lat1,lng1,lat2,lng2,kind
-33.747690,-53.382752,-33.746908,-53.382517,BRIDGE
-33.689669,-53.439240,-33.689524,-53.438197,BRIDGE
-33.688995,-53.533011,-33.689075,-53.531436,BRIDGE
-33.688886,-53.534993,-33.688917,-53.534422,BRIDGE
-33.677401,-53.555463,-33.677298,-53.555497,BRIDGE
-33.672364,-53.444412,-33.672225,-53.444324,TUNNEL
-33.664456,-53.258384,-33.664384,-53.258295,BRIDGE
-33.639448,-53.349556,-33.639600,-53.349296,BRIDGE
-33.627404,-53.343682,-33.627488,-53.343557,BRIDGE
-33.601628,-53.329268,-33.601525,-53.329394,BRIDGE
-33.591617,-53.340943,-33.591333,-53.341203,BRIDGE
-33.527291,-53.367003,-33.527419,-53.367085,BRIDGE
-33.513472,-53.205510,-33.513277,-53.205793,BRIDGE
-33.509782,-53.192161,-33.509976,-53.192315,BRIDGE
-33.501427,-53.427491,-33.501466,-53.427401,BRIDGE
-33.501208,-53.150247,-33.500979,-53.149973,BRIDGE
-33.497888,-53.333838,-33.497790,-53.333742,BRIDGE
-33.493119,-53.275125,-33.493124,-53.275447,BRIDGE
-33.491925,-53.171929,-33.492073,-53.172112,BRIDGE
-33.486485,-53.320239,-33.486409,-53.320154,BRIDGE
-33.482964,-53.316962,-33.483035,-53.316581,BRIDGE
-33.390210,-53.170788,-33.390119,-53.170989,BRIDGE
-33.257589,-53.135866,-33.257505,-53.135705,BRIDGE
-33.207627,-53.051844,-33.207571,-53.051871,BRIDGE
-33.206715,-52.994228,-33.206772,-52.993972,BRIDGE
-33.204208,-53.249407,-33.204292,-53.249336,BRIDGE
-33.177377,-52.969482,-33.177157,-52.969651,BRIDGE
-33.173983,-53.014068,-33.173940,-53.014108,BRIDGE
-33.164262,-53.116460,-33.164190,-53.116619,BRIDGE
-33.111356,-53.029717,-33.111751,-53.029208,BRIDGE
-33.078025,-53.177146,-33.077920,-53.176959,BRIDGE
-33.061583,-52.841715,-33.061652,-52.841806,BRIDGE
-33.055529,-53.201109,-33.055405,-53.201036,BRIDGE
-33.049066,-52.833671,-33.049207,-52.833777,BRIDGE
-33.042919,-52.845098,-33.043007,-52.845121,BRIDGE
-33.003939,-53.096106,-33.004087,-53.096071,BRIDGE
-32.648090,-52.487868,-32.648194,-52.487894,BRIDGE
-32.583056,-53.375872,-32.582513,-53.375831,BRIDGE
-32.580384,-53.375665,-32.572337,-53.376870,BRIDGE
-32.573753,-53.377520,-32.572337,-53.376870,BRIDGE
-32.572337,-53.376870,-32.571170,-53.377600,BRIDGE
-32.571211,-53.377647,-32.572337,-53.376870,BRIDGE
-32.571170,-53.377600,-32.568107,-53.379664,BRIDGE
-32.569743,-53.378413,-32.569846,-53.378712,TUNNEL
-32.568134,-53.379726,-32.571211,-53.377647,BRIDGE
-32.553492,-53.412352,-32.553262,-53.412450,BRIDGE
-32.549016,-53.234113,-32.549033,-53.233996,BRIDGE
-32.546066,-52.517674,-32.545833,-52.517840,BRIDGE
-32.535999,-53.248748,-32.536230,-53.249060,BRIDGE
-32.527827,-53.398656,-32.527719,-53.398769,BRIDGE
-32.527781,-53.350655,-32.528077,-53.350977,BRIDGE
-32.522268,-53.219495,-32.522427,-53.219670,BRIDGE
-32.517960,-53.250578,-32.517864,-53.250468,BRIDGE
-32.516584,-52.494945,-32.516637,-52.495118,BRIDGE
-32.516220,-53.387949,-32.516011,-53.388013,BRIDGE
-32.502022,-53.362550,-32.501727,-53.362560,BRIDGE
-32.490970,-53.129912,-32.491003,-53.129804,BRIDGE
-32.482644,-53.300192,-32.482598,-53.300158,BRIDGE
-32.467497,-53.144383,-32.467442,-53.144339,BRIDGE
-32.465886,-53.285991,-32.466229,-53.286265,BRIDGE
-32.463526,-53.054864,-32.463581,-53.054966,BRIDGE
-32.463073,-53.479851,-32.463140,-53.480075,BRIDGE
-32.461378,-53.452760,-32.461415,-53.452178,BRIDGE
-32.452456,-53.272839,-32.452700,-53.273160,BRIDGE
-32.445665,-53.298634,-32.445618,-53.298530,BRIDGE
-32.428946,-53.059546,-32.429039,-53.059452,BRIDGE
-32.427094,-53.088642,-32.427055,-53.088569,BRIDGE
-32.417635,-53.115380,-32.417549,-53.115445,BRIDGE
-32.412021,-53.055002,-32.411834,-53.054623,BRIDGE
-32.399338,-53.607415,-32.399197,-53.607364,BRIDGE
-32.397283,-53.522293,-32.397362,-53.522505,BRIDGE
-32.386988,-53.415797,-32.386873,-53.415966,BRIDGE
-32.381696,-52.355314,-32.381583,-52.355312,BRIDGE
-32.380189,-53.098690,-32.380050,-53.098562,BRIDGE
-32.372390,-53.443216,-32.372211,-53.443516,BRIDGE
-32.369572,-53.188182,-32.370233,-53.188831,BRIDGE
-32.366037,-53.197710,-32.365947,-53.197544,BRIDGE
-32.361273,-53.251860,-32.361109,-53.251880,BRIDGE
-32.360370,-52.900288,-32.360300,-52.900613,BRIDGE
-32.359611,-52.903274,-32.359561,-52.903510,BRIDGE
-32.334010,-52.541699,-32.334601,-52.541841,BRIDGE
-32.328817,-53.631758,-32.328660,-53.631863,BRIDGE
-32.326612,-53.259206,-32.326428,-53.259191,BRIDGE
-32.309950,-53.535647,-32.309895,-53.535521,BRIDGE
-32.299953,-53.485943,-32.299703,-53.485638,BRIDGE
-32.298735,-53.481613,-32.298813,-53.481255,BRIDGE
-32.286240,-52.489646,-32.286190,-52.489737,BRIDGE
-32.280597,-53.400786,-32.280679,-53.400276,BRIDGE
-32.262768,-53.657298,-32.262418,-53.657200,BRIDGE
-32.258508,-53.026653,-32.258478,-53.026473,BRIDGE
-32.256684,-52.504589,-32.256753,-52.504511,BRIDGE
-32.255974,-53.375911,-32.256254,-53.375705,BRIDGE
-32.255185,-53.080849,-32.256088,-53.081769,BRIDGE
-32.252871,-53.094530,-32.252424,-53.094668,BRIDGE
-32.248777,-52.494736,-32.248695,-52.494826,BRIDGE
-32.244932,-52.490794,-32.244991,-52.490617,BRIDGE
-32.239646,-53.090152,-32.238783,-53.089095,BRIDGE
-32.213701,-53.370847,-32.213694,-53.370585,BRIDGE
-32.206830,-52.183655,-32.206871,-52.183608,BRIDGE
-32.206435,-52.181251,-32.206532,-52.181376,BRIDGE
-32.204549,-52.982632,-32.204459,-52.982388,BRIDGE
-32.202922,-52.975141,-32.202865,-52.974846,BRIDGE
-32.200883,-53.659605,-32.200836,-53.659682,BRIDGE
-32.198687,-52.170714,-32.198754,-52.170775,BRIDGE
-32.196097,-53.120789,-32.196013,-53.121107,BRIDGE
-32.189179,-53.306758,-32.189235,-53.306697,BRIDGE
-32.186254,-53.192246,-32.184978,-53.192348,BRIDGE
-32.176485,-52.991844,-32.177683,-52.992801,BRIDGE
-32.175086,-52.910622,-32.175040,-52.910503,BRIDGE
-32.170227,-52.986876,-32.170355,-52.986979,BRIDGE
-32.165577,-53.011074,-32.165477,-53.010884,BRIDGE
-32.164716,-53.009858,-32.164602,-53.009892,BRIDGE
-32.163519,-53.628349,-32.164046,-53.629100,BRIDGE
-32.162687,-52.879766,-32.162630,-52.879668,BRIDGE
-32.160353,-52.188461,-32.160390,-52.188407,BRIDGE
-32.160332,-52.188355,-32.160295,-52.188408,BRIDGE
-32.158875,-53.219487,-32.158733,-53.219626,BRIDGE
-32.150927,-53.039366,-32.150779,-53.039377,BRIDGE
-32.147586,-53.703021,-32.147691,-53.703263,BRIDGE
-32.136944,-52.955618,-32.137291,-52.955874,BRIDGE
-32.132461,-53.274209,-32.132613,-53.274550,BRIDGE
-32.131289,-52.407350,-32.131280,-52.407141,BRIDGE
-32.127795,-53.062983,-32.128051,-53.063265,BRIDGE
-32.127275,-53.240210,-32.127317,-53.240272,BRIDGE
-32.127231,-53.240154,-32.127275,-53.240210,BRIDGE
-32.121679,-52.940692,-32.121932,-52.941117,BRIDGE
-32.117288,-52.175664,-32.117144,-52.175549,BRIDGE
-32.116430,-53.380229,-32.116225,-53.380142,BRIDGE
-32.113611,-52.157680,-32.113193,-52.157892,BRIDGE
-32.113273,-52.158093,-32.113687,-52.157898,BRIDGE
-32.112025,-52.868026,-32.112038,-52.867720,BRIDGE
-32.107518,-52.220038,-32.107598,-52.220112,BRIDGE
-32.106974,-52.795671,-32.107071,-52.796308,BRIDGE
-32.104622,-52.166145,-32.104533,-52.166089,BRIDGE
-32.104422,-52.166320,-32.104548,-52.166398,BRIDGE
-32.101678,-53.031078,-32.101665,-53.030802,BRIDGE
-32.100574,-52.164108,-32.100952,-52.164291,BRIDGE
-32.096714,-52.250967,-32.096687,-52.250952,BRIDGE
-32.091764,-52.197406,-32.091850,-52.197515,BRIDGE
-32.088691,-52.220840,-32.088742,-52.220238,BRIDGE
-32.088485,-52.220377,-32.088357,-52.221656,BRIDGE
-32.086239,-52.695325,-32.086358,-52.694727,BRIDGE
-32.085117,-52.284397,-32.084855,-52.284259,BRIDGE
-32.083481,-52.203012,-32.083586,-52.203205,BRIDGE
-32.081833,-53.053902,-32.082054,-53.053865,BRIDGE
-32.081275,-52.198733,-32.081318,-52.198697,BRIDGE
-32.078013,-53.568702,-32.077711,-53.569216,BRIDGE
-32.076997,-52.253397,-32.076908,-52.253365,BRIDGE
-32.076790,-52.252600,-32.076887,-52.252504,BRIDGE
-32.073380,-52.262805,-32.072761,-52.262024,BRIDGE
-32.073270,-52.160941,-32.073268,-52.160883,TUNNEL
-32.073255,-52.160893,-32.073255,-52.160931,TUNNEL
-32.072721,-52.262123,-32.073250,-52.262784,BRIDGE
-32.065949,-52.337746,-32.066202,-52.337905,BRIDGE
-32.061983,-53.717123,-32.062010,-53.717407,BRIDGE
-32.058740,-52.818568,-32.058847,-52.818667,BRIDGE
-32.058096,-51.998453,-32.058172,-51.998457,BRIDGE
-32.057838,-52.087931,-32.059939,-52.088624,BRIDGE
-32.054934,-52.246546,-32.055040,-52.246699,BRIDGE
-32.049273,-53.409504,-32.049494,-53.409856,BRIDGE
-32.044696,-52.856662,-32.045159,-52.857109,BRIDGE
-32.043666,-53.083561,-32.043716,-53.083725,BRIDGE
-32.042527,-52.102077,-32.042480,-52.101960,BRIDGE
-32.041979,-52.102420,-32.041935,-52.102302,BRIDGE
-32.041683,-52.102611,-32.041585,-52.102503,BRIDGE
-32.041629,-52.102663,-32.041505,-52.102532,BRIDGE
-32.041305,-52.102796,-32.041226,-52.102714,BRIDGE
-32.041029,-52.102964,-32.040983,-52.102856,BRIDGE
-32.037025,-53.412455,-32.037518,-53.412546,BRIDGE
-32.034740,-52.199895,-32.035502,-52.200299,BRIDGE
-32.032860,-52.198956,-32.034095,-52.199625,BRIDGE
-32.031056,-52.108805,-32.030966,-52.108744,BRIDGE
-32.030764,-52.287571,-32.029601,-52.287589,BRIDGE
-32.029315,-52.287822,-32.030321,-52.287815,BRIDGE
-32.023694,-52.034163,-32.023636,-52.034230,BRIDGE
-32.013503,-53.427029,-32.013388,-53.427542,BRIDGE
-31.988077,-53.381930,-31.987686,-53.381903,BRIDGE
-31.987581,-52.244008,-31.987363,-52.243928,BRIDGE
-31.982575,-52.703863,-31.982686,-52.704128,BRIDGE
-31.981974,-53.657965,-31.982045,-53.658176,BRIDGE
-31.976518,-53.104028,-31.976796,-53.104163,BRIDGE
-31.967807,-52.699880,-31.967993,-52.699823,BRIDGE
-31.965719,-53.106078,-31.965525,-53.105842,BRIDGE
-31.961511,-53.554734,-31.961493,-53.554423,BRIDGE
-31.950527,-53.719677,-31.950489,-53.719580,BRIDGE
-31.941809,-52.756130,-31.942322,-52.756631,BRIDGE
-31.938423,-52.310877,-31.937411,-52.311058,BRIDGE
-31.937435,-52.311286,-31.938432,-52.311109,BRIDGE
-31.930794,-53.485517,-31.931145,-53.485597,BRIDGE
-31.919423,-53.599846,-31.919571,-53.599945,BRIDGE
-31.919420,-52.480950,-31.919663,-52.481220,BRIDGE
-31.917019,-53.787756,-31.916739,-53.787459,BRIDGE
-31.915312,-53.865452,-31.915512,-53.865634,BRIDGE
-31.915173,-53.004141,-31.915294,-53.004334,BRIDGE
-31.911735,-53.855238,-31.911459,-53.855463,BRIDGE
-31.909721,-53.028171,-31.909914,-53.028093,BRIDGE
-31.908250,-52.926584,-31.908297,-52.927000,BRIDGE
-31.907586,-53.597151,-31.907577,-53.597012,BRIDGE
-31.903637,-53.025762,-31.903612,-53.025695,BRIDGE
-31.899662,-53.642762,-31.899735,-53.642713,BRIDGE
-31.897615,-52.660534,-31.901372,-52.663392,BRIDGE
-31.887340,-52.932311,-31.887147,-52.932286,BRIDGE
-31.887121,-52.931545,-31.887194,-52.931394,BRIDGE
-31.883919,-53.709269,-31.883975,-53.709064,BRIDGE
-31.879810,-52.930791,-31.879896,-52.930977,BRIDGE
-31.875265,-54.054060,-31.875371,-54.054865,BRIDGE
-31.875230,-53.027884,-31.875512,-53.027480,BRIDGE
-31.874960,-52.815931,-31.875316,-52.815780,BRIDGE
-31.874151,-54.047199,-31.874280,-54.048004,BRIDGE
-31.867311,-53.296790,-31.867500,-53.296541,BRIDGE
-31.864905,-53.268664,-31.865181,-53.267817,BRIDGE
-31.862789,-53.991661,-31.862705,-53.991549,BRIDGE
-31.860610,-52.838670,-31.859976,-52.839194,BRIDGE
-31.859022,-52.816099,-31.861528,-52.817516,BRIDGE
-31.855562,-52.324013,-31.855574,-52.323902,BRIDGE
-31.854275,-52.692564,-31.854487,-52.693580,BRIDGE
-31.853772,-52.585533,-31.854138,-52.586213,BRIDGE
-31.852999,-52.794366,-31.853053,-52.794613,BRIDGE
-31.847828,-53.754461,-31.847976,-53.754738,BRIDGE
-31.841023,-52.327717,-31.840753,-52.327764,BRIDGE
-31.840797,-52.328000,-31.841061,-52.327955,BRIDGE
-31.834786,-54.210479,-31.834864,-54.210358,BRIDGE
-31.834010,-53.856825,-31.833280,-53.856825,BRIDGE
-31.832928,-53.453925,-31.833222,-53.453683,BRIDGE
-31.831070,-53.743350,-31.830908,-53.743312,BRIDGE
-31.827756,-52.327800,-31.827472,-52.327705,BRIDGE
-31.827563,-52.706185,-31.827503,-52.706285,BRIDGE
-31.827438,-52.327936,-31.827700,-52.328025,BRIDGE
-31.826641,-53.448236,-31.826382,-53.447860,BRIDGE
-31.822180,-53.500648,-31.822125,-53.500355,BRIDGE
-31.820729,-53.039448,-31.820762,-53.039461,BRIDGE
-31.819663,-53.784496,-31.819725,-53.784514,BRIDGE
-31.817971,-52.324534,-31.817727,-52.324454,BRIDGE
-31.817680,-52.324687,-31.817938,-52.324773,BRIDGE
-31.815711,-54.037766,-31.815794,-54.037722,BRIDGE
-31.808237,-52.420568,-31.808544,-52.420936,BRIDGE
-31.807518,-53.906091,-31.808308,-53.905643,BRIDGE
-31.807448,-53.023846,-31.807601,-53.023975,BRIDGE
-31.806384,-54.006552,-31.806345,-54.006582,BRIDGE
-31.806289,-54.006462,-31.806335,-54.006422,BRIDGE
-31.799434,-53.098700,-31.799070,-53.098668,BRIDGE
-31.797836,-54.156612,-31.797944,-54.156614,BRIDGE
-31.796519,-52.339596,-31.797079,-52.338825,BRIDGE
-31.796468,-52.338848,-31.795869,-52.339681,BRIDGE
-31.794040,-54.156616,-31.794216,-54.156607,BRIDGE
-31.793152,-52.343420,-31.787222,-52.351560,BRIDGE
-31.791805,-54.131333,-31.792008,-54.131232,BRIDGE
-31.789718,-53.463761,-31.789847,-53.464081,BRIDGE
-31.788841,-54.284300,-31.788909,-54.284195,BRIDGE
-31.787364,-52.352223,-31.793503,-52.343799,BRIDGE
-31.786621,-54.276094,-31.786366,-54.276448,BRIDGE
-31.785694,-53.311416,-31.785692,-53.311829,BRIDGE
-31.783627,-53.209279,-31.783716,-53.209198,BRIDGE
-31.783625,-53.177979,-31.784044,-53.177992,BRIDGE
-31.782395,-52.469032,-31.782853,-52.469675,BRIDGE
-31.779643,-52.326295,-31.779691,-52.326346,BRIDGE
-31.779449,-52.752648,-31.779321,-52.752633,BRIDGE
-31.778911,-53.074493,-31.778973,-53.074247,BRIDGE
-31.776852,-52.358140,-31.779824,-52.359169,BRIDGE
-31.776526,-52.318149,-31.776606,-52.318256,BRIDGE
-31.774503,-52.359984,-31.773579,-52.360694,BRIDGE
-31.773949,-52.360657,-31.774972,-52.360004,BRIDGE
-31.773291,-53.295996,-31.773344,-53.295974,BRIDGE
-31.772761,-52.331388,-31.772785,-52.331211,BRIDGE
-31.771061,-52.307247,-31.771152,-52.307176,BRIDGE
-31.770381,-52.358869,-31.770227,-52.359353,BRIDGE
-31.768109,-53.131940,-31.768252,-53.131972,BRIDGE
-31.767749,-52.331587,-31.767756,-52.331734,BRIDGE
-31.767194,-52.448060,-31.767472,-52.448451,BRIDGE
-31.766149,-52.352205,-31.766193,-52.352056,TUNNEL
-31.766073,-54.156052,-31.766159,-54.156054,BRIDGE
-31.765510,-52.325205,-31.765383,-52.325151,BRIDGE
-31.765502,-52.325241,-31.765380,-52.325186,BRIDGE
-31.764388,-52.388715,-31.763913,-52.389738,BRIDGE
-31.764104,-52.389908,-31.764467,-52.389163,BRIDGE
-31.763590,-52.315225,-31.763545,-52.315081,BRIDGE
-31.763447,-52.315150,-31.763487,-52.315279,BRIDGE
-31.762215,-53.345339,-31.762393,-53.345137,BRIDGE
-31.761678,-52.316163,-31.761626,-52.316002,BRIDGE
-31.760994,-52.402711,-31.760815,-52.402666,BRIDGE
-31.760815,-52.402666,-31.760644,-52.402622,BRIDGE
-31.760800,-52.402723,-31.760977,-52.402775,BRIDGE
-31.760615,-52.402670,-31.760800,-52.402723,BRIDGE
-31.758861,-52.332729,-31.758834,-52.332666,TUNNEL
-31.757724,-52.353388,-31.757784,-52.353254,BRIDGE
-31.757143,-52.488080,-31.757570,-52.488774,BRIDGE
-31.756969,-52.356345,-31.756747,-52.355694,BRIDGE
-31.756750,-52.400019,-31.756052,-52.400502,BRIDGE
-31.756504,-52.355744,-31.756758,-52.356468,BRIDGE
-31.756240,-52.359292,-31.755342,-52.359817,TUNNEL
-31.756155,-52.400729,-31.756868,-52.400227,BRIDGE
-31.755830,-52.474652,-31.755430,-52.474713,BRIDGE
-31.753376,-52.286393,-31.753240,-52.287320,BRIDGE
-31.753321,-52.287371,-31.753469,-52.286390,BRIDGE
-31.753292,-52.330446,-31.753343,-52.330329,BRIDGE
-31.752133,-53.763440,-31.752243,-53.763548,BRIDGE
-31.751378,-52.329321,-31.751423,-52.329233,BRIDGE
-31.750602,-53.160930,-31.750774,-53.161145,BRIDGE
-31.748927,-52.413941,-31.749263,-52.414775,BRIDGE
-31.747520,-53.930514,-31.747397,-53.930160,BRIDGE
-31.747296,-52.486400,-31.747152,-52.487113,BRIDGE
-31.746094,-53.082984,-31.745968,-53.082977,BRIDGE
-31.745953,-52.405735,-31.745379,-52.405845,BRIDGE
-31.745389,-52.405953,-31.745984,-52.405827,BRIDGE
-31.745366,-52.284081,-31.745341,-52.283957,BRIDGE
-31.743499,-53.906930,-31.743177,-53.907299,BRIDGE
-31.743332,-53.304606,-31.743393,-53.304568,BRIDGE
-31.742903,-53.400022,-31.742801,-53.399884,BRIDGE
-31.742455,-52.398719,-31.741962,-52.399048,BRIDGE
-31.742175,-52.399308,-31.742684,-52.399061,BRIDGE
-31.740861,-52.362722,-31.741087,-52.363456,BRIDGE
-31.740714,-52.735296,-31.740726,-52.735756,BRIDGE
-31.740696,-52.734710,-31.740714,-52.735296,BRIDGE
-31.740623,-52.353994,-31.740654,-52.353814,BRIDGE
-31.740577,-52.353768,-31.740542,-52.353934,BRIDGE
-31.738718,-52.290295,-31.738592,-52.290116,BRIDGE
-31.735409,-52.393017,-31.734846,-52.392549,BRIDGE
-31.734793,-52.392641,-31.735350,-52.393112,BRIDGE
-31.732737,-52.748697,-31.732602,-52.748620,BRIDGE
-31.730211,-54.177384,-31.730274,-54.177233,BRIDGE
-31.727924,-52.366740,-31.727878,-52.366532,BRIDGE
-31.727469,-52.562895,-31.727673,-52.563072,BRIDGE
-31.725699,-54.027704,-31.725988,-54.027146,BRIDGE
-31.725633,-52.384471,-31.725136,-52.385095,BRIDGE
-31.725208,-52.385181,-31.725734,-52.384533,BRIDGE
-31.722099,-52.992623,-31.721925,-52.992275,BRIDGE
-31.719501,-52.279139,-31.719412,-52.278948,BRIDGE
-31.719029,-52.898935,-31.717526,-52.902088,BRIDGE
-31.718822,-52.901763,-31.719310,-52.900740,BRIDGE
-31.718392,-53.898923,-31.718361,-53.899291,BRIDGE
-31.715685,-52.375835,-31.715277,-52.375431,BRIDGE
-31.715244,-52.307393,-31.715097,-52.307252,BRIDGE
-31.715220,-52.375523,-31.715626,-52.375915,BRIDGE
-31.715087,-52.773715,-31.714881,-52.773492,BRIDGE
-31.714808,-53.388405,-31.714584,-53.388519,BRIDGE
-31.713868,-52.476765,-31.713988,-52.477079,BRIDGE
-31.708529,-52.916418,-31.708374,-52.916339,BRIDGE
-31.708451,-53.387025,-31.708168,-53.387084,BRIDGE
-31.707825,-53.126632,-31.707491,-53.126850,BRIDGE
-31.707504,-52.367898,-31.706764,-52.367172,BRIDGE
-31.706716,-52.367269,-31.707457,-52.367989,BRIDGE
-31.706671,-52.163118,-31.706782,-52.163312,BRIDGE
-31.705843,-52.503147,-31.706619,-52.503651,BRIDGE
-31.704492,-54.311290,-31.704552,-54.311174,BRIDGE
-31.701555,-52.783380,-31.701617,-52.783608,BRIDGE
-31.700827,-52.875396,-31.701103,-52.875410,BRIDGE
-31.700638,-54.139139,-31.700552,-54.139614,BRIDGE
-31.700572,-52.378725,-31.700458,-52.378998,BRIDGE
-31.700171,-54.141619,-31.700127,-54.141901,BRIDGE
-31.697590,-52.792141,-31.697650,-52.792307,BRIDGE
-31.696406,-52.358381,-31.696534,-52.358257,BRIDGE
-31.696030,-52.721609,-31.696024,-52.721874,BRIDGE
-31.695771,-53.380989,-31.695692,-53.380737,BRIDGE
-31.695762,-52.356498,-31.695197,-52.355955,BRIDGE
-31.695148,-52.356041,-31.695708,-52.356582,BRIDGE
-31.694240,-52.290818,-31.694182,-52.290694,BRIDGE
-31.694033,-52.703474,-31.693860,-52.703842,BRIDGE
-31.692967,-52.292984,-31.692844,-52.292909,BRIDGE
-31.692401,-52.876237,-31.692595,-52.876096,BRIDGE
-31.691788,-53.018553,-31.691601,-53.019770,BRIDGE
-31.690059,-52.544824,-31.690346,-52.544742,BRIDGE
-31.688285,-53.221008,-31.688349,-53.221249,BRIDGE
-31.685198,-52.703831,-31.685120,-52.703633,BRIDGE
-31.684791,-53.496337,-31.684712,-53.496638,BRIDGE
-31.681935,-52.681596,-31.681778,-52.681876,BRIDGE
-31.681226,-52.579413,-31.681192,-52.579357,BRIDGE
-31.681192,-52.579357,-31.681153,-52.579295,BRIDGE
-31.679235,-52.342500,-31.678523,-52.342238,BRIDGE
-31.678472,-52.342443,-31.679211,-52.342704,BRIDGE
-31.678049,-52.571946,-31.677788,-52.571907,BRIDGE
-31.675770,-53.321734,-31.675831,-53.321516,BRIDGE
-31.675586,-52.455357,-31.675328,-52.455534,BRIDGE
-31.673237,-52.501035,-31.673254,-52.501275,BRIDGE
-31.673090,-52.553257,-31.673050,-52.553169,BRIDGE
-31.673066,-52.550987,-31.673110,-52.551320,BRIDGE
-31.671894,-52.215463,-31.671612,-52.215089,BRIDGE
-31.671374,-52.671120,-31.671490,-52.671048,BRIDGE
-31.670737,-52.888439,-31.670868,-52.888325,BRIDGE
-31.663713,-53.419701,-31.663656,-53.419587,BRIDGE
-31.663710,-54.314106,-31.663625,-54.314139,BRIDGE
-31.663190,-52.654011,-31.663161,-52.653957,BRIDGE
-31.662898,-52.898428,-31.662611,-52.898782,BRIDGE
-31.662217,-54.043089,-31.662288,-54.043414,BRIDGE
-31.657872,-53.590199,-31.657777,-53.590205,BRIDGE
-31.656773,-54.317126,-31.656620,-54.317195,BRIDGE
-31.656429,-52.208199,-31.656380,-52.208380,BRIDGE
-31.651337,-53.446058,-31.650851,-53.446137,BRIDGE
-31.651170,-52.336417,-31.650411,-52.336265,BRIDGE
-31.650376,-52.336497,-31.651113,-52.336668,BRIDGE
-31.650312,-53.045904,-31.650506,-53.046193,BRIDGE
-31.649406,-53.338787,-31.649479,-53.338733,BRIDGE
-31.646440,-52.643282,-31.646379,-52.643494,BRIDGE
-31.645954,-52.559868,-31.646023,-52.559860,BRIDGE
-31.644313,-52.510824,-31.644154,-52.511108,BRIDGE
-31.643990,-53.209955,-31.644085,-53.209880,BRIDGE
-31.639221,-52.627032,-31.639386,-52.626940,BRIDGE
-31.638908,-53.466291,-31.638883,-53.466149,BRIDGE
-31.638213,-52.491038,-31.637959,-52.491254,BRIDGE
-31.638149,-53.049574,-31.638105,-53.049688,BRIDGE
-31.636492,-53.216897,-31.636481,-53.217263,BRIDGE
-31.636022,-53.131454,-31.635880,-53.131401,BRIDGE
-31.635565,-52.658267,-31.635556,-52.658441,BRIDGE
-31.635432,-52.555256,-31.635360,-52.555069,BRIDGE
-31.633497,-53.454441,-31.633419,-53.454251,BRIDGE
-31.632296,-52.699783,-31.632403,-52.699555,BRIDGE
-31.632235,-52.157092,-31.632148,-52.156873,BRIDGE
-31.631599,-52.326368,-31.630047,-52.324300,BRIDGE
-31.629903,-52.324460,-31.631454,-52.326529,BRIDGE
-31.628990,-52.128969,-31.629071,-52.129310,BRIDGE
-31.628265,-52.622862,-31.628377,-52.622680,BRIDGE
-31.627526,-52.320366,-31.626730,-52.321179,BRIDGE
-31.627247,-52.514555,-31.627105,-52.514849,BRIDGE
-31.625639,-53.117744,-31.625563,-53.117702,BRIDGE
-31.624589,-53.367847,-31.624476,-53.367849,BRIDGE
-31.623825,-52.619290,-31.623700,-52.619026,BRIDGE
-31.623270,-52.709688,-31.623239,-52.709451,BRIDGE
-31.622830,-52.525628,-31.622708,-52.525525,BRIDGE
-31.620556,-53.162324,-31.620797,-53.162450,BRIDGE
-31.619624,-52.654889,-31.619646,-52.654563,BRIDGE
-31.619476,-53.384620,-31.619584,-53.384741,BRIDGE
-31.614113,-54.145002,-31.614251,-54.145032,BRIDGE
-31.612436,-52.586828,-31.612465,-52.586652,BRIDGE
-31.609276,-52.709353,-31.609227,-52.709225,BRIDGE
-31.608768,-53.998343,-31.608671,-53.998377,BRIDGE
-31.608730,-52.706292,-31.608885,-52.706187,BRIDGE
-31.608281,-52.649800,-31.608192,-52.650001,BRIDGE
-31.607578,-53.256781,-31.607653,-53.256949,BRIDGE
-31.605656,-52.806279,-31.605762,-52.806405,BRIDGE
-31.605046,-52.559242,-31.605038,-52.559103,BRIDGE
-31.604467,-53.460009,-31.604310,-53.459874,BRIDGE
-31.604435,-52.488651,-31.604296,-52.488647,BRIDGE
-31.603281,-53.079833,-31.603269,-53.079535,BRIDGE
-31.603133,-53.628559,-31.602783,-53.628425,BRIDGE
-31.602077,-52.433998,-31.601927,-52.433988,BRIDGE
-31.601219,-52.697843,-31.601373,-52.698102,BRIDGE
-31.600049,-53.451112,-31.600024,-53.450935,BRIDGE
-31.598051,-52.857524,-31.598002,-52.857343,BRIDGE
-31.597867,-52.856844,-31.597787,-52.856589,BRIDGE
-31.597289,-52.582339,-31.597164,-52.582204,BRIDGE
-31.595473,-52.533967,-31.595246,-52.533795,BRIDGE
-31.593773,-53.743170,-31.593707,-53.743484,BRIDGE
-31.592968,-52.411390,-31.592484,-52.411500,BRIDGE
-31.592901,-52.870546,-31.592893,-52.870371,BRIDGE
-31.591421,-52.530800,-31.590979,-52.531180,BRIDGE
-31.591339,-52.236049,-31.591506,-52.236123,BRIDGE
-31.589853,-52.473786,-31.589851,-52.473628,BRIDGE
-31.587375,-52.578527,-31.587256,-52.578505,BRIDGE
-31.586999,-52.529344,-31.586855,-52.529653,BRIDGE
-31.586201,-52.698435,-31.586031,-52.698343,BRIDGE
-31.583488,-52.241418,-31.583136,-52.241236,BRIDGE
-31.582784,-52.943953,-31.582898,-52.943843,BRIDGE
-31.581886,-52.938344,-31.581644,-52.938593,BRIDGE
-31.581453,-53.691607,-31.581595,-53.691722,BRIDGE
-31.581344,-52.442660,-31.581255,-52.442764,BRIDGE
-31.579625,-52.669596,-31.579757,-52.669500,BRIDGE
-31.578578,-53.936402,-31.578620,-53.936144,BRIDGE
-31.578188,-52.535540,-31.577813,-52.535713,BRIDGE
-31.577376,-52.238034,-31.577454,-52.238117,BRIDGE
-31.576637,-52.459894,-31.576415,-52.460097,BRIDGE
-31.576512,-53.673152,-31.576213,-53.672751,BRIDGE
-31.575938,-53.273300,-31.575769,-53.273428,BRIDGE
-31.575780,-53.767371,-31.575512,-53.766749,BRIDGE
-31.574500,-52.480309,-31.574411,-52.480513,BRIDGE
-31.574034,-52.626196,-31.573916,-52.626373,BRIDGE
-31.572861,-52.462800,-31.573463,-52.462814,BRIDGE
-31.572375,-52.263109,-31.571787,-52.262509,BRIDGE
-31.572023,-53.761306,-31.572111,-53.761247,BRIDGE
-31.571742,-52.562327,-31.571564,-52.561871,BRIDGE
-31.571635,-52.262660,-31.571979,-52.263015,BRIDGE
-31.571369,-53.757511,-31.571426,-53.757525,BRIDGE
-31.570877,-52.805967,-31.570686,-52.805918,BRIDGE
-31.570163,-52.770644,-31.570349,-52.770829,BRIDGE
-31.569713,-52.493123,-31.569889,-52.492889,BRIDGE
-31.569658,-52.936385,-31.569723,-52.936524,BRIDGE
-31.569433,-52.760586,-31.569496,-52.760721,BRIDGE
-31.569402,-53.662169,-31.569542,-53.661919,BRIDGE
-31.569169,-52.809744,-31.569302,-52.809660,BRIDGE
-31.566668,-54.182536,-31.566609,-54.182406,BRIDGE
-31.565259,-54.518832,-31.565327,-54.518779,BRIDGE
-31.565135,-52.699924,-31.565226,-52.700087,BRIDGE
-31.564638,-52.617399,-31.564753,-52.617459,BRIDGE
-31.564485,-52.457998,-31.564740,-52.458250,BRIDGE
-31.564472,-52.596692,-31.564448,-52.596754,BRIDGE
-31.562133,-52.860998,-31.562092,-52.861108,BRIDGE
-31.561908,-52.861655,-31.561899,-52.861793,BRIDGE
-31.561580,-52.597374,-31.561613,-52.597454,BRIDGE
-31.561546,-52.546894,-31.560877,-52.547325,BRIDGE
-31.560399,-52.515808,-31.560078,-52.515555,BRIDGE
-31.560390,-53.251989,-31.560300,-53.252133,BRIDGE
-31.559949,-52.233548,-31.559969,-52.233483,BRIDGE
-31.559794,-52.234055,-31.559814,-52.233989,BRIDGE
-31.559692,-52.837201,-31.559653,-52.837007,BRIDGE
-31.559668,-52.821639,-31.559894,-52.821665,BRIDGE
-31.559422,-52.543643,-31.559322,-52.543943,BRIDGE
-31.556844,-52.818406,-31.556769,-52.818247,BRIDGE
-31.556543,-52.820515,-31.556627,-52.820141,BRIDGE
-31.555142,-52.930521,-31.555273,-52.930410,BRIDGE
-31.555016,-53.227099,-31.555272,-53.227119,BRIDGE
-31.553657,-53.049479,-31.554327,-53.048470,BRIDGE
-31.553313,-52.378960,-31.553004,-52.378880,BRIDGE
-31.553238,-53.137847,-31.553338,-53.137807,BRIDGE
-31.552351,-52.612899,-31.552514,-52.612862,BRIDGE
-31.552282,-52.585775,-31.552532,-52.585903,BRIDGE
-31.551877,-53.745983,-31.551996,-53.745792,BRIDGE
-31.550755,-52.871782,-31.550573,-52.871874,BRIDGE
-31.549681,-53.772018,-31.549613,-53.771868,BRIDGE
-31.549356,-52.699044,-31.549325,-52.698821,BRIDGE
-31.548187,-52.426496,-31.547931,-52.427096,BRIDGE
-31.547711,-52.925175,-31.547720,-52.925280,BRIDGE
-31.546290,-52.462637,-31.546280,-52.462933,BRIDGE
-31.545337,-53.135554,-31.545059,-53.135433,BRIDGE
-31.543067,-52.816475,-31.542937,-52.816391,BRIDGE
-31.541213,-53.669809,-31.541159,-53.670414,BRIDGE
-31.539466,-52.534545,-31.539657,-52.534605,BRIDGE
-31.539056,-52.573836,-31.539131,-52.573963,BRIDGE
-31.538544,-53.184401,-31.538637,-53.184649,BRIDGE
-31.538221,-52.917804,-31.538257,-52.917873,BRIDGE
-31.536933,-52.465858,-31.536801,-52.465932,BRIDGE
-31.536797,-53.133795,-31.536731,-53.133642,BRIDGE
-31.535798,-53.832854,-31.536029,-53.832455,BRIDGE
-31.535691,-52.637759,-31.535647,-52.637884,BRIDGE
-31.534789,-52.913691,-31.534719,-52.913668,BRIDGE
-31.532301,-52.423872,-31.532119,-52.423794,BRIDGE
-31.530062,-52.474901,-31.530343,-52.474824,BRIDGE
-31.526808,-52.818187,-31.526736,-52.818125,BRIDGE
-31.526174,-52.548333,-31.526137,-52.548146,BRIDGE
-31.525481,-52.877159,-31.525426,-52.877098,BRIDGE
-31.525066,-52.198682,-31.525118,-52.198714,BRIDGE
-31.524832,-53.770580,-31.524780,-53.770352,BRIDGE
-31.524723,-52.484103,-31.524856,-52.483936,BRIDGE
-31.524709,-52.762323,-31.524940,-52.762409,BRIDGE
-31.524640,-53.072778,-31.524725,-53.072898,BRIDGE
-31.524017,-52.877499,-31.523916,-52.877604,BRIDGE
-31.521987,-52.648513,-31.522113,-52.648508,BRIDGE
-31.520082,-52.779243,-31.520211,-52.779238,BRIDGE
-31.518676,-52.535492,-31.518653,-52.535873,BRIDGE
-31.518360,-53.562609,-31.518282,-53.562314,BRIDGE
-31.517461,-52.414695,-31.517246,-52.414972,BRIDGE
-31.516679,-54.175326,-31.516557,-54.175168,BRIDGE
-31.516079,-52.569730,-31.516313,-52.569718,BRIDGE
-31.515922,-53.562042,-31.515922,-53.561645,BRIDGE
-31.515805,-52.768545,-31.515760,-52.768414,BRIDGE
-31.514141,-53.075218,-31.514342,-53.074985,BRIDGE
-31.513306,-53.554886,-31.512913,-53.555397,BRIDGE
-31.512404,-52.871783,-31.512482,-52.871584,BRIDGE
-31.512377,-53.558229,-31.512170,-53.558085,BRIDGE
-31.512377,-54.514330,-31.512313,-54.514219,BRIDGE
-31.512099,-52.801314,-31.512059,-52.801170,BRIDGE
-31.510883,-52.565311,-31.510773,-52.565719,BRIDGE
-31.510724,-52.875587,-31.510776,-52.875433,BRIDGE
-31.510690,-52.649147,-31.510793,-52.649053,BRIDGE
-31.509824,-52.649807,-31.509785,-52.649929,BRIDGE
-31.508984,-52.415288,-31.508945,-52.415845,BRIDGE
-31.508900,-52.670954,-31.508912,-52.670702,BRIDGE
-31.506551,-52.751303,-31.506521,-52.751144,BRIDGE
-31.506488,-53.304952,-31.506433,-53.304695,BRIDGE
-31.505986,-52.349776,-31.506023,-52.349812,BRIDGE
-31.505947,-52.349736,-31.505986,-52.349776,BRIDGE
-31.505930,-52.410324,-31.506014,-52.410343,BRIDGE
-31.505843,-52.410308,-31.505930,-52.410324,BRIDGE
-31.505826,-52.352585,-31.505671,-52.352733,BRIDGE
-31.505718,-52.646175,-31.505714,-52.646074,BRIDGE
-31.505550,-52.978135,-31.506161,-52.977380,BRIDGE
-31.505472,-52.792279,-31.505415,-52.792059,BRIDGE
-31.505274,-52.978483,-31.505354,-52.978382,BRIDGE
-31.505132,-52.573597,-31.505240,-52.573617,BRIDGE
-31.504967,-52.381906,-31.505064,-52.382154,BRIDGE
-31.503430,-52.495124,-31.503482,-52.494831,BRIDGE
-31.503258,-53.232215,-31.503240,-53.233159,BRIDGE
-31.501761,-52.659807,-31.501706,-52.659662,BRIDGE
-31.501301,-52.561109,-31.501417,-52.561509,BRIDGE
-31.500724,-52.575348,-31.501827,-52.575959,BRIDGE
-31.500457,-53.092003,-31.500569,-53.092102,BRIDGE
-31.499468,-53.569161,-31.499261,-53.569476,BRIDGE
-31.498133,-52.941107,-31.498065,-52.941302,BRIDGE
-31.498086,-52.640982,-31.498054,-52.640831,BRIDGE
-31.498041,-52.645730,-31.498001,-52.645620,BRIDGE
-31.497888,-52.941193,-31.498052,-52.941030,BRIDGE
-31.496856,-52.295271,-31.497044,-52.295107,BRIDGE
-31.494710,-52.678451,-31.494708,-52.678528,BRIDGE
-31.493899,-53.235623,-31.493976,-53.235760,BRIDGE
-31.487028,-53.594537,-31.486860,-53.594949,BRIDGE
-31.485702,-52.747893,-31.485743,-52.748001,BRIDGE
-31.484930,-52.564860,-31.485063,-52.565005,BRIDGE
-31.484287,-53.667049,-31.484490,-53.666660,BRIDGE
-31.483505,-52.497444,-31.483564,-52.497580,BRIDGE
-31.483060,-52.578259,-31.482870,-52.578029,BRIDGE
-31.482706,-52.270201,-31.482642,-52.269823,BRIDGE
-31.480414,-52.212874,-31.479818,-52.212853,BRIDGE
-31.480092,-52.213106,-31.480356,-52.213110,BRIDGE
-31.479835,-52.213116,-31.480092,-52.213106,BRIDGE
-31.479181,-52.789188,-31.479195,-52.789488,BRIDGE
-31.478787,-52.295110,-31.478552,-52.295224,BRIDGE
-31.477655,-52.668875,-31.477702,-52.668968,BRIDGE
-31.476918,-53.100812,-31.477069,-53.101042,BRIDGE
-31.476833,-53.678245,-31.477331,-53.678722,BRIDGE
-31.476039,-54.409884,-31.476048,-54.408949,BRIDGE
-31.476035,-54.138784,-31.477085,-54.138570,BRIDGE
-31.476030,-52.564873,-31.475972,-52.565120,BRIDGE
-31.476027,-54.400666,-31.476034,-54.400483,BRIDGE
-31.475743,-52.608171,-31.475595,-52.608158,BRIDGE
-31.475488,-54.490060,-31.475565,-54.490258,BRIDGE
-31.474807,-53.446794,-31.474764,-53.447022,BRIDGE
-31.473882,-52.614763,-31.473677,-52.614751,BRIDGE
-31.472888,-52.432725,-31.472788,-52.433104,BRIDGE
-31.469374,-52.869663,-31.469294,-52.869703,BRIDGE
-31.469296,-53.668171,-31.469420,-53.668434,BRIDGE
-31.467542,-52.811910,-31.467507,-52.811743,BRIDGE
-31.467478,-52.308119,-31.467641,-52.308285,BRIDGE
-31.465267,-52.234484,-31.465303,-52.234661,BRIDGE
-31.464083,-53.896396,-31.464000,-53.896796,BRIDGE
-31.462257,-52.571118,-31.462257,-52.570780,BRIDGE
-31.461629,-52.757143,-31.461850,-52.756894,BRIDGE
-31.461585,-52.634108,-31.461576,-52.633973,BRIDGE
-31.461338,-52.626794,-31.461278,-52.626601,BRIDGE
-31.461214,-52.209125,-31.461372,-52.209023,BRIDGE
-31.460695,-52.528950,-31.460702,-52.529133,BRIDGE
-31.460573,-52.533430,-31.460580,-52.533617,BRIDGE
-31.460405,-52.701174,-31.460269,-52.701245,BRIDGE
-31.459752,-52.627449,-31.459535,-52.627488,BRIDGE
-31.459646,-52.636478,-31.459364,-52.636513,BRIDGE
-31.459099,-54.356365,-31.459006,-54.356155,BRIDGE
-31.457716,-52.690631,-31.457646,-52.690556,BRIDGE
-31.456342,-52.789360,-31.456268,-52.789105,BRIDGE
-31.456061,-52.689593,-31.455978,-52.689530,BRIDGE
-31.455222,-52.511009,-31.455189,-52.511459,BRIDGE
-31.454760,-52.031135,-31.454860,-52.031091,BRIDGE
-31.454691,-54.129057,-31.454698,-54.128139,BRIDGE
-31.454585,-52.787147,-31.454685,-52.787088,BRIDGE
-31.454208,-54.137431,-31.454182,-54.137206,BRIDGE
-31.453320,-52.637938,-31.453223,-52.637915,BRIDGE
-31.452761,-52.322512,-31.452691,-52.322320,BRIDGE
-31.451279,-52.688242,-31.451336,-52.688299,BRIDGE
-31.451106,-53.123137,-31.451037,-53.123591,BRIDGE
-31.451054,-52.462400,-31.451103,-52.462450,BRIDGE
-31.450744,-52.378514,-31.450627,-52.378506,BRIDGE
-31.450382,-52.647732,-31.450254,-52.647593,BRIDGE
-31.449989,-52.830880,-31.449829,-52.830831,BRIDGE
-31.449874,-52.820712,-31.449908,-52.820577,BRIDGE
-31.449282,-54.557448,-31.449137,-54.557330,BRIDGE
-31.447122,-53.789032,-31.447180,-53.788508,BRIDGE
-31.445248,-52.791312,-31.445446,-52.791139,BRIDGE
-31.445007,-52.363208,-31.444972,-52.363086,BRIDGE
-31.444743,-52.730528,-31.444597,-52.730780,BRIDGE
-31.441406,-52.642349,-31.441421,-52.642139,BRIDGE
-31.441090,-52.655134,-31.441082,-52.655260,BRIDGE
-31.439996,-52.589667,-31.439909,-52.589900,BRIDGE
-31.439742,-54.394021,-31.440016,-54.393849,BRIDGE
-31.439683,-52.767885,-31.439796,-52.767835,BRIDGE
-31.439672,-52.334874,-31.439776,-52.334870,BRIDGE
-31.439650,-53.694632,-31.439320,-53.695074,BRIDGE
-31.438843,-52.769341,-31.438841,-52.769245,BRIDGE
-31.438769,-52.514994,-31.438839,-52.515334,BRIDGE
-31.438537,-52.958914,-31.438641,-52.958630,BRIDGE
-31.437826,-52.645701,-31.437584,-52.645762,BRIDGE
-31.437159,-52.749685,-31.437086,-52.749604,BRIDGE
-31.433671,-52.183567,-31.433656,-52.183506,BRIDGE
-31.433432,-53.718634,-31.433704,-53.718796,BRIDGE
-31.432594,-52.749977,-31.432621,-52.749703,BRIDGE
-31.431818,-54.250706,-31.431803,-54.250487,BRIDGE
-31.431465,-52.719065,-31.431236,-52.719073,BRIDGE
-31.431123,-52.600399,-31.431107,-52.600189,BRIDGE
-31.430976,-52.782075,-31.431190,-52.782046,BRIDGE
-31.430852,-52.657179,-31.430481,-52.657442,BRIDGE
-31.429368,-52.924039,-31.429519,-52.924118,BRIDGE
-31.428977,-52.717019,-31.428884,-52.717149,BRIDGE
-31.428306,-52.354145,-31.428250,-52.353865,BRIDGE
-31.428216,-52.658957,-31.427912,-52.659163,BRIDGE
-31.427720,-52.528957,-31.427534,-52.528762,BRIDGE
-31.427699,-53.028045,-31.427448,-53.027927,BRIDGE
-31.425738,-52.353585,-31.425795,-52.353510,BRIDGE
-31.425697,-52.353645,-31.425738,-52.353585,BRIDGE
-31.425217,-53.151179,-31.425308,-53.151182,BRIDGE
-31.425156,-52.661066,-31.424905,-52.661241,BRIDGE
-31.424762,-52.703507,-31.424615,-52.703584,BRIDGE
-31.424022,-52.723387,-31.424015,-52.723175,BRIDGE
-31.423671,-53.136536,-31.423596,-53.136637,BRIDGE
-31.423207,-53.682514,-31.422973,-53.682327,BRIDGE
-31.421546,-52.776638,-31.421574,-52.776794,BRIDGE
-31.420466,-53.021368,-31.420334,-53.021417,BRIDGE
-31.419955,-52.534772,-31.419800,-52.534682,BRIDGE
-31.419326,-52.774862,-31.419441,-52.775013,BRIDGE
-31.419158,-52.784823,-31.419074,-52.784619,BRIDGE
-31.418792,-52.399472,-31.418791,-52.399393,BRIDGE
-31.418599,-54.410255,-31.418570,-54.409923,BRIDGE
-31.417891,-53.728890,-31.417725,-53.729216,BRIDGE
-31.417403,-52.446439,-31.417360,-52.446361,BRIDGE
-31.417360,-52.446361,-31.417312,-52.446270,BRIDGE
-31.417249,-53.358420,-31.417172,-53.358291,BRIDGE
-31.416403,-52.616718,-31.416542,-52.616583,BRIDGE
-31.415835,-52.171121,-31.415086,-52.170658,BRIDGE
-31.415356,-52.652446,-31.415328,-52.652562,BRIDGE
-31.415349,-52.544601,-31.415147,-52.544537,BRIDGE
-31.415323,-53.864922,-31.415309,-53.864805,BRIDGE
-31.415033,-52.170798,-31.415772,-52.171270,BRIDGE
-31.414125,-53.865213,-31.414105,-53.865064,BRIDGE
-31.413296,-52.882117,-31.412961,-52.882489,BRIDGE
-31.412443,-52.401821,-31.412542,-52.401978,BRIDGE
-31.412225,-53.202889,-31.412178,-53.202802,BRIDGE
-31.412162,-52.168781,-31.410635,-52.167803,BRIDGE
-31.411904,-52.930750,-31.411913,-52.930149,BRIDGE
-31.411645,-53.960854,-31.411955,-53.960828,BRIDGE
-31.410661,-52.681275,-31.410036,-52.681460,BRIDGE
-31.410570,-52.712789,-31.410692,-52.712664,BRIDGE
-31.410554,-52.167985,-31.412118,-52.168942,BRIDGE
-31.410090,-52.771719,-31.410000,-52.771858,BRIDGE
-31.409857,-52.413122,-31.409880,-52.413017,BRIDGE
-31.409499,-53.084014,-31.409419,-53.083979,BRIDGE
-31.409010,-52.679843,-31.409220,-52.679921,BRIDGE
-31.408834,-52.565126,-31.408920,-52.565123,BRIDGE
-31.408157,-52.564217,-31.408130,-52.563979,BRIDGE
-31.407830,-53.870540,-31.407715,-53.870554,BRIDGE
-31.407739,-53.870703,-31.407845,-53.870689,BRIDGE
-31.407348,-52.333921,-31.407411,-52.333867,BRIDGE
-31.407304,-52.333954,-31.407348,-52.333921,BRIDGE
-31.407266,-52.965270,-31.407262,-52.964889,BRIDGE
-31.406520,-52.294428,-31.406395,-52.294607,BRIDGE
-31.406350,-54.427498,-31.405932,-54.428360,BRIDGE
-31.406176,-54.435894,-31.406288,-54.436446,BRIDGE
-31.406006,-52.687306,-31.405914,-52.687211,BRIDGE
-31.405613,-52.687214,-31.405528,-52.687286,BRIDGE
-31.404936,-53.037632,-31.404807,-53.037853,BRIDGE
-31.404813,-53.145888,-31.404791,-53.145751,BRIDGE
-31.404804,-52.677326,-31.404677,-52.677188,BRIDGE
-31.402832,-52.676871,-31.402698,-52.676698,BRIDGE
-31.402797,-52.850126,-31.402605,-52.850217,BRIDGE
-31.402359,-52.622956,-31.402342,-52.623012,BRIDGE
-31.401523,-53.346730,-31.401600,-53.346859,BRIDGE
-31.401462,-52.676333,-31.401590,-52.676205,BRIDGE
-31.401220,-52.565197,-31.401373,-52.565249,BRIDGE
-31.401105,-52.377104,-31.401086,-52.376880,BRIDGE
-31.400308,-52.661943,-31.400305,-52.662131,BRIDGE
-31.400271,-53.871626,-31.400768,-53.871564,BRIDGE
-31.400068,-53.967438,-31.400105,-53.967239,BRIDGE
-31.399950,-52.285584,-31.399897,-52.285664,BRIDGE
-31.399897,-52.285664,-31.399832,-52.285773,BRIDGE
-31.399756,-54.587007,-31.399514,-54.587528,BRIDGE
-31.398902,-52.319295,-31.398720,-52.319153,BRIDGE
-31.398848,-52.824869,-31.398922,-52.825068,BRIDGE
-31.398667,-52.779162,-31.398594,-52.779332,BRIDGE
-31.398598,-52.630346,-31.398621,-52.630528,BRIDGE
-31.398476,-52.640253,-31.398467,-52.640361,BRIDGE
-31.398431,-52.673350,-31.398410,-52.673493,BRIDGE
-31.398074,-53.052144,-31.398278,-53.052136,BRIDGE
-31.397803,-52.868637,-31.397561,-52.868853,BRIDGE
-31.396926,-52.672121,-31.396883,-52.672337,BRIDGE
-31.396546,-52.562942,-31.396554,-52.562757,BRIDGE
-31.396340,-52.920488,-31.396562,-52.920675,BRIDGE
-31.395377,-53.790774,-31.395409,-53.792353,BRIDGE
-31.395248,-52.751152,-31.395269,-52.751274,BRIDGE
-31.394994,-52.838511,-31.395029,-52.838648,BRIDGE
-31.394212,-52.754340,-31.394403,-52.754088,BRIDGE
-31.394020,-53.047110,-31.393991,-53.047408,BRIDGE
-31.392031,-52.914061,-31.392094,-52.913809,BRIDGE
-31.391235,-52.434430,-31.391037,-52.434444,BRIDGE
-31.391052,-53.070305,-31.391161,-53.070394,BRIDGE
-31.390355,-52.729546,-31.390418,-52.729616,BRIDGE
-31.390334,-53.847821,-31.390412,-53.848558,BRIDGE
-31.389505,-52.786120,-31.389480,-52.786021,BRIDGE
-31.388607,-52.300461,-31.388403,-52.300575,BRIDGE
-31.388283,-52.634314,-31.388218,-52.634225,BRIDGE
-31.387152,-52.592783,-31.387175,-52.592937,BRIDGE
-31.385830,-52.412229,-31.386013,-52.412341,BRIDGE
-31.384261,-52.131438,-31.384491,-52.131824,BRIDGE
-31.384244,-52.934228,-31.384502,-52.934328,BRIDGE
-31.383877,-52.630023,-31.383788,-52.629972,BRIDGE
-31.383588,-52.394113,-31.383399,-52.394077,BRIDGE
-31.381863,-52.184851,-31.381882,-52.185047,BRIDGE
-31.381741,-52.373776,-31.381991,-52.373784,BRIDGE
-31.381248,-52.223407,-31.381024,-52.223125,BRIDGE
-31.380886,-53.486613,-31.380564,-53.486558,BRIDGE
-31.380139,-53.980562,-31.380055,-53.980484,TUNNEL
-31.379830,-54.440449,-31.379716,-54.440443,BRIDGE
-31.378548,-53.999461,-31.378829,-53.999029,BRIDGE
-31.378279,-52.645137,-31.378242,-52.645049,BRIDGE
-31.377522,-52.765255,-31.377460,-52.765367,BRIDGE
-31.377231,-52.420320,-31.377105,-52.420196,BRIDGE
-31.375905,-54.097368,-31.376101,-54.098160,BRIDGE
-31.375758,-52.851084,-31.375693,-52.851206,BRIDGE
-31.375561,-52.255742,-31.375627,-52.255776,BRIDGE
-31.374269,-52.431680,-31.374040,-52.431553,BRIDGE
-31.374203,-52.254770,-31.374135,-52.254862,BRIDGE
-31.373469,-52.650338,-31.373515,-52.650181,BRIDGE
-31.373318,-52.139418,-31.373424,-52.139279,BRIDGE
-31.372301,-54.067140,-31.372226,-54.067950,BRIDGE
-31.372180,-53.034609,-31.372281,-53.034520,BRIDGE
-31.371622,-52.647589,-31.371748,-52.647554,BRIDGE
-31.371190,-53.731961,-31.371316,-53.732122,BRIDGE
-31.371125,-52.937237,-31.371167,-52.937319,BRIDGE
-31.370018,-52.137572,-31.370108,-52.137560,BRIDGE
-31.369570,-51.979201,-31.369983,-51.978972,BRIDGE
-31.369308,-54.835546,-31.369194,-54.835630,BRIDGE
-31.368644,-52.616068,-31.368641,-52.615983,BRIDGE
-31.368058,-52.006545,-31.367874,-52.005943,BRIDGE
-31.368016,-52.641684,-31.367904,-52.641737,BRIDGE
-31.367976,-52.292982,-31.367795,-52.292732,BRIDGE
-31.367937,-54.686979,-31.367873,-54.686909,BRIDGE
-31.367659,-54.717665,-31.367632,-54.717810,BRIDGE
-31.367033,-52.355628,-31.367109,-52.355357,BRIDGE
-31.366687,-52.623105,-31.366545,-52.623030,BRIDGE
-31.365635,-52.637638,-31.365572,-52.637754,BRIDGE
-31.365477,-52.929127,-31.365509,-52.929346,BRIDGE
-31.365019,-52.287969,-31.364931,-52.288029,BRIDGE
-31.361458,-54.028583,-31.361731,-54.028912,BRIDGE
-31.358726,-52.874081,-31.358665,-52.874237,BRIDGE
-31.358677,-54.041402,-31.358388,-54.041514,BRIDGE
-31.357956,-53.936011,-31.357692,-53.936363,BRIDGE
-31.357446,-52.300128,-31.357447,-52.300440,BRIDGE
-31.357339,-52.074903,-31.357060,-52.074573,BRIDGE
-31.357190,-52.607362,-31.357069,-52.607722,BRIDGE
-31.356963,-52.074819,-31.357117,-52.075006,BRIDGE
-31.356464,-51.964916,-31.356180,-51.964974,BRIDGE
-31.356338,-52.703215,-31.356432,-52.703143,BRIDGE
-31.355934,-52.304499,-31.356054,-52.304521,BRIDGE
-31.355336,-54.035723,-31.355334,-54.036203,BRIDGE
-31.354859,-52.604948,-31.354667,-52.604951,BRIDGE
-31.354372,-52.231860,-31.354328,-52.231740,BRIDGE
-31.354328,-52.231740,-31.354246,-52.231589,BRIDGE
-31.354193,-54.108801,-31.354557,-54.108498,BRIDGE
-31.353893,-52.369761,-31.354314,-52.369804,BRIDGE
-31.352934,-52.322648,-31.352614,-52.322949,BRIDGE
-31.352773,-52.242338,-31.352717,-52.242463,BRIDGE
-31.351736,-52.356927,-31.351599,-52.357093,BRIDGE
-31.351704,-52.582398,-31.351480,-52.582396,BRIDGE
-31.350658,-52.129928,-31.350790,-52.129975,BRIDGE
-31.350564,-52.574352,-31.350680,-52.574123,BRIDGE
-31.349865,-52.364794,-31.349829,-52.365117,BRIDGE
-31.349531,-55.001674,-31.349595,-55.001578,BRIDGE
-31.349271,-52.568997,-31.349200,-52.569083,BRIDGE
-31.348627,-52.694313,-31.348569,-52.694214,BRIDGE
-31.348000,-52.063557,-31.347448,-52.062935,BRIDGE
-31.347922,-52.171767,-31.348166,-52.171797,BRIDGE
-31.347484,-52.637959,-31.347403,-52.637799,BRIDGE
-31.347213,-52.062996,-31.347812,-52.063777,BRIDGE
-31.346257,-52.685547,-31.346184,-52.685473,BRIDGE
-31.345971,-52.634281,-31.345905,-52.634152,BRIDGE
-31.345960,-54.103674,-31.346239,-54.103338,BRIDGE
-31.345894,-54.106148,-31.346143,-54.106262,BRIDGE
-31.345106,-53.953873,-31.344733,-53.954447,BRIDGE
-31.344401,-54.109404,-31.344236,-54.109002,BRIDGE
-31.343893,-54.102412,-31.343736,-54.102645,BRIDGE
-31.343556,-54.729206,-31.343492,-54.729106,BRIDGE
-31.342632,-54.814250,-31.342632,-54.814326,BRIDGE
-31.342535,-52.708683,-31.342405,-52.708526,BRIDGE
-31.341037,-52.237007,-31.341228,-52.236428,BRIDGE
-31.340980,-54.109963,-31.340874,-54.109817,BRIDGE
-31.340853,-52.545323,-31.340720,-52.545291,BRIDGE
-31.339465,-54.101702,-31.339747,-54.101365,BRIDGE
-31.339170,-52.177270,-31.339249,-52.177428,BRIDGE
-31.338876,-54.108614,-31.338880,-54.108556,BRIDGE
-31.337471,-52.812930,-31.337401,-52.812763,BRIDGE
-31.337358,-54.129384,-31.337585,-54.129350,BRIDGE
-31.337110,-54.028517,-31.337127,-54.028371,BRIDGE
-31.336776,-52.422339,-31.336538,-52.421996,BRIDGE
-31.336387,-54.102247,-31.336355,-54.101925,BRIDGE
-31.336365,-52.238340,-31.336539,-52.238298,BRIDGE
-31.336302,-51.974183,-31.336194,-51.974148,BRIDGE
-31.336080,-54.119764,-31.335977,-54.119516,BRIDGE
-31.336031,-52.404987,-31.335990,-52.405087,BRIDGE
-31.335375,-54.100244,-31.335143,-54.100299,BRIDGE
-31.334849,-52.800015,-31.334903,-52.799753,BRIDGE
-31.334665,-54.119152,-31.334685,-54.119332,BRIDGE
-31.334636,-54.840392,-31.334875,-54.839812,BRIDGE
-31.333521,-54.122293,-31.333542,-54.122483,BRIDGE
-31.333017,-52.302653,-31.333127,-52.302679,BRIDGE
-31.331894,-52.545565,-31.331784,-52.545865,BRIDGE
-31.331441,-54.074511,-31.331449,-54.073856,BRIDGE
-31.331370,-54.125169,-31.331202,-54.125237,BRIDGE
-31.331350,-54.073858,-31.331340,-54.074512,BRIDGE
-31.331212,-52.652493,-31.331180,-52.652310,BRIDGE
-31.330534,-54.193050,-31.330623,-54.193180,BRIDGE
-31.329593,-54.093690,-31.329634,-54.094150,BRIDGE
-31.329242,-52.519123,-31.328951,-52.518794,BRIDGE
-31.328967,-52.238505,-31.328848,-52.238555,BRIDGE
-31.326678,-52.333637,-31.326542,-52.333539,BRIDGE
-31.326659,-54.095182,-31.326609,-54.094744,BRIDGE
-31.326622,-54.092308,-31.326881,-54.092190,BRIDGE
-31.326261,-51.988053,-31.326327,-51.988016,BRIDGE
-31.326047,-52.476951,-31.325584,-52.476891,BRIDGE
-31.325864,-52.233159,-31.326048,-52.233276,BRIDGE
-31.325754,-54.128252,-31.325736,-54.128346,BRIDGE
-31.325361,-54.096752,-31.325377,-54.096926,BRIDGE
-31.325138,-54.128900,-31.325249,-54.129024,BRIDGE
-31.324247,-54.098068,-31.324219,-54.097769,BRIDGE
-31.324155,-54.097773,-31.324179,-54.098081,BRIDGE
-31.323978,-54.116934,-31.323791,-54.116688,BRIDGE
-31.322963,-52.471392,-31.322605,-52.471328,BRIDGE
-31.322689,-52.625456,-31.322637,-52.625363,BRIDGE
-31.322355,-54.075068,-31.322070,-54.075210,BRIDGE
-31.321629,-52.503620,-31.321773,-52.503832,BRIDGE
-31.320815,-54.098945,-31.320854,-54.098620,BRIDGE
-31.320481,-54.116859,-31.320515,-54.117180,BRIDGE
-31.319546,-51.991614,-31.319674,-51.991574,BRIDGE
-31.319189,-52.027592,-31.319460,-52.026865,BRIDGE
-31.318904,-53.955706,-31.319098,-53.956336,BRIDGE
-31.317852,-52.472539,-31.317760,-52.472394,BRIDGE
-31.317781,-54.081876,-31.317847,-54.081997,TUNNEL
-31.316858,-52.354062,-31.316995,-52.354121,BRIDGE
-31.316760,-54.098786,-31.316807,-54.099153,BRIDGE
-31.316092,-52.239494,-31.316074,-52.239668,BRIDGE
-31.315974,-52.240416,-31.315960,-52.240554,BRIDGE
-31.313719,-54.012493,-31.313452,-54.013118,BRIDGE
-31.312125,-54.106293,-31.312112,-54.106172,BRIDGE
-31.311590,-54.128406,-31.311426,-54.128518,BRIDGE
-31.311470,-54.079735,-31.311322,-54.079827,BRIDGE
-31.311440,-54.100365,-31.311477,-54.100094,BRIDGE
-31.309306,-54.088211,-31.309060,-54.087980,BRIDGE
-31.308965,-54.088053,-31.309220,-54.088299,BRIDGE
-31.307522,-52.345005,-31.307447,-52.345202,BRIDGE
-31.307327,-52.519650,-31.307391,-52.519677,BRIDGE
-31.306444,-52.425985,-31.306492,-52.426194,BRIDGE
-31.305714,-53.378389,-31.305926,-53.378273,BRIDGE
-31.305368,-52.814882,-31.305456,-52.814985,BRIDGE
-31.305108,-53.378716,-31.305204,-53.378667,BRIDGE
-31.304771,-52.520516,-31.304584,-52.520390,BRIDGE
-31.304578,-52.094065,-31.304255,-52.093827,BRIDGE
-31.303617,-53.109714,-31.303645,-53.109862,BRIDGE
-31.302345,-52.604745,-31.302370,-52.604610,BRIDGE
-31.301589,-54.043526,-31.301298,-54.044189,BRIDGE
-31.299247,-54.108016,-31.299583,-54.107927,BRIDGE
-31.297142,-52.809681,-31.297284,-52.809912,BRIDGE
-31.296806,-51.993784,-31.297001,-51.993885,BRIDGE
-31.296167,-52.236610,-31.296153,-52.236764,BRIDGE
-31.296072,-52.237497,-31.296063,-52.237604,BRIDGE
-31.295830,-54.123204,-31.295521,-54.123142,BRIDGE
-31.294934,-52.247498,-31.294914,-52.247662,BRIDGE
-31.293398,-54.168935,-31.293350,-54.169060,BRIDGE
-31.292896,-52.578919,-31.292974,-52.579099,BRIDGE
-31.292776,-54.171483,-31.292715,-54.171890,BRIDGE
-31.291594,-54.130336,-31.292045,-54.130299,BRIDGE
-31.290920,-52.817989,-31.291073,-52.817887,BRIDGE
-31.290453,-52.059428,-31.290404,-52.059396,BRIDGE
-31.289908,-52.117502,-31.290048,-52.117662,BRIDGE
-31.289745,-52.545827,-31.289463,-52.545620,BRIDGE
-31.289647,-52.388126,-31.289634,-52.388280,BRIDGE
-31.288779,-53.095076,-31.288969,-53.095082,BRIDGE
-31.287259,-52.672212,-31.287312,-52.672277,BRIDGE
-31.287129,-54.134176,-31.287551,-54.135056,BRIDGE
-31.284821,-52.146132,-31.284730,-52.146103,BRIDGE
-31.284722,-52.439074,-31.284718,-52.438909,BRIDGE
-31.284367,-52.133443,-31.284260,-52.133222,BRIDGE
-31.283821,-52.752072,-31.283853,-52.751892,BRIDGE
-31.283277,-52.661195,-31.283092,-52.661414,BRIDGE
-31.282922,-52.385274,-31.282951,-52.385382,BRIDGE
-31.282468,-52.721239,-31.282381,-52.721462,BRIDGE
-31.281219,-52.098449,-31.281367,-52.098336,BRIDGE
-31.281182,-53.425767,-31.281342,-53.425752,BRIDGE
-31.279985,-52.066709,-31.279978,-52.066432,BRIDGE
-31.278429,-53.924352,-31.278342,-53.924285,BRIDGE
-31.276938,-54.496569,-31.276570,-54.496337,BRIDGE
-31.274130,-54.132178,-31.274419,-54.131927,BRIDGE
-31.274078,-52.413053,-31.274291,-52.413161,BRIDGE
-31.273790,-54.841227,-31.273860,-54.840859,BRIDGE
-31.272109,-54.133919,-31.272310,-54.133765,BRIDGE
-31.272040,-54.894953,-31.272256,-54.895178,BRIDGE
-31.271949,-54.496417,-31.271752,-54.496449,BRIDGE
-31.271562,-52.302657,-31.271456,-52.302650,BRIDGE
-31.271286,-53.252588,-31.271190,-53.252696,BRIDGE
-31.270961,-54.816122,-31.270953,-54.815583,BRIDGE
-31.270582,-52.351390,-31.270671,-52.351500,BRIDGE
-31.270087,-54.121380,-31.269852,-54.122223,BRIDGE
-31.269272,-52.128932,-31.269389,-52.128880,BRIDGE
-31.268670,-52.122583,-31.268489,-52.122597,BRIDGE
-31.268279,-54.127767,-31.268183,-54.128110,BRIDGE
-31.267350,-54.131222,-31.267134,-54.132021,BRIDGE
-31.266679,-54.061439,-31.266756,-54.061543,BRIDGE
-31.265347,-54.596359,-31.265335,-54.596287,BRIDGE
-31.264648,-54.140837,-31.264562,-54.141159,BRIDGE
-31.261498,-50.960608,-31.261698,-50.960194,BRIDGE
-31.260755,-50.968319,-31.260828,-50.968064,BRIDGE
-31.260320,-52.494313,-31.260087,-52.494690,BRIDGE
-31.259296,-52.416561,-31.259296,-52.416611,BRIDGE
-31.259093,-52.252574,-31.259117,-52.252449,BRIDGE
-31.256534,-50.982153,-31.256649,-50.981899,BRIDGE
-31.256414,-52.117722,-31.256392,-52.117636,BRIDGE
-31.255865,-51.973512,-31.255943,-51.973516,BRIDGE
-31.255759,-52.359263,-31.255728,-52.359115,BRIDGE
-31.255717,-52.122052,-31.255540,-52.121972,BRIDGE
-31.253928,-51.824346,-31.253931,-51.824196,BRIDGE
-31.253630,-52.119954,-31.253630,-52.119859,BRIDGE
-31.250877,-52.919922,-31.250957,-52.920211,BRIDGE
-31.249821,-51.694032,-31.249875,-51.693902,BRIDGE
-31.249511,-52.744785,-31.249640,-52.745193,BRIDGE
-31.248746,-52.468947,-31.248730,-52.468798,BRIDGE
-31.248437,-51.812549,-31.248450,-51.812362,BRIDGE
-31.248168,-52.932685,-31.248264,-52.932579,BRIDGE
-31.247102,-52.728790,-31.246976,-52.728605,BRIDGE
-31.246975,-52.345068,-31.246893,-52.345037,BRIDGE
-31.246456,-52.830981,-31.246168,-52.831105,BRIDGE
-31.243861,-51.882074,-31.243902,-51.882221,BRIDGE
-31.243854,-52.651622,-31.243785,-52.652032,BRIDGE
-31.243102,-53.180645,-31.242841,-53.180857,BRIDGE
-31.242932,-51.791022,-31.243044,-51.791310,BRIDGE
-31.240780,-52.471509,-31.240890,-52.471102,BRIDGE
-31.237944,-53.921851,-31.238087,-53.922036,BRIDGE
-31.236371,-53.788990,-31.236449,-53.789342,BRIDGE
-31.232642,-52.191740,-31.232630,-52.191900,BRIDGE
-31.232519,-55.158346,-31.232502,-55.158439,BRIDGE
-31.232342,-52.596640,-31.232332,-52.596548,BRIDGE
-31.231387,-52.485260,-31.231210,-52.485226,BRIDGE
-31.231380,-52.192045,-31.231317,-52.192068,BRIDGE
-31.231100,-55.154408,-31.231259,-55.154618,BRIDGE
-31.230730,-52.083928,-31.230637,-52.084093,BRIDGE
-31.229585,-52.695413,-31.229452,-52.695311,BRIDGE
-31.225195,-52.275906,-31.225240,-52.275759,BRIDGE
-31.224431,-52.224324,-31.224377,-52.224435,BRIDGE
-31.224168,-52.880685,-31.224136,-52.880942,BRIDGE
-31.224044,-52.216195,-31.224019,-52.216304,BRIDGE
-31.223525,-54.064774,-31.223818,-54.065000,BRIDGE
-31.222599,-52.739124,-31.222245,-52.739091,BRIDGE
-31.221338,-52.862353,-31.221282,-52.862491,BRIDGE
-31.220813,-52.860934,-31.221065,-52.861057,BRIDGE
-31.220543,-52.280355,-31.220724,-52.280236,BRIDGE
-31.219302,-52.735918,-31.219306,-52.735582,BRIDGE
-31.219278,-52.209055,-31.219386,-52.208988,BRIDGE
-31.219181,-54.278050,-31.218868,-54.278911,BRIDGE
-31.216833,-52.925054,-31.216952,-52.924835,BRIDGE
-31.213696,-52.195799,-31.213665,-52.195683,BRIDGE
-31.212997,-52.266433,-31.213232,-52.266287,BRIDGE
-31.211083,-52.446139,-31.211443,-52.446228,BRIDGE
-31.210255,-52.200778,-31.210237,-52.200645,BRIDGE
-31.209918,-52.513712,-31.209919,-52.513869,BRIDGE
-31.209602,-52.256901,-31.209415,-52.256849,BRIDGE
-31.209408,-52.164472,-31.209298,-52.164492,BRIDGE
-31.208723,-52.234554,-31.208807,-52.234508,BRIDGE
-31.207489,-55.190119,-31.207397,-55.190345,BRIDGE
-31.207226,-55.181596,-31.207273,-55.181675,BRIDGE
-31.204783,-52.198086,-31.204646,-52.198043,BRIDGE
-31.204097,-52.234895,-31.204334,-52.234951,BRIDGE
-31.201658,-52.354538,-31.201705,-52.354463,BRIDGE
-31.198498,-52.633660,-31.198292,-52.634061,BRIDGE
-31.195571,-51.688875,-31.195517,-51.688745,BRIDGE
-31.193238,-52.042331,-31.193002,-52.042488,BRIDGE
-31.192629,-52.791519,-31.192596,-52.791659,BRIDGE
-31.192314,-52.485666,-31.192436,-52.485419,BRIDGE
-31.188889,-52.194219,-31.188863,-52.194352,BRIDGE
-31.188815,-52.192659,-31.188832,-52.192922,BRIDGE
-31.188786,-52.192129,-31.188798,-52.192406,BRIDGE
-31.188202,-52.623295,-31.188126,-52.623723,BRIDGE
-31.187955,-51.667203,-31.187878,-51.667340,BRIDGE
-31.187854,-52.341557,-31.187949,-52.341526,BRIDGE
-31.187304,-52.874829,-31.187207,-52.874792,BRIDGE
-31.184847,-52.883090,-31.184939,-52.883369,BRIDGE
-31.182139,-52.788647,-31.181991,-52.788770,BRIDGE
-31.180550,-52.425374,-31.180493,-52.424968,BRIDGE
-31.180414,-52.025524,-31.179830,-52.025674,BRIDGE
-31.179892,-52.025931,-31.180423,-52.025791,BRIDGE
-31.179438,-53.794204,-31.179558,-53.794100,BRIDGE
-31.179343,-51.031543,-31.179333,-51.031217,BRIDGE
-31.179162,-53.020387,-31.179231,-53.020575,BRIDGE
-31.177215,-52.316730,-31.177194,-52.316916,BRIDGE
-31.177179,-52.317027,-31.177165,-52.317140,BRIDGE
-31.175622,-52.734296,-31.175415,-52.734329,BRIDGE
-31.175556,-52.454664,-31.175506,-52.454476,BRIDGE
-31.175447,-53.259887,-31.175215,-53.260052,BRIDGE
-31.175030,-52.788971,-31.175074,-52.789125,BRIDGE
-31.172008,-53.826841,-31.172669,-53.827405,BRIDGE
-31.171070,-52.811775,-31.170886,-52.811929,BRIDGE
-31.170585,-52.850771,-31.170830,-52.851054,BRIDGE
-31.170496,-52.537521,-31.170478,-52.537611,BRIDGE
-31.170236,-52.138485,-31.170125,-52.138686,BRIDGE
-31.170175,-55.210456,-31.170082,-55.210524,BRIDGE
-31.169360,-55.163689,-31.169391,-55.163753,BRIDGE
-31.169284,-52.610290,-31.169164,-52.610002,BRIDGE
-31.168210,-55.172428,-31.168264,-55.172329,BRIDGE
-31.167516,-52.819263,-31.167438,-52.819435,BRIDGE
-31.166461,-53.001224,-31.166438,-53.001410,BRIDGE
-31.165334,-52.591351,-31.165359,-52.591209,BRIDGE
-31.165017,-52.208570,-31.165009,-52.208667,BRIDGE
-31.164556,-55.178489,-31.164542,-55.178396,BRIDGE
-31.164495,-55.208531,-31.164440,-55.208457,BRIDGE
-31.164150,-55.214583,-31.164027,-55.215090,BRIDGE
-31.163006,-52.070155,-31.163050,-52.070105,BRIDGE
-31.161719,-52.168106,-31.161572,-52.168353,BRIDGE
-31.159259,-52.223293,-31.159124,-52.223264,BRIDGE
-31.157941,-54.327891,-31.157991,-54.327763,BRIDGE
-31.154601,-52.308009,-31.154586,-52.308248,BRIDGE
-31.152644,-52.487581,-31.152221,-52.487635,BRIDGE
-31.152158,-53.337971,-31.152161,-53.337855,BRIDGE
-31.152106,-52.803830,-31.152053,-52.803969,BRIDGE
-31.150989,-55.237431,-31.150911,-55.237590,BRIDGE
-31.149636,-52.450882,-31.149490,-52.450410,BRIDGE
-31.148989,-52.030628,-31.148256,-52.030682,BRIDGE
-31.148349,-52.596909,-31.148331,-52.597145,BRIDGE
-31.148271,-52.030932,-31.149001,-52.030863,BRIDGE
-31.147546,-54.759375,-31.147683,-54.759141,BRIDGE
-31.147458,-52.405898,-31.147210,-52.405855,BRIDGE
-31.144856,-52.625816,-31.144618,-52.625735,BRIDGE
-31.144842,-52.604454,-31.144776,-52.604811,BRIDGE
-31.143497,-52.465508,-31.143297,-52.465110,BRIDGE
-31.141845,-52.298547,-31.141625,-52.298568,BRIDGE
-31.140593,-52.790376,-31.140456,-52.790539,BRIDGE
-31.140440,-53.002455,-31.140533,-53.002283,BRIDGE
-31.140196,-53.017945,-31.139893,-53.018129,BRIDGE
-31.139112,-53.814624,-31.139261,-53.814640,BRIDGE
-31.137188,-54.377847,-31.136460,-54.378452,BRIDGE
-31.135268,-52.132117,-31.135106,-52.132029,BRIDGE
-31.134981,-52.297145,-31.135040,-52.297411,BRIDGE
-31.134572,-54.389451,-31.134553,-54.389381,BRIDGE
-31.134168,-52.379082,-31.134624,-52.379025,BRIDGE
-31.127884,-52.272711,-31.127835,-52.272739,BRIDGE
-31.122697,-52.788940,-31.122569,-52.789248,BRIDGE
-31.122476,-51.617293,-31.122622,-51.617413,BRIDGE
-31.120280,-52.132782,-31.120148,-52.132815,BRIDGE
-31.117251,-55.274810,-31.117108,-55.274957,BRIDGE
-31.116079,-55.008276,-31.116095,-55.008050,BRIDGE
-31.115991,-51.614661,-31.116180,-51.614867,BRIDGE
-31.115142,-52.883171,-31.115058,-52.883017,BRIDGE
-31.114560,-51.968131,-31.114482,-51.968234,BRIDGE
-31.114369,-50.853014,-31.114341,-50.853322,BRIDGE
-31.114108,-50.855467,-31.114095,-50.855584,BRIDGE
-31.114075,-50.855769,-31.114045,-50.856007,BRIDGE
-31.113576,-50.917451,-31.113528,-50.917415,BRIDGE
-31.113454,-52.925377,-31.113282,-52.926262,BRIDGE
-31.113096,-55.012171,-31.113335,-55.011851,BRIDGE
-31.112780,-52.003025,-31.112614,-52.003130,BRIDGE
-31.112499,-52.127284,-31.112361,-52.127335,BRIDGE
-31.112310,-51.906911,-31.112799,-51.907142,BRIDGE
-31.111770,-52.261784,-31.111712,-52.261890,BRIDGE
-31.111667,-50.920467,-31.111637,-50.920447,BRIDGE
-31.110665,-51.931163,-31.111259,-51.931220,BRIDGE
-31.110124,-50.925595,-31.110048,-50.925492,BRIDGE
-31.109662,-52.109340,-31.109923,-52.109833,BRIDGE
-31.108881,-52.943679,-31.108760,-52.944314,BRIDGE
-31.108037,-55.019169,-31.108310,-55.018931,BRIDGE
-31.106082,-52.700143,-31.105099,-52.700405,BRIDGE
-31.104410,-53.051224,-31.104444,-53.051148,BRIDGE
-31.102846,-55.281004,-31.102532,-55.281192,BRIDGE
-31.102820,-52.004103,-31.102508,-52.004229,BRIDGE
-31.102660,-52.536893,-31.102670,-52.536972,BRIDGE
-31.096615,-52.294394,-31.096585,-52.294248,BRIDGE
-31.095634,-52.766697,-31.095478,-52.767009,BRIDGE
-31.093195,-52.754455,-31.092975,-52.754331,BRIDGE
-31.091811,-53.726804,-31.091841,-53.727523,BRIDGE
-31.091700,-51.612524,-31.091809,-51.612567,BRIDGE
-31.091194,-55.176121,-31.091217,-55.175901,BRIDGE
-31.089129,-51.680610,-31.089028,-51.680441,BRIDGE
-31.086944,-52.371209,-31.086907,-52.371541,BRIDGE
-31.086109,-52.528985,-31.086023,-52.529126,BRIDGE
-31.084203,-52.554690,-31.083844,-52.554493,BRIDGE
-31.084087,-52.515181,-31.084051,-52.515294,BRIDGE
-31.083957,-52.382115,-31.083581,-52.382394,BRIDGE
-31.082349,-52.158096,-31.082319,-52.158167,BRIDGE
-31.081840,-52.238782,-31.081943,-52.238571,BRIDGE
-31.081178,-54.429988,-31.081059,-54.429963,BRIDGE
-31.080363,-55.227565,-31.080375,-55.227417,BRIDGE
-31.079599,-53.899211,-31.079764,-53.900174,BRIDGE
-31.079406,-51.575199,-31.079332,-51.574961,BRIDGE
-31.078429,-52.523424,-31.078370,-52.523634,BRIDGE
-31.078396,-52.402568,-31.078247,-52.402634,BRIDGE
-31.076593,-54.193400,-31.076740,-54.194202,BRIDGE
-31.076459,-54.483706,-31.076043,-54.484076,BRIDGE
-31.075354,-53.198634,-31.075006,-53.198779,BRIDGE
-31.073912,-53.688046,-31.074470,-53.688511,BRIDGE
-31.073581,-52.113989,-31.073463,-52.113983,BRIDGE
-31.072889,-51.590665,-31.073063,-51.590728,BRIDGE
-31.070239,-52.191156,-31.070198,-52.191261,BRIDGE
-31.069997,-54.080732,-31.070179,-54.081086,BRIDGE
-31.069530,-55.317602,-31.069414,-55.317638,BRIDGE
-31.067834,-52.480938,-31.067670,-52.480901,BRIDGE
-31.067653,-52.461409,-31.067418,-52.461807,BRIDGE
-31.065161,-52.203854,-31.065108,-52.203947,BRIDGE
-31.064859,-51.616253,-31.064712,-51.616106,BRIDGE
-31.064835,-51.644249,-31.064664,-51.644387,BRIDGE
-31.064449,-52.450015,-31.064516,-52.450348,BRIDGE
-31.063025,-51.918726,-31.063012,-51.918613,BRIDGE
-31.062213,-52.113170,-31.062123,-52.113163,BRIDGE
-31.061178,-52.272667,-31.061132,-52.272965,BRIDGE
-31.060850,-53.041257,-31.060811,-53.041002,BRIDGE
-31.057136,-53.158966,-31.056851,-53.158328,BRIDGE
-31.055221,-52.260942,-31.055235,-52.261064,BRIDGE
-31.054817,-55.341855,-31.054732,-55.341993,BRIDGE
-31.053068,-52.783817,-31.053217,-52.783731,BRIDGE
-31.052975,-51.508706,-31.052886,-51.508737,BRIDGE
-31.050893,-54.942220,-31.050881,-54.942507,BRIDGE
-31.050471,-52.583310,-31.050216,-52.582517,BRIDGE
-31.050171,-52.231014,-31.050116,-52.231205,BRIDGE
-31.049177,-54.981294,-31.049116,-54.981048,BRIDGE
-31.047804,-52.427551,-31.047436,-52.428023,BRIDGE
-31.045904,-51.912718,-31.045887,-51.912603,BRIDGE
-31.045600,-52.737231,-31.045643,-52.737071,BRIDGE
-31.045244,-52.074974,-31.045327,-52.074933,BRIDGE
-31.044337,-51.509158,-31.044135,-51.509177,BRIDGE
-31.043637,-54.956772,-31.043602,-54.956939,BRIDGE
-31.043011,-52.760314,-31.043158,-52.760343,BRIDGE
-31.041954,-52.742451,-31.042024,-52.742327,BRIDGE
-31.041759,-53.485456,-31.041695,-53.485013,BRIDGE
-31.040243,-53.025071,-31.040053,-53.025305,BRIDGE
-31.039156,-54.404801,-31.039227,-54.404929,BRIDGE
-31.034546,-52.723942,-31.034491,-52.724285,BRIDGE
-31.033379,-50.954550,-31.033335,-50.954468,BRIDGE
-31.032596,-52.076051,-31.032717,-52.076040,BRIDGE
-31.030686,-51.507436,-31.030396,-51.507299,BRIDGE
-31.029910,-50.881588,-31.029964,-50.881561,BRIDGE
-31.029594,-51.810253,-31.029786,-51.809964,BRIDGE
-31.021495,-54.189918,-31.021348,-54.191613,BRIDGE
-31.019564,-52.052651,-31.021097,-52.051946,BRIDGE
-31.018975,-52.643700,-31.019256,-52.643620,BRIDGE
-31.018068,-53.022979,-31.018311,-53.023295,BRIDGE
-31.015683,-52.351441,-31.015472,-52.351591,BRIDGE
-31.014197,-53.078676,-31.014236,-53.078810,BRIDGE
-31.013551,-53.052498,-31.012999,-53.052952,BRIDGE
-31.012177,-52.052738,-31.006091,-52.051992,BRIDGE
-31.011709,-52.491756,-31.011554,-52.491901,BRIDGE
-31.009992,-55.117241,-31.009925,-55.117145,BRIDGE
-31.008803,-55.339721,-31.008755,-55.339590,BRIDGE
-31.008742,-55.114810,-31.008704,-55.114639,BRIDGE
-31.008384,-54.668944,-31.008214,-54.669111,BRIDGE
-31.007073,-53.313871,-31.006985,-53.314092,BRIDGE
-31.006081,-52.052070,-31.012124,-52.052827,BRIDGE
-31.006043,-52.706941,-31.005974,-52.707120,BRIDGE
-31.005232,-54.363164,-31.005371,-54.363133,BRIDGE
-31.004565,-55.951380,-31.004742,-55.950880,BRIDGE
-31.004158,-52.099306,-31.003999,-52.099646,BRIDGE
-31.003919,-52.098056,-31.004159,-52.098048,BRIDGE
-31.001189,-55.329022,-31.001241,-55.328882,BRIDGE
-30.999755,-52.698040,-30.999727,-52.698224,BRIDGE
-30.998940,-52.526775,-30.998425,-52.527536,BRIDGE
-30.998507,-52.098213,-30.999640,-52.098140,BRIDGE
-30.998427,-51.524810,-30.998348,-51.524662,BRIDGE
-30.996403,-55.404316,-30.996268,-55.404401,BRIDGE
-30.995837,-53.639635,-30.995897,-53.639699,BRIDGE
-30.995295,-52.297072,-30.995009,-52.297322,BRIDGE
-30.994492,-54.626366,-30.994244,-54.626665,BRIDGE
-30.994128,-54.668743,-30.994089,-54.668801,TUNNEL
-30.993119,-54.660896,-30.993007,-54.660902,BRIDGE
-30.991408,-53.055195,-30.990859,-53.054657,BRIDGE
-30.989362,-51.932781,-30.989461,-51.932620,BRIDGE
-30.988736,-54.676423,-30.988831,-54.676447,BRIDGE
-30.988677,-53.000830,-30.988606,-53.000686,BRIDGE
-30.988601,-54.748108,-30.988596,-54.748483,BRIDGE
-30.988529,-51.830613,-30.988352,-51.830473,BRIDGE
-30.987619,-52.297368,-30.987561,-52.297618,BRIDGE
-30.986770,-52.686268,-30.986618,-52.686337,BRIDGE
-30.985616,-51.599916,-30.985513,-51.599956,BRIDGE
-30.984823,-53.972128,-30.984925,-53.971932,BRIDGE
-30.984493,-52.656845,-30.984541,-52.656753,BRIDGE
-30.981196,-51.795226,-30.981286,-51.795033,BRIDGE
-30.980289,-53.050543,-30.980311,-53.050560,TUNNEL
-30.976530,-54.680293,-30.976636,-54.680314,BRIDGE
-30.976010,-54.677357,-30.975935,-54.677339,BRIDGE
-30.975912,-54.677442,-30.975985,-54.677464,BRIDGE
-30.975601,-54.914257,-30.975631,-54.914833,BRIDGE
-30.975581,-52.004836,-30.975503,-52.004991,BRIDGE
-30.974468,-53.047552,-30.973578,-53.046323,BRIDGE
-30.974281,-55.329871,-30.974195,-55.330230,BRIDGE
-30.974178,-54.670174,-30.974218,-54.669988,BRIDGE
-30.973916,-54.687487,-30.975016,-54.689688,BRIDGE
-30.973232,-54.439551,-30.972999,-54.440288,BRIDGE
-30.973175,-52.763405,-30.973322,-52.763236,BRIDGE
-30.972863,-52.864333,-30.972691,-52.864325,BRIDGE
-30.972775,-55.290379,-30.972740,-55.290464,BRIDGE
-30.972247,-52.119624,-30.972168,-52.119625,BRIDGE
-30.971053,-52.122553,-30.970982,-52.122484,BRIDGE
-30.970744,-54.643821,-30.970848,-54.643923,BRIDGE
-30.970008,-52.663975,-30.969834,-52.664074,BRIDGE
-30.968634,-55.348706,-30.968589,-55.348785,BRIDGE
-30.966855,-51.795607,-30.966858,-51.795779,BRIDGE
-30.966701,-51.795358,-30.966694,-51.795020,BRIDGE
-30.963273,-51.842388,-30.963227,-51.842587,BRIDGE
-30.962822,-52.657103,-30.963488,-52.657429,BRIDGE
-30.962230,-51.849823,-30.962294,-51.849821,BRIDGE
-30.961620,-53.856564,-30.960994,-53.856950,BRIDGE
-30.961606,-53.114115,-30.961671,-53.114285,BRIDGE
-30.960107,-52.004929,-30.960143,-52.004975,BRIDGE
-30.958134,-54.971710,-30.958018,-54.972103,BRIDGE
-30.955737,-53.956774,-30.955912,-53.956842,BRIDGE
-30.955135,-55.143843,-30.955213,-55.143814,BRIDGE
-30.954165,-52.956687,-30.954123,-52.956489,BRIDGE
-30.951717,-52.422948,-30.951882,-52.423027,BRIDGE
-30.951626,-51.501377,-30.950788,-51.501370,BRIDGE
-30.950276,-55.330587,-30.950281,-55.330807,BRIDGE
-30.948523,-54.710935,-30.948100,-54.712034,BRIDGE
-30.947232,-55.345561,-30.947087,-55.345689,BRIDGE
-30.943718,-54.723353,-30.942818,-54.725709,BRIDGE
-30.943205,-54.825381,-30.943178,-54.825218,BRIDGE
-30.942489,-51.544609,-30.942847,-51.544437,BRIDGE
-30.941033,-54.730293,-30.940290,-54.732234,BRIDGE
-30.940964,-55.289344,-30.941129,-55.289552,BRIDGE
-30.939876,-52.644460,-30.940694,-52.648150,BRIDGE
-30.939301,-52.758509,-30.939465,-52.758506,BRIDGE
-30.939202,-55.412881,-30.939132,-55.412928,BRIDGE
-30.938610,-51.501457,-30.938504,-51.501459,BRIDGE
-30.938162,-51.612438,-30.937966,-51.612598,BRIDGE
-30.935055,-51.600864,-30.934831,-51.600754,BRIDGE
-30.934695,-54.746743,-30.934470,-54.747335,BRIDGE
-30.929883,-54.143218,-30.929666,-54.143926,BRIDGE
-30.929566,-53.323815,-30.929906,-53.323560,BRIDGE
-30.925108,-54.876375,-30.925182,-54.876303,BRIDGE
-30.922688,-53.764238,-30.922301,-53.764837,BRIDGE
-30.921346,-51.976355,-30.921406,-51.976444,BRIDGE
-30.920032,-53.381153,-30.919885,-53.381628,BRIDGE
-30.919867,-55.958036,-30.919917,-55.957382,BRIDGE
-30.919153,-51.801221,-30.919222,-51.801484,BRIDGE
-30.916491,-55.712863,-30.916343,-55.712823,BRIDGE
-30.915477,-51.581788,-30.915409,-51.581817,BRIDGE
-30.915089,-53.106259,-30.914318,-53.106179,BRIDGE
-30.914625,-55.441276,-30.914631,-55.441387,BRIDGE
-30.910601,-52.592073,-30.910586,-52.591764,BRIDGE
-30.910418,-51.496382,-30.909738,-51.495777,BRIDGE
-30.909833,-55.523308,-30.909781,-55.523407,BRIDGE
-30.907217,-55.512867,-30.907285,-55.512955,BRIDGE
-30.906920,-53.819918,-30.907989,-53.820010,BRIDGE
-30.906754,-53.967865,-30.906932,-53.967887,BRIDGE
-30.905525,-51.803955,-30.905624,-51.803810,BRIDGE
-30.902237,-55.689903,-30.902095,-55.689793,BRIDGE
-30.901197,-52.088096,-30.901335,-52.087960,BRIDGE
-30.900823,-51.798548,-30.900919,-51.798428,BRIDGE
-30.899731,-52.538500,-30.899444,-52.538159,BRIDGE
-30.899375,-54.476348,-30.899365,-54.475987,BRIDGE
-30.898786,-53.425741,-30.898630,-53.425038,BRIDGE
-30.897330,-55.507186,-30.897001,-55.507268,BRIDGE
-30.896971,-52.622961,-30.896925,-52.623168,BRIDGE
-30.896263,-53.432673,-30.896305,-53.432855,BRIDGE
-30.895749,-53.430310,-30.895789,-53.430468,BRIDGE
-30.895398,-52.366878,-30.895304,-52.366574,BRIDGE
-30.895330,-51.668029,-30.895425,-51.668011,BRIDGE
-30.894866,-55.592354,-30.894907,-55.592438,BRIDGE
-30.894682,-51.703187,-30.894542,-51.703187,BRIDGE
-30.894421,-53.615599,-30.895436,-53.615740,BRIDGE
-30.892499,-52.625676,-30.892320,-52.626003,BRIDGE
-30.891641,-51.647331,-30.891915,-51.647952,BRIDGE
-30.890956,-55.481549,-30.890968,-55.481235,BRIDGE
-30.890953,-52.838145,-30.890855,-52.837754,BRIDGE
-30.890280,-51.720948,-30.890391,-51.721046,BRIDGE
-30.889924,-52.761220,-30.889924,-52.761020,BRIDGE
-30.889838,-52.887752,-30.890015,-52.887572,BRIDGE
-30.888115,-53.076150,-30.888335,-53.076447,BRIDGE
-30.887927,-51.902092,-30.888001,-51.902300,BRIDGE
-30.887522,-51.783112,-30.887411,-51.783046,BRIDGE
-30.887062,-53.445189,-30.886768,-53.445175,BRIDGE
-30.886921,-53.770565,-30.887462,-53.770136,BRIDGE
-30.885412,-51.726663,-30.885316,-51.726539,BRIDGE
-30.885266,-53.321393,-30.885431,-53.322417,BRIDGE
-30.884923,-52.512629,-30.884834,-52.512297,BRIDGE
-30.884266,-55.111583,-30.884386,-55.111583,BRIDGE
-30.883941,-55.533221,-30.883749,-55.533046,BRIDGE
-30.883633,-55.487856,-30.883310,-55.487768,BRIDGE
-30.883021,-55.533043,-30.882912,-55.533185,BRIDGE
-30.882930,-52.425277,-30.882971,-52.424998,BRIDGE
-30.882655,-55.530292,-30.882783,-55.530399,BRIDGE
-30.882233,-55.532666,-30.882294,-55.532575,BRIDGE
-30.882220,-55.531998,-30.882139,-55.531917,BRIDGE
-30.880962,-55.535696,-30.880786,-55.535805,BRIDGE
-30.880637,-55.534911,-30.880743,-55.534723,BRIDGE
-30.880393,-52.318600,-30.880323,-52.318478,BRIDGE
-30.879387,-52.455711,-30.879419,-52.455633,BRIDGE
-30.879310,-55.857545,-30.879464,-55.857441,BRIDGE
-30.879063,-55.522520,-30.878934,-55.522540,BRIDGE
-30.878467,-55.518208,-30.878296,-55.518255,BRIDGE
-30.878306,-55.601932,-30.878223,-55.601851,BRIDGE
-30.877559,-52.178586,-30.877515,-52.178542,BRIDGE
-30.877285,-55.498986,-30.877258,-55.499329,BRIDGE
-30.875885,-51.991599,-30.875932,-51.991416,BRIDGE
-30.875477,-53.149424,-30.875245,-53.149417,BRIDGE
-30.875430,-53.004012,-30.875632,-53.004058,BRIDGE
-30.873509,-52.129246,-30.873620,-52.129407,BRIDGE
-30.873374,-52.472532,-30.873515,-52.472558,BRIDGE
-30.871934,-55.504649,-30.872150,-55.504834,BRIDGE
-30.871932,-54.167478,-30.871981,-54.167349,BRIDGE
-30.871866,-51.807974,-30.871493,-51.807408,BRIDGE
-30.871679,-55.509318,-30.871884,-55.509456,BRIDGE
-30.871525,-55.852239,-30.871655,-55.852444,BRIDGE
-30.871490,-55.510940,-30.871666,-55.510900,BRIDGE
-30.871391,-51.807467,-30.871766,-51.808055,BRIDGE
-30.871307,-55.600441,-30.871270,-55.600393,BRIDGE
-30.871237,-52.315127,-30.871033,-52.315221,BRIDGE
-30.870963,-55.349585,-30.870950,-55.349124,BRIDGE
-30.870671,-52.263948,-30.870623,-52.263875,BRIDGE
-30.870331,-51.773223,-30.870449,-51.773199,BRIDGE
-30.869979,-51.767973,-30.870182,-51.767944,BRIDGE
-30.869928,-51.544029,-30.870040,-51.543963,BRIDGE
-30.869826,-51.764276,-30.869741,-51.764284,BRIDGE
-30.869781,-51.776860,-30.869694,-51.776843,BRIDGE
-30.869162,-51.803717,-30.869286,-51.803923,BRIDGE
-30.869037,-52.982332,-30.868751,-52.982147,BRIDGE
-30.867923,-51.780028,-30.868063,-51.780111,BRIDGE
-30.867722,-55.507551,-30.868322,-55.507803,BRIDGE
-30.867538,-52.042165,-30.867189,-52.041967,BRIDGE
-30.867365,-53.410327,-30.867099,-53.410240,BRIDGE
-30.866993,-53.317264,-30.867150,-53.316983,BRIDGE
-30.866865,-55.295758,-30.866849,-55.295504,BRIDGE
-30.866857,-52.241335,-30.866710,-52.242018,BRIDGE
-30.866239,-55.607666,-30.866182,-55.607425,TUNNEL
-30.865398,-52.110602,-30.865431,-52.109882,BRIDGE
-30.864566,-51.795875,-30.864481,-51.795943,BRIDGE
-30.864269,-55.251919,-30.864316,-55.251756,BRIDGE
-30.864087,-55.537357,-30.863916,-55.537361,BRIDGE
-30.863971,-51.806393,-30.864044,-51.806538,BRIDGE
-30.862439,-55.545430,-30.862313,-55.545556,BRIDGE
-30.862347,-53.223786,-30.862649,-53.224588,BRIDGE
-30.862085,-55.544730,-30.861974,-55.544837,BRIDGE
-30.861357,-53.616198,-30.863351,-53.616809,BRIDGE
-30.857751,-52.005329,-30.857817,-52.005393,BRIDGE
-30.856911,-55.490533,-30.856770,-55.490453,BRIDGE
-30.856698,-51.815623,-30.856163,-51.815667,BRIDGE
-30.855867,-55.538549,-30.855810,-55.538866,BRIDGE
-30.854545,-51.821587,-30.854729,-51.821782,BRIDGE
-30.854174,-52.985218,-30.853738,-52.985773,BRIDGE
-30.852639,-51.998323,-30.852639,-51.998581,BRIDGE
-30.850880,-55.415171,-30.850987,-55.415230,BRIDGE
-30.849784,-51.832252,-30.849714,-51.832015,BRIDGE
-30.849603,-53.100913,-30.849369,-53.100937,BRIDGE
-30.849135,-53.254686,-30.849452,-53.254904,BRIDGE
-30.848596,-52.573066,-30.850485,-52.573150,BRIDGE
-30.845781,-52.571537,-30.846961,-52.572249,BRIDGE
-30.845323,-52.075611,-30.845285,-52.075502,BRIDGE
-30.845187,-54.544088,-30.844779,-54.543962,BRIDGE
-30.842416,-51.982380,-30.842416,-51.982595,BRIDGE
-30.841484,-55.035405,-30.841128,-55.036925,BRIDGE
-30.841314,-51.932911,-30.841181,-51.932841,BRIDGE
-30.839941,-55.404980,-30.839969,-55.405807,BRIDGE
-30.839748,-55.042971,-30.839554,-55.043821,BRIDGE
-30.839203,-51.528781,-30.839187,-51.529666,BRIDGE
-30.838396,-55.048907,-30.837983,-55.050709,BRIDGE
-30.837981,-52.177350,-30.838156,-52.177473,BRIDGE
-30.836195,-52.571325,-30.836630,-52.571193,BRIDGE
-30.836047,-55.059120,-30.835840,-55.060029,BRIDGE
-30.834032,-53.898393,-30.834214,-53.898345,BRIDGE
-30.834030,-52.871767,-30.834035,-52.872298,BRIDGE
-30.833497,-52.041437,-30.833720,-52.041314,BRIDGE
-30.831391,-55.605694,-30.831481,-55.605702,BRIDGE
-30.830856,-53.601496,-30.831321,-53.601767,BRIDGE
-30.824939,-53.332275,-30.824992,-53.332047,BRIDGE
-30.822983,-55.736202,-30.823476,-55.736039,BRIDGE
-30.821999,-51.900197,-30.822113,-51.900256,BRIDGE
-30.821949,-53.096283,-30.821768,-53.095988,BRIDGE
-30.820508,-54.299002,-30.820406,-54.298893,BRIDGE
-30.819730,-51.926170,-30.819797,-51.926381,BRIDGE
-30.817483,-51.936091,-30.817388,-51.936123,BRIDGE
-30.815994,-53.896920,-30.816441,-53.896703,BRIDGE
-30.815903,-53.900280,-30.815621,-53.899596,BRIDGE
-30.815494,-52.013902,-30.815676,-52.013923,BRIDGE
-30.815197,-52.114522,-30.814863,-52.114533,BRIDGE
-30.815106,-53.889840,-30.814845,-53.888885,BRIDGE
-30.814718,-53.434741,-30.814469,-53.435000,BRIDGE
-30.814524,-55.598167,-30.814153,-55.598770,BRIDGE
-30.813932,-52.173563,-30.813946,-52.173440,BRIDGE
-30.813520,-52.249721,-30.813739,-52.249584,BRIDGE
-30.812527,-52.177425,-30.812423,-52.177268,BRIDGE
-30.812493,-53.902276,-30.812656,-53.902705,BRIDGE
-30.812275,-53.183934,-30.811852,-53.184274,BRIDGE
-30.812199,-53.903492,-30.811970,-53.902801,BRIDGE
-30.811661,-53.415395,-30.811877,-53.415312,BRIDGE
-30.811616,-53.891734,-30.811635,-53.891593,BRIDGE
-30.811405,-53.891834,-30.811332,-53.891758,BRIDGE
-30.811289,-53.891770,-30.811359,-53.891841,BRIDGE
-30.809486,-52.094781,-30.809932,-52.094789,BRIDGE
-30.809203,-55.537565,-30.809360,-55.537176,BRIDGE
-30.808919,-53.892340,-30.808921,-53.892172,BRIDGE
-30.805875,-55.632085,-30.805938,-55.632144,BRIDGE
-30.805125,-52.135988,-30.805273,-52.135993,BRIDGE
-30.803623,-53.579346,-30.804062,-53.579625,BRIDGE
-30.803094,-55.627621,-30.802934,-55.628146,BRIDGE
-30.802943,-51.722855,-30.802940,-51.722724,BRIDGE
-30.802716,-52.453677,-30.802932,-52.453668,BRIDGE
-30.801365,-53.000586,-30.801628,-53.000769,BRIDGE
-30.799361,-55.001482,-30.799301,-55.001545,BRIDGE
-30.798876,-52.388334,-30.798793,-52.388433,BRIDGE
-30.798776,-52.779275,-30.798530,-52.779125,BRIDGE
-30.798041,-53.073307,-30.798258,-53.073320,BRIDGE
-30.797308,-52.294769,-30.796995,-52.294836,BRIDGE
-30.796941,-52.183349,-30.796800,-52.183346,BRIDGE
-30.796918,-54.998583,-30.796835,-54.998491,BRIDGE
-30.796092,-52.422913,-30.796073,-52.423398,BRIDGE
-30.792078,-52.789274,-30.791911,-52.789003,BRIDGE
-30.791992,-52.521986,-30.791839,-52.521982,BRIDGE
-30.791749,-54.260299,-30.791405,-54.260143,BRIDGE
-30.791557,-55.207346,-30.792109,-55.209751,BRIDGE
-30.788311,-55.193033,-30.788376,-55.193284,BRIDGE
-30.786723,-55.008778,-30.786799,-55.008861,BRIDGE
-30.785401,-54.256828,-30.785237,-54.256582,BRIDGE
-30.783894,-52.146006,-30.784253,-52.146000,BRIDGE
-30.782521,-52.214699,-30.782474,-52.214875,BRIDGE
-30.782478,-51.502649,-30.782549,-51.502734,BRIDGE
-30.782031,-51.456158,-30.782108,-51.456164,BRIDGE
-30.781597,-51.457949,-30.781523,-51.458040,BRIDGE
-30.780248,-52.071722,-30.780103,-52.071920,BRIDGE
-30.780218,-52.097026,-30.780087,-52.097125,BRIDGE
-30.779020,-52.056655,-30.779025,-52.056885,BRIDGE
-30.778464,-52.041453,-30.778659,-52.041441,BRIDGE
-30.778433,-51.451352,-30.778567,-51.451323,BRIDGE
-30.777444,-51.955475,-30.777552,-51.955413,BRIDGE
-30.775975,-55.429908,-30.775907,-55.430322,BRIDGE
-30.775672,-52.742502,-30.775699,-52.742239,BRIDGE
-30.775178,-52.251247,-30.775213,-52.251443,BRIDGE
-30.774231,-53.298990,-30.774455,-53.298874,BRIDGE
-30.774198,-52.204793,-30.774277,-52.204963,BRIDGE
-30.773905,-52.532794,-30.773925,-52.532518,BRIDGE
-30.773681,-52.962154,-30.773742,-52.962284,BRIDGE
-30.773172,-55.424274,-30.774492,-55.425478,BRIDGE
-30.770814,-51.452604,-30.770965,-51.452586,BRIDGE
-30.767664,-50.680435,-30.767649,-50.680523,BRIDGE
-30.767415,-53.807346,-30.767390,-53.806454,BRIDGE
-30.766957,-50.694654,-30.766957,-50.694723,BRIDGE
-30.765288,-50.645145,-30.765286,-50.645204,BRIDGE
-30.765213,-52.291333,-30.764937,-52.290807,BRIDGE
-30.763418,-52.190347,-30.763258,-52.190096,BRIDGE
-30.763033,-51.909896,-30.763102,-51.910336,BRIDGE
-30.762012,-55.799000,-30.762372,-55.798434,BRIDGE
-30.761738,-52.007971,-30.761830,-52.008196,BRIDGE
-30.760679,-52.116806,-30.760571,-52.116811,BRIDGE
-30.759100,-51.866068,-30.759149,-51.865902,BRIDGE
-30.754969,-50.645302,-30.754848,-50.645398,BRIDGE
-30.754180,-52.946688,-30.753719,-52.946360,BRIDGE
-30.754010,-53.869413,-30.753799,-53.869239,BRIDGE
-30.752514,-50.652244,-30.752501,-50.652347,BRIDGE
-30.751120,-51.635380,-30.749447,-51.633993,BRIDGE
-30.750289,-51.572631,-30.750248,-51.572492,BRIDGE
-30.749444,-51.634271,-30.750833,-51.635463,BRIDGE
-30.749351,-52.646621,-30.749441,-52.646458,BRIDGE
-30.748759,-54.829752,-30.748801,-54.829945,BRIDGE
-30.748244,-53.080434,-30.748288,-53.080273,BRIDGE
-30.745605,-55.967672,-30.745347,-55.967382,BRIDGE
-30.745454,-54.259950,-30.745510,-54.260111,BRIDGE
-30.745281,-53.921895,-30.744760,-53.921788,BRIDGE
-30.742979,-55.353560,-30.742483,-55.353533,BRIDGE
-30.742283,-53.050500,-30.742190,-53.050311,BRIDGE
-30.741226,-51.773660,-30.740834,-51.773684,BRIDGE
-30.740706,-52.048258,-30.740685,-52.048161,BRIDGE
-30.740393,-52.230163,-30.740116,-52.230635,BRIDGE
-30.740354,-53.709816,-30.740278,-53.709708,BRIDGE
-30.740245,-54.965695,-30.740109,-54.965690,BRIDGE
-30.739842,-53.623267,-30.739913,-53.622991,BRIDGE
-30.739534,-52.065550,-30.739268,-52.065351,BRIDGE
-30.739430,-54.965516,-30.739268,-54.965499,BRIDGE
-30.738681,-52.063301,-30.738676,-52.063163,BRIDGE
-30.737824,-51.865873,-30.737813,-51.866203,BRIDGE
-30.733992,-52.159084,-30.734099,-52.159087,BRIDGE
-30.733087,-53.701049,-30.733029,-53.700982,BRIDGE
-30.732929,-54.967230,-30.732898,-54.967333,BRIDGE
-30.732611,-51.802826,-30.732752,-51.802866,BRIDGE
-30.732353,-54.975720,-30.732169,-54.975436,BRIDGE
-30.732069,-55.475088,-30.731991,-55.475115,BRIDGE
-30.731074,-54.968213,-30.730881,-54.968306,BRIDGE
-30.730657,-54.969677,-30.730546,-54.969776,BRIDGE
-30.730372,-55.954871,-30.730291,-55.954730,BRIDGE
-30.730090,-54.309409,-30.730267,-54.309500,BRIDGE
-30.730078,-51.756956,-30.729973,-51.756609,BRIDGE
-30.730020,-54.968132,-30.729639,-54.968084,BRIDGE
-30.729346,-52.749735,-30.729378,-52.749991,BRIDGE
-30.728516,-55.931308,-30.728630,-55.931121,BRIDGE
-30.727546,-53.210799,-30.727224,-53.211084,BRIDGE
-30.725361,-51.939217,-30.725288,-51.938964,BRIDGE
-30.724219,-55.686556,-30.724160,-55.686624,BRIDGE
-30.723772,-54.940242,-30.723929,-54.940103,BRIDGE
-30.723678,-53.667050,-30.723857,-53.666956,BRIDGE
-30.720608,-51.873177,-30.720801,-51.872939,BRIDGE
-30.719590,-55.424924,-30.719851,-55.424794,BRIDGE
-30.718242,-52.201519,-30.718107,-52.201743,BRIDGE
-30.717860,-52.306399,-30.718116,-52.306211,BRIDGE
-30.717256,-51.432863,-30.717461,-51.432947,BRIDGE
-30.715916,-52.349352,-30.716100,-52.349339,BRIDGE
-30.715473,-53.023516,-30.715411,-53.023670,BRIDGE
-30.711762,-55.694821,-30.711518,-55.694981,BRIDGE
-30.710683,-52.087779,-30.710808,-52.087925,BRIDGE
-30.709880,-54.355560,-30.709923,-54.355640,BRIDGE
-30.709708,-54.046865,-30.709705,-54.046542,BRIDGE
-30.708315,-55.887341,-30.708199,-55.887684,BRIDGE
-30.707526,-55.744773,-30.707535,-55.744696,BRIDGE
-30.706844,-51.819838,-30.706669,-51.819786,BRIDGE
-30.706604,-52.982641,-30.706437,-52.982242,BRIDGE
-30.706158,-52.100278,-30.706070,-52.100085,BRIDGE
-30.705746,-53.797726,-30.705952,-53.797581,BRIDGE
-30.703097,-51.944212,-30.703183,-51.944460,BRIDGE
-30.702172,-53.493114,-30.702141,-53.493279,BRIDGE
-30.701580,-52.104472,-30.701492,-52.104804,BRIDGE
-30.700659,-52.172500,-30.700456,-52.172747,BRIDGE
-30.700338,-54.213571,-30.700375,-54.213621,BRIDGE
-30.699535,-52.334293,-30.699979,-52.334278,BRIDGE
-30.699491,-54.352101,-30.699579,-54.352131,BRIDGE
-30.699004,-52.113390,-30.699188,-52.113182,BRIDGE
-30.698126,-52.727695,-30.698144,-52.727489,BRIDGE
-30.696795,-52.336637,-30.696759,-52.336079,BRIDGE
-30.696373,-52.059928,-30.695932,-52.060965,BRIDGE
-30.696320,-51.949337,-30.696047,-51.949399,BRIDGE
-30.695189,-53.393103,-30.695447,-53.393153,BRIDGE
-30.694525,-52.341220,-30.694695,-52.340966,BRIDGE
-30.694200,-52.061144,-30.694201,-52.061028,BRIDGE
-30.693569,-53.393737,-30.693632,-53.393476,BRIDGE
-30.693306,-52.801340,-30.693396,-52.801061,BRIDGE
-30.692252,-54.921664,-30.692347,-54.921537,BRIDGE
-30.691974,-54.611571,-30.691716,-54.611189,BRIDGE
-30.691394,-53.248487,-30.691143,-53.248742,BRIDGE
-30.690090,-51.697269,-30.689910,-51.697033,BRIDGE
-30.686843,-53.030248,-30.687136,-53.030211,BRIDGE
-30.685169,-51.820974,-30.685307,-51.820565,BRIDGE
-30.684202,-52.237005,-30.683941,-52.237115,BRIDGE
-30.682661,-51.662669,-30.682762,-51.662622,BRIDGE
-30.681971,-52.165591,-30.681713,-52.166015,BRIDGE
-30.681699,-52.898253,-30.681962,-52.898203,BRIDGE
-30.681393,-51.409724,-30.681220,-51.409615,BRIDGE
-30.681261,-51.709799,-30.681389,-51.709788,BRIDGE
-30.681231,-53.444273,-30.681873,-53.444697,BRIDGE
-30.679669,-51.395963,-30.679862,-51.395998,BRIDGE
-30.679414,-51.400543,-30.679539,-51.400554,BRIDGE
-30.678832,-52.464504,-30.678802,-52.464384,BRIDGE
-30.676634,-53.467731,-30.676911,-53.467598,BRIDGE
-30.673850,-54.411482,-30.673850,-54.411398,BRIDGE
-30.672437,-51.945181,-30.672551,-51.945210,BRIDGE
-30.671376,-53.422742,-30.671359,-53.422637,BRIDGE
-30.671088,-51.416520,-30.670930,-51.416496,BRIDGE
-30.670927,-55.219876,-30.670489,-55.220068,BRIDGE
-30.670563,-54.213498,-30.670499,-54.213338,BRIDGE
-30.669943,-52.240897,-30.670077,-52.240607,BRIDGE
-30.669312,-55.889755,-30.669311,-55.889480,BRIDGE
-30.669294,-54.566556,-30.669390,-54.566679,BRIDGE
-30.668691,-54.346548,-30.668687,-54.346460,BRIDGE
-30.667273,-52.390164,-30.667174,-52.389944,BRIDGE
-30.667234,-51.392210,-30.667354,-51.392233,BRIDGE
-30.666443,-55.252188,-30.666145,-55.252135,BRIDGE
-30.666308,-53.019317,-30.666520,-53.019436,BRIDGE
-30.666299,-52.976676,-30.666349,-52.976845,BRIDGE
-30.666271,-54.348016,-30.666268,-54.348098,BRIDGE
-30.665411,-51.827472,-30.665377,-51.827078,BRIDGE
-30.665385,-55.955298,-30.665192,-55.955163,BRIDGE
-30.664630,-55.875084,-30.664351,-55.875456,BRIDGE
-30.662734,-54.107851,-30.662587,-54.107872,BRIDGE
-30.662211,-51.392698,-30.662025,-51.392682,BRIDGE
-30.662145,-53.686988,-30.662238,-53.687294,BRIDGE
-30.661672,-52.671735,-30.661585,-52.671619,BRIDGE
-30.660044,-53.914821,-30.659938,-53.914548,BRIDGE
-30.659979,-51.398300,-30.660167,-51.398236,BRIDGE
-30.657537,-55.694488,-30.657456,-55.694491,BRIDGE
-30.657040,-51.603330,-30.657126,-51.603463,BRIDGE
-30.652707,-51.604419,-30.652741,-51.604338,BRIDGE
-30.652570,-54.239881,-30.652618,-54.240128,BRIDGE
-30.650900,-56.037972,-30.650813,-56.036914,BRIDGE
-30.650642,-52.081657,-30.650734,-52.081741,BRIDGE
-30.650237,-52.235087,-30.650112,-52.235025,BRIDGE
-30.649485,-56.065656,-30.649406,-56.065119,BRIDGE
-30.649381,-52.332206,-30.649701,-52.331874,BRIDGE
-30.647748,-52.228878,-30.647714,-52.228795,BRIDGE
-30.647360,-51.718748,-30.648049,-51.718331,BRIDGE
-30.646625,-53.401997,-30.647247,-53.402964,BRIDGE
-30.646557,-51.913032,-30.646480,-51.912924,BRIDGE
-30.645638,-53.298422,-30.645228,-53.299092,BRIDGE
-30.645560,-51.813793,-30.645712,-51.813908,BRIDGE
-30.645200,-52.233220,-30.645082,-52.232965,BRIDGE
-30.644069,-52.157882,-30.644457,-52.158290,BRIDGE
-30.642824,-53.952640,-30.642849,-53.952508,BRIDGE
-30.638574,-53.495894,-30.638775,-53.495945,BRIDGE
-30.638222,-52.871480,-30.638490,-52.871060,BRIDGE
-30.638185,-51.738316,-30.638264,-51.738351,BRIDGE
-30.637869,-52.090233,-30.637868,-52.090473,BRIDGE
-30.637432,-51.972233,-30.637258,-51.972174,BRIDGE
-30.637086,-54.349304,-30.636966,-54.349347,BRIDGE
-30.636539,-54.355705,-30.636474,-54.355632,BRIDGE
-30.636270,-51.734745,-30.636282,-51.734811,BRIDGE
-30.635639,-53.496755,-30.635819,-53.496702,BRIDGE
-30.634305,-51.330778,-30.634224,-51.330940,BRIDGE
-30.634079,-51.724445,-30.634105,-51.724476,BRIDGE
-30.634003,-52.108470,-30.633855,-52.108557,BRIDGE
-30.633610,-54.224726,-30.633905,-54.224893,BRIDGE
-30.633212,-51.381651,-30.633100,-51.381515,BRIDGE
-30.633145,-51.729163,-30.633203,-51.729149,BRIDGE
-30.631387,-53.381124,-30.631345,-53.380710,BRIDGE
-30.630074,-52.674594,-30.630217,-52.674477,BRIDGE
-30.628930,-51.806222,-30.628713,-51.806302,BRIDGE
-30.626610,-50.602848,-30.626500,-50.602752,BRIDGE
-30.625256,-52.575914,-30.625211,-52.575760,BRIDGE
-30.624354,-51.545980,-30.623883,-51.545792,BRIDGE
-30.623782,-51.545981,-30.624067,-51.546096,BRIDGE
-30.623243,-53.777212,-30.623075,-53.777139,BRIDGE
-30.623214,-54.442408,-30.623148,-54.442605,BRIDGE
-30.622689,-52.019805,-30.623000,-52.019502,BRIDGE
-30.620942,-51.850157,-30.621041,-51.850281,BRIDGE
-30.619133,-54.359611,-30.619229,-54.359549,BRIDGE
-30.615648,-55.938727,-30.615221,-55.939522,BRIDGE
-30.615445,-52.654515,-30.615686,-52.654480,BRIDGE
-30.614088,-52.126453,-30.614176,-52.126517,BRIDGE
-30.613983,-51.573724,-30.613940,-51.573633,BRIDGE
-30.613718,-51.734299,-30.613612,-51.733987,BRIDGE
-30.613483,-55.553917,-30.613434,-55.553835,BRIDGE
-30.613414,-51.732984,-30.613423,-51.732715,BRIDGE
-30.612808,-51.709356,-30.612830,-51.709181,BRIDGE
-30.609846,-51.575997,-30.609728,-51.575782,BRIDGE
-30.609593,-51.876724,-30.609704,-51.876916,BRIDGE
-30.609033,-52.004010,-30.608922,-52.003795,BRIDGE
-30.603809,-53.368429,-30.602999,-53.368626,BRIDGE
-30.603697,-52.388886,-30.603476,-52.388984,BRIDGE
-30.603094,-52.378571,-30.603516,-52.378783,BRIDGE
-30.601236,-53.842684,-30.601054,-53.842766,BRIDGE
-30.600980,-50.605445,-30.600818,-50.605444,BRIDGE
-30.599432,-51.765802,-30.599255,-51.765938,BRIDGE
-30.598402,-51.745550,-30.598540,-51.745451,BRIDGE
-30.598132,-52.241583,-30.598010,-52.241568,BRIDGE
-30.595767,-53.673671,-30.595929,-53.673395,BRIDGE
-30.594206,-52.051839,-30.593911,-52.051613,BRIDGE
-30.593497,-54.217699,-30.593617,-54.217848,BRIDGE
-30.593246,-52.003156,-30.592904,-52.003172,BRIDGE
-30.590745,-51.748342,-30.590953,-51.748727,BRIDGE
-30.590734,-54.037915,-30.590795,-54.038051,BRIDGE
-30.586818,-53.645940,-30.586659,-53.645731,BRIDGE
-30.586453,-52.211725,-30.586449,-52.211562,BRIDGE
-30.586302,-54.389511,-30.586433,-54.389439,BRIDGE
-30.584554,-54.216094,-30.584740,-54.216096,BRIDGE
-30.583172,-53.648206,-30.583052,-53.648330,BRIDGE
-30.583161,-52.142460,-30.583165,-52.142267,BRIDGE
-30.582888,-53.393230,-30.583168,-53.393358,BRIDGE
-30.582744,-50.661518,-30.582848,-50.661567,BRIDGE
-30.580519,-55.553909,-30.580569,-55.553742,BRIDGE
-30.580379,-50.569276,-30.580435,-50.569340,BRIDGE
-30.578792,-50.570317,-30.578699,-50.570162,BRIDGE
-30.578233,-55.086281,-30.579821,-55.086670,BRIDGE
-30.577527,-50.600597,-30.577681,-50.600483,BRIDGE
-30.576593,-55.085860,-30.578233,-55.086281,BRIDGE
-30.575390,-51.982516,-30.575294,-51.982616,BRIDGE
-30.575329,-52.007359,-30.575170,-52.007030,BRIDGE
-30.575294,-51.982616,-30.575175,-51.982728,BRIDGE
-30.574954,-51.894340,-30.574944,-51.894552,BRIDGE
-30.574644,-55.561328,-30.574577,-55.561668,BRIDGE
-30.573759,-53.593432,-30.573898,-53.593540,BRIDGE
-30.573528,-56.066993,-30.573226,-56.067913,BRIDGE
-30.571814,-53.452182,-30.571887,-53.451858,BRIDGE
-30.570696,-55.174557,-30.570574,-55.174651,BRIDGE
-30.569216,-52.335188,-30.569387,-52.334987,BRIDGE
-30.567118,-53.650580,-30.566841,-53.650459,BRIDGE
-30.566920,-53.473412,-30.566842,-53.473478,BRIDGE
-30.565269,-55.574242,-30.565194,-55.574287,BRIDGE
-30.565262,-52.339268,-30.565251,-52.338975,BRIDGE
-30.565221,-52.007393,-30.565145,-52.007677,BRIDGE
-30.564968,-51.786761,-30.564785,-51.786740,BRIDGE
-30.564460,-54.375347,-30.564545,-54.375563,TUNNEL
-30.562947,-51.670877,-30.562839,-51.670919,BRIDGE
-30.562516,-51.775410,-30.562448,-51.775106,BRIDGE
-30.562043,-52.865122,-30.561987,-52.865292,BRIDGE
-30.561593,-54.113189,-30.561608,-54.113235,BRIDGE
-30.561212,-54.175301,-30.561293,-54.175298,BRIDGE
-30.560123,-52.852524,-30.560025,-52.852458,BRIDGE
-30.557917,-51.798955,-30.558090,-51.798813,BRIDGE
-30.557803,-50.603065,-30.557886,-50.603148,BRIDGE
-30.557752,-51.631465,-30.557614,-51.631587,BRIDGE
-30.557542,-51.658074,-30.557635,-51.658069,BRIDGE
-30.556119,-56.106298,-30.555602,-56.107241,BRIDGE
-30.555756,-56.212808,-30.556797,-56.213195,BRIDGE
-30.555404,-55.576730,-30.555320,-55.576857,BRIDGE
-30.554944,-52.030718,-30.554925,-52.031126,BRIDGE
-30.550840,-53.412621,-30.550442,-53.413068,BRIDGE
-30.550564,-55.156653,-30.550279,-55.156456,BRIDGE
-30.550105,-52.106285,-30.550257,-52.106263,BRIDGE
-30.548779,-55.582288,-30.548682,-55.582417,BRIDGE
-30.547145,-51.525875,-30.547076,-51.526018,BRIDGE
-30.546790,-51.819423,-30.546857,-51.819288,BRIDGE
-30.545859,-54.115503,-30.545814,-54.115577,BRIDGE
-30.545618,-51.620480,-30.545681,-51.620542,BRIDGE
-30.544584,-52.854563,-30.544655,-52.854562,BRIDGE
-30.543934,-51.824780,-30.544018,-51.824796,BRIDGE
-30.543489,-55.587426,-30.543379,-55.587520,BRIDGE
-30.543123,-55.432624,-30.543425,-55.432727,BRIDGE
-30.542995,-55.587863,-30.542869,-55.587996,BRIDGE
-30.542868,-56.340879,-30.543382,-56.340630,BRIDGE
-30.541907,-53.376475,-30.541066,-53.376185,BRIDGE
-30.541841,-51.536353,-30.541992,-51.536396,BRIDGE
-30.541612,-51.509310,-30.541227,-51.509109,BRIDGE
-30.541176,-51.509344,-30.541522,-51.509525,BRIDGE
-30.540841,-52.829913,-30.540892,-52.829985,BRIDGE
-30.540731,-54.038463,-30.540550,-54.038348,BRIDGE
-30.540597,-50.419750,-30.540257,-50.420358,BRIDGE
-30.540539,-54.072005,-30.540572,-54.072042,BRIDGE
-30.540474,-54.071925,-30.540539,-54.072005,BRIDGE
-30.540101,-53.427327,-30.540110,-53.427036,BRIDGE
-30.539889,-51.583884,-30.540012,-51.583866,BRIDGE
-30.539806,-51.525467,-30.539623,-51.525449,BRIDGE
-30.539804,-53.346429,-30.540281,-53.346051,BRIDGE
-30.538294,-51.832302,-30.538409,-51.832270,BRIDGE
-30.538060,-50.587522,-30.538169,-50.587532,BRIDGE
-30.537069,-53.412276,-30.537167,-53.412441,BRIDGE
-30.536809,-56.140726,-30.536563,-56.141164,BRIDGE
-30.536329,-54.144577,-30.536380,-54.144588,BRIDGE
-30.536279,-54.144558,-30.536329,-54.144577,BRIDGE
-30.535073,-51.790182,-30.534975,-51.790008,BRIDGE
-30.534232,-54.256219,-30.534282,-54.256255,BRIDGE
-30.533652,-51.422041,-30.533960,-51.421861,BRIDGE
-30.532758,-53.563760,-30.532627,-53.564107,BRIDGE
-30.532608,-53.999664,-30.532446,-53.999718,BRIDGE
-30.532158,-51.843752,-30.532221,-51.843662,BRIDGE
-30.531923,-53.407422,-30.531539,-53.407415,BRIDGE
-30.529900,-51.956484,-30.530140,-51.956277,BRIDGE
-30.529459,-53.406453,-30.529547,-53.406604,BRIDGE
-30.529399,-52.049414,-30.529251,-52.049301,BRIDGE
-30.527986,-53.240592,-30.527614,-53.240756,BRIDGE
-30.527067,-54.211341,-30.527206,-54.211349,BRIDGE
-30.527033,-51.721558,-30.527082,-51.721385,BRIDGE
-30.527010,-53.404687,-30.527135,-53.405039,BRIDGE
-30.526416,-50.586121,-30.526550,-50.586049,BRIDGE
-30.525284,-53.598412,-30.524975,-53.598603,BRIDGE
-30.523879,-50.585537,-30.523803,-50.585531,BRIDGE
-30.522736,-50.584556,-30.522791,-50.584356,BRIDGE
-30.518370,-51.659618,-30.518364,-51.659690,BRIDGE
-30.517722,-53.656889,-30.517454,-53.657114,BRIDGE
-30.515313,-51.664021,-30.515589,-51.663788,BRIDGE
-30.514034,-50.588407,-30.514154,-50.588433,BRIDGE
-30.513543,-54.408350,-30.513554,-54.408439,BRIDGE
-30.513301,-54.406577,-30.513315,-54.406732,BRIDGE
-30.513058,-53.302527,-30.512917,-53.302281,BRIDGE
-30.512195,-53.303765,-30.512438,-53.303542,BRIDGE
-30.511128,-52.594714,-30.511210,-52.594632,BRIDGE
-30.509883,-55.604404,-30.509780,-55.604711,BRIDGE
-30.509753,-54.394568,-30.509813,-54.394641,BRIDGE
-30.509647,-51.755970,-30.509502,-51.756124,BRIDGE
-30.508205,-55.052611,-30.508695,-55.053713,BRIDGE
-30.506894,-55.615953,-30.506739,-55.616124,BRIDGE
-30.502190,-52.212843,-30.502376,-52.213220,BRIDGE
-30.497762,-51.925282,-30.497739,-51.925319,BRIDGE
-30.497739,-51.925319,-30.497706,-51.925376,BRIDGE
-30.496811,-54.058134,-30.496987,-54.058104,BRIDGE
-30.496806,-54.554160,-30.496895,-54.554248,BRIDGE
-30.495551,-56.205208,-30.494737,-56.206324,BRIDGE
-30.495199,-51.397211,-30.495358,-51.397108,BRIDGE
-30.493914,-54.411783,-30.493866,-54.411782,BRIDGE
-30.491601,-54.330083,-30.491679,-54.330137,BRIDGE
-30.490581,-52.667882,-30.490409,-52.667377,BRIDGE
-30.490216,-52.588258,-30.490493,-52.587976,BRIDGE
-30.489109,-53.943618,-30.489047,-53.943464,BRIDGE
-30.489058,-54.063633,-30.489085,-54.063815,BRIDGE
-30.488768,-55.823825,-30.488472,-55.824174,BRIDGE
-30.488563,-53.316141,-30.488836,-53.316231,BRIDGE
-30.487731,-51.394864,-30.487930,-51.394947,BRIDGE
-30.486911,-54.368636,-30.486894,-54.368417,TUNNEL
-30.486602,-54.062042,-30.486488,-54.062035,BRIDGE
-30.486375,-53.786795,-30.486334,-53.786642,BRIDGE
-30.486023,-53.118848,-30.486207,-53.118610,BRIDGE
-30.485019,-55.443206,-30.485385,-55.443271,BRIDGE
-30.484600,-53.387859,-30.484480,-53.388030,BRIDGE
-30.484577,-50.558167,-30.484423,-50.558342,BRIDGE
-30.484377,-53.401368,-30.484620,-53.401324,BRIDGE
-30.482426,-54.220509,-30.482579,-54.220668,BRIDGE
-30.482356,-53.367787,-30.483264,-53.367792,BRIDGE
-30.481622,-51.797257,-30.481724,-51.797209,BRIDGE
-30.481404,-53.249468,-30.481891,-53.249294,BRIDGE
-30.481375,-54.317721,-30.481419,-54.317794,BRIDGE
-30.480770,-54.959439,-30.480929,-54.959565,BRIDGE
-30.479958,-52.509375,-30.479829,-52.509330,BRIDGE
-30.479215,-54.220739,-30.479291,-54.220703,BRIDGE
-30.477120,-53.585697,-30.477328,-53.585735,BRIDGE
-30.476761,-53.569117,-30.476416,-53.569437,BRIDGE
-30.476702,-54.403547,-30.476730,-54.403464,BRIDGE
-30.476131,-53.545477,-30.476205,-53.546185,BRIDGE
-30.475541,-53.613919,-30.475288,-53.614226,BRIDGE
-30.474541,-53.597812,-30.475262,-53.598713,BRIDGE
-30.474240,-55.821959,-30.474112,-55.821347,BRIDGE
-30.473592,-51.608735,-30.473863,-51.608528,BRIDGE
-30.473545,-55.152229,-30.473227,-55.152500,BRIDGE
-30.472252,-55.822417,-30.472409,-55.822387,BRIDGE
-30.471362,-55.632715,-30.471225,-55.632638,BRIDGE
-30.471082,-50.636794,-30.471209,-50.636697,BRIDGE
-30.468722,-52.536176,-30.468578,-52.536093,BRIDGE
-30.468601,-51.372982,-30.468669,-51.372844,BRIDGE
-30.468093,-52.823092,-30.467998,-52.823279,BRIDGE
-30.467083,-54.407397,-30.467081,-54.407326,BRIDGE
-30.467048,-51.561579,-30.467307,-51.561511,BRIDGE
-30.466566,-51.842579,-30.466711,-51.842484,BRIDGE
-30.464787,-54.090926,-30.464856,-54.090771,BRIDGE
-30.464683,-52.930316,-30.464716,-52.930002,BRIDGE
-30.464655,-51.595056,-30.464893,-51.595002,BRIDGE
-30.464184,-51.839293,-30.464335,-51.839294,BRIDGE
-30.463791,-54.406526,-30.463798,-54.406599,BRIDGE
-30.463055,-51.822978,-30.462867,-51.823081,BRIDGE
-30.462457,-52.550039,-30.462136,-52.549987,BRIDGE
-30.460170,-51.532724,-30.460296,-51.533574,BRIDGE
-30.460079,-54.472905,-30.460108,-54.473002,BRIDGE
-30.459146,-50.494947,-30.459582,-50.494588,BRIDGE
-30.458093,-54.388048,-30.458042,-54.387985,BRIDGE
-30.456484,-53.401054,-30.456594,-53.401106,BRIDGE
-30.456117,-54.387109,-30.456208,-54.387127,BRIDGE
-30.454684,-54.375073,-30.454642,-54.375160,BRIDGE
-30.454558,-52.816547,-30.454614,-52.816362,BRIDGE
-30.453326,-56.318604,-30.453475,-56.318665,BRIDGE
-30.453008,-54.377128,-30.452940,-54.377161,BRIDGE
-30.452126,-56.301932,-30.451775,-56.302983,BRIDGE
-30.451401,-54.358154,-30.451489,-54.358209,BRIDGE
-30.451377,-55.410743,-30.451369,-55.410444,BRIDGE
-30.450875,-55.126055,-30.450449,-55.125717,BRIDGE
-30.449590,-52.064799,-30.449335,-52.065190,BRIDGE
-30.448486,-52.897034,-30.448280,-52.897108,BRIDGE
-30.448463,-53.993352,-30.448440,-53.993482,BRIDGE
-30.446478,-55.053289,-30.448696,-55.053842,BRIDGE
-30.445841,-54.357345,-30.445928,-54.357376,BRIDGE
-30.444377,-55.132892,-30.444282,-55.132973,BRIDGE
-30.443171,-56.283925,-30.443462,-56.283676,BRIDGE
-30.442851,-55.134885,-30.442857,-55.134750,BRIDGE
-30.442588,-55.745097,-30.442436,-55.745391,BRIDGE
-30.441171,-56.026107,-30.441659,-56.025966,BRIDGE
-30.439720,-51.689006,-30.439694,-51.688639,BRIDGE
-30.438365,-52.662307,-30.438426,-52.662438,BRIDGE
-30.438174,-52.225415,-30.437838,-52.225048,BRIDGE
-30.437700,-51.679119,-30.437656,-51.678999,BRIDGE
-30.437656,-51.678999,-30.437617,-51.678857,BRIDGE
-30.436321,-53.893331,-30.436351,-53.893213,BRIDGE
-30.436200,-54.178212,-30.436267,-54.178387,BRIDGE
-30.435529,-52.889435,-30.435850,-52.889665,BRIDGE
-30.432107,-52.108326,-30.432190,-52.108058,BRIDGE
-30.431614,-51.490816,-30.431551,-51.490932,BRIDGE
-30.430351,-53.767023,-30.430427,-53.767161,BRIDGE
-30.429829,-53.456670,-30.429727,-53.456657,BRIDGE
-30.427946,-54.272063,-30.427958,-54.272120,BRIDGE
-30.426174,-54.670366,-30.426132,-54.670306,BRIDGE
-30.426130,-54.682362,-30.426112,-54.682238,BRIDGE
-30.426012,-55.048169,-30.426551,-55.048305,BRIDGE
-30.425963,-52.661411,-30.425953,-52.661041,BRIDGE
-30.425397,-54.669484,-30.425344,-54.669398,BRIDGE
-30.425014,-51.336894,-30.424976,-51.337247,BRIDGE
-30.424985,-50.464580,-30.424927,-50.464712,BRIDGE
-30.422010,-53.692891,-30.422065,-53.692469,BRIDGE
-30.420351,-53.084286,-30.420502,-53.084425,BRIDGE
-30.419429,-52.351909,-30.419681,-52.351740,BRIDGE
-30.419253,-54.525075,-30.419201,-54.524951,BRIDGE
-30.418500,-54.696660,-30.418474,-54.696622,BRIDGE
-30.418357,-51.329040,-30.418516,-51.328934,BRIDGE
-30.415577,-52.073476,-30.415446,-52.073453,BRIDGE
-30.414430,-51.505311,-30.414376,-51.505365,BRIDGE
-30.411422,-54.664947,-30.411489,-54.664901,BRIDGE
-30.409115,-53.476370,-30.409217,-53.476040,BRIDGE
-30.408842,-50.510934,-30.408846,-50.511112,BRIDGE
-30.407311,-56.453311,-30.407332,-56.453383,BRIDGE
-30.407166,-56.455090,-30.407103,-56.455184,BRIDGE
-30.407113,-51.488410,-30.407063,-51.488509,BRIDGE
-30.407027,-51.350526,-30.407217,-51.350524,BRIDGE
-30.406107,-50.445590,-30.406214,-50.445704,BRIDGE
-30.406074,-50.445616,-30.405993,-50.445654,BRIDGE
-30.405840,-55.366115,-30.405808,-55.366322,BRIDGE
-30.405549,-55.363540,-30.405577,-55.363709,BRIDGE
-30.405085,-55.771071,-30.405286,-55.771747,BRIDGE
-30.404670,-52.365672,-30.404813,-52.365670,BRIDGE
-30.400855,-53.534461,-30.401296,-53.534976,BRIDGE
-30.400808,-54.529302,-30.400784,-54.529450,BRIDGE
-30.397950,-51.799045,-30.398019,-51.799140,BRIDGE
-30.397547,-51.680168,-30.397459,-51.680264,BRIDGE
-30.397346,-51.911184,-30.397465,-51.911282,BRIDGE
-30.396682,-55.777994,-30.395948,-55.778293,BRIDGE
-30.396358,-55.720210,-30.396442,-55.720199,BRIDGE
-30.395250,-56.459637,-30.394104,-56.458426,BRIDGE
-30.394589,-51.631292,-30.394467,-51.631247,BRIDGE
-30.394104,-56.458426,-30.393057,-56.457026,BRIDGE
-30.394070,-51.732557,-30.394199,-51.732498,BRIDGE
-30.393501,-54.341291,-30.393611,-54.341107,BRIDGE
-30.393332,-54.165462,-30.393376,-54.165368,BRIDGE
-30.393220,-53.326158,-30.393398,-53.326015,BRIDGE
-30.393057,-56.457026,-30.391336,-56.453812,BRIDGE
-30.392990,-56.447676,-30.393394,-56.447395,BRIDGE
-30.392257,-52.576958,-30.392118,-52.577504,BRIDGE
-30.389843,-56.435823,-30.389116,-56.436228,BRIDGE
-30.388780,-51.686894,-30.388732,-51.686974,BRIDGE
-30.388643,-53.475041,-30.388372,-53.475192,BRIDGE
-30.388371,-51.609646,-30.388593,-51.609638,BRIDGE
-30.387820,-50.288738,-30.387931,-50.288788,BRIDGE
-30.386828,-56.445445,-30.386486,-56.444692,BRIDGE
-30.386087,-56.444630,-30.386081,-56.445151,BRIDGE
-30.385259,-53.509919,-30.384380,-53.510327,BRIDGE
-30.383587,-51.845252,-30.383613,-51.845174,BRIDGE
-30.383446,-53.449032,-30.383293,-53.449013,BRIDGE
-30.381745,-56.387742,-30.381788,-56.387101,BRIDGE
-30.381702,-56.468830,-30.381745,-56.468941,BRIDGE
-30.379169,-53.878412,-30.379063,-53.878359,BRIDGE
-30.378270,-51.431500,-30.377350,-51.431399,BRIDGE
-30.378070,-53.741479,-30.378039,-53.742022,BRIDGE
-30.377304,-51.431651,-30.378071,-51.431728,BRIDGE
-30.377243,-55.927653,-30.377473,-55.927419,BRIDGE
-30.377053,-54.355276,-30.376523,-54.354844,BRIDGE
-30.376882,-53.715084,-30.377153,-53.716366,BRIDGE
-30.375877,-53.613485,-30.376191,-53.614218,BRIDGE
-30.375148,-55.911095,-30.375125,-55.910902,BRIDGE
-30.374919,-53.401395,-30.375044,-53.401765,BRIDGE
-30.374378,-54.353277,-30.374138,-54.353096,BRIDGE
-30.374128,-56.444851,-30.374113,-56.444607,BRIDGE
-30.373476,-50.283249,-30.373530,-50.283269,BRIDGE
-30.372430,-56.444480,-30.373070,-56.444308,BRIDGE
-30.372174,-55.034718,-30.374066,-55.035194,BRIDGE
-30.370759,-53.198137,-30.371127,-53.198044,BRIDGE
-30.370360,-51.547725,-30.370486,-51.547548,BRIDGE
-30.368720,-51.702396,-30.368423,-51.702293,BRIDGE
-30.364381,-53.492482,-30.364344,-53.494316,BRIDGE
-30.363670,-53.615625,-30.363289,-53.616306,BRIDGE
-30.363395,-51.854339,-30.363317,-51.854470,BRIDGE
-30.362239,-51.853023,-30.362078,-51.852892,BRIDGE
-30.362195,-52.357962,-30.362320,-52.357974,BRIDGE
-30.362096,-52.715045,-30.361858,-52.714876,BRIDGE
-30.361791,-51.271885,-30.361767,-51.271694,BRIDGE
-30.361164,-52.358113,-30.361385,-52.358085,BRIDGE
-30.360315,-54.311995,-30.359951,-54.313079,BRIDGE
-30.360190,-53.471039,-30.360088,-53.471461,BRIDGE
-30.359951,-54.313079,-30.359883,-54.313383,BRIDGE
-30.359950,-53.518011,-30.359945,-53.518479,BRIDGE
-30.358919,-51.429674,-30.358566,-51.429657,BRIDGE
-30.358556,-51.429866,-30.358736,-51.429879,BRIDGE
-30.358158,-53.415046,-30.358179,-53.415293,BRIDGE
-30.358145,-54.892258,-30.358298,-54.892309,BRIDGE
-30.357875,-51.429592,-30.357593,-51.429564,BRIDGE
-30.357805,-54.257677,-30.357764,-54.257482,BRIDGE
-30.357525,-51.429761,-30.357874,-51.429797,BRIDGE
-30.356665,-51.580810,-30.356850,-51.580617,BRIDGE
-30.356077,-54.154043,-30.356140,-54.154273,BRIDGE
-30.354496,-55.962359,-30.354351,-55.962413,BRIDGE
-30.353919,-51.429568,-30.353471,-51.429527,BRIDGE
-30.353860,-54.888414,-30.353938,-54.888563,BRIDGE
-30.353823,-51.429222,-30.353563,-51.429193,BRIDGE
-30.353640,-51.429372,-30.353802,-51.429385,BRIDGE
-30.353102,-51.495246,-30.352947,-51.495209,BRIDGE
-30.352988,-50.469807,-30.353041,-50.470033,BRIDGE
-30.351361,-53.961303,-30.351569,-53.961287,BRIDGE
-30.350564,-53.942711,-30.351301,-53.943166,BRIDGE
-30.349310,-50.498051,-30.349348,-50.498147,BRIDGE
-30.349178,-54.323469,-30.349226,-54.323355,TUNNEL
-30.347904,-55.964738,-30.347611,-55.964839,BRIDGE
-30.347555,-54.121769,-30.347909,-54.123094,BRIDGE
-30.346778,-53.970665,-30.346442,-53.971065,BRIDGE
-30.346771,-52.850450,-30.346966,-52.850214,BRIDGE
-30.346438,-56.419877,-30.346277,-56.419730,BRIDGE
-30.345831,-52.293708,-30.346038,-52.293864,BRIDGE
-30.344191,-54.337923,-30.343861,-54.338100,BRIDGE
-30.343880,-52.306784,-30.344663,-52.306720,BRIDGE
-30.343570,-54.963111,-30.343539,-54.963203,BRIDGE
-30.342824,-54.010506,-30.342755,-54.011021,BRIDGE
-30.341240,-54.305791,-30.342148,-54.305370,BRIDGE
-30.340916,-54.123577,-30.340858,-54.123702,BRIDGE
-30.340328,-54.052343,-30.340293,-54.052733,BRIDGE
-30.339764,-52.430883,-30.339745,-52.430664,BRIDGE
-30.338212,-51.650944,-30.338068,-51.650604,BRIDGE
-30.336668,-50.403382,-30.336574,-50.403291,BRIDGE
-30.336243,-54.345227,-30.336282,-54.345230,BRIDGE
-30.335115,-54.342105,-30.335142,-54.342031,BRIDGE
-30.334589,-54.341564,-30.334624,-54.341461,BRIDGE
-30.334544,-52.439808,-30.334597,-52.439725,BRIDGE
-30.334531,-54.341374,-30.334493,-54.341486,BRIDGE
-30.334021,-54.349518,-30.333709,-54.349908,BRIDGE
-30.333238,-52.689574,-30.333617,-52.688906,BRIDGE
-30.331082,-54.323423,-30.331127,-54.323333,BRIDGE
-30.329368,-51.606595,-30.329440,-51.606503,BRIDGE
-30.329320,-53.689031,-30.329156,-53.689052,BRIDGE
-30.328715,-55.583747,-30.328895,-55.583797,BRIDGE
-30.325189,-51.812194,-30.325258,-51.812342,BRIDGE
-30.324696,-54.381715,-30.324592,-54.382161,BRIDGE
-30.324571,-53.742148,-30.324581,-53.741712,BRIDGE
-30.323712,-54.056489,-30.323501,-54.056889,BRIDGE
-30.322818,-50.922412,-30.322896,-50.922345,BRIDGE
-30.321931,-54.317713,-30.321974,-54.317583,BRIDGE
-30.321778,-52.163496,-30.321694,-52.163369,BRIDGE
-30.320248,-54.317337,-30.320243,-54.317430,BRIDGE
-30.320243,-54.317430,-30.320240,-54.317477,BRIDGE
-30.319744,-53.218580,-30.319812,-53.218978,BRIDGE
-30.319269,-51.634495,-30.319468,-51.634507,BRIDGE
-30.318863,-55.172889,-30.319164,-55.173120,BRIDGE
-30.318032,-55.929356,-30.317985,-55.929591,BRIDGE
-30.313195,-55.561152,-30.313371,-55.561313,BRIDGE
-30.312721,-54.362913,-30.312828,-54.362810,BRIDGE
-30.311475,-53.179675,-30.311723,-53.180808,BRIDGE
-30.310915,-53.177036,-30.311055,-53.177709,BRIDGE
-30.305961,-51.297073,-30.306217,-51.297064,BRIDGE
-30.304371,-51.417435,-30.304368,-51.416928,TUNNEL
-30.303667,-53.722702,-30.303796,-53.722706,BRIDGE
-30.302817,-55.968108,-30.302444,-55.968315,BRIDGE
-30.302791,-51.310557,-30.302613,-51.311172,BRIDGE
-30.301841,-51.314736,-30.301754,-51.315346,BRIDGE
-30.300167,-54.572699,-30.300277,-54.572754,BRIDGE
-30.300142,-53.150626,-30.300729,-53.150953,BRIDGE
-30.298624,-52.513263,-30.298567,-52.513069,BRIDGE
-30.298370,-51.309320,-30.298549,-51.309104,BRIDGE
-30.298002,-51.693060,-30.298203,-51.692879,BRIDGE
-30.297763,-51.961525,-30.297770,-51.961863,BRIDGE
-30.297687,-51.310095,-30.297926,-51.309827,BRIDGE
-30.297450,-53.962295,-30.297548,-53.962375,BRIDGE
-30.297006,-55.973103,-30.296888,-55.973225,BRIDGE
-30.296868,-54.209508,-30.296719,-54.209261,BRIDGE
-30.296755,-53.992723,-30.297016,-53.992709,BRIDGE
-30.296103,-54.334242,-30.296149,-54.334199,BRIDGE
-30.293981,-54.987722,-30.295428,-54.988443,BRIDGE
-30.293912,-53.774037,-30.293681,-53.774158,BRIDGE
-30.293276,-52.785578,-30.293472,-52.785498,BRIDGE
-30.292910,-51.322425,-30.292718,-51.322735,BRIDGE
-30.292171,-54.337851,-30.292386,-54.337649,BRIDGE
-30.292157,-55.978328,-30.292050,-55.978446,BRIDGE
-30.290855,-52.006092,-30.290447,-52.005885,BRIDGE
-30.290524,-51.839440,-30.290461,-51.839252,BRIDGE
-30.290196,-51.674290,-30.290021,-51.674220,BRIDGE
-30.288914,-54.807399,-30.288966,-54.807350,BRIDGE
-30.288768,-55.536287,-30.288905,-55.536458,BRIDGE
-30.288592,-54.570272,-30.288653,-54.570256,BRIDGE
-30.287292,-51.015542,-30.287217,-51.015555,BRIDGE
-30.286893,-51.014112,-30.287028,-51.014094,BRIDGE
-30.286544,-55.717022,-30.286743,-55.716796,BRIDGE
-30.286505,-51.845391,-30.286514,-51.845053,BRIDGE
-30.285941,-51.552449,-30.285865,-51.552419,BRIDGE
-30.282481,-51.412624,-30.281974,-51.412466,BRIDGE
-30.281940,-51.412591,-30.282466,-51.412768,BRIDGE
-30.281176,-51.548565,-30.281193,-51.548688,BRIDGE
-30.280338,-54.904563,-30.280935,-54.903392,BRIDGE
-30.280298,-55.080003,-30.280318,-55.080099,BRIDGE
-30.279352,-53.759917,-30.279561,-53.760089,BRIDGE
-30.278876,-51.511859,-30.278921,-51.511974,BRIDGE
-30.278347,-54.225132,-30.278259,-54.225089,BRIDGE
-30.277406,-53.115544,-30.277587,-53.115972,BRIDGE
-30.275080,-53.745821,-30.275292,-53.746224,BRIDGE
-30.274843,-51.518198,-30.274798,-51.518281,BRIDGE
-30.274539,-52.943683,-30.274597,-52.944244,BRIDGE
-30.272870,-54.061937,-30.273020,-54.061846,BRIDGE
-30.272628,-51.007040,-30.272771,-51.006902,BRIDGE
-30.272580,-54.922610,-30.272485,-54.922594,BRIDGE
-30.272478,-55.297548,-30.272385,-55.297427,BRIDGE
-30.271668,-51.989683,-30.271447,-51.989842,BRIDGE
-30.270679,-54.735492,-30.270873,-54.735339,BRIDGE
-30.270177,-55.813752,-30.270158,-55.813660,BRIDGE
-30.269175,-53.543174,-30.268370,-53.543324,BRIDGE
-30.269116,-51.407813,-30.268773,-51.407690,BRIDGE
-30.269076,-54.832204,-30.269195,-54.832186,BRIDGE
-30.268721,-51.407920,-30.269036,-51.408031,BRIDGE
-30.268231,-55.397073,-30.268376,-55.396451,BRIDGE
-30.268158,-51.507444,-30.268051,-51.507554,BRIDGE
-30.266434,-51.836570,-30.266474,-51.836331,BRIDGE
-30.266293,-52.234514,-30.266492,-52.234724,BRIDGE
-30.265250,-52.430866,-30.265275,-52.430999,BRIDGE
-30.264467,-55.197523,-30.264396,-55.197635,BRIDGE
-30.262110,-54.525468,-30.262218,-54.526225,BRIDGE
-30.262071,-54.525122,-30.262110,-54.525468,BRIDGE
-30.261676,-54.926761,-30.261675,-54.926689,BRIDGE
-30.261413,-54.520010,-30.261506,-54.520737,BRIDGE
-30.259619,-54.926754,-30.259621,-54.926672,BRIDGE
-30.259146,-51.490522,-30.259415,-51.490431,BRIDGE
-30.258939,-54.926728,-30.258938,-54.926657,BRIDGE
-30.258867,-54.926651,-30.258867,-54.926733,BRIDGE
-30.258584,-53.125049,-30.258906,-53.124755,BRIDGE
-30.258502,-53.533692,-30.258174,-53.533577,BRIDGE
-30.258336,-51.491250,-30.258400,-51.491072,BRIDGE
-30.258321,-52.989124,-30.257873,-52.990456,BRIDGE
-30.258270,-55.371105,-30.257876,-55.371217,BRIDGE
-30.257749,-54.555585,-30.257558,-54.556210,BRIDGE
-30.257108,-51.489299,-30.257115,-51.489135,BRIDGE
-30.256538,-50.479980,-30.257087,-50.479955,BRIDGE
-30.256104,-56.506050,-30.256231,-56.505611,BRIDGE
-30.256072,-52.022765,-30.255729,-52.022967,BRIDGE
-30.255831,-51.441539,-30.255641,-51.441569,BRIDGE
-30.254602,-56.503941,-30.255868,-56.503124,BRIDGE
-30.253920,-53.069736,-30.254043,-53.069990,BRIDGE
-30.253882,-51.469767,-30.253947,-51.469611,BRIDGE
-30.250299,-54.922573,-30.250206,-54.922916,BRIDGE
-30.249355,-52.778860,-30.249516,-52.779591,BRIDGE
-30.245993,-52.763210,-30.246288,-52.764578,BRIDGE
-30.245461,-54.603632,-30.245471,-54.604989,BRIDGE
-30.243884,-56.306390,-30.244230,-56.306481,BRIDGE
-30.242624,-55.533543,-30.242589,-55.533622,BRIDGE
-30.241456,-54.898532,-30.242514,-54.916909,BRIDGE
-30.241335,-51.079610,-30.241364,-51.079455,BRIDGE
-30.241269,-55.893115,-30.241584,-55.892246,BRIDGE
-30.239224,-51.082160,-30.239107,-51.082036,BRIDGE
-30.238047,-55.037944,-30.238063,-55.038038,BRIDGE
-30.237344,-51.080770,-30.237165,-51.080680,BRIDGE
-30.237157,-56.294916,-30.237285,-56.295077,BRIDGE
-30.233384,-51.118304,-30.233393,-51.118298,TUNNEL
-30.232156,-53.200122,-30.231964,-53.200213,BRIDGE
-30.231911,-53.985697,-30.231863,-53.985281,BRIDGE
-30.230505,-54.346450,-30.230648,-54.346615,BRIDGE
-30.230458,-53.906022,-30.230369,-53.905929,BRIDGE
-30.230428,-52.458893,-30.230427,-52.458732,BRIDGE
-30.229668,-51.052171,-30.229738,-51.052069,BRIDGE
-30.228588,-55.029567,-30.228242,-55.029969,BRIDGE
-30.227406,-55.252411,-30.227294,-55.251977,BRIDGE
-30.227141,-50.264903,-30.227449,-50.264693,BRIDGE
-30.224507,-52.664589,-30.224631,-52.665182,BRIDGE
-30.223014,-55.700612,-30.223272,-55.700806,BRIDGE
-30.222464,-52.931021,-30.222604,-52.931515,BRIDGE
-30.222205,-52.931241,-30.222248,-52.931460,BRIDGE
-30.221487,-52.639692,-30.221475,-52.641143,BRIDGE
-30.221248,-51.111981,-30.221349,-51.112001,BRIDGE
-30.221188,-55.580681,-30.221262,-55.580939,BRIDGE
-30.218833,-51.100728,-30.218927,-51.100419,BRIDGE
-30.218735,-55.621115,-30.218927,-55.621298,BRIDGE
-30.217961,-55.271533,-30.218042,-55.271243,BRIDGE
-30.216232,-52.327108,-30.216249,-52.327230,BRIDGE
-30.215469,-51.176769,-30.215437,-51.176732,TUNNEL
-30.214112,-55.183157,-30.214204,-55.182738,BRIDGE
-30.213674,-51.130907,-30.213718,-51.130936,TUNNEL
-30.213536,-51.132696,-30.213588,-51.132736,BRIDGE
-30.213169,-57.561055,-30.214454,-57.562496,BRIDGE
-30.212859,-51.550599,-30.212965,-51.550620,BRIDGE
-30.212757,-50.500722,-30.212643,-50.500749,BRIDGE
-30.212301,-57.560080,-30.213169,-57.561055,BRIDGE
-30.211998,-52.984145,-30.211940,-52.984215,BRIDGE
-30.211890,-53.771554,-30.211980,-53.771515,BRIDGE
-30.211736,-52.535395,-30.211811,-52.535994,BRIDGE
-30.210070,-57.557532,-30.212301,-57.560080,BRIDGE
-30.208413,-50.490712,-30.208445,-50.490586,BRIDGE
-30.208276,-50.375144,-30.208344,-50.375306,BRIDGE
-30.207232,-51.346721,-30.206799,-51.346396,BRIDGE
-30.206115,-51.101800,-30.206054,-51.102137,BRIDGE
-30.205817,-51.018828,-30.205880,-51.018780,BRIDGE
-30.203987,-55.914203,-30.203755,-55.914155,BRIDGE
-30.203087,-54.463865,-30.203041,-54.463937,BRIDGE
-30.202709,-50.454041,-30.202666,-50.453901,BRIDGE
-30.202199,-55.613059,-30.202170,-55.613142,BRIDGE
-30.202162,-52.445679,-30.202039,-52.444131,BRIDGE
-30.201809,-52.444044,-30.201936,-52.445785,BRIDGE
-30.199842,-50.449785,-30.199771,-50.449714,BRIDGE
-30.199557,-54.597846,-30.199401,-54.597899,BRIDGE
-30.198355,-51.137110,-30.198312,-51.137028,BRIDGE
-30.198313,-57.441504,-30.198421,-57.441504,BRIDGE
-30.198003,-51.177258,-30.198062,-51.177301,TUNNEL
-30.197980,-51.177356,-30.198043,-51.177378,TUNNEL
-30.197919,-51.177463,-30.197937,-51.177390,TUNNEL
-30.197881,-51.177451,-30.197900,-51.177379,TUNNEL
-30.197783,-51.177341,-30.197765,-51.177414,TUNNEL
-30.197388,-52.245571,-30.197494,-52.245538,BRIDGE
-30.194925,-53.562580,-30.194192,-53.562559,BRIDGE
-30.194593,-55.599397,-30.194512,-55.599397,BRIDGE
-30.194479,-57.487306,-30.194582,-57.487620,BRIDGE
-30.194050,-53.568044,-30.194355,-53.567992,BRIDGE
-30.193606,-51.167325,-30.193272,-51.167505,BRIDGE
-30.192885,-52.368397,-30.192839,-52.368204,BRIDGE
-30.192229,-52.368755,-30.192183,-52.368543,BRIDGE
-30.192166,-51.475725,-30.192210,-51.475535,BRIDGE
-30.191599,-52.369176,-30.191550,-52.368948,BRIDGE
-30.191106,-51.397437,-30.190706,-51.397344,BRIDGE
-30.190861,-52.369508,-30.190804,-52.369336,BRIDGE
-30.190662,-51.397594,-30.190988,-51.397677,BRIDGE
-30.190639,-54.478391,-30.190591,-54.478471,BRIDGE
-30.190118,-52.373717,-30.189908,-52.372784,BRIDGE
-30.189815,-52.372799,-30.190017,-52.373734,BRIDGE
-30.189673,-51.173858,-30.189800,-51.173930,BRIDGE
-30.189589,-50.369776,-30.189740,-50.369614,BRIDGE
-30.189489,-51.093328,-30.189455,-51.093409,BRIDGE
-30.185327,-51.167632,-30.185390,-51.167787,BRIDGE
-30.185283,-53.559498,-30.185153,-53.560023,BRIDGE
-30.185197,-51.174246,-30.185182,-51.174164,TUNNEL
-30.185170,-51.174252,-30.185157,-51.174169,TUNNEL
-30.185064,-51.174188,-30.185075,-51.174270,TUNNEL
-30.184452,-50.211751,-30.184401,-50.211793,BRIDGE
-30.184416,-50.349592,-30.184227,-50.349460,BRIDGE
-30.184259,-51.160153,-30.184268,-51.160262,BRIDGE
-30.184148,-54.471886,-30.184090,-54.471844,BRIDGE
-30.184134,-50.211237,-30.184095,-50.211270,BRIDGE
-30.182860,-50.209280,-30.182898,-50.209227,BRIDGE
-30.182492,-50.970083,-30.182549,-50.970134,BRIDGE
-30.182135,-50.208131,-30.182171,-50.208061,BRIDGE
-30.181459,-51.911055,-30.181428,-51.911182,BRIDGE
-30.181136,-52.373728,-30.181438,-52.373712,BRIDGE
-30.180716,-52.377322,-30.180556,-52.377335,BRIDGE
-30.180462,-52.380390,-30.180669,-52.380295,BRIDGE
-30.179817,-51.033426,-30.179896,-51.033397,BRIDGE
-30.179505,-51.067417,-30.179567,-51.067441,BRIDGE
-30.179482,-57.425140,-30.179555,-57.425042,BRIDGE
-30.178716,-53.351847,-30.178437,-53.352247,BRIDGE
-30.178619,-54.856084,-30.178133,-54.855831,BRIDGE
-30.178404,-51.067526,-30.178329,-51.067502,BRIDGE
-30.177802,-50.870891,-30.177665,-50.869908,TUNNEL
-30.174398,-51.215067,-30.174569,-51.215072,BRIDGE
-30.173697,-51.141108,-30.173706,-51.141181,TUNNEL
-30.173622,-54.568893,-30.173754,-54.568711,BRIDGE
-30.173371,-51.843007,-30.173721,-51.842963,BRIDGE
-30.172076,-53.579087,-30.171770,-53.578591,BRIDGE
-30.172011,-54.182952,-30.172105,-54.183145,BRIDGE
-30.171909,-54.182704,-30.172011,-54.182952,BRIDGE
-30.171716,-53.578626,-30.172023,-53.579121,BRIDGE
-30.171274,-55.705708,-30.171401,-55.705629,BRIDGE
-30.170608,-53.586765,-30.170510,-53.586835,BRIDGE
-30.169419,-51.180680,-30.169611,-51.180608,BRIDGE
-30.167271,-52.293353,-30.167089,-52.294879,BRIDGE
-30.166473,-54.402524,-30.166262,-54.402484,BRIDGE
-30.165743,-54.273494,-30.166000,-54.273416,BRIDGE
-30.165513,-55.917090,-30.165225,-55.917361,BRIDGE
-30.165510,-51.154830,-30.165455,-51.154962,TUNNEL
-30.165470,-51.154807,-30.165415,-51.154939,TUNNEL
-30.164476,-51.018280,-30.164468,-51.018152,BRIDGE
-30.164183,-51.174101,-30.164168,-51.174045,BRIDGE
-30.163469,-51.016114,-30.163501,-51.016066,BRIDGE
-30.162458,-52.148390,-30.162586,-52.149094,BRIDGE
-30.162009,-51.158277,-30.162049,-51.158183,BRIDGE
-30.161202,-56.234312,-30.161602,-56.234722,BRIDGE
-30.161102,-51.175356,-30.161104,-51.174991,BRIDGE
-30.160474,-51.071496,-30.160553,-51.071433,BRIDGE
-30.160091,-50.358305,-30.160085,-50.358685,BRIDGE
-30.159902,-55.435872,-30.159768,-55.436210,BRIDGE
-30.159042,-55.576762,-30.159014,-55.576511,BRIDGE
-30.158614,-51.175586,-30.158615,-51.175325,BRIDGE
-30.158612,-51.067796,-30.158666,-51.067726,BRIDGE
-30.158308,-51.338653,-30.158166,-51.338670,BRIDGE
-30.157879,-50.235597,-30.157689,-50.235806,BRIDGE
-30.157619,-51.161429,-30.157701,-51.161605,TUNNEL
-30.157604,-51.161675,-30.157514,-51.161484,TUNNEL
-30.157559,-51.161456,-30.157649,-51.161647,TUNNEL
-30.156974,-55.162407,-30.156863,-55.163220,BRIDGE
-30.156809,-50.419385,-30.157169,-50.419620,BRIDGE
-30.156363,-53.552882,-30.156639,-53.554087,BRIDGE
-30.156167,-52.032066,-30.156118,-52.032259,BRIDGE
-30.155787,-57.400133,-30.155831,-57.400245,BRIDGE
-30.155483,-51.173232,-30.155614,-51.173235,TUNNEL
-30.155483,-51.173300,-30.155612,-51.173303,TUNNEL
-30.155482,-51.173313,-30.155484,-51.173214,TUNNEL
-30.154615,-56.439259,-30.154981,-56.439609,BRIDGE
-30.153624,-50.437404,-30.153755,-50.437429,BRIDGE
-30.153578,-51.174308,-30.153614,-51.174504,BRIDGE
-30.153455,-55.568149,-30.153743,-55.568229,BRIDGE
-30.150875,-50.633838,-30.150882,-50.633629,BRIDGE
-30.150808,-54.404578,-30.150660,-54.404648,BRIDGE
-30.147343,-51.153356,-30.147494,-51.153041,BRIDGE
-30.146915,-52.037382,-30.147019,-52.037540,BRIDGE
-30.146801,-51.158209,-30.146868,-51.158263,BRIDGE
-30.146151,-54.835616,-30.145467,-54.835327,BRIDGE
-30.144151,-51.362658,-30.144328,-51.362789,BRIDGE
-30.143963,-50.549429,-30.144036,-50.548435,BRIDGE
-30.143106,-51.129160,-30.143025,-51.129246,TUNNEL
-30.143077,-52.039514,-30.143130,-52.039865,BRIDGE
-30.142381,-53.744683,-30.142372,-53.744439,BRIDGE
-30.142141,-51.007187,-30.142221,-51.007180,BRIDGE
-30.141925,-51.219042,-30.141953,-51.219095,TUNNEL
-30.141131,-55.847053,-30.141382,-55.847225,BRIDGE
-30.140373,-54.554223,-30.140152,-54.554399,BRIDGE
-30.140196,-52.888038,-30.140110,-52.888141,BRIDGE
-30.138813,-52.016785,-30.138970,-52.017459,BRIDGE
-30.137224,-52.040724,-30.137259,-52.040521,BRIDGE
-30.136239,-51.218392,-30.136256,-51.218341,TUNNEL
-30.136030,-51.218986,-30.136056,-51.218910,TUNNEL
-30.136014,-51.054076,-30.135974,-51.054140,BRIDGE
-30.135910,-51.738184,-30.136459,-51.738178,BRIDGE
-30.135471,-55.728758,-30.135410,-55.728650,BRIDGE
-30.135108,-51.327216,-30.134667,-51.326999,BRIDGE
-30.134456,-55.541390,-30.134392,-55.541536,BRIDGE
-30.133498,-50.496011,-30.133665,-50.496245,BRIDGE
-30.132356,-50.647797,-30.132653,-50.647768,BRIDGE
-30.130990,-56.421416,-30.131365,-56.421372,BRIDGE
-30.130978,-53.575294,-30.131145,-53.575310,BRIDGE
-30.130961,-55.739176,-30.131149,-55.739044,BRIDGE
-30.130720,-50.943267,-30.130616,-50.943272,BRIDGE
-30.130153,-54.637889,-30.129929,-54.638252,BRIDGE
-30.129342,-55.246704,-30.129020,-55.247031,BRIDGE
-30.125141,-52.050061,-30.125042,-52.050228,BRIDGE
-30.124517,-51.202274,-30.124627,-51.202262,BRIDGE
-30.124473,-51.497225,-30.124546,-51.497356,BRIDGE
-30.124336,-51.968707,-30.124225,-51.968662,BRIDGE
-30.123966,-51.067481,-30.123802,-51.067610,BRIDGE
-30.123358,-51.970977,-30.123324,-51.970858,BRIDGE
-30.123224,-51.498113,-30.123182,-51.497944,BRIDGE
-30.122810,-51.202463,-30.122966,-51.202445,BRIDGE
-30.122328,-51.221293,-30.122359,-51.221272,TUNNEL
-30.122159,-51.224825,-30.122149,-51.224866,TUNNEL
-30.121847,-53.616285,-30.121330,-53.616677,BRIDGE
-30.121516,-56.419002,-30.120605,-56.418948,BRIDGE
-30.121465,-51.225388,-30.121559,-51.225409,TUNNEL
-30.121435,-51.225382,-30.121465,-51.225388,TUNNEL
-30.121215,-51.196200,-30.121312,-51.196055,BRIDGE
-30.120937,-51.224561,-30.120949,-51.224525,TUNNEL
-30.120932,-55.338172,-30.120659,-55.338559,BRIDGE
-30.120768,-55.411364,-30.120958,-55.411453,BRIDGE
-30.120639,-51.057335,-30.120876,-51.057206,BRIDGE
-30.120558,-52.043757,-30.120528,-52.043625,BRIDGE
-30.120361,-56.422045,-30.121503,-56.422030,BRIDGE
-30.119608,-51.971807,-30.119553,-51.971751,BRIDGE
-30.119589,-51.253647,-30.119641,-51.253830,BRIDGE
-30.119443,-51.347286,-30.119017,-51.347107,BRIDGE
-30.119428,-51.978555,-30.119372,-51.978392,BRIDGE
-30.118973,-51.347293,-30.119394,-51.347471,BRIDGE
-30.118729,-51.972462,-30.118815,-51.972634,BRIDGE
-30.118039,-51.201907,-30.118127,-51.201616,BRIDGE
-30.117846,-51.973622,-30.117808,-51.973480,BRIDGE
-30.117488,-50.466621,-30.117497,-50.466752,BRIDGE
-30.117434,-51.156197,-30.117476,-51.156335,BRIDGE
-30.116522,-50.452377,-30.116530,-50.452506,BRIDGE
-30.115850,-51.097533,-30.115769,-51.097532,BRIDGE
-30.115099,-51.169152,-30.115013,-51.169070,BRIDGE
-30.113728,-51.185318,-30.113662,-51.185367,BRIDGE
-30.113703,-51.212836,-30.113761,-51.212807,BRIDGE
-30.112755,-56.295585,-30.113318,-56.295010,BRIDGE
-30.112452,-51.162366,-30.112396,-51.162281,BRIDGE
-30.111332,-51.160712,-30.111355,-51.160601,BRIDGE
-30.111248,-51.227921,-30.111407,-51.227841,TUNNEL
-30.110610,-51.258562,-30.110415,-51.259892,BRIDGE
-30.110493,-51.107018,-30.110484,-51.106906,BRIDGE
-30.110227,-51.253266,-30.110442,-51.252904,TUNNEL
-30.110156,-51.252364,-30.110521,-51.253131,TUNNEL
-30.109931,-51.107209,-30.109977,-51.107263,BRIDGE
-30.109789,-51.553888,-30.109979,-51.553720,BRIDGE
-30.109245,-51.108318,-30.109185,-51.108245,BRIDGE
-30.109136,-51.330912,-30.109050,-51.331041,BRIDGE
-30.109133,-52.887556,-30.109095,-52.887196,BRIDGE
-30.107365,-51.173199,-30.107147,-51.173158,BRIDGE
-30.106665,-51.694583,-30.106642,-51.694980,BRIDGE
-30.106630,-51.343692,-30.106416,-51.343673,BRIDGE
-30.106572,-51.343316,-30.106376,-51.343300,BRIDGE
-30.106530,-51.696712,-30.106498,-51.697098,BRIDGE
-30.106493,-50.451539,-30.106494,-50.451704,BRIDGE
-30.106473,-51.343869,-30.106654,-51.343880,BRIDGE
-30.106368,-54.635163,-30.107650,-54.635585,BRIDGE
-30.105580,-51.713296,-30.105532,-51.714159,BRIDGE
-30.105511,-51.714745,-30.105496,-51.715055,BRIDGE
-30.105419,-51.715915,-30.105403,-51.716330,BRIDGE
-30.104930,-51.254062,-30.104905,-51.255059,TUNNEL
-30.104618,-51.172467,-30.104670,-51.172332,BRIDGE
-30.104416,-51.172475,-30.104317,-51.172427,BRIDGE
-30.104400,-55.701812,-30.104344,-55.701767,BRIDGE
-30.103688,-52.682841,-30.103859,-52.682358,BRIDGE
-30.102854,-51.355989,-30.102836,-51.356144,BRIDGE
-30.102478,-51.249713,-30.102282,-51.248997,TUNNEL
-30.101736,-51.725729,-30.101533,-51.725738,BRIDGE
-30.101735,-51.249207,-30.102392,-51.249395,TUNNEL
-30.099541,-50.469733,-30.099402,-50.469795,BRIDGE
-30.099276,-51.738074,-30.099220,-51.738123,BRIDGE
-30.098595,-51.230155,-30.098608,-51.230262,BRIDGE
-30.098506,-51.019311,-30.098699,-51.019317,BRIDGE
-30.098257,-51.388407,-30.098356,-51.388366,BRIDGE
-30.098031,-51.735647,-30.097830,-51.735671,BRIDGE
-30.097860,-51.139371,-30.097850,-51.139387,BRIDGE
-30.097587,-51.657591,-30.097437,-51.657244,BRIDGE
-30.096189,-51.722412,-30.096086,-51.722414,BRIDGE
-30.095930,-51.731710,-30.095824,-51.731716,BRIDGE
-30.095833,-51.731805,-30.095942,-51.731796,BRIDGE
-30.095618,-51.231176,-30.095502,-51.231124,BRIDGE
-30.095477,-51.726877,-30.095575,-51.726891,BRIDGE
-30.094600,-51.237247,-30.094497,-51.237237,BRIDGE
-30.094208,-51.319921,-30.094068,-51.319920,BRIDGE
-30.093697,-51.322834,-30.093697,-51.322718,BRIDGE
-30.093660,-50.493355,-30.093578,-50.493211,BRIDGE
-30.093495,-51.242479,-30.093526,-51.242426,BRIDGE
-30.093394,-51.076413,-30.093261,-51.075992,BRIDGE
-30.093161,-51.076007,-30.093297,-51.076430,BRIDGE
-30.092985,-52.732779,-30.092829,-52.733006,BRIDGE
-30.092783,-51.717123,-30.092423,-51.717396,BRIDGE
-30.091424,-51.233954,-30.091280,-51.233895,BRIDGE
-30.091027,-55.791393,-30.091088,-55.791187,BRIDGE
-30.090800,-51.663449,-30.090800,-51.663226,BRIDGE
-30.090688,-50.987715,-30.090749,-50.986349,BRIDGE
-30.090013,-54.604331,-30.089883,-54.604449,BRIDGE
-30.089962,-52.495573,-30.090233,-52.495652,BRIDGE
-30.089680,-51.230371,-30.089624,-51.230402,BRIDGE
-30.089234,-51.638495,-30.089218,-51.638559,BRIDGE
-30.088353,-51.024154,-30.088418,-51.023735,BRIDGE
-30.088296,-51.023719,-30.088232,-51.024129,BRIDGE
-30.088225,-51.226638,-30.088142,-51.226689,BRIDGE
-30.087715,-51.342081,-30.086981,-51.342021,BRIDGE
-30.087542,-51.361452,-30.087525,-51.361568,BRIDGE
-30.087299,-51.222321,-30.087094,-51.222460,BRIDGE
-30.086971,-51.342212,-30.087701,-51.342270,BRIDGE
-30.086701,-50.439719,-30.086639,-50.439508,BRIDGE
-30.086450,-51.636865,-30.086559,-51.636802,BRIDGE
-30.084733,-51.238993,-30.084611,-51.238962,BRIDGE
-30.084403,-51.246941,-30.084048,-51.246524,TUNNEL
-30.084252,-50.600234,-30.084179,-50.600078,BRIDGE
-30.083311,-51.244976,-30.083131,-51.245974,TUNNEL
-30.083307,-51.244787,-30.083205,-51.244761,TUNNEL
-30.083205,-51.244761,-30.083103,-51.244735,TUNNEL
-30.082907,-51.245764,-30.082931,-51.245640,TUNNEL
-30.082752,-51.243227,-30.082808,-51.243139,TUNNEL
-30.082513,-51.244277,-30.082454,-51.244584,TUNNEL
-30.082456,-51.243059,-30.082386,-51.242995,BRIDGE
-30.082454,-51.244584,-30.082392,-51.244911,TUNNEL
-30.082435,-51.242921,-30.082499,-51.242979,BRIDGE
-30.082423,-51.244748,-30.082368,-51.245564,TUNNEL
-30.082392,-51.244911,-30.082330,-51.245236,TUNNEL
-30.082368,-51.245564,-30.081989,-51.245469,TUNNEL
-30.082330,-51.245236,-30.082513,-51.244277,TUNNEL
-30.082264,-54.463965,-30.082064,-54.464118,BRIDGE
-30.082074,-51.115045,-30.082093,-51.114959,BRIDGE
-30.081834,-51.356288,-30.081817,-51.356425,BRIDGE
-30.081212,-50.629710,-30.081262,-50.629700,BRIDGE
-30.080633,-51.796350,-30.080662,-51.796292,BRIDGE
-30.080412,-56.275005,-30.080464,-56.274825,BRIDGE
-30.079732,-51.220560,-30.079559,-51.220330,TUNNEL
-30.079529,-51.356006,-30.079567,-51.355900,BRIDGE
-30.079107,-54.776701,-30.079093,-54.776329,BRIDGE
-30.078810,-51.117703,-30.078847,-51.117402,BRIDGE
-30.078729,-51.117547,-30.078675,-51.117955,BRIDGE
-30.078656,-52.258468,-30.078740,-52.258905,BRIDGE
-30.078502,-57.291802,-30.078539,-57.291853,BRIDGE
-30.078223,-51.127840,-30.078207,-51.127735,BRIDGE
-30.077892,-51.045552,-30.079401,-51.043782,BRIDGE
-30.077843,-51.168156,-30.077797,-51.168159,BRIDGE
-30.077799,-51.207806,-30.077660,-51.207745,BRIDGE
-30.077660,-51.207745,-30.077225,-51.207818,BRIDGE
-30.077225,-51.207818,-30.077122,-51.207860,BRIDGE
-30.077122,-51.207860,-30.076951,-51.207909,BRIDGE
-30.076987,-51.244596,-30.077672,-51.245833,TUNNEL
-30.076700,-52.827593,-30.076884,-52.827437,BRIDGE
-30.075703,-51.121200,-30.075615,-51.121217,BRIDGE
-30.075375,-51.174515,-30.075435,-51.174526,BRIDGE
-30.075050,-51.135096,-30.075125,-51.134963,BRIDGE
-30.074982,-51.134836,-30.074919,-51.134952,BRIDGE
-30.074835,-51.724528,-30.074910,-51.724612,BRIDGE
-30.074734,-51.242063,-30.073594,-51.241709,BRIDGE
-30.074611,-51.118921,-30.074565,-51.118996,BRIDGE
-30.074462,-51.124323,-30.074290,-51.124222,BRIDGE
-30.074296,-51.137003,-30.074266,-51.136992,TUNNEL
-30.074266,-51.136992,-30.074238,-51.136980,TUNNEL
-30.074127,-51.124592,-30.074298,-51.124692,BRIDGE
-30.074121,-51.202220,-30.074089,-51.202047,TUNNEL
-30.073381,-51.616770,-30.073191,-51.616611,BRIDGE
-30.073335,-51.187089,-30.073224,-51.186987,BRIDGE
-30.073211,-53.002928,-30.074485,-53.002499,BRIDGE
-30.070634,-55.777051,-30.070667,-55.776931,BRIDGE
-30.070550,-50.422299,-30.070420,-50.422384,BRIDGE
-30.069290,-55.691905,-30.069201,-55.691932,BRIDGE
-30.068622,-51.082285,-30.068638,-51.082445,BRIDGE
-30.067304,-52.883294,-30.067675,-52.882187,BRIDGE
-30.066664,-51.795163,-30.066679,-51.795044,BRIDGE
-30.065945,-51.931608,-30.066215,-51.931453,BRIDGE
-30.065663,-51.083657,-30.065807,-51.083689,BRIDGE
-30.065496,-51.186504,-30.060908,-51.184751,BRIDGE
-30.065349,-56.538274,-30.065382,-56.538432,BRIDGE
-30.065128,-51.238133,-30.065251,-51.237705,TUNNEL
-30.064399,-51.183286,-30.064329,-51.183240,TUNNEL
-30.064326,-51.150396,-30.064141,-51.150244,BRIDGE
-30.064298,-51.237344,-30.066687,-51.237872,TUNNEL
-30.064240,-50.907859,-30.063987,-50.908030,BRIDGE
-30.063960,-51.150241,-30.064178,-51.150409,BRIDGE
-30.063803,-51.144417,-30.063819,-51.144492,BRIDGE
-30.063695,-51.140078,-30.063701,-51.140184,BRIDGE
-30.063381,-56.707645,-30.062799,-56.708486,BRIDGE
-30.062974,-55.293702,-30.062746,-55.293852,BRIDGE
-30.062891,-51.096283,-30.062913,-51.096153,BRIDGE
-30.062157,-51.230993,-30.062479,-51.230260,TUNNEL
-30.061659,-52.900582,-30.063433,-52.895124,BRIDGE
-30.061205,-51.735473,-30.060731,-51.735548,BRIDGE
-30.060872,-51.184914,-30.065382,-51.186620,BRIDGE
-30.060781,-51.091131,-30.060807,-51.091226,BRIDGE
-30.060695,-51.082447,-30.060737,-51.082324,BRIDGE
-30.060269,-57.266336,-30.060412,-57.266529,BRIDGE
-30.060006,-51.338617,-30.059539,-51.338395,BRIDGE
-30.059845,-51.518457,-30.059465,-51.518535,BRIDGE
-30.059696,-51.150220,-30.059736,-51.150211,TUNNEL
-30.059645,-51.230679,-30.058439,-51.230552,BRIDGE
-30.059473,-51.338563,-30.059923,-51.338776,BRIDGE
-30.059082,-51.081637,-30.059139,-51.081576,BRIDGE
-30.058141,-51.183896,-30.057934,-51.183796,BRIDGE
-30.057997,-51.079944,-30.057968,-51.079923,BRIDGE
-30.057968,-51.079923,-30.057913,-51.079882,BRIDGE
-30.057913,-51.079882,-30.057889,-51.079864,BRIDGE
-30.057900,-51.315973,-30.057571,-51.316041,BRIDGE
-30.057841,-51.182108,-30.057855,-51.182073,TUNNEL
-30.057652,-51.175698,-30.057406,-51.175835,BRIDGE
-30.057627,-51.184460,-30.057819,-51.184581,BRIDGE
-30.057454,-51.080650,-30.057435,-51.080683,BRIDGE
-30.057454,-51.080856,-30.057534,-51.080717,BRIDGE
-30.057454,-51.080856,-30.059059,-51.081666,BRIDGE
-30.057435,-51.080683,-30.057365,-51.080807,BRIDGE
-30.057321,-51.229166,-30.057472,-51.229211,TUNNEL
-30.056842,-51.141325,-30.056829,-51.141247,BRIDGE
-30.056769,-51.149538,-30.056827,-51.149547,TUNNEL
-30.056632,-52.906792,-30.057091,-52.906656,BRIDGE
-30.056481,-51.085903,-30.056517,-51.085909,BRIDGE
-30.056398,-51.085886,-30.056481,-51.085903,BRIDGE
-30.056379,-51.085882,-30.056398,-51.085886,BRIDGE
-30.056050,-51.186821,-30.055505,-51.187057,TUNNEL
-30.056011,-51.172633,-30.056253,-51.172481,BRIDGE
-30.056004,-51.159405,-30.055803,-51.159362,BRIDGE
-30.055911,-51.162117,-30.055658,-51.162119,BRIDGE
-30.055895,-51.167047,-30.055629,-51.167045,BRIDGE
-30.055844,-51.188674,-30.055587,-51.188551,BRIDGE
-30.055601,-51.169153,-30.055872,-51.169168,BRIDGE
-30.055163,-51.187763,-30.054954,-51.188200,TUNNEL
-30.055160,-51.189405,-30.055414,-51.189549,BRIDGE
-30.054938,-51.079676,-30.055124,-51.079747,BRIDGE
-30.054862,-57.270155,-30.054803,-57.270072,BRIDGE
-30.054777,-51.186586,-30.055074,-51.185970,TUNNEL
-30.054749,-51.223637,-30.054740,-51.223587,TUNNEL
-30.054749,-51.223637,-30.054768,-51.223431,TUNNEL
-30.054709,-51.187792,-30.054863,-51.188031,BRIDGE
-30.054436,-51.187292,-30.054436,-51.187292,TUNNEL
-30.054430,-51.223599,-30.054749,-51.223637,TUNNEL
-30.054329,-51.187514,-30.054436,-51.187292,TUNNEL
-30.054314,-51.079299,-30.054513,-51.079208,BRIDGE
-30.053940,-51.079057,-30.054063,-51.079136,BRIDGE
-30.052270,-55.100805,-30.052236,-55.100679,BRIDGE
-30.051501,-51.080177,-30.051544,-51.080293,BRIDGE
-30.051317,-50.456347,-30.051261,-50.455964,BRIDGE
-30.051140,-57.256836,-30.051266,-57.256933,BRIDGE
-30.050998,-51.334215,-30.050894,-51.334558,TUNNEL
-30.050612,-51.229436,-30.050700,-51.228359,TUNNEL
-30.050486,-51.195247,-30.050370,-51.195025,BRIDGE
-30.050149,-51.015301,-30.049948,-51.015620,TUNNEL
-30.049786,-52.908872,-30.050001,-52.908807,BRIDGE
-30.049762,-51.227726,-30.049280,-51.226792,TUNNEL
-30.049691,-51.227282,-30.049406,-51.226818,TUNNEL
-30.049567,-51.227259,-30.049612,-51.226850,TUNNEL
-30.049456,-51.227240,-30.049505,-51.226835,TUNNEL
-30.048804,-51.227356,-30.048452,-51.227455,TUNNEL
-30.048497,-51.196631,-30.048379,-51.196418,BRIDGE
-30.048496,-51.228109,-30.048412,-51.229188,TUNNEL
-30.048460,-51.221541,-30.048172,-51.221503,BRIDGE
-30.048460,-51.228607,-30.050655,-51.228862,TUNNEL
-30.048241,-51.218042,-30.047968,-51.218091,BRIDGE
-30.048164,-51.221600,-30.048451,-51.221636,BRIDGE
-30.048066,-56.273917,-30.048210,-56.274006,BRIDGE
-30.048011,-51.218447,-30.048289,-51.218396,BRIDGE
-30.047997,-51.227607,-30.047684,-51.227577,BRIDGE
-30.047992,-51.227705,-30.047679,-51.227650,BRIDGE
-30.047987,-55.605519,-30.048043,-55.605588,BRIDGE
-30.047980,-51.223949,-30.048284,-51.223990,BRIDGE
-30.047950,-51.085376,-30.047917,-51.085365,BRIDGE
-30.047928,-52.340965,-30.047838,-52.341036,BRIDGE
-30.047917,-51.085365,-30.047863,-51.085349,BRIDGE
-30.047822,-51.231891,-30.047185,-51.231823,BRIDGE
-30.047785,-51.084868,-30.047862,-51.084813,BRIDGE
-30.047561,-51.229272,-30.047846,-51.229304,BRIDGE
-30.047549,-51.229396,-30.047837,-51.229425,BRIDGE
-30.047426,-51.213767,-30.047719,-51.213708,BRIDGE
-30.047407,-51.213639,-30.047700,-51.213580,BRIDGE
-30.047105,-51.232695,-30.047739,-51.232758,BRIDGE
-30.047097,-51.211916,-30.046885,-51.212082,BRIDGE
-30.047006,-51.211756,-30.046792,-51.211926,BRIDGE
-30.046956,-53.085967,-30.046831,-53.086141,BRIDGE
-30.046512,-51.197713,-30.046630,-51.197932,BRIDGE
-30.046127,-51.229630,-30.046121,-51.229706,TUNNEL
-30.046123,-51.084813,-30.046162,-51.084921,BRIDGE
-30.045477,-51.209744,-30.045717,-51.209561,BRIDGE
-30.044750,-51.785267,-30.044740,-51.785193,BRIDGE
-30.043442,-51.203965,-30.043198,-51.203964,BRIDGE
-30.043171,-51.204600,-30.043408,-51.204607,BRIDGE
-30.043029,-51.330904,-30.042957,-51.330190,BRIDGE
-30.042981,-52.877780,-30.043166,-52.878079,BRIDGE
-30.042929,-51.227061,-30.042488,-51.227081,TUNNEL
-30.042901,-51.132382,-30.042878,-51.132412,BRIDGE
-30.042681,-51.226966,-30.042484,-51.227052,TUNNEL
-30.042083,-54.810633,-30.042009,-54.810568,BRIDGE
-30.040778,-51.160431,-30.040646,-51.160379,TUNNEL
-30.040749,-51.160569,-30.040782,-51.160459,TUNNEL
-30.040711,-51.160554,-30.040751,-51.160420,TUNNEL
-30.040673,-51.160540,-30.040713,-51.160405,TUNNEL
-30.040634,-51.160524,-30.040674,-51.160390,TUNNEL
-30.040597,-51.160508,-30.040629,-51.160398,TUNNEL
-30.040305,-52.940947,-30.040218,-52.941094,BRIDGE
-30.039428,-51.228395,-30.037987,-51.228199,BRIDGE
-30.039224,-53.796307,-30.039216,-53.796439,BRIDGE
-30.039039,-51.203969,-30.036841,-51.204103,BRIDGE
-30.039026,-53.432188,-30.039355,-53.432150,BRIDGE
-30.038972,-51.173841,-30.039020,-51.173473,BRIDGE
-30.038571,-51.220884,-30.038329,-51.220962,BRIDGE
-30.038488,-51.238510,-30.038480,-51.238585,TUNNEL
-30.038367,-55.268995,-30.038291,-55.269151,BRIDGE
-30.038302,-51.173629,-30.038304,-51.174049,BRIDGE
-30.037975,-51.228306,-30.039418,-51.228510,BRIDGE
-30.037919,-56.626797,-30.037799,-56.626754,BRIDGE
-30.036839,-51.204175,-30.039039,-51.204043,BRIDGE
-30.036362,-51.070535,-30.036296,-51.070493,BRIDGE
-30.036257,-51.070547,-30.036313,-51.070583,BRIDGE
-30.036104,-51.220521,-30.036215,-51.220701,TUNNEL
-30.036004,-51.220205,-30.035693,-51.220453,BRIDGE
-30.035693,-51.220453,-30.034030,-51.221778,BRIDGE
-30.035689,-51.220644,-30.036069,-51.220341,BRIDGE
-30.034840,-51.229187,-30.034880,-51.228608,TUNNEL
-30.034796,-51.072205,-30.034724,-51.072115,BRIDGE
-30.034624,-52.134102,-30.034706,-52.134223,BRIDGE
-30.034568,-51.228578,-30.034500,-51.228571,TUNNEL
-30.034500,-51.228571,-30.034457,-51.229148,TUNNEL
-30.034457,-51.229148,-30.034527,-51.229154,TUNNEL
-30.034457,-51.229148,-30.034291,-51.229132,TUNNEL
-30.034333,-51.228555,-30.034500,-51.228571,TUNNEL
-30.034103,-51.221907,-30.035689,-51.220644,BRIDGE
-30.033855,-51.857080,-30.033681,-51.857430,BRIDGE
-30.033678,-51.202085,-30.033700,-51.202295,TUNNEL
-30.033623,-51.228044,-30.033642,-51.227819,BRIDGE
-30.033380,-50.439311,-30.033310,-50.439496,BRIDGE
-30.033122,-51.230823,-30.032857,-51.230795,TUNNEL
-30.032637,-51.074280,-30.032717,-51.074381,BRIDGE
-30.031998,-51.208437,-30.031754,-51.208442,BRIDGE
-30.031630,-51.223994,-30.031240,-51.223708,BRIDGE
-30.031341,-51.252276,-30.030804,-51.252442,BRIDGE
-30.031201,-51.223769,-30.031578,-51.224070,BRIDGE
-30.031184,-51.230169,-30.031187,-51.230096,TUNNEL
-30.031102,-51.219074,-30.029332,-51.219430,TUNNEL
-30.030946,-53.407148,-30.030561,-53.407312,BRIDGE
-30.030703,-50.463654,-30.030705,-50.463220,BRIDGE
-30.030517,-51.076508,-30.030621,-51.076623,BRIDGE
-30.030480,-51.180377,-30.028313,-51.181335,BRIDGE
-30.030438,-51.234278,-30.029819,-51.234551,TUNNEL
-30.029556,-56.159715,-30.029409,-56.159533,BRIDGE
-30.029337,-51.219508,-30.030637,-51.219264,TUNNEL
-30.029258,-53.761499,-30.029271,-53.761237,BRIDGE
-30.028644,-51.233355,-30.029053,-51.233172,TUNNEL
-30.028597,-51.157750,-30.028084,-51.157520,TUNNEL
-30.028534,-51.219464,-30.024946,-51.219028,BRIDGE
-30.028409,-51.081859,-30.028517,-51.081890,BRIDGE
-30.028389,-51.163703,-30.028459,-51.163700,TUNNEL
-30.028342,-51.181473,-30.030521,-51.180498,BRIDGE
-30.027966,-52.888403,-30.028125,-52.888522,BRIDGE
-30.027953,-55.097883,-30.028912,-55.099169,BRIDGE
-30.027573,-53.188330,-30.027203,-53.189602,BRIDGE
-30.027514,-51.142825,-30.027515,-51.142773,BRIDGE
-30.027506,-51.084948,-30.027686,-51.084966,BRIDGE
-30.027142,-51.142818,-30.027145,-51.142761,BRIDGE
-30.026886,-51.211740,-30.026730,-51.211286,TUNNEL
-30.026823,-51.208995,-30.026721,-51.208856,TUNNEL
-30.026730,-51.211286,-30.026671,-51.211234,TUNNEL
-30.025610,-51.182870,-30.025497,-51.182582,TUNNEL
-30.025302,-51.219741,-30.028963,-51.219530,BRIDGE
-30.025295,-51.219647,-30.025575,-51.219541,BRIDGE
-30.025147,-51.225037,-30.025270,-51.224993,TUNNEL
-30.025104,-51.224945,-30.025225,-51.224902,TUNNEL
-30.025061,-51.224853,-30.025180,-51.224810,TUNNEL
-30.025018,-51.224761,-30.025135,-51.224719,TUNNEL
-30.024982,-54.870518,-30.024852,-54.870485,BRIDGE
-30.024304,-51.221575,-30.022085,-51.219267,BRIDGE
-30.023945,-55.868834,-30.024209,-55.868409,BRIDGE
-30.023831,-51.142047,-30.023815,-51.142114,BRIDGE
-30.023740,-50.459952,-30.023656,-50.460029,BRIDGE
-30.023575,-51.127365,-30.023573,-51.127282,BRIDGE
-30.023270,-51.219213,-30.022940,-51.218820,BRIDGE
-30.022248,-50.163344,-30.022319,-50.163390,BRIDGE
-30.022147,-51.184880,-30.022173,-51.184944,TUNNEL
-30.022109,-51.196598,-30.022283,-51.196572,TUNNEL
-30.022076,-51.163230,-30.022036,-51.161837,TUNNEL
-30.022036,-51.161837,-30.022076,-51.163230,TUNNEL
-30.021930,-51.163447,-30.022076,-51.163230,TUNNEL
-30.021768,-51.163181,-30.021668,-51.163482,TUNNEL
-30.021726,-51.161561,-30.022036,-51.161837,TUNNEL
-30.021709,-50.164037,-30.021636,-50.163996,BRIDGE
-30.021618,-51.218715,-30.022905,-51.220536,BRIDGE
-30.021608,-51.464521,-30.021706,-51.464443,BRIDGE
-30.021432,-51.141591,-30.021426,-51.141526,BRIDGE
-30.021249,-51.161855,-30.021220,-51.161670,TUNNEL
-30.021158,-51.464778,-30.021263,-51.464729,BRIDGE
-30.021034,-51.217950,-30.021618,-51.218715,BRIDGE
-30.021014,-51.217919,-30.024259,-51.220213,BRIDGE
-30.021014,-51.217919,-30.022065,-51.218956,BRIDGE
-30.020885,-51.054739,-30.020905,-51.054611,BRIDGE
-30.020864,-52.899083,-30.020771,-52.899125,BRIDGE
-30.020767,-51.310447,-30.020764,-51.310390,BRIDGE
-30.020755,-51.217611,-30.021044,-51.217328,TUNNEL
-30.020067,-51.141296,-30.020061,-51.141231,BRIDGE
-30.019987,-51.181201,-30.020315,-51.181416,BRIDGE
-30.019907,-51.126297,-30.019820,-51.126295,BRIDGE
-30.019767,-51.216523,-30.021014,-51.217919,BRIDGE
-30.019372,-51.175357,-30.018831,-51.175323,TUNNEL
-30.019138,-51.086326,-30.019181,-51.086325,BRIDGE
-30.019087,-51.085315,-30.019033,-51.085319,BRIDGE
-30.018895,-51.175452,-30.019301,-51.175247,TUNNEL
-30.018831,-51.175323,-30.019372,-51.175357,TUNNEL
-30.018752,-51.175360,-30.018831,-51.175323,TUNNEL
-30.017739,-54.843246,-30.017203,-54.843251,BRIDGE
-30.017437,-51.186772,-30.017395,-51.186249,TUNNEL
-30.017329,-51.186251,-30.017368,-51.186777,TUNNEL
-30.016559,-51.120847,-30.016516,-51.120841,BRIDGE
-30.016452,-54.329691,-30.016341,-54.329663,BRIDGE
-30.016200,-51.122808,-30.016155,-51.122791,BRIDGE
-30.015929,-51.139343,-30.015918,-51.139407,BRIDGE
-30.015034,-56.218592,-30.015114,-56.218997,BRIDGE
-30.014933,-51.214162,-30.015227,-51.213588,TUNNEL
-30.014836,-56.827542,-30.014329,-56.827978,BRIDGE
-30.014092,-51.124065,-30.014107,-51.123970,BRIDGE
-30.013887,-51.138427,-30.013910,-51.138368,BRIDGE
-30.013034,-51.138229,-30.013082,-51.138166,BRIDGE
-30.012914,-51.262556,-30.012477,-51.263191,BRIDGE
-30.012863,-51.138307,-30.012914,-51.138313,BRIDGE
-30.012714,-51.161070,-30.012730,-51.161162,TUNNEL
-30.012623,-51.160089,-30.012598,-51.159942,TUNNEL
-30.012623,-51.160089,-30.012709,-51.159931,TUNNEL
-30.012598,-51.159942,-30.013358,-51.159826,TUNNEL
-30.012598,-51.159942,-30.011439,-51.160313,TUNNEL
-30.012490,-51.161194,-30.012484,-51.161095,TUNNEL
-30.012490,-51.161194,-30.012074,-51.160991,TUNNEL
-30.012490,-51.161194,-30.012730,-51.161162,TUNNEL
-30.012484,-51.161095,-30.012623,-51.160089,TUNNEL
-30.012421,-51.160347,-30.011997,-51.160278,TUNNEL
-30.012388,-51.125136,-30.012448,-51.124944,BRIDGE
-30.012206,-51.125170,-30.012166,-51.125285,BRIDGE
-30.012091,-51.161255,-30.012074,-51.160991,TUNNEL
-30.012086,-51.161145,-30.012014,-51.160401,TUNNEL
-30.012074,-51.160991,-30.011997,-51.160278,TUNNEL
-30.011688,-51.171953,-30.011899,-51.168975,BRIDGE
-30.011685,-51.160065,-30.011443,-51.160137,TUNNEL
-30.011661,-51.748793,-30.011666,-51.748988,BRIDGE
-30.011555,-51.093187,-30.011498,-51.092957,BRIDGE
-30.011510,-51.161088,-30.012051,-51.160782,TUNNEL
-30.011495,-51.160865,-30.012034,-51.160610,TUNNEL
-30.011476,-51.160688,-30.011439,-51.160313,TUNNEL
-30.011449,-51.160362,-30.011997,-51.160278,TUNNEL
-30.011360,-51.092990,-30.011415,-51.093261,BRIDGE
-30.011357,-51.160150,-30.011719,-51.159984,TUNNEL
-30.010679,-51.211990,-30.010876,-51.211530,TUNNEL
-30.010467,-51.211122,-30.010644,-51.210582,TUNNEL
-30.010102,-51.306826,-30.010193,-51.306832,BRIDGE
-30.010075,-54.323133,-30.010296,-54.323353,BRIDGE
-30.010001,-51.159175,-30.010021,-51.159133,TUNNEL
-30.009826,-54.858188,-30.009708,-54.858089,BRIDGE
-30.009710,-51.204132,-30.009502,-51.204102,BRIDGE
-30.009520,-51.151864,-30.009694,-51.151772,TUNNEL
-30.009392,-51.151976,-30.009405,-51.151864,TUNNEL
-30.009080,-52.905851,-30.008637,-52.906036,BRIDGE
-30.008407,-52.911521,-30.008598,-52.911599,BRIDGE
-30.008330,-51.190082,-30.006657,-51.190274,BRIDGE
-30.008198,-52.531493,-30.008183,-52.531595,BRIDGE
-30.007888,-51.210039,-30.007583,-51.209869,BRIDGE
-30.007771,-51.209924,-30.007641,-51.210264,TUNNEL
-30.007711,-51.209889,-30.007582,-51.210230,TUNNEL
-30.007520,-52.991898,-30.007492,-52.991840,BRIDGE
-30.007499,-51.210087,-30.007808,-51.210249,BRIDGE
-30.007250,-51.191091,-30.008374,-51.190200,BRIDGE
-30.007081,-52.866194,-30.006849,-52.866197,BRIDGE
-30.006661,-51.032418,-30.006801,-51.032393,BRIDGE
-30.006657,-51.190274,-30.005531,-51.190301,BRIDGE
-30.006637,-51.039764,-30.006513,-51.039561,BRIDGE
-30.006569,-51.210146,-30.006592,-51.210158,TUNNEL
-30.006532,-51.033237,-30.006646,-51.033212,BRIDGE
-30.006387,-51.210650,-30.006409,-51.210661,TUNNEL
-30.006341,-51.034063,-30.006441,-51.034043,BRIDGE
-30.006214,-52.920237,-30.006567,-52.920277,BRIDGE
-30.005942,-51.312268,-30.006011,-51.312318,BRIDGE
-30.005852,-51.312579,-30.005772,-51.312520,BRIDGE
-30.005736,-51.191645,-30.007250,-51.191091,BRIDGE
-30.005673,-51.312705,-30.005768,-51.312771,BRIDGE
-30.005550,-51.035432,-30.005546,-51.035286,BRIDGE
-30.005520,-51.313061,-30.005479,-51.313039,BRIDGE
-30.005251,-51.036406,-30.005117,-51.036094,BRIDGE
-30.004168,-51.317078,-30.004320,-51.317105,BRIDGE
-30.003802,-51.307447,-30.003860,-51.307612,TUNNEL
-30.003615,-51.124871,-30.003616,-51.124794,BRIDGE
-30.003515,-51.124812,-30.003514,-51.124883,BRIDGE
-30.002590,-52.611848,-30.002233,-52.611844,BRIDGE
-30.002560,-51.306705,-30.002437,-51.306300,BRIDGE
-30.002505,-51.207938,-30.002171,-51.207825,BRIDGE
-30.002305,-51.208182,-30.002398,-51.207833,TUNNEL
-30.002283,-51.306322,-30.002407,-51.306754,BRIDGE
-30.002155,-51.208066,-30.002444,-51.208166,BRIDGE
-30.002145,-50.465156,-30.002088,-50.465255,BRIDGE
-30.000831,-53.639215,-30.000837,-53.639350,BRIDGE
-30.000349,-52.981896,-30.000210,-52.982214,BRIDGE
-29.999638,-56.188684,-30.000031,-56.189244,BRIDGE
-29.999185,-51.202539,-29.997476,-51.206650,BRIDGE
-29.999122,-51.206686,-29.998404,-51.205485,BRIDGE
-29.998937,-51.207188,-29.999011,-51.206918,TUNNEL
-29.998915,-51.205754,-29.999223,-51.202695,BRIDGE
-29.998915,-51.205754,-29.998407,-51.205364,BRIDGE
-29.998685,-51.205953,-29.997755,-51.205762,BRIDGE
-29.998625,-51.125693,-29.998553,-51.125643,BRIDGE
-29.998600,-51.207154,-30.000551,-51.207717,BRIDGE
-29.998407,-51.205364,-29.997033,-51.205961,BRIDGE
-29.998404,-51.205485,-29.997476,-51.206650,BRIDGE
-29.998379,-51.125860,-29.998441,-51.125910,BRIDGE
-29.998336,-52.548825,-29.998106,-52.548889,BRIDGE
-29.998192,-51.206500,-29.997969,-51.206430,BRIDGE
-29.998179,-51.207291,-29.998600,-51.207154,BRIDGE
-29.998179,-51.207291,-29.998915,-51.205754,BRIDGE
-29.998033,-51.206730,-29.998122,-51.206402,TUNNEL
-29.997937,-51.206653,-29.998157,-51.206734,BRIDGE
-29.997899,-51.139726,-29.997907,-51.139582,BRIDGE
-29.997771,-51.139576,-29.997765,-51.139729,BRIDGE
-29.997754,-51.207794,-29.998179,-51.207291,BRIDGE
-29.997711,-51.205914,-29.998684,-51.206122,BRIDGE
-29.997661,-51.088197,-29.997676,-51.087970,BRIDGE
-29.997605,-51.207049,-29.997492,-51.208408,BRIDGE
-29.997568,-51.208438,-29.997754,-51.207794,BRIDGE
-29.997542,-51.046927,-29.997481,-51.046862,BRIDGE
-29.997521,-54.874984,-29.997385,-54.874949,BRIDGE
-29.997492,-51.208408,-29.997310,-51.208960,BRIDGE
-29.997476,-51.206650,-29.997605,-51.207049,BRIDGE
-29.997476,-55.614881,-29.997279,-55.614958,BRIDGE
-29.997393,-51.197428,-29.997247,-51.197414,TUNNEL
-29.997389,-51.208996,-29.997568,-51.208438,BRIDGE
-29.997310,-51.208960,-29.995797,-51.213622,BRIDGE
-29.997304,-51.206707,-29.997605,-51.207049,BRIDGE
-29.997253,-51.197619,-29.997404,-51.197660,TUNNEL
-29.997247,-51.197414,-29.997180,-51.197406,TUNNEL
-29.997235,-51.188506,-29.994682,-51.191060,BRIDGE
-29.997187,-51.197601,-29.997253,-51.197619,TUNNEL
-29.997020,-51.128465,-29.997080,-51.128495,BRIDGE
-29.996522,-56.433335,-29.995448,-56.431682,BRIDGE
-29.996142,-51.130089,-29.996239,-51.130076,BRIDGE
-29.995864,-51.213650,-29.997389,-51.208996,BRIDGE
-29.995847,-51.139850,-29.995843,-51.139657,BRIDGE
-29.995799,-52.368153,-30.001659,-52.367962,BRIDGE
-29.995594,-51.110528,-29.995548,-51.110475,BRIDGE
-29.995593,-51.189213,-29.996910,-51.189918,TUNNEL
-29.995375,-51.206036,-29.997304,-51.206707,BRIDGE
-29.995351,-51.206136,-29.997298,-51.206907,BRIDGE
-29.995341,-50.184081,-29.995119,-50.184443,BRIDGE
-29.995228,-50.184525,-29.995446,-50.184177,BRIDGE
-29.995118,-51.132813,-29.995225,-51.132882,BRIDGE
-29.994733,-51.191116,-29.997722,-51.190218,BRIDGE
-29.994663,-51.134199,-29.994554,-51.134138,BRIDGE
-29.994445,-51.049123,-29.994348,-51.048882,BRIDGE
-29.994308,-52.802103,-29.994478,-52.802411,BRIDGE
-29.994261,-51.279210,-29.988989,-51.261989,BRIDGE
-29.993590,-51.276312,-29.993615,-51.276397,BRIDGE
-29.993308,-51.221195,-29.992215,-51.224568,BRIDGE
-29.992666,-50.373072,-29.992607,-50.373181,BRIDGE
-29.992665,-57.210455,-29.992742,-57.210515,BRIDGE
-29.992651,-51.848551,-29.992430,-51.848296,BRIDGE
-29.992478,-51.224680,-29.993591,-51.221271,BRIDGE
-29.992349,-51.049851,-29.992314,-51.050058,BRIDGE
-29.992067,-51.136863,-29.992109,-51.136984,BRIDGE
-29.991643,-56.787602,-29.991477,-56.787657,BRIDGE
-29.990991,-56.176049,-29.991182,-56.176367,BRIDGE
-29.990770,-51.229765,-29.988986,-51.217176,BRIDGE
-29.990419,-51.088704,-29.990416,-51.088915,BRIDGE
-29.990186,-51.137076,-29.990181,-51.137196,BRIDGE
-29.989908,-51.139832,-29.989728,-51.139826,BRIDGE
-29.989856,-51.176121,-29.989333,-51.174025,BRIDGE
-29.989823,-51.177775,-29.989856,-51.176121,BRIDGE
-29.989465,-51.155247,-29.989472,-51.155401,BRIDGE
-29.989463,-51.066095,-29.989572,-51.066080,BRIDGE
-29.989450,-51.233151,-29.986961,-51.240738,BRIDGE
-29.989348,-51.233109,-29.986886,-51.240709,BRIDGE
-29.989066,-51.178025,-29.989823,-51.177775,BRIDGE
-29.989004,-51.067459,-29.988887,-51.067483,BRIDGE
-29.988986,-51.217176,-29.987995,-51.208159,BRIDGE
-29.988885,-51.217201,-29.990654,-51.228531,BRIDGE
-29.988728,-51.137243,-29.988724,-51.137349,BRIDGE
-29.988715,-51.262077,-29.993988,-51.279340,BRIDGE
-29.988263,-53.926985,-29.987415,-53.927115,BRIDGE
-29.988134,-51.204675,-29.990927,-51.204590,BRIDGE
-29.987995,-51.208159,-29.987770,-51.205304,BRIDGE
-29.987931,-51.068967,-29.987924,-51.068843,BRIDGE
-29.987770,-51.205304,-29.987529,-51.202624,BRIDGE
-29.987770,-51.205304,-29.988134,-51.204675,BRIDGE
-29.987766,-51.180117,-29.987361,-51.180742,BRIDGE
-29.987545,-51.205951,-29.988885,-51.217201,BRIDGE
-29.987529,-51.202624,-29.985430,-51.202280,BRIDGE
-29.987361,-51.180742,-29.985839,-51.181080,BRIDGE
-29.987361,-51.180742,-29.987638,-51.182365,BRIDGE
-29.987324,-54.615471,-29.987662,-54.614823,BRIDGE
-29.987295,-51.154327,-29.987273,-51.153900,BRIDGE
-29.987279,-51.205211,-29.987545,-51.205951,BRIDGE
-29.987237,-51.240831,-29.989694,-51.233308,BRIDGE
-29.986967,-51.153808,-29.986986,-51.154358,BRIDGE
-29.986741,-51.052546,-29.986960,-51.052614,BRIDGE
-29.986453,-51.891688,-29.986518,-51.891713,BRIDGE
-29.986142,-51.644128,-29.986213,-51.644225,BRIDGE
-29.985927,-51.110968,-29.986001,-51.110931,BRIDGE
-29.985742,-52.970018,-29.985583,-52.969979,BRIDGE
-29.985649,-51.203411,-29.987279,-51.205211,BRIDGE
-29.985587,-51.109539,-29.985503,-51.109574,BRIDGE
-29.985574,-51.181489,-29.988533,-51.179795,BRIDGE
-29.985074,-51.155367,-29.985071,-51.155568,BRIDGE
-29.984666,-51.107289,-29.984648,-51.107153,BRIDGE
-29.984538,-51.890044,-29.984502,-51.890127,BRIDGE
-29.984174,-51.202524,-29.985649,-51.203411,BRIDGE
-29.984000,-51.892642,-29.983937,-51.892854,BRIDGE
-29.983713,-53.312167,-29.983362,-53.312285,BRIDGE
-29.983109,-51.282206,-29.983114,-51.282240,BRIDGE
-29.983088,-50.133187,-29.981981,-50.132616,BRIDGE
-29.983041,-52.388427,-29.983388,-52.387869,BRIDGE
-29.981956,-52.414620,-29.982134,-52.414367,BRIDGE
-29.981945,-50.132725,-29.983045,-50.133294,BRIDGE
-29.981917,-50.132804,-29.983015,-50.133376,BRIDGE
-29.980643,-51.166680,-29.980579,-51.166681,TUNNEL
-29.980581,-51.166757,-29.980646,-51.166753,TUNNEL
-29.979100,-56.755441,-29.978728,-56.755871,BRIDGE
-29.978015,-51.137996,-29.978099,-51.137988,BRIDGE
-29.977775,-52.383096,-29.977541,-52.383142,BRIDGE
-29.977267,-52.379793,-29.975563,-52.381460,BRIDGE
-29.977241,-52.383202,-29.977001,-52.383251,BRIDGE
-29.976347,-57.266807,-29.976428,-57.266925,BRIDGE
-29.975629,-51.194795,-29.974733,-51.197020,BRIDGE
-29.975477,-51.199001,-29.975168,-51.198700,BRIDGE
-29.975322,-51.167284,-29.975111,-51.167316,TUNNEL
-29.975170,-51.198706,-29.975165,-51.198404,BRIDGE
-29.975168,-51.198700,-29.974546,-51.197723,BRIDGE
-29.975165,-51.198404,-29.975118,-51.197532,BRIDGE
-29.975165,-51.198404,-29.974671,-51.197621,BRIDGE
-29.975139,-51.167638,-29.975349,-51.167622,TUNNEL
-29.975118,-51.197532,-29.975707,-51.194898,BRIDGE
-29.975035,-51.164197,-29.975089,-51.164190,TUNNEL
-29.974733,-51.197020,-29.973469,-51.197753,BRIDGE
-29.974671,-51.197621,-29.973119,-51.196790,BRIDGE
-29.974606,-51.199637,-29.976392,-51.199980,BRIDGE
-29.974606,-51.199637,-29.975170,-51.198706,BRIDGE
-29.974546,-51.197723,-29.973469,-51.197753,BRIDGE
-29.973802,-51.161082,-29.973850,-51.161470,BRIDGE
-29.973678,-55.748794,-29.973338,-55.747474,BRIDGE
-29.973469,-51.197753,-29.973171,-51.198267,BRIDGE
-29.973284,-52.841939,-29.973868,-52.842583,BRIDGE
-29.973171,-51.198267,-29.972818,-51.198978,BRIDGE
-29.972965,-51.197632,-29.972818,-51.198978,BRIDGE
-29.972818,-51.198978,-29.972386,-51.199247,BRIDGE
-29.972446,-51.199399,-29.974606,-51.199637,BRIDGE
-29.972386,-51.199247,-29.970203,-51.200272,BRIDGE
-29.972374,-51.138020,-29.972383,-51.137951,BRIDGE
-29.972125,-51.178558,-29.973779,-51.177804,BRIDGE
-29.971943,-50.400569,-29.972106,-50.400457,BRIDGE
-29.971890,-51.178080,-29.971819,-51.176280,BRIDGE
-29.971741,-51.195505,-29.972965,-51.197632,BRIDGE
-29.971065,-51.181442,-29.971820,-51.181120,BRIDGE
-29.970327,-54.723397,-29.970497,-54.723421,BRIDGE
-29.970256,-51.200426,-29.972446,-51.199399,BRIDGE
-29.970203,-51.200272,-29.940277,-51.205707,BRIDGE
-29.969984,-51.176416,-29.971613,-51.175894,BRIDGE
-29.969537,-51.175618,-29.969719,-51.177520,BRIDGE
-29.969417,-51.180243,-29.969223,-51.180263,TUNNEL
-29.969229,-51.180334,-29.969423,-51.180314,TUNNEL
-29.969116,-50.477253,-29.969030,-50.477283,BRIDGE
-29.968898,-51.744820,-29.969094,-51.743421,BRIDGE
-29.968825,-51.201062,-29.970256,-51.200426,BRIDGE
-29.968494,-51.176529,-29.969604,-51.177529,BRIDGE
-29.968472,-51.115533,-29.968522,-51.114734,BRIDGE
-29.968388,-51.176941,-29.967971,-51.176952,BRIDGE
-29.968339,-51.176274,-29.966334,-51.176296,BRIDGE
-29.968315,-51.114757,-29.968270,-51.115522,BRIDGE
-29.967971,-51.176952,-29.966723,-51.176994,BRIDGE
-29.967627,-53.950082,-29.967640,-53.950239,TUNNEL
-29.967542,-51.139619,-29.967508,-51.138372,BRIDGE
-29.967310,-51.138358,-29.967345,-51.139651,BRIDGE
-29.966260,-51.176561,-29.968494,-51.176529,BRIDGE
-29.966245,-51.176464,-29.968336,-51.176417,BRIDGE
-29.966029,-52.704808,-29.966156,-52.704376,BRIDGE
-29.965677,-56.569255,-29.965585,-56.569461,BRIDGE
-29.965566,-51.202265,-29.968825,-51.201062,BRIDGE
-29.965164,-51.099883,-29.964176,-51.098005,BRIDGE
-29.965162,-51.760207,-29.965339,-51.759614,BRIDGE
-29.964488,-51.202625,-29.965566,-51.202265,BRIDGE
-29.964385,-54.722662,-29.964532,-54.722675,BRIDGE
-29.964318,-52.854007,-29.963844,-52.853926,BRIDGE
-29.964099,-51.098286,-29.965045,-51.100075,BRIDGE
-29.963641,-51.203239,-29.964488,-51.202625,BRIDGE
-29.963562,-51.764194,-29.964111,-51.763401,BRIDGE
-29.963478,-52.370531,-29.964300,-52.370436,BRIDGE
-29.963478,-50.841768,-29.963491,-50.841633,BRIDGE
-29.962377,-51.002447,-29.963556,-51.002164,BRIDGE
-29.962273,-51.175473,-29.962443,-51.177550,BRIDGE
-29.961901,-51.701858,-29.962023,-51.701850,BRIDGE
-29.961540,-51.093838,-29.962130,-51.093676,BRIDGE
-29.960842,-51.202824,-29.964488,-51.202625,BRIDGE
-29.960842,-51.202824,-29.962753,-51.203289,BRIDGE
-29.960413,-51.111442,-29.958766,-51.110104,BRIDGE
-29.960352,-51.111543,-29.958707,-51.110197,BRIDGE
-29.960109,-51.202755,-29.960842,-51.202824,BRIDGE
-29.959202,-51.202657,-29.960109,-51.202755,BRIDGE
-29.958867,-56.785092,-29.958751,-56.785283,BRIDGE
-29.958650,-51.110289,-29.960300,-51.111652,BRIDGE
-29.957973,-51.554113,-29.958257,-51.553668,BRIDGE
-29.955538,-51.025617,-29.955614,-51.025223,BRIDGE
-29.955387,-51.025162,-29.955309,-51.025567,BRIDGE
-29.954909,-51.004054,-29.954770,-51.003377,BRIDGE
-29.954777,-51.069572,-29.954729,-51.069097,BRIDGE
-29.954573,-51.003433,-29.954680,-51.004011,BRIDGE
-29.954526,-51.069120,-29.954570,-51.069576,BRIDGE
-29.954405,-50.939006,-29.954493,-50.938968,BRIDGE
-29.954056,-57.185283,-29.954198,-57.185372,BRIDGE
-29.954048,-52.372890,-29.954363,-52.372581,BRIDGE
-29.953580,-54.033942,-29.953450,-54.034435,BRIDGE
-29.953567,-51.762414,-29.960725,-51.765074,BRIDGE
-29.953306,-51.058808,-29.953876,-51.058725,BRIDGE
-29.953231,-50.480955,-29.953087,-50.480990,BRIDGE
-29.953099,-50.984129,-29.953094,-50.983043,BRIDGE
-29.953039,-50.975516,-29.953017,-50.975078,BRIDGE
-29.952871,-50.983102,-29.952878,-50.984145,BRIDGE
-29.952816,-50.975044,-29.952824,-50.975413,BRIDGE
-29.952776,-55.874252,-29.953121,-55.874340,BRIDGE
-29.951183,-55.600569,-29.951334,-55.599395,BRIDGE
-29.950977,-52.709058,-29.950835,-52.709484,BRIDGE
-29.950941,-51.005277,-29.951155,-51.004168,BRIDGE
-29.949897,-51.588132,-29.948773,-51.583989,BRIDGE
-29.949844,-51.006432,-29.949611,-51.006839,BRIDGE
-29.949703,-52.361739,-29.949765,-52.361630,BRIDGE
-29.949702,-51.006893,-29.949933,-51.006486,BRIDGE
-29.948960,-50.997849,-29.949263,-50.997702,BRIDGE
-29.946716,-50.983211,-29.946704,-50.982868,BRIDGE
-29.946615,-50.982875,-29.946631,-50.983216,BRIDGE
-29.946556,-50.981076,-29.946534,-50.980629,BRIDGE
-29.946478,-53.703600,-29.945616,-53.704095,BRIDGE
-29.946435,-50.980641,-29.946457,-50.981072,BRIDGE
-29.945481,-50.313749,-29.945575,-50.313763,BRIDGE
-29.945268,-51.011062,-29.944438,-51.011005,TUNNEL
-29.945183,-51.011417,-29.945200,-51.011056,TUNNEL
-29.945076,-50.313698,-29.945152,-50.313710,BRIDGE
-29.945052,-51.011410,-29.945068,-51.011047,TUNNEL
-29.944918,-51.011402,-29.944931,-51.011038,TUNNEL
-29.944792,-51.011395,-29.944806,-51.011030,TUNNEL
-29.944649,-51.011386,-29.944667,-51.011021,TUNNEL
-29.944509,-51.011378,-29.944526,-51.011011,TUNNEL
-29.943503,-50.935382,-29.943453,-50.934941,BRIDGE
-29.943317,-51.088657,-29.943015,-51.088504,BRIDGE
-29.943263,-50.934964,-29.943315,-50.935405,BRIDGE
-29.943082,-54.933411,-29.944050,-54.931779,BRIDGE
-29.943020,-51.088689,-29.943239,-51.088805,BRIDGE
-29.942349,-51.088952,-29.942319,-51.088857,BRIDGE
-29.941888,-50.906479,-29.941890,-50.906304,TUNNEL
-29.941751,-57.177081,-29.942037,-57.177311,BRIDGE
-29.941713,-50.906309,-29.941713,-50.906484,TUNNEL
-29.941505,-51.088899,-29.941523,-51.088820,BRIDGE
-29.941420,-54.477031,-29.941312,-54.476624,BRIDGE
-29.941257,-50.896543,-29.940760,-50.896825,BRIDGE
-29.940701,-53.708292,-29.941278,-53.707671,BRIDGE
-29.940515,-51.089305,-29.940468,-51.089203,BRIDGE
-29.940334,-51.205827,-29.959202,-51.202657,BRIDGE
-29.939894,-50.418484,-29.940069,-50.418410,BRIDGE
-29.939635,-54.147208,-29.939692,-54.147186,BRIDGE
-29.939381,-53.712972,-29.939387,-53.713081,BRIDGE
-29.938281,-51.090284,-29.938256,-51.090203,BRIDGE
-29.938242,-53.711016,-29.936894,-53.712521,BRIDGE
-29.937890,-51.813830,-29.937906,-51.813886,BRIDGE
-29.937694,-51.065699,-29.937834,-51.065633,BRIDGE
-29.937689,-51.506116,-29.937737,-51.506004,BRIDGE
-29.937468,-53.757441,-29.937617,-53.757521,BRIDGE
-29.937338,-50.917437,-29.937336,-50.917364,TUNNEL
-29.937304,-51.195269,-29.937110,-51.195274,BRIDGE
-29.937181,-51.197139,-29.937167,-51.197002,BRIDGE
-29.936684,-51.207262,-29.936602,-51.207112,BRIDGE
-29.936373,-51.061951,-29.936705,-51.061938,BRIDGE
-29.936364,-51.176938,-29.936407,-51.177943,BRIDGE
-29.935905,-51.016672,-29.935661,-51.016288,BRIDGE
-29.935748,-52.355530,-29.935972,-52.355491,BRIDGE
-29.935708,-50.602553,-29.936183,-50.602497,BRIDGE
-29.935626,-56.448288,-29.935592,-56.448425,BRIDGE
-29.935573,-51.016382,-29.935797,-51.016762,BRIDGE
-29.935461,-51.058347,-29.935331,-51.058315,BRIDGE
-29.934932,-50.882976,-29.935656,-50.882753,BRIDGE
-29.933947,-53.715375,-29.933464,-53.715766,BRIDGE
-29.933492,-51.126307,-29.933519,-51.126473,BRIDGE
-29.933292,-51.056031,-29.933323,-51.055811,BRIDGE
-29.933247,-51.055794,-29.933217,-51.056015,BRIDGE
-29.932820,-50.321466,-29.933039,-50.321554,BRIDGE
-29.931354,-52.346788,-29.931237,-52.346867,BRIDGE
-29.930987,-51.054584,-29.931138,-51.054537,BRIDGE
-29.930211,-51.051165,-29.930243,-51.051045,BRIDGE
-29.929829,-51.178593,-29.926862,-51.179665,BRIDGE
-29.929771,-51.639241,-29.929510,-51.639369,BRIDGE
-29.929026,-51.177808,-29.931861,-51.178171,BRIDGE
-29.928989,-51.049777,-29.928965,-51.049894,BRIDGE
-29.928576,-54.282171,-29.928603,-54.282114,BRIDGE
-29.928316,-51.805188,-29.928360,-51.805197,BRIDGE
-29.928173,-51.177622,-29.924043,-51.177828,BRIDGE
-29.927587,-51.181843,-29.927724,-51.181760,BRIDGE
-29.926888,-51.179735,-29.929855,-51.178670,BRIDGE
-29.926452,-54.193966,-29.926246,-54.193748,BRIDGE
-29.926439,-51.181643,-29.926109,-51.178422,BRIDGE
-29.926016,-51.178443,-29.926383,-51.181563,BRIDGE
-29.925955,-51.219280,-29.925932,-51.219224,BRIDGE
-29.925557,-51.282298,-29.925500,-51.282511,TUNNEL
-29.925422,-51.023856,-29.923848,-51.024980,BRIDGE
-29.925079,-51.282517,-29.924986,-51.282492,TUNNEL
-29.924443,-53.415792,-29.925877,-53.416549,BRIDGE
-29.924068,-51.177953,-29.928167,-51.177746,BRIDGE
-29.923918,-51.025115,-29.925489,-51.023969,BRIDGE
-29.923368,-51.229477,-29.922953,-51.229085,BRIDGE
-29.923279,-51.118182,-29.923242,-51.118367,BRIDGE
-29.923246,-51.042927,-29.923137,-51.043072,BRIDGE
-29.922872,-51.229220,-29.923290,-51.229612,BRIDGE
-29.922787,-54.822207,-29.922176,-54.821745,BRIDGE
-29.922643,-51.873019,-29.922633,-51.872997,BRIDGE
-29.922253,-51.224913,-29.922279,-51.224579,BRIDGE
-29.922098,-50.844946,-29.922006,-50.844379,BRIDGE
-29.922044,-51.224569,-29.922021,-51.224888,BRIDGE
-29.921826,-51.041173,-29.921734,-51.041336,BRIDGE
-29.921806,-50.844393,-29.921889,-50.844906,BRIDGE
-29.921786,-51.041356,-29.921870,-51.041211,BRIDGE
-29.921313,-54.678512,-29.921495,-54.678876,BRIDGE
-29.921305,-54.134969,-29.921444,-54.134867,BRIDGE
-29.920560,-51.082165,-29.920613,-51.082121,BRIDGE
-29.920065,-51.081077,-29.920121,-51.081048,BRIDGE
-29.918994,-50.830089,-29.919511,-50.830101,BRIDGE
-29.918666,-51.182390,-29.919110,-51.182197,TUNNEL
-29.916075,-56.048122,-29.916758,-56.049567,BRIDGE
-29.915035,-50.817382,-29.915524,-50.817384,BRIDGE
-29.914759,-54.360684,-29.914752,-54.360482,BRIDGE
-29.914581,-51.678136,-29.914809,-51.678243,BRIDGE
-29.914443,-50.318170,-29.914544,-50.318171,BRIDGE
-29.914370,-56.685634,-29.914294,-56.685421,BRIDGE
-29.913565,-56.161742,-29.913760,-56.161798,BRIDGE
-29.913360,-56.666494,-29.913227,-56.666853,BRIDGE
-29.912702,-50.270072,-29.912617,-50.269478,BRIDGE
-29.912568,-56.683271,-29.912415,-56.683289,BRIDGE
-29.912541,-50.269492,-29.912614,-50.270092,BRIDGE
-29.912474,-50.787631,-29.911960,-50.787855,BRIDGE
-29.912151,-51.237659,-29.911639,-51.238011,BRIDGE
-29.912011,-50.846204,-29.911953,-50.846107,BRIDGE
-29.911683,-51.238173,-29.912223,-51.237787,BRIDGE
-29.911463,-51.246774,-29.911397,-51.246818,BRIDGE
-29.911281,-50.845024,-29.911176,-50.844869,BRIDGE
-29.910415,-51.037818,-29.910607,-51.037735,BRIDGE
-29.910364,-51.018340,-29.910490,-51.018369,BRIDGE
-29.909948,-51.036508,-29.909795,-51.036630,BRIDGE
-29.909831,-51.186033,-29.909815,-51.186031,TUNNEL
-29.909813,-51.186192,-29.909797,-51.186190,TUNNEL
-29.909801,-51.036794,-29.910007,-51.036613,BRIDGE
-29.909793,-56.058582,-29.909625,-56.058612,BRIDGE
-29.909750,-50.767440,-29.910267,-50.767263,BRIDGE
-29.909689,-50.425835,-29.909558,-50.425838,BRIDGE
-29.908870,-51.037462,-29.908571,-51.037724,BRIDGE
-29.908642,-51.037811,-29.908935,-51.037554,BRIDGE
-29.907321,-50.158073,-29.907400,-50.158045,BRIDGE
-29.907242,-51.243742,-29.906658,-51.244186,BRIDGE
-29.906807,-51.626452,-29.906759,-51.626530,BRIDGE
-29.906703,-51.244337,-29.907291,-51.243895,BRIDGE
-29.906143,-51.176789,-29.901399,-51.176353,BRIDGE
-29.904696,-56.030426,-29.904886,-56.030698,BRIDGE
-29.903862,-53.877143,-29.903976,-53.877137,BRIDGE
-29.903780,-51.177458,-29.903370,-51.180367,BRIDGE
-29.902872,-51.752684,-29.903184,-51.752551,TUNNEL
-29.902770,-52.861470,-29.902605,-52.861188,BRIDGE
-29.902437,-52.048261,-29.902410,-52.048089,BRIDGE
-29.902165,-53.145338,-29.901816,-53.145359,BRIDGE
-29.901386,-51.176509,-29.906146,-51.176938,BRIDGE
-29.900101,-55.569303,-29.899876,-55.569618,BRIDGE
-29.899807,-54.194768,-29.899715,-54.194778,BRIDGE
-29.898528,-50.738441,-29.898321,-50.737976,BRIDGE
-29.898173,-50.738066,-29.898374,-50.738527,BRIDGE
-29.897692,-51.565371,-29.897792,-51.565360,TUNNEL
-29.897409,-51.199692,-29.897404,-51.199846,BRIDGE
-29.897302,-50.321982,-29.897911,-50.321905,BRIDGE
-29.897221,-56.019883,-29.897317,-56.020022,BRIDGE
-29.896861,-56.612808,-29.896845,-56.612629,BRIDGE
-29.896763,-51.707791,-29.897534,-51.707642,BRIDGE
-29.896523,-56.862592,-29.896399,-56.862938,BRIDGE
-29.896492,-51.176634,-29.898487,-51.176374,BRIDGE
-29.896487,-51.070237,-29.896379,-51.070308,BRIDGE
-29.896331,-51.237451,-29.896236,-51.237612,BRIDGE
-29.895966,-54.121178,-29.895787,-54.121039,BRIDGE
-29.895866,-51.501463,-29.895799,-51.501689,BRIDGE
-29.895848,-54.853529,-29.894825,-54.853438,BRIDGE
-29.895659,-52.849397,-29.895934,-52.849430,BRIDGE
-29.895318,-51.193300,-29.895323,-51.193206,BRIDGE
-29.895120,-51.236901,-29.894904,-51.236833,BRIDGE
-29.894900,-51.236876,-29.895116,-51.236949,BRIDGE
-29.894824,-51.606449,-29.894865,-51.606543,BRIDGE
-29.894822,-51.243669,-29.894394,-51.243480,BRIDGE
-29.894526,-56.579396,-29.894533,-56.578962,BRIDGE
-29.894467,-51.066038,-29.894422,-51.066046,BRIDGE
-29.894354,-51.243646,-29.894804,-51.243825,BRIDGE
-29.894144,-51.064721,-29.894190,-51.064714,BRIDGE
-29.894078,-50.283788,-29.893686,-50.284415,BRIDGE
-29.893315,-51.179336,-29.894915,-51.176457,BRIDGE
-29.893107,-51.178081,-29.892948,-51.176383,BRIDGE
-29.892849,-51.176528,-29.893010,-51.178087,BRIDGE
-29.892729,-50.723886,-29.892548,-50.723279,BRIDGE
-29.892712,-50.427518,-29.892618,-50.427523,BRIDGE
-29.892363,-50.723318,-29.892545,-50.723950,BRIDGE
-29.891815,-50.281361,-29.891401,-50.280926,BRIDGE
-29.891375,-50.281127,-29.891715,-50.281499,BRIDGE
-29.891033,-51.065615,-29.890824,-51.066064,BRIDGE
-29.890936,-51.066099,-29.891141,-51.065651,BRIDGE
-29.889880,-52.050408,-29.889867,-52.050297,BRIDGE
-29.889872,-50.704572,-29.890502,-50.704545,BRIDGE
-29.889540,-51.178622,-29.892970,-51.178632,BRIDGE
-29.889423,-50.682163,-29.889274,-50.680889,BRIDGE
-29.889098,-50.680894,-29.889246,-50.682182,BRIDGE
-29.888752,-52.050519,-29.888741,-52.050885,BRIDGE
-29.887701,-50.478981,-29.887317,-50.478800,TUNNEL
-29.887578,-51.162624,-29.887580,-51.162560,TUNNEL
-29.887427,-51.162552,-29.887424,-51.162619,TUNNEL
-29.886745,-50.654401,-29.885741,-50.654756,BRIDGE
-29.886288,-50.595140,-29.886317,-50.594310,BRIDGE
-29.886119,-50.594293,-29.886095,-50.595139,BRIDGE
-29.885776,-50.272336,-29.884536,-50.269925,BRIDGE
-29.885746,-52.542565,-29.885657,-52.542574,BRIDGE
-29.885576,-50.599789,-29.886148,-50.599639,BRIDGE
-29.885105,-51.999029,-29.885155,-51.998669,BRIDGE
-29.884982,-52.436389,-29.885001,-52.436463,BRIDGE
-29.884921,-51.228413,-29.884874,-51.228372,BRIDGE
-29.884833,-50.577780,-29.885372,-50.577895,BRIDGE
-29.884457,-50.270009,-29.885679,-50.272426,BRIDGE
-29.884296,-51.227775,-29.884140,-51.228222,BRIDGE
-29.884191,-51.228251,-29.884341,-51.227795,BRIDGE
-29.883809,-55.984786,-29.883878,-55.984669,BRIDGE
-29.883707,-50.550987,-29.883669,-50.549954,BRIDGE
-29.883498,-51.213145,-29.883405,-51.213143,BRIDGE
-29.883467,-50.549971,-29.883495,-50.550984,BRIDGE
-29.883451,-51.609306,-29.883300,-51.609164,BRIDGE
-29.883429,-51.214232,-29.883370,-51.214230,BRIDGE
-29.883371,-51.215312,-29.883313,-51.215309,BRIDGE
-29.883371,-57.115583,-29.883866,-57.115748,BRIDGE
-29.883291,-51.216804,-29.883232,-51.216802,BRIDGE
-29.883171,-51.218624,-29.883113,-51.218620,BRIDGE
-29.883107,-55.005625,-29.882987,-55.005322,BRIDGE
-29.882988,-50.547944,-29.883904,-50.548234,BRIDGE
-29.882944,-51.608848,-29.882874,-51.608789,BRIDGE
-29.882768,-52.510703,-29.882861,-52.510656,BRIDGE
-29.882316,-51.236442,-29.881495,-51.235942,BRIDGE
-29.882315,-51.385975,-29.882408,-51.386123,TUNNEL
-29.882309,-57.115240,-29.882477,-57.115291,BRIDGE
-29.882038,-51.251159,-29.882085,-51.251393,BRIDGE
-29.882035,-51.384349,-29.882073,-51.384506,TUNNEL
-29.881848,-51.098937,-29.881990,-51.098743,TUNNEL
-29.881448,-51.236085,-29.882257,-51.236551,BRIDGE
-29.880828,-51.612615,-29.880959,-51.612673,BRIDGE
-29.880455,-50.513242,-29.879917,-50.513242,BRIDGE
-29.879773,-54.847926,-29.879504,-54.847773,BRIDGE
-29.879626,-52.889888,-29.879691,-52.889845,BRIDGE
-29.879092,-51.234506,-29.878713,-51.234252,BRIDGE
-29.878746,-51.234426,-29.879169,-51.234682,BRIDGE
-29.878544,-50.078380,-29.878805,-50.078403,BRIDGE
-29.878020,-51.242238,-29.876483,-51.243573,BRIDGE
-29.877777,-51.091414,-29.878311,-51.091800,BRIDGE
-29.877638,-51.361661,-29.877697,-51.361683,BRIDGE
-29.877450,-51.152484,-29.877445,-51.152583,BRIDGE
-29.877163,-51.916995,-29.877083,-51.916843,BRIDGE
-29.876815,-51.354288,-29.876768,-51.354296,BRIDGE
-29.876526,-51.243674,-29.878082,-51.242317,BRIDGE
-29.876299,-57.113254,-29.876725,-57.113394,BRIDGE
-29.876120,-50.425516,-29.875690,-50.425842,BRIDGE
-29.875635,-50.546044,-29.875686,-50.545971,BRIDGE
-29.875128,-53.681890,-29.875188,-53.681881,BRIDGE
-29.874690,-54.069373,-29.874643,-54.069268,BRIDGE
-29.874613,-50.104494,-29.875362,-50.104222,BRIDGE
-29.874206,-51.759521,-29.874075,-51.759631,BRIDGE
-29.873861,-50.737110,-29.873550,-50.736526,BRIDGE
-29.873858,-51.187656,-29.873866,-51.187613,BRIDGE
-29.873769,-51.180560,-29.874097,-51.181341,BRIDGE
-29.873733,-53.263062,-29.873494,-53.262896,BRIDGE
-29.873652,-52.311548,-29.874084,-52.311247,BRIDGE
-29.873328,-50.102268,-29.873510,-50.101182,BRIDGE
-29.872816,-55.982953,-29.873037,-55.983231,BRIDGE
-29.872612,-51.097348,-29.872385,-51.097526,BRIDGE
-29.872610,-51.097180,-29.872385,-51.097358,BRIDGE
-29.872564,-51.097690,-29.872621,-51.097648,BRIDGE
-29.872506,-51.097581,-29.872615,-51.097495,BRIDGE
-29.872397,-51.097816,-29.872564,-51.097690,BRIDGE
-29.872394,-51.097670,-29.872506,-51.097581,BRIDGE
-29.871705,-51.179560,-29.871369,-51.179660,BRIDGE
-29.871641,-51.180519,-29.871922,-51.180697,BRIDGE
-29.871444,-51.179778,-29.871753,-51.179682,BRIDGE
-29.871347,-52.488843,-29.872056,-52.488966,BRIDGE
-29.871155,-51.753864,-29.871197,-51.753826,TUNNEL
-29.871095,-51.179748,-29.870722,-51.179891,BRIDGE
-29.870873,-51.179598,-29.870620,-51.179785,BRIDGE
-29.870837,-51.179968,-29.871223,-51.179844,BRIDGE
-29.870142,-51.536839,-29.870226,-51.537032,BRIDGE
-29.869372,-51.073624,-29.869495,-51.073661,BRIDGE
-29.869102,-51.340079,-29.869153,-51.340049,BRIDGE
-29.868669,-56.993101,-29.868537,-56.993044,BRIDGE
-29.868579,-51.100566,-29.868269,-51.100815,BRIDGE
-29.868544,-51.100430,-29.868242,-51.100674,BRIDGE
-29.868467,-56.968690,-29.869021,-56.968479,BRIDGE
-29.868453,-52.187597,-29.868470,-52.187720,BRIDGE
-29.868397,-51.101033,-29.868694,-51.100804,BRIDGE
-29.868343,-51.100923,-29.868642,-51.100687,BRIDGE
-29.866695,-51.180582,-29.866339,-51.180612,BRIDGE
-29.866587,-51.181007,-29.866735,-51.180997,BRIDGE
-29.866401,-51.181024,-29.866587,-51.181007,BRIDGE
-29.866365,-51.179514,-29.866125,-51.179606,BRIDGE
-29.866359,-51.180695,-29.866707,-51.180657,BRIDGE
-29.866337,-51.179331,-29.866112,-51.179006,BRIDGE
-29.866172,-51.179757,-29.866407,-51.179657,BRIDGE
-29.865874,-51.181440,-29.865892,-51.181378,TUNNEL
-29.865781,-51.181384,-29.865799,-51.181444,TUNNEL
-29.864232,-51.188362,-29.864262,-51.188257,TUNNEL
-29.864203,-51.188461,-29.864232,-51.188362,TUNNEL
-29.863860,-54.234815,-29.863917,-54.235393,BRIDGE
-29.863612,-53.459076,-29.863705,-53.459078,BRIDGE
-29.862655,-51.171287,-29.862578,-51.171197,BRIDGE
-29.862422,-51.226161,-29.861662,-51.225985,BRIDGE
-29.861757,-51.225446,-29.861772,-51.225349,BRIDGE
-29.861651,-51.226103,-29.862422,-51.226248,BRIDGE
-29.861358,-56.958463,-29.861565,-56.958157,BRIDGE
-29.861309,-54.686456,-29.861144,-54.686277,BRIDGE
-29.860104,-57.051821,-29.859850,-57.052092,BRIDGE
-29.860027,-51.180973,-29.857438,-51.180615,BRIDGE
-29.859314,-54.723254,-29.859178,-54.722819,BRIDGE
-29.858670,-51.166181,-29.858557,-51.165783,BRIDGE
-29.858392,-51.164293,-29.858244,-51.164306,BRIDGE
-29.857844,-51.165636,-29.857762,-51.165642,BRIDGE
-29.857619,-50.278148,-29.857481,-50.278150,BRIDGE
-29.857605,-53.550921,-29.857553,-53.550921,BRIDGE
-29.857438,-51.180615,-29.856237,-51.180416,BRIDGE
-29.857079,-57.046038,-29.857175,-57.045904,BRIDGE
-29.856875,-50.277788,-29.856803,-50.277687,BRIDGE
-29.856562,-51.186316,-29.856477,-51.186252,BRIDGE
-29.855952,-51.180476,-29.860028,-51.181084,BRIDGE
-29.854963,-51.188774,-29.854891,-51.188710,BRIDGE
-29.854683,-50.794805,-29.854576,-50.794733,BRIDGE
-29.854577,-52.010228,-29.854648,-52.010325,BRIDGE
-29.854011,-50.324681,-29.854139,-50.324694,BRIDGE
-29.853711,-51.190791,-29.853580,-51.190746,BRIDGE
-29.853072,-55.936634,-29.853211,-55.936821,BRIDGE
-29.852617,-52.893130,-29.852673,-52.892856,BRIDGE
-29.852472,-50.220766,-29.852213,-50.221282,BRIDGE
-29.851790,-51.146277,-29.851907,-51.146198,BRIDGE
-29.851786,-53.545988,-29.851806,-53.545883,BRIDGE
-29.851673,-51.126963,-29.851644,-51.126887,BRIDGE
-29.851569,-53.547107,-29.851584,-53.547026,BRIDGE
-29.851556,-51.179722,-29.849162,-51.178956,BRIDGE
-29.851092,-51.127136,-29.851083,-51.127022,BRIDGE
-29.850984,-50.525484,-29.851064,-50.525430,BRIDGE
-29.850617,-50.278588,-29.850494,-50.278574,BRIDGE
-29.850485,-54.665334,-29.850551,-54.665439,BRIDGE
-29.849189,-51.179082,-29.851281,-51.179795,BRIDGE
-29.848860,-50.343506,-29.849133,-50.343632,BRIDGE
-29.848723,-51.180067,-29.851838,-51.180094,BRIDGE
-29.848717,-51.192436,-29.848803,-51.191847,BRIDGE
-29.848347,-51.178833,-29.849295,-51.177745,BRIDGE
-29.848024,-54.625983,-29.847965,-54.625780,BRIDGE
-29.847756,-54.195304,-29.847655,-54.195344,BRIDGE
-29.846417,-50.521398,-29.846417,-50.521191,BRIDGE
-29.845944,-51.278263,-29.845516,-51.278111,BRIDGE
-29.845853,-50.520629,-29.845748,-50.520643,BRIDGE
-29.845752,-50.520748,-29.845857,-50.520734,BRIDGE
-29.845443,-51.199317,-29.844962,-51.199425,BRIDGE
-29.845275,-51.024306,-29.845220,-51.024327,BRIDGE
-29.844653,-50.275731,-29.844724,-50.275694,BRIDGE
-29.844122,-50.520794,-29.844113,-50.520718,TUNNEL
-29.844032,-50.520730,-29.844056,-50.520797,TUNNEL
-29.843762,-51.143331,-29.842630,-51.145014,BRIDGE
-29.843668,-53.297855,-29.843724,-53.298071,BRIDGE
-29.842871,-52.805934,-29.843001,-52.805730,BRIDGE
-29.842861,-55.663291,-29.842615,-55.663814,BRIDGE
-29.842836,-55.911236,-29.842902,-55.911413,BRIDGE
-29.842736,-51.145114,-29.843855,-51.143440,BRIDGE
-29.842735,-56.937762,-29.842658,-56.937969,BRIDGE
-29.842559,-53.588425,-29.842489,-53.588352,TUNNEL
-29.842343,-51.421315,-29.842272,-51.421372,BRIDGE
-29.842183,-53.827322,-29.842197,-53.827206,BRIDGE
-29.842111,-53.827190,-29.842096,-53.827323,BRIDGE
-29.840898,-51.170458,-29.840821,-51.174084,BRIDGE
-29.840864,-51.174109,-29.840946,-51.170453,BRIDGE
-29.840333,-50.685206,-29.840391,-50.684848,BRIDGE
-29.839728,-55.146774,-29.839687,-55.146626,BRIDGE
-29.839076,-57.107658,-29.839453,-57.107821,BRIDGE
-29.838510,-53.676862,-29.838551,-53.676960,BRIDGE
-29.838138,-54.798182,-29.835039,-54.798389,BRIDGE
-29.836760,-50.513492,-29.836669,-50.513609,BRIDGE
-29.836694,-50.363884,-29.836553,-50.363974,BRIDGE
-29.836240,-57.090552,-29.836179,-57.090634,BRIDGE
-29.836233,-50.364075,-29.836202,-50.363772,BRIDGE
-29.835096,-50.511972,-29.835176,-50.511880,BRIDGE
-29.834931,-55.771454,-29.834889,-55.771373,BRIDGE
-29.833893,-50.356295,-29.833886,-50.356451,BRIDGE
-29.833483,-53.607303,-29.833514,-53.607340,BRIDGE
-29.833141,-51.179162,-29.832823,-51.178511,BRIDGE
-29.832731,-51.178541,-29.833005,-51.179094,BRIDGE
-29.832515,-51.163748,-29.831984,-51.164565,BRIDGE
-29.832333,-54.466481,-29.832302,-54.466926,BRIDGE
-29.832064,-51.164716,-29.832612,-51.163876,BRIDGE
-29.831347,-50.373973,-29.831745,-50.373775,BRIDGE
-29.830951,-51.044762,-29.831031,-51.044727,BRIDGE
-29.830157,-50.525037,-29.830158,-50.524917,BRIDGE
-29.830019,-51.176658,-29.830102,-51.176117,TUNNEL
-29.829826,-51.993322,-29.829933,-51.993397,BRIDGE
-29.829320,-55.485140,-29.828928,-55.484963,BRIDGE
-29.828923,-51.155707,-29.826903,-51.157823,BRIDGE
-29.828792,-53.919821,-29.828792,-53.919665,BRIDGE
-29.828602,-55.405348,-29.828606,-55.405170,BRIDGE
-29.828023,-52.550675,-29.828448,-52.551443,BRIDGE
-29.827437,-51.320591,-29.827699,-51.320561,BRIDGE
-29.827333,-54.148576,-29.827615,-54.149023,BRIDGE
-29.827221,-51.173092,-29.827391,-51.172328,BRIDGE
-29.827158,-51.172241,-29.826991,-51.173008,BRIDGE
-29.826927,-51.157891,-29.828975,-51.155761,BRIDGE
-29.826659,-51.327453,-29.827185,-51.327554,BRIDGE
-29.826488,-53.384048,-29.826486,-53.383989,BRIDGE
-29.825413,-53.383944,-29.825409,-53.383825,BRIDGE
-29.825029,-51.135739,-29.825117,-51.135783,BRIDGE
-29.824836,-53.031433,-29.824769,-53.031526,BRIDGE
-29.824576,-51.138899,-29.824535,-51.138944,BRIDGE
-29.824223,-51.129774,-29.824144,-51.129835,BRIDGE
-29.823318,-51.140481,-29.823419,-51.140601,BRIDGE
-29.823293,-53.383237,-29.823289,-53.383122,BRIDGE
-29.822960,-51.349965,-29.821777,-51.352446,BRIDGE
-29.822647,-51.147711,-29.822094,-51.148094,TUNNEL
-29.822491,-57.088979,-29.822371,-57.089156,BRIDGE
-29.822132,-51.148153,-29.822697,-51.147805,TUNNEL
-29.821872,-51.352508,-29.823053,-51.350005,BRIDGE
-29.821339,-50.389977,-29.821640,-50.389691,BRIDGE
-29.821322,-53.892178,-29.821359,-53.892028,BRIDGE
-29.820984,-57.099677,-29.821094,-57.099722,BRIDGE
-29.820901,-51.170844,-29.814095,-51.168939,BRIDGE
-29.820279,-50.068981,-29.820133,-50.068988,BRIDGE
-29.820211,-51.143885,-29.818425,-51.145195,BRIDGE
-29.820019,-55.641710,-29.820034,-55.641414,BRIDGE
-29.819976,-55.770429,-29.818998,-55.771270,BRIDGE
-29.819844,-50.400537,-29.819777,-50.400507,BRIDGE
-29.819757,-55.910257,-29.819739,-55.910165,BRIDGE
-29.819135,-52.160416,-29.818907,-52.160500,BRIDGE
-29.818801,-50.393863,-29.818937,-50.394062,BRIDGE
-29.818705,-50.446033,-29.818876,-50.445671,BRIDGE
-29.818452,-51.145279,-29.820259,-51.143948,BRIDGE
-29.818423,-53.951375,-29.818440,-53.951446,BRIDGE
-29.818336,-51.426648,-29.818348,-51.426090,BRIDGE
-29.818275,-50.398195,-29.817946,-50.398402,BRIDGE
-29.818251,-51.426122,-29.818243,-51.426680,BRIDGE
-29.818229,-51.374118,-29.818273,-51.373349,BRIDGE
-29.818167,-51.373358,-29.818131,-51.374099,BRIDGE
-29.817640,-52.466842,-29.817631,-52.466702,BRIDGE
-29.817204,-52.403376,-29.817254,-52.403147,BRIDGE
-29.817188,-52.403128,-29.817104,-52.403604,BRIDGE
-29.817169,-52.403611,-29.817204,-52.403376,BRIDGE
-29.816728,-50.456489,-29.816842,-50.456314,BRIDGE
-29.816272,-51.418461,-29.816944,-51.418395,BRIDGE
-29.815973,-50.404390,-29.815796,-50.404216,BRIDGE
-29.815842,-56.597497,-29.815956,-56.597746,BRIDGE
-29.815441,-50.055779,-29.815296,-50.055671,BRIDGE
-29.815048,-53.378723,-29.815115,-53.378800,BRIDGE
-29.815041,-50.462266,-29.815187,-50.461915,BRIDGE
-29.814858,-50.057733,-29.815019,-50.057716,BRIDGE
-29.814553,-53.770947,-29.814172,-53.771156,BRIDGE
-29.814107,-52.292802,-29.814004,-52.292830,BRIDGE
-29.814083,-51.169010,-29.820886,-51.170950,BRIDGE
-29.814032,-50.464297,-29.814241,-50.464173,BRIDGE
-29.814026,-51.150413,-29.813962,-51.150349,BRIDGE
-29.813997,-52.907628,-29.813671,-52.907553,BRIDGE
-29.813503,-50.063127,-29.813380,-50.063033,BRIDGE
-29.813410,-50.692538,-29.813263,-50.692625,BRIDGE
-29.812855,-51.151711,-29.812979,-51.151757,BRIDGE
-29.812630,-51.161168,-29.812512,-51.161188,BRIDGE
-29.812584,-51.162054,-29.812737,-51.162026,BRIDGE
-29.812454,-53.368952,-29.812781,-53.368831,BRIDGE
-29.811930,-54.544335,-29.811927,-54.544477,BRIDGE
-29.811651,-50.366118,-29.811718,-50.365692,BRIDGE
-29.811647,-51.822730,-29.811655,-51.822625,BRIDGE
-29.811518,-53.772569,-29.812333,-53.772117,BRIDGE
-29.811408,-53.379355,-29.811452,-53.379252,BRIDGE
-29.811397,-53.376068,-29.811485,-53.376173,TUNNEL
-29.811273,-50.368637,-29.811301,-50.368350,BRIDGE
-29.811140,-51.822908,-29.811211,-51.822956,BRIDGE
-29.810443,-51.173114,-29.810621,-51.173197,BRIDGE
-29.810372,-54.264402,-29.810423,-54.264347,BRIDGE
-29.810086,-54.266589,-29.810065,-54.266520,BRIDGE
-29.809972,-54.265969,-29.809953,-54.265827,BRIDGE
-29.809894,-54.265395,-29.809882,-54.265323,BRIDGE
-29.809345,-53.372112,-29.809447,-53.372199,BRIDGE
-29.809228,-51.174257,-29.809222,-51.174441,BRIDGE
-29.808960,-53.370182,-29.809278,-53.370071,BRIDGE
-29.808419,-53.371306,-29.808533,-53.371406,BRIDGE
-29.808409,-54.537037,-29.808585,-54.537176,BRIDGE
-29.808008,-50.058010,-29.808008,-50.057778,BRIDGE
-29.807801,-52.432364,-29.807719,-52.432777,BRIDGE
-29.807778,-50.466702,-29.807973,-50.466484,BRIDGE
-29.807489,-53.380419,-29.807542,-53.380331,BRIDGE
-29.806835,-50.288338,-29.806781,-50.288477,BRIDGE
-29.806784,-55.834287,-29.806681,-55.834593,BRIDGE
-29.806439,-54.653016,-29.808075,-54.652713,BRIDGE
-29.806175,-53.370753,-29.806479,-53.370758,BRIDGE
-29.805937,-53.368154,-29.805639,-53.367568,BRIDGE
-29.805264,-55.781653,-29.805526,-55.783823,BRIDGE
-29.804379,-51.878705,-29.804378,-51.878344,BRIDGE
-29.804052,-52.436609,-29.803788,-52.436599,TUNNEL
-29.803906,-50.931941,-29.803942,-50.932008,BRIDGE
-29.803614,-50.292042,-29.803532,-50.292382,BRIDGE
-29.803422,-53.369937,-29.803699,-53.370049,BRIDGE
-29.802379,-55.827472,-29.802422,-55.827295,BRIDGE
-29.801085,-50.471241,-29.800899,-50.471180,BRIDGE
-29.801045,-50.401462,-29.800889,-50.401475,BRIDGE
-29.801039,-50.048547,-29.800914,-50.048726,BRIDGE
-29.801036,-53.368956,-29.801360,-53.369086,BRIDGE
-29.800708,-50.471438,-29.800647,-50.471249,BRIDGE
-29.800496,-50.049557,-29.800432,-50.049767,BRIDGE
-29.800382,-52.486143,-29.800299,-52.486482,BRIDGE
-29.798129,-57.091926,-29.798480,-57.092007,BRIDGE
-29.797138,-55.821133,-29.797262,-55.821100,BRIDGE
-29.796754,-50.412486,-29.797100,-50.412147,BRIDGE
-29.795738,-50.475315,-29.795942,-50.475208,BRIDGE
-29.795589,-53.558566,-29.795558,-53.558661,BRIDGE
-29.795560,-53.538420,-29.795538,-53.538332,BRIDGE
-29.795287,-50.297642,-29.795329,-50.297342,BRIDGE
-29.794863,-53.891100,-29.794911,-53.891185,BRIDGE
-29.794382,-53.078221,-29.794267,-53.078242,BRIDGE
-29.793523,-53.078431,-29.793347,-53.078470,BRIDGE
-29.793307,-53.511095,-29.793151,-53.511294,BRIDGE
-29.793032,-57.046086,-29.792919,-57.046110,BRIDGE
-29.792730,-50.308727,-29.792860,-50.308504,BRIDGE
-29.792400,-50.481834,-29.792338,-50.481592,BRIDGE
-29.792292,-57.042841,-29.792526,-57.042761,BRIDGE
-29.791096,-50.433875,-29.790866,-50.433763,BRIDGE
-29.790893,-50.425163,-29.790998,-50.425036,BRIDGE
-29.790844,-50.433822,-29.791062,-50.433940,BRIDGE
-29.790496,-50.865507,-29.790414,-50.865512,BRIDGE
-29.790024,-50.314277,-29.790151,-50.314669,BRIDGE
-29.789673,-50.750891,-29.789541,-50.750782,BRIDGE
-29.789360,-56.758060,-29.789262,-56.758356,BRIDGE
-29.789207,-52.327547,-29.788992,-52.327419,BRIDGE
-29.788317,-51.163120,-29.788158,-51.164409,BRIDGE
-29.788257,-51.164425,-29.788410,-51.163133,BRIDGE
-29.788200,-52.600629,-29.788137,-52.600641,BRIDGE
-29.788030,-50.583734,-29.788017,-50.583827,BRIDGE
-29.787944,-52.460910,-29.787706,-52.461244,BRIDGE
-29.787868,-55.801735,-29.787905,-55.801606,BRIDGE
-29.787756,-54.511014,-29.787409,-54.510668,BRIDGE
-29.787706,-52.461244,-29.787480,-52.461546,BRIDGE
-29.787646,-51.140395,-29.787099,-51.140727,TUNNEL
-29.787444,-51.334018,-29.787351,-51.333881,BRIDGE
-29.787273,-50.894687,-29.787232,-50.894576,BRIDGE
-29.786852,-51.140866,-29.786111,-51.141160,TUNNEL
-29.786139,-51.141129,-29.786099,-51.141124,TUNNEL
-29.786071,-51.141040,-29.787631,-51.140141,TUNNEL
-29.785776,-56.366237,-29.785768,-56.366351,BRIDGE
-29.785768,-56.366351,-29.785757,-56.366509,BRIDGE
-29.785605,-50.465812,-29.785404,-50.465681,BRIDGE
-29.785276,-55.807857,-29.785458,-55.807600,BRIDGE
-29.784969,-55.775017,-29.785093,-55.773998,BRIDGE
-29.784890,-53.526788,-29.784604,-53.526764,BRIDGE
-29.784734,-53.519426,-29.785077,-53.519527,BRIDGE
-29.783640,-50.038124,-29.783544,-50.038071,BRIDGE
-29.783403,-52.367022,-29.783352,-52.366869,BRIDGE
-29.783264,-50.736352,-29.783312,-50.736419,BRIDGE
-29.783191,-54.281018,-29.783139,-54.280868,BRIDGE
-29.783173,-56.172250,-29.782888,-56.172262,BRIDGE
-29.783084,-55.803984,-29.783044,-55.804152,BRIDGE
-29.782772,-51.655680,-29.782611,-51.655788,BRIDGE
-29.782604,-53.374323,-29.782523,-53.374374,BRIDGE
-29.781342,-54.645412,-29.781219,-54.645238,BRIDGE
-29.780225,-52.187789,-29.780212,-52.187886,BRIDGE
-29.780157,-52.412706,-29.780157,-52.412597,BRIDGE
-29.780140,-55.800496,-29.780283,-55.800335,BRIDGE
-29.780130,-52.458360,-29.780192,-52.458464,BRIDGE
-29.779871,-50.567908,-29.780253,-50.567690,BRIDGE
-29.779404,-52.187264,-29.779582,-52.187529,BRIDGE
-29.778838,-54.491970,-29.778991,-54.491925,BRIDGE
-29.778102,-50.519864,-29.777908,-50.519797,BRIDGE
-29.777980,-50.568914,-29.778755,-50.568491,BRIDGE
-29.777915,-52.575708,-29.777555,-52.576427,BRIDGE
-29.777699,-55.570369,-29.777685,-55.570271,BRIDGE
-29.777265,-50.043462,-29.777105,-50.043371,BRIDGE
-29.776805,-52.186394,-29.776950,-52.186425,BRIDGE
-29.776713,-50.043144,-29.776549,-50.043077,BRIDGE
-29.776562,-50.041537,-29.776516,-50.041680,BRIDGE
-29.776137,-50.442674,-29.776208,-50.442384,BRIDGE
-29.775887,-51.748210,-29.776089,-51.747711,BRIDGE
-29.775725,-53.564391,-29.776049,-53.564542,BRIDGE
-29.774817,-50.503341,-29.775070,-50.503306,BRIDGE
-29.774673,-52.415830,-29.774488,-52.415855,BRIDGE
-29.774491,-53.308076,-29.774451,-53.308035,BRIDGE
-29.774475,-51.257713,-29.774427,-51.257747,BRIDGE
-29.774441,-54.037782,-29.774287,-54.037699,BRIDGE
-29.774366,-52.419033,-29.774673,-52.418817,BRIDGE
-29.774182,-50.332360,-29.774454,-50.332701,BRIDGE
-29.774161,-57.095734,-29.774271,-57.095727,BRIDGE
-29.773681,-51.154413,-29.771401,-51.153757,BRIDGE
-29.773263,-50.519182,-29.772897,-50.519054,BRIDGE
-29.772687,-51.068008,-29.772559,-51.067876,BRIDGE
-29.772542,-57.052455,-29.772469,-57.052778,BRIDGE
-29.772380,-57.097819,-29.772377,-57.098039,BRIDGE
-29.771616,-53.321462,-29.771696,-53.321421,BRIDGE
-29.771385,-51.153877,-29.773678,-51.154527,BRIDGE
-29.771352,-50.085704,-29.771136,-50.084958,BRIDGE
-29.771307,-50.029755,-29.771345,-50.029648,BRIDGE
-29.770756,-51.159133,-29.770940,-51.159212,BRIDGE
-29.769237,-53.589020,-29.769355,-53.589441,BRIDGE
-29.769223,-50.357536,-29.768992,-50.357153,BRIDGE
-29.768219,-55.841231,-29.768392,-55.840829,BRIDGE
-29.768199,-50.871444,-29.768122,-50.871331,BRIDGE
-29.768068,-57.058188,-29.768560,-57.058184,BRIDGE
-29.767782,-56.853566,-29.767802,-56.853774,BRIDGE
-29.767470,-53.545243,-29.767423,-53.545413,TUNNEL
-29.767443,-50.349455,-29.767096,-50.349197,BRIDGE
-29.766178,-53.785245,-29.766192,-53.785352,TUNNEL
-29.765671,-57.033606,-29.765628,-57.034009,BRIDGE
-29.765515,-54.083171,-29.765464,-54.083099,BRIDGE
-29.765428,-50.471650,-29.765032,-50.471867,BRIDGE
-29.764914,-51.169501,-29.765025,-51.169588,BRIDGE
-29.764885,-51.216764,-29.765069,-51.216884,BRIDGE
-29.764823,-51.169429,-29.764914,-51.169501,BRIDGE
-29.764812,-51.127503,-29.764747,-51.127491,BRIDGE
-29.764788,-52.476363,-29.764368,-52.477009,BRIDGE
-29.764603,-53.603140,-29.764650,-53.603102,BRIDGE
-29.764059,-50.678196,-29.764164,-50.678216,BRIDGE
-29.763805,-50.413108,-29.763339,-50.413393,BRIDGE
-29.762661,-55.831969,-29.762252,-55.832010,BRIDGE
-29.762441,-50.327399,-29.762613,-50.327860,BRIDGE
-29.762328,-50.392776,-29.761929,-50.393137,BRIDGE
-29.761940,-50.346062,-29.761802,-50.346206,BRIDGE
-29.761906,-50.048567,-29.761945,-50.048431,BRIDGE
-29.761813,-50.048384,-29.761792,-50.048509,BRIDGE
-29.761596,-50.049454,-29.761207,-50.048999,BRIDGE
-29.761007,-52.605288,-29.760997,-52.605386,BRIDGE
-29.760730,-51.152500,-29.760769,-51.151680,BRIDGE
-29.760721,-51.151693,-29.760711,-51.151894,BRIDGE
-29.760711,-51.151894,-29.760704,-51.152018,BRIDGE
-29.760704,-51.152018,-29.760698,-51.152140,BRIDGE
-29.760698,-51.152140,-29.760692,-51.152260,BRIDGE
-29.760692,-51.152260,-29.760688,-51.152329,BRIDGE
-29.760688,-51.152329,-29.760679,-51.152495,BRIDGE
-29.759587,-51.151869,-29.758681,-51.151784,BRIDGE
-29.759568,-51.151969,-29.759010,-51.151915,BRIDGE
-29.759551,-51.145577,-29.758237,-51.146034,BRIDGE
-29.759078,-51.948498,-29.758551,-51.948511,BRIDGE
-29.759010,-51.151915,-29.758659,-51.151887,BRIDGE
-29.758934,-51.148508,-29.759958,-51.148236,BRIDGE
-29.758924,-50.394362,-29.758959,-50.394123,BRIDGE
-29.758599,-51.152032,-29.759573,-51.152096,BRIDGE
-29.758567,-51.152163,-29.759488,-51.152237,BRIDGE
-29.758322,-50.464954,-29.758111,-50.464746,BRIDGE
-29.758271,-51.148654,-29.757858,-51.148755,BRIDGE
-29.758237,-51.146034,-29.756952,-51.146590,BRIDGE
-29.758173,-51.151744,-29.757636,-51.151704,BRIDGE
-29.758088,-51.151838,-29.757528,-51.151814,BRIDGE
-29.757867,-51.148814,-29.758280,-51.148692,BRIDGE
-29.757617,-51.152092,-29.758078,-51.152122,BRIDGE
-29.757508,-51.151934,-29.758072,-51.151994,BRIDGE
-29.757364,-51.141920,-29.757862,-51.141726,BRIDGE
-29.756925,-50.043861,-29.756820,-50.044079,TUNNEL
-29.756854,-51.151614,-29.756812,-51.152112,TUNNEL
-29.756737,-50.215201,-29.756502,-50.215757,BRIDGE
-29.756504,-53.784448,-29.756575,-53.784524,BRIDGE
-29.756417,-51.142289,-29.757364,-51.141920,BRIDGE
-29.756201,-51.900875,-29.756190,-51.901105,BRIDGE
-29.756140,-50.574187,-29.756136,-50.574322,TUNNEL
-29.755804,-51.913387,-29.755764,-51.913626,BRIDGE
-29.755556,-50.024165,-29.755653,-50.024199,BRIDGE
-29.755453,-51.142640,-29.756417,-51.142289,BRIDGE
-29.754699,-50.392911,-29.754576,-50.392959,BRIDGE
-29.754677,-50.026343,-29.754790,-50.026403,BRIDGE
-29.754333,-52.445700,-29.754459,-52.445724,BRIDGE
-29.754320,-50.425209,-29.754351,-50.425051,BRIDGE
-29.754241,-57.040642,-29.754124,-57.040103,BRIDGE
-29.754109,-52.443426,-29.754016,-52.443424,BRIDGE
-29.754018,-54.414052,-29.754008,-54.414173,BRIDGE
-29.753990,-50.028041,-29.754142,-50.028129,BRIDGE
-29.753929,-51.151472,-29.753919,-51.151778,TUNNEL
-29.753709,-55.880882,-29.753506,-55.879631,BRIDGE
-29.753484,-53.533479,-29.753394,-53.533440,BRIDGE
-29.753472,-51.229933,-29.753380,-51.229915,BRIDGE
-29.753270,-55.879936,-29.753350,-55.880606,BRIDGE
-29.753256,-52.438262,-29.753680,-52.438243,BRIDGE
-29.752693,-56.993657,-29.753061,-56.994039,BRIDGE
-29.752114,-50.390264,-29.752077,-50.390327,BRIDGE
-29.752101,-50.032671,-29.752263,-50.032753,BRIDGE
-29.751934,-51.232178,-29.752015,-51.232208,BRIDGE
-29.751638,-50.034201,-29.751500,-50.033997,BRIDGE
-29.750992,-51.377020,-29.750861,-51.377012,BRIDGE
-29.750947,-51.947662,-29.750642,-51.947678,BRIDGE
-29.750689,-50.763400,-29.750867,-50.763479,BRIDGE
-29.750669,-52.435899,-29.750926,-52.435326,BRIDGE
-29.750396,-53.057920,-29.750393,-53.058080,BRIDGE
-29.750114,-53.790690,-29.749907,-53.790758,BRIDGE
-29.749907,-53.790758,-29.749729,-53.790817,BRIDGE
-29.749751,-50.388704,-29.749706,-50.388733,BRIDGE
-29.749660,-50.481951,-29.749614,-50.481842,BRIDGE
-29.749582,-50.730641,-29.749752,-50.730717,BRIDGE
-29.749517,-50.283291,-29.749828,-50.283163,BRIDGE
-29.748636,-57.087862,-29.742721,-57.093460,BRIDGE
-29.748503,-53.552879,-29.748457,-53.552590,TUNNEL
-29.748391,-50.006966,-29.748632,-50.007081,BRIDGE
-29.748343,-50.007802,-29.748157,-50.007704,BRIDGE
-29.748335,-51.611828,-29.748033,-51.612269,BRIDGE
-29.748252,-50.743913,-29.748173,-50.743814,BRIDGE
-29.748159,-54.271541,-29.748166,-54.271589,BRIDGE
-29.748140,-57.083718,-29.748140,-57.083569,TUNNEL
-29.748108,-51.612329,-29.748364,-51.611958,BRIDGE
-29.747809,-53.954190,-29.747828,-53.954063,BRIDGE
-29.747802,-57.083572,-29.747801,-57.083722,TUNNEL
-29.747739,-50.009172,-29.747594,-50.009098,BRIDGE
-29.746852,-50.011394,-29.746713,-50.011329,BRIDGE
-29.746684,-50.011451,-29.746807,-50.011517,BRIDGE
-29.746478,-50.344378,-29.746029,-50.344405,BRIDGE
-29.746293,-50.384077,-29.746215,-50.384017,BRIDGE
-29.745652,-50.014356,-29.745503,-50.014263,BRIDGE
-29.745553,-53.146385,-29.745496,-53.146472,BRIDGE
-29.745434,-50.014356,-29.745645,-50.014460,BRIDGE
-29.745363,-53.957646,-29.745626,-53.958143,BRIDGE
-29.745251,-54.436735,-29.745700,-54.436522,BRIDGE
-29.745168,-50.015141,-29.745320,-50.015222,BRIDGE
-29.744933,-54.274682,-29.744918,-54.274729,BRIDGE
-29.744875,-51.615763,-29.744423,-51.616278,BRIDGE
-29.744874,-51.150811,-29.744371,-51.150759,BRIDGE
-29.744810,-50.016417,-29.744676,-50.016346,BRIDGE
-29.744798,-50.451520,-29.744636,-50.451646,BRIDGE
-29.744793,-50.016708,-29.744849,-50.016576,BRIDGE
-29.744541,-50.016389,-29.744478,-50.016548,BRIDGE
-29.744536,-50.016672,-29.744691,-50.016756,BRIDGE
-29.744505,-51.616343,-29.744895,-51.615899,BRIDGE
-29.744365,-51.150899,-29.744861,-51.150954,BRIDGE
-29.744326,-53.525645,-29.744257,-53.525595,BRIDGE
-29.744299,-50.418164,-29.744310,-50.418261,BRIDGE
-29.744256,-50.017367,-29.744374,-50.017432,BRIDGE
-29.744104,-56.112118,-29.744270,-56.112387,BRIDGE
-29.743935,-50.018081,-29.744126,-50.018172,BRIDGE
-29.743925,-53.645541,-29.744001,-53.645488,BRIDGE
-29.743669,-50.018750,-29.743862,-50.018863,BRIDGE
-29.743564,-51.958536,-29.743603,-51.958224,BRIDGE
-29.743386,-53.522355,-29.743281,-53.522416,BRIDGE
-29.743090,-52.426403,-29.743446,-52.426537,BRIDGE
-29.743007,-50.021007,-29.742793,-50.020889,BRIDGE
-29.742846,-50.210613,-29.742768,-50.211098,TUNNEL
-29.742385,-52.393826,-29.742444,-52.393817,BRIDGE
-29.742098,-52.388963,-29.742157,-52.388968,BRIDGE
-29.741857,-52.423855,-29.741725,-52.423903,BRIDGE
-29.741035,-53.647504,-29.741145,-53.647427,BRIDGE
-29.740666,-52.418033,-29.740758,-52.418005,BRIDGE
-29.740481,-52.382794,-29.740431,-52.382720,BRIDGE
-29.740461,-50.380527,-29.740278,-50.380434,BRIDGE
-29.740393,-50.210017,-29.734105,-50.205524,TUNNEL
-29.740281,-53.969215,-29.740408,-53.969170,BRIDGE
-29.740106,-51.474030,-29.740082,-51.473991,BRIDGE
-29.740032,-51.165036,-29.739882,-51.165162,BRIDGE
-29.739781,-52.415556,-29.739942,-52.415536,BRIDGE
-29.739758,-52.425123,-29.739413,-52.425013,BRIDGE
-29.739413,-52.425013,-29.737203,-52.424923,BRIDGE
-29.739231,-51.164217,-29.739475,-51.163919,BRIDGE
-29.739010,-50.271891,-29.738929,-50.271555,BRIDGE
-29.738907,-51.251143,-29.738812,-51.251078,BRIDGE
-29.738716,-50.269785,-29.738653,-50.269408,BRIDGE
-29.738706,-56.257515,-29.738648,-56.257333,BRIDGE
-29.738165,-57.008449,-29.738151,-57.008293,BRIDGE
-29.738040,-57.097900,-29.742721,-57.093460,BRIDGE
-29.737787,-52.271509,-29.738122,-52.271364,BRIDGE
-29.737616,-50.264561,-29.737466,-50.264556,BRIDGE
-29.737006,-52.270443,-29.737552,-52.270205,BRIDGE
-29.736801,-51.954861,-29.736767,-51.954736,BRIDGE
-29.736742,-51.477793,-29.736888,-51.477737,BRIDGE
-29.736616,-51.029440,-29.736652,-51.029579,BRIDGE
-29.736615,-50.441939,-29.736702,-50.441770,BRIDGE
-29.735770,-50.341856,-29.735552,-50.341975,BRIDGE
-29.735719,-53.163846,-29.735588,-53.164525,BRIDGE
-29.735511,-52.014460,-29.735613,-52.014163,BRIDGE
-29.735488,-57.100333,-29.736291,-57.099575,BRIDGE
-29.735433,-53.179350,-29.735346,-53.179300,BRIDGE
-29.735197,-50.773509,-29.735308,-50.773448,BRIDGE
-29.734105,-50.205524,-29.726388,-50.200135,TUNNEL
-29.733966,-50.205823,-29.740289,-50.210311,TUNNEL
-29.732992,-53.321110,-29.732903,-53.320994,BRIDGE
-29.732597,-53.544242,-29.732473,-53.544250,TUNNEL
-29.732468,-53.544309,-29.732592,-53.544314,TUNNEL
-29.732464,-51.149582,-29.728548,-51.149195,BRIDGE
-29.732296,-52.464539,-29.732340,-52.463872,BRIDGE
-29.732272,-57.104448,-29.732362,-57.104376,BRIDGE
-29.732128,-50.342779,-29.732045,-50.342801,BRIDGE
-29.731817,-50.794489,-29.732022,-50.794457,BRIDGE
-29.731252,-51.083693,-29.731241,-51.083368,BRIDGE
-29.731247,-51.084131,-29.731252,-51.083693,BRIDGE
-29.730906,-51.632459,-29.730408,-51.632597,BRIDGE
-29.730835,-52.457659,-29.730932,-52.458042,BRIDGE
-29.730653,-53.738118,-29.730581,-53.738074,BRIDGE
-29.730428,-51.632703,-29.730924,-51.632564,BRIDGE
-29.730161,-52.455044,-29.730085,-52.454753,BRIDGE
-29.729705,-52.524518,-29.729950,-52.524604,BRIDGE
-29.729662,-52.469934,-29.729363,-52.470422,BRIDGE
-29.729501,-50.870679,-29.729544,-50.870784,BRIDGE
-29.729428,-52.433084,-29.729495,-52.433017,TUNNEL
-29.728925,-53.868556,-29.728686,-53.868305,BRIDGE
-29.728789,-51.153120,-29.730326,-51.149647,BRIDGE
-29.728767,-51.149338,-29.732457,-51.149695,BRIDGE
-29.728749,-56.058745,-29.728762,-56.058393,BRIDGE
-29.728709,-51.149458,-29.731932,-51.149801,BRIDGE
-29.728508,-50.234702,-29.728427,-50.234768,BRIDGE
-29.728236,-52.429383,-29.728400,-52.429419,BRIDGE
-29.728141,-52.472375,-29.727767,-52.472968,BRIDGE
-29.728136,-52.429362,-29.728236,-52.429383,BRIDGE
-29.727893,-50.558241,-29.728027,-50.558320,BRIDGE
-29.727870,-51.166535,-29.727812,-51.166416,BRIDGE
-29.727167,-53.958561,-29.727173,-53.958445,BRIDGE
-29.727119,-52.934444,-29.727286,-52.934947,BRIDGE
-29.726731,-52.714796,-29.726649,-52.714755,BRIDGE
-29.726233,-52.475462,-29.725886,-52.476000,BRIDGE
-29.726190,-50.200312,-29.733966,-50.205823,TUNNEL
-29.726021,-51.093964,-29.726077,-51.094008,BRIDGE
-29.725933,-56.680093,-29.725632,-56.679866,BRIDGE
-29.725898,-50.338002,-29.725881,-50.337791,BRIDGE
-29.725702,-50.282139,-29.725456,-50.282366,BRIDGE
-29.725595,-53.070047,-29.725560,-53.069936,BRIDGE
-29.725474,-50.636550,-29.725647,-50.636992,BRIDGE
-29.725351,-51.907868,-29.725484,-51.908118,BRIDGE
-29.724940,-56.055561,-29.724113,-56.055448,BRIDGE
-29.724852,-53.405725,-29.724944,-53.406049,BRIDGE
-29.724832,-52.925572,-29.724864,-52.926090,BRIDGE
-29.724782,-52.924590,-29.724796,-52.924936,BRIDGE
-29.724550,-50.556950,-29.724485,-50.556905,BRIDGE
-29.724468,-52.915563,-29.724465,-52.915633,BRIDGE
-29.724436,-52.478338,-29.724152,-52.478814,BRIDGE
-29.724262,-53.697514,-29.724341,-53.697475,BRIDGE
-29.724135,-50.198073,-29.723438,-50.197417,BRIDGE
-29.723943,-51.147512,-29.723947,-51.147402,BRIDGE
-29.723758,-53.563039,-29.723826,-53.563044,BRIDGE
-29.723665,-52.102292,-29.723428,-52.102220,BRIDGE
-29.723462,-55.537107,-29.723535,-55.537239,BRIDGE
-29.723336,-50.197589,-29.723972,-50.198198,BRIDGE
-29.723102,-51.097530,-29.721842,-51.099259,BRIDGE
-29.722711,-51.146672,-29.722709,-51.146786,BRIDGE
-29.722555,-51.988115,-29.722362,-51.988315,BRIDGE
-29.722382,-50.336202,-29.722146,-50.336239,BRIDGE
-29.722161,-56.055164,-29.721559,-56.055084,BRIDGE
-29.721929,-52.915976,-29.721977,-52.916092,BRIDGE
-29.721838,-53.849175,-29.721677,-53.849220,TUNNEL
-29.721832,-55.534113,-29.722087,-55.534594,BRIDGE
-29.721189,-55.858190,-29.720800,-55.858399,BRIDGE
-29.720935,-56.091291,-29.720679,-56.091760,BRIDGE
-29.720711,-53.714877,-29.720693,-53.714712,TUNNEL
-29.720471,-52.331310,-29.720516,-52.331263,BRIDGE
-29.720270,-51.147244,-29.720230,-51.147237,BRIDGE
-29.719272,-51.147293,-29.719244,-51.147461,BRIDGE
-29.719026,-52.004463,-29.719207,-52.004682,BRIDGE
-29.718536,-56.676324,-29.718297,-56.676261,BRIDGE
-29.718427,-51.146956,-29.718452,-51.146844,BRIDGE
-29.718271,-51.371386,-29.718238,-51.371009,BRIDGE
-29.718267,-52.904684,-29.718323,-52.904674,BRIDGE
-29.718023,-54.996129,-29.717981,-54.995904,BRIDGE
-29.717789,-50.972041,-29.717856,-50.972094,BRIDGE
-29.717416,-50.439166,-29.717508,-50.439338,BRIDGE
-29.717380,-53.822224,-29.717274,-53.822265,BRIDGE
-29.717220,-53.599247,-29.717259,-53.599243,BRIDGE
-29.717113,-52.950469,-29.717158,-52.950524,BRIDGE
-29.717108,-53.701959,-29.717000,-53.701956,BRIDGE
-29.716976,-53.821542,-29.717112,-53.821485,BRIDGE
-29.716920,-53.070562,-29.716870,-53.070621,BRIDGE
-29.716878,-53.820773,-29.716726,-53.820840,BRIDGE
-29.716767,-50.972994,-29.716837,-50.973043,BRIDGE
-29.716631,-51.122294,-29.716573,-51.122333,TUNNEL
-29.716547,-53.715606,-29.717455,-53.715451,BRIDGE
-29.716109,-53.667718,-29.716226,-53.667674,BRIDGE
-29.716016,-53.846301,-29.716016,-53.846407,TUNNEL
-29.715894,-52.449437,-29.715896,-52.449169,BRIDGE
-29.715444,-53.525354,-29.715397,-53.525298,BRIDGE
-29.715372,-53.809893,-29.715282,-53.809546,BRIDGE
-29.715353,-53.524444,-29.715332,-53.524354,BRIDGE
-29.715287,-51.132307,-29.715315,-51.132525,BRIDGE
-29.715182,-53.810498,-29.713558,-53.807330,BRIDGE
-29.715012,-53.809364,-29.714736,-53.809452,BRIDGE
-29.714791,-53.714618,-29.714903,-53.714715,TUNNEL
-29.714541,-53.863139,-29.714541,-53.862971,BRIDGE
-29.714530,-53.633676,-29.714844,-53.633761,TUNNEL
-29.714460,-50.922088,-29.714506,-50.922148,BRIDGE
-29.714196,-51.348102,-29.714424,-51.347839,BRIDGE
-29.713900,-53.896063,-29.714122,-53.896439,BRIDGE
-29.713733,-51.133421,-29.713724,-51.133269,BRIDGE
-29.713593,-50.187985,-29.713170,-50.187583,BRIDGE
-29.713576,-53.807946,-29.715075,-53.810657,BRIDGE
-29.713560,-50.290335,-29.713486,-50.290583,BRIDGE
-29.713560,-50.547985,-29.713373,-50.548098,BRIDGE
-29.713261,-51.147644,-29.713290,-51.148068,BRIDGE
-29.713119,-51.145913,-29.713261,-51.147644,BRIDGE
-29.713103,-50.187694,-29.713535,-50.188111,BRIDGE
-29.713078,-53.529625,-29.713105,-53.529686,BRIDGE
-29.713031,-52.326175,-29.713131,-52.326252,BRIDGE
-29.712969,-51.498226,-29.713515,-51.498184,BRIDGE
-29.712952,-53.644917,-29.712854,-53.645477,BRIDGE
-29.712348,-52.444837,-29.712622,-52.444711,BRIDGE
-29.711504,-52.443721,-29.711553,-52.443620,BRIDGE
-29.710888,-51.148980,-29.710853,-51.148752,BRIDGE
-29.710874,-53.657130,-29.710805,-53.657526,BRIDGE
-29.710673,-53.889245,-29.710857,-53.889677,BRIDGE
-29.710347,-51.486324,-29.710578,-51.486298,BRIDGE
-29.710220,-53.660792,-29.710141,-53.661237,BRIDGE
-29.709660,-53.268286,-29.709332,-53.269092,BRIDGE
-29.709646,-52.489191,-29.709592,-52.489163,BRIDGE
-29.709454,-53.802257,-29.708206,-53.800678,BRIDGE
-29.709353,-52.442616,-29.709354,-52.442422,BRIDGE
-29.709327,-54.448175,-29.709208,-54.448341,BRIDGE
-29.708738,-54.202055,-29.708783,-54.201972,BRIDGE
-29.708736,-54.201932,-29.708685,-54.202019,BRIDGE
-29.708735,-53.133800,-29.708713,-53.133865,BRIDGE
-29.708695,-53.799102,-29.708645,-53.799103,TUNNEL
-29.708565,-52.441998,-29.708549,-52.441784,BRIDGE
-29.708513,-53.672158,-29.708482,-53.671684,BRIDGE
-29.708460,-53.825142,-29.708507,-53.825032,BRIDGE
-29.708420,-53.824981,-29.708375,-53.825091,BRIDGE
-29.708332,-53.073647,-29.708325,-53.073574,BRIDGE
-29.708146,-53.275128,-29.708059,-53.276587,BRIDGE
-29.708114,-53.800746,-29.709368,-53.802334,BRIDGE
-29.707890,-51.988975,-29.707872,-51.988882,BRIDGE
-29.707716,-53.283414,-29.707444,-53.287880,BRIDGE
-29.707511,-51.651301,-29.707219,-51.650856,BRIDGE
-29.707283,-54.202294,-29.707279,-54.202193,BRIDGE
-29.707075,-53.059106,-29.707113,-53.059007,BRIDGE
-29.706971,-50.181616,-29.705913,-50.180601,BRIDGE
-29.706877,-53.298085,-29.706832,-53.299046,BRIDGE
-29.706750,-53.832548,-29.706595,-53.832344,BRIDGE
-29.706699,-52.560102,-29.706872,-52.560100,BRIDGE
-29.706651,-52.437702,-29.706547,-52.437704,BRIDGE
-29.706602,-51.246564,-29.706672,-51.246715,BRIDGE
-29.706567,-53.800894,-29.706616,-53.800959,TUNNEL
-29.705985,-54.678381,-29.705853,-54.678282,BRIDGE
-29.705893,-51.327072,-29.706119,-51.326958,BRIDGE
-29.705868,-51.087985,-29.706138,-51.088576,BRIDGE
-29.705855,-50.180694,-29.706898,-50.181707,BRIDGE
-29.705804,-52.876001,-29.705690,-52.876020,BRIDGE
-29.705780,-56.286639,-29.705863,-56.286766,BRIDGE
-29.705723,-52.519762,-29.705487,-52.519743,BRIDGE
-29.705455,-53.809272,-29.705516,-53.809222,BRIDGE
-29.705411,-53.809285,-29.705455,-53.809272,BRIDGE
-29.705356,-51.248509,-29.705199,-51.248390,BRIDGE
-29.705263,-51.896737,-29.705237,-51.897440,BRIDGE
-29.705209,-55.237274,-29.705301,-55.237357,BRIDGE
-29.705162,-53.830619,-29.704889,-53.830989,BRIDGE
-29.704971,-53.831061,-29.705242,-53.830682,BRIDGE
-29.704600,-51.321822,-29.704425,-51.321816,BRIDGE
-29.704368,-51.896615,-29.704474,-51.896489,BRIDGE
-29.704305,-51.943176,-29.704442,-51.943342,BRIDGE
-29.703548,-51.196279,-29.703067,-51.196162,TUNNEL
-29.703510,-53.651015,-29.703476,-53.650953,BRIDGE
-29.703310,-52.593342,-29.703278,-52.593953,BRIDGE
-29.703162,-53.694670,-29.703025,-53.694657,TUNNEL
-29.703066,-52.037642,-29.703187,-52.037424,BRIDGE
-29.703053,-52.560775,-29.702617,-52.560895,BRIDGE
-29.703022,-53.694728,-29.703159,-53.694735,TUNNEL
-29.702953,-50.984244,-29.703042,-50.983837,BRIDGE
-29.702902,-51.940041,-29.702931,-51.940269,BRIDGE
-29.702806,-53.835129,-29.702541,-53.835858,BRIDGE
-29.702754,-53.699608,-29.702561,-53.699593,TUNNEL
-29.702753,-52.603076,-29.702723,-52.603602,BRIDGE
-29.702748,-53.835723,-29.702958,-53.835144,BRIDGE
-29.702618,-53.653699,-29.702625,-53.653618,BRIDGE
-29.702614,-52.452062,-29.702614,-52.451976,BRIDGE
-29.702537,-52.571063,-29.702301,-52.571071,BRIDGE
-29.702104,-53.845075,-29.702169,-53.845182,BRIDGE
-29.702091,-52.528939,-29.702176,-52.528946,BRIDGE
-29.702032,-53.714773,-29.702289,-53.714839,TUNNEL
-29.701864,-53.792935,-29.701519,-53.792563,BRIDGE
-29.701708,-50.531813,-29.701832,-50.531823,BRIDGE
-29.701459,-53.792688,-29.701819,-53.793084,BRIDGE
-29.701422,-50.529895,-29.701476,-50.529688,BRIDGE
-29.701198,-51.087352,-29.701221,-51.087171,BRIDGE
-29.701070,-51.464191,-29.701158,-51.464387,BRIDGE
-29.700627,-53.837659,-29.700870,-53.837685,TUNNEL
-29.700544,-53.840618,-29.700251,-53.841153,BRIDGE
-29.700464,-53.731146,-29.700597,-53.730585,TUNNEL
-29.700430,-53.835903,-29.700452,-53.835420,BRIDGE
-29.700344,-53.841232,-29.700643,-53.840675,BRIDGE
-29.700246,-53.835400,-29.700232,-53.835884,BRIDGE
-29.700198,-53.800390,-29.700325,-53.800216,TUNNEL
-29.700168,-51.214379,-29.700260,-51.214103,BRIDGE
-29.700160,-51.214054,-29.700069,-51.214313,BRIDGE
-29.700154,-50.535977,-29.700064,-50.535802,BRIDGE
-29.700048,-53.800596,-29.700165,-53.800435,TUNNEL
-29.699850,-53.800868,-29.699969,-53.800705,TUNNEL
-29.699795,-52.945912,-29.700001,-52.945821,BRIDGE
-29.699777,-51.005730,-29.699677,-51.005848,BRIDGE
-29.699696,-53.801078,-29.699811,-53.800921,TUNNEL
-29.699590,-50.650227,-29.699471,-50.650321,BRIDGE
-29.699577,-51.086829,-29.699556,-51.086962,BRIDGE
-29.699452,-53.905740,-29.699489,-53.905841,BRIDGE
-29.699451,-51.268081,-29.699399,-51.267992,BRIDGE
-29.699358,-52.278428,-29.699214,-52.278265,BRIDGE
-29.699269,-52.973357,-29.699147,-52.973369,BRIDGE
-29.698803,-50.173561,-29.698497,-50.173118,BRIDGE
-29.698516,-50.537671,-29.698558,-50.537816,BRIDGE
-29.698411,-50.173251,-29.698705,-50.173684,BRIDGE
-29.698382,-51.213057,-29.698233,-51.213349,BRIDGE
-29.698321,-52.702230,-29.698290,-52.702288,BRIDGE
-29.698064,-51.454221,-29.698145,-51.454200,BRIDGE
-29.697855,-52.541326,-29.697934,-52.541353,BRIDGE
-29.697722,-56.178851,-29.697664,-56.178998,BRIDGE
-29.697664,-55.208388,-29.697771,-55.208380,BRIDGE
-29.697461,-51.932995,-29.697570,-51.932875,BRIDGE
-29.697450,-53.854709,-29.697438,-53.854799,BRIDGE
-29.697423,-54.126724,-29.697505,-54.126818,BRIDGE
-29.697147,-52.943642,-29.697102,-52.943455,BRIDGE
-29.696925,-53.836856,-29.696747,-53.836638,BRIDGE
-29.696807,-51.332623,-29.696506,-51.332669,BRIDGE
-29.696765,-53.708366,-29.696644,-53.708330,BRIDGE
-29.696742,-51.227677,-29.696711,-51.227410,BRIDGE
-29.696308,-53.685319,-29.696434,-53.685332,BRIDGE
-29.696177,-51.469168,-29.696267,-51.469164,BRIDGE
-29.696130,-53.767756,-29.695906,-53.767175,BRIDGE
-29.696125,-53.658628,-29.696132,-53.658754,BRIDGE
-29.695952,-53.851644,-29.695754,-53.851658,TUNNEL
-29.695930,-53.624095,-29.695962,-53.623950,BRIDGE
-29.695827,-53.767199,-29.696048,-53.767791,BRIDGE
-29.695579,-53.685277,-29.695692,-53.685274,BRIDGE
-29.695541,-52.273578,-29.695435,-52.273361,BRIDGE
-29.695356,-53.774894,-29.695211,-53.775865,BRIDGE
-29.695291,-53.775907,-29.695449,-53.774932,BRIDGE
-29.695261,-53.784937,-29.694996,-53.785262,BRIDGE
-29.695198,-51.237405,-29.695327,-51.237413,BRIDGE
-29.695192,-51.239475,-29.695377,-51.239528,BRIDGE
-29.694870,-53.858283,-29.694696,-53.858938,BRIDGE
-29.694853,-54.089152,-29.694820,-54.089088,BRIDGE
-29.694816,-53.859018,-29.694984,-53.858340,BRIDGE
-29.694816,-50.185233,-29.694451,-50.183964,BRIDGE
-29.694727,-51.228408,-29.691443,-51.232420,BRIDGE
-29.694558,-55.901426,-29.694291,-55.901599,BRIDGE
-29.694435,-52.356571,-29.694532,-52.356715,BRIDGE
-29.694258,-52.354112,-29.694297,-52.354035,BRIDGE
-29.694211,-55.829844,-29.694103,-55.829836,BRIDGE
-29.694192,-53.744572,-29.694306,-53.744554,TUNNEL
-29.694163,-50.361189,-29.694169,-50.360998,BRIDGE
-29.693923,-53.658118,-29.693931,-53.658236,BRIDGE
-29.693911,-53.614315,-29.693816,-53.614345,BRIDGE
-29.693788,-53.768953,-29.693670,-53.768930,TUNNEL
-29.693708,-53.611989,-29.693865,-53.612022,BRIDGE
-29.693443,-53.774587,-29.693682,-53.774625,BRIDGE
-29.693275,-53.602813,-29.693387,-53.602841,BRIDGE
-29.693259,-53.840091,-29.693309,-53.839839,BRIDGE
-29.693245,-51.085679,-29.693274,-51.085531,BRIDGE
-29.693233,-53.839825,-29.693181,-53.840071,BRIDGE
-29.693020,-53.774521,-29.693443,-53.774587,BRIDGE
-29.692975,-52.353735,-29.693092,-52.354007,BRIDGE
-29.692771,-54.563833,-29.692849,-54.563840,BRIDGE
-29.692493,-52.420877,-29.692484,-52.420668,BRIDGE
-29.692473,-53.760657,-29.692520,-53.760725,BRIDGE
-29.692411,-51.045656,-29.691820,-51.046031,BRIDGE
-29.692361,-51.702698,-29.692260,-51.703116,BRIDGE
-29.692328,-51.703149,-29.692435,-51.702723,BRIDGE
-29.692117,-53.707491,-29.691939,-53.707485,BRIDGE
-29.692002,-53.669113,-29.691889,-53.669102,BRIDGE
-29.691678,-53.763908,-29.691506,-53.763950,BRIDGE
-29.691675,-50.548785,-29.691570,-50.549008,BRIDGE
-29.691495,-51.232481,-29.694806,-51.228430,BRIDGE
-29.691234,-52.953757,-29.691644,-52.953852,BRIDGE
-29.691048,-50.941990,-29.691308,-50.941216,BRIDGE
-29.690900,-53.722239,-29.690614,-53.722210,BRIDGE
-29.690879,-53.768088,-29.690711,-53.768042,BRIDGE
-29.690789,-52.564884,-29.690799,-52.565178,TUNNEL
-29.690720,-51.312506,-29.690758,-51.312280,BRIDGE
-29.690641,-53.774108,-29.691987,-53.774360,BRIDGE
-29.690632,-54.206550,-29.690164,-54.206643,BRIDGE
-29.690598,-53.853530,-29.690634,-53.853555,TUNNEL
-29.690597,-53.853617,-29.690563,-53.853589,TUNNEL
-29.690471,-50.821639,-29.690373,-50.821302,BRIDGE
-29.690349,-51.714654,-29.690491,-51.715019,BRIDGE
-29.690269,-53.657888,-29.690357,-53.658011,BRIDGE
-29.690268,-52.954977,-29.690281,-52.955077,BRIDGE
-29.690201,-52.664685,-29.690129,-52.664633,BRIDGE
-29.689998,-52.467576,-29.689876,-52.468540,BRIDGE
-29.689996,-53.873185,-29.689497,-53.874773,BRIDGE
-29.689969,-51.086084,-29.690053,-51.086199,BRIDGE
-29.689950,-51.511207,-29.689925,-51.511424,BRIDGE
-29.689938,-52.402398,-29.689951,-52.401766,BRIDGE
-29.689877,-50.551812,-29.689947,-50.551581,BRIDGE
-29.689846,-52.401760,-29.689823,-52.402392,BRIDGE
-29.689716,-52.450315,-29.689669,-52.450202,BRIDGE
-29.689626,-53.874791,-29.690118,-53.873235,BRIDGE
-29.689603,-52.450226,-29.689655,-52.450347,BRIDGE
-29.689446,-53.821421,-29.689476,-53.821562,TUNNEL
-29.689354,-50.554758,-29.689234,-50.554922,BRIDGE
-29.689352,-50.563701,-29.689203,-50.563708,BRIDGE
-29.689302,-50.556684,-29.689214,-50.556624,BRIDGE
-29.689254,-53.796125,-29.689113,-53.796131,TUNNEL
-29.689215,-52.449335,-29.689173,-52.449261,BRIDGE
-29.689146,-50.866851,-29.689303,-50.866577,BRIDGE
-29.689132,-52.449293,-29.689174,-52.449365,BRIDGE
-29.689085,-53.814852,-29.688957,-53.814891,TUNNEL
-29.689077,-50.549585,-29.688923,-50.549512,BRIDGE
-29.689061,-53.892104,-29.689023,-53.891812,BRIDGE
-29.688956,-53.759495,-29.689054,-53.759538,TUNNEL
-29.688945,-51.518254,-29.688879,-51.518509,BRIDGE
-29.688909,-53.891821,-29.688951,-53.892140,BRIDGE
-29.688730,-52.676633,-29.688684,-52.676634,BRIDGE
-29.688536,-50.546014,-29.688672,-50.546127,BRIDGE
-29.688528,-51.690451,-29.688405,-51.690449,BRIDGE
-29.688480,-51.717963,-29.685586,-51.721447,BRIDGE
-29.688280,-53.802206,-29.688144,-53.802008,BRIDGE
-29.688242,-51.310565,-29.688328,-51.310402,BRIDGE
-29.688219,-53.808087,-29.688145,-53.808128,TUNNEL
-29.688144,-53.802008,-29.688061,-53.801886,BRIDGE
-29.688125,-51.087712,-29.688360,-51.087753,BRIDGE
-29.687871,-52.011023,-29.687927,-52.010828,BRIDGE
-29.687672,-53.798406,-29.687913,-53.798285,TUNNEL
-29.687644,-53.834382,-29.687587,-53.834412,BRIDGE
-29.687413,-53.905611,-29.687459,-53.905341,BRIDGE
-29.687312,-51.088361,-29.687511,-51.088387,BRIDGE
-29.687305,-53.905305,-29.687251,-53.905627,BRIDGE
-29.687269,-51.219716,-29.687054,-51.219732,BRIDGE
-29.687221,-51.026002,-29.687216,-51.025907,BRIDGE
-29.687091,-50.806619,-29.686346,-50.806090,BRIDGE
-29.686980,-53.826875,-29.686972,-53.826738,TUNNEL
-29.686934,-53.715435,-29.686894,-53.715555,BRIDGE
-29.686783,-51.967461,-29.687586,-51.973391,BRIDGE
-29.686699,-51.312627,-29.686818,-51.312716,BRIDGE
-29.686674,-51.957554,-29.686526,-51.959109,BRIDGE
-29.686660,-53.802805,-29.686802,-53.803010,BRIDGE
-29.686579,-53.802693,-29.686660,-53.802805,BRIDGE
-29.686479,-50.851111,-29.685837,-50.850738,BRIDGE
-29.686426,-53.708663,-29.686320,-53.708657,BRIDGE
-29.685980,-54.112950,-29.686057,-54.112894,BRIDGE
-29.685907,-53.839696,-29.685844,-53.839383,BRIDGE
-29.685846,-51.142184,-29.685634,-51.141515,BRIDGE
-29.685669,-51.721619,-29.688547,-51.718325,BRIDGE
-29.685663,-53.804932,-29.685633,-53.804792,TUNNEL
-29.685426,-53.805001,-29.685796,-53.804892,TUNNEL
-29.685216,-51.252691,-29.685285,-51.252825,BRIDGE
-29.685163,-51.090363,-29.685289,-51.090382,BRIDGE
-29.685005,-53.803167,-29.684963,-53.802953,BRIDGE
-29.684963,-53.802953,-29.684915,-53.802712,BRIDGE
-29.684876,-53.807148,-29.684909,-53.807305,TUNNEL
-29.684772,-52.440768,-29.684795,-52.440635,BRIDGE
-29.684746,-52.440624,-29.684724,-52.440757,BRIDGE
-29.684145,-52.571314,-29.683823,-52.571318,TUNNEL
-29.683900,-52.319040,-29.684149,-52.318436,BRIDGE
-29.683818,-50.580754,-29.683969,-50.580929,BRIDGE
-29.683475,-53.140593,-29.683351,-53.140728,BRIDGE
-29.683406,-50.501374,-29.683472,-50.501155,BRIDGE
-29.683314,-53.752200,-29.683130,-53.752320,BRIDGE
-29.683215,-53.586653,-29.683280,-53.586698,TUNNEL
-29.683052,-51.092046,-29.683185,-51.092065,BRIDGE
-29.683047,-52.495440,-29.683263,-52.495462,BRIDGE
-29.683023,-50.230144,-29.682870,-50.230204,BRIDGE
-29.682544,-53.729503,-29.682682,-53.729730,BRIDGE
-29.682530,-51.676428,-29.682619,-51.676427,BRIDGE
-29.682346,-51.227847,-29.682294,-51.227755,BRIDGE
-29.682278,-50.391251,-29.682360,-50.391063,BRIDGE
-29.682007,-53.802847,-29.682117,-53.803335,BRIDGE
-29.681962,-51.092730,-29.682179,-51.092762,BRIDGE
-29.681913,-53.802427,-29.682007,-53.802847,BRIDGE
-29.681881,-53.741412,-29.682036,-53.741465,BRIDGE
-29.681855,-53.669587,-29.681909,-53.669484,BRIDGE
-29.681839,-51.317198,-29.681744,-51.317034,BRIDGE
-29.681746,-53.781435,-29.681805,-53.781646,BRIDGE
-29.680626,-53.584423,-29.680502,-53.584454,BRIDGE
-29.680431,-50.406596,-29.680474,-50.406465,BRIDGE
-29.680173,-51.317600,-29.680093,-51.317451,BRIDGE
-29.679752,-53.160122,-29.679738,-53.160386,BRIDGE
-29.679688,-50.228206,-29.679584,-50.228081,BRIDGE
-29.679629,-51.093994,-29.679661,-51.093837,BRIDGE
-29.679430,-51.127889,-29.679245,-51.127945,BRIDGE
-29.679244,-54.024928,-29.679321,-54.024913,BRIDGE
-29.679188,-50.584775,-29.679358,-50.584835,BRIDGE
-29.679178,-52.004059,-29.679011,-52.004117,BRIDGE
-29.678993,-53.793842,-29.678739,-53.793856,BRIDGE
-29.678936,-53.474935,-29.679261,-53.474973,BRIDGE
-29.678870,-53.814794,-29.678991,-53.814888,BRIDGE
-29.678739,-53.793856,-29.678404,-53.793873,BRIDGE
-29.678537,-53.805715,-29.678234,-53.805447,BRIDGE
-29.678234,-53.805447,-29.678002,-53.805243,BRIDGE
-29.678103,-52.510142,-29.678161,-52.510082,BRIDGE
-29.678098,-51.304774,-29.678086,-51.304936,BRIDGE
-29.678058,-52.054781,-29.678132,-52.054838,BRIDGE
-29.678055,-54.946458,-29.678849,-54.945195,BRIDGE
-29.677998,-53.649029,-29.678064,-53.648886,BRIDGE
-29.677932,-51.094493,-29.678160,-51.094534,BRIDGE
-29.677930,-51.138821,-29.677922,-51.138953,BRIDGE
-29.677922,-51.138953,-29.677913,-51.139087,BRIDGE
-29.677653,-53.809180,-29.677592,-53.809613,BRIDGE
-29.677305,-53.815350,-29.677303,-53.815316,BRIDGE
-29.676974,-54.088632,-29.677063,-54.088634,TUNNEL
-29.676886,-53.579687,-29.676771,-53.579691,BRIDGE
-29.676378,-53.825959,-29.676178,-53.826042,BRIDGE
-29.676113,-53.805744,-29.675982,-53.805518,BRIDGE
-29.675893,-53.822773,-29.675737,-53.822835,BRIDGE
-29.675543,-53.780561,-29.675607,-53.780366,BRIDGE
-29.675353,-53.041917,-29.675232,-53.042032,BRIDGE
-29.675234,-53.812463,-29.675080,-53.812453,BRIDGE
-29.675130,-52.200035,-29.674108,-52.200097,BRIDGE
-29.675025,-50.199353,-29.674944,-50.199127,BRIDGE
-29.674916,-53.810452,-29.674703,-53.810465,BRIDGE
-29.674862,-53.807838,-29.674757,-53.807823,BRIDGE
-29.674854,-53.820439,-29.674998,-53.820400,BRIDGE
-29.674768,-51.415058,-29.674540,-51.415638,BRIDGE
-29.674739,-53.807919,-29.674852,-53.807936,BRIDGE
-29.674312,-51.238558,-29.674167,-51.238345,BRIDGE
-29.674278,-53.813367,-29.674177,-53.813357,BRIDGE
-29.674087,-53.471297,-29.674166,-53.471163,BRIDGE
-29.673853,-54.100084,-29.673999,-54.100194,BRIDGE
-29.673738,-52.683534,-29.673742,-52.683621,BRIDGE
-29.673453,-52.299631,-29.673614,-52.300226,BRIDGE
-29.673220,-51.096999,-29.673253,-51.096848,BRIDGE
-29.672922,-52.769758,-29.673856,-52.770238,BRIDGE
-29.672830,-52.927438,-29.673025,-52.927163,BRIDGE
-29.672673,-51.045100,-29.672930,-51.045160,BRIDGE
-29.672597,-51.420803,-29.672479,-51.421115,BRIDGE
-29.672547,-50.198971,-29.672627,-50.199112,BRIDGE
-29.672383,-55.499526,-29.672751,-55.499541,BRIDGE
-29.672322,-51.142820,-29.666793,-51.143333,BRIDGE
-29.671879,-53.807070,-29.671813,-53.807198,TUNNEL
-29.671654,-50.724516,-29.671778,-50.724389,BRIDGE
-29.671612,-51.242519,-29.671406,-51.242661,BRIDGE
-29.671529,-53.831609,-29.671648,-53.831575,BRIDGE
-29.671417,-52.291898,-29.671524,-52.292305,BRIDGE
-29.671308,-51.424225,-29.671115,-51.424730,BRIDGE
-29.671164,-52.781865,-29.671272,-52.781852,BRIDGE
-29.670898,-51.329488,-29.670844,-51.329451,BRIDGE
-29.670804,-52.781344,-29.670817,-52.781424,BRIDGE
-29.670769,-53.672485,-29.670710,-53.672248,BRIDGE
-29.670666,-51.882506,-29.670722,-51.882433,BRIDGE
-29.670604,-50.610712,-29.670938,-50.611044,BRIDGE
-29.670543,-53.674360,-29.670649,-53.673938,BRIDGE
-29.670435,-52.932589,-29.670893,-52.932134,BRIDGE
-29.670407,-51.426634,-29.670239,-51.427041,BRIDGE
-29.670260,-53.666036,-29.670310,-53.665892,BRIDGE
-29.670193,-53.632459,-29.670226,-53.632271,BRIDGE
-29.670147,-51.138360,-29.670122,-51.138211,BRIDGE
-29.669941,-51.427907,-29.669523,-51.428981,BRIDGE
-29.669797,-55.921058,-29.669483,-55.921177,BRIDGE
-29.669769,-50.611225,-29.669746,-50.610933,BRIDGE
-29.669486,-50.423710,-29.669430,-50.423037,BRIDGE
-29.669477,-53.151626,-29.669481,-53.151392,BRIDGE
-29.669315,-50.984957,-29.669289,-50.984680,BRIDGE
-29.669246,-51.429700,-29.669095,-51.430085,BRIDGE
-29.669141,-51.461115,-29.669173,-51.461330,BRIDGE
-29.669023,-52.198805,-29.668304,-52.198598,BRIDGE
-29.669006,-52.072771,-29.669134,-52.072803,BRIDGE
-29.668997,-52.306458,-29.668820,-52.306362,BRIDGE
-29.668870,-52.766920,-29.669542,-52.767717,BRIDGE
-29.668475,-53.827949,-29.667999,-53.827955,BRIDGE
-29.668306,-56.162331,-29.668298,-56.162719,BRIDGE
-29.668247,-53.879340,-29.668293,-53.879231,BRIDGE
-29.668154,-51.029779,-29.668173,-51.029689,BRIDGE
-29.667591,-53.517684,-29.667766,-53.517387,BRIDGE
-29.666827,-51.143476,-29.672348,-51.142953,BRIDGE
-29.666713,-50.753356,-29.666700,-50.753542,BRIDGE
-29.666585,-52.060969,-29.666895,-52.061052,BRIDGE
-29.666519,-53.842586,-29.666330,-53.842601,BRIDGE
-29.666467,-53.832924,-29.666626,-53.832979,BRIDGE
-29.666121,-51.048107,-29.666155,-51.048192,BRIDGE
-29.666119,-54.091890,-29.666084,-54.092701,BRIDGE
-29.665975,-53.220112,-29.666073,-53.220097,BRIDGE
-29.665559,-54.470641,-29.665877,-54.472877,BRIDGE
-29.665397,-51.249664,-29.665346,-51.249407,BRIDGE
-29.665297,-50.923973,-29.665199,-50.924096,BRIDGE
-29.665098,-53.672721,-29.665261,-53.672594,BRIDGE
-29.664954,-50.581940,-29.665457,-50.581986,BRIDGE
-29.664916,-54.105864,-29.664797,-54.106797,BRIDGE
-29.664875,-53.630179,-29.665032,-53.629954,BRIDGE
-29.664736,-55.531163,-29.665134,-55.531432,BRIDGE
-29.664421,-50.774215,-29.664672,-50.774259,TUNNEL
-29.664319,-52.198287,-29.664037,-52.198303,BRIDGE
-29.663959,-54.083976,-29.663978,-54.084050,BRIDGE
-29.663933,-53.870780,-29.663688,-53.870649,TUNNEL
-29.663867,-51.202221,-29.663819,-51.201935,BRIDGE
-29.663402,-56.202072,-29.663391,-56.202380,BRIDGE
-29.663263,-53.870457,-29.663205,-53.870425,TUNNEL
-29.662963,-52.799394,-29.662829,-52.799504,BRIDGE
-29.662879,-52.799580,-29.663003,-52.799478,BRIDGE
-29.662667,-52.216091,-29.662584,-52.216123,BRIDGE
-29.662493,-53.718074,-29.662476,-53.718114,BRIDGE
-29.662125,-53.234694,-29.661948,-53.234528,BRIDGE
-29.662000,-50.211787,-29.662324,-50.211255,BRIDGE
-29.661949,-53.251118,-29.662300,-53.250818,BRIDGE
-29.661645,-53.092440,-29.661566,-53.092424,BRIDGE
-29.661389,-53.521345,-29.661567,-53.521342,BRIDGE
-29.661170,-50.701891,-29.661208,-50.702675,BRIDGE
-29.661089,-53.857092,-29.661206,-53.857219,BRIDGE
-29.661028,-55.412534,-29.660190,-55.411314,BRIDGE
-29.660915,-52.208206,-29.660829,-52.208517,BRIDGE
-29.660825,-51.108534,-29.660833,-51.108129,BRIDGE
-29.660761,-51.108109,-29.660752,-51.108522,BRIDGE
-29.660682,-50.667803,-29.661087,-50.667526,BRIDGE
-29.660498,-52.462665,-29.660717,-52.463137,BRIDGE
-29.660481,-51.035736,-29.660480,-51.035651,BRIDGE
-29.660386,-51.983515,-29.659961,-51.983407,BRIDGE
-29.659948,-53.699735,-29.659963,-53.699835,BRIDGE
-29.659947,-54.501908,-29.659656,-54.503008,BRIDGE
-29.659929,-50.753097,-29.659927,-50.752978,BRIDGE
-29.659717,-50.667079,-29.659669,-50.666911,BRIDGE
-29.659554,-53.693174,-29.659585,-53.693235,BRIDGE
-29.659440,-50.654214,-29.660561,-50.654218,BRIDGE
-29.659216,-51.145729,-29.659128,-51.145752,BRIDGE
-29.658871,-53.690193,-29.658967,-53.690185,BRIDGE
-29.658715,-53.789678,-29.658668,-53.789632,BRIDGE
-29.658668,-53.789632,-29.658616,-53.789581,BRIDGE
-29.658646,-51.143984,-29.658445,-51.144005,BRIDGE
-29.658528,-51.446675,-29.658528,-51.446767,BRIDGE
-29.658471,-53.773508,-29.660311,-53.774891,BRIDGE
-29.658295,-53.519838,-29.658309,-53.519661,BRIDGE
-29.658208,-53.789106,-29.658193,-53.788983,BRIDGE
-29.658087,-50.381486,-29.658217,-50.381542,BRIDGE
-29.657955,-52.309573,-29.657945,-52.309681,BRIDGE
-29.657714,-52.799655,-29.657409,-52.799494,BRIDGE
-29.657700,-51.143798,-29.657496,-51.144637,BRIDGE
-29.657546,-51.144652,-29.657758,-51.143812,BRIDGE
-29.657456,-50.577850,-29.657667,-50.577250,BRIDGE
-29.657416,-53.625853,-29.657560,-53.625803,BRIDGE
-29.656973,-53.777768,-29.656995,-53.777703,BRIDGE
-29.656071,-54.950092,-29.656002,-54.950055,BRIDGE
-29.655935,-50.500493,-29.656183,-50.500517,BRIDGE
-29.655909,-53.778927,-29.655898,-53.778877,BRIDGE
-29.655907,-52.333450,-29.655740,-52.333362,BRIDGE
-29.655883,-52.803301,-29.656003,-52.803183,BRIDGE
-29.655860,-51.025321,-29.655863,-51.025257,BRIDGE
-29.655823,-52.787968,-29.655673,-52.788040,BRIDGE
-29.655689,-53.786363,-29.655659,-53.786204,BRIDGE
-29.655687,-51.110985,-29.655696,-51.110907,BRIDGE
-29.655273,-50.919981,-29.655278,-50.919805,BRIDGE
-29.654794,-56.892403,-29.655482,-56.892792,BRIDGE
-29.654668,-53.467076,-29.654672,-53.467214,BRIDGE
-29.654610,-53.892030,-29.654623,-53.892178,BRIDGE
-29.654291,-56.892120,-29.654794,-56.892403,BRIDGE
-29.654167,-50.752679,-29.654196,-50.752542,BRIDGE
-29.653841,-51.196469,-29.654014,-51.196409,BRIDGE
-29.653183,-52.584252,-29.653193,-52.583962,TUNNEL
-29.652960,-52.083966,-29.653092,-52.084035,BRIDGE
-29.652850,-53.793040,-29.653064,-53.793170,BRIDGE
-29.652743,-51.494551,-29.652572,-51.494690,BRIDGE
-29.652741,-53.237700,-29.652988,-53.237613,BRIDGE
-29.652638,-50.573872,-29.652758,-50.573520,BRIDGE
-29.652268,-51.427742,-29.652244,-51.427933,BRIDGE
-29.652212,-53.520488,-29.652185,-53.520405,BRIDGE
-29.652140,-53.520420,-29.652165,-53.520499,BRIDGE
-29.652070,-50.209515,-29.651739,-50.208911,BRIDGE
-29.651989,-52.102692,-29.651918,-52.102995,BRIDGE
-29.651972,-51.228412,-29.652038,-51.228353,BRIDGE
-29.651827,-53.470362,-29.651859,-53.470486,BRIDGE
-29.651736,-50.795966,-29.651043,-50.796430,BRIDGE
-29.651672,-51.427255,-29.651967,-51.428039,BRIDGE
-29.651606,-53.792798,-29.651692,-53.792734,BRIDGE
-29.651271,-53.229097,-29.651139,-53.229355,BRIDGE
-29.651227,-52.102873,-29.651277,-52.102535,TUNNEL
-29.651087,-51.426630,-29.651154,-51.426626,BRIDGE
-29.650842,-53.897211,-29.650769,-53.897245,BRIDGE
-29.650376,-56.239397,-29.650232,-56.239523,BRIDGE
-29.650320,-54.947212,-29.650296,-54.947150,BRIDGE
-29.649774,-50.047599,-29.649258,-50.047922,BRIDGE
-29.649533,-51.185736,-29.649429,-51.185730,BRIDGE
-29.649488,-52.072135,-29.649369,-52.072178,BRIDGE
-29.649012,-54.930352,-29.648985,-54.930270,BRIDGE
-29.648941,-53.618175,-29.649039,-53.618252,BRIDGE
-29.648917,-50.415328,-29.648754,-50.415199,BRIDGE
-29.648751,-50.634807,-29.648551,-50.634689,BRIDGE
-29.648692,-53.243138,-29.648699,-53.243655,BRIDGE
-29.648617,-51.181903,-29.648489,-51.181906,BRIDGE
-29.647861,-50.414603,-29.647934,-50.414472,BRIDGE
-29.647849,-52.139809,-29.647977,-52.139546,BRIDGE
-29.647638,-52.098571,-29.647728,-52.098525,BRIDGE
-29.647631,-52.627258,-29.647619,-52.627004,BRIDGE
-29.647458,-54.235230,-29.647505,-54.235438,BRIDGE
-29.647338,-53.589420,-29.647333,-53.589317,BRIDGE
-29.647270,-53.588747,-29.647266,-53.588640,BRIDGE
-29.647255,-50.217347,-29.647728,-50.218111,BRIDGE
-29.647075,-50.753360,-29.647063,-50.753205,BRIDGE
-29.646943,-53.187562,-29.646870,-53.187590,BRIDGE
-29.646383,-50.510600,-29.646268,-50.510613,BRIDGE
-29.646239,-53.588581,-29.646370,-53.588560,BRIDGE
-29.646168,-50.801568,-29.645440,-50.802783,BRIDGE
-29.646063,-50.511849,-29.646001,-50.511756,BRIDGE
-29.645888,-53.242392,-29.645892,-53.242226,BRIDGE
-29.645784,-52.463649,-29.646254,-52.462118,BRIDGE
-29.645620,-50.510706,-29.645196,-50.511969,BRIDGE
-29.645540,-50.802857,-29.646034,-50.802027,BRIDGE
-29.644816,-51.000115,-29.644607,-51.004051,BRIDGE
-29.644696,-51.004055,-29.644898,-51.000123,BRIDGE
-29.644674,-51.384014,-29.644508,-51.384108,BRIDGE
-29.644536,-53.274720,-29.644519,-53.275109,BRIDGE
-29.644477,-53.242517,-29.644475,-53.242335,BRIDGE
-29.644455,-50.572665,-29.644532,-50.572370,BRIDGE
-29.644415,-53.242336,-29.644413,-53.242518,BRIDGE
-29.644408,-50.542435,-29.643956,-50.542754,BRIDGE
-29.644041,-51.658638,-29.643976,-51.658709,BRIDGE
-29.643972,-53.842497,-29.644080,-53.842485,BRIDGE
-29.643926,-51.019029,-29.643940,-51.018669,BRIDGE
-29.643845,-51.018681,-29.643832,-51.019038,BRIDGE
-29.643829,-50.800566,-29.643444,-50.801092,BRIDGE
-29.643705,-50.992990,-29.643639,-50.992699,BRIDGE
-29.643550,-50.992784,-29.643635,-50.993165,BRIDGE
-29.643360,-51.872781,-29.643407,-51.872653,BRIDGE
-29.643193,-53.668824,-29.643320,-53.668864,BRIDGE
-29.643188,-53.199968,-29.643108,-53.199897,BRIDGE
-29.642850,-50.988962,-29.642814,-50.988787,BRIDGE
-29.642711,-50.988850,-29.642752,-50.989031,BRIDGE
-29.642363,-50.451876,-29.642254,-50.451843,BRIDGE
-29.642187,-52.141259,-29.642158,-52.141529,BRIDGE
-29.642121,-53.334025,-29.642341,-53.333182,BRIDGE
-29.641913,-53.135886,-29.641783,-53.135883,BRIDGE
-29.641892,-50.694170,-29.642078,-50.694072,BRIDGE
-29.641812,-51.403476,-29.641879,-51.403555,TUNNEL
-29.641672,-53.215366,-29.641728,-53.215212,BRIDGE
-29.641180,-53.135812,-29.641013,-53.135757,BRIDGE
-29.641059,-50.456934,-29.641298,-50.457292,BRIDGE
-29.640458,-50.851437,-29.640468,-50.851086,BRIDGE
-29.640449,-53.666249,-29.640597,-53.666436,BRIDGE
-29.640355,-50.851112,-29.640339,-50.851410,BRIDGE
-29.640322,-53.611106,-29.640410,-53.611105,BRIDGE
-29.639666,-50.462319,-29.639992,-50.462238,BRIDGE
-29.639250,-50.840533,-29.639097,-50.839753,BRIDGE
-29.638996,-50.839807,-29.639143,-50.840556,BRIDGE
-29.638772,-52.366088,-29.638761,-52.366284,BRIDGE
-29.638495,-51.364921,-29.638435,-51.364852,BRIDGE
-29.637993,-54.490682,-29.638037,-54.490770,BRIDGE
-29.637805,-50.225622,-29.638264,-50.225103,BRIDGE
-29.637632,-50.486061,-29.637533,-50.486100,BRIDGE
-29.637626,-54.180306,-29.637554,-54.180605,BRIDGE
-29.637564,-51.170127,-29.637547,-51.170228,BRIDGE
-29.637538,-50.600774,-29.637565,-50.600887,BRIDGE
-29.637532,-53.345173,-29.637889,-53.344354,BRIDGE
-29.637415,-50.499593,-29.637098,-50.499452,BRIDGE
-29.637333,-53.247286,-29.637299,-53.247208,BRIDGE
-29.637282,-52.052993,-29.637310,-52.053101,BRIDGE
-29.637155,-51.360626,-29.637114,-51.360531,BRIDGE
-29.637036,-52.334604,-29.637159,-52.334538,BRIDGE
-29.637036,-54.046783,-29.636926,-54.046864,BRIDGE
-29.636982,-51.862102,-29.636854,-51.862115,BRIDGE
-29.636949,-54.030496,-29.636917,-54.030613,BRIDGE
-29.636861,-52.585046,-29.636849,-52.584708,TUNNEL
-29.636404,-50.656358,-29.636305,-50.656349,BRIDGE
-29.636017,-52.141722,-29.635991,-52.141628,BRIDGE
-29.635721,-54.821362,-29.635243,-54.821651,BRIDGE
-29.635031,-51.012779,-29.635089,-51.012718,BRIDGE
-29.635012,-51.012800,-29.635031,-51.012779,BRIDGE
-29.634940,-51.862767,-29.634830,-51.862762,BRIDGE
-29.634909,-56.154400,-29.635097,-56.154575,BRIDGE
-29.634763,-51.010125,-29.634662,-51.010122,BRIDGE
-29.634707,-51.011117,-29.634616,-51.011114,BRIDGE
-29.634697,-53.371593,-29.634000,-53.371441,BRIDGE
-29.634686,-53.227893,-29.634528,-53.227893,BRIDGE
-29.634645,-50.481503,-29.634872,-50.481293,BRIDGE
-29.634165,-54.232467,-29.634136,-54.232945,BRIDGE
-29.633991,-52.952164,-29.633750,-52.952434,BRIDGE
-29.633934,-53.611631,-29.633888,-53.611556,BRIDGE
-29.633727,-52.055318,-29.633833,-52.055310,BRIDGE
-29.633337,-50.618755,-29.633273,-50.618821,BRIDGE
-29.633334,-50.893542,-29.633554,-50.893554,BRIDGE
-29.633317,-52.059118,-29.633252,-52.059233,BRIDGE
-29.632603,-51.808572,-29.632497,-51.808497,BRIDGE
-29.632503,-50.101570,-29.632030,-50.101540,BRIDGE
-29.632439,-51.165561,-29.632471,-51.165415,BRIDGE
-29.632428,-51.971860,-29.631717,-51.971463,BRIDGE
-29.632256,-52.064727,-29.632072,-52.064716,BRIDGE
-29.632182,-53.611431,-29.632184,-53.611303,BRIDGE
-29.632132,-51.163766,-29.632164,-51.163588,BRIDGE
-29.632066,-50.829608,-29.631862,-50.829158,BRIDGE
-29.632016,-50.101704,-29.632477,-50.101735,BRIDGE
-29.631879,-52.064700,-29.631739,-52.064686,BRIDGE
-29.631780,-50.829217,-29.632000,-50.829689,BRIDGE
-29.631517,-53.663778,-29.631733,-53.663653,BRIDGE
-29.631482,-50.906146,-29.631426,-50.905804,BRIDGE
-29.631461,-53.610301,-29.631390,-53.610247,BRIDGE
-29.631311,-50.905845,-29.631363,-50.906142,BRIDGE
-29.631248,-53.357891,-29.631929,-53.356738,BRIDGE
-29.631034,-54.233509,-29.631045,-54.233611,BRIDGE
-29.630552,-51.001193,-29.630568,-51.001286,BRIDGE
-29.630394,-50.999257,-29.630312,-50.999246,BRIDGE
-29.630361,-53.359629,-29.631248,-53.357891,BRIDGE
-29.630136,-51.329682,-29.630194,-51.329737,BRIDGE
-29.629288,-53.728399,-29.629201,-53.728471,BRIDGE
-29.629172,-52.062806,-29.629348,-52.062875,BRIDGE
-29.628745,-50.801206,-29.628478,-50.801341,BRIDGE
-29.628327,-56.432007,-29.628299,-56.432346,BRIDGE
-29.627730,-50.601800,-29.627787,-50.601658,BRIDGE
-29.627618,-50.242629,-29.628097,-50.242745,BRIDGE
-29.627318,-54.161796,-29.627282,-54.161909,BRIDGE
-29.627045,-50.648076,-29.627025,-50.648209,BRIDGE
-29.626923,-53.691514,-29.627084,-53.691342,BRIDGE
-29.626745,-51.229288,-29.626775,-51.229636,BRIDGE
-29.626549,-52.981670,-29.626560,-52.981497,BRIDGE
-29.626521,-54.512266,-29.626889,-54.512500,BRIDGE
-29.625784,-54.181486,-29.625538,-54.181317,BRIDGE
-29.625659,-50.099390,-29.625268,-50.099083,BRIDGE
-29.625199,-50.099214,-29.625593,-50.099531,BRIDGE
-29.625014,-52.384069,-29.624740,-52.383648,BRIDGE
-29.624454,-50.832613,-29.624765,-50.832628,BRIDGE
-29.623930,-51.304859,-29.623894,-51.304773,BRIDGE
-29.623810,-49.935719,-29.623886,-49.935751,BRIDGE
-29.623642,-50.855891,-29.623648,-50.855970,BRIDGE
-29.623546,-49.936445,-29.623622,-49.936477,BRIDGE
-29.623542,-53.652938,-29.623377,-53.653070,BRIDGE
-29.623401,-52.660587,-29.623289,-52.660695,BRIDGE
-29.623337,-49.937175,-29.623413,-49.937206,BRIDGE
-29.623136,-51.338120,-29.623215,-51.338013,BRIDGE
-29.623126,-49.937901,-29.623202,-49.937932,BRIDGE
-29.622982,-50.907807,-29.622802,-50.907552,BRIDGE
-29.622913,-49.938593,-29.622990,-49.938624,BRIDGE
-29.622672,-49.939333,-29.622789,-49.939377,BRIDGE
-29.622345,-52.987276,-29.622381,-52.987422,BRIDGE
-29.621806,-50.104602,-29.621657,-50.104724,BRIDGE
-29.621710,-50.905562,-29.621714,-50.905315,BRIDGE
-29.620673,-50.946433,-29.620690,-50.946456,BRIDGE
-29.620654,-50.946409,-29.620673,-50.946433,BRIDGE
-29.620298,-50.601590,-29.620309,-50.601497,BRIDGE
-29.620278,-50.601755,-29.620290,-50.601652,BRIDGE
-29.620127,-52.952468,-29.620225,-52.952781,BRIDGE
-29.620094,-52.951938,-29.619969,-52.951986,BRIDGE
-29.619756,-50.912551,-29.619657,-50.912543,BRIDGE
-29.619318,-50.944034,-29.619285,-50.944109,BRIDGE
-29.619247,-51.309539,-29.619420,-51.309578,BRIDGE
-29.618786,-51.474680,-29.619211,-51.474689,BRIDGE
-29.618629,-53.121180,-29.618616,-53.121024,BRIDGE
-29.618461,-53.753027,-29.618542,-53.753040,BRIDGE
-29.618349,-52.949870,-29.618401,-52.949903,BRIDGE
-29.618202,-53.766130,-29.618127,-53.766185,BRIDGE
-29.617343,-53.853604,-29.617365,-53.853670,BRIDGE
-29.617339,-49.958018,-29.616834,-49.957840,BRIDGE
-29.617330,-53.342667,-29.617304,-53.342363,BRIDGE
-29.617239,-53.342385,-29.617268,-53.342679,BRIDGE
-29.617227,-50.107101,-29.617099,-50.107307,BRIDGE
-29.616810,-50.920538,-29.616893,-50.920547,BRIDGE
-29.616734,-52.596414,-29.616753,-52.596216,BRIDGE
-29.616080,-50.136944,-29.616005,-50.136912,BRIDGE
-29.615648,-50.926484,-29.615633,-50.926633,BRIDGE
-29.615134,-50.926875,-29.615067,-50.926871,BRIDGE
-29.614943,-50.305368,-29.614794,-50.305486,BRIDGE
-29.614912,-51.603329,-29.614888,-51.603257,TUNNEL
-29.614337,-50.927804,-29.614465,-50.927821,BRIDGE
-29.614245,-54.684764,-29.614148,-54.684807,BRIDGE
-29.614173,-52.807676,-29.613746,-52.807709,BRIDGE
-29.613933,-52.606995,-29.614063,-52.606570,BRIDGE
-29.613026,-50.695274,-29.612803,-50.695141,BRIDGE
-29.612797,-51.802374,-29.612398,-51.802726,BRIDGE
-29.612718,-51.218324,-29.612642,-51.218218,BRIDGE
-29.612626,-53.856896,-29.612677,-53.856985,BRIDGE
-29.612500,-50.929572,-29.612512,-50.929671,BRIDGE
-29.612485,-51.802881,-29.612857,-51.802522,BRIDGE
-29.612338,-53.855899,-29.612390,-53.855971,BRIDGE
-29.612024,-50.485517,-29.612369,-50.485584,BRIDGE
-29.611690,-54.244330,-29.611528,-54.244196,BRIDGE
-29.611578,-51.798230,-29.611676,-51.798214,BRIDGE
-29.611569,-50.109599,-29.611348,-50.109614,BRIDGE
-29.611361,-53.693750,-29.611663,-53.694040,BRIDGE
-29.611171,-50.930001,-29.611137,-50.929922,BRIDGE
-29.611031,-50.127532,-29.611193,-50.127450,BRIDGE
-29.610536,-51.937934,-29.610153,-51.938434,BRIDGE
-29.610215,-50.930093,-29.610208,-50.930024,BRIDGE
-29.610077,-50.567214,-29.610092,-50.566848,BRIDGE
-29.610076,-53.204230,-29.610034,-53.204278,BRIDGE
-29.610019,-50.604043,-29.609838,-50.604217,BRIDGE
-29.609885,-51.256143,-29.609778,-51.256127,BRIDGE
-29.609785,-53.956132,-29.609902,-53.955982,BRIDGE
-29.609703,-52.995927,-29.609556,-52.995925,BRIDGE
-29.608811,-50.391878,-29.608678,-50.391918,BRIDGE
-29.608738,-52.079533,-29.608806,-52.079369,BRIDGE
-29.608221,-52.668097,-29.608056,-52.667876,BRIDGE
-29.608173,-53.699074,-29.608454,-53.698925,BRIDGE
-29.608158,-51.924672,-29.608310,-51.924740,BRIDGE
-29.608043,-51.350780,-29.607606,-51.351650,BRIDGE
-29.607694,-51.351716,-29.608132,-51.350845,BRIDGE
-29.607645,-51.219544,-29.607515,-51.219646,BRIDGE
-29.607625,-50.304519,-29.607470,-50.304525,BRIDGE
-29.607619,-53.019191,-29.607526,-53.019111,BRIDGE
-29.606648,-52.636825,-29.606638,-52.636640,BRIDGE
-29.606347,-51.363147,-29.606324,-51.362737,BRIDGE
-29.605974,-51.955714,-29.605765,-51.955918,BRIDGE
-29.605892,-52.640423,-29.605895,-52.640560,BRIDGE
-29.605029,-51.356873,-29.605176,-51.356605,BRIDGE
-29.604564,-52.635670,-29.604482,-52.635774,BRIDGE
-29.604503,-51.091186,-29.604316,-51.091345,BRIDGE
-29.604270,-52.393188,-29.604255,-52.392808,BRIDGE
-29.604229,-53.898056,-29.604347,-53.898155,BRIDGE
-29.604057,-49.991978,-29.604699,-49.991702,BRIDGE
-29.604052,-53.529763,-29.603921,-53.529846,BRIDGE
-29.604008,-51.956241,-29.604110,-51.956202,BRIDGE
-29.602179,-50.487859,-29.602095,-50.487816,BRIDGE
-29.602081,-52.220357,-29.602096,-52.220255,BRIDGE
-29.601979,-52.410104,-29.602403,-52.410335,BRIDGE
-29.601847,-52.962430,-29.601857,-52.962378,BRIDGE
-29.600862,-53.280520,-29.601057,-53.280423,BRIDGE
-29.600778,-55.085196,-29.600926,-55.084753,BRIDGE
-29.600402,-51.619386,-29.600370,-51.619173,BRIDGE
-29.600194,-51.353716,-29.599803,-51.353728,BRIDGE
-29.599933,-56.847037,-29.599981,-56.846869,BRIDGE
-29.599915,-51.224242,-29.599928,-51.224090,BRIDGE
-29.599803,-51.353853,-29.600200,-51.353836,BRIDGE
-29.599002,-50.804029,-29.599027,-50.803921,BRIDGE
-29.598804,-51.141698,-29.598620,-51.141998,BRIDGE
-29.598622,-50.816015,-29.598310,-50.815630,BRIDGE
-29.598512,-52.140357,-29.598625,-52.140419,BRIDGE
-29.598487,-53.714353,-29.598635,-53.714248,BRIDGE
-29.598378,-52.283214,-29.598058,-52.283260,BRIDGE
-29.598278,-50.815688,-29.598594,-50.816096,BRIDGE
-29.598249,-52.264736,-29.598500,-52.264671,BRIDGE
-29.598038,-53.408793,-29.598085,-53.408839,BRIDGE
-29.598037,-51.885572,-29.597930,-51.885716,BRIDGE
-29.597827,-50.903020,-29.597823,-50.902918,BRIDGE
-29.597674,-52.686599,-29.597623,-52.686975,BRIDGE
-29.597652,-50.823978,-29.597835,-50.823877,BRIDGE
-29.597043,-50.817467,-29.597151,-50.817483,BRIDGE
-29.596937,-51.089369,-29.597323,-51.089636,BRIDGE
-29.596730,-52.190480,-29.596824,-52.190506,BRIDGE
-29.596702,-50.410947,-29.596551,-50.410932,BRIDGE
-29.596570,-53.357279,-29.596477,-53.357323,BRIDGE
-29.596497,-52.242226,-29.596795,-52.242073,BRIDGE
-29.596451,-53.404400,-29.596444,-53.404474,BRIDGE
-29.596376,-53.847837,-29.596412,-53.847700,BRIDGE
-29.596109,-50.564357,-29.595985,-50.564267,BRIDGE
-29.596080,-53.430937,-29.595733,-53.430546,BRIDGE
-29.595880,-52.243244,-29.595934,-52.243128,BRIDGE
-29.595859,-50.077287,-29.595618,-50.077109,BRIDGE
-29.595705,-51.208177,-29.595775,-51.207973,BRIDGE
-29.595668,-51.159116,-29.595737,-51.158993,BRIDGE
-29.595607,-52.190206,-29.595730,-52.190237,BRIDGE
-29.595524,-50.077231,-29.595790,-50.077431,BRIDGE
-29.594878,-55.481417,-29.599146,-55.482292,BRIDGE
-29.594734,-50.910403,-29.594637,-50.910391,BRIDGE
-29.594436,-52.189816,-29.594626,-52.189897,BRIDGE
-29.594319,-50.915375,-29.594394,-50.915419,BRIDGE
-29.594213,-53.838187,-29.594209,-53.838068,BRIDGE
-29.594008,-53.358752,-29.594052,-53.358785,BRIDGE
-29.593904,-52.173105,-29.593046,-52.172815,BRIDGE
-29.593691,-52.717319,-29.593545,-52.717201,BRIDGE
-29.593592,-54.534092,-29.593592,-54.534030,BRIDGE
-29.593561,-50.911737,-29.593670,-50.911854,BRIDGE
-29.593549,-51.211215,-29.593836,-51.211112,BRIDGE
-29.593431,-50.902969,-29.593437,-50.903061,BRIDGE
-29.592621,-53.855627,-29.592504,-53.855509,BRIDGE
-29.592202,-52.246239,-29.592325,-52.246196,BRIDGE
-29.592115,-52.189093,-29.592330,-52.189150,BRIDGE
-29.591747,-53.945690,-29.591784,-53.945648,BRIDGE
-29.591535,-55.232580,-29.591119,-55.233536,BRIDGE
-29.591109,-51.824001,-29.590112,-51.826811,BRIDGE
-29.590820,-52.188746,-29.590950,-52.188775,BRIDGE
-29.590795,-52.226901,-29.590915,-52.226844,BRIDGE
-29.590677,-52.492965,-29.590806,-52.493006,BRIDGE
-29.590608,-51.070863,-29.590506,-51.071418,BRIDGE
-29.590557,-51.071436,-29.590667,-51.070876,BRIDGE
-29.590285,-53.869913,-29.590232,-53.869880,BRIDGE
-29.590190,-51.826934,-29.591193,-51.824035,BRIDGE
-29.590169,-51.100504,-29.590067,-51.101258,BRIDGE
-29.590100,-51.101259,-29.590202,-51.100511,BRIDGE
-29.589851,-52.188492,-29.589970,-52.188522,BRIDGE
-29.589720,-53.946051,-29.589791,-53.946071,BRIDGE
-29.589644,-50.693022,-29.589614,-50.693311,BRIDGE
-29.589617,-52.248274,-29.589760,-52.248193,BRIDGE
-29.589514,-53.519552,-29.589518,-53.519276,BRIDGE
-29.589368,-52.957366,-29.589184,-52.957420,BRIDGE
-29.589322,-52.809059,-29.588780,-52.809111,BRIDGE
-29.588864,-52.188224,-29.588991,-52.188261,BRIDGE
-29.588773,-52.421688,-29.588600,-52.421581,BRIDGE
-29.588418,-53.890663,-29.588519,-53.890655,BRIDGE
-29.588252,-50.902574,-29.588245,-50.902642,BRIDGE
-29.588083,-52.188013,-29.588211,-52.188046,BRIDGE
-29.588076,-51.109347,-29.587925,-51.109603,BRIDGE
-29.587876,-50.889462,-29.588006,-50.889357,BRIDGE
-29.587868,-50.270526,-29.587623,-50.269989,BRIDGE
-29.587438,-51.100850,-29.587229,-51.101202,BRIDGE
-29.587294,-52.187806,-29.587413,-52.187839,BRIDGE
-29.587266,-55.422600,-29.587107,-55.423378,BRIDGE
-29.586006,-49.912103,-29.586083,-49.912131,BRIDGE
-29.585765,-52.227013,-29.585920,-52.227029,BRIDGE
-29.585734,-49.912944,-29.585810,-49.912970,BRIDGE
-29.585568,-53.174686,-29.585597,-53.174763,BRIDGE
-29.585463,-50.282694,-29.585442,-50.282574,BRIDGE
-29.585392,-51.378013,-29.586000,-51.378071,BRIDGE
-29.585105,-50.923398,-29.585273,-50.923442,BRIDGE
-29.584972,-50.069238,-29.584365,-50.068796,BRIDGE
-29.584304,-50.068915,-29.584912,-50.069374,BRIDGE
-29.584202,-51.354165,-29.584192,-51.354042,TUNNEL
-29.584086,-51.354349,-29.583816,-51.354380,TUNNEL
-29.584009,-51.383345,-29.584055,-51.382818,BRIDGE
-29.583793,-50.280486,-29.583480,-50.280581,BRIDGE
-29.583717,-53.433133,-29.583653,-53.432900,BRIDGE
-29.583697,-51.387042,-29.583774,-51.386154,BRIDGE
-29.583683,-52.480241,-29.583744,-52.479766,BRIDGE
-29.583658,-51.292561,-29.583816,-51.292840,BRIDGE
-29.583602,-50.239414,-29.583486,-50.239580,BRIDGE
-29.583577,-50.429821,-29.583509,-50.429712,BRIDGE
-29.583422,-51.674929,-29.583625,-51.674937,TUNNEL
-29.583340,-51.119995,-29.583569,-51.119740,BRIDGE
-29.583157,-51.158269,-29.583300,-51.158327,BRIDGE
-29.582715,-52.639177,-29.582792,-52.639249,BRIDGE
-29.582366,-51.878116,-29.582366,-51.878057,BRIDGE
-29.582149,-50.469896,-29.582472,-50.469848,BRIDGE
-29.582148,-50.905709,-29.582203,-50.905637,BRIDGE
-29.582112,-51.162257,-29.582441,-51.161825,BRIDGE
-29.582016,-50.453612,-29.582041,-50.453955,BRIDGE
-29.581999,-51.234688,-29.582341,-51.235027,BRIDGE
-29.581899,-50.241999,-29.581658,-50.241999,BRIDGE
-29.581624,-51.371271,-29.581550,-51.371331,BRIDGE
-29.581526,-52.687357,-29.581684,-52.687596,BRIDGE
-29.581429,-50.802309,-29.580791,-50.802179,BRIDGE
-29.581318,-50.884811,-29.581265,-50.884862,BRIDGE
-29.581272,-50.471781,-29.581227,-50.471615,BRIDGE
-29.581159,-50.927574,-29.581174,-50.927481,BRIDGE
-29.580956,-52.053393,-29.580809,-52.053298,BRIDGE
-29.580814,-50.695435,-29.580669,-50.695409,BRIDGE
-29.580479,-54.579552,-29.580511,-54.579155,BRIDGE
-29.580389,-51.015221,-29.580481,-51.015048,BRIDGE
-29.580352,-50.556339,-29.580463,-50.555978,BRIDGE
-29.580088,-51.683471,-29.580196,-51.683844,BRIDGE
-29.579752,-51.428849,-29.579727,-51.429098,BRIDGE
-29.579694,-51.368349,-29.579625,-51.368431,BRIDGE
-29.579550,-50.243373,-29.579346,-50.243492,BRIDGE
-29.579533,-50.907235,-29.579547,-50.907083,BRIDGE
-29.579504,-52.951588,-29.579386,-52.951532,BRIDGE
-29.579467,-52.190848,-29.579530,-52.190971,BRIDGE
-29.579368,-53.586089,-29.579403,-53.586228,BRIDGE
-29.579118,-51.365942,-29.579221,-51.365972,BRIDGE
-29.578990,-54.795476,-29.579044,-54.795851,BRIDGE
-29.578775,-51.356298,-29.578415,-51.356403,BRIDGE
-29.578652,-51.356453,-29.579005,-51.356338,BRIDGE
-29.578148,-53.820342,-29.578216,-53.820251,BRIDGE
-29.578146,-53.827123,-29.578139,-53.826968,BRIDGE
-29.578122,-50.064202,-29.577374,-50.063657,BRIDGE
-29.577651,-52.124347,-29.577665,-52.124489,BRIDGE
-29.577540,-50.478897,-29.577409,-50.478842,BRIDGE
-29.577320,-53.486732,-29.578391,-53.486420,BRIDGE
-29.577294,-50.063796,-29.578024,-50.064361,BRIDGE
-29.577229,-53.434022,-29.577277,-53.433905,BRIDGE
-29.576787,-51.025679,-29.576578,-51.025400,BRIDGE
-29.576587,-55.986714,-29.575860,-55.986595,BRIDGE
-29.576488,-52.243397,-29.576923,-52.243333,BRIDGE
-29.576217,-53.833568,-29.576276,-53.833692,BRIDGE
-29.576123,-53.534003,-29.576261,-53.533873,BRIDGE
-29.576102,-54.248967,-29.575920,-54.248868,BRIDGE
-29.575996,-50.245818,-29.575836,-50.245673,BRIDGE
-29.575831,-51.361463,-29.575742,-51.361499,BRIDGE
-29.575623,-51.585618,-29.575662,-51.585493,BRIDGE
-29.575401,-55.495493,-29.575191,-55.495683,BRIDGE
-29.575363,-50.062158,-29.574660,-50.061619,BRIDGE
-29.575024,-53.833444,-29.575090,-53.833384,BRIDGE
-29.574817,-50.784971,-29.574531,-50.784973,BRIDGE
-29.574586,-50.061769,-29.575284,-50.062306,BRIDGE
-29.574122,-51.252013,-29.574006,-51.251705,BRIDGE
-29.574030,-50.246033,-29.573754,-50.246130,BRIDGE
-29.573647,-52.065170,-29.573515,-52.065263,BRIDGE
-29.573496,-50.796588,-29.573612,-50.796227,BRIDGE
-29.573440,-50.898200,-29.573352,-50.898219,BRIDGE
-29.573433,-53.427431,-29.573335,-53.427606,BRIDGE
-29.573413,-51.381126,-29.573332,-51.381323,BRIDGE
-29.572940,-50.901908,-29.573099,-50.901809,BRIDGE
-29.572648,-50.417270,-29.572482,-50.417308,BRIDGE
-29.572560,-51.359203,-29.572279,-51.359315,BRIDGE
-29.572528,-52.128493,-29.572541,-52.128400,BRIDGE
-29.572375,-53.898939,-29.572546,-53.898925,BRIDGE
-29.572309,-51.359435,-29.572596,-51.359327,BRIDGE
-29.572213,-53.551632,-29.572328,-53.551942,BRIDGE
-29.571841,-53.898964,-29.572070,-53.898960,BRIDGE
-29.571828,-53.863676,-29.571377,-53.864062,BRIDGE
-29.571546,-52.181909,-29.571590,-52.181989,BRIDGE
-29.571487,-52.131686,-29.571535,-52.131608,BRIDGE
-29.571351,-52.789446,-29.571264,-52.789671,BRIDGE
-29.571223,-50.139291,-29.571531,-50.139242,BRIDGE
-29.570675,-51.302172,-29.570863,-51.302410,BRIDGE
-29.570643,-50.280560,-29.570881,-50.280785,BRIDGE
-29.570480,-51.536479,-29.570317,-51.536496,BRIDGE
-29.570461,-51.585248,-29.570456,-51.585340,BRIDGE
-29.570365,-52.152749,-29.570191,-52.152769,BRIDGE
-29.570174,-52.689626,-29.569947,-52.689776,BRIDGE
-29.569882,-50.793217,-29.569992,-50.793005,BRIDGE
-29.569732,-50.692615,-29.569696,-50.692724,BRIDGE
-29.569173,-51.875823,-29.569206,-51.875586,BRIDGE
-29.569064,-52.631650,-29.569032,-52.631889,TUNNEL
-29.568898,-52.687145,-29.569110,-52.687282,BRIDGE
-29.568786,-52.145906,-29.568703,-52.145908,BRIDGE
-29.568613,-53.905875,-29.568566,-53.905735,BRIDGE
-29.568059,-52.262957,-29.568259,-52.263069,BRIDGE
-29.567431,-54.222666,-29.567493,-54.222840,BRIDGE
-29.567247,-50.285921,-29.567356,-50.285659,BRIDGE
-29.567106,-50.697127,-29.566974,-50.697091,BRIDGE
-29.567101,-52.685471,-29.566837,-52.685512,BRIDGE
-29.566618,-53.844324,-29.566651,-53.844371,BRIDGE
-29.565987,-50.799661,-29.565853,-50.799607,BRIDGE
-29.565887,-50.539503,-29.565681,-50.539429,BRIDGE
-29.565672,-52.324498,-29.565692,-52.324944,BRIDGE
-29.565563,-50.051637,-29.566013,-50.050742,BRIDGE
-29.565497,-53.361460,-29.565379,-53.361467,BRIDGE
-29.565304,-54.679403,-29.565133,-54.679333,BRIDGE
-29.564970,-50.501092,-29.565134,-50.501063,BRIDGE
-29.564957,-50.795351,-29.564887,-50.795303,BRIDGE
-29.564934,-53.285689,-29.565195,-53.285256,BRIDGE
-29.564601,-50.505206,-29.564484,-50.505290,BRIDGE
-29.564504,-54.457954,-29.564345,-54.457844,BRIDGE
-29.564405,-53.350368,-29.564592,-53.350311,BRIDGE
-29.564214,-52.685919,-29.563980,-52.685894,BRIDGE
-29.564153,-53.423979,-29.564086,-53.424038,BRIDGE
-29.564083,-52.436985,-29.563883,-52.436883,BRIDGE
-29.564004,-54.452595,-29.564214,-54.452348,BRIDGE
-29.563981,-50.678640,-29.563853,-50.678868,BRIDGE
-29.563967,-53.819014,-29.563909,-53.819103,BRIDGE
-29.563638,-51.584683,-29.563761,-51.584435,BRIDGE
-29.563412,-53.820326,-29.563329,-53.820507,BRIDGE
-29.563361,-49.905196,-29.563296,-49.905141,BRIDGE
-29.563294,-51.570492,-29.563116,-51.570349,BRIDGE
-29.563090,-53.821636,-29.563021,-53.821707,BRIDGE
-29.562868,-53.777875,-29.562724,-53.777854,TUNNEL
-29.562718,-53.822790,-29.562707,-53.822871,BRIDGE
-29.562515,-53.874774,-29.562522,-53.874649,BRIDGE
-29.562377,-50.261996,-29.562471,-50.262372,BRIDGE
-29.562247,-50.134201,-29.562340,-50.134082,BRIDGE
-29.562210,-51.085610,-29.562276,-51.085500,BRIDGE
-29.561716,-52.335156,-29.561399,-52.335236,BRIDGE
-29.561445,-54.460312,-29.561496,-54.460411,BRIDGE
-29.561269,-51.555299,-29.561261,-51.554944,BRIDGE
-29.561197,-53.422976,-29.561111,-53.422859,BRIDGE
-29.561039,-50.924645,-29.561012,-50.924478,BRIDGE
-29.560986,-53.824998,-29.560897,-53.824926,BRIDGE
-29.560950,-50.256706,-29.560623,-50.256425,BRIDGE
-29.560685,-54.451073,-29.560611,-54.450916,BRIDGE
-29.560310,-54.658887,-29.560219,-54.658880,BRIDGE
-29.560264,-50.676445,-29.560115,-50.676639,BRIDGE
-29.560004,-53.837572,-29.560166,-53.837457,BRIDGE
-29.559884,-50.841220,-29.560027,-50.841088,BRIDGE
-29.559685,-53.911641,-29.559717,-53.911470,BRIDGE
-29.559670,-52.183409,-29.559652,-52.183492,BRIDGE
-29.559213,-51.988508,-29.559185,-51.988693,BRIDGE
-29.559108,-55.090644,-29.559241,-55.090779,BRIDGE
-29.559000,-52.639367,-29.558927,-52.639367,BRIDGE
-29.558970,-52.779251,-29.558949,-52.779106,BRIDGE
-29.558868,-50.630112,-29.559002,-50.629955,BRIDGE
-29.558720,-55.138965,-29.558694,-55.138881,BRIDGE
-29.558591,-50.130610,-29.558666,-50.130404,BRIDGE
-29.558523,-50.630075,-29.558340,-50.630069,BRIDGE
-29.558060,-53.854253,-29.558186,-53.854232,BRIDGE
-29.557824,-50.617413,-29.557758,-50.617382,BRIDGE
-29.557692,-51.736161,-29.557568,-51.736043,TUNNEL
-29.557641,-50.040446,-29.557523,-50.040297,BRIDGE
-29.557585,-54.347029,-29.557658,-54.346986,TUNNEL
-29.557486,-53.260647,-29.557543,-53.260792,BRIDGE
-29.557393,-50.040429,-29.557509,-50.040585,BRIDGE
-29.557366,-55.994628,-29.556906,-55.994887,BRIDGE
-29.557294,-51.204467,-29.557260,-51.204697,BRIDGE
-29.556691,-51.570049,-29.556651,-51.569967,BRIDGE
-29.556504,-54.344137,-29.556431,-54.344155,TUNNEL
-29.556492,-54.661320,-29.556461,-54.661384,BRIDGE
-29.556064,-51.559309,-29.556228,-51.559373,BRIDGE
-29.554923,-52.689003,-29.554944,-52.688933,BRIDGE
-29.554800,-54.266725,-29.554748,-54.266644,BRIDGE
-29.554661,-52.489917,-29.554866,-52.490733,BRIDGE
-29.554640,-51.880654,-29.554542,-51.880561,BRIDGE
-29.554568,-51.558022,-29.554751,-51.558222,BRIDGE
-29.554504,-51.596621,-29.554351,-51.596598,BRIDGE
-29.554367,-51.896627,-29.555582,-51.895126,BRIDGE
-29.554251,-51.595193,-29.554403,-51.595014,BRIDGE
-29.554098,-53.220578,-29.554054,-53.220485,BRIDGE
-29.553937,-55.043613,-29.553986,-55.043319,BRIDGE
-29.553827,-52.347810,-29.553898,-52.348031,BRIDGE
-29.553795,-50.589303,-29.553766,-50.589176,BRIDGE
-29.553590,-52.634677,-29.555899,-52.634321,BRIDGE
-29.553159,-51.597990,-29.553229,-51.597755,BRIDGE
-29.553055,-53.911693,-29.553157,-53.911757,BRIDGE
-29.552966,-50.250621,-29.553027,-50.250636,BRIDGE
-29.552297,-53.172230,-29.552357,-53.172207,BRIDGE
-29.552292,-55.047796,-29.552332,-55.047678,BRIDGE
-29.551936,-50.947010,-29.552013,-50.946972,BRIDGE
-29.551894,-50.071458,-29.551729,-50.071461,BRIDGE
-29.551510,-53.248004,-29.551081,-53.248090,BRIDGE
-29.551200,-52.270821,-29.551000,-52.270553,BRIDGE
-29.551100,-53.873522,-29.551155,-53.873581,BRIDGE
-29.550658,-49.885316,-29.550592,-49.885263,BRIDGE
-29.550293,-51.555642,-29.550330,-51.555659,TUNNEL
-29.550160,-50.923319,-29.550306,-50.923229,BRIDGE
-29.550086,-55.969438,-29.550081,-55.969202,BRIDGE
-29.550047,-53.223776,-29.550145,-53.223880,BRIDGE
-29.550009,-51.885442,-29.550071,-51.885303,BRIDGE
-29.549653,-49.886937,-29.549596,-49.886887,BRIDGE
-29.549605,-50.785000,-29.549666,-50.784137,BRIDGE
-29.549602,-50.784134,-29.549545,-50.784991,BRIDGE
-29.549578,-50.070412,-29.549077,-50.070289,BRIDGE
-29.549455,-53.167430,-29.549474,-53.167345,BRIDGE
-29.549388,-52.439098,-29.549211,-52.439272,BRIDGE
-29.549303,-51.559334,-29.549268,-51.559057,BRIDGE
-29.549212,-51.559071,-29.549237,-51.559339,BRIDGE
-29.549184,-54.342989,-29.549300,-54.343023,BRIDGE
-29.549179,-49.887516,-29.549243,-49.887568,BRIDGE
-29.548857,-49.888217,-29.548798,-49.888158,BRIDGE
-29.548831,-51.359066,-29.548829,-51.358860,BRIDGE
-29.548776,-51.575615,-29.548856,-51.575667,BRIDGE
-29.548714,-50.569176,-29.548406,-50.568886,BRIDGE
-29.548604,-53.464583,-29.549079,-53.463965,BRIDGE
-29.548576,-52.101189,-29.548474,-52.101102,BRIDGE
-29.548455,-49.888849,-29.548405,-49.888802,BRIDGE
-29.548381,-50.673662,-29.548193,-50.673752,BRIDGE
-29.548082,-49.889469,-29.548017,-49.889414,BRIDGE
-29.547664,-51.188709,-29.547561,-51.188538,BRIDGE
-29.547607,-49.890042,-29.547666,-49.890088,BRIDGE
-29.547126,-55.136438,-29.547477,-55.136279,BRIDGE
-29.547014,-53.179637,-29.547107,-53.179763,BRIDGE
-29.546874,-49.890365,-29.546932,-49.890416,BRIDGE
-29.546755,-52.184141,-29.546829,-52.184230,BRIDGE
-29.546751,-52.691394,-29.546667,-52.691508,BRIDGE
-29.546713,-53.337130,-29.546553,-53.337078,BRIDGE
-29.546698,-51.335950,-29.546620,-51.335896,BRIDGE
-29.546603,-54.194706,-29.546442,-54.194720,BRIDGE
-29.546457,-50.310224,-29.546522,-50.310030,BRIDGE
-29.546117,-49.890720,-29.546021,-49.890642,BRIDGE
-29.546081,-52.152112,-29.546142,-52.152228,BRIDGE
-29.546013,-50.251449,-29.546265,-50.251264,BRIDGE
-29.545859,-50.975753,-29.545724,-50.975751,BRIDGE
-29.545699,-50.670576,-29.545600,-50.670755,BRIDGE
-29.545459,-50.485559,-29.545573,-50.485793,BRIDGE
-29.544530,-55.472809,-29.544813,-55.472833,BRIDGE
-29.544498,-53.220726,-29.544771,-53.220571,BRIDGE
-29.544378,-52.116775,-29.543946,-52.116218,BRIDGE
-29.543738,-51.399898,-29.543736,-51.399672,BRIDGE
-29.543598,-51.006086,-29.543753,-51.006185,BRIDGE
-29.543429,-52.817836,-29.543598,-52.818143,BRIDGE
-29.543206,-52.264219,-29.543274,-52.264510,BRIDGE
-29.543160,-51.394839,-29.542895,-51.394845,BRIDGE
-29.542939,-54.567491,-29.543000,-54.567435,BRIDGE
-29.542894,-52.188341,-29.543120,-52.188218,BRIDGE
-29.542618,-50.031484,-29.540823,-50.031414,BRIDGE
-29.542585,-51.358576,-29.542198,-51.358366,BRIDGE
-29.542461,-54.678621,-29.542383,-54.678598,BRIDGE
-29.542169,-51.358485,-29.542535,-51.358691,BRIDGE
-29.542166,-52.278996,-29.542081,-52.278737,BRIDGE
-29.542085,-50.069460,-29.541992,-50.069455,BRIDGE
-29.541470,-51.597271,-29.541622,-51.597159,BRIDGE
-29.541467,-50.071587,-29.541500,-50.071741,BRIDGE
-29.541268,-53.497039,-29.541583,-53.497176,BRIDGE
-29.541250,-51.100755,-29.541209,-51.100836,BRIDGE
-29.541240,-52.689355,-29.541194,-52.689226,BRIDGE
-29.541155,-52.521570,-29.541293,-52.521586,BRIDGE
-29.541033,-53.206940,-29.540925,-53.206809,BRIDGE
-29.541003,-50.081755,-29.540913,-50.081527,BRIDGE
-29.540972,-52.521544,-29.541155,-52.521570,BRIDGE
-29.540823,-50.031414,-29.539852,-50.031398,BRIDGE
-29.540782,-50.031632,-29.542583,-50.031682,BRIDGE
-29.540693,-49.888786,-29.540616,-49.888906,BRIDGE
-29.540114,-51.899028,-29.540161,-51.898858,BRIDGE
-29.539925,-54.456616,-29.540205,-54.456809,BRIDGE
-29.539842,-50.031583,-29.540782,-50.031632,BRIDGE
-29.539667,-52.166822,-29.539590,-52.166812,BRIDGE
-29.539239,-50.246521,-29.539322,-50.246518,BRIDGE
-29.538522,-50.246181,-29.538577,-50.246479,BRIDGE
-29.538513,-51.360340,-29.538776,-51.360316,BRIDGE
-29.538322,-50.057418,-29.538482,-50.056737,BRIDGE
-29.538255,-51.893535,-29.538213,-51.893445,BRIDGE
-29.537954,-52.161190,-29.537804,-52.161093,BRIDGE
-29.537786,-52.152295,-29.537602,-52.152254,BRIDGE
-29.537741,-53.368315,-29.537815,-53.368256,BRIDGE
-29.537597,-51.356504,-29.536908,-51.356488,BRIDGE
-29.537322,-53.070124,-29.537266,-53.070063,BRIDGE
-29.536990,-52.329450,-29.537215,-52.329144,BRIDGE
-29.536908,-51.356615,-29.537588,-51.356633,BRIDGE
-29.536720,-52.265885,-29.536765,-52.266097,BRIDGE
-29.536507,-50.091228,-29.536618,-50.091436,TUNNEL
-29.536473,-53.209884,-29.536549,-53.210100,BRIDGE
-29.536438,-54.460366,-29.536697,-54.460061,BRIDGE
-29.536296,-50.090213,-29.536566,-50.090359,BRIDGE
-29.536266,-51.598193,-29.536479,-51.598185,BRIDGE
-29.536155,-50.111635,-29.536109,-50.111409,BRIDGE
-29.536087,-51.344418,-29.536035,-51.344331,BRIDGE
-29.536008,-54.220360,-29.535833,-54.220485,BRIDGE
-29.535815,-52.287259,-29.535780,-52.287025,BRIDGE
-29.535773,-54.354596,-29.535759,-54.354423,BRIDGE
-29.535496,-51.387654,-29.535501,-51.387447,BRIDGE
-29.535494,-50.025688,-29.534950,-50.026034,BRIDGE
-29.535240,-51.343127,-29.535195,-51.343024,BRIDGE
-29.534551,-54.581877,-29.534530,-54.581728,BRIDGE
-29.534441,-53.207060,-29.534566,-53.207146,BRIDGE
-29.534416,-52.388888,-29.534306,-52.388875,BRIDGE
-29.534232,-52.388376,-29.534191,-52.388491,BRIDGE
-29.533960,-51.598467,-29.534291,-51.598404,BRIDGE
-29.533828,-50.066844,-29.533667,-50.066705,BRIDGE
-29.533822,-52.175576,-29.533905,-52.175674,BRIDGE
-29.533605,-52.519845,-29.533375,-52.519234,BRIDGE
-29.533554,-50.074965,-29.533599,-50.074861,BRIDGE
-29.532787,-51.258662,-29.532807,-51.258466,BRIDGE
-29.532717,-52.262757,-29.532846,-52.262973,BRIDGE
-29.532677,-51.590208,-29.532718,-51.590152,BRIDGE
-29.532469,-53.614877,-29.532422,-53.614947,BRIDGE
-29.531879,-50.986916,-29.532024,-50.986979,BRIDGE
-29.531448,-51.982886,-29.531125,-51.982619,BRIDGE
-29.530982,-53.325703,-29.530995,-53.326001,BRIDGE
-29.530591,-54.139881,-29.530472,-54.139799,BRIDGE
-29.530533,-51.624118,-29.530587,-51.623586,BRIDGE
-29.529673,-52.389633,-29.529834,-52.389651,BRIDGE
-29.529630,-52.136665,-29.529625,-52.136760,BRIDGE
-29.529280,-53.086450,-29.529221,-53.086529,BRIDGE
-29.528770,-52.261061,-29.528914,-52.261012,BRIDGE
-29.528767,-53.093110,-29.528705,-53.093096,BRIDGE
-29.528723,-50.775965,-29.528332,-50.775264,BRIDGE
-29.528299,-50.775291,-29.528684,-50.775996,BRIDGE
-29.527867,-50.082103,-29.527946,-50.082039,BRIDGE
-29.527545,-52.089759,-29.526996,-52.089333,BRIDGE
-29.527491,-51.388100,-29.527357,-51.387979,BRIDGE
-29.527259,-54.080995,-29.527299,-54.081022,BRIDGE
-29.527073,-53.083108,-29.527007,-53.083081,BRIDGE
-29.527046,-50.243046,-29.527086,-50.242919,BRIDGE
-29.526813,-50.976753,-29.526912,-50.976686,BRIDGE
-29.526582,-50.105486,-29.526975,-50.105427,BRIDGE
-29.526504,-52.389829,-29.526649,-52.389842,BRIDGE
-29.526481,-53.302278,-29.526542,-53.302289,BRIDGE
-29.526186,-50.315217,-29.526068,-50.315004,BRIDGE
-29.525839,-52.075910,-29.525620,-52.075895,BRIDGE
-29.525838,-51.814611,-29.525523,-51.814596,BRIDGE
-29.525786,-50.104788,-29.526192,-50.104175,BRIDGE
-29.525730,-50.315694,-29.525884,-50.315669,BRIDGE
-29.525613,-51.236409,-29.526006,-51.235894,BRIDGE
-29.525570,-54.307032,-29.525633,-54.307215,BRIDGE
-29.525110,-51.894154,-29.525327,-51.894169,BRIDGE
-29.525098,-53.402461,-29.524995,-53.402470,BRIDGE
-29.525042,-51.347609,-29.525058,-51.347505,BRIDGE
-29.524900,-53.352056,-29.524737,-53.351886,BRIDGE
-29.524895,-50.121214,-29.525069,-50.121274,BRIDGE
-29.524440,-51.911540,-29.524449,-51.911414,BRIDGE
-29.524081,-53.878109,-29.524067,-53.878163,BRIDGE
-29.524067,-53.873410,-29.524064,-53.873485,BRIDGE
-29.523653,-53.095842,-29.523593,-53.095878,BRIDGE
-29.523347,-53.341940,-29.523533,-53.342038,BRIDGE
-29.523118,-53.186502,-29.523082,-53.186777,BRIDGE
-29.523117,-50.247711,-29.523171,-50.247536,BRIDGE
-29.522977,-51.820946,-29.522477,-51.820651,BRIDGE
-29.522822,-54.104289,-29.522800,-54.104195,BRIDGE
-29.522333,-51.908582,-29.522501,-51.908585,BRIDGE
-29.522139,-54.079916,-29.522201,-54.079998,BRIDGE
-29.521922,-51.546457,-29.521698,-51.546504,BRIDGE
-29.521881,-54.424673,-29.521932,-54.424599,BRIDGE
-29.521870,-51.313703,-29.521782,-51.313718,BRIDGE
-29.521826,-51.804459,-29.521918,-51.804415,BRIDGE
-29.521697,-51.794793,-29.521712,-51.794887,BRIDGE
-29.521551,-53.588194,-29.521555,-53.588121,BRIDGE
-29.521433,-53.581778,-29.521437,-53.581690,BRIDGE
-29.521357,-53.581702,-29.521355,-53.581781,BRIDGE
-29.521273,-52.580631,-29.521246,-52.580825,BRIDGE
-29.520422,-52.033837,-29.520218,-52.033746,BRIDGE
-29.520366,-53.581616,-29.520366,-53.581513,BRIDGE
-29.520303,-52.384497,-29.520493,-52.384638,BRIDGE
-29.520281,-53.581508,-29.520283,-53.581643,BRIDGE
-29.520274,-54.665738,-29.520355,-54.665739,BRIDGE
-29.520189,-54.360972,-29.520305,-54.360882,BRIDGE
-29.520092,-54.770656,-29.520063,-54.770569,BRIDGE
-29.519630,-50.070948,-29.519638,-50.070674,BRIDGE
-29.519263,-53.581840,-29.519264,-53.581704,BRIDGE
-29.519208,-53.581710,-29.519205,-53.581852,BRIDGE
-29.519000,-52.145244,-29.519084,-52.145256,BRIDGE
-29.518826,-51.541911,-29.518973,-51.541775,BRIDGE
-29.518607,-52.298843,-29.518601,-52.298621,BRIDGE
-29.518378,-53.581632,-29.518381,-53.581462,BRIDGE
-29.518255,-56.098717,-29.518196,-56.098796,BRIDGE
-29.517928,-51.346866,-29.517927,-51.346672,BRIDGE
-29.517827,-51.948844,-29.517766,-51.948782,BRIDGE
-29.517817,-51.430860,-29.517692,-51.430825,BRIDGE
-29.517627,-50.767003,-29.517617,-50.767191,BRIDGE
-29.517621,-52.532203,-29.517599,-52.531529,BRIDGE
-29.517533,-55.180369,-29.517728,-55.179826,BRIDGE
-29.517529,-51.871264,-29.517653,-51.871556,BRIDGE
-29.517353,-50.110845,-29.517687,-50.110673,BRIDGE
-29.517345,-50.758987,-29.517285,-50.759110,BRIDGE
-29.517105,-51.424286,-29.517046,-51.424380,BRIDGE
-29.516844,-51.930294,-29.516919,-51.930209,BRIDGE
-29.516778,-51.919299,-29.516640,-51.919402,BRIDGE
-29.516590,-53.580671,-29.516692,-53.580786,BRIDGE
-29.516466,-51.423423,-29.516393,-51.423287,BRIDGE
-29.516409,-50.770502,-29.516204,-50.770459,BRIDGE
-29.516396,-54.630465,-29.516356,-54.630541,BRIDGE
-29.516272,-50.108276,-29.517014,-50.108046,BRIDGE
-29.515827,-51.148802,-29.515842,-51.148566,BRIDGE
-29.515766,-50.774614,-29.515824,-50.773897,BRIDGE
-29.515734,-50.773904,-29.515690,-50.774603,BRIDGE
-29.515528,-50.923219,-29.515673,-50.923219,BRIDGE
-29.515285,-52.298884,-29.515385,-52.298839,BRIDGE
-29.514982,-51.145017,-29.514914,-51.144848,BRIDGE
-29.514875,-50.755120,-29.515035,-50.755021,BRIDGE
-29.514744,-50.586883,-29.514798,-50.586615,BRIDGE
-29.514604,-51.329884,-29.514599,-51.329977,BRIDGE
-29.514517,-53.535069,-29.515046,-53.534921,BRIDGE
-29.514329,-50.773699,-29.514278,-50.774376,BRIDGE
-29.513917,-53.100247,-29.513942,-53.100175,BRIDGE
-29.513796,-56.725144,-29.514072,-56.725976,BRIDGE
-29.513597,-50.585111,-29.513756,-50.584989,BRIDGE
-29.513437,-51.177404,-29.513248,-51.177394,BRIDGE
-29.513310,-54.675881,-29.513273,-54.675776,BRIDGE
-29.513003,-50.878907,-29.513144,-50.879064,BRIDGE
-29.512869,-51.394180,-29.512952,-51.394124,BRIDGE
-29.512736,-51.940769,-29.512077,-51.940970,BRIDGE
-29.512557,-50.783119,-29.512668,-50.783259,BRIDGE
-29.512380,-54.271921,-29.512564,-54.271510,BRIDGE
-29.512342,-52.154332,-29.512313,-52.154103,BRIDGE
-29.512337,-49.859849,-29.512441,-49.859927,BRIDGE
-29.512216,-50.791810,-29.512148,-50.791898,BRIDGE
-29.512116,-52.385820,-29.512116,-52.386102,BRIDGE
-29.512110,-51.941159,-29.512853,-51.940968,BRIDGE
-29.511984,-53.104387,-29.511903,-53.104375,BRIDGE
-29.511880,-52.100798,-29.512302,-52.100718,BRIDGE
-29.511761,-50.931130,-29.511755,-50.931260,BRIDGE
-29.511702,-50.788700,-29.511652,-50.788777,BRIDGE
-29.511663,-50.795878,-29.511605,-50.795957,BRIDGE
-29.511556,-51.133806,-29.511465,-51.133825,BRIDGE
-29.511537,-54.054471,-29.511483,-54.054635,BRIDGE
-29.511533,-54.768832,-29.512265,-54.769005,BRIDGE
-29.511466,-52.155006,-29.511529,-52.155034,BRIDGE
-29.511379,-51.209014,-29.511310,-51.209386,BRIDGE
-29.511307,-54.476373,-29.511185,-54.476234,BRIDGE
-29.511048,-52.535383,-29.511373,-52.535044,BRIDGE
-29.511010,-50.795687,-29.510989,-50.795565,BRIDGE
-29.510731,-51.424270,-29.510703,-51.424111,BRIDGE
-29.510668,-54.073543,-29.510630,-54.073502,BRIDGE
-29.510524,-54.679753,-29.510624,-54.679770,BRIDGE
-29.510445,-50.067713,-29.510407,-50.067556,BRIDGE
-29.510411,-50.066601,-29.510576,-50.066488,BRIDGE
-29.510158,-50.059875,-29.509983,-50.059862,BRIDGE
-29.510001,-53.751063,-29.505523,-53.750766,BRIDGE
-29.509975,-51.984186,-29.510269,-51.984318,BRIDGE
-29.509945,-51.538289,-29.509795,-51.538364,BRIDGE
-29.509621,-52.516394,-29.509820,-52.516453,BRIDGE
-29.509614,-51.954710,-29.509514,-51.954600,BRIDGE
-29.509461,-53.180753,-29.509351,-53.181016,BRIDGE
-29.509393,-53.558221,-29.509604,-53.558256,BRIDGE
-29.509373,-53.370488,-29.509353,-53.370594,BRIDGE
-29.509280,-53.370247,-29.509205,-53.370283,BRIDGE
-29.509235,-50.661503,-29.509077,-50.661423,BRIDGE
-29.509229,-51.805906,-29.508850,-51.805910,BRIDGE
-29.508857,-51.941605,-29.509053,-51.942413,BRIDGE
-29.508639,-50.312741,-29.508619,-50.312609,BRIDGE
-29.508625,-54.057564,-29.508491,-54.057821,BRIDGE
-29.508550,-52.045693,-29.508629,-52.045697,BRIDGE
-29.508305,-52.844768,-29.508075,-52.844748,BRIDGE
-29.508287,-54.713237,-29.508287,-54.713141,BRIDGE
-29.507880,-53.164038,-29.507879,-53.163882,BRIDGE
-29.507520,-51.807324,-29.507966,-51.807425,BRIDGE
-29.507339,-56.529410,-29.507178,-56.529677,BRIDGE
-29.507225,-51.355832,-29.504957,-51.355475,BRIDGE
-29.506988,-50.244251,-29.506995,-50.244389,BRIDGE
-29.506886,-54.083006,-29.506855,-54.083067,BRIDGE
-29.506664,-51.983163,-29.506644,-51.983240,BRIDGE
-29.506566,-50.929846,-29.506560,-50.929754,BRIDGE
-29.506547,-53.550547,-29.506252,-53.550668,BRIDGE
-29.506312,-51.390355,-29.506342,-51.390488,BRIDGE
-29.506131,-54.129409,-29.506089,-54.129254,BRIDGE
-29.505796,-54.834928,-29.505779,-54.834571,BRIDGE
-29.505706,-51.966490,-29.505741,-51.966518,TUNNEL
-29.505701,-54.675062,-29.505321,-54.674752,BRIDGE
-29.505612,-54.083329,-29.505571,-54.083315,BRIDGE
-29.505469,-50.044114,-29.505630,-50.043928,BRIDGE
-29.505375,-52.692457,-29.505280,-52.692516,BRIDGE
-29.505206,-50.324172,-29.505225,-50.324253,BRIDGE
-29.505171,-50.653320,-29.505039,-50.653431,BRIDGE
-29.505134,-54.692864,-29.505137,-54.692988,BRIDGE
-29.504977,-52.544662,-29.505112,-52.544644,BRIDGE
-29.504959,-51.355607,-29.507220,-51.355969,BRIDGE
-29.504830,-50.037890,-29.504762,-50.038001,BRIDGE
-29.504394,-50.036906,-29.504222,-50.036827,BRIDGE
-29.504123,-53.326486,-29.504198,-53.326402,BRIDGE
-29.503578,-51.418845,-29.503611,-51.418553,BRIDGE
-29.503174,-54.710065,-29.503172,-54.710169,BRIDGE
-29.503017,-54.715744,-29.503018,-54.715839,BRIDGE
-29.502892,-50.782478,-29.502776,-50.782331,BRIDGE
-29.502875,-50.649527,-29.502685,-50.649431,BRIDGE
-29.502464,-53.055360,-29.502296,-53.055264,BRIDGE
-29.502341,-54.696395,-29.502401,-54.696468,BRIDGE
-29.502295,-54.696350,-29.502341,-54.696395,BRIDGE
-29.502108,-53.156093,-29.502185,-53.156506,BRIDGE
-29.502060,-51.963333,-29.502130,-51.963062,BRIDGE
-29.501646,-51.006241,-29.501546,-51.006095,BRIDGE
-29.500819,-54.671104,-29.500384,-54.671016,BRIDGE
-29.500778,-54.697493,-29.500779,-54.697401,BRIDGE
-29.500633,-54.700311,-29.500663,-54.700181,BRIDGE
-29.500548,-50.536515,-29.500585,-50.536379,BRIDGE
-29.500422,-50.947463,-29.500485,-50.947293,BRIDGE
-29.500200,-52.739951,-29.500093,-52.740005,BRIDGE
-29.499620,-53.126106,-29.499696,-53.126027,BRIDGE
-29.499542,-51.816824,-29.499794,-51.817009,BRIDGE
-29.499467,-54.689909,-29.499268,-54.687771,BRIDGE
-29.499223,-52.517862,-29.498898,-52.517738,BRIDGE
-29.499167,-53.148988,-29.499289,-53.149192,BRIDGE
-29.499159,-54.686461,-29.499165,-54.686222,BRIDGE
-29.498982,-51.958183,-29.499279,-51.958258,BRIDGE
-29.498728,-54.382439,-29.498870,-54.382277,BRIDGE
-29.498497,-50.777019,-29.498024,-50.777358,BRIDGE
-29.498468,-50.993988,-29.498660,-50.994061,BRIDGE
-29.498314,-54.717190,-29.498332,-54.717096,BRIDGE
-29.498155,-54.776362,-29.498141,-54.776440,BRIDGE
-29.498028,-56.594776,-29.497921,-56.595300,BRIDGE
-29.497828,-51.965244,-29.497377,-51.965385,BRIDGE
-29.497429,-54.672633,-29.495285,-54.674968,BRIDGE
-29.497404,-52.847628,-29.497531,-52.847406,BRIDGE
-29.497355,-50.968583,-29.497521,-50.968561,BRIDGE
-29.497258,-50.967716,-29.497238,-50.967883,BRIDGE
-29.497131,-51.416020,-29.497149,-51.415747,BRIDGE
-29.496935,-54.697430,-29.497012,-54.697426,BRIDGE
-29.496891,-54.187018,-29.496974,-54.187059,BRIDGE
-29.496791,-51.047705,-29.496846,-51.047777,BRIDGE
-29.496546,-54.546148,-29.496507,-54.546167,BRIDGE
-29.496494,-52.514301,-29.496355,-52.514506,BRIDGE
-29.496313,-54.620172,-29.496075,-54.620244,BRIDGE
-29.496096,-50.786735,-29.496219,-50.786731,BRIDGE
-29.495816,-51.047812,-29.495995,-51.047519,BRIDGE
-29.495641,-51.963274,-29.496771,-51.963423,BRIDGE
-29.495525,-50.786382,-29.495624,-50.786572,BRIDGE
-29.495474,-51.531557,-29.495414,-51.531687,BRIDGE
-29.495359,-53.135102,-29.495284,-53.135059,BRIDGE
-29.495070,-53.487467,-29.495228,-53.487382,BRIDGE
-29.494560,-54.775714,-29.494529,-54.775512,BRIDGE
-29.494330,-54.316750,-29.494551,-54.316991,BRIDGE
-29.494261,-54.125749,-29.494315,-54.125584,BRIDGE
-29.494191,-52.973472,-29.494037,-52.973679,BRIDGE
-29.494186,-51.083503,-29.494212,-51.083413,BRIDGE
-29.493755,-54.699850,-29.493756,-54.699943,BRIDGE
-29.493636,-53.133643,-29.493902,-53.133654,BRIDGE
-29.493296,-51.989338,-29.493288,-51.989274,BRIDGE
-29.492860,-54.699968,-29.492830,-54.700122,BRIDGE
-29.492810,-52.853934,-29.492976,-52.854059,BRIDGE
-29.492369,-51.083433,-29.492403,-51.083366,BRIDGE
-29.492219,-50.786572,-29.492102,-50.786877,BRIDGE
-29.492177,-54.701948,-29.492142,-54.702028,BRIDGE
-29.492062,-53.582630,-29.492267,-53.582650,BRIDGE
-29.491837,-50.143034,-29.491529,-50.143302,BRIDGE
-29.491784,-53.568483,-29.491563,-53.568205,BRIDGE
-29.491730,-49.979889,-29.491641,-49.980034,BRIDGE
-29.491602,-54.226299,-29.490695,-54.225594,BRIDGE
-29.491548,-51.178354,-29.491702,-51.179276,BRIDGE
-29.491449,-50.888119,-29.491618,-50.887846,BRIDGE
-29.491312,-52.567120,-29.491491,-52.567289,BRIDGE
-29.491267,-54.695296,-29.491268,-54.695203,BRIDGE
-29.490945,-53.589929,-29.490971,-53.590328,BRIDGE
-29.490884,-52.563726,-29.491136,-52.563605,BRIDGE
-29.490707,-54.679809,-29.490331,-54.680198,BRIDGE
-29.490413,-50.963312,-29.490330,-50.963186,BRIDGE
-29.490331,-54.680198,-29.489858,-54.680526,BRIDGE
-29.490082,-54.079760,-29.490071,-54.079720,BRIDGE
-29.489957,-54.596985,-29.489912,-54.596998,BRIDGE
-29.489671,-53.479468,-29.490055,-53.479679,BRIDGE
-29.489372,-50.787303,-29.489370,-50.787210,BRIDGE
-29.489316,-52.855303,-29.489400,-52.855180,BRIDGE
-29.489178,-50.799322,-29.488990,-50.799526,BRIDGE
-29.488654,-52.584849,-29.488518,-52.585113,BRIDGE
-29.488092,-50.768562,-29.488191,-50.768304,BRIDGE
-29.487878,-51.349814,-29.487569,-51.349777,BRIDGE
-29.487840,-49.976756,-29.487784,-49.976855,BRIDGE
-29.487733,-51.348909,-29.487728,-51.349321,BRIDGE
-29.487715,-49.974543,-29.487318,-49.974418,BRIDGE
-29.487575,-53.287475,-29.487588,-53.287126,BRIDGE
-29.487575,-51.349921,-29.487846,-51.349952,BRIDGE
-29.487371,-53.220253,-29.487416,-53.220286,BRIDGE
-29.487303,-49.974536,-29.487690,-49.974662,BRIDGE
-29.486131,-53.566492,-29.485984,-53.566252,BRIDGE
-29.485995,-50.120607,-29.485809,-50.120752,BRIDGE
-29.485989,-53.285941,-29.486003,-53.286160,BRIDGE
-29.485912,-53.619993,-29.485778,-53.620018,BRIDGE
-29.485857,-52.983951,-29.485663,-52.983743,BRIDGE
-29.485732,-53.585790,-29.485813,-53.585913,BRIDGE
-29.485371,-50.958081,-29.485276,-50.958120,BRIDGE
-29.485321,-52.141639,-29.485397,-52.141953,BRIDGE
-29.485311,-50.786763,-29.485253,-50.786691,BRIDGE
-29.485087,-51.445602,-29.485015,-51.445525,BRIDGE
-29.485085,-54.692239,-29.485117,-54.692324,BRIDGE
-29.484901,-51.918967,-29.485097,-51.919055,BRIDGE
-29.484731,-51.954391,-29.485114,-51.955281,BRIDGE
-29.484309,-52.134127,-29.484343,-52.134462,BRIDGE
-29.484278,-55.015532,-29.483958,-55.015213,BRIDGE
-29.484211,-54.784144,-29.484161,-54.782902,BRIDGE
-29.484013,-54.133007,-29.483911,-54.133124,BRIDGE
-29.483823,-50.765832,-29.483885,-50.765405,BRIDGE
-29.483794,-51.420483,-29.483820,-51.420082,BRIDGE
-29.483721,-54.071893,-29.483435,-54.071829,BRIDGE
-29.483316,-51.351374,-29.482683,-51.351453,BRIDGE
-29.483297,-53.499532,-29.483173,-53.499419,BRIDGE
-29.483223,-52.859427,-29.483106,-52.859325,BRIDGE
-29.483134,-50.787884,-29.483091,-50.787801,BRIDGE
-29.482973,-51.492749,-29.482298,-51.493718,TUNNEL
-29.482380,-53.500340,-29.482477,-53.500375,BRIDGE
-29.482070,-52.864618,-29.482112,-52.864418,BRIDGE
-29.482062,-50.116574,-29.482394,-50.116518,BRIDGE
-29.481711,-52.506591,-29.481490,-52.506449,BRIDGE
-29.481524,-54.693537,-29.481631,-54.693472,BRIDGE
-29.481494,-50.812747,-29.481326,-50.812822,BRIDGE
-29.481407,-54.696467,-29.481470,-54.696498,BRIDGE
-29.481224,-54.693854,-29.481283,-54.693796,BRIDGE
-29.481118,-50.809412,-29.480925,-50.809487,BRIDGE
-29.480542,-54.560010,-29.480483,-54.559924,BRIDGE
-29.480282,-52.149495,-29.480571,-52.149726,BRIDGE
-29.480028,-51.351996,-29.479547,-51.352042,BRIDGE
-29.479952,-51.422140,-29.479820,-51.422154,BRIDGE
-29.479771,-52.053741,-29.479741,-52.053871,BRIDGE
-29.479766,-50.112980,-29.479872,-50.112840,BRIDGE
-29.479760,-54.118852,-29.479642,-54.118786,BRIDGE
-29.479610,-53.448025,-29.479592,-53.448084,BRIDGE
-29.479565,-51.352155,-29.480014,-51.352109,BRIDGE
-29.479521,-50.808812,-29.479333,-50.808695,TUNNEL
-29.479290,-52.652232,-29.479371,-52.652130,BRIDGE
-29.479063,-51.952711,-29.479274,-51.952698,BRIDGE
-29.479022,-52.053491,-29.479188,-52.053485,BRIDGE
-29.479008,-51.953555,-29.478517,-51.953483,BRIDGE
-29.478923,-52.866704,-29.479087,-52.866778,BRIDGE
-29.478493,-51.953591,-29.478990,-51.953679,BRIDGE
-29.478213,-55.278043,-29.478207,-55.277211,BRIDGE
-29.476833,-53.112358,-29.476676,-53.112447,BRIDGE
-29.476776,-50.788867,-29.476847,-50.788821,BRIDGE
-29.476703,-49.832666,-29.476779,-49.832719,BRIDGE
-29.476355,-50.851765,-29.476268,-50.851777,BRIDGE
-29.476232,-53.479089,-29.476145,-53.479887,BRIDGE
-29.476151,-53.112317,-29.476239,-53.112422,BRIDGE
-29.475919,-51.422938,-29.475894,-51.422701,BRIDGE
-29.475830,-51.953059,-29.474728,-51.952997,BRIDGE
-29.475662,-54.103978,-29.475620,-54.103906,BRIDGE
-29.475635,-51.422723,-29.475731,-51.422632,BRIDGE
-29.475545,-51.347496,-29.475702,-51.347861,BRIDGE
-29.475524,-50.766170,-29.475566,-50.765765,BRIDGE
-29.475290,-50.835895,-29.475268,-50.836041,BRIDGE
-29.475036,-52.025909,-29.475044,-52.025880,BRIDGE
-29.475029,-52.025934,-29.475036,-52.025909,BRIDGE
-29.474995,-53.297348,-29.474912,-53.297427,BRIDGE
-29.474888,-51.832404,-29.475031,-51.832624,BRIDGE
-29.474728,-51.953104,-29.475818,-51.953186,BRIDGE
-29.474301,-54.388692,-29.474334,-54.388600,BRIDGE
-29.474110,-51.867723,-29.473956,-51.867673,BRIDGE
-29.474059,-52.209457,-29.474074,-52.209341,BRIDGE
-29.474034,-50.790643,-29.473998,-50.790571,BRIDGE
-29.473815,-52.049254,-29.473839,-52.049160,BRIDGE
-29.473517,-52.873196,-29.473736,-52.873081,BRIDGE
-29.473474,-51.699333,-29.473475,-51.699520,BRIDGE
-29.473417,-50.790747,-29.473365,-50.790658,BRIDGE
-29.473336,-52.173233,-29.473590,-52.173206,BRIDGE
-29.473172,-50.832313,-29.473246,-50.832246,BRIDGE
-29.473155,-56.138982,-29.473262,-56.138849,BRIDGE
-29.472903,-51.970947,-29.473044,-51.971083,BRIDGE
-29.472579,-51.420845,-29.472620,-51.420709,BRIDGE
-29.472269,-54.651021,-29.472273,-54.650898,BRIDGE
-29.472177,-50.119474,-29.472507,-50.120029,BRIDGE
-29.472027,-51.868814,-29.471635,-51.867820,BRIDGE
-29.471834,-54.672559,-29.471822,-54.672234,BRIDGE
-29.471633,-50.830392,-29.471591,-50.830509,BRIDGE
-29.471612,-51.947498,-29.471929,-51.947647,BRIDGE
-29.471322,-50.826356,-29.471128,-50.826167,BRIDGE
-29.471264,-53.477346,-29.471316,-53.477231,BRIDGE
-29.471190,-50.554289,-29.471228,-50.554177,BRIDGE
-29.471177,-50.554406,-29.471180,-50.554426,BRIDGE
-29.471069,-54.730838,-29.471068,-54.730931,BRIDGE
-29.471007,-52.877979,-29.471043,-52.877747,BRIDGE
-29.470788,-50.831755,-29.470697,-50.831801,BRIDGE
-29.470612,-51.953320,-29.468248,-51.954030,BRIDGE
-29.470578,-54.666966,-29.470505,-54.666811,BRIDGE
-29.470530,-52.793817,-29.470388,-52.793766,BRIDGE
-29.470221,-52.666861,-29.470285,-52.666815,BRIDGE
-29.470132,-50.419468,-29.470093,-50.419718,BRIDGE
-29.470023,-50.759780,-29.469922,-50.759581,BRIDGE
-29.469776,-53.471536,-29.469597,-53.471536,BRIDGE
-29.469438,-51.151721,-29.470019,-51.151354,BRIDGE
-29.469417,-54.621113,-29.469268,-54.620837,BRIDGE
-29.469401,-53.470320,-29.469618,-53.470318,BRIDGE
-29.469382,-52.354867,-29.469589,-52.354821,BRIDGE
-29.469224,-52.118253,-29.469152,-52.118321,BRIDGE
-29.469110,-52.130921,-29.469067,-52.131061,BRIDGE
-29.468660,-52.494137,-29.468646,-52.493897,BRIDGE
-29.468646,-56.475693,-29.467463,-56.475143,BRIDGE
-29.468528,-51.970908,-29.468504,-51.970958,BRIDGE
-29.468392,-53.466513,-29.468153,-53.466533,BRIDGE
-29.468370,-53.467585,-29.468203,-53.467417,BRIDGE
-29.468273,-51.954141,-29.470631,-51.953428,BRIDGE
-29.468263,-52.563813,-29.468068,-52.563585,BRIDGE
-29.468250,-54.318075,-29.468458,-54.317986,BRIDGE
-29.468188,-51.792094,-29.468261,-51.792149,BRIDGE
-29.468181,-51.782524,-29.468112,-51.782236,BRIDGE
-29.468165,-53.466642,-29.468402,-53.466627,BRIDGE
-29.468110,-51.792032,-29.468188,-51.792094,BRIDGE
-29.467952,-51.391109,-29.467933,-51.390934,BRIDGE
-29.467478,-50.793846,-29.467493,-50.793676,BRIDGE
-29.467306,-53.464147,-29.467140,-53.464130,BRIDGE
-29.467219,-51.807955,-29.467437,-51.808246,BRIDGE
-29.467111,-51.770444,-29.467242,-51.770440,BRIDGE
-29.466908,-51.775134,-29.466751,-51.775129,BRIDGE
-29.466895,-54.829663,-29.466762,-54.829674,BRIDGE
-29.466751,-51.849156,-29.466889,-51.849444,BRIDGE
-29.466749,-51.954654,-29.465917,-51.955000,BRIDGE
-29.466030,-51.417694,-29.466007,-51.417734,BRIDGE
-29.465988,-53.201622,-29.465912,-53.201625,BRIDGE
-29.465982,-52.882940,-29.466225,-52.882784,BRIDGE
-29.465977,-51.982906,-29.466093,-51.982913,BRIDGE
-29.465961,-51.955118,-29.466850,-51.954755,BRIDGE
-29.465751,-56.296277,-29.465753,-56.296614,BRIDGE
-29.465187,-51.417220,-29.465183,-51.417087,BRIDGE
-29.465116,-52.086433,-29.465012,-52.086432,BRIDGE
-29.464445,-51.961576,-29.464552,-51.962176,BRIDGE
-29.464392,-52.083854,-29.464096,-52.083856,BRIDGE
-29.464294,-51.993712,-29.463695,-51.993185,BRIDGE
-29.464156,-51.996095,-29.464127,-51.996083,BRIDGE
-29.463311,-54.093697,-29.463518,-54.093766,BRIDGE
-29.463044,-54.122312,-29.462538,-54.122469,BRIDGE
-29.462968,-50.795301,-29.462796,-50.795359,BRIDGE
-29.462958,-52.884436,-29.463017,-52.884355,BRIDGE
-29.462872,-49.822199,-29.462748,-49.822111,BRIDGE
-29.462870,-50.559349,-29.462811,-50.559277,BRIDGE
-29.462635,-53.462788,-29.462632,-53.462628,BRIDGE
-29.462591,-50.839036,-29.462389,-50.839149,BRIDGE
-29.462345,-51.813796,-29.462503,-51.813777,BRIDGE
-29.462322,-52.802973,-29.462174,-52.803010,BRIDGE
-29.461977,-52.491565,-29.461718,-52.491300,BRIDGE
-29.461933,-52.074920,-29.462162,-52.075077,BRIDGE
-29.461872,-51.140588,-29.462142,-51.140204,BRIDGE
-29.461824,-50.612299,-29.461826,-50.612177,TUNNEL
-29.461489,-51.064681,-29.461620,-51.064524,BRIDGE
-29.461292,-51.434561,-29.461230,-51.434487,BRIDGE
-29.461283,-53.307053,-29.461385,-53.306958,BRIDGE
-29.461140,-54.194280,-29.460985,-54.195233,BRIDGE
-29.460914,-54.543899,-29.460856,-54.543796,BRIDGE
-29.460855,-51.805696,-29.460727,-51.805700,BRIDGE
-29.460723,-54.622200,-29.460779,-54.622084,BRIDGE
-29.460658,-52.884783,-29.460758,-52.884780,BRIDGE
-29.460427,-51.352907,-29.460063,-51.352883,BRIDGE
-29.460380,-51.990128,-29.460300,-51.990036,BRIDGE
-29.460361,-51.768220,-29.460345,-51.768587,BRIDGE
-29.460186,-53.302829,-29.459873,-53.302588,BRIDGE
-29.460164,-56.106138,-29.460152,-56.105875,BRIDGE
-29.460079,-51.353014,-29.460418,-51.353032,BRIDGE
-29.460026,-52.004660,-29.459996,-52.004456,BRIDGE
-29.459996,-52.004456,-29.459973,-52.004292,BRIDGE
-29.459924,-52.010440,-29.460046,-52.010453,BRIDGE
-29.459534,-50.022754,-29.459297,-50.022781,BRIDGE
-29.459474,-52.198794,-29.459679,-52.198723,BRIDGE
-29.459340,-50.008219,-29.459130,-50.008086,BRIDGE
-29.459247,-51.084208,-29.459271,-51.084122,BRIDGE
-29.459161,-50.036566,-29.459376,-50.036580,BRIDGE
-29.459050,-51.956791,-29.458344,-51.956361,BRIDGE
-29.458877,-49.932315,-29.456823,-49.928422,BRIDGE
-29.458693,-50.758220,-29.458566,-50.758463,BRIDGE
-29.458581,-53.048958,-29.458683,-53.049017,BRIDGE
-29.458213,-54.672797,-29.458138,-54.672598,BRIDGE
-29.458134,-54.127976,-29.458151,-54.127640,BRIDGE
-29.458067,-51.060338,-29.458231,-51.060389,BRIDGE
-29.457850,-51.357466,-29.458019,-51.357385,BRIDGE
-29.457749,-51.436781,-29.457732,-51.436613,BRIDGE
-29.457556,-49.996934,-29.457740,-49.996795,BRIDGE
-29.457143,-51.133964,-29.456781,-51.134107,BRIDGE
-29.457043,-51.088469,-29.457314,-51.088258,BRIDGE
-29.457036,-53.083415,-29.457093,-53.083504,BRIDGE
-29.456723,-49.928496,-29.458774,-49.932411,BRIDGE
-29.456466,-54.047789,-29.456512,-54.047970,BRIDGE
-29.456338,-50.729940,-29.456153,-50.729785,BRIDGE
-29.456275,-51.440521,-29.456185,-51.440547,BRIDGE
-29.456081,-52.072767,-29.455996,-52.072765,BRIDGE
-29.455993,-49.987914,-29.456249,-49.987980,BRIDGE
-29.455882,-49.926774,-29.452708,-49.920760,BRIDGE
-29.455720,-53.495224,-29.456144,-53.495592,BRIDGE
-29.455645,-51.306063,-29.455025,-51.306117,BRIDGE
-29.455524,-51.805573,-29.455364,-51.805566,BRIDGE
-29.455194,-50.122830,-29.455263,-50.122470,BRIDGE
-29.455137,-54.774882,-29.455094,-54.774909,BRIDGE
-29.454898,-52.055400,-29.454709,-52.055414,BRIDGE
-29.454743,-50.560410,-29.454793,-50.560452,TUNNEL
-29.454599,-51.816580,-29.454600,-51.816724,BRIDGE
-29.454499,-52.043354,-29.454464,-52.043113,BRIDGE
-29.454303,-51.639126,-29.454090,-51.639173,BRIDGE
-29.454186,-52.217826,-29.454415,-52.217720,BRIDGE
-29.453926,-51.714552,-29.453937,-51.714265,BRIDGE
-29.453814,-50.761189,-29.453804,-50.760943,BRIDGE
-29.453814,-51.132096,-29.453973,-51.132454,BRIDGE
-29.453606,-52.217497,-29.453508,-52.217497,BRIDGE
-29.453588,-51.805158,-29.453581,-51.805062,BRIDGE
-29.453565,-52.018730,-29.453445,-52.018554,BRIDGE
-29.453437,-51.907264,-29.453443,-51.907766,BRIDGE
-29.453433,-54.779480,-29.453511,-54.779455,BRIDGE
-29.453416,-52.487381,-29.453257,-52.487105,BRIDGE
-29.453285,-51.095864,-29.452995,-51.096205,BRIDGE
-29.452637,-49.920829,-29.455816,-49.926838,BRIDGE
-29.452366,-54.309136,-29.452320,-54.309381,BRIDGE
-29.452334,-52.240133,-29.452232,-52.239940,BRIDGE
-29.452307,-51.669294,-29.451972,-51.669315,BRIDGE
-29.452264,-52.802900,-29.452156,-52.802668,BRIDGE
-29.452258,-56.572857,-29.452764,-56.572916,BRIDGE
-29.452255,-53.452975,-29.452065,-53.452862,BRIDGE
-29.452245,-51.714960,-29.452227,-51.714833,BRIDGE
-29.452147,-51.849606,-29.451997,-51.849280,BRIDGE
-29.451992,-51.965289,-29.451802,-51.965684,BRIDGE
-29.451973,-51.669369,-29.452305,-51.669366,BRIDGE
-29.451933,-51.802619,-29.452012,-51.802539,BRIDGE
-29.451906,-51.965798,-29.452100,-51.965361,BRIDGE
-29.451841,-51.423327,-29.451934,-51.423188,BRIDGE
-29.451825,-51.611774,-29.451864,-51.612049,BRIDGE
-29.451819,-51.667683,-29.451597,-51.667800,BRIDGE
-29.451786,-51.133870,-29.451716,-51.133711,BRIDGE
-29.451694,-51.713683,-29.451832,-51.713903,BRIDGE
-29.451576,-51.979323,-29.451384,-51.979816,BRIDGE
-29.451509,-51.801727,-29.451510,-51.801552,BRIDGE
-29.451431,-51.979869,-29.451615,-51.979381,BRIDGE
-29.451186,-52.025945,-29.451067,-52.025926,BRIDGE
-29.451151,-49.917836,-29.447095,-49.911653,BRIDGE
-29.451038,-50.600822,-29.451082,-50.600765,BRIDGE
-29.450871,-51.451679,-29.451015,-51.451808,BRIDGE
-29.450820,-51.681477,-29.450993,-51.681449,BRIDGE
-29.450814,-54.092808,-29.450497,-54.091785,BRIDGE
-29.450075,-51.801188,-29.450065,-51.800918,BRIDGE
-29.449984,-51.106523,-29.450050,-51.106882,BRIDGE
-29.449633,-51.377246,-29.449534,-51.377127,BRIDGE
-29.449298,-50.051143,-29.449254,-50.050954,BRIDGE
-29.449013,-52.114274,-29.448932,-52.114274,BRIDGE
-29.448927,-51.972877,-29.448910,-51.972778,BRIDGE
-29.448916,-51.349359,-29.448882,-51.349656,BRIDGE
-29.448596,-49.961277,-29.448872,-49.961066,BRIDGE
-29.448468,-52.407060,-29.448483,-52.407159,BRIDGE
-29.448377,-53.316797,-29.448667,-53.316947,BRIDGE
-29.448161,-54.798190,-29.448117,-54.798112,BRIDGE
-29.448011,-49.810794,-29.447889,-49.810726,BRIDGE
-29.447901,-54.130647,-29.447789,-54.130958,BRIDGE
-29.447068,-53.290427,-29.448428,-53.290750,BRIDGE
-29.447032,-51.973679,-29.447441,-51.974032,BRIDGE
-29.447023,-51.791239,-29.447021,-51.791100,BRIDGE
-29.447008,-49.911702,-29.451071,-49.917890,BRIDGE
-29.446958,-51.801435,-29.446956,-51.801194,BRIDGE
-29.446954,-51.135902,-29.446980,-51.135701,BRIDGE
-29.446952,-51.816777,-29.446953,-51.816886,BRIDGE
-29.446174,-54.706556,-29.446130,-54.706618,BRIDGE
-29.445800,-50.047324,-29.445624,-50.047215,BRIDGE
-29.445615,-51.134242,-29.445624,-51.134054,BRIDGE
-29.445430,-52.554082,-29.445183,-52.554163,BRIDGE
-29.445249,-51.739348,-29.445251,-51.739497,BRIDGE
-29.444856,-53.940017,-29.444810,-53.940080,BRIDGE
-29.444631,-52.220910,-29.444556,-52.220860,BRIDGE
-29.444582,-51.980418,-29.444671,-51.980181,BRIDGE
-29.444573,-51.980139,-29.444485,-51.980380,BRIDGE
-29.444547,-52.108050,-29.444711,-52.107889,BRIDGE
-29.444522,-49.952880,-29.444267,-49.952984,BRIDGE
-29.444242,-50.046668,-29.444121,-50.046519,BRIDGE
-29.443830,-54.497940,-29.443413,-54.497763,BRIDGE
-29.443421,-51.692285,-29.443375,-51.692478,BRIDGE
-29.442633,-50.188171,-29.442466,-50.188471,BRIDGE
-29.442336,-54.504204,-29.442128,-54.504114,BRIDGE
-29.442083,-54.623897,-29.442302,-54.623964,BRIDGE
-29.441765,-51.391377,-29.441766,-51.391485,BRIDGE
-29.441736,-50.554941,-29.441733,-50.554767,BRIDGE
-29.441455,-52.094497,-29.441065,-52.094252,BRIDGE
-29.441431,-54.634178,-29.441263,-54.634178,BRIDGE
-29.441307,-51.989107,-29.440833,-51.988787,BRIDGE
-29.441244,-49.942212,-29.441339,-49.942186,BRIDGE
-29.440701,-51.456127,-29.440427,-51.456125,BRIDGE
-29.440265,-51.145294,-29.440250,-51.145131,BRIDGE
-29.440033,-51.282600,-29.439891,-51.282603,BRIDGE
-29.439840,-54.575505,-29.439714,-54.575521,BRIDGE
-29.439113,-50.134019,-29.439526,-50.134442,BRIDGE
-29.438569,-49.898943,-29.435994,-49.894411,BRIDGE
-29.438106,-51.969928,-29.438655,-51.970056,BRIDGE
-29.438056,-52.749864,-29.437978,-52.749620,BRIDGE
-29.437510,-53.352002,-29.437464,-53.351719,BRIDGE
-29.437406,-53.501271,-29.437520,-53.501434,BRIDGE
-29.437361,-51.799117,-29.437168,-51.799112,BRIDGE
-29.437172,-51.020835,-29.436967,-51.020784,BRIDGE
-29.437101,-53.354225,-29.436978,-53.354302,BRIDGE
-29.436927,-51.395564,-29.436849,-51.395500,BRIDGE
-29.436717,-50.865178,-29.436624,-50.865302,BRIDGE
-29.436536,-50.122915,-29.436881,-50.122363,BRIDGE
-29.436497,-51.484412,-29.436226,-51.483975,BRIDGE
-29.436234,-52.741898,-29.436194,-52.741640,BRIDGE
-29.436103,-53.485780,-29.435849,-53.485980,BRIDGE
-29.435994,-49.894411,-29.435738,-49.894174,BRIDGE
-29.435832,-49.936547,-29.436064,-49.936279,BRIDGE
-29.435676,-50.123598,-29.435811,-50.123649,BRIDGE
-29.435664,-49.894298,-29.438557,-49.899367,BRIDGE
-29.435318,-54.519479,-29.435229,-54.519527,BRIDGE
-29.435295,-50.974882,-29.435213,-50.974732,BRIDGE
-29.434719,-52.992715,-29.434679,-52.992683,BRIDGE
-29.434510,-53.020814,-29.434717,-53.020732,BRIDGE
-29.434079,-51.130910,-29.434009,-51.130808,BRIDGE
-29.434014,-49.801178,-29.433929,-49.801112,BRIDGE
-29.433635,-52.069659,-29.433522,-52.069814,BRIDGE
-29.433321,-49.919563,-29.433845,-49.919461,BRIDGE
-29.433205,-53.021744,-29.433299,-53.021587,BRIDGE
-29.432982,-53.006417,-29.432921,-53.006491,BRIDGE
-29.432591,-50.808960,-29.432706,-50.809187,BRIDGE
-29.432423,-54.860965,-29.432137,-54.860597,BRIDGE
-29.432282,-49.928077,-29.432344,-49.928222,BRIDGE
-29.432130,-50.111889,-29.431697,-50.111907,BRIDGE
-29.431689,-51.685194,-29.431935,-51.684865,BRIDGE
-29.431584,-54.196630,-29.431913,-54.196291,BRIDGE
-29.431415,-56.296465,-29.431303,-56.296565,BRIDGE
-29.431285,-52.012692,-29.431140,-52.012974,BRIDGE
-29.431211,-52.013035,-29.431372,-52.012731,BRIDGE
-29.429965,-50.096840,-29.430308,-50.096883,BRIDGE
-29.429939,-50.183396,-29.430198,-50.183353,BRIDGE
-29.429903,-50.090482,-29.430025,-50.090542,BRIDGE
-29.429890,-51.803774,-29.430001,-51.803784,BRIDGE
-29.429142,-51.019138,-29.429124,-51.019008,BRIDGE
-29.429107,-54.642389,-29.429114,-54.642198,BRIDGE
-29.428513,-54.452335,-29.428525,-54.452185,BRIDGE
-29.428456,-51.667142,-29.428738,-51.666950,BRIDGE
-29.428382,-52.061006,-29.428600,-52.061090,BRIDGE
-29.428137,-51.129194,-29.428312,-51.129187,BRIDGE
-29.427781,-51.803803,-29.427854,-51.803685,BRIDGE
-29.426969,-53.115731,-29.427149,-53.115809,BRIDGE
-29.426908,-50.180203,-29.427040,-50.180304,BRIDGE
-29.426714,-50.174566,-29.426703,-50.174146,BRIDGE
-29.426611,-51.019830,-29.426635,-51.019716,BRIDGE
-29.426431,-52.127056,-29.426960,-52.127201,BRIDGE
-29.426405,-50.874991,-29.426392,-50.875061,BRIDGE
-29.426348,-52.078237,-29.426357,-52.078022,BRIDGE
-29.426266,-53.024754,-29.426259,-53.024900,BRIDGE
-29.425880,-53.126243,-29.426037,-53.126262,BRIDGE
-29.425671,-51.671191,-29.425809,-51.671314,BRIDGE
-29.425429,-51.549016,-29.425524,-51.548753,BRIDGE
-29.425330,-54.568436,-29.425154,-54.568922,BRIDGE
-29.425168,-50.086746,-29.425143,-50.086635,BRIDGE
-29.425161,-54.212228,-29.425261,-54.212386,BRIDGE
-29.425089,-52.050170,-29.425210,-52.050168,BRIDGE
-29.424747,-53.132922,-29.424901,-53.132899,BRIDGE
-29.424700,-52.007950,-29.424852,-52.007971,BRIDGE
-29.424684,-53.494062,-29.424487,-53.494342,BRIDGE
-29.424626,-50.514796,-29.424250,-50.514572,BRIDGE
-29.424610,-52.055635,-29.424326,-52.055729,BRIDGE
-29.424565,-51.805304,-29.424658,-51.805308,BRIDGE
-29.424261,-54.439073,-29.424471,-54.438958,BRIDGE
-29.424250,-50.172120,-29.423983,-50.172095,BRIDGE
-29.424229,-50.188718,-29.424113,-50.188686,BRIDGE
-29.423814,-50.779155,-29.423802,-50.778921,BRIDGE
-29.423696,-53.128355,-29.423628,-53.128487,BRIDGE
-29.423293,-53.127075,-29.423378,-53.127134,BRIDGE
-29.422967,-51.956634,-29.422739,-51.956717,BRIDGE
-29.422707,-54.443737,-29.422603,-54.443826,BRIDGE
-29.422411,-52.624932,-29.422462,-52.624627,BRIDGE
-29.422088,-49.973870,-29.422236,-49.973862,BRIDGE
-29.421722,-51.342002,-29.421618,-51.341997,BRIDGE
-29.421610,-51.649524,-29.421940,-51.649186,BRIDGE
-29.421368,-51.958970,-29.420409,-51.958738,BRIDGE
-29.421098,-50.866018,-29.421304,-50.866184,BRIDGE
-29.420986,-49.968614,-29.421123,-49.968547,BRIDGE
-29.420910,-51.966067,-29.422268,-51.966403,BRIDGE
-29.420871,-53.135562,-29.420899,-53.135689,BRIDGE
-29.420689,-50.167556,-29.421162,-50.166779,BRIDGE
-29.420675,-51.645952,-29.420797,-51.646229,BRIDGE
-29.420624,-50.506022,-29.378128,-50.460633,BRIDGE
-29.420598,-51.766284,-29.420215,-51.766293,BRIDGE
-29.420219,-51.766372,-29.420604,-51.766356,BRIDGE
-29.419840,-51.765986,-29.419834,-51.765762,BRIDGE
-29.419802,-51.287441,-29.420138,-51.287674,BRIDGE
-29.419632,-53.024597,-29.419673,-53.024458,BRIDGE
-29.419407,-54.050733,-29.418974,-54.050098,BRIDGE
-29.418981,-50.987403,-29.418907,-50.987417,BRIDGE
-29.418486,-53.139504,-29.418347,-53.139653,BRIDGE
-29.418400,-52.001926,-29.418273,-52.001908,BRIDGE
-29.417993,-51.546405,-29.418105,-51.546337,BRIDGE
-29.417830,-52.560450,-29.417720,-52.560568,BRIDGE
-29.417747,-54.644349,-29.417298,-54.644342,BRIDGE
-29.417517,-50.074667,-29.417865,-50.074538,BRIDGE
-29.417432,-51.763608,-29.417432,-51.763300,BRIDGE
-29.417410,-51.351936,-29.417264,-51.351551,BRIDGE
-29.417213,-52.024256,-29.417147,-52.024831,BRIDGE
-29.416750,-54.587769,-29.416608,-54.587574,BRIDGE
-29.416735,-51.003099,-29.416883,-51.003079,BRIDGE
-29.416271,-52.011784,-29.416212,-52.011783,BRIDGE
-29.416154,-49.953308,-29.416371,-49.953247,BRIDGE
-29.416059,-50.172547,-29.416039,-50.172176,BRIDGE
-29.415932,-51.033514,-29.415961,-51.033573,BRIDGE
-29.415674,-52.286374,-29.415594,-52.286405,BRIDGE
-29.415504,-53.023167,-29.415525,-53.022954,BRIDGE
-29.415456,-51.763903,-29.415453,-51.763828,BRIDGE
-29.415318,-53.329112,-29.415527,-53.329489,BRIDGE
-29.415093,-54.824913,-29.415118,-54.824859,BRIDGE
-29.414951,-52.044974,-29.415009,-52.044742,BRIDGE
-29.414573,-52.558875,-29.414657,-52.558551,BRIDGE
-29.414442,-52.012733,-29.414336,-52.012757,BRIDGE
-29.414213,-53.144958,-29.414365,-53.145049,BRIDGE
-29.414152,-51.952028,-29.414112,-51.951936,BRIDGE
-29.414084,-54.220512,-29.414183,-54.220355,BRIDGE
-29.413569,-53.022792,-29.413626,-53.022607,BRIDGE
-29.413475,-56.690285,-29.414303,-56.691078,BRIDGE
-29.413396,-51.347768,-29.413318,-51.347738,BRIDGE
-29.413371,-54.654470,-29.413207,-54.654351,BRIDGE
-29.412600,-51.001746,-29.412617,-51.001653,BRIDGE
-29.412168,-52.156496,-29.412167,-52.156395,BRIDGE
-29.412066,-52.014780,-29.411976,-52.014792,BRIDGE
-29.411888,-52.475944,-29.411498,-52.475853,BRIDGE
-29.411746,-54.826227,-29.411738,-54.826126,BRIDGE
-29.411657,-51.522776,-29.411527,-51.522772,BRIDGE
-29.411493,-51.984294,-29.412236,-51.983952,BRIDGE
-29.411407,-52.027705,-29.410992,-52.028205,BRIDGE
-29.411361,-49.980898,-29.411256,-49.980861,BRIDGE
-29.411077,-49.990161,-29.411217,-49.990224,BRIDGE
-29.411066,-52.028288,-29.411619,-52.027657,BRIDGE
-29.411031,-51.437265,-29.410935,-51.437381,BRIDGE
-29.410867,-54.826284,-29.410866,-54.826190,BRIDGE
-29.410728,-54.279855,-29.410748,-54.280100,BRIDGE
-29.410511,-51.438277,-29.410435,-51.438279,BRIDGE
-29.410332,-53.022304,-29.410476,-53.022532,BRIDGE
-29.410272,-51.554796,-29.410228,-51.554937,BRIDGE
-29.410228,-51.554937,-29.410164,-51.555190,BRIDGE
-29.410143,-53.166648,-29.410145,-53.166401,BRIDGE
-29.410045,-53.032372,-29.410375,-53.032269,BRIDGE
-29.409958,-54.827122,-29.409959,-54.827028,BRIDGE
-29.409754,-50.925611,-29.409585,-50.925757,BRIDGE
-29.409566,-53.028600,-29.409368,-53.028812,BRIDGE
-29.409479,-50.056215,-29.409372,-50.056308,BRIDGE
-29.409042,-52.475027,-29.408799,-52.474705,BRIDGE
-29.409036,-51.529639,-29.408952,-51.529662,BRIDGE
-29.409028,-54.828904,-29.409028,-54.828999,BRIDGE
-29.408908,-54.593248,-29.408963,-54.593143,BRIDGE
-29.408804,-50.916371,-29.408840,-50.916397,BRIDGE
-29.408647,-51.349486,-29.408888,-51.349851,BRIDGE
-29.408229,-53.019910,-29.408107,-53.019849,BRIDGE
-29.408125,-51.631573,-29.408256,-51.631768,BRIDGE
-29.408125,-54.829225,-29.408124,-54.829322,BRIDGE
-29.407874,-53.015826,-29.407928,-53.016022,BRIDGE
-29.407623,-51.118746,-29.407442,-51.118775,BRIDGE
-29.407452,-54.829583,-29.407470,-54.829672,BRIDGE
-29.407385,-54.655550,-29.407080,-54.655742,BRIDGE
-29.406861,-54.294088,-29.406775,-54.294200,BRIDGE
-29.406585,-54.566706,-29.406226,-54.566782,BRIDGE
-29.406327,-51.873097,-29.406079,-51.873180,TUNNEL
-29.406323,-51.944732,-29.406912,-51.944999,BRIDGE
-29.406310,-50.447298,-29.406247,-50.447221,BRIDGE
-29.406064,-52.055400,-29.405739,-52.055171,BRIDGE
-29.405889,-51.524859,-29.406044,-51.524835,BRIDGE
-29.405591,-50.292961,-29.405663,-50.292777,BRIDGE
-29.405369,-54.212927,-29.405392,-54.213125,BRIDGE
-29.404308,-54.539055,-29.404112,-54.539130,BRIDGE
-29.404276,-54.605207,-29.404308,-54.605371,BRIDGE
-29.404160,-51.515071,-29.404044,-51.515088,BRIDGE
-29.404136,-50.759776,-29.404134,-50.760130,BRIDGE
-29.404086,-51.615901,-29.404189,-51.616060,BRIDGE
-29.403824,-51.558821,-29.403870,-51.558728,BRIDGE
-29.403697,-55.578884,-29.403426,-55.579074,BRIDGE
-29.403110,-52.060741,-29.403204,-52.060566,BRIDGE
-29.402919,-56.680092,-29.411433,-56.688291,BRIDGE
-29.402755,-50.052554,-29.402881,-50.052554,BRIDGE
-29.402669,-50.864737,-29.402718,-50.864768,TUNNEL
-29.401853,-51.756498,-29.401802,-51.756470,BRIDGE
-29.401826,-50.864790,-29.401923,-50.864613,TUNNEL
-29.401697,-50.866391,-29.401784,-50.866225,TUNNEL
-29.401383,-51.255047,-29.400870,-51.255443,BRIDGE
-29.401256,-51.950059,-29.401187,-51.949957,BRIDGE
-29.400770,-53.175462,-29.400728,-53.175285,BRIDGE
-29.400673,-50.910985,-29.400764,-50.911035,BRIDGE
-29.400473,-50.867146,-29.400418,-50.867014,TUNNEL
-29.400367,-50.867047,-29.400423,-50.867174,TUNNEL
-29.400288,-51.607957,-29.400539,-51.608005,BRIDGE
-29.400196,-54.839347,-29.400133,-54.839413,BRIDGE
-29.400026,-51.950727,-29.400464,-51.951041,BRIDGE
-29.399756,-52.138583,-29.399521,-52.138457,BRIDGE
-29.399713,-52.142092,-29.399784,-52.141974,BRIDGE
-29.399035,-51.609880,-29.399134,-51.609795,BRIDGE
-29.398856,-49.917245,-29.399046,-49.916823,BRIDGE
-29.398564,-51.944449,-29.398442,-51.944380,BRIDGE
-29.398525,-51.932474,-29.398211,-51.931567,BRIDGE
-29.398156,-51.368812,-29.398185,-51.368820,BRIDGE
-29.397962,-51.360630,-29.397970,-51.360361,BRIDGE
-29.397832,-51.359415,-29.397775,-51.359373,BRIDGE
-29.397669,-52.071816,-29.397737,-52.071770,BRIDGE
-29.397221,-52.145186,-29.397134,-52.145256,BRIDGE
-29.397050,-51.972778,-29.397105,-51.972690,BRIDGE
-29.396242,-51.246865,-29.396158,-51.246719,BRIDGE
-29.396229,-51.262548,-29.396223,-51.262750,BRIDGE
-29.396202,-54.844201,-29.396176,-54.844136,BRIDGE
-29.394970,-54.846504,-29.395008,-54.846586,BRIDGE
-29.394629,-52.011332,-29.394711,-52.011358,BRIDGE
-29.394320,-52.128160,-29.394402,-52.128164,BRIDGE
-29.394276,-51.355229,-29.394149,-51.355246,BRIDGE
-29.394039,-51.955782,-29.394093,-51.956011,BRIDGE
-29.393914,-50.414468,-29.393930,-50.414382,BRIDGE
-29.393557,-49.843507,-29.393334,-49.843569,TUNNEL
-29.393391,-50.746425,-29.393525,-50.746485,BRIDGE
-29.393309,-54.727201,-29.393370,-54.727202,BRIDGE
-29.393203,-51.086530,-29.393183,-51.086713,BRIDGE
-29.393146,-51.944544,-29.392625,-51.943858,BRIDGE
-29.393135,-50.748011,-29.393188,-50.748175,BRIDGE
-29.393091,-52.017018,-29.393071,-52.016924,BRIDGE
-29.392820,-54.695969,-29.392726,-54.695971,BRIDGE
-29.392737,-49.945380,-29.392664,-49.945328,BRIDGE
-29.392224,-52.075629,-29.392373,-52.076054,BRIDGE
-29.392189,-49.949916,-29.392221,-49.950057,BRIDGE
-29.392183,-51.357992,-29.392367,-51.358305,BRIDGE
-29.391752,-49.957629,-29.391652,-49.957599,BRIDGE
-29.391696,-49.957228,-29.391773,-49.957233,BRIDGE
-29.391673,-49.943412,-29.391563,-49.943488,BRIDGE
-29.390988,-54.745894,-29.390305,-54.745719,BRIDGE
-29.390894,-50.686123,-29.390735,-50.686137,BRIDGE
-29.390891,-52.122927,-29.390781,-52.122757,BRIDGE
-29.390884,-50.846179,-29.391055,-50.846135,BRIDGE
-29.390767,-49.939977,-29.390696,-49.939905,BRIDGE
-29.390642,-49.935772,-29.390707,-49.935684,BRIDGE
-29.390603,-54.510883,-29.390488,-54.510580,BRIDGE
-29.390457,-50.183746,-29.390948,-50.183487,BRIDGE
-29.390219,-51.076790,-29.390176,-51.076494,BRIDGE
-29.390051,-53.399976,-29.390028,-53.399756,BRIDGE
-29.389996,-51.918394,-29.390092,-51.918236,BRIDGE
-29.389211,-51.996288,-29.389242,-51.996180,BRIDGE
-29.388735,-49.925671,-29.388880,-49.925566,BRIDGE
-29.388683,-50.185130,-29.391181,-50.183846,BRIDGE
-29.388558,-50.498705,-29.388452,-50.498011,BRIDGE
-29.387852,-51.266581,-29.387779,-51.266602,BRIDGE
-29.387803,-51.266650,-29.387864,-51.266626,BRIDGE
-29.387580,-49.837597,-29.387371,-49.837362,BRIDGE
-29.387508,-51.347629,-29.387291,-51.347645,BRIDGE
-29.387483,-49.896440,-29.387508,-49.896254,BRIDGE
-29.387313,-49.837437,-29.387517,-49.837659,BRIDGE
-29.387134,-53.046281,-29.387005,-53.046213,BRIDGE
-29.386848,-53.528155,-29.386782,-53.528175,BRIDGE
-29.386810,-54.778768,-29.386950,-54.778543,BRIDGE
-29.386737,-53.064164,-29.386561,-53.064286,BRIDGE
-29.386122,-52.969281,-29.386268,-52.969346,BRIDGE
-29.385877,-51.868777,-29.385895,-51.868994,BRIDGE
-29.385863,-50.255085,-29.385763,-50.255073,BRIDGE
-29.385802,-51.382302,-29.385733,-51.382387,BRIDGE
-29.385596,-50.851195,-29.385530,-50.851074,BRIDGE
-29.385589,-51.182713,-29.385464,-51.182575,BRIDGE
-29.385538,-52.114082,-29.385407,-52.114050,BRIDGE
-29.385070,-51.094808,-29.385035,-51.094868,BRIDGE
-29.385011,-51.362898,-29.384283,-51.363251,BRIDGE
-29.384790,-50.750437,-29.384718,-50.750354,BRIDGE
-29.384760,-50.534152,-29.384710,-50.533898,BRIDGE
-29.384734,-51.964663,-29.384578,-51.964792,BRIDGE
-29.384657,-51.951280,-29.384655,-51.951073,BRIDGE
-29.384342,-51.369285,-29.384076,-51.369424,BRIDGE
-29.384315,-51.363363,-29.385073,-51.363016,BRIDGE
-29.384269,-54.801172,-29.384182,-54.801026,BRIDGE
-29.384214,-50.188893,-29.384604,-50.188355,BRIDGE
-29.384074,-54.585032,-29.384304,-54.585150,BRIDGE
-29.383915,-50.749433,-29.384014,-50.749192,BRIDGE
-29.383551,-54.058205,-29.383532,-54.058247,BRIDGE
-29.383329,-51.119227,-29.383229,-51.119596,BRIDGE
-29.383288,-51.119616,-29.383388,-51.119248,BRIDGE
-29.383082,-54.745773,-29.381339,-54.747757,BRIDGE
-29.383081,-51.368999,-29.383078,-51.369385,BRIDGE
-29.382819,-50.173963,-29.382973,-50.174154,BRIDGE
-29.382771,-50.748300,-29.382727,-50.747969,BRIDGE
-29.382733,-53.042803,-29.382852,-53.042765,BRIDGE
-29.382145,-50.173340,-29.382242,-50.173412,BRIDGE
-29.381913,-51.269743,-29.382062,-51.269623,BRIDGE
-29.381148,-49.978920,-29.381372,-49.978991,BRIDGE
-29.380273,-52.317654,-29.380235,-52.317600,BRIDGE
-29.380239,-52.106609,-29.379868,-52.107126,BRIDGE
-29.380090,-52.541208,-29.380338,-52.541245,BRIDGE
-29.379995,-51.963481,-29.380064,-51.963540,BRIDGE
-29.379690,-50.197777,-29.379693,-50.196480,TUNNEL
-29.379604,-50.196139,-29.379300,-50.198011,TUNNEL
-29.378992,-51.949013,-29.379016,-51.948947,BRIDGE
-29.378787,-50.897195,-29.378721,-50.897392,BRIDGE
-29.378589,-52.893304,-29.378736,-52.893008,BRIDGE
-29.378555,-51.935453,-29.378524,-51.935506,BRIDGE
-29.378213,-52.081351,-29.378226,-52.081751,BRIDGE
-29.378128,-50.460633,-29.378080,-50.460479,BRIDGE
-29.378080,-50.460479,-29.370336,-50.449189,BRIDGE
-29.377794,-54.628657,-29.377706,-54.628653,BRIDGE
-29.377180,-51.578223,-29.377204,-51.578315,BRIDGE
-29.377147,-49.971360,-29.377016,-49.971629,BRIDGE
-29.377047,-51.578302,-29.376998,-51.578238,BRIDGE
-29.376959,-50.852848,-29.377064,-50.852805,BRIDGE
-29.376217,-51.191281,-29.376196,-51.191128,BRIDGE
-29.374834,-56.327317,-29.374879,-56.327191,BRIDGE
-29.374576,-51.968598,-29.374523,-51.968528,BRIDGE
-29.374296,-53.156198,-29.374240,-53.156080,BRIDGE
-29.374267,-51.947605,-29.374217,-51.947531,BRIDGE
-29.373919,-51.368006,-29.373574,-51.368824,BRIDGE
-29.373666,-56.330324,-29.373726,-56.330258,BRIDGE
-29.373172,-50.184460,-29.372938,-50.185087,BRIDGE
-29.373134,-51.839614,-29.373161,-51.839703,BRIDGE
-29.373064,-50.187251,-29.373098,-50.188088,BRIDGE
-29.372791,-51.841555,-29.372932,-51.841599,BRIDGE
-29.372330,-53.074340,-29.372439,-53.074605,BRIDGE
-29.372176,-51.582594,-29.372210,-51.582627,BRIDGE
-29.372139,-49.956189,-29.372383,-49.956242,BRIDGE
-29.371691,-52.463471,-29.371795,-52.463422,BRIDGE
-29.370329,-52.993762,-29.370389,-52.993704,BRIDGE
-29.369926,-54.889762,-29.369787,-54.889765,BRIDGE
-29.369856,-51.874922,-29.370041,-51.874778,BRIDGE
-29.369577,-51.199095,-29.369642,-51.199217,BRIDGE
-29.369555,-52.946346,-29.369600,-52.946315,BRIDGE
-29.369402,-50.881918,-29.369421,-50.881813,TUNNEL
-29.369105,-51.973570,-29.369196,-51.973592,BRIDGE
-29.368700,-50.185165,-29.367360,-50.188252,TUNNEL
-29.368208,-51.545408,-29.368209,-51.545311,BRIDGE
-29.368144,-51.376905,-29.368409,-51.377349,BRIDGE
-29.368137,-51.012491,-29.368083,-51.012456,BRIDGE
-29.368095,-50.187419,-29.367446,-50.187970,BRIDGE
-29.368073,-51.377929,-29.367836,-51.377988,TUNNEL
-29.368017,-50.187077,-29.367935,-50.186968,TUNNEL
-29.367990,-50.732153,-29.367800,-50.732327,BRIDGE
-29.367891,-56.424354,-29.367677,-56.424261,BRIDGE
-29.367731,-54.889587,-29.367473,-54.889754,BRIDGE
-29.367513,-54.737053,-29.367518,-54.736297,BRIDGE
-29.367446,-50.187970,-29.368807,-50.185258,TUNNEL
-29.367360,-50.188252,-29.368167,-50.187517,BRIDGE
-29.367324,-51.376530,-29.366827,-51.376908,BRIDGE
-29.367177,-51.952292,-29.367310,-51.952350,BRIDGE
-29.366994,-51.822403,-29.366833,-51.822429,BRIDGE
-29.366392,-51.377275,-29.366113,-51.377493,BRIDGE
-29.365914,-51.978197,-29.365859,-51.978147,BRIDGE
-29.365675,-54.502703,-29.365775,-54.504908,BRIDGE
-29.365641,-52.223511,-29.365757,-52.223534,BRIDGE
-29.365465,-51.651632,-29.365266,-51.651229,BRIDGE
-29.365460,-50.775439,-29.365298,-50.775179,BRIDGE
-29.365285,-51.376269,-29.365298,-51.376599,BRIDGE
-29.364958,-54.010811,-29.365203,-54.011285,BRIDGE
-29.364784,-52.468360,-29.364803,-52.468265,BRIDGE
-29.364640,-49.935766,-29.364527,-49.935816,BRIDGE
-29.363828,-50.522502,-29.363571,-50.522389,BRIDGE
-29.363738,-52.938491,-29.363798,-52.938496,BRIDGE
-29.363274,-51.951983,-29.363301,-51.951847,BRIDGE
-29.362904,-54.762049,-29.363157,-54.760891,BRIDGE
-29.362337,-55.430279,-29.362653,-55.430128,BRIDGE
-29.362148,-51.694355,-29.362086,-51.694559,BRIDGE
-29.362124,-51.880710,-29.361982,-51.880462,BRIDGE
-29.362023,-54.734509,-29.361834,-54.734488,BRIDGE
-29.361839,-52.125383,-29.362152,-52.126022,BRIDGE
-29.361162,-52.834859,-29.361174,-52.834795,BRIDGE
-29.361098,-52.192478,-29.361038,-52.192549,BRIDGE
-29.361016,-53.057177,-29.361335,-53.057299,BRIDGE
-29.361003,-52.874737,-29.360856,-52.874595,BRIDGE
-29.360856,-52.470772,-29.360872,-52.470868,BRIDGE
-29.360264,-50.762226,-29.360165,-50.762102,BRIDGE
-29.360031,-51.952425,-29.360077,-51.952488,BRIDGE
-29.360026,-49.933212,-29.360147,-49.933501,BRIDGE
-29.359955,-51.985556,-29.359882,-51.985488,BRIDGE
-29.359886,-51.792508,-29.360173,-51.792332,BRIDGE
-29.359801,-56.233392,-29.359784,-56.233471,BRIDGE
-29.359657,-51.911878,-29.359526,-51.911943,BRIDGE
-29.359375,-52.067129,-29.358923,-52.067318,BRIDGE
-29.358946,-52.067415,-29.359434,-52.067224,BRIDGE
-29.358459,-54.444396,-29.358667,-54.444282,BRIDGE
-29.358349,-51.562703,-29.358405,-51.562646,BRIDGE
-29.357704,-52.869469,-29.357759,-52.869241,BRIDGE
-29.357022,-54.416933,-29.356830,-54.417133,BRIDGE
-29.356889,-51.953664,-29.356958,-51.953803,BRIDGE
-29.356277,-49.933562,-29.356382,-49.933386,BRIDGE
-29.356265,-52.220413,-29.356225,-52.220661,BRIDGE
-29.356142,-51.213699,-29.356749,-51.213966,BRIDGE
-29.355772,-52.068824,-29.355366,-52.069071,BRIDGE
-29.355723,-51.776315,-29.355733,-51.776416,BRIDGE
-29.355470,-51.776909,-29.355552,-51.776915,BRIDGE
-29.355424,-52.069226,-29.355852,-52.068956,BRIDGE
-29.355348,-50.174620,-29.356742,-50.177070,BRIDGE
-29.354898,-51.955971,-29.354982,-51.956101,BRIDGE
-29.354817,-51.989943,-29.354812,-51.989850,BRIDGE
-29.354557,-51.730003,-29.354790,-51.730004,BRIDGE
-29.354161,-51.433988,-29.354192,-51.433824,BRIDGE
-29.354053,-51.782646,-29.354285,-51.782642,BRIDGE
-29.353730,-51.778173,-29.353710,-51.777869,BRIDGE
-29.353689,-51.389105,-29.353373,-51.389159,BRIDGE
-29.353554,-52.169734,-29.353645,-52.169757,BRIDGE
-29.353469,-51.992300,-29.353406,-51.992295,BRIDGE
-29.353407,-51.956966,-29.353521,-51.956905,BRIDGE
-29.352882,-52.267791,-29.352838,-52.267886,BRIDGE
-29.352872,-49.739170,-29.352750,-49.739332,TUNNEL
-29.352770,-51.993525,-29.352728,-51.993466,BRIDGE
-29.352659,-54.475673,-29.352967,-54.475736,BRIDGE
-29.350652,-51.678340,-29.350368,-51.678083,BRIDGE
-29.350303,-51.585301,-29.350543,-51.585695,BRIDGE
-29.350253,-50.171495,-29.350796,-50.171076,BRIDGE
-29.350198,-54.210416,-29.350216,-54.210621,BRIDGE
-29.350105,-50.836383,-29.350316,-50.836388,TUNNEL
-29.350035,-52.055589,-29.349961,-52.055632,BRIDGE
-29.349359,-51.771079,-29.349602,-51.770950,BRIDGE
-29.349062,-54.101970,-29.349311,-54.101960,BRIDGE
-29.348855,-52.071331,-29.348443,-52.071431,BRIDGE
-29.348829,-51.677774,-29.348588,-51.677822,BRIDGE
-29.348743,-54.811144,-29.348917,-54.811251,BRIDGE
-29.348696,-52.651693,-29.348769,-52.651577,TUNNEL
-29.348470,-52.071593,-29.348901,-52.071527,BRIDGE
-29.348187,-52.160858,-29.348146,-52.160925,BRIDGE
-29.347901,-51.753103,-29.347859,-51.752891,BRIDGE
-29.346857,-52.160536,-29.346446,-52.160382,BRIDGE
-29.346361,-52.966727,-29.346359,-52.966863,BRIDGE
-29.345498,-51.411782,-29.345401,-51.411790,BRIDGE
-29.345173,-54.389563,-29.345055,-54.389637,BRIDGE
-29.345044,-51.405219,-29.344975,-51.405025,BRIDGE
-29.344932,-52.072956,-29.344509,-52.073291,BRIDGE
-29.344624,-52.073376,-29.345028,-52.073047,BRIDGE
-29.344571,-54.805143,-29.344943,-54.804658,BRIDGE
-29.344566,-52.985148,-29.344507,-52.985269,BRIDGE
-29.344410,-51.967748,-29.344527,-51.967941,BRIDGE
-29.344249,-50.924293,-29.344343,-50.924410,BRIDGE
-29.344107,-50.926541,-29.344031,-50.926602,BRIDGE
-29.344075,-53.993904,-29.344067,-53.993726,BRIDGE
-29.343891,-54.592895,-29.343795,-54.592509,BRIDGE
-29.343528,-50.696639,-29.343383,-50.696677,BRIDGE
-29.342359,-51.233810,-29.342208,-51.233865,BRIDGE
-29.342252,-51.134717,-29.342212,-51.134664,BRIDGE
-29.342203,-51.761238,-29.342265,-51.760903,BRIDGE
-29.341764,-51.966031,-29.341822,-51.965987,BRIDGE
-29.341619,-51.647695,-29.341588,-51.647639,BRIDGE
-29.341160,-51.672541,-29.341189,-51.672436,BRIDGE
-29.340197,-51.408457,-29.339936,-51.408748,BRIDGE
-29.340073,-51.964551,-29.340161,-51.964550,BRIDGE
-29.339961,-52.880129,-29.339915,-52.880276,BRIDGE
-29.339910,-51.896502,-29.339881,-51.896414,BRIDGE
-29.339727,-52.163170,-29.339827,-52.163099,BRIDGE
-29.339234,-50.966723,-29.339281,-50.966574,BRIDGE
-29.339191,-49.939529,-29.339264,-49.939387,BRIDGE
-29.338913,-52.288036,-29.339023,-52.288203,BRIDGE
-29.338765,-49.736483,-29.338824,-49.736516,BRIDGE
-29.338671,-52.297594,-29.338506,-52.297660,BRIDGE
-29.338214,-54.622677,-29.338136,-54.622526,BRIDGE
-29.338151,-51.239399,-29.337966,-51.239237,BRIDGE
-29.338037,-51.647742,-29.337985,-51.647466,BRIDGE
-29.337870,-52.303646,-29.337794,-52.303593,BRIDGE
-29.337630,-50.966815,-29.337573,-50.966865,BRIDGE
-29.337532,-52.309415,-29.337580,-52.309471,BRIDGE
-29.337443,-56.307610,-29.337525,-56.307544,BRIDGE
-29.337301,-52.308664,-29.337304,-52.308757,BRIDGE
-29.337298,-52.857018,-29.337183,-52.857236,BRIDGE
-29.337188,-49.738018,-29.337146,-49.737997,BRIDGE
-29.337135,-51.366645,-29.337000,-51.366810,BRIDGE
-29.337102,-51.366994,-29.337161,-51.366680,BRIDGE
-29.336961,-54.805621,-29.337711,-54.805759,BRIDGE
-29.336531,-50.849128,-29.336288,-50.849215,BRIDGE
-29.336152,-51.975725,-29.336106,-51.975645,BRIDGE
-29.335894,-52.984149,-29.336057,-52.983952,BRIDGE
-29.335278,-49.738333,-29.335335,-49.738191,BRIDGE
-29.335150,-49.738091,-29.335093,-49.738233,BRIDGE
-29.334358,-51.155935,-29.334718,-51.156031,BRIDGE
-29.334267,-49.737774,-29.334307,-49.737713,BRIDGE
-29.333597,-49.737348,-29.333556,-49.737409,BRIDGE
-29.333000,-51.155566,-29.333251,-51.155799,BRIDGE
-29.332919,-52.184487,-29.333227,-52.184321,BRIDGE
-29.332746,-49.736987,-29.332786,-49.736929,BRIDGE
-29.332730,-49.736891,-29.332688,-49.736955,BRIDGE
-29.332156,-49.736545,-29.332039,-49.736696,BRIDGE
-29.331935,-49.982541,-29.331973,-49.982507,BRIDGE
-29.331847,-49.744309,-29.331769,-49.744408,BRIDGE
-29.331541,-49.751498,-29.331614,-49.751493,TUNNEL
-29.331514,-49.736258,-29.331439,-49.736330,BRIDGE
-29.331362,-51.979306,-29.331243,-51.979419,BRIDGE
-29.331158,-52.266945,-29.331272,-52.267029,BRIDGE
-29.331038,-51.422876,-29.329769,-51.423910,BRIDGE
-29.330742,-49.736027,-29.330926,-49.735903,BRIDGE
-29.330444,-51.164080,-29.331395,-51.163673,BRIDGE
-29.330362,-52.994573,-29.330455,-52.994245,BRIDGE
-29.330167,-49.735643,-29.330255,-49.735472,BRIDGE
-29.330158,-51.981024,-29.330112,-51.981169,BRIDGE
-29.329749,-51.246086,-29.329786,-51.245690,BRIDGE
-29.329291,-49.734974,-29.329389,-49.734801,BRIDGE
-29.329224,-51.424496,-29.328166,-51.425983,BRIDGE
-29.328611,-51.914892,-29.328639,-51.914800,BRIDGE
-29.328602,-52.534898,-29.328600,-52.535150,BRIDGE
-29.328154,-49.734025,-29.328237,-49.733899,BRIDGE
-29.328024,-51.981211,-29.328029,-51.981113,BRIDGE
-29.328023,-51.981411,-29.328024,-51.981211,BRIDGE
-29.327980,-52.101722,-29.327437,-52.101782,BRIDGE
-29.327721,-49.726619,-29.328761,-49.726082,BRIDGE
-29.327642,-52.944584,-29.327533,-52.944618,BRIDGE
-29.327466,-52.101914,-29.328000,-52.101858,BRIDGE
-29.327168,-52.063556,-29.327162,-52.063272,BRIDGE
-29.327123,-56.329189,-29.327188,-56.329125,BRIDGE
-29.326603,-50.618080,-29.327967,-50.618991,BRIDGE
-29.326419,-50.617982,-29.326603,-50.618080,BRIDGE
-29.326275,-51.744024,-29.326456,-51.743952,BRIDGE
-29.326160,-49.983523,-29.326214,-49.983529,BRIDGE
-29.325984,-49.780261,-29.325767,-49.780088,BRIDGE
-29.325698,-49.780214,-29.325894,-49.780378,BRIDGE
-29.325415,-51.744620,-29.325602,-51.744471,BRIDGE
-29.324738,-52.091306,-29.325069,-52.090489,BRIDGE
-29.323586,-52.879686,-29.323595,-52.879922,BRIDGE
-29.323448,-52.234254,-29.323276,-52.234573,BRIDGE
-29.323406,-50.005314,-29.323404,-50.005387,BRIDGE
-29.323317,-51.432747,-29.323004,-51.433209,BRIDGE
-29.323018,-52.235303,-29.322157,-52.235719,BRIDGE
-29.322879,-52.439189,-29.322756,-52.439061,BRIDGE
-29.322769,-54.689562,-29.322633,-54.689447,BRIDGE
-29.322596,-52.234865,-29.322379,-52.234914,BRIDGE
-29.322364,-54.670456,-29.322306,-54.670259,BRIDGE
-29.321673,-51.920758,-29.321818,-51.920764,BRIDGE
-29.321498,-51.912259,-29.321302,-51.911947,BRIDGE
-29.321493,-51.929943,-29.321411,-51.929940,BRIDGE
-29.321325,-52.877479,-29.321125,-52.877570,BRIDGE
-29.321226,-54.849399,-29.320976,-54.849283,BRIDGE
-29.321038,-52.103003,-29.321624,-52.102755,BRIDGE
-29.320771,-52.107090,-29.320861,-52.107178,BRIDGE
-29.320661,-49.981532,-29.320671,-49.981625,BRIDGE
-29.320630,-49.982371,-29.320626,-49.982515,BRIDGE
-29.320566,-51.177329,-29.320909,-51.177778,BRIDGE
-29.320560,-50.857487,-29.320448,-50.857366,BRIDGE
-29.320479,-53.029734,-29.320762,-53.029726,BRIDGE
-29.320400,-52.942958,-29.320340,-52.942982,BRIDGE
-29.320250,-54.689559,-29.320090,-54.689615,BRIDGE
-29.319842,-49.984859,-29.319668,-49.984855,BRIDGE
-29.319803,-51.983090,-29.319693,-51.983147,BRIDGE
-29.319537,-49.774745,-29.319339,-49.775384,BRIDGE
-29.319467,-52.061534,-29.319578,-52.061425,BRIDGE
-29.319420,-52.999103,-29.319737,-52.999020,BRIDGE
-29.319418,-49.775428,-29.319621,-49.774778,BRIDGE
-29.319249,-56.345016,-29.319333,-56.345021,BRIDGE
-29.319143,-52.004106,-29.319183,-52.003951,BRIDGE
-29.318845,-53.632462,-29.318464,-53.632886,BRIDGE
-29.318075,-51.094400,-29.318179,-51.094596,BRIDGE
-29.318042,-54.154719,-29.318205,-54.154395,BRIDGE
-29.317500,-51.290953,-29.317433,-51.291033,BRIDGE
-29.317412,-49.994356,-29.317795,-49.994305,BRIDGE
-29.317055,-51.739857,-29.317116,-51.739996,BRIDGE
-29.317032,-52.010190,-29.317116,-52.010199,BRIDGE
-29.316955,-50.852167,-29.316868,-50.852094,BRIDGE
-29.316935,-50.851807,-29.316821,-50.851822,BRIDGE
-29.316855,-50.852280,-29.316951,-50.852356,BRIDGE
-29.316695,-52.008588,-29.316597,-52.008580,BRIDGE
-29.316112,-52.899290,-29.316265,-52.899578,BRIDGE
-29.315794,-51.097605,-29.315584,-51.097666,BRIDGE
-29.315604,-53.026209,-29.315520,-53.026050,BRIDGE
-29.315417,-51.377759,-29.315674,-51.377657,BRIDGE
-29.315100,-52.995476,-29.314871,-52.995277,BRIDGE
-29.315025,-51.543059,-29.314985,-51.542862,BRIDGE
-29.314622,-51.168982,-29.314752,-51.169477,BRIDGE
-29.314486,-53.088204,-29.314395,-53.088290,BRIDGE
-29.314460,-52.008134,-29.314369,-52.008123,BRIDGE
-29.314440,-50.299258,-29.314366,-50.299085,BRIDGE
-29.314328,-50.678838,-29.315181,-50.680826,BRIDGE
-29.314305,-52.118031,-29.314208,-52.118114,BRIDGE
-29.314250,-52.062601,-29.314232,-52.062305,BRIDGE
-29.314238,-52.115638,-29.314123,-52.115576,BRIDGE
-29.314150,-51.461576,-29.313648,-51.462083,BRIDGE
-29.313874,-51.169271,-29.313934,-51.169086,BRIDGE
-29.313636,-49.773806,-29.308606,-49.772881,BRIDGE
-29.313527,-50.851560,-29.313506,-50.851653,TUNNEL
-29.312818,-51.462177,-29.312076,-51.461936,BRIDGE
-29.312747,-51.378544,-29.312974,-51.378506,BRIDGE
-29.312721,-56.425185,-29.312718,-56.425298,BRIDGE
-29.312610,-51.179565,-29.312703,-51.179346,BRIDGE
-29.312471,-51.487077,-29.312673,-51.487199,BRIDGE
-29.312093,-52.447965,-29.312096,-52.447696,BRIDGE
-29.311987,-51.270177,-29.311929,-51.270151,BRIDGE
-29.311945,-56.588711,-29.311927,-56.588885,BRIDGE
-29.311037,-49.960081,-29.310849,-49.960158,BRIDGE
-29.310879,-53.919988,-29.310783,-53.920029,BRIDGE
-29.310832,-52.059624,-29.310751,-52.059644,BRIDGE
-29.310468,-54.805384,-29.310490,-54.805236,BRIDGE
-29.310313,-52.529159,-29.310385,-52.528930,BRIDGE
-29.310226,-54.643642,-29.310156,-54.643968,BRIDGE
-29.309880,-52.960642,-29.310240,-52.960711,BRIDGE
-29.309791,-52.058683,-29.309791,-52.058590,BRIDGE
-29.309745,-52.061140,-29.309783,-52.060923,BRIDGE
-29.309388,-49.819510,-29.309325,-49.819280,BRIDGE
-29.309048,-50.761364,-29.309074,-50.761443,BRIDGE
-29.308591,-49.773006,-29.313630,-49.773949,BRIDGE
-29.308367,-55.869951,-29.308249,-55.870215,BRIDGE
-29.308255,-51.387311,-29.308388,-51.387370,BRIDGE
-29.307963,-49.947398,-29.307702,-49.947443,BRIDGE
-29.307276,-55.854805,-29.307212,-55.855005,BRIDGE
-29.306756,-53.082054,-29.306762,-53.082472,BRIDGE
-29.306692,-54.696909,-29.306671,-54.696969,BRIDGE
-29.306471,-52.954759,-29.306965,-52.954548,BRIDGE
-29.305603,-50.996625,-29.305909,-50.997303,BRIDGE
-29.305463,-52.263295,-29.305479,-52.262977,BRIDGE
-29.304921,-51.390637,-29.305048,-51.390690,BRIDGE
-29.304851,-53.608622,-29.304984,-53.608455,BRIDGE
-29.304793,-51.846812,-29.304883,-51.846604,BRIDGE
-29.304284,-53.031445,-29.304554,-53.031527,BRIDGE
-29.303627,-50.647420,-29.303583,-50.647568,BRIDGE
-29.303395,-51.849032,-29.303546,-51.848845,BRIDGE
-29.303225,-51.377880,-29.303218,-51.377738,BRIDGE
-29.302780,-54.709238,-29.302311,-54.709536,BRIDGE
-29.302770,-49.771737,-29.302385,-49.771596,BRIDGE
-29.302747,-51.867636,-29.302821,-51.867656,BRIDGE
-29.302359,-49.771739,-29.302735,-49.771855,BRIDGE
-29.302250,-51.870335,-29.302352,-51.870297,BRIDGE
-29.302119,-56.435490,-29.302063,-56.435590,BRIDGE
-29.301683,-51.871264,-29.301624,-51.871207,BRIDGE
-29.301417,-56.436676,-29.301319,-56.436867,BRIDGE
-29.301228,-51.872233,-29.301268,-51.872280,BRIDGE
-29.300300,-51.884617,-29.300430,-51.884534,BRIDGE
-29.299752,-49.770081,-29.299441,-49.769870,BRIDGE
-29.299501,-50.520979,-29.299430,-50.520855,BRIDGE
-29.299441,-49.769870,-29.299066,-49.769616,BRIDGE
-29.299391,-49.770037,-29.299692,-49.770241,BRIDGE
-29.299215,-51.164226,-29.299029,-51.163995,BRIDGE
-29.299029,-49.769791,-29.299391,-49.770037,BRIDGE
-29.298546,-51.399047,-29.298628,-51.399198,BRIDGE
-29.298209,-51.995678,-29.298184,-51.995586,BRIDGE
-29.296555,-51.852957,-29.296498,-51.853036,BRIDGE
-29.296388,-51.280712,-29.296485,-51.280710,BRIDGE
-29.295963,-51.379679,-29.296072,-51.379770,BRIDGE
-29.295862,-52.387701,-29.295940,-52.387819,BRIDGE
-29.295442,-54.421400,-29.295701,-54.421241,BRIDGE
-29.295022,-51.901641,-29.293948,-51.901862,BRIDGE
-29.294600,-52.305471,-29.294721,-52.305590,BRIDGE
-29.294585,-52.277146,-29.294230,-52.277483,BRIDGE
-29.294584,-49.825984,-29.294743,-49.826126,BRIDGE
-29.294557,-51.884620,-29.294878,-51.884509,BRIDGE
-29.293755,-50.487694,-29.293626,-50.487728,BRIDGE
-29.293508,-51.906618,-29.293630,-51.906538,BRIDGE
-29.293372,-52.059930,-29.293489,-52.060004,BRIDGE
-29.292939,-49.921270,-29.292747,-49.921539,BRIDGE
-29.292838,-50.214331,-29.292787,-50.214325,BRIDGE
-29.292804,-49.921606,-29.293008,-49.921325,BRIDGE
-29.292685,-51.910361,-29.292830,-51.910493,BRIDGE
-29.292473,-50.507419,-29.292364,-50.507490,BRIDGE
-29.292470,-51.029376,-29.292448,-51.029164,BRIDGE
-29.292354,-52.346398,-29.292355,-52.346553,BRIDGE
-29.292327,-54.856866,-29.292060,-54.856917,BRIDGE
-29.292221,-50.910019,-29.292291,-50.909593,BRIDGE
-29.291697,-53.066251,-29.292704,-53.067384,BRIDGE
-29.290942,-51.918692,-29.291027,-51.918498,BRIDGE
-29.290754,-51.070046,-29.290802,-51.069926,BRIDGE
-29.290557,-52.295275,-29.290647,-52.295432,BRIDGE
-29.290549,-52.942951,-29.290599,-52.943140,BRIDGE
-29.290003,-52.284178,-29.289626,-52.283757,BRIDGE
-29.289877,-51.089220,-29.289714,-51.088406,BRIDGE
-29.289788,-52.361192,-29.289865,-52.361152,BRIDGE
-29.289759,-51.405634,-29.289927,-51.405419,BRIDGE
-29.289234,-53.043996,-29.289561,-53.044158,BRIDGE
-29.288794,-51.088536,-29.288694,-51.089129,BRIDGE
-29.288201,-51.908216,-29.288201,-51.908141,BRIDGE
-29.287778,-50.273682,-29.287937,-50.273664,BRIDGE
-29.287377,-52.060917,-29.287504,-52.060974,BRIDGE
-29.287099,-56.402736,-29.287183,-56.402857,BRIDGE
-29.285722,-51.870678,-29.286143,-51.870667,BRIDGE
-29.285307,-52.058416,-29.285209,-52.058416,BRIDGE
-29.285023,-56.583258,-29.285019,-56.583095,BRIDGE
-29.284565,-51.412833,-29.284453,-51.412641,BRIDGE
-29.284225,-51.899269,-29.284263,-51.899197,BRIDGE
-29.283811,-49.822229,-29.284094,-49.821611,BRIDGE
-29.283407,-55.694268,-29.283271,-55.693731,BRIDGE
-29.283386,-51.867334,-29.283393,-51.867508,BRIDGE
-29.283380,-51.867155,-29.283386,-51.867334,BRIDGE
-29.283070,-52.321824,-29.282899,-52.322039,BRIDGE
-29.282888,-54.099375,-29.282770,-54.099324,BRIDGE
-29.282805,-49.822783,-29.282070,-49.822427,BRIDGE
-29.281940,-51.897802,-29.281905,-51.897883,BRIDGE
-29.281456,-50.037878,-29.281514,-50.037653,BRIDGE
-29.281136,-50.258314,-29.281541,-50.257460,BRIDGE
-29.280716,-54.003062,-29.280864,-54.003414,BRIDGE
-29.280507,-52.198194,-29.280485,-52.198213,BRIDGE
-29.280485,-52.198213,-29.280428,-52.198282,BRIDGE
-29.280317,-52.322655,-29.280146,-52.322855,BRIDGE
-29.280243,-51.212723,-29.280329,-51.212783,BRIDGE
-29.280158,-53.295413,-29.280494,-53.295706,BRIDGE
-29.279651,-53.183037,-29.279684,-53.183126,BRIDGE
-29.279197,-51.431143,-29.279069,-51.431205,BRIDGE
-29.279082,-50.245053,-29.279286,-50.245390,BRIDGE
-29.279045,-51.880545,-29.283934,-51.881107,BRIDGE
-29.278283,-51.492759,-29.278585,-51.492633,BRIDGE
-29.277792,-53.144463,-29.277351,-53.143877,BRIDGE
-29.277790,-51.084594,-29.277925,-51.084575,BRIDGE
-29.277455,-51.425220,-29.277562,-51.425278,BRIDGE
-29.277448,-53.052823,-29.277583,-53.052736,BRIDGE
-29.277445,-51.084777,-29.277671,-51.085190,BRIDGE
-29.276895,-53.190557,-29.276943,-53.190573,BRIDGE
-29.276517,-50.483896,-29.276361,-50.483807,BRIDGE
-29.276477,-51.428826,-29.276535,-51.428701,BRIDGE
-29.276344,-50.037028,-29.276257,-50.036901,BRIDGE
-29.276292,-52.120060,-29.276353,-52.119929,BRIDGE
-29.276011,-53.847875,-29.276051,-53.847839,BRIDGE
-29.275114,-50.738929,-29.275383,-50.739619,BRIDGE
-29.275067,-52.121428,-29.275013,-52.121330,BRIDGE
-29.274742,-52.943756,-29.274747,-52.943490,BRIDGE
-29.274579,-53.947439,-29.273699,-53.948394,BRIDGE
-29.274080,-51.623239,-29.274054,-51.623398,BRIDGE
-29.273852,-54.860187,-29.273840,-54.859878,BRIDGE
-29.273168,-51.157366,-29.273569,-51.157303,BRIDGE
-29.273106,-52.198544,-29.273237,-52.198849,BRIDGE
-29.273010,-50.014748,-29.273091,-50.014622,BRIDGE
-29.272785,-54.437769,-29.273254,-54.436771,BRIDGE
-29.272124,-56.108705,-29.271725,-56.108702,BRIDGE
-29.272109,-56.361106,-29.272079,-56.361217,BRIDGE
-29.271725,-53.035781,-29.271839,-53.035620,BRIDGE
-29.271023,-56.546027,-29.270875,-56.546128,BRIDGE
-29.270504,-49.956325,-29.270679,-49.956253,BRIDGE
-29.270141,-50.036792,-29.270041,-50.036963,BRIDGE
-29.270091,-50.308003,-29.270231,-50.308717,BRIDGE
-29.269684,-54.450719,-29.269722,-54.450432,BRIDGE
-29.269462,-52.942467,-29.269466,-52.942256,BRIDGE
-29.269191,-50.015803,-29.269245,-50.015648,BRIDGE
-29.267191,-53.328659,-29.266751,-53.328726,BRIDGE
-29.266820,-53.079174,-29.267025,-53.079498,BRIDGE
-29.265824,-56.124883,-29.266084,-56.124931,BRIDGE
-29.265051,-50.315501,-29.264822,-50.314416,BRIDGE
-29.264952,-51.507482,-29.264696,-51.507332,BRIDGE
-29.264451,-52.621109,-29.264271,-52.621017,BRIDGE
-29.264060,-50.958217,-29.264151,-50.957989,BRIDGE
-29.263807,-50.886746,-29.263644,-50.886448,BRIDGE
-29.263804,-53.087854,-29.263805,-53.087755,BRIDGE
-29.262745,-52.145294,-29.262664,-52.145293,BRIDGE
-29.262534,-49.986322,-29.262538,-49.986247,BRIDGE
-29.262191,-51.505597,-29.261935,-51.505930,BRIDGE
-29.261782,-51.177760,-29.261753,-51.177654,BRIDGE
-29.261465,-52.148147,-29.262147,-52.147385,BRIDGE
-29.261012,-52.159225,-29.261198,-52.159279,BRIDGE
-29.260893,-51.911536,-29.260936,-51.911418,BRIDGE
-29.260520,-50.035265,-29.260501,-50.035469,BRIDGE
-29.259922,-52.639214,-29.260583,-52.639119,BRIDGE
-29.259570,-51.743344,-29.259490,-51.743171,BRIDGE
-29.258809,-51.178344,-29.258771,-51.178341,BRIDGE
-29.258285,-51.089576,-29.258516,-51.089980,BRIDGE
-29.257830,-51.791568,-29.257952,-51.791502,BRIDGE
-29.256855,-51.511049,-29.257255,-51.510678,BRIDGE
-29.256670,-51.846328,-29.256539,-51.846300,BRIDGE
-29.256543,-52.381623,-29.256683,-52.381718,BRIDGE
-29.256469,-50.000209,-29.256355,-50.000035,BRIDGE
-29.256255,-52.605102,-29.256350,-52.605008,BRIDGE
-29.256220,-51.768059,-29.256329,-51.767990,BRIDGE
-29.256202,-53.228292,-29.253100,-53.225820,BRIDGE
-29.255725,-50.957108,-29.255578,-50.956927,BRIDGE
-29.255170,-50.022569,-29.255312,-50.022704,BRIDGE
-29.253280,-53.678046,-29.253237,-53.678097,BRIDGE
-29.252994,-51.772677,-29.252869,-51.772618,BRIDGE
-29.252354,-50.028742,-29.252216,-50.028767,BRIDGE
-29.251794,-52.397207,-29.251892,-52.397154,BRIDGE
-29.251571,-51.829535,-29.251504,-51.829634,BRIDGE
-29.251014,-49.950260,-29.250876,-49.950337,BRIDGE
-29.250547,-51.787261,-29.250675,-51.787169,BRIDGE
-29.250153,-52.057112,-29.250007,-52.057052,BRIDGE
-29.249828,-54.873252,-29.249774,-54.873474,BRIDGE
-29.249430,-49.950461,-29.249412,-49.950356,BRIDGE
-29.249423,-51.868141,-29.249336,-51.868096,BRIDGE
-29.249323,-51.851146,-29.249299,-51.851397,BRIDGE
-29.249224,-53.148512,-29.249399,-53.148336,BRIDGE
-29.249131,-51.796326,-29.249144,-51.796180,BRIDGE
-29.249039,-50.887392,-29.249080,-50.887132,BRIDGE
-29.248810,-49.951607,-29.248674,-49.951779,BRIDGE
-29.248693,-50.013526,-29.248676,-50.013373,BRIDGE
-29.247810,-49.954188,-29.247934,-49.954243,BRIDGE
-29.247788,-51.799119,-29.247637,-51.799150,BRIDGE
-29.246161,-49.957701,-29.246200,-49.957870,BRIDGE
-29.245836,-53.466824,-29.245863,-53.466584,BRIDGE
-29.245600,-54.352932,-29.245350,-54.352914,BRIDGE
-29.245417,-50.019146,-29.245516,-50.018927,BRIDGE
-29.245009,-50.629334,-29.244985,-50.629200,BRIDGE
-29.244864,-52.957382,-29.244664,-52.957165,BRIDGE
-29.244746,-50.017345,-29.244763,-50.017237,BRIDGE
-29.244361,-49.891659,-29.244371,-49.891771,BRIDGE
-29.243088,-52.405637,-29.243211,-52.405602,BRIDGE
-29.242879,-49.963291,-29.242806,-49.963420,BRIDGE
-29.242821,-54.279282,-29.242630,-54.279539,BRIDGE
-29.242720,-49.962698,-29.242877,-49.963114,BRIDGE
-29.242483,-52.317418,-29.242382,-52.317489,BRIDGE
-29.242322,-50.895627,-29.242510,-50.895560,BRIDGE
-29.241814,-56.315778,-29.242140,-56.315861,BRIDGE
-29.241741,-52.314206,-29.241899,-52.314285,BRIDGE
-29.240768,-53.161977,-29.241060,-53.162094,BRIDGE
-29.240177,-51.550383,-29.240123,-51.550579,BRIDGE
-29.240163,-52.308205,-29.239996,-52.308174,BRIDGE
-29.239828,-51.561167,-29.240089,-51.561136,BRIDGE
-29.239697,-51.576162,-29.239663,-51.576331,BRIDGE
-29.239631,-51.575858,-29.239431,-51.575863,BRIDGE
-29.238746,-53.176699,-29.239001,-53.176755,BRIDGE
-29.238517,-49.970882,-29.238444,-49.970769,BRIDGE
-29.238417,-51.569837,-29.238509,-51.569823,BRIDGE
-29.237897,-52.305446,-29.237887,-52.305336,BRIDGE
-29.237659,-51.861927,-29.237722,-51.861936,TUNNEL
-29.237025,-50.955510,-29.237193,-50.955468,BRIDGE
-29.236977,-51.517537,-29.237236,-51.517603,BRIDGE
-29.236709,-50.901825,-29.236629,-50.901723,BRIDGE
-29.236646,-51.878342,-29.236898,-51.878044,BRIDGE
-29.235774,-51.897667,-29.235886,-51.897675,BRIDGE
-29.235649,-51.889454,-29.235573,-51.889442,BRIDGE
-29.235616,-51.899455,-29.235730,-51.899466,BRIDGE
-29.235180,-51.887578,-29.235209,-51.887459,BRIDGE
-29.235157,-51.887363,-29.235078,-51.887430,BRIDGE
-29.235124,-51.887525,-29.235175,-51.887448,BRIDGE
-29.234816,-53.016785,-29.234903,-53.016605,BRIDGE
-29.234538,-53.015686,-29.234311,-53.015556,BRIDGE
-29.234277,-51.153744,-29.234252,-51.153787,BRIDGE
-29.234242,-51.154961,-29.234321,-51.154949,BRIDGE
-29.233731,-52.892070,-29.233694,-52.891858,BRIDGE
-29.233577,-50.016221,-29.233589,-50.016514,BRIDGE
-29.233303,-50.374958,-29.233574,-50.374243,BRIDGE
-29.232803,-53.669224,-29.232718,-53.669575,BRIDGE
-29.232791,-53.669519,-29.232879,-53.669155,BRIDGE
-29.232677,-52.643433,-29.233248,-52.643654,BRIDGE
-29.232494,-51.882909,-29.232429,-51.882936,BRIDGE
-29.232452,-51.882977,-29.232494,-51.882909,BRIDGE
-29.232148,-51.881824,-29.232012,-51.882022,BRIDGE
-29.232033,-55.152750,-29.231860,-55.152695,BRIDGE
-29.230809,-51.158763,-29.230809,-51.158560,BRIDGE
-29.230368,-53.024980,-29.230307,-53.024723,BRIDGE
-29.230281,-50.892380,-29.230236,-50.892285,BRIDGE
-29.230131,-53.061996,-29.230620,-53.061953,BRIDGE
-29.229874,-53.468333,-29.229931,-53.468273,BRIDGE
-29.229754,-52.122120,-29.229670,-52.122173,BRIDGE
-29.229231,-50.022256,-29.228937,-50.022275,BRIDGE
-29.228985,-50.955916,-29.229178,-50.956223,BRIDGE
-29.228313,-51.620533,-29.227866,-51.620543,BRIDGE
-29.228182,-49.864356,-29.228121,-49.864110,BRIDGE
-29.228134,-51.859910,-29.228109,-51.859827,BRIDGE
-29.227653,-52.380386,-29.227446,-52.380276,BRIDGE
-29.227531,-52.168539,-29.228039,-52.166723,BRIDGE
-29.226929,-52.345148,-29.227051,-52.345164,BRIDGE
-29.226811,-53.680484,-29.226890,-53.680699,BRIDGE
-29.225952,-55.444930,-29.225656,-55.444525,BRIDGE
-29.225704,-52.121042,-29.225596,-52.121080,BRIDGE
-29.225552,-55.720296,-29.225730,-55.720612,BRIDGE
-29.225457,-52.374603,-29.225319,-52.374507,BRIDGE
-29.225416,-53.030829,-29.225691,-53.030648,BRIDGE
-29.224967,-51.160512,-29.224876,-51.160328,BRIDGE
-29.224686,-52.387139,-29.224903,-52.387062,BRIDGE
-29.224521,-52.220165,-29.224450,-52.220044,BRIDGE
-29.224426,-52.331969,-29.224338,-52.332071,BRIDGE
-29.224236,-51.231929,-29.224086,-51.231937,BRIDGE
-29.224213,-52.576465,-29.224113,-52.576535,BRIDGE
-29.223580,-50.470847,-29.223414,-50.470829,BRIDGE
-29.223450,-52.361924,-29.223320,-52.362000,BRIDGE
-29.223404,-52.357385,-29.223500,-52.357394,BRIDGE
-29.223271,-50.891268,-29.223253,-50.891185,BRIDGE
-29.223148,-51.161310,-29.223286,-51.161349,BRIDGE
-29.222970,-51.161046,-29.222936,-51.161140,BRIDGE
-29.222586,-52.929125,-29.222469,-52.928804,BRIDGE
-29.221740,-51.339258,-29.221493,-51.339988,BRIDGE
-29.221651,-52.293335,-29.221504,-52.293167,BRIDGE
-29.221647,-52.953950,-29.221586,-52.954027,BRIDGE
-29.221613,-49.973577,-29.221393,-49.973532,BRIDGE
-29.221596,-51.340025,-29.221824,-51.339273,BRIDGE
-29.220778,-50.890518,-29.220811,-50.890451,BRIDGE
-29.220207,-51.229399,-29.220107,-51.229366,BRIDGE
-29.220010,-53.031592,-29.220256,-53.031725,BRIDGE
-29.219632,-52.606235,-29.219628,-52.606369,BRIDGE
-29.219232,-50.889459,-29.219118,-50.889551,BRIDGE
-29.219030,-51.969709,-29.218975,-51.969454,BRIDGE
-29.218675,-52.502929,-29.218626,-52.502827,BRIDGE
-29.217707,-49.898906,-29.217653,-49.898840,BRIDGE
-29.217548,-52.200217,-29.217746,-52.200201,BRIDGE
-29.217352,-55.771817,-29.217225,-55.771923,BRIDGE
-29.216501,-52.319528,-29.216594,-52.319423,BRIDGE
-29.216393,-51.971387,-29.216525,-51.971292,BRIDGE
-29.215918,-52.239395,-29.215787,-52.238896,BRIDGE
-29.215702,-50.478434,-29.215689,-50.478533,BRIDGE
-29.215401,-52.305324,-29.215249,-52.305218,BRIDGE
-29.215059,-52.197763,-29.214973,-52.197553,BRIDGE
-29.214825,-52.158068,-29.214865,-52.158150,BRIDGE
-29.214565,-52.156666,-29.214596,-52.156580,BRIDGE
-29.214494,-52.024462,-29.214597,-52.024462,BRIDGE
-29.214348,-51.431790,-29.214495,-51.431625,BRIDGE
-29.214331,-52.290200,-29.214442,-52.290157,BRIDGE
-29.214065,-49.969632,-29.214153,-49.969846,BRIDGE
-29.214006,-52.159670,-29.214928,-52.159306,BRIDGE
-29.214001,-52.022619,-29.214085,-52.022617,BRIDGE
-29.213999,-51.372792,-29.213860,-51.372734,BRIDGE
-29.213981,-51.682325,-29.214108,-51.682027,BRIDGE
-29.213856,-53.104946,-29.214946,-53.104247,BRIDGE
-29.213666,-50.749724,-29.213670,-50.749817,BRIDGE
-29.213453,-51.384086,-29.213479,-51.384145,BRIDGE
-29.213408,-53.076859,-29.213593,-53.076953,BRIDGE
-29.213331,-52.035989,-29.213236,-52.035992,BRIDGE
-29.212780,-51.180068,-29.212705,-51.180067,BRIDGE
-29.212613,-51.885478,-29.213397,-51.885951,BRIDGE
-29.212029,-52.291604,-29.211764,-52.291637,BRIDGE
-29.211991,-51.181438,-29.211908,-51.181432,BRIDGE
-29.211510,-50.289946,-29.211680,-50.290116,BRIDGE
-29.211178,-51.041143,-29.211316,-51.041330,BRIDGE
-29.211090,-51.041192,-29.211178,-51.041143,BRIDGE
-29.210471,-50.789605,-29.210558,-50.789620,BRIDGE
-29.210369,-50.239009,-29.210041,-50.238880,BRIDGE
-29.210283,-51.388230,-29.210182,-51.388062,BRIDGE
-29.209872,-51.053464,-29.209839,-51.053643,BRIDGE
-29.208821,-52.963873,-29.208532,-52.963711,BRIDGE
-29.208760,-52.145075,-29.208796,-52.145032,BRIDGE
-29.208062,-49.964099,-29.208423,-49.964254,BRIDGE
-29.206681,-51.437249,-29.206645,-51.437328,BRIDGE
-29.206038,-52.987138,-29.206295,-52.987181,BRIDGE
-29.205691,-51.437225,-29.205682,-51.436652,BRIDGE
-29.205507,-51.941798,-29.205604,-51.941699,BRIDGE
-29.205370,-56.548515,-29.205746,-56.548849,BRIDGE
-29.204966,-51.931382,-29.205115,-51.931353,BRIDGE
-29.204781,-51.916734,-29.204744,-51.916588,BRIDGE
-29.203729,-51.917216,-29.203864,-51.917209,BRIDGE
-29.203617,-51.478253,-29.203583,-51.478217,BRIDGE
-29.203225,-52.259766,-29.203314,-52.259424,BRIDGE
-29.202943,-54.882668,-29.203170,-54.883007,BRIDGE
-29.202840,-51.453652,-29.202855,-51.453558,BRIDGE
-29.202498,-51.438075,-29.202383,-51.437953,BRIDGE
-29.202379,-52.252612,-29.202416,-52.252421,BRIDGE
-29.202258,-49.947368,-29.202421,-49.947433,BRIDGE
-29.202157,-51.453254,-29.202148,-51.453168,BRIDGE
-29.202150,-52.252718,-29.201989,-52.252648,BRIDGE
-29.202106,-49.947306,-29.202258,-49.947368,BRIDGE
-29.201289,-51.478603,-29.201051,-51.478297,BRIDGE
-29.200774,-55.489423,-29.200772,-55.489601,BRIDGE
-29.200193,-51.401091,-29.200154,-51.401034,BRIDGE
-29.200188,-55.124218,-29.199667,-55.124849,BRIDGE
-29.200061,-52.355064,-29.199898,-52.355150,BRIDGE
-29.200004,-51.475752,-29.199996,-51.475627,TUNNEL
-29.199674,-54.069766,-29.199882,-54.069203,BRIDGE
-29.199660,-51.904048,-29.200060,-51.904010,BRIDGE
-29.199656,-51.906191,-29.199325,-51.906179,BRIDGE
-29.198942,-55.744342,-29.199189,-55.744398,BRIDGE
-29.198293,-51.110633,-29.198195,-51.110283,BRIDGE
-29.197632,-52.075665,-29.197615,-52.075577,BRIDGE
-29.197597,-52.891837,-29.197700,-52.891679,BRIDGE
-29.197178,-55.480494,-29.198896,-55.480603,BRIDGE
-29.197170,-51.208924,-29.196655,-51.208520,BRIDGE
-29.196981,-51.412110,-29.197134,-51.412113,BRIDGE
-29.196515,-50.996318,-29.196705,-50.996470,BRIDGE
-29.195970,-51.754836,-29.196049,-51.754863,BRIDGE
-29.195543,-51.523420,-29.195608,-51.523421,BRIDGE
-29.194695,-51.118785,-29.194586,-51.118695,BRIDGE
-29.194319,-52.436548,-29.194126,-52.436446,BRIDGE
-29.194157,-51.964672,-29.194432,-51.964694,BRIDGE
-29.193497,-52.884742,-29.193575,-52.884721,BRIDGE
-29.193344,-52.884816,-29.193427,-52.884774,BRIDGE
-29.193069,-51.121662,-29.193204,-51.121623,BRIDGE
-29.192484,-51.073738,-29.192717,-51.073560,BRIDGE
-29.192424,-54.139613,-29.192547,-54.139461,BRIDGE
-29.192365,-51.523730,-29.192303,-51.523729,BRIDGE
-29.191667,-51.461738,-29.191756,-51.461690,BRIDGE
-29.191150,-50.512838,-29.191329,-50.512788,BRIDGE
-29.191085,-51.180332,-29.191070,-51.180427,BRIDGE
-29.189753,-51.459367,-29.189697,-51.459435,BRIDGE
-29.189351,-51.247046,-29.189475,-51.247578,BRIDGE
-29.189284,-51.181527,-29.189404,-51.181533,BRIDGE
-29.188867,-51.523828,-29.188804,-51.523754,BRIDGE
-29.188469,-51.920949,-29.188447,-51.922071,BRIDGE
-29.187557,-51.477899,-29.187578,-51.477788,BRIDGE
-29.187320,-52.935560,-29.187408,-52.935692,BRIDGE
-29.187164,-54.872639,-29.187027,-54.872781,BRIDGE
-29.187067,-51.757084,-29.187051,-51.756906,BRIDGE
-29.186772,-52.946784,-29.186985,-52.946675,BRIDGE
-29.186402,-51.477037,-29.186312,-51.477209,BRIDGE
-29.186349,-51.576297,-29.186385,-51.576213,BRIDGE
-29.185879,-50.855274,-29.185831,-50.855196,BRIDGE
-29.184853,-51.699454,-29.184711,-51.699446,BRIDGE
-29.184833,-56.651872,-29.184614,-56.651749,BRIDGE
-29.184426,-51.529643,-29.184395,-51.529832,BRIDGE
-29.182707,-52.435927,-29.182877,-52.435862,BRIDGE
-29.182033,-56.475582,-29.181889,-56.475738,BRIDGE
-29.181344,-51.476332,-29.181180,-51.476297,BRIDGE
-29.180923,-52.435445,-29.181061,-52.435482,BRIDGE
-29.180699,-51.604091,-29.180754,-51.604023,BRIDGE
-29.180546,-55.801524,-29.180361,-55.801631,BRIDGE
-29.179990,-52.608885,-29.180819,-52.608885,BRIDGE
-29.179190,-50.136736,-29.179243,-50.136890,BRIDGE
-29.178773,-55.417042,-29.178773,-55.417332,BRIDGE
-29.178195,-51.715394,-29.178187,-51.715785,BRIDGE
-29.178191,-52.475882,-29.178379,-52.475954,BRIDGE
-29.178181,-51.445160,-29.178030,-51.445582,BRIDGE
-29.177826,-52.092815,-29.177785,-52.092757,BRIDGE
-29.177618,-53.775021,-29.177433,-53.775112,BRIDGE
-29.177588,-51.673313,-29.177381,-51.673455,BRIDGE
-29.177179,-51.570074,-29.177153,-51.569917,BRIDGE
-29.176935,-51.217850,-29.177218,-51.217635,TUNNEL
-29.176614,-51.408904,-29.176533,-51.408858,BRIDGE
-29.176165,-51.479571,-29.176554,-51.479399,BRIDGE
-29.176015,-51.611321,-29.176074,-51.611257,BRIDGE
-29.175930,-51.323018,-29.175932,-51.323146,BRIDGE
-29.175920,-51.438969,-29.175815,-51.438935,BRIDGE
-29.175644,-51.216584,-29.175695,-51.216331,BRIDGE
-29.175629,-51.421110,-29.175705,-51.421165,BRIDGE
-29.175255,-51.433630,-29.175358,-51.433622,BRIDGE
-29.175173,-55.110225,-29.174991,-55.110291,BRIDGE
-29.175146,-51.432647,-29.175243,-51.432615,BRIDGE
-29.174993,-51.208056,-29.174615,-51.206606,BRIDGE
-29.174991,-55.110291,-29.174845,-55.110335,BRIDGE
-29.174689,-51.666944,-29.174589,-51.666908,BRIDGE
-29.174504,-51.206665,-29.174873,-51.208087,BRIDGE
-29.174454,-51.523923,-29.174608,-51.524275,BRIDGE
-29.174119,-51.160950,-29.173644,-51.160877,BRIDGE
-29.173615,-51.161014,-29.174103,-51.161073,BRIDGE
-29.172594,-51.723700,-29.172535,-51.723382,BRIDGE
-29.172305,-51.733325,-29.172261,-51.733545,BRIDGE
-29.172303,-51.537941,-29.172313,-51.537795,BRIDGE
-29.172108,-53.733950,-29.172076,-53.733896,BRIDGE
-29.171660,-51.618837,-29.171732,-51.618775,BRIDGE
-29.171456,-51.477086,-29.171527,-51.477131,BRIDGE
-29.171390,-51.798902,-29.171392,-51.798887,BRIDGE
-29.171319,-51.100875,-29.171288,-51.100818,BRIDGE
-29.171154,-52.291747,-29.171318,-52.291724,BRIDGE
-29.170756,-51.730594,-29.171319,-51.730423,BRIDGE
-29.170201,-51.879329,-29.172133,-51.879906,BRIDGE
-29.169581,-51.135477,-29.169580,-51.135420,BRIDGE
-29.169545,-52.456025,-29.169597,-52.456307,BRIDGE
-29.168533,-56.473970,-29.168578,-56.474839,BRIDGE
-29.168285,-54.865568,-29.168173,-54.866082,BRIDGE
-29.168240,-51.199009,-29.168237,-51.198560,BRIDGE
-29.168141,-51.198511,-29.168139,-51.198962,BRIDGE
-29.167813,-51.885892,-29.168369,-51.887336,BRIDGE
-29.167274,-51.482116,-29.167037,-51.481888,BRIDGE
-29.166857,-51.620079,-29.166755,-51.620076,TUNNEL
-29.166417,-51.736066,-29.166700,-51.735949,BRIDGE
-29.166406,-52.077253,-29.166182,-52.077204,BRIDGE
-29.165935,-51.158463,-29.165680,-51.158463,BRIDGE
-29.165700,-51.736093,-29.165726,-51.735797,BRIDGE
-29.165682,-51.158604,-29.165937,-51.158603,BRIDGE
-29.165526,-55.481811,-29.165973,-55.481365,BRIDGE
-29.165459,-55.275591,-29.165456,-55.276242,BRIDGE
-29.165095,-52.064544,-29.164930,-52.064499,BRIDGE
-29.165065,-51.735627,-29.165044,-51.735804,BRIDGE
-29.164769,-51.525542,-29.164775,-51.525328,BRIDGE
-29.164713,-51.218185,-29.164709,-51.218277,BRIDGE
-29.164258,-51.463656,-29.164188,-51.464013,BRIDGE
-29.163591,-51.477686,-29.163685,-51.477547,BRIDGE
-29.163525,-51.173063,-29.163451,-51.173112,TUNNEL
-29.163313,-51.217676,-29.163087,-51.217736,BRIDGE
-29.162736,-52.456658,-29.162568,-52.456570,BRIDGE
-29.162731,-51.691511,-29.162617,-51.691522,BRIDGE
-29.162364,-52.454588,-29.162219,-52.454371,BRIDGE
-29.162326,-54.853484,-29.162593,-54.853434,BRIDGE
-29.161889,-51.324981,-29.161943,-51.325036,BRIDGE
-29.161732,-50.544359,-29.162021,-50.543752,BRIDGE
-29.161289,-50.974224,-29.161479,-50.974419,BRIDGE
-29.161282,-51.220981,-29.161016,-51.220956,BRIDGE
-29.161214,-51.212005,-29.161232,-51.211826,BRIDGE
-29.161205,-51.662157,-29.161353,-51.662119,BRIDGE
-29.161152,-51.492723,-29.161154,-51.492562,BRIDGE
-29.161123,-53.080934,-29.161278,-53.080841,BRIDGE
-29.160868,-52.960112,-29.161011,-52.960201,BRIDGE
-29.160719,-51.493579,-29.160723,-51.493732,BRIDGE
-29.160538,-51.494017,-29.160624,-51.494020,BRIDGE
-29.160425,-51.223538,-29.160352,-51.223433,BRIDGE
-29.160341,-51.204545,-29.160349,-51.204942,BRIDGE
-29.160217,-51.519136,-29.160214,-51.518935,BRIDGE
-29.160053,-52.447920,-29.159922,-52.447743,BRIDGE
-29.159844,-52.292366,-29.159562,-52.292670,BRIDGE
-29.159660,-51.206489,-29.159661,-51.206261,BRIDGE
-29.159222,-54.902151,-29.159530,-54.902347,BRIDGE
-29.158955,-51.206584,-29.158957,-51.206777,BRIDGE
-29.158666,-55.842501,-29.158541,-55.842659,BRIDGE
-29.158382,-54.560457,-29.158543,-54.560414,BRIDGE
-29.158356,-51.202198,-29.158057,-51.202190,BRIDGE
-29.158229,-51.210023,-29.158413,-51.210031,BRIDGE
-29.158195,-50.078785,-29.166087,-50.097208,BRIDGE
-29.158153,-52.658677,-29.158101,-52.658265,BRIDGE
-29.158149,-51.202314,-29.158441,-51.202320,BRIDGE
-29.157955,-50.069182,-29.158144,-50.069528,BRIDGE
-29.157811,-56.299865,-29.157785,-56.299640,BRIDGE
-29.157280,-51.201031,-29.157294,-51.200843,BRIDGE
-29.157264,-51.202162,-29.156991,-51.202137,BRIDGE
-29.157236,-50.051515,-29.157151,-50.051763,BRIDGE
-29.156974,-51.202251,-29.157244,-51.202286,BRIDGE
-29.156730,-53.056679,-29.156858,-53.056201,BRIDGE
-29.156567,-52.663262,-29.156715,-52.662959,BRIDGE
-29.156525,-51.230752,-29.156256,-51.230734,BRIDGE
-29.155677,-53.073071,-29.155375,-53.072644,BRIDGE
-29.155328,-50.796973,-29.155295,-50.797176,BRIDGE
-29.155234,-52.429314,-29.155052,-52.429553,BRIDGE
-29.154789,-50.397835,-29.154885,-50.397832,BRIDGE
-29.154630,-50.397850,-29.154789,-50.397835,BRIDGE
-29.154197,-54.571699,-29.154428,-54.571386,BRIDGE
-29.153518,-51.249587,-29.153342,-51.249610,BRIDGE
-29.153464,-51.584957,-29.153607,-51.585048,BRIDGE
-29.152707,-50.841285,-29.152864,-50.841497,BRIDGE
-29.152508,-53.968154,-29.152229,-53.967918,BRIDGE
-29.151971,-54.829132,-29.152246,-54.829364,BRIDGE
-29.151902,-51.982388,-29.151678,-51.982418,BRIDGE
-29.151826,-51.197281,-29.151970,-51.197278,BRIDGE
-29.151615,-50.955961,-29.151701,-50.955604,BRIDGE
-29.151539,-51.241610,-29.151256,-51.239535,BRIDGE
-29.151296,-53.089128,-29.151213,-53.089055,BRIDGE
-29.151193,-51.196239,-29.151308,-51.196166,BRIDGE
-29.150796,-51.981619,-29.150667,-51.981269,BRIDGE
-29.150749,-52.267254,-29.150835,-52.267339,BRIDGE
-29.150503,-51.493350,-29.150594,-51.493364,BRIDGE
-29.150373,-52.438706,-29.150354,-52.438550,BRIDGE
-29.149863,-56.492674,-29.150016,-56.492678,BRIDGE
-29.149716,-51.530242,-29.149605,-51.530521,TUNNEL
-29.149635,-54.994249,-29.149402,-54.994295,BRIDGE
-29.149390,-51.183132,-29.149572,-51.183004,BRIDGE
-29.149221,-52.120862,-29.149208,-52.120973,BRIDGE
-29.148195,-52.945680,-29.148225,-52.945347,BRIDGE
-29.147949,-51.150081,-29.147945,-51.149412,BRIDGE
-29.147689,-52.919353,-29.147563,-52.919300,BRIDGE
-29.147246,-52.824052,-29.146940,-52.824082,BRIDGE
-29.145929,-51.862075,-29.145895,-51.862013,BRIDGE
-29.145711,-56.554629,-29.145642,-56.554608,BRIDGE
-29.145626,-55.117073,-29.145816,-55.117452,BRIDGE
-29.145425,-52.450439,-29.145402,-52.449575,BRIDGE
-29.144805,-51.390027,-29.144499,-51.390089,BRIDGE
-29.144786,-51.894867,-29.144943,-51.894829,BRIDGE
-29.144557,-52.987604,-29.144545,-52.987338,BRIDGE
-29.144354,-51.823611,-29.144313,-51.823300,BRIDGE
-29.144053,-54.849564,-29.144304,-54.850012,BRIDGE
-29.143975,-51.863835,-29.144390,-51.864502,BRIDGE
-29.143407,-51.507167,-29.143443,-51.507030,BRIDGE
-29.142259,-51.992763,-29.142345,-51.992480,BRIDGE
-29.142202,-52.987575,-29.142066,-52.987566,BRIDGE
-29.141175,-51.183866,-29.140747,-51.183699,BRIDGE
-29.141081,-51.505036,-29.141151,-51.504840,BRIDGE
-29.140933,-51.992515,-29.140845,-51.993046,BRIDGE
-29.140728,-51.183794,-29.141144,-51.183971,BRIDGE
-29.140020,-51.600345,-29.139802,-51.600273,BRIDGE
-29.139651,-51.337674,-29.139529,-51.337542,BRIDGE
-29.138077,-51.804989,-29.137933,-51.804850,BRIDGE
-29.136289,-56.566246,-29.136422,-56.566337,BRIDGE
-29.135711,-50.154920,-29.135825,-50.155089,BRIDGE
-29.135549,-51.810170,-29.135356,-51.809998,BRIDGE
-29.135514,-51.907445,-29.135387,-51.907479,BRIDGE
-29.134035,-51.736672,-29.134054,-51.736463,BRIDGE
-29.134034,-54.636169,-29.133869,-54.636030,BRIDGE
-29.133848,-52.542269,-29.134049,-52.542226,BRIDGE
-29.133148,-51.639008,-29.133050,-51.638864,BRIDGE
-29.132978,-54.158853,-29.132775,-54.158851,BRIDGE
-29.132736,-51.129225,-29.132281,-51.129014,BRIDGE
-29.132314,-52.533217,-29.132116,-52.533033,BRIDGE
-29.132239,-51.129100,-29.132669,-51.129309,BRIDGE
-29.131337,-51.187939,-29.130799,-51.187152,BRIDGE
-29.128647,-51.321064,-29.128922,-51.321060,BRIDGE
-29.127658,-52.550758,-29.127841,-52.550694,BRIDGE
-29.127113,-51.604736,-29.127163,-51.605002,BRIDGE
-29.126970,-54.812505,-29.127260,-54.812891,BRIDGE
-29.125878,-52.554578,-29.125960,-52.554418,BRIDGE
-29.125774,-50.582954,-29.125708,-50.582826,BRIDGE
-29.123414,-54.602974,-29.123400,-54.602896,BRIDGE
-29.123392,-51.128720,-29.123396,-51.129175,BRIDGE
-29.123150,-51.171498,-29.123015,-51.171163,BRIDGE
-29.122777,-52.689591,-29.122567,-52.689591,BRIDGE
-29.122484,-54.760520,-29.122554,-54.760321,BRIDGE
-29.122368,-54.760846,-29.122396,-54.760772,BRIDGE
-29.121689,-56.303961,-29.122085,-56.304511,BRIDGE
-29.120490,-56.543675,-29.120691,-56.544555,BRIDGE
-29.117695,-52.621725,-29.117873,-52.621744,BRIDGE
-29.117565,-51.915851,-29.117494,-51.915923,BRIDGE
-29.116045,-50.800119,-29.116127,-50.800123,BRIDGE
-29.115713,-51.502723,-29.115700,-51.502804,BRIDGE
-29.115535,-51.499510,-29.115688,-51.499200,BRIDGE
-29.114974,-51.449267,-29.114863,-51.449313,BRIDGE
-29.114973,-51.502155,-29.115058,-51.502215,BRIDGE
-29.114966,-50.645765,-29.115093,-50.645983,BRIDGE
-29.114785,-51.501847,-29.114822,-51.501951,BRIDGE
-29.114271,-51.211107,-29.114154,-51.211089,BRIDGE
-29.114227,-54.709729,-29.114137,-54.709491,BRIDGE
-29.114168,-51.502143,-29.114361,-51.502223,BRIDGE
-29.114074,-51.234869,-29.113994,-51.235075,BRIDGE
-29.113858,-51.182802,-29.113495,-51.182610,BRIDGE
-29.113723,-50.755233,-29.113654,-50.755373,BRIDGE
-29.113719,-50.443033,-29.113611,-50.442972,BRIDGE
-29.113708,-52.076803,-29.113483,-52.076744,BRIDGE
-29.113692,-52.606800,-29.113664,-52.606604,BRIDGE
-29.113614,-53.650600,-29.113934,-53.650570,BRIDGE
-29.113497,-51.468895,-29.113649,-51.468924,BRIDGE
-29.113446,-54.525703,-29.113479,-54.525355,BRIDGE
-29.113323,-51.187367,-29.113493,-51.187347,BRIDGE
-29.112328,-54.285843,-29.112712,-54.285685,BRIDGE
-29.111606,-52.073670,-29.111529,-52.073414,BRIDGE
-29.111501,-51.499800,-29.111737,-51.499761,BRIDGE
-29.110746,-52.067596,-29.110718,-52.067920,BRIDGE
-29.110470,-51.908180,-29.110539,-51.908215,BRIDGE
-29.110262,-50.652350,-29.110192,-50.652509,BRIDGE
-29.109943,-51.420587,-29.110009,-51.420656,BRIDGE
-29.109025,-52.071485,-29.109191,-52.071607,BRIDGE
-29.108928,-50.591383,-29.109001,-50.591297,BRIDGE
-29.108739,-52.650051,-29.108653,-52.649442,BRIDGE
-29.108297,-51.685057,-29.108180,-51.685050,BRIDGE
-29.107965,-52.890799,-29.108033,-52.890875,BRIDGE
-29.107725,-53.310114,-29.107938,-53.310057,BRIDGE
-29.107605,-54.573503,-29.107961,-54.573600,BRIDGE
-29.107541,-50.125460,-29.107450,-50.125201,BRIDGE
-29.107242,-51.408662,-29.107252,-51.408480,BRIDGE
-29.107192,-51.427242,-29.107197,-51.427163,BRIDGE
-29.107050,-50.910750,-29.107052,-50.910637,BRIDGE
-29.106963,-53.942844,-29.106722,-53.942474,BRIDGE
-29.106534,-53.208944,-29.106654,-53.208792,BRIDGE
-29.106223,-51.948844,-29.106323,-51.948809,BRIDGE
-29.104254,-53.573120,-29.104617,-53.573512,BRIDGE
-29.104020,-55.109016,-29.104044,-55.109074,BRIDGE
-29.103602,-50.737179,-29.103687,-50.737072,BRIDGE
-29.102753,-52.972791,-29.102515,-52.972343,BRIDGE
-29.102688,-53.355540,-29.102869,-53.355642,BRIDGE
-29.102556,-54.344474,-29.102857,-54.344393,BRIDGE
-29.102145,-52.098931,-29.102014,-52.098838,BRIDGE
-29.101074,-51.427107,-29.101117,-51.426973,BRIDGE
-29.100182,-50.635717,-29.100303,-50.635321,BRIDGE
-29.099716,-51.688297,-29.099817,-51.688341,BRIDGE
-29.099133,-52.475757,-29.099255,-52.476431,BRIDGE
-29.098675,-51.360658,-29.098441,-51.361011,BRIDGE
-29.098357,-51.689607,-29.098228,-51.688308,BRIDGE
-29.098345,-52.021257,-29.098669,-52.020902,BRIDGE
-29.098123,-54.780895,-29.098325,-54.781108,BRIDGE
-29.097915,-53.055221,-29.097954,-53.054772,BRIDGE
-29.097887,-50.094057,-29.097994,-50.094146,BRIDGE
-29.097694,-51.408221,-29.097859,-51.408041,BRIDGE
-29.097084,-52.110827,-29.096887,-52.110738,BRIDGE
-29.096587,-51.409911,-29.096443,-51.409792,BRIDGE
-29.096319,-51.626806,-29.095696,-51.626523,BRIDGE
-29.096250,-51.363168,-29.095884,-51.363305,BRIDGE
-29.096156,-54.642751,-29.096048,-54.642571,BRIDGE
-29.095907,-51.929389,-29.095455,-51.929584,BRIDGE
-29.095589,-51.972855,-29.095490,-51.972771,BRIDGE
-29.094987,-53.216273,-29.095086,-53.216159,BRIDGE
-29.094784,-51.928932,-29.094701,-51.928903,BRIDGE
-29.094658,-52.212530,-29.094500,-52.212145,BRIDGE
-29.094186,-51.968451,-29.094309,-51.968459,BRIDGE
-29.093651,-51.966464,-29.093856,-51.966582,BRIDGE
-29.093551,-51.304571,-29.093977,-51.304780,BRIDGE
-29.093343,-50.626298,-29.093234,-50.626365,BRIDGE
-29.093284,-50.505258,-29.093115,-50.505317,BRIDGE
-29.093183,-50.407465,-29.093280,-50.407406,BRIDGE
-29.093097,-50.625466,-29.093478,-50.625761,BRIDGE
-29.092746,-52.937252,-29.092931,-52.937463,BRIDGE
-29.092133,-51.552782,-29.092501,-51.552332,BRIDGE
-29.091821,-51.940880,-29.091613,-51.940604,BRIDGE
-29.091467,-52.931181,-29.091632,-52.931342,BRIDGE
-29.091005,-56.579621,-29.090916,-56.579496,BRIDGE
-29.090593,-51.628316,-29.091090,-51.628322,BRIDGE
-29.090379,-51.032162,-29.090281,-51.031779,BRIDGE
-29.090242,-54.293466,-29.089815,-54.294205,BRIDGE
-29.090149,-54.302091,-29.090226,-54.301882,BRIDGE
-29.089529,-56.399581,-29.089337,-56.400208,BRIDGE
-29.089015,-51.093959,-29.088980,-51.093897,BRIDGE
-29.088195,-51.368932,-29.088119,-51.368984,BRIDGE
-29.088066,-56.575450,-29.087969,-56.575313,BRIDGE
-29.088048,-51.638005,-29.089082,-51.638513,BRIDGE
-29.087999,-51.678110,-29.088071,-51.678146,BRIDGE
-29.087809,-52.920163,-29.087797,-52.919960,BRIDGE
-29.087487,-55.999549,-29.087512,-55.999690,BRIDGE
-29.087064,-50.801684,-29.086908,-50.801400,BRIDGE
-29.086598,-52.908442,-29.086639,-52.908243,BRIDGE
-29.085902,-52.911507,-29.085875,-52.911390,BRIDGE
-29.085685,-50.733770,-29.085737,-50.733409,BRIDGE
-29.085399,-52.146965,-29.085325,-52.147017,BRIDGE
-29.085177,-56.571093,-29.085259,-56.571288,BRIDGE
-29.085037,-51.849806,-29.084924,-51.849820,BRIDGE
-29.084110,-50.180969,-29.083709,-50.180486,BRIDGE
-29.083312,-49.995327,-29.083258,-49.995170,BRIDGE
-29.082623,-50.273049,-29.082598,-50.273002,BRIDGE
-29.082341,-51.947250,-29.082285,-51.947503,BRIDGE
-29.079075,-53.171390,-29.079393,-53.171397,BRIDGE
-29.078700,-49.986820,-29.078606,-49.986704,BRIDGE
-29.078103,-50.345814,-29.078214,-50.345787,BRIDGE
-29.077969,-54.320379,-29.077868,-54.320392,BRIDGE
-29.077569,-51.587480,-29.077510,-51.587410,BRIDGE
-29.077311,-49.985822,-29.077177,-49.985822,BRIDGE
-29.077133,-51.849280,-29.077162,-51.849219,TUNNEL
-29.077006,-56.538592,-29.076596,-56.538096,BRIDGE
-29.076890,-51.849621,-29.076967,-51.849523,BRIDGE
-29.076335,-52.317857,-29.076062,-52.317677,BRIDGE
-29.075878,-55.234369,-29.075959,-55.234663,BRIDGE
-29.075525,-50.994299,-29.075595,-50.994230,BRIDGE
-29.075062,-51.069479,-29.074913,-51.069470,BRIDGE
-29.073081,-51.631092,-29.073113,-51.631057,BRIDGE
-29.073078,-50.010778,-29.073123,-50.010692,BRIDGE
-29.072488,-50.903004,-29.072588,-50.903171,BRIDGE
-29.072256,-53.206983,-29.074042,-53.210268,BRIDGE
-29.072105,-50.433321,-29.071941,-50.433447,BRIDGE
-29.071303,-50.944251,-29.071247,-50.943835,BRIDGE
-29.070502,-51.377668,-29.070548,-51.378167,BRIDGE
-29.069029,-50.026499,-29.069194,-50.026257,BRIDGE
-29.068728,-50.859254,-29.068775,-50.859335,BRIDGE
-29.068463,-50.912208,-29.068385,-50.912161,BRIDGE
-29.068068,-52.284642,-29.067973,-52.284700,TUNNEL
-29.067255,-54.459491,-29.067131,-54.459598,BRIDGE
-29.066962,-55.098302,-29.067163,-55.098412,BRIDGE
-29.066580,-51.391318,-29.066487,-51.391484,BRIDGE
-29.066562,-51.635125,-29.066634,-51.635083,BRIDGE
-29.066555,-53.940300,-29.066502,-53.940447,BRIDGE
-29.066409,-50.853201,-29.066499,-50.853452,BRIDGE
-29.066368,-51.629849,-29.066195,-51.629900,BRIDGE
-29.066127,-54.469273,-29.066053,-54.469482,BRIDGE
-29.066104,-51.630041,-29.066260,-51.629979,BRIDGE
-29.065713,-50.161407,-29.065669,-50.161364,TUNNEL
-29.065449,-55.441279,-29.065105,-55.441635,BRIDGE
-29.064310,-51.670310,-29.062500,-51.671005,BRIDGE
-29.064069,-55.086152,-29.063993,-55.086010,BRIDGE
-29.064038,-50.967962,-29.064058,-50.967840,TUNNEL
-29.063731,-51.427239,-29.063517,-51.427220,BRIDGE
-29.063492,-51.637493,-29.063558,-51.637441,BRIDGE
-29.059737,-50.958903,-29.059526,-50.958783,BRIDGE
-29.059546,-51.647975,-29.059526,-51.647883,BRIDGE
-29.059449,-51.644535,-29.059443,-51.644474,BRIDGE
-29.059067,-51.842227,-29.059028,-51.842374,BRIDGE
-29.058540,-51.396718,-29.057554,-51.396089,BRIDGE
-29.057920,-52.515776,-29.058120,-52.515920,BRIDGE
-29.057429,-50.789010,-29.057485,-50.788882,BRIDGE
-29.057163,-55.920270,-29.057335,-55.920410,BRIDGE
-29.056521,-51.204228,-29.056638,-51.204038,BRIDGE
-29.056338,-52.903775,-29.056408,-52.903825,BRIDGE
-29.055467,-51.219550,-29.055596,-51.219656,BRIDGE
-29.055279,-53.773522,-29.055299,-53.773932,BRIDGE
-29.055195,-51.832807,-29.055125,-51.832859,BRIDGE
-29.054993,-51.642410,-29.054937,-51.642433,BRIDGE
-29.054688,-53.759361,-29.054693,-53.759764,BRIDGE
-29.054309,-52.835651,-29.054355,-52.835728,BRIDGE
-29.053421,-51.215728,-29.053397,-51.215611,BRIDGE
-29.053276,-51.189017,-29.053278,-51.189147,BRIDGE
-29.052947,-50.134562,-29.053022,-50.134602,TUNNEL
-29.049638,-53.406700,-29.049429,-53.406752,BRIDGE
-29.049518,-52.060403,-29.049375,-52.060275,BRIDGE
-29.049473,-51.238746,-29.049215,-51.238762,BRIDGE
-29.049153,-53.705603,-29.049198,-53.705866,BRIDGE
-29.048178,-51.569739,-29.046091,-51.570224,BRIDGE
-29.048157,-52.555562,-29.048197,-52.555822,BRIDGE
-29.047753,-52.646677,-29.047787,-52.646582,BRIDGE
-29.047537,-53.201397,-29.047996,-53.197803,BRIDGE
-29.046465,-50.944711,-29.046393,-50.944789,BRIDGE
-29.045730,-52.544685,-29.045878,-52.544696,BRIDGE
-29.045516,-50.452267,-29.045579,-50.452404,BRIDGE
-29.044395,-50.160963,-29.044585,-50.160810,BRIDGE
-29.044308,-51.911653,-29.044421,-51.911834,BRIDGE
-29.043273,-52.553212,-29.043418,-52.553068,BRIDGE
-29.043114,-55.031775,-29.043082,-55.032416,BRIDGE
-29.042739,-55.308647,-29.043025,-55.308484,BRIDGE
-29.042457,-52.542896,-29.042604,-52.543059,BRIDGE
-29.041913,-50.748402,-29.041919,-50.748652,BRIDGE
-29.041422,-52.571133,-29.041552,-52.571052,BRIDGE
-29.040746,-53.936309,-29.040686,-53.936242,BRIDGE
-29.040606,-55.270565,-29.040545,-55.270382,BRIDGE
-29.039827,-54.162561,-29.039752,-54.162756,BRIDGE
-29.039399,-51.870123,-29.039577,-51.870372,BRIDGE
-29.037995,-50.168389,-29.038036,-50.168248,BRIDGE
-29.037193,-51.094279,-29.036855,-51.094368,BRIDGE
-29.036723,-54.652913,-29.036717,-54.653005,BRIDGE
-29.036145,-50.817355,-29.036129,-50.817124,BRIDGE
-29.036089,-51.092097,-29.036314,-51.091451,BRIDGE
-29.035378,-50.988048,-29.035135,-50.987919,BRIDGE
-29.035084,-53.058323,-29.034938,-53.057907,BRIDGE
-29.033618,-52.062553,-29.033523,-52.062352,BRIDGE
-29.033394,-50.327620,-29.033351,-50.327693,BRIDGE
-29.031787,-53.509512,-29.032096,-53.509883,BRIDGE
-29.031692,-52.823488,-29.032130,-52.823394,BRIDGE
-29.031393,-53.184336,-29.031623,-53.183414,BRIDGE
-29.031379,-51.845758,-29.031770,-51.845402,BRIDGE
-29.030162,-54.261775,-29.030053,-54.261796,BRIDGE
-29.028151,-52.106719,-29.028224,-52.107031,BRIDGE
-29.027687,-50.698704,-29.027660,-50.698190,BRIDGE
-29.027281,-52.509531,-29.027271,-52.509438,BRIDGE
-29.026760,-50.851298,-29.026784,-50.851258,BRIDGE
-29.025164,-53.469308,-29.024963,-53.469333,BRIDGE
-29.024894,-50.918680,-29.024844,-50.918648,BRIDGE
-29.024844,-50.918648,-29.024778,-50.918609,BRIDGE
-29.024416,-50.727665,-29.024433,-50.727803,BRIDGE
-29.024325,-54.100708,-29.024325,-54.100510,BRIDGE
-29.023878,-56.315805,-29.024047,-56.315874,BRIDGE
-29.023845,-51.973896,-29.023689,-51.973632,BRIDGE
-29.023449,-50.847849,-29.023409,-50.847774,BRIDGE
-29.023239,-50.726022,-29.023934,-50.726219,BRIDGE
-29.022695,-55.128289,-29.022649,-55.128336,BRIDGE
-29.021929,-50.680074,-29.021823,-50.680191,BRIDGE
-29.020986,-50.940849,-29.020843,-50.940822,BRIDGE
-29.020077,-51.528404,-29.020194,-51.528354,BRIDGE
-29.017345,-51.010311,-29.017849,-51.010626,BRIDGE
-29.017295,-54.224714,-29.017288,-54.224459,BRIDGE
-29.015553,-50.585653,-29.015086,-50.585220,BRIDGE
-29.015379,-54.495896,-29.015341,-54.496627,BRIDGE
-29.014033,-52.130508,-29.014216,-52.130342,BRIDGE
-29.013461,-51.660319,-29.013418,-51.660695,BRIDGE
-29.013413,-53.301384,-29.013617,-53.300978,BRIDGE
-29.012743,-50.050764,-29.012738,-50.050882,BRIDGE
-29.012295,-50.842833,-29.012245,-50.842704,BRIDGE
-29.012266,-50.038658,-29.012351,-50.039244,BRIDGE
-29.011812,-54.488158,-29.011827,-54.487896,BRIDGE
-29.011741,-52.216501,-29.011414,-52.216500,BRIDGE
-29.011424,-51.559421,-29.011358,-51.559397,BRIDGE
-29.011424,-51.650904,-29.011749,-51.651626,BRIDGE
-29.011332,-50.874443,-29.011445,-50.874440,BRIDGE
-29.011216,-51.623702,-29.010935,-51.623434,BRIDGE
-29.011174,-52.334041,-29.011478,-52.333240,BRIDGE
-29.009727,-53.193867,-29.022420,-53.188057,BRIDGE
-29.009552,-52.140054,-29.009537,-52.139917,BRIDGE
-29.008855,-51.667699,-29.008971,-51.667849,BRIDGE
-29.008207,-52.066718,-29.008794,-52.066858,BRIDGE
-29.007584,-51.615980,-29.007763,-51.616216,BRIDGE
-29.007087,-54.262684,-29.007135,-54.262572,BRIDGE
-29.003774,-50.010008,-29.003633,-50.009966,BRIDGE
-29.002966,-54.987125,-29.002834,-54.986733,BRIDGE
-29.002833,-51.664457,-29.002757,-51.664228,BRIDGE
-29.002802,-50.009735,-29.002677,-50.009694,BRIDGE
-28.997877,-54.471509,-28.997847,-54.471366,BRIDGE
-28.996964,-56.246290,-28.997000,-56.246304,BRIDGE
-28.996442,-51.751255,-28.996529,-51.751344,BRIDGE
-28.995781,-51.754585,-28.996406,-51.754180,BRIDGE
-28.994452,-51.670315,-28.994725,-51.670386,BRIDGE
-28.994105,-55.803431,-28.994336,-55.803597,BRIDGE
-28.993832,-51.892645,-28.993886,-51.892502,BRIDGE
-28.992496,-51.649955,-28.992398,-51.649799,BRIDGE
-28.992338,-51.669256,-28.992348,-51.669090,BRIDGE
-28.991282,-55.292818,-28.991315,-55.293407,BRIDGE
-28.991041,-55.226367,-28.991203,-55.226606,BRIDGE
-28.989274,-52.088631,-28.989295,-52.088859,BRIDGE
-28.986966,-52.161773,-28.986943,-52.161674,BRIDGE
-28.986432,-53.912180,-28.986685,-53.912276,BRIDGE
-28.985713,-50.928268,-28.985655,-50.928258,BRIDGE
-28.983408,-50.562626,-28.983433,-50.562565,BRIDGE
-28.981974,-51.940245,-28.981939,-51.940436,BRIDGE
-28.981893,-53.280476,-28.981963,-53.280427,BRIDGE
-28.981169,-54.566140,-28.981194,-54.566271,BRIDGE
-28.979941,-51.317139,-28.979938,-51.317259,BRIDGE
-28.979392,-54.211787,-28.979273,-54.211534,BRIDGE
-28.979101,-52.555115,-28.978957,-52.555115,BRIDGE
-28.978666,-53.471042,-28.978509,-53.470959,BRIDGE
-28.978135,-51.833521,-28.978095,-51.833373,TUNNEL
-28.977991,-53.241577,-28.978514,-53.241598,BRIDGE
-28.977475,-52.095697,-28.977487,-52.095602,BRIDGE
-28.976859,-52.871293,-28.976963,-52.871211,BRIDGE
-28.976675,-51.850943,-28.976513,-51.850850,BRIDGE
-28.976635,-51.855841,-28.976706,-51.856069,BRIDGE
-28.976362,-51.838023,-28.976366,-51.838154,BRIDGE
-28.975259,-51.996675,-28.975074,-51.996833,BRIDGE
-28.972250,-55.280482,-28.972005,-55.280285,BRIDGE
-28.971075,-53.472188,-28.971220,-53.471931,BRIDGE
-28.969884,-53.774757,-28.969971,-53.774879,BRIDGE
-28.969753,-51.737213,-28.969946,-51.737318,BRIDGE
-28.969386,-52.012984,-28.969410,-52.012864,BRIDGE
-28.968882,-52.010006,-28.968781,-52.010006,BRIDGE
-28.968759,-52.008090,-28.968756,-52.008182,BRIDGE
-28.967520,-52.789901,-28.967668,-52.789684,BRIDGE
-28.967138,-53.266069,-28.967003,-53.266160,BRIDGE
-28.966066,-55.869344,-28.966507,-55.869509,BRIDGE
-28.965713,-50.031231,-28.966056,-50.030491,BRIDGE
-28.964275,-54.202087,-28.964048,-54.202301,BRIDGE
-28.963835,-50.801575,-28.963380,-50.801588,BRIDGE
-28.963729,-51.071562,-28.963624,-51.071564,TUNNEL
-28.963253,-51.761417,-28.962793,-51.760750,BRIDGE
-28.963075,-51.070786,-28.962724,-51.070920,TUNNEL
-28.961183,-51.590163,-28.961054,-51.590321,BRIDGE
-28.960457,-52.859146,-28.960473,-52.859327,BRIDGE
-28.960121,-50.050343,-28.959646,-50.050655,BRIDGE
-28.959525,-50.929128,-28.959441,-50.929192,BRIDGE
-28.958649,-56.293448,-28.958616,-56.293567,BRIDGE
-28.958647,-51.721422,-28.958445,-51.721504,BRIDGE
-28.958542,-53.020242,-28.958382,-53.020119,BRIDGE
-28.955762,-54.454968,-28.955540,-54.454929,BRIDGE
-28.955647,-52.105416,-28.955697,-52.105333,BRIDGE
-28.955264,-55.320574,-28.955172,-55.320925,BRIDGE
-28.955035,-52.289290,-28.954960,-52.288907,BRIDGE
-28.954949,-52.851772,-28.955144,-52.851886,BRIDGE
-28.954199,-54.710210,-28.954420,-54.710650,BRIDGE
-28.953922,-54.435707,-28.953969,-54.435711,BRIDGE
-28.953605,-54.771948,-28.953677,-54.771726,BRIDGE
-28.953536,-50.661204,-28.953651,-50.661183,BRIDGE
-28.953053,-50.058686,-28.953348,-50.058324,BRIDGE
-28.952894,-50.483449,-28.952977,-50.483515,BRIDGE
-28.951761,-53.766934,-28.951911,-53.767015,BRIDGE
-28.951168,-51.081492,-28.951420,-51.081574,BRIDGE
-28.951164,-51.081344,-28.951562,-51.081491,BRIDGE
-28.950585,-54.589925,-28.950504,-54.589530,BRIDGE
-28.950540,-51.079288,-28.950509,-51.079162,BRIDGE
-28.949497,-52.413619,-28.949414,-52.413793,BRIDGE
-28.948435,-50.469440,-28.948609,-50.469571,BRIDGE
-28.947493,-52.335765,-28.947639,-52.335986,BRIDGE
-28.946712,-52.336562,-28.946684,-52.336654,BRIDGE
-28.946365,-51.693031,-28.946501,-51.693007,BRIDGE
-28.945713,-50.459378,-28.945792,-50.459384,BRIDGE
-28.945573,-56.124384,-28.945529,-56.124298,BRIDGE
-28.945277,-50.325255,-28.945245,-50.325321,BRIDGE
-28.944716,-55.069651,-28.944537,-55.069428,BRIDGE
-28.944542,-51.176400,-28.944289,-51.175948,BRIDGE
-28.942328,-50.991800,-28.942259,-50.991438,BRIDGE
-28.942003,-51.189498,-28.939948,-51.188257,BRIDGE
-28.941823,-54.573480,-28.941756,-54.573377,BRIDGE
-28.940354,-54.189236,-28.940408,-54.188958,BRIDGE
-28.939889,-54.537333,-28.939871,-54.537410,BRIDGE
-28.937098,-56.116944,-28.936989,-56.116988,BRIDGE
-28.934790,-52.231866,-28.934881,-52.231996,BRIDGE
-28.934430,-53.643197,-28.935380,-53.643601,BRIDGE
-28.934294,-56.075883,-28.934263,-56.075769,BRIDGE
-28.933921,-53.008072,-28.933979,-53.007843,BRIDGE
-28.932296,-51.211739,-28.932474,-51.211627,BRIDGE
-28.931955,-51.514272,-28.932104,-51.514019,BRIDGE
-28.931827,-54.450084,-28.931834,-54.450031,BRIDGE
-28.931759,-53.669831,-28.931761,-53.669452,BRIDGE
-28.931688,-56.416711,-28.931550,-56.416493,BRIDGE
-28.931390,-51.693910,-28.931672,-51.694007,BRIDGE
-28.930969,-50.631723,-28.931117,-50.631399,BRIDGE
-28.930712,-54.767902,-28.930947,-54.767377,BRIDGE
-28.929409,-55.684427,-28.929634,-55.684449,BRIDGE
-28.927737,-52.877533,-28.927783,-52.877343,BRIDGE
-28.926920,-51.740992,-28.927088,-51.740738,BRIDGE
-28.926012,-52.491006,-28.926234,-52.491259,BRIDGE
-28.925734,-52.490688,-28.925880,-52.490818,BRIDGE
-28.925075,-50.754805,-28.925111,-50.755022,BRIDGE
-28.921884,-51.574717,-28.921793,-51.574829,BRIDGE
-28.921655,-52.265293,-28.921758,-52.266252,BRIDGE
-28.921401,-51.682279,-28.921398,-51.682453,BRIDGE
-28.920902,-52.051104,-28.920934,-52.051329,BRIDGE
-28.919638,-51.577249,-28.919413,-51.578370,BRIDGE
-28.918880,-51.520172,-28.918840,-51.520256,BRIDGE
-28.918735,-51.578984,-28.918519,-51.578777,BRIDGE
-28.917797,-52.192677,-28.917887,-52.192597,BRIDGE
-28.916238,-52.224484,-28.916035,-52.224496,BRIDGE
-28.911295,-50.389024,-28.910820,-50.389507,BRIDGE
-28.911011,-51.953275,-28.911219,-51.952442,BRIDGE
-28.910342,-53.282346,-28.910449,-53.282321,BRIDGE
-28.909052,-51.878434,-28.909084,-51.878032,BRIDGE
-28.908543,-51.941837,-28.908478,-51.941932,BRIDGE
-28.908509,-53.286441,-28.908450,-53.286377,BRIDGE
-28.908501,-54.924529,-28.908318,-54.924314,BRIDGE
-28.904084,-50.087515,-28.903820,-50.087462,BRIDGE
-28.903254,-51.703863,-28.903247,-51.703665,BRIDGE
-28.903012,-52.906749,-28.902691,-52.906478,BRIDGE
-28.902828,-50.842670,-28.903023,-50.842510,BRIDGE
-28.902631,-50.839312,-28.902942,-50.838794,BRIDGE
-28.902515,-51.671449,-28.902666,-51.671539,BRIDGE
-28.899829,-51.582789,-28.899558,-51.583110,BRIDGE
-28.899773,-51.581555,-28.899610,-51.581465,BRIDGE
-28.899541,-50.813776,-28.899272,-50.813999,BRIDGE
-28.898931,-52.817062,-28.899120,-52.817204,BRIDGE
-28.897642,-52.936682,-28.897520,-52.936659,BRIDGE
-28.897222,-52.280727,-28.897290,-52.280659,BRIDGE
-28.897029,-53.954025,-28.896820,-53.953874,BRIDGE
-28.896780,-51.655617,-28.896593,-51.655574,BRIDGE
-28.895843,-53.694916,-28.895668,-53.694807,BRIDGE
-28.894166,-52.267498,-28.893958,-52.267471,BRIDGE
-28.894037,-52.973731,-28.893990,-52.974063,BRIDGE
-28.893779,-52.283255,-28.893470,-52.283344,BRIDGE
-28.893320,-52.432546,-28.893399,-52.432728,BRIDGE
-28.893159,-56.156026,-28.893116,-56.156085,BRIDGE
-28.892774,-51.967210,-28.892661,-51.967314,BRIDGE
-28.891297,-54.527475,-28.891375,-54.528113,BRIDGE
-28.891130,-54.599932,-28.891067,-54.599519,BRIDGE
-28.890240,-53.733840,-28.890150,-53.733728,BRIDGE
-28.890168,-51.316628,-28.890118,-51.316837,BRIDGE
-28.889796,-52.416002,-28.889822,-52.415686,BRIDGE
-28.889123,-50.619379,-28.888803,-50.619571,BRIDGE
-28.889077,-52.390248,-28.889273,-52.390248,BRIDGE
-28.887500,-52.104785,-28.887496,-52.104608,BRIDGE
-28.886862,-52.093399,-28.887001,-52.093481,BRIDGE
-28.885372,-52.078089,-28.885150,-52.077988,BRIDGE
-28.885330,-53.763198,-28.885441,-53.763431,BRIDGE
-28.885326,-56.035210,-28.885511,-56.035234,BRIDGE
-28.883599,-52.873616,-28.883949,-52.873434,BRIDGE
-28.883207,-55.829998,-28.884012,-55.829833,BRIDGE
-28.882724,-53.261553,-28.882571,-53.261023,BRIDGE
-28.882124,-51.403840,-28.882281,-51.403634,BRIDGE
-28.881458,-51.669496,-28.881417,-51.669663,BRIDGE
-28.881345,-51.402250,-28.881312,-51.402408,BRIDGE
-28.880991,-52.069643,-28.880799,-52.069627,BRIDGE
-28.880196,-51.588754,-28.880044,-51.588808,BRIDGE
-28.879910,-51.324288,-28.879864,-51.324044,BRIDGE
-28.878341,-50.011958,-28.878320,-50.011849,BRIDGE
-28.877577,-53.395044,-28.877872,-53.394809,BRIDGE
-28.877307,-51.147048,-28.878072,-51.148682,BRIDGE
-28.877251,-52.885444,-28.877140,-52.885090,BRIDGE
-28.877198,-53.036544,-28.877131,-53.036603,BRIDGE
-28.876383,-51.316528,-28.876220,-51.316333,BRIDGE
-28.875987,-54.939959,-28.875288,-54.939856,BRIDGE
-28.875905,-56.172744,-28.875828,-56.173235,BRIDGE
-28.873615,-53.053006,-28.873761,-53.053093,BRIDGE
-28.872910,-50.930338,-28.872889,-50.931165,BRIDGE
-28.872475,-51.450232,-28.873402,-51.448810,BRIDGE
-28.872186,-52.872184,-28.872433,-52.872407,BRIDGE
-28.872131,-52.327968,-28.872121,-52.327754,BRIDGE
-28.871471,-51.393153,-28.871483,-51.393266,BRIDGE
-28.871392,-52.027575,-28.871214,-52.027647,BRIDGE
-28.871154,-52.281922,-28.871182,-52.282011,BRIDGE
-28.869948,-51.337518,-28.869946,-51.337647,BRIDGE
-28.869621,-50.020580,-28.870134,-50.020429,BRIDGE
-28.869500,-51.440443,-28.869460,-51.440492,BRIDGE
-28.869321,-54.575915,-28.869407,-54.575751,BRIDGE
-28.869226,-54.519841,-28.869743,-54.519573,BRIDGE
-28.869203,-50.459698,-28.868254,-50.459559,BRIDGE
-28.869077,-52.037351,-28.869088,-52.037182,BRIDGE
-28.868262,-51.860402,-28.868162,-51.860255,BRIDGE
-28.868115,-55.833504,-28.868464,-55.833426,BRIDGE
-28.867694,-51.901329,-28.867664,-51.901627,BRIDGE
-28.866097,-53.672504,-28.866015,-53.672496,BRIDGE
-28.865619,-52.867196,-28.865914,-52.867478,BRIDGE
-28.863142,-53.866336,-28.863035,-53.866389,BRIDGE
-28.861695,-51.877873,-28.861635,-51.877762,BRIDGE
-28.860461,-54.277636,-28.860361,-54.277534,BRIDGE
-28.859941,-52.237603,-28.859812,-52.237728,BRIDGE
-28.859913,-51.593274,-28.859920,-51.593489,BRIDGE
-28.859736,-51.254565,-28.859609,-51.254631,BRIDGE
-28.858344,-55.314612,-28.858474,-55.314664,BRIDGE
-28.858073,-51.277006,-28.858116,-51.276913,BRIDGE
-28.857897,-51.318244,-28.857854,-51.318377,BRIDGE
-28.857759,-52.940035,-28.857750,-52.939555,BRIDGE
-28.857434,-52.201049,-28.857294,-52.200991,BRIDGE
-28.857298,-51.777752,-28.857253,-51.777926,BRIDGE
-28.856695,-51.275044,-28.856681,-51.274488,BRIDGE
-28.856140,-53.295836,-28.856334,-53.295490,BRIDGE
-28.855900,-52.683857,-28.855647,-52.683701,BRIDGE
-28.854790,-51.462450,-28.854894,-51.463379,BRIDGE
-28.854779,-56.082170,-28.857820,-56.082731,BRIDGE
-28.854115,-52.971938,-28.854304,-52.971776,BRIDGE
-28.853278,-51.274623,-28.853252,-51.274391,BRIDGE
-28.853056,-52.446830,-28.853346,-52.446820,BRIDGE
-28.852690,-52.030074,-28.851849,-52.030071,BRIDGE
-28.851247,-51.833362,-28.852545,-51.832133,BRIDGE
-28.851095,-51.271214,-28.851095,-51.270927,BRIDGE
-28.850942,-52.621392,-28.850750,-52.621479,BRIDGE
-28.850745,-52.659892,-28.850926,-52.659976,BRIDGE
-28.850542,-50.023780,-28.850208,-50.023861,BRIDGE
-28.850010,-51.319007,-28.849944,-51.318928,BRIDGE
-28.849828,-51.589595,-28.849816,-51.589675,BRIDGE
-28.849826,-51.270564,-28.849846,-51.270396,BRIDGE
-28.848832,-51.906478,-28.848828,-51.906758,TUNNEL
-28.848196,-52.263996,-28.848219,-52.263905,BRIDGE
-28.847489,-51.324166,-28.847404,-51.324165,BRIDGE
-28.847218,-51.898835,-28.847207,-51.898655,BRIDGE
-28.846543,-51.271863,-28.846643,-51.271901,BRIDGE
-28.845003,-51.590387,-28.845018,-51.590525,BRIDGE
-28.844814,-52.635431,-28.845028,-52.635472,BRIDGE
-28.844298,-51.777726,-28.844578,-51.777491,BRIDGE
-28.843834,-52.198813,-28.843725,-52.198754,BRIDGE
-28.843691,-50.301344,-28.843960,-50.300977,BRIDGE
-28.843503,-55.622360,-28.843951,-55.622418,BRIDGE
-28.842854,-50.300100,-28.842556,-50.299917,BRIDGE
-28.842738,-52.262538,-28.842599,-52.262663,BRIDGE
-28.841553,-52.894985,-28.842160,-52.895028,BRIDGE
-28.841304,-52.195043,-28.841227,-52.194964,BRIDGE
-28.839940,-52.717538,-28.840185,-52.717522,BRIDGE
-28.838701,-52.874279,-28.838888,-52.874488,BRIDGE
-28.838602,-52.194085,-28.838521,-52.194088,BRIDGE
-28.838498,-51.904220,-28.838480,-51.904012,BRIDGE
-28.837986,-52.944156,-28.838048,-52.944502,BRIDGE
-28.837334,-51.332724,-28.837268,-51.332666,BRIDGE
-28.836964,-50.070684,-28.837373,-50.070625,BRIDGE
-28.836514,-53.055037,-28.836343,-53.055097,BRIDGE
-28.836346,-52.192191,-28.836254,-52.192128,BRIDGE
-28.835796,-55.218532,-28.834764,-55.218330,BRIDGE
-28.834921,-52.744170,-28.835459,-52.743569,BRIDGE
-28.834754,-53.778355,-28.834797,-53.777957,BRIDGE
-28.833250,-54.863967,-28.832870,-54.864860,BRIDGE
-28.833036,-51.270235,-28.832964,-51.270386,BRIDGE
-28.831635,-52.417782,-28.831618,-52.417690,BRIDGE
-28.830779,-52.503137,-28.830782,-52.503053,BRIDGE
-28.830192,-52.503139,-28.830268,-52.503217,BRIDGE
-28.829561,-55.587173,-28.829263,-55.586930,BRIDGE
-28.829535,-53.302736,-28.830092,-53.303324,BRIDGE
-28.829434,-52.952538,-28.829714,-52.952422,BRIDGE
-28.828888,-51.922279,-28.828824,-51.922115,BRIDGE
-28.828425,-51.006781,-28.827506,-51.007563,BRIDGE
-28.828353,-52.812364,-28.828894,-52.812020,BRIDGE
-28.828351,-53.665845,-28.828384,-53.665905,BRIDGE
-28.827920,-51.585982,-28.827825,-51.586020,BRIDGE
-28.827540,-51.270843,-28.827406,-51.270727,BRIDGE
-28.826625,-52.500671,-28.826627,-52.500568,BRIDGE
-28.825819,-52.961002,-28.825806,-52.961083,BRIDGE
-28.825120,-52.187593,-28.825058,-52.187493,BRIDGE
-28.824033,-50.369474,-28.824275,-50.368853,BRIDGE
-28.823913,-51.673533,-28.823919,-51.673678,BRIDGE
-28.822983,-51.494285,-28.823184,-51.494495,BRIDGE
-28.822969,-51.586617,-28.823220,-51.586308,BRIDGE
-28.822559,-49.997870,-28.822850,-49.997795,BRIDGE
-28.821895,-52.188898,-28.821775,-52.188903,BRIDGE
-28.821800,-52.171489,-28.821778,-52.171362,BRIDGE
-28.820743,-52.922429,-28.820735,-52.922130,BRIDGE
-28.819881,-54.198881,-28.820149,-54.199294,BRIDGE
-28.818579,-54.936449,-28.817730,-54.936004,BRIDGE
-28.818373,-52.586848,-28.818362,-52.586754,BRIDGE
-28.817923,-54.639863,-28.818021,-54.639607,BRIDGE
-28.817920,-50.376127,-28.817847,-50.376110,BRIDGE
-28.815832,-52.976793,-28.815984,-52.976760,BRIDGE
-28.815385,-54.575486,-28.815763,-54.576019,BRIDGE
-28.815093,-51.118617,-28.815252,-51.118718,BRIDGE
-28.814930,-52.616100,-28.814695,-52.615902,BRIDGE
-28.812982,-51.128685,-28.813182,-51.128807,BRIDGE
-28.812869,-52.327572,-28.813131,-52.327540,BRIDGE
-28.812610,-52.327646,-28.813339,-52.327725,BRIDGE
-28.812069,-54.281165,-28.811941,-54.281202,BRIDGE
-28.811731,-53.702330,-28.811784,-53.702259,BRIDGE
-28.811684,-52.162063,-28.811685,-52.162297,BRIDGE
-28.811343,-53.007594,-28.811481,-53.007469,BRIDGE
-28.809775,-49.993733,-28.809953,-49.993586,BRIDGE
-28.809150,-52.106222,-28.809285,-52.106047,BRIDGE
-28.808727,-52.626273,-28.808751,-52.625852,BRIDGE
-28.807439,-52.305586,-28.807512,-52.305643,BRIDGE
-28.807395,-51.212423,-28.807434,-51.212088,BRIDGE
-28.806599,-52.303801,-28.806615,-52.303933,BRIDGE
-28.806154,-51.730114,-28.806528,-51.730183,BRIDGE
-28.805954,-50.614753,-28.805022,-50.613933,BRIDGE
-28.805900,-52.122182,-28.805765,-52.122482,BRIDGE
-28.805026,-51.736026,-28.805114,-51.735724,BRIDGE
-28.804770,-51.701294,-28.804646,-51.701016,BRIDGE
-28.804555,-51.751162,-28.804504,-51.750906,BRIDGE
-28.804145,-52.918656,-28.804408,-52.919042,BRIDGE
-28.801302,-53.025942,-28.801327,-53.026173,BRIDGE
-28.800570,-51.033318,-28.800486,-51.033567,BRIDGE
-28.800254,-50.430802,-28.797681,-50.428942,BRIDGE
-28.799730,-53.009914,-28.799822,-53.010019,BRIDGE
-28.798602,-53.030667,-28.798433,-53.030558,BRIDGE
-28.797916,-50.427323,-28.798224,-50.427174,BRIDGE
-28.797811,-52.642209,-28.797919,-52.642010,BRIDGE
-28.796922,-52.007195,-28.796813,-52.007002,BRIDGE
-28.796573,-50.482508,-28.796495,-50.482446,BRIDGE
-28.796053,-55.098992,-28.795902,-55.099035,BRIDGE
-28.795541,-51.105396,-28.795460,-51.105241,BRIDGE
-28.794690,-52.059664,-28.794615,-52.059570,BRIDGE
-28.794104,-52.953860,-28.794137,-52.953597,BRIDGE
-28.793428,-51.653557,-28.793314,-51.653585,BRIDGE
-28.793082,-50.010810,-28.793025,-50.010876,BRIDGE
-28.792837,-52.658130,-28.792964,-52.657739,BRIDGE
-28.792037,-51.314630,-28.792083,-51.314769,BRIDGE
-28.791371,-55.855369,-28.791213,-55.855463,BRIDGE
-28.791159,-51.696414,-28.791258,-51.696321,BRIDGE
-28.791043,-50.480582,-28.790959,-50.480565,BRIDGE
-28.789614,-53.044563,-28.789398,-53.044493,BRIDGE
-28.788697,-54.202293,-28.788251,-54.202365,BRIDGE
-28.788676,-54.375188,-28.788954,-54.375742,BRIDGE
-28.788576,-49.982869,-28.788337,-49.982963,BRIDGE
-28.786973,-51.344463,-28.787196,-51.344595,BRIDGE
-28.785986,-50.425101,-28.786189,-50.425310,BRIDGE
-28.784973,-51.323768,-28.784929,-51.323681,BRIDGE
-28.784274,-51.179592,-28.784337,-51.179534,BRIDGE
-28.784163,-49.982346,-28.783925,-49.982510,BRIDGE
-28.783145,-54.448655,-28.782973,-54.448576,BRIDGE
-28.781408,-53.198730,-28.781223,-53.198456,BRIDGE
-28.781299,-52.001053,-28.781402,-52.001044,BRIDGE
-28.781241,-55.158321,-28.781280,-55.158463,BRIDGE
-28.781138,-51.187083,-28.781096,-51.186802,BRIDGE
-28.780918,-52.000740,-28.780887,-52.000595,BRIDGE
-28.780769,-53.186948,-28.780846,-53.186916,BRIDGE
-28.780262,-53.201715,-28.780421,-53.201578,BRIDGE
-28.780036,-50.479600,-28.780087,-50.479669,BRIDGE
-28.780015,-53.001658,-28.779967,-53.001322,BRIDGE
-28.777867,-53.982352,-28.777336,-53.982539,BRIDGE
-28.776672,-54.929693,-28.776286,-54.929752,BRIDGE
-28.775991,-51.333278,-28.776126,-51.333257,BRIDGE
-28.775663,-51.521345,-28.775365,-51.520534,BRIDGE
-28.773413,-54.192480,-28.773261,-54.192208,BRIDGE
-28.772206,-52.931558,-28.772260,-52.930978,BRIDGE
-28.772042,-52.967185,-28.771657,-52.967552,BRIDGE
-28.771905,-50.823166,-28.771898,-50.823259,BRIDGE
-28.769983,-52.412070,-28.770030,-52.412146,BRIDGE
-28.769202,-49.997951,-28.769089,-49.997988,BRIDGE
-28.768978,-52.966303,-28.768957,-52.966173,BRIDGE
-28.768623,-49.990901,-28.768657,-49.990794,BRIDGE
-28.767671,-54.878533,-28.767490,-54.878668,BRIDGE
-28.765853,-51.764807,-28.765803,-51.764560,BRIDGE
-28.764925,-51.701606,-28.765025,-51.701516,BRIDGE
-28.764895,-53.321675,-28.764909,-53.321291,BRIDGE
-28.764260,-52.424163,-28.764315,-52.424202,BRIDGE
-28.762336,-51.319841,-28.762386,-51.319765,BRIDGE
-28.762114,-56.124803,-28.762384,-56.124894,BRIDGE
-28.760091,-51.692295,-28.760319,-51.692270,BRIDGE
-28.760044,-51.100129,-28.759915,-51.099911,BRIDGE
-28.759629,-52.787706,-28.759679,-52.787790,BRIDGE
-28.759218,-55.875653,-28.759062,-55.875824,BRIDGE
-28.759085,-56.123635,-28.758714,-56.123458,BRIDGE
-28.758489,-50.821960,-28.758534,-50.821863,BRIDGE
-28.758435,-52.695047,-28.758735,-52.695486,BRIDGE
-28.758343,-52.077678,-28.757894,-52.078087,BRIDGE
-28.755536,-51.672625,-28.755816,-51.672293,BRIDGE
-28.755023,-51.298897,-28.754935,-51.298922,BRIDGE
-28.754655,-54.208552,-28.754811,-54.208650,BRIDGE
-28.754486,-52.727186,-28.754500,-52.726674,BRIDGE
-28.754097,-52.614628,-28.753937,-52.614724,BRIDGE
-28.754038,-51.987269,-28.753960,-51.987482,BRIDGE
-28.753558,-53.156098,-28.753620,-53.155905,BRIDGE
-28.751925,-52.187066,-28.752025,-52.187244,BRIDGE
-28.750217,-52.987911,-28.749516,-52.988753,BRIDGE
-28.749909,-50.066458,-28.749867,-50.066481,BRIDGE
-28.748774,-52.667282,-28.749023,-52.667422,BRIDGE
-28.748564,-52.557138,-28.748794,-52.557478,BRIDGE
-28.748258,-51.694925,-28.748169,-51.694749,BRIDGE
-28.748118,-54.277081,-28.748005,-54.277038,BRIDGE
-28.748020,-50.066593,-28.748026,-50.066792,BRIDGE
-28.747674,-55.507579,-28.747638,-55.505880,BRIDGE
-28.747625,-51.567973,-28.747576,-51.567886,BRIDGE
-28.747540,-52.704591,-28.747146,-52.704670,BRIDGE
-28.746426,-53.030486,-28.745907,-53.030849,BRIDGE
-28.746148,-51.575171,-28.746066,-51.574974,BRIDGE
-28.745960,-55.162872,-28.746128,-55.162076,BRIDGE
-28.745828,-52.694751,-28.746175,-52.695154,BRIDGE
-28.745701,-51.745953,-28.745683,-51.745776,BRIDGE
-28.744660,-52.470189,-28.744257,-52.469991,BRIDGE
-28.744296,-52.794461,-28.744368,-52.794505,BRIDGE
-28.743933,-55.704170,-28.743803,-55.703934,BRIDGE
-28.743662,-55.661038,-28.743647,-55.660800,BRIDGE
-28.743613,-55.801213,-28.743759,-55.801414,BRIDGE
-28.743568,-55.659661,-28.743516,-55.658933,BRIDGE
-28.743474,-55.658409,-28.743470,-55.658243,BRIDGE
-28.742515,-53.217495,-28.742170,-53.217165,BRIDGE
-28.742134,-50.101379,-28.741960,-50.101612,BRIDGE
-28.741888,-52.127855,-28.742009,-52.128080,BRIDGE
-28.740918,-51.535202,-28.740824,-51.534827,BRIDGE
-28.740830,-52.748351,-28.741515,-52.748118,BRIDGE
-28.740030,-51.687895,-28.740414,-51.687530,BRIDGE
-28.739957,-54.129788,-28.739953,-54.129970,BRIDGE
-28.739891,-50.679124,-28.740143,-50.679029,BRIDGE
-28.739863,-51.691762,-28.740002,-51.691622,BRIDGE
-28.739668,-52.355737,-28.739668,-52.355836,BRIDGE
-28.738815,-55.977371,-28.739089,-55.977368,BRIDGE
-28.738788,-51.426187,-28.738288,-51.425554,BRIDGE
-28.738412,-53.300950,-28.738231,-53.300985,BRIDGE
-28.737513,-51.424880,-28.737449,-51.424988,BRIDGE
-28.737256,-53.189383,-28.737416,-53.189516,BRIDGE
-28.736896,-52.844865,-28.736913,-52.844962,BRIDGE
-28.735909,-54.226222,-28.735911,-54.226445,BRIDGE
-28.735734,-54.410947,-28.735656,-54.411389,BRIDGE
-28.735097,-55.977349,-28.735311,-55.977352,BRIDGE
-28.734432,-53.048982,-28.734481,-53.049262,BRIDGE
-28.734275,-54.107657,-28.734067,-54.107569,BRIDGE
-28.734125,-53.139567,-28.732972,-53.148105,BRIDGE
-28.732996,-55.923303,-28.732785,-55.923470,BRIDGE
-28.732386,-52.846110,-28.732366,-52.846043,BRIDGE
-28.730531,-52.794824,-28.730562,-52.794735,BRIDGE
-28.730381,-53.179394,-28.729654,-53.180926,BRIDGE
-28.730188,-52.724918,-28.730300,-52.725280,BRIDGE
-28.729734,-51.909188,-28.729711,-51.909087,BRIDGE
-28.729481,-51.991179,-28.729458,-51.991295,BRIDGE
-28.728909,-52.925611,-28.729082,-52.925987,BRIDGE
-28.728401,-54.990671,-28.728190,-54.990467,BRIDGE
-28.728146,-51.548816,-28.728420,-51.548814,BRIDGE
-28.727774,-50.676069,-28.727880,-50.676193,BRIDGE
-28.727645,-51.703618,-28.727637,-51.703496,BRIDGE
-28.727524,-51.991392,-28.727581,-51.991385,BRIDGE
-28.727395,-50.024512,-28.727191,-50.024301,BRIDGE
-28.727392,-53.290589,-28.727462,-53.290452,BRIDGE
-28.726854,-52.562732,-28.726929,-52.563022,BRIDGE
-28.726730,-51.737088,-28.726734,-51.737185,BRIDGE
-28.725404,-53.287379,-28.725266,-53.287285,BRIDGE
-28.724863,-54.203906,-28.725091,-54.203944,BRIDGE
-28.724393,-51.688610,-28.724389,-51.688705,BRIDGE
-28.723204,-55.435114,-28.722793,-55.433571,BRIDGE
-28.722628,-52.560891,-28.723243,-52.560238,BRIDGE
-28.721641,-52.795336,-28.721245,-52.794907,BRIDGE
-28.721606,-51.924074,-28.721550,-51.924024,BRIDGE
-28.721006,-53.182599,-28.721540,-53.182571,BRIDGE
-28.720612,-51.926119,-28.720697,-51.926200,BRIDGE
-28.720447,-52.850821,-28.720855,-52.849662,BRIDGE
-28.719939,-51.926866,-28.719874,-51.926799,BRIDGE
-28.719529,-52.082889,-28.719657,-52.083102,BRIDGE
-28.719436,-53.057131,-28.719368,-53.057045,BRIDGE
-28.719134,-51.958046,-28.719198,-51.958312,BRIDGE
-28.718833,-52.081541,-28.718950,-52.081627,BRIDGE
-28.718747,-51.928003,-28.718737,-51.927820,BRIDGE
-28.717717,-50.317773,-28.717797,-50.317807,BRIDGE
-28.716899,-56.008908,-28.717488,-56.009160,BRIDGE
-28.716800,-50.592399,-28.716709,-50.592319,BRIDGE
-28.716794,-52.508738,-28.716951,-52.508989,BRIDGE
-28.716647,-54.922039,-28.716141,-54.921951,BRIDGE
-28.715973,-51.302351,-28.716061,-51.302335,BRIDGE
-28.714862,-56.017007,-28.714603,-56.016819,BRIDGE
-28.713258,-51.935998,-28.713339,-51.935994,BRIDGE
-28.713245,-50.041258,-28.713003,-50.041480,BRIDGE
-28.710428,-52.727392,-28.710500,-52.727349,BRIDGE
-28.709485,-52.049892,-28.709457,-52.049754,BRIDGE
-28.709474,-50.591044,-28.709459,-50.590946,BRIDGE
-28.708924,-54.521196,-28.708717,-54.520504,BRIDGE
-28.708284,-50.241658,-28.708288,-50.241719,BRIDGE
-28.708125,-52.612946,-28.708077,-52.612345,BRIDGE
-28.708080,-52.850445,-28.708099,-52.850520,BRIDGE
-28.707770,-50.773280,-28.707846,-50.773311,BRIDGE
-28.706799,-52.043030,-28.706862,-52.042811,BRIDGE
-28.706415,-51.349098,-28.706467,-51.349178,BRIDGE
-28.705583,-50.835888,-28.705660,-50.835920,BRIDGE
-28.704950,-52.605609,-28.705017,-52.605701,BRIDGE
-28.703924,-53.196008,-28.704138,-53.196117,BRIDGE
-28.703399,-51.692667,-28.703367,-51.692770,BRIDGE
-28.702449,-54.073778,-28.702401,-54.073633,BRIDGE
-28.701381,-50.240131,-28.701354,-50.240071,BRIDGE
-28.700202,-51.953964,-28.700164,-51.953870,BRIDGE
-28.697949,-51.189892,-28.698298,-51.189886,BRIDGE
-28.697242,-51.844487,-28.697235,-51.844649,BRIDGE
-28.697214,-51.357426,-28.697028,-51.357125,BRIDGE
-28.696258,-51.566404,-28.696582,-51.566144,BRIDGE
-28.696133,-50.207760,-28.696169,-50.207849,BRIDGE
-28.694957,-54.378041,-28.695058,-54.377772,BRIDGE
-28.694723,-50.130403,-28.694779,-50.130489,BRIDGE
-28.693616,-51.370748,-28.693820,-51.370823,BRIDGE
-28.693238,-51.692120,-28.693255,-51.692038,BRIDGE
-28.691701,-53.228320,-28.692096,-53.228564,BRIDGE
-28.691631,-53.541593,-28.691781,-53.541560,BRIDGE
-28.690688,-51.816650,-28.690570,-51.816635,BRIDGE
-28.690010,-53.030208,-28.690033,-53.030617,BRIDGE
-28.689215,-50.124294,-28.689140,-50.124366,BRIDGE
-28.689058,-50.121612,-28.689099,-50.121680,BRIDGE
-28.688995,-54.783374,-28.689153,-54.783462,BRIDGE
-28.688809,-52.074256,-28.688746,-52.074260,BRIDGE
-28.687972,-56.042610,-28.687967,-56.042695,BRIDGE
-28.687512,-52.686710,-28.687232,-52.686525,BRIDGE
-28.687006,-52.096573,-28.686883,-52.096813,BRIDGE
-28.686522,-52.708991,-28.686522,-52.708068,BRIDGE
-28.685286,-52.121376,-28.685149,-52.121313,BRIDGE
-28.684307,-51.215533,-28.684225,-51.215545,BRIDGE
-28.683642,-52.935770,-28.683720,-52.935500,BRIDGE
-28.683399,-51.808721,-28.683277,-51.808881,BRIDGE
-28.683078,-52.209564,-28.683249,-52.209507,BRIDGE
-28.682913,-52.472193,-28.683138,-52.472219,BRIDGE
-28.682140,-53.240355,-28.681962,-53.240333,BRIDGE
-28.681499,-51.222553,-28.681425,-51.222517,BRIDGE
-28.680894,-51.793902,-28.681058,-51.793991,BRIDGE
-28.680150,-51.198422,-28.680212,-51.198361,BRIDGE
-28.679891,-55.580212,-28.683830,-55.579487,BRIDGE
-28.679572,-52.256921,-28.679535,-52.256905,BRIDGE
-28.679503,-52.207265,-28.679581,-52.207125,BRIDGE
-28.678768,-51.787013,-28.678613,-51.787009,BRIDGE
-28.678709,-51.609384,-28.679085,-51.609350,BRIDGE
-28.678220,-55.973650,-28.678501,-55.974079,BRIDGE
-28.677543,-52.853281,-28.677539,-52.853154,BRIDGE
-28.676930,-52.168609,-28.676919,-52.168432,BRIDGE
-28.676846,-51.747981,-28.676818,-51.748151,BRIDGE
-28.675869,-52.168633,-28.675862,-52.168469,BRIDGE
-28.675848,-51.754980,-28.676009,-51.754938,BRIDGE
-28.674822,-51.228698,-28.674880,-51.228777,BRIDGE
-28.674036,-51.950964,-28.674069,-51.951147,BRIDGE
-28.673886,-52.168568,-28.673875,-52.168389,BRIDGE
-28.673707,-52.204638,-28.673705,-52.204830,BRIDGE
-28.673625,-53.658716,-28.673705,-53.658857,BRIDGE
-28.673492,-51.402538,-28.673448,-51.402361,BRIDGE
-28.673292,-51.144069,-28.673278,-51.143939,BRIDGE
-28.672953,-55.964009,-28.672795,-55.963939,TUNNEL
-28.672819,-52.143584,-28.672664,-52.143435,BRIDGE
-28.672495,-51.063812,-28.673314,-51.063410,BRIDGE
-28.672124,-51.138164,-28.672041,-51.137800,BRIDGE
-28.671614,-49.965770,-28.671413,-49.965612,BRIDGE
-28.670747,-53.609839,-28.670860,-53.609520,BRIDGE
-28.670544,-52.194291,-28.670357,-52.194158,BRIDGE
-28.670331,-50.304342,-28.670289,-50.304270,BRIDGE
-28.670151,-51.536242,-28.670227,-51.536203,BRIDGE
-28.669764,-52.270712,-28.669877,-52.270671,BRIDGE
-28.669680,-52.087998,-28.669711,-52.088197,BRIDGE
-28.669663,-54.352834,-28.669482,-54.352719,BRIDGE
-28.668992,-52.513399,-28.669192,-52.513372,BRIDGE
-28.668883,-52.099778,-28.668968,-52.100205,BRIDGE
-28.668386,-52.219523,-28.668592,-52.219505,BRIDGE
-28.666917,-53.540165,-28.666960,-53.540265,BRIDGE
-28.666676,-51.937415,-28.666578,-51.937373,BRIDGE
-28.666512,-52.165529,-28.666825,-52.165225,BRIDGE
-28.665637,-50.620255,-28.665567,-50.620254,BRIDGE
-28.663428,-54.139524,-28.664110,-54.139702,BRIDGE
-28.662288,-52.079270,-28.662530,-52.079094,BRIDGE
-28.661284,-53.487602,-28.661260,-53.487681,BRIDGE
-28.660901,-51.964905,-28.660982,-51.965155,BRIDGE
-28.660163,-51.059232,-28.660750,-51.058875,BRIDGE
-28.660060,-50.009047,-28.660008,-50.009017,BRIDGE
-28.659942,-51.618024,-28.659814,-51.618036,BRIDGE
-28.659036,-51.749527,-28.658934,-51.749577,BRIDGE
-28.658931,-51.737838,-28.658740,-51.737517,BRIDGE
-28.658694,-54.463836,-28.658041,-54.463079,BRIDGE
-28.658627,-51.930693,-28.658624,-51.930584,BRIDGE
-28.658377,-50.957639,-28.658316,-50.957534,BRIDGE
-28.657491,-52.493901,-28.657688,-52.493743,BRIDGE
-28.657001,-53.184210,-28.656795,-53.184201,BRIDGE
-28.656689,-55.356954,-28.657449,-55.356324,BRIDGE
-28.656323,-50.309160,-28.656351,-50.309112,BRIDGE
-28.655425,-50.307690,-28.655428,-50.307821,BRIDGE
-28.655402,-52.064269,-28.654962,-52.064772,BRIDGE
-28.654195,-55.222225,-28.654214,-55.222336,BRIDGE
-28.654117,-51.823252,-28.654190,-51.823225,BRIDGE
-28.654032,-51.823268,-28.654117,-51.823252,BRIDGE
-28.653645,-53.672262,-28.653496,-53.672412,BRIDGE
-28.652515,-54.127689,-28.652744,-54.128198,BRIDGE
-28.651990,-53.742085,-28.651975,-53.742012,BRIDGE
-28.651778,-51.810129,-28.651869,-51.809988,BRIDGE
-28.651518,-53.822440,-28.651601,-53.822523,BRIDGE
-28.651217,-51.015046,-28.651123,-51.015334,BRIDGE
-28.649890,-52.021090,-28.649805,-52.021114,BRIDGE
-28.649127,-52.049149,-28.649224,-52.048920,BRIDGE
-28.648498,-51.878957,-28.648269,-51.879060,BRIDGE
-28.648136,-50.450589,-28.648029,-50.450682,BRIDGE
-28.647969,-51.350573,-28.648270,-51.350206,BRIDGE
-28.647731,-51.891031,-28.647902,-51.891001,BRIDGE
-28.647276,-53.179711,-28.646727,-53.180864,BRIDGE
-28.646894,-52.927132,-28.647085,-52.926207,BRIDGE
-28.646310,-51.331441,-28.646327,-51.331071,BRIDGE
-28.646305,-51.888927,-28.646330,-51.888713,BRIDGE
-28.646123,-51.479670,-28.646063,-51.479466,BRIDGE
-28.645658,-53.597446,-28.645481,-53.598238,BRIDGE
-28.645548,-53.598320,-28.645724,-53.597468,BRIDGE
-28.645505,-53.559572,-28.645629,-53.560074,BRIDGE
-28.645407,-53.599128,-28.645451,-53.598891,BRIDGE
-28.645382,-53.598851,-28.645338,-53.599122,BRIDGE
-28.645296,-55.169192,-28.645379,-55.169176,BRIDGE
-28.644437,-53.508343,-28.644449,-53.508444,BRIDGE
-28.644333,-53.037041,-28.644251,-53.037913,BRIDGE
-28.644138,-50.835529,-28.644072,-50.835363,BRIDGE
-28.644137,-54.127635,-28.644552,-54.128134,BRIDGE
-28.643985,-51.793868,-28.644415,-51.793696,BRIDGE
-28.643397,-55.167231,-28.643406,-55.167363,BRIDGE
-28.642719,-53.599200,-28.642647,-53.599049,BRIDGE
-28.642590,-53.599096,-28.642649,-53.599235,BRIDGE
-28.642255,-52.927569,-28.642352,-52.927684,BRIDGE
-28.642170,-51.898381,-28.642042,-51.898303,BRIDGE
-28.642139,-55.083803,-28.642205,-55.083669,BRIDGE
-28.642124,-54.575547,-28.642412,-54.575486,BRIDGE
-28.642105,-51.973054,-28.642186,-51.973304,BRIDGE
-28.641069,-51.938573,-28.641214,-51.938639,BRIDGE
-28.640422,-52.140509,-28.640488,-52.140625,BRIDGE
-28.640178,-53.480775,-28.640245,-53.480902,BRIDGE
-28.639603,-53.224495,-28.639802,-53.224567,BRIDGE
-28.639491,-51.906075,-28.639357,-51.906031,BRIDGE
-28.639421,-53.076224,-28.639312,-53.076795,BRIDGE
-28.639032,-55.828424,-28.639151,-55.829586,BRIDGE
-28.638568,-51.937204,-28.638566,-51.937306,BRIDGE
-28.638096,-49.965829,-28.638433,-49.966215,BRIDGE
-28.636660,-52.614783,-28.637161,-52.614820,BRIDGE
-28.636294,-50.078027,-28.636462,-50.078275,BRIDGE
-28.636288,-53.226498,-28.636359,-53.226884,BRIDGE
-28.636242,-51.756223,-28.636132,-51.756172,BRIDGE
-28.636195,-50.595780,-28.636269,-50.595791,BRIDGE
-28.636192,-55.561126,-28.636292,-55.561205,BRIDGE
-28.635671,-52.956768,-28.635715,-52.956631,BRIDGE
-28.635654,-50.537694,-28.635651,-50.537801,BRIDGE
-28.635620,-50.048438,-28.635644,-50.048599,BRIDGE
-28.635224,-52.965233,-28.635889,-52.964903,BRIDGE
-28.634278,-52.145310,-28.634225,-52.145230,BRIDGE
-28.634260,-51.614665,-28.634531,-51.614213,BRIDGE
-28.634256,-52.952103,-28.633858,-52.952082,BRIDGE
-28.634180,-52.137897,-28.634196,-52.138487,BRIDGE
-28.634133,-54.601130,-28.633787,-54.600364,BRIDGE
-28.633967,-52.099897,-28.633783,-52.099578,BRIDGE
-28.633880,-52.952208,-28.634239,-52.952229,BRIDGE
-28.633537,-51.847519,-28.633584,-51.847564,BRIDGE
-28.632876,-55.252539,-28.632830,-55.252660,BRIDGE
-28.632483,-52.946306,-28.632448,-52.946519,BRIDGE
-28.632427,-52.947793,-28.632513,-52.947793,BRIDGE
-28.632308,-53.074967,-28.632402,-53.074813,BRIDGE
-28.631654,-52.933736,-28.631216,-52.933423,BRIDGE
-28.630665,-51.780364,-28.630568,-51.780375,BRIDGE
-28.630636,-51.781608,-28.630616,-51.781524,BRIDGE
-28.630180,-50.944506,-28.630212,-50.944421,BRIDGE
-28.629724,-53.079915,-28.629736,-53.079748,BRIDGE
-28.629313,-53.599064,-28.629268,-53.599182,BRIDGE
-28.627548,-52.762430,-28.627367,-52.761695,BRIDGE
-28.627364,-51.485179,-28.627381,-51.485041,BRIDGE
-28.626519,-53.083660,-28.626521,-53.083792,BRIDGE
-28.626513,-51.480477,-28.626463,-51.480336,BRIDGE
-28.626357,-52.042303,-28.626423,-52.042134,BRIDGE
-28.625204,-50.239156,-28.625155,-50.239285,BRIDGE
-28.625168,-52.090070,-28.625389,-52.090117,BRIDGE
-28.625038,-50.327236,-28.624920,-50.326979,BRIDGE
-28.624568,-52.039409,-28.624656,-52.039420,BRIDGE
-28.624546,-52.649944,-28.624481,-52.649649,BRIDGE
-28.623917,-49.930584,-28.623808,-49.930366,BRIDGE
-28.623741,-55.751956,-28.623994,-55.752795,BRIDGE
-28.623492,-50.238811,-28.623576,-50.238887,BRIDGE
-28.623437,-53.085415,-28.623558,-53.085500,BRIDGE
-28.623424,-54.847119,-28.623320,-54.846486,BRIDGE
-28.623148,-53.749057,-28.623026,-53.749157,BRIDGE
-28.623054,-53.094665,-28.623044,-53.094557,BRIDGE
-28.622104,-52.119952,-28.622238,-52.119808,BRIDGE
-28.621895,-49.935750,-28.621602,-49.935633,BRIDGE
-28.621359,-51.858325,-28.621530,-51.858321,BRIDGE
-28.621032,-53.089600,-28.620967,-53.089545,BRIDGE
-28.620683,-52.524728,-28.620679,-52.524867,BRIDGE
-28.620478,-51.978307,-28.620464,-51.978077,BRIDGE
-28.620310,-50.833142,-28.620320,-50.833055,BRIDGE
-28.619803,-52.519699,-28.619775,-52.519562,TUNNEL
-28.619529,-51.869873,-28.619512,-51.869646,BRIDGE
-28.618593,-52.076583,-28.618534,-52.076789,BRIDGE
-28.617184,-55.737324,-28.618635,-55.739085,BRIDGE
-28.616867,-51.870500,-28.617218,-51.870426,BRIDGE
-28.616400,-53.572523,-28.616621,-53.572392,BRIDGE
-28.616125,-49.808751,-28.616040,-49.808901,BRIDGE
-28.616100,-52.445798,-28.616187,-52.445785,BRIDGE
-28.616088,-56.009727,-28.610848,-56.014501,BRIDGE
-28.615798,-49.850580,-28.615835,-49.850717,BRIDGE
-28.615278,-50.259670,-28.615236,-50.259759,BRIDGE
-28.615092,-50.701865,-28.615160,-50.701983,BRIDGE
-28.615049,-51.855460,-28.615495,-51.854407,BRIDGE
-28.613620,-52.514857,-28.613527,-52.514790,BRIDGE
-28.613315,-54.728333,-28.613875,-54.729320,BRIDGE
-28.611979,-52.019234,-28.611904,-52.019301,BRIDGE
-28.610848,-56.014501,-28.606176,-56.018709,BRIDGE
-28.609870,-53.183441,-28.609890,-53.183753,BRIDGE
-28.609051,-51.982233,-28.608986,-51.982002,BRIDGE
-28.607716,-51.621358,-28.607520,-51.621255,BRIDGE
-28.607375,-55.143467,-28.607594,-55.143598,BRIDGE
-28.607088,-51.766217,-28.607256,-51.766115,BRIDGE
-28.606589,-50.269968,-28.606557,-50.270049,BRIDGE
-28.606463,-52.306526,-28.606576,-52.306387,BRIDGE
-28.606012,-49.935250,-28.605704,-49.935478,BRIDGE
-28.604735,-50.870088,-28.605050,-50.869950,BRIDGE
-28.604636,-50.040927,-28.604706,-50.040930,BRIDGE
-28.604318,-49.762615,-28.604407,-49.762639,BRIDGE
-28.603705,-52.311361,-28.603927,-52.311291,BRIDGE
-28.603061,-52.571007,-28.603169,-52.571193,BRIDGE
-28.602950,-51.844409,-28.602888,-51.844379,BRIDGE
-28.602272,-49.763636,-28.602357,-49.763579,BRIDGE
-28.602260,-52.456536,-28.602236,-52.456625,BRIDGE
-28.601991,-51.899896,-28.602080,-51.899568,BRIDGE
-28.601855,-53.197894,-28.602083,-53.198192,BRIDGE
-28.601218,-50.726250,-28.601294,-50.726230,BRIDGE
-28.600569,-51.763993,-28.600678,-51.763927,BRIDGE
-28.600480,-51.905653,-28.600692,-51.905321,BRIDGE
-28.600098,-51.937625,-28.600093,-51.937528,BRIDGE
-28.599798,-51.940216,-28.599653,-51.940204,BRIDGE
-28.599677,-52.606280,-28.600817,-52.606328,BRIDGE
-28.598963,-50.726520,-28.598901,-50.726905,BRIDGE
-28.598957,-53.017507,-28.599245,-53.018045,BRIDGE
-28.598708,-49.936293,-28.598945,-49.936249,BRIDGE
-28.597812,-51.760317,-28.597805,-51.760015,BRIDGE
-28.597342,-49.764907,-28.597389,-49.764876,BRIDGE
-28.595993,-54.038217,-28.596577,-54.037257,BRIDGE
-28.595659,-55.982968,-28.595433,-55.982819,BRIDGE
-28.595631,-50.396442,-28.595669,-50.396262,BRIDGE
-28.594400,-53.190484,-28.594303,-53.190397,BRIDGE
-28.593944,-49.725846,-28.593947,-49.725737,BRIDGE
-28.592753,-51.757397,-28.592735,-51.757310,BRIDGE
-28.592651,-52.779313,-28.592836,-52.779312,BRIDGE
-28.592306,-52.052900,-28.592475,-52.052940,BRIDGE
-28.591750,-49.802152,-28.591723,-49.802049,BRIDGE
-28.590642,-50.221370,-28.590636,-50.221453,BRIDGE
-28.590634,-52.174102,-28.590479,-52.173754,BRIDGE
-28.590325,-54.498083,-28.590144,-54.497960,BRIDGE
-28.589920,-52.279210,-28.589651,-52.279231,BRIDGE
-28.589661,-50.407735,-28.589705,-50.407684,BRIDGE
-28.589205,-53.420927,-28.589393,-53.420806,BRIDGE
-28.588945,-54.518221,-28.588928,-54.518521,BRIDGE
-28.588798,-52.638335,-28.588736,-52.637648,BRIDGE
-28.588132,-53.978250,-28.588143,-53.978133,BRIDGE
-28.587145,-50.867238,-28.586941,-50.867051,BRIDGE
-28.586717,-51.287671,-28.586325,-51.287696,BRIDGE
-28.584582,-50.713809,-28.584557,-50.713609,BRIDGE
-28.584156,-52.212439,-28.583871,-52.212850,BRIDGE
-28.583696,-51.717648,-28.583654,-51.717815,BRIDGE
-28.583094,-54.095112,-28.583941,-54.095518,BRIDGE
-28.583033,-53.173930,-28.583466,-53.173859,BRIDGE
-28.580969,-52.375338,-28.580919,-52.375181,BRIDGE
-28.580087,-51.869217,-28.579764,-51.869233,BRIDGE
-28.579952,-54.943962,-28.579719,-54.944075,BRIDGE
-28.579900,-54.706649,-28.579813,-54.706964,BRIDGE
-28.579832,-53.214920,-28.580097,-53.215154,BRIDGE
-28.579186,-52.919991,-28.579316,-52.919705,BRIDGE
-28.578796,-49.799956,-28.578702,-49.799868,BRIDGE
-28.578186,-53.568633,-28.578645,-53.568681,BRIDGE
-28.578049,-52.816998,-28.577916,-52.817237,BRIDGE
-28.578011,-52.813355,-28.578098,-52.813622,BRIDGE
-28.576627,-49.920307,-28.576568,-49.920409,BRIDGE
-28.575248,-50.045929,-28.575321,-50.045890,BRIDGE
-28.575008,-52.595378,-28.575521,-52.595547,BRIDGE
-28.574283,-50.863298,-28.574382,-50.863550,BRIDGE
-28.572678,-50.204872,-28.572696,-50.204946,BRIDGE
-28.572318,-53.838570,-28.572365,-53.838952,BRIDGE
-28.572315,-50.644436,-28.572264,-50.644343,BRIDGE
-28.572102,-51.013774,-28.572644,-51.013806,BRIDGE
-28.571375,-49.749156,-28.571475,-49.749113,BRIDGE
-28.570531,-55.922612,-28.570449,-55.922563,BRIDGE
-28.568574,-50.351943,-28.568469,-50.351601,BRIDGE
-28.568163,-50.350764,-28.568133,-50.350717,BRIDGE
-28.567873,-52.190133,-28.569037,-52.189959,BRIDGE
-28.567822,-52.537637,-28.567893,-52.537672,BRIDGE
-28.567011,-50.348362,-28.567060,-50.348397,BRIDGE
-28.566883,-49.745467,-28.566993,-49.745309,BRIDGE
-28.566827,-54.811993,-28.566739,-54.812229,BRIDGE
-28.566765,-51.945752,-28.566687,-51.945772,BRIDGE
-28.565361,-54.146444,-28.565056,-54.146435,BRIDGE
-28.565181,-51.827925,-28.564719,-51.828269,BRIDGE
-28.565081,-52.498547,-28.565098,-52.498330,BRIDGE
-28.564160,-52.547905,-28.564626,-52.548071,BRIDGE
-28.563712,-52.158859,-28.563968,-52.159020,BRIDGE
-28.563629,-53.259143,-28.563964,-53.259049,BRIDGE
-28.562692,-51.814706,-28.562941,-51.814487,BRIDGE
-28.562023,-50.204466,-28.562026,-50.204555,BRIDGE
-28.562016,-50.375333,-28.562055,-50.375242,BRIDGE
-28.561806,-49.728279,-28.561649,-49.727831,BRIDGE
-28.561601,-51.939686,-28.561661,-51.939673,BRIDGE
-28.560486,-50.599870,-28.560624,-50.599956,BRIDGE
-28.560457,-53.021786,-28.560719,-53.021744,BRIDGE
-28.559652,-53.304065,-28.559990,-53.304221,BRIDGE
-28.559354,-53.308940,-28.559517,-53.308462,BRIDGE
-28.559138,-51.310497,-28.559461,-51.311306,BRIDGE
-28.558417,-52.909837,-28.558253,-52.909886,BRIDGE
-28.556737,-53.795539,-28.557053,-53.795885,BRIDGE
-28.555849,-53.230798,-28.555807,-53.230837,BRIDGE
-28.555519,-52.492969,-28.555194,-52.492634,BRIDGE
-28.554527,-55.911178,-28.552863,-55.912194,BRIDGE
-28.551995,-52.636292,-28.551811,-52.636636,BRIDGE
-28.551666,-51.921512,-28.551553,-51.921509,BRIDGE
-28.551488,-52.900461,-28.551302,-52.900635,BRIDGE
-28.551189,-52.218689,-28.550846,-52.218631,BRIDGE
-28.550714,-50.740351,-28.550817,-50.740159,BRIDGE
-28.549755,-52.073022,-28.549927,-52.073028,BRIDGE
-28.549547,-51.850855,-28.549678,-51.850854,BRIDGE
-28.548817,-50.190294,-28.549057,-50.190464,BRIDGE
-28.548626,-52.129682,-28.548821,-52.129400,BRIDGE
-28.547900,-52.094608,-28.547685,-52.094616,BRIDGE
-28.546975,-53.911288,-28.546949,-53.911174,BRIDGE
-28.546521,-52.110938,-28.546757,-52.110423,BRIDGE
-28.546109,-52.047388,-28.545966,-52.047366,BRIDGE
-28.545561,-53.165261,-28.545384,-53.164689,BRIDGE
-28.545334,-53.556942,-28.545807,-53.556921,BRIDGE
-28.545305,-53.845421,-28.545497,-53.845125,BRIDGE
-28.545258,-52.065565,-28.545308,-52.065588,BRIDGE
-28.544996,-53.195458,-28.544931,-53.195354,BRIDGE
-28.544625,-52.159189,-28.544802,-52.159242,BRIDGE
-28.544361,-53.810037,-28.544705,-53.810139,BRIDGE
-28.544336,-54.154434,-28.543419,-54.154093,BRIDGE
-28.543885,-54.224967,-28.543495,-54.225414,BRIDGE
-28.543541,-51.397410,-28.542730,-51.397336,BRIDGE
-28.541773,-52.759219,-28.542051,-52.759132,BRIDGE
-28.538779,-54.152929,-28.538664,-54.152898,BRIDGE
-28.538626,-51.914373,-28.539224,-51.914665,BRIDGE
-28.538528,-52.894339,-28.538260,-52.894382,BRIDGE
-28.538110,-54.835754,-28.537960,-54.835987,BRIDGE
-28.536355,-52.776159,-28.536472,-52.776367,BRIDGE
-28.536277,-54.142957,-28.536352,-54.142903,BRIDGE
-28.534580,-52.091462,-28.534418,-52.091324,BRIDGE
-28.534137,-53.521174,-28.534004,-53.521198,BRIDGE
-28.533687,-52.627129,-28.533639,-52.627314,BRIDGE
-28.533301,-52.157724,-28.533380,-52.157487,BRIDGE
-28.532610,-51.976008,-28.532495,-51.976010,BRIDGE
-28.531581,-53.633619,-28.531628,-53.633713,BRIDGE
-28.530956,-52.218614,-28.531216,-52.218666,BRIDGE
-28.530667,-54.963148,-28.529169,-54.963387,BRIDGE
-28.530003,-52.156185,-28.529991,-52.156007,BRIDGE
-28.529947,-52.156014,-28.529957,-52.156195,BRIDGE
-28.529887,-52.153035,-28.530065,-52.153060,BRIDGE
-28.529211,-55.558060,-28.529141,-55.558069,BRIDGE
-28.528876,-50.663055,-28.528535,-50.663093,BRIDGE
-28.528144,-51.955177,-28.528033,-51.955171,BRIDGE
-28.527839,-51.748193,-28.527696,-51.748043,BRIDGE
-28.526793,-52.811455,-28.526868,-52.811339,BRIDGE
-28.526477,-51.949122,-28.526594,-51.949110,BRIDGE
-28.526295,-52.626770,-28.526610,-52.626552,BRIDGE
-28.524140,-53.908873,-28.524255,-53.909205,BRIDGE
-28.523634,-54.752598,-28.523761,-54.752501,BRIDGE
-28.523366,-53.881050,-28.523250,-53.881285,BRIDGE
-28.522921,-52.836493,-28.522808,-52.836380,BRIDGE
-28.522919,-50.058640,-28.522861,-50.058574,BRIDGE
-28.522879,-52.877693,-28.522884,-52.877878,BRIDGE
-28.521677,-50.291914,-28.521671,-50.291816,BRIDGE
-28.520918,-50.948448,-28.520988,-50.948398,BRIDGE
-28.520800,-53.056595,-28.520718,-53.056914,BRIDGE
-28.518536,-53.856994,-28.518590,-53.857176,BRIDGE
-28.518328,-52.096950,-28.518315,-52.097040,BRIDGE
-28.517841,-52.050782,-28.517916,-52.050836,BRIDGE
-28.517255,-52.591675,-28.517300,-52.591758,BRIDGE
-28.516383,-54.801245,-28.516390,-54.801175,BRIDGE
-28.515230,-53.851993,-28.515474,-53.851780,BRIDGE
-28.515093,-55.499856,-28.515368,-55.500891,BRIDGE
-28.514858,-51.762805,-28.514646,-51.762561,BRIDGE
-28.514569,-50.935256,-28.513606,-50.934198,BRIDGE
-28.514316,-53.843772,-28.514023,-53.843879,BRIDGE
-28.513518,-51.622027,-28.513437,-51.622318,BRIDGE
-28.512954,-52.621967,-28.513101,-52.622092,BRIDGE
-28.511796,-49.737672,-28.511680,-49.737440,BRIDGE
-28.511680,-49.737440,-28.511510,-49.737096,BRIDGE
-28.510685,-50.953871,-28.510883,-50.953750,BRIDGE
-28.510607,-52.371699,-28.510636,-52.371598,BRIDGE
-28.510457,-53.648745,-28.510390,-53.648533,BRIDGE
-28.510318,-54.729883,-28.510523,-54.729861,BRIDGE
-28.509453,-53.552926,-28.509712,-53.552949,BRIDGE
-28.509338,-52.923378,-28.509414,-52.924193,BRIDGE
-28.508770,-54.735094,-28.508769,-54.735243,BRIDGE
-28.506715,-50.530239,-28.506683,-50.530117,BRIDGE
-28.506391,-50.925537,-28.506362,-50.925433,BRIDGE
-28.505503,-53.281547,-28.505438,-53.281608,BRIDGE
-28.504825,-53.832022,-28.505138,-53.832099,BRIDGE
-28.504033,-52.092331,-28.504150,-52.092341,BRIDGE
-28.502893,-51.721165,-28.503034,-51.721187,BRIDGE
-28.502319,-51.705936,-28.501970,-51.705884,BRIDGE
-28.502274,-52.715379,-28.502554,-52.715063,BRIDGE
-28.501959,-51.705966,-28.502322,-51.706011,BRIDGE
-28.501924,-51.710917,-28.502098,-51.710780,BRIDGE
-28.501759,-51.707396,-28.501960,-51.707406,BRIDGE
-28.501633,-52.027679,-28.501637,-52.027479,BRIDGE
-28.501146,-52.151398,-28.501103,-52.151522,BRIDGE
-28.500704,-51.706930,-28.500678,-51.707114,BRIDGE
-28.499733,-51.705221,-28.499860,-51.705154,BRIDGE
-28.499622,-55.570323,-28.501628,-55.567498,BRIDGE
-28.499398,-51.702877,-28.499267,-51.702938,BRIDGE
-28.498646,-52.533519,-28.497889,-52.533083,BRIDGE
-28.498592,-51.615226,-28.498658,-51.615129,BRIDGE
-28.498337,-52.250518,-28.498451,-52.250872,BRIDGE
-28.498239,-53.271744,-28.498158,-53.271746,BRIDGE
-28.497253,-53.825155,-28.497323,-53.825087,BRIDGE
-28.496863,-53.083687,-28.496850,-53.083929,BRIDGE
-28.496299,-53.900993,-28.496389,-53.900762,BRIDGE
-28.496225,-53.169510,-28.496546,-53.169684,BRIDGE
-28.494716,-53.088831,-28.494757,-53.089006,BRIDGE
-28.493411,-52.083974,-28.493486,-52.083819,BRIDGE
-28.493324,-50.937666,-28.493216,-50.937679,BRIDGE
-28.493254,-55.284593,-28.493322,-55.284868,BRIDGE
-28.492967,-50.936459,-28.493043,-50.936470,BRIDGE
-28.492733,-52.621447,-28.492642,-52.621338,BRIDGE
-28.492345,-51.000381,-28.492561,-51.000451,BRIDGE
-28.492229,-53.096115,-28.492171,-53.095931,BRIDGE
-28.491982,-50.935185,-28.491960,-50.935104,BRIDGE
-28.491952,-50.936295,-28.492112,-50.936320,BRIDGE
-28.491358,-51.982771,-28.491322,-51.982717,BRIDGE
-28.491036,-52.946307,-28.490861,-52.946128,BRIDGE
-28.489886,-52.921395,-28.489783,-52.921647,BRIDGE
-28.489757,-51.459795,-28.489670,-51.459811,BRIDGE
-28.488570,-54.463211,-28.488686,-54.463362,BRIDGE
-28.488483,-53.155097,-28.488559,-53.155067,BRIDGE
-28.487824,-53.989434,-28.487567,-53.989405,BRIDGE
-28.487119,-55.130369,-28.487202,-55.130113,BRIDGE
-28.486508,-52.620389,-28.486521,-52.620491,BRIDGE
-28.485988,-52.613216,-28.485695,-52.613317,BRIDGE
-28.485332,-50.794585,-28.485130,-50.794765,BRIDGE
-28.485246,-52.685067,-28.485042,-52.685450,BRIDGE
-28.484737,-50.728529,-28.484462,-50.728007,BRIDGE
-28.484359,-49.783350,-28.483866,-49.783795,BRIDGE
-28.483941,-51.200666,-28.484026,-51.200538,BRIDGE
-28.483794,-50.347760,-28.483810,-50.347842,BRIDGE
-28.483255,-52.945092,-28.483043,-52.944778,BRIDGE
-28.482312,-52.621245,-28.482286,-52.621417,BRIDGE
-28.482254,-50.067978,-28.482318,-50.067916,BRIDGE
-28.481415,-52.063359,-28.481374,-52.063254,BRIDGE
-28.480462,-52.197003,-28.480796,-52.197087,BRIDGE
-28.479971,-53.143247,-28.480175,-53.143198,BRIDGE
-28.479772,-50.073072,-28.481198,-50.073355,BRIDGE
-28.479050,-51.874695,-28.478932,-51.874633,BRIDGE
-28.477952,-55.189321,-28.478002,-55.189690,BRIDGE
-28.477313,-50.395171,-28.477286,-50.395113,BRIDGE
-28.476073,-54.546290,-28.475956,-54.546323,BRIDGE
-28.475898,-53.069445,-28.476053,-53.069363,BRIDGE
-28.475557,-52.612095,-28.475536,-52.611583,BRIDGE
-28.475297,-51.619157,-28.475296,-51.619242,BRIDGE
-28.475083,-50.344925,-28.475065,-50.344829,BRIDGE
-28.474511,-53.926935,-28.474605,-53.926864,BRIDGE
-28.474372,-52.975898,-28.474217,-52.976074,BRIDGE
-28.474244,-53.974105,-28.474416,-53.973883,BRIDGE
-28.473164,-51.783797,-28.473331,-51.783423,BRIDGE
-28.472658,-52.064749,-28.472629,-52.064939,BRIDGE
-28.471464,-55.569296,-28.471688,-55.569424,BRIDGE
-28.470780,-53.184297,-28.470529,-53.183989,BRIDGE
-28.470582,-50.920467,-28.470852,-50.920047,BRIDGE
-28.470510,-52.267837,-28.470434,-52.267682,BRIDGE
-28.470022,-52.978404,-28.470157,-52.978254,BRIDGE
-28.469198,-54.952467,-28.468619,-54.952607,BRIDGE
-28.469104,-54.952689,-28.468773,-54.952778,BRIDGE
-28.466453,-50.303203,-28.466503,-50.303126,BRIDGE
-28.465843,-54.139021,-28.465868,-54.138930,BRIDGE
-28.465659,-50.643735,-28.465635,-50.643642,BRIDGE
-28.465572,-52.059121,-28.465571,-52.059199,BRIDGE
-28.465329,-52.274875,-28.465569,-52.274666,BRIDGE
-28.465317,-53.170448,-28.465693,-53.170042,BRIDGE
-28.465220,-51.894063,-28.465230,-51.894311,BRIDGE
-28.464912,-51.033337,-28.464847,-51.033499,BRIDGE
-28.464849,-50.697209,-28.465017,-50.697321,BRIDGE
-28.464767,-52.699190,-28.464616,-52.699109,BRIDGE
-28.464346,-55.793080,-28.464256,-55.793035,BRIDGE
-28.463190,-53.643266,-28.463032,-53.643378,BRIDGE
-28.462940,-53.954919,-28.463049,-53.955098,BRIDGE
-28.462828,-53.954737,-28.462940,-53.954919,BRIDGE
-28.461926,-53.842414,-28.461749,-53.842270,BRIDGE
-28.461522,-55.081958,-28.461420,-55.081843,BRIDGE
-28.460831,-53.063505,-28.461100,-53.063663,BRIDGE
-28.460661,-52.903095,-28.460811,-52.902991,BRIDGE
-28.459263,-55.130701,-28.460170,-55.132622,BRIDGE
-28.458955,-55.148328,-28.458908,-55.148403,BRIDGE
-28.458109,-52.845359,-28.458012,-52.845418,BRIDGE
-28.457742,-51.762306,-28.457995,-51.762356,BRIDGE
-28.457273,-52.679599,-28.457385,-52.679545,BRIDGE
-28.456814,-52.189403,-28.456895,-52.189108,BRIDGE
-28.456234,-55.830529,-28.456420,-55.830741,BRIDGE
-28.456231,-50.265476,-28.456061,-50.265336,BRIDGE
-28.454660,-55.856619,-28.454517,-55.856631,BRIDGE
-28.454451,-53.972877,-28.454498,-53.973440,BRIDGE
-28.454288,-55.257218,-28.454133,-55.257143,BRIDGE
-28.453822,-51.908892,-28.453719,-51.908730,BRIDGE
-28.453068,-50.691428,-28.453126,-50.691416,BRIDGE
-28.452396,-50.691635,-28.452468,-50.691665,BRIDGE
-28.452075,-54.822985,-28.452243,-54.823025,BRIDGE
-28.451533,-50.293611,-28.451684,-50.293194,BRIDGE
-28.451481,-50.292862,-28.451034,-50.292522,BRIDGE
-28.451471,-54.958585,-28.451151,-54.958618,BRIDGE
-28.450679,-50.292252,-28.451034,-50.292522,BRIDGE
-28.450483,-52.662201,-28.450999,-52.662198,BRIDGE
-28.450439,-52.018947,-28.450515,-52.019000,BRIDGE
-28.449070,-53.830299,-28.448909,-53.830106,BRIDGE
-28.448207,-51.974804,-28.448302,-51.975007,BRIDGE
-28.448155,-52.053773,-28.447966,-52.053574,BRIDGE
-28.448136,-52.016961,-28.448058,-52.017000,BRIDGE
-28.447699,-53.092420,-28.447350,-53.092465,BRIDGE
-28.447534,-52.889512,-28.447187,-52.889501,BRIDGE
-28.447079,-51.612126,-28.447329,-51.612131,BRIDGE
-28.446990,-49.882993,-28.447911,-49.882180,BRIDGE
-28.444556,-51.613500,-28.444663,-51.613315,BRIDGE
-28.444461,-52.011313,-28.444359,-52.011387,BRIDGE
-28.442989,-50.618514,-28.442966,-50.618441,BRIDGE
-28.441604,-50.996954,-28.441489,-50.996963,BRIDGE
-28.440150,-52.059496,-28.440085,-52.059290,BRIDGE
-28.439667,-50.990883,-28.439626,-50.990798,BRIDGE
-28.439492,-54.704219,-28.439707,-54.704294,BRIDGE
-28.439453,-54.549729,-28.439429,-54.549834,BRIDGE
-28.438294,-53.997315,-28.438355,-53.997760,BRIDGE
-28.438224,-50.679377,-28.438292,-50.679405,BRIDGE
-28.436710,-51.998540,-28.436832,-51.998401,BRIDGE
-28.436019,-52.789263,-28.435885,-52.788838,BRIDGE
-28.435344,-51.910070,-28.435297,-51.910303,BRIDGE
-28.435209,-52.171704,-28.434983,-52.171572,BRIDGE
-28.433124,-53.186541,-28.433117,-53.186318,TUNNEL
-28.432896,-53.106747,-28.433046,-53.107224,BRIDGE
-28.432120,-52.159616,-28.431901,-52.159626,BRIDGE
-28.431362,-52.704621,-28.431090,-52.704109,BRIDGE
-28.431263,-51.989496,-28.431144,-51.989304,BRIDGE
-28.431177,-51.224236,-28.431575,-51.224038,BRIDGE
-28.431040,-53.048369,-28.430950,-53.048702,BRIDGE
-28.430564,-54.507620,-28.430826,-54.507647,BRIDGE
-28.430547,-50.703480,-28.430516,-50.703530,BRIDGE
-28.428590,-51.766833,-28.428700,-51.766754,BRIDGE
-28.427366,-52.105826,-28.427401,-52.105868,BRIDGE
-28.427042,-51.688537,-28.426972,-51.688499,BRIDGE
-28.425748,-52.870572,-28.425912,-52.870318,BRIDGE
-28.425282,-53.162294,-28.425249,-53.162790,BRIDGE
-28.425216,-55.687033,-28.424783,-55.686810,BRIDGE
-28.424820,-52.147144,-28.424680,-52.146918,BRIDGE
-28.420662,-53.792950,-28.420795,-53.792496,BRIDGE
-28.419202,-52.511032,-28.419240,-52.510865,BRIDGE
-28.418717,-51.725921,-28.418833,-51.725647,BRIDGE
-28.418434,-54.525690,-28.418619,-54.525874,BRIDGE
-28.417981,-52.548869,-28.418253,-52.548948,BRIDGE
-28.417827,-51.904274,-28.418042,-51.903993,BRIDGE
-28.417704,-54.941133,-28.417762,-54.941443,BRIDGE
-28.417593,-53.122287,-28.417759,-53.122404,BRIDGE
-28.416739,-53.913271,-28.416956,-53.913499,BRIDGE
-28.416491,-53.728199,-28.416351,-53.728171,BRIDGE
-28.416246,-52.280041,-28.416239,-52.279802,BRIDGE
-28.414399,-53.811899,-28.414305,-53.811437,BRIDGE
-28.413346,-51.093987,-28.413299,-51.094193,BRIDGE
-28.412290,-53.055119,-28.412196,-53.055326,BRIDGE
-28.408435,-52.101084,-28.408216,-52.100994,BRIDGE
-28.407708,-54.305038,-28.408586,-54.305168,BRIDGE
-28.406521,-52.277214,-28.406722,-52.277160,BRIDGE
-28.405616,-53.717404,-28.405797,-53.717235,BRIDGE
-28.405550,-51.047930,-28.405401,-51.048040,BRIDGE
-28.405521,-52.143750,-28.405507,-52.143447,BRIDGE
-28.405404,-51.490561,-28.405673,-51.490234,BRIDGE
-28.404353,-54.682312,-28.404436,-54.682709,BRIDGE
-28.404345,-50.889577,-28.404291,-50.889472,BRIDGE
-28.403668,-54.537584,-28.403844,-54.538230,BRIDGE
-28.403385,-53.710327,-28.403458,-53.710328,BRIDGE
-28.403118,-52.444434,-28.404097,-52.443975,BRIDGE
-28.402266,-55.507063,-28.402505,-55.507110,BRIDGE
-28.401895,-53.053807,-28.401924,-53.054183,BRIDGE
-28.401833,-51.127906,-28.401645,-51.127887,BRIDGE
-28.401722,-53.856959,-28.401715,-53.856543,BRIDGE
-28.401362,-53.828628,-28.401015,-53.828451,BRIDGE
-28.400887,-53.451269,-28.400661,-53.451034,BRIDGE
-28.400208,-53.700694,-28.400064,-53.701032,BRIDGE
-28.399332,-52.932832,-28.399241,-52.933006,BRIDGE
-28.399014,-52.192851,-28.399084,-52.192652,BRIDGE
-28.397408,-51.498290,-28.397205,-51.498510,BRIDGE
-28.397171,-54.651396,-28.397005,-54.651422,BRIDGE
-28.397014,-52.711821,-28.396747,-52.711765,BRIDGE
-28.396672,-54.827207,-28.396589,-54.827179,BRIDGE
-28.396627,-54.377525,-28.396677,-54.377919,BRIDGE
-28.396249,-55.281146,-28.396138,-55.281647,BRIDGE
-28.396053,-52.635026,-28.396004,-52.634793,BRIDGE
-28.393697,-53.054106,-28.393858,-53.054550,BRIDGE
-28.393557,-52.138641,-28.393723,-52.138601,BRIDGE
-28.390888,-54.330136,-28.390728,-54.331048,BRIDGE
-28.390517,-51.056095,-28.390444,-51.056217,BRIDGE
-28.389409,-50.930221,-28.389577,-50.930697,BRIDGE
-28.388850,-52.296116,-28.389003,-52.296086,BRIDGE
-28.388293,-52.109360,-28.388347,-52.109646,BRIDGE
-28.388285,-52.844744,-28.388205,-52.844992,BRIDGE
-28.387923,-54.585876,-28.388264,-54.585697,BRIDGE
-28.387704,-54.374543,-28.387795,-54.374336,BRIDGE
-28.387545,-51.885664,-28.387313,-51.885579,BRIDGE
-28.386579,-53.250042,-28.386460,-53.250220,BRIDGE
-28.385544,-51.432944,-28.385416,-51.432849,BRIDGE
-28.384104,-53.834336,-28.383923,-53.834510,BRIDGE
-28.383826,-54.031880,-28.383757,-54.032896,BRIDGE
-28.383652,-51.567571,-28.383702,-51.567820,BRIDGE
-28.382771,-54.066877,-28.382722,-54.065895,TUNNEL
-28.382442,-54.186652,-28.382423,-54.186965,BRIDGE
-28.382415,-55.158643,-28.382372,-55.158794,BRIDGE
-28.382138,-54.063173,-28.382081,-54.063678,BRIDGE
-28.382101,-52.252488,-28.382489,-52.252350,BRIDGE
-28.382033,-54.634902,-28.382116,-54.634992,BRIDGE
-28.381695,-53.897448,-28.381691,-53.897351,BRIDGE
-28.381691,-53.919626,-28.381547,-53.919642,BRIDGE
-28.381139,-51.699199,-28.381323,-51.699267,BRIDGE
-28.380747,-53.898193,-28.380746,-53.898116,BRIDGE
-28.380617,-53.605550,-28.380725,-53.605613,BRIDGE
-28.380374,-53.072434,-28.380386,-53.072320,BRIDGE
-28.380373,-53.942889,-28.380463,-53.942885,BRIDGE
-28.380362,-51.704702,-28.380392,-51.704973,BRIDGE
-28.380119,-52.361181,-28.379932,-52.361103,BRIDGE
-28.379820,-53.899174,-28.379818,-53.899131,BRIDGE
-28.379368,-53.875469,-28.379499,-53.875804,BRIDGE
-28.379138,-53.825903,-28.379141,-53.825780,BRIDGE
-28.378503,-54.650065,-28.378423,-54.650046,BRIDGE
-28.378287,-54.626441,-28.378337,-54.626537,BRIDGE
-28.378135,-51.623312,-28.378190,-51.623269,BRIDGE
-28.377755,-54.937582,-28.377725,-54.937518,BRIDGE
-28.377545,-52.941199,-28.377618,-52.941356,BRIDGE
-28.377460,-52.212335,-28.377411,-52.212418,BRIDGE
-28.376234,-51.624651,-28.376203,-51.624604,BRIDGE
-28.376209,-51.866137,-28.376338,-51.865822,BRIDGE
-28.375480,-51.625773,-28.375439,-51.625730,BRIDGE
-28.375224,-52.160261,-28.374998,-52.160048,BRIDGE
-28.374845,-52.648491,-28.374757,-52.648632,BRIDGE
-28.374647,-54.187695,-28.374591,-54.188052,BRIDGE
-28.373906,-54.877502,-28.373810,-54.877490,BRIDGE
-28.373356,-53.919136,-28.373303,-53.918729,BRIDGE
-28.372546,-54.453643,-28.372641,-54.453296,BRIDGE
-28.371650,-53.879470,-28.371711,-53.879062,BRIDGE
-28.371637,-53.950015,-28.371637,-53.950061,BRIDGE
-28.371624,-54.875820,-28.371639,-54.875886,BRIDGE
-28.371042,-53.918861,-28.371038,-53.919636,BRIDGE
-28.370391,-52.300831,-28.370407,-52.301055,BRIDGE
-28.369956,-51.633079,-28.370019,-51.633114,BRIDGE
-28.369516,-53.019014,-28.369436,-53.018994,BRIDGE
-28.369426,-51.634184,-28.369390,-51.634161,BRIDGE
-28.369398,-53.545030,-28.369025,-53.544633,BRIDGE
-28.369370,-51.634229,-28.369404,-51.634249,BRIDGE
-28.368903,-53.162524,-28.368820,-53.162981,BRIDGE
-28.366756,-54.752595,-28.366968,-54.752653,BRIDGE
-28.366693,-53.575076,-28.366911,-53.574849,BRIDGE
-28.366128,-52.260433,-28.366038,-52.260236,BRIDGE
-28.363829,-52.097514,-28.363952,-52.097279,BRIDGE
-28.363508,-53.768704,-28.363979,-53.768562,TUNNEL
-28.363428,-52.621121,-28.363627,-52.621147,BRIDGE
-28.363144,-52.195617,-28.363326,-52.195857,BRIDGE
-28.362293,-51.900511,-28.362174,-51.900558,BRIDGE
-28.362234,-53.587358,-28.362362,-53.587004,BRIDGE
-28.361578,-51.537817,-28.361562,-51.537581,BRIDGE
-28.361494,-50.985221,-28.361353,-50.985151,BRIDGE
-28.361292,-53.912576,-28.361003,-53.912669,BRIDGE
-28.360719,-55.089549,-28.360795,-55.089619,BRIDGE
-28.357686,-53.902300,-28.358749,-53.902287,BRIDGE
-28.356696,-52.214292,-28.356689,-52.214483,BRIDGE
-28.355161,-54.268838,-28.353154,-54.269171,BRIDGE
-28.354955,-54.651356,-28.354880,-54.651337,BRIDGE
-28.354252,-50.894008,-28.354274,-50.894487,BRIDGE
-28.353969,-52.950349,-28.354274,-52.950687,BRIDGE
-28.351525,-53.631134,-28.351638,-53.630662,BRIDGE
-28.351467,-53.954033,-28.351855,-53.954021,BRIDGE
-28.350375,-53.799289,-28.350557,-53.799280,BRIDGE
-28.350372,-52.409191,-28.349992,-52.409493,BRIDGE
-28.350347,-54.543901,-28.350303,-54.544156,BRIDGE
-28.349798,-53.503125,-28.350289,-53.503255,BRIDGE
-28.349761,-54.866104,-28.349753,-54.865998,BRIDGE
-28.349737,-53.672129,-28.349769,-53.671957,BRIDGE
-28.349129,-55.466658,-28.349063,-55.466628,BRIDGE
-28.345530,-53.076992,-28.345498,-53.077101,BRIDGE
-28.345222,-52.303481,-28.345129,-52.303364,BRIDGE
-28.345184,-54.755855,-28.345332,-54.755848,BRIDGE
-28.344894,-51.824124,-28.344761,-51.823864,BRIDGE
-28.344402,-53.810017,-28.344212,-53.810013,BRIDGE
-28.343789,-51.665936,-28.343632,-51.666083,BRIDGE
-28.343550,-54.760770,-28.343646,-54.760813,BRIDGE
-28.343502,-52.737236,-28.343391,-52.737347,BRIDGE
-28.342960,-54.589197,-28.342894,-54.589250,BRIDGE
-28.342456,-55.525309,-28.342759,-55.525236,BRIDGE
-28.342111,-54.747942,-28.342211,-54.747751,BRIDGE
-28.341552,-51.152052,-28.341351,-51.152395,BRIDGE
-28.340574,-52.849305,-28.340740,-52.849438,BRIDGE
-28.339920,-51.445769,-28.339906,-51.445659,BRIDGE
-28.339802,-51.705494,-28.339656,-51.705666,BRIDGE
-28.337599,-54.832524,-28.337467,-54.832585,BRIDGE
-28.337439,-53.816542,-28.337411,-53.816213,BRIDGE
-28.337125,-52.720734,-28.337547,-52.720623,BRIDGE
-28.336926,-52.143295,-28.336902,-52.143364,BRIDGE
-28.336610,-52.141590,-28.336575,-52.141519,BRIDGE
-28.335648,-53.188161,-28.335515,-53.187998,BRIDGE
-28.335646,-52.848698,-28.335456,-52.849233,BRIDGE
-28.335500,-54.974358,-28.335252,-54.974167,BRIDGE
-28.333274,-51.914464,-28.333261,-51.914552,BRIDGE
-28.333155,-51.637764,-28.333050,-51.637710,BRIDGE
-28.332117,-54.797588,-28.332215,-54.797723,BRIDGE
-28.331715,-54.797834,-28.331643,-54.797910,BRIDGE
-28.329708,-53.820750,-28.329436,-53.820745,BRIDGE
-28.328657,-52.251663,-28.328874,-52.251604,BRIDGE
-28.328635,-52.446300,-28.328752,-52.446253,BRIDGE
-28.328429,-53.821499,-28.328421,-53.821265,BRIDGE
-28.327215,-53.655351,-28.327578,-53.655849,BRIDGE
-28.325933,-55.296194,-28.325830,-55.295984,BRIDGE
-28.325339,-53.880335,-28.325520,-53.880451,BRIDGE
-28.324687,-55.042887,-28.324636,-55.043223,BRIDGE
-28.323573,-50.740963,-28.323477,-50.740991,BRIDGE
-28.323483,-51.336538,-28.323213,-51.337044,BRIDGE
-28.322785,-55.177816,-28.322505,-55.177689,BRIDGE
-28.322298,-54.360665,-28.322301,-54.360757,BRIDGE
-28.322201,-51.705014,-28.322119,-51.705150,BRIDGE
-28.321905,-54.065266,-28.322012,-54.065582,BRIDGE
-28.321765,-52.393631,-28.321780,-52.393823,BRIDGE
-28.321564,-55.057211,-28.321549,-55.056593,BRIDGE
-28.321517,-54.765232,-28.321528,-54.765303,BRIDGE
-28.321329,-53.831265,-28.321142,-53.831271,BRIDGE
-28.320902,-52.801908,-28.320858,-52.801889,BRIDGE
-28.319621,-53.862147,-28.319191,-53.862147,BRIDGE
-28.319575,-54.716544,-28.319646,-54.716497,BRIDGE
-28.319024,-53.982066,-28.320009,-53.981826,BRIDGE
-28.318934,-50.937552,-28.318855,-50.937571,BRIDGE
-28.318630,-53.891661,-28.318623,-53.891553,BRIDGE
-28.318544,-54.132390,-28.318548,-54.132515,BRIDGE
-28.318247,-54.178085,-28.318284,-54.178240,BRIDGE
-28.317771,-53.841609,-28.317380,-53.841622,BRIDGE
-28.317720,-52.758284,-28.317806,-52.758952,BRIDGE
-28.317665,-52.109617,-28.317614,-52.109710,BRIDGE
-28.317482,-54.276528,-28.316889,-54.276788,BRIDGE
-28.317422,-50.863703,-28.317581,-50.863531,BRIDGE
-28.317071,-53.021640,-28.317002,-53.021551,BRIDGE
-28.316439,-54.766476,-28.316460,-54.766533,BRIDGE
-28.316179,-54.268369,-28.316084,-54.268122,BRIDGE
-28.315963,-54.268173,-28.316051,-54.268423,BRIDGE
-28.315954,-54.264734,-28.315830,-54.264747,BRIDGE
-28.315907,-54.264893,-28.316074,-54.264879,BRIDGE
-28.315835,-55.155842,-28.315749,-55.155867,BRIDGE
-28.315811,-52.778789,-28.315655,-52.779328,BRIDGE
-28.315693,-53.904126,-28.316037,-53.904097,BRIDGE
-28.315358,-54.274071,-28.315543,-54.274022,BRIDGE
-28.314873,-53.753073,-28.315080,-53.753394,BRIDGE
-28.314856,-54.261722,-28.314652,-54.261734,BRIDGE
-28.314778,-54.260480,-28.314584,-54.260490,BRIDGE
-28.314598,-52.767822,-28.314781,-52.767671,BRIDGE
-28.314132,-54.258999,-28.314343,-54.258987,BRIDGE
-28.313693,-53.419528,-28.313774,-53.419552,BRIDGE
-28.313569,-51.076963,-28.313781,-51.077002,BRIDGE
-28.313478,-54.257227,-28.313385,-54.257265,BRIDGE
-28.313434,-54.257348,-28.313530,-54.257308,BRIDGE
-28.313176,-54.996913,-28.313130,-54.996996,BRIDGE
-28.312294,-52.307743,-28.312464,-52.306978,BRIDGE
-28.311888,-54.255917,-28.312031,-54.255908,BRIDGE
-28.311528,-54.310256,-28.311661,-54.310627,BRIDGE
-28.310301,-54.069788,-28.310329,-54.069651,BRIDGE
-28.310122,-54.254195,-28.310120,-54.254104,BRIDGE
-28.309999,-54.254095,-28.309999,-54.254197,BRIDGE
-28.309359,-51.016184,-28.309416,-51.016118,BRIDGE
-28.309137,-53.114124,-28.309268,-53.113917,BRIDGE
-28.308883,-51.553778,-28.309027,-51.553779,BRIDGE
-28.308013,-54.865258,-28.308036,-54.865091,BRIDGE
-28.307825,-53.496652,-28.307965,-53.496745,BRIDGE
-28.307688,-52.834278,-28.307731,-52.834196,BRIDGE
-28.307420,-53.902072,-28.308240,-53.902790,BRIDGE
-28.306777,-52.470440,-28.307264,-52.471084,BRIDGE
-28.306409,-54.748203,-28.306477,-54.748105,BRIDGE
-28.306145,-54.228037,-28.306041,-54.228104,BRIDGE
-28.305583,-53.712172,-28.306112,-53.712075,BRIDGE
-28.304464,-54.253866,-28.304410,-54.253679,BRIDGE
-28.304325,-54.253693,-28.304384,-54.253885,BRIDGE
-28.303320,-53.496183,-28.303228,-53.496270,BRIDGE
-28.302265,-51.418800,-28.302125,-51.418977,BRIDGE
-28.301561,-52.743291,-28.301839,-52.743657,BRIDGE
-28.301406,-53.503463,-28.301128,-53.503414,BRIDGE
-28.301008,-51.282662,-28.300720,-51.282828,BRIDGE
-28.300507,-52.774287,-28.300577,-52.774178,BRIDGE
-28.299884,-53.495299,-28.300094,-53.495103,BRIDGE
-28.299764,-55.207255,-28.299569,-55.207238,BRIDGE
-28.299518,-54.253014,-28.299509,-54.252827,BRIDGE
-28.299382,-54.252813,-28.299390,-54.252978,BRIDGE
-28.298912,-50.913962,-28.299110,-50.914232,BRIDGE
-28.298519,-52.779221,-28.298402,-52.779052,BRIDGE
-28.297834,-51.786649,-28.297740,-51.786600,BRIDGE
-28.296213,-54.752664,-28.296154,-54.752600,BRIDGE
-28.296202,-54.351393,-28.296188,-54.351516,BRIDGE
-28.296000,-53.506655,-28.295930,-53.506953,BRIDGE
-28.295761,-52.785464,-28.295850,-52.785467,BRIDGE
-28.294895,-54.272056,-28.294987,-54.272071,BRIDGE
-28.294624,-53.484743,-28.295356,-53.484860,BRIDGE
-28.293919,-54.050889,-28.293749,-54.050935,BRIDGE
-28.293826,-52.808042,-28.293873,-52.807910,BRIDGE
-28.293630,-55.330351,-28.293621,-55.330979,BRIDGE
-28.293609,-54.282850,-28.293130,-54.283048,BRIDGE
-28.292906,-54.250763,-28.292845,-54.250646,BRIDGE
-28.292421,-54.278705,-28.292361,-54.278630,BRIDGE
-28.292302,-54.275306,-28.292389,-54.275298,BRIDGE
-28.292298,-54.279953,-28.292254,-54.279942,BRIDGE
-28.291864,-54.697072,-28.292252,-54.697618,BRIDGE
-28.291863,-53.507006,-28.292087,-53.507021,BRIDGE
-28.290815,-52.808645,-28.290765,-52.808768,BRIDGE
-28.290571,-53.966594,-28.290617,-53.966394,BRIDGE
-28.290279,-50.858277,-28.290519,-50.858105,BRIDGE
-28.290012,-52.808741,-28.289993,-52.808840,BRIDGE
-28.289951,-53.534774,-28.289955,-53.535041,BRIDGE
-28.289692,-51.606522,-28.289621,-51.606458,BRIDGE
-28.289331,-53.903631,-28.289713,-53.903625,BRIDGE
-28.289180,-51.110079,-28.289294,-51.109980,BRIDGE
-28.289048,-54.590284,-28.289038,-54.590054,BRIDGE
-28.288841,-52.805807,-28.288914,-52.805848,BRIDGE
-28.288815,-54.786102,-28.288754,-54.786049,BRIDGE
-28.288725,-54.605535,-28.288784,-54.605598,BRIDGE
-28.288523,-53.528465,-28.288510,-53.528765,BRIDGE
-28.288465,-52.868436,-28.288495,-52.868297,BRIDGE
-28.288358,-52.807881,-28.288423,-52.807902,BRIDGE
-28.288305,-52.808487,-28.288276,-52.808322,BRIDGE
-28.288252,-54.271414,-28.288173,-54.271394,BRIDGE
-28.288219,-53.112295,-28.288349,-53.112221,BRIDGE
-28.287895,-54.273362,-28.287854,-54.273354,BRIDGE
-28.287676,-54.271328,-28.287658,-54.271429,BRIDGE
-28.287038,-53.780774,-28.286438,-53.780676,BRIDGE
-28.286932,-52.808467,-28.286936,-52.808312,BRIDGE
-28.286825,-50.857507,-28.286905,-50.857535,BRIDGE
-28.286318,-52.808349,-28.286357,-52.808205,BRIDGE
-28.285994,-55.068076,-28.285885,-55.068022,BRIDGE
-28.285744,-53.075721,-28.285754,-53.075634,BRIDGE
-28.285381,-54.470828,-28.285446,-54.470607,BRIDGE
-28.285287,-53.499584,-28.285398,-53.499567,BRIDGE
-28.285003,-52.803806,-28.285116,-52.803820,BRIDGE
-28.284943,-52.802850,-28.285108,-52.802859,BRIDGE
-28.284506,-54.286600,-28.284331,-54.286627,BRIDGE
-28.284492,-53.340237,-28.284548,-53.340170,BRIDGE
-28.284394,-54.273584,-28.284294,-54.273578,BRIDGE
-28.283648,-54.272727,-28.283675,-54.272688,BRIDGE
-28.283261,-53.497360,-28.283318,-53.497336,BRIDGE
-28.283027,-52.702565,-28.283373,-52.702788,BRIDGE
-28.282954,-54.270308,-28.282884,-54.270287,BRIDGE
-28.282649,-53.496291,-28.282583,-53.496358,BRIDGE
-28.282623,-53.811336,-28.282530,-53.811233,BRIDGE
-28.280431,-50.853771,-28.280443,-50.853824,BRIDGE
-28.280419,-53.547898,-28.280149,-53.547499,BRIDGE
-28.280235,-53.611361,-28.280436,-53.611449,BRIDGE
-28.278554,-53.924215,-28.278363,-53.924214,BRIDGE
-28.278287,-51.628017,-28.278436,-51.628178,BRIDGE
-28.277442,-51.615510,-28.277361,-51.615376,BRIDGE
-28.276409,-52.413962,-28.276425,-52.413841,BRIDGE
-28.274888,-55.046150,-28.274959,-55.046296,BRIDGE
-28.274544,-54.459542,-28.274420,-54.459717,BRIDGE
-28.274250,-53.574008,-28.274177,-53.573743,BRIDGE
-28.274155,-54.654119,-28.274077,-54.654188,BRIDGE
-28.273890,-51.310952,-28.273928,-51.311034,BRIDGE
-28.273836,-52.594215,-28.273824,-52.594091,BRIDGE
-28.273718,-51.217357,-28.273275,-51.217275,BRIDGE
-28.273055,-54.033273,-28.273164,-54.033239,BRIDGE
-28.272429,-54.283412,-28.272299,-54.283182,BRIDGE
-28.272388,-52.453370,-28.272548,-52.453489,BRIDGE
-28.272265,-54.916875,-28.272354,-54.917007,BRIDGE
-28.271965,-51.678878,-28.271844,-51.678987,TUNNEL
-28.271796,-53.651798,-28.271097,-53.651476,BRIDGE
-28.271711,-51.632116,-28.271815,-51.631944,BRIDGE
-28.271675,-52.550370,-28.271914,-52.548663,BRIDGE
-28.270812,-52.364921,-28.270469,-52.364844,BRIDGE
-28.269724,-52.674271,-28.269781,-52.674596,BRIDGE
-28.269168,-52.357939,-28.269080,-52.357933,TUNNEL
-28.269076,-52.357992,-28.269164,-52.358000,TUNNEL
-28.268952,-52.371477,-28.269259,-52.371676,BRIDGE
-28.267465,-52.374322,-28.267498,-52.374286,BRIDGE
-28.267108,-54.105502,-28.267067,-54.105161,BRIDGE
-28.267048,-52.377799,-28.267135,-52.377931,BRIDGE
-28.266125,-54.039707,-28.266255,-54.039605,BRIDGE
-28.266062,-50.787934,-28.265958,-50.787830,TUNNEL
-28.265566,-53.082100,-28.265510,-53.082276,BRIDGE
-28.265443,-53.925864,-28.265439,-53.925662,BRIDGE
-28.265349,-52.897168,-28.265113,-52.897253,BRIDGE
-28.264471,-51.538859,-28.264405,-51.538933,BRIDGE
-28.263244,-53.627079,-28.262715,-53.626832,BRIDGE
-28.263212,-50.761547,-28.262914,-50.761314,BRIDGE
-28.262725,-52.379635,-28.262669,-52.379536,BRIDGE
-28.262615,-51.931158,-28.262485,-51.931250,BRIDGE
-28.262500,-54.831081,-28.262466,-54.830906,BRIDGE
-28.262131,-52.381824,-28.262307,-52.381724,BRIDGE
-28.261370,-52.383282,-28.261450,-52.383401,BRIDGE
-28.260945,-50.868039,-28.260878,-50.868111,BRIDGE
-28.260842,-52.429434,-28.260829,-52.429233,BRIDGE
-28.260839,-54.035116,-28.260694,-54.034552,BRIDGE
-28.260794,-54.822429,-28.260700,-54.822358,BRIDGE
-28.260320,-52.055307,-28.260243,-52.055228,BRIDGE
-28.260220,-52.425476,-28.260395,-52.425365,BRIDGE
-28.260058,-52.429969,-28.260051,-52.429845,BRIDGE
-28.259792,-52.427557,-28.259866,-52.427528,BRIDGE
-28.259359,-52.430460,-28.259332,-52.430288,BRIDGE
-28.259153,-52.385219,-28.259168,-52.385142,BRIDGE
-28.257824,-53.687215,-28.257832,-53.687403,BRIDGE
-28.257278,-54.882648,-28.257298,-54.882487,BRIDGE
-28.257227,-52.389529,-28.257409,-52.389357,BRIDGE
-28.256850,-52.739611,-28.256715,-52.739354,BRIDGE
-28.256395,-53.790375,-28.256674,-53.790353,BRIDGE
-28.256056,-52.383040,-28.255951,-52.382904,BRIDGE
-28.255937,-52.361612,-28.255888,-52.361520,BRIDGE
-28.255395,-52.434935,-28.255556,-52.434962,BRIDGE
-28.255051,-53.688138,-28.254950,-53.688143,BRIDGE
-28.254898,-52.386027,-28.255024,-52.386050,BRIDGE
-28.254797,-52.393629,-28.254973,-52.393848,BRIDGE
-28.254635,-51.176301,-28.254248,-51.176378,BRIDGE
-28.254252,-52.386273,-28.254320,-52.386207,BRIDGE
-28.253657,-51.447381,-28.253978,-51.447280,BRIDGE
-28.253536,-52.396002,-28.253361,-52.395776,BRIDGE
-28.253319,-52.395898,-28.253453,-52.396063,BRIDGE
-28.253115,-53.643261,-28.253131,-53.643475,BRIDGE
-28.252752,-52.441523,-28.252870,-52.441689,BRIDGE
-28.252700,-54.620285,-28.252737,-54.620200,BRIDGE
-28.251748,-54.691649,-28.251622,-54.692120,BRIDGE
-28.250934,-52.397141,-28.251057,-52.397317,BRIDGE
-28.250708,-52.378924,-28.250941,-52.378704,BRIDGE
-28.249648,-54.393949,-28.249561,-54.393712,BRIDGE
-28.247956,-52.371190,-28.248132,-52.371201,BRIDGE
-28.247406,-54.759918,-28.247446,-54.759851,BRIDGE
-28.246531,-53.770432,-28.246317,-53.770578,BRIDGE
-28.245943,-54.487397,-28.246045,-54.487222,BRIDGE
-28.245871,-52.801008,-28.246251,-52.800675,BRIDGE
-28.245427,-52.415975,-28.245743,-52.415757,BRIDGE
-28.245391,-54.116973,-28.245384,-54.116649,BRIDGE
-28.245192,-55.255030,-28.245125,-55.255109,BRIDGE
-28.245110,-53.927332,-28.245030,-53.927123,BRIDGE
-28.244958,-53.466500,-28.244863,-53.466409,BRIDGE
-28.244505,-53.841293,-28.244508,-53.841838,BRIDGE
-28.243455,-53.553627,-28.243255,-53.553963,BRIDGE
-28.243452,-51.541542,-28.243376,-51.541522,BRIDGE
-28.242514,-52.558612,-28.242483,-52.559167,BRIDGE
-28.242423,-54.846747,-28.242441,-54.846615,BRIDGE
-28.242145,-51.810755,-28.242156,-51.810939,BRIDGE
-28.242111,-53.358346,-28.241975,-53.358151,BRIDGE
-28.241432,-54.015302,-28.241731,-54.015288,BRIDGE
-28.241395,-52.169488,-28.241510,-52.169376,BRIDGE
-28.241319,-52.423329,-28.241274,-52.423576,BRIDGE
-28.241157,-51.182180,-28.241110,-51.182273,BRIDGE
-28.241036,-54.268926,-28.241146,-54.268890,BRIDGE
-28.240978,-53.410265,-28.241191,-53.410420,BRIDGE
-28.240892,-53.753060,-28.240903,-53.753525,BRIDGE
-28.240594,-55.006790,-28.240494,-55.006744,BRIDGE
-28.240474,-54.184112,-28.240214,-54.184348,BRIDGE
-28.239812,-52.423554,-28.239821,-52.423365,BRIDGE
-28.239629,-51.105125,-28.239528,-51.105154,BRIDGE
-28.239459,-51.170612,-28.239130,-51.170547,BRIDGE
-28.239439,-55.175940,-28.238950,-55.176220,BRIDGE
-28.239227,-53.575210,-28.239256,-53.575046,BRIDGE
-28.239031,-55.137682,-28.239120,-55.137682,BRIDGE
-28.238730,-55.261613,-28.238514,-55.261853,BRIDGE
-28.238365,-54.832819,-28.238265,-54.832840,BRIDGE
-28.238093,-53.924265,-28.237984,-53.924358,BRIDGE
-28.237389,-54.008625,-28.237716,-54.008453,BRIDGE
-28.236994,-51.637921,-28.236994,-51.637732,BRIDGE
-28.235802,-52.373837,-28.235867,-52.373616,TUNNEL
-28.235766,-52.164711,-28.235657,-52.164607,BRIDGE
-28.235757,-53.635482,-28.235920,-53.635274,BRIDGE
-28.235420,-51.638175,-28.235542,-51.638281,BRIDGE
-28.235343,-52.414750,-28.235365,-52.414923,BRIDGE
-28.233794,-52.424169,-28.233725,-52.424091,BRIDGE
-28.233707,-55.014452,-28.233776,-55.014494,BRIDGE
-28.231630,-52.476782,-28.231830,-52.476476,BRIDGE
-28.230946,-52.400128,-28.230996,-52.400329,BRIDGE
-28.229797,-55.024570,-28.229869,-55.024575,BRIDGE
-28.229284,-55.047598,-28.229252,-55.047678,BRIDGE
-28.229144,-52.179713,-28.229313,-52.179844,BRIDGE
-28.229122,-53.471612,-28.229560,-53.471899,BRIDGE
-28.228036,-52.782824,-28.228071,-52.782179,BRIDGE
-28.227820,-52.838787,-28.227751,-52.838883,BRIDGE
-28.227214,-52.480149,-28.227524,-52.480000,BRIDGE
-28.227120,-53.832798,-28.227156,-53.833113,BRIDGE
-28.226917,-54.462203,-28.226797,-54.462175,BRIDGE
-28.226417,-52.364091,-28.226438,-52.363999,BRIDGE
-28.226259,-54.111571,-28.226052,-54.111281,BRIDGE
-28.226219,-54.546074,-28.226135,-54.546104,BRIDGE
-28.225387,-52.125091,-28.225371,-52.125257,BRIDGE
-28.225337,-52.146417,-28.225254,-52.146401,BRIDGE
-28.225257,-53.306853,-28.225049,-53.306831,BRIDGE
-28.225189,-53.493884,-28.224958,-53.493844,BRIDGE
-28.224348,-51.265399,-28.224299,-51.265472,BRIDGE
-28.223301,-53.381765,-28.223420,-53.381566,BRIDGE
-28.223164,-55.259965,-28.223083,-55.259948,BRIDGE
-28.223092,-52.371261,-28.223443,-52.370532,BRIDGE
-28.222877,-53.563529,-28.223073,-53.563207,BRIDGE
-28.222588,-53.680035,-28.222658,-53.680126,BRIDGE
-28.222551,-54.441928,-28.222716,-54.441884,BRIDGE
-28.222481,-52.365859,-28.222753,-52.366047,BRIDGE
-28.222085,-55.032438,-28.222016,-55.032350,BRIDGE
-28.221904,-54.000439,-28.221872,-54.000534,BRIDGE
-28.221455,-54.949253,-28.221426,-54.949152,BRIDGE
-28.220714,-52.087967,-28.220604,-52.087841,BRIDGE
-28.220458,-55.056104,-28.220439,-55.056223,BRIDGE
-28.220440,-54.523534,-28.220356,-54.523534,BRIDGE
-28.219720,-52.034871,-28.219719,-52.034691,BRIDGE
-28.219644,-55.046182,-28.219992,-55.046261,BRIDGE
-28.218566,-51.123011,-28.218877,-51.122953,BRIDGE
-28.217644,-53.811310,-28.217878,-53.811129,BRIDGE
-28.216511,-53.552314,-28.216483,-53.552440,BRIDGE
-28.216158,-54.215389,-28.216148,-54.215543,BRIDGE
-28.216084,-52.037291,-28.215853,-52.037288,BRIDGE
-28.215483,-53.469812,-28.216190,-53.470078,BRIDGE
-28.214287,-50.958165,-28.214270,-50.957900,BRIDGE
-28.213760,-52.155284,-28.213716,-52.155206,BRIDGE
-28.213573,-54.753259,-28.213644,-54.753469,BRIDGE
-28.213464,-54.752741,-28.213486,-54.752842,BRIDGE
-28.211906,-52.452236,-28.211940,-52.452656,BRIDGE
-28.211835,-52.386396,-28.212000,-52.386567,BRIDGE
-28.211424,-55.218593,-28.211634,-55.218294,BRIDGE
-28.211215,-53.842731,-28.211376,-53.842735,BRIDGE
-28.211211,-51.561456,-28.211153,-51.561953,BRIDGE
-28.209892,-54.511622,-28.209892,-54.511549,BRIDGE
-28.209891,-50.762011,-28.209554,-50.760727,BRIDGE
-28.209491,-51.963941,-28.209568,-51.963974,BRIDGE
-28.209015,-52.832353,-28.209063,-52.832419,BRIDGE
-28.208514,-52.095130,-28.208576,-52.095261,BRIDGE
-28.208358,-54.003174,-28.208416,-54.003297,BRIDGE
-28.208178,-50.758123,-28.210329,-50.759616,BRIDGE
-28.206755,-54.950599,-28.206778,-54.950258,BRIDGE
-28.206661,-52.052303,-28.206735,-52.052181,BRIDGE
-28.206622,-51.533226,-28.206591,-51.533172,BRIDGE
-28.205690,-54.592679,-28.205691,-54.592555,BRIDGE
-28.205467,-53.792099,-28.205489,-53.791790,BRIDGE
-28.204224,-55.057082,-28.204142,-55.057084,BRIDGE
-28.201574,-51.005254,-28.201695,-51.004762,BRIDGE
-28.201319,-51.965795,-28.201392,-51.965725,BRIDGE
-28.200819,-55.046279,-28.201008,-55.046273,BRIDGE
-28.200792,-51.966338,-28.200836,-51.966288,BRIDGE
-28.199951,-54.066959,-28.200074,-54.066942,BRIDGE
-28.199583,-52.057068,-28.199454,-52.056913,BRIDGE
-28.199518,-54.322797,-28.199195,-54.322887,BRIDGE
-28.199023,-54.502730,-28.198903,-54.502731,BRIDGE
-28.198871,-54.492363,-28.198791,-54.492330,BRIDGE
-28.198868,-54.350706,-28.199005,-54.350719,BRIDGE
-28.198789,-52.065936,-28.198923,-52.065926,BRIDGE
-28.198157,-52.826748,-28.198141,-52.826632,BRIDGE
-28.197944,-55.035189,-28.197858,-55.035189,BRIDGE
-28.197684,-51.114727,-28.197642,-51.114648,BRIDGE
-28.197062,-53.483875,-28.196911,-53.483997,BRIDGE
-28.197035,-54.753055,-28.196754,-54.753059,BRIDGE
-28.196201,-55.100190,-28.196342,-55.100242,BRIDGE
-28.195617,-52.068237,-28.195578,-52.068092,BRIDGE
-28.195048,-55.020989,-28.194920,-55.020480,BRIDGE
-28.194259,-55.360327,-28.194505,-55.360107,BRIDGE
-28.194215,-54.562115,-28.194037,-54.562077,BRIDGE
-28.192943,-53.730390,-28.193161,-53.730507,BRIDGE
-28.192563,-53.994555,-28.192570,-53.994455,BRIDGE
-28.192482,-54.253310,-28.192350,-54.253581,BRIDGE
-28.192186,-55.115475,-28.192282,-55.115476,BRIDGE
-28.191208,-51.487163,-28.190707,-51.486917,BRIDGE
-28.191202,-51.399659,-28.191620,-51.399295,BRIDGE
-28.189930,-54.051443,-28.189874,-54.051533,BRIDGE
-28.189913,-53.535937,-28.189967,-53.535804,BRIDGE
-28.189811,-54.396565,-28.189664,-54.396768,BRIDGE
-28.189808,-53.731108,-28.189894,-53.730932,BRIDGE
-28.189216,-54.389922,-28.189061,-54.389902,BRIDGE
-28.188897,-53.725420,-28.189174,-53.725313,BRIDGE
-28.188605,-51.452848,-28.188858,-51.453115,BRIDGE
-28.186807,-54.827602,-28.186769,-54.827498,BRIDGE
-28.186669,-53.778650,-28.186556,-53.778436,BRIDGE
-28.185645,-53.993850,-28.185664,-53.993739,BRIDGE
-28.184856,-54.530772,-28.184855,-54.530665,BRIDGE
-28.182857,-54.525674,-28.182772,-54.525674,BRIDGE
-28.181877,-52.123229,-28.181896,-52.123171,BRIDGE
-28.180943,-52.941782,-28.180805,-52.941787,BRIDGE
-28.180495,-53.474972,-28.180646,-53.474999,TUNNEL
-28.179957,-51.652340,-28.180407,-51.652056,BRIDGE
-28.178903,-54.739649,-28.175738,-54.739837,BRIDGE
-28.177885,-52.669137,-28.177783,-52.669189,BRIDGE
-28.175701,-52.047977,-28.175805,-52.047938,BRIDGE
-28.175697,-54.514720,-28.175697,-54.514557,BRIDGE
-28.175431,-52.051828,-28.175427,-52.051686,BRIDGE
-28.175094,-55.067337,-28.175186,-55.067127,BRIDGE
-28.174711,-53.981320,-28.174664,-53.981456,BRIDGE
-28.174659,-52.112923,-28.174578,-52.112934,BRIDGE
-28.174626,-52.900268,-28.174492,-52.900408,BRIDGE
-28.174543,-52.432903,-28.174781,-52.432928,BRIDGE
-28.173983,-54.137526,-28.173887,-54.137240,BRIDGE
-28.173603,-52.094936,-28.173661,-52.094783,BRIDGE
-28.171921,-54.497705,-28.171835,-54.497703,BRIDGE
-28.171013,-53.781043,-28.170899,-53.781416,BRIDGE
-28.169805,-54.943100,-28.169801,-54.942812,BRIDGE
-28.169557,-51.919016,-28.169113,-51.918777,BRIDGE
-28.169282,-55.002739,-28.166968,-55.001990,BRIDGE
-28.168198,-51.972020,-28.168252,-51.971949,BRIDGE
-28.166937,-53.700826,-28.166946,-53.700877,BRIDGE
-28.165814,-51.857722,-28.165544,-51.857811,BRIDGE
-28.164247,-54.490253,-28.164284,-54.490172,BRIDGE
-28.164126,-53.255396,-28.164291,-53.255097,BRIDGE
-28.163765,-52.068573,-28.163668,-52.068647,BRIDGE
-28.161544,-54.051506,-28.161446,-54.051639,BRIDGE
-28.160846,-54.440902,-28.160560,-54.440692,BRIDGE
-28.160559,-51.915068,-28.160529,-51.915013,BRIDGE
-28.160330,-54.733869,-28.160495,-54.733569,BRIDGE
-28.159646,-54.326419,-28.158959,-54.326541,BRIDGE
-28.159206,-51.940280,-28.159287,-51.940220,BRIDGE
-28.159032,-54.024424,-28.159003,-54.024540,BRIDGE
-28.158859,-52.112332,-28.158924,-52.112475,BRIDGE
-28.158795,-54.355449,-28.158578,-54.355302,BRIDGE
-28.158288,-51.923697,-28.158206,-51.923726,BRIDGE
-28.157669,-54.594466,-28.157829,-54.594456,BRIDGE
-28.157351,-51.496642,-28.157674,-51.495713,BRIDGE
-28.157006,-54.733124,-28.157111,-54.732877,BRIDGE
-28.156823,-51.866127,-28.156687,-51.866043,BRIDGE
-28.156702,-51.977554,-28.156798,-51.977577,BRIDGE
-28.156448,-51.968964,-28.156488,-51.968878,BRIDGE
-28.155735,-54.735641,-28.155735,-54.735704,TUNNEL
-28.154011,-54.011458,-28.154140,-54.011549,BRIDGE
-28.153677,-51.972780,-28.153736,-51.972704,BRIDGE
-28.153575,-53.760786,-28.153657,-53.760809,BRIDGE
-28.153081,-53.764231,-28.152895,-53.764252,BRIDGE
-28.152921,-54.326524,-28.152908,-54.326249,BRIDGE
-28.152833,-51.513871,-28.153991,-51.513771,BRIDGE
-28.152351,-54.009045,-28.152286,-54.009139,BRIDGE
-28.152216,-54.542492,-28.152274,-54.542687,BRIDGE
-28.151971,-53.515971,-28.152081,-53.515792,BRIDGE
-28.151902,-54.795009,-28.151939,-54.794930,BRIDGE
-28.151565,-54.840418,-28.151566,-54.840303,BRIDGE
-28.151158,-54.556320,-28.150971,-54.556331,BRIDGE
-28.150332,-54.736550,-28.150524,-54.736546,TUNNEL
-28.150271,-51.832132,-28.150165,-51.832163,BRIDGE
-28.150256,-51.846859,-28.150341,-51.846732,BRIDGE
-28.149901,-52.938196,-28.149693,-52.938207,BRIDGE
-28.149630,-54.568377,-28.149501,-54.568565,BRIDGE
-28.149231,-53.688471,-28.149311,-53.688484,BRIDGE
-28.147200,-54.733536,-28.147199,-54.733241,BRIDGE
-28.147195,-54.729865,-28.147193,-54.729653,BRIDGE
-28.147098,-54.733299,-28.147099,-54.733586,BRIDGE
-28.147093,-54.805713,-28.147093,-54.805780,BRIDGE
-28.147078,-54.729600,-28.147081,-54.729830,BRIDGE
-28.146073,-54.719876,-28.145955,-54.720052,TUNNEL
-28.145591,-54.735062,-28.145591,-54.734984,BRIDGE
-28.144984,-55.306084,-28.145093,-55.306277,BRIDGE
-28.144939,-54.735623,-28.145011,-54.735622,BRIDGE
-28.144814,-54.718618,-28.144685,-54.718500,BRIDGE
-28.144077,-54.737006,-28.144077,-54.737070,BRIDGE
-28.143817,-54.737336,-28.143899,-54.737336,BRIDGE
-28.143455,-54.739061,-28.143416,-54.739061,BRIDGE
-28.143326,-54.740803,-28.143273,-54.740805,BRIDGE
-28.143261,-54.741668,-28.143211,-54.741668,BRIDGE
-28.143232,-54.742539,-28.143173,-54.742542,BRIDGE
-28.142874,-55.126760,-28.143025,-55.126902,BRIDGE
-28.142581,-54.745440,-28.142581,-54.745338,BRIDGE
-28.142005,-55.052270,-28.141732,-55.053338,BRIDGE
-28.141674,-53.744886,-28.141748,-53.744923,BRIDGE
-28.141468,-54.747489,-28.141460,-54.747446,TUNNEL
-28.141399,-54.747530,-28.141391,-54.747482,TUNNEL
-28.141325,-54.747521,-28.141333,-54.747562,TUNNEL
-28.141268,-54.984450,-28.141205,-54.984351,BRIDGE
-28.140832,-55.417120,-28.140764,-55.417447,BRIDGE
-28.140320,-54.414441,-28.140592,-54.414462,BRIDGE
-28.140202,-54.747240,-28.140170,-54.747247,BRIDGE
-28.140173,-54.746713,-28.140152,-54.746732,BRIDGE
-28.139803,-54.560379,-28.139393,-54.560379,BRIDGE
-28.139446,-54.976863,-28.139405,-54.976954,BRIDGE
-28.139317,-54.701054,-28.139365,-54.700902,BRIDGE
-28.139268,-54.747462,-28.139258,-54.747377,BRIDGE
-28.138937,-54.686731,-28.139014,-54.686713,BRIDGE
-28.137057,-54.668500,-28.136970,-54.668524,BRIDGE
-28.136798,-54.724301,-28.136798,-54.724357,TUNNEL
-28.136352,-52.085052,-28.136264,-52.085199,BRIDGE
-28.136163,-55.232724,-28.136318,-55.232970,BRIDGE
-28.136058,-51.901946,-28.136259,-51.901566,BRIDGE
-28.135470,-55.053106,-28.135157,-55.052461,BRIDGE
-28.135450,-52.176832,-28.135873,-52.177355,BRIDGE
-28.134243,-52.757854,-28.134133,-52.757872,BRIDGE
-28.132998,-53.986475,-28.132940,-53.986550,BRIDGE
-28.132325,-55.252414,-28.132513,-55.252350,BRIDGE
-28.131245,-54.865864,-28.131366,-54.865812,BRIDGE
-28.130349,-51.093274,-28.130394,-51.093868,BRIDGE
-28.130168,-55.519214,-28.138567,-55.515740,BRIDGE
-28.130113,-55.519292,-28.130168,-55.519214,BRIDGE
-28.129881,-51.992668,-28.129827,-51.992516,BRIDGE
-28.129043,-54.464957,-28.128608,-54.465097,BRIDGE
-28.128028,-54.965708,-28.127959,-54.965773,BRIDGE
-28.126600,-54.794164,-28.126495,-54.794163,TUNNEL
-28.125889,-53.665136,-28.125970,-53.665136,BRIDGE
-28.125849,-54.706989,-28.125650,-54.706987,BRIDGE
-28.125775,-54.727034,-28.125721,-54.727031,TUNNEL
-28.123613,-54.541260,-28.123567,-54.541326,BRIDGE
-28.123552,-55.140551,-28.123685,-55.140787,BRIDGE
-28.123306,-55.527606,-28.130113,-55.519292,BRIDGE
-28.123301,-51.982973,-28.123305,-51.983088,BRIDGE
-28.121074,-55.265507,-28.121109,-55.265389,BRIDGE
-28.119806,-54.737452,-28.119631,-54.737464,BRIDGE
-28.119665,-51.885001,-28.119762,-51.884687,BRIDGE
-28.119609,-51.761712,-28.119502,-51.761524,BRIDGE
-28.119348,-52.082491,-28.119494,-52.082975,BRIDGE
-28.118087,-55.189113,-28.118027,-55.189166,BRIDGE
-28.117703,-52.400805,-28.117758,-52.400928,BRIDGE
-28.117258,-54.836174,-28.117319,-54.836175,TUNNEL
-28.117180,-52.813228,-28.117137,-52.813073,BRIDGE
-28.114793,-54.917819,-28.114670,-54.917826,BRIDGE
-28.114730,-55.042797,-28.114883,-55.042771,BRIDGE
-28.114310,-52.684522,-28.114174,-52.684486,BRIDGE
-28.113667,-51.883308,-28.113619,-51.883293,BRIDGE
-28.113201,-55.330204,-28.113277,-55.329957,BRIDGE
-28.112997,-51.977578,-28.113170,-51.977594,BRIDGE
-28.112654,-54.717190,-28.112614,-54.717192,BRIDGE
-28.112042,-52.261672,-28.112167,-52.261686,BRIDGE
-28.111741,-54.368826,-28.111930,-54.368791,BRIDGE
-28.111082,-54.716513,-28.111083,-54.716587,BRIDGE
-28.109484,-54.716372,-28.109502,-54.716316,BRIDGE
-28.108602,-51.833658,-28.108767,-51.833678,BRIDGE
-28.108068,-54.605232,-28.108263,-54.605044,BRIDGE
-28.106970,-53.098065,-28.106807,-53.098211,BRIDGE
-28.106846,-55.022925,-28.106858,-55.023747,BRIDGE
-28.106646,-53.756590,-28.106716,-53.756727,BRIDGE
-28.106557,-52.056505,-28.106598,-52.056547,BRIDGE
-28.105579,-51.970228,-28.105868,-51.970180,BRIDGE
-28.104902,-52.774769,-28.105014,-52.774781,BRIDGE
-28.104872,-55.576977,-28.104734,-55.576972,BRIDGE
-28.104189,-52.491970,-28.104249,-52.492074,BRIDGE
-28.101582,-54.545275,-28.101675,-54.545799,BRIDGE
-28.101528,-52.065521,-28.101725,-52.065427,BRIDGE
-28.101221,-53.520585,-28.101222,-53.520778,BRIDGE
-28.101000,-54.341376,-28.100420,-54.341626,BRIDGE
-28.100751,-51.863067,-28.100474,-51.863001,BRIDGE
-28.099569,-52.083727,-28.099525,-52.083450,BRIDGE
-28.099473,-54.825902,-28.099547,-54.825910,BRIDGE
-28.098904,-51.204901,-28.098976,-51.204963,BRIDGE
-28.097766,-51.960428,-28.097693,-51.960492,BRIDGE
-28.097293,-52.764996,-28.097480,-52.764984,BRIDGE
-28.095242,-53.652994,-28.095433,-53.652975,BRIDGE
-28.095231,-54.827916,-28.095232,-54.828074,BRIDGE
-28.094279,-52.851556,-28.094349,-52.851701,BRIDGE
-28.090473,-52.191886,-28.090487,-52.191739,BRIDGE
-28.089147,-52.866822,-28.089107,-52.866611,BRIDGE
-28.088732,-52.064059,-28.088872,-52.063890,BRIDGE
-28.088606,-52.064175,-28.088670,-52.064116,BRIDGE
-28.088575,-52.068372,-28.088597,-52.068462,BRIDGE
-28.088489,-53.473907,-28.088649,-53.474148,BRIDGE
-28.088240,-52.068039,-28.088175,-52.068098,BRIDGE
-28.087769,-52.388008,-28.087866,-52.388081,BRIDGE
-28.087156,-53.087949,-28.087210,-53.087963,BRIDGE
-28.087090,-53.018188,-28.087046,-53.017596,BRIDGE
-28.086647,-54.345920,-28.086145,-54.346165,BRIDGE
-28.086209,-54.847066,-28.086210,-54.846950,BRIDGE
-28.085596,-52.073782,-28.085697,-52.073792,BRIDGE
-28.084822,-52.083117,-28.084662,-52.083248,BRIDGE
-28.083185,-53.072650,-28.083092,-53.072855,BRIDGE
-28.083156,-52.080661,-28.083237,-52.080671,BRIDGE
-28.082646,-51.753858,-28.082593,-51.754028,BRIDGE
-28.082642,-54.846085,-28.082629,-54.846034,BRIDGE
-28.081776,-54.888632,-28.081782,-54.888686,BRIDGE
-28.080867,-52.983270,-28.080769,-52.983340,BRIDGE
-28.079578,-52.243759,-28.079566,-52.243837,BRIDGE
-28.078830,-54.846806,-28.078846,-54.846747,BRIDGE
-28.078260,-55.057029,-28.077854,-55.057278,BRIDGE
-28.076161,-51.943668,-28.076042,-51.943595,BRIDGE
-28.075941,-53.076365,-28.076012,-53.076213,BRIDGE
-28.075915,-52.433487,-28.075909,-52.433624,BRIDGE
-28.074933,-51.265585,-28.075177,-51.265805,BRIDGE
-28.074917,-54.846868,-28.074917,-54.846776,BRIDGE
-28.074907,-54.831337,-28.074910,-54.831173,BRIDGE
-28.073853,-54.846265,-28.073977,-54.846268,BRIDGE
-28.073656,-52.458618,-28.073462,-52.458735,BRIDGE
-28.073580,-54.847304,-28.073477,-54.847303,BRIDGE
-28.073027,-51.756512,-28.073323,-51.756149,BRIDGE
-28.072476,-51.932553,-28.072364,-51.933020,BRIDGE
-28.071585,-54.833602,-28.071585,-54.833549,BRIDGE
-28.070844,-55.276358,-28.070843,-55.276439,BRIDGE
-28.070527,-55.186378,-28.070757,-55.186343,BRIDGE
-28.070346,-54.517440,-28.070202,-54.517421,BRIDGE
-28.069940,-55.191654,-28.070212,-55.192008,BRIDGE
-28.069550,-52.011279,-28.069612,-52.011211,BRIDGE
-28.069545,-52.158685,-28.069567,-52.158413,BRIDGE
-28.068778,-53.071151,-28.068657,-53.071197,BRIDGE
-28.068431,-52.095574,-28.068539,-52.095608,BRIDGE
-28.067996,-54.836161,-28.067939,-54.836163,BRIDGE
-28.067800,-54.708104,-28.068344,-54.708109,BRIDGE
-28.066905,-51.753124,-28.066743,-51.753072,BRIDGE
-28.066816,-50.965064,-28.066893,-50.965006,BRIDGE
-28.066797,-55.086346,-28.066990,-55.086389,BRIDGE
-28.066723,-52.868623,-28.066307,-52.868513,BRIDGE
-28.065743,-52.901289,-28.065422,-52.901240,BRIDGE
-28.065483,-51.122850,-28.065486,-51.122668,BRIDGE
-28.064674,-54.683011,-28.065229,-54.683371,BRIDGE
-28.063383,-53.131939,-28.063300,-53.132357,BRIDGE
-28.063150,-53.200849,-28.063295,-53.200806,BRIDGE
-28.063087,-54.755504,-28.063354,-54.755669,BRIDGE
-28.063068,-52.798716,-28.062907,-52.798511,BRIDGE
-28.062519,-51.913322,-28.063124,-51.913335,BRIDGE
-28.062436,-52.867052,-28.062282,-52.867135,BRIDGE
-28.062091,-52.083228,-28.062223,-52.083447,BRIDGE
-28.061196,-51.117378,-28.061118,-51.117356,BRIDGE
-28.060719,-51.513685,-28.060845,-51.513866,BRIDGE
-28.059488,-52.063385,-28.059372,-52.063370,BRIDGE
-28.058944,-52.832886,-28.058784,-52.832803,BRIDGE
-28.058632,-54.840105,-28.058630,-54.840015,BRIDGE
-28.058396,-52.046562,-28.058472,-52.046524,BRIDGE
-28.058293,-54.072398,-28.058400,-54.072618,BRIDGE
-28.057981,-54.889949,-28.057982,-54.890057,BRIDGE
-28.056825,-53.073987,-28.056753,-53.073889,BRIDGE
-28.056722,-52.073678,-28.056559,-52.073513,BRIDGE
-28.056403,-52.038615,-28.056517,-52.038615,BRIDGE
-28.055073,-51.578235,-28.055359,-51.578048,BRIDGE
-28.054170,-52.780038,-28.054331,-52.780007,BRIDGE
-28.054151,-55.081581,-28.053836,-55.081987,BRIDGE
-28.053832,-53.005632,-28.053884,-53.004992,BRIDGE
-28.053524,-54.795289,-28.053283,-54.795013,BRIDGE
-28.053312,-52.771575,-28.053490,-52.771498,BRIDGE
-28.053259,-51.853459,-28.053460,-51.853500,BRIDGE
-28.053060,-53.064488,-28.053137,-53.064512,BRIDGE
-28.052989,-55.119279,-28.053007,-55.119352,BRIDGE
-28.052882,-53.066014,-28.052961,-53.066044,BRIDGE
-28.052273,-53.067329,-28.052213,-53.067269,BRIDGE
-28.052104,-53.076760,-28.052177,-53.076389,BRIDGE
-28.050536,-52.377241,-28.050625,-52.377320,BRIDGE
-28.049511,-53.139305,-28.049336,-53.139319,BRIDGE
-28.048871,-55.184439,-28.049048,-55.184018,BRIDGE
-28.048865,-52.905799,-28.048757,-52.905732,BRIDGE
-28.048254,-53.738667,-28.048183,-53.738345,BRIDGE
-28.047996,-55.486184,-28.048107,-55.486239,BRIDGE
-28.047011,-51.034410,-28.046627,-51.034875,BRIDGE
-28.047009,-54.678854,-28.047186,-54.678501,BRIDGE
-28.045779,-54.085737,-28.046162,-54.085747,BRIDGE
-28.045778,-55.212039,-28.045799,-55.212130,BRIDGE
-28.045650,-53.074877,-28.045860,-53.074920,BRIDGE
-28.044842,-51.863100,-28.044948,-51.863110,BRIDGE
-28.043884,-51.770141,-28.043952,-51.770140,BRIDGE
-28.043778,-51.360027,-28.043588,-51.360289,BRIDGE
-28.043502,-50.948364,-28.043536,-50.948229,BRIDGE
-28.043433,-52.747822,-28.043393,-52.747977,BRIDGE
-28.042718,-52.815823,-28.042907,-52.815806,BRIDGE
-28.042291,-52.632879,-28.042243,-52.632835,BRIDGE
-28.041510,-53.199131,-28.041726,-53.199030,BRIDGE
-28.041112,-54.758794,-28.041874,-54.758538,BRIDGE
-28.040070,-54.840018,-28.040071,-54.840121,BRIDGE
-28.038814,-51.880924,-28.038950,-51.880985,BRIDGE
-28.038521,-52.185727,-28.038394,-52.185571,BRIDGE
-28.037156,-54.688616,-28.037163,-54.688702,BRIDGE
-28.036386,-52.139139,-28.036388,-52.139556,BRIDGE
-28.035381,-53.057306,-28.035705,-53.057782,BRIDGE
-28.034757,-51.603743,-28.034941,-51.603413,BRIDGE
-28.034527,-54.838804,-28.034060,-54.838611,BRIDGE
-28.034159,-53.103305,-28.034144,-53.103581,BRIDGE
-28.033993,-54.499184,-28.033998,-54.499024,BRIDGE
-28.033399,-52.963679,-28.033751,-52.963410,BRIDGE
-28.033312,-52.889450,-28.033373,-52.889515,BRIDGE
-28.032523,-52.069483,-28.032658,-52.069479,BRIDGE
-28.032184,-53.114718,-28.031994,-53.114602,BRIDGE
-28.032159,-52.055675,-28.031996,-52.055773,BRIDGE
-28.031309,-52.062069,-28.031319,-52.062270,BRIDGE
-28.030667,-51.392085,-28.030776,-51.391980,BRIDGE
-28.030611,-52.077298,-28.030553,-52.077279,BRIDGE
-28.029871,-54.894590,-28.029834,-54.894516,BRIDGE
-28.028955,-52.109148,-28.029036,-52.109361,BRIDGE
-28.027937,-54.916052,-28.027880,-54.916137,BRIDGE
-28.027339,-52.089082,-28.027291,-52.089042,BRIDGE
-28.026859,-55.332805,-28.027014,-55.333059,BRIDGE
-28.025865,-54.928053,-28.025761,-54.928055,BRIDGE
-28.025610,-53.089127,-28.025842,-53.088805,BRIDGE
-28.025055,-54.933051,-28.025160,-54.933053,BRIDGE
-28.024512,-54.935675,-28.024677,-54.935739,BRIDGE
-28.024350,-54.938245,-28.024191,-54.938247,BRIDGE
-28.024342,-52.883766,-28.024242,-52.883815,BRIDGE
-28.024186,-54.938337,-28.024357,-54.938337,BRIDGE
-28.024164,-55.329254,-28.024073,-55.329298,BRIDGE
-28.023847,-54.939367,-28.023937,-54.939367,BRIDGE
-28.022534,-54.909396,-28.022305,-54.908953,BRIDGE
-28.019792,-55.165027,-28.019948,-55.164957,BRIDGE
-28.018651,-51.894981,-28.018729,-51.895075,BRIDGE
-28.018352,-51.834614,-28.018484,-51.834708,BRIDGE
-28.018299,-54.141152,-28.018345,-54.141265,BRIDGE
-28.018154,-52.377287,-28.018471,-52.377467,BRIDGE
-28.016452,-54.807625,-28.016491,-54.807573,BRIDGE
-28.015803,-54.867499,-28.015777,-54.867451,BRIDGE
-28.015609,-51.639815,-28.015700,-51.639704,BRIDGE
-28.014111,-51.983200,-28.014121,-51.983108,BRIDGE
-28.013453,-53.086707,-28.013648,-53.086434,BRIDGE
-28.012507,-54.795743,-28.012430,-54.795745,BRIDGE
-28.012319,-54.889531,-28.011872,-54.889349,BRIDGE
-28.010269,-54.727945,-28.010424,-54.727944,BRIDGE
-28.009839,-54.717794,-28.009902,-54.717795,BRIDGE
-28.009810,-54.901412,-28.009739,-54.901395,BRIDGE
-28.009766,-51.869156,-28.009865,-51.869158,BRIDGE
-28.009582,-54.100947,-28.009948,-54.100720,BRIDGE
-28.009183,-55.068023,-28.009190,-55.068176,BRIDGE
-28.007863,-54.668437,-28.007672,-54.668460,BRIDGE
-28.006932,-54.738168,-28.007012,-54.738170,BRIDGE
-28.005356,-52.019124,-28.005263,-52.018940,BRIDGE
-28.004436,-51.896579,-28.004436,-51.896697,BRIDGE
-28.002803,-53.118783,-28.002796,-53.118679,BRIDGE
-28.002556,-54.667370,-28.002497,-54.667330,BRIDGE
-28.002487,-51.920670,-28.002409,-51.920587,BRIDGE
-28.002269,-51.723113,-28.002083,-51.723326,BRIDGE
-28.001929,-55.289859,-28.001970,-55.289946,BRIDGE
-28.001769,-51.935152,-28.001764,-51.934632,BRIDGE
-28.001082,-54.754967,-28.001222,-54.754966,BRIDGE
-28.000999,-54.864968,-28.001613,-54.863602,BRIDGE
-27.998154,-51.676366,-27.998006,-51.676291,BRIDGE
-27.995727,-51.632450,-27.995802,-51.632308,BRIDGE
-27.995073,-54.986813,-27.995056,-54.986712,BRIDGE
-27.993783,-52.045851,-27.993553,-52.045758,BRIDGE
-27.993041,-52.064488,-27.993250,-52.064450,BRIDGE
-27.992492,-54.665990,-27.992437,-54.665982,BRIDGE
-27.992382,-52.052398,-27.992373,-52.052181,BRIDGE
-27.991782,-51.956513,-27.991976,-51.956647,BRIDGE
-27.991634,-54.169856,-27.991727,-54.169491,BRIDGE
-27.990266,-51.544705,-27.990369,-51.544598,BRIDGE
-27.990049,-52.410752,-27.990175,-52.410840,BRIDGE
-27.989842,-51.827348,-27.989737,-51.827285,BRIDGE
-27.989112,-51.830421,-27.988984,-51.830348,BRIDGE
-27.987868,-54.844363,-27.987768,-54.844593,BRIDGE
-27.986952,-54.775669,-27.987122,-54.775670,BRIDGE
-27.986517,-54.816715,-27.986590,-54.816614,BRIDGE
-27.985951,-54.265636,-27.985968,-54.265794,BRIDGE
-27.984840,-54.909560,-27.984525,-54.910019,BRIDGE
-27.984634,-54.034332,-27.984851,-54.034141,BRIDGE
-27.984395,-54.728069,-27.984490,-54.728082,BRIDGE
-27.983993,-54.825736,-27.984188,-54.825968,BRIDGE
-27.983660,-54.858005,-27.983850,-54.857987,BRIDGE
-27.982774,-54.796300,-27.982913,-54.796299,BRIDGE
-27.982768,-53.915338,-27.982919,-53.915553,BRIDGE
-27.982170,-51.840128,-27.982282,-51.840151,BRIDGE
-27.981998,-51.962550,-27.982076,-51.962338,BRIDGE
-27.981994,-52.380261,-27.982443,-52.380257,BRIDGE
-27.981880,-54.828377,-27.982124,-54.828303,BRIDGE
-27.981210,-54.455459,-27.981434,-54.455703,BRIDGE
-27.980914,-52.086661,-27.980709,-52.086686,BRIDGE
-27.980772,-54.738499,-27.980890,-54.738503,BRIDGE
-27.980602,-54.662768,-27.980600,-54.662574,BRIDGE
-27.980333,-53.207892,-27.980201,-53.207757,BRIDGE
-27.979870,-54.556708,-27.979889,-54.557017,BRIDGE
-27.979615,-54.755330,-27.979757,-54.755326,BRIDGE
-27.979080,-54.760774,-27.979100,-54.760709,BRIDGE
-27.978999,-51.885680,-27.978952,-51.885603,BRIDGE
-27.978498,-52.971665,-27.978297,-52.971544,BRIDGE
-27.977169,-51.672081,-27.977104,-51.672171,BRIDGE
-27.976184,-51.876772,-27.976215,-51.876986,BRIDGE
-27.976123,-52.002495,-27.976022,-52.002279,BRIDGE
-27.975575,-51.590378,-27.975721,-51.590328,BRIDGE
-27.975443,-51.783453,-27.975454,-51.783388,BRIDGE
-27.975337,-51.780457,-27.975276,-51.780441,BRIDGE
-27.975118,-52.010283,-27.975317,-52.010340,BRIDGE
-27.974808,-54.309015,-27.974678,-54.309188,BRIDGE
-27.974762,-54.794989,-27.974756,-54.794899,BRIDGE
-27.974639,-51.782096,-27.974732,-51.782096,BRIDGE
-27.974279,-51.646352,-27.974372,-51.646260,BRIDGE
-27.973718,-52.992759,-27.973810,-52.992833,BRIDGE
-27.973526,-52.012866,-27.973517,-52.012758,BRIDGE
-27.973461,-54.175591,-27.973626,-54.175624,BRIDGE
-27.973389,-54.753896,-27.973443,-54.753837,BRIDGE
-27.971963,-52.763028,-27.971974,-52.762942,BRIDGE
-27.971785,-51.605770,-27.971940,-51.605784,BRIDGE
-27.971196,-52.992079,-27.971277,-52.991987,BRIDGE
-27.971125,-54.564664,-27.970892,-54.564596,BRIDGE
-27.970693,-54.160568,-27.970637,-54.160628,BRIDGE
-27.970268,-55.111533,-27.970197,-55.111572,BRIDGE
-27.969751,-53.224748,-27.969782,-53.224608,BRIDGE
-27.969078,-52.015308,-27.969306,-52.015409,BRIDGE
-27.968280,-51.682137,-27.968247,-51.682229,BRIDGE
-27.968221,-52.319116,-27.968267,-52.318931,BRIDGE
-27.968110,-52.702988,-27.968046,-52.702850,BRIDGE
-27.968067,-51.898180,-27.968144,-51.898187,BRIDGE
-27.967870,-54.879433,-27.967941,-54.879449,BRIDGE
-27.966800,-51.603532,-27.966848,-51.603425,BRIDGE
-27.966604,-54.154506,-27.966508,-54.154533,BRIDGE
-27.966476,-51.910975,-27.966591,-51.910971,BRIDGE
-27.966052,-51.638152,-27.965893,-51.638260,BRIDGE
-27.965434,-54.878902,-27.965325,-54.878918,BRIDGE
-27.963861,-54.889715,-27.963948,-54.889711,BRIDGE
-27.962793,-53.951350,-27.963044,-53.950963,BRIDGE
-27.962286,-51.823719,-27.962227,-51.823667,BRIDGE
-27.961929,-51.808006,-27.961934,-51.807956,BRIDGE
-27.961775,-51.339937,-27.961483,-51.339125,BRIDGE
-27.961705,-54.264849,-27.961648,-54.264906,BRIDGE
-27.961377,-54.197830,-27.960949,-54.197541,BRIDGE
-27.960988,-51.750776,-27.960966,-51.750643,BRIDGE
-27.960895,-51.807915,-27.960900,-51.807974,BRIDGE
-27.959674,-52.495789,-27.959511,-52.495459,BRIDGE
-27.959337,-51.808322,-27.959312,-51.808279,BRIDGE
-27.958197,-51.314054,-27.958261,-51.314159,BRIDGE
-27.957530,-51.809255,-27.957569,-51.809305,BRIDGE
-27.957338,-54.871706,-27.957335,-54.871614,BRIDGE
-27.957091,-51.829218,-27.957070,-51.829078,BRIDGE
-27.955839,-55.248700,-27.955895,-55.248762,BRIDGE
-27.955836,-51.809897,-27.955853,-51.809988,BRIDGE
-27.955519,-52.890592,-27.955587,-52.890268,BRIDGE
-27.954341,-55.099824,-27.954498,-55.099828,BRIDGE
-27.953651,-51.899409,-27.953564,-51.899359,BRIDGE
-27.953642,-51.910597,-27.953763,-51.910094,BRIDGE
-27.953401,-52.032127,-27.953266,-52.032168,BRIDGE
-27.953387,-51.810862,-27.953373,-51.810783,BRIDGE
-27.953235,-55.213059,-27.953362,-55.212998,BRIDGE
-27.952776,-52.029477,-27.952735,-52.029348,BRIDGE
-27.952755,-51.697000,-27.952830,-51.696972,BRIDGE
-27.952716,-51.974414,-27.952697,-51.974317,BRIDGE
-27.952192,-51.665058,-27.952376,-51.665000,BRIDGE
-27.951539,-52.136092,-27.951523,-52.136428,BRIDGE
-27.951105,-53.197581,-27.951137,-53.197496,BRIDGE
-27.950251,-52.117995,-27.949969,-52.117893,BRIDGE
-27.950229,-55.282526,-27.950153,-55.282608,BRIDGE
-27.950066,-55.093389,-27.950067,-55.093253,BRIDGE
-27.949248,-51.740273,-27.949151,-51.740250,BRIDGE
-27.949068,-54.410783,-27.949003,-54.410670,BRIDGE
-27.948525,-51.815128,-27.948575,-51.815176,BRIDGE
-27.947131,-52.916088,-27.947729,-52.915369,BRIDGE
-27.946737,-54.341260,-27.946715,-54.341125,BRIDGE
-27.946716,-52.912520,-27.946873,-52.912666,BRIDGE
-27.945727,-52.915219,-27.945395,-52.915128,BRIDGE
-27.945678,-52.580926,-27.945237,-52.580838,BRIDGE
-27.945569,-54.501176,-27.945827,-54.501194,BRIDGE
-27.945039,-52.293290,-27.944881,-52.293418,BRIDGE
-27.944847,-51.819502,-27.944709,-51.819474,BRIDGE
-27.944662,-52.171392,-27.944743,-52.171256,BRIDGE
-27.943314,-52.917111,-27.943320,-52.916968,BRIDGE
-27.942665,-54.626776,-27.942529,-54.626779,BRIDGE
-27.942663,-51.821511,-27.942593,-51.821403,BRIDGE
-27.941823,-54.606009,-27.941934,-54.605976,BRIDGE
-27.941786,-51.822437,-27.941824,-51.822497,BRIDGE
-27.941705,-54.773256,-27.941621,-54.773279,BRIDGE
-27.941495,-51.891815,-27.941430,-51.891785,BRIDGE
-27.941355,-55.059384,-27.941408,-55.059385,BRIDGE
-27.941090,-52.901845,-27.941074,-52.901915,BRIDGE
-27.940515,-54.029360,-27.940256,-54.029504,BRIDGE
-27.939662,-53.268056,-27.940007,-53.267813,BRIDGE
-27.939540,-51.823490,-27.939504,-51.823400,BRIDGE
-27.939403,-54.226931,-27.939396,-54.227121,BRIDGE
-27.938477,-53.126636,-27.938558,-53.126701,BRIDGE
-27.938207,-51.824475,-27.938116,-51.824377,BRIDGE
-27.937541,-52.919616,-27.937358,-52.919494,BRIDGE
-27.937407,-54.921213,-27.937510,-54.921212,BRIDGE
-27.937170,-51.778357,-27.937212,-51.778333,BRIDGE
-27.937134,-54.028367,-27.937020,-54.028591,BRIDGE
-27.936901,-51.771019,-27.936846,-51.770970,BRIDGE
-27.936896,-52.093654,-27.937032,-52.093690,BRIDGE
-27.936771,-51.825135,-27.936809,-51.825289,BRIDGE
-27.936278,-54.766775,-27.936217,-54.766781,BRIDGE
-27.935614,-51.965480,-27.935508,-51.965468,BRIDGE
-27.935502,-52.077226,-27.935582,-52.077055,BRIDGE
-27.935271,-51.128327,-27.935072,-51.127944,BRIDGE
-27.935270,-51.735921,-27.935595,-51.735256,BRIDGE
-27.935145,-54.912894,-27.935295,-54.912853,BRIDGE
-27.933651,-51.611517,-27.933628,-51.611630,BRIDGE
-27.933511,-51.641276,-27.933399,-51.641415,BRIDGE
-27.932942,-52.924912,-27.933116,-52.925068,BRIDGE
-27.932786,-54.939953,-27.932860,-54.939315,BRIDGE
-27.932761,-52.092744,-27.932699,-52.091896,BRIDGE
-27.932613,-51.829609,-27.932773,-51.829633,BRIDGE
-27.931861,-52.933172,-27.931800,-52.933301,BRIDGE
-27.930970,-53.190602,-27.930841,-53.191000,BRIDGE
-27.930821,-53.091669,-27.930640,-53.091743,BRIDGE
-27.930286,-51.758942,-27.930257,-51.758857,BRIDGE
-27.930190,-53.861289,-27.929891,-53.860951,BRIDGE
-27.929831,-54.818525,-27.929910,-54.818523,BRIDGE
-27.929416,-55.206327,-27.929473,-55.206397,BRIDGE
-27.928558,-54.720799,-27.928580,-54.720521,BRIDGE
-27.928403,-54.626913,-27.928246,-54.626909,BRIDGE
-27.928290,-51.753738,-27.928270,-51.753656,BRIDGE
-27.928033,-54.900872,-27.928164,-54.900869,BRIDGE
-27.927874,-54.633209,-27.927804,-54.633174,BRIDGE
-27.927361,-52.371653,-27.927595,-52.371808,BRIDGE
-27.926180,-54.630667,-27.926097,-54.630378,BRIDGE
-27.926026,-51.751112,-27.925970,-51.751174,BRIDGE
-27.925203,-51.670353,-27.925055,-51.670397,BRIDGE
-27.924050,-54.520438,-27.923705,-54.520111,BRIDGE
-27.924002,-51.795775,-27.924001,-51.795707,BRIDGE
-27.923826,-51.599925,-27.923744,-51.599965,BRIDGE
-27.923809,-53.023962,-27.923926,-53.024043,BRIDGE
-27.923087,-51.795744,-27.923157,-51.795664,BRIDGE
-27.922994,-53.047235,-27.922465,-53.048490,BRIDGE
-27.922480,-53.043838,-27.922555,-53.043798,BRIDGE
-27.921798,-53.036934,-27.921625,-53.036884,BRIDGE
-27.921767,-51.841957,-27.921841,-51.842062,BRIDGE
-27.921370,-53.041353,-27.921537,-53.041417,BRIDGE
-27.921330,-51.536726,-27.921287,-51.536803,BRIDGE
-27.920416,-51.871690,-27.920411,-51.871738,BRIDGE
-27.920302,-51.740308,-27.920139,-51.740313,BRIDGE
-27.919686,-51.664678,-27.919616,-51.664538,BRIDGE
-27.919123,-51.852200,-27.919128,-51.852302,BRIDGE
-27.918446,-51.696989,-27.918376,-51.696968,BRIDGE
-27.917530,-54.767796,-27.917521,-54.767733,BRIDGE
-27.917460,-51.855824,-27.917373,-51.855880,BRIDGE
-27.916566,-51.714274,-27.916636,-51.714340,BRIDGE
-27.916477,-53.099917,-27.916377,-53.100120,TUNNEL
-27.916288,-51.711046,-27.916394,-51.711059,BRIDGE
-27.915561,-54.812852,-27.915565,-54.812757,BRIDGE
-27.915531,-55.143145,-27.915535,-55.143228,BRIDGE
-27.915180,-54.280376,-27.915310,-54.280135,BRIDGE
-27.915010,-54.772184,-27.914943,-54.772234,BRIDGE
-27.914895,-51.791532,-27.914862,-51.791575,BRIDGE
-27.914879,-53.188684,-27.915044,-53.188478,BRIDGE
-27.914851,-54.725973,-27.914894,-54.726063,BRIDGE
-27.913843,-53.887451,-27.913726,-53.887079,BRIDGE
-27.913809,-54.647178,-27.913976,-54.647136,BRIDGE
-27.912878,-54.423293,-27.912879,-54.423158,BRIDGE
-27.911682,-55.128499,-27.911836,-55.129094,BRIDGE
-27.910343,-51.643594,-27.910454,-51.643550,BRIDGE
-27.909703,-54.548983,-27.909825,-54.548664,BRIDGE
-27.908446,-55.209325,-27.908402,-55.209279,BRIDGE
-27.908361,-54.258763,-27.908642,-54.259144,BRIDGE
-27.908255,-54.816019,-27.908205,-54.815917,BRIDGE
-27.908079,-54.980608,-27.907701,-54.980433,BRIDGE
-27.907388,-55.130061,-27.907389,-55.129913,BRIDGE
-27.907005,-52.953075,-27.906679,-52.953260,BRIDGE
-27.904822,-51.787976,-27.904775,-51.788044,BRIDGE
-27.904675,-54.235635,-27.904530,-54.235702,BRIDGE
-27.904525,-54.240337,-27.904356,-54.240547,BRIDGE
-27.902980,-55.146711,-27.902978,-55.146832,BRIDGE
-27.902891,-54.781011,-27.902794,-54.780879,BRIDGE
-27.902839,-51.678996,-27.902932,-51.679101,BRIDGE
-27.902612,-54.731199,-27.902601,-54.731296,BRIDGE
-27.902225,-51.881378,-27.902372,-51.881445,BRIDGE
-27.901829,-54.092981,-27.902098,-54.093284,BRIDGE
-27.901636,-51.696076,-27.901668,-51.695959,BRIDGE
-27.901050,-54.686019,-27.901019,-54.686118,BRIDGE
-27.900992,-54.669825,-27.900933,-54.669562,BRIDGE
-27.900832,-54.988792,-27.900794,-54.988841,BRIDGE
-27.900716,-51.784019,-27.900688,-51.784165,BRIDGE
-27.900573,-51.917983,-27.900635,-51.918046,BRIDGE
-27.899841,-51.666238,-27.899782,-51.666499,BRIDGE
-27.899427,-54.211400,-27.899361,-54.211394,BRIDGE
-27.898792,-51.709131,-27.898796,-51.708980,BRIDGE
-27.897708,-53.039445,-27.897618,-53.039415,BRIDGE
-27.897392,-54.156535,-27.897282,-54.156714,BRIDGE
-27.896596,-54.460183,-27.897266,-54.460488,BRIDGE
-27.896279,-52.693707,-27.896128,-52.693736,BRIDGE
-27.896049,-53.673657,-27.896139,-53.673690,BRIDGE
-27.895998,-51.651563,-27.895880,-51.651452,BRIDGE
-27.895679,-51.779803,-27.895625,-51.779926,BRIDGE
-27.895140,-54.781802,-27.895070,-54.781802,BRIDGE
-27.895133,-54.678085,-27.895327,-54.678049,BRIDGE
-27.895108,-52.377835,-27.895248,-52.377860,BRIDGE
-27.894385,-55.077002,-27.894657,-55.077524,BRIDGE
-27.892685,-52.213703,-27.892337,-52.213945,BRIDGE
-27.892501,-55.078665,-27.892465,-55.078430,BRIDGE
-27.892356,-51.889332,-27.892370,-51.889252,BRIDGE
-27.892354,-51.206188,-27.892350,-51.206054,BRIDGE
-27.891428,-51.777618,-27.891413,-51.777696,BRIDGE
-27.890976,-52.360592,-27.891424,-52.360656,BRIDGE
-27.889826,-54.470336,-27.889629,-54.470384,BRIDGE
-27.889742,-51.895053,-27.889644,-51.895230,BRIDGE
-27.889501,-51.800776,-27.889441,-51.800789,BRIDGE
-27.889451,-54.827976,-27.889452,-54.827741,BRIDGE
-27.889335,-51.855956,-27.889406,-51.855995,BRIDGE
-27.889261,-52.813986,-27.889303,-52.814078,BRIDGE
-27.888532,-51.265824,-27.888534,-51.266088,BRIDGE
-27.888408,-51.776217,-27.888408,-51.776038,BRIDGE
-27.887947,-54.293968,-27.888021,-54.293362,BRIDGE
-27.887748,-54.192870,-27.887831,-54.192672,BRIDGE
-27.887081,-54.196681,-27.887219,-54.196437,BRIDGE
-27.886884,-53.135143,-27.886709,-53.135002,BRIDGE
-27.886183,-51.677159,-27.886163,-51.677292,BRIDGE
-27.886077,-53.134577,-27.885936,-53.134552,BRIDGE
-27.885363,-54.150250,-27.885469,-54.150125,BRIDGE
-27.885332,-51.894153,-27.885389,-51.894023,BRIDGE
-27.885164,-54.728463,-27.885131,-54.728349,BRIDGE
-27.884707,-53.153793,-27.884692,-53.154357,BRIDGE
-27.884684,-54.475240,-27.884894,-54.475233,BRIDGE
-27.884498,-52.916978,-27.884061,-52.917560,BRIDGE
-27.883405,-54.500529,-27.883334,-54.500317,BRIDGE
-27.883368,-53.482460,-27.883474,-53.482746,BRIDGE
-27.882640,-52.227106,-27.882456,-52.227336,BRIDGE
-27.882554,-52.227450,-27.882722,-52.227235,BRIDGE
-27.882410,-52.895785,-27.882055,-52.895718,BRIDGE
-27.882285,-52.222555,-27.882071,-52.222335,BRIDGE
-27.882108,-54.141946,-27.882001,-54.142097,BRIDGE
-27.881882,-52.226293,-27.881762,-52.226448,BRIDGE
-27.881807,-52.875505,-27.881524,-52.875534,BRIDGE
-27.881610,-52.230240,-27.881397,-52.229990,BRIDGE
-27.881540,-54.048884,-27.881564,-54.048997,BRIDGE
-27.881193,-52.223459,-27.880994,-52.223270,BRIDGE
-27.880550,-52.232479,-27.880298,-52.232181,BRIDGE
-27.880508,-51.777153,-27.880636,-51.777067,BRIDGE
-27.880029,-54.681534,-27.879913,-54.681554,BRIDGE
-27.879966,-52.939531,-27.880455,-52.939441,BRIDGE
-27.879839,-54.661183,-27.879975,-54.661210,BRIDGE
-27.879732,-51.173053,-27.879835,-51.173115,BRIDGE
-27.879359,-55.051569,-27.880049,-55.052512,BRIDGE
-27.878923,-51.900714,-27.879037,-51.900758,BRIDGE
-27.878922,-54.384995,-27.878932,-54.385159,BRIDGE
-27.878606,-54.491422,-27.878590,-54.491096,BRIDGE
-27.878568,-51.753201,-27.879105,-51.754665,BRIDGE
-27.878375,-54.491483,-27.878356,-54.491195,BRIDGE
-27.878304,-54.427690,-27.878604,-54.428169,BRIDGE
-27.877829,-54.132713,-27.877970,-54.132629,BRIDGE
-27.877825,-53.977322,-27.877833,-53.977218,BRIDGE
-27.877640,-54.486042,-27.877545,-54.486223,BRIDGE
-27.877317,-54.499234,-27.877591,-54.498958,BRIDGE
-27.877312,-54.475622,-27.877185,-54.475642,BRIDGE
-27.877092,-54.493558,-27.876886,-54.493561,BRIDGE
-27.876976,-54.105539,-27.877256,-54.105502,BRIDGE
-27.876970,-52.972899,-27.877041,-52.973226,BRIDGE
-27.876654,-51.909751,-27.876824,-51.909863,BRIDGE
-27.876333,-54.473033,-27.876179,-54.473193,BRIDGE
-27.876084,-54.482437,-27.875766,-54.482454,BRIDGE
-27.875935,-54.701786,-27.876238,-54.701718,BRIDGE
-27.875592,-54.797798,-27.875590,-54.797697,BRIDGE
-27.875142,-54.470168,-27.874998,-54.470307,BRIDGE
-27.874944,-54.091686,-27.874894,-54.091896,BRIDGE
-27.874843,-52.557203,-27.874772,-52.557259,BRIDGE
-27.874668,-54.542791,-27.874852,-54.542424,BRIDGE
-27.874658,-51.672614,-27.874656,-51.672525,BRIDGE
-27.874205,-52.131182,-27.874337,-52.131165,BRIDGE
-27.873099,-52.559925,-27.873043,-52.560002,BRIDGE
-27.872697,-55.034104,-27.873295,-55.034032,BRIDGE
-27.872434,-54.516637,-27.872312,-54.516550,BRIDGE
-27.872363,-54.409002,-27.872272,-54.408973,BRIDGE
-27.871740,-54.851856,-27.871796,-54.851907,BRIDGE
-27.870849,-54.488975,-27.870949,-54.488833,BRIDGE
-27.870519,-54.688445,-27.870479,-54.688521,BRIDGE
-27.870373,-53.131511,-27.870130,-53.131675,BRIDGE
-27.870045,-53.695550,-27.870043,-53.695322,BRIDGE
-27.869753,-54.121883,-27.869562,-54.122076,BRIDGE
-27.869621,-54.902335,-27.869684,-54.902334,BRIDGE
-27.869469,-54.461781,-27.869385,-54.461784,BRIDGE
-27.869326,-51.919535,-27.869584,-51.919760,BRIDGE
-27.869065,-55.110301,-27.868663,-55.110255,BRIDGE
-27.868673,-54.737696,-27.868667,-54.737760,BRIDGE
-27.867833,-52.986162,-27.867806,-52.985689,BRIDGE
-27.867625,-54.458916,-27.867817,-54.458916,BRIDGE
-27.867611,-54.378805,-27.867846,-54.378175,BRIDGE
-27.867470,-54.131474,-27.867423,-54.131712,BRIDGE
-27.867323,-53.919437,-27.867493,-53.919549,BRIDGE
-27.867077,-54.684857,-27.867033,-54.684926,BRIDGE
-27.866983,-53.782245,-27.867187,-53.782198,BRIDGE
-27.866949,-54.411471,-27.867024,-54.411525,BRIDGE
-27.866803,-54.898142,-27.866807,-54.898249,BRIDGE
-27.866801,-52.148148,-27.866665,-52.147873,BRIDGE
-27.866493,-54.411493,-27.866372,-54.411576,BRIDGE
-27.866441,-54.487887,-27.866458,-54.487758,BRIDGE
-27.866409,-51.945873,-27.866468,-51.945853,BRIDGE
-27.866212,-54.722209,-27.866149,-54.722010,BRIDGE
-27.865989,-54.347851,-27.866038,-54.347682,BRIDGE
-27.865655,-54.737558,-27.866002,-54.737606,BRIDGE
-27.865572,-55.080364,-27.865408,-55.080367,BRIDGE
-27.864781,-54.532165,-27.865028,-54.532455,BRIDGE
-27.864287,-54.823587,-27.864477,-54.823462,BRIDGE
-27.864285,-53.964662,-27.864284,-53.964782,BRIDGE
-27.863127,-54.763730,-27.863339,-54.764277,BRIDGE
-27.862421,-54.124834,-27.862590,-54.124845,BRIDGE
-27.862278,-54.681517,-27.862232,-54.681596,BRIDGE
-27.861297,-54.485237,-27.861203,-54.485243,BRIDGE
-27.860688,-54.775599,-27.860336,-54.775756,BRIDGE
-27.860258,-54.680192,-27.860197,-54.680299,BRIDGE
-27.860088,-51.719280,-27.860213,-51.719289,BRIDGE
-27.859426,-54.706320,-27.859342,-54.706376,BRIDGE
-27.858443,-54.759118,-27.858517,-54.759158,BRIDGE
-27.858021,-54.482545,-27.858140,-54.482547,BRIDGE
-27.857999,-54.672614,-27.858080,-54.672509,BRIDGE
-27.857984,-54.853110,-27.857979,-54.853035,BRIDGE
-27.857693,-54.477939,-27.857494,-54.478037,BRIDGE
-27.856886,-54.803993,-27.856859,-54.803803,BRIDGE
-27.856773,-54.476941,-27.856596,-54.476991,BRIDGE
-27.855943,-54.473840,-27.855763,-54.473848,BRIDGE
-27.855603,-54.471155,-27.855389,-54.471171,BRIDGE
-27.854272,-54.811489,-27.854031,-54.811265,BRIDGE
-27.854210,-51.777633,-27.854332,-51.777668,BRIDGE
-27.853549,-54.465501,-27.853313,-54.465492,BRIDGE
-27.853135,-54.899545,-27.853128,-54.899441,BRIDGE
-27.853131,-54.457681,-27.853044,-54.457654,BRIDGE
-27.852960,-54.823035,-27.852954,-54.822809,BRIDGE
-27.852298,-54.462171,-27.852451,-54.462177,BRIDGE
-27.852191,-54.413762,-27.852161,-54.413836,BRIDGE
-27.850696,-54.605196,-27.850627,-54.605037,BRIDGE
-27.850351,-54.109559,-27.850295,-54.109535,BRIDGE
-27.849566,-54.678136,-27.849609,-54.678178,BRIDGE
-27.848783,-52.014692,-27.849187,-52.014190,BRIDGE
-27.848279,-53.912924,-27.848155,-53.912930,BRIDGE
-27.848081,-51.529318,-27.848104,-51.529262,BRIDGE
-27.848057,-51.529377,-27.848081,-51.529318,BRIDGE
-27.847933,-52.104172,-27.848012,-52.104047,BRIDGE
-27.847408,-55.123338,-27.847664,-55.123632,BRIDGE
-27.845786,-52.844725,-27.846037,-52.844665,BRIDGE
-27.845437,-54.556473,-27.845020,-54.557146,BRIDGE
-27.845130,-51.716458,-27.845080,-51.716430,BRIDGE
-27.844506,-54.790423,-27.844711,-54.790328,BRIDGE
-27.843913,-54.961957,-27.843953,-54.961955,BRIDGE
-27.843864,-54.741378,-27.843800,-54.741472,BRIDGE
-27.843750,-54.738088,-27.843727,-54.738056,BRIDGE
-27.843631,-51.200047,-27.843652,-51.199954,BRIDGE
-27.843491,-51.729668,-27.843547,-51.729675,BRIDGE
-27.843157,-54.640124,-27.843232,-54.640092,BRIDGE
-27.842721,-51.407593,-27.842786,-51.407520,BRIDGE
-27.842121,-52.849421,-27.842181,-52.849532,BRIDGE
-27.841737,-54.617432,-27.841794,-54.617387,BRIDGE
-27.841488,-53.953524,-27.841463,-53.953760,BRIDGE
-27.841253,-54.908167,-27.841201,-54.908242,BRIDGE
-27.840113,-54.070997,-27.840113,-54.070853,BRIDGE
-27.839793,-55.019930,-27.839639,-55.019924,BRIDGE
-27.839548,-51.856915,-27.839525,-51.856852,BRIDGE
-27.839178,-54.565178,-27.838963,-54.565583,BRIDGE
-27.838293,-54.694008,-27.838272,-54.693930,BRIDGE
-27.838008,-52.107304,-27.837929,-52.107294,BRIDGE
-27.837478,-54.603107,-27.837366,-54.603502,BRIDGE
-27.836902,-52.610204,-27.836638,-52.610233,BRIDGE
-27.836408,-52.587618,-27.836282,-52.587688,BRIDGE
-27.836318,-52.143254,-27.836406,-52.143186,BRIDGE
-27.836290,-54.729823,-27.836336,-54.729781,BRIDGE
-27.836259,-51.811263,-27.836313,-51.811254,BRIDGE
-27.835917,-53.905430,-27.835818,-53.905364,BRIDGE
-27.835737,-54.076455,-27.835668,-54.076534,BRIDGE
-27.835178,-51.810429,-27.835198,-51.810353,BRIDGE
-27.834951,-52.193821,-27.834831,-52.193630,BRIDGE
-27.834576,-54.786136,-27.834474,-54.786328,BRIDGE
-27.834392,-54.632960,-27.834447,-54.632896,BRIDGE
-27.834283,-54.369884,-27.834161,-54.369324,BRIDGE
-27.832813,-53.973923,-27.832693,-53.974095,BRIDGE
-27.832708,-52.105343,-27.832900,-52.105229,BRIDGE
-27.832696,-53.516148,-27.833109,-53.516459,BRIDGE
-27.832002,-52.860424,-27.832259,-52.860225,BRIDGE
-27.831018,-54.139508,-27.830806,-54.139932,BRIDGE
-27.830148,-54.850532,-27.829597,-54.850938,BRIDGE
-27.829041,-51.801046,-27.829120,-51.801031,BRIDGE
-27.828536,-54.395292,-27.828613,-54.395264,BRIDGE
-27.828194,-51.257926,-27.828114,-51.257533,BRIDGE
-27.828052,-52.908528,-27.828011,-52.908667,BRIDGE
-27.828045,-53.947699,-27.828308,-53.947253,BRIDGE
-27.828044,-52.096103,-27.828117,-52.095926,BRIDGE
-27.827991,-54.602726,-27.828052,-54.602852,BRIDGE
-27.827897,-54.081107,-27.827932,-54.080808,BRIDGE
-27.827544,-52.908059,-27.827317,-52.907980,BRIDGE
-27.827303,-52.908064,-27.827500,-52.908131,BRIDGE
-27.827240,-52.909116,-27.827018,-52.909044,BRIDGE
-27.826949,-52.887190,-27.826867,-52.887163,BRIDGE
-27.826757,-54.781381,-27.826786,-54.781548,BRIDGE
-27.826383,-52.078708,-27.826280,-52.078707,BRIDGE
-27.825867,-52.876990,-27.825673,-52.877074,BRIDGE
-27.825821,-52.909976,-27.825847,-52.910109,BRIDGE
-27.825711,-52.906327,-27.825703,-52.906211,BRIDGE
-27.825634,-52.906222,-27.825640,-52.906341,BRIDGE
-27.825389,-52.871499,-27.825357,-52.871249,BRIDGE
-27.825240,-51.792624,-27.825257,-51.792561,BRIDGE
-27.825051,-52.748757,-27.825008,-52.748415,BRIDGE
-27.824992,-52.885496,-27.824603,-52.885443,BRIDGE
-27.824596,-53.965295,-27.824811,-53.965431,BRIDGE
-27.824119,-54.955249,-27.824061,-54.955424,BRIDGE
-27.824084,-52.075371,-27.824084,-52.075252,BRIDGE
-27.824075,-52.096905,-27.824023,-52.096852,BRIDGE
-27.823978,-53.967028,-27.824160,-53.966767,BRIDGE
-27.823902,-55.026926,-27.823836,-55.026953,BRIDGE
-27.822631,-53.235382,-27.822778,-53.235387,BRIDGE
-27.822568,-52.436323,-27.822548,-52.436186,BRIDGE
-27.822513,-51.881427,-27.822463,-51.881576,BRIDGE
-27.822258,-53.725448,-27.822054,-53.725825,BRIDGE
-27.821903,-52.028157,-27.821782,-52.027975,BRIDGE
-27.821729,-54.757392,-27.821753,-54.757477,BRIDGE
-27.821057,-52.447347,-27.821095,-52.447447,BRIDGE
-27.820748,-54.775726,-27.820697,-54.775701,BRIDGE
-27.820647,-52.443072,-27.820483,-52.443117,BRIDGE
-27.819851,-52.971693,-27.819913,-52.971921,BRIDGE
-27.819120,-52.031526,-27.819109,-52.031445,BRIDGE
-27.818708,-52.954154,-27.818860,-52.954068,BRIDGE
-27.818634,-54.385658,-27.818711,-54.385537,BRIDGE
-27.818606,-52.260386,-27.818443,-52.260749,BRIDGE
-27.818420,-51.785158,-27.818467,-51.785103,BRIDGE
-27.818310,-52.954494,-27.818379,-52.954407,BRIDGE
-27.817944,-54.619561,-27.818032,-54.619522,BRIDGE
-27.817397,-52.032105,-27.817349,-52.032062,BRIDGE
-27.817310,-51.757425,-27.817381,-51.757400,BRIDGE
-27.816694,-52.111207,-27.816570,-52.111248,BRIDGE
-27.816050,-52.939070,-27.815924,-52.938875,BRIDGE
-27.814923,-54.917580,-27.815541,-54.917299,BRIDGE
-27.813859,-53.008994,-27.813709,-53.008926,BRIDGE
-27.813750,-52.740843,-27.813529,-52.740757,BRIDGE
-27.809871,-52.074291,-27.809741,-52.074277,BRIDGE
-27.809779,-54.652232,-27.809825,-54.652328,BRIDGE
-27.809459,-52.041755,-27.809564,-52.041732,BRIDGE
-27.809431,-54.615702,-27.809497,-54.615735,BRIDGE
-27.809086,-51.517213,-27.809279,-51.516978,BRIDGE
-27.806163,-54.705757,-27.806189,-54.705667,BRIDGE
-27.805352,-54.613954,-27.805301,-54.614067,BRIDGE
-27.805341,-54.102429,-27.805395,-54.102511,BRIDGE
-27.804949,-52.041973,-27.805009,-52.041958,BRIDGE
-27.804263,-54.244312,-27.804367,-54.244364,BRIDGE
-27.803938,-54.299331,-27.803967,-54.298917,BRIDGE
-27.803627,-51.676056,-27.803504,-51.675698,BRIDGE
-27.802774,-52.842873,-27.802505,-52.843062,BRIDGE
-27.802678,-52.085211,-27.802594,-52.085245,BRIDGE
-27.801951,-52.043283,-27.801939,-52.043204,BRIDGE
-27.801234,-53.204215,-27.801240,-53.204143,BRIDGE
-27.800689,-54.722219,-27.800662,-54.722134,BRIDGE
-27.800338,-53.837359,-27.800417,-53.837393,BRIDGE
-27.800268,-54.147279,-27.799980,-54.147430,BRIDGE
-27.800265,-53.868650,-27.800403,-53.868840,BRIDGE
-27.800078,-54.818491,-27.799912,-54.818303,BRIDGE
-27.800028,-54.719369,-27.800115,-54.719335,BRIDGE
-27.799863,-52.895865,-27.799991,-52.895952,BRIDGE
-27.799832,-51.676826,-27.800060,-51.677191,BRIDGE
-27.799241,-53.031485,-27.799523,-53.031927,BRIDGE
-27.799099,-53.089123,-27.799097,-53.089200,BRIDGE
-27.798887,-53.057131,-27.799314,-53.055244,BRIDGE
-27.798542,-52.349172,-27.798928,-52.349213,BRIDGE
-27.798325,-51.916144,-27.798442,-51.916065,BRIDGE
-27.797831,-54.949091,-27.798488,-54.950071,BRIDGE
-27.797215,-54.646840,-27.797202,-54.646734,BRIDGE
-27.796579,-53.029748,-27.796706,-53.029753,BRIDGE
-27.795726,-54.574933,-27.795582,-54.575035,BRIDGE
-27.795718,-54.732996,-27.795703,-54.732942,BRIDGE
-27.794741,-54.068446,-27.794850,-54.068317,BRIDGE
-27.794222,-53.980185,-27.794569,-53.980493,BRIDGE
-27.793852,-53.873248,-27.793852,-53.873042,BRIDGE
-27.792988,-54.324135,-27.792792,-54.324081,BRIDGE
-27.792585,-54.655000,-27.792620,-54.654936,BRIDGE
-27.792285,-52.047393,-27.792244,-52.047356,BRIDGE
-27.792284,-54.829503,-27.792351,-54.829513,BRIDGE
-27.791580,-53.736969,-27.791755,-53.737220,BRIDGE
-27.791205,-53.857174,-27.791242,-53.857334,BRIDGE
-27.790749,-53.855135,-27.790904,-53.855006,BRIDGE
-27.790541,-51.802814,-27.790470,-51.802872,BRIDGE
-27.790074,-54.067464,-27.790004,-54.067662,BRIDGE
-27.789396,-51.691593,-27.789457,-51.691605,BRIDGE
-27.788828,-52.393496,-27.788894,-52.393425,BRIDGE
-27.788334,-54.647605,-27.788423,-54.647645,BRIDGE
-27.788029,-54.739771,-27.787938,-54.739913,BRIDGE
-27.787555,-54.078525,-27.787704,-54.078530,BRIDGE
-27.786915,-51.601645,-27.787009,-51.601606,BRIDGE
-27.786440,-53.181281,-27.786303,-53.181168,BRIDGE
-27.786083,-54.103425,-27.786147,-54.103341,BRIDGE
-27.784336,-51.788046,-27.784265,-51.788044,BRIDGE
-27.784248,-51.874523,-27.784165,-51.874526,BRIDGE
-27.783897,-53.690497,-27.784075,-53.690596,BRIDGE
-27.783565,-54.840749,-27.783675,-54.840808,BRIDGE
-27.783483,-54.478707,-27.783273,-54.478755,BRIDGE
-27.783391,-51.499963,-27.783397,-51.500254,BRIDGE
-27.783341,-51.954039,-27.783361,-51.953986,BRIDGE
-27.783292,-54.126238,-27.782971,-54.126329,BRIDGE
-27.782926,-54.078595,-27.782779,-54.078677,BRIDGE
-27.782898,-54.111483,-27.782886,-54.111663,BRIDGE
-27.782804,-51.963303,-27.782889,-51.963323,BRIDGE
-27.781280,-54.053643,-27.781112,-54.053851,BRIDGE
-27.781111,-54.793046,-27.781051,-54.793008,BRIDGE
-27.781089,-54.642401,-27.781155,-54.642318,BRIDGE
-27.781026,-53.892539,-27.781238,-53.892624,BRIDGE
-27.780875,-52.804610,-27.781117,-52.804690,BRIDGE
-27.780838,-53.892911,-27.780924,-53.892734,BRIDGE
-27.779875,-51.191899,-27.781334,-51.192833,BRIDGE
-27.779760,-53.160975,-27.779813,-53.161245,BRIDGE
-27.779110,-54.935403,-27.779246,-54.935500,BRIDGE
-27.778998,-55.089065,-27.778728,-55.088991,BRIDGE
-27.778388,-53.901915,-27.778287,-53.901745,BRIDGE
-27.778247,-51.659708,-27.778447,-51.659317,BRIDGE
-27.776955,-53.958902,-27.776981,-53.958726,BRIDGE
-27.776817,-53.070330,-27.776867,-53.069906,BRIDGE
-27.776674,-54.755583,-27.776511,-54.755567,BRIDGE
-27.774979,-53.883968,-27.775192,-53.883923,BRIDGE
-27.774913,-52.662328,-27.775007,-52.662254,BRIDGE
-27.774816,-54.854059,-27.774674,-54.853931,BRIDGE
-27.774750,-54.639201,-27.774824,-54.639167,BRIDGE
-27.773747,-53.286111,-27.773634,-53.285900,BRIDGE
-27.773718,-54.796268,-27.773860,-54.796077,BRIDGE
-27.773443,-52.906140,-27.773578,-52.906111,BRIDGE
-27.773250,-53.710400,-27.773144,-53.710372,BRIDGE
-27.772587,-51.531049,-27.772527,-51.531141,BRIDGE
-27.772516,-54.357931,-27.772822,-54.358668,BRIDGE
-27.772360,-54.391643,-27.772128,-54.391136,BRIDGE
-27.771642,-53.933397,-27.771995,-53.933588,BRIDGE
-27.771439,-51.357057,-27.771504,-51.356991,BRIDGE
-27.771388,-54.119183,-27.771317,-54.119322,BRIDGE
-27.770804,-52.962658,-27.770731,-52.962588,BRIDGE
-27.770705,-55.078860,-27.770524,-55.078560,BRIDGE
-27.770671,-54.756942,-27.770617,-54.756715,BRIDGE
-27.769979,-54.065463,-27.769741,-54.065829,BRIDGE
-27.769879,-54.798551,-27.769839,-54.798458,BRIDGE
-27.769850,-53.244883,-27.769950,-53.244861,BRIDGE
-27.769714,-51.665082,-27.769815,-51.665239,BRIDGE
-27.769312,-54.757074,-27.769200,-54.757157,BRIDGE
-27.769061,-51.673722,-27.768989,-51.673816,BRIDGE
-27.769012,-54.744709,-27.768901,-54.744634,BRIDGE
-27.768682,-51.878355,-27.768750,-51.878288,BRIDGE
-27.768614,-54.754986,-27.768529,-54.754927,BRIDGE
-27.768541,-54.745887,-27.768591,-54.745924,BRIDGE
-27.767187,-52.912055,-27.767278,-52.912018,BRIDGE
-27.766563,-51.666827,-27.766445,-51.666701,BRIDGE
-27.766546,-53.307760,-27.766672,-53.307522,BRIDGE
-27.766388,-51.666756,-27.766508,-51.666885,BRIDGE
-27.766082,-54.624100,-27.766071,-54.623735,BRIDGE
-27.765911,-52.986278,-27.765850,-52.986377,BRIDGE
-27.765880,-53.291991,-27.765964,-53.291368,BRIDGE
-27.765654,-51.809636,-27.765652,-51.809562,BRIDGE
-27.765548,-55.044037,-27.765035,-55.044780,BRIDGE
-27.765273,-54.887727,-27.765185,-54.887740,BRIDGE
-27.765259,-54.799811,-27.765254,-54.799919,BRIDGE
-27.765109,-55.041717,-27.765574,-55.041868,BRIDGE
-27.764977,-51.693363,-27.764757,-51.693576,BRIDGE
-27.764897,-54.765842,-27.764883,-54.765966,BRIDGE
-27.764648,-53.640621,-27.764693,-53.640807,BRIDGE
-27.764635,-54.121480,-27.764444,-54.121707,BRIDGE
-27.764380,-53.870492,-27.764245,-53.870627,BRIDGE
-27.764035,-54.727186,-27.763963,-54.727136,BRIDGE
-27.763775,-54.772017,-27.763859,-54.772103,BRIDGE
-27.761309,-53.298546,-27.761432,-53.298411,BRIDGE
-27.760932,-54.526290,-27.760710,-54.526091,BRIDGE
-27.760824,-53.010763,-27.761210,-53.010644,BRIDGE
-27.760211,-52.207479,-27.760219,-52.207348,BRIDGE
-27.758654,-54.544001,-27.758643,-54.544381,BRIDGE
-27.758548,-53.036741,-27.758646,-53.036855,BRIDGE
-27.758346,-51.703138,-27.758174,-51.703094,BRIDGE
-27.758277,-54.184124,-27.758224,-54.183890,BRIDGE
-27.757831,-53.007040,-27.757863,-53.006918,BRIDGE
-27.757593,-54.798978,-27.757620,-54.799124,BRIDGE
-27.757070,-54.754932,-27.757052,-54.755047,BRIDGE
-27.756844,-54.801945,-27.756648,-54.801940,BRIDGE
-27.756813,-54.543498,-27.756784,-54.543392,BRIDGE
-27.756332,-53.560193,-27.756336,-53.560891,BRIDGE
-27.756256,-53.126928,-27.756024,-53.126005,BRIDGE
-27.756198,-53.777666,-27.756678,-53.777998,BRIDGE
-27.756184,-54.147260,-27.756259,-54.147242,BRIDGE
-27.755968,-53.117688,-27.756104,-53.117582,BRIDGE
-27.755434,-54.181581,-27.755511,-54.181438,BRIDGE
-27.754414,-54.304442,-27.754589,-54.304423,BRIDGE
-27.754137,-51.313955,-27.753553,-51.314043,BRIDGE
-27.753451,-54.038976,-27.753442,-54.039038,BRIDGE
-27.752826,-54.791516,-27.752873,-54.791663,BRIDGE
-27.752633,-53.060400,-27.752535,-53.060564,BRIDGE
-27.752595,-52.918502,-27.752752,-52.918441,BRIDGE
-27.752397,-51.841658,-27.752421,-51.841602,BRIDGE
-27.751318,-51.854057,-27.751387,-51.854008,BRIDGE
-27.751058,-51.846682,-27.751104,-51.846703,BRIDGE
-27.750555,-53.096337,-27.750660,-53.096125,BRIDGE
-27.750546,-54.919351,-27.750738,-54.919548,BRIDGE
-27.750120,-52.332678,-27.750389,-52.332855,BRIDGE
-27.749883,-53.167930,-27.749965,-53.167793,BRIDGE
-27.749531,-53.236263,-27.749559,-53.236182,BRIDGE
-27.749331,-53.295295,-27.749401,-53.295447,BRIDGE
-27.749145,-53.067715,-27.748986,-53.067665,BRIDGE
-27.749042,-52.328126,-27.748954,-52.328170,BRIDGE
-27.748913,-52.006845,-27.748879,-52.006811,BRIDGE
-27.748705,-51.969910,-27.748683,-51.969970,BRIDGE
-27.748338,-52.168603,-27.748508,-52.168593,BRIDGE
-27.748169,-51.812116,-27.748220,-51.812061,BRIDGE
-27.748156,-51.964102,-27.748222,-51.964125,BRIDGE
-27.747608,-53.931681,-27.747731,-53.931378,BRIDGE
-27.747568,-54.652341,-27.747645,-54.652356,BRIDGE
-27.747361,-54.651595,-27.747409,-54.651559,BRIDGE
-27.746950,-54.695271,-27.746911,-54.695330,BRIDGE
-27.746889,-54.017399,-27.746875,-54.017836,BRIDGE
-27.746488,-54.224794,-27.746522,-54.224885,BRIDGE
-27.746188,-54.177211,-27.746242,-54.177529,BRIDGE
-27.745877,-53.146931,-27.746046,-53.146145,BRIDGE
-27.744730,-54.712347,-27.744821,-54.712407,BRIDGE
-27.744351,-54.066196,-27.744277,-54.066158,BRIDGE
-27.743887,-51.511034,-27.743594,-51.511630,BRIDGE
-27.743646,-54.745610,-27.743566,-54.745736,BRIDGE
-27.743555,-54.700404,-27.743479,-54.700463,BRIDGE
-27.743461,-52.532086,-27.743276,-52.532248,BRIDGE
-27.742488,-54.008864,-27.742803,-54.008647,BRIDGE
-27.742387,-54.724117,-27.742365,-54.724004,BRIDGE
-27.741347,-51.863968,-27.741314,-51.863902,BRIDGE
-27.740776,-52.432453,-27.740757,-52.432328,BRIDGE
-27.739661,-51.713313,-27.739394,-51.713242,BRIDGE
-27.738808,-54.690639,-27.738764,-54.690709,BRIDGE
-27.738309,-52.018741,-27.738289,-52.018716,BRIDGE
-27.737462,-53.907566,-27.737329,-53.907717,TUNNEL
-27.737188,-52.441724,-27.736987,-52.441565,BRIDGE
-27.736041,-51.869224,-27.736070,-51.869295,BRIDGE
-27.735105,-53.316768,-27.735140,-53.316559,BRIDGE
-27.735006,-54.556681,-27.734906,-54.556536,BRIDGE
-27.734754,-52.020926,-27.734708,-52.020924,BRIDGE
-27.734715,-52.020802,-27.734764,-52.020849,BRIDGE
-27.734487,-54.146842,-27.734479,-54.146958,BRIDGE
-27.734155,-54.847887,-27.734195,-54.847973,BRIDGE
-27.733740,-54.685754,-27.733853,-54.685630,BRIDGE
-27.732741,-54.310177,-27.732916,-54.310158,BRIDGE
-27.732685,-54.827802,-27.732699,-54.827681,BRIDGE
-27.732684,-53.197097,-27.732661,-53.197161,BRIDGE
-27.732670,-52.532625,-27.732583,-52.532991,BRIDGE
-27.732643,-53.197295,-27.732661,-53.197161,BRIDGE
-27.732574,-54.144257,-27.732920,-54.144895,BRIDGE
-27.732343,-53.987507,-27.732534,-53.987533,BRIDGE
-27.732301,-51.819951,-27.732272,-51.819819,BRIDGE
-27.732001,-53.321478,-27.732086,-53.321449,BRIDGE
-27.731461,-54.684722,-27.731548,-54.684603,BRIDGE
-27.731402,-51.829126,-27.731425,-51.829063,BRIDGE
-27.729650,-54.898702,-27.729748,-54.898756,BRIDGE
-27.729616,-54.410025,-27.730045,-54.409994,BRIDGE
-27.729155,-51.625846,-27.729263,-51.625844,BRIDGE
-27.728427,-54.571513,-27.728498,-54.571601,BRIDGE
-27.727262,-54.830093,-27.726845,-54.829882,BRIDGE
-27.726752,-53.036121,-27.726718,-53.035875,BRIDGE
-27.726499,-51.997841,-27.726459,-51.997791,BRIDGE
-27.726474,-52.137118,-27.726597,-52.136960,BRIDGE
-27.725579,-52.566257,-27.725636,-52.566127,BRIDGE
-27.725545,-52.891986,-27.725417,-52.891823,BRIDGE
-27.725129,-54.676137,-27.725245,-54.675931,BRIDGE
-27.723745,-53.697289,-27.723870,-53.697228,BRIDGE
-27.722638,-51.880947,-27.722680,-51.880971,BRIDGE
-27.722425,-54.713916,-27.722468,-54.713895,BRIDGE
-27.722343,-52.484653,-27.722317,-52.484939,BRIDGE
-27.721706,-54.367450,-27.721935,-54.367466,BRIDGE
-27.721497,-54.211160,-27.721522,-54.211082,BRIDGE
-27.720857,-53.710778,-27.720768,-53.710660,BRIDGE
-27.720264,-52.531689,-27.720108,-52.531605,BRIDGE
-27.720188,-51.558392,-27.720168,-51.558263,BRIDGE
-27.719953,-52.020862,-27.719900,-52.020908,BRIDGE
-27.719385,-53.017168,-27.719273,-53.017053,BRIDGE
-27.719317,-54.206506,-27.719407,-54.206494,BRIDGE
-27.719168,-53.712806,-27.719054,-53.712579,BRIDGE
-27.718587,-51.837175,-27.718529,-51.837319,BRIDGE
-27.718146,-53.714246,-27.717972,-53.714016,BRIDGE
-27.718109,-53.468253,-27.718180,-53.468300,BRIDGE
-27.718092,-51.361260,-27.718133,-51.361214,BRIDGE
-27.717904,-53.714057,-27.718071,-53.714295,BRIDGE
-27.717771,-52.010694,-27.717686,-52.010665,BRIDGE
-27.717384,-51.738901,-27.717101,-51.738707,BRIDGE
-27.716994,-52.015387,-27.717076,-52.015373,BRIDGE
-27.716921,-53.713520,-27.716764,-53.713561,BRIDGE
-27.716606,-54.829295,-27.716499,-54.829234,BRIDGE
-27.716289,-54.091902,-27.716243,-54.092257,BRIDGE
-27.716105,-54.766959,-27.716032,-54.766910,BRIDGE
-27.715443,-51.839140,-27.715458,-51.839059,BRIDGE
-27.715314,-51.909347,-27.715245,-51.909392,BRIDGE
-27.715138,-54.320171,-27.715189,-54.320130,BRIDGE
-27.715079,-51.843592,-27.715119,-51.843661,BRIDGE
-27.715051,-54.870969,-27.715028,-54.870888,BRIDGE
-27.714937,-51.913061,-27.714898,-51.913024,BRIDGE
-27.714890,-54.135864,-27.714173,-54.135625,BRIDGE
-27.714834,-51.914984,-27.714862,-51.914890,BRIDGE
-27.714708,-53.318184,-27.714945,-53.318244,BRIDGE
-27.713584,-53.901250,-27.713489,-53.901034,BRIDGE
-27.713112,-52.225766,-27.713243,-52.225749,BRIDGE
-27.713081,-51.898593,-27.714390,-51.899868,BRIDGE
-27.712748,-51.852443,-27.712644,-51.852488,BRIDGE
-27.712653,-51.919923,-27.712595,-51.919913,BRIDGE
-27.712584,-52.632721,-27.712470,-52.632807,BRIDGE
-27.712337,-51.747209,-27.711509,-51.747535,BRIDGE
-27.712278,-54.087641,-27.712368,-54.087649,BRIDGE
-27.712038,-54.068310,-27.712121,-54.068284,BRIDGE
-27.711763,-53.702312,-27.711824,-53.702275,BRIDGE
-27.710164,-54.212469,-27.710071,-54.212480,BRIDGE
-27.710122,-51.855036,-27.710178,-51.854989,BRIDGE
-27.710052,-54.694391,-27.709986,-54.694477,BRIDGE
-27.709776,-51.853617,-27.709825,-51.853632,BRIDGE
-27.709270,-51.853056,-27.709234,-51.852916,BRIDGE
-27.709083,-53.761351,-27.709278,-53.761344,BRIDGE
-27.708862,-52.210915,-27.709086,-52.210766,BRIDGE
-27.708374,-53.774815,-27.708336,-53.774493,BRIDGE
-27.708276,-52.906499,-27.708212,-52.906343,BRIDGE
-27.708186,-54.212955,-27.708206,-54.212991,BRIDGE
-27.707856,-54.108507,-27.708046,-54.108418,BRIDGE
-27.707565,-51.866926,-27.707550,-51.866978,BRIDGE
-27.707530,-51.759509,-27.707487,-51.759469,BRIDGE
-27.707236,-54.857773,-27.707210,-54.857665,BRIDGE
-27.707007,-51.864497,-27.706921,-51.864439,BRIDGE
-27.706764,-54.201166,-27.706807,-54.201243,BRIDGE
-27.706726,-51.688698,-27.706556,-51.688630,BRIDGE
-27.706455,-52.612380,-27.706280,-52.612271,BRIDGE
-27.706428,-54.201403,-27.706369,-54.201386,BRIDGE
-27.706214,-52.816271,-27.706022,-52.816152,BRIDGE
-27.706121,-52.508327,-27.705774,-52.507984,BRIDGE
-27.705081,-53.961068,-27.705030,-53.961228,TUNNEL
-27.704500,-51.762693,-27.704516,-51.762724,BRIDGE
-27.703105,-51.810761,-27.703075,-51.810680,BRIDGE
-27.702710,-51.766795,-27.702642,-51.766819,BRIDGE
-27.701675,-53.145285,-27.701567,-53.145277,BRIDGE
-27.700232,-54.632435,-27.700434,-54.632441,BRIDGE
-27.700166,-54.088748,-27.700201,-54.088681,BRIDGE
-27.699897,-54.071818,-27.699927,-54.071703,BRIDGE
-27.699708,-54.634678,-27.699943,-54.634648,BRIDGE
-27.699665,-54.061586,-27.699615,-54.061576,BRIDGE
-27.699374,-53.906689,-27.699141,-53.906711,BRIDGE
-27.699350,-53.137257,-27.699037,-53.137470,BRIDGE
-27.699341,-53.152041,-27.699391,-53.151886,BRIDGE
-27.699296,-54.067141,-27.699080,-54.067234,BRIDGE
-27.698823,-54.642620,-27.698642,-54.642684,BRIDGE
-27.698789,-54.581797,-27.698667,-54.581699,BRIDGE
-27.698755,-54.055078,-27.698626,-54.055060,BRIDGE
-27.698685,-52.418083,-27.698922,-52.418412,BRIDGE
-27.698678,-52.057118,-27.698597,-52.057109,BRIDGE
-27.698441,-51.875524,-27.698498,-51.875662,BRIDGE
-27.698376,-54.637320,-27.698261,-54.637347,BRIDGE
-27.698086,-52.518341,-27.698348,-52.518787,BRIDGE
-27.697720,-54.906576,-27.697509,-54.906521,BRIDGE
-27.697703,-52.473373,-27.697611,-52.473535,BRIDGE
-27.697682,-53.242326,-27.697509,-53.242032,BRIDGE
-27.697156,-54.789113,-27.697231,-54.789167,BRIDGE
-27.696843,-52.053651,-27.696717,-52.053681,BRIDGE
-27.696734,-52.053748,-27.696860,-52.053721,BRIDGE
-27.696534,-52.052698,-27.696438,-52.052686,BRIDGE
-27.696430,-52.052758,-27.696530,-52.052771,BRIDGE
-27.696123,-52.050488,-27.696070,-52.050618,BRIDGE
-27.695850,-52.000317,-27.695783,-52.000267,BRIDGE
-27.695328,-53.902413,-27.695328,-53.902327,BRIDGE
-27.695156,-52.049825,-27.695350,-52.049819,BRIDGE
-27.694850,-53.979051,-27.694795,-53.979144,TUNNEL
-27.694767,-54.869825,-27.695010,-54.869704,BRIDGE
-27.694493,-52.002523,-27.694403,-52.002591,BRIDGE
-27.693231,-51.531803,-27.693323,-51.531776,BRIDGE
-27.693228,-52.603969,-27.693201,-52.603896,BRIDGE
-27.693150,-54.183684,-27.693076,-54.183776,BRIDGE
-27.692840,-53.917192,-27.692749,-53.917246,BRIDGE
-27.692802,-52.956584,-27.692868,-52.956511,BRIDGE
-27.692609,-54.372648,-27.692663,-54.372586,BRIDGE
-27.692062,-51.821745,-27.692086,-51.821661,BRIDGE
-27.691848,-51.842417,-27.691962,-51.842504,BRIDGE
-27.691562,-52.183640,-27.691736,-52.183582,BRIDGE
-27.691535,-52.006102,-27.691455,-52.006118,BRIDGE
-27.691357,-54.168741,-27.691790,-54.168734,BRIDGE
-27.691131,-53.119923,-27.691290,-53.119881,BRIDGE
-27.690992,-52.942086,-27.691105,-52.941947,BRIDGE
-27.690849,-54.110359,-27.690927,-54.110047,BRIDGE
-27.690681,-53.391867,-27.690691,-53.391759,BRIDGE
-27.690662,-52.182744,-27.690608,-52.183044,BRIDGE
-27.690282,-54.146857,-27.689623,-54.147900,BRIDGE
-27.689942,-54.873528,-27.689921,-54.873578,BRIDGE
-27.689682,-54.754459,-27.689576,-54.754433,BRIDGE
-27.689594,-52.639199,-27.689286,-52.639233,BRIDGE
-27.689164,-54.781012,-27.689252,-54.780974,BRIDGE
-27.689013,-54.710735,-27.688971,-54.710793,BRIDGE
-27.688696,-54.711147,-27.688648,-54.711201,BRIDGE
-27.687674,-51.393449,-27.687694,-51.393314,BRIDGE
-27.687543,-51.679728,-27.687557,-51.679659,BRIDGE
-27.687082,-53.063246,-27.687213,-53.063278,BRIDGE
-27.686667,-52.177067,-27.686833,-52.176914,BRIDGE
-27.686548,-52.443542,-27.686773,-52.443526,BRIDGE
-27.686257,-54.062746,-27.686118,-54.062661,BRIDGE
-27.686105,-51.703426,-27.685950,-51.703347,BRIDGE
-27.684472,-53.231548,-27.684269,-53.231846,BRIDGE
-27.684435,-53.531757,-27.684226,-53.531852,BRIDGE
-27.684181,-51.825691,-27.684102,-51.825675,BRIDGE
-27.683079,-54.101063,-27.683400,-54.101032,BRIDGE
-27.681683,-54.847540,-27.681547,-54.847522,BRIDGE
-27.681677,-51.516218,-27.681694,-51.516173,BRIDGE
-27.681592,-51.669505,-27.681564,-51.669587,BRIDGE
-27.681386,-54.698098,-27.681456,-54.697983,BRIDGE
-27.681315,-52.241014,-27.681282,-52.241164,BRIDGE
-27.681068,-54.181979,-27.681116,-54.181867,BRIDGE
-27.680398,-52.606639,-27.680177,-52.606617,BRIDGE
-27.680342,-54.804263,-27.680531,-54.804182,BRIDGE
-27.679981,-53.962591,-27.680258,-53.962436,BRIDGE
-27.679366,-54.608590,-27.679172,-54.608636,BRIDGE
-27.679267,-54.834767,-27.679223,-54.834836,BRIDGE
-27.679111,-52.512088,-27.678942,-52.512209,BRIDGE
-27.678977,-53.232550,-27.678892,-53.232375,BRIDGE
-27.678850,-52.815330,-27.678608,-52.815205,BRIDGE
-27.678538,-52.973689,-27.678324,-52.973634,BRIDGE
-27.677810,-53.340684,-27.677999,-53.340623,BRIDGE
-27.677765,-52.101624,-27.677535,-52.101843,BRIDGE
-27.677495,-54.465919,-27.676779,-54.465099,BRIDGE
-27.677218,-54.820230,-27.677377,-54.820198,BRIDGE
-27.676873,-53.011063,-27.676988,-53.011078,BRIDGE
-27.676324,-54.027929,-27.676298,-54.027982,BRIDGE
-27.676219,-52.238577,-27.676324,-52.238575,BRIDGE
-27.676155,-53.153278,-27.676240,-53.153411,BRIDGE
-27.675950,-51.729278,-27.676096,-51.729465,BRIDGE
-27.675887,-52.934627,-27.675988,-52.934466,BRIDGE
-27.675570,-52.349272,-27.675696,-52.349239,BRIDGE
-27.675541,-52.237148,-27.675701,-52.236989,BRIDGE
-27.675062,-52.980736,-27.675140,-52.980664,BRIDGE
-27.674923,-52.241915,-27.674659,-52.241924,BRIDGE
-27.672951,-54.629246,-27.672895,-54.629404,BRIDGE
-27.672075,-54.822168,-27.672074,-54.822281,BRIDGE
-27.671858,-54.812320,-27.671962,-54.812603,BRIDGE
-27.671657,-53.166297,-27.671655,-53.166220,BRIDGE
-27.671593,-53.010928,-27.671748,-53.010895,BRIDGE
-27.671411,-52.990864,-27.671606,-52.990797,BRIDGE
-27.671180,-54.026119,-27.671200,-54.026030,BRIDGE
-27.671007,-51.830910,-27.670988,-51.830990,BRIDGE
-27.670613,-52.167202,-27.670573,-52.167314,BRIDGE
-27.669967,-52.193199,-27.669844,-52.193373,BRIDGE
-27.668917,-53.186508,-27.668835,-53.186592,BRIDGE
-27.668733,-54.031592,-27.668903,-54.031617,BRIDGE
-27.668566,-52.601233,-27.668516,-52.601080,BRIDGE
-27.667882,-54.895104,-27.667917,-54.895004,BRIDGE
-27.667781,-54.839919,-27.667775,-54.840041,BRIDGE
-27.667539,-54.885714,-27.667511,-54.885612,BRIDGE
-27.667404,-53.012898,-27.667556,-53.012856,BRIDGE
-27.667327,-53.123472,-27.667459,-53.123270,BRIDGE
-27.667148,-51.921939,-27.667206,-51.921918,BRIDGE
-27.666815,-51.977595,-27.666682,-51.977689,BRIDGE
-27.666781,-53.222114,-27.666714,-53.222195,BRIDGE
-27.666730,-54.891816,-27.666684,-54.891825,BRIDGE
-27.666661,-53.974580,-27.666843,-53.974535,BRIDGE
-27.666642,-54.822804,-27.666616,-54.822910,BRIDGE
-27.666624,-51.478895,-27.666423,-51.479777,BRIDGE
-27.666387,-51.833567,-27.666376,-51.833486,BRIDGE
-27.666191,-53.254394,-27.666251,-53.254235,BRIDGE
-27.665512,-54.012552,-27.665454,-54.012512,BRIDGE
-27.665076,-54.805045,-27.665130,-54.804957,BRIDGE
-27.664775,-51.837100,-27.664729,-51.837122,BRIDGE
-27.663984,-54.842053,-27.663930,-54.842007,BRIDGE
-27.663266,-51.493145,-27.663265,-51.493413,BRIDGE
-27.662491,-51.896383,-27.662542,-51.896408,BRIDGE
-27.662362,-52.286307,-27.662159,-52.286104,BRIDGE
-27.661919,-54.642792,-27.661942,-54.642643,BRIDGE
-27.661490,-52.986040,-27.661213,-52.986179,BRIDGE
-27.661330,-51.861867,-27.661197,-51.861885,BRIDGE
-27.661250,-52.056232,-27.660892,-52.056054,BRIDGE
-27.661060,-54.824447,-27.661067,-54.824341,BRIDGE
-27.660790,-52.256978,-27.660916,-52.256982,BRIDGE
-27.660419,-52.250251,-27.660618,-52.250228,BRIDGE
-27.660318,-52.259114,-27.660371,-52.259262,BRIDGE
-27.660313,-53.213446,-27.660387,-53.213414,BRIDGE
-27.660295,-52.244366,-27.660644,-52.244375,BRIDGE
-27.659903,-54.008729,-27.659962,-54.008682,BRIDGE
-27.659523,-53.153619,-27.659553,-53.153534,BRIDGE
-27.659226,-53.016831,-27.659958,-53.016648,BRIDGE
-27.658524,-52.261284,-27.658430,-52.261233,BRIDGE
-27.658284,-52.601356,-27.658643,-52.601544,BRIDGE
-27.657850,-54.798542,-27.657994,-54.798530,BRIDGE
-27.657370,-54.527775,-27.656897,-54.528299,BRIDGE
-27.656878,-51.748670,-27.656860,-51.748557,BRIDGE
-27.656639,-51.720664,-27.656702,-51.720696,BRIDGE
-27.656610,-52.492173,-27.656620,-52.492382,BRIDGE
-27.656540,-53.788810,-27.656142,-53.788938,BRIDGE
-27.656277,-51.576250,-27.656335,-51.576227,BRIDGE
-27.655511,-53.002408,-27.655302,-53.002097,BRIDGE
-27.655314,-51.719939,-27.655478,-51.719943,BRIDGE
-27.654314,-53.672430,-27.654358,-53.672329,BRIDGE
-27.654160,-52.262082,-27.654315,-52.262357,BRIDGE
-27.654030,-52.261853,-27.654160,-52.262082,BRIDGE
-27.653688,-53.219282,-27.653769,-53.219353,BRIDGE
-27.653446,-51.691938,-27.653411,-51.691837,BRIDGE
-27.653393,-51.692199,-27.653294,-51.692209,BRIDGE
-27.652699,-54.044328,-27.652775,-54.044390,BRIDGE
-27.652629,-52.488257,-27.652800,-52.488233,BRIDGE
-27.652501,-51.661938,-27.652642,-51.661987,BRIDGE
-27.652240,-51.674677,-27.652332,-51.674630,BRIDGE
-27.652202,-53.241835,-27.652160,-53.241913,BRIDGE
-27.650945,-52.447086,-27.650865,-52.447030,BRIDGE
-27.649711,-53.077544,-27.649230,-53.077843,BRIDGE
-27.648069,-52.253545,-27.648170,-52.253414,TUNNEL
-27.646046,-54.661142,-27.646385,-54.661213,BRIDGE
-27.645647,-52.267807,-27.645221,-52.268022,TUNNEL
-27.645625,-52.268233,-27.645490,-52.267886,TUNNEL
-27.645578,-52.267386,-27.644958,-52.267680,TUNNEL
-27.645508,-52.267184,-27.644880,-52.267474,TUNNEL
-27.645490,-52.267886,-27.645647,-52.267807,TUNNEL
-27.645221,-52.268022,-27.645490,-52.267886,TUNNEL
-27.645161,-52.267837,-27.645578,-52.267628,TUNNEL
-27.645009,-52.884210,-27.645031,-52.884355,BRIDGE
-27.643886,-54.712014,-27.643734,-54.711965,BRIDGE
-27.643767,-51.978044,-27.643815,-51.977578,BRIDGE
-27.643744,-52.049464,-27.643681,-52.049834,BRIDGE
-27.643701,-53.231716,-27.643622,-53.231699,BRIDGE
-27.643527,-52.020611,-27.643209,-52.020507,BRIDGE
-27.643223,-54.098269,-27.643155,-54.098383,BRIDGE
-27.642835,-54.146091,-27.643428,-54.146125,BRIDGE
-27.642239,-53.043551,-27.642408,-53.043770,BRIDGE
-27.641502,-54.894081,-27.641341,-54.894001,BRIDGE
-27.641457,-51.768025,-27.641421,-51.768114,BRIDGE
-27.640929,-54.109269,-27.640763,-54.109161,BRIDGE
-27.640651,-54.673146,-27.639999,-54.673137,BRIDGE
-27.640468,-53.147647,-27.640472,-53.147345,BRIDGE
-27.640227,-54.708460,-27.640216,-54.708312,BRIDGE
-27.638953,-52.292023,-27.639002,-52.292088,TUNNEL
-27.638907,-52.292081,-27.638963,-52.292131,TUNNEL
-27.638812,-52.077020,-27.638611,-52.077205,BRIDGE
-27.638381,-54.909303,-27.638890,-54.909532,BRIDGE
-27.636288,-54.112780,-27.636213,-54.112709,BRIDGE
-27.636045,-54.773601,-27.636108,-54.773660,BRIDGE
-27.633987,-54.042490,-27.634058,-54.042480,BRIDGE
-27.633472,-54.047043,-27.633635,-54.047299,BRIDGE
-27.633050,-53.132966,-27.633282,-53.132933,BRIDGE
-27.632501,-51.865333,-27.632496,-51.865253,BRIDGE
-27.632361,-51.562594,-27.632280,-51.562620,BRIDGE
-27.632144,-52.114652,-27.632345,-52.114834,BRIDGE
-27.631969,-52.236272,-27.632318,-52.236305,BRIDGE
-27.631967,-53.487955,-27.632105,-53.487986,BRIDGE
-27.631942,-54.535427,-27.632224,-54.535657,BRIDGE
-27.631165,-53.891332,-27.631179,-53.891430,BRIDGE
-27.630790,-54.019767,-27.630928,-54.019846,BRIDGE
-27.629848,-52.276238,-27.628631,-52.276817,BRIDGE
-27.629482,-53.560800,-27.629688,-53.560407,BRIDGE
-27.628808,-51.760692,-27.628885,-51.760652,BRIDGE
-27.628339,-54.132863,-27.628212,-54.132818,BRIDGE
-27.627690,-51.568376,-27.627644,-51.568460,BRIDGE
-27.627674,-54.007508,-27.627722,-54.007430,BRIDGE
-27.626611,-54.006556,-27.626804,-54.006529,BRIDGE
-27.626186,-51.697954,-27.626232,-51.697997,BRIDGE
-27.623094,-52.632959,-27.623486,-52.631768,BRIDGE
-27.622943,-54.780414,-27.622853,-54.780400,BRIDGE
-27.622868,-53.982361,-27.622797,-53.982301,BRIDGE
-27.622116,-52.380186,-27.622180,-52.380068,BRIDGE
-27.621685,-52.372655,-27.621732,-52.372654,BRIDGE
-27.621387,-53.996957,-27.621375,-53.996852,BRIDGE
-27.621269,-52.891091,-27.621099,-52.891029,BRIDGE
-27.619670,-51.751565,-27.619548,-51.753456,BRIDGE
-27.617027,-51.566361,-27.616967,-51.566502,BRIDGE
-27.615695,-54.830336,-27.615659,-54.830285,BRIDGE
-27.615490,-54.056336,-27.615412,-54.056178,BRIDGE
-27.615078,-53.371510,-27.614933,-53.371343,BRIDGE
-27.614716,-51.933650,-27.614885,-51.933257,BRIDGE
-27.611933,-53.968802,-27.611771,-53.968586,BRIDGE
-27.611531,-54.710050,-27.611189,-54.710354,BRIDGE
-27.610436,-53.556103,-27.610553,-53.556082,BRIDGE
-27.610046,-53.206527,-27.609963,-53.206436,BRIDGE
-27.609957,-54.868650,-27.609755,-54.869417,BRIDGE
-27.609743,-52.535876,-27.609789,-52.535593,BRIDGE
-27.609677,-54.800181,-27.609604,-54.800109,BRIDGE
-27.607127,-54.195699,-27.606916,-54.195235,BRIDGE
-27.607072,-54.228280,-27.607063,-54.228045,BRIDGE
-27.606629,-54.391780,-27.606377,-54.391631,BRIDGE
-27.606008,-54.812881,-27.605943,-54.812831,BRIDGE
-27.603756,-53.292726,-27.603801,-53.292523,BRIDGE
-27.602600,-53.391816,-27.602925,-53.392175,BRIDGE
-27.601865,-54.708415,-27.601996,-54.708219,BRIDGE
-27.600671,-51.471291,-27.605775,-51.468928,BRIDGE
-27.600242,-54.759230,-27.600231,-54.759163,BRIDGE
-27.600229,-52.194006,-27.600405,-52.194053,BRIDGE
-27.600141,-53.159241,-27.600162,-53.158958,BRIDGE
-27.599940,-53.068965,-27.599798,-53.068944,BRIDGE
-27.599842,-52.936542,-27.599685,-52.936442,BRIDGE
-27.599766,-54.833603,-27.600035,-54.833566,BRIDGE
-27.599368,-53.072391,-27.599487,-53.072421,BRIDGE
-27.599013,-54.592525,-27.599001,-54.592397,BRIDGE
-27.598743,-51.615646,-27.598750,-51.615592,BRIDGE
-27.598741,-53.073788,-27.598856,-53.073830,BRIDGE
-27.597512,-54.591632,-27.597285,-54.591760,BRIDGE
-27.597222,-53.075547,-27.597403,-53.075639,BRIDGE
-27.596957,-52.936021,-27.596754,-52.936098,BRIDGE
-27.596925,-52.293024,-27.596984,-52.292939,BRIDGE
-27.596251,-53.129840,-27.596538,-53.129692,BRIDGE
-27.596079,-53.075823,-27.596168,-53.075697,BRIDGE
-27.595284,-53.085936,-27.595453,-53.085916,BRIDGE
-27.595205,-54.721803,-27.595691,-54.721030,BRIDGE
-27.595082,-52.799652,-27.595268,-52.799697,BRIDGE
-27.594822,-51.822075,-27.594832,-51.822148,BRIDGE
-27.593950,-53.074527,-27.594148,-53.074545,BRIDGE
-27.593917,-51.613310,-27.593886,-51.613469,BRIDGE
-27.593410,-53.122743,-27.593320,-53.122586,BRIDGE
-27.592313,-54.764822,-27.592343,-54.764876,BRIDGE
-27.590898,-52.585520,-27.590605,-52.585665,BRIDGE
-27.589757,-52.280513,-27.590111,-52.280468,BRIDGE
-27.589327,-54.090419,-27.589263,-54.090248,BRIDGE
-27.588895,-54.605969,-27.588875,-54.606362,BRIDGE
-27.588805,-53.308206,-27.588715,-53.308327,BRIDGE
-27.588728,-54.089066,-27.588559,-54.088941,BRIDGE
-27.587432,-52.826081,-27.587403,-52.825911,BRIDGE
-27.587049,-54.661556,-27.586936,-54.661624,BRIDGE
-27.583819,-51.693853,-27.583803,-51.693775,BRIDGE
-27.583078,-52.860374,-27.583081,-52.860501,BRIDGE
-27.582051,-53.294515,-27.582200,-53.294359,BRIDGE
-27.582012,-54.745231,-27.582008,-54.745175,BRIDGE
-27.581503,-54.012383,-27.581538,-54.012551,BRIDGE
-27.581475,-53.595888,-27.581564,-53.596034,BRIDGE
-27.580666,-54.055883,-27.580801,-54.055802,BRIDGE
-27.580611,-54.015097,-27.580785,-54.015183,BRIDGE
-27.580602,-52.665168,-27.580848,-52.664980,BRIDGE
-27.580312,-52.279069,-27.580192,-52.278990,BRIDGE
-27.578547,-51.628039,-27.578603,-51.628043,BRIDGE
-27.578116,-54.114207,-27.578013,-54.113926,BRIDGE
-27.577938,-52.850851,-27.577909,-52.851022,BRIDGE
-27.577876,-52.830007,-27.577835,-52.829909,BRIDGE
-27.577821,-54.749310,-27.577957,-54.749373,BRIDGE
-27.577637,-53.400322,-27.577687,-53.400569,BRIDGE
-27.577573,-54.069062,-27.577799,-54.069062,BRIDGE
-27.577206,-52.847118,-27.577210,-52.847260,BRIDGE
-27.576639,-51.859342,-27.576682,-51.859367,BRIDGE
-27.576628,-51.869583,-27.576828,-51.869578,BRIDGE
-27.576275,-54.035450,-27.576499,-54.035571,BRIDGE
-27.573896,-53.986664,-27.573909,-53.986748,BRIDGE
-27.573604,-54.673018,-27.573675,-54.672939,TUNNEL
-27.573598,-54.672854,-27.573528,-54.672933,TUNNEL
-27.573209,-53.795944,-27.572637,-53.795685,BRIDGE
-27.573150,-53.723432,-27.573014,-53.723601,BRIDGE
-27.570914,-52.837365,-27.570802,-52.837278,BRIDGE
-27.570836,-51.818949,-27.570926,-51.818912,BRIDGE
-27.569138,-53.293116,-27.569253,-53.293204,BRIDGE
-27.568881,-52.678789,-27.569314,-52.678119,BRIDGE
-27.567954,-51.719283,-27.568053,-51.719268,BRIDGE
-27.567300,-51.724488,-27.567294,-51.724382,BRIDGE
-27.567297,-51.702317,-27.567218,-51.702141,BRIDGE
-27.567085,-52.276622,-27.566964,-52.276755,BRIDGE
-27.566416,-51.820206,-27.566584,-51.820096,BRIDGE
-27.565974,-52.682267,-27.565852,-52.682269,BRIDGE
-27.565962,-53.187913,-27.566141,-53.188060,BRIDGE
-27.565906,-54.411617,-27.565882,-54.411533,BRIDGE
-27.565884,-52.275638,-27.566006,-52.275804,BRIDGE
-27.565642,-54.448455,-27.565688,-54.448516,BRIDGE
-27.565604,-52.636176,-27.565412,-52.635979,BRIDGE
-27.563696,-53.947939,-27.563819,-53.948416,BRIDGE
-27.563009,-52.300174,-27.562770,-52.300391,BRIDGE
-27.562025,-54.137289,-27.561960,-54.137731,BRIDGE
-27.561819,-51.857643,-27.563029,-51.857514,BRIDGE
-27.561630,-52.326860,-27.561728,-52.326698,BRIDGE
-27.560574,-53.185212,-27.560233,-53.185404,BRIDGE
-27.560445,-54.657522,-27.561167,-54.657729,BRIDGE
-27.558464,-52.141044,-27.558261,-52.141245,BRIDGE
-27.557840,-53.742497,-27.557922,-53.742705,BRIDGE
-27.557617,-51.820203,-27.557692,-51.820145,BRIDGE
-27.557086,-52.610716,-27.557037,-52.610605,BRIDGE
-27.555908,-53.898087,-27.555917,-53.897961,BRIDGE
-27.555263,-53.950159,-27.555193,-53.949857,BRIDGE
-27.554694,-52.606854,-27.554660,-52.606735,BRIDGE
-27.553649,-53.751665,-27.554007,-53.751850,BRIDGE
-27.553375,-52.741710,-27.552875,-52.741053,BRIDGE
-27.553369,-53.266137,-27.553513,-53.266115,BRIDGE
-27.552147,-51.818933,-27.552264,-51.818831,BRIDGE
-27.550670,-51.826163,-27.550556,-51.826111,BRIDGE
-27.550064,-53.893436,-27.550097,-53.893487,BRIDGE
-27.549746,-53.724444,-27.549673,-53.724389,BRIDGE
-27.549734,-52.042668,-27.549610,-52.042663,BRIDGE
-27.549112,-53.680599,-27.549079,-53.680468,BRIDGE
-27.548972,-52.134671,-27.549153,-52.134797,BRIDGE
-27.547980,-53.773010,-27.548445,-53.772460,BRIDGE
-27.546333,-54.329473,-27.546366,-54.329414,BRIDGE
-27.546214,-52.014285,-27.546345,-52.014307,BRIDGE
-27.545178,-54.418783,-27.545280,-54.418692,BRIDGE
-27.544557,-52.029281,-27.544476,-52.029332,BRIDGE
-27.544269,-54.179186,-27.544434,-54.179090,BRIDGE
-27.543518,-54.781559,-27.543642,-54.781673,BRIDGE
-27.543232,-54.163896,-27.543417,-54.163857,BRIDGE
-27.543185,-51.828275,-27.543323,-51.828218,BRIDGE
-27.542730,-54.429756,-27.542673,-54.429559,BRIDGE
-27.542596,-54.173865,-27.542452,-54.173779,BRIDGE
-27.540240,-53.526226,-27.540264,-53.526351,BRIDGE
-27.539192,-54.295329,-27.539356,-54.295414,BRIDGE
-27.538207,-51.688460,-27.538470,-51.688462,BRIDGE
-27.538123,-52.660165,-27.538365,-52.659912,BRIDGE
-27.538044,-54.528520,-27.538083,-54.528577,BRIDGE
-27.537806,-53.268328,-27.537995,-53.268510,BRIDGE
-27.537653,-53.971376,-27.537541,-53.971129,BRIDGE
-27.536879,-54.449339,-27.536758,-54.449371,BRIDGE
-27.535365,-53.225205,-27.535410,-53.225118,BRIDGE
-27.534790,-52.120471,-27.534853,-52.120264,BRIDGE
-27.534387,-53.149538,-27.534068,-53.149876,BRIDGE
-27.534254,-54.786668,-27.535905,-54.786528,BRIDGE
-27.533775,-54.789024,-27.534637,-54.789397,BRIDGE
-27.531941,-52.733804,-27.531893,-52.733845,BRIDGE
-27.531747,-53.903699,-27.531798,-53.903835,BRIDGE
-27.531238,-52.732243,-27.531187,-52.732283,BRIDGE
-27.531061,-53.096032,-27.531189,-53.096072,BRIDGE
-27.531020,-51.692111,-27.531012,-51.691980,BRIDGE
-27.530555,-53.288249,-27.530724,-53.288195,BRIDGE
-27.530353,-51.689999,-27.530289,-51.689993,BRIDGE
-27.528783,-54.532539,-27.528770,-54.532443,BRIDGE
-27.528752,-53.046430,-27.528570,-53.046486,BRIDGE
-27.528721,-52.730752,-27.528677,-52.730788,BRIDGE
-27.528431,-51.690610,-27.528497,-51.690569,BRIDGE
-27.527968,-52.088430,-27.528225,-52.088455,BRIDGE
-27.527588,-53.910413,-27.527483,-53.910457,BRIDGE
-27.526998,-51.977591,-27.526897,-51.977525,BRIDGE
-27.526333,-51.973215,-27.526398,-51.973318,BRIDGE
-27.526145,-53.958235,-27.525981,-53.958275,BRIDGE
-27.526116,-54.510696,-27.526027,-54.510707,BRIDGE
-27.524800,-53.916569,-27.524673,-53.916682,BRIDGE
-27.524474,-53.981416,-27.524390,-53.981206,BRIDGE
-27.524079,-51.891069,-27.524042,-51.890649,BRIDGE
-27.522628,-53.271487,-27.522659,-53.271750,BRIDGE
-27.522356,-54.232886,-27.521938,-54.233357,BRIDGE
-27.522261,-54.300244,-27.522228,-54.300137,BRIDGE
-27.521235,-54.528057,-27.521128,-54.527979,BRIDGE
-27.520937,-54.296637,-27.520891,-54.296524,BRIDGE
-27.520349,-51.897113,-27.521122,-51.896643,BRIDGE
-27.519051,-53.808345,-27.519495,-53.808147,BRIDGE
-27.516599,-51.966217,-27.516678,-51.966167,BRIDGE
-27.515132,-54.306611,-27.514935,-54.306589,BRIDGE
-27.514803,-53.437452,-27.515117,-53.437812,BRIDGE
-27.514794,-53.975101,-27.515142,-53.974940,BRIDGE
-27.514193,-51.956651,-27.514094,-51.956737,BRIDGE
-27.513612,-52.190312,-27.513665,-52.190292,BRIDGE
-27.512292,-54.471650,-27.512201,-54.471944,BRIDGE
-27.512283,-52.081520,-27.512021,-52.081238,BRIDGE
-27.511903,-53.218384,-27.511960,-53.218296,BRIDGE
-27.510732,-53.218309,-27.510681,-53.218381,BRIDGE
-27.510003,-53.217562,-27.510060,-53.217497,BRIDGE
-27.509758,-51.956371,-27.509644,-51.956099,BRIDGE
-27.509161,-53.216486,-27.509115,-53.216567,BRIDGE
-27.505492,-53.990217,-27.505370,-53.990242,BRIDGE
-27.504677,-53.215807,-27.504670,-53.215990,BRIDGE
-27.504198,-52.819409,-27.504310,-52.819520,BRIDGE
-27.503766,-54.304983,-27.503939,-54.305141,BRIDGE
-27.503043,-52.818546,-27.503240,-52.818387,BRIDGE
-27.502966,-53.843072,-27.502894,-53.843130,BRIDGE
-27.501935,-53.932447,-27.501884,-53.932280,BRIDGE
-27.501801,-53.841977,-27.501687,-53.841859,BRIDGE
-27.500823,-53.949710,-27.500780,-53.949821,BRIDGE
-27.498804,-53.837154,-27.498823,-53.837034,BRIDGE
-27.498286,-53.159607,-27.499298,-53.160613,BRIDGE
-27.498248,-54.264975,-27.498276,-54.265016,BRIDGE
-27.497906,-52.147017,-27.497717,-52.147018,BRIDGE
-27.497654,-53.571483,-27.497654,-53.570904,BRIDGE
-27.497287,-53.949851,-27.497296,-53.950043,BRIDGE
-27.497285,-53.923241,-27.497024,-53.923160,BRIDGE
-27.496706,-53.766314,-27.496700,-53.766701,BRIDGE
-27.496244,-54.422140,-27.496170,-54.422079,BRIDGE
-27.493764,-54.295954,-27.493602,-54.295474,BRIDGE
-27.493538,-53.242968,-27.493389,-53.243052,BRIDGE
-27.493253,-54.227747,-27.493106,-54.227942,BRIDGE
-27.493083,-54.421939,-27.492857,-54.421824,BRIDGE
-27.492523,-53.460027,-27.492524,-53.460322,BRIDGE
-27.492318,-53.828912,-27.492399,-53.828879,BRIDGE
-27.491361,-53.955037,-27.491312,-53.955136,BRIDGE
-27.491161,-53.994374,-27.491157,-53.994125,BRIDGE
-27.491002,-54.466853,-27.491108,-54.466775,BRIDGE
-27.490083,-54.302306,-27.490285,-54.302604,BRIDGE
-27.489853,-54.228874,-27.489615,-54.229014,BRIDGE
-27.489650,-54.318670,-27.489428,-54.318592,BRIDGE
-27.488996,-53.945521,-27.489129,-53.945619,BRIDGE
-27.488056,-53.723924,-27.488210,-53.723873,BRIDGE
-27.488052,-52.426286,-27.488143,-52.426240,BRIDGE
-27.487864,-54.060002,-27.487969,-54.060259,BRIDGE
-27.487666,-53.214571,-27.487708,-53.214733,BRIDGE
-27.487276,-54.447705,-27.487215,-54.447898,BRIDGE
-27.487231,-53.207046,-27.487295,-53.207128,BRIDGE
-27.486292,-53.279515,-27.486218,-53.279346,BRIDGE
-27.483569,-53.269581,-27.483505,-53.269342,BRIDGE
-27.483234,-53.965829,-27.483096,-53.965638,BRIDGE
-27.483071,-53.270633,-27.483224,-53.270660,BRIDGE
-27.482924,-52.425800,-27.482888,-52.425626,BRIDGE
-27.482339,-52.238845,-27.482291,-52.238531,BRIDGE
-27.481198,-54.001793,-27.481669,-54.001558,BRIDGE
-27.481190,-51.952438,-27.480544,-51.953009,BRIDGE
-27.480890,-53.964914,-27.480828,-53.964979,BRIDGE
-27.480366,-53.914416,-27.480281,-53.914429,BRIDGE
-27.480353,-53.998910,-27.480244,-53.999190,BRIDGE
-27.480227,-53.230345,-27.480152,-53.230486,BRIDGE
-27.479946,-53.303372,-27.479973,-53.303553,BRIDGE
-27.479339,-51.951571,-27.479552,-51.949995,BRIDGE
-27.478724,-51.947457,-27.478536,-51.947107,BRIDGE
-27.477729,-54.021354,-27.477516,-54.021113,BRIDGE
-27.476123,-52.614554,-27.476268,-52.614607,BRIDGE
-27.475185,-52.020910,-27.475154,-52.021082,BRIDGE
-27.474585,-52.053282,-27.474316,-52.053298,BRIDGE
-27.474082,-54.230114,-27.474292,-54.230757,BRIDGE
-27.473545,-52.430664,-27.473585,-52.430812,BRIDGE
-27.473494,-53.827462,-27.473092,-53.827713,BRIDGE
-27.473385,-54.319772,-27.473645,-54.320121,BRIDGE
-27.472220,-53.819444,-27.472093,-53.819350,BRIDGE
-27.472185,-52.017864,-27.472127,-52.017900,BRIDGE
-27.471733,-53.951567,-27.471555,-53.951667,BRIDGE
-27.470155,-52.011356,-27.470080,-52.010960,BRIDGE
-27.468576,-53.289388,-27.468733,-53.289338,BRIDGE
-27.468289,-53.884856,-27.468179,-53.884839,BRIDGE
-27.467292,-53.211962,-27.467565,-53.212080,BRIDGE
-27.465861,-53.618097,-27.465903,-53.618016,BRIDGE
-27.465186,-51.902616,-27.465424,-51.897932,BRIDGE
-27.464301,-53.931737,-27.464298,-53.931855,BRIDGE
-27.464230,-53.207624,-27.464461,-53.207240,BRIDGE
-27.461814,-52.035942,-27.461875,-52.035846,BRIDGE
-27.459566,-52.238947,-27.459395,-52.238464,BRIDGE
-27.459399,-53.885861,-27.459317,-53.885755,BRIDGE
-27.458704,-54.548444,-27.458683,-54.547968,BRIDGE
-27.458085,-52.611319,-27.458123,-52.611181,BRIDGE
-27.458020,-54.163536,-27.458000,-54.163838,BRIDGE
-27.457507,-52.979839,-27.457593,-52.980118,BRIDGE
-27.457205,-54.032181,-27.457392,-54.032258,BRIDGE
-27.456793,-53.846308,-27.456865,-53.846124,BRIDGE
-27.456760,-53.203114,-27.456778,-53.203347,BRIDGE
-27.456519,-54.598478,-27.456604,-54.597054,BRIDGE
-27.455435,-53.885502,-27.455581,-53.885365,BRIDGE
-27.454078,-53.886620,-27.453958,-53.886616,BRIDGE
-27.452804,-52.431456,-27.452798,-52.431282,BRIDGE
-27.451260,-54.164679,-27.451264,-54.164552,BRIDGE
-27.450239,-54.227104,-27.450324,-54.227177,BRIDGE
-27.448836,-53.560383,-27.449369,-53.560837,BRIDGE
-27.447661,-53.718018,-27.447541,-53.718268,BRIDGE
-27.446558,-54.541082,-27.446436,-54.541168,BRIDGE
-27.446198,-54.084976,-27.445841,-54.084619,BRIDGE
-27.445428,-53.817419,-27.445434,-53.817544,BRIDGE
-27.444996,-53.274797,-27.445238,-53.274423,BRIDGE
-27.444558,-52.116892,-27.444783,-52.116803,BRIDGE
-27.444104,-54.176163,-27.443980,-54.176046,BRIDGE
-27.443439,-52.917423,-27.443621,-52.917472,BRIDGE
-27.442561,-54.174501,-27.442605,-54.174416,BRIDGE
-27.442047,-53.884823,-27.441934,-53.884898,BRIDGE
-27.440662,-54.520490,-27.440745,-54.520480,BRIDGE
-27.440643,-53.277991,-27.441038,-53.277752,BRIDGE
-27.439714,-52.308484,-27.439673,-52.308337,BRIDGE
-27.439167,-54.238461,-27.439052,-54.238485,BRIDGE
-27.438980,-53.879716,-27.438969,-53.879874,BRIDGE
-27.437723,-54.120176,-27.438064,-54.120666,BRIDGE
-27.437638,-54.241932,-27.437803,-54.241868,BRIDGE
-27.436280,-53.345023,-27.436144,-53.345126,BRIDGE
-27.435742,-53.881359,-27.435814,-53.881480,BRIDGE
-27.435080,-52.863678,-27.435025,-52.863616,BRIDGE
-27.433299,-52.114012,-27.433337,-52.114163,BRIDGE
-27.432781,-53.516703,-27.432431,-53.516441,BRIDGE
-27.431908,-54.174757,-27.431988,-54.174873,BRIDGE
-27.431349,-54.258721,-27.431492,-54.258822,BRIDGE
-27.431325,-52.229491,-27.431590,-52.229502,BRIDGE
-27.431070,-53.838905,-27.431220,-53.838796,BRIDGE
-27.431052,-52.430088,-27.431523,-52.430184,BRIDGE
-27.430964,-52.116105,-27.430857,-52.115642,BRIDGE
-27.430141,-54.077949,-27.429987,-54.078001,BRIDGE
-27.430020,-53.913874,-27.430080,-53.913750,BRIDGE
-27.429300,-52.116691,-27.429492,-52.116710,BRIDGE
-27.426997,-53.854569,-27.426960,-53.854636,BRIDGE
-27.426620,-53.904927,-27.426517,-53.904973,BRIDGE
-27.426524,-54.133220,-27.426884,-54.133099,BRIDGE
-27.425545,-54.177100,-27.425437,-54.177181,BRIDGE
-27.425497,-53.875007,-27.425342,-53.875085,BRIDGE
-27.425367,-53.414550,-27.425393,-53.414387,BRIDGE
-27.424706,-53.895808,-27.424796,-53.895774,BRIDGE
-27.422592,-53.151610,-27.422756,-53.151519,BRIDGE
-27.420470,-53.322404,-27.420338,-53.322495,BRIDGE
-27.419648,-53.252622,-27.419750,-53.252469,BRIDGE
-27.419291,-53.818953,-27.419652,-53.819165,BRIDGE
-27.418331,-53.390356,-27.418265,-53.390467,BRIDGE
-27.418008,-54.185445,-27.417936,-54.185498,BRIDGE
-27.417766,-52.504396,-27.417969,-52.504428,BRIDGE
-27.417362,-52.307254,-27.417287,-52.307491,BRIDGE
-27.417144,-53.382407,-27.417260,-53.382456,BRIDGE
-27.415472,-53.807074,-27.415595,-53.807214,BRIDGE
-27.415357,-52.267240,-27.415258,-52.267130,BRIDGE
-27.414795,-51.972249,-27.414183,-51.970828,BRIDGE
-27.414074,-53.940843,-27.413938,-53.940744,BRIDGE
-27.413978,-52.604140,-27.414165,-52.604045,BRIDGE
-27.413435,-53.886904,-27.413502,-53.886948,BRIDGE
-27.413274,-54.151214,-27.413448,-54.151010,BRIDGE
-27.412935,-53.338263,-27.413045,-53.338248,BRIDGE
-27.411872,-54.185771,-27.411718,-54.185720,BRIDGE
-27.411844,-54.383770,-27.411944,-54.383720,BRIDGE
-27.411817,-53.885374,-27.411734,-53.885312,BRIDGE
-27.411532,-52.606255,-27.411864,-52.606318,BRIDGE
-27.411296,-53.849978,-27.411591,-53.850357,BRIDGE
-27.411119,-52.352066,-27.411311,-52.352132,BRIDGE
-27.410647,-52.412243,-27.410758,-52.412519,BRIDGE
-27.410167,-53.292979,-27.409938,-53.293147,BRIDGE
-27.409615,-52.414511,-27.409387,-52.414393,BRIDGE
-27.408609,-53.939784,-27.408471,-53.939958,BRIDGE
-27.407891,-52.496845,-27.407968,-52.496983,BRIDGE
-27.406721,-52.349374,-27.406930,-52.349224,BRIDGE
-27.405716,-53.182596,-27.405736,-53.182800,BRIDGE
-27.402469,-52.308808,-27.402610,-52.308731,BRIDGE
-27.401718,-54.211376,-27.402166,-54.210333,BRIDGE
-27.397645,-52.304206,-27.397761,-52.304094,BRIDGE
-27.396986,-52.497772,-27.396656,-52.497869,BRIDGE
-27.396887,-52.101181,-27.396900,-52.100864,BRIDGE
-27.395907,-52.302911,-27.395927,-52.303123,BRIDGE
-27.395773,-52.299471,-27.395786,-52.299824,BRIDGE
-27.395192,-54.167931,-27.395038,-54.167575,BRIDGE
-27.394855,-52.302936,-27.394869,-52.303125,BRIDGE
-27.393774,-52.303022,-27.393780,-52.303190,BRIDGE
-27.393593,-52.299123,-27.393609,-52.299589,BRIDGE
-27.393332,-52.298171,-27.393485,-52.298351,BRIDGE
-27.392812,-52.303182,-27.392826,-52.303044,BRIDGE
-27.392338,-53.306785,-27.392224,-53.306959,BRIDGE
-27.391482,-52.215403,-27.390382,-52.216214,BRIDGE
-27.390115,-53.978604,-27.390121,-53.978818,BRIDGE
-27.389920,-53.900174,-27.389998,-53.900087,BRIDGE
-27.389847,-54.029909,-27.389652,-54.029860,BRIDGE
-27.388983,-52.361887,-27.388808,-52.361693,BRIDGE
-27.388398,-53.882112,-27.388824,-53.882513,BRIDGE
-27.388178,-54.146762,-27.388268,-54.146769,BRIDGE
-27.387143,-53.881757,-27.387061,-53.881927,BRIDGE
-27.386986,-52.005017,-27.387099,-52.005121,TUNNEL
-27.386944,-52.004312,-27.386837,-52.004209,TUNNEL
-27.386389,-53.287648,-27.386506,-53.287606,BRIDGE
-27.385279,-53.878069,-27.385158,-53.878141,BRIDGE
-27.384815,-52.020545,-27.384256,-52.020565,BRIDGE
-27.384092,-53.951154,-27.384129,-53.951450,BRIDGE
-27.384054,-52.534736,-27.384188,-52.534661,BRIDGE
-27.383085,-54.031561,-27.382967,-54.031680,BRIDGE
-27.380189,-52.362634,-27.380319,-52.362780,BRIDGE
-27.379659,-53.525729,-27.379541,-53.525727,BRIDGE
-27.379248,-54.030664,-27.379068,-54.030841,BRIDGE
-27.379116,-54.082809,-27.379096,-54.082621,BRIDGE
-27.376797,-52.530214,-27.376681,-52.530210,BRIDGE
-27.376702,-53.811773,-27.376696,-53.811678,BRIDGE
-27.375690,-53.075319,-27.375538,-53.075734,BRIDGE
-27.375232,-54.035875,-27.375159,-54.035792,BRIDGE
-27.374850,-53.995075,-27.375053,-53.995214,BRIDGE
-27.374588,-53.085895,-27.374844,-53.085738,BRIDGE
-27.374155,-52.299707,-27.374484,-52.300026,BRIDGE
-27.374099,-51.987919,-27.379229,-51.985057,BRIDGE
-27.373337,-52.077029,-27.372233,-52.076507,BRIDGE
-27.373251,-53.740193,-27.373251,-53.740259,BRIDGE
-27.371611,-53.825958,-27.371646,-53.825865,BRIDGE
-27.370737,-53.837272,-27.370745,-53.837207,BRIDGE
-27.370114,-53.831908,-27.370181,-53.831961,BRIDGE
-27.369900,-53.939583,-27.370054,-53.939591,BRIDGE
-27.368977,-52.784160,-27.369277,-52.783937,BRIDGE
-27.368768,-53.746265,-27.368699,-53.746305,BRIDGE
-27.368185,-52.502836,-27.368059,-52.502662,BRIDGE
-27.367507,-52.966695,-27.367612,-52.966589,BRIDGE
-27.366757,-53.840989,-27.367026,-53.841049,BRIDGE
-27.366102,-53.095120,-27.365846,-53.095160,BRIDGE
-27.363421,-53.741988,-27.363414,-53.742070,BRIDGE
-27.362648,-53.253558,-27.361619,-53.254719,BRIDGE
-27.361059,-53.940033,-27.360840,-53.940113,BRIDGE
-27.359336,-52.778791,-27.359462,-52.778438,BRIDGE
-27.358870,-52.774112,-27.358633,-52.774135,BRIDGE
-27.358279,-52.776396,-27.357963,-52.776455,BRIDGE
-27.358082,-53.939590,-27.357983,-53.939486,BRIDGE
-27.357133,-52.775098,-27.357307,-52.775060,BRIDGE
-27.356681,-53.461369,-27.356628,-53.461397,BRIDGE
-27.356377,-52.414589,-27.356573,-52.414704,BRIDGE
-27.355885,-53.387256,-27.356770,-53.387605,BRIDGE
-27.355524,-52.145463,-27.355501,-52.145361,BRIDGE
-27.355470,-52.491596,-27.355417,-52.491718,BRIDGE
-27.354912,-53.981484,-27.354700,-53.981377,BRIDGE
-27.354777,-53.178840,-27.354345,-53.178801,BRIDGE
-27.353902,-53.149704,-27.354063,-53.150008,BRIDGE
-27.352588,-54.184907,-27.352723,-54.184780,BRIDGE
-27.351198,-52.484387,-27.351070,-52.484128,BRIDGE
-27.350902,-53.600195,-27.350714,-53.600243,BRIDGE
-27.350235,-54.027798,-27.350009,-54.027811,BRIDGE
-27.347334,-52.675152,-27.347436,-52.675035,BRIDGE
-27.347106,-53.789764,-27.347280,-53.790023,BRIDGE
-27.346871,-52.729164,-27.346700,-52.729559,BRIDGE
-27.345326,-53.931781,-27.345513,-53.931742,BRIDGE
-27.342891,-54.040300,-27.342932,-54.040508,BRIDGE
-27.342400,-53.462136,-27.342420,-53.462357,BRIDGE
-27.342316,-52.829760,-27.342284,-52.829818,BRIDGE
-27.340563,-54.088943,-27.340531,-54.089196,BRIDGE
-27.340422,-53.932195,-27.340490,-53.932322,BRIDGE
-27.335572,-52.834699,-27.335592,-52.834645,BRIDGE
-27.335097,-53.538853,-27.335030,-53.538904,BRIDGE
-27.334777,-52.735523,-27.335118,-52.735332,BRIDGE
-27.331369,-53.638167,-27.330852,-53.638814,BRIDGE
-27.331223,-53.901895,-27.331089,-53.902101,BRIDGE
-27.331084,-52.471446,-27.330801,-52.471268,BRIDGE
-27.329640,-53.062318,-27.329590,-53.062370,BRIDGE
-27.328403,-53.321089,-27.328382,-53.320853,BRIDGE
-27.327737,-53.184035,-27.327488,-53.183650,BRIDGE
-27.327105,-52.255565,-27.326945,-52.255850,BRIDGE
-27.326963,-52.719063,-27.326877,-52.719001,BRIDGE
-27.326871,-53.916787,-27.326857,-53.916645,BRIDGE
-27.326850,-53.910232,-27.326697,-53.909614,BRIDGE
-27.326487,-53.212778,-27.326248,-53.212796,BRIDGE
-27.325552,-53.879071,-27.325292,-53.878944,BRIDGE
-27.324805,-53.124752,-27.324876,-53.124542,BRIDGE
-27.324626,-53.482483,-27.324827,-53.482514,BRIDGE
-27.324337,-53.541705,-27.324203,-53.541556,BRIDGE
-27.324035,-52.373828,-27.324091,-52.373956,BRIDGE
-27.323605,-52.372592,-27.323701,-52.372609,BRIDGE
-27.322951,-52.388919,-27.323114,-52.388806,BRIDGE
-27.322434,-53.859143,-27.322607,-53.859219,BRIDGE
-27.321308,-53.841861,-27.321368,-53.841997,BRIDGE
-27.320666,-54.004891,-27.320559,-54.004765,BRIDGE
-27.319279,-53.483175,-27.319087,-53.483413,BRIDGE
-27.319075,-53.135946,-27.318856,-53.135927,BRIDGE
-27.318178,-53.664711,-27.318103,-53.664663,BRIDGE
-27.316491,-53.654412,-27.316480,-53.654529,BRIDGE
-27.312437,-53.486097,-27.312551,-53.486183,BRIDGE
-27.311416,-52.816447,-27.311475,-52.816409,BRIDGE
-27.311188,-53.508385,-27.311064,-53.508530,BRIDGE
-27.311072,-52.815456,-27.311028,-52.815552,BRIDGE
-27.310267,-53.627551,-27.310285,-53.627429,BRIDGE
-27.309059,-53.390503,-27.309200,-53.390584,BRIDGE
-27.309048,-54.107607,-27.309082,-54.107927,BRIDGE
-27.307018,-53.686905,-27.306913,-53.686669,BRIDGE
-27.306481,-52.389266,-27.306446,-52.389101,BRIDGE
-27.304091,-52.690714,-27.303984,-52.690612,BRIDGE
-27.304003,-52.948860,-27.304039,-52.948840,BRIDGE
-27.302219,-53.744758,-27.302550,-53.744671,BRIDGE
-27.301815,-53.148889,-27.302021,-53.148882,BRIDGE
-27.300415,-54.196322,-27.300424,-54.196504,BRIDGE
-27.299107,-54.195482,-27.299101,-54.195335,BRIDGE
-27.297595,-53.040887,-27.297947,-53.041095,BRIDGE
-27.297324,-52.678906,-27.296604,-52.678029,BRIDGE
-27.297021,-52.688823,-27.298309,-52.688568,BRIDGE
-27.296218,-52.962639,-27.296128,-52.962564,BRIDGE
-27.295219,-52.686456,-27.292502,-52.685827,BRIDGE
-27.294434,-52.797717,-27.294315,-52.797759,BRIDGE
-27.293749,-53.476916,-27.293874,-53.476963,BRIDGE
-27.293428,-53.741941,-27.293241,-53.741675,BRIDGE
-27.292659,-53.548108,-27.292616,-53.548441,BRIDGE
-27.291711,-54.023992,-27.291779,-54.024162,BRIDGE
-27.291259,-53.972149,-27.291857,-53.972379,BRIDGE
-27.290811,-53.312080,-27.290964,-53.312072,BRIDGE
-27.290790,-53.748561,-27.290815,-53.748192,BRIDGE
-27.290788,-54.025730,-27.290995,-54.025687,BRIDGE
-27.290741,-53.784441,-27.290712,-53.784351,BRIDGE
-27.290519,-53.487718,-27.290425,-53.487810,BRIDGE
-27.288779,-53.492026,-27.289048,-53.492044,BRIDGE
-27.286206,-52.388231,-27.285395,-52.388682,BRIDGE
-27.285709,-53.306539,-27.285988,-53.306737,BRIDGE
-27.284910,-53.612928,-27.284947,-53.612917,BRIDGE
-27.284424,-52.692023,-27.286282,-52.691572,BRIDGE
-27.284159,-53.375604,-27.284087,-53.375407,BRIDGE
-27.281269,-54.196598,-27.279471,-54.196722,BRIDGE
-27.281251,-53.201502,-27.281312,-53.200891,BRIDGE
-27.281192,-52.692836,-27.284424,-52.692023,BRIDGE
-27.280928,-52.961378,-27.281126,-52.961239,BRIDGE
-27.280663,-52.961521,-27.280819,-52.961437,BRIDGE
-27.278723,-52.959170,-27.278676,-52.959074,BRIDGE
-27.276176,-53.064943,-27.276054,-53.064939,BRIDGE
-27.275425,-53.301525,-27.276453,-53.302156,BRIDGE
-27.273338,-54.144092,-27.273416,-54.144170,BRIDGE
-27.271678,-53.369830,-27.271638,-53.370002,BRIDGE
-27.271096,-53.158746,-27.271108,-53.158616,BRIDGE
-27.269906,-53.636484,-27.269989,-53.636604,BRIDGE
-27.269359,-53.555360,-27.269573,-53.555457,BRIDGE
-27.268959,-52.535637,-27.268170,-52.535452,BRIDGE
-27.268416,-52.944297,-27.268266,-52.944142,BRIDGE
-27.266244,-53.167002,-27.266073,-53.167090,BRIDGE
-27.264957,-53.777055,-27.265113,-53.777019,BRIDGE
-27.264562,-52.381310,-27.264446,-52.383134,BRIDGE
-27.264539,-52.965034,-27.264772,-52.965608,BRIDGE
-27.264480,-52.383147,-27.264602,-52.381317,BRIDGE
-27.262624,-53.830713,-27.262656,-53.830626,BRIDGE
-27.262275,-52.862810,-27.262169,-52.862704,BRIDGE
-27.261848,-53.167357,-27.261758,-53.167576,BRIDGE
-27.260045,-53.062118,-27.259895,-53.062181,BRIDGE
-27.257837,-53.222580,-27.258037,-53.222604,BRIDGE
-27.256293,-53.557135,-27.256394,-53.557110,BRIDGE
-27.255583,-54.055867,-27.255644,-54.055929,BRIDGE
-27.255061,-53.060910,-27.255270,-53.060868,BRIDGE
-27.253298,-53.052828,-27.253139,-53.053093,BRIDGE
-27.252461,-53.169239,-27.252566,-53.169129,BRIDGE
-27.251501,-53.126063,-27.251454,-53.125945,BRIDGE
-27.249726,-53.813243,-27.249744,-53.813332,BRIDGE
-27.249103,-53.345143,-27.249144,-53.345359,BRIDGE
-27.243691,-53.175113,-27.243553,-53.174916,BRIDGE
-27.241958,-53.745345,-27.242052,-53.745534,BRIDGE
-27.239621,-52.986276,-27.238945,-52.987415,BRIDGE
-27.239313,-53.230964,-27.239538,-53.230726,BRIDGE
-27.237648,-54.043367,-27.237491,-54.043611,BRIDGE
-27.237644,-52.961652,-27.236787,-52.962521,BRIDGE
-27.236346,-54.042836,-27.236958,-54.042668,BRIDGE
-27.235922,-53.332028,-27.235744,-53.331943,BRIDGE
-27.235582,-53.372310,-27.235448,-53.372359,BRIDGE
-27.235577,-54.148191,-27.235694,-54.148083,BRIDGE
-27.235336,-53.174841,-27.235214,-53.174607,BRIDGE
-27.235284,-53.064123,-27.235297,-53.063973,BRIDGE
-27.235253,-53.361454,-27.235535,-53.361314,BRIDGE
-27.228608,-53.735835,-27.228737,-53.735796,BRIDGE
-27.228515,-53.241173,-27.228801,-53.240786,BRIDGE
-27.226225,-53.055809,-27.226027,-53.056144,BRIDGE
-27.225502,-53.276474,-27.225443,-53.276345,BRIDGE
-27.224573,-53.141850,-27.224631,-53.141847,BRIDGE
-27.223614,-53.787997,-27.223620,-53.787763,BRIDGE
-27.223374,-53.324151,-27.223816,-53.326977,BRIDGE
-27.223272,-54.050228,-27.223225,-54.049913,BRIDGE
-27.223182,-52.913611,-27.223134,-52.913697,BRIDGE
-27.223094,-53.728549,-27.223092,-53.728701,BRIDGE
-27.221872,-52.917071,-27.221872,-52.917146,BRIDGE
-27.221348,-54.053552,-27.221243,-54.053559,BRIDGE
-27.221232,-53.791177,-27.221375,-53.791211,BRIDGE
-27.217730,-53.728009,-27.217815,-53.728197,BRIDGE
-27.215180,-53.248555,-27.214917,-53.248799,BRIDGE
-27.214192,-53.137902,-27.214195,-53.137716,BRIDGE
-27.214087,-53.436733,-27.213961,-53.436656,BRIDGE
-27.212585,-53.111524,-27.212531,-53.111313,BRIDGE
-27.212568,-53.506871,-27.212565,-53.506667,BRIDGE
-27.211061,-53.178380,-27.211132,-53.178334,BRIDGE
-27.210288,-53.179097,-27.210354,-53.179363,BRIDGE
-27.210187,-53.548162,-27.210025,-53.548140,BRIDGE
-27.209919,-53.549952,-27.209554,-53.550385,BRIDGE
-27.209532,-53.723834,-27.209604,-53.723751,BRIDGE
-27.209408,-52.874520,-27.209681,-52.873793,BRIDGE
-27.208734,-53.511918,-27.208588,-53.511870,BRIDGE
-27.207260,-53.041086,-27.207165,-53.040215,BRIDGE
-27.205992,-53.411623,-27.206165,-53.411733,BRIDGE
-27.205533,-53.569546,-27.205393,-53.569476,BRIDGE
-27.204913,-53.295540,-27.205320,-53.295785,BRIDGE
-27.204480,-53.407689,-27.204561,-53.407693,BRIDGE
-27.202503,-53.719032,-27.202401,-53.719176,BRIDGE
-27.199316,-53.249701,-27.199040,-53.249499,BRIDGE
-27.198865,-53.404632,-27.198944,-53.404591,BRIDGE
-27.198556,-53.458585,-27.198388,-53.458530,BRIDGE
-27.197846,-53.793988,-27.197841,-53.793805,BRIDGE
-27.197763,-53.406936,-27.197810,-53.407010,BRIDGE
-27.197579,-53.708273,-27.197262,-53.708000,BRIDGE
-27.192570,-53.409273,-27.192596,-53.409359,BRIDGE
-27.189959,-53.139291,-27.189904,-53.139476,BRIDGE
-27.188447,-53.413128,-27.188473,-53.413042,BRIDGE
-27.186611,-53.378647,-27.186549,-53.378619,BRIDGE
-27.185939,-53.155076,-27.186023,-53.154843,BRIDGE
-27.185807,-53.251059,-27.186227,-53.251529,BRIDGE
-27.184052,-53.252692,-27.184866,-53.253439,BRIDGE
-27.177339,-53.417686,-27.177421,-53.417679,BRIDGE
-27.172859,-53.228964,-27.175219,-53.231399,BRIDGE
-27.166695,-53.381843,-27.166760,-53.381910,BRIDGE
-27.165673,-53.408533,-27.165582,-53.408426,BRIDGE
-27.163312,-53.382749,-27.163331,-53.382853,BRIDGE
-27.163191,-53.786445,-27.163084,-53.786442,BRIDGE
-27.162840,-53.062346,-27.162922,-53.062498,BRIDGE
-27.155200,-53.384686,-27.155122,-53.384729,BRIDGE
-27.152015,-53.374858,-27.152078,-53.374856,BRIDGE
-27.151761,-53.370564,-27.151723,-53.370532,BRIDGE
-27.151462,-53.372824,-27.151460,-53.372751,BRIDGE
-27.149890,-53.956040,-27.149746,-53.955999,BRIDGE
-27.144938,-53.907645,-27.145222,-53.907256,BRIDGE
-27.138090,-53.342148,-27.138158,-53.342113,BRIDGE
-27.137374,-53.924325,-27.137448,-53.924170,BRIDGE
-27.136560,-53.341114,-27.136617,-53.341058,BRIDGE
-27.128784,-53.326163,-27.128775,-53.326253,BRIDGE
