{"type":"FeatureCollection","attribution":"Pardal — © colaboradores do OpenStreetMap (ODbL 1.0) e fontes abertas listadas no README","features":[{"type":"Feature","geometry":{"type":"Point","coordinates":[-53.448085,-33.69677]},"properties":{"kind":"FIXED","limit_kmh":45,"source":"OSM","active":true,"direction_deg":null}},{"type":"Feature","geometry":{"type":"Point","coordinates":[-53.551352,-33.684483]},"properties":{"kind":"FIXED","limit_kmh":45,"source":"OSM","active":true,"direction_deg":null}},{"type":"Feature","geometry":{"type":"Point","coordinates":[-53.335031,-33.519274]},"properties":{"kind":"FIXED","limit_kmh":60,"source":"OSM","active":true,"direction_deg":null}},{"type":"Feature","geometry":{"type":"Point","coordinates":[-52.766761,-32.93995]},"properties":{"kind":"FIXED","limit_kmh":60,"source":"OSM","active":true,"direction_deg":null}},{"type":"Feature","geometry":{"type":"Point","coordinates":[-52.594455,-32.676303]},"properties":{"kind":"FIXED","limit_kmh":null,"source":"DNIT","active":false,"direction_deg":51}},{"type":"Feature","geometry":{"type":"Point","coordinates":[-52.594097,-32.676056]},"properties":{"kind":"FIXED","limit_kmh":50,"source":"OSM","active":false,"direction_deg":null}},{"type":"Feature","geometry":{"type":"Point","coordinates":[-52.5939,-32.6758]},"properties":{"kind":"FIXED","limit_kmh":null,"source":"DNIT","active":false,"direction_deg":225}},{"type":"Feature","geometry":{"type":"Point","coordinates":[-52.571217,-32.60525]},"properties":{"kind":"FIXED","limit_kmh":60,"source":"DNIT+OSM","active":false,"direction_deg":null}},{"type":"Feature","geometry":{"type":"Point","coordinates":[-52.55856,-32.56993]},"properties":{"kind":"FIXED","limit_kmh":null,"source":"DNIT","active":false,"direction_deg":null}},{"type":"Feature","geometry":{"type":"Point","coordinates":[-52.538583,-32.539133]},"properties":{"kind":"FIXED","limit_kmh":null,"source":"DNIT","active":false,"direction_deg":25}},{"type":"Feature","geometry":{"type":"Point","coordinates":[-52.538233,-32.537917]},"properties":{"kind":"FIXED","limit_kmh":null,"source":"DNIT","active":false,"direction_deg":194}},{"type":"Feature","geometry":{"type":"Point","coordinates":[-53.091659,-32.265783]},"properties":{"kind":"FIXED","limit_kmh":null,"source":"OSM","active":true,"direction_deg":null}},{"type":"Feature","geometry":{"type":"Point","coordinates":[-53.072087,-32.24677]},"properties":{"kind":"FIXED","limit_kmh":60,"source":"OSM","active":true,"direction_deg":null}},{"type":"Feature","geometry":{"type":"Point","coordinates":[-53.033677,-32.214514]},"properties":{"kind":"FIXED","limit_kmh":null,"source":"OSM","active":true,"direction_deg":null}},{"type":"Feature","geometry":{"type":"Point","coordinates":[-53.031562,-32.212894]},"properties":{"kind":"FIXED","limit_kmh":null,"source":"OSM","active":true,"direction_deg":null}},{"type":"Feature","geometry":{"type":"Point","coordinates":[-52.111338,-32.121772]},"properties":{"kind":"FIXED","limit_kmh":null,"source":"DNIT","active":false,"direction_deg":null}},{"type":"Feature","geometry":{"type":"Point","coordinates":[-52.111385,-32.116504]},"properties":{"kind":"FIXED","limit_kmh":60,"source":"DNIT+OSM","active":false,"direction_deg":null}},{"type":"Feature","geometry":{"type":"Point","coordinates":[-52.260178,-32.075517]},"properties":{"kind":"FIXED","limit_kmh":null,"source":"OSM","active":true,"direction_deg":null}},{"type":"Feature","geometry":{"type":"Point","coordinates":[-52.261343,-32.074658]},"properties":{"kind":"FIXED","limit_kmh":null,"source":"OSM","active":true,"direction_deg":null}},{"type":"Feature","geometry":{"type":"Point","coordinates":[-52.309258,-31.948635]},"properties":{"kind":"FIXED","limit_kmh":80,"source":"OSM","active":true,"direction_deg":null}},{"type":"Feature","geometry":{"type":"Point","coordinates":[-52.309187,-31.948048]},"properties":{"kind":"FIXED","limit_kmh":80,"source":"OSM","active":true,"direction_deg":null}},{"type":"Feature","geometry":{"type":"Point","coordinates":[-52.328478,-31.82904]},"properties":{"kind":"FIXED","limit_kmh":100,"source":"OSM","active":true,"direction_deg":null}},{"type":"Feature","geometry":{"type":"Point","coordinates":[-52.439281,-31.760845]},"properties":{"kind":"FIXED","limit_kmh":null,"source":"OSM","active":true,"direction_deg":null}},{"type":"Feature","geometry":{"type":"Point","coordinates":[-52.431368,-31.755775]},"properties":{"kind":"FIXED","limit_kmh":null,"source":"OSM","active":true,"direction_deg":null}},{"type":"Feature","geometry":{"type":"Point","coordinates":[-52.429796,-31.755142]},"properties":{"kind":"FIXED","limit_kmh":40,"source":"OSM","active":true,"direction_deg":null}},{"type":"Feature","geometry":{"type":"Point","coordinates":[-52.427608,-31.754254]},"properties":{"kind":"FIXED","limit_kmh":null,"source":"OSM","active":true,"direction_deg":null}},{"type":"Feature","geometry":{"type":"Point","coordinates":[-52.358255,-31.754122]},"properties":{"kind":"FIXED","limit_kmh":50,"source":"DNIT+OSM","active":false,"direction_deg":339}},{"type":"Feature","geometry":{"type":"Point","coordinates":[-52.359233,-31.752217]},"properties":{"kind":"FIXED","limit_kmh":50,"source":"DNIT+OSM","active":false,"direction_deg":159}},{"type":"Feature","geometry":{"type":"Point","coordinates":[-52.462192,-31.752069]},"properties":{"kind":"FIXED","limit_kmh":null,"source":"DNIT","active":false,"direction_deg":283}},{"type":"Feature","geometry":{"type":"Point","coordinates":[-52.462529,-31.752066]},"properties":{"kind":"FIXED","limit_kmh":50,"source":"OSM","active":false,"direction_deg":null}},{"type":"Feature","geometry":{"type":"Point","coordinates":[-52.466971,-31.75119]},"properties":{"kind":"FIXED","limit_kmh":50,"source":"OSM","active":false,"direction_deg":null}},{"type":"Feature","geometry":{"type":"Point","coordinates":[-52.467389,-31.751151]},"properties":{"kind":"FIXED","limit_kmh":null,"source":"DNIT","active":false,"direction_deg":103}},{"type":"Feature","geometry":{"type":"Point","coordinates":[-52.476983,-31.749117]},"properties":{"kind":"FIXED","limit_kmh":null,"source":"DNIT","active":false,"direction_deg":283}},{"type":"Feature","geometry":{"type":"Point","coordinates":[-52.47743,-31.749109]},"properties":{"kind":"FIXED","limit_kmh":50,"source":"OSM","active":false,"direction_deg":null}},{"type":"Feature","geometry":{"type":"Point","coordinates":[-52.480333,-31.7486]},"properties":{"kind":"FIXED","limit_kmh":null,"source":"DNIT","active":false,"direction_deg":103}},{"type":"Feature","geometry":{"type":"Point","coordinates":[-52.405104,-31.745467]},"properties":{"kind":"FIXED","limit_kmh":null,"source":"OSM","active":true,"direction_deg":null}},{"type":"Feature","geometry":{"type":"Point","coordinates":[-52.3632,-31.743133]},"properties":{"kind":"FIXED","limit_kmh":null,"source":"DNIT","active":false,"direction_deg":339}},{"type":"Feature","geometry":{"type":"Point","coordinates":[-52.363398,-31.742864]},"properties":{"kind":"FIXED","limit_kmh":50,"source":"OSM","active":false,"direction_deg":null}},{"type":"Feature","geometry":{"type":"Point","coordinates":[-52.397002,-31.740434]},"properties":{"kind":"FIXED","limit_kmh":40,"source":"OSM","active":true,"direction_deg":null}},{"type":"Feature","geometry":{"type":"Point","coordinates":[-52.3647,-31.740117]},"properties":{"kind":"FIXED","limit_kmh":50,"source":"DNIT+OSM","active":false,"direction_deg":159}},{"type":"Feature","geometry":{"type":"Point","coordinates":[-52.396289,-31.738878]},"properties":{"kind":"FIXED","limit_kmh":40,"source":"OSM","active":true,"direction_deg":null}},{"type":"Feature","geometry":{"type":"Point","coordinates":[-52.367597,-31.736066]},"properties":{"kind":"FIXED","limit_kmh":50,"source":"OSM","active":false,"direction_deg":null}},{"type":"Feature","geometry":{"type":"Point","coordinates":[-52.367817,-31.735867]},"properties":{"kind":"FIXED","limit_kmh":null,"source":"DNIT","active":false,"direction_deg":300}},{"type":"Feature","geometry":{"type":"Point","coordinates":[-52.373483,-31.733267]},"properties":{"kind":"FIXED","limit_kmh":50,"source":"DNIT+OSM","active":false,"direction_deg":120}},{"type":"Feature","geometry":{"type":"Point","coordinates":[-52.473011,-31.651687]},"properties":{"kind":"FIXED","limit_kmh":50,"source":"OSM","active":true,"direction_deg":null}},{"type":"Feature","geometry":{"type":"Point","coordinates":[-52.330377,-31.634625]},"properties":{"kind":"FIXED","limit_kmh":100,"source":"OSM","active":true,"direction_deg":null}},{"type":"Feature","geometry":{"type":"Point","coordinates":[-52.504628,-31.622747]},"properties":{"kind":"FIXED","limit_kmh":50,"source":"OSM","active":true,"direction_deg":null}},{"type":"Feature","geometry":{"type":"Point","coordinates":[-52.573737,-31.537299]},"properties":{"kind":"FIXED","limit_kmh":40,"source":"OSM","active":true,"direction_deg":null}},{"type":"Feature","geometry":{"type":"Point","coordinates":[-52.213861,-31.491464]},"properties":{"kind":"FIXED","limit_kmh":60,"source":"OSM","active":true,"direction_deg":null}},{"type":"Feature","geometry":{"type":"Point","coordinates":[-53.66186,-31.466104]},"properties":{"kind":"FIXED","limit_kmh":null,"source":"DNIT","active":true,"direction_deg":306}},{"type":"Feature","geometry":{"type":"Point","coordinates":[-53.665376,-31.463795]},"properties":{"kind":"FIXED","limit_kmh":null,"source":"DNIT","active":true,"direction_deg":132}},{"type":"Feature","geometry":{"type":"Point","coordinates":[-52.192281,-31.438065]},"properties":{"kind":"FIXED","limit_kmh":80,"source":"OSM","active":true,"direction_deg":null}},{"type":"Feature","geometry":{"type":"Point","coordinates":[-52.192235,-31.438005]},"properties":{"kind":"FIXED","limit_kmh":80,"source":"OSM","active":true,"direction_deg":null}},{"type":"Feature","geometry":{"type":"Point","coordinates":[-52.680818,-31.41137]},"properties":{"kind":"FIXED","limit_kmh":60,"source":"OSM","active":true,"direction_deg":null}},{"type":"Feature","geometry":{"type":"Point","coordinates":[-52.681604,-31.407932]},"properties":{"kind":"FIXED","limit_kmh":60,"source":"OSM","active":true,"direction_deg":null}},{"type":"Feature","geometry":{"type":"Point","coordinates":[-52.687998,-31.391551]},"properties":{"kind":"FIXED","limit_kmh":60,"source":"OSM","active":true,"direction_deg":null}},{"type":"Feature","geometry":{"type":"Point","coordinates":[-52.728103,-31.360189]},"properties":{"kind":"FIXED","limit_kmh":60,"source":"OSM","active":true,"direction_deg":null}},{"type":"Feature","geometry":{"type":"Point","coordinates":[-52.729216,-31.357488]},"properties":{"kind":"FIXED","limit_kmh":null,"source":"OSM","active":true,"direction_deg":null}},{"type":"Feature","geometry":{"type":"Point","coordinates":[-51.998895,-31.235774]},"properties":{"kind":"FIXED","limit_kmh":60,"source":"OSM","active":true,"direction_deg":null}},{"type":"Feature","geometry":{"type":"Point","coordinates":[-52.000395,-31.233982]},"properties":{"kind":"FIXED","limit_kmh":50,"source":"OSM","active":true,"direction_deg":null}},{"type":"Feature","geometry":{"type":"Point","coordinates":[-52.051443,-31.001602]},"properties":{"kind":"FIXED","limit_kmh":50,"source":"OSM","active":true,"direction_deg":null}},{"type":"Feature","geometry":{"type":"Point","coordinates":[-52.050523,-30.999374]},"properties":{"kind":"FIXED","limit_kmh":60,"source":"OSM","active":true,"direction_deg":null}},{"type":"Feature","geometry":{"type":"Point","coordinates":[-54.666663,-30.965808]},"properties":{"kind":"FIXED","limit_kmh":50,"source":"OSM","active":false,"direction_deg":null}},{"type":"Feature","geometry":{"type":"Point","coordinates":[-53.090008,-30.943611]},"properties":{"kind":"FIXED","limit_kmh":80,"source":"OSM","active":true,"direction_deg":null}},{"type":"Feature","geometry":{"type":"Point","coordinates":[-53.107282,-30.910667]},"properties":{"kind":"FIXED","limit_kmh":80,"source":"OSM","active":true,"direction_deg":null}},{"type":"Feature","geometry":{"type":"Point","coordinates":[-55.539969,-30.877516]},"properties":{"kind":"FIXED","limit_kmh":50,"source":"INMETRO","active":true,"direction_deg":null}},{"type":"Feature","geometry":{"type":"Point","coordinates":[-55.51496,-30.87732]},"properties":{"kind":"FIXED","limit_kmh":null,"source":"DNIT","active":false,"direction_deg":null}},{"type":"Feature","geometry":{"type":"Point","coordinates":[-53.613612,-30.877]},"properties":{"kind":"FIXED","limit_kmh":null,"source":"DNIT","active":false,"direction_deg":null}},{"type":"Feature","geometry":{"type":"Point","coordinates":[-53.613544,-30.876565]},"properties":{"kind":"FIXED","limit_kmh":60,"source":"OSM","active":false,"direction_deg":null}},{"type":"Feature","geometry":{"type":"Point","coordinates":[-53.137373,-30.871595]},"properties":{"kind":"FIXED","limit_kmh":60,"source":"OSM","active":true,"direction_deg":null}},{"type":"Feature","geometry":{"type":"Point","coordinates":[-53.138015,-30.870844]},"properties":{"kind":"FIXED","limit_kmh":60,"source":"OSM","active":true,"direction_deg":null}},{"type":"Feature","geometry":{"type":"Point","coordinates":[-51.806058,-30.870503]},"properties":{"kind":"FIXED","limit_kmh":50,"source":"OSM","active":false,"direction_deg":null}},{"type":"Feature","geometry":{"type":"Point","coordinates":[-51.804012,-30.869343]},"properties":{"kind":"FIXED","limit_kmh":null,"source":"OSM","active":false,"direction_deg":null}},{"type":"Feature","geometry":{"type":"Point","coordinates":[-55.490024,-30.852141]},"properties":{"kind":"FIXED","limit_kmh":null,"source":"DNIT","active":false,"direction_deg":65}},{"type":"Feature","geometry":{"type":"Point","coordinates":[-55.487383,-30.850967]},"properties":{"kind":"FIXED","limit_kmh":null,"source":"DNIT","active":false,"direction_deg":245}},{"type":"Feature","geometry":{"type":"Point","coordinates":[-55.410271,-30.840173]},"properties":{"kind":"FIXED","limit_kmh":80,"source":"OSM","active":false,"direction_deg":null}},{"type":"Feature","geometry":{"type":"Point","coordinates":[-53.172929,-30.824708]},"properties":{"kind":"FIXED","limit_kmh":60,"source":"OSM","active":false,"direction_deg":null}},{"type":"Feature","geometry":{"type":"Point","coordinates":[-55.588757,-30.820304]},"properties":{"kind":"FIXED","limit_kmh":null,"source":"DNIT","active":false,"direction_deg":null}},{"type":"Feature","geometry":{"type":"Point","coordinates":[-55.632199,-30.801658]},"properties":{"kind":"FIXED","limit_kmh":80,"source":"OSM","active":false,"direction_deg":null}},{"type":"Feature","geometry":{"type":"Point","coordinates":[-55.639914,-30.799178]},"properties":{"kind":"FIXED","limit_kmh":null,"source":"DNIT","active":false,"direction_deg":null}},{"type":"Feature","geometry":{"type":"Point","coordinates":[-55.735246,-30.760648]},"properties":{"kind":"FIXED","limit_kmh":null,"source":"DNIT","active":false,"direction_deg":null}},{"type":"Feature","geometry":{"type":"Point","coordinates":[-55.08668,-30.579863]},"properties":{"kind":"FIXED","limit_kmh":40,"source":"OSM","active":true,"direction_deg":null}},{"type":"Feature","geometry":{"type":"Point","coordinates":[-53.420046,-30.544368]},"properties":{"kind":"FIXED","limit_kmh":60,"source":"OSM","active":true,"direction_deg":null}},{"type":"Feature","geometry":{"type":"Point","coordinates":[-53.429989,-30.539211]},"properties":{"kind":"FIXED","limit_kmh":60,"source":"OSM","active":false,"direction_deg":null}},{"type":"Feature","geometry":{"type":"Point","coordinates":[-53.498762,-30.425236]},"properties":{"kind":"FIXED","limit_kmh":null,"source":"OSM","active":true,"direction_deg":null}},{"type":"Feature","geometry":{"type":"Point","coordinates":[-56.427058,-30.400256]},"properties":{"kind":"FIXED","limit_kmh":80,"source":"OSM","active":false,"direction_deg":null}},{"type":"Feature","geometry":{"type":"Point","coordinates":[-53.4551,-30.35955]},"properties":{"kind":"FIXED","limit_kmh":50,"source":"DNIT+OSM","active":false,"direction_deg":84}},{"type":"Feature","geometry":{"type":"Point","coordinates":[-53.453167,-30.359417]},"properties":{"kind":"FIXED","limit_kmh":50,"source":"DNIT+OSM","active":false,"direction_deg":275}},{"type":"Feature","geometry":{"type":"Point","coordinates":[-54.334286,-30.350625]},"properties":{"kind":"FIXED","limit_kmh":50,"source":"OSM","active":false,"direction_deg":null}},{"type":"Feature","geometry":{"type":"Point","coordinates":[-54.082416,-30.339808]},"properties":{"kind":"FIXED","limit_kmh":50,"source":"OSM","active":false,"direction_deg":null}},{"type":"Feature","geometry":{"type":"Point","coordinates":[-54.976883,-30.272167]},"properties":{"kind":"FIXED","limit_kmh":80,"source":"DNIT+OSM","active":false,"direction_deg":null}},{"type":"Feature","geometry":{"type":"Point","coordinates":[-54.972893,-30.266841]},"properties":{"kind":"FIXED","limit_kmh":80,"source":"OSM","active":false,"direction_deg":null}},{"type":"Feature","geometry":{"type":"Point","coordinates":[-57.50618,-30.20082]},"properties":{"kind":"FIXED","limit_kmh":null,"source":"DNIT","active":false,"direction_deg":69}},{"type":"Feature","geometry":{"type":"Point","coordinates":[-51.174957,-30.190476]},"properties":{"kind":"FIXED","limit_kmh":null,"source":"OSM","active":true,"direction_deg":null}},{"type":"Feature","geometry":{"type":"Point","coordinates":[-52.370446,-30.18921]},"properties":{"kind":"FIXED","limit_kmh":60,"source":"OSM","active":true,"direction_deg":null}},{"type":"Feature","geometry":{"type":"Point","coordinates":[-51.174503,-30.188745]},"properties":{"kind":"FIXED","limit_kmh":null,"source":"OSM","active":true,"direction_deg":null}},{"type":"Feature","geometry":{"type":"Point","coordinates":[-51.3862,-30.170333]},"properties":{"kind":"FIXED","limit_kmh":null,"source":"DNIT","active":false,"direction_deg":241}},{"type":"Feature","geometry":{"type":"Point","coordinates":[-51.385514,-30.170116]},"properties":{"kind":"FIXED","limit_kmh":50,"source":"OSM","active":false,"direction_deg":null}},{"type":"Feature","geometry":{"type":"Point","coordinates":[-53.583168,-30.165153]},"properties":{"kind":"FIXED","limit_kmh":50,"source":"DNIT+OSM","active":false,"direction_deg":146}},{"type":"Feature","geometry":{"type":"Point","coordinates":[-53.58424,-30.163757]},"properties":{"kind":"FIXED","limit_kmh":50,"source":"OSM","active":false,"direction_deg":null}},{"type":"Feature","geometry":{"type":"Point","coordinates":[-51.200624,-30.153315]},"properties":{"kind":"FIXED","limit_kmh":null,"source":"OSM","active":true,"direction_deg":null}},{"type":"Feature","geometry":{"type":"Point","coordinates":[-51.200966,-30.152747]},"properties":{"kind":"FIXED","limit_kmh":null,"source":"OSM","active":true,"direction_deg":null}},{"type":"Feature","geometry":{"type":"Point","coordinates":[-51.201157,-30.152388]},"properties":{"kind":"FIXED","limit_kmh":null,"source":"OSM","active":true,"direction_deg":null}},{"type":"Feature","geometry":{"type":"Point","coordinates":[-51.082442,-30.145805]},"properties":{"kind":"FIXED","limit_kmh":40,"source":"INMETRO","active":true,"direction_deg":null}},{"type":"Feature","geometry":{"type":"Point","coordinates":[-51.082674,-30.145575]},"properties":{"kind":"FIXED","limit_kmh":40,"source":"INMETRO","active":true,"direction_deg":null}},{"type":"Feature","geometry":{"type":"Point","coordinates":[-52.04815,-30.14471]},"properties":{"kind":"FIXED","limit_kmh":null,"source":"DNIT","active":false,"direction_deg":78}},{"type":"Feature","geometry":{"type":"Point","coordinates":[-52.047798,-30.144613]},"properties":{"kind":"FIXED","limit_kmh":60,"source":"OSM","active":false,"direction_deg":null}},{"type":"Feature","geometry":{"type":"Point","coordinates":[-52.040992,-30.14335]},"properties":{"kind":"FIXED","limit_kmh":60,"source":"OSM","active":false,"direction_deg":null}},{"type":"Feature","geometry":{"type":"Point","coordinates":[-51.354193,-30.132437]},"properties":{"kind":"FIXED","limit_kmh":60,"source":"OSM","active":false,"direction_deg":null}},{"type":"Feature","geometry":{"type":"Point","coordinates":[-51.979587,-30.132356]},"properties":{"kind":"FIXED","limit_kmh":60,"source":"OSM","active":false,"direction_deg":null}},{"type":"Feature","geometry":{"type":"Point","coordinates":[-51.97745,-30.13206]},"properties":{"kind":"FIXED","limit_kmh":null,"source":"DNIT","active":false,"direction_deg":79}},{"type":"Feature","geometry":{"type":"Point","coordinates":[-51.3539,-30.132017]},"properties":{"kind":"FIXED","limit_kmh":null,"source":"DNIT","active":false,"direction_deg":32}},{"type":"Feature","geometry":{"type":"Point","coordinates":[-51.097686,-30.131974]},"properties":{"kind":"FIXED","limit_kmh":60,"source":"INMETRO","active":true,"direction_deg":null}},{"type":"Feature","geometry":{"type":"Point","coordinates":[-51.200688,-30.129933]},"properties":{"kind":"FIXED","limit_kmh":null,"source":"OSM","active":true,"direction_deg":null}},{"type":"Feature","geometry":{"type":"Point","coordinates":[-51.218555,-30.129772]},"properties":{"kind":"FIXED","limit_kmh":null,"source":"OSM","active":true,"direction_deg":null}},{"type":"Feature","geometry":{"type":"Point","coordinates":[-51.201391,-30.129453]},"properties":{"kind":"FIXED","limit_kmh":null,"source":"OSM","active":true,"direction_deg":null}},{"type":"Feature","geometry":{"type":"Point","coordinates":[-51.956373,-30.128422]},"properties":{"kind":"FIXED","limit_kmh":60,"source":"OSM","active":false,"direction_deg":null}},{"type":"Feature","geometry":{"type":"Point","coordinates":[-51.95602,-30.1283]},"properties":{"kind":"FIXED","limit_kmh":null,"source":"DNIT","active":false,"direction_deg":262}},{"type":"Feature","geometry":{"type":"Point","coordinates":[-51.351022,-30.127486]},"properties":{"kind":"FIXED","limit_kmh":60,"source":"DNIT+OSM","active":false,"direction_deg":205}},{"type":"Feature","geometry":{"type":"Point","coordinates":[-51.106168,-30.124893]},"properties":{"kind":"FIXED","limit_kmh":40,"source":"OSM","active":true,"direction_deg":null}},{"type":"Feature","geometry":{"type":"Point","coordinates":[-51.105754,-30.12475]},"properties":{"kind":"FIXED","limit_kmh":40,"source":"OSM","active":true,"direction_deg":null}},{"type":"Feature","geometry":{"type":"Point","coordinates":[-51.056967,-30.11855]},"properties":{"kind":"FIXED","limit_kmh":40,"source":"INMETRO","active":true,"direction_deg":null}},{"type":"Feature","geometry":{"type":"Point","coordinates":[-51.108722,-30.117056]},"properties":{"kind":"FIXED","limit_kmh":60,"source":"OSM","active":true,"direction_deg":null}},{"type":"Feature","geometry":{"type":"Point","coordinates":[-51.10881,-30.117055]},"properties":{"kind":"FIXED","limit_kmh":60,"source":"OSM","active":true,"direction_deg":null}},{"type":"Feature","geometry":{"type":"Point","coordinates":[-51.225813,-30.115029]},"properties":{"kind":"FIXED","limit_kmh":60,"source":"OSM","active":true,"direction_deg":null}},{"type":"Feature","geometry":{"type":"Point","coordinates":[-51.225766,-30.114839]},"properties":{"kind":"FIXED","limit_kmh":60,"source":"OSM","active":true,"direction_deg":null}},{"type":"Feature","geometry":{"type":"Point","coordinates":[-50.648072,-30.114388]},"properties":{"kind":"FIXED","limit_kmh":80,"source":"OSM","active":true,"direction_deg":null}},{"type":"Feature","geometry":{"type":"Point","coordinates":[-51.227188,-30.108132]},"properties":{"kind":"FIXED","limit_kmh":60,"source":"OSM","active":true,"direction_deg":null}},{"type":"Feature","geometry":{"type":"Point","coordinates":[-51.724854,-30.104836]},"properties":{"kind":"FIXED","limit_kmh":null,"source":"DNIT","active":false,"direction_deg":274}},{"type":"Feature","geometry":{"type":"Point","coordinates":[-51.730333,-30.104667]},"properties":{"kind":"FIXED","limit_kmh":null,"source":"DNIT","active":false,"direction_deg":93}},{"type":"Feature","geometry":{"type":"Point","coordinates":[-51.65985,-30.101817]},"properties":{"kind":"FIXED","limit_kmh":null,"source":"DNIT","active":false,"direction_deg":66}},{"type":"Feature","geometry":{"type":"Point","coordinates":[-51.65695,-30.100567]},"properties":{"kind":"FIXED","limit_kmh":null,"source":"DNIT","active":false,"direction_deg":246}},{"type":"Feature","geometry":{"type":"Point","coordinates":[-51.055766,-30.098624]},"properties":{"kind":"FIXED","limit_kmh":40,"source":"INMETRO","active":true,"direction_deg":null}},{"type":"Feature","geometry":{"type":"Point","coordinates":[-51.246011,-30.095827]},"properties":{"kind":"FIXED","limit_kmh":40,"source":"OSM","active":true,"direction_deg":null}},{"type":"Feature","geometry":{"type":"Point","coordinates":[-51.244579,-30.094674]},"properties":{"kind":"FIXED","limit_kmh":40,"source":"INMETRO+OSM","active":true,"direction_deg":null}},{"type":"Feature","geometry":{"type":"Point","coordinates":[-51.219852,-30.09111]},"properties":{"kind":"FIXED","limit_kmh":null,"source":"OSM","active":true,"direction_deg":null}},{"type":"Feature","geometry":{"type":"Point","coordinates":[-51.219936,-30.091014]},"properties":{"kind":"FIXED","limit_kmh":null,"source":"OSM","active":true,"direction_deg":null}},{"type":"Feature","geometry":{"type":"Point","coordinates":[-51.334653,-30.090181]},"properties":{"kind":"FIXED","limit_kmh":40,"source":"OSM","active":true,"direction_deg":null}},{"type":"Feature","geometry":{"type":"Point","coordinates":[-51.334105,-30.089966]},"properties":{"kind":"FIXED","limit_kmh":40,"source":"OSM","active":true,"direction_deg":null}},{"type":"Feature","geometry":{"type":"Point","coordinates":[-51.187641,-30.087041]},"properties":{"kind":"FIXED","limit_kmh":40,"source":"INMETRO","active":true,"direction_deg":null}},{"type":"Feature","geometry":{"type":"Point","coordinates":[-53.638058,-30.085672]},"properties":{"kind":"FIXED","limit_kmh":60,"source":"DNIT+OSM","active":false,"direction_deg":338}},{"type":"Feature","geometry":{"type":"Point","coordinates":[-51.190746,-30.085097]},"properties":{"kind":"FIXED","limit_kmh":null,"source":"OSM","active":true,"direction_deg":null}},{"type":"Feature","geometry":{"type":"Point","coordinates":[-51.006656,-30.084779]},"properties":{"kind":"FIXED","limit_kmh":40,"source":"INMETRO+OSM","active":true,"direction_deg":null}},{"type":"Feature","geometry":{"type":"Point","coordinates":[-51.054257,-30.083708]},"properties":{"kind":"FIXED","limit_kmh":null,"source":"OSM","active":true,"direction_deg":null}},{"type":"Feature","geometry":{"type":"Point","coordinates":[-51.033974,-30.083127]},"properties":{"kind":"FIXED","limit_kmh":null,"source":"OSM","active":true,"direction_deg":null}},{"type":"Feature","geometry":{"type":"Point","coordinates":[-51.034642,-30.082595]},"properties":{"kind":"FIXED","limit_kmh":null,"source":"OSM","active":true,"direction_deg":null}},{"type":"Feature","geometry":{"type":"Point","coordinates":[-51.131793,-30.08258]},"properties":{"kind":"FIXED","limit_kmh":60,"source":"INMETRO","active":true,"direction_deg":null}},{"type":"Feature","geometry":{"type":"Point","coordinates":[-53.639766,-30.082285]},"properties":{"kind":"FIXED","limit_kmh":60,"source":"OSM","active":false,"direction_deg":null}},{"type":"Feature","geometry":{"type":"Point","coordinates":[-53.640001,-30.08196]},"properties":{"kind":"FIXED","limit_kmh":null,"source":"DNIT","active":false,"direction_deg":158}},{"type":"Feature","geometry":{"type":"Point","coordinates":[-51.037587,-30.077877]},"properties":{"kind":"FIXED","limit_kmh":40,"source":"INMETRO+OSM","active":true,"direction_deg":null}},{"type":"Feature","geometry":{"type":"Point","coordinates":[-51.103367,-30.077329]},"properties":{"kind":"FIXED","limit_kmh":40,"source":"INMETRO","active":true,"direction_deg":null}},{"type":"Feature","geometry":{"type":"Point","coordinates":[-51.097634,-30.077098]},"properties":{"kind":"FIXED","limit_kmh":40,"source":"INMETRO","active":true,"direction_deg":null}},{"type":"Feature","geometry":{"type":"Point","coordinates":[-51.123029,-30.076978]},"properties":{"kind":"FIXED","limit_kmh":60,"source":"INMETRO+OSM","active":true,"direction_deg":null}},{"type":"Feature","geometry":{"type":"Point","coordinates":[-51.122994,-30.076758]},"properties":{"kind":"FIXED","limit_kmh":60,"source":"OSM","active":true,"direction_deg":null}},{"type":"Feature","geometry":{"type":"Point","coordinates":[-51.244064,-30.076635]},"properties":{"kind":"FIXED","limit_kmh":60,"source":"OSM","active":true,"direction_deg":null}},{"type":"Feature","geometry":{"type":"Point","coordinates":[-51.047592,-30.076414]},"properties":{"kind":"FIXED","limit_kmh":null,"source":"OSM","active":true,"direction_deg":null}},{"type":"Feature","geometry":{"type":"Point","coordinates":[-51.136383,-30.074374]},"properties":{"kind":"FIXED","limit_kmh":60,"source":"OSM","active":true,"direction_deg":null}},{"type":"Feature","geometry":{"type":"Point","coordinates":[-51.136244,-30.074214]},"properties":{"kind":"FIXED","limit_kmh":60,"source":"OSM","active":true,"direction_deg":null}},{"type":"Feature","geometry":{"type":"Point","coordinates":[-51.097982,-30.073614]},"properties":{"kind":"FIXED","limit_kmh":40,"source":"INMETRO","active":true,"direction_deg":null}},{"type":"Feature","geometry":{"type":"Point","coordinates":[-51.097579,-30.073232]},"properties":{"kind":"FIXED","limit_kmh":40,"source":"INMETRO","active":true,"direction_deg":null}},{"type":"Feature","geometry":{"type":"Point","coordinates":[-51.10826,-30.072722]},"properties":{"kind":"FIXED","limit_kmh":40,"source":"INMETRO","active":true,"direction_deg":null}},{"type":"Feature","geometry":{"type":"Point","coordinates":[-51.108047,-30.072498]},"properties":{"kind":"FIXED","limit_kmh":40,"source":"INMETRO","active":true,"direction_deg":null}},{"type":"Feature","geometry":{"type":"Point","coordinates":[-51.146259,-30.068352]},"properties":{"kind":"FIXED","limit_kmh":60,"source":"INMETRO+OSM","active":true,"direction_deg":null}},{"type":"Feature","geometry":{"type":"Point","coordinates":[-51.14617,-30.068153]},"properties":{"kind":"FIXED","limit_kmh":60,"source":"OSM","active":true,"direction_deg":null}},{"type":"Feature","geometry":{"type":"Point","coordinates":[-51.236238,-30.067837]},"properties":{"kind":"FIXED","limit_kmh":30,"source":"INMETRO","active":true,"direction_deg":null}},{"type":"Feature","geometry":{"type":"Point","coordinates":[-51.026445,-30.067365]},"properties":{"kind":"FIXED","limit_kmh":40,"source":"INMETRO","active":true,"direction_deg":null}},{"type":"Feature","geometry":{"type":"Point","coordinates":[-51.101962,-30.067331]},"properties":{"kind":"FIXED","limit_kmh":40,"source":"INMETRO","active":true,"direction_deg":null}},{"type":"Feature","geometry":{"type":"Point","coordinates":[-51.088603,-30.066616]},"properties":{"kind":"FIXED","limit_kmh":40,"source":"INMETRO","active":true,"direction_deg":null}},{"type":"Feature","geometry":{"type":"Point","coordinates":[-51.021156,-30.066236]},"properties":{"kind":"FIXED","limit_kmh":40,"source":"INMETRO","active":true,"direction_deg":null}},{"type":"Feature","geometry":{"type":"Point","coordinates":[-51.107274,-30.066134]},"properties":{"kind":"FIXED","limit_kmh":40,"source":"INMETRO","active":true,"direction_deg":null}},{"type":"Feature","geometry":{"type":"Point","coordinates":[-51.088909,-30.065895]},"properties":{"kind":"FIXED","limit_kmh":40,"source":"INMETRO","active":true,"direction_deg":null}},{"type":"Feature","geometry":{"type":"Point","coordinates":[-51.107311,-30.065783]},"properties":{"kind":"FIXED","limit_kmh":40,"source":"INMETRO","active":true,"direction_deg":null}},{"type":"Feature","geometry":{"type":"Point","coordinates":[-51.022846,-30.06566]},"properties":{"kind":"FIXED","limit_kmh":40,"source":"INMETRO","active":true,"direction_deg":null}},{"type":"Feature","geometry":{"type":"Point","coordinates":[-51.111109,-30.062382]},"properties":{"kind":"FIXED","limit_kmh":40,"source":"INMETRO","active":true,"direction_deg":null}},{"type":"Feature","geometry":{"type":"Point","coordinates":[-51.175877,-30.06228]},"properties":{"kind":"FIXED","limit_kmh":60,"source":"OSM","active":true,"direction_deg":null}},{"type":"Feature","geometry":{"type":"Point","coordinates":[-51.111114,-30.061968]},"properties":{"kind":"FIXED","limit_kmh":40,"source":"INMETRO","active":true,"direction_deg":null}},{"type":"Feature","geometry":{"type":"Point","coordinates":[-51.15156,-30.061305]},"properties":{"kind":"FIXED","limit_kmh":60,"source":"OSM","active":true,"direction_deg":null}},{"type":"Feature","geometry":{"type":"Point","coordinates":[-51.094027,-30.060971]},"properties":{"kind":"FIXED","limit_kmh":40,"source":"INMETRO","active":true,"direction_deg":null}},{"type":"Feature","geometry":{"type":"Point","coordinates":[-51.235779,-30.060852]},"properties":{"kind":"FIXED","limit_kmh":null,"source":"OSM","active":true,"direction_deg":null}},{"type":"Feature","geometry":{"type":"Point","coordinates":[-51.093875,-30.060606]},"properties":{"kind":"FIXED","limit_kmh":40,"source":"INMETRO","active":true,"direction_deg":null}},{"type":"Feature","geometry":{"type":"Point","coordinates":[-51.235666,-30.060551]},"properties":{"kind":"FIXED","limit_kmh":60,"source":"OSM","active":true,"direction_deg":null}},{"type":"Feature","geometry":{"type":"Point","coordinates":[-51.15495,-30.0573]},"properties":{"kind":"FIXED","limit_kmh":60,"source":"OSM","active":true,"direction_deg":null}},{"type":"Feature","geometry":{"type":"Point","coordinates":[-51.147217,-30.05485]},"properties":{"kind":"FIXED","limit_kmh":40,"source":"OSM","active":true,"direction_deg":null}},{"type":"Feature","geometry":{"type":"Point","coordinates":[-51.146954,-30.053218]},"properties":{"kind":"FIXED","limit_kmh":null,"source":"OSM","active":true,"direction_deg":null}},{"type":"Feature","geometry":{"type":"Point","coordinates":[-51.098108,-30.051203]},"properties":{"kind":"FIXED","limit_kmh":40,"source":"INMETRO","active":true,"direction_deg":null}},{"type":"Feature","geometry":{"type":"Point","coordinates":[-51.145013,-30.050791]},"properties":{"kind":"FIXED","limit_kmh":40,"source":"OSM","active":true,"direction_deg":null}},{"type":"Feature","geometry":{"type":"Point","coordinates":[-51.144099,-30.048567]},"properties":{"kind":"FIXED","limit_kmh":40,"source":"OSM","active":true,"direction_deg":null}},{"type":"Feature","geometry":{"type":"Point","coordinates":[-51.212141,-30.047367]},"properties":{"kind":"RED_LIGHT","limit_kmh":null,"source":"OSM","active":true,"direction_deg":null}},{"type":"Feature","geometry":{"type":"Point","coordinates":[-51.211926,-30.046662]},"properties":{"kind":"FIXED","limit_kmh":null,"source":"OSM","active":true,"direction_deg":null}},{"type":"Feature","geometry":{"type":"Point","coordinates":[-51.101268,-30.045995]},"properties":{"kind":"FIXED","limit_kmh":60,"source":"OSM","active":true,"direction_deg":null}},{"type":"Feature","geometry":{"type":"Point","coordinates":[-51.210709,-30.045962]},"properties":{"kind":"RED_LIGHT","limit_kmh":null,"source":"OSM","active":true,"direction_deg":null}},{"type":"Feature","geometry":{"type":"Point","coordinates":[-51.199313,-30.044989]},"properties":{"kind":"FIXED","limit_kmh":60,"source":"INMETRO","active":true,"direction_deg":null}},{"type":"Feature","geometry":{"type":"Point","coordinates":[-51.199853,-30.043519]},"properties":{"kind":"FIXED","limit_kmh":60,"source":"OSM","active":true,"direction_deg":null}},{"type":"Feature","geometry":{"type":"Point","coordinates":[-51.103913,-30.041886]},"properties":{"kind":"FIXED","limit_kmh":60,"source":"OSM","active":true,"direction_deg":null}},{"type":"Feature","geometry":{"type":"Point","coordinates":[-51.132942,-30.041736]},"properties":{"kind":"FIXED","limit_kmh":60,"source":"OSM","active":true,"direction_deg":null}},{"type":"Feature","geometry":{"type":"Point","coordinates":[-51.132983,-30.041614]},"properties":{"kind":"FIXED","limit_kmh":60,"source":"OSM","active":true,"direction_deg":null}},{"type":"Feature","geometry":{"type":"Point","coordinates":[-51.107619,-30.040939]},"properties":{"kind":"FIXED","limit_kmh":60,"source":"OSM","active":true,"direction_deg":null}},{"type":"Feature","geometry":{"type":"Point","coordinates":[-51.203951,-30.04062]},"properties":{"kind":"FIXED","limit_kmh":null,"source":"OSM","active":true,"direction_deg":null}},{"type":"Feature","geometry":{"type":"Point","coordinates":[-51.204082,-30.040414]},"properties":{"kind":"FIXED","limit_kmh":null,"source":"OSM","active":true,"direction_deg":null}},{"type":"Feature","geometry":{"type":"Point","coordinates":[-51.195937,-30.040351]},"properties":{"kind":"FIXED","limit_kmh":60,"source":"OSM","active":true,"direction_deg":null}},{"type":"Feature","geometry":{"type":"Point","coordinates":[-51.195887,-30.040213]},"properties":{"kind":"FIXED","limit_kmh":60,"source":"OSM","active":true,"direction_deg":null}},{"type":"Feature","geometry":{"type":"Point","coordinates":[-51.127322,-30.040096]},"properties":{"kind":"FIXED","limit_kmh":40,"source":"OSM","active":true,"direction_deg":null}},{"type":"Feature","geometry":{"type":"Point","coordinates":[-51.135585,-30.039766]},"properties":{"kind":"FIXED","limit_kmh":null,"source":"OSM","active":true,"direction_deg":null}},{"type":"Feature","geometry":{"type":"Point","coordinates":[-51.125956,-30.03972]},"properties":{"kind":"FIXED","limit_kmh":40,"source":"OSM","active":true,"direction_deg":null}},{"type":"Feature","geometry":{"type":"Point","coordinates":[-51.145113,-30.039558]},"properties":{"kind":"FIXED","limit_kmh":40,"source":"OSM","active":true,"direction_deg":null}},{"type":"Feature","geometry":{"type":"Point","coordinates":[-51.208908,-30.036946]},"properties":{"kind":"FIXED","limit_kmh":40,"source":"INMETRO","active":true,"direction_deg":null}},{"type":"Feature","geometry":{"type":"Point","coordinates":[-51.143945,-30.036807]},"properties":{"kind":"FIXED","limit_kmh":40,"source":"OSM","active":true,"direction_deg":null}},{"type":"Feature","geometry":{"type":"Point","coordinates":[-51.184094,-30.032576]},"properties":{"kind":"FIXED","limit_kmh":null,"source":"OSM","active":true,"direction_deg":null}},{"type":"Feature","geometry":{"type":"Point","coordinates":[-51.184218,-30.032519]},"properties":{"kind":"FIXED","limit_kmh":60,"source":"INMETRO+OSM","active":true,"direction_deg":null}},{"type":"Feature","geometry":{"type":"Point","coordinates":[-51.121254,-30.032054]},"properties":{"kind":"FIXED","limit_kmh":null,"source":"OSM","active":true,"direction_deg":null}},{"type":"Feature","geometry":{"type":"Point","coordinates":[-51.121104,-30.032053]},"properties":{"kind":"FIXED","limit_kmh":null,"source":"OSM","active":true,"direction_deg":null}},{"type":"Feature","geometry":{"type":"Point","coordinates":[-51.121152,-30.031501]},"properties":{"kind":"FIXED","limit_kmh":60,"source":"OSM","active":true,"direction_deg":null}},{"type":"Feature","geometry":{"type":"Point","coordinates":[-51.120918,-30.031062]},"properties":{"kind":"FIXED","limit_kmh":60,"source":"OSM","active":true,"direction_deg":null}},{"type":"Feature","geometry":{"type":"Point","coordinates":[-51.150853,-30.030344]},"properties":{"kind":"FIXED","limit_kmh":null,"source":"OSM","active":true,"direction_deg":null}},{"type":"Feature","geometry":{"type":"Point","coordinates":[-51.15095,-30.030342]},"properties":{"kind":"FIXED","limit_kmh":40,"source":"INMETRO+OSM","active":true,"direction_deg":null}},{"type":"Feature","geometry":{"type":"Point","coordinates":[-51.164899,-30.028129]},"properties":{"kind":"FIXED","limit_kmh":60,"source":"INMETRO+OSM","active":true,"direction_deg":null}},{"type":"Feature","geometry":{"type":"Point","coordinates":[-51.164875,-30.028027]},"properties":{"kind":"FIXED","limit_kmh":60,"source":"OSM","active":true,"direction_deg":null}},{"type":"Feature","geometry":{"type":"Point","coordinates":[-52.906953,-30.024416]},"properties":{"kind":"FIXED","limit_kmh":40,"source":"OSM","active":true,"direction_deg":null}},{"type":"Feature","geometry":{"type":"Point","coordinates":[-52.906969,-30.024344]},"properties":{"kind":"FIXED","limit_kmh":40,"source":"OSM","active":true,"direction_deg":null}},{"type":"Feature","geometry":{"type":"Point","coordinates":[-51.027227,-30.022527]},"properties":{"kind":"FIXED","limit_kmh":null,"source":"OSM","active":true,"direction_deg":null}},{"type":"Feature","geometry":{"type":"Point","coordinates":[-51.119803,-30.022115]},"properties":{"kind":"FIXED","limit_kmh":60,"source":"OSM","active":true,"direction_deg":null}},{"type":"Feature","geometry":{"type":"Point","coordinates":[-51.187701,-30.022055]},"properties":{"kind":"FIXED","limit_kmh":40,"source":"INMETRO+OSM","active":true,"direction_deg":null}},{"type":"Feature","geometry":{"type":"Point","coordinates":[-51.142793,-30.020311]},"properties":{"kind":"FIXED","limit_kmh":40,"source":"OSM","active":true,"direction_deg":null}},{"type":"Feature","geometry":{"type":"Point","coordinates":[-51.14271,-30.019673]},"properties":{"kind":"FIXED","limit_kmh":40,"source":"OSM","active":true,"direction_deg":null}},{"type":"Feature","geometry":{"type":"Point","coordinates":[-50.157999,-30.015259]},"properties":{"kind":"FIXED","limit_kmh":40,"source":"OSM","active":true,"direction_deg":null}},{"type":"Feature","geometry":{"type":"Point","coordinates":[-50.158491,-30.01509]},"properties":{"kind":"FIXED","limit_kmh":40,"source":"OSM","active":true,"direction_deg":null}},{"type":"Feature","geometry":{"type":"Point","coordinates":[-51.119186,-30.014863]},"properties":{"kind":"FIXED","limit_kmh":60,"source":"OSM","active":true,"direction_deg":null}},{"type":"Feature","geometry":{"type":"Point","coordinates":[-51.079796,-30.013572]},"properties":{"kind":"FIXED","limit_kmh":null,"source":"OSM","active":true,"direction_deg":null}},{"type":"Feature","geometry":{"type":"Point","coordinates":[-52.889462,-30.013117]},"properties":{"kind":"FIXED","limit_kmh":null,"source":"DNIT","active":false,"direction_deg":null}},{"type":"Feature","geometry":{"type":"Point","coordinates":[-52.888062,-30.012927]},"properties":{"kind":"FIXED","limit_kmh":null,"source":"DNIT","active":false,"direction_deg":null}},{"type":"Feature","geometry":{"type":"Point","coordinates":[-51.316251,-30.012866]},"properties":{"kind":"FIXED","limit_kmh":null,"source":"DNIT","active":true,"direction_deg":203}},{"type":"Feature","geometry":{"type":"Point","coordinates":[-51.124742,-30.012511]},"properties":{"kind":"FIXED","limit_kmh":40,"source":"OSM","active":true,"direction_deg":null}},{"type":"Feature","geometry":{"type":"Point","coordinates":[-51.212227,-30.012459]},"properties":{"kind":"FIXED","limit_kmh":80,"source":"OSM","active":true,"direction_deg":null}},{"type":"Feature","geometry":{"type":"Point","coordinates":[-51.124789,-30.012341]},"properties":{"kind":"FIXED","limit_kmh":40,"source":"OSM","active":true,"direction_deg":null}},{"type":"Feature","geometry":{"type":"Point","coordinates":[-51.11868,-30.011994]},"properties":{"kind":"FIXED","limit_kmh":null,"source":"OSM","active":true,"direction_deg":null}},{"type":"Feature","geometry":{"type":"Point","coordinates":[-51.178893,-30.010305]},"properties":{"kind":"FIXED","limit_kmh":null,"source":"OSM","active":true,"direction_deg":null}},{"type":"Feature","geometry":{"type":"Point","coordinates":[-51.210322,-30.007948]},"properties":{"kind":"FIXED","limit_kmh":80,"source":"OSM","active":true,"direction_deg":null}},{"type":"Feature","geometry":{"type":"Point","coordinates":[-51.189535,-30.007035]},"properties":{"kind":"FIXED","limit_kmh":30,"source":"INMETRO","active":true,"direction_deg":null}},{"type":"Feature","geometry":{"type":"Point","coordinates":[-52.907073,-30.006017]},"properties":{"kind":"FIXED","limit_kmh":null,"source":"DNIT","active":false,"direction_deg":null}},{"type":"Feature","geometry":{"type":"Point","coordinates":[-51.138683,-30.005494]},"properties":{"kind":"FIXED","limit_kmh":60,"source":"OSM","active":true,"direction_deg":null}},{"type":"Feature","geometry":{"type":"Point","coordinates":[-52.907725,-30.004638]},"properties":{"kind":"FIXED","limit_kmh":null,"source":"DNIT","active":false,"direction_deg":null}},{"type":"Feature","geometry":{"type":"Point","coordinates":[-51.080905,-30.003368]},"properties":{"kind":"FIXED","limit_kmh":null,"source":"OSM","active":true,"direction_deg":null}},{"type":"Feature","geometry":{"type":"Point","coordinates":[-51.080998,-30.003298]},"properties":{"kind":"FIXED","limit_kmh":null,"source":"OSM","active":true,"direction_deg":null}},{"type":"Feature","geometry":{"type":"Point","coordinates":[-51.30239,-30.001275]},"properties":{"kind":"FIXED","limit_kmh":null,"source":"DNIT","active":true,"direction_deg":71}},{"type":"Feature","geometry":{"type":"Point","coordinates":[-53.685554,-29.99645]},"properties":{"kind":"FIXED","limit_kmh":60,"source":"DNIT+OSM","active":false,"direction_deg":null}},{"type":"Feature","geometry":{"type":"Point","coordinates":[-51.283385,-29.995578]},"properties":{"kind":"FIXED","limit_kmh":null,"source":"DNIT","active":true,"direction_deg":70}},{"type":"Feature","geometry":{"type":"Point","coordinates":[-51.188549,-29.995049]},"properties":{"kind":"FIXED","limit_kmh":null,"source":"OSM","active":true,"direction_deg":null}},{"type":"Feature","geometry":{"type":"Point","coordinates":[-51.116573,-29.982997]},"properties":{"kind":"FIXED","limit_kmh":60,"source":"INMETRO+OSM","active":true,"direction_deg":null}},{"type":"Feature","geometry":{"type":"Point","coordinates":[-51.116664,-29.982859]},"properties":{"kind":"FIXED","limit_kmh":60,"source":"OSM","active":true,"direction_deg":null}},{"type":"Feature","geometry":{"type":"Point","coordinates":[-52.36922,-29.982444]},"properties":{"kind":"FIXED","limit_kmh":null,"source":"DNIT","active":false,"direction_deg":339}},{"type":"Feature","geometry":{"type":"Point","coordinates":[-52.370248,-29.98082]},"properties":{"kind":"FIXED","limit_kmh":null,"source":"DNIT","active":false,"direction_deg":146}},{"type":"Feature","geometry":{"type":"Point","coordinates":[-51.193979,-29.975973]},"properties":{"kind":"FIXED","limit_kmh":null,"source":"OSM","active":true,"direction_deg":null}},{"type":"Feature","geometry":{"type":"Point","coordinates":[-51.727285,-29.972278]},"properties":{"kind":"FIXED","limit_kmh":50,"source":"OSM","active":true,"direction_deg":null}},{"type":"Feature","geometry":{"type":"Point","coordinates":[-51.730745,-29.971353]},"properties":{"kind":"FIXED","limit_kmh":50,"source":"OSM","active":true,"direction_deg":null}},{"type":"Feature","geometry":{"type":"Point","coordinates":[-51.199949,-29.971272]},"properties":{"kind":"FIXED","limit_kmh":50,"source":"OSM","active":true,"direction_deg":null}},{"type":"Feature","geometry":{"type":"Point","coordinates":[-51.199798,-29.971214]},"properties":{"kind":"FIXED","limit_kmh":80,"source":"OSM","active":true,"direction_deg":null}},{"type":"Feature","geometry":{"type":"Point","coordinates":[-51.182547,-29.971204]},"properties":{"kind":"FIXED","limit_kmh":100,"source":"OSM","active":true,"direction_deg":null}},{"type":"Feature","geometry":{"type":"Point","coordinates":[-51.182885,-29.971188]},"properties":{"kind":"FIXED","limit_kmh":100,"source":"ANTT","active":true,"direction_deg":105}},{"type":"Feature","geometry":{"type":"Point","coordinates":[-51.167917,-29.968781]},"properties":{"kind":"FIXED","limit_kmh":100,"source":"ANTT+OSM","active":true,"direction_deg":257}},{"type":"Feature","geometry":{"type":"Point","coordinates":[-51.12317,-29.968025]},"properties":{"kind":"FIXED","limit_kmh":110,"source":"OSM","active":true,"direction_deg":null}},{"type":"Feature","geometry":{"type":"Point","coordinates":[-51.123116,-29.96783]},"properties":{"kind":"FIXED","limit_kmh":110,"source":"OSM","active":true,"direction_deg":null}},{"type":"Feature","geometry":{"type":"Point","coordinates":[-50.231914,-29.959741]},"properties":{"kind":"FIXED","limit_kmh":null,"source":"OSM","active":true,"direction_deg":null}},{"type":"Feature","geometry":{"type":"Point","coordinates":[-51.109358,-29.957765]},"properties":{"kind":"FIXED","limit_kmh":60,"source":"OSM","active":true,"direction_deg":null}},{"type":"Feature","geometry":{"type":"Point","coordinates":[-51.108922,-29.957048]},"properties":{"kind":"FIXED","limit_kmh":60,"source":"OSM","active":true,"direction_deg":null}},{"type":"Feature","geometry":{"type":"Point","coordinates":[-52.371847,-29.955153]},"properties":{"kind":"FIXED","limit_kmh":null,"source":"DNIT","active":false,"direction_deg":145}},{"type":"Feature","geometry":{"type":"Point","coordinates":[-51.105838,-29.955022]},"properties":{"kind":"FIXED","limit_kmh":60,"source":"OSM","active":true,"direction_deg":null}},{"type":"Feature","geometry":{"type":"Point","coordinates":[-51.094403,-29.9537]},"properties":{"kind":"FIXED","limit_kmh":40,"source":"INMETRO","active":true,"direction_deg":null}},{"type":"Feature","geometry":{"type":"Point","coordinates":[-51.103457,-29.953478]},"properties":{"kind":"FIXED","limit_kmh":60,"source":"OSM","active":true,"direction_deg":null}},{"type":"Feature","geometry":{"type":"Point","coordinates":[-51.102107,-29.952392]},"properties":{"kind":"FIXED","limit_kmh":60,"source":"OSM","active":true,"direction_deg":null}},{"type":"Feature","geometry":{"type":"Point","coordinates":[-51.102224,-29.952294]},"properties":{"kind":"FIXED","limit_kmh":null,"source":"OSM","active":true,"direction_deg":null}},{"type":"Feature","geometry":{"type":"Point","coordinates":[-50.96552,-29.951409]},"properties":{"kind":"FIXED","limit_kmh":110,"source":"ANTT+OSM","active":true,"direction_deg":250}},{"type":"Feature","geometry":{"type":"Point","coordinates":[-50.96554,-29.951371]},"properties":{"kind":"FIXED","limit_kmh":110,"source":"ANTT+OSM","active":true,"direction_deg":250}},{"type":"Feature","geometry":{"type":"Point","coordinates":[-50.99862,-29.949981]},"properties":{"kind":"FIXED","limit_kmh":60,"source":"INMETRO","active":true,"direction_deg":null}},{"type":"Feature","geometry":{"type":"Point","coordinates":[-50.997813,-29.949874]},"properties":{"kind":"FIXED","limit_kmh":60,"source":"INMETRO","active":true,"direction_deg":null}},{"type":"Feature","geometry":{"type":"Point","coordinates":[-51.088633,-29.943271]},"properties":{"kind":"FIXED","limit_kmh":60,"source":"OSM","active":true,"direction_deg":null}},{"type":"Feature","geometry":{"type":"Point","coordinates":[-51.088722,-29.943087]},"properties":{"kind":"FIXED","limit_kmh":60,"source":"OSM","active":true,"direction_deg":null}},{"type":"Feature","geometry":{"type":"Point","coordinates":[-51.08627,-29.940279]},"properties":{"kind":"FIXED","limit_kmh":60,"source":"OSM","active":true,"direction_deg":null}},{"type":"Feature","geometry":{"type":"Point","coordinates":[-51.086332,-29.940147]},"properties":{"kind":"FIXED","limit_kmh":60,"source":"INMETRO+OSM","active":true,"direction_deg":null}},{"type":"Feature","geometry":{"type":"Point","coordinates":[-51.020517,-29.936991]},"properties":{"kind":"FIXED","limit_kmh":60,"source":"INMETRO","active":true,"direction_deg":null}},{"type":"Feature","geometry":{"type":"Point","coordinates":[-51.017408,-29.936586]},"properties":{"kind":"FIXED","limit_kmh":60,"source":"INMETRO","active":true,"direction_deg":null}},{"type":"Feature","geometry":{"type":"Point","coordinates":[-51.079371,-29.93505]},"properties":{"kind":"FIXED","limit_kmh":60,"source":"OSM","active":true,"direction_deg":null}},{"type":"Feature","geometry":{"type":"Point","coordinates":[-51.079496,-29.934982]},"properties":{"kind":"FIXED","limit_kmh":60,"source":"OSM","active":true,"direction_deg":null}},{"type":"Feature","geometry":{"type":"Point","coordinates":[-51.043861,-29.934864]},"properties":{"kind":"FIXED","limit_kmh":60,"source":"INMETRO","active":true,"direction_deg":null}},{"type":"Feature","geometry":{"type":"Point","coordinates":[-51.045007,-29.934622]},"properties":{"kind":"FIXED","limit_kmh":60,"source":"INMETRO","active":true,"direction_deg":null}},{"type":"Feature","geometry":{"type":"Point","coordinates":[-51.065841,-29.932437]},"properties":{"kind":"FIXED","limit_kmh":60,"source":"INMETRO","active":true,"direction_deg":null}},{"type":"Feature","geometry":{"type":"Point","coordinates":[-51.064034,-29.932243]},"properties":{"kind":"FIXED","limit_kmh":60,"source":"INMETRO","active":true,"direction_deg":null}},{"type":"Feature","geometry":{"type":"Point","coordinates":[-51.10176,-29.928305]},"properties":{"kind":"FIXED","limit_kmh":40,"source":"OSM","active":true,"direction_deg":null}},{"type":"Feature","geometry":{"type":"Point","coordinates":[-50.263674,-29.927023]},"properties":{"kind":"FIXED","limit_kmh":80,"source":"OSM","active":true,"direction_deg":null}},{"type":"Feature","geometry":{"type":"Point","coordinates":[-53.723551,-29.922253]},"properties":{"kind":"FIXED","limit_kmh":60,"source":"OSM","active":true,"direction_deg":null}},{"type":"Feature","geometry":{"type":"Point","coordinates":[-51.050177,-29.921211]},"properties":{"kind":"FIXED","limit_kmh":60,"source":"INMETRO","active":true,"direction_deg":null}},{"type":"Feature","geometry":{"type":"Point","coordinates":[-51.101598,-29.920483]},"properties":{"kind":"FIXED","limit_kmh":60,"source":"OSM","active":true,"direction_deg":null}},{"type":"Feature","geometry":{"type":"Point","coordinates":[-51.101688,-29.920453]},"properties":{"kind":"FIXED","limit_kmh":60,"source":"OSM","active":true,"direction_deg":null}},{"type":"Feature","geometry":{"type":"Point","coordinates":[-51.100737,-29.919241]},"properties":{"kind":"FIXED","limit_kmh":60,"source":"OSM","active":true,"direction_deg":null}},{"type":"Feature","geometry":{"type":"Point","coordinates":[-51.096188,-29.906787]},"properties":{"kind":"FIXED","limit_kmh":40,"source":"OSM","active":true,"direction_deg":null}},{"type":"Feature","geometry":{"type":"Point","coordinates":[-51.095854,-29.905701]},"properties":{"kind":"FIXED","limit_kmh":40,"source":"OSM","active":true,"direction_deg":null}},{"type":"Feature","geometry":{"type":"Point","coordinates":[-50.296178,-29.895439]},"properties":{"kind":"FIXED","limit_kmh":50,"source":"OSM","active":true,"direction_deg":null}},{"type":"Feature","geometry":{"type":"Point","coordinates":[-50.28521,-29.894525]},"properties":{"kind":"FIXED","limit_kmh":100,"source":"OSM","active":true,"direction_deg":null}},{"type":"Feature","geometry":{"type":"Point","coordinates":[-51.091105,-29.892769]},"properties":{"kind":"FIXED","limit_kmh":40,"source":"OSM","active":true,"direction_deg":null}},{"type":"Feature","geometry":{"type":"Point","coordinates":[-51.090773,-29.892236]},"properties":{"kind":"FIXED","limit_kmh":40,"source":"OSM","active":true,"direction_deg":null}},{"type":"Feature","geometry":{"type":"Point","coordinates":[-50.375507,-29.891704]},"properties":{"kind":"FIXED","limit_kmh":110,"source":"OSM","active":true,"direction_deg":null}},{"type":"Feature","geometry":{"type":"Point","coordinates":[-50.374095,-29.891572]},"properties":{"kind":"FIXED","limit_kmh":110,"source":"ANTT","active":true,"direction_deg":266}},{"type":"Feature","geometry":{"type":"Point","coordinates":[-50.3741,-29.891524]},"properties":{"kind":"FIXED","limit_kmh":110,"source":"ANTT","active":true,"direction_deg":266}},{"type":"Feature","geometry":{"type":"Point","coordinates":[-50.375509,-29.891512]},"properties":{"kind":"FIXED","limit_kmh":110,"source":"OSM","active":true,"direction_deg":null}},{"type":"Feature","geometry":{"type":"Point","coordinates":[-52.39291,-29.89029]},"properties":{"kind":"FIXED","limit_kmh":50,"source":"DNIT+OSM","active":false,"direction_deg":356}},{"type":"Feature","geometry":{"type":"Point","coordinates":[-51.21215,-29.889403]},"properties":{"kind":"FIXED","limit_kmh":100,"source":"ANTT+OSM","active":true,"direction_deg":103}},{"type":"Feature","geometry":{"type":"Point","coordinates":[-52.39315,-29.8886]},"properties":{"kind":"FIXED","limit_kmh":50,"source":"DNIT+OSM","active":false,"direction_deg":183}},{"type":"Feature","geometry":{"type":"Point","coordinates":[-51.238764,-29.886053]},"properties":{"kind":"FIXED","limit_kmh":100,"source":"OSM","active":true,"direction_deg":null}},{"type":"Feature","geometry":{"type":"Point","coordinates":[-50.202579,-29.885717]},"properties":{"kind":"FIXED","limit_kmh":null,"source":"OSM","active":true,"direction_deg":null}},{"type":"Feature","geometry":{"type":"Point","coordinates":[-50.565837,-29.884135]},"properties":{"kind":"FIXED","limit_kmh":110,"source":"OSM","active":true,"direction_deg":null}},{"type":"Feature","geometry":{"type":"Point","coordinates":[-50.565498,-29.884067]},"properties":{"kind":"FIXED","limit_kmh":110,"source":"ANTT","active":true,"direction_deg":266}},{"type":"Feature","geometry":{"type":"Point","coordinates":[-50.565478,-29.884016]},"properties":{"kind":"FIXED","limit_kmh":110,"source":"ANTT","active":true,"direction_deg":266}},{"type":"Feature","geometry":{"type":"Point","coordinates":[-50.565888,-29.883924]},"properties":{"kind":"FIXED","limit_kmh":110,"source":"OSM","active":true,"direction_deg":null}},{"type":"Feature","geometry":{"type":"Point","coordinates":[-50.264226,-29.881572]},"properties":{"kind":"FIXED","limit_kmh":80,"source":"OSM","active":true,"direction_deg":null}},{"type":"Feature","geometry":{"type":"Point","coordinates":[-50.261474,-29.879931]},"properties":{"kind":"FIXED","limit_kmh":80,"source":"OSM","active":true,"direction_deg":null}},{"type":"Feature","geometry":{"type":"Point","coordinates":[-50.261308,-29.879663]},"properties":{"kind":"FIXED","limit_kmh":80,"source":"ANTT","active":true,"direction_deg":228}},{"type":"Feature","geometry":{"type":"Point","coordinates":[-50.261606,-29.879509]},"properties":{"kind":"FIXED","limit_kmh":80,"source":"OSM","active":true,"direction_deg":null}},{"type":"Feature","geometry":{"type":"Point","coordinates":[-50.78664,-29.879334]},"properties":{"kind":"FIXED","limit_kmh":50,"source":"OSM","active":true,"direction_deg":null}},{"type":"Feature","geometry":{"type":"Point","coordinates":[-50.140486,-29.872576]},"properties":{"kind":"FIXED","limit_kmh":null,"source":"OSM","active":true,"direction_deg":null}},{"type":"Feature","geometry":{"type":"Point","coordinates":[-50.135458,-29.871811]},"properties":{"kind":"FIXED","limit_kmh":80,"source":"OSM","active":true,"direction_deg":null}},{"type":"Feature","geometry":{"type":"Point","coordinates":[-50.917178,-29.848821]},"properties":{"kind":"FIXED","limit_kmh":null,"source":"OSM","active":true,"direction_deg":null}},{"type":"Feature","geometry":{"type":"Point","coordinates":[-51.138415,-29.847176]},"properties":{"kind":"FIXED","limit_kmh":60,"source":"OSM","active":true,"direction_deg":null}},{"type":"Feature","geometry":{"type":"Point","coordinates":[-51.276471,-29.846361]},"properties":{"kind":"FIXED","limit_kmh":60,"source":"ANTT","active":true,"direction_deg":108}},{"type":"Feature","geometry":{"type":"Point","coordinates":[-51.203835,-29.846137]},"properties":{"kind":"FIXED","limit_kmh":100,"source":"ANTT+OSM","active":true,"direction_deg":260}},{"type":"Feature","geometry":{"type":"Point","coordinates":[-51.203898,-29.845924]},"properties":{"kind":"FIXED","limit_kmh":100,"source":"ANTT+OSM","active":true,"direction_deg":260}},{"type":"Feature","geometry":{"type":"Point","coordinates":[-51.278258,-29.845862]},"properties":{"kind":"FIXED","limit_kmh":60,"source":"OSM","active":true,"direction_deg":null}},{"type":"Feature","geometry":{"type":"Point","coordinates":[-51.278161,-29.845584]},"properties":{"kind":"FIXED","limit_kmh":60,"source":"OSM","active":true,"direction_deg":null}},{"type":"Feature","geometry":{"type":"Point","coordinates":[-51.337095,-29.825472]},"properties":{"kind":"FIXED","limit_kmh":80,"source":"OSM","active":true,"direction_deg":null}},{"type":"Feature","geometry":{"type":"Point","coordinates":[-51.337852,-29.82537]},"properties":{"kind":"FIXED","limit_kmh":80,"source":"OSM","active":true,"direction_deg":null}},{"type":"Feature","geometry":{"type":"Point","coordinates":[-51.469995,-29.818139]},"properties":{"kind":"FIXED","limit_kmh":100,"source":"OSM","active":true,"direction_deg":null}},{"type":"Feature","geometry":{"type":"Point","coordinates":[-51.470924,-29.818095]},"properties":{"kind":"FIXED","limit_kmh":100,"source":"ANTT","active":true,"direction_deg":280}},{"type":"Feature","geometry":{"type":"Point","coordinates":[-51.470985,-29.81798]},"properties":{"kind":"FIXED","limit_kmh":100,"source":"ANTT","active":true,"direction_deg":280}},{"type":"Feature","geometry":{"type":"Point","coordinates":[-55.766695,-29.798438]},"properties":{"kind":"FIXED","limit_kmh":50,"source":"INMETRO","active":true,"direction_deg":null}},{"type":"Feature","geometry":{"type":"Point","coordinates":[-51.154321,-29.792236]},"properties":{"kind":"FIXED","limit_kmh":50,"source":"INMETRO","active":true,"direction_deg":null}},{"type":"Feature","geometry":{"type":"Point","coordinates":[-55.766808,-29.790407]},"properties":{"kind":"FIXED","limit_kmh":50,"source":"INMETRO","active":true,"direction_deg":null}},{"type":"Feature","geometry":{"type":"Point","coordinates":[-55.767345,-29.788792]},"properties":{"kind":"FIXED","limit_kmh":50,"source":"INMETRO","active":true,"direction_deg":null}},{"type":"Feature","geometry":{"type":"Point","coordinates":[-51.146595,-29.783397]},"properties":{"kind":"FIXED","limit_kmh":50,"source":"INMETRO","active":true,"direction_deg":null}},{"type":"Feature","geometry":{"type":"Point","coordinates":[-51.552887,-29.780227]},"properties":{"kind":"FIXED","limit_kmh":100,"source":"ANTT","active":true,"direction_deg":292}},{"type":"Feature","geometry":{"type":"Point","coordinates":[-51.553414,-29.780033]},"properties":{"kind":"FIXED","limit_kmh":100,"source":"OSM","active":true,"direction_deg":null}},{"type":"Feature","geometry":{"type":"Point","coordinates":[-57.06129,-29.7784]},"properties":{"kind":"FIXED","limit_kmh":50,"source":"DNIT","active":true,"direction_deg":null}},{"type":"Feature","geometry":{"type":"Point","coordinates":[-51.129494,-29.775444]},"properties":{"kind":"FIXED","limit_kmh":40,"source":"INMETRO","active":true,"direction_deg":null}},{"type":"Feature","geometry":{"type":"Point","coordinates":[-51.148617,-29.771904]},"properties":{"kind":"FIXED","limit_kmh":50,"source":"INMETRO","active":true,"direction_deg":null}},{"type":"Feature","geometry":{"type":"Point","coordinates":[-51.116899,-29.765945]},"properties":{"kind":"FIXED","limit_kmh":50,"source":"INMETRO","active":true,"direction_deg":null}},{"type":"Feature","geometry":{"type":"Point","coordinates":[-57.0476,-29.7639]},"properties":{"kind":"FIXED","limit_kmh":40,"source":"DNIT","active":true,"direction_deg":95}},{"type":"Feature","geometry":{"type":"Point","coordinates":[-53.785357,-29.763734]},"properties":{"kind":"SECTION","limit_kmh":50,"source":"DNIT+OSM","active":true,"end":[-53.785539,-29.763481],"direction_deg":null}},{"type":"Feature","geometry":{"type":"Point","coordinates":[-57.047733,-29.763717]},"properties":{"kind":"FIXED","limit_kmh":40,"source":"DNIT","active":true,"direction_deg":275}},{"type":"Feature","geometry":{"type":"Point","coordinates":[-57.055821,-29.762836]},"properties":{"kind":"FIXED","limit_kmh":null,"source":"DNIT","active":true,"direction_deg":297}},{"type":"Feature","geometry":{"type":"Point","coordinates":[-53.786006,-29.762745]},"properties":{"kind":"SECTION","limit_kmh":50,"source":"OSM","active":true,"end":[-53.785922,-29.762877],"direction_deg":null}},{"type":"Feature","geometry":{"type":"Point","coordinates":[-53.786158,-29.762657]},"properties":{"kind":"FIXED","limit_kmh":null,"source":"OSM","active":true,"direction_deg":null}},{"type":"Feature","geometry":{"type":"Point","coordinates":[-50.217902,-29.762474]},"properties":{"kind":"FIXED","limit_kmh":100,"source":"OSM","active":true,"direction_deg":null}},{"type":"Feature","geometry":{"type":"Point","coordinates":[-50.218072,-29.762398]},"properties":{"kind":"FIXED","limit_kmh":100,"source":"OSM","active":true,"direction_deg":null}},{"type":"Feature","geometry":{"type":"Point","coordinates":[-50.217864,-29.761297]},"properties":{"kind":"FIXED","limit_kmh":100,"source":"ANTT","active":true,"direction_deg":189}},{"type":"Feature","geometry":{"type":"Point","coordinates":[-53.977787,-29.757946]},"properties":{"kind":"FIXED","limit_kmh":null,"source":"OSM","active":true,"direction_deg":null}},{"type":"Feature","geometry":{"type":"Point","coordinates":[-57.076267,-29.7481]},"properties":{"kind":"FIXED","limit_kmh":null,"source":"DNIT","active":false,"direction_deg":276}},{"type":"Feature","geometry":{"type":"Point","coordinates":[-53.367019,-29.746404]},"properties":{"kind":"FIXED","limit_kmh":30,"source":"OSM","active":true,"direction_deg":null}},{"type":"Feature","geometry":{"type":"Point","coordinates":[-53.367134,-29.746134]},"properties":{"kind":"FIXED","limit_kmh":30,"source":"OSM","active":true,"direction_deg":null}},{"type":"Feature","geometry":{"type":"Point","coordinates":[-52.946745,-29.732246]},"properties":{"kind":"FIXED","limit_kmh":50,"source":"OSM","active":true,"direction_deg":null}},{"type":"Feature","geometry":{"type":"Point","coordinates":[-53.80197,-29.72963]},"properties":{"kind":"FIXED","limit_kmh":null,"source":"DNIT","active":true,"direction_deg":null}},{"type":"Feature","geometry":{"type":"Point","coordinates":[-51.161383,-29.72679]},"properties":{"kind":"FIXED","limit_kmh":60,"source":"OSM","active":true,"direction_deg":null}},{"type":"Feature","geometry":{"type":"Point","coordinates":[-51.16082,-29.726663]},"properties":{"kind":"FIXED","limit_kmh":60,"source":"OSM","active":true,"direction_deg":null}},{"type":"Feature","geometry":{"type":"Point","coordinates":[-51.168221,-29.72413]},"properties":{"kind":"FIXED","limit_kmh":80,"source":"OSM","active":true,"direction_deg":null}},{"type":"Feature","geometry":{"type":"Point","coordinates":[-51.168432,-29.724074]},"properties":{"kind":"FIXED","limit_kmh":80,"source":"OSM","active":true,"direction_deg":null}},{"type":"Feature","geometry":{"type":"Point","coordinates":[-51.490811,-29.721645]},"properties":{"kind":"FIXED","limit_kmh":50,"source":"OSM","active":true,"direction_deg":null}},{"type":"Feature","geometry":{"type":"Point","coordinates":[-51.491697,-29.721262]},"properties":{"kind":"FIXED","limit_kmh":50,"source":"OSM","active":true,"direction_deg":null}},{"type":"Feature","geometry":{"type":"Point","coordinates":[-53.808043,-29.719711]},"properties":{"kind":"SECTION","limit_kmh":50,"source":"DNIT+OSM","active":true,"end":[-53.807878,-29.719832],"direction_deg":null}},{"type":"Feature","geometry":{"type":"Point","coordinates":[-53.8081,-29.71917]},"properties":{"kind":"FIXED","limit_kmh":null,"source":"DNIT","active":true,"direction_deg":null}},{"type":"Feature","geometry":{"type":"Point","coordinates":[-52.508326,-29.717053]},"properties":{"kind":"FIXED","limit_kmh":40,"source":"INMETRO","active":true,"direction_deg":null}},{"type":"Feature","geometry":{"type":"Point","coordinates":[-52.507375,-29.716922]},"properties":{"kind":"FIXED","limit_kmh":40,"source":"INMETRO","active":true,"direction_deg":null}},{"type":"Feature","geometry":{"type":"Point","coordinates":[-53.81941,-29.71136]},"properties":{"kind":"FIXED","limit_kmh":null,"source":"DNIT","active":true,"direction_deg":null}},{"type":"Feature","geometry":{"type":"Point","coordinates":[-53.812171,-29.710394]},"properties":{"kind":"SECTION","limit_kmh":50,"source":"OSM","active":true,"end":[-53.812271,-29.710142],"direction_deg":null}},{"type":"Feature","geometry":{"type":"Point","coordinates":[-53.86676,-29.70824]},"properties":{"kind":"FIXED","limit_kmh":null,"source":"DNIT","active":false,"direction_deg":276}},{"type":"Feature","geometry":{"type":"Point","coordinates":[-53.86721,-29.708237]},"properties":{"kind":"SECTION","limit_kmh":50,"source":"OSM","active":true,"end":[-53.867258,-29.708233],"direction_deg":null}},{"type":"Feature","geometry":{"type":"Point","coordinates":[-53.813382,-29.708224]},"properties":{"kind":"SECTION","limit_kmh":50,"source":"INMETRO+OSM","active":true,"end":[-53.813363,-29.708262],"direction_deg":null}},{"type":"Feature","geometry":{"type":"Point","coordinates":[-53.86998,-29.70802]},"properties":{"kind":"SECTION","limit_kmh":50,"source":"DNIT+OSM","active":true,"end":[-53.869865,-29.707988],"direction_deg":96}},{"type":"Feature","geometry":{"type":"Point","coordinates":[-53.87258,-29.7077]},"properties":{"kind":"FIXED","limit_kmh":null,"source":"DNIT","active":false,"direction_deg":276}},{"type":"Feature","geometry":{"type":"Point","coordinates":[-53.852162,-29.707508]},"properties":{"kind":"FIXED","limit_kmh":null,"source":"DNIT","active":false,"direction_deg":70}},{"type":"Feature","geometry":{"type":"Point","coordinates":[-53.797743,-29.705985]},"properties":{"kind":"FIXED","limit_kmh":null,"source":"OSM","active":false,"direction_deg":null}},{"type":"Feature","geometry":{"type":"Point","coordinates":[-53.797749,-29.705879]},"properties":{"kind":"SECTION","limit_kmh":50,"source":"OSM","active":true,"end":[-53.797558,-29.705724],"direction_deg":null}},{"type":"Feature","geometry":{"type":"Point","coordinates":[-53.79749,-29.70547]},"properties":{"kind":"SECTION","limit_kmh":50,"source":"DNIT+OSM","active":true,"end":[-53.797729,-29.70571],"direction_deg":null}},{"type":"Feature","geometry":{"type":"Point","coordinates":[-51.194029,-29.704348]},"properties":{"kind":"FIXED","limit_kmh":80,"source":"OSM","active":true,"direction_deg":null}},{"type":"Feature","geometry":{"type":"Point","coordinates":[-51.864469,-29.704123]},"properties":{"kind":"FIXED","limit_kmh":80,"source":"OSM","active":true,"direction_deg":null}},{"type":"Feature","geometry":{"type":"Point","coordinates":[-51.204454,-29.703514]},"properties":{"kind":"FIXED","limit_kmh":60,"source":"OSM","active":true,"direction_deg":null}},{"type":"Feature","geometry":{"type":"Point","coordinates":[-53.84324,-29.70351]},"properties":{"kind":"SECTION","limit_kmh":60,"source":"DNIT+OSM","active":true,"end":[-53.843116,-29.703215],"direction_deg":45}},{"type":"Feature","geometry":{"type":"Point","coordinates":[-53.842317,-29.702217]},"properties":{"kind":"SECTION","limit_kmh":60,"source":"DNIT+OSM","active":true,"end":[-53.842493,-29.702343],"direction_deg":216}},{"type":"Feature","geometry":{"type":"Point","coordinates":[-53.716846,-29.702006]},"properties":{"kind":"SECTION","limit_kmh":50,"source":"OSM","active":true,"end":[-53.716919,-29.701987],"direction_deg":null}},{"type":"Feature","geometry":{"type":"Point","coordinates":[-51.209491,-29.7017]},"properties":{"kind":"FIXED","limit_kmh":60,"source":"OSM","active":true,"direction_deg":null}},{"type":"Feature","geometry":{"type":"Point","coordinates":[-53.719505,-29.701556]},"properties":{"kind":"SECTION","limit_kmh":50,"source":"OSM","active":true,"end":[-53.719432,-29.701563],"direction_deg":null}},{"type":"Feature","geometry":{"type":"Point","coordinates":[-52.533252,-29.700988]},"properties":{"kind":"FIXED","limit_kmh":80,"source":"OSM","active":true,"direction_deg":null}},{"type":"Feature","geometry":{"type":"Point","coordinates":[-53.83212,-29.700579]},"properties":{"kind":"SECTION","limit_kmh":50,"source":"OSM","active":true,"end":[-53.832098,-29.700581],"direction_deg":null}},{"type":"Feature","geometry":{"type":"Point","coordinates":[-53.831721,-29.700506]},"properties":{"kind":"SECTION","limit_kmh":50,"source":"OSM","active":true,"end":[-53.831742,-29.700505],"direction_deg":null}},{"type":"Feature","geometry":{"type":"Point","coordinates":[-53.812027,-29.700427]},"properties":{"kind":"SECTION","limit_kmh":50,"source":"INMETRO+OSM","active":true,"end":[-53.812125,-29.700514],"direction_deg":null}},{"type":"Feature","geometry":{"type":"Point","coordinates":[-53.73214,-29.698245]},"properties":{"kind":"SECTION","limit_kmh":50,"source":"OSM","active":true,"end":[-53.732394,-29.698122],"direction_deg":null}},{"type":"Feature","geometry":{"type":"Point","coordinates":[-51.221083,-29.69778]},"properties":{"kind":"FIXED","limit_kmh":60,"source":"OSM","active":true,"direction_deg":null}},{"type":"Feature","geometry":{"type":"Point","coordinates":[-51.22163,-29.697693]},"properties":{"kind":"FIXED","limit_kmh":60,"source":"OSM","active":true,"direction_deg":null}},{"type":"Feature","geometry":{"type":"Point","coordinates":[-53.81913,-29.697658]},"properties":{"kind":"SECTION","limit_kmh":50,"source":"INMETRO+OSM","active":true,"end":[-53.819069,-29.697628],"direction_deg":null}},{"type":"Feature","geometry":{"type":"Point","coordinates":[-53.734232,-29.697366]},"properties":{"kind":"SECTION","limit_kmh":50,"source":"OSM","active":true,"end":[-53.734169,-29.697392],"direction_deg":null}},{"type":"Feature","geometry":{"type":"Point","coordinates":[-53.818703,-29.697335]},"properties":{"kind":"SECTION","limit_kmh":50,"source":"OSM","active":true,"end":[-53.818819,-29.697391],"direction_deg":null}},{"type":"Feature","geometry":{"type":"Point","coordinates":[-53.808929,-29.697125]},"properties":{"kind":"SECTION","limit_kmh":50,"source":"INMETRO+OSM","active":true,"end":[-53.809047,-29.69718],"direction_deg":null}},{"type":"Feature","geometry":{"type":"Point","coordinates":[-51.690388,-29.696986]},"properties":{"kind":"FIXED","limit_kmh":60,"source":"OSM","active":true,"direction_deg":null}},{"type":"Feature","geometry":{"type":"Point","coordinates":[-53.84979,-29.69622]},"properties":{"kind":"FIXED","limit_kmh":null,"source":"DNIT","active":true,"direction_deg":281}},{"type":"Feature","geometry":{"type":"Point","coordinates":[-51.693235,-29.695129]},"properties":{"kind":"FIXED","limit_kmh":60,"source":"ANTT","active":true,"direction_deg":122}},{"type":"Feature","geometry":{"type":"Point","coordinates":[-53.85696,-29.69508]},"properties":{"kind":"FIXED","limit_kmh":null,"source":"DNIT","active":true,"direction_deg":null}},{"type":"Feature","geometry":{"type":"Point","coordinates":[-51.693492,-29.694814]},"properties":{"kind":"FIXED","limit_kmh":60,"source":"OSM","active":true,"direction_deg":null}},{"type":"Feature","geometry":{"type":"Point","coordinates":[-51.693428,-29.694702]},"properties":{"kind":"FIXED","limit_kmh":60,"source":"OSM","active":true,"direction_deg":null}},{"type":"Feature","geometry":{"type":"Point","coordinates":[-51.693853,-29.694665]},"properties":{"kind":"FIXED","limit_kmh":60,"source":"OSM","active":true,"direction_deg":null}},{"type":"Feature","geometry":{"type":"Point","coordinates":[-52.369733,-29.694303]},"properties":{"kind":"FIXED","limit_kmh":60,"source":"OSM","active":true,"direction_deg":null}},{"type":"Feature","geometry":{"type":"Point","coordinates":[-53.781136,-29.693861]},"properties":{"kind":"SECTION","limit_kmh":50,"source":"OSM","active":true,"end":[-53.781182,-29.693846],"direction_deg":null}},{"type":"Feature","geometry":{"type":"Point","coordinates":[-53.782719,-29.693461]},"properties":{"kind":"SECTION","limit_kmh":50,"source":"OSM","active":true,"end":[-53.782654,-29.693481],"direction_deg":null}},{"type":"Feature","geometry":{"type":"Point","coordinates":[-51.133665,-29.692347]},"properties":{"kind":"FIXED","limit_kmh":50,"source":"INMETRO","active":true,"direction_deg":null}},{"type":"Feature","geometry":{"type":"Point","coordinates":[-53.802367,-29.69178]},"properties":{"kind":"SECTION","limit_kmh":40,"source":"OSM","active":true,"end":[-53.802315,-29.691835],"direction_deg":null}},{"type":"Feature","geometry":{"type":"Point","coordinates":[-52.383325,-29.691726]},"properties":{"kind":"FIXED","limit_kmh":60,"source":"OSM","active":true,"direction_deg":null}},{"type":"Feature","geometry":{"type":"Point","coordinates":[-52.398054,-29.691304]},"properties":{"kind":"FIXED","limit_kmh":60,"source":"OSM","active":true,"direction_deg":null}},{"type":"Feature","geometry":{"type":"Point","coordinates":[-53.800654,-29.690524]},"properties":{"kind":"SECTION","limit_kmh":50,"source":"OSM","active":true,"end":[-53.800574,-29.690463],"direction_deg":null}},{"type":"Feature","geometry":{"type":"Point","coordinates":[-53.800432,-29.690302]},"properties":{"kind":"FIXED","limit_kmh":50,"source":"OSM","active":true,"direction_deg":null}},{"type":"Feature","geometry":{"type":"Point","coordinates":[-53.800282,-29.690143]},"properties":{"kind":"SECTION","limit_kmh":50,"source":"OSM","active":true,"end":[-53.800393,-29.690227],"direction_deg":null}},{"type":"Feature","geometry":{"type":"Point","coordinates":[-51.733285,-29.68947]},"properties":{"kind":"FIXED","limit_kmh":50,"source":"OSM","active":true,"direction_deg":null}},{"type":"Feature","geometry":{"type":"Point","coordinates":[-51.734576,-29.689356]},"properties":{"kind":"FIXED","limit_kmh":50,"source":"OSM","active":true,"direction_deg":null}},{"type":"Feature","geometry":{"type":"Point","coordinates":[-51.234583,-29.689324]},"properties":{"kind":"FIXED","limit_kmh":60,"source":"OSM","active":true,"direction_deg":null}},{"type":"Feature","geometry":{"type":"Point","coordinates":[-51.235012,-29.689061]},"properties":{"kind":"FIXED","limit_kmh":60,"source":"OSM","active":true,"direction_deg":null}},{"type":"Feature","geometry":{"type":"Point","coordinates":[-51.476001,-29.686175]},"properties":{"kind":"FIXED","limit_kmh":50,"source":"OSM","active":true,"direction_deg":null}},{"type":"Feature","geometry":{"type":"Point","coordinates":[-54.66152,-29.685009]},"properties":{"kind":"FIXED","limit_kmh":60,"source":"OSM","active":false,"direction_deg":null}},{"type":"Feature","geometry":{"type":"Point","coordinates":[-54.660296,-29.684878]},"properties":{"kind":"FIXED","limit_kmh":60,"source":"OSM","active":false,"direction_deg":null}},{"type":"Feature","geometry":{"type":"Point","coordinates":[-51.135021,-29.683331]},"properties":{"kind":"FIXED","limit_kmh":50,"source":"INMETRO+OSM","active":true,"direction_deg":null}},{"type":"Feature","geometry":{"type":"Point","coordinates":[-53.808175,-29.68225]},"properties":{"kind":"SECTION","limit_kmh":50,"source":"INMETRO+OSM","active":true,"end":[-53.808197,-29.682169],"direction_deg":null}},{"type":"Feature","geometry":{"type":"Point","coordinates":[-53.808542,-29.681907]},"properties":{"kind":"SECTION","limit_kmh":50,"source":"OSM","active":true,"end":[-53.808536,-29.681976],"direction_deg":null}},{"type":"Feature","geometry":{"type":"Point","coordinates":[-52.794009,-29.68119]},"properties":{"kind":"FIXED","limit_kmh":60,"source":"OSM","active":true,"direction_deg":null}},{"type":"Feature","geometry":{"type":"Point","coordinates":[-52.792281,-29.68116]},"properties":{"kind":"FIXED","limit_kmh":60,"source":"OSM","active":true,"direction_deg":null}},{"type":"Feature","geometry":{"type":"Point","coordinates":[-51.087409,-29.675919]},"properties":{"kind":"FIXED","limit_kmh":60,"source":"INMETRO","active":true,"direction_deg":null}},{"type":"Feature","geometry":{"type":"Point","coordinates":[-53.969451,-29.674996]},"properties":{"kind":"FIXED","limit_kmh":null,"source":"OSM","active":true,"direction_deg":null}},{"type":"Feature","geometry":{"type":"Point","coordinates":[-51.250272,-29.673982]},"properties":{"kind":"FIXED","limit_kmh":null,"source":"OSM","active":true,"direction_deg":null}},{"type":"Feature","geometry":{"type":"Point","coordinates":[-51.250172,-29.673943]},"properties":{"kind":"FIXED","limit_kmh":80,"source":"OSM","active":true,"direction_deg":null}},{"type":"Feature","geometry":{"type":"Point","coordinates":[-51.250849,-29.672794]},"properties":{"kind":"FIXED","limit_kmh":80,"source":"OSM","active":true,"direction_deg":null}},{"type":"Feature","geometry":{"type":"Point","coordinates":[-51.400539,-29.672576]},"properties":{"kind":"FIXED","limit_kmh":80,"source":"OSM","active":true,"direction_deg":null}},{"type":"Feature","geometry":{"type":"Point","coordinates":[-51.251649,-29.67143]},"properties":{"kind":"FIXED","limit_kmh":80,"source":"OSM","active":true,"direction_deg":null}},{"type":"Feature","geometry":{"type":"Point","coordinates":[-51.39322,-29.669557]},"properties":{"kind":"FIXED","limit_kmh":80,"source":"OSM","active":true,"direction_deg":null}},{"type":"Feature","geometry":{"type":"Point","coordinates":[-51.267262,-29.669344]},"properties":{"kind":"FIXED","limit_kmh":80,"source":"OSM","active":true,"direction_deg":null}},{"type":"Feature","geometry":{"type":"Point","coordinates":[-50.749053,-29.666701]},"properties":{"kind":"FIXED","limit_kmh":null,"source":"OSM","active":true,"direction_deg":null}},{"type":"Feature","geometry":{"type":"Point","coordinates":[-51.312304,-29.666424]},"properties":{"kind":"FIXED","limit_kmh":50,"source":"OSM","active":true,"direction_deg":null}},{"type":"Feature","geometry":{"type":"Point","coordinates":[-51.313696,-29.665988]},"properties":{"kind":"FIXED","limit_kmh":50,"source":"OSM","active":true,"direction_deg":null}},{"type":"Feature","geometry":{"type":"Point","coordinates":[-50.133956,-29.663193]},"properties":{"kind":"FIXED","limit_kmh":100,"source":"OSM","active":true,"direction_deg":null}},{"type":"Feature","geometry":{"type":"Point","coordinates":[-50.134168,-29.663012]},"properties":{"kind":"FIXED","limit_kmh":100,"source":"OSM","active":true,"direction_deg":null}},{"type":"Feature","geometry":{"type":"Point","coordinates":[-50.133248,-29.662472]},"properties":{"kind":"FIXED","limit_kmh":100,"source":"ANTT","active":true,"direction_deg":237}},{"type":"Feature","geometry":{"type":"Point","coordinates":[-51.093716,-29.662407]},"properties":{"kind":"FIXED","limit_kmh":null,"source":"OSM","active":true,"direction_deg":null}},{"type":"Feature","geometry":{"type":"Point","coordinates":[-51.129627,-29.661224]},"properties":{"kind":"FIXED","limit_kmh":null,"source":"OSM","active":true,"direction_deg":null}},{"type":"Feature","geometry":{"type":"Point","coordinates":[-51.103362,-29.661219]},"properties":{"kind":"FIXED","limit_kmh":50,"source":"OSM","active":true,"direction_deg":null}},{"type":"Feature","geometry":{"type":"Point","coordinates":[-51.103333,-29.661111]},"properties":{"kind":"FIXED","limit_kmh":50,"source":"OSM","active":true,"direction_deg":null}},{"type":"Feature","geometry":{"type":"Point","coordinates":[-50.784072,-29.65959]},"properties":{"kind":"FIXED","limit_kmh":50,"source":"OSM","active":true,"direction_deg":null}},{"type":"Feature","geometry":{"type":"Point","coordinates":[-50.785631,-29.659079]},"properties":{"kind":"FIXED","limit_kmh":50,"source":"OSM","active":true,"direction_deg":null}},{"type":"Feature","geometry":{"type":"Point","coordinates":[-50.670279,-29.656937]},"properties":{"kind":"FIXED","limit_kmh":null,"source":"OSM","active":true,"direction_deg":null}},{"type":"Feature","geometry":{"type":"Point","coordinates":[-52.097334,-29.653299]},"properties":{"kind":"FIXED","limit_kmh":80,"source":"OSM","active":true,"direction_deg":null}},{"type":"Feature","geometry":{"type":"Point","coordinates":[-52.193947,-29.647514]},"properties":{"kind":"FIXED","limit_kmh":80,"source":"OSM","active":true,"direction_deg":null}},{"type":"Feature","geometry":{"type":"Point","coordinates":[-50.981571,-29.641239]},"properties":{"kind":"FIXED","limit_kmh":50,"source":"OSM","active":true,"direction_deg":null}},{"type":"Feature","geometry":{"type":"Point","coordinates":[-50.981249,-29.641049]},"properties":{"kind":"FIXED","limit_kmh":50,"source":"OSM","active":true,"direction_deg":null}},{"type":"Feature","geometry":{"type":"Point","coordinates":[-50.975603,-29.639844]},"properties":{"kind":"FIXED","limit_kmh":60,"source":"OSM","active":true,"direction_deg":null}},{"type":"Feature","geometry":{"type":"Point","coordinates":[-50.961925,-29.637852]},"properties":{"kind":"FIXED","limit_kmh":80,"source":"OSM","active":true,"direction_deg":null}},{"type":"Feature","geometry":{"type":"Point","coordinates":[-50.961946,-29.63773]},"properties":{"kind":"FIXED","limit_kmh":80,"source":"OSM","active":true,"direction_deg":null}},{"type":"Feature","geometry":{"type":"Point","coordinates":[-50.859512,-29.637335]},"properties":{"kind":"FIXED","limit_kmh":80,"source":"OSM","active":true,"direction_deg":null}},{"type":"Feature","geometry":{"type":"Point","coordinates":[-54.182094,-29.637243]},"properties":{"kind":"FIXED","limit_kmh":60,"source":"OSM","active":false,"direction_deg":null}},{"type":"Feature","geometry":{"type":"Point","coordinates":[-50.859445,-29.637239]},"properties":{"kind":"FIXED","limit_kmh":80,"source":"OSM","active":true,"direction_deg":null}},{"type":"Feature","geometry":{"type":"Point","coordinates":[-54.187503,-29.636159]},"properties":{"kind":"FIXED","limit_kmh":60,"source":"OSM","active":false,"direction_deg":null}},{"type":"Feature","geometry":{"type":"Point","coordinates":[-50.928701,-29.635246]},"properties":{"kind":"FIXED","limit_kmh":60,"source":"OSM","active":true,"direction_deg":null}},{"type":"Feature","geometry":{"type":"Point","coordinates":[-50.958945,-29.633479]},"properties":{"kind":"FIXED","limit_kmh":40,"source":"OSM","active":true,"direction_deg":null}},{"type":"Feature","geometry":{"type":"Point","coordinates":[-50.892602,-29.630647]},"properties":{"kind":"FIXED","limit_kmh":60,"source":"OSM","active":true,"direction_deg":null}},{"type":"Feature","geometry":{"type":"Point","coordinates":[-51.307871,-29.629377]},"properties":{"kind":"FIXED","limit_kmh":80,"source":"OSM","active":true,"direction_deg":null}},{"type":"Feature","geometry":{"type":"Point","coordinates":[-51.307744,-29.629348]},"properties":{"kind":"FIXED","limit_kmh":80,"source":"OSM","active":true,"direction_deg":null}},{"type":"Feature","geometry":{"type":"Point","coordinates":[-53.769245,-29.625825]},"properties":{"kind":"FIXED","limit_kmh":null,"source":"DNIT","active":false,"direction_deg":172}},{"type":"Feature","geometry":{"type":"Point","coordinates":[-51.135323,-29.624514]},"properties":{"kind":"FIXED","limit_kmh":60,"source":"OSM","active":false,"direction_deg":null}},{"type":"Feature","geometry":{"type":"Point","coordinates":[-51.13467,-29.623999]},"properties":{"kind":"FIXED","limit_kmh":null,"source":"DNIT","active":false,"direction_deg":229}},{"type":"Feature","geometry":{"type":"Point","coordinates":[-52.209437,-29.622574]},"properties":{"kind":"FIXED","limit_kmh":40,"source":"OSM","active":true,"direction_deg":null}},{"type":"Feature","geometry":{"type":"Point","coordinates":[-52.218203,-29.622546]},"properties":{"kind":"FIXED","limit_kmh":40,"source":"INMETRO","active":true,"direction_deg":null}},{"type":"Feature","geometry":{"type":"Point","coordinates":[-52.182114,-29.622481]},"properties":{"kind":"FIXED","limit_kmh":50,"source":"OSM","active":true,"direction_deg":null}},{"type":"Feature","geometry":{"type":"Point","coordinates":[-52.181781,-29.621574]},"properties":{"kind":"FIXED","limit_kmh":50,"source":"OSM","active":true,"direction_deg":null}},{"type":"Feature","geometry":{"type":"Point","coordinates":[-51.122869,-29.619918]},"properties":{"kind":"FIXED","limit_kmh":null,"source":"DNIT","active":false,"direction_deg":56}},{"type":"Feature","geometry":{"type":"Point","coordinates":[-51.121554,-29.618239]},"properties":{"kind":"FIXED","limit_kmh":null,"source":"DNIT","active":false,"direction_deg":214}},{"type":"Feature","geometry":{"type":"Point","coordinates":[-53.767333,-29.61805]},"properties":{"kind":"FIXED","limit_kmh":50,"source":"DNIT+OSM","active":false,"direction_deg":12}},{"type":"Feature","geometry":{"type":"Point","coordinates":[-52.187459,-29.614384]},"properties":{"kind":"FIXED","limit_kmh":40,"source":"INMETRO","active":true,"direction_deg":null}},{"type":"Feature","geometry":{"type":"Point","coordinates":[-53.767017,-29.613883]},"properties":{"kind":"FIXED","limit_kmh":null,"source":"DNIT","active":false,"direction_deg":184}},{"type":"Feature","geometry":{"type":"Point","coordinates":[-51.339902,-29.611997]},"properties":{"kind":"FIXED","limit_kmh":60,"source":"OSM","active":true,"direction_deg":null}},{"type":"Feature","geometry":{"type":"Point","coordinates":[-52.187594,-29.610768]},"properties":{"kind":"FIXED","limit_kmh":40,"source":"OSM","active":true,"direction_deg":null}},{"type":"Feature","geometry":{"type":"Point","coordinates":[-52.188572,-29.610646]},"properties":{"kind":"FIXED","limit_kmh":40,"source":"INMETRO+OSM","active":true,"direction_deg":null}},{"type":"Feature","geometry":{"type":"Point","coordinates":[-51.345964,-29.610604]},"properties":{"kind":"FIXED","limit_kmh":60,"source":"OSM","active":true,"direction_deg":null}},{"type":"Feature","geometry":{"type":"Point","coordinates":[-52.17636,-29.606822]},"properties":{"kind":"FIXED","limit_kmh":50,"source":"OSM","active":true,"direction_deg":null}},{"type":"Feature","geometry":{"type":"Point","coordinates":[-52.180343,-29.605153]},"properties":{"kind":"FIXED","limit_kmh":40,"source":"OSM","active":true,"direction_deg":null}},{"type":"Feature","geometry":{"type":"Point","coordinates":[-52.203098,-29.604663]},"properties":{"kind":"FIXED","limit_kmh":40,"source":"INMETRO","active":true,"direction_deg":null}},{"type":"Feature","geometry":{"type":"Point","coordinates":[-52.20346,-29.604592]},"properties":{"kind":"FIXED","limit_kmh":40,"source":"INMETRO","active":true,"direction_deg":null}},{"type":"Feature","geometry":{"type":"Point","coordinates":[-52.175489,-29.604435]},"properties":{"kind":"FIXED","limit_kmh":50,"source":"OSM","active":true,"direction_deg":null}},{"type":"Feature","geometry":{"type":"Point","coordinates":[-52.20631,-29.604261]},"properties":{"kind":"FIXED","limit_kmh":40,"source":"OSM","active":true,"direction_deg":null}},{"type":"Feature","geometry":{"type":"Point","coordinates":[-52.206819,-29.604198]},"properties":{"kind":"FIXED","limit_kmh":40,"source":"OSM","active":true,"direction_deg":null}},{"type":"Feature","geometry":{"type":"Point","coordinates":[-53.766008,-29.591644]},"properties":{"kind":"FIXED","limit_kmh":50,"source":"DNIT+OSM","active":false,"direction_deg":5}},{"type":"Feature","geometry":{"type":"Point","coordinates":[-53.76609,-29.58927]},"properties":{"kind":"FIXED","limit_kmh":null,"source":"DNIT","active":false,"direction_deg":179}},{"type":"Feature","geometry":{"type":"Point","coordinates":[-51.840483,-29.581201]},"properties":{"kind":"FIXED","limit_kmh":100,"source":"OSM","active":true,"direction_deg":null}},{"type":"Feature","geometry":{"type":"Point","coordinates":[-51.841074,-29.581164]},"properties":{"kind":"FIXED","limit_kmh":100,"source":"ANTT+OSM","active":true,"direction_deg":135}},{"type":"Feature","geometry":{"type":"Point","coordinates":[-50.785027,-29.574199]},"properties":{"kind":"FIXED","limit_kmh":null,"source":"OSM","active":true,"direction_deg":null}},{"type":"Feature","geometry":{"type":"Point","coordinates":[-50.787557,-29.571844]},"properties":{"kind":"FIXED","limit_kmh":50,"source":"OSM","active":true,"direction_deg":null}},{"type":"Feature","geometry":{"type":"Point","coordinates":[-51.360185,-29.568633]},"properties":{"kind":"FIXED","limit_kmh":80,"source":"OSM","active":true,"direction_deg":null}},{"type":"Feature","geometry":{"type":"Point","coordinates":[-51.360502,-29.567608]},"properties":{"kind":"FIXED","limit_kmh":80,"source":"OSM","active":true,"direction_deg":null}},{"type":"Feature","geometry":{"type":"Point","coordinates":[-51.360573,-29.567332]},"properties":{"kind":"FIXED","limit_kmh":80,"source":"OSM","active":true,"direction_deg":null}},{"type":"Feature","geometry":{"type":"Point","coordinates":[-51.08088,-29.53684]},"properties":{"kind":"FIXED","limit_kmh":null,"source":"DNIT","active":false,"direction_deg":126}},{"type":"Feature","geometry":{"type":"Point","coordinates":[-51.005142,-29.521173]},"properties":{"kind":"FIXED","limit_kmh":null,"source":"OSM","active":true,"direction_deg":null}},{"type":"Feature","geometry":{"type":"Point","coordinates":[-51.004354,-29.520138]},"properties":{"kind":"FIXED","limit_kmh":null,"source":"OSM","active":true,"direction_deg":null}},{"type":"Feature","geometry":{"type":"Point","coordinates":[-52.080143,-29.518487]},"properties":{"kind":"FIXED","limit_kmh":80,"source":"OSM","active":true,"direction_deg":null}},{"type":"Feature","geometry":{"type":"Point","coordinates":[-54.677036,-29.510543]},"properties":{"kind":"FIXED","limit_kmh":60,"source":"OSM","active":false,"direction_deg":null}},{"type":"Feature","geometry":{"type":"Point","coordinates":[-50.107575,-29.509668]},"properties":{"kind":"FIXED","limit_kmh":null,"source":"OSM","active":true,"direction_deg":null}},{"type":"Feature","geometry":{"type":"Point","coordinates":[-51.098889,-29.508444]},"properties":{"kind":"FIXED","limit_kmh":null,"source":"DNIT","active":true,"direction_deg":null}},{"type":"Feature","geometry":{"type":"Point","coordinates":[-50.78694,-29.492034]},"properties":{"kind":"FIXED","limit_kmh":null,"source":"OSM","active":true,"direction_deg":null}},{"type":"Feature","geometry":{"type":"Point","coordinates":[-50.787103,-29.492021]},"properties":{"kind":"SECTION","limit_kmh":50,"source":"OSM","active":true,"end":[-50.78748,-29.49189],"direction_deg":null}},{"type":"Feature","geometry":{"type":"Point","coordinates":[-50.787875,-29.491746]},"properties":{"kind":"SECTION","limit_kmh":50,"source":"OSM","active":true,"end":[-50.78748,-29.49189],"direction_deg":null}},{"type":"Feature","geometry":{"type":"Point","coordinates":[-50.78808,-29.491742]},"properties":{"kind":"FIXED","limit_kmh":null,"source":"OSM","active":true,"direction_deg":null}},{"type":"Feature","geometry":{"type":"Point","coordinates":[-51.950465,-29.487617]},"properties":{"kind":"FIXED","limit_kmh":50,"source":"OSM","active":true,"direction_deg":null}},{"type":"Feature","geometry":{"type":"Point","coordinates":[-54.688818,-29.482623]},"properties":{"kind":"FIXED","limit_kmh":50,"source":"OSM","active":false,"direction_deg":null}},{"type":"Feature","geometry":{"type":"Point","coordinates":[-54.690123,-29.482065]},"properties":{"kind":"FIXED","limit_kmh":50,"source":"OSM","active":false,"direction_deg":null}},{"type":"Feature","geometry":{"type":"Point","coordinates":[-54.68641,-29.478149]},"properties":{"kind":"FIXED","limit_kmh":null,"source":"OSM","active":false,"direction_deg":null}},{"type":"Feature","geometry":{"type":"Point","coordinates":[-56.68455,-29.475683]},"properties":{"kind":"FIXED","limit_kmh":50,"source":"DNIT","active":true,"direction_deg":0}},{"type":"Feature","geometry":{"type":"Point","coordinates":[-51.148072,-29.473041]},"properties":{"kind":"FIXED","limit_kmh":60,"source":"OSM","active":false,"direction_deg":null}},{"type":"Feature","geometry":{"type":"Point","coordinates":[-56.684717,-29.471733]},"properties":{"kind":"FIXED","limit_kmh":50,"source":"DNIT","active":true,"direction_deg":180}},{"type":"Feature","geometry":{"type":"Point","coordinates":[-51.149867,-29.4714]},"properties":{"kind":"FIXED","limit_kmh":null,"source":"DNIT","active":false,"direction_deg":309}},{"type":"Feature","geometry":{"type":"Point","coordinates":[-51.1524,-29.467883]},"properties":{"kind":"FIXED","limit_kmh":null,"source":"DNIT","active":false,"direction_deg":191}},{"type":"Feature","geometry":{"type":"Point","coordinates":[-51.966871,-29.45408]},"properties":{"kind":"RED_LIGHT","limit_kmh":null,"source":"OSM","active":true,"direction_deg":null}},{"type":"Feature","geometry":{"type":"Point","coordinates":[-51.967004,-29.4538]},"properties":{"kind":"RED_LIGHT","limit_kmh":null,"source":"OSM","active":true,"direction_deg":null}},{"type":"Feature","geometry":{"type":"Point","coordinates":[-51.351535,-29.449512]},"properties":{"kind":"FIXED","limit_kmh":80,"source":"OSM","active":true,"direction_deg":null}},{"type":"Feature","geometry":{"type":"Point","coordinates":[-51.351639,-29.449387]},"properties":{"kind":"FIXED","limit_kmh":80,"source":"OSM","active":true,"direction_deg":null}},{"type":"Feature","geometry":{"type":"Point","coordinates":[-51.137167,-29.446233]},"properties":{"kind":"FIXED","limit_kmh":50,"source":"DNIT+OSM","active":false,"direction_deg":5}},{"type":"Feature","geometry":{"type":"Point","coordinates":[-51.137967,-29.444983]},"properties":{"kind":"FIXED","limit_kmh":null,"source":"DNIT","active":false,"direction_deg":118}},{"type":"Feature","geometry":{"type":"Point","coordinates":[-49.903568,-29.441764]},"properties":{"kind":"FIXED","limit_kmh":80,"source":"OSM","active":true,"direction_deg":null}},{"type":"Feature","geometry":{"type":"Point","coordinates":[-49.903208,-29.440973]},"properties":{"kind":"FIXED","limit_kmh":80,"source":"OSM","active":true,"direction_deg":null}},{"type":"Feature","geometry":{"type":"Point","coordinates":[-49.814794,-29.428856]},"properties":{"kind":"FIXED","limit_kmh":80,"source":"OSM","active":true,"direction_deg":null}},{"type":"Feature","geometry":{"type":"Point","coordinates":[-49.857988,-29.410923]},"properties":{"kind":"FIXED","limit_kmh":100,"source":"OSM","active":true,"direction_deg":null}},{"type":"Feature","geometry":{"type":"Point","coordinates":[-49.857777,-29.410861]},"properties":{"kind":"FIXED","limit_kmh":100,"source":"OSM","active":true,"direction_deg":null}},{"type":"Feature","geometry":{"type":"Point","coordinates":[-49.857806,-29.410162]},"properties":{"kind":"FIXED","limit_kmh":100,"source":"ANTT","active":true,"direction_deg":203}},{"type":"Feature","geometry":{"type":"Point","coordinates":[-50.907306,-29.398584]},"properties":{"kind":"SECTION","limit_kmh":60,"source":"OSM","active":true,"end":[-50.906095,-29.399317],"direction_deg":null}},{"type":"Feature","geometry":{"type":"Point","coordinates":[-56.671383,-29.394017]},"properties":{"kind":"FIXED","limit_kmh":null,"source":"DNIT","active":false,"direction_deg":54}},{"type":"Feature","geometry":{"type":"Point","coordinates":[-56.66995,-29.393017]},"properties":{"kind":"FIXED","limit_kmh":null,"source":"DNIT","active":false,"direction_deg":237}},{"type":"Feature","geometry":{"type":"Point","coordinates":[-51.12373,-29.39277]},"properties":{"kind":"FIXED","limit_kmh":null,"source":"DNIT","active":false,"direction_deg":293}},{"type":"Feature","geometry":{"type":"Point","coordinates":[-51.124319,-29.392667]},"properties":{"kind":"FIXED","limit_kmh":50,"source":"OSM","active":false,"direction_deg":null}},{"type":"Feature","geometry":{"type":"Point","coordinates":[-51.125713,-29.391747]},"properties":{"kind":"FIXED","limit_kmh":50,"source":"OSM","active":false,"direction_deg":null}},{"type":"Feature","geometry":{"type":"Point","coordinates":[-51.12603,-29.39174]},"properties":{"kind":"FIXED","limit_kmh":null,"source":"DNIT","active":false,"direction_deg":119}},{"type":"Feature","geometry":{"type":"Point","coordinates":[-51.126,-29.38959]},"properties":{"kind":"FIXED","limit_kmh":null,"source":"DNIT","active":false,"direction_deg":27}},{"type":"Feature","geometry":{"type":"Point","coordinates":[-51.126078,-29.389374]},"properties":{"kind":"FIXED","limit_kmh":null,"source":"DNIT","active":false,"direction_deg":205}},{"type":"Feature","geometry":{"type":"Point","coordinates":[-51.125797,-29.389007]},"properties":{"kind":"FIXED","limit_kmh":50,"source":"OSM","active":false,"direction_deg":null}},{"type":"Feature","geometry":{"type":"Point","coordinates":[-49.833238,-29.383721]},"properties":{"kind":"FIXED","limit_kmh":100,"source":"OSM","active":true,"direction_deg":null}},{"type":"Feature","geometry":{"type":"Point","coordinates":[-50.861256,-29.369035]},"properties":{"kind":"FIXED","limit_kmh":50,"source":"OSM","active":true,"direction_deg":null}},{"type":"Feature","geometry":{"type":"Point","coordinates":[-50.861092,-29.368592]},"properties":{"kind":"FIXED","limit_kmh":50,"source":"OSM","active":true,"direction_deg":null}},{"type":"Feature","geometry":{"type":"Point","coordinates":[-54.749171,-29.367]},"properties":{"kind":"FIXED","limit_kmh":60,"source":"OSM","active":true,"direction_deg":null}},{"type":"Feature","geometry":{"type":"Point","coordinates":[-54.74958,-29.366112]},"properties":{"kind":"FIXED","limit_kmh":null,"source":"DNIT","active":true,"direction_deg":157}},{"type":"Feature","geometry":{"type":"Point","coordinates":[-54.75056,-29.364982]},"properties":{"kind":"FIXED","limit_kmh":60,"source":"OSM","active":true,"direction_deg":null}},{"type":"Feature","geometry":{"type":"Point","coordinates":[-54.751934,-29.36435]},"properties":{"kind":"FIXED","limit_kmh":60,"source":"OSM","active":true,"direction_deg":null}},{"type":"Feature","geometry":{"type":"Point","coordinates":[-51.089593,-29.363701]},"properties":{"kind":"FIXED","limit_kmh":50,"source":"OSM","active":true,"direction_deg":null}},{"type":"Feature","geometry":{"type":"Point","coordinates":[-51.089033,-29.363389]},"properties":{"kind":"FIXED","limit_kmh":50,"source":"OSM","active":true,"direction_deg":null}},{"type":"Feature","geometry":{"type":"Point","coordinates":[-50.850321,-29.361604]},"properties":{"kind":"FIXED","limit_kmh":50,"source":"OSM","active":true,"direction_deg":null}},{"type":"Feature","geometry":{"type":"Point","coordinates":[-50.850153,-29.361433]},"properties":{"kind":"FIXED","limit_kmh":null,"source":"OSM","active":true,"direction_deg":null}},{"type":"Feature","geometry":{"type":"Point","coordinates":[-49.769931,-29.360951]},"properties":{"kind":"FIXED","limit_kmh":80,"source":"OSM","active":true,"direction_deg":null}},{"type":"Feature","geometry":{"type":"Point","coordinates":[-51.047392,-29.360198]},"properties":{"kind":"FIXED","limit_kmh":null,"source":"OSM","active":true,"direction_deg":null}},{"type":"Feature","geometry":{"type":"Point","coordinates":[-51.026285,-29.343726]},"properties":{"kind":"FIXED","limit_kmh":null,"source":"OSM","active":true,"direction_deg":null}},{"type":"Feature","geometry":{"type":"Point","coordinates":[-49.785164,-29.337014]},"properties":{"kind":"FIXED","limit_kmh":100,"source":"ANTT+OSM","active":true,"direction_deg":169}},{"type":"Feature","geometry":{"type":"Point","coordinates":[-49.763836,-29.334902]},"properties":{"kind":"FIXED","limit_kmh":50,"source":"OSM","active":true,"direction_deg":null}},{"type":"Feature","geometry":{"type":"Point","coordinates":[-49.763181,-29.333928]},"properties":{"kind":"FIXED","limit_kmh":50,"source":"OSM","active":true,"direction_deg":null}},{"type":"Feature","geometry":{"type":"Point","coordinates":[-51.341163,-29.32054]},"properties":{"kind":"FIXED","limit_kmh":50,"source":"OSM","active":true,"direction_deg":null}},{"type":"Feature","geometry":{"type":"Point","coordinates":[-51.34004,-29.318701]},"properties":{"kind":"FIXED","limit_kmh":50,"source":"OSM","active":true,"direction_deg":null}},{"type":"Feature","geometry":{"type":"Point","coordinates":[-51.16714,-29.31538]},"properties":{"kind":"FIXED","limit_kmh":null,"source":"DNIT","active":false,"direction_deg":42}},{"type":"Feature","geometry":{"type":"Point","coordinates":[-51.167414,-29.312152]},"properties":{"kind":"SECTION","limit_kmh":50,"source":"OSM","active":true,"end":[-51.167423,-29.310988],"direction_deg":null}},{"type":"Feature","geometry":{"type":"Point","coordinates":[-51.167364,-29.311093]},"properties":{"kind":"FIXED","limit_kmh":null,"source":"OSM","active":false,"direction_deg":null}},{"type":"Feature","geometry":{"type":"Point","coordinates":[-51.167592,-29.309335]},"properties":{"kind":"FIXED","limit_kmh":null,"source":"DNIT","active":false,"direction_deg":178}},{"type":"Feature","geometry":{"type":"Point","coordinates":[-51.167557,-29.308741]},"properties":{"kind":"FIXED","limit_kmh":null,"source":"OSM","active":false,"direction_deg":null}},{"type":"Feature","geometry":{"type":"Point","coordinates":[-51.167546,-29.307868]},"properties":{"kind":"SECTION","limit_kmh":50,"source":"OSM","active":true,"end":[-51.167522,-29.308787],"direction_deg":null}},{"type":"Feature","geometry":{"type":"Point","coordinates":[-51.156562,-29.246063]},"properties":{"kind":"FIXED","limit_kmh":60,"source":"OSM","active":true,"direction_deg":null}},{"type":"Feature","geometry":{"type":"Point","coordinates":[-53.665696,-29.235468]},"properties":{"kind":"FIXED","limit_kmh":50,"source":"DNIT+OSM","active":false,"direction_deg":357}},{"type":"Feature","geometry":{"type":"Point","coordinates":[-53.665927,-29.232772]},"properties":{"kind":"FIXED","limit_kmh":50,"source":"OSM","active":false,"direction_deg":null}},{"type":"Feature","geometry":{"type":"Point","coordinates":[-51.336449,-29.221744]},"properties":{"kind":"FIXED","limit_kmh":50,"source":"OSM","active":true,"direction_deg":null}},{"type":"Feature","geometry":{"type":"Point","coordinates":[-51.334779,-29.22147]},"properties":{"kind":"FIXED","limit_kmh":50,"source":"OSM","active":true,"direction_deg":null}},{"type":"Feature","geometry":{"type":"Point","coordinates":[-51.343058,-29.219919]},"properties":{"kind":"FIXED","limit_kmh":50,"source":"OSM","active":true,"direction_deg":null}},{"type":"Feature","geometry":{"type":"Point","coordinates":[-51.350731,-29.215906]},"properties":{"kind":"FIXED","limit_kmh":50,"source":"OSM","active":true,"direction_deg":null}},{"type":"Feature","geometry":{"type":"Point","coordinates":[-51.35216,-29.215271]},"properties":{"kind":"FIXED","limit_kmh":50,"source":"OSM","active":true,"direction_deg":null}},{"type":"Feature","geometry":{"type":"Point","coordinates":[-51.44079,-29.205596]},"properties":{"kind":"SECTION","limit_kmh":60,"source":"OSM","active":true,"end":[-51.438731,-29.205692],"direction_deg":null}},{"type":"Feature","geometry":{"type":"Point","coordinates":[-51.177043,-29.204192]},"properties":{"kind":"FIXED","limit_kmh":null,"source":"DNIT","active":false,"direction_deg":0}},{"type":"Feature","geometry":{"type":"Point","coordinates":[-51.17727,-29.20202]},"properties":{"kind":"FIXED","limit_kmh":null,"source":"DNIT","active":false,"direction_deg":219}},{"type":"Feature","geometry":{"type":"Point","coordinates":[-51.267923,-29.201338]},"properties":{"kind":"FIXED","limit_kmh":80,"source":"OSM","active":true,"direction_deg":null}},{"type":"Feature","geometry":{"type":"Point","coordinates":[-51.267617,-29.201113]},"properties":{"kind":"FIXED","limit_kmh":80,"source":"OSM","active":true,"direction_deg":null}},{"type":"Feature","geometry":{"type":"Point","coordinates":[-51.343829,-29.197346]},"properties":{"kind":"FIXED","limit_kmh":60,"source":"OSM","active":true,"direction_deg":null}},{"type":"Feature","geometry":{"type":"Point","coordinates":[-51.179817,-29.193283]},"properties":{"kind":"FIXED","limit_kmh":50,"source":"DNIT+OSM","active":false,"direction_deg":342}},{"type":"Feature","geometry":{"type":"Point","coordinates":[-51.180126,-29.192426]},"properties":{"kind":"FIXED","limit_kmh":null,"source":"DNIT+OSM","active":false,"direction_deg":166}},{"type":"Feature","geometry":{"type":"Point","coordinates":[-52.187773,-29.19006]},"properties":{"kind":"FIXED","limit_kmh":null,"source":"OSM","active":true,"direction_deg":null}},{"type":"Feature","geometry":{"type":"Point","coordinates":[-52.188429,-29.189548]},"properties":{"kind":"FIXED","limit_kmh":60,"source":"ANTT","active":true,"direction_deg":127}},{"type":"Feature","geometry":{"type":"Point","coordinates":[-51.210765,-29.183456]},"properties":{"kind":"FIXED","limit_kmh":40,"source":"INMETRO","active":true,"direction_deg":null}},{"type":"Feature","geometry":{"type":"Point","coordinates":[-51.169225,-29.182979]},"properties":{"kind":"FIXED","limit_kmh":null,"source":"DNIT","active":false,"direction_deg":69}},{"type":"Feature","geometry":{"type":"Point","coordinates":[-51.52024,-29.1829]},"properties":{"kind":"FIXED","limit_kmh":null,"source":"DNIT","active":true,"direction_deg":null}},{"type":"Feature","geometry":{"type":"Point","coordinates":[-51.213977,-29.182694]},"properties":{"kind":"FIXED","limit_kmh":40,"source":"INMETRO","active":true,"direction_deg":null}},{"type":"Feature","geometry":{"type":"Point","coordinates":[-51.52027,-29.182506]},"properties":{"kind":"FIXED","limit_kmh":50,"source":"OSM","active":true,"direction_deg":null}},{"type":"Feature","geometry":{"type":"Point","coordinates":[-51.211704,-29.182382]},"properties":{"kind":"FIXED","limit_kmh":40,"source":"OSM","active":true,"direction_deg":null}},{"type":"Feature","geometry":{"type":"Point","coordinates":[-51.51861,-29.17914]},"properties":{"kind":"FIXED","limit_kmh":50,"source":"DNIT+OSM","active":true,"direction_deg":29}},{"type":"Feature","geometry":{"type":"Point","coordinates":[-51.16301,-29.17908]},"properties":{"kind":"FIXED","limit_kmh":null,"source":"DNIT","active":false,"direction_deg":205}},{"type":"Feature","geometry":{"type":"Point","coordinates":[-54.849951,-29.17722]},"properties":{"kind":"FIXED","limit_kmh":40,"source":"OSM","active":false,"direction_deg":null}},{"type":"Feature","geometry":{"type":"Point","coordinates":[-51.52002,-29.17707]},"properties":{"kind":"FIXED","limit_kmh":null,"source":"DNIT","active":true,"direction_deg":110}},{"type":"Feature","geometry":{"type":"Point","coordinates":[-51.520418,-29.176945]},"properties":{"kind":"FIXED","limit_kmh":50,"source":"OSM","active":true,"direction_deg":null}},{"type":"Feature","geometry":{"type":"Point","coordinates":[-51.182743,-29.175953]},"properties":{"kind":"FIXED","limit_kmh":40,"source":"INMETRO+OSM","active":true,"direction_deg":null}},{"type":"Feature","geometry":{"type":"Point","coordinates":[-54.852567,-29.1752]},"properties":{"kind":"FIXED","limit_kmh":40,"source":"DNIT+OSM","active":false,"direction_deg":134}},{"type":"Feature","geometry":{"type":"Point","coordinates":[-51.52281,-29.175184]},"properties":{"kind":"FIXED","limit_kmh":50,"source":"OSM","active":true,"direction_deg":null}},{"type":"Feature","geometry":{"type":"Point","coordinates":[-51.524392,-29.173734]},"properties":{"kind":"FIXED","limit_kmh":50,"source":"OSM","active":true,"direction_deg":null}},{"type":"Feature","geometry":{"type":"Point","coordinates":[-51.480909,-29.171016]},"properties":{"kind":"FIXED","limit_kmh":40,"source":"OSM","active":true,"direction_deg":null}},{"type":"Feature","geometry":{"type":"Point","coordinates":[-51.525462,-29.169568]},"properties":{"kind":"FIXED","limit_kmh":50,"source":"OSM","active":true,"direction_deg":null}},{"type":"Feature","geometry":{"type":"Point","coordinates":[-51.181734,-29.168227]},"properties":{"kind":"FIXED","limit_kmh":40,"source":"INMETRO","active":true,"direction_deg":null}},{"type":"Feature","geometry":{"type":"Point","coordinates":[-51.52596,-29.16699]},"properties":{"kind":"FIXED","limit_kmh":50,"source":"DNIT+OSM","active":true,"direction_deg":190}},{"type":"Feature","geometry":{"type":"Point","coordinates":[-51.52574,-29.16675]},"properties":{"kind":"FIXED","limit_kmh":50,"source":"DNIT+OSM","active":true,"direction_deg":9}},{"type":"Feature","geometry":{"type":"Point","coordinates":[-51.171132,-29.164763]},"properties":{"kind":"FIXED","limit_kmh":40,"source":"INMETRO","active":true,"direction_deg":null}},{"type":"Feature","geometry":{"type":"Point","coordinates":[-54.878017,-29.16275]},"properties":{"kind":"FIXED","limit_kmh":null,"source":"DNIT","active":false,"direction_deg":325}},{"type":"Feature","geometry":{"type":"Point","coordinates":[-54.878418,-29.162333]},"properties":{"kind":"FIXED","limit_kmh":50,"source":"OSM","active":false,"direction_deg":null}},{"type":"Feature","geometry":{"type":"Point","coordinates":[-51.214057,-29.161177]},"properties":{"kind":"FIXED","limit_kmh":40,"source":"INMETRO","active":true,"direction_deg":null}},{"type":"Feature","geometry":{"type":"Point","coordinates":[-51.52772,-29.16065]},"properties":{"kind":"FIXED","limit_kmh":50,"source":"DNIT+OSM","active":true,"direction_deg":297}},{"type":"Feature","geometry":{"type":"Point","coordinates":[-54.879613,-29.160526]},"properties":{"kind":"FIXED","limit_kmh":50,"source":"OSM","active":false,"direction_deg":null}},{"type":"Feature","geometry":{"type":"Point","coordinates":[-51.202447,-29.159907]},"properties":{"kind":"FIXED","limit_kmh":60,"source":"INMETRO","active":true,"direction_deg":null}},{"type":"Feature","geometry":{"type":"Point","coordinates":[-51.53042,-29.15965]},"properties":{"kind":"FIXED","limit_kmh":50,"source":"DNIT+OSM","active":true,"direction_deg":117}},{"type":"Feature","geometry":{"type":"Point","coordinates":[-54.880567,-29.159233]},"properties":{"kind":"FIXED","limit_kmh":null,"source":"DNIT","active":false,"direction_deg":149}},{"type":"Feature","geometry":{"type":"Point","coordinates":[-51.15247,-29.15811]},"properties":{"kind":"FIXED","limit_kmh":null,"source":"DNIT","active":true,"direction_deg":83}},{"type":"Feature","geometry":{"type":"Point","coordinates":[-51.204968,-29.157712]},"properties":{"kind":"FIXED","limit_kmh":40,"source":"INMETRO","active":true,"direction_deg":null}},{"type":"Feature","geometry":{"type":"Point","coordinates":[-51.181545,-29.156135]},"properties":{"kind":"FIXED","limit_kmh":40,"source":"INMETRO","active":true,"direction_deg":null}},{"type":"Feature","geometry":{"type":"Point","coordinates":[-51.152434,-29.152902]},"properties":{"kind":"FIXED","limit_kmh":60,"source":"INMETRO","active":true,"direction_deg":null}},{"type":"Feature","geometry":{"type":"Point","coordinates":[-51.168647,-29.1517]},"properties":{"kind":"FIXED","limit_kmh":60,"source":"INMETRO","active":true,"direction_deg":null}},{"type":"Feature","geometry":{"type":"Point","coordinates":[-51.224003,-29.15026]},"properties":{"kind":"FIXED","limit_kmh":40,"source":"INMETRO","active":true,"direction_deg":null}},{"type":"Feature","geometry":{"type":"Point","coordinates":[-51.179533,-29.149202]},"properties":{"kind":"FIXED","limit_kmh":60,"source":"INMETRO","active":true,"direction_deg":null}},{"type":"Feature","geometry":{"type":"Point","coordinates":[-51.180929,-29.135997]},"properties":{"kind":"FIXED","limit_kmh":40,"source":"INMETRO","active":true,"direction_deg":null}},{"type":"Feature","geometry":{"type":"Point","coordinates":[-51.177764,-29.132401]},"properties":{"kind":"FIXED","limit_kmh":40,"source":"INMETRO","active":true,"direction_deg":null}},{"type":"Feature","geometry":{"type":"Point","coordinates":[-51.544783,-29.131674]},"properties":{"kind":"FIXED","limit_kmh":50,"source":"OSM","active":true,"direction_deg":null}},{"type":"Feature","geometry":{"type":"Point","coordinates":[-51.127996,-29.130295]},"properties":{"kind":"FIXED","limit_kmh":null,"source":"DNIT","active":false,"direction_deg":23}},{"type":"Feature","geometry":{"type":"Point","coordinates":[-51.173771,-29.124049]},"properties":{"kind":"FIXED","limit_kmh":50,"source":"OSM","active":true,"direction_deg":null}},{"type":"Feature","geometry":{"type":"Point","coordinates":[-51.11995,-29.11823]},"properties":{"kind":"FIXED","limit_kmh":null,"source":"DNIT","active":false,"direction_deg":307}},{"type":"Feature","geometry":{"type":"Point","coordinates":[-51.18666,-29.098892]},"properties":{"kind":"FIXED","limit_kmh":60,"source":"OSM","active":true,"direction_deg":null}},{"type":"Feature","geometry":{"type":"Point","coordinates":[-56.554018,-29.086433]},"properties":{"kind":"FIXED","limit_kmh":60,"source":"OSM","active":true,"direction_deg":null}},{"type":"Feature","geometry":{"type":"Point","coordinates":[-56.556319,-29.086118]},"properties":{"kind":"SECTION","limit_kmh":60,"source":"OSM","active":true,"end":[-56.553234,-29.086541],"direction_deg":null}},{"type":"Feature","geometry":{"type":"Point","coordinates":[-56.544628,-29.081983]},"properties":{"kind":"FIXED","limit_kmh":60,"source":"OSM","active":true,"direction_deg":null}},{"type":"Feature","geometry":{"type":"Point","coordinates":[-56.543369,-29.080945]},"properties":{"kind":"SECTION","limit_kmh":60,"source":"OSM","active":true,"end":[-56.545176,-29.082435],"direction_deg":null}},{"type":"Feature","geometry":{"type":"Point","coordinates":[-51.110828,-29.079279]},"properties":{"kind":"FIXED","limit_kmh":50,"source":"DNIT","active":true,"direction_deg":43}},{"type":"Feature","geometry":{"type":"Point","coordinates":[-51.110022,-29.078344]},"properties":{"kind":"FIXED","limit_kmh":50,"source":"OSM","active":true,"direction_deg":null}},{"type":"Feature","geometry":{"type":"Point","coordinates":[-51.10922,-29.07641]},"properties":{"kind":"FIXED","limit_kmh":50,"source":"DNIT","active":true,"direction_deg":219}},{"type":"Feature","geometry":{"type":"Point","coordinates":[-51.191102,-29.053245]},"properties":{"kind":"FIXED","limit_kmh":40,"source":"OSM","active":true,"direction_deg":null}},{"type":"Feature","geometry":{"type":"Point","coordinates":[-51.191034,-29.053197]},"properties":{"kind":"FIXED","limit_kmh":40,"source":"OSM","active":true,"direction_deg":null}},{"type":"Feature","geometry":{"type":"Point","coordinates":[-51.182206,-29.041854]},"properties":{"kind":"FIXED","limit_kmh":40,"source":"INMETRO","active":true,"direction_deg":null}},{"type":"Feature","geometry":{"type":"Point","coordinates":[-55.219754,-29.040475]},"properties":{"kind":"FIXED","limit_kmh":50,"source":"OSM","active":false,"direction_deg":null}},{"type":"Feature","geometry":{"type":"Point","coordinates":[-51.183888,-29.033165]},"properties":{"kind":"FIXED","limit_kmh":40,"source":"INMETRO","active":true,"direction_deg":null}},{"type":"Feature","geometry":{"type":"Point","coordinates":[-51.178589,-29.032849]},"properties":{"kind":"FIXED","limit_kmh":40,"source":"INMETRO","active":true,"direction_deg":null}},{"type":"Feature","geometry":{"type":"Point","coordinates":[-51.182481,-29.031622]},"properties":{"kind":"FIXED","limit_kmh":40,"source":"INMETRO+OSM","active":true,"direction_deg":null}},{"type":"Feature","geometry":{"type":"Point","coordinates":[-51.192263,-29.030476]},"properties":{"kind":"FIXED","limit_kmh":40,"source":"INMETRO+OSM","active":true,"direction_deg":null}},{"type":"Feature","geometry":{"type":"Point","coordinates":[-51.186075,-29.030352]},"properties":{"kind":"FIXED","limit_kmh":40,"source":"INMETRO+OSM","active":true,"direction_deg":null}},{"type":"Feature","geometry":{"type":"Point","coordinates":[-51.184816,-29.030307]},"properties":{"kind":"FIXED","limit_kmh":40,"source":"INMETRO+OSM","active":true,"direction_deg":null}},{"type":"Feature","geometry":{"type":"Point","coordinates":[-51.154264,-29.025593]},"properties":{"kind":"FIXED","limit_kmh":50,"source":"INMETRO","active":true,"direction_deg":null}},{"type":"Feature","geometry":{"type":"Point","coordinates":[-51.150985,-29.025324]},"properties":{"kind":"FIXED","limit_kmh":50,"source":"INMETRO","active":true,"direction_deg":null}},{"type":"Feature","geometry":{"type":"Point","coordinates":[-51.0807,-29.023517]},"properties":{"kind":"FIXED","limit_kmh":null,"source":"DNIT","active":false,"direction_deg":62}},{"type":"Feature","geometry":{"type":"Point","coordinates":[-51.077286,-29.020917]},"properties":{"kind":"FIXED","limit_kmh":null,"source":"OSM","active":false,"direction_deg":null}},{"type":"Feature","geometry":{"type":"Point","coordinates":[-51.076584,-29.020012]},"properties":{"kind":"FIXED","limit_kmh":null,"source":"DNIT","active":false,"direction_deg":209}},{"type":"Feature","geometry":{"type":"Point","coordinates":[-51.179848,-29.011264]},"properties":{"kind":"FIXED","limit_kmh":50,"source":"OSM","active":true,"direction_deg":null}},{"type":"Feature","geometry":{"type":"Point","coordinates":[-55.343066,-28.986027]},"properties":{"kind":"FIXED","limit_kmh":50,"source":"OSM","active":false,"direction_deg":null}},{"type":"Feature","geometry":{"type":"Point","coordinates":[-52.367263,-28.98049]},"properties":{"kind":"FIXED","limit_kmh":60,"source":"OSM","active":true,"direction_deg":null}},{"type":"Feature","geometry":{"type":"Point","coordinates":[-52.367937,-28.978289]},"properties":{"kind":"FIXED","limit_kmh":60,"source":"ANTT","active":true,"direction_deg":349}},{"type":"Feature","geometry":{"type":"Point","coordinates":[-51.06805,-28.974917]},"properties":{"kind":"FIXED","limit_kmh":40,"source":"DNIT+OSM","active":false,"direction_deg":311}},{"type":"Feature","geometry":{"type":"Point","coordinates":[-51.069983,-28.974033]},"properties":{"kind":"FIXED","limit_kmh":null,"source":"DNIT","active":false,"direction_deg":91}},{"type":"Feature","geometry":{"type":"Point","coordinates":[-51.071883,-28.970617]},"properties":{"kind":"FIXED","limit_kmh":40,"source":"DNIT+OSM","active":false,"direction_deg":35}},{"type":"Feature","geometry":{"type":"Point","coordinates":[-51.071216,-28.969557]},"properties":{"kind":"FIXED","limit_kmh":40,"source":"DNIT+OSM","active":false,"direction_deg":192}},{"type":"Feature","geometry":{"type":"Point","coordinates":[-51.07866,-28.96132]},"properties":{"kind":"FIXED","limit_kmh":null,"source":"DNIT","active":false,"direction_deg":343}},{"type":"Feature","geometry":{"type":"Point","coordinates":[-51.079709,-28.958499]},"properties":{"kind":"FIXED","limit_kmh":null,"source":"DNIT","active":false,"direction_deg":165}},{"type":"Feature","geometry":{"type":"Point","coordinates":[-51.181166,-28.946725]},"properties":{"kind":"FIXED","limit_kmh":40,"source":"OSM","active":true,"direction_deg":null}},{"type":"Feature","geometry":{"type":"Point","coordinates":[-51.548589,-28.941227]},"properties":{"kind":"FIXED","limit_kmh":50,"source":"OSM","active":true,"direction_deg":null}},{"type":"Feature","geometry":{"type":"Point","coordinates":[-51.543097,-28.936486]},"properties":{"kind":"FIXED","limit_kmh":50,"source":"OSM","active":true,"direction_deg":null}},{"type":"Feature","geometry":{"type":"Point","coordinates":[-51.541913,-28.927391]},"properties":{"kind":"FIXED","limit_kmh":null,"source":"DNIT","active":true,"direction_deg":30}},{"type":"Feature","geometry":{"type":"Point","coordinates":[-51.541419,-28.926433]},"properties":{"kind":"FIXED","limit_kmh":null,"source":"DNIT","active":true,"direction_deg":218}},{"type":"Feature","geometry":{"type":"Point","coordinates":[-51.547877,-28.887425]},"properties":{"kind":"FIXED","limit_kmh":null,"source":"OSM","active":true,"direction_deg":null}},{"type":"Feature","geometry":{"type":"Point","coordinates":[-51.148371,-28.878695]},"properties":{"kind":"FIXED","limit_kmh":null,"source":"DNIT","active":false,"direction_deg":339}},{"type":"Feature","geometry":{"type":"Point","coordinates":[-51.148666,-28.87828]},"properties":{"kind":"FIXED","limit_kmh":40,"source":"OSM","active":false,"direction_deg":null}},{"type":"Feature","geometry":{"type":"Point","coordinates":[-51.146767,-28.877633]},"properties":{"kind":"FIXED","limit_kmh":40,"source":"DNIT+OSM","active":false,"direction_deg":333}},{"type":"Feature","geometry":{"type":"Point","coordinates":[-51.13358,-28.84326]},"properties":{"kind":"FIXED","limit_kmh":null,"source":"DNIT","active":true,"direction_deg":null}},{"type":"Feature","geometry":{"type":"Point","coordinates":[-51.59047,-28.81988]},"properties":{"kind":"FIXED","limit_kmh":null,"source":"DNIT","active":true,"direction_deg":null}},{"type":"Feature","geometry":{"type":"Point","coordinates":[-52.507508,-28.803798]},"properties":{"kind":"FIXED","limit_kmh":60,"source":"ANTT+OSM","active":true,"direction_deg":315}},{"type":"Feature","geometry":{"type":"Point","coordinates":[-51.095682,-28.797739]},"properties":{"kind":"FIXED","limit_kmh":50,"source":"DNIT+OSM","active":true,"direction_deg":10}},{"type":"Feature","geometry":{"type":"Point","coordinates":[-51.095679,-28.794281]},"properties":{"kind":"FIXED","limit_kmh":50,"source":"DNIT","active":true,"direction_deg":160}},{"type":"Feature","geometry":{"type":"Point","coordinates":[-55.769533,-28.790033]},"properties":{"kind":"FIXED","limit_kmh":null,"source":"DNIT","active":false,"direction_deg":329}},{"type":"Feature","geometry":{"type":"Point","coordinates":[-55.769717,-28.78995]},"properties":{"kind":"FIXED","limit_kmh":null,"source":"DNIT","active":false,"direction_deg":149}},{"type":"Feature","geometry":{"type":"Point","coordinates":[-55.770125,-28.789266]},"properties":{"kind":"FIXED","limit_kmh":50,"source":"OSM","active":false,"direction_deg":null}},{"type":"Feature","geometry":{"type":"Point","coordinates":[-51.095751,-28.788188]},"properties":{"kind":"FIXED","limit_kmh":50,"source":"DNIT+OSM","active":true,"direction_deg":136}},{"type":"Feature","geometry":{"type":"Point","coordinates":[-55.771625,-28.788027]},"properties":{"kind":"FIXED","limit_kmh":50,"source":"OSM","active":false,"direction_deg":null}},{"type":"Feature","geometry":{"type":"Point","coordinates":[-51.6141,-28.77407]},"properties":{"kind":"FIXED","limit_kmh":null,"source":"DNIT","active":true,"direction_deg":null}},{"type":"Feature","geometry":{"type":"Point","coordinates":[-51.617128,-28.771782]},"properties":{"kind":"FIXED","limit_kmh":50,"source":"OSM","active":true,"direction_deg":null}},{"type":"Feature","geometry":{"type":"Point","coordinates":[-51.263774,-28.762834]},"properties":{"kind":"FIXED","limit_kmh":60,"source":"OSM","active":true,"direction_deg":null}},{"type":"Feature","geometry":{"type":"Point","coordinates":[-52.834294,-28.740206]},"properties":{"kind":"FIXED","limit_kmh":40,"source":"OSM","active":true,"direction_deg":null}},{"type":"Feature","geometry":{"type":"Point","coordinates":[-52.840651,-28.731724]},"properties":{"kind":"FIXED","limit_kmh":40,"source":"INMETRO","active":true,"direction_deg":null}},{"type":"Feature","geometry":{"type":"Point","coordinates":[-52.83907,-28.731659]},"properties":{"kind":"FIXED","limit_kmh":40,"source":"INMETRO+OSM","active":true,"direction_deg":null}},{"type":"Feature","geometry":{"type":"Point","coordinates":[-52.849382,-28.729699]},"properties":{"kind":"FIXED","limit_kmh":40,"source":"INMETRO","active":true,"direction_deg":null}},{"type":"Feature","geometry":{"type":"Point","coordinates":[-52.847017,-28.726893]},"properties":{"kind":"FIXED","limit_kmh":40,"source":"INMETRO","active":true,"direction_deg":null}},{"type":"Feature","geometry":{"type":"Point","coordinates":[-52.843772,-28.725065]},"properties":{"kind":"FIXED","limit_kmh":40,"source":"INMETRO+OSM","active":true,"direction_deg":null}},{"type":"Feature","geometry":{"type":"Point","coordinates":[-52.845136,-28.723655]},"properties":{"kind":"FIXED","limit_kmh":40,"source":"OSM","active":true,"direction_deg":null}},{"type":"Feature","geometry":{"type":"Point","coordinates":[-52.849695,-28.723599]},"properties":{"kind":"FIXED","limit_kmh":40,"source":"INMETRO","active":true,"direction_deg":null}},{"type":"Feature","geometry":{"type":"Point","coordinates":[-52.847329,-28.721761]},"properties":{"kind":"FIXED","limit_kmh":40,"source":"INMETRO+OSM","active":true,"direction_deg":null}},{"type":"Feature","geometry":{"type":"Point","coordinates":[-51.938451,-28.713493]},"properties":{"kind":"FIXED","limit_kmh":50,"source":"OSM","active":true,"direction_deg":null}},{"type":"Feature","geometry":{"type":"Point","coordinates":[-51.063233,-28.673889]},"properties":{"kind":"FIXED","limit_kmh":null,"source":"DNIT","active":true,"direction_deg":2}},{"type":"Feature","geometry":{"type":"Point","coordinates":[-55.940231,-28.664242]},"properties":{"kind":"FIXED","limit_kmh":80,"source":"OSM","active":true,"direction_deg":null}},{"type":"Feature","geometry":{"type":"Point","coordinates":[-55.938369,-28.663849]},"properties":{"kind":"FIXED","limit_kmh":80,"source":"OSM","active":true,"direction_deg":null}},{"type":"Feature","geometry":{"type":"Point","coordinates":[-53.587902,-28.656504]},"properties":{"kind":"FIXED","limit_kmh":40,"source":"DNIT+OSM","active":false,"direction_deg":45}},{"type":"Feature","geometry":{"type":"Point","coordinates":[-53.585967,-28.654756]},"properties":{"kind":"FIXED","limit_kmh":50,"source":"OSM","active":false,"direction_deg":null}},{"type":"Feature","geometry":{"type":"Point","coordinates":[-53.585794,-28.654506]},"properties":{"kind":"FIXED","limit_kmh":null,"source":"DNIT","active":false,"direction_deg":225}},{"type":"Feature","geometry":{"type":"Point","coordinates":[-50.425153,-28.652847]},"properties":{"kind":"FIXED","limit_kmh":null,"source":"DNIT","active":false,"direction_deg":263}},{"type":"Feature","geometry":{"type":"Point","coordinates":[-50.43736,-28.65276]},"properties":{"kind":"FIXED","limit_kmh":null,"source":"DNIT","active":false,"direction_deg":112}},{"type":"Feature","geometry":{"type":"Point","coordinates":[-53.578897,-28.648604]},"properties":{"kind":"FIXED","limit_kmh":50,"source":"OSM","active":false,"direction_deg":null}},{"type":"Feature","geometry":{"type":"Point","coordinates":[-53.578482,-28.64812]},"properties":{"kind":"FIXED","limit_kmh":null,"source":"DNIT","active":false,"direction_deg":null}},{"type":"Feature","geometry":{"type":"Point","coordinates":[-53.571975,-28.643411]},"properties":{"kind":"FIXED","limit_kmh":null,"source":"DNIT","active":false,"direction_deg":18}},{"type":"Feature","geometry":{"type":"Point","coordinates":[-53.571892,-28.643014]},"properties":{"kind":"FIXED","limit_kmh":50,"source":"OSM","active":false,"direction_deg":null}},{"type":"Feature","geometry":{"type":"Point","coordinates":[-53.571813,-28.642612]},"properties":{"kind":"FIXED","limit_kmh":50,"source":"OSM","active":false,"direction_deg":null}},{"type":"Feature","geometry":{"type":"Point","coordinates":[-53.571822,-28.642252]},"properties":{"kind":"FIXED","limit_kmh":null,"source":"DNIT","active":false,"direction_deg":185}},{"type":"Feature","geometry":{"type":"Point","coordinates":[-53.115573,-28.638311]},"properties":{"kind":"FIXED","limit_kmh":50,"source":"OSM","active":true,"direction_deg":null}},{"type":"Feature","geometry":{"type":"Point","coordinates":[-53.114547,-28.638245]},"properties":{"kind":"FIXED","limit_kmh":50,"source":"OSM","active":true,"direction_deg":null}},{"type":"Feature","geometry":{"type":"Point","coordinates":[-50.550279,-28.63576]},"properties":{"kind":"FIXED","limit_kmh":null,"source":"DNIT","active":true,"direction_deg":53}},{"type":"Feature","geometry":{"type":"Point","coordinates":[-50.547273,-28.635424]},"properties":{"kind":"FIXED","limit_kmh":null,"source":"DNIT","active":true,"direction_deg":290}},{"type":"Feature","geometry":{"type":"Point","coordinates":[-53.57145,-28.618367]},"properties":{"kind":"FIXED","limit_kmh":null,"source":"DNIT","active":false,"direction_deg":152}},{"type":"Feature","geometry":{"type":"Point","coordinates":[-53.372737,-28.606245]},"properties":{"kind":"FIXED","limit_kmh":60,"source":"OSM","active":true,"direction_deg":null}},{"type":"Feature","geometry":{"type":"Point","coordinates":[-51.902233,-28.601618]},"properties":{"kind":"FIXED","limit_kmh":80,"source":"OSM","active":true,"direction_deg":null}},{"type":"Feature","geometry":{"type":"Point","coordinates":[-50.751698,-28.593321]},"properties":{"kind":"FIXED","limit_kmh":null,"source":"DNIT","active":true,"direction_deg":296}},{"type":"Feature","geometry":{"type":"Point","coordinates":[-50.755103,-28.590648]},"properties":{"kind":"FIXED","limit_kmh":null,"source":"DNIT","active":true,"direction_deg":98}},{"type":"Feature","geometry":{"type":"Point","coordinates":[-51.027833,-28.587871]},"properties":{"kind":"FIXED","limit_kmh":50,"source":"OSM","active":false,"direction_deg":null}},{"type":"Feature","geometry":{"type":"Point","coordinates":[-51.027639,-28.587636]},"properties":{"kind":"FIXED","limit_kmh":null,"source":"DNIT","active":false,"direction_deg":11}},{"type":"Feature","geometry":{"type":"Point","coordinates":[-51.026461,-28.583436]},"properties":{"kind":"FIXED","limit_kmh":null,"source":"DNIT","active":false,"direction_deg":238}},{"type":"Feature","geometry":{"type":"Point","coordinates":[-51.026108,-28.583332]},"properties":{"kind":"FIXED","limit_kmh":40,"source":"OSM","active":false,"direction_deg":null}},{"type":"Feature","geometry":{"type":"Point","coordinates":[-50.969824,-28.539341]},"properties":{"kind":"FIXED","limit_kmh":null,"source":"OSM","active":true,"direction_deg":null}},{"type":"Feature","geometry":{"type":"Point","coordinates":[-52.151144,-28.535744]},"properties":{"kind":"FIXED","limit_kmh":50,"source":"OSM","active":true,"direction_deg":null}},{"type":"Feature","geometry":{"type":"Point","coordinates":[-52.154145,-28.534605]},"properties":{"kind":"FIXED","limit_kmh":50,"source":"OSM","active":true,"direction_deg":null}},{"type":"Feature","geometry":{"type":"Point","coordinates":[-52.154592,-28.534479]},"properties":{"kind":"FIXED","limit_kmh":50,"source":"OSM","active":true,"direction_deg":null}},{"type":"Feature","geometry":{"type":"Point","coordinates":[-53.776317,-28.533972]},"properties":{"kind":"FIXED","limit_kmh":80,"source":"OSM","active":true,"direction_deg":null}},{"type":"Feature","geometry":{"type":"Point","coordinates":[-52.160439,-28.532801]},"properties":{"kind":"FIXED","limit_kmh":50,"source":"OSM","active":true,"direction_deg":null}},{"type":"Feature","geometry":{"type":"Point","coordinates":[-50.947347,-28.525526]},"properties":{"kind":"FIXED","limit_kmh":60,"source":"OSM","active":true,"direction_deg":null}},{"type":"Feature","geometry":{"type":"Point","coordinates":[-50.945144,-28.523505]},"properties":{"kind":"FIXED","limit_kmh":60,"source":"OSM","active":true,"direction_deg":null}},{"type":"Feature","geometry":{"type":"Point","coordinates":[-50.94284,-28.5215]},"properties":{"kind":"FIXED","limit_kmh":50,"source":"DNIT+OSM","active":true,"direction_deg":43}},{"type":"Feature","geometry":{"type":"Point","coordinates":[-50.941536,-28.52006]},"properties":{"kind":"FIXED","limit_kmh":50,"source":"DNIT+OSM","active":true,"direction_deg":224}},{"type":"Feature","geometry":{"type":"Point","coordinates":[-50.908233,-28.513617]},"properties":{"kind":"FIXED","limit_kmh":50,"source":"DNIT+OSM","active":true,"direction_deg":290}},{"type":"Feature","geometry":{"type":"Point","coordinates":[-50.911433,-28.512117]},"properties":{"kind":"FIXED","limit_kmh":50,"source":"DNIT+OSM","active":true,"direction_deg":147}},{"type":"Feature","geometry":{"type":"Point","coordinates":[-50.92817,-28.508189]},"properties":{"kind":"FIXED","limit_kmh":60,"source":"OSM","active":true,"direction_deg":null}},{"type":"Feature","geometry":{"type":"Point","coordinates":[-50.92563,-28.505847]},"properties":{"kind":"FIXED","limit_kmh":60,"source":"OSM","active":true,"direction_deg":null}},{"type":"Feature","geometry":{"type":"Point","coordinates":[-50.917379,-28.503005]},"properties":{"kind":"FIXED","limit_kmh":60,"source":"OSM","active":true,"direction_deg":null}},{"type":"Feature","geometry":{"type":"Point","coordinates":[-50.917478,-28.502926]},"properties":{"kind":"FIXED","limit_kmh":60,"source":"OSM","active":true,"direction_deg":null}},{"type":"Feature","geometry":{"type":"Point","coordinates":[-50.921562,-28.502171]},"properties":{"kind":"FIXED","limit_kmh":60,"source":"OSM","active":true,"direction_deg":null}},{"type":"Feature","geometry":{"type":"Point","coordinates":[-50.951072,-28.499389]},"properties":{"kind":"FIXED","limit_kmh":50,"source":"DNIT+OSM","active":true,"direction_deg":333}},{"type":"Feature","geometry":{"type":"Point","coordinates":[-50.951778,-28.498529]},"properties":{"kind":"FIXED","limit_kmh":null,"source":"DNIT","active":true,"direction_deg":153}},{"type":"Feature","geometry":{"type":"Point","coordinates":[-50.952072,-28.497821]},"properties":{"kind":"FIXED","limit_kmh":50,"source":"OSM","active":true,"direction_deg":null}},{"type":"Feature","geometry":{"type":"Point","coordinates":[-50.95747,-28.489896]},"properties":{"kind":"FIXED","limit_kmh":60,"source":"OSM","active":true,"direction_deg":null}},{"type":"Feature","geometry":{"type":"Point","coordinates":[-50.903997,-28.486323]},"properties":{"kind":"FIXED","limit_kmh":60,"source":"OSM","active":true,"direction_deg":null}},{"type":"Feature","geometry":{"type":"Point","coordinates":[-50.960915,-28.48314]},"properties":{"kind":"FIXED","limit_kmh":60,"source":"OSM","active":true,"direction_deg":null}},{"type":"Feature","geometry":{"type":"Point","coordinates":[-50.899737,-28.480736]},"properties":{"kind":"FIXED","limit_kmh":60,"source":"OSM","active":true,"direction_deg":null}},{"type":"Feature","geometry":{"type":"Point","coordinates":[-50.963236,-28.480489]},"properties":{"kind":"FIXED","limit_kmh":60,"source":"OSM","active":true,"direction_deg":null}},{"type":"Feature","geometry":{"type":"Point","coordinates":[-50.898363,-28.478271]},"properties":{"kind":"FIXED","limit_kmh":60,"source":"OSM","active":true,"direction_deg":null}},{"type":"Feature","geometry":{"type":"Point","coordinates":[-50.965439,-28.477991]},"properties":{"kind":"FIXED","limit_kmh":60,"source":"OSM","active":true,"direction_deg":null}},{"type":"Feature","geometry":{"type":"Point","coordinates":[-50.966997,-28.475928]},"properties":{"kind":"FIXED","limit_kmh":60,"source":"OSM","active":true,"direction_deg":null}},{"type":"Feature","geometry":{"type":"Point","coordinates":[-52.200562,-28.453327]},"properties":{"kind":"FIXED","limit_kmh":40,"source":"INMETRO","active":true,"direction_deg":null}},{"type":"Feature","geometry":{"type":"Point","coordinates":[-52.209771,-28.448039]},"properties":{"kind":"FIXED","limit_kmh":40,"source":"INMETRO","active":true,"direction_deg":null}},{"type":"Feature","geometry":{"type":"Point","coordinates":[-52.205246,-28.447946]},"properties":{"kind":"FIXED","limit_kmh":40,"source":"INMETRO","active":true,"direction_deg":null}},{"type":"Feature","geometry":{"type":"Point","coordinates":[-52.198187,-28.446028]},"properties":{"kind":"FIXED","limit_kmh":40,"source":"INMETRO","active":true,"direction_deg":null}},{"type":"Feature","geometry":{"type":"Point","coordinates":[-52.199996,-28.44224]},"properties":{"kind":"FIXED","limit_kmh":40,"source":"INMETRO","active":true,"direction_deg":null}},{"type":"Feature","geometry":{"type":"Point","coordinates":[-52.813518,-28.439691]},"properties":{"kind":"FIXED","limit_kmh":40,"source":"OSM","active":true,"direction_deg":null}},{"type":"Feature","geometry":{"type":"Point","coordinates":[-52.211544,-28.435494]},"properties":{"kind":"FIXED","limit_kmh":40,"source":"INMETRO","active":true,"direction_deg":null}},{"type":"Feature","geometry":{"type":"Point","coordinates":[-50.87087,-28.430982]},"properties":{"kind":"FIXED","limit_kmh":80,"source":"OSM","active":true,"direction_deg":null}},{"type":"Feature","geometry":{"type":"Point","coordinates":[-51.026366,-28.425557]},"properties":{"kind":"FIXED","limit_kmh":80,"source":"OSM","active":true,"direction_deg":null}},{"type":"Feature","geometry":{"type":"Point","coordinates":[-51.026556,-28.425487]},"properties":{"kind":"SECTION","limit_kmh":60,"source":"OSM","active":true,"end":[-51.026851,-28.425238],"direction_deg":null}},{"type":"Feature","geometry":{"type":"Point","coordinates":[-51.031057,-28.421691]},"properties":{"kind":"SECTION","limit_kmh":80,"source":"OSM","active":true,"end":[-51.026556,-28.425487],"direction_deg":null}},{"type":"Feature","geometry":{"type":"Point","coordinates":[-53.916923,-28.418753]},"properties":{"kind":"SECTION","limit_kmh":50,"source":"OSM","active":true,"end":[-53.916069,-28.41853],"direction_deg":null}},{"type":"Feature","geometry":{"type":"Point","coordinates":[-53.91635,-28.418667]},"properties":{"kind":"FIXED","limit_kmh":null,"source":"DNIT","active":false,"direction_deg":72}},{"type":"Feature","geometry":{"type":"Point","coordinates":[-53.916033,-28.41845]},"properties":{"kind":"FIXED","limit_kmh":50,"source":"DNIT+OSM","active":false,"direction_deg":249}},{"type":"Feature","geometry":{"type":"Point","coordinates":[-54.940338,-28.417594]},"properties":{"kind":"FIXED","limit_kmh":null,"source":"DNIT","active":true,"direction_deg":80}},{"type":"Feature","geometry":{"type":"Point","coordinates":[-53.913573,-28.417022]},"properties":{"kind":"FIXED","limit_kmh":50,"source":"OSM","active":true,"direction_deg":null}},{"type":"Feature","geometry":{"type":"Point","coordinates":[-54.93568,-28.41697]},"properties":{"kind":"FIXED","limit_kmh":null,"source":"DNIT","active":true,"direction_deg":272}},{"type":"Feature","geometry":{"type":"Point","coordinates":[-53.912577,-28.416005]},"properties":{"kind":"SECTION","limit_kmh":50,"source":"OSM","active":true,"end":[-53.913573,-28.417022],"direction_deg":null}},{"type":"Feature","geometry":{"type":"Point","coordinates":[-54.973523,-28.415259]},"properties":{"kind":"SECTION","limit_kmh":60,"source":"OSM","active":true,"end":[-54.974074,-28.41505],"direction_deg":null}},{"type":"Feature","geometry":{"type":"Point","coordinates":[-54.973311,-28.415215]},"properties":{"kind":"FIXED","limit_kmh":null,"source":"OSM","active":true,"direction_deg":null}},{"type":"Feature","geometry":{"type":"Point","coordinates":[-54.977655,-28.413202]},"properties":{"kind":"SECTION","limit_kmh":50,"source":"OSM","active":true,"end":[-54.975829,-28.414216],"direction_deg":null}},{"type":"Feature","geometry":{"type":"Point","coordinates":[-54.569986,-28.411269]},"properties":{"kind":"SECTION","limit_kmh":60,"source":"OSM","active":true,"end":[-54.57318,-28.411042],"direction_deg":null}},{"type":"Feature","geometry":{"type":"Point","coordinates":[-54.57318,-28.411042]},"properties":{"kind":"FIXED","limit_kmh":60,"source":"OSM","active":true,"direction_deg":null}},{"type":"Feature","geometry":{"type":"Point","coordinates":[-54.57575,-28.41093]},"properties":{"kind":"FIXED","limit_kmh":60,"source":"OSM","active":true,"direction_deg":null}},{"type":"Feature","geometry":{"type":"Point","coordinates":[-54.575543,-28.410886]},"properties":{"kind":"SECTION","limit_kmh":60,"source":"OSM","active":true,"end":[-54.575162,-28.41092],"direction_deg":null}},{"type":"Feature","geometry":{"type":"Point","coordinates":[-53.903539,-28.409844]},"properties":{"kind":"FIXED","limit_kmh":null,"source":"DNIT","active":true,"direction_deg":null}},{"type":"Feature","geometry":{"type":"Point","coordinates":[-53.943712,-28.406882]},"properties":{"kind":"SECTION","limit_kmh":50,"source":"OSM","active":true,"end":[-53.942414,-28.40755],"direction_deg":null}},{"type":"Feature","geometry":{"type":"Point","coordinates":[-53.943954,-28.406852]},"properties":{"kind":"FIXED","limit_kmh":50,"source":"OSM","active":true,"direction_deg":null}},{"type":"Feature","geometry":{"type":"Point","coordinates":[-54.531652,-28.404007]},"properties":{"kind":"SECTION","limit_kmh":60,"source":"OSM","active":true,"end":[-54.534646,-28.403847],"direction_deg":null}},{"type":"Feature","geometry":{"type":"Point","coordinates":[-54.529984,-28.403885]},"properties":{"kind":"SECTION","limit_kmh":60,"source":"OSM","active":true,"end":[-54.534646,-28.403847],"direction_deg":null}},{"type":"Feature","geometry":{"type":"Point","coordinates":[-54.534517,-28.403783]},"properties":{"kind":"FIXED","limit_kmh":null,"source":"DNIT","active":false,"direction_deg":285}},{"type":"Feature","geometry":{"type":"Point","coordinates":[-54.382967,-28.400133]},"properties":{"kind":"FIXED","limit_kmh":60,"source":"DNIT+OSM","active":false,"direction_deg":47}},{"type":"Feature","geometry":{"type":"Point","coordinates":[-54.377525,-28.396627]},"properties":{"kind":"SECTION","limit_kmh":60,"source":"OSM","active":true,"end":[-54.375195,-28.396271],"direction_deg":null}},{"type":"Feature","geometry":{"type":"Point","coordinates":[-54.3752,-28.39625]},"properties":{"kind":"FIXED","limit_kmh":60,"source":"DNIT+OSM","active":false,"direction_deg":260}},{"type":"Feature","geometry":{"type":"Point","coordinates":[-54.372386,-28.395875]},"properties":{"kind":"SECTION","limit_kmh":60,"source":"OSM","active":true,"end":[-54.375195,-28.396271],"direction_deg":null}},{"type":"Feature","geometry":{"type":"Point","coordinates":[-53.88886,-28.38569]},"properties":{"kind":"FIXED","limit_kmh":null,"source":"DNIT","active":false,"direction_deg":49}},{"type":"Feature","geometry":{"type":"Point","coordinates":[-53.88837,-28.38524]},"properties":{"kind":"FIXED","limit_kmh":50,"source":"OSM","active":true,"direction_deg":null}},{"type":"Feature","geometry":{"type":"Point","coordinates":[-53.88671,-28.38406]},"properties":{"kind":"FIXED","limit_kmh":50,"source":"DNIT+OSM","active":false,"direction_deg":236}},{"type":"Feature","geometry":{"type":"Point","coordinates":[-52.253001,-28.379605]},"properties":{"kind":"FIXED","limit_kmh":50,"source":"OSM","active":true,"direction_deg":null}},{"type":"Feature","geometry":{"type":"Point","coordinates":[-54.28353,-28.37844]},"properties":{"kind":"FIXED","limit_kmh":null,"source":"DNIT","active":true,"direction_deg":null}},{"type":"Feature","geometry":{"type":"Point","coordinates":[-54.183312,-28.37533]},"properties":{"kind":"SECTION","limit_kmh":80,"source":"OSM","active":true,"end":[-54.189472,-28.374371],"direction_deg":null}},{"type":"Feature","geometry":{"type":"Point","coordinates":[-54.160141,-28.375258]},"properties":{"kind":"SECTION","limit_kmh":50,"source":"OSM","active":true,"end":[-54.164229,-28.374668],"direction_deg":null}},{"type":"Feature","geometry":{"type":"Point","coordinates":[-54.164417,-28.374633]},"properties":{"kind":"FIXED","limit_kmh":50,"source":"DNIT+OSM","active":false,"direction_deg":281}},{"type":"Feature","geometry":{"type":"Point","coordinates":[-54.189472,-28.374371]},"properties":{"kind":"FIXED","limit_kmh":80,"source":"OSM","active":true,"direction_deg":null}},{"type":"Feature","geometry":{"type":"Point","coordinates":[-54.1672,-28.374267]},"properties":{"kind":"FIXED","limit_kmh":50,"source":"DNIT+OSM","active":false,"direction_deg":101}},{"type":"Feature","geometry":{"type":"Point","coordinates":[-54.170464,-28.373664]},"properties":{"kind":"SECTION","limit_kmh":50,"source":"OSM","active":true,"end":[-54.167001,-28.374223],"direction_deg":null}},{"type":"Feature","geometry":{"type":"Point","coordinates":[-54.196455,-28.373351]},"properties":{"kind":"SECTION","limit_kmh":80,"source":"OSM","active":true,"end":[-54.189472,-28.374371],"direction_deg":null}},{"type":"Feature","geometry":{"type":"Point","coordinates":[-53.77543,-28.365]},"properties":{"kind":"FIXED","limit_kmh":50,"source":"DNIT+OSM","active":false,"direction_deg":86}},{"type":"Feature","geometry":{"type":"Point","coordinates":[-53.776147,-28.364988]},"properties":{"kind":"SECTION","limit_kmh":50,"source":"OSM","active":true,"end":[-53.775337,-28.364952],"direction_deg":null}},{"type":"Feature","geometry":{"type":"Point","coordinates":[-53.77099,-28.36415]},"properties":{"kind":"FIXED","limit_kmh":50,"source":"DNIT+OSM","active":false,"direction_deg":258}},{"type":"Feature","geometry":{"type":"Point","coordinates":[-53.770259,-28.364089]},"properties":{"kind":"SECTION","limit_kmh":50,"source":"OSM","active":true,"end":[-53.771162,-28.364264],"direction_deg":null}},{"type":"Feature","geometry":{"type":"Point","coordinates":[-51.10695,-28.3574]},"properties":{"kind":"FIXED","limit_kmh":null,"source":"DNIT","active":true,"direction_deg":339}},{"type":"Feature","geometry":{"type":"Point","coordinates":[-51.108607,-28.35624]},"properties":{"kind":"FIXED","limit_kmh":null,"source":"DNIT","active":true,"direction_deg":106}},{"type":"Feature","geometry":{"type":"Point","coordinates":[-51.14937,-28.34349]},"properties":{"kind":"FIXED","limit_kmh":null,"source":"DNIT","active":true,"direction_deg":288}},{"type":"Feature","geometry":{"type":"Point","coordinates":[-51.15344,-28.339589]},"properties":{"kind":"FIXED","limit_kmh":null,"source":"DNIT","active":true,"direction_deg":186}},{"type":"Feature","geometry":{"type":"Point","coordinates":[-53.6666,-28.337083]},"properties":{"kind":"FIXED","limit_kmh":null,"source":"DNIT","active":false,"direction_deg":55}},{"type":"Feature","geometry":{"type":"Point","coordinates":[-53.665932,-28.33655]},"properties":{"kind":"FIXED","limit_kmh":null,"source":"OSM","active":true,"direction_deg":null}},{"type":"Feature","geometry":{"type":"Point","coordinates":[-53.6654,-28.33604]},"properties":{"kind":"FIXED","limit_kmh":null,"source":"DNIT","active":false,"direction_deg":230}},{"type":"Feature","geometry":{"type":"Point","coordinates":[-52.292812,-28.325651]},"properties":{"kind":"FIXED","limit_kmh":80,"source":"OSM","active":true,"direction_deg":null}},{"type":"Feature","geometry":{"type":"Point","coordinates":[-51.249215,-28.319638]},"properties":{"kind":"FIXED","limit_kmh":null,"source":"DNIT","active":true,"direction_deg":43}},{"type":"Feature","geometry":{"type":"Point","coordinates":[-51.246456,-28.319153]},"properties":{"kind":"FIXED","limit_kmh":null,"source":"DNIT","active":true,"direction_deg":305}},{"type":"Feature","geometry":{"type":"Point","coordinates":[-52.765219,-28.318551]},"properties":{"kind":"SECTION","limit_kmh":50,"source":"OSM","active":true,"end":[-52.770443,-28.318192],"direction_deg":null}},{"type":"Feature","geometry":{"type":"Point","coordinates":[-52.770007,-28.3182]},"properties":{"kind":"FIXED","limit_kmh":null,"source":"DNIT","active":false,"direction_deg":281}},{"type":"Feature","geometry":{"type":"Point","coordinates":[-52.770443,-28.318192]},"properties":{"kind":"FIXED","limit_kmh":50,"source":"OSM","active":true,"direction_deg":null}},{"type":"Feature","geometry":{"type":"Point","coordinates":[-52.809464,-28.31799]},"properties":{"kind":"FIXED","limit_kmh":null,"source":"DNIT","active":true,"direction_deg":85}},{"type":"Feature","geometry":{"type":"Point","coordinates":[-52.772694,-28.317628]},"properties":{"kind":"FIXED","limit_kmh":50,"source":"OSM","active":true,"direction_deg":null}},{"type":"Feature","geometry":{"type":"Point","coordinates":[-52.805809,-28.317614]},"properties":{"kind":"FIXED","limit_kmh":null,"source":"DNIT","active":true,"direction_deg":265}},{"type":"Feature","geometry":{"type":"Point","coordinates":[-52.773017,-28.317567]},"properties":{"kind":"FIXED","limit_kmh":null,"source":"DNIT","active":false,"direction_deg":108}},{"type":"Feature","geometry":{"type":"Point","coordinates":[-52.779328,-28.315655]},"properties":{"kind":"SECTION","limit_kmh":50,"source":"OSM","active":true,"end":[-52.772694,-28.317628],"direction_deg":null}},{"type":"Feature","geometry":{"type":"Point","coordinates":[-53.500287,-28.305578]},"properties":{"kind":"FIXED","limit_kmh":40,"source":"INMETRO","active":true,"direction_deg":null}},{"type":"Feature","geometry":{"type":"Point","coordinates":[-53.485571,-28.301226]},"properties":{"kind":"FIXED","limit_kmh":50,"source":"OSM","active":false,"direction_deg":null}},{"type":"Feature","geometry":{"type":"Point","coordinates":[-53.507458,-28.300821]},"properties":{"kind":"FIXED","limit_kmh":40,"source":"INMETRO","active":true,"direction_deg":null}},{"type":"Feature","geometry":{"type":"Point","coordinates":[-53.48553,-28.30058]},"properties":{"kind":"FIXED","limit_kmh":null,"source":"DNIT","active":false,"direction_deg":0}},{"type":"Feature","geometry":{"type":"Point","coordinates":[-53.485509,-28.299517]},"properties":{"kind":"FIXED","limit_kmh":50,"source":"OSM","active":false,"direction_deg":null}},{"type":"Feature","geometry":{"type":"Point","coordinates":[-53.485467,-28.299067]},"properties":{"kind":"FIXED","limit_kmh":null,"source":"DNIT","active":false,"direction_deg":188}},{"type":"Feature","geometry":{"type":"Point","coordinates":[-51.455384,-28.298298]},"properties":{"kind":"SECTION","limit_kmh":50,"source":"OSM","active":true,"end":[-51.460167,-28.297244],"direction_deg":null}},{"type":"Feature","geometry":{"type":"Point","coordinates":[-51.460142,-28.297204]},"properties":{"kind":"FIXED","limit_kmh":50,"source":"DNIT+OSM","active":false,"direction_deg":293}},{"type":"Feature","geometry":{"type":"Point","coordinates":[-51.462253,-28.296114]},"properties":{"kind":"FIXED","limit_kmh":50,"source":"OSM","active":true,"direction_deg":null}},{"type":"Feature","geometry":{"type":"Point","coordinates":[-51.462504,-28.295817]},"properties":{"kind":"FIXED","limit_kmh":null,"source":"DNIT","active":false,"direction_deg":159}},{"type":"Feature","geometry":{"type":"Point","coordinates":[-51.463179,-28.293005]},"properties":{"kind":"SECTION","limit_kmh":50,"source":"OSM","active":true,"end":[-51.462253,-28.296114],"direction_deg":null}},{"type":"Feature","geometry":{"type":"Point","coordinates":[-52.369944,-28.285537]},"properties":{"kind":"FIXED","limit_kmh":50,"source":"INMETRO","active":true,"direction_deg":null}},{"type":"Feature","geometry":{"type":"Point","coordinates":[-50.80075,-28.28105]},"properties":{"kind":"SECTION","limit_kmh":50,"source":"DNIT+OSM","active":true,"end":[-50.800544,-28.280689],"direction_deg":33}},{"type":"Feature","geometry":{"type":"Point","coordinates":[-50.800565,-28.280799]},"properties":{"kind":"FIXED","limit_kmh":50,"source":"OSM","active":false,"direction_deg":null}},{"type":"Feature","geometry":{"type":"Point","coordinates":[-52.378166,-28.279909]},"properties":{"kind":"FIXED","limit_kmh":50,"source":"INMETRO+OSM","active":true,"direction_deg":null}},{"type":"Feature","geometry":{"type":"Point","coordinates":[-52.378099,-28.279827]},"properties":{"kind":"FIXED","limit_kmh":50,"source":"OSM","active":true,"direction_deg":null}},{"type":"Feature","geometry":{"type":"Point","coordinates":[-52.415683,-28.279223]},"properties":{"kind":"FIXED","limit_kmh":50,"source":"OSM","active":true,"direction_deg":null}},{"type":"Feature","geometry":{"type":"Point","coordinates":[-52.416579,-28.279191]},"properties":{"kind":"FIXED","limit_kmh":50,"source":"OSM","active":true,"direction_deg":null}},{"type":"Feature","geometry":{"type":"Point","coordinates":[-53.489016,-28.278699]},"properties":{"kind":"FIXED","limit_kmh":50,"source":"INMETRO","active":true,"direction_deg":null}},{"type":"Feature","geometry":{"type":"Point","coordinates":[-52.192201,-28.27854]},"properties":{"kind":"SECTION","limit_kmh":50,"source":"OSM","active":true,"end":[-52.194637,-28.277512],"direction_deg":null}},{"type":"Feature","geometry":{"type":"Point","coordinates":[-52.189362,-28.278285]},"properties":{"kind":"SECTION","limit_kmh":50,"source":"OSM","active":true,"end":[-52.194637,-28.277512],"direction_deg":null}},{"type":"Feature","geometry":{"type":"Point","coordinates":[-52.194637,-28.277512]},"properties":{"kind":"FIXED","limit_kmh":50,"source":"OSM","active":false,"direction_deg":null}},{"type":"Feature","geometry":{"type":"Point","coordinates":[-52.19501,-28.27712]},"properties":{"kind":"FIXED","limit_kmh":null,"source":"DNIT","active":false,"direction_deg":null}},{"type":"Feature","geometry":{"type":"Point","coordinates":[-52.381922,-28.275405]},"properties":{"kind":"FIXED","limit_kmh":50,"source":"OSM","active":true,"direction_deg":null}},{"type":"Feature","geometry":{"type":"Point","coordinates":[-53.494777,-28.275352]},"properties":{"kind":"FIXED","limit_kmh":50,"source":"INMETRO","active":true,"direction_deg":null}},{"type":"Feature","geometry":{"type":"Point","coordinates":[-52.3832,-28.274468]},"properties":{"kind":"FIXED","limit_kmh":50,"source":"INMETRO","active":true,"direction_deg":null}},{"type":"Feature","geometry":{"type":"Point","coordinates":[-51.684717,-28.274417]},"properties":{"kind":"SECTION","limit_kmh":60,"source":"DNIT+OSM","active":true,"end":[-51.6851,-28.274443],"direction_deg":283}},{"type":"Feature","geometry":{"type":"Point","coordinates":[-51.688626,-28.27322]},"properties":{"kind":"FIXED","limit_kmh":null,"source":"OSM","active":false,"direction_deg":null}},{"type":"Feature","geometry":{"type":"Point","coordinates":[-51.68845,-28.273173]},"properties":{"kind":"SECTION","limit_kmh":60,"source":"OSM","active":true,"end":[-51.688239,-28.273269],"direction_deg":null}},{"type":"Feature","geometry":{"type":"Point","coordinates":[-51.69005,-28.27244]},"properties":{"kind":"FIXED","limit_kmh":null,"source":"DNIT","active":false,"direction_deg":120}},{"type":"Feature","geometry":{"type":"Point","coordinates":[-52.385956,-28.272245]},"properties":{"kind":"FIXED","limit_kmh":50,"source":"OSM","active":true,"direction_deg":null}},{"type":"Feature","geometry":{"type":"Point","coordinates":[-52.38586,-28.272164]},"properties":{"kind":"FIXED","limit_kmh":50,"source":"OSM","active":true,"direction_deg":null}},{"type":"Feature","geometry":{"type":"Point","coordinates":[-52.424498,-28.271852]},"properties":{"kind":"FIXED","limit_kmh":40,"source":"INMETRO+OSM","active":true,"direction_deg":null}},{"type":"Feature","geometry":{"type":"Point","coordinates":[-52.394136,-28.270405]},"properties":{"kind":"FIXED","limit_kmh":40,"source":"INMETRO","active":true,"direction_deg":null}},{"type":"Feature","geometry":{"type":"Point","coordinates":[-52.397267,-28.269762]},"properties":{"kind":"FIXED","limit_kmh":40,"source":"INMETRO","active":true,"direction_deg":null}},{"type":"Feature","geometry":{"type":"Point","coordinates":[-52.427052,-28.269523]},"properties":{"kind":"FIXED","limit_kmh":50,"source":"INMETRO+OSM","active":true,"direction_deg":null}},{"type":"Feature","geometry":{"type":"Point","coordinates":[-52.426255,-28.269325]},"properties":{"kind":"FIXED","limit_kmh":50,"source":"INMETRO+OSM","active":true,"direction_deg":null}},{"type":"Feature","geometry":{"type":"Point","coordinates":[-52.389318,-28.269041]},"properties":{"kind":"FIXED","limit_kmh":50,"source":"INMETRO+OSM","active":true,"direction_deg":null}},{"type":"Feature","geometry":{"type":"Point","coordinates":[-52.438655,-28.268269]},"properties":{"kind":"FIXED","limit_kmh":50,"source":"INMETRO+OSM","active":true,"direction_deg":null}},{"type":"Feature","geometry":{"type":"Point","coordinates":[-52.438122,-28.267917]},"properties":{"kind":"FIXED","limit_kmh":50,"source":"OSM","active":true,"direction_deg":null}},{"type":"Feature","geometry":{"type":"Point","coordinates":[-52.434056,-28.267207]},"properties":{"kind":"FIXED","limit_kmh":50,"source":"INMETRO+OSM","active":true,"direction_deg":null}},{"type":"Feature","geometry":{"type":"Point","coordinates":[-52.433554,-28.267168]},"properties":{"kind":"FIXED","limit_kmh":50,"source":"INMETRO+OSM","active":true,"direction_deg":null}},{"type":"Feature","geometry":{"type":"Point","coordinates":[-52.430667,-28.266924]},"properties":{"kind":"FIXED","limit_kmh":50,"source":"INMETRO","active":true,"direction_deg":null}},{"type":"Feature","geometry":{"type":"Point","coordinates":[-52.395286,-28.266643]},"properties":{"kind":"FIXED","limit_kmh":50,"source":"INMETRO+OSM","active":true,"direction_deg":null}},{"type":"Feature","geometry":{"type":"Point","coordinates":[-53.499272,-28.265877]},"properties":{"kind":"FIXED","limit_kmh":40,"source":"INMETRO","active":true,"direction_deg":null}},{"type":"Feature","geometry":{"type":"Point","coordinates":[-52.405858,-28.265848]},"properties":{"kind":"FIXED","limit_kmh":50,"source":"OSM","active":true,"direction_deg":null}},{"type":"Feature","geometry":{"type":"Point","coordinates":[-52.418179,-28.265657]},"properties":{"kind":"FIXED","limit_kmh":50,"source":"INMETRO","active":true,"direction_deg":null}},{"type":"Feature","geometry":{"type":"Point","coordinates":[-52.406973,-28.265288]},"properties":{"kind":"FIXED","limit_kmh":50,"source":"INMETRO","active":true,"direction_deg":null}},{"type":"Feature","geometry":{"type":"Point","coordinates":[-52.415836,-28.264691]},"properties":{"kind":"FIXED","limit_kmh":50,"source":"OSM","active":true,"direction_deg":null}},{"type":"Feature","geometry":{"type":"Point","coordinates":[-52.410886,-28.264092]},"properties":{"kind":"FIXED","limit_kmh":50,"source":"OSM","active":true,"direction_deg":null}},{"type":"Feature","geometry":{"type":"Point","coordinates":[-52.407753,-28.26377]},"properties":{"kind":"FIXED","limit_kmh":50,"source":"INMETRO","active":true,"direction_deg":null}},{"type":"Feature","geometry":{"type":"Point","coordinates":[-52.403282,-28.262038]},"properties":{"kind":"FIXED","limit_kmh":50,"source":"INMETRO","active":true,"direction_deg":null}},{"type":"Feature","geometry":{"type":"Point","coordinates":[-52.411449,-28.26114]},"properties":{"kind":"FIXED","limit_kmh":50,"source":"INMETRO","active":true,"direction_deg":null}},{"type":"Feature","geometry":{"type":"Point","coordinates":[-52.413503,-28.261024]},"properties":{"kind":"FIXED","limit_kmh":50,"source":"INMETRO","active":true,"direction_deg":null}},{"type":"Feature","geometry":{"type":"Point","coordinates":[-52.410906,-28.25958]},"properties":{"kind":"FIXED","limit_kmh":50,"source":"INMETRO","active":true,"direction_deg":null}},{"type":"Feature","geometry":{"type":"Point","coordinates":[-52.405069,-28.258194]},"properties":{"kind":"FIXED","limit_kmh":50,"source":"INMETRO","active":true,"direction_deg":null}},{"type":"Feature","geometry":{"type":"Point","coordinates":[-52.41798,-28.253749]},"properties":{"kind":"FIXED","limit_kmh":50,"source":"OSM","active":true,"direction_deg":null}},{"type":"Feature","geometry":{"type":"Point","coordinates":[-52.423545,-28.249656]},"properties":{"kind":"FIXED","limit_kmh":50,"source":"OSM","active":true,"direction_deg":null}},{"type":"Feature","geometry":{"type":"Point","coordinates":[-52.423991,-28.24895]},"properties":{"kind":"FIXED","limit_kmh":50,"source":"INMETRO+OSM","active":true,"direction_deg":null}},{"type":"Feature","geometry":{"type":"Point","coordinates":[-52.386596,-28.246495]},"properties":{"kind":"FIXED","limit_kmh":50,"source":"OSM","active":true,"direction_deg":null}},{"type":"Feature","geometry":{"type":"Point","coordinates":[-52.386588,-28.24627]},"properties":{"kind":"FIXED","limit_kmh":50,"source":"INMETRO+OSM","active":true,"direction_deg":null}},{"type":"Feature","geometry":{"type":"Point","coordinates":[-52.382428,-28.243136]},"properties":{"kind":"FIXED","limit_kmh":50,"source":"INMETRO","active":true,"direction_deg":null}},{"type":"Feature","geometry":{"type":"Point","coordinates":[-52.312209,-28.242599]},"properties":{"kind":"FIXED","limit_kmh":80,"source":"OSM","active":true,"direction_deg":null}},{"type":"Feature","geometry":{"type":"Point","coordinates":[-52.377478,-28.241623]},"properties":{"kind":"FIXED","limit_kmh":50,"source":"INMETRO","active":true,"direction_deg":null}},{"type":"Feature","geometry":{"type":"Point","coordinates":[-52.379802,-28.241394]},"properties":{"kind":"FIXED","limit_kmh":50,"source":"INMETRO+OSM","active":true,"direction_deg":null}},{"type":"Feature","geometry":{"type":"Point","coordinates":[-52.37894,-28.240515]},"properties":{"kind":"FIXED","limit_kmh":50,"source":"OSM","active":true,"direction_deg":null}},{"type":"Feature","geometry":{"type":"Point","coordinates":[-52.377306,-28.239963]},"properties":{"kind":"FIXED","limit_kmh":50,"source":"INMETRO","active":true,"direction_deg":null}},{"type":"Feature","geometry":{"type":"Point","coordinates":[-52.36335,-28.239167]},"properties":{"kind":"FIXED","limit_kmh":60,"source":"DNIT+OSM","active":false,"direction_deg":83}},{"type":"Feature","geometry":{"type":"Point","coordinates":[-52.361148,-28.23878]},"properties":{"kind":"FIXED","limit_kmh":60,"source":"OSM","active":false,"direction_deg":null}},{"type":"Feature","geometry":{"type":"Point","coordinates":[-52.376033,-28.238359]},"properties":{"kind":"FIXED","limit_kmh":50,"source":"INMETRO","active":true,"direction_deg":null}},{"type":"Feature","geometry":{"type":"Point","coordinates":[-52.368819,-28.238191]},"properties":{"kind":"SECTION","limit_kmh":50,"source":"OSM","active":true,"end":[-52.369788,-28.237952],"direction_deg":null}},{"type":"Feature","geometry":{"type":"Point","coordinates":[-52.369633,-28.238067]},"properties":{"kind":"FIXED","limit_kmh":50,"source":"DNIT+OSM","active":false,"direction_deg":289}},{"type":"Feature","geometry":{"type":"Point","coordinates":[-52.37625,-28.236733]},"properties":{"kind":"FIXED","limit_kmh":null,"source":"DNIT","active":false,"direction_deg":100}},{"type":"Feature","geometry":{"type":"Point","coordinates":[-52.4249,-28.2366]},"properties":{"kind":"FIXED","limit_kmh":50,"source":"DNIT+OSM","active":false,"direction_deg":269}},{"type":"Feature","geometry":{"type":"Point","coordinates":[-52.377191,-28.236404]},"properties":{"kind":"SECTION","limit_kmh":50,"source":"OSM","active":true,"end":[-52.376016,-28.236859],"direction_deg":null}},{"type":"Feature","geometry":{"type":"Point","coordinates":[-52.427533,-28.23635]},"properties":{"kind":"FIXED","limit_kmh":50,"source":"DNIT+OSM","active":false,"direction_deg":107}},{"type":"Feature","geometry":{"type":"Point","coordinates":[-52.421062,-28.236139]},"properties":{"kind":"FIXED","limit_kmh":50,"source":"OSM","active":false,"direction_deg":null}},{"type":"Feature","geometry":{"type":"Point","coordinates":[-52.416913,-28.2356]},"properties":{"kind":"FIXED","limit_kmh":50,"source":"OSM","active":false,"direction_deg":null}},{"type":"Feature","geometry":{"type":"Point","coordinates":[-52.440717,-28.230067]},"properties":{"kind":"SECTION","limit_kmh":50,"source":"DNIT+OSM","active":true,"end":[-52.441357,-28.229787],"direction_deg":301}},{"type":"Feature","geometry":{"type":"Point","coordinates":[-52.44255,-28.229217]},"properties":{"kind":"SECTION","limit_kmh":50,"source":"DNIT+OSM","active":true,"end":[-52.441499,-28.229713],"direction_deg":121}},{"type":"Feature","geometry":{"type":"Point","coordinates":[-51.509526,-28.219344]},"properties":{"kind":"SECTION","limit_kmh":50,"source":"OSM","active":true,"end":[-51.509912,-28.216662],"direction_deg":null}},{"type":"Feature","geometry":{"type":"Point","coordinates":[-51.509912,-28.216662]},"properties":{"kind":"FIXED","limit_kmh":50,"source":"OSM","active":false,"direction_deg":null}},{"type":"Feature","geometry":{"type":"Point","coordinates":[-50.758775,-28.212869]},"properties":{"kind":"SECTION","limit_kmh":40,"source":"OSM","active":true,"end":[-50.759164,-28.21228],"direction_deg":null}},{"type":"Feature","geometry":{"type":"Point","coordinates":[-51.526124,-28.212832]},"properties":{"kind":"FIXED","limit_kmh":40,"source":"INMETRO","active":true,"direction_deg":null}},{"type":"Feature","geometry":{"type":"Point","coordinates":[-51.510361,-28.212797]},"properties":{"kind":"FIXED","limit_kmh":50,"source":"OSM","active":true,"direction_deg":null}},{"type":"Feature","geometry":{"type":"Point","coordinates":[-51.517928,-28.212351]},"properties":{"kind":"FIXED","limit_kmh":40,"source":"INMETRO","active":true,"direction_deg":null}},{"type":"Feature","geometry":{"type":"Point","coordinates":[-51.510533,-28.212317]},"properties":{"kind":"FIXED","limit_kmh":null,"source":"DNIT","active":false,"direction_deg":166}},{"type":"Feature","geometry":{"type":"Point","coordinates":[-50.759071,-28.212299]},"properties":{"kind":"FIXED","limit_kmh":40,"source":"OSM","active":false,"direction_deg":null}},{"type":"Feature","geometry":{"type":"Point","coordinates":[-50.75968,-28.211593]},"properties":{"kind":"FIXED","limit_kmh":null,"source":"DNIT","active":false,"direction_deg":329}},{"type":"Feature","geometry":{"type":"Point","coordinates":[-51.511037,-28.211012]},"properties":{"kind":"SECTION","limit_kmh":50,"source":"OSM","active":true,"end":[-51.510361,-28.212797],"direction_deg":null}},{"type":"Feature","geometry":{"type":"Point","coordinates":[-51.519183,-28.205567]},"properties":{"kind":"SECTION","limit_kmh":50,"source":"DNIT+OSM","active":true,"end":[-51.519639,-28.205471],"direction_deg":293}},{"type":"Feature","geometry":{"type":"Point","coordinates":[-51.52383,-28.20398]},"properties":{"kind":"SECTION","limit_kmh":50,"source":"DNIT+OSM","active":true,"end":[-51.523175,-28.204178],"direction_deg":113}},{"type":"Feature","geometry":{"type":"Point","coordinates":[-54.72869,-28.1248]},"properties":{"kind":"FIXED","limit_kmh":50,"source":"DNIT+OSM","active":false,"direction_deg":101}},{"type":"Feature","geometry":{"type":"Point","coordinates":[-54.729084,-28.12479]},"properties":{"kind":"FIXED","limit_kmh":50,"source":"OSM","active":true,"direction_deg":null}},{"type":"Feature","geometry":{"type":"Point","coordinates":[-52.868686,-28.066984]},"properties":{"kind":"FIXED","limit_kmh":80,"source":"OSM","active":true,"direction_deg":null}},{"type":"Feature","geometry":{"type":"Point","coordinates":[-51.80368,-27.950693]},"properties":{"kind":"FIXED","limit_kmh":null,"source":"OSM","active":true,"direction_deg":null}},{"type":"Feature","geometry":{"type":"Point","coordinates":[-51.80382,-27.950641]},"properties":{"kind":"SECTION","limit_kmh":50,"source":"OSM","active":true,"end":[-51.804012,-27.950501],"direction_deg":null}},{"type":"Feature","geometry":{"type":"Point","coordinates":[-52.930818,-27.946578]},"properties":{"kind":"FIXED","limit_kmh":50,"source":"DNIT+OSM","active":false,"direction_deg":150}},{"type":"Feature","geometry":{"type":"Point","coordinates":[-52.221016,-27.920689]},"properties":{"kind":"FIXED","limit_kmh":null,"source":"OSM","active":true,"direction_deg":null}},{"type":"Feature","geometry":{"type":"Point","coordinates":[-54.491406,-27.884976]},"properties":{"kind":"FIXED","limit_kmh":40,"source":"OSM","active":true,"direction_deg":null}},{"type":"Feature","geometry":{"type":"Point","coordinates":[-53.33376,-27.86678]},"properties":{"kind":"FIXED","limit_kmh":null,"source":"DNIT","active":true,"direction_deg":81}},{"type":"Feature","geometry":{"type":"Point","coordinates":[-53.331427,-27.866494]},"properties":{"kind":"FIXED","limit_kmh":null,"source":"DNIT","active":true,"direction_deg":266}},{"type":"Feature","geometry":{"type":"Point","coordinates":[-54.51167,-27.85633]},"properties":{"kind":"FIXED","limit_kmh":null,"source":"DNIT","active":true,"direction_deg":null}},{"type":"Feature","geometry":{"type":"Point","coordinates":[-54.536444,-27.85317]},"properties":{"kind":"FIXED","limit_kmh":null,"source":"OSM","active":true,"direction_deg":null}},{"type":"Feature","geometry":{"type":"Point","coordinates":[-54.536304,-27.853116]},"properties":{"kind":"SECTION","limit_kmh":50,"source":"OSM","active":true,"end":[-54.535948,-27.85315],"direction_deg":null}},{"type":"Feature","geometry":{"type":"Point","coordinates":[-54.434833,-27.84195]},"properties":{"kind":"FIXED","limit_kmh":null,"source":"DNIT","active":false,"direction_deg":24}},{"type":"Feature","geometry":{"type":"Point","coordinates":[-54.434681,-27.84129]},"properties":{"kind":"FIXED","limit_kmh":50,"source":"DNIT+OSM","active":false,"direction_deg":203}},{"type":"Feature","geometry":{"type":"Point","coordinates":[-54.630005,-27.838369]},"properties":{"kind":"SECTION","limit_kmh":50,"source":"OSM","active":true,"end":[-54.630797,-27.838063],"direction_deg":null}},{"type":"Feature","geometry":{"type":"Point","coordinates":[-54.629794,-27.838346]},"properties":{"kind":"FIXED","limit_kmh":null,"source":"OSM","active":true,"direction_deg":null}},{"type":"Feature","geometry":{"type":"Point","coordinates":[-53.039484,-27.815465]},"properties":{"kind":"FIXED","limit_kmh":null,"source":"DNIT","active":true,"direction_deg":326}},{"type":"Feature","geometry":{"type":"Point","coordinates":[-53.04176,-27.81448]},"properties":{"kind":"FIXED","limit_kmh":null,"source":"DNIT","active":true,"direction_deg":106}},{"type":"Feature","geometry":{"type":"Point","coordinates":[-53.82315,-27.760583]},"properties":{"kind":"FIXED","limit_kmh":null,"source":"DNIT","active":false,"direction_deg":null}},{"type":"Feature","geometry":{"type":"Point","coordinates":[-53.82341,-27.760113]},"properties":{"kind":"FIXED","limit_kmh":50,"source":"OSM","active":false,"direction_deg":null}},{"type":"Feature","geometry":{"type":"Point","coordinates":[-53.838462,-27.736981]},"properties":{"kind":"FIXED","limit_kmh":60,"source":"OSM","active":false,"direction_deg":null}},{"type":"Feature","geometry":{"type":"Point","coordinates":[-53.838733,-27.736717]},"properties":{"kind":"FIXED","limit_kmh":null,"source":"DNIT","active":false,"direction_deg":306}},{"type":"Feature","geometry":{"type":"Point","coordinates":[-53.8426,-27.73355]},"properties":{"kind":"FIXED","limit_kmh":60,"source":"DNIT+OSM","active":false,"direction_deg":143}},{"type":"Feature","geometry":{"type":"Point","coordinates":[-51.458476,-27.686323]},"properties":{"kind":"FIXED","limit_kmh":null,"source":"DNIT","active":false,"direction_deg":359}},{"type":"Feature","geometry":{"type":"Point","coordinates":[-53.307883,-27.68315]},"properties":{"kind":"FIXED","limit_kmh":null,"source":"DNIT","active":false,"direction_deg":358}},{"type":"Feature","geometry":{"type":"Point","coordinates":[-51.45665,-27.68145]},"properties":{"kind":"FIXED","limit_kmh":null,"source":"DNIT","active":false,"direction_deg":208}},{"type":"Feature","geometry":{"type":"Point","coordinates":[-53.308083,-27.681083]},"properties":{"kind":"FIXED","limit_kmh":null,"source":"DNIT","active":false,"direction_deg":179}},{"type":"Feature","geometry":{"type":"Point","coordinates":[-52.290388,-27.677555]},"properties":{"kind":"FIXED","limit_kmh":40,"source":"OSM","active":true,"direction_deg":null}},{"type":"Feature","geometry":{"type":"Point","coordinates":[-51.454646,-27.676088]},"properties":{"kind":"FIXED","limit_kmh":null,"source":"DNIT","active":false,"direction_deg":358}},{"type":"Feature","geometry":{"type":"Point","coordinates":[-51.454946,-27.673562]},"properties":{"kind":"FIXED","limit_kmh":null,"source":"DNIT","active":false,"direction_deg":177}},{"type":"Feature","geometry":{"type":"Point","coordinates":[-52.296361,-27.663452]},"properties":{"kind":"FIXED","limit_kmh":50,"source":"INMETRO","active":true,"direction_deg":null}},{"type":"Feature","geometry":{"type":"Point","coordinates":[-53.316717,-27.659617]},"properties":{"kind":"FIXED","limit_kmh":null,"source":"DNIT","active":false,"direction_deg":null}},{"type":"Feature","geometry":{"type":"Point","coordinates":[-52.277791,-27.657092]},"properties":{"kind":"FIXED","limit_kmh":40,"source":"OSM","active":false,"direction_deg":null}},{"type":"Feature","geometry":{"type":"Point","coordinates":[-52.277856,-27.656978]},"properties":{"kind":"FIXED","limit_kmh":40,"source":"OSM","active":false,"direction_deg":null}},{"type":"Feature","geometry":{"type":"Point","coordinates":[-52.293417,-27.656554]},"properties":{"kind":"FIXED","limit_kmh":50,"source":"INMETRO","active":true,"direction_deg":null}},{"type":"Feature","geometry":{"type":"Point","coordinates":[-52.27604,-27.65624]},"properties":{"kind":"FIXED","limit_kmh":null,"source":"DNIT","active":false,"direction_deg":null}},{"type":"Feature","geometry":{"type":"Point","coordinates":[-52.293434,-27.656047]},"properties":{"kind":"FIXED","limit_kmh":50,"source":"INMETRO","active":true,"direction_deg":null}},{"type":"Feature","geometry":{"type":"Point","coordinates":[-52.268378,-27.655461]},"properties":{"kind":"FIXED","limit_kmh":60,"source":"DNIT+OSM","active":false,"direction_deg":null}},{"type":"Feature","geometry":{"type":"Point","coordinates":[-52.274964,-27.654554]},"properties":{"kind":"FIXED","limit_kmh":50,"source":"INMETRO","active":true,"direction_deg":null}},{"type":"Feature","geometry":{"type":"Point","coordinates":[-52.264891,-27.653828]},"properties":{"kind":"FIXED","limit_kmh":50,"source":"INMETRO","active":true,"direction_deg":null}},{"type":"Feature","geometry":{"type":"Point","coordinates":[-52.256617,-27.650633]},"properties":{"kind":"FIXED","limit_kmh":null,"source":"DNIT","active":false,"direction_deg":null}},{"type":"Feature","geometry":{"type":"Point","coordinates":[-52.267362,-27.648497]},"properties":{"kind":"FIXED","limit_kmh":40,"source":"INMETRO","active":true,"direction_deg":null}},{"type":"Feature","geometry":{"type":"Point","coordinates":[-52.296656,-27.648411]},"properties":{"kind":"FIXED","limit_kmh":40,"source":"INMETRO","active":true,"direction_deg":null}},{"type":"Feature","geometry":{"type":"Point","coordinates":[-52.247044,-27.643606]},"properties":{"kind":"FIXED","limit_kmh":40,"source":"DNIT+OSM","active":false,"direction_deg":57}},{"type":"Feature","geometry":{"type":"Point","coordinates":[-52.26596,-27.642838]},"properties":{"kind":"FIXED","limit_kmh":50,"source":"INMETRO","active":true,"direction_deg":null}},{"type":"Feature","geometry":{"type":"Point","coordinates":[-52.243736,-27.640945]},"properties":{"kind":"FIXED","limit_kmh":null,"source":"DNIT","active":false,"direction_deg":221}},{"type":"Feature","geometry":{"type":"Point","coordinates":[-52.243321,-27.640583]},"properties":{"kind":"FIXED","limit_kmh":40,"source":"OSM","active":false,"direction_deg":null}},{"type":"Feature","geometry":{"type":"Point","coordinates":[-52.304742,-27.640365]},"properties":{"kind":"FIXED","limit_kmh":50,"source":"INMETRO","active":true,"direction_deg":null}},{"type":"Feature","geometry":{"type":"Point","coordinates":[-52.271812,-27.638641]},"properties":{"kind":"FIXED","limit_kmh":50,"source":"INMETRO","active":true,"direction_deg":null}},{"type":"Feature","geometry":{"type":"Point","coordinates":[-52.289618,-27.63844]},"properties":{"kind":"FIXED","limit_kmh":50,"source":"INMETRO","active":true,"direction_deg":null}},{"type":"Feature","geometry":{"type":"Point","coordinates":[-52.263458,-27.637094]},"properties":{"kind":"FIXED","limit_kmh":50,"source":"INMETRO","active":true,"direction_deg":null}},{"type":"Feature","geometry":{"type":"Point","coordinates":[-52.286878,-27.636606]},"properties":{"kind":"FIXED","limit_kmh":50,"source":"INMETRO","active":true,"direction_deg":null}},{"type":"Feature","geometry":{"type":"Point","coordinates":[-52.280373,-27.635252]},"properties":{"kind":"FIXED","limit_kmh":50,"source":"INMETRO","active":true,"direction_deg":null}},{"type":"Feature","geometry":{"type":"Point","coordinates":[-52.279785,-27.635139]},"properties":{"kind":"FIXED","limit_kmh":50,"source":"INMETRO","active":true,"direction_deg":null}},{"type":"Feature","geometry":{"type":"Point","coordinates":[-52.259279,-27.63513]},"properties":{"kind":"FIXED","limit_kmh":50,"source":"INMETRO","active":true,"direction_deg":null}},{"type":"Feature","geometry":{"type":"Point","coordinates":[-52.281117,-27.634073]},"properties":{"kind":"FIXED","limit_kmh":50,"source":"INMETRO","active":true,"direction_deg":null}},{"type":"Feature","geometry":{"type":"Point","coordinates":[-52.255171,-27.632917]},"properties":{"kind":"FIXED","limit_kmh":50,"source":"INMETRO","active":true,"direction_deg":null}},{"type":"Feature","geometry":{"type":"Point","coordinates":[-52.274989,-27.632229]},"properties":{"kind":"FIXED","limit_kmh":50,"source":"INMETRO","active":true,"direction_deg":null}},{"type":"Feature","geometry":{"type":"Point","coordinates":[-52.275623,-27.632189]},"properties":{"kind":"FIXED","limit_kmh":50,"source":"INMETRO","active":true,"direction_deg":null}},{"type":"Feature","geometry":{"type":"Point","coordinates":[-51.468042,-27.628366]},"properties":{"kind":"FIXED","limit_kmh":null,"source":"DNIT","active":false,"direction_deg":317}},{"type":"Feature","geometry":{"type":"Point","coordinates":[-52.25532,-27.627402]},"properties":{"kind":"FIXED","limit_kmh":50,"source":"INMETRO","active":true,"direction_deg":null}},{"type":"Feature","geometry":{"type":"Point","coordinates":[-51.471508,-27.623787]},"properties":{"kind":"FIXED","limit_kmh":null,"source":"DNIT","active":false,"direction_deg":143}},{"type":"Feature","geometry":{"type":"Point","coordinates":[-52.236717,-27.623295]},"properties":{"kind":"FIXED","limit_kmh":null,"source":"DNIT","active":true,"direction_deg":334}},{"type":"Feature","geometry":{"type":"Point","coordinates":[-52.243508,-27.62191]},"properties":{"kind":"FIXED","limit_kmh":40,"source":"INMETRO","active":true,"direction_deg":null}},{"type":"Feature","geometry":{"type":"Point","coordinates":[-51.485733,-27.619117]},"properties":{"kind":"FIXED","limit_kmh":null,"source":"DNIT","active":false,"direction_deg":238}},{"type":"Feature","geometry":{"type":"Point","coordinates":[-51.486605,-27.618166]},"properties":{"kind":"FIXED","limit_kmh":null,"source":"DNIT","active":false,"direction_deg":230}},{"type":"Feature","geometry":{"type":"Point","coordinates":[-53.390133,-27.496583]},"properties":{"kind":"FIXED","limit_kmh":null,"source":"DNIT","active":false,"direction_deg":338}},{"type":"Feature","geometry":{"type":"Point","coordinates":[-53.39025,-27.493583]},"properties":{"kind":"FIXED","limit_kmh":null,"source":"DNIT","active":false,"direction_deg":204}},{"type":"Feature","geometry":{"type":"Point","coordinates":[-53.915967,-27.473933]},"properties":{"kind":"FIXED","limit_kmh":null,"source":"DNIT","active":false,"direction_deg":286}},{"type":"Feature","geometry":{"type":"Point","coordinates":[-53.4016,-27.472817]},"properties":{"kind":"FIXED","limit_kmh":null,"source":"DNIT","active":false,"direction_deg":325}},{"type":"Feature","geometry":{"type":"Point","coordinates":[-53.401917,-27.4726]},"properties":{"kind":"FIXED","limit_kmh":null,"source":"DNIT","active":false,"direction_deg":151}},{"type":"Feature","geometry":{"type":"Point","coordinates":[-53.941383,-27.459717]},"properties":{"kind":"FIXED","limit_kmh":null,"source":"DNIT","active":false,"direction_deg":314}},{"type":"Feature","geometry":{"type":"Point","coordinates":[-53.943133,-27.458333]},"properties":{"kind":"FIXED","limit_kmh":null,"source":"DNIT","active":false,"direction_deg":139}},{"type":"Feature","geometry":{"type":"Point","coordinates":[-53.9488,-27.44758]},"properties":{"kind":"FIXED","limit_kmh":null,"source":"DNIT","active":true,"direction_deg":347}},{"type":"Feature","geometry":{"type":"Point","coordinates":[-53.94985,-27.44401]},"properties":{"kind":"FIXED","limit_kmh":null,"source":"DNIT","active":true,"direction_deg":168}},{"type":"Feature","geometry":{"type":"Point","coordinates":[-52.08068,-27.43306]},"properties":{"kind":"FIXED","limit_kmh":null,"source":"DNIT","active":false,"direction_deg":51}},{"type":"Feature","geometry":{"type":"Point","coordinates":[-52.07975,-27.43223]},"properties":{"kind":"FIXED","limit_kmh":null,"source":"DNIT","active":false,"direction_deg":231}},{"type":"Feature","geometry":{"type":"Point","coordinates":[-53.415412,-27.409548]},"properties":{"kind":"SECTION","limit_kmh":50,"source":"OSM","active":true,"end":[-53.415023,-27.408339],"direction_deg":null}},{"type":"Feature","geometry":{"type":"Point","coordinates":[-53.415033,-27.408533]},"properties":{"kind":"FIXED","limit_kmh":50,"source":"DNIT+OSM","active":false,"direction_deg":16}},{"type":"Feature","geometry":{"type":"Point","coordinates":[-53.413833,-27.405867]},"properties":{"kind":"FIXED","limit_kmh":50,"source":"DNIT+OSM","active":false,"direction_deg":212}},{"type":"Feature","geometry":{"type":"Point","coordinates":[-53.413375,-27.405312]},"properties":{"kind":"SECTION","limit_kmh":50,"source":"OSM","active":true,"end":[-53.413993,-27.406129],"direction_deg":null}},{"type":"Feature","geometry":{"type":"Point","coordinates":[-53.398769,-27.378533]},"properties":{"kind":"SECTION","limit_kmh":50,"source":"OSM","active":true,"end":[-53.398472,-27.377481],"direction_deg":null}},{"type":"Feature","geometry":{"type":"Point","coordinates":[-53.398587,-27.377905]},"properties":{"kind":"FIXED","limit_kmh":null,"source":"DNIT","active":false,"direction_deg":13}},{"type":"Feature","geometry":{"type":"Point","coordinates":[-53.398507,-27.377592]},"properties":{"kind":"FIXED","limit_kmh":50,"source":"OSM","active":true,"direction_deg":null}},{"type":"Feature","geometry":{"type":"Point","coordinates":[-53.397878,-27.375515]},"properties":{"kind":"FIXED","limit_kmh":50,"source":"DNIT+OSM","active":true,"direction_deg":192}},{"type":"Feature","geometry":{"type":"Point","coordinates":[-53.397722,-27.374775]},"properties":{"kind":"SECTION","limit_kmh":50,"source":"OSM","active":true,"end":[-53.397847,-27.375576],"direction_deg":null}},{"type":"Feature","geometry":{"type":"Point","coordinates":[-53.39663,-27.36684]},"properties":{"kind":"FIXED","limit_kmh":50,"source":"DNIT+OSM","active":false,"direction_deg":39}},{"type":"Feature","geometry":{"type":"Point","coordinates":[-53.396173,-27.366211]},"properties":{"kind":"SECTION","limit_kmh":50,"source":"OSM","active":true,"end":[-53.396688,-27.366786],"direction_deg":null}},{"type":"Feature","geometry":{"type":"Point","coordinates":[-53.395517,-27.36555]},"properties":{"kind":"FIXED","limit_kmh":null,"source":"DNIT","active":false,"direction_deg":226}},{"type":"Feature","geometry":{"type":"Point","coordinates":[-54.125617,-27.357533]},"properties":{"kind":"FIXED","limit_kmh":null,"source":"DNIT","active":false,"direction_deg":318}},{"type":"Feature","geometry":{"type":"Point","coordinates":[-54.126867,-27.356117]},"properties":{"kind":"FIXED","limit_kmh":50,"source":"DNIT+OSM","active":false,"direction_deg":142}},{"type":"Feature","geometry":{"type":"Point","coordinates":[-53.387099,-27.355442]},"properties":{"kind":"SECTION","limit_kmh":50,"source":"OSM","active":true,"end":[-53.386792,-27.354571],"direction_deg":null}},{"type":"Feature","geometry":{"type":"Point","coordinates":[-53.38688,-27.35505]},"properties":{"kind":"FIXED","limit_kmh":null,"source":"DNIT","active":false,"direction_deg":19}},{"type":"Feature","geometry":{"type":"Point","coordinates":[-53.386816,-27.354635]},"properties":{"kind":"FIXED","limit_kmh":50,"source":"OSM","active":true,"direction_deg":null}},{"type":"Feature","geometry":{"type":"Point","coordinates":[-54.128394,-27.354548]},"properties":{"kind":"FIXED","limit_kmh":50,"source":"OSM","active":false,"direction_deg":null}},{"type":"Feature","geometry":{"type":"Point","coordinates":[-53.386483,-27.353383]},"properties":{"kind":"FIXED","limit_kmh":50,"source":"DNIT+OSM","active":false,"direction_deg":187}},{"type":"Feature","geometry":{"type":"Point","coordinates":[-53.38638,-27.35219]},"properties":{"kind":"SECTION","limit_kmh":50,"source":"OSM","active":true,"end":[-53.386438,-27.35343],"direction_deg":null}},{"type":"Feature","geometry":{"type":"Point","coordinates":[-53.267807,-27.191285]},"properties":{"kind":"SECTION","limit_kmh":null,"source":"OSM","active":true,"end":[-53.266288,-27.190766],"direction_deg":null}},{"type":"Feature","geometry":{"type":"Point","coordinates":[-53.266433,-27.190883]},"properties":{"kind":"FIXED","limit_kmh":50,"source":"DNIT+OSM","active":false,"direction_deg":64}},{"type":"Feature","geometry":{"type":"Point","coordinates":[-53.26265,-27.188317]},"properties":{"kind":"FIXED","limit_kmh":null,"source":"DNIT","active":false,"direction_deg":239}},{"type":"Feature","geometry":{"type":"Point","coordinates":[-53.26182,-27.187991]},"properties":{"kind":"FIXED","limit_kmh":50,"source":"OSM","active":true,"direction_deg":null}},{"type":"Feature","geometry":{"type":"Point","coordinates":[-53.261064,-27.187704]},"properties":{"kind":"SECTION","limit_kmh":null,"source":"OSM","active":true,"end":[-53.261912,-27.188031],"direction_deg":null}}]}