{"type":"FeatureCollection","attribution":"Pardal — © colaboradores do OpenStreetMap (ODbL 1.0) e fontes abertas listadas no README","features":[{"type":"Feature","geometry":{"type":"Point","coordinates":[-46.314047,-22.827892]},"properties":{"kind":"FIXED","limit_kmh":80,"source":"ANTT","active":true,"direction_deg":16}},{"type":"Feature","geometry":{"type":"Point","coordinates":[-46.265016,-22.808602]},"properties":{"kind":"FIXED","limit_kmh":80,"source":"OSM","active":true,"direction_deg":null}},{"type":"Feature","geometry":{"type":"Point","coordinates":[-46.261658,-22.807197]},"properties":{"kind":"FIXED","limit_kmh":80,"source":"ANTT","active":true,"direction_deg":null}},{"type":"Feature","geometry":{"type":"Point","coordinates":[-45.745609,-22.793283]},"properties":{"kind":"FIXED","limit_kmh":null,"source":"OSM","active":true,"direction_deg":null}},{"type":"Feature","geometry":{"type":"Point","coordinates":[-45.745523,-22.792904]},"properties":{"kind":"FIXED","limit_kmh":60,"source":"OSM","active":true,"direction_deg":null}},{"type":"Feature","geometry":{"type":"Point","coordinates":[-46.160531,-22.776168]},"properties":{"kind":"FIXED","limit_kmh":60,"source":"OSM","active":true,"direction_deg":null}},{"type":"Feature","geometry":{"type":"Point","coordinates":[-46.185834,-22.77438]},"properties":{"kind":"FIXED","limit_kmh":80,"source":"ANTT","active":true,"direction_deg":214}},{"type":"Feature","geometry":{"type":"Point","coordinates":[-46.185446,-22.774044]},"properties":{"kind":"FIXED","limit_kmh":80,"source":"OSM","active":true,"direction_deg":null}},{"type":"Feature","geometry":{"type":"Point","coordinates":[-46.238842,-22.773817]},"properties":{"kind":"FIXED","limit_kmh":80,"source":"ANTT","active":true,"direction_deg":189}},{"type":"Feature","geometry":{"type":"Point","coordinates":[-46.167037,-22.760636]},"properties":{"kind":"FIXED","limit_kmh":80,"source":"OSM","active":true,"direction_deg":null}},{"type":"Feature","geometry":{"type":"Point","coordinates":[-46.167674,-22.760561]},"properties":{"kind":"FIXED","limit_kmh":80,"source":"ANTT","active":true,"direction_deg":268}},{"type":"Feature","geometry":{"type":"Point","coordinates":[-46.330936,-22.760296]},"properties":{"kind":"FIXED","limit_kmh":60,"source":"OSM","active":true,"direction_deg":null}},{"type":"Feature","geometry":{"type":"Point","coordinates":[-46.09803,-22.676048]},"properties":{"kind":"FIXED","limit_kmh":80,"source":"ANTT","active":true,"direction_deg":1}},{"type":"Feature","geometry":{"type":"Point","coordinates":[-46.018149,-22.510753]},"properties":{"kind":"FIXED","limit_kmh":80,"source":"ANTT","active":true,"direction_deg":48}},{"type":"Feature","geometry":{"type":"Point","coordinates":[-45.490233,-22.488422]},"properties":{"kind":"FIXED","limit_kmh":60,"source":"OSM","active":true,"direction_deg":null}},{"type":"Feature","geometry":{"type":"Point","coordinates":[-45.49022,-22.488302]},"properties":{"kind":"FIXED","limit_kmh":60,"source":"OSM","active":true,"direction_deg":null}},{"type":"Feature","geometry":{"type":"Point","coordinates":[-45.676873,-22.488015]},"properties":{"kind":"FIXED","limit_kmh":60,"source":"OSM","active":true,"direction_deg":null}},{"type":"Feature","geometry":{"type":"Point","coordinates":[-45.781733,-22.476265]},"properties":{"kind":"FIXED","limit_kmh":40,"source":"OSM","active":true,"direction_deg":null}},{"type":"Feature","geometry":{"type":"Point","coordinates":[-44.998464,-22.463291]},"properties":{"kind":"FIXED","limit_kmh":null,"source":"OSM","active":true,"direction_deg":null}},{"type":"Feature","geometry":{"type":"Point","coordinates":[-45.484301,-22.423428]},"properties":{"kind":"FIXED","limit_kmh":40,"source":"OSM","active":true,"direction_deg":null}},{"type":"Feature","geometry":{"type":"Point","coordinates":[-45.484039,-22.42331]},"properties":{"kind":"FIXED","limit_kmh":40,"source":"OSM","active":true,"direction_deg":null}},{"type":"Feature","geometry":{"type":"Point","coordinates":[-45.538088,-22.411158]},"properties":{"kind":"FIXED","limit_kmh":40,"source":"OSM","active":true,"direction_deg":null}},{"type":"Feature","geometry":{"type":"Point","coordinates":[-45.53216,-22.405207]},"properties":{"kind":"FIXED","limit_kmh":60,"source":"OSM","active":true,"direction_deg":null}},{"type":"Feature","geometry":{"type":"Point","coordinates":[-44.977851,-22.401579]},"properties":{"kind":"FIXED","limit_kmh":null,"source":"OSM","active":true,"direction_deg":null}},{"type":"Feature","geometry":{"type":"Point","coordinates":[-44.976819,-22.400921]},"properties":{"kind":"FIXED","limit_kmh":null,"source":"OSM","active":true,"direction_deg":null}},{"type":"Feature","geometry":{"type":"Point","coordinates":[-44.962422,-22.390879]},"properties":{"kind":"FIXED","limit_kmh":null,"source":"OSM","active":true,"direction_deg":null}},{"type":"Feature","geometry":{"type":"Point","coordinates":[-44.962603,-22.376058]},"properties":{"kind":"FIXED","limit_kmh":null,"source":"OSM","active":true,"direction_deg":null}},{"type":"Feature","geometry":{"type":"Point","coordinates":[-44.945726,-22.344653]},"properties":{"kind":"FIXED","limit_kmh":null,"source":"OSM","active":true,"direction_deg":null}},{"type":"Feature","geometry":{"type":"Point","coordinates":[-44.934717,-22.330593]},"properties":{"kind":"FIXED","limit_kmh":null,"source":"OSM","active":true,"direction_deg":null}},{"type":"Feature","geometry":{"type":"Point","coordinates":[-44.929964,-22.305183]},"properties":{"kind":"FIXED","limit_kmh":null,"source":"OSM","active":true,"direction_deg":null}},{"type":"Feature","geometry":{"type":"Point","coordinates":[-44.926751,-22.301726]},"properties":{"kind":"FIXED","limit_kmh":null,"source":"OSM","active":true,"direction_deg":null}},{"type":"Feature","geometry":{"type":"Point","coordinates":[-44.932174,-22.290954]},"properties":{"kind":"FIXED","limit_kmh":null,"source":"OSM","active":true,"direction_deg":null}},{"type":"Feature","geometry":{"type":"Point","coordinates":[-44.932377,-22.290693]},"properties":{"kind":"FIXED","limit_kmh":40,"source":"OSM","active":true,"direction_deg":null}},{"type":"Feature","geometry":{"type":"Point","coordinates":[-45.910598,-22.286685]},"properties":{"kind":"FIXED","limit_kmh":50,"source":"OSM","active":true,"direction_deg":null}},{"type":"Feature","geometry":{"type":"Point","coordinates":[-45.911564,-22.285702]},"properties":{"kind":"FIXED","limit_kmh":50,"source":"INMETRO+OSM","active":true,"direction_deg":null}},{"type":"Feature","geometry":{"type":"Point","coordinates":[-45.923909,-22.270601]},"properties":{"kind":"FIXED","limit_kmh":60,"source":"INMETRO","active":true,"direction_deg":null}},{"type":"Feature","geometry":{"type":"Point","coordinates":[-45.772602,-22.261508]},"properties":{"kind":"FIXED","limit_kmh":50,"source":"OSM","active":true,"direction_deg":null}},{"type":"Feature","geometry":{"type":"Point","coordinates":[-45.773961,-22.261119]},"properties":{"kind":"FIXED","limit_kmh":50,"source":"OSM","active":true,"direction_deg":null}},{"type":"Feature","geometry":{"type":"Point","coordinates":[-44.93089,-22.25315]},"properties":{"kind":"FIXED","limit_kmh":40,"source":"DNIT","active":true,"direction_deg":null}},{"type":"Feature","geometry":{"type":"Point","coordinates":[-45.863894,-22.237803]},"properties":{"kind":"FIXED","limit_kmh":60,"source":"OSM","active":true,"direction_deg":null}},{"type":"Feature","geometry":{"type":"Point","coordinates":[-45.876764,-22.233475]},"properties":{"kind":"FIXED","limit_kmh":80,"source":"ANTT","active":true,"direction_deg":29}},{"type":"Feature","geometry":{"type":"Point","coordinates":[-45.91196,-22.227375]},"properties":{"kind":"FIXED","limit_kmh":60,"source":"INMETRO","active":true,"direction_deg":null}},{"type":"Feature","geometry":{"type":"Point","coordinates":[-45.909325,-22.227353]},"properties":{"kind":"FIXED","limit_kmh":60,"source":"INMETRO","active":true,"direction_deg":null}},{"type":"Feature","geometry":{"type":"Point","coordinates":[-45.929948,-22.218029]},"properties":{"kind":"FIXED","limit_kmh":40,"source":"INMETRO","active":true,"direction_deg":null}},{"type":"Feature","geometry":{"type":"Point","coordinates":[-45.932666,-22.217823]},"properties":{"kind":"FIXED","limit_kmh":40,"source":"INMETRO","active":true,"direction_deg":null}},{"type":"Feature","geometry":{"type":"Point","coordinates":[-44.975951,-22.190797]},"properties":{"kind":"FIXED","limit_kmh":40,"source":"DNIT+OSM","active":true,"direction_deg":null}},{"type":"Feature","geometry":{"type":"Point","coordinates":[-45.321598,-22.189422]},"properties":{"kind":"FIXED","limit_kmh":60,"source":"OSM","active":true,"direction_deg":null}},{"type":"Feature","geometry":{"type":"Point","coordinates":[-45.91975,-22.125177]},"properties":{"kind":"FIXED","limit_kmh":60,"source":"OSM","active":true,"direction_deg":null}},{"type":"Feature","geometry":{"type":"Point","coordinates":[-45.073353,-22.124974]},"properties":{"kind":"FIXED","limit_kmh":60,"source":"OSM","active":true,"direction_deg":null}},{"type":"Feature","geometry":{"type":"Point","coordinates":[-45.084469,-22.12415]},"properties":{"kind":"FIXED","limit_kmh":40,"source":"OSM","active":true,"direction_deg":null}},{"type":"Feature","geometry":{"type":"Point","coordinates":[-45.084282,-22.124085]},"properties":{"kind":"FIXED","limit_kmh":40,"source":"OSM","active":true,"direction_deg":null}},{"type":"Feature","geometry":{"type":"Point","coordinates":[-45.071312,-22.123228]},"properties":{"kind":"FIXED","limit_kmh":40,"source":"OSM","active":true,"direction_deg":null}},{"type":"Feature","geometry":{"type":"Point","coordinates":[-45.910638,-22.111759]},"properties":{"kind":"FIXED","limit_kmh":60,"source":"OSM","active":true,"direction_deg":null}},{"type":"Feature","geometry":{"type":"Point","coordinates":[-45.878716,-22.087315]},"properties":{"kind":"FIXED","limit_kmh":60,"source":"OSM","active":true,"direction_deg":null}},{"type":"Feature","geometry":{"type":"Point","coordinates":[-45.037771,-22.066682]},"properties":{"kind":"FIXED","limit_kmh":80,"source":"OSM","active":true,"direction_deg":null}},{"type":"Feature","geometry":{"type":"Point","coordinates":[-45.879049,-22.033913]},"properties":{"kind":"FIXED","limit_kmh":60,"source":"OSM","active":true,"direction_deg":null}},{"type":"Feature","geometry":{"type":"Point","coordinates":[-45.87726,-22.031443]},"properties":{"kind":"FIXED","limit_kmh":60,"source":"OSM","active":true,"direction_deg":null}},{"type":"Feature","geometry":{"type":"Point","coordinates":[-44.931119,-21.969394]},"properties":{"kind":"FIXED","limit_kmh":null,"source":"OSM","active":true,"direction_deg":null}},{"type":"Feature","geometry":{"type":"Point","coordinates":[-45.001889,-21.947932]},"properties":{"kind":"FIXED","limit_kmh":null,"source":"OSM","active":true,"direction_deg":null}},{"type":"Feature","geometry":{"type":"Point","coordinates":[-44.868859,-21.936784]},"properties":{"kind":"FIXED","limit_kmh":null,"source":"OSM","active":true,"direction_deg":null}},{"type":"Feature","geometry":{"type":"Point","coordinates":[-44.57645,-21.934534]},"properties":{"kind":"FIXED","limit_kmh":40,"source":"OSM","active":true,"direction_deg":null}},{"type":"Feature","geometry":{"type":"Point","coordinates":[-44.576012,-21.934513]},"properties":{"kind":"FIXED","limit_kmh":40,"source":"DNIT","active":true,"direction_deg":null}},{"type":"Feature","geometry":{"type":"Point","coordinates":[-45.110888,-21.926488]},"properties":{"kind":"FIXED","limit_kmh":60,"source":"OSM","active":true,"direction_deg":null}},{"type":"Feature","geometry":{"type":"Point","coordinates":[-44.82063,-21.92317]},"properties":{"kind":"FIXED","limit_kmh":40,"source":"DNIT+OSM","active":true,"direction_deg":null}},{"type":"Feature","geometry":{"type":"Point","coordinates":[-43.320567,-21.923099]},"properties":{"kind":"FIXED","limit_kmh":70,"source":"ANTT","active":true,"direction_deg":322}},{"type":"Feature","geometry":{"type":"Point","coordinates":[-43.321937,-21.921387]},"properties":{"kind":"FIXED","limit_kmh":70,"source":"OSM","active":true,"direction_deg":null}},{"type":"Feature","geometry":{"type":"Point","coordinates":[-43.322804,-21.918528]},"properties":{"kind":"FIXED","limit_kmh":70,"source":"ANTT","active":true,"direction_deg":207}},{"type":"Feature","geometry":{"type":"Point","coordinates":[-43.322552,-21.917811]},"properties":{"kind":"FIXED","limit_kmh":70,"source":"OSM","active":true,"direction_deg":null}},{"type":"Feature","geometry":{"type":"Point","coordinates":[-43.95274,-21.898742]},"properties":{"kind":"FIXED","limit_kmh":60,"source":"DNIT","active":true,"direction_deg":27}},{"type":"Feature","geometry":{"type":"Point","coordinates":[-43.952179,-21.894676]},"properties":{"kind":"FIXED","limit_kmh":60,"source":"DNIT","active":true,"direction_deg":null}},{"type":"Feature","geometry":{"type":"Point","coordinates":[-45.254334,-21.894368]},"properties":{"kind":"FIXED","limit_kmh":null,"source":"OSM","active":true,"direction_deg":null}},{"type":"Feature","geometry":{"type":"Point","coordinates":[-45.317481,-21.870497]},"properties":{"kind":"FIXED","limit_kmh":null,"source":"OSM","active":true,"direction_deg":null}},{"type":"Feature","geometry":{"type":"Point","coordinates":[-42.671022,-21.866958]},"properties":{"kind":"FIXED","limit_kmh":50,"source":"ANTT","active":true,"direction_deg":358}},{"type":"Feature","geometry":{"type":"Point","coordinates":[-42.671317,-21.865942]},"properties":{"kind":"FIXED","limit_kmh":50,"source":"OSM","active":true,"direction_deg":null}},{"type":"Feature","geometry":{"type":"Point","coordinates":[-42.672251,-21.865064]},"properties":{"kind":"FIXED","limit_kmh":50,"source":"ANTT+OSM","active":true,"direction_deg":135}},{"type":"Feature","geometry":{"type":"Point","coordinates":[-45.313289,-21.85289]},"properties":{"kind":"FIXED","limit_kmh":40,"source":"OSM","active":true,"direction_deg":null}},{"type":"Feature","geometry":{"type":"Point","coordinates":[-43.025477,-21.851581]},"properties":{"kind":"FIXED","limit_kmh":60,"source":"OSM","active":true,"direction_deg":null}},{"type":"Feature","geometry":{"type":"Point","coordinates":[-46.680779,-21.845505]},"properties":{"kind":"FIXED","limit_kmh":null,"source":"OSM","active":true,"direction_deg":null}},{"type":"Feature","geometry":{"type":"Point","coordinates":[-46.680688,-21.845457]},"properties":{"kind":"FIXED","limit_kmh":60,"source":"OSM","active":true,"direction_deg":null}},{"type":"Feature","geometry":{"type":"Point","coordinates":[-46.671305,-21.842573]},"properties":{"kind":"FIXED","limit_kmh":60,"source":"OSM","active":true,"direction_deg":null}},{"type":"Feature","geometry":{"type":"Point","coordinates":[-46.63156,-21.837895]},"properties":{"kind":"FIXED","limit_kmh":40,"source":"OSM","active":true,"direction_deg":null}},{"type":"Feature","geometry":{"type":"Point","coordinates":[-46.67457,-21.83781]},"properties":{"kind":"FIXED","limit_kmh":60,"source":"OSM","active":true,"direction_deg":null}},{"type":"Feature","geometry":{"type":"Point","coordinates":[-46.646061,-21.832785]},"properties":{"kind":"FIXED","limit_kmh":60,"source":"OSM","active":true,"direction_deg":null}},{"type":"Feature","geometry":{"type":"Point","coordinates":[-46.645299,-21.832621]},"properties":{"kind":"FIXED","limit_kmh":60,"source":"OSM","active":true,"direction_deg":null}},{"type":"Feature","geometry":{"type":"Point","coordinates":[-45.413697,-21.825868]},"properties":{"kind":"FIXED","limit_kmh":40,"source":"OSM","active":true,"direction_deg":null}},{"type":"Feature","geometry":{"type":"Point","coordinates":[-46.522218,-21.825856]},"properties":{"kind":"FIXED","limit_kmh":60,"source":"OSM","active":true,"direction_deg":null}},{"type":"Feature","geometry":{"type":"Point","coordinates":[-43.375498,-21.813498]},"properties":{"kind":"FIXED","limit_kmh":60,"source":"OSM","active":true,"direction_deg":null}},{"type":"Feature","geometry":{"type":"Point","coordinates":[-46.513513,-21.808843]},"properties":{"kind":"FIXED","limit_kmh":60,"source":"INMETRO","active":true,"direction_deg":null}},{"type":"Feature","geometry":{"type":"Point","coordinates":[-43.376282,-21.807105]},"properties":{"kind":"FIXED","limit_kmh":60,"source":"INMETRO","active":true,"direction_deg":null}},{"type":"Feature","geometry":{"type":"Point","coordinates":[-46.493277,-21.806025]},"properties":{"kind":"FIXED","limit_kmh":60,"source":"OSM","active":true,"direction_deg":null}},{"type":"Feature","geometry":{"type":"Point","coordinates":[-43.369893,-21.801596]},"properties":{"kind":"FIXED","limit_kmh":60,"source":"INMETRO+OSM","active":true,"direction_deg":null}},{"type":"Feature","geometry":{"type":"Point","coordinates":[-46.649029,-21.800155]},"properties":{"kind":"FIXED","limit_kmh":60,"source":"OSM","active":true,"direction_deg":null}},{"type":"Feature","geometry":{"type":"Point","coordinates":[-46.51367,-21.799421]},"properties":{"kind":"FIXED","limit_kmh":60,"source":"OSM","active":true,"direction_deg":null}},{"type":"Feature","geometry":{"type":"Point","coordinates":[-46.513723,-21.799276]},"properties":{"kind":"FIXED","limit_kmh":60,"source":"OSM","active":true,"direction_deg":null}},{"type":"Feature","geometry":{"type":"Point","coordinates":[-46.523953,-21.794642]},"properties":{"kind":"FIXED","limit_kmh":40,"source":"OSM","active":true,"direction_deg":null}},{"type":"Feature","geometry":{"type":"Point","coordinates":[-46.523902,-21.794541]},"properties":{"kind":"FIXED","limit_kmh":40,"source":"OSM","active":true,"direction_deg":null}},{"type":"Feature","geometry":{"type":"Point","coordinates":[-46.570356,-21.792423]},"properties":{"kind":"SECTION","limit_kmh":40,"source":"OSM","active":true,"end":[-46.570307,-21.792618],"direction_deg":null}},{"type":"Feature","geometry":{"type":"Point","coordinates":[-43.299579,-21.787783]},"properties":{"kind":"FIXED","limit_kmh":50,"source":"DNIT","active":true,"direction_deg":null}},{"type":"Feature","geometry":{"type":"Point","coordinates":[-43.300355,-21.786777]},"properties":{"kind":"FIXED","limit_kmh":50,"source":"DNIT","active":true,"direction_deg":null}},{"type":"Feature","geometry":{"type":"Point","coordinates":[-46.560426,-21.786642]},"properties":{"kind":"FIXED","limit_kmh":50,"source":"OSM","active":true,"direction_deg":null}},{"type":"Feature","geometry":{"type":"Point","coordinates":[-46.579018,-21.785881]},"properties":{"kind":"FIXED","limit_kmh":60,"source":"INMETRO","active":true,"direction_deg":null}},{"type":"Feature","geometry":{"type":"Point","coordinates":[-43.360572,-21.784371]},"properties":{"kind":"FIXED","limit_kmh":50,"source":"INMETRO","active":true,"direction_deg":null}},{"type":"Feature","geometry":{"type":"Point","coordinates":[-43.300082,-21.783459]},"properties":{"kind":"FIXED","limit_kmh":50,"source":"DNIT","active":true,"direction_deg":null}},{"type":"Feature","geometry":{"type":"Point","coordinates":[-46.598266,-21.782473]},"properties":{"kind":"FIXED","limit_kmh":60,"source":"INMETRO","active":true,"direction_deg":null}},{"type":"Feature","geometry":{"type":"Point","coordinates":[-43.34439,-21.781478]},"properties":{"kind":"FIXED","limit_kmh":50,"source":"INMETRO","active":true,"direction_deg":null}},{"type":"Feature","geometry":{"type":"Point","coordinates":[-43.364408,-21.78127]},"properties":{"kind":"FIXED","limit_kmh":50,"source":"OSM","active":true,"direction_deg":null}},{"type":"Feature","geometry":{"type":"Point","coordinates":[-46.435071,-21.780928]},"properties":{"kind":"FIXED","limit_kmh":80,"source":"OSM","active":true,"direction_deg":null}},{"type":"Feature","geometry":{"type":"Point","coordinates":[-43.359418,-21.778691]},"properties":{"kind":"FIXED","limit_kmh":60,"source":"INMETRO","active":true,"direction_deg":null}},{"type":"Feature","geometry":{"type":"Point","coordinates":[-43.316168,-21.770493]},"properties":{"kind":"FIXED","limit_kmh":40,"source":"INMETRO","active":true,"direction_deg":null}},{"type":"Feature","geometry":{"type":"Point","coordinates":[-43.354044,-21.764904]},"properties":{"kind":"FIXED","limit_kmh":50,"source":"INMETRO","active":true,"direction_deg":null}},{"type":"Feature","geometry":{"type":"Point","coordinates":[-43.344758,-21.761538]},"properties":{"kind":"FIXED","limit_kmh":50,"source":"INMETRO+OSM","active":true,"direction_deg":null}},{"type":"Feature","geometry":{"type":"Point","coordinates":[-43.344544,-21.758982]},"properties":{"kind":"FIXED","limit_kmh":50,"source":"INMETRO","active":true,"direction_deg":null}},{"type":"Feature","geometry":{"type":"Point","coordinates":[-43.343589,-21.756374]},"properties":{"kind":"FIXED","limit_kmh":60,"source":"INMETRO","active":true,"direction_deg":null}},{"type":"Feature","geometry":{"type":"Point","coordinates":[-43.351156,-21.755248]},"properties":{"kind":"FIXED","limit_kmh":40,"source":"INMETRO","active":true,"direction_deg":null}},{"type":"Feature","geometry":{"type":"Point","coordinates":[-43.34713,-21.754196]},"properties":{"kind":"FIXED","limit_kmh":40,"source":"INMETRO","active":true,"direction_deg":null}},{"type":"Feature","geometry":{"type":"Point","coordinates":[-43.358448,-21.753738]},"properties":{"kind":"FIXED","limit_kmh":40,"source":"INMETRO","active":true,"direction_deg":null}},{"type":"Feature","geometry":{"type":"Point","coordinates":[-43.355894,-21.749259]},"properties":{"kind":"FIXED","limit_kmh":50,"source":"INMETRO","active":true,"direction_deg":null}},{"type":"Feature","geometry":{"type":"Point","coordinates":[-43.36389,-21.745128]},"properties":{"kind":"FIXED","limit_kmh":50,"source":"INMETRO","active":true,"direction_deg":null}},{"type":"Feature","geometry":{"type":"Point","coordinates":[-43.367479,-21.744604]},"properties":{"kind":"FIXED","limit_kmh":60,"source":"INMETRO","active":true,"direction_deg":null}},{"type":"Feature","geometry":{"type":"Point","coordinates":[-43.354109,-21.74315]},"properties":{"kind":"FIXED","limit_kmh":40,"source":"INMETRO","active":true,"direction_deg":null}},{"type":"Feature","geometry":{"type":"Point","coordinates":[-43.354908,-21.740965]},"properties":{"kind":"FIXED","limit_kmh":60,"source":"INMETRO","active":true,"direction_deg":null}},{"type":"Feature","geometry":{"type":"Point","coordinates":[-43.389006,-21.736809]},"properties":{"kind":"FIXED","limit_kmh":60,"source":"OSM","active":true,"direction_deg":null}},{"type":"Feature","geometry":{"type":"Point","coordinates":[-43.380396,-21.736755]},"properties":{"kind":"FIXED","limit_kmh":60,"source":"INMETRO","active":true,"direction_deg":null}},{"type":"Feature","geometry":{"type":"Point","coordinates":[-43.33071,-21.735377]},"properties":{"kind":"FIXED","limit_kmh":40,"source":"INMETRO","active":true,"direction_deg":null}},{"type":"Feature","geometry":{"type":"Point","coordinates":[-46.381276,-21.73503]},"properties":{"kind":"FIXED","limit_kmh":60,"source":"OSM","active":true,"direction_deg":null}},{"type":"Feature","geometry":{"type":"Point","coordinates":[-43.43931,-21.732482]},"properties":{"kind":"FIXED","limit_kmh":70,"source":"ANTT","active":true,"direction_deg":59}},{"type":"Feature","geometry":{"type":"Point","coordinates":[-43.438762,-21.732387]},"properties":{"kind":"FIXED","limit_kmh":70,"source":"OSM","active":true,"direction_deg":null}},{"type":"Feature","geometry":{"type":"Point","coordinates":[-43.051418,-21.729248]},"properties":{"kind":"FIXED","limit_kmh":40,"source":"DNIT","active":true,"direction_deg":null}},{"type":"Feature","geometry":{"type":"Point","coordinates":[-43.396217,-21.727741]},"properties":{"kind":"FIXED","limit_kmh":60,"source":"OSM","active":true,"direction_deg":null}},{"type":"Feature","geometry":{"type":"Point","coordinates":[-46.351971,-21.725432]},"properties":{"kind":"FIXED","limit_kmh":60,"source":"OSM","active":true,"direction_deg":null}},{"type":"Feature","geometry":{"type":"Point","coordinates":[-43.352628,-21.725296]},"properties":{"kind":"FIXED","limit_kmh":50,"source":"INMETRO","active":true,"direction_deg":null}},{"type":"Feature","geometry":{"type":"Point","coordinates":[-43.350904,-21.725158]},"properties":{"kind":"FIXED","limit_kmh":50,"source":"INMETRO","active":true,"direction_deg":null}},{"type":"Feature","geometry":{"type":"Point","coordinates":[-43.492523,-21.710925]},"properties":{"kind":"FIXED","limit_kmh":50,"source":"DNIT","active":true,"direction_deg":null}},{"type":"Feature","geometry":{"type":"Point","coordinates":[-43.489182,-21.710897]},"properties":{"kind":"FIXED","limit_kmh":50,"source":"DNIT","active":true,"direction_deg":null}},{"type":"Feature","geometry":{"type":"Point","coordinates":[-43.484059,-21.709028]},"properties":{"kind":"FIXED","limit_kmh":50,"source":"OSM","active":true,"direction_deg":null}},{"type":"Feature","geometry":{"type":"Point","coordinates":[-43.483793,-21.708877]},"properties":{"kind":"FIXED","limit_kmh":50,"source":"DNIT","active":true,"direction_deg":null}},{"type":"Feature","geometry":{"type":"Point","coordinates":[-43.483492,-21.708827]},"properties":{"kind":"FIXED","limit_kmh":50,"source":"OSM","active":true,"direction_deg":null}},{"type":"Feature","geometry":{"type":"Point","coordinates":[-43.450934,-21.705809]},"properties":{"kind":"FIXED","limit_kmh":70,"source":"OSM","active":true,"direction_deg":null}},{"type":"Feature","geometry":{"type":"Point","coordinates":[-43.450948,-21.705447]},"properties":{"kind":"FIXED","limit_kmh":70,"source":"ANTT","active":true,"direction_deg":9}},{"type":"Feature","geometry":{"type":"Point","coordinates":[-43.451488,-21.705014]},"properties":{"kind":"FIXED","limit_kmh":70,"source":"OSM","active":true,"direction_deg":null}},{"type":"Feature","geometry":{"type":"Point","coordinates":[-43.451743,-21.704476]},"properties":{"kind":"FIXED","limit_kmh":70,"source":"ANTT","active":true,"direction_deg":184}},{"type":"Feature","geometry":{"type":"Point","coordinates":[-43.451758,-21.704174]},"properties":{"kind":"FIXED","limit_kmh":70,"source":"OSM","active":true,"direction_deg":null}},{"type":"Feature","geometry":{"type":"Point","coordinates":[-46.258958,-21.699148]},"properties":{"kind":"FIXED","limit_kmh":60,"source":"OSM","active":true,"direction_deg":null}},{"type":"Feature","geometry":{"type":"Point","coordinates":[-45.906673,-21.698437]},"properties":{"kind":"FIXED","limit_kmh":60,"source":"OSM","active":true,"direction_deg":null}},{"type":"Feature","geometry":{"type":"Point","coordinates":[-45.920796,-21.686984]},"properties":{"kind":"FIXED","limit_kmh":40,"source":"OSM","active":true,"direction_deg":null}},{"type":"Feature","geometry":{"type":"Point","coordinates":[-42.358108,-21.654917]},"properties":{"kind":"FIXED","limit_kmh":50,"source":"OSM","active":true,"direction_deg":null}},{"type":"Feature","geometry":{"type":"Point","coordinates":[-46.162505,-21.651656]},"properties":{"kind":"FIXED","limit_kmh":40,"source":"OSM","active":true,"direction_deg":null}},{"type":"Feature","geometry":{"type":"Point","coordinates":[-43.432954,-21.651068]},"properties":{"kind":"FIXED","limit_kmh":60,"source":"OSM","active":true,"direction_deg":null}},{"type":"Feature","geometry":{"type":"Point","coordinates":[-46.4042,-21.639335]},"properties":{"kind":"FIXED","limit_kmh":60,"source":"DNIT","active":true,"direction_deg":null}},{"type":"Feature","geometry":{"type":"Point","coordinates":[-42.699287,-21.627696]},"properties":{"kind":"FIXED","limit_kmh":40,"source":"ANTT+OSM","active":true,"direction_deg":308}},{"type":"Feature","geometry":{"type":"Point","coordinates":[-42.699463,-21.625828]},"properties":{"kind":"FIXED","limit_kmh":40,"source":"ANTT+OSM","active":true,"direction_deg":220}},{"type":"Feature","geometry":{"type":"Point","coordinates":[-43.328528,-21.624145]},"properties":{"kind":"FIXED","limit_kmh":null,"source":"OSM","active":true,"direction_deg":null}},{"type":"Feature","geometry":{"type":"Point","coordinates":[-43.299204,-21.619248]},"properties":{"kind":"FIXED","limit_kmh":null,"source":"OSM","active":true,"direction_deg":null}},{"type":"Feature","geometry":{"type":"Point","coordinates":[-45.428885,-21.612385]},"properties":{"kind":"FIXED","limit_kmh":80,"source":"OSM","active":true,"direction_deg":null}},{"type":"Feature","geometry":{"type":"Point","coordinates":[-45.553611,-21.6075]},"properties":{"kind":"FIXED","limit_kmh":60,"source":"OSM","active":true,"direction_deg":null}},{"type":"Feature","geometry":{"type":"Point","coordinates":[-45.580098,-21.606493]},"properties":{"kind":"FIXED","limit_kmh":60,"source":"OSM","active":true,"direction_deg":null}},{"type":"Feature","geometry":{"type":"Point","coordinates":[-45.795926,-21.595169]},"properties":{"kind":"FIXED","limit_kmh":null,"source":"OSM","active":true,"direction_deg":null}},{"type":"Feature","geometry":{"type":"Point","coordinates":[-43.276406,-21.592135]},"properties":{"kind":"FIXED","limit_kmh":60,"source":"OSM","active":true,"direction_deg":null}},{"type":"Feature","geometry":{"type":"Point","coordinates":[-43.275228,-21.590886]},"properties":{"kind":"FIXED","limit_kmh":60,"source":"OSM","active":true,"direction_deg":null}},{"type":"Feature","geometry":{"type":"Point","coordinates":[-43.27369,-21.588116]},"properties":{"kind":"FIXED","limit_kmh":60,"source":"OSM","active":true,"direction_deg":null}},{"type":"Feature","geometry":{"type":"Point","coordinates":[-45.450192,-21.573701]},"properties":{"kind":"FIXED","limit_kmh":60,"source":"OSM","active":true,"direction_deg":null}},{"type":"Feature","geometry":{"type":"Point","coordinates":[-45.450119,-21.573586]},"properties":{"kind":"FIXED","limit_kmh":60,"source":"OSM","active":true,"direction_deg":null}},{"type":"Feature","geometry":{"type":"Point","coordinates":[-42.678808,-21.565489]},"properties":{"kind":"FIXED","limit_kmh":60,"source":"OSM","active":true,"direction_deg":null}},{"type":"Feature","geometry":{"type":"Point","coordinates":[-42.677127,-21.554383]},"properties":{"kind":"FIXED","limit_kmh":60,"source":"OSM","active":true,"direction_deg":null}},{"type":"Feature","geometry":{"type":"Point","coordinates":[-43.507213,-21.554335]},"properties":{"kind":"FIXED","limit_kmh":40,"source":"OSM","active":true,"direction_deg":null}},{"type":"Feature","geometry":{"type":"Point","coordinates":[-42.677485,-21.553421]},"properties":{"kind":"FIXED","limit_kmh":60,"source":"ANTT","active":true,"direction_deg":165}},{"type":"Feature","geometry":{"type":"Point","coordinates":[-42.677364,-21.55339]},"properties":{"kind":"FIXED","limit_kmh":60,"source":"ANTT+OSM","active":true,"direction_deg":345}},{"type":"Feature","geometry":{"type":"Point","coordinates":[-43.266608,-21.55095]},"properties":{"kind":"FIXED","limit_kmh":null,"source":"OSM","active":true,"direction_deg":null}},{"type":"Feature","geometry":{"type":"Point","coordinates":[-42.669293,-21.549879]},"properties":{"kind":"FIXED","limit_kmh":60,"source":"ANTT+OSM","active":true,"direction_deg":null}},{"type":"Feature","geometry":{"type":"Point","coordinates":[-43.507808,-21.548233]},"properties":{"kind":"FIXED","limit_kmh":40,"source":"OSM","active":true,"direction_deg":null}},{"type":"Feature","geometry":{"type":"Point","coordinates":[-45.453816,-21.538311]},"properties":{"kind":"FIXED","limit_kmh":60,"source":"OSM","active":true,"direction_deg":null}},{"type":"Feature","geometry":{"type":"Point","coordinates":[-43.520338,-21.525742]},"properties":{"kind":"FIXED","limit_kmh":60,"source":"OSM","active":true,"direction_deg":null}},{"type":"Feature","geometry":{"type":"Point","coordinates":[-42.651934,-21.524493]},"properties":{"kind":"FIXED","limit_kmh":40,"source":"OSM","active":true,"direction_deg":null}},{"type":"Feature","geometry":{"type":"Point","coordinates":[-43.276095,-21.499455]},"properties":{"kind":"FIXED","limit_kmh":null,"source":"OSM","active":true,"direction_deg":null}},{"type":"Feature","geometry":{"type":"Point","coordinates":[-43.545972,-21.476585]},"properties":{"kind":"FIXED","limit_kmh":60,"source":"OSM","active":true,"direction_deg":null}},{"type":"Feature","geometry":{"type":"Point","coordinates":[-45.887801,-21.46728]},"properties":{"kind":"FIXED","limit_kmh":60,"source":"OSM","active":true,"direction_deg":null}},{"type":"Feature","geometry":{"type":"Point","coordinates":[-43.561512,-21.465623]},"properties":{"kind":"FIXED","limit_kmh":60,"source":"OSM","active":true,"direction_deg":null}},{"type":"Feature","geometry":{"type":"Point","coordinates":[-43.562533,-21.462625]},"properties":{"kind":"FIXED","limit_kmh":null,"source":"OSM","active":true,"direction_deg":null}},{"type":"Feature","geometry":{"type":"Point","coordinates":[-43.558958,-21.458561]},"properties":{"kind":"FIXED","limit_kmh":60,"source":"OSM","active":true,"direction_deg":null}},{"type":"Feature","geometry":{"type":"Point","coordinates":[-43.557859,-21.451758]},"properties":{"kind":"FIXED","limit_kmh":60,"source":"OSM","active":true,"direction_deg":null}},{"type":"Feature","geometry":{"type":"Point","coordinates":[-46.019046,-21.445976]},"properties":{"kind":"FIXED","limit_kmh":60,"source":"OSM","active":true,"direction_deg":null}},{"type":"Feature","geometry":{"type":"Point","coordinates":[-46.020338,-21.445871]},"properties":{"kind":"FIXED","limit_kmh":60,"source":"OSM","active":true,"direction_deg":null}},{"type":"Feature","geometry":{"type":"Point","coordinates":[-45.209646,-21.445753]},"properties":{"kind":"FIXED","limit_kmh":null,"source":"OSM","active":true,"direction_deg":null}},{"type":"Feature","geometry":{"type":"Point","coordinates":[-45.948077,-21.440686]},"properties":{"kind":"FIXED","limit_kmh":40,"source":"INMETRO+OSM","active":true,"direction_deg":null}},{"type":"Feature","geometry":{"type":"Point","coordinates":[-45.947736,-21.439513]},"properties":{"kind":"FIXED","limit_kmh":null,"source":"OSM","active":true,"direction_deg":null}},{"type":"Feature","geometry":{"type":"Point","coordinates":[-45.948648,-21.437264]},"properties":{"kind":"FIXED","limit_kmh":40,"source":"INMETRO","active":true,"direction_deg":null}},{"type":"Feature","geometry":{"type":"Point","coordinates":[-43.553594,-21.436452]},"properties":{"kind":"FIXED","limit_kmh":50,"source":"OSM","active":true,"direction_deg":null}},{"type":"Feature","geometry":{"type":"Point","coordinates":[-45.944623,-21.436349]},"properties":{"kind":"FIXED","limit_kmh":null,"source":"OSM","active":true,"direction_deg":null}},{"type":"Feature","geometry":{"type":"Point","coordinates":[-45.94422,-21.434368]},"properties":{"kind":"FIXED","limit_kmh":null,"source":"OSM","active":true,"direction_deg":null}},{"type":"Feature","geometry":{"type":"Point","coordinates":[-45.208834,-21.434164]},"properties":{"kind":"FIXED","limit_kmh":null,"source":"OSM","active":true,"direction_deg":null}},{"type":"Feature","geometry":{"type":"Point","coordinates":[-45.943897,-21.432782]},"properties":{"kind":"FIXED","limit_kmh":30,"source":"OSM","active":true,"direction_deg":null}},{"type":"Feature","geometry":{"type":"Point","coordinates":[-45.943812,-21.432394]},"properties":{"kind":"FIXED","limit_kmh":30,"source":"OSM","active":true,"direction_deg":null}},{"type":"Feature","geometry":{"type":"Point","coordinates":[-45.949416,-21.426187]},"properties":{"kind":"FIXED","limit_kmh":40,"source":"INMETRO","active":true,"direction_deg":null}},{"type":"Feature","geometry":{"type":"Point","coordinates":[-45.943091,-21.425692]},"properties":{"kind":"FIXED","limit_kmh":30,"source":"INMETRO+OSM","active":true,"direction_deg":null}},{"type":"Feature","geometry":{"type":"Point","coordinates":[-45.94759,-21.425381]},"properties":{"kind":"FIXED","limit_kmh":40,"source":"INMETRO","active":true,"direction_deg":null}},{"type":"Feature","geometry":{"type":"Point","coordinates":[-45.943054,-21.424954]},"properties":{"kind":"FIXED","limit_kmh":30,"source":"OSM","active":true,"direction_deg":null}},{"type":"Feature","geometry":{"type":"Point","coordinates":[-45.947267,-21.414756]},"properties":{"kind":"FIXED","limit_kmh":30,"source":"OSM","active":true,"direction_deg":null}},{"type":"Feature","geometry":{"type":"Point","coordinates":[-45.947456,-21.413895]},"properties":{"kind":"FIXED","limit_kmh":30,"source":"OSM","active":true,"direction_deg":null}},{"type":"Feature","geometry":{"type":"Point","coordinates":[-45.947651,-21.412314]},"properties":{"kind":"FIXED","limit_kmh":40,"source":"INMETRO","active":true,"direction_deg":null}},{"type":"Feature","geometry":{"type":"Point","coordinates":[-43.567132,-21.409036]},"properties":{"kind":"FIXED","limit_kmh":60,"source":"ANTT","active":true,"direction_deg":337}},{"type":"Feature","geometry":{"type":"Point","coordinates":[-45.947691,-21.407393]},"properties":{"kind":"FIXED","limit_kmh":40,"source":"INMETRO","active":true,"direction_deg":null}},{"type":"Feature","geometry":{"type":"Point","coordinates":[-45.947789,-21.404971]},"properties":{"kind":"FIXED","limit_kmh":40,"source":"INMETRO","active":true,"direction_deg":null}},{"type":"Feature","geometry":{"type":"Point","coordinates":[-43.569035,-21.389596]},"properties":{"kind":"FIXED","limit_kmh":80,"source":"OSM","active":true,"direction_deg":null}},{"type":"Feature","geometry":{"type":"Point","coordinates":[-46.532327,-21.383968]},"properties":{"kind":"FIXED","limit_kmh":null,"source":"OSM","active":true,"direction_deg":null}},{"type":"Feature","geometry":{"type":"Point","coordinates":[-46.536336,-21.382605]},"properties":{"kind":"FIXED","limit_kmh":null,"source":"OSM","active":true,"direction_deg":null}},{"type":"Feature","geometry":{"type":"Point","coordinates":[-45.190626,-21.373076]},"properties":{"kind":"FIXED","limit_kmh":null,"source":"OSM","active":true,"direction_deg":null}},{"type":"Feature","geometry":{"type":"Point","coordinates":[-45.190037,-21.372782]},"properties":{"kind":"FIXED","limit_kmh":80,"source":"ANTT","active":true,"direction_deg":50}},{"type":"Feature","geometry":{"type":"Point","coordinates":[-45.934301,-21.364638]},"properties":{"kind":"FIXED","limit_kmh":40,"source":"OSM","active":true,"direction_deg":null}},{"type":"Feature","geometry":{"type":"Point","coordinates":[-45.932707,-21.36436]},"properties":{"kind":"FIXED","limit_kmh":40,"source":"OSM","active":true,"direction_deg":null}},{"type":"Feature","geometry":{"type":"Point","coordinates":[-43.254297,-21.361186]},"properties":{"kind":"FIXED","limit_kmh":60,"source":"OSM","active":true,"direction_deg":null}},{"type":"Feature","geometry":{"type":"Point","coordinates":[-46.525802,-21.357303]},"properties":{"kind":"FIXED","limit_kmh":null,"source":"OSM","active":true,"direction_deg":null}},{"type":"Feature","geometry":{"type":"Point","coordinates":[-46.707511,-21.345232]},"properties":{"kind":"FIXED","limit_kmh":60,"source":"OSM","active":true,"direction_deg":null}},{"type":"Feature","geometry":{"type":"Point","coordinates":[-46.705067,-21.342114]},"properties":{"kind":"FIXED","limit_kmh":60,"source":"OSM","active":true,"direction_deg":null}},{"type":"Feature","geometry":{"type":"Point","coordinates":[-43.589228,-21.340418]},"properties":{"kind":"FIXED","limit_kmh":60,"source":"OSM","active":true,"direction_deg":null}},{"type":"Feature","geometry":{"type":"Point","coordinates":[-46.702704,-21.338884]},"properties":{"kind":"FIXED","limit_kmh":60,"source":"OSM","active":true,"direction_deg":null}},{"type":"Feature","geometry":{"type":"Point","coordinates":[-45.172806,-21.334056]},"properties":{"kind":"FIXED","limit_kmh":null,"source":"OSM","active":true,"direction_deg":null}},{"type":"Feature","geometry":{"type":"Point","coordinates":[-44.966302,-21.329521]},"properties":{"kind":"FIXED","limit_kmh":60,"source":"OSM","active":true,"direction_deg":null}},{"type":"Feature","geometry":{"type":"Point","coordinates":[-44.661984,-21.295085]},"properties":{"kind":"FIXED","limit_kmh":40,"source":"OSM","active":true,"direction_deg":null}},{"type":"Feature","geometry":{"type":"Point","coordinates":[-44.632437,-21.291485]},"properties":{"kind":"FIXED","limit_kmh":60,"source":"OSM","active":true,"direction_deg":null}},{"type":"Feature","geometry":{"type":"Point","coordinates":[-43.64831,-21.27384]},"properties":{"kind":"FIXED","limit_kmh":60,"source":"ANTT","active":true,"direction_deg":358}},{"type":"Feature","geometry":{"type":"Point","coordinates":[-44.582112,-21.269722]},"properties":{"kind":"FIXED","limit_kmh":60,"source":"OSM","active":true,"direction_deg":null}},{"type":"Feature","geometry":{"type":"Point","coordinates":[-43.635797,-21.269567]},"properties":{"kind":"FIXED","limit_kmh":40,"source":"OSM","active":true,"direction_deg":null}},{"type":"Feature","geometry":{"type":"Point","coordinates":[-45.510798,-21.258701]},"properties":{"kind":"FIXED","limit_kmh":60,"source":"OSM","active":true,"direction_deg":null}},{"type":"Feature","geometry":{"type":"Point","coordinates":[-45.006048,-21.245054]},"properties":{"kind":"FIXED","limit_kmh":40,"source":"INMETRO","active":true,"direction_deg":null}},{"type":"Feature","geometry":{"type":"Point","coordinates":[-44.416718,-21.243491]},"properties":{"kind":"FIXED","limit_kmh":40,"source":"OSM","active":true,"direction_deg":null}},{"type":"Feature","geometry":{"type":"Point","coordinates":[-45.021626,-21.238562]},"properties":{"kind":"FIXED","limit_kmh":40,"source":"INMETRO","active":true,"direction_deg":null}},{"type":"Feature","geometry":{"type":"Point","coordinates":[-44.994755,-21.233919]},"properties":{"kind":"FIXED","limit_kmh":40,"source":"INMETRO","active":true,"direction_deg":null}},{"type":"Feature","geometry":{"type":"Point","coordinates":[-45.227858,-21.233166]},"properties":{"kind":"FIXED","limit_kmh":60,"source":"OSM","active":true,"direction_deg":null}},{"type":"Feature","geometry":{"type":"Point","coordinates":[-43.7812,-21.2276]},"properties":{"kind":"FIXED","limit_kmh":40,"source":"INMETRO","active":true,"direction_deg":null}},{"type":"Feature","geometry":{"type":"Point","coordinates":[-45.009038,-21.226345]},"properties":{"kind":"FIXED","limit_kmh":40,"source":"INMETRO","active":true,"direction_deg":null}},{"type":"Feature","geometry":{"type":"Point","coordinates":[-43.757843,-21.226244]},"properties":{"kind":"FIXED","limit_kmh":40,"source":"INMETRO","active":true,"direction_deg":null}},{"type":"Feature","geometry":{"type":"Point","coordinates":[-43.771784,-21.223529]},"properties":{"kind":"FIXED","limit_kmh":40,"source":"INMETRO","active":true,"direction_deg":null}},{"type":"Feature","geometry":{"type":"Point","coordinates":[-45.000096,-21.222793]},"properties":{"kind":"FIXED","limit_kmh":40,"source":"INMETRO","active":true,"direction_deg":null}},{"type":"Feature","geometry":{"type":"Point","coordinates":[-43.764339,-21.214064]},"properties":{"kind":"FIXED","limit_kmh":50,"source":"INMETRO+OSM","active":true,"direction_deg":null}},{"type":"Feature","geometry":{"type":"Point","coordinates":[-43.754683,-21.213763]},"properties":{"kind":"FIXED","limit_kmh":50,"source":"INMETRO","active":true,"direction_deg":null}},{"type":"Feature","geometry":{"type":"Point","coordinates":[-45.074391,-21.212233]},"properties":{"kind":"FIXED","limit_kmh":60,"source":"OSM","active":true,"direction_deg":null}},{"type":"Feature","geometry":{"type":"Point","coordinates":[-45.07326,-21.212068]},"properties":{"kind":"FIXED","limit_kmh":60,"source":"OSM","active":true,"direction_deg":null}},{"type":"Feature","geometry":{"type":"Point","coordinates":[-46.689973,-21.205654]},"properties":{"kind":"FIXED","limit_kmh":60,"source":"DNIT","active":true,"direction_deg":null}},{"type":"Feature","geometry":{"type":"Point","coordinates":[-44.331208,-21.197642]},"properties":{"kind":"FIXED","limit_kmh":40,"source":"OSM","active":true,"direction_deg":null}},{"type":"Feature","geometry":{"type":"Point","coordinates":[-43.778349,-21.197585]},"properties":{"kind":"FIXED","limit_kmh":50,"source":"DNIT+OSM","active":true,"direction_deg":null}},{"type":"Feature","geometry":{"type":"Point","coordinates":[-44.328878,-21.196328]},"properties":{"kind":"FIXED","limit_kmh":40,"source":"OSM","active":true,"direction_deg":null}},{"type":"Feature","geometry":{"type":"Point","coordinates":[-46.962088,-21.193351]},"properties":{"kind":"FIXED","limit_kmh":40,"source":"OSM","active":true,"direction_deg":null}},{"type":"Feature","geometry":{"type":"Point","coordinates":[-42.366924,-21.188074]},"properties":{"kind":"FIXED","limit_kmh":50,"source":"ANTT","active":true,"direction_deg":27}},{"type":"Feature","geometry":{"type":"Point","coordinates":[-42.367155,-21.186662]},"properties":{"kind":"FIXED","limit_kmh":40,"source":"ANTT","active":true,"direction_deg":324}},{"type":"Feature","geometry":{"type":"Point","coordinates":[-43.03237,-21.185692]},"properties":{"kind":"FIXED","limit_kmh":null,"source":"OSM","active":true,"direction_deg":null}},{"type":"Feature","geometry":{"type":"Point","coordinates":[-42.37135,-21.181894]},"properties":{"kind":"FIXED","limit_kmh":60,"source":"OSM","active":true,"direction_deg":null}},{"type":"Feature","geometry":{"type":"Point","coordinates":[-42.37252,-21.180376]},"properties":{"kind":"FIXED","limit_kmh":60,"source":"ANTT","active":true,"direction_deg":301}},{"type":"Feature","geometry":{"type":"Point","coordinates":[-46.971361,-21.179275]},"properties":{"kind":"FIXED","limit_kmh":40,"source":"OSM","active":true,"direction_deg":null}},{"type":"Feature","geometry":{"type":"Point","coordinates":[-46.971835,-21.178687]},"properties":{"kind":"FIXED","limit_kmh":40,"source":"OSM","active":true,"direction_deg":null}},{"type":"Feature","geometry":{"type":"Point","coordinates":[-42.373054,-21.178522]},"properties":{"kind":"FIXED","limit_kmh":40,"source":"ANTT","active":true,"direction_deg":220}},{"type":"Feature","geometry":{"type":"Point","coordinates":[-43.874167,-21.178056]},"properties":{"kind":"FIXED","limit_kmh":60,"source":"DNIT","active":true,"direction_deg":null}},{"type":"Feature","geometry":{"type":"Point","coordinates":[-43.87315,-21.177166]},"properties":{"kind":"FIXED","limit_kmh":60,"source":"OSM","active":true,"direction_deg":null}},{"type":"Feature","geometry":{"type":"Point","coordinates":[-44.092433,-21.171765]},"properties":{"kind":"FIXED","limit_kmh":60,"source":"DNIT+OSM","active":true,"direction_deg":262}},{"type":"Feature","geometry":{"type":"Point","coordinates":[-44.137856,-21.167813]},"properties":{"kind":"FIXED","limit_kmh":60,"source":"DNIT+OSM","active":true,"direction_deg":null}},{"type":"Feature","geometry":{"type":"Point","coordinates":[-44.143103,-21.165598]},"properties":{"kind":"FIXED","limit_kmh":60,"source":"DNIT","active":true,"direction_deg":null}},{"type":"Feature","geometry":{"type":"Point","coordinates":[-44.146102,-21.165163]},"properties":{"kind":"FIXED","limit_kmh":60,"source":"OSM","active":true,"direction_deg":null}},{"type":"Feature","geometry":{"type":"Point","coordinates":[-44.267412,-21.158158]},"properties":{"kind":"FIXED","limit_kmh":40,"source":"DNIT+OSM","active":true,"direction_deg":null}},{"type":"Feature","geometry":{"type":"Point","coordinates":[-44.265244,-21.156866]},"properties":{"kind":"FIXED","limit_kmh":40,"source":"DNIT","active":true,"direction_deg":null}},{"type":"Feature","geometry":{"type":"Point","coordinates":[-44.264902,-21.156586]},"properties":{"kind":"FIXED","limit_kmh":40,"source":"OSM","active":true,"direction_deg":null}},{"type":"Feature","geometry":{"type":"Point","coordinates":[-42.384563,-21.13871]},"properties":{"kind":"FIXED","limit_kmh":60,"source":"ANTT+OSM","active":true,"direction_deg":300}},{"type":"Feature","geometry":{"type":"Point","coordinates":[-42.386893,-21.136393]},"properties":{"kind":"FIXED","limit_kmh":60,"source":"ANTT+OSM","active":true,"direction_deg":168}},{"type":"Feature","geometry":{"type":"Point","coordinates":[-44.250825,-21.131291]},"properties":{"kind":"FIXED","limit_kmh":40,"source":"INMETRO","active":true,"direction_deg":null}},{"type":"Feature","geometry":{"type":"Point","coordinates":[-42.363403,-21.128521]},"properties":{"kind":"FIXED","limit_kmh":50,"source":"OSM","active":true,"direction_deg":null}},{"type":"Feature","geometry":{"type":"Point","coordinates":[-42.363857,-21.128493]},"properties":{"kind":"FIXED","limit_kmh":50,"source":"DNIT+OSM","active":true,"direction_deg":null}},{"type":"Feature","geometry":{"type":"Point","coordinates":[-42.357477,-21.127485]},"properties":{"kind":"FIXED","limit_kmh":40,"source":"DNIT+OSM","active":true,"direction_deg":null}},{"type":"Feature","geometry":{"type":"Point","coordinates":[-42.357343,-21.127167]},"properties":{"kind":"FIXED","limit_kmh":40,"source":"OSM","active":true,"direction_deg":null}},{"type":"Feature","geometry":{"type":"Point","coordinates":[-42.341194,-21.126973]},"properties":{"kind":"FIXED","limit_kmh":50,"source":"DNIT+OSM","active":true,"direction_deg":null}},{"type":"Feature","geometry":{"type":"Point","coordinates":[-42.37465,-21.126055]},"properties":{"kind":"FIXED","limit_kmh":50,"source":"OSM","active":true,"direction_deg":null}},{"type":"Feature","geometry":{"type":"Point","coordinates":[-42.375027,-21.125868]},"properties":{"kind":"FIXED","limit_kmh":50,"source":"DNIT","active":true,"direction_deg":null}},{"type":"Feature","geometry":{"type":"Point","coordinates":[-42.353034,-21.12559]},"properties":{"kind":"FIXED","limit_kmh":50,"source":"DNIT+OSM","active":true,"direction_deg":null}},{"type":"Feature","geometry":{"type":"Point","coordinates":[-42.282116,-21.124875]},"properties":{"kind":"FIXED","limit_kmh":50,"source":"DNIT","active":true,"direction_deg":51}},{"type":"Feature","geometry":{"type":"Point","coordinates":[-42.380305,-21.124765]},"properties":{"kind":"FIXED","limit_kmh":50,"source":"DNIT+OSM","active":true,"direction_deg":null}},{"type":"Feature","geometry":{"type":"Point","coordinates":[-42.380079,-21.122981]},"properties":{"kind":"FIXED","limit_kmh":40,"source":"OSM","active":true,"direction_deg":null}},{"type":"Feature","geometry":{"type":"Point","coordinates":[-42.3799,-21.121075]},"properties":{"kind":"FIXED","limit_kmh":40,"source":"OSM","active":true,"direction_deg":null}},{"type":"Feature","geometry":{"type":"Point","coordinates":[-45.095362,-21.120278]},"properties":{"kind":"FIXED","limit_kmh":null,"source":"OSM","active":true,"direction_deg":null}},{"type":"Feature","geometry":{"type":"Point","coordinates":[-42.380767,-21.111661]},"properties":{"kind":"FIXED","limit_kmh":50,"source":"ANTT","active":true,"direction_deg":13}},{"type":"Feature","geometry":{"type":"Point","coordinates":[-42.380914,-21.111633]},"properties":{"kind":"FIXED","limit_kmh":50,"source":"ANTT+OSM","active":true,"direction_deg":193}},{"type":"Feature","geometry":{"type":"Point","coordinates":[-42.380751,-21.111232]},"properties":{"kind":"FIXED","limit_kmh":50,"source":"OSM","active":true,"direction_deg":null}},{"type":"Feature","geometry":{"type":"Point","coordinates":[-44.235042,-21.109591]},"properties":{"kind":"FIXED","limit_kmh":40,"source":"OSM","active":true,"direction_deg":null}},{"type":"Feature","geometry":{"type":"Point","coordinates":[-44.234992,-21.109467]},"properties":{"kind":"FIXED","limit_kmh":40,"source":"OSM","active":true,"direction_deg":null}},{"type":"Feature","geometry":{"type":"Point","coordinates":[-44.23131,-21.107184]},"properties":{"kind":"FIXED","limit_kmh":40,"source":"OSM","active":true,"direction_deg":null}},{"type":"Feature","geometry":{"type":"Point","coordinates":[-44.228401,-21.10215]},"properties":{"kind":"FIXED","limit_kmh":40,"source":"INMETRO+OSM","active":true,"direction_deg":null}},{"type":"Feature","geometry":{"type":"Point","coordinates":[-44.229792,-21.094937]},"properties":{"kind":"FIXED","limit_kmh":40,"source":"INMETRO+OSM","active":true,"direction_deg":null}},{"type":"Feature","geometry":{"type":"Point","coordinates":[-42.909492,-21.084544]},"properties":{"kind":"FIXED","limit_kmh":60,"source":"OSM","active":true,"direction_deg":null}},{"type":"Feature","geometry":{"type":"Point","coordinates":[-44.301752,-21.072505]},"properties":{"kind":"FIXED","limit_kmh":60,"source":"OSM","active":true,"direction_deg":null}},{"type":"Feature","geometry":{"type":"Point","coordinates":[-44.301894,-21.072414]},"properties":{"kind":"FIXED","limit_kmh":60,"source":"OSM","active":true,"direction_deg":null}},{"type":"Feature","geometry":{"type":"Point","coordinates":[-44.302112,-21.072067]},"properties":{"kind":"FIXED","limit_kmh":60,"source":"DNIT","active":true,"direction_deg":null}},{"type":"Feature","geometry":{"type":"Point","coordinates":[-44.214745,-21.071562]},"properties":{"kind":"FIXED","limit_kmh":60,"source":"OSM","active":true,"direction_deg":null}},{"type":"Feature","geometry":{"type":"Point","coordinates":[-44.208034,-21.069061]},"properties":{"kind":"FIXED","limit_kmh":60,"source":"OSM","active":true,"direction_deg":null}},{"type":"Feature","geometry":{"type":"Point","coordinates":[-45.761104,-21.037648]},"properties":{"kind":"FIXED","limit_kmh":40,"source":"OSM","active":true,"direction_deg":null}},{"type":"Feature","geometry":{"type":"Point","coordinates":[-44.172024,-21.025537]},"properties":{"kind":"FIXED","limit_kmh":60,"source":"OSM","active":true,"direction_deg":null}},{"type":"Feature","geometry":{"type":"Point","coordinates":[-44.935505,-20.974123]},"properties":{"kind":"FIXED","limit_kmh":80,"source":"OSM","active":true,"direction_deg":null}},{"type":"Feature","geometry":{"type":"Point","coordinates":[-45.522558,-20.973172]},"properties":{"kind":"FIXED","limit_kmh":60,"source":"OSM","active":true,"direction_deg":null}},{"type":"Feature","geometry":{"type":"Point","coordinates":[-47.066049,-20.968739]},"properties":{"kind":"FIXED","limit_kmh":80,"source":"OSM","active":true,"direction_deg":null}},{"type":"Feature","geometry":{"type":"Point","coordinates":[-45.488266,-20.960527]},"properties":{"kind":"FIXED","limit_kmh":80,"source":"OSM","active":true,"direction_deg":null}},{"type":"Feature","geometry":{"type":"Point","coordinates":[-43.796549,-20.948794]},"properties":{"kind":"FIXED","limit_kmh":60,"source":"OSM","active":true,"direction_deg":null}},{"type":"Feature","geometry":{"type":"Point","coordinates":[-46.98777,-20.948066]},"properties":{"kind":"FIXED","limit_kmh":60,"source":"OSM","active":true,"direction_deg":null}},{"type":"Feature","geometry":{"type":"Point","coordinates":[-43.798014,-20.947401]},"properties":{"kind":"FIXED","limit_kmh":60,"source":"OSM","active":true,"direction_deg":null}},{"type":"Feature","geometry":{"type":"Point","coordinates":[-46.996675,-20.928103]},"properties":{"kind":"FIXED","limit_kmh":60,"source":"OSM","active":true,"direction_deg":null}},{"type":"Feature","geometry":{"type":"Point","coordinates":[-45.405341,-20.927862]},"properties":{"kind":"FIXED","limit_kmh":60,"source":"OSM","active":true,"direction_deg":null}},{"type":"Feature","geometry":{"type":"Point","coordinates":[-45.40316,-20.927488]},"properties":{"kind":"FIXED","limit_kmh":60,"source":"OSM","active":true,"direction_deg":null}},{"type":"Feature","geometry":{"type":"Point","coordinates":[-46.980216,-20.926631]},"properties":{"kind":"FIXED","limit_kmh":60,"source":"OSM","active":true,"direction_deg":null}},{"type":"Feature","geometry":{"type":"Point","coordinates":[-44.87147,-20.921689]},"properties":{"kind":"FIXED","limit_kmh":80,"source":"ANTT+OSM","active":true,"direction_deg":233}},{"type":"Feature","geometry":{"type":"Point","coordinates":[-46.963434,-20.917683]},"properties":{"kind":"FIXED","limit_kmh":60,"source":"OSM","active":true,"direction_deg":null}},{"type":"Feature","geometry":{"type":"Point","coordinates":[-46.991472,-20.907094]},"properties":{"kind":"FIXED","limit_kmh":50,"source":"OSM","active":true,"direction_deg":null}},{"type":"Feature","geometry":{"type":"Point","coordinates":[-46.991669,-20.907045]},"properties":{"kind":"FIXED","limit_kmh":50,"source":"OSM","active":true,"direction_deg":null}},{"type":"Feature","geometry":{"type":"Point","coordinates":[-45.253611,-20.90279]},"properties":{"kind":"FIXED","limit_kmh":60,"source":"OSM","active":true,"direction_deg":null}},{"type":"Feature","geometry":{"type":"Point","coordinates":[-45.360025,-20.892905]},"properties":{"kind":"FIXED","limit_kmh":60,"source":"OSM","active":true,"direction_deg":null}},{"type":"Feature","geometry":{"type":"Point","coordinates":[-45.361351,-20.892904]},"properties":{"kind":"FIXED","limit_kmh":60,"source":"OSM","active":true,"direction_deg":null}},{"type":"Feature","geometry":{"type":"Point","coordinates":[-42.339606,-20.889364]},"properties":{"kind":"FIXED","limit_kmh":50,"source":"ANTT+OSM","active":true,"direction_deg":359}},{"type":"Feature","geometry":{"type":"Point","coordinates":[-42.34012,-20.888099]},"properties":{"kind":"FIXED","limit_kmh":50,"source":"ANTT","active":true,"direction_deg":157}},{"type":"Feature","geometry":{"type":"Point","coordinates":[-42.34022,-20.887725]},"properties":{"kind":"FIXED","limit_kmh":50,"source":"OSM","active":true,"direction_deg":null}},{"type":"Feature","geometry":{"type":"Point","coordinates":[-43.800814,-20.748229]},"properties":{"kind":"FIXED","limit_kmh":60,"source":"OSM","active":true,"direction_deg":null}},{"type":"Feature","geometry":{"type":"Point","coordinates":[-43.800411,-20.741884]},"properties":{"kind":"FIXED","limit_kmh":60,"source":"OSM","active":true,"direction_deg":null}},{"type":"Feature","geometry":{"type":"Point","coordinates":[-44.77152,-20.740356]},"properties":{"kind":"FIXED","limit_kmh":80,"source":"ANTT+OSM","active":true,"direction_deg":13}},{"type":"Feature","geometry":{"type":"Point","coordinates":[-42.907536,-20.737491]},"properties":{"kind":"FIXED","limit_kmh":60,"source":"OSM","active":true,"direction_deg":null}},{"type":"Feature","geometry":{"type":"Point","coordinates":[-42.908,-20.737372]},"properties":{"kind":"FIXED","limit_kmh":60,"source":"OSM","active":true,"direction_deg":null}},{"type":"Feature","geometry":{"type":"Point","coordinates":[-44.060206,-20.7366]},"properties":{"kind":"FIXED","limit_kmh":60,"source":"OSM","active":true,"direction_deg":null}},{"type":"Feature","geometry":{"type":"Point","coordinates":[-42.949841,-20.717051]},"properties":{"kind":"FIXED","limit_kmh":60,"source":"OSM","active":true,"direction_deg":null}},{"type":"Feature","geometry":{"type":"Point","coordinates":[-42.949616,-20.716778]},"properties":{"kind":"FIXED","limit_kmh":60,"source":"OSM","active":true,"direction_deg":null}},{"type":"Feature","geometry":{"type":"Point","coordinates":[-44.808941,-20.698362]},"properties":{"kind":"FIXED","limit_kmh":40,"source":"OSM","active":true,"direction_deg":null}},{"type":"Feature","geometry":{"type":"Point","coordinates":[-44.809513,-20.697937]},"properties":{"kind":"FIXED","limit_kmh":40,"source":"OSM","active":true,"direction_deg":null}},{"type":"Feature","geometry":{"type":"Point","coordinates":[-44.868541,-20.69622]},"properties":{"kind":"FIXED","limit_kmh":60,"source":"OSM","active":true,"direction_deg":null}},{"type":"Feature","geometry":{"type":"Point","coordinates":[-44.868667,-20.696204]},"properties":{"kind":"FIXED","limit_kmh":60,"source":"OSM","active":true,"direction_deg":null}},{"type":"Feature","geometry":{"type":"Point","coordinates":[-44.812637,-20.689934]},"properties":{"kind":"FIXED","limit_kmh":60,"source":"OSM","active":true,"direction_deg":null}},{"type":"Feature","geometry":{"type":"Point","coordinates":[-44.192052,-20.68184]},"properties":{"kind":"FIXED","limit_kmh":60,"source":"OSM","active":true,"direction_deg":null}},{"type":"Feature","geometry":{"type":"Point","coordinates":[-44.820856,-20.67636]},"properties":{"kind":"FIXED","limit_kmh":40,"source":"OSM","active":true,"direction_deg":null}},{"type":"Feature","geometry":{"type":"Point","coordinates":[-44.820756,-20.675953]},"properties":{"kind":"FIXED","limit_kmh":40,"source":"OSM","active":true,"direction_deg":null}},{"type":"Feature","geometry":{"type":"Point","coordinates":[-43.798842,-20.671586]},"properties":{"kind":"FIXED","limit_kmh":60,"source":"OSM","active":true,"direction_deg":null}},{"type":"Feature","geometry":{"type":"Point","coordinates":[-43.803248,-20.666518]},"properties":{"kind":"FIXED","limit_kmh":60,"source":"OSM","active":true,"direction_deg":null}},{"type":"Feature","geometry":{"type":"Point","coordinates":[-43.803379,-20.666308]},"properties":{"kind":"FIXED","limit_kmh":60,"source":"OSM","active":true,"direction_deg":null}},{"type":"Feature","geometry":{"type":"Point","coordinates":[-43.803263,-20.663768]},"properties":{"kind":"FIXED","limit_kmh":60,"source":"OSM","active":true,"direction_deg":null}},{"type":"Feature","geometry":{"type":"Point","coordinates":[-44.081018,-20.661682]},"properties":{"kind":"FIXED","limit_kmh":60,"source":"OSM","active":true,"direction_deg":null}},{"type":"Feature","geometry":{"type":"Point","coordinates":[-44.081027,-20.661544]},"properties":{"kind":"FIXED","limit_kmh":60,"source":"OSM","active":true,"direction_deg":null}},{"type":"Feature","geometry":{"type":"Point","coordinates":[-43.802635,-20.658317]},"properties":{"kind":"FIXED","limit_kmh":60,"source":"OSM","active":true,"direction_deg":null}},{"type":"Feature","geometry":{"type":"Point","coordinates":[-43.809076,-20.651498]},"properties":{"kind":"FIXED","limit_kmh":60,"source":"OSM","active":true,"direction_deg":null}},{"type":"Feature","geometry":{"type":"Point","coordinates":[-43.809165,-20.651407]},"properties":{"kind":"FIXED","limit_kmh":60,"source":"OSM","active":true,"direction_deg":null}},{"type":"Feature","geometry":{"type":"Point","coordinates":[-43.717042,-20.641687]},"properties":{"kind":"FIXED","limit_kmh":60,"source":"OSM","active":true,"direction_deg":null}},{"type":"Feature","geometry":{"type":"Point","coordinates":[-43.717471,-20.641492]},"properties":{"kind":"FIXED","limit_kmh":60,"source":"OSM","active":true,"direction_deg":null}},{"type":"Feature","geometry":{"type":"Point","coordinates":[-43.813553,-20.635626]},"properties":{"kind":"FIXED","limit_kmh":60,"source":"OSM","active":true,"direction_deg":null}},{"type":"Feature","geometry":{"type":"Point","coordinates":[-43.810129,-20.629591]},"properties":{"kind":"FIXED","limit_kmh":60,"source":"OSM","active":true,"direction_deg":null}},{"type":"Feature","geometry":{"type":"Point","coordinates":[-44.852621,-20.623868]},"properties":{"kind":"FIXED","limit_kmh":60,"source":"DNIT","active":true,"direction_deg":null}},{"type":"Feature","geometry":{"type":"Point","coordinates":[-44.853186,-20.604541]},"properties":{"kind":"FIXED","limit_kmh":50,"source":"DNIT","active":true,"direction_deg":null}},{"type":"Feature","geometry":{"type":"Point","coordinates":[-43.806526,-20.601281]},"properties":{"kind":"FIXED","limit_kmh":30,"source":"OSM","active":true,"direction_deg":null}},{"type":"Feature","geometry":{"type":"Point","coordinates":[-43.814177,-20.556942]},"properties":{"kind":"FIXED","limit_kmh":60,"source":"OSM","active":true,"direction_deg":null}},{"type":"Feature","geometry":{"type":"Point","coordinates":[-43.820727,-20.538646]},"properties":{"kind":"FIXED","limit_kmh":60,"source":"ANTT","active":true,"direction_deg":0}},{"type":"Feature","geometry":{"type":"Point","coordinates":[-43.820929,-20.538108]},"properties":{"kind":"FIXED","limit_kmh":60,"source":"ANTT","active":true,"direction_deg":180}},{"type":"Feature","geometry":{"type":"Point","coordinates":[-43.804518,-20.535824]},"properties":{"kind":"FIXED","limit_kmh":60,"source":"OSM","active":true,"direction_deg":null}},{"type":"Feature","geometry":{"type":"Point","coordinates":[-43.831431,-20.521001]},"properties":{"kind":"FIXED","limit_kmh":60,"source":"OSM","active":true,"direction_deg":null}},{"type":"Feature","geometry":{"type":"Point","coordinates":[-43.75063,-20.516868]},"properties":{"kind":"FIXED","limit_kmh":null,"source":"OSM","active":true,"direction_deg":null}},{"type":"Feature","geometry":{"type":"Point","coordinates":[-43.595628,-20.483675]},"properties":{"kind":"FIXED","limit_kmh":60,"source":"OSM","active":true,"direction_deg":null}},{"type":"Feature","geometry":{"type":"Point","coordinates":[-45.575833,-20.47596]},"properties":{"kind":"FIXED","limit_kmh":60,"source":"OSM","active":true,"direction_deg":null}},{"type":"Feature","geometry":{"type":"Point","coordinates":[-45.03117,-20.474109]},"properties":{"kind":"FIXED","limit_kmh":60,"source":"OSM","active":true,"direction_deg":null}},{"type":"Feature","geometry":{"type":"Point","coordinates":[-45.062716,-20.474039]},"properties":{"kind":"FIXED","limit_kmh":60,"source":"OSM","active":true,"direction_deg":null}},{"type":"Feature","geometry":{"type":"Point","coordinates":[-45.803148,-20.469473]},"properties":{"kind":"FIXED","limit_kmh":60,"source":"OSM","active":true,"direction_deg":null}},{"type":"Feature","geometry":{"type":"Point","coordinates":[-45.948965,-20.468129]},"properties":{"kind":"FIXED","limit_kmh":40,"source":"OSM","active":true,"direction_deg":null}},{"type":"Feature","geometry":{"type":"Point","coordinates":[-43.839237,-20.45369]},"properties":{"kind":"FIXED","limit_kmh":80,"source":"ANTT","active":true,"direction_deg":300}},{"type":"Feature","geometry":{"type":"Point","coordinates":[-44.786416,-20.449216]},"properties":{"kind":"FIXED","limit_kmh":60,"source":"OSM","active":true,"direction_deg":null}},{"type":"Feature","geometry":{"type":"Point","coordinates":[-43.840972,-20.441007]},"properties":{"kind":"FIXED","limit_kmh":60,"source":"OSM","active":true,"direction_deg":null}},{"type":"Feature","geometry":{"type":"Point","coordinates":[-43.848334,-20.435553]},"properties":{"kind":"FIXED","limit_kmh":80,"source":"OSM","active":true,"direction_deg":null}},{"type":"Feature","geometry":{"type":"Point","coordinates":[-44.732149,-20.424629]},"properties":{"kind":"FIXED","limit_kmh":60,"source":"OSM","active":true,"direction_deg":null}},{"type":"Feature","geometry":{"type":"Point","coordinates":[-43.881586,-20.420534]},"properties":{"kind":"FIXED","limit_kmh":60,"source":"OSM","active":true,"direction_deg":null}},{"type":"Feature","geometry":{"type":"Point","coordinates":[-43.526523,-20.413507]},"properties":{"kind":"FIXED","limit_kmh":40,"source":"OSM","active":true,"direction_deg":null}},{"type":"Feature","geometry":{"type":"Point","coordinates":[-43.511803,-20.411318]},"properties":{"kind":"FIXED","limit_kmh":60,"source":"OSM","active":true,"direction_deg":null}},{"type":"Feature","geometry":{"type":"Point","coordinates":[-44.526729,-20.410974]},"properties":{"kind":"FIXED","limit_kmh":80,"source":"OSM","active":true,"direction_deg":null}},{"type":"Feature","geometry":{"type":"Point","coordinates":[-44.526628,-20.410679]},"properties":{"kind":"FIXED","limit_kmh":80,"source":"ANTT","active":true,"direction_deg":28}},{"type":"Feature","geometry":{"type":"Point","coordinates":[-43.509084,-20.407245]},"properties":{"kind":"FIXED","limit_kmh":60,"source":"DNIT+OSM","active":true,"direction_deg":null}},{"type":"Feature","geometry":{"type":"Point","coordinates":[-45.466378,-20.406973]},"properties":{"kind":"FIXED","limit_kmh":60,"source":"OSM","active":true,"direction_deg":null}},{"type":"Feature","geometry":{"type":"Point","coordinates":[-43.495602,-20.406199]},"properties":{"kind":"FIXED","limit_kmh":null,"source":"DNIT","active":false,"direction_deg":null}},{"type":"Feature","geometry":{"type":"Point","coordinates":[-43.496236,-20.405873]},"properties":{"kind":"FIXED","limit_kmh":60,"source":"OSM","active":false,"direction_deg":null}},{"type":"Feature","geometry":{"type":"Point","coordinates":[-43.499829,-20.404158]},"properties":{"kind":"FIXED","limit_kmh":60,"source":"DNIT+OSM","active":false,"direction_deg":null}},{"type":"Feature","geometry":{"type":"Point","coordinates":[-43.897248,-20.403529]},"properties":{"kind":"FIXED","limit_kmh":60,"source":"OSM","active":true,"direction_deg":null}},{"type":"Feature","geometry":{"type":"Point","coordinates":[-43.521361,-20.403355]},"properties":{"kind":"FIXED","limit_kmh":60,"source":"DNIT+OSM","active":false,"direction_deg":null}},{"type":"Feature","geometry":{"type":"Point","coordinates":[-43.503977,-20.402197]},"properties":{"kind":"FIXED","limit_kmh":null,"source":"DNIT","active":false,"direction_deg":null}},{"type":"Feature","geometry":{"type":"Point","coordinates":[-43.146871,-20.397665]},"properties":{"kind":"FIXED","limit_kmh":60,"source":"OSM","active":true,"direction_deg":null}},{"type":"Feature","geometry":{"type":"Point","coordinates":[-45.497507,-20.395205]},"properties":{"kind":"FIXED","limit_kmh":60,"source":"DNIT","active":true,"direction_deg":null}},{"type":"Feature","geometry":{"type":"Point","coordinates":[-42.908718,-20.384971]},"properties":{"kind":"FIXED","limit_kmh":60,"source":"OSM","active":true,"direction_deg":null}},{"type":"Feature","geometry":{"type":"Point","coordinates":[-45.611017,-20.384895]},"properties":{"kind":"FIXED","limit_kmh":60,"source":"OSM","active":true,"direction_deg":null}},{"type":"Feature","geometry":{"type":"Point","coordinates":[-45.678996,-20.384733]},"properties":{"kind":"FIXED","limit_kmh":40,"source":"OSM","active":true,"direction_deg":null}},{"type":"Feature","geometry":{"type":"Point","coordinates":[-45.676083,-20.382578]},"properties":{"kind":"FIXED","limit_kmh":40,"source":"OSM","active":true,"direction_deg":null}},{"type":"Feature","geometry":{"type":"Point","coordinates":[-43.618893,-20.376263]},"properties":{"kind":"FIXED","limit_kmh":null,"source":"DNIT","active":false,"direction_deg":null}},{"type":"Feature","geometry":{"type":"Point","coordinates":[-43.907868,-20.374797]},"properties":{"kind":"FIXED","limit_kmh":80,"source":"OSM","active":true,"direction_deg":null}},{"type":"Feature","geometry":{"type":"Point","coordinates":[-43.910905,-20.370904]},"properties":{"kind":"FIXED","limit_kmh":60,"source":"ANTT","active":true,"direction_deg":22}},{"type":"Feature","geometry":{"type":"Point","coordinates":[-44.684091,-20.369951]},"properties":{"kind":"FIXED","limit_kmh":60,"source":"OSM","active":true,"direction_deg":null}},{"type":"Feature","geometry":{"type":"Point","coordinates":[-43.909841,-20.357576]},"properties":{"kind":"FIXED","limit_kmh":80,"source":"OSM","active":true,"direction_deg":null}},{"type":"Feature","geometry":{"type":"Point","coordinates":[-43.911506,-20.353798]},"properties":{"kind":"FIXED","limit_kmh":60,"source":"OSM","active":true,"direction_deg":null}},{"type":"Feature","geometry":{"type":"Point","coordinates":[-43.923603,-20.345938]},"properties":{"kind":"FIXED","limit_kmh":60,"source":"OSM","active":true,"direction_deg":null}},{"type":"Feature","geometry":{"type":"Point","coordinates":[-45.249782,-20.343331]},"properties":{"kind":"FIXED","limit_kmh":60,"source":"OSM","active":true,"direction_deg":null}},{"type":"Feature","geometry":{"type":"Point","coordinates":[-42.741516,-20.341211]},"properties":{"kind":"FIXED","limit_kmh":60,"source":"OSM","active":true,"direction_deg":null}},{"type":"Feature","geometry":{"type":"Point","coordinates":[-45.535932,-20.330432]},"properties":{"kind":"FIXED","limit_kmh":60,"source":"DNIT+OSM","active":true,"direction_deg":null}},{"type":"Feature","geometry":{"type":"Point","coordinates":[-41.961368,-20.329565]},"properties":{"kind":"FIXED","limit_kmh":60,"source":"OSM","active":true,"direction_deg":null}},{"type":"Feature","geometry":{"type":"Point","coordinates":[-43.463371,-20.327684]},"properties":{"kind":"FIXED","limit_kmh":null,"source":"OSM","active":true,"direction_deg":null}},{"type":"Feature","geometry":{"type":"Point","coordinates":[-43.463192,-20.32768]},"properties":{"kind":"FIXED","limit_kmh":40,"source":"OSM","active":true,"direction_deg":null}},{"type":"Feature","geometry":{"type":"Point","coordinates":[-44.012538,-20.316293]},"properties":{"kind":"FIXED","limit_kmh":40,"source":"OSM","active":true,"direction_deg":null}},{"type":"Feature","geometry":{"type":"Point","coordinates":[-45.544066,-20.298602]},"properties":{"kind":"FIXED","limit_kmh":60,"source":"OSM","active":true,"direction_deg":null}},{"type":"Feature","geometry":{"type":"Point","coordinates":[-45.185341,-20.296985]},"properties":{"kind":"FIXED","limit_kmh":60,"source":"OSM","active":true,"direction_deg":null}},{"type":"Feature","geometry":{"type":"Point","coordinates":[-45.179624,-20.296755]},"properties":{"kind":"FIXED","limit_kmh":60,"source":"OSM","active":true,"direction_deg":null}},{"type":"Feature","geometry":{"type":"Point","coordinates":[-45.179426,-20.296664]},"properties":{"kind":"FIXED","limit_kmh":60,"source":"OSM","active":true,"direction_deg":null}},{"type":"Feature","geometry":{"type":"Point","coordinates":[-42.478264,-20.296205]},"properties":{"kind":"FIXED","limit_kmh":50,"source":"OSM","active":true,"direction_deg":null}},{"type":"Feature","geometry":{"type":"Point","coordinates":[-49.20184,-20.290552]},"properties":{"kind":"FIXED","limit_kmh":null,"source":"OSM","active":true,"direction_deg":null}},{"type":"Feature","geometry":{"type":"Point","coordinates":[-45.54875,-20.289265]},"properties":{"kind":"FIXED","limit_kmh":40,"source":"DNIT","active":true,"direction_deg":null}},{"type":"Feature","geometry":{"type":"Point","coordinates":[-42.05203,-20.275331]},"properties":{"kind":"FIXED","limit_kmh":50,"source":"OSM","active":true,"direction_deg":null}},{"type":"Feature","geometry":{"type":"Point","coordinates":[-42.040626,-20.272987]},"properties":{"kind":"FIXED","limit_kmh":50,"source":"OSM","active":true,"direction_deg":null}},{"type":"Feature","geometry":{"type":"Point","coordinates":[-42.191611,-20.27289]},"properties":{"kind":"FIXED","limit_kmh":50,"source":"OSM","active":true,"direction_deg":null}},{"type":"Feature","geometry":{"type":"Point","coordinates":[-44.424512,-20.270433]},"properties":{"kind":"FIXED","limit_kmh":null,"source":"OSM","active":true,"direction_deg":null}},{"type":"Feature","geometry":{"type":"Point","coordinates":[-43.954146,-20.269447]},"properties":{"kind":"FIXED","limit_kmh":60,"source":"OSM","active":true,"direction_deg":null}},{"type":"Feature","geometry":{"type":"Point","coordinates":[-43.956208,-20.266595]},"properties":{"kind":"FIXED","limit_kmh":60,"source":"OSM","active":true,"direction_deg":null}},{"type":"Feature","geometry":{"type":"Point","coordinates":[-43.958581,-20.263278]},"properties":{"kind":"FIXED","limit_kmh":60,"source":"OSM","active":true,"direction_deg":null}},{"type":"Feature","geometry":{"type":"Point","coordinates":[-42.031456,-20.258888]},"properties":{"kind":"FIXED","limit_kmh":50,"source":"OSM","active":true,"direction_deg":null}},{"type":"Feature","geometry":{"type":"Point","coordinates":[-42.02483,-20.257826]},"properties":{"kind":"FIXED","limit_kmh":50,"source":"OSM","active":true,"direction_deg":null}},{"type":"Feature","geometry":{"type":"Point","coordinates":[-42.025068,-20.25768]},"properties":{"kind":"FIXED","limit_kmh":50,"source":"OSM","active":true,"direction_deg":null}},{"type":"Feature","geometry":{"type":"Point","coordinates":[-42.005235,-20.255745]},"properties":{"kind":"FIXED","limit_kmh":80,"source":"OSM","active":true,"direction_deg":null}},{"type":"Feature","geometry":{"type":"Point","coordinates":[-41.982116,-20.247274]},"properties":{"kind":"FIXED","limit_kmh":50,"source":"OSM","active":true,"direction_deg":null}},{"type":"Feature","geometry":{"type":"Point","coordinates":[-42.153798,-20.246736]},"properties":{"kind":"FIXED","limit_kmh":50,"source":"OSM","active":false,"direction_deg":null}},{"type":"Feature","geometry":{"type":"Point","coordinates":[-42.623913,-20.231381]},"properties":{"kind":"FIXED","limit_kmh":50,"source":"OSM","active":true,"direction_deg":null}},{"type":"Feature","geometry":{"type":"Point","coordinates":[-42.641192,-20.226267]},"properties":{"kind":"FIXED","limit_kmh":50,"source":"OSM","active":true,"direction_deg":null}},{"type":"Feature","geometry":{"type":"Point","coordinates":[-43.971201,-20.22183]},"properties":{"kind":"FIXED","limit_kmh":100,"source":"OSM","active":true,"direction_deg":null}},{"type":"Feature","geometry":{"type":"Point","coordinates":[-43.827601,-20.217913]},"properties":{"kind":"FIXED","limit_kmh":60,"source":"DNIT+OSM","active":false,"direction_deg":104}},{"type":"Feature","geometry":{"type":"Point","coordinates":[-44.390422,-20.209599]},"properties":{"kind":"FIXED","limit_kmh":null,"source":"OSM","active":true,"direction_deg":null}},{"type":"Feature","geometry":{"type":"Point","coordinates":[-42.915112,-20.209195]},"properties":{"kind":"FIXED","limit_kmh":null,"source":"OSM","active":true,"direction_deg":null}},{"type":"Feature","geometry":{"type":"Point","coordinates":[-45.017909,-20.204479]},"properties":{"kind":"FIXED","limit_kmh":60,"source":"OSM","active":true,"direction_deg":null}},{"type":"Feature","geometry":{"type":"Point","coordinates":[-45.01807,-20.204168]},"properties":{"kind":"FIXED","limit_kmh":60,"source":"OSM","active":true,"direction_deg":null}},{"type":"Feature","geometry":{"type":"Point","coordinates":[-43.864268,-20.199501]},"properties":{"kind":"FIXED","limit_kmh":50,"source":"OSM","active":true,"direction_deg":null}},{"type":"Feature","geometry":{"type":"Point","coordinates":[-42.183333,-20.197911]},"properties":{"kind":"FIXED","limit_kmh":30,"source":"ANTT","active":true,"direction_deg":null}},{"type":"Feature","geometry":{"type":"Point","coordinates":[-42.183401,-20.196656]},"properties":{"kind":"FIXED","limit_kmh":30,"source":"OSM","active":true,"direction_deg":null}},{"type":"Feature","geometry":{"type":"Point","coordinates":[-44.97938,-20.187181]},"properties":{"kind":"FIXED","limit_kmh":60,"source":"OSM","active":true,"direction_deg":null}},{"type":"Feature","geometry":{"type":"Point","coordinates":[-44.486594,-20.185102]},"properties":{"kind":"FIXED","limit_kmh":60,"source":"OSM","active":true,"direction_deg":null}},{"type":"Feature","geometry":{"type":"Point","coordinates":[-44.375864,-20.176147]},"properties":{"kind":"FIXED","limit_kmh":80,"source":"ANTT+OSM","active":true,"direction_deg":23}},{"type":"Feature","geometry":{"type":"Point","coordinates":[-44.921307,-20.17542]},"properties":{"kind":"FIXED","limit_kmh":40,"source":"DNIT","active":true,"direction_deg":null}},{"type":"Feature","geometry":{"type":"Point","coordinates":[-44.334434,-20.167194]},"properties":{"kind":"FIXED","limit_kmh":80,"source":"ANTT+OSM","active":true,"direction_deg":137}},{"type":"Feature","geometry":{"type":"Point","coordinates":[-44.323897,-20.146664]},"properties":{"kind":"FIXED","limit_kmh":80,"source":"ANTT","active":true,"direction_deg":216}},{"type":"Feature","geometry":{"type":"Point","coordinates":[-44.323633,-20.146482]},"properties":{"kind":"FIXED","limit_kmh":80,"source":"OSM","active":true,"direction_deg":null}},{"type":"Feature","geometry":{"type":"Point","coordinates":[-44.199002,-20.134898]},"properties":{"kind":"FIXED","limit_kmh":60,"source":"OSM","active":true,"direction_deg":null}},{"type":"Feature","geometry":{"type":"Point","coordinates":[-44.532956,-20.129389]},"properties":{"kind":"FIXED","limit_kmh":60,"source":"OSM","active":true,"direction_deg":null}},{"type":"Feature","geometry":{"type":"Point","coordinates":[-44.534773,-20.126879]},"properties":{"kind":"FIXED","limit_kmh":60,"source":"OSM","active":true,"direction_deg":null}},{"type":"Feature","geometry":{"type":"Point","coordinates":[-44.93009,-20.122854]},"properties":{"kind":"FIXED","limit_kmh":40,"source":"OSM","active":true,"direction_deg":null}},{"type":"Feature","geometry":{"type":"Point","coordinates":[-44.301415,-20.121739]},"properties":{"kind":"FIXED","limit_kmh":null,"source":"OSM","active":true,"direction_deg":null}},{"type":"Feature","geometry":{"type":"Point","coordinates":[-44.83921,-20.102307]},"properties":{"kind":"FIXED","limit_kmh":60,"source":"OSM","active":true,"direction_deg":null}},{"type":"Feature","geometry":{"type":"Point","coordinates":[-44.833979,-20.097188]},"properties":{"kind":"FIXED","limit_kmh":60,"source":"OSM","active":true,"direction_deg":null}},{"type":"Feature","geometry":{"type":"Point","coordinates":[-45.296188,-20.096306]},"properties":{"kind":"FIXED","limit_kmh":40,"source":"OSM","active":true,"direction_deg":null}},{"type":"Feature","geometry":{"type":"Point","coordinates":[-45.296164,-20.096206]},"properties":{"kind":"FIXED","limit_kmh":40,"source":"OSM","active":true,"direction_deg":null}},{"type":"Feature","geometry":{"type":"Point","coordinates":[-44.596645,-20.090798]},"properties":{"kind":"FIXED","limit_kmh":40,"source":"INMETRO","active":true,"direction_deg":null}},{"type":"Feature","geometry":{"type":"Point","coordinates":[-44.583773,-20.09018]},"properties":{"kind":"FIXED","limit_kmh":40,"source":"INMETRO","active":true,"direction_deg":null}},{"type":"Feature","geometry":{"type":"Point","coordinates":[-44.603158,-20.088839]},"properties":{"kind":"FIXED","limit_kmh":40,"source":"INMETRO","active":true,"direction_deg":null}},{"type":"Feature","geometry":{"type":"Point","coordinates":[-43.052426,-20.084369]},"properties":{"kind":"FIXED","limit_kmh":60,"source":"OSM","active":true,"direction_deg":null}},{"type":"Feature","geometry":{"type":"Point","coordinates":[-44.58603,-20.08117]},"properties":{"kind":"FIXED","limit_kmh":40,"source":"INMETRO","active":true,"direction_deg":null}},{"type":"Feature","geometry":{"type":"Point","coordinates":[-44.783447,-20.078578]},"properties":{"kind":"FIXED","limit_kmh":60,"source":"OSM","active":true,"direction_deg":null}},{"type":"Feature","geometry":{"type":"Point","coordinates":[-44.205721,-20.077192]},"properties":{"kind":"FIXED","limit_kmh":60,"source":"OSM","active":true,"direction_deg":null}},{"type":"Feature","geometry":{"type":"Point","coordinates":[-44.570378,-20.070664]},"properties":{"kind":"FIXED","limit_kmh":40,"source":"OSM","active":true,"direction_deg":null}},{"type":"Feature","geometry":{"type":"Point","coordinates":[-44.586781,-20.067362]},"properties":{"kind":"FIXED","limit_kmh":40,"source":"INMETRO","active":true,"direction_deg":null}},{"type":"Feature","geometry":{"type":"Point","coordinates":[-44.585465,-20.067239]},"properties":{"kind":"FIXED","limit_kmh":40,"source":"INMETRO","active":true,"direction_deg":null}},{"type":"Feature","geometry":{"type":"Point","coordinates":[-44.295596,-20.066551]},"properties":{"kind":"FIXED","limit_kmh":null,"source":"OSM","active":true,"direction_deg":null}},{"type":"Feature","geometry":{"type":"Point","coordinates":[-44.55492,-20.061961]},"properties":{"kind":"FIXED","limit_kmh":60,"source":"OSM","active":true,"direction_deg":null}},{"type":"Feature","geometry":{"type":"Point","coordinates":[-44.608181,-20.060673]},"properties":{"kind":"FIXED","limit_kmh":60,"source":"OSM","active":true,"direction_deg":null}},{"type":"Feature","geometry":{"type":"Point","coordinates":[-44.61586,-20.059527]},"properties":{"kind":"FIXED","limit_kmh":40,"source":"INMETRO","active":true,"direction_deg":null}},{"type":"Feature","geometry":{"type":"Point","coordinates":[-43.975428,-20.057838]},"properties":{"kind":"FIXED","limit_kmh":100,"source":"ANTT+OSM","active":true,"direction_deg":213}},{"type":"Feature","geometry":{"type":"Point","coordinates":[-44.570598,-20.056095]},"properties":{"kind":"FIXED","limit_kmh":40,"source":"OSM","active":true,"direction_deg":null}},{"type":"Feature","geometry":{"type":"Point","coordinates":[-44.840493,-20.046299]},"properties":{"kind":"FIXED","limit_kmh":40,"source":"OSM","active":true,"direction_deg":null}},{"type":"Feature","geometry":{"type":"Point","coordinates":[-43.968008,-20.038547]},"properties":{"kind":"FIXED","limit_kmh":110,"source":"OSM","active":true,"direction_deg":null}},{"type":"Feature","geometry":{"type":"Point","coordinates":[-44.253647,-20.038454]},"properties":{"kind":"FIXED","limit_kmh":null,"source":"OSM","active":true,"direction_deg":null}},{"type":"Feature","geometry":{"type":"Point","coordinates":[-44.120963,-20.028658]},"properties":{"kind":"FIXED","limit_kmh":60,"source":"OSM","active":true,"direction_deg":null}},{"type":"Feature","geometry":{"type":"Point","coordinates":[-43.970572,-20.022027]},"properties":{"kind":"FIXED","limit_kmh":110,"source":"OSM","active":true,"direction_deg":null}},{"type":"Feature","geometry":{"type":"Point","coordinates":[-43.970249,-20.015834]},"properties":{"kind":"FIXED","limit_kmh":100,"source":"ANTT+OSM","active":true,"direction_deg":213}},{"type":"Feature","geometry":{"type":"Point","coordinates":[-42.151775,-20.009204]},"properties":{"kind":"FIXED","limit_kmh":60,"source":"ANTT","active":true,"direction_deg":204}},{"type":"Feature","geometry":{"type":"Point","coordinates":[-44.170856,-20.003526]},"properties":{"kind":"FIXED","limit_kmh":60,"source":"OSM","active":true,"direction_deg":null}},{"type":"Feature","geometry":{"type":"Point","coordinates":[-43.902892,-20.001131]},"properties":{"kind":"FIXED","limit_kmh":60,"source":"OSM","active":true,"direction_deg":null}},{"type":"Feature","geometry":{"type":"Point","coordinates":[-43.903822,-20.00005]},"properties":{"kind":"FIXED","limit_kmh":60,"source":"OSM","active":true,"direction_deg":null}},{"type":"Feature","geometry":{"type":"Point","coordinates":[-43.897658,-19.999365]},"properties":{"kind":"FIXED","limit_kmh":60,"source":"OSM","active":true,"direction_deg":null}},{"type":"Feature","geometry":{"type":"Point","coordinates":[-43.8977,-19.999237]},"properties":{"kind":"FIXED","limit_kmh":60,"source":"OSM","active":true,"direction_deg":null}},{"type":"Feature","geometry":{"type":"Point","coordinates":[-44.445296,-19.998666]},"properties":{"kind":"FIXED","limit_kmh":60,"source":"OSM","active":true,"direction_deg":null}},{"type":"Feature","geometry":{"type":"Point","coordinates":[-44.444797,-19.998329]},"properties":{"kind":"FIXED","limit_kmh":60,"source":"OSM","active":true,"direction_deg":null}},{"type":"Feature","geometry":{"type":"Point","coordinates":[-45.506695,-19.997891]},"properties":{"kind":"FIXED","limit_kmh":60,"source":"OSM","active":true,"direction_deg":null}},{"type":"Feature","geometry":{"type":"Point","coordinates":[-45.506628,-19.997818]},"properties":{"kind":"FIXED","limit_kmh":60,"source":"OSM","active":true,"direction_deg":null}},{"type":"Feature","geometry":{"type":"Point","coordinates":[-43.961382,-19.997089]},"properties":{"kind":"FIXED","limit_kmh":70,"source":"OSM","active":true,"direction_deg":null}},{"type":"Feature","geometry":{"type":"Point","coordinates":[-43.88152,-19.996613]},"properties":{"kind":"FIXED","limit_kmh":60,"source":"OSM","active":true,"direction_deg":null}},{"type":"Feature","geometry":{"type":"Point","coordinates":[-43.839517,-19.996491]},"properties":{"kind":"FIXED","limit_kmh":60,"source":"OSM","active":true,"direction_deg":null}},{"type":"Feature","geometry":{"type":"Point","coordinates":[-43.961112,-19.996049]},"properties":{"kind":"FIXED","limit_kmh":null,"source":"OSM","active":true,"direction_deg":null}},{"type":"Feature","geometry":{"type":"Point","coordinates":[-43.83906,-19.995476]},"properties":{"kind":"FIXED","limit_kmh":60,"source":"OSM","active":true,"direction_deg":null}},{"type":"Feature","geometry":{"type":"Point","coordinates":[-44.181469,-19.994762]},"properties":{"kind":"FIXED","limit_kmh":40,"source":"OSM","active":true,"direction_deg":null}},{"type":"Feature","geometry":{"type":"Point","coordinates":[-43.858173,-19.994626]},"properties":{"kind":"FIXED","limit_kmh":60,"source":"OSM","active":true,"direction_deg":null}},{"type":"Feature","geometry":{"type":"Point","coordinates":[-44.023473,-19.993356]},"properties":{"kind":"RED_LIGHT","limit_kmh":null,"source":"BHTRANS","active":true,"direction_deg":null}},{"type":"Feature","geometry":{"type":"Point","coordinates":[-44.023413,-19.993345]},"properties":{"kind":"RED_LIGHT","limit_kmh":null,"source":"BHTRANS","active":true,"direction_deg":null}},{"type":"Feature","geometry":{"type":"Point","coordinates":[-44.023863,-19.993318]},"properties":{"kind":"RED_LIGHT","limit_kmh":null,"source":"BHTRANS","active":true,"direction_deg":null}},{"type":"Feature","geometry":{"type":"Point","coordinates":[-44.023376,-19.993148]},"properties":{"kind":"RED_LIGHT","limit_kmh":null,"source":"BHTRANS","active":true,"direction_deg":null}},{"type":"Feature","geometry":{"type":"Point","coordinates":[-44.023383,-19.993121]},"properties":{"kind":"RED_LIGHT","limit_kmh":null,"source":"BHTRANS","active":true,"direction_deg":null}},{"type":"Feature","geometry":{"type":"Point","coordinates":[-43.961632,-19.992104]},"properties":{"kind":"FIXED","limit_kmh":70,"source":"BHTRANS","active":true,"direction_deg":null}},{"type":"Feature","geometry":{"type":"Point","coordinates":[-44.017385,-19.992017]},"properties":{"kind":"RED_LIGHT","limit_kmh":null,"source":"BHTRANS+OSM","active":true,"direction_deg":null}},{"type":"Feature","geometry":{"type":"Point","coordinates":[-44.017373,-19.991989]},"properties":{"kind":"FIXED","limit_kmh":null,"source":"OSM","active":true,"direction_deg":null}},{"type":"Feature","geometry":{"type":"Point","coordinates":[-44.017596,-19.991953]},"properties":{"kind":"RED_LIGHT","limit_kmh":null,"source":"BHTRANS","active":true,"direction_deg":null}},{"type":"Feature","geometry":{"type":"Point","coordinates":[-44.017326,-19.991808]},"properties":{"kind":"RED_LIGHT","limit_kmh":null,"source":"BHTRANS","active":true,"direction_deg":null}},{"type":"Feature","geometry":{"type":"Point","coordinates":[-44.016903,-19.991795]},"properties":{"kind":"FIXED","limit_kmh":60,"source":"OSM","active":true,"direction_deg":null}},{"type":"Feature","geometry":{"type":"Point","coordinates":[-44.017518,-19.99176]},"properties":{"kind":"FIXED","limit_kmh":null,"source":"OSM","active":true,"direction_deg":null}},{"type":"Feature","geometry":{"type":"Point","coordinates":[-44.017504,-19.991724]},"properties":{"kind":"RED_LIGHT","limit_kmh":null,"source":"BHTRANS+OSM","active":true,"direction_deg":null}},{"type":"Feature","geometry":{"type":"Point","coordinates":[-44.016912,-19.991705]},"properties":{"kind":"FIXED","limit_kmh":60,"source":"OSM","active":true,"direction_deg":null}},{"type":"Feature","geometry":{"type":"Point","coordinates":[-44.015586,-19.991466]},"properties":{"kind":"FIXED","limit_kmh":60,"source":"BHTRANS","active":true,"direction_deg":null}},{"type":"Feature","geometry":{"type":"Point","coordinates":[-44.01514,-19.991152]},"properties":{"kind":"FIXED","limit_kmh":60,"source":"BHTRANS","active":true,"direction_deg":null}},{"type":"Feature","geometry":{"type":"Point","coordinates":[-43.967737,-19.991085]},"properties":{"kind":"FIXED","limit_kmh":70,"source":"BHTRANS+OSM","active":true,"direction_deg":null}},{"type":"Feature","geometry":{"type":"Point","coordinates":[-44.013776,-19.99063]},"properties":{"kind":"RED_LIGHT","limit_kmh":null,"source":"BHTRANS","active":true,"direction_deg":null}},{"type":"Feature","geometry":{"type":"Point","coordinates":[-44.013534,-19.990405]},"properties":{"kind":"RED_LIGHT","limit_kmh":null,"source":"BHTRANS","active":true,"direction_deg":null}},{"type":"Feature","geometry":{"type":"Point","coordinates":[-44.013777,-19.990381]},"properties":{"kind":"RED_LIGHT","limit_kmh":null,"source":"BHTRANS","active":true,"direction_deg":null}},{"type":"Feature","geometry":{"type":"Point","coordinates":[-44.012095,-19.989839]},"properties":{"kind":"RED_LIGHT","limit_kmh":null,"source":"BHTRANS","active":true,"direction_deg":null}},{"type":"Feature","geometry":{"type":"Point","coordinates":[-44.012247,-19.98977]},"properties":{"kind":"RED_LIGHT","limit_kmh":null,"source":"BHTRANS","active":true,"direction_deg":null}},{"type":"Feature","geometry":{"type":"Point","coordinates":[-44.012049,-19.989592]},"properties":{"kind":"RED_LIGHT","limit_kmh":null,"source":"BHTRANS","active":true,"direction_deg":null}},{"type":"Feature","geometry":{"type":"Point","coordinates":[-43.975114,-19.98691]},"properties":{"kind":"FIXED","limit_kmh":70,"source":"OSM","active":true,"direction_deg":null}},{"type":"Feature","geometry":{"type":"Point","coordinates":[-43.975939,-19.986432]},"properties":{"kind":"FIXED","limit_kmh":70,"source":"BHTRANS","active":true,"direction_deg":null}},{"type":"Feature","geometry":{"type":"Point","coordinates":[-44.187221,-19.985565]},"properties":{"kind":"FIXED","limit_kmh":30,"source":"OSM","active":true,"direction_deg":null}},{"type":"Feature","geometry":{"type":"Point","coordinates":[-43.981426,-19.983829]},"properties":{"kind":"FIXED","limit_kmh":70,"source":"OSM","active":true,"direction_deg":null}},{"type":"Feature","geometry":{"type":"Point","coordinates":[-43.981384,-19.983737]},"properties":{"kind":"FIXED","limit_kmh":60,"source":"OSM","active":true,"direction_deg":null}},{"type":"Feature","geometry":{"type":"Point","coordinates":[-43.982013,-19.983706]},"properties":{"kind":"FIXED","limit_kmh":70,"source":"BHTRANS","active":true,"direction_deg":null}},{"type":"Feature","geometry":{"type":"Point","coordinates":[-44.006361,-19.980837]},"properties":{"kind":"FIXED","limit_kmh":60,"source":"INMETRO+OSM","active":true,"direction_deg":null}},{"type":"Feature","geometry":{"type":"Point","coordinates":[-44.006475,-19.980815]},"properties":{"kind":"FIXED","limit_kmh":60,"source":"OSM","active":true,"direction_deg":null}},{"type":"Feature","geometry":{"type":"Point","coordinates":[-43.985185,-19.978899]},"properties":{"kind":"FIXED","limit_kmh":70,"source":"BHTRANS","active":true,"direction_deg":null}},{"type":"Feature","geometry":{"type":"Point","coordinates":[-43.947992,-19.978861]},"properties":{"kind":"FIXED","limit_kmh":60,"source":"OSM","active":true,"direction_deg":null}},{"type":"Feature","geometry":{"type":"Point","coordinates":[-43.985923,-19.978662]},"properties":{"kind":"FIXED","limit_kmh":70,"source":"OSM","active":true,"direction_deg":null}},{"type":"Feature","geometry":{"type":"Point","coordinates":[-42.139335,-19.977516]},"properties":{"kind":"FIXED","limit_kmh":50,"source":"ANTT+OSM","active":true,"direction_deg":null}},{"type":"Feature","geometry":{"type":"Point","coordinates":[-43.452194,-19.977155]},"properties":{"kind":"FIXED","limit_kmh":60,"source":"OSM","active":true,"direction_deg":null}},{"type":"Feature","geometry":{"type":"Point","coordinates":[-44.004233,-19.976302]},"properties":{"kind":"FIXED","limit_kmh":60,"source":"BHTRANS+OSM","active":true,"direction_deg":null}},{"type":"Feature","geometry":{"type":"Point","coordinates":[-43.988687,-19.975318]},"properties":{"kind":"FIXED","limit_kmh":70,"source":"OSM","active":true,"direction_deg":null}},{"type":"Feature","geometry":{"type":"Point","coordinates":[-44.93927,-19.974576]},"properties":{"kind":"FIXED","limit_kmh":60,"source":"OSM","active":true,"direction_deg":null}},{"type":"Feature","geometry":{"type":"Point","coordinates":[-44.939238,-19.974504]},"properties":{"kind":"FIXED","limit_kmh":60,"source":"OSM","active":true,"direction_deg":null}},{"type":"Feature","geometry":{"type":"Point","coordinates":[-44.939235,-19.974118]},"properties":{"kind":"FIXED","limit_kmh":60,"source":"DNIT","active":true,"direction_deg":null}},{"type":"Feature","geometry":{"type":"Point","coordinates":[-44.858248,-19.974032]},"properties":{"kind":"FIXED","limit_kmh":60,"source":"OSM","active":true,"direction_deg":null}},{"type":"Feature","geometry":{"type":"Point","coordinates":[-44.008599,-19.974022]},"properties":{"kind":"FIXED","limit_kmh":60,"source":"BHTRANS+OSM","active":true,"direction_deg":null}},{"type":"Feature","geometry":{"type":"Point","coordinates":[-44.013397,-19.97383]},"properties":{"kind":"FIXED","limit_kmh":60,"source":"BHTRANS+INMETRO","active":true,"direction_deg":null}},{"type":"Feature","geometry":{"type":"Point","coordinates":[-44.013182,-19.973775]},"properties":{"kind":"FIXED","limit_kmh":60,"source":"BHTRANS+INMETRO","active":true,"direction_deg":null}},{"type":"Feature","geometry":{"type":"Point","coordinates":[-44.273728,-19.973605]},"properties":{"kind":"FIXED","limit_kmh":60,"source":"ANTT","active":true,"direction_deg":100}},{"type":"Feature","geometry":{"type":"Point","coordinates":[-44.273361,-19.973583]},"properties":{"kind":"FIXED","limit_kmh":110,"source":"OSM","active":true,"direction_deg":null}},{"type":"Feature","geometry":{"type":"Point","coordinates":[-44.013653,-19.9735]},"properties":{"kind":"FIXED","limit_kmh":60,"source":"OSM","active":true,"direction_deg":null}},{"type":"Feature","geometry":{"type":"Point","coordinates":[-44.013576,-19.973428]},"properties":{"kind":"FIXED","limit_kmh":60,"source":"OSM","active":true,"direction_deg":null}},{"type":"Feature","geometry":{"type":"Point","coordinates":[-44.19062,-19.973223]},"properties":{"kind":"FIXED","limit_kmh":60,"source":"OSM","active":true,"direction_deg":null}},{"type":"Feature","geometry":{"type":"Point","coordinates":[-44.190828,-19.973135]},"properties":{"kind":"FIXED","limit_kmh":60,"source":"INMETRO+OSM","active":true,"direction_deg":null}},{"type":"Feature","geometry":{"type":"Point","coordinates":[-43.989747,-19.973099]},"properties":{"kind":"FIXED","limit_kmh":80,"source":"OSM","active":true,"direction_deg":null}},{"type":"Feature","geometry":{"type":"Point","coordinates":[-44.300966,-19.972906]},"properties":{"kind":"FIXED","limit_kmh":60,"source":"OSM","active":true,"direction_deg":null}},{"type":"Feature","geometry":{"type":"Point","coordinates":[-44.309762,-19.972628]},"properties":{"kind":"FIXED","limit_kmh":60,"source":"ANTT+OSM","active":true,"direction_deg":81}},{"type":"Feature","geometry":{"type":"Point","coordinates":[-43.990469,-19.971684]},"properties":{"kind":"FIXED","limit_kmh":70,"source":"BHTRANS","active":true,"direction_deg":null}},{"type":"Feature","geometry":{"type":"Point","coordinates":[-43.951287,-19.971147]},"properties":{"kind":"FIXED","limit_kmh":60,"source":"BHTRANS+INMETRO+OSM","active":true,"direction_deg":null}},{"type":"Feature","geometry":{"type":"Point","coordinates":[-43.998622,-19.970584]},"properties":{"kind":"FIXED","limit_kmh":60,"source":"BHTRANS+INMETRO+OSM","active":true,"direction_deg":null}},{"type":"Feature","geometry":{"type":"Point","coordinates":[-43.997066,-19.970349]},"properties":{"kind":"FIXED","limit_kmh":60,"source":"BHTRANS+INMETRO","active":true,"direction_deg":null}},{"type":"Feature","geometry":{"type":"Point","coordinates":[-43.997071,-19.970345]},"properties":{"kind":"FIXED","limit_kmh":60,"source":"BHTRANS","active":true,"direction_deg":null}},{"type":"Feature","geometry":{"type":"Point","coordinates":[-44.212692,-19.970149]},"properties":{"kind":"FIXED","limit_kmh":40,"source":"OSM","active":true,"direction_deg":null}},{"type":"Feature","geometry":{"type":"Point","coordinates":[-44.599588,-19.968926]},"properties":{"kind":"FIXED","limit_kmh":60,"source":"OSM","active":true,"direction_deg":null}},{"type":"Feature","geometry":{"type":"Point","coordinates":[-44.206753,-19.968289]},"properties":{"kind":"FIXED","limit_kmh":60,"source":"OSM","active":true,"direction_deg":null}},{"type":"Feature","geometry":{"type":"Point","coordinates":[-43.963273,-19.968007]},"properties":{"kind":"RED_LIGHT","limit_kmh":null,"source":"BHTRANS","active":true,"direction_deg":null}},{"type":"Feature","geometry":{"type":"Point","coordinates":[-43.963175,-19.967968]},"properties":{"kind":"RED_LIGHT","limit_kmh":null,"source":"BHTRANS","active":true,"direction_deg":null}},{"type":"Feature","geometry":{"type":"Point","coordinates":[-43.994501,-19.9679]},"properties":{"kind":"FIXED","limit_kmh":70,"source":"BHTRANS+OSM","active":true,"direction_deg":null}},{"type":"Feature","geometry":{"type":"Point","coordinates":[-43.963361,-19.967774]},"properties":{"kind":"RED_LIGHT","limit_kmh":null,"source":"BHTRANS","active":true,"direction_deg":null}},{"type":"Feature","geometry":{"type":"Point","coordinates":[-43.963186,-19.96776]},"properties":{"kind":"RED_LIGHT","limit_kmh":null,"source":"BHTRANS","active":true,"direction_deg":null}},{"type":"Feature","geometry":{"type":"Point","coordinates":[-44.179912,-19.966255]},"properties":{"kind":"FIXED","limit_kmh":40,"source":"OSM","active":true,"direction_deg":null}},{"type":"Feature","geometry":{"type":"Point","coordinates":[-43.940908,-19.966022]},"properties":{"kind":"FIXED","limit_kmh":60,"source":"OSM","active":true,"direction_deg":null}},{"type":"Feature","geometry":{"type":"Point","coordinates":[-43.996232,-19.964899]},"properties":{"kind":"FIXED","limit_kmh":60,"source":"OSM","active":true,"direction_deg":null}},{"type":"Feature","geometry":{"type":"Point","coordinates":[-43.996246,-19.964789]},"properties":{"kind":"FIXED","limit_kmh":60,"source":"OSM","active":true,"direction_deg":null}},{"type":"Feature","geometry":{"type":"Point","coordinates":[-44.171413,-19.96438]},"properties":{"kind":"FIXED","limit_kmh":80,"source":"OSM","active":true,"direction_deg":null}},{"type":"Feature","geometry":{"type":"Point","coordinates":[-44.171924,-19.964349]},"properties":{"kind":"FIXED","limit_kmh":80,"source":"ANTT","active":true,"direction_deg":254}},{"type":"Feature","geometry":{"type":"Point","coordinates":[-44.171165,-19.964181]},"properties":{"kind":"FIXED","limit_kmh":80,"source":"OSM","active":true,"direction_deg":null}},{"type":"Feature","geometry":{"type":"Point","coordinates":[-44.1959,-19.964096]},"properties":{"kind":"FIXED","limit_kmh":40,"source":"OSM","active":true,"direction_deg":null}},{"type":"Feature","geometry":{"type":"Point","coordinates":[-43.955509,-19.964022]},"properties":{"kind":"FIXED","limit_kmh":60,"source":"OSM","active":true,"direction_deg":null}},{"type":"Feature","geometry":{"type":"Point","coordinates":[-43.955438,-19.963914]},"properties":{"kind":"FIXED","limit_kmh":60,"source":"OSM","active":true,"direction_deg":null}},{"type":"Feature","geometry":{"type":"Point","coordinates":[-48.990657,-19.963882]},"properties":{"kind":"FIXED","limit_kmh":null,"source":"OSM","active":true,"direction_deg":null}},{"type":"Feature","geometry":{"type":"Point","coordinates":[-43.963228,-19.963703]},"properties":{"kind":"FIXED","limit_kmh":60,"source":"BHTRANS+INMETRO","active":true,"direction_deg":null}},{"type":"Feature","geometry":{"type":"Point","coordinates":[-43.96321,-19.963693]},"properties":{"kind":"FIXED","limit_kmh":60,"source":"BHTRANS","active":true,"direction_deg":null}},{"type":"Feature","geometry":{"type":"Point","coordinates":[-43.963441,-19.963432]},"properties":{"kind":"FIXED","limit_kmh":60,"source":"OSM","active":true,"direction_deg":null}},{"type":"Feature","geometry":{"type":"Point","coordinates":[-43.963497,-19.96316]},"properties":{"kind":"FIXED","limit_kmh":60,"source":"OSM","active":true,"direction_deg":null}},{"type":"Feature","geometry":{"type":"Point","coordinates":[-43.999215,-19.962951]},"properties":{"kind":"FIXED","limit_kmh":80,"source":"OSM","active":true,"direction_deg":null}},{"type":"Feature","geometry":{"type":"Point","coordinates":[-43.941394,-19.962897]},"properties":{"kind":"FIXED","limit_kmh":60,"source":"OSM","active":true,"direction_deg":null}},{"type":"Feature","geometry":{"type":"Point","coordinates":[-44.138155,-19.962769]},"properties":{"kind":"FIXED","limit_kmh":30,"source":"OSM","active":true,"direction_deg":null}},{"type":"Feature","geometry":{"type":"Point","coordinates":[-44.061514,-19.961801]},"properties":{"kind":"FIXED","limit_kmh":30,"source":"OSM","active":true,"direction_deg":null}},{"type":"Feature","geometry":{"type":"Point","coordinates":[-42.913337,-19.961713]},"properties":{"kind":"FIXED","limit_kmh":null,"source":"OSM","active":true,"direction_deg":null}},{"type":"Feature","geometry":{"type":"Point","coordinates":[-43.999831,-19.961154]},"properties":{"kind":"FIXED","limit_kmh":50,"source":"BHTRANS","active":true,"direction_deg":null}},{"type":"Feature","geometry":{"type":"Point","coordinates":[-44.154712,-19.961129]},"properties":{"kind":"FIXED","limit_kmh":80,"source":"OSM","active":true,"direction_deg":null}},{"type":"Feature","geometry":{"type":"Point","coordinates":[-44.0002,-19.960713]},"properties":{"kind":"FIXED","limit_kmh":70,"source":"BHTRANS+OSM","active":true,"direction_deg":null}},{"type":"Feature","geometry":{"type":"Point","coordinates":[-44.154589,-19.959974]},"properties":{"kind":"FIXED","limit_kmh":80,"source":"OSM","active":true,"direction_deg":null}},{"type":"Feature","geometry":{"type":"Point","coordinates":[-44.154643,-19.959819]},"properties":{"kind":"FIXED","limit_kmh":80,"source":"OSM","active":true,"direction_deg":null}},{"type":"Feature","geometry":{"type":"Point","coordinates":[-43.935768,-19.959774]},"properties":{"kind":"FIXED","limit_kmh":40,"source":"BHTRANS","active":true,"direction_deg":null}},{"type":"Feature","geometry":{"type":"Point","coordinates":[-44.085117,-19.959687]},"properties":{"kind":"FIXED","limit_kmh":80,"source":"OSM","active":true,"direction_deg":null}},{"type":"Feature","geometry":{"type":"Point","coordinates":[-44.085386,-19.959486]},"properties":{"kind":"FIXED","limit_kmh":80,"source":"ANTT","active":true,"direction_deg":273}},{"type":"Feature","geometry":{"type":"Point","coordinates":[-44.183509,-19.959108]},"properties":{"kind":"FIXED","limit_kmh":60,"source":"OSM","active":true,"direction_deg":null}},{"type":"Feature","geometry":{"type":"Point","coordinates":[-44.172678,-19.958115]},"properties":{"kind":"FIXED","limit_kmh":60,"source":"INMETRO+OSM","active":true,"direction_deg":null}},{"type":"Feature","geometry":{"type":"Point","coordinates":[-43.993549,-19.95786]},"properties":{"kind":"FIXED","limit_kmh":60,"source":"OSM","active":true,"direction_deg":null}},{"type":"Feature","geometry":{"type":"Point","coordinates":[-44.173067,-19.957835]},"properties":{"kind":"FIXED","limit_kmh":60,"source":"OSM","active":true,"direction_deg":null}},{"type":"Feature","geometry":{"type":"Point","coordinates":[-44.152079,-19.957736]},"properties":{"kind":"FIXED","limit_kmh":80,"source":"OSM","active":true,"direction_deg":null}},{"type":"Feature","geometry":{"type":"Point","coordinates":[-44.029588,-19.957645]},"properties":{"kind":"FIXED","limit_kmh":60,"source":"INMETRO+OSM","active":true,"direction_deg":null}},{"type":"Feature","geometry":{"type":"Point","coordinates":[-43.993368,-19.957513]},"properties":{"kind":"FIXED","limit_kmh":60,"source":"OSM","active":true,"direction_deg":null}},{"type":"Feature","geometry":{"type":"Point","coordinates":[-44.029312,-19.957403]},"properties":{"kind":"FIXED","limit_kmh":60,"source":"OSM","active":true,"direction_deg":null}},{"type":"Feature","geometry":{"type":"Point","coordinates":[-43.957743,-19.956292]},"properties":{"kind":"FIXED","limit_kmh":60,"source":"BHTRANS+OSM","active":true,"direction_deg":null}},{"type":"Feature","geometry":{"type":"Point","coordinates":[-43.958044,-19.956058]},"properties":{"kind":"FIXED","limit_kmh":60,"source":"BHTRANS","active":true,"direction_deg":null}},{"type":"Feature","geometry":{"type":"Point","coordinates":[-44.066638,-19.955472]},"properties":{"kind":"FIXED","limit_kmh":40,"source":"OSM","active":true,"direction_deg":null}},{"type":"Feature","geometry":{"type":"Point","coordinates":[-44.145058,-19.954845]},"properties":{"kind":"FIXED","limit_kmh":30,"source":"OSM","active":true,"direction_deg":null}},{"type":"Feature","geometry":{"type":"Point","coordinates":[-43.939884,-19.954604]},"properties":{"kind":"FIXED","limit_kmh":60,"source":"OSM","active":true,"direction_deg":null}},{"type":"Feature","geometry":{"type":"Point","coordinates":[-44.144853,-19.954573]},"properties":{"kind":"FIXED","limit_kmh":30,"source":"OSM","active":true,"direction_deg":null}},{"type":"Feature","geometry":{"type":"Point","coordinates":[-43.939537,-19.954383]},"properties":{"kind":"FIXED","limit_kmh":60,"source":"BHTRANS+OSM","active":true,"direction_deg":null}},{"type":"Feature","geometry":{"type":"Point","coordinates":[-43.939743,-19.954265]},"properties":{"kind":"FIXED","limit_kmh":60,"source":"BHTRANS+INMETRO","active":true,"direction_deg":null}},{"type":"Feature","geometry":{"type":"Point","coordinates":[-43.985615,-19.954212]},"properties":{"kind":"FIXED","limit_kmh":60,"source":"BHTRANS","active":true,"direction_deg":null}},{"type":"Feature","geometry":{"type":"Point","coordinates":[-43.985403,-19.954122]},"properties":{"kind":"FIXED","limit_kmh":40,"source":"BHTRANS","active":true,"direction_deg":null}},{"type":"Feature","geometry":{"type":"Point","coordinates":[-43.986014,-19.954014]},"properties":{"kind":"FIXED","limit_kmh":40,"source":"BHTRANS","active":true,"direction_deg":null}},{"type":"Feature","geometry":{"type":"Point","coordinates":[-44.150747,-19.953968]},"properties":{"kind":"FIXED","limit_kmh":null,"source":"OSM","active":true,"direction_deg":null}},{"type":"Feature","geometry":{"type":"Point","coordinates":[-44.110955,-19.953912]},"properties":{"kind":"FIXED","limit_kmh":30,"source":"OSM","active":true,"direction_deg":null}},{"type":"Feature","geometry":{"type":"Point","coordinates":[-44.110852,-19.953912]},"properties":{"kind":"FIXED","limit_kmh":30,"source":"OSM","active":true,"direction_deg":null}},{"type":"Feature","geometry":{"type":"Point","coordinates":[-44.02146,-19.953883]},"properties":{"kind":"FIXED","limit_kmh":60,"source":"OSM","active":true,"direction_deg":null}},{"type":"Feature","geometry":{"type":"Point","coordinates":[-43.985748,-19.953864]},"properties":{"kind":"FIXED","limit_kmh":60,"source":"BHTRANS","active":true,"direction_deg":null}},{"type":"Feature","geometry":{"type":"Point","coordinates":[-44.021496,-19.953816]},"properties":{"kind":"FIXED","limit_kmh":60,"source":"OSM","active":true,"direction_deg":null}},{"type":"Feature","geometry":{"type":"Point","coordinates":[-44.15126,-19.953622]},"properties":{"kind":"FIXED","limit_kmh":60,"source":"INMETRO+OSM","active":true,"direction_deg":null}},{"type":"Feature","geometry":{"type":"Point","coordinates":[-44.006947,-19.952852]},"properties":{"kind":"FIXED","limit_kmh":70,"source":"BHTRANS+OSM","active":true,"direction_deg":null}},{"type":"Feature","geometry":{"type":"Point","coordinates":[-44.152861,-19.95257]},"properties":{"kind":"FIXED","limit_kmh":40,"source":"OSM","active":true,"direction_deg":null}},{"type":"Feature","geometry":{"type":"Point","coordinates":[-44.007164,-19.952333]},"properties":{"kind":"FIXED","limit_kmh":70,"source":"OSM","active":false,"direction_deg":null}},{"type":"Feature","geometry":{"type":"Point","coordinates":[-44.142902,-19.952193]},"properties":{"kind":"FIXED","limit_kmh":30,"source":"OSM","active":true,"direction_deg":null}},{"type":"Feature","geometry":{"type":"Point","coordinates":[-44.016303,-19.951512]},"properties":{"kind":"FIXED","limit_kmh":60,"source":"OSM","active":true,"direction_deg":null}},{"type":"Feature","geometry":{"type":"Point","coordinates":[-44.152169,-19.950804]},"properties":{"kind":"FIXED","limit_kmh":60,"source":"OSM","active":true,"direction_deg":null}},{"type":"Feature","geometry":{"type":"Point","coordinates":[-44.012602,-19.949694]},"properties":{"kind":"FIXED","limit_kmh":60,"source":"INMETRO+OSM","active":true,"direction_deg":null}},{"type":"Feature","geometry":{"type":"Point","coordinates":[-44.025784,-19.949393]},"properties":{"kind":"FIXED","limit_kmh":60,"source":"INMETRO","active":true,"direction_deg":null}},{"type":"Feature","geometry":{"type":"Point","coordinates":[-43.986839,-19.949077]},"properties":{"kind":"FIXED","limit_kmh":60,"source":"INMETRO","active":true,"direction_deg":null}},{"type":"Feature","geometry":{"type":"Point","coordinates":[-44.025743,-19.948709]},"properties":{"kind":"FIXED","limit_kmh":60,"source":"INMETRO","active":true,"direction_deg":null}},{"type":"Feature","geometry":{"type":"Point","coordinates":[-44.06941,-19.94817]},"properties":{"kind":"FIXED","limit_kmh":30,"source":"OSM","active":true,"direction_deg":null}},{"type":"Feature","geometry":{"type":"Point","coordinates":[-44.047532,-19.947964]},"properties":{"kind":"FIXED","limit_kmh":30,"source":"OSM","active":true,"direction_deg":null}},{"type":"Feature","geometry":{"type":"Point","coordinates":[-43.987246,-19.947907]},"properties":{"kind":"FIXED","limit_kmh":60,"source":"BHTRANS+INMETRO","active":true,"direction_deg":null}},{"type":"Feature","geometry":{"type":"Point","coordinates":[-43.987244,-19.947905]},"properties":{"kind":"FIXED","limit_kmh":60,"source":"BHTRANS","active":true,"direction_deg":null}},{"type":"Feature","geometry":{"type":"Point","coordinates":[-43.987246,-19.947903]},"properties":{"kind":"FIXED","limit_kmh":60,"source":"BHTRANS+OSM","active":true,"direction_deg":null}},{"type":"Feature","geometry":{"type":"Point","coordinates":[-43.986807,-19.947893]},"properties":{"kind":"FIXED","limit_kmh":60,"source":"BHTRANS","active":true,"direction_deg":null}},{"type":"Feature","geometry":{"type":"Point","coordinates":[-43.986805,-19.947893]},"properties":{"kind":"FIXED","limit_kmh":60,"source":"BHTRANS+OSM","active":true,"direction_deg":null}},{"type":"Feature","geometry":{"type":"Point","coordinates":[-43.935165,-19.947857]},"properties":{"kind":"FIXED","limit_kmh":null,"source":"OSM","active":true,"direction_deg":null}},{"type":"Feature","geometry":{"type":"Point","coordinates":[-43.935258,-19.947816]},"properties":{"kind":"FIXED","limit_kmh":null,"source":"OSM","active":true,"direction_deg":null}},{"type":"Feature","geometry":{"type":"Point","coordinates":[-43.935125,-19.947777]},"properties":{"kind":"RED_LIGHT","limit_kmh":null,"source":"BHTRANS+OSM","active":true,"direction_deg":null}},{"type":"Feature","geometry":{"type":"Point","coordinates":[-43.935201,-19.947741]},"properties":{"kind":"RED_LIGHT","limit_kmh":null,"source":"BHTRANS+OSM","active":true,"direction_deg":null}},{"type":"Feature","geometry":{"type":"Point","coordinates":[-43.934971,-19.947704]},"properties":{"kind":"RED_LIGHT","limit_kmh":null,"source":"BHTRANS","active":true,"direction_deg":null}},{"type":"Feature","geometry":{"type":"Point","coordinates":[-44.303304,-19.947661]},"properties":{"kind":"FIXED","limit_kmh":60,"source":"OSM","active":true,"direction_deg":null}},{"type":"Feature","geometry":{"type":"Point","coordinates":[-44.007327,-19.947329]},"properties":{"kind":"FIXED","limit_kmh":60,"source":"BHTRANS+OSM","active":true,"direction_deg":null}},{"type":"Feature","geometry":{"type":"Point","coordinates":[-44.131088,-19.947172]},"properties":{"kind":"FIXED","limit_kmh":40,"source":"OSM","active":true,"direction_deg":null}},{"type":"Feature","geometry":{"type":"Point","coordinates":[-43.935158,-19.947147]},"properties":{"kind":"FIXED","limit_kmh":null,"source":"OSM","active":true,"direction_deg":null}},{"type":"Feature","geometry":{"type":"Point","coordinates":[-43.935255,-19.947112]},"properties":{"kind":"FIXED","limit_kmh":null,"source":"OSM","active":true,"direction_deg":null}},{"type":"Feature","geometry":{"type":"Point","coordinates":[-43.935132,-19.947109]},"properties":{"kind":"RED_LIGHT","limit_kmh":null,"source":"BHTRANS+OSM","active":true,"direction_deg":null}},{"type":"Feature","geometry":{"type":"Point","coordinates":[-43.935235,-19.947093]},"properties":{"kind":"RED_LIGHT","limit_kmh":null,"source":"BHTRANS+OSM","active":true,"direction_deg":null}},{"type":"Feature","geometry":{"type":"Point","coordinates":[-43.934695,-19.94633]},"properties":{"kind":"RED_LIGHT","limit_kmh":null,"source":"BHTRANS","active":true,"direction_deg":null}},{"type":"Feature","geometry":{"type":"Point","coordinates":[-43.93479,-19.94632]},"properties":{"kind":"RED_LIGHT","limit_kmh":null,"source":"BHTRANS","active":true,"direction_deg":null}},{"type":"Feature","geometry":{"type":"Point","coordinates":[-44.074337,-19.94632]},"properties":{"kind":"FIXED","limit_kmh":30,"source":"INMETRO+OSM","active":true,"direction_deg":null}},{"type":"Feature","geometry":{"type":"Point","coordinates":[-43.934852,-19.94631]},"properties":{"kind":"RED_LIGHT","limit_kmh":null,"source":"BHTRANS","active":true,"direction_deg":null}},{"type":"Feature","geometry":{"type":"Point","coordinates":[-44.058164,-19.946134]},"properties":{"kind":"FIXED","limit_kmh":30,"source":"INMETRO+OSM","active":true,"direction_deg":null}},{"type":"Feature","geometry":{"type":"Point","coordinates":[-44.005582,-19.946079]},"properties":{"kind":"FIXED","limit_kmh":null,"source":"OSM","active":true,"direction_deg":null}},{"type":"Feature","geometry":{"type":"Point","coordinates":[-44.005694,-19.946024]},"properties":{"kind":"FIXED","limit_kmh":null,"source":"OSM","active":true,"direction_deg":null}},{"type":"Feature","geometry":{"type":"Point","coordinates":[-44.005627,-19.945996]},"properties":{"kind":"RED_LIGHT","limit_kmh":null,"source":"OSM","active":true,"direction_deg":null}},{"type":"Feature","geometry":{"type":"Point","coordinates":[-43.934767,-19.945989]},"properties":{"kind":"RED_LIGHT","limit_kmh":null,"source":"BHTRANS","active":true,"direction_deg":null}},{"type":"Feature","geometry":{"type":"Point","coordinates":[-43.934835,-19.945975]},"properties":{"kind":"RED_LIGHT","limit_kmh":null,"source":"BHTRANS","active":true,"direction_deg":null}},{"type":"Feature","geometry":{"type":"Point","coordinates":[-43.934911,-19.945961]},"properties":{"kind":"RED_LIGHT","limit_kmh":null,"source":"BHTRANS","active":true,"direction_deg":null}},{"type":"Feature","geometry":{"type":"Point","coordinates":[-44.113889,-19.945833]},"properties":{"kind":"FIXED","limit_kmh":60,"source":"INMETRO+OSM","active":true,"direction_deg":null}},{"type":"Feature","geometry":{"type":"Point","coordinates":[-44.005549,-19.945802]},"properties":{"kind":"FIXED","limit_kmh":null,"source":"OSM","active":true,"direction_deg":null}},{"type":"Feature","geometry":{"type":"Point","coordinates":[-44.005654,-19.945791]},"properties":{"kind":"RED_LIGHT","limit_kmh":null,"source":"OSM","active":true,"direction_deg":null}},{"type":"Feature","geometry":{"type":"Point","coordinates":[-44.005655,-19.94575]},"properties":{"kind":"FIXED","limit_kmh":null,"source":"OSM","active":true,"direction_deg":null}},{"type":"Feature","geometry":{"type":"Point","coordinates":[-44.164415,-19.945524]},"properties":{"kind":"FIXED","limit_kmh":40,"source":"OSM","active":true,"direction_deg":null}},{"type":"Feature","geometry":{"type":"Point","coordinates":[-44.008065,-19.94535]},"properties":{"kind":"FIXED","limit_kmh":80,"source":"OSM","active":false,"direction_deg":null}},{"type":"Feature","geometry":{"type":"Point","coordinates":[-44.163806,-19.945247]},"properties":{"kind":"FIXED","limit_kmh":40,"source":"OSM","active":true,"direction_deg":null}},{"type":"Feature","geometry":{"type":"Point","coordinates":[-44.153031,-19.94476]},"properties":{"kind":"FIXED","limit_kmh":60,"source":"OSM","active":true,"direction_deg":null}},{"type":"Feature","geometry":{"type":"Point","coordinates":[-44.155846,-19.943735]},"properties":{"kind":"FIXED","limit_kmh":60,"source":"OSM","active":true,"direction_deg":null}},{"type":"Feature","geometry":{"type":"Point","coordinates":[-44.157601,-19.942775]},"properties":{"kind":"FIXED","limit_kmh":60,"source":"INMETRO","active":true,"direction_deg":null}},{"type":"Feature","geometry":{"type":"Point","coordinates":[-44.147198,-19.941598]},"properties":{"kind":"FIXED","limit_kmh":null,"source":"OSM","active":true,"direction_deg":null}},{"type":"Feature","geometry":{"type":"Point","coordinates":[-44.147058,-19.941367]},"properties":{"kind":"FIXED","limit_kmh":60,"source":"OSM","active":true,"direction_deg":null}},{"type":"Feature","geometry":{"type":"Point","coordinates":[-44.026465,-19.941164]},"properties":{"kind":"FIXED","limit_kmh":60,"source":"OSM","active":true,"direction_deg":null}},{"type":"Feature","geometry":{"type":"Point","coordinates":[-44.147039,-19.941134]},"properties":{"kind":"FIXED","limit_kmh":60,"source":"OSM","active":true,"direction_deg":null}},{"type":"Feature","geometry":{"type":"Point","coordinates":[-43.95389,-19.940924]},"properties":{"kind":"FIXED","limit_kmh":60,"source":"BHTRANS+INMETRO+OSM","active":true,"direction_deg":null}},{"type":"Feature","geometry":{"type":"Point","coordinates":[-43.930684,-19.939752]},"properties":{"kind":"FIXED","limit_kmh":null,"source":"OSM","active":true,"direction_deg":null}},{"type":"Feature","geometry":{"type":"Point","coordinates":[-43.930658,-19.939657]},"properties":{"kind":"RED_LIGHT","limit_kmh":null,"source":"OSM","active":true,"direction_deg":null}},{"type":"Feature","geometry":{"type":"Point","coordinates":[-43.928547,-19.939288]},"properties":{"kind":"FIXED","limit_kmh":60,"source":"BHTRANS+INMETRO","active":true,"direction_deg":null}},{"type":"Feature","geometry":{"type":"Point","coordinates":[-43.928046,-19.939266]},"properties":{"kind":"FIXED","limit_kmh":60,"source":"OSM","active":true,"direction_deg":null}},{"type":"Feature","geometry":{"type":"Point","coordinates":[-43.926082,-19.938743]},"properties":{"kind":"FIXED","limit_kmh":null,"source":"OSM","active":true,"direction_deg":null}},{"type":"Feature","geometry":{"type":"Point","coordinates":[-43.926119,-19.938739]},"properties":{"kind":"RED_LIGHT","limit_kmh":null,"source":"OSM","active":true,"direction_deg":null}},{"type":"Feature","geometry":{"type":"Point","coordinates":[-43.92617,-19.938701]},"properties":{"kind":"FIXED","limit_kmh":null,"source":"OSM","active":true,"direction_deg":null}},{"type":"Feature","geometry":{"type":"Point","coordinates":[-44.000196,-19.938333]},"properties":{"kind":"FIXED","limit_kmh":60,"source":"BHTRANS+OSM","active":true,"direction_deg":null}},{"type":"Feature","geometry":{"type":"Point","coordinates":[-43.999908,-19.938265]},"properties":{"kind":"FIXED","limit_kmh":60,"source":"BHTRANS+INMETRO","active":true,"direction_deg":null}},{"type":"Feature","geometry":{"type":"Point","coordinates":[-43.99943,-19.9381]},"properties":{"kind":"RED_LIGHT","limit_kmh":null,"source":"BHTRANS","active":true,"direction_deg":null}},{"type":"Feature","geometry":{"type":"Point","coordinates":[-43.931396,-19.938023]},"properties":{"kind":"RED_LIGHT","limit_kmh":null,"source":"BHTRANS","active":true,"direction_deg":null}},{"type":"Feature","geometry":{"type":"Point","coordinates":[-44.184079,-19.938016]},"properties":{"kind":"FIXED","limit_kmh":60,"source":"OSM","active":true,"direction_deg":null}},{"type":"Feature","geometry":{"type":"Point","coordinates":[-43.999376,-19.937972]},"properties":{"kind":"RED_LIGHT","limit_kmh":null,"source":"BHTRANS","active":true,"direction_deg":null}},{"type":"Feature","geometry":{"type":"Point","coordinates":[-44.184213,-19.937882]},"properties":{"kind":"FIXED","limit_kmh":60,"source":"OSM","active":true,"direction_deg":null}},{"type":"Feature","geometry":{"type":"Point","coordinates":[-44.058325,-19.937649]},"properties":{"kind":"FIXED","limit_kmh":null,"source":"OSM","active":true,"direction_deg":null}},{"type":"Feature","geometry":{"type":"Point","coordinates":[-44.178327,-19.937565]},"properties":{"kind":"FIXED","limit_kmh":60,"source":"OSM","active":true,"direction_deg":null}},{"type":"Feature","geometry":{"type":"Point","coordinates":[-43.927207,-19.93733]},"properties":{"kind":"FIXED","limit_kmh":60,"source":"OSM","active":true,"direction_deg":null}},{"type":"Feature","geometry":{"type":"Point","coordinates":[-44.444624,-19.937199]},"properties":{"kind":"FIXED","limit_kmh":60,"source":"OSM","active":true,"direction_deg":null}},{"type":"Feature","geometry":{"type":"Point","coordinates":[-44.031268,-19.936845]},"properties":{"kind":"FIXED","limit_kmh":60,"source":"OSM","active":true,"direction_deg":null}},{"type":"Feature","geometry":{"type":"Point","coordinates":[-44.007551,-19.936608]},"properties":{"kind":"FIXED","limit_kmh":70,"source":"OSM","active":false,"direction_deg":null}},{"type":"Feature","geometry":{"type":"Point","coordinates":[-43.932278,-19.936127]},"properties":{"kind":"RED_LIGHT","limit_kmh":null,"source":"BHTRANS","active":true,"direction_deg":null}},{"type":"Feature","geometry":{"type":"Point","coordinates":[-43.93221,-19.93609]},"properties":{"kind":"RED_LIGHT","limit_kmh":null,"source":"BHTRANS","active":true,"direction_deg":null}},{"type":"Feature","geometry":{"type":"Point","coordinates":[-43.945521,-19.936012]},"properties":{"kind":"FIXED","limit_kmh":60,"source":"BHTRANS+INMETRO","active":true,"direction_deg":null}},{"type":"Feature","geometry":{"type":"Point","coordinates":[-44.028356,-19.935849]},"properties":{"kind":"FIXED","limit_kmh":null,"source":"OSM","active":true,"direction_deg":null}},{"type":"Feature","geometry":{"type":"Point","coordinates":[-43.945762,-19.935675]},"properties":{"kind":"FIXED","limit_kmh":null,"source":"OSM","active":true,"direction_deg":null}},{"type":"Feature","geometry":{"type":"Point","coordinates":[-43.993781,-19.93528]},"properties":{"kind":"FIXED","limit_kmh":60,"source":"BHTRANS+INMETRO+OSM","active":true,"direction_deg":null}},{"type":"Feature","geometry":{"type":"Point","coordinates":[-43.993657,-19.935176]},"properties":{"kind":"FIXED","limit_kmh":60,"source":"BHTRANS+INMETRO","active":true,"direction_deg":null}},{"type":"Feature","geometry":{"type":"Point","coordinates":[-44.435422,-19.935081]},"properties":{"kind":"FIXED","limit_kmh":60,"source":"ANTT+OSM","active":true,"direction_deg":75}},{"type":"Feature","geometry":{"type":"Point","coordinates":[-43.928892,-19.934815]},"properties":{"kind":"FIXED","limit_kmh":null,"source":"OSM","active":true,"direction_deg":null}},{"type":"Feature","geometry":{"type":"Point","coordinates":[-44.007569,-19.934752]},"properties":{"kind":"FIXED","limit_kmh":80,"source":"OSM","active":false,"direction_deg":null}},{"type":"Feature","geometry":{"type":"Point","coordinates":[-43.928768,-19.934747]},"properties":{"kind":"FIXED","limit_kmh":null,"source":"OSM","active":true,"direction_deg":null}},{"type":"Feature","geometry":{"type":"Point","coordinates":[-43.949982,-19.93474]},"properties":{"kind":"FIXED","limit_kmh":60,"source":"BHTRANS+INMETRO","active":true,"direction_deg":null}},{"type":"Feature","geometry":{"type":"Point","coordinates":[-43.928818,-19.93469]},"properties":{"kind":"FIXED","limit_kmh":null,"source":"OSM","active":true,"direction_deg":null}},{"type":"Feature","geometry":{"type":"Point","coordinates":[-44.004607,-19.934638]},"properties":{"kind":"FIXED","limit_kmh":60,"source":"BHTRANS+OSM","active":true,"direction_deg":null}},{"type":"Feature","geometry":{"type":"Point","coordinates":[-43.928876,-19.934632]},"properties":{"kind":"RED_LIGHT","limit_kmh":null,"source":"BHTRANS+OSM","active":true,"direction_deg":null}},{"type":"Feature","geometry":{"type":"Point","coordinates":[-44.007246,-19.934536]},"properties":{"kind":"FIXED","limit_kmh":50,"source":"BHTRANS","active":true,"direction_deg":null}},{"type":"Feature","geometry":{"type":"Point","coordinates":[-43.928755,-19.93449]},"properties":{"kind":"FIXED","limit_kmh":null,"source":"OSM","active":true,"direction_deg":null}},{"type":"Feature","geometry":{"type":"Point","coordinates":[-43.928863,-19.934373]},"properties":{"kind":"FIXED","limit_kmh":null,"source":"OSM","active":true,"direction_deg":null}},{"type":"Feature","geometry":{"type":"Point","coordinates":[-43.928877,-19.934358]},"properties":{"kind":"RED_LIGHT","limit_kmh":null,"source":"OSM","active":true,"direction_deg":null}},{"type":"Feature","geometry":{"type":"Point","coordinates":[-44.029128,-19.933864]},"properties":{"kind":"FIXED","limit_kmh":30,"source":"OSM","active":true,"direction_deg":null}},{"type":"Feature","geometry":{"type":"Point","coordinates":[-44.02885,-19.93376]},"properties":{"kind":"FIXED","limit_kmh":30,"source":"OSM","active":true,"direction_deg":null}},{"type":"Feature","geometry":{"type":"Point","coordinates":[-44.007335,-19.933709]},"properties":{"kind":"FIXED","limit_kmh":70,"source":"BHTRANS","active":true,"direction_deg":null}},{"type":"Feature","geometry":{"type":"Point","coordinates":[-44.035368,-19.933508]},"properties":{"kind":"FIXED","limit_kmh":60,"source":"OSM","active":true,"direction_deg":null}},{"type":"Feature","geometry":{"type":"Point","coordinates":[-44.080773,-19.933341]},"properties":{"kind":"FIXED","limit_kmh":60,"source":"OSM","active":true,"direction_deg":null}},{"type":"Feature","geometry":{"type":"Point","coordinates":[-44.008509,-19.932838]},"properties":{"kind":"FIXED","limit_kmh":80,"source":"OSM","active":true,"direction_deg":null}},{"type":"Feature","geometry":{"type":"Point","coordinates":[-44.019719,-19.932825]},"properties":{"kind":"FIXED","limit_kmh":60,"source":"BHTRANS+OSM","active":true,"direction_deg":null}},{"type":"Feature","geometry":{"type":"Point","coordinates":[-44.019719,-19.932824]},"properties":{"kind":"FIXED","limit_kmh":60,"source":"BHTRANS","active":true,"direction_deg":null}},{"type":"Feature","geometry":{"type":"Point","coordinates":[-44.426809,-19.932783]},"properties":{"kind":"FIXED","limit_kmh":60,"source":"ANTT+OSM","active":true,"direction_deg":49}},{"type":"Feature","geometry":{"type":"Point","coordinates":[-44.01978,-19.932725]},"properties":{"kind":"FIXED","limit_kmh":60,"source":"BHTRANS+OSM","active":true,"direction_deg":null}},{"type":"Feature","geometry":{"type":"Point","coordinates":[-44.019779,-19.932723]},"properties":{"kind":"FIXED","limit_kmh":60,"source":"BHTRANS","active":true,"direction_deg":null}},{"type":"Feature","geometry":{"type":"Point","coordinates":[-44.031271,-19.932328]},"properties":{"kind":"FIXED","limit_kmh":30,"source":"OSM","active":true,"direction_deg":null}},{"type":"Feature","geometry":{"type":"Point","coordinates":[-43.994456,-19.932207]},"properties":{"kind":"FIXED","limit_kmh":60,"source":"BHTRANS","active":true,"direction_deg":null}},{"type":"Feature","geometry":{"type":"Point","coordinates":[-43.994454,-19.932206]},"properties":{"kind":"FIXED","limit_kmh":60,"source":"BHTRANS","active":true,"direction_deg":null}},{"type":"Feature","geometry":{"type":"Point","coordinates":[-44.095328,-19.931759]},"properties":{"kind":"FIXED","limit_kmh":60,"source":"OSM","active":true,"direction_deg":null}},{"type":"Feature","geometry":{"type":"Point","coordinates":[-43.994112,-19.931704]},"properties":{"kind":"FIXED","limit_kmh":80,"source":"OSM","active":true,"direction_deg":null}},{"type":"Feature","geometry":{"type":"Point","coordinates":[-43.993798,-19.931468]},"properties":{"kind":"FIXED","limit_kmh":60,"source":"BHTRANS+OSM","active":true,"direction_deg":null}},{"type":"Feature","geometry":{"type":"Point","coordinates":[-44.014468,-19.93146]},"properties":{"kind":"FIXED","limit_kmh":60,"source":"BHTRANS","active":true,"direction_deg":null}},{"type":"Feature","geometry":{"type":"Point","coordinates":[-44.098462,-19.931221]},"properties":{"kind":"FIXED","limit_kmh":60,"source":"OSM","active":true,"direction_deg":null}},{"type":"Feature","geometry":{"type":"Point","coordinates":[-43.970073,-19.931027]},"properties":{"kind":"FIXED","limit_kmh":60,"source":"BHTRANS+INMETRO+OSM","active":true,"direction_deg":null}},{"type":"Feature","geometry":{"type":"Point","coordinates":[-44.412622,-19.931015]},"properties":{"kind":"FIXED","limit_kmh":60,"source":"ANTT+OSM","active":true,"direction_deg":79}},{"type":"Feature","geometry":{"type":"Point","coordinates":[-43.969985,-19.930922]},"properties":{"kind":"FIXED","limit_kmh":60,"source":"BHTRANS","active":true,"direction_deg":null}},{"type":"Feature","geometry":{"type":"Point","coordinates":[-43.969985,-19.930914]},"properties":{"kind":"FIXED","limit_kmh":60,"source":"BHTRANS+INMETRO","active":true,"direction_deg":null}},{"type":"Feature","geometry":{"type":"Point","coordinates":[-43.96318,-19.930804]},"properties":{"kind":"FIXED","limit_kmh":60,"source":"OSM","active":true,"direction_deg":null}},{"type":"Feature","geometry":{"type":"Point","coordinates":[-44.09844,-19.930604]},"properties":{"kind":"FIXED","limit_kmh":60,"source":"OSM","active":true,"direction_deg":null}},{"type":"Feature","geometry":{"type":"Point","coordinates":[-43.981525,-19.930579]},"properties":{"kind":"FIXED","limit_kmh":60,"source":"BHTRANS","active":true,"direction_deg":null}},{"type":"Feature","geometry":{"type":"Point","coordinates":[-43.981694,-19.930546]},"properties":{"kind":"FIXED","limit_kmh":60,"source":"BHTRANS","active":true,"direction_deg":null}},{"type":"Feature","geometry":{"type":"Point","coordinates":[-44.131664,-19.9305]},"properties":{"kind":"FIXED","limit_kmh":40,"source":"OSM","active":true,"direction_deg":null}},{"type":"Feature","geometry":{"type":"Point","coordinates":[-44.078844,-19.930443]},"properties":{"kind":"FIXED","limit_kmh":60,"source":"OSM","active":true,"direction_deg":null}},{"type":"Feature","geometry":{"type":"Point","coordinates":[-43.980621,-19.930384]},"properties":{"kind":"FIXED","limit_kmh":60,"source":"INMETRO+OSM","active":true,"direction_deg":null}},{"type":"Feature","geometry":{"type":"Point","coordinates":[-43.980678,-19.930251]},"properties":{"kind":"FIXED","limit_kmh":60,"source":"OSM","active":true,"direction_deg":null}},{"type":"Feature","geometry":{"type":"Point","coordinates":[-43.959771,-19.930241]},"properties":{"kind":"RED_LIGHT","limit_kmh":null,"source":"BHTRANS","active":true,"direction_deg":null}},{"type":"Feature","geometry":{"type":"Point","coordinates":[-43.973472,-19.930138]},"properties":{"kind":"RED_LIGHT","limit_kmh":null,"source":"BHTRANS","active":true,"direction_deg":null}},{"type":"Feature","geometry":{"type":"Point","coordinates":[-44.131832,-19.930117]},"properties":{"kind":"FIXED","limit_kmh":40,"source":"OSM","active":true,"direction_deg":null}},{"type":"Feature","geometry":{"type":"Point","coordinates":[-43.959934,-19.930097]},"properties":{"kind":"RED_LIGHT","limit_kmh":null,"source":"BHTRANS","active":true,"direction_deg":null}},{"type":"Feature","geometry":{"type":"Point","coordinates":[-43.973458,-19.930042]},"properties":{"kind":"RED_LIGHT","limit_kmh":null,"source":"BHTRANS","active":true,"direction_deg":null}},{"type":"Feature","geometry":{"type":"Point","coordinates":[-43.959762,-19.929925]},"properties":{"kind":"RED_LIGHT","limit_kmh":null,"source":"BHTRANS","active":true,"direction_deg":null}},{"type":"Feature","geometry":{"type":"Point","coordinates":[-44.007277,-19.929916]},"properties":{"kind":"FIXED","limit_kmh":70,"source":"OSM","active":false,"direction_deg":null}},{"type":"Feature","geometry":{"type":"Point","coordinates":[-43.978557,-19.929908]},"properties":{"kind":"RED_LIGHT","limit_kmh":null,"source":"BHTRANS+OSM","active":true,"direction_deg":null}},{"type":"Feature","geometry":{"type":"Point","coordinates":[-43.978683,-19.92989]},"properties":{"kind":"FIXED","limit_kmh":null,"source":"OSM","active":true,"direction_deg":null}},{"type":"Feature","geometry":{"type":"Point","coordinates":[-43.959904,-19.929829]},"properties":{"kind":"RED_LIGHT","limit_kmh":null,"source":"BHTRANS","active":true,"direction_deg":null}},{"type":"Feature","geometry":{"type":"Point","coordinates":[-43.978434,-19.929816]},"properties":{"kind":"FIXED","limit_kmh":null,"source":"OSM","active":true,"direction_deg":null}},{"type":"Feature","geometry":{"type":"Point","coordinates":[-43.978514,-19.929778]},"properties":{"kind":"RED_LIGHT","limit_kmh":null,"source":"BHTRANS+OSM","active":true,"direction_deg":null}},{"type":"Feature","geometry":{"type":"Point","coordinates":[-44.1375,-19.929767]},"properties":{"kind":"FIXED","limit_kmh":60,"source":"OSM","active":true,"direction_deg":null}},{"type":"Feature","geometry":{"type":"Point","coordinates":[-43.978482,-19.929694]},"properties":{"kind":"FIXED","limit_kmh":null,"source":"OSM","active":true,"direction_deg":null}},{"type":"Feature","geometry":{"type":"Point","coordinates":[-44.137674,-19.929639]},"properties":{"kind":"FIXED","limit_kmh":60,"source":"OSM","active":true,"direction_deg":null}},{"type":"Feature","geometry":{"type":"Point","coordinates":[-43.957077,-19.929563]},"properties":{"kind":"RED_LIGHT","limit_kmh":null,"source":"BHTRANS","active":true,"direction_deg":null}},{"type":"Feature","geometry":{"type":"Point","coordinates":[-43.957324,-19.929561]},"properties":{"kind":"RED_LIGHT","limit_kmh":null,"source":"BHTRANS","active":true,"direction_deg":null}},{"type":"Feature","geometry":{"type":"Point","coordinates":[-43.957335,-19.929533]},"properties":{"kind":"RED_LIGHT","limit_kmh":null,"source":"BHTRANS","active":true,"direction_deg":null}},{"type":"Feature","geometry":{"type":"Point","coordinates":[-43.922074,-19.929367]},"properties":{"kind":"FIXED","limit_kmh":60,"source":"BHTRANS+INMETRO+OSM","active":true,"direction_deg":null}},{"type":"Feature","geometry":{"type":"Point","coordinates":[-43.957089,-19.929338]},"properties":{"kind":"RED_LIGHT","limit_kmh":null,"source":"BHTRANS","active":true,"direction_deg":null}},{"type":"Feature","geometry":{"type":"Point","coordinates":[-43.957317,-19.929335]},"properties":{"kind":"RED_LIGHT","limit_kmh":null,"source":"BHTRANS","active":true,"direction_deg":null}},{"type":"Feature","geometry":{"type":"Point","coordinates":[-43.957295,-19.929326]},"properties":{"kind":"RED_LIGHT","limit_kmh":null,"source":"BHTRANS","active":true,"direction_deg":null}},{"type":"Feature","geometry":{"type":"Point","coordinates":[-43.921723,-19.92932]},"properties":{"kind":"FIXED","limit_kmh":60,"source":"BHTRANS+INMETRO","active":true,"direction_deg":null}},{"type":"Feature","geometry":{"type":"Point","coordinates":[-44.007319,-19.929164]},"properties":{"kind":"FIXED","limit_kmh":60,"source":"BHTRANS","active":true,"direction_deg":null}},{"type":"Feature","geometry":{"type":"Point","coordinates":[-43.941422,-19.928996]},"properties":{"kind":"FIXED","limit_kmh":60,"source":"OSM","active":true,"direction_deg":null}},{"type":"Feature","geometry":{"type":"Point","coordinates":[-43.941229,-19.928939]},"properties":{"kind":"FIXED","limit_kmh":60,"source":"OSM","active":true,"direction_deg":null}},{"type":"Feature","geometry":{"type":"Point","coordinates":[-43.983343,-19.928496]},"properties":{"kind":"FIXED","limit_kmh":60,"source":"OSM","active":true,"direction_deg":null}},{"type":"Feature","geometry":{"type":"Point","coordinates":[-43.933291,-19.928275]},"properties":{"kind":"RED_LIGHT","limit_kmh":null,"source":"BHTRANS","active":true,"direction_deg":null}},{"type":"Feature","geometry":{"type":"Point","coordinates":[-43.933304,-19.928236]},"properties":{"kind":"RED_LIGHT","limit_kmh":null,"source":"BHTRANS","active":true,"direction_deg":null}},{"type":"Feature","geometry":{"type":"Point","coordinates":[-43.933094,-19.928219]},"properties":{"kind":"RED_LIGHT","limit_kmh":null,"source":"BHTRANS","active":true,"direction_deg":null}},{"type":"Feature","geometry":{"type":"Point","coordinates":[-43.932838,-19.928212]},"properties":{"kind":"RED_LIGHT","limit_kmh":null,"source":"BHTRANS","active":true,"direction_deg":null}},{"type":"Feature","geometry":{"type":"Point","coordinates":[-44.042977,-19.927951]},"properties":{"kind":"FIXED","limit_kmh":60,"source":"OSM","active":true,"direction_deg":null}},{"type":"Feature","geometry":{"type":"Point","coordinates":[-43.982877,-19.927933]},"properties":{"kind":"FIXED","limit_kmh":60,"source":"BHTRANS+INMETRO+OSM","active":true,"direction_deg":null}},{"type":"Feature","geometry":{"type":"Point","coordinates":[-43.95282,-19.927146]},"properties":{"kind":"FIXED","limit_kmh":60,"source":"OSM","active":true,"direction_deg":null}},{"type":"Feature","geometry":{"type":"Point","coordinates":[-43.933588,-19.927126]},"properties":{"kind":"RED_LIGHT","limit_kmh":null,"source":"BHTRANS","active":true,"direction_deg":null}},{"type":"Feature","geometry":{"type":"Point","coordinates":[-43.933498,-19.927096]},"properties":{"kind":"RED_LIGHT","limit_kmh":null,"source":"BHTRANS","active":true,"direction_deg":null}},{"type":"Feature","geometry":{"type":"Point","coordinates":[-43.933472,-19.926975]},"properties":{"kind":"RED_LIGHT","limit_kmh":null,"source":"BHTRANS","active":true,"direction_deg":null}},{"type":"Feature","geometry":{"type":"Point","coordinates":[-44.105868,-19.926902]},"properties":{"kind":"FIXED","limit_kmh":60,"source":"OSM","active":true,"direction_deg":null}},{"type":"Feature","geometry":{"type":"Point","coordinates":[-44.115612,-19.926869]},"properties":{"kind":"FIXED","limit_kmh":60,"source":"OSM","active":true,"direction_deg":null}},{"type":"Feature","geometry":{"type":"Point","coordinates":[-43.93354,-19.926834]},"properties":{"kind":"RED_LIGHT","limit_kmh":null,"source":"BHTRANS","active":true,"direction_deg":null}},{"type":"Feature","geometry":{"type":"Point","coordinates":[-43.952512,-19.926803]},"properties":{"kind":"FIXED","limit_kmh":60,"source":"OSM","active":true,"direction_deg":null}},{"type":"Feature","geometry":{"type":"Point","coordinates":[-44.125156,-19.926799]},"properties":{"kind":"FIXED","limit_kmh":60,"source":"OSM","active":true,"direction_deg":null}},{"type":"Feature","geometry":{"type":"Point","coordinates":[-44.125161,-19.926696]},"properties":{"kind":"FIXED","limit_kmh":60,"source":"OSM","active":true,"direction_deg":null}},{"type":"Feature","geometry":{"type":"Point","coordinates":[-44.110348,-19.926689]},"properties":{"kind":"FIXED","limit_kmh":null,"source":"OSM","active":true,"direction_deg":null}},{"type":"Feature","geometry":{"type":"Point","coordinates":[-44.109874,-19.92663]},"properties":{"kind":"FIXED","limit_kmh":null,"source":"OSM","active":true,"direction_deg":null}},{"type":"Feature","geometry":{"type":"Point","coordinates":[-43.934132,-19.926621]},"properties":{"kind":"RED_LIGHT","limit_kmh":null,"source":"BHTRANS","active":true,"direction_deg":null}},{"type":"Feature","geometry":{"type":"Point","coordinates":[-44.067097,-19.926609]},"properties":{"kind":"FIXED","limit_kmh":60,"source":"OSM","active":true,"direction_deg":null}},{"type":"Feature","geometry":{"type":"Point","coordinates":[-43.934071,-19.9266]},"properties":{"kind":"RED_LIGHT","limit_kmh":null,"source":"BHTRANS","active":true,"direction_deg":null}},{"type":"Feature","geometry":{"type":"Point","coordinates":[-44.127346,-19.926595]},"properties":{"kind":"FIXED","limit_kmh":null,"source":"OSM","active":true,"direction_deg":null}},{"type":"Feature","geometry":{"type":"Point","coordinates":[-44.123435,-19.926575]},"properties":{"kind":"FIXED","limit_kmh":60,"source":"OSM","active":true,"direction_deg":null}},{"type":"Feature","geometry":{"type":"Point","coordinates":[-43.972251,-19.926219]},"properties":{"kind":"FIXED","limit_kmh":null,"source":"OSM","active":true,"direction_deg":null}},{"type":"Feature","geometry":{"type":"Point","coordinates":[-43.972418,-19.926195]},"properties":{"kind":"RED_LIGHT","limit_kmh":null,"source":"BHTRANS+OSM","active":true,"direction_deg":null}},{"type":"Feature","geometry":{"type":"Point","coordinates":[-43.972151,-19.92617]},"properties":{"kind":"FIXED","limit_kmh":null,"source":"OSM","active":true,"direction_deg":null}},{"type":"Feature","geometry":{"type":"Point","coordinates":[-43.972383,-19.926138]},"properties":{"kind":"FIXED","limit_kmh":null,"source":"OSM","active":true,"direction_deg":null}},{"type":"Feature","geometry":{"type":"Point","coordinates":[-44.008646,-19.92612]},"properties":{"kind":"FIXED","limit_kmh":70,"source":"OSM","active":true,"direction_deg":null}},{"type":"Feature","geometry":{"type":"Point","coordinates":[-43.972266,-19.926081]},"properties":{"kind":"RED_LIGHT","limit_kmh":null,"source":"BHTRANS+OSM","active":true,"direction_deg":null}},{"type":"Feature","geometry":{"type":"Point","coordinates":[-43.972439,-19.926065]},"properties":{"kind":"FIXED","limit_kmh":null,"source":"OSM","active":true,"direction_deg":null}},{"type":"Feature","geometry":{"type":"Point","coordinates":[-44.009197,-19.926065]},"properties":{"kind":"FIXED","limit_kmh":70,"source":"OSM","active":true,"direction_deg":null}},{"type":"Feature","geometry":{"type":"Point","coordinates":[-43.972486,-19.925857]},"properties":{"kind":"RED_LIGHT","limit_kmh":null,"source":"BHTRANS+OSM","active":true,"direction_deg":null}},{"type":"Feature","geometry":{"type":"Point","coordinates":[-43.972446,-19.925834]},"properties":{"kind":"RED_LIGHT","limit_kmh":null,"source":"BHTRANS","active":true,"direction_deg":null}},{"type":"Feature","geometry":{"type":"Point","coordinates":[-43.97223,-19.925807]},"properties":{"kind":"RED_LIGHT","limit_kmh":null,"source":"BHTRANS","active":true,"direction_deg":null}},{"type":"Feature","geometry":{"type":"Point","coordinates":[-43.972554,-19.925796]},"properties":{"kind":"FIXED","limit_kmh":null,"source":"OSM","active":true,"direction_deg":null}},{"type":"Feature","geometry":{"type":"Point","coordinates":[-44.004489,-19.925196]},"properties":{"kind":"FIXED","limit_kmh":40,"source":"BHTRANS+INMETRO","active":true,"direction_deg":null}},{"type":"Feature","geometry":{"type":"Point","coordinates":[-44.002693,-19.925157]},"properties":{"kind":"FIXED","limit_kmh":40,"source":"BHTRANS+INMETRO","active":true,"direction_deg":null}},{"type":"Feature","geometry":{"type":"Point","coordinates":[-43.982507,-19.923994]},"properties":{"kind":"FIXED","limit_kmh":60,"source":"OSM","active":true,"direction_deg":null}},{"type":"Feature","geometry":{"type":"Point","coordinates":[-44.017685,-19.92366]},"properties":{"kind":"FIXED","limit_kmh":70,"source":"OSM","active":true,"direction_deg":null}},{"type":"Feature","geometry":{"type":"Point","coordinates":[-43.978253,-19.923478]},"properties":{"kind":"FIXED","limit_kmh":60,"source":"BHTRANS","active":true,"direction_deg":null}},{"type":"Feature","geometry":{"type":"Point","coordinates":[-43.973953,-19.922752]},"properties":{"kind":"FIXED","limit_kmh":60,"source":"OSM","active":true,"direction_deg":null}},{"type":"Feature","geometry":{"type":"Point","coordinates":[-43.936676,-19.922504]},"properties":{"kind":"RED_LIGHT","limit_kmh":null,"source":"BHTRANS","active":true,"direction_deg":null}},{"type":"Feature","geometry":{"type":"Point","coordinates":[-43.936635,-19.922487]},"properties":{"kind":"RED_LIGHT","limit_kmh":null,"source":"BHTRANS","active":true,"direction_deg":null}},{"type":"Feature","geometry":{"type":"Point","coordinates":[-43.936546,-19.922409]},"properties":{"kind":"RED_LIGHT","limit_kmh":null,"source":"BHTRANS","active":true,"direction_deg":null}},{"type":"Feature","geometry":{"type":"Point","coordinates":[-43.936523,-19.922363]},"properties":{"kind":"RED_LIGHT","limit_kmh":null,"source":"BHTRANS","active":true,"direction_deg":null}},{"type":"Feature","geometry":{"type":"Point","coordinates":[-43.937047,-19.922106]},"properties":{"kind":"RED_LIGHT","limit_kmh":null,"source":"BHTRANS","active":true,"direction_deg":null}},{"type":"Feature","geometry":{"type":"Point","coordinates":[-44.022157,-19.922062]},"properties":{"kind":"FIXED","limit_kmh":70,"source":"OSM","active":true,"direction_deg":null}},{"type":"Feature","geometry":{"type":"Point","coordinates":[-43.937068,-19.922055]},"properties":{"kind":"RED_LIGHT","limit_kmh":null,"source":"BHTRANS","active":true,"direction_deg":null}},{"type":"Feature","geometry":{"type":"Point","coordinates":[-43.93707,-19.921922]},"properties":{"kind":"RED_LIGHT","limit_kmh":null,"source":"BHTRANS","active":true,"direction_deg":null}},{"type":"Feature","geometry":{"type":"Point","coordinates":[-43.937009,-19.921895]},"properties":{"kind":"RED_LIGHT","limit_kmh":null,"source":"BHTRANS","active":true,"direction_deg":null}},{"type":"Feature","geometry":{"type":"Point","coordinates":[-43.942545,-19.921579]},"properties":{"kind":"RED_LIGHT","limit_kmh":null,"source":"BHTRANS","active":true,"direction_deg":null}},{"type":"Feature","geometry":{"type":"Point","coordinates":[-43.942841,-19.92152]},"properties":{"kind":"RED_LIGHT","limit_kmh":null,"source":"BHTRANS","active":true,"direction_deg":null}},{"type":"Feature","geometry":{"type":"Point","coordinates":[-43.942855,-19.921497]},"properties":{"kind":"RED_LIGHT","limit_kmh":null,"source":"BHTRANS","active":true,"direction_deg":null}},{"type":"Feature","geometry":{"type":"Point","coordinates":[-44.059327,-19.921445]},"properties":{"kind":"FIXED","limit_kmh":60,"source":"OSM","active":true,"direction_deg":null}},{"type":"Feature","geometry":{"type":"Point","coordinates":[-43.92431,-19.921296]},"properties":{"kind":"RED_LIGHT","limit_kmh":null,"source":"BHTRANS","active":true,"direction_deg":null}},{"type":"Feature","geometry":{"type":"Point","coordinates":[-43.923996,-19.921295]},"properties":{"kind":"RED_LIGHT","limit_kmh":null,"source":"BHTRANS","active":true,"direction_deg":null}},{"type":"Feature","geometry":{"type":"Point","coordinates":[-43.94258,-19.921258]},"properties":{"kind":"RED_LIGHT","limit_kmh":null,"source":"BHTRANS","active":true,"direction_deg":null}},{"type":"Feature","geometry":{"type":"Point","coordinates":[-43.942594,-19.92124]},"properties":{"kind":"RED_LIGHT","limit_kmh":null,"source":"BHTRANS","active":true,"direction_deg":null}},{"type":"Feature","geometry":{"type":"Point","coordinates":[-43.942084,-19.921165]},"properties":{"kind":"FIXED","limit_kmh":null,"source":"OSM","active":true,"direction_deg":null}},{"type":"Feature","geometry":{"type":"Point","coordinates":[-43.942067,-19.921106]},"properties":{"kind":"RED_LIGHT","limit_kmh":null,"source":"OSM","active":true,"direction_deg":null}},{"type":"Feature","geometry":{"type":"Point","coordinates":[-43.942129,-19.921099]},"properties":{"kind":"FIXED","limit_kmh":null,"source":"OSM","active":true,"direction_deg":null}},{"type":"Feature","geometry":{"type":"Point","coordinates":[-43.924419,-19.920913]},"properties":{"kind":"RED_LIGHT","limit_kmh":null,"source":"BHTRANS","active":true,"direction_deg":null}},{"type":"Feature","geometry":{"type":"Point","coordinates":[-43.924137,-19.920907]},"properties":{"kind":"RED_LIGHT","limit_kmh":null,"source":"BHTRANS","active":true,"direction_deg":null}},{"type":"Feature","geometry":{"type":"Point","coordinates":[-43.941859,-19.920834]},"properties":{"kind":"RED_LIGHT","limit_kmh":null,"source":"OSM","active":true,"direction_deg":null}},{"type":"Feature","geometry":{"type":"Point","coordinates":[-43.941695,-19.920823]},"properties":{"kind":"FIXED","limit_kmh":null,"source":"OSM","active":true,"direction_deg":null}},{"type":"Feature","geometry":{"type":"Point","coordinates":[-43.941835,-19.920745]},"properties":{"kind":"RED_LIGHT","limit_kmh":null,"source":"OSM","active":true,"direction_deg":null}},{"type":"Feature","geometry":{"type":"Point","coordinates":[-43.941744,-19.920739]},"properties":{"kind":"FIXED","limit_kmh":null,"source":"OSM","active":true,"direction_deg":null}},{"type":"Feature","geometry":{"type":"Point","coordinates":[-43.941876,-19.920686]},"properties":{"kind":"FIXED","limit_kmh":null,"source":"OSM","active":true,"direction_deg":null}},{"type":"Feature","geometry":{"type":"Point","coordinates":[-44.066577,-19.920541]},"properties":{"kind":"FIXED","limit_kmh":30,"source":"INMETRO","active":true,"direction_deg":null}},{"type":"Feature","geometry":{"type":"Point","coordinates":[-44.033224,-19.92045]},"properties":{"kind":"FIXED","limit_kmh":70,"source":"OSM","active":true,"direction_deg":null}},{"type":"Feature","geometry":{"type":"Point","coordinates":[-44.07633,-19.920374]},"properties":{"kind":"FIXED","limit_kmh":60,"source":"OSM","active":true,"direction_deg":null}},{"type":"Feature","geometry":{"type":"Point","coordinates":[-44.076121,-19.920313]},"properties":{"kind":"FIXED","limit_kmh":60,"source":"INMETRO+OSM","active":true,"direction_deg":null}},{"type":"Feature","geometry":{"type":"Point","coordinates":[-43.9568,-19.920193]},"properties":{"kind":"RED_LIGHT","limit_kmh":null,"source":"BHTRANS","active":true,"direction_deg":null}},{"type":"Feature","geometry":{"type":"Point","coordinates":[-43.99966,-19.920165]},"properties":{"kind":"FIXED","limit_kmh":70,"source":"BHTRANS","active":true,"direction_deg":null}},{"type":"Feature","geometry":{"type":"Point","coordinates":[-43.956632,-19.920023]},"properties":{"kind":"RED_LIGHT","limit_kmh":null,"source":"BHTRANS","active":true,"direction_deg":null}},{"type":"Feature","geometry":{"type":"Point","coordinates":[-44.036893,-19.919993]},"properties":{"kind":"FIXED","limit_kmh":30,"source":"OSM","active":true,"direction_deg":null}},{"type":"Feature","geometry":{"type":"Point","coordinates":[-44.036815,-19.919978]},"properties":{"kind":"FIXED","limit_kmh":30,"source":"OSM","active":true,"direction_deg":null}},{"type":"Feature","geometry":{"type":"Point","coordinates":[-43.920694,-19.919907]},"properties":{"kind":"FIXED","limit_kmh":60,"source":"BHTRANS","active":true,"direction_deg":null}},{"type":"Feature","geometry":{"type":"Point","coordinates":[-43.920696,-19.919906]},"properties":{"kind":"FIXED","limit_kmh":60,"source":"BHTRANS+INMETRO","active":true,"direction_deg":null}},{"type":"Feature","geometry":{"type":"Point","coordinates":[-43.956578,-19.919898]},"properties":{"kind":"RED_LIGHT","limit_kmh":null,"source":"BHTRANS","active":true,"direction_deg":null}},{"type":"Feature","geometry":{"type":"Point","coordinates":[-43.92038,-19.919867]},"properties":{"kind":"FIXED","limit_kmh":60,"source":"OSM","active":true,"direction_deg":null}},{"type":"Feature","geometry":{"type":"Point","coordinates":[-44.077189,-19.919803]},"properties":{"kind":"FIXED","limit_kmh":60,"source":"INMETRO","active":true,"direction_deg":null}},{"type":"Feature","geometry":{"type":"Point","coordinates":[-43.956814,-19.91975]},"properties":{"kind":"RED_LIGHT","limit_kmh":null,"source":"BHTRANS","active":true,"direction_deg":null}},{"type":"Feature","geometry":{"type":"Point","coordinates":[-43.161166,-19.919483]},"properties":{"kind":"FIXED","limit_kmh":40,"source":"OSM","active":true,"direction_deg":null}},{"type":"Feature","geometry":{"type":"Point","coordinates":[-43.913432,-19.919426]},"properties":{"kind":"FIXED","limit_kmh":60,"source":"BHTRANS+INMETRO","active":true,"direction_deg":null}},{"type":"Feature","geometry":{"type":"Point","coordinates":[-44.030704,-19.919181]},"properties":{"kind":"FIXED","limit_kmh":70,"source":"OSM","active":true,"direction_deg":null}},{"type":"Feature","geometry":{"type":"Point","coordinates":[-43.968332,-19.918918]},"properties":{"kind":"RED_LIGHT","limit_kmh":null,"source":"BHTRANS","active":true,"direction_deg":null}},{"type":"Feature","geometry":{"type":"Point","coordinates":[-43.968355,-19.918871]},"properties":{"kind":"RED_LIGHT","limit_kmh":null,"source":"BHTRANS","active":true,"direction_deg":null}},{"type":"Feature","geometry":{"type":"Point","coordinates":[-44.051805,-19.918861]},"properties":{"kind":"FIXED","limit_kmh":60,"source":"OSM","active":true,"direction_deg":null}},{"type":"Feature","geometry":{"type":"Point","coordinates":[-43.968354,-19.918756]},"properties":{"kind":"RED_LIGHT","limit_kmh":null,"source":"BHTRANS","active":true,"direction_deg":null}},{"type":"Feature","geometry":{"type":"Point","coordinates":[-43.968374,-19.918717]},"properties":{"kind":"RED_LIGHT","limit_kmh":null,"source":"BHTRANS","active":true,"direction_deg":null}},{"type":"Feature","geometry":{"type":"Point","coordinates":[-43.968096,-19.918577]},"properties":{"kind":"RED_LIGHT","limit_kmh":null,"source":"BHTRANS","active":true,"direction_deg":null}},{"type":"Feature","geometry":{"type":"Point","coordinates":[-43.968118,-19.918544]},"properties":{"kind":"RED_LIGHT","limit_kmh":null,"source":"BHTRANS","active":true,"direction_deg":null}},{"type":"Feature","geometry":{"type":"Point","coordinates":[-43.912349,-19.918507]},"properties":{"kind":"FIXED","limit_kmh":60,"source":"BHTRANS","active":true,"direction_deg":null}},{"type":"Feature","geometry":{"type":"Point","coordinates":[-43.911948,-19.918475]},"properties":{"kind":"FIXED","limit_kmh":60,"source":"INMETRO+OSM","active":true,"direction_deg":null}},{"type":"Feature","geometry":{"type":"Point","coordinates":[-44.48383,-19.918435]},"properties":{"kind":"FIXED","limit_kmh":80,"source":"OSM","active":true,"direction_deg":null}},{"type":"Feature","geometry":{"type":"Point","coordinates":[-44.07986,-19.918391]},"properties":{"kind":"FIXED","limit_kmh":30,"source":"OSM","active":true,"direction_deg":null}},{"type":"Feature","geometry":{"type":"Point","coordinates":[-43.912024,-19.918373]},"properties":{"kind":"FIXED","limit_kmh":60,"source":"OSM","active":true,"direction_deg":null}},{"type":"Feature","geometry":{"type":"Point","coordinates":[-43.94961,-19.917888]},"properties":{"kind":"FIXED","limit_kmh":60,"source":"BHTRANS+OSM","active":true,"direction_deg":null}},{"type":"Feature","geometry":{"type":"Point","coordinates":[-43.939697,-19.917874]},"properties":{"kind":"RED_LIGHT","limit_kmh":null,"source":"BHTRANS","active":true,"direction_deg":null}},{"type":"Feature","geometry":{"type":"Point","coordinates":[-43.946575,-19.91787]},"properties":{"kind":"RED_LIGHT","limit_kmh":null,"source":"BHTRANS","active":true,"direction_deg":null}},{"type":"Feature","geometry":{"type":"Point","coordinates":[-43.93937,-19.917822]},"properties":{"kind":"RED_LIGHT","limit_kmh":null,"source":"BHTRANS","active":true,"direction_deg":null}},{"type":"Feature","geometry":{"type":"Point","coordinates":[-43.939309,-19.917788]},"properties":{"kind":"RED_LIGHT","limit_kmh":null,"source":"BHTRANS","active":true,"direction_deg":null}},{"type":"Feature","geometry":{"type":"Point","coordinates":[-43.950908,-19.917729]},"properties":{"kind":"RED_LIGHT","limit_kmh":null,"source":"BHTRANS","active":true,"direction_deg":null}},{"type":"Feature","geometry":{"type":"Point","coordinates":[-43.934568,-19.917706]},"properties":{"kind":"RED_LIGHT","limit_kmh":null,"source":"BHTRANS","active":true,"direction_deg":null}},{"type":"Feature","geometry":{"type":"Point","coordinates":[-43.950906,-19.917688]},"properties":{"kind":"RED_LIGHT","limit_kmh":null,"source":"BHTRANS","active":true,"direction_deg":null}},{"type":"Feature","geometry":{"type":"Point","coordinates":[-43.934638,-19.917687]},"properties":{"kind":"RED_LIGHT","limit_kmh":null,"source":"BHTRANS","active":true,"direction_deg":null}},{"type":"Feature","geometry":{"type":"Point","coordinates":[-43.949053,-19.917645]},"properties":{"kind":"FIXED","limit_kmh":60,"source":"BHTRANS+INMETRO+OSM","active":true,"direction_deg":null}},{"type":"Feature","geometry":{"type":"Point","coordinates":[-43.939532,-19.917615]},"properties":{"kind":"FIXED","limit_kmh":null,"source":"OSM","active":true,"direction_deg":null}},{"type":"Feature","geometry":{"type":"Point","coordinates":[-43.950754,-19.917536]},"properties":{"kind":"RED_LIGHT","limit_kmh":null,"source":"BHTRANS","active":true,"direction_deg":null}},{"type":"Feature","geometry":{"type":"Point","coordinates":[-43.939871,-19.917354]},"properties":{"kind":"RED_LIGHT","limit_kmh":null,"source":"BHTRANS","active":true,"direction_deg":null}},{"type":"Feature","geometry":{"type":"Point","coordinates":[-43.965532,-19.917346]},"properties":{"kind":"FIXED","limit_kmh":60,"source":"BHTRANS+OSM","active":true,"direction_deg":null}},{"type":"Feature","geometry":{"type":"Point","coordinates":[-43.939836,-19.917321]},"properties":{"kind":"RED_LIGHT","limit_kmh":null,"source":"BHTRANS","active":true,"direction_deg":null}},{"type":"Feature","geometry":{"type":"Point","coordinates":[-43.939486,-19.9173]},"properties":{"kind":"RED_LIGHT","limit_kmh":null,"source":"BHTRANS","active":true,"direction_deg":null}},{"type":"Feature","geometry":{"type":"Point","coordinates":[-43.965445,-19.917191]},"properties":{"kind":"FIXED","limit_kmh":60,"source":"BHTRANS+INMETRO","active":true,"direction_deg":null}},{"type":"Feature","geometry":{"type":"Point","coordinates":[-43.965039,-19.917096]},"properties":{"kind":"FIXED","limit_kmh":60,"source":"OSM","active":true,"direction_deg":null}},{"type":"Feature","geometry":{"type":"Point","coordinates":[-43.909364,-19.916276]},"properties":{"kind":"RED_LIGHT","limit_kmh":null,"source":"BHTRANS","active":true,"direction_deg":null}},{"type":"Feature","geometry":{"type":"Point","coordinates":[-43.940298,-19.916241]},"properties":{"kind":"RED_LIGHT","limit_kmh":null,"source":"BHTRANS","active":true,"direction_deg":null}},{"type":"Feature","geometry":{"type":"Point","coordinates":[-43.940368,-19.916237]},"properties":{"kind":"RED_LIGHT","limit_kmh":null,"source":"BHTRANS+OSM","active":true,"direction_deg":null}},{"type":"Feature","geometry":{"type":"Point","coordinates":[-43.940379,-19.916232]},"properties":{"kind":"FIXED","limit_kmh":null,"source":"OSM","active":true,"direction_deg":null}},{"type":"Feature","geometry":{"type":"Point","coordinates":[-43.940293,-19.916186]},"properties":{"kind":"FIXED","limit_kmh":null,"source":"OSM","active":true,"direction_deg":null}},{"type":"Feature","geometry":{"type":"Point","coordinates":[-43.940579,-19.916134]},"properties":{"kind":"RED_LIGHT","limit_kmh":null,"source":"BHTRANS+OSM","active":true,"direction_deg":null}},{"type":"Feature","geometry":{"type":"Point","coordinates":[-43.940671,-19.916115]},"properties":{"kind":"FIXED","limit_kmh":null,"source":"OSM","active":true,"direction_deg":null}},{"type":"Feature","geometry":{"type":"Point","coordinates":[-43.940606,-19.916077]},"properties":{"kind":"FIXED","limit_kmh":null,"source":"OSM","active":true,"direction_deg":null}},{"type":"Feature","geometry":{"type":"Point","coordinates":[-43.908962,-19.915942]},"properties":{"kind":"RED_LIGHT","limit_kmh":null,"source":"BHTRANS","active":true,"direction_deg":null}},{"type":"Feature","geometry":{"type":"Point","coordinates":[-43.909237,-19.915861]},"properties":{"kind":"RED_LIGHT","limit_kmh":null,"source":"BHTRANS","active":true,"direction_deg":null}},{"type":"Feature","geometry":{"type":"Point","coordinates":[-43.936271,-19.915533]},"properties":{"kind":"RED_LIGHT","limit_kmh":null,"source":"BHTRANS","active":true,"direction_deg":null}},{"type":"Feature","geometry":{"type":"Point","coordinates":[-43.936098,-19.91542]},"properties":{"kind":"RED_LIGHT","limit_kmh":null,"source":"BHTRANS","active":true,"direction_deg":null}},{"type":"Feature","geometry":{"type":"Point","coordinates":[-43.934285,-19.915036]},"properties":{"kind":"RED_LIGHT","limit_kmh":null,"source":"BHTRANS","active":true,"direction_deg":null}},{"type":"Feature","geometry":{"type":"Point","coordinates":[-43.934261,-19.914983]},"properties":{"kind":"RED_LIGHT","limit_kmh":null,"source":"BHTRANS","active":true,"direction_deg":null}},{"type":"Feature","geometry":{"type":"Point","coordinates":[-43.936061,-19.914697]},"properties":{"kind":"RED_LIGHT","limit_kmh":null,"source":"BHTRANS","active":true,"direction_deg":null}},{"type":"Feature","geometry":{"type":"Point","coordinates":[-43.93634,-19.914465]},"properties":{"kind":"RED_LIGHT","limit_kmh":null,"source":"BHTRANS+OSM","active":true,"direction_deg":null}},{"type":"Feature","geometry":{"type":"Point","coordinates":[-43.935735,-19.91442]},"properties":{"kind":"RED_LIGHT","limit_kmh":null,"source":"BHTRANS+OSM","active":true,"direction_deg":null}},{"type":"Feature","geometry":{"type":"Point","coordinates":[-43.936327,-19.914405]},"properties":{"kind":"RED_LIGHT","limit_kmh":null,"source":"BHTRANS","active":true,"direction_deg":null}},{"type":"Feature","geometry":{"type":"Point","coordinates":[-43.935724,-19.914362]},"properties":{"kind":"RED_LIGHT","limit_kmh":null,"source":"BHTRANS","active":true,"direction_deg":null}},{"type":"Feature","geometry":{"type":"Point","coordinates":[-43.995486,-19.914202]},"properties":{"kind":"FIXED","limit_kmh":40,"source":"BHTRANS+INMETRO","active":true,"direction_deg":null}},{"type":"Feature","geometry":{"type":"Point","coordinates":[-43.936694,-19.91408]},"properties":{"kind":"FIXED","limit_kmh":60,"source":"BHTRANS+INMETRO+OSM","active":true,"direction_deg":null}},{"type":"Feature","geometry":{"type":"Point","coordinates":[-43.947226,-19.913334]},"properties":{"kind":"FIXED","limit_kmh":60,"source":"BHTRANS+INMETRO","active":true,"direction_deg":null}},{"type":"Feature","geometry":{"type":"Point","coordinates":[-43.972647,-19.912735]},"properties":{"kind":"FIXED","limit_kmh":60,"source":"OSM","active":true,"direction_deg":null}},{"type":"Feature","geometry":{"type":"Point","coordinates":[-43.974102,-19.912687]},"properties":{"kind":"RED_LIGHT","limit_kmh":null,"source":"BHTRANS","active":true,"direction_deg":null}},{"type":"Feature","geometry":{"type":"Point","coordinates":[-43.973764,-19.912605]},"properties":{"kind":"RED_LIGHT","limit_kmh":null,"source":"BHTRANS","active":true,"direction_deg":null}},{"type":"Feature","geometry":{"type":"Point","coordinates":[-43.908144,-19.91238]},"properties":{"kind":"FIXED","limit_kmh":60,"source":"BHTRANS+INMETRO","active":true,"direction_deg":null}},{"type":"Feature","geometry":{"type":"Point","coordinates":[-43.971582,-19.912321]},"properties":{"kind":"FIXED","limit_kmh":60,"source":"OSM","active":true,"direction_deg":null}},{"type":"Feature","geometry":{"type":"Point","coordinates":[-43.932554,-19.911522]},"properties":{"kind":"RED_LIGHT","limit_kmh":null,"source":"BHTRANS","active":true,"direction_deg":null}},{"type":"Feature","geometry":{"type":"Point","coordinates":[-44.050292,-19.91135]},"properties":{"kind":"FIXED","limit_kmh":60,"source":"OSM","active":true,"direction_deg":null}},{"type":"Feature","geometry":{"type":"Point","coordinates":[-43.932437,-19.911347]},"properties":{"kind":"RED_LIGHT","limit_kmh":null,"source":"BHTRANS","active":true,"direction_deg":null}},{"type":"Feature","geometry":{"type":"Point","coordinates":[-44.050366,-19.911234]},"properties":{"kind":"FIXED","limit_kmh":60,"source":"OSM","active":true,"direction_deg":null}},{"type":"Feature","geometry":{"type":"Point","coordinates":[-44.049441,-19.910513]},"properties":{"kind":"FIXED","limit_kmh":60,"source":"INMETRO+OSM","active":true,"direction_deg":null}},{"type":"Feature","geometry":{"type":"Point","coordinates":[-43.909352,-19.910494]},"properties":{"kind":"FIXED","limit_kmh":60,"source":"BHTRANS+OSM","active":true,"direction_deg":null}},{"type":"Feature","geometry":{"type":"Point","coordinates":[-43.981858,-19.910378]},"properties":{"kind":"RED_LIGHT","limit_kmh":null,"source":"BHTRANS","active":true,"direction_deg":null}},{"type":"Feature","geometry":{"type":"Point","coordinates":[-43.982055,-19.91029]},"properties":{"kind":"RED_LIGHT","limit_kmh":null,"source":"BHTRANS","active":true,"direction_deg":null}},{"type":"Feature","geometry":{"type":"Point","coordinates":[-43.982186,-19.910275]},"properties":{"kind":"RED_LIGHT","limit_kmh":null,"source":"BHTRANS","active":true,"direction_deg":null}},{"type":"Feature","geometry":{"type":"Point","coordinates":[-43.909254,-19.910218]},"properties":{"kind":"FIXED","limit_kmh":60,"source":"INMETRO+OSM","active":true,"direction_deg":null}},{"type":"Feature","geometry":{"type":"Point","coordinates":[-44.090982,-19.909336]},"properties":{"kind":"FIXED","limit_kmh":30,"source":"INMETRO","active":true,"direction_deg":null}},{"type":"Feature","geometry":{"type":"Point","coordinates":[-43.958842,-19.908571]},"properties":{"kind":"RED_LIGHT","limit_kmh":null,"source":"BHTRANS","active":true,"direction_deg":null}},{"type":"Feature","geometry":{"type":"Point","coordinates":[-43.962673,-19.908456]},"properties":{"kind":"RED_LIGHT","limit_kmh":null,"source":"BHTRANS","active":true,"direction_deg":null}},{"type":"Feature","geometry":{"type":"Point","coordinates":[-43.962344,-19.908385]},"properties":{"kind":"FIXED","limit_kmh":60,"source":"OSM","active":true,"direction_deg":null}},{"type":"Feature","geometry":{"type":"Point","coordinates":[-44.091253,-19.908338]},"properties":{"kind":"FIXED","limit_kmh":30,"source":"INMETRO+OSM","active":true,"direction_deg":null}},{"type":"Feature","geometry":{"type":"Point","coordinates":[-43.962357,-19.908279]},"properties":{"kind":"FIXED","limit_kmh":60,"source":"OSM","active":true,"direction_deg":null}},{"type":"Feature","geometry":{"type":"Point","coordinates":[-43.962303,-19.908243]},"properties":{"kind":"RED_LIGHT","limit_kmh":null,"source":"BHTRANS","active":true,"direction_deg":null}},{"type":"Feature","geometry":{"type":"Point","coordinates":[-48.126529,-19.907695]},"properties":{"kind":"FIXED","limit_kmh":60,"source":"OSM","active":true,"direction_deg":null}},{"type":"Feature","geometry":{"type":"Point","coordinates":[-48.126581,-19.907536]},"properties":{"kind":"FIXED","limit_kmh":60,"source":"OSM","active":true,"direction_deg":null}},{"type":"Feature","geometry":{"type":"Point","coordinates":[-43.991318,-19.907351]},"properties":{"kind":"FIXED","limit_kmh":70,"source":"BHTRANS+OSM","active":true,"direction_deg":null}},{"type":"Feature","geometry":{"type":"Point","coordinates":[-43.943205,-19.907339]},"properties":{"kind":"RED_LIGHT","limit_kmh":null,"source":"BHTRANS","active":true,"direction_deg":null}},{"type":"Feature","geometry":{"type":"Point","coordinates":[-43.943152,-19.90733]},"properties":{"kind":"RED_LIGHT","limit_kmh":null,"source":"BHTRANS","active":true,"direction_deg":null}},{"type":"Feature","geometry":{"type":"Point","coordinates":[-43.943245,-19.907329]},"properties":{"kind":"FIXED","limit_kmh":60,"source":"BHTRANS+OSM","active":true,"direction_deg":null}},{"type":"Feature","geometry":{"type":"Point","coordinates":[-44.049252,-19.907322]},"properties":{"kind":"FIXED","limit_kmh":60,"source":"INMETRO+OSM","active":true,"direction_deg":null}},{"type":"Feature","geometry":{"type":"Point","coordinates":[-43.943544,-19.907251]},"properties":{"kind":"RED_LIGHT","limit_kmh":null,"source":"BHTRANS+OSM","active":true,"direction_deg":null}},{"type":"Feature","geometry":{"type":"Point","coordinates":[-43.943419,-19.907196]},"properties":{"kind":"FIXED","limit_kmh":60,"source":"BHTRANS+OSM","active":true,"direction_deg":null}},{"type":"Feature","geometry":{"type":"Point","coordinates":[-43.943633,-19.906626]},"properties":{"kind":"FIXED","limit_kmh":60,"source":"BHTRANS","active":true,"direction_deg":null}},{"type":"Feature","geometry":{"type":"Point","coordinates":[-43.943633,-19.906625]},"properties":{"kind":"FIXED","limit_kmh":60,"source":"BHTRANS","active":true,"direction_deg":null}},{"type":"Feature","geometry":{"type":"Point","coordinates":[-44.704604,-19.906361]},"properties":{"kind":"FIXED","limit_kmh":60,"source":"OSM","active":true,"direction_deg":null}},{"type":"Feature","geometry":{"type":"Point","coordinates":[-43.935708,-19.904977]},"properties":{"kind":"FIXED","limit_kmh":60,"source":"OSM","active":true,"direction_deg":null}},{"type":"Feature","geometry":{"type":"Point","coordinates":[-43.936013,-19.904822]},"properties":{"kind":"FIXED","limit_kmh":60,"source":"INMETRO+OSM","active":true,"direction_deg":null}},{"type":"Feature","geometry":{"type":"Point","coordinates":[-43.987323,-19.904508]},"properties":{"kind":"RED_LIGHT","limit_kmh":null,"source":"BHTRANS","active":true,"direction_deg":null}},{"type":"Feature","geometry":{"type":"Point","coordinates":[-44.048675,-19.904074]},"properties":{"kind":"FIXED","limit_kmh":70,"source":"OSM","active":true,"direction_deg":null}},{"type":"Feature","geometry":{"type":"Point","coordinates":[-44.085353,-19.903869]},"properties":{"kind":"FIXED","limit_kmh":30,"source":"OSM","active":true,"direction_deg":null}},{"type":"Feature","geometry":{"type":"Point","coordinates":[-43.944445,-19.903855]},"properties":{"kind":"FIXED","limit_kmh":60,"source":"OSM","active":true,"direction_deg":null}},{"type":"Feature","geometry":{"type":"Point","coordinates":[-43.899843,-19.903545]},"properties":{"kind":"FIXED","limit_kmh":60,"source":"OSM","active":true,"direction_deg":null}},{"type":"Feature","geometry":{"type":"Point","coordinates":[-43.899939,-19.903345]},"properties":{"kind":"FIXED","limit_kmh":60,"source":"OSM","active":true,"direction_deg":null}},{"type":"Feature","geometry":{"type":"Point","coordinates":[-43.944618,-19.903278]},"properties":{"kind":"FIXED","limit_kmh":60,"source":"BHTRANS","active":true,"direction_deg":null}},{"type":"Feature","geometry":{"type":"Point","coordinates":[-43.94477,-19.903163]},"properties":{"kind":"FIXED","limit_kmh":60,"source":"BHTRANS","active":true,"direction_deg":null}},{"type":"Feature","geometry":{"type":"Point","coordinates":[-43.929747,-19.902741]},"properties":{"kind":"FIXED","limit_kmh":60,"source":"OSM","active":true,"direction_deg":null}},{"type":"Feature","geometry":{"type":"Point","coordinates":[-43.92978,-19.902661]},"properties":{"kind":"FIXED","limit_kmh":60,"source":"INMETRO+OSM","active":true,"direction_deg":null}},{"type":"Feature","geometry":{"type":"Point","coordinates":[-43.990889,-19.901599]},"properties":{"kind":"FIXED","limit_kmh":60,"source":"BHTRANS+OSM","active":true,"direction_deg":null}},{"type":"Feature","geometry":{"type":"Point","coordinates":[-43.945438,-19.901213]},"properties":{"kind":"FIXED","limit_kmh":60,"source":"OSM","active":true,"direction_deg":null}},{"type":"Feature","geometry":{"type":"Point","coordinates":[-43.945523,-19.901201]},"properties":{"kind":"RED_LIGHT","limit_kmh":null,"source":"BHTRANS","active":true,"direction_deg":null}},{"type":"Feature","geometry":{"type":"Point","coordinates":[-43.94582,-19.901191]},"properties":{"kind":"FIXED","limit_kmh":60,"source":"OSM","active":true,"direction_deg":null}},{"type":"Feature","geometry":{"type":"Point","coordinates":[-43.945726,-19.901117]},"properties":{"kind":"RED_LIGHT","limit_kmh":null,"source":"BHTRANS","active":true,"direction_deg":null}},{"type":"Feature","geometry":{"type":"Point","coordinates":[-43.993888,-19.901045]},"properties":{"kind":"FIXED","limit_kmh":50,"source":"BHTRANS","active":true,"direction_deg":null}},{"type":"Feature","geometry":{"type":"Point","coordinates":[-43.994375,-19.900944]},"properties":{"kind":"FIXED","limit_kmh":60,"source":"OSM","active":true,"direction_deg":null}},{"type":"Feature","geometry":{"type":"Point","coordinates":[-44.045043,-19.900899]},"properties":{"kind":"FIXED","limit_kmh":60,"source":"OSM","active":true,"direction_deg":null}},{"type":"Feature","geometry":{"type":"Point","coordinates":[-43.993864,-19.900876]},"properties":{"kind":"FIXED","limit_kmh":50,"source":"BHTRANS","active":true,"direction_deg":null}},{"type":"Feature","geometry":{"type":"Point","coordinates":[-43.994172,-19.900836]},"properties":{"kind":"FIXED","limit_kmh":60,"source":"OSM","active":true,"direction_deg":null}},{"type":"Feature","geometry":{"type":"Point","coordinates":[-43.996059,-19.90077]},"properties":{"kind":"FIXED","limit_kmh":50,"source":"INMETRO","active":true,"direction_deg":null}},{"type":"Feature","geometry":{"type":"Point","coordinates":[-43.982002,-19.899358]},"properties":{"kind":"FIXED","limit_kmh":70,"source":"BHTRANS","active":true,"direction_deg":null}},{"type":"Feature","geometry":{"type":"Point","coordinates":[-43.927853,-19.899048]},"properties":{"kind":"FIXED","limit_kmh":60,"source":"INMETRO+OSM","active":true,"direction_deg":null}},{"type":"Feature","geometry":{"type":"Point","coordinates":[-43.928061,-19.898529]},"properties":{"kind":"FIXED","limit_kmh":60,"source":"OSM","active":true,"direction_deg":null}},{"type":"Feature","geometry":{"type":"Point","coordinates":[-43.94793,-19.897816]},"properties":{"kind":"FIXED","limit_kmh":null,"source":"OSM","active":true,"direction_deg":null}},{"type":"Feature","geometry":{"type":"Point","coordinates":[-43.947896,-19.897721]},"properties":{"kind":"RED_LIGHT","limit_kmh":null,"source":"OSM","active":true,"direction_deg":null}},{"type":"Feature","geometry":{"type":"Point","coordinates":[-43.948438,-19.897065]},"properties":{"kind":"FIXED","limit_kmh":60,"source":"OSM","active":true,"direction_deg":null}},{"type":"Feature","geometry":{"type":"Point","coordinates":[-43.948771,-19.896795]},"properties":{"kind":"FIXED","limit_kmh":60,"source":"BHTRANS","active":true,"direction_deg":null}},{"type":"Feature","geometry":{"type":"Point","coordinates":[-43.94877,-19.896793]},"properties":{"kind":"FIXED","limit_kmh":60,"source":"BHTRANS","active":true,"direction_deg":null}},{"type":"Feature","geometry":{"type":"Point","coordinates":[-43.979703,-19.89565]},"properties":{"kind":"FIXED","limit_kmh":70,"source":"BHTRANS","active":true,"direction_deg":null}},{"type":"Feature","geometry":{"type":"Point","coordinates":[-43.965611,-19.895596]},"properties":{"kind":"FIXED","limit_kmh":null,"source":"OSM","active":true,"direction_deg":null}},{"type":"Feature","geometry":{"type":"Point","coordinates":[-43.911494,-19.895045]},"properties":{"kind":"RED_LIGHT","limit_kmh":null,"source":"BHTRANS","active":true,"direction_deg":null}},{"type":"Feature","geometry":{"type":"Point","coordinates":[-43.911451,-19.895023]},"properties":{"kind":"RED_LIGHT","limit_kmh":null,"source":"BHTRANS","active":true,"direction_deg":null}},{"type":"Feature","geometry":{"type":"Point","coordinates":[-44.049951,-19.894169]},"properties":{"kind":"FIXED","limit_kmh":70,"source":"OSM","active":true,"direction_deg":null}},{"type":"Feature","geometry":{"type":"Point","coordinates":[-43.924245,-19.893841]},"properties":{"kind":"FIXED","limit_kmh":60,"source":"BHTRANS+INMETRO","active":true,"direction_deg":null}},{"type":"Feature","geometry":{"type":"Point","coordinates":[-43.922801,-19.893487]},"properties":{"kind":"FIXED","limit_kmh":60,"source":"INMETRO+OSM","active":true,"direction_deg":null}},{"type":"Feature","geometry":{"type":"Point","coordinates":[-43.922469,-19.89343]},"properties":{"kind":"FIXED","limit_kmh":60,"source":"BHTRANS","active":true,"direction_deg":null}},{"type":"Feature","geometry":{"type":"Point","coordinates":[-44.049865,-19.893189]},"properties":{"kind":"FIXED","limit_kmh":70,"source":"OSM","active":true,"direction_deg":null}},{"type":"Feature","geometry":{"type":"Point","coordinates":[-43.964509,-19.892925]},"properties":{"kind":"FIXED","limit_kmh":60,"source":"OSM","active":true,"direction_deg":null}},{"type":"Feature","geometry":{"type":"Point","coordinates":[-43.96462,-19.89292]},"properties":{"kind":"FIXED","limit_kmh":60,"source":"OSM","active":true,"direction_deg":null}},{"type":"Feature","geometry":{"type":"Point","coordinates":[-43.928083,-19.892516]},"properties":{"kind":"FIXED","limit_kmh":60,"source":"OSM","active":true,"direction_deg":null}},{"type":"Feature","geometry":{"type":"Point","coordinates":[-43.92846,-19.892227]},"properties":{"kind":"FIXED","limit_kmh":60,"source":"OSM","active":true,"direction_deg":null}},{"type":"Feature","geometry":{"type":"Point","coordinates":[-43.976878,-19.892097]},"properties":{"kind":"FIXED","limit_kmh":50,"source":"BHTRANS","active":true,"direction_deg":null}},{"type":"Feature","geometry":{"type":"Point","coordinates":[-43.928902,-19.890798]},"properties":{"kind":"FIXED","limit_kmh":60,"source":"INMETRO+OSM","active":true,"direction_deg":null}},{"type":"Feature","geometry":{"type":"Point","coordinates":[-42.13722,-19.88899]},"properties":{"kind":"FIXED","limit_kmh":60,"source":"ANTT","active":true,"direction_deg":310}},{"type":"Feature","geometry":{"type":"Point","coordinates":[-43.967477,-19.888967]},"properties":{"kind":"FIXED","limit_kmh":60,"source":"OSM","active":true,"direction_deg":null}},{"type":"Feature","geometry":{"type":"Point","coordinates":[-48.103354,-19.888965]},"properties":{"kind":"FIXED","limit_kmh":80,"source":"OSM","active":true,"direction_deg":null}},{"type":"Feature","geometry":{"type":"Point","coordinates":[-43.967382,-19.888914]},"properties":{"kind":"FIXED","limit_kmh":60,"source":"OSM","active":true,"direction_deg":null}},{"type":"Feature","geometry":{"type":"Point","coordinates":[-43.929168,-19.888753]},"properties":{"kind":"FIXED","limit_kmh":60,"source":"OSM","active":true,"direction_deg":null}},{"type":"Feature","geometry":{"type":"Point","coordinates":[-43.929275,-19.888713]},"properties":{"kind":"RED_LIGHT","limit_kmh":null,"source":"BHTRANS","active":true,"direction_deg":null}},{"type":"Feature","geometry":{"type":"Point","coordinates":[-43.929176,-19.888693]},"properties":{"kind":"RED_LIGHT","limit_kmh":null,"source":"BHTRANS","active":true,"direction_deg":null}},{"type":"Feature","geometry":{"type":"Point","coordinates":[-43.929496,-19.88857]},"properties":{"kind":"RED_LIGHT","limit_kmh":null,"source":"BHTRANS","active":true,"direction_deg":null}},{"type":"Feature","geometry":{"type":"Point","coordinates":[-43.929395,-19.888563]},"properties":{"kind":"RED_LIGHT","limit_kmh":null,"source":"BHTRANS","active":true,"direction_deg":null}},{"type":"Feature","geometry":{"type":"Point","coordinates":[-43.950414,-19.888209]},"properties":{"kind":"FIXED","limit_kmh":60,"source":"OSM","active":true,"direction_deg":null}},{"type":"Feature","geometry":{"type":"Point","coordinates":[-43.951158,-19.887695]},"properties":{"kind":"FIXED","limit_kmh":60,"source":"OSM","active":true,"direction_deg":null}},{"type":"Feature","geometry":{"type":"Point","coordinates":[-43.929279,-19.886343]},"properties":{"kind":"RED_LIGHT","limit_kmh":null,"source":"BHTRANS","active":true,"direction_deg":null}},{"type":"Feature","geometry":{"type":"Point","coordinates":[-43.929177,-19.886332]},"properties":{"kind":"RED_LIGHT","limit_kmh":null,"source":"BHTRANS","active":true,"direction_deg":null}},{"type":"Feature","geometry":{"type":"Point","coordinates":[-43.92902,-19.886208]},"properties":{"kind":"RED_LIGHT","limit_kmh":null,"source":"BHTRANS","active":true,"direction_deg":null}},{"type":"Feature","geometry":{"type":"Point","coordinates":[-43.929597,-19.886062]},"properties":{"kind":"RED_LIGHT","limit_kmh":null,"source":"BHTRANS","active":true,"direction_deg":null}},{"type":"Feature","geometry":{"type":"Point","coordinates":[-43.929598,-19.886036]},"properties":{"kind":"RED_LIGHT","limit_kmh":null,"source":"BHTRANS","active":true,"direction_deg":null}},{"type":"Feature","geometry":{"type":"Point","coordinates":[-43.917939,-19.885923]},"properties":{"kind":"FIXED","limit_kmh":60,"source":"BHTRANS","active":true,"direction_deg":null}},{"type":"Feature","geometry":{"type":"Point","coordinates":[-43.929444,-19.885904]},"properties":{"kind":"RED_LIGHT","limit_kmh":null,"source":"BHTRANS","active":true,"direction_deg":null}},{"type":"Feature","geometry":{"type":"Point","coordinates":[-43.929338,-19.885899]},"properties":{"kind":"RED_LIGHT","limit_kmh":null,"source":"BHTRANS","active":true,"direction_deg":null}},{"type":"Feature","geometry":{"type":"Point","coordinates":[-43.972507,-19.884623]},"properties":{"kind":"FIXED","limit_kmh":60,"source":"OSM","active":true,"direction_deg":null}},{"type":"Feature","geometry":{"type":"Point","coordinates":[-43.916407,-19.884555]},"properties":{"kind":"FIXED","limit_kmh":60,"source":"OSM","active":true,"direction_deg":null}},{"type":"Feature","geometry":{"type":"Point","coordinates":[-43.916148,-19.884273]},"properties":{"kind":"FIXED","limit_kmh":60,"source":"BHTRANS","active":true,"direction_deg":null}},{"type":"Feature","geometry":{"type":"Point","coordinates":[-44.050377,-19.88377]},"properties":{"kind":"FIXED","limit_kmh":70,"source":"OSM","active":true,"direction_deg":null}},{"type":"Feature","geometry":{"type":"Point","coordinates":[-44.050521,-19.883757]},"properties":{"kind":"FIXED","limit_kmh":70,"source":"OSM","active":true,"direction_deg":null}},{"type":"Feature","geometry":{"type":"Point","coordinates":[-43.96372,-19.883539]},"properties":{"kind":"FIXED","limit_kmh":70,"source":"BHTRANS","active":true,"direction_deg":null}},{"type":"Feature","geometry":{"type":"Point","coordinates":[-43.913715,-19.883066]},"properties":{"kind":"RED_LIGHT","limit_kmh":null,"source":"BHTRANS","active":true,"direction_deg":null}},{"type":"Feature","geometry":{"type":"Point","coordinates":[-43.913565,-19.88305]},"properties":{"kind":"RED_LIGHT","limit_kmh":null,"source":"BHTRANS","active":true,"direction_deg":null}},{"type":"Feature","geometry":{"type":"Point","coordinates":[-43.975364,-19.882494]},"properties":{"kind":"FIXED","limit_kmh":60,"source":"BHTRANS","active":true,"direction_deg":null}},{"type":"Feature","geometry":{"type":"Point","coordinates":[-43.975236,-19.882477]},"properties":{"kind":"FIXED","limit_kmh":60,"source":"BHTRANS","active":true,"direction_deg":null}},{"type":"Feature","geometry":{"type":"Point","coordinates":[-43.951021,-19.881957]},"properties":{"kind":"FIXED","limit_kmh":60,"source":"BHTRANS","active":true,"direction_deg":null}},{"type":"Feature","geometry":{"type":"Point","coordinates":[-43.936236,-19.881818]},"properties":{"kind":"FIXED","limit_kmh":60,"source":"OSM","active":true,"direction_deg":null}},{"type":"Feature","geometry":{"type":"Point","coordinates":[-43.936394,-19.881746]},"properties":{"kind":"FIXED","limit_kmh":60,"source":"OSM","active":true,"direction_deg":null}},{"type":"Feature","geometry":{"type":"Point","coordinates":[-43.975816,-19.880776]},"properties":{"kind":"FIXED","limit_kmh":60,"source":"OSM","active":true,"direction_deg":null}},{"type":"Feature","geometry":{"type":"Point","coordinates":[-43.975705,-19.88077]},"properties":{"kind":"FIXED","limit_kmh":60,"source":"OSM","active":true,"direction_deg":null}},{"type":"Feature","geometry":{"type":"Point","coordinates":[-44.105212,-19.880268]},"properties":{"kind":"FIXED","limit_kmh":60,"source":"OSM","active":true,"direction_deg":null}},{"type":"Feature","geometry":{"type":"Point","coordinates":[-43.912952,-19.880192]},"properties":{"kind":"RED_LIGHT","limit_kmh":null,"source":"BHTRANS","active":true,"direction_deg":null}},{"type":"Feature","geometry":{"type":"Point","coordinates":[-43.916631,-19.880169]},"properties":{"kind":"RED_LIGHT","limit_kmh":null,"source":"BHTRANS","active":true,"direction_deg":null}},{"type":"Feature","geometry":{"type":"Point","coordinates":[-43.913079,-19.880154]},"properties":{"kind":"RED_LIGHT","limit_kmh":null,"source":"BHTRANS","active":true,"direction_deg":null}},{"type":"Feature","geometry":{"type":"Point","coordinates":[-43.9131,-19.880136]},"properties":{"kind":"RED_LIGHT","limit_kmh":null,"source":"BHTRANS","active":true,"direction_deg":null}},{"type":"Feature","geometry":{"type":"Point","coordinates":[-43.916616,-19.88008]},"properties":{"kind":"RED_LIGHT","limit_kmh":null,"source":"BHTRANS","active":true,"direction_deg":null}},{"type":"Feature","geometry":{"type":"Point","coordinates":[-43.91686,-19.880064]},"properties":{"kind":"RED_LIGHT","limit_kmh":null,"source":"BHTRANS","active":true,"direction_deg":null}},{"type":"Feature","geometry":{"type":"Point","coordinates":[-43.929832,-19.880048]},"properties":{"kind":"FIXED","limit_kmh":60,"source":"OSM","active":true,"direction_deg":null}},{"type":"Feature","geometry":{"type":"Point","coordinates":[-43.912848,-19.880043]},"properties":{"kind":"RED_LIGHT","limit_kmh":null,"source":"BHTRANS","active":true,"direction_deg":null}},{"type":"Feature","geometry":{"type":"Point","coordinates":[-43.913108,-19.879743]},"properties":{"kind":"RED_LIGHT","limit_kmh":null,"source":"BHTRANS","active":true,"direction_deg":null}},{"type":"Feature","geometry":{"type":"Point","coordinates":[-43.917536,-19.879403]},"properties":{"kind":"FIXED","limit_kmh":60,"source":"BHTRANS+OSM","active":true,"direction_deg":null}},{"type":"Feature","geometry":{"type":"Point","coordinates":[-43.976062,-19.879272]},"properties":{"kind":"FIXED","limit_kmh":null,"source":"OSM","active":true,"direction_deg":null}},{"type":"Feature","geometry":{"type":"Point","coordinates":[-43.91757,-19.879111]},"properties":{"kind":"FIXED","limit_kmh":60,"source":"BHTRANS","active":true,"direction_deg":null}},{"type":"Feature","geometry":{"type":"Point","coordinates":[-43.917953,-19.878918]},"properties":{"kind":"FIXED","limit_kmh":60,"source":"OSM","active":true,"direction_deg":null}},{"type":"Feature","geometry":{"type":"Point","coordinates":[-44.005311,-19.878688]},"properties":{"kind":"RED_LIGHT","limit_kmh":null,"source":"BHTRANS","active":true,"direction_deg":null}},{"type":"Feature","geometry":{"type":"Point","coordinates":[-44.004961,-19.878469]},"properties":{"kind":"RED_LIGHT","limit_kmh":null,"source":"BHTRANS","active":true,"direction_deg":null}},{"type":"Feature","geometry":{"type":"Point","coordinates":[-44.005635,-19.878329]},"properties":{"kind":"RED_LIGHT","limit_kmh":null,"source":"BHTRANS","active":true,"direction_deg":null}},{"type":"Feature","geometry":{"type":"Point","coordinates":[-43.928966,-19.878114]},"properties":{"kind":"FIXED","limit_kmh":60,"source":"OSM","active":true,"direction_deg":null}},{"type":"Feature","geometry":{"type":"Point","coordinates":[-44.005298,-19.878084]},"properties":{"kind":"RED_LIGHT","limit_kmh":null,"source":"BHTRANS","active":true,"direction_deg":null}},{"type":"Feature","geometry":{"type":"Point","coordinates":[-44.109368,-19.877652]},"properties":{"kind":"FIXED","limit_kmh":60,"source":"OSM","active":true,"direction_deg":null}},{"type":"Feature","geometry":{"type":"Point","coordinates":[-43.929119,-19.877506]},"properties":{"kind":"RED_LIGHT","limit_kmh":null,"source":"BHTRANS","active":true,"direction_deg":null}},{"type":"Feature","geometry":{"type":"Point","coordinates":[-43.865797,-19.877025]},"properties":{"kind":"FIXED","limit_kmh":60,"source":"OSM","active":true,"direction_deg":null}},{"type":"Feature","geometry":{"type":"Point","coordinates":[-44.110772,-19.8766]},"properties":{"kind":"FIXED","limit_kmh":60,"source":"OSM","active":true,"direction_deg":null}},{"type":"Feature","geometry":{"type":"Point","coordinates":[-43.928508,-19.876552]},"properties":{"kind":"FIXED","limit_kmh":60,"source":"OSM","active":true,"direction_deg":null}},{"type":"Feature","geometry":{"type":"Point","coordinates":[-43.928798,-19.876453]},"properties":{"kind":"FIXED","limit_kmh":60,"source":"OSM","active":true,"direction_deg":null}},{"type":"Feature","geometry":{"type":"Point","coordinates":[-43.928251,-19.876267]},"properties":{"kind":"RED_LIGHT","limit_kmh":null,"source":"BHTRANS","active":true,"direction_deg":null}},{"type":"Feature","geometry":{"type":"Point","coordinates":[-43.928425,-19.876254]},"properties":{"kind":"RED_LIGHT","limit_kmh":null,"source":"BHTRANS+OSM","active":true,"direction_deg":null}},{"type":"Feature","geometry":{"type":"Point","coordinates":[-43.928481,-19.876225]},"properties":{"kind":"RED_LIGHT","limit_kmh":null,"source":"BHTRANS","active":true,"direction_deg":null}},{"type":"Feature","geometry":{"type":"Point","coordinates":[-43.928711,-19.876126]},"properties":{"kind":"RED_LIGHT","limit_kmh":null,"source":"BHTRANS+OSM","active":true,"direction_deg":null}},{"type":"Feature","geometry":{"type":"Point","coordinates":[-43.928586,-19.876086]},"properties":{"kind":"RED_LIGHT","limit_kmh":null,"source":"BHTRANS","active":true,"direction_deg":null}},{"type":"Feature","geometry":{"type":"Point","coordinates":[-44.033968,-19.876079]},"properties":{"kind":"FIXED","limit_kmh":60,"source":"OSM","active":true,"direction_deg":null}},{"type":"Feature","geometry":{"type":"Point","coordinates":[-44.02782,-19.875286]},"properties":{"kind":"FIXED","limit_kmh":60,"source":"INMETRO","active":true,"direction_deg":null}},{"type":"Feature","geometry":{"type":"Point","coordinates":[-44.000044,-19.874911]},"properties":{"kind":"FIXED","limit_kmh":60,"source":"OSM","active":true,"direction_deg":null}},{"type":"Feature","geometry":{"type":"Point","coordinates":[-43.87636,-19.874899]},"properties":{"kind":"FIXED","limit_kmh":60,"source":"OSM","active":true,"direction_deg":null}},{"type":"Feature","geometry":{"type":"Point","coordinates":[-43.927854,-19.874458]},"properties":{"kind":"FIXED","limit_kmh":null,"source":"OSM","active":true,"direction_deg":null}},{"type":"Feature","geometry":{"type":"Point","coordinates":[-43.99976,-19.874429]},"properties":{"kind":"FIXED","limit_kmh":60,"source":"OSM","active":true,"direction_deg":null}},{"type":"Feature","geometry":{"type":"Point","coordinates":[-44.026184,-19.874101]},"properties":{"kind":"FIXED","limit_kmh":60,"source":"INMETRO+OSM","active":true,"direction_deg":null}},{"type":"Feature","geometry":{"type":"Point","coordinates":[-43.953789,-19.874018]},"properties":{"kind":"FIXED","limit_kmh":60,"source":"BHTRANS","active":true,"direction_deg":null}},{"type":"Feature","geometry":{"type":"Point","coordinates":[-44.054768,-19.873773]},"properties":{"kind":"FIXED","limit_kmh":70,"source":"OSM","active":true,"direction_deg":null}},{"type":"Feature","geometry":{"type":"Point","coordinates":[-42.132397,-19.873768]},"properties":{"kind":"FIXED","limit_kmh":50,"source":"ANTT+OSM","active":true,"direction_deg":null}},{"type":"Feature","geometry":{"type":"Point","coordinates":[-43.976827,-19.873338]},"properties":{"kind":"FIXED","limit_kmh":60,"source":"BHTRANS","active":true,"direction_deg":null}},{"type":"Feature","geometry":{"type":"Point","coordinates":[-43.953994,-19.873283]},"properties":{"kind":"FIXED","limit_kmh":60,"source":"INMETRO+OSM","active":true,"direction_deg":null}},{"type":"Feature","geometry":{"type":"Point","coordinates":[-44.055324,-19.873259]},"properties":{"kind":"FIXED","limit_kmh":70,"source":"OSM","active":true,"direction_deg":null}},{"type":"Feature","geometry":{"type":"Point","coordinates":[-43.976922,-19.873056]},"properties":{"kind":"FIXED","limit_kmh":60,"source":"OSM","active":true,"direction_deg":null}},{"type":"Feature","geometry":{"type":"Point","coordinates":[-43.976781,-19.872979]},"properties":{"kind":"FIXED","limit_kmh":60,"source":"OSM","active":true,"direction_deg":null}},{"type":"Feature","geometry":{"type":"Point","coordinates":[-44.11514,-19.872533]},"properties":{"kind":"FIXED","limit_kmh":60,"source":"OSM","active":true,"direction_deg":null}},{"type":"Feature","geometry":{"type":"Point","coordinates":[-43.954282,-19.87251]},"properties":{"kind":"RED_LIGHT","limit_kmh":null,"source":"BHTRANS","active":true,"direction_deg":null}},{"type":"Feature","geometry":{"type":"Point","coordinates":[-43.954659,-19.872481]},"properties":{"kind":"RED_LIGHT","limit_kmh":null,"source":"BHTRANS","active":true,"direction_deg":null}},{"type":"Feature","geometry":{"type":"Point","coordinates":[-43.948781,-19.872367]},"properties":{"kind":"FIXED","limit_kmh":70,"source":"BHTRANS","active":true,"direction_deg":null}},{"type":"Feature","geometry":{"type":"Point","coordinates":[-43.9547,-19.872339]},"properties":{"kind":"FIXED","limit_kmh":60,"source":"OSM","active":true,"direction_deg":null}},{"type":"Feature","geometry":{"type":"Point","coordinates":[-43.836402,-19.87203]},"properties":{"kind":"FIXED","limit_kmh":40,"source":"OSM","active":true,"direction_deg":null}},{"type":"Feature","geometry":{"type":"Point","coordinates":[-43.954569,-19.87177]},"properties":{"kind":"RED_LIGHT","limit_kmh":null,"source":"BHTRANS","active":true,"direction_deg":null}},{"type":"Feature","geometry":{"type":"Point","coordinates":[-43.947694,-19.871211]},"properties":{"kind":"FIXED","limit_kmh":70,"source":"BHTRANS","active":true,"direction_deg":null}},{"type":"Feature","geometry":{"type":"Point","coordinates":[-42.133779,-19.870491]},"properties":{"kind":"FIXED","limit_kmh":50,"source":"ANTT","active":true,"direction_deg":null}},{"type":"Feature","geometry":{"type":"Point","coordinates":[-42.133874,-19.870211]},"properties":{"kind":"FIXED","limit_kmh":50,"source":"OSM","active":true,"direction_deg":null}},{"type":"Feature","geometry":{"type":"Point","coordinates":[-43.839326,-19.869973]},"properties":{"kind":"FIXED","limit_kmh":40,"source":"OSM","active":true,"direction_deg":null}},{"type":"Feature","geometry":{"type":"Point","coordinates":[-43.943175,-19.869912]},"properties":{"kind":"FIXED","limit_kmh":70,"source":"OSM","active":true,"direction_deg":null}},{"type":"Feature","geometry":{"type":"Point","coordinates":[-43.999446,-19.86959]},"properties":{"kind":"RED_LIGHT","limit_kmh":null,"source":"BHTRANS","active":true,"direction_deg":null}},{"type":"Feature","geometry":{"type":"Point","coordinates":[-43.893756,-19.869561]},"properties":{"kind":"FIXED","limit_kmh":40,"source":"OSM","active":true,"direction_deg":null}},{"type":"Feature","geometry":{"type":"Point","coordinates":[-43.999005,-19.869558]},"properties":{"kind":"RED_LIGHT","limit_kmh":null,"source":"BHTRANS","active":true,"direction_deg":null}},{"type":"Feature","geometry":{"type":"Point","coordinates":[-43.999363,-19.869187]},"properties":{"kind":"RED_LIGHT","limit_kmh":null,"source":"BHTRANS","active":true,"direction_deg":null}},{"type":"Feature","geometry":{"type":"Point","coordinates":[-43.998922,-19.869179]},"properties":{"kind":"RED_LIGHT","limit_kmh":null,"source":"BHTRANS","active":true,"direction_deg":null}},{"type":"Feature","geometry":{"type":"Point","coordinates":[-43.893691,-19.869]},"properties":{"kind":"FIXED","limit_kmh":40,"source":"OSM","active":true,"direction_deg":null}},{"type":"Feature","geometry":{"type":"Point","coordinates":[-43.937078,-19.868203]},"properties":{"kind":"FIXED","limit_kmh":80,"source":"OSM","active":true,"direction_deg":null}},{"type":"Feature","geometry":{"type":"Point","coordinates":[-43.934637,-19.867553]},"properties":{"kind":"FIXED","limit_kmh":70,"source":"BHTRANS","active":true,"direction_deg":null}},{"type":"Feature","geometry":{"type":"Point","coordinates":[-43.957079,-19.865974]},"properties":{"kind":"FIXED","limit_kmh":60,"source":"BHTRANS","active":true,"direction_deg":null}},{"type":"Feature","geometry":{"type":"Point","coordinates":[-43.956981,-19.86592]},"properties":{"kind":"FIXED","limit_kmh":60,"source":"BHTRANS","active":true,"direction_deg":null}},{"type":"Feature","geometry":{"type":"Point","coordinates":[-43.956865,-19.865566]},"properties":{"kind":"FIXED","limit_kmh":60,"source":"BHTRANS","active":true,"direction_deg":null}},{"type":"Feature","geometry":{"type":"Point","coordinates":[-43.95701,-19.865269]},"properties":{"kind":"FIXED","limit_kmh":60,"source":"OSM","active":true,"direction_deg":null}},{"type":"Feature","geometry":{"type":"Point","coordinates":[-43.931129,-19.864614]},"properties":{"kind":"FIXED","limit_kmh":60,"source":"OSM","active":true,"direction_deg":null}},{"type":"Feature","geometry":{"type":"Point","coordinates":[-43.931363,-19.864005]},"properties":{"kind":"FIXED","limit_kmh":60,"source":"OSM","active":true,"direction_deg":null}},{"type":"Feature","geometry":{"type":"Point","coordinates":[-43.957855,-19.86301]},"properties":{"kind":"RED_LIGHT","limit_kmh":60,"source":"BHTRANS+OSM","active":true,"direction_deg":null}},{"type":"Feature","geometry":{"type":"Point","coordinates":[-43.95821,-19.862999]},"properties":{"kind":"RED_LIGHT","limit_kmh":null,"source":"BHTRANS+OSM","active":true,"direction_deg":null}},{"type":"Feature","geometry":{"type":"Point","coordinates":[-43.95809,-19.862938]},"properties":{"kind":"RED_LIGHT","limit_kmh":null,"source":"BHTRANS","active":true,"direction_deg":null}},{"type":"Feature","geometry":{"type":"Point","coordinates":[-43.958354,-19.862914]},"properties":{"kind":"FIXED","limit_kmh":60,"source":"INMETRO+OSM","active":true,"direction_deg":null}},{"type":"Feature","geometry":{"type":"Point","coordinates":[-43.958199,-19.862869]},"properties":{"kind":"FIXED","limit_kmh":null,"source":"OSM","active":true,"direction_deg":null}},{"type":"Feature","geometry":{"type":"Point","coordinates":[-48.966009,-19.862193]},"properties":{"kind":"FIXED","limit_kmh":null,"source":"OSM","active":true,"direction_deg":null}},{"type":"Feature","geometry":{"type":"Point","coordinates":[-43.124328,-19.862192]},"properties":{"kind":"FIXED","limit_kmh":60,"source":"OSM","active":true,"direction_deg":null}},{"type":"Feature","geometry":{"type":"Point","coordinates":[-43.958597,-19.861988]},"properties":{"kind":"FIXED","limit_kmh":60,"source":"OSM","active":true,"direction_deg":null}},{"type":"Feature","geometry":{"type":"Point","coordinates":[-43.905041,-19.861497]},"properties":{"kind":"FIXED","limit_kmh":40,"source":"OSM","active":true,"direction_deg":null}},{"type":"Feature","geometry":{"type":"Point","coordinates":[-43.919698,-19.860755]},"properties":{"kind":"FIXED","limit_kmh":70,"source":"OSM","active":true,"direction_deg":null}},{"type":"Feature","geometry":{"type":"Point","coordinates":[-43.963571,-19.860677]},"properties":{"kind":"FIXED","limit_kmh":60,"source":"BHTRANS+OSM","active":true,"direction_deg":null}},{"type":"Feature","geometry":{"type":"Point","coordinates":[-43.962948,-19.860449]},"properties":{"kind":"FIXED","limit_kmh":60,"source":"BHTRANS","active":true,"direction_deg":null}},{"type":"Feature","geometry":{"type":"Point","coordinates":[-43.905314,-19.860108]},"properties":{"kind":"FIXED","limit_kmh":40,"source":"OSM","active":true,"direction_deg":null}},{"type":"Feature","geometry":{"type":"Point","coordinates":[-43.959698,-19.859062]},"properties":{"kind":"RED_LIGHT","limit_kmh":null,"source":"BHTRANS","active":true,"direction_deg":null}},{"type":"Feature","geometry":{"type":"Point","coordinates":[-43.225448,-19.858991]},"properties":{"kind":"FIXED","limit_kmh":60,"source":"ANTT","active":true,"direction_deg":8}},{"type":"Feature","geometry":{"type":"Point","coordinates":[-43.235259,-19.858295]},"properties":{"kind":"FIXED","limit_kmh":60,"source":"ANTT","active":true,"direction_deg":307}},{"type":"Feature","geometry":{"type":"Point","coordinates":[-43.238088,-19.857373]},"properties":{"kind":"FIXED","limit_kmh":60,"source":"ANTT","active":true,"direction_deg":121}},{"type":"Feature","geometry":{"type":"Point","coordinates":[-43.902096,-19.857276]},"properties":{"kind":"FIXED","limit_kmh":70,"source":"OSM","active":true,"direction_deg":null}},{"type":"Feature","geometry":{"type":"Point","coordinates":[-43.959986,-19.857275]},"properties":{"kind":"FIXED","limit_kmh":60,"source":"OSM","active":true,"direction_deg":null}},{"type":"Feature","geometry":{"type":"Point","coordinates":[-48.073011,-19.856083]},"properties":{"kind":"FIXED","limit_kmh":80,"source":"OSM","active":true,"direction_deg":null}},{"type":"Feature","geometry":{"type":"Point","coordinates":[-43.960967,-19.85561]},"properties":{"kind":"FIXED","limit_kmh":60,"source":"BHTRANS","active":true,"direction_deg":null}},{"type":"Feature","geometry":{"type":"Point","coordinates":[-43.960854,-19.855581]},"properties":{"kind":"FIXED","limit_kmh":60,"source":"BHTRANS","active":true,"direction_deg":null}},{"type":"Feature","geometry":{"type":"Point","coordinates":[-43.922799,-19.855249]},"properties":{"kind":"FIXED","limit_kmh":60,"source":"BHTRANS+OSM","active":true,"direction_deg":null}},{"type":"Feature","geometry":{"type":"Point","coordinates":[-43.92306,-19.855167]},"properties":{"kind":"FIXED","limit_kmh":60,"source":"BHTRANS+OSM","active":true,"direction_deg":null}},{"type":"Feature","geometry":{"type":"Point","coordinates":[-43.961197,-19.855053]},"properties":{"kind":"FIXED","limit_kmh":60,"source":"OSM","active":true,"direction_deg":null}},{"type":"Feature","geometry":{"type":"Point","coordinates":[-43.217206,-19.854673]},"properties":{"kind":"FIXED","limit_kmh":60,"source":"OSM","active":true,"direction_deg":null}},{"type":"Feature","geometry":{"type":"Point","coordinates":[-45.413671,-19.853044]},"properties":{"kind":"FIXED","limit_kmh":60,"source":"OSM","active":true,"direction_deg":null}},{"type":"Feature","geometry":{"type":"Point","coordinates":[-45.027075,-19.851362]},"properties":{"kind":"FIXED","limit_kmh":60,"source":"ANTT+OSM","active":true,"direction_deg":null}},{"type":"Feature","geometry":{"type":"Point","coordinates":[-43.215781,-19.851073]},"properties":{"kind":"FIXED","limit_kmh":60,"source":"ANTT","active":true,"direction_deg":301}},{"type":"Feature","geometry":{"type":"Point","coordinates":[-43.933889,-19.850715]},"properties":{"kind":"FIXED","limit_kmh":60,"source":"BHTRANS","active":true,"direction_deg":null}},{"type":"Feature","geometry":{"type":"Point","coordinates":[-43.933889,-19.850707]},"properties":{"kind":"FIXED","limit_kmh":60,"source":"BHTRANS+OSM","active":true,"direction_deg":null}},{"type":"Feature","geometry":{"type":"Point","coordinates":[-43.933864,-19.850707]},"properties":{"kind":"FIXED","limit_kmh":60,"source":"BHTRANS","active":true,"direction_deg":null}},{"type":"Feature","geometry":{"type":"Point","coordinates":[-43.933906,-19.8507]},"properties":{"kind":"FIXED","limit_kmh":60,"source":"BHTRANS","active":true,"direction_deg":null}},{"type":"Feature","geometry":{"type":"Point","coordinates":[-45.411632,-19.850597]},"properties":{"kind":"FIXED","limit_kmh":60,"source":"OSM","active":true,"direction_deg":null}},{"type":"Feature","geometry":{"type":"Point","coordinates":[-43.21134,-19.85059]},"properties":{"kind":"FIXED","limit_kmh":60,"source":"ANTT","active":true,"direction_deg":232}},{"type":"Feature","geometry":{"type":"Point","coordinates":[-43.964632,-19.85035]},"properties":{"kind":"FIXED","limit_kmh":60,"source":"OSM","active":true,"direction_deg":null}},{"type":"Feature","geometry":{"type":"Point","coordinates":[-43.964204,-19.850282]},"properties":{"kind":"FIXED","limit_kmh":60,"source":"OSM","active":true,"direction_deg":null}},{"type":"Feature","geometry":{"type":"Point","coordinates":[-43.210002,-19.849709]},"properties":{"kind":"FIXED","limit_kmh":60,"source":"OSM","active":true,"direction_deg":null}},{"type":"Feature","geometry":{"type":"Point","coordinates":[-43.275278,-19.849648]},"properties":{"kind":"FIXED","limit_kmh":60,"source":"OSM","active":true,"direction_deg":null}},{"type":"Feature","geometry":{"type":"Point","coordinates":[-43.965163,-19.84961]},"properties":{"kind":"FIXED","limit_kmh":60,"source":"BHTRANS+OSM","active":true,"direction_deg":null}},{"type":"Feature","geometry":{"type":"Point","coordinates":[-43.965155,-19.849603]},"properties":{"kind":"FIXED","limit_kmh":60,"source":"BHTRANS","active":true,"direction_deg":null}},{"type":"Feature","geometry":{"type":"Point","coordinates":[-43.96565,-19.849483]},"properties":{"kind":"FIXED","limit_kmh":60,"source":"BHTRANS+INMETRO","active":true,"direction_deg":null}},{"type":"Feature","geometry":{"type":"Point","coordinates":[-43.919547,-19.849415]},"properties":{"kind":"FIXED","limit_kmh":60,"source":"BHTRANS","active":true,"direction_deg":null}},{"type":"Feature","geometry":{"type":"Point","coordinates":[-43.919551,-19.849411]},"properties":{"kind":"FIXED","limit_kmh":60,"source":"BHTRANS+OSM","active":true,"direction_deg":null}},{"type":"Feature","geometry":{"type":"Point","coordinates":[-43.965373,-19.849289]},"properties":{"kind":"FIXED","limit_kmh":60,"source":"BHTRANS+OSM","active":true,"direction_deg":null}},{"type":"Feature","geometry":{"type":"Point","coordinates":[-43.965356,-19.849281]},"properties":{"kind":"FIXED","limit_kmh":60,"source":"BHTRANS","active":true,"direction_deg":null}},{"type":"Feature","geometry":{"type":"Point","coordinates":[-43.254032,-19.849189]},"properties":{"kind":"FIXED","limit_kmh":60,"source":"ANTT","active":true,"direction_deg":30}},{"type":"Feature","geometry":{"type":"Point","coordinates":[-43.91958,-19.849163]},"properties":{"kind":"FIXED","limit_kmh":60,"source":"BHTRANS+OSM","active":true,"direction_deg":null}},{"type":"Feature","geometry":{"type":"Point","coordinates":[-43.252277,-19.848106]},"properties":{"kind":"FIXED","limit_kmh":60,"source":"ANTT","active":true,"direction_deg":268}},{"type":"Feature","geometry":{"type":"Point","coordinates":[-43.886964,-19.845958]},"properties":{"kind":"FIXED","limit_kmh":60,"source":"OSM","active":true,"direction_deg":null}},{"type":"Feature","geometry":{"type":"Point","coordinates":[-43.166898,-19.845772]},"properties":{"kind":"FIXED","limit_kmh":60,"source":"ANTT","active":true,"direction_deg":null}},{"type":"Feature","geometry":{"type":"Point","coordinates":[-43.966063,-19.844931]},"properties":{"kind":"FIXED","limit_kmh":60,"source":"BHTRANS","active":true,"direction_deg":null}},{"type":"Feature","geometry":{"type":"Point","coordinates":[-43.966256,-19.844325]},"properties":{"kind":"FIXED","limit_kmh":30,"source":"BHTRANS","active":true,"direction_deg":null}},{"type":"Feature","geometry":{"type":"Point","coordinates":[-43.865324,-19.841836]},"properties":{"kind":"FIXED","limit_kmh":60,"source":"OSM","active":true,"direction_deg":null}},{"type":"Feature","geometry":{"type":"Point","coordinates":[-43.865598,-19.841812]},"properties":{"kind":"FIXED","limit_kmh":60,"source":"OSM","active":true,"direction_deg":null}},{"type":"Feature","geometry":{"type":"Point","coordinates":[-43.911454,-19.84178]},"properties":{"kind":"FIXED","limit_kmh":60,"source":"OSM","active":true,"direction_deg":null}},{"type":"Feature","geometry":{"type":"Point","coordinates":[-43.966577,-19.841167]},"properties":{"kind":"FIXED","limit_kmh":30,"source":"INMETRO","active":true,"direction_deg":null}},{"type":"Feature","geometry":{"type":"Point","coordinates":[-43.17734,-19.840764]},"properties":{"kind":"FIXED","limit_kmh":60,"source":"OSM","active":true,"direction_deg":null}},{"type":"Feature","geometry":{"type":"Point","coordinates":[-43.967386,-19.840675]},"properties":{"kind":"FIXED","limit_kmh":30,"source":"BHTRANS","active":true,"direction_deg":null}},{"type":"Feature","geometry":{"type":"Point","coordinates":[-43.967392,-19.840671]},"properties":{"kind":"FIXED","limit_kmh":30,"source":"BHTRANS","active":true,"direction_deg":null}},{"type":"Feature","geometry":{"type":"Point","coordinates":[-43.910561,-19.840292]},"properties":{"kind":"FIXED","limit_kmh":60,"source":"OSM","active":true,"direction_deg":null}},{"type":"Feature","geometry":{"type":"Point","coordinates":[-43.935917,-19.840236]},"properties":{"kind":"FIXED","limit_kmh":70,"source":"OSM","active":true,"direction_deg":null}},{"type":"Feature","geometry":{"type":"Point","coordinates":[-43.192559,-19.839316]},"properties":{"kind":"FIXED","limit_kmh":60,"source":"OSM","active":true,"direction_deg":null}},{"type":"Feature","geometry":{"type":"Point","coordinates":[-43.936737,-19.839151]},"properties":{"kind":"FIXED","limit_kmh":70,"source":"BHTRANS","active":true,"direction_deg":null}},{"type":"Feature","geometry":{"type":"Point","coordinates":[-43.936732,-19.839147]},"properties":{"kind":"FIXED","limit_kmh":70,"source":"BHTRANS+INMETRO","active":true,"direction_deg":null}},{"type":"Feature","geometry":{"type":"Point","coordinates":[-43.9386,-19.837864]},"properties":{"kind":"FIXED","limit_kmh":70,"source":"OSM","active":true,"direction_deg":null}},{"type":"Feature","geometry":{"type":"Point","coordinates":[-43.939508,-19.837155]},"properties":{"kind":"FIXED","limit_kmh":70,"source":"OSM","active":true,"direction_deg":null}},{"type":"Feature","geometry":{"type":"Point","coordinates":[-44.601357,-19.835826]},"properties":{"kind":"FIXED","limit_kmh":60,"source":"OSM","active":true,"direction_deg":null}},{"type":"Feature","geometry":{"type":"Point","coordinates":[-43.907236,-19.835742]},"properties":{"kind":"FIXED","limit_kmh":60,"source":"OSM","active":true,"direction_deg":null}},{"type":"Feature","geometry":{"type":"Point","coordinates":[-43.347924,-19.8357]},"properties":{"kind":"FIXED","limit_kmh":40,"source":"OSM","active":true,"direction_deg":null}},{"type":"Feature","geometry":{"type":"Point","coordinates":[-43.907367,-19.835678]},"properties":{"kind":"FIXED","limit_kmh":60,"source":"OSM","active":true,"direction_deg":null}},{"type":"Feature","geometry":{"type":"Point","coordinates":[-44.599711,-19.834901]},"properties":{"kind":"FIXED","limit_kmh":40,"source":"OSM","active":true,"direction_deg":null}},{"type":"Feature","geometry":{"type":"Point","coordinates":[-43.964339,-19.834888]},"properties":{"kind":"FIXED","limit_kmh":60,"source":"OSM","active":true,"direction_deg":null}},{"type":"Feature","geometry":{"type":"Point","coordinates":[-43.940091,-19.834834]},"properties":{"kind":"FIXED","limit_kmh":70,"source":"BHTRANS","active":true,"direction_deg":null}},{"type":"Feature","geometry":{"type":"Point","coordinates":[-43.963966,-19.834072]},"properties":{"kind":"RED_LIGHT","limit_kmh":null,"source":"BHTRANS","active":true,"direction_deg":null}},{"type":"Feature","geometry":{"type":"Point","coordinates":[-43.964173,-19.833835]},"properties":{"kind":"RED_LIGHT","limit_kmh":null,"source":"BHTRANS","active":true,"direction_deg":null}},{"type":"Feature","geometry":{"type":"Point","coordinates":[-43.93898,-19.833376]},"properties":{"kind":"FIXED","limit_kmh":70,"source":"INMETRO","active":true,"direction_deg":null}},{"type":"Feature","geometry":{"type":"Point","coordinates":[-44.082457,-19.831562]},"properties":{"kind":"FIXED","limit_kmh":70,"source":"OSM","active":true,"direction_deg":null}},{"type":"Feature","geometry":{"type":"Point","coordinates":[-43.356144,-19.83093]},"properties":{"kind":"FIXED","limit_kmh":60,"source":"ANTT+OSM","active":true,"direction_deg":null}},{"type":"Feature","geometry":{"type":"Point","coordinates":[-43.903713,-19.830506]},"properties":{"kind":"FIXED","limit_kmh":60,"source":"OSM","active":true,"direction_deg":null}},{"type":"Feature","geometry":{"type":"Point","coordinates":[-43.941686,-19.830104]},"properties":{"kind":"FIXED","limit_kmh":70,"source":"BHTRANS","active":true,"direction_deg":null}},{"type":"Feature","geometry":{"type":"Point","coordinates":[-43.941883,-19.82973]},"properties":{"kind":"FIXED","limit_kmh":70,"source":"OSM","active":true,"direction_deg":null}},{"type":"Feature","geometry":{"type":"Point","coordinates":[-43.94171,-19.829514]},"properties":{"kind":"FIXED","limit_kmh":70,"source":"INMETRO+OSM","active":true,"direction_deg":null}},{"type":"Feature","geometry":{"type":"Point","coordinates":[-43.961661,-19.829419]},"properties":{"kind":"FIXED","limit_kmh":60,"source":"BHTRANS","active":true,"direction_deg":null}},{"type":"Feature","geometry":{"type":"Point","coordinates":[-43.08779,-19.82835]},"properties":{"kind":"FIXED","limit_kmh":50,"source":"ANTT","active":true,"direction_deg":null}},{"type":"Feature","geometry":{"type":"Point","coordinates":[-43.96003,-19.828126]},"properties":{"kind":"RED_LIGHT","limit_kmh":null,"source":"BHTRANS","active":true,"direction_deg":null}},{"type":"Feature","geometry":{"type":"Point","coordinates":[-43.960063,-19.828057]},"properties":{"kind":"RED_LIGHT","limit_kmh":null,"source":"BHTRANS","active":true,"direction_deg":null}},{"type":"Feature","geometry":{"type":"Point","coordinates":[-44.083815,-19.827867]},"properties":{"kind":"FIXED","limit_kmh":70,"source":"OSM","active":true,"direction_deg":null}},{"type":"Feature","geometry":{"type":"Point","coordinates":[-43.959807,-19.82776]},"properties":{"kind":"RED_LIGHT","limit_kmh":null,"source":"BHTRANS","active":true,"direction_deg":null}},{"type":"Feature","geometry":{"type":"Point","coordinates":[-43.959855,-19.827712]},"properties":{"kind":"RED_LIGHT","limit_kmh":null,"source":"BHTRANS","active":true,"direction_deg":null}},{"type":"Feature","geometry":{"type":"Point","coordinates":[-43.960042,-19.827684]},"properties":{"kind":"RED_LIGHT","limit_kmh":null,"source":"BHTRANS","active":true,"direction_deg":null}},{"type":"Feature","geometry":{"type":"Point","coordinates":[-43.086509,-19.82761]},"properties":{"kind":"FIXED","limit_kmh":50,"source":"OSM","active":true,"direction_deg":null}},{"type":"Feature","geometry":{"type":"Point","coordinates":[-43.94295,-19.826991]},"properties":{"kind":"FIXED","limit_kmh":70,"source":"BHTRANS","active":true,"direction_deg":null}},{"type":"Feature","geometry":{"type":"Point","coordinates":[-43.942942,-19.826987]},"properties":{"kind":"FIXED","limit_kmh":70,"source":"BHTRANS","active":true,"direction_deg":null}},{"type":"Feature","geometry":{"type":"Point","coordinates":[-43.942946,-19.826983]},"properties":{"kind":"FIXED","limit_kmh":70,"source":"BHTRANS","active":true,"direction_deg":null}},{"type":"Feature","geometry":{"type":"Point","coordinates":[-43.943296,-19.826308]},"properties":{"kind":"FIXED","limit_kmh":70,"source":"OSM","active":true,"direction_deg":null}},{"type":"Feature","geometry":{"type":"Point","coordinates":[-43.94321,-19.826284]},"properties":{"kind":"FIXED","limit_kmh":70,"source":"OSM","active":true,"direction_deg":null}},{"type":"Feature","geometry":{"type":"Point","coordinates":[-43.956198,-19.8259]},"properties":{"kind":"FIXED","limit_kmh":60,"source":"BHTRANS+INMETRO","active":true,"direction_deg":null}},{"type":"Feature","geometry":{"type":"Point","coordinates":[-43.956202,-19.825892]},"properties":{"kind":"FIXED","limit_kmh":60,"source":"BHTRANS","active":true,"direction_deg":null}},{"type":"Feature","geometry":{"type":"Point","coordinates":[-43.956206,-19.825888]},"properties":{"kind":"FIXED","limit_kmh":60,"source":"BHTRANS+OSM","active":true,"direction_deg":null}},{"type":"Feature","geometry":{"type":"Point","coordinates":[-43.944001,-19.82534]},"properties":{"kind":"FIXED","limit_kmh":70,"source":"BHTRANS+INMETRO+OSM","active":true,"direction_deg":null}},{"type":"Feature","geometry":{"type":"Point","coordinates":[-43.830593,-19.823691]},"properties":{"kind":"FIXED","limit_kmh":60,"source":"OSM","active":false,"direction_deg":null}},{"type":"Feature","geometry":{"type":"Point","coordinates":[-43.945264,-19.822944]},"properties":{"kind":"RED_LIGHT","limit_kmh":null,"source":"BHTRANS","active":true,"direction_deg":null}},{"type":"Feature","geometry":{"type":"Point","coordinates":[-43.953761,-19.8229]},"properties":{"kind":"RED_LIGHT","limit_kmh":null,"source":"BHTRANS","active":true,"direction_deg":null}},{"type":"Feature","geometry":{"type":"Point","coordinates":[-43.945238,-19.822761]},"properties":{"kind":"RED_LIGHT","limit_kmh":null,"source":"BHTRANS","active":true,"direction_deg":null}},{"type":"Feature","geometry":{"type":"Point","coordinates":[-43.953965,-19.822626]},"properties":{"kind":"RED_LIGHT","limit_kmh":null,"source":"BHTRANS","active":true,"direction_deg":null}},{"type":"Feature","geometry":{"type":"Point","coordinates":[-43.953934,-19.822589]},"properties":{"kind":"FIXED","limit_kmh":60,"source":"OSM","active":true,"direction_deg":null}},{"type":"Feature","geometry":{"type":"Point","coordinates":[-43.893461,-19.821011]},"properties":{"kind":"FIXED","limit_kmh":60,"source":"OSM","active":true,"direction_deg":null}},{"type":"Feature","geometry":{"type":"Point","coordinates":[-43.896631,-19.820508]},"properties":{"kind":"FIXED","limit_kmh":60,"source":"OSM","active":true,"direction_deg":null}},{"type":"Feature","geometry":{"type":"Point","coordinates":[-43.946825,-19.819363]},"properties":{"kind":"FIXED","limit_kmh":70,"source":"OSM","active":true,"direction_deg":null}},{"type":"Feature","geometry":{"type":"Point","coordinates":[-43.952258,-19.818788]},"properties":{"kind":"RED_LIGHT","limit_kmh":null,"source":"BHTRANS","active":true,"direction_deg":null}},{"type":"Feature","geometry":{"type":"Point","coordinates":[-43.952148,-19.818774]},"properties":{"kind":"RED_LIGHT","limit_kmh":null,"source":"BHTRANS","active":true,"direction_deg":null}},{"type":"Feature","geometry":{"type":"Point","coordinates":[-43.952468,-19.818718]},"properties":{"kind":"RED_LIGHT","limit_kmh":null,"source":"BHTRANS","active":true,"direction_deg":null}},{"type":"Feature","geometry":{"type":"Point","coordinates":[-43.067607,-19.818495]},"properties":{"kind":"FIXED","limit_kmh":50,"source":"ANTT","active":true,"direction_deg":221}},{"type":"Feature","geometry":{"type":"Point","coordinates":[-44.08903,-19.816881]},"properties":{"kind":"FIXED","limit_kmh":70,"source":"OSM","active":true,"direction_deg":null}},{"type":"Feature","geometry":{"type":"Point","coordinates":[-44.089421,-19.816688]},"properties":{"kind":"FIXED","limit_kmh":70,"source":"OSM","active":true,"direction_deg":null}},{"type":"Feature","geometry":{"type":"Point","coordinates":[-43.959892,-19.814566]},"properties":{"kind":"RED_LIGHT","limit_kmh":null,"source":"BHTRANS","active":true,"direction_deg":null}},{"type":"Feature","geometry":{"type":"Point","coordinates":[-43.959997,-19.814416]},"properties":{"kind":"RED_LIGHT","limit_kmh":null,"source":"BHTRANS","active":true,"direction_deg":null}},{"type":"Feature","geometry":{"type":"Point","coordinates":[-43.960392,-19.814384]},"properties":{"kind":"RED_LIGHT","limit_kmh":null,"source":"BHTRANS","active":true,"direction_deg":null}},{"type":"Feature","geometry":{"type":"Point","coordinates":[-43.875289,-19.812694]},"properties":{"kind":"FIXED","limit_kmh":60,"source":"INMETRO","active":true,"direction_deg":null}},{"type":"Feature","geometry":{"type":"Point","coordinates":[-43.958841,-19.812393]},"properties":{"kind":"RED_LIGHT","limit_kmh":null,"source":"BHTRANS","active":true,"direction_deg":null}},{"type":"Feature","geometry":{"type":"Point","coordinates":[-43.884931,-19.812013]},"properties":{"kind":"FIXED","limit_kmh":60,"source":"INMETRO+OSM","active":true,"direction_deg":null}},{"type":"Feature","geometry":{"type":"Point","coordinates":[-43.885066,-19.811937]},"properties":{"kind":"FIXED","limit_kmh":60,"source":"OSM","active":true,"direction_deg":null}},{"type":"Feature","geometry":{"type":"Point","coordinates":[-44.044876,-19.809541]},"properties":{"kind":"FIXED","limit_kmh":60,"source":"OSM","active":true,"direction_deg":null}},{"type":"Feature","geometry":{"type":"Point","coordinates":[-43.77227,-19.809511]},"properties":{"kind":"FIXED","limit_kmh":60,"source":"OSM","active":false,"direction_deg":null}},{"type":"Feature","geometry":{"type":"Point","coordinates":[-44.044782,-19.809484]},"properties":{"kind":"FIXED","limit_kmh":60,"source":"OSM","active":true,"direction_deg":null}},{"type":"Feature","geometry":{"type":"Point","coordinates":[-44.086512,-19.809441]},"properties":{"kind":"FIXED","limit_kmh":50,"source":"OSM","active":true,"direction_deg":null}},{"type":"Feature","geometry":{"type":"Point","coordinates":[-44.083772,-19.807286]},"properties":{"kind":"FIXED","limit_kmh":50,"source":"OSM","active":true,"direction_deg":null}},{"type":"Feature","geometry":{"type":"Point","coordinates":[-43.970464,-19.807225]},"properties":{"kind":"RED_LIGHT","limit_kmh":null,"source":"BHTRANS","active":true,"direction_deg":null}},{"type":"Feature","geometry":{"type":"Point","coordinates":[-43.970174,-19.806826]},"properties":{"kind":"RED_LIGHT","limit_kmh":null,"source":"BHTRANS","active":true,"direction_deg":null}},{"type":"Feature","geometry":{"type":"Point","coordinates":[-43.970152,-19.806432]},"properties":{"kind":"RED_LIGHT","limit_kmh":null,"source":"BHTRANS","active":true,"direction_deg":null}},{"type":"Feature","geometry":{"type":"Point","coordinates":[-43.883969,-19.805725]},"properties":{"kind":"FIXED","limit_kmh":60,"source":"INMETRO","active":true,"direction_deg":null}},{"type":"Feature","geometry":{"type":"Point","coordinates":[-43.88317,-19.804972]},"properties":{"kind":"FIXED","limit_kmh":60,"source":"OSM","active":true,"direction_deg":null}},{"type":"Feature","geometry":{"type":"Point","coordinates":[-42.136042,-19.803494]},"properties":{"kind":"FIXED","limit_kmh":50,"source":"ANTT","active":true,"direction_deg":338}},{"type":"Feature","geometry":{"type":"Point","coordinates":[-43.058147,-19.802812]},"properties":{"kind":"FIXED","limit_kmh":60,"source":"ANTT","active":true,"direction_deg":null}},{"type":"Feature","geometry":{"type":"Point","coordinates":[-44.004418,-19.802636]},"properties":{"kind":"FIXED","limit_kmh":40,"source":"INMETRO","active":true,"direction_deg":null}},{"type":"Feature","geometry":{"type":"Point","coordinates":[-42.136817,-19.802239]},"properties":{"kind":"FIXED","limit_kmh":50,"source":"ANTT+OSM","active":true,"direction_deg":153}},{"type":"Feature","geometry":{"type":"Point","coordinates":[-44.005695,-19.802182]},"properties":{"kind":"FIXED","limit_kmh":50,"source":"OSM","active":true,"direction_deg":null}},{"type":"Feature","geometry":{"type":"Point","coordinates":[-43.761919,-19.802013]},"properties":{"kind":"FIXED","limit_kmh":60,"source":"OSM","active":true,"direction_deg":null}},{"type":"Feature","geometry":{"type":"Point","coordinates":[-44.099989,-19.801771]},"properties":{"kind":"FIXED","limit_kmh":70,"source":"OSM","active":true,"direction_deg":null}},{"type":"Feature","geometry":{"type":"Point","coordinates":[-44.099891,-19.801671]},"properties":{"kind":"FIXED","limit_kmh":70,"source":"OSM","active":true,"direction_deg":null}},{"type":"Feature","geometry":{"type":"Point","coordinates":[-44.053801,-19.800723]},"properties":{"kind":"FIXED","limit_kmh":40,"source":"OSM","active":true,"direction_deg":null}},{"type":"Feature","geometry":{"type":"Point","coordinates":[-43.94982,-19.800503]},"properties":{"kind":"FIXED","limit_kmh":110,"source":"OSM","active":true,"direction_deg":null}},{"type":"Feature","geometry":{"type":"Point","coordinates":[-43.949642,-19.800473]},"properties":{"kind":"FIXED","limit_kmh":60,"source":"OSM","active":true,"direction_deg":null}},{"type":"Feature","geometry":{"type":"Point","coordinates":[-44.021483,-19.800106]},"properties":{"kind":"FIXED","limit_kmh":30,"source":"OSM","active":true,"direction_deg":null}},{"type":"Feature","geometry":{"type":"Point","coordinates":[-43.950168,-19.800052]},"properties":{"kind":"FIXED","limit_kmh":60,"source":"OSM","active":true,"direction_deg":null}},{"type":"Feature","geometry":{"type":"Point","coordinates":[-43.949993,-19.800045]},"properties":{"kind":"FIXED","limit_kmh":110,"source":"OSM","active":true,"direction_deg":null}},{"type":"Feature","geometry":{"type":"Point","coordinates":[-44.021094,-19.799936]},"properties":{"kind":"FIXED","limit_kmh":30,"source":"OSM","active":true,"direction_deg":null}},{"type":"Feature","geometry":{"type":"Point","coordinates":[-44.019254,-19.799739]},"properties":{"kind":"FIXED","limit_kmh":40,"source":"INMETRO+OSM","active":true,"direction_deg":null}},{"type":"Feature","geometry":{"type":"Point","coordinates":[-44.019005,-19.799636]},"properties":{"kind":"FIXED","limit_kmh":40,"source":"INMETRO+OSM","active":true,"direction_deg":null}},{"type":"Feature","geometry":{"type":"Point","coordinates":[-44.013395,-19.79958]},"properties":{"kind":"FIXED","limit_kmh":30,"source":"INMETRO","active":true,"direction_deg":null}},{"type":"Feature","geometry":{"type":"Point","coordinates":[-44.01459,-19.799301]},"properties":{"kind":"FIXED","limit_kmh":40,"source":"INMETRO","active":true,"direction_deg":null}},{"type":"Feature","geometry":{"type":"Point","coordinates":[-44.295199,-19.798105]},"properties":{"kind":"FIXED","limit_kmh":60,"source":"OSM","active":true,"direction_deg":null}},{"type":"Feature","geometry":{"type":"Point","coordinates":[-43.943803,-19.798049]},"properties":{"kind":"FIXED","limit_kmh":60,"source":"OSM","active":true,"direction_deg":null}},{"type":"Feature","geometry":{"type":"Point","coordinates":[-43.943782,-19.797935]},"properties":{"kind":"FIXED","limit_kmh":60,"source":"OSM","active":true,"direction_deg":null}},{"type":"Feature","geometry":{"type":"Point","coordinates":[-42.138234,-19.797886]},"properties":{"kind":"FIXED","limit_kmh":50,"source":"OSM","active":true,"direction_deg":null}},{"type":"Feature","geometry":{"type":"Point","coordinates":[-44.011147,-19.797583]},"properties":{"kind":"FIXED","limit_kmh":30,"source":"OSM","active":true,"direction_deg":null}},{"type":"Feature","geometry":{"type":"Point","coordinates":[-44.010835,-19.797556]},"properties":{"kind":"FIXED","limit_kmh":30,"source":"INMETRO+OSM","active":true,"direction_deg":null}},{"type":"Feature","geometry":{"type":"Point","coordinates":[-42.138054,-19.797519]},"properties":{"kind":"FIXED","limit_kmh":50,"source":"OSM","active":true,"direction_deg":null}},{"type":"Feature","geometry":{"type":"Point","coordinates":[-43.879647,-19.797347]},"properties":{"kind":"FIXED","limit_kmh":60,"source":"INMETRO","active":true,"direction_deg":null}},{"type":"Feature","geometry":{"type":"Point","coordinates":[-43.941868,-19.797002]},"properties":{"kind":"FIXED","limit_kmh":60,"source":"INMETRO","active":true,"direction_deg":null}},{"type":"Feature","geometry":{"type":"Point","coordinates":[-44.06461,-19.794049]},"properties":{"kind":"FIXED","limit_kmh":60,"source":"OSM","active":true,"direction_deg":null}},{"type":"Feature","geometry":{"type":"Point","coordinates":[-47.911362,-19.7935]},"properties":{"kind":"FIXED","limit_kmh":50,"source":"ANTT+OSM","active":true,"direction_deg":328}},{"type":"Feature","geometry":{"type":"Point","coordinates":[-44.065727,-19.793426]},"properties":{"kind":"FIXED","limit_kmh":60,"source":"OSM","active":true,"direction_deg":null}},{"type":"Feature","geometry":{"type":"Point","coordinates":[-43.936823,-19.793391]},"properties":{"kind":"FIXED","limit_kmh":60,"source":"INMETRO","active":true,"direction_deg":null}},{"type":"Feature","geometry":{"type":"Point","coordinates":[-43.936908,-19.793126]},"properties":{"kind":"FIXED","limit_kmh":30,"source":"INMETRO","active":true,"direction_deg":null}},{"type":"Feature","geometry":{"type":"Point","coordinates":[-47.91191,-19.79291]},"properties":{"kind":"FIXED","limit_kmh":50,"source":"ANTT","active":true,"direction_deg":148}},{"type":"Feature","geometry":{"type":"Point","coordinates":[-44.074313,-19.792306]},"properties":{"kind":"FIXED","limit_kmh":50,"source":"OSM","active":true,"direction_deg":null}},{"type":"Feature","geometry":{"type":"Point","coordinates":[-44.068101,-19.791647]},"properties":{"kind":"FIXED","limit_kmh":60,"source":"OSM","active":true,"direction_deg":null}},{"type":"Feature","geometry":{"type":"Point","coordinates":[-42.137105,-19.791157]},"properties":{"kind":"FIXED","limit_kmh":30,"source":"ANTT+OSM","active":true,"direction_deg":20}},{"type":"Feature","geometry":{"type":"Point","coordinates":[-42.136938,-19.790699]},"properties":{"kind":"FIXED","limit_kmh":50,"source":"OSM","active":true,"direction_deg":null}},{"type":"Feature","geometry":{"type":"Point","coordinates":[-42.136723,-19.789842]},"properties":{"kind":"FIXED","limit_kmh":30,"source":"ANTT+OSM","active":true,"direction_deg":203}},{"type":"Feature","geometry":{"type":"Point","coordinates":[-44.070467,-19.789251]},"properties":{"kind":"FIXED","limit_kmh":60,"source":"OSM","active":true,"direction_deg":null}},{"type":"Feature","geometry":{"type":"Point","coordinates":[-43.877761,-19.789183]},"properties":{"kind":"FIXED","limit_kmh":60,"source":"INMETRO","active":true,"direction_deg":null}},{"type":"Feature","geometry":{"type":"Point","coordinates":[-45.229624,-19.787851]},"properties":{"kind":"FIXED","limit_kmh":60,"source":"OSM","active":true,"direction_deg":null}},{"type":"Feature","geometry":{"type":"Point","coordinates":[-44.113886,-19.787685]},"properties":{"kind":"FIXED","limit_kmh":70,"source":"OSM","active":true,"direction_deg":null}},{"type":"Feature","geometry":{"type":"Point","coordinates":[-43.922804,-19.787262]},"properties":{"kind":"FIXED","limit_kmh":60,"source":"INMETRO","active":true,"direction_deg":null}},{"type":"Feature","geometry":{"type":"Point","coordinates":[-43.047462,-19.786878]},"properties":{"kind":"FIXED","limit_kmh":60,"source":"ANTT","active":true,"direction_deg":99}},{"type":"Feature","geometry":{"type":"Point","coordinates":[-45.300527,-19.78645]},"properties":{"kind":"FIXED","limit_kmh":60,"source":"ANTT+OSM","active":true,"direction_deg":null}},{"type":"Feature","geometry":{"type":"Point","coordinates":[-43.91905,-19.786422]},"properties":{"kind":"FIXED","limit_kmh":60,"source":"INMETRO","active":true,"direction_deg":null}},{"type":"Feature","geometry":{"type":"Point","coordinates":[-43.919646,-19.786334]},"properties":{"kind":"FIXED","limit_kmh":60,"source":"INMETRO","active":true,"direction_deg":null}},{"type":"Feature","geometry":{"type":"Point","coordinates":[-45.236342,-19.786039]},"properties":{"kind":"FIXED","limit_kmh":null,"source":"OSM","active":true,"direction_deg":null}},{"type":"Feature","geometry":{"type":"Point","coordinates":[-42.134755,-19.78583]},"properties":{"kind":"FIXED","limit_kmh":50,"source":"ANTT+OSM","active":true,"direction_deg":23}},{"type":"Feature","geometry":{"type":"Point","coordinates":[-45.252514,-19.785742]},"properties":{"kind":"FIXED","limit_kmh":60,"source":"ANTT+OSM","active":true,"direction_deg":null}},{"type":"Feature","geometry":{"type":"Point","coordinates":[-42.134872,-19.785589]},"properties":{"kind":"FIXED","limit_kmh":50,"source":"ANTT","active":true,"direction_deg":203}},{"type":"Feature","geometry":{"type":"Point","coordinates":[-42.133945,-19.783998]},"properties":{"kind":"FIXED","limit_kmh":50,"source":"ANTT","active":true,"direction_deg":203}},{"type":"Feature","geometry":{"type":"Point","coordinates":[-42.133802,-19.783626]},"properties":{"kind":"FIXED","limit_kmh":50,"source":"OSM","active":true,"direction_deg":null}},{"type":"Feature","geometry":{"type":"Point","coordinates":[-42.133923,-19.783617]},"properties":{"kind":"FIXED","limit_kmh":50,"source":"OSM","active":true,"direction_deg":null}},{"type":"Feature","geometry":{"type":"Point","coordinates":[-43.935356,-19.783014]},"properties":{"kind":"FIXED","limit_kmh":30,"source":"INMETRO","active":true,"direction_deg":null}},{"type":"Feature","geometry":{"type":"Point","coordinates":[-45.259761,-19.782982]},"properties":{"kind":"FIXED","limit_kmh":60,"source":"ANTT+OSM","active":true,"direction_deg":null}},{"type":"Feature","geometry":{"type":"Point","coordinates":[-45.683228,-19.782851]},"properties":{"kind":"FIXED","limit_kmh":60,"source":"ANTT+OSM","active":true,"direction_deg":null}},{"type":"Feature","geometry":{"type":"Point","coordinates":[-42.133357,-19.782227]},"properties":{"kind":"FIXED","limit_kmh":50,"source":"ANTT+OSM","active":true,"direction_deg":203}},{"type":"Feature","geometry":{"type":"Point","coordinates":[-43.87618,-19.781863]},"properties":{"kind":"FIXED","limit_kmh":60,"source":"INMETRO+OSM","active":true,"direction_deg":null}},{"type":"Feature","geometry":{"type":"Point","coordinates":[-43.875948,-19.781304]},"properties":{"kind":"FIXED","limit_kmh":60,"source":"INMETRO+OSM","active":true,"direction_deg":null}},{"type":"Feature","geometry":{"type":"Point","coordinates":[-44.565177,-19.781136]},"properties":{"kind":"FIXED","limit_kmh":60,"source":"OSM","active":true,"direction_deg":null}},{"type":"Feature","geometry":{"type":"Point","coordinates":[-44.118102,-19.780925]},"properties":{"kind":"FIXED","limit_kmh":70,"source":"OSM","active":true,"direction_deg":null}},{"type":"Feature","geometry":{"type":"Point","coordinates":[-43.043504,-19.780867]},"properties":{"kind":"FIXED","limit_kmh":60,"source":"ANTT","active":true,"direction_deg":173}},{"type":"Feature","geometry":{"type":"Point","coordinates":[-43.907697,-19.780322]},"properties":{"kind":"FIXED","limit_kmh":null,"source":"OSM","active":true,"direction_deg":null}},{"type":"Feature","geometry":{"type":"Point","coordinates":[-42.132749,-19.779661]},"properties":{"kind":"FIXED","limit_kmh":50,"source":"OSM","active":true,"direction_deg":null}},{"type":"Feature","geometry":{"type":"Point","coordinates":[-44.076582,-19.77964]},"properties":{"kind":"FIXED","limit_kmh":30,"source":"INMETRO+OSM","active":true,"direction_deg":null}},{"type":"Feature","geometry":{"type":"Point","coordinates":[-47.960438,-19.779175]},"properties":{"kind":"FIXED","limit_kmh":60,"source":"ANTT","active":true,"direction_deg":270}},{"type":"Feature","geometry":{"type":"Point","coordinates":[-42.133311,-19.779012]},"properties":{"kind":"FIXED","limit_kmh":50,"source":"OSM","active":true,"direction_deg":null}},{"type":"Feature","geometry":{"type":"Point","coordinates":[-44.105516,-19.778698]},"properties":{"kind":"FIXED","limit_kmh":50,"source":"OSM","active":true,"direction_deg":null}},{"type":"Feature","geometry":{"type":"Point","coordinates":[-44.080942,-19.778639]},"properties":{"kind":"FIXED","limit_kmh":30,"source":"OSM","active":true,"direction_deg":null}},{"type":"Feature","geometry":{"type":"Point","coordinates":[-44.141733,-19.777542]},"properties":{"kind":"FIXED","limit_kmh":30,"source":"INMETRO","active":true,"direction_deg":null}},{"type":"Feature","geometry":{"type":"Point","coordinates":[-44.156792,-19.777004]},"properties":{"kind":"FIXED","limit_kmh":40,"source":"OSM","active":true,"direction_deg":null}},{"type":"Feature","geometry":{"type":"Point","coordinates":[-44.156699,-19.776918]},"properties":{"kind":"FIXED","limit_kmh":40,"source":"OSM","active":true,"direction_deg":null}},{"type":"Feature","geometry":{"type":"Point","coordinates":[-44.135832,-19.776168]},"properties":{"kind":"FIXED","limit_kmh":30,"source":"OSM","active":true,"direction_deg":null}},{"type":"Feature","geometry":{"type":"Point","coordinates":[-44.13569,-19.776056]},"properties":{"kind":"FIXED","limit_kmh":30,"source":"OSM","active":true,"direction_deg":null}},{"type":"Feature","geometry":{"type":"Point","coordinates":[-43.045226,-19.775772]},"properties":{"kind":"FIXED","limit_kmh":50,"source":"ANTT","active":true,"direction_deg":null}},{"type":"Feature","geometry":{"type":"Point","coordinates":[-44.307874,-19.775704]},"properties":{"kind":"FIXED","limit_kmh":60,"source":"OSM","active":true,"direction_deg":null}},{"type":"Feature","geometry":{"type":"Point","coordinates":[-44.150009,-19.774337]},"properties":{"kind":"FIXED","limit_kmh":40,"source":"OSM","active":true,"direction_deg":null}},{"type":"Feature","geometry":{"type":"Point","coordinates":[-44.131072,-19.772961]},"properties":{"kind":"FIXED","limit_kmh":30,"source":"OSM","active":true,"direction_deg":null}},{"type":"Feature","geometry":{"type":"Point","coordinates":[-43.856961,-19.772672]},"properties":{"kind":"FIXED","limit_kmh":40,"source":"OSM","active":true,"direction_deg":null}},{"type":"Feature","geometry":{"type":"Point","coordinates":[-44.130672,-19.772324]},"properties":{"kind":"FIXED","limit_kmh":30,"source":"INMETRO+OSM","active":true,"direction_deg":null}},{"type":"Feature","geometry":{"type":"Point","coordinates":[-43.850377,-19.771299]},"properties":{"kind":"FIXED","limit_kmh":40,"source":"INMETRO","active":true,"direction_deg":null}},{"type":"Feature","geometry":{"type":"Point","coordinates":[-43.047194,-19.770935]},"properties":{"kind":"FIXED","limit_kmh":60,"source":"ANTT","active":true,"direction_deg":180}},{"type":"Feature","geometry":{"type":"Point","coordinates":[-43.8709,-19.769719]},"properties":{"kind":"FIXED","limit_kmh":50,"source":"INMETRO","active":true,"direction_deg":null}},{"type":"Feature","geometry":{"type":"Point","coordinates":[-43.85132,-19.768395]},"properties":{"kind":"FIXED","limit_kmh":40,"source":"INMETRO","active":true,"direction_deg":null}},{"type":"Feature","geometry":{"type":"Point","coordinates":[-47.975231,-19.767581]},"properties":{"kind":"FIXED","limit_kmh":60,"source":"ANTT","active":true,"direction_deg":158}},{"type":"Feature","geometry":{"type":"Point","coordinates":[-43.852725,-19.767536]},"properties":{"kind":"FIXED","limit_kmh":40,"source":"INMETRO","active":true,"direction_deg":null}},{"type":"Feature","geometry":{"type":"Point","coordinates":[-43.871624,-19.766967]},"properties":{"kind":"FIXED","limit_kmh":40,"source":"INMETRO","active":true,"direction_deg":null}},{"type":"Feature","geometry":{"type":"Point","coordinates":[-44.901565,-19.765225]},"properties":{"kind":"FIXED","limit_kmh":60,"source":"OSM","active":true,"direction_deg":null}},{"type":"Feature","geometry":{"type":"Point","coordinates":[-44.900906,-19.764382]},"properties":{"kind":"FIXED","limit_kmh":60,"source":"OSM","active":true,"direction_deg":null}},{"type":"Feature","geometry":{"type":"Point","coordinates":[-44.131574,-19.763485]},"properties":{"kind":"FIXED","limit_kmh":70,"source":"OSM","active":true,"direction_deg":null}},{"type":"Feature","geometry":{"type":"Point","coordinates":[-44.131742,-19.763055]},"properties":{"kind":"FIXED","limit_kmh":70,"source":"OSM","active":true,"direction_deg":null}},{"type":"Feature","geometry":{"type":"Point","coordinates":[-43.046235,-19.761185]},"properties":{"kind":"FIXED","limit_kmh":60,"source":"ANTT","active":true,"direction_deg":278}},{"type":"Feature","geometry":{"type":"Point","coordinates":[-43.035515,-19.760425]},"properties":{"kind":"FIXED","limit_kmh":60,"source":"ANTT","active":true,"direction_deg":52}},{"type":"Feature","geometry":{"type":"Point","coordinates":[-43.948429,-19.759951]},"properties":{"kind":"FIXED","limit_kmh":60,"source":"OSM","active":true,"direction_deg":null}},{"type":"Feature","geometry":{"type":"Point","coordinates":[-43.947835,-19.758197]},"properties":{"kind":"FIXED","limit_kmh":60,"source":"OSM","active":true,"direction_deg":null}},{"type":"Feature","geometry":{"type":"Point","coordinates":[-43.951509,-19.757345]},"properties":{"kind":"FIXED","limit_kmh":60,"source":"OSM","active":true,"direction_deg":null}},{"type":"Feature","geometry":{"type":"Point","coordinates":[-44.140808,-19.755429]},"properties":{"kind":"FIXED","limit_kmh":70,"source":"OSM","active":true,"direction_deg":null}},{"type":"Feature","geometry":{"type":"Point","coordinates":[-44.140625,-19.755366]},"properties":{"kind":"FIXED","limit_kmh":70,"source":"OSM","active":true,"direction_deg":null}},{"type":"Feature","geometry":{"type":"Point","coordinates":[-43.835636,-19.753414]},"properties":{"kind":"FIXED","limit_kmh":40,"source":"INMETRO","active":true,"direction_deg":null}},{"type":"Feature","geometry":{"type":"Point","coordinates":[-47.983104,-19.74795]},"properties":{"kind":"FIXED","limit_kmh":70,"source":"ANTT","active":true,"direction_deg":159}},{"type":"Feature","geometry":{"type":"Point","coordinates":[-43.901058,-19.746582]},"properties":{"kind":"FIXED","limit_kmh":50,"source":"INMETRO","active":true,"direction_deg":null}},{"type":"Feature","geometry":{"type":"Point","coordinates":[-47.983814,-19.746402]},"properties":{"kind":"FIXED","limit_kmh":70,"source":"ANTT","active":true,"direction_deg":344}},{"type":"Feature","geometry":{"type":"Point","coordinates":[-43.956029,-19.74482]},"properties":{"kind":"FIXED","limit_kmh":110,"source":"OSM","active":true,"direction_deg":null}},{"type":"Feature","geometry":{"type":"Point","coordinates":[-45.945974,-19.742495]},"properties":{"kind":"FIXED","limit_kmh":60,"source":"ANTT+OSM","active":true,"direction_deg":40}},{"type":"Feature","geometry":{"type":"Point","coordinates":[-43.955748,-19.741215]},"properties":{"kind":"FIXED","limit_kmh":110,"source":"OSM","active":true,"direction_deg":null}},{"type":"Feature","geometry":{"type":"Point","coordinates":[-46.008014,-19.738992]},"properties":{"kind":"FIXED","limit_kmh":60,"source":"ANTT+OSM","active":true,"direction_deg":null}},{"type":"Feature","geometry":{"type":"Point","coordinates":[-43.90483,-19.738787]},"properties":{"kind":"FIXED","limit_kmh":50,"source":"INMETRO","active":true,"direction_deg":null}},{"type":"Feature","geometry":{"type":"Point","coordinates":[-43.945973,-19.73634]},"properties":{"kind":"FIXED","limit_kmh":110,"source":"OSM","active":true,"direction_deg":null}},{"type":"Feature","geometry":{"type":"Point","coordinates":[-43.917969,-19.729549]},"properties":{"kind":"FIXED","limit_kmh":50,"source":"INMETRO","active":true,"direction_deg":null}},{"type":"Feature","geometry":{"type":"Point","coordinates":[-43.939647,-19.728631]},"properties":{"kind":"FIXED","limit_kmh":110,"source":"OSM","active":true,"direction_deg":null}},{"type":"Feature","geometry":{"type":"Point","coordinates":[-44.153431,-19.727977]},"properties":{"kind":"FIXED","limit_kmh":70,"source":"OSM","active":true,"direction_deg":null}},{"type":"Feature","geometry":{"type":"Point","coordinates":[-44.153327,-19.727806]},"properties":{"kind":"FIXED","limit_kmh":70,"source":"OSM","active":true,"direction_deg":null}},{"type":"Feature","geometry":{"type":"Point","coordinates":[-42.13283,-19.72671]},"properties":{"kind":"FIXED","limit_kmh":60,"source":"ANTT","active":true,"direction_deg":51}},{"type":"Feature","geometry":{"type":"Point","coordinates":[-42.132895,-19.7261]},"properties":{"kind":"FIXED","limit_kmh":60,"source":"ANTT","active":true,"direction_deg":227}},{"type":"Feature","geometry":{"type":"Point","coordinates":[-43.961527,-19.724192]},"properties":{"kind":"FIXED","limit_kmh":110,"source":"OSM","active":true,"direction_deg":null}},{"type":"Feature","geometry":{"type":"Point","coordinates":[-43.960031,-19.722527]},"properties":{"kind":"FIXED","limit_kmh":110,"source":"OSM","active":true,"direction_deg":null}},{"type":"Feature","geometry":{"type":"Point","coordinates":[-42.125001,-19.71237]},"properties":{"kind":"FIXED","limit_kmh":60,"source":"ANTT","active":true,"direction_deg":11}},{"type":"Feature","geometry":{"type":"Point","coordinates":[-43.000175,-19.70862]},"properties":{"kind":"FIXED","limit_kmh":60,"source":"ANTT","active":true,"direction_deg":203}},{"type":"Feature","geometry":{"type":"Point","coordinates":[-43.967635,-19.705035]},"properties":{"kind":"FIXED","limit_kmh":110,"source":"OSM","active":true,"direction_deg":null}},{"type":"Feature","geometry":{"type":"Point","coordinates":[-43.967442,-19.704956]},"properties":{"kind":"FIXED","limit_kmh":110,"source":"OSM","active":true,"direction_deg":null}},{"type":"Feature","geometry":{"type":"Point","coordinates":[-44.173638,-19.700948]},"properties":{"kind":"FIXED","limit_kmh":70,"source":"OSM","active":true,"direction_deg":null}},{"type":"Feature","geometry":{"type":"Point","coordinates":[-43.914121,-19.700471]},"properties":{"kind":"FIXED","limit_kmh":110,"source":"OSM","active":true,"direction_deg":null}},{"type":"Feature","geometry":{"type":"Point","coordinates":[-44.174427,-19.700366]},"properties":{"kind":"FIXED","limit_kmh":70,"source":"OSM","active":true,"direction_deg":null}},{"type":"Feature","geometry":{"type":"Point","coordinates":[-44.178926,-19.691002]},"properties":{"kind":"FIXED","limit_kmh":70,"source":"OSM","active":true,"direction_deg":null}},{"type":"Feature","geometry":{"type":"Point","coordinates":[-44.1793,-19.690423]},"properties":{"kind":"FIXED","limit_kmh":70,"source":"OSM","active":true,"direction_deg":null}},{"type":"Feature","geometry":{"type":"Point","coordinates":[-44.89542,-19.687518]},"properties":{"kind":"FIXED","limit_kmh":40,"source":"DNIT+OSM","active":true,"direction_deg":null}},{"type":"Feature","geometry":{"type":"Point","coordinates":[-43.905158,-19.685184]},"properties":{"kind":"FIXED","limit_kmh":110,"source":"OSM","active":true,"direction_deg":null}},{"type":"Feature","geometry":{"type":"Point","coordinates":[-43.904326,-19.684048]},"properties":{"kind":"FIXED","limit_kmh":110,"source":"OSM","active":true,"direction_deg":null}},{"type":"Feature","geometry":{"type":"Point","coordinates":[-43.907613,-19.676829]},"properties":{"kind":"FIXED","limit_kmh":110,"source":"OSM","active":true,"direction_deg":null}},{"type":"Feature","geometry":{"type":"Point","coordinates":[-42.97455,-19.674494]},"properties":{"kind":"FIXED","limit_kmh":60,"source":"ANTT","active":true,"direction_deg":220}},{"type":"Feature","geometry":{"type":"Point","coordinates":[-46.147067,-19.666972]},"properties":{"kind":"FIXED","limit_kmh":60,"source":"OSM","active":true,"direction_deg":null}},{"type":"Feature","geometry":{"type":"Point","coordinates":[-46.164079,-19.666958]},"properties":{"kind":"FIXED","limit_kmh":60,"source":"ANTT","active":true,"direction_deg":null}},{"type":"Feature","geometry":{"type":"Point","coordinates":[-46.163639,-19.666821]},"properties":{"kind":"FIXED","limit_kmh":60,"source":"OSM","active":true,"direction_deg":null}},{"type":"Feature","geometry":{"type":"Point","coordinates":[-43.934716,-19.662176]},"properties":{"kind":"FIXED","limit_kmh":110,"source":"OSM","active":true,"direction_deg":null}},{"type":"Feature","geometry":{"type":"Point","coordinates":[-46.118985,-19.661938]},"properties":{"kind":"FIXED","limit_kmh":60,"source":"OSM","active":true,"direction_deg":null}},{"type":"Feature","geometry":{"type":"Point","coordinates":[-43.934435,-19.661935]},"properties":{"kind":"FIXED","limit_kmh":110,"source":"OSM","active":true,"direction_deg":null}},{"type":"Feature","geometry":{"type":"Point","coordinates":[-46.17711,-19.660266]},"properties":{"kind":"FIXED","limit_kmh":60,"source":"OSM","active":true,"direction_deg":null}},{"type":"Feature","geometry":{"type":"Point","coordinates":[-46.130849,-19.658458]},"properties":{"kind":"FIXED","limit_kmh":60,"source":"OSM","active":true,"direction_deg":null}},{"type":"Feature","geometry":{"type":"Point","coordinates":[-46.184584,-19.653601]},"properties":{"kind":"FIXED","limit_kmh":60,"source":"ANTT","active":true,"direction_deg":69}},{"type":"Feature","geometry":{"type":"Point","coordinates":[-42.820096,-19.640847]},"properties":{"kind":"FIXED","limit_kmh":60,"source":"ANTT","active":true,"direction_deg":124}},{"type":"Feature","geometry":{"type":"Point","coordinates":[-46.93354,-19.633675]},"properties":{"kind":"FIXED","limit_kmh":60,"source":"OSM","active":true,"direction_deg":null}},{"type":"Feature","geometry":{"type":"Point","coordinates":[-42.876565,-19.630782]},"properties":{"kind":"FIXED","limit_kmh":60,"source":"ANTT","active":true,"direction_deg":100}},{"type":"Feature","geometry":{"type":"Point","coordinates":[-42.106262,-19.628317]},"properties":{"kind":"FIXED","limit_kmh":50,"source":"ANTT","active":true,"direction_deg":7}},{"type":"Feature","geometry":{"type":"Point","coordinates":[-42.106406,-19.628302]},"properties":{"kind":"FIXED","limit_kmh":50,"source":"ANTT","active":true,"direction_deg":187}},{"type":"Feature","geometry":{"type":"Point","coordinates":[-44.039469,-19.613883]},"properties":{"kind":"FIXED","limit_kmh":60,"source":"OSM","active":true,"direction_deg":null}},{"type":"Feature","geometry":{"type":"Point","coordinates":[-44.039387,-19.612534]},"properties":{"kind":"FIXED","limit_kmh":60,"source":"OSM","active":true,"direction_deg":null}},{"type":"Feature","geometry":{"type":"Point","coordinates":[-46.940003,-19.608363]},"properties":{"kind":"FIXED","limit_kmh":50,"source":"OSM","active":true,"direction_deg":null}},{"type":"Feature","geometry":{"type":"Point","coordinates":[-46.940109,-19.608351]},"properties":{"kind":"FIXED","limit_kmh":50,"source":"OSM","active":true,"direction_deg":null}},{"type":"Feature","geometry":{"type":"Point","coordinates":[-46.936035,-19.606429]},"properties":{"kind":"FIXED","limit_kmh":50,"source":"INMETRO","active":true,"direction_deg":null}},{"type":"Feature","geometry":{"type":"Point","coordinates":[-46.931545,-19.604814]},"properties":{"kind":"FIXED","limit_kmh":50,"source":"INMETRO","active":true,"direction_deg":null}},{"type":"Feature","geometry":{"type":"Point","coordinates":[-46.937937,-19.599353]},"properties":{"kind":"FIXED","limit_kmh":40,"source":"OSM","active":true,"direction_deg":null}},{"type":"Feature","geometry":{"type":"Point","coordinates":[-44.046985,-19.599215]},"properties":{"kind":"FIXED","limit_kmh":60,"source":"OSM","active":true,"direction_deg":null}},{"type":"Feature","geometry":{"type":"Point","coordinates":[-44.048549,-19.598382]},"properties":{"kind":"FIXED","limit_kmh":60,"source":"OSM","active":true,"direction_deg":null}},{"type":"Feature","geometry":{"type":"Point","coordinates":[-46.951364,-19.597291]},"properties":{"kind":"FIXED","limit_kmh":50,"source":"INMETRO","active":true,"direction_deg":null}},{"type":"Feature","geometry":{"type":"Point","coordinates":[-46.946151,-19.592627]},"properties":{"kind":"FIXED","limit_kmh":50,"source":"INMETRO","active":true,"direction_deg":null}},{"type":"Feature","geometry":{"type":"Point","coordinates":[-46.94866,-19.592538]},"properties":{"kind":"FIXED","limit_kmh":50,"source":"INMETRO","active":true,"direction_deg":null}},{"type":"Feature","geometry":{"type":"Point","coordinates":[-46.945146,-19.588219]},"properties":{"kind":"FIXED","limit_kmh":40,"source":"INMETRO","active":true,"direction_deg":null}},{"type":"Feature","geometry":{"type":"Point","coordinates":[-46.943995,-19.584352]},"properties":{"kind":"FIXED","limit_kmh":null,"source":"OSM","active":true,"direction_deg":null}},{"type":"Feature","geometry":{"type":"Point","coordinates":[-46.9441,-19.584265]},"properties":{"kind":"FIXED","limit_kmh":null,"source":"OSM","active":true,"direction_deg":null}},{"type":"Feature","geometry":{"type":"Point","coordinates":[-46.939102,-19.583819]},"properties":{"kind":"FIXED","limit_kmh":50,"source":"INMETRO","active":true,"direction_deg":null}},{"type":"Feature","geometry":{"type":"Point","coordinates":[-46.926503,-19.582809]},"properties":{"kind":"FIXED","limit_kmh":60,"source":"OSM","active":true,"direction_deg":null}},{"type":"Feature","geometry":{"type":"Point","coordinates":[-46.925962,-19.582289]},"properties":{"kind":"FIXED","limit_kmh":60,"source":"OSM","active":true,"direction_deg":null}},{"type":"Feature","geometry":{"type":"Point","coordinates":[-45.307526,-19.581134]},"properties":{"kind":"FIXED","limit_kmh":null,"source":"OSM","active":true,"direction_deg":null}},{"type":"Feature","geometry":{"type":"Point","coordinates":[-42.710366,-19.560687]},"properties":{"kind":"FIXED","limit_kmh":50,"source":"OSM","active":true,"direction_deg":null}},{"type":"Feature","geometry":{"type":"Point","coordinates":[-42.123465,-19.558904]},"properties":{"kind":"FIXED","limit_kmh":50,"source":"ANTT","active":true,"direction_deg":168}},{"type":"Feature","geometry":{"type":"Point","coordinates":[-42.123319,-19.558872]},"properties":{"kind":"FIXED","limit_kmh":50,"source":"ANTT","active":true,"direction_deg":348}},{"type":"Feature","geometry":{"type":"Point","coordinates":[-42.08962,-19.557392]},"properties":{"kind":"FIXED","limit_kmh":null,"source":"OSM","active":true,"direction_deg":null}},{"type":"Feature","geometry":{"type":"Point","coordinates":[-42.107247,-19.557084]},"properties":{"kind":"FIXED","limit_kmh":null,"source":"OSM","active":true,"direction_deg":null}},{"type":"Feature","geometry":{"type":"Point","coordinates":[-46.888642,-19.554654]},"properties":{"kind":"FIXED","limit_kmh":60,"source":"ANTT+OSM","active":true,"direction_deg":296}},{"type":"Feature","geometry":{"type":"Point","coordinates":[-42.026168,-19.550545]},"properties":{"kind":"FIXED","limit_kmh":null,"source":"OSM","active":true,"direction_deg":null}},{"type":"Feature","geometry":{"type":"Point","coordinates":[-42.031578,-19.547981]},"properties":{"kind":"FIXED","limit_kmh":null,"source":"OSM","active":true,"direction_deg":null}},{"type":"Feature","geometry":{"type":"Point","coordinates":[-42.042296,-19.547375]},"properties":{"kind":"FIXED","limit_kmh":null,"source":"OSM","active":true,"direction_deg":null}},{"type":"Feature","geometry":{"type":"Point","coordinates":[-44.655791,-19.542705]},"properties":{"kind":"FIXED","limit_kmh":60,"source":"OSM","active":true,"direction_deg":null}},{"type":"Feature","geometry":{"type":"Point","coordinates":[-42.126032,-19.540845]},"properties":{"kind":"FIXED","limit_kmh":50,"source":"ANTT","active":true,"direction_deg":340}},{"type":"Feature","geometry":{"type":"Point","coordinates":[-42.572602,-19.508783]},"properties":{"kind":"FIXED","limit_kmh":60,"source":"ANTT","active":true,"direction_deg":221}},{"type":"Feature","geometry":{"type":"Point","coordinates":[-42.568929,-19.504893]},"properties":{"kind":"FIXED","limit_kmh":60,"source":"ANTT","active":true,"direction_deg":33}},{"type":"Feature","geometry":{"type":"Point","coordinates":[-41.0629,-19.49963]},"properties":{"kind":"FIXED","limit_kmh":50,"source":"DNIT+OSM","active":true,"direction_deg":null}},{"type":"Feature","geometry":{"type":"Point","coordinates":[-42.565218,-19.497348]},"properties":{"kind":"FIXED","limit_kmh":60,"source":"ANTT","active":true,"direction_deg":null}},{"type":"Feature","geometry":{"type":"Point","coordinates":[-44.23849,-19.493143]},"properties":{"kind":"FIXED","limit_kmh":60,"source":"OSM","active":true,"direction_deg":null}},{"type":"Feature","geometry":{"type":"Point","coordinates":[-44.302699,-19.493043]},"properties":{"kind":"FIXED","limit_kmh":60,"source":"OSM","active":true,"direction_deg":null}},{"type":"Feature","geometry":{"type":"Point","coordinates":[-44.30635,-19.492726]},"properties":{"kind":"FIXED","limit_kmh":60,"source":"OSM","active":true,"direction_deg":null}},{"type":"Feature","geometry":{"type":"Point","coordinates":[-44.277706,-19.490318]},"properties":{"kind":"FIXED","limit_kmh":60,"source":"OSM","active":true,"direction_deg":null}},{"type":"Feature","geometry":{"type":"Point","coordinates":[-42.561705,-19.489956]},"properties":{"kind":"FIXED","limit_kmh":60,"source":"ANTT","active":true,"direction_deg":221}},{"type":"Feature","geometry":{"type":"Point","coordinates":[-44.277105,-19.489953]},"properties":{"kind":"FIXED","limit_kmh":60,"source":"INMETRO+OSM","active":true,"direction_deg":null}},{"type":"Feature","geometry":{"type":"Point","coordinates":[-44.27523,-19.48802]},"properties":{"kind":"FIXED","limit_kmh":60,"source":"OSM","active":true,"direction_deg":null}},{"type":"Feature","geometry":{"type":"Point","coordinates":[-44.275305,-19.48797]},"properties":{"kind":"FIXED","limit_kmh":60,"source":"INMETRO+OSM","active":true,"direction_deg":null}},{"type":"Feature","geometry":{"type":"Point","coordinates":[-44.280445,-19.486664]},"properties":{"kind":"FIXED","limit_kmh":null,"source":"OSM","active":true,"direction_deg":null}},{"type":"Feature","geometry":{"type":"Point","coordinates":[-44.273897,-19.486556]},"properties":{"kind":"FIXED","limit_kmh":60,"source":"OSM","active":true,"direction_deg":null}},{"type":"Feature","geometry":{"type":"Point","coordinates":[-42.555316,-19.485776]},"properties":{"kind":"FIXED","limit_kmh":60,"source":"ANTT","active":true,"direction_deg":39}},{"type":"Feature","geometry":{"type":"Point","coordinates":[-44.263362,-19.48365]},"properties":{"kind":"FIXED","limit_kmh":60,"source":"OSM","active":true,"direction_deg":null}},{"type":"Feature","geometry":{"type":"Point","coordinates":[-44.236175,-19.482754]},"properties":{"kind":"FIXED","limit_kmh":60,"source":"INMETRO+OSM","active":true,"direction_deg":null}},{"type":"Feature","geometry":{"type":"Point","coordinates":[-42.54506,-19.480511]},"properties":{"kind":"FIXED","limit_kmh":60,"source":"ANTT","active":true,"direction_deg":29}},{"type":"Feature","geometry":{"type":"Point","coordinates":[-42.527643,-19.48018]},"properties":{"kind":"FIXED","limit_kmh":40,"source":"DNIT","active":true,"direction_deg":287}},{"type":"Feature","geometry":{"type":"Point","coordinates":[-44.267576,-19.480139]},"properties":{"kind":"FIXED","limit_kmh":60,"source":"INMETRO+OSM","active":true,"direction_deg":null}},{"type":"Feature","geometry":{"type":"Point","coordinates":[-44.223613,-19.479305]},"properties":{"kind":"FIXED","limit_kmh":60,"source":"INMETRO","active":true,"direction_deg":null}},{"type":"Feature","geometry":{"type":"Point","coordinates":[-44.287614,-19.476449]},"properties":{"kind":"FIXED","limit_kmh":40,"source":"OSM","active":true,"direction_deg":null}},{"type":"Feature","geometry":{"type":"Point","coordinates":[-44.262586,-19.475188]},"properties":{"kind":"FIXED","limit_kmh":60,"source":"INMETRO+OSM","active":true,"direction_deg":null}},{"type":"Feature","geometry":{"type":"Point","coordinates":[-44.291037,-19.474749]},"properties":{"kind":"FIXED","limit_kmh":null,"source":"OSM","active":true,"direction_deg":null}},{"type":"Feature","geometry":{"type":"Point","coordinates":[-44.25682,-19.47324]},"properties":{"kind":"FIXED","limit_kmh":60,"source":"INMETRO","active":true,"direction_deg":null}},{"type":"Feature","geometry":{"type":"Point","coordinates":[-42.551127,-19.47324]},"properties":{"kind":"FIXED","limit_kmh":50,"source":"INMETRO","active":true,"direction_deg":null}},{"type":"Feature","geometry":{"type":"Point","coordinates":[-42.552072,-19.472485]},"properties":{"kind":"FIXED","limit_kmh":50,"source":"INMETRO","active":true,"direction_deg":null}},{"type":"Feature","geometry":{"type":"Point","coordinates":[-42.530625,-19.470905]},"properties":{"kind":"FIXED","limit_kmh":50,"source":"INMETRO","active":true,"direction_deg":null}},{"type":"Feature","geometry":{"type":"Point","coordinates":[-44.218799,-19.468427]},"properties":{"kind":"FIXED","limit_kmh":60,"source":"INMETRO+OSM","active":true,"direction_deg":null}},{"type":"Feature","geometry":{"type":"Point","coordinates":[-44.225895,-19.468256]},"properties":{"kind":"FIXED","limit_kmh":60,"source":"INMETRO+OSM","active":true,"direction_deg":null}},{"type":"Feature","geometry":{"type":"Point","coordinates":[-44.220666,-19.46824]},"properties":{"kind":"FIXED","limit_kmh":60,"source":"INMETRO+OSM","active":true,"direction_deg":null}},{"type":"Feature","geometry":{"type":"Point","coordinates":[-44.226692,-19.468046]},"properties":{"kind":"FIXED","limit_kmh":60,"source":"INMETRO+OSM","active":true,"direction_deg":null}},{"type":"Feature","geometry":{"type":"Point","coordinates":[-44.239826,-19.466584]},"properties":{"kind":"FIXED","limit_kmh":60,"source":"INMETRO","active":true,"direction_deg":null}},{"type":"Feature","geometry":{"type":"Point","coordinates":[-42.533932,-19.465521]},"properties":{"kind":"FIXED","limit_kmh":50,"source":"INMETRO","active":true,"direction_deg":null}},{"type":"Feature","geometry":{"type":"Point","coordinates":[-42.560906,-19.463362]},"properties":{"kind":"FIXED","limit_kmh":50,"source":"INMETRO","active":true,"direction_deg":null}},{"type":"Feature","geometry":{"type":"Point","coordinates":[-44.242607,-19.459078]},"properties":{"kind":"FIXED","limit_kmh":40,"source":"INMETRO","active":true,"direction_deg":null}},{"type":"Feature","geometry":{"type":"Point","coordinates":[-44.242855,-19.454546]},"properties":{"kind":"FIXED","limit_kmh":40,"source":"INMETRO","active":true,"direction_deg":null}},{"type":"Feature","geometry":{"type":"Point","coordinates":[-42.52189,-19.4544]},"properties":{"kind":"FIXED","limit_kmh":50,"source":"ANTT+OSM","active":true,"direction_deg":null}},{"type":"Feature","geometry":{"type":"Point","coordinates":[-42.554313,-19.453704]},"properties":{"kind":"FIXED","limit_kmh":50,"source":"INMETRO","active":true,"direction_deg":null}},{"type":"Feature","geometry":{"type":"Point","coordinates":[-42.1292,-19.45284]},"properties":{"kind":"FIXED","limit_kmh":60,"source":"ANTT","active":true,"direction_deg":45}},{"type":"Feature","geometry":{"type":"Point","coordinates":[-42.128979,-19.452405]},"properties":{"kind":"FIXED","limit_kmh":60,"source":"ANTT","active":true,"direction_deg":230}},{"type":"Feature","geometry":{"type":"Point","coordinates":[-44.314805,-19.45199]},"properties":{"kind":"FIXED","limit_kmh":null,"source":"OSM","active":true,"direction_deg":null}},{"type":"Feature","geometry":{"type":"Point","coordinates":[-42.556109,-19.447105]},"properties":{"kind":"FIXED","limit_kmh":50,"source":"INMETRO","active":true,"direction_deg":null}},{"type":"Feature","geometry":{"type":"Point","coordinates":[-44.231359,-19.4467]},"properties":{"kind":"FIXED","limit_kmh":40,"source":"INMETRO","active":true,"direction_deg":null}},{"type":"Feature","geometry":{"type":"Point","coordinates":[-42.513058,-19.443576]},"properties":{"kind":"FIXED","limit_kmh":60,"source":"OSM","active":true,"direction_deg":null}},{"type":"Feature","geometry":{"type":"Point","coordinates":[-44.237657,-19.44289]},"properties":{"kind":"FIXED","limit_kmh":40,"source":"INMETRO","active":true,"direction_deg":null}},{"type":"Feature","geometry":{"type":"Point","coordinates":[-44.254416,-19.438088]},"properties":{"kind":"FIXED","limit_kmh":60,"source":"INMETRO+OSM","active":true,"direction_deg":null}},{"type":"Feature","geometry":{"type":"Point","coordinates":[-42.555698,-19.436628]},"properties":{"kind":"FIXED","limit_kmh":50,"source":"INMETRO","active":true,"direction_deg":null}},{"type":"Feature","geometry":{"type":"Point","coordinates":[-44.252596,-19.435016]},"properties":{"kind":"FIXED","limit_kmh":60,"source":"INMETRO","active":true,"direction_deg":null}},{"type":"Feature","geometry":{"type":"Point","coordinates":[-44.238721,-19.430995]},"properties":{"kind":"FIXED","limit_kmh":60,"source":"INMETRO+OSM","active":true,"direction_deg":null}},{"type":"Feature","geometry":{"type":"Point","coordinates":[-44.231299,-19.42739]},"properties":{"kind":"FIXED","limit_kmh":40,"source":"INMETRO","active":true,"direction_deg":null}},{"type":"Feature","geometry":{"type":"Point","coordinates":[-44.240056,-19.425789]},"properties":{"kind":"FIXED","limit_kmh":60,"source":"INMETRO+OSM","active":true,"direction_deg":null}},{"type":"Feature","geometry":{"type":"Point","coordinates":[-44.339028,-19.420795]},"properties":{"kind":"FIXED","limit_kmh":70,"source":"ANTT","active":true,"direction_deg":167}},{"type":"Feature","geometry":{"type":"Point","coordinates":[-44.339894,-19.414844]},"properties":{"kind":"FIXED","limit_kmh":70,"source":"ANTT+OSM","active":true,"direction_deg":205}},{"type":"Feature","geometry":{"type":"Point","coordinates":[-44.334615,-19.393933]},"properties":{"kind":"FIXED","limit_kmh":null,"source":"OSM","active":true,"direction_deg":null}},{"type":"Feature","geometry":{"type":"Point","coordinates":[-44.334908,-19.393211]},"properties":{"kind":"FIXED","limit_kmh":110,"source":"ANTT","active":true,"direction_deg":159}},{"type":"Feature","geometry":{"type":"Point","coordinates":[-41.223403,-19.390442]},"properties":{"kind":"FIXED","limit_kmh":50,"source":"DNIT","active":true,"direction_deg":null}},{"type":"Feature","geometry":{"type":"Point","coordinates":[-44.35215,-19.350457]},"properties":{"kind":"FIXED","limit_kmh":70,"source":"OSM","active":true,"direction_deg":null}},{"type":"Feature","geometry":{"type":"Point","coordinates":[-44.351975,-19.35037]},"properties":{"kind":"FIXED","limit_kmh":70,"source":"OSM","active":true,"direction_deg":null}},{"type":"Feature","geometry":{"type":"Point","coordinates":[-42.07341,-19.32262]},"properties":{"kind":"FIXED","limit_kmh":50,"source":"ANTT","active":true,"direction_deg":174}},{"type":"Feature","geometry":{"type":"Point","coordinates":[-41.222588,-19.302014]},"properties":{"kind":"FIXED","limit_kmh":50,"source":"DNIT","active":true,"direction_deg":null}},{"type":"Feature","geometry":{"type":"Point","coordinates":[-48.907783,-19.297275]},"properties":{"kind":"FIXED","limit_kmh":null,"source":"OSM","active":true,"direction_deg":null}},{"type":"Feature","geometry":{"type":"Point","coordinates":[-44.411992,-19.288513]},"properties":{"kind":"FIXED","limit_kmh":null,"source":"OSM","active":true,"direction_deg":null}},{"type":"Feature","geometry":{"type":"Point","coordinates":[-44.412519,-19.288367]},"properties":{"kind":"FIXED","limit_kmh":70,"source":"ANTT","active":true,"direction_deg":116}},{"type":"Feature","geometry":{"type":"Point","coordinates":[-42.451249,-19.246001]},"properties":{"kind":"FIXED","limit_kmh":40,"source":"OSM","active":true,"direction_deg":null}},{"type":"Feature","geometry":{"type":"Point","coordinates":[-42.452744,-19.245337]},"properties":{"kind":"FIXED","limit_kmh":40,"source":"OSM","active":true,"direction_deg":null}},{"type":"Feature","geometry":{"type":"Point","coordinates":[-44.94311,-19.236315]},"properties":{"kind":"FIXED","limit_kmh":60,"source":"OSM","active":true,"direction_deg":null}},{"type":"Feature","geometry":{"type":"Point","coordinates":[-44.943233,-19.236282]},"properties":{"kind":"FIXED","limit_kmh":60,"source":"OSM","active":true,"direction_deg":null}},{"type":"Feature","geometry":{"type":"Point","coordinates":[-46.234821,-19.216711]},"properties":{"kind":"FIXED","limit_kmh":60,"source":"OSM","active":true,"direction_deg":null}},{"type":"Feature","geometry":{"type":"Point","coordinates":[-42.30656,-19.214764]},"properties":{"kind":"FIXED","limit_kmh":60,"source":"ANTT","active":true,"direction_deg":180}},{"type":"Feature","geometry":{"type":"Point","coordinates":[-46.741374,-19.200058]},"properties":{"kind":"FIXED","limit_kmh":40,"source":"OSM","active":true,"direction_deg":null}},{"type":"Feature","geometry":{"type":"Point","coordinates":[-46.742299,-19.198504]},"properties":{"kind":"FIXED","limit_kmh":40,"source":"OSM","active":true,"direction_deg":null}},{"type":"Feature","geometry":{"type":"Point","coordinates":[-42.043659,-19.193822]},"properties":{"kind":"FIXED","limit_kmh":50,"source":"ANTT+OSM","active":true,"direction_deg":null}},{"type":"Feature","geometry":{"type":"Point","coordinates":[-44.72895,-19.184889]},"properties":{"kind":"FIXED","limit_kmh":60,"source":"OSM","active":true,"direction_deg":null}},{"type":"Feature","geometry":{"type":"Point","coordinates":[-44.725601,-19.184645]},"properties":{"kind":"FIXED","limit_kmh":60,"source":"OSM","active":true,"direction_deg":null}},{"type":"Feature","geometry":{"type":"Point","coordinates":[-47.684417,-19.171458]},"properties":{"kind":"FIXED","limit_kmh":60,"source":"OSM","active":true,"direction_deg":null}},{"type":"Feature","geometry":{"type":"Point","coordinates":[-46.670957,-19.16288]},"properties":{"kind":"FIXED","limit_kmh":40,"source":"OSM","active":true,"direction_deg":null}},{"type":"Feature","geometry":{"type":"Point","coordinates":[-46.668865,-19.160114]},"properties":{"kind":"FIXED","limit_kmh":40,"source":"OSM","active":true,"direction_deg":null}},{"type":"Feature","geometry":{"type":"Point","coordinates":[-44.52819,-19.157647]},"properties":{"kind":"FIXED","limit_kmh":null,"source":"OSM","active":true,"direction_deg":null}},{"type":"Feature","geometry":{"type":"Point","coordinates":[-44.531914,-19.152692]},"properties":{"kind":"FIXED","limit_kmh":null,"source":"OSM","active":true,"direction_deg":null}},{"type":"Feature","geometry":{"type":"Point","coordinates":[-44.615769,-19.137708]},"properties":{"kind":"FIXED","limit_kmh":60,"source":"ANTT","active":true,"direction_deg":318}},{"type":"Feature","geometry":{"type":"Point","coordinates":[-44.617694,-19.136239]},"properties":{"kind":"FIXED","limit_kmh":60,"source":"ANTT","active":true,"direction_deg":131}},{"type":"Feature","geometry":{"type":"Point","coordinates":[-42.21331,-19.133505]},"properties":{"kind":"FIXED","limit_kmh":60,"source":"ANTT","active":true,"direction_deg":177}},{"type":"Feature","geometry":{"type":"Point","coordinates":[-44.544715,-19.089846]},"properties":{"kind":"FIXED","limit_kmh":null,"source":"OSM","active":true,"direction_deg":null}},{"type":"Feature","geometry":{"type":"Point","coordinates":[-44.541994,-19.082671]},"properties":{"kind":"FIXED","limit_kmh":60,"source":"OSM","active":true,"direction_deg":null}},{"type":"Feature","geometry":{"type":"Point","coordinates":[-44.539505,-19.080475]},"properties":{"kind":"FIXED","limit_kmh":null,"source":"OSM","active":true,"direction_deg":null}},{"type":"Feature","geometry":{"type":"Point","coordinates":[-42.175607,-19.070638]},"properties":{"kind":"FIXED","limit_kmh":60,"source":"ANTT","active":true,"direction_deg":null}},{"type":"Feature","geometry":{"type":"Point","coordinates":[-42.546246,-19.070311]},"properties":{"kind":"FIXED","limit_kmh":40,"source":"OSM","active":true,"direction_deg":null}},{"type":"Feature","geometry":{"type":"Point","coordinates":[-50.494352,-19.046004]},"properties":{"kind":"FIXED","limit_kmh":60,"source":"ANTT","active":true,"direction_deg":287}},{"type":"Feature","geometry":{"type":"Point","coordinates":[-49.011695,-19.025544]},"properties":{"kind":"FIXED","limit_kmh":null,"source":"OSM","active":true,"direction_deg":null}},{"type":"Feature","geometry":{"type":"Point","coordinates":[-48.462512,-19.012822]},"properties":{"kind":"FIXED","limit_kmh":60,"source":"OSM","active":true,"direction_deg":null}},{"type":"Feature","geometry":{"type":"Point","coordinates":[-48.454,-19.00805]},"properties":{"kind":"FIXED","limit_kmh":60,"source":"OSM","active":true,"direction_deg":null}},{"type":"Feature","geometry":{"type":"Point","coordinates":[-46.609585,-19.006551]},"properties":{"kind":"FIXED","limit_kmh":60,"source":"OSM","active":true,"direction_deg":null}},{"type":"Feature","geometry":{"type":"Point","coordinates":[-46.608985,-19.006538]},"properties":{"kind":"FIXED","limit_kmh":60,"source":"OSM","active":true,"direction_deg":null}},{"type":"Feature","geometry":{"type":"Point","coordinates":[-48.422117,-18.990026]},"properties":{"kind":"FIXED","limit_kmh":60,"source":"OSM","active":true,"direction_deg":null}},{"type":"Feature","geometry":{"type":"Point","coordinates":[-49.462386,-18.989916]},"properties":{"kind":"FIXED","limit_kmh":40,"source":"INMETRO","active":true,"direction_deg":null}},{"type":"Feature","geometry":{"type":"Point","coordinates":[-49.458393,-18.986797]},"properties":{"kind":"FIXED","limit_kmh":40,"source":"INMETRO","active":true,"direction_deg":null}},{"type":"Feature","geometry":{"type":"Point","coordinates":[-49.458376,-18.98616]},"properties":{"kind":"FIXED","limit_kmh":40,"source":"INMETRO","active":true,"direction_deg":null}},{"type":"Feature","geometry":{"type":"Point","coordinates":[-42.562746,-18.983677]},"properties":{"kind":"FIXED","limit_kmh":60,"source":"OSM","active":true,"direction_deg":null}},{"type":"Feature","geometry":{"type":"Point","coordinates":[-49.452818,-18.982439]},"properties":{"kind":"FIXED","limit_kmh":40,"source":"INMETRO","active":true,"direction_deg":null}},{"type":"Feature","geometry":{"type":"Point","coordinates":[-49.452079,-18.981323]},"properties":{"kind":"FIXED","limit_kmh":40,"source":"INMETRO+OSM","active":true,"direction_deg":null}},{"type":"Feature","geometry":{"type":"Point","coordinates":[-41.982789,-18.977159]},"properties":{"kind":"FIXED","limit_kmh":50,"source":"OSM","active":true,"direction_deg":null}},{"type":"Feature","geometry":{"type":"Point","coordinates":[-41.98254,-18.976962]},"properties":{"kind":"FIXED","limit_kmh":50,"source":"ANTT","active":true,"direction_deg":39}},{"type":"Feature","geometry":{"type":"Point","coordinates":[-41.98266,-18.97687]},"properties":{"kind":"FIXED","limit_kmh":50,"source":"ANTT","active":true,"direction_deg":219}},{"type":"Feature","geometry":{"type":"Point","coordinates":[-49.44953,-18.974042]},"properties":{"kind":"FIXED","limit_kmh":40,"source":"INMETRO","active":true,"direction_deg":null}},{"type":"Feature","geometry":{"type":"Point","coordinates":[-49.457494,-18.970825]},"properties":{"kind":"FIXED","limit_kmh":40,"source":"INMETRO","active":true,"direction_deg":null}},{"type":"Feature","geometry":{"type":"Point","coordinates":[-49.457265,-18.970276]},"properties":{"kind":"FIXED","limit_kmh":40,"source":"INMETRO","active":true,"direction_deg":null}},{"type":"Feature","geometry":{"type":"Point","coordinates":[-49.489298,-18.968638]},"properties":{"kind":"FIXED","limit_kmh":40,"source":"INMETRO","active":true,"direction_deg":null}},{"type":"Feature","geometry":{"type":"Point","coordinates":[-42.089717,-18.966388]},"properties":{"kind":"FIXED","limit_kmh":60,"source":"ANTT","active":true,"direction_deg":57}},{"type":"Feature","geometry":{"type":"Point","coordinates":[-42.085397,-18.966053]},"properties":{"kind":"FIXED","limit_kmh":80,"source":"ANTT","active":true,"direction_deg":null}},{"type":"Feature","geometry":{"type":"Point","coordinates":[-49.728001,-18.956561]},"properties":{"kind":"FIXED","limit_kmh":80,"source":"ANTT","active":true,"direction_deg":null}},{"type":"Feature","geometry":{"type":"Point","coordinates":[-42.075759,-18.95589]},"properties":{"kind":"FIXED","limit_kmh":60,"source":"ANTT","active":true,"direction_deg":217}},{"type":"Feature","geometry":{"type":"Point","coordinates":[-48.244815,-18.953081]},"properties":{"kind":"FIXED","limit_kmh":50,"source":"INMETRO+OSM","active":true,"direction_deg":null}},{"type":"Feature","geometry":{"type":"Point","coordinates":[-41.956907,-18.951785]},"properties":{"kind":"FIXED","limit_kmh":50,"source":"ANTT+OSM","active":true,"direction_deg":null}},{"type":"Feature","geometry":{"type":"Point","coordinates":[-49.45809,-18.950267]},"properties":{"kind":"FIXED","limit_kmh":50,"source":"OSM","active":true,"direction_deg":null}},{"type":"Feature","geometry":{"type":"Point","coordinates":[-48.283684,-18.949537]},"properties":{"kind":"FIXED","limit_kmh":60,"source":"INMETRO","active":true,"direction_deg":null}},{"type":"Feature","geometry":{"type":"Point","coordinates":[-49.459691,-18.947917]},"properties":{"kind":"FIXED","limit_kmh":60,"source":"OSM","active":true,"direction_deg":null}},{"type":"Feature","geometry":{"type":"Point","coordinates":[-48.267671,-18.947758]},"properties":{"kind":"FIXED","limit_kmh":50,"source":"OSM","active":true,"direction_deg":null}},{"type":"Feature","geometry":{"type":"Point","coordinates":[-49.455809,-18.945767]},"properties":{"kind":"FIXED","limit_kmh":60,"source":"OSM","active":true,"direction_deg":null}},{"type":"Feature","geometry":{"type":"Point","coordinates":[-49.452668,-18.94462]},"properties":{"kind":"FIXED","limit_kmh":60,"source":"OSM","active":true,"direction_deg":null}},{"type":"Feature","geometry":{"type":"Point","coordinates":[-49.026709,-18.941286]},"properties":{"kind":"FIXED","limit_kmh":null,"source":"OSM","active":true,"direction_deg":null}},{"type":"Feature","geometry":{"type":"Point","coordinates":[-48.279762,-18.939]},"properties":{"kind":"FIXED","limit_kmh":50,"source":"INMETRO","active":true,"direction_deg":null}},{"type":"Feature","geometry":{"type":"Point","coordinates":[-48.273707,-18.938434]},"properties":{"kind":"FIXED","limit_kmh":60,"source":"OSM","active":true,"direction_deg":null}},{"type":"Feature","geometry":{"type":"Point","coordinates":[-42.054177,-18.937606]},"properties":{"kind":"FIXED","limit_kmh":60,"source":"ANTT","active":true,"direction_deg":null}},{"type":"Feature","geometry":{"type":"Point","coordinates":[-48.282006,-18.937063]},"properties":{"kind":"FIXED","limit_kmh":50,"source":"OSM","active":true,"direction_deg":null}},{"type":"Feature","geometry":{"type":"Point","coordinates":[-48.281964,-18.93695]},"properties":{"kind":"FIXED","limit_kmh":50,"source":"OSM","active":true,"direction_deg":null}},{"type":"Feature","geometry":{"type":"Point","coordinates":[-48.296222,-18.93283]},"properties":{"kind":"FIXED","limit_kmh":40,"source":"INMETRO","active":true,"direction_deg":null}},{"type":"Feature","geometry":{"type":"Point","coordinates":[-48.301141,-18.929944]},"properties":{"kind":"FIXED","limit_kmh":40,"source":"INMETRO","active":true,"direction_deg":null}},{"type":"Feature","geometry":{"type":"Point","coordinates":[-48.298572,-18.9293]},"properties":{"kind":"FIXED","limit_kmh":60,"source":"INMETRO","active":true,"direction_deg":null}},{"type":"Feature","geometry":{"type":"Point","coordinates":[-48.243872,-18.929122]},"properties":{"kind":"FIXED","limit_kmh":60,"source":"INMETRO","active":true,"direction_deg":null}},{"type":"Feature","geometry":{"type":"Point","coordinates":[-48.270684,-18.92484]},"properties":{"kind":"FIXED","limit_kmh":50,"source":"INMETRO+OSM","active":true,"direction_deg":null}},{"type":"Feature","geometry":{"type":"Point","coordinates":[-48.273319,-18.924312]},"properties":{"kind":"FIXED","limit_kmh":40,"source":"INMETRO+OSM","active":true,"direction_deg":null}},{"type":"Feature","geometry":{"type":"Point","coordinates":[-48.272552,-18.923628]},"properties":{"kind":"FIXED","limit_kmh":50,"source":"OSM","active":true,"direction_deg":null}},{"type":"Feature","geometry":{"type":"Point","coordinates":[-42.030076,-18.92293]},"properties":{"kind":"FIXED","limit_kmh":60,"source":"ANTT","active":true,"direction_deg":null}},{"type":"Feature","geometry":{"type":"Point","coordinates":[-48.232445,-18.922764]},"properties":{"kind":"FIXED","limit_kmh":60,"source":"INMETRO+OSM","active":true,"direction_deg":null}},{"type":"Feature","geometry":{"type":"Point","coordinates":[-42.016186,-18.921477]},"properties":{"kind":"FIXED","limit_kmh":80,"source":"ANTT","active":true,"direction_deg":null}},{"type":"Feature","geometry":{"type":"Point","coordinates":[-48.279718,-18.918858]},"properties":{"kind":"FIXED","limit_kmh":40,"source":"INMETRO","active":true,"direction_deg":null}},{"type":"Feature","geometry":{"type":"Point","coordinates":[-48.261085,-18.918258]},"properties":{"kind":"FIXED","limit_kmh":60,"source":"OSM","active":true,"direction_deg":null}},{"type":"Feature","geometry":{"type":"Point","coordinates":[-48.299101,-18.916149]},"properties":{"kind":"FIXED","limit_kmh":60,"source":"OSM","active":true,"direction_deg":null}},{"type":"Feature","geometry":{"type":"Point","coordinates":[-48.313234,-18.915513]},"properties":{"kind":"FIXED","limit_kmh":60,"source":"INMETRO","active":true,"direction_deg":null}},{"type":"Feature","geometry":{"type":"Point","coordinates":[-48.293614,-18.914764]},"properties":{"kind":"RED_LIGHT","limit_kmh":null,"source":"OSM","active":true,"direction_deg":null}},{"type":"Feature","geometry":{"type":"Point","coordinates":[-48.237465,-18.914283]},"properties":{"kind":"FIXED","limit_kmh":60,"source":"OSM","active":true,"direction_deg":null}},{"type":"Feature","geometry":{"type":"Point","coordinates":[-48.237352,-18.914198]},"properties":{"kind":"FIXED","limit_kmh":60,"source":"OSM","active":true,"direction_deg":null}},{"type":"Feature","geometry":{"type":"Point","coordinates":[-48.261949,-18.913981]},"properties":{"kind":"FIXED","limit_kmh":60,"source":"INMETRO+OSM","active":true,"direction_deg":null}},{"type":"Feature","geometry":{"type":"Point","coordinates":[-42.007053,-18.913153]},"properties":{"kind":"FIXED","limit_kmh":50,"source":"OSM","active":true,"direction_deg":null}},{"type":"Feature","geometry":{"type":"Point","coordinates":[-48.239998,-18.913014]},"properties":{"kind":"FIXED","limit_kmh":null,"source":"OSM","active":true,"direction_deg":null}},{"type":"Feature","geometry":{"type":"Point","coordinates":[-48.239926,-18.912892]},"properties":{"kind":"FIXED","limit_kmh":60,"source":"OSM","active":true,"direction_deg":null}},{"type":"Feature","geometry":{"type":"Point","coordinates":[-48.224889,-18.912731]},"properties":{"kind":"FIXED","limit_kmh":60,"source":"OSM","active":true,"direction_deg":null}},{"type":"Feature","geometry":{"type":"Point","coordinates":[-48.302388,-18.912576]},"properties":{"kind":"FIXED","limit_kmh":60,"source":"INMETRO","active":true,"direction_deg":null}},{"type":"Feature","geometry":{"type":"Point","coordinates":[-49.37036,-18.912353]},"properties":{"kind":"FIXED","limit_kmh":80,"source":"ANTT","active":true,"direction_deg":null}},{"type":"Feature","geometry":{"type":"Point","coordinates":[-48.256779,-18.911479]},"properties":{"kind":"FIXED","limit_kmh":40,"source":"INMETRO+OSM","active":true,"direction_deg":null}},{"type":"Feature","geometry":{"type":"Point","coordinates":[-49.361912,-18.911026]},"properties":{"kind":"FIXED","limit_kmh":80,"source":"ANTT","active":true,"direction_deg":null}},{"type":"Feature","geometry":{"type":"Point","coordinates":[-48.248181,-18.910006]},"properties":{"kind":"FIXED","limit_kmh":40,"source":"INMETRO+OSM","active":true,"direction_deg":null}},{"type":"Feature","geometry":{"type":"Point","coordinates":[-48.249842,-18.909973]},"properties":{"kind":"FIXED","limit_kmh":40,"source":"INMETRO","active":true,"direction_deg":null}},{"type":"Feature","geometry":{"type":"Point","coordinates":[-48.220983,-18.909799]},"properties":{"kind":"FIXED","limit_kmh":60,"source":"OSM","active":true,"direction_deg":null}},{"type":"Feature","geometry":{"type":"Point","coordinates":[-48.248205,-18.909706]},"properties":{"kind":"FIXED","limit_kmh":40,"source":"OSM","active":true,"direction_deg":null}},{"type":"Feature","geometry":{"type":"Point","coordinates":[-48.308052,-18.909644]},"properties":{"kind":"FIXED","limit_kmh":60,"source":"OSM","active":true,"direction_deg":null}},{"type":"Feature","geometry":{"type":"Point","coordinates":[-48.270284,-18.908165]},"properties":{"kind":"FIXED","limit_kmh":50,"source":"OSM","active":true,"direction_deg":null}},{"type":"Feature","geometry":{"type":"Point","coordinates":[-48.288351,-18.907866]},"properties":{"kind":"FIXED","limit_kmh":50,"source":"INMETRO","active":true,"direction_deg":null}},{"type":"Feature","geometry":{"type":"Point","coordinates":[-48.317383,-18.90678]},"properties":{"kind":"FIXED","limit_kmh":40,"source":"OSM","active":true,"direction_deg":null}},{"type":"Feature","geometry":{"type":"Point","coordinates":[-48.332917,-18.906409]},"properties":{"kind":"FIXED","limit_kmh":80,"source":"ANTT","active":true,"direction_deg":267}},{"type":"Feature","geometry":{"type":"Point","coordinates":[-48.266923,-18.906236]},"properties":{"kind":"FIXED","limit_kmh":50,"source":"OSM","active":true,"direction_deg":null}},{"type":"Feature","geometry":{"type":"Point","coordinates":[-48.321938,-18.905839]},"properties":{"kind":"FIXED","limit_kmh":40,"source":"OSM","active":true,"direction_deg":null}},{"type":"Feature","geometry":{"type":"Point","coordinates":[-48.293192,-18.905023]},"properties":{"kind":"SECTION","limit_kmh":60,"source":"OSM","active":true,"end":[-48.292754,-18.904985],"direction_deg":null}},{"type":"Feature","geometry":{"type":"Point","coordinates":[-48.292434,-18.904885]},"properties":{"kind":"FIXED","limit_kmh":60,"source":"OSM","active":true,"direction_deg":null}},{"type":"Feature","geometry":{"type":"Point","coordinates":[-48.279289,-18.90441]},"properties":{"kind":"FIXED","limit_kmh":50,"source":"OSM","active":true,"direction_deg":null}},{"type":"Feature","geometry":{"type":"Point","coordinates":[-48.285579,-18.904363]},"properties":{"kind":"FIXED","limit_kmh":60,"source":"OSM","active":true,"direction_deg":null}},{"type":"Feature","geometry":{"type":"Point","coordinates":[-48.296114,-18.904038]},"properties":{"kind":"FIXED","limit_kmh":50,"source":"INMETRO","active":true,"direction_deg":null}},{"type":"Feature","geometry":{"type":"Point","coordinates":[-48.34073,-18.904031]},"properties":{"kind":"FIXED","limit_kmh":80,"source":"ANTT","active":true,"direction_deg":112}},{"type":"Feature","geometry":{"type":"Point","coordinates":[-48.283346,-18.903917]},"properties":{"kind":"FIXED","limit_kmh":null,"source":"OSM","active":true,"direction_deg":null}},{"type":"Feature","geometry":{"type":"Point","coordinates":[-48.282081,-18.903581]},"properties":{"kind":"FIXED","limit_kmh":null,"source":"OSM","active":true,"direction_deg":null}},{"type":"Feature","geometry":{"type":"Point","coordinates":[-48.224727,-18.902962]},"properties":{"kind":"FIXED","limit_kmh":null,"source":"OSM","active":true,"direction_deg":null}},{"type":"Feature","geometry":{"type":"Point","coordinates":[-48.348641,-18.902283]},"properties":{"kind":"FIXED","limit_kmh":null,"source":"OSM","active":true,"direction_deg":null}},{"type":"Feature","geometry":{"type":"Point","coordinates":[-41.944369,-18.902136]},"properties":{"kind":"FIXED","limit_kmh":50,"source":"ANTT+OSM","active":true,"direction_deg":null}},{"type":"Feature","geometry":{"type":"Point","coordinates":[-48.356681,-18.901461]},"properties":{"kind":"FIXED","limit_kmh":80,"source":"ANTT+OSM","active":true,"direction_deg":103}},{"type":"Feature","geometry":{"type":"Point","coordinates":[-48.36198,-18.900505]},"properties":{"kind":"FIXED","limit_kmh":110,"source":"ANTT","active":true,"direction_deg":278}},{"type":"Feature","geometry":{"type":"Point","coordinates":[-48.285408,-18.899123]},"properties":{"kind":"FIXED","limit_kmh":50,"source":"INMETRO","active":true,"direction_deg":null}},{"type":"Feature","geometry":{"type":"Point","coordinates":[-48.328894,-18.897798]},"properties":{"kind":"FIXED","limit_kmh":50,"source":"INMETRO","active":true,"direction_deg":null}},{"type":"Feature","geometry":{"type":"Point","coordinates":[-48.269581,-18.897344]},"properties":{"kind":"RED_LIGHT","limit_kmh":null,"source":"OSM","active":true,"direction_deg":null}},{"type":"Feature","geometry":{"type":"Point","coordinates":[-49.24531,-18.894586]},"properties":{"kind":"FIXED","limit_kmh":80,"source":"ANTT","active":true,"direction_deg":null}},{"type":"Feature","geometry":{"type":"Point","coordinates":[-41.979766,-18.894583]},"properties":{"kind":"FIXED","limit_kmh":50,"source":"OSM","active":true,"direction_deg":null}},{"type":"Feature","geometry":{"type":"Point","coordinates":[-41.947544,-18.893984]},"properties":{"kind":"FIXED","limit_kmh":30,"source":"OSM","active":true,"direction_deg":null}},{"type":"Feature","geometry":{"type":"Point","coordinates":[-48.414784,-18.893152]},"properties":{"kind":"FIXED","limit_kmh":110,"source":"OSM","active":true,"direction_deg":null}},{"type":"Feature","geometry":{"type":"Point","coordinates":[-48.25403,-18.89203]},"properties":{"kind":"FIXED","limit_kmh":null,"source":"DNIT","active":true,"direction_deg":122}},{"type":"Feature","geometry":{"type":"Point","coordinates":[-48.4244,-18.891811]},"properties":{"kind":"FIXED","limit_kmh":110,"source":"ANTT","active":true,"direction_deg":99}},{"type":"Feature","geometry":{"type":"Point","coordinates":[-41.946506,-18.89054]},"properties":{"kind":"FIXED","limit_kmh":30,"source":"ANTT","active":true,"direction_deg":null}},{"type":"Feature","geometry":{"type":"Point","coordinates":[-41.946331,-18.889607]},"properties":{"kind":"FIXED","limit_kmh":30,"source":"OSM","active":true,"direction_deg":null}},{"type":"Feature","geometry":{"type":"Point","coordinates":[-48.444055,-18.889145]},"properties":{"kind":"FIXED","limit_kmh":110,"source":"ANTT","active":true,"direction_deg":99}},{"type":"Feature","geometry":{"type":"Point","coordinates":[-48.441237,-18.889142]},"properties":{"kind":"FIXED","limit_kmh":110,"source":"ANTT","active":true,"direction_deg":279}},{"type":"Feature","geometry":{"type":"Point","coordinates":[-42.00207,-18.88666]},"properties":{"kind":"FIXED","limit_kmh":80,"source":"ANTT","active":true,"direction_deg":null}},{"type":"Feature","geometry":{"type":"Point","coordinates":[-41.974095,-18.886614]},"properties":{"kind":"FIXED","limit_kmh":40,"source":"OSM","active":true,"direction_deg":null}},{"type":"Feature","geometry":{"type":"Point","coordinates":[-41.950437,-18.883745]},"properties":{"kind":"FIXED","limit_kmh":50,"source":"OSM","active":true,"direction_deg":null}},{"type":"Feature","geometry":{"type":"Point","coordinates":[-41.95967,-18.883418]},"properties":{"kind":"FIXED","limit_kmh":40,"source":"OSM","active":true,"direction_deg":null}},{"type":"Feature","geometry":{"type":"Point","coordinates":[-48.478578,-18.88326]},"properties":{"kind":"FIXED","limit_kmh":110,"source":"ANTT","active":true,"direction_deg":99}},{"type":"Feature","geometry":{"type":"Point","coordinates":[-41.966487,-18.882976]},"properties":{"kind":"FIXED","limit_kmh":60,"source":"OSM","active":true,"direction_deg":null}},{"type":"Feature","geometry":{"type":"Point","coordinates":[-41.958552,-18.881592]},"properties":{"kind":"FIXED","limit_kmh":50,"source":"ANTT+OSM","active":true,"direction_deg":120}},{"type":"Feature","geometry":{"type":"Point","coordinates":[-41.958267,-18.881504]},"properties":{"kind":"FIXED","limit_kmh":50,"source":"ANTT+OSM","active":true,"direction_deg":298}},{"type":"Feature","geometry":{"type":"Point","coordinates":[-48.290948,-18.881294]},"properties":{"kind":"FIXED","limit_kmh":60,"source":"INMETRO","active":true,"direction_deg":null}},{"type":"Feature","geometry":{"type":"Point","coordinates":[-41.96332,-18.880424]},"properties":{"kind":"FIXED","limit_kmh":60,"source":"OSM","active":true,"direction_deg":null}},{"type":"Feature","geometry":{"type":"Point","coordinates":[-49.096271,-18.879289]},"properties":{"kind":"FIXED","limit_kmh":80,"source":"ANTT","active":true,"direction_deg":89}},{"type":"Feature","geometry":{"type":"Point","coordinates":[-41.96273,-18.87752]},"properties":{"kind":"FIXED","limit_kmh":50,"source":"ANTT+OSM","active":true,"direction_deg":316}},{"type":"Feature","geometry":{"type":"Point","coordinates":[-48.880364,-18.876278]},"properties":{"kind":"FIXED","limit_kmh":80,"source":"ANTT","active":true,"direction_deg":273}},{"type":"Feature","geometry":{"type":"Point","coordinates":[-49.058328,-18.876051]},"properties":{"kind":"FIXED","limit_kmh":60,"source":"OSM","active":true,"direction_deg":null}},{"type":"Feature","geometry":{"type":"Point","coordinates":[-41.959283,-18.875886]},"properties":{"kind":"FIXED","limit_kmh":40,"source":"OSM","active":true,"direction_deg":null}},{"type":"Feature","geometry":{"type":"Point","coordinates":[-41.959202,-18.875769]},"properties":{"kind":"FIXED","limit_kmh":40,"source":"OSM","active":true,"direction_deg":null}},{"type":"Feature","geometry":{"type":"Point","coordinates":[-48.873571,-18.874653]},"properties":{"kind":"FIXED","limit_kmh":80,"source":"ANTT","active":true,"direction_deg":42}},{"type":"Feature","geometry":{"type":"Point","coordinates":[-48.598392,-18.871536]},"properties":{"kind":"FIXED","limit_kmh":110,"source":"ANTT+OSM","active":true,"direction_deg":220}},{"type":"Feature","geometry":{"type":"Point","coordinates":[-41.956772,-18.87094]},"properties":{"kind":"FIXED","limit_kmh":60,"source":"OSM","active":true,"direction_deg":null}},{"type":"Feature","geometry":{"type":"Point","coordinates":[-41.956543,-18.870404]},"properties":{"kind":"FIXED","limit_kmh":60,"source":"OSM","active":true,"direction_deg":null}},{"type":"Feature","geometry":{"type":"Point","coordinates":[-46.901687,-18.86992]},"properties":{"kind":"FIXED","limit_kmh":60,"source":"OSM","active":true,"direction_deg":null}},{"type":"Feature","geometry":{"type":"Point","coordinates":[-49.066858,-18.868351]},"properties":{"kind":"FIXED","limit_kmh":null,"source":"OSM","active":true,"direction_deg":null}},{"type":"Feature","geometry":{"type":"Point","coordinates":[-41.972672,-18.867078]},"properties":{"kind":"FIXED","limit_kmh":40,"source":"ANTT+OSM","active":true,"direction_deg":330}},{"type":"Feature","geometry":{"type":"Point","coordinates":[-41.973164,-18.867039]},"properties":{"kind":"FIXED","limit_kmh":40,"source":"ANTT+OSM","active":true,"direction_deg":151}},{"type":"Feature","geometry":{"type":"Point","coordinates":[-48.866696,-18.865178]},"properties":{"kind":"FIXED","limit_kmh":80,"source":"ANTT","active":true,"direction_deg":216}},{"type":"Feature","geometry":{"type":"Point","coordinates":[-41.974153,-18.861889]},"properties":{"kind":"FIXED","limit_kmh":40,"source":"OSM","active":true,"direction_deg":null}},{"type":"Feature","geometry":{"type":"Point","coordinates":[-41.974038,-18.861639]},"properties":{"kind":"FIXED","limit_kmh":40,"source":"ANTT","active":true,"direction_deg":352}},{"type":"Feature","geometry":{"type":"Point","coordinates":[-41.974572,-18.86135]},"properties":{"kind":"FIXED","limit_kmh":40,"source":"ANTT","active":true,"direction_deg":172}},{"type":"Feature","geometry":{"type":"Point","coordinates":[-41.947553,-18.861061]},"properties":{"kind":"FIXED","limit_kmh":40,"source":"OSM","active":true,"direction_deg":null}},{"type":"Feature","geometry":{"type":"Point","coordinates":[-41.974542,-18.86088]},"properties":{"kind":"FIXED","limit_kmh":40,"source":"OSM","active":true,"direction_deg":null}},{"type":"Feature","geometry":{"type":"Point","coordinates":[-41.9494,-18.86081]},"properties":{"kind":"FIXED","limit_kmh":50,"source":"OSM","active":true,"direction_deg":null}},{"type":"Feature","geometry":{"type":"Point","coordinates":[-41.945126,-18.855996]},"properties":{"kind":"FIXED","limit_kmh":50,"source":"OSM","active":true,"direction_deg":null}},{"type":"Feature","geometry":{"type":"Point","coordinates":[-41.975587,-18.855671]},"properties":{"kind":"FIXED","limit_kmh":50,"source":"ANTT","active":true,"direction_deg":336}},{"type":"Feature","geometry":{"type":"Point","coordinates":[-41.975951,-18.855386]},"properties":{"kind":"FIXED","limit_kmh":30,"source":"ANTT","active":true,"direction_deg":155}},{"type":"Feature","geometry":{"type":"Point","coordinates":[-41.975922,-18.855073]},"properties":{"kind":"FIXED","limit_kmh":50,"source":"OSM","active":true,"direction_deg":null}},{"type":"Feature","geometry":{"type":"Point","coordinates":[-41.976075,-18.855023]},"properties":{"kind":"FIXED","limit_kmh":30,"source":"OSM","active":true,"direction_deg":null}},{"type":"Feature","geometry":{"type":"Point","coordinates":[-41.957582,-18.854803]},"properties":{"kind":"FIXED","limit_kmh":40,"source":"OSM","active":true,"direction_deg":null}},{"type":"Feature","geometry":{"type":"Point","coordinates":[-41.953852,-18.854614]},"properties":{"kind":"FIXED","limit_kmh":50,"source":"OSM","active":true,"direction_deg":null}},{"type":"Feature","geometry":{"type":"Point","coordinates":[-41.955632,-18.853939]},"properties":{"kind":"FIXED","limit_kmh":40,"source":"OSM","active":true,"direction_deg":null}},{"type":"Feature","geometry":{"type":"Point","coordinates":[-41.968729,-18.853841]},"properties":{"kind":"FIXED","limit_kmh":40,"source":"OSM","active":true,"direction_deg":null}},{"type":"Feature","geometry":{"type":"Point","coordinates":[-41.945668,-18.851428]},"properties":{"kind":"FIXED","limit_kmh":40,"source":"OSM","active":true,"direction_deg":null}},{"type":"Feature","geometry":{"type":"Point","coordinates":[-41.945398,-18.851258]},"properties":{"kind":"FIXED","limit_kmh":40,"source":"OSM","active":true,"direction_deg":null}},{"type":"Feature","geometry":{"type":"Point","coordinates":[-48.827328,-18.849724]},"properties":{"kind":"FIXED","limit_kmh":110,"source":"ANTT","active":true,"direction_deg":85}},{"type":"Feature","geometry":{"type":"Point","coordinates":[-41.9507,-18.847616]},"properties":{"kind":"FIXED","limit_kmh":40,"source":"OSM","active":true,"direction_deg":null}},{"type":"Feature","geometry":{"type":"Point","coordinates":[-41.950888,-18.847536]},"properties":{"kind":"FIXED","limit_kmh":40,"source":"OSM","active":true,"direction_deg":null}},{"type":"Feature","geometry":{"type":"Point","coordinates":[-41.955309,-18.842056]},"properties":{"kind":"FIXED","limit_kmh":50,"source":"OSM","active":true,"direction_deg":null}},{"type":"Feature","geometry":{"type":"Point","coordinates":[-41.956007,-18.841819]},"properties":{"kind":"FIXED","limit_kmh":50,"source":"OSM","active":true,"direction_deg":null}},{"type":"Feature","geometry":{"type":"Point","coordinates":[-46.855355,-18.841516]},"properties":{"kind":"FIXED","limit_kmh":60,"source":"OSM","active":true,"direction_deg":null}},{"type":"Feature","geometry":{"type":"Point","coordinates":[-41.914318,-18.839204]},"properties":{"kind":"FIXED","limit_kmh":40,"source":"OSM","active":true,"direction_deg":null}},{"type":"Feature","geometry":{"type":"Point","coordinates":[-49.091561,-18.836711]},"properties":{"kind":"FIXED","limit_kmh":null,"source":"OSM","active":true,"direction_deg":null}},{"type":"Feature","geometry":{"type":"Point","coordinates":[-41.880332,-18.836017]},"properties":{"kind":"FIXED","limit_kmh":50,"source":"OSM","active":true,"direction_deg":null}},{"type":"Feature","geometry":{"type":"Point","coordinates":[-41.880124,-18.835992]},"properties":{"kind":"FIXED","limit_kmh":50,"source":"OSM","active":true,"direction_deg":null}},{"type":"Feature","geometry":{"type":"Point","coordinates":[-41.902115,-18.834551]},"properties":{"kind":"FIXED","limit_kmh":50,"source":"OSM","active":true,"direction_deg":null}},{"type":"Feature","geometry":{"type":"Point","coordinates":[-41.989281,-18.831915]},"properties":{"kind":"FIXED","limit_kmh":50,"source":"DNIT+OSM","active":true,"direction_deg":null}},{"type":"Feature","geometry":{"type":"Point","coordinates":[-42.655293,-18.811915]},"properties":{"kind":"FIXED","limit_kmh":null,"source":"OSM","active":true,"direction_deg":null}},{"type":"Feature","geometry":{"type":"Point","coordinates":[-49.081896,-18.784234]},"properties":{"kind":"FIXED","limit_kmh":80,"source":"OSM","active":true,"direction_deg":null}},{"type":"Feature","geometry":{"type":"Point","coordinates":[-48.236359,-18.781747]},"properties":{"kind":"FIXED","limit_kmh":60,"source":"ANTT","active":true,"direction_deg":276}},{"type":"Feature","geometry":{"type":"Point","coordinates":[-48.236263,-18.78167]},"properties":{"kind":"FIXED","limit_kmh":60,"source":"ANTT","active":true,"direction_deg":276}},{"type":"Feature","geometry":{"type":"Point","coordinates":[-40.960761,-18.776482]},"properties":{"kind":"FIXED","limit_kmh":60,"source":"OSM","active":true,"direction_deg":null}},{"type":"Feature","geometry":{"type":"Point","coordinates":[-48.239542,-18.775359]},"properties":{"kind":"FIXED","limit_kmh":null,"source":"OSM","active":true,"direction_deg":null}},{"type":"Feature","geometry":{"type":"Point","coordinates":[-48.245222,-18.768009]},"properties":{"kind":"FIXED","limit_kmh":60,"source":"ANTT","active":true,"direction_deg":199}},{"type":"Feature","geometry":{"type":"Point","coordinates":[-44.452936,-18.766489]},"properties":{"kind":"FIXED","limit_kmh":null,"source":"OSM","active":true,"direction_deg":null}},{"type":"Feature","geometry":{"type":"Point","coordinates":[-44.451845,-18.763162]},"properties":{"kind":"FIXED","limit_kmh":null,"source":"OSM","active":true,"direction_deg":null}},{"type":"Feature","geometry":{"type":"Point","coordinates":[-44.451018,-18.761574]},"properties":{"kind":"FIXED","limit_kmh":60,"source":"OSM","active":true,"direction_deg":null}},{"type":"Feature","geometry":{"type":"Point","coordinates":[-44.451252,-18.76154]},"properties":{"kind":"FIXED","limit_kmh":60,"source":"OSM","active":true,"direction_deg":null}},{"type":"Feature","geometry":{"type":"Point","coordinates":[-47.693419,-18.759593]},"properties":{"kind":"FIXED","limit_kmh":60,"source":"OSM","active":true,"direction_deg":null}},{"type":"Feature","geometry":{"type":"Point","coordinates":[-47.688707,-18.759427]},"properties":{"kind":"FIXED","limit_kmh":60,"source":"OSM","active":true,"direction_deg":null}},{"type":"Feature","geometry":{"type":"Point","coordinates":[-48.240763,-18.758371]},"properties":{"kind":"FIXED","limit_kmh":60,"source":"ANTT","active":true,"direction_deg":181}},{"type":"Feature","geometry":{"type":"Point","coordinates":[-44.391468,-18.740322]},"properties":{"kind":"FIXED","limit_kmh":60,"source":"OSM","active":true,"direction_deg":null}},{"type":"Feature","geometry":{"type":"Point","coordinates":[-41.989035,-18.724131]},"properties":{"kind":"FIXED","limit_kmh":60,"source":"OSM","active":true,"direction_deg":null}},{"type":"Feature","geometry":{"type":"Point","coordinates":[-41.989287,-18.723466]},"properties":{"kind":"FIXED","limit_kmh":60,"source":"DNIT","active":true,"direction_deg":null}},{"type":"Feature","geometry":{"type":"Point","coordinates":[-41.988749,-18.720497]},"properties":{"kind":"FIXED","limit_kmh":60,"source":"DNIT+OSM","active":true,"direction_deg":null}},{"type":"Feature","geometry":{"type":"Point","coordinates":[-49.57875,-18.686827]},"properties":{"kind":"FIXED","limit_kmh":40,"source":"OSM","active":true,"direction_deg":null}},{"type":"Feature","geometry":{"type":"Point","coordinates":[-49.564107,-18.682543]},"properties":{"kind":"FIXED","limit_kmh":40,"source":"OSM","active":true,"direction_deg":null}},{"type":"Feature","geometry":{"type":"Point","coordinates":[-46.478828,-18.671593]},"properties":{"kind":"FIXED","limit_kmh":60,"source":"DNIT","active":true,"direction_deg":11}},{"type":"Feature","geometry":{"type":"Point","coordinates":[-46.478812,-18.671237]},"properties":{"kind":"FIXED","limit_kmh":60,"source":"OSM","active":true,"direction_deg":null}},{"type":"Feature","geometry":{"type":"Point","coordinates":[-41.983561,-18.670254]},"properties":{"kind":"FIXED","limit_kmh":50,"source":"DNIT+OSM","active":true,"direction_deg":null}},{"type":"Feature","geometry":{"type":"Point","coordinates":[-44.199869,-18.669872]},"properties":{"kind":"FIXED","limit_kmh":60,"source":"OSM","active":true,"direction_deg":null}},{"type":"Feature","geometry":{"type":"Point","coordinates":[-46.47799,-18.66939]},"properties":{"kind":"FIXED","limit_kmh":60,"source":"DNIT+OSM","active":true,"direction_deg":209}},{"type":"Feature","geometry":{"type":"Point","coordinates":[-41.975544,-18.661746]},"properties":{"kind":"FIXED","limit_kmh":60,"source":"DNIT+OSM","active":true,"direction_deg":null}},{"type":"Feature","geometry":{"type":"Point","coordinates":[-48.203327,-18.660813]},"properties":{"kind":"FIXED","limit_kmh":40,"source":"INMETRO","active":true,"direction_deg":null}},{"type":"Feature","geometry":{"type":"Point","coordinates":[-48.186421,-18.659731]},"properties":{"kind":"FIXED","limit_kmh":40,"source":"INMETRO","active":true,"direction_deg":null}},{"type":"Feature","geometry":{"type":"Point","coordinates":[-44.06859,-18.652808]},"properties":{"kind":"FIXED","limit_kmh":60,"source":"OSM","active":true,"direction_deg":null}},{"type":"Feature","geometry":{"type":"Point","coordinates":[-48.21335,-18.652427]},"properties":{"kind":"FIXED","limit_kmh":40,"source":"INMETRO","active":true,"direction_deg":null}},{"type":"Feature","geometry":{"type":"Point","coordinates":[-46.505476,-18.64741]},"properties":{"kind":"FIXED","limit_kmh":60,"source":"OSM","active":true,"direction_deg":null}},{"type":"Feature","geometry":{"type":"Point","coordinates":[-48.180214,-18.640897]},"properties":{"kind":"FIXED","limit_kmh":40,"source":"INMETRO","active":true,"direction_deg":null}},{"type":"Feature","geometry":{"type":"Point","coordinates":[-46.49102,-18.638903]},"properties":{"kind":"FIXED","limit_kmh":null,"source":"OSM","active":true,"direction_deg":null}},{"type":"Feature","geometry":{"type":"Point","coordinates":[-46.488354,-18.635296]},"properties":{"kind":"FIXED","limit_kmh":60,"source":"OSM","active":true,"direction_deg":null}},{"type":"Feature","geometry":{"type":"Point","coordinates":[-46.488266,-18.635249]},"properties":{"kind":"FIXED","limit_kmh":60,"source":"OSM","active":true,"direction_deg":null}},{"type":"Feature","geometry":{"type":"Point","coordinates":[-46.471649,-18.626223]},"properties":{"kind":"FIXED","limit_kmh":60,"source":"OSM","active":true,"direction_deg":null}},{"type":"Feature","geometry":{"type":"Point","coordinates":[-46.499601,-18.624035]},"properties":{"kind":"FIXED","limit_kmh":60,"source":"INMETRO","active":true,"direction_deg":null}},{"type":"Feature","geometry":{"type":"Point","coordinates":[-46.502046,-18.622619]},"properties":{"kind":"FIXED","limit_kmh":60,"source":"OSM","active":true,"direction_deg":null}},{"type":"Feature","geometry":{"type":"Point","coordinates":[-46.501937,-18.622479]},"properties":{"kind":"FIXED","limit_kmh":60,"source":"INMETRO+OSM","active":true,"direction_deg":null}},{"type":"Feature","geometry":{"type":"Point","coordinates":[-48.682575,-18.617922]},"properties":{"kind":"FIXED","limit_kmh":50,"source":"OSM","active":true,"direction_deg":null}},{"type":"Feature","geometry":{"type":"Point","coordinates":[-48.682661,-18.617571]},"properties":{"kind":"FIXED","limit_kmh":50,"source":"OSM","active":true,"direction_deg":null}},{"type":"Feature","geometry":{"type":"Point","coordinates":[-46.512412,-18.614179]},"properties":{"kind":"FIXED","limit_kmh":null,"source":"OSM","active":true,"direction_deg":null}},{"type":"Feature","geometry":{"type":"Point","coordinates":[-46.512488,-18.614121]},"properties":{"kind":"FIXED","limit_kmh":60,"source":"OSM","active":true,"direction_deg":null}},{"type":"Feature","geometry":{"type":"Point","coordinates":[-43.443565,-18.612926]},"properties":{"kind":"FIXED","limit_kmh":60,"source":"OSM","active":true,"direction_deg":null}},{"type":"Feature","geometry":{"type":"Point","coordinates":[-46.471052,-18.608703]},"properties":{"kind":"FIXED","limit_kmh":60,"source":"OSM","active":true,"direction_deg":null}},{"type":"Feature","geometry":{"type":"Point","coordinates":[-46.470153,-18.607732]},"properties":{"kind":"FIXED","limit_kmh":60,"source":"OSM","active":true,"direction_deg":null}},{"type":"Feature","geometry":{"type":"Point","coordinates":[-46.515223,-18.606436]},"properties":{"kind":"FIXED","limit_kmh":50,"source":"INMETRO+OSM","active":true,"direction_deg":null}},{"type":"Feature","geometry":{"type":"Point","coordinates":[-46.515506,-18.604674]},"properties":{"kind":"FIXED","limit_kmh":40,"source":"INMETRO+OSM","active":true,"direction_deg":null}},{"type":"Feature","geometry":{"type":"Point","coordinates":[-49.191957,-18.604488]},"properties":{"kind":"FIXED","limit_kmh":null,"source":"OSM","active":true,"direction_deg":null}},{"type":"Feature","geometry":{"type":"Point","coordinates":[-49.192295,-18.600199]},"properties":{"kind":"FIXED","limit_kmh":60,"source":"OSM","active":true,"direction_deg":null}},{"type":"Feature","geometry":{"type":"Point","coordinates":[-43.969033,-18.595266]},"properties":{"kind":"FIXED","limit_kmh":60,"source":"OSM","active":true,"direction_deg":null}},{"type":"Feature","geometry":{"type":"Point","coordinates":[-43.959914,-18.593743]},"properties":{"kind":"FIXED","limit_kmh":60,"source":"OSM","active":true,"direction_deg":null}},{"type":"Feature","geometry":{"type":"Point","coordinates":[-46.494465,-18.586924]},"properties":{"kind":"FIXED","limit_kmh":60,"source":"INMETRO","active":true,"direction_deg":null}},{"type":"Feature","geometry":{"type":"Point","coordinates":[-41.922486,-18.580112]},"properties":{"kind":"FIXED","limit_kmh":50,"source":"DNIT","active":true,"direction_deg":null}},{"type":"Feature","geometry":{"type":"Point","coordinates":[-49.193857,-18.575473]},"properties":{"kind":"FIXED","limit_kmh":60,"source":"OSM","active":true,"direction_deg":null}},{"type":"Feature","geometry":{"type":"Point","coordinates":[-41.915747,-18.574999]},"properties":{"kind":"FIXED","limit_kmh":50,"source":"OSM","active":true,"direction_deg":null}},{"type":"Feature","geometry":{"type":"Point","coordinates":[-41.915428,-18.574838]},"properties":{"kind":"FIXED","limit_kmh":50,"source":"DNIT","active":true,"direction_deg":null}},{"type":"Feature","geometry":{"type":"Point","coordinates":[-46.464223,-18.571345]},"properties":{"kind":"FIXED","limit_kmh":60,"source":"OSM","active":true,"direction_deg":null}},{"type":"Feature","geometry":{"type":"Point","coordinates":[-46.494907,-18.571107]},"properties":{"kind":"FIXED","limit_kmh":60,"source":"OSM","active":true,"direction_deg":null}},{"type":"Feature","geometry":{"type":"Point","coordinates":[-46.510222,-18.571021]},"properties":{"kind":"FIXED","limit_kmh":60,"source":"INMETRO","active":true,"direction_deg":null}},{"type":"Feature","geometry":{"type":"Point","coordinates":[-46.490485,-18.570936]},"properties":{"kind":"FIXED","limit_kmh":60,"source":"OSM","active":true,"direction_deg":null}},{"type":"Feature","geometry":{"type":"Point","coordinates":[-46.493057,-18.570908]},"properties":{"kind":"FIXED","limit_kmh":60,"source":"INMETRO","active":true,"direction_deg":null}},{"type":"Feature","geometry":{"type":"Point","coordinates":[-41.909597,-18.570434]},"properties":{"kind":"FIXED","limit_kmh":50,"source":"DNIT","active":true,"direction_deg":null}},{"type":"Feature","geometry":{"type":"Point","coordinates":[-41.909293,-18.570301]},"properties":{"kind":"FIXED","limit_kmh":50,"source":"OSM","active":true,"direction_deg":null}},{"type":"Feature","geometry":{"type":"Point","coordinates":[-46.470473,-18.570263]},"properties":{"kind":"FIXED","limit_kmh":60,"source":"OSM","active":true,"direction_deg":null}},{"type":"Feature","geometry":{"type":"Point","coordinates":[-46.485876,-18.569589]},"properties":{"kind":"FIXED","limit_kmh":60,"source":"OSM","active":true,"direction_deg":null}},{"type":"Feature","geometry":{"type":"Point","coordinates":[-41.906377,-18.561392]},"properties":{"kind":"FIXED","limit_kmh":50,"source":"OSM","active":true,"direction_deg":null}},{"type":"Feature","geometry":{"type":"Point","coordinates":[-44.443795,-18.372833]},"properties":{"kind":"FIXED","limit_kmh":60,"source":"OSM","active":true,"direction_deg":null}},{"type":"Feature","geometry":{"type":"Point","coordinates":[-42.603715,-18.302266]},"properties":{"kind":"FIXED","limit_kmh":60,"source":"OSM","active":true,"direction_deg":null}},{"type":"Feature","geometry":{"type":"Point","coordinates":[-42.554437,-18.249265]},"properties":{"kind":"FIXED","limit_kmh":40,"source":"OSM","active":true,"direction_deg":null}},{"type":"Feature","geometry":{"type":"Point","coordinates":[-43.60806,-18.232494]},"properties":{"kind":"FIXED","limit_kmh":60,"source":"OSM","active":true,"direction_deg":null}},{"type":"Feature","geometry":{"type":"Point","coordinates":[-45.228072,-18.209322]},"properties":{"kind":"FIXED","limit_kmh":60,"source":"ANTT","active":true,"direction_deg":317}},{"type":"Feature","geometry":{"type":"Point","coordinates":[-43.580833,-18.204081]},"properties":{"kind":"FIXED","limit_kmh":60,"source":"OSM","active":true,"direction_deg":null}},{"type":"Feature","geometry":{"type":"Point","coordinates":[-43.580611,-18.203704]},"properties":{"kind":"FIXED","limit_kmh":60,"source":"OSM","active":true,"direction_deg":null}},{"type":"Feature","geometry":{"type":"Point","coordinates":[-43.567153,-18.184907]},"properties":{"kind":"FIXED","limit_kmh":60,"source":"OSM","active":true,"direction_deg":null}},{"type":"Feature","geometry":{"type":"Point","coordinates":[-43.506791,-18.169038]},"properties":{"kind":"FIXED","limit_kmh":60,"source":"OSM","active":true,"direction_deg":null}},{"type":"Feature","geometry":{"type":"Point","coordinates":[-43.503124,-18.162118]},"properties":{"kind":"FIXED","limit_kmh":60,"source":"OSM","active":true,"direction_deg":null}},{"type":"Feature","geometry":{"type":"Point","coordinates":[-43.504192,-18.154415]},"properties":{"kind":"FIXED","limit_kmh":60,"source":"OSM","active":true,"direction_deg":null}},{"type":"Feature","geometry":{"type":"Point","coordinates":[-43.519347,-18.115399]},"properties":{"kind":"FIXED","limit_kmh":60,"source":"OSM","active":true,"direction_deg":null}},{"type":"Feature","geometry":{"type":"Point","coordinates":[-44.272516,-18.115008]},"properties":{"kind":"FIXED","limit_kmh":null,"source":"OSM","active":true,"direction_deg":null}},{"type":"Feature","geometry":{"type":"Point","coordinates":[-43.518337,-18.113568]},"properties":{"kind":"FIXED","limit_kmh":60,"source":"OSM","active":true,"direction_deg":null}},{"type":"Feature","geometry":{"type":"Point","coordinates":[-45.468439,-18.104489]},"properties":{"kind":"FIXED","limit_kmh":60,"source":"ANTT","active":true,"direction_deg":176}},{"type":"Feature","geometry":{"type":"Point","coordinates":[-44.255349,-18.102299]},"properties":{"kind":"FIXED","limit_kmh":60,"source":"OSM","active":true,"direction_deg":null}},{"type":"Feature","geometry":{"type":"Point","coordinates":[-45.473264,-18.096692]},"properties":{"kind":"FIXED","limit_kmh":60,"source":"ANTT","active":true,"direction_deg":122}},{"type":"Feature","geometry":{"type":"Point","coordinates":[-41.654493,-18.036586]},"properties":{"kind":"FIXED","limit_kmh":100,"source":"OSM","active":true,"direction_deg":null}},{"type":"Feature","geometry":{"type":"Point","coordinates":[-41.648607,-18.025204]},"properties":{"kind":"FIXED","limit_kmh":80,"source":"OSM","active":true,"direction_deg":null}},{"type":"Feature","geometry":{"type":"Point","coordinates":[-41.544355,-17.97249]},"properties":{"kind":"FIXED","limit_kmh":60,"source":"DNIT","active":true,"direction_deg":218}},{"type":"Feature","geometry":{"type":"Point","coordinates":[-42.381636,-17.947786]},"properties":{"kind":"FIXED","limit_kmh":60,"source":"OSM","active":true,"direction_deg":null}},{"type":"Feature","geometry":{"type":"Point","coordinates":[-41.528124,-17.935439]},"properties":{"kind":"FIXED","limit_kmh":60,"source":"DNIT+OSM","active":true,"direction_deg":null}},{"type":"Feature","geometry":{"type":"Point","coordinates":[-44.171114,-17.894908]},"properties":{"kind":"FIXED","limit_kmh":null,"source":"OSM","active":true,"direction_deg":null}},{"type":"Feature","geometry":{"type":"Point","coordinates":[-41.522305,-17.885856]},"properties":{"kind":"FIXED","limit_kmh":60,"source":"OSM","active":true,"direction_deg":null}},{"type":"Feature","geometry":{"type":"Point","coordinates":[-44.173342,-17.882769]},"properties":{"kind":"FIXED","limit_kmh":100,"source":"OSM","active":true,"direction_deg":null}},{"type":"Feature","geometry":{"type":"Point","coordinates":[-41.507725,-17.877315]},"properties":{"kind":"FIXED","limit_kmh":40,"source":"INMETRO","active":true,"direction_deg":null}},{"type":"Feature","geometry":{"type":"Point","coordinates":[-41.516882,-17.870382]},"properties":{"kind":"FIXED","limit_kmh":40,"source":"INMETRO","active":true,"direction_deg":null}},{"type":"Feature","geometry":{"type":"Point","coordinates":[-41.517207,-17.868557]},"properties":{"kind":"FIXED","limit_kmh":40,"source":"DNIT+OSM","active":true,"direction_deg":null}},{"type":"Feature","geometry":{"type":"Point","coordinates":[-41.510415,-17.867965]},"properties":{"kind":"FIXED","limit_kmh":40,"source":"INMETRO","active":true,"direction_deg":null}},{"type":"Feature","geometry":{"type":"Point","coordinates":[-41.515692,-17.8643]},"properties":{"kind":"FIXED","limit_kmh":40,"source":"DNIT+OSM","active":true,"direction_deg":213}},{"type":"Feature","geometry":{"type":"Point","coordinates":[-41.514916,-17.861912]},"properties":{"kind":"FIXED","limit_kmh":40,"source":"DNIT","active":true,"direction_deg":null}},{"type":"Feature","geometry":{"type":"Point","coordinates":[-41.50899,-17.853826]},"properties":{"kind":"FIXED","limit_kmh":40,"source":"INMETRO","active":true,"direction_deg":null}},{"type":"Feature","geometry":{"type":"Point","coordinates":[-41.514908,-17.850632]},"properties":{"kind":"FIXED","limit_kmh":40,"source":"DNIT+OSM","active":true,"direction_deg":161}},{"type":"Feature","geometry":{"type":"Point","coordinates":[-41.515336,-17.848119]},"properties":{"kind":"FIXED","limit_kmh":40,"source":"OSM","active":true,"direction_deg":null}},{"type":"Feature","geometry":{"type":"Point","coordinates":[-41.515556,-17.846509]},"properties":{"kind":"FIXED","limit_kmh":40,"source":"OSM","active":true,"direction_deg":null}},{"type":"Feature","geometry":{"type":"Point","coordinates":[-41.51389,-17.841874]},"properties":{"kind":"FIXED","limit_kmh":40,"source":"DNIT","active":true,"direction_deg":null}},{"type":"Feature","geometry":{"type":"Point","coordinates":[-41.513766,-17.841379]},"properties":{"kind":"FIXED","limit_kmh":40,"source":"OSM","active":true,"direction_deg":null}},{"type":"Feature","geometry":{"type":"Point","coordinates":[-41.512926,-17.839087]},"properties":{"kind":"FIXED","limit_kmh":40,"source":"DNIT","active":true,"direction_deg":199}},{"type":"Feature","geometry":{"type":"Point","coordinates":[-46.160524,-17.756807]},"properties":{"kind":"FIXED","limit_kmh":60,"source":"ANTT","active":true,"direction_deg":294}},{"type":"Feature","geometry":{"type":"Point","coordinates":[-46.162397,-17.756081]},"properties":{"kind":"FIXED","limit_kmh":60,"source":"ANTT","active":true,"direction_deg":115}},{"type":"Feature","geometry":{"type":"Point","coordinates":[-46.188469,-17.737399]},"properties":{"kind":"FIXED","limit_kmh":60,"source":"ANTT","active":true,"direction_deg":126}},{"type":"Feature","geometry":{"type":"Point","coordinates":[-42.483955,-17.736226]},"properties":{"kind":"FIXED","limit_kmh":40,"source":"OSM","active":true,"direction_deg":null}},{"type":"Feature","geometry":{"type":"Point","coordinates":[-46.292447,-17.704492]},"properties":{"kind":"FIXED","limit_kmh":60,"source":"ANTT","active":true,"direction_deg":284}},{"type":"Feature","geometry":{"type":"Point","coordinates":[-46.2934,-17.704359]},"properties":{"kind":"FIXED","limit_kmh":60,"source":"ANTT","active":true,"direction_deg":104}},{"type":"Feature","geometry":{"type":"Point","coordinates":[-46.374239,-17.660428]},"properties":{"kind":"FIXED","limit_kmh":60,"source":"ANTT","active":true,"direction_deg":283}},{"type":"Feature","geometry":{"type":"Point","coordinates":[-46.375936,-17.660094]},"properties":{"kind":"FIXED","limit_kmh":60,"source":"ANTT","active":true,"direction_deg":100}},{"type":"Feature","geometry":{"type":"Point","coordinates":[-44.727789,-17.613277]},"properties":{"kind":"FIXED","limit_kmh":null,"source":"OSM","active":true,"direction_deg":null}},{"type":"Feature","geometry":{"type":"Point","coordinates":[-44.731136,-17.610175]},"properties":{"kind":"FIXED","limit_kmh":null,"source":"OSM","active":true,"direction_deg":null}},{"type":"Feature","geometry":{"type":"Point","coordinates":[-41.492394,-17.602923]},"properties":{"kind":"FIXED","limit_kmh":60,"source":"OSM","active":true,"direction_deg":null}},{"type":"Feature","geometry":{"type":"Point","coordinates":[-41.492481,-17.60117]},"properties":{"kind":"FIXED","limit_kmh":60,"source":"DNIT","active":true,"direction_deg":null}},{"type":"Feature","geometry":{"type":"Point","coordinates":[-41.491366,-17.594999]},"properties":{"kind":"FIXED","limit_kmh":60,"source":"OSM","active":true,"direction_deg":null}},{"type":"Feature","geometry":{"type":"Point","coordinates":[-41.491325,-17.594474]},"properties":{"kind":"FIXED","limit_kmh":60,"source":"DNIT","active":true,"direction_deg":null}},{"type":"Feature","geometry":{"type":"Point","coordinates":[-44.742267,-17.578489]},"properties":{"kind":"FIXED","limit_kmh":null,"source":"OSM","active":true,"direction_deg":null}},{"type":"Feature","geometry":{"type":"Point","coordinates":[-41.4862,-17.513]},"properties":{"kind":"FIXED","limit_kmh":60,"source":"DNIT","active":true,"direction_deg":351}},{"type":"Feature","geometry":{"type":"Point","coordinates":[-41.515914,-17.425795]},"properties":{"kind":"FIXED","limit_kmh":80,"source":"OSM","active":true,"direction_deg":null}},{"type":"Feature","geometry":{"type":"Point","coordinates":[-44.969621,-17.382029]},"properties":{"kind":"FIXED","limit_kmh":60,"source":"DNIT+OSM","active":true,"direction_deg":null}},{"type":"Feature","geometry":{"type":"Point","coordinates":[-44.96474,-17.381654]},"properties":{"kind":"FIXED","limit_kmh":60,"source":"OSM","active":true,"direction_deg":null}},{"type":"Feature","geometry":{"type":"Point","coordinates":[-44.962975,-17.381493]},"properties":{"kind":"FIXED","limit_kmh":40,"source":"DNIT","active":true,"direction_deg":null}},{"type":"Feature","geometry":{"type":"Point","coordinates":[-41.518306,-17.307953]},"properties":{"kind":"FIXED","limit_kmh":60,"source":"OSM","active":true,"direction_deg":null}},{"type":"Feature","geometry":{"type":"Point","coordinates":[-41.516993,-17.29993]},"properties":{"kind":"FIXED","limit_kmh":60,"source":"OSM","active":true,"direction_deg":null}},{"type":"Feature","geometry":{"type":"Point","coordinates":[-41.517541,-17.29905]},"properties":{"kind":"FIXED","limit_kmh":50,"source":"DNIT","active":true,"direction_deg":null}},{"type":"Feature","geometry":{"type":"Point","coordinates":[-42.82884,-17.28655]},"properties":{"kind":"FIXED","limit_kmh":40,"source":"DNIT","active":true,"direction_deg":null}},{"type":"Feature","geometry":{"type":"Point","coordinates":[-42.822433,-17.285723]},"properties":{"kind":"FIXED","limit_kmh":40,"source":"DNIT","active":true,"direction_deg":null}},{"type":"Feature","geometry":{"type":"Point","coordinates":[-46.953187,-17.249156]},"properties":{"kind":"FIXED","limit_kmh":60,"source":"OSM","active":true,"direction_deg":null}},{"type":"Feature","geometry":{"type":"Point","coordinates":[-46.794797,-17.242289]},"properties":{"kind":"FIXED","limit_kmh":60,"source":"ANTT","active":true,"direction_deg":308}},{"type":"Feature","geometry":{"type":"Point","coordinates":[-46.795893,-17.241471]},"properties":{"kind":"FIXED","limit_kmh":60,"source":"ANTT","active":true,"direction_deg":127}},{"type":"Feature","geometry":{"type":"Point","coordinates":[-46.851943,-17.23237]},"properties":{"kind":"FIXED","limit_kmh":40,"source":"OSM","active":true,"direction_deg":null}},{"type":"Feature","geometry":{"type":"Point","coordinates":[-46.870233,-17.215089]},"properties":{"kind":"FIXED","limit_kmh":40,"source":"OSM","active":true,"direction_deg":null}},{"type":"Feature","geometry":{"type":"Point","coordinates":[-46.887354,-17.211267]},"properties":{"kind":"FIXED","limit_kmh":40,"source":"OSM","active":true,"direction_deg":null}},{"type":"Feature","geometry":{"type":"Point","coordinates":[-46.884207,-17.210715]},"properties":{"kind":"FIXED","limit_kmh":40,"source":"OSM","active":true,"direction_deg":null}},{"type":"Feature","geometry":{"type":"Point","coordinates":[-46.878632,-17.209772]},"properties":{"kind":"FIXED","limit_kmh":40,"source":"OSM","active":true,"direction_deg":null}},{"type":"Feature","geometry":{"type":"Point","coordinates":[-46.922792,-17.189562]},"properties":{"kind":"FIXED","limit_kmh":null,"source":"OSM","active":true,"direction_deg":null}},{"type":"Feature","geometry":{"type":"Point","coordinates":[-41.486166,-17.184212]},"properties":{"kind":"FIXED","limit_kmh":60,"source":"OSM","active":true,"direction_deg":null}},{"type":"Feature","geometry":{"type":"Point","coordinates":[-41.4868,-17.183]},"properties":{"kind":"FIXED","limit_kmh":60,"source":"DNIT","active":true,"direction_deg":null}},{"type":"Feature","geometry":{"type":"Point","coordinates":[-41.487185,-17.182559]},"properties":{"kind":"FIXED","limit_kmh":60,"source":"OSM","active":true,"direction_deg":null}},{"type":"Feature","geometry":{"type":"Point","coordinates":[-43.820975,-17.117174]},"properties":{"kind":"FIXED","limit_kmh":40,"source":"OSM","active":false,"direction_deg":null}},{"type":"Feature","geometry":{"type":"Point","coordinates":[-43.821449,-17.111584]},"properties":{"kind":"FIXED","limit_kmh":40,"source":"OSM","active":false,"direction_deg":null}},{"type":"Feature","geometry":{"type":"Point","coordinates":[-43.821654,-17.109018]},"properties":{"kind":"FIXED","limit_kmh":40,"source":"OSM","active":false,"direction_deg":null}},{"type":"Feature","geometry":{"type":"Point","coordinates":[-43.829902,-17.091335]},"properties":{"kind":"FIXED","limit_kmh":80,"source":"OSM","active":true,"direction_deg":null}},{"type":"Feature","geometry":{"type":"Point","coordinates":[-41.484837,-17.080513]},"properties":{"kind":"FIXED","limit_kmh":60,"source":"OSM","active":true,"direction_deg":null}},{"type":"Feature","geometry":{"type":"Point","coordinates":[-41.48522,-17.079661]},"properties":{"kind":"FIXED","limit_kmh":50,"source":"DNIT","active":true,"direction_deg":null}},{"type":"Feature","geometry":{"type":"Point","coordinates":[-41.480786,-17.06744]},"properties":{"kind":"FIXED","limit_kmh":60,"source":"DNIT+OSM","active":true,"direction_deg":null}},{"type":"Feature","geometry":{"type":"Point","coordinates":[-43.852048,-17.004998]},"properties":{"kind":"FIXED","limit_kmh":60,"source":"OSM","active":true,"direction_deg":null}},{"type":"Feature","geometry":{"type":"Point","coordinates":[-43.872349,-16.923781]},"properties":{"kind":"FIXED","limit_kmh":null,"source":"OSM","active":true,"direction_deg":null}},{"type":"Feature","geometry":{"type":"Point","coordinates":[-41.467856,-16.913957]},"properties":{"kind":"FIXED","limit_kmh":60,"source":"DNIT","active":true,"direction_deg":null}},{"type":"Feature","geometry":{"type":"Point","coordinates":[-43.867678,-16.89583]},"properties":{"kind":"FIXED","limit_kmh":40,"source":"OSM","active":true,"direction_deg":null}},{"type":"Feature","geometry":{"type":"Point","coordinates":[-43.862645,-16.878856]},"properties":{"kind":"FIXED","limit_kmh":40,"source":"OSM","active":true,"direction_deg":null}},{"type":"Feature","geometry":{"type":"Point","coordinates":[-42.059753,-16.849385]},"properties":{"kind":"FIXED","limit_kmh":40,"source":"OSM","active":true,"direction_deg":null}},{"type":"Feature","geometry":{"type":"Point","coordinates":[-43.910784,-16.80788]},"properties":{"kind":"FIXED","limit_kmh":60,"source":"DNIT","active":true,"direction_deg":null}},{"type":"Feature","geometry":{"type":"Point","coordinates":[-43.910497,-16.807734]},"properties":{"kind":"FIXED","limit_kmh":null,"source":"OSM","active":true,"direction_deg":null}},{"type":"Feature","geometry":{"type":"Point","coordinates":[-43.846996,-16.806002]},"properties":{"kind":"FIXED","limit_kmh":60,"source":"OSM","active":true,"direction_deg":null}},{"type":"Feature","geometry":{"type":"Point","coordinates":[-43.846661,-16.79784]},"properties":{"kind":"FIXED","limit_kmh":null,"source":"OSM","active":true,"direction_deg":null}},{"type":"Feature","geometry":{"type":"Point","coordinates":[-43.894302,-16.789471]},"properties":{"kind":"FIXED","limit_kmh":60,"source":"DNIT+OSM","active":true,"direction_deg":null}},{"type":"Feature","geometry":{"type":"Point","coordinates":[-43.844541,-16.787923]},"properties":{"kind":"FIXED","limit_kmh":60,"source":"OSM","active":true,"direction_deg":null}},{"type":"Feature","geometry":{"type":"Point","coordinates":[-43.842473,-16.781408]},"properties":{"kind":"FIXED","limit_kmh":60,"source":"OSM","active":true,"direction_deg":null}},{"type":"Feature","geometry":{"type":"Point","coordinates":[-43.855199,-16.77073]},"properties":{"kind":"FIXED","limit_kmh":40,"source":"OSM","active":true,"direction_deg":null}},{"type":"Feature","geometry":{"type":"Point","coordinates":[-43.855271,-16.770489]},"properties":{"kind":"FIXED","limit_kmh":40,"source":"OSM","active":true,"direction_deg":null}},{"type":"Feature","geometry":{"type":"Point","coordinates":[-43.883595,-16.768075]},"properties":{"kind":"FIXED","limit_kmh":null,"source":"OSM","active":true,"direction_deg":null}},{"type":"Feature","geometry":{"type":"Point","coordinates":[-41.502029,-16.755493]},"properties":{"kind":"FIXED","limit_kmh":60,"source":"OSM","active":true,"direction_deg":null}},{"type":"Feature","geometry":{"type":"Point","coordinates":[-41.502173,-16.755152]},"properties":{"kind":"FIXED","limit_kmh":60,"source":"DNIT","active":true,"direction_deg":null}},{"type":"Feature","geometry":{"type":"Point","coordinates":[-43.845291,-16.753988]},"properties":{"kind":"FIXED","limit_kmh":60,"source":"OSM","active":true,"direction_deg":null}},{"type":"Feature","geometry":{"type":"Point","coordinates":[-41.503762,-16.750828]},"properties":{"kind":"FIXED","limit_kmh":60,"source":"OSM","active":true,"direction_deg":null}},{"type":"Feature","geometry":{"type":"Point","coordinates":[-41.503986,-16.750379]},"properties":{"kind":"FIXED","limit_kmh":60,"source":"DNIT","active":true,"direction_deg":null}},{"type":"Feature","geometry":{"type":"Point","coordinates":[-43.8338,-16.703678]},"properties":{"kind":"FIXED","limit_kmh":null,"source":"OSM","active":true,"direction_deg":null}},{"type":"Feature","geometry":{"type":"Point","coordinates":[-41.501207,-16.689305]},"properties":{"kind":"FIXED","limit_kmh":60,"source":"DNIT","active":true,"direction_deg":null}},{"type":"Feature","geometry":{"type":"Point","coordinates":[-43.797368,-16.673905]},"properties":{"kind":"FIXED","limit_kmh":null,"source":"OSM","active":true,"direction_deg":null}},{"type":"Feature","geometry":{"type":"Point","coordinates":[-43.734833,-16.658479]},"properties":{"kind":"FIXED","limit_kmh":null,"source":"OSM","active":true,"direction_deg":null}},{"type":"Feature","geometry":{"type":"Point","coordinates":[-43.734381,-16.658405]},"properties":{"kind":"FIXED","limit_kmh":60,"source":"DNIT","active":true,"direction_deg":null}},{"type":"Feature","geometry":{"type":"Point","coordinates":[-43.665002,-16.615192]},"properties":{"kind":"FIXED","limit_kmh":60,"source":"DNIT+OSM","active":true,"direction_deg":null}},{"type":"Feature","geometry":{"type":"Point","coordinates":[-41.505537,-16.572184]},"properties":{"kind":"FIXED","limit_kmh":60,"source":"DNIT","active":true,"direction_deg":null}},{"type":"Feature","geometry":{"type":"Point","coordinates":[-41.505456,-16.57158]},"properties":{"kind":"FIXED","limit_kmh":60,"source":"OSM","active":true,"direction_deg":null}},{"type":"Feature","geometry":{"type":"Point","coordinates":[-41.503976,-16.56288]},"properties":{"kind":"FIXED","limit_kmh":60,"source":"DNIT+OSM","active":true,"direction_deg":null}},{"type":"Feature","geometry":{"type":"Point","coordinates":[-41.501621,-16.555421]},"properties":{"kind":"FIXED","limit_kmh":60,"source":"DNIT+OSM","active":true,"direction_deg":null}},{"type":"Feature","geometry":{"type":"Point","coordinates":[-43.577148,-16.52824]},"properties":{"kind":"FIXED","limit_kmh":60,"source":"DNIT","active":true,"direction_deg":null}},{"type":"Feature","geometry":{"type":"Point","coordinates":[-43.576854,-16.528042]},"properties":{"kind":"FIXED","limit_kmh":null,"source":"OSM","active":true,"direction_deg":null}},{"type":"Feature","geometry":{"type":"Point","coordinates":[-43.505104,-16.480281]},"properties":{"kind":"FIXED","limit_kmh":null,"source":"OSM","active":true,"direction_deg":null}},{"type":"Feature","geometry":{"type":"Point","coordinates":[-43.504881,-16.479997]},"properties":{"kind":"FIXED","limit_kmh":60,"source":"DNIT","active":true,"direction_deg":null}},{"type":"Feature","geometry":{"type":"Point","coordinates":[-43.408337,-16.475818]},"properties":{"kind":"FIXED","limit_kmh":null,"source":"OSM","active":true,"direction_deg":null}},{"type":"Feature","geometry":{"type":"Point","coordinates":[-43.408509,-16.4755]},"properties":{"kind":"FIXED","limit_kmh":null,"source":"DNIT","active":true,"direction_deg":null}},{"type":"Feature","geometry":{"type":"Point","coordinates":[-43.499947,-16.474662]},"properties":{"kind":"FIXED","limit_kmh":60,"source":"OSM","active":true,"direction_deg":null}},{"type":"Feature","geometry":{"type":"Point","coordinates":[-43.499716,-16.474366]},"properties":{"kind":"FIXED","limit_kmh":60,"source":"DNIT","active":true,"direction_deg":null}},{"type":"Feature","geometry":{"type":"Point","coordinates":[-43.424194,-16.47275]},"properties":{"kind":"FIXED","limit_kmh":60,"source":"DNIT+OSM","active":true,"direction_deg":null}},{"type":"Feature","geometry":{"type":"Point","coordinates":[-43.425447,-16.471014]},"properties":{"kind":"FIXED","limit_kmh":60,"source":"DNIT","active":true,"direction_deg":null}},{"type":"Feature","geometry":{"type":"Point","coordinates":[-43.425394,-16.470488]},"properties":{"kind":"FIXED","limit_kmh":null,"source":"OSM","active":true,"direction_deg":null}},{"type":"Feature","geometry":{"type":"Point","coordinates":[-43.475461,-16.47035]},"properties":{"kind":"FIXED","limit_kmh":60,"source":"DNIT","active":true,"direction_deg":null}},{"type":"Feature","geometry":{"type":"Point","coordinates":[-43.475768,-16.47024]},"properties":{"kind":"FIXED","limit_kmh":null,"source":"OSM","active":true,"direction_deg":null}},{"type":"Feature","geometry":{"type":"Point","coordinates":[-43.439963,-16.467554]},"properties":{"kind":"FIXED","limit_kmh":60,"source":"DNIT+OSM","active":true,"direction_deg":null}},{"type":"Feature","geometry":{"type":"Point","coordinates":[-43.43325,-16.466592]},"properties":{"kind":"FIXED","limit_kmh":60,"source":"DNIT+OSM","active":true,"direction_deg":null}},{"type":"Feature","geometry":{"type":"Point","coordinates":[-43.435581,-16.465847]},"properties":{"kind":"FIXED","limit_kmh":60,"source":"OSM","active":true,"direction_deg":null}},{"type":"Feature","geometry":{"type":"Point","coordinates":[-43.435,-16.465833]},"properties":{"kind":"FIXED","limit_kmh":60,"source":"DNIT","active":true,"direction_deg":null}},{"type":"Feature","geometry":{"type":"Point","coordinates":[-43.397763,-16.443991]},"properties":{"kind":"FIXED","limit_kmh":null,"source":"OSM","active":true,"direction_deg":null}},{"type":"Feature","geometry":{"type":"Point","coordinates":[-43.39779,-16.443578]},"properties":{"kind":"FIXED","limit_kmh":60,"source":"DNIT","active":true,"direction_deg":null}},{"type":"Feature","geometry":{"type":"Point","coordinates":[-43.395733,-16.440667]},"properties":{"kind":"FIXED","limit_kmh":60,"source":"DNIT+OSM","active":true,"direction_deg":null}},{"type":"Feature","geometry":{"type":"Point","coordinates":[-43.28412,-16.42937]},"properties":{"kind":"FIXED","limit_kmh":60,"source":"DNIT","active":true,"direction_deg":null}},{"type":"Feature","geometry":{"type":"Point","coordinates":[-43.284161,-16.429101]},"properties":{"kind":"FIXED","limit_kmh":null,"source":"OSM","active":true,"direction_deg":null}},{"type":"Feature","geometry":{"type":"Point","coordinates":[-46.896228,-16.4145]},"properties":{"kind":"FIXED","limit_kmh":60,"source":"DNIT","active":true,"direction_deg":null}},{"type":"Feature","geometry":{"type":"Point","coordinates":[-46.896741,-16.406556]},"properties":{"kind":"FIXED","limit_kmh":60,"source":"DNIT","active":true,"direction_deg":null}},{"type":"Feature","geometry":{"type":"Point","coordinates":[-43.231251,-16.405744]},"properties":{"kind":"FIXED","limit_kmh":40,"source":"DNIT","active":true,"direction_deg":null}},{"type":"Feature","geometry":{"type":"Point","coordinates":[-43.23158,-16.405725]},"properties":{"kind":"FIXED","limit_kmh":null,"source":"OSM","active":true,"direction_deg":null}},{"type":"Feature","geometry":{"type":"Point","coordinates":[-42.712048,-16.300102]},"properties":{"kind":"FIXED","limit_kmh":40,"source":"DNIT+OSM","active":true,"direction_deg":null}},{"type":"Feature","geometry":{"type":"Point","coordinates":[-42.410158,-16.263676]},"properties":{"kind":"FIXED","limit_kmh":60,"source":"DNIT+OSM","active":true,"direction_deg":null}},{"type":"Feature","geometry":{"type":"Point","coordinates":[-42.409931,-16.26313]},"properties":{"kind":"FIXED","limit_kmh":null,"source":"OSM","active":true,"direction_deg":null}},{"type":"Feature","geometry":{"type":"Point","coordinates":[-42.404774,-16.260549]},"properties":{"kind":"FIXED","limit_kmh":null,"source":"OSM","active":true,"direction_deg":null}},{"type":"Feature","geometry":{"type":"Point","coordinates":[-42.40471,-16.260276]},"properties":{"kind":"FIXED","limit_kmh":60,"source":"DNIT","active":true,"direction_deg":null}},{"type":"Feature","geometry":{"type":"Point","coordinates":[-42.404545,-16.259781]},"properties":{"kind":"FIXED","limit_kmh":null,"source":"OSM","active":true,"direction_deg":null}},{"type":"Feature","geometry":{"type":"Point","coordinates":[-42.519541,-16.256766]},"properties":{"kind":"FIXED","limit_kmh":60,"source":"DNIT+OSM","active":true,"direction_deg":null}},{"type":"Feature","geometry":{"type":"Point","coordinates":[-42.51912,-16.256607]},"properties":{"kind":"FIXED","limit_kmh":null,"source":"OSM","active":true,"direction_deg":null}},{"type":"Feature","geometry":{"type":"Point","coordinates":[-42.379194,-16.233638]},"properties":{"kind":"FIXED","limit_kmh":60,"source":"DNIT+OSM","active":true,"direction_deg":null}},{"type":"Feature","geometry":{"type":"Point","coordinates":[-41.47278,-16.233063]},"properties":{"kind":"FIXED","limit_kmh":60,"source":"OSM","active":true,"direction_deg":null}},{"type":"Feature","geometry":{"type":"Point","coordinates":[-41.472637,-16.232477]},"properties":{"kind":"FIXED","limit_kmh":60,"source":"DNIT","active":true,"direction_deg":null}},{"type":"Feature","geometry":{"type":"Point","coordinates":[-41.471174,-16.225931]},"properties":{"kind":"FIXED","limit_kmh":60,"source":"OSM","active":true,"direction_deg":null}},{"type":"Feature","geometry":{"type":"Point","coordinates":[-41.471369,-16.225284]},"properties":{"kind":"FIXED","limit_kmh":60,"source":"DNIT","active":true,"direction_deg":null}},{"type":"Feature","geometry":{"type":"Point","coordinates":[-41.471357,-16.221535]},"properties":{"kind":"FIXED","limit_kmh":60,"source":"OSM","active":true,"direction_deg":null}},{"type":"Feature","geometry":{"type":"Point","coordinates":[-41.471267,-16.22085]},"properties":{"kind":"FIXED","limit_kmh":60,"source":"DNIT","active":true,"direction_deg":null}},{"type":"Feature","geometry":{"type":"Point","coordinates":[-42.863308,-16.220432]},"properties":{"kind":"FIXED","limit_kmh":null,"source":"OSM","active":true,"direction_deg":null}},{"type":"Feature","geometry":{"type":"Point","coordinates":[-42.863756,-16.220223]},"properties":{"kind":"FIXED","limit_kmh":40,"source":"DNIT","active":true,"direction_deg":null}},{"type":"Feature","geometry":{"type":"Point","coordinates":[-42.864079,-16.219998]},"properties":{"kind":"FIXED","limit_kmh":null,"source":"OSM","active":true,"direction_deg":null}},{"type":"Feature","geometry":{"type":"Point","coordinates":[-42.314964,-16.164855]},"properties":{"kind":"FIXED","limit_kmh":null,"source":"OSM","active":true,"direction_deg":null}},{"type":"Feature","geometry":{"type":"Point","coordinates":[-42.314774,-16.164357]},"properties":{"kind":"FIXED","limit_kmh":60,"source":"DNIT","active":true,"direction_deg":null}},{"type":"Feature","geometry":{"type":"Point","coordinates":[-42.280793,-16.134365]},"properties":{"kind":"FIXED","limit_kmh":60,"source":"DNIT+OSM","active":true,"direction_deg":null}},{"type":"Feature","geometry":{"type":"Point","coordinates":[-41.39823,-15.928936]},"properties":{"kind":"FIXED","limit_kmh":60,"source":"DNIT","active":true,"direction_deg":null}},{"type":"Feature","geometry":{"type":"Point","coordinates":[-41.395185,-15.923167]},"properties":{"kind":"FIXED","limit_kmh":60,"source":"OSM","active":true,"direction_deg":null}},{"type":"Feature","geometry":{"type":"Point","coordinates":[-41.429533,-15.870057]},"properties":{"kind":"FIXED","limit_kmh":60,"source":"DNIT+OSM","active":true,"direction_deg":null}},{"type":"Feature","geometry":{"type":"Point","coordinates":[-41.427302,-15.865347]},"properties":{"kind":"FIXED","limit_kmh":60,"source":"OSM","active":true,"direction_deg":null}},{"type":"Feature","geometry":{"type":"Point","coordinates":[-43.297509,-15.842122]},"properties":{"kind":"FIXED","limit_kmh":60,"source":"OSM","active":true,"direction_deg":null}},{"type":"Feature","geometry":{"type":"Point","coordinates":[-43.051068,-15.76022]},"properties":{"kind":"FIXED","limit_kmh":60,"source":"OSM","active":true,"direction_deg":null}},{"type":"Feature","geometry":{"type":"Point","coordinates":[-41.343786,-15.726286]},"properties":{"kind":"FIXED","limit_kmh":60,"source":"DNIT+OSM","active":true,"direction_deg":null}},{"type":"Feature","geometry":{"type":"Point","coordinates":[-41.350031,-15.724483]},"properties":{"kind":"FIXED","limit_kmh":null,"source":"OSM","active":true,"direction_deg":null}},{"type":"Feature","geometry":{"type":"Point","coordinates":[-41.340678,-15.717993]},"properties":{"kind":"FIXED","limit_kmh":60,"source":"OSM","active":true,"direction_deg":null}},{"type":"Feature","geometry":{"type":"Point","coordinates":[-41.340571,-15.717594]},"properties":{"kind":"FIXED","limit_kmh":60,"source":"DNIT","active":true,"direction_deg":null}},{"type":"Feature","geometry":{"type":"Point","coordinates":[-42.863864,-15.402348]},"properties":{"kind":"FIXED","limit_kmh":60,"source":"OSM","active":true,"direction_deg":null}},{"type":"Feature","geometry":{"type":"Point","coordinates":[-42.840602,-14.948349]},"properties":{"kind":"FIXED","limit_kmh":60,"source":"OSM","active":true,"direction_deg":null}},{"type":"Feature","geometry":{"type":"Point","coordinates":[-42.828269,-14.925448]},"properties":{"kind":"FIXED","limit_kmh":60,"source":"OSM","active":true,"direction_deg":null}}]}