lat1,lng1,lat2,lng2,kind
-18.241033,-39.661610,-18.241111,-39.661631,BRIDGE
-18.211308,-39.649914,-18.211111,-39.649827,BRIDGE
-18.181232,-39.711373,-18.181256,-39.711289,BRIDGE
-18.158660,-39.733646,-18.158515,-39.733614,BRIDGE
-18.097787,-39.893720,-18.099139,-39.893356,BRIDGE
-18.076444,-39.702464,-18.076363,-39.702455,BRIDGE
-18.067817,-39.744550,-18.067891,-39.744589,BRIDGE
-18.065794,-39.765591,-18.065729,-39.765539,BRIDGE
-18.064587,-39.563559,-18.064722,-39.563364,BRIDGE
-18.048898,-39.556836,-18.048942,-39.556732,BRIDGE
-18.042340,-39.669998,-18.042260,-39.670008,BRIDGE
-18.033635,-39.636729,-18.033581,-39.636798,BRIDGE
-18.030375,-39.669057,-18.030295,-39.669094,BRIDGE
-18.030138,-39.552073,-18.030094,-39.552030,BRIDGE
-18.028482,-39.721486,-18.028410,-39.721548,BRIDGE
-18.024719,-39.768162,-18.024639,-39.768178,BRIDGE
-18.024156,-39.665526,-18.023996,-39.665466,BRIDGE
-18.023150,-39.587167,-18.023231,-39.587154,BRIDGE
-18.021983,-39.786768,-18.022065,-39.786755,BRIDGE
-18.009474,-39.865310,-18.009479,-39.865395,BRIDGE
-17.996597,-39.707568,-17.996452,-39.707633,BRIDGE
-17.993400,-39.732434,-17.993526,-39.732508,BRIDGE
-17.986542,-39.754389,-17.986597,-39.754506,BRIDGE
-17.976357,-39.787308,-17.976440,-39.787325,BRIDGE
-17.972477,-39.492500,-17.972565,-39.492135,BRIDGE
-17.952316,-39.481022,-17.952354,-39.481116,BRIDGE
-17.930078,-39.887490,-17.930155,-39.887502,BRIDGE
-17.928038,-39.574776,-17.928176,-39.574776,BRIDGE
-17.926596,-39.926712,-17.926514,-39.926733,BRIDGE
-17.924308,-39.994230,-17.924464,-39.994288,BRIDGE
-17.920445,-39.548974,-17.920384,-39.548953,BRIDGE
-17.906142,-40.027299,-17.906067,-40.027124,BRIDGE
-17.900363,-40.096080,-17.900601,-40.096149,BRIDGE
-17.894179,-39.378908,-17.894178,-39.378718,BRIDGE
-17.890560,-40.116249,-17.890484,-40.116183,BRIDGE
-17.860347,-39.903894,-17.860334,-39.903977,BRIDGE
-17.856006,-40.170615,-17.855810,-40.170861,BRIDGE
-17.849069,-39.891230,-17.849125,-39.891158,BRIDGE
-17.848311,-40.175669,-17.848433,-40.175706,BRIDGE
-17.847654,-40.025358,-17.847728,-40.025379,BRIDGE
-17.845756,-39.884086,-17.845624,-39.884103,BRIDGE
-17.844758,-39.536458,-17.844704,-39.536398,BRIDGE
-17.843597,-39.936907,-17.843638,-39.936829,BRIDGE
-17.834439,-40.004027,-17.834338,-40.003885,BRIDGE
-17.832641,-40.187362,-17.832362,-40.187621,BRIDGE
-17.825702,-39.857509,-17.825596,-39.857526,BRIDGE
-17.824832,-39.912504,-17.824711,-39.912635,BRIDGE
-17.820874,-39.810026,-17.820964,-39.810104,BRIDGE
-17.812603,-39.787457,-17.813383,-39.787755,BRIDGE
-17.801204,-40.207793,-17.801211,-40.207933,BRIDGE
-17.799959,-39.963410,-17.799857,-39.963178,BRIDGE
-17.799119,-39.663649,-17.798867,-39.663675,BRIDGE
-17.793812,-40.121394,-17.793909,-40.121306,BRIDGE
-17.792464,-39.604456,-17.792579,-39.604793,BRIDGE
-17.792287,-39.669367,-17.792212,-39.669401,BRIDGE
-17.781162,-39.993566,-17.781121,-39.993333,BRIDGE
-17.770039,-39.859419,-17.770086,-39.859349,BRIDGE
-17.770022,-39.893495,-17.770103,-39.893508,BRIDGE
-17.763999,-39.855879,-17.764097,-39.855880,BRIDGE
-17.763073,-39.951718,-17.763108,-39.951795,BRIDGE
-17.749330,-39.762803,-17.750457,-39.763157,BRIDGE
-17.745516,-39.232910,-17.745442,-39.233109,BRIDGE
-17.744580,-39.230443,-17.744440,-39.230438,BRIDGE
-17.744319,-39.740193,-17.744376,-39.740259,BRIDGE
-17.742489,-39.802264,-17.742501,-39.802404,BRIDGE
-17.742416,-40.093039,-17.742480,-40.093101,BRIDGE
-17.736869,-39.264873,-17.737532,-39.263443,BRIDGE
-17.736488,-39.189737,-17.736352,-39.189938,BRIDGE
-17.732429,-39.187149,-17.732346,-39.187451,BRIDGE
-17.720823,-39.885248,-17.720882,-39.885150,BRIDGE
-17.717543,-39.888385,-17.717551,-39.888342,BRIDGE
-17.716004,-39.534350,-17.716082,-39.534334,BRIDGE
-17.713965,-40.158752,-17.713995,-40.158662,BRIDGE
-17.713803,-40.023679,-17.713823,-40.023876,BRIDGE
-17.703564,-39.889515,-17.703551,-39.889410,BRIDGE
-17.697410,-39.769249,-17.697373,-39.769168,BRIDGE
-17.694084,-39.538416,-17.694010,-39.538407,BRIDGE
-17.690823,-40.044522,-17.690779,-40.044458,BRIDGE
-17.687755,-40.102935,-17.687671,-40.103025,BRIDGE
-17.687638,-40.061703,-17.687966,-40.061682,BRIDGE
-17.683679,-40.105803,-17.683597,-40.105868,BRIDGE
-17.683153,-40.105447,-17.683062,-40.105508,BRIDGE
-17.679319,-39.918879,-17.679357,-39.918955,BRIDGE
-17.674220,-40.144576,-17.674205,-40.144483,BRIDGE
-17.651347,-39.567350,-17.651365,-39.567434,BRIDGE
-17.649345,-40.016610,-17.649321,-40.016403,BRIDGE
-17.643784,-40.095504,-17.643720,-40.095375,BRIDGE
-17.642984,-39.906069,-17.642923,-39.906025,BRIDGE
-17.635371,-40.131396,-17.635495,-40.131400,BRIDGE
-17.626825,-40.143321,-17.626776,-40.143161,BRIDGE
-17.620404,-39.599495,-17.620485,-39.599480,BRIDGE
-17.615190,-39.297718,-17.615227,-39.297794,BRIDGE
-17.615119,-39.923558,-17.615179,-39.923619,BRIDGE
-17.611776,-39.677931,-17.611801,-39.677872,BRIDGE
-17.609860,-39.824196,-17.609830,-39.824117,BRIDGE
-17.608694,-40.138324,-17.608754,-40.137984,BRIDGE
-17.608599,-39.772986,-17.608594,-39.772866,BRIDGE
-17.607463,-39.625371,-17.607381,-39.625361,BRIDGE
-17.604697,-39.936171,-17.604613,-39.936156,BRIDGE
-17.594345,-39.778329,-17.594414,-39.778384,BRIDGE
-17.575326,-40.113207,-17.575301,-40.113126,BRIDGE
-17.569933,-40.265046,-17.569972,-40.265079,BRIDGE
-17.566766,-39.859095,-17.566693,-39.859054,BRIDGE
-17.563725,-39.667622,-17.563699,-39.667543,BRIDGE
-17.563347,-39.750109,-17.563250,-39.750695,BRIDGE
-17.559536,-39.624886,-17.559468,-39.624838,BRIDGE
-17.555064,-39.982417,-17.555026,-39.982341,BRIDGE
-17.552426,-40.233383,-17.552470,-40.233742,BRIDGE
-17.551571,-40.404479,-17.551539,-40.404451,BRIDGE
-17.551100,-40.381889,-17.550980,-40.381845,BRIDGE
-17.549161,-39.686625,-17.549084,-39.686597,BRIDGE
-17.546854,-40.330532,-17.546929,-40.330517,BRIDGE
-17.542684,-40.329768,-17.542722,-40.329798,BRIDGE
-17.537607,-39.718661,-17.537638,-39.718600,BRIDGE
-17.537113,-39.870643,-17.537139,-39.870699,BRIDGE
-17.535920,-39.717630,-17.535954,-39.717572,BRIDGE
-17.534687,-39.223987,-17.533787,-39.223659,BRIDGE
-17.534348,-40.290637,-17.534521,-40.290600,BRIDGE
-17.529574,-40.026227,-17.529592,-40.026313,BRIDGE
-17.527446,-40.270320,-17.527512,-40.270325,BRIDGE
-17.527125,-40.161396,-17.527187,-40.161325,BRIDGE
-17.514232,-39.225778,-17.514070,-39.225366,BRIDGE
-17.514074,-39.200204,-17.514229,-39.200076,BRIDGE
-17.513472,-40.105252,-17.513449,-40.105168,BRIDGE
-17.512448,-39.644692,-17.513039,-39.645529,BRIDGE
-17.510695,-39.704925,-17.511816,-39.704973,BRIDGE
-17.504214,-39.940187,-17.504302,-39.940197,BRIDGE
-17.503429,-39.236477,-17.503210,-39.236480,BRIDGE
-17.502764,-40.269271,-17.502765,-40.269208,BRIDGE
-17.499519,-39.244981,-17.499738,-39.245375,BRIDGE
-17.490432,-40.114259,-17.490443,-40.114343,BRIDGE
-17.487817,-39.710782,-17.487803,-39.710867,BRIDGE
-17.478143,-40.460946,-17.478128,-40.460898,BRIDGE
-17.466585,-39.576504,-17.466529,-39.576469,BRIDGE
-17.466139,-39.503041,-17.466160,-39.502960,BRIDGE
-17.465063,-39.720874,-17.465106,-39.720801,BRIDGE
-17.460762,-40.430841,-17.460704,-40.430857,BRIDGE
-17.459674,-39.667921,-17.459640,-39.667985,BRIDGE
-17.458668,-39.859234,-17.458964,-39.859506,BRIDGE
-17.457830,-39.859702,-17.457906,-39.859664,BRIDGE
-17.457292,-39.648547,-17.457371,-39.648542,BRIDGE
-17.456388,-39.664006,-17.456424,-39.664061,BRIDGE
-17.455803,-39.592258,-17.455722,-39.592250,BRIDGE
-17.455744,-39.650280,-17.455748,-39.650225,BRIDGE
-17.455662,-39.591454,-17.455734,-39.591416,BRIDGE
-17.453120,-40.027079,-17.453625,-40.027276,BRIDGE
-17.441863,-39.801059,-17.441807,-39.801072,BRIDGE
-17.440056,-39.799863,-17.440072,-39.799826,BRIDGE
-17.438030,-39.939075,-17.438074,-39.939002,BRIDGE
-17.438012,-39.847106,-17.437978,-39.847182,BRIDGE
-17.437664,-39.938672,-17.437700,-39.938617,BRIDGE
-17.437418,-39.938146,-17.437460,-39.938073,BRIDGE
-17.437141,-39.937706,-17.437173,-39.937657,BRIDGE
-17.435903,-39.937362,-17.435948,-39.937289,BRIDGE
-17.435050,-39.799723,-17.435118,-39.799824,BRIDGE
-17.434592,-40.478225,-17.434716,-40.478100,BRIDGE
-17.434378,-39.936629,-17.434914,-39.936391,BRIDGE
-17.432728,-39.934025,-17.432723,-39.934137,BRIDGE
-17.432281,-39.799053,-17.432307,-39.799054,BRIDGE
-17.431924,-39.799811,-17.431885,-39.799818,BRIDGE
-17.431198,-39.797809,-17.431235,-39.797781,BRIDGE
-17.430554,-40.387955,-17.430619,-40.387982,BRIDGE
-17.429274,-39.545987,-17.429318,-39.545914,BRIDGE
-17.426624,-39.508330,-17.426550,-39.508262,BRIDGE
-17.424280,-39.363185,-17.424363,-39.363191,BRIDGE
-17.421854,-39.844138,-17.421863,-39.844109,BRIDGE
-17.421841,-39.498715,-17.421861,-39.498624,BRIDGE
-17.421179,-39.558853,-17.421244,-39.558899,BRIDGE
-17.419668,-40.491143,-17.419697,-40.491091,BRIDGE
-17.415905,-39.471005,-17.416018,-39.470945,BRIDGE
-17.415432,-39.371548,-17.415330,-39.371508,BRIDGE
-17.413458,-39.976652,-17.413482,-39.976509,BRIDGE
-17.411007,-39.322470,-17.410986,-39.322387,BRIDGE
-17.409835,-39.596374,-17.409955,-39.596332,BRIDGE
-17.409212,-39.406122,-17.409327,-39.406060,BRIDGE
-17.402111,-39.737572,-17.402154,-39.737612,BRIDGE
-17.399709,-39.736300,-17.399789,-39.736317,BRIDGE
-17.398397,-39.959260,-17.398347,-39.959225,BRIDGE
-17.398111,-40.447998,-17.398051,-40.448011,BRIDGE
-17.388257,-40.335221,-17.388316,-40.335246,BRIDGE
-17.388033,-40.171976,-17.388038,-40.171891,BRIDGE
-17.386685,-39.549370,-17.386761,-39.549339,BRIDGE
-17.385910,-39.968387,-17.385861,-39.968437,BRIDGE
-17.383605,-40.293841,-17.383578,-40.293732,BRIDGE
-17.383425,-39.385068,-17.383418,-39.384990,BRIDGE
-17.380857,-39.570805,-17.380910,-39.570870,BRIDGE
-17.379784,-40.519701,-17.379865,-40.519706,BRIDGE
-17.378406,-40.036714,-17.378498,-40.036638,BRIDGE
-17.377349,-40.160552,-17.377286,-40.160612,BRIDGE
-17.377121,-40.112251,-17.377107,-40.112158,BRIDGE
-17.375986,-40.221435,-17.375327,-40.221426,BRIDGE
-17.374080,-40.228057,-17.372904,-40.228516,BRIDGE
-17.372403,-40.506271,-17.372461,-40.506210,BRIDGE
-17.372316,-40.218497,-17.372319,-40.218389,BRIDGE
-17.371845,-40.218052,-17.371804,-40.217980,BRIDGE
-17.369486,-40.087187,-17.369481,-40.087100,BRIDGE
-17.368548,-40.404099,-17.368469,-40.403902,BRIDGE
-17.368033,-40.360411,-17.368685,-40.360436,BRIDGE
-17.366463,-40.218928,-17.366451,-40.219525,BRIDGE
-17.363508,-40.159287,-17.363489,-40.159221,BRIDGE
-17.362247,-40.467395,-17.362187,-40.466857,BRIDGE
-17.361906,-40.294669,-17.361940,-40.294491,BRIDGE
-17.361778,-39.698865,-17.361891,-39.698872,BRIDGE
-17.360800,-40.145279,-17.360822,-40.145238,BRIDGE
-17.357135,-40.230496,-17.357140,-40.230540,BRIDGE
-17.354783,-40.266275,-17.354791,-40.266322,BRIDGE
-17.350306,-39.438735,-17.350326,-39.438780,BRIDGE
-17.348531,-39.227567,-17.346683,-39.226037,BRIDGE
-17.347579,-39.358455,-17.347530,-39.358387,BRIDGE
-17.347165,-40.483450,-17.347162,-40.483535,BRIDGE
-17.347150,-39.701047,-17.347226,-39.701013,BRIDGE
-17.343739,-39.830157,-17.343795,-39.830155,BRIDGE
-17.343164,-40.319887,-17.343101,-40.319868,BRIDGE
-17.342750,-40.057237,-17.342819,-40.057191,BRIDGE
-17.339290,-40.316912,-17.339324,-40.316544,BRIDGE
-17.336292,-39.962095,-17.336242,-39.962036,BRIDGE
-17.335080,-40.494361,-17.335097,-40.494309,BRIDGE
-17.334922,-39.447787,-17.334877,-39.447744,BRIDGE
-17.334700,-39.228686,-17.334657,-39.228820,BRIDGE
-17.330551,-39.672820,-17.330483,-39.672716,BRIDGE
-17.330196,-39.228425,-17.330174,-39.228273,BRIDGE
-17.329754,-39.239607,-17.329902,-39.239747,BRIDGE
-17.329468,-39.769546,-17.329564,-39.769612,BRIDGE
-17.328785,-39.228606,-17.328746,-39.228439,BRIDGE
-17.328408,-39.760195,-17.328339,-39.760067,BRIDGE
-17.327867,-39.726515,-17.327901,-39.726416,BRIDGE
-17.327513,-40.381048,-17.327575,-40.381052,BRIDGE
-17.327456,-39.239433,-17.327568,-39.239562,BRIDGE
-17.326343,-39.685164,-17.326457,-39.685195,BRIDGE
-17.325617,-40.414041,-17.325664,-40.414085,BRIDGE
-17.324645,-39.976087,-17.324678,-39.976173,BRIDGE
-17.324431,-39.238771,-17.324199,-39.238948,BRIDGE
-17.324340,-39.239068,-17.324493,-39.238944,BRIDGE
-17.323155,-39.895092,-17.323183,-39.894962,BRIDGE
-17.320271,-39.238361,-17.320290,-39.238178,BRIDGE
-17.318024,-39.787466,-17.317940,-39.787551,BRIDGE
-17.315335,-40.091164,-17.315291,-40.091236,BRIDGE
-17.311183,-39.968616,-17.311149,-39.968572,BRIDGE
-17.310483,-40.140241,-17.310512,-40.140111,BRIDGE
-17.307647,-39.962049,-17.307635,-39.961963,BRIDGE
-17.307011,-39.995475,-17.307042,-39.995537,BRIDGE
-17.306311,-39.254777,-17.306197,-39.254903,BRIDGE
-17.303740,-40.539682,-17.303704,-40.539713,BRIDGE
-17.301871,-40.417638,-17.301915,-40.417646,BRIDGE
-17.296934,-40.106402,-17.296982,-40.106334,BRIDGE
-17.290589,-40.105891,-17.290535,-40.105828,BRIDGE
-17.289470,-39.222022,-17.289326,-39.221994,BRIDGE
-17.284837,-40.416136,-17.284833,-40.416062,BRIDGE
-17.284792,-40.547571,-17.284897,-40.547599,BRIDGE
-17.284673,-39.758793,-17.284614,-39.758848,BRIDGE
-17.282651,-40.057016,-17.282657,-40.056966,BRIDGE
-17.281212,-40.218698,-17.281149,-40.218619,BRIDGE
-17.278624,-40.456964,-17.278681,-40.456948,BRIDGE
-17.275271,-39.219796,-17.275137,-39.219648,BRIDGE
-17.273661,-40.100236,-17.273706,-40.100166,BRIDGE
-17.267382,-40.408309,-17.267331,-40.408333,BRIDGE
-17.264393,-40.510028,-17.264423,-40.510111,BRIDGE
-17.264135,-40.177136,-17.264181,-40.177199,BRIDGE
-17.255849,-39.218518,-17.255734,-39.218573,BRIDGE
-17.252951,-40.569625,-17.253355,-40.569815,BRIDGE
-17.251447,-39.858829,-17.251428,-39.858738,BRIDGE
-17.248781,-39.776394,-17.248893,-39.775782,BRIDGE
-17.248033,-39.621539,-17.248752,-39.622278,BRIDGE
-17.246141,-40.221975,-17.246039,-40.222036,BRIDGE
-17.244132,-39.693525,-17.244198,-39.693489,BRIDGE
-17.242493,-40.094626,-17.242523,-40.094706,BRIDGE
-17.240486,-40.228090,-17.240457,-40.228016,BRIDGE
-17.239026,-39.665206,-17.238989,-39.665143,BRIDGE
-17.238545,-40.375447,-17.238529,-40.375376,BRIDGE
-17.238379,-40.092117,-17.238313,-40.092069,BRIDGE
-17.235329,-39.893138,-17.235283,-39.893207,BRIDGE
-17.234698,-39.731041,-17.234610,-39.731037,BRIDGE
-17.233676,-40.216428,-17.233756,-40.216436,BRIDGE
-17.233479,-40.164229,-17.233504,-40.164394,BRIDGE
-17.233384,-39.876829,-17.233692,-39.876981,BRIDGE
-17.231789,-39.654156,-17.231728,-39.654108,BRIDGE
-17.230196,-39.821818,-17.230420,-39.822007,BRIDGE
-17.227845,-40.213862,-17.227916,-40.213904,BRIDGE
-17.227548,-39.570393,-17.227669,-39.570347,BRIDGE
-17.226359,-39.797379,-17.226303,-39.797442,BRIDGE
-17.224958,-39.215024,-17.224820,-39.214996,BRIDGE
-17.224786,-39.801487,-17.224803,-39.801430,BRIDGE
-17.220101,-40.085160,-17.220026,-40.085197,BRIDGE
-17.215541,-39.275546,-17.215457,-39.275571,BRIDGE
-17.212699,-39.944605,-17.212701,-39.944664,BRIDGE
-17.210841,-40.385099,-17.210811,-40.385055,BRIDGE
-17.210158,-40.191500,-17.210112,-40.191570,BRIDGE
-17.208434,-39.770791,-17.208480,-39.770836,BRIDGE
-17.207648,-39.267345,-17.207807,-39.267171,BRIDGE
-17.206580,-40.060437,-17.206530,-40.060369,BRIDGE
-17.204523,-40.243871,-17.204558,-40.243948,BRIDGE
-17.203366,-40.351076,-17.203209,-40.350971,BRIDGE
-17.203128,-40.548689,-17.203047,-40.548701,BRIDGE
-17.193425,-40.091069,-17.193385,-40.091112,BRIDGE
-17.191460,-40.085712,-17.191510,-40.085714,BRIDGE
-17.190974,-39.984138,-17.190896,-39.984160,BRIDGE
-17.190946,-39.572083,-17.191011,-39.572099,BRIDGE
-17.190430,-40.456285,-17.190409,-40.456203,BRIDGE
-17.188638,-39.982715,-17.188603,-39.982656,BRIDGE
-17.187898,-40.438067,-17.187850,-40.438044,BRIDGE
-17.187661,-39.982442,-17.188374,-39.982449,BRIDGE
-17.186544,-40.169780,-17.186501,-40.169629,BRIDGE
-17.184897,-39.491950,-17.185039,-39.491924,BRIDGE
-17.183576,-39.492244,-17.183656,-39.492229,BRIDGE
-17.183312,-40.551770,-17.183375,-40.551713,BRIDGE
-17.183179,-40.063511,-17.183260,-40.063501,BRIDGE
-17.181983,-40.437352,-17.181950,-40.437385,BRIDGE
-17.180030,-40.316339,-17.180124,-40.316234,BRIDGE
-17.179084,-40.293067,-17.178974,-40.293174,BRIDGE
-17.177665,-40.280665,-17.177741,-40.280633,BRIDGE
-17.176582,-40.314381,-17.176463,-40.315127,BRIDGE
-17.175278,-39.536433,-17.175359,-39.536439,BRIDGE
-17.172102,-39.223359,-17.171810,-39.223422,BRIDGE
-17.172020,-40.333002,-17.172034,-40.332900,BRIDGE
-17.171784,-40.334199,-17.171811,-40.334052,BRIDGE
-17.171734,-40.542930,-17.171702,-40.542850,BRIDGE
-17.170755,-40.334822,-17.170897,-40.334836,BRIDGE
-17.169553,-40.540518,-17.169481,-40.540557,BRIDGE
-17.169105,-40.334605,-17.169082,-40.334671,BRIDGE
-17.168619,-40.303525,-17.168540,-40.303505,BRIDGE
-17.165881,-40.277791,-17.165830,-40.277885,BRIDGE
-17.164490,-40.408439,-17.164523,-40.408513,BRIDGE
-17.162721,-40.124106,-17.162694,-40.124019,BRIDGE
-17.162066,-39.873791,-17.161985,-39.873796,BRIDGE
-17.162036,-39.489729,-17.161939,-39.489646,BRIDGE
-17.160504,-40.533692,-17.160522,-40.533610,BRIDGE
-17.159901,-39.806084,-17.159966,-39.805947,BRIDGE
-17.159205,-39.824123,-17.159192,-39.824007,BRIDGE
-17.157721,-39.222963,-17.157535,-39.222934,BRIDGE
-17.157191,-40.119183,-17.157270,-40.119163,BRIDGE
-17.154597,-40.471899,-17.154647,-40.471838,BRIDGE
-17.153152,-40.059668,-17.153175,-40.059588,BRIDGE
-17.150897,-40.161787,-17.150804,-40.161836,BRIDGE
-17.150732,-40.418174,-17.150787,-40.418241,BRIDGE
-17.150306,-40.061631,-17.150335,-40.061572,BRIDGE
-17.150229,-39.916813,-17.150170,-39.916785,BRIDGE
-17.149080,-40.360125,-17.149137,-40.360146,BRIDGE
-17.146082,-40.078355,-17.146009,-40.078304,BRIDGE
-17.145361,-40.107908,-17.145278,-40.107900,BRIDGE
-17.144716,-39.878033,-17.144798,-39.877898,BRIDGE
-17.143564,-40.434554,-17.143500,-40.434556,BRIDGE
-17.143392,-40.099820,-17.143439,-40.099764,BRIDGE
-17.142907,-40.093277,-17.142911,-40.093191,BRIDGE
-17.142740,-39.881331,-17.142559,-39.881053,BRIDGE
-17.142282,-40.088302,-17.142338,-40.088238,BRIDGE
-17.142081,-40.124744,-17.142135,-40.124757,BRIDGE
-17.137901,-40.518881,-17.137950,-40.518806,BRIDGE
-17.137430,-40.161185,-17.137495,-40.161261,BRIDGE
-17.135226,-39.884482,-17.135241,-39.884355,BRIDGE
-17.135224,-39.886397,-17.135224,-39.886262,BRIDGE
-17.135034,-39.793869,-17.134976,-39.793588,BRIDGE
-17.134966,-39.884558,-17.134963,-39.884379,BRIDGE
-17.130798,-40.155386,-17.130803,-40.155457,BRIDGE
-17.130109,-39.961863,-17.130181,-39.961791,BRIDGE
-17.129116,-40.023924,-17.128997,-40.023636,BRIDGE
-17.128929,-40.041401,-17.128956,-40.041268,BRIDGE
-17.128135,-40.024348,-17.128248,-40.024530,BRIDGE
-17.127229,-39.204172,-17.127091,-39.204065,BRIDGE
-17.126222,-40.562320,-17.126320,-40.562154,BRIDGE
-17.125109,-40.190908,-17.125022,-40.190955,BRIDGE
-17.122565,-40.442309,-17.122484,-40.442441,BRIDGE
-17.119293,-40.162966,-17.119378,-40.162948,BRIDGE
-17.117852,-40.216960,-17.117878,-40.216756,BRIDGE
-17.116577,-40.202743,-17.116551,-40.202652,BRIDGE
-17.116492,-40.235174,-17.116400,-40.235160,BRIDGE
-17.113850,-40.217185,-17.113813,-40.217270,BRIDGE
-17.113551,-40.023111,-17.113513,-40.023089,BRIDGE
-17.107314,-40.360414,-17.107312,-40.360500,BRIDGE
-17.106730,-40.244588,-17.106653,-40.244631,BRIDGE
-17.104627,-40.444547,-17.104641,-40.444470,BRIDGE
-17.104417,-39.792558,-17.104505,-39.792810,BRIDGE
-17.103574,-40.480951,-17.103574,-40.480875,BRIDGE
-17.102148,-39.616275,-17.102215,-39.616530,BRIDGE
-17.101424,-40.171992,-17.101433,-40.172042,BRIDGE
-17.101339,-40.254249,-17.101280,-40.254307,BRIDGE
-17.099622,-40.221615,-17.099625,-40.221528,BRIDGE
-17.098153,-39.180573,-17.098049,-39.180528,BRIDGE
-17.096941,-40.363712,-17.096966,-40.363625,BRIDGE
-17.096723,-40.267953,-17.096763,-40.268015,BRIDGE
-17.096060,-40.396541,-17.096085,-40.396484,BRIDGE
-17.093646,-40.397078,-17.093608,-40.397070,BRIDGE
-17.093063,-39.179967,-17.092942,-39.179891,BRIDGE
-17.093024,-40.226883,-17.093021,-40.226986,BRIDGE
-17.091958,-40.260757,-17.092007,-40.260825,BRIDGE
-17.091298,-40.022255,-17.091257,-40.022094,BRIDGE
-17.090418,-39.214872,-17.090381,-39.214900,BRIDGE
-17.090366,-40.073194,-17.090625,-40.073358,BRIDGE
-17.089741,-40.556238,-17.089771,-40.556011,BRIDGE
-17.088604,-39.797688,-17.088737,-39.797742,BRIDGE
-17.086343,-40.174703,-17.086327,-40.174805,BRIDGE
-17.086088,-40.180647,-17.086143,-40.180664,BRIDGE
-17.085798,-39.578392,-17.085882,-39.578398,BRIDGE
-17.084827,-39.906855,-17.084786,-39.906732,BRIDGE
-17.083732,-40.402341,-17.083727,-40.402284,BRIDGE
-17.083720,-40.287632,-17.083648,-40.287592,BRIDGE
-17.083203,-39.180836,-17.083105,-39.180869,BRIDGE
-17.082523,-40.281506,-17.082579,-40.281557,BRIDGE
-17.081069,-39.185151,-17.081224,-39.185186,BRIDGE
-17.080657,-40.076939,-17.080650,-40.076748,BRIDGE
-17.077455,-40.380158,-17.077470,-40.380233,BRIDGE
-17.077023,-40.305796,-17.077034,-40.305712,BRIDGE
-17.076668,-40.071295,-17.076830,-40.071170,BRIDGE
-17.074010,-40.069804,-17.074133,-40.069641,BRIDGE
-17.073949,-40.283893,-17.073937,-40.284002,BRIDGE
-17.071186,-40.309649,-17.071134,-40.309612,BRIDGE
-17.070771,-40.154672,-17.070662,-40.154514,BRIDGE
-17.070269,-40.087601,-17.069940,-40.087708,BRIDGE
-17.070158,-40.283706,-17.070162,-40.283657,BRIDGE
-17.068839,-40.139004,-17.068858,-40.138918,BRIDGE
-17.064695,-40.067701,-17.064635,-40.067629,BRIDGE
-17.063790,-40.070915,-17.063626,-40.070827,BRIDGE
-17.061298,-40.237573,-17.061353,-40.237614,BRIDGE
-17.060443,-40.282901,-17.060433,-40.282808,BRIDGE
-17.060090,-40.238818,-17.060109,-40.238742,BRIDGE
-17.059227,-39.183811,-17.059150,-39.183832,BRIDGE
-17.058996,-40.406283,-17.059009,-40.406191,BRIDGE
-17.058323,-40.174012,-17.058222,-40.174106,BRIDGE
-17.057554,-40.145626,-17.057585,-40.145685,BRIDGE
-17.054567,-40.064224,-17.054560,-40.064139,BRIDGE
-17.054500,-40.063996,-17.054425,-40.063972,BRIDGE
-17.052516,-39.448824,-17.052543,-39.448735,BRIDGE
-17.049005,-39.525120,-17.048858,-39.524594,BRIDGE
-17.048519,-39.816393,-17.048582,-39.816449,BRIDGE
-17.046241,-40.282433,-17.046238,-40.282509,BRIDGE
-17.045599,-40.161115,-17.045545,-40.161160,BRIDGE
-17.044918,-39.543831,-17.045547,-39.544380,BRIDGE
-17.043986,-39.545696,-17.046209,-39.547117,BRIDGE
-17.043039,-40.523905,-17.042988,-40.523989,BRIDGE
-17.042250,-40.180801,-17.042236,-40.180700,BRIDGE
-17.042188,-40.252510,-17.042200,-40.252460,BRIDGE
-17.040825,-39.824117,-17.040978,-39.824037,BRIDGE
-17.040494,-40.077820,-17.040411,-40.077799,BRIDGE
-17.039244,-39.821528,-17.038977,-39.821376,BRIDGE
-17.037768,-40.359905,-17.037705,-40.359888,BRIDGE
-17.037174,-40.515334,-17.037112,-40.515301,BRIDGE
-17.036581,-40.249276,-17.036628,-40.249206,BRIDGE
-17.035094,-39.914695,-17.035037,-39.914684,BRIDGE
-17.034887,-39.829256,-17.034963,-39.829095,BRIDGE
-17.032820,-40.354673,-17.032806,-40.354629,BRIDGE
-17.032332,-40.434140,-17.032283,-40.434208,BRIDGE
-17.032077,-39.951568,-17.032349,-39.951545,BRIDGE
-17.030938,-39.763588,-17.030910,-39.763486,BRIDGE
-17.030901,-39.833899,-17.030878,-39.833951,BRIDGE
-17.030025,-39.832342,-17.030185,-39.832381,BRIDGE
-17.029723,-39.834606,-17.029776,-39.834549,BRIDGE
-17.029600,-40.448925,-17.029521,-40.448945,BRIDGE
-17.028076,-39.837989,-17.027929,-39.838032,BRIDGE
-17.025983,-40.445170,-17.025999,-40.445249,BRIDGE
-17.025860,-40.028799,-17.025952,-40.028598,BRIDGE
-17.023934,-40.033973,-17.023857,-40.033945,BRIDGE
-17.021980,-40.513813,-17.021716,-40.514020,BRIDGE
-17.020551,-39.832266,-17.020518,-39.832182,BRIDGE
-17.018226,-39.509571,-17.018101,-39.509355,BRIDGE
-17.016809,-39.532244,-17.016928,-39.532125,BRIDGE
-17.015827,-39.884509,-17.016055,-39.884842,BRIDGE
-17.015441,-40.032900,-17.015387,-40.032914,BRIDGE
-17.014451,-40.085776,-17.014405,-40.085838,BRIDGE
-17.013527,-40.071595,-17.013525,-40.071486,BRIDGE
-17.013021,-39.610707,-17.012873,-39.610554,BRIDGE
-17.012773,-39.201542,-17.012763,-39.201619,BRIDGE
-17.009760,-40.109546,-17.009718,-40.109621,BRIDGE
-17.005399,-40.551687,-17.005426,-40.551642,BRIDGE
-17.005221,-40.198004,-17.005289,-40.198080,BRIDGE
-17.002618,-40.386246,-17.002570,-40.386205,BRIDGE
-16.998410,-40.062015,-16.998465,-40.061950,BRIDGE
-16.996370,-39.906037,-16.996387,-39.906241,BRIDGE
-16.994828,-40.397659,-16.994884,-40.397717,BRIDGE
-16.994580,-40.491156,-16.994534,-40.491204,BRIDGE
-16.993631,-40.197446,-16.993659,-40.197330,BRIDGE
-16.991496,-39.548768,-16.991428,-39.548729,BRIDGE
-16.990873,-39.938262,-16.990831,-39.938346,BRIDGE
-16.990644,-39.928628,-16.990817,-39.928496,BRIDGE
-16.990028,-40.212596,-16.990035,-40.212502,BRIDGE
-16.987686,-40.065537,-16.987741,-40.065471,BRIDGE
-16.986748,-39.266654,-16.986722,-39.266742,BRIDGE
-16.986607,-40.479383,-16.986643,-40.479300,BRIDGE
-16.986205,-39.214851,-16.986183,-39.214930,BRIDGE
-16.985744,-39.303872,-16.985574,-39.303953,BRIDGE
-16.984348,-40.509242,-16.984345,-40.509337,BRIDGE
-16.983231,-40.494034,-16.983158,-40.494002,BRIDGE
-16.979429,-40.011122,-16.979511,-40.011104,BRIDGE
-16.977393,-40.283840,-16.977323,-40.283809,BRIDGE
-16.975984,-39.958316,-16.975953,-39.958368,BRIDGE
-16.973003,-39.204039,-16.972962,-39.204014,BRIDGE
-16.972689,-40.239487,-16.972766,-40.239401,BRIDGE
-16.972420,-40.234178,-16.972402,-40.234041,BRIDGE
-16.970926,-39.552423,-16.971175,-39.552359,BRIDGE
-16.969742,-39.218212,-16.969857,-39.218222,BRIDGE
-16.969513,-39.968032,-16.969659,-39.968176,BRIDGE
-16.969486,-40.489588,-16.969448,-40.489667,BRIDGE
-16.968374,-40.076574,-16.968372,-40.076486,BRIDGE
-16.966757,-40.273201,-16.966804,-40.273119,BRIDGE
-16.966153,-39.503156,-16.965943,-39.503371,BRIDGE
-16.964480,-40.270156,-16.964391,-40.270027,BRIDGE
-16.963590,-39.275793,-16.963525,-39.275729,BRIDGE
-16.963294,-39.650098,-16.963471,-39.650388,BRIDGE
-16.963167,-39.877426,-16.963046,-39.877453,BRIDGE
-16.961612,-39.166461,-16.961723,-39.166496,BRIDGE
-16.959477,-40.115627,-16.959519,-40.115574,BRIDGE
-16.958305,-40.223909,-16.958242,-40.223864,BRIDGE
-16.957208,-40.298377,-16.957163,-40.298341,BRIDGE
-16.956332,-40.280685,-16.956381,-40.280638,BRIDGE
-16.956261,-39.716622,-16.956640,-39.716407,BRIDGE
-16.950044,-39.189265,-16.949973,-39.189226,BRIDGE
-16.949066,-40.323658,-16.948996,-40.323691,BRIDGE
-16.947203,-40.119845,-16.947166,-40.119800,BRIDGE
-16.946735,-40.022755,-16.946671,-40.022743,BRIDGE
-16.945139,-40.361403,-16.945163,-40.361464,BRIDGE
-16.944706,-40.506197,-16.944670,-40.506237,BRIDGE
-16.943536,-40.509301,-16.943493,-40.509360,BRIDGE
-16.942450,-40.385414,-16.942536,-40.385384,BRIDGE
-16.942118,-40.373223,-16.942058,-40.373232,BRIDGE
-16.940983,-40.065145,-16.941004,-40.065101,BRIDGE
-16.940892,-40.323915,-16.940816,-40.323905,BRIDGE
-16.937592,-39.242441,-16.937651,-39.242499,BRIDGE
-16.936335,-39.251924,-16.936417,-39.251925,BRIDGE
-16.935948,-39.184086,-16.935868,-39.184056,BRIDGE
-16.935620,-40.403208,-16.935650,-40.403254,BRIDGE
-16.934550,-40.504917,-16.934503,-40.505008,BRIDGE
-16.933713,-40.506409,-16.933587,-40.506581,BRIDGE
-16.931025,-40.371473,-16.930980,-40.371443,BRIDGE
-16.928718,-40.498972,-16.928768,-40.498990,BRIDGE
-16.928633,-40.371231,-16.928582,-40.371274,BRIDGE
-16.926461,-39.901126,-16.926363,-39.900965,BRIDGE
-16.921170,-40.401805,-16.921142,-40.401827,BRIDGE
-16.916671,-39.753218,-16.916741,-39.753310,BRIDGE
-16.915448,-40.000005,-16.915517,-40.000050,BRIDGE
-16.914957,-39.948653,-16.915031,-39.949017,BRIDGE
-16.910370,-40.355366,-16.910308,-40.355411,BRIDGE
-16.910190,-39.417224,-16.910123,-39.417301,BRIDGE
-16.907643,-39.745421,-16.907274,-39.744917,BRIDGE
-16.907640,-39.754795,-16.907810,-39.754848,BRIDGE
-16.907199,-39.753400,-16.907319,-39.753247,BRIDGE
-16.907180,-39.998301,-16.907148,-39.998370,BRIDGE
-16.904388,-40.404432,-16.904370,-40.404396,BRIDGE
-16.903625,-39.770177,-16.903671,-39.770223,BRIDGE
-16.902841,-40.417825,-16.902812,-40.417871,BRIDGE
-16.898285,-40.489131,-16.898316,-40.489092,BRIDGE
-16.897534,-39.929006,-16.897876,-39.929069,BRIDGE
-16.897329,-39.938446,-16.897337,-39.938244,BRIDGE
-16.897305,-39.943225,-16.897397,-39.943036,BRIDGE
-16.896853,-40.215569,-16.896856,-40.215494,BRIDGE
-16.896629,-39.991670,-16.896667,-39.991626,BRIDGE
-16.895070,-40.369152,-16.895110,-40.369196,BRIDGE
-16.894259,-39.780284,-16.894203,-39.780223,BRIDGE
-16.894067,-39.924577,-16.894212,-39.924747,BRIDGE
-16.893894,-40.071147,-16.893964,-40.071076,BRIDGE
-16.891731,-40.130494,-16.891666,-40.130480,BRIDGE
-16.890215,-39.975173,-16.890090,-39.975053,BRIDGE
-16.889083,-39.782813,-16.889104,-39.782897,BRIDGE
-16.888386,-39.796002,-16.888434,-39.796071,BRIDGE
-16.888337,-40.129580,-16.888343,-40.129538,BRIDGE
-16.886400,-40.470875,-16.886450,-40.470895,BRIDGE
-16.886238,-39.637583,-16.886324,-39.637686,BRIDGE
-16.885253,-40.275371,-16.885291,-40.275226,BRIDGE
-16.884835,-39.957717,-16.885144,-39.957876,BRIDGE
-16.884020,-39.754190,-16.884326,-39.754304,BRIDGE
-16.880427,-40.133647,-16.880404,-40.133578,BRIDGE
-16.877905,-40.009138,-16.877865,-40.009216,BRIDGE
-16.877545,-39.192968,-16.877604,-39.193004,BRIDGE
-16.874021,-40.014791,-16.874009,-40.014677,BRIDGE
-16.873875,-39.971261,-16.873744,-39.971262,BRIDGE
-16.873039,-40.000314,-16.873135,-40.000425,BRIDGE
-16.872556,-40.154125,-16.872503,-40.154055,BRIDGE
-16.870843,-40.207179,-16.870842,-40.207106,BRIDGE
-16.868223,-39.983504,-16.868160,-39.983590,BRIDGE
-16.867094,-39.770567,-16.867366,-39.770557,BRIDGE
-16.866012,-39.767584,-16.866062,-39.767503,BRIDGE
-16.865928,-39.904672,-16.866330,-39.905042,BRIDGE
-16.864000,-39.966904,-16.864025,-39.966800,BRIDGE
-16.860300,-40.151640,-16.860219,-40.151703,BRIDGE
-16.858026,-39.800848,-16.858065,-39.800847,BRIDGE
-16.857527,-39.800267,-16.857402,-39.800136,BRIDGE
-16.856678,-39.962026,-16.856659,-39.961948,BRIDGE
-16.852296,-39.889430,-16.851993,-39.889024,BRIDGE
-16.850323,-40.181712,-16.850329,-40.181642,BRIDGE
-16.849226,-40.112084,-16.849162,-40.112137,BRIDGE
-16.848901,-40.039921,-16.848965,-40.039938,BRIDGE
-16.848462,-40.153050,-16.848498,-40.153160,BRIDGE
-16.846516,-39.949952,-16.846789,-39.950114,BRIDGE
-16.845676,-40.189808,-16.845857,-40.189621,BRIDGE
-16.844912,-40.038034,-16.844952,-40.038099,BRIDGE
-16.842851,-40.156603,-16.842774,-40.156558,BRIDGE
-16.842558,-40.156678,-16.842575,-40.156869,BRIDGE
-16.839592,-39.670247,-16.839616,-39.670144,BRIDGE
-16.839586,-40.156757,-16.839455,-40.156413,BRIDGE
-16.839163,-39.362997,-16.839312,-39.362954,BRIDGE
-16.838252,-39.841297,-16.838409,-39.841425,BRIDGE
-16.837690,-40.023412,-16.837989,-40.023294,BRIDGE
-16.836617,-39.669049,-16.836517,-39.669091,BRIDGE
-16.836464,-39.671067,-16.836533,-39.671049,BRIDGE
-16.835248,-39.170866,-16.835148,-39.171500,BRIDGE
-16.830797,-39.844539,-16.830883,-39.844392,BRIDGE
-16.829498,-39.200960,-16.829556,-39.200982,BRIDGE
-16.828498,-40.110447,-16.828332,-40.110548,BRIDGE
-16.827288,-40.054772,-16.827036,-40.054585,BRIDGE
-16.826444,-39.847430,-16.826649,-39.847378,BRIDGE
-16.825406,-39.959417,-16.825311,-39.959329,BRIDGE
-16.823235,-40.148937,-16.823302,-40.148990,BRIDGE
-16.822248,-40.202379,-16.822250,-40.202442,BRIDGE
-16.816734,-39.355481,-16.816751,-39.355398,BRIDGE
-16.816036,-39.780044,-16.815976,-39.779953,BRIDGE
-16.815022,-39.355769,-16.815089,-39.355818,BRIDGE
-16.812809,-39.196408,-16.812698,-39.196279,BRIDGE
-16.810797,-39.970241,-16.810927,-39.970410,BRIDGE
-16.810460,-39.768365,-16.810508,-39.768342,BRIDGE
-16.806829,-39.570758,-16.806798,-39.570802,BRIDGE
-16.805323,-40.052506,-16.805319,-40.052411,BRIDGE
-16.804284,-39.159675,-16.804270,-39.159464,BRIDGE
-16.801961,-40.050582,-16.802022,-40.050544,BRIDGE
-16.800933,-39.966067,-16.800956,-39.965985,BRIDGE
-16.799332,-40.079478,-16.799166,-40.079537,BRIDGE
-16.799306,-39.207943,-16.799307,-39.207854,BRIDGE
-16.797724,-39.179926,-16.797806,-39.180044,BRIDGE
-16.796721,-39.975795,-16.796653,-39.975767,BRIDGE
-16.796590,-39.871822,-16.796653,-39.871815,BRIDGE
-16.794070,-39.977637,-16.794003,-39.977594,BRIDGE
-16.793692,-40.134904,-16.793779,-40.134961,BRIDGE
-16.793094,-39.871226,-16.793201,-39.871306,BRIDGE
-16.790734,-40.134064,-16.790763,-40.133982,BRIDGE
-16.786566,-39.229907,-16.786541,-39.229864,BRIDGE
-16.785872,-39.988214,-16.785938,-39.988209,BRIDGE
-16.783725,-40.007855,-16.783919,-40.007810,BRIDGE
-16.783228,-39.989553,-16.783237,-39.989469,BRIDGE
-16.782081,-39.999285,-16.782066,-39.999202,BRIDGE
-16.779727,-39.868711,-16.779637,-39.868743,BRIDGE
-16.778507,-39.530246,-16.778470,-39.530180,BRIDGE
-16.776557,-40.210186,-16.776608,-40.210194,BRIDGE
-16.775741,-40.124358,-16.775824,-40.124318,BRIDGE
-16.775226,-40.083707,-16.775256,-40.083755,BRIDGE
-16.772403,-40.310442,-16.772508,-40.310548,BRIDGE
-16.772198,-40.114807,-16.772222,-40.114729,BRIDGE
-16.771998,-40.124982,-16.772100,-40.125106,BRIDGE
-16.766868,-40.104427,-16.766931,-40.104448,BRIDGE
-16.766505,-40.157172,-16.766560,-40.157174,BRIDGE
-16.764951,-40.151827,-16.764973,-40.151756,BRIDGE
-16.764131,-40.007260,-16.764196,-40.007213,BRIDGE
-16.763941,-40.006554,-16.764026,-40.006563,BRIDGE
-16.762629,-40.248223,-16.762692,-40.248218,BRIDGE
-16.761753,-40.083355,-16.761825,-40.083426,BRIDGE
-16.761049,-39.998447,-16.760969,-39.998418,BRIDGE
-16.758971,-39.404867,-16.758876,-39.404854,BRIDGE
-16.756454,-39.959424,-16.756481,-39.959346,BRIDGE
-16.755558,-39.625972,-16.755478,-39.625987,BRIDGE
-16.755154,-40.172438,-16.755164,-40.172353,BRIDGE
-16.752345,-40.281918,-16.752330,-40.281988,BRIDGE
-16.751981,-40.101270,-16.752031,-40.101328,BRIDGE
-16.751158,-39.988554,-16.751142,-39.988471,BRIDGE
-16.748866,-39.481315,-16.748926,-39.481298,BRIDGE
-16.748859,-39.571738,-16.748780,-39.571761,BRIDGE
-16.748645,-40.181186,-16.748566,-40.181089,BRIDGE
-16.747712,-40.007743,-16.747789,-40.007700,BRIDGE
-16.745824,-40.206632,-16.745907,-40.206684,BRIDGE
-16.743768,-40.264242,-16.743812,-40.264305,BRIDGE
-16.742034,-39.918570,-16.741967,-39.918526,BRIDGE
-16.741030,-40.197568,-16.740976,-40.197529,BRIDGE
-16.740726,-39.972226,-16.740688,-39.972176,BRIDGE
-16.740522,-40.255045,-16.740508,-40.255140,BRIDGE
-16.740019,-40.141610,-16.740056,-40.141613,BRIDGE
-16.735713,-40.059637,-16.735631,-40.059612,BRIDGE
-16.735172,-40.297747,-16.735144,-40.297819,BRIDGE
-16.733372,-40.107974,-16.733419,-40.108006,BRIDGE
-16.728827,-39.208592,-16.728855,-39.208665,BRIDGE
-16.725338,-39.829090,-16.725245,-39.829090,BRIDGE
-16.724922,-40.011391,-16.724890,-40.011442,BRIDGE
-16.724074,-39.846200,-16.723683,-39.846245,BRIDGE
-16.723049,-39.374613,-16.723006,-39.374522,BRIDGE
-16.722859,-39.591942,-16.722793,-39.591893,BRIDGE
-16.720874,-39.464152,-16.720940,-39.464103,BRIDGE
-16.720807,-39.404917,-16.720768,-39.404846,BRIDGE
-16.718239,-40.088757,-16.718303,-40.088797,BRIDGE
-16.717797,-39.380747,-16.717696,-39.380640,BRIDGE
-16.717585,-39.449591,-16.717719,-39.449718,BRIDGE
-16.717532,-39.433963,-16.717648,-39.433971,BRIDGE
-16.717020,-39.804331,-16.717195,-39.804305,BRIDGE
-16.716741,-39.382807,-16.716785,-39.382684,BRIDGE
-16.715736,-39.806897,-16.715789,-39.806838,BRIDGE
-16.713011,-40.212408,-16.713006,-40.212339,BRIDGE
-16.712200,-40.111989,-16.712145,-40.111927,BRIDGE
-16.710287,-39.479151,-16.710261,-39.479067,BRIDGE
-16.709549,-40.210783,-16.709579,-40.210764,BRIDGE
-16.709287,-39.503700,-16.709268,-39.503618,BRIDGE
-16.709271,-40.133731,-16.709290,-40.133652,BRIDGE
-16.706659,-39.861644,-16.706626,-39.861727,BRIDGE
-16.705135,-39.532325,-16.705055,-39.532359,BRIDGE
-16.703453,-39.763371,-16.703692,-39.763238,BRIDGE
-16.702946,-40.045677,-16.702987,-40.045621,BRIDGE
-16.702797,-39.851610,-16.702875,-39.851634,BRIDGE
-16.701706,-39.859434,-16.701710,-39.859363,BRIDGE
-16.698414,-39.798746,-16.698353,-39.798713,BRIDGE
-16.695949,-40.084112,-16.695978,-40.084045,BRIDGE
-16.695185,-39.722008,-16.694995,-39.722054,BRIDGE
-16.692806,-40.193387,-16.692861,-40.193404,BRIDGE
-16.690592,-39.913480,-16.690636,-39.913479,BRIDGE
-16.690536,-39.702409,-16.690705,-39.702299,BRIDGE
-16.689742,-40.009853,-16.689674,-40.009841,BRIDGE
-16.687586,-40.083515,-16.687535,-40.083548,BRIDGE
-16.686104,-40.247189,-16.686155,-40.247245,BRIDGE
-16.684819,-39.876895,-16.684729,-39.876927,BRIDGE
-16.683993,-39.882072,-16.684031,-39.882093,BRIDGE
-16.681561,-39.682486,-16.681446,-39.682531,BRIDGE
-16.680511,-40.185921,-16.680583,-40.185967,BRIDGE
-16.677234,-39.240957,-16.677265,-39.240864,BRIDGE
-16.674536,-39.868864,-16.674559,-39.868910,BRIDGE
-16.673373,-39.867840,-16.673433,-39.867879,BRIDGE
-16.672969,-39.853619,-16.673068,-39.853565,BRIDGE
-16.670590,-39.868402,-16.670605,-39.868447,BRIDGE
-16.670470,-39.145150,-16.670359,-39.145097,BRIDGE
-16.668157,-39.666879,-16.668044,-39.666792,BRIDGE
-16.667717,-39.989331,-16.667680,-39.989375,BRIDGE
-16.664491,-39.645528,-16.664313,-39.645532,BRIDGE
-16.664175,-39.851945,-16.664098,-39.852023,BRIDGE
-16.660364,-39.650854,-16.660309,-39.650922,BRIDGE
-16.659861,-39.867287,-16.659914,-39.867221,BRIDGE
-16.656434,-39.943785,-16.656520,-39.943782,BRIDGE
-16.654909,-39.943561,-16.654868,-39.943618,BRIDGE
-16.651512,-40.176825,-16.651593,-40.176828,BRIDGE
-16.650782,-39.938308,-16.650804,-39.938232,BRIDGE
-16.645669,-39.833844,-16.645713,-39.833758,BRIDGE
-16.645315,-39.834309,-16.645365,-39.834373,BRIDGE
-16.642231,-39.142454,-16.641869,-39.142225,BRIDGE
-16.641399,-39.830170,-16.641395,-39.830268,BRIDGE
-16.639866,-39.599764,-16.639862,-39.599918,BRIDGE
-16.636318,-40.171220,-16.636398,-40.171233,BRIDGE
-16.634925,-40.088956,-16.635017,-40.088950,BRIDGE
-16.629497,-39.956980,-16.629529,-39.956866,BRIDGE
-16.629008,-39.741354,-16.629041,-39.741300,BRIDGE
-16.628503,-40.166575,-16.628519,-40.166618,BRIDGE
-16.627086,-39.822988,-16.627150,-39.823042,BRIDGE
-16.625211,-39.625687,-16.625185,-39.625607,BRIDGE
-16.621448,-39.940266,-16.621394,-39.940158,BRIDGE
-16.621132,-40.229534,-16.621224,-40.229434,BRIDGE
-16.617310,-39.541721,-16.617887,-39.541615,BRIDGE
-16.616870,-39.802545,-16.616968,-39.802555,BRIDGE
-16.614734,-39.553244,-16.614434,-39.553160,BRIDGE
-16.613195,-39.628587,-16.613277,-39.628619,BRIDGE
-16.612419,-40.021612,-16.612378,-40.021663,BRIDGE
-16.610884,-39.566670,-16.610885,-39.566759,BRIDGE
-16.610133,-39.868532,-16.610082,-39.868492,BRIDGE
-16.608429,-39.798287,-16.608348,-39.798431,BRIDGE
-16.608333,-39.870881,-16.608374,-39.870903,BRIDGE
-16.605819,-39.998124,-16.605810,-39.998189,BRIDGE
-16.605195,-39.633719,-16.605241,-39.633790,BRIDGE
-16.604087,-39.999715,-16.604039,-39.999716,BRIDGE
-16.601256,-40.284585,-16.601145,-40.284619,BRIDGE
-16.600282,-40.286896,-16.600257,-40.286835,BRIDGE
-16.596775,-39.723509,-16.596750,-39.723427,BRIDGE
-16.593567,-39.600788,-16.593592,-39.600725,BRIDGE
-16.593139,-39.782739,-16.593404,-39.782796,BRIDGE
-16.592491,-40.151884,-16.592556,-40.151861,BRIDGE
-16.591604,-39.718173,-16.591648,-39.718092,BRIDGE
-16.589004,-39.609532,-16.589069,-39.609585,BRIDGE
-16.588761,-39.781254,-16.588869,-39.781304,BRIDGE
-16.588122,-39.091922,-16.587956,-39.091845,BRIDGE
-16.588024,-39.804682,-16.588036,-39.804772,BRIDGE
-16.587530,-39.094834,-16.587329,-39.094822,BRIDGE
-16.587383,-39.618105,-16.587454,-39.618069,BRIDGE
-16.586138,-39.785943,-16.586264,-39.786047,BRIDGE
-16.585675,-39.785881,-16.585734,-39.785800,BRIDGE
-16.585485,-40.138957,-16.585509,-40.139231,BRIDGE
-16.585176,-39.761283,-16.585394,-39.761357,BRIDGE
-16.585001,-39.150533,-16.585236,-39.150505,BRIDGE
-16.584807,-39.661142,-16.584870,-39.661300,BRIDGE
-16.584644,-39.778351,-16.584823,-39.778222,BRIDGE
-16.584433,-39.786044,-16.584390,-39.785967,BRIDGE
-16.582850,-39.699978,-16.582723,-39.699971,BRIDGE
-16.582234,-39.154997,-16.582312,-39.155028,BRIDGE
-16.581243,-40.122502,-16.581289,-40.122575,BRIDGE
-16.581072,-39.834570,-16.581020,-39.834630,BRIDGE
-16.580583,-40.125945,-16.580533,-40.126011,BRIDGE
-16.579437,-40.160291,-16.579150,-40.160344,BRIDGE
-16.579128,-39.686449,-16.579101,-39.686518,BRIDGE
-16.576896,-39.484471,-16.576797,-39.484536,BRIDGE
-16.575924,-39.925573,-16.575846,-39.925552,BRIDGE
-16.574567,-40.261580,-16.574503,-40.261521,BRIDGE
-16.574132,-39.696325,-16.574007,-39.696310,BRIDGE
-16.574078,-39.923821,-16.574143,-39.923783,BRIDGE
-16.572443,-39.283020,-16.572410,-39.282942,BRIDGE
-16.571312,-39.740330,-16.571391,-39.740316,BRIDGE
-16.571240,-39.547289,-16.571223,-39.547355,BRIDGE
-16.571211,-39.543179,-16.571247,-39.543105,BRIDGE
-16.570962,-40.092675,-16.570995,-40.092704,BRIDGE
-16.568729,-39.996967,-16.568749,-39.996868,BRIDGE
-16.568130,-40.077796,-16.568155,-40.077845,BRIDGE
-16.566178,-39.523531,-16.566167,-39.523482,BRIDGE
-16.563972,-40.067899,-16.564025,-40.067966,BRIDGE
-16.563397,-39.751696,-16.563378,-39.751640,BRIDGE
-16.562149,-39.724844,-16.562029,-39.724852,BRIDGE
-16.561579,-39.426335,-16.561599,-39.426244,BRIDGE
-16.559325,-39.949801,-16.559122,-39.949824,BRIDGE
-16.558718,-39.448525,-16.558742,-39.448406,BRIDGE
-16.558041,-39.091422,-16.557914,-39.091369,BRIDGE
-16.555937,-39.390854,-16.555945,-39.390937,BRIDGE
-16.554990,-39.419906,-16.554918,-39.419835,BRIDGE
-16.554606,-40.037652,-16.554365,-40.037778,BRIDGE
-16.553623,-39.784289,-16.553703,-39.784313,BRIDGE
-16.549850,-39.401536,-16.549806,-39.401428,BRIDGE
-16.545645,-40.162008,-16.545666,-40.162188,BRIDGE
-16.540920,-39.959207,-16.541117,-39.959352,BRIDGE
-16.538526,-39.995303,-16.538641,-39.995255,BRIDGE
-16.537520,-39.872337,-16.537497,-39.872252,BRIDGE
-16.537016,-40.074123,-16.537052,-40.074039,BRIDGE
-16.535834,-39.999324,-16.535568,-39.999525,BRIDGE
-16.535107,-39.537904,-16.535037,-39.537860,BRIDGE
-16.532757,-39.468512,-16.532720,-39.468513,BRIDGE
-16.531237,-39.550497,-16.531156,-39.550490,BRIDGE
-16.528937,-39.421608,-16.528856,-39.421599,BRIDGE
-16.528732,-40.075271,-16.528816,-40.075271,BRIDGE
-16.521387,-39.485397,-16.521367,-39.485441,BRIDGE
-16.520953,-39.563350,-16.520976,-39.563260,BRIDGE
-16.520125,-39.159093,-16.520172,-39.159144,BRIDGE
-16.512402,-40.155371,-16.512316,-40.155383,BRIDGE
-16.509676,-39.718104,-16.509938,-39.718461,BRIDGE
-16.507391,-40.006864,-16.507325,-40.006866,BRIDGE
-16.505118,-39.963026,-16.505472,-39.962674,BRIDGE
-16.504293,-39.457430,-16.504226,-39.457404,BRIDGE
-16.504230,-39.676318,-16.504378,-39.676270,BRIDGE
-16.503109,-39.679258,-16.503230,-39.679292,BRIDGE
-16.501386,-39.574490,-16.501389,-39.574404,BRIDGE
-16.490564,-39.486540,-16.490636,-39.486447,BRIDGE
-16.487916,-40.133823,-16.487863,-40.133831,BRIDGE
-16.486142,-40.133467,-16.486089,-40.133487,BRIDGE
-16.484884,-40.103973,-16.484917,-40.104045,BRIDGE
-16.482105,-40.025267,-16.482184,-40.025236,BRIDGE
-16.478306,-39.624287,-16.478234,-39.624291,BRIDGE
-16.474943,-39.725597,-16.475182,-39.725500,BRIDGE
-16.474304,-39.380930,-16.474417,-39.380985,BRIDGE
-16.474192,-39.676325,-16.474269,-39.676166,BRIDGE
-16.473729,-39.725769,-16.473906,-39.725763,BRIDGE
-16.472399,-39.676532,-16.472620,-39.676495,BRIDGE
-16.471545,-39.505877,-16.471463,-39.505845,BRIDGE
-16.471483,-39.774012,-16.471523,-39.774125,BRIDGE
-16.471204,-39.575741,-16.471357,-39.575907,BRIDGE
-16.469551,-39.592761,-16.469481,-39.592715,BRIDGE
-16.469526,-40.111898,-16.469505,-40.111815,BRIDGE
-16.468626,-40.105843,-16.468586,-40.105919,BRIDGE
-16.466570,-40.120120,-16.466641,-40.120119,BRIDGE
-16.466133,-40.116627,-16.466219,-40.116674,BRIDGE
-16.464366,-40.107979,-16.464384,-40.108053,BRIDGE
-16.462196,-39.993944,-16.462276,-39.993961,BRIDGE
-16.461789,-39.610996,-16.461868,-39.611015,BRIDGE
-16.460391,-39.983859,-16.460474,-39.983850,BRIDGE
-16.459810,-39.963641,-16.459726,-39.963583,BRIDGE
-16.458952,-39.672023,-16.459111,-39.671950,BRIDGE
-16.458697,-39.976278,-16.458616,-39.976267,BRIDGE
-16.454729,-39.921609,-16.455087,-39.921328,BRIDGE
-16.454374,-40.050127,-16.454311,-40.050084,BRIDGE
-16.453657,-39.672085,-16.453799,-39.671962,BRIDGE
-16.452736,-39.970470,-16.452673,-39.970335,BRIDGE
-16.449831,-39.778114,-16.449854,-39.778053,BRIDGE
-16.448044,-39.643651,-16.448045,-39.643218,BRIDGE
-16.447855,-40.010627,-16.447926,-40.010685,BRIDGE
-16.446422,-39.986774,-16.446296,-39.986752,BRIDGE
-16.444020,-40.106983,-16.444077,-40.106974,BRIDGE
-16.443072,-39.764607,-16.443003,-39.764573,BRIDGE
-16.443016,-39.766479,-16.443061,-39.766425,BRIDGE
-16.441053,-39.417170,-16.440998,-39.417133,BRIDGE
-16.441022,-39.982852,-16.440962,-39.982673,BRIDGE
-16.440420,-40.036955,-16.440497,-40.036986,BRIDGE
-16.440217,-39.631451,-16.440500,-39.631623,BRIDGE
-16.437715,-39.545263,-16.437609,-39.545375,BRIDGE
-16.435398,-39.903325,-16.435712,-39.903395,BRIDGE
-16.434565,-39.062814,-16.434856,-39.062812,BRIDGE
-16.432627,-39.679853,-16.432917,-39.679838,BRIDGE
-16.427514,-39.678134,-16.427633,-39.678116,BRIDGE
-16.427426,-39.730615,-16.427593,-39.730725,BRIDGE
-16.427363,-39.976440,-16.427276,-39.976439,BRIDGE
-16.425978,-39.709009,-16.426065,-39.708924,BRIDGE
-16.424750,-39.895362,-16.424933,-39.895115,BRIDGE
-16.423820,-39.353897,-16.424546,-39.353749,BRIDGE
-16.421954,-40.010893,-16.421989,-40.010985,BRIDGE
-16.418804,-39.053734,-16.418929,-39.053879,BRIDGE
-16.414189,-39.710011,-16.414358,-39.710134,BRIDGE
-16.413167,-39.690189,-16.413121,-39.689921,BRIDGE
-16.413157,-39.586819,-16.413788,-39.586654,BRIDGE
-16.412789,-39.709624,-16.413077,-39.709667,BRIDGE
-16.410400,-39.049985,-16.410566,-39.050126,BRIDGE
-16.404539,-39.981582,-16.404469,-39.981511,BRIDGE
-16.404483,-39.689005,-16.404627,-39.688865,BRIDGE
-16.404140,-39.698599,-16.404359,-39.698517,BRIDGE
-16.402776,-39.958902,-16.402816,-39.958858,BRIDGE
-16.400936,-39.084961,-16.400828,-39.085034,BRIDGE
-16.399959,-39.557365,-16.400011,-39.557432,BRIDGE
-16.394457,-39.557390,-16.394606,-39.557270,BRIDGE
-16.393617,-39.675812,-16.393480,-39.675488,BRIDGE
-16.392666,-39.285815,-16.393158,-39.286211,BRIDGE
-16.391880,-39.614245,-16.392066,-39.614385,BRIDGE
-16.391705,-39.608033,-16.391870,-39.607917,BRIDGE
-16.385765,-39.689619,-16.385458,-39.689339,BRIDGE
-16.384610,-39.488665,-16.384722,-39.489029,BRIDGE
-16.381939,-39.829105,-16.381825,-39.828834,BRIDGE
-16.380730,-39.498530,-16.380396,-39.498159,BRIDGE
-16.379713,-39.027545,-16.379971,-39.027765,BRIDGE
-16.379140,-39.486062,-16.379163,-39.485896,BRIDGE
-16.378049,-39.488205,-16.378512,-39.488223,BRIDGE
-16.377659,-39.037011,-16.377566,-39.037121,BRIDGE
-16.372707,-39.033526,-16.372763,-39.033551,BRIDGE
-16.369850,-39.843808,-16.370128,-39.843186,BRIDGE
-16.369661,-39.466152,-16.369963,-39.466215,BRIDGE
-16.369335,-39.786362,-16.369200,-39.786377,BRIDGE
-16.369117,-39.484486,-16.369263,-39.484363,BRIDGE
-16.369096,-39.707511,-16.369109,-39.707405,BRIDGE
-16.368478,-39.597308,-16.368392,-39.596993,BRIDGE
-16.364530,-39.495895,-16.364705,-39.495734,BRIDGE
-16.364360,-39.578906,-16.364781,-39.578776,BRIDGE
-16.363464,-39.571679,-16.363304,-39.571740,BRIDGE
-16.360470,-39.566408,-16.360420,-39.566488,BRIDGE
-16.360202,-39.517567,-16.359986,-39.517309,BRIDGE
-16.359932,-39.527374,-16.360000,-39.527406,BRIDGE
-16.358818,-39.532872,-16.358694,-39.532861,BRIDGE
-16.353739,-39.724104,-16.354112,-39.724314,BRIDGE
-16.353344,-39.783817,-16.353388,-39.783759,BRIDGE
-16.351565,-39.501643,-16.351904,-39.501717,BRIDGE
-16.349889,-39.718182,-16.350069,-39.718182,BRIDGE
-16.347609,-39.986046,-16.347588,-39.986120,BRIDGE
-16.347338,-39.492934,-16.347699,-39.493185,BRIDGE
-16.341544,-39.504878,-16.342114,-39.505071,BRIDGE
-16.339037,-39.681928,-16.339530,-39.682130,BRIDGE
-16.334922,-39.015435,-16.334955,-39.015213,BRIDGE
-16.333204,-39.984114,-16.333231,-39.984046,BRIDGE
-16.330096,-39.648493,-16.330441,-39.648663,BRIDGE
-16.326791,-39.021037,-16.327140,-39.021036,BRIDGE
-16.325574,-39.024760,-16.325581,-39.024668,BRIDGE
-16.317512,-39.267862,-16.317562,-39.267815,BRIDGE
-16.317372,-39.768448,-16.317333,-39.768524,BRIDGE
-16.314787,-39.637971,-16.314555,-39.637910,BRIDGE
-16.312798,-39.375319,-16.312749,-39.375316,BRIDGE
-16.297226,-39.661300,-16.297367,-39.661272,BRIDGE
-16.294813,-39.545812,-16.294896,-39.545820,BRIDGE
-16.291451,-39.568978,-16.291521,-39.569055,BRIDGE
-16.290042,-39.532979,-16.290118,-39.532976,BRIDGE
-16.288352,-39.024690,-16.288385,-39.024618,BRIDGE
-16.287661,-39.130175,-16.287596,-39.130157,BRIDGE
-16.285787,-39.076722,-16.285929,-39.076552,BRIDGE
-16.283474,-39.023723,-16.283712,-39.023691,BRIDGE
-16.282065,-39.021705,-16.282039,-39.021874,BRIDGE
-16.279671,-39.236874,-16.279819,-39.236862,BRIDGE
-16.279256,-39.639250,-16.279441,-39.639226,BRIDGE
-16.278343,-39.066050,-16.278411,-39.065913,BRIDGE
-16.278143,-39.537256,-16.278313,-39.537179,BRIDGE
-16.277901,-39.108178,-16.277818,-39.108189,BRIDGE
-16.272582,-39.292872,-16.272632,-39.292911,BRIDGE
-16.267285,-39.434096,-16.267303,-39.433919,BRIDGE
-16.267117,-39.901743,-16.267064,-39.901723,BRIDGE
-16.266270,-39.361940,-16.266487,-39.361912,BRIDGE
-16.265686,-39.584988,-16.266489,-39.584860,BRIDGE
-16.261638,-39.589821,-16.261760,-39.590010,BRIDGE
-16.260025,-39.128625,-16.259708,-39.128397,BRIDGE
-16.258569,-39.445113,-16.258486,-39.445095,BRIDGE
-16.237461,-39.347270,-16.237382,-39.347329,BRIDGE
-16.232606,-39.893591,-16.232552,-39.893655,BRIDGE
-16.230135,-39.668955,-16.230082,-39.669021,BRIDGE
-16.229996,-39.696954,-16.229917,-39.696918,BRIDGE
-16.229177,-39.889120,-16.229253,-39.889108,BRIDGE
-16.221883,-39.525015,-16.221548,-39.524772,BRIDGE
-16.206860,-39.217318,-16.206872,-39.217212,BRIDGE
-16.197132,-39.376926,-16.196828,-39.376945,BRIDGE
-16.196995,-39.818892,-16.196945,-39.818907,BRIDGE
-16.193705,-38.978252,-16.194622,-38.978167,BRIDGE
-16.166040,-39.335285,-16.165896,-39.335285,BRIDGE
-16.164304,-39.396912,-16.164244,-39.396944,BRIDGE
-16.160512,-39.000258,-16.160326,-39.000481,BRIDGE
-16.157766,-39.146755,-16.157647,-39.146715,BRIDGE
-16.147194,-39.364488,-16.147258,-39.364423,BRIDGE
-16.144481,-39.605429,-16.144521,-39.605485,BRIDGE
-16.138119,-39.019546,-16.138124,-39.019139,BRIDGE
-16.134137,-39.837589,-16.134216,-39.837631,BRIDGE
-16.132243,-39.278910,-16.132417,-39.278976,BRIDGE
-16.120019,-38.960018,-16.120061,-38.960093,BRIDGE
-16.119053,-39.643383,-16.119042,-39.643445,BRIDGE
-16.112285,-38.962755,-16.112366,-38.962749,BRIDGE
-16.101600,-39.128044,-16.101538,-39.127944,BRIDGE
-16.096333,-39.105838,-16.096295,-39.105892,BRIDGE
-16.090693,-39.663052,-16.090728,-39.662977,BRIDGE
-16.090408,-39.614667,-16.090577,-39.614537,BRIDGE
-16.085871,-39.618185,-16.085936,-39.618132,BRIDGE
-16.085869,-38.950724,-16.085771,-38.951067,BRIDGE
-16.085453,-39.619767,-16.085977,-39.619764,BRIDGE
-16.083439,-39.492819,-16.083349,-39.492840,BRIDGE
-16.078972,-39.554510,-16.079024,-39.554447,BRIDGE
-16.077674,-39.814303,-16.077535,-39.814651,BRIDGE
-16.073745,-39.570193,-16.073701,-39.570240,BRIDGE
-16.071736,-38.999848,-16.071725,-38.999920,BRIDGE
-16.066202,-39.536081,-16.066288,-39.535895,BRIDGE
-16.044638,-39.519799,-16.044728,-39.519890,BRIDGE
-16.041736,-39.682943,-16.041738,-39.682871,BRIDGE
-16.034306,-39.399730,-16.037544,-39.402176,BRIDGE
-16.028766,-38.941722,-16.028695,-38.942014,BRIDGE
-16.010716,-39.506954,-16.010704,-39.506658,BRIDGE
-16.010282,-38.976711,-16.010362,-38.976697,BRIDGE
-16.009219,-39.921119,-16.009065,-39.921505,BRIDGE
-15.992997,-39.948755,-15.993046,-39.948835,BRIDGE
-15.974408,-39.023094,-15.974334,-39.023011,BRIDGE
-15.963316,-39.086451,-15.963173,-39.086275,BRIDGE
-15.947355,-39.559160,-15.951970,-39.558898,BRIDGE
-15.924679,-39.323800,-15.924760,-39.323799,BRIDGE
-15.913251,-39.891649,-15.913189,-39.891744,BRIDGE
-15.909953,-39.919233,-15.910015,-39.919287,BRIDGE
-15.908672,-39.893782,-15.908631,-39.893712,BRIDGE
-15.907590,-39.940993,-15.907569,-39.941088,BRIDGE
-15.907535,-39.560760,-15.907635,-39.560753,BRIDGE
-15.906870,-39.566947,-15.906857,-39.567161,BRIDGE
-15.906501,-39.559985,-15.906554,-39.559940,BRIDGE
-15.906325,-39.559177,-15.906390,-39.559174,BRIDGE
-15.903456,-39.557370,-15.903566,-39.557535,BRIDGE
-15.902933,-39.597820,-15.902989,-39.597958,BRIDGE
-15.897228,-39.850619,-15.897246,-39.850777,BRIDGE
-15.890908,-39.336478,-15.890835,-39.336520,BRIDGE
-15.885878,-39.795158,-15.885911,-39.795236,BRIDGE
-15.883171,-39.673779,-15.883132,-39.673989,BRIDGE
-15.883066,-39.282750,-15.883108,-39.282654,BRIDGE
-15.882988,-39.368342,-15.882957,-39.368420,BRIDGE
-15.882294,-39.865780,-15.882224,-39.865765,BRIDGE
-15.876662,-39.759973,-15.876923,-39.760095,BRIDGE
-15.872839,-39.721292,-15.872802,-39.721377,BRIDGE
-15.870695,-38.882858,-15.870787,-38.882796,BRIDGE
-15.870143,-38.879227,-15.870041,-38.879207,BRIDGE
-15.869818,-39.977569,-15.869590,-39.977682,BRIDGE
-15.867156,-39.507661,-15.867243,-39.507554,BRIDGE
-15.866626,-38.876483,-15.866536,-38.876507,BRIDGE
-15.865363,-39.386651,-15.865447,-39.386633,BRIDGE
-15.865173,-38.875719,-15.865143,-38.875786,BRIDGE
-15.863512,-38.874735,-15.863409,-38.874965,BRIDGE
-15.861497,-39.414257,-15.861454,-39.414194,BRIDGE
-15.857109,-38.946456,-15.857018,-38.946453,BRIDGE
-15.856873,-39.262940,-15.856817,-39.263039,BRIDGE
-15.856413,-38.868944,-15.856356,-38.869133,BRIDGE
-15.855355,-39.586512,-15.855274,-39.586496,BRIDGE
-15.855019,-39.516882,-15.855060,-39.516683,BRIDGE
-15.851156,-39.252149,-15.851054,-39.252225,BRIDGE
-15.846048,-39.378404,-15.845975,-39.378317,BRIDGE
-15.845995,-39.031720,-15.846137,-39.031683,BRIDGE
-15.844640,-39.392929,-15.844582,-39.392858,BRIDGE
-15.838317,-38.998154,-15.838275,-38.998117,BRIDGE
-15.837761,-39.720707,-15.837647,-39.720690,BRIDGE
-15.835279,-40.000928,-15.835070,-40.000910,BRIDGE
-15.831213,-39.238985,-15.831150,-39.239119,BRIDGE
-15.824294,-39.107511,-15.824208,-39.107502,BRIDGE
-15.824025,-39.203784,-15.824036,-39.203868,BRIDGE
-15.823909,-39.723996,-15.823789,-39.724024,BRIDGE
-15.822371,-40.169083,-15.822313,-40.169048,BRIDGE
-15.820569,-39.550460,-15.820620,-39.550434,BRIDGE
-15.819279,-40.324496,-15.819341,-40.324616,BRIDGE
-15.818644,-40.227263,-15.818879,-40.227389,BRIDGE
-15.806501,-39.169178,-15.806398,-39.169241,BRIDGE
-15.800849,-39.685137,-15.800776,-39.685133,BRIDGE
-15.800562,-39.716370,-15.800670,-39.716282,BRIDGE
-15.799736,-39.320518,-15.799646,-39.320589,BRIDGE
-15.798810,-40.147044,-15.798747,-40.147024,BRIDGE
-15.797543,-40.238111,-15.797642,-40.237990,BRIDGE
-15.793756,-39.304818,-15.793693,-39.304757,BRIDGE
-15.793386,-40.345524,-15.793412,-40.345444,BRIDGE
-15.789606,-39.252984,-15.789525,-39.252961,BRIDGE
-15.789364,-39.674583,-15.789304,-39.674573,BRIDGE
-15.788711,-40.006723,-15.788639,-40.006717,BRIDGE
-15.787185,-39.835102,-15.787251,-39.835043,BRIDGE
-15.779654,-40.298460,-15.779598,-40.298398,BRIDGE
-15.774733,-40.243230,-15.774597,-40.243170,BRIDGE
-15.774442,-40.243561,-15.774582,-40.243635,BRIDGE
-15.773341,-40.150804,-15.773225,-40.150793,BRIDGE
-15.772987,-39.758789,-15.773065,-39.758792,BRIDGE
-15.769460,-40.013386,-15.769532,-40.013329,BRIDGE
-15.767520,-40.084609,-15.767552,-40.084690,BRIDGE
-15.767377,-39.930839,-15.767363,-39.930945,BRIDGE
-15.765640,-39.783993,-15.765553,-39.783923,BRIDGE
-15.764544,-40.297493,-15.764622,-40.297497,BRIDGE
-15.763358,-40.549327,-15.763510,-40.549250,BRIDGE
-15.763246,-39.766954,-15.762862,-39.766886,BRIDGE
-15.760864,-39.212891,-15.760734,-39.212924,BRIDGE
-15.760558,-40.147098,-15.760538,-40.147017,BRIDGE
-15.759044,-40.003675,-15.758947,-40.003741,BRIDGE
-15.758361,-40.150297,-15.758442,-40.150312,BRIDGE
-15.756448,-40.232765,-15.756394,-40.232850,BRIDGE
-15.756023,-40.407805,-15.755990,-40.407857,BRIDGE
-15.755246,-39.210465,-15.755150,-39.210429,BRIDGE
-15.744767,-39.365815,-15.744848,-39.365811,BRIDGE
-15.738171,-40.042720,-15.738131,-40.042758,BRIDGE
-15.737833,-40.403531,-15.737891,-40.403514,BRIDGE
-15.735074,-40.398783,-15.735026,-40.398823,BRIDGE
-15.733970,-39.984670,-15.733896,-39.984625,BRIDGE
-15.729327,-39.258462,-15.729444,-39.258547,BRIDGE
-15.723040,-40.043316,-15.722981,-40.043296,BRIDGE
-15.720940,-40.406160,-15.720893,-40.406253,BRIDGE
-15.718872,-39.793856,-15.718812,-39.793913,BRIDGE
-15.715197,-39.543341,-15.715219,-39.543422,BRIDGE
-15.714845,-39.605529,-15.714823,-39.605610,BRIDGE
-15.710626,-40.076498,-15.710551,-40.076462,BRIDGE
-15.707807,-40.644596,-15.707886,-40.644590,BRIDGE
-15.706882,-40.288760,-15.706685,-40.288775,BRIDGE
-15.704979,-40.498337,-15.704908,-40.498378,BRIDGE
-15.704677,-40.406714,-15.704821,-40.406819,BRIDGE
-15.704633,-40.284287,-15.704679,-40.284353,BRIDGE
-15.704213,-40.570225,-15.704138,-40.570250,BRIDGE
-15.702750,-40.666698,-15.702776,-40.666650,BRIDGE
-15.701944,-40.653695,-15.701990,-40.653732,BRIDGE
-15.701697,-40.659423,-15.701679,-40.659462,BRIDGE
-15.700136,-40.637600,-15.700194,-40.637650,BRIDGE
-15.699534,-39.141273,-15.699469,-39.141270,BRIDGE
-15.698912,-40.620119,-15.698832,-40.620142,BRIDGE
-15.698742,-39.621582,-15.698731,-39.621653,BRIDGE
-15.698701,-40.654927,-15.698730,-40.654904,BRIDGE
-15.698454,-40.601196,-15.698321,-40.601287,BRIDGE
-15.697846,-40.603911,-15.697764,-40.603889,BRIDGE
-15.697695,-39.535584,-15.697702,-39.535688,BRIDGE
-15.697085,-40.672206,-15.697114,-40.672187,BRIDGE
-15.696953,-39.652929,-15.696970,-39.652847,BRIDGE
-15.696733,-40.628781,-15.696767,-40.628868,BRIDGE
-15.696101,-40.635884,-15.696180,-40.635825,BRIDGE
-15.695901,-40.634052,-15.695948,-40.634102,BRIDGE
-15.695820,-40.137480,-15.695752,-40.137482,BRIDGE
-15.695656,-40.410359,-15.695575,-40.410455,BRIDGE
-15.694914,-39.143366,-15.694903,-39.143488,BRIDGE
-15.693717,-39.100991,-15.693797,-39.100940,BRIDGE
-15.693414,-40.660637,-15.693465,-40.660667,BRIDGE
-15.693339,-39.617680,-15.693294,-39.617609,BRIDGE
-15.692308,-39.774454,-15.692316,-39.774369,BRIDGE
-15.691081,-39.016899,-15.689455,-39.016855,BRIDGE
-15.686601,-39.892739,-15.686808,-39.892842,BRIDGE
-15.685429,-40.521747,-15.685642,-40.521721,BRIDGE
-15.684592,-39.833888,-15.684543,-39.833879,BRIDGE
-15.684564,-40.662950,-15.684543,-40.662880,BRIDGE
-15.684124,-40.115905,-15.684205,-40.115909,BRIDGE
-15.683744,-38.949222,-15.683739,-38.949059,BRIDGE
-15.682535,-40.417185,-15.682511,-40.417056,BRIDGE
-15.681465,-39.538320,-15.681548,-39.538344,BRIDGE
-15.680858,-39.718927,-15.680841,-39.718344,BRIDGE
-15.680072,-40.756823,-15.680062,-40.756740,BRIDGE
-15.679059,-39.891092,-15.679100,-39.891123,BRIDGE
-15.678001,-40.511203,-15.677852,-40.511400,BRIDGE
-15.677915,-40.521474,-15.677992,-40.521503,BRIDGE
-15.676467,-38.938763,-15.676330,-38.937541,BRIDGE
-15.675086,-40.209430,-15.675135,-40.209477,BRIDGE
-15.672560,-40.091246,-15.672494,-40.091185,BRIDGE
-15.671833,-40.509645,-15.671852,-40.509766,BRIDGE
-15.669126,-40.288303,-15.669107,-40.288201,BRIDGE
-15.667964,-40.016791,-15.668121,-40.016685,BRIDGE
-15.667530,-40.014959,-15.667421,-40.014885,BRIDGE
-15.667269,-39.543191,-15.667337,-39.543144,BRIDGE
-15.667221,-39.838765,-15.667327,-39.838687,BRIDGE
-15.667204,-40.545153,-15.667259,-40.545095,BRIDGE
-15.665718,-40.249234,-15.665693,-40.249318,BRIDGE
-15.665667,-39.943467,-15.665530,-39.943372,BRIDGE
-15.665619,-39.989772,-15.665701,-39.989794,BRIDGE
-15.664260,-39.915725,-15.664243,-39.915617,BRIDGE
-15.663502,-39.963316,-15.663574,-39.963359,BRIDGE
-15.663490,-39.910087,-15.663462,-39.909857,BRIDGE
-15.662951,-40.416146,-15.662950,-40.416218,BRIDGE
-15.662407,-40.026330,-15.662474,-40.026294,BRIDGE
-15.662031,-40.068484,-15.661921,-40.068458,BRIDGE
-15.659199,-38.987265,-15.659258,-38.986068,BRIDGE
-15.657754,-40.107807,-15.657820,-40.107856,BRIDGE
-15.657513,-40.061521,-15.657544,-40.061450,BRIDGE
-15.657382,-39.925140,-15.657695,-39.925361,BRIDGE
-15.657342,-39.318307,-15.657314,-39.318355,BRIDGE
-15.656810,-40.440879,-15.656728,-40.440876,BRIDGE
-15.656532,-39.317620,-15.656198,-39.317656,BRIDGE
-15.655890,-40.055586,-15.655956,-40.055448,BRIDGE
-15.654677,-40.494132,-15.654660,-40.494022,BRIDGE
-15.650568,-40.418035,-15.650515,-40.418084,BRIDGE
-15.650541,-40.035793,-15.650482,-40.035764,BRIDGE
-15.650324,-40.169125,-15.650256,-40.169207,BRIDGE
-15.648174,-40.493465,-15.648245,-40.493245,BRIDGE
-15.645101,-40.410321,-15.645189,-40.410354,BRIDGE
-15.643433,-40.312461,-15.643407,-40.312373,BRIDGE
-15.643166,-40.748351,-15.643149,-40.748290,BRIDGE
-15.642616,-40.060450,-15.642693,-40.060421,BRIDGE
-15.640807,-40.030664,-15.640749,-40.030717,BRIDGE
-15.640645,-39.950322,-15.640705,-39.950234,BRIDGE
-15.639968,-40.491006,-15.639958,-40.491108,BRIDGE
-15.639497,-39.898893,-15.639306,-39.899022,BRIDGE
-15.638837,-40.307001,-15.638932,-40.307002,BRIDGE
-15.636322,-40.227869,-15.636295,-40.228031,BRIDGE
-15.631388,-40.120392,-15.631364,-40.120311,BRIDGE
-15.631242,-40.282454,-15.631206,-40.282377,BRIDGE
-15.631170,-40.019547,-15.631220,-40.019511,BRIDGE
-15.631068,-40.282094,-15.630978,-40.281919,BRIDGE
-15.627621,-39.945491,-15.627617,-39.945580,BRIDGE
-15.625693,-40.230935,-15.625684,-40.230672,BRIDGE
-15.625413,-39.537571,-15.625496,-39.537499,BRIDGE
-15.621473,-40.069010,-15.621549,-40.068979,BRIDGE
-15.619497,-40.727026,-15.619532,-40.726949,BRIDGE
-15.619008,-40.169703,-15.618938,-40.169593,BRIDGE
-15.618117,-39.443469,-15.618132,-39.443406,BRIDGE
-15.615169,-40.488336,-15.615152,-40.487941,BRIDGE
-15.614619,-40.265682,-15.614841,-40.265444,BRIDGE
-15.613342,-40.006793,-15.613269,-40.006757,BRIDGE
-15.611170,-40.411387,-15.611428,-40.411263,BRIDGE
-15.609172,-40.730615,-15.609215,-40.730688,BRIDGE
-15.606445,-40.481244,-15.606419,-40.481378,BRIDGE
-15.600984,-40.671661,-15.600999,-40.671609,BRIDGE
-15.600484,-40.547328,-15.600565,-40.547302,BRIDGE
-15.598163,-40.135786,-15.598328,-40.135803,BRIDGE
-15.597300,-40.415163,-15.597288,-40.415060,BRIDGE
-15.596636,-40.133993,-15.596467,-40.133730,BRIDGE
-15.596151,-40.480502,-15.596203,-40.480336,BRIDGE
-15.594955,-40.528438,-15.595056,-40.528438,BRIDGE
-15.594752,-39.061463,-15.594982,-39.061616,BRIDGE
-15.593994,-40.235732,-15.594118,-40.235706,BRIDGE
-15.593967,-39.206165,-15.594036,-39.206209,BRIDGE
-15.593928,-40.538042,-15.593910,-40.537969,BRIDGE
-15.593743,-40.532204,-15.593754,-40.532111,BRIDGE
-15.592106,-40.672187,-15.592107,-40.672142,BRIDGE
-15.589980,-40.592587,-15.590038,-40.592494,BRIDGE
-15.589077,-39.876570,-15.588716,-39.876758,BRIDGE
-15.585584,-40.517336,-15.585559,-40.517247,BRIDGE
-15.584506,-40.479332,-15.584602,-40.479363,BRIDGE
-15.583239,-41.047394,-15.583364,-41.047331,BRIDGE
-15.581453,-40.607204,-15.581448,-40.607133,BRIDGE
-15.578947,-39.408902,-15.580460,-39.411251,BRIDGE
-15.578194,-40.625788,-15.578155,-40.625864,BRIDGE
-15.578096,-39.650530,-15.578007,-39.650447,BRIDGE
-15.577476,-40.671883,-15.577440,-40.671835,BRIDGE
-15.575033,-38.984224,-15.575051,-38.984088,BRIDGE
-15.574817,-39.884915,-15.574785,-39.884952,BRIDGE
-15.572480,-39.878830,-15.572186,-39.878708,BRIDGE
-15.570944,-40.540945,-15.571021,-40.540941,BRIDGE
-15.570182,-40.422167,-15.570140,-40.422194,BRIDGE
-15.569446,-40.428360,-15.569410,-40.428228,BRIDGE
-15.569145,-39.652497,-15.569124,-39.652550,BRIDGE
-15.565894,-39.304853,-15.565846,-39.304785,BRIDGE
-15.564525,-40.430558,-15.564561,-40.430736,BRIDGE
-15.563775,-39.274821,-15.563670,-39.274481,BRIDGE
-15.563539,-40.347942,-15.563560,-40.347891,BRIDGE
-15.560317,-40.222795,-15.560245,-40.222760,BRIDGE
-15.559616,-41.135169,-15.559741,-41.135047,BRIDGE
-15.555680,-40.093455,-15.555609,-40.093436,BRIDGE
-15.553156,-40.551937,-15.553148,-40.551977,BRIDGE
-15.551123,-40.712347,-15.551069,-40.712296,BRIDGE
-15.549878,-39.303120,-15.549807,-39.303228,BRIDGE
-15.549588,-40.447837,-15.549998,-40.447673,BRIDGE
-15.548327,-40.744288,-15.548294,-40.744365,BRIDGE
-15.547127,-40.619978,-15.547069,-40.619966,BRIDGE
-15.545334,-40.907622,-15.545263,-40.907652,BRIDGE
-15.544902,-39.494719,-15.544645,-39.494627,BRIDGE
-15.544439,-40.908687,-15.544333,-40.908876,BRIDGE
-15.543618,-40.723515,-15.543662,-40.723585,BRIDGE
-15.543057,-40.345954,-15.543165,-40.345835,BRIDGE
-15.542955,-41.151859,-15.543026,-41.151869,BRIDGE
-15.539803,-40.021138,-15.539741,-40.021128,BRIDGE
-15.538702,-40.643314,-15.538689,-40.643252,BRIDGE
-15.537530,-40.734413,-15.537462,-40.734369,BRIDGE
-15.537001,-40.908615,-15.536896,-40.908632,BRIDGE
-15.533374,-40.481886,-15.533420,-40.481816,BRIDGE
-15.533273,-40.905865,-15.533228,-40.905792,BRIDGE
-15.533255,-40.651489,-15.533173,-40.651530,BRIDGE
-15.533177,-40.906958,-15.533193,-40.906833,BRIDGE
-15.533120,-40.429761,-15.533067,-40.429824,BRIDGE
-15.533032,-39.349819,-15.533059,-39.349688,BRIDGE
-15.533004,-40.904242,-15.532841,-40.904391,BRIDGE
-15.532691,-40.908310,-15.532765,-40.908217,BRIDGE
-15.532629,-40.910248,-15.532467,-40.910236,BRIDGE
-15.531003,-40.013572,-15.531031,-40.013532,BRIDGE
-15.528308,-39.501193,-15.527936,-39.500924,BRIDGE
-15.526496,-40.914018,-15.526356,-40.914010,BRIDGE
-15.523772,-39.359462,-15.523814,-39.359534,BRIDGE
-15.522750,-39.833607,-15.522778,-39.833808,BRIDGE
-15.521085,-39.875928,-15.519592,-39.875250,BRIDGE
-15.520758,-39.315057,-15.520827,-39.315012,BRIDGE
-15.519184,-40.909297,-15.518731,-40.909391,BRIDGE
-15.515143,-40.694033,-15.515163,-40.693975,BRIDGE
-15.512754,-41.236926,-15.513587,-41.237328,BRIDGE
-15.512080,-39.326889,-15.512013,-39.326865,BRIDGE
-15.508665,-39.661106,-15.508744,-39.661128,BRIDGE
-15.508396,-39.646608,-15.508405,-39.646672,BRIDGE
-15.508025,-39.004067,-15.508124,-39.004040,BRIDGE
-15.508005,-39.648534,-15.507988,-39.648603,BRIDGE
-15.506182,-39.577021,-15.506526,-39.577096,BRIDGE
-15.506110,-39.280519,-15.505968,-39.280503,BRIDGE
-15.505318,-39.894863,-15.505275,-39.894927,BRIDGE
-15.505053,-39.336067,-15.504990,-39.336053,BRIDGE
-15.503453,-39.448688,-15.503608,-39.448645,BRIDGE
-15.500408,-39.341872,-15.500483,-39.341971,BRIDGE
-15.495272,-40.706249,-15.495256,-40.706167,BRIDGE
-15.495102,-39.343303,-15.495137,-39.343379,BRIDGE
-15.494625,-40.745862,-15.494637,-40.745946,BRIDGE
-15.493603,-40.684787,-15.493589,-40.684713,BRIDGE
-15.491417,-39.434249,-15.491346,-39.434772,BRIDGE
-15.489640,-40.375526,-15.489714,-40.375561,BRIDGE
-15.488361,-39.434049,-15.488349,-39.434195,BRIDGE
-15.488314,-40.911651,-15.488073,-40.911921,BRIDGE
-15.486961,-39.432521,-15.487079,-39.432504,BRIDGE
-15.486703,-39.298553,-15.486641,-39.298498,BRIDGE
-15.486315,-39.623665,-15.486448,-39.623562,BRIDGE
-15.485385,-39.405301,-15.485326,-39.405274,BRIDGE
-15.484767,-39.406599,-15.484639,-39.406529,BRIDGE
-15.483857,-39.224183,-15.483703,-39.224279,BRIDGE
-15.482939,-39.617615,-15.483170,-39.617464,BRIDGE
-15.481749,-39.422654,-15.481629,-39.422760,BRIDGE
-15.478920,-40.406698,-15.479168,-40.406623,BRIDGE
-15.478548,-39.094870,-15.478549,-39.094951,BRIDGE
-15.474682,-39.684925,-15.474689,-39.684996,BRIDGE
-15.473842,-39.443429,-15.473610,-39.443819,BRIDGE
-15.473790,-39.645165,-15.473949,-39.645336,BRIDGE
-15.472696,-39.315310,-15.472623,-39.315199,BRIDGE
-15.471147,-39.318438,-15.471229,-39.318436,BRIDGE
-15.470298,-39.438776,-15.470409,-39.438775,BRIDGE
-15.470046,-39.614150,-15.470163,-39.614270,BRIDGE
-15.469303,-40.746331,-15.469105,-40.746267,BRIDGE
-15.468282,-39.324214,-15.468317,-39.324289,BRIDGE
-15.468245,-40.376955,-15.468305,-40.377036,BRIDGE
-15.465358,-40.580833,-15.465283,-40.580788,BRIDGE
-15.465170,-39.668387,-15.465264,-39.668450,BRIDGE
-15.464689,-39.805218,-15.464626,-39.805280,BRIDGE
-15.463618,-39.664093,-15.463587,-39.663967,BRIDGE
-15.462699,-39.655326,-15.462668,-39.655056,BRIDGE
-15.462215,-39.656085,-15.462132,-39.656132,BRIDGE
-15.461926,-39.250104,-15.461827,-39.250134,BRIDGE
-15.461762,-40.741809,-15.461623,-40.741818,BRIDGE
-15.461668,-40.741058,-15.461428,-40.741121,BRIDGE
-15.460724,-40.528449,-15.460805,-40.528410,BRIDGE
-15.460314,-38.991881,-15.460455,-38.991902,BRIDGE
-15.459673,-39.226379,-15.459537,-39.226369,BRIDGE
-15.459004,-39.543471,-15.459032,-39.543520,BRIDGE
-15.457861,-39.543816,-15.457881,-39.543917,BRIDGE
-15.457475,-39.822905,-15.457473,-39.822989,BRIDGE
-15.453709,-39.103086,-15.453625,-39.103200,BRIDGE
-15.453383,-39.446658,-15.453456,-39.446610,BRIDGE
-15.452730,-40.347885,-15.452625,-40.347628,BRIDGE
-15.450374,-39.338660,-15.450449,-39.338689,BRIDGE
-15.450338,-39.617555,-15.450355,-39.617647,BRIDGE
-15.448938,-40.733287,-15.448808,-40.733057,BRIDGE
-15.447617,-39.338861,-15.447684,-39.338844,BRIDGE
-15.447025,-39.466597,-15.447212,-39.466773,BRIDGE
-15.445004,-40.367407,-15.444893,-40.367235,BRIDGE
-15.441857,-40.550775,-15.441723,-40.550684,BRIDGE
-15.440610,-39.299079,-15.440549,-39.299060,BRIDGE
-15.439999,-39.201161,-15.439895,-39.201199,BRIDGE
-15.439591,-39.682209,-15.439558,-39.682138,BRIDGE
-15.437362,-40.418183,-15.437433,-40.418130,BRIDGE
-15.437212,-40.549208,-15.437284,-40.549155,BRIDGE
-15.436224,-40.429133,-15.436210,-40.429050,BRIDGE
-15.433904,-39.329456,-15.433933,-39.329387,BRIDGE
-15.433582,-39.329280,-15.433548,-39.329353,BRIDGE
-15.433084,-39.329107,-15.433046,-39.329186,BRIDGE
-15.432903,-39.942316,-15.432863,-39.942996,BRIDGE
-15.432426,-39.329121,-15.432441,-39.329045,BRIDGE
-15.431663,-40.461325,-15.431757,-40.461451,BRIDGE
-15.431331,-40.556408,-15.431412,-40.556404,BRIDGE
-15.431139,-40.541076,-15.431237,-40.541054,BRIDGE
-15.430751,-39.659607,-15.430580,-39.659789,BRIDGE
-15.430722,-40.402772,-15.430644,-40.402630,BRIDGE
-15.430229,-39.199529,-15.430279,-39.199586,BRIDGE
-15.429065,-40.533434,-15.429147,-40.533500,BRIDGE
-15.428398,-40.311245,-15.428425,-40.311152,BRIDGE
-15.428366,-39.329037,-15.428342,-39.329116,BRIDGE
-15.426612,-40.317856,-15.426394,-40.317677,BRIDGE
-15.426603,-39.346813,-15.426490,-39.347182,BRIDGE
-15.426500,-39.329830,-15.426622,-39.330027,BRIDGE
-15.425943,-40.476004,-15.425939,-40.475852,BRIDGE
-15.425786,-39.337453,-15.425640,-39.337510,BRIDGE
-15.425782,-40.317291,-15.424661,-40.316722,BRIDGE
-15.425612,-40.339762,-15.425325,-40.339567,BRIDGE
-15.424127,-40.692038,-15.424143,-40.692120,BRIDGE
-15.423022,-39.497868,-15.423203,-39.498164,BRIDGE
-15.422843,-40.603318,-15.422882,-40.603242,BRIDGE
-15.421641,-39.528762,-15.421541,-39.528575,BRIDGE
-15.421307,-39.518167,-15.421561,-39.518100,BRIDGE
-15.418926,-39.259393,-15.418915,-39.259310,BRIDGE
-15.417171,-39.587233,-15.417252,-39.587247,BRIDGE
-15.416326,-39.853326,-15.416301,-39.853239,BRIDGE
-15.416056,-40.602519,-15.415975,-40.602500,BRIDGE
-15.415770,-40.795146,-15.415867,-40.795186,BRIDGE
-15.412985,-39.789324,-15.413089,-39.789334,BRIDGE
-15.409362,-39.347092,-15.409467,-39.347060,BRIDGE
-15.408235,-40.919168,-15.408165,-40.919095,BRIDGE
-15.407760,-39.534380,-15.407790,-39.534224,BRIDGE
-15.407182,-39.725968,-15.407182,-39.726026,BRIDGE
-15.407124,-40.271431,-15.407147,-40.271523,BRIDGE
-15.407022,-39.782203,-15.407070,-39.782146,BRIDGE
-15.406230,-39.671084,-15.406222,-39.670928,BRIDGE
-15.398978,-39.962911,-15.398817,-39.962956,BRIDGE
-15.398018,-40.915350,-15.397938,-40.915332,BRIDGE
-15.394384,-39.836345,-15.394397,-39.836249,BRIDGE
-15.388657,-39.485863,-15.388779,-39.485954,BRIDGE
-15.384357,-39.668919,-15.384274,-39.668937,BRIDGE
-15.382840,-39.204271,-15.382814,-39.204524,BRIDGE
-15.379737,-39.542945,-15.379738,-39.542828,BRIDGE
-15.374546,-39.007737,-15.374684,-39.007532,BRIDGE
-15.373629,-39.499699,-15.373784,-39.499732,BRIDGE
-15.373515,-39.059207,-15.373601,-39.059248,BRIDGE
-15.373462,-40.737655,-15.373368,-40.737729,BRIDGE
-15.373382,-39.551711,-15.373280,-39.551619,BRIDGE
-15.371373,-39.554668,-15.371333,-39.554610,BRIDGE
-15.370509,-39.976068,-15.370263,-39.976230,BRIDGE
-15.368716,-40.647231,-15.368767,-40.647297,BRIDGE
-15.368232,-39.495776,-15.368431,-39.495553,BRIDGE
-15.367110,-40.644513,-15.367159,-40.644580,BRIDGE
-15.364051,-39.531779,-15.364026,-39.531878,BRIDGE
-15.362882,-39.022479,-15.363043,-39.022236,BRIDGE
-15.359600,-40.980517,-15.359598,-40.980427,BRIDGE
-15.357910,-40.524812,-15.357853,-40.524774,BRIDGE
-15.357551,-39.856058,-15.357686,-39.856005,BRIDGE
-15.353880,-40.108456,-15.354026,-40.108311,BRIDGE
-15.353638,-40.930522,-15.353614,-40.930467,BRIDGE
-15.353475,-40.929921,-15.353393,-40.929913,BRIDGE
-15.352198,-40.524735,-15.352146,-40.524717,BRIDGE
-15.351492,-39.762252,-15.351577,-39.762346,BRIDGE
-15.347600,-40.934075,-15.346914,-40.934571,BRIDGE
-15.345504,-39.781588,-15.345517,-39.781664,BRIDGE
-15.343264,-39.151491,-15.343510,-39.151698,BRIDGE
-15.340822,-39.765151,-15.340778,-39.765050,BRIDGE
-15.340780,-40.936985,-15.340614,-40.937140,BRIDGE
-15.338978,-40.651726,-15.339030,-40.651660,BRIDGE
-15.338574,-39.074172,-15.338436,-39.074252,BRIDGE
-15.337255,-39.042504,-15.337897,-39.041972,BRIDGE
-15.337029,-39.997522,-15.336593,-39.997864,BRIDGE
-15.335853,-40.944287,-15.335931,-40.944237,BRIDGE
-15.335342,-39.099678,-15.335240,-39.099547,BRIDGE
-15.335237,-39.161043,-15.335116,-39.161118,BRIDGE
-15.327489,-40.696081,-15.327229,-40.696309,BRIDGE
-15.325923,-39.595460,-15.326051,-39.595314,BRIDGE
-15.323381,-39.654531,-15.323441,-39.654604,BRIDGE
-15.323244,-39.597901,-15.323289,-39.597976,BRIDGE
-15.318528,-40.001623,-15.318405,-40.001637,BRIDGE
-15.317249,-39.261049,-15.317339,-39.261084,BRIDGE
-15.316475,-39.762315,-15.316563,-39.762307,BRIDGE
-15.315982,-39.876181,-15.315979,-39.876097,BRIDGE
-15.314551,-39.216893,-15.314469,-39.216920,BRIDGE
-15.313626,-39.092093,-15.313621,-39.092011,BRIDGE
-15.310875,-39.417685,-15.310805,-39.417729,BRIDGE
-15.310152,-40.018436,-15.310156,-40.018490,BRIDGE
-15.305431,-40.980272,-15.305391,-40.980198,BRIDGE
-15.302547,-39.415260,-15.302494,-39.415174,BRIDGE
-15.299644,-39.899712,-15.299685,-39.899635,BRIDGE
-15.296242,-39.074914,-15.296737,-39.074494,BRIDGE
-15.294810,-40.641677,-15.294968,-40.641786,BRIDGE
-15.293015,-39.908347,-15.293079,-39.908314,BRIDGE
-15.291167,-40.006446,-15.290828,-40.006612,BRIDGE
-15.290282,-39.947621,-15.290322,-39.947550,BRIDGE
-15.290273,-40.634415,-15.290309,-40.634497,BRIDGE
-15.289785,-39.083879,-15.289764,-39.083707,BRIDGE
-15.287810,-40.070133,-15.287695,-40.070167,BRIDGE
-15.286974,-39.086443,-15.287002,-39.086232,BRIDGE
-15.286320,-39.388623,-15.286277,-39.388537,BRIDGE
-15.286032,-39.385407,-15.285966,-39.385396,BRIDGE
-15.284631,-39.605431,-15.284738,-39.605374,BRIDGE
-15.284266,-39.089412,-15.284370,-39.089380,BRIDGE
-15.281929,-40.011122,-15.281792,-40.011190,BRIDGE
-15.281847,-39.412132,-15.281766,-39.412145,BRIDGE
-15.281749,-40.636560,-15.281849,-40.636304,BRIDGE
-15.280722,-39.393578,-15.280648,-39.393463,BRIDGE
-15.280092,-40.234998,-15.280227,-40.234960,BRIDGE
-15.278391,-40.246017,-15.278429,-40.246125,BRIDGE
-15.276747,-39.282688,-15.276863,-39.282721,BRIDGE
-15.276315,-40.438245,-15.276247,-40.438133,BRIDGE
-15.276288,-39.285446,-15.276149,-39.285216,BRIDGE
-15.275097,-40.627067,-15.275580,-40.626129,BRIDGE
-15.273846,-40.582845,-15.273763,-40.582814,BRIDGE
-15.273534,-40.493511,-15.273458,-40.493045,BRIDGE
-15.273448,-39.166818,-15.273251,-39.166873,BRIDGE
-15.272216,-39.120731,-15.272525,-39.120655,BRIDGE
-15.267939,-39.400464,-15.267904,-39.400412,BRIDGE
-15.266335,-40.011932,-15.266422,-40.011654,BRIDGE
-15.265173,-40.527384,-15.265079,-40.527229,BRIDGE
-15.265079,-39.987435,-15.265218,-39.987376,BRIDGE
-15.262778,-39.507878,-15.262810,-39.507958,BRIDGE
-15.262678,-40.260154,-15.262685,-40.260068,BRIDGE
-15.262079,-39.495613,-15.261963,-39.495556,BRIDGE
-15.261609,-39.482184,-15.261488,-39.482302,BRIDGE
-15.261412,-39.500771,-15.261407,-39.500880,BRIDGE
-15.261389,-40.238231,-15.261402,-40.237652,BRIDGE
-15.261026,-39.408570,-15.261000,-39.408478,BRIDGE
-15.260827,-40.159293,-15.260872,-40.159241,BRIDGE
-15.260032,-40.022128,-15.259718,-40.022287,BRIDGE
-15.259292,-39.499376,-15.259187,-39.499431,BRIDGE
-15.259180,-39.412287,-15.259061,-39.411996,BRIDGE
-15.258581,-39.550351,-15.258501,-39.550392,BRIDGE
-15.257722,-39.541137,-15.257647,-39.541173,BRIDGE
-15.257236,-40.616520,-15.257518,-40.616108,BRIDGE
-15.257165,-39.745819,-15.257270,-39.745869,BRIDGE
-15.256763,-39.553221,-15.256795,-39.553299,BRIDGE
-15.256041,-39.262206,-15.256036,-39.262271,BRIDGE
-15.255398,-39.398487,-15.255420,-39.398415,BRIDGE
-15.254907,-39.450764,-15.255070,-39.451405,BRIDGE
-15.254856,-40.225752,-15.254529,-40.226551,BRIDGE
-15.254441,-39.476319,-15.254593,-39.476427,BRIDGE
-15.254185,-39.557572,-15.254106,-39.557597,BRIDGE
-15.253163,-39.454591,-15.252942,-39.454529,BRIDGE
-15.252942,-39.473112,-15.252871,-39.473226,BRIDGE
-15.251949,-39.443673,-15.251809,-39.443777,BRIDGE
-15.251266,-39.213929,-15.250873,-39.214471,BRIDGE
-15.250749,-40.202399,-15.250640,-40.202517,BRIDGE
-15.250739,-40.369225,-15.250681,-40.369020,BRIDGE
-15.250523,-40.187715,-15.250554,-40.187510,BRIDGE
-15.250262,-40.217841,-15.250284,-40.217819,BRIDGE
-15.249465,-40.207398,-15.249457,-40.207191,BRIDGE
-15.249242,-40.266484,-15.249282,-40.266116,BRIDGE
-15.249039,-40.144889,-15.249004,-40.144760,BRIDGE
-15.248834,-40.631638,-15.249246,-40.631811,BRIDGE
-15.247280,-39.041555,-15.247219,-39.041502,BRIDGE
-15.244803,-40.618226,-15.244652,-40.618001,BRIDGE
-15.244043,-40.361743,-15.244067,-40.361653,BRIDGE
-15.243199,-39.408434,-15.243104,-39.408441,BRIDGE
-15.242812,-39.653576,-15.242998,-39.653550,BRIDGE
-15.242177,-40.232864,-15.241904,-40.233532,BRIDGE
-15.242084,-40.080623,-15.242151,-40.080573,BRIDGE
-15.241932,-40.251638,-15.241776,-40.251745,BRIDGE
-15.241663,-40.208999,-15.241614,-40.209411,BRIDGE
-15.241615,-39.597878,-15.241467,-39.597873,BRIDGE
-15.240317,-40.173008,-15.240240,-40.173037,BRIDGE
-15.240242,-40.089524,-15.240283,-40.089548,BRIDGE
-15.239491,-40.286619,-15.239432,-40.286685,BRIDGE
-15.239198,-40.286873,-15.239137,-40.286921,BRIDGE
-15.238513,-40.621640,-15.238401,-40.621350,BRIDGE
-15.238349,-39.735121,-15.238535,-39.735238,BRIDGE
-15.238347,-40.123489,-15.238290,-40.123391,BRIDGE
-15.238241,-40.683624,-15.238059,-40.683205,BRIDGE
-15.236049,-40.625968,-15.235980,-40.626016,BRIDGE
-15.235548,-39.659922,-15.235680,-39.659942,BRIDGE
-15.233910,-40.115519,-15.233874,-40.115430,BRIDGE
-15.233051,-40.042054,-15.232865,-40.042231,BRIDGE
-15.232999,-39.349720,-15.233048,-39.349937,BRIDGE
-15.232993,-40.233998,-15.233102,-40.234223,BRIDGE
-15.231943,-39.288067,-15.231585,-39.288352,BRIDGE
-15.231291,-39.075971,-15.231207,-39.075822,BRIDGE
-15.228698,-39.037314,-15.228797,-39.037427,BRIDGE
-15.225792,-40.050173,-15.225735,-40.050233,BRIDGE
-15.225133,-39.054973,-15.225008,-39.055013,BRIDGE
-15.223203,-40.098447,-15.223229,-40.098381,BRIDGE
-15.222420,-39.023216,-15.222480,-39.023379,BRIDGE
-15.219253,-39.073476,-15.219218,-39.073443,BRIDGE
-15.219031,-40.585899,-15.219103,-40.585843,BRIDGE
-15.217755,-40.607286,-15.217680,-40.607216,BRIDGE
-15.217649,-39.312094,-15.217424,-39.312164,BRIDGE
-15.211033,-40.582381,-15.211040,-40.582441,BRIDGE
-15.209918,-39.668621,-15.210068,-39.668568,BRIDGE
-15.209794,-39.349923,-15.209579,-39.349886,BRIDGE
-15.206562,-39.311571,-15.206525,-39.311515,BRIDGE
-15.205303,-40.514947,-15.205189,-40.514751,BRIDGE
-15.203662,-39.745000,-15.203646,-39.744902,BRIDGE
-15.203192,-39.524410,-15.203196,-39.524459,BRIDGE
-15.202438,-39.515014,-15.202308,-39.515001,BRIDGE
-15.202232,-39.348933,-15.202089,-39.348953,BRIDGE
-15.198049,-39.031880,-15.198253,-39.032084,BRIDGE
-15.196134,-39.302141,-15.196091,-39.302062,BRIDGE
-15.195973,-40.720715,-15.195981,-40.720589,BRIDGE
-15.195528,-39.351166,-15.195560,-39.351079,BRIDGE
-15.195360,-40.492796,-15.195340,-40.492627,BRIDGE
-15.194331,-40.092664,-15.194407,-40.092634,BRIDGE
-15.192278,-39.497490,-15.192292,-39.497643,BRIDGE
-15.192239,-40.277145,-15.192203,-40.276882,BRIDGE
-15.191137,-39.036484,-15.191183,-39.036578,BRIDGE
-15.190890,-40.738807,-15.190945,-40.738788,BRIDGE
-15.188450,-40.088140,-15.188298,-40.088256,BRIDGE
-15.187191,-40.403661,-15.187227,-40.403630,BRIDGE
-15.185438,-40.749730,-15.185370,-40.749570,BRIDGE
-15.185086,-40.720791,-15.185100,-40.720865,BRIDGE
-15.184821,-40.663269,-15.184640,-40.663065,BRIDGE
-15.182702,-39.570963,-15.182867,-39.570986,BRIDGE
-15.182501,-40.775987,-15.182368,-40.775987,BRIDGE
-15.178691,-40.521690,-15.178682,-40.521800,BRIDGE
-15.178098,-39.498146,-15.178029,-39.498057,BRIDGE
-15.177987,-39.497679,-15.178328,-39.497553,BRIDGE
-15.177888,-40.314985,-15.177859,-40.315073,BRIDGE
-15.177605,-39.570125,-15.177628,-39.570324,BRIDGE
-15.175308,-39.186296,-15.175337,-39.186402,BRIDGE
-15.174213,-39.571616,-15.174086,-39.571554,BRIDGE
-15.171250,-40.666107,-15.171276,-40.665998,BRIDGE
-15.170406,-40.639953,-15.170715,-40.639781,BRIDGE
-15.166480,-40.738083,-15.166385,-40.738084,BRIDGE
-15.164318,-39.441328,-15.164336,-39.441213,BRIDGE
-15.160386,-40.330202,-15.160436,-40.330362,BRIDGE
-15.160385,-39.642107,-15.160284,-39.641895,BRIDGE
-15.159762,-40.520930,-15.159730,-40.520797,BRIDGE
-15.158014,-40.516384,-15.158007,-40.516301,BRIDGE
-15.157572,-40.253312,-15.157343,-40.253377,BRIDGE
-15.156763,-39.568810,-15.156552,-39.568669,BRIDGE
-15.151511,-40.342028,-15.151400,-40.341993,BRIDGE
-15.150762,-40.714489,-15.150709,-40.714537,BRIDGE
-15.149463,-39.686378,-15.149363,-39.686243,BRIDGE
-15.147330,-39.696321,-15.147376,-39.696099,BRIDGE
-15.147154,-39.734166,-15.147340,-39.734452,BRIDGE
-15.146509,-39.486615,-15.146552,-39.486807,BRIDGE
-15.146333,-40.540522,-15.146310,-40.540412,BRIDGE
-15.145118,-40.214904,-15.144807,-40.214834,BRIDGE
-15.145039,-40.227698,-15.144956,-40.227755,BRIDGE
-15.144690,-40.373626,-15.144989,-40.373780,BRIDGE
-15.144399,-39.723293,-15.144809,-39.722543,BRIDGE
-15.142512,-39.579231,-15.142698,-39.579231,BRIDGE
-15.141671,-39.217084,-15.141560,-39.217155,BRIDGE
-15.141450,-40.081192,-15.141417,-40.081275,BRIDGE
-15.140088,-40.748621,-15.140090,-40.748663,BRIDGE
-15.139747,-40.180859,-15.139842,-40.180940,BRIDGE
-15.136084,-40.400473,-15.136043,-40.400537,BRIDGE
-15.135374,-39.672008,-15.135259,-39.672074,BRIDGE
-15.134349,-40.541073,-15.134246,-40.541037,BRIDGE
-15.133095,-39.377922,-15.133161,-39.377874,BRIDGE
-15.130872,-39.825206,-15.130582,-39.825430,BRIDGE
-15.129938,-42.039138,-15.129943,-42.039059,BRIDGE
-15.126964,-40.419289,-15.126927,-40.419345,BRIDGE
-15.126553,-42.001476,-15.126604,-42.001438,BRIDGE
-15.125027,-39.879269,-15.125116,-39.879198,BRIDGE
-15.121561,-40.678395,-15.121675,-40.678635,BRIDGE
-15.121424,-40.656759,-15.121398,-40.656842,BRIDGE
-15.121402,-40.047845,-15.121590,-40.048030,BRIDGE
-15.121353,-39.178421,-15.121392,-39.178488,BRIDGE
-15.121258,-40.068393,-15.121145,-40.068222,BRIDGE
-15.121124,-40.070039,-15.121279,-40.070027,BRIDGE
-15.120520,-40.071557,-15.120674,-40.071613,BRIDGE
-15.118836,-39.372015,-15.118880,-39.371934,BRIDGE
-15.118739,-40.073692,-15.118776,-40.073577,BRIDGE
-15.118421,-39.116886,-15.118758,-39.117347,BRIDGE
-15.118283,-40.032940,-15.118486,-40.032768,BRIDGE
-15.117002,-39.372326,-15.116916,-39.372214,BRIDGE
-15.114053,-39.041352,-15.114110,-39.041424,BRIDGE
-15.112920,-39.513745,-15.112857,-39.513698,BRIDGE
-15.112184,-40.175890,-15.112439,-40.175907,BRIDGE
-15.109934,-41.077929,-15.110021,-41.077733,BRIDGE
-15.109925,-41.198444,-15.109923,-41.198356,BRIDGE
-15.108974,-41.083900,-15.109019,-41.083756,BRIDGE
-15.108617,-40.445316,-15.108710,-40.445471,BRIDGE
-15.108009,-39.038061,-15.107947,-39.037876,BRIDGE
-15.106531,-40.537113,-15.106614,-40.537165,BRIDGE
-15.106397,-40.089519,-15.106353,-40.089614,BRIDGE
-15.103346,-39.486770,-15.103593,-39.486770,BRIDGE
-15.103131,-40.470242,-15.103101,-40.470344,BRIDGE
-15.102657,-39.664908,-15.102720,-39.664936,BRIDGE
-15.102517,-39.278360,-15.102396,-39.278289,BRIDGE
-15.100505,-39.489111,-15.100582,-39.488945,BRIDGE
-15.099339,-42.001225,-15.099325,-42.001125,BRIDGE
-15.098912,-39.907403,-15.099175,-39.907351,BRIDGE
-15.098603,-40.611553,-15.098521,-40.611469,BRIDGE
-15.098094,-41.529244,-15.098187,-41.529305,BRIDGE
-15.097740,-39.660588,-15.097819,-39.660781,BRIDGE
-15.096995,-40.100143,-15.097010,-40.100255,BRIDGE
-15.096903,-39.654754,-15.097229,-39.654878,BRIDGE
-15.095949,-39.891880,-15.095963,-39.891814,BRIDGE
-15.095162,-39.486969,-15.095397,-39.486988,BRIDGE
-15.094284,-39.158929,-15.094485,-39.158979,BRIDGE
-15.092987,-39.480455,-15.092902,-39.480625,BRIDGE
-15.092687,-39.562629,-15.092816,-39.562607,BRIDGE
-15.092430,-39.172233,-15.092557,-39.172238,BRIDGE
-15.092145,-40.098943,-15.092311,-40.098830,BRIDGE
-15.089834,-39.105447,-15.089776,-39.105419,BRIDGE
-15.089768,-41.689816,-15.089835,-41.689803,BRIDGE
-15.089589,-39.344375,-15.089444,-39.344420,BRIDGE
-15.089492,-39.945614,-15.089643,-39.945582,BRIDGE
-15.089018,-40.297654,-15.089215,-40.297957,BRIDGE
-15.088797,-42.076794,-15.088697,-42.076835,BRIDGE
-15.086481,-40.687415,-15.086513,-40.687630,BRIDGE
-15.086342,-39.340754,-15.086334,-39.340959,BRIDGE
-15.083472,-41.964556,-15.083511,-41.964496,BRIDGE
-15.083089,-38.998972,-15.083633,-38.998987,BRIDGE
-15.082297,-39.131380,-15.082374,-39.131477,BRIDGE
-15.082075,-39.189939,-15.081981,-39.189973,BRIDGE
-15.081205,-39.277332,-15.081449,-39.277072,BRIDGE
-15.081009,-39.281061,-15.081300,-39.281144,BRIDGE
-15.079404,-39.634555,-15.079526,-39.634571,BRIDGE
-15.078088,-39.027576,-15.078347,-39.027751,BRIDGE
-15.076403,-39.264147,-15.076444,-39.264182,BRIDGE
-15.075815,-40.702734,-15.075648,-40.702702,BRIDGE
-15.074761,-39.335853,-15.074828,-39.335745,BRIDGE
-15.074379,-39.330839,-15.074281,-39.330733,BRIDGE
-15.073662,-40.588649,-15.073677,-40.588610,BRIDGE
-15.073156,-39.326202,-15.073298,-39.326124,BRIDGE
-15.073148,-40.701220,-15.072990,-40.701246,BRIDGE
-15.072995,-40.474900,-15.072998,-40.474846,BRIDGE
-15.072779,-39.333253,-15.073077,-39.333534,BRIDGE
-15.072401,-40.859721,-15.072430,-40.859605,BRIDGE
-15.072211,-39.295424,-15.072613,-39.295420,BRIDGE
-15.072160,-39.304294,-15.072403,-39.304249,BRIDGE
-15.071155,-39.113588,-15.071077,-39.113623,BRIDGE
-15.070924,-40.470098,-15.070956,-40.470226,BRIDGE
-15.070077,-39.099256,-15.070128,-39.099391,BRIDGE
-15.069918,-39.202241,-15.069855,-39.202228,BRIDGE
-15.068770,-39.635369,-15.068843,-39.635404,BRIDGE
-15.067603,-41.954026,-15.067688,-41.953972,BRIDGE
-15.067293,-39.795424,-15.067218,-39.795406,BRIDGE
-15.067237,-39.973563,-15.067117,-39.973271,BRIDGE
-15.067160,-40.730774,-15.067157,-40.730882,BRIDGE
-15.066883,-40.739654,-15.067004,-40.739543,BRIDGE
-15.066200,-40.726095,-15.066137,-40.726022,BRIDGE
-15.065691,-40.358205,-15.065770,-40.358300,BRIDGE
-15.065150,-39.978965,-15.065123,-39.978584,BRIDGE
-15.065040,-40.700996,-15.065108,-40.701044,BRIDGE
-15.064645,-40.664141,-15.064609,-40.664121,BRIDGE
-15.064610,-42.240676,-15.064864,-42.240712,BRIDGE
-15.063526,-39.988561,-15.063345,-39.988515,BRIDGE
-15.063383,-40.725327,-15.062937,-40.725379,BRIDGE
-15.063251,-40.107295,-15.063245,-40.107422,BRIDGE
-15.058184,-39.082312,-15.058014,-39.082273,BRIDGE
-15.054476,-41.917912,-15.054420,-41.917915,BRIDGE
-15.048978,-40.911035,-15.049154,-40.911086,BRIDGE
-15.046146,-40.128653,-15.046245,-40.128695,BRIDGE
-15.043802,-39.249957,-15.043689,-39.249951,BRIDGE
-15.042028,-40.531613,-15.041936,-40.531579,BRIDGE
-15.041635,-41.935818,-15.041712,-41.935892,BRIDGE
-15.041304,-39.418803,-15.041398,-39.418719,BRIDGE
-15.039589,-39.667583,-15.039794,-39.667558,BRIDGE
-15.039260,-42.133684,-15.039275,-42.133593,BRIDGE
-15.038945,-42.217875,-15.038934,-42.217812,BRIDGE
-15.038185,-39.684165,-15.038086,-39.683964,BRIDGE
-15.038122,-40.532721,-15.038050,-40.532716,BRIDGE
-15.036826,-42.104207,-15.036767,-42.104192,BRIDGE
-15.036149,-39.984293,-15.036081,-39.984359,BRIDGE
-15.035921,-39.447731,-15.035856,-39.447505,BRIDGE
-15.034325,-40.529923,-15.034276,-40.529856,BRIDGE
-15.034156,-41.501933,-15.034247,-41.502027,BRIDGE
-15.032789,-40.629003,-15.032706,-40.629029,BRIDGE
-15.031144,-42.360811,-15.031079,-42.360880,BRIDGE
-15.029527,-42.084641,-15.029436,-42.084715,BRIDGE
-15.028817,-40.516035,-15.028800,-40.515953,BRIDGE
-15.028099,-39.110198,-15.028082,-39.110105,BRIDGE
-15.028069,-42.387590,-15.028067,-42.387461,BRIDGE
-15.027016,-40.509743,-15.026989,-40.509685,BRIDGE
-15.024419,-40.492860,-15.024375,-40.492886,BRIDGE
-15.024216,-39.032358,-15.024216,-39.032474,BRIDGE
-15.024099,-39.436828,-15.023889,-39.436887,BRIDGE
-15.023125,-40.334947,-15.023356,-40.334841,BRIDGE
-15.021855,-41.417174,-15.021946,-41.417163,BRIDGE
-15.021475,-40.007131,-15.021480,-40.007215,BRIDGE
-15.020676,-40.503805,-15.020679,-40.503708,BRIDGE
-15.020181,-41.938818,-15.020063,-41.938899,BRIDGE
-15.020160,-39.423962,-15.020201,-39.424047,BRIDGE
-15.019877,-40.478868,-15.019803,-40.478863,BRIDGE
-15.018847,-40.486135,-15.018983,-40.486140,BRIDGE
-15.018716,-40.613342,-15.018785,-40.613364,BRIDGE
-15.018123,-40.957167,-15.018099,-40.957085,BRIDGE
-15.016960,-39.415876,-15.017062,-39.416033,BRIDGE
-15.015616,-42.368816,-15.015527,-42.368804,BRIDGE
-15.014609,-39.805055,-15.014806,-39.804980,BRIDGE
-15.013558,-40.957409,-15.013601,-40.958299,BRIDGE
-15.012615,-42.292175,-15.013097,-42.292149,BRIDGE
-15.011909,-39.045787,-15.011937,-39.045709,BRIDGE
-15.011416,-39.258559,-15.011198,-39.258868,BRIDGE
-15.011031,-39.529876,-15.011057,-39.529777,BRIDGE
-15.010139,-40.439935,-15.010252,-40.439847,BRIDGE
-15.008927,-42.387319,-15.008983,-42.387189,BRIDGE
-15.008549,-39.582016,-15.008781,-39.582163,BRIDGE
-15.007798,-40.558142,-15.007801,-40.558199,BRIDGE
-15.007061,-39.281177,-15.007165,-39.281146,BRIDGE
-15.006407,-39.416633,-15.006376,-39.416475,BRIDGE
-15.006234,-42.058291,-15.006180,-42.058339,BRIDGE
-15.005946,-39.078356,-15.005819,-39.078457,BRIDGE
-15.005650,-39.996900,-15.005578,-39.996779,BRIDGE
-15.005569,-39.606337,-15.005581,-39.606265,BRIDGE
-15.000566,-39.125722,-15.000666,-39.125815,BRIDGE
-15.000350,-40.472701,-15.000407,-40.473113,BRIDGE
-14.999544,-41.976701,-14.999485,-41.976802,BRIDGE
-14.997566,-40.465970,-14.997448,-40.466190,BRIDGE
-14.995753,-41.433406,-14.995884,-41.433461,BRIDGE
-14.995564,-39.107486,-14.995578,-39.107600,BRIDGE
-14.994537,-40.748574,-14.994483,-40.748499,BRIDGE
-14.994297,-39.682845,-14.994300,-39.682738,BRIDGE
-14.993542,-41.725772,-14.993590,-41.725323,BRIDGE
-14.992515,-40.755044,-14.992454,-40.755008,BRIDGE
-14.992436,-40.754089,-14.992462,-40.754016,BRIDGE
-14.990947,-39.088213,-14.990862,-39.088124,BRIDGE
-14.990286,-40.513012,-14.990248,-40.513049,BRIDGE
-14.989206,-39.925332,-14.988908,-39.925313,BRIDGE
-14.988332,-39.082570,-14.988269,-39.082604,BRIDGE
-14.988036,-39.649356,-14.988014,-39.649403,BRIDGE
-14.987209,-39.923553,-14.987211,-39.923448,BRIDGE
-14.987203,-39.986774,-14.987094,-39.986828,BRIDGE
-14.986926,-40.517836,-14.986857,-40.517860,BRIDGE
-14.986042,-39.922859,-14.986006,-39.922930,BRIDGE
-14.985392,-39.642226,-14.985422,-39.642316,BRIDGE
-14.982650,-40.380308,-14.982497,-40.380312,BRIDGE
-14.982249,-39.364290,-14.982203,-39.364398,BRIDGE
-14.982196,-40.524211,-14.982269,-40.524206,BRIDGE
-14.981855,-39.614406,-14.981998,-39.614505,BRIDGE
-14.980954,-40.403248,-14.981164,-40.402989,BRIDGE
-14.980892,-40.411223,-14.981027,-40.411353,BRIDGE
-14.979758,-40.364863,-14.979947,-40.364950,BRIDGE
-14.976500,-39.366601,-14.976373,-39.366599,BRIDGE
-14.975951,-41.414929,-14.975959,-41.414800,BRIDGE
-14.975906,-41.414806,-14.975900,-41.414946,BRIDGE
-14.975467,-39.392243,-14.975525,-39.392280,BRIDGE
-14.972615,-41.415737,-14.972537,-41.415698,BRIDGE
-14.971459,-41.391031,-14.971443,-41.390873,BRIDGE
-14.971177,-39.383138,-14.971123,-39.383030,BRIDGE
-14.969770,-39.945437,-14.969827,-39.945417,BRIDGE
-14.969351,-39.199272,-14.969318,-39.199211,BRIDGE
-14.968670,-41.405388,-14.968807,-41.405177,BRIDGE
-14.968610,-39.317303,-14.968674,-39.317222,BRIDGE
-14.966350,-42.156502,-14.966411,-42.156421,BRIDGE
-14.965882,-39.695189,-14.965933,-39.695193,BRIDGE
-14.965622,-41.564243,-14.965665,-41.564147,BRIDGE
-14.965357,-40.754916,-14.965313,-40.754744,BRIDGE
-14.963458,-42.062019,-14.963469,-42.061952,BRIDGE
-14.961472,-39.386173,-14.961641,-39.386208,BRIDGE
-14.960901,-39.305444,-14.960802,-39.305418,BRIDGE
-14.959855,-39.300838,-14.959700,-39.300942,BRIDGE
-14.958581,-39.811464,-14.958725,-39.811345,BRIDGE
-14.958369,-39.327259,-14.958391,-39.327199,BRIDGE
-14.957900,-39.295645,-14.957861,-39.295486,BRIDGE
-14.957689,-39.295627,-14.957690,-39.295449,BRIDGE
-14.956988,-39.894785,-14.957439,-39.894770,BRIDGE
-14.956820,-42.444049,-14.956716,-42.444068,BRIDGE
-14.956769,-40.094542,-14.956801,-40.094370,BRIDGE
-14.956668,-39.886057,-14.956595,-39.885899,BRIDGE
-14.956425,-41.403255,-14.956282,-41.403404,BRIDGE
-14.956363,-40.564424,-14.956402,-40.564380,BRIDGE
-14.956267,-39.265185,-14.956363,-39.265161,BRIDGE
-14.955612,-42.038855,-14.955517,-42.038728,BRIDGE
-14.955317,-40.778230,-14.955181,-40.778092,BRIDGE
-14.955013,-42.430082,-14.954890,-42.430234,BRIDGE
-14.954104,-39.176003,-14.954215,-39.176132,BRIDGE
-14.953841,-42.029725,-14.954086,-42.029730,BRIDGE
-14.953791,-39.296473,-14.953679,-39.296492,BRIDGE
-14.952808,-39.244226,-14.952912,-39.243861,BRIDGE
-14.952013,-39.303143,-14.951924,-39.303174,BRIDGE
-14.951796,-39.304597,-14.951644,-39.304591,BRIDGE
-14.951219,-39.242656,-14.951127,-39.242803,BRIDGE
-14.950704,-39.305008,-14.950971,-39.305209,BRIDGE
-14.948492,-40.559359,-14.948558,-40.559418,BRIDGE
-14.948464,-42.379942,-14.948456,-42.379836,BRIDGE
-14.946809,-39.220591,-14.946752,-39.220365,BRIDGE
-14.946759,-40.821137,-14.946633,-40.821105,BRIDGE
-14.946060,-42.378841,-14.945630,-42.378900,BRIDGE
-14.945869,-41.730062,-14.945805,-41.730014,BRIDGE
-14.945443,-39.385021,-14.945422,-39.385203,BRIDGE
-14.944786,-41.556985,-14.945013,-41.556399,BRIDGE
-14.944028,-40.843227,-14.944155,-40.843217,BRIDGE
-14.942767,-39.146646,-14.942602,-39.146559,BRIDGE
-14.942168,-40.448235,-14.942265,-40.448448,BRIDGE
-14.941805,-39.942676,-14.941863,-39.942664,BRIDGE
-14.941146,-39.813430,-14.941113,-39.813347,BRIDGE
-14.940960,-39.812951,-14.940878,-39.812746,BRIDGE
-14.940823,-40.449029,-14.940755,-40.449046,BRIDGE
-14.939804,-39.378899,-14.939951,-39.379029,BRIDGE
-14.938346,-42.524565,-14.938261,-42.524492,BRIDGE
-14.936681,-41.716548,-14.936818,-41.716540,BRIDGE
-14.936659,-39.648674,-14.936683,-39.648583,BRIDGE
-14.935652,-40.404476,-14.935549,-40.404528,BRIDGE
-14.935557,-40.323063,-14.935552,-40.323217,BRIDGE
-14.934906,-39.176162,-14.934787,-39.176028,BRIDGE
-14.934895,-39.469596,-14.935932,-39.469133,BRIDGE
-14.934120,-39.659050,-14.934183,-39.659068,BRIDGE
-14.932892,-39.584586,-14.932527,-39.584043,BRIDGE
-14.932660,-42.548591,-14.932964,-42.548598,BRIDGE
-14.931975,-39.654948,-14.931923,-39.654884,BRIDGE
-14.931896,-39.379218,-14.931785,-39.379437,BRIDGE
-14.931562,-41.199175,-14.931693,-41.199178,BRIDGE
-14.930596,-40.451225,-14.930627,-40.451368,BRIDGE
-14.928529,-40.404101,-14.928569,-40.404154,BRIDGE
-14.926501,-39.222512,-14.926442,-39.222618,BRIDGE
-14.922616,-42.515451,-14.922591,-42.515371,BRIDGE
-14.920864,-42.577976,-14.920914,-42.578042,BRIDGE
-14.920554,-41.928578,-14.920497,-41.928827,BRIDGE
-14.920041,-40.880582,-14.920188,-40.880671,BRIDGE
-14.918676,-41.257309,-14.918765,-41.257330,BRIDGE
-14.917929,-40.799814,-14.917991,-40.799911,BRIDGE
-14.917888,-39.159977,-14.917979,-39.160038,BRIDGE
-14.916819,-42.484642,-14.916894,-42.484452,BRIDGE
-14.916134,-42.566654,-14.916134,-42.566847,BRIDGE
-14.915338,-40.528844,-14.915385,-40.528771,BRIDGE
-14.914416,-39.757236,-14.914429,-39.757130,BRIDGE
-14.914155,-39.732378,-14.913951,-39.732197,BRIDGE
-14.912556,-41.943143,-14.912557,-41.943004,BRIDGE
-14.912198,-39.143476,-14.912030,-39.143323,BRIDGE
-14.911477,-39.148233,-14.911326,-39.148356,BRIDGE
-14.910693,-40.466774,-14.910545,-40.466721,BRIDGE
-14.910685,-40.469474,-14.910695,-40.469420,BRIDGE
-14.908431,-40.456367,-14.908361,-40.456343,BRIDGE
-14.907661,-40.472357,-14.907703,-40.472220,BRIDGE
-14.905151,-39.403850,-14.903631,-39.404134,BRIDGE
-14.904574,-41.960305,-14.904508,-41.960580,BRIDGE
-14.904214,-41.960395,-14.904248,-41.960089,BRIDGE
-14.903782,-41.334059,-14.903694,-41.334032,BRIDGE
-14.902439,-40.895311,-14.902666,-40.895345,BRIDGE
-14.901806,-40.498683,-14.901715,-40.498829,BRIDGE
-14.901480,-39.447069,-14.901558,-39.447213,BRIDGE
-14.901203,-41.607729,-14.900908,-41.607530,BRIDGE
-14.900545,-40.488895,-14.900615,-40.488939,BRIDGE
-14.900521,-39.445399,-14.900785,-39.445823,BRIDGE
-14.900266,-39.425678,-14.899296,-39.424799,BRIDGE
-14.900112,-39.170467,-14.900183,-39.170286,BRIDGE
-14.899410,-39.427908,-14.898412,-39.427926,BRIDGE
-14.898929,-39.416348,-14.898946,-39.416501,BRIDGE
-14.898226,-41.259439,-14.898386,-41.259502,BRIDGE
-14.897846,-40.808916,-14.897765,-40.808821,BRIDGE
-14.897660,-40.901239,-14.897580,-40.901162,BRIDGE
-14.897580,-40.901162,-14.897536,-40.901120,BRIDGE
-14.897536,-40.901120,-14.897494,-40.901082,BRIDGE
-14.897232,-41.694143,-14.897055,-41.694016,BRIDGE
-14.897192,-40.415901,-14.897153,-40.415976,BRIDGE
-14.897055,-41.694016,-14.896877,-41.693888,BRIDGE
-14.896492,-41.843335,-14.896840,-41.843135,BRIDGE
-14.896242,-42.470682,-14.895970,-42.470513,BRIDGE
-14.895722,-41.516442,-14.895724,-41.516578,BRIDGE
-14.894907,-41.968221,-14.894375,-41.967857,BRIDGE
-14.894822,-40.878827,-14.894905,-40.878939,BRIDGE
-14.894671,-40.809340,-14.894723,-40.809468,BRIDGE
-14.893885,-40.864572,-14.894134,-40.864146,BRIDGE
-14.893866,-40.906501,-14.893902,-40.906613,BRIDGE
-14.893396,-40.185870,-14.893404,-40.185814,BRIDGE
-14.889980,-39.222205,-14.889939,-39.222199,BRIDGE
-14.887993,-40.471998,-14.887887,-40.471910,BRIDGE
-14.886606,-40.916540,-14.886636,-40.916770,BRIDGE
-14.885443,-39.469423,-14.885783,-39.469575,BRIDGE
-14.884830,-40.810228,-14.884681,-40.810331,BRIDGE
-14.884793,-40.810473,-14.884942,-40.810370,BRIDGE
-14.884426,-40.885483,-14.884204,-40.885321,BRIDGE
-14.883883,-40.069441,-14.883927,-40.069373,BRIDGE
-14.883241,-42.482660,-14.883252,-42.482774,BRIDGE
-14.883239,-40.886782,-14.883305,-40.886869,BRIDGE
-14.882420,-39.045411,-14.882518,-39.045438,BRIDGE
-14.881652,-39.024713,-14.881886,-39.024375,BRIDGE
-14.881484,-42.007466,-14.881322,-42.007447,BRIDGE
-14.881392,-40.883620,-14.881471,-40.883697,BRIDGE
-14.881390,-39.026232,-14.881746,-39.026161,BRIDGE
-14.881380,-40.890118,-14.881431,-40.890208,BRIDGE
-14.880672,-39.473037,-14.880675,-39.472884,BRIDGE
-14.879446,-41.507718,-14.879759,-41.507677,BRIDGE
-14.878871,-39.913786,-14.878921,-39.913598,BRIDGE
-14.878868,-40.890222,-14.878951,-40.890150,BRIDGE
-14.878088,-39.480775,-14.878477,-39.481041,BRIDGE
-14.878028,-42.484136,-14.878059,-42.484074,BRIDGE
-14.877826,-40.890004,-14.877805,-40.890052,BRIDGE
-14.877592,-40.885106,-14.877677,-40.885192,BRIDGE
-14.877216,-39.563351,-14.877121,-39.563385,BRIDGE
-14.876886,-39.426523,-14.876911,-39.426415,BRIDGE
-14.876262,-39.486273,-14.876374,-39.486309,BRIDGE
-14.876243,-39.357242,-14.876396,-39.357360,BRIDGE
-14.875420,-41.072095,-14.875509,-41.071660,BRIDGE
-14.874568,-40.887758,-14.874536,-40.887830,BRIDGE
-14.874446,-42.426812,-14.874327,-42.426780,BRIDGE
-14.873745,-42.397877,-14.873812,-42.397942,BRIDGE
-14.872499,-41.759549,-14.872265,-41.759650,BRIDGE
-14.871602,-40.421399,-14.871577,-40.421328,BRIDGE
-14.871574,-40.829519,-14.871656,-40.829615,BRIDGE
-14.870993,-40.830984,-14.870840,-40.830747,BRIDGE
-14.870781,-40.830785,-14.870938,-40.831019,BRIDGE
-14.869756,-39.595117,-14.868715,-39.594991,BRIDGE
-14.869379,-39.627811,-14.869475,-39.627964,BRIDGE
-14.868696,-39.225616,-14.868666,-39.225555,BRIDGE
-14.867728,-42.349018,-14.867786,-42.349049,BRIDGE
-14.867398,-39.583919,-14.867584,-39.583601,BRIDGE
-14.866855,-39.608215,-14.866786,-39.608131,BRIDGE
-14.866274,-42.706349,-14.866483,-42.706365,BRIDGE
-14.865728,-40.837917,-14.865603,-40.837826,BRIDGE
-14.865568,-39.358198,-14.865647,-39.358259,BRIDGE
-14.865113,-39.584466,-14.865021,-39.584475,BRIDGE
-14.865100,-39.583925,-14.864990,-39.583896,BRIDGE
-14.864948,-39.583315,-14.865032,-39.583315,BRIDGE
-14.864795,-40.821638,-14.864874,-40.821585,BRIDGE
-14.864505,-40.824254,-14.864415,-40.824107,BRIDGE
-14.864317,-39.655669,-14.864135,-39.655708,BRIDGE
-14.864160,-39.655430,-14.863975,-39.655470,BRIDGE
-14.863415,-40.819498,-14.863511,-40.819427,BRIDGE
-14.863385,-40.819211,-14.863266,-40.819291,BRIDGE
-14.862578,-39.590402,-14.862640,-39.590388,BRIDGE
-14.862456,-39.232178,-14.862521,-39.232315,BRIDGE
-14.862285,-42.333188,-14.862178,-42.333244,BRIDGE
-14.862121,-39.474765,-14.862027,-39.474957,BRIDGE
-14.861894,-39.722064,-14.861926,-39.722122,BRIDGE
-14.861668,-39.609600,-14.861720,-39.609494,BRIDGE
-14.861310,-39.551334,-14.860948,-39.551228,BRIDGE
-14.861051,-39.799991,-14.860961,-39.800058,BRIDGE
-14.860533,-39.758789,-14.860529,-39.758725,BRIDGE
-14.860449,-39.581516,-14.860417,-39.581478,BRIDGE
-14.859745,-40.421849,-14.859723,-40.421908,BRIDGE
-14.859614,-39.313544,-14.859493,-39.313752,BRIDGE
-14.859590,-39.520303,-14.859958,-39.520294,BRIDGE
-14.859156,-39.637796,-14.859298,-39.638005,BRIDGE
-14.858438,-39.582666,-14.858395,-39.582679,BRIDGE
-14.858153,-39.585516,-14.858168,-39.585512,TUNNEL
-14.858153,-39.527221,-14.858179,-39.527054,BRIDGE
-14.858135,-39.585385,-14.858120,-39.585388,TUNNEL
-14.857802,-39.240679,-14.857785,-39.240586,BRIDGE
-14.857467,-39.660571,-14.857122,-39.660556,BRIDGE
-14.857160,-40.580910,-14.857130,-40.580945,BRIDGE
-14.857129,-39.609014,-14.857151,-39.608922,BRIDGE
-14.857120,-39.660621,-14.857465,-39.660637,BRIDGE
-14.857109,-39.579661,-14.857152,-39.579605,BRIDGE
-14.856685,-39.704336,-14.856855,-39.704036,BRIDGE
-14.856636,-39.572700,-14.856221,-39.572674,BRIDGE
-14.856378,-40.832534,-14.856431,-40.832509,BRIDGE
-14.856177,-42.642896,-14.856397,-42.642757,BRIDGE
-14.856082,-40.894081,-14.856144,-40.893953,BRIDGE
-14.856013,-39.591871,-14.855954,-39.591834,BRIDGE
-14.855782,-40.830922,-14.855699,-40.831013,BRIDGE
-14.855246,-39.101262,-14.855249,-39.101651,BRIDGE
-14.855175,-39.662183,-14.855127,-39.661605,BRIDGE
-14.854911,-40.723472,-14.854843,-40.723438,BRIDGE
-14.854201,-39.363796,-14.854087,-39.363772,BRIDGE
-14.853887,-40.827432,-14.853844,-40.827473,BRIDGE
-14.852647,-40.576346,-14.852563,-40.576097,BRIDGE
-14.852582,-40.555065,-14.852525,-40.555130,BRIDGE
-14.852504,-39.636910,-14.852504,-39.636739,BRIDGE
-14.852457,-39.609605,-14.852456,-39.609418,BRIDGE
-14.852225,-40.581214,-14.852069,-40.581244,BRIDGE
-14.851890,-40.842354,-14.851827,-40.841499,BRIDGE
-14.851690,-39.725945,-14.851623,-39.725907,BRIDGE
-14.851428,-42.667370,-14.851429,-42.667184,BRIDGE
-14.850677,-39.305116,-14.850570,-39.305069,BRIDGE
-14.850519,-39.304114,-14.850583,-39.304040,BRIDGE
-14.850229,-40.570785,-14.850163,-40.570747,BRIDGE
-14.849804,-39.368902,-14.849900,-39.368881,BRIDGE
-14.849227,-39.334131,-14.849103,-39.334249,BRIDGE
-14.848788,-40.825095,-14.848783,-40.825004,BRIDGE
-14.848562,-39.342789,-14.848427,-39.342881,BRIDGE
-14.848420,-39.347162,-14.848350,-39.346992,BRIDGE
-14.847230,-39.548617,-14.847117,-39.548567,BRIDGE
-14.846772,-39.548363,-14.846652,-39.548281,BRIDGE
-14.846581,-41.193699,-14.846480,-41.194262,BRIDGE
-14.846376,-39.984470,-14.846362,-39.984384,BRIDGE
-14.845477,-40.474275,-14.845435,-40.474238,BRIDGE
-14.845392,-40.838659,-14.845518,-40.838204,BRIDGE
-14.845295,-40.825426,-14.845309,-40.825546,BRIDGE
-14.844642,-39.349412,-14.844754,-39.349484,BRIDGE
-14.844465,-39.800176,-14.844559,-39.800157,BRIDGE
-14.843230,-39.351076,-14.843184,-39.350965,BRIDGE
-14.841955,-39.037649,-14.841894,-39.037587,BRIDGE
-14.841937,-40.845773,-14.842052,-40.845620,TUNNEL
-14.841711,-39.991859,-14.841789,-39.992041,BRIDGE
-14.841047,-39.984756,-14.841065,-39.984653,BRIDGE
-14.840786,-39.303585,-14.840700,-39.303502,BRIDGE
-14.840713,-40.857908,-14.840791,-40.857924,BRIDGE
-14.840517,-41.396953,-14.840602,-41.396794,BRIDGE
-14.840259,-42.752560,-14.840218,-42.752487,BRIDGE
-14.840066,-39.518396,-14.840021,-39.518401,BRIDGE
-14.839107,-39.984611,-14.839021,-39.984442,BRIDGE
-14.839073,-39.606084,-14.839089,-39.606177,BRIDGE
-14.838964,-39.286793,-14.839146,-39.286686,BRIDGE
-14.838945,-39.605759,-14.838903,-39.605866,BRIDGE
-14.838775,-42.072415,-14.838648,-42.072345,BRIDGE
-14.838604,-39.988934,-14.838853,-39.988778,BRIDGE
-14.837737,-39.644281,-14.837688,-39.644228,BRIDGE
-14.837671,-39.533555,-14.837567,-39.533539,BRIDGE
-14.836191,-40.198063,-14.836246,-40.198024,BRIDGE
-14.835866,-40.465643,-14.835948,-40.465633,BRIDGE
-14.835245,-39.702125,-14.835193,-39.702065,BRIDGE
-14.834864,-40.893022,-14.834897,-40.892873,BRIDGE
-14.834794,-45.307112,-14.834986,-45.306790,BRIDGE
-14.834642,-42.631556,-14.834606,-42.631428,BRIDGE
-14.834189,-40.892860,-14.834214,-40.892716,BRIDGE
-14.833870,-42.741005,-14.833826,-42.740926,BRIDGE
-14.833753,-39.731934,-14.833868,-39.731977,BRIDGE
-14.833507,-40.892556,-14.833408,-40.892693,BRIDGE
-14.833149,-39.357625,-14.833170,-39.357820,BRIDGE
-14.832450,-40.892195,-14.832392,-40.892258,BRIDGE
-14.832310,-39.337519,-14.832351,-39.337417,BRIDGE
-14.831879,-40.891785,-14.831939,-40.891721,BRIDGE
-14.831866,-41.642505,-14.831733,-41.642522,BRIDGE
-14.828435,-40.827666,-14.828379,-40.827710,BRIDGE
-14.828379,-40.827710,-14.828209,-40.827849,BRIDGE
-14.826183,-42.725071,-14.826168,-42.725164,BRIDGE
-14.825364,-39.951114,-14.825277,-39.951065,BRIDGE
-14.820985,-39.701063,-14.820915,-39.700950,BRIDGE
-14.820399,-39.698018,-14.820308,-39.698032,BRIDGE
-14.819003,-42.178320,-14.818911,-42.178378,BRIDGE
-14.818208,-42.288832,-14.818182,-42.289011,BRIDGE
-14.816569,-39.990040,-14.816726,-39.990116,BRIDGE
-14.816352,-40.167437,-14.816341,-40.167359,BRIDGE
-14.815339,-42.442503,-14.815406,-42.442465,BRIDGE
-14.815044,-39.296549,-14.816074,-39.295993,BRIDGE
-14.813808,-39.444201,-14.813596,-39.444169,BRIDGE
-14.813507,-39.296898,-14.813982,-39.297351,BRIDGE
-14.813082,-39.440819,-14.812940,-39.440854,BRIDGE
-14.812144,-39.276460,-14.811993,-39.276511,BRIDGE
-14.812088,-39.278262,-14.812022,-39.278296,BRIDGE
-14.811951,-39.600799,-14.811946,-39.600654,BRIDGE
-14.811901,-39.274919,-14.811860,-39.274934,BRIDGE
-14.811536,-39.274457,-14.811451,-39.274479,BRIDGE
-14.811485,-39.274553,-14.811549,-39.274535,BRIDGE
-14.811318,-39.274023,-14.811416,-39.273990,BRIDGE
-14.811259,-39.273507,-14.811181,-39.273536,BRIDGE
-14.811256,-39.484490,-14.811347,-39.484544,BRIDGE
-14.810795,-39.271972,-14.810726,-39.271997,BRIDGE
-14.810604,-39.472034,-14.810670,-39.471970,BRIDGE
-14.810596,-39.458885,-14.810465,-39.458855,BRIDGE
-14.810519,-40.160186,-14.810425,-40.160146,BRIDGE
-14.810267,-39.471752,-14.810342,-39.471660,BRIDGE
-14.809859,-39.478228,-14.809769,-39.478182,BRIDGE
-14.809856,-39.687086,-14.809807,-39.687056,BRIDGE
-14.809524,-39.153395,-14.809602,-39.153320,BRIDGE
-14.809249,-39.024421,-14.806345,-39.029846,BRIDGE
-14.808667,-41.262570,-14.808532,-41.262417,BRIDGE
-14.808063,-39.486461,-14.808147,-39.486329,BRIDGE
-14.807483,-40.503751,-14.807571,-40.503500,BRIDGE
-14.806423,-39.029901,-14.809276,-39.024508,BRIDGE
-14.806298,-40.824756,-14.806231,-40.824709,BRIDGE
-14.805798,-39.405844,-14.805659,-39.406022,BRIDGE
-14.805721,-39.409124,-14.805866,-39.409208,BRIDGE
-14.805514,-42.341774,-14.805563,-42.341897,BRIDGE
-14.803835,-39.223756,-14.803906,-39.223693,BRIDGE
-14.803396,-39.038184,-14.801783,-39.040603,BRIDGE
-14.801360,-40.546029,-14.801302,-40.545969,BRIDGE
-14.800211,-39.277434,-14.798776,-39.277805,BRIDGE
-14.799504,-39.120354,-14.800364,-39.120559,BRIDGE
-14.799103,-39.063282,-14.799551,-39.064368,BRIDGE
-14.798924,-42.462071,-14.798980,-42.462001,BRIDGE
-14.798805,-39.277874,-14.800239,-39.277506,BRIDGE
-14.798600,-39.520217,-14.798506,-39.520220,BRIDGE
-14.798548,-39.273923,-14.798320,-39.273752,BRIDGE
-14.798246,-39.115246,-14.797296,-39.115719,BRIDGE
-14.797543,-40.460503,-14.797522,-40.460448,BRIDGE
-14.797188,-39.201670,-14.796561,-39.201744,BRIDGE
-14.795424,-39.038863,-14.795097,-39.038269,BRIDGE
-14.795317,-39.262842,-14.795339,-39.262734,BRIDGE
-14.794894,-39.262725,-14.794924,-39.262581,BRIDGE
-14.793566,-39.273729,-14.793048,-39.274408,BRIDGE
-14.793048,-39.274408,-14.793012,-39.274463,BRIDGE
-14.791587,-39.514940,-14.791639,-39.514845,BRIDGE
-14.791148,-42.270537,-14.791240,-42.270591,BRIDGE
-14.790900,-39.062393,-14.790643,-39.062950,BRIDGE
-14.790847,-39.245361,-14.789046,-39.246783,BRIDGE
-14.790599,-42.445630,-14.790562,-42.445561,BRIDGE
-14.789652,-39.987871,-14.789490,-39.987879,BRIDGE
-14.789572,-39.290627,-14.789561,-39.290281,BRIDGE
-14.789491,-42.448766,-14.789502,-42.448643,BRIDGE
-14.789464,-39.290284,-14.789471,-39.290630,BRIDGE
-14.789363,-42.485514,-14.789408,-42.485419,BRIDGE
-14.789102,-39.246850,-14.790879,-39.245458,BRIDGE
-14.788829,-42.673523,-14.788760,-42.673575,BRIDGE
-14.788450,-43.533966,-14.788436,-43.533678,BRIDGE
-14.787611,-40.147240,-14.787505,-40.147301,BRIDGE
-14.787291,-39.255041,-14.787085,-39.255299,BRIDGE
-14.786831,-39.271767,-14.786886,-39.271855,BRIDGE
-14.786684,-39.222350,-14.786799,-39.222405,BRIDGE
-14.786614,-39.244668,-14.786652,-39.244594,BRIDGE
-14.786113,-40.794244,-14.786068,-40.794190,BRIDGE
-14.786061,-39.267241,-14.784029,-39.267945,BRIDGE
-14.785946,-39.243894,-14.785916,-39.243974,BRIDGE
-14.785103,-39.042937,-14.785079,-39.042982,BRIDGE
-14.785090,-39.103525,-14.784445,-39.104433,BRIDGE
-14.785034,-39.106483,-14.785123,-39.106571,BRIDGE
-14.784844,-41.695523,-14.784769,-41.695566,BRIDGE
-14.784806,-39.381543,-14.784911,-39.381445,BRIDGE
-14.784271,-39.042476,-14.784247,-39.042521,BRIDGE
-14.783729,-39.107706,-14.783764,-39.107669,BRIDGE
-14.783346,-40.125505,-14.783304,-40.125368,BRIDGE
-14.783012,-40.453755,-14.783058,-40.453690,BRIDGE
-14.782407,-39.241769,-14.782413,-39.241928,BRIDGE
-14.782072,-39.224087,-14.782151,-39.224064,BRIDGE
-14.781653,-39.228431,-14.781678,-39.228528,BRIDGE
-14.781396,-39.268341,-14.781357,-39.268267,BRIDGE
-14.781285,-39.268295,-14.781322,-39.268369,BRIDGE
-14.780508,-45.590023,-14.780430,-45.590044,BRIDGE
-14.779544,-39.271172,-14.779601,-39.271143,BRIDGE
-14.778319,-39.230258,-14.778340,-39.230338,BRIDGE
-14.776142,-40.454967,-14.776421,-40.455029,BRIDGE
-14.775101,-42.662451,-14.775111,-42.662368,BRIDGE
-14.775066,-42.662362,-14.775054,-42.662444,BRIDGE
-14.775054,-39.232357,-14.775075,-39.232438,BRIDGE
-14.774036,-41.052451,-14.774012,-41.052558,BRIDGE
-14.773065,-42.653405,-14.773145,-42.653444,BRIDGE
-14.772520,-41.933608,-14.772445,-41.933629,BRIDGE
-14.772486,-39.289689,-14.772877,-39.290033,BRIDGE
-14.772473,-39.059446,-14.772148,-39.059793,BRIDGE
-14.772415,-39.059936,-14.772698,-39.059711,BRIDGE
-14.771539,-39.233669,-14.771553,-39.233728,BRIDGE
-14.771150,-39.217635,-14.771173,-39.217724,BRIDGE
-14.769968,-39.126520,-14.769897,-39.126562,BRIDGE
-14.769559,-40.093382,-14.769751,-40.093467,BRIDGE
-14.769223,-42.654682,-14.769365,-42.654755,BRIDGE
-14.768758,-42.818971,-14.768718,-42.819038,BRIDGE
-14.768735,-42.655542,-14.768823,-42.655549,BRIDGE
-14.768721,-42.658124,-14.768796,-42.657990,BRIDGE
-14.768620,-39.246549,-14.768685,-39.246549,BRIDGE
-14.768318,-45.686741,-14.768352,-45.686697,BRIDGE
-14.767546,-39.217871,-14.767563,-39.217956,BRIDGE
-14.767281,-39.258648,-14.767215,-39.258671,BRIDGE
-14.767039,-42.656517,-14.767095,-42.656379,BRIDGE
-14.766942,-39.278677,-14.767001,-39.278735,BRIDGE
-14.766700,-39.359561,-14.766666,-39.359744,BRIDGE
-14.766380,-42.655606,-14.766318,-42.655712,BRIDGE
-14.765690,-39.487250,-14.765658,-39.487168,BRIDGE
-14.765128,-42.655236,-14.765194,-42.655300,BRIDGE
-14.764567,-42.872487,-14.764407,-42.872582,BRIDGE
-14.764176,-39.255242,-14.764120,-39.255324,BRIDGE
-14.762757,-39.232319,-14.762717,-39.232395,BRIDGE
-14.762565,-42.515423,-14.762797,-42.515187,BRIDGE
-14.761693,-39.904842,-14.761768,-39.904754,BRIDGE
-14.760893,-39.954395,-14.760866,-39.954338,BRIDGE
-14.760627,-39.480559,-14.760526,-39.480481,BRIDGE
-14.760279,-40.216039,-14.760348,-40.215901,BRIDGE
-14.760026,-40.086031,-14.759948,-40.085560,BRIDGE
-14.759706,-39.141935,-14.759744,-39.141849,BRIDGE
-14.759661,-39.480743,-14.759736,-39.480781,BRIDGE
-14.758958,-42.652971,-14.759230,-42.653003,BRIDGE
-14.758130,-39.230708,-14.758240,-39.230678,BRIDGE
-14.757443,-39.392517,-14.757396,-39.392422,BRIDGE
-14.757263,-39.391667,-14.757337,-39.391662,BRIDGE
-14.756983,-41.559276,-14.757012,-41.559104,BRIDGE
-14.756951,-39.412179,-14.756949,-39.412097,BRIDGE
-14.755908,-39.231131,-14.755935,-39.231234,TUNNEL
-14.754418,-39.336112,-14.754491,-39.336148,BRIDGE
-14.753756,-39.065326,-14.753734,-39.063495,BRIDGE
-14.753729,-39.555583,-14.753827,-39.555392,BRIDGE
-14.752982,-42.429546,-14.752759,-42.429494,BRIDGE
-14.752339,-39.112098,-14.752414,-39.112043,BRIDGE
-14.751926,-40.114050,-14.751931,-40.114118,BRIDGE
-14.751083,-39.332749,-14.750955,-39.332716,BRIDGE
-14.750573,-42.725995,-14.750589,-42.725808,BRIDGE
-14.750436,-40.109915,-14.750417,-40.109952,BRIDGE
-14.749301,-39.471838,-14.749237,-39.471798,BRIDGE
-14.748095,-39.118633,-14.748178,-39.118687,BRIDGE
-14.748043,-39.074362,-14.748230,-39.074112,BRIDGE
-14.747915,-42.573113,-14.748050,-42.573034,BRIDGE
-14.746855,-39.395019,-14.746876,-39.394952,BRIDGE
-14.745890,-40.082193,-14.746035,-40.081857,BRIDGE
-14.745347,-39.111290,-14.745332,-39.111146,BRIDGE
-14.745183,-40.103602,-14.745102,-40.103673,BRIDGE
-14.744951,-39.125433,-14.744907,-39.125422,BRIDGE
-14.744462,-39.471252,-14.744381,-39.471247,BRIDGE
-14.744373,-39.354894,-14.744399,-39.355077,BRIDGE
-14.743914,-39.406092,-14.743799,-39.406177,BRIDGE
-14.743882,-39.178067,-14.743707,-39.177815,BRIDGE
-14.743634,-39.326153,-14.743748,-39.326010,BRIDGE
-14.743092,-42.463571,-14.743301,-42.463605,BRIDGE
-14.742098,-39.178086,-14.742142,-39.178009,BRIDGE
-14.740614,-39.114841,-14.740584,-39.114793,BRIDGE
-14.739902,-42.798367,-14.739811,-42.798239,BRIDGE
-14.737656,-39.353300,-14.737657,-39.353084,BRIDGE
-14.737630,-40.096486,-14.737609,-40.096596,BRIDGE
-14.736717,-39.369936,-14.736850,-39.369878,BRIDGE
-14.736656,-39.120069,-14.736682,-39.120016,BRIDGE
-14.736221,-39.120082,-14.736265,-39.120105,BRIDGE
-14.735380,-42.924258,-14.735354,-42.924213,BRIDGE
-14.733713,-39.120012,-14.733788,-39.119953,BRIDGE
-14.733656,-40.097377,-14.733520,-40.097422,BRIDGE
-14.732245,-39.384516,-14.732185,-39.384489,BRIDGE
-14.731521,-39.118766,-14.731521,-39.118844,BRIDGE
-14.730889,-40.077024,-14.730766,-40.076989,BRIDGE
-14.727304,-39.341594,-14.727176,-39.341368,BRIDGE
-14.726855,-39.299225,-14.726891,-39.299172,BRIDGE
-14.725883,-40.128465,-14.725799,-40.128479,BRIDGE
-14.725232,-39.468424,-14.725238,-39.468362,BRIDGE
-14.725112,-39.349229,-14.725309,-39.348983,BRIDGE
-14.724713,-39.345834,-14.724474,-39.345987,BRIDGE
-14.724539,-39.169273,-14.724531,-39.169135,BRIDGE
-14.724388,-39.177832,-14.724346,-39.177890,BRIDGE
-14.723880,-39.126196,-14.723939,-39.126175,BRIDGE
-14.723307,-40.002088,-14.723310,-40.001994,BRIDGE
-14.723184,-39.953412,-14.723306,-39.953593,BRIDGE
-14.723161,-39.794755,-14.722931,-39.794650,BRIDGE
-14.722612,-39.315464,-14.722618,-39.315375,BRIDGE
-14.722010,-39.073409,-14.722089,-39.073388,BRIDGE
-14.721282,-39.072276,-14.721211,-39.072315,BRIDGE
-14.718812,-42.811623,-14.718862,-42.811450,BRIDGE
-14.718309,-42.401482,-14.717955,-42.401355,BRIDGE
-14.717784,-42.395167,-14.717343,-42.395323,BRIDGE
-14.717384,-39.480969,-14.717273,-39.481001,BRIDGE
-14.715880,-40.075989,-14.715834,-40.076029,BRIDGE
-14.713326,-39.201355,-14.713409,-39.201433,BRIDGE
-14.712429,-39.461204,-14.712499,-39.461037,BRIDGE
-14.709888,-39.301140,-14.709857,-39.301048,BRIDGE
-14.708984,-41.964173,-14.708893,-41.964199,BRIDGE
-14.708028,-39.630873,-14.708101,-39.630765,BRIDGE
-14.707482,-39.638563,-14.707609,-39.638675,BRIDGE
-14.705944,-39.687956,-14.705912,-39.688082,BRIDGE
-14.705583,-39.313859,-14.705225,-39.313854,BRIDGE
-14.704358,-39.310638,-14.704338,-39.310479,BRIDGE
-14.704317,-39.314853,-14.704325,-39.314683,BRIDGE
-14.703554,-39.310015,-14.703527,-39.309894,BRIDGE
-14.703373,-39.281086,-14.703302,-39.281217,BRIDGE
-14.702887,-39.633602,-14.702957,-39.633671,BRIDGE
-14.702689,-39.200959,-14.702696,-39.200886,BRIDGE
-14.701527,-42.832703,-14.701698,-42.832738,BRIDGE
-14.701149,-39.635586,-14.701241,-39.635736,BRIDGE
-14.701084,-39.223247,-14.701180,-39.223225,BRIDGE
-14.700432,-39.303431,-14.700539,-39.303311,BRIDGE
-14.699667,-39.220492,-14.699742,-39.220673,BRIDGE
-14.699512,-39.457025,-14.699525,-39.456965,BRIDGE
-14.699012,-42.854844,-14.698831,-42.854762,BRIDGE
-14.698837,-39.282861,-14.698703,-39.282879,BRIDGE
-14.697755,-39.433424,-14.697713,-39.433547,BRIDGE
-14.696966,-39.436613,-14.696794,-39.436639,BRIDGE
-14.696625,-39.440273,-14.696649,-39.440351,BRIDGE
-14.696378,-39.436811,-14.696234,-39.436817,BRIDGE
-14.696304,-39.808183,-14.696248,-39.808138,BRIDGE
-14.696274,-39.209143,-14.696174,-39.209136,BRIDGE
-14.695892,-41.281836,-14.695809,-41.281894,BRIDGE
-14.695379,-43.728961,-14.695246,-43.729240,BRIDGE
-14.695349,-39.215411,-14.695474,-39.215372,BRIDGE
-14.694055,-39.299774,-14.694205,-39.299572,BRIDGE
-14.693935,-39.197481,-14.693944,-39.197283,BRIDGE
-14.692962,-39.290193,-14.692743,-39.290254,BRIDGE
-14.691598,-43.764465,-14.692388,-43.764562,BRIDGE
-14.691066,-39.433111,-14.690917,-39.433093,BRIDGE
-14.690997,-39.284871,-14.690810,-39.284912,BRIDGE
-14.690922,-39.191481,-14.690974,-39.191365,BRIDGE
-14.690789,-39.279497,-14.690961,-39.279420,BRIDGE
-14.690437,-39.672285,-14.690483,-39.672078,BRIDGE
-14.690174,-39.561554,-14.690019,-39.561554,BRIDGE
-14.689985,-39.193270,-14.690089,-39.193390,BRIDGE
-14.688534,-41.276818,-14.688461,-41.276720,BRIDGE
-14.688146,-39.809630,-14.688064,-39.809566,BRIDGE
-14.686970,-39.175082,-14.687064,-39.175048,BRIDGE
-14.686252,-39.274524,-14.686507,-39.274482,BRIDGE
-14.685273,-39.450531,-14.685237,-39.450815,BRIDGE
-14.684326,-39.271696,-14.684531,-39.271465,BRIDGE
-14.683235,-39.407189,-14.683046,-39.407491,BRIDGE
-14.682014,-41.278216,-14.681808,-41.278210,BRIDGE
-14.681958,-42.675390,-14.682548,-42.675191,BRIDGE
-14.681627,-39.406854,-14.681803,-39.406791,BRIDGE
-14.680276,-39.475130,-14.679993,-39.475256,BRIDGE
-14.678440,-39.079980,-14.678324,-39.079845,BRIDGE
-14.676500,-39.077475,-14.675383,-39.075598,BRIDGE
-14.676277,-39.263814,-14.676084,-39.263928,BRIDGE
-14.676104,-42.368153,-14.675996,-42.368159,BRIDGE
-14.675769,-39.457161,-14.675629,-39.456933,BRIDGE
-14.674534,-39.377192,-14.674765,-39.376825,BRIDGE
-14.674011,-39.233453,-14.674307,-39.233080,BRIDGE
-14.672549,-41.481707,-14.672486,-41.481797,BRIDGE
-14.669970,-41.282441,-14.669885,-41.282488,BRIDGE
-14.663156,-41.164744,-14.662994,-41.164628,BRIDGE
-14.661458,-39.557056,-14.661306,-39.556712,BRIDGE
-14.660379,-39.485722,-14.660213,-39.485984,BRIDGE
-14.659521,-39.223595,-14.659931,-39.222977,BRIDGE
-14.659315,-39.122122,-14.659396,-39.122291,BRIDGE
-14.658842,-42.873986,-14.658980,-42.873873,BRIDGE
-14.658612,-41.490741,-14.658724,-41.490779,BRIDGE
-14.657716,-39.266523,-14.657234,-39.266159,BRIDGE
-14.657211,-41.485332,-14.657254,-41.485388,BRIDGE
-14.655553,-39.276810,-14.655109,-39.276804,BRIDGE
-14.654799,-39.744336,-14.654664,-39.744237,BRIDGE
-14.650207,-39.522133,-14.650139,-39.522004,BRIDGE
-14.649214,-39.345131,-14.649869,-39.345683,BRIDGE
-14.649062,-41.175275,-14.649195,-41.175450,BRIDGE
-14.648094,-41.960399,-14.648063,-41.960404,BRIDGE
-14.644562,-42.997676,-14.644468,-42.997579,BRIDGE
-14.643107,-41.502145,-14.643179,-41.502063,BRIDGE
-14.641353,-39.547354,-14.640858,-39.547322,BRIDGE
-14.639351,-45.502079,-14.639474,-45.501970,BRIDGE
-14.638798,-41.169134,-14.638975,-41.168865,BRIDGE
-14.638199,-39.551122,-14.638520,-39.551137,BRIDGE
-14.637155,-40.058427,-14.637591,-40.058312,BRIDGE
-14.635578,-39.069129,-14.635426,-39.069172,BRIDGE
-14.635407,-40.728193,-14.635266,-40.728172,BRIDGE
-14.635328,-40.728360,-14.635140,-40.728346,BRIDGE
-14.635121,-39.734973,-14.634977,-39.735011,BRIDGE
-14.633095,-39.334865,-14.633301,-39.334953,BRIDGE
-14.632906,-39.345472,-14.632789,-39.345498,BRIDGE
-14.631351,-40.087204,-14.631256,-40.087106,BRIDGE
-14.628657,-42.511412,-14.628782,-42.511414,BRIDGE
-14.628522,-39.352609,-14.628829,-39.352582,BRIDGE
-14.627568,-42.283394,-14.627593,-42.283331,BRIDGE
-14.626157,-40.893493,-14.626034,-40.893530,BRIDGE
-14.624602,-43.742590,-14.624692,-43.742303,BRIDGE
-14.623119,-39.344241,-14.623092,-39.344346,BRIDGE
-14.620512,-42.313537,-14.620453,-42.313547,BRIDGE
-14.618357,-39.730320,-14.618171,-39.730315,BRIDGE
-14.618283,-41.138216,-14.618351,-41.138227,BRIDGE
-14.617752,-39.342663,-14.617697,-39.342784,BRIDGE
-14.617742,-41.959518,-14.617664,-41.959503,BRIDGE
-14.614109,-39.266084,-14.614242,-39.265990,BRIDGE
-14.613958,-41.265110,-14.614023,-41.265191,BRIDGE
-14.610295,-41.146967,-14.610959,-41.146134,BRIDGE
-14.610072,-41.137445,-14.609358,-41.137721,BRIDGE
-14.609826,-40.942484,-14.609963,-40.942425,BRIDGE
-14.609803,-39.195577,-14.609942,-39.195657,BRIDGE
-14.608564,-39.267586,-14.608535,-39.267701,BRIDGE
-14.608110,-40.147306,-14.608169,-40.147231,BRIDGE
-14.606981,-41.128768,-14.606988,-41.128458,BRIDGE
-14.605192,-40.102435,-14.605074,-40.102256,BRIDGE
-14.603359,-40.106206,-14.603268,-40.106183,BRIDGE
-14.602560,-39.255277,-14.602561,-39.255377,BRIDGE
-14.601242,-41.216075,-14.601356,-41.216066,BRIDGE
-14.600624,-39.233367,-14.600589,-39.233305,BRIDGE
-14.600248,-39.363480,-14.600191,-39.363322,BRIDGE
-14.600105,-42.947485,-14.599939,-42.947635,BRIDGE
-14.599759,-43.677476,-14.599804,-43.677537,BRIDGE
-14.599465,-39.202319,-14.599461,-39.202404,BRIDGE
-14.599067,-39.388170,-14.599225,-39.388076,BRIDGE
-14.597703,-39.275042,-14.597703,-39.274912,BRIDGE
-14.597468,-40.122558,-14.597542,-40.122574,BRIDGE
-14.595978,-40.125974,-14.595890,-40.126024,BRIDGE
-14.595265,-39.278008,-14.595411,-39.277975,BRIDGE
-14.594935,-42.382860,-14.594817,-42.383017,BRIDGE
-14.593654,-39.279551,-14.593604,-39.279788,BRIDGE
-14.593128,-39.390313,-14.593367,-39.390286,BRIDGE
-14.591726,-39.284754,-14.591670,-39.284878,BRIDGE
-14.591612,-39.288090,-14.591698,-39.287941,BRIDGE
-14.591369,-39.428230,-14.591304,-39.428234,BRIDGE
-14.590705,-39.427181,-14.590709,-39.427050,BRIDGE
-14.590626,-39.287109,-14.590577,-39.287087,BRIDGE
-14.590187,-39.283660,-14.590001,-39.283567,BRIDGE
-14.590013,-39.362581,-14.589899,-39.362675,BRIDGE
-14.589657,-39.391968,-14.589722,-39.391721,BRIDGE
-14.589228,-39.281829,-14.589321,-39.281862,BRIDGE
-14.589126,-39.293982,-14.589093,-39.293889,BRIDGE
-14.588813,-39.287331,-14.588712,-39.287398,BRIDGE
-14.588789,-39.243749,-14.588826,-39.244034,BRIDGE
-14.588614,-39.287308,-14.588568,-39.287411,BRIDGE
-14.587162,-42.699137,-14.587717,-42.699365,BRIDGE
-14.587128,-42.442719,-14.587102,-42.442879,BRIDGE
-14.585715,-39.297252,-14.585805,-39.297277,BRIDGE
-14.585145,-41.972453,-14.585146,-41.972400,BRIDGE
-14.585001,-39.219748,-14.585053,-39.219708,BRIDGE
-14.584929,-39.244033,-14.584896,-39.243950,BRIDGE
-14.584372,-39.220439,-14.584349,-39.220348,BRIDGE
-14.583953,-42.435950,-14.583844,-42.435974,BRIDGE
-14.583225,-42.526464,-14.583297,-42.526479,BRIDGE
-14.582238,-41.152663,-14.582461,-41.152496,BRIDGE
-14.581738,-39.299454,-14.581815,-39.299237,BRIDGE
-14.580645,-39.382585,-14.580622,-39.382682,BRIDGE
-14.579648,-39.376089,-14.579661,-39.376202,BRIDGE
-14.579264,-39.358167,-14.579199,-39.358319,BRIDGE
-14.578461,-41.951706,-14.578385,-41.951718,BRIDGE
-14.577120,-39.298467,-14.577032,-39.298507,BRIDGE
-14.574196,-42.939027,-14.574375,-42.938912,BRIDGE
-14.573608,-39.718195,-14.573608,-39.717937,BRIDGE
-14.571780,-40.064970,-14.571775,-40.064859,BRIDGE
-14.568819,-40.238252,-14.568853,-40.238186,BRIDGE
-14.568580,-39.442875,-14.568574,-39.442812,BRIDGE
-14.566056,-39.440752,-14.565983,-39.440832,BRIDGE
-14.565075,-39.371572,-14.565225,-39.371712,BRIDGE
-14.564500,-39.727459,-14.564419,-39.727312,BRIDGE
-14.564187,-40.078812,-14.564366,-40.078787,BRIDGE
-14.563076,-39.238867,-14.563090,-39.238810,BRIDGE
-14.562837,-40.522617,-14.562764,-40.522548,BRIDGE
-14.562646,-40.306502,-14.562625,-40.306453,BRIDGE
-14.561291,-40.087014,-14.561395,-40.086942,BRIDGE
-14.558897,-39.296665,-14.558842,-39.296608,BRIDGE
-14.556610,-39.314043,-14.556573,-39.313970,BRIDGE
-14.556439,-40.694147,-14.556422,-40.693775,BRIDGE
-14.556406,-39.802641,-14.556466,-39.802557,BRIDGE
-14.556400,-39.103860,-14.556448,-39.103915,BRIDGE
-14.556390,-42.936767,-14.556320,-42.936563,BRIDGE
-14.555203,-39.100487,-14.555186,-39.100400,BRIDGE
-14.555158,-42.709766,-14.555121,-42.709867,BRIDGE
-14.554990,-40.098962,-14.554970,-40.098848,BRIDGE
-14.554416,-43.769387,-14.554415,-43.769281,BRIDGE
-14.553904,-39.370939,-14.553852,-39.371095,BRIDGE
-14.552899,-39.810627,-14.552961,-39.810555,BRIDGE
-14.551334,-43.765103,-14.551212,-43.765127,BRIDGE
-14.550094,-40.106606,-14.549990,-40.106598,BRIDGE
-14.548939,-39.293343,-14.548912,-39.293506,BRIDGE
-14.548208,-40.236500,-14.548374,-40.236587,BRIDGE
-14.547959,-39.116309,-14.547963,-39.116183,BRIDGE
-14.547828,-42.282266,-14.547673,-42.282130,BRIDGE
-14.545482,-42.322354,-14.545272,-42.322400,BRIDGE
-14.545226,-39.294330,-14.545184,-39.294382,BRIDGE
-14.544659,-42.953915,-14.544759,-42.953859,BRIDGE
-14.544535,-39.095424,-14.544586,-39.095554,BRIDGE
-14.541054,-42.519033,-14.541177,-42.519053,BRIDGE
-14.536592,-41.056166,-14.536641,-41.056426,BRIDGE
-14.534349,-40.381929,-14.534221,-40.381931,BRIDGE
-14.534220,-40.382025,-14.534369,-40.382020,BRIDGE
-14.533322,-41.109164,-14.533190,-41.109316,BRIDGE
-14.533191,-40.377819,-14.533268,-40.377798,BRIDGE
-14.532390,-40.375113,-14.532382,-40.375056,BRIDGE
-14.531797,-40.364336,-14.531864,-40.364249,BRIDGE
-14.530613,-40.370703,-14.530524,-40.370727,BRIDGE
-14.530283,-40.369450,-14.530390,-40.369482,BRIDGE
-14.530093,-40.368511,-14.530171,-40.368482,BRIDGE
-14.529560,-40.364962,-14.529557,-40.364830,BRIDGE
-14.528186,-40.364812,-14.528200,-40.364686,BRIDGE
-14.527375,-42.776913,-14.527344,-42.777001,BRIDGE
-14.526018,-39.362936,-14.526118,-39.362783,BRIDGE
-14.525522,-42.695927,-14.525602,-42.695943,BRIDGE
-14.524908,-40.362203,-14.524976,-40.362085,BRIDGE
-14.524776,-41.064470,-14.524963,-41.064387,BRIDGE
-14.524751,-40.136372,-14.524702,-40.136390,BRIDGE
-14.523508,-40.360005,-14.523420,-40.359992,BRIDGE
-14.523034,-43.771515,-14.522967,-43.771515,BRIDGE
-14.522086,-42.230003,-14.522035,-42.229907,BRIDGE
-14.519666,-39.857200,-14.519567,-39.856591,BRIDGE
-14.518192,-41.074310,-14.518405,-41.074410,BRIDGE
-14.514491,-42.222228,-14.514481,-42.222117,TUNNEL
-14.510775,-42.215619,-14.510826,-42.215710,BRIDGE
-14.510084,-42.223272,-14.509693,-42.223372,BRIDGE
-14.508509,-42.218770,-14.508946,-42.218291,BRIDGE
-14.507968,-39.422974,-14.507867,-39.422923,BRIDGE
-14.506391,-43.061800,-14.506630,-43.061965,BRIDGE
-14.506319,-39.420744,-14.506303,-39.420668,BRIDGE
-14.506304,-42.226233,-14.506245,-42.226105,BRIDGE
-14.506126,-40.320209,-14.506141,-40.320300,BRIDGE
-14.506073,-40.319903,-14.506086,-40.319984,BRIDGE
-14.503947,-43.051487,-14.503626,-43.051489,BRIDGE
-14.502722,-40.227115,-14.502723,-40.227174,BRIDGE
-14.502289,-39.041736,-14.502198,-39.041621,BRIDGE
-14.501656,-43.036201,-14.501411,-43.036452,BRIDGE
-14.496571,-41.151508,-14.496421,-41.151350,BRIDGE
-14.495467,-39.413356,-14.495322,-39.413412,BRIDGE
-14.495456,-42.205390,-14.495354,-42.205181,BRIDGE
-14.495147,-42.204986,-14.495119,-42.204920,BRIDGE
-14.494990,-42.687462,-14.494884,-42.687344,BRIDGE
-14.494269,-42.683674,-14.494439,-42.683563,BRIDGE
-14.494021,-41.762474,-14.494161,-41.762585,BRIDGE
-14.493732,-42.690677,-14.493945,-42.690684,BRIDGE
-14.492104,-43.033222,-14.492095,-43.033405,BRIDGE
-14.491832,-39.548607,-14.491939,-39.548518,BRIDGE
-14.491794,-42.623109,-14.491739,-42.622925,BRIDGE
-14.490351,-39.411424,-14.490359,-39.411322,BRIDGE
-14.488388,-41.499094,-14.488199,-41.499104,BRIDGE
-14.484196,-41.797244,-14.484262,-41.797109,BRIDGE
-14.473201,-42.171452,-14.472782,-42.171471,BRIDGE
-14.472386,-42.701697,-14.472515,-42.701625,BRIDGE
-14.467142,-39.964788,-14.467067,-39.964890,BRIDGE
-14.466406,-42.162615,-14.466463,-42.162379,BRIDGE
-14.465732,-39.964241,-14.465586,-39.964378,BRIDGE
-14.465325,-41.001069,-14.465695,-41.001079,BRIDGE
-14.465216,-42.144785,-14.465196,-42.144684,BRIDGE
-14.464901,-42.151369,-14.464910,-42.151193,BRIDGE
-14.458315,-39.740683,-14.458252,-39.740687,BRIDGE
-14.454363,-39.512148,-14.454352,-39.511883,BRIDGE
-14.451992,-39.032279,-14.452079,-39.032386,BRIDGE
-14.448840,-41.911210,-14.448916,-41.911206,BRIDGE
-14.446532,-39.833808,-14.446057,-39.833054,BRIDGE
-14.444826,-42.756107,-14.445008,-42.756252,BRIDGE
-14.444739,-39.052399,-14.444579,-39.052629,BRIDGE
-14.444723,-41.318256,-14.444614,-41.317965,BRIDGE
-14.444054,-40.053828,-14.443587,-40.053309,BRIDGE
-14.440468,-39.941163,-14.440353,-39.941077,BRIDGE
-14.439930,-40.051948,-14.440062,-40.051755,BRIDGE
-14.439021,-39.943854,-14.438956,-39.943795,BRIDGE
-14.437806,-40.011034,-14.437902,-40.010633,BRIDGE
-14.437700,-41.112426,-14.438258,-41.112457,BRIDGE
-14.437086,-39.194664,-14.436909,-39.194581,BRIDGE
-14.436977,-39.943350,-14.437423,-39.943260,BRIDGE
-14.436693,-39.904776,-14.436896,-39.903524,BRIDGE
-14.433173,-39.884749,-14.433100,-39.884697,BRIDGE
-14.432562,-41.651097,-14.432668,-41.651164,BRIDGE
-14.432517,-39.190414,-14.432448,-39.190283,BRIDGE
-14.430370,-41.087252,-14.430090,-41.087262,BRIDGE
-14.427544,-39.952324,-14.427466,-39.952368,BRIDGE
-14.425726,-39.566525,-14.425602,-39.566497,BRIDGE
-14.425426,-41.551010,-14.425271,-41.551140,BRIDGE
-14.424501,-39.560830,-14.424515,-39.561064,BRIDGE
-14.420152,-42.602216,-14.420237,-42.602038,BRIDGE
-14.417923,-43.551479,-14.417893,-43.551558,BRIDGE
-14.417671,-39.507114,-14.417581,-39.507063,BRIDGE
-14.417556,-40.870307,-14.417480,-40.870374,BRIDGE
-14.416085,-39.551542,-14.416106,-39.551313,BRIDGE
-14.415412,-39.171909,-14.415422,-39.171795,BRIDGE
-14.414282,-42.073973,-14.414104,-42.073949,BRIDGE
-14.414135,-42.076166,-14.414485,-42.076174,BRIDGE
-14.413685,-42.078182,-14.413488,-42.078095,BRIDGE
-14.413650,-40.391442,-14.413710,-40.391290,BRIDGE
-14.412452,-41.897889,-14.412549,-41.898731,BRIDGE
-14.412166,-39.400151,-14.412146,-39.400311,BRIDGE
-14.412097,-41.898163,-14.412161,-41.898420,BRIDGE
-14.412071,-39.751724,-14.411789,-39.751439,BRIDGE
-14.411661,-43.543329,-14.411620,-43.543359,BRIDGE
-14.410213,-43.539262,-14.410248,-43.539213,BRIDGE
-14.407752,-44.661339,-14.407215,-44.661323,BRIDGE
-14.407421,-39.427178,-14.407642,-39.427303,BRIDGE
-14.406168,-42.080229,-14.406339,-42.080017,BRIDGE
-14.405412,-42.609958,-14.405319,-42.609768,BRIDGE
-14.403506,-39.548945,-14.403477,-39.549097,BRIDGE
-14.403313,-42.622797,-14.403310,-42.622929,BRIDGE
-14.402030,-42.619035,-14.402099,-42.619134,BRIDGE
-14.398860,-39.043093,-14.398375,-39.042771,BRIDGE
-14.398556,-41.878834,-14.398600,-41.878658,BRIDGE
-14.397067,-40.883984,-14.396813,-40.884002,BRIDGE
-14.395916,-39.398135,-14.396083,-39.398142,BRIDGE
-14.395819,-43.673839,-14.395824,-43.673784,BRIDGE
-14.395179,-42.754817,-14.395477,-42.754514,BRIDGE
-14.393705,-42.707014,-14.393654,-42.706995,BRIDGE
-14.393237,-41.880383,-14.393153,-41.880459,BRIDGE
-14.393061,-41.880261,-14.393181,-41.880258,BRIDGE
-14.392711,-43.655563,-14.392710,-43.655499,BRIDGE
-14.392406,-41.117143,-14.392760,-41.117140,BRIDGE
-14.392017,-42.231458,-14.392010,-42.231372,BRIDGE
-14.390906,-40.041280,-14.390736,-40.041180,BRIDGE
-14.390102,-42.698335,-14.390105,-42.698411,BRIDGE
-14.388697,-41.874850,-14.388856,-41.874989,BRIDGE
-14.386849,-43.614636,-14.386909,-43.614620,BRIDGE
-14.385212,-40.197513,-14.385190,-40.197564,BRIDGE
-14.384289,-39.703584,-14.383668,-39.702766,BRIDGE
-14.383663,-40.887014,-14.383850,-40.886985,BRIDGE
-14.379321,-42.625744,-14.379320,-42.625834,BRIDGE
-14.378307,-42.762450,-14.378141,-42.762600,BRIDGE
-14.377308,-40.358575,-14.377249,-40.358776,BRIDGE
-14.375231,-41.565549,-14.375485,-41.565179,BRIDGE
-14.375154,-39.174306,-14.375351,-39.174185,BRIDGE
-14.372239,-42.802137,-14.372473,-42.802382,BRIDGE
-14.371096,-39.328033,-14.371034,-39.328236,BRIDGE
-14.369768,-40.196611,-14.369584,-40.196007,BRIDGE
-14.367940,-42.487496,-14.367999,-42.487403,BRIDGE
-14.367154,-40.076002,-14.367296,-40.076056,BRIDGE
-14.367030,-41.779600,-14.367378,-41.779523,BRIDGE
-14.366860,-39.415343,-14.366779,-39.415108,BRIDGE
-14.365693,-40.886425,-14.365427,-40.886559,BRIDGE
-14.364300,-42.476426,-14.364381,-42.476362,BRIDGE
-14.361459,-43.753959,-14.361484,-43.754197,BRIDGE
-14.360673,-40.769424,-14.360596,-40.769492,BRIDGE
-14.358090,-43.689462,-14.358095,-43.689540,BRIDGE
-14.357663,-39.422902,-14.357780,-39.422782,BRIDGE
-14.357297,-41.563597,-14.357189,-41.563393,BRIDGE
-14.354434,-42.155264,-14.354455,-42.155179,BRIDGE
-14.352573,-39.505404,-14.352736,-39.504972,BRIDGE
-14.351281,-39.530480,-14.351171,-39.529517,BRIDGE
-14.351196,-39.163797,-14.351288,-39.163463,BRIDGE
-14.349766,-40.357649,-14.349827,-40.357449,BRIDGE
-14.349293,-41.576082,-14.349678,-41.575790,BRIDGE
-14.346281,-39.316042,-14.346900,-39.316075,BRIDGE
-14.346135,-40.103861,-14.345973,-40.103806,BRIDGE
-14.345278,-42.096109,-14.345258,-42.096025,BRIDGE
-14.342816,-41.871407,-14.342724,-41.871394,BRIDGE
-14.340253,-40.910409,-14.340172,-40.910087,BRIDGE
-14.339002,-42.446653,-14.339013,-42.446570,BRIDGE
-14.338695,-39.018913,-14.338474,-39.018980,BRIDGE
-14.335818,-42.358208,-14.335709,-42.358109,BRIDGE
-14.334394,-42.622607,-14.334237,-42.622360,BRIDGE
-14.334390,-39.024814,-14.334258,-39.024628,BRIDGE
-14.331891,-41.869952,-14.331803,-41.869940,BRIDGE
-14.327553,-40.602713,-14.327544,-40.602891,BRIDGE
-14.327040,-39.002062,-14.327108,-39.002121,BRIDGE
-14.326973,-43.765891,-14.322151,-43.774935,BRIDGE
-14.325952,-39.463283,-14.325891,-39.464453,BRIDGE
-14.323746,-41.868864,-14.323665,-41.868853,BRIDGE
-14.323050,-45.425573,-14.322974,-45.425628,BRIDGE
-14.322858,-39.007793,-14.322869,-39.007710,BRIDGE
-14.322851,-42.991715,-14.322874,-42.991630,BRIDGE
-14.319509,-42.415321,-14.319270,-42.415657,BRIDGE
-14.318708,-43.549394,-14.318945,-43.549386,BRIDGE
-14.318630,-41.137682,-14.318724,-41.137601,BRIDGE
-14.318547,-42.415229,-14.318552,-42.415386,BRIDGE
-14.318454,-39.322476,-14.318424,-39.322543,BRIDGE
-14.318017,-39.322348,-14.318063,-39.322241,BRIDGE
-14.317992,-43.696991,-14.318033,-43.697027,BRIDGE
-14.316879,-39.322043,-14.316862,-39.322221,BRIDGE
-14.315627,-39.313994,-14.317195,-39.314373,BRIDGE
-14.314650,-39.313758,-14.315627,-39.313994,BRIDGE
-14.311580,-44.454971,-14.310784,-44.455558,BRIDGE
-14.310057,-43.026626,-14.310143,-43.026487,BRIDGE
-14.309815,-42.791837,-14.310080,-42.792684,BRIDGE
-14.308425,-42.311083,-14.308382,-42.310925,BRIDGE
-14.305556,-39.288115,-14.305689,-39.288199,BRIDGE
-14.305058,-42.016438,-14.305060,-42.016256,BRIDGE
-14.302364,-43.036741,-14.302400,-43.036663,BRIDGE
-14.301544,-44.739175,-14.301650,-44.739237,BRIDGE
-14.300935,-39.001573,-14.301018,-39.001578,BRIDGE
-14.300536,-41.567186,-14.300883,-41.566831,BRIDGE
-14.299966,-42.796358,-14.299656,-42.795757,BRIDGE
-14.296074,-39.268599,-14.296008,-39.268720,BRIDGE
-14.295223,-41.866432,-14.295144,-41.866426,BRIDGE
-14.294763,-40.311807,-14.294833,-40.311856,BRIDGE
-14.294044,-39.052020,-14.291015,-39.053141,BRIDGE
-14.292246,-41.561637,-14.291912,-41.561825,BRIDGE
-14.291934,-42.696722,-14.292070,-42.696568,BRIDGE
-14.291214,-39.924915,-14.291261,-39.924854,BRIDGE
-14.289497,-42.694687,-14.289580,-42.694647,BRIDGE
-14.288975,-41.668907,-14.288894,-41.668926,BRIDGE
-14.287255,-39.843623,-14.287416,-39.843695,BRIDGE
-14.287177,-39.847527,-14.287244,-39.847382,BRIDGE
-14.285777,-39.845157,-14.285572,-39.845171,BRIDGE
-14.284601,-41.757193,-14.284456,-41.757158,BRIDGE
-14.284400,-42.259925,-14.284319,-42.259874,BRIDGE
-14.283061,-42.682253,-14.282951,-42.682016,BRIDGE
-14.281789,-39.862852,-14.281812,-39.862886,BRIDGE
-14.280908,-39.276488,-14.281147,-39.276601,BRIDGE
-14.280398,-39.872904,-14.280582,-39.872877,BRIDGE
-14.279828,-41.164052,-14.280022,-41.163902,BRIDGE
-14.277392,-42.739330,-14.277460,-42.739249,BRIDGE
-14.276826,-39.368889,-14.276543,-39.368519,BRIDGE
-14.275782,-40.300681,-14.275893,-40.300837,BRIDGE
-14.273298,-39.878883,-14.273250,-39.879007,BRIDGE
-14.272290,-44.456766,-14.271932,-44.456835,BRIDGE
-14.272090,-41.663370,-14.271990,-41.663546,BRIDGE
-14.268915,-40.612873,-14.268944,-40.612695,BRIDGE
-14.268750,-41.483700,-14.268835,-41.483607,BRIDGE
-14.267463,-40.008046,-14.267347,-40.008074,BRIDGE
-14.266777,-42.257160,-14.266066,-42.256672,BRIDGE
-14.266751,-42.533191,-14.266279,-42.533003,BRIDGE
-14.265514,-42.258092,-14.265389,-42.258034,BRIDGE
-14.265336,-44.525440,-14.265842,-44.525290,BRIDGE
-14.264488,-44.522181,-14.263933,-44.522224,BRIDGE
-14.263346,-42.403726,-14.263426,-42.403606,BRIDGE
-14.260874,-41.801071,-14.260801,-41.801442,BRIDGE
-14.260483,-41.803083,-14.260396,-41.803517,BRIDGE
-14.260400,-39.357832,-14.260521,-39.357892,BRIDGE
-14.260176,-41.726682,-14.260480,-41.726736,BRIDGE
-14.259808,-44.674164,-14.259737,-44.674132,BRIDGE
-14.258973,-41.733979,-14.259097,-41.734058,BRIDGE
-14.258230,-39.263659,-14.258200,-39.263743,BRIDGE
-14.257751,-39.192682,-14.257748,-39.192814,BRIDGE
-14.257011,-44.160171,-14.256202,-44.160085,BRIDGE
-14.256993,-42.576080,-14.256861,-42.576066,BRIDGE
-14.256443,-42.596659,-14.256282,-42.596559,BRIDGE
-14.255298,-39.303689,-14.255382,-39.303645,BRIDGE
-14.255010,-42.572619,-14.255125,-42.572471,BRIDGE
-14.253527,-42.741293,-14.253514,-42.741335,BRIDGE
-14.250387,-44.643343,-14.250439,-44.643226,BRIDGE
-14.249849,-41.693941,-14.249299,-41.693981,BRIDGE
-14.248611,-39.324545,-14.248643,-39.324625,BRIDGE
-14.248484,-39.357953,-14.248561,-39.357906,BRIDGE
-14.247891,-39.377297,-14.248426,-39.376801,BRIDGE
-14.247388,-39.522860,-14.247430,-39.522877,BRIDGE
-14.244684,-41.545813,-14.244809,-41.545509,BRIDGE
-14.244460,-43.306200,-14.244312,-43.306262,BRIDGE
-14.244453,-42.767341,-14.244410,-42.767170,BRIDGE
-14.244340,-41.531408,-14.244491,-41.531391,BRIDGE
-14.243957,-42.763837,-14.243893,-42.764012,BRIDGE
-14.243885,-42.767121,-14.243929,-42.767275,BRIDGE
-14.243523,-42.764888,-14.243477,-42.765001,BRIDGE
-14.243293,-42.767185,-14.243276,-42.767025,BRIDGE
-14.242667,-42.766934,-14.242658,-42.767079,BRIDGE
-14.242173,-42.826609,-14.242316,-42.826713,BRIDGE
-14.242111,-42.766886,-14.242040,-42.767050,BRIDGE
-14.241948,-42.589885,-14.242005,-42.589700,BRIDGE
-14.241849,-42.775105,-14.241373,-42.774694,BRIDGE
-14.241465,-40.777324,-14.241361,-40.777746,BRIDGE
-14.241419,-39.898295,-14.241359,-39.898357,BRIDGE
-14.239783,-44.525343,-14.239450,-44.525533,BRIDGE
-14.239437,-42.769157,-14.239526,-42.769208,BRIDGE
-14.239276,-42.780993,-14.239395,-42.781041,BRIDGE
-14.238756,-44.529314,-14.238802,-44.529326,BRIDGE
-14.238411,-39.994345,-14.238386,-39.994425,BRIDGE
-14.237626,-43.640846,-14.237548,-43.640658,BRIDGE
-14.236084,-41.915233,-14.235982,-41.915138,BRIDGE
-14.234765,-44.621471,-14.234671,-44.621701,BRIDGE
-14.232499,-41.682817,-14.232236,-41.682307,BRIDGE
-14.232078,-42.778760,-14.231958,-42.778741,BRIDGE
-14.231866,-42.779704,-14.231959,-42.779699,BRIDGE
-14.231783,-42.775489,-14.231949,-42.775387,BRIDGE
-14.231740,-42.777094,-14.231640,-42.777188,BRIDGE
-14.231652,-42.777287,-14.231723,-42.777226,BRIDGE
-14.231369,-42.249340,-14.231153,-42.249403,BRIDGE
-14.230956,-42.779854,-14.230849,-42.779967,BRIDGE
-14.230890,-42.780018,-14.231012,-42.779901,BRIDGE
-14.230864,-42.786298,-14.230949,-42.786224,BRIDGE
-14.230765,-42.780512,-14.230910,-42.780496,BRIDGE
-14.230334,-39.501497,-14.231731,-39.502290,BRIDGE
-14.229844,-42.771048,-14.229971,-42.770938,BRIDGE
-14.229795,-42.771000,-14.229913,-42.770884,BRIDGE
-14.229737,-42.787302,-14.229981,-42.787089,BRIDGE
-14.228917,-41.670674,-14.228867,-41.670748,BRIDGE
-14.228651,-39.301837,-14.228633,-39.301906,BRIDGE
-14.228141,-42.767688,-14.228069,-42.767728,BRIDGE
-14.228087,-42.767818,-14.228175,-42.767770,BRIDGE
-14.228040,-42.777822,-14.228069,-42.777675,BRIDGE
-14.227141,-42.766691,-14.227043,-42.766808,BRIDGE
-14.226987,-42.800990,-14.227197,-42.801097,BRIDGE
-14.226290,-42.765891,-14.226257,-42.766022,BRIDGE
-14.223872,-39.517798,-14.223856,-39.517852,BRIDGE
-14.223614,-42.746205,-14.223844,-42.746293,BRIDGE
-14.223344,-42.762552,-14.223630,-42.762599,BRIDGE
-14.223324,-42.796556,-14.223426,-42.796461,BRIDGE
-14.222181,-41.203132,-14.222436,-41.202974,BRIDGE
-14.220682,-42.754514,-14.220836,-42.754585,BRIDGE
-14.220268,-42.804242,-14.220225,-42.804416,BRIDGE
-14.218402,-39.515804,-14.218418,-39.515747,BRIDGE
-14.217785,-39.515719,-14.217660,-39.515849,BRIDGE
-14.217610,-42.807407,-14.217327,-42.807345,BRIDGE
-14.216914,-44.284714,-14.216594,-44.283582,BRIDGE
-14.216435,-41.671125,-14.215636,-41.671672,BRIDGE
-14.215391,-39.515525,-14.215594,-39.515396,BRIDGE
-14.215008,-42.678138,-14.215011,-42.678052,BRIDGE
-14.214329,-42.565327,-14.214463,-42.565271,BRIDGE
-14.213776,-40.435827,-14.213704,-40.435903,BRIDGE
-14.213440,-39.522267,-14.213491,-39.522199,BRIDGE
-14.213116,-42.824303,-14.213138,-42.824619,BRIDGE
-14.212548,-39.601804,-14.213866,-39.600638,BRIDGE
-14.211468,-41.768536,-14.211495,-41.768433,BRIDGE
-14.210434,-39.525565,-14.210513,-39.525618,BRIDGE
-14.210410,-39.602371,-14.210332,-39.602215,BRIDGE
-14.210125,-39.986416,-14.209990,-39.986626,BRIDGE
-14.209178,-39.989100,-14.209100,-39.989110,BRIDGE
-14.208946,-39.528078,-14.208882,-39.528071,BRIDGE
-14.207660,-42.108081,-14.207562,-42.108224,BRIDGE
-14.204303,-41.224391,-14.204565,-41.224292,BRIDGE
-14.204296,-42.115475,-14.204410,-42.115523,BRIDGE
-14.204098,-44.542671,-14.202932,-44.543182,BRIDGE
-14.203321,-41.661960,-14.203355,-41.661343,BRIDGE
-14.203311,-39.605260,-14.203224,-39.605312,BRIDGE
-14.202376,-42.675942,-14.202532,-42.675903,BRIDGE
-14.200463,-41.661422,-14.200717,-41.660762,BRIDGE
-14.200171,-39.532981,-14.200074,-39.533036,BRIDGE
-14.199502,-40.271178,-14.199779,-40.271343,BRIDGE
-14.197914,-42.241842,-14.197677,-42.241602,BRIDGE
-14.197719,-42.701076,-14.197566,-42.701261,BRIDGE
-14.197586,-41.659804,-14.197765,-41.659257,BRIDGE
-14.197265,-44.540462,-14.197311,-44.540275,BRIDGE
-14.196787,-41.645359,-14.196726,-41.645306,BRIDGE
-14.196112,-42.554399,-14.196049,-42.554434,BRIDGE
-14.194976,-42.141823,-14.194848,-42.141990,BRIDGE
-14.194296,-41.301899,-14.194529,-41.302022,BRIDGE
-14.192836,-41.207906,-14.193137,-41.207930,BRIDGE
-14.191664,-41.657455,-14.191603,-41.658124,BRIDGE
-14.190352,-39.534512,-14.190421,-39.534537,BRIDGE
-14.189780,-41.617890,-14.189640,-41.617423,BRIDGE
-14.186361,-44.534753,-14.186434,-44.534745,BRIDGE
-14.186055,-42.739186,-14.186175,-42.739285,BRIDGE
-14.185321,-39.124806,-14.185234,-39.124802,BRIDGE
-14.184958,-39.994317,-14.184837,-39.994300,BRIDGE
-14.183390,-41.411792,-14.183348,-41.411849,BRIDGE
-14.180304,-44.530707,-14.180274,-44.530957,BRIDGE
-14.178790,-44.529358,-14.178789,-44.529199,BRIDGE
-14.176805,-44.753445,-14.177117,-44.753440,BRIDGE
-14.176791,-41.229506,-14.176876,-41.229512,BRIDGE
-14.175867,-40.000716,-14.175778,-40.000666,BRIDGE
-14.175759,-39.686344,-14.177499,-39.687276,BRIDGE
-14.175236,-42.669800,-14.175194,-42.669750,BRIDGE
-14.174644,-39.945513,-14.174488,-39.945446,BRIDGE
-14.173977,-42.558414,-14.174117,-42.558516,BRIDGE
-14.170862,-44.519139,-14.171793,-44.518468,BRIDGE
-14.170835,-42.225368,-14.170775,-42.225612,BRIDGE
-14.170393,-42.556394,-14.170507,-42.556499,BRIDGE
-14.169686,-44.201984,-14.169590,-44.201906,BRIDGE
-14.169288,-40.005393,-14.169252,-40.005290,BRIDGE
-14.167102,-40.263479,-14.166987,-40.263680,BRIDGE
-14.166846,-40.004592,-14.166721,-40.004756,BRIDGE
-14.165921,-42.545982,-14.165856,-42.545925,BRIDGE
-14.165529,-42.878537,-14.165553,-42.878409,BRIDGE
-14.163904,-40.005330,-14.163963,-40.005342,BRIDGE
-14.163900,-41.170962,-14.164060,-41.170825,BRIDGE
-14.163294,-44.218279,-14.163202,-44.218288,BRIDGE
-14.163208,-40.006263,-14.163097,-40.006273,BRIDGE
-14.163084,-40.008317,-14.162998,-40.008328,BRIDGE
-14.162960,-42.435632,-14.163073,-42.435569,BRIDGE
-14.162840,-39.000834,-14.162722,-39.000979,BRIDGE
-14.162802,-43.058704,-14.162778,-43.058942,BRIDGE
-14.162705,-42.717681,-14.162738,-42.717737,BRIDGE
-14.161572,-39.094126,-14.161943,-39.094232,BRIDGE
-14.160260,-41.610998,-14.160416,-41.610775,BRIDGE
-14.159715,-41.179835,-14.159644,-41.179669,BRIDGE
-14.159700,-44.674657,-14.159719,-44.674555,BRIDGE
-14.159500,-39.366506,-14.159544,-39.366614,BRIDGE
-14.159230,-42.398869,-14.159190,-42.398938,BRIDGE
-14.157857,-42.687635,-14.157779,-42.687575,BRIDGE
-14.156458,-41.263999,-14.156414,-41.264536,BRIDGE
-14.155062,-40.008785,-14.155121,-40.008793,BRIDGE
-14.154190,-42.051045,-14.154086,-42.051049,BRIDGE
-14.151988,-39.137360,-14.152007,-39.137431,BRIDGE
-14.151986,-39.387990,-14.152188,-39.387968,BRIDGE
-14.150827,-42.826504,-14.151021,-42.826402,BRIDGE
-14.150625,-41.496008,-14.150620,-41.496484,BRIDGE
-14.149988,-41.422465,-14.149995,-41.422944,BRIDGE
-14.149959,-39.346853,-14.150402,-39.346237,BRIDGE
-14.149650,-41.199787,-14.150657,-41.198994,BRIDGE
-14.149602,-41.199722,-14.150606,-41.198914,BRIDGE
-14.149141,-42.805847,-14.149054,-42.805885,BRIDGE
-14.148808,-41.605109,-14.148087,-41.604962,BRIDGE
-14.147555,-41.473263,-14.147070,-41.472993,BRIDGE
-14.147435,-39.094385,-14.148997,-39.094685,BRIDGE
-14.146894,-40.449606,-14.146820,-40.449622,BRIDGE
-14.146721,-41.222333,-14.146607,-41.222232,TUNNEL
-14.145980,-39.712937,-14.146148,-39.712940,BRIDGE
-14.145603,-41.258102,-14.145429,-41.258123,BRIDGE
-14.143572,-39.720807,-14.143456,-39.720764,BRIDGE
-14.143457,-39.730537,-14.144823,-39.731861,BRIDGE
-14.143204,-39.726523,-14.143008,-39.726484,BRIDGE
-14.141348,-39.730739,-14.141236,-39.730591,BRIDGE
-14.140678,-40.250966,-14.140744,-40.250780,BRIDGE
-14.139800,-42.883749,-14.139489,-42.883722,BRIDGE
-14.139413,-40.242160,-14.139491,-40.242165,BRIDGE
-14.138886,-39.732312,-14.138815,-39.732638,BRIDGE
-14.138433,-39.891044,-14.138504,-39.890895,BRIDGE
-14.138155,-39.144083,-14.138179,-39.144032,BRIDGE
-14.137386,-40.246159,-14.137088,-40.246298,BRIDGE
-14.137256,-39.357326,-14.137503,-39.356711,BRIDGE
-14.133867,-40.094572,-14.133932,-40.094551,BRIDGE
-14.132443,-43.051914,-14.132532,-43.051692,BRIDGE
-14.130194,-39.180309,-14.130215,-39.180501,BRIDGE
-14.129302,-42.405032,-14.129267,-42.404893,BRIDGE
-14.129142,-41.096321,-14.129003,-41.096247,BRIDGE
-14.128882,-41.195211,-14.128700,-41.195198,BRIDGE
-14.128723,-39.727374,-14.128704,-39.727063,BRIDGE
-14.127802,-39.887923,-14.127649,-39.887859,BRIDGE
-14.127704,-39.887252,-14.127603,-39.887165,BRIDGE
-14.126805,-39.889972,-14.126905,-39.889951,BRIDGE
-14.122790,-42.901509,-14.122474,-42.901351,BRIDGE
-14.122354,-41.443548,-14.122213,-41.443206,BRIDGE
-14.120383,-41.665480,-14.120449,-41.665474,BRIDGE
-14.114159,-42.912638,-14.114042,-42.912414,BRIDGE
-14.109731,-40.931684,-14.109915,-40.931541,BRIDGE
-14.109514,-42.446216,-14.109596,-42.446326,BRIDGE
-14.104800,-39.821049,-14.104506,-39.821059,BRIDGE
-14.104550,-39.174945,-14.104294,-39.174996,BRIDGE
-14.101103,-41.019363,-14.101057,-41.019031,BRIDGE
-14.101099,-42.583542,-14.101168,-42.583615,BRIDGE
-14.100772,-39.176930,-14.100893,-39.177017,BRIDGE
-14.099514,-42.450744,-14.099511,-42.450879,BRIDGE
-14.094185,-42.139388,-14.093784,-42.139765,BRIDGE
-14.091639,-42.412847,-14.091695,-42.412714,BRIDGE
-14.090249,-41.824510,-14.090361,-41.824755,BRIDGE
-14.089784,-41.291569,-14.090113,-41.291421,BRIDGE
-14.086886,-39.089276,-14.087061,-39.089319,BRIDGE
-14.084523,-41.474892,-14.084101,-41.474680,BRIDGE
-14.084511,-41.474969,-14.084027,-41.474714,BRIDGE
-14.082778,-41.565309,-14.081933,-41.565089,BRIDGE
-14.082639,-42.771560,-14.082545,-42.771563,BRIDGE
-14.082334,-42.453920,-14.082387,-42.454013,BRIDGE
-14.077290,-39.178835,-14.077158,-39.178779,BRIDGE
-14.077206,-41.586190,-14.076504,-41.586418,BRIDGE
-14.076325,-39.939887,-14.077524,-39.940786,BRIDGE
-14.072623,-42.484509,-14.072695,-42.484497,BRIDGE
-14.070655,-42.483067,-14.070666,-42.482991,BRIDGE
-14.069829,-42.482637,-14.069818,-42.482692,BRIDGE
-14.069326,-42.466379,-14.069348,-42.466269,BRIDGE
-14.068067,-42.482048,-14.068095,-42.482001,BRIDGE
-14.067969,-42.784875,-14.067892,-42.784788,BRIDGE
-14.067605,-42.481943,-14.067549,-42.481851,BRIDGE
-14.066958,-42.479096,-14.066859,-42.479102,BRIDGE
-14.066948,-42.480553,-14.066880,-42.480509,BRIDGE
-14.066536,-42.485126,-14.066515,-42.485055,BRIDGE
-14.066312,-42.484249,-14.066346,-42.484216,BRIDGE
-14.065428,-42.487568,-14.065323,-42.487548,BRIDGE
-14.064659,-42.477396,-14.064565,-42.477358,BRIDGE
-14.063943,-42.493873,-14.063895,-42.493881,BRIDGE
-14.063376,-39.220175,-14.063565,-39.220258,BRIDGE
-14.061412,-39.703065,-14.061373,-39.703043,BRIDGE
-14.060276,-42.510623,-14.060224,-42.510638,BRIDGE
-14.058929,-40.036822,-14.058865,-40.036843,BRIDGE
-14.058577,-40.478858,-14.058509,-40.478927,BRIDGE
-14.058407,-42.653662,-14.058288,-42.653599,BRIDGE
-14.058023,-41.973972,-14.057878,-41.974174,BRIDGE
-14.056222,-42.999543,-14.056499,-42.999433,BRIDGE
-14.054636,-42.636194,-14.054449,-42.636108,BRIDGE
-14.052821,-40.030081,-14.052932,-40.029961,BRIDGE
-14.051105,-39.100387,-14.051075,-39.100431,BRIDGE
-14.050732,-41.820602,-14.050744,-41.820428,BRIDGE
-14.049912,-39.103824,-14.049912,-39.103863,BRIDGE
-14.048284,-42.680418,-14.048171,-42.680641,BRIDGE
-14.048087,-41.292800,-14.048043,-41.293022,BRIDGE
-14.047048,-42.755286,-14.047246,-42.755388,BRIDGE
-14.044829,-40.555808,-14.044469,-40.555511,BRIDGE
-14.043977,-42.485747,-14.044287,-42.485703,BRIDGE
-14.041969,-42.755670,-14.041899,-42.755760,BRIDGE
-14.041278,-42.140305,-14.040901,-42.140551,BRIDGE
-14.040329,-44.441016,-14.040273,-44.440892,BRIDGE
-14.039069,-41.679512,-14.039213,-41.679477,BRIDGE
-14.038802,-39.829726,-14.037815,-39.829445,BRIDGE
-14.037158,-41.718733,-14.037145,-41.718653,BRIDGE
-14.036311,-40.510813,-14.036392,-40.510766,BRIDGE
-14.036176,-41.775411,-14.036227,-41.775329,BRIDGE
-14.032902,-39.677783,-14.033008,-39.677619,BRIDGE
-14.031922,-40.978384,-14.031826,-40.978659,BRIDGE
-14.031417,-39.679734,-14.031368,-39.679692,BRIDGE
-14.030406,-39.145813,-14.030354,-39.145810,BRIDGE
-14.028913,-39.183223,-14.029004,-39.183148,BRIDGE
-14.028740,-42.200458,-14.028836,-42.200501,BRIDGE
-14.028387,-42.227642,-14.028403,-42.227757,BRIDGE
-14.026745,-39.383673,-14.026541,-39.383695,BRIDGE
-14.026515,-42.105263,-14.026374,-42.105060,BRIDGE
-14.026412,-42.182999,-14.026438,-42.183073,BRIDGE
-14.026125,-41.654904,-14.026476,-41.655150,BRIDGE
-14.025864,-39.423022,-14.026515,-39.422792,BRIDGE
-14.025731,-39.904052,-14.025784,-39.904187,BRIDGE
-14.024417,-39.175500,-14.024364,-39.175464,BRIDGE
-14.024188,-39.185277,-14.028913,-39.183223,BRIDGE
-14.023424,-39.834705,-14.023288,-39.834865,BRIDGE
-14.021487,-40.671172,-14.021750,-40.671076,BRIDGE
-14.018328,-41.244124,-14.018268,-41.244103,BRIDGE
-14.018256,-39.431314,-14.018480,-39.431109,BRIDGE
-14.017771,-39.796261,-14.017824,-39.796374,BRIDGE
-14.017344,-39.886576,-14.017382,-39.886897,BRIDGE
-14.017110,-40.944218,-14.017183,-40.943947,BRIDGE
-14.016396,-39.432142,-14.016246,-39.432223,BRIDGE
-14.015965,-42.861831,-14.016116,-42.862267,BRIDGE
-14.014876,-39.427677,-14.014800,-39.427454,BRIDGE
-14.014771,-39.418413,-14.014707,-39.418363,BRIDGE
-14.014724,-41.869698,-14.014937,-41.869572,BRIDGE
-14.014198,-41.446957,-14.013420,-41.447420,BRIDGE
-14.011845,-39.442343,-14.011693,-39.442346,BRIDGE
-14.008851,-39.787701,-14.008915,-39.787749,BRIDGE
-14.008131,-39.433691,-14.007995,-39.433620,BRIDGE
-14.005131,-41.414780,-14.005203,-41.414774,BRIDGE
-14.005088,-39.924147,-14.005048,-39.924260,BRIDGE
-14.004981,-41.500026,-14.004777,-41.500149,BRIDGE
-14.004964,-42.434031,-14.005149,-42.433881,BRIDGE
-14.003458,-40.157681,-14.003612,-40.157922,BRIDGE
-14.003425,-39.829164,-14.003303,-39.828965,BRIDGE
-14.000074,-41.339391,-14.000142,-41.339603,BRIDGE
-13.999037,-39.928029,-13.999092,-39.928000,BRIDGE
-13.998756,-39.828291,-13.998632,-39.828257,BRIDGE
-13.996212,-39.287002,-13.996254,-39.287053,BRIDGE
-13.995318,-39.108093,-13.995282,-39.108046,BRIDGE
-13.994662,-39.474599,-13.994620,-39.474650,BRIDGE
-13.994257,-39.105866,-13.994364,-39.105797,BRIDGE
-13.992464,-41.692161,-13.992760,-41.692079,BRIDGE
-13.991361,-39.112784,-13.991361,-39.112815,TUNNEL
-13.990606,-40.176929,-13.991037,-40.177262,BRIDGE
-13.985178,-41.284644,-13.985310,-41.284617,BRIDGE
-13.984232,-41.427684,-13.984351,-41.427665,BRIDGE
-13.982877,-41.768239,-13.982755,-41.767818,BRIDGE
-13.982173,-39.479017,-13.983019,-39.479550,BRIDGE
-13.976665,-39.948730,-13.976642,-39.948680,BRIDGE
-13.976564,-41.200372,-13.976553,-41.200291,BRIDGE
-13.975680,-39.647486,-13.975654,-39.647309,BRIDGE
-13.974267,-40.034847,-13.974198,-40.034927,TUNNEL
-13.974163,-39.103394,-13.974248,-39.103380,BRIDGE
-13.973410,-41.645141,-13.973600,-41.644855,BRIDGE
-13.972540,-39.823542,-13.972540,-39.823680,BRIDGE
-13.970305,-39.135085,-13.970478,-39.135187,BRIDGE
-13.969812,-39.133955,-13.970288,-39.133743,BRIDGE
-13.968454,-41.698730,-13.968598,-41.698685,BRIDGE
-13.967786,-39.477029,-13.967845,-39.476934,BRIDGE
-13.965510,-41.201289,-13.965513,-41.201462,BRIDGE
-13.964634,-41.176347,-13.964556,-41.176286,BRIDGE
-13.959016,-39.887071,-13.958966,-39.886978,BRIDGE
-13.955737,-41.992687,-13.955788,-41.992517,BRIDGE
-13.954786,-42.854695,-13.955171,-42.854703,BRIDGE
-13.953519,-39.888813,-13.953434,-39.888817,BRIDGE
-13.953289,-42.460162,-13.953279,-42.460192,BRIDGE
-13.952117,-41.675965,-13.952276,-41.676280,BRIDGE
-13.951364,-42.884487,-13.951464,-42.884531,BRIDGE
-13.948213,-41.278057,-13.948217,-41.278169,BRIDGE
-13.948049,-39.106990,-13.949466,-39.107262,BRIDGE
-13.941416,-39.738563,-13.941475,-39.738654,BRIDGE
-13.937571,-41.707135,-13.937776,-41.707079,BRIDGE
-13.935071,-42.686441,-13.934978,-42.686499,BRIDGE
-13.929027,-39.114622,-13.928877,-39.114751,BRIDGE
-13.926963,-38.931974,-13.926799,-38.932097,BRIDGE
-13.925635,-40.023444,-13.925318,-40.023335,BRIDGE
-13.921883,-41.127983,-13.921886,-41.127898,BRIDGE
-13.921011,-41.711645,-13.921111,-41.711618,BRIDGE
-13.920712,-41.383897,-13.920316,-41.383918,BRIDGE
-13.911437,-46.186512,-13.911090,-46.186479,TUNNEL
-13.911093,-46.187521,-13.911417,-46.187552,TUNNEL
-13.911062,-46.187671,-13.911422,-46.187706,TUNNEL
-13.907946,-39.887690,-13.907951,-39.887835,BRIDGE
-13.907773,-41.533766,-13.907968,-41.533607,BRIDGE
-13.904918,-41.716012,-13.905076,-41.715972,BRIDGE
-13.904722,-41.285857,-13.904730,-41.285938,BRIDGE
-13.904608,-40.039515,-13.904480,-40.039404,TUNNEL
-13.902092,-42.995574,-13.902155,-42.995474,BRIDGE
-13.898450,-39.459355,-13.898325,-39.459283,TUNNEL
-13.898288,-39.459358,-13.898586,-39.459497,TUNNEL
-13.894974,-39.160162,-13.894903,-39.160156,BRIDGE
-13.894430,-39.167592,-13.894428,-39.167655,BRIDGE
-13.892163,-39.138593,-13.891761,-39.138546,BRIDGE
-13.888606,-45.150597,-13.888703,-45.150581,BRIDGE
-13.887808,-39.815360,-13.887896,-39.815497,BRIDGE
-13.883964,-43.822678,-13.884233,-43.822326,BRIDGE
-13.883339,-42.183021,-13.883329,-42.183380,BRIDGE
-13.878531,-41.299158,-13.878534,-41.299044,BRIDGE
-13.876923,-41.394677,-13.877111,-41.394800,BRIDGE
-13.871560,-41.725176,-13.871816,-41.725105,BRIDGE
-13.871334,-40.132559,-13.871280,-40.132754,BRIDGE
-13.868585,-41.493875,-13.868638,-41.493744,BRIDGE
-13.868243,-40.112715,-13.869551,-40.112597,BRIDGE
-13.867836,-40.112829,-13.867814,-40.112617,TUNNEL
-13.866820,-41.462955,-13.866742,-41.462764,BRIDGE
-13.865927,-40.081258,-13.864455,-40.080800,BRIDGE
-13.865482,-40.077851,-13.865628,-40.077564,BRIDGE
-13.865192,-42.703117,-13.865047,-42.703072,BRIDGE
-13.864700,-41.720012,-13.864753,-41.720328,BRIDGE
-13.864662,-40.077284,-13.864537,-40.077551,BRIDGE
-13.864427,-40.080898,-13.865898,-40.081355,BRIDGE
-13.864393,-42.797758,-13.864406,-42.797880,BRIDGE
-13.861579,-40.076461,-13.861732,-40.076235,BRIDGE
-13.860297,-40.085497,-13.860515,-40.085320,BRIDGE
-13.860267,-40.067619,-13.860195,-40.067711,BRIDGE
-13.860040,-40.066783,-13.860104,-40.066768,BRIDGE
-13.855166,-40.073587,-13.855097,-40.074448,BRIDGE
-13.854325,-40.072960,-13.854286,-40.073219,BRIDGE
-13.853904,-39.013846,-13.853941,-39.013820,BRIDGE
-13.853837,-39.012877,-13.853789,-39.012868,BRIDGE
-13.853283,-40.072549,-13.853657,-40.072691,BRIDGE
-13.851875,-41.310739,-13.851883,-41.310839,BRIDGE
-13.851228,-40.066162,-13.851196,-40.066243,BRIDGE
-13.850551,-40.073196,-13.850637,-40.073246,BRIDGE
-13.849357,-39.820223,-13.849159,-39.820531,BRIDGE
-13.849302,-40.075397,-13.849002,-40.075266,BRIDGE
-13.848524,-40.064993,-13.848539,-40.064910,BRIDGE
-13.847866,-39.698650,-13.847962,-39.698796,BRIDGE
-13.847542,-39.282082,-13.847839,-39.282007,BRIDGE
-13.847430,-40.078991,-13.847268,-40.078893,BRIDGE
-13.847153,-41.731839,-13.847263,-41.731807,BRIDGE
-13.845025,-41.303150,-13.845267,-41.303200,BRIDGE
-13.844557,-42.715619,-13.844623,-42.715762,BRIDGE
-13.844328,-41.402890,-13.844578,-41.402841,BRIDGE
-13.843972,-39.289518,-13.843471,-39.289492,BRIDGE
-13.840784,-40.079566,-13.840690,-40.079533,BRIDGE
-13.839472,-42.282209,-13.839441,-42.281891,BRIDGE
-13.837410,-45.866903,-13.837583,-45.866792,BRIDGE
-13.833570,-40.104484,-13.833272,-40.104189,BRIDGE
-13.831049,-40.982538,-13.830992,-40.981940,BRIDGE
-13.830778,-39.992091,-13.830876,-39.992162,BRIDGE
-13.829425,-40.109135,-13.829503,-40.109083,BRIDGE
-13.828037,-41.572575,-13.828161,-41.572603,BRIDGE
-13.825668,-41.309511,-13.825700,-41.309364,BRIDGE
-13.825566,-41.740962,-13.825644,-41.740915,BRIDGE
-13.824154,-39.914432,-13.824064,-39.914473,BRIDGE
-13.822360,-39.142833,-13.822572,-39.142741,BRIDGE
-13.822013,-39.142210,-13.822272,-39.142192,BRIDGE
-13.820806,-43.716720,-13.820782,-43.716839,BRIDGE
-13.820228,-39.840862,-13.820226,-39.840918,BRIDGE
-13.817762,-43.499844,-13.816788,-43.500059,BRIDGE
-13.817726,-39.138065,-13.817690,-39.138013,BRIDGE
-13.817540,-44.434362,-13.817609,-44.434476,BRIDGE
-13.814581,-41.293880,-13.814514,-41.293743,BRIDGE
-13.814467,-39.054271,-13.814133,-39.054631,BRIDGE
-13.812981,-42.721174,-13.812881,-42.721105,BRIDGE
-13.812732,-41.524688,-13.812780,-41.524579,BRIDGE
-13.811734,-41.315959,-13.811716,-41.316047,BRIDGE
-13.807598,-40.107222,-13.807755,-40.107247,BRIDGE
-13.798080,-41.315365,-13.798065,-41.315452,BRIDGE
-13.798064,-39.609243,-13.798222,-39.609133,BRIDGE
-13.797947,-41.315368,-13.797962,-41.315281,BRIDGE
-13.795771,-41.314530,-13.795785,-41.314447,BRIDGE
-13.792926,-41.400784,-13.792879,-41.400919,BRIDGE
-13.790493,-42.717397,-13.790456,-42.717293,BRIDGE
-13.790235,-41.066621,-13.790777,-41.066734,BRIDGE
-13.782589,-39.837086,-13.782621,-39.836990,BRIDGE
-13.781100,-39.680360,-13.781193,-39.680349,BRIDGE
-13.777913,-39.682668,-13.777929,-39.682586,BRIDGE
-13.777873,-42.717088,-13.777848,-42.717224,BRIDGE
-13.777671,-42.718069,-13.777644,-42.718193,BRIDGE
-13.777094,-39.682231,-13.777120,-39.682310,BRIDGE
-13.776374,-39.682384,-13.776297,-39.682420,BRIDGE
-13.775662,-42.719150,-13.775590,-42.719075,BRIDGE
-13.775616,-39.684922,-13.775660,-39.684995,BRIDGE
-13.775615,-39.940661,-13.775625,-39.940581,BRIDGE
-13.775374,-42.709902,-13.775467,-42.709853,BRIDGE
-13.775135,-42.709256,-13.775040,-42.709321,BRIDGE
-13.774985,-41.040462,-13.775149,-41.040312,BRIDGE
-13.774939,-42.714275,-13.774861,-42.714220,BRIDGE
-13.774593,-42.715384,-13.774678,-42.715289,BRIDGE
-13.773619,-42.721996,-13.773824,-42.722091,BRIDGE
-13.773549,-39.388417,-13.773631,-39.388290,BRIDGE
-13.772763,-39.154527,-13.773268,-39.154542,BRIDGE
-13.770419,-41.763359,-13.770429,-41.762908,BRIDGE
-13.768146,-41.042830,-13.767580,-41.042160,BRIDGE
-13.763722,-41.043160,-13.763794,-41.043269,BRIDGE
-13.761998,-41.775622,-13.761950,-41.775368,BRIDGE
-13.761984,-41.036042,-13.761618,-41.036435,BRIDGE
-13.761396,-41.544398,-13.760965,-41.544309,BRIDGE
-13.760115,-41.799278,-13.760382,-41.799096,BRIDGE
-13.759837,-39.375379,-13.759719,-39.375497,BRIDGE
-13.759719,-39.375497,-13.759667,-39.375560,BRIDGE
-13.758913,-41.545713,-13.758898,-41.545505,BRIDGE
-13.756629,-41.908353,-13.756359,-41.908179,BRIDGE
-13.754981,-42.751350,-13.754939,-42.751459,BRIDGE
-13.753944,-39.489782,-13.754145,-39.489787,BRIDGE
-13.752844,-39.496145,-13.752982,-39.496139,BRIDGE
-13.748512,-43.704555,-13.747747,-43.704763,BRIDGE
-13.745267,-39.488875,-13.745234,-39.489052,BRIDGE
-13.743934,-39.489393,-13.743868,-39.489283,BRIDGE
-13.743384,-39.489703,-13.743312,-39.489568,BRIDGE
-13.740151,-41.417726,-13.740149,-41.417672,BRIDGE
-13.739362,-41.813038,-13.739406,-41.813016,BRIDGE
-13.738710,-41.085760,-13.738741,-41.085698,BRIDGE
-13.738460,-39.487871,-13.738568,-39.487761,BRIDGE
-13.737890,-39.486338,-13.737772,-39.486443,BRIDGE
-13.736023,-39.147085,-13.736308,-39.147517,BRIDGE
-13.735454,-41.415627,-13.735259,-41.415238,BRIDGE
-13.734395,-39.148278,-13.734617,-39.148703,BRIDGE
-13.734341,-39.479507,-13.734474,-39.479384,BRIDGE
-13.733863,-39.149367,-13.733959,-39.149473,BRIDGE
-13.733058,-39.364631,-13.733050,-39.364728,BRIDGE
-13.732952,-45.402701,-13.732731,-45.402613,BRIDGE
-13.731976,-39.153796,-13.731957,-39.153601,BRIDGE
-13.731969,-41.970174,-13.731739,-41.970050,BRIDGE
-13.728803,-41.423215,-13.728850,-41.423147,BRIDGE
-13.727988,-39.364234,-13.727988,-39.364312,BRIDGE
-13.727842,-41.811147,-13.727945,-41.811340,BRIDGE
-13.724222,-41.236116,-13.724370,-41.236007,BRIDGE
-13.723463,-39.792017,-13.723572,-39.791893,BRIDGE
-13.722882,-41.439242,-13.722796,-41.439306,BRIDGE
-13.716761,-39.214388,-13.716715,-39.214465,BRIDGE
-13.716432,-39.558765,-13.716451,-39.558624,BRIDGE
-13.715595,-39.360546,-13.715714,-39.360353,BRIDGE
-13.714142,-41.422448,-13.714221,-41.422425,BRIDGE
-13.713656,-42.045395,-13.713669,-42.045236,BRIDGE
-13.713100,-44.638742,-13.712941,-44.639083,BRIDGE
-13.712855,-41.272922,-13.712842,-41.273022,BRIDGE
-13.712337,-41.414759,-13.712417,-41.414773,BRIDGE
-13.711778,-41.396121,-13.711643,-41.396077,BRIDGE
-13.711774,-41.432608,-13.711694,-41.432625,BRIDGE
-13.711741,-42.021226,-13.711927,-42.021341,BRIDGE
-13.705624,-41.432922,-13.705756,-41.432835,BRIDGE
-13.703845,-42.018640,-13.703591,-42.018924,BRIDGE
-13.703373,-41.778269,-13.703486,-41.777994,BRIDGE
-13.702662,-39.572028,-13.702540,-39.571947,BRIDGE
-13.702317,-41.435542,-13.702403,-41.435561,BRIDGE
-13.700187,-41.437054,-13.700302,-41.437027,BRIDGE
-13.699863,-41.440948,-13.700019,-41.440907,BRIDGE
-13.697562,-39.200094,-13.697523,-39.200162,BRIDGE
-13.695585,-40.096074,-13.695682,-40.096100,BRIDGE
-13.693233,-39.045166,-13.693255,-39.044991,BRIDGE
-13.687531,-39.587867,-13.687339,-39.587874,BRIDGE
-13.686615,-39.478161,-13.686889,-39.478234,BRIDGE
-13.686233,-39.480003,-13.686899,-39.480331,BRIDGE
-13.686222,-39.617285,-13.686267,-39.616960,BRIDGE
-13.684080,-41.832501,-13.683933,-41.832299,BRIDGE
-13.682813,-41.392581,-13.682792,-41.392260,BRIDGE
-13.681063,-39.614079,-13.681210,-39.614097,BRIDGE
-13.680922,-39.610821,-13.680669,-39.610838,BRIDGE
-13.680775,-39.081309,-13.680561,-39.081246,BRIDGE
-13.680448,-43.839807,-13.680506,-43.839874,BRIDGE
-13.678034,-42.019933,-13.678175,-42.019940,BRIDGE
-13.676746,-42.056527,-13.676628,-42.056819,BRIDGE
-13.676532,-41.464593,-13.676317,-41.464584,BRIDGE
-13.675119,-40.096576,-13.675206,-40.096573,BRIDGE
-13.674933,-41.468088,-13.674851,-41.468099,BRIDGE
-13.674221,-41.381054,-13.674006,-41.380998,BRIDGE
-13.673759,-39.478160,-13.673842,-39.478114,BRIDGE
-13.673056,-41.467938,-13.672984,-41.467976,BRIDGE
-13.672918,-44.583088,-13.672960,-44.583150,BRIDGE
-13.671973,-44.557144,-13.671415,-44.556957,BRIDGE
-13.671836,-44.450282,-13.671668,-44.450102,BRIDGE
-13.671249,-42.056739,-13.671227,-42.056659,BRIDGE
-13.671117,-42.868540,-13.671205,-42.868608,BRIDGE
-13.670629,-41.471710,-13.670561,-41.471684,BRIDGE
-13.670118,-42.854375,-13.670089,-42.854467,BRIDGE
-13.669757,-41.326952,-13.669836,-41.326978,BRIDGE
-13.669346,-43.640350,-13.669427,-43.639983,BRIDGE
-13.669281,-42.888795,-13.669457,-42.888523,BRIDGE
-13.668993,-41.421816,-13.668909,-41.421688,BRIDGE
-13.668870,-41.421976,-13.668852,-41.421764,BRIDGE
-13.668868,-41.421986,-13.668767,-41.422191,BRIDGE
-13.668676,-40.096813,-13.668850,-40.096809,BRIDGE
-13.668433,-39.350670,-13.668269,-39.350617,BRIDGE
-13.667922,-41.358707,-13.668057,-41.358630,BRIDGE
-13.667704,-43.121951,-13.667598,-43.121924,BRIDGE
-13.666893,-40.096658,-13.666966,-40.096683,BRIDGE
-13.666641,-41.429862,-13.666657,-41.429909,BRIDGE
-13.666597,-41.877269,-13.666503,-41.877078,BRIDGE
-13.666383,-42.016727,-13.666526,-42.016693,BRIDGE
-13.665334,-41.458663,-13.665248,-41.458666,BRIDGE
-13.662493,-41.838165,-13.662419,-41.837941,BRIDGE
-13.662434,-41.406270,-13.662439,-41.406216,BRIDGE
-13.661918,-41.402377,-13.661904,-41.402217,BRIDGE
-13.661707,-41.311680,-13.661670,-41.311755,BRIDGE
-13.661340,-42.909522,-13.661497,-42.909474,BRIDGE
-13.660011,-42.104215,-13.659959,-42.104123,BRIDGE
-13.659615,-41.476048,-13.659692,-41.476021,BRIDGE
-13.657966,-41.845354,-13.658116,-41.845578,BRIDGE
-13.657344,-41.342494,-13.657459,-41.342505,BRIDGE
-13.657288,-41.331335,-13.657370,-41.331337,BRIDGE
-13.657217,-40.129776,-13.657159,-40.129924,BRIDGE
-13.656830,-41.475521,-13.656913,-41.475524,BRIDGE
-13.656319,-40.094675,-13.656382,-40.094678,BRIDGE
-13.654812,-41.336664,-13.654864,-41.336690,BRIDGE
-13.654784,-41.846584,-13.654922,-41.846745,BRIDGE
-13.654520,-45.915146,-13.654541,-45.915255,BRIDGE
-13.653569,-41.319265,-13.653535,-41.319204,BRIDGE
-13.653386,-41.341501,-13.653320,-41.341436,BRIDGE
-13.651595,-41.337271,-13.651643,-41.337067,BRIDGE
-13.649236,-41.448065,-13.649173,-41.448095,BRIDGE
-13.648337,-41.838854,-13.648337,-41.838970,BRIDGE
-13.647103,-43.559745,-13.647020,-43.559715,BRIDGE
-13.646935,-41.326602,-13.646945,-41.326689,BRIDGE
-13.646527,-41.126701,-13.646315,-41.126590,BRIDGE
-13.646248,-40.542166,-13.646176,-40.542126,BRIDGE
-13.645972,-42.015380,-13.646138,-42.015450,BRIDGE
-13.645168,-44.441654,-13.644985,-44.441536,BRIDGE
-13.644480,-41.379750,-13.644438,-41.379801,BRIDGE
-13.643519,-41.327199,-13.643664,-41.326992,BRIDGE
-13.639372,-41.834035,-13.639020,-41.833829,BRIDGE
-13.638781,-41.546923,-13.638727,-41.546810,BRIDGE
-13.637911,-41.344134,-13.637891,-41.344051,BRIDGE
-13.636047,-40.837041,-13.635943,-40.836929,BRIDGE
-13.633072,-45.006755,-13.632796,-45.006589,BRIDGE
-13.632368,-43.812703,-13.632304,-43.812718,BRIDGE
-13.632210,-41.933112,-13.632485,-41.933307,BRIDGE
-13.630707,-44.460595,-13.631139,-44.460155,BRIDGE
-13.630239,-41.323211,-13.630296,-41.323074,BRIDGE
-13.630069,-41.828333,-13.630356,-41.828752,BRIDGE
-13.630063,-41.327881,-13.630095,-41.327941,BRIDGE
-13.629629,-41.861114,-13.629702,-41.861225,BRIDGE
-13.628861,-42.025788,-13.628748,-42.025885,BRIDGE
-13.628312,-42.240043,-13.628330,-42.240130,BRIDGE
-13.627722,-42.168860,-13.627732,-42.168796,BRIDGE
-13.626710,-41.319175,-13.626639,-41.319238,BRIDGE
-13.625825,-41.321157,-13.625884,-41.321008,BRIDGE
-13.624152,-41.322061,-13.624249,-41.322029,BRIDGE
-13.624029,-39.393605,-13.623916,-39.393341,BRIDGE
-13.623878,-41.323382,-13.623808,-41.323324,BRIDGE
-13.623525,-41.324232,-13.623419,-41.324201,BRIDGE
-13.623413,-41.327084,-13.623551,-41.327081,BRIDGE
-13.623374,-41.157880,-13.623077,-41.157591,BRIDGE
-13.623150,-41.325358,-13.623230,-41.325376,BRIDGE
-13.621037,-40.816998,-13.620989,-40.816871,BRIDGE
-13.620405,-41.325251,-13.620425,-41.325163,BRIDGE
-13.620142,-42.958256,-13.620218,-42.958308,BRIDGE
-13.619806,-42.922797,-13.619867,-42.922735,BRIDGE
-13.619655,-41.326473,-13.619500,-41.326426,BRIDGE
-13.619599,-41.327120,-13.619468,-41.327122,BRIDGE
-13.618393,-41.816730,-13.618476,-41.816797,BRIDGE
-13.617437,-42.032655,-13.617366,-42.032687,BRIDGE
-13.616392,-41.878379,-13.616296,-41.878162,BRIDGE
-13.616357,-42.349580,-13.616395,-42.349712,BRIDGE
-13.615610,-39.014927,-13.615622,-39.014806,BRIDGE
-13.614332,-41.316148,-13.614426,-41.315677,BRIDGE
-13.613557,-41.545008,-13.613520,-41.545161,BRIDGE
-13.612627,-39.103998,-13.612550,-39.104081,BRIDGE
-13.612453,-41.872232,-13.612537,-41.872131,BRIDGE
-13.611034,-39.103839,-13.610830,-39.103738,BRIDGE
-13.610601,-41.084662,-13.610416,-41.084594,BRIDGE
-13.610554,-41.806406,-13.610585,-41.806586,BRIDGE
-13.608176,-42.335465,-13.608095,-42.335402,BRIDGE
-13.607436,-42.136515,-13.607464,-42.136556,BRIDGE
-13.607319,-42.944047,-13.607441,-42.943864,BRIDGE
-13.606872,-42.939962,-13.606972,-42.939895,BRIDGE
-13.606623,-42.241332,-13.606514,-42.241378,BRIDGE
-13.606608,-42.931755,-13.606423,-42.931513,BRIDGE
-13.606603,-39.491254,-13.606421,-39.491040,BRIDGE
-13.606044,-42.936172,-13.605964,-42.936088,BRIDGE
-13.605489,-42.177147,-13.605403,-42.177218,BRIDGE
-13.605047,-41.097233,-13.605139,-41.097242,BRIDGE
-13.604683,-42.939688,-13.604794,-42.939652,BRIDGE
-13.604637,-42.938126,-13.604836,-42.937928,BRIDGE
-13.603215,-42.018511,-13.602840,-42.018604,BRIDGE
-13.602974,-39.493278,-13.603206,-39.493527,BRIDGE
-13.602495,-42.335672,-13.602277,-42.335704,BRIDGE
-13.601834,-45.901587,-13.601829,-45.901826,BRIDGE
-13.601773,-41.619235,-13.601701,-41.619168,BRIDGE
-13.598356,-39.105800,-13.598994,-39.105949,BRIDGE
-13.597114,-41.691035,-13.597287,-41.691006,BRIDGE
-13.596242,-41.311206,-13.596235,-41.311001,BRIDGE
-13.596043,-41.923314,-13.596070,-41.923439,BRIDGE
-13.596042,-43.706466,-13.595757,-43.706399,BRIDGE
-13.595945,-42.336770,-13.595653,-42.336775,BRIDGE
-13.594757,-42.336818,-13.594506,-42.336872,BRIDGE
-13.594036,-41.699045,-13.594041,-41.698607,BRIDGE
-13.592112,-41.381791,-13.592030,-41.381810,BRIDGE
-13.591902,-39.146694,-13.592024,-39.146752,BRIDGE
-13.590999,-42.337200,-13.590703,-42.337210,BRIDGE
-13.590100,-41.197762,-13.589688,-41.197906,BRIDGE
-13.587161,-41.253735,-13.587078,-41.253431,BRIDGE
-13.586770,-39.178932,-13.586943,-39.179000,BRIDGE
-13.585684,-39.193893,-13.585909,-39.194041,BRIDGE
-13.585344,-38.927985,-13.585519,-38.927985,BRIDGE
-13.585284,-38.929275,-13.585023,-38.929066,BRIDGE
-13.584964,-41.386730,-13.584885,-41.386693,BRIDGE
-13.584752,-43.782778,-13.584640,-43.782847,BRIDGE
-13.584637,-41.817686,-13.584743,-41.817565,BRIDGE
-13.583191,-42.106282,-13.583124,-42.106368,BRIDGE
-13.582788,-41.708511,-13.582749,-41.708550,BRIDGE
-13.582287,-38.929765,-13.582467,-38.929576,BRIDGE
-13.581704,-41.812145,-13.581756,-41.812170,BRIDGE
-13.581589,-41.813642,-13.581535,-41.813628,BRIDGE
-13.581575,-42.345021,-13.581646,-42.345435,BRIDGE
-13.581228,-41.814190,-13.581294,-41.814203,BRIDGE
-13.581195,-41.361266,-13.581243,-41.361199,BRIDGE
-13.580765,-41.707114,-13.580850,-41.707446,BRIDGE
-13.579437,-39.222250,-13.579507,-39.222358,BRIDGE
-13.578380,-39.059655,-13.577958,-39.058945,BRIDGE
-13.577929,-41.812525,-13.578026,-41.812443,BRIDGE
-13.577761,-41.320204,-13.577550,-41.320098,BRIDGE
-13.577197,-41.811501,-13.577299,-41.811499,BRIDGE
-13.577189,-41.811453,-13.577152,-41.811338,BRIDGE
-13.573809,-41.809822,-13.573817,-41.809769,BRIDGE
-13.572636,-41.264203,-13.572973,-41.264329,BRIDGE
-13.570822,-42.191857,-13.570815,-42.192008,BRIDGE
-13.570806,-41.609777,-13.570675,-41.608813,BRIDGE
-13.570516,-41.270467,-13.570605,-41.270579,BRIDGE
-13.569972,-41.821278,-13.569905,-41.821423,BRIDGE
-13.567843,-41.714188,-13.567889,-41.714482,BRIDGE
-13.565232,-44.297292,-13.565230,-44.296986,BRIDGE
-13.563797,-41.420612,-13.563983,-41.420604,BRIDGE
-13.563450,-45.809202,-13.563577,-45.809211,BRIDGE
-13.562391,-40.518288,-13.562653,-40.518115,BRIDGE
-13.561903,-42.730020,-13.561752,-42.730001,BRIDGE
-13.558399,-44.303782,-13.559005,-44.303597,BRIDGE
-13.557579,-40.686491,-13.557455,-40.686271,BRIDGE
-13.557503,-39.863520,-13.557621,-39.863586,BRIDGE
-13.554742,-39.142731,-13.554684,-39.142563,BRIDGE
-13.554527,-39.139172,-13.554652,-39.139190,BRIDGE
-13.553344,-43.802973,-13.553362,-43.802903,BRIDGE
-13.552217,-41.523499,-13.552157,-41.523579,BRIDGE
-13.550611,-43.798421,-13.550537,-43.798402,BRIDGE
-13.550369,-43.794596,-13.550437,-43.794512,BRIDGE
-13.549593,-39.978498,-13.549621,-39.978618,BRIDGE
-13.547872,-41.222720,-13.547966,-41.223264,BRIDGE
-13.544222,-41.335585,-13.544187,-41.335637,BRIDGE
-13.544120,-41.340700,-13.544090,-41.340640,BRIDGE
-13.544010,-41.340656,-13.544041,-41.340733,BRIDGE
-13.542817,-39.134349,-13.542748,-39.134543,BRIDGE
-13.542408,-39.976824,-13.542416,-39.976710,BRIDGE
-13.541822,-39.098146,-13.542080,-39.098186,BRIDGE
-13.539072,-45.665641,-13.538894,-45.665621,BRIDGE
-13.537690,-42.219418,-13.538132,-42.219505,BRIDGE
-13.536944,-41.875551,-13.537382,-41.875246,BRIDGE
-13.534772,-41.613416,-13.534647,-41.613283,BRIDGE
-13.534711,-41.855853,-13.534824,-41.855940,BRIDGE
-13.533649,-39.790949,-13.533850,-39.790891,BRIDGE
-13.530759,-41.863765,-13.530866,-41.863679,BRIDGE
-13.529642,-39.111646,-13.529758,-39.111854,BRIDGE
-13.528351,-42.234254,-13.528535,-42.234676,BRIDGE
-13.527909,-39.843166,-13.527998,-39.843190,BRIDGE
-13.527415,-44.260666,-13.527321,-44.260618,BRIDGE
-13.526876,-42.234966,-13.527213,-42.234659,BRIDGE
-13.525051,-42.606069,-13.524973,-42.606047,BRIDGE
-13.524998,-42.235251,-13.525446,-42.235279,BRIDGE
-13.524643,-41.625632,-13.524564,-41.625794,BRIDGE
-13.523477,-39.842595,-13.523884,-39.842638,BRIDGE
-13.522578,-41.733167,-13.522479,-41.733080,BRIDGE
-13.522517,-39.967654,-13.522600,-39.967563,BRIDGE
-13.521322,-45.387282,-13.521430,-45.387234,BRIDGE
-13.519682,-43.357718,-13.520002,-43.357820,BRIDGE
-13.519134,-39.966459,-13.519248,-39.966493,BRIDGE
-13.518778,-40.936156,-13.518767,-40.936019,BRIDGE
-13.518488,-41.223751,-13.518578,-41.223719,BRIDGE
-13.516435,-39.696286,-13.516322,-39.696369,BRIDGE
-13.514909,-42.336925,-13.514983,-42.337294,BRIDGE
-13.513759,-44.250076,-13.513668,-44.250050,BRIDGE
-13.512870,-42.247555,-13.512570,-42.247555,BRIDGE
-13.510891,-41.913858,-13.511060,-41.913896,BRIDGE
-13.510545,-41.598484,-13.510533,-41.598382,BRIDGE
-13.510401,-41.597629,-13.510366,-41.596988,BRIDGE
-13.510037,-41.597134,-13.509895,-41.598072,BRIDGE
-13.509205,-42.672254,-13.509143,-42.672361,BRIDGE
-13.505963,-41.461216,-13.505901,-41.461202,BRIDGE
-13.505584,-42.546934,-13.505596,-42.546837,BRIDGE
-13.505547,-41.347343,-13.505495,-41.347146,BRIDGE
-13.505447,-39.959817,-13.505385,-39.959712,BRIDGE
-13.505392,-39.818989,-13.505486,-39.818905,BRIDGE
-13.505140,-42.384502,-13.505058,-42.384517,BRIDGE
-13.504344,-42.333035,-13.504152,-42.332712,BRIDGE
-13.504298,-41.457630,-13.504313,-41.457581,BRIDGE
-13.503644,-39.728977,-13.503691,-39.728875,BRIDGE
-13.502573,-42.382784,-13.502563,-42.382899,BRIDGE
-13.501631,-39.095201,-13.501657,-39.094933,BRIDGE
-13.499373,-39.810349,-13.499597,-39.810387,BRIDGE
-13.497470,-42.384635,-13.497407,-42.384578,BRIDGE
-13.495653,-41.878538,-13.495953,-41.878366,BRIDGE
-13.495243,-41.348773,-13.495441,-41.348977,BRIDGE
-13.493878,-41.868594,-13.494204,-41.868606,BRIDGE
-13.492641,-39.430214,-13.492799,-39.430372,BRIDGE
-13.491758,-41.580940,-13.491904,-41.580871,BRIDGE
-13.490808,-44.658818,-13.491119,-44.658973,BRIDGE
-13.489601,-41.351424,-13.489706,-41.351619,BRIDGE
-13.489512,-39.728856,-13.489438,-39.728946,BRIDGE
-13.488861,-43.092146,-13.489137,-43.091781,BRIDGE
-13.483316,-39.119177,-13.483162,-39.119147,BRIDGE
-13.483106,-39.423170,-13.483353,-39.423502,BRIDGE
-13.482904,-42.694857,-13.482838,-42.694668,BRIDGE
-13.482751,-41.766944,-13.482818,-41.766901,BRIDGE
-13.482387,-41.865039,-13.482405,-41.865092,BRIDGE
-13.482301,-41.758567,-13.482231,-41.758498,BRIDGE
-13.481490,-41.388957,-13.481466,-41.389092,BRIDGE
-13.480408,-39.090495,-13.481407,-39.090696,BRIDGE
-13.479707,-40.668005,-13.479703,-40.667890,BRIDGE
-13.479453,-41.768872,-13.479571,-41.768877,BRIDGE
-13.479248,-41.320746,-13.479285,-41.320807,BRIDGE
-13.478790,-41.849417,-13.478737,-41.849446,BRIDGE
-13.477516,-41.847141,-13.477639,-41.847032,BRIDGE
-13.476266,-39.328816,-13.476356,-39.328507,BRIDGE
-13.476016,-45.047596,-13.476185,-45.047624,BRIDGE
-13.475741,-41.840032,-13.475907,-41.839973,BRIDGE
-13.471835,-40.113632,-13.472170,-40.113959,BRIDGE
-13.469188,-41.577037,-13.469303,-41.576974,BRIDGE
-13.468635,-44.602538,-13.468312,-44.602332,BRIDGE
-13.467605,-44.261204,-13.467158,-44.261320,BRIDGE
-13.460457,-42.693971,-13.460203,-42.693940,BRIDGE
-13.458295,-42.146268,-13.458392,-42.146303,BRIDGE
-13.453468,-44.569191,-13.453860,-44.569172,BRIDGE
-13.453341,-41.377267,-13.453133,-41.377610,BRIDGE
-13.442317,-42.101245,-13.442307,-42.101195,BRIDGE
-13.439906,-42.097006,-13.439856,-42.096939,BRIDGE
-13.439765,-41.260372,-13.439955,-41.260478,BRIDGE
-13.439676,-42.232507,-13.439435,-42.231976,BRIDGE
-13.438690,-42.096339,-13.438619,-42.096382,BRIDGE
-13.438679,-42.999606,-13.438766,-42.999723,BRIDGE
-13.438048,-38.901438,-13.438030,-38.901302,BRIDGE
-13.437941,-42.159699,-13.438028,-42.159649,BRIDGE
-13.436306,-41.338729,-13.436204,-41.338568,BRIDGE
-13.435066,-42.318010,-13.434921,-42.318449,BRIDGE
-13.433444,-44.495517,-13.433076,-44.495728,BRIDGE
-13.432705,-42.239725,-13.432461,-42.239848,BRIDGE
-13.432514,-44.492855,-13.432540,-44.493059,BRIDGE
-13.431251,-42.309462,-13.431010,-42.309627,BRIDGE
-13.431224,-41.665385,-13.431116,-41.665479,BRIDGE
-13.431197,-41.108219,-13.431451,-41.108129,BRIDGE
-13.431008,-42.309622,-13.430897,-42.309227,BRIDGE
-13.430123,-42.307297,-13.429887,-42.306903,BRIDGE
-13.430113,-43.176503,-13.430163,-43.176430,BRIDGE
-13.429455,-44.412934,-13.429925,-44.412771,BRIDGE
-13.424465,-42.173403,-13.424798,-42.173168,BRIDGE
-13.424354,-41.604413,-13.424554,-41.604138,BRIDGE
-13.423661,-42.533485,-13.423564,-42.533348,BRIDGE
-13.423493,-41.602165,-13.423451,-41.602162,BRIDGE
-13.423358,-41.602106,-13.423295,-41.601993,BRIDGE
-13.423311,-42.161344,-13.423604,-42.161190,BRIDGE
-13.421880,-42.282401,-13.421774,-42.282851,BRIDGE
-13.421095,-41.594403,-13.421149,-41.594369,BRIDGE
-13.416122,-42.140540,-13.415793,-42.140410,BRIDGE
-13.415793,-44.339812,-13.415553,-44.339650,BRIDGE
-13.415765,-42.279756,-13.415867,-42.279438,BRIDGE
-13.415757,-42.126751,-13.415877,-42.127065,BRIDGE
-13.413738,-41.289651,-13.413688,-41.289857,BRIDGE
-13.412800,-44.267955,-13.412361,-44.268352,BRIDGE
-13.409980,-44.366976,-13.409857,-44.367334,BRIDGE
-13.409468,-41.633779,-13.409277,-41.633398,BRIDGE
-13.409397,-41.633227,-13.409549,-41.633500,BRIDGE
-13.407208,-41.172625,-13.407027,-41.172708,BRIDGE
-13.404384,-43.214695,-13.404436,-43.214619,BRIDGE
-13.403858,-41.960724,-13.403824,-41.960744,BRIDGE
-13.402345,-39.488293,-13.402224,-39.488354,BRIDGE
-13.401528,-44.198294,-13.400959,-44.199289,BRIDGE
-13.399673,-38.942769,-13.399942,-38.942710,BRIDGE
-13.398924,-38.940998,-13.398803,-38.941103,BRIDGE
-13.397978,-44.336578,-13.398435,-44.336648,BRIDGE
-13.397908,-44.337638,-13.398646,-44.337740,BRIDGE
-13.396769,-38.937379,-13.396946,-38.937505,BRIDGE
-13.396365,-42.129586,-13.396307,-42.129496,BRIDGE
-13.395793,-44.196883,-13.395687,-44.196816,BRIDGE
-13.395128,-44.197582,-13.395344,-44.197684,BRIDGE
-13.395109,-39.611242,-13.395214,-39.611232,BRIDGE
-13.395079,-44.198015,-13.395030,-44.197887,BRIDGE
-13.393611,-45.649495,-13.394053,-45.649409,BRIDGE
-13.393486,-41.443416,-13.393393,-41.443414,BRIDGE
-13.391534,-44.325190,-13.391504,-44.325278,BRIDGE
-13.388347,-42.274022,-13.388433,-42.274372,BRIDGE
-13.385575,-44.789719,-13.385453,-44.789815,BRIDGE
-13.384049,-42.528626,-13.384158,-42.528773,BRIDGE
-13.383707,-44.410575,-13.384182,-44.410927,BRIDGE
-13.383356,-41.294365,-13.383273,-41.294280,BRIDGE
-13.382775,-44.183564,-13.382744,-44.183501,BRIDGE
-13.381721,-41.293175,-13.381503,-41.293225,BRIDGE
-13.380381,-44.472954,-13.380855,-44.473092,BRIDGE
-13.379003,-42.527642,-13.379182,-42.527564,BRIDGE
-13.377449,-44.190447,-13.377382,-44.190354,BRIDGE
-13.376789,-41.297456,-13.376673,-41.297494,BRIDGE
-13.376314,-41.296885,-13.376388,-41.296905,BRIDGE
-13.376047,-44.027242,-13.376029,-44.027170,BRIDGE
-13.370359,-41.667336,-13.370297,-41.667328,BRIDGE
-13.369781,-39.071979,-13.369037,-39.071682,BRIDGE
-13.369291,-41.667264,-13.369459,-41.667262,BRIDGE
-13.369055,-42.265433,-13.368856,-42.265581,BRIDGE
-13.368475,-39.072981,-13.369095,-39.073321,BRIDGE
-13.367387,-42.260220,-13.367550,-42.259789,BRIDGE
-13.366618,-39.459649,-13.366758,-39.459597,BRIDGE
-13.366335,-42.113966,-13.366454,-42.113993,BRIDGE
-13.366018,-42.114648,-13.365938,-42.114614,BRIDGE
-13.365994,-39.076274,-13.366421,-39.076695,BRIDGE
-13.365976,-42.136273,-13.366333,-42.136042,BRIDGE
-13.365783,-39.445245,-13.365889,-39.445166,BRIDGE
-13.363074,-41.934163,-13.363174,-41.934161,BRIDGE
-13.361607,-41.682262,-13.361584,-41.682197,BRIDGE
-13.361524,-41.682062,-13.361506,-41.682011,BRIDGE
-13.360924,-41.682357,-13.360942,-41.682426,BRIDGE
-13.360497,-39.610612,-13.360530,-39.610503,BRIDGE
-13.359150,-41.305559,-13.359209,-41.305500,BRIDGE
-13.358853,-39.061664,-13.358673,-39.061952,BRIDGE
-13.358742,-41.609951,-13.358748,-41.609476,BRIDGE
-13.356458,-43.964294,-13.356411,-43.964183,BRIDGE
-13.353988,-39.210799,-13.353991,-39.211113,BRIDGE
-13.353885,-41.292833,-13.353834,-41.292805,BRIDGE
-13.352310,-44.532981,-13.351843,-44.532995,BRIDGE
-13.351244,-41.674590,-13.351219,-41.674520,BRIDGE
-13.350730,-39.434187,-13.350712,-39.434101,BRIDGE
-13.350601,-42.209120,-13.350658,-42.209181,BRIDGE
-13.348766,-42.199322,-13.348680,-42.199311,BRIDGE
-13.345519,-39.701515,-13.345586,-39.701412,BRIDGE
-13.345040,-42.201318,-13.344988,-42.201336,BRIDGE
-13.344649,-39.129993,-13.344502,-39.129652,BRIDGE
-13.344582,-41.208498,-13.344719,-41.208602,BRIDGE
-13.342568,-39.258844,-13.342665,-39.258666,BRIDGE
-13.342318,-42.201851,-13.342210,-42.201873,BRIDGE
-13.341715,-42.286099,-13.341549,-42.286223,BRIDGE
-13.340640,-44.636385,-13.340231,-44.636187,BRIDGE
-13.336988,-42.201960,-13.336940,-42.201971,BRIDGE
-13.335034,-41.613962,-13.334934,-41.613928,BRIDGE
-13.334994,-44.620539,-13.334892,-44.620207,BRIDGE
-13.334546,-44.619836,-13.334468,-44.619767,BRIDGE
-13.331289,-44.560375,-13.331616,-44.560361,BRIDGE
-13.330692,-39.237544,-13.330796,-39.237738,BRIDGE
-13.330444,-43.875948,-13.330416,-43.875847,BRIDGE
-13.330028,-41.751663,-13.329856,-41.751912,BRIDGE
-13.329432,-39.053109,-13.329406,-39.052984,BRIDGE
-13.328938,-42.288661,-13.328853,-42.288338,BRIDGE
-13.328777,-43.869782,-13.328748,-43.869677,BRIDGE
-13.327793,-39.409413,-13.327833,-39.409383,BRIDGE
-13.327438,-43.864802,-13.327408,-43.864701,BRIDGE
-13.327308,-41.350467,-13.327257,-41.350396,BRIDGE
-13.326247,-41.378904,-13.326202,-41.378914,BRIDGE
-13.325663,-39.007976,-13.325434,-39.008153,BRIDGE
-13.324463,-44.557289,-13.324452,-44.556856,BRIDGE
-13.323799,-39.360484,-13.323868,-39.360535,BRIDGE
-13.323110,-42.205554,-13.322919,-42.205645,BRIDGE
-13.321704,-43.333834,-13.321755,-43.333763,BRIDGE
-13.320976,-41.962286,-13.321166,-41.962248,BRIDGE
-13.320502,-42.006145,-13.320272,-42.006000,BRIDGE
-13.319293,-41.356891,-13.319180,-41.357018,BRIDGE
-13.317276,-40.521811,-13.317130,-40.521867,BRIDGE
-13.317104,-42.174302,-13.317043,-42.174238,BRIDGE
-13.315245,-42.170816,-13.315188,-42.170756,BRIDGE
-13.314984,-41.787877,-13.314897,-41.787902,BRIDGE
-13.314863,-41.760546,-13.314986,-41.760425,BRIDGE
-13.314833,-41.751671,-13.314938,-41.751727,BRIDGE
-13.314348,-42.305666,-13.314482,-42.305946,BRIDGE
-13.313747,-39.268176,-13.313716,-39.268074,BRIDGE
-13.313027,-44.000214,-13.313130,-44.000087,BRIDGE
-13.312572,-41.595076,-13.312629,-41.595105,BRIDGE
-13.311444,-41.960863,-13.311543,-41.960780,BRIDGE
-13.309235,-39.275481,-13.309349,-39.275601,BRIDGE
-13.308923,-41.604994,-13.308633,-41.604539,BRIDGE
-13.308893,-41.593248,-13.308986,-41.593295,BRIDGE
-13.305527,-44.556451,-13.305690,-44.557001,BRIDGE
-13.304343,-39.705289,-13.304590,-39.704913,BRIDGE
-13.304011,-42.280895,-13.303934,-42.280899,BRIDGE
-13.302373,-43.754089,-13.302351,-43.754007,BRIDGE
-13.302248,-41.448210,-13.302175,-41.448036,BRIDGE
-13.301519,-41.345127,-13.301487,-41.344800,BRIDGE
-13.300958,-43.862388,-13.301075,-43.862247,BRIDGE
-13.299902,-42.270744,-13.299751,-42.270726,BRIDGE
-13.297519,-42.245990,-13.297173,-42.246031,BRIDGE
-13.297173,-42.245734,-13.297424,-42.245713,BRIDGE
-13.296653,-41.397640,-13.296717,-41.397585,BRIDGE
-13.295660,-41.807003,-13.295593,-41.806845,BRIDGE
-13.294380,-39.311594,-13.294373,-39.311673,BRIDGE
-13.293558,-39.304622,-13.293616,-39.304457,BRIDGE
-13.293327,-41.746200,-13.293356,-41.746294,BRIDGE
-13.292671,-39.820151,-13.292779,-39.820416,BRIDGE
-13.292473,-39.820619,-13.292364,-39.820679,BRIDGE
-13.290693,-41.844271,-13.290715,-41.844372,BRIDGE
-13.290342,-39.821627,-13.290265,-39.821488,BRIDGE
-13.289805,-39.536575,-13.289802,-39.536645,BRIDGE
-13.289584,-38.978242,-13.289490,-38.978167,BRIDGE
-13.288253,-41.834979,-13.288076,-41.834996,BRIDGE
-13.286459,-41.869464,-13.286375,-41.869516,BRIDGE
-13.286261,-39.536419,-13.286272,-39.536519,BRIDGE
-13.284464,-39.827228,-13.284085,-39.826943,BRIDGE
-13.284420,-39.322049,-13.284746,-39.322352,BRIDGE
-13.283905,-41.346779,-13.284218,-41.347163,BRIDGE
-13.283484,-39.322111,-13.283594,-39.322264,BRIDGE
-13.283132,-40.268609,-13.283090,-40.268571,BRIDGE
-13.281303,-39.572994,-13.281371,-39.573087,BRIDGE
-13.280002,-42.037104,-13.280037,-42.036913,BRIDGE
-13.279325,-44.565044,-13.279438,-44.564666,BRIDGE
-13.278632,-41.385377,-13.278676,-41.385333,BRIDGE
-13.277824,-41.367511,-13.277752,-41.367482,BRIDGE
-13.275276,-42.113678,-13.275194,-42.113727,BRIDGE
-13.275103,-40.014651,-13.275320,-40.014679,BRIDGE
-13.274208,-41.388062,-13.274094,-41.388061,BRIDGE
-13.272320,-43.647094,-13.272455,-43.647046,BRIDGE
-13.271945,-39.659732,-13.272068,-39.659896,BRIDGE
-13.271111,-41.645603,-13.271036,-41.645534,BRIDGE
-13.271005,-41.603093,-13.271031,-41.602812,BRIDGE
-13.270700,-38.961591,-13.270672,-38.961670,BRIDGE
-13.270427,-39.649468,-13.270487,-39.648988,BRIDGE
-13.270399,-38.961594,-13.270427,-38.961517,BRIDGE
-13.269234,-42.118666,-13.268931,-42.118570,BRIDGE
-13.268484,-41.825950,-13.268589,-41.825852,BRIDGE
-13.268475,-39.630837,-13.268567,-39.630668,BRIDGE
-13.267771,-40.046930,-13.267806,-40.047010,BRIDGE
-13.267762,-39.561603,-13.267669,-39.561658,BRIDGE
-13.267559,-39.621627,-13.267664,-39.621448,BRIDGE
-13.266457,-39.661421,-13.266231,-39.661341,BRIDGE
-13.266062,-42.034581,-13.265968,-42.034610,BRIDGE
-13.265484,-43.599789,-13.265581,-43.599779,BRIDGE
-13.265111,-39.892866,-13.265018,-39.892807,BRIDGE
-13.264961,-39.563641,-13.264805,-39.563711,BRIDGE
-13.264873,-41.989872,-13.264879,-41.990111,BRIDGE
-13.264425,-40.565855,-13.264302,-40.565937,BRIDGE
-13.263725,-39.776397,-13.263781,-39.776337,BRIDGE
-13.263717,-39.699394,-13.263681,-39.699495,BRIDGE
-13.263501,-41.391427,-13.263445,-41.391378,BRIDGE
-13.263479,-39.698932,-13.263296,-39.698847,BRIDGE
-13.263029,-43.556145,-13.262950,-43.556153,BRIDGE
-13.262863,-41.704781,-13.262762,-41.704756,BRIDGE
-13.262788,-43.050162,-13.262854,-43.050535,BRIDGE
-13.262125,-43.420918,-13.261938,-43.421473,BRIDGE
-13.261941,-43.681341,-13.261910,-43.681233,BRIDGE
-13.261287,-43.634770,-13.261351,-43.634689,BRIDGE
-13.260136,-41.839422,-13.260183,-41.839541,BRIDGE
-13.260132,-39.535429,-13.260385,-39.535330,BRIDGE
-13.260057,-39.565088,-13.260115,-39.564962,BRIDGE
-13.259982,-43.427173,-13.257612,-43.434032,BRIDGE
-13.259476,-42.126218,-13.259392,-42.126138,BRIDGE
-13.259454,-39.675447,-13.259455,-39.675896,BRIDGE
-13.259102,-43.612051,-13.259166,-43.612018,BRIDGE
-13.258757,-39.665610,-13.258857,-39.665620,BRIDGE
-13.258181,-39.617839,-13.258179,-39.617568,BRIDGE
-13.257918,-39.615142,-13.258155,-39.614871,BRIDGE
-13.257612,-43.434032,-13.256657,-43.436646,BRIDGE
-13.256657,-43.436646,-13.256319,-43.437603,BRIDGE
-13.256637,-43.682869,-13.256615,-43.682790,BRIDGE
-13.256579,-40.356554,-13.256630,-40.356438,BRIDGE
-13.256172,-39.569977,-13.256287,-39.570141,BRIDGE
-13.256070,-39.106530,-13.255738,-39.106267,BRIDGE
-13.255011,-39.584165,-13.255065,-39.583555,BRIDGE
-13.255008,-39.574084,-13.254863,-39.573773,BRIDGE
-13.254971,-39.571631,-13.255451,-39.571622,BRIDGE
-13.254612,-39.593745,-13.254202,-39.593482,BRIDGE
-13.254475,-43.623831,-13.254488,-43.623775,BRIDGE
-13.254191,-42.450241,-13.254109,-42.450539,BRIDGE
-13.253902,-41.844226,-13.253792,-41.844232,BRIDGE
-13.252612,-39.585751,-13.252831,-39.585718,BRIDGE
-13.252187,-39.716421,-13.252338,-39.716482,BRIDGE
-13.250794,-40.085882,-13.250549,-40.085809,BRIDGE
-13.250256,-40.082360,-13.250381,-40.082467,BRIDGE
-13.250191,-42.291756,-13.250020,-42.292184,BRIDGE
-13.248009,-43.684617,-13.248039,-43.684577,BRIDGE
-13.247973,-41.668350,-13.248091,-41.668353,BRIDGE
-13.247673,-41.660890,-13.247522,-41.660713,BRIDGE
-13.246225,-39.538533,-13.246182,-39.538444,BRIDGE
-13.245917,-43.683006,-13.245923,-43.682916,BRIDGE
-13.245567,-39.539571,-13.245843,-39.539331,BRIDGE
-13.245401,-43.621180,-13.245410,-43.621139,BRIDGE
-13.245070,-41.451993,-13.245021,-41.451878,BRIDGE
-13.244950,-41.757496,-13.245074,-41.757583,BRIDGE
-13.243450,-43.599757,-13.243415,-43.599676,BRIDGE
-13.243135,-39.039377,-13.242100,-39.039445,BRIDGE
-13.242406,-43.652439,-13.242405,-43.652316,BRIDGE
-13.241542,-45.590883,-13.241607,-45.590849,BRIDGE
-13.240884,-44.583295,-13.241280,-44.583430,BRIDGE
-13.240683,-39.596495,-13.240659,-39.596586,BRIDGE
-13.240398,-43.686233,-13.240388,-43.686152,BRIDGE
-13.239171,-40.115771,-13.239202,-40.115465,BRIDGE
-13.237348,-39.513196,-13.237419,-39.513166,BRIDGE
-13.234894,-43.690506,-13.234893,-43.690376,BRIDGE
-13.232977,-39.071078,-13.232872,-39.071141,BRIDGE
-13.231689,-43.690084,-13.231706,-43.690001,BRIDGE
-13.231498,-40.428989,-13.231384,-40.428990,BRIDGE
-13.229815,-41.747741,-13.229686,-41.747906,BRIDGE
-13.228288,-43.604207,-13.228350,-43.604166,BRIDGE
-13.227651,-39.511419,-13.227770,-39.511108,BRIDGE
-13.227124,-39.502718,-13.227331,-39.502334,BRIDGE
-13.226939,-44.593554,-13.227142,-44.593923,BRIDGE
-13.226708,-39.504078,-13.226988,-39.504177,BRIDGE
-13.226430,-39.595251,-13.226389,-39.595145,BRIDGE
-13.225816,-43.652530,-13.225816,-43.652403,BRIDGE
-13.225284,-39.509680,-13.225644,-39.509078,BRIDGE
-13.223839,-43.646428,-13.223921,-43.646382,BRIDGE
-13.222991,-42.403009,-13.222917,-42.402916,BRIDGE
-13.222233,-43.689548,-13.222285,-43.689501,BRIDGE
-13.221350,-39.016996,-13.221403,-39.016998,BRIDGE
-13.219354,-41.606452,-13.219188,-41.606548,BRIDGE
-13.218442,-39.101262,-13.218348,-39.101233,BRIDGE
-13.217949,-41.766506,-13.218060,-41.766518,BRIDGE
-13.217011,-41.690165,-13.216927,-41.690127,BRIDGE
-13.216918,-43.629881,-13.217030,-43.629851,BRIDGE
-13.216716,-42.291199,-13.216571,-42.290957,BRIDGE
-13.215935,-42.424922,-13.215623,-42.425119,BRIDGE
-13.214852,-41.893679,-13.214824,-41.893573,BRIDGE
-13.214824,-41.893573,-13.214805,-41.893501,BRIDGE
-13.214248,-43.617681,-13.214358,-43.617651,BRIDGE
-13.214207,-43.678293,-13.214290,-43.678290,BRIDGE
-13.214090,-42.163736,-13.214035,-42.163559,BRIDGE
-13.212686,-39.321731,-13.212634,-39.321487,BRIDGE
-13.211256,-41.880969,-13.211175,-41.881021,BRIDGE
-13.209239,-39.500350,-13.209194,-39.500552,BRIDGE
-13.208936,-39.027398,-13.208624,-39.027457,BRIDGE
-13.208320,-41.109484,-13.208434,-41.109859,BRIDGE
-13.208083,-43.591112,-13.208168,-43.591110,BRIDGE
-13.207503,-45.385307,-13.207475,-45.384971,BRIDGE
-13.207495,-43.671082,-13.207595,-43.671032,BRIDGE
-13.207144,-39.029451,-13.207031,-39.029455,BRIDGE
-13.205824,-41.754487,-13.205794,-41.754511,BRIDGE
-13.205502,-43.658910,-13.205604,-43.658895,BRIDGE
-13.204581,-43.563546,-13.204506,-43.563545,BRIDGE
-13.204232,-39.500231,-13.204323,-39.499972,BRIDGE
-13.203350,-42.838482,-13.202896,-42.838053,BRIDGE
-13.202488,-41.911125,-13.202561,-41.911092,BRIDGE
-13.201726,-43.653319,-13.201816,-43.653271,BRIDGE
-13.198258,-41.913863,-13.198312,-41.913777,BRIDGE
-13.196016,-44.152115,-13.195883,-44.152185,BRIDGE
-13.194181,-39.441403,-13.194260,-39.441438,BRIDGE
-13.186800,-41.701326,-13.186735,-41.701285,BRIDGE
-13.185185,-44.621594,-13.184639,-44.621418,BRIDGE
-13.184819,-44.619759,-13.185861,-44.620912,BRIDGE
-13.184663,-42.444499,-13.184550,-42.444573,BRIDGE
-13.184555,-39.423659,-13.183728,-39.423462,BRIDGE
-13.182435,-42.096367,-13.182401,-42.096246,BRIDGE
-13.180860,-39.525535,-13.181173,-39.525861,BRIDGE
-13.173849,-39.317763,-13.173854,-39.318869,BRIDGE
-13.173269,-44.612124,-13.173291,-44.611933,TUNNEL
-13.172088,-41.936149,-13.172222,-41.936342,BRIDGE
-13.170398,-41.894714,-13.170360,-41.894647,BRIDGE
-13.168474,-39.537866,-13.168515,-39.537964,BRIDGE
-13.165393,-39.311977,-13.165577,-39.312011,BRIDGE
-13.163746,-41.899466,-13.163731,-41.899427,BRIDGE
-13.160524,-44.616020,-13.160353,-44.615961,BRIDGE
-13.159007,-39.998979,-13.159089,-39.999021,BRIDGE
-13.157180,-42.085012,-13.156733,-42.084961,BRIDGE
-13.154611,-40.725895,-13.154644,-40.725707,BRIDGE
-13.150778,-40.580304,-13.150710,-40.580271,BRIDGE
-13.149724,-43.539766,-13.148427,-43.540321,BRIDGE
-13.149006,-42.142302,-13.148933,-42.142368,BRIDGE
-13.147793,-39.379395,-13.147899,-39.379311,BRIDGE
-13.147693,-42.486508,-13.147743,-42.486433,BRIDGE
-13.143205,-39.557590,-13.143302,-39.557691,BRIDGE
-13.140859,-41.595498,-13.140955,-41.595552,BRIDGE
-13.139910,-41.720323,-13.139883,-41.720234,BRIDGE
-13.138537,-44.063672,-13.138747,-44.063719,BRIDGE
-13.137126,-42.297041,-13.136881,-42.296654,BRIDGE
-13.135863,-42.298577,-13.135371,-42.298447,BRIDGE
-13.134534,-39.789130,-13.134568,-39.789068,BRIDGE
-13.131567,-42.291412,-13.131219,-42.291404,BRIDGE
-13.130265,-45.791916,-13.130159,-45.791975,BRIDGE
-13.127816,-42.202738,-13.127674,-42.202999,BRIDGE
-13.127292,-39.003585,-13.126917,-39.003532,BRIDGE
-13.127222,-40.696017,-13.127055,-40.695966,BRIDGE
-13.127077,-39.005907,-13.127378,-39.005753,BRIDGE
-13.126965,-42.285451,-13.127217,-42.285587,BRIDGE
-13.126104,-42.149897,-13.126201,-42.149872,BRIDGE
-13.125145,-42.876433,-13.125151,-42.876602,BRIDGE
-13.123634,-42.212103,-13.123262,-42.212362,BRIDGE
-13.123210,-41.837379,-13.123278,-41.837303,BRIDGE
-13.122819,-39.553496,-13.122773,-39.553265,BRIDGE
-13.121914,-40.692505,-13.121780,-40.692382,BRIDGE
-13.120777,-42.147049,-13.120529,-42.146905,BRIDGE
-13.120409,-42.707689,-13.120446,-42.707843,BRIDGE
-13.118132,-40.598460,-13.117933,-40.598392,BRIDGE
-13.117836,-42.151959,-13.117814,-42.152067,BRIDGE
-13.117258,-39.118833,-13.117249,-39.118679,BRIDGE
-13.117154,-42.153354,-13.117102,-42.153474,BRIDGE
-13.117061,-40.308782,-13.116850,-40.308924,BRIDGE
-13.113219,-41.687098,-13.113372,-41.687065,BRIDGE
-13.112775,-41.554722,-13.112773,-41.554921,BRIDGE
-13.111833,-42.684411,-13.111992,-42.684296,BRIDGE
-13.111166,-45.733367,-13.111194,-45.733231,BRIDGE
-13.110874,-42.880211,-13.110801,-42.879687,BRIDGE
-13.109828,-42.543109,-13.109885,-42.543027,BRIDGE
-13.109652,-40.559976,-13.109472,-40.559818,BRIDGE
-13.109283,-41.781252,-13.109697,-41.781164,BRIDGE
-13.108115,-39.973684,-13.107909,-39.973640,TUNNEL
-13.107118,-42.246012,-13.107001,-42.246185,BRIDGE
-13.106930,-43.023333,-13.106909,-43.023123,BRIDGE
-13.106229,-44.694487,-13.106376,-44.694833,BRIDGE
-13.099626,-42.163304,-13.099304,-42.162981,BRIDGE
-13.099071,-39.792864,-13.098695,-39.792911,BRIDGE
-13.097702,-41.856130,-13.097648,-41.856069,BRIDGE
-13.096128,-38.752918,-13.096012,-38.752907,BRIDGE
-13.094764,-39.580895,-13.094541,-39.581022,BRIDGE
-13.091687,-42.178072,-13.091248,-42.178173,BRIDGE
-13.091134,-41.695450,-13.091240,-41.695517,BRIDGE
-13.089901,-41.119675,-13.089953,-41.119868,BRIDGE
-13.087485,-40.416441,-13.087513,-40.416010,BRIDGE
-13.085935,-42.188796,-13.085783,-42.188464,BRIDGE
-13.085729,-42.188112,-13.085684,-42.188013,BRIDGE
-13.083286,-39.215061,-13.083281,-39.215186,BRIDGE
-13.081345,-42.182561,-13.081316,-42.182482,BRIDGE
-13.080343,-39.000103,-13.080247,-39.000210,BRIDGE
-13.079920,-38.996871,-13.079583,-38.997111,BRIDGE
-13.079107,-41.861374,-13.079054,-41.861297,BRIDGE
-13.078644,-39.001296,-13.078598,-39.001406,BRIDGE
-13.078514,-41.134494,-13.078470,-41.134413,BRIDGE
-13.077730,-41.132977,-13.077749,-41.132700,BRIDGE
-13.077239,-44.722539,-13.077448,-44.722461,BRIDGE
-13.076795,-39.003080,-13.076849,-39.003166,BRIDGE
-13.076499,-39.005303,-13.076643,-39.005316,BRIDGE
-13.075037,-41.716157,-13.075037,-41.716350,BRIDGE
-13.074862,-44.130099,-13.074870,-44.130278,BRIDGE
-13.073004,-44.098362,-13.072926,-44.098448,BRIDGE
-13.072545,-41.924629,-13.072506,-41.924586,BRIDGE
-13.070880,-44.136248,-13.070834,-44.135980,BRIDGE
-13.070325,-39.255979,-13.070449,-39.255997,BRIDGE
-13.069827,-39.275861,-13.069988,-39.276072,BRIDGE
-13.069173,-45.044012,-13.069180,-45.044325,BRIDGE
-13.068597,-39.509320,-13.068600,-39.509167,BRIDGE
-13.068493,-39.496811,-13.068526,-39.496629,BRIDGE
-13.067152,-44.200235,-13.067324,-44.200226,BRIDGE
-13.066806,-39.061530,-13.066721,-39.061573,BRIDGE
-13.066567,-38.728822,-13.066304,-38.728759,TUNNEL
-13.066324,-38.728838,-13.066592,-38.728915,TUNNEL
-13.066097,-42.774096,-13.066065,-42.774195,BRIDGE
-13.063711,-39.644495,-13.063845,-39.644911,BRIDGE
-13.062811,-39.511695,-13.062944,-39.511761,BRIDGE
-13.060064,-44.076501,-13.059918,-44.076517,BRIDGE
-13.058879,-39.634495,-13.059162,-39.634673,BRIDGE
-13.057531,-39.626815,-13.057169,-39.626975,BRIDGE
-13.055813,-39.005784,-13.055898,-39.005819,BRIDGE
-13.055715,-39.623975,-13.055818,-39.623934,BRIDGE
-13.055419,-42.165388,-13.055331,-42.165407,BRIDGE
-13.052571,-39.604666,-13.052752,-39.604554,BRIDGE
-13.051485,-42.617526,-13.051675,-42.617395,BRIDGE
-13.051454,-41.722253,-13.051455,-41.722330,BRIDGE
-13.048723,-42.234122,-13.048309,-42.234124,BRIDGE
-13.048075,-38.789073,-13.044334,-38.793560,BRIDGE
-13.047521,-40.083952,-13.047315,-40.083713,BRIDGE
-13.046871,-40.731989,-13.046885,-40.732103,BRIDGE
-13.046565,-40.538526,-13.046464,-40.538510,BRIDGE
-13.041932,-38.842506,-13.041863,-38.842575,BRIDGE
-13.039962,-39.669944,-13.039857,-39.669614,BRIDGE
-13.038545,-44.042024,-13.038751,-44.042069,BRIDGE
-13.035851,-38.803880,-13.034437,-38.808685,BRIDGE
-13.035749,-39.002046,-13.035800,-39.002047,BRIDGE
-13.035649,-39.007095,-13.035707,-39.006998,BRIDGE
-13.034754,-39.008414,-13.034114,-39.008471,BRIDGE
-13.034562,-42.577000,-13.034507,-42.576971,BRIDGE
-13.034543,-39.031091,-13.033964,-39.031949,BRIDGE
-13.033674,-39.017365,-13.033188,-39.017939,BRIDGE
-13.033332,-39.012113,-13.034208,-39.012397,BRIDGE
-13.032430,-40.685973,-13.032493,-40.686097,BRIDGE
-13.027737,-39.016827,-13.027678,-39.016873,BRIDGE
-13.026512,-39.528076,-13.026420,-39.528067,BRIDGE
-13.025526,-39.016012,-13.025586,-39.015994,BRIDGE
-13.023968,-39.015323,-13.023894,-39.015263,BRIDGE
-13.022320,-39.086880,-13.022231,-39.086968,BRIDGE
-13.021740,-39.693263,-13.021670,-39.692963,BRIDGE
-13.021482,-40.039983,-13.021426,-40.039737,BRIDGE
-13.019500,-41.432604,-13.019581,-41.432164,BRIDGE
-13.018951,-39.688055,-13.018906,-39.687953,BRIDGE
-13.018580,-39.126941,-13.018436,-39.126931,BRIDGE
-13.018333,-38.848126,-13.018135,-38.848452,BRIDGE
-13.017884,-39.013449,-13.017864,-39.013375,BRIDGE
-13.017502,-39.013913,-13.017556,-39.013952,BRIDGE
-13.015564,-39.016289,-13.015519,-39.016322,BRIDGE
-13.014796,-38.983180,-13.014666,-38.983156,BRIDGE
-13.014675,-39.020043,-13.014733,-39.020004,BRIDGE
-13.014481,-39.017845,-13.014419,-39.017854,BRIDGE
-13.014456,-39.046386,-13.014039,-39.046188,BRIDGE
-13.014428,-40.602854,-13.014232,-40.603208,BRIDGE
-13.013894,-38.489053,-13.013972,-38.488840,BRIDGE
-13.013694,-39.045827,-13.013745,-39.045699,BRIDGE
-13.013584,-42.550236,-13.013435,-42.550479,TUNNEL
-13.013446,-39.538983,-13.013516,-39.538986,BRIDGE
-13.013341,-41.445242,-13.013154,-41.445146,BRIDGE
-13.013261,-39.070049,-13.013158,-39.070134,BRIDGE
-13.011753,-42.549774,-13.011650,-42.549987,BRIDGE
-13.011633,-39.069164,-13.011528,-39.069396,BRIDGE
-13.011511,-42.413406,-13.011256,-42.413082,BRIDGE
-13.011509,-39.537559,-13.011577,-39.537487,BRIDGE
-13.011433,-39.069156,-13.011495,-39.069039,BRIDGE
-13.011341,-38.489373,-13.011471,-38.489150,BRIDGE
-13.011287,-41.368313,-13.011140,-41.368542,BRIDGE
-13.011162,-41.368726,-13.011226,-41.368801,BRIDGE
-13.010765,-40.547706,-13.010769,-40.547831,BRIDGE
-13.009047,-38.477598,-13.009109,-38.477587,BRIDGE
-13.008874,-38.496055,-13.008659,-38.496174,TUNNEL
-13.008199,-41.370157,-13.008234,-41.370193,BRIDGE
-13.007920,-42.064234,-13.007802,-42.064347,BRIDGE
-13.007855,-38.493128,-13.007632,-38.492049,BRIDGE
-13.007750,-38.495516,-13.007983,-38.494776,BRIDGE
-13.007569,-38.492289,-13.007741,-38.493195,BRIDGE
-13.007514,-41.371394,-13.007545,-41.371426,BRIDGE
-13.007448,-38.487814,-13.007494,-38.487693,BRIDGE
-13.007408,-39.544442,-13.007304,-39.544678,BRIDGE
-13.007008,-38.817117,-13.006914,-38.816831,BRIDGE
-13.005825,-39.541477,-13.006079,-39.541790,BRIDGE
-13.005769,-38.502215,-13.005814,-38.502264,BRIDGE
-13.005730,-38.523781,-13.005738,-38.524269,TUNNEL
-13.005695,-38.485127,-13.003631,-38.482869,BRIDGE
-13.005437,-41.389387,-13.005392,-41.389053,BRIDGE
-13.005233,-41.373213,-13.005282,-41.373248,BRIDGE
-13.005201,-39.539991,-13.005237,-39.540088,BRIDGE
-13.005035,-41.373474,-13.005056,-41.373413,BRIDGE
-13.003797,-38.483352,-13.005426,-38.485256,BRIDGE
-13.002914,-44.622281,-13.002578,-44.622887,BRIDGE
-12.999796,-44.033815,-12.999893,-44.033836,BRIDGE
-12.999627,-38.511049,-12.999656,-38.511138,TUNNEL
-12.999477,-39.548601,-12.999373,-39.548637,BRIDGE
-12.998883,-38.523686,-12.998769,-38.523909,BRIDGE
-12.998423,-38.446242,-12.998224,-38.445782,BRIDGE
-12.998130,-38.445830,-12.998310,-38.446289,BRIDGE
-12.996760,-38.507077,-12.996856,-38.506525,BRIDGE
-12.996749,-39.108303,-12.997253,-39.108686,BRIDGE
-12.996725,-39.012024,-12.996666,-39.012148,BRIDGE
-12.996680,-38.526873,-12.996625,-38.526862,TUNNEL
-12.996582,-38.526852,-12.996543,-38.526842,TUNNEL
-12.996095,-38.516397,-12.996996,-38.515863,BRIDGE
-12.995805,-38.495673,-12.994216,-38.497489,BRIDGE
-12.995513,-38.521627,-12.995240,-38.521791,BRIDGE
-12.995472,-38.474985,-12.996182,-38.477391,BRIDGE
-12.995461,-38.514806,-12.995133,-38.515628,BRIDGE
-12.995347,-38.515730,-12.995580,-38.514880,BRIDGE
-12.995259,-38.524418,-12.996403,-38.523793,BRIDGE
-12.994599,-38.517836,-12.994755,-38.517637,BRIDGE
-12.994538,-38.517915,-12.994599,-38.517836,BRIDGE
-12.994274,-38.514692,-12.993794,-38.513948,TUNNEL
-12.994045,-43.936392,-12.993949,-43.936412,BRIDGE
-12.993772,-39.314225,-12.993854,-39.314258,BRIDGE
-12.993721,-38.513985,-12.994240,-38.514797,TUNNEL
-12.993319,-44.032453,-12.993433,-44.032478,BRIDGE
-12.993315,-38.475768,-12.995956,-38.473156,BRIDGE
-12.992954,-39.137773,-12.993100,-39.137936,BRIDGE
-12.992789,-38.449832,-12.992779,-38.449446,BRIDGE
-12.992732,-39.137651,-12.993034,-39.138090,BRIDGE
-12.992687,-39.139812,-12.992821,-39.139680,BRIDGE
-12.991740,-43.985561,-12.991718,-43.985436,BRIDGE
-12.991492,-38.523792,-12.990728,-38.522681,BRIDGE
-12.991326,-41.350572,-12.991046,-41.350368,BRIDGE
-12.991046,-41.350368,-12.991038,-41.350362,BRIDGE
-12.991038,-41.350362,-12.990799,-41.350161,BRIDGE
-12.990742,-38.449502,-12.990610,-38.449777,BRIDGE
-12.990634,-40.008638,-12.990914,-40.008626,BRIDGE
-12.990370,-38.473473,-12.988584,-38.469226,BRIDGE
-12.990059,-38.505063,-12.989933,-38.506081,BRIDGE
-12.989933,-38.506081,-12.990524,-38.506723,BRIDGE
-12.989204,-38.472377,-12.989857,-38.473160,BRIDGE
-12.989104,-38.508180,-12.987619,-38.507845,BRIDGE
-12.989031,-38.522797,-12.989354,-38.522926,TUNNEL
-12.988530,-38.469502,-12.989204,-38.472377,BRIDGE
-12.988242,-38.522949,-12.988724,-38.522730,TUNNEL
-12.987562,-40.525831,-12.987652,-40.525897,BRIDGE
-12.987149,-38.466974,-12.982869,-38.466457,BRIDGE
-12.986780,-38.521153,-12.986972,-38.521293,BRIDGE
-12.986569,-38.517826,-12.986333,-38.517418,TUNNEL
-12.986268,-38.517461,-12.986508,-38.517864,TUNNEL
-12.985605,-43.362391,-12.985526,-43.362192,BRIDGE
-12.985160,-38.452020,-12.984733,-38.452121,TUNNEL
-12.985133,-38.516641,-12.985881,-38.516973,BRIDGE
-12.985024,-44.053823,-12.985194,-44.053852,BRIDGE
-12.984953,-38.500370,-12.984874,-38.500435,TUNNEL
-12.984733,-38.452121,-12.984668,-38.452133,TUNNEL
-12.984733,-38.452121,-12.985182,-38.452092,TUNNEL
-12.984668,-38.452133,-12.984449,-38.452159,TUNNEL
-12.984668,-38.452133,-12.985438,-38.452182,TUNNEL
-12.984449,-38.452159,-12.984039,-38.451922,TUNNEL
-12.984004,-38.451384,-12.983746,-38.451017,BRIDGE
-12.983988,-38.440491,-12.983804,-38.440921,TUNNEL
-12.983987,-42.217935,-12.983634,-42.217956,BRIDGE
-12.983943,-38.440979,-12.984116,-38.440548,TUNNEL
-12.983911,-38.451638,-12.983581,-38.451172,BRIDGE
-12.983765,-38.452876,-12.984449,-38.452159,TUNNEL
-12.983745,-38.451642,-12.983454,-38.451282,BRIDGE
-12.983641,-38.510599,-12.984437,-38.510620,BRIDGE
-12.983628,-38.494608,-12.983602,-38.494601,TUNNEL
-12.983591,-38.494642,-12.983618,-38.494652,TUNNEL
-12.983479,-38.495233,-12.983690,-38.494310,TUNNEL
-12.983474,-38.496584,-12.983994,-38.496206,BRIDGE
-12.983353,-38.510787,-12.984371,-38.510610,BRIDGE
-12.983344,-39.322710,-12.983446,-39.322612,BRIDGE
-12.983315,-38.510963,-12.983353,-38.510787,BRIDGE
-12.983243,-38.510910,-12.983353,-38.510787,BRIDGE
-12.983196,-38.510837,-12.983353,-38.510787,BRIDGE
-12.983058,-38.466703,-12.987244,-38.467291,BRIDGE
-12.982757,-38.463105,-12.982764,-38.463224,BRIDGE
-12.982698,-43.974181,-12.982824,-43.974157,BRIDGE
-12.982548,-38.465802,-12.982326,-38.465585,BRIDGE
-12.982333,-38.988895,-12.982316,-38.988836,BRIDGE
-12.982309,-38.465618,-12.982515,-38.465835,BRIDGE
-12.982280,-38.465425,-12.982581,-38.465100,BRIDGE
-12.981588,-38.495618,-12.983324,-38.492632,BRIDGE
-12.981015,-38.465629,-12.978793,-38.468297,BRIDGE
-12.980905,-38.453450,-12.980620,-38.453308,BRIDGE
-12.980821,-42.227253,-12.980634,-42.227397,BRIDGE
-12.980484,-38.453381,-12.980835,-38.453547,BRIDGE
-12.980178,-38.518305,-12.980067,-38.518452,TUNNEL
-12.980141,-38.466507,-12.981158,-38.466378,BRIDGE
-12.980044,-38.615256,-12.980249,-38.615365,BRIDGE
-12.979722,-38.483749,-12.979673,-38.483730,BRIDGE
-12.979654,-38.615842,-12.979801,-38.615924,BRIDGE
-12.979363,-38.465152,-12.980141,-38.466507,BRIDGE
-12.978823,-38.499738,-12.979254,-38.500133,BRIDGE
-12.978698,-38.503021,-12.978453,-38.501858,BRIDGE
-12.978493,-38.459631,-12.979603,-38.457729,BRIDGE
-12.978431,-38.502265,-12.978704,-38.502879,BRIDGE
-12.978352,-38.465325,-12.978468,-38.466291,TUNNEL
-12.978311,-38.462086,-12.977869,-38.461493,BRIDGE
-12.978286,-38.462369,-12.977766,-38.461650,BRIDGE
-12.978252,-38.457411,-12.977951,-38.457223,BRIDGE
-12.978165,-38.462468,-12.977799,-38.462137,BRIDGE
-12.977921,-38.459538,-12.978235,-38.459252,BRIDGE
-12.977873,-38.457290,-12.978213,-38.457497,BRIDGE
-12.977868,-38.501242,-12.977437,-38.502088,BRIDGE
-12.977826,-38.459324,-12.978136,-38.459076,BRIDGE
-12.977728,-38.501977,-12.978068,-38.501311,BRIDGE
-12.977675,-38.453638,-12.977230,-38.454397,BRIDGE
-12.977592,-39.526891,-12.977538,-39.527010,BRIDGE
-12.977572,-38.472374,-12.977578,-38.473505,BRIDGE
-12.977500,-38.990496,-12.977420,-38.990455,BRIDGE
-12.977489,-43.927366,-12.977490,-43.927481,BRIDGE
-12.977437,-38.502088,-12.976421,-38.502657,BRIDGE
-12.977437,-38.502088,-12.976827,-38.502140,BRIDGE
-12.977067,-38.423141,-12.976888,-38.422906,BRIDGE
-12.977057,-38.474941,-12.977237,-38.475963,BRIDGE
-12.976999,-38.942707,-12.977014,-38.942619,BRIDGE
-12.976923,-38.502625,-12.977963,-38.501289,BRIDGE
-12.976923,-38.502625,-12.977409,-38.502525,BRIDGE
-12.976842,-38.423003,-12.977021,-38.423234,BRIDGE
-12.976769,-38.461093,-12.976049,-38.461779,BRIDGE
-12.976464,-38.502745,-12.976923,-38.502625,BRIDGE
-12.976222,-38.455964,-12.976459,-38.455847,BRIDGE
-12.976161,-38.456081,-12.976337,-38.455791,BRIDGE
-12.976161,-38.456081,-12.976375,-38.456011,BRIDGE
-12.976137,-38.456157,-12.976161,-38.456081,BRIDGE
-12.976101,-38.455233,-12.976085,-38.454902,BRIDGE
-12.975907,-38.454935,-12.975886,-38.455416,BRIDGE
-12.975687,-38.503033,-12.975442,-38.502769,BRIDGE
-12.975535,-38.477146,-12.974714,-38.476361,BRIDGE
-12.975458,-38.502928,-12.975712,-38.503277,BRIDGE
-12.975455,-38.425852,-12.975626,-38.425981,BRIDGE
-12.975329,-38.477245,-12.974254,-38.476449,BRIDGE
-12.975298,-38.459395,-12.976798,-38.460328,BRIDGE
-12.975288,-38.502787,-12.975631,-38.503073,BRIDGE
-12.974887,-38.953574,-12.974936,-38.953861,BRIDGE
-12.974586,-38.476207,-12.974348,-38.475954,BRIDGE
-12.974516,-38.476198,-12.974288,-38.476015,BRIDGE
-12.974291,-38.949791,-12.974323,-38.949973,BRIDGE
-12.974004,-38.449264,-12.973232,-38.450181,BRIDGE
-12.973976,-38.476276,-12.973709,-38.476129,BRIDGE
-12.973934,-38.476478,-12.975010,-38.477365,BRIDGE
-12.973898,-38.427244,-12.973812,-38.427031,BRIDGE
-12.973787,-38.502644,-12.974021,-38.502601,BRIDGE
-12.973501,-38.476207,-12.973718,-38.476336,BRIDGE
-12.973288,-38.450289,-12.974072,-38.449399,BRIDGE
-12.973066,-38.475870,-12.972262,-38.475662,BRIDGE
-12.972633,-38.475281,-12.972380,-38.475287,BRIDGE
-12.972492,-38.475817,-12.972903,-38.475929,BRIDGE
-12.972262,-38.476707,-12.972218,-38.476492,BRIDGE
-12.972200,-38.503963,-12.970967,-38.503876,BRIDGE
-12.972091,-38.476521,-12.972044,-38.476726,BRIDGE
-12.971993,-38.475727,-12.972492,-38.475817,BRIDGE
-12.971363,-38.477450,-12.971256,-38.477662,BRIDGE
-12.971028,-38.476766,-12.972938,-38.477619,BRIDGE
-12.970721,-38.478346,-12.966812,-38.479779,BRIDGE
-12.969954,-38.479265,-12.971118,-38.478678,BRIDGE
-12.969464,-44.004502,-12.969500,-44.004596,BRIDGE
-12.969339,-38.503956,-12.967862,-38.503733,BRIDGE
-12.969193,-38.440649,-12.968853,-38.439791,BRIDGE
-12.969193,-38.440649,-12.969448,-38.438439,BRIDGE
-12.969166,-38.478697,-12.968599,-38.477957,BRIDGE
-12.969148,-38.438721,-12.967198,-38.440569,BRIDGE
-12.969041,-38.482079,-12.968457,-38.477961,BRIDGE
-12.968976,-38.482937,-12.969041,-38.482079,BRIDGE
-12.968937,-38.482063,-12.968802,-38.482912,BRIDGE
-12.968937,-38.482063,-12.968723,-38.482909,BRIDGE
-12.968884,-38.482925,-12.969041,-38.482079,BRIDGE
-12.968872,-38.428351,-12.968865,-38.428036,BRIDGE
-12.968798,-38.428054,-12.968811,-38.428365,BRIDGE
-12.968632,-38.478522,-12.968937,-38.482063,BRIDGE
-12.968599,-38.477957,-12.968310,-38.477623,BRIDGE
-12.968524,-38.503236,-12.968934,-38.503491,BRIDGE
-12.968457,-38.477961,-12.968268,-38.477670,BRIDGE
-12.968201,-38.478090,-12.968632,-38.478522,BRIDGE
-12.967980,-38.441058,-12.969193,-38.440649,BRIDGE
-12.967963,-38.477122,-12.967637,-38.476400,BRIDGE
-12.967657,-38.441043,-12.967980,-38.441058,BRIDGE
-12.967517,-38.475646,-12.967262,-38.475317,BRIDGE
-12.967429,-38.503877,-12.969334,-38.504072,BRIDGE
-12.967358,-38.475793,-12.967161,-38.475414,BRIDGE
-12.967130,-43.998331,-12.967203,-43.998511,BRIDGE
-12.967125,-38.440722,-12.967657,-38.441043,BRIDGE
-12.967075,-38.477481,-12.968673,-38.482901,BRIDGE
-12.967075,-38.477481,-12.968146,-38.477961,BRIDGE
-12.966938,-38.490308,-12.965250,-38.491861,BRIDGE
-12.966803,-38.479856,-12.970802,-38.478445,BRIDGE
-12.966665,-41.479157,-12.966630,-41.479088,BRIDGE
-12.966519,-38.503911,-12.964398,-38.505337,TUNNEL
-12.966334,-41.570139,-12.966280,-41.570122,BRIDGE
-12.966255,-44.591484,-12.966383,-44.591459,BRIDGE
-12.966078,-41.958291,-12.966062,-41.958410,BRIDGE
-12.965332,-39.672579,-12.965076,-39.672695,BRIDGE
-12.965305,-38.478523,-12.965268,-38.478322,BRIDGE
-12.965193,-38.491985,-12.967014,-38.490342,BRIDGE
-12.965165,-38.492107,-12.967177,-38.490381,BRIDGE
-12.965124,-38.475445,-12.967075,-38.477481,BRIDGE
-12.964557,-38.477220,-12.968201,-38.478090,BRIDGE
-12.964383,-38.507025,-12.964183,-38.505702,BRIDGE
-12.964288,-38.492348,-12.962851,-38.494249,BRIDGE
-12.964278,-38.492232,-12.962725,-38.494399,BRIDGE
-12.964138,-38.505674,-12.962787,-38.506081,BRIDGE
-12.964083,-38.434982,-12.963138,-38.436135,BRIDGE
-12.963406,-39.001463,-12.963459,-39.001504,BRIDGE
-12.963327,-38.478486,-12.963395,-38.478308,BRIDGE
-12.963060,-38.494110,-12.964176,-38.492603,BRIDGE
-12.963021,-40.483232,-12.963119,-40.483451,BRIDGE
-12.962934,-38.494257,-12.964199,-38.492484,BRIDGE
-12.962812,-38.495808,-12.963060,-38.494110,BRIDGE
-12.962155,-38.399479,-12.961784,-38.398527,BRIDGE
-12.961779,-38.399510,-12.961858,-38.399666,BRIDGE
-12.961194,-38.477060,-12.961184,-38.476861,BRIDGE
-12.959463,-38.499912,-12.958800,-38.501165,TUNNEL
-12.959409,-38.500871,-12.959637,-38.500149,TUNNEL
-12.959135,-38.502693,-12.959008,-38.501563,BRIDGE
-12.959128,-38.501186,-12.959593,-38.500136,TUNNEL
-12.958129,-38.466388,-12.956473,-38.467272,TUNNEL
-12.957750,-38.400446,-12.957828,-38.400367,BRIDGE
-12.957290,-38.503810,-12.958493,-38.501723,BRIDGE
-12.956832,-39.855426,-12.957104,-39.855567,BRIDGE
-12.956701,-38.399690,-12.956517,-38.399490,BRIDGE
-12.956606,-38.389270,-12.956607,-38.390043,BRIDGE
-12.956586,-38.467466,-12.958278,-38.466515,TUNNEL
-12.956455,-38.399540,-12.956641,-38.399745,BRIDGE
-12.955945,-39.259847,-12.954866,-39.259908,BRIDGE
-12.954932,-38.474257,-12.954829,-38.474427,BRIDGE
-12.954647,-39.514527,-12.954841,-39.514494,BRIDGE
-12.954631,-38.471242,-12.954060,-38.471236,BRIDGE
-12.954221,-38.384878,-12.953861,-38.385007,BRIDGE
-12.954046,-38.471372,-12.954627,-38.471385,BRIDGE
-12.953977,-38.385089,-12.954317,-38.384979,BRIDGE
-12.952587,-39.581770,-12.952634,-39.581960,BRIDGE
-12.952413,-38.475023,-12.952356,-38.474737,BRIDGE
-12.952269,-45.548596,-12.952083,-45.548716,BRIDGE
-12.951625,-38.475828,-12.952262,-38.474511,BRIDGE
-12.951379,-41.277779,-12.951324,-41.276982,BRIDGE
-12.950442,-38.389440,-12.950538,-38.389706,BRIDGE
-12.950098,-38.424102,-12.949297,-38.425218,BRIDGE
-12.949876,-38.382570,-12.949836,-38.382364,BRIDGE
-12.949388,-38.425272,-12.950194,-38.424151,BRIDGE
-12.948661,-43.336124,-12.948729,-43.335917,BRIDGE
-12.948650,-38.384448,-12.947835,-38.384326,BRIDGE
-12.948504,-41.823349,-12.948465,-41.823300,BRIDGE
-12.947845,-38.384448,-12.948712,-38.384579,BRIDGE
-12.947819,-39.510885,-12.947858,-39.510757,BRIDGE
-12.947629,-38.383045,-12.947511,-38.382765,BRIDGE
-12.947263,-39.252445,-12.947523,-39.252492,BRIDGE
-12.946646,-43.939122,-12.946708,-43.939324,BRIDGE
-12.946117,-38.483936,-12.946147,-38.483956,BRIDGE
-12.946114,-44.787737,-12.945986,-44.787556,TUNNEL
-12.945825,-38.414403,-12.945809,-38.414768,TUNNEL
-12.944792,-41.925572,-12.944814,-41.925657,BRIDGE
-12.944743,-42.157864,-12.944711,-42.157706,BRIDGE
-12.944689,-39.021606,-12.944616,-39.021551,BRIDGE
-12.944651,-38.470122,-12.943555,-38.470327,BRIDGE
-12.944628,-38.471237,-12.944636,-38.471123,BRIDGE
-12.944481,-38.417590,-12.944297,-38.418618,TUNNEL
-12.944412,-38.418633,-12.944597,-38.417602,TUNNEL
-12.944178,-38.384189,-12.944375,-38.384311,BRIDGE
-12.944018,-38.419446,-12.943234,-38.420593,TUNNEL
-12.943943,-38.465184,-12.943674,-38.465499,BRIDGE
-12.943731,-38.470426,-12.944780,-38.470239,BRIDGE
-12.943617,-38.421884,-12.943058,-38.421450,BRIDGE
-12.943314,-38.420670,-12.944130,-38.419488,TUNNEL
-12.942816,-38.421014,-12.941808,-38.421978,TUNNEL
-12.942774,-38.418754,-12.942763,-38.420124,BRIDGE
-12.942749,-38.420914,-12.941875,-38.421609,TUNNEL
-12.942145,-38.422057,-12.942994,-38.421271,TUNNEL
-12.941960,-38.422153,-12.942922,-38.421157,TUNNEL
-12.941875,-38.421609,-12.941754,-38.421866,TUNNEL
-12.941368,-38.470802,-12.941095,-38.470896,BRIDGE
-12.941325,-38.470758,-12.941086,-38.470866,BRIDGE
-12.941147,-38.471037,-12.941422,-38.470928,BRIDGE
-12.939724,-38.365095,-12.939816,-38.365034,BRIDGE
-12.939233,-38.415917,-12.940136,-38.415707,BRIDGE
-12.938432,-38.394038,-12.938569,-38.394181,BRIDGE
-12.938387,-38.380763,-12.938474,-38.380585,BRIDGE
-12.938252,-39.402480,-12.938151,-39.402483,BRIDGE
-12.938008,-38.368090,-12.937924,-38.367907,BRIDGE
-12.937758,-38.382321,-12.937820,-38.382046,BRIDGE
-12.937396,-38.398811,-12.936382,-38.398945,BRIDGE
-12.937311,-38.385632,-12.936927,-38.385491,BRIDGE
-12.937077,-38.397450,-12.936707,-38.396661,BRIDGE
-12.936978,-38.363284,-12.937046,-38.363198,BRIDGE
-12.936911,-38.494123,-12.939253,-38.492229,BRIDGE
-12.936911,-38.385567,-12.937284,-38.385710,BRIDGE
-12.936376,-38.492210,-12.936378,-38.492035,BRIDGE
-12.936259,-41.064926,-12.936337,-41.065451,BRIDGE
-12.935903,-38.491702,-12.935749,-38.491779,BRIDGE
-12.935465,-38.362248,-12.935419,-38.362321,BRIDGE
-12.934818,-38.361907,-12.934863,-38.361841,BRIDGE
-12.934366,-39.493161,-12.934261,-39.493186,BRIDGE
-12.934255,-39.253102,-12.934322,-39.253084,BRIDGE
-12.934218,-38.371706,-12.934113,-38.371669,BRIDGE
-12.933958,-38.370049,-12.934069,-38.370080,BRIDGE
-12.933480,-39.899420,-12.933428,-39.899686,BRIDGE
-12.933063,-38.391712,-12.932434,-38.390948,BRIDGE
-12.930137,-38.358812,-12.929992,-38.359083,BRIDGE
-12.929951,-38.470615,-12.930128,-38.470584,BRIDGE
-12.929822,-38.323530,-12.929724,-38.323641,BRIDGE
-12.929658,-38.470601,-12.929445,-38.469815,BRIDGE
-12.928621,-40.859605,-12.928576,-40.859631,BRIDGE
-12.928612,-38.471377,-12.928571,-38.471353,BRIDGE
-12.928402,-38.471753,-12.928377,-38.471751,BRIDGE
-12.928381,-38.471558,-12.928381,-38.471489,BRIDGE
-12.927581,-38.446006,-12.927554,-38.445760,TUNNEL
-12.926798,-38.492278,-12.926879,-38.492210,BRIDGE
-12.926631,-38.467295,-12.927732,-38.467290,TUNNEL
-12.926504,-38.381856,-12.925282,-38.382261,BRIDGE
-12.926084,-38.380314,-12.926037,-38.380058,BRIDGE
-12.925935,-38.380383,-12.925882,-38.380116,BRIDGE
-12.925592,-38.468589,-12.925600,-38.468035,BRIDGE
-12.925439,-38.468028,-12.925442,-38.468588,BRIDGE
-12.925405,-38.383579,-12.925836,-38.383882,BRIDGE
-12.925338,-38.382500,-12.926543,-38.382089,BRIDGE
-12.925203,-38.380569,-12.925258,-38.380841,BRIDGE
-12.925083,-38.358327,-12.925263,-38.358409,BRIDGE
-12.925053,-38.380654,-12.925114,-38.380982,BRIDGE
-12.923907,-38.489737,-12.924223,-38.489931,TUNNEL
-12.923676,-38.468906,-12.923050,-38.470115,TUNNEL
-12.923473,-38.483192,-12.923148,-38.482551,BRIDGE
-12.923163,-38.470178,-12.923793,-38.468963,TUNNEL
-12.923138,-38.360229,-12.922816,-38.360195,BRIDGE
-12.923120,-38.357675,-12.923157,-38.357621,BRIDGE
-12.923025,-38.482513,-12.923339,-38.483140,BRIDGE
-12.922885,-38.470480,-12.922543,-38.471143,BRIDGE
-12.922854,-38.460850,-12.922394,-38.460064,BRIDGE
-12.922802,-38.360260,-12.923139,-38.360295,BRIDGE
-12.922666,-38.471187,-12.923005,-38.470523,BRIDGE
-12.922282,-38.460201,-12.922772,-38.460930,BRIDGE
-12.922078,-38.473709,-12.922158,-38.473334,BRIDGE
-12.921918,-38.473036,-12.921796,-38.473715,BRIDGE
-12.921753,-38.349927,-12.921174,-38.348946,BRIDGE
-12.921582,-38.466792,-12.921273,-38.467369,BRIDGE
-12.921210,-38.353673,-12.920640,-38.353408,BRIDGE
-12.921174,-38.348946,-12.920989,-38.348080,BRIDGE
-12.921076,-38.476401,-12.919539,-38.479524,TUNNEL
-12.920989,-38.348080,-12.920332,-38.348652,BRIDGE
-12.920785,-38.389026,-12.920529,-38.389122,BRIDGE
-12.920599,-38.353500,-12.921172,-38.353759,BRIDGE
-12.920563,-38.349471,-12.920840,-38.350081,BRIDGE
-12.920503,-38.315339,-12.920682,-38.315339,BRIDGE
-12.920454,-38.349103,-12.920563,-38.349471,BRIDGE
-12.920332,-38.348652,-12.920454,-38.349103,BRIDGE
-12.920206,-38.354564,-12.920025,-38.354857,TUNNEL
-12.919658,-38.479583,-12.921197,-38.476467,TUNNEL
-12.918997,-38.480387,-12.919417,-38.480113,BRIDGE
-12.917836,-39.496853,-12.917807,-39.496713,BRIDGE
-12.917232,-38.475096,-12.917168,-38.475052,BRIDGE
-12.916742,-38.429859,-12.916450,-38.430425,BRIDGE
-12.915119,-38.335829,-12.914948,-38.335475,BRIDGE
-12.915080,-38.461752,-12.915354,-38.460983,BRIDGE
-12.914948,-38.335475,-12.913519,-38.334929,BRIDGE
-12.914359,-38.352045,-12.914268,-38.352197,TUNNEL
-12.914340,-38.477105,-12.914198,-38.477034,BRIDGE
-12.913519,-38.334929,-12.912760,-38.335034,BRIDGE
-12.912274,-38.308892,-12.912214,-38.308950,BRIDGE
-12.912230,-38.456766,-12.912345,-38.456725,BRIDGE
-12.912000,-41.232717,-12.911907,-41.232782,BRIDGE
-12.911468,-38.308379,-12.911535,-38.308312,BRIDGE
-12.911003,-38.464804,-12.911055,-38.464846,BRIDGE
-12.910525,-38.349212,-12.909598,-38.348888,BRIDGE
-12.910431,-38.468184,-12.910387,-38.468259,BRIDGE
-12.910215,-38.471352,-12.910293,-38.471414,BRIDGE
-12.909694,-38.347271,-12.909121,-38.347205,BRIDGE
-12.909306,-38.347474,-12.910069,-38.347558,BRIDGE
-12.909026,-39.476927,-12.908953,-39.477051,BRIDGE
-12.908837,-38.306217,-12.908965,-38.306106,BRIDGE
-12.908222,-38.349390,-12.908775,-38.349737,BRIDGE
-12.908086,-38.424462,-12.907926,-38.424586,BRIDGE
-12.907485,-38.456859,-12.907220,-38.457389,BRIDGE
-12.907187,-38.350978,-12.908130,-38.350542,BRIDGE
-12.907182,-38.457458,-12.907058,-38.457672,BRIDGE
-12.906744,-38.341647,-12.906605,-38.341566,BRIDGE
-12.905993,-38.303118,-12.905880,-38.303243,BRIDGE
-12.905952,-38.303303,-12.906061,-38.303183,BRIDGE
-12.905395,-38.362473,-12.905288,-38.362444,BRIDGE
-12.905283,-38.356274,-12.905129,-38.356314,BRIDGE
-12.905223,-38.343524,-12.904955,-38.343294,BRIDGE
-12.904817,-38.355220,-12.904711,-38.355403,BRIDGE
-12.904780,-38.355472,-12.904894,-38.355276,BRIDGE
-12.904680,-38.343926,-12.904882,-38.344126,BRIDGE
-12.904627,-38.344284,-12.904830,-38.344441,BRIDGE
-12.904606,-38.470357,-12.904619,-38.470298,BRIDGE
-12.904554,-38.355259,-12.904652,-38.355076,BRIDGE
-12.904530,-38.343021,-12.904106,-38.342790,BRIDGE
-12.904526,-41.975369,-12.904548,-41.975260,BRIDGE
-12.904295,-38.340324,-12.904040,-38.340046,BRIDGE
-12.904255,-38.366116,-12.904124,-38.366091,BRIDGE
-12.903993,-38.337494,-12.904302,-38.337029,BRIDGE
-12.903529,-38.332343,-12.903304,-38.331962,BRIDGE
-12.903393,-38.300516,-12.903290,-38.300643,BRIDGE
-12.902855,-38.472989,-12.902767,-38.472957,BRIDGE
-12.902847,-38.476670,-12.902520,-38.476583,BRIDGE
-12.902568,-38.349346,-12.902791,-38.349312,BRIDGE
-12.902496,-38.476672,-12.902816,-38.476765,BRIDGE
-12.902109,-38.349658,-12.902079,-38.349763,BRIDGE
-12.901994,-38.355653,-12.902123,-38.355682,BRIDGE
-12.900811,-38.472665,-12.900629,-38.472741,BRIDGE
-12.900614,-38.446948,-12.900544,-38.446891,BRIDGE
-12.899857,-39.172418,-12.899683,-39.172351,BRIDGE
-12.899160,-41.780086,-12.898974,-41.780381,BRIDGE
-12.899001,-38.297685,-12.899113,-38.297552,BRIDGE
-12.898530,-38.442033,-12.898465,-38.441780,BRIDGE
-12.898487,-38.327946,-12.898312,-38.328157,BRIDGE
-12.898384,-38.442375,-12.897307,-38.441747,BRIDGE
-12.898330,-38.328299,-12.898120,-38.328043,BRIDGE
-12.898172,-42.587251,-12.898083,-42.587317,BRIDGE
-12.898088,-38.429546,-12.898022,-38.429494,BRIDGE
-12.897960,-38.442338,-12.898219,-38.442560,BRIDGE
-12.897538,-38.410846,-12.897441,-38.411899,BRIDGE
-12.897013,-38.426528,-12.896983,-38.426591,BRIDGE
-12.896797,-38.446694,-12.895620,-38.445452,BRIDGE
-12.896755,-38.426426,-12.896740,-38.426509,BRIDGE
-12.895973,-41.315821,-12.895930,-41.316085,BRIDGE
-12.895295,-38.447359,-12.895220,-38.447462,BRIDGE
-12.895290,-38.447527,-12.895346,-38.447408,BRIDGE
-12.895224,-38.447326,-12.895436,-38.447530,TUNNEL
-12.893639,-41.968404,-12.893639,-41.968350,BRIDGE
-12.893282,-45.421680,-12.893408,-45.421600,BRIDGE
-12.892385,-38.357448,-12.892306,-38.357378,BRIDGE
-12.892290,-38.324589,-12.892485,-38.324488,BRIDGE
-12.891815,-38.339372,-12.891859,-38.339329,BRIDGE
-12.891748,-38.342645,-12.891749,-38.342711,BRIDGE
-12.890674,-38.322630,-12.890648,-38.322254,BRIDGE
-12.890188,-38.444020,-12.890051,-38.443855,BRIDGE
-12.890186,-38.443896,-12.889715,-38.444164,TUNNEL
-12.890077,-38.444083,-12.889940,-38.443916,BRIDGE
-12.889830,-38.443966,-12.889974,-38.444138,BRIDGE
-12.889710,-38.444029,-12.889845,-38.444198,BRIDGE
-12.889451,-43.456609,-12.889552,-43.456620,BRIDGE
-12.887207,-38.320241,-12.886847,-38.319851,BRIDGE
-12.886927,-39.509091,-12.886927,-39.509260,BRIDGE
-12.886657,-38.319890,-12.887053,-38.320339,BRIDGE
-12.884843,-42.490049,-12.885470,-42.490429,BRIDGE
-12.883190,-42.495442,-12.882952,-42.494975,BRIDGE
-12.882957,-38.358520,-12.883008,-38.358611,BRIDGE
-12.881918,-38.474034,-12.881969,-38.473936,BRIDGE
-12.881109,-38.360263,-12.881035,-38.360178,BRIDGE
-12.880508,-38.472583,-12.880482,-38.472614,BRIDGE
-12.880228,-38.430720,-12.880225,-38.430315,BRIDGE
-12.880128,-38.319261,-12.879881,-38.319626,BRIDGE
-12.880110,-38.282505,-12.880198,-38.282415,BRIDGE
-12.880081,-38.430258,-12.879978,-38.430576,BRIDGE
-12.874211,-38.429027,-12.874481,-38.428565,BRIDGE
-12.873299,-38.364414,-12.873056,-38.363640,BRIDGE
-12.873040,-38.290010,-12.873076,-38.289751,BRIDGE
-12.872888,-38.363645,-12.873122,-38.364403,BRIDGE
-12.872691,-38.273252,-12.872448,-38.273265,BRIDGE
-12.872459,-41.506235,-12.872398,-41.506293,BRIDGE
-12.872145,-38.270167,-12.872358,-38.270056,BRIDGE
-12.870012,-38.359790,-12.869934,-38.359095,BRIDGE
-12.866761,-38.429540,-12.866737,-38.429457,BRIDGE
-12.865802,-38.465930,-12.865757,-38.465876,BRIDGE
-12.865784,-39.856081,-12.865661,-39.856250,BRIDGE
-12.865613,-38.274090,-12.865718,-38.274139,BRIDGE
-12.863801,-39.215658,-12.864042,-39.216040,BRIDGE
-12.863495,-38.840225,-12.859713,-38.842964,BRIDGE
-12.862380,-38.290639,-12.862046,-38.289930,BRIDGE
-12.862117,-39.513509,-12.862026,-39.513649,BRIDGE
-12.862046,-38.469690,-12.862127,-38.469733,BRIDGE
-12.862032,-38.290135,-12.862271,-38.290677,BRIDGE
-12.862001,-38.473710,-12.861877,-38.473688,BRIDGE
-12.861829,-38.470404,-12.861799,-38.470493,BRIDGE
-12.861825,-39.862919,-12.861777,-39.862940,BRIDGE
-12.861741,-38.475075,-12.861681,-38.474995,BRIDGE
-12.861423,-38.452565,-12.861275,-38.452624,BRIDGE
-12.861320,-38.452800,-12.861503,-38.452733,BRIDGE
-12.861139,-38.476724,-12.861235,-38.476757,BRIDGE
-12.861134,-39.855521,-12.861003,-39.855419,BRIDGE
-12.860965,-39.855474,-12.861098,-39.855572,BRIDGE
-12.860853,-38.353569,-12.860198,-38.353297,BRIDGE
-12.860816,-39.070269,-12.860742,-39.070160,BRIDGE
-12.860359,-38.478223,-12.860158,-38.478132,BRIDGE
-12.860303,-38.478069,-12.860399,-38.478124,BRIDGE
-12.860254,-39.119338,-12.860178,-39.119432,BRIDGE
-12.860162,-38.478358,-12.860294,-38.478431,BRIDGE
-12.860128,-38.478224,-12.860341,-38.478321,BRIDGE
-12.856246,-42.036396,-12.856511,-42.036474,BRIDGE
-12.855416,-38.284982,-12.854611,-38.284249,TUNNEL
-12.854842,-41.311738,-12.854883,-41.312331,BRIDGE
-12.854136,-41.310104,-12.854472,-41.310723,BRIDGE
-12.853680,-42.782048,-12.853731,-42.782142,BRIDGE
-12.853485,-42.004229,-12.853439,-42.004477,BRIDGE
-12.852245,-38.345061,-12.852320,-38.344181,BRIDGE
-12.851067,-38.296448,-12.851196,-38.296069,BRIDGE
-12.851036,-38.296036,-12.850913,-38.296401,BRIDGE
-12.849955,-44.902574,-12.850122,-44.902698,TUNNEL
-12.849846,-42.173309,-12.849999,-42.173196,BRIDGE
-12.849490,-38.474464,-12.849467,-38.474509,BRIDGE
-12.848771,-39.846302,-12.848713,-39.846259,BRIDGE
-12.848193,-39.517005,-12.848253,-39.517121,BRIDGE
-12.848093,-38.319387,-12.847979,-38.318886,BRIDGE
-12.848044,-38.936040,-12.847972,-38.936110,BRIDGE
-12.847829,-38.318932,-12.847945,-38.319424,BRIDGE
-12.846907,-38.314184,-12.846721,-38.313383,BRIDGE
-12.846640,-39.517772,-12.846560,-39.517646,BRIDGE
-12.846548,-38.313331,-12.846734,-38.314143,BRIDGE
-12.843823,-39.205067,-12.844072,-39.205289,BRIDGE
-12.843431,-41.114383,-12.843304,-41.114057,BRIDGE
-12.843304,-41.114057,-12.843173,-41.113729,BRIDGE
-12.840982,-41.322046,-12.840130,-41.322007,BRIDGE
-12.840919,-38.458000,-12.840725,-38.457743,BRIDGE
-12.840544,-38.363177,-12.840161,-38.362786,BRIDGE
-12.840094,-38.362847,-12.840474,-38.363245,BRIDGE
-12.838410,-39.114944,-12.838461,-39.114828,BRIDGE
-12.838195,-38.413968,-12.838015,-38.414483,BRIDGE
-12.837946,-38.414685,-12.837852,-38.414953,BRIDGE
-12.835331,-39.115054,-12.835256,-39.114949,BRIDGE
-12.835309,-39.112614,-12.835370,-39.112552,BRIDGE
-12.834473,-38.265175,-12.834579,-38.265149,BRIDGE
-12.833856,-38.263794,-12.833772,-38.263873,BRIDGE
-12.832794,-38.262116,-12.832783,-38.262168,BRIDGE
-12.832045,-38.269917,-12.832025,-38.269808,BRIDGE
-12.831616,-41.325559,-12.831519,-41.325562,BRIDGE
-12.831178,-38.464303,-12.830982,-38.464610,BRIDGE
-12.830306,-38.461914,-12.830452,-38.461846,BRIDGE
-12.828847,-38.255679,-12.828937,-38.255604,BRIDGE
-12.828146,-39.541078,-12.827977,-39.541119,BRIDGE
-12.827277,-41.517688,-12.827220,-41.517760,BRIDGE
-12.825871,-41.717593,-12.825820,-41.717530,BRIDGE
-12.825175,-40.039818,-12.825180,-40.039916,BRIDGE
-12.824840,-38.251242,-12.824957,-38.251196,BRIDGE
-12.823927,-38.392784,-12.823597,-38.392682,BRIDGE
-12.823554,-38.392798,-12.823896,-38.392908,BRIDGE
-12.823293,-38.250377,-12.823364,-38.250319,BRIDGE
-12.823189,-39.532855,-12.823378,-39.532760,BRIDGE
-12.822755,-39.095034,-12.822625,-39.095102,BRIDGE
-12.822425,-39.095042,-12.822354,-39.094921,BRIDGE
-12.822021,-38.249372,-12.822126,-38.249234,BRIDGE
-12.821884,-38.249172,-12.821987,-38.249113,BRIDGE
-12.820667,-38.408162,-12.820756,-38.407699,BRIDGE
-12.820590,-38.246419,-12.820631,-38.246330,BRIDGE
-12.820286,-41.331097,-12.820219,-41.331124,BRIDGE
-12.819768,-41.321479,-12.819115,-41.321588,BRIDGE
-12.819297,-38.248371,-12.819638,-38.248315,TUNNEL
-12.817995,-40.076410,-12.817972,-40.076520,BRIDGE
-12.817694,-40.077794,-12.817669,-40.077913,BRIDGE
-12.817270,-39.889944,-12.817210,-39.890091,BRIDGE
-12.816711,-39.119099,-12.816667,-39.118932,BRIDGE
-12.815272,-42.059541,-12.815165,-42.059558,BRIDGE
-12.813038,-42.169093,-12.812937,-42.169136,BRIDGE
-12.812375,-42.164572,-12.812152,-42.164755,BRIDGE
-12.811256,-38.779299,-12.811313,-38.779308,BRIDGE
-12.811249,-40.107719,-12.811215,-40.107885,BRIDGE
-12.811036,-38.240237,-12.810946,-38.240306,BRIDGE
-12.811011,-38.777492,-12.811136,-38.777365,BRIDGE
-12.810262,-38.346285,-12.810041,-38.346254,BRIDGE
-12.810030,-38.346354,-12.810247,-38.346384,BRIDGE
-12.810025,-38.346409,-12.810243,-38.346443,BRIDGE
-12.809338,-38.211894,-12.809493,-38.211867,BRIDGE
-12.807311,-41.331359,-12.807107,-41.330868,BRIDGE
-12.806963,-38.209315,-12.806846,-38.209617,BRIDGE
-12.806023,-41.333535,-12.806393,-41.333280,BRIDGE
-12.805867,-38.210666,-12.805702,-38.210817,BRIDGE
-12.805008,-39.119742,-12.804896,-39.119630,BRIDGE
-12.804583,-42.174521,-12.804494,-42.174695,BRIDGE
-12.804530,-41.330970,-12.803720,-41.331427,BRIDGE
-12.803750,-38.207484,-12.803828,-38.207138,BRIDGE
-12.802551,-38.775313,-12.802800,-38.775333,BRIDGE
-12.802516,-38.208035,-12.802724,-38.208016,BRIDGE
-12.801590,-38.209430,-12.801776,-38.209317,BRIDGE
-12.800722,-44.109619,-12.800542,-44.109720,BRIDGE
-12.799745,-45.252060,-12.799934,-45.252144,BRIDGE
-12.798171,-40.366802,-12.796812,-40.367888,BRIDGE
-12.797824,-45.563284,-12.797667,-45.563294,BRIDGE
-12.796247,-38.404993,-12.796809,-38.404225,BRIDGE
-12.795972,-38.484766,-12.795776,-38.484528,BRIDGE
-12.791944,-38.332097,-12.791415,-38.330945,BRIDGE
-12.791324,-38.330987,-12.791849,-38.332140,BRIDGE
-12.790422,-39.127838,-12.790132,-39.127486,BRIDGE
-12.790264,-38.423096,-12.790319,-38.423015,BRIDGE
-12.788272,-38.406739,-12.787645,-38.407302,BRIDGE
-12.788229,-38.407605,-12.788642,-38.407092,BRIDGE
-12.787698,-38.407397,-12.788361,-38.406799,BRIDGE
-12.786017,-38.388009,-12.786008,-38.387902,BRIDGE
-12.784673,-38.395277,-12.784632,-38.395049,BRIDGE
-12.784528,-38.394740,-12.784460,-38.394743,BRIDGE
-12.783457,-38.413081,-12.783239,-38.413297,BRIDGE
-12.783320,-38.413395,-12.783546,-38.413170,BRIDGE
-12.782841,-38.400795,-12.782892,-38.400833,BRIDGE
-12.782778,-38.405575,-12.782730,-38.405523,BRIDGE
-12.782709,-38.387757,-12.782703,-38.387628,BRIDGE
-12.782224,-38.406223,-12.782186,-38.406188,BRIDGE
-12.781946,-38.386574,-12.781866,-38.386606,BRIDGE
-12.781895,-38.406597,-12.781859,-38.406573,BRIDGE
-12.781528,-38.406977,-12.781553,-38.406999,BRIDGE
-12.781444,-38.402311,-12.781429,-38.402226,BRIDGE
-12.780940,-38.407729,-12.780908,-38.407702,BRIDGE
-12.779032,-38.924084,-12.779028,-38.923991,BRIDGE
-12.778963,-38.926041,-12.778980,-38.925965,BRIDGE
-12.778810,-38.355482,-12.778915,-38.355537,BRIDGE
-12.778325,-39.137904,-12.778403,-39.138134,BRIDGE
-12.778319,-38.773005,-12.778365,-38.772968,BRIDGE
-12.778301,-38.771208,-12.778337,-38.771118,BRIDGE
-12.777955,-38.772022,-12.778073,-38.772015,BRIDGE
-12.777856,-38.351435,-12.777721,-38.351447,BRIDGE
-12.777844,-38.923132,-12.777957,-38.923077,BRIDGE
-12.777596,-38.251340,-12.777662,-38.251459,BRIDGE
-12.777441,-38.921132,-12.777655,-38.921115,BRIDGE
-12.775808,-43.840498,-12.775865,-43.840596,BRIDGE
-12.775587,-38.916276,-12.775296,-38.915948,BRIDGE
-12.775184,-38.316946,-12.774955,-38.316344,TUNNEL
-12.774476,-40.203011,-12.774561,-40.203118,BRIDGE
-12.773698,-38.180472,-12.773229,-38.179736,BRIDGE
-12.773263,-38.203859,-12.773265,-38.204330,BRIDGE
-12.771568,-39.522447,-12.771520,-39.522362,BRIDGE
-12.769370,-41.160107,-12.769784,-41.160718,BRIDGE
-12.768871,-43.955544,-12.768788,-43.955501,BRIDGE
-12.767634,-38.762565,-12.767913,-38.762749,BRIDGE
-12.765800,-38.330112,-12.765934,-38.330042,BRIDGE
-12.764741,-40.822791,-12.764586,-40.822803,BRIDGE
-12.764635,-39.537581,-12.764593,-39.537655,BRIDGE
-12.763915,-42.130881,-12.763656,-42.130817,BRIDGE
-12.762161,-43.947608,-12.762021,-43.947743,BRIDGE
-12.761482,-40.214541,-12.763167,-40.213031,BRIDGE
-12.761196,-43.925665,-12.761301,-43.925614,BRIDGE
-12.760959,-40.277314,-12.760942,-40.277425,BRIDGE
-12.760014,-45.148902,-12.760353,-45.148845,BRIDGE
-12.759725,-40.279797,-12.759479,-40.280012,BRIDGE
-12.757324,-41.328918,-12.754817,-41.328809,BRIDGE
-12.756602,-38.428106,-12.756246,-38.427526,BRIDGE
-12.751971,-38.924271,-12.752098,-38.924240,BRIDGE
-12.751753,-41.760523,-12.751782,-41.760590,BRIDGE
-12.750680,-38.919277,-12.750598,-38.919251,BRIDGE
-12.750178,-38.168388,-12.749727,-38.168002,BRIDGE
-12.749690,-41.547129,-12.749920,-41.546824,BRIDGE
-12.749608,-38.168083,-12.750103,-38.168489,BRIDGE
-12.748125,-39.850568,-12.748160,-39.850503,BRIDGE
-12.743078,-38.769864,-12.743276,-38.770215,BRIDGE
-12.740330,-38.151450,-12.740603,-38.151120,BRIDGE
-12.737695,-38.604595,-12.737987,-38.604539,BRIDGE
-12.736909,-38.599613,-12.735968,-38.599438,BRIDGE
-12.736011,-38.439970,-12.736304,-38.440425,BRIDGE
-12.735897,-40.125993,-12.736103,-40.125946,TUNNEL
-12.731641,-44.696291,-12.731160,-44.696723,BRIDGE
-12.731073,-38.394756,-12.730970,-38.394643,BRIDGE
-12.730904,-38.394720,-12.731008,-38.394829,BRIDGE
-12.729327,-38.284378,-12.729410,-38.284357,BRIDGE
-12.728110,-39.934075,-12.728260,-39.934118,BRIDGE
-12.727110,-40.621357,-12.727372,-40.621355,BRIDGE
-12.725525,-38.336542,-12.725694,-38.336579,BRIDGE
-12.725404,-38.333251,-12.725313,-38.333202,BRIDGE
-12.724604,-38.940944,-12.724656,-38.940886,BRIDGE
-12.723066,-38.335747,-12.723068,-38.335649,BRIDGE
-12.723027,-38.939290,-12.723253,-38.939341,BRIDGE
-12.722910,-38.308113,-12.722605,-38.308023,BRIDGE
-12.722542,-38.308148,-12.722858,-38.308240,BRIDGE
-12.722462,-39.200335,-12.722904,-39.200414,BRIDGE
-12.722249,-39.182431,-12.722565,-39.182574,BRIDGE
-12.721846,-40.001911,-12.721846,-40.001815,BRIDGE
-12.721691,-38.333106,-12.721527,-38.333095,BRIDGE
-12.720563,-38.332129,-12.720442,-38.332173,BRIDGE
-12.719860,-38.472897,-12.719526,-38.472899,BRIDGE
-12.719544,-38.340911,-12.719754,-38.340772,BRIDGE
-12.718963,-38.486670,-12.718572,-38.486332,BRIDGE
-12.718879,-38.354122,-12.718737,-38.354708,BRIDGE
-12.718482,-38.296352,-12.718421,-38.296419,BRIDGE
-12.718446,-38.339568,-12.718643,-38.339424,BRIDGE
-12.718182,-38.319828,-12.718195,-38.320052,BRIDGE
-12.718124,-41.819966,-12.717874,-41.819508,BRIDGE
-12.717954,-38.329197,-12.718087,-38.328812,BRIDGE
-12.716522,-38.326801,-12.716355,-38.326791,BRIDGE
-12.715959,-38.321538,-12.716034,-38.321533,BRIDGE
-12.715781,-42.320266,-12.715877,-42.320327,BRIDGE
-12.713820,-38.589495,-12.713387,-38.589202,BRIDGE
-12.713776,-42.980360,-12.713719,-42.980032,BRIDGE
-12.713076,-41.572914,-12.712999,-41.572923,BRIDGE
-12.712666,-38.337981,-12.712555,-38.338237,BRIDGE
-12.710682,-39.226977,-12.710654,-39.226890,BRIDGE
-12.710476,-38.143060,-12.709520,-38.141746,BRIDGE
-12.710474,-38.457921,-12.710366,-38.458119,BRIDGE
-12.710139,-38.482357,-12.710497,-38.482472,BRIDGE
-12.709690,-38.339499,-12.709867,-38.339545,BRIDGE
-12.709598,-41.824070,-12.709606,-41.823759,BRIDGE
-12.709416,-38.141844,-12.710370,-38.143144,BRIDGE
-12.708851,-38.461515,-12.708893,-38.460766,BRIDGE
-12.708430,-38.582510,-12.708433,-38.582704,BRIDGE
-12.708104,-38.582476,-12.708355,-38.582468,BRIDGE
-12.707926,-38.570161,-12.708162,-38.570163,BRIDGE
-12.707777,-41.568328,-12.707724,-41.568370,BRIDGE
-12.707743,-45.846050,-12.707707,-45.845866,BRIDGE
-12.707356,-38.573981,-12.707356,-38.573724,BRIDGE
-12.706904,-38.574002,-12.706902,-38.573730,BRIDGE
-12.706669,-38.582866,-12.706390,-38.582870,BRIDGE
-12.706411,-38.573995,-12.706414,-38.573723,BRIDGE
-12.706320,-38.576237,-12.706323,-38.575248,BRIDGE
-12.706307,-38.579216,-12.706530,-38.579212,BRIDGE
-12.705702,-38.335750,-12.705848,-38.335760,BRIDGE
-12.705569,-38.330225,-12.705656,-38.329850,BRIDGE
-12.704057,-39.798046,-12.704036,-39.797762,BRIDGE
-12.703512,-38.327533,-12.703537,-38.327402,BRIDGE
-12.703125,-38.304990,-12.702861,-38.304002,BRIDGE
-12.702857,-38.463712,-12.702539,-38.464233,BRIDGE
-12.702785,-38.569381,-12.702814,-38.569287,BRIDGE
-12.702746,-38.304028,-12.703001,-38.305019,BRIDGE
-12.702575,-38.477948,-12.702869,-38.477590,BRIDGE
-12.702332,-41.619285,-12.702284,-41.619293,BRIDGE
-12.701232,-39.651875,-12.701299,-39.651992,BRIDGE
-12.701012,-38.951979,-12.701296,-38.951880,BRIDGE
-12.700981,-38.474494,-12.701566,-38.474146,BRIDGE
-12.700981,-38.318278,-12.700958,-38.318153,BRIDGE
-12.700886,-38.318161,-12.700901,-38.318292,BRIDGE
-12.700810,-38.327919,-12.700890,-38.328128,BRIDGE
-12.700467,-38.311454,-12.700609,-38.311419,BRIDGE
-12.699813,-38.312655,-12.699737,-38.312494,BRIDGE
-12.698958,-38.314968,-12.698819,-38.314912,BRIDGE
-12.698481,-38.328983,-12.698551,-38.328778,BRIDGE
-12.698407,-38.318984,-12.698581,-38.319131,BRIDGE
-12.698256,-38.323049,-12.698110,-38.322899,BRIDGE
-12.697847,-38.317281,-12.697778,-38.317474,BRIDGE
-12.697515,-38.327875,-12.697321,-38.328073,BRIDGE
-12.696812,-41.788258,-12.696673,-41.788363,BRIDGE
-12.696113,-38.326588,-12.696343,-38.326535,BRIDGE
-12.696011,-39.462383,-12.695806,-39.462514,BRIDGE
-12.695574,-38.961012,-12.695946,-38.961118,BRIDGE
-12.694505,-44.018535,-12.694697,-44.018555,BRIDGE
-12.694197,-38.317904,-12.694135,-38.317609,BRIDGE
-12.690675,-38.331442,-12.690701,-38.331307,BRIDGE
-12.690550,-38.320894,-12.690270,-38.320838,BRIDGE
-12.690065,-45.851143,-12.689927,-45.851234,BRIDGE
-12.686912,-38.382900,-12.686721,-38.382761,BRIDGE
-12.686674,-38.382856,-12.686850,-38.382982,BRIDGE
-12.686666,-38.330764,-12.686658,-38.330707,BRIDGE
-12.685741,-40.558796,-12.685744,-40.558680,BRIDGE
-12.684331,-40.508735,-12.684485,-40.508768,BRIDGE
-12.682954,-38.314629,-12.683096,-38.314157,BRIDGE
-12.682262,-38.313755,-12.682164,-38.314279,BRIDGE
-12.681530,-38.379300,-12.681579,-38.378827,BRIDGE
-12.681079,-40.432513,-12.680993,-40.432464,BRIDGE
-12.680804,-38.234214,-12.680492,-38.234406,BRIDGE
-12.679403,-41.647931,-12.679223,-41.647905,BRIDGE
-12.678561,-40.138378,-12.678479,-40.138409,BRIDGE
-12.678446,-38.511335,-12.678405,-38.511135,BRIDGE
-12.678042,-38.374034,-12.677591,-38.373739,BRIDGE
-12.677309,-38.375767,-12.676980,-38.375526,BRIDGE
-12.676916,-38.375607,-12.677248,-38.375854,BRIDGE
-12.676664,-39.062956,-12.676730,-39.063034,BRIDGE
-12.675383,-39.082965,-12.675161,-39.082923,BRIDGE
-12.675098,-38.557577,-12.675045,-38.557681,BRIDGE
-12.674249,-38.558142,-12.674089,-38.558093,BRIDGE
-12.673142,-38.370871,-12.672797,-38.370651,BRIDGE
-12.672046,-39.606553,-12.671859,-39.606386,BRIDGE
-12.671722,-38.287197,-12.671583,-38.286952,BRIDGE
-12.671399,-39.651886,-12.671434,-39.651961,BRIDGE
-12.670900,-42.764419,-12.671038,-42.764386,BRIDGE
-12.668022,-38.263455,-12.668088,-38.263554,BRIDGE
-12.667900,-38.322051,-12.667738,-38.322072,BRIDGE
-12.666115,-41.572203,-12.665976,-41.572369,BRIDGE
-12.664417,-38.544839,-12.664501,-38.544662,BRIDGE
-12.662080,-39.598901,-12.661923,-39.598932,BRIDGE
-12.660613,-40.252455,-12.660581,-40.252127,BRIDGE
-12.660504,-38.311472,-12.660431,-38.311008,BRIDGE
-12.658600,-40.244381,-12.658863,-40.244261,BRIDGE
-12.658141,-38.471774,-12.657911,-38.471837,BRIDGE
-12.657948,-38.472083,-12.658155,-38.472032,BRIDGE
-12.657899,-45.068329,-12.657831,-45.068304,BRIDGE
-12.656609,-39.954153,-12.656524,-39.954278,BRIDGE
-12.656382,-38.474300,-12.656310,-38.474284,BRIDGE
-12.655997,-38.330351,-12.655796,-38.330374,BRIDGE
-12.655519,-38.327414,-12.655350,-38.327438,BRIDGE
-12.655227,-38.326521,-12.655410,-38.326492,BRIDGE
-12.654682,-38.321735,-12.654521,-38.321760,BRIDGE
-12.654468,-39.600102,-12.654336,-39.600189,BRIDGE
-12.652601,-42.216975,-12.652577,-42.217150,BRIDGE
-12.651230,-38.338824,-12.650690,-38.338866,BRIDGE
-12.650686,-38.338967,-12.651234,-38.338928,BRIDGE
-12.649786,-40.170431,-12.649508,-40.170339,BRIDGE
-12.647816,-40.583383,-12.648067,-40.583501,BRIDGE
-12.647346,-38.543695,-12.647857,-38.543748,BRIDGE
-12.647154,-38.353914,-12.646968,-38.353822,BRIDGE
-12.646932,-38.353904,-12.647128,-38.354001,BRIDGE
-12.645331,-39.121121,-12.645393,-39.121083,BRIDGE
-12.644672,-40.221462,-12.644616,-40.221005,BRIDGE
-12.644489,-39.104183,-12.644559,-39.104370,BRIDGE
-12.644145,-39.103187,-12.644219,-39.103415,BRIDGE
-12.643533,-45.084204,-12.643737,-45.084398,BRIDGE
-12.643162,-40.217588,-12.643006,-40.217557,BRIDGE
-12.642932,-45.083646,-12.642996,-45.083704,BRIDGE
-12.641574,-40.613888,-12.641746,-40.613633,BRIDGE
-12.638870,-38.349749,-12.638618,-38.350072,BRIDGE
-12.638059,-38.992174,-12.637922,-38.992148,BRIDGE
-12.636344,-41.491615,-12.636510,-41.491624,BRIDGE
-12.635926,-38.979968,-12.636126,-38.979946,BRIDGE
-12.632731,-38.961212,-12.633026,-38.961163,BRIDGE
-12.629897,-38.281686,-12.630519,-38.280985,BRIDGE
-12.627318,-38.480007,-12.627474,-38.480627,BRIDGE
-12.625814,-38.048677,-12.625818,-38.048559,BRIDGE
-12.624734,-38.298510,-12.624525,-38.298417,BRIDGE
-12.623801,-41.494197,-12.623867,-41.494158,BRIDGE
-12.623117,-43.008873,-12.623221,-43.008847,BRIDGE
-12.621048,-38.308613,-12.621141,-38.308541,BRIDGE
-12.619313,-38.047631,-12.620055,-38.046821,BRIDGE
-12.618769,-38.308003,-12.618633,-38.307854,BRIDGE
-12.618635,-41.805699,-12.618504,-41.805767,BRIDGE
-12.618489,-43.172913,-12.618200,-43.173114,BRIDGE
-12.617839,-41.495326,-12.618003,-41.495248,BRIDGE
-12.615372,-38.310539,-12.615204,-38.310314,BRIDGE
-12.612611,-40.274626,-12.612658,-40.274587,BRIDGE
-12.610404,-38.051885,-12.610195,-38.051756,BRIDGE
-12.610113,-38.051876,-12.610330,-38.052008,BRIDGE
-12.608814,-41.499286,-12.608878,-41.499408,BRIDGE
-12.608520,-38.573468,-12.608592,-38.573482,BRIDGE
-12.605744,-38.040284,-12.605697,-38.040331,BRIDGE
-12.605711,-38.040342,-12.605762,-38.040312,BRIDGE
-12.605489,-38.969629,-12.602609,-38.967936,BRIDGE
-12.605423,-38.040541,-12.605362,-38.040585,BRIDGE
-12.602520,-38.132542,-12.602503,-38.132003,BRIDGE
-12.601235,-40.244486,-12.601449,-40.244325,BRIDGE
-12.599853,-38.961568,-12.599690,-38.961396,BRIDGE
-12.599087,-38.961645,-12.599102,-38.961570,BRIDGE
-12.593800,-41.574010,-12.593863,-41.574002,BRIDGE
-12.591872,-38.987398,-12.593842,-38.988838,BRIDGE
-12.590217,-38.986093,-12.591872,-38.987398,BRIDGE
-12.588846,-38.996646,-12.586380,-38.995924,BRIDGE
-12.587801,-38.041366,-12.586059,-38.041065,BRIDGE
-12.586515,-42.786142,-12.586623,-42.786113,BRIDGE
-12.586027,-38.041195,-12.587805,-38.041484,BRIDGE
-12.585705,-39.522375,-12.587911,-39.523427,BRIDGE
-12.581264,-38.019391,-12.582067,-38.018783,BRIDGE
-12.579675,-39.261224,-12.579900,-39.261093,BRIDGE
-12.577483,-39.282603,-12.577655,-39.282590,BRIDGE
-12.577468,-45.534315,-12.576792,-45.534498,BRIDGE
-12.576118,-38.539638,-12.577073,-38.540127,BRIDGE
-12.575694,-38.716033,-12.575867,-38.716051,BRIDGE
-12.575397,-38.018567,-12.575397,-38.018239,BRIDGE
-12.572607,-43.202912,-12.572786,-43.202951,BRIDGE
-12.572107,-41.514684,-12.572277,-41.514620,BRIDGE
-12.570386,-38.035717,-12.570132,-38.035872,TUNNEL
-12.567936,-40.139151,-12.567819,-40.139145,BRIDGE
-12.567835,-41.816855,-12.567764,-41.817017,BRIDGE
-12.567559,-41.818980,-12.567637,-41.819127,BRIDGE
-12.567062,-38.039931,-12.567083,-38.039873,BRIDGE
-12.566432,-38.041689,-12.566512,-38.041384,BRIDGE
-12.565360,-38.161373,-12.565294,-38.161163,BRIDGE
-12.563344,-41.386728,-12.563351,-41.386691,BRIDGE
-12.563151,-40.222964,-12.562994,-40.222855,BRIDGE
-12.561221,-41.389582,-12.561417,-41.389642,BRIDGE
-12.561009,-40.065811,-12.560847,-40.065531,BRIDGE
-12.560821,-40.123798,-12.561224,-40.123792,BRIDGE
-12.559209,-38.247789,-12.557915,-38.249654,BRIDGE
-12.556517,-40.126083,-12.556809,-40.125931,BRIDGE
-12.556492,-38.945871,-12.556422,-38.945920,BRIDGE
-12.555722,-41.382167,-12.555544,-41.382408,BRIDGE
-12.555260,-38.651655,-12.555384,-38.652160,BRIDGE
-12.554544,-43.129913,-12.554764,-43.129721,BRIDGE
-12.553831,-40.301031,-12.553920,-40.300990,BRIDGE
-12.553570,-38.652830,-12.553540,-38.652644,BRIDGE
-12.552447,-38.704060,-12.552580,-38.704159,BRIDGE
-12.552069,-38.678742,-12.551640,-38.678793,BRIDGE
-12.551225,-38.705432,-12.551328,-38.705568,BRIDGE
-12.551202,-41.560317,-12.551600,-41.560307,BRIDGE
-12.550617,-38.819741,-12.550549,-38.819786,BRIDGE
-12.546030,-38.708975,-12.546193,-38.709046,BRIDGE
-12.546001,-38.713154,-12.546007,-38.712921,BRIDGE
-12.545650,-45.496747,-12.546378,-45.496541,BRIDGE
-12.545598,-38.711894,-12.545884,-38.711889,BRIDGE
-12.544460,-39.440085,-12.544152,-39.440252,BRIDGE
-12.542229,-38.979937,-12.542519,-38.980045,BRIDGE
-12.540592,-40.299470,-12.540395,-40.299409,BRIDGE
-12.540371,-40.305601,-12.540684,-40.305794,BRIDGE
-12.540079,-40.306831,-12.539955,-40.306805,BRIDGE
-12.538298,-39.622928,-12.538792,-39.622660,BRIDGE
-12.538143,-40.289195,-12.538148,-40.289283,BRIDGE
-12.537805,-38.841232,-12.537658,-38.841191,BRIDGE
-12.537040,-38.829166,-12.536874,-38.829180,BRIDGE
-12.536513,-38.860593,-12.536353,-38.860657,BRIDGE
-12.535536,-38.810097,-12.535367,-38.810099,BRIDGE
-12.532350,-40.345639,-12.532162,-40.345696,BRIDGE
-12.532270,-41.806296,-12.532354,-41.806604,BRIDGE
-12.530605,-38.601417,-12.530985,-38.602005,BRIDGE
-12.529516,-38.733783,-12.529172,-38.733869,BRIDGE
-12.528822,-41.571007,-12.528943,-41.570973,BRIDGE
-12.528076,-41.728632,-12.528096,-41.728453,BRIDGE
-12.526425,-40.296038,-12.526388,-40.295964,BRIDGE
-12.526385,-38.761876,-12.526158,-38.761921,BRIDGE
-12.526322,-40.295992,-12.526359,-40.296066,BRIDGE
-12.525977,-38.291453,-12.525801,-38.291133,BRIDGE
-12.521747,-40.296410,-12.521730,-40.296329,BRIDGE
-12.520918,-40.173409,-12.520915,-40.173128,BRIDGE
-12.520738,-40.127602,-12.520737,-40.127403,BRIDGE
-12.519825,-40.296209,-12.519800,-40.296307,BRIDGE
-12.519246,-38.218038,-12.519385,-38.217906,BRIDGE
-12.518892,-41.577051,-12.519068,-41.577091,BRIDGE
-12.518476,-41.603068,-12.518407,-41.603060,BRIDGE
-12.518311,-40.296062,-12.518325,-40.295983,BRIDGE
-12.516215,-40.379211,-12.516294,-40.379010,BRIDGE
-12.516016,-39.382568,-12.515632,-39.381779,BRIDGE
-12.515551,-39.381872,-12.515933,-39.382616,BRIDGE
-12.514811,-40.297029,-12.514786,-40.296755,BRIDGE
-12.514138,-39.934194,-12.513923,-39.933714,BRIDGE
-12.513322,-38.744248,-12.513186,-38.744460,BRIDGE
-12.512989,-38.601104,-12.513060,-38.601185,BRIDGE
-12.512968,-38.316771,-12.512383,-38.316619,BRIDGE
-12.512926,-38.968199,-12.513412,-38.968399,BRIDGE
-12.512046,-40.296824,-12.512103,-40.296715,BRIDGE
-12.511020,-43.925684,-12.511077,-43.925757,BRIDGE
-12.510678,-38.263495,-12.510435,-38.263560,BRIDGE
-12.509997,-40.307042,-12.509967,-40.306697,BRIDGE
-12.509438,-38.496724,-12.508852,-38.497206,BRIDGE
-12.508801,-38.496305,-12.509610,-38.496320,BRIDGE
-12.508395,-39.915660,-12.508375,-39.915501,BRIDGE
-12.507695,-43.189266,-12.507991,-43.189245,BRIDGE
-12.507126,-39.410802,-12.506746,-39.410699,BRIDGE
-12.504751,-41.207376,-12.504811,-41.207494,BRIDGE
-12.504694,-41.207259,-12.504751,-41.207376,BRIDGE
-12.502686,-38.639877,-12.502899,-38.639581,BRIDGE
-12.502659,-38.639453,-12.502531,-38.639623,BRIDGE
-12.502003,-45.296985,-12.501639,-45.297208,BRIDGE
-12.501814,-41.207464,-12.501911,-41.207172,BRIDGE
-12.501784,-39.354510,-12.502186,-39.354324,BRIDGE
-12.497015,-38.639337,-12.496947,-38.639270,BRIDGE
-12.496776,-38.611731,-12.496684,-38.611297,BRIDGE
-12.496076,-38.648778,-12.496218,-38.648591,BRIDGE
-12.495987,-38.648451,-12.495910,-38.648559,BRIDGE
-12.495505,-42.411789,-12.495593,-42.411742,BRIDGE
-12.495179,-41.718862,-12.495079,-41.718959,BRIDGE
-12.494069,-41.328098,-12.494642,-41.328055,BRIDGE
-12.493727,-37.970226,-12.493794,-37.970092,TUNNEL
-12.492993,-38.323210,-12.492825,-38.322914,BRIDGE
-12.491559,-45.202056,-12.491726,-45.201901,BRIDGE
-12.490489,-45.200513,-12.490417,-45.200958,BRIDGE
-12.490280,-37.956394,-12.490339,-37.956175,BRIDGE
-12.488326,-41.729268,-12.488476,-41.729544,BRIDGE
-12.488071,-37.955994,-12.488003,-37.955822,BRIDGE
-12.487430,-39.698348,-12.487438,-39.697645,BRIDGE
-12.486156,-40.222538,-12.486208,-40.222781,BRIDGE
-12.485240,-38.320941,-12.485078,-38.320938,BRIDGE
-12.485085,-38.948730,-12.485414,-38.948965,BRIDGE
-12.481377,-38.630599,-12.481211,-38.630509,BRIDGE
-12.479543,-41.720663,-12.479236,-41.720744,BRIDGE
-12.472956,-38.626101,-12.472887,-38.626061,BRIDGE
-12.472725,-39.518851,-12.472378,-39.518955,BRIDGE
-12.472698,-45.251295,-12.472563,-45.251357,BRIDGE
-12.469387,-41.444107,-12.469596,-41.444546,BRIDGE
-12.468043,-40.181252,-12.468101,-40.181397,BRIDGE
-12.465789,-38.689490,-12.465851,-38.689409,BRIDGE
-12.465732,-38.689292,-12.465660,-38.689388,BRIDGE
-12.463081,-38.580648,-12.463018,-38.580711,BRIDGE
-12.462599,-43.845841,-12.462670,-43.845980,BRIDGE
-12.461465,-45.198968,-12.461441,-45.199179,BRIDGE
-12.460144,-45.202243,-12.460522,-45.202241,BRIDGE
-12.456693,-39.388789,-12.456571,-39.389225,BRIDGE
-12.454934,-39.259710,-12.455166,-39.259584,TUNNEL
-12.454892,-41.747451,-12.454973,-41.747527,BRIDGE
-12.454648,-41.648445,-12.454598,-41.648238,BRIDGE
-12.454576,-44.733297,-12.454531,-44.733187,BRIDGE
-12.453845,-38.673445,-12.453923,-38.673459,BRIDGE
-12.452390,-41.497445,-12.452369,-41.497525,BRIDGE
-12.451158,-42.823708,-12.451231,-42.823687,BRIDGE
-12.450107,-45.320909,-12.449948,-45.321166,BRIDGE
-12.449466,-38.711635,-12.449174,-38.711434,TUNNEL
-12.449297,-42.323531,-12.449253,-42.323616,BRIDGE
-12.446861,-39.243131,-12.446435,-39.242280,BRIDGE
-12.446528,-41.581243,-12.446987,-41.582076,BRIDGE
-12.446363,-39.242348,-12.446786,-39.243184,BRIDGE
-12.442965,-41.640901,-12.443429,-41.641042,BRIDGE
-12.441244,-37.954810,-12.441429,-37.954798,BRIDGE
-12.440741,-37.951234,-12.441398,-37.951232,BRIDGE
-12.439986,-44.620448,-12.440086,-44.620412,BRIDGE
-12.439184,-40.268648,-12.438812,-40.268524,BRIDGE
-12.438781,-38.336253,-12.438952,-38.336667,BRIDGE
-12.437341,-39.374029,-12.437023,-39.374379,BRIDGE
-12.437070,-38.602728,-12.437013,-38.602759,BRIDGE
-12.435376,-38.327291,-12.435871,-38.327219,BRIDGE
-12.434999,-41.491510,-12.435460,-41.491878,BRIDGE
-12.434320,-41.468093,-12.434295,-41.468181,BRIDGE
-12.433598,-40.281073,-12.433505,-40.281044,BRIDGE
-12.432938,-40.290262,-12.432681,-40.290255,BRIDGE
-12.432600,-45.084244,-12.432735,-45.084952,BRIDGE
-12.431677,-38.586737,-12.431759,-38.586740,BRIDGE
-12.431373,-45.085905,-12.431222,-45.085540,BRIDGE
-12.429079,-41.120599,-12.429042,-41.120619,BRIDGE
-12.428294,-41.776691,-12.428348,-41.777090,BRIDGE
-12.425415,-38.320140,-12.425648,-38.320799,BRIDGE
-12.423069,-41.778188,-12.422841,-41.778119,BRIDGE
-12.422889,-41.772739,-12.422904,-41.772462,BRIDGE
-12.422839,-38.497709,-12.423309,-38.497524,BRIDGE
-12.422637,-38.317472,-12.422202,-38.317313,BRIDGE
-12.421160,-41.782665,-12.421426,-41.782875,BRIDGE
-12.420567,-41.768943,-12.421360,-41.769002,BRIDGE
-12.420418,-41.770121,-12.420056,-41.770118,BRIDGE
-12.419777,-38.323711,-12.419839,-38.324113,BRIDGE
-12.418503,-38.330599,-12.418538,-38.330514,BRIDGE
-12.417806,-44.789171,-12.417685,-44.789194,BRIDGE
-12.417700,-38.308382,-12.417247,-38.308038,BRIDGE
-12.417554,-41.766974,-12.417538,-41.766718,BRIDGE
-12.417515,-44.792821,-12.417077,-44.793113,BRIDGE
-12.416702,-41.766709,-12.416703,-41.766897,BRIDGE
-12.415438,-38.474644,-12.415819,-38.474742,BRIDGE
-12.415210,-37.909342,-12.413411,-37.909366,BRIDGE
-12.413699,-41.767615,-12.413690,-41.767434,BRIDGE
-12.411969,-41.767885,-12.411978,-41.768255,BRIDGE
-12.410975,-45.118015,-12.410676,-45.117822,BRIDGE
-12.409285,-39.180892,-12.409052,-39.180533,BRIDGE
-12.409276,-43.738701,-12.409321,-43.738793,BRIDGE
-12.408922,-39.180644,-12.409166,-39.181033,BRIDGE
-12.408558,-38.309798,-12.408354,-38.309595,BRIDGE
-12.408322,-41.747557,-12.408274,-41.747700,BRIDGE
-12.406985,-38.335831,-12.407158,-38.335885,BRIDGE
-12.406877,-38.615813,-12.406179,-38.615703,BRIDGE
-12.405999,-38.624133,-12.405607,-38.624077,BRIDGE
-12.396627,-45.095764,-12.396996,-45.095933,BRIDGE
-12.392022,-41.147209,-12.392165,-41.147210,BRIDGE
-12.390267,-38.344747,-12.390075,-38.344599,BRIDGE
-12.389159,-38.343953,-12.388946,-38.343809,BRIDGE
-12.388955,-39.142805,-12.388817,-39.142556,BRIDGE
-12.388909,-45.065657,-12.388888,-45.065974,BRIDGE
-12.388700,-39.142627,-12.388827,-39.142854,BRIDGE
-12.388618,-39.244056,-12.388303,-39.244033,BRIDGE
-12.382953,-37.912478,-12.383681,-37.912706,BRIDGE
-12.382228,-41.745326,-12.382226,-41.745495,BRIDGE
-12.381498,-40.336947,-12.381184,-40.336974,BRIDGE
-12.381021,-39.734482,-12.380931,-39.734353,BRIDGE
-12.378422,-44.969707,-12.378467,-44.969849,BRIDGE
-12.376705,-38.133051,-12.376276,-38.132880,BRIDGE
-12.376347,-37.891045,-12.376498,-37.890660,BRIDGE
-12.374918,-40.205850,-12.374959,-40.205610,BRIDGE
-12.374008,-38.251113,-12.373957,-38.251223,BRIDGE
-12.373981,-41.157913,-12.373938,-41.157987,BRIDGE
-12.372170,-41.164674,-12.372058,-41.164668,BRIDGE
-12.371400,-41.518115,-12.371778,-41.518340,BRIDGE
-12.366164,-42.454478,-12.366104,-42.454628,BRIDGE
-12.365511,-45.052160,-12.365269,-45.052923,BRIDGE
-12.364436,-39.279985,-12.364656,-39.279992,BRIDGE
-12.361291,-44.973005,-12.361228,-44.972606,BRIDGE
-12.359906,-38.825167,-12.360350,-38.825510,BRIDGE
-12.359776,-40.038675,-12.360702,-40.038725,BRIDGE
-12.358303,-40.044297,-12.358384,-40.044241,BRIDGE
-12.357701,-39.092187,-12.357846,-39.092122,BRIDGE
-12.357558,-44.974838,-12.357487,-44.974705,BRIDGE
-12.357365,-38.366552,-12.357247,-38.366382,BRIDGE
-12.357127,-44.973993,-12.357155,-44.974064,BRIDGE
-12.356464,-38.152657,-12.356479,-38.152780,BRIDGE
-12.355384,-37.902971,-12.355363,-37.902618,BRIDGE
-12.353937,-40.064254,-12.354085,-40.063978,BRIDGE
-12.353608,-39.094582,-12.353306,-39.094374,BRIDGE
-12.353216,-39.094517,-12.353501,-39.094725,BRIDGE
-12.352812,-41.808197,-12.352920,-41.808201,BRIDGE
-12.352250,-38.374108,-12.352379,-38.374080,BRIDGE
-12.352230,-38.376993,-12.352378,-38.376933,BRIDGE
-12.352013,-38.376632,-12.352139,-38.376528,BRIDGE
-12.349751,-38.382975,-12.349773,-38.382647,BRIDGE
-12.349255,-41.168515,-12.349308,-41.168668,BRIDGE
-12.348362,-44.991853,-12.348810,-44.991509,BRIDGE
-12.346555,-40.275177,-12.346502,-40.275171,BRIDGE
-12.346292,-39.088688,-12.346162,-39.088606,BRIDGE
-12.346112,-39.088705,-12.346238,-39.088786,BRIDGE
-12.343753,-42.515376,-12.343640,-42.515691,BRIDGE
-12.342721,-41.168495,-12.342587,-41.168648,BRIDGE
-12.341542,-38.266459,-12.341414,-38.266253,BRIDGE
-12.340804,-39.301406,-12.340894,-39.301388,BRIDGE
-12.339904,-38.849572,-12.339876,-38.849699,TUNNEL
-12.337644,-38.381984,-12.337552,-38.382138,BRIDGE
-12.337143,-45.402252,-12.337204,-45.402263,BRIDGE
-12.332968,-40.741949,-12.333082,-40.741946,BRIDGE
-12.331844,-40.537789,-12.331709,-40.537542,BRIDGE
-12.331004,-43.192817,-12.331140,-43.192774,BRIDGE
-12.330627,-39.064190,-12.330474,-39.063971,BRIDGE
-12.330389,-39.064047,-12.330526,-39.064246,BRIDGE
-12.330149,-38.789939,-12.329735,-38.790333,BRIDGE
-12.328060,-39.306503,-12.328310,-39.306435,BRIDGE
-12.327879,-40.725936,-12.327966,-40.725856,BRIDGE
-12.326772,-40.098978,-12.326380,-40.098982,BRIDGE
-12.326702,-45.005627,-12.326702,-45.005564,BRIDGE
-12.326585,-40.527760,-12.326500,-40.527691,BRIDGE
-12.325861,-43.232984,-12.325923,-43.233064,BRIDGE
-12.324245,-38.161182,-12.324309,-38.161007,BRIDGE
-12.322400,-38.970269,-12.322496,-38.970253,BRIDGE
-12.321670,-38.969936,-12.321655,-38.969857,BRIDGE
-12.318054,-38.967338,-12.318030,-38.967226,BRIDGE
-12.317776,-39.314484,-12.317891,-39.314732,BRIDGE
-12.317657,-38.831629,-12.317751,-38.831421,BRIDGE
-12.316352,-40.518679,-12.316319,-40.518778,BRIDGE
-12.314893,-39.016371,-12.314821,-39.016329,BRIDGE
-12.310926,-39.042513,-12.310522,-39.042499,BRIDGE
-12.310526,-39.042633,-12.310938,-39.042649,BRIDGE
-12.307569,-38.686370,-12.307192,-38.686114,BRIDGE
-12.306370,-38.642102,-12.306585,-38.642372,BRIDGE
-12.305408,-45.675209,-12.305621,-45.675183,BRIDGE
-12.303921,-38.718618,-12.303203,-38.718350,BRIDGE
-12.303297,-44.534947,-12.303475,-44.535077,BRIDGE
-12.303151,-38.718496,-12.303866,-38.718778,BRIDGE
-12.302167,-40.446426,-12.302238,-40.446320,BRIDGE
-12.301518,-45.450116,-12.301809,-45.450099,BRIDGE
-12.299671,-41.776298,-12.299549,-41.776505,BRIDGE
-12.299301,-38.898865,-12.300639,-38.898809,BRIDGE
-12.299213,-44.537039,-12.299300,-44.536993,BRIDGE
-12.295210,-38.359176,-12.295230,-38.358998,BRIDGE
-12.294818,-39.029442,-12.295419,-39.029306,BRIDGE
-12.294001,-40.512316,-12.293807,-40.511978,BRIDGE
-12.293777,-45.017992,-12.294242,-45.018119,BRIDGE
-12.292138,-45.007145,-12.292089,-45.007185,BRIDGE
-12.291492,-45.509749,-12.291427,-45.509754,BRIDGE
-12.289936,-39.237140,-12.289897,-39.236897,BRIDGE
-12.289411,-38.755952,-12.288944,-38.756460,BRIDGE
-12.288548,-45.005340,-12.288654,-45.005287,BRIDGE
-12.287880,-39.006332,-12.288191,-39.006107,TUNNEL
-12.286957,-41.165833,-12.286937,-41.165737,BRIDGE
-12.286563,-39.001005,-12.284498,-38.999461,BRIDGE
-12.286469,-38.957572,-12.286403,-38.957060,BRIDGE
-12.286403,-38.957060,-12.286363,-38.956746,BRIDGE
-12.286309,-38.957066,-12.286372,-38.957568,BRIDGE
-12.286270,-38.956771,-12.286309,-38.957066,BRIDGE
-12.284422,-38.999589,-12.286452,-39.001109,BRIDGE
-12.283190,-38.947218,-12.282682,-38.946335,BRIDGE
-12.282894,-41.054927,-12.282872,-41.054835,BRIDGE
-12.282587,-38.946357,-12.283113,-38.947289,BRIDGE
-12.282578,-39.866693,-12.282813,-39.867240,BRIDGE
-12.277867,-38.971477,-12.277743,-38.971446,BRIDGE
-12.277328,-38.972746,-12.277244,-38.972715,BRIDGE
-12.275165,-40.468448,-12.275832,-40.468711,BRIDGE
-12.274575,-38.975981,-12.274415,-38.975929,BRIDGE
-12.274073,-38.978480,-12.273929,-38.978608,BRIDGE
-12.273940,-38.997276,-12.273751,-38.997753,BRIDGE
-12.272250,-38.935880,-12.271796,-38.935614,BRIDGE
-12.272122,-39.842261,-12.272363,-39.841698,BRIDGE
-12.271760,-38.935720,-12.272193,-38.935977,BRIDGE
-12.271467,-39.841502,-12.271282,-39.842158,BRIDGE
-12.270186,-38.993578,-12.270168,-38.993325,BRIDGE
-12.268909,-38.988361,-12.268642,-38.988565,BRIDGE
-12.268690,-38.988631,-12.268935,-38.988429,BRIDGE
-12.266945,-45.029642,-12.267320,-45.030121,BRIDGE
-12.266918,-40.501915,-12.266655,-40.501862,BRIDGE
-12.265285,-40.494680,-12.265050,-40.494667,BRIDGE
-12.264715,-39.327888,-12.264829,-39.327804,BRIDGE
-12.260404,-38.971955,-12.259816,-38.972285,BRIDGE
-12.260161,-38.951937,-12.260798,-38.952109,TUNNEL
-12.259511,-38.957627,-12.259507,-38.958711,TUNNEL
-12.259422,-38.957674,-12.259424,-38.958642,TUNNEL
-12.259329,-38.957735,-12.259325,-38.958559,TUNNEL
-12.259238,-38.957853,-12.259238,-38.958383,TUNNEL
-12.258035,-38.033183,-12.258031,-38.032996,BRIDGE
-12.256666,-38.950982,-12.254761,-38.950451,BRIDGE
-12.256253,-38.933327,-12.256337,-38.931113,BRIDGE
-12.255815,-38.954711,-12.255245,-38.954675,TUNNEL
-12.255243,-38.954748,-12.255816,-38.954771,TUNNEL
-12.254765,-38.170478,-12.254765,-38.170608,BRIDGE
-12.252627,-38.982804,-12.252578,-38.982763,BRIDGE
-12.251745,-39.346318,-12.251954,-39.346443,BRIDGE
-12.250174,-42.763647,-12.249091,-42.764554,BRIDGE
-12.246398,-41.243118,-12.246289,-41.243094,BRIDGE
-12.246175,-38.635024,-12.245775,-38.634977,BRIDGE
-12.246128,-38.374008,-12.246443,-38.374128,BRIDGE
-12.244508,-39.167366,-12.244698,-39.167531,BRIDGE
-12.243359,-45.287774,-12.243343,-45.287986,BRIDGE
-12.242378,-41.162745,-12.242389,-41.162605,BRIDGE
-12.237761,-40.800917,-12.237661,-40.800948,BRIDGE
-12.237387,-40.839631,-12.237315,-40.839667,BRIDGE
-12.237211,-41.742798,-12.237266,-41.742754,BRIDGE
-12.237177,-39.445364,-12.237363,-39.445421,BRIDGE
-12.236306,-41.720078,-12.236204,-41.720328,BRIDGE
-12.235817,-38.945330,-12.233506,-38.944715,BRIDGE
-12.235701,-38.978097,-12.235854,-38.977983,TUNNEL
-12.235660,-41.163621,-12.235487,-41.163583,BRIDGE
-12.235471,-39.860024,-12.235239,-39.859767,BRIDGE
-12.232478,-40.717618,-12.232834,-40.717562,BRIDGE
-12.232025,-38.971019,-12.231861,-38.971066,TUNNEL
-12.231662,-39.047249,-12.231962,-39.045918,BRIDGE
-12.231014,-38.953454,-12.233160,-38.953557,BRIDGE
-12.230868,-38.964434,-12.230827,-38.963911,BRIDGE
-12.229759,-38.964787,-12.230808,-38.962292,BRIDGE
-12.229749,-38.964121,-12.229741,-38.964249,BRIDGE
-12.229741,-38.964249,-12.229886,-38.964613,BRIDGE
-12.229581,-44.416178,-12.229471,-44.416258,BRIDGE
-12.229018,-38.986514,-12.228985,-38.986552,BRIDGE
-12.228820,-38.985918,-12.228780,-38.985878,BRIDGE
-12.228788,-38.964848,-12.229759,-38.964787,BRIDGE
-12.228331,-38.950471,-12.228264,-38.950454,BRIDGE
-12.227519,-44.378662,-12.227456,-44.378650,BRIDGE
-12.227387,-38.925493,-12.227203,-38.925332,BRIDGE
-12.227097,-38.941442,-12.227041,-38.941578,BRIDGE
-12.226817,-38.927394,-12.226718,-38.927361,BRIDGE
-12.225200,-38.936697,-12.224995,-38.936651,BRIDGE
-12.225113,-38.940429,-12.225203,-38.940364,BRIDGE
-12.223992,-38.939181,-12.223856,-38.939105,BRIDGE
-12.221039,-43.053374,-12.221160,-43.053356,BRIDGE
-12.217537,-38.965549,-12.217215,-38.965546,BRIDGE
-12.217221,-38.965669,-12.217535,-38.965668,BRIDGE
-12.216637,-45.342015,-12.216573,-45.342284,BRIDGE
-12.215708,-40.611155,-12.215834,-40.610970,BRIDGE
-12.215423,-38.199203,-12.215435,-38.199329,BRIDGE
-12.213945,-45.404934,-12.214162,-45.404894,BRIDGE
-12.211547,-40.619041,-12.211645,-40.618952,BRIDGE
-12.210833,-43.181031,-12.210814,-43.181152,BRIDGE
-12.209091,-37.867562,-12.209010,-37.867442,BRIDGE
-12.207357,-43.208914,-12.207456,-43.208891,BRIDGE
-12.206778,-45.474971,-12.206866,-45.475013,BRIDGE
-12.205224,-38.855164,-12.205319,-38.854274,BRIDGE
-12.204444,-40.686105,-12.204480,-40.686038,BRIDGE
-12.203346,-41.782623,-12.203528,-41.782722,BRIDGE
-12.203165,-40.659177,-12.203141,-40.659124,BRIDGE
-12.202715,-40.321305,-12.202998,-40.321144,BRIDGE
-12.202564,-45.015069,-12.202606,-45.015081,BRIDGE
-12.202549,-37.824974,-12.202200,-37.824847,BRIDGE
-12.200374,-38.965390,-12.199991,-38.965382,BRIDGE
-12.199987,-38.965500,-12.200352,-38.965494,BRIDGE
-12.198930,-38.965349,-12.198351,-38.965344,BRIDGE
-12.198348,-38.965466,-12.198916,-38.965484,BRIDGE
-12.195000,-39.539111,-12.195040,-39.539211,BRIDGE
-12.194733,-45.489678,-12.194800,-45.489917,BRIDGE
-12.193440,-45.212160,-12.193007,-45.212163,BRIDGE
-12.188101,-38.585403,-12.188570,-38.585654,BRIDGE
-12.186562,-39.492934,-12.186471,-39.493560,BRIDGE
-12.181165,-45.177200,-12.180745,-45.177146,BRIDGE
-12.180683,-43.226852,-12.181746,-43.230860,BRIDGE
-12.180125,-41.149431,-12.180039,-41.149549,BRIDGE
-12.180058,-39.449011,-12.180096,-39.449221,BRIDGE
-12.179546,-40.405050,-12.178932,-40.404832,BRIDGE
-12.179125,-43.222475,-12.180683,-43.226852,BRIDGE
-12.178779,-41.777698,-12.178740,-41.777642,BRIDGE
-12.177456,-39.285238,-12.177503,-39.285390,BRIDGE
-12.177122,-43.247531,-12.177266,-43.247145,BRIDGE
-12.174901,-39.407695,-12.174872,-39.407775,BRIDGE
-12.174770,-37.812131,-12.174408,-37.812109,BRIDGE
-12.173215,-38.873662,-12.173327,-38.873946,BRIDGE
-12.170525,-43.264998,-12.170686,-43.264564,BRIDGE
-12.168313,-38.411748,-12.168605,-38.412016,BRIDGE
-12.166470,-39.488195,-12.166420,-39.487885,BRIDGE
-12.166122,-38.742166,-12.165862,-38.742204,BRIDGE
-12.163952,-45.001914,-12.163854,-45.001882,BRIDGE
-12.163764,-45.464214,-12.163826,-45.464131,BRIDGE
-12.163384,-45.010161,-12.163397,-45.010433,BRIDGE
-12.162591,-39.211719,-12.162569,-39.211931,BRIDGE
-12.162383,-38.415530,-12.162786,-38.416112,BRIDGE
-12.161787,-45.006974,-12.162002,-45.007070,BRIDGE
-12.161649,-43.288517,-12.161818,-43.288069,BRIDGE
-12.161153,-39.471309,-12.161161,-39.471171,BRIDGE
-12.159424,-38.411342,-12.159660,-38.411670,BRIDGE
-12.158849,-38.417831,-12.158619,-38.417953,BRIDGE
-12.158658,-38.418031,-12.158893,-38.417909,BRIDGE
-12.156176,-43.303044,-12.156419,-43.302396,BRIDGE
-12.153492,-39.203997,-12.153751,-39.203853,BRIDGE
-12.151470,-38.444304,-12.151378,-38.444238,BRIDGE
-12.148610,-45.002620,-12.148329,-45.003532,BRIDGE
-12.147885,-39.551226,-12.147805,-39.551306,BRIDGE
-12.147835,-38.660238,-12.148003,-38.659896,BRIDGE
-12.147355,-45.016084,-12.146875,-45.015774,BRIDGE
-12.144279,-44.990394,-12.144296,-44.990429,BRIDGE
-12.143620,-45.455418,-12.143671,-45.455289,BRIDGE
-12.143400,-44.990966,-12.143440,-44.991033,BRIDGE
-12.142695,-45.001297,-12.142100,-45.000811,BRIDGE
-12.142545,-44.991593,-12.142505,-44.991526,BRIDGE
-12.141890,-44.991958,-12.141844,-44.991896,BRIDGE
-12.141698,-41.137074,-12.141557,-41.136927,BRIDGE
-12.141326,-44.992299,-12.141281,-44.992222,BRIDGE
-12.140733,-44.992646,-12.140693,-44.992570,BRIDGE
-12.140625,-44.962396,-12.140510,-44.962406,TUNNEL
-12.140161,-38.754120,-12.140187,-38.754232,BRIDGE
-12.140142,-44.993014,-12.140103,-44.992948,BRIDGE
-12.139523,-44.993365,-12.139484,-44.993302,BRIDGE
-12.137313,-45.114335,-12.137263,-45.114194,BRIDGE
-12.135937,-45.106614,-12.136237,-45.106490,BRIDGE
-12.133038,-39.187575,-12.132959,-39.187744,BRIDGE
-12.132401,-38.424719,-12.132573,-38.424251,BRIDGE
-12.131342,-45.015829,-12.131434,-45.015775,BRIDGE
-12.129731,-39.906131,-12.129727,-39.906182,BRIDGE
-12.129716,-39.906706,-12.129794,-39.906865,BRIDGE
-12.124911,-39.103884,-12.124763,-39.103526,BRIDGE
-12.120964,-40.195828,-12.120828,-40.195486,BRIDGE
-12.119757,-45.055984,-12.120504,-45.056344,BRIDGE
-12.118839,-37.935349,-12.118652,-37.934862,BRIDGE
-12.117764,-43.889068,-12.117701,-43.888899,BRIDGE
-12.115290,-39.276352,-12.114917,-39.276387,BRIDGE
-12.113887,-43.893932,-12.113992,-43.893869,BRIDGE
-12.113577,-43.892961,-12.113716,-43.892940,BRIDGE
-12.113429,-39.264934,-12.113107,-39.264737,BRIDGE
-12.113133,-41.120777,-12.112957,-41.120684,BRIDGE
-12.102811,-44.969176,-12.103121,-44.967949,BRIDGE
-12.102575,-40.474309,-12.102708,-40.474298,BRIDGE
-12.097177,-40.214896,-12.097340,-40.214872,BRIDGE
-12.096851,-44.931844,-12.096917,-44.932001,BRIDGE
-12.094549,-39.884654,-12.094298,-39.885190,BRIDGE
-12.093646,-39.883325,-12.093097,-39.884515,BRIDGE
-12.092934,-41.283671,-12.093024,-41.283579,BRIDGE
-12.092307,-45.789012,-12.092286,-45.788835,BRIDGE
-12.091870,-41.107295,-12.091723,-41.107165,BRIDGE
-12.089806,-42.125259,-12.089737,-42.125257,BRIDGE
-12.089758,-39.244970,-12.089447,-39.244883,BRIDGE
-12.088298,-38.496410,-12.088168,-38.496188,BRIDGE
-12.087274,-43.158507,-12.087266,-43.158607,BRIDGE
-12.087216,-43.161225,-12.087234,-43.161313,BRIDGE
-12.084864,-41.094333,-12.084961,-41.094165,BRIDGE
-12.084540,-39.351480,-12.084165,-39.351509,BRIDGE
-12.084022,-40.565686,-12.084384,-40.565678,BRIDGE
-12.080722,-41.102768,-12.080750,-41.102697,BRIDGE
-12.079737,-38.346625,-12.079964,-38.346872,BRIDGE
-12.079481,-39.109294,-12.079626,-39.109490,BRIDGE
-12.077050,-41.072525,-12.077042,-41.072661,BRIDGE
-12.075888,-39.256924,-12.075789,-39.256651,BRIDGE
-12.075798,-43.370039,-12.075697,-43.370169,BRIDGE
-12.074669,-39.930022,-12.074598,-39.930170,BRIDGE
-12.073448,-40.984195,-12.073360,-40.984139,BRIDGE
-12.072514,-39.931007,-12.072460,-39.931137,BRIDGE
-12.071499,-39.393302,-12.071312,-39.393362,BRIDGE
-12.070591,-39.279097,-12.070370,-39.279120,BRIDGE
-12.070131,-39.288489,-12.070291,-39.288358,BRIDGE
-12.063666,-37.817719,-12.062965,-37.817449,BRIDGE
-12.063639,-37.938884,-12.063538,-37.938810,BRIDGE
-12.063351,-45.587983,-12.063411,-45.587988,TUNNEL
-12.062372,-37.744548,-12.060816,-37.743906,BRIDGE
-12.060502,-37.939979,-12.060571,-37.940001,BRIDGE
-12.058261,-39.125393,-12.058369,-39.125417,BRIDGE
-12.056549,-38.970378,-12.056468,-38.969913,BRIDGE
-12.056384,-38.969895,-12.056465,-38.970416,BRIDGE
-12.053963,-37.716684,-12.053636,-37.716158,BRIDGE
-12.051034,-44.271471,-12.051080,-44.271588,BRIDGE
-12.050061,-42.082288,-12.050095,-42.082320,BRIDGE
-12.047567,-39.138722,-12.047253,-39.138778,BRIDGE
-12.041626,-44.424162,-12.041634,-44.423929,BRIDGE
-12.041624,-44.424591,-12.041621,-44.424495,BRIDGE
-12.039018,-42.979287,-12.038986,-42.979383,BRIDGE
-12.038876,-44.263829,-12.039074,-44.263542,BRIDGE
-12.038219,-39.694208,-12.038114,-39.694243,BRIDGE
-12.031475,-44.258037,-12.031397,-44.258077,BRIDGE
-12.030222,-41.061245,-12.030272,-41.061092,BRIDGE
-12.029945,-44.284416,-12.030081,-44.284210,BRIDGE
-12.027615,-41.995885,-12.028022,-41.995990,BRIDGE
-12.026587,-40.237722,-12.026279,-40.237592,BRIDGE
-12.020015,-44.253175,-12.020058,-44.253211,BRIDGE
-12.018824,-41.057763,-12.018910,-41.057679,BRIDGE
-12.014439,-38.231031,-12.014498,-38.231048,BRIDGE
-12.014415,-38.237989,-12.014445,-38.237945,BRIDGE
-12.013113,-44.406084,-12.013128,-44.406179,BRIDGE
-12.008916,-44.270583,-12.008867,-44.270682,BRIDGE
-12.008000,-44.692532,-12.008078,-44.692243,BRIDGE
-12.006192,-44.943161,-12.005586,-44.943054,BRIDGE
-12.003409,-42.002878,-12.003246,-42.002819,BRIDGE
-12.003071,-38.866861,-12.002871,-38.867007,BRIDGE
-12.000315,-44.782301,-12.000102,-44.782331,BRIDGE
-11.998338,-43.910173,-11.998325,-43.910023,BRIDGE
-11.993441,-42.944814,-11.993273,-42.944800,BRIDGE
-11.993299,-39.937542,-11.993493,-39.937544,BRIDGE
-11.992778,-45.580394,-11.992468,-45.580497,BRIDGE
-11.992109,-39.387879,-11.991890,-39.388135,BRIDGE
-11.981179,-44.053172,-11.981315,-44.053068,BRIDGE
-11.972334,-38.185553,-11.971736,-38.183566,BRIDGE
-11.971573,-38.183633,-11.972140,-38.185577,BRIDGE
-11.968419,-38.184856,-11.968521,-38.184890,BRIDGE
-11.960442,-38.372724,-11.960815,-38.372808,BRIDGE
-11.960198,-40.241193,-11.960247,-40.240903,BRIDGE
-11.959298,-38.374095,-11.959434,-38.374304,BRIDGE
-11.958071,-39.165161,-11.958177,-39.164774,BRIDGE
-11.957551,-38.153863,-11.957478,-38.153947,BRIDGE
-11.957273,-38.174951,-11.957409,-38.174952,BRIDGE
-11.957073,-38.086748,-11.956810,-38.086262,BRIDGE
-11.956886,-37.670379,-11.956011,-37.670567,BRIDGE
-11.956656,-38.086341,-11.956960,-38.086885,BRIDGE
-11.956523,-38.086841,-11.956370,-38.086520,BRIDGE
-11.955261,-38.375207,-11.955337,-38.375476,BRIDGE
-11.948756,-39.192349,-11.948812,-39.192199,BRIDGE
-11.948534,-40.515495,-11.948496,-40.515444,BRIDGE
-11.946865,-37.670173,-11.946606,-37.669896,BRIDGE
-11.941410,-40.225888,-11.941524,-40.225685,BRIDGE
-11.938721,-45.028816,-11.938771,-45.028781,BRIDGE
-11.938109,-39.898479,-11.938137,-39.898240,BRIDGE
-11.933260,-38.434033,-11.933138,-38.433963,BRIDGE
-11.932975,-43.888996,-11.932863,-43.888801,BRIDGE
-11.932954,-38.447248,-11.933059,-38.447233,BRIDGE
-11.927618,-38.050032,-11.926443,-38.049758,BRIDGE
-11.927496,-39.426072,-11.926913,-39.426104,BRIDGE
-11.926474,-39.467752,-11.926600,-39.467493,BRIDGE
-11.926385,-38.049927,-11.927580,-38.050198,BRIDGE
-11.921541,-38.094347,-11.921089,-38.094569,BRIDGE
-11.915680,-45.661352,-11.915767,-45.661247,BRIDGE
-11.913687,-45.041443,-11.913796,-45.041355,BRIDGE
-11.903430,-39.110769,-11.903194,-39.110861,BRIDGE
-11.902478,-39.458352,-11.902659,-39.458515,BRIDGE
-11.900644,-41.757196,-11.900585,-41.757171,BRIDGE
-11.900156,-45.051690,-11.900260,-45.051610,BRIDGE
-11.898057,-45.610822,-11.898509,-45.610680,BRIDGE
-11.897714,-39.874932,-11.897308,-39.875074,BRIDGE
-11.895707,-39.279361,-11.895847,-39.279179,BRIDGE
-11.894839,-45.608998,-11.895112,-45.608632,BRIDGE
-11.892102,-39.878487,-11.891828,-39.878876,BRIDGE
-11.891240,-40.503076,-11.891407,-40.502429,BRIDGE
-11.888823,-39.107730,-11.889172,-39.107580,BRIDGE
-11.885769,-45.824791,-11.886173,-45.825016,BRIDGE
-11.879728,-42.728798,-11.880152,-42.728622,BRIDGE
-11.878249,-42.066632,-11.878257,-42.066428,BRIDGE
-11.876985,-45.075021,-11.877015,-45.074770,BRIDGE
-11.875299,-39.468639,-11.875257,-39.469076,BRIDGE
-11.874850,-40.463941,-11.874920,-40.463994,BRIDGE
-11.874342,-37.994920,-11.874110,-37.994211,BRIDGE
-11.873966,-37.994263,-11.874203,-37.994974,BRIDGE
-11.868656,-45.532440,-11.868794,-45.532320,BRIDGE
-11.867956,-40.468398,-11.868304,-40.468267,BRIDGE
-11.857538,-39.423698,-11.857439,-39.423676,BRIDGE
-11.847290,-38.074133,-11.847178,-38.074185,BRIDGE
-11.846813,-45.207256,-11.846947,-45.206917,BRIDGE
-11.841831,-39.915265,-11.841812,-39.915096,BRIDGE
-11.841581,-37.646505,-11.841568,-37.646425,BRIDGE
-11.836621,-39.504203,-11.836551,-39.504023,BRIDGE
-11.834689,-37.642884,-11.834883,-37.642891,BRIDGE
-11.833198,-39.357200,-11.833268,-39.357122,BRIDGE
-11.830568,-37.620043,-11.830685,-37.620006,BRIDGE
-11.830012,-45.938872,-11.829971,-45.938718,BRIDGE
-11.829206,-39.562658,-11.829342,-39.562881,BRIDGE
-11.827631,-37.913240,-11.827662,-37.913166,BRIDGE
-11.818927,-39.373473,-11.819010,-39.373332,BRIDGE
-11.818627,-39.373295,-11.818759,-39.373149,BRIDGE
-11.816607,-39.607927,-11.816335,-39.607441,BRIDGE
-11.810930,-39.374816,-11.810991,-39.375170,BRIDGE
-11.810359,-37.610971,-11.811040,-37.611123,BRIDGE
-11.809788,-37.616474,-11.811162,-37.616919,BRIDGE
-11.807846,-39.389815,-11.808744,-39.389437,BRIDGE
-11.807787,-42.185032,-11.807790,-42.184901,BRIDGE
-11.807569,-37.631307,-11.805912,-37.630507,BRIDGE
-11.806711,-39.387015,-11.806957,-39.386459,BRIDGE
-11.806282,-39.616706,-11.805914,-39.616723,BRIDGE
-11.804652,-41.960259,-11.804877,-41.960253,BRIDGE
-11.804072,-39.371764,-11.804108,-39.371569,BRIDGE
-11.796991,-38.885052,-11.796954,-38.885010,BRIDGE
-11.792571,-39.265205,-11.792545,-39.265098,BRIDGE
-11.792316,-37.953415,-11.792656,-37.953597,BRIDGE
-11.791412,-37.952897,-11.791769,-37.953091,BRIDGE
-11.790040,-37.706072,-11.790065,-37.705993,BRIDGE
-11.789726,-37.702864,-11.789805,-37.702882,BRIDGE
-11.789542,-42.299897,-11.789556,-42.300235,BRIDGE
-11.786964,-45.609883,-11.787204,-45.609866,BRIDGE
-11.786438,-39.290522,-11.786442,-39.290678,BRIDGE
-11.783398,-39.260538,-11.783371,-39.260619,BRIDGE
-11.782896,-38.345173,-11.783880,-38.346141,BRIDGE
-11.782877,-38.354157,-11.783049,-38.354086,BRIDGE
-11.782754,-38.347624,-11.782703,-38.347556,BRIDGE
-11.782072,-38.346671,-11.781739,-38.346226,BRIDGE
-11.780475,-41.661165,-11.780463,-41.661225,BRIDGE
-11.777179,-42.309162,-11.777074,-42.309283,BRIDGE
-11.776938,-45.652298,-11.776703,-45.652212,BRIDGE
-11.775095,-37.606808,-11.775017,-37.606123,BRIDGE
-11.773768,-39.239530,-11.773738,-39.239772,BRIDGE
-11.772719,-39.227529,-11.772604,-39.227599,BRIDGE
-11.772590,-39.224274,-11.772536,-39.224182,BRIDGE
-11.769093,-42.312604,-11.768979,-42.312691,BRIDGE
-11.765863,-41.895033,-11.765883,-41.895113,BRIDGE
-11.764995,-43.186757,-11.764851,-43.186543,BRIDGE
-11.764045,-39.232976,-11.763936,-39.233071,BRIDGE
-11.763340,-41.915914,-11.763729,-41.916133,BRIDGE
-11.761691,-42.322738,-11.761880,-42.322631,BRIDGE
-11.760386,-41.911965,-11.760600,-41.912098,BRIDGE
-11.760269,-42.323496,-11.760109,-42.323638,BRIDGE
-11.760172,-39.199050,-11.760080,-39.199051,BRIDGE
-11.755793,-44.911593,-11.755569,-44.911557,BRIDGE
-11.754046,-41.459146,-11.754251,-41.471019,BRIDGE
-11.753627,-44.142669,-11.753641,-44.142846,BRIDGE
-11.748554,-41.824396,-11.748552,-41.824312,BRIDGE
-11.747908,-41.823980,-11.747928,-41.823894,BRIDGE
-11.747465,-45.231075,-11.747553,-45.231137,BRIDGE
-11.746672,-38.546527,-11.746712,-38.546663,BRIDGE
-11.742522,-44.907871,-11.742471,-44.907842,BRIDGE
-11.739739,-40.548359,-11.739630,-40.548418,BRIDGE
-11.731971,-37.558470,-11.732125,-37.558448,BRIDGE
-11.731897,-39.203080,-11.731569,-39.203290,BRIDGE
-11.730613,-39.771032,-11.730333,-39.771097,BRIDGE
-11.728680,-39.031648,-11.728597,-39.031636,BRIDGE
-11.721424,-39.214526,-11.721380,-39.214785,BRIDGE
-11.696974,-38.985523,-11.697128,-38.985545,BRIDGE
-11.694855,-38.741435,-11.694538,-38.741358,BRIDGE
-11.693773,-37.570640,-11.693483,-37.570566,BRIDGE
-11.689259,-37.901937,-11.688478,-37.901817,BRIDGE
-11.688440,-37.901955,-11.689240,-37.902051,BRIDGE
-11.685275,-44.661144,-11.685252,-44.661081,BRIDGE
-11.681800,-40.237023,-11.681790,-40.237097,BRIDGE
-11.675842,-39.557255,-11.676031,-39.557056,BRIDGE
-11.669685,-43.411753,-11.669618,-43.411741,BRIDGE
-11.668975,-41.748252,-11.668882,-41.748242,BRIDGE
-11.663271,-38.760621,-11.663041,-38.760652,BRIDGE
-11.662480,-41.734849,-11.662398,-41.734798,BRIDGE
-11.657697,-45.839269,-11.657413,-45.839120,BRIDGE
-11.651542,-39.158435,-11.651742,-39.158667,BRIDGE
-11.646440,-39.159387,-11.646418,-39.159450,BRIDGE
-11.646418,-39.159450,-11.646373,-39.159577,BRIDGE
-11.645951,-41.695537,-11.645911,-41.695465,BRIDGE
-11.637754,-37.960415,-11.637640,-37.960217,BRIDGE
-11.636350,-39.589673,-11.636274,-39.589558,BRIDGE
-11.629309,-39.142230,-11.629395,-39.142152,BRIDGE
-11.628540,-39.150977,-11.628449,-39.151015,BRIDGE
-11.626555,-41.003503,-11.627308,-41.002671,BRIDGE
-11.622369,-38.836995,-11.622403,-38.836434,BRIDGE
-11.619475,-43.380666,-11.619396,-43.380615,BRIDGE
-11.616262,-39.114150,-11.616276,-39.114073,BRIDGE
-11.615498,-41.620342,-11.615469,-41.620388,BRIDGE
-11.614351,-40.391761,-11.614309,-40.391455,BRIDGE
-11.614293,-39.156335,-11.614453,-39.156183,BRIDGE
-11.614279,-37.537518,-11.613970,-37.537622,BRIDGE
-11.612817,-41.624822,-11.612384,-41.624952,BRIDGE
-11.612556,-42.111966,-11.612619,-42.111765,BRIDGE
-11.611848,-41.620151,-11.611527,-41.619830,BRIDGE
-11.607959,-40.319896,-11.608184,-40.320031,BRIDGE
-11.606149,-40.297392,-11.606188,-40.296456,BRIDGE
-11.605523,-40.471179,-11.605381,-40.471356,BRIDGE
-11.602491,-38.976815,-11.602819,-38.976788,BRIDGE
-11.598715,-39.514305,-11.598753,-39.514432,BRIDGE
-11.598451,-40.925995,-11.598574,-40.925924,BRIDGE
-11.597366,-40.924410,-11.597146,-40.924600,BRIDGE
-11.595021,-39.517465,-11.595153,-39.517553,BRIDGE
-11.593867,-39.516664,-11.594293,-39.516964,BRIDGE
-11.587944,-40.228537,-11.587915,-40.228064,BRIDGE
-11.587189,-39.623489,-11.587005,-39.623558,BRIDGE
-11.585435,-40.827968,-11.585699,-40.828132,BRIDGE
-11.583313,-39.612862,-11.583138,-39.612975,BRIDGE
-11.572892,-40.358350,-11.573157,-40.358255,BRIDGE
-11.570775,-43.280912,-11.570593,-43.280017,BRIDGE
-11.569145,-41.129041,-11.569218,-41.128880,BRIDGE
-11.563703,-37.567800,-11.563570,-37.568145,BRIDGE
-11.556430,-41.139420,-11.556479,-41.139314,BRIDGE
-11.555661,-38.989798,-11.555983,-38.989756,BRIDGE
-11.555112,-41.154742,-11.555330,-41.154766,BRIDGE
-11.554273,-41.144124,-11.554203,-41.144095,BRIDGE
-11.554157,-41.144192,-11.554228,-41.144223,BRIDGE
-11.554131,-41.158057,-11.554011,-41.158031,BRIDGE
-11.553999,-41.158089,-11.554116,-41.158118,BRIDGE
-11.553377,-41.146064,-11.553406,-41.146002,BRIDGE
-11.553256,-40.595127,-11.553621,-40.595153,BRIDGE
-11.552868,-40.600481,-11.552958,-40.600032,BRIDGE
-11.552551,-41.161476,-11.552608,-41.161554,BRIDGE
-11.551430,-41.172318,-11.551303,-41.172303,BRIDGE
-11.550563,-40.677486,-11.550935,-40.677513,BRIDGE
-11.550169,-41.147585,-11.550093,-41.147597,BRIDGE
-11.550087,-41.150106,-11.549991,-41.150095,BRIDGE
-11.549991,-41.145159,-11.550114,-41.145161,BRIDGE
-11.549054,-41.152228,-11.549127,-41.152261,BRIDGE
-11.548914,-41.152997,-11.548967,-41.153058,BRIDGE
-11.548678,-37.909812,-11.548747,-37.909760,BRIDGE
-11.548612,-37.865072,-11.548352,-37.865009,BRIDGE
-11.548375,-37.865219,-11.548627,-37.865286,BRIDGE
-11.547589,-41.155696,-11.547686,-41.155713,BRIDGE
-11.546639,-41.157195,-11.546545,-41.157180,BRIDGE
-11.544235,-37.907097,-11.544244,-37.907010,BRIDGE
-11.540413,-37.568291,-11.539240,-37.567949,BRIDGE
-11.525838,-37.870252,-11.525723,-37.870301,BRIDGE
-11.519047,-45.046474,-11.519090,-45.046514,BRIDGE
-11.518944,-45.046355,-11.519047,-45.046474,BRIDGE
-11.510719,-40.900438,-11.510634,-40.900422,BRIDGE
-11.508530,-40.024272,-11.509066,-40.024268,BRIDGE
-11.505319,-40.019843,-11.505274,-40.019583,BRIDGE
-11.505293,-40.384019,-11.505292,-40.383929,BRIDGE
-11.505017,-39.619068,-11.504967,-39.618773,BRIDGE
-11.504967,-39.618773,-11.504935,-39.618560,BRIDGE
-11.501889,-39.992469,-11.502124,-39.992216,BRIDGE
-11.492547,-39.751911,-11.492677,-39.751751,BRIDGE
-11.480808,-37.933446,-11.480727,-37.933440,BRIDGE
-11.480735,-37.933507,-11.480816,-37.933514,BRIDGE
-11.470468,-39.789256,-11.471002,-39.788567,BRIDGE
-11.470372,-39.783008,-11.470405,-39.783095,BRIDGE
-11.469401,-39.783161,-11.469392,-39.783239,BRIDGE
-11.468780,-39.786048,-11.468463,-39.786327,BRIDGE
-11.468739,-39.782776,-11.468746,-39.782698,BRIDGE
-11.459686,-39.656511,-11.459603,-39.656576,BRIDGE
-11.456767,-45.643759,-11.456983,-45.643689,BRIDGE
-11.446694,-41.380594,-11.446631,-41.380541,BRIDGE
-11.445778,-41.414437,-11.445608,-41.413599,BRIDGE
-11.443867,-40.558828,-11.443842,-40.558866,BRIDGE
-11.439421,-40.549710,-11.439326,-40.549754,BRIDGE
-11.436288,-40.571830,-11.436297,-40.571983,BRIDGE
-11.430713,-40.590102,-11.430735,-40.589953,BRIDGE
-11.423978,-40.591590,-11.423728,-40.591405,BRIDGE
-11.419793,-40.593165,-11.419829,-40.593240,BRIDGE
-11.419298,-40.591346,-11.419297,-40.591428,BRIDGE
-11.402965,-38.441853,-11.403039,-38.441723,BRIDGE
-11.402420,-41.837087,-11.402312,-41.837065,BRIDGE
-11.401683,-37.926929,-11.401220,-37.926699,BRIDGE
-11.399322,-41.821207,-11.399265,-41.821268,BRIDGE
-11.392409,-41.712630,-11.392182,-41.712744,BRIDGE
-11.387553,-40.486379,-11.387513,-40.486439,BRIDGE
-11.386612,-40.459547,-11.386485,-40.459624,BRIDGE
-11.380725,-41.839100,-11.380651,-41.839135,BRIDGE
-11.380670,-41.838994,-11.380597,-41.839029,BRIDGE
-11.371024,-40.452336,-11.370959,-40.452400,BRIDGE
-11.353384,-38.337969,-11.353146,-38.338223,BRIDGE
-11.351712,-38.329264,-11.351874,-38.329266,BRIDGE
-11.351248,-40.427772,-11.351209,-40.427773,BRIDGE
-11.341844,-40.481262,-11.341771,-40.481095,BRIDGE
-11.341065,-42.136287,-11.341362,-42.136149,BRIDGE
-11.340053,-42.134005,-11.339792,-42.134097,BRIDGE
-11.338188,-40.600552,-11.338252,-40.600497,BRIDGE
-11.338182,-40.413961,-11.338312,-40.413882,BRIDGE
-11.325982,-40.148714,-11.326157,-40.148280,BRIDGE
-11.324789,-38.409874,-11.324760,-38.410108,BRIDGE
-11.323773,-40.168815,-11.323689,-40.168814,BRIDGE
-11.321171,-38.254209,-11.322001,-38.255167,BRIDGE
-11.317493,-40.479543,-11.317396,-40.479539,BRIDGE
-11.315468,-38.235968,-11.315489,-38.236027,BRIDGE
-11.306889,-41.875028,-11.306969,-41.875267,BRIDGE
-11.306351,-41.874907,-11.306411,-41.875073,BRIDGE
-11.305772,-41.874726,-11.305826,-41.874910,BRIDGE
-11.305202,-41.874600,-11.305273,-41.874812,BRIDGE
-11.304997,-38.404855,-11.304880,-38.405455,BRIDGE
-11.304431,-41.874837,-11.304731,-41.874732,BRIDGE
-11.304073,-38.413813,-11.304321,-38.414001,BRIDGE
-11.303085,-38.174485,-11.303062,-38.174654,BRIDGE
-11.302436,-40.585789,-11.302476,-40.585865,BRIDGE
-11.297532,-41.873778,-11.297540,-41.873695,BRIDGE
-11.294348,-41.858623,-11.294432,-41.858653,BRIDGE
-11.292889,-40.594071,-11.292970,-40.594075,BRIDGE
-11.292011,-38.434696,-11.291892,-38.434736,BRIDGE
-11.290906,-40.597515,-11.290710,-40.597491,BRIDGE
-11.290373,-40.516609,-11.290313,-40.516554,BRIDGE
-11.286928,-38.298400,-11.286955,-38.298339,BRIDGE
-11.275777,-40.524851,-11.275701,-40.524813,BRIDGE
-11.274855,-40.612586,-11.274950,-40.612586,BRIDGE
-11.274766,-39.367468,-11.274348,-39.367183,BRIDGE
-11.269520,-40.292404,-11.269627,-40.292452,TUNNEL
-11.268629,-40.599474,-11.268402,-40.599024,BRIDGE
-11.265868,-38.918219,-11.266346,-38.918473,BRIDGE
-11.262144,-42.155525,-11.262238,-42.155466,BRIDGE
-11.261625,-38.915871,-11.261866,-38.916003,BRIDGE
-11.258732,-38.247747,-11.258704,-38.247812,BRIDGE
-11.249819,-39.099987,-11.249905,-39.099764,BRIDGE
-11.244715,-42.168346,-11.244863,-42.168304,BRIDGE
-11.244497,-39.961879,-11.244492,-39.962035,BRIDGE
-11.226338,-40.579338,-11.226391,-40.579274,BRIDGE
-11.225601,-40.516740,-11.225644,-40.516676,BRIDGE
-11.224841,-40.395092,-11.224994,-40.395235,BRIDGE
-11.223971,-41.888451,-11.224069,-41.888422,BRIDGE
-11.223108,-40.336740,-11.223120,-40.336518,BRIDGE
-11.223014,-40.028204,-11.223119,-40.028163,BRIDGE
-11.222876,-37.980579,-11.222525,-37.980562,BRIDGE
-11.222063,-39.058912,-11.221923,-39.059209,BRIDGE
-11.221874,-40.027319,-11.222036,-40.027304,BRIDGE
-11.221284,-41.898141,-11.221144,-41.898253,BRIDGE
-11.221167,-40.526459,-11.221087,-40.526443,BRIDGE
-11.215563,-40.413368,-11.215679,-40.413496,BRIDGE
-11.212418,-40.370954,-11.212544,-40.370572,BRIDGE
-11.209018,-40.447960,-11.209018,-40.447870,BRIDGE
-11.207703,-40.467555,-11.207912,-40.467566,BRIDGE
-11.206524,-40.431809,-11.206429,-40.431485,BRIDGE
-11.205405,-40.542201,-11.205151,-40.541973,BRIDGE
-11.204277,-40.477492,-11.204260,-40.477565,BRIDGE
-11.204185,-40.578167,-11.204078,-40.578124,BRIDGE
-11.204143,-40.487140,-11.204382,-40.487153,BRIDGE
-11.203835,-40.288269,-11.203663,-40.288171,BRIDGE
-11.200854,-40.544988,-11.201149,-40.545245,BRIDGE
-11.193457,-46.084736,-11.193305,-46.084900,BRIDGE
-11.191976,-42.789137,-11.191873,-42.789028,BRIDGE
-11.189712,-40.258654,-11.189730,-40.259009,BRIDGE
-11.187991,-40.498265,-11.188026,-40.497881,BRIDGE
-11.187266,-42.835950,-11.187325,-42.835613,BRIDGE
-11.186990,-40.549089,-11.187048,-40.549045,BRIDGE
-11.185764,-40.478064,-11.185833,-40.478059,BRIDGE
-11.185362,-40.524605,-11.185377,-40.525091,BRIDGE
-11.185303,-40.522281,-11.185311,-40.522076,BRIDGE
-11.185122,-40.541553,-11.185193,-40.541536,BRIDGE
-11.184628,-40.510956,-11.184845,-40.510995,BRIDGE
-11.183917,-40.513917,-11.184142,-40.514017,BRIDGE
-11.183784,-40.144194,-11.184443,-40.144193,BRIDGE
-11.183396,-40.522397,-11.183676,-40.522760,BRIDGE
-11.183250,-40.518035,-11.182991,-40.517936,BRIDGE
-11.182900,-40.509231,-11.182910,-40.509167,BRIDGE
-11.182550,-40.047159,-11.182839,-40.047068,BRIDGE
-11.181307,-40.519973,-11.181340,-40.520019,BRIDGE
-11.178593,-40.525951,-11.178842,-40.526288,BRIDGE
-11.177040,-40.860313,-11.177041,-40.860391,BRIDGE
-11.176310,-40.508212,-11.176353,-40.508070,BRIDGE
-11.170283,-40.541242,-11.170128,-40.541565,BRIDGE
-11.165105,-41.434307,-11.164822,-41.434663,BRIDGE
-11.163942,-40.618397,-11.164003,-40.618455,BRIDGE
-11.156266,-43.370153,-11.154609,-43.371040,BRIDGE
-11.155753,-39.953088,-11.155901,-39.953091,BRIDGE
-11.152165,-45.069154,-11.152087,-45.069231,BRIDGE
-11.149782,-38.979516,-11.149766,-38.979846,BRIDGE
-11.137445,-38.569857,-11.137073,-38.570335,BRIDGE
-11.126317,-42.362878,-11.126277,-42.363099,BRIDGE
-11.110913,-42.948631,-11.110955,-42.948550,BRIDGE
-11.106224,-42.344410,-11.106429,-42.344436,BRIDGE
-11.101598,-38.093116,-11.101593,-38.092975,BRIDGE
-11.101035,-43.010634,-11.100950,-43.009461,BRIDGE
-11.098029,-38.512932,-11.097010,-38.512046,BRIDGE
-11.095581,-39.509420,-11.095289,-39.509606,BRIDGE
-11.095289,-39.509606,-11.095142,-39.509701,BRIDGE
-11.094302,-40.435382,-11.094236,-40.435528,BRIDGE
-11.094240,-40.507506,-11.094143,-40.507565,BRIDGE
-11.092414,-40.434416,-11.092359,-40.434551,BRIDGE
-11.091905,-40.531206,-11.091800,-40.531240,BRIDGE
-11.089526,-40.433544,-11.089458,-40.433702,BRIDGE
-11.087851,-38.466524,-11.087768,-38.466359,BRIDGE
-11.087582,-40.433115,-11.087543,-40.433248,BRIDGE
-11.085337,-38.834406,-11.086083,-38.834268,BRIDGE
-11.083559,-38.493634,-11.083474,-38.493355,BRIDGE
-11.083321,-38.493555,-11.083305,-38.493505,BRIDGE
-11.083031,-43.119111,-11.078952,-43.127722,BRIDGE
-11.082139,-40.429626,-11.081789,-40.429783,BRIDGE
-11.078117,-40.518421,-11.078187,-40.518473,BRIDGE
-11.077790,-40.788454,-11.077730,-40.788474,BRIDGE
-11.065717,-38.837936,-11.064556,-38.838163,BRIDGE
-11.065470,-41.122145,-11.065732,-41.121943,BRIDGE
-11.064566,-38.838263,-11.065974,-38.837987,BRIDGE
-11.060906,-38.747997,-11.061469,-38.747346,BRIDGE
-11.054460,-45.201614,-11.053770,-45.202332,BRIDGE
-11.054192,-40.777879,-11.054123,-40.777995,BRIDGE
-11.050293,-45.192244,-11.051011,-45.191902,BRIDGE
-11.039351,-38.444724,-11.039435,-38.444681,BRIDGE
-11.035371,-38.432775,-11.035507,-38.432786,BRIDGE
-11.034293,-38.102852,-11.034343,-38.102797,BRIDGE
-11.031945,-40.558092,-11.031936,-40.558026,BRIDGE
-11.031844,-38.810756,-11.031799,-38.810954,BRIDGE
-11.030637,-40.558079,-11.030635,-40.557994,BRIDGE
-11.030097,-44.359627,-11.030064,-44.359652,BRIDGE
-11.029726,-45.512061,-11.029453,-45.512279,BRIDGE
-11.027935,-40.557441,-11.028023,-40.557473,BRIDGE
-11.027604,-45.509501,-11.027254,-45.509784,BRIDGE
-11.026810,-40.559559,-11.026711,-40.559553,BRIDGE
-11.023139,-39.049584,-11.024987,-39.050045,BRIDGE
-11.020898,-45.527586,-11.021069,-45.527054,BRIDGE
-11.020197,-44.506760,-11.019177,-44.506950,BRIDGE
-11.017455,-39.855119,-11.017610,-39.855070,BRIDGE
-11.008984,-40.431583,-11.009130,-40.431118,BRIDGE
-11.008793,-38.139748,-11.008974,-38.139961,BRIDGE
-11.000573,-39.839400,-11.000369,-39.839451,BRIDGE
-11.000096,-39.227908,-10.999454,-39.228018,BRIDGE
-10.998964,-38.521868,-10.998942,-38.521929,BRIDGE
-10.992794,-39.666753,-10.992667,-39.666783,BRIDGE
-10.991009,-39.212449,-10.991055,-39.212658,BRIDGE
-10.989585,-39.307883,-10.989995,-39.308147,BRIDGE
-10.986681,-40.405098,-10.986276,-40.405184,BRIDGE
-10.984588,-42.343241,-10.984333,-42.343801,BRIDGE
-10.983296,-39.769047,-10.983044,-39.769345,BRIDGE
-10.980997,-38.175858,-10.980997,-38.176017,BRIDGE
-10.978837,-40.371128,-10.978887,-40.371221,BRIDGE
-10.975506,-41.086173,-10.975482,-41.086247,BRIDGE
-10.973031,-38.394946,-10.972948,-38.394956,BRIDGE
-10.968593,-41.083676,-10.968196,-41.083824,BRIDGE
-10.968353,-39.625304,-10.967475,-39.625932,BRIDGE
-10.968211,-40.411366,-10.968263,-40.411267,BRIDGE
-10.958381,-38.184561,-10.958272,-38.184681,BRIDGE
-10.947925,-41.073584,-10.947968,-41.073768,BRIDGE
-10.941424,-38.192926,-10.941256,-38.192984,BRIDGE
-10.941390,-40.418000,-10.941576,-40.417556,BRIDGE
-10.940435,-39.415546,-10.939472,-39.415235,BRIDGE
-10.927523,-38.363751,-10.927506,-38.363802,BRIDGE
-10.926095,-40.798479,-10.926044,-40.798632,BRIDGE
-10.924170,-43.495205,-10.923959,-43.495249,BRIDGE
-10.916722,-39.920348,-10.916533,-39.920379,BRIDGE
-10.915711,-42.788388,-10.915513,-42.788157,BRIDGE
-10.913668,-39.623953,-10.913016,-39.624486,BRIDGE
-10.908546,-39.140709,-10.907821,-39.140875,BRIDGE
-10.906626,-40.132328,-10.906649,-40.132257,BRIDGE
-10.904267,-41.567693,-10.904372,-41.568258,BRIDGE
-10.897120,-40.404899,-10.896704,-40.404952,BRIDGE
-10.896072,-44.739329,-10.896149,-44.739346,BRIDGE
-10.888673,-40.712562,-10.889061,-40.712148,BRIDGE
-10.884992,-41.590482,-10.885401,-41.590738,BRIDGE
-10.883589,-44.386069,-10.883380,-44.385910,BRIDGE
-10.880882,-41.042552,-10.881380,-41.042149,BRIDGE
-10.872773,-42.249534,-10.872862,-42.249084,BRIDGE
-10.872078,-45.798550,-10.872227,-45.798578,BRIDGE
-10.867174,-40.022130,-10.867377,-40.022134,BRIDGE
-10.854038,-40.132643,-10.854594,-40.132299,BRIDGE
-10.847907,-40.242204,-10.847619,-40.241971,BRIDGE
-10.844933,-40.113020,-10.844424,-40.113059,BRIDGE
-10.843398,-41.032173,-10.843858,-41.031990,BRIDGE
-10.834212,-38.560274,-10.834085,-38.560331,TUNNEL
-10.830227,-38.554082,-10.829957,-38.553646,BRIDGE
-10.825101,-40.496268,-10.825253,-40.496248,BRIDGE
-10.807995,-38.236728,-10.808124,-38.236863,BRIDGE
-10.802929,-40.381033,-10.802376,-40.380958,BRIDGE
-10.802908,-38.237550,-10.802890,-38.237650,BRIDGE
-10.800135,-40.490455,-10.799908,-40.490222,BRIDGE
-10.787832,-44.499054,-10.787597,-44.499002,BRIDGE
-10.777659,-38.579503,-10.777583,-38.579556,BRIDGE
-10.777264,-38.218011,-10.777211,-38.218200,BRIDGE
-10.776608,-43.573003,-10.776487,-43.573086,BRIDGE
-10.776513,-40.418749,-10.776340,-40.417357,BRIDGE
-10.774157,-40.471890,-10.774245,-40.471989,BRIDGE
-10.773309,-40.468982,-10.773328,-40.468824,BRIDGE
-10.768973,-40.469577,-10.769070,-40.469634,BRIDGE
-10.765766,-40.472637,-10.765984,-40.472721,BRIDGE
-10.764329,-43.697825,-10.764192,-43.697771,BRIDGE
-10.752606,-40.223324,-10.752729,-40.223493,BRIDGE
-10.744681,-40.484228,-10.744747,-40.483936,BRIDGE
-10.738190,-40.843850,-10.738302,-40.843744,BRIDGE
-10.735922,-37.964824,-10.736060,-37.964888,BRIDGE
-10.732232,-38.994251,-10.732549,-38.994227,BRIDGE
-10.731613,-43.629347,-10.731663,-43.629275,BRIDGE
-10.726041,-44.577059,-10.725968,-44.577260,BRIDGE
-10.718695,-40.472417,-10.718678,-40.472176,BRIDGE
-10.714488,-44.041247,-10.714522,-44.041160,BRIDGE
-10.712075,-40.449191,-10.712124,-40.449163,BRIDGE
-10.710793,-38.171998,-10.710818,-38.171786,BRIDGE
-10.708942,-39.258778,-10.709228,-39.258677,BRIDGE
-10.707767,-38.585030,-10.707876,-38.585167,BRIDGE
-10.707149,-38.186166,-10.706959,-38.186340,BRIDGE
-10.707102,-39.895593,-10.706858,-39.895444,BRIDGE
-10.706056,-39.895880,-10.706066,-39.895671,BRIDGE
-10.706053,-38.175018,-10.706208,-38.175125,BRIDGE
-10.704661,-39.897017,-10.704572,-39.896740,BRIDGE
-10.704535,-40.260743,-10.704719,-40.260952,BRIDGE
-10.701202,-38.199035,-10.701163,-38.199108,BRIDGE
-10.698932,-38.536944,-10.698860,-38.536902,BRIDGE
-10.698771,-39.886529,-10.698671,-39.886399,BRIDGE
-10.691387,-38.239957,-10.691359,-38.240035,BRIDGE
-10.688295,-39.860272,-10.688317,-39.860392,BRIDGE
-10.687156,-40.480676,-10.687285,-40.480586,BRIDGE
-10.682628,-39.505481,-10.682554,-39.505391,BRIDGE
-10.682308,-40.951752,-10.682398,-40.952283,BRIDGE
-10.682217,-38.265624,-10.682188,-38.265705,BRIDGE
-10.679336,-39.909816,-10.679376,-39.910090,BRIDGE
-10.676033,-40.328482,-10.675800,-40.328383,BRIDGE
-10.671212,-39.488177,-10.671251,-39.488104,BRIDGE
-10.669648,-39.584965,-10.669555,-39.584362,BRIDGE
-10.668831,-39.112704,-10.669184,-39.112966,BRIDGE
-10.668338,-39.484566,-10.668305,-39.484643,BRIDGE
-10.666502,-39.482294,-10.666519,-39.482208,BRIDGE
-10.664843,-39.482443,-10.664819,-39.482364,BRIDGE
-10.664518,-39.506970,-10.664562,-39.506900,BRIDGE
-10.659721,-38.573645,-10.659801,-38.573620,BRIDGE
-10.658765,-38.981958,-10.658822,-38.981967,BRIDGE
-10.657989,-38.982715,-10.658159,-38.983114,BRIDGE
-10.654475,-39.725243,-10.654458,-39.725113,BRIDGE
-10.654399,-38.974464,-10.654431,-38.974540,BRIDGE
-10.654126,-38.569546,-10.654355,-38.569780,BRIDGE
-10.652206,-39.706944,-10.652220,-39.706834,BRIDGE
-10.651577,-38.951499,-10.651922,-38.951342,BRIDGE
-10.651261,-39.716403,-10.651009,-39.715808,BRIDGE
-10.650919,-39.623462,-10.650630,-39.623579,BRIDGE
-10.650821,-40.442610,-10.650814,-40.442521,BRIDGE
-10.649688,-40.440660,-10.649685,-40.440564,BRIDGE
-10.641721,-40.276013,-10.641711,-40.276190,BRIDGE
-10.635686,-45.839280,-10.635689,-45.839127,BRIDGE
-10.628776,-39.907963,-10.628855,-39.907781,BRIDGE
-10.621265,-40.280429,-10.621269,-40.280169,BRIDGE
-10.615962,-40.285605,-10.615772,-40.285405,BRIDGE
-10.614788,-39.387262,-10.614710,-39.387237,BRIDGE
-10.614505,-39.255207,-10.614494,-39.255014,BRIDGE
-10.611773,-40.290762,-10.611883,-40.290700,BRIDGE
-10.611158,-40.302652,-10.611220,-40.302681,BRIDGE
-10.610606,-40.316560,-10.610412,-40.316366,BRIDGE
-10.610519,-40.311322,-10.610636,-40.311231,BRIDGE
-10.607064,-40.269126,-10.607170,-40.268988,BRIDGE
-10.605880,-40.328315,-10.605923,-40.328244,BRIDGE
-10.605652,-40.325811,-10.605624,-40.325769,BRIDGE
-10.605429,-40.324939,-10.605425,-40.324833,BRIDGE
-10.602036,-39.347443,-10.601968,-39.347398,BRIDGE
-10.601260,-38.449428,-10.601274,-38.449509,BRIDGE
-10.597802,-40.055635,-10.597739,-40.055649,BRIDGE
-10.592984,-38.930958,-10.592960,-38.930794,BRIDGE
-10.591697,-38.396817,-10.591687,-38.396899,BRIDGE
-10.588407,-37.870090,-10.587745,-37.870318,BRIDGE
-10.585097,-38.196627,-10.585037,-38.196567,BRIDGE
-10.584728,-40.258553,-10.584625,-40.258440,BRIDGE
-10.581532,-38.180085,-10.581471,-38.180138,BRIDGE
-10.579043,-38.098412,-10.578979,-38.098425,BRIDGE
-10.576910,-38.897624,-10.576838,-38.897655,BRIDGE
-10.576905,-38.901758,-10.576859,-38.901736,BRIDGE
-10.575322,-39.116399,-10.575453,-39.116729,BRIDGE
-10.573740,-38.146894,-10.573677,-38.146868,BRIDGE
-10.570521,-38.928289,-10.570503,-38.928214,BRIDGE
-10.570357,-38.164557,-10.570396,-38.164571,BRIDGE
-10.568198,-38.066927,-10.567857,-38.066993,BRIDGE
-10.566373,-40.270765,-10.566233,-40.270699,BRIDGE
-10.565980,-40.271260,-10.565902,-40.271149,BRIDGE
-10.559712,-40.107050,-10.559707,-40.107130,BRIDGE
-10.556835,-40.446341,-10.556938,-40.446250,BRIDGE
-10.553839,-37.979766,-10.553883,-37.979902,BRIDGE
-10.544714,-40.444209,-10.544629,-40.444091,BRIDGE
-10.543986,-37.956231,-10.543828,-37.956312,BRIDGE
-10.543824,-40.300397,-10.543952,-40.300300,BRIDGE
-10.541768,-39.927307,-10.542024,-39.927307,BRIDGE
-10.541759,-40.301696,-10.541834,-40.301665,BRIDGE
-10.538747,-38.309853,-10.538900,-38.309924,BRIDGE
-10.537945,-37.824196,-10.537795,-37.824284,BRIDGE
-10.537509,-40.418162,-10.537412,-40.418141,BRIDGE
-10.536605,-37.939519,-10.536727,-37.939401,BRIDGE
-10.535976,-38.120553,-10.536036,-38.120654,BRIDGE
-10.533122,-39.259947,-10.533218,-39.260014,BRIDGE
-10.532618,-40.307022,-10.532687,-40.306978,BRIDGE
-10.532513,-38.120856,-10.532477,-38.120899,BRIDGE
-10.531443,-37.928158,-10.531437,-37.928215,BRIDGE
-10.529786,-40.312022,-10.529823,-40.311942,BRIDGE
-10.528723,-40.316170,-10.528778,-40.316230,BRIDGE
-10.527570,-40.338077,-10.527502,-40.338122,BRIDGE
-10.526048,-40.336814,-10.526034,-40.336844,BRIDGE
-10.525761,-38.866086,-10.525842,-38.866081,BRIDGE
-10.524425,-40.330898,-10.524361,-40.330847,BRIDGE
-10.522374,-38.248047,-10.522448,-38.248090,BRIDGE
-10.521827,-39.968472,-10.521736,-39.968296,BRIDGE
-10.519789,-40.322443,-10.519728,-40.322430,BRIDGE
-10.518971,-39.369253,-10.518938,-39.369149,BRIDGE
-10.514733,-40.911139,-10.514644,-40.911090,BRIDGE
-10.514069,-40.325144,-10.514008,-40.325090,BRIDGE
-10.513944,-39.539987,-10.514008,-39.539855,BRIDGE
-10.512954,-38.920644,-10.512905,-38.920717,BRIDGE
-10.509100,-40.326420,-10.509023,-40.326365,BRIDGE
-10.508204,-38.939444,-10.508177,-38.939632,BRIDGE
-10.506920,-39.353484,-10.506755,-39.352885,BRIDGE
-10.506897,-40.331072,-10.506839,-40.331136,BRIDGE
-10.506830,-40.218877,-10.506964,-40.218968,BRIDGE
-10.506645,-40.187491,-10.506720,-40.187466,BRIDGE
-10.506324,-40.198599,-10.506181,-40.198456,BRIDGE
-10.503053,-40.155732,-10.503119,-40.155673,BRIDGE
-10.502690,-40.160888,-10.502802,-40.160890,BRIDGE
-10.501893,-40.174211,-10.501798,-40.174331,BRIDGE
-10.501787,-40.384270,-10.501815,-40.384382,BRIDGE
-10.500708,-40.399297,-10.500742,-40.399417,BRIDGE
-10.498454,-40.248920,-10.498464,-40.248834,BRIDGE
-10.496465,-40.160939,-10.496673,-40.160853,BRIDGE
-10.496188,-38.232966,-10.496238,-38.233036,BRIDGE
-10.493253,-39.223549,-10.493304,-39.223484,BRIDGE
-10.491220,-40.256167,-10.491172,-40.256245,BRIDGE
-10.489309,-40.008888,-10.489430,-40.008871,BRIDGE
-10.483742,-39.084849,-10.483729,-39.085110,BRIDGE
-10.480163,-40.183755,-10.480081,-40.183734,BRIDGE
-10.478053,-40.174867,-10.477906,-40.175254,BRIDGE
-10.473182,-40.190032,-10.473187,-40.190105,BRIDGE
-10.471395,-39.126171,-10.471320,-39.126398,BRIDGE
-10.469164,-39.268091,-10.469134,-39.268144,BRIDGE
-10.468037,-39.136992,-10.467958,-39.137257,BRIDGE
-10.467444,-40.193868,-10.467501,-40.193909,BRIDGE
-10.460983,-39.178463,-10.460984,-39.178723,BRIDGE
-10.455169,-40.020412,-10.455168,-40.020544,BRIDGE
-10.451880,-38.130382,-10.452045,-38.130352,BRIDGE
-10.449260,-38.023488,-10.449398,-38.023397,BRIDGE
-10.448613,-39.600930,-10.448695,-39.600883,BRIDGE
-10.446769,-38.939950,-10.446720,-38.939845,BRIDGE
-10.427531,-38.867091,-10.427813,-38.866961,BRIDGE
-10.423574,-40.024477,-10.423444,-40.024382,BRIDGE
-10.420762,-41.162998,-10.420838,-41.163108,BRIDGE
-10.417095,-38.870539,-10.417190,-38.870304,BRIDGE
-10.413620,-40.183701,-10.414002,-40.183822,BRIDGE
-10.405595,-39.164809,-10.405552,-39.164766,BRIDGE
-10.396651,-40.194250,-10.396779,-40.193955,BRIDGE
-10.395186,-40.116814,-10.395249,-40.116650,BRIDGE
-10.394134,-39.147523,-10.394107,-39.147590,BRIDGE
-10.394055,-39.147942,-10.394057,-39.147860,BRIDGE
-10.389956,-39.362992,-10.389983,-39.363279,BRIDGE
-10.389184,-39.608253,-10.389081,-39.608253,BRIDGE
-10.387594,-39.572944,-10.387653,-39.572983,BRIDGE
-10.386750,-38.051301,-10.386836,-38.051302,BRIDGE
-10.385580,-38.049717,-10.385650,-38.049896,BRIDGE
-10.385389,-40.089751,-10.385506,-40.090144,BRIDGE
-10.384925,-38.048309,-10.384956,-38.048376,BRIDGE
-10.383625,-40.093950,-10.383393,-40.093958,BRIDGE
-10.381317,-40.035154,-10.381396,-40.035253,BRIDGE
-10.376226,-38.209917,-10.376286,-38.209925,BRIDGE
-10.375227,-39.386839,-10.375167,-39.386971,BRIDGE
-10.372366,-38.902058,-10.372399,-38.902124,BRIDGE
-10.371548,-38.039036,-10.371695,-38.039217,BRIDGE
-10.366207,-38.904393,-10.366201,-38.904311,BRIDGE
-10.364671,-39.948153,-10.364830,-39.948469,BRIDGE
-10.364059,-40.135471,-10.363980,-40.135445,BRIDGE
-10.360099,-40.265378,-10.360266,-40.265420,BRIDGE
-10.358429,-39.512103,-10.358346,-39.512138,BRIDGE
-10.355745,-40.283464,-10.355848,-40.283376,BRIDGE
-10.355604,-39.770416,-10.355541,-39.770536,BRIDGE
-10.352757,-39.647362,-10.352749,-39.647430,BRIDGE
-10.346919,-39.827236,-10.346783,-39.827455,BRIDGE
-10.344232,-41.814925,-10.344573,-41.814734,BRIDGE
-10.341701,-39.829342,-10.341664,-39.829252,BRIDGE
-10.340573,-38.081396,-10.340500,-38.081361,BRIDGE
-10.338266,-39.828484,-10.338159,-39.828387,BRIDGE
-10.332577,-40.113464,-10.332513,-40.113424,BRIDGE
-10.328140,-40.057248,-10.328148,-40.057275,BRIDGE
-10.326494,-37.907892,-10.326411,-37.907917,BRIDGE
-10.320680,-37.943297,-10.320751,-37.943338,BRIDGE
-10.315959,-37.877349,-10.316007,-37.877316,BRIDGE
-10.305200,-39.546171,-10.305129,-39.546160,BRIDGE
-10.303316,-40.324563,-10.303465,-40.324419,BRIDGE
-10.299892,-39.530761,-10.299969,-39.530752,BRIDGE
-10.296497,-37.911400,-10.296378,-37.911501,BRIDGE
-10.295710,-37.931804,-10.295576,-37.931702,BRIDGE
-10.287565,-37.940996,-10.287494,-37.940742,BRIDGE
-10.285073,-39.533250,-10.285197,-39.533250,BRIDGE
-10.285070,-40.753799,-10.284859,-40.753964,BRIDGE
-10.282660,-39.533371,-10.282782,-39.533363,BRIDGE
-10.282500,-38.054713,-10.282535,-38.054909,BRIDGE
-10.282466,-37.929041,-10.282109,-37.929099,BRIDGE
-10.282284,-38.053555,-10.282361,-38.053936,BRIDGE
-10.271449,-38.902839,-10.271436,-38.902937,BRIDGE
-10.269518,-39.979858,-10.269438,-39.979847,BRIDGE
-10.253476,-39.384112,-10.253665,-39.384130,BRIDGE
-10.247752,-40.196618,-10.248392,-40.196241,BRIDGE
-10.245829,-37.913899,-10.245705,-37.913896,BRIDGE
-10.241062,-40.372236,-10.241007,-40.372171,BRIDGE
-10.233882,-38.865739,-10.233966,-38.865761,BRIDGE
-10.233354,-38.875881,-10.233226,-38.875570,BRIDGE
-10.230148,-39.512096,-10.230140,-39.512156,BRIDGE
-10.223720,-38.104432,-10.223402,-38.104097,BRIDGE
-10.217636,-38.062991,-10.217768,-38.062736,BRIDGE
-10.216607,-39.953141,-10.216572,-39.953255,BRIDGE
-10.212803,-39.383002,-10.212769,-39.382945,BRIDGE
-10.211748,-39.937963,-10.211744,-39.937864,BRIDGE
-10.210761,-39.560101,-10.210699,-39.560118,BRIDGE
-10.205922,-38.856598,-10.205990,-38.856643,BRIDGE
-10.205908,-38.073124,-10.205926,-38.073327,BRIDGE
-10.204500,-37.862852,-10.204264,-37.863083,BRIDGE
-10.194349,-37.874394,-10.193917,-37.874927,BRIDGE
-10.184124,-40.960955,-10.184257,-40.960850,BRIDGE
-10.176808,-37.895672,-10.176668,-37.895869,BRIDGE
-10.176407,-39.570776,-10.176484,-39.570757,BRIDGE
-10.172850,-37.902948,-10.172755,-37.903268,BRIDGE
-10.172615,-37.902254,-10.172379,-37.902651,BRIDGE
-10.166038,-37.907420,-10.166175,-37.907434,BRIDGE
-10.162110,-39.578537,-10.162175,-39.578478,BRIDGE
-10.149121,-39.605919,-10.149113,-39.606037,BRIDGE
-10.119829,-37.844708,-10.119834,-37.844907,BRIDGE
-10.119374,-37.840582,-10.119309,-37.840774,BRIDGE
-10.111979,-40.818409,-10.112137,-40.818428,BRIDGE
-10.103222,-40.231316,-10.103412,-40.231319,BRIDGE
-10.102498,-38.310440,-10.101312,-38.310635,BRIDGE
-10.101049,-39.735061,-10.101000,-39.734975,BRIDGE
-10.100006,-40.231285,-10.100097,-40.231286,BRIDGE
-10.097132,-38.056229,-10.096878,-38.056358,BRIDGE
-10.096188,-38.116253,-10.096262,-38.116214,BRIDGE
-10.094852,-38.055134,-10.094894,-38.055016,BRIDGE
-10.094289,-38.325972,-10.093729,-38.324567,BRIDGE
-10.093195,-38.326223,-10.092343,-38.325537,BRIDGE
-10.092103,-38.117762,-10.092140,-38.117371,BRIDGE
-10.090143,-38.229826,-10.090136,-38.229571,BRIDGE
-10.090054,-38.224911,-10.090052,-38.224766,BRIDGE
-10.089817,-38.082630,-10.089785,-38.082401,BRIDGE
-10.089734,-38.210943,-10.089732,-38.210751,BRIDGE
-10.088749,-38.449401,-10.088824,-38.449315,BRIDGE
-10.087907,-38.201897,-10.087707,-38.201596,BRIDGE
-10.085782,-38.285612,-10.085678,-38.285406,BRIDGE
-10.085224,-38.282808,-10.085227,-38.282582,BRIDGE
-10.082277,-38.338692,-10.082327,-38.338587,BRIDGE
-10.082262,-38.338569,-10.082209,-38.338677,BRIDGE
-10.082064,-38.342307,-10.082035,-38.342292,BRIDGE
-10.080269,-38.345418,-10.080245,-38.345399,BRIDGE
-10.079677,-38.346461,-10.079643,-38.346437,BRIDGE
-10.078886,-38.999135,-10.078760,-38.999316,BRIDGE
-10.076935,-38.342045,-10.076904,-38.341979,BRIDGE
-10.069111,-37.949927,-10.069008,-37.949841,BRIDGE
-10.066307,-38.142213,-10.066256,-38.142149,BRIDGE
-10.065912,-38.349124,-10.065966,-38.349188,BRIDGE
-10.055803,-39.465373,-10.055846,-39.465342,BRIDGE
-10.053538,-37.850784,-10.053528,-37.850696,BRIDGE
-10.050736,-39.673898,-10.050720,-39.673838,BRIDGE
-10.036561,-39.159214,-10.036679,-39.159211,BRIDGE
-10.022612,-38.198994,-10.022537,-38.198961,BRIDGE
-10.019253,-37.891898,-10.019301,-37.891852,BRIDGE
-10.010516,-40.696333,-10.010573,-40.696248,BRIDGE
-10.007409,-37.898097,-10.007420,-37.898020,BRIDGE
-9.987997,-38.635461,-9.987865,-38.635486,BRIDGE
-9.986208,-40.238265,-9.985885,-40.238077,BRIDGE
-9.985889,-38.050688,-9.985880,-38.050769,BRIDGE
-9.977367,-40.245635,-9.977593,-40.245455,BRIDGE
-9.973290,-38.049039,-9.973315,-38.048952,BRIDGE
-9.966870,-39.514326,-9.966928,-39.514359,BRIDGE
-9.961146,-39.134792,-9.960762,-39.134205,BRIDGE
-9.960253,-40.249607,-9.960660,-40.249593,BRIDGE
-9.957158,-39.201985,-9.957477,-39.203066,BRIDGE
-9.956742,-39.200655,-9.956997,-39.201479,BRIDGE
-9.954601,-39.202025,-9.954969,-39.201246,BRIDGE
-9.947881,-39.083730,-9.948087,-39.083550,BRIDGE
-9.941480,-39.103251,-9.941382,-39.102614,BRIDGE
-9.940327,-39.104461,-9.940290,-39.104067,BRIDGE
-9.931999,-39.323769,-9.931984,-39.323850,BRIDGE
-9.930111,-39.330812,-9.929876,-39.331527,BRIDGE
-9.926528,-38.756543,-9.926278,-38.756358,BRIDGE
-9.917330,-38.768849,-9.917714,-38.768649,BRIDGE
-9.915181,-40.652374,-9.915073,-40.652081,BRIDGE
-9.906449,-39.166539,-9.907765,-39.165899,BRIDGE
-9.904241,-39.131881,-9.904309,-39.132251,BRIDGE
-9.903935,-39.667876,-9.903973,-39.667697,BRIDGE
-9.902488,-39.130002,-9.902767,-39.130152,BRIDGE
-9.901666,-39.396110,-9.901139,-39.396630,BRIDGE
-9.893635,-38.978296,-9.893952,-38.978071,BRIDGE
-9.893570,-38.827142,-9.893462,-38.827171,BRIDGE
-9.893112,-39.868337,-9.892993,-39.867973,BRIDGE
-9.892887,-38.794001,-9.892739,-38.793964,BRIDGE
-9.891505,-39.168715,-9.892783,-39.169387,BRIDGE
-9.891322,-38.826785,-9.891233,-38.826849,BRIDGE
-9.890799,-38.977141,-9.890884,-38.977141,BRIDGE
-9.890711,-38.979759,-9.890760,-38.979738,BRIDGE
-9.884500,-38.983599,-9.884425,-38.983443,BRIDGE
-9.882065,-39.034184,-9.882192,-39.034166,BRIDGE
-9.880537,-39.035135,-9.880769,-39.035014,BRIDGE
-9.879846,-39.424736,-9.879685,-39.424964,BRIDGE
-9.878867,-38.987254,-9.878929,-38.987295,BRIDGE
-9.878554,-40.284549,-9.878583,-40.284613,TUNNEL
-9.878082,-40.283891,-9.878148,-40.284049,TUNNEL
-9.872387,-38.997975,-9.871965,-38.998075,BRIDGE
-9.871184,-38.964541,-9.871130,-38.964391,BRIDGE
-9.865879,-39.798078,-9.865861,-39.798035,BRIDGE
-9.865408,-40.090074,-9.864078,-40.089267,BRIDGE
-9.863888,-38.898659,-9.863807,-38.898602,BRIDGE
-9.856741,-38.013744,-9.856835,-38.013644,BRIDGE
-9.853039,-39.457847,-9.852904,-39.458047,BRIDGE
-9.852378,-39.493071,-9.852103,-39.493115,BRIDGE
-9.851770,-38.943466,-9.851563,-38.943265,BRIDGE
-9.847359,-39.737283,-9.847352,-39.737168,BRIDGE
-9.845209,-39.469350,-9.844855,-39.469879,BRIDGE
-9.840579,-41.551656,-9.840723,-41.552073,BRIDGE
-9.837697,-38.075954,-9.837949,-38.075702,BRIDGE
-9.824846,-39.449156,-9.824762,-39.449060,BRIDGE
-9.823535,-39.141162,-9.823847,-39.141217,BRIDGE
-9.813280,-40.609455,-9.813252,-40.609579,BRIDGE
-9.775907,-38.087501,-9.775991,-38.087459,BRIDGE
-9.756891,-39.837666,-9.757038,-39.837694,BRIDGE
-9.751627,-41.145413,-9.751521,-41.145568,BRIDGE
-9.750543,-41.269232,-9.750628,-41.269522,BRIDGE
-9.747220,-42.295556,-9.747605,-42.295656,BRIDGE
-9.747128,-40.135601,-9.747201,-40.135478,BRIDGE
-9.733830,-41.216181,-9.733901,-41.216311,BRIDGE
-9.732804,-38.041216,-9.732750,-38.041062,BRIDGE
-9.729390,-40.354669,-9.729570,-40.354532,BRIDGE
-9.718651,-41.186673,-9.718800,-41.186968,BRIDGE
-9.716412,-38.115141,-9.716502,-38.115139,BRIDGE
-9.703484,-39.699496,-9.703421,-39.699740,BRIDGE
-9.695442,-42.483077,-9.695479,-42.483025,BRIDGE
-9.692787,-42.508350,-9.693765,-42.509213,BRIDGE
-9.691338,-40.595641,-9.691195,-40.595585,BRIDGE
-9.685444,-41.139325,-9.685603,-41.139489,BRIDGE
-9.684827,-41.138686,-9.685243,-41.139109,BRIDGE
-9.683216,-40.378967,-9.683818,-40.378523,BRIDGE
-9.677637,-39.105656,-9.677877,-39.105865,BRIDGE
-9.671754,-39.822181,-9.671905,-39.822202,BRIDGE
-9.664259,-40.193979,-9.664406,-40.193825,BRIDGE
-9.649026,-40.619618,-9.649032,-40.619517,BRIDGE
-9.634818,-42.483806,-9.634744,-42.483742,BRIDGE
-9.632739,-42.486556,-9.632883,-42.486263,BRIDGE
-9.628790,-39.102386,-9.628968,-39.102364,BRIDGE
-9.626051,-39.805346,-9.625972,-39.805504,BRIDGE
-9.616202,-39.825026,-9.616115,-39.825193,BRIDGE
-9.614667,-42.503746,-9.614673,-42.503908,BRIDGE
-9.613816,-42.477399,-9.613819,-42.477483,BRIDGE
-9.597526,-38.080329,-9.597452,-38.080290,BRIDGE
-9.594675,-39.100834,-9.594811,-39.100821,BRIDGE
-9.594105,-39.099819,-9.594242,-39.099786,BRIDGE
-9.593220,-39.100968,-9.593379,-39.100953,BRIDGE
-9.589406,-39.847313,-9.589108,-39.847385,BRIDGE
-9.589351,-39.843373,-9.589219,-39.843330,BRIDGE
-9.589304,-40.422691,-9.589492,-40.422600,BRIDGE
-9.585336,-40.375156,-9.585321,-40.374828,BRIDGE
-9.579465,-39.889435,-9.579201,-39.889841,BRIDGE
-9.575938,-38.223701,-9.576022,-38.223709,BRIDGE
-9.573377,-38.218472,-9.573429,-38.218409,BRIDGE
-9.569247,-40.378848,-9.569116,-40.378633,BRIDGE
-9.562136,-40.653372,-9.562143,-40.654624,BRIDGE
-9.561941,-38.020709,-9.561929,-38.020916,BRIDGE
-9.560778,-40.377279,-9.561498,-40.377366,BRIDGE
-9.560296,-38.053424,-9.560191,-38.053368,BRIDGE
-9.551316,-38.029131,-9.550807,-38.029279,BRIDGE
-9.550162,-41.996223,-9.550411,-41.996474,BRIDGE
-9.548582,-40.442375,-9.548649,-40.442342,BRIDGE
-9.545971,-39.979776,-9.545817,-39.980205,BRIDGE
-9.544671,-40.366226,-9.544721,-40.366143,BRIDGE
-9.543999,-38.313950,-9.544062,-38.314001,BRIDGE
-9.531415,-38.300958,-9.531472,-38.300896,BRIDGE
-9.521134,-40.746313,-9.521101,-40.746495,BRIDGE
-9.517183,-43.247918,-9.517145,-43.247743,BRIDGE
-9.507323,-40.778643,-9.507304,-40.779272,BRIDGE
-9.507283,-38.075869,-9.507217,-38.075919,BRIDGE
-9.506364,-40.645648,-9.506287,-40.645930,BRIDGE
-9.501012,-40.348674,-9.500971,-40.348784,BRIDGE
-9.497464,-40.365722,-9.497674,-40.365679,BRIDGE
-9.492159,-40.624093,-9.492153,-40.623922,BRIDGE
-9.490489,-40.208403,-9.490227,-40.209378,BRIDGE
-9.489807,-40.212491,-9.489902,-40.212046,BRIDGE
-9.489566,-40.211882,-9.489297,-40.212998,BRIDGE
-9.486898,-40.633915,-9.486768,-40.633893,BRIDGE
-9.486440,-40.636409,-9.486554,-40.636428,BRIDGE
-9.483961,-40.468513,-9.484004,-40.468442,BRIDGE
-9.480243,-43.540581,-9.480190,-43.540519,BRIDGE
-9.477856,-40.267375,-9.477781,-40.267717,BRIDGE
-9.477448,-40.559639,-9.477458,-40.559509,BRIDGE
-9.470988,-38.207235,-9.470790,-38.207063,BRIDGE
-9.463792,-40.540756,-9.463879,-40.540802,BRIDGE
-9.463710,-40.780551,-9.463285,-40.780486,BRIDGE
-9.461496,-39.915395,-9.461302,-39.915386,BRIDGE
-9.459716,-40.423334,-9.459777,-40.423412,BRIDGE
-9.459007,-40.423814,-9.459125,-40.424232,BRIDGE
-9.457827,-38.164456,-9.457933,-38.164737,BRIDGE
-9.457727,-38.252538,-9.457679,-38.252453,BRIDGE
-9.457147,-38.182639,-9.457174,-38.182428,BRIDGE
-9.453111,-40.377820,-9.453228,-40.377848,BRIDGE
-9.452663,-40.488079,-9.452576,-40.488123,BRIDGE
-9.452607,-40.488217,-9.452705,-40.488170,BRIDGE
-9.449432,-40.478707,-9.449385,-40.478522,BRIDGE
-9.449350,-40.533012,-9.449616,-40.533162,BRIDGE
-9.443721,-40.485858,-9.443669,-40.485939,BRIDGE
-9.441522,-40.486845,-9.441471,-40.486712,BRIDGE
-9.440887,-40.486765,-9.440847,-40.486669,BRIDGE
-9.440421,-40.486943,-9.440393,-40.486887,BRIDGE
-9.439953,-40.487358,-9.439911,-40.487268,BRIDGE
-9.439691,-40.832117,-9.438204,-40.831709,BRIDGE
-9.439291,-40.487289,-9.439314,-40.487364,BRIDGE
-9.437977,-40.487252,-9.438019,-40.487340,BRIDGE
-9.437369,-40.487236,-9.437408,-40.487314,BRIDGE
-9.436865,-40.487475,-9.436813,-40.487361,BRIDGE
-9.436777,-40.481673,-9.436939,-40.481463,BRIDGE
-9.436287,-40.487529,-9.436341,-40.487644,BRIDGE
-9.435356,-38.282743,-9.435273,-38.282731,BRIDGE
-9.435297,-40.519314,-9.435211,-40.519336,BRIDGE
-9.435102,-40.496366,-9.434461,-40.496675,BRIDGE
-9.435036,-38.211002,-9.434970,-38.211050,BRIDGE
-9.434501,-40.496777,-9.435146,-40.496469,BRIDGE
-9.433903,-40.829284,-9.428885,-40.826351,BRIDGE
-9.433889,-40.488582,-9.433845,-40.488545,BRIDGE
-9.433713,-40.495672,-9.433611,-40.495714,BRIDGE
-9.432323,-40.495093,-9.432429,-40.495060,BRIDGE
-9.431905,-40.494494,-9.431809,-40.494579,BRIDGE
-9.431416,-40.489237,-9.431409,-40.489122,BRIDGE
-9.431061,-38.205699,-9.431118,-38.205638,BRIDGE
-9.430794,-40.471630,-9.430865,-40.471918,BRIDGE
-9.430210,-38.201456,-9.430113,-38.201421,BRIDGE
-9.429448,-40.489326,-9.429446,-40.489207,BRIDGE
-9.428825,-40.516788,-9.428887,-40.516663,BRIDGE
-9.427934,-40.491803,-9.427956,-40.491720,BRIDGE
-9.427603,-40.494863,-9.427477,-40.494860,BRIDGE
-9.427514,-40.499615,-9.426927,-40.499774,BRIDGE
-9.427279,-40.499738,-9.427242,-40.499558,TUNNEL
-9.426822,-40.515663,-9.426913,-40.515679,BRIDGE
-9.426618,-40.516099,-9.426501,-40.516063,BRIDGE
-9.426561,-40.505070,-9.426487,-40.505104,BRIDGE
-9.426485,-40.499984,-9.425717,-40.500790,BRIDGE
-9.426223,-40.510042,-9.426095,-40.510049,BRIDGE
-9.425827,-40.505040,-9.425550,-40.505147,TUNNEL
-9.424894,-40.505034,-9.424569,-40.505892,BRIDGE
-9.422587,-38.230979,-9.421857,-38.231266,BRIDGE
-9.421909,-40.434947,-9.422059,-40.435361,BRIDGE
-9.421092,-38.198268,-9.419095,-38.197571,BRIDGE
-9.418855,-40.507236,-9.418829,-40.507399,TUNNEL
-9.417468,-40.389096,-9.417439,-40.389243,BRIDGE
-9.410442,-40.505449,-9.410420,-40.505560,TUNNEL
-9.409896,-40.505102,-9.409511,-40.505294,BRIDGE
-9.409522,-40.505259,-9.409512,-40.505279,TUNNEL
-9.409511,-40.505294,-9.409752,-40.505641,BRIDGE
-9.409015,-38.210912,-9.409233,-38.210912,BRIDGE
-9.408472,-40.505060,-9.409511,-40.505294,BRIDGE
-9.408472,-40.505060,-9.407638,-40.504869,BRIDGE
-9.407638,-40.504869,-9.408472,-40.505060,BRIDGE
-9.403176,-38.204236,-9.403510,-38.204202,BRIDGE
-9.401163,-38.236007,-9.400526,-38.233891,BRIDGE
-9.399698,-40.430092,-9.399577,-40.430102,BRIDGE
-9.398972,-38.202174,-9.400625,-38.200321,BRIDGE
-9.398336,-38.203719,-9.397554,-38.203001,TUNNEL
-9.397539,-38.205661,-9.397644,-38.205863,BRIDGE
-9.396775,-38.213678,-9.396615,-38.213282,BRIDGE
-9.395095,-38.206530,-9.395265,-38.206351,BRIDGE
-9.394646,-38.201160,-9.394391,-38.201088,BRIDGE
-9.393260,-38.209826,-9.393259,-38.209607,BRIDGE
-9.390406,-38.254287,-9.390466,-38.254225,BRIDGE
-9.385608,-40.303615,-9.387541,-40.304089,BRIDGE
-9.362944,-41.374528,-9.363235,-41.374552,BRIDGE
-9.360863,-40.788147,-9.361075,-40.788464,BRIDGE
-9.347980,-40.227856,-9.348027,-40.227880,BRIDGE
-9.346739,-38.280441,-9.346987,-38.280351,BRIDGE
-9.344223,-40.767403,-9.344071,-40.767403,BRIDGE
-9.334296,-40.746018,-9.334293,-40.745836,BRIDGE
-9.311815,-40.290264,-9.311868,-40.290252,BRIDGE
-9.311622,-40.288421,-9.311620,-40.288332,BRIDGE
-9.308122,-41.662089,-9.308136,-41.662194,BRIDGE
-9.304684,-40.286204,-9.304636,-40.286319,BRIDGE
-9.299755,-38.305696,-9.299940,-38.305534,BRIDGE
-9.297070,-40.281803,-9.297031,-40.281874,BRIDGE
-9.294693,-39.072203,-9.294827,-39.072212,BRIDGE
-9.294527,-40.281778,-9.294474,-40.281684,BRIDGE
-9.292989,-41.654624,-9.293057,-41.654737,BRIDGE
-9.292534,-40.281510,-9.292522,-40.281564,BRIDGE
-9.290268,-41.520959,-9.290288,-41.521147,BRIDGE
-9.288127,-40.280414,-9.288066,-40.280505,BRIDGE
-9.273159,-41.580809,-9.273517,-41.580614,BRIDGE
-9.272254,-38.329122,-9.272440,-38.328963,BRIDGE
-9.266747,-40.263444,-9.266702,-40.263385,BRIDGE
-9.251649,-38.331347,-9.251919,-38.331346,BRIDGE
-9.239712,-39.075365,-9.239801,-39.075322,BRIDGE
-9.235206,-40.290098,-9.235117,-40.290076,BRIDGE
-9.231391,-39.063471,-9.231920,-39.064108,BRIDGE
-9.224379,-38.331424,-9.224605,-38.331422,BRIDGE
-9.206573,-39.091251,-9.206656,-39.091209,BRIDGE
-9.205427,-39.091806,-9.205516,-39.091765,BRIDGE
-9.186431,-39.057176,-9.186615,-39.057204,BRIDGE
-9.184565,-38.325944,-9.184782,-38.326060,BRIDGE
-9.184079,-40.077802,-9.183825,-40.077560,BRIDGE
-9.179392,-40.993910,-9.179189,-40.995697,BRIDGE
-9.162504,-40.060389,-9.162444,-40.060450,BRIDGE
-9.160703,-39.060804,-9.160175,-39.060832,BRIDGE
-9.154161,-38.307261,-9.151910,-38.305941,BRIDGE
-9.145828,-40.025765,-9.145896,-40.025737,BRIDGE
-9.144968,-40.021456,-9.144911,-40.021286,BRIDGE
-9.141228,-40.027391,-9.141196,-40.027401,BRIDGE
-9.140949,-40.026236,-9.140995,-40.026217,BRIDGE
-9.140028,-40.024626,-9.139948,-40.024479,BRIDGE
-9.134086,-39.978903,-9.134177,-39.978581,BRIDGE
-9.133883,-40.027229,-9.133881,-40.027383,BRIDGE
-9.130057,-39.128001,-9.130153,-39.127955,BRIDGE
-9.129892,-39.958419,-9.129818,-39.958316,BRIDGE
-9.124796,-39.130528,-9.124973,-39.130443,BRIDGE
-9.115248,-39.937516,-9.115062,-39.936524,BRIDGE
-9.096308,-40.047153,-9.096263,-40.047098,BRIDGE
-9.079792,-39.038818,-9.079661,-39.038721,BRIDGE
-9.077324,-40.043866,-9.077341,-40.043791,BRIDGE
-9.062144,-39.034491,-9.062028,-39.034472,BRIDGE
-9.043394,-39.031399,-9.043311,-39.031386,BRIDGE
-9.033599,-39.028002,-9.033519,-39.027988,BRIDGE
-9.026804,-39.901675,-9.026519,-39.901571,BRIDGE
-8.995965,-39.021804,-8.995900,-39.021719,BRIDGE
-8.995894,-39.192503,-8.996007,-39.192445,BRIDGE
-8.984220,-39.018175,-8.984139,-39.018165,BRIDGE
-8.981107,-39.199607,-8.981219,-39.199557,BRIDGE
-8.978295,-39.883150,-8.978123,-39.882817,BRIDGE
-8.962738,-39.858396,-8.962651,-39.858297,BRIDGE
-8.960210,-39.014265,-8.959901,-39.014228,BRIDGE
-8.947925,-39.011723,-8.947792,-39.011685,BRIDGE
-8.884153,-39.010198,-8.884035,-39.010131,BRIDGE
-8.871421,-39.252384,-8.873871,-39.251170,BRIDGE
-8.868409,-38.879984,-8.868328,-38.879823,BRIDGE
-8.860239,-38.956514,-8.860569,-38.956267,BRIDGE
-8.851807,-39.773030,-8.851774,-39.772909,BRIDGE
-8.838883,-39.019355,-8.838759,-39.018999,BRIDGE
-8.837502,-39.028956,-8.838216,-39.028098,BRIDGE
-8.832650,-39.032957,-8.832759,-39.032887,BRIDGE
-8.829695,-39.259706,-8.829837,-39.259704,BRIDGE
-8.818932,-39.696527,-8.818599,-39.696019,BRIDGE
-8.786109,-39.260173,-8.786340,-39.260171,BRIDGE
-8.786024,-39.663284,-8.786150,-39.663352,BRIDGE
-8.770508,-39.653891,-8.770647,-39.654429,BRIDGE
-8.757818,-39.066944,-8.758133,-39.066636,BRIDGE
-8.754065,-39.070472,-8.754389,-39.070144,BRIDGE
-8.723527,-39.163264,-8.723439,-39.161899,BRIDGE
-8.720956,-39.207354,-8.720819,-39.207816,BRIDGE
-8.718947,-39.213764,-8.718913,-39.213870,BRIDGE
-8.714444,-39.261389,-8.714604,-39.261401,BRIDGE
-8.711547,-39.261158,-8.711687,-39.261170,BRIDGE
-8.710800,-39.592868,-8.710696,-39.592694,BRIDGE
-8.706200,-39.246823,-8.706006,-39.247088,BRIDGE
-8.666529,-39.329210,-8.666606,-39.328956,BRIDGE
-8.661464,-39.544357,-8.661167,-39.544091,BRIDGE
-8.644059,-39.404117,-8.644119,-39.403903,BRIDGE
-8.637383,-39.435535,-8.637408,-39.435422,BRIDGE
-8.635445,-39.257997,-8.635650,-39.258539,BRIDGE
-8.632715,-39.457600,-8.632737,-39.457493,BRIDGE
-8.626899,-39.505251,-8.626831,-39.505123,BRIDGE
-8.626024,-39.244801,-8.627761,-39.246713,BRIDGE
-8.625463,-39.491953,-8.625483,-39.491856,BRIDGE
