{"type":"FeatureCollection","attribution":"Pardal — © colaboradores do OpenStreetMap (ODbL 1.0) e fontes abertas listadas no README","features":[{"type":"Feature","geometry":{"type":"Point","coordinates":[-39.017952,-7.548382]},"properties":{"kind":"FIXED","limit_kmh":60,"source":"OSM","active":true}},{"type":"Feature","geometry":{"type":"Point","coordinates":[-39.026787,-7.540137]},"properties":{"kind":"FIXED","limit_kmh":60,"source":"OSM","active":true}},{"type":"Feature","geometry":{"type":"Point","coordinates":[-39.026356,-7.540003]},"properties":{"kind":"FIXED","limit_kmh":60,"source":"OSM","active":true}},{"type":"Feature","geometry":{"type":"Point","coordinates":[-38.984559,-7.495939]},"properties":{"kind":"FIXED","limit_kmh":null,"source":"DNIT","active":false}},{"type":"Feature","geometry":{"type":"Point","coordinates":[-38.984042,-7.489198]},"properties":{"kind":"FIXED","limit_kmh":null,"source":"DNIT","active":false}},{"type":"Feature","geometry":{"type":"Point","coordinates":[-38.920989,-7.305819]},"properties":{"kind":"FIXED","limit_kmh":null,"source":"DNIT","active":true}},{"type":"Feature","geometry":{"type":"Point","coordinates":[-39.325741,-7.222416]},"properties":{"kind":"FIXED","limit_kmh":50,"source":"OSM","active":true}},{"type":"Feature","geometry":{"type":"Point","coordinates":[-39.325774,-7.222095]},"properties":{"kind":"FIXED","limit_kmh":50,"source":"OSM","active":true}},{"type":"Feature","geometry":{"type":"Point","coordinates":[-39.324713,-7.218588]},"properties":{"kind":"FIXED","limit_kmh":50,"source":"OSM","active":true}},{"type":"Feature","geometry":{"type":"Point","coordinates":[-39.324387,-7.218163]},"properties":{"kind":"FIXED","limit_kmh":50,"source":"OSM","active":true}},{"type":"Feature","geometry":{"type":"Point","coordinates":[-39.324692,-7.218102]},"properties":{"kind":"FIXED","limit_kmh":50,"source":"OSM","active":true}},{"type":"Feature","geometry":{"type":"Point","coordinates":[-38.780305,-7.166468]},"properties":{"kind":"FIXED","limit_kmh":50,"source":"OSM","active":true}},{"type":"Feature","geometry":{"type":"Point","coordinates":[-39.565113,-6.937124]},"properties":{"kind":"FIXED","limit_kmh":60,"source":"OSM","active":true}},{"type":"Feature","geometry":{"type":"Point","coordinates":[-39.565336,-6.936869]},"properties":{"kind":"FIXED","limit_kmh":60,"source":"OSM","active":true}},{"type":"Feature","geometry":{"type":"Point","coordinates":[-39.567549,-6.934318]},"properties":{"kind":"FIXED","limit_kmh":60,"source":"OSM","active":true}},{"type":"Feature","geometry":{"type":"Point","coordinates":[-39.306831,-6.356741]},"properties":{"kind":"FIXED","limit_kmh":60,"source":"OSM","active":true}},{"type":"Feature","geometry":{"type":"Point","coordinates":[-39.306438,-6.348969]},"properties":{"kind":"FIXED","limit_kmh":60,"source":"OSM","active":true}},{"type":"Feature","geometry":{"type":"Point","coordinates":[-39.307225,-6.347147]},"properties":{"kind":"FIXED","limit_kmh":60,"source":"OSM","active":true}},{"type":"Feature","geometry":{"type":"Point","coordinates":[-39.229502,-6.259496]},"properties":{"kind":"FIXED","limit_kmh":60,"source":"OSM","active":true}},{"type":"Feature","geometry":{"type":"Point","coordinates":[-39.226424,-6.259096]},"properties":{"kind":"FIXED","limit_kmh":60,"source":"OSM","active":true}},{"type":"Feature","geometry":{"type":"Point","coordinates":[-39.447614,-6.10594]},"properties":{"kind":"FIXED","limit_kmh":60,"source":"OSM","active":true}},{"type":"Feature","geometry":{"type":"Point","coordinates":[-39.448055,-6.105488]},"properties":{"kind":"FIXED","limit_kmh":60,"source":"OSM","active":true}},{"type":"Feature","geometry":{"type":"Point","coordinates":[-40.284251,-6.005202]},"properties":{"kind":"FIXED","limit_kmh":null,"source":"DNIT","active":true}},{"type":"Feature","geometry":{"type":"Point","coordinates":[-39.524451,-5.948703]},"properties":{"kind":"FIXED","limit_kmh":40,"source":"OSM","active":true}},{"type":"Feature","geometry":{"type":"Point","coordinates":[-39.525842,-5.940693]},"properties":{"kind":"FIXED","limit_kmh":40,"source":"OSM","active":true}},{"type":"Feature","geometry":{"type":"Point","coordinates":[-39.527308,-5.929187]},"properties":{"kind":"FIXED","limit_kmh":40,"source":"OSM","active":true}},{"type":"Feature","geometry":{"type":"Point","coordinates":[-38.624636,-5.907427]},"properties":{"kind":"FIXED","limit_kmh":60,"source":"OSM","active":true}},{"type":"Feature","geometry":{"type":"Point","coordinates":[-39.621819,-5.740134]},"properties":{"kind":"FIXED","limit_kmh":60,"source":"OSM","active":true}},{"type":"Feature","geometry":{"type":"Point","coordinates":[-39.617732,-5.73675]},"properties":{"kind":"FIXED","limit_kmh":60,"source":"OSM","active":true}},{"type":"Feature","geometry":{"type":"Point","coordinates":[-39.585228,-5.580207]},"properties":{"kind":"FIXED","limit_kmh":60,"source":"OSM","active":true}},{"type":"Feature","geometry":{"type":"Point","coordinates":[-39.583324,-5.574451]},"properties":{"kind":"FIXED","limit_kmh":null,"source":"OSM","active":true}},{"type":"Feature","geometry":{"type":"Point","coordinates":[-39.547975,-5.513061]},"properties":{"kind":"FIXED","limit_kmh":60,"source":"OSM","active":true}},{"type":"Feature","geometry":{"type":"Point","coordinates":[-39.551012,-5.512165]},"properties":{"kind":"FIXED","limit_kmh":60,"source":"OSM","active":true}},{"type":"Feature","geometry":{"type":"Point","coordinates":[-40.003963,-5.440197]},"properties":{"kind":"FIXED","limit_kmh":60,"source":"OSM","active":true}},{"type":"Feature","geometry":{"type":"Point","coordinates":[-40.003378,-5.43902]},"properties":{"kind":"FIXED","limit_kmh":60,"source":"OSM","active":true}},{"type":"Feature","geometry":{"type":"Point","coordinates":[-39.485065,-5.401141]},"properties":{"kind":"FIXED","limit_kmh":60,"source":"OSM","active":true}},{"type":"Feature","geometry":{"type":"Point","coordinates":[-39.484931,-5.400054]},"properties":{"kind":"FIXED","limit_kmh":60,"source":"OSM","active":true}},{"type":"Feature","geometry":{"type":"Point","coordinates":[-38.109932,-5.268981]},"properties":{"kind":"FIXED","limit_kmh":40,"source":"OSM","active":true}},{"type":"Feature","geometry":{"type":"Point","coordinates":[-38.146838,-5.234623]},"properties":{"kind":"FIXED","limit_kmh":60,"source":"OSM","active":true}},{"type":"Feature","geometry":{"type":"Point","coordinates":[-38.122274,-5.199176]},"properties":{"kind":"FIXED","limit_kmh":60,"source":"OSM","active":true}},{"type":"Feature","geometry":{"type":"Point","coordinates":[-39.293662,-5.19199]},"properties":{"kind":"FIXED","limit_kmh":40,"source":"OSM","active":true}},{"type":"Feature","geometry":{"type":"Point","coordinates":[-39.293219,-5.191917]},"properties":{"kind":"FIXED","limit_kmh":40,"source":"OSM","active":true}},{"type":"Feature","geometry":{"type":"Point","coordinates":[-40.654038,-5.175814]},"properties":{"kind":"FIXED","limit_kmh":60,"source":"OSM","active":true}},{"type":"Feature","geometry":{"type":"Point","coordinates":[-40.654224,-5.175366]},"properties":{"kind":"FIXED","limit_kmh":60,"source":"OSM","active":true}},{"type":"Feature","geometry":{"type":"Point","coordinates":[-39.182384,-5.138855]},"properties":{"kind":"FIXED","limit_kmh":60,"source":"OSM","active":true}},{"type":"Feature","geometry":{"type":"Point","coordinates":[-39.181106,-5.138252]},"properties":{"kind":"FIXED","limit_kmh":60,"source":"OSM","active":true}},{"type":"Feature","geometry":{"type":"Point","coordinates":[-39.737424,-5.127072]},"properties":{"kind":"FIXED","limit_kmh":null,"source":"DNIT","active":false}},{"type":"Feature","geometry":{"type":"Point","coordinates":[-39.728573,-5.118508]},"properties":{"kind":"FIXED","limit_kmh":null,"source":"DNIT","active":false}},{"type":"Feature","geometry":{"type":"Point","coordinates":[-39.7271,-5.11725]},"properties":{"kind":"FIXED","limit_kmh":60,"source":"OSM","active":false}},{"type":"Feature","geometry":{"type":"Point","coordinates":[-38.083818,-5.109457]},"properties":{"kind":"FIXED","limit_kmh":40,"source":"OSM","active":true}},{"type":"Feature","geometry":{"type":"Point","coordinates":[-38.074385,-5.095879]},"properties":{"kind":"FIXED","limit_kmh":60,"source":"OSM","active":true}},{"type":"Feature","geometry":{"type":"Point","coordinates":[-38.001832,-4.959112]},"properties":{"kind":"FIXED","limit_kmh":60,"source":"OSM","active":true}},{"type":"Feature","geometry":{"type":"Point","coordinates":[-37.99522,-4.952122]},"properties":{"kind":"FIXED","limit_kmh":null,"source":"DNIT","active":false}},{"type":"Feature","geometry":{"type":"Point","coordinates":[-37.992703,-4.948352]},"properties":{"kind":"FIXED","limit_kmh":60,"source":"OSM","active":false}},{"type":"Feature","geometry":{"type":"Point","coordinates":[-37.976363,-4.94145]},"properties":{"kind":"FIXED","limit_kmh":40,"source":"OSM","active":true}},{"type":"Feature","geometry":{"type":"Point","coordinates":[-37.457974,-4.863137]},"properties":{"kind":"FIXED","limit_kmh":60,"source":"OSM","active":true}},{"type":"Feature","geometry":{"type":"Point","coordinates":[-39.574353,-4.855959]},"properties":{"kind":"FIXED","limit_kmh":60,"source":"OSM","active":true}},{"type":"Feature","geometry":{"type":"Point","coordinates":[-40.32973,-4.836017]},"properties":{"kind":"FIXED","limit_kmh":40,"source":"OSM","active":true}},{"type":"Feature","geometry":{"type":"Point","coordinates":[-40.329765,-4.835982]},"properties":{"kind":"SECTION","limit_kmh":40,"source":"OSM","active":true,"end":[-40.32787,-4.834572]}},{"type":"Feature","geometry":{"type":"Point","coordinates":[-40.32787,-4.834572]},"properties":{"kind":"SECTION","limit_kmh":40,"source":"OSM","active":true,"end":[-40.329765,-4.835982]}},{"type":"Feature","geometry":{"type":"Point","coordinates":[-40.327916,-4.834529]},"properties":{"kind":"FIXED","limit_kmh":40,"source":"OSM","active":true}},{"type":"Feature","geometry":{"type":"Point","coordinates":[-38.740802,-4.747773]},"properties":{"kind":"FIXED","limit_kmh":60,"source":"OSM","active":true}},{"type":"Feature","geometry":{"type":"Point","coordinates":[-38.975962,-4.72347]},"properties":{"kind":"FIXED","limit_kmh":60,"source":"OSM","active":true}},{"type":"Feature","geometry":{"type":"Point","coordinates":[-38.974317,-4.721409]},"properties":{"kind":"FIXED","limit_kmh":60,"source":"OSM","active":true}},{"type":"Feature","geometry":{"type":"Point","coordinates":[-38.699295,-4.696003]},"properties":{"kind":"FIXED","limit_kmh":60,"source":"OSM","active":true}},{"type":"Feature","geometry":{"type":"Point","coordinates":[-38.697674,-4.693964]},"properties":{"kind":"FIXED","limit_kmh":60,"source":"OSM","active":true}},{"type":"Feature","geometry":{"type":"Point","coordinates":[-37.650223,-4.620153]},"properties":{"kind":"FIXED","limit_kmh":60,"source":"OSM","active":true}},{"type":"Feature","geometry":{"type":"Point","coordinates":[-37.778133,-4.579525]},"properties":{"kind":"FIXED","limit_kmh":60,"source":"OSM","active":true}},{"type":"Feature","geometry":{"type":"Point","coordinates":[-37.722495,-4.579314]},"properties":{"kind":"FIXED","limit_kmh":60,"source":"OSM","active":true}},{"type":"Feature","geometry":{"type":"Point","coordinates":[-37.765143,-4.57496]},"properties":{"kind":"FIXED","limit_kmh":null,"source":"DNIT","active":true}},{"type":"Feature","geometry":{"type":"Point","coordinates":[-37.793084,-4.574657]},"properties":{"kind":"FIXED","limit_kmh":60,"source":"OSM","active":true}},{"type":"Feature","geometry":{"type":"Point","coordinates":[-37.79443,-4.574549]},"properties":{"kind":"FIXED","limit_kmh":60,"source":"OSM","active":true}},{"type":"Feature","geometry":{"type":"Point","coordinates":[-37.737478,-4.57352]},"properties":{"kind":"FIXED","limit_kmh":null,"source":"DNIT","active":true}},{"type":"Feature","geometry":{"type":"Point","coordinates":[-37.761143,-4.572822]},"properties":{"kind":"FIXED","limit_kmh":null,"source":"DNIT","active":true}},{"type":"Feature","geometry":{"type":"Point","coordinates":[-37.799488,-4.528824]},"properties":{"kind":"FIXED","limit_kmh":60,"source":"OSM","active":true}},{"type":"Feature","geometry":{"type":"Point","coordinates":[-37.800325,-4.500432]},"properties":{"kind":"FIXED","limit_kmh":60,"source":"OSM","active":true}},{"type":"Feature","geometry":{"type":"Point","coordinates":[-38.896012,-4.468332]},"properties":{"kind":"FIXED","limit_kmh":60,"source":"OSM","active":true}},{"type":"Feature","geometry":{"type":"Point","coordinates":[-38.895571,-4.463661]},"properties":{"kind":"FIXED","limit_kmh":60,"source":"OSM","active":true}},{"type":"Feature","geometry":{"type":"Point","coordinates":[-39.345847,-4.457196]},"properties":{"kind":"FIXED","limit_kmh":60,"source":"OSM","active":true}},{"type":"Feature","geometry":{"type":"Point","coordinates":[-39.309908,-4.380319]},"properties":{"kind":"FIXED","limit_kmh":60,"source":"OSM","active":false}},{"type":"Feature","geometry":{"type":"Point","coordinates":[-37.923725,-4.37513]},"properties":{"kind":"FIXED","limit_kmh":80,"source":"OSM","active":true}},{"type":"Feature","geometry":{"type":"Point","coordinates":[-39.33052,-4.351002]},"properties":{"kind":"FIXED","limit_kmh":80,"source":"OSM","active":true}},{"type":"Feature","geometry":{"type":"Point","coordinates":[-39.310956,-4.346455]},"properties":{"kind":"FIXED","limit_kmh":60,"source":"OSM","active":true}},{"type":"Feature","geometry":{"type":"Point","coordinates":[-38.865459,-4.343631]},"properties":{"kind":"FIXED","limit_kmh":40,"source":"OSM","active":true}},{"type":"Feature","geometry":{"type":"Point","coordinates":[-38.881645,-4.334327]},"properties":{"kind":"FIXED","limit_kmh":40,"source":"OSM","active":true}},{"type":"Feature","geometry":{"type":"Point","coordinates":[-39.2874,-4.333638]},"properties":{"kind":"FIXED","limit_kmh":40,"source":"OSM","active":false}},{"type":"Feature","geometry":{"type":"Point","coordinates":[-39.286667,-4.33266]},"properties":{"kind":"FIXED","limit_kmh":60,"source":"OSM","active":false}},{"type":"Feature","geometry":{"type":"Point","coordinates":[-38.883884,-4.324829]},"properties":{"kind":"FIXED","limit_kmh":40,"source":"OSM","active":true}},{"type":"Feature","geometry":{"type":"Point","coordinates":[-39.269636,-4.319603]},"properties":{"kind":"FIXED","limit_kmh":80,"source":"OSM","active":true}},{"type":"Feature","geometry":{"type":"Point","coordinates":[-38.883074,-4.314954]},"properties":{"kind":"FIXED","limit_kmh":40,"source":"OSM","active":true}},{"type":"Feature","geometry":{"type":"Point","coordinates":[-38.742756,-4.314808]},"properties":{"kind":"FIXED","limit_kmh":40,"source":"OSM","active":true}},{"type":"Feature","geometry":{"type":"Point","coordinates":[-38.7424,-4.31416]},"properties":{"kind":"FIXED","limit_kmh":40,"source":"OSM","active":true}},{"type":"Feature","geometry":{"type":"Point","coordinates":[-38.497913,-4.313152]},"properties":{"kind":"FIXED","limit_kmh":80,"source":"OSM","active":true}},{"type":"Feature","geometry":{"type":"Point","coordinates":[-40.044277,-4.302002]},"properties":{"kind":"FIXED","limit_kmh":60,"source":"OSM","active":true}},{"type":"Feature","geometry":{"type":"Point","coordinates":[-38.501847,-4.299778]},"properties":{"kind":"FIXED","limit_kmh":60,"source":"OSM","active":false}},{"type":"Feature","geometry":{"type":"Point","coordinates":[-38.50162,-4.298865]},"properties":{"kind":"FIXED","limit_kmh":60,"source":"OSM","active":false}},{"type":"Feature","geometry":{"type":"Point","coordinates":[-38.915037,-4.292005]},"properties":{"kind":"FIXED","limit_kmh":40,"source":"OSM","active":true}},{"type":"Feature","geometry":{"type":"Point","coordinates":[-38.726976,-4.277074]},"properties":{"kind":"FIXED","limit_kmh":40,"source":"OSM","active":true}},{"type":"Feature","geometry":{"type":"Point","coordinates":[-38.726757,-4.274564]},"properties":{"kind":"FIXED","limit_kmh":40,"source":"OSM","active":true}},{"type":"Feature","geometry":{"type":"Point","coordinates":[-38.801066,-4.251136]},"properties":{"kind":"FIXED","limit_kmh":null,"source":"OSM","active":true}},{"type":"Feature","geometry":{"type":"Point","coordinates":[-38.801931,-4.250441]},"properties":{"kind":"FIXED","limit_kmh":null,"source":"OSM","active":true}},{"type":"Feature","geometry":{"type":"Point","coordinates":[-38.836702,-4.241828]},"properties":{"kind":"FIXED","limit_kmh":null,"source":"OSM","active":true}},{"type":"Feature","geometry":{"type":"Point","coordinates":[-38.837835,-4.24167]},"properties":{"kind":"FIXED","limit_kmh":null,"source":"OSM","active":true}},{"type":"Feature","geometry":{"type":"Point","coordinates":[-39.199949,-4.232938]},"properties":{"kind":"FIXED","limit_kmh":60,"source":"OSM","active":true}},{"type":"Feature","geometry":{"type":"Point","coordinates":[-39.199245,-4.231415]},"properties":{"kind":"FIXED","limit_kmh":60,"source":"OSM","active":true}},{"type":"Feature","geometry":{"type":"Point","coordinates":[-39.198238,-4.229184]},"properties":{"kind":"FIXED","limit_kmh":60,"source":"OSM","active":true}},{"type":"Feature","geometry":{"type":"Point","coordinates":[-39.197632,-4.227862]},"properties":{"kind":"FIXED","limit_kmh":60,"source":"OSM","active":true}},{"type":"Feature","geometry":{"type":"Point","coordinates":[-38.709787,-4.224475]},"properties":{"kind":"FIXED","limit_kmh":40,"source":"OSM","active":true}},{"type":"Feature","geometry":{"type":"Point","coordinates":[-38.725189,-4.223655]},"properties":{"kind":"FIXED","limit_kmh":40,"source":"OSM","active":true}},{"type":"Feature","geometry":{"type":"Point","coordinates":[-38.717016,-4.221099]},"properties":{"kind":"FIXED","limit_kmh":null,"source":"OSM","active":true}},{"type":"Feature","geometry":{"type":"Point","coordinates":[-38.715846,-4.221061]},"properties":{"kind":"FIXED","limit_kmh":null,"source":"OSM","active":true}},{"type":"Feature","geometry":{"type":"Point","coordinates":[-38.703843,-4.219987]},"properties":{"kind":"FIXED","limit_kmh":40,"source":"OSM","active":true}},{"type":"Feature","geometry":{"type":"Point","coordinates":[-38.474979,-4.218122]},"properties":{"kind":"FIXED","limit_kmh":60,"source":"OSM","active":false}},{"type":"Feature","geometry":{"type":"Point","coordinates":[-38.699907,-4.213761]},"properties":{"kind":"FIXED","limit_kmh":40,"source":"OSM","active":true}},{"type":"Feature","geometry":{"type":"Point","coordinates":[-38.699613,-4.212993]},"properties":{"kind":"FIXED","limit_kmh":40,"source":"OSM","active":true}},{"type":"Feature","geometry":{"type":"Point","coordinates":[-38.216147,-4.209865]},"properties":{"kind":"FIXED","limit_kmh":80,"source":"OSM","active":true}},{"type":"Feature","geometry":{"type":"Point","coordinates":[-38.227079,-4.207961]},"properties":{"kind":"FIXED","limit_kmh":80,"source":"OSM","active":true}},{"type":"Feature","geometry":{"type":"Point","coordinates":[-38.189688,-4.199624]},"properties":{"kind":"FIXED","limit_kmh":80,"source":"OSM","active":true}},{"type":"Feature","geometry":{"type":"Point","coordinates":[-38.229109,-4.184751]},"properties":{"kind":"FIXED","limit_kmh":80,"source":"OSM","active":true}},{"type":"Feature","geometry":{"type":"Point","coordinates":[-38.694173,-4.183912]},"properties":{"kind":"FIXED","limit_kmh":60,"source":"OSM","active":true}},{"type":"Feature","geometry":{"type":"Point","coordinates":[-38.694282,-4.18389]},"properties":{"kind":"FIXED","limit_kmh":60,"source":"OSM","active":true}},{"type":"Feature","geometry":{"type":"Point","coordinates":[-38.233869,-4.16095]},"properties":{"kind":"FIXED","limit_kmh":80,"source":"OSM","active":true}},{"type":"Feature","geometry":{"type":"Point","coordinates":[-38.267524,-4.136275]},"properties":{"kind":"FIXED","limit_kmh":80,"source":"OSM","active":true}},{"type":"Feature","geometry":{"type":"Point","coordinates":[-38.660625,-4.121904]},"properties":{"kind":"FIXED","limit_kmh":60,"source":"OSM","active":true}},{"type":"Feature","geometry":{"type":"Point","coordinates":[-38.660718,-4.121853]},"properties":{"kind":"FIXED","limit_kmh":60,"source":"OSM","active":true}},{"type":"Feature","geometry":{"type":"Point","coordinates":[-38.48834,-4.117492]},"properties":{"kind":"FIXED","limit_kmh":null,"source":"DNIT","active":false}},{"type":"Feature","geometry":{"type":"Point","coordinates":[-38.48855,-4.117056]},"properties":{"kind":"FIXED","limit_kmh":50,"source":"OSM","active":false}},{"type":"Feature","geometry":{"type":"Point","coordinates":[-38.489202,-4.114645]},"properties":{"kind":"FIXED","limit_kmh":null,"source":"DNIT","active":true}},{"type":"Feature","geometry":{"type":"Point","coordinates":[-39.057677,-4.099444]},"properties":{"kind":"FIXED","limit_kmh":null,"source":"DNIT","active":true}},{"type":"Feature","geometry":{"type":"Point","coordinates":[-39.057729,-4.099342]},"properties":{"kind":"FIXED","limit_kmh":60,"source":"OSM","active":true}},{"type":"Feature","geometry":{"type":"Point","coordinates":[-38.503156,-4.096546]},"properties":{"kind":"FIXED","limit_kmh":null,"source":"DNIT","active":true}},{"type":"Feature","geometry":{"type":"Point","coordinates":[-38.503704,-4.095263]},"properties":{"kind":"FIXED","limit_kmh":null,"source":"DNIT","active":true}},{"type":"Feature","geometry":{"type":"Point","coordinates":[-38.503617,-4.094913]},"properties":{"kind":"FIXED","limit_kmh":50,"source":"OSM","active":true}},{"type":"Feature","geometry":{"type":"Point","coordinates":[-38.642365,-4.075592]},"properties":{"kind":"FIXED","limit_kmh":80,"source":"OSM","active":true}},{"type":"Feature","geometry":{"type":"Point","coordinates":[-38.64222,-4.074514]},"properties":{"kind":"FIXED","limit_kmh":80,"source":"OSM","active":true}},{"type":"Feature","geometry":{"type":"Point","coordinates":[-40.863277,-4.06341]},"properties":{"kind":"FIXED","limit_kmh":60,"source":"OSM","active":true}},{"type":"Feature","geometry":{"type":"Point","coordinates":[-40.86306,-4.06226]},"properties":{"kind":"FIXED","limit_kmh":60,"source":"OSM","active":true}},{"type":"Feature","geometry":{"type":"Point","coordinates":[-38.297319,-4.0505]},"properties":{"kind":"FIXED","limit_kmh":80,"source":"OSM","active":true}},{"type":"Feature","geometry":{"type":"Point","coordinates":[-38.636872,-4.041346]},"properties":{"kind":"FIXED","limit_kmh":40,"source":"OSM","active":true}},{"type":"Feature","geometry":{"type":"Point","coordinates":[-38.635334,-4.039517]},"properties":{"kind":"FIXED","limit_kmh":40,"source":"OSM","active":true}},{"type":"Feature","geometry":{"type":"Point","coordinates":[-38.308023,-4.030786]},"properties":{"kind":"FIXED","limit_kmh":60,"source":"OSM","active":true}},{"type":"Feature","geometry":{"type":"Point","coordinates":[-38.30905,-4.030397]},"properties":{"kind":"FIXED","limit_kmh":80,"source":"OSM","active":true}},{"type":"Feature","geometry":{"type":"Point","coordinates":[-38.925471,-4.029271]},"properties":{"kind":"FIXED","limit_kmh":40,"source":"OSM","active":true}},{"type":"Feature","geometry":{"type":"Point","coordinates":[-38.927467,-4.029113]},"properties":{"kind":"FIXED","limit_kmh":40,"source":"OSM","active":true}},{"type":"Feature","geometry":{"type":"Point","coordinates":[-38.929043,-4.028339]},"properties":{"kind":"FIXED","limit_kmh":60,"source":"OSM","active":true}},{"type":"Feature","geometry":{"type":"Point","coordinates":[-38.316016,-4.023613]},"properties":{"kind":"FIXED","limit_kmh":80,"source":"OSM","active":true}},{"type":"Feature","geometry":{"type":"Point","coordinates":[-38.316659,-4.022076]},"properties":{"kind":"FIXED","limit_kmh":80,"source":"OSM","active":true}},{"type":"Feature","geometry":{"type":"Point","coordinates":[-38.31974,-4.017706]},"properties":{"kind":"FIXED","limit_kmh":80,"source":"OSM","active":true}},{"type":"Feature","geometry":{"type":"Point","coordinates":[-38.324129,-4.011435]},"properties":{"kind":"FIXED","limit_kmh":60,"source":"OSM","active":true}},{"type":"Feature","geometry":{"type":"Point","coordinates":[-38.324459,-4.011176]},"properties":{"kind":"FIXED","limit_kmh":80,"source":"OSM","active":true}},{"type":"Feature","geometry":{"type":"Point","coordinates":[-38.622441,-4.007999]},"properties":{"kind":"FIXED","limit_kmh":null,"source":"OSM","active":true}},{"type":"Feature","geometry":{"type":"Point","coordinates":[-38.622338,-4.007331]},"properties":{"kind":"FIXED","limit_kmh":null,"source":"OSM","active":true}},{"type":"Feature","geometry":{"type":"Point","coordinates":[-38.617053,-3.993295]},"properties":{"kind":"FIXED","limit_kmh":null,"source":"OSM","active":true}},{"type":"Feature","geometry":{"type":"Point","coordinates":[-38.616669,-3.992437]},"properties":{"kind":"FIXED","limit_kmh":null,"source":"OSM","active":true}},{"type":"Feature","geometry":{"type":"Point","coordinates":[-38.34733,-3.981833]},"properties":{"kind":"FIXED","limit_kmh":80,"source":"OSM","active":true}},{"type":"Feature","geometry":{"type":"Point","coordinates":[-38.347363,-3.98166]},"properties":{"kind":"FIXED","limit_kmh":80,"source":"OSM","active":true}},{"type":"Feature","geometry":{"type":"Point","coordinates":[-38.514206,-3.975045]},"properties":{"kind":"FIXED","limit_kmh":null,"source":"DNIT","active":true}},{"type":"Feature","geometry":{"type":"Point","coordinates":[-38.514434,-3.974338]},"properties":{"kind":"FIXED","limit_kmh":60,"source":"OSM","active":true}},{"type":"Feature","geometry":{"type":"Point","coordinates":[-38.514541,-3.974136]},"properties":{"kind":"FIXED","limit_kmh":null,"source":"DNIT","active":true}},{"type":"Feature","geometry":{"type":"Point","coordinates":[-38.357632,-3.970923]},"properties":{"kind":"FIXED","limit_kmh":80,"source":"OSM","active":true}},{"type":"Feature","geometry":{"type":"Point","coordinates":[-38.358939,-3.969539]},"properties":{"kind":"FIXED","limit_kmh":80,"source":"OSM","active":true}},{"type":"Feature","geometry":{"type":"Point","coordinates":[-38.612739,-3.96299]},"properties":{"kind":"FIXED","limit_kmh":60,"source":"OSM","active":true}},{"type":"Feature","geometry":{"type":"Point","coordinates":[-38.612623,-3.962985]},"properties":{"kind":"FIXED","limit_kmh":60,"source":"OSM","active":true}},{"type":"Feature","geometry":{"type":"Point","coordinates":[-38.36551,-3.961021]},"properties":{"kind":"FIXED","limit_kmh":60,"source":"OSM","active":true}},{"type":"Feature","geometry":{"type":"Point","coordinates":[-38.369161,-3.958839]},"properties":{"kind":"FIXED","limit_kmh":60,"source":"OSM","active":true}},{"type":"Feature","geometry":{"type":"Point","coordinates":[-38.378697,-3.95454]},"properties":{"kind":"FIXED","limit_kmh":null,"source":"OSM","active":true}},{"type":"Feature","geometry":{"type":"Point","coordinates":[-38.380176,-3.953941]},"properties":{"kind":"FIXED","limit_kmh":60,"source":"OSM","active":true}},{"type":"Feature","geometry":{"type":"Point","coordinates":[-38.340176,-3.950124]},"properties":{"kind":"FIXED","limit_kmh":null,"source":"OSM","active":true}},{"type":"Feature","geometry":{"type":"Point","coordinates":[-38.339823,-3.949801]},"properties":{"kind":"FIXED","limit_kmh":null,"source":"OSM","active":true}},{"type":"Feature","geometry":{"type":"Point","coordinates":[-38.609291,-3.941211]},"properties":{"kind":"FIXED","limit_kmh":60,"source":"OSM","active":true}},{"type":"Feature","geometry":{"type":"Point","coordinates":[-38.609023,-3.938569]},"properties":{"kind":"FIXED","limit_kmh":null,"source":"OSM","active":true}},{"type":"Feature","geometry":{"type":"Point","coordinates":[-38.388763,-3.935052]},"properties":{"kind":"FIXED","limit_kmh":60,"source":"OSM","active":true}},{"type":"Feature","geometry":{"type":"Point","coordinates":[-38.388868,-3.93504]},"properties":{"kind":"FIXED","limit_kmh":null,"source":"OSM","active":true}},{"type":"Feature","geometry":{"type":"Point","coordinates":[-38.388905,-3.934878]},"properties":{"kind":"FIXED","limit_kmh":60,"source":"OSM","active":true}},{"type":"Feature","geometry":{"type":"Point","coordinates":[-38.608318,-3.928641]},"properties":{"kind":"FIXED","limit_kmh":60,"source":"OSM","active":true}},{"type":"Feature","geometry":{"type":"Point","coordinates":[-38.608035,-3.924413]},"properties":{"kind":"FIXED","limit_kmh":60,"source":"OSM","active":true}},{"type":"Feature","geometry":{"type":"Point","coordinates":[-38.38792,-3.91588]},"properties":{"kind":"FIXED","limit_kmh":null,"source":"OSM","active":true}},{"type":"Feature","geometry":{"type":"Point","coordinates":[-38.389916,-3.913555]},"properties":{"kind":"FIXED","limit_kmh":null,"source":"OSM","active":true}},{"type":"Feature","geometry":{"type":"Point","coordinates":[-38.605461,-3.912272]},"properties":{"kind":"FIXED","limit_kmh":null,"source":"OSM","active":true}},{"type":"Feature","geometry":{"type":"Point","coordinates":[-38.605253,-3.911111]},"properties":{"kind":"FIXED","limit_kmh":null,"source":"OSM","active":true}},{"type":"Feature","geometry":{"type":"Point","coordinates":[-38.37564,-3.900548]},"properties":{"kind":"FIXED","limit_kmh":null,"source":"OSM","active":true}},{"type":"Feature","geometry":{"type":"Point","coordinates":[-38.375495,-3.900393]},"properties":{"kind":"FIXED","limit_kmh":null,"source":"OSM","active":true}},{"type":"Feature","geometry":{"type":"Point","coordinates":[-38.401842,-3.899556]},"properties":{"kind":"FIXED","limit_kmh":60,"source":"OSM","active":true}},{"type":"Feature","geometry":{"type":"Point","coordinates":[-38.40448,-3.896911]},"properties":{"kind":"FIXED","limit_kmh":60,"source":"OSM","active":true}},{"type":"Feature","geometry":{"type":"Point","coordinates":[-38.502674,-3.894545]},"properties":{"kind":"FIXED","limit_kmh":null,"source":"DNIT","active":true}},{"type":"Feature","geometry":{"type":"Point","coordinates":[-38.502323,-3.891561]},"properties":{"kind":"FIXED","limit_kmh":null,"source":"DNIT","active":true}},{"type":"Feature","geometry":{"type":"Point","coordinates":[-38.502237,-3.891462]},"properties":{"kind":"FIXED","limit_kmh":60,"source":"OSM","active":true}},{"type":"Feature","geometry":{"type":"Point","coordinates":[-38.436222,-3.890097]},"properties":{"kind":"FIXED","limit_kmh":60,"source":"OSM","active":true}},{"type":"Feature","geometry":{"type":"Point","coordinates":[-38.598828,-3.888872]},"properties":{"kind":"FIXED","limit_kmh":60,"source":"OSM","active":true}},{"type":"Feature","geometry":{"type":"Point","coordinates":[-38.598725,-3.888142]},"properties":{"kind":"FIXED","limit_kmh":60,"source":"OSM","active":true}},{"type":"Feature","geometry":{"type":"Point","coordinates":[-38.501807,-3.887176]},"properties":{"kind":"FIXED","limit_kmh":60,"source":"OSM","active":true}},{"type":"Feature","geometry":{"type":"Point","coordinates":[-38.452841,-3.881058]},"properties":{"kind":"FIXED","limit_kmh":null,"source":"OSM","active":true}},{"type":"Feature","geometry":{"type":"Point","coordinates":[-38.458639,-3.879869]},"properties":{"kind":"FIXED","limit_kmh":null,"source":"OSM","active":true}},{"type":"Feature","geometry":{"type":"Point","coordinates":[-38.500383,-3.878207]},"properties":{"kind":"FIXED","limit_kmh":null,"source":"DNIT","active":true}},{"type":"Feature","geometry":{"type":"Point","coordinates":[-38.500263,-3.87676]},"properties":{"kind":"FIXED","limit_kmh":60,"source":"OSM","active":true}},{"type":"Feature","geometry":{"type":"Point","coordinates":[-38.500365,-3.876733]},"properties":{"kind":"FIXED","limit_kmh":60,"source":"OSM","active":true}},{"type":"Feature","geometry":{"type":"Point","coordinates":[-38.50018,-3.876627]},"properties":{"kind":"FIXED","limit_kmh":null,"source":"DNIT","active":true}},{"type":"Feature","geometry":{"type":"Point","coordinates":[-38.463491,-3.875341]},"properties":{"kind":"FIXED","limit_kmh":60,"source":"OSM","active":true}},{"type":"Feature","geometry":{"type":"Point","coordinates":[-38.59434,-3.873515]},"properties":{"kind":"FIXED","limit_kmh":60,"source":"OSM","active":true}},{"type":"Feature","geometry":{"type":"Point","coordinates":[-38.610769,-3.873338]},"properties":{"kind":"FIXED","limit_kmh":40,"source":"OSM","active":true}},{"type":"Feature","geometry":{"type":"Point","coordinates":[-38.611448,-3.873328]},"properties":{"kind":"FIXED","limit_kmh":40,"source":"OSM","active":true}},{"type":"Feature","geometry":{"type":"Point","coordinates":[-38.594261,-3.872819]},"properties":{"kind":"FIXED","limit_kmh":60,"source":"OSM","active":true}},{"type":"Feature","geometry":{"type":"Point","coordinates":[-38.465834,-3.87132]},"properties":{"kind":"FIXED","limit_kmh":60,"source":"OSM","active":true}},{"type":"Feature","geometry":{"type":"Point","coordinates":[-40.684218,-3.866728]},"properties":{"kind":"FIXED","limit_kmh":60,"source":"OSM","active":true}},{"type":"Feature","geometry":{"type":"Point","coordinates":[-38.474227,-3.865684]},"properties":{"kind":"FIXED","limit_kmh":80,"source":"OSM","active":true}},{"type":"Feature","geometry":{"type":"Point","coordinates":[-38.47211,-3.864196]},"properties":{"kind":"FIXED","limit_kmh":80,"source":"OSM","active":true}},{"type":"Feature","geometry":{"type":"Point","coordinates":[-38.471664,-3.858603]},"properties":{"kind":"FIXED","limit_kmh":null,"source":"OSM","active":true}},{"type":"Feature","geometry":{"type":"Point","coordinates":[-38.471593,-3.858563]},"properties":{"kind":"FIXED","limit_kmh":null,"source":"OSM","active":true}},{"type":"Feature","geometry":{"type":"Point","coordinates":[-38.547465,-3.85788]},"properties":{"kind":"FIXED","limit_kmh":80,"source":"OSM","active":true}},{"type":"Feature","geometry":{"type":"Point","coordinates":[-38.474945,-3.851586]},"properties":{"kind":"FIXED","limit_kmh":60,"source":"OSM","active":true}},{"type":"Feature","geometry":{"type":"Point","coordinates":[-38.476516,-3.849095]},"properties":{"kind":"FIXED","limit_kmh":60,"source":"OSM","active":true}},{"type":"Feature","geometry":{"type":"Point","coordinates":[-38.586521,-3.847855]},"properties":{"kind":"FIXED","limit_kmh":null,"source":"OSM","active":true}},{"type":"Feature","geometry":{"type":"Point","coordinates":[-38.586453,-3.847848]},"properties":{"kind":"SECTION","limit_kmh":60,"source":"OSM","active":true,"end":[-38.586422,-3.847755]}},{"type":"Feature","geometry":{"type":"Point","coordinates":[-38.586523,-3.847641]},"properties":{"kind":"SECTION","limit_kmh":60,"source":"OSM","active":true,"end":[-38.586547,-3.847722]}},{"type":"Feature","geometry":{"type":"Point","coordinates":[-38.586456,-3.847641]},"properties":{"kind":"FIXED","limit_kmh":null,"source":"OSM","active":true}},{"type":"Feature","geometry":{"type":"Point","coordinates":[-38.584399,-3.841506]},"properties":{"kind":"FIXED","limit_kmh":60,"source":"OSM","active":true}},{"type":"Feature","geometry":{"type":"Point","coordinates":[-38.597709,-3.840662]},"properties":{"kind":"FIXED","limit_kmh":80,"source":"OSM","active":true}},{"type":"Feature","geometry":{"type":"Point","coordinates":[-38.597386,-3.840576]},"properties":{"kind":"FIXED","limit_kmh":80,"source":"OSM","active":true}},{"type":"Feature","geometry":{"type":"Point","coordinates":[-38.40126,-3.839167]},"properties":{"kind":"FIXED","limit_kmh":60,"source":"OSM","active":true}},{"type":"Feature","geometry":{"type":"Point","coordinates":[-38.482358,-3.831814]},"properties":{"kind":"FIXED","limit_kmh":60,"source":"OSM","active":true}},{"type":"Feature","geometry":{"type":"Point","coordinates":[-38.482385,-3.830773]},"properties":{"kind":"FIXED","limit_kmh":60,"source":"OSM","active":true}},{"type":"Feature","geometry":{"type":"Point","coordinates":[-38.538724,-3.825756]},"properties":{"kind":"RED_LIGHT","limit_kmh":null,"source":"OSM","active":true}},{"type":"Feature","geometry":{"type":"Point","coordinates":[-38.539167,-3.825731]},"properties":{"kind":"FIXED","limit_kmh":50,"source":"OSM","active":true}},{"type":"Feature","geometry":{"type":"Point","coordinates":[-38.539704,-3.82568]},"properties":{"kind":"FIXED","limit_kmh":null,"source":"PMF","active":true}},{"type":"Feature","geometry":{"type":"Point","coordinates":[-38.539763,-3.825665]},"properties":{"kind":"RED_LIGHT","limit_kmh":null,"source":"OSM","active":true}},{"type":"Feature","geometry":{"type":"Point","coordinates":[-38.539297,-3.82563]},"properties":{"kind":"FIXED","limit_kmh":null,"source":"PMF","active":true}},{"type":"Feature","geometry":{"type":"Point","coordinates":[-38.53989,-3.825605]},"properties":{"kind":"FIXED","limit_kmh":50,"source":"OSM","active":true}},{"type":"Feature","geometry":{"type":"Point","coordinates":[-38.548025,-3.823903]},"properties":{"kind":"FIXED","limit_kmh":50,"source":"OSM","active":true}},{"type":"Feature","geometry":{"type":"Point","coordinates":[-38.548326,-3.823861]},"properties":{"kind":"FIXED","limit_kmh":null,"source":"OSM","active":true}},{"type":"Feature","geometry":{"type":"Point","coordinates":[-38.550491,-3.823534]},"properties":{"kind":"FIXED","limit_kmh":50,"source":"OSM","active":true}},{"type":"Feature","geometry":{"type":"Point","coordinates":[-38.550633,-3.823492]},"properties":{"kind":"FIXED","limit_kmh":null,"source":"PMF","active":true}},{"type":"Feature","geometry":{"type":"Point","coordinates":[-38.550277,-3.823479]},"properties":{"kind":"FIXED","limit_kmh":null,"source":"PMF","active":true}},{"type":"Feature","geometry":{"type":"Point","coordinates":[-38.550322,-3.823462]},"properties":{"kind":"FIXED","limit_kmh":50,"source":"OSM","active":true}},{"type":"Feature","geometry":{"type":"Point","coordinates":[-38.481184,-3.822332]},"properties":{"kind":"FIXED","limit_kmh":60,"source":"OSM","active":true}},{"type":"Feature","geometry":{"type":"Point","coordinates":[-38.481312,-3.822255]},"properties":{"kind":"FIXED","limit_kmh":60,"source":"OSM","active":true}},{"type":"Feature","geometry":{"type":"Point","coordinates":[-38.560715,-3.81989]},"properties":{"kind":"FIXED","limit_kmh":50,"source":"OSM","active":true}},{"type":"Feature","geometry":{"type":"Point","coordinates":[-38.560597,-3.819846]},"properties":{"kind":"FIXED","limit_kmh":null,"source":"PMF","active":true}},{"type":"Feature","geometry":{"type":"Point","coordinates":[-38.562594,-3.819145]},"properties":{"kind":"FIXED","limit_kmh":60,"source":"OSM","active":true}},{"type":"Feature","geometry":{"type":"Point","coordinates":[-38.61565,-3.818832]},"properties":{"kind":"RED_LIGHT","limit_kmh":60,"source":"OSM","active":true}},{"type":"Feature","geometry":{"type":"Point","coordinates":[-38.615723,-3.818827]},"properties":{"kind":"FIXED","limit_kmh":null,"source":"OSM","active":true}},{"type":"Feature","geometry":{"type":"Point","coordinates":[-38.615711,-3.81861]},"properties":{"kind":"RED_LIGHT","limit_kmh":60,"source":"OSM","active":true}},{"type":"Feature","geometry":{"type":"Point","coordinates":[-38.615645,-3.818609]},"properties":{"kind":"FIXED","limit_kmh":null,"source":"OSM","active":true}},{"type":"Feature","geometry":{"type":"Point","coordinates":[-38.496789,-3.818462]},"properties":{"kind":"FIXED","limit_kmh":null,"source":"PMF","active":true}},{"type":"Feature","geometry":{"type":"Point","coordinates":[-38.497024,-3.818457]},"properties":{"kind":"FIXED","limit_kmh":null,"source":"PMF","active":true}},{"type":"Feature","geometry":{"type":"Point","coordinates":[-38.532824,-3.818057]},"properties":{"kind":"FIXED","limit_kmh":50,"source":"OSM","active":true}},{"type":"Feature","geometry":{"type":"Point","coordinates":[-38.532788,-3.818011]},"properties":{"kind":"FIXED","limit_kmh":null,"source":"PMF","active":true}},{"type":"Feature","geometry":{"type":"Point","coordinates":[-38.532717,-3.817636]},"properties":{"kind":"FIXED","limit_kmh":null,"source":"PMF","active":true}},{"type":"Feature","geometry":{"type":"Point","coordinates":[-38.565658,-3.817506]},"properties":{"kind":"FIXED","limit_kmh":50,"source":"OSM","active":true}},{"type":"Feature","geometry":{"type":"Point","coordinates":[-38.566704,-3.817273]},"properties":{"kind":"FIXED","limit_kmh":null,"source":"PMF","active":true}},{"type":"Feature","geometry":{"type":"Point","coordinates":[-38.566532,-3.817217]},"properties":{"kind":"FIXED","limit_kmh":50,"source":"OSM","active":true}},{"type":"Feature","geometry":{"type":"Point","coordinates":[-38.532386,-3.817206]},"properties":{"kind":"FIXED","limit_kmh":50,"source":"OSM","active":true}},{"type":"Feature","geometry":{"type":"Point","coordinates":[-38.566639,-3.817063]},"properties":{"kind":"FIXED","limit_kmh":null,"source":"PMF","active":true}},{"type":"Feature","geometry":{"type":"Point","coordinates":[-38.482455,-3.816187]},"properties":{"kind":"FIXED","limit_kmh":60,"source":"OSM","active":true}},{"type":"Feature","geometry":{"type":"Point","coordinates":[-38.482264,-3.816155]},"properties":{"kind":"FIXED","limit_kmh":60,"source":"OSM","active":true}},{"type":"Feature","geometry":{"type":"Point","coordinates":[-38.569146,-3.815192]},"properties":{"kind":"FIXED","limit_kmh":null,"source":"PMF","active":true}},{"type":"Feature","geometry":{"type":"Point","coordinates":[-38.568917,-3.815135]},"properties":{"kind":"FIXED","limit_kmh":50,"source":"OSM","active":true}},{"type":"Feature","geometry":{"type":"Point","coordinates":[-38.569118,-3.815133]},"properties":{"kind":"FIXED","limit_kmh":50,"source":"OSM","active":true}},{"type":"Feature","geometry":{"type":"Point","coordinates":[-38.569035,-3.815101]},"properties":{"kind":"FIXED","limit_kmh":null,"source":"PMF","active":true}},{"type":"Feature","geometry":{"type":"Point","coordinates":[-38.529859,-3.813988]},"properties":{"kind":"FIXED","limit_kmh":50,"source":"OSM","active":true}},{"type":"Feature","geometry":{"type":"Point","coordinates":[-38.529807,-3.813847]},"properties":{"kind":"FIXED","limit_kmh":null,"source":"PMF","active":true}},{"type":"Feature","geometry":{"type":"Point","coordinates":[-38.529765,-3.81366]},"properties":{"kind":"FIXED","limit_kmh":null,"source":"PMF","active":true}},{"type":"Feature","geometry":{"type":"Point","coordinates":[-38.529786,-3.813626]},"properties":{"kind":"FIXED","limit_kmh":50,"source":"OSM","active":true}},{"type":"Feature","geometry":{"type":"Point","coordinates":[-38.479477,-3.812752]},"properties":{"kind":"FIXED","limit_kmh":60,"source":"OSM","active":true}},{"type":"Feature","geometry":{"type":"Point","coordinates":[-38.47929,-3.812625]},"properties":{"kind":"FIXED","limit_kmh":60,"source":"OSM","active":true}},{"type":"Feature","geometry":{"type":"Point","coordinates":[-38.47936,-3.812388]},"properties":{"kind":"FIXED","limit_kmh":60,"source":"OSM","active":true}},{"type":"Feature","geometry":{"type":"Point","coordinates":[-38.573805,-3.81215]},"properties":{"kind":"RED_LIGHT","limit_kmh":null,"source":"OSM","active":true}},{"type":"Feature","geometry":{"type":"Point","coordinates":[-38.573902,-3.812081]},"properties":{"kind":"FIXED","limit_kmh":null,"source":"OSM","active":true}},{"type":"Feature","geometry":{"type":"Point","coordinates":[-38.555364,-3.811912]},"properties":{"kind":"FIXED","limit_kmh":50,"source":"OSM","active":true}},{"type":"Feature","geometry":{"type":"Point","coordinates":[-38.555457,-3.811787]},"properties":{"kind":"FIXED","limit_kmh":50,"source":"OSM","active":true}},{"type":"Feature","geometry":{"type":"Point","coordinates":[-38.574493,-3.811786]},"properties":{"kind":"FIXED","limit_kmh":50,"source":"OSM","active":true}},{"type":"Feature","geometry":{"type":"Point","coordinates":[-38.574745,-3.811557]},"properties":{"kind":"RED_LIGHT","limit_kmh":null,"source":"OSM","active":true}},{"type":"Feature","geometry":{"type":"Point","coordinates":[-38.574665,-3.811476]},"properties":{"kind":"FIXED","limit_kmh":null,"source":"OSM","active":true}},{"type":"Feature","geometry":{"type":"Point","coordinates":[-38.574765,-3.811443]},"properties":{"kind":"FIXED","limit_kmh":null,"source":"OSM","active":true}},{"type":"Feature","geometry":{"type":"Point","coordinates":[-38.494442,-3.810689]},"properties":{"kind":"FIXED","limit_kmh":60,"source":"OSM","active":true}},{"type":"Feature","geometry":{"type":"Point","coordinates":[-38.431001,-3.810464]},"properties":{"kind":"FIXED","limit_kmh":null,"source":"OSM","active":true}},{"type":"Feature","geometry":{"type":"Point","coordinates":[-38.430896,-3.810342]},"properties":{"kind":"FIXED","limit_kmh":60,"source":"OSM","active":true}},{"type":"Feature","geometry":{"type":"Point","coordinates":[-38.607384,-3.810338]},"properties":{"kind":"FIXED","limit_kmh":null,"source":"OSM","active":true}},{"type":"Feature","geometry":{"type":"Point","coordinates":[-38.493886,-3.810337]},"properties":{"kind":"FIXED","limit_kmh":60,"source":"OSM","active":true}},{"type":"Feature","geometry":{"type":"Point","coordinates":[-38.607312,-3.81031]},"properties":{"kind":"RED_LIGHT","limit_kmh":60,"source":"OSM","active":true}},{"type":"Feature","geometry":{"type":"Point","coordinates":[-38.607281,-3.810005]},"properties":{"kind":"RED_LIGHT","limit_kmh":60,"source":"OSM","active":true}},{"type":"Feature","geometry":{"type":"Point","coordinates":[-38.607197,-3.809991]},"properties":{"kind":"FIXED","limit_kmh":null,"source":"OSM","active":true}},{"type":"Feature","geometry":{"type":"Point","coordinates":[-38.554856,-3.809825]},"properties":{"kind":"RED_LIGHT","limit_kmh":50,"source":"OSM","active":true}},{"type":"Feature","geometry":{"type":"Point","coordinates":[-38.554807,-3.809777]},"properties":{"kind":"FIXED","limit_kmh":null,"source":"OSM","active":true}},{"type":"Feature","geometry":{"type":"Point","coordinates":[-38.554315,-3.80877]},"properties":{"kind":"FIXED","limit_kmh":null,"source":"PMF","active":true}},{"type":"Feature","geometry":{"type":"Point","coordinates":[-38.554399,-3.808735]},"properties":{"kind":"FIXED","limit_kmh":50,"source":"OSM","active":true}},{"type":"Feature","geometry":{"type":"Point","coordinates":[-38.573536,-3.80835]},"properties":{"kind":"FIXED","limit_kmh":null,"source":"PMF","active":true}},{"type":"Feature","geometry":{"type":"Point","coordinates":[-38.573521,-3.808291]},"properties":{"kind":"FIXED","limit_kmh":50,"source":"OSM","active":true}},{"type":"Feature","geometry":{"type":"Point","coordinates":[-38.604899,-3.807761]},"properties":{"kind":"FIXED","limit_kmh":null,"source":"OSM","active":true}},{"type":"Feature","geometry":{"type":"Point","coordinates":[-38.60482,-3.807746]},"properties":{"kind":"RED_LIGHT","limit_kmh":50,"source":"OSM","active":true}},{"type":"Feature","geometry":{"type":"Point","coordinates":[-38.554189,-3.807606]},"properties":{"kind":"FIXED","limit_kmh":50,"source":"OSM","active":true}},{"type":"Feature","geometry":{"type":"Point","coordinates":[-38.55413,-3.807548]},"properties":{"kind":"FIXED","limit_kmh":null,"source":"PMF","active":true}},{"type":"Feature","geometry":{"type":"Point","coordinates":[-38.604775,-3.807528]},"properties":{"kind":"FIXED","limit_kmh":null,"source":"OSM","active":true}},{"type":"Feature","geometry":{"type":"Point","coordinates":[-38.554208,-3.807525]},"properties":{"kind":"FIXED","limit_kmh":null,"source":"PMF","active":true}},{"type":"Feature","geometry":{"type":"Point","coordinates":[-38.604856,-3.807511]},"properties":{"kind":"RED_LIGHT","limit_kmh":50,"source":"OSM","active":true}},{"type":"Feature","geometry":{"type":"Point","coordinates":[-38.57322,-3.806729]},"properties":{"kind":"FIXED","limit_kmh":null,"source":"PMF","active":true}},{"type":"Feature","geometry":{"type":"Point","coordinates":[-38.508249,-3.806528]},"properties":{"kind":"FIXED","limit_kmh":60,"source":"OSM","active":true}},{"type":"Feature","geometry":{"type":"Point","coordinates":[-38.508361,-3.806493]},"properties":{"kind":"FIXED","limit_kmh":60,"source":"OSM","active":true}},{"type":"Feature","geometry":{"type":"Point","coordinates":[-38.44173,-3.806297]},"properties":{"kind":"FIXED","limit_kmh":60,"source":"OSM","active":true}},{"type":"Feature","geometry":{"type":"Point","coordinates":[-40.267135,-3.805954]},"properties":{"kind":"FIXED","limit_kmh":60,"source":"OSM","active":true}},{"type":"Feature","geometry":{"type":"Point","coordinates":[-38.442633,-3.805537]},"properties":{"kind":"FIXED","limit_kmh":60,"source":"OSM","active":true}},{"type":"Feature","geometry":{"type":"Point","coordinates":[-38.502674,-3.804668]},"properties":{"kind":"FIXED","limit_kmh":60,"source":"OSM","active":true}},{"type":"Feature","geometry":{"type":"Point","coordinates":[-38.502858,-3.804525]},"properties":{"kind":"FIXED","limit_kmh":60,"source":"OSM","active":true}},{"type":"Feature","geometry":{"type":"Point","coordinates":[-40.269107,-3.803044]},"properties":{"kind":"FIXED","limit_kmh":60,"source":"OSM","active":true}},{"type":"Feature","geometry":{"type":"Point","coordinates":[-38.521025,-3.802712]},"properties":{"kind":"FIXED","limit_kmh":60,"source":"OSM","active":true}},{"type":"Feature","geometry":{"type":"Point","coordinates":[-38.520943,-3.802648]},"properties":{"kind":"FIXED","limit_kmh":null,"source":"PMF","active":true}},{"type":"Feature","geometry":{"type":"Point","coordinates":[-38.479299,-3.802641]},"properties":{"kind":"FIXED","limit_kmh":60,"source":"OSM","active":true}},{"type":"Feature","geometry":{"type":"Point","coordinates":[-38.521161,-3.8026]},"properties":{"kind":"FIXED","limit_kmh":60,"source":"OSM","active":true}},{"type":"Feature","geometry":{"type":"Point","coordinates":[-38.521089,-3.802533]},"properties":{"kind":"FIXED","limit_kmh":null,"source":"PMF","active":true}},{"type":"Feature","geometry":{"type":"Point","coordinates":[-38.479463,-3.802207]},"properties":{"kind":"FIXED","limit_kmh":60,"source":"OSM","active":true}},{"type":"Feature","geometry":{"type":"Point","coordinates":[-38.507533,-3.802093]},"properties":{"kind":"FIXED","limit_kmh":null,"source":"OSM","active":true}},{"type":"Feature","geometry":{"type":"Point","coordinates":[-38.507618,-3.802072]},"properties":{"kind":"FIXED","limit_kmh":null,"source":"OSM","active":true}},{"type":"Feature","geometry":{"type":"Point","coordinates":[-38.507564,-3.802029]},"properties":{"kind":"RED_LIGHT","limit_kmh":null,"source":"OSM","active":true}},{"type":"Feature","geometry":{"type":"Point","coordinates":[-38.507536,-3.80198]},"properties":{"kind":"FIXED","limit_kmh":null,"source":"PMF","active":true}},{"type":"Feature","geometry":{"type":"Point","coordinates":[-38.507666,-3.80195]},"properties":{"kind":"FIXED","limit_kmh":null,"source":"PMF","active":true}},{"type":"Feature","geometry":{"type":"Point","coordinates":[-38.507661,-3.801871]},"properties":{"kind":"RED_LIGHT","limit_kmh":null,"source":"OSM","active":true}},{"type":"Feature","geometry":{"type":"Point","coordinates":[-38.507615,-3.801838]},"properties":{"kind":"FIXED","limit_kmh":null,"source":"OSM","active":true}},{"type":"Feature","geometry":{"type":"Point","coordinates":[-38.507699,-3.801827]},"properties":{"kind":"FIXED","limit_kmh":null,"source":"OSM","active":true}},{"type":"Feature","geometry":{"type":"Point","coordinates":[-38.571372,-3.801307]},"properties":{"kind":"FIXED","limit_kmh":null,"source":"OSM","active":true}},{"type":"Feature","geometry":{"type":"Point","coordinates":[-38.571296,-3.801231]},"properties":{"kind":"RED_LIGHT","limit_kmh":null,"source":"OSM","active":true}},{"type":"Feature","geometry":{"type":"Point","coordinates":[-38.598423,-3.801047]},"properties":{"kind":"FIXED","limit_kmh":null,"source":"OSM","active":true}},{"type":"Feature","geometry":{"type":"Point","coordinates":[-38.598311,-3.801028]},"properties":{"kind":"RED_LIGHT","limit_kmh":60,"source":"OSM","active":true}},{"type":"Feature","geometry":{"type":"Point","coordinates":[-38.55212,-3.800732]},"properties":{"kind":"FIXED","limit_kmh":null,"source":"PMF","active":true}},{"type":"Feature","geometry":{"type":"Point","coordinates":[-38.598279,-3.800703]},"properties":{"kind":"RED_LIGHT","limit_kmh":60,"source":"OSM","active":true}},{"type":"Feature","geometry":{"type":"Point","coordinates":[-38.598178,-3.800701]},"properties":{"kind":"FIXED","limit_kmh":null,"source":"OSM","active":true}},{"type":"Feature","geometry":{"type":"Point","coordinates":[-38.571247,-3.80064]},"properties":{"kind":"FIXED","limit_kmh":null,"source":"PMF","active":true}},{"type":"Feature","geometry":{"type":"Point","coordinates":[-38.571274,-3.800636]},"properties":{"kind":"RED_LIGHT","limit_kmh":null,"source":"OSM","active":true}},{"type":"Feature","geometry":{"type":"Point","coordinates":[-38.571194,-3.800575]},"properties":{"kind":"FIXED","limit_kmh":null,"source":"OSM","active":true}},{"type":"Feature","geometry":{"type":"Point","coordinates":[-38.585084,-3.799732]},"properties":{"kind":"FIXED","limit_kmh":null,"source":"PMF","active":true}},{"type":"Feature","geometry":{"type":"Point","coordinates":[-38.717376,-3.799616]},"properties":{"kind":"FIXED","limit_kmh":60,"source":"OSM","active":true}},{"type":"Feature","geometry":{"type":"Point","coordinates":[-38.518818,-3.798856]},"properties":{"kind":"FIXED","limit_kmh":50,"source":"OSM","active":true}},{"type":"Feature","geometry":{"type":"Point","coordinates":[-38.518812,-3.798807]},"properties":{"kind":"FIXED","limit_kmh":null,"source":"PMF","active":true}},{"type":"Feature","geometry":{"type":"Point","coordinates":[-38.51901,-3.798767]},"properties":{"kind":"FIXED","limit_kmh":null,"source":"PMF","active":true}},{"type":"Feature","geometry":{"type":"Point","coordinates":[-38.518989,-3.798682]},"properties":{"kind":"FIXED","limit_kmh":50,"source":"OSM","active":true}},{"type":"Feature","geometry":{"type":"Point","coordinates":[-38.550885,-3.79704]},"properties":{"kind":"FIXED","limit_kmh":null,"source":"PMF","active":true}},{"type":"Feature","geometry":{"type":"Point","coordinates":[-38.550784,-3.796864]},"properties":{"kind":"FIXED","limit_kmh":null,"source":"OSM","active":true}},{"type":"Feature","geometry":{"type":"Point","coordinates":[-38.55079,-3.796766]},"properties":{"kind":"RED_LIGHT","limit_kmh":null,"source":"OSM","active":true}},{"type":"Feature","geometry":{"type":"Point","coordinates":[-38.550879,-3.796629]},"properties":{"kind":"RED_LIGHT","limit_kmh":null,"source":"OSM","active":true}},{"type":"Feature","geometry":{"type":"Point","coordinates":[-38.593978,-3.796526]},"properties":{"kind":"FIXED","limit_kmh":50,"source":"OSM","active":true}},{"type":"Feature","geometry":{"type":"Point","coordinates":[-38.55081,-3.796491]},"properties":{"kind":"FIXED","limit_kmh":null,"source":"OSM","active":true}},{"type":"Feature","geometry":{"type":"Point","coordinates":[-38.550821,-3.79645]},"properties":{"kind":"FIXED","limit_kmh":null,"source":"PMF","active":true}},{"type":"Feature","geometry":{"type":"Point","coordinates":[-38.594104,-3.796403]},"properties":{"kind":"FIXED","limit_kmh":50,"source":"OSM","active":true}},{"type":"Feature","geometry":{"type":"Point","coordinates":[-38.479857,-3.796003]},"properties":{"kind":"FIXED","limit_kmh":60,"source":"OSM","active":true}},{"type":"Feature","geometry":{"type":"Point","coordinates":[-38.480051,-3.795522]},"properties":{"kind":"FIXED","limit_kmh":60,"source":"OSM","active":true}},{"type":"Feature","geometry":{"type":"Point","coordinates":[-38.532595,-3.795471]},"properties":{"kind":"FIXED","limit_kmh":50,"source":"OSM","active":true}},{"type":"Feature","geometry":{"type":"Point","coordinates":[-38.53287,-3.795295]},"properties":{"kind":"FIXED","limit_kmh":50,"source":"OSM","active":true}},{"type":"Feature","geometry":{"type":"Point","coordinates":[-38.586297,-3.794557]},"properties":{"kind":"FIXED","limit_kmh":50,"source":"OSM","active":true}},{"type":"Feature","geometry":{"type":"Point","coordinates":[-38.586217,-3.79447]},"properties":{"kind":"FIXED","limit_kmh":null,"source":"PMF","active":true}},{"type":"Feature","geometry":{"type":"Point","coordinates":[-38.517673,-3.79357]},"properties":{"kind":"FIXED","limit_kmh":null,"source":"PMF","active":true}},{"type":"Feature","geometry":{"type":"Point","coordinates":[-38.517599,-3.793495]},"properties":{"kind":"FIXED","limit_kmh":null,"source":"OSM","active":true}},{"type":"Feature","geometry":{"type":"Point","coordinates":[-38.517748,-3.793465]},"properties":{"kind":"FIXED","limit_kmh":null,"source":"OSM","active":true}},{"type":"Feature","geometry":{"type":"Point","coordinates":[-38.517666,-3.793442]},"properties":{"kind":"RED_LIGHT","limit_kmh":50,"source":"OSM","active":true}},{"type":"Feature","geometry":{"type":"Point","coordinates":[-38.517835,-3.793254]},"properties":{"kind":"RED_LIGHT","limit_kmh":50,"source":"OSM","active":true}},{"type":"Feature","geometry":{"type":"Point","coordinates":[-38.517761,-3.793226]},"properties":{"kind":"FIXED","limit_kmh":null,"source":"OSM","active":true}},{"type":"Feature","geometry":{"type":"Point","coordinates":[-38.517898,-3.793203]},"properties":{"kind":"FIXED","limit_kmh":null,"source":"OSM","active":true}},{"type":"Feature","geometry":{"type":"Point","coordinates":[-38.517806,-3.79315]},"properties":{"kind":"FIXED","limit_kmh":null,"source":"PMF","active":true}},{"type":"Feature","geometry":{"type":"Point","coordinates":[-38.568194,-3.792821]},"properties":{"kind":"FIXED","limit_kmh":null,"source":"PMF","active":true}},{"type":"Feature","geometry":{"type":"Point","coordinates":[-38.568394,-3.792789]},"properties":{"kind":"FIXED","limit_kmh":50,"source":"OSM","active":true}},{"type":"Feature","geometry":{"type":"Point","coordinates":[-38.568277,-3.792746]},"properties":{"kind":"FIXED","limit_kmh":null,"source":"PMF","active":true}},{"type":"Feature","geometry":{"type":"Point","coordinates":[-38.568282,-3.792735]},"properties":{"kind":"FIXED","limit_kmh":null,"source":"PMF","active":true}},{"type":"Feature","geometry":{"type":"Point","coordinates":[-38.568116,-3.792658]},"properties":{"kind":"FIXED","limit_kmh":50,"source":"OSM","active":true}},{"type":"Feature","geometry":{"type":"Point","coordinates":[-38.568476,-3.792589]},"properties":{"kind":"FIXED","limit_kmh":null,"source":"PMF","active":true}},{"type":"Feature","geometry":{"type":"Point","coordinates":[-38.549438,-3.79236]},"properties":{"kind":"FIXED","limit_kmh":50,"source":"OSM","active":true}},{"type":"Feature","geometry":{"type":"Point","coordinates":[-38.538697,-3.791063]},"properties":{"kind":"FIXED","limit_kmh":null,"source":"PMF","active":true}},{"type":"Feature","geometry":{"type":"Point","coordinates":[-38.538404,-3.791044]},"properties":{"kind":"FIXED","limit_kmh":null,"source":"OSM","active":true}},{"type":"Feature","geometry":{"type":"Point","coordinates":[-38.549162,-3.791032]},"properties":{"kind":"FIXED","limit_kmh":50,"source":"OSM","active":true}},{"type":"Feature","geometry":{"type":"Point","coordinates":[-38.549219,-3.791008]},"properties":{"kind":"FIXED","limit_kmh":null,"source":"PMF","active":true}},{"type":"Feature","geometry":{"type":"Point","coordinates":[-38.538451,-3.790987]},"properties":{"kind":"RED_LIGHT","limit_kmh":null,"source":"OSM","active":true}},{"type":"Feature","geometry":{"type":"Point","coordinates":[-38.538675,-3.790986]},"properties":{"kind":"RED_LIGHT","limit_kmh":null,"source":"OSM","active":true}},{"type":"Feature","geometry":{"type":"Point","coordinates":[-38.538759,-3.790915]},"properties":{"kind":"FIXED","limit_kmh":null,"source":"OSM","active":true}},{"type":"Feature","geometry":{"type":"Point","coordinates":[-38.538461,-3.79091]},"properties":{"kind":"FIXED","limit_kmh":null,"source":"PMF","active":true}},{"type":"Feature","geometry":{"type":"Point","coordinates":[-38.588564,-3.790748]},"properties":{"kind":"RED_LIGHT","limit_kmh":null,"source":"OSM","active":true}},{"type":"Feature","geometry":{"type":"Point","coordinates":[-38.588474,-3.790726]},"properties":{"kind":"FIXED","limit_kmh":null,"source":"OSM","active":true}},{"type":"Feature","geometry":{"type":"Point","coordinates":[-38.588216,-3.790517]},"properties":{"kind":"FIXED","limit_kmh":null,"source":"OSM","active":true}},{"type":"Feature","geometry":{"type":"Point","coordinates":[-38.588079,-3.790437]},"properties":{"kind":"RED_LIGHT","limit_kmh":null,"source":"OSM","active":true}},{"type":"Feature","geometry":{"type":"Point","coordinates":[-38.541922,-3.789853]},"properties":{"kind":"FIXED","limit_kmh":50,"source":"OSM","active":true}},{"type":"Feature","geometry":{"type":"Point","coordinates":[-38.480443,-3.789629]},"properties":{"kind":"FIXED","limit_kmh":60,"source":"OSM","active":true}},{"type":"Feature","geometry":{"type":"Point","coordinates":[-38.480604,-3.789255]},"properties":{"kind":"FIXED","limit_kmh":60,"source":"OSM","active":true}},{"type":"Feature","geometry":{"type":"Point","coordinates":[-38.577024,-3.789007]},"properties":{"kind":"FIXED","limit_kmh":null,"source":"PMF","active":true}},{"type":"Feature","geometry":{"type":"Point","coordinates":[-38.576959,-3.788784]},"properties":{"kind":"FIXED","limit_kmh":null,"source":"PMF","active":true}},{"type":"Feature","geometry":{"type":"Point","coordinates":[-38.547621,-3.787673]},"properties":{"kind":"FIXED","limit_kmh":null,"source":"OSM","active":true}},{"type":"Feature","geometry":{"type":"Point","coordinates":[-38.547761,-3.78764]},"properties":{"kind":"RED_LIGHT","limit_kmh":null,"source":"OSM","active":true}},{"type":"Feature","geometry":{"type":"Point","coordinates":[-38.54813,-3.787488]},"properties":{"kind":"RED_LIGHT","limit_kmh":null,"source":"OSM","active":true}},{"type":"Feature","geometry":{"type":"Point","coordinates":[-38.566742,-3.78746]},"properties":{"kind":"FIXED","limit_kmh":null,"source":"PMF","active":true}},{"type":"Feature","geometry":{"type":"Point","coordinates":[-38.566688,-3.787453]},"properties":{"kind":"FIXED","limit_kmh":null,"source":"OSM","active":true}},{"type":"Feature","geometry":{"type":"Point","coordinates":[-38.548173,-3.787447]},"properties":{"kind":"FIXED","limit_kmh":null,"source":"OSM","active":true}},{"type":"Feature","geometry":{"type":"Point","coordinates":[-38.566741,-3.78743]},"properties":{"kind":"RED_LIGHT","limit_kmh":null,"source":"OSM","active":true}},{"type":"Feature","geometry":{"type":"Point","coordinates":[-38.480662,-3.787105]},"properties":{"kind":"FIXED","limit_kmh":60,"source":"OSM","active":true}},{"type":"Feature","geometry":{"type":"Point","coordinates":[-38.517115,-3.786869]},"properties":{"kind":"FIXED","limit_kmh":50,"source":"OSM","active":true}},{"type":"Feature","geometry":{"type":"Point","coordinates":[-38.517112,-3.786844]},"properties":{"kind":"FIXED","limit_kmh":null,"source":"PMF","active":true}},{"type":"Feature","geometry":{"type":"Point","coordinates":[-38.480903,-3.786748]},"properties":{"kind":"FIXED","limit_kmh":60,"source":"OSM","active":true}},{"type":"Feature","geometry":{"type":"Point","coordinates":[-38.517277,-3.786608]},"properties":{"kind":"FIXED","limit_kmh":50,"source":"OSM","active":true}},{"type":"Feature","geometry":{"type":"Point","coordinates":[-38.517279,-3.786582]},"properties":{"kind":"FIXED","limit_kmh":null,"source":"PMF","active":true}},{"type":"Feature","geometry":{"type":"Point","coordinates":[-38.551211,-3.785904]},"properties":{"kind":"FIXED","limit_kmh":null,"source":"OSM","active":true}},{"type":"Feature","geometry":{"type":"Point","coordinates":[-38.551431,-3.785855]},"properties":{"kind":"RED_LIGHT","limit_kmh":null,"source":"OSM","active":true}},{"type":"Feature","geometry":{"type":"Point","coordinates":[-38.551204,-3.7858]},"properties":{"kind":"FIXED","limit_kmh":null,"source":"PMF","active":true}},{"type":"Feature","geometry":{"type":"Point","coordinates":[-38.551239,-3.785794]},"properties":{"kind":"RED_LIGHT","limit_kmh":null,"source":"OSM","active":true}},{"type":"Feature","geometry":{"type":"Point","coordinates":[-38.551472,-3.785788]},"properties":{"kind":"FIXED","limit_kmh":null,"source":"OSM","active":true}},{"type":"Feature","geometry":{"type":"Point","coordinates":[-38.440365,-3.785513]},"properties":{"kind":"FIXED","limit_kmh":60,"source":"OSM","active":true}},{"type":"Feature","geometry":{"type":"Point","coordinates":[-38.566566,-3.785411]},"properties":{"kind":"FIXED","limit_kmh":50,"source":"OSM","active":true}},{"type":"Feature","geometry":{"type":"Point","coordinates":[-38.566556,-3.785176]},"properties":{"kind":"FIXED","limit_kmh":null,"source":"PMF","active":true}},{"type":"Feature","geometry":{"type":"Point","coordinates":[-38.566575,-3.785154]},"properties":{"kind":"FIXED","limit_kmh":null,"source":"PMF","active":true}},{"type":"Feature","geometry":{"type":"Point","coordinates":[-38.583038,-3.784711]},"properties":{"kind":"FIXED","limit_kmh":50,"source":"OSM","active":true}},{"type":"Feature","geometry":{"type":"Point","coordinates":[-38.583063,-3.7847]},"properties":{"kind":"FIXED","limit_kmh":null,"source":"PMF","active":true}},{"type":"Feature","geometry":{"type":"Point","coordinates":[-38.582965,-3.784538]},"properties":{"kind":"RED_LIGHT","limit_kmh":null,"source":"OSM","active":true}},{"type":"Feature","geometry":{"type":"Point","coordinates":[-38.582867,-3.784425]},"properties":{"kind":"RED_LIGHT","limit_kmh":null,"source":"OSM","active":true}},{"type":"Feature","geometry":{"type":"Point","coordinates":[-38.582851,-3.784318]},"properties":{"kind":"FIXED","limit_kmh":50,"source":"OSM","active":true}},{"type":"Feature","geometry":{"type":"Point","coordinates":[-38.582774,-3.78428]},"properties":{"kind":"FIXED","limit_kmh":null,"source":"PMF","active":true}},{"type":"Feature","geometry":{"type":"Point","coordinates":[-38.579887,-3.784165]},"properties":{"kind":"FIXED","limit_kmh":50,"source":"OSM","active":true}},{"type":"Feature","geometry":{"type":"Point","coordinates":[-38.579842,-3.784125]},"properties":{"kind":"FIXED","limit_kmh":null,"source":"PMF","active":true}},{"type":"Feature","geometry":{"type":"Point","coordinates":[-38.579847,-3.78399]},"properties":{"kind":"FIXED","limit_kmh":50,"source":"OSM","active":true}},{"type":"Feature","geometry":{"type":"Point","coordinates":[-38.656046,-3.783988]},"properties":{"kind":"FIXED","limit_kmh":60,"source":"OSM","active":true}},{"type":"Feature","geometry":{"type":"Point","coordinates":[-38.530494,-3.783864]},"properties":{"kind":"FIXED","limit_kmh":60,"source":"OSM","active":true}},{"type":"Feature","geometry":{"type":"Point","coordinates":[-38.520674,-3.783787]},"properties":{"kind":"FIXED","limit_kmh":60,"source":"OSM","active":true}},{"type":"Feature","geometry":{"type":"Point","coordinates":[-38.656448,-3.783746]},"properties":{"kind":"FIXED","limit_kmh":60,"source":"OSM","active":true}},{"type":"Feature","geometry":{"type":"Point","coordinates":[-38.52212,-3.783635]},"properties":{"kind":"FIXED","limit_kmh":60,"source":"OSM","active":true}},{"type":"Feature","geometry":{"type":"Point","coordinates":[-38.565801,-3.783362]},"properties":{"kind":"FIXED","limit_kmh":50,"source":"OSM","active":true}},{"type":"Feature","geometry":{"type":"Point","coordinates":[-38.52436,-3.783074]},"properties":{"kind":"FIXED","limit_kmh":60,"source":"OSM","active":true}},{"type":"Feature","geometry":{"type":"Point","coordinates":[-38.513104,-3.782717]},"properties":{"kind":"FIXED","limit_kmh":60,"source":"OSM","active":true}},{"type":"Feature","geometry":{"type":"Point","coordinates":[-38.512981,-3.782656]},"properties":{"kind":"FIXED","limit_kmh":60,"source":"OSM","active":true}},{"type":"Feature","geometry":{"type":"Point","coordinates":[-38.58738,-3.78197]},"properties":{"kind":"FIXED","limit_kmh":null,"source":"OSM","active":true}},{"type":"Feature","geometry":{"type":"Point","coordinates":[-38.587392,-3.781829]},"properties":{"kind":"RED_LIGHT","limit_kmh":null,"source":"OSM","active":true}},{"type":"Feature","geometry":{"type":"Point","coordinates":[-38.546029,-3.781616]},"properties":{"kind":"FIXED","limit_kmh":null,"source":"OSM","active":true}},{"type":"Feature","geometry":{"type":"Point","coordinates":[-38.436026,-3.781603]},"properties":{"kind":"FIXED","limit_kmh":60,"source":"OSM","active":true}},{"type":"Feature","geometry":{"type":"Point","coordinates":[-38.546149,-3.781571]},"properties":{"kind":"FIXED","limit_kmh":null,"source":"OSM","active":true}},{"type":"Feature","geometry":{"type":"Point","coordinates":[-38.513998,-3.781512]},"properties":{"kind":"FIXED","limit_kmh":60,"source":"OSM","active":true}},{"type":"Feature","geometry":{"type":"Point","coordinates":[-38.513903,-3.781462]},"properties":{"kind":"FIXED","limit_kmh":60,"source":"OSM","active":true}},{"type":"Feature","geometry":{"type":"Point","coordinates":[-38.546033,-3.781432]},"properties":{"kind":"RED_LIGHT","limit_kmh":null,"source":"OSM","active":true}},{"type":"Feature","geometry":{"type":"Point","coordinates":[-38.541026,-3.780616]},"properties":{"kind":"FIXED","limit_kmh":60,"source":"OSM","active":true}},{"type":"Feature","geometry":{"type":"Point","coordinates":[-38.588622,-3.780601]},"properties":{"kind":"RED_LIGHT","limit_kmh":null,"source":"OSM","active":true}},{"type":"Feature","geometry":{"type":"Point","coordinates":[-38.588547,-3.780504]},"properties":{"kind":"FIXED","limit_kmh":null,"source":"OSM","active":true}},{"type":"Feature","geometry":{"type":"Point","coordinates":[-38.540932,-3.780498]},"properties":{"kind":"FIXED","limit_kmh":60,"source":"OSM","active":true}},{"type":"Feature","geometry":{"type":"Point","coordinates":[-38.564676,-3.779627]},"properties":{"kind":"RED_LIGHT","limit_kmh":null,"source":"OSM","active":true}},{"type":"Feature","geometry":{"type":"Point","coordinates":[-38.481381,-3.779592]},"properties":{"kind":"FIXED","limit_kmh":60,"source":"OSM","active":true}},{"type":"Feature","geometry":{"type":"Point","coordinates":[-38.564614,-3.779165]},"properties":{"kind":"RED_LIGHT","limit_kmh":null,"source":"OSM","active":true}},{"type":"Feature","geometry":{"type":"Point","coordinates":[-38.547626,-3.777978]},"properties":{"kind":"FIXED","limit_kmh":60,"source":"OSM","active":true}},{"type":"Feature","geometry":{"type":"Point","coordinates":[-38.547495,-3.777911]},"properties":{"kind":"FIXED","limit_kmh":60,"source":"OSM","active":true}},{"type":"Feature","geometry":{"type":"Point","coordinates":[-38.576333,-3.777009]},"properties":{"kind":"FIXED","limit_kmh":null,"source":"OSM","active":true}},{"type":"Feature","geometry":{"type":"Point","coordinates":[-38.57624,-3.77686]},"properties":{"kind":"FIXED","limit_kmh":null,"source":"PMF","active":true}},{"type":"Feature","geometry":{"type":"Point","coordinates":[-38.576262,-3.776849]},"properties":{"kind":"RED_LIGHT","limit_kmh":null,"source":"OSM","active":true}},{"type":"Feature","geometry":{"type":"Point","coordinates":[-38.576158,-3.77669]},"properties":{"kind":"FIXED","limit_kmh":null,"source":"PMF","active":true}},{"type":"Feature","geometry":{"type":"Point","coordinates":[-38.576077,-3.776643]},"properties":{"kind":"RED_LIGHT","limit_kmh":null,"source":"OSM","active":true}},{"type":"Feature","geometry":{"type":"Point","coordinates":[-38.576053,-3.77653]},"properties":{"kind":"FIXED","limit_kmh":null,"source":"OSM","active":true}},{"type":"Feature","geometry":{"type":"Point","coordinates":[-38.574747,-3.77529]},"properties":{"kind":"FIXED","limit_kmh":null,"source":"PMF","active":true}},{"type":"Feature","geometry":{"type":"Point","coordinates":[-38.574725,-3.774997]},"properties":{"kind":"FIXED","limit_kmh":null,"source":"PMF","active":true}},{"type":"Feature","geometry":{"type":"Point","coordinates":[-38.499433,-3.774648]},"properties":{"kind":"FIXED","limit_kmh":null,"source":"PMF","active":true}},{"type":"Feature","geometry":{"type":"Point","coordinates":[-38.481653,-3.774535]},"properties":{"kind":"FIXED","limit_kmh":60,"source":"OSM","active":true}},{"type":"Feature","geometry":{"type":"Point","coordinates":[-38.582811,-3.774491]},"properties":{"kind":"FIXED","limit_kmh":null,"source":"PMF","active":true}},{"type":"Feature","geometry":{"type":"Point","coordinates":[-38.583055,-3.774387]},"properties":{"kind":"FIXED","limit_kmh":null,"source":"PMF","active":true}},{"type":"Feature","geometry":{"type":"Point","coordinates":[-38.481927,-3.774287]},"properties":{"kind":"FIXED","limit_kmh":60,"source":"OSM","active":true}},{"type":"Feature","geometry":{"type":"Point","coordinates":[-38.499343,-3.774101]},"properties":{"kind":"FIXED","limit_kmh":null,"source":"PMF","active":true}},{"type":"Feature","geometry":{"type":"Point","coordinates":[-38.511796,-3.772166]},"properties":{"kind":"FIXED","limit_kmh":null,"source":"PMF","active":true}},{"type":"Feature","geometry":{"type":"Point","coordinates":[-38.511781,-3.772068]},"properties":{"kind":"FIXED","limit_kmh":60,"source":"OSM","active":true}},{"type":"Feature","geometry":{"type":"Point","coordinates":[-38.51197,-3.771973]},"properties":{"kind":"FIXED","limit_kmh":null,"source":"PMF","active":true}},{"type":"Feature","geometry":{"type":"Point","coordinates":[-38.511764,-3.7719]},"properties":{"kind":"FIXED","limit_kmh":60,"source":"OSM","active":true}},{"type":"Feature","geometry":{"type":"Point","coordinates":[-38.482221,-3.771295]},"properties":{"kind":"FIXED","limit_kmh":60,"source":"OSM","active":true}},{"type":"Feature","geometry":{"type":"Point","coordinates":[-38.560846,-3.76995]},"properties":{"kind":"FIXED","limit_kmh":null,"source":"OSM","active":true}},{"type":"Feature","geometry":{"type":"Point","coordinates":[-38.560858,-3.769835]},"properties":{"kind":"RED_LIGHT","limit_kmh":null,"source":"OSM","active":true}},{"type":"Feature","geometry":{"type":"Point","coordinates":[-38.560842,-3.769798]},"properties":{"kind":"FIXED","limit_kmh":null,"source":"PMF","active":true}},{"type":"Feature","geometry":{"type":"Point","coordinates":[-38.510419,-3.769786]},"properties":{"kind":"FIXED","limit_kmh":60,"source":"OSM","active":true}},{"type":"Feature","geometry":{"type":"Point","coordinates":[-38.560892,-3.769775]},"properties":{"kind":"FIXED","limit_kmh":null,"source":"PMF","active":true}},{"type":"Feature","geometry":{"type":"Point","coordinates":[-38.560878,-3.769742]},"properties":{"kind":"RED_LIGHT","limit_kmh":null,"source":"OSM","active":true}},{"type":"Feature","geometry":{"type":"Point","coordinates":[-38.560918,-3.769656]},"properties":{"kind":"FIXED","limit_kmh":null,"source":"OSM","active":true}},{"type":"Feature","geometry":{"type":"Point","coordinates":[-38.510404,-3.769416]},"properties":{"kind":"FIXED","limit_kmh":60,"source":"OSM","active":true}},{"type":"Feature","geometry":{"type":"Point","coordinates":[-38.510392,-3.769307]},"properties":{"kind":"FIXED","limit_kmh":null,"source":"PMF","active":true}},{"type":"Feature","geometry":{"type":"Point","coordinates":[-38.517331,-3.768922]},"properties":{"kind":"FIXED","limit_kmh":60,"source":"OSM","active":true}},{"type":"Feature","geometry":{"type":"Point","coordinates":[-38.517236,-3.768896]},"properties":{"kind":"FIXED","limit_kmh":60,"source":"OSM","active":true}},{"type":"Feature","geometry":{"type":"Point","coordinates":[-38.59,-3.767816]},"properties":{"kind":"FIXED","limit_kmh":null,"source":"PMF","active":true}},{"type":"Feature","geometry":{"type":"Point","coordinates":[-38.51821,-3.76674]},"properties":{"kind":"FIXED","limit_kmh":60,"source":"OSM","active":true}},{"type":"Feature","geometry":{"type":"Point","coordinates":[-38.518088,-3.766711]},"properties":{"kind":"FIXED","limit_kmh":60,"source":"OSM","active":true}},{"type":"Feature","geometry":{"type":"Point","coordinates":[-38.482621,-3.766352]},"properties":{"kind":"FIXED","limit_kmh":60,"source":"OSM","active":true}},{"type":"Feature","geometry":{"type":"Point","coordinates":[-38.587021,-3.76618]},"properties":{"kind":"FIXED","limit_kmh":null,"source":"OSM","active":true}},{"type":"Feature","geometry":{"type":"Point","coordinates":[-38.587088,-3.766155]},"properties":{"kind":"FIXED","limit_kmh":50,"source":"OSM","active":true}},{"type":"Feature","geometry":{"type":"Point","coordinates":[-38.587019,-3.766088]},"properties":{"kind":"RED_LIGHT","limit_kmh":null,"source":"OSM","active":true}},{"type":"Feature","geometry":{"type":"Point","coordinates":[-38.441119,-3.765737]},"properties":{"kind":"FIXED","limit_kmh":null,"source":"OSM","active":true}},{"type":"Feature","geometry":{"type":"Point","coordinates":[-38.441167,-3.765693]},"properties":{"kind":"RED_LIGHT","limit_kmh":60,"source":"OSM","active":true}},{"type":"Feature","geometry":{"type":"Point","coordinates":[-38.441249,-3.76568]},"properties":{"kind":"RED_LIGHT","limit_kmh":null,"source":"OSM","active":true}},{"type":"Feature","geometry":{"type":"Point","coordinates":[-38.441308,-3.765633]},"properties":{"kind":"FIXED","limit_kmh":null,"source":"OSM","active":true}},{"type":"Feature","geometry":{"type":"Point","coordinates":[-38.578655,-3.764189]},"properties":{"kind":"FIXED","limit_kmh":null,"source":"PMF","active":true}},{"type":"Feature","geometry":{"type":"Point","coordinates":[-38.557791,-3.762287]},"properties":{"kind":"FIXED","limit_kmh":60,"source":"OSM","active":true}},{"type":"Feature","geometry":{"type":"Point","coordinates":[-38.49308,-3.761504]},"properties":{"kind":"FIXED","limit_kmh":null,"source":"PMF","active":true}},{"type":"Feature","geometry":{"type":"Point","coordinates":[-38.546733,-3.761148]},"properties":{"kind":"RED_LIGHT","limit_kmh":null,"source":"OSM","active":true}},{"type":"Feature","geometry":{"type":"Point","coordinates":[-38.546743,-3.76114]},"properties":{"kind":"FIXED","limit_kmh":null,"source":"PMF","active":true}},{"type":"Feature","geometry":{"type":"Point","coordinates":[-38.546694,-3.76114]},"properties":{"kind":"FIXED","limit_kmh":null,"source":"PMF","active":true}},{"type":"Feature","geometry":{"type":"Point","coordinates":[-38.546758,-3.761117]},"properties":{"kind":"FIXED","limit_kmh":null,"source":"OSM","active":true}},{"type":"Feature","geometry":{"type":"Point","coordinates":[-38.492977,-3.760682]},"properties":{"kind":"FIXED","limit_kmh":null,"source":"PMF","active":true}},{"type":"Feature","geometry":{"type":"Point","coordinates":[-38.564167,-3.76022]},"properties":{"kind":"FIXED","limit_kmh":null,"source":"PMF","active":true}},{"type":"Feature","geometry":{"type":"Point","coordinates":[-38.564169,-3.760182]},"properties":{"kind":"FIXED","limit_kmh":null,"source":"OSM","active":true}},{"type":"Feature","geometry":{"type":"Point","coordinates":[-38.564114,-3.760108]},"properties":{"kind":"RED_LIGHT","limit_kmh":null,"source":"OSM","active":true}},{"type":"Feature","geometry":{"type":"Point","coordinates":[-38.564119,-3.759882]},"properties":{"kind":"FIXED","limit_kmh":null,"source":"PMF","active":true}},{"type":"Feature","geometry":{"type":"Point","coordinates":[-38.530039,-3.759836]},"properties":{"kind":"FIXED","limit_kmh":null,"source":"PMF","active":true}},{"type":"Feature","geometry":{"type":"Point","coordinates":[-38.53057,-3.759661]},"properties":{"kind":"FIXED","limit_kmh":null,"source":"PMF","active":true}},{"type":"Feature","geometry":{"type":"Point","coordinates":[-38.483033,-3.758861]},"properties":{"kind":"FIXED","limit_kmh":60,"source":"OSM","active":true}},{"type":"Feature","geometry":{"type":"Point","coordinates":[-38.538864,-3.757413]},"properties":{"kind":"FIXED","limit_kmh":null,"source":"PMF","active":true}},{"type":"Feature","geometry":{"type":"Point","coordinates":[-38.504365,-3.757324]},"properties":{"kind":"FIXED","limit_kmh":null,"source":"PMF","active":true}},{"type":"Feature","geometry":{"type":"Point","coordinates":[-38.50467,-3.75732]},"properties":{"kind":"FIXED","limit_kmh":null,"source":"PMF","active":true}},{"type":"Feature","geometry":{"type":"Point","coordinates":[-38.591222,-3.757307]},"properties":{"kind":"FIXED","limit_kmh":50,"source":"OSM","active":true}},{"type":"Feature","geometry":{"type":"Point","coordinates":[-38.504408,-3.757296]},"properties":{"kind":"FIXED","limit_kmh":60,"source":"OSM","active":true}},{"type":"Feature","geometry":{"type":"Point","coordinates":[-38.504616,-3.757286]},"properties":{"kind":"FIXED","limit_kmh":60,"source":"OSM","active":true}},{"type":"Feature","geometry":{"type":"Point","coordinates":[-38.538891,-3.757252]},"properties":{"kind":"FIXED","limit_kmh":null,"source":"PMF","active":true}},{"type":"Feature","geometry":{"type":"Point","coordinates":[-38.560843,-3.75725]},"properties":{"kind":"FIXED","limit_kmh":50,"source":"OSM","active":true}},{"type":"Feature","geometry":{"type":"Point","coordinates":[-38.560845,-3.757164]},"properties":{"kind":"FIXED","limit_kmh":null,"source":"PMF","active":true}},{"type":"Feature","geometry":{"type":"Point","coordinates":[-38.49065,-3.757143]},"properties":{"kind":"FIXED","limit_kmh":60,"source":"OSM","active":true}},{"type":"Feature","geometry":{"type":"Point","coordinates":[-38.591826,-3.75714]},"properties":{"kind":"FIXED","limit_kmh":null,"source":"PMF","active":true}},{"type":"Feature","geometry":{"type":"Point","coordinates":[-38.553565,-3.757081]},"properties":{"kind":"FIXED","limit_kmh":null,"source":"OSM","active":true}},{"type":"Feature","geometry":{"type":"Point","coordinates":[-38.553585,-3.75706]},"properties":{"kind":"FIXED","limit_kmh":null,"source":"PMF","active":true}},{"type":"Feature","geometry":{"type":"Point","coordinates":[-38.553552,-3.756988]},"properties":{"kind":"RED_LIGHT","limit_kmh":null,"source":"OSM","active":true}},{"type":"Feature","geometry":{"type":"Point","coordinates":[-38.557396,-3.756922]},"properties":{"kind":"FIXED","limit_kmh":null,"source":"PMF","active":true}},{"type":"Feature","geometry":{"type":"Point","coordinates":[-38.55749,-3.75667]},"properties":{"kind":"FIXED","limit_kmh":null,"source":"PMF","active":true}},{"type":"Feature","geometry":{"type":"Point","coordinates":[-38.593803,-3.755957]},"properties":{"kind":"FIXED","limit_kmh":null,"source":"PMF","active":true}},{"type":"Feature","geometry":{"type":"Point","coordinates":[-38.594039,-3.755956]},"properties":{"kind":"FIXED","limit_kmh":null,"source":"PMF","active":true}},{"type":"Feature","geometry":{"type":"Point","coordinates":[-38.594214,-3.755919]},"properties":{"kind":"FIXED","limit_kmh":50,"source":"OSM","active":true}},{"type":"Feature","geometry":{"type":"Point","coordinates":[-38.64246,-3.755658]},"properties":{"kind":"FIXED","limit_kmh":80,"source":"OSM","active":true}},{"type":"Feature","geometry":{"type":"Point","coordinates":[-38.491443,-3.755568]},"properties":{"kind":"FIXED","limit_kmh":60,"source":"OSM","active":true}},{"type":"Feature","geometry":{"type":"Point","coordinates":[-38.555546,-3.75515]},"properties":{"kind":"FIXED","limit_kmh":null,"source":"PMF","active":true}},{"type":"Feature","geometry":{"type":"Point","coordinates":[-38.55558,-3.755128]},"properties":{"kind":"FIXED","limit_kmh":null,"source":"OSM","active":true}},{"type":"Feature","geometry":{"type":"Point","coordinates":[-38.555473,-3.755089]},"properties":{"kind":"RED_LIGHT","limit_kmh":null,"source":"OSM","active":true}},{"type":"Feature","geometry":{"type":"Point","coordinates":[-38.555402,-3.754853]},"properties":{"kind":"RED_LIGHT","limit_kmh":null,"source":"OSM","active":true}},{"type":"Feature","geometry":{"type":"Point","coordinates":[-38.555327,-3.75478]},"properties":{"kind":"FIXED","limit_kmh":null,"source":"PMF","active":true}},{"type":"Feature","geometry":{"type":"Point","coordinates":[-38.555346,-3.754737]},"properties":{"kind":"FIXED","limit_kmh":null,"source":"OSM","active":true}},{"type":"Feature","geometry":{"type":"Point","coordinates":[-38.520496,-3.753778]},"properties":{"kind":"FIXED","limit_kmh":null,"source":"OSM","active":true}},{"type":"Feature","geometry":{"type":"Point","coordinates":[-38.520473,-3.753653]},"properties":{"kind":"RED_LIGHT","limit_kmh":null,"source":"OSM","active":true}},{"type":"Feature","geometry":{"type":"Point","coordinates":[-38.520614,-3.753628]},"properties":{"kind":"FIXED","limit_kmh":null,"source":"OSM","active":true}},{"type":"Feature","geometry":{"type":"Point","coordinates":[-38.520643,-3.753602]},"properties":{"kind":"RED_LIGHT","limit_kmh":null,"source":"OSM","active":true}},{"type":"Feature","geometry":{"type":"Point","coordinates":[-38.447188,-3.753598]},"properties":{"kind":"FIXED","limit_kmh":null,"source":"PMF","active":true}},{"type":"Feature","geometry":{"type":"Point","coordinates":[-38.446955,-3.753573]},"properties":{"kind":"FIXED","limit_kmh":null,"source":"PMF","active":true}},{"type":"Feature","geometry":{"type":"Point","coordinates":[-38.520246,-3.753511]},"properties":{"kind":"FIXED","limit_kmh":null,"source":"OSM","active":true}},{"type":"Feature","geometry":{"type":"Point","coordinates":[-38.520407,-3.753493]},"properties":{"kind":"SECTION","limit_kmh":null,"source":"OSM","active":true,"end":[-38.52047,-3.753501]}},{"type":"Feature","geometry":{"type":"Point","coordinates":[-38.582577,-3.753391]},"properties":{"kind":"FIXED","limit_kmh":null,"source":"OSM","active":true}},{"type":"Feature","geometry":{"type":"Point","coordinates":[-38.58254,-3.753297]},"properties":{"kind":"RED_LIGHT","limit_kmh":50,"source":"OSM","active":true}},{"type":"Feature","geometry":{"type":"Point","coordinates":[-38.517297,-3.753267]},"properties":{"kind":"FIXED","limit_kmh":null,"source":"PMF","active":true}},{"type":"Feature","geometry":{"type":"Point","coordinates":[-38.517025,-3.7531]},"properties":{"kind":"FIXED","limit_kmh":null,"source":"PMF","active":true}},{"type":"Feature","geometry":{"type":"Point","coordinates":[-38.517033,-3.753098]},"properties":{"kind":"RED_LIGHT","limit_kmh":null,"source":"OSM","active":true}},{"type":"Feature","geometry":{"type":"Point","coordinates":[-38.516976,-3.753058]},"properties":{"kind":"FIXED","limit_kmh":null,"source":"OSM","active":true}},{"type":"Feature","geometry":{"type":"Point","coordinates":[-38.497178,-3.752709]},"properties":{"kind":"FIXED","limit_kmh":null,"source":"PMF","active":true}},{"type":"Feature","geometry":{"type":"Point","coordinates":[-38.549569,-3.752629]},"properties":{"kind":"FIXED","limit_kmh":null,"source":"OSM","active":true}},{"type":"Feature","geometry":{"type":"Point","coordinates":[-38.549469,-3.752506]},"properties":{"kind":"FIXED","limit_kmh":null,"source":"PMF","active":true}},{"type":"Feature","geometry":{"type":"Point","coordinates":[-38.549522,-3.752482]},"properties":{"kind":"RED_LIGHT","limit_kmh":null,"source":"OSM","active":true}},{"type":"Feature","geometry":{"type":"Point","coordinates":[-38.549392,-3.752336]},"properties":{"kind":"RED_LIGHT","limit_kmh":null,"source":"OSM","active":true}},{"type":"Feature","geometry":{"type":"Point","coordinates":[-38.549369,-3.752228]},"properties":{"kind":"FIXED","limit_kmh":null,"source":"OSM","active":true}},{"type":"Feature","geometry":{"type":"Point","coordinates":[-38.523302,-3.752089]},"properties":{"kind":"RED_LIGHT","limit_kmh":null,"source":"OSM","active":true}},{"type":"Feature","geometry":{"type":"Point","coordinates":[-38.634778,-3.75198]},"properties":{"kind":"FIXED","limit_kmh":80,"source":"OSM","active":true}},{"type":"Feature","geometry":{"type":"Point","coordinates":[-38.523412,-3.751398]},"properties":{"kind":"FIXED","limit_kmh":null,"source":"OSM","active":true}},{"type":"Feature","geometry":{"type":"Point","coordinates":[-38.523562,-3.751142]},"properties":{"kind":"FIXED","limit_kmh":null,"source":"OSM","active":true}},{"type":"Feature","geometry":{"type":"Point","coordinates":[-38.523652,-3.751049]},"properties":{"kind":"RED_LIGHT","limit_kmh":null,"source":"OSM","active":true}},{"type":"Feature","geometry":{"type":"Point","coordinates":[-38.448337,-3.750872]},"properties":{"kind":"FIXED","limit_kmh":null,"source":"OSM","active":true}},{"type":"Feature","geometry":{"type":"Point","coordinates":[-38.448377,-3.750848]},"properties":{"kind":"RED_LIGHT","limit_kmh":null,"source":"OSM","active":true}},{"type":"Feature","geometry":{"type":"Point","coordinates":[-38.448524,-3.750705]},"properties":{"kind":"RED_LIGHT","limit_kmh":null,"source":"OSM","active":true}},{"type":"Feature","geometry":{"type":"Point","coordinates":[-38.448593,-3.750701]},"properties":{"kind":"FIXED","limit_kmh":null,"source":"OSM","active":true}},{"type":"Feature","geometry":{"type":"Point","coordinates":[-38.536542,-3.750562]},"properties":{"kind":"FIXED","limit_kmh":null,"source":"OSM","active":true}},{"type":"Feature","geometry":{"type":"Point","coordinates":[-38.632459,-3.750559]},"properties":{"kind":"FIXED","limit_kmh":80,"source":"OSM","active":true}},{"type":"Feature","geometry":{"type":"Point","coordinates":[-38.536695,-3.750526]},"properties":{"kind":"RED_LIGHT","limit_kmh":null,"source":"OSM","active":true}},{"type":"Feature","geometry":{"type":"Point","coordinates":[-38.536805,-3.750411]},"properties":{"kind":"RED_LIGHT","limit_kmh":null,"source":"OSM","active":true}},{"type":"Feature","geometry":{"type":"Point","coordinates":[-39.77759,-3.750336]},"properties":{"kind":"FIXED","limit_kmh":50,"source":"OSM","active":false}},{"type":"Feature","geometry":{"type":"Point","coordinates":[-39.777916,-3.750315]},"properties":{"kind":"FIXED","limit_kmh":50,"source":"OSM","active":false}},{"type":"Feature","geometry":{"type":"Point","coordinates":[-38.536838,-3.7503]},"properties":{"kind":"FIXED","limit_kmh":null,"source":"OSM","active":true}},{"type":"Feature","geometry":{"type":"Point","coordinates":[-38.523823,-3.749951]},"properties":{"kind":"FIXED","limit_kmh":60,"source":"OSM","active":true}},{"type":"Feature","geometry":{"type":"Point","coordinates":[-38.523758,-3.749927]},"properties":{"kind":"FIXED","limit_kmh":null,"source":"PMF","active":true}},{"type":"Feature","geometry":{"type":"Point","coordinates":[-38.523721,-3.749876]},"properties":{"kind":"FIXED","limit_kmh":null,"source":"PMF","active":true}},{"type":"Feature","geometry":{"type":"Point","coordinates":[-40.308282,-3.749783]},"properties":{"kind":"FIXED","limit_kmh":80,"source":"OSM","active":true}},{"type":"Feature","geometry":{"type":"Point","coordinates":[-38.523677,-3.749763]},"properties":{"kind":"FIXED","limit_kmh":60,"source":"OSM","active":true}},{"type":"Feature","geometry":{"type":"Point","coordinates":[-38.546488,-3.749114]},"properties":{"kind":"FIXED","limit_kmh":60,"source":"OSM","active":true}},{"type":"Feature","geometry":{"type":"Point","coordinates":[-38.489858,-3.749107]},"properties":{"kind":"FIXED","limit_kmh":40,"source":"OSM","active":true}},{"type":"Feature","geometry":{"type":"Point","coordinates":[-38.489864,-3.748981]},"properties":{"kind":"FIXED","limit_kmh":null,"source":"PMF","active":true}},{"type":"Feature","geometry":{"type":"Point","coordinates":[-38.584713,-3.748626]},"properties":{"kind":"FIXED","limit_kmh":null,"source":"OSM","active":true}},{"type":"Feature","geometry":{"type":"Point","coordinates":[-38.584655,-3.748556]},"properties":{"kind":"RED_LIGHT","limit_kmh":50,"source":"OSM","active":true}},{"type":"Feature","geometry":{"type":"Point","coordinates":[-38.584797,-3.748398]},"properties":{"kind":"RED_LIGHT","limit_kmh":50,"source":"OSM","active":true}},{"type":"Feature","geometry":{"type":"Point","coordinates":[-38.545859,-3.74836]},"properties":{"kind":"FIXED","limit_kmh":null,"source":"PMF","active":true}},{"type":"Feature","geometry":{"type":"Point","coordinates":[-38.584751,-3.748355]},"properties":{"kind":"FIXED","limit_kmh":null,"source":"OSM","active":true}},{"type":"Feature","geometry":{"type":"Point","coordinates":[-38.461226,-3.74815]},"properties":{"kind":"FIXED","limit_kmh":null,"source":"PMF","active":true}},{"type":"Feature","geometry":{"type":"Point","coordinates":[-38.461413,-3.748101]},"properties":{"kind":"FIXED","limit_kmh":50,"source":"OSM","active":true}},{"type":"Feature","geometry":{"type":"Point","coordinates":[-38.561371,-3.74792]},"properties":{"kind":"FIXED","limit_kmh":null,"source":"PMF","active":true}},{"type":"Feature","geometry":{"type":"Point","coordinates":[-38.462362,-3.7479]},"properties":{"kind":"FIXED","limit_kmh":50,"source":"OSM","active":true}},{"type":"Feature","geometry":{"type":"Point","coordinates":[-38.462412,-3.74788]},"properties":{"kind":"FIXED","limit_kmh":null,"source":"PMF","active":true}},{"type":"Feature","geometry":{"type":"Point","coordinates":[-38.561821,-3.747524]},"properties":{"kind":"FIXED","limit_kmh":null,"source":"PMF","active":true}},{"type":"Feature","geometry":{"type":"Point","coordinates":[-38.54776,-3.747494]},"properties":{"kind":"FIXED","limit_kmh":null,"source":"PMF","active":true}},{"type":"Feature","geometry":{"type":"Point","coordinates":[-38.547891,-3.747412]},"properties":{"kind":"FIXED","limit_kmh":null,"source":"PMF","active":true}},{"type":"Feature","geometry":{"type":"Point","coordinates":[-38.524523,-3.747289]},"properties":{"kind":"FIXED","limit_kmh":null,"source":"PMF","active":true}},{"type":"Feature","geometry":{"type":"Point","coordinates":[-38.52494,-3.747253]},"properties":{"kind":"FIXED","limit_kmh":null,"source":"PMF","active":true}},{"type":"Feature","geometry":{"type":"Point","coordinates":[-38.547525,-3.747037]},"properties":{"kind":"FIXED","limit_kmh":null,"source":"PMF","active":true}},{"type":"Feature","geometry":{"type":"Point","coordinates":[-38.547606,-3.746954]},"properties":{"kind":"FIXED","limit_kmh":null,"source":"PMF","active":true}},{"type":"Feature","geometry":{"type":"Point","coordinates":[-38.491708,-3.746842]},"properties":{"kind":"FIXED","limit_kmh":60,"source":"OSM","active":true}},{"type":"Feature","geometry":{"type":"Point","coordinates":[-38.489465,-3.746748]},"properties":{"kind":"FIXED","limit_kmh":null,"source":"PMF","active":true}},{"type":"Feature","geometry":{"type":"Point","coordinates":[-38.489459,-3.746606]},"properties":{"kind":"FIXED","limit_kmh":null,"source":"PMF","active":true}},{"type":"Feature","geometry":{"type":"Point","coordinates":[-38.525208,-3.74624]},"properties":{"kind":"FIXED","limit_kmh":null,"source":"OSM","active":true}},{"type":"Feature","geometry":{"type":"Point","coordinates":[-38.525159,-3.746171]},"properties":{"kind":"RED_LIGHT","limit_kmh":null,"source":"OSM","active":true}},{"type":"Feature","geometry":{"type":"Point","coordinates":[-38.525338,-3.74617]},"properties":{"kind":"FIXED","limit_kmh":null,"source":"PMF","active":true}},{"type":"Feature","geometry":{"type":"Point","coordinates":[-38.525177,-3.74611]},"properties":{"kind":"FIXED","limit_kmh":null,"source":"PMF","active":true}},{"type":"Feature","geometry":{"type":"Point","coordinates":[-38.525366,-3.746059]},"properties":{"kind":"RED_LIGHT","limit_kmh":null,"source":"OSM","active":true}},{"type":"Feature","geometry":{"type":"Point","coordinates":[-38.525301,-3.746035]},"properties":{"kind":"FIXED","limit_kmh":null,"source":"OSM","active":true}},{"type":"Feature","geometry":{"type":"Point","coordinates":[-38.469797,-3.74551]},"properties":{"kind":"FIXED","limit_kmh":50,"source":"OSM","active":true}},{"type":"Feature","geometry":{"type":"Point","coordinates":[-38.469536,-3.745482]},"properties":{"kind":"FIXED","limit_kmh":50,"source":"OSM","active":true}},{"type":"Feature","geometry":{"type":"Point","coordinates":[-38.525523,-3.744809]},"properties":{"kind":"FIXED","limit_kmh":null,"source":"PMF","active":true}},{"type":"Feature","geometry":{"type":"Point","coordinates":[-38.490101,-3.74478]},"properties":{"kind":"FIXED","limit_kmh":null,"source":"PMF","active":true}},{"type":"Feature","geometry":{"type":"Point","coordinates":[-38.490088,-3.74462]},"properties":{"kind":"FIXED","limit_kmh":60,"source":"OSM","active":true}},{"type":"Feature","geometry":{"type":"Point","coordinates":[-38.534858,-3.744572]},"properties":{"kind":"RED_LIGHT","limit_kmh":50,"source":"OSM","active":true}},{"type":"Feature","geometry":{"type":"Point","coordinates":[-38.534865,-3.744505]},"properties":{"kind":"FIXED","limit_kmh":null,"source":"PMF","active":true}},{"type":"Feature","geometry":{"type":"Point","coordinates":[-38.490013,-3.744311]},"properties":{"kind":"FIXED","limit_kmh":60,"source":"OSM","active":true}},{"type":"Feature","geometry":{"type":"Point","coordinates":[-38.490022,-3.744139]},"properties":{"kind":"FIXED","limit_kmh":null,"source":"PMF","active":true}},{"type":"Feature","geometry":{"type":"Point","coordinates":[-38.501535,-3.74387]},"properties":{"kind":"FIXED","limit_kmh":null,"source":"PMF","active":true}},{"type":"Feature","geometry":{"type":"Point","coordinates":[-38.502254,-3.74363]},"properties":{"kind":"FIXED","limit_kmh":null,"source":"PMF","active":true}},{"type":"Feature","geometry":{"type":"Point","coordinates":[-38.503149,-3.74342]},"properties":{"kind":"FIXED","limit_kmh":null,"source":"PMF","active":true}},{"type":"Feature","geometry":{"type":"Point","coordinates":[-38.504192,-3.74309]},"properties":{"kind":"FIXED","limit_kmh":null,"source":"PMF","active":true}},{"type":"Feature","geometry":{"type":"Point","coordinates":[-38.62254,-3.742979]},"properties":{"kind":"FIXED","limit_kmh":60,"source":"OSM","active":true}},{"type":"Feature","geometry":{"type":"Point","coordinates":[-38.622271,-3.742922]},"properties":{"kind":"FIXED","limit_kmh":60,"source":"OSM","active":true}},{"type":"Feature","geometry":{"type":"Point","coordinates":[-38.479742,-3.742256]},"properties":{"kind":"FIXED","limit_kmh":null,"source":"PMF","active":true}},{"type":"Feature","geometry":{"type":"Point","coordinates":[-38.566393,-3.74189]},"properties":{"kind":"FIXED","limit_kmh":null,"source":"PMF","active":true}},{"type":"Feature","geometry":{"type":"Point","coordinates":[-38.566277,-3.741864]},"properties":{"kind":"RED_LIGHT","limit_kmh":null,"source":"OSM","active":true}},{"type":"Feature","geometry":{"type":"Point","coordinates":[-38.566215,-3.741787]},"properties":{"kind":"FIXED","limit_kmh":null,"source":"OSM","active":true}},{"type":"Feature","geometry":{"type":"Point","coordinates":[-38.453182,-3.741733]},"properties":{"kind":"FIXED","limit_kmh":null,"source":"OSM","active":true}},{"type":"Feature","geometry":{"type":"Point","coordinates":[-38.453259,-3.741678]},"properties":{"kind":"RED_LIGHT","limit_kmh":null,"source":"OSM","active":true}},{"type":"Feature","geometry":{"type":"Point","coordinates":[-38.525957,-3.74166]},"properties":{"kind":"FIXED","limit_kmh":null,"source":"PMF","active":true}},{"type":"Feature","geometry":{"type":"Point","coordinates":[-38.453402,-3.74154]},"properties":{"kind":"RED_LIGHT","limit_kmh":null,"source":"OSM","active":true}},{"type":"Feature","geometry":{"type":"Point","coordinates":[-38.453486,-3.741517]},"properties":{"kind":"FIXED","limit_kmh":null,"source":"OSM","active":true}},{"type":"Feature","geometry":{"type":"Point","coordinates":[-38.538934,-3.741125]},"properties":{"kind":"FIXED","limit_kmh":null,"source":"OSM","active":true}},{"type":"Feature","geometry":{"type":"Point","coordinates":[-38.539239,-3.74112]},"properties":{"kind":"FIXED","limit_kmh":null,"source":"PMF","active":true}},{"type":"Feature","geometry":{"type":"Point","coordinates":[-38.539105,-3.741107]},"properties":{"kind":"RED_LIGHT","limit_kmh":null,"source":"OSM","active":true}},{"type":"Feature","geometry":{"type":"Point","coordinates":[-38.538925,-3.741083]},"properties":{"kind":"RED_LIGHT","limit_kmh":null,"source":"OSM","active":true}},{"type":"Feature","geometry":{"type":"Point","coordinates":[-38.539233,-3.741081]},"properties":{"kind":"RED_LIGHT","limit_kmh":null,"source":"OSM","active":true}},{"type":"Feature","geometry":{"type":"Point","coordinates":[-38.539324,-3.741044]},"properties":{"kind":"FIXED","limit_kmh":null,"source":"OSM","active":true}},{"type":"Feature","geometry":{"type":"Point","coordinates":[-38.5389,-3.741035]},"properties":{"kind":"FIXED","limit_kmh":null,"source":"PMF","active":true}},{"type":"Feature","geometry":{"type":"Point","coordinates":[-38.539253,-3.740893]},"properties":{"kind":"RED_LIGHT","limit_kmh":null,"source":"OSM","active":true}},{"type":"Feature","geometry":{"type":"Point","coordinates":[-38.539305,-3.740804]},"properties":{"kind":"FIXED","limit_kmh":null,"source":"OSM","active":true}},{"type":"Feature","geometry":{"type":"Point","coordinates":[-38.55987,-3.740588]},"properties":{"kind":"FIXED","limit_kmh":50,"source":"OSM","active":true}},{"type":"Feature","geometry":{"type":"Point","coordinates":[-38.559439,-3.74041]},"properties":{"kind":"FIXED","limit_kmh":null,"source":"PMF","active":true}},{"type":"Feature","geometry":{"type":"Point","coordinates":[-38.52491,-3.740155]},"properties":{"kind":"FIXED","limit_kmh":null,"source":"PMF","active":true}},{"type":"Feature","geometry":{"type":"Point","coordinates":[-38.540068,-3.7401]},"properties":{"kind":"FIXED","limit_kmh":50,"source":"OSM","active":true}},{"type":"Feature","geometry":{"type":"Point","coordinates":[-38.540414,-3.739917]},"properties":{"kind":"FIXED","limit_kmh":50,"source":"OSM","active":true}},{"type":"Feature","geometry":{"type":"Point","coordinates":[-38.543475,-3.73966]},"properties":{"kind":"FIXED","limit_kmh":null,"source":"PMF","active":true}},{"type":"Feature","geometry":{"type":"Point","coordinates":[-38.553487,-3.739305]},"properties":{"kind":"FIXED","limit_kmh":50,"source":"OSM","active":true}},{"type":"Feature","geometry":{"type":"Point","coordinates":[-38.5528,-3.739241]},"properties":{"kind":"FIXED","limit_kmh":null,"source":"PMF","active":true}},{"type":"Feature","geometry":{"type":"Point","coordinates":[-38.552927,-3.739116]},"properties":{"kind":"FIXED","limit_kmh":50,"source":"OSM","active":true}},{"type":"Feature","geometry":{"type":"Point","coordinates":[-38.552643,-3.739006]},"properties":{"kind":"FIXED","limit_kmh":null,"source":"PMF","active":true}},{"type":"Feature","geometry":{"type":"Point","coordinates":[-38.493489,-3.737972]},"properties":{"kind":"FIXED","limit_kmh":60,"source":"OSM","active":true}},{"type":"Feature","geometry":{"type":"Point","coordinates":[-38.547118,-3.737884]},"properties":{"kind":"FIXED","limit_kmh":50,"source":"OSM","active":true}},{"type":"Feature","geometry":{"type":"Point","coordinates":[-38.546978,-3.737881]},"properties":{"kind":"FIXED","limit_kmh":null,"source":"PMF","active":true}},{"type":"Feature","geometry":{"type":"Point","coordinates":[-38.49346,-3.737661]},"properties":{"kind":"RED_LIGHT","limit_kmh":60,"source":"OSM","active":true}},{"type":"Feature","geometry":{"type":"Point","coordinates":[-38.493515,-3.737576]},"properties":{"kind":"FIXED","limit_kmh":null,"source":"OSM","active":true}},{"type":"Feature","geometry":{"type":"Point","coordinates":[-38.482994,-3.73714]},"properties":{"kind":"FIXED","limit_kmh":null,"source":"PMF","active":true}},{"type":"Feature","geometry":{"type":"Point","coordinates":[-38.482882,-3.736883]},"properties":{"kind":"FIXED","limit_kmh":null,"source":"PMF","active":true}},{"type":"Feature","geometry":{"type":"Point","coordinates":[-38.498365,-3.736388]},"properties":{"kind":"FIXED","limit_kmh":60,"source":"OSM","active":true}},{"type":"Feature","geometry":{"type":"Point","coordinates":[-38.566449,-3.736222]},"properties":{"kind":"FIXED","limit_kmh":null,"source":"OSM","active":true}},{"type":"Feature","geometry":{"type":"Point","coordinates":[-38.498602,-3.736222]},"properties":{"kind":"FIXED","limit_kmh":null,"source":"OSM","active":true}},{"type":"Feature","geometry":{"type":"Point","coordinates":[-38.498529,-3.73619]},"properties":{"kind":"FIXED","limit_kmh":null,"source":"PMF","active":true}},{"type":"Feature","geometry":{"type":"Point","coordinates":[-38.49848,-3.736176]},"properties":{"kind":"RED_LIGHT","limit_kmh":50,"source":"OSM","active":true}},{"type":"Feature","geometry":{"type":"Point","coordinates":[-38.566377,-3.736174]},"properties":{"kind":"RED_LIGHT","limit_kmh":null,"source":"OSM","active":true}},{"type":"Feature","geometry":{"type":"Point","coordinates":[-38.566383,-3.73614]},"properties":{"kind":"FIXED","limit_kmh":null,"source":"PMF","active":true}},{"type":"Feature","geometry":{"type":"Point","coordinates":[-38.544042,-3.736129]},"properties":{"kind":"FIXED","limit_kmh":50,"source":"OSM","active":true}},{"type":"Feature","geometry":{"type":"Point","coordinates":[-38.498341,-3.736106]},"properties":{"kind":"FIXED","limit_kmh":60,"source":"OSM","active":true}},{"type":"Feature","geometry":{"type":"Point","coordinates":[-38.498563,-3.736083]},"properties":{"kind":"FIXED","limit_kmh":null,"source":"OSM","active":true}},{"type":"Feature","geometry":{"type":"Point","coordinates":[-38.456306,-3.736083]},"properties":{"kind":"FIXED","limit_kmh":60,"source":"OSM","active":true}},{"type":"Feature","geometry":{"type":"Point","coordinates":[-38.456251,-3.736009]},"properties":{"kind":"FIXED","limit_kmh":null,"source":"PMF","active":true}},{"type":"Feature","geometry":{"type":"Point","coordinates":[-38.486773,-3.73598]},"properties":{"kind":"FIXED","limit_kmh":50,"source":"OSM","active":true}},{"type":"Feature","geometry":{"type":"Point","coordinates":[-38.566239,-3.73592]},"properties":{"kind":"FIXED","limit_kmh":null,"source":"PMF","active":true}},{"type":"Feature","geometry":{"type":"Point","coordinates":[-38.566317,-3.735918]},"properties":{"kind":"RED_LIGHT","limit_kmh":null,"source":"OSM","active":true}},{"type":"Feature","geometry":{"type":"Point","coordinates":[-38.486915,-3.735882]},"properties":{"kind":"FIXED","limit_kmh":null,"source":"PMF","active":true}},{"type":"Feature","geometry":{"type":"Point","coordinates":[-38.48682,-3.735877]},"properties":{"kind":"RED_LIGHT","limit_kmh":50,"source":"OSM","active":true}},{"type":"Feature","geometry":{"type":"Point","coordinates":[-38.56622,-3.735858]},"properties":{"kind":"FIXED","limit_kmh":null,"source":"OSM","active":true}},{"type":"Feature","geometry":{"type":"Point","coordinates":[-38.534347,-3.735852]},"properties":{"kind":"FIXED","limit_kmh":null,"source":"OSM","active":true}},{"type":"Feature","geometry":{"type":"Point","coordinates":[-38.534489,-3.735802]},"properties":{"kind":"FIXED","limit_kmh":null,"source":"OSM","active":true}},{"type":"Feature","geometry":{"type":"Point","coordinates":[-38.53433,-3.735711]},"properties":{"kind":"RED_LIGHT","limit_kmh":null,"source":"OSM","active":true}},{"type":"Feature","geometry":{"type":"Point","coordinates":[-38.45678,-3.735546]},"properties":{"kind":"FIXED","limit_kmh":null,"source":"PMF","active":true}},{"type":"Feature","geometry":{"type":"Point","coordinates":[-38.456701,-3.73552]},"properties":{"kind":"FIXED","limit_kmh":60,"source":"OSM","active":true}},{"type":"Feature","geometry":{"type":"Point","coordinates":[-38.654134,-3.735396]},"properties":{"kind":"FIXED","limit_kmh":50,"source":"OSM","active":true}},{"type":"Feature","geometry":{"type":"Point","coordinates":[-38.564223,-3.735325]},"properties":{"kind":"RED_LIGHT","limit_kmh":null,"source":"OSM","active":true}},{"type":"Feature","geometry":{"type":"Point","coordinates":[-38.584057,-3.735276]},"properties":{"kind":"FIXED","limit_kmh":null,"source":"PMF","active":true}},{"type":"Feature","geometry":{"type":"Point","coordinates":[-38.584305,-3.735134]},"properties":{"kind":"FIXED","limit_kmh":null,"source":"PMF","active":true}},{"type":"Feature","geometry":{"type":"Point","coordinates":[-38.56137,-3.735123]},"properties":{"kind":"FIXED","limit_kmh":null,"source":"PMF","active":true}},{"type":"Feature","geometry":{"type":"Point","coordinates":[-38.561054,-3.735102]},"properties":{"kind":"FIXED","limit_kmh":null,"source":"OSM","active":true}},{"type":"Feature","geometry":{"type":"Point","coordinates":[-38.560994,-3.735054]},"properties":{"kind":"RED_LIGHT","limit_kmh":null,"source":"OSM","active":true}},{"type":"Feature","geometry":{"type":"Point","coordinates":[-38.561081,-3.734973]},"properties":{"kind":"FIXED","limit_kmh":null,"source":"OSM","active":true}},{"type":"Feature","geometry":{"type":"Point","coordinates":[-38.536852,-3.734937]},"properties":{"kind":"FIXED","limit_kmh":null,"source":"PMF","active":true}},{"type":"Feature","geometry":{"type":"Point","coordinates":[-38.492352,-3.734883]},"properties":{"kind":"RED_LIGHT","limit_kmh":50,"source":"OSM","active":true}},{"type":"Feature","geometry":{"type":"Point","coordinates":[-38.560788,-3.734881]},"properties":{"kind":"FIXED","limit_kmh":null,"source":"OSM","active":true}},{"type":"Feature","geometry":{"type":"Point","coordinates":[-38.484487,-3.734843]},"properties":{"kind":"FIXED","limit_kmh":60,"source":"OSM","active":true}},{"type":"Feature","geometry":{"type":"Point","coordinates":[-38.536516,-3.734812]},"properties":{"kind":"FIXED","limit_kmh":null,"source":"PMF","active":true}},{"type":"Feature","geometry":{"type":"Point","coordinates":[-38.560822,-3.73479]},"properties":{"kind":"FIXED","limit_kmh":null,"source":"PMF","active":true}},{"type":"Feature","geometry":{"type":"Point","coordinates":[-38.560881,-3.734784]},"properties":{"kind":"RED_LIGHT","limit_kmh":null,"source":"OSM","active":true}},{"type":"Feature","geometry":{"type":"Point","coordinates":[-38.56083,-3.734742]},"properties":{"kind":"FIXED","limit_kmh":null,"source":"OSM","active":true}},{"type":"Feature","geometry":{"type":"Point","coordinates":[-38.544122,-3.734565]},"properties":{"kind":"FIXED","limit_kmh":null,"source":"PMF","active":true}},{"type":"Feature","geometry":{"type":"Point","coordinates":[-38.544179,-3.734515]},"properties":{"kind":"FIXED","limit_kmh":null,"source":"PMF","active":true}},{"type":"Feature","geometry":{"type":"Point","coordinates":[-38.544225,-3.734451]},"properties":{"kind":"FIXED","limit_kmh":50,"source":"OSM","active":true}},{"type":"Feature","geometry":{"type":"Point","coordinates":[-38.552464,-3.733333]},"properties":{"kind":"FIXED","limit_kmh":null,"source":"OSM","active":true}},{"type":"Feature","geometry":{"type":"Point","coordinates":[-38.552383,-3.733286]},"properties":{"kind":"RED_LIGHT","limit_kmh":null,"source":"OSM","active":true}},{"type":"Feature","geometry":{"type":"Point","coordinates":[-38.552601,-3.73327]},"properties":{"kind":"FIXED","limit_kmh":null,"source":"PMF","active":true}},{"type":"Feature","geometry":{"type":"Point","coordinates":[-38.552487,-3.733207]},"properties":{"kind":"FIXED","limit_kmh":null,"source":"OSM","active":true}},{"type":"Feature","geometry":{"type":"Point","coordinates":[-38.584316,-3.733059]},"properties":{"kind":"FIXED","limit_kmh":null,"source":"OSM","active":true}},{"type":"Feature","geometry":{"type":"Point","coordinates":[-38.551812,-3.73303]},"properties":{"kind":"FIXED","limit_kmh":null,"source":"OSM","active":true}},{"type":"Feature","geometry":{"type":"Point","coordinates":[-38.552038,-3.732973]},"properties":{"kind":"RED_LIGHT","limit_kmh":null,"source":"OSM","active":true}},{"type":"Feature","geometry":{"type":"Point","coordinates":[-38.584376,-3.732945]},"properties":{"kind":"RED_LIGHT","limit_kmh":null,"source":"OSM","active":true}},{"type":"Feature","geometry":{"type":"Point","coordinates":[-38.551894,-3.73294]},"properties":{"kind":"FIXED","limit_kmh":null,"source":"PMF","active":true}},{"type":"Feature","geometry":{"type":"Point","coordinates":[-38.508552,-3.732913]},"properties":{"kind":"FIXED","limit_kmh":50,"source":"OSM","active":true}},{"type":"Feature","geometry":{"type":"Point","coordinates":[-38.551849,-3.732897]},"properties":{"kind":"FIXED","limit_kmh":null,"source":"OSM","active":true}},{"type":"Feature","geometry":{"type":"Point","coordinates":[-38.584501,-3.732756]},"properties":{"kind":"RED_LIGHT","limit_kmh":null,"source":"OSM","active":true}},{"type":"Feature","geometry":{"type":"Point","coordinates":[-38.58455,-3.732731]},"properties":{"kind":"FIXED","limit_kmh":null,"source":"OSM","active":true}},{"type":"Feature","geometry":{"type":"Point","coordinates":[-38.548587,-3.732541]},"properties":{"kind":"FIXED","limit_kmh":null,"source":"OSM","active":true}},{"type":"Feature","geometry":{"type":"Point","coordinates":[-38.532498,-3.73253]},"properties":{"kind":"FIXED","limit_kmh":null,"source":"PMF","active":true}},{"type":"Feature","geometry":{"type":"Point","coordinates":[-38.548628,-3.73249]},"properties":{"kind":"FIXED","limit_kmh":null,"source":"PMF","active":true}},{"type":"Feature","geometry":{"type":"Point","coordinates":[-38.548494,-3.732482]},"properties":{"kind":"RED_LIGHT","limit_kmh":null,"source":"OSM","active":true}},{"type":"Feature","geometry":{"type":"Point","coordinates":[-38.522316,-3.732187]},"properties":{"kind":"FIXED","limit_kmh":null,"source":"PMF","active":true}},{"type":"Feature","geometry":{"type":"Point","coordinates":[-38.547493,-3.73205]},"properties":{"kind":"FIXED","limit_kmh":null,"source":"PMF","active":true}},{"type":"Feature","geometry":{"type":"Point","coordinates":[-38.547601,-3.732049]},"properties":{"kind":"RED_LIGHT","limit_kmh":50,"source":"OSM","active":true}},{"type":"Feature","geometry":{"type":"Point","coordinates":[-38.547563,-3.732006]},"properties":{"kind":"FIXED","limit_kmh":null,"source":"OSM","active":true}},{"type":"Feature","geometry":{"type":"Point","coordinates":[-38.544707,-3.731783]},"properties":{"kind":"FIXED","limit_kmh":50,"source":"OSM","active":true}},{"type":"Feature","geometry":{"type":"Point","coordinates":[-38.544739,-3.731741]},"properties":{"kind":"FIXED","limit_kmh":null,"source":"PMF","active":true}},{"type":"Feature","geometry":{"type":"Point","coordinates":[-38.532183,-3.73149]},"properties":{"kind":"FIXED","limit_kmh":null,"source":"PMF","active":true}},{"type":"Feature","geometry":{"type":"Point","coordinates":[-38.544841,-3.731465]},"properties":{"kind":"FIXED","limit_kmh":null,"source":"PMF","active":true}},{"type":"Feature","geometry":{"type":"Point","coordinates":[-38.544693,-3.731432]},"properties":{"kind":"FIXED","limit_kmh":50,"source":"OSM","active":true}},{"type":"Feature","geometry":{"type":"Point","coordinates":[-38.52212,-3.73137]},"properties":{"kind":"FIXED","limit_kmh":null,"source":"PMF","active":true}},{"type":"Feature","geometry":{"type":"Point","coordinates":[-38.545086,-3.731361]},"properties":{"kind":"FIXED","limit_kmh":50,"source":"OSM","active":true}},{"type":"Feature","geometry":{"type":"Point","coordinates":[-38.491262,-3.731031]},"properties":{"kind":"FIXED","limit_kmh":60,"source":"OSM","active":true}},{"type":"Feature","geometry":{"type":"Point","coordinates":[-38.531918,-3.73062]},"properties":{"kind":"FIXED","limit_kmh":null,"source":"PMF","active":true}},{"type":"Feature","geometry":{"type":"Point","coordinates":[-38.644161,-3.730279]},"properties":{"kind":"FIXED","limit_kmh":80,"source":"OSM","active":true}},{"type":"Feature","geometry":{"type":"Point","coordinates":[-38.64418,-3.729914]},"properties":{"kind":"FIXED","limit_kmh":80,"source":"OSM","active":true}},{"type":"Feature","geometry":{"type":"Point","coordinates":[-38.481147,-3.729824]},"properties":{"kind":"FIXED","limit_kmh":60,"source":"OSM","active":true}},{"type":"Feature","geometry":{"type":"Point","coordinates":[-38.531526,-3.72933]},"properties":{"kind":"FIXED","limit_kmh":null,"source":"PMF","active":true}},{"type":"Feature","geometry":{"type":"Point","coordinates":[-38.538363,-3.729006]},"properties":{"kind":"FIXED","limit_kmh":50,"source":"OSM","active":true}},{"type":"Feature","geometry":{"type":"Point","coordinates":[-38.53871,-3.728933]},"properties":{"kind":"FIXED","limit_kmh":50,"source":"OSM","active":true}},{"type":"Feature","geometry":{"type":"Point","coordinates":[-38.506883,-3.728746]},"properties":{"kind":"FIXED","limit_kmh":60,"source":"OSM","active":true}},{"type":"Feature","geometry":{"type":"Point","coordinates":[-38.506949,-3.728663]},"properties":{"kind":"FIXED","limit_kmh":null,"source":"PMF","active":true}},{"type":"Feature","geometry":{"type":"Point","coordinates":[-38.507105,-3.728559]},"properties":{"kind":"FIXED","limit_kmh":null,"source":"PMF","active":true}},{"type":"Feature","geometry":{"type":"Point","coordinates":[-38.506983,-3.728442]},"properties":{"kind":"FIXED","limit_kmh":50,"source":"OSM","active":true}},{"type":"Feature","geometry":{"type":"Point","coordinates":[-38.531243,-3.72832]},"properties":{"kind":"FIXED","limit_kmh":null,"source":"PMF","active":true}},{"type":"Feature","geometry":{"type":"Point","coordinates":[-38.520645,-3.727431]},"properties":{"kind":"RED_LIGHT","limit_kmh":null,"source":"OSM","active":true}},{"type":"Feature","geometry":{"type":"Point","coordinates":[-38.520614,-3.727408]},"properties":{"kind":"FIXED","limit_kmh":null,"source":"OSM","active":true}},{"type":"Feature","geometry":{"type":"Point","coordinates":[-38.495655,-3.727336]},"properties":{"kind":"FIXED","limit_kmh":50,"source":"OSM","active":true}},{"type":"Feature","geometry":{"type":"Point","coordinates":[-38.495133,-3.727248]},"properties":{"kind":"FIXED","limit_kmh":50,"source":"OSM","active":true}},{"type":"Feature","geometry":{"type":"Point","coordinates":[-38.480507,-3.726915]},"properties":{"kind":"FIXED","limit_kmh":60,"source":"OSM","active":true}},{"type":"Feature","geometry":{"type":"Point","coordinates":[-38.506269,-3.726795]},"properties":{"kind":"FIXED","limit_kmh":40,"source":"OSM","active":true}},{"type":"Feature","geometry":{"type":"Point","coordinates":[-38.498561,-3.726469]},"properties":{"kind":"FIXED","limit_kmh":null,"source":"PMF","active":true}},{"type":"Feature","geometry":{"type":"Point","coordinates":[-38.489221,-3.72631]},"properties":{"kind":"FIXED","limit_kmh":null,"source":"PMF","active":true}},{"type":"Feature","geometry":{"type":"Point","coordinates":[-38.498325,-3.72629]},"properties":{"kind":"FIXED","limit_kmh":null,"source":"PMF","active":true}},{"type":"Feature","geometry":{"type":"Point","coordinates":[-38.489213,-3.726271]},"properties":{"kind":"FIXED","limit_kmh":null,"source":"OSM","active":true}},{"type":"Feature","geometry":{"type":"Point","coordinates":[-38.495211,-3.72605]},"properties":{"kind":"FIXED","limit_kmh":40,"source":"OSM","active":true}},{"type":"Feature","geometry":{"type":"Point","coordinates":[-38.461838,-3.72588]},"properties":{"kind":"FIXED","limit_kmh":null,"source":"OSM","active":true}},{"type":"Feature","geometry":{"type":"Point","coordinates":[-38.461908,-3.725844]},"properties":{"kind":"RED_LIGHT","limit_kmh":null,"source":"OSM","active":true}},{"type":"Feature","geometry":{"type":"Point","coordinates":[-38.46203,-3.725764]},"properties":{"kind":"RED_LIGHT","limit_kmh":null,"source":"OSM","active":true}},{"type":"Feature","geometry":{"type":"Point","coordinates":[-38.461956,-3.725755]},"properties":{"kind":"FIXED","limit_kmh":60,"source":"OSM","active":true}},{"type":"Feature","geometry":{"type":"Point","coordinates":[-38.462097,-3.725719]},"properties":{"kind":"FIXED","limit_kmh":null,"source":"OSM","active":true}},{"type":"Feature","geometry":{"type":"Point","coordinates":[-38.56836,-3.724642]},"properties":{"kind":"FIXED","limit_kmh":50,"source":"OSM","active":true}},{"type":"Feature","geometry":{"type":"Point","coordinates":[-38.536901,-3.724106]},"properties":{"kind":"FIXED","limit_kmh":null,"source":"OSM","active":true}},{"type":"Feature","geometry":{"type":"Point","coordinates":[-38.536897,-3.724087]},"properties":{"kind":"RED_LIGHT","limit_kmh":60,"source":"OSM","active":true}},{"type":"Feature","geometry":{"type":"Point","coordinates":[-38.536983,-3.72406]},"properties":{"kind":"FIXED","limit_kmh":null,"source":"PMF","active":true}},{"type":"Feature","geometry":{"type":"Point","coordinates":[-38.514471,-3.72389]},"properties":{"kind":"FIXED","limit_kmh":40,"source":"OSM","active":true}},{"type":"Feature","geometry":{"type":"Point","coordinates":[-38.51419,-3.723866]},"properties":{"kind":"FIXED","limit_kmh":null,"source":"PMF","active":true}},{"type":"Feature","geometry":{"type":"Point","coordinates":[-38.505251,-3.72363]},"properties":{"kind":"FIXED","limit_kmh":null,"source":"PMF","active":true}},{"type":"Feature","geometry":{"type":"Point","coordinates":[-38.505193,-3.723591]},"properties":{"kind":"RED_LIGHT","limit_kmh":null,"source":"OSM","active":true}},{"type":"Feature","geometry":{"type":"Point","coordinates":[-38.505221,-3.723578]},"properties":{"kind":"FIXED","limit_kmh":null,"source":"OSM","active":true}},{"type":"Feature","geometry":{"type":"Point","coordinates":[-38.519906,-3.723531]},"properties":{"kind":"FIXED","limit_kmh":50,"source":"OSM","active":true}},{"type":"Feature","geometry":{"type":"Point","coordinates":[-38.509209,-3.721695]},"properties":{"kind":"FIXED","limit_kmh":null,"source":"OSM","active":true}},{"type":"Feature","geometry":{"type":"Point","coordinates":[-38.509742,-3.721601]},"properties":{"kind":"FIXED","limit_kmh":null,"source":"OSM","active":true}},{"type":"Feature","geometry":{"type":"Point","coordinates":[-38.509599,-3.721581]},"properties":{"kind":"RED_LIGHT","limit_kmh":null,"source":"OSM","active":true}},{"type":"Feature","geometry":{"type":"Point","coordinates":[-38.527449,-3.721216]},"properties":{"kind":"FIXED","limit_kmh":null,"source":"PMF","active":true}},{"type":"Feature","geometry":{"type":"Point","coordinates":[-38.527374,-3.721104]},"properties":{"kind":"FIXED","limit_kmh":null,"source":"PMF","active":true}},{"type":"Feature","geometry":{"type":"Point","coordinates":[-38.532534,-3.719282]},"properties":{"kind":"FIXED","limit_kmh":null,"source":"PMF","active":true}},{"type":"Feature","geometry":{"type":"Point","coordinates":[-38.532488,-3.719282]},"properties":{"kind":"FIXED","limit_kmh":null,"source":"OSM","active":true}},{"type":"Feature","geometry":{"type":"Point","coordinates":[-38.532195,-3.719249]},"properties":{"kind":"FIXED","limit_kmh":null,"source":"OSM","active":true}},{"type":"Feature","geometry":{"type":"Point","coordinates":[-38.532491,-3.719217]},"properties":{"kind":"RED_LIGHT","limit_kmh":null,"source":"OSM","active":true}},{"type":"Feature","geometry":{"type":"Point","coordinates":[-38.532283,-3.719216]},"properties":{"kind":"FIXED","limit_kmh":null,"source":"OSM","active":true}},{"type":"Feature","geometry":{"type":"Point","coordinates":[-38.532203,-3.719155]},"properties":{"kind":"RED_LIGHT","limit_kmh":null,"source":"OSM","active":true}},{"type":"Feature","geometry":{"type":"Point","coordinates":[-38.532129,-3.719105]},"properties":{"kind":"FIXED","limit_kmh":null,"source":"OSM","active":true}},{"type":"Feature","geometry":{"type":"Point","coordinates":[-38.532483,-3.718983]},"properties":{"kind":"FIXED","limit_kmh":null,"source":"PMF","active":true}},{"type":"Feature","geometry":{"type":"Point","coordinates":[-38.556828,-3.717615]},"properties":{"kind":"RED_LIGHT","limit_kmh":null,"source":"OSM","active":true}},{"type":"Feature","geometry":{"type":"Point","coordinates":[-38.556662,-3.717614]},"properties":{"kind":"RED_LIGHT","limit_kmh":null,"source":"OSM","active":true}},{"type":"Feature","geometry":{"type":"Point","coordinates":[-38.556845,-3.71761]},"properties":{"kind":"FIXED","limit_kmh":null,"source":"PMF","active":true}},{"type":"Feature","geometry":{"type":"Point","coordinates":[-38.556651,-3.71761]},"properties":{"kind":"FIXED","limit_kmh":null,"source":"PMF","active":true}},{"type":"Feature","geometry":{"type":"Point","coordinates":[-38.556613,-3.717595]},"properties":{"kind":"FIXED","limit_kmh":null,"source":"OSM","active":true}},{"type":"Feature","geometry":{"type":"Point","coordinates":[-38.556846,-3.717517]},"properties":{"kind":"FIXED","limit_kmh":null,"source":"OSM","active":true}},{"type":"Feature","geometry":{"type":"Point","coordinates":[-38.540054,-3.716949]},"properties":{"kind":"FIXED","limit_kmh":50,"source":"OSM","active":true}},{"type":"Feature","geometry":{"type":"Point","coordinates":[-38.560503,-3.716347]},"properties":{"kind":"RED_LIGHT","limit_kmh":null,"source":"OSM","active":true}},{"type":"Feature","geometry":{"type":"Point","coordinates":[-38.560835,-3.716346]},"properties":{"kind":"FIXED","limit_kmh":null,"source":"OSM","active":true}},{"type":"Feature","geometry":{"type":"Point","coordinates":[-38.560439,-3.716332]},"properties":{"kind":"FIXED","limit_kmh":null,"source":"OSM","active":true}},{"type":"Feature","geometry":{"type":"Point","coordinates":[-38.560689,-3.716284]},"properties":{"kind":"RED_LIGHT","limit_kmh":null,"source":"OSM","active":true}},{"type":"Feature","geometry":{"type":"Point","coordinates":[-38.542113,-3.715655]},"properties":{"kind":"FIXED","limit_kmh":null,"source":"PMF","active":true}},{"type":"Feature","geometry":{"type":"Point","coordinates":[-38.542054,-3.715547]},"properties":{"kind":"FIXED","limit_kmh":null,"source":"PMF","active":true}},{"type":"Feature","geometry":{"type":"Point","coordinates":[-38.544804,-3.715055]},"properties":{"kind":"FIXED","limit_kmh":50,"source":"OSM","active":true}},{"type":"Feature","geometry":{"type":"Point","coordinates":[-38.572089,-3.712375]},"properties":{"kind":"FIXED","limit_kmh":50,"source":"OSM","active":true}},{"type":"Feature","geometry":{"type":"Point","coordinates":[-38.572103,-3.71236]},"properties":{"kind":"FIXED","limit_kmh":null,"source":"PMF","active":true}},{"type":"Feature","geometry":{"type":"Point","coordinates":[-38.572151,-3.712354]},"properties":{"kind":"RED_LIGHT","limit_kmh":null,"source":"OSM","active":true}},{"type":"Feature","geometry":{"type":"Point","coordinates":[-38.572443,-3.71229]},"properties":{"kind":"FIXED","limit_kmh":null,"source":"PMF","active":true}},{"type":"Feature","geometry":{"type":"Point","coordinates":[-38.572357,-3.712282]},"properties":{"kind":"RED_LIGHT","limit_kmh":null,"source":"OSM","active":true}},{"type":"Feature","geometry":{"type":"Point","coordinates":[-38.572419,-3.712261]},"properties":{"kind":"FIXED","limit_kmh":50,"source":"OSM","active":true}},{"type":"Feature","geometry":{"type":"Point","coordinates":[-38.558951,-3.7112]},"properties":{"kind":"FIXED","limit_kmh":null,"source":"PMF","active":true}},{"type":"Feature","geometry":{"type":"Point","coordinates":[-38.559066,-3.711198]},"properties":{"kind":"RED_LIGHT","limit_kmh":null,"source":"OSM","active":true}},{"type":"Feature","geometry":{"type":"Point","coordinates":[-38.558593,-3.711194]},"properties":{"kind":"RED_LIGHT","limit_kmh":null,"source":"OSM","active":true}},{"type":"Feature","geometry":{"type":"Point","coordinates":[-38.558508,-3.711181]},"properties":{"kind":"FIXED","limit_kmh":null,"source":"OSM","active":true}},{"type":"Feature","geometry":{"type":"Point","coordinates":[-38.558674,-3.71118]},"properties":{"kind":"FIXED","limit_kmh":null,"source":"PMF","active":true}},{"type":"Feature","geometry":{"type":"Point","coordinates":[-38.559089,-3.711152]},"properties":{"kind":"FIXED","limit_kmh":null,"source":"OSM","active":true}},{"type":"Feature","geometry":{"type":"Point","coordinates":[-38.589453,-3.710917]},"properties":{"kind":"FIXED","limit_kmh":null,"source":"PMF","active":true}},{"type":"Feature","geometry":{"type":"Point","coordinates":[-39.626838,-3.710237]},"properties":{"kind":"FIXED","limit_kmh":null,"source":"DNIT","active":true}},{"type":"Feature","geometry":{"type":"Point","coordinates":[-38.589922,-3.710179]},"properties":{"kind":"FIXED","limit_kmh":null,"source":"PMF","active":true}},{"type":"Feature","geometry":{"type":"Point","coordinates":[-38.563674,-3.710011]},"properties":{"kind":"RED_LIGHT","limit_kmh":null,"source":"OSM","active":true}},{"type":"Feature","geometry":{"type":"Point","coordinates":[-38.563179,-3.710005]},"properties":{"kind":"FIXED","limit_kmh":null,"source":"OSM","active":true}},{"type":"Feature","geometry":{"type":"Point","coordinates":[-38.563693,-3.709949]},"properties":{"kind":"FIXED","limit_kmh":null,"source":"OSM","active":true}},{"type":"Feature","geometry":{"type":"Point","coordinates":[-38.5632,-3.709927]},"properties":{"kind":"RED_LIGHT","limit_kmh":null,"source":"OSM","active":true}},{"type":"Feature","geometry":{"type":"Point","coordinates":[-38.563214,-3.709898]},"properties":{"kind":"FIXED","limit_kmh":null,"source":"PMF","active":true}},{"type":"Feature","geometry":{"type":"Point","coordinates":[-38.568451,-3.708398]},"properties":{"kind":"FIXED","limit_kmh":null,"source":"OSM","active":true}},{"type":"Feature","geometry":{"type":"Point","coordinates":[-38.568719,-3.70839]},"properties":{"kind":"FIXED","limit_kmh":null,"source":"PMF","active":true}},{"type":"Feature","geometry":{"type":"Point","coordinates":[-38.568825,-3.708377]},"properties":{"kind":"RED_LIGHT","limit_kmh":null,"source":"OSM","active":true}},{"type":"Feature","geometry":{"type":"Point","coordinates":[-38.568474,-3.708315]},"properties":{"kind":"RED_LIGHT","limit_kmh":null,"source":"OSM","active":true}},{"type":"Feature","geometry":{"type":"Point","coordinates":[-38.568829,-3.708301]},"properties":{"kind":"FIXED","limit_kmh":50,"source":"OSM","active":true}},{"type":"Feature","geometry":{"type":"Point","coordinates":[-38.568513,-3.7083]},"properties":{"kind":"FIXED","limit_kmh":null,"source":"PMF","active":true}},{"type":"Feature","geometry":{"type":"Point","coordinates":[-39.621245,-3.706787]},"properties":{"kind":"FIXED","limit_kmh":null,"source":"DNIT","active":true}},{"type":"Feature","geometry":{"type":"Point","coordinates":[-38.574354,-3.70622]},"properties":{"kind":"FIXED","limit_kmh":null,"source":"PMF","active":true}},{"type":"Feature","geometry":{"type":"Point","coordinates":[-38.57444,-3.706198]},"properties":{"kind":"RED_LIGHT","limit_kmh":null,"source":"OSM","active":true}},{"type":"Feature","geometry":{"type":"Point","coordinates":[-38.574213,-3.706174]},"properties":{"kind":"FIXED","limit_kmh":null,"source":"OSM","active":true}},{"type":"Feature","geometry":{"type":"Point","coordinates":[-38.574455,-3.706138]},"properties":{"kind":"FIXED","limit_kmh":null,"source":"OSM","active":true}},{"type":"Feature","geometry":{"type":"Point","coordinates":[-38.574232,-3.706112]},"properties":{"kind":"RED_LIGHT","limit_kmh":null,"source":"OSM","active":true}},{"type":"Feature","geometry":{"type":"Point","coordinates":[-38.574294,-3.70607]},"properties":{"kind":"FIXED","limit_kmh":null,"source":"PMF","active":true}},{"type":"Feature","geometry":{"type":"Point","coordinates":[-38.578818,-3.704087]},"properties":{"kind":"FIXED","limit_kmh":50,"source":"OSM","active":true}},{"type":"Feature","geometry":{"type":"Point","coordinates":[-38.579206,-3.704039]},"properties":{"kind":"FIXED","limit_kmh":50,"source":"OSM","active":true}},{"type":"Feature","geometry":{"type":"Point","coordinates":[-38.581534,-3.702887]},"properties":{"kind":"FIXED","limit_kmh":null,"source":"PMF","active":true}},{"type":"Feature","geometry":{"type":"Point","coordinates":[-38.581549,-3.702825]},"properties":{"kind":"FIXED","limit_kmh":50,"source":"OSM","active":true}},{"type":"Feature","geometry":{"type":"Point","coordinates":[-38.581427,-3.702812]},"properties":{"kind":"FIXED","limit_kmh":null,"source":"PMF","active":true}},{"type":"Feature","geometry":{"type":"Point","coordinates":[-38.582618,-3.702483]},"properties":{"kind":"FIXED","limit_kmh":null,"source":"PMF","active":true}},{"type":"Feature","geometry":{"type":"Point","coordinates":[-38.582588,-3.70243]},"properties":{"kind":"FIXED","limit_kmh":null,"source":"PMF","active":true}},{"type":"Feature","geometry":{"type":"Point","coordinates":[-38.582717,-3.702409]},"properties":{"kind":"FIXED","limit_kmh":50,"source":"OSM","active":true}},{"type":"Feature","geometry":{"type":"Point","coordinates":[-38.585795,-3.700889]},"properties":{"kind":"FIXED","limit_kmh":null,"source":"OSM","active":true}},{"type":"Feature","geometry":{"type":"Point","coordinates":[-38.585958,-3.70088]},"properties":{"kind":"FIXED","limit_kmh":null,"source":"PMF","active":true}},{"type":"Feature","geometry":{"type":"Point","coordinates":[-38.585773,-3.700843]},"properties":{"kind":"RED_LIGHT","limit_kmh":null,"source":"OSM","active":true}},{"type":"Feature","geometry":{"type":"Point","coordinates":[-38.58593,-3.70082]},"properties":{"kind":"FIXED","limit_kmh":null,"source":"OSM","active":true}},{"type":"Feature","geometry":{"type":"Point","coordinates":[-38.586046,-3.700797]},"properties":{"kind":"RED_LIGHT","limit_kmh":null,"source":"OSM","active":true}},{"type":"Feature","geometry":{"type":"Point","coordinates":[-38.585894,-3.70078]},"properties":{"kind":"FIXED","limit_kmh":null,"source":"PMF","active":true}},{"type":"Feature","geometry":{"type":"Point","coordinates":[-38.592855,-3.697479]},"properties":{"kind":"FIXED","limit_kmh":60,"source":"OSM","active":true}},{"type":"Feature","geometry":{"type":"Point","coordinates":[-40.385291,-3.697465]},"properties":{"kind":"FIXED","limit_kmh":60,"source":"OSM","active":true}},{"type":"Feature","geometry":{"type":"Point","coordinates":[-38.597254,-3.696036]},"properties":{"kind":"FIXED","limit_kmh":60,"source":"OSM","active":true}},{"type":"Feature","geometry":{"type":"Point","coordinates":[-38.629257,-3.694495]},"properties":{"kind":"FIXED","limit_kmh":60,"source":"OSM","active":true}},{"type":"Feature","geometry":{"type":"Point","coordinates":[-38.621041,-3.69404]},"properties":{"kind":"FIXED","limit_kmh":60,"source":"OSM","active":true}},{"type":"Feature","geometry":{"type":"Point","coordinates":[-38.620689,-3.693758]},"properties":{"kind":"FIXED","limit_kmh":60,"source":"OSM","active":true}},{"type":"Feature","geometry":{"type":"Point","coordinates":[-38.612369,-3.692818]},"properties":{"kind":"FIXED","limit_kmh":60,"source":"OSM","active":true}},{"type":"Feature","geometry":{"type":"Point","coordinates":[-38.617094,-3.692791]},"properties":{"kind":"FIXED","limit_kmh":60,"source":"OSM","active":true}},{"type":"Feature","geometry":{"type":"Point","coordinates":[-40.341178,-3.692617]},"properties":{"kind":"FIXED","limit_kmh":60,"source":"OSM","active":true}},{"type":"Feature","geometry":{"type":"Point","coordinates":[-40.341438,-3.6921]},"properties":{"kind":"FIXED","limit_kmh":60,"source":"OSM","active":true}},{"type":"Feature","geometry":{"type":"Point","coordinates":[-38.647189,-3.691447]},"properties":{"kind":"FIXED","limit_kmh":60,"source":"OSM","active":true}},{"type":"Feature","geometry":{"type":"Point","coordinates":[-40.369574,-3.69138]},"properties":{"kind":"FIXED","limit_kmh":60,"source":"OSM","active":true}},{"type":"Feature","geometry":{"type":"Point","coordinates":[-40.367443,-3.691226]},"properties":{"kind":"FIXED","limit_kmh":60,"source":"OSM","active":true}},{"type":"Feature","geometry":{"type":"Point","coordinates":[-38.65019,-3.688905]},"properties":{"kind":"FIXED","limit_kmh":60,"source":"OSM","active":true}},{"type":"Feature","geometry":{"type":"Point","coordinates":[-40.34278,-3.686135]},"properties":{"kind":"FIXED","limit_kmh":40,"source":"OSM","active":true}},{"type":"Feature","geometry":{"type":"Point","coordinates":[-40.352151,-3.68598]},"properties":{"kind":"FIXED","limit_kmh":40,"source":"OSM","active":true}},{"type":"Feature","geometry":{"type":"Point","coordinates":[-40.34502,-3.685297]},"properties":{"kind":"FIXED","limit_kmh":40,"source":"OSM","active":true}},{"type":"Feature","geometry":{"type":"Point","coordinates":[-40.344233,-3.684509]},"properties":{"kind":"FIXED","limit_kmh":60,"source":"OSM","active":true}},{"type":"Feature","geometry":{"type":"Point","coordinates":[-40.344528,-3.674047]},"properties":{"kind":"FIXED","limit_kmh":60,"source":"OSM","active":true}},{"type":"Feature","geometry":{"type":"Point","coordinates":[-40.362325,-3.673499]},"properties":{"kind":"FIXED","limit_kmh":60,"source":"OSM","active":true}},{"type":"Feature","geometry":{"type":"Point","coordinates":[-40.369072,-3.673018]},"properties":{"kind":"FIXED","limit_kmh":60,"source":"OSM","active":true}},{"type":"Feature","geometry":{"type":"Point","coordinates":[-39.112062,-3.671953]},"properties":{"kind":"FIXED","limit_kmh":50,"source":"OSM","active":false}},{"type":"Feature","geometry":{"type":"Point","coordinates":[-39.111916,-3.67195]},"properties":{"kind":"FIXED","limit_kmh":50,"source":"OSM","active":false}},{"type":"Feature","geometry":{"type":"Point","coordinates":[-38.97608,-3.670274]},"properties":{"kind":"FIXED","limit_kmh":60,"source":"OSM","active":true}},{"type":"Feature","geometry":{"type":"Point","coordinates":[-38.975956,-3.670209]},"properties":{"kind":"FIXED","limit_kmh":60,"source":"OSM","active":true}},{"type":"Feature","geometry":{"type":"Point","coordinates":[-38.98022,-3.668296]},"properties":{"kind":"FIXED","limit_kmh":60,"source":"OSM","active":true}},{"type":"Feature","geometry":{"type":"Point","coordinates":[-38.980553,-3.668084]},"properties":{"kind":"FIXED","limit_kmh":60,"source":"OSM","active":true}},{"type":"Feature","geometry":{"type":"Point","coordinates":[-40.377536,-3.656492]},"properties":{"kind":"FIXED","limit_kmh":60,"source":"OSM","active":true}},{"type":"Feature","geometry":{"type":"Point","coordinates":[-40.622645,-3.642289]},"properties":{"kind":"FIXED","limit_kmh":40,"source":"OSM","active":true}},{"type":"Feature","geometry":{"type":"Point","coordinates":[-38.720877,-3.630672]},"properties":{"kind":"FIXED","limit_kmh":60,"source":"OSM","active":true}},{"type":"Feature","geometry":{"type":"Point","coordinates":[-38.963419,-3.601526]},"properties":{"kind":"FIXED","limit_kmh":60,"source":"OSM","active":true}},{"type":"Feature","geometry":{"type":"Point","coordinates":[-38.961194,-3.601503]},"properties":{"kind":"FIXED","limit_kmh":60,"source":"OSM","active":true}},{"type":"Feature","geometry":{"type":"Point","coordinates":[-38.978127,-3.598678]},"properties":{"kind":"FIXED","limit_kmh":60,"source":"OSM","active":true}},{"type":"Feature","geometry":{"type":"Point","coordinates":[-40.652807,-3.551397]},"properties":{"kind":"FIXED","limit_kmh":40,"source":"OSM","active":true}},{"type":"Feature","geometry":{"type":"Point","coordinates":[-39.294581,-3.406386]},"properties":{"kind":"FIXED","limit_kmh":60,"source":"OSM","active":true}},{"type":"Feature","geometry":{"type":"Point","coordinates":[-39.294606,-3.404446]},"properties":{"kind":"FIXED","limit_kmh":60,"source":"OSM","active":true}},{"type":"Feature","geometry":{"type":"Point","coordinates":[-40.438119,-3.392171]},"properties":{"kind":"FIXED","limit_kmh":60,"source":"OSM","active":true}},{"type":"Feature","geometry":{"type":"Point","coordinates":[-40.438315,-3.391855]},"properties":{"kind":"FIXED","limit_kmh":60,"source":"OSM","active":true}},{"type":"Feature","geometry":{"type":"Point","coordinates":[-40.690257,-3.049446]},"properties":{"kind":"FIXED","limit_kmh":60,"source":"OSM","active":true}}]}