lat,lng,limit_kmh,source,estimated,limit_low_kmh,direction_deg
-11.147663,-68.721589,30,OSM,0,,
-11.147260,-68.717952,30,OSM,0,,
-11.147226,-68.722060,30,OSM,0,,
-11.147089,-68.720488,30,OSM,0,,
-11.146560,-68.726645,30,OSM,0,,
-11.146511,-68.728259,30,OSM,0,,
-11.146447,-68.726103,30,OSM,0,,
-11.146359,-68.727757,30,OSM,0,,
-11.144536,-68.717710,30,OSM,0,,
-11.140851,-68.716642,30,OSM,0,,
-11.138932,-68.739240,30,OSM,0,,
-11.138489,-68.716917,30,OSM,0,,
-11.137947,-68.739131,30,OSM,0,,
-11.136074,-68.739382,30,OSM,0,,
-11.135886,-68.718329,30,OSM,0,,
-11.134713,-68.740288,30,OSM,0,,
-11.133639,-68.719003,30,OSM,0,,
-11.133322,-68.740671,30,OSM,0,,
-11.133068,-68.720272,30,OSM,0,,
-11.132189,-68.721381,30,OSM,0,,
-11.131674,-68.740213,30,OSM,0,,
-11.130807,-68.724496,30,OSM,0,,
-11.129590,-68.726347,30,OSM,0,,
-11.128996,-68.726584,30,OSM,0,,
-11.128993,-68.736254,30,OSM,0,,
-11.127471,-68.646560,60,OSM:classe,1,40,
-11.126940,-68.735022,30,OSM,0,,
-11.126839,-68.642028,60,OSM:classe,1,40,
-11.126775,-68.651020,60,OSM:classe,1,40,
-11.126598,-68.726728,30,OSM,0,,
-11.125560,-68.655430,60,OSM:classe,1,40,
-11.125388,-68.727250,30,OSM,0,,
-11.125083,-68.637815,60,OSM:classe,1,40,
-11.124961,-68.729964,30,OSM,0,,
-11.124716,-68.728368,30,OSM,0,,
-11.124155,-68.731116,30,OSM,0,,
-11.124109,-68.659768,60,OSM:classe,1,40,
-11.123469,-68.633538,60,OSM:classe,1,40,
-11.123383,-68.733592,30,OSM,0,,
-11.121854,-68.629261,60,OSM:classe,1,40,
-11.121692,-68.732875,30,OSM,0,,
-11.121687,-68.663349,60,OSM:classe,1,40,
-11.120240,-68.624984,60,OSM:classe,1,40,
-11.118528,-68.620748,60,OSM:classe,1,40,
-11.118345,-68.733611,30,OSM,0,,
-11.118034,-68.665823,60,OSM:classe,1,40,
-11.117059,-68.670296,60,OSM:classe,1,40,
-11.116739,-68.733754,30,OSM,0,,
-11.116674,-68.616573,60,OSM:classe,1,40,
-11.116389,-68.615874,60,OSM:classe,1,40,
-11.116083,-68.674770,60,OSM:classe,1,40,
-11.115680,-68.679238,60,OSM:classe,1,40,
-11.115359,-68.683535,60,OSM:classe,1,40,
-11.115286,-68.683715,60,OSM:classe,1,40,
-11.114763,-68.611619,60,OSM:classe,1,40,
-11.114501,-68.607044,60,OSM:classe,1,40,
-11.114239,-68.602469,60,OSM:classe,1,40,
-11.112740,-68.686590,60,OSM:classe,1,40,
-11.112398,-68.598313,60,OSM:classe,1,40,
-11.110316,-68.594251,60,OSM:classe,1,40,
-11.109222,-68.732985,30,OSM,0,,
-11.108653,-68.685343,60,OSM:classe,1,40,
-11.108067,-68.590286,60,OSM:classe,1,40,
-11.106703,-68.733699,30,OSM,0,,
-11.105345,-68.587065,60,OSM:classe,1,40,
-11.104884,-68.683285,60,OSM:classe,1,40,
-11.103504,-68.736321,30,OSM,0,,
-11.103097,-68.583335,60,OSM:classe,1,40,
-11.103067,-68.736950,30,OSM,0,,
-11.102592,-68.738449,30,OSM,0,,
-11.102568,-68.739596,30,OSM,0,,
-11.102170,-68.579048,60,OSM:classe,1,40,
-11.102150,-68.741263,30,OSM,0,,
-11.100566,-68.744182,30,OSM,0,,
-11.100398,-68.683118,60,OSM:classe,1,40,
-11.099585,-68.575299,60,OSM:classe,1,40,
-11.098582,-68.746560,30,OSM,0,,
-11.098172,-68.562964,60,OSM:classe,1,40,
-11.097629,-68.567363,60,OSM:classe,1,40,
-11.097447,-68.558442,60,OSM:classe,1,40,
-11.097168,-68.680345,60,OSM:classe,1,40,
-11.097000,-68.571549,60,OSM:classe,1,40,
-11.095066,-68.747815,30,OSM,0,,
-11.094926,-68.747885,30,OSM,0,,
-11.094473,-68.555859,60,OSM:classe,1,40,
-11.093622,-68.678069,60,OSM:classe,1,40,
-11.089986,-68.555576,60,OSM:classe,1,40,
-11.089229,-68.679016,60,OSM:classe,1,40,
-11.085497,-68.555313,60,OSM:classe,1,40,
-11.084754,-68.679472,60,OSM:classe,1,40,
-11.081008,-68.555050,60,OSM:classe,1,40,
-11.080499,-68.680644,60,OSM:classe,1,40,
-11.079791,-68.681667,60,OSM:classe,1,40,
-11.078189,-68.685843,60,OSM:classe,1,40,
-11.077086,-68.690283,60,OSM:classe,1,40,
-11.076569,-68.554336,60,OSM:classe,1,40,
-11.074240,-68.693677,60,OSM:classe,1,40,
-11.072527,-68.552716,60,OSM:classe,1,40,
-11.072090,-68.697495,60,OSM:classe,1,40,
-11.069447,-68.549378,60,OSM:classe,1,40,
-11.068511,-68.700067,60,OSM:classe,1,40,
-11.066389,-68.546019,60,OSM:classe,1,40,
-11.064753,-68.702581,60,OSM:classe,1,40,
-11.063331,-68.542659,60,OSM:classe,1,40,
-11.061021,-68.705137,60,OSM:classe,1,40,
-11.060274,-68.539300,60,OSM:classe,1,40,
-11.056951,-68.706882,60,OSM:classe,1,40,
-11.056942,-68.536327,60,OSM:classe,1,40,
-11.052855,-68.534416,60,OSM:classe,1,40,
-11.052476,-68.707297,60,OSM:classe,1,40,
-11.048494,-68.709250,60,OSM:classe,1,40,
-11.048492,-68.533680,60,OSM:classe,1,40,
-11.045197,-68.768441,60,OSM:classe,1,50,
-11.045091,-68.712170,60,OSM:classe,1,40,
-11.044575,-68.772837,60,OSM:classe,1,50,
-11.044535,-68.535139,60,OSM:classe,1,40,
-11.042854,-68.539388,60,OSM:classe,1,40,
-11.042626,-68.764742,60,OSM:classe,1,50,
-11.042275,-68.764408,60,OSM:classe,1,50,
-11.041812,-68.715058,60,OSM:classe,1,40,
-11.041172,-68.543637,60,OSM:classe,1,40,
-11.039491,-68.547886,60,OSM:classe,1,40,
-11.039270,-68.761692,60,OSM:classe,1,50,
-11.039253,-68.767800,60,OSM:classe,1,50,
-11.038237,-68.719509,80,OSM,0,,
-11.038027,-68.717272,80,OSM,0,,
-11.037843,-68.760388,60,OSM:classe,1,40,
-11.037770,-68.721568,80,OSM,0,,
-11.037698,-68.769544,60,OSM:classe,1,50,
-11.037683,-68.716277,80,OSM,0,,
-11.037002,-68.551321,60,OSM:classe,1,40,
-11.036601,-68.727788,40,OSM,0,,
-11.036376,-68.734277,40,OSM,0,,
-11.036253,-68.727418,40,OSM,0,,
-11.036210,-68.765049,60,OSM:classe,1,50,
-11.035847,-68.733785,40,OSM,0,,
-11.035844,-68.732969,40,OSM,0,,
-11.035384,-68.733098,40,OSM,0,,
-11.034983,-68.724754,40,OSM,0,,
-11.034794,-68.733958,40,OSM,0,,
-11.034709,-68.762143,60,OSM:classe,1,40,
-11.034642,-68.762247,60,OSM:classe,1,50,
-11.034617,-68.766797,60,OSM:classe,1,50,
-11.034508,-68.727037,60,OSM,0,,
-11.034135,-68.761250,60,OSM:classe,1,50,
-11.034037,-68.761020,60,OSM:classe,1,50,
-11.033998,-68.761064,60,OSM:classe,1,50,
-11.033994,-68.760940,60,OSM:classe,1,50,
-11.033956,-68.761065,60,OSM:classe,1,40,
-11.033911,-68.760999,60,OSM:classe,1,40,
-11.033767,-68.756938,60,OSM:classe,1,50,
-11.033660,-68.756875,60,OSM:classe,1,50,
-11.033595,-68.760373,60,OSM:classe,1,50,
-11.033456,-68.760174,40,OSM:classe,1,40,
-11.033423,-68.729294,40,OSM,0,,
-11.033295,-68.734127,40,OSM,0,,
-11.033282,-68.757267,60,OSM:classe,1,50,
-11.033148,-68.759324,40,OSM:classe,1,40,
-11.032981,-68.730351,40,OSM,0,,
-11.032869,-68.757523,40,OSM:classe,1,40,
-11.032669,-68.730046,40,OSM,0,,
-11.032514,-68.551460,60,OSM:classe,1,40,
-11.032386,-68.724678,40,OSM,0,,
-11.032350,-68.725306,40,OSM,0,,
-11.032164,-68.705315,80,OSM,0,,
-11.032129,-68.726620,40,OSM,0,,
-11.032114,-68.725311,40,OSM,0,,
-11.031856,-68.755718,60,OSM:classe,1,50,
-11.031046,-68.732792,60,OSM,0,,
-11.031045,-68.755232,60,OSM:classe,1,40,
-11.030907,-68.762990,60,OSM:classe,1,40,
-11.030645,-68.762743,60,OSM:classe,1,40,
-11.030314,-68.741090,30,OSM,0,,
-11.029398,-68.740757,80,OSM:classe,1,60,
-11.029370,-68.740748,80,OSM:classe,1,60,
-11.029273,-68.740865,80,OSM:classe,1,60,
-11.029211,-68.740428,80,OSM:classe,1,60,
-11.029011,-68.740063,30,OSM,0,,
-11.028860,-68.742606,30,OSM,0,,
-11.028795,-68.741551,80,OSM:classe,1,60,
-11.028791,-68.736678,60,OSM,0,,
-11.028750,-68.553722,60,OSM:classe,1,40,
-11.028746,-68.736572,60,OSM,0,,
-11.028724,-68.737084,80,OSM:classe,1,60,
-11.028480,-68.737017,80,OSM:classe,1,60,
-11.028303,-68.737884,80,OSM:classe,1,60,
-11.028207,-68.738050,80,OSM:classe,1,60,
-11.028194,-68.758613,80,OSM,0,,
-11.028186,-68.757966,80,OSM,0,,
-11.028154,-68.737904,80,OSM:classe,1,60,
-11.028143,-68.758229,80,OSM,0,,
-11.027988,-68.737793,80,OSM:classe,1,60,
-11.027949,-68.759028,80,OSM,0,,
-11.027885,-68.757088,60,OSM:classe,1,50,
-11.027869,-68.558142,60,OSM:classe,1,40,
-11.027316,-68.759914,80,OSM,0,,
-11.027240,-68.759841,80,OSM,0,,
-11.027060,-68.743458,40,OSM:classe,1,40,
-11.027021,-68.753689,60,OSM:classe,1,40,
-11.026853,-68.752700,80,OSM,0,,
-11.026770,-68.752729,80,OSM,0,,
-11.026646,-68.694353,80,OSM,0,,
-11.026553,-68.751749,80,OSM,0,,
-11.026386,-68.751125,80,OSM:classe,1,60,
-11.026285,-68.744245,40,OSM:classe,1,40,
-11.026159,-68.744170,80,OSM:classe,1,60,
-11.025685,-68.737865,30,OSM,0,,
-11.025677,-68.744852,80,OSM:classe,1,60,
-11.025598,-68.744765,80,OSM:classe,1,60,
-11.025484,-68.752131,30,OSM,0,,
-11.025351,-68.561630,60,OSM:classe,1,40,
-11.025269,-68.750643,30,OSM,0,,
-11.025024,-68.748246,30,OSM,0,,
-11.024999,-68.737978,30,OSM,0,,
-11.024995,-68.737347,30,OSM,0,,
-11.024662,-68.740778,80,OSM:classe,1,60,
-11.024233,-68.746217,80,OSM:classe,1,60,
-11.024066,-68.747299,80,OSM:classe,1,60,
-11.023977,-68.749136,30,OSM,0,,
-11.023927,-68.746644,80,OSM:classe,1,60,
-11.023869,-68.749089,30,OSM,0,,
-11.023861,-68.746373,80,OSM:classe,1,60,
-11.023478,-68.758102,60,OSM:classe,1,60,
-11.023454,-68.758174,60,OSM:classe,1,60,
-11.023357,-68.762700,60,OSM:classe,1,40,
-11.022872,-68.737683,30,OSM,0,,
-11.022819,-68.746411,30,OSM,0,,
-11.022779,-68.746411,80,OSM:classe,1,60,
-11.022704,-68.746224,80,OSM:classe,1,60,
-11.022702,-68.761003,60,OSM:classe,1,60,
-11.022674,-68.761077,60,OSM:classe,1,60,
-11.022645,-68.750218,30,OSM,0,,
-11.022495,-68.746417,80,OSM:classe,1,60,
-11.021734,-68.767314,60,OSM:classe,1,50,
-11.021698,-68.767239,60,OSM:classe,1,50,
-11.021361,-68.736947,30,OSM,0,,
-11.021127,-68.683391,80,OSM,0,,
-11.021087,-68.562267,60,OSM:classe,1,40,
-11.020790,-68.666927,80,OSM,0,,
-11.020732,-68.742948,80,OSM:classe,1,60,
-11.020693,-68.765183,60,OSM:classe,1,40,
-11.020625,-68.736910,30,OSM,0,,
-11.020380,-68.760159,60,OSM:classe,1,60,
-11.020377,-68.760211,60,OSM:classe,1,60,
-11.020362,-68.737197,30,OSM,0,,
-11.020350,-68.760234,60,OSM:classe,1,60,
-11.020307,-68.760235,60,OSM:classe,1,40,
-11.020291,-68.760137,60,OSM:classe,1,60,
-11.020264,-68.675972,80,OSM,0,,
-11.020256,-68.756712,60,OSM:classe,1,60,
-11.020050,-68.764423,60,OSM:classe,1,40,
-11.019815,-68.764157,60,OSM:classe,1,40,
-11.019707,-68.759952,60,OSM:classe,1,60,
-11.019682,-68.760018,60,OSM:classe,1,60,
-11.019661,-68.770656,60,OSM:classe,1,50,
-11.019530,-68.755996,60,OSM:classe,1,60,
-11.019117,-68.743592,80,OSM:classe,1,60,
-11.018951,-68.744113,80,OSM:classe,1,60,
-11.018908,-68.743642,80,OSM:classe,1,60,
-11.018890,-68.659750,80,OSM,0,,
-11.018865,-68.743752,80,OSM:classe,1,60,
-11.018861,-68.735910,30,OSM,0,,
-11.018820,-68.743672,80,OSM:classe,1,60,
-11.018804,-68.733503,30,OSM,0,,
-11.018784,-68.743918,80,OSM:classe,1,60,
-11.018727,-68.743853,80,OSM:classe,1,60,
-11.018693,-68.743686,80,OSM:classe,1,60,
-11.018484,-68.779636,60,OSM:classe,1,40,
-11.018433,-68.743735,40,OSM,0,,
-11.018319,-69.718021,80,OSM:classe,1,60,
-11.018184,-68.658457,80,OSM,0,,
-11.018044,-68.767491,60,OSM:classe,1,40,
-11.017525,-68.732838,30,OSM,0,,
-11.017500,-68.732079,30,OSM,0,,
-11.017480,-68.743960,40,OSM,0,,
-11.017334,-68.768043,60,OSM:classe,1,40,
-11.017162,-68.657430,80,OSM,0,,
-11.017117,-68.758771,60,OSM:classe,1,60,
-11.017052,-68.758830,60,OSM:classe,1,60,
-11.017019,-68.758685,60,OSM:classe,1,60,
-11.016992,-68.758809,60,OSM:classe,1,60,
-11.016986,-68.758710,60,OSM:classe,1,60,
-11.016914,-68.735167,30,OSM,0,,
-11.016882,-68.735144,30,OSM,0,,
-11.016645,-68.561557,60,OSM:classe,1,40,
-11.016564,-68.744194,40,OSM,0,,
-11.016487,-68.735835,30,OSM,0,,
-11.016394,-68.744268,40,OSM,0,,
-11.016290,-68.754755,60,OSM:classe,1,60,
-11.016287,-68.754790,60,OSM:classe,1,60,
-11.016276,-68.754805,60,OSM:classe,1,60,
-11.016265,-68.750690,60,OSM:classe,1,50,
-11.016204,-68.744476,80,OSM:classe,1,60,
-11.016204,-68.754730,60,OSM:classe,1,60,
-11.016194,-68.750856,60,OSM:classe,1,50,
-11.016193,-69.721059,80,OSM:classe,1,60,
-11.016165,-68.766834,60,OSM:classe,1,40,
-11.016103,-68.750588,60,OSM:classe,1,50,
-11.016091,-68.744369,80,OSM:classe,1,60,
-11.016067,-68.744387,80,OSM:classe,1,60,
-11.016057,-68.750653,60,OSM:classe,1,50,
-11.016051,-68.744476,60,OSM:classe,1,50,
-11.016028,-68.656789,80,OSM,0,,
-11.016017,-68.744664,60,OSM:classe,1,50,
-11.016003,-68.752221,60,OSM:classe,1,60,
-11.015944,-68.750486,60,OSM:classe,1,50,
-11.015913,-68.744338,40,OSM,0,,
-11.015905,-68.750553,60,OSM:classe,1,50,
-11.015866,-68.753262,60,OSM:classe,1,60,
-11.015858,-68.753337,60,OSM:classe,1,60,
-11.015798,-68.766037,60,OSM:classe,1,40,
-11.015797,-68.744998,60,OSM:classe,1,50,
-11.015758,-68.745122,60,OSM:classe,1,50,
-11.015714,-68.750327,60,OSM:classe,1,50,
-11.015684,-68.750399,60,OSM:classe,1,50,
-11.015579,-68.754548,60,OSM:classe,1,60,
-11.015565,-68.754610,60,OSM:classe,1,60,
-11.014832,-68.765887,60,OSM:classe,1,40,
-11.014764,-68.771602,60,OSM:classe,1,40,
-11.014739,-68.758163,60,OSM:classe,1,60,
-11.014561,-68.758156,60,OSM:classe,1,40,
-11.013988,-68.779659,60,OSM:classe,1,40,
-11.013975,-68.749193,60,OSM:classe,1,50,
-11.013928,-68.749266,60,OSM:classe,1,50,
-11.013542,-68.771237,60,OSM:classe,1,40,
-11.013346,-68.742165,40,OSM:classe,1,40,
-11.013335,-68.773093,60,OSM:classe,1,40,
-11.013297,-68.777674,60,OSM:classe,1,40,
-11.013270,-68.779663,60,OSM:classe,1,40,
-11.013161,-69.723582,80,OSM:classe,1,60,
-11.013022,-68.753847,60,OSM:classe,1,40,
-11.012889,-68.741627,40,OSM:classe,1,40,
-11.012889,-68.741886,40,OSM,0,,
-11.012860,-68.750795,60,OSM:classe,1,60,
-11.012816,-68.750715,60,OSM:classe,1,60,
-11.012795,-68.757293,60,OSM:classe,1,60,
-11.012791,-68.750876,60,OSM:classe,1,60,
-11.012749,-68.750874,60,OSM:classe,1,60,
-11.012689,-68.750792,60,OSM:classe,1,60,
-11.012295,-68.772039,60,OSM:classe,1,40,
-11.012202,-68.560848,60,OSM:classe,1,40,
-11.012005,-68.765463,60,OSM:classe,1,40,
-11.011959,-68.756353,40,OSM:classe,1,40,
-11.011315,-68.755542,60,OSM:classe,1,60,
-11.011298,-68.749477,60,OSM:classe,1,60,
-11.011268,-68.753247,60,OSM:classe,1,40,
-11.011264,-68.755476,60,OSM:classe,1,60,
-11.011241,-68.755591,60,OSM:classe,1,60,
-11.011210,-68.755568,60,OSM:classe,1,60,
-11.010345,-68.742055,40,OSM,0,,
-11.009308,-68.750308,60,OSM:classe,1,60,
-11.009090,-68.654997,80,OSM,0,,
-11.009061,-68.742521,40,OSM,0,,
-11.008771,-68.752662,40,OSM:classe,1,40,
-11.008739,-69.723182,80,OSM:classe,1,60,
-11.008724,-68.752479,60,OSM:classe,1,40,
-11.008711,-68.752455,60,OSM:classe,1,60,
-11.008709,-68.752553,60,OSM:classe,1,40,
-11.008691,-68.752568,60,OSM:classe,1,60,
-11.008641,-68.752577,60,OSM:classe,1,60,
-11.008602,-68.752447,60,OSM:classe,1,60,
-11.008596,-68.752552,60,OSM:classe,1,60,
-11.007959,-68.770825,60,OSM:classe,1,40,
-11.007760,-68.560138,60,OSM:classe,1,40,
-11.007643,-68.764856,60,OSM:classe,1,40,
-11.007553,-68.654321,80,OSM,0,,
-11.006714,-68.745618,40,OSM,0,,
-11.006597,-68.766569,60,OSM:classe,1,40,
-11.006491,-68.764561,60,OSM:classe,1,40,
-11.006207,-68.765487,60,OSM:classe,1,40,
-11.005504,-68.652336,80,OSM,0,,
-11.005486,-68.745577,40,OSM,0,,
-11.004713,-69.721439,80,OSM:classe,1,60,
-11.004581,-68.745823,40,OSM,0,,
-11.003845,-68.562058,60,OSM:classe,1,40,
-11.003119,-68.649042,80,OSM,0,,
-11.001742,-68.749233,40,OSM,0,,
-11.001070,-69.719805,80,OSM:classe,1,60,
-11.000150,-68.564592,60,OSM:classe,1,40,
-10.998985,-69.475212,60,OSM:classe,1,50,
-10.997796,-68.644666,80,OSM,0,,
-10.997232,-69.721052,80,OSM:classe,1,60,
-10.996351,-68.754224,40,OSM,0,,
-10.996104,-68.754642,80,OSM:classe,1,60,
-10.995988,-68.754469,80,OSM:classe,1,60,
-10.995767,-68.754583,80,OSM:classe,1,60,
-10.995653,-68.564633,60,OSM:classe,1,40,
-10.995527,-69.478064,60,OSM:classe,1,50,
-10.995446,-68.755142,40,OSM,0,,
-10.995408,-68.755103,40,OSM,0,,
-10.993502,-69.721853,80,OSM:classe,1,60,
-10.992472,-68.640290,80,OSM,0,,
-10.992434,-68.757955,40,OSM,0,,
-10.991872,-69.480728,60,OSM:classe,1,50,
-10.991437,-68.640075,80,OSM,0,,
-10.991157,-68.564641,60,OSM:classe,1,40,
-10.989491,-68.760667,40,OSM,0,,
-10.989421,-69.723088,80,OSM:classe,1,60,
-10.989077,-69.484122,60,OSM:classe,1,50,
-10.988964,-68.761126,80,OSM,0,,
-10.987867,-68.761575,80,OSM,0,,
-10.987199,-69.488191,60,OSM:classe,1,40,
-10.987153,-69.488262,60,OSM:classe,1,50,
-10.986664,-68.564481,60,OSM:classe,1,40,
-10.985331,-69.724729,80,OSM:classe,1,60,
-10.985228,-69.492402,60,OSM:classe,1,50,
-10.983304,-69.496542,60,OSM:classe,1,50,
-10.982978,-68.761777,80,OSM,0,,
-10.982770,-69.488047,60,OSM:classe,1,40,
-10.982185,-68.564485,60,OSM:classe,1,40,
-10.981380,-69.500681,60,OSM:classe,1,50,
-10.981044,-69.725773,80,OSM:classe,1,60,
-10.979882,-69.504959,60,OSM:classe,1,50,
-10.978894,-68.640144,80,OSM,0,,
-10.978421,-69.487072,60,OSM:classe,1,40,
-10.977835,-69.509019,60,OSM:classe,1,50,
-10.977799,-68.565466,60,OSM:classe,1,40,
-10.977332,-69.728012,80,OSM:classe,1,60,
-10.977207,-68.639563,80,OSM,0,,
-10.977077,-68.763651,80,OSM,0,,
-10.976025,-69.513212,60,OSM:classe,1,50,
-10.974948,-69.731725,80,OSM:classe,1,60,
-10.974879,-69.661376,60,OSM:classe,1,40,
-10.974496,-68.637766,80,OSM,0,,
-10.974214,-69.517405,60,OSM:classe,1,50,
-10.973955,-69.487520,60,OSM:classe,1,40,
-10.973895,-68.636672,80,OSM,0,,
-10.973494,-68.564144,60,OSM:classe,1,40,
-10.972404,-69.521598,60,OSM:classe,1,50,
-10.971646,-69.658826,60,OSM:classe,1,40,
-10.971620,-68.625699,80,OSM,0,,
-10.970612,-69.661701,60,OSM:classe,1,40,
-10.970489,-69.525728,60,OSM:classe,1,50,
-10.970253,-68.782201,80,OSM,0,,
-10.970160,-68.780330,80,OSM,0,,
-10.970068,-68.561495,60,OSM:classe,1,40,
-10.969978,-68.768649,80,OSM,0,,
-10.969617,-69.487245,60,OSM:classe,1,40,
-10.969396,-68.783682,80,OSM,0,,
-10.969345,-68.614725,80,OSM,0,,
-10.968900,-69.530013,60,OSM:classe,1,50,
-10.968747,-68.769789,80,OSM,0,,
-10.968478,-69.657265,60,OSM:classe,1,40,
-10.967070,-68.603752,80,OSM,0,,
-10.967061,-69.534189,60,OSM:classe,1,50,
-10.966951,-68.772271,80,OSM,0,,
-10.966924,-68.775325,80,OSM,0,,
-10.966675,-68.558614,60,OSM:classe,1,40,
-10.966638,-68.773073,80,OSM,0,,
-10.966576,-68.774179,80,OSM,0,,
-10.966171,-69.662155,60,OSM:classe,1,40,
-10.965276,-69.486096,60,OSM:classe,1,40,
-10.965136,-69.538328,60,OSM:classe,1,50,
-10.964924,-68.806196,80,OSM,0,,
-10.964646,-68.804915,80,OSM,0,,
-10.964538,-68.807780,80,OSM,0,,
-10.963900,-68.790084,80,OSM,0,,
-10.963693,-68.803140,80,OSM,0,,
-10.963226,-68.801543,80,OSM,0,,
-10.963189,-69.542361,60,OSM:classe,1,50,
-10.962454,-68.794073,80,OSM,0,,
-10.962361,-68.812712,80,OSM,0,,
-10.962339,-68.557751,60,OSM:classe,1,40,
-10.962319,-68.796214,80,OSM,0,,
-10.962079,-69.663029,60,OSM:classe,1,40,
-10.961466,-68.813763,80,OSM,0,,
-10.961425,-69.483773,60,OSM:classe,1,40,
-10.961269,-69.546502,60,OSM:classe,1,50,
-10.960402,-68.593277,80,OSM,0,,
-10.960303,-68.814636,80,OSM,0,,
-10.959654,-69.666045,60,OSM:classe,1,40,
-10.959107,-69.550469,60,OSM:classe,1,50,
-10.957880,-68.558104,60,OSM:classe,1,40,
-10.957756,-69.481367,60,OSM:classe,1,40,
-10.957543,-69.554449,60,OSM:classe,1,40,
-10.957503,-69.456112,60,OSM:classe,1,40,
-10.957421,-69.554679,60,OSM:classe,1,50,
-10.957316,-69.553080,60,OSM:classe,1,40,
-10.956856,-69.476062,60,OSM:classe,1,40,
-10.956390,-69.480450,60,OSM:classe,1,40,
-10.956369,-69.460419,60,OSM:classe,1,40,
-10.955825,-69.451922,60,OSM:classe,1,40,
-10.955647,-69.577304,40,OSM,0,,
-10.955606,-69.577376,40,OSM,0,,
-10.954803,-69.468270,60,OSM:classe,1,40,
-10.954674,-69.472736,60,OSM:classe,1,40,
-10.954661,-69.556915,60,OSM:classe,1,50,
-10.954001,-68.947546,80,OSM,0,,
-10.953948,-69.447849,60,OSM:classe,1,40,
-10.953901,-68.946533,80,OSM,0,,
-10.953857,-69.464149,60,OSM:classe,1,40,
-10.953687,-68.948699,80,OSM,0,,
-10.953423,-68.558694,60,OSM:classe,1,40,
-10.953400,-68.949272,80,OSM,0,,
-10.953270,-69.553859,60,OSM:classe,1,40,
-10.953015,-69.443435,60,OSM:classe,1,40,
-10.952823,-68.817819,80,OSM,0,,
-10.952806,-68.928259,80,OSM,0,,
-10.952631,-68.929216,80,OSM,0,,
-10.952606,-68.927362,80,OSM,0,,
-10.952456,-69.578767,40,OSM,0,,
-10.952424,-69.578855,40,OSM,0,,
-10.951929,-69.439419,60,OSM:classe,1,40,
-10.951849,-69.557796,60,OSM:classe,1,40,
-10.951100,-68.924947,80,OSM,0,,
-10.950777,-68.585923,80,OSM,0,,
-10.950453,-69.558376,60,OSM:classe,1,50,
-10.950443,-68.923384,80,OSM,0,,
-10.950329,-68.933409,80,OSM,0,,
-10.950127,-68.936004,80,OSM,0,,
-10.949941,-68.934783,80,OSM,0,,
-10.949184,-68.557359,60,OSM:classe,1,40,
-10.948826,-69.436847,60,OSM:classe,1,40,
-10.948419,-68.916756,80,OSM,0,,
-10.948159,-69.432550,60,OSM:classe,1,40,
-10.947789,-69.562005,60,OSM:classe,1,50,
-10.947057,-69.566490,60,OSM:classe,1,50,
-10.946958,-69.568027,60,OSM:classe,1,50,
-10.946395,-68.910128,80,OSM,0,,
-10.945784,-68.956755,80,OSM,0,,
-10.945593,-68.909100,80,OSM,0,,
-10.945343,-68.821001,80,OSM,0,,
-10.945091,-68.555464,60,OSM:classe,1,40,
-10.944969,-68.988870,80,OSM,0,,
-10.944710,-68.848598,80,OSM,0,,
-10.944599,-68.990099,80,OSM,0,,
-10.944587,-68.847735,80,OSM,0,,
-10.944560,-68.849610,80,OSM,0,,
-10.944202,-68.822441,80,OSM,0,,
-10.944188,-69.430725,60,OSM:classe,1,40,
-10.943777,-68.991020,80,OSM,0,,
-10.943763,-68.976122,80,OSM,0,,
-10.943614,-68.851155,80,OSM,0,,
-10.943102,-69.577465,40,OSM,0,,
-10.942864,-68.826595,80,OSM,0,,
-10.942448,-69.577343,40,OSM,0,,
-10.942283,-68.907232,80,OSM,0,,
-10.942269,-68.827249,80,OSM,0,,
-10.942157,-68.840665,80,OSM,0,,
-10.941739,-69.567903,60,OSM:classe,1,40,
-10.941433,-69.577105,60,OSM,0,,
-10.941200,-68.905898,80,OSM,0,,
-10.940997,-68.553568,60,OSM:classe,1,40,
-10.940318,-69.576837,60,OSM,0,,
-10.940175,-69.428883,60,OSM:classe,1,40,
-10.939848,-68.898862,80,OSM,0,,
-10.939335,-69.576423,60,OSM,0,,
-10.939141,-69.561738,60,OSM:classe,1,40,
-10.938757,-68.580587,80,OSM,0,,
-10.938696,-68.829793,80,OSM,0,,
-10.938601,-69.429001,60,OSM:classe,1,40,
-10.938601,-69.566999,60,OSM:classe,1,40,
-10.938496,-68.891826,80,OSM,0,,
-10.938167,-68.964238,80,OSM,0,,
-10.938029,-68.830735,80,OSM,0,,
-10.937796,-69.566108,60,OSM:classe,1,40,
-10.937769,-68.833004,80,OSM,0,,
-10.937697,-68.831595,80,OSM,0,,
-10.937421,-68.967689,80,OSM,0,,
-10.937402,-69.567387,60,OSM:classe,1,40,
-10.937294,-68.965661,80,OSM,0,,
-10.937187,-68.966483,80,OSM,0,,
-10.936904,-68.551672,60,OSM:classe,1,40,
-10.936706,-68.994294,80,OSM,0,,
-10.936162,-69.573341,60,OSM,0,,
-10.935964,-69.020504,80,OSM,0,,
-10.935926,-68.994988,80,OSM,0,,
-10.935678,-69.018740,80,OSM,0,,
-10.935627,-69.567195,60,OSM,0,,
-10.935455,-69.570742,60,OSM,0,,
-10.935346,-68.996130,80,OSM,0,,
-10.934436,-68.858339,80,OSM,0,,
-10.934274,-69.565752,60,OSM:classe,1,40,
-10.934074,-69.565990,40,OSM,0,,
-10.934038,-69.565942,40,OSM:classe,1,40,
-10.934004,-69.016257,80,OSM,0,,
-10.933965,-69.565785,60,OSM:classe,1,40,
-10.933955,-69.565814,40,OSM,0,,
-10.933915,-69.565859,80,OSM:classe,1,60,
-10.933848,-69.565873,40,OSM,0,,
-10.933811,-69.565665,40,OSM,0,,
-10.933764,-69.565817,40,OSM,0,,
-10.933540,-69.565619,40,OSM,0,,
-10.933427,-69.015008,80,OSM,0,,
-10.933305,-69.026974,80,OSM,0,,
-10.933124,-69.565294,40,OSM,0,,
-10.932905,-69.565116,40,OSM,0,,
-10.932811,-68.549777,60,OSM:classe,1,40,
-10.932666,-68.882091,80,OSM,0,,
-10.932135,-69.006734,80,OSM,0,,
-10.931972,-69.007978,80,OSM,0,,
-10.931290,-68.874206,80,OSM,0,,
-10.931104,-69.559314,60,OSM,0,,
-10.930989,-69.558508,60,OSM,0,,
-10.930646,-69.033444,80,OSM,0,,
-10.930528,-68.862703,80,OSM,0,,
-10.930443,-69.558091,60,OSM,0,,
-10.930219,-69.562218,60,OSM,0,,
-10.930203,-69.561161,60,OSM,0,,
-10.929984,-68.863620,80,OSM,0,,
-10.929914,-68.866322,80,OSM,0,,
-10.929869,-69.034291,80,OSM,0,,
-10.929783,-68.864506,80,OSM,0,,
-10.928971,-69.034783,80,OSM,0,,
-10.928656,-68.548057,60,OSM:classe,1,40,
-10.926737,-68.575251,80,OSM,0,,
-10.925494,-69.555976,60,OSM,0,,
-10.924377,-69.554978,80,OSM,0,,
-10.924185,-68.547677,60,OSM:classe,1,40,
-10.922640,-69.037402,80,OSM,0,,
-10.919696,-68.547413,60,OSM:classe,1,40,
-10.917961,-68.573033,80,OSM,0,,
-10.916799,-69.545556,80,OSM,0,,
-10.915207,-68.547150,60,OSM:classe,1,40,
-10.913266,-69.040886,80,OSM,0,,
-10.911779,-69.040947,80,OSM,0,,
-10.911290,-68.567471,80,OSM,0,,
-10.911024,-68.546366,60,OSM:classe,1,40,
-10.909221,-69.536135,80,OSM,0,,
-10.908027,-69.534961,80,OSM,0,,
-10.907313,-69.533769,80,OSM,0,,
-10.907255,-68.548864,60,OSM:classe,1,40,
-10.905853,-68.561723,80,OSM,0,,
-10.905703,-69.039338,80,OSM,0,,
-10.904579,-69.530352,80,OSM,0,,
-10.903486,-68.551361,60,OSM:classe,1,40,
-10.902132,-69.525476,80,OSM,0,,
-10.900415,-68.555975,80,OSM,0,,
-10.899716,-68.553858,60,OSM:classe,1,40,
-10.899560,-69.522747,80,OSM,0,,
-10.898355,-69.521777,80,OSM,0,,
-10.895860,-69.519371,80,OSM,0,,
-10.895423,-69.038612,80,OSM,0,,
-10.894960,-68.547761,80,OSM,0,,
-10.894259,-69.038967,80,OSM,0,,
-10.893064,-69.515301,80,OSM,0,,
-10.891251,-69.512197,80,OSM,0,,
-10.889505,-68.539547,80,OSM,0,,
-10.889111,-69.041812,80,OSM,0,,
-10.886949,-69.507133,80,OSM,0,,
-10.885499,-68.527600,80,OSM,0,,
-10.883903,-69.504415,80,OSM,0,,
-10.883903,-69.051202,80,OSM,0,,
-10.881493,-68.515653,80,OSM,0,,
-10.879608,-69.499356,80,OSM,0,,
-10.878695,-69.060592,80,OSM,0,,
-10.877488,-68.503706,80,OSM,0,,
-10.877369,-69.497370,80,OSM,0,,
-10.877347,-69.061568,80,OSM,0,,
-10.876707,-68.502600,80,OSM,0,,
-10.875035,-69.494539,80,OSM,0,,
-10.872812,-69.062934,80,OSM,0,,
-10.872713,-69.492491,80,OSM,0,,
-10.871594,-69.064127,80,OSM,0,,
-10.870608,-69.489798,80,OSM,0,,
-10.869662,-69.071046,80,OSM,0,,
-10.867730,-69.077965,80,OSM,0,,
-10.867061,-69.079340,80,OSM,0,,
-10.866557,-68.493748,80,OSM,0,,
-10.866184,-69.080069,80,OSM,0,,
-10.865076,-69.484188,80,OSM,0,,
-10.865054,-69.080457,80,OSM,0,,
-10.859715,-69.080076,80,OSM,0,,
-10.859544,-69.478579,80,OSM,0,,
-10.858049,-69.080642,80,OSM,0,,
-10.857543,-68.490016,80,OSM,0,,
-10.857222,-69.475746,80,OSM,0,,
-10.856846,-69.081948,80,OSM,0,,
-10.853161,-69.471558,80,OSM,0,,
-10.852050,-69.097660,80,OSM,0,,
-10.852037,-69.088914,80,OSM,0,,
-10.852030,-69.099804,80,OSM,0,,
-10.851444,-69.090267,80,OSM,0,,
-10.850836,-69.093751,80,OSM,0,,
-10.849256,-69.106267,80,OSM,0,,
-10.848797,-69.466565,80,OSM,0,,
-10.848529,-68.486284,80,OSM,0,,
-10.846483,-69.112730,80,OSM,0,,
-10.845358,-69.114743,80,OSM,0,,
-10.844173,-69.460943,80,OSM,0,,
-10.839933,-69.456561,80,OSM,0,,
-10.839515,-68.482552,80,OSM,0,,
-10.838427,-68.481917,80,OSM,0,,
-10.838281,-69.124813,80,OSM,0,,
-10.836507,-68.479831,80,OSM,0,,
-10.836418,-69.452245,80,OSM,0,,
-10.831204,-69.134882,80,OSM,0,,
-10.830417,-68.471524,80,OSM,0,,
-10.830324,-69.136802,80,OSM,0,,
-10.828886,-69.443930,80,OSM,0,,
-10.827627,-69.146208,80,OSM,0,,
-10.826489,-69.158893,80,OSM,0,,
-10.825352,-69.171577,80,OSM,0,,
-10.824215,-69.184262,80,OSM,0,,
-10.823077,-69.196947,80,OSM,0,,
-10.822501,-69.206446,80,OSM,0,,
-10.822077,-68.464389,80,OSM,0,,
-10.821924,-69.215945,80,OSM,0,,
-10.821355,-69.435616,80,OSM,0,,
-10.820187,-69.224561,80,OSM,0,,
-10.818450,-69.233177,80,OSM,0,,
-10.817606,-69.246052,80,OSM,0,,
-10.815915,-69.259647,80,OSM,0,,
-10.814225,-69.273242,80,OSM,0,,
-10.813823,-69.427301,80,OSM,0,,
-10.813738,-68.457255,80,OSM,0,,
-10.812710,-69.425364,80,OSM,0,,
-10.812686,-69.284485,80,OSM,0,,
-10.811988,-68.456624,80,OSM,0,,
-10.811963,-69.327131,80,OSM,0,,
-10.811955,-69.333859,80,OSM,0,,
-10.811691,-69.316663,80,OSM,0,,
-10.811419,-69.306195,80,OSM,0,,
-10.811147,-69.295727,80,OSM,0,,
-10.810149,-69.343823,80,OSM,0,,
-10.810006,-69.417793,80,OSM,0,,
-10.809694,-69.353539,80,OSM,0,,
-10.809240,-69.363254,80,OSM,0,,
-10.808785,-69.372970,80,OSM,0,,
-10.808780,-69.415107,80,OSM,0,,
-10.808348,-69.374960,80,OSM,0,,
-10.807727,-69.410483,80,OSM,0,,
-10.807012,-69.378048,80,OSM,0,,
-10.805537,-69.382255,80,OSM,0,,
-10.803594,-69.399179,80,OSM,0,,
-10.802229,-69.388918,80,OSM,0,,
-10.801956,-69.392368,80,OSM,0,,
-10.801823,-69.391000,80,OSM,0,,
-10.799491,-68.454919,80,OSM,0,,
-10.786993,-68.453214,80,OSM,0,,
-10.785129,-68.452652,80,OSM,0,,
-10.776572,-68.447392,80,OSM,0,,
-10.768014,-68.442131,80,OSM,0,,
-10.759457,-68.436871,80,OSM,0,,
-10.752312,-68.432687,80,OSM,0,,
-10.746798,-68.432320,80,OSM,0,,
-10.746464,-67.701018,60,OSM:classe,1,40,
-10.743312,-67.697804,60,OSM:classe,1,40,
-10.741264,-68.434165,80,OSM,0,,
-10.739897,-68.434294,80,OSM,0,,
-10.739693,-67.695215,60,OSM:classe,1,40,
-10.735216,-67.695234,60,OSM:classe,1,40,
-10.733368,-68.432324,80,OSM,0,,
-10.730789,-67.694738,60,OSM:classe,1,40,
-10.726840,-68.430355,80,OSM,0,,
-10.726299,-67.694760,60,OSM:classe,1,40,
-10.725759,-68.430016,80,OSM,0,,
-10.725291,-68.430105,40,OSM:classe,1,40,
-10.725224,-68.429845,60,OSM,0,,
-10.725155,-68.430164,80,OSM:classe,1,60,
-10.725135,-68.429821,60,OSM,0,,
-10.724976,-68.430057,80,OSM:classe,1,60,
-10.724893,-68.430369,80,OSM,0,,
-10.724757,-68.429698,60,OSM,0,,
-10.722678,-67.692221,60,OSM:classe,1,40,
-10.721842,-68.436268,80,OSM,0,,
-10.720423,-68.440522,80,OSM,0,,
-10.719603,-68.441548,80,OSM,0,,
-10.719506,-67.689217,60,OSM:classe,1,40,
-10.718461,-68.442154,80,OSM,0,,
-10.716664,-68.427235,80,OSM,0,,
-10.715634,-68.426589,80,OSM,0,,
-10.715298,-68.442898,80,OSM,0,,
-10.715208,-67.687875,60,OSM:classe,1,40,
-10.714811,-68.425527,80,OSM,0,,
-10.711395,-68.444294,80,OSM,0,,
-10.710872,-68.414781,80,OSM,0,,
-10.710742,-67.687684,60,OSM:classe,1,40,
-10.708723,-67.690806,60,OSM:classe,1,40,
-10.707790,-68.446118,80,OSM,0,,
-10.707141,-67.710496,60,OSM:classe,1,40,
-10.706933,-68.404036,80,OSM,0,,
-10.706544,-67.693847,60,OSM:classe,1,40,
-10.704526,-68.448575,80,OSM,0,,
-10.702995,-68.393290,80,OSM,0,,
-10.702746,-67.711014,60,OSM:classe,1,40,
-10.702685,-67.694621,60,OSM:classe,1,40,
-10.702218,-68.185065,80,OSM,0,,
-10.702160,-68.174568,80,OSM,0,,
-10.702101,-68.164070,80,OSM,0,,
-10.702043,-68.153572,80,OSM,0,,
-10.702000,-68.186583,80,OSM,0,,
-10.701851,-68.152359,80,OSM,0,,
-10.701819,-68.449181,80,OSM,0,,
-10.701489,-68.187973,80,OSM,0,,
-10.700959,-68.150711,80,OSM,0,,
-10.700956,-67.692286,60,OSM:classe,1,40,
-10.700791,-67.692295,60,OSM:classe,1,40,
-10.700541,-68.457448,80,OSM,0,,
-10.700537,-68.450335,80,OSM,0,,
-10.700152,-68.451600,80,OSM,0,,
-10.700003,-68.467634,80,OSM,0,,
-10.699841,-68.468658,80,OSM,0,,
-10.699626,-68.463268,80,OSM,0,,
-10.699056,-68.382545,80,OSM,0,,
-10.698327,-67.711309,60,OSM:classe,1,40,
-10.697370,-68.472341,80,OSM,0,,
-10.696930,-68.473967,80,OSM,0,,
-10.696830,-67.693024,60,OSM:classe,1,40,
-10.696683,-68.477082,80,OSM,0,,
-10.695986,-68.199300,80,OSM,0,,
-10.695312,-68.479418,80,OSM,0,,
-10.695231,-68.145104,80,OSM,0,,
-10.695117,-68.371800,80,OSM,0,,
-10.694426,-68.144024,80,OSM,0,,
-10.694226,-68.481962,80,OSM,0,,
-10.693971,-67.711731,60,OSM:classe,1,40,
-10.693161,-68.482886,80,OSM,0,,
-10.692351,-67.693116,60,OSM:classe,1,40,
-10.690482,-68.210628,80,OSM,0,,
-10.690084,-67.709435,60,OSM:classe,1,40,
-10.689967,-68.483560,70,OSM,0,,
-10.689959,-68.135560,80,OSM,0,,
-10.688320,-68.360802,80,OSM,0,,
-10.688297,-67.692607,60,OSM:classe,1,40,
-10.687360,-68.483051,70,OSM,0,,
-10.687346,-67.706106,60,OSM:classe,1,40,
-10.685492,-68.127097,80,OSM,0,,
-10.685420,-67.702047,60,OSM:classe,1,40,
-10.684979,-68.221955,80,OSM,0,,
-10.684389,-67.690750,60,OSM:classe,1,40,
-10.684178,-67.690690,60,OSM:classe,1,40,
-10.683806,-68.483309,70,OSM,0,,
-10.681976,-67.699192,60,OSM:classe,1,40,
-10.681524,-68.349804,80,OSM,0,,
-10.681107,-67.693219,60,OSM:classe,1,40,
-10.681025,-68.118634,80,OSM,0,,
-10.680529,-67.688469,60,OSM:classe,1,40,
-10.679823,-68.342651,80,OSM,0,,
-10.679476,-68.233282,80,OSM,0,,
-10.679126,-68.482644,70,OSM,0,,
-10.678181,-68.335090,60,OSM:classe,1,40,
-10.678167,-67.696873,60,OSM:classe,1,40,
-10.678122,-68.335498,80,OSM,0,,
-10.678109,-68.334843,60,OSM:classe,1,40,
-10.678054,-68.335190,80,OSM,0,,
-10.678010,-67.696523,60,OSM:classe,1,40,
-10.677962,-68.334825,80,OSM,0,,
-10.677926,-68.335171,60,OSM:classe,1,40,
-10.677872,-68.334426,80,OSM,0,,
-10.677845,-68.334932,60,OSM:classe,1,40,
-10.677831,-68.334985,60,OSM:classe,1,40,
-10.677707,-68.335182,60,OSM:classe,1,40,
-10.677513,-68.335453,40,OSM:classe,1,40,
-10.676752,-67.685996,60,OSM:classe,1,40,
-10.676425,-68.337125,60,OSM:classe,1,40,
-10.675474,-68.324250,80,OSM,0,,
-10.675275,-68.341548,60,OSM:classe,1,40,
-10.674130,-67.695206,60,OSM:classe,1,40,
-10.674125,-68.345972,60,OSM:classe,1,40,
-10.673972,-68.244609,80,OSM,0,,
-10.673075,-68.314073,80,OSM,0,,
-10.673005,-67.683466,60,OSM:classe,1,40,
-10.672715,-68.350276,60,OSM:classe,1,40,
-10.672052,-68.484143,70,OSM,0,,
-10.671625,-68.109597,80,OSM,0,,
-10.671597,-68.300688,80,OSM,0,,
-10.670220,-68.354083,60,OSM:classe,1,40,
-10.670118,-68.287304,80,OSM,0,,
-10.669886,-67.694923,60,OSM:classe,1,40,
-10.669704,-67.680436,60,OSM:classe,1,40,
-10.668645,-68.484481,60,OSM,0,,
-10.668640,-68.273919,80,OSM,0,,
-10.668469,-68.255936,80,OSM,0,,
-10.668338,-68.358196,60,OSM:classe,1,40,
-10.668295,-68.358312,60,OSM:classe,1,40,
-10.668190,-68.358623,60,OSM:classe,1,40,
-10.667581,-68.257939,80,OSM,0,,
-10.667450,-68.485051,60,OSM,0,,
-10.667161,-68.260534,80,OSM,0,,
-10.666879,-68.485665,60,OSM,0,,
-10.666726,-68.362950,60,OSM:classe,1,40,
-10.666499,-67.677499,60,OSM:classe,1,40,
-10.665842,-67.693952,60,OSM:classe,1,40,
-10.665263,-68.367276,60,OSM:classe,1,40,
-10.664954,-68.459047,60,OSM:classe,1,40,
-10.664792,-68.463620,60,OSM:classe,1,40,
-10.664639,-68.454526,60,OSM:classe,1,40,
-10.664297,-68.453149,60,OSM:classe,1,40,
-10.664272,-68.468139,60,OSM:classe,1,40,
-10.664257,-68.453001,60,OSM:classe,1,40,
-10.663302,-68.371316,60,OSM:classe,1,40,
-10.663202,-68.371450,60,OSM:classe,1,40,
-10.663045,-68.448595,60,OSM:classe,1,40,
-10.662599,-68.491437,60,OSM,0,,
-10.662432,-68.472288,60,OSM:classe,1,40,
-10.662331,-68.472470,60,OSM:classe,1,40,
-10.662225,-68.100559,80,OSM,0,,
-10.662047,-67.677587,60,OSM:classe,1,40,
-10.661833,-68.444188,60,OSM:classe,1,40,
-10.661822,-67.692092,60,OSM:classe,1,40,
-10.661231,-68.375273,60,OSM:classe,1,40,
-10.660208,-68.439985,60,OSM:classe,1,40,
-10.660206,-68.476502,60,OSM:classe,1,40,
-10.659419,-68.379414,60,OSM:classe,1,40,
-10.659358,-68.495542,60,OSM:classe,1,40,
-10.658841,-68.383951,60,OSM:classe,1,40,
-10.658474,-68.479787,60,OSM:classe,1,40,
-10.658324,-68.480063,60,OSM:classe,1,40,
-10.658319,-68.497209,60,OSM,0,,
-10.658264,-68.388489,60,OSM:classe,1,40,
-10.658088,-67.693170,60,OSM:classe,1,40,
-10.657890,-67.676604,60,OSM:classe,1,40,
-10.657809,-68.498298,60,OSM,0,,
-10.657686,-68.393027,60,OSM:classe,1,40,
-10.657673,-68.436221,60,OSM:classe,1,40,
-10.657665,-68.393235,60,OSM:classe,1,40,
-10.657216,-68.498780,60,OSM,0,,
-10.657083,-68.431714,60,OSM:classe,1,40,
-10.656702,-68.396639,60,OSM:classe,1,40,
-10.656696,-68.427156,60,OSM:classe,1,40,
-10.656308,-68.422597,60,OSM:classe,1,40,
-10.656275,-68.484129,60,OSM:classe,1,40,
-10.656230,-68.500515,60,OSM,0,,
-10.656029,-68.419311,60,OSM:classe,1,40,
-10.656003,-68.419129,60,OSM:classe,1,40,
-10.655730,-68.401091,60,OSM:classe,1,40,
-10.655549,-68.486296,60,OSM:classe,1,40,
-10.655457,-68.405650,60,OSM:classe,1,40,
-10.655438,-68.405806,60,OSM:classe,1,40,
-10.655430,-68.405834,60,OSM:classe,1,40,
-10.655237,-67.690147,60,OSM:classe,1,40,
-10.654916,-68.494830,60,OSM:classe,1,40,
-10.654808,-68.410354,60,OSM:classe,1,40,
-10.654653,-68.490764,60,OSM:classe,1,40,
-10.654618,-68.502353,60,OSM,0,,
-10.654364,-68.414907,60,OSM:classe,1,40,
-10.654175,-68.494720,60,OSM:classe,1,40,
-10.653893,-68.506562,60,OSM,0,,
-10.653838,-67.675505,60,OSM:classe,1,40,
-10.653451,-68.499236,60,OSM:classe,1,40,
-10.652824,-68.091522,80,OSM,0,,
-10.652726,-68.503751,60,OSM:classe,1,40,
-10.652151,-68.507340,60,OSM:classe,1,50,
-10.650997,-67.688673,60,OSM:classe,1,40,
-10.650658,-68.494594,50,OSM,0,,
-10.650305,-67.676062,60,OSM:classe,1,40,
-10.647025,-68.488627,50,OSM,0,,
-10.647000,-68.085990,20,OSM,0,,
-10.646680,-67.687394,60,OSM:classe,1,40,
-10.646461,-67.677916,60,OSM:classe,1,40,
-10.646268,-68.086967,20,OSM,0,,
-10.644968,-67.682190,60,OSM:classe,1,40,
-10.644558,-67.683500,60,OSM:classe,1,40,
-10.643685,-67.686557,60,OSM:classe,1,40,
-10.643424,-68.082485,80,OSM,0,,
-10.642363,-67.686114,60,OSM:classe,1,40,
-10.640434,-67.684212,60,OSM:classe,1,40,
-10.638046,-67.684835,60,OSM:classe,1,40,
-10.636363,-67.682464,60,OSM:classe,1,40,
-10.634024,-68.073447,80,OSM,0,,
-10.633717,-67.683629,60,OSM:classe,1,40,
-10.631917,-67.682399,60,OSM:classe,1,40,
-10.629292,-67.682940,60,OSM:classe,1,40,
-10.627676,-67.681478,60,OSM:classe,1,40,
-10.624969,-67.681684,60,OSM:classe,1,40,
-10.624624,-68.064410,80,OSM,0,,
-10.624227,-68.049048,80,OSM,0,,
-10.624182,-68.050262,80,OSM,0,,
-10.623961,-67.679078,60,OSM:classe,1,40,
-10.623820,-68.046917,80,OSM,0,,
-10.623592,-68.062438,80,OSM,0,,
-10.623202,-68.060051,80,OSM,0,,
-10.622793,-68.045059,80,OSM,0,,
-10.620662,-67.680372,60,OSM:classe,1,40,
-10.619860,-67.677201,60,OSM:classe,1,40,
-10.616750,-68.037955,80,OSM,0,,
-10.616354,-67.679059,60,OSM:classe,1,40,
-10.615528,-67.676065,60,OSM:classe,1,40,
-10.612046,-67.677747,60,OSM:classe,1,40,
-10.611136,-67.675096,60,OSM:classe,1,40,
-10.610848,-67.807318,80,OSM,0,,
-10.610707,-68.030852,80,OSM,0,,
-10.610674,-67.809621,80,OSM,0,,
-10.610472,-67.805566,80,OSM,0,,
-10.609775,-67.811841,80,OSM,0,,
-10.607739,-67.676435,60,OSM:classe,1,40,
-10.607199,-67.798693,80,OSM,0,,
-10.606825,-67.673865,60,OSM:classe,1,40,
-10.604664,-68.023748,80,OSM,0,,
-10.603925,-67.791819,80,OSM,0,,
-10.603744,-68.021929,80,OSM,0,,
-10.603489,-67.674957,60,OSM:classe,1,40,
-10.603423,-68.020822,80,OSM,0,,
-10.603298,-67.789413,80,OSM,0,,
-10.603190,-67.777884,80,OSM,0,,
-10.603082,-67.766355,80,OSM,0,,
-10.602975,-67.754826,80,OSM,0,,
-10.602867,-67.743297,80,OSM,0,,
-10.602759,-67.731768,80,OSM,0,,
-10.602424,-67.821874,80,OSM,0,,
-10.602356,-68.015791,80,OSM,0,,
-10.601794,-67.719818,80,OSM,0,,
-10.601106,-67.718407,80,OSM,0,,
-10.599513,-68.002465,80,OSM,0,,
-10.599409,-67.673049,60,OSM:classe,1,40,
-10.596670,-67.989138,80,OSM,0,,
-10.596179,-67.711854,80,OSM,0,,
-10.595805,-67.956245,80,OSM,0,,
-10.595679,-67.958620,80,OSM,0,,
-10.595528,-67.986777,80,OSM,0,,
-10.595478,-67.670828,60,OSM:classe,1,40,
-10.595211,-67.960323,80,OSM,0,,
-10.594554,-67.943922,80,OSM,0,,
-10.593590,-67.828739,80,OSM,0,,
-10.593304,-67.931599,80,OSM,0,,
-10.592865,-67.669352,60,OSM:classe,1,40,
-10.592053,-67.919276,80,OSM,0,,
-10.591949,-67.670125,60,OSM:classe,1,40,
-10.591252,-67.705300,80,OSM,0,,
-10.591080,-67.980419,80,OSM,0,,
-10.590802,-67.906952,80,OSM,0,,
-10.590269,-67.978484,80,OSM,0,,
-10.590218,-67.972100,80,OSM,0,,
-10.589829,-67.976289,80,OSM,0,,
-10.589822,-67.974157,80,OSM,0,,
-10.589552,-67.894629,80,OSM,0,,
-10.589282,-67.893309,80,OSM,0,,
-10.588487,-67.673045,60,OSM:classe,1,40,
-10.586182,-67.699729,80,OSM,0,,
-10.586116,-67.883773,80,OSM,0,,
-10.585558,-67.881252,80,OSM,0,,
-10.585026,-67.675966,60,OSM:classe,1,40,
-10.584872,-67.870912,80,OSM,0,,
-10.584755,-67.835603,80,OSM,0,,
-10.584186,-67.860572,80,OSM,0,,
-10.583501,-67.850232,80,OSM,0,,
-10.583428,-67.837436,80,OSM,0,,
-10.582815,-67.839892,80,OSM,0,,
-10.581565,-67.678886,60,OSM:classe,1,40,
-10.581113,-67.694158,80,OSM,0,,
-10.580863,-67.682804,80,OSM,0,,
-10.580823,-67.693118,80,OSM,0,,
-10.580573,-67.681573,80,OSM,0,,
-10.580317,-67.681085,60,OSM,0,,
-10.580222,-67.680965,40,OSM,0,,
-10.580164,-67.680805,60,OSM,0,,
-10.580091,-67.680849,60,OSM,0,,
-10.579952,-67.680230,60,OSM:classe,1,40,
-10.579903,-67.680377,30,OSM,0,,
-10.579892,-67.680330,60,OSM:classe,1,40,
-10.579735,-67.680250,30,OSM,0,,
-10.579721,-67.680517,30,OSM,0,,
-10.579635,-67.680425,30,OSM,0,,
-10.579449,-67.680016,40,OSM,0,,
-10.579425,-67.680127,40,OSM,0,,
-10.578894,-67.682315,40,OSM,0,,
-10.576846,-67.677619,40,OSM,0,,
-10.576738,-67.677523,40,OSM,0,,
-10.576437,-67.677057,40,OSM,0,,
-10.576394,-67.676951,30,OSM,0,,
-10.576299,-67.677189,40,OSM,0,,
-10.576279,-67.676917,40,OSM,0,,
-10.576218,-67.677158,30,OSM,0,,
-10.576203,-67.676960,30,OSM,0,,
-10.576169,-67.677042,40,OSM,0,,
-10.575119,-67.675979,40,OSM,0,,
-10.574665,-67.675609,40,OSM,0,,
-10.573730,-67.675358,40,OSM,0,,
-10.572288,-67.675174,40,OSM,0,,
-10.572255,-67.674999,40,OSM,0,,
-10.572086,-67.675231,80,OSM:classe,1,60,
-10.572080,-67.674988,40,OSM,0,,
-10.572051,-67.675200,40,OSM,0,,
-10.570004,-67.675472,40,OSM,0,,
-10.569627,-67.675533,40,OSM:classe,1,40,
-10.569406,-67.675570,40,OSM,0,,
-10.569176,-67.675698,40,OSM,0,,
-10.569175,-67.675484,40,OSM,0,,
-10.569050,-67.675735,40,OSM,0,,
-10.568957,-67.675511,40,OSM,0,,
-10.568937,-67.675557,80,OSM:classe,1,60,
-10.568182,-67.675755,60,OSM,0,,
-10.566705,-67.676015,60,OSM,0,,
-10.564910,-67.676338,80,OSM,0,,
-10.558783,-67.677476,80,OSM,0,,
-10.556464,-67.677757,80,OSM,0,,
-10.546412,-67.677366,80,OSM,0,,
-10.545494,-67.677168,80,OSM,0,,
-10.544740,-67.676774,80,OSM,0,,
-10.535839,-67.669508,80,OSM,0,,
-10.529956,-67.664316,80,OSM,0,,
-10.528049,-67.663383,80,OSM,0,,
-10.526358,-67.663157,80,OSM,0,,
-10.525031,-67.663245,80,OSM,0,,
-10.523746,-67.663655,80,OSM,0,,
-10.516151,-67.667934,80,OSM,0,,
-10.508636,-67.672769,80,OSM,0,,
-10.507567,-67.673272,80,OSM,0,,
-10.506178,-67.673558,80,OSM,0,,
-10.495591,-67.443152,60,OSM:classe,1,40,
-10.495102,-67.674166,80,OSM,0,,
-10.492343,-67.445737,60,OSM:classe,1,40,
-10.488637,-67.445414,60,OSM:classe,1,40,
-10.485396,-67.444098,60,OSM:classe,1,40,
-10.484025,-67.674775,80,OSM,0,,
-10.481976,-67.675556,80,OSM,0,,
-10.481061,-67.444331,60,OSM:classe,1,40,
-10.479270,-67.437432,60,OSM:classe,1,40,
-10.478895,-67.441909,60,OSM:classe,1,40,
-10.478393,-67.433040,60,OSM:classe,1,40,
-10.477531,-67.429028,60,OSM:classe,1,40,
-10.473839,-67.426784,60,OSM:classe,1,40,
-10.473517,-67.683549,80,OSM,0,,
-10.469451,-67.427206,60,OSM:classe,1,40,
-10.465118,-67.425995,60,OSM:classe,1,40,
-10.465058,-67.691543,80,OSM,0,,
-10.461356,-67.426443,60,OSM:classe,1,40,
-10.458945,-67.422696,60,OSM:classe,1,40,
-10.456600,-67.699537,80,OSM,0,,
-10.455680,-67.424605,60,OSM:classe,1,40,
-10.454429,-67.420499,60,OSM:classe,1,40,
-10.452437,-67.416447,60,OSM:classe,1,40,
-10.449469,-67.413094,60,OSM:classe,1,40,
-10.448830,-67.705728,80,OSM,0,,
-10.446855,-67.409613,60,OSM:classe,1,40,
-10.444255,-67.406122,60,OSM:classe,1,40,
-10.441060,-67.711919,80,OSM,0,,
-10.440728,-67.403374,60,OSM:classe,1,40,
-10.437201,-67.400672,60,OSM:classe,1,40,
-10.433290,-67.718111,80,OSM,0,,
-10.432975,-67.399285,60,OSM:classe,1,40,
-10.432501,-67.718561,80,OSM,0,,
-10.431438,-67.375728,60,OSM:classe,1,40,
-10.431171,-67.808421,60,OSM:classe,1,40,
-10.431120,-67.804496,60,OSM:classe,1,40,
-10.430988,-67.379290,60,OSM:classe,1,40,
-10.430011,-67.800066,60,OSM:classe,1,40,
-10.429763,-67.396193,60,OSM:classe,1,40,
-10.428846,-67.795694,60,OSM:classe,1,40,
-10.428306,-67.372942,60,OSM:classe,1,40,
-10.427977,-67.791212,60,OSM:classe,1,40,
-10.427118,-67.810306,60,OSM:classe,1,40,
-10.426902,-67.786773,60,OSM:classe,1,40,
-10.426792,-67.378907,60,OSM:classe,1,40,
-10.425849,-67.394181,60,OSM:classe,1,40,
-10.425826,-67.782333,60,OSM:classe,1,40,
-10.425052,-67.382540,60,OSM:classe,1,40,
-10.424751,-67.777894,60,OSM:classe,1,40,
-10.424478,-67.371045,60,OSM:classe,1,40,
-10.423803,-67.737427,60,OSM:classe,1,40,
-10.423755,-67.732887,60,OSM:classe,1,40,
-10.423676,-67.773454,60,OSM:classe,1,40,
-10.423650,-67.812839,60,OSM:classe,1,40,
-10.423392,-67.386467,60,OSM:classe,1,40,
-10.423236,-67.741963,60,OSM:classe,1,40,
-10.423120,-67.390555,60,OSM:classe,1,40,
-10.422922,-67.721768,80,OSM,0,,
-10.422670,-67.746499,60,OSM:classe,1,40,
-10.422601,-67.769015,60,OSM:classe,1,40,
-10.422104,-67.751034,60,OSM:classe,1,40,
-10.421927,-67.367392,60,OSM:classe,1,40,
-10.421806,-67.728952,60,OSM:classe,1,40,
-10.421538,-67.755570,60,OSM:classe,1,40,
-10.421525,-67.764576,60,OSM:classe,1,40,
-10.420972,-67.760106,60,OSM:classe,1,40,
-10.420904,-67.815020,60,OSM:classe,1,40,
-10.419821,-67.363352,60,OSM:classe,1,40,
-10.418923,-67.725443,60,OSM:classe,1,40,
-10.417450,-67.723650,60,OSM:classe,1,40,
-10.417196,-67.359671,60,OSM:classe,1,40,
-10.416922,-67.813660,60,OSM:classe,1,40,
-10.413382,-67.358290,60,OSM:classe,1,40,
-10.413342,-67.724975,80,OSM,0,,
-10.413180,-67.814522,60,OSM:classe,1,40,
-10.412186,-67.724919,80,OSM,0,,
-10.411554,-67.339467,60,OSM:classe,1,40,
-10.411418,-67.343087,60,OSM:classe,1,40,
-10.411210,-67.724552,80,OSM,0,,
-10.410813,-67.818353,60,OSM:classe,1,40,
-10.410314,-67.347242,60,OSM:classe,1,40,
-10.409793,-67.356256,60,OSM:classe,1,40,
-10.409746,-67.351778,60,OSM:classe,1,40,
-10.407769,-67.337430,60,OSM:classe,1,40,
-10.407318,-67.721516,80,OSM,0,,
-10.406860,-67.817618,60,OSM:classe,1,40,
-10.406109,-67.720998,80,OSM,0,,
-10.403938,-67.720382,60,OSM:classe,1,40,
-10.403747,-67.336090,60,OSM:classe,1,40,
-10.402950,-67.723327,60,OSM:classe,1,40,
-10.402633,-67.308883,60,OSM:classe,1,40,
-10.402556,-67.817124,60,OSM:classe,1,40,
-10.401876,-67.304382,60,OSM:classe,1,40,
-10.401395,-67.313135,60,OSM:classe,1,40,
-10.400545,-67.333170,60,OSM:classe,1,40,
-10.400298,-67.726770,60,OSM:classe,1,40,
-10.399148,-67.301348,60,OSM:classe,1,40,
-10.398944,-67.329238,60,OSM:classe,1,40,
-10.398338,-67.320481,60,OSM:classe,1,40,
-10.398246,-67.316386,60,OSM:classe,1,40,
-10.398219,-67.818258,60,OSM:classe,1,40,
-10.398107,-67.324761,60,OSM:classe,1,40,
-10.396712,-67.727673,60,OSM:classe,1,40,
-10.396575,-67.718313,80,OSM,0,,
-10.396067,-67.298020,60,OSM:classe,1,40,
-10.395982,-67.732094,60,OSM:classe,1,40,
-10.394963,-67.820575,60,OSM:classe,1,40,
-10.394822,-67.736480,60,OSM:classe,1,40,
-10.394001,-67.740975,60,OSM:classe,1,40,
-10.393818,-67.774989,60,OSM:classe,1,40,
-10.393568,-67.779554,60,OSM:classe,1,40,
-10.393179,-67.745470,60,OSM:classe,1,40,
-10.392690,-67.295043,60,OSM:classe,1,40,
-10.392662,-67.783699,60,OSM:classe,1,40,
-10.392358,-67.749965,60,OSM:classe,1,40,
-10.392329,-67.750064,60,OSM:classe,1,40,
-10.392298,-67.750151,60,OSM:classe,1,40,
-10.391947,-67.771947,60,OSM:classe,1,40,
-10.391839,-67.817287,60,OSM:classe,1,40,
-10.391370,-67.754590,60,OSM:classe,1,40,
-10.390346,-67.759040,60,OSM:classe,1,40,
-10.389483,-67.763513,60,OSM:classe,1,40,
-10.388726,-67.785910,60,OSM:classe,1,40,
-10.388617,-67.814099,60,OSM:classe,1,40,
-10.388525,-67.293343,60,OSM:classe,1,40,
-10.388473,-67.767887,60,OSM:classe,1,40,
-10.387454,-67.772123,60,OSM:classe,1,40,
-10.387042,-67.715628,80,OSM,0,,
-10.385791,-67.289952,60,OSM:classe,1,40,
-10.385382,-67.810924,60,OSM:classe,1,40,
-10.384791,-67.788122,60,OSM:classe,1,40,
-10.383868,-67.286378,60,OSM:classe,1,40,
-10.382146,-67.807749,60,OSM:classe,1,40,
-10.381661,-67.713114,80,OSM,0,,
-10.380642,-67.789839,60,OSM:classe,1,40,
-10.379759,-67.284533,60,OSM:classe,1,40,
-10.379493,-67.804179,60,OSM:classe,1,40,
-10.377848,-67.799925,60,OSM:classe,1,40,
-10.376397,-67.795599,60,OSM:classe,1,40,
-10.376294,-67.791003,60,OSM:classe,1,40,
-10.375518,-67.284213,60,OSM:classe,1,40,
-10.374977,-67.791261,60,OSM:classe,1,40,
-10.372593,-67.281395,60,OSM:classe,1,40,
-10.372350,-67.276947,60,OSM:classe,1,40,
-10.371945,-67.792168,60,OSM:classe,1,40,
-10.371867,-67.710735,80,OSM,0,,
-10.370972,-67.272682,60,OSM:classe,1,40,
-10.368169,-67.793222,60,OSM:classe,1,40,
-10.368103,-67.269162,60,OSM:classe,1,40,
-10.365838,-67.265240,60,OSM:classe,1,40,
-10.364511,-67.700508,80,OSM,0,,
-10.364215,-67.701769,80,OSM,0,,
-10.363834,-67.794434,60,OSM:classe,1,40,
-10.363123,-67.693244,80,OSM,0,,
-10.362444,-67.262383,60,OSM:classe,1,40,
-10.362073,-67.708355,80,OSM,0,,
-10.361735,-67.685980,80,OSM,0,,
-10.361400,-67.707504,80,OSM,0,,
-10.361347,-67.706231,80,OSM,0,,
-10.361272,-67.685154,80,OSM,0,,
-10.361054,-67.258265,60,OSM:classe,1,40,
-10.360546,-67.684583,80,OSM,0,,
-10.359498,-67.795645,60,OSM:classe,1,40,
-10.358451,-67.246345,60,OSM:classe,1,40,
-10.358331,-67.250909,60,OSM:classe,1,40,
-10.358307,-67.684381,80,OSM,0,,
-10.357891,-67.255387,60,OSM:classe,1,40,
-10.357333,-67.684831,80,OSM,0,,
-10.356690,-67.242159,60,OSM:classe,1,40,
-10.355596,-67.797685,60,OSM:classe,1,40,
-10.354933,-67.237971,60,OSM:classe,1,40,
-10.354348,-67.687261,80,OSM,0,,
-10.353995,-67.233600,60,OSM:classe,1,40,
-10.353160,-67.687894,80,OSM,0,,
-10.352408,-67.229376,60,OSM:classe,1,40,
-10.352185,-67.800664,60,OSM:classe,1,40,
-10.352071,-67.688066,80,OSM,0,,
-10.350248,-67.225367,60,OSM:classe,1,40,
-10.348774,-67.803642,60,OSM:classe,1,40,
-10.348089,-67.221357,60,OSM:classe,1,40,
-10.346063,-67.217295,60,OSM:classe,1,40,
-10.345418,-67.806680,60,OSM:classe,1,40,
-10.343571,-67.213490,60,OSM:classe,1,40,
-10.342081,-67.809734,60,OSM:classe,1,40,
-10.341631,-67.209388,60,OSM:classe,1,40,
-10.340781,-67.687969,80,OSM,0,,
-10.340185,-67.205091,60,OSM:classe,1,40,
-10.338037,-67.194189,60,OSM:classe,1,40,
-10.337311,-67.197936,60,OSM:classe,1,40,
-10.336627,-67.202443,60,OSM:classe,1,40,
-10.336180,-67.186346,20,OSM,0,,
-10.336003,-67.190556,60,OSM:classe,1,40,
-10.335743,-67.190170,60,OSM:classe,1,40,
-10.335695,-67.182118,20,OSM,0,,
-10.334655,-67.188002,60,OSM:classe,1,40,
-10.334276,-67.188026,60,OSM:classe,1,40,
-10.334134,-67.186533,60,OSM:classe,1,40,
-10.334040,-67.185017,60,OSM:classe,1,40,
-10.333744,-67.180718,20,OSM,0,,
-10.333327,-67.180810,20,OSM,0,,
-10.333278,-67.180873,20,OSM,0,,
-10.332904,-67.181518,20,OSM,0,,
-10.332490,-67.180087,20,OSM,0,,
-10.332346,-67.546777,80,OSM,0,,
-10.332339,-67.538286,80,OSM,0,,
-10.332332,-67.529795,80,OSM,0,,
-10.332309,-67.181563,20,OSM,0,,
-10.332297,-67.516456,80,OSM,0,,
-10.332280,-67.184394,20,OSM,0,,
-10.332263,-67.503118,80,OSM,0,,
-10.332228,-67.489779,80,OSM,0,,
-10.332193,-67.476440,80,OSM,0,,
-10.332159,-67.463102,80,OSM,0,,
-10.332124,-67.449763,80,OSM,0,,
-10.332092,-67.436100,80,OSM,0,,
-10.332059,-67.422436,80,OSM,0,,
-10.332027,-67.408772,80,OSM,0,,
-10.331994,-67.395108,80,OSM,0,,
-10.331843,-67.549411,80,OSM,0,,
-10.331770,-67.181873,20,OSM,0,,
-10.331767,-67.393464,80,OSM,0,,
-10.331587,-67.183333,20,OSM,0,,
-10.331215,-67.391942,80,OSM,0,,
-10.330843,-67.186817,60,OSM:classe,1,40,
-10.330724,-67.185243,60,OSM:classe,1,40,
-10.330322,-67.188192,20,OSM,0,,
-10.329497,-67.388659,80,OSM,0,,
-10.329491,-67.687872,80,OSM,0,,
-10.329045,-67.190007,20,OSM,0,,
-10.329017,-67.184192,20,OSM,0,,
-10.329013,-67.188304,20,OSM,0,,
-10.328257,-67.386881,80,OSM,0,,
-10.327606,-67.385083,80,OSM,0,,
-10.327485,-67.188404,20,OSM,0,,
-10.326489,-67.176617,20,OSM,0,,
-10.326361,-67.187188,60,OSM:classe,1,40,
-10.326348,-67.561331,80,OSM,0,,
-10.326153,-67.177365,20,OSM,0,,
-10.325892,-67.178618,30,OSM,0,,
-10.325267,-67.175644,20,OSM,0,,
-10.325228,-67.177144,20,OSM,0,,
-10.324762,-67.187320,60,OSM:classe,1,40,
-10.324570,-67.175758,20,OSM,0,,
-10.324337,-67.175258,20,OSM,0,,
-10.324261,-67.175905,20,OSM,0,,
-10.324099,-67.187564,60,OSM:classe,1,40,
-10.324056,-67.187343,60,OSM:classe,1,50,
-10.324049,-67.184285,20,OSM,0,,
-10.323992,-67.187617,60,OSM:classe,1,50,
-10.323968,-67.184286,20,OSM,0,,
-10.323946,-67.187349,60,OSM:classe,1,50,
-10.323916,-67.187539,40,OSM:classe,1,40,
-10.323872,-67.174266,30,OSM,0,,
-10.323808,-67.174887,20,OSM,0,,
-10.323798,-67.187710,60,OSM,0,,
-10.323698,-67.187377,40,OSM,0,,
-10.323681,-67.178023,20,OSM,0,,
-10.323612,-67.178812,20,OSM,0,,
-10.323600,-67.174083,30,OSM,0,,
-10.323519,-67.179471,20,OSM,0,,
-10.323493,-67.175026,30,OSM,0,,
-10.323365,-67.176275,20,OSM,0,,
-10.323176,-67.175767,20,OSM,0,,
-10.323144,-67.174395,30,OSM,0,,
-10.323115,-67.689542,80,OSM,0,,
-10.322978,-67.184296,20,OSM,0,,
-10.322597,-67.375616,80,OSM,0,,
-10.322590,-67.187472,30,OSM,0,,
-10.322369,-67.178039,20,OSM,0,,
-10.322368,-67.186063,30,OSM,0,,
-10.322285,-67.183060,20,OSM,0,,
-10.322175,-67.188902,20,OSM,0,,
-10.321498,-67.187556,20,OSM,0,,
-10.321080,-67.179111,20,OSM,0,,
-10.320997,-67.179709,20,OSM,0,,
-10.320926,-67.189960,20,OSM,0,,
-10.320853,-67.573251,80,OSM,0,,
-10.320821,-67.188931,20,OSM,0,,
-10.320768,-67.188279,20,OSM,0,,
-10.320585,-67.186874,30,OSM,0,,
-10.320559,-67.176883,20,OSM,0,,
-10.320541,-67.180298,20,OSM,0,,
-10.320346,-67.183933,20,OSM,0,,
-10.320338,-67.190434,20,OSM,0,,
-10.320278,-67.189733,20,OSM,0,,
-10.320272,-67.186153,30,OSM,0,,
-10.320209,-67.188992,20,OSM,0,,
-10.320199,-67.179755,20,OSM,0,,
-10.320130,-67.190612,20,OSM,0,,
-10.320093,-67.184046,20,OSM,0,,
-10.320087,-67.187677,20,OSM,0,,
-10.320055,-67.187098,20,OSM,0,,
-10.320031,-67.181424,20,OSM,0,,
-10.320016,-67.184080,20,OSM,0,,
-10.320010,-67.185535,30,OSM,0,,
-10.319630,-67.190014,20,OSM,0,,
-10.319603,-67.189833,20,OSM,0,,
-10.319499,-67.185766,20,OSM,0,,
-10.319427,-67.187728,20,OSM,0,,
-10.319338,-67.184384,20,OSM,0,,
-10.319312,-67.184008,30,OSM,0,,
-10.319178,-67.191414,20,OSM,0,,
-10.319052,-67.185105,30,OSM,0,,
-10.319002,-67.179846,20,OSM,0,,
-10.318876,-67.182262,20,OSM,0,,
-10.318539,-67.181645,20,OSM,0,,
-10.318106,-67.187849,30,OSM,0,,
-10.317832,-67.189886,20,OSM,0,,
-10.317615,-67.186813,30,OSM,0,,
-10.317588,-67.366148,80,OSM,0,,
-10.317488,-67.182000,30,OSM,0,,
-10.317336,-67.187899,80,OSM,0,,
-10.317247,-67.181718,20,OSM,0,,
-10.317039,-67.690161,80,OSM,0,,
-10.316987,-67.181218,20,OSM,0,,
-10.316608,-67.193703,60,OSM,0,,
-10.315358,-67.585171,80,OSM,0,,
-10.312579,-67.356681,80,OSM,0,,
-10.311513,-67.188402,80,OSM,0,,
-10.309897,-67.693501,80,OSM,0,,
-10.309862,-67.597091,60,OSM,0,,
-10.309418,-67.199696,60,OSM,0,,
-10.308124,-67.693983,80,OSM,0,,
-10.308002,-67.201746,60,OSM,0,,
-10.307569,-67.347213,80,OSM,0,,
-10.307009,-67.598715,60,OSM,0,,
-10.306889,-67.204872,80,OSM,0,,
-10.306473,-67.693817,80,OSM,0,,
-10.305888,-67.344128,80,OSM,0,,
-10.305166,-67.607332,80,OSM,0,,
-10.304047,-67.213262,80,OSM,0,,
-10.303885,-67.341890,80,OSM,0,,
-10.303332,-67.340773,80,OSM,0,,
-10.303088,-67.327160,80,OSM,0,,
-10.303018,-67.589913,60,OSM,0,,
-10.302844,-67.313547,80,OSM,0,,
-10.302599,-67.299934,80,OSM,0,,
-10.302355,-67.286321,80,OSM,0,,
-10.302131,-67.274766,80,OSM,0,,
-10.301906,-67.263211,80,OSM,0,,
-10.301682,-67.251656,80,OSM,0,,
-10.301457,-67.240101,80,OSM,0,,
-10.301332,-67.230876,80,OSM,0,,
-10.301206,-67.221651,80,OSM,0,,
-10.301153,-67.188965,80,OSM,0,,
-10.300801,-67.691499,80,OSM,0,,
-10.300469,-67.617574,80,OSM,0,,
-10.299596,-67.691228,80,OSM,0,,
-10.299027,-67.581110,60,OSM,0,,
-10.297968,-67.691530,80,OSM,0,,
-10.296962,-67.240221,60,OSM:classe,1,40,
-10.295772,-67.627816,80,OSM,0,,
-10.295662,-67.692875,80,OSM,0,,
-10.294681,-67.693214,80,OSM,0,,
-10.294232,-67.574361,60,OSM,0,,
-10.292467,-67.240342,60,OSM:classe,1,40,
-10.291075,-67.638058,80,OSM,0,,
-10.290793,-67.189528,80,OSM,0,,
-10.289370,-67.563868,60,OSM,0,,
-10.289345,-67.693509,80,OSM,0,,
-10.287972,-67.240463,60,OSM:classe,1,40,
-10.287755,-67.556262,60,OSM,0,,
-10.286379,-67.648299,80,OSM,0,,
-10.285612,-67.649252,80,OSM,0,,
-10.284942,-67.695862,80,OSM,0,,
-10.284774,-67.649813,80,OSM,0,,
-10.283945,-67.547332,60,OSM,0,,
-10.283843,-67.696671,80,OSM,0,,
-10.283477,-67.240583,60,OSM:classe,1,40,
-10.282936,-67.697764,80,OSM,0,,
-10.280432,-67.190091,80,OSM,0,,
-10.280136,-67.538403,60,OSM,0,,
-10.279719,-67.190135,80,OSM,0,,
-10.279099,-67.241017,60,OSM:classe,1,40,
-10.277551,-67.706335,80,OSM,0,,
-10.276724,-67.707075,80,OSM,0,,
-10.276551,-67.534861,60,OSM,0,,
-10.275657,-67.243957,60,OSM:classe,1,40,
-10.275594,-67.707435,80,OSM,0,,
-10.274013,-67.190466,80,OSM,0,,
-10.273545,-67.527969,60,OSM,0,,
-10.272762,-67.654800,80,OSM,0,,
-10.272375,-67.190191,80,OSM,0,,
-10.272214,-67.246896,60,OSM:classe,1,40,
-10.270540,-67.521076,60,OSM,0,,
-10.270036,-67.519525,60,OSM,0,,
-10.269918,-67.513200,60,OSM,0,,
-10.269593,-67.511746,60,OSM,0,,
-10.268771,-67.249836,60,OSM:classe,1,40,
-10.265613,-67.706049,80,OSM,0,,
-10.265452,-67.505882,60,OSM,0,,
-10.265329,-67.252776,60,OSM:classe,1,40,
-10.263676,-67.503784,60,OSM,0,,
-10.262344,-67.187108,80,OSM,0,,
-10.261886,-67.255715,60,OSM:classe,1,40,
-10.260750,-67.659787,80,OSM,0,,
-10.259857,-67.660383,80,OSM,0,,
-10.258830,-67.661925,80,OSM,0,,
-10.258443,-67.258655,60,OSM:classe,1,40,
-10.256082,-67.501070,60,OSM,0,,
-10.255632,-67.704662,80,OSM,0,,
-10.255454,-67.673355,80,OSM,0,,
-10.255001,-67.261594,60,OSM:classe,1,40,
-10.254830,-67.674475,80,OSM,0,,
-10.254261,-67.500668,60,OSM,0,,
-10.253978,-67.675235,80,OSM,0,,
-10.252314,-67.184025,80,OSM,0,,
-10.251558,-67.264534,60,OSM:classe,1,40,
-10.248115,-67.267473,60,OSM:classe,1,40,
-10.246197,-67.706487,80,OSM,0,,
-10.245299,-67.502150,60,OSM,0,,
-10.244673,-67.270413,60,OSM:classe,1,40,
-10.244057,-67.502143,60,OSM,0,,
-10.242529,-67.681582,80,OSM,0,,
-10.241888,-67.501495,60,OSM,0,,
-10.241230,-67.273352,60,OSM:classe,1,40,
-10.240987,-67.180700,80,OSM,0,,
-10.237787,-67.276292,60,OSM:classe,1,40,
-10.237061,-67.498671,60,OSM,0,,
-10.236761,-67.708312,80,OSM,0,,
-10.235048,-67.498155,60,OSM,0,,
-10.234788,-67.708240,80,OSM,0,,
-10.234344,-67.279231,60,OSM:classe,1,40,
-10.233556,-67.497496,60,OSM,0,,
-10.232216,-67.496285,60,OSM,0,,
-10.231080,-67.687929,80,OSM,0,,
-10.230902,-67.282171,60,OSM:classe,1,40,
-10.229952,-67.492936,60,OSM,0,,
-10.229661,-67.177374,80,OSM,0,,
-10.227459,-67.285110,60,OSM:classe,1,40,
-10.227189,-67.706045,80,OSM,0,,
-10.226491,-67.490333,60,OSM,0,,
-10.225524,-67.488754,60,OSM,0,,
-10.224016,-67.288050,60,OSM:classe,1,40,
-10.223109,-67.483488,60,OSM,0,,
-10.222316,-67.482819,60,OSM,0,,
-10.221485,-67.482338,60,OSM,0,,
-10.220574,-67.290989,60,OSM:classe,1,40,
-10.219677,-67.701526,80,OSM,0,,
-10.219632,-67.694276,80,OSM,0,,
-10.219253,-67.174069,80,OSM,0,,
-10.218232,-67.694809,80,OSM,0,,
-10.217131,-67.293929,60,OSM:classe,1,40,
-10.214999,-67.481252,60,OSM,0,,
-10.213902,-67.480746,60,OSM,0,,
-10.213688,-67.296868,60,OSM:classe,1,40,
-10.213287,-67.480209,60,OSM,0,,
-10.212165,-67.697007,80,OSM,0,,
-10.211847,-67.696145,60,OSM,0,,
-10.211717,-67.696453,40,OSM,0,,
-10.211693,-67.696344,60,OSM,0,,
-10.211453,-67.696724,40,OSM,0,,
-10.211434,-67.696213,60,OSM,0,,
-10.211398,-67.696218,40,OSM,0,,
-10.211354,-67.696698,100,OSM:classe,1,100,
-10.211260,-67.696619,100,OSM:classe,1,100,
-10.211236,-67.696350,40,OSM,0,,
-10.210465,-67.696386,40,OSM,0,,
-10.210263,-67.299829,60,OSM:classe,1,40,
-10.209782,-67.696566,80,OSM,0,,
-10.208846,-67.170762,80,OSM,0,,
-10.206839,-67.302790,60,OSM:classe,1,40,
-10.206521,-67.471715,60,OSM,0,,
-10.203415,-67.305751,60,OSM:classe,1,40,
-10.202967,-67.469656,60,OSM,0,,
-10.202413,-67.698078,80,OSM,0,,
-10.201604,-67.167218,80,OSM,0,,
-10.199991,-67.308712,60,OSM:classe,1,40,
-10.199346,-67.468608,60,OSM,0,,
-10.196566,-67.311674,60,OSM:classe,1,40,
-10.195044,-67.699591,80,OSM,0,,
-10.194362,-67.163674,80,OSM,0,,
-10.193142,-67.314635,60,OSM:classe,1,40,
-10.192184,-67.464116,60,OSM,0,,
-10.192059,-67.163015,80,OSM,0,,
-10.190071,-67.161601,80,OSM,0,,
-10.189718,-67.317596,60,OSM:classe,1,40,
-10.186294,-67.320557,60,OSM:classe,1,40,
-10.186090,-67.704056,80,OSM,0,,
-10.185441,-67.704557,80,OSM,0,,
-10.184849,-67.705417,80,OSM,0,,
-10.184835,-67.461720,60,OSM,0,,
-10.182869,-67.323519,60,OSM:classe,1,40,
-10.182745,-67.157836,80,OSM,0,,
-10.181330,-67.713519,80,OSM,0,,
-10.179450,-67.460995,60,OSM,0,,
-10.179445,-67.326480,60,OSM:classe,1,40,
-10.178219,-67.460399,60,OSM,0,,
-10.176544,-67.153086,80,OSM,0,,
-10.175999,-67.329415,60,OSM:classe,1,40,
-10.174852,-67.720661,80,OSM,0,,
-10.174144,-67.721155,80,OSM,0,,
-10.173589,-67.455347,60,OSM,0,,
-10.173201,-67.721414,80,OSM,0,,
-10.172411,-67.332160,60,OSM:classe,1,40,
-10.170343,-67.148336,80,OSM,0,,
-10.169890,-67.448983,60,OSM,0,,
-10.169416,-67.721195,80,OSM,0,,
-10.169008,-67.335142,60,OSM:classe,1,40,
-10.168567,-67.447096,60,OSM,0,,
-10.168463,-67.146482,80,OSM,0,,
-10.168225,-67.721430,80,OSM,0,,
-10.167345,-67.722069,80,OSM,0,,
-10.165903,-67.338445,60,OSM:classe,1,40,
-10.165704,-67.724340,40,OSM,0,,
-10.165667,-67.144760,80,OSM,0,,
-10.165564,-67.710983,60,OSM:classe,1,40,
-10.165547,-67.724887,40,OSM,0,,
-10.165330,-67.724692,40,OSM,0,,
-10.165292,-67.725290,40,OSM,0,,
-10.165290,-67.724715,60,OSM,0,,
-10.165252,-67.714766,60,OSM:classe,1,40,
-10.165046,-67.725196,40,OSM,0,,
-10.165042,-67.725140,60,OSM,0,,
-10.164917,-67.725636,40,OSM,0,,
-10.164877,-67.719318,60,OSM:classe,1,40,
-10.164831,-67.719839,60,OSM:classe,1,40,
-10.164749,-67.724654,60,OSM,0,,
-10.164428,-67.724389,60,OSM:classe,1,40,
-10.162946,-67.341884,60,OSM:classe,1,40,
-10.161967,-67.730345,80,OSM,0,,
-10.161418,-67.441725,60,OSM,0,,
-10.160610,-67.732458,80,OSM,0,,
-10.160061,-67.345388,60,OSM:classe,1,40,
-10.159520,-67.731576,30,OSM,0,,
-10.159004,-67.731336,30,OSM,0,,
-10.158826,-67.734765,60,OSM:classe,1,40,
-10.158254,-67.718174,80,OSM,0,,
-10.158173,-67.139022,80,OSM,0,,
-10.158097,-67.735796,40,OSM,0,,
-10.158036,-67.735741,40,OSM,0,,
-10.157642,-67.736197,40,OSM:classe,1,40,
-10.157599,-67.740187,40,OSM,0,,
-10.157517,-67.736186,40,OSM,0,,
-10.157176,-67.348892,60,OSM:classe,1,40,
-10.157162,-67.732960,60,OSM:classe,1,40,
-10.157014,-67.737516,20,OSM,0,,
-10.156870,-67.737201,20,OSM,0,,
-10.156863,-67.735103,40,OSM,0,,
-10.156480,-67.736795,40,OSM,0,,
-10.156469,-67.737759,40,OSM,0,,
-10.156444,-67.736700,40,OSM,0,,
-10.156216,-67.736913,40,OSM,0,,
-10.156176,-67.736818,30,OSM,0,,
-10.156071,-67.736964,40,OSM,0,,
-10.156011,-67.741167,40,OSM,0,,
-10.155809,-67.733570,40,OSM,0,,
-10.155673,-67.740571,40,OSM,0,,
-10.155191,-67.740369,40,OSM,0,,
-10.155169,-67.730950,60,OSM:classe,1,40,
-10.155100,-67.737416,40,OSM:classe,1,40,
-10.154634,-67.730605,30,OSM,0,,
-10.154446,-67.737644,40,OSM,0,,
-10.154407,-67.732277,40,OSM,0,,
-10.154291,-67.352396,60,OSM:classe,1,40,
-10.154092,-67.730270,40,OSM,0,,
-10.153923,-67.736914,40,OSM,0,,
-10.153910,-67.738770,30,OSM,0,,
-10.153886,-67.729614,30,OSM,0,,
-10.153800,-67.731436,30,OSM,0,,
-10.153735,-67.741322,40,OSM,0,,
-10.153339,-67.728812,30,OSM,0,,
-10.153154,-67.733715,20,OSM,0,,
-10.153071,-67.731267,40,OSM,0,,
-10.152911,-67.739342,40,OSM,0,,
-10.152814,-67.734837,20,OSM,0,,
-10.152810,-67.730014,20,OSM,0,,
-10.152718,-67.742623,20,OSM,0,,
-10.152718,-67.738524,40,OSM,0,,
-10.152690,-67.738468,40,OSM,0,,
-10.152625,-67.738542,40,OSM,0,,
-10.152611,-67.734008,20,OSM,0,,
-10.152583,-67.738563,40,OSM,0,,
-10.152400,-67.439677,60,OSM,0,,
-10.152273,-67.731164,60,OSM:classe,1,40,
-10.152199,-67.735737,20,OSM,0,,
-10.152167,-67.730172,20,OSM,0,,
-10.152123,-67.737607,40,OSM,0,,
-10.152033,-67.743020,20,OSM,0,,
-10.151876,-67.735484,40,OSM,0,,
-10.151760,-67.711693,80,OSM,0,,
-10.151406,-67.355900,60,OSM:classe,1,40,
-10.151261,-67.731917,20,OSM,0,,
-10.150960,-67.740527,30,OSM,0,,
-10.150826,-67.734204,40,OSM,0,,
-10.150679,-67.133283,80,OSM,0,,
-10.150146,-67.741269,40,OSM,0,,
-10.149706,-67.738774,40,OSM,0,,
-10.149662,-67.731921,20,OSM,0,,
-10.149644,-67.731308,40,OSM,0,,
-10.149599,-67.733471,40,OSM,0,,
-10.149346,-67.729885,40,OSM,0,,
-10.148558,-67.735880,40,OSM,0,,
-10.148532,-67.734518,20,OSM,0,,
-10.148522,-67.359404,60,OSM:classe,1,40,
-10.148412,-67.731933,20,OSM,0,,
-10.148302,-67.740508,40,OSM,0,,
-10.147819,-67.734161,40,OSM,0,,
-10.147397,-67.743201,40,OSM,0,,
-10.147173,-67.742909,40,OSM,0,,
-10.147068,-67.742633,40,OSM,0,,
-10.146505,-67.741249,40,OSM,0,,
-10.145930,-67.741474,60,OSM,0,,
-10.145906,-67.734416,40,OSM,0,,
-10.145717,-67.732139,40,OSM,0,,
-10.145637,-67.362908,60,OSM:classe,1,40,
-10.145247,-67.731741,40,OSM,0,,
-10.144824,-67.734854,40,OSM,0,,
-10.144764,-67.731323,40,OSM,0,,
-10.144276,-67.730892,40,OSM,0,,
-10.143806,-67.730491,40,OSM,0,,
-10.143733,-67.730426,40,OSM,0,,
-10.143530,-67.735030,40,OSM,0,,
-10.143381,-67.437629,60,OSM,0,,
-10.142917,-67.738244,40,OSM,0,,
-10.142762,-67.729456,40,OSM,0,,
-10.142752,-67.366412,60,OSM:classe,1,40,
-10.142646,-67.737226,40,OSM,0,,
-10.142603,-67.707595,80,OSM,0,,
-10.142414,-67.732373,40,OSM,0,,
-10.142412,-67.735914,40,OSM,0,,
-10.142404,-67.730491,40,OSM,0,,
-10.142349,-67.729048,20,OSM,0,,
-10.142333,-67.735594,40,OSM,0,,
-10.142299,-67.731425,40,OSM,0,,
-10.142155,-67.729763,40,OSM,0,,
-10.142138,-67.730505,40,OSM,0,,
-10.142040,-67.734760,40,OSM,0,,
-10.141958,-67.731897,40,OSM,0,,
-10.141868,-67.743107,60,OSM,0,,
-10.141791,-67.743140,80,OSM,0,,
-10.141733,-67.734198,40,OSM,0,,
-10.141399,-67.730539,40,OSM,0,,
-10.141271,-67.730178,40,OSM,0,,
-10.141094,-67.729678,40,OSM,0,,
-10.140920,-67.740925,60,OSM:classe,1,40,
-10.140843,-67.730571,40,OSM,0,,
-10.140659,-67.727409,40,OSM,0,,
-10.140612,-67.729923,20,OSM,0,,
-10.140527,-67.739733,60,OSM:classe,1,40,
-10.140203,-67.128246,80,OSM,0,,
-10.140064,-67.744209,80,OSM,0,,
-10.139917,-67.738169,40,OSM,0,,
-10.139867,-67.369916,60,OSM:classe,1,40,
-10.139545,-67.737202,60,OSM:classe,1,40,
-10.139337,-67.736652,60,OSM:classe,1,40,
-10.139253,-67.736683,40,OSM,0,,
-10.139207,-67.736471,60,OSM:classe,1,40,
-10.138926,-67.735636,60,OSM:classe,1,40,
-10.138493,-67.734252,60,OSM:classe,1,40,
-10.137541,-67.745989,80,OSM,0,,
-10.137110,-67.373522,60,OSM:classe,1,40,
-10.135955,-67.737948,40,OSM,0,,
-10.135764,-67.377708,60,OSM:classe,1,40,
-10.135272,-67.748570,80,OSM,0,,
-10.135260,-67.433899,60,OSM,0,,
-10.133558,-67.381688,60,OSM:classe,1,40,
-10.133446,-67.703497,80,OSM,0,,
-10.131618,-67.702467,80,OSM,0,,
-10.130802,-67.701577,80,OSM,0,,
-10.130764,-67.385228,60,OSM:classe,1,40,
-10.130240,-67.700447,80,OSM,0,,
-10.129765,-67.752256,80,OSM,0,,
-10.129728,-67.123209,80,OSM,0,,
-10.128588,-67.694377,80,OSM,0,,
-10.128216,-67.388987,60,OSM:classe,1,40,
-10.128063,-67.693546,80,OSM,0,,
-10.127342,-67.692931,80,OSM,0,,
-10.127139,-67.430170,60,OSM,0,,
-10.126364,-67.754393,80,OSM,0,,
-10.125630,-67.692278,80,OSM,0,,
-10.125561,-67.754668,80,OSM,0,,
-10.125457,-67.429719,60,OSM,0,,
-10.125447,-67.392574,60,OSM:classe,1,40,
-10.124325,-67.429670,60,OSM,0,,
-10.122469,-67.395997,60,OSM:classe,1,40,
-10.119460,-67.399381,60,OSM:classe,1,40,
-10.118134,-67.430345,60,OSM,0,,
-10.118114,-67.754474,80,OSM,0,,
-10.118001,-67.117253,80,OSM,0,,
-10.117025,-67.430243,60,OSM,0,,
-10.115436,-67.400654,60,OSM:classe,1,40,
-10.114752,-67.115325,80,OSM,0,,
-10.114562,-67.757539,80,OSM,0,,
-10.113892,-67.757906,80,OSM,0,,
-10.113620,-67.688849,80,OSM,0,,
-10.113143,-67.470619,80,OSM,0,,
-10.112994,-67.469004,80,OSM,0,,
-10.112814,-67.472378,80,OSM,0,,
-10.112224,-67.758005,80,OSM,0,,
-10.112001,-67.687867,80,OSM,0,,
-10.111281,-67.111949,80,OSM,0,,
-10.110980,-67.400239,60,OSM:classe,1,40,
-10.110975,-67.686670,80,OSM,0,,
-10.110505,-67.110892,80,OSM,0,,
-10.110247,-67.110463,80,OSM,0,,
-10.109889,-67.650484,80,OSM,0,,
-10.109782,-67.757437,80,OSM,0,,
-10.109611,-67.652326,80,OSM,0,,
-10.109611,-67.408183,60,OSM:classe,1,40,
-10.109574,-67.648755,80,OSM,0,,
-10.109116,-67.459689,80,OSM,0,,
-10.109085,-67.427879,60,OSM,0,,
-10.108699,-67.403837,60,OSM:classe,1,40,
-10.108360,-67.481859,80,OSM,0,,
-10.108064,-67.427745,60,OSM,0,,
-10.107413,-67.642239,80,OSM,0,,
-10.107311,-67.679529,80,OSM,0,,
-10.106519,-67.660550,80,OSM,0,,
-10.106207,-67.756495,80,OSM,0,,
-10.106187,-67.427957,60,OSM,0,,
-10.106067,-67.103846,80,OSM,0,,
-10.105524,-67.409655,60,OSM:classe,1,40,
-10.105252,-67.635724,80,OSM,0,,
-10.105239,-67.450374,80,OSM,0,,
-10.103770,-67.626655,80,OSM,0,,
-10.103647,-67.672388,80,OSM,0,,
-10.103472,-67.492177,80,OSM,0,,
-10.103427,-67.668774,80,OSM,0,,
-10.103183,-67.670866,80,OSM,0,,
-10.102381,-67.412487,60,OSM:classe,1,40,
-10.102287,-67.617587,80,OSM,0,,
-10.101889,-67.616184,80,OSM,0,,
-10.101887,-67.097229,80,OSM,0,,
-10.101361,-67.441059,80,OSM,0,,
-10.100770,-67.751939,80,OSM,0,,
-10.100734,-67.614394,80,OSM,0,,
-10.100355,-67.429188,60,OSM,0,,
-10.099939,-67.416323,60,OSM:classe,1,40,
-10.098815,-67.429062,60,OSM,0,,
-10.098584,-67.502496,80,OSM,0,,
-10.097352,-67.420058,60,OSM:classe,1,40,
-10.097247,-67.751043,80,OSM,0,,
-10.096895,-67.430409,80,OSM,0,,
-10.096837,-67.428345,60,OSM,0,,
-10.096161,-67.751198,80,OSM,0,,
-10.096160,-67.088572,80,OSM,0,,
-10.096088,-67.428494,60,OSM,0,,
-10.096052,-67.088386,80,OSM,0,,
-10.094751,-67.423784,60,OSM:classe,1,40,
-10.093696,-67.512814,80,OSM,0,,
-10.092429,-67.419760,80,OSM,0,,
-10.092167,-67.603921,80,OSM,0,,
-10.091477,-67.753944,80,OSM,0,,
-10.091184,-67.089069,80,OSM,0,,
-10.090571,-67.754278,80,OSM,0,,
-10.090216,-67.079543,80,OSM,0,,
-10.089426,-67.089611,80,OSM,0,,
-10.088808,-67.523132,80,OSM,0,,
-10.088132,-67.089283,80,OSM,0,,
-10.087963,-67.409110,80,OSM,0,,
-10.086954,-67.754342,80,OSM,0,,
-10.085699,-67.054562,60,OSM:classe,1,40,
-10.085687,-67.054667,60,OSM:classe,1,40,
-10.084911,-67.089630,80,OSM,0,,
-10.084381,-67.070699,80,OSM,0,,
-10.084206,-67.753617,80,OSM,0,,
-10.083955,-67.069578,60,OSM,0,,
-10.083920,-67.533451,80,OSM,0,,
-10.083804,-67.753515,100,OSM:classe,1,100,
-10.083797,-67.753354,40,OSM,0,,
-10.083704,-67.067481,60,OSM,0,,
-10.083696,-67.753634,40,OSM,0,,
-10.083600,-67.593449,80,OSM,0,,
-10.083521,-67.753252,40,OSM,0,,
-10.083496,-67.398461,80,OSM,0,,
-10.083455,-67.066958,60,OSM,0,,
-10.083421,-67.753532,40,OSM,0,,
-10.083052,-67.753259,40,OSM,0,,
-10.082778,-67.089456,80,OSM,0,,
-10.082022,-67.089848,80,OSM,0,,
-10.081686,-67.592180,80,OSM,0,,
-10.081362,-67.054077,60,OSM:classe,1,40,
-10.081243,-67.053946,60,OSM:classe,1,40,
-10.080777,-67.065166,60,OSM,0,,
-10.079963,-67.090158,80,OSM,0,,
-10.079766,-67.752300,80,OSM,0,,
-10.079296,-67.052661,60,OSM:classe,1,40,
-10.079284,-67.052741,60,OSM:classe,1,40,
-10.079033,-67.543769,80,OSM,0,,
-10.079030,-67.387811,80,OSM,0,,
-10.078945,-67.543970,80,OSM,0,,
-10.078865,-67.062435,50,OSM,0,,
-10.078047,-67.752069,80,OSM,0,,
-10.078033,-67.053619,60,OSM:classe,1,40,
-10.077811,-67.546569,60,OSM:classe,1,40,
-10.077636,-67.050145,60,OSM:classe,1,40,
-10.077617,-67.050299,60,OSM:classe,1,40,
-10.076905,-67.053468,60,OSM:classe,1,40,
-10.076872,-67.542373,60,OSM:classe,1,40,
-10.076788,-67.053330,60,OSM:classe,1,40,
-10.076668,-67.059131,50,OSM,0,,
-10.076533,-67.058832,50,OSM,0,,
-10.076476,-67.058888,50,OSM,0,,
-10.076459,-67.058892,60,OSM:classe,1,40,
-10.076433,-67.058713,50,OSM,0,,
-10.076412,-67.058884,60,OSM:classe,1,40,
-10.076382,-67.058743,60,OSM:classe,1,50,
-10.076367,-67.058768,50,OSM,0,,
-10.076341,-67.053382,60,OSM:classe,1,40,
-10.076166,-67.058378,50,OSM,0,,
-10.076133,-67.052298,60,OSM:classe,1,40,
-10.076066,-67.538013,60,OSM:classe,1,40,
-10.075741,-67.551546,80,OSM,0,,
-10.075219,-67.045215,60,OSM:classe,1,40,
-10.075200,-67.045967,60,OSM:classe,1,40,
-10.075189,-67.572284,80,OSM,0,,
-10.075068,-67.570678,80,OSM,0,,
-10.075033,-67.590210,80,OSM,0,,
-10.074882,-67.573895,80,OSM,0,,
-10.074842,-67.052036,60,OSM:classe,1,40,
-10.074735,-67.048886,60,OSM:classe,1,40,
-10.074578,-67.049735,60,OSM:classe,1,40,
-10.074541,-67.050484,60,OSM:classe,1,40,
-10.074474,-67.049833,60,OSM:classe,1,40,
-10.074275,-67.575217,80,OSM,0,,
-10.073937,-67.054255,60,OSM:classe,1,40,
-10.073928,-67.752644,80,OSM,0,,
-10.073883,-67.055002,60,OSM:classe,1,40,
-10.073769,-67.375274,80,OSM,0,,
-10.073711,-67.589523,80,OSM,0,,
-10.073180,-67.049531,60,OSM:classe,1,40,
-10.073170,-67.061218,60,OSM:classe,1,40,
-10.073134,-67.061158,60,OSM:classe,1,40,
-10.073099,-67.061160,60,OSM:classe,1,40,
-10.072767,-67.588407,80,OSM,0,,
-10.072764,-67.062345,60,OSM:classe,1,40,
-10.072757,-67.062263,60,OSM:classe,1,40,
-10.072755,-67.062347,60,OSM:classe,1,40,
-10.072703,-67.062324,60,OSM:classe,1,40,
-10.072609,-67.535160,60,OSM:classe,1,40,
-10.072537,-67.559121,80,OSM,0,,
-10.072466,-67.561266,80,OSM,0,,
-10.072449,-67.052859,60,OSM:classe,1,40,
-10.072339,-67.052715,60,OSM:classe,1,40,
-10.072138,-67.053062,60,OSM:classe,1,40,
-10.072112,-67.060810,60,OSM:classe,1,40,
-10.071679,-67.051673,60,OSM:classe,1,40,
-10.071625,-67.053375,30,OSM,0,,
-10.071614,-67.051584,60,OSM:classe,1,40,
-10.071530,-67.053437,30,OSM,0,,
-10.071040,-67.579730,40,OSM,0,,
-10.070655,-67.580775,40,OSM,0,,
-10.070653,-67.531085,60,OSM:classe,1,40,
-10.070203,-67.580432,40,OSM,0,,
-10.070149,-67.049397,50,OSM,0,,
-10.070029,-67.049096,60,OSM:classe,1,40,
-10.070025,-67.049172,60,OSM:classe,1,40,
-10.070014,-67.049184,50,OSM,0,,
-10.069980,-67.049208,60,OSM:classe,1,50,
-10.069971,-67.049210,50,OSM,0,,
-10.069942,-67.049051,50,OSM,0,,
-10.069929,-67.581217,40,OSM,0,,
-10.069889,-67.049087,50,OSM,0,,
-10.069717,-67.048769,50,OSM,0,,
-10.069710,-67.581900,60,OSM,0,,
-10.069700,-67.582707,80,OSM,0,,
-10.069579,-67.581440,40,OSM,0,,
-10.069565,-67.582356,60,OSM,0,,
-10.069554,-67.581843,40,OSM,0,,
-10.069487,-67.048447,30,OSM,0,,
-10.069449,-67.582526,60,OSM,0,,
-10.069430,-67.581753,40,OSM,0,,
-10.069422,-67.050114,30,OSM,0,,
-10.069390,-67.050066,30,OSM,0,,
-10.069293,-67.582184,40,OSM,0,,
-10.069234,-67.054963,60,OSM:classe,1,40,
-10.069175,-67.582638,60,OSM,0,,
-10.069166,-67.581321,40,OSM,0,,
-10.068918,-67.059570,60,OSM:classe,1,40,
-10.068914,-67.581125,80,OSM,0,,
-10.068874,-67.091135,80,OSM,0,,
-10.068873,-67.583272,40,OSM,0,,
-10.068751,-67.049149,30,OSM,0,,
-10.068577,-67.055216,60,OSM:classe,1,40,
-10.068509,-67.362737,80,OSM,0,,
-10.068424,-67.063574,60,OSM:classe,1,40,
-10.068423,-67.582924,40,OSM,0,,
-10.068390,-67.063489,60,OSM:classe,1,40,
-10.068354,-67.055529,60,OSM:classe,1,40,
-10.068272,-67.056448,30,OSM,0,,
-10.068228,-67.056416,30,OSM,0,,
-10.067908,-67.059189,60,OSM:classe,1,40,
-10.067856,-67.584155,40,OSM,0,,
-10.067014,-67.751361,80,OSM,0,,
-10.066437,-67.530086,60,OSM:classe,1,40,
-10.065892,-67.524250,60,OSM:classe,1,40,
-10.063892,-67.751911,80,OSM,0,,
-10.063347,-67.039315,60,OSM,0,,
-10.063316,-67.570959,80,OSM,0,,
-10.063248,-67.350200,80,OSM,0,,
-10.063217,-67.527618,60,OSM:classe,1,40,
-10.062857,-67.521225,60,OSM:classe,1,40,
-10.062776,-67.752472,80,OSM,0,,
-10.062578,-67.038590,60,OSM,0,,
-10.062526,-67.752674,40,OSM:classe,1,40,
-10.062486,-67.300183,80,OSM,0,,
-10.062273,-67.752298,80,OSM,0,,
-10.062271,-67.298522,80,OSM,0,,
-10.062131,-67.753117,80,OSM,0,,
-10.061979,-67.764098,80,OSM,0,,
-10.061705,-67.346452,80,OSM,0,,
-10.061646,-67.754162,80,OSM,0,,
-10.061584,-67.297004,80,OSM,0,,
-10.061564,-67.038352,80,OSM,0,,
-10.061528,-67.752758,80,OSM,0,,
-10.061527,-67.765955,80,OSM,0,,
-10.061516,-67.755255,80,OSM,0,,
-10.061409,-67.345148,80,OSM,0,,
-10.061405,-67.753769,40,OSM:classe,1,40,
-10.061383,-67.310051,80,OSM,0,,
-10.061035,-67.337300,80,OSM,0,,
-10.060662,-67.329452,80,OSM,0,,
-10.060298,-67.594699,80,OSM,0,,
-10.060280,-67.319919,80,OSM,0,,
-10.058421,-67.520620,60,OSM:classe,1,40,
-10.057785,-67.092111,80,OSM,0,,
-10.057718,-67.560794,80,OSM,0,,
-10.056386,-67.038428,80,OSM,0,,
-10.056124,-67.559360,80,OSM,0,,
-10.054904,-67.773725,80,OSM,0,,
-10.054756,-67.519437,60,OSM:classe,1,40,
-10.054203,-67.285838,80,OSM,0,,
-10.052740,-67.605244,80,OSM,0,,
-10.052595,-67.516300,60,OSM:classe,1,40,
-10.052568,-67.038856,80,OSM,0,,
-10.052191,-67.781538,80,OSM,0,,
-10.050687,-67.038451,80,OSM,0,,
-10.048392,-67.517618,60,OSM:classe,1,40,
-10.046695,-67.093088,80,OSM,0,,
-10.046349,-67.277251,80,OSM,0,,
-10.046125,-67.790317,80,OSM,0,,
-10.045182,-67.615788,80,OSM,0,,
-10.044820,-67.552848,80,OSM,0,,
-10.044323,-67.519029,60,OSM:classe,1,40,
-10.043650,-67.551520,80,OSM,0,,
-10.041983,-67.548352,80,OSM,0,,
-10.041572,-67.620761,40,OSM:classe,1,40,
-10.041024,-67.267141,80,OSM,0,,
-10.040346,-67.038491,80,OSM,0,,
-10.040132,-67.520664,60,OSM:classe,1,40,
-10.038798,-67.542282,80,OSM,0,,
-10.038658,-67.796519,60,OSM,0,,
-10.037624,-67.626332,80,OSM,0,,
-10.037277,-67.797616,60,OSM,0,,
-10.036027,-67.798287,60,OSM,0,,
-10.035826,-67.521979,60,OSM:classe,1,40,
-10.035612,-67.536212,80,OSM,0,,
-10.035606,-67.094064,80,OSM,0,,
-10.034500,-67.534882,80,OSM,0,,
-10.034319,-67.798769,60,OSM,0,,
-10.034313,-67.259010,80,OSM,0,,
-10.032928,-67.533945,80,OSM,0,,
-10.032688,-67.950686,80,OSM,0,,
-10.032601,-67.951822,80,OSM,0,,
-10.032223,-67.949128,80,OSM,0,,
-10.031426,-67.522918,60,OSM:classe,1,40,
-10.031208,-67.954515,80,OSM,0,,
-10.030066,-67.636877,80,OSM,0,,
-10.030004,-67.038531,80,OSM,0,,
-10.028889,-67.798721,60,OSM,0,,
-10.028854,-67.826010,60,OSM:classe,1,60,
-10.028585,-67.830533,60,OSM:classe,1,60,
-10.028542,-67.798787,40,OSM:classe,1,40,
-10.028387,-67.798540,60,OSM,0,,
-10.028222,-67.798562,40,OSM:classe,1,40,
-10.027850,-67.798703,60,OSM,0,,
-10.027708,-67.938576,80,OSM,0,,
-10.027602,-67.250880,80,OSM,0,,
-10.027254,-67.821767,60,OSM:classe,1,60,
-10.026993,-67.523431,60,OSM:classe,1,40,
-10.026658,-67.820468,40,OSM:classe,1,40,
-10.026560,-67.834555,60,OSM:classe,1,60,
-10.026008,-67.509948,80,OSM,0,,
-10.025981,-67.510763,80,OSM,0,,
-10.025606,-67.819773,60,OSM:classe,1,60,
-10.025470,-67.508494,80,OSM,0,,
-10.025032,-67.965073,80,OSM,0,,
-10.024517,-67.095041,80,OSM,0,,
-10.023965,-67.818213,60,OSM:classe,1,60,
-10.023574,-67.530744,80,OSM,0,,
-10.023253,-67.837615,60,OSM:classe,1,60,
-10.023200,-67.738998,60,OSM:classe,1,40,
-10.023192,-67.928025,80,OSM,0,,
-10.023167,-67.739507,60,OSM:classe,1,40,
-10.023132,-67.521598,80,OSM,0,,
-10.023070,-67.739397,60,OSM:classe,1,40,
-10.023044,-67.094702,80,OSM,0,,
-10.023003,-67.523962,60,OSM:classe,1,40,
-10.022686,-67.240763,80,OSM,0,,
-10.022508,-67.647421,80,OSM,0,,
-10.022188,-67.740879,60,OSM:classe,1,40,
-10.022162,-67.529507,80,OSM,0,,
-10.022146,-67.743511,60,OSM:classe,1,40,
-10.022096,-67.502678,80,OSM,0,,
-10.022074,-67.748077,60,OSM:classe,1,40,
-10.022003,-67.752642,60,OSM:classe,1,40,
-10.021970,-67.756021,60,OSM:classe,1,40,
-10.021926,-67.760587,60,OSM:classe,1,40,
-10.021768,-67.095303,80,OSM,0,,
-10.021748,-67.528407,80,OSM,0,,
-10.021686,-67.527440,80,OSM,0,,
-10.021250,-67.502022,80,OSM,0,,
-10.021126,-67.798516,60,OSM,0,,
-10.021109,-67.798304,60,OSM,0,,
-10.020849,-67.798292,60,OSM,0,,
-10.020826,-67.798513,60,OSM,0,,
-10.020681,-67.815093,60,OSM:classe,1,60,
-10.019663,-67.038570,80,OSM,0,,
-10.019633,-67.760529,60,OSM:classe,1,40,
-10.019387,-67.839876,60,OSM:classe,1,60,
-10.018856,-67.975630,80,OSM,0,,
-10.018833,-67.975460,60,OSM:classe,1,40,
-10.018677,-67.917473,80,OSM,0,,
-10.018079,-67.501059,80,OSM,0,,
-10.017769,-67.230647,80,OSM,0,,
-10.016818,-67.812806,60,OSM:classe,1,60,
-10.015138,-67.760416,60,OSM:classe,1,40,
-10.015104,-67.840993,60,OSM:classe,1,40,
-10.015056,-67.841030,60,OSM:classe,1,60,
-10.014950,-67.657966,80,OSM,0,,
-10.014337,-67.975459,60,OSM:classe,1,40,
-10.014319,-67.659679,80,OSM,0,,
-10.014161,-67.906922,80,OSM,0,,
-10.014116,-67.661228,80,OSM,0,,
-10.013892,-67.672554,80,OSM,0,,
-10.013692,-67.802992,60,OSM:classe,1,60,
-10.013668,-67.683880,80,OSM,0,,
-10.013658,-67.798137,60,OSM,0,,
-10.013541,-67.804359,60,OSM:classe,1,60,
-10.013469,-67.809858,60,OSM:classe,1,60,
-10.013444,-67.695206,80,OSM,0,,
-10.013407,-67.697102,50,OSM,0,,
-10.013385,-67.698201,50,OSM,0,,
-10.013370,-67.839123,60,OSM:classe,1,40,
-10.013354,-67.699998,50,OSM,0,,
-10.013331,-67.701192,50,OSM,0,,
-10.013302,-67.702670,60,OSM,0,,
-10.013281,-67.703740,80,OSM,0,,
-10.013190,-67.708163,80,OSM,0,,
-10.013128,-67.717134,40,OSM,0,,
-10.013121,-67.717586,80,OSM,0,,
-10.013052,-67.808812,60,OSM:classe,1,60,
-10.013039,-67.716694,80,OSM,0,,
-10.012954,-67.717615,80,OSM,0,,
-10.012944,-67.809201,40,OSM:classe,1,40,
-10.012944,-67.717126,40,OSM,0,,
-10.012869,-67.730775,80,OSM,0,,
-10.012818,-67.800031,60,OSM:classe,1,60,
-10.012785,-67.808740,60,OSM:classe,1,60,
-10.012774,-67.807437,60,OSM:classe,1,60,
-10.012743,-67.728703,80,OSM,0,,
-10.012694,-67.798185,60,OSM,0,,
-10.012679,-67.986188,80,OSM,0,,
-10.012616,-67.743964,80,OSM,0,,
-10.012532,-67.739790,80,OSM,0,,
-10.012458,-67.808581,60,OSM:classe,1,40,
-10.012364,-67.757153,80,OSM,0,,
-10.012322,-67.750877,80,OSM,0,,
-10.012176,-67.760350,60,OSM:classe,1,40,
-10.012166,-67.218957,80,OSM,0,,
-10.012138,-67.798785,60,OSM:classe,1,60,
-10.012129,-67.770758,80,OSM,0,,
-10.012125,-67.760349,60,OSM:classe,1,40,
-10.012111,-67.770342,80,OSM,0,,
-10.012111,-67.761965,80,OSM,0,,
-10.012110,-67.864146,80,OSM,0,,
-10.012079,-67.798636,60,OSM:classe,1,60,
-10.012078,-67.798816,60,OSM:classe,1,60,
-10.012072,-67.797996,60,OSM,0,,
-10.012065,-67.862667,80,OSM,0,,
-10.012018,-67.798400,60,OSM,0,,
-10.011933,-67.843017,60,OSM:classe,1,60,
-10.011898,-67.779245,80,OSM,0,,
-10.011887,-67.501492,80,OSM,0,,
-10.011872,-67.798496,80,OSM:classe,1,60,
-10.011850,-67.770770,80,OSM,0,,
-10.011842,-67.865582,80,OSM,0,,
-10.011841,-67.770336,80,OSM,0,,
-10.011831,-67.781413,40,OSM:classe,1,40,
-10.011827,-67.798508,60,OSM:classe,1,60,
-10.011800,-67.797805,60,OSM,0,,
-10.011794,-67.861569,80,OSM,0,,
-10.011784,-67.798513,60,OSM:classe,1,60,
-10.011772,-67.790289,40,OSM:classe,1,40,
-10.011735,-67.791723,80,OSM,0,,
-10.011727,-67.779256,80,OSM,0,,
-10.011692,-67.782242,40,OSM:classe,1,40,
-10.011667,-67.787731,80,OSM,0,,
-10.011662,-67.788612,80,OSM,0,,
-10.011604,-67.787742,80,OSM,0,,
-10.011593,-67.788611,80,OSM,0,,
-10.011499,-67.797354,60,OSM,0,,
-10.011486,-67.796731,80,OSM,0,,
-10.011474,-67.843948,60,OSM:classe,1,60,
-10.011451,-67.795486,40,OSM,0,,
-10.011425,-67.798080,60,OSM,0,,
-10.011422,-67.797094,80,OSM,0,,
-10.011416,-67.798182,60,OSM:classe,1,60,
-10.011412,-67.791753,80,OSM,0,,
-10.011251,-67.844325,60,OSM:classe,1,60,
-10.011113,-67.798806,40,OSM,0,,
-10.011060,-67.798040,40,OSM,0,,
-10.010922,-67.835353,60,OSM:classe,1,40,
-10.010895,-67.798447,40,OSM,0,,
-10.010730,-67.799299,60,OSM:classe,1,60,
-10.010726,-67.797860,40,OSM,0,,
-10.010716,-67.845098,60,OSM:classe,1,60,
-10.010512,-67.799479,60,OSM:classe,1,60,
-10.010438,-67.799373,60,OSM:classe,1,60,
-10.010332,-67.806022,60,OSM:classe,1,40,
-10.010178,-67.833452,60,OSM:classe,1,40,
-10.009849,-67.797419,30,OSM,0,,
-10.009840,-67.975459,60,OSM:classe,1,40,
-10.009646,-67.896370,80,OSM,0,,
-10.009322,-67.038610,40,OSM,0,,
-10.009233,-67.795427,40,OSM,0,,
-10.009194,-67.096490,80,OSM,0,,
-10.008705,-67.797369,40,OSM,0,,
-10.008532,-67.874090,80,OSM,0,,
-10.008516,-67.829209,60,OSM:classe,1,40,
-10.008431,-67.829009,60,OSM:classe,1,40,
-10.008327,-67.798161,40,OSM,0,,
-10.008321,-67.827909,60,OSM:classe,1,40,
-10.008251,-67.797343,30,OSM,0,,
-10.008211,-67.790377,40,OSM,0,,
-10.007833,-67.847169,60,OSM:classe,1,60,
-10.007827,-67.038424,40,OSM,0,,
-10.007733,-67.500494,80,OSM,0,,
-10.007732,-67.798954,40,OSM,0,,
-10.007563,-67.790459,40,OSM,0,,
-10.007432,-67.802532,60,OSM:classe,1,40,
-10.007383,-67.847998,60,OSM:classe,1,60,
-10.007314,-67.847942,60,OSM:classe,1,60,
-10.007287,-67.798991,40,OSM,0,,
-10.007219,-67.802265,50,OSM,0,,
-10.007097,-67.848532,60,OSM:classe,1,60,
-10.007051,-67.802158,50,OSM,0,,
-10.007036,-67.849029,80,OSM,0,,
-10.006989,-67.802436,40,OSM:classe,1,40,
-10.006949,-67.802254,60,OSM:classe,1,60,
-10.006903,-67.848224,60,OSM:classe,1,40,
-10.006895,-67.823688,60,OSM:classe,1,40,
-10.006885,-67.789916,40,OSM,0,,
-10.006852,-67.798766,40,OSM,0,,
-10.006842,-67.796192,40,OSM,0,,
-10.006799,-67.848727,60,OSM:classe,1,40,
-10.006651,-67.798405,40,OSM,0,,
-10.006645,-67.847889,40,OSM,0,,
-10.006615,-67.848462,60,OSM:classe,1,60,
-10.006581,-67.848832,40,OSM:classe,1,40,
-10.006562,-67.207267,80,OSM,0,,
-10.006503,-67.996745,80,OSM,0,,
-10.006470,-67.797327,40,OSM,0,,
-10.006467,-67.792850,40,OSM,0,,
-10.006348,-67.803046,60,OSM:classe,1,60,
-10.006310,-67.037285,80,OSM,0,,
-10.006258,-67.803236,60,OSM:classe,1,60,
-10.006174,-67.848943,60,OSM:classe,1,60,
-10.006148,-67.848860,60,OSM:classe,1,60,
-10.006113,-67.802890,60,OSM:classe,1,60,
-10.005935,-67.803099,60,OSM:classe,1,60,
-10.005913,-67.803194,60,OSM:classe,1,50,
-10.005703,-67.804005,60,OSM:classe,1,50,
-10.005541,-67.804677,40,OSM:classe,1,40,
-10.005344,-67.975458,60,OSM:classe,1,40,
-10.005222,-67.882597,80,OSM,0,,
-10.005130,-67.885819,80,OSM,0,,
-10.004972,-67.884588,80,OSM,0,,
-10.004740,-67.791611,30,OSM,0,,
-10.004566,-67.842296,40,OSM,0,,
-10.004379,-67.819929,60,OSM:classe,1,40,
-10.004355,-67.849268,60,OSM:classe,1,60,
-10.004305,-67.801771,60,OSM:classe,1,60,
-10.004259,-67.801665,60,OSM:classe,1,60,
-10.004241,-67.792650,30,OSM,0,,
-10.004186,-67.841097,60,OSM:classe,1,40,
-10.004099,-67.499466,80,OSM,0,,
-10.004006,-67.841046,60,OSM:classe,1,40,
-10.003971,-67.806891,60,OSM:classe,1,50,
-10.003641,-67.839924,40,OSM,0,,
-10.003586,-67.807172,60,OSM:classe,1,50,
-10.003149,-67.498596,80,OSM,0,,
-10.002748,-67.497393,80,OSM,0,,
-10.001874,-67.493296,80,OSM,0,,
-10.001720,-67.849651,60,OSM:classe,1,60,
-10.001520,-67.825411,40,OSM,0,,
-10.001359,-67.800776,60,OSM:classe,1,60,
-10.001297,-67.800909,60,OSM:classe,1,60,
-10.001185,-67.492554,80,OSM,0,,
-10.001176,-67.816858,60,OSM:classe,1,40,
-10.001077,-67.800672,60,OSM:classe,1,60,
-10.001038,-67.800794,60,OSM:classe,1,60,
-10.000958,-67.195578,80,OSM,0,,
-10.000847,-67.975457,60,OSM:classe,1,40,
-10.000642,-67.836827,40,OSM,0,,
-10.000587,-67.807453,60,OSM:classe,1,50,
-10.000454,-67.807148,60,OSM:classe,1,50,
-10.000366,-67.807608,60,OSM:classe,1,50,
-10.000196,-67.807534,60,OSM:classe,1,50,
-10.000139,-67.807307,60,OSM:classe,1,50,
-10.000021,-68.008144,80,OSM,0,,
-9.999921,-67.849686,60,OSM:classe,1,60,
-9.999649,-67.829169,40,OSM,0,,
-9.999512,-67.030248,80,OSM,0,,
-9.999382,-67.491507,80,OSM,0,,
-9.999125,-67.823691,40,OSM,0,,
-9.998975,-67.827844,40,OSM,0,,
-9.998470,-67.813444,60,OSM:classe,1,40,
-9.998465,-67.821001,40,OSM,0,,
-9.998304,-67.803370,60,OSM:classe,1,40,
-9.998287,-67.830194,60,OSM:classe,1,40,
-9.998273,-67.821652,40,OSM,0,,
-9.998198,-67.803125,60,OSM:classe,1,40,
-9.998122,-67.803295,60,OSM:classe,1,40,
-9.997841,-67.491069,80,OSM,0,,
-9.997429,-67.821769,40,OSM,0,,
-9.997362,-67.838748,40,OSM,0,,
-9.997302,-67.825967,60,OSM:classe,1,40,
-9.997290,-67.799845,60,OSM:classe,1,60,
-9.997274,-67.849218,60,OSM:classe,1,60,
-9.997256,-67.803003,60,OSM:classe,1,40,
-9.996863,-67.809204,60,OSM:classe,1,40,
-9.996826,-67.826239,60,OSM:classe,1,40,
-9.996823,-67.839775,40,OSM,0,,
-9.996810,-67.799869,60,OSM:classe,1,60,
-9.996748,-67.808724,60,OSM:classe,1,40,
-9.996619,-67.097676,80,OSM,0,,
-9.996580,-67.819091,40,OSM,0,,
-9.996505,-67.807762,60,OSM:classe,1,40,
-9.996463,-67.820707,40,OSM,0,,
-9.996397,-67.819237,40,OSM,0,,
-9.996350,-67.975456,60,OSM:classe,1,40,
-9.996275,-67.820145,40,OSM,0,,
-9.996260,-67.975458,60,OSM:classe,1,40,
-9.996146,-67.840360,40,OSM,0,,
-9.995959,-67.807814,60,OSM:classe,1,50,
-9.995872,-67.820083,40,OSM,0,,
-9.995755,-67.832024,60,OSM:classe,1,40,
-9.995652,-67.807607,60,OSM:classe,1,50,
-9.995595,-67.821381,40,OSM,0,,
-9.995471,-67.849025,60,OSM:classe,1,60,
-9.995459,-67.820341,40,OSM,0,,
-9.995354,-67.183888,80,OSM,0,,
-9.994675,-67.832913,60,OSM:classe,1,40,
-9.994650,-67.828023,30,OSM,0,,
-9.994550,-67.822898,30,OSM,0,,
-9.994526,-67.975447,60,OSM:classe,1,40,
-9.994284,-67.822582,60,OSM:classe,1,40,
-9.994118,-68.018525,60,OSM:classe,1,40,
-9.993939,-67.801661,60,OSM:classe,1,40,
-9.993936,-67.833533,60,OSM:classe,1,40,
-9.993811,-67.821194,40,OSM,0,,
-9.993786,-67.823242,30,OSM,0,,
-9.993701,-67.833824,60,OSM:classe,1,40,
-9.993677,-67.821900,30,OSM,0,,
-9.993623,-67.821845,40,OSM,0,,
-9.993585,-67.822682,30,OSM,0,,
-9.993539,-68.019542,80,OSM,0,,
-9.993334,-67.829117,60,OSM:classe,1,40,
-9.993211,-67.822738,30,OSM,0,,
-9.993190,-67.821413,30,OSM,0,,
-9.993072,-67.801319,60,OSM:classe,1,60,
-9.992989,-67.801564,60,OSM:classe,1,40,
-9.992944,-67.801151,60,OSM:classe,1,60,
-9.992841,-67.491675,80,OSM,0,,
-9.992825,-67.848555,60,OSM:classe,1,60,
-9.992803,-67.801624,60,OSM:classe,1,40,
-9.992802,-67.801122,60,OSM:classe,1,60,
-9.992714,-67.023212,80,OSM,0,,
-9.992680,-67.801576,60,OSM:classe,1,40,
-9.992670,-67.801178,60,OSM:classe,1,60,
-9.992655,-67.835809,60,OSM:classe,1,40,
-9.992647,-67.807999,60,OSM:classe,1,40,
-9.992584,-67.807859,60,OSM:classe,1,40,
-9.992581,-67.801408,60,OSM:classe,1,60,
-9.992500,-67.826733,60,OSM:classe,1,40,
-9.992424,-67.803347,60,OSM:classe,1,40,
-9.992405,-67.805924,60,OSM:classe,1,40,
-9.992400,-67.806060,60,OSM:classe,1,40,
-9.992330,-67.816629,40,OSM,0,,
-9.992286,-67.825102,30,OSM,0,,
-9.992041,-67.807874,60,OSM:classe,1,40,
-9.992030,-67.808081,40,OSM:classe,1,40,
-9.992009,-67.823802,30,OSM,0,,
-9.991946,-67.491447,80,OSM,0,,
-9.991810,-67.825861,60,OSM:classe,1,40,
-9.991534,-67.808059,40,OSM:classe,1,40,
-9.991525,-67.823383,30,OSM,0,,
-9.991476,-67.808011,60,OSM:classe,1,50,
-9.991472,-67.822809,30,OSM,0,,
-9.991389,-67.807892,60,OSM:classe,1,50,
-9.991186,-67.822056,30,OSM,0,,
-9.991130,-67.821925,30,OSM,0,,
-9.991061,-67.824970,60,OSM:classe,1,40,
-9.991034,-67.848315,60,OSM:classe,1,60,
-9.990988,-67.821631,30,OSM,0,,
-9.990711,-67.822871,30,OSM,0,,
-9.990512,-67.836493,60,OSM:classe,1,40,
-9.990457,-67.824181,30,OSM,0,,
-9.990447,-67.821819,60,OSM:classe,1,40,
-9.990403,-67.836694,60,OSM:classe,1,40,
-9.990377,-67.800631,60,OSM:classe,1,60,
-9.990256,-68.016187,60,OSM:classe,1,40,
-9.990252,-67.175029,80,OSM,0,,
-9.990179,-67.823836,30,OSM,0,,
-9.990029,-67.975418,60,OSM:classe,1,40,
-9.989905,-67.823465,30,OSM,0,,
-9.989885,-67.836854,60,OSM:classe,1,40,
-9.989463,-67.826457,60,OSM:classe,1,40,
-9.989282,-67.490114,80,OSM,0,,
-9.988994,-67.822302,60,OSM:classe,1,40,
-9.988771,-67.890265,60,OSM:classe,1,40,
-9.988647,-67.847128,60,OSM:classe,1,60,
-9.988456,-67.823308,30,OSM,0,,
-9.988432,-67.837327,60,OSM:classe,1,40,
-9.988413,-67.837400,60,OSM:classe,1,40,
-9.988412,-67.799712,60,OSM:classe,1,60,
-9.988382,-67.837179,60,OSM:classe,1,40,
-9.988379,-67.489978,80,OSM,0,,
-9.988099,-67.834921,60,OSM:classe,1,40,
-9.988076,-67.837408,60,OSM:classe,1,40,
-9.988040,-67.837281,60,OSM:classe,1,40,
-9.987986,-67.827938,60,OSM:classe,1,40,
-9.987971,-67.807355,60,OSM:classe,1,50,
-9.987786,-67.844306,40,OSM,0,,
-9.987713,-67.794633,20,OSM,0,,
-9.987583,-67.795716,20,OSM,0,,
-9.987530,-67.832404,60,OSM:classe,1,40,
-9.987524,-67.846046,40,OSM,0,,
-9.987445,-67.490144,80,OSM,0,,
-9.987438,-67.846493,40,OSM,0,,
-9.987371,-67.845879,60,OSM:classe,1,60,
-9.987351,-67.890731,60,OSM:classe,1,40,
-9.987249,-67.845590,60,OSM:classe,1,60,
-9.987178,-67.169639,60,OSM:classe,1,40,
-9.987057,-68.030940,80,OSM,0,,
-9.987040,-67.807265,60,OSM:classe,1,50,
-9.986968,-67.849260,40,OSM,0,,
-9.986912,-67.845009,60,OSM:classe,1,50,
-9.986900,-67.844615,50,OSM,0,,
-9.986838,-67.837830,60,OSM:classe,1,40,
-9.986654,-67.828254,60,OSM:classe,1,40,
-9.986630,-67.845345,60,OSM:classe,1,60,
-9.986541,-67.844942,60,OSM:classe,1,50,
-9.986541,-68.013812,60,OSM:classe,1,40,
-9.986520,-67.843683,60,OSM:classe,1,50,
-9.986516,-67.844969,60,OSM:classe,1,60,
-9.986499,-67.843779,60,OSM:classe,1,50,
-9.986486,-67.884088,60,OSM:classe,1,40,
-9.986443,-67.843715,60,OSM:classe,1,50,
-9.986423,-67.884481,60,OSM:classe,1,40,
-9.986199,-67.823315,60,OSM:classe,1,40,
-9.986172,-67.490977,80,OSM,0,,
-9.986129,-67.799134,60,OSM:classe,1,60,
-9.986034,-67.886793,60,OSM:classe,1,40,
-9.985915,-67.016175,80,OSM,0,,
-9.985711,-67.845408,60,OSM:classe,1,60,
-9.985684,-67.845314,60,OSM:classe,1,60,
-9.985533,-67.975390,60,OSM:classe,1,40,
-9.985151,-67.166171,80,OSM,0,,
-9.984896,-67.848980,40,OSM,0,,
-9.984704,-67.826403,50,OSM,0,,
-9.984699,-67.826464,50,OSM,0,,
-9.984679,-67.826384,60,OSM:classe,1,40,
-9.984626,-67.826463,50,OSM,0,,
-9.984622,-67.826403,50,OSM,0,,
-9.984605,-67.015263,80,OSM,0,,
-9.984538,-67.827684,60,OSM:classe,1,40,
-9.984536,-67.826001,50,OSM,0,,
-9.984490,-67.891660,60,OSM:classe,1,40,
-9.984414,-67.839757,60,OSM:classe,1,40,
-9.984379,-67.828113,50,OSM,0,,
-9.984286,-67.845962,40,OSM,0,,
-9.984269,-67.841766,40,OSM,0,,
-9.984153,-67.798246,60,OSM:classe,1,60,
-9.984048,-67.824038,50,OSM,0,,
-9.984045,-67.098862,80,OSM,0,,
-9.984024,-67.844504,40,OSM,0,,
-9.984019,-67.881523,60,OSM:classe,1,40,
-9.983901,-67.825248,30,OSM,0,,
-9.983833,-67.810120,20,OSM,0,,
-9.983798,-67.798405,40,OSM:classe,1,40,
-9.983580,-67.824206,30,OSM,0,,
-9.983531,-67.843698,40,OSM,0,,
-9.983521,-67.806701,60,OSM:classe,1,50,
-9.983436,-67.842975,40,OSM,0,,
-9.983421,-67.892009,60,OSM:classe,1,40,
-9.983393,-67.840520,60,OSM:classe,1,50,
-9.983363,-67.840470,60,OSM:classe,1,50,
-9.983354,-67.892069,60,OSM:classe,1,40,
-9.983334,-67.840547,60,OSM:classe,1,50,
-9.983327,-67.891992,60,OSM:classe,1,40,
-9.983215,-67.161261,80,OSM,0,,
-9.983191,-67.171752,60,OSM:classe,1,40,
-9.983141,-68.011001,60,OSM:classe,1,40,
-9.983134,-67.835196,30,OSM,0,,
-9.983061,-67.835492,40,OSM,0,,
-9.983043,-67.806517,40,OSM:classe,1,40,
-9.983030,-67.835651,30,OSM,0,,
-9.982974,-67.835893,30,OSM,0,,
-9.982919,-67.831750,50,OSM,0,,
-9.982915,-67.843319,40,OSM,0,,
-9.982764,-67.845245,30,OSM,0,,
-9.982704,-67.834140,50,OSM,0,,
-9.982696,-67.835846,40,OSM,0,,
-9.982643,-67.839104,40,OSM:classe,1,40,
-9.982642,-67.843516,30,OSM,0,,
-9.982591,-67.806721,60,OSM:classe,1,50,
-9.982544,-67.881294,60,OSM:classe,1,40,
-9.982538,-67.827670,40,OSM,0,,
-9.982537,-67.797732,40,OSM:classe,1,40,
-9.982460,-67.837660,30,OSM,0,,
-9.982441,-67.806543,60,OSM:classe,1,50,
-9.982383,-67.806577,60,OSM:classe,1,50,
-9.982347,-67.806681,60,OSM:classe,1,50,
-9.982330,-67.838988,40,OSM:classe,1,40,
-9.982255,-67.835257,50,OSM,0,,
-9.982229,-67.806490,60,OSM:classe,1,50,
-9.982196,-67.842073,30,OSM,0,,
-9.982144,-67.806948,60,OSM:classe,1,50,
-9.982108,-67.924149,60,OSM:classe,1,40,
-9.982085,-67.847063,60,OSM:classe,1,60,
-9.982073,-68.006584,60,OSM:classe,1,40,
-9.982029,-67.926321,60,OSM:classe,1,40,
-9.981952,-67.807048,20,OSM,0,,
-9.981951,-67.824811,60,OSM:classe,1,40,
-9.981901,-67.838371,30,OSM,0,,
-9.981881,-67.797637,60,OSM:classe,1,60,
-9.981860,-67.806477,60,OSM:classe,1,50,
-9.981813,-67.919661,60,OSM:classe,1,40,
-9.981767,-67.824884,60,OSM:classe,1,40,
-9.981717,-67.826898,40,OSM,0,,
-9.981651,-67.838158,60,OSM:classe,1,50,
-9.981599,-67.838236,60,OSM:classe,1,50,
-9.981582,-67.847185,60,OSM:classe,1,60,
-9.981462,-67.976323,60,OSM:classe,1,40,
-9.981462,-67.836855,40,OSM,0,,
-9.981346,-67.825016,30,OSM,0,,
-9.981323,-67.843206,40,OSM,0,,
-9.981270,-67.836704,40,OSM,0,,
-9.981225,-67.843443,30,OSM,0,,
-9.981131,-67.841793,40,OSM,0,,
-9.981029,-67.845926,40,OSM,0,,
-9.980881,-67.915254,60,OSM:classe,1,40,
-9.980791,-67.826491,40,OSM,0,,
-9.980785,-67.994172,60,OSM:classe,1,40,
-9.980767,-67.807685,60,OSM:classe,1,50,
-9.980754,-67.910690,60,OSM:classe,1,40,
-9.980722,-67.826459,40,OSM,0,,
-9.980714,-67.842988,40,OSM,0,,
-9.980713,-67.843359,30,OSM,0,,
-9.980693,-67.808902,60,OSM:classe,1,40,
-9.980626,-67.906126,60,OSM:classe,1,40,
-9.980621,-67.843895,30,OSM,0,,
-9.980615,-67.807611,40,OSM:classe,1,40,
-9.980574,-68.042339,80,OSM,0,,
-9.980534,-67.993304,60,OSM:classe,1,40,
-9.980521,-67.843889,30,OSM,0,,
-9.980520,-67.845669,40,OSM,0,,
-9.980499,-67.901563,60,OSM:classe,1,40,
-9.980372,-67.896999,50,OSM,0,,
-9.980360,-67.834330,60,OSM:classe,1,40,
-9.980359,-67.834717,40,OSM,0,,
-9.980354,-67.834445,60,OSM:classe,1,40,
-9.980308,-67.846305,30,OSM,0,,
-9.980296,-67.834706,60,OSM:classe,1,40,
-9.980291,-67.893103,60,OSM:classe,1,40,
-9.980287,-67.892999,60,OSM:classe,1,40,
-9.980278,-67.834895,60,OSM:classe,1,40,
-9.980272,-67.840771,40,OSM,0,,
-9.980240,-67.825281,60,OSM:classe,1,40,
-9.980185,-67.891621,50,OSM,0,,
-9.980183,-67.829805,60,OSM:classe,1,40,
-9.980167,-67.998625,60,OSM:classe,1,40,
-9.980149,-67.098957,80,OSM,0,,
-9.980115,-67.842787,30,OSM,0,,
-9.980112,-67.843864,30,OSM,0,,
-9.979894,-67.796781,60,OSM:classe,1,60,
-9.979876,-67.174620,60,OSM:classe,1,40,
-9.979855,-67.980552,60,OSM:classe,1,40,
-9.979844,-67.844891,30,OSM,0,,
-9.979736,-67.890621,50,OSM,0,,
-9.979696,-67.843516,30,OSM,0,,
-9.979680,-67.835699,40,OSM,0,,
-9.979633,-67.825277,30,OSM,0,,
-9.979577,-67.840603,30,OSM,0,,
-9.979572,-67.844609,30,OSM,0,,
-9.979530,-68.002879,60,OSM:classe,1,40,
-9.979460,-67.825305,60,OSM:classe,1,40,
-9.979457,-67.845295,30,OSM,0,,
-9.979432,-67.846204,30,OSM,0,,
-9.979431,-67.836185,60,OSM:classe,1,50,
-9.979371,-67.836267,60,OSM:classe,1,50,
-9.979345,-67.847348,30,OSM,0,,
-9.979338,-67.836162,60,OSM:classe,1,40,
-9.979277,-67.846701,30,OSM,0,,
-9.979276,-67.825184,60,OSM:classe,1,40,
-9.979218,-67.496780,80,OSM,0,,
-9.979178,-67.825982,40,OSM,0,,
-9.979164,-67.805209,60,OSM:classe,1,50,
-9.979142,-67.840915,30,OSM,0,,
-9.979138,-67.844217,30,OSM,0,,
-9.979118,-67.825151,30,OSM,0,,
-9.979105,-67.836260,60,OSM:classe,1,50,
-9.979075,-67.989067,60,OSM:classe,1,40,
-9.979059,-67.838839,40,OSM,0,,
-9.979047,-67.149825,80,OSM,0,,
-9.979015,-67.836330,50,OSM,0,,
-9.978980,-67.806874,60,OSM:classe,1,50,
-9.978955,-67.806922,60,OSM:classe,1,40,
-9.978910,-67.845173,30,OSM,0,,
-9.978908,-67.846673,30,OSM,0,,
-9.978907,-67.806983,60,OSM:classe,1,50,
-9.978854,-67.836081,60,OSM:classe,1,50,
-9.978843,-67.843900,30,OSM,0,,
-9.978791,-67.836233,50,OSM,0,,
-9.978770,-67.836662,50,OSM,0,,
-9.978681,-67.822867,30,OSM,0,,
-9.978678,-67.845496,30,OSM,0,,
-9.978605,-67.870834,60,OSM:classe,1,40,
-9.978585,-67.838550,40,OSM,0,,
-9.978575,-67.805046,60,OSM:classe,1,50,
-9.978575,-67.929173,60,OSM:classe,1,40,
-9.978554,-67.871309,50,OSM,0,,
-9.978526,-67.839142,30,OSM,0,,
-9.978461,-67.870703,60,OSM:classe,1,40,
-9.978390,-67.988241,60,OSM:classe,1,40,
-9.978390,-67.844769,30,OSM,0,,
-9.978373,-67.840702,50,OSM,0,,
-9.978371,-67.870394,50,OSM,0,,
-9.978343,-67.822844,30,OSM,0,,
-9.978268,-67.796693,40,OSM:classe,1,40,
-9.978266,-67.823608,30,OSM,0,,
-9.978262,-67.879344,50,OSM,0,,
-9.978261,-67.835953,60,OSM:classe,1,50,
-9.978241,-67.807666,60,OSM:classe,1,50,
-9.978230,-67.984803,60,OSM:classe,1,40,
-9.978206,-67.097288,80,OSM,0,,
-9.978188,-67.872271,50,OSM,0,,
-9.978099,-67.880604,60,OSM:classe,1,40,
-9.977984,-67.848935,60,OSM:classe,1,60,
-9.977949,-67.823318,30,OSM,0,,
-9.977931,-67.848851,60,OSM:classe,1,60,
-9.977923,-67.888313,50,OSM,0,,
-9.977921,-67.844377,30,OSM,0,,
-9.977912,-67.863696,50,OSM,0,,
-9.977896,-67.497429,80,OSM,0,,
-9.977890,-67.801949,60,OSM:classe,1,40,
-9.977878,-67.882027,60,OSM:classe,1,40,
-9.977863,-67.824324,30,OSM,0,,
-9.977796,-67.845393,30,OSM,0,,
-9.977796,-67.864894,60,OSM:classe,1,40,
-9.977790,-67.797806,40,OSM:classe,1,40,
-9.977732,-67.796808,40,OSM:classe,1,40,
-9.977699,-68.087516,80,OSM,0,,
-9.977690,-67.864866,50,OSM,0,,
-9.977671,-67.887411,50,OSM,0,,
-9.977643,-67.846639,30,OSM,0,,
-9.977638,-67.797125,60,OSM:classe,1,60,
-9.977618,-67.810323,60,OSM:classe,1,50,
-9.977612,-67.810409,60,OSM:classe,1,50,
-9.977604,-67.805734,60,OSM:classe,1,50,
-9.977602,-67.797063,60,OSM:classe,1,60,
-9.977592,-67.865453,60,OSM:classe,1,40,
-9.977581,-67.847150,30,OSM,0,,
-9.977579,-67.883948,50,OSM,0,,
-9.977555,-67.797385,40,OSM:classe,1,40,
-9.977544,-67.849268,60,OSM:classe,1,60,
-9.977518,-67.810331,60,OSM:classe,1,50,
-9.977495,-67.865405,50,OSM,0,,
-9.977483,-67.810438,60,OSM:classe,1,50,
-9.977480,-67.810376,60,OSM:classe,1,50,
-9.977480,-68.085961,80,OSM,0,,
-9.977462,-67.848884,60,OSM:classe,1,40,
-9.977445,-67.808492,60,OSM:classe,1,50,
-9.977429,-67.848380,50,OSM,0,,
-9.977403,-67.865893,50,OSM,0,,
-9.977343,-67.797284,60,OSM:classe,1,60,
-9.977315,-67.797219,60,OSM:classe,1,60,
-9.977308,-67.824825,60,OSM:classe,1,40,
-9.977286,-67.849738,50,OSM,0,,
-9.977249,-67.849344,60,OSM:classe,1,40,
-9.977245,-67.822869,30,OSM,0,,
-9.977215,-67.862013,50,OSM,0,,
-9.977176,-67.848926,60,OSM:classe,1,60,
-9.977103,-67.849059,60,OSM:classe,1,60,
-9.977062,-67.867003,50,OSM,0,,
-9.977058,-67.867831,50,OSM,0,,
-9.976980,-67.860158,60,OSM:classe,1,40,
-9.976971,-67.860772,50,OSM,0,,
-9.976969,-67.808957,60,OSM:classe,1,50,
-9.976968,-67.874178,50,OSM,0,,
-9.976926,-67.797492,60,OSM:classe,1,60,
-9.976913,-67.859766,50,OSM,0,,
-9.976908,-67.822160,30,OSM,0,,
-9.976892,-67.797417,60,OSM:classe,1,60,
-9.976887,-67.860465,60,OSM:classe,1,40,
-9.976875,-67.860164,60,OSM:classe,1,40,
-9.976825,-67.808621,60,OSM:classe,1,50,
-9.976789,-67.808549,60,OSM:classe,1,50,
-9.976763,-67.849399,60,OSM:classe,1,60,
-9.976756,-67.874991,50,OSM,0,,
-9.976745,-67.808449,60,OSM:classe,1,50,
-9.976714,-67.849341,60,OSM:classe,1,60,
-9.976700,-67.854406,50,OSM,0,,
-9.976596,-67.797666,60,OSM:classe,1,60,
-9.976581,-67.808092,60,OSM:classe,1,50,
-9.976556,-67.797590,60,OSM:classe,1,60,
-9.976552,-67.497448,80,OSM,0,,
-9.976523,-67.822365,40,OSM,0,,
-9.976426,-67.826053,40,OSM,0,,
-9.976373,-67.177113,60,OSM:classe,1,40,
-9.976177,-67.097298,80,OSM,0,,
-9.976141,-67.986622,60,OSM:classe,1,40,
-9.976127,-67.210955,60,OSM:classe,1,40,
-9.976092,-67.206390,60,OSM:classe,1,40,
-9.976078,-67.797930,60,OSM:classe,1,60,
-9.976057,-67.201824,60,OSM:classe,1,40,
-9.976053,-67.797854,60,OSM:classe,1,60,
-9.976023,-67.197259,60,OSM:classe,1,40,
-9.975975,-67.806564,60,OSM:classe,1,50,
-9.975966,-67.821309,30,OSM,0,,
-9.975932,-67.192695,60,OSM:classe,1,40,
-9.975924,-67.932449,60,OSM:classe,1,40,
-9.975901,-67.806605,60,OSM:classe,1,50,
-9.975787,-67.188131,60,OSM:classe,1,40,
-9.975667,-67.015155,80,OSM,0,,
-9.975643,-67.183568,60,OSM:classe,1,40,
-9.975639,-67.834568,60,OSM:classe,1,50,
-9.975584,-67.822909,30,OSM,0,,
-9.975039,-67.936552,60,OSM:classe,1,40,
-9.975014,-67.820755,20,OSM,0,,
-9.974989,-67.827335,40,OSM,0,,
-9.974880,-67.138390,80,OSM,0,,
-9.974868,-67.839053,60,OSM:classe,1,40,
-9.974812,-67.811651,60,OSM:classe,1,40,
-9.974790,-68.078404,80,OSM,0,,
-9.974766,-67.179663,60,OSM:classe,1,40,
-9.974679,-67.137819,60,OSM:classe,1,40,
-9.974583,-67.820031,20,OSM,0,,
-9.974480,-67.820269,20,OSM,0,,
-9.974477,-68.053487,80,OSM,0,,
-9.974409,-68.076844,80,OSM,0,,
-9.974357,-67.843589,60,OSM:classe,1,40,
-9.974348,-68.065847,80,OSM,0,,
-9.974287,-68.054851,80,OSM,0,,
-9.974242,-67.844608,60,OSM:classe,1,40,
-9.974200,-67.869894,60,OSM:classe,1,40,
-9.974178,-67.821546,60,OSM:classe,1,40,
-9.974034,-67.949297,60,OSM:classe,1,40,
-9.974010,-67.850575,60,OSM:classe,1,40,
-9.973983,-67.809800,60,OSM:classe,1,40,
-9.973982,-67.944987,60,OSM:classe,1,40,
-9.973954,-67.820052,20,OSM,0,,
-9.973933,-67.818647,20,OSM,0,,
-9.973913,-67.496698,80,OSM,0,,
-9.973899,-67.855568,50,OSM,0,,
-9.973736,-67.849145,60,OSM:classe,1,40,
-9.973717,-68.097674,80,OSM,0,,
-9.973680,-67.850811,60,OSM:classe,1,60,
-9.973646,-67.809096,60,OSM:classe,1,40,
-9.973508,-67.820300,20,OSM,0,,
-9.973460,-67.882692,60,OSM:classe,1,40,
-9.973434,-67.812240,60,OSM:classe,1,50,
-9.973380,-67.818904,20,OSM,0,,
-9.973380,-67.940728,60,OSM:classe,1,40,
-9.973325,-67.821926,60,OSM:classe,1,50,
-9.973318,-67.138322,60,OSM:classe,1,40,
-9.973298,-67.822426,60,OSM:classe,1,50,
-9.973284,-67.804367,40,OSM,0,,
-9.973199,-67.820888,60,OSM:classe,1,50,
-9.973189,-67.804094,40,OSM,0,,
-9.973174,-67.846132,60,OSM:classe,1,40,
-9.973165,-67.798685,60,OSM:classe,1,60,
-9.973157,-67.798589,60,OSM:classe,1,60,
-9.973154,-67.807824,60,OSM:classe,1,40,
-9.973133,-67.825936,30,OSM,0,,
-9.973061,-67.831150,60,OSM:classe,1,50,
-9.973050,-67.798775,60,OSM:classe,1,60,
-9.973046,-67.826985,60,OSM:classe,1,50,
-9.972958,-67.828384,40,OSM,0,,
-9.972913,-67.799032,60,OSM:classe,1,60,
-9.972870,-67.799009,60,OSM:classe,1,60,
-9.972810,-67.799387,60,OSM:classe,1,60,
-9.972786,-67.799765,60,OSM:classe,1,60,
-9.972615,-67.851218,60,OSM:classe,1,60,
-9.972519,-67.801169,40,OSM,0,,
-9.972509,-67.802534,40,OSM:classe,1,40,
-9.972493,-67.817634,60,OSM:classe,1,40,
-9.972492,-67.819301,30,OSM,0,,
-9.972387,-67.860445,60,OSM:classe,1,40,
-9.972328,-67.802303,40,OSM,0,,
-9.972313,-67.809663,60,OSM:classe,1,40,
-9.972311,-67.851824,30,OSM,0,,
-9.972196,-67.856432,50,OSM,0,,
-9.972176,-67.851510,50,OSM,0,,
-9.972170,-67.803316,30,OSM,0,,
-9.972162,-67.803369,30,OSM,0,,
-9.972140,-67.803860,30,OSM,0,,
-9.972137,-67.211518,60,OSM:classe,1,40,
-9.972055,-67.805263,60,OSM:classe,1,40,
-9.972041,-67.985099,60,OSM:classe,1,40,
-9.972010,-67.804641,40,OSM,0,,
-9.972009,-67.804262,60,OSM:classe,1,60,
-9.972009,-67.805161,60,OSM:classe,1,40,
-9.971970,-67.805057,60,OSM:classe,1,40,
-9.971964,-67.804594,60,OSM:classe,1,60,
-9.971950,-67.804997,60,OSM:classe,1,40,
-9.971913,-67.804900,60,OSM:classe,1,60,
-9.971908,-67.845989,50,OSM,0,,
-9.971899,-67.816276,60,OSM:classe,1,40,
-9.971891,-67.805032,50,OSM,0,,
-9.971882,-67.805451,40,OSM:classe,1,40,
-9.971857,-67.805216,50,OSM,0,,
-9.971774,-67.808417,60,OSM:classe,1,50,
-9.971765,-67.857421,50,OSM,0,,
-9.971713,-67.803399,40,OSM,0,,
-9.971649,-67.854628,30,OSM,0,,
-9.971643,-67.806458,30,OSM,0,,
-9.971636,-67.806504,40,OSM,0,,
-9.971543,-67.953040,60,OSM:classe,1,40,
-9.971440,-67.807592,60,OSM:classe,1,40,
-9.971385,-67.851780,50,OSM,0,,
-9.971360,-67.816722,60,OSM:classe,1,50,
-9.971359,-67.849680,30,OSM,0,,
-9.971311,-67.819687,40,OSM,0,,
-9.971301,-67.814859,60,OSM:classe,1,40,
-9.971294,-67.808768,60,OSM:classe,1,60,
-9.971291,-67.806328,30,OSM,0,,
-9.971286,-67.808631,60,OSM:classe,1,50,
-9.971277,-67.805078,60,OSM:classe,1,40,
-9.971268,-67.811054,60,OSM:classe,1,40,
-9.971261,-67.953559,60,OSM:classe,1,40,
-9.971254,-67.820697,40,OSM,0,,
-9.971225,-67.813229,60,OSM:classe,1,50,
-9.971218,-67.798521,40,OSM,0,,
-9.971196,-67.805918,30,OSM,0,,
-9.971194,-67.795420,40,OSM,0,,
-9.971190,-67.808655,60,OSM:classe,1,60,
-9.971147,-67.869189,60,OSM:classe,1,40,
-9.971135,-67.809934,40,OSM:classe,1,40,
-9.971134,-67.803737,30,OSM,0,,
-9.971113,-67.819022,40,OSM,0,,
-9.971103,-67.856177,50,OSM,0,,
-9.971092,-67.849791,30,OSM,0,,
-9.971086,-67.809482,60,OSM:classe,1,60,
-9.971085,-67.811125,40,OSM:classe,1,40,
-9.971042,-67.809910,60,OSM:classe,1,60,
-9.971039,-67.811140,60,OSM:classe,1,40,
-9.971033,-67.809961,40,OSM:classe,1,40,
-9.971004,-67.804738,50,OSM,0,,
-9.971001,-67.857788,50,OSM,0,,
-9.970985,-67.801044,40,OSM,0,,
-9.970964,-67.800907,40,OSM,0,,
-9.970930,-67.791261,30,OSM,0,,
-9.970918,-67.803517,40,OSM,0,,
-9.970916,-67.804912,50,OSM,0,,
-9.970885,-67.855973,50,OSM,0,,
-9.970876,-67.812423,40,OSM:classe,1,40,
-9.970863,-67.811209,60,OSM:classe,1,40,
-9.970857,-67.848872,30,OSM,0,,
-9.970856,-67.800878,60,OSM:classe,1,40,
-9.970852,-67.801100,20,OSM,0,,
-9.970833,-67.818410,30,OSM,0,,
-9.970829,-67.800890,40,OSM,0,,
-9.970788,-67.813305,60,OSM:classe,1,60,
-9.970779,-67.812409,40,OSM:classe,1,40,
-9.970775,-67.800963,30,OSM,0,,
-9.970752,-67.813756,60,OSM:classe,1,40,
-9.970750,-67.850492,50,OSM,0,,
-9.970747,-67.853934,30,OSM,0,,
-9.970731,-67.811259,60,OSM:classe,1,40,
-9.970713,-67.126954,80,OSM,0,,
-9.970705,-67.813326,60,OSM:classe,1,60,
-9.970681,-67.848180,30,OSM,0,,
-9.970680,-67.825836,40,OSM,0,,
-9.970645,-67.856917,50,OSM,0,,
-9.970637,-67.815083,60,OSM:classe,1,50,
-9.970588,-67.814764,40,OSM:classe,1,40,
-9.970588,-67.850002,30,OSM,0,,
-9.970514,-67.847505,30,OSM,0,,
-9.970491,-67.793187,40,OSM,0,,
-9.970387,-67.801150,20,OSM,0,,
-9.970377,-67.860571,60,OSM:classe,1,40,
-9.970335,-67.816547,40,OSM:classe,1,40,
-9.970333,-67.816999,60,OSM:classe,1,50,
-9.970325,-67.801183,30,OSM,0,,
-9.970291,-67.800845,40,OSM,0,,
-9.970270,-67.817031,60,OSM:classe,1,60,
-9.970232,-67.805625,30,OSM,0,,
-9.970204,-67.852769,30,OSM,0,,
-9.970177,-67.803668,50,OSM,0,,
-9.970170,-67.850769,30,OSM,0,,
-9.970130,-67.803729,50,OSM,0,,
-9.970113,-67.831392,40,OSM,0,,
-9.970038,-67.801450,40,OSM,0,,
-9.970035,-67.860593,50,OSM,0,,
-9.970030,-67.818873,60,OSM:classe,1,60,
-9.970000,-67.817132,60,OSM:classe,1,50,
-9.969949,-67.847782,50,OSM,0,,
-9.969921,-67.806872,40,OSM,0,,
-9.969920,-67.817148,60,OSM:classe,1,50,
-9.969864,-67.878542,60,OSM:classe,1,40,
-9.969850,-67.845839,50,OSM,0,,
-9.969849,-67.855282,50,OSM,0,,
-9.969819,-67.796728,40,OSM,0,,
-9.969771,-67.803669,30,OSM,0,,
-9.969765,-67.798805,40,OSM,0,,
-9.969736,-68.107831,80,OSM,0,,
-9.969719,-67.800993,40,OSM,0,,
-9.969713,-67.878582,60,OSM:classe,1,40,
-9.969707,-67.819529,40,OSM,0,,
-9.969696,-67.806182,30,OSM,0,,
-9.969695,-67.851005,50,OSM,0,,
-9.969687,-67.873824,60,OSM:classe,1,40,
-9.969686,-67.873980,60,OSM:classe,1,40,
-9.969658,-67.802134,40,OSM,0,,
-9.969630,-67.981570,60,OSM:classe,1,40,
-9.969613,-67.849031,30,OSM,0,,
-9.969581,-67.852688,60,OSM:classe,1,60,
-9.969577,-67.875300,60,OSM:classe,1,40,
-9.969560,-67.870725,50,OSM,0,,
-9.969558,-67.798584,40,OSM,0,,
-9.969554,-67.804424,40,OSM,0,,
-9.969551,-67.852621,60,OSM:classe,1,60,
-9.969515,-67.873839,60,OSM:classe,1,40,
-9.969504,-67.821530,60,OSM:classe,1,60,
-9.969496,-67.801973,40,OSM,0,,
-9.969494,-67.869246,60,OSM:classe,1,40,
-9.969465,-67.854099,50,OSM,0,,
-9.969464,-67.867699,50,OSM,0,,
-9.969449,-67.803757,50,OSM,0,,
-9.969434,-67.803201,30,OSM,0,,
-9.969404,-67.803684,50,OSM,0,,
-9.969388,-67.870739,60,OSM:classe,1,40,
-9.969326,-67.804937,40,OSM,0,,
-9.969310,-67.817266,60,OSM:classe,1,50,
-9.969308,-67.845970,30,OSM,0,,
-9.969304,-67.809973,60,OSM:classe,1,40,
-9.969301,-67.823378,60,OSM:classe,1,60,
-9.969289,-67.977104,60,OSM:classe,1,40,
-9.969279,-67.867264,50,OSM,0,,
-9.969277,-67.802200,40,OSM,0,,
-9.969266,-67.852952,60,OSM:classe,1,60,
-9.969238,-67.957608,60,OSM:classe,1,40,
-9.969229,-67.852734,60,OSM:classe,1,60,
-9.969228,-67.807022,30,OSM,0,,
-9.969197,-67.808127,30,OSM,0,,
-9.969182,-67.853243,30,OSM,0,,
-9.969181,-67.853043,50,OSM,0,,
-9.969152,-67.808761,30,OSM,0,,
-9.969147,-67.817317,60,OSM:classe,1,50,
-9.969142,-67.806428,30,OSM,0,,
-9.969093,-67.139885,60,OSM:classe,1,40,
-9.969087,-67.810467,60,OSM:classe,1,40,
-9.969082,-67.882459,60,OSM:classe,1,40,
-9.969080,-67.809438,60,OSM:classe,1,40,
-9.969068,-67.853071,50,OSM,0,,
-9.969039,-67.811564,60,OSM:classe,1,40,
-9.969023,-67.811435,60,OSM:classe,1,40,
-9.968999,-67.852228,50,OSM,0,,
-9.968993,-67.810452,60,OSM:classe,1,40,
-9.968992,-67.860642,50,OSM,0,,
-9.968967,-67.858786,50,OSM,0,,
-9.968958,-67.859885,50,OSM,0,,
-9.968952,-67.852825,60,OSM:classe,1,60,
-9.968932,-67.804239,50,OSM,0,,
-9.968918,-67.811570,60,OSM:classe,1,40,
-9.968916,-67.811445,60,OSM:classe,1,40,
-9.968906,-67.807750,30,OSM,0,,
-9.968900,-67.808904,30,OSM,0,,
-9.968896,-67.802400,30,OSM,0,,
-9.968865,-67.099588,80,OSM,0,,
-9.968856,-67.846154,50,OSM,0,,
-9.968847,-67.848391,40,OSM,0,,
-9.968830,-67.846274,50,OSM,0,,
-9.968814,-67.826393,40,OSM:classe,1,40,
-9.968811,-67.804232,50,OSM,0,,
-9.968808,-67.805729,50,OSM,0,,
-9.968796,-67.825684,30,OSM,0,,
-9.968794,-67.800644,40,OSM,0,,
-9.968740,-67.805697,50,OSM,0,,
-9.968647,-67.826599,40,OSM:classe,1,40,
-9.968646,-67.972585,60,OSM:classe,1,40,
-9.968641,-67.851495,30,OSM,0,,
-9.968625,-67.853125,60,OSM:classe,1,60,
-9.968604,-67.853043,60,OSM:classe,1,60,
-9.968591,-67.809610,60,OSM:classe,1,40,
-9.968514,-67.847702,30,OSM,0,,
-9.968502,-67.827869,60,OSM:classe,1,60,
-9.968390,-67.813327,60,OSM:classe,1,40,
-9.968388,-67.760411,60,OSM:classe,1,40,
-9.968375,-67.806655,40,OSM,0,,
-9.968363,-67.212707,60,OSM:classe,1,40,
-9.968294,-67.813113,60,OSM:classe,1,40,
-9.968283,-67.806220,60,OSM:classe,1,40,
-9.968273,-67.806584,50,OSM,0,,
-9.968251,-67.806802,60,OSM:classe,1,40,
-9.968217,-67.845920,30,OSM,0,,
-9.968197,-67.806772,60,OSM:classe,1,40,
-9.968178,-67.806509,40,OSM,0,,
-9.968177,-67.806645,50,OSM,0,,
-9.968172,-67.814121,60,OSM:classe,1,40,
-9.968168,-67.806717,60,OSM:classe,1,40,
-9.968167,-67.806675,40,OSM,0,,
-9.968108,-67.814173,60,OSM:classe,1,40,
-9.968045,-67.799847,30,OSM,0,,
-9.968035,-67.756460,60,OSM:classe,1,40,
-9.967998,-67.859131,60,OSM:classe,1,40,
-9.967960,-67.801940,30,OSM,0,,
-9.967937,-67.497443,80,OSM,0,,
-9.967902,-67.802937,40,OSM,0,,
-9.967898,-67.830158,60,OSM:classe,1,60,
-9.967881,-67.792879,30,OSM,0,,
-9.967872,-67.813299,60,OSM:classe,1,40,
-9.967853,-67.847496,30,OSM,0,,
-9.967836,-67.825672,60,OSM:classe,1,40,
-9.967781,-67.961899,60,OSM:classe,1,40,
-9.967769,-67.805375,40,OSM,0,,
-9.967765,-67.824196,30,OSM,0,,
-9.967654,-67.823749,30,OSM,0,,
-9.967532,-67.968236,60,OSM:classe,1,40,
-9.967512,-67.845609,30,OSM,0,,
-9.967485,-67.832315,60,OSM:classe,1,60,
-9.967474,-67.799134,30,OSM,0,,
-9.967440,-67.799061,40,OSM,0,,
-9.967440,-67.848877,50,OSM,0,,
-9.967392,-67.803015,30,OSM,0,,
-9.967353,-67.824031,30,OSM,0,,
-9.967298,-67.817818,60,OSM:classe,1,50,
-9.967290,-67.824032,30,OSM,0,,
-9.967241,-67.804641,40,OSM,0,,
-9.967233,-67.801385,30,OSM,0,,
-9.967213,-67.824030,30,OSM,0,,
-9.967204,-67.824031,30,OSM,0,,
-9.967176,-67.793533,30,OSM,0,,
-9.967159,-67.848025,30,OSM,0,,
-9.967159,-67.848085,40,OSM,0,,
-9.967066,-67.817915,60,OSM:classe,1,50,
-9.967044,-67.845414,30,OSM,0,,
-9.967041,-67.797902,30,OSM,0,,
-9.967037,-67.803074,40,OSM,0,,
-9.967034,-67.846822,30,OSM,0,,
-9.966997,-67.822672,30,OSM,0,,
-9.966980,-67.820553,40,OSM,0,,
-9.966964,-67.822781,30,OSM,0,,
-9.966923,-67.834471,40,OSM:classe,1,40,
-9.966920,-67.821230,60,OSM:classe,1,40,
-9.966847,-67.830006,60,OSM:classe,1,40,
-9.966847,-67.828663,30,OSM,0,,
-9.966801,-67.803187,40,OSM,0,,
-9.966770,-67.803224,50,OSM,0,,
-9.966767,-67.817977,60,OSM:classe,1,50,
-9.966761,-67.817913,60,OSM:classe,1,50,
-9.966757,-67.803084,40,OSM,0,,
-9.966734,-67.803079,40,OSM,0,,
-9.966731,-67.834565,60,OSM:classe,1,60,
-9.966729,-67.015047,80,OSM,0,,
-9.966727,-67.817955,60,OSM:classe,1,50,
-9.966712,-67.803081,60,OSM:classe,1,40,
-9.966698,-67.823539,30,OSM,0,,
-9.966696,-67.803379,50,OSM,0,,
-9.966677,-67.803214,60,OSM:classe,1,40,
-9.966672,-67.796803,30,OSM,0,,
-9.966670,-67.803641,40,OSM,0,,
-9.966667,-67.497164,80,OSM,0,,
-9.966663,-67.803118,60,OSM:classe,1,40,
-9.966641,-67.844598,30,OSM,0,,
-9.966636,-67.823747,30,OSM,0,,
-9.966634,-67.834678,40,OSM:classe,1,40,
-9.966620,-67.813110,60,OSM:classe,1,40,
-9.966560,-67.800856,30,OSM,0,,
-9.966551,-67.824429,30,OSM,0,,
-9.966546,-67.115518,80,OSM,0,,
-9.966538,-67.802992,40,OSM,0,,
-9.966525,-67.830742,60,OSM:classe,1,40,
-9.966523,-67.836723,40,OSM:classe,1,40,
-9.966498,-67.796288,30,OSM,0,,
-9.966481,-67.825002,30,OSM,0,,
-9.966476,-67.825102,30,OSM,0,,
-9.966476,-67.804129,20,OSM,0,,
-9.966441,-67.799801,40,OSM,0,,
-9.966428,-67.810216,60,OSM:classe,1,40,
-9.966423,-67.816741,60,OSM:classe,1,40,
-9.966421,-67.802831,40,OSM,0,,
-9.966374,-67.827871,30,OSM,0,,
-9.966367,-67.846208,30,OSM,0,,
-9.966339,-67.823050,30,OSM,0,,
-9.966319,-67.795806,30,OSM,0,,
-9.966316,-67.804516,20,OSM,0,,
-9.966297,-67.847922,40,OSM,0,,
-9.966295,-67.823548,30,OSM,0,,
-9.966294,-67.836718,60,OSM:classe,1,60,
-9.966293,-67.836896,40,OSM:classe,1,40,
-9.966275,-67.814419,60,OSM:classe,1,40,
-9.966221,-67.837251,60,OSM:classe,1,60,
-9.966196,-67.795477,40,OSM,0,,
-9.966172,-67.836569,60,OSM:classe,1,60,
-9.966145,-67.825525,30,OSM,0,,
-9.966136,-67.826015,30,OSM,0,,
-9.966133,-67.795255,30,OSM,0,,
-9.966131,-67.848549,30,OSM,0,,
-9.966103,-67.809667,60,OSM:classe,1,40,
-9.966070,-67.879812,60,OSM:classe,1,40,
-9.966053,-67.845984,30,OSM,0,,
-9.966025,-67.826987,30,OSM,0,,
-9.965995,-67.805332,30,OSM,0,,
-9.965986,-67.964705,60,OSM:classe,1,40,
-9.965967,-67.825881,30,OSM,0,,
-9.965967,-67.794127,30,OSM,0,,
-9.965946,-67.799671,30,OSM,0,,
-9.965937,-67.826280,30,OSM,0,,
-9.965921,-67.802179,30,OSM,0,,
-9.965918,-67.798317,30,OSM,0,,
-9.965916,-67.805516,30,OSM,0,,
-9.965915,-67.849475,50,OSM,0,,
-9.965892,-67.854589,40,OSM:classe,1,40,
-9.965886,-67.844913,30,OSM,0,,
-9.965801,-67.825825,30,OSM,0,,
-9.965801,-67.824240,30,OSM,0,,
-9.965754,-68.117989,80,OSM,0,,
-9.965754,-67.879538,60,OSM:classe,1,40,
-9.965735,-67.814583,60,OSM:classe,1,40,
-9.965724,-67.802013,40,OSM,0,,
-9.965699,-67.814466,60,OSM:classe,1,40,
-9.965686,-67.214840,60,OSM:classe,1,40,
-9.965664,-67.835108,60,OSM:classe,1,40,
-9.965650,-67.827252,30,OSM,0,,
-9.965629,-67.803326,40,OSM,0,,
-9.965617,-67.826093,30,OSM,0,,
-9.965608,-67.806249,40,OSM,0,,
-9.965598,-67.825927,30,OSM,0,,
-9.965586,-67.845707,30,OSM,0,,
-9.965582,-67.814586,60,OSM:classe,1,40,
-9.965552,-67.826057,30,OSM,0,,
-9.965548,-67.795468,30,OSM,0,,
-9.965547,-67.826331,30,OSM,0,,
-9.965537,-67.825933,30,OSM,0,,
-9.965528,-67.804374,20,OSM,0,,
-9.965521,-67.797191,30,OSM,0,,
-9.965516,-67.825766,30,OSM,0,,
-9.965500,-67.839259,40,OSM:classe,1,40,
-9.965487,-67.825731,30,OSM,0,,
-9.965481,-67.845660,40,OSM,0,,
-9.965447,-67.806521,50,OSM,0,,
-9.965446,-67.823720,30,OSM,0,,
-9.965391,-67.752827,60,OSM:classe,1,40,
-9.965385,-67.813666,60,OSM:classe,1,40,
-9.965362,-67.799053,40,OSM,0,,
-9.965326,-67.801894,40,OSM,0,,
-9.965324,-67.844714,50,OSM,0,,
-9.965317,-67.791991,30,OSM,0,,
-9.965296,-67.845812,40,OSM,0,,
-9.965246,-67.806434,40,OSM,0,,
-9.965210,-67.496329,80,OSM,0,,
-9.965196,-67.763532,60,OSM:classe,1,40,
-9.965181,-67.855340,60,OSM:classe,1,40,
-9.965155,-67.839488,40,OSM:classe,1,40,
-9.965143,-67.855737,60,OSM:classe,1,40,
-9.965097,-67.854762,60,OSM:classe,1,40,
-9.965094,-67.803232,40,OSM,0,,
-9.965060,-67.791285,40,OSM,0,,
-9.965005,-67.854801,60,OSM:classe,1,60,
-9.964996,-67.826124,30,OSM,0,,
-9.964959,-67.825798,30,OSM,0,,
-9.964926,-67.848629,40,OSM,0,,
-9.964906,-67.818347,60,OSM:classe,1,50,
-9.964868,-67.141448,60,OSM:classe,1,40,
-9.964826,-67.807076,30,OSM,0,,
-9.964808,-67.803703,20,OSM,0,,
-9.964792,-67.797781,40,OSM,0,,
-9.964790,-67.824410,30,OSM,0,,
-9.964770,-67.818352,60,OSM:classe,1,50,
-9.964767,-67.823071,30,OSM,0,,
-9.964766,-67.812234,60,OSM:classe,1,40,
-9.964747,-67.823433,30,OSM,0,,
-9.964738,-67.818439,50,OSM,0,,
-9.964713,-67.801114,40,OSM,0,,
-9.964712,-67.825286,30,OSM,0,,
-9.964688,-67.840820,60,OSM:classe,1,60,
-9.964682,-67.805108,30,OSM,0,,
-9.964603,-67.801664,30,OSM,0,,
-9.964569,-67.847943,40,OSM,0,,
-9.964526,-67.841156,60,OSM:classe,1,60,
-9.964526,-67.792631,30,OSM,0,,
-9.964514,-67.811638,60,OSM:classe,1,40,
-9.964507,-67.854926,60,OSM:classe,1,60,
-9.964497,-67.821432,50,OSM,0,,
-9.964480,-67.841430,60,OSM:classe,1,60,
-9.964450,-67.841334,60,OSM:classe,1,60,
-9.964403,-68.156319,80,OSM,0,,
-9.964379,-68.155265,80,OSM,0,,
-9.964331,-67.815158,60,OSM:classe,1,40,
-9.964270,-67.801536,30,OSM,0,,
-9.964249,-67.825244,30,OSM,0,,
-9.964209,-67.814187,50,OSM,0,,
-9.964200,-67.802630,30,OSM,0,,
-9.964116,-67.807539,30,OSM,0,,
-9.964018,-67.806955,40,OSM,0,,
-9.964014,-67.827200,50,OSM,0,,
-9.963990,-67.849524,50,OSM,0,,
-9.963963,-67.797134,30,OSM,0,,
-9.963954,-67.805129,30,OSM,0,,
-9.963914,-67.810357,60,OSM:classe,1,40,
-9.963909,-67.806398,30,OSM,0,,
-9.963863,-67.807728,30,OSM,0,,
-9.963862,-67.848663,30,OSM,0,,
-9.963859,-68.157211,80,OSM,0,,
-9.963813,-67.847040,40,OSM,0,,
-9.963781,-67.807784,30,OSM,0,,
-9.963687,-67.805202,30,OSM,0,,
-9.963644,-67.802710,40,OSM,0,,
-9.963625,-67.806558,30,OSM,0,,
-9.963618,-67.793381,30,OSM,0,,
-9.963610,-67.802403,30,OSM,0,,
-9.963594,-67.796701,30,OSM,0,,
-9.963457,-67.803449,40,OSM,0,,
-9.963449,-67.802424,40,OSM,0,,
-9.963444,-67.807283,30,OSM,0,,
-9.963407,-67.796137,30,OSM,0,,
-9.963406,-67.842706,60,OSM:classe,1,60,
-9.963359,-67.806805,30,OSM,0,,
-9.963356,-67.806053,30,OSM,0,,
-9.963344,-67.842521,60,OSM:classe,1,60,
-9.963330,-67.842885,60,OSM:classe,1,60,
-9.963293,-67.844492,40,OSM,0,,
-9.963268,-67.842458,60,OSM:classe,1,60,
-9.963218,-67.810661,30,OSM,0,,
-9.963176,-67.842427,60,OSM:classe,1,40,
-9.963123,-67.790872,30,OSM,0,,
-9.963120,-67.801389,40,OSM,0,,
-9.963094,-67.875874,60,OSM:classe,1,40,
-9.963010,-67.842180,50,OSM,0,,
-9.963002,-67.844075,60,OSM:classe,1,60,
-9.962990,-67.808358,40,OSM,0,,
-9.962983,-67.800885,40,OSM,0,,
-9.962972,-67.842904,50,OSM,0,,
-9.962947,-67.844450,50,OSM,0,,
-9.962928,-67.844098,60,OSM:classe,1,60,
-9.962917,-67.849300,50,OSM,0,,
-9.962908,-67.819573,60,OSM:classe,1,50,
-9.962891,-67.811789,40,OSM,0,,
-9.962847,-67.844397,50,OSM,0,,
-9.962748,-67.848117,30,OSM,0,,
-9.962737,-67.831697,50,OSM,0,,
-9.962737,-67.767007,60,OSM:classe,1,40,
-9.962680,-67.865788,60,OSM:classe,1,40,
-9.962676,-67.845813,40,OSM,0,,
-9.962541,-67.810952,40,OSM,0,,
-9.962468,-67.849056,30,OSM,0,,
-9.962420,-67.846311,50,OSM,0,,
-9.962379,-67.104082,80,OSM,0,,
-9.962362,-67.808846,30,OSM,0,,
-9.962355,-68.147492,80,OSM,0,,
-9.962312,-67.806543,30,OSM,0,,
-9.962173,-67.870141,60,OSM:classe,1,40,
-9.962114,-67.807615,30,OSM,0,,
-9.962067,-67.847426,60,OSM:classe,1,60,
-9.962032,-67.749822,60,OSM:classe,1,40,
-9.961989,-67.800807,60,OSM:classe,1,40,
-9.961981,-67.801160,60,OSM:classe,1,40,
-9.961956,-67.797191,30,OSM,0,,
-9.961943,-67.801559,60,OSM:classe,1,40,
-9.961935,-67.749740,60,OSM:classe,1,40,
-9.961915,-67.809576,40,OSM,0,,
-9.961879,-67.848576,50,OSM,0,,
-9.961767,-67.809251,40,OSM,0,,
-9.961721,-67.847942,40,OSM:classe,1,40,
-9.961696,-68.138497,80,OSM,0,,
-9.961657,-67.848649,40,OSM:classe,1,40,
-9.961628,-67.848298,40,OSM:classe,1,40,
-9.961552,-67.101878,80,OSM,0,,
-9.961539,-67.861393,60,OSM:classe,1,40,
-9.961346,-67.849170,50,OSM,0,,
-9.961326,-67.807825,30,OSM,0,,
-9.961291,-67.836054,50,OSM,0,,
-9.961263,-67.805672,40,OSM,0,,
-9.961256,-67.815476,60,OSM:classe,1,40,
-9.961239,-67.806655,30,OSM,0,,
-9.961208,-67.214607,60,OSM:classe,1,40,
-9.961037,-68.129503,80,OSM,0,,
-9.960964,-67.872543,60,OSM:classe,1,40,
-9.960923,-67.795676,30,OSM,0,,
-9.960914,-67.856696,60,OSM:classe,1,60,
-9.960895,-67.850097,60,OSM:classe,1,40,
-9.960887,-67.854293,50,OSM,0,,
-9.960856,-67.820589,60,OSM:classe,1,50,
-9.960839,-67.856612,60,OSM:classe,1,60,
-9.960792,-67.854735,50,OSM,0,,
-9.960761,-67.809101,40,OSM,0,,
-9.960682,-67.810047,40,OSM,0,,
-9.960643,-67.143011,60,OSM:classe,1,40,
-9.960626,-67.856043,50,OSM,0,,
-9.960620,-67.851186,50,OSM,0,,
-9.960591,-67.856943,60,OSM:classe,1,60,
-9.960566,-67.850178,60,OSM:classe,1,40,
-9.960558,-67.850999,50,OSM,0,,
-9.960553,-68.187655,80,OSM,0,,
-9.960515,-67.856698,60,OSM:classe,1,60,
-9.960492,-67.856678,50,OSM,0,,
-9.960367,-68.185933,80,OSM,0,,
-9.960311,-67.493564,80,OSM,0,,
-9.960262,-67.856636,50,OSM,0,,
-9.960250,-67.835847,30,OSM,0,,
-9.960232,-67.857130,30,OSM,0,,
-9.960154,-67.835214,30,OSM,0,,
-9.960109,-67.856761,30,OSM,0,,
-9.959545,-67.857301,60,OSM:classe,1,40,
-9.959451,-67.857220,30,OSM,0,,
-9.959207,-68.193328,80,OSM,0,,
-9.959110,-67.857521,30,OSM,0,,
-9.959074,-67.857394,30,OSM,0,,
-9.958896,-67.821625,60,OSM:classe,1,50,
-9.958881,-67.801057,60,OSM:classe,1,40,
-9.958863,-67.821691,60,OSM:classe,1,50,
-9.958863,-67.821522,60,OSM:classe,1,50,
-9.958754,-67.857676,30,OSM,0,,
-9.958728,-67.821696,60,OSM:classe,1,50,
-9.958704,-67.857550,30,OSM,0,,
-9.958680,-67.821611,60,OSM:classe,1,50,
-9.958599,-67.800703,60,OSM:classe,1,40,
-9.958310,-67.864951,30,OSM,0,,
-9.958306,-67.865898,30,OSM,0,,
-9.958304,-67.767702,60,OSM:classe,1,40,
-9.958267,-67.857883,60,OSM:classe,1,60,
-9.958212,-67.092646,80,OSM,0,,
-9.958210,-67.857786,60,OSM,0,,
-9.958040,-67.816885,60,OSM:classe,1,40,
-9.957885,-67.866490,30,OSM,0,,
-9.957829,-67.875766,60,OSM:classe,1,40,
-9.957736,-67.868239,30,OSM,0,,
-9.957663,-68.176544,80,OSM,0,,
-9.957651,-67.146391,60,OSM:classe,1,40,
-9.957455,-67.862711,30,OSM,0,,
-9.957453,-67.493414,80,OSM,0,,
-9.957304,-67.015128,80,OSM,0,,
-9.957285,-68.162870,80,OSM,0,,
-9.957233,-67.868557,30,OSM,0,,
-9.957085,-67.216311,60,OSM:classe,1,40,
-9.956938,-67.813960,60,OSM:classe,1,40,
-9.956704,-68.163868,80,OSM,0,,
-9.956537,-67.858799,60,OSM:classe,1,60,
-9.956407,-67.863870,30,OSM,0,,
-9.956379,-68.202063,80,OSM,0,,
-9.956341,-67.814017,60,OSM:classe,1,40,
-9.956290,-67.868472,30,OSM,0,,
-9.956266,-67.861686,30,OSM,0,,
-9.956196,-67.849854,60,OSM:classe,1,40,
-9.956094,-67.798375,60,OSM:classe,1,40,
-9.955485,-67.823207,60,OSM:classe,1,50,
-9.955458,-67.823144,60,OSM:classe,1,50,
-9.955243,-67.823329,50,OSM,0,,
-9.955218,-67.823250,60,OSM:classe,1,50,
-9.955187,-68.169211,80,OSM,0,,
-9.955156,-68.168407,80,OSM,0,,
-9.955090,-67.862866,30,OSM,0,,
-9.954817,-67.863155,30,OSM,0,,
-9.954708,-67.149842,60,OSM:classe,1,40,
-9.954519,-67.860316,60,OSM:classe,1,60,
-9.954440,-67.818488,60,OSM:classe,1,40,
-9.954418,-67.878742,60,OSM:classe,1,40,
-9.954357,-67.863362,30,OSM,0,,
-9.954331,-67.863647,30,OSM,0,,
-9.954272,-67.863694,30,OSM,0,,
-9.954201,-67.863228,30,OSM,0,,
-9.954175,-67.818685,60,OSM:classe,1,40,
-9.954169,-67.863225,30,OSM,0,,
-9.954107,-67.835655,60,OSM:classe,1,40,
-9.954069,-67.836362,60,OSM:classe,1,40,
-9.954068,-67.863244,30,OSM,0,,
-9.953989,-67.818510,60,OSM:classe,1,40,
-9.953985,-67.866237,30,OSM,0,,
-9.953926,-67.766799,60,OSM:classe,1,40,
-9.953910,-67.863577,30,OSM,0,,
-9.953904,-67.864126,30,OSM,0,,
-9.953889,-67.863510,30,OSM,0,,
-9.953886,-67.863453,30,OSM,0,,
-9.953856,-67.818628,60,OSM:classe,1,40,
-9.953804,-67.863131,30,OSM,0,,
-9.953801,-67.835686,60,OSM:classe,1,40,
-9.953800,-67.836350,60,OSM:classe,1,40,
-9.953710,-67.834586,60,OSM:classe,1,40,
-9.953579,-67.818842,60,OSM:classe,1,40,
-9.953542,-67.798081,60,OSM:classe,1,40,
-9.953534,-67.079960,80,OSM,0,,
-9.953521,-67.862867,30,OSM,0,,
-9.953474,-67.862818,30,OSM,0,,
-9.953217,-67.861829,60,OSM:classe,1,60,
-9.953211,-67.771765,60,OSM:classe,1,40,
-9.953200,-67.836339,60,OSM:classe,1,40,
-9.953143,-67.861778,60,OSM:classe,1,60,
-9.953130,-67.218469,60,OSM:classe,1,40,
-9.953119,-67.862468,30,OSM,0,,
-9.953054,-67.835975,60,OSM:classe,1,40,
-9.953038,-67.862307,30,OSM,0,,
-9.953033,-67.862140,60,OSM:classe,1,60,
-9.952909,-67.862443,30,OSM,0,,
-9.952785,-67.882969,60,OSM:classe,1,40,
-9.952759,-67.840588,60,OSM:classe,1,40,
-9.952736,-67.831821,60,OSM:classe,1,40,
-9.952693,-67.841236,60,OSM:classe,1,40,
-9.952669,-67.831152,60,OSM:classe,1,40,
-9.952648,-67.840522,60,OSM:classe,1,40,
-9.952642,-67.840594,60,OSM:classe,1,40,
-9.952607,-67.862277,60,OSM:classe,1,60,
-9.952602,-67.833315,60,OSM:classe,1,40,
-9.952578,-67.841212,60,OSM:classe,1,40,
-9.952534,-67.862660,60,OSM,0,,
-9.952511,-67.843111,60,OSM:classe,1,40,
-9.952477,-67.796451,60,OSM:classe,1,40,
-9.952451,-67.862608,60,OSM,0,,
-9.952412,-68.213353,80,OSM,0,,
-9.952335,-67.847759,60,OSM:classe,1,40,
-9.952097,-67.845752,60,OSM:classe,1,40,
-9.952084,-67.847793,60,OSM:classe,1,40,
-9.952070,-67.847655,60,OSM:classe,1,40,
-9.952063,-67.847830,60,OSM:classe,1,40,
-9.952029,-67.813196,60,OSM:classe,1,40,
-9.951901,-67.847599,60,OSM:classe,1,40,
-9.951840,-67.847641,60,OSM:classe,1,40,
-9.951830,-67.847820,60,OSM:classe,1,40,
-9.951819,-67.826983,40,OSM,0,,
-9.951765,-67.153294,60,OSM:classe,1,40,
-9.951762,-67.772579,60,OSM:classe,1,40,
-9.951761,-67.813266,60,OSM:classe,1,40,
-9.951755,-67.802270,60,OSM:classe,1,40,
-9.951604,-67.886230,60,OSM:classe,1,40,
-9.951591,-67.819709,60,OSM:classe,1,40,
-9.951540,-67.863703,60,OSM:classe,1,40,
-9.951391,-67.824275,50,OSM,0,,
-9.951364,-67.828926,60,OSM:classe,1,40,
-9.951359,-67.824182,60,OSM:classe,1,50,
-9.951334,-67.813607,60,OSM:classe,1,40,
-9.951318,-67.824341,40,OSM,0,,
-9.951281,-67.768421,60,OSM:classe,1,40,
-9.951274,-67.824335,50,OSM,0,,
-9.951237,-67.824199,50,OSM,0,,
-9.951170,-67.864138,60,OSM:classe,1,40,
-9.951032,-67.847680,60,OSM:classe,1,40,
-9.950486,-67.863333,30,OSM,0,,
-9.950388,-67.824473,60,OSM:classe,1,40,
-9.950323,-67.855059,60,OSM:classe,1,40,
-9.950295,-67.859615,60,OSM:classe,1,40,
-9.950263,-67.847844,60,OSM:classe,1,40,
-9.950256,-67.862886,30,OSM,0,,
-9.950244,-67.855579,60,OSM:classe,1,40,
-9.950208,-67.855422,60,OSM:classe,1,40,
-9.950202,-67.854950,60,OSM:classe,1,40,
-9.950187,-67.855180,60,OSM:classe,1,40,
-9.950028,-67.493312,80,OSM,0,,
-9.949994,-67.862436,30,OSM,0,,
-9.949842,-67.846916,30,OSM,0,,
-9.949841,-67.864294,30,OSM,0,,
-9.949792,-67.806364,60,OSM:classe,1,40,
-9.949724,-67.862004,30,OSM,0,,
-9.949681,-67.857731,60,OSM:classe,1,40,
-9.949662,-67.814415,60,OSM:classe,1,40,
-9.949459,-67.861316,60,OSM:classe,1,40,
-9.949368,-67.824595,50,OSM,0,,
-9.949177,-67.220424,60,OSM:classe,1,40,
-9.949111,-67.862945,30,OSM,0,,
-9.949084,-67.813569,60,OSM:classe,1,40,
-9.949036,-67.857162,60,OSM:classe,1,40,
-9.948915,-67.889736,60,OSM:classe,1,40,
-9.948896,-67.847562,30,OSM,0,,
-9.948856,-67.067273,80,OSM,0,,
-9.948841,-67.795094,60,OSM:classe,1,40,
-9.948682,-67.867235,60,OSM,0,,
-9.948674,-67.493076,80,OSM,0,,
-9.948664,-67.851231,60,OSM:classe,1,40,
-9.948614,-67.867218,60,OSM,0,,
-9.948610,-67.862544,30,OSM,0,,
-9.948606,-67.848366,60,OSM:classe,1,40,
-9.948528,-67.850653,60,OSM:classe,1,40,
-9.948512,-67.867638,60,OSM:classe,1,60,
-9.948511,-67.156265,60,OSM:classe,1,40,
-9.948481,-67.864247,30,OSM,0,,
-9.948445,-68.224644,80,OSM,0,,
-9.948341,-67.849910,60,OSM:classe,1,40,
-9.948286,-67.867930,60,OSM:classe,1,60,
-9.948035,-67.867728,60,OSM:classe,1,60,
-9.948015,-67.774773,60,OSM:classe,1,40,
-9.947957,-67.884636,60,OSM:classe,1,40,
-9.947946,-67.868114,60,OSM:classe,1,60,
-9.947882,-67.868056,60,OSM:classe,1,60,
-9.947878,-67.015209,80,OSM,0,,
-9.947875,-67.825004,50,OSM,0,,
-9.947856,-67.890546,60,OSM:classe,1,40,
-9.947779,-67.810330,60,OSM:classe,1,40,
-9.947764,-67.863999,30,OSM,0,,
-9.947760,-67.863885,30,OSM,0,,
-9.947550,-67.825078,50,OSM,0,,
-9.947535,-67.824988,50,OSM,0,,
-9.947518,-67.825130,60,OSM:classe,1,50,
-9.947503,-67.862893,30,OSM,0,,
-9.947449,-67.824941,40,OSM,0,,
-9.947348,-67.825002,40,OSM,0,,
-9.947343,-67.825033,60,OSM:classe,1,50,
-9.947276,-67.820639,60,OSM:classe,1,40,
-9.947243,-67.775461,60,OSM:classe,1,40,
-9.947231,-67.868973,60,OSM:classe,1,60,
-9.947197,-67.820637,60,OSM:classe,1,40,
-9.946908,-67.820659,60,OSM:classe,1,40,
-9.946888,-67.820699,40,OSM,0,,
-9.946802,-67.820560,60,OSM:classe,1,40,
-9.946760,-67.820695,40,OSM,0,,
-9.946757,-67.820593,60,OSM:classe,1,40,
-9.946742,-67.820648,50,OSM,0,,
-9.946711,-67.863643,30,OSM,0,,
-9.946561,-67.825307,50,OSM,0,,
-9.946508,-67.877225,60,OSM:classe,1,40,
-9.946165,-67.794845,60,OSM:classe,1,40,
-9.946157,-67.790319,60,OSM:classe,1,40,
-9.945954,-67.863342,30,OSM,0,,
-9.945605,-67.891916,60,OSM:classe,1,40,
-9.945578,-67.491648,80,OSM,0,,
-9.945465,-67.816278,60,OSM:classe,1,40,
-9.945413,-67.881087,60,OSM:classe,1,40,
-9.945255,-67.819937,60,OSM:classe,1,40,
-9.945238,-67.819983,50,OSM,0,,
-9.945080,-67.794613,60,OSM:classe,1,40,
-9.944991,-67.871553,60,OSM:classe,1,60,
-9.944931,-67.819809,50,OSM,0,,
-9.944918,-67.819858,50,OSM,0,,
-9.944893,-67.219733,60,OSM:classe,1,40,
-9.944872,-67.825623,50,OSM,0,,
-9.944866,-67.825575,60,OSM:classe,1,50,
-9.944668,-67.778975,60,OSM:classe,1,40,
-9.944478,-68.235935,80,OSM,0,,
-9.944415,-67.794852,60,OSM:classe,1,40,
-9.944393,-67.825726,40,OSM,0,,
-9.944387,-67.825677,60,OSM:classe,1,50,
-9.944345,-67.873369,60,OSM:classe,1,40,
-9.944334,-67.799014,60,OSM:classe,1,40,
-9.944328,-67.872460,60,OSM:classe,1,60,
-9.944314,-67.817140,40,OSM,0,,
-9.944282,-67.872411,60,OSM:classe,1,60,
-9.944264,-67.786245,60,OSM:classe,1,40,
-9.944228,-67.157654,60,OSM:classe,1,40,
-9.944177,-67.054587,80,OSM,0,,
-9.944159,-67.783162,60,OSM:classe,1,40,
-9.944111,-67.872959,60,OSM:classe,1,60,
-9.943981,-67.873208,60,OSM:classe,1,40,
-9.943732,-67.053384,80,OSM,0,,
-9.943600,-67.873011,60,OSM:classe,1,60,
-9.943411,-67.873561,60,OSM:classe,1,60,
-9.943357,-67.873508,60,OSM:classe,1,60,
-9.943124,-68.246761,80,OSM,0,,
-9.943063,-67.816855,40,OSM,0,,
-9.942670,-67.802803,60,OSM:classe,1,40,
-9.942296,-67.894950,60,OSM:classe,1,40,
-9.941886,-67.818290,50,OSM,0,,
-9.941847,-67.818366,50,OSM,0,,
-9.941829,-67.817187,40,OSM,0,,
-9.941770,-68.257588,80,OSM,0,,
-9.941759,-67.802497,60,OSM:classe,1,40,
-9.941391,-67.046969,80,OSM,0,,
-9.941366,-67.876042,60,OSM:classe,1,60,
-9.941287,-67.875961,60,OSM:classe,1,60,
-9.941160,-67.876484,60,OSM:classe,1,60,
-9.941145,-67.818535,60,OSM:classe,1,40,
-9.941024,-67.817724,40,OSM,0,,
-9.941016,-67.818804,50,OSM,0,,
-9.940944,-67.818704,50,OSM,0,,
-9.940931,-67.818702,60,OSM:classe,1,40,
-9.940910,-67.818386,60,OSM:classe,1,40,
-9.940907,-67.876840,60,OSM:classe,1,60,
-9.940893,-67.817125,60,OSM:classe,1,40,
-9.940880,-67.916469,40,OSM,0,,
-9.940853,-67.818182,60,OSM:classe,1,40,
-9.940852,-67.818850,60,OSM:classe,1,40,
-9.940850,-67.876265,60,OSM:classe,1,60,
-9.940840,-67.818762,60,OSM:classe,1,40,
-9.940812,-67.819148,40,OSM,0,,
-9.940735,-67.218056,60,OSM:classe,1,40,
-9.940657,-67.876472,60,OSM:classe,1,60,
-9.940487,-67.823945,40,OSM,0,,
-9.940441,-67.820522,40,OSM,0,,
-9.940415,-68.268414,80,OSM,0,,
-9.940401,-67.821944,40,OSM,0,,
-9.940372,-67.916021,40,OSM,0,,
-9.940007,-67.159228,60,OSM:classe,1,40,
-9.939992,-67.795410,60,OSM:classe,1,40,
-9.939977,-67.826565,60,OSM:classe,1,50,
-9.939589,-67.813217,60,OSM:classe,1,40,
-9.939583,-68.292759,80,OSM,0,,
-9.939519,-67.795421,60,OSM:classe,1,40,
-9.939427,-67.795481,60,OSM:classe,1,40,
-9.939262,-67.812959,60,OSM:classe,1,40,
-9.939178,-67.915910,40,OSM,0,,
-9.939061,-68.279241,80,OSM,0,,
-9.939012,-67.806008,60,OSM:classe,1,40,
-9.938778,-67.806395,60,OSM:classe,1,40,
-9.938745,-67.914475,60,OSM:classe,1,40,
-9.938668,-67.897440,60,OSM:classe,1,40,
-9.938606,-67.039351,80,OSM,0,,
-9.938533,-67.918743,60,OSM:classe,1,40,
-9.938453,-67.015290,80,OSM,0,,
-9.938401,-67.015332,40,OSM,0,,
-9.938390,-67.015250,40,OSM,0,,
-9.938376,-67.031984,80,OSM,0,,
-9.938266,-67.023868,80,OSM,0,,
-9.938156,-67.015751,80,OSM,0,,
-9.938150,-67.014848,80,OSM,0,,
-9.938147,-67.015304,80,OSM,0,,
-9.938063,-67.003959,80,OSM,0,,
-9.938031,-67.835705,40,OSM,0,,
-9.937977,-66.993070,80,OSM,0,,
-9.937900,-67.880039,60,OSM:classe,1,60,
-9.937891,-66.982181,80,OSM,0,,
-9.937888,-67.880223,60,OSM:classe,1,60,
-9.937870,-67.834756,40,OSM,0,,
-9.937808,-67.880150,60,OSM:classe,1,60,
-9.937652,-67.880508,60,OSM:classe,1,60,
-9.937640,-67.827121,40,OSM,0,,
-9.937637,-67.827036,60,OSM:classe,1,50,
-9.937635,-67.910086,60,OSM:classe,1,40,
-9.937598,-67.826634,40,OSM,0,,
-9.937585,-67.880415,60,OSM:classe,1,60,
-9.937455,-67.880729,60,OSM:classe,1,60,
-9.937310,-67.826955,60,OSM:classe,1,50,
-9.937297,-67.826925,60,OSM:classe,1,40,
-9.937264,-66.979388,80,OSM,0,,
-9.937095,-67.805459,60,OSM:classe,1,40,
-9.937055,-67.827186,60,OSM:classe,1,50,
-9.936999,-67.901564,60,OSM:classe,1,40,
-9.936968,-67.805701,60,OSM:classe,1,40,
-9.936912,-67.905628,60,OSM:classe,1,40,
-9.936894,-67.805830,60,OSM:classe,1,40,
-9.936780,-67.826959,60,OSM:classe,1,50,
-9.936748,-67.827170,60,OSM:classe,1,40,
-9.936592,-67.827488,40,OSM,0,,
-9.936555,-67.827449,40,OSM,0,,
-9.936412,-67.792413,60,OSM:classe,1,40,
-9.936402,-67.216941,60,OSM:classe,1,40,
-9.936320,-67.826971,40,OSM,0,,
-9.936213,-67.796473,60,OSM:classe,1,40,
-9.936173,-66.977532,80,OSM,0,,
-9.936157,-67.831734,40,OSM,0,,
-9.935786,-67.160802,60,OSM:classe,1,40,
-9.935749,-67.815591,60,OSM:classe,1,40,
-9.935585,-68.301637,80,OSM,0,,
-9.935515,-67.830693,40,OSM,0,,
-9.935498,-67.830504,40,OSM,0,,
-9.935459,-67.828429,60,OSM:classe,1,40,
-9.935422,-67.830325,40,OSM,0,,
-9.935388,-67.830548,40,OSM,0,,
-9.935312,-67.830381,40,OSM,0,,
-9.935298,-67.830453,60,OSM:classe,1,40,
-9.935235,-67.811116,60,OSM:classe,1,40,
-9.935208,-67.830060,40,OSM,0,,
-9.935185,-67.830560,60,OSM:classe,1,40,
-9.935170,-67.830097,40,OSM,0,,
-9.935014,-67.828762,40,OSM,0,,
-9.934960,-67.828723,40,OSM,0,,
-9.934845,-67.829423,40,OSM,0,,
-9.934841,-67.828882,60,OSM:classe,1,40,
-9.934799,-67.829424,40,OSM,0,,
-9.934720,-67.485422,80,OSM,0,,
-9.934699,-66.976012,80,OSM,0,,
-9.934667,-67.845974,40,OSM,0,,
-9.934596,-67.056696,80,OSM,0,,
-9.934543,-67.883778,60,OSM:classe,1,60,
-9.934543,-67.809721,60,OSM:classe,1,40,
-9.934485,-67.829113,60,OSM:classe,1,40,
-9.934397,-67.826635,40,OSM,0,,
-9.934391,-67.810902,60,OSM:classe,1,40,
-9.934369,-67.850493,40,OSM,0,,
-9.934365,-67.884030,60,OSM:classe,1,60,
-9.934351,-67.837535,60,OSM:classe,1,40,
-9.934325,-67.829198,60,OSM:classe,1,40,
-9.934246,-67.847863,40,OSM,0,,
-9.934210,-67.826497,40,OSM,0,,
-9.934207,-67.826246,60,OSM:classe,1,40,
-9.934173,-67.826602,40,OSM,0,,
-9.934121,-67.810419,60,OSM:classe,1,40,
-9.934116,-67.811111,60,OSM:classe,1,40,
-9.934105,-67.826477,60,OSM,0,,
-9.934086,-67.826589,60,OSM,0,,
-9.934045,-67.810751,60,OSM:classe,1,40,
-9.934026,-67.810896,60,OSM:classe,1,40,
-9.933944,-67.810928,60,OSM:classe,1,40,
-9.933863,-67.810733,60,OSM:classe,1,40,
-9.933834,-67.810827,60,OSM:classe,1,40,
-9.933625,-67.837763,60,OSM:classe,1,40,
-9.933473,-67.810652,60,OSM:classe,1,40,
-9.933360,-67.824870,60,OSM:classe,1,40,
-9.932991,-67.858766,40,OSM,0,,
-9.932884,-67.789705,60,OSM:classe,1,40,
-9.932466,-67.218750,60,OSM:classe,1,40,
-9.932446,-67.852995,40,OSM,0,,
-9.932349,-67.797857,60,OSM:classe,1,40,
-9.932348,-67.829708,60,OSM:classe,1,40,
-9.932288,-67.834060,60,OSM:classe,1,40,
-9.932256,-67.797964,60,OSM:classe,1,40,
-9.932126,-67.855516,40,OSM,0,,
-9.932071,-67.854194,40,OSM,0,,
-9.931908,-67.817965,60,OSM:classe,1,40,
-9.931692,-67.837505,60,OSM:classe,1,40,
-9.931588,-68.310515,80,OSM,0,,
-9.931565,-67.162376,60,OSM:classe,1,40,
-9.931119,-67.832414,60,OSM:classe,1,40,
-9.930420,-67.885503,60,OSM:classe,1,60,
-9.930364,-67.821575,60,OSM:classe,1,40,
-9.930245,-67.818226,60,OSM:classe,1,40,
-9.930214,-67.885662,60,OSM:classe,1,60,
-9.930137,-67.829418,60,OSM:classe,1,40,
-9.930099,-67.837811,60,OSM:classe,1,40,
-9.930011,-67.885573,40,OSM:classe,1,40,
-9.929915,-67.885702,40,OSM:classe,1,40,
-9.929773,-67.865582,40,OSM,0,,
-9.929674,-67.786563,60,OSM:classe,1,40,
-9.929561,-67.834959,60,OSM:classe,1,40,
-9.929516,-67.815989,60,OSM:classe,1,40,
-9.929416,-67.798867,60,OSM:classe,1,40,
-9.929412,-67.819726,60,OSM:classe,1,40,
-9.929385,-67.833873,60,OSM:classe,1,40,
-9.929339,-67.222030,60,OSM:classe,1,40,
-9.929258,-68.317433,80,OSM,0,,
-9.929240,-67.838360,60,OSM:classe,1,40,
-9.929219,-67.842099,60,OSM:classe,1,40,
-9.929168,-67.810970,60,OSM:classe,1,40,
-9.929131,-67.838023,60,OSM:classe,1,40,
-9.928958,-67.841574,60,OSM:classe,1,40,
-9.928927,-68.317925,80,OSM,0,,
-9.928534,-67.482968,80,OSM,0,,
-9.928492,-67.800441,60,OSM:classe,1,40,
-9.928440,-67.842616,60,OSM:classe,1,40,
-9.928398,-67.785156,60,OSM:classe,1,40,
-9.928203,-67.828991,60,OSM:classe,1,40,
-9.927925,-67.835298,60,OSM:classe,1,40,
-9.927924,-67.811797,60,OSM:classe,1,40,
-9.927744,-67.839153,60,OSM:classe,1,40,
-9.927449,-67.164194,60,OSM:classe,1,40,
-9.927234,-67.870793,50,OSM,0,,
-9.927069,-67.804547,60,OSM:classe,1,40,
-9.926703,-67.833278,60,OSM:classe,1,40,
-9.926519,-67.782305,60,OSM:classe,1,40,
-9.926263,-67.828691,60,OSM:classe,1,40,
-9.926212,-67.225310,60,OSM:classe,1,40,
-9.926059,-67.872641,50,OSM,0,,
-9.926034,-67.886508,60,OSM:classe,1,60,
-9.925831,-67.886684,60,OSM:classe,1,60,
-9.925616,-67.812459,60,OSM:classe,1,40,
-9.925500,-66.967729,80,OSM,0,,
-9.925460,-67.060009,80,OSM,0,,
-9.925171,-67.808335,60,OSM:classe,1,40,
-9.925015,-67.481601,80,OSM,0,,
-9.924874,-67.840407,60,OSM:classe,1,40,
-9.924671,-67.873722,50,OSM,0,,
-9.924399,-67.481164,80,OSM,0,,
-9.924065,-67.838395,60,OSM:classe,1,40,
-9.923967,-67.827631,60,OSM:classe,1,40,
-9.923630,-67.832358,60,OSM:classe,1,40,
-9.923565,-67.836372,60,OSM:classe,1,40,
-9.923161,-67.165438,60,OSM:classe,1,40,
-9.923084,-67.228590,60,OSM:classe,1,40,
-9.922736,-67.834053,60,OSM:classe,1,40,
-9.922566,-67.833983,60,OSM:classe,1,40,
-9.922359,-67.833792,60,OSM:classe,1,40,
-9.922322,-67.824422,40,OSM,0,,
-9.922281,-67.824358,60,OSM,0,,
-9.922259,-67.824541,60,OSM,0,,
-9.921999,-67.824347,40,OSM,0,,
-9.921942,-67.824493,40,OSM,0,,
-9.921933,-67.824468,40,OSM,0,,
-9.921812,-67.824645,60,OSM:classe,1,40,
-9.921740,-67.824346,40,OSM,0,,
-9.921647,-67.887514,60,OSM:classe,1,60,
-9.921448,-67.887706,60,OSM:classe,1,60,
-9.920730,-67.232341,60,OSM:classe,1,40,
-9.920289,-67.832360,60,OSM:classe,1,40,
-9.919764,-67.826139,60,OSM:classe,1,40,
-9.919751,-67.475507,80,OSM,0,,
-9.919649,-68.321717,80,OSM,0,,
-9.919371,-67.823580,40,OSM,0,,
-9.918933,-67.166991,60,OSM:classe,1,40,
-9.918843,-67.876897,50,OSM,0,,
-9.918527,-67.823019,80,OSM,0,,
-9.918431,-67.827600,60,OSM:classe,1,40,
-9.918011,-67.450885,80,OSM,0,,
-9.917753,-67.235757,60,OSM:classe,1,40,
-9.917753,-67.449652,80,OSM,0,,
-9.917644,-67.888440,40,OSM:classe,1,40,
-9.917261,-67.888519,60,OSM:classe,1,60,
-9.917066,-67.888727,60,OSM:classe,1,60,
-9.916942,-67.448691,80,OSM,0,,
-9.916454,-67.459393,80,OSM,0,,
-9.916324,-67.063321,80,OSM,0,,
-9.916300,-66.959445,80,OSM,0,,
-9.916063,-67.063156,80,OSM,0,,
-9.915572,-67.831123,60,OSM:classe,1,40,
-9.915209,-67.239468,60,OSM:classe,1,40,
-9.915102,-67.469851,80,OSM,0,,
-9.914897,-67.467901,80,OSM,0,,
-9.914704,-67.168544,60,OSM:classe,1,40,
-9.914513,-67.889304,60,OSM:classe,1,60,
-9.914314,-67.447595,80,OSM,0,,
-9.914046,-67.818896,80,OSM,0,,
-9.914004,-67.057291,80,OSM,0,,
-9.913805,-67.057068,80,OSM,0,,
-9.913435,-67.057092,80,OSM,0,,
-9.913257,-67.242604,60,OSM:classe,1,40,
-9.913033,-67.832874,60,OSM:classe,1,40,
-9.912875,-67.889524,60,OSM:classe,1,60,
-9.910629,-67.446318,80,OSM,0,,
-9.910476,-67.170098,60,OSM:classe,1,40,
-9.910371,-68.325509,80,OSM,0,,
-9.910124,-67.890295,60,OSM:classe,1,60,
-9.909946,-67.884139,50,OSM,0,,
-9.909415,-67.242458,60,OSM:classe,1,40,
-9.908734,-67.885519,50,OSM,0,,
-9.908674,-67.831755,60,OSM:classe,1,40,
-9.908489,-67.890529,60,OSM:classe,1,60,
-9.908197,-67.888018,30,OSM,0,,
-9.907101,-66.951162,80,OSM,0,,
-9.906816,-67.890802,30,OSM,0,,
-9.906595,-67.245979,60,OSM:classe,1,40,
-9.906248,-67.171651,60,OSM:classe,1,40,
-9.905966,-67.890808,50,OSM,0,,
-9.905817,-67.891138,60,OSM:classe,1,40,
-9.905739,-67.891257,60,OSM:classe,1,40,
-9.905735,-67.891287,60,OSM:classe,1,60,
-9.905705,-67.891166,60,OSM:classe,1,60,
-9.905537,-67.891351,60,OSM:classe,1,60,
-9.905521,-67.891171,60,OSM:classe,1,60,
-9.905306,-67.810756,80,OSM,0,,
-9.905229,-67.828974,60,OSM:classe,1,40,
-9.904295,-68.370107,80,OSM,0,,
-9.904206,-68.371138,80,OSM,0,,
-9.904076,-68.329346,80,OSM,0,,
-9.904044,-68.368768,80,OSM,0,,
-9.903983,-67.249079,60,OSM:classe,1,40,
-9.903906,-67.447109,80,OSM,0,,
-9.902516,-67.825334,60,OSM:classe,1,40,
-9.902274,-67.447012,80,OSM,0,,
-9.902159,-67.892165,60,OSM:classe,1,60,
-9.901968,-67.173043,60,OSM:classe,1,40,
-9.901762,-68.379528,80,OSM,0,,
-9.901209,-67.806926,50,OSM,0,,
-9.901158,-67.892276,60,OSM:classe,1,60,
-9.901071,-68.359470,80,OSM,0,,
-9.900990,-67.061573,80,OSM,0,,
-9.900984,-67.252232,60,OSM:classe,1,40,
-9.899896,-67.446516,80,OSM,0,,
-9.899319,-68.387918,80,OSM,0,,
-9.898867,-67.823406,60,OSM:classe,1,40,
-9.898379,-68.389207,80,OSM,0,,
-9.898256,-67.255847,60,OSM:classe,1,40,
-9.898098,-68.350172,80,OSM,0,,
-9.898034,-67.808652,50,OSM,0,,
-9.897901,-66.942879,80,OSM,0,,
-9.897848,-67.893426,60,OSM:classe,1,60,
-9.897813,-67.174762,60,OSM:classe,1,40,
-9.897781,-68.333182,80,OSM,0,,
-9.896943,-67.893780,60,OSM:classe,1,60,
-9.896565,-67.802616,80,OSM,0,,
-9.896354,-67.809290,50,OSM,0,,
-9.895905,-68.335646,80,OSM,0,,
-9.895290,-68.337202,80,OSM,0,,
-9.895125,-68.340874,80,OSM,0,,
-9.895120,-67.444262,60,OSM,0,,
-9.894920,-67.256713,60,OSM:classe,1,40,
-9.894913,-68.339508,80,OSM,0,,
-9.894829,-67.825408,60,OSM:classe,1,40,
-9.894758,-67.810415,50,OSM,0,,
-9.894042,-67.895849,60,OSM:classe,1,60,
-9.893588,-67.176321,60,OSM:classe,1,40,
-9.893152,-67.896235,60,OSM:classe,1,60,
-9.892581,-67.813267,50,OSM,0,,
-9.891783,-67.442704,60,OSM,0,,
-9.891185,-67.254183,60,OSM:classe,1,40,
-9.890819,-67.827474,60,OSM:classe,1,40,
-9.890665,-67.815151,50,OSM,0,,
-9.890254,-67.898309,60,OSM:classe,1,60,
-9.890107,-67.816189,50,OSM,0,,
-9.889362,-67.898691,60,OSM:classe,1,60,
-9.889355,-67.177861,60,OSM:classe,1,40,
-9.888888,-67.817048,50,OSM,0,,
-9.888701,-66.934596,80,OSM,0,,
-9.888545,-67.066055,80,OSM,0,,
-9.887983,-67.817166,50,OSM,0,,
-9.887862,-67.251476,60,OSM:classe,1,40,
-9.887824,-67.794476,80,OSM,0,,
-9.887645,-67.812416,50,OSM,0,,
-9.887526,-68.395948,80,OSM,0,,
-9.886810,-67.829541,60,OSM:classe,1,40,
-9.886466,-67.900769,60,OSM:classe,1,60,
-9.886398,-67.812890,50,OSM,0,,
-9.886392,-67.247162,60,OSM:classe,1,40,
-9.885571,-67.901146,60,OSM:classe,1,60,
-9.885122,-67.179400,60,OSM:classe,1,40,
-9.885006,-67.813063,50,OSM,0,,
-9.884866,-67.242869,60,OSM:classe,1,40,
-9.883794,-67.813924,50,OSM,0,,
-9.883290,-67.238594,60,OSM:classe,1,40,
-9.882678,-67.903228,60,OSM:classe,1,60,
-9.882432,-67.829514,60,OSM:classe,1,40,
-9.881894,-67.814713,50,OSM,0,,
-9.881780,-67.903601,60,OSM:classe,1,60,
-9.881714,-67.234319,60,OSM:classe,1,40,
-9.881669,-67.819690,50,OSM,0,,
-9.881279,-67.437747,60,OSM,0,,
-9.881235,-67.819667,50,OSM,0,,
-9.881057,-67.829657,60,OSM:classe,1,40,
-9.880923,-67.829702,60,OSM:classe,1,40,
-9.880889,-67.180940,60,OSM:classe,1,40,
-9.880171,-67.437561,80,OSM,0,,
-9.880138,-67.230045,60,OSM:classe,1,40,
-9.879502,-66.926313,80,OSM,0,,
-9.879165,-67.437743,80,OSM,0,,
-9.879084,-67.786336,80,OSM,0,,
-9.878890,-67.905688,60,OSM:classe,1,60,
-9.878562,-67.225770,60,OSM:classe,1,40,
-9.877990,-67.906056,60,OSM:classe,1,60,
-9.877012,-67.639243,60,OSM:classe,1,40,
-9.876986,-67.221495,60,OSM:classe,1,40,
-9.876674,-68.402690,80,OSM,0,,
-9.876656,-67.182480,60,OSM:classe,1,40,
-9.876615,-67.831013,60,OSM:classe,1,40,
-9.876100,-67.070537,80,OSM,0,,
-9.875989,-68.403392,80,OSM,0,,
-9.875410,-67.217220,60,OSM:classe,1,40,
-9.875102,-67.908147,60,OSM:classe,1,60,
-9.875070,-68.405415,80,OSM,0,,
-9.874897,-67.620370,60,OSM:classe,1,40,
-9.874199,-67.908511,60,OSM:classe,1,60,
-9.874118,-68.406501,80,OSM,0,,
-9.874042,-67.646194,60,OSM:classe,1,40,
-9.874038,-67.641893,60,OSM:classe,1,40,
-9.873969,-67.636956,60,OSM:classe,1,40,
-9.873834,-67.212946,60,OSM:classe,1,40,
-9.873744,-67.650691,60,OSM:classe,1,40,
-9.873362,-67.616166,60,OSM:classe,1,40,
-9.872966,-67.655186,60,OSM:classe,1,40,
-9.872835,-67.623962,60,OSM:classe,1,40,
-9.872423,-67.184019,60,OSM:classe,1,40,
-9.872397,-67.676231,60,OSM:classe,1,40,
-9.872259,-67.208671,60,OSM:classe,1,40,
-9.872239,-67.830968,60,OSM:classe,1,40,
-9.871816,-67.659589,60,OSM:classe,1,40,
-9.871314,-67.910607,60,OSM:classe,1,60,
-9.871250,-67.910421,60,OSM:classe,1,60,
-9.871158,-67.910420,60,OSM:classe,1,40,
-9.871074,-67.910566,60,OSM:classe,1,60,
-9.871071,-67.910544,60,OSM:classe,1,40,
-9.870852,-67.910395,40,OSM:classe,1,40,
-9.870831,-67.910773,100,OSM,0,,
-9.870769,-67.441517,80,OSM,0,,
-9.870683,-67.204396,60,OSM:classe,1,40,
-9.870411,-67.672136,60,OSM:classe,1,40,
-9.870343,-67.778196,80,OSM,0,,
-9.870307,-67.612851,60,OSM:classe,1,40,
-9.870302,-66.918030,80,OSM,0,,
-9.870079,-67.663796,60,OSM:classe,1,40,
-9.869906,-67.608392,60,OSM:classe,1,40,
-9.869786,-67.635577,60,OSM:classe,1,40,
-9.869145,-67.626425,60,OSM:classe,1,40,
-9.869107,-67.200122,60,OSM:classe,1,40,
-9.868672,-67.604075,60,OSM:classe,1,40,
-9.868540,-67.667991,60,OSM:classe,1,40,
-9.868515,-67.907294,60,OSM:classe,1,40,
-9.868430,-67.906848,60,OSM:classe,1,40,
-9.868190,-67.185559,60,OSM:classe,1,40,
-9.867884,-67.829834,60,OSM:classe,1,40,
-9.867531,-67.195847,60,OSM:classe,1,40,
-9.867517,-67.441679,80,OSM,0,,
-9.866419,-67.897821,60,OSM:classe,1,40,
-9.866246,-68.411874,80,OSM,0,,
-9.866060,-67.903471,60,OSM:classe,1,40,
-9.865997,-67.903010,60,OSM:classe,1,40,
-9.865963,-67.897113,60,OSM:classe,1,40,
-9.865955,-67.191572,60,OSM:classe,1,40,
-9.865758,-67.633548,60,OSM:classe,1,40,
-9.865405,-67.601793,60,OSM:classe,1,40,
-9.865317,-67.899248,60,OSM:classe,1,40,
-9.865273,-67.628745,60,OSM:classe,1,40,
-9.864379,-67.187297,60,OSM:classe,1,40,
-9.864109,-67.900429,60,OSM:classe,1,40,
-9.863655,-67.075018,80,OSM,0,,
-9.863624,-67.899640,60,OSM:classe,1,40,
-9.863528,-67.828699,60,OSM:classe,1,40,
-9.861886,-67.631347,60,OSM:classe,1,40,
-9.861602,-67.770056,80,OSM,0,,
-9.861251,-67.603481,60,OSM:classe,1,40,
-9.861132,-67.917103,100,OSM,0,,
-9.861103,-66.909746,80,OSM,0,,
-9.859173,-67.827565,60,OSM:classe,1,40,
-9.858374,-68.417248,80,OSM,0,,
-9.857669,-67.606103,60,OSM:classe,1,40,
-9.855923,-67.441597,80,OSM,0,,
-9.855516,-67.610065,60,OSM:classe,1,40,
-9.854840,-67.826351,60,OSM:classe,1,40,
-9.852975,-66.904024,80,OSM,0,,
-9.852861,-67.761916,80,OSM,0,,
-9.852080,-67.612133,60,OSM:classe,1,40,
-9.851831,-68.421896,80,OSM,0,,
-9.851434,-67.923434,100,OSM,0,,
-9.851210,-67.079500,80,OSM,0,,
-9.850501,-67.826433,60,OSM:classe,1,40,
-9.849402,-67.601670,60,OSM:classe,1,40,
-9.849337,-67.605441,60,OSM:classe,1,40,
-9.849056,-67.609813,60,OSM:classe,1,40,
-9.848711,-67.609649,60,OSM:classe,1,40,
-9.848629,-67.925341,100,OSM,0,,
-9.848618,-67.609513,60,OSM:classe,1,40,
-9.847156,-67.926899,100,OSM,0,,
-9.847022,-67.597865,60,OSM:classe,1,40,
-9.846212,-67.827805,60,OSM:classe,1,40,
-9.845288,-68.426543,80,OSM,0,,
-9.844847,-66.898302,80,OSM,0,,
-9.844380,-67.594255,60,OSM:classe,1,40,
-9.844330,-67.441515,80,OSM,0,,
-9.844121,-67.753777,80,OSM,0,,
-9.841924,-67.829178,60,OSM:classe,1,40,
-9.840486,-68.430280,80,OSM,0,,
-9.840080,-67.593233,60,OSM:classe,1,40,
-9.840011,-67.938433,100,OSM,0,,
-9.838765,-67.083982,80,OSM,0,,
-9.838354,-67.831739,60,OSM:classe,1,40,
-9.837807,-67.942006,60,OSM:classe,1,40,
-9.836719,-66.892580,80,OSM,0,,
-9.835708,-66.891569,80,OSM,0,,
-9.835701,-67.593782,60,OSM:classe,1,40,
-9.835689,-67.746028,80,OSM,0,,
-9.835424,-67.438012,80,OSM,0,,
-9.835191,-67.940426,60,OSM:classe,1,40,
-9.834862,-68.436807,80,OSM,0,,
-9.834670,-67.834130,60,OSM:classe,1,40,
-9.834433,-67.436938,80,OSM,0,,
-9.832865,-67.949967,100,OSM,0,,
-9.832728,-67.950296,40,OSM:classe,1,40,
-9.832578,-67.950357,40,OSM:classe,1,40,
-9.832318,-67.950854,60,OSM:classe,1,60,
-9.831963,-67.950916,60,OSM:classe,1,40,
-9.831710,-67.432077,80,OSM,0,,
-9.831598,-67.595360,60,OSM:classe,1,40,
-9.831326,-67.938093,60,OSM:classe,1,40,
-9.831164,-67.952740,60,OSM:classe,1,60,
-9.830981,-67.953134,40,OSM:classe,1,40,
-9.830847,-67.953120,60,OSM:classe,1,40,
-9.830815,-67.953205,40,OSM:classe,1,40,
-9.830665,-67.953523,60,OSM:classe,1,60,
-9.830554,-66.885188,80,OSM,0,,
-9.830296,-67.834836,60,OSM:classe,1,40,
-9.829965,-68.442790,80,OSM,0,,
-9.829664,-67.955156,60,OSM:classe,1,60,
-9.829514,-67.955504,40,OSM:classe,1,40,
-9.829350,-67.955562,40,OSM:classe,1,40,
-9.829280,-67.596383,60,OSM:classe,1,40,
-9.829247,-67.955822,100,OSM,0,,
-9.828363,-67.426095,80,OSM,0,,
-9.827588,-67.951013,60,OSM:classe,1,40,
-9.827257,-67.738279,80,OSM,0,,
-9.827162,-67.936587,60,OSM:classe,1,40,
-9.826320,-67.088463,80,OSM,0,,
-9.825800,-67.834876,60,OSM:classe,1,40,
-9.825491,-67.940725,60,OSM:classe,1,40,
-9.825467,-67.594550,60,OSM:classe,1,40,
-9.825401,-66.878808,40,OSM,0,,
-9.825250,-66.878621,40,OSM,0,,
-9.825090,-66.878611,80,OSM,0,,
-9.825068,-68.448773,80,OSM,0,,
-9.825016,-67.420113,80,OSM,0,,
-9.824746,-67.944832,60,OSM:classe,1,40,
-9.824509,-66.877734,40,OSM,0,,
-9.824246,-67.419190,80,OSM,0,,
-9.824189,-66.877302,40,OSM,0,,
-9.824129,-66.877165,40,OSM,0,,
-9.823992,-66.876986,40,OSM,0,,
-9.823969,-66.876956,80,OSM,0,,
-9.823932,-67.949320,60,OSM:classe,1,40,
-9.823911,-66.877006,40,OSM,0,,
-9.823794,-66.876745,40,OSM,0,,
-9.823738,-66.876794,40,OSM,0,,
-9.823652,-66.877228,80,OSM,0,,
-9.823565,-67.609440,60,OSM:classe,1,40,
-9.823545,-66.876488,40,OSM,0,,
-9.823530,-67.949049,60,OSM:classe,1,40,
-9.823485,-66.877011,80,OSM,0,,
-9.823453,-66.876970,80,OSM,0,,
-9.823295,-66.876781,80,OSM,0,,
-9.823264,-67.604985,60,OSM:classe,1,40,
-9.823133,-67.596031,60,OSM:classe,1,40,
-9.822840,-66.875594,40,OSM,0,,
-9.822592,-67.966600,100,OSM,0,,
-9.822392,-67.600508,60,OSM:classe,1,40,
-9.822372,-67.613840,60,OSM:classe,1,40,
-9.821663,-66.874178,40,OSM,0,,
-9.821356,-66.873797,80,OSM,0,,
-9.821304,-67.834811,60,OSM:classe,1,40,
-9.821179,-67.618240,60,OSM:classe,1,40,
-9.820729,-68.454501,80,OSM,0,,
-9.820678,-67.947669,60,OSM:classe,1,40,
-9.819986,-67.622640,60,OSM:classe,1,40,
-9.818825,-67.730531,80,OSM,0,,
-9.818793,-67.627040,60,OSM:classe,1,40,
-9.817793,-67.631487,60,OSM:classe,1,40,
-9.817757,-67.091655,80,OSM,0,,
-9.816808,-67.834745,60,OSM:classe,1,40,
-9.816730,-67.635913,60,OSM:classe,1,40,
-9.816650,-67.945648,60,OSM:classe,1,40,
-9.816390,-68.460228,80,OSM,0,,
-9.815936,-67.977378,100,OSM,0,,
-9.815387,-67.640266,60,OSM:classe,1,40,
-9.815350,-68.462116,80,OSM,0,,
-9.815253,-67.945094,60,OSM:classe,1,40,
-9.815019,-67.413705,80,OSM,0,,
-9.814427,-66.865190,80,OSM,0,,
-9.814213,-67.644671,60,OSM:classe,1,40,
-9.813038,-67.649076,60,OSM:classe,1,40,
-9.812945,-68.468804,80,OSM,0,,
-9.812507,-67.833474,60,OSM:classe,1,40,
-9.811864,-67.653481,60,OSM:classe,1,40,
-9.810833,-67.945007,60,OSM:classe,1,40,
-9.810690,-67.657886,60,OSM:classe,1,40,
-9.810188,-67.722781,80,OSM,0,,
-9.809439,-68.479557,80,OSM,0,,
-9.809281,-67.988155,100,OSM,0,,
-9.809194,-67.094847,80,OSM,0,,
-9.809134,-67.662090,60,OSM:classe,1,40,
-9.808340,-67.831788,60,OSM:classe,1,40,
-9.807550,-67.095737,80,OSM,0,,
-9.807498,-66.856583,80,OSM,0,,
-9.807442,-67.942313,60,OSM:classe,1,40,
-9.806257,-67.665597,60,OSM:classe,1,40,
-9.806136,-67.096003,80,OSM,0,,
-9.805866,-68.491010,80,OSM,0,,
-9.805793,-67.408220,80,OSM,0,,
-9.804677,-67.407330,80,OSM,0,,
-9.804581,-68.601321,80,OSM,0,,
-9.804315,-67.829777,60,OSM:classe,1,40,
-9.804172,-68.600438,80,OSM,0,,
-9.803967,-67.939454,60,OSM:classe,1,40,
-9.803860,-68.598463,80,OSM,0,,
-9.803380,-67.669103,60,OSM:classe,1,40,
-9.802625,-67.998933,100,OSM,0,,
-9.802293,-68.502464,80,OSM,0,,
-9.801919,-68.506006,80,OSM,0,,
-9.801550,-67.715031,80,OSM,0,,
-9.801301,-67.826391,60,OSM:classe,1,40,
-9.801217,-68.509114,80,OSM,0,,
-9.801015,-68.512487,80,OSM,0,,
-9.800842,-68.587799,80,OSM,0,,
-9.800502,-67.672610,60,OSM:classe,1,40,
-9.800172,-68.518094,80,OSM,0,,
-9.800056,-67.937334,60,OSM:classe,1,40,
-9.799209,-68.526583,80,OSM,0,,
-9.799060,-67.397570,80,OSM,0,,
-9.798830,-67.098693,80,OSM,0,,
-9.798434,-68.581432,80,OSM,0,,
-9.798247,-68.535072,80,OSM,0,,
-9.797786,-67.823900,60,OSM:classe,1,40,
-9.797625,-67.676117,60,OSM:classe,1,40,
-9.797249,-67.934293,60,OSM:classe,1,40,
-9.796654,-68.574859,80,OSM,0,,
-9.796383,-68.543358,80,OSM,0,,
-9.796180,-68.545568,80,OSM,0,,
-9.795970,-68.009711,100,OSM,0,,
-9.795706,-67.930184,60,OSM:classe,1,40,
-9.794881,-67.709218,80,OSM,0,,
-9.794748,-67.679624,60,OSM:classe,1,40,
-9.794431,-68.553873,80,OSM,0,,
-9.793442,-67.387811,80,OSM,0,,
-9.793295,-67.823667,60,OSM:classe,1,40,
-9.793221,-67.926422,60,OSM:classe,1,40,
-9.793175,-68.563870,80,OSM,0,,
-9.792385,-68.562136,80,OSM,0,,
-9.791865,-67.683126,60,OSM:classe,1,40,
-9.791524,-67.101382,80,OSM,0,,
-9.790250,-67.923062,60,OSM:classe,1,40,
-9.789314,-68.020488,100,OSM,0,,
-9.789158,-67.825031,60,OSM:classe,1,40,
-9.788902,-67.686558,60,OSM:classe,1,40,
-9.788212,-67.703405,80,OSM,0,,
-9.787825,-67.378051,80,OSM,0,,
-9.787345,-67.702872,80,OSM,0,,
-9.786829,-67.690506,60,OSM:classe,1,40,
-9.786308,-67.702635,80,OSM,0,,
-9.785988,-67.921824,60,OSM:classe,1,40,
-9.785416,-67.694838,60,OSM:classe,1,40,
-9.785197,-67.827191,60,OSM:classe,1,40,
-9.783950,-67.699150,60,OSM:classe,1,40,
-9.783008,-67.702456,60,OSM:classe,1,40,
-9.782659,-68.031266,100,OSM,0,,
-9.782207,-67.368292,80,OSM,0,,
-9.781725,-67.923014,60,OSM:classe,1,40,
-9.781002,-67.105326,80,OSM,0,,
-9.780996,-67.827079,60,OSM:classe,1,40,
-9.779821,-67.366685,80,OSM,0,,
-9.778148,-67.702282,80,OSM,0,,
-9.777414,-67.923706,60,OSM:classe,1,40,
-9.776977,-67.825033,60,OSM:classe,1,40,
-9.776003,-68.042044,100,OSM,0,,
-9.773706,-67.363201,80,OSM,0,,
-9.773574,-67.822212,60,OSM:classe,1,40,
-9.772926,-67.923435,60,OSM:classe,1,40,
-9.772633,-67.362952,80,OSM,0,,
-9.771832,-67.820016,60,OSM:classe,1,40,
-9.770480,-67.109270,80,OSM,0,,
-9.769989,-67.701928,80,OSM,0,,
-9.769348,-68.052822,100,OSM,0,,
-9.769207,-67.820934,60,OSM:classe,1,40,
-9.769197,-67.816319,60,OSM:classe,1,40,
-9.768657,-67.702470,80,OSM,0,,
-9.768439,-67.923139,60,OSM:classe,1,40,
-9.766642,-67.809139,60,OSM:classe,1,40,
-9.766637,-67.809015,60,OSM:classe,1,40,
-9.766622,-67.812602,60,OSM:classe,1,40,
-9.766013,-67.362810,80,OSM,0,,
-9.765485,-67.804631,60,OSM:classe,1,40,
-9.765166,-67.822763,60,OSM:classe,1,40,
-9.764520,-67.362116,80,OSM,0,,
-9.764246,-67.921774,60,OSM:classe,1,40,
-9.764195,-67.706391,80,OSM,0,,
-9.763610,-67.800484,60,OSM:classe,1,40,
-9.763580,-67.800415,60,OSM:classe,1,40,
-9.763443,-67.706825,80,OSM,0,,
-9.762692,-68.063599,100,OSM,0,,
-9.762592,-67.798159,60,OSM:classe,1,40,
-9.762438,-68.064014,100,OSM,0,,
-9.761967,-67.825969,60,OSM:classe,1,40,
-9.761428,-67.359552,60,OSM,0,,
-9.761290,-67.925050,60,OSM:classe,1,40,
-9.760210,-67.794319,60,OSM:classe,1,40,
-9.759958,-67.113213,80,OSM,0,,
-9.758767,-67.829175,60,OSM:classe,1,40,
-9.758403,-67.928398,60,OSM:classe,1,40,
-9.757436,-67.790728,60,OSM:classe,1,40,
-9.757297,-67.828166,60,OSM:classe,1,40,
-9.755813,-68.074808,100,OSM,0,,
-9.755468,-67.708158,80,OSM,0,,
-9.754662,-67.787137,60,OSM:classe,1,40,
-9.754428,-67.930308,60,OSM:classe,1,40,
-9.753485,-67.825853,60,OSM:classe,1,40,
-9.753426,-67.352971,60,OSM,0,,
-9.751889,-67.783546,60,OSM:classe,1,40,
-9.751567,-67.351499,80,OSM,0,,
-9.750100,-67.825032,60,OSM:classe,1,40,
-9.749996,-67.929625,60,OSM:classe,1,40,
-9.749436,-67.117157,80,OSM,0,,
-9.749259,-67.354687,60,OSM:classe,1,40,
-9.749189,-68.085602,100,OSM,0,,
-9.749115,-67.779955,60,OSM:classe,1,40,
-9.747858,-67.113510,80,OSM,0,,
-9.747494,-67.709492,80,OSM,0,,
-9.747084,-67.821648,60,OSM:classe,1,40,
-9.746388,-67.709049,80,OSM,0,,
-9.746341,-67.776364,60,OSM:classe,1,40,
-9.745854,-67.928113,60,OSM:classe,1,40,
-9.745181,-67.356569,60,OSM:classe,1,40,
-9.744259,-67.346997,80,OSM,0,,
-9.744238,-67.818132,60,OSM:classe,1,40,
-9.743791,-67.102440,80,OSM,0,,
-9.743706,-67.772669,60,OSM:classe,1,40,
-9.743210,-67.358422,60,OSM:classe,1,40,
-9.742931,-67.705828,80,OSM,0,,
-9.742667,-67.704894,80,OSM,0,,
-9.742564,-68.096397,100,OSM,0,,
-9.741957,-67.697408,80,OSM,0,,
-9.741803,-67.926475,60,OSM:classe,1,40,
-9.741529,-67.362605,60,OSM:classe,1,40,
-9.741376,-67.696293,80,OSM,0,,
-9.741364,-67.367065,60,OSM:classe,1,40,
-9.741215,-67.814763,60,OSM:classe,1,40,
-9.740886,-67.769116,60,OSM:classe,1,40,
-9.740408,-67.371464,60,OSM:classe,1,40,
-9.739725,-67.091369,80,OSM,0,,
-9.739386,-67.375550,60,OSM:classe,1,40,
-9.738276,-67.811310,60,OSM:classe,1,40,
-9.738069,-67.765560,60,OSM:classe,1,40,
-9.737827,-67.379773,60,OSM:classe,1,40,
-9.737549,-67.925027,60,OSM:classe,1,40,
-9.737245,-67.384204,60,OSM:classe,1,40,
-9.735940,-68.107191,100,OSM,0,,
-9.735659,-67.080299,80,OSM,0,,
-9.735589,-67.388245,60,OSM:classe,1,40,
-9.735520,-67.761814,60,OSM:classe,1,40,
-9.735338,-67.807856,60,OSM:classe,1,40,
-9.734417,-67.691290,80,OSM,0,,
-9.733906,-67.690930,80,OSM,0,,
-9.733574,-67.690498,40,OSM,0,,
-9.733492,-67.690773,40,OSM:classe,1,40,
-9.733376,-67.690423,40,OSM:classe,1,40,
-9.733308,-67.690716,40,OSM,0,,
-9.733267,-67.690658,60,OSM:classe,1,40,
-9.733169,-67.924355,60,OSM:classe,1,40,
-9.733147,-67.691011,60,OSM:classe,1,40,
-9.732966,-67.690278,80,OSM,0,,
-9.732793,-67.340034,80,OSM,0,,
-9.732654,-67.691711,60,OSM:classe,1,40,
-9.732564,-67.758375,60,OSM:classe,1,40,
-9.732560,-67.391617,60,OSM:classe,1,40,
-9.732400,-67.804403,60,OSM:classe,1,40,
-9.731600,-67.689304,80,OSM,0,,
-9.731593,-67.069229,80,OSM,0,,
-9.730083,-67.695454,60,OSM:classe,1,40,
-9.729716,-67.754847,60,OSM:classe,1,40,
-9.729531,-67.394989,60,OSM:classe,1,40,
-9.729461,-67.800949,60,OSM:classe,1,40,
-9.729316,-68.117986,100,OSM,0,,
-9.728854,-67.923136,60,OSM:classe,1,40,
-9.727605,-67.040173,80,OSM,0,,
-9.727526,-67.058159,80,OSM,0,,
-9.727512,-67.699197,60,OSM:classe,1,40,
-9.726970,-67.751235,60,OSM:classe,1,40,
-9.726684,-67.040721,80,OSM,0,,
-9.726523,-67.797496,60,OSM:classe,1,40,
-9.725921,-67.040895,80,OSM,0,,
-9.725689,-67.685277,80,OSM,0,,
-9.725681,-67.042148,80,OSM,0,,
-9.725403,-67.396696,60,OSM:classe,1,40,
-9.725243,-67.042678,80,OSM,0,,
-9.724941,-67.702940,60,OSM:classe,1,40,
-9.724918,-67.044079,80,OSM,0,,
-9.724434,-67.923391,60,OSM:classe,1,40,
-9.724223,-67.747623,60,OSM:classe,1,40,
-9.723573,-67.794054,60,OSM:classe,1,40,
-9.723460,-67.047089,80,OSM,0,,
-9.722691,-68.128780,100,OSM,0,,
-9.722644,-67.841791,60,OSM:classe,1,40,
-9.722370,-68.129315,100,OSM,0,,
-9.722029,-67.706369,60,OSM:classe,1,40,
-9.721328,-67.333070,80,OSM,0,,
-9.721274,-67.837876,60,OSM:classe,1,40,
-9.721076,-67.397567,60,OSM:classe,1,40,
-9.720530,-67.790728,60,OSM:classe,1,40,
-9.720488,-67.845771,60,OSM:classe,1,40,
-9.720417,-67.745890,60,OSM:classe,1,40,
-9.720046,-67.922578,60,OSM:classe,1,40,
-9.719483,-67.333048,80,OSM,0,,
-9.718614,-67.709338,60,OSM:classe,1,40,
-9.718333,-67.834425,60,OSM:classe,1,40,
-9.718201,-67.849694,60,OSM:classe,1,40,
-9.717701,-67.787184,60,OSM:classe,1,40,
-9.716823,-67.396697,60,OSM:classe,1,40,
-9.716753,-68.138416,100,OSM,0,,
-9.715964,-67.853651,60,OSM:classe,1,40,
-9.715932,-67.745566,60,OSM:classe,1,40,
-9.715785,-67.922331,60,OSM:classe,1,40,
-9.715388,-67.830978,60,OSM:classe,1,40,
-9.715200,-67.712306,60,OSM:classe,1,40,
-9.714807,-67.783693,60,OSM:classe,1,40,
-9.714377,-67.680356,80,OSM,0,,
-9.713727,-67.857608,60,OSM:classe,1,40,
-9.712742,-67.397756,60,OSM:classe,1,40,
-9.712442,-67.827531,60,OSM:classe,1,40,
-9.711791,-67.780314,60,OSM:classe,1,40,
-9.711785,-67.715274,60,OSM:classe,1,40,
-9.711491,-67.923166,60,OSM:classe,1,40,
-9.711490,-67.861566,60,OSM:classe,1,40,
-9.711447,-67.745241,60,OSM:classe,1,40,
-9.711136,-68.147518,100,OSM,0,,
-9.710353,-67.336191,80,OSM,0,,
-9.709497,-67.824084,60,OSM:classe,1,40,
-9.709328,-67.865563,60,OSM:classe,1,40,
-9.709034,-67.399937,60,OSM:classe,1,40,
-9.708872,-67.776886,60,OSM:classe,1,40,
-9.708665,-67.675529,80,OSM,0,,
-9.708371,-67.718243,60,OSM:classe,1,40,
-9.707637,-67.925098,60,OSM:classe,1,40,
-9.707182,-67.869567,60,OSM:classe,1,40,
-9.706961,-67.744917,60,OSM:classe,1,40,
-9.706552,-67.820637,60,OSM:classe,1,40,
-9.705867,-67.773493,60,OSM:classe,1,40,
-9.705519,-68.156619,100,OSM,0,,
-9.704956,-67.721211,60,OSM:classe,1,40,
-9.704947,-67.399149,60,OSM:classe,1,40,
-9.704893,-67.873494,60,OSM:classe,1,40,
-9.703606,-67.817190,60,OSM:classe,1,40,
-9.703371,-67.925575,60,OSM:classe,1,40,
-9.703092,-67.403165,60,OSM:classe,1,40,
-9.702953,-67.670702,80,OSM,0,,
-9.702935,-67.770034,60,OSM:classe,1,40,
-9.702622,-67.877432,60,OSM:classe,1,40,
-9.702514,-67.670106,80,OSM,0,,
-9.702476,-67.744593,60,OSM:classe,1,40,
-9.702097,-67.668915,80,OSM,0,,
-9.701792,-67.407519,60,OSM:classe,1,40,
-9.701542,-67.724179,60,OSM:classe,1,40,
-9.701072,-67.334615,80,OSM,0,,
-9.700661,-67.813742,60,OSM:classe,1,40,
-9.700404,-67.881400,60,OSM:classe,1,40,
-9.700368,-67.659447,80,OSM,0,,
-9.700004,-67.766574,60,OSM:classe,1,40,
-9.699951,-67.334587,80,OSM,0,,
-9.699902,-68.165721,100,OSM,0,,
-9.699655,-67.657518,80,OSM,0,,
-9.698911,-67.924989,60,OSM:classe,1,40,
-9.698891,-68.166870,100,OSM,0,,
-9.698274,-67.656417,80,OSM,0,,
-9.698186,-67.885368,60,OSM:classe,1,40,
-9.698127,-67.727148,60,OSM:classe,1,40,
-9.697991,-67.744269,60,OSM:classe,1,40,
-9.697716,-67.810295,60,OSM:classe,1,40,
-9.697582,-67.408831,60,OSM:classe,1,40,
-9.697073,-67.763115,60,OSM:classe,1,40,
-9.695967,-67.889336,60,OSM:classe,1,40,
-9.694921,-67.923169,60,OSM:classe,1,40,
-9.694770,-67.806848,60,OSM:classe,1,40,
-9.694713,-67.730116,60,OSM:classe,1,40,
-9.694142,-67.759656,60,OSM:classe,1,40,
-9.693749,-67.893304,60,OSM:classe,1,40,
-9.693506,-67.743945,60,OSM:classe,1,40,
-9.693395,-67.654043,60,OSM:classe,1,40,
-9.693141,-67.408495,60,OSM:classe,1,40,
-9.692756,-68.172394,100,OSM,0,,
-9.692310,-67.655936,60,OSM:classe,1,40,
-9.692158,-67.653432,80,OSM,0,,
-9.691897,-67.418841,60,OSM:classe,1,40,
-9.691825,-67.803401,60,OSM:classe,1,40,
-9.691749,-67.919944,60,OSM:classe,1,40,
-9.691531,-67.897272,60,OSM:classe,1,40,
-9.691466,-67.335892,80,OSM,0,,
-9.691298,-67.733084,60,OSM:classe,1,40,
-9.691214,-67.414350,60,OSM:classe,1,40,
-9.691211,-67.756196,60,OSM:classe,1,40,
-9.690872,-67.423103,60,OSM:classe,1,40,
-9.690317,-67.409880,60,OSM:classe,1,40,
-9.690049,-67.659879,60,OSM:classe,1,40,
-9.689350,-67.901259,60,OSM:classe,1,40,
-9.689020,-67.743621,60,OSM:classe,1,40,
-9.688915,-67.427210,60,OSM:classe,1,40,
-9.688894,-67.799942,60,OSM:classe,1,40,
-9.688697,-67.916640,60,OSM:classe,1,40,
-9.688280,-67.752737,60,OSM:classe,1,40,
-9.688025,-67.663919,60,OSM:classe,1,40,
-9.687884,-67.736053,60,OSM:classe,1,40,
-9.687202,-67.905259,60,OSM:classe,1,40,
-9.686387,-67.430862,60,OSM:classe,1,40,
-9.686042,-67.650448,80,OSM,0,,
-9.685983,-67.796465,60,OSM:classe,1,40,
-9.685836,-67.909383,60,OSM:classe,1,40,
-9.685745,-67.913655,60,OSM:classe,1,40,
-9.685695,-67.667769,60,OSM:classe,1,40,
-9.685348,-67.749278,60,OSM:classe,1,40,
-9.684943,-67.672164,60,OSM:classe,1,40,
-9.684634,-67.649495,80,OSM,0,,
-9.684535,-67.743296,60,OSM:classe,1,40,
-9.684469,-67.739021,60,OSM:classe,1,40,
-9.684293,-67.676677,60,OSM:classe,1,40,
-9.683962,-67.681205,60,OSM:classe,1,40,
-9.683648,-67.685755,60,OSM:classe,1,40,
-9.683334,-67.690306,60,OSM:classe,1,40,
-9.683259,-67.647910,80,OSM,0,,
-9.683193,-67.434051,60,OSM:classe,1,40,
-9.683150,-68.181064,100,OSM,0,,
-9.683072,-67.792988,60,OSM:classe,1,40,
-9.683020,-67.694856,60,OSM:classe,1,40,
-9.682981,-67.337197,80,OSM,0,,
-9.682966,-67.746521,60,OSM:classe,1,40,
-9.682706,-67.699406,60,OSM:classe,1,40,
-9.682145,-67.703924,60,OSM:classe,1,40,
-9.682071,-67.708485,60,OSM:classe,1,40,
-9.681816,-67.713038,60,OSM:classe,1,40,
-9.681651,-67.336708,80,OSM,0,,
-9.681525,-67.717590,60,OSM:classe,1,40,
-9.681233,-67.722142,60,OSM:classe,1,40,
-9.681055,-67.741989,60,OSM:classe,1,40,
-9.680942,-67.726694,60,OSM:classe,1,40,
-9.680651,-67.731246,60,OSM:classe,1,40,
-9.680359,-67.735798,60,OSM:classe,1,40,
-9.680203,-67.738247,60,OSM:classe,1,40,
-9.680162,-67.789511,60,OSM:classe,1,40,
-9.680050,-67.742972,60,OSM:classe,1,40,
-9.680030,-67.742881,60,OSM:classe,1,40,
-9.680003,-67.743090,60,OSM:classe,1,40,
-9.679999,-67.436957,60,OSM:classe,1,40,
-9.679948,-67.742807,60,OSM:classe,1,40,
-9.679913,-67.742799,60,OSM:classe,1,40,
-9.679847,-67.743134,60,OSM:classe,1,40,
-9.679718,-67.743000,60,OSM:classe,1,40,
-9.679644,-67.746103,60,OSM:classe,1,40,
-9.679333,-67.750653,60,OSM:classe,1,40,
-9.678994,-67.755135,60,OSM:classe,1,40,
-9.678650,-67.759683,60,OSM:classe,1,40,
-9.678306,-67.764231,60,OSM:classe,1,40,
-9.678270,-67.638720,80,OSM,0,,
-9.677961,-67.768780,60,OSM:classe,1,40,
-9.677656,-67.443951,60,OSM:classe,1,40,
-9.677500,-67.637822,80,OSM,0,,
-9.677270,-67.448496,60,OSM:classe,1,40,
-9.677251,-67.786034,60,OSM:classe,1,40,
-9.677001,-67.781563,60,OSM:classe,1,40,
-9.676957,-67.777049,60,OSM:classe,1,40,
-9.676842,-67.439831,60,OSM:classe,1,40,
-9.676681,-67.453014,60,OSM:classe,1,40,
-9.676374,-67.637225,80,OSM,0,,
-9.676185,-67.457544,60,OSM:classe,1,40,
-9.676005,-67.772736,60,OSM:classe,1,40,
-9.675753,-67.462080,60,OSM:classe,1,40,
-9.675235,-67.742645,60,OSM:classe,1,40,
-9.673544,-68.189733,100,OSM,0,,
-9.673537,-67.466032,60,OSM:classe,1,40,
-9.672789,-67.331456,80,OSM,0,,
-9.671197,-67.469927,60,OSM:classe,1,40,
-9.670752,-67.742290,60,OSM:classe,1,40,
-9.669098,-67.636355,80,OSM,0,,
-9.668858,-67.473823,60,OSM:classe,1,40,
-9.666518,-67.477718,60,OSM:classe,1,40,
-9.666301,-67.741776,60,OSM:classe,1,40,
-9.663937,-68.198403,100,OSM,0,,
-9.663927,-67.326205,80,OSM,0,,
-9.663496,-67.481009,60,OSM:classe,1,40,
-9.662405,-67.325794,80,OSM,0,,
-9.661884,-67.741617,60,OSM:classe,1,40,
-9.661822,-67.635484,80,OSM,0,,
-9.660883,-67.484722,60,OSM:classe,1,40,
-9.660315,-67.634955,80,OSM,0,,
-9.659404,-67.634244,80,OSM,0,,
-9.658560,-67.633088,80,OSM,0,,
-9.657701,-67.487863,60,OSM:classe,1,40,
-9.657400,-67.741276,60,OSM:classe,1,40,
-9.656357,-67.628474,80,OSM,0,,
-9.655399,-67.627101,80,OSM,0,,
-9.654331,-68.207073,100,OSM,0,,
-9.653686,-67.326453,80,OSM,0,,
-9.653644,-67.489789,60,OSM:classe,1,40,
-9.652916,-67.740936,60,OSM:classe,1,40,
-9.650040,-67.492271,60,OSM:classe,1,40,
-9.649241,-67.742190,60,OSM:classe,1,40,
-9.648248,-67.496454,60,OSM:classe,1,40,
-9.646733,-67.621138,80,OSM,0,,
-9.646610,-67.500701,60,OSM:classe,1,40,
-9.645791,-67.620281,80,OSM,0,,
-9.645469,-67.740407,60,OSM:classe,1,40,
-9.645365,-67.619288,80,OSM,0,,
-9.644967,-67.327112,80,OSM,0,,
-9.644725,-68.215742,100,OSM,0,,
-9.644568,-67.504580,60,OSM:classe,1,40,
-9.643580,-67.610446,80,OSM,0,,
-9.643225,-67.609510,80,OSM,0,,
-9.642562,-67.608638,80,OSM,0,,
-9.641832,-67.327551,80,OSM,0,,
-9.641182,-67.740890,60,OSM:classe,1,40,
-9.640720,-67.506941,60,OSM:classe,1,40,
-9.637027,-67.739745,60,OSM:classe,1,40,
-9.636582,-67.508390,60,OSM:classe,1,40,
-9.636088,-67.603374,80,OSM,0,,
-9.635119,-68.224412,100,OSM,0,,
-9.634640,-67.602954,80,OSM,0,,
-9.633436,-67.603266,80,OSM,0,,
-9.633426,-67.333359,80,OSM,0,,
-9.632543,-67.739410,60,OSM:classe,1,40,
-9.632089,-67.508226,60,OSM:classe,1,40,
-9.628065,-67.509912,60,OSM:classe,1,40,
-9.628058,-67.739076,60,OSM:classe,1,40,
-9.625513,-68.233082,100,OSM,0,,
-9.625020,-67.339166,80,OSM,0,,
-9.624902,-67.608092,80,OSM,0,,
-9.624357,-67.512491,60,OSM:classe,1,40,
-9.624239,-67.339537,80,OSM,0,,
-9.623574,-67.738742,60,OSM:classe,1,40,
-9.622975,-67.339654,80,OSM,0,,
-9.620045,-67.512415,60,OSM:classe,1,40,
-9.619998,-67.607835,80,OSM,0,,
-9.619089,-67.738407,60,OSM:classe,1,40,
-9.617198,-67.512259,60,OSM:classe,1,40,
-9.615907,-68.241751,100,OSM,0,,
-9.614605,-67.738073,60,OSM:classe,1,40,
-9.614423,-67.336506,80,OSM,0,,
-9.613228,-67.512263,60,OSM:classe,1,40,
-9.612542,-67.602270,80,OSM,0,,
-9.610120,-67.737739,60,OSM:classe,1,40,
-9.608784,-67.512085,60,OSM:classe,1,40,
-9.606300,-68.250421,100,OSM,0,,
-9.605870,-67.333357,80,OSM,0,,
-9.605636,-67.737404,60,OSM:classe,1,40,
-9.605086,-67.596704,80,OSM,0,,
-9.604295,-67.511886,60,OSM:classe,1,40,
-9.601151,-67.737070,60,OSM:classe,1,40,
-9.600994,-67.514467,60,OSM:classe,1,40,
-9.598072,-67.328717,80,OSM,0,,
-9.597631,-67.591138,80,OSM,0,,
-9.596694,-68.259091,100,OSM,0,,
-9.596667,-67.736736,60,OSM:classe,1,40,
-9.596533,-67.514566,60,OSM:classe,1,40,
-9.595395,-67.517462,60,OSM:classe,1,40,
-9.593730,-67.521699,60,OSM:classe,1,40,
-9.593557,-67.571427,80,OSM,0,,
-9.593407,-67.570436,80,OSM,0,,
-9.593365,-67.545122,60,OSM,0,,
-9.593047,-67.547348,80,OSM,0,,
-9.592485,-67.583902,80,OSM,0,,
-9.592182,-67.736401,60,OSM:classe,1,40,
-9.592167,-67.580960,80,OSM,0,,
-9.592072,-67.582805,80,OSM,0,,
-9.592065,-67.525935,60,OSM:classe,1,40,
-9.591979,-67.540469,60,OSM,0,,
-9.591359,-67.539327,60,OSM,0,,
-9.590354,-67.532582,60,OSM,0,,
-9.589615,-67.533415,60,OSM,0,,
-9.589536,-67.534330,60,OSM,0,,
-9.589238,-67.531319,60,OSM:classe,1,40,
-9.589135,-67.529169,60,OSM:classe,1,40,
-9.587698,-67.736067,60,OSM:classe,1,40,
-9.587158,-67.558366,80,OSM,0,,
-9.587088,-68.267760,100,OSM,0,,
-9.587017,-67.561301,80,OSM,0,,
-9.586555,-67.560070,80,OSM,0,,
-9.583213,-67.735733,60,OSM:classe,1,40,
-9.578729,-67.735398,60,OSM:classe,1,40,
-9.577482,-68.276430,100,OSM,0,,
-9.574247,-67.735026,60,OSM:classe,1,40,
-9.569913,-67.734699,60,OSM:classe,1,40,
-9.567876,-68.285100,100,OSM,0,,
-9.565430,-67.734345,60,OSM:classe,1,40,
-9.560947,-67.733992,60,OSM:classe,1,40,
-9.558270,-68.293769,100,OSM,0,,
-9.556464,-67.733638,60,OSM:classe,1,40,
-9.552221,-67.734781,60,OSM:classe,1,40,
-9.548663,-68.302439,100,OSM,0,,
-9.548221,-67.736866,60,OSM:classe,1,40,
-9.544722,-67.739223,60,OSM:classe,1,40,
-9.543584,-67.744086,60,OSM:classe,1,40,
-9.543581,-67.742757,60,OSM:classe,1,40,
-9.543563,-67.742178,60,OSM:classe,1,40,
-9.539783,-67.745077,60,OSM:classe,1,40,
-9.539057,-68.311109,100,OSM,0,,
-9.535580,-67.743546,60,OSM:classe,1,40,
-9.531712,-67.741220,60,OSM:classe,1,40,
-9.529112,-68.320076,100,OSM,0,,
-9.528106,-67.741832,60,OSM:classe,1,40,
-9.525878,-67.745560,60,OSM:classe,1,40,
-9.524799,-67.749869,60,OSM:classe,1,40,
-9.524141,-67.762091,60,OSM:classe,1,40,
-9.524021,-67.766648,60,OSM:classe,1,40,
-9.523901,-67.771206,60,OSM:classe,1,40,
-9.523432,-67.775713,60,OSM:classe,1,40,
-9.523360,-67.757620,60,OSM:classe,1,40,
-9.522633,-67.753125,60,OSM:classe,1,40,
-9.522127,-67.776323,60,OSM:classe,1,40,
-9.519166,-68.329044,100,OSM,0,,
-9.518042,-67.778230,60,OSM:classe,1,40,
-9.513958,-67.780138,60,OSM:classe,1,40,
-9.509832,-67.781932,60,OSM:classe,1,40,
-9.509220,-68.338011,100,OSM,0,,
-9.505508,-67.783181,60,OSM:classe,1,40,
-9.501145,-67.784282,60,OSM:classe,1,40,
-9.499274,-68.346979,100,OSM,0,,
-9.496733,-67.785151,60,OSM:classe,1,40,
-9.492298,-67.785901,60,OSM:classe,1,40,
-9.489329,-68.355947,100,OSM,0,,
-9.489066,-68.356184,100,OSM:classe,1,80,
-9.488217,-68.356949,100,OSM,0,,
-9.487846,-67.786541,60,OSM:classe,1,40,
-9.483373,-67.787004,60,OSM:classe,1,40,
-9.479481,-68.364831,100,OSM,0,,
-9.478909,-67.787523,60,OSM:classe,1,40,
-9.474496,-67.788371,60,OSM:classe,1,40,
-9.470745,-68.372713,100,OSM,0,,
-9.470207,-67.789741,60,OSM:classe,1,40,
-9.465896,-67.791020,60,OSM:classe,1,40,
-9.462010,-68.380595,100,OSM,0,,
-9.461502,-67.791971,60,OSM:classe,1,40,
-9.457265,-67.793437,60,OSM:classe,1,40,
-9.453611,-67.796042,60,OSM:classe,1,40,
-9.453274,-68.388477,100,OSM,0,,
-9.451828,-67.800218,60,OSM:classe,1,40,
-9.451526,-67.804756,60,OSM:classe,1,40,
-9.451047,-67.809253,60,OSM:classe,1,40,
-9.449836,-67.813636,60,OSM:classe,1,40,
-9.448081,-67.817786,60,OSM:classe,1,40,
-9.445181,-67.821229,60,OSM:classe,1,40,
-9.444538,-68.396359,100,OSM,0,,
-9.441387,-67.823652,60,OSM:classe,1,40,
-9.437208,-67.825307,60,OSM:classe,1,40,
-9.435802,-68.404241,100,OSM,0,,
-9.435557,-68.404462,100,OSM,0,,
-9.432972,-67.826835,60,OSM:classe,1,40,
-9.428977,-67.828809,60,OSM:classe,1,40,
-9.425957,-68.413226,100,OSM,0,,
-9.424963,-67.830864,60,OSM:classe,1,40,
-9.420516,-67.831231,60,OSM:classe,1,40,
-9.416357,-68.421990,100,OSM,0,,
-9.406756,-68.430754,100,OSM,0,,
-9.397156,-68.439518,100,OSM,0,,
-9.387555,-68.448282,100,OSM,0,,
-9.385579,-68.449325,100,OSM,0,,
-9.374187,-68.454215,100,OSM,0,,
-9.362795,-68.459104,100,OSM,0,,
-9.351403,-68.463994,100,OSM,0,,
-9.340010,-68.468883,100,OSM,0,,
-9.328618,-68.473773,100,OSM,0,,
-9.317226,-68.478663,100,OSM,0,,
-9.305834,-68.483552,100,OSM,0,,
-9.294442,-68.488442,100,OSM,0,,
-9.283050,-68.493331,100,OSM,0,,
-9.271658,-68.498221,100,OSM,0,,
-9.260266,-68.503111,100,OSM,0,,
-9.254703,-68.505530,60,OSM:classe,1,40,
-9.253698,-68.501180,60,OSM:classe,1,40,
-9.252753,-68.496735,60,OSM:classe,1,40,
-9.251868,-68.492270,60,OSM:classe,1,40,
-9.251307,-68.487761,60,OSM:classe,1,40,
-9.251102,-68.486878,60,OSM:classe,1,40,
-9.251070,-68.487114,60,OSM:classe,1,40,
-9.249884,-68.482669,60,OSM:classe,1,40,
-9.248874,-68.508000,100,OSM,0,,
-9.248553,-68.478476,60,OSM:classe,1,40,
-9.248300,-68.449144,60,OSM:classe,1,40,
-9.247980,-68.508613,100,OSM,0,,
-9.247646,-68.461757,60,OSM:classe,1,40,
-9.246938,-68.453065,60,OSM:classe,1,40,
-9.246801,-68.457356,60,OSM:classe,1,40,
-9.246792,-68.474395,60,OSM:classe,1,40,
-9.246753,-68.469938,60,OSM:classe,1,40,
-9.246212,-68.465655,60,OSM:classe,1,40,
-9.245087,-68.446097,60,OSM:classe,1,40,
-9.241347,-68.444041,60,OSM:classe,1,40,
-9.238337,-68.441188,60,OSM:classe,1,40,
-9.238307,-68.516005,100,OSM,0,,
-9.236488,-68.437219,60,OSM:classe,1,40,
-9.233291,-68.434342,60,OSM:classe,1,40,
-9.230072,-68.431563,60,OSM:classe,1,40,
-9.228635,-68.523397,100,OSM,0,,
-9.226863,-68.430771,60,OSM:classe,1,40,
-9.223049,-68.429182,60,OSM:classe,1,40,
-9.220684,-68.425990,60,OSM:classe,1,40,
-9.220669,-68.421633,60,OSM:classe,1,40,
-9.219209,-68.417555,60,OSM:classe,1,40,
-9.218962,-68.530788,100,OSM,0,,
-9.218530,-68.413476,60,OSM:classe,1,40,
-9.216046,-68.409931,60,OSM:classe,1,40,
-9.212522,-68.407396,60,OSM:classe,1,40,
-9.209289,-68.538180,100,OSM,0,,
-9.199616,-68.545572,100,OSM,0,,
-9.189943,-68.552963,100,OSM,0,,
-9.180270,-68.560355,100,OSM,0,,
-9.170284,-68.567803,100,OSM,0,,
-9.160297,-68.575252,100,OSM,0,,
-9.150311,-68.582701,100,OSM,0,,
-9.140060,-68.590233,100,OSM,0,,
-9.129808,-68.597766,100,OSM,0,,
-9.119557,-68.605299,100,OSM,0,,
-9.109306,-68.612832,100,OSM,0,,
-9.099054,-68.620365,100,OSM,0,,
-9.088803,-68.627898,100,OSM,0,,
-9.088193,-68.628489,60,OSM:classe,1,40,
-9.087357,-68.629662,100,OSM,0,,
-9.086683,-68.631467,100,OSM,0,,
-9.084851,-68.641286,100,OSM,0,,
-9.084027,-68.630105,60,OSM:classe,1,40,
-9.083020,-68.651104,100,OSM,0,,
-9.081188,-68.660923,100,OSM,0,,
-9.080924,-68.662395,60,OSM:classe,1,60,
-9.080774,-68.664211,60,OSM:classe,1,60,
-9.080722,-68.663471,60,OSM:classe,1,60,
-9.080421,-68.664142,60,OSM:classe,1,60,
-9.080413,-68.665156,60,OSM:classe,1,60,
-9.080393,-68.664166,60,OSM:classe,1,40,
-9.080373,-68.664504,60,OSM:classe,1,60,
-9.080026,-68.664154,60,OSM:classe,1,40,
-9.079952,-68.631792,60,OSM:classe,1,40,
-9.079617,-68.669638,60,OSM:classe,1,60,
-9.079367,-68.671992,60,OSM:classe,1,60,
-9.079318,-68.671329,60,OSM:classe,1,60,
-9.079000,-68.672848,60,OSM:classe,1,60,
-9.078989,-68.671905,60,OSM:classe,1,40,
-9.078929,-68.672228,60,OSM:classe,1,60,
-9.078540,-68.671869,60,OSM:classe,1,40,
-9.078524,-68.675423,60,OSM:classe,1,60,
-9.078298,-68.664708,20,OSM,0,,
-9.078020,-68.662681,20,OSM,0,,
-9.077891,-68.671394,60,OSM:classe,1,40,
-9.077824,-68.663447,60,OSM:classe,1,40,
-9.077712,-68.662172,20,OSM,0,,
-9.077697,-68.679899,60,OSM:classe,1,60,
-9.077654,-68.662591,20,OSM,0,,
-9.077532,-68.663309,20,OSM,0,,
-9.076870,-68.684375,60,OSM:classe,1,60,
-9.076654,-68.664664,20,OSM,0,,
-9.076116,-68.634118,60,OSM:classe,1,40,
-9.076043,-68.688851,60,OSM:classe,1,60,
-9.075341,-68.693347,60,OSM:classe,1,60,
-9.074779,-68.697865,60,OSM:classe,1,60,
-9.074404,-68.668572,60,OSM:classe,1,40,
-9.074217,-68.702382,60,OSM:classe,1,60,
-9.073656,-68.706900,60,OSM:classe,1,60,
-9.073426,-68.662588,60,OSM:classe,1,40,
-9.073144,-68.637184,60,OSM:classe,1,40,
-9.073094,-68.711418,60,OSM:classe,1,60,
-9.072532,-68.715936,60,OSM:classe,1,60,
-9.071970,-68.720454,60,OSM:classe,1,60,
-9.071708,-68.641496,60,OSM:classe,1,40,
-9.071408,-68.724972,60,OSM:classe,1,60,
-9.070892,-68.665904,60,OSM:classe,1,40,
-9.070830,-68.729486,60,OSM:classe,1,60,
-9.069360,-68.645379,60,OSM:classe,1,40,
-9.068963,-68.662030,60,OSM:classe,1,40,
-9.068930,-68.733604,60,OSM:classe,1,60,
-9.067203,-68.653682,60,OSM:classe,1,40,
-9.067012,-68.649263,60,OSM:classe,1,40,
-9.066986,-68.653167,60,OSM:classe,1,40,
-9.066889,-68.737662,60,OSM:classe,1,60,
-9.066352,-68.651743,60,OSM:classe,1,40,
-9.066163,-68.650666,60,OSM:classe,1,40,
-9.064849,-68.741719,60,OSM:classe,1,60,
-9.062233,-68.745382,60,OSM:classe,1,60,
-9.060444,-68.746789,100,OSM:classe,1,80,
-9.059268,-68.749369,100,OSM:classe,1,80,
-9.057610,-68.753518,100,OSM:classe,1,80,
-9.055200,-68.757362,100,OSM:classe,1,80,
-9.052789,-68.761206,100,OSM:classe,1,80,
-9.050379,-68.765049,100,OSM:classe,1,80,
-9.047968,-68.768893,100,OSM:classe,1,80,
-9.045557,-68.772736,100,OSM:classe,1,80,
-9.043147,-68.776580,100,OSM:classe,1,80,
-9.040736,-68.780424,100,OSM:classe,1,80,
-9.038326,-68.784267,100,OSM:classe,1,80,
-9.035915,-68.788111,100,OSM:classe,1,80,
-9.033505,-68.791955,100,OSM:classe,1,80,
-9.031094,-68.795798,100,OSM:classe,1,80,
-9.028684,-68.799642,100,OSM:classe,1,80,
-9.026273,-68.803485,100,OSM:classe,1,80,
-9.023863,-68.807329,100,OSM:classe,1,80,
-9.021452,-68.811173,100,OSM:classe,1,80,
-9.019049,-68.815021,100,OSM:classe,1,80,
-9.016714,-68.818912,100,OSM:classe,1,80,
-9.014380,-68.822803,100,OSM:classe,1,80,
-9.012277,-68.826816,100,OSM:classe,1,80,
-9.012229,-68.827055,100,OSM:classe,1,80,
-9.011342,-68.831518,100,OSM:classe,1,80,
-9.010454,-68.835981,100,OSM:classe,1,80,
-9.009566,-68.840444,100,OSM:classe,1,80,
-9.008679,-68.844907,100,OSM:classe,1,80,
-9.007791,-68.849370,100,OSM:classe,1,80,
-9.006903,-68.853833,100,OSM:classe,1,80,
-9.006016,-68.858296,100,OSM:classe,1,80,
-9.005128,-68.862759,100,OSM:classe,1,80,
-9.004240,-68.867222,100,OSM:classe,1,80,
-9.003353,-68.871685,100,OSM:classe,1,80,
-9.002465,-68.876148,100,OSM:classe,1,80,
-9.001577,-68.880612,100,OSM:classe,1,80,
-9.000690,-68.885075,100,OSM:classe,1,80,
-8.999802,-68.889538,100,OSM:classe,1,80,
-8.998914,-68.894001,100,OSM:classe,1,80,
-8.998027,-68.898464,100,OSM:classe,1,80,
-8.997139,-68.902927,100,OSM:classe,1,80,
-8.996251,-68.907390,100,OSM:classe,1,80,
-8.995364,-68.911853,100,OSM:classe,1,80,
-8.994476,-68.916316,100,OSM:classe,1,80,
-8.993588,-68.920779,100,OSM:classe,1,80,
-8.992701,-68.925242,100,OSM:classe,1,80,
-8.991813,-68.929705,100,OSM:classe,1,80,
-8.990925,-68.934168,100,OSM:classe,1,80,
-8.990038,-68.938631,100,OSM:classe,1,80,
-8.989150,-68.943094,100,OSM:classe,1,80,
-8.988262,-68.947558,100,OSM:classe,1,80,
-8.987375,-68.952021,100,OSM:classe,1,80,
-8.986725,-68.955265,100,OSM:classe,1,80,
-8.985832,-68.959727,100,OSM:classe,1,80,
-8.984939,-68.964189,100,OSM:classe,1,80,
-8.984047,-68.968650,100,OSM:classe,1,80,
-8.983154,-68.973112,100,OSM:classe,1,80,
-8.982261,-68.977574,100,OSM:classe,1,80,
-8.981368,-68.982035,100,OSM:classe,1,80,
-8.980475,-68.986497,100,OSM:classe,1,80,
-8.979582,-68.990959,100,OSM:classe,1,80,
-8.978689,-68.995421,100,OSM:classe,1,80,
-8.977796,-68.999882,100,OSM:classe,1,80,
-8.976903,-69.004344,100,OSM:classe,1,80,
-8.976010,-69.008806,100,OSM:classe,1,80,
-8.975117,-69.013267,100,OSM:classe,1,80,
-8.974224,-69.017729,100,OSM:classe,1,80,
-8.973331,-69.022191,100,OSM:classe,1,80,
-8.972438,-69.026652,100,OSM:classe,1,80,
-8.971545,-69.031114,100,OSM:classe,1,80,
-8.970653,-69.035576,100,OSM:classe,1,80,
-8.969760,-69.040038,100,OSM:classe,1,80,
-8.968867,-69.044499,100,OSM:classe,1,80,
-8.967974,-69.048961,100,OSM:classe,1,80,
-8.967081,-69.053423,100,OSM:classe,1,80,
-8.966188,-69.057884,100,OSM:classe,1,80,
-8.965295,-69.062346,100,OSM:classe,1,80,
-8.965208,-69.062774,100,OSM:classe,1,80,
-8.964305,-69.067233,100,OSM:classe,1,80,
-8.963401,-69.071693,100,OSM:classe,1,80,
-8.962498,-69.076152,100,OSM:classe,1,80,
-8.961594,-69.080611,100,OSM:classe,1,80,
-8.960691,-69.085071,100,OSM:classe,1,80,
-8.959787,-69.089530,100,OSM:classe,1,80,
-8.958884,-69.093989,100,OSM:classe,1,80,
-8.957980,-69.098448,100,OSM:classe,1,80,
-8.957076,-69.102908,100,OSM:classe,1,80,
-8.956173,-69.107367,100,OSM:classe,1,80,
-8.955269,-69.111826,100,OSM:classe,1,80,
-8.954366,-69.116285,100,OSM:classe,1,80,
-8.953462,-69.120745,100,OSM:classe,1,80,
-8.952559,-69.125204,100,OSM:classe,1,80,
-8.951655,-69.129663,100,OSM:classe,1,80,
-8.950752,-69.134123,100,OSM:classe,1,80,
-8.949848,-69.138582,100,OSM:classe,1,80,
-8.948945,-69.143041,100,OSM:classe,1,80,
-8.948845,-72.785738,60,OSM:classe,1,40,
-8.948026,-69.147497,100,OSM:classe,1,80,
-8.948000,-72.789043,60,OSM:classe,1,40,
-8.947851,-72.792720,60,OSM:classe,1,40,
-8.947752,-72.789619,60,OSM:classe,1,40,
-8.947095,-69.151950,100,OSM:classe,1,80,
-8.946810,-72.794337,60,OSM:classe,1,40,
-8.946164,-69.156404,100,OSM:classe,1,80,
-8.945492,-72.792777,60,OSM:classe,1,40,
-8.945382,-72.796098,60,OSM:classe,1,40,
-8.945232,-69.160857,100,OSM:classe,1,80,
-8.944301,-69.165310,100,OSM:classe,1,80,
-8.943369,-69.169763,100,OSM:classe,1,80,
-8.942438,-69.174217,100,OSM:classe,1,80,
-8.941507,-69.178670,100,OSM:classe,1,80,
-8.940575,-69.183123,100,OSM:classe,1,80,
-8.939644,-69.187576,100,OSM:classe,1,80,
-8.938712,-69.192029,100,OSM:classe,1,80,
-8.937254,-69.196269,100,OSM:classe,1,80,
-8.934885,-69.200137,100,OSM:classe,1,80,
-8.932515,-69.204005,100,OSM:classe,1,80,
-8.930145,-69.207873,100,OSM:classe,1,80,
-8.927775,-69.211741,100,OSM:classe,1,80,
-8.925406,-69.215610,100,OSM:classe,1,80,
-8.923036,-69.219478,100,OSM:classe,1,80,
-8.920666,-69.223346,100,OSM:classe,1,80,
-8.918296,-69.227214,100,OSM:classe,1,80,
-8.915927,-69.231082,100,OSM:classe,1,80,
-8.913557,-69.234951,100,OSM:classe,1,80,
-8.911187,-69.238819,100,OSM:classe,1,80,
-8.908817,-69.242687,100,OSM:classe,1,80,
-8.906447,-69.246555,100,OSM:classe,1,80,
-8.904078,-69.250423,100,OSM:classe,1,80,
-8.901708,-69.254292,100,OSM:classe,1,80,
-8.899338,-69.258160,100,OSM:classe,1,80,
-8.896968,-69.262028,100,OSM:classe,1,80,
-8.894599,-69.265896,100,OSM:classe,1,80,
-8.892229,-69.269764,100,OSM:classe,1,80,
-8.889859,-69.273633,100,OSM:classe,1,80,
-8.887555,-69.277367,100,OSM:classe,1,80,
-8.886324,-69.279337,100,OSM:classe,1,80,
-8.883921,-69.283184,100,OSM:classe,1,80,
-8.881519,-69.287031,100,OSM:classe,1,80,
-8.879116,-69.290877,100,OSM:classe,1,80,
-8.876713,-69.294724,100,OSM:classe,1,80,
-8.874200,-69.298460,100,OSM:classe,1,80,
-8.870391,-69.300878,100,OSM:classe,1,80,
-8.866582,-69.303297,100,OSM:classe,1,80,
-8.862773,-69.305715,100,OSM:classe,1,80,
-8.858940,-69.308094,100,OSM:classe,1,80,
-8.855093,-69.310450,100,OSM:classe,1,80,
-8.851246,-69.312807,100,OSM:classe,1,80,
-8.847440,-69.260473,60,OSM:classe,1,40,
-8.847400,-69.315164,100,OSM:classe,1,80,
-8.844141,-69.261150,60,OSM:classe,1,40,
-8.843553,-69.317521,100,OSM:classe,1,80,
-8.841806,-69.261653,60,OSM:classe,1,40,
-8.840662,-69.262848,60,OSM:classe,1,40,
-8.839707,-69.319878,100,OSM:classe,1,80,
-8.839235,-69.320296,40,OSM:classe,1,40,
-8.839088,-69.320162,80,OSM:classe,1,60,
-8.838905,-69.260734,60,OSM:classe,1,50,
-8.838792,-69.319848,80,OSM:classe,1,60,
-8.838742,-69.320380,40,OSM:classe,1,40,
-8.838090,-69.320905,100,OSM:classe,1,80,
-8.837539,-69.315514,80,OSM:classe,1,60,
-8.836570,-69.321904,100,OSM:classe,1,80,
-8.836185,-69.311276,80,OSM:classe,1,60,
-8.836113,-69.264301,60,OSM:classe,1,50,
-8.835068,-69.265636,60,OSM:classe,1,50,
-8.834548,-69.324541,100,OSM:classe,1,80,
-8.834073,-69.307263,80,OSM:classe,1,60,
-8.832858,-69.261820,60,OSM:classe,1,40,
-8.832689,-69.266337,60,OSM:classe,1,40,
-8.832554,-69.267048,60,OSM:classe,1,50,
-8.832390,-69.328533,100,OSM:classe,1,80,
-8.832369,-69.267838,60,OSM:classe,1,50,
-8.832304,-69.257867,60,OSM:classe,1,40,
-8.832000,-69.268588,60,OSM:classe,1,50,
-8.831734,-69.303377,80,OSM:classe,1,60,
-8.830232,-69.332526,100,OSM:classe,1,80,
-8.830155,-69.272732,60,OSM:classe,1,50,
-8.828898,-69.277084,60,OSM:classe,1,50,
-8.828707,-69.300031,80,OSM:classe,1,60,
-8.828432,-69.282085,80,OSM:classe,1,60,
-8.828366,-69.281586,60,OSM:classe,1,50,
-8.828075,-69.336518,100,OSM:classe,1,80,
-8.828019,-69.283635,80,OSM:classe,1,60,
-8.826342,-69.296170,80,OSM:classe,1,60,
-8.826209,-69.287769,80,OSM:classe,1,60,
-8.825917,-69.340511,100,OSM:classe,1,80,
-8.824933,-69.292127,80,OSM:classe,1,60,
-8.823786,-69.344518,100,OSM:classe,1,80,
-8.821665,-69.348530,100,OSM:classe,1,80,
-8.819544,-69.352542,100,OSM:classe,1,80,
-8.817423,-69.356554,100,OSM:classe,1,80,
-8.815303,-69.360566,100,OSM:classe,1,80,
-8.813182,-69.364578,100,OSM:classe,1,80,
-8.811061,-69.368590,100,OSM:classe,1,80,
-8.808940,-69.372602,100,OSM:classe,1,80,
-8.806819,-69.376614,100,OSM:classe,1,80,
-8.804698,-69.380626,100,OSM:classe,1,80,
-8.802577,-69.384638,100,OSM:classe,1,80,
-8.800456,-69.388650,100,OSM:classe,1,80,
-8.798335,-69.392662,100,OSM:classe,1,80,
-8.796214,-69.396674,100,OSM:classe,1,80,
-8.794093,-69.400687,100,OSM:classe,1,80,
-8.791972,-69.404699,100,OSM:classe,1,80,
-8.789851,-69.408711,100,OSM:classe,1,80,
-8.787730,-69.412723,100,OSM:classe,1,80,
-8.785610,-69.416735,100,OSM:classe,1,80,
-8.783489,-69.420747,100,OSM:classe,1,80,
-8.781368,-69.424759,100,OSM:classe,1,80,
-8.779247,-69.428771,100,OSM:classe,1,80,
-8.777126,-69.432783,100,OSM:classe,1,80,
-8.775005,-69.436795,100,OSM:classe,1,80,
-8.772884,-69.440807,100,OSM:classe,1,80,
-8.770763,-69.444819,100,OSM:classe,1,80,
-8.768642,-69.448831,100,OSM:classe,1,80,
-8.766521,-69.452843,100,OSM:classe,1,80,
-8.764400,-69.456856,100,OSM:classe,1,80,
-8.762279,-69.460868,100,OSM:classe,1,80,
-8.760158,-69.464880,100,OSM:classe,1,80,
-8.758037,-69.468892,100,OSM:classe,1,80,
-8.755916,-69.472904,100,OSM:classe,1,80,
-8.753796,-69.476916,100,OSM:classe,1,80,
-8.751675,-69.480928,100,OSM:classe,1,80,
-8.749554,-69.484940,100,OSM:classe,1,80,
-8.747433,-69.488952,100,OSM:classe,1,80,
-8.745241,-69.492924,100,OSM:classe,1,80,
-8.743030,-69.496886,100,OSM:classe,1,80,
-8.740820,-69.500848,100,OSM:classe,1,80,
-8.738610,-69.504810,100,OSM:classe,1,80,
-8.736400,-69.508772,100,OSM:classe,1,80,
-8.734189,-69.512734,100,OSM:classe,1,80,
-8.731979,-69.516695,100,OSM:classe,1,80,
-8.729769,-69.520657,100,OSM:classe,1,80,
-8.727575,-69.524628,100,OSM:classe,1,80,
-8.725438,-69.528631,100,OSM:classe,1,80,
-8.723301,-69.532633,100,OSM:classe,1,80,
-8.721163,-69.536636,100,OSM:classe,1,80,
-8.719026,-69.540638,100,OSM:classe,1,80,
-8.716889,-69.544641,100,OSM:classe,1,80,
-8.714752,-69.548643,100,OSM:classe,1,80,
-8.712615,-69.552646,100,OSM:classe,1,80,
-8.710478,-69.556648,100,OSM:classe,1,80,
-8.708341,-69.560651,100,OSM:classe,1,80,
-8.706204,-69.564653,100,OSM:classe,1,80,
-8.704066,-69.568656,100,OSM:classe,1,80,
-8.701972,-69.572681,100,OSM:classe,1,80,
-8.699888,-69.576712,100,OSM:classe,1,80,
-8.697805,-69.580743,100,OSM:classe,1,80,
-8.695722,-69.584774,100,OSM:classe,1,80,
-8.693639,-69.588805,100,OSM:classe,1,80,
-8.691555,-69.592836,100,OSM:classe,1,80,
-8.689472,-69.596867,100,OSM:classe,1,80,
-8.687389,-69.600899,100,OSM:classe,1,80,
-8.685305,-69.604930,100,OSM:classe,1,80,
-8.683222,-69.608961,100,OSM:classe,1,80,
-8.681139,-69.612992,100,OSM:classe,1,80,
-8.679056,-69.617023,100,OSM:classe,1,80,
-8.676972,-69.621054,100,OSM:classe,1,80,
-8.674889,-69.625085,100,OSM:classe,1,80,
-8.672806,-69.629116,100,OSM:classe,1,80,
-8.670723,-69.633148,100,OSM:classe,1,80,
-8.668639,-69.637179,100,OSM:classe,1,80,
-8.666556,-69.641210,100,OSM:classe,1,80,
-8.664473,-69.645241,100,OSM:classe,1,80,
-8.662425,-69.649290,100,OSM:classe,1,80,
-8.660387,-69.653345,100,OSM:classe,1,80,
-8.658349,-69.657399,100,OSM:classe,1,80,
-8.656311,-69.661453,100,OSM:classe,1,80,
-8.654273,-69.665508,100,OSM:classe,1,80,
-8.652235,-69.669562,100,OSM:classe,1,80,
-8.650197,-69.673616,100,OSM:classe,1,80,
-8.648159,-69.677671,100,OSM:classe,1,80,
-8.646121,-69.681725,100,OSM:classe,1,80,
-8.644083,-69.685779,100,OSM:classe,1,80,
-8.642045,-69.689834,100,OSM:classe,1,80,
-8.640007,-69.693888,100,OSM:classe,1,80,
-8.637977,-69.697947,100,OSM:classe,1,80,
-8.635987,-69.702025,100,OSM:classe,1,80,
-8.633998,-69.706104,100,OSM:classe,1,80,
-8.632008,-69.710183,100,OSM:classe,1,80,
-8.630018,-69.714261,100,OSM:classe,1,80,
-8.628029,-69.718340,100,OSM:classe,1,80,
-8.626039,-69.722418,100,OSM:classe,1,80,
-8.624049,-69.726497,100,OSM:classe,1,80,
-8.622059,-69.730576,100,OSM:classe,1,80,
-8.620107,-69.734672,100,OSM:classe,1,80,
-8.618217,-69.738799,100,OSM:classe,1,80,
-8.616578,-69.743029,100,OSM:classe,1,80,
-8.615084,-69.747318,100,OSM:classe,1,80,
-8.613590,-69.751608,100,OSM:classe,1,80,
-8.612095,-69.755897,100,OSM:classe,1,80,
-8.610601,-69.760186,100,OSM:classe,1,80,
-8.609107,-69.764476,100,OSM:classe,1,80,
-8.607613,-69.768765,100,OSM:classe,1,80,
-8.606119,-69.773055,100,OSM:classe,1,80,
-8.604625,-69.777344,100,OSM:classe,1,80,
-8.603131,-69.781634,100,OSM:classe,1,80,
-8.601637,-69.785923,100,OSM:classe,1,80,
-8.600143,-69.790212,100,OSM:classe,1,80,
-8.598649,-69.794502,100,OSM:classe,1,80,
-8.597155,-69.798791,100,OSM:classe,1,80,
-8.595661,-69.803081,100,OSM:classe,1,80,
-8.594167,-69.807370,100,OSM:classe,1,80,
-8.592840,-69.811170,100,OSM:classe,1,80,
-8.592546,-69.812010,100,OSM:classe,1,80,
-8.591695,-69.814498,100,OSM:classe,1,80,
-8.590227,-69.818796,100,OSM:classe,1,80,
-8.588758,-69.823094,100,OSM:classe,1,80,
-8.587289,-69.827392,100,OSM:classe,1,80,
-8.585820,-69.831690,100,OSM:classe,1,80,
-8.584352,-69.835989,100,OSM:classe,1,80,
-8.582916,-69.840298,100,OSM:classe,1,80,
-8.581486,-69.844609,100,OSM:classe,1,80,
-8.580056,-69.848921,100,OSM:classe,1,80,
-8.578625,-69.853232,100,OSM:classe,1,80,
-8.577195,-69.857543,100,OSM:classe,1,80,
-8.575765,-69.861854,100,OSM:classe,1,80,
-8.574335,-69.866166,100,OSM:classe,1,80,
-8.572905,-69.870477,100,OSM:classe,1,80,
-8.571474,-69.874788,100,OSM:classe,1,80,
-8.570044,-69.879099,100,OSM:classe,1,80,
-8.568614,-69.883411,100,OSM:classe,1,80,
-8.567184,-69.887722,100,OSM:classe,1,80,
-8.565754,-69.892033,100,OSM:classe,1,80,
-8.564323,-69.896344,100,OSM:classe,1,80,
-8.562893,-69.900656,100,OSM:classe,1,80,
-8.561463,-69.904967,100,OSM:classe,1,80,
-8.559999,-69.909267,100,OSM:classe,1,80,
-8.558505,-69.913555,100,OSM:classe,1,80,
-8.557011,-69.917844,100,OSM:classe,1,80,
-8.555516,-69.922133,100,OSM:classe,1,80,
-8.554022,-69.926422,100,OSM:classe,1,80,
-8.552528,-69.930710,100,OSM:classe,1,80,
-8.551700,-69.933092,100,OSM:classe,1,80,
-8.551477,-69.933730,100,OSM:classe,1,80,
-8.549982,-69.938018,100,OSM:classe,1,80,
-8.548487,-69.942307,100,OSM:classe,1,80,
-8.546992,-69.946595,100,OSM:classe,1,80,
-8.545497,-69.950883,100,OSM:classe,1,80,
-8.544002,-69.955172,100,OSM:classe,1,80,
-8.542507,-69.959460,100,OSM:classe,1,80,
-8.541012,-69.963748,100,OSM:classe,1,80,
-8.539516,-69.968037,100,OSM:classe,1,80,
-8.538021,-69.972325,100,OSM:classe,1,80,
-8.536526,-69.976613,100,OSM:classe,1,80,
-8.535031,-69.980901,100,OSM:classe,1,80,
-8.533536,-69.985190,100,OSM:classe,1,80,
-8.532041,-69.989478,100,OSM:classe,1,80,
-8.530546,-69.993766,100,OSM:classe,1,80,
-8.529050,-69.998055,100,OSM:classe,1,80,
-8.527555,-70.002343,100,OSM:classe,1,80,
-8.526076,-70.006637,100,OSM:classe,1,80,
-8.524610,-70.010935,100,OSM:classe,1,80,
-8.523143,-70.015233,100,OSM:classe,1,80,
-8.521676,-70.019530,100,OSM:classe,1,80,
-8.520210,-70.023828,100,OSM:classe,1,80,
-8.518743,-70.028126,100,OSM:classe,1,80,
-8.517276,-70.032424,100,OSM:classe,1,80,
-8.515810,-70.036722,100,OSM:classe,1,80,
-8.514343,-70.041020,100,OSM:classe,1,80,
-8.512877,-70.045318,100,OSM:classe,1,80,
-8.511410,-70.049616,100,OSM:classe,1,80,
-8.509943,-70.053914,100,OSM:classe,1,80,
-8.508477,-70.058212,100,OSM:classe,1,80,
-8.507010,-70.062510,100,OSM:classe,1,80,
-8.505543,-70.066808,100,OSM:classe,1,80,
-8.504077,-70.071106,100,OSM:classe,1,80,
-8.502610,-70.075404,100,OSM:classe,1,80,
-8.501143,-70.079701,100,OSM:classe,1,80,
-8.499677,-70.083999,100,OSM:classe,1,80,
-8.498210,-70.088297,100,OSM:classe,1,80,
-8.496743,-70.092595,100,OSM:classe,1,80,
-8.495277,-70.096893,100,OSM:classe,1,80,
-8.493810,-70.101191,100,OSM:classe,1,80,
-8.492343,-70.105489,100,OSM:classe,1,80,
-8.490877,-70.109787,100,OSM:classe,1,80,
-8.489410,-70.114085,100,OSM:classe,1,80,
-8.487944,-70.118383,100,OSM:classe,1,80,
-8.486477,-70.122681,100,OSM:classe,1,80,
-8.485010,-70.126979,100,OSM:classe,1,80,
-8.483544,-70.131277,100,OSM:classe,1,80,
-8.482077,-70.135575,100,OSM:classe,1,80,
-8.480610,-70.139872,100,OSM:classe,1,80,
-8.479144,-70.144170,100,OSM:classe,1,80,
-8.477677,-70.148468,100,OSM:classe,1,80,
-8.475827,-70.152572,100,OSM:classe,1,80,
-8.472295,-70.155237,100,OSM:classe,1,80,
-8.468263,-70.157251,100,OSM:classe,1,80,
-8.464231,-70.159264,100,OSM:classe,1,80,
-8.460189,-70.161254,100,OSM:classe,1,80,
-8.456122,-70.163195,100,OSM:classe,1,80,
-8.452056,-70.165135,100,OSM:classe,1,80,
-8.447990,-70.167076,100,OSM:classe,1,80,
-8.443923,-70.169017,100,OSM:classe,1,80,
-8.439857,-70.170957,100,OSM:classe,1,80,
-8.435791,-70.172898,100,OSM:classe,1,80,
-8.431679,-70.174737,100,OSM:classe,1,80,
-8.427284,-70.175643,100,OSM:classe,1,80,
-8.422858,-70.176447,100,OSM:classe,1,80,
-8.421667,-70.176654,100,OSM:classe,1,80,
-8.417270,-70.177481,60,OSM:classe,1,60,
-8.413389,-70.179674,60,OSM:classe,1,60,
-8.409714,-70.182293,60,OSM:classe,1,60,
-8.406039,-70.184913,60,OSM:classe,1,60,
-8.402365,-70.187532,60,OSM:classe,1,60,
-8.398690,-70.190152,60,OSM:classe,1,60,
-8.395015,-70.192771,60,OSM:classe,1,60,
-8.391340,-70.195391,60,OSM:classe,1,60,
-8.387666,-70.198010,60,OSM:classe,1,60,
-8.383991,-70.200630,60,OSM:classe,1,60,
-8.380316,-70.203249,60,OSM:classe,1,60,
-8.376641,-70.205869,60,OSM:classe,1,60,
-8.372967,-70.208488,60,OSM:classe,1,60,
-8.369292,-70.211108,60,OSM:classe,1,60,
-8.365617,-70.213727,60,OSM:classe,1,60,
-8.361942,-70.216347,60,OSM:classe,1,60,
-8.358268,-70.218966,60,OSM:classe,1,60,
-8.354593,-70.221586,60,OSM:classe,1,60,
-8.350927,-70.224217,60,OSM:classe,1,60,
-8.347267,-70.226857,60,OSM:classe,1,60,
-8.343607,-70.229497,60,OSM:classe,1,60,
-8.339947,-70.232137,60,OSM:classe,1,60,
-8.336287,-70.234778,60,OSM:classe,1,60,
-8.332628,-70.237418,60,OSM:classe,1,60,
-8.328968,-70.240058,60,OSM:classe,1,60,
-8.325308,-70.242698,60,OSM:classe,1,60,
-8.321648,-70.245338,60,OSM:classe,1,60,
-8.317989,-70.247979,60,OSM:classe,1,60,
-8.314329,-70.250619,60,OSM:classe,1,60,
-8.310669,-70.253259,60,OSM:classe,1,60,
-8.307009,-70.255899,60,OSM:classe,1,60,
-8.303349,-70.258540,60,OSM:classe,1,60,
-8.299690,-70.261180,60,OSM:classe,1,60,
-8.296030,-70.263820,60,OSM:classe,1,60,
-8.292370,-70.266460,60,OSM:classe,1,60,
-8.288710,-70.269100,60,OSM:classe,1,60,
-8.285050,-70.271741,60,OSM:classe,1,60,
-8.281391,-70.274381,60,OSM:classe,1,60,
-8.277731,-70.277021,60,OSM:classe,1,60,
-8.274071,-70.279661,60,OSM:classe,1,60,
-8.270411,-70.282302,60,OSM:classe,1,60,
-8.266752,-70.284942,60,OSM:classe,1,60,
-8.263092,-70.287582,60,OSM:classe,1,60,
-8.259432,-70.290222,60,OSM:classe,1,60,
-8.255772,-70.292862,60,OSM:classe,1,60,
-8.252112,-70.295503,60,OSM:classe,1,60,
-8.248700,-70.298448,60,OSM:classe,1,60,
-8.245420,-70.301555,60,OSM:classe,1,60,
-8.242139,-70.304662,60,OSM:classe,1,60,
-8.238858,-70.307770,60,OSM:classe,1,60,
-8.235578,-70.310877,60,OSM:classe,1,60,
-8.232297,-70.313984,60,OSM:classe,1,60,
-8.229016,-70.317091,60,OSM:classe,1,60,
-8.225736,-70.320199,60,OSM:classe,1,60,
-8.222455,-70.323306,60,OSM:classe,1,60,
-8.219174,-70.326413,60,OSM:classe,1,60,
-8.215768,-70.329364,60,OSM:classe,1,60,
-8.212088,-70.331975,60,OSM:classe,1,60,
-8.208409,-70.334586,60,OSM:classe,1,60,
-8.204729,-70.337198,60,OSM:classe,1,60,
-8.201049,-70.339809,60,OSM:classe,1,60,
-8.197370,-70.342420,60,OSM:classe,1,60,
-8.196770,-70.342852,60,OSM:classe,1,60,
-8.193736,-70.345005,60,OSM:classe,1,60,
-8.192680,-70.528670,60,OSM:classe,1,60,
-8.192404,-70.533204,60,OSM:classe,1,60,
-8.192021,-70.537730,60,OSM:classe,1,60,
-8.191696,-70.524342,60,OSM:classe,1,60,
-8.191638,-70.542257,60,OSM:classe,1,60,
-8.191256,-70.546783,60,OSM:classe,1,60,
-8.190873,-70.551309,60,OSM:classe,1,60,
-8.190490,-70.555836,60,OSM:classe,1,60,
-8.190107,-70.560362,60,OSM:classe,1,60,
-8.190056,-70.347616,60,OSM:classe,1,60,
-8.189994,-70.520137,60,OSM:classe,1,60,
-8.189725,-70.564889,60,OSM:classe,1,60,
-8.189342,-70.569415,60,OSM:classe,1,60,
-8.188959,-70.573942,60,OSM:classe,1,60,
-8.188576,-70.578468,60,OSM:classe,1,60,
-8.188293,-70.515932,60,OSM:classe,1,60,
-8.188194,-70.582994,60,OSM:classe,1,60,
-8.187811,-70.587521,60,OSM:classe,1,60,
-8.187428,-70.592047,60,OSM:classe,1,60,
-8.187313,-70.351127,60,OSM:classe,1,60,
-8.187046,-70.596574,60,OSM:classe,1,60,
-8.186663,-70.601100,60,OSM:classe,1,60,
-8.186639,-70.352411,60,OSM:classe,1,60,
-8.186591,-70.511727,60,OSM:classe,1,60,
-8.186280,-70.605627,60,OSM:classe,1,60,
-8.185897,-70.610153,60,OSM:classe,1,60,
-8.185515,-70.614680,60,OSM:classe,1,60,
-8.184904,-70.351665,60,OSM:classe,1,40,
-8.184890,-70.507522,60,OSM:classe,1,60,
-8.184770,-70.619148,60,OSM:classe,1,60,
-8.184531,-70.356424,60,OSM:classe,1,60,
-8.184452,-70.357062,60,OSM:classe,1,60,
-8.183866,-70.356958,60,OSM:classe,1,50,
-8.183860,-70.357450,60,OSM:classe,1,60,
-8.183822,-70.357037,60,OSM:classe,1,60,
-8.183785,-70.357881,60,OSM:classe,1,60,
-8.183748,-70.623572,60,OSM:classe,1,60,
-8.183474,-70.357059,60,OSM:classe,1,50,
-8.183188,-70.503317,60,OSM:classe,1,60,
-8.182907,-70.359508,60,OSM:classe,1,60,
-8.182725,-70.627996,60,OSM:classe,1,60,
-8.181702,-70.632419,60,OSM:classe,1,60,
-8.181665,-70.632580,100,OSM:classe,1,80,
-8.181486,-70.499112,60,OSM:classe,1,60,
-8.181224,-70.634473,60,OSM:classe,1,60,
-8.180886,-70.357786,60,OSM:classe,1,50,
-8.180817,-70.353653,60,OSM:classe,1,40,
-8.180613,-70.353022,60,OSM:classe,1,40,
-8.180515,-70.363343,60,OSM:classe,1,60,
-8.180197,-70.638896,60,OSM:classe,1,60,
-8.180093,-70.494830,60,OSM:classe,1,60,
-8.179169,-70.643318,60,OSM:classe,1,60,
-8.178496,-70.780073,60,OSM:classe,1,40,
-8.178353,-70.359222,60,OSM:classe,1,40,
-8.178255,-70.367254,60,OSM:classe,1,60,
-8.178187,-70.341020,60,OSM:classe,1,40,
-8.178141,-70.647741,60,OSM:classe,1,60,
-8.178127,-70.490757,60,OSM:classe,1,60,
-8.177884,-70.368139,60,OSM:classe,1,60,
-8.177113,-70.652163,60,OSM:classe,1,60,
-8.176934,-70.359660,60,OSM:classe,1,50,
-8.176679,-70.370858,60,OSM:classe,1,60,
-8.176675,-70.356219,60,OSM:classe,1,40,
-8.176654,-70.355171,60,OSM:classe,1,40,
-8.176608,-70.354037,60,OSM:classe,1,40,
-8.176387,-70.486568,60,OSM:classe,1,60,
-8.176085,-70.656586,60,OSM:classe,1,60,
-8.175560,-70.780780,60,OSM:classe,1,40,
-8.175057,-70.661008,60,OSM:classe,1,60,
-8.174775,-70.341279,60,OSM:classe,1,40,
-8.174647,-70.482379,60,OSM:classe,1,60,
-8.174468,-70.341823,60,OSM:classe,1,40,
-8.174348,-70.374644,60,OSM:classe,1,60,
-8.174029,-70.665431,60,OSM:classe,1,60,
-8.172956,-70.669842,60,OSM:classe,1,60,
-8.172915,-70.360464,60,OSM:classe,1,40,
-8.172908,-70.478191,60,OSM:classe,1,60,
-8.172633,-70.359872,60,OSM:classe,1,50,
-8.172362,-70.364819,60,OSM:classe,1,40,
-8.172361,-70.357080,60,OSM:classe,1,40,
-8.172239,-70.345769,60,OSM:classe,1,40,
-8.172170,-70.369052,60,OSM:classe,1,40,
-8.172129,-70.365046,60,OSM:classe,1,40,
-8.172116,-70.354236,60,OSM:classe,1,40,
-8.171938,-70.373522,60,OSM:classe,1,40,
-8.171799,-70.674231,60,OSM:classe,1,60,
-8.171564,-70.345422,60,OSM:classe,1,40,
-8.171502,-70.782643,60,OSM:classe,1,40,
-8.171412,-70.378003,100,OSM:classe,1,80,
-8.171219,-70.473980,60,OSM:classe,1,60,
-8.171016,-70.353076,60,OSM:classe,1,40,
-8.170987,-70.353073,60,OSM:classe,1,40,
-8.170921,-70.380641,100,OSM:classe,1,80,
-8.170641,-70.678621,60,OSM:classe,1,60,
-8.170447,-70.347468,60,OSM:classe,1,40,
-8.170347,-70.765229,60,OSM:classe,1,40,
-8.170291,-70.348287,60,OSM:classe,1,40,
-8.169859,-70.352927,60,OSM:classe,1,40,
-8.169539,-70.469767,60,OSM:classe,1,60,
-8.169483,-70.683011,60,OSM:classe,1,60,
-8.169442,-70.352749,60,OSM:classe,1,40,
-8.169333,-70.384839,100,OSM:classe,1,80,
-8.169287,-70.353168,60,OSM:classe,1,40,
-8.169218,-70.353264,60,OSM:classe,1,40,
-8.168603,-70.357960,60,OSM:classe,1,50,
-8.168450,-70.687422,60,OSM:classe,1,60,
-8.168410,-70.765237,60,OSM:classe,1,40,
-8.168334,-70.696501,60,OSM:classe,1,60,
-8.168316,-70.691959,60,OSM:classe,1,60,
-8.168235,-70.343702,60,OSM:classe,1,40,
-8.168193,-70.355832,60,OSM:classe,1,40,
-8.168055,-70.701016,60,OSM:classe,1,60,
-8.167934,-70.342658,60,OSM:classe,1,40,
-8.167859,-70.465553,60,OSM:classe,1,60,
-8.167746,-70.785142,60,OSM:classe,1,40,
-8.167510,-70.343328,60,OSM:classe,1,40,
-8.167409,-70.357423,60,OSM:classe,1,40,
-8.167231,-70.388855,100,OSM:classe,1,80,
-8.166614,-70.341933,40,OSM,0,,
-8.166431,-70.390424,100,OSM:classe,1,80,
-8.166281,-70.705190,60,OSM:classe,1,60,
-8.166179,-70.461339,60,OSM:classe,1,60,
-8.165475,-70.346462,60,OSM:classe,1,40,
-8.165204,-70.354553,60,OSM:classe,1,50,
-8.165024,-70.341969,60,OSM:classe,1,40,
-8.164887,-70.344553,40,OSM,0,,
-8.164818,-70.347479,60,OSM:classe,1,50,
-8.164756,-70.349553,60,OSM:classe,1,50,
-8.164506,-70.709363,60,OSM:classe,1,60,
-8.164499,-70.457125,60,OSM:classe,1,60,
-8.164450,-70.356218,60,OSM:classe,1,50,
-8.164444,-70.394059,100,OSM:classe,1,80,
-8.164426,-70.356208,60,OSM:classe,1,50,
-8.164425,-70.352284,60,OSM:classe,1,40,
-8.163914,-70.765255,60,OSM:classe,1,40,
-8.163899,-70.353990,60,OSM:classe,1,50,
-8.163788,-70.344033,60,OSM:classe,1,40,
-8.163521,-70.786043,60,OSM:classe,1,40,
-8.163383,-70.771771,60,OSM:classe,1,40,
-8.162974,-70.785789,60,OSM:classe,1,40,
-8.162819,-70.452912,60,OSM:classe,1,60,
-8.162732,-70.713537,60,OSM:classe,1,60,
-8.162270,-70.398036,100,OSM:classe,1,80,
-8.162191,-70.772367,60,OSM:classe,1,40,
-8.162116,-70.767827,60,OSM:classe,1,40,
-8.162066,-70.781435,60,OSM:classe,1,40,
-8.161974,-70.763287,60,OSM:classe,1,40,
-8.161952,-70.776903,60,OSM:classe,1,40,
-8.161642,-70.763168,60,OSM:classe,1,40,
-8.161461,-70.347920,60,OSM:classe,1,40,
-8.161139,-70.448698,60,OSM:classe,1,60,
-8.160957,-70.717711,60,OSM:classe,1,60,
-8.160187,-70.402060,100,OSM:classe,1,80,
-8.160126,-70.352341,60,OSM:classe,1,40,
-8.159943,-70.764348,60,OSM:classe,1,50,
-8.159658,-70.771357,60,OSM:classe,1,50,
-8.159657,-70.771221,60,OSM:classe,1,50,
-8.159599,-70.766815,60,OSM:classe,1,50,
-8.159571,-70.764623,60,OSM:classe,1,50,
-8.159497,-70.771332,60,OSM:classe,1,50,
-8.159468,-70.769147,60,OSM:classe,1,50,
-8.159459,-70.444484,60,OSM:classe,1,60,
-8.159417,-70.765273,60,OSM:classe,1,40,
-8.159183,-70.721885,60,OSM:classe,1,60,
-8.159134,-70.351807,60,OSM:classe,1,40,
-8.158935,-70.440004,60,OSM:classe,1,60,
-8.158907,-70.435462,60,OSM:classe,1,60,
-8.158878,-70.430919,60,OSM:classe,1,60,
-8.158850,-70.426377,60,OSM:classe,1,60,
-8.158823,-70.419864,100,OSM:classe,1,80,
-8.158822,-70.421834,60,OSM:classe,1,60,
-8.158815,-70.420674,60,OSM:classe,1,60,
-8.158765,-70.415321,100,OSM:classe,1,80,
-8.158706,-70.410779,100,OSM:classe,1,80,
-8.158648,-70.406237,100,OSM:classe,1,80,
-8.158277,-70.771173,60,OSM:classe,1,50,
-8.158276,-70.771035,60,OSM:classe,1,50,
-8.158261,-70.775053,60,OSM:classe,1,50,
-8.157299,-70.760674,60,OSM:classe,1,50,
-8.156101,-70.725052,60,OSM:classe,1,60,
-8.156084,-70.350418,60,OSM:classe,1,40,
-8.155890,-70.758715,60,OSM:classe,1,50,
-8.155783,-70.350405,60,OSM:classe,1,40,
-8.154625,-70.777725,60,OSM:classe,1,50,
-8.152534,-70.727801,60,OSM:classe,1,60,
-8.152068,-70.748445,60,OSM:classe,1,60,
-8.151959,-70.745694,60,OSM:classe,1,60,
-8.151920,-70.752719,60,OSM:classe,1,60,
-8.151834,-70.741153,60,OSM:classe,1,60,
-8.151708,-70.736613,60,OSM:classe,1,60,
-8.151582,-70.732072,60,OSM:classe,1,60,
-8.151564,-70.781036,60,OSM:classe,1,50,
-8.151458,-70.757947,60,OSM:classe,1,50,
-8.151398,-70.349942,60,OSM:classe,1,40,
-8.151260,-70.757913,60,OSM:classe,1,50,
-8.149707,-70.756603,60,OSM:classe,1,60,
-8.149574,-70.756729,40,OSM,0,,
-8.149565,-70.757573,30,OSM,0,,
-8.149360,-70.757159,20,OSM,0,,
-8.149227,-70.757358,40,OSM,0,,
-8.149152,-70.756953,20,OSM,0,,
-8.149049,-70.757491,30,OSM,0,,
-8.148989,-70.757058,40,OSM,0,,
-8.148827,-70.757290,20,OSM,0,,
-8.148708,-70.346331,60,OSM:classe,1,40,
-8.148664,-70.757626,40,OSM,0,,
-8.147565,-70.783000,60,OSM:classe,1,50,
-8.146498,-70.759950,60,OSM:classe,1,60,
-8.144916,-70.344459,60,OSM:classe,1,40,
-8.143512,-70.784752,60,OSM:classe,1,50,
-8.143416,-70.763257,60,OSM:classe,1,60,
-8.143093,-70.343996,60,OSM:classe,1,40,
-8.142285,-70.771504,60,OSM:classe,1,60,
-8.142198,-70.785573,60,OSM:classe,1,50,
-8.142194,-70.776039,60,OSM:classe,1,60,
-8.142010,-70.780577,60,OSM:classe,1,60,
-8.141971,-70.785744,60,OSM:classe,1,50,
-8.141887,-70.785448,60,OSM:classe,1,60,
-8.141825,-70.785116,60,OSM:classe,1,60,
-8.141725,-70.786298,60,OSM:classe,1,60,
-8.141671,-70.785441,60,OSM:classe,1,60,
-8.141631,-70.785815,60,OSM:classe,1,60,
-8.141512,-70.788555,60,OSM:classe,1,60,
-8.141267,-70.767117,60,OSM:classe,1,60,
-8.141085,-70.793077,60,OSM:classe,1,60,
-8.140658,-70.797599,60,OSM:classe,1,60,
-8.140231,-70.802121,60,OSM:classe,1,60,
-8.139804,-70.806642,60,OSM:classe,1,60,
-8.139378,-70.811164,60,OSM:classe,1,60,
-8.138951,-70.815686,60,OSM:classe,1,60,
-8.138524,-70.820208,60,OSM:classe,1,60,
-8.138115,-70.824731,60,OSM:classe,1,60,
-8.137768,-70.829260,60,OSM:classe,1,60,
-8.137420,-70.833789,60,OSM:classe,1,60,
-8.137073,-70.838318,60,OSM:classe,1,60,
-8.136725,-70.842846,60,OSM:classe,1,60,
-8.136378,-70.847375,60,OSM:classe,1,60,
-8.136031,-70.851904,60,OSM:classe,1,60,
-8.135683,-70.856433,60,OSM:classe,1,60,
-8.135336,-70.860961,60,OSM:classe,1,60,
-8.134952,-70.865487,60,OSM:classe,1,60,
-8.134547,-70.870011,60,OSM:classe,1,60,
-8.134142,-70.874535,60,OSM:classe,1,60,
-8.133737,-70.879059,60,OSM:classe,1,60,
-8.133332,-70.883583,60,OSM:classe,1,60,
-8.132211,-70.892381,60,OSM:classe,1,60,
-8.132087,-70.887934,60,OSM:classe,1,60,
-8.132023,-70.896842,60,OSM:classe,1,60,
-8.131772,-70.901357,60,OSM:classe,1,60,
-8.131567,-70.905888,60,OSM:classe,1,60,
-8.131210,-70.914905,60,OSM:classe,1,60,
-8.131055,-70.910401,60,OSM:classe,1,60,
-8.130941,-70.919371,60,OSM:classe,1,60,
-8.129520,-70.923681,60,OSM:classe,1,60,
-8.128819,-70.937057,60,OSM:classe,1,60,
-8.128654,-70.932560,60,OSM:classe,1,60,
-8.128445,-70.941584,60,OSM:classe,1,60,
-8.128406,-70.928057,60,OSM:classe,1,60,
-8.128071,-70.946110,60,OSM:classe,1,60,
-8.127697,-70.950637,60,OSM:classe,1,60,
-8.127323,-70.955163,60,OSM:classe,1,60,
-8.126949,-70.959690,60,OSM:classe,1,60,
-8.126575,-70.964216,60,OSM:classe,1,60,
-8.126200,-70.968743,60,OSM:classe,1,60,
-8.125826,-70.973269,60,OSM:classe,1,60,
-8.125452,-70.977795,60,OSM:classe,1,60,
-8.125041,-70.982318,60,OSM:classe,1,60,
-8.124570,-70.986836,60,OSM:classe,1,60,
-8.124169,-70.991359,60,OSM:classe,1,60,
-8.123893,-70.995892,60,OSM:classe,1,60,
-8.123618,-71.000426,60,OSM:classe,1,60,
-8.123342,-71.004960,60,OSM:classe,1,60,
-8.122935,-71.009481,60,OSM:classe,1,60,
-8.122411,-71.013993,60,OSM:classe,1,60,
-8.121079,-71.018241,60,OSM:classe,1,60,
-8.119159,-71.022348,60,OSM:classe,1,60,
-8.117169,-71.026421,60,OSM:classe,1,60,
-8.115141,-71.030475,60,OSM:classe,1,60,
-8.113114,-71.034529,60,OSM:classe,1,60,
-8.111087,-71.038583,60,OSM:classe,1,60,
-8.109059,-71.042637,60,OSM:classe,1,60,
-8.107032,-71.046691,60,OSM:classe,1,60,
-8.105004,-71.050745,60,OSM:classe,1,60,
-8.102977,-71.054799,60,OSM:classe,1,60,
-8.100949,-71.058853,60,OSM:classe,1,60,
-8.098922,-71.062908,60,OSM:classe,1,60,
-8.096895,-71.066962,60,OSM:classe,1,60,
-8.094867,-71.071016,60,OSM:classe,1,60,
-8.092840,-71.075070,60,OSM:classe,1,60,
-8.090812,-71.079124,60,OSM:classe,1,60,
-8.090549,-71.079604,100,OSM:classe,1,80,
-8.089569,-71.081600,100,OSM:classe,1,80,
-8.087572,-71.085669,100,OSM:classe,1,80,
-8.085775,-71.089827,100,OSM:classe,1,80,
-8.085137,-71.094316,100,OSM:classe,1,80,
-8.084562,-71.098820,100,OSM:classe,1,80,
-8.083988,-71.103325,100,OSM:classe,1,80,
-8.083413,-71.107829,100,OSM:classe,1,80,
-8.082839,-71.112333,100,OSM:classe,1,80,
-8.082264,-71.116838,100,OSM:classe,1,80,
-8.081689,-71.121342,100,OSM:classe,1,80,
-8.081115,-71.125847,100,OSM:classe,1,80,
-8.080540,-71.130351,100,OSM:classe,1,80,
-8.079966,-71.134856,100,OSM:classe,1,80,
-8.079298,-71.139347,100,OSM:classe,1,80,
-8.078612,-71.143836,100,OSM:classe,1,80,
-8.077925,-71.148324,100,OSM:classe,1,80,
-8.077832,-71.149015,100,OSM:classe,1,80,
-8.077753,-71.149568,100,OSM:classe,1,80,
-8.077115,-71.154064,100,OSM:classe,1,80,
-8.076477,-71.158560,100,OSM:classe,1,80,
-8.075839,-71.163055,100,OSM:classe,1,80,
-8.075201,-71.167551,100,OSM:classe,1,80,
-8.074563,-71.172047,100,OSM:classe,1,80,
-8.072847,-71.176213,100,OSM:classe,1,80,
-8.072289,-71.177233,100,OSM:classe,1,80,
-8.071536,-71.178583,60,OSM:classe,1,60,
-8.069330,-71.182540,60,OSM:classe,1,60,
-8.067123,-71.186497,60,OSM:classe,1,60,
-8.064916,-71.190454,60,OSM:classe,1,60,
-8.062710,-71.194411,60,OSM:classe,1,60,
-8.060503,-71.198368,60,OSM:classe,1,60,
-8.059278,-71.202707,60,OSM:classe,1,60,
-8.059062,-71.207242,60,OSM:classe,1,60,
-8.058885,-71.211780,60,OSM:classe,1,60,
-8.058708,-71.216317,60,OSM:classe,1,60,
-8.058531,-71.220855,60,OSM:classe,1,60,
-8.058354,-71.225393,60,OSM:classe,1,60,
-8.058177,-71.229931,60,OSM:classe,1,60,
-8.058000,-71.234469,60,OSM:classe,1,60,
-8.057823,-71.239007,60,OSM:classe,1,60,
-8.057646,-71.243545,60,OSM:classe,1,60,
-8.057310,-71.248057,60,OSM:classe,1,60,
-8.056051,-71.252417,60,OSM:classe,1,60,
-8.055244,-71.256835,60,OSM:classe,1,60,
-8.054080,-71.261136,60,OSM:classe,1,60,
-8.052250,-71.265284,60,OSM:classe,1,60,
-8.050843,-71.269594,60,OSM:classe,1,60,
-8.049492,-71.273926,60,OSM:classe,1,60,
-8.048250,-71.278289,60,OSM:classe,1,60,
-8.047200,-71.282698,60,OSM:classe,1,60,
-8.046949,-71.287200,60,OSM:classe,1,60,
-8.046052,-71.291400,60,OSM:classe,1,60,
-8.043648,-71.295219,60,OSM:classe,1,60,
-8.041922,-71.299413,60,OSM:classe,1,60,
-8.040386,-71.303679,60,OSM:classe,1,60,
-8.038486,-71.307754,60,OSM:classe,1,60,
-8.036012,-71.311546,60,OSM:classe,1,60,
-8.033537,-71.315337,60,OSM:classe,1,60,
-8.031063,-71.319129,60,OSM:classe,1,60,
-8.028588,-71.322921,60,OSM:classe,1,60,
-8.026114,-71.326712,60,OSM:classe,1,60,
-8.023639,-71.330504,60,OSM:classe,1,60,
-8.021165,-71.334296,60,OSM:classe,1,60,
-8.018690,-71.338087,60,OSM:classe,1,60,
-8.016216,-71.341879,60,OSM:classe,1,60,
-8.013741,-71.345671,60,OSM:classe,1,60,
-8.011267,-71.349462,60,OSM:classe,1,60,
-8.008792,-71.353254,60,OSM:classe,1,60,
-8.006358,-71.357070,60,OSM:classe,1,60,
-8.004547,-71.361156,60,OSM:classe,1,60,
-8.001541,-71.364468,60,OSM:classe,1,60,
-7.999060,-71.368255,100,OSM:classe,1,80,
-7.996961,-71.371502,100,OSM:classe,1,80,
-7.994502,-71.375304,100,OSM:classe,1,80,
-7.992064,-71.379117,100,OSM:classe,1,80,
-7.990363,-71.383320,100,OSM:classe,1,80,
-7.988661,-71.387523,100,OSM:classe,1,80,
-7.986960,-71.391725,100,OSM:classe,1,80,
-7.985258,-71.395928,100,OSM:classe,1,80,
-7.983557,-71.400131,100,OSM:classe,1,80,
-7.981855,-71.404334,100,OSM:classe,1,80,
-7.980154,-71.408537,100,OSM:classe,1,80,
-7.978453,-71.412740,100,OSM:classe,1,80,
-7.976751,-71.416943,100,OSM:classe,1,80,
-7.975050,-71.421146,100,OSM:classe,1,80,
-7.973348,-71.425349,100,OSM:classe,1,80,
-7.971647,-71.429552,100,OSM:classe,1,80,
-7.969945,-71.433755,100,OSM:classe,1,80,
-7.968244,-71.437958,100,OSM:classe,1,80,
-7.966542,-71.442161,100,OSM:classe,1,80,
-7.964841,-71.446363,100,OSM:classe,1,80,
-7.963139,-71.450566,100,OSM:classe,1,80,
-7.961438,-71.454769,100,OSM:classe,1,80,
-7.959737,-71.458972,100,OSM:classe,1,80,
-7.958035,-71.463175,100,OSM:classe,1,80,
-7.956464,-71.467426,100,OSM:classe,1,80,
-7.955680,-71.471897,100,OSM:classe,1,80,
-7.954896,-71.476368,100,OSM:classe,1,80,
-7.954112,-71.480839,100,OSM:classe,1,80,
-7.953789,-71.482703,100,OSM:classe,1,80,
-7.953352,-71.485200,100,OSM:classe,1,80,
-7.952570,-71.489670,100,OSM:classe,1,80,
-7.951787,-71.494141,100,OSM:classe,1,80,
-7.951004,-71.498612,100,OSM:classe,1,80,
-7.950222,-71.503083,100,OSM:classe,1,80,
-7.949439,-71.507554,100,OSM:classe,1,80,
-7.948656,-71.512025,100,OSM:classe,1,80,
-7.947874,-71.516496,100,OSM:classe,1,80,
-7.947091,-71.520967,100,OSM:classe,1,80,
-7.946309,-71.525438,100,OSM:classe,1,80,
-7.945526,-71.529909,100,OSM:classe,1,80,
-7.944743,-71.534380,100,OSM:classe,1,80,
-7.943961,-71.538851,100,OSM:classe,1,80,
-7.943178,-71.543322,100,OSM:classe,1,80,
-7.942393,-71.547792,100,OSM:classe,1,80,
-7.940613,-71.551923,100,OSM:classe,1,80,
-7.938396,-71.555873,100,OSM:classe,1,80,
-7.936179,-71.559823,100,OSM:classe,1,80,
-7.933891,-71.563723,100,OSM:classe,1,80,
-7.930989,-71.567191,100,OSM:classe,1,80,
-7.928087,-71.570659,100,OSM:classe,1,80,
-7.925185,-71.574127,100,OSM:classe,1,80,
-7.922283,-71.577595,100,OSM:classe,1,80,
-7.921414,-71.578621,100,OSM:classe,1,80,
-7.918533,-71.582049,100,OSM:classe,1,80,
-7.915624,-71.585511,100,OSM:classe,1,80,
-7.913361,-71.589398,100,OSM:classe,1,80,
-7.911521,-71.593540,100,OSM:classe,1,80,
-7.909682,-71.597683,100,OSM:classe,1,80,
-7.907843,-71.601826,100,OSM:classe,1,80,
-7.906004,-71.605968,100,OSM:classe,1,80,
-7.904165,-71.610111,100,OSM:classe,1,80,
-7.902610,-71.614360,100,OSM:classe,1,80,
-7.901324,-71.618711,100,OSM:classe,1,80,
-7.900039,-71.623061,100,OSM:classe,1,80,
-7.898753,-71.627411,100,OSM:classe,1,80,
-7.897467,-71.631761,100,OSM:classe,1,80,
-7.896441,-71.636178,100,OSM:classe,1,80,
-7.895516,-71.640620,100,OSM:classe,1,80,
-7.894590,-71.645063,100,OSM:classe,1,80,
-7.893665,-71.649505,100,OSM:classe,1,80,
-7.892739,-71.653947,100,OSM:classe,1,80,
-7.891814,-71.658390,100,OSM:classe,1,80,
-7.890888,-71.662832,100,OSM:classe,1,80,
-7.889963,-71.667275,100,OSM:classe,1,80,
-7.889038,-71.671717,100,OSM:classe,1,80,
-7.888112,-71.676159,100,OSM:classe,1,80,
-7.887187,-71.680602,100,OSM:classe,1,80,
-7.886261,-71.685044,100,OSM:classe,1,80,
-7.885336,-71.689487,100,OSM:classe,1,80,
-7.884410,-71.693929,100,OSM:classe,1,80,
-7.883485,-71.698371,100,OSM:classe,1,80,
-7.882131,-71.702695,100,OSM:classe,1,80,
-7.880688,-71.706995,100,OSM:classe,1,80,
-7.879246,-71.711294,100,OSM:classe,1,80,
-7.877803,-71.715594,100,OSM:classe,1,80,
-7.876361,-71.719893,100,OSM:classe,1,80,
-7.874919,-71.724193,100,OSM:classe,1,80,
-7.873476,-71.728492,100,OSM:classe,1,80,
-7.872034,-71.732791,100,OSM:classe,1,80,
-7.870591,-71.737091,100,OSM:classe,1,80,
-7.869149,-71.741390,100,OSM:classe,1,80,
-7.867707,-71.745690,100,OSM:classe,1,80,
-7.866264,-71.749989,100,OSM:classe,1,80,
-7.864822,-71.754289,100,OSM:classe,1,80,
-7.863379,-71.758588,100,OSM:classe,1,80,
-7.861937,-71.762888,100,OSM:classe,1,80,
-7.860494,-71.767187,100,OSM:classe,1,80,
-7.859052,-71.771487,100,OSM:classe,1,80,
-7.857610,-71.775786,100,OSM:classe,1,80,
-7.856167,-71.780086,100,OSM:classe,1,80,
-7.854725,-71.784385,100,OSM:classe,1,80,
-7.853550,-71.788766,100,OSM:classe,1,80,
-7.852401,-71.793154,100,OSM:classe,1,80,
-7.851251,-71.797543,100,OSM:classe,1,80,
-7.851093,-71.798549,60,OSM:classe,1,60,
-7.850389,-71.803032,60,OSM:classe,1,60,
-7.850342,-71.803429,60,OSM:classe,1,60,
-7.850288,-71.803883,60,OSM:classe,1,60,
-7.849921,-71.808402,60,OSM:classe,1,60,
-7.849688,-71.812932,60,OSM:classe,1,60,
-7.849152,-71.817438,60,OSM:classe,1,60,
-7.848615,-71.821945,60,OSM:classe,1,60,
-7.848078,-71.826452,60,OSM:classe,1,60,
-7.846993,-71.830843,60,OSM:classe,1,60,
-7.845696,-71.835189,60,OSM:classe,1,60,
-7.844400,-71.839535,60,OSM:classe,1,60,
-7.843104,-71.843882,60,OSM:classe,1,60,
-7.841808,-71.848228,60,OSM:classe,1,60,
-7.840512,-71.852575,60,OSM:classe,1,60,
-7.839216,-71.856921,60,OSM:classe,1,60,
-7.837920,-71.861268,60,OSM:classe,1,60,
-7.836862,-71.865676,60,OSM:classe,1,60,
-7.835916,-71.870113,60,OSM:classe,1,60,
-7.834971,-71.874551,60,OSM:classe,1,60,
-7.834026,-71.878988,60,OSM:classe,1,60,
-7.833080,-71.883426,60,OSM:classe,1,60,
-7.832135,-71.887863,60,OSM:classe,1,60,
-7.831189,-71.892301,60,OSM:classe,1,60,
-7.830244,-71.896738,60,OSM:classe,1,60,
-7.830034,-71.897757,100,OSM:classe,1,80,
-7.829896,-71.898405,100,OSM:classe,1,80,
-7.829181,-71.901780,100,OSM:classe,1,80,
-7.828241,-71.906218,100,OSM:classe,1,80,
-7.827301,-71.910657,100,OSM:classe,1,80,
-7.826361,-71.915096,100,OSM:classe,1,80,
-7.825421,-71.919534,100,OSM:classe,1,80,
-7.824481,-71.923973,100,OSM:classe,1,80,
-7.823542,-71.928411,100,OSM:classe,1,80,
-7.822602,-71.932850,100,OSM:classe,1,80,
-7.821662,-71.937288,100,OSM:classe,1,80,
-7.820722,-71.941727,100,OSM:classe,1,80,
-7.819782,-71.946165,100,OSM:classe,1,80,
-7.818842,-71.950604,100,OSM:classe,1,80,
-7.817902,-71.955043,100,OSM:classe,1,80,
-7.816962,-71.959481,100,OSM:classe,1,80,
-7.816022,-71.963920,100,OSM:classe,1,80,
-7.815082,-71.968358,100,OSM:classe,1,80,
-7.814143,-71.972797,100,OSM:classe,1,80,
-7.813203,-71.977235,100,OSM:classe,1,80,
-7.812263,-71.981674,100,OSM:classe,1,80,
-7.811323,-71.986112,100,OSM:classe,1,80,
-7.810383,-71.990551,100,OSM:classe,1,80,
-7.809443,-71.994990,100,OSM:classe,1,80,
-7.808241,-71.999356,100,OSM:classe,1,80,
-7.806611,-72.003587,100,OSM:classe,1,80,
-7.804981,-72.007817,100,OSM:classe,1,80,
-7.803352,-72.012047,100,OSM:classe,1,80,
-7.801722,-72.016277,100,OSM:classe,1,80,
-7.800092,-72.020507,100,OSM:classe,1,80,
-7.799525,-72.021925,60,OSM:classe,1,60,
-7.797858,-72.026141,60,OSM:classe,1,60,
-7.796191,-72.030356,60,OSM:classe,1,60,
-7.794525,-72.034571,60,OSM:classe,1,60,
-7.792860,-72.038787,60,OSM:classe,1,60,
-7.791749,-72.043165,60,OSM:classe,1,60,
-7.791253,-72.047676,60,OSM:classe,1,60,
-7.790757,-72.052187,60,OSM:classe,1,60,
-7.790262,-72.056698,60,OSM:classe,1,60,
-7.789766,-72.061209,60,OSM:classe,1,60,
-7.789271,-72.065720,60,OSM:classe,1,60,
-7.788775,-72.070231,60,OSM:classe,1,60,
-7.788280,-72.074741,60,OSM:classe,1,60,
-7.787784,-72.079252,60,OSM:classe,1,60,
-7.787383,-72.082902,60,OSM:classe,1,60,
-7.787338,-72.083288,60,OSM:classe,1,60,
-7.786815,-72.087795,60,OSM:classe,1,60,
-7.786291,-72.092303,60,OSM:classe,1,60,
-7.785767,-72.096810,60,OSM:classe,1,60,
-7.785244,-72.101318,60,OSM:classe,1,60,
-7.784720,-72.105825,60,OSM:classe,1,60,
-7.784196,-72.110333,60,OSM:classe,1,60,
-7.783672,-72.114840,60,OSM:classe,1,60,
-7.783149,-72.119348,60,OSM:classe,1,60,
-7.782625,-72.123855,60,OSM:classe,1,60,
-7.782101,-72.128363,60,OSM:classe,1,60,
-7.781578,-72.132870,60,OSM:classe,1,60,
-7.781054,-72.137378,60,OSM:classe,1,60,
-7.780530,-72.141885,60,OSM:classe,1,60,
-7.780007,-72.146393,60,OSM:classe,1,60,
-7.779483,-72.150900,60,OSM:classe,1,60,
-7.778959,-72.155408,60,OSM:classe,1,60,
-7.778435,-72.159915,60,OSM:classe,1,60,
-7.777912,-72.164423,60,OSM:classe,1,60,
-7.777388,-72.168930,60,OSM:classe,1,60,
-7.776864,-72.173438,60,OSM:classe,1,60,
-7.776341,-72.177945,60,OSM:classe,1,60,
-7.775817,-72.182453,60,OSM:classe,1,60,
-7.775293,-72.186960,60,OSM:classe,1,60,
-7.774770,-72.191468,60,OSM:classe,1,60,
-7.774246,-72.195975,60,OSM:classe,1,60,
-7.773722,-72.200483,60,OSM:classe,1,60,
-7.773221,-72.204993,60,OSM:classe,1,60,
-7.772721,-72.209503,60,OSM:classe,1,60,
-7.772220,-72.214013,60,OSM:classe,1,60,
-7.771720,-72.218523,60,OSM:classe,1,60,
-7.771219,-72.223033,60,OSM:classe,1,60,
-7.770719,-72.227543,60,OSM:classe,1,60,
-7.770219,-72.232053,60,OSM:classe,1,60,
-7.769718,-72.236564,60,OSM:classe,1,60,
-7.769654,-72.241099,60,OSM:classe,1,60,
-7.769634,-72.245050,60,OSM:classe,1,60,
-7.769632,-72.245926,100,OSM:classe,1,80,
-7.769584,-72.250464,100,OSM:classe,1,80,
-7.769537,-72.255002,100,OSM:classe,1,80,
-7.769432,-72.259531,100,OSM:classe,1,80,
-7.767553,-72.263627,100,OSM:classe,1,80,
-7.766091,-72.267848,100,OSM:classe,1,80,
-7.765564,-72.272355,100,OSM:classe,1,80,
-7.765036,-72.276862,100,OSM:classe,1,80,
-7.764509,-72.281369,100,OSM:classe,1,80,
-7.763981,-72.285876,100,OSM:classe,1,80,
-7.763454,-72.290382,100,OSM:classe,1,80,
-7.762926,-72.294889,100,OSM:classe,1,80,
-7.762399,-72.299396,100,OSM:classe,1,80,
-7.762118,-72.484579,60,OSM,0,,
-7.761871,-72.303903,100,OSM:classe,1,80,
-7.761344,-72.308410,100,OSM:classe,1,80,
-7.760816,-72.312917,100,OSM:classe,1,80,
-7.760491,-72.483904,60,OSM,0,,
-7.760289,-72.317423,100,OSM:classe,1,80,
-7.759778,-72.484097,60,OSM,0,,
-7.759761,-72.321930,100,OSM:classe,1,80,
-7.759234,-72.326437,100,OSM:classe,1,80,
-7.758706,-72.330944,100,OSM:classe,1,80,
-7.758657,-72.488512,60,OSM,0,,
-7.758295,-72.486307,60,OSM,0,,
-7.758179,-72.335451,100,OSM:classe,1,80,
-7.757651,-72.339957,100,OSM:classe,1,80,
-7.757124,-72.344464,100,OSM:classe,1,80,
-7.756596,-72.348971,100,OSM:classe,1,80,
-7.756440,-72.491859,60,OSM,0,,
-7.756069,-72.353478,100,OSM:classe,1,80,
-7.755541,-72.357985,100,OSM:classe,1,80,
-7.755122,-72.492683,60,OSM,0,,
-7.755014,-72.362492,100,OSM:classe,1,80,
-7.754487,-72.366998,100,OSM:classe,1,80,
-7.753959,-72.371505,100,OSM:classe,1,80,
-7.753565,-72.493088,60,OSM,0,,
-7.753432,-72.376012,100,OSM:classe,1,80,
-7.752904,-72.380519,100,OSM:classe,1,80,
-7.752785,-72.381537,100,OSM:classe,1,80,
-7.752753,-72.381798,60,OSM:classe,1,60,
-7.752288,-72.386311,60,OSM:classe,1,60,
-7.751823,-72.390825,60,OSM:classe,1,60,
-7.751358,-72.395339,60,OSM:classe,1,60,
-7.750893,-72.399853,60,OSM:classe,1,60,
-7.750428,-72.404366,60,OSM:classe,1,60,
-7.749963,-72.408880,60,OSM:classe,1,60,
-7.749498,-72.413394,60,OSM:classe,1,60,
-7.749033,-72.417907,60,OSM:classe,1,60,
-7.748811,-72.491949,60,OSM,0,,
-7.748568,-72.422421,60,OSM:classe,1,60,
-7.748103,-72.426935,60,OSM:classe,1,60,
-7.747638,-72.431449,60,OSM:classe,1,60,
-7.747173,-72.435962,60,OSM:classe,1,60,
-7.746708,-72.440476,60,OSM:classe,1,60,
-7.746243,-72.444990,60,OSM:classe,1,60,
-7.745786,-72.487932,60,OSM,0,,
-7.745714,-72.488437,60,OSM,0,,
-7.744852,-72.449281,60,OSM:classe,1,60,
-7.743600,-72.466681,60,OSM:classe,1,60,
-7.743178,-72.471193,60,OSM:classe,1,60,
-7.742878,-72.453358,60,OSM:classe,1,60,
-7.742812,-72.462227,60,OSM:classe,1,60,
-7.742678,-72.475703,60,OSM:classe,1,60,
-7.742118,-72.480203,60,OSM:classe,1,60,
-7.742065,-72.457774,60,OSM:classe,1,60,
-7.741264,-72.484659,60,OSM:classe,1,60,
-7.740983,-72.489186,60,OSM:classe,1,60,
-7.740486,-72.493696,60,OSM:classe,1,60,
-7.740306,-72.495330,100,OSM:classe,1,80,
-7.740216,-72.496092,100,OSM:classe,1,80,
-7.739651,-72.500593,100,OSM:classe,1,80,
-7.739277,-72.662169,60,OSM:classe,1,50,
-7.739085,-72.505095,100,OSM:classe,1,80,
-7.739000,-72.666475,60,OSM:classe,1,50,
-7.738860,-72.697454,60,OSM:classe,1,50,
-7.738519,-72.509597,100,OSM:classe,1,80,
-7.738481,-72.701919,60,OSM:classe,1,50,
-7.738295,-72.693061,60,OSM:classe,1,50,
-7.738095,-72.656630,60,OSM:classe,1,50,
-7.737989,-72.657831,60,OSM:classe,1,50,
-7.737954,-72.514099,100,OSM:classe,1,80,
-7.737798,-72.656637,60,OSM:classe,1,50,
-7.737789,-72.652103,60,OSM:classe,1,40,
-7.737657,-72.650155,60,OSM:classe,1,40,
-7.737526,-72.650164,60,OSM:classe,1,40,
-7.737388,-72.518601,100,OSM:classe,1,80,
-7.737384,-72.647983,60,OSM:classe,1,40,
-7.737361,-72.647200,60,OSM:classe,1,40,
-7.737276,-72.655552,60,OSM:classe,1,50,
-7.736944,-72.705770,60,OSM:classe,1,50,
-7.736822,-72.523103,100,OSM:classe,1,80,
-7.736788,-72.706379,60,OSM:classe,1,50,
-7.736622,-72.647173,60,OSM:classe,1,40,
-7.736517,-72.670112,60,OSM:classe,1,50,
-7.736256,-72.527605,100,OSM:classe,1,80,
-7.736083,-72.710860,60,OSM:classe,1,50,
-7.735885,-72.674517,60,OSM:classe,1,50,
-7.735831,-72.689382,60,OSM:classe,1,50,
-7.735691,-72.532107,100,OSM:classe,1,80,
-7.735625,-72.651335,60,OSM:classe,1,50,
-7.735554,-72.650227,60,OSM:classe,1,40,
-7.735418,-72.648096,60,OSM:classe,1,40,
-7.735357,-72.647146,60,OSM:classe,1,40,
-7.735125,-72.536608,100,OSM:classe,1,80,
-7.734663,-72.651402,60,OSM:classe,1,50,
-7.734659,-72.714967,60,OSM:classe,1,50,
-7.734559,-72.541110,100,OSM:classe,1,80,
-7.734103,-72.544741,100,OSM:classe,1,80,
-7.734008,-72.545531,100,OSM:classe,1,80,
-7.733476,-72.550037,100,OSM:classe,1,80,
-7.733271,-72.678152,60,OSM:classe,1,50,
-7.732944,-72.554543,100,OSM:classe,1,80,
-7.732435,-72.686407,60,OSM:classe,1,50,
-7.732412,-72.559049,100,OSM:classe,1,80,
-7.732341,-72.651555,60,OSM:classe,1,40,
-7.732162,-72.648286,60,OSM:classe,1,40,
-7.732150,-72.647289,60,OSM:classe,1,40,
-7.731880,-72.563555,100,OSM:classe,1,80,
-7.731767,-72.682406,60,OSM:classe,1,50,
-7.731419,-72.654506,30,OSM,0,,
-7.731348,-72.568061,100,OSM:classe,1,80,
-7.731014,-72.647099,30,OSM,0,,
-7.730989,-72.717567,60,OSM:classe,1,50,
-7.730816,-72.572567,100,OSM:classe,1,80,
-7.730284,-72.577073,100,OSM:classe,1,80,
-7.730177,-72.651715,60,OSM:classe,1,50,
-7.729752,-72.581579,100,OSM:classe,1,80,
-7.729220,-72.586085,100,OSM:classe,1,80,
-7.728688,-72.590591,100,OSM:classe,1,80,
-7.728156,-72.595097,100,OSM:classe,1,80,
-7.727624,-72.599602,100,OSM:classe,1,80,
-7.727352,-72.720173,60,OSM:classe,1,50,
-7.727074,-72.604106,100,OSM:classe,1,80,
-7.726497,-72.608606,100,OSM:classe,1,80,
-7.725919,-72.613107,100,OSM:classe,1,80,
-7.725692,-72.651936,60,OSM:classe,1,50,
-7.725569,-72.728496,60,OSM:classe,1,50,
-7.725485,-72.723959,60,OSM:classe,1,50,
-7.725342,-72.617607,100,OSM:classe,1,80,
-7.725309,-72.733023,60,OSM:classe,1,50,
-7.725134,-72.735308,60,OSM:classe,1,50,
-7.725129,-72.735634,60,OSM:classe,1,50,
-7.725068,-72.736737,60,OSM:classe,1,50,
-7.724987,-72.741185,60,OSM:classe,1,50,
-7.724764,-72.622107,100,OSM:classe,1,80,
-7.724187,-72.626607,100,OSM:classe,1,80,
-7.723610,-72.631107,100,OSM:classe,1,80,
-7.723547,-72.743329,60,OSM:classe,1,50,
-7.723162,-72.648367,60,OSM:classe,1,50,
-7.723032,-72.635608,100,OSM:classe,1,80,
-7.722455,-72.640108,100,OSM:classe,1,80,
-7.722227,-72.643326,100,OSM:classe,1,80,
-7.722091,-72.646352,80,OSM:classe,1,60,
-7.722085,-72.642989,100,OSM:classe,1,80,
-7.721973,-72.644041,80,OSM:classe,1,60,
-7.721925,-72.643258,100,OSM:classe,1,80,
-7.721862,-72.643688,80,OSM:classe,1,60,
-7.721857,-72.643303,100,OSM:classe,1,80,
-7.721404,-72.643369,100,OSM:classe,1,80,
-7.721333,-72.645206,80,OSM:classe,1,60,
-7.720993,-72.747064,60,OSM:classe,1,50,
-7.718440,-72.750799,60,OSM:classe,1,50,
-7.717217,-72.642577,60,OSM:classe,1,60,
-7.715886,-72.754534,60,OSM:classe,1,50,
-7.713333,-72.758269,60,OSM:classe,1,50,
-7.712797,-72.641741,60,OSM:classe,1,60,
-7.710737,-72.761973,60,OSM:classe,1,50,
-7.708348,-72.641091,60,OSM:classe,1,60,
-7.708219,-72.765719,60,OSM:classe,1,50,
-7.705695,-72.769472,60,OSM:classe,1,50,
-7.703890,-72.640499,60,OSM:classe,1,60,
-7.703141,-72.773207,60,OSM:classe,1,50,
-7.700587,-72.776941,60,OSM:classe,1,50,
-7.699421,-72.640022,60,OSM:classe,1,60,
-7.698034,-72.780676,60,OSM:classe,1,50,
-7.695480,-72.784410,60,OSM:classe,1,50,
-7.694933,-72.639743,60,OSM:classe,1,60,
-7.692926,-72.788145,60,OSM:classe,1,50,
-7.690444,-72.639465,60,OSM:classe,1,60,
-7.690372,-72.791879,60,OSM:classe,1,50,
-7.687818,-72.795614,60,OSM:classe,1,50,
-7.686461,-72.799888,60,OSM:classe,1,50,
-7.685968,-72.639458,60,OSM:classe,1,60,
-7.685561,-72.804333,60,OSM:classe,1,50,
-7.682583,-72.807232,60,OSM:classe,1,50,
-7.681762,-72.807507,80,OSM:classe,1,60,
-7.681521,-72.807585,80,OSM:classe,1,60,
-7.681493,-72.639835,60,OSM:classe,1,60,
-7.678322,-72.860863,60,OSM:classe,1,40,
-7.677201,-72.808846,80,OSM:classe,1,60,
-7.677183,-72.857193,60,OSM:classe,1,40,
-7.677001,-72.640041,60,OSM:classe,1,60,
-7.674660,-72.862872,60,OSM:classe,1,40,
-7.673696,-72.809870,80,OSM:classe,1,60,
-7.673529,-73.095616,60,OSM:classe,1,40,
-7.673364,-72.867151,60,OSM:classe,1,40,
-7.673117,-72.855789,60,OSM:classe,1,40,
-7.673043,-72.834775,60,OSM:classe,1,40,
-7.672623,-72.830373,60,OSM:classe,1,40,
-7.672605,-72.639458,60,OSM:classe,1,60,
-7.672508,-72.871606,60,OSM:classe,1,40,
-7.671758,-73.092294,60,OSM:classe,1,40,
-7.671653,-72.876060,60,OSM:classe,1,40,
-7.671338,-72.826035,60,OSM:classe,1,40,
-7.671227,-72.838846,60,OSM:classe,1,40,
-7.670797,-72.880514,60,OSM:classe,1,40,
-7.670128,-73.088390,60,OSM:classe,1,40,
-7.669942,-72.884969,60,OSM:classe,1,40,
-7.669732,-72.821797,60,OSM:classe,1,40,
-7.669372,-72.811115,60,OSM:classe,1,50,
-7.669087,-72.889423,60,OSM:classe,1,40,
-7.668701,-72.842597,60,OSM:classe,1,40,
-7.668620,-72.855741,60,OSM:classe,1,40,
-7.668356,-72.640940,60,OSM:classe,1,60,
-7.668346,-73.084225,60,OSM:classe,1,40,
-7.668231,-72.893877,60,OSM:classe,1,40,
-7.667944,-72.817645,60,OSM:classe,1,40,
-7.667793,-72.846927,60,OSM:classe,1,40,
-7.667682,-72.851463,60,OSM:classe,1,40,
-7.667376,-72.898332,60,OSM:classe,1,40,
-7.666790,-72.813264,60,OSM:classe,1,40,
-7.666565,-73.080059,60,OSM:classe,1,40,
-7.666520,-72.902786,60,OSM:classe,1,40,
-7.666457,-72.811954,60,OSM:classe,1,50,
-7.665665,-72.907240,60,OSM:classe,1,40,
-7.665013,-72.910632,60,OSM:classe,1,40,
-7.664615,-73.075975,60,OSM:classe,1,40,
-7.664230,-72.642743,60,OSM:classe,1,60,
-7.662354,-72.813258,60,OSM:classe,1,50,
-7.662020,-72.813391,60,OSM:classe,1,50,
-7.661504,-72.646167,60,OSM:classe,1,60,
-7.660404,-73.074786,60,OSM:classe,1,40,
-7.660293,-73.074709,60,OSM:classe,1,40,
-7.658975,-73.074509,60,OSM:classe,1,40,
-7.658864,-73.070762,60,OSM:classe,1,40,
-7.658480,-72.816072,60,OSM:classe,1,50,
-7.658343,-73.066322,60,OSM:classe,1,40,
-7.657676,-72.648139,60,OSM:classe,1,60,
-7.657029,-73.057737,60,OSM:classe,1,40,
-7.656863,-73.062184,60,OSM:classe,1,40,
-7.656324,-72.819972,60,OSM:classe,1,50,
-7.656283,-72.820092,80,OSM:classe,1,60,
-7.656148,-72.820460,80,OSM:classe,1,60,
-7.656102,-72.821005,60,OSM:classe,1,50,
-7.656097,-72.820543,80,OSM:classe,1,60,
-7.655997,-72.820332,80,OSM:classe,1,60,
-7.655971,-72.820545,80,OSM:classe,1,60,
-7.655618,-72.820065,80,OSM:classe,1,60,
-7.655178,-73.053602,60,OSM:classe,1,40,
-7.654615,-72.825216,60,OSM:classe,1,50,
-7.654297,-73.049245,60,OSM:classe,1,40,
-7.653218,-72.648464,60,OSM:classe,1,60,
-7.652702,-72.829322,60,OSM:classe,1,50,
-7.651828,-72.817972,80,OSM:classe,1,60,
-7.651407,-73.049285,60,OSM:classe,1,40,
-7.650686,-72.833373,60,OSM:classe,1,50,
-7.649463,-72.649909,60,OSM:classe,1,60,
-7.648990,-73.045469,60,OSM:classe,1,40,
-7.648389,-72.837274,60,OSM:classe,1,50,
-7.647902,-72.815763,80,OSM:classe,1,60,
-7.646588,-73.041689,60,OSM:classe,1,40,
-7.646564,-72.653348,60,OSM:classe,1,60,
-7.646506,-72.841343,60,OSM:classe,1,50,
-7.645470,-72.845758,60,OSM:classe,1,50,
-7.644738,-72.657461,60,OSM:classe,1,60,
-7.644434,-72.850173,60,OSM:classe,1,50,
-7.644270,-72.661960,60,OSM:classe,1,60,
-7.644095,-72.813352,80,OSM:classe,1,60,
-7.643952,-73.038133,60,OSM:classe,1,40,
-7.643313,-72.666212,60,OSM:classe,1,60,
-7.642216,-72.666922,60,OSM:classe,1,60,
-7.641974,-72.853953,60,OSM:classe,1,50,
-7.641861,-72.667143,60,OSM:classe,1,60,
-7.641404,-72.809718,80,OSM:classe,1,60,
-7.641263,-73.034545,60,OSM:classe,1,40,
-7.639745,-72.857885,60,OSM:classe,1,50,
-7.639318,-72.805766,80,OSM:classe,1,60,
-7.638641,-73.030896,60,OSM:classe,1,40,
-7.638494,-72.672875,60,OSM:classe,1,40,
-7.638353,-72.669244,60,OSM:classe,1,60,
-7.638031,-72.669520,60,OSM:classe,1,60,
-7.637994,-72.669460,60,OSM:classe,1,60,
-7.637940,-72.669578,60,OSM:classe,1,60,
-7.637893,-72.669517,60,OSM:classe,1,60,
-7.637679,-72.861914,60,OSM:classe,1,50,
-7.637489,-72.673824,60,OSM:classe,1,40,
-7.636945,-72.670312,60,OSM:classe,1,40,
-7.636927,-72.670216,60,OSM:classe,1,50,
-7.636889,-72.670134,60,OSM:classe,1,60,
-7.636872,-72.670250,60,OSM:classe,1,60,
-7.636861,-73.026752,60,OSM:classe,1,40,
-7.636831,-72.670171,60,OSM:classe,1,50,
-7.636648,-72.669604,40,OSM:classe,1,40,
-7.636596,-72.669759,40,OSM:classe,1,40,
-7.636279,-72.668948,60,OSM:classe,1,50,
-7.636240,-72.670639,60,OSM:classe,1,50,
-7.636011,-72.669261,60,OSM:classe,1,50,
-7.635948,-72.669185,60,OSM:classe,1,50,
-7.635936,-72.803791,80,OSM:classe,1,60,
-7.635716,-73.022531,60,OSM:classe,1,40,
-7.635613,-72.865944,60,OSM:classe,1,50,
-7.634844,-72.675389,60,OSM:classe,1,40,
-7.634603,-72.670074,60,OSM:classe,1,50,
-7.634150,-72.667153,60,OSM:classe,1,40,
-7.634148,-72.675906,60,OSM:classe,1,40,
-7.633929,-72.667289,60,OSM:classe,1,40,
-7.633788,-73.018433,60,OSM:classe,1,40,
-7.633665,-72.676210,60,OSM:classe,1,40,
-7.633546,-72.869973,60,OSM:classe,1,50,
-7.633032,-72.672599,60,OSM:classe,1,50,
-7.632738,-72.665793,60,OSM:classe,1,40,
-7.632546,-72.671711,40,OSM:classe,1,40,
-7.632504,-72.872006,60,OSM:classe,1,50,
-7.632462,-72.665960,60,OSM:classe,1,40,
-7.632402,-72.673002,60,OSM:classe,1,50,
-7.632293,-72.671774,60,OSM:classe,1,50,
-7.632256,-72.665123,60,OSM:classe,1,40,
-7.632201,-72.664883,60,OSM:classe,1,40,
-7.632168,-72.664821,60,OSM:classe,1,40,
-7.632088,-72.664871,60,OSM:classe,1,40,
-7.631819,-72.664421,60,OSM:classe,1,40,
-7.631547,-72.802987,80,OSM:classe,1,60,
-7.631466,-72.663739,60,OSM:classe,1,40,
-7.631233,-72.677705,60,OSM:classe,1,40,
-7.631152,-72.672916,60,OSM:classe,1,50,
-7.631007,-72.677753,60,OSM:classe,1,40,
-7.630814,-72.874236,60,OSM:classe,1,50,
-7.630586,-73.015281,60,OSM:classe,1,40,
-7.630358,-72.662055,60,OSM:classe,1,40,
-7.630230,-72.666048,60,OSM:classe,1,40,
-7.629829,-72.678576,60,OSM:classe,1,40,
-7.629528,-72.660635,60,OSM:classe,1,40,
-7.628897,-72.799328,80,OSM:classe,1,60,
-7.628895,-72.674433,60,OSM:classe,1,50,
-7.628608,-72.675433,60,OSM:classe,1,50,
-7.628471,-72.877313,60,OSM:classe,1,50,
-7.628425,-72.674547,60,OSM:classe,1,40,
-7.628372,-72.674470,60,OSM:classe,1,40,
-7.628037,-72.674493,60,OSM:classe,1,50,
-7.627369,-73.012206,60,OSM:classe,1,40,
-7.627169,-72.680118,60,OSM:classe,1,40,
-7.627131,-72.656796,60,OSM:classe,1,40,
-7.627078,-72.664054,60,OSM:classe,1,40,
-7.626658,-72.657096,60,OSM:classe,1,40,
-7.626532,-72.668349,60,OSM:classe,1,40,
-7.626424,-72.682949,60,OSM:classe,1,50,
-7.626343,-72.683984,60,OSM:classe,1,50,
-7.626270,-72.683906,60,OSM:classe,1,50,
-7.626200,-72.684597,60,OSM:classe,1,40,
-7.626186,-72.795725,80,OSM:classe,1,60,
-7.626171,-72.684699,60,OSM:classe,1,40,
-7.626130,-72.681290,40,OSM:classe,1,40,
-7.625992,-72.680942,60,OSM:classe,1,40,
-7.625969,-72.676501,60,OSM:classe,1,40,
-7.625948,-72.680870,60,OSM:classe,1,40,
-7.625925,-72.880995,60,OSM:classe,1,50,
-7.625915,-72.680985,60,OSM:classe,1,40,
-7.625874,-72.680910,60,OSM:classe,1,40,
-7.625477,-72.681244,60,OSM:classe,1,40,
-7.625341,-72.679889,60,OSM:classe,1,50,
-7.625194,-72.885471,60,OSM:classe,1,50,
-7.624799,-72.677709,60,OSM:classe,1,50,
-7.624736,-72.678958,60,OSM:classe,1,50,
-7.624694,-72.685816,40,OSM:classe,1,40,
-7.624673,-72.679008,60,OSM:classe,1,50,
-7.624462,-72.889947,60,OSM,0,,
-7.624419,-73.008805,60,OSM:classe,1,40,
-7.624409,-72.667094,60,OSM:classe,1,40,
-7.624163,-72.674310,60,OSM:classe,1,50,
-7.624144,-72.677972,60,OSM:classe,1,50,
-7.624061,-72.678022,60,OSM:classe,1,50,
-7.624044,-72.677914,60,OSM:classe,1,40,
-7.624005,-72.682410,60,OSM:classe,1,40,
-7.623870,-72.672568,60,OSM:classe,1,50,
-7.623840,-72.672518,60,OSM:classe,1,50,
-7.623820,-72.891279,60,OSM,0,,
-7.623797,-72.672988,60,OSM:classe,1,50,
-7.623780,-72.672599,60,OSM:classe,1,50,
-7.623665,-72.690241,60,OSM:classe,1,50,
-7.623653,-72.672161,60,OSM:classe,1,50,
-7.623642,-72.686177,60,OSM:classe,1,50,
-7.623552,-72.686929,60,OSM:classe,1,50,
-7.623522,-72.686485,60,OSM:classe,1,40,
-7.623521,-72.686602,60,OSM:classe,1,50,
-7.623521,-72.686203,60,OSM:classe,1,50,
-7.623484,-72.686922,60,OSM:classe,1,50,
-7.623425,-72.691445,60,OSM:classe,1,50,
-7.623409,-72.686629,60,OSM:classe,1,40,
-7.623389,-72.686477,60,OSM:classe,1,50,
-7.623351,-72.681205,60,OSM:classe,1,40,
-7.623326,-72.659212,60,OSM:classe,1,40,
-7.623242,-72.671537,60,OSM:classe,1,50,
-7.623216,-72.686622,60,OSM:classe,1,40,
-7.623046,-72.671174,60,OSM:classe,1,50,
-7.623009,-72.671145,60,OSM:classe,1,40,
-7.622997,-72.671241,60,OSM:classe,1,50,
-7.622967,-72.671155,60,OSM:classe,1,50,
-7.622832,-72.670913,40,OSM:classe,1,40,
-7.622705,-72.670730,60,OSM:classe,1,40,
-7.622605,-72.694641,60,OSM:classe,1,50,
-7.622566,-72.655819,60,OSM:classe,1,40,
-7.622479,-72.678948,60,OSM:classe,1,40,
-7.622327,-72.671165,60,OSM:classe,1,50,
-7.622260,-73.004839,60,OSM:classe,1,40,
-7.622205,-72.695812,60,OSM:classe,1,50,
-7.622102,-72.796329,80,OSM:classe,1,60,
-7.622025,-72.679277,60,OSM:classe,1,40,
-7.622000,-72.683215,60,OSM:classe,1,40,
-7.621905,-72.678443,60,OSM:classe,1,40,
-7.621792,-72.678682,60,OSM:classe,1,40,
-7.621678,-72.678538,60,OSM:classe,1,40,
-7.621674,-72.674059,60,OSM:classe,1,40,
-7.621614,-72.668881,60,OSM:classe,1,40,
-7.621608,-72.678572,60,OSM:classe,1,40,
-7.621600,-72.683543,60,OSM:classe,1,40,
-7.621530,-72.678475,60,OSM:classe,1,40,
-7.621466,-72.678354,60,OSM:classe,1,40,
-7.621392,-72.678637,60,OSM:classe,1,40,
-7.621334,-72.687669,60,OSM:classe,1,40,
-7.621157,-72.656115,60,OSM:classe,1,40,
-7.621099,-72.678711,60,OSM:classe,1,40,
-7.621091,-72.677706,60,OSM:classe,1,40,
-7.620773,-72.677268,60,OSM:classe,1,40,
-7.620669,-72.660899,60,OSM:classe,1,40,
-7.620513,-72.698556,60,OSM:classe,1,50,
-7.620498,-72.667036,60,OSM:classe,1,40,
-7.620449,-72.698472,60,OSM:classe,1,50,
-7.620422,-72.797235,60,OSM:classe,1,50,
-7.620421,-72.698608,60,OSM:classe,1,50,
-7.620364,-72.657036,60,OSM:classe,1,40,
-7.620338,-72.676579,60,OSM:classe,1,40,
-7.620295,-72.671817,60,OSM:classe,1,40,
-7.620244,-72.656855,60,OSM:classe,1,40,
-7.620032,-73.000901,60,OSM:classe,1,40,
-7.619944,-72.659595,60,OSM:classe,1,40,
-7.619884,-72.679567,60,OSM:classe,1,40,
-7.619403,-72.687401,60,OSM:classe,1,40,
-7.619246,-72.674722,60,OSM:classe,1,40,
-7.619205,-72.674796,60,OSM:classe,1,40,
-7.619120,-72.663364,60,OSM:classe,1,40,
-7.618788,-72.673180,60,OSM:classe,1,50,
-7.618635,-72.673894,60,OSM:classe,1,40,
-7.618421,-72.673398,60,OSM:classe,1,50,
-7.618413,-72.673415,60,OSM:classe,1,40,
-7.618393,-72.673432,60,OSM:classe,1,50,
-7.618368,-72.673435,60,OSM:classe,1,40,
-7.618336,-72.673361,60,OSM:classe,1,50,
-7.618227,-72.798325,60,OSM:classe,1,50,
-7.618127,-72.685519,60,OSM:classe,1,40,
-7.617891,-72.667983,60,OSM:classe,1,40,
-7.617812,-72.673390,60,OSM:classe,1,50,
-7.617724,-72.685841,60,OSM:classe,1,40,
-7.617522,-72.997144,60,OSM:classe,1,40,
-7.617385,-72.667050,60,OSM:classe,1,40,
-7.617181,-72.900083,60,OSM,0,,
-7.616555,-72.665853,60,OSM:classe,1,40,
-7.616520,-72.700678,60,OSM:classe,1,50,
-7.616492,-72.700814,60,OSM:classe,1,50,
-7.616375,-72.684183,60,OSM:classe,1,40,
-7.616242,-72.658881,60,OSM:classe,1,40,
-7.615787,-72.681132,60,OSM:classe,1,40,
-7.615469,-72.665387,60,OSM:classe,1,40,
-7.614996,-72.659386,60,OSM:classe,1,40,
-7.614961,-72.901175,60,OSM,0,,
-7.614646,-72.993701,60,OSM:classe,1,40,
-7.614220,-72.662544,60,OSM:classe,1,40,
-7.613837,-72.799187,60,OSM:classe,1,50,
-7.613616,-72.901846,60,OSM,0,,
-7.613602,-72.901964,60,OSM,0,,
-7.613582,-72.673936,60,OSM:classe,1,50,
-7.613512,-72.669354,60,OSM:classe,1,40,
-7.612776,-72.904357,60,OSM,0,,
-7.612687,-72.904600,60,OSM,0,,
-7.612660,-72.904251,60,OSM,0,,
-7.612590,-72.702884,60,OSM:classe,1,50,
-7.612564,-72.703021,60,OSM:classe,1,50,
-7.612514,-72.675155,60,OSM:classe,1,40,
-7.612236,-72.685336,60,OSM:classe,1,40,
-7.612089,-72.685422,60,OSM:classe,1,40,
-7.611725,-72.990266,60,OSM:classe,1,40,
-7.611694,-72.677912,60,OSM:classe,1,50,
-7.611645,-72.682723,60,OSM:classe,1,40,
-7.611613,-72.682921,60,OSM:classe,1,40,
-7.611586,-72.682335,60,OSM:classe,1,40,
-7.611538,-72.682743,60,OSM:classe,1,40,
-7.611382,-72.681044,60,OSM:classe,1,40,
-7.611303,-72.680610,60,OSM:classe,1,50,
-7.611299,-72.681022,60,OSM:classe,1,40,
-7.611267,-72.680191,60,OSM:classe,1,50,
-7.611095,-72.680938,60,OSM:classe,1,40,
-7.610975,-72.680600,60,OSM:classe,1,50,
-7.610879,-72.903873,60,OSM,0,,
-7.610828,-72.904104,60,OSM:classe,1,50,
-7.610698,-72.680810,60,OSM:classe,1,50,
-7.610657,-72.680762,60,OSM:classe,1,50,
-7.610582,-72.903805,60,OSM,0,,
-7.610557,-72.671183,60,OSM:classe,1,40,
-7.610378,-72.670624,60,OSM:classe,1,40,
-7.610055,-72.686046,60,OSM:classe,1,40,
-7.609659,-72.986261,60,OSM:classe,1,40,
-7.609482,-72.681011,40,OSM:classe,1,40,
-7.609392,-72.799850,60,OSM:classe,1,50,
-7.608890,-72.903314,60,OSM,0,,
-7.608859,-72.669398,60,OSM:classe,1,40,
-7.608846,-72.981853,60,OSM:classe,1,40,
-7.608661,-72.705090,60,OSM:classe,1,50,
-7.608635,-72.705228,60,OSM:classe,1,50,
-7.608601,-72.903254,60,OSM:classe,1,50,
-7.608593,-72.903227,60,OSM,0,,
-7.608575,-72.903304,60,OSM,0,,
-7.608490,-72.903259,60,OSM:classe,1,50,
-7.608403,-72.903489,60,OSM:classe,1,50,
-7.607353,-72.681315,60,OSM:classe,1,50,
-7.607345,-72.685934,60,OSM:classe,1,40,
-7.607088,-72.907827,60,OSM:classe,1,50,
-7.606948,-72.977743,60,OSM:classe,1,40,
-7.606336,-72.798131,10,OSM,0,,
-7.606216,-72.798272,10,OSM,0,,
-7.606178,-72.797684,10,OSM,0,,
-7.606029,-72.797929,10,OSM,0,,
-7.605897,-72.798006,10,OSM,0,,
-7.605700,-72.798266,10,OSM,0,,
-7.605595,-72.797397,10,OSM,0,,
-7.605573,-72.912079,60,OSM:classe,1,50,
-7.605400,-72.797727,10,OSM,0,,
-7.605296,-72.798033,60,OSM:classe,1,50,
-7.604732,-72.707295,60,OSM:classe,1,50,
-7.604706,-72.707435,60,OSM:classe,1,50,
-7.604516,-72.668694,60,OSM:classe,1,40,
-7.604102,-72.681571,60,OSM:classe,1,50,
-7.603859,-72.681926,40,OSM:classe,1,40,
-7.603742,-72.681678,60,OSM:classe,1,50,
-7.603742,-72.681668,60,OSM:classe,1,50,
-7.603732,-72.799279,60,OSM:classe,1,40,
-7.603698,-72.974828,60,OSM:classe,1,40,
-7.603528,-72.681642,60,OSM:classe,1,50,
-7.603523,-72.681673,60,OSM:classe,1,50,
-7.603350,-72.794102,60,OSM:classe,1,50,
-7.603320,-72.916001,60,OSM:classe,1,50,
-7.603315,-72.681583,40,OSM:classe,1,40,
-7.603237,-72.681867,60,OSM:classe,1,50,
-7.602942,-72.686241,60,OSM:classe,1,40,
-7.602456,-72.732366,60,OSM:classe,1,50,
-7.602418,-72.732173,60,OSM:classe,1,50,
-7.602389,-72.727905,60,OSM:classe,1,50,
-7.602279,-72.727710,60,OSM:classe,1,50,
-7.602101,-72.682772,60,OSM:classe,1,40,
-7.601748,-72.723414,60,OSM:classe,1,50,
-7.601633,-72.723220,60,OSM:classe,1,50,
-7.601340,-72.790044,60,OSM:classe,1,50,
-7.601127,-72.710075,60,OSM:classe,1,50,
-7.601124,-72.709908,60,OSM:classe,1,50,
-7.601107,-72.718924,60,OSM:classe,1,50,
-7.600987,-72.718731,60,OSM:classe,1,50,
-7.600883,-72.971341,60,OSM:classe,1,40,
-7.600465,-72.714434,60,OSM:classe,1,50,
-7.600341,-72.714242,60,OSM:classe,1,50,
-7.600307,-72.667613,60,OSM:classe,1,40,
-7.600154,-72.919191,60,OSM:classe,1,50,
-7.600069,-72.735963,60,OSM:classe,1,50,
-7.600049,-72.736126,60,OSM:classe,1,50,
-7.599981,-72.736079,60,OSM:classe,1,50,
-7.599971,-72.801671,60,OSM:classe,1,40,
-7.599953,-72.684808,20,OSM,0,,
-7.599814,-72.683937,20,OSM,0,,
-7.599798,-72.683838,20,OSM,0,,
-7.599780,-72.736773,60,OSM:classe,1,50,
-7.599726,-72.683382,20,OSM,0,,
-7.599631,-72.737049,60,OSM:classe,1,50,
-7.599465,-72.736744,60,OSM:classe,1,50,
-7.599442,-72.736780,40,OSM:classe,1,40,
-7.599331,-72.785985,60,OSM:classe,1,50,
-7.599324,-72.937421,60,OSM:classe,1,40,
-7.599112,-72.683375,60,OSM:classe,1,50,
-7.599064,-72.933005,60,OSM:classe,1,40,
-7.598917,-72.932782,60,OSM:classe,1,40,
-7.598903,-72.938928,60,OSM:classe,1,40,
-7.598895,-72.967302,60,OSM:classe,1,40,
-7.598858,-72.737528,60,OSM:classe,1,50,
-7.598782,-72.737476,60,OSM:classe,1,50,
-7.598660,-72.930569,60,OSM:classe,1,40,
-7.598645,-72.765758,60,OSM:classe,1,50,
-7.598540,-72.761919,60,OSM:classe,1,50,
-7.598436,-72.738040,60,OSM:classe,1,50,
-7.598397,-72.761334,60,OSM:classe,1,50,
-7.598334,-72.766344,60,OSM:classe,1,50,
-7.598240,-72.941216,60,OSM:classe,1,40,
-7.597801,-72.781732,60,OSM:classe,1,50,
-7.597623,-72.921399,60,OSM:classe,1,50,
-7.597597,-72.664133,60,OSM:classe,1,40,
-7.597579,-72.943560,60,OSM:classe,1,40,
-7.597533,-72.921485,60,OSM:classe,1,50,
-7.597337,-72.949749,60,OSM:classe,1,40,
-7.597181,-72.769298,60,OSM:classe,1,50,
-7.597172,-72.963159,60,OSM:classe,1,40,
-7.596969,-72.769967,60,OSM:classe,1,50,
-7.596908,-72.962673,60,OSM:classe,1,40,
-7.596895,-72.769941,60,OSM:classe,1,50,
-7.596816,-72.962531,60,OSM:classe,1,40,
-7.596704,-72.770834,40,OSM:classe,1,40,
-7.596509,-72.945334,60,OSM:classe,1,40,
-7.596453,-72.777404,60,OSM:classe,1,50,
-7.596324,-72.775975,40,OSM:classe,1,40,
-7.596313,-72.758037,60,OSM:classe,1,50,
-7.596261,-72.771105,40,OSM:classe,1,40,
-7.596200,-72.930540,60,OSM:classe,1,40,
-7.596199,-72.923166,60,OSM:classe,1,50,
-7.596110,-72.776379,40,OSM:classe,1,40,
-7.596064,-72.757505,60,OSM:classe,1,50,
-7.595911,-72.740968,60,OSM:classe,1,50,
-7.595748,-72.803227,60,OSM:classe,1,40,
-7.595694,-72.772021,60,OSM:classe,1,50,
-7.595618,-72.774997,60,OSM:classe,1,50,
-7.595564,-72.741531,60,OSM:classe,1,50,
-7.595390,-72.958338,60,OSM:classe,1,40,
-7.595085,-72.953124,60,OSM:classe,1,40,
-7.595044,-72.953880,60,OSM:classe,1,40,
-7.594929,-72.804170,60,OSM:classe,1,40,
-7.594862,-72.682162,60,OSM:classe,1,50,
-7.594723,-72.925026,60,OSM:classe,1,50,
-7.594587,-72.941958,60,OSM:classe,1,40,
-7.594056,-72.754180,60,OSM:classe,1,50,
-7.594026,-72.753558,60,OSM:classe,1,50,
-7.593596,-72.749664,60,OSM:classe,1,50,
-7.593552,-72.749676,60,OSM:classe,1,50,
-7.593528,-72.744748,60,OSM:classe,1,50,
-7.593388,-72.926708,60,OSM:classe,1,50,
-7.593351,-72.745413,60,OSM:classe,1,50,
-7.593298,-72.745849,60,OSM:classe,1,50,
-7.593295,-72.746904,60,OSM:classe,1,50,
-7.593277,-72.745407,60,OSM:classe,1,50,
-7.593225,-72.746920,60,OSM:classe,1,50,
-7.593166,-72.745813,60,OSM:classe,1,40,
-7.593127,-72.746009,60,OSM:classe,1,50,
-7.593038,-72.744634,60,OSM:classe,1,40,
-7.593017,-72.745442,60,OSM:classe,1,40,
-7.592970,-72.740139,60,OSM:classe,1,40,
-7.592860,-72.681280,40,OSM,0,,
-7.592720,-72.927667,60,OSM:classe,1,50,
-7.592018,-72.681000,40,OSM,0,,
-7.591966,-72.807583,60,OSM:classe,1,40,
-7.591726,-72.938526,60,OSM:classe,1,40,
-7.591699,-72.956070,60,OSM:classe,1,40,
-7.591408,-72.690741,60,OSM:classe,1,40,
-7.590949,-72.681944,60,OSM:classe,1,50,
-7.590942,-72.736597,60,OSM:classe,1,40,
-7.590414,-72.931562,60,OSM:classe,1,50,
-7.590146,-72.682185,60,OSM:classe,1,50,
-7.590023,-72.682480,60,OSM:classe,1,50,
-7.589937,-72.682247,30,OSM,0,,
-7.589896,-72.694868,60,OSM:classe,1,40,
-7.589840,-72.681606,40,OSM:classe,1,40,
-7.589827,-72.682299,60,OSM:classe,1,50,
-7.589808,-72.681178,30,OSM,0,,
-7.589806,-72.682337,40,OSM,0,,
-7.589799,-72.682381,60,OSM:classe,1,40,
-7.589791,-72.682479,60,OSM:classe,1,40,
-7.589740,-72.681149,40,OSM,0,,
-7.589523,-72.933066,60,OSM:classe,1,50,
-7.589491,-72.682820,60,OSM:classe,1,40,
-7.589340,-72.733429,60,OSM:classe,1,40,
-7.589215,-72.698945,60,OSM:classe,1,40,
-7.589101,-72.686854,60,OSM:classe,1,40,
-7.588272,-72.810134,60,OSM:classe,1,40,
-7.588182,-72.957233,60,OSM:classe,1,40,
-7.588128,-72.935806,60,OSM:classe,1,50,
-7.587154,-72.730138,60,OSM:classe,1,40,
-7.587149,-72.725680,60,OSM:classe,1,40,
-7.586726,-72.702720,60,OSM:classe,1,40,
-7.586157,-72.938790,60,OSM:classe,1,40,
-7.585980,-72.721361,60,OSM:classe,1,40,
-7.585480,-72.680334,60,OSM:classe,1,50,
-7.584890,-72.706847,60,OSM:classe,1,40,
-7.584476,-72.812566,60,OSM:classe,1,40,
-7.584287,-72.955108,60,OSM:classe,1,40,
-7.583921,-72.680041,60,OSM:classe,1,50,
-7.583116,-72.710948,60,OSM:classe,1,40,
-7.582853,-72.718257,60,OSM:classe,1,40,
-7.582384,-72.941254,60,OSM:classe,1,40,
-7.581343,-72.713216,60,OSM:classe,1,40,
-7.581145,-72.954113,60,OSM:classe,1,40,
-7.580996,-72.954088,60,OSM:classe,1,40,
-7.580974,-72.713858,60,OSM:classe,1,40,
-7.580950,-72.677274,60,OSM:classe,1,50,
-7.580923,-72.815291,60,OSM:classe,1,40,
-7.580879,-72.713755,60,OSM:classe,1,40,
-7.580867,-72.714247,60,OSM:classe,1,40,
-7.580786,-72.713937,60,OSM:classe,1,40,
-7.580778,-72.713924,60,OSM:classe,1,40,
-7.579712,-72.944874,60,OSM:classe,1,40,
-7.578787,-72.717971,60,OSM:classe,1,40,
-7.577463,-72.674832,60,OSM:classe,1,50,
-7.577223,-72.948652,60,OSM:classe,1,40,
-7.577104,-72.722178,60,OSM:classe,1,40,
-7.576557,-72.954802,60,OSM:classe,1,40,
-7.576534,-72.667806,60,OSM:classe,1,50,
-7.576528,-72.723618,60,OSM:classe,1,40,
-7.575889,-72.672110,60,OSM:classe,1,50,
-7.575133,-72.663578,60,OSM:classe,1,50,
-7.574608,-72.952341,60,OSM:classe,1,40,
-7.573425,-72.726901,60,OSM:classe,1,40,
-7.572713,-72.955053,60,OSM:classe,1,40,
-7.571964,-72.955998,60,OSM:classe,1,40,
-7.571647,-72.731031,60,OSM:classe,1,40,
-7.571491,-72.661467,60,OSM:classe,1,50,
-7.570470,-72.735371,60,OSM:classe,1,40,
-7.570433,-72.960263,60,OSM:classe,1,40,
-7.569761,-72.739848,60,OSM:classe,1,40,
-7.569164,-72.744338,60,OSM:classe,1,40,
-7.569137,-72.722403,50,OSM,0,,
-7.568741,-72.724865,50,OSM,0,,
-7.568102,-72.658549,60,OSM:classe,1,50,
-7.568025,-72.964073,60,OSM:classe,1,40,
-7.567344,-72.719788,50,OSM,0,,
-7.567064,-72.658490,80,OSM:classe,1,60,
-7.566825,-72.658486,60,OSM:classe,1,50,
-7.566824,-72.726113,50,OSM,0,,
-7.566610,-72.747649,60,OSM:classe,1,40,
-7.566069,-72.721455,30,OSM,0,,
-7.565476,-72.967810,60,OSM:classe,1,40,
-7.564585,-72.726102,50,OSM,0,,
-7.563412,-72.719297,30,OSM,0,,
-7.563211,-72.971727,60,OSM:classe,1,40,
-7.562952,-72.726644,50,OSM,0,,
-7.562689,-72.656963,60,OSM:classe,1,50,
-7.562641,-72.717697,30,OSM,0,,
-7.562599,-72.729229,50,OSM,0,,
-7.562527,-72.727006,50,OSM,0,,
-7.562353,-72.716948,30,OSM,0,,
-7.562280,-72.731383,50,OSM,0,,
-7.562133,-72.727770,50,OSM,0,,
-7.562130,-72.747850,60,OSM:classe,1,40,
-7.561918,-72.716766,30,OSM,0,,
-7.561620,-72.717500,30,OSM,0,,
-7.561115,-72.975734,60,OSM:classe,1,40,
-7.560832,-72.716646,30,OSM,0,,
-7.560150,-72.733086,50,OSM,0,,
-7.559774,-72.716190,30,OSM,0,,
-7.559705,-72.716158,30,OSM,0,,
-7.559670,-72.716435,30,OSM,0,,
-7.559013,-72.716200,30,OSM,0,,
-7.558929,-72.715953,30,OSM,0,,
-7.558868,-72.655559,60,OSM:classe,1,50,
-7.558715,-72.716314,30,OSM,0,,
-7.558572,-72.979393,60,OSM:classe,1,40,
-7.558492,-72.716844,30,OSM,0,,
-7.557678,-72.748335,60,OSM:classe,1,40,
-7.556245,-72.752380,60,OSM:classe,1,40,
-7.555563,-72.756863,60,OSM:classe,1,40,
-7.555162,-72.982344,60,OSM:classe,1,40,
-7.554881,-72.761347,60,OSM:classe,1,40,
-7.554640,-72.655529,60,OSM:classe,1,50,
-7.554169,-72.765823,60,OSM:classe,1,40,
-7.551953,-72.769698,60,OSM:classe,1,40,
-7.551368,-72.984773,60,OSM:classe,1,40,
-7.550965,-72.652943,60,OSM:classe,1,50,
-7.548995,-72.773114,60,OSM:classe,1,40,
-7.547062,-72.651169,60,OSM:classe,1,50,
-7.547034,-72.985983,60,OSM:classe,1,40,
-7.546037,-72.776530,60,OSM:classe,1,40,
-7.543269,-72.648804,60,OSM:classe,1,50,
-7.543079,-72.779947,60,OSM:classe,1,40,
-7.542701,-72.987192,60,OSM:classe,1,40,
-7.540295,-72.645420,60,OSM:classe,1,50,
-7.540121,-72.783363,60,OSM:classe,1,40,
-7.538442,-72.988565,60,OSM:classe,1,40,
-7.537926,-72.641587,60,OSM:classe,1,50,
-7.537023,-72.989538,60,OSM:classe,1,40,
-7.537008,-72.786624,60,OSM:classe,1,40,
-7.536870,-72.989643,60,OSM:classe,1,40,
-7.536092,-72.637447,60,OSM:classe,1,50,
-7.534632,-72.993559,60,OSM:classe,1,40,
-7.533642,-72.789631,60,OSM:classe,1,40,
-7.532660,-72.997596,60,OSM:classe,1,40,
-7.530819,-73.001623,60,OSM:classe,1,40,
-7.530602,-73.006061,60,OSM:classe,1,40,
-7.530276,-72.792639,60,OSM:classe,1,40,
-7.526910,-72.795646,60,OSM:classe,1,40,
-7.526266,-73.005760,60,OSM:classe,1,40,
-7.524235,-73.005406,60,OSM:classe,1,40,
-7.523544,-72.798653,60,OSM:classe,1,40,
-7.520346,-72.801759,60,OSM:classe,1,40,
-7.518038,-72.805492,60,OSM:classe,1,40,
-7.517416,-72.809983,60,OSM:classe,1,40,
-7.516882,-72.814486,60,OSM:classe,1,40,
-7.516461,-72.819001,60,OSM:classe,1,40,
-7.515464,-72.823419,60,OSM:classe,1,40,
-7.512919,-72.827151,60,OSM:classe,1,40,
-7.509933,-72.830536,60,OSM:classe,1,40,
-7.507814,-72.834536,60,OSM:classe,1,40,
-7.505576,-72.838469,60,OSM:classe,1,40,
-7.503254,-72.842352,60,OSM:classe,1,40,
-7.502407,-72.886877,60,OSM:classe,1,40,
-7.501015,-72.891024,60,OSM:classe,1,40,
-7.500727,-72.846091,60,OSM:classe,1,40,
-7.499763,-72.883324,60,OSM:classe,1,40,
-7.498634,-72.894871,60,OSM:classe,1,40,
-7.497874,-72.849596,60,OSM:classe,1,40,
-7.496433,-72.880277,60,OSM:classe,1,40,
-7.496254,-72.898719,60,OSM:classe,1,40,
-7.495022,-72.853102,60,OSM:classe,1,40,
-7.493873,-72.902567,60,OSM:classe,1,40,
-7.493103,-72.877229,60,OSM:classe,1,40,
-7.492169,-72.856608,60,OSM:classe,1,40,
-7.491493,-72.906414,60,OSM:classe,1,40,
-7.489843,-72.860436,60,OSM:classe,1,40,
-7.489773,-72.874181,60,OSM:classe,1,40,
-7.489112,-72.910262,60,OSM:classe,1,40,
-7.488812,-72.864850,60,OSM:classe,1,40,
-7.488640,-72.865589,60,OSM:classe,1,40,
-7.488588,-72.865811,60,OSM:classe,1,40,
-7.487802,-72.870265,60,OSM:classe,1,40,
-7.486732,-72.914110,60,OSM:classe,1,40,
-7.484351,-72.917957,60,OSM:classe,1,40,
-7.481971,-72.921805,60,OSM:classe,1,40,
-7.481190,-72.923067,60,OSM:classe,1,40,
-7.481104,-72.923207,60,OSM:classe,1,40,
-7.479503,-72.925812,60,OSM:classe,1,40,
-7.477134,-72.929667,60,OSM:classe,1,40,
-7.474764,-72.933521,60,OSM:classe,1,40,
-7.472395,-72.937376,60,OSM:classe,1,40,
-7.470026,-72.941230,60,OSM:classe,1,40,
-7.467613,-72.945057,60,OSM:classe,1,40,
-7.464369,-72.948124,60,OSM:classe,1,40,
-7.460697,-72.950742,60,OSM:classe,1,40,
-7.457026,-72.953359,60,OSM:classe,1,40,
-7.453354,-72.955977,60,OSM:classe,1,40,
-7.449682,-72.958595,60,OSM:classe,1,40,
-7.446010,-72.961213,60,OSM:classe,1,40,
-7.442339,-72.963830,60,OSM:classe,1,40,
-7.438667,-72.966448,60,OSM:classe,1,40,
-7.434995,-72.969066,60,OSM:classe,1,40,
-7.431323,-72.971684,60,OSM:classe,1,40,
-7.427652,-72.974302,60,OSM:classe,1,40,
-7.424617,-72.977607,60,OSM:classe,1,40,
-7.422180,-72.981417,60,OSM:classe,1,40,
-7.419742,-72.985227,60,OSM:classe,1,40,
-7.417304,-72.989038,60,OSM:classe,1,40,
-7.414867,-72.992848,60,OSM:classe,1,40,
-7.412429,-72.996659,60,OSM:classe,1,40,
-7.409992,-73.000469,60,OSM:classe,1,40,
-7.407554,-73.004280,60,OSM:classe,1,40,
-7.405116,-73.008090,60,OSM:classe,1,40,
-7.402739,-73.011935,60,OSM:classe,1,40,
-7.401765,-73.016322,60,OSM:classe,1,40,
-7.401100,-73.020806,60,OSM:classe,1,40,
-7.400436,-73.025291,60,OSM:classe,1,40,
-7.399772,-73.029775,60,OSM:classe,1,40,
-7.399108,-73.034260,60,OSM:classe,1,40,
-7.398444,-73.038745,60,OSM:classe,1,40,
-7.397779,-73.043229,60,OSM:classe,1,40,
-7.397115,-73.047714,60,OSM:classe,1,40,
-7.394669,-73.051303,60,OSM:classe,1,40,
-7.390381,-73.052630,60,OSM:classe,1,40,
-7.386031,-73.053776,60,OSM:classe,1,40,
-7.381680,-73.054922,60,OSM:classe,1,40,
