lat,lng,limit_kmh,source,estimated,limit_low_kmh
-9.800570,-66.847976,80,OSM,0,
-9.794065,-66.839933,80,OSM,0,
-9.787561,-66.831891,80,OSM,0,
-9.781056,-66.823849,80,OSM,0,
-9.774551,-66.815807,80,OSM,0,
-9.773477,-66.814279,80,OSM,0,
-9.772724,-66.812566,80,OSM,0,
-9.770566,-66.801890,80,OSM,0,
-9.768408,-66.791214,80,OSM,0,
-9.766250,-66.780539,80,OSM,0,
-9.663985,-66.576006,60,OSM:classe,1,40
-9.660007,-66.573878,60,OSM:classe,1,40
-9.656030,-66.571751,60,OSM:classe,1,40
-9.652052,-66.569623,60,OSM:classe,1,40
-9.648068,-66.567509,60,OSM:classe,1,40
-9.644075,-66.565411,60,OSM:classe,1,40
-9.640083,-66.563313,60,OSM:classe,1,40
-9.636090,-66.561215,60,OSM:classe,1,40
-9.633951,-66.508871,60,OSM:classe,1,40
-9.632097,-66.559117,60,OSM:classe,1,40
-9.629479,-66.509350,60,OSM:classe,1,40
-9.628105,-66.557019,60,OSM:classe,1,40
-9.625008,-66.509829,60,OSM:classe,1,40
-9.624112,-66.554921,60,OSM:classe,1,40
-9.620536,-66.510309,60,OSM:classe,1,40
-9.620119,-66.552823,60,OSM:classe,1,40
-9.616127,-66.550725,60,OSM:classe,1,40
-9.616064,-66.510788,60,OSM:classe,1,40
-9.614228,-66.508967,60,OSM:classe,1,40
-9.613969,-66.504549,60,OSM:classe,1,40
-9.613174,-66.500071,60,OSM:classe,1,40
-9.612047,-66.548810,60,OSM:classe,1,40
-9.608183,-66.546595,60,OSM:classe,1,40
-9.604245,-66.545103,60,OSM:classe,1,40
-9.599996,-66.546597,60,OSM:classe,1,40
-9.595748,-66.548091,60,OSM:classe,1,40
-9.591499,-66.549585,60,OSM:classe,1,40
-9.590275,-67.324078,80,OSM,0,
-9.587250,-66.551077,60,OSM:classe,1,40
-9.583029,-67.319812,80,OSM,0,
-9.582976,-66.552492,60,OSM:classe,1,40
-9.578701,-66.553907,60,OSM:classe,1,40
-9.575782,-67.315547,80,OSM,0,
-9.574427,-66.555323,60,OSM:classe,1,40
-9.570152,-66.556738,60,OSM:classe,1,40
-9.569058,-67.309835,80,OSM,0,
-9.565876,-66.558150,60,OSM:classe,1,40
-9.565324,-66.652853,60,OSM:classe,1,40
-9.564341,-66.648403,60,OSM:classe,1,40
-9.563358,-66.643953,60,OSM:classe,1,40
-9.563352,-66.656048,60,OSM:classe,1,40
-9.562412,-66.639516,60,OSM:classe,1,40
-9.562333,-67.304123,80,OSM,0,
-9.561570,-66.559463,60,OSM:classe,1,40
-9.561459,-66.635095,60,OSM:classe,1,40
-9.560461,-66.630649,60,OSM:classe,1,40
-9.559454,-66.626205,60,OSM:classe,1,40
-9.559427,-66.658272,60,OSM:classe,1,40
-9.558447,-66.621761,60,OSM:classe,1,40
-9.557440,-66.617317,60,OSM:classe,1,40
-9.557264,-66.560776,60,OSM:classe,1,40
-9.556432,-66.612873,60,OSM:classe,1,40
-9.555725,-66.660486,60,OSM:classe,1,40
-9.555233,-66.608513,60,OSM:classe,1,40
-9.554543,-66.604173,60,OSM:classe,1,40
-9.553649,-65.738587,60,OSM:classe,1,40
-9.553479,-66.599743,60,OSM:classe,1,40
-9.552958,-66.562089,60,OSM:classe,1,40
-9.552415,-66.595312,60,OSM:classe,1,40
-9.552147,-66.663221,60,OSM:classe,1,40
-9.551483,-66.591007,60,OSM:classe,1,40
-9.550547,-66.586547,60,OSM:classe,1,40
-9.549612,-66.582087,60,OSM:classe,1,40
-9.549343,-67.300450,80,OSM,0,
-9.549162,-65.738890,60,OSM:classe,1,40
-9.548676,-66.577627,60,OSM:classe,1,40
-9.548652,-66.563402,60,OSM:classe,1,40
-9.548536,-66.665939,60,OSM:classe,1,40
-9.547740,-66.573167,60,OSM:classe,1,40
-9.546805,-66.568707,60,OSM:classe,1,40
-9.546029,-66.669609,60,OSM:classe,1,40
-9.545869,-66.564247,60,OSM:classe,1,40
-9.544675,-65.739194,60,OSM:classe,1,40
-9.544346,-66.564715,60,OSM:classe,1,40
-9.543544,-66.672014,60,OSM:classe,1,40
-9.540189,-65.739497,60,OSM:classe,1,40
-9.540038,-66.566021,60,OSM:classe,1,40
-9.536354,-67.296778,80,OSM,0,
-9.535988,-65.739781,60,OSM:classe,1,40
-9.535706,-66.567247,60,OSM:classe,1,40
-9.531502,-65.740090,60,OSM:classe,1,40
-9.531375,-66.568472,60,OSM:classe,1,40
-9.527044,-66.569698,60,OSM:classe,1,40
-9.527016,-65.740399,60,OSM:classe,1,40
-9.523365,-67.293105,80,OSM,0,
-9.522713,-66.570923,60,OSM:classe,1,40
-9.522529,-65.740708,60,OSM:classe,1,40
-9.518308,-66.571614,60,OSM:classe,1,40
-9.518140,-65.740194,60,OSM:classe,1,40
-9.516979,-67.287570,80,OSM,0,
-9.514197,-66.573294,60,OSM:classe,1,40
-9.513712,-65.740369,60,OSM:classe,1,40
-9.510594,-67.282036,80,OSM,0,
-9.509898,-67.281722,80,OSM,0,
-9.509876,-66.574505,60,OSM:classe,1,40
-9.509238,-65.739907,60,OSM:classe,1,40
-9.508651,-67.281608,80,OSM,0,
-9.505668,-66.575733,60,OSM:classe,1,40
-9.504765,-65.739446,60,OSM:classe,1,40
-9.504342,-66.576520,60,OSM:classe,1,40
-9.502747,-67.283045,80,OSM,0,
-9.501398,-66.574464,60,OSM:classe,1,40
-9.500291,-65.738984,60,OSM:classe,1,40
-9.500054,-66.577894,60,OSM:classe,1,40
-9.497014,-66.573492,60,OSM:classe,1,40
-9.495818,-65.738523,60,OSM:classe,1,40
-9.495798,-66.579238,60,OSM:classe,1,40
-9.492769,-66.572060,60,OSM:classe,1,40
-9.491821,-67.285796,80,OSM,0,
-9.491542,-66.580705,60,OSM:classe,1,40
-9.491348,-65.738029,60,OSM:classe,1,40
-9.488495,-66.570958,60,OSM:classe,1,40
-9.487281,-66.582161,60,OSM:classe,1,40
-9.486887,-65.737455,60,OSM:classe,1,40
-9.485035,-66.568100,60,OSM:classe,1,40
-9.483020,-66.583618,60,OSM:classe,1,40
-9.482878,-67.285763,80,OSM,0,
-9.482426,-65.736881,60,OSM:classe,1,40
-9.481255,-66.566191,60,OSM:classe,1,40
-9.478801,-66.585195,60,OSM:classe,1,40
-9.477943,-65.736691,60,OSM:classe,1,40
-9.476781,-66.566044,60,OSM:classe,1,40
-9.475855,-67.286295,80,OSM,0,
-9.474586,-66.586783,60,OSM:classe,1,40
-9.473474,-65.736187,60,OSM:classe,1,40
-9.473061,-66.563779,60,OSM:classe,1,40
-9.470371,-66.588371,60,OSM:classe,1,40
-9.469543,-66.563594,60,OSM:classe,1,40
-9.469005,-65.735683,60,OSM:classe,1,40
-9.468833,-67.286828,80,OSM,0,
-9.466162,-66.589974,60,OSM:classe,1,40
-9.465485,-66.564728,60,OSM:classe,1,40
-9.464549,-65.735505,60,OSM:classe,1,40
-9.463400,-66.568149,60,OSM:classe,1,40
-9.462001,-66.591703,60,OSM:classe,1,40
-9.460132,-65.734700,60,OSM:classe,1,40
-9.460087,-67.290823,80,OSM,0,
-9.459443,-66.567164,60,OSM:classe,1,40
-9.457782,-66.593127,60,OSM:classe,1,40
-9.455664,-65.734190,60,OSM:classe,1,40
-9.455201,-66.566022,60,OSM:classe,1,40
-9.453695,-66.594965,60,OSM:classe,1,40
-9.451341,-67.294818,80,OSM,0,
-9.451196,-65.733680,60,OSM:classe,1,40
-9.450941,-66.566097,60,OSM:classe,1,40
-9.449941,-67.295248,80,OSM,0,
-9.449497,-66.596599,60,OSM:classe,1,40
-9.446964,-66.564028,60,OSM:classe,1,40
-9.446727,-65.733170,60,OSM:classe,1,40
-9.445299,-66.598232,60,OSM:classe,1,40
-9.443017,-66.565316,60,OSM:classe,1,40
-9.442259,-65.732660,60,OSM:classe,1,40
-9.442105,-67.295181,80,OSM,0,
-9.441159,-66.600001,60,OSM:classe,1,40
-9.440779,-67.294737,80,OSM,0,
-9.439027,-66.567215,60,OSM:classe,1,40
-9.438805,-66.567355,60,OSM:classe,1,40
-9.437961,-67.292734,80,OSM,0,
-9.437790,-65.732150,60,OSM:classe,1,40
-9.437201,-66.602156,60,OSM:classe,1,40
-9.435254,-66.566953,60,OSM:classe,1,40
-9.433344,-66.604500,60,OSM:classe,1,40
-9.433322,-65.731640,60,OSM:classe,1,40
-9.431681,-67.288248,80,OSM,0,
-9.430768,-66.566631,60,OSM:classe,1,40
-9.429492,-66.606850,60,OSM:classe,1,40
-9.428854,-65.731130,60,OSM:classe,1,40
-9.426283,-66.566310,60,OSM:classe,1,40
-9.425701,-66.609302,60,OSM:classe,1,40
-9.425402,-67.283762,80,OSM,0,
-9.424404,-65.730553,60,OSM:classe,1,40
-9.423834,-67.283403,80,OSM,0,
-9.421910,-66.611754,60,OSM:classe,1,40
-9.421797,-66.565989,60,OSM:classe,1,40
-9.420028,-65.730814,60,OSM:classe,1,40
-9.418119,-66.614205,60,OSM:classe,1,40
-9.417319,-66.565585,60,OSM:classe,1,40
-9.416339,-65.573535,60,OSM:classe,1,40
-9.416292,-67.832766,60,OSM:classe,1,40
-9.415648,-65.730605,60,OSM:classe,1,40
-9.414328,-66.616657,60,OSM:classe,1,40
-9.413695,-65.570889,60,OSM:classe,1,40
-9.412860,-66.565209,60,OSM:classe,1,40
-9.412738,-67.283256,80,OSM,0,
-9.412127,-67.834484,60,OSM:classe,1,40
-9.411544,-65.729114,60,OSM:classe,1,40
-9.411488,-65.985853,60,OSM:classe,1,40
-9.410721,-65.568343,60,OSM:classe,1,40
-9.410538,-66.619108,60,OSM:classe,1,40
-9.408395,-66.564822,60,OSM:classe,1,40
-9.407874,-67.835887,60,OSM:classe,1,40
-9.407325,-65.565627,60,OSM:classe,1,40
-9.407068,-65.728678,60,OSM:classe,1,40
-9.406999,-65.986124,60,OSM:classe,1,40
-9.406747,-66.621560,60,OSM:classe,1,40
-9.405888,-66.047597,60,OSM:classe,1,40
-9.404908,-65.989403,60,OSM:classe,1,40
-9.404749,-66.050073,60,OSM:classe,1,40
-9.403927,-66.564339,60,OSM:classe,1,40
-9.403776,-65.993814,60,OSM:classe,1,40
-9.403549,-65.563170,60,OSM:classe,1,40
-9.403410,-67.836010,60,OSM:classe,1,40
-9.403393,-66.043805,60,OSM:classe,1,40
-9.402956,-66.624011,60,OSM:classe,1,40
-9.402692,-65.728656,60,OSM:classe,1,40
-9.402665,-65.998125,60,OSM:classe,1,40
-9.401642,-67.283108,80,OSM,0,
-9.401433,-66.002502,60,OSM:classe,1,40
-9.400898,-66.040013,60,OSM:classe,1,40
-9.400705,-67.282604,80,OSM,0,
-9.400515,-66.006963,60,OSM:classe,1,40
-9.400449,-66.051405,60,OSM:classe,1,40
-9.399750,-66.562936,60,OSM:classe,1,40
-9.399736,-65.560755,60,OSM:classe,1,40
-9.399596,-66.011425,60,OSM:classe,1,40
-9.399165,-66.626463,60,OSM:classe,1,40
-9.398950,-67.836111,60,OSM:classe,1,40
-9.398503,-66.015845,60,OSM:classe,1,40
-9.398403,-66.036221,60,OSM:classe,1,40
-9.398317,-65.727841,60,OSM:classe,1,40
-9.397360,-66.020253,60,OSM:classe,1,40
-9.396149,-66.052737,60,OSM:classe,1,40
-9.395923,-65.558339,60,OSM:classe,1,40
-9.395908,-66.032429,60,OSM:classe,1,40
-9.395768,-66.560831,60,OSM:classe,1,40
-9.395767,-66.023894,60,OSM:classe,1,40
-9.395431,-66.629001,60,OSM:classe,1,40
-9.395393,-66.028240,60,OSM:classe,1,40
-9.394584,-67.837167,60,OSM:classe,1,40
-9.393844,-65.727370,60,OSM:classe,1,40
-9.393382,-67.276364,80,OSM,0,
-9.392148,-65.555864,60,OSM:classe,1,40
-9.392059,-67.275644,80,OSM,0,
-9.391973,-66.558396,60,OSM:classe,1,40
-9.391848,-66.054068,60,OSM:classe,1,40
-9.391714,-66.631566,60,OSM:classe,1,40
-9.391027,-67.839611,60,OSM:classe,1,40
-9.390806,-67.275938,80,OSM,0,
-9.389372,-65.726899,60,OSM:classe,1,40
-9.388418,-65.553319,60,OSM:classe,1,40
-9.387999,-66.556264,60,OSM:classe,1,40
-9.387997,-67.842974,60,OSM:classe,1,40
-9.387997,-66.634130,60,OSM:classe,1,40
-9.387548,-66.055400,60,OSM:classe,1,40
-9.384899,-65.726427,60,OSM:classe,1,40
-9.384779,-67.846157,60,OSM:classe,1,40
-9.384687,-65.550774,60,OSM:classe,1,40
-9.384279,-66.636695,60,OSM:classe,1,40
-9.384025,-66.554132,60,OSM:classe,1,40
-9.383457,-65.547039,60,OSM:classe,1,40
-9.383247,-66.056732,60,OSM:classe,1,40
-9.382672,-65.550007,60,OSM:classe,1,40
-9.382661,-65.543816,60,OSM:classe,1,40
-9.381561,-67.849340,60,OSM:classe,1,40
-9.381002,-67.281323,80,OSM,0,
-9.380634,-66.639359,60,OSM:classe,1,40
-9.380427,-65.725956,60,OSM:classe,1,40
-9.380050,-66.552000,60,OSM:classe,1,40
-9.379646,-67.281615,80,OSM,0,
-9.379642,-65.491064,60,OSM:classe,1,40
-9.379447,-65.492591,60,OSM:classe,1,40
-9.378947,-66.058063,60,OSM:classe,1,40
-9.378326,-65.542606,60,OSM:classe,1,40
-9.378025,-65.496915,60,OSM:classe,1,40
-9.377655,-67.851518,60,OSM:classe,1,40
-9.377125,-66.642208,60,OSM:classe,1,40
-9.376661,-65.501156,60,OSM:classe,1,40
-9.376114,-66.549798,60,OSM:classe,1,40
-9.375954,-65.725485,60,OSM:classe,1,40
-9.375339,-65.505512,60,OSM:classe,1,40
-9.375156,-65.490756,60,OSM:classe,1,40
-9.374647,-66.059395,60,OSM:classe,1,40
-9.374384,-65.508748,60,OSM:classe,1,40
-9.374288,-67.281624,80,OSM,0,
-9.374045,-65.541296,60,OSM:classe,1,40
-9.373615,-66.645057,60,OSM:classe,1,40
-9.373193,-67.851982,60,OSM:classe,1,40
-9.373093,-65.513113,60,OSM:classe,1,40
-9.373004,-67.281932,80,OSM,0,
-9.372196,-66.547561,60,OSM:classe,1,40
-9.371802,-65.517479,60,OSM:classe,1,40
-9.371794,-67.282783,80,OSM,0,
-9.371482,-65.725014,60,OSM:classe,1,40
-9.370669,-65.490449,60,OSM:classe,1,40
-9.370511,-65.521845,60,OSM:classe,1,40
-9.370346,-66.060727,60,OSM:classe,1,40
-9.370106,-66.647906,60,OSM:classe,1,40
-9.369759,-65.540043,60,OSM:classe,1,40
-9.369220,-65.526210,60,OSM:classe,1,40
-9.368975,-67.286183,80,OSM,0,
-9.368708,-67.852314,60,OSM:classe,1,40
-9.368278,-66.545325,60,OSM:classe,1,40
-9.367994,-65.530595,60,OSM:classe,1,40
-9.367638,-67.287081,80,OSM,0,
-9.367009,-65.724542,60,OSM:classe,1,40
-9.366773,-66.650961,60,OSM:classe,1,40
-9.366770,-65.534980,60,OSM:classe,1,40
-9.366287,-67.287210,80,OSM,0,
-9.366183,-65.490141,60,OSM:classe,1,40
-9.366087,-66.062182,60,OSM:classe,1,40
-9.365747,-65.538675,60,OSM:classe,1,40
-9.365547,-65.539366,60,OSM:classe,1,40
-9.364360,-66.543088,60,OSM:classe,1,40
-9.364324,-65.543751,60,OSM:classe,1,40
-9.364305,-67.853185,60,OSM:classe,1,40
-9.363720,-66.654076,60,OSM:classe,1,40
-9.363672,-67.286851,80,OSM,0,
-9.363070,-65.548127,60,OSM:classe,1,40
-9.362537,-65.724071,60,OSM:classe,1,40
-9.362185,-67.286131,80,OSM,0,
-9.361873,-66.063769,60,OSM:classe,1,40
-9.361833,-65.552407,60,OSM:classe,1,40
-9.361768,-67.276983,80,OSM,0,
-9.361697,-65.489834,60,OSM:classe,1,40
-9.361553,-67.275779,80,OSM,0,
-9.361534,-67.279371,80,OSM,0,
-9.361470,-67.284660,80,OSM,0,
-9.360966,-67.274826,80,OSM,0,
-9.360568,-65.556780,60,OSM:classe,1,40
-9.360508,-66.540767,60,OSM:classe,1,40
-9.359997,-67.854489,60,OSM:classe,1,40
-9.359712,-67.273439,80,OSM,0,
-9.359525,-65.561124,60,OSM:classe,1,40
-9.358489,-67.273031,80,OSM,0,
-9.358064,-65.723600,60,OSM:classe,1,40
-9.358023,-65.565309,60,OSM:classe,1,40
-9.357574,-66.065108,60,OSM:classe,1,40
-9.357211,-65.489514,60,OSM:classe,1,40
-9.356899,-65.569008,60,OSM:classe,1,40
-9.356610,-66.538581,60,OSM:classe,1,40
-9.355670,-67.855727,60,OSM:classe,1,40
-9.355640,-65.573381,60,OSM:classe,1,40
-9.354374,-65.577754,60,OSM:classe,1,40
-9.353592,-65.723129,60,OSM:classe,1,40
-9.353276,-66.066446,60,OSM:classe,1,40
-9.353108,-65.582127,60,OSM:classe,1,40
-9.352728,-65.489159,60,OSM:classe,1,40
-9.352688,-66.536352,60,OSM:classe,1,40
-9.351842,-65.586500,60,OSM:classe,1,40
-9.351318,-67.856874,60,OSM:classe,1,40
-9.350639,-65.590775,60,OSM:classe,1,40
-9.349435,-65.595160,60,OSM:classe,1,40
-9.349119,-65.722657,60,OSM:classe,1,40
-9.348978,-66.067785,60,OSM:classe,1,40
-9.348765,-66.534124,60,OSM:classe,1,40
-9.348245,-65.488804,60,OSM:classe,1,40
-9.348045,-65.599494,60,OSM:classe,1,40
-9.347011,-67.858180,60,OSM:classe,1,40
-9.346799,-65.603479,60,OSM:classe,1,40
-9.345778,-67.276312,80,OSM,0,
-9.345468,-65.607829,60,OSM:classe,1,40
-9.344843,-66.531896,60,OSM:classe,1,40
-9.344680,-66.069124,60,OSM:classe,1,40
-9.344647,-65.722186,60,OSM:classe,1,40
-9.344243,-65.612214,60,OSM:classe,1,40
-9.343762,-65.488450,60,OSM:classe,1,40
-9.342885,-65.616558,60,OSM:classe,1,40
-9.342681,-67.859392,60,OSM:classe,1,40
-9.342271,-67.277556,80,OSM,0,
-9.341528,-65.620903,60,OSM:classe,1,40
-9.340693,-67.277417,80,OSM,0,
-9.340402,-66.531586,60,OSM:classe,1,40
-9.340393,-65.722679,60,OSM:classe,1,40
-9.340381,-66.070462,60,OSM:classe,1,40
-9.340250,-65.625245,60,OSM:classe,1,40
-9.339279,-65.488095,60,OSM:classe,1,40
-9.338893,-65.629273,60,OSM:classe,1,40
-9.338289,-67.860369,60,OSM:classe,1,40
-9.337830,-65.633686,60,OSM:classe,1,40
-9.337400,-67.276292,80,OSM,0,
-9.337265,-65.722069,60,OSM:classe,1,40
-9.336583,-66.529354,60,OSM:classe,1,40
-9.336549,-65.638054,60,OSM:classe,1,40
-9.336170,-67.276392,80,OSM,0,
-9.336083,-66.071801,60,OSM:classe,1,40
-9.335401,-67.276776,80,OSM,0,
-9.335268,-65.642422,60,OSM:classe,1,40
-9.334796,-65.487741,60,OSM:classe,1,40
-9.333987,-65.646791,60,OSM:classe,1,40
-9.333897,-67.861347,60,OSM:classe,1,40
-9.333795,-67.278494,80,OSM,0,
-9.333327,-66.526366,60,OSM:classe,1,40
-9.333234,-65.720813,60,OSM:classe,1,40
-9.332697,-65.651078,60,OSM:classe,1,40
-9.332491,-67.281938,80,OSM,0,
-9.332280,-67.293506,80,OSM,0,
-9.332057,-67.294843,80,OSM,0,
-9.331785,-66.073139,60,OSM:classe,1,40
-9.331725,-67.295443,80,OSM,0,
-9.331394,-65.655440,60,OSM:classe,1,40
-9.330929,-67.296135,80,OSM,0,
-9.330537,-66.523116,60,OSM:classe,1,40
-9.330329,-66.073593,60,OSM:classe,1,40
-9.330313,-65.487386,60,OSM:classe,1,40
-9.329721,-65.659610,60,OSM:classe,1,40
-9.329673,-67.862729,60,OSM:classe,1,40
-9.329412,-66.518743,60,OSM:classe,1,40
-9.328853,-65.663830,60,OSM:classe,1,40
-9.328759,-65.720366,60,OSM:classe,1,40
-9.327574,-65.668199,60,OSM:classe,1,40
-9.327369,-66.515137,60,OSM:classe,1,40
-9.326296,-65.672567,60,OSM:classe,1,40
-9.326039,-66.074957,60,OSM:classe,1,40
-9.325988,-67.298152,80,OSM,0,
-9.325911,-67.865225,60,OSM:classe,1,40
-9.325830,-65.487031,60,OSM:classe,1,40
-9.325375,-67.298581,80,OSM,0,
-9.325018,-65.676936,60,OSM:classe,1,40
-9.324284,-65.719920,60,OSM:classe,1,40
-9.324131,-67.299986,80,OSM,0,
-9.323740,-65.681305,60,OSM:classe,1,40
-9.323294,-66.513304,60,OSM:classe,1,40
-9.323102,-67.302413,80,OSM,0,
-9.322558,-67.302959,80,OSM,0,
-9.322448,-65.685634,60,OSM:classe,1,40
-9.322326,-67.867976,60,OSM:classe,1,40
-9.321749,-66.076321,60,OSM:classe,1,40
-9.321347,-65.486677,60,OSM:classe,1,40
-9.321175,-65.690004,60,OSM:classe,1,40
-9.320363,-67.304244,80,OSM,0,
-9.319809,-65.719473,60,OSM:classe,1,40
-9.319798,-65.694250,60,OSM:classe,1,40
-9.319700,-66.510623,60,OSM:classe,1,40
-9.318728,-67.305816,80,OSM,0,
-9.318506,-65.698599,60,OSM:classe,1,40
-9.317458,-66.077685,60,OSM:classe,1,40
-9.317333,-65.702998,60,OSM:classe,1,40
-9.316864,-65.486322,60,OSM:classe,1,40
-9.316160,-65.707397,60,OSM:classe,1,40
-9.315779,-66.508418,60,OSM:classe,1,40
-9.315334,-65.719027,60,OSM:classe,1,40
-9.315095,-65.711805,60,OSM:classe,1,40
-9.313853,-65.716018,60,OSM:classe,1,40
-9.313227,-66.079033,60,OSM:classe,1,40
-9.312983,-67.314044,80,OSM,0,
-9.312378,-65.486025,60,OSM:classe,1,40
-9.311570,-66.506928,60,OSM:classe,1,40
-9.311188,-67.315302,80,OSM,0,
-9.310577,-67.315443,80,OSM,0,
-9.310117,-67.315402,80,OSM,0,
-9.309069,-67.314573,80,OSM,0,
-9.308924,-66.080347,60,OSM:classe,1,40
-9.308763,-66.503904,60,OSM:classe,1,40
-9.307912,-65.485743,60,OSM:classe,1,40
-9.306756,-66.500007,60,OSM:classe,1,40
-9.306322,-65.485552,60,OSM:classe,1,40
-9.305382,-65.481121,60,OSM:classe,1,40
-9.305114,-66.082713,60,OSM:classe,1,40
-9.304849,-65.476615,60,OSM:classe,1,40
-9.304450,-65.472086,60,OSM:classe,1,40
-9.303784,-65.467582,60,OSM:classe,1,40
-9.303661,-67.308331,80,OSM,0,
-9.303658,-66.496712,60,OSM:classe,1,40
-9.303079,-65.463081,60,OSM:classe,1,40
-9.302373,-65.458581,60,OSM:classe,1,40
-9.301668,-65.454081,60,OSM:classe,1,40
-9.301165,-66.082825,60,OSM:classe,1,40
-9.300963,-65.449581,60,OSM:classe,1,40
-9.298305,-65.446218,60,OSM:classe,1,40
-9.298012,-67.306349,80,OSM,0,
-9.296869,-66.084172,60,OSM:classe,1,40
-9.296517,-67.305361,80,OSM,0,
-9.296324,-65.442185,60,OSM:classe,1,40
-9.294294,-65.438119,60,OSM:classe,1,40
-9.293230,-65.433735,60,OSM:classe,1,40
-9.293087,-67.299739,80,OSM,0,
-9.292579,-66.085537,60,OSM:classe,1,40
-9.291033,-65.429888,60,OSM:classe,1,40
-9.290445,-65.425379,60,OSM:classe,1,40
-9.289783,-65.421010,60,OSM:classe,1,40
-9.289733,-65.416675,60,OSM:classe,1,40
-9.288874,-65.410732,60,OSM:classe,1,40
-9.288289,-66.086901,60,OSM:classe,1,40
-9.288033,-65.412806,60,OSM:classe,1,40
-9.285756,-67.295565,80,OSM,0,
-9.284991,-67.295356,80,OSM,0,
-9.283998,-66.088265,60,OSM:classe,1,40
-9.283961,-67.295461,80,OSM,0,
-9.280528,-67.296761,80,OSM,0,
-9.279708,-66.089629,60,OSM:classe,1,40
-9.276972,-67.297775,80,OSM,0,
-9.275418,-66.090994,60,OSM:classe,1,40
-9.273500,-67.298663,80,OSM,0,
-9.272348,-67.298654,80,OSM,0,
-9.271128,-66.092358,60,OSM:classe,1,40
-9.266837,-66.093722,60,OSM:classe,1,40
-9.266023,-67.296018,80,OSM,0,
-9.262547,-66.095087,60,OSM:classe,1,40
-9.259728,-67.292973,80,OSM,0,
-9.258741,-67.020395,60,OSM:classe,1,40
-9.258257,-66.096451,60,OSM:classe,1,40
-9.256946,-67.022369,60,OSM:classe,1,40
-9.254477,-67.026175,60,OSM:classe,1,40
-9.253967,-66.097816,60,OSM:classe,1,40
-9.253855,-67.027336,60,OSM:classe,1,40
-9.252019,-67.029990,60,OSM:classe,1,40
-9.251915,-67.025908,60,OSM:classe,1,40
-9.250601,-67.285632,80,OSM,0,
-9.249684,-66.099204,60,OSM:classe,1,40
-9.249670,-67.033871,60,OSM:classe,1,40
-9.249469,-67.285193,80,OSM,0,
-9.248420,-67.285198,80,OSM,0,
-9.248161,-67.023470,60,OSM:classe,1,40
-9.247542,-67.037884,60,OSM:classe,1,40
-9.245451,-66.100589,60,OSM:classe,1,40
-9.245280,-67.041820,60,OSM:classe,1,40
-9.244727,-67.020762,60,OSM:classe,1,40
-9.242718,-67.045521,60,OSM:classe,1,40
-9.242087,-67.286271,80,OSM,0,
-9.241163,-66.101947,60,OSM:classe,1,40
-9.240747,-67.049391,60,OSM:classe,1,40
-9.240733,-67.019303,60,OSM:classe,1,40
-9.238112,-67.053076,60,OSM:classe,1,40
-9.237744,-67.017408,60,OSM:classe,1,40
-9.237417,-67.285501,80,OSM,0,
-9.236880,-66.103335,60,OSM:classe,1,40
-9.235898,-67.056986,60,OSM:classe,1,40
-9.234318,-67.014761,60,OSM:classe,1,40
-9.233310,-67.060712,60,OSM:classe,1,40
-9.232597,-66.104722,60,OSM:classe,1,40
-9.230876,-67.064502,60,OSM:classe,1,40
-9.230492,-67.012702,60,OSM:classe,1,40
-9.230200,-67.285652,80,OSM,0,
-9.228651,-67.286508,80,OSM,0,
-9.228340,-67.068252,60,OSM:classe,1,40
-9.228314,-66.106110,60,OSM:classe,1,40
-9.227417,-67.009460,60,OSM:classe,1,40
-9.225921,-67.072093,60,OSM:classe,1,40
-9.224765,-67.005973,60,OSM:classe,1,40
-9.224032,-66.107497,60,OSM:classe,1,40
-9.223503,-67.075933,60,OSM:classe,1,40
-9.222145,-67.291870,80,OSM,0,
-9.222070,-67.002474,60,OSM:classe,1,40
-9.221630,-66.980618,60,OSM:classe,1,40
-9.221101,-67.079784,60,OSM:classe,1,40
-9.220894,-66.983021,60,OSM:classe,1,40
-9.220867,-66.983396,60,OSM:classe,1,40
-9.220765,-67.292249,80,OSM,0,
-9.219749,-66.108885,60,OSM:classe,1,40
-9.218934,-67.083775,60,OSM:classe,1,40
-9.218685,-66.987288,60,OSM:classe,1,40
-9.218053,-67.000465,60,OSM:classe,1,40
-9.216767,-67.087767,60,OSM:classe,1,40
-9.216270,-66.991113,60,OSM:classe,1,40
-9.215694,-67.291595,80,OSM,0,
-9.215466,-66.110273,60,OSM:classe,1,40
-9.214600,-67.091758,60,OSM:classe,1,40
-9.214270,-67.291119,80,OSM,0,
-9.214102,-66.995104,60,OSM:classe,1,40
-9.213880,-66.999036,60,OSM:classe,1,40
-9.212433,-67.095750,60,OSM:classe,1,40
-9.211183,-66.111660,60,OSM:classe,1,40
-9.210266,-67.099741,60,OSM:classe,1,40
-9.208119,-67.103744,60,OSM:classe,1,40
-9.206900,-66.113048,60,OSM:classe,1,40
-9.206016,-67.107771,60,OSM:classe,1,40
-9.205580,-67.286288,80,OSM,0,
-9.203914,-67.111797,60,OSM:classe,1,40
-9.202617,-66.114435,60,OSM:classe,1,40
-9.201728,-67.115777,60,OSM:classe,1,40
-9.199451,-67.119705,60,OSM:classe,1,40
-9.198334,-66.115823,60,OSM:classe,1,40
-9.197174,-67.123632,60,OSM:classe,1,40
-9.196889,-67.281458,80,OSM,0,
-9.194896,-67.127560,60,OSM:classe,1,40
-9.194051,-66.117210,60,OSM:classe,1,40
-9.192619,-67.131488,60,OSM:classe,1,40
-9.190342,-67.135415,60,OSM:classe,1,40
-9.189768,-66.118598,60,OSM:classe,1,40
-9.188064,-67.139343,60,OSM:classe,1,40
-9.186679,-67.281449,80,OSM,0,
-9.185837,-67.143300,60,OSM:classe,1,40
-9.185702,-67.281651,80,OSM,0,
-9.185485,-66.119986,60,OSM:classe,1,40
-9.185109,-67.282057,80,OSM,0,
-9.183633,-67.147270,60,OSM:classe,1,40
-9.181247,-67.151109,60,OSM:classe,1,40
-9.181202,-66.121373,60,OSM:classe,1,40
-9.179256,-67.155193,60,OSM:classe,1,40
-9.178376,-67.289654,80,OSM,0,
-9.177105,-67.159192,60,OSM:classe,1,40
-9.176919,-66.122761,60,OSM:classe,1,40
-9.176328,-67.290529,80,OSM,0,
-9.174948,-67.163189,60,OSM:classe,1,40
-9.172791,-67.167186,60,OSM:classe,1,40
-9.172637,-66.124148,60,OSM:classe,1,40
-9.170634,-67.171182,60,OSM:classe,1,40
-9.168478,-67.175179,60,OSM:classe,1,40
-9.168354,-66.125536,60,OSM:classe,1,40
-9.168063,-67.293855,80,OSM,0,
-9.166321,-67.179176,60,OSM:classe,1,40
-9.164819,-67.295041,80,OSM,0,
-9.164164,-67.183173,60,OSM:classe,1,40
-9.164089,-67.295125,80,OSM,0,
-9.164071,-66.126923,60,OSM:classe,1,40
-9.162007,-67.187169,60,OSM:classe,1,40
-9.160555,-67.294233,80,OSM,0,
-9.159895,-67.191190,60,OSM:classe,1,40
-9.159788,-66.128311,60,OSM:classe,1,40
-9.157785,-67.195212,60,OSM:classe,1,40
-9.155675,-67.199234,60,OSM:classe,1,40
-9.155517,-66.129735,60,OSM:classe,1,40
-9.153565,-67.203256,60,OSM:classe,1,40
-9.151455,-67.207278,60,OSM:classe,1,40
-9.151250,-66.131172,60,OSM:classe,1,40
-9.150263,-67.292615,80,OSM,0,
-9.149345,-67.211300,60,OSM:classe,1,40
-9.149110,-67.292089,80,OSM,0,
-9.147235,-67.215322,60,OSM:classe,1,40
-9.146983,-66.132609,60,OSM:classe,1,40
-9.144739,-67.288555,80,OSM,0,
-9.144530,-67.218857,60,OSM:classe,1,40
-9.144357,-66.133754,60,OSM:classe,1,40
-9.143775,-67.288044,80,OSM,0,
-9.141122,-67.221822,60,OSM:classe,1,40
-9.140132,-66.134834,60,OSM:classe,1,40
-9.138484,-67.225509,60,OSM:classe,1,40
-9.135911,-67.229244,60,OSM:classe,1,40
-9.135869,-66.136283,60,OSM:classe,1,40
-9.134085,-67.286335,80,OSM,0,
-9.133337,-67.232978,60,OSM:classe,1,40
-9.132900,-67.285802,80,OSM,0,
-9.131967,-67.237233,60,OSM:classe,1,40
-9.131778,-67.284919,80,OSM,0,
-9.131527,-66.137449,60,OSM:classe,1,40
-9.128813,-67.239763,60,OSM:classe,1,40
-9.127091,-66.138050,60,OSM:classe,1,40
-9.125977,-67.243273,60,OSM:classe,1,40
-9.122805,-67.246500,60,OSM:classe,1,40
-9.122647,-66.138210,60,OSM:classe,1,40
-9.121950,-67.276758,80,OSM,0,
-9.119963,-67.272093,80,OSM,0,
-9.119443,-67.249435,60,OSM:classe,1,40
-9.118701,-66.136862,60,OSM:classe,1,40
-9.117604,-67.265499,80,OSM,0,
-9.116277,-67.252651,60,OSM:classe,1,40
-9.114840,-67.260316,80,OSM,0,
-9.114252,-66.137336,60,OSM:classe,1,40
-9.113738,-67.257213,80,OSM,0,
-9.113003,-67.255772,60,OSM:classe,1,40
-9.112950,-67.256130,60,OSM:classe,1,40
-9.112652,-67.255866,60,OSM:classe,1,40
-9.112363,-67.255612,80,OSM,0,
-9.109760,-66.137121,60,OSM:classe,1,40
-9.105483,-66.136071,60,OSM:classe,1,40
-9.105125,-67.249762,80,OSM,0,
-9.103197,-67.248834,80,OSM,0,
-9.100987,-66.136014,60,OSM:classe,1,40
-9.100404,-67.248060,80,OSM,0,
-9.096491,-66.135973,60,OSM:classe,1,40
-9.094386,-67.250206,80,OSM,0,
-9.093095,-67.250445,80,OSM,0,
-9.092152,-67.250298,80,OSM,0,
-9.091995,-66.135932,60,OSM:classe,1,40
-9.087498,-66.135892,60,OSM:classe,1,40
-9.083002,-66.135851,60,OSM:classe,1,40
-9.082781,-67.246854,80,OSM,0,
-9.078505,-66.135810,60,OSM:classe,1,40
-9.074009,-66.135770,60,OSM:classe,1,40
-9.073408,-67.243409,80,OSM,0,
-9.069537,-66.135387,60,OSM:classe,1,40
-9.065083,-66.134761,60,OSM:classe,1,40
-9.064037,-67.239964,80,OSM,0,
-9.060619,-66.134218,60,OSM:classe,1,40
-9.056148,-66.133741,60,OSM:classe,1,40
-9.056112,-67.238270,80,OSM,0,
-9.054811,-67.237324,80,OSM,0,
-9.051741,-66.132986,60,OSM:classe,1,40
-9.050589,-67.230368,80,OSM,0,
-9.049251,-67.229126,80,OSM,0,
-9.047816,-67.227198,80,OSM,0,
-9.047275,-66.132707,60,OSM:classe,1,40
-9.045684,-67.225340,80,OSM,0,
-9.042810,-66.132173,60,OSM:classe,1,40
-9.041642,-67.223748,80,OSM,0,
-9.041100,-67.223270,80,OSM,0,
-9.039565,-67.221047,80,OSM,0,
-9.039043,-67.219637,80,OSM,0,
-9.038344,-66.131638,60,OSM:classe,1,40
-9.038259,-67.216137,80,OSM,0,
-9.037835,-67.215470,80,OSM,0,
-9.033868,-66.131214,60,OSM:classe,1,40
-9.033606,-67.212932,80,OSM,0,
-9.032698,-67.212466,80,OSM,0,
-9.029645,-67.211573,80,OSM,0,
-9.029387,-66.130828,60,OSM:classe,1,40
-9.025660,-67.212360,80,OSM,0,
-9.024907,-66.130442,60,OSM:classe,1,40
-9.024376,-67.212270,80,OSM,0,
-9.020419,-66.130170,60,OSM:classe,1,40
-9.019469,-67.209863,80,OSM,0,
-9.016818,-67.207870,80,OSM,0,
-9.015928,-66.129950,60,OSM:classe,1,40
-9.015898,-67.207598,80,OSM,0,
-9.011436,-66.129731,60,OSM:classe,1,40
-9.011139,-67.208637,80,OSM,0,
-9.006945,-66.129512,60,OSM:classe,1,40
-9.006354,-67.210423,80,OSM,0,
-9.002453,-66.129293,60,OSM:classe,1,40
-8.997962,-66.129073,60,OSM:classe,1,40
-8.994052,-67.210595,80,OSM,0,
-8.993532,-66.128987,60,OSM:classe,1,40
-8.992677,-67.210829,80,OSM,0,
-8.991606,-67.211625,80,OSM,0,
-8.989916,-66.131223,60,OSM:classe,1,40
-8.988148,-67.215537,80,OSM,0,
-8.986674,-66.133490,60,OSM:classe,1,40
-8.983402,-66.135280,60,OSM:classe,1,40
-8.982611,-67.218688,80,OSM,0,
-8.980445,-66.137262,60,OSM:classe,1,40
-8.979970,-66.129866,60,OSM:classe,1,40
-8.979876,-66.132603,60,OSM:classe,1,40
-8.979701,-66.133985,60,OSM:classe,1,40
-8.975651,-66.129779,60,OSM:classe,1,40
-8.971163,-66.130061,60,OSM:classe,1,40
-8.970922,-67.218659,80,OSM,0,
-8.970231,-67.218811,80,OSM,0,
-8.969141,-67.219546,80,OSM,0,
-8.966684,-66.130451,60,OSM:classe,1,40
-8.963453,-67.225454,80,OSM,0,
-8.962706,-67.226463,80,OSM,0,
-8.962215,-66.130950,60,OSM:classe,1,40
-8.960393,-64.227589,60,OSM:classe,1,40
-8.959931,-67.233302,80,OSM,0,
-8.959042,-64.226245,60,OSM:classe,1,40
-8.957763,-66.131591,60,OSM:classe,1,40
-8.957193,-64.230787,60,OSM:classe,1,40
-8.957157,-67.240141,80,OSM,0,
-8.955836,-64.223053,60,OSM:classe,1,40
-8.953993,-64.233985,60,OSM:classe,1,40
-8.953294,-66.132045,60,OSM:classe,1,40
-8.952630,-64.219862,60,OSM:classe,1,40
-8.952461,-67.248403,80,OSM,0,
-8.951819,-67.249176,80,OSM,0,
-8.950793,-64.237182,60,OSM:classe,1,40
-8.950290,-67.250283,80,OSM,0,
-8.949490,-67.250605,80,OSM,0,
-8.949423,-64.216671,60,OSM:classe,1,40
-8.948803,-66.132280,60,OSM:classe,1,40
-8.947593,-64.240380,60,OSM:classe,1,40
-8.947513,-64.291633,60,OSM:classe,1,40
-8.946217,-64.213479,60,OSM:classe,1,40
-8.945850,-67.250746,80,OSM,0,
-8.944890,-67.250349,80,OSM,0,
-8.944393,-64.243578,60,OSM:classe,1,40
-8.944340,-64.288443,60,OSM:classe,1,40
-8.944312,-66.132515,60,OSM:classe,1,40
-8.943005,-64.210293,60,OSM:classe,1,40
-8.942617,-67.248238,80,OSM,0,
-8.941193,-64.246776,60,OSM:classe,1,40
-8.941149,-64.285235,60,OSM:classe,1,40
-8.941063,-67.247717,80,OSM,0,
-8.939822,-66.132750,60,OSM:classe,1,40
-8.939738,-64.207166,60,OSM:classe,1,40
-8.937993,-64.249974,60,OSM:classe,1,40
-8.937959,-64.282028,60,OSM:classe,1,40
-8.936470,-64.204040,60,OSM:classe,1,40
-8.936013,-66.131038,60,OSM:classe,1,40
-8.934962,-64.278715,60,OSM:classe,1,40
-8.934793,-64.253171,60,OSM:classe,1,40
-8.933531,-64.200635,60,OSM:classe,1,40
-8.931650,-64.275674,60,OSM:classe,1,40
-8.931592,-66.130573,60,OSM:classe,1,40
-8.931592,-64.256369,60,OSM:classe,1,40
-8.930920,-64.196975,60,OSM:classe,1,40
-8.930302,-67.247611,80,OSM,0,
-8.928488,-64.272437,60,OSM:classe,1,40
-8.928392,-64.259567,60,OSM:classe,1,40
-8.927916,-64.193649,60,OSM:classe,1,40
-8.927314,-67.248213,80,OSM,0,
-8.927098,-66.130429,60,OSM:classe,1,40
-8.925327,-64.269200,60,OSM:classe,1,40
-8.925192,-64.262765,60,OSM:classe,1,40
-8.924401,-64.190810,60,OSM:classe,1,40
-8.923369,-67.250760,80,OSM,0,
-8.922687,-66.129586,60,OSM:classe,1,40
-8.922165,-64.265964,60,OSM:classe,1,40
-8.921468,-64.187533,60,OSM:classe,1,40
-8.920516,-67.252224,80,OSM,0,
-8.919786,-66.130994,60,OSM:classe,1,40
-8.917619,-67.252551,80,OSM,0,
-8.917306,-64.187227,60,OSM:classe,1,40
-8.915337,-66.130744,60,OSM:classe,1,40
-8.912821,-64.186897,60,OSM:classe,1,40
-8.911909,-67.252653,80,OSM,0,
-8.910911,-66.130272,60,OSM:classe,1,40
-8.908336,-64.186567,60,OSM:classe,1,40
-8.907902,-67.254049,80,OSM,0,
-8.906436,-66.129833,60,OSM:classe,1,40
-8.906255,-67.255156,80,OSM,0,
-8.903842,-64.186580,60,OSM:classe,1,40
-8.901956,-66.129482,60,OSM:classe,1,40
-8.899346,-64.186662,60,OSM:classe,1,40
-8.897888,-67.263758,80,OSM,0,
-8.897459,-66.129503,60,OSM:classe,1,40
-8.897058,-67.267765,80,OSM,0,
-8.896686,-67.268716,80,OSM,0,
-8.894868,-64.186592,60,OSM:classe,1,40
-8.893113,-66.128637,60,OSM:classe,1,40
-8.892872,-67.276591,80,OSM,0,
-8.892124,-67.277203,80,OSM,0,
-8.890430,-64.185892,60,OSM:classe,1,40
-8.888633,-66.128250,60,OSM:classe,1,40
-8.885977,-64.185266,60,OSM:classe,1,40
-8.884442,-66.127236,60,OSM:classe,1,40
-8.882784,-67.280802,80,OSM,0,
-8.881571,-64.184355,60,OSM:classe,1,40
-8.880050,-66.127667,60,OSM:classe,1,40
-8.877196,-64.183326,60,OSM:classe,1,40
-8.875565,-66.127461,60,OSM:classe,1,40
-8.873444,-67.284401,80,OSM,0,
-8.872901,-64.181977,60,OSM:classe,1,40
-8.869787,-67.286695,80,OSM,0,
-8.868702,-64.180375,60,OSM:classe,1,40
-8.866232,-66.584748,60,OSM:classe,1,40
-8.866212,-67.288116,80,OSM,0,
-8.864745,-67.288923,80,OSM,0,
-8.864609,-64.178489,60,OSM:classe,1,40
-8.864496,-66.588435,60,OSM:classe,1,40
-8.862446,-66.592287,60,OSM:classe,1,40
-8.860610,-64.176420,60,OSM:classe,1,40
-8.858393,-66.593515,60,OSM:classe,1,40
-8.858107,-67.294094,80,OSM,0,
-8.857086,-67.294326,80,OSM,0,
-8.856754,-64.174087,60,OSM:classe,1,40
-8.855184,-66.592722,60,OSM:classe,1,40
-8.854419,-66.588572,60,OSM:classe,1,40
-8.853152,-64.171362,60,OSM:classe,1,40
-8.850874,-67.294587,80,OSM,0,
-8.850562,-66.586391,60,OSM:classe,1,40
-8.850097,-64.168056,60,OSM:classe,1,40
-8.847227,-64.164553,60,OSM:classe,1,40
-8.846538,-66.585498,60,OSM:classe,1,40
-8.844357,-64.161050,60,OSM:classe,1,40
-8.843886,-67.298722,80,OSM,0,
-8.843673,-66.588405,60,OSM:classe,1,40
-8.840069,-66.591100,60,OSM:classe,1,40
-8.837346,-66.594430,60,OSM:classe,1,40
-8.836899,-67.302856,80,OSM,0,
-8.833960,-66.596025,60,OSM:classe,1,40
-8.833632,-67.305210,80,OSM,0,
-8.832870,-67.305309,80,OSM,0,
-8.829525,-66.596534,60,OSM:classe,1,40
-8.826396,-67.304057,80,OSM,0,
-8.825670,-66.597679,60,OSM:classe,1,40
-8.825103,-67.303983,80,OSM,0,
-8.824364,-67.304192,80,OSM,0,
-8.822106,-66.600422,60,OSM:classe,1,40
-8.821165,-67.124550,60,OSM:classe,1,40
-8.821091,-67.120001,60,OSM:classe,1,40
-8.820923,-67.115454,60,OSM:classe,1,40
-8.820702,-67.110909,60,OSM:classe,1,40
-8.820480,-67.106364,60,OSM:classe,1,40
-8.820273,-67.101819,60,OSM:classe,1,40
-8.820149,-67.097270,60,OSM:classe,1,40
-8.820024,-67.092721,60,OSM:classe,1,40
-8.819900,-67.088173,60,OSM:classe,1,40
-8.819776,-67.083624,60,OSM:classe,1,40
-8.819651,-67.079075,60,OSM:classe,1,40
-8.819527,-67.074527,60,OSM:classe,1,40
-8.819402,-67.069978,60,OSM:classe,1,40
-8.819352,-67.128466,60,OSM:classe,1,40
-8.819238,-67.061804,60,OSM:classe,1,40
-8.819071,-67.057257,60,OSM:classe,1,40
-8.819032,-66.603244,60,OSM:classe,1,40
-8.818921,-67.138518,60,OSM:classe,1,40
-8.818905,-67.052710,60,OSM:classe,1,40
-8.818716,-67.130863,60,OSM:classe,1,40
-8.818359,-67.134111,60,OSM:classe,1,40
-8.817926,-67.065845,60,OSM:classe,1,40
-8.816880,-67.308624,80,OSM,0,
-8.815823,-67.141641,60,OSM:classe,1,40
-8.815803,-67.308980,80,OSM,0,
-8.815642,-67.230319,60,OSM:classe,1,40
-8.815298,-67.225814,60,OSM:classe,1,40
-8.815181,-66.605218,60,OSM:classe,1,40
-8.814975,-67.234819,60,OSM:classe,1,40
-8.814631,-67.221333,60,OSM:classe,1,40
-8.814567,-67.053753,60,OSM:classe,1,40
-8.814308,-67.239319,60,OSM:classe,1,40
-8.813877,-67.243831,60,OSM:classe,1,40
-8.812765,-67.144968,60,OSM:classe,1,40
-8.812595,-67.217275,60,OSM:classe,1,40
-8.812470,-67.247859,60,OSM:classe,1,40
-8.811886,-66.607624,60,OSM:classe,1,40
-8.810074,-67.053938,60,OSM:classe,1,40
-8.810001,-67.213607,60,OSM:classe,1,40
-8.808803,-67.250492,60,OSM:classe,1,40
-8.808795,-67.146976,60,OSM:classe,1,40
-8.808386,-66.610233,60,OSM:classe,1,40
-8.808124,-67.209505,60,OSM:classe,1,40
-8.806875,-67.205134,60,OSM:classe,1,40
-8.805627,-67.200763,60,OSM:classe,1,40
-8.805581,-67.054123,60,OSM:classe,1,40
-8.805444,-67.261487,60,OSM:classe,1,40
-8.805185,-67.253180,60,OSM:classe,1,40
-8.804982,-67.266013,60,OSM:classe,1,40
-8.804491,-67.148293,60,OSM:classe,1,40
-8.804446,-67.257104,60,OSM:classe,1,40
-8.804445,-67.309195,80,OSM,0,
-8.804445,-66.612261,60,OSM:classe,1,40
-8.804378,-67.196391,60,OSM:classe,1,40
-8.803130,-67.192020,60,OSM:classe,1,40
-8.802442,-67.269724,60,OSM:classe,1,40
-8.801881,-67.187649,60,OSM:classe,1,40
-8.801091,-67.054083,60,OSM:classe,1,40
-8.800633,-67.183277,60,OSM:classe,1,40
-8.800522,-66.614345,60,OSM:classe,1,40
-8.800187,-67.149609,60,OSM:classe,1,40
-8.799770,-67.273384,60,OSM:classe,1,40
-8.799384,-67.178906,60,OSM:classe,1,40
-8.798341,-67.277564,60,OSM:classe,1,40
-8.798168,-67.309257,60,OSM:classe,1,40
-8.798153,-67.304706,60,OSM:classe,1,40
-8.798139,-67.300156,60,OSM:classe,1,40
-8.798136,-67.174535,60,OSM:classe,1,40
-8.798124,-67.295606,60,OSM:classe,1,40
-8.798110,-67.291056,60,OSM:classe,1,40
-8.798095,-67.286506,60,OSM:classe,1,40
-8.798006,-61.418605,60,OSM:classe,1,40
-8.797878,-67.282086,60,OSM:classe,1,40
-8.796888,-67.170164,60,OSM:classe,1,40
-8.796806,-66.616058,60,OSM:classe,1,40
-8.796617,-67.054210,60,OSM:classe,1,40
-8.795883,-67.150926,60,OSM:classe,1,40
-8.795639,-67.165792,60,OSM:classe,1,40
-8.795159,-67.050020,60,OSM:classe,1,40
-8.794391,-67.161421,60,OSM:classe,1,40
-8.794120,-61.416321,60,OSM:classe,1,40
-8.794100,-67.045598,60,OSM:classe,1,40
-8.793142,-67.157050,60,OSM:classe,1,40
-8.793087,-67.309410,80,OSM,0,
-8.792836,-67.041267,60,OSM:classe,1,40
-8.792711,-66.617863,60,OSM:classe,1,40
-8.792180,-67.309959,80,OSM,0,
-8.791894,-67.152679,60,OSM:classe,1,40
-8.791878,-67.152625,60,OSM:classe,1,40
-8.791424,-67.036947,60,OSM:classe,1,40
-8.790633,-67.148253,60,OSM:classe,1,40
-8.790091,-67.032602,60,OSM:classe,1,40
-8.790087,-61.414307,60,OSM:classe,1,40
-8.789387,-67.143882,60,OSM:classe,1,40
-8.788831,-67.028234,60,OSM:classe,1,40
-8.788633,-66.619779,60,OSM:classe,1,40
-8.788141,-67.139510,60,OSM:classe,1,40
-8.787635,-67.314932,80,OSM,0,
-8.787571,-67.023867,60,OSM:classe,1,40
-8.787255,-67.315880,80,OSM,0,
-8.787190,-67.318302,80,OSM,0,
-8.786896,-67.135138,60,OSM:classe,1,40
-8.786878,-67.319341,80,OSM,0,
-8.786312,-67.019499,60,OSM:classe,1,40
-8.786039,-61.412327,60,OSM:classe,1,40
-8.785650,-67.130766,60,OSM:classe,1,40
-8.785052,-67.015131,60,OSM:classe,1,40
-8.784554,-66.621694,60,OSM:classe,1,40
-8.784392,-67.126405,60,OSM:classe,1,40
-8.783763,-67.010773,60,OSM:classe,1,40
-8.783452,-67.325145,80,OSM,0,
-8.782456,-67.006428,60,OSM:classe,1,40
-8.781833,-61.411065,60,OSM:classe,1,40
-8.781746,-67.327124,80,OSM,0,
-8.781255,-67.002046,60,OSM:classe,1,40
-8.780476,-66.623610,60,OSM:classe,1,40
-8.780471,-66.949361,60,OSM:classe,1,40
-8.780251,-67.328862,60,OSM:classe,1,50
-8.780063,-67.127141,60,OSM:classe,1,40
-8.779985,-66.997682,60,OSM:classe,1,40
-8.779361,-66.945244,60,OSM:classe,1,40
-8.778715,-66.993317,60,OSM:classe,1,40
-8.778582,-67.123023,60,OSM:classe,1,40
-8.777913,-66.953092,60,OSM:classe,1,40
-8.777711,-61.412820,60,OSM:classe,1,40
-8.777459,-66.941121,60,OSM:classe,1,40
-8.777445,-66.988952,60,OSM:classe,1,40
-8.777308,-67.118660,60,OSM:classe,1,40
-8.777298,-67.332294,60,OSM:classe,1,50
-8.776397,-66.625526,60,OSM:classe,1,40
-8.776175,-66.984588,60,OSM:classe,1,40
-8.776034,-67.114296,60,OSM:classe,1,40
-8.775558,-66.936998,60,OSM:classe,1,40
-8.775417,-67.334512,60,OSM:classe,1,40
-8.775308,-67.334639,60,OSM:classe,1,40
-8.774905,-66.980223,60,OSM:classe,1,40
-8.774759,-67.109933,60,OSM:classe,1,40
-8.774346,-67.335725,60,OSM:classe,1,50
-8.774286,-67.333748,60,OSM:classe,1,40
-8.774263,-66.955500,60,OSM:classe,1,40
-8.773656,-66.932875,60,OSM:classe,1,40
-8.773653,-61.414779,60,OSM:classe,1,40
-8.773635,-66.975859,60,OSM:classe,1,40
-8.773485,-67.105570,60,OSM:classe,1,40
-8.772891,-67.336765,60,OSM:classe,1,50
-8.772541,-67.332190,60,OSM:classe,1,40
-8.772365,-66.971494,60,OSM:classe,1,40
-8.772319,-66.627442,60,OSM:classe,1,40
-8.772211,-67.101206,60,OSM:classe,1,40
-8.771755,-66.928752,60,OSM:classe,1,40
-8.771095,-66.967129,60,OSM:classe,1,40
-8.770278,-67.340225,60,OSM:classe,1,50
-8.769983,-67.097321,60,OSM:classe,1,40
-8.769975,-66.956868,60,OSM:classe,1,40
-8.769853,-66.924629,60,OSM:classe,1,40
-8.769825,-66.962765,60,OSM:classe,1,40
-8.769594,-61.416737,60,OSM:classe,1,40
-8.769149,-67.329203,60,OSM:classe,1,40
-8.768998,-67.344587,60,OSM:classe,1,50
-8.768772,-67.088988,60,OSM:classe,1,40
-8.768692,-67.093404,60,OSM:classe,1,40
-8.768555,-66.958400,60,OSM:classe,1,40
-8.768474,-67.084543,60,OSM:classe,1,40
-8.768285,-66.957733,60,OSM:classe,1,40
-8.768240,-66.629357,60,OSM:classe,1,40
-8.767927,-66.920518,60,OSM:classe,1,40
-8.767719,-67.348948,60,OSM:classe,1,50
-8.767531,-67.371479,60,OSM:classe,1,50
-8.766791,-67.327126,60,OSM:classe,1,40
-8.766440,-67.353310,60,OSM:classe,1,50
-8.766379,-67.080761,60,OSM:classe,1,40
-8.766002,-67.367402,60,OSM:classe,1,50
-8.765997,-66.916409,60,OSM:classe,1,40
-8.765686,-66.958237,60,OSM:classe,1,40
-8.765535,-61.418696,60,OSM:classe,1,40
-8.765266,-67.375366,60,OSM:classe,1,50
-8.765089,-67.076403,60,OSM:classe,1,40
-8.764961,-67.323046,60,OSM:classe,1,40
-8.764162,-66.631273,60,OSM:classe,1,40
-8.764067,-66.912300,60,OSM:classe,1,40
-8.763844,-67.072032,60,OSM:classe,1,40
-8.763499,-67.318747,60,OSM:classe,1,40
-8.763435,-67.363667,60,OSM:classe,1,50
-8.762931,-67.355783,60,OSM:classe,1,50
-8.762598,-67.067660,60,OSM:classe,1,40
-8.762137,-66.908191,60,OSM:classe,1,40
-8.761944,-67.314478,60,OSM:classe,1,40
-8.761838,-67.377831,60,OSM:classe,1,50
-8.761398,-66.959605,60,OSM:classe,1,40
-8.761353,-67.063288,60,OSM:classe,1,40
-8.761295,-61.418603,60,OSM:classe,1,40
-8.761202,-67.379037,60,OSM:classe,1,40
-8.761149,-67.359811,60,OSM:classe,1,50
-8.760958,-67.377504,60,OSM:classe,1,40
-8.760444,-67.310189,60,OSM:classe,1,40
-8.760207,-66.904081,60,OSM:classe,1,40
-8.760107,-67.058917,60,OSM:classe,1,40
-8.760083,-66.633189,60,OSM:classe,1,40
-8.759905,-67.383533,60,OSM:classe,1,40
-8.759631,-67.384187,60,OSM:classe,1,40
-8.759085,-67.383050,60,OSM:classe,1,40
-8.759074,-67.305856,60,OSM:classe,1,40
-8.758862,-67.054545,60,OSM:classe,1,40
-8.758628,-67.387657,60,OSM:classe,1,40
-8.758278,-66.899972,60,OSM:classe,1,40
-8.758128,-67.302862,60,OSM:classe,1,40
-8.758106,-67.388655,60,OSM:classe,1,40
-8.758025,-67.302542,60,OSM:classe,1,40
-8.757877,-67.387198,60,OSM:classe,1,40
-8.757616,-67.050173,60,OSM:classe,1,40
-8.757570,-61.416054,60,OSM:classe,1,40
-8.757178,-67.043373,60,OSM:classe,1,40
-8.757130,-67.043553,60,OSM:classe,1,40
-8.757110,-66.960974,60,OSM:classe,1,40
-8.757093,-67.388591,60,OSM:classe,1,40
-8.756736,-67.375939,60,OSM:classe,1,40
-8.756591,-67.045757,60,OSM:classe,1,40
-8.756415,-67.298319,60,OSM:classe,1,40
-8.756348,-66.895863,60,OSM:classe,1,40
-8.756005,-66.635105,60,OSM:classe,1,40
-8.756004,-67.392676,60,OSM:classe,1,40
-8.755739,-67.393331,60,OSM:classe,1,40
-8.755349,-67.293909,60,OSM:classe,1,40
-8.755273,-67.039826,60,OSM:classe,1,40
-8.755249,-67.392250,60,OSM:classe,1,40
-8.754534,-67.393532,60,OSM:classe,1,40
-8.754418,-66.891753,60,OSM:classe,1,40
-8.754035,-67.397542,60,OSM:classe,1,40
-8.753845,-61.413506,60,OSM:classe,1,40
-8.753816,-67.289632,60,OSM:classe,1,40
-8.753488,-67.035650,60,OSM:classe,1,40
-8.753382,-67.397382,60,OSM:classe,1,40
-8.752898,-67.397605,60,OSM:classe,1,40
-8.752803,-66.962276,60,OSM:classe,1,40
-8.752504,-67.375081,60,OSM:classe,1,40
-8.752488,-66.887644,60,OSM:classe,1,40
-8.752232,-67.031331,60,OSM:classe,1,40
-8.752124,-67.375738,60,OSM:classe,1,40
-8.752122,-67.285420,60,OSM:classe,1,40
-8.751926,-66.637021,60,OSM:classe,1,40
-8.750843,-67.027008,60,OSM:classe,1,40
-8.750771,-67.273434,60,OSM:classe,1,40
-8.750558,-66.883535,60,OSM:classe,1,40
-8.750120,-61.410957,60,OSM:classe,1,40
-8.750107,-67.022665,60,OSM:classe,1,40
-8.750100,-67.277737,60,OSM:classe,1,40
-8.750021,-67.022475,60,OSM:classe,1,40
-8.749951,-67.379387,60,OSM:classe,1,40
-8.749822,-67.281617,60,OSM:classe,1,40
-8.749769,-67.268999,60,OSM:classe,1,40
-8.748807,-67.399494,60,OSM:classe,1,40
-8.748629,-66.879425,60,OSM:classe,1,40
-8.748614,-66.963677,60,OSM:classe,1,40
-8.748417,-67.018244,60,OSM:classe,1,40
-8.748299,-67.264700,60,OSM:classe,1,40
-8.747915,-67.397958,60,OSM:classe,1,40
-8.747848,-66.638936,60,OSM:classe,1,40
-8.747231,-66.964069,60,OSM:classe,1,40
-8.747158,-67.013876,60,OSM:classe,1,40
-8.746820,-67.260403,60,OSM:classe,1,40
-8.746699,-66.875316,60,OSM:classe,1,40
-8.746374,-66.961692,60,OSM:classe,1,40
-8.746357,-61.408471,60,OSM:classe,1,40
-8.746319,-67.398733,60,OSM:classe,1,40
-8.745899,-67.009509,60,OSM:classe,1,40
-8.745714,-67.380860,60,OSM:classe,1,40
-8.744769,-66.871207,60,OSM:classe,1,40
-8.744639,-67.005141,60,OSM:classe,1,40
-8.744322,-66.965035,60,OSM:classe,1,40
-8.743793,-66.958385,60,OSM:classe,1,40
-8.743769,-66.640852,60,OSM:classe,1,40
-8.743380,-67.000774,60,OSM:classe,1,40
-8.742839,-66.867097,60,OSM:classe,1,40
-8.742824,-61.405796,60,OSM:classe,1,40
-8.742821,-67.258904,60,OSM:classe,1,40
-8.742568,-66.954124,60,OSM:classe,1,40
-8.742265,-67.400702,60,OSM:classe,1,40
-8.742121,-66.996406,60,OSM:classe,1,40
-8.741773,-67.399347,60,OSM:classe,1,40
-8.741659,-67.382814,60,OSM:classe,1,40
-8.741653,-67.399121,60,OSM:classe,1,40
-8.740909,-66.862988,60,OSM:classe,1,40
-8.740862,-66.992039,60,OSM:classe,1,40
-8.740650,-66.950009,60,OSM:classe,1,40
-8.740052,-66.965132,60,OSM:classe,1,40
-8.739828,-67.401970,60,OSM:classe,1,40
-8.739691,-66.642768,60,OSM:classe,1,40
-8.739611,-66.987669,60,OSM:classe,1,40
-8.739305,-67.399737,60,OSM:classe,1,40
-8.739236,-61.403320,60,OSM:classe,1,40
-8.738980,-66.858879,60,OSM:classe,1,40
-8.738785,-67.402877,60,OSM:classe,1,40
-8.738762,-66.983248,60,OSM:classe,1,40
-8.738733,-66.945894,60,OSM:classe,1,40
-8.738588,-67.385993,60,OSM:classe,1,40
-8.738375,-67.258220,60,OSM:classe,1,40
-8.737163,-66.979043,60,OSM:classe,1,40
-8.737050,-66.854770,60,OSM:classe,1,40
-8.736739,-66.941828,60,OSM:classe,1,40
-8.736594,-67.403646,60,OSM:classe,1,40
-8.736449,-66.967485,60,OSM:classe,1,40
-8.736260,-67.389853,60,OSM:classe,1,40
-8.735917,-66.974672,60,OSM:classe,1,40
-8.735612,-66.644684,60,OSM:classe,1,40
-8.735325,-66.850590,60,OSM:classe,1,40
-8.734972,-66.937789,60,OSM:classe,1,40
-8.734842,-61.403119,60,OSM:classe,1,40
-8.734678,-67.402092,60,OSM:classe,1,40
-8.734670,-66.970301,60,OSM:classe,1,40
-8.734011,-67.257142,60,OSM:classe,1,40
-8.733992,-67.393758,60,OSM:classe,1,40
-8.733250,-66.846562,60,OSM:classe,1,40
-8.733039,-66.933682,60,OSM:classe,1,40
-8.732945,-67.398158,60,OSM:classe,1,40
-8.731625,-66.752462,60,OSM:classe,1,40
-8.731534,-66.646599,60,OSM:classe,1,40
-8.731168,-66.842557,60,OSM:classe,1,40
-8.731106,-66.929574,60,OSM:classe,1,40
-8.730482,-61.404234,60,OSM:classe,1,40
-8.729668,-67.255964,60,OSM:classe,1,40
-8.729621,-66.838371,60,OSM:classe,1,40
-8.729544,-66.748429,60,OSM:classe,1,40
-8.729174,-66.925466,60,OSM:classe,1,40
-8.727640,-66.744308,60,OSM:classe,1,40
-8.727556,-66.834361,60,OSM:classe,1,40
-8.727455,-66.648515,60,OSM:classe,1,40
-8.727241,-66.921359,60,OSM:classe,1,40
-8.726123,-61.405350,60,OSM:classe,1,40
-8.725735,-66.740187,60,OSM:classe,1,40
-8.725571,-66.830280,60,OSM:classe,1,40
-8.725431,-67.254493,60,OSM:classe,1,40
-8.725308,-66.917251,60,OSM:classe,1,40
-8.723830,-66.736067,60,OSM:classe,1,40
-8.723647,-66.826168,60,OSM:classe,1,40
-8.723377,-66.650431,60,OSM:classe,1,40
-8.723376,-66.913143,60,OSM:classe,1,40
-8.721925,-66.731946,60,OSM:classe,1,40
-8.721764,-61.406466,60,OSM:classe,1,40
-8.721730,-66.822053,60,OSM:classe,1,40
-8.721719,-67.251961,60,OSM:classe,1,40
-8.721443,-66.909036,60,OSM:classe,1,40
-8.720020,-66.727825,60,OSM:classe,1,40
-8.719813,-66.817938,60,OSM:classe,1,40
-8.719510,-66.904928,60,OSM:classe,1,40
-8.719298,-66.652347,60,OSM:classe,1,40
-8.718950,-67.248388,60,OSM:classe,1,40
-8.718115,-66.723704,60,OSM:classe,1,40
-8.717896,-66.813822,60,OSM:classe,1,40
-8.717578,-66.900821,60,OSM:classe,1,40
-8.717405,-61.407581,60,OSM:classe,1,40
-8.716308,-67.244707,60,OSM:classe,1,40
-8.716210,-66.719584,60,OSM:classe,1,40
-8.715980,-66.809707,60,OSM:classe,1,40
-8.715645,-66.896713,60,OSM:classe,1,40
-8.715220,-66.654263,60,OSM:classe,1,40
-8.714305,-66.715463,60,OSM:classe,1,40
-8.714063,-66.805592,60,OSM:classe,1,40
-8.713723,-66.892645,60,OSM:classe,1,40
-8.713045,-61.408697,60,OSM:classe,1,40
-8.712400,-66.711342,60,OSM:classe,1,40
-8.712146,-66.801477,60,OSM:classe,1,40
-8.711811,-66.888527,60,OSM:classe,1,40
-8.711141,-66.656178,60,OSM:classe,1,40
-8.710496,-66.707222,60,OSM:classe,1,40
-8.710229,-66.797362,60,OSM:classe,1,40
-8.709900,-66.884410,60,OSM:classe,1,40
-8.708675,-61.409416,60,OSM:classe,1,40
-8.708591,-66.703101,60,OSM:classe,1,40
-8.708312,-66.793247,60,OSM:classe,1,40
-8.707500,-66.880675,60,OSM:classe,1,40
-8.707063,-66.658094,60,OSM:classe,1,40
-8.706686,-66.698980,60,OSM:classe,1,40
-8.706395,-66.789132,60,OSM:classe,1,40
-8.706075,-66.876401,60,OSM:classe,1,40
-8.704781,-66.694859,60,OSM:classe,1,40
-8.704478,-66.785017,60,OSM:classe,1,40
-8.704475,-61.408906,60,OSM:classe,1,40
-8.704138,-66.872296,60,OSM:classe,1,40
-8.702985,-66.660010,60,OSM:classe,1,40
-8.702967,-66.781772,60,OSM:classe,1,40
-8.702909,-66.781653,60,OSM:classe,1,40
-8.702876,-66.690739,60,OSM:classe,1,40
-8.702201,-66.868190,60,OSM:classe,1,40
-8.700984,-66.777542,60,OSM:classe,1,40
-8.700971,-66.686618,60,OSM:classe,1,40
-8.700767,-61.406438,60,OSM:classe,1,40
-8.700264,-66.864085,60,OSM:classe,1,40
-8.699066,-66.682497,60,OSM:classe,1,40
-8.699059,-66.773431,60,OSM:classe,1,40
-8.698906,-66.661926,60,OSM:classe,1,40
-8.698327,-66.859980,60,OSM:classe,1,40
-8.697738,-66.858706,60,OSM:classe,1,40
-8.697161,-66.678377,60,OSM:classe,1,40
-8.696574,-61.404795,60,OSM:classe,1,40
-8.696391,-66.855874,60,OSM:classe,1,40
-8.695711,-66.773100,60,OSM:classe,1,40
-8.695256,-66.674256,60,OSM:classe,1,40
-8.694828,-66.663842,60,OSM:classe,1,40
-8.694454,-66.851769,60,OSM:classe,1,40
-8.693775,-66.860856,60,OSM:classe,1,40
-8.693352,-66.670135,60,OSM:classe,1,40
-8.692517,-66.847664,60,OSM:classe,1,40
-8.692242,-61.405368,60,OSM:classe,1,40
-8.692150,-64.052484,60,OSM:classe,1,40
-8.691589,-64.056769,60,OSM:classe,1,40
-8.691571,-66.774875,60,OSM:classe,1,40
-8.691447,-66.666014,60,OSM:classe,1,40
-8.690580,-66.843558,60,OSM:classe,1,40
-8.690243,-64.061109,60,OSM:classe,1,40
-8.690054,-64.048516,60,OSM:classe,1,40
-8.689744,-66.862865,60,OSM:classe,1,40
-8.688643,-66.839453,60,OSM:classe,1,40
-8.688520,-64.065298,60,OSM:classe,1,40
-8.688217,-61.407251,60,OSM:classe,1,40
-8.687431,-66.776650,60,OSM:classe,1,40
-8.686754,-66.835411,60,OSM:classe,1,40
-8.686704,-66.835305,60,OSM:classe,1,40
-8.686668,-64.069336,60,OSM:classe,1,40
-8.686420,-64.045837,60,OSM:classe,1,40
-8.685636,-66.864716,60,OSM:classe,1,40
-8.684926,-64.173850,60,OSM:classe,1,40
-8.684773,-66.831197,60,OSM:classe,1,40
-8.684479,-64.188187,60,OSM:classe,1,40
-8.684109,-61.408048,60,OSM:classe,1,40
-8.684071,-64.169412,60,OSM:classe,1,40
-8.683856,-64.178093,60,OSM:classe,1,40
-8.683798,-64.187024,60,OSM:classe,1,40
-8.683708,-64.042252,60,OSM:classe,1,40
-8.683430,-64.182518,60,OSM:classe,1,40
-8.683362,-64.164920,60,OSM:classe,1,40
-8.683291,-66.778425,60,OSM:classe,1,40
-8.682841,-66.827090,60,OSM:classe,1,40
-8.682778,-64.160410,60,OSM:classe,1,40
-8.682769,-64.071421,60,OSM:classe,1,40
-8.682195,-64.155900,60,OSM:classe,1,40
-8.681611,-64.151389,60,OSM:classe,1,40
-8.681471,-64.038321,60,OSM:classe,1,40
-8.681466,-66.866375,60,OSM:classe,1,40
-8.681088,-66.822912,60,OSM:classe,1,40
-8.681028,-64.146879,60,OSM:classe,1,40
-8.680737,-64.033920,60,OSM:classe,1,40
-8.680486,-64.142364,60,OSM:classe,1,40
-8.680038,-61.408465,60,OSM:classe,1,40
-8.680008,-64.137841,60,OSM:classe,1,40
-8.679774,-64.133326,60,OSM:classe,1,40
-8.679341,-66.818728,60,OSM:classe,1,40
-8.679178,-64.128820,60,OSM:classe,1,40
-8.678976,-66.779443,60,OSM:classe,1,40
-8.678688,-64.124298,60,OSM:classe,1,40
-8.678676,-64.073258,60,OSM:classe,1,40
-8.678198,-64.119777,60,OSM:classe,1,40
-8.677709,-64.115255,60,OSM:classe,1,40
-8.677570,-66.868455,60,OSM:classe,1,40
-8.677544,-64.031867,60,OSM:classe,1,40
-8.677219,-64.110733,60,OSM:classe,1,40
-8.677017,-66.814843,60,OSM:classe,1,40
-8.676729,-64.106212,60,OSM:classe,1,40
-8.676714,-64.106128,60,OSM:classe,1,40
-8.676579,-64.105048,60,OSM:classe,1,40
-8.676101,-61.410623,60,OSM:classe,1,40
-8.676014,-64.100536,60,OSM:classe,1,40
-8.675453,-64.096023,60,OSM:classe,1,40
-8.675115,-64.091487,60,OSM:classe,1,40
-8.675083,-66.810740,60,OSM:classe,1,40
-8.674827,-64.075610,60,OSM:classe,1,40
-8.674510,-66.779798,60,OSM:classe,1,40
-8.674479,-64.086990,60,OSM:classe,1,40
-8.674466,-64.086884,60,OSM:classe,1,40
-8.674198,-64.084001,60,OSM:classe,1,40
-8.673880,-64.029294,60,OSM:classe,1,40
-8.673777,-64.079473,60,OSM:classe,1,40
-8.673510,-66.870411,60,OSM:classe,1,40
-8.673208,-64.025173,60,OSM:classe,1,40
-8.673192,-66.806613,60,OSM:classe,1,40
-8.672589,-64.020790,60,OSM:classe,1,40
-8.671825,-61.412030,60,OSM:classe,1,40
-8.671246,-66.802514,60,OSM:classe,1,40
-8.670392,-66.781626,60,OSM:classe,1,40
-8.669269,-66.871615,60,OSM:classe,1,40
-8.669215,-66.798462,60,OSM:classe,1,40
-8.667549,-61.413438,60,OSM:classe,1,40
-8.667417,-66.794297,60,OSM:classe,1,40
-8.666334,-66.783580,60,OSM:classe,1,40
-8.665492,-66.790186,60,OSM:classe,1,40
-8.664868,-66.870721,60,OSM:classe,1,40
-8.663566,-66.786076,60,OSM:classe,1,40
-8.663273,-61.414845,60,OSM:classe,1,40
-8.662253,-66.869991,60,OSM:classe,1,40
-8.659800,-61.420756,60,OSM:classe,1,40
-8.659777,-61.416916,60,OSM:classe,1,40
-8.655761,-61.419528,60,OSM:classe,1,40
-8.651631,-61.419725,60,OSM:classe,1,40
-8.648193,-61.422482,60,OSM:classe,1,40
-8.644004,-61.421495,60,OSM:classe,1,40
-8.639699,-61.422728,60,OSM:classe,1,40
-8.635330,-61.423157,60,OSM:classe,1,40
-8.631071,-61.421937,60,OSM:classe,1,40
-8.630782,-61.266311,60,OSM:classe,1,40
-8.630499,-61.283888,60,OSM:classe,1,40
-8.630054,-61.279362,60,OSM:classe,1,40
-8.629610,-61.274836,60,OSM:classe,1,40
-8.629165,-61.270310,60,OSM:classe,1,40
-8.629076,-61.262103,60,OSM:classe,1,40
-8.628784,-61.287968,60,OSM:classe,1,40
-8.627050,-61.258111,60,OSM:classe,1,40
-8.626805,-61.423376,60,OSM:classe,1,40
-8.626624,-61.291957,60,OSM:classe,1,40
-8.624464,-61.295947,60,OSM:classe,1,40
-8.623870,-61.254895,60,OSM:classe,1,40
-8.622539,-61.424814,60,OSM:classe,1,40
-8.622442,-61.299998,60,OSM:classe,1,40
-8.622198,-61.250700,60,OSM:classe,1,40
-8.620923,-61.304279,60,OSM:classe,1,40
-8.620628,-61.246438,60,OSM:classe,1,40
-8.618496,-61.308026,60,OSM:classe,1,40
-8.618218,-61.425502,60,OSM:classe,1,40
-8.617954,-61.242812,60,OSM:classe,1,40
-8.615132,-61.239271,60,OSM:classe,1,40
-8.614704,-61.310470,60,OSM:classe,1,40
-8.613789,-61.424717,60,OSM:classe,1,40
-8.612310,-61.235730,60,OSM:classe,1,40
-8.610927,-61.231454,60,OSM:classe,1,40
-8.610913,-61.312915,60,OSM:classe,1,40
-8.610666,-63.997117,80,OSM,0,
-8.609360,-61.423932,60,OSM:classe,1,40
-8.608976,-61.227460,60,OSM:classe,1,40
-8.607648,-61.223122,60,OSM:classe,1,40
-8.607121,-61.315360,60,OSM:classe,1,40
-8.606615,-61.209670,60,OSM:classe,1,40
-8.606024,-61.205162,60,OSM:classe,1,40
-8.605963,-61.218906,60,OSM:classe,1,40
-8.605814,-61.218534,60,OSM:classe,1,40
-8.605800,-61.214050,60,OSM:classe,1,40
-8.605432,-61.200653,60,OSM:classe,1,40
-8.605199,-61.425491,60,OSM:classe,1,40
-8.604841,-61.196145,60,OSM:classe,1,40
-8.604249,-61.191637,60,OSM:classe,1,40
-8.604158,-63.997035,80,OSM,0,
-8.603844,-61.318349,60,OSM:classe,1,40
-8.603658,-61.187129,60,OSM:classe,1,40
-8.603066,-61.182620,60,OSM:classe,1,40
-8.602265,-61.178169,60,OSM:classe,1,40
-8.601260,-61.322071,60,OSM:classe,1,40
-8.601063,-61.427277,60,OSM:classe,1,40
-8.598491,-61.325652,60,OSM:classe,1,40
-8.597985,-61.177317,60,OSM:classe,1,40
-8.597031,-61.426694,60,OSM:classe,1,40
-8.596457,-61.329628,60,OSM:classe,1,40
-8.594932,-61.422762,60,OSM:classe,1,40
-8.593867,-61.414148,60,OSM:classe,1,40
-8.593832,-61.333294,60,OSM:classe,1,40
-8.593659,-61.176461,60,OSM:classe,1,40
-8.593332,-61.418518,60,OSM:classe,1,40
-8.592801,-63.995161,80,OSM,0,
-8.592244,-61.337464,60,OSM:classe,1,40
-8.591769,-61.410353,60,OSM:classe,1,40
-8.589428,-61.175281,60,OSM:classe,1,40
-8.589210,-61.339958,60,OSM:classe,1,40
-8.587467,-61.410423,60,OSM:classe,1,40
-8.586346,-61.342946,60,OSM:classe,1,40
-8.585844,-61.347466,60,OSM:classe,1,40
-8.585316,-61.365503,60,OSM:classe,1,40
-8.585189,-61.351954,60,OSM:classe,1,40
-8.585057,-61.360963,60,OSM:classe,1,40
-8.584799,-61.356423,60,OSM:classe,1,40
-8.583523,-61.408882,60,OSM:classe,1,40
-8.582458,-61.368262,60,OSM:classe,1,40
-8.582212,-61.396697,60,OSM:classe,1,40
-8.581444,-63.993287,80,OSM,0,
-8.580459,-61.405629,60,OSM:classe,1,40
-8.579945,-61.380732,60,OSM:classe,1,40
-8.579900,-61.393076,60,OSM:classe,1,40
-8.579820,-61.400535,60,OSM:classe,1,40
-8.579782,-61.371873,60,OSM:classe,1,40
-8.579385,-61.376219,60,OSM:classe,1,40
-8.579174,-61.385111,60,OSM:classe,1,40
-8.577583,-61.389358,60,OSM:classe,1,40
-8.577353,-61.404337,60,OSM:classe,1,40
-8.576718,-61.405278,60,OSM:classe,1,40
-8.576104,-61.409583,60,OSM:classe,1,40
-8.574680,-61.413824,60,OSM:classe,1,40
-8.571511,-61.416800,60,OSM:classe,1,40
-8.570507,-63.991327,80,OSM,0,
-8.567645,-61.419123,60,OSM:classe,1,40
-8.564751,-61.426867,60,OSM:classe,1,40
-8.564642,-61.422321,60,OSM:classe,1,40
-8.563187,-61.430707,60,OSM:classe,1,40
-8.559570,-63.989367,80,OSM,0,
-8.558813,-61.431431,60,OSM:classe,1,40
-8.554412,-61.432121,60,OSM:classe,1,40
-8.553252,-61.442770,60,OSM:classe,1,40
-8.552022,-61.446751,60,OSM:classe,1,40
-8.551394,-61.438634,60,OSM:classe,1,40
-8.550921,-61.434270,60,OSM:classe,1,40
-8.548799,-61.449518,60,OSM:classe,1,40
-8.548633,-63.987408,80,OSM,0,
-8.544385,-61.450387,60,OSM:classe,1,40
-8.540526,-61.452661,60,OSM:classe,1,40
-8.537695,-63.985448,80,OSM,0,
-8.537570,-61.455896,60,OSM:classe,1,40
-8.535596,-61.459981,60,OSM:classe,1,40
-8.534122,-61.464222,60,OSM:classe,1,40
-8.533485,-61.468723,60,OSM:classe,1,40
-8.532848,-61.473224,60,OSM:classe,1,40
-8.532749,-61.477675,60,OSM:classe,1,40
-8.532263,-61.481896,60,OSM:classe,1,40
-8.528533,-61.483713,60,OSM:classe,1,40
-8.525104,-63.983317,80,OSM,0,
-8.524701,-61.486090,60,OSM:classe,1,40
-8.520875,-61.488479,60,OSM:classe,1,40
-8.519064,-61.619226,60,OSM:classe,1,40
-8.518845,-61.623647,60,OSM:classe,1,40
-8.518141,-61.614945,60,OSM:classe,1,40
-8.517050,-61.490869,60,OSM:classe,1,40
-8.515947,-61.611025,60,OSM:classe,1,40
-8.514650,-61.624505,60,OSM:classe,1,40
-8.513546,-61.607180,60,OSM:classe,1,40
-8.513224,-61.493258,60,OSM:classe,1,40
-8.512512,-63.981187,80,OSM,0,
-8.511998,-61.508892,60,OSM:classe,1,40
-8.511457,-61.504547,60,OSM:classe,1,40
-8.511037,-61.603424,60,OSM:classe,1,40
-8.510611,-61.626186,60,OSM:classe,1,40
-8.509811,-61.500316,60,OSM:classe,1,40
-8.509706,-61.496001,60,OSM:classe,1,40
-8.509562,-61.630607,60,OSM:classe,1,40
-8.509129,-61.512352,60,OSM:classe,1,40
-8.508516,-61.599809,60,OSM:classe,1,40
-8.507046,-61.595594,60,OSM:classe,1,40
-8.506782,-61.633593,60,OSM:classe,1,40
-8.506024,-61.515641,60,OSM:classe,1,40
-8.505189,-61.591667,60,OSM:classe,1,40
-8.505049,-61.587122,60,OSM:classe,1,40
-8.503097,-61.583430,60,OSM:classe,1,40
-8.502920,-61.518930,60,OSM:classe,1,40
-8.502699,-61.635498,60,OSM:classe,1,40
-8.502459,-61.574159,60,OSM:classe,1,40
-8.502303,-61.569737,60,OSM:classe,1,40
-8.501644,-61.565239,60,OSM:classe,1,40
-8.501339,-61.556224,60,OSM:classe,1,40
-8.501181,-61.560740,60,OSM:classe,1,40
-8.500893,-61.551700,60,OSM:classe,1,40
-8.500447,-61.547176,60,OSM:classe,1,40
-8.500162,-61.533973,60,OSM:classe,1,40
-8.499920,-63.979056,80,OSM,0,
-8.499815,-61.522219,60,OSM:classe,1,40
-8.499763,-61.577798,60,OSM:classe,1,40
-8.499592,-61.538449,60,OSM:classe,1,40
-8.499031,-61.542911,60,OSM:classe,1,40
-8.498961,-61.581704,60,OSM:classe,1,40
-8.498323,-61.635898,60,OSM:classe,1,40
-8.497998,-61.530042,60,OSM:classe,1,40
-8.497093,-61.525756,60,OSM:classe,1,40
-8.494910,-61.638020,60,OSM:classe,1,40
-8.493915,-61.642454,60,OSM:classe,1,40
-8.493033,-61.646849,60,OSM:classe,1,40
-8.490155,-61.650343,60,OSM:classe,1,40
-8.487328,-63.976925,80,OSM,0,
-8.487277,-61.653837,60,OSM:classe,1,40
-8.483720,-61.656524,60,OSM:classe,1,40
-8.479258,-61.656436,60,OSM:classe,1,40
-8.474809,-61.656665,60,OSM:classe,1,40
-8.474736,-63.974795,80,OSM,0,
-8.471090,-61.659085,60,OSM:classe,1,40
-8.468162,-61.662284,60,OSM:classe,1,40
-8.467028,-61.666661,60,OSM:classe,1,40
-8.465078,-61.670758,60,OSM:classe,1,40
-8.462970,-61.726032,60,OSM:classe,1,40
-8.462960,-61.717756,60,OSM:classe,1,40
-8.462902,-61.730322,60,OSM:classe,1,40
-8.462842,-61.674676,60,OSM:classe,1,40
-8.462551,-61.713444,60,OSM:classe,1,40
-8.462145,-63.972664,80,OSM,0,
-8.461287,-61.721904,60,OSM:classe,1,40
-8.460256,-61.733998,60,OSM:classe,1,40
-8.460102,-61.678281,60,OSM:classe,1,40
-8.458543,-61.711942,60,OSM:classe,1,40
-8.457610,-61.737674,60,OSM:classe,1,40
-8.457052,-61.681542,60,OSM:classe,1,40
-8.454687,-61.741074,60,OSM:classe,1,40
-8.454341,-61.711046,60,OSM:classe,1,40
-8.453317,-61.684062,60,OSM:classe,1,40
-8.452537,-61.696793,60,OSM:classe,1,40
-8.452535,-61.692384,60,OSM:classe,1,40
-8.452485,-61.707095,60,OSM:classe,1,40
-8.451590,-61.698524,60,OSM:classe,1,40
-8.451488,-61.688076,60,OSM:classe,1,40
-8.451257,-61.699034,60,OSM:classe,1,40
-8.450770,-61.743054,60,OSM:classe,1,40
-8.450333,-61.703126,60,OSM:classe,1,40
-8.449553,-63.970533,80,OSM,0,
-8.446345,-61.743863,60,OSM:classe,1,40
-8.442359,-61.745947,60,OSM:classe,1,40
-8.438831,-61.748665,60,OSM:classe,1,40
-8.438142,-61.750627,60,OSM:classe,1,40
-8.437954,-61.751166,60,OSM:classe,1,40
-8.436961,-63.968403,80,OSM,0,
-8.434869,-61.754077,60,OSM:classe,1,40
-8.432205,-61.757739,60,OSM:classe,1,40
-8.428498,-61.760139,60,OSM:classe,1,40
-8.426780,-61.764277,60,OSM:classe,1,40
-8.424789,-61.768270,60,OSM:classe,1,40
-8.423938,-63.966364,80,OSM,0,
-8.420962,-61.770656,60,OSM:classe,1,40
-8.418515,-61.786435,60,OSM:classe,1,40
-8.418194,-61.774127,60,OSM:classe,1,40
-8.418024,-61.790871,60,OSM:classe,1,40
-8.416856,-61.782277,60,OSM:classe,1,40
-8.416013,-61.778087,60,OSM:classe,1,40
-8.414662,-61.793391,60,OSM:classe,1,40
-8.410358,-61.792740,60,OSM:classe,1,40
-8.406029,-61.792382,60,OSM:classe,1,40
-8.402478,-61.790725,60,OSM:classe,1,40
-8.399804,-61.787236,60,OSM:classe,1,40
-8.397892,-63.962287,80,OSM,0,
-8.395574,-61.786259,60,OSM:classe,1,40
-8.392147,-61.783571,60,OSM:classe,1,40
-8.389104,-61.780225,60,OSM:classe,1,40
-8.385373,-61.777876,60,OSM:classe,1,40
-8.385105,-63.959982,80,OSM,0,
-8.380982,-61.777536,60,OSM:classe,1,40
-8.376505,-61.777968,60,OSM:classe,1,40
-8.372846,-61.775640,60,OSM:classe,1,40
-8.372318,-63.957676,80,OSM,0,
-8.370742,-61.771623,60,OSM:classe,1,40
-8.366647,-61.770247,60,OSM:classe,1,40
-8.362689,-61.768193,60,OSM:classe,1,40
-8.359531,-63.955371,80,OSM,0,
-8.359192,-61.765335,60,OSM:classe,1,40
-8.355066,-61.763533,60,OSM:classe,1,40
-8.351300,-61.761273,60,OSM:classe,1,40
-8.349605,-61.757126,60,OSM:classe,1,40
-8.348337,-61.752766,60,OSM:classe,1,40
-8.346744,-63.953066,80,OSM,0,
-8.345376,-61.749705,60,OSM:classe,1,40
-8.341213,-61.748112,60,OSM:classe,1,40
-8.336848,-61.748926,60,OSM:classe,1,40
-8.333957,-63.950761,80,OSM,0,
-8.333225,-61.746488,60,OSM:classe,1,40
-8.331056,-63.949866,80,OSM,0,
-8.330753,-61.742817,60,OSM:classe,1,40
-8.329437,-61.738471,60,OSM:classe,1,40
-8.326152,-61.735848,60,OSM:classe,1,40
-8.325997,-63.949067,80,OSM,0,
-8.322347,-61.738020,60,OSM:classe,1,40
-8.321477,-61.746415,60,OSM:classe,1,40
-8.320621,-61.741990,60,OSM:classe,1,40
-8.319103,-61.750197,60,OSM:classe,1,40
-8.316525,-61.753921,60,OSM:classe,1,40
-8.315947,-63.946827,80,OSM,0,
-8.315141,-61.758091,60,OSM:classe,1,40
-8.311333,-61.760011,60,OSM:classe,1,40
-8.307203,-61.758298,60,OSM:classe,1,40
-8.305897,-63.944588,80,OSM,0,
-8.302991,-61.756711,60,OSM:classe,1,40
-8.298770,-61.755145,60,OSM:classe,1,40
-8.295848,-63.942349,80,OSM,0,
-8.294549,-61.753579,60,OSM:classe,1,40
-8.290307,-61.752074,60,OSM:classe,1,40
-8.286313,-61.753620,60,OSM:classe,1,40
-8.284063,-61.757360,60,OSM:classe,1,40
-8.283750,-63.939448,80,OSM,0,
-8.282661,-61.761639,60,OSM:classe,1,40
-8.279112,-61.764365,60,OSM:classe,1,40
-8.274838,-61.765778,60,OSM:classe,1,40
-8.271652,-63.936548,80,OSM,0,
-8.270480,-61.766236,60,OSM:classe,1,40
-8.266118,-61.765131,60,OSM:classe,1,40
-8.261756,-61.764026,60,OSM:classe,1,40
-8.259554,-63.933647,80,OSM,0,
-8.257434,-61.762825,60,OSM:classe,1,40
-8.254248,-61.759642,60,OSM:classe,1,40
-8.251148,-61.756351,60,OSM:classe,1,40
-8.248045,-61.753063,60,OSM:classe,1,40
-8.247457,-63.930746,80,OSM,0,
-8.244179,-61.750742,60,OSM:classe,1,40
-8.240175,-61.748843,60,OSM:classe,1,40
-8.238033,-63.928767,80,OSM,0,
-8.235679,-61.748880,60,OSM:classe,1,40
-8.231191,-61.748982,60,OSM:classe,1,40
-8.228610,-63.926787,80,OSM,0,
-8.226843,-61.750141,60,OSM:classe,1,40
-8.222407,-61.750731,60,OSM:classe,1,40
-8.219186,-63.924807,80,OSM,0,
-8.217917,-61.750739,60,OSM:classe,1,40
-8.217789,-63.924094,80,OSM,0,
-8.215847,-63.922553,80,OSM,0,
-8.214581,-61.753602,60,OSM:classe,1,40
-8.213565,-63.919753,80,OSM,0,
-8.213034,-63.918557,80,OSM,0,
-8.211317,-61.756588,60,OSM:classe,1,40
-8.210353,-63.908454,80,OSM,0,
-8.210232,-63.907959,80,OSM,0,
-8.206867,-61.757237,60,OSM:classe,1,40
-8.206862,-63.895748,80,OSM,0,
-8.203493,-63.883536,80,OSM,0,
-8.203339,-63.883018,80,OSM,0,
-8.202416,-61.757886,60,OSM:classe,1,40
-8.199974,-63.871261,80,OSM,0,
-8.198257,-61.759330,60,OSM:classe,1,40
-8.197009,-63.862992,80,OSM,0,
-8.196782,-63.862364,80,OSM,0,
-8.194804,-61.762240,60,OSM:classe,1,40
-8.192731,-63.851341,80,OSM,0,
-8.191351,-61.765150,60,OSM:classe,1,40
-8.188680,-63.840319,80,OSM,0,
-8.187898,-61.768060,60,OSM:classe,1,40
-8.184385,-63.834225,80,OSM,0,
-8.184300,-61.770755,60,OSM:classe,1,40
-8.180089,-63.828131,80,OSM,0,
-8.180023,-61.772159,60,OSM:classe,1,40
-8.175747,-61.773562,60,OSM:classe,1,40
-8.173493,-63.816866,80,OSM,0,
-8.171470,-61.774966,60,OSM:classe,1,40
-8.167194,-61.776370,60,OSM:classe,1,40
-8.166897,-63.805600,80,OSM,0,
-8.162917,-61.777774,60,OSM:classe,1,40
-8.161266,-61.807722,60,OSM:classe,1,40
-8.160632,-61.803237,60,OSM:classe,1,40
-8.160301,-63.794335,80,OSM,0,
-8.160298,-61.798707,60,OSM:classe,1,40
-8.159965,-61.794177,60,OSM:classe,1,40
-8.159717,-61.811578,60,OSM:classe,1,40
-8.159655,-61.780658,60,OSM:classe,1,40
-8.159631,-61.789647,60,OSM:classe,1,40
-8.159298,-61.785117,60,OSM:classe,1,40
-8.156607,-61.814859,60,OSM:classe,1,40
-8.153705,-63.783070,80,OSM,0,
-8.153497,-61.818140,60,OSM:classe,1,40
-8.150386,-61.821420,60,OSM:classe,1,40
-8.147266,-61.824691,60,OSM:classe,1,40
-8.147108,-63.771805,80,OSM,0,
-8.144108,-61.827925,60,OSM:classe,1,40
-8.144027,-63.760521,80,OSM,0,
-8.140951,-61.831159,60,OSM:classe,1,40
-8.140945,-63.749238,80,OSM,0,
-8.138744,-63.741537,60,OSM:classe,1,40
-8.137863,-63.737955,80,OSM,0,
-8.137793,-61.834393,60,OSM:classe,1,40
-8.135800,-63.729772,80,OSM,0,
-8.134636,-61.837627,60,OSM:classe,1,40
-8.134321,-63.742196,60,OSM:classe,1,40
-8.133737,-63.721588,80,OSM,0,
-8.131478,-61.840861,60,OSM:classe,1,40
-8.130308,-63.709651,80,OSM,0,
-8.129981,-63.743384,60,OSM:classe,1,40
-8.128320,-61.844095,60,OSM:classe,1,40
-8.126880,-63.697714,80,OSM,0,
-8.125695,-63.744746,60,OSM:classe,1,40
-8.124646,-61.846433,60,OSM:classe,1,40
-8.123451,-63.685778,80,OSM,0,
-8.121464,-63.746283,60,OSM:classe,1,40
-8.120164,-61.846755,60,OSM:classe,1,40
-8.120023,-63.673841,80,OSM,0,
-8.117233,-63.747820,60,OSM:classe,1,40
-8.115954,-61.848179,60,OSM:classe,1,40
-8.112956,-63.749218,60,OSM:classe,1,40
-8.111950,-61.850247,60,OSM:classe,1,40
-8.108657,-63.750551,60,OSM:classe,1,40
-8.107947,-61.852316,60,OSM:classe,1,40
-8.104641,-63.752517,60,OSM:classe,1,40
-8.103944,-61.854385,60,OSM:classe,1,40
-8.102418,-63.756440,60,OSM:classe,1,40
-8.099941,-61.856454,60,OSM:classe,1,40
-8.099220,-63.759633,60,OSM:classe,1,40
-8.096021,-63.762825,60,OSM:classe,1,40
-8.095938,-61.858523,60,OSM:classe,1,40
-8.091938,-63.764518,60,OSM:classe,1,40
-8.091935,-61.860591,60,OSM:classe,1,40
-8.087637,-63.765844,60,OSM:classe,1,40
-8.087585,-61.861544,60,OSM:classe,1,40
-8.083336,-63.767170,60,OSM:classe,1,40
-8.083092,-61.861735,60,OSM:classe,1,40
-8.079035,-63.768496,60,OSM:classe,1,40
-8.078600,-61.861926,60,OSM:classe,1,40
-8.074734,-63.769818,60,OSM:classe,1,40
-8.074107,-61.862117,60,OSM:classe,1,40
-8.070373,-63.770909,60,OSM:classe,1,40
-8.069614,-61.862308,60,OSM:classe,1,40
-8.065959,-63.771775,60,OSM:classe,1,40
-8.065122,-61.862499,60,OSM:classe,1,40
-8.061545,-63.772642,60,OSM:classe,1,40
-8.060629,-61.862690,60,OSM:classe,1,40
-8.057131,-63.773509,60,OSM:classe,1,40
-8.056137,-61.862881,60,OSM:classe,1,40
-8.052678,-63.774122,60,OSM:classe,1,40
-8.051644,-61.863072,60,OSM:classe,1,40
-8.048210,-63.774635,60,OSM:classe,1,40
-8.047151,-61.863263,60,OSM:classe,1,40
-8.043789,-63.775439,60,OSM:classe,1,40
-8.042657,-61.863409,60,OSM:classe,1,40
-8.039389,-63.776375,60,OSM:classe,1,40
-8.038162,-61.863517,60,OSM:classe,1,40
-8.034980,-63.777267,60,OSM:classe,1,40
-8.033666,-61.863625,60,OSM:classe,1,40
-8.030670,-61.874907,60,OSM,0,
-8.030591,-61.877246,60,OSM,0,
-8.030563,-63.778113,60,OSM:classe,1,40
-8.029751,-61.872701,60,OSM,0,
-8.029171,-61.863733,60,OSM:classe,1,40
-8.028029,-61.886276,60,OSM,0,
-8.027508,-61.895328,60,OSM,0,
-8.026986,-61.904381,60,OSM,0,
-8.026145,-63.778960,60,OSM:classe,1,40
-8.025530,-61.537032,60,OSM:classe,1,40
-8.024676,-61.863841,60,OSM:classe,1,40
-8.024159,-61.537793,60,OSM:classe,1,40
-8.023895,-61.913075,60,OSM,0,
-8.022801,-61.864249,60,OSM:classe,1,40
-8.022619,-61.864037,60,OSM,0,
-8.022133,-61.923842,60,OSM,0,
-8.021727,-63.779807,60,OSM:classe,1,40
-8.020371,-61.934610,60,OSM,0,
-8.020218,-61.539980,60,OSM:classe,1,40
-8.020018,-61.935805,60,OSM,0,
-8.017309,-63.780653,60,OSM:classe,1,40
-8.016278,-61.542167,60,OSM:classe,1,40
-8.015487,-61.855373,60,OSM,0,
-8.015429,-61.828609,60,OSM,0,
-8.014909,-61.826614,60,OSM,0,
-8.014886,-61.840236,60,OSM,0,
-8.014501,-61.853263,60,OSM,0,
-8.014342,-61.851863,60,OSM,0,
-8.014245,-61.947671,60,OSM,0,
-8.014115,-61.825177,60,OSM,0,
-8.012891,-63.781500,60,OSM:classe,1,40
-8.012337,-61.544355,60,OSM:classe,1,40
-8.011210,-61.803045,60,OSM,0,
-8.010927,-61.805018,60,OSM,0,
-8.009137,-61.791924,60,OSM,0,
-8.008474,-63.782346,60,OSM:classe,1,40
-8.008472,-61.959537,60,OSM,0,
-8.008227,-61.545062,60,OSM:classe,1,40
-8.007962,-61.816165,60,OSM,0,
-8.007738,-61.961389,60,OSM,0,
-8.007697,-61.973062,60,OSM,0,
-8.007656,-61.984734,60,OSM,0,
-8.007374,-61.811328,60,OSM,0,
-8.007346,-61.986930,60,OSM,0,
-8.007126,-61.814092,60,OSM,0,
-8.007082,-61.813050,60,OSM,0,
-8.007063,-61.780802,60,OSM,0,
-8.006964,-61.987887,60,OSM,0,
-8.005908,-61.989581,60,OSM,0,
-8.005877,-61.548773,60,OSM:classe,1,40
-8.004931,-61.990523,60,OSM,0,
-8.004689,-61.768376,60,OSM,0,
-8.004056,-63.783193,60,OSM:classe,1,40
-8.002316,-61.755949,60,OSM,0,
-8.002114,-61.737710,60,OSM,0,
-8.001981,-61.748411,60,OSM,0,
-8.001647,-61.740872,60,OSM,0,
-8.001635,-61.549977,60,OSM:classe,1,40
-8.001413,-61.734476,60,OSM,0,
-8.001305,-61.730134,60,OSM,0,
-8.000999,-61.728608,60,OSM,0,
-7.999638,-63.784039,60,OSM:classe,1,40
-7.997576,-61.551931,60,OSM:classe,1,40
-7.996161,-61.717350,60,OSM,0,
-7.995220,-63.784886,60,OSM:classe,1,40
-7.994831,-61.998654,60,OSM,0,
-7.993517,-61.553885,60,OSM:classe,1,40
-7.991323,-61.706092,60,OSM,0,
-7.990803,-63.785733,60,OSM:classe,1,40
-7.989447,-61.555815,60,OSM:classe,1,40
-7.987713,-61.693094,60,OSM,0,
-7.986385,-63.786579,60,OSM:classe,1,40
-7.985338,-61.557660,60,OSM:classe,1,40
-7.984731,-62.006785,60,OSM,0,
-7.984104,-61.680096,60,OSM,0,
-7.982771,-62.009865,60,OSM,0,
-7.982736,-61.678170,60,OSM,0,
-7.981967,-63.787426,60,OSM:classe,1,40
-7.981796,-61.677477,60,OSM,0,
-7.981196,-61.559425,60,OSM:classe,1,40
-7.979992,-62.016221,60,OSM,0,
-7.977567,-63.788361,60,OSM:classe,1,40
-7.977213,-62.022576,60,OSM,0,
-7.977013,-61.561092,60,OSM:classe,1,40
-7.973345,-61.563320,60,OSM:classe,1,40
-7.973174,-63.789331,60,OSM:classe,1,40
-7.972384,-63.384639,80,OSM,0,
-7.971445,-62.034695,60,OSM,0,
-7.970633,-61.670236,60,OSM,0,
-7.969915,-61.669741,60,OSM,0,
-7.969055,-61.564669,60,OSM:classe,1,40
-7.968782,-63.790301,60,OSM:classe,1,40
-7.965480,-62.042273,60,OSM,0,
-7.965195,-61.666652,60,OSM,0,
-7.964905,-61.566091,60,OSM:classe,1,40
-7.964394,-63.374890,80,OSM,0,
-7.964389,-63.791271,60,OSM:classe,1,40
-7.963635,-61.665005,60,OSM,0,
-7.962936,-61.663308,60,OSM,0,
-7.961090,-61.653421,60,OSM,0,
-7.960597,-61.566051,60,OSM:classe,1,40
-7.960584,-61.651931,60,OSM,0,
-7.959977,-63.792148,60,OSM:classe,1,40
-7.959515,-62.049850,60,OSM,0,
-7.959293,-61.650250,60,OSM,0,
-7.958986,-62.050492,60,OSM,0,
-7.957899,-61.649370,60,OSM,0,
-7.956403,-63.365141,80,OSM,0,
-7.956231,-61.567141,60,OSM:classe,1,40
-7.955645,-62.054705,60,OSM,0,
-7.955565,-63.793024,60,OSM:classe,1,40
-7.955402,-61.648265,60,OSM,0,
-7.954407,-62.057184,60,OSM,0,
-7.953925,-61.646843,60,OSM,0,
-7.951866,-61.568230,60,OSM:classe,1,40
-7.951196,-63.794074,60,OSM:classe,1,40
-7.949930,-63.797968,60,OSM:classe,1,40
-7.949419,-62.069188,60,OSM,0,
-7.948835,-61.638332,60,OSM,0,
-7.948413,-63.355392,80,OSM,0,
-7.947540,-61.569454,60,OSM:classe,1,40
-7.944431,-62.081191,60,OSM,0,
-7.943745,-61.629822,60,OSM,0,
-7.943302,-61.570721,60,OSM:classe,1,40
-7.942925,-61.627790,60,OSM,0,
-7.942542,-61.626213,60,OSM,0,
-7.942083,-61.617935,60,OSM,0,
-7.941624,-61.609657,60,OSM,0,
-7.940765,-61.606012,60,OSM,0,
-7.940574,-61.604117,60,OSM,0,
-7.940422,-63.345644,80,OSM,0,
-7.939444,-62.093194,60,OSM,0,
-7.938980,-61.571976,60,OSM:classe,1,40
-7.938405,-61.596964,60,OSM,0,
-7.936628,-61.594002,60,OSM,0,
-7.935301,-62.105660,60,OSM,0,
-7.934659,-61.573231,60,OSM:classe,1,40
-7.934372,-61.587165,60,OSM,0,
-7.933319,-61.582746,60,OSM,0,
-7.932432,-63.335895,80,OSM,0,
-7.932211,-61.580847,60,OSM,0,
-7.931158,-62.118126,60,OSM,0,
-7.930310,-61.573483,60,OSM:classe,1,40
-7.929728,-61.574119,60,OSM,0,
-7.927246,-61.567391,60,OSM,0,
-7.927015,-62.130592,60,OSM,0,
-7.924441,-63.326146,80,OSM,0,
-7.921362,-62.139439,60,OSM,0,
-7.920105,-61.556117,60,OSM,0,
-7.916451,-63.316397,80,OSM,0,
-7.915709,-62.148285,60,OSM,0,
-7.912964,-61.544843,60,OSM,0,
-7.911747,-61.542606,60,OSM,0,
-7.910465,-61.538990,60,OSM,0,
-7.910056,-62.157131,60,OSM,0,
-7.908461,-63.306648,80,OSM,0,
-7.906564,-61.526899,60,OSM,0,
-7.903876,-62.166070,60,OSM,0,
-7.902664,-61.514809,60,OSM,0,
-7.901031,-63.297369,80,OSM,0,
-7.899631,-61.502790,60,OSM,0,
-7.897696,-62.175008,60,OSM,0,
-7.896598,-61.490771,60,OSM,0,
-7.896463,-61.488217,60,OSM,0,
-7.893602,-63.288091,80,OSM,0,
-7.892645,-61.477858,60,OSM,0,
-7.891515,-62.183947,60,OSM,0,
-7.890499,-62.186443,60,OSM,0,
-7.889219,-61.468566,60,OSM:classe,1,40
-7.888827,-61.467498,60,OSM,0,
-7.886637,-62.198634,60,OSM,0,
-7.886173,-63.278812,80,OSM,0,
-7.885009,-61.457139,60,OSM,0,
-7.884941,-61.469964,60,OSM:classe,1,40
-7.882776,-62.210826,60,OSM,0,
-7.880749,-61.447746,60,OSM,0,
-7.880559,-61.470961,60,OSM:classe,1,40
-7.878744,-63.269533,80,OSM,0,
-7.878667,-62.221054,60,OSM,0,
-7.876489,-61.438354,60,OSM,0,
-7.876303,-61.472337,60,OSM:classe,1,40
-7.873132,-62.231758,60,OSM,0,
-7.872229,-61.428961,60,OSM,0,
-7.872109,-61.473976,60,OSM:classe,1,40
-7.871831,-61.419308,60,OSM,0,
-7.871433,-61.409655,60,OSM,0,
-7.871314,-63.260255,80,OSM,0,
-7.871035,-61.400002,60,OSM,0,
-7.868719,-61.391797,60,OSM,0,
-7.868666,-61.391607,60,OSM,0,
-7.867916,-61.475614,60,OSM:classe,1,40
-7.867597,-62.242461,60,OSM,0,
-7.865548,-61.380699,60,OSM,0,
-7.863885,-63.250976,80,OSM,0,
-7.863791,-61.477399,60,OSM:classe,1,40
-7.862431,-61.369790,60,OSM,0,
-7.862063,-62.253165,60,OSM,0,
-7.859822,-61.479409,60,OSM:classe,1,40
-7.859313,-61.358881,60,OSM,0,
-7.857675,-61.349128,60,OSM:classe,1,40
-7.857641,-61.349421,60,OSM,0,
-7.857227,-63.242332,80,OSM,0,
-7.856533,-62.262812,60,OSM,0,
-7.856052,-61.481124,60,OSM:classe,1,40
-7.855970,-61.339962,60,OSM,0,
-7.855889,-61.339548,60,OSM,0,
-7.855111,-61.336031,60,OSM,0,
-7.855109,-61.349931,60,OSM:classe,1,40
-7.852344,-61.326440,60,OSM,0,
-7.852105,-61.483299,60,OSM:classe,1,40
-7.851004,-62.272459,60,OSM,0,
-7.850815,-61.351277,60,OSM:classe,1,40
-7.850568,-63.233687,80,OSM,0,
-7.849578,-61.316848,60,OSM,0,
-7.848158,-61.485474,60,OSM:classe,1,40
-7.846811,-61.307257,60,OSM,0,
-7.846520,-61.352622,60,OSM:classe,1,40
-7.845475,-62.282107,60,OSM,0,
-7.844258,-61.487731,60,OSM:classe,1,40
-7.843910,-63.225043,80,OSM,0,
-7.842225,-61.353968,60,OSM:classe,1,40
-7.842168,-61.297076,60,OSM,0,
-7.840513,-61.490236,60,OSM:classe,1,40
-7.839945,-62.291754,60,OSM,0,
-7.839198,-61.285681,60,OSM,0,
-7.838656,-62.292916,60,OSM,0,
-7.837883,-61.355099,60,OSM:classe,1,40
-7.837233,-63.216939,80,OSM,0,
-7.836869,-61.492896,60,OSM:classe,1,40
-7.836250,-61.277287,60,OSM,0,
-7.836112,-62.293713,60,OSM,0,
-7.835388,-62.294208,60,OSM,0,
-7.834720,-62.295332,60,OSM,0,
-7.834570,-62.296452,60,OSM,0,
-7.834521,-62.297095,60,OSM,0,
-7.833434,-61.355761,60,OSM:classe,1,40
-7.833380,-62.308684,60,OSM,0,
-7.833321,-61.495678,60,OSM:classe,1,40
-7.832611,-62.310883,60,OSM,0,
-7.832423,-61.267038,60,OSM,0,
-7.830557,-63.208835,80,OSM,0,
-7.829889,-61.498612,60,OSM:classe,1,40
-7.829029,-61.356623,60,OSM:classe,1,40
-7.828596,-61.256788,60,OSM,0,
-7.826458,-61.501546,60,OSM:classe,1,40
-7.826348,-62.319227,60,OSM,0,
-7.824664,-61.248066,60,OSM,0,
-7.824595,-61.357377,60,OSM:classe,1,40
-7.823881,-63.200731,80,OSM,0,
-7.823027,-61.504479,60,OSM:classe,1,40
-7.820733,-61.239345,60,OSM,0,
-7.820161,-61.358132,60,OSM:classe,1,40
-7.820085,-62.327571,60,OSM,0,
-7.819727,-61.507320,60,OSM:classe,1,40
-7.817205,-63.192627,80,OSM,0,
-7.817073,-61.230483,60,OSM,0,
-7.815827,-61.509567,60,OSM:classe,1,40
-7.815727,-61.358886,60,OSM:classe,1,40
-7.813822,-62.335915,60,OSM,0,
-7.813413,-61.221622,60,OSM,0,
-7.811897,-61.511772,60,OSM:classe,1,40
-7.811292,-61.359641,60,OSM:classe,1,40
-7.809753,-61.212761,60,OSM,0,
-7.809249,-63.182546,80,OSM,0,
-7.808958,-61.211615,60,OSM,0,
-7.807946,-61.513940,60,OSM:classe,1,40
-7.807558,-62.344258,60,OSM,0,
-7.807056,-62.344926,60,OSM,0,
-7.806858,-61.360395,60,OSM:classe,1,40
-7.804614,-62.348340,60,OSM,0,
-7.803952,-61.516024,60,OSM:classe,1,40
-7.802424,-61.361150,60,OSM:classe,1,40
-7.801293,-63.172466,80,OSM,0,
-7.801162,-62.358828,60,OSM,0,
-7.800221,-61.202836,60,OSM,0,
-7.800040,-61.518259,60,OSM:classe,1,40
-7.798934,-61.359773,60,OSM:classe,1,40
-7.797711,-62.369317,60,OSM,0,
-7.796596,-61.362110,60,OSM:classe,1,40
-7.796488,-61.520960,60,OSM:classe,1,40
-7.794260,-62.379806,60,OSM,0,
-7.793338,-63.162385,80,OSM,0,
-7.792967,-61.523775,60,OSM:classe,1,40
-7.792163,-61.362804,60,OSM:classe,1,40
-7.791653,-63.160968,80,OSM,0,
-7.791483,-61.194058,60,OSM,0,
-7.790808,-62.390294,60,OSM,0,
-7.789597,-61.526776,60,OSM:classe,1,40
-7.787762,-61.363591,60,OSM:classe,1,40
-7.786617,-62.400764,60,OSM,0,
-7.786081,-61.529559,60,OSM:classe,1,40
-7.784583,-61.182968,60,OSM,0,
-7.783515,-61.364213,60,OSM:classe,1,40
-7.782426,-62.411234,60,OSM,0,
-7.782115,-61.531697,60,OSM:classe,1,40
-7.780215,-63.154939,80,OSM,0,
-7.779073,-61.364914,60,OSM:classe,1,40
-7.778248,-61.534006,60,OSM:classe,1,40
-7.778235,-62.421703,60,OSM,0,
-7.777682,-61.171878,60,OSM,0,
-7.777580,-61.171706,60,OSM,0,
-7.775145,-61.167770,60,OSM,0,
-7.774726,-61.166476,60,OSM,0,
-7.774630,-61.365616,60,OSM:classe,1,40
-7.774411,-61.536359,60,OSM:classe,1,40
-7.774044,-62.432173,60,OSM,0,
-7.773040,-61.156303,60,OSM,0,
-7.771354,-61.146130,60,OSM,0,
-7.771297,-61.538312,60,OSM:classe,1,40
-7.771149,-61.538372,60,OSM:classe,1,40
-7.770626,-61.144917,60,OSM,0,
-7.770207,-61.365037,60,OSM:classe,1,40
-7.769988,-62.443086,60,OSM,0,
-7.768777,-63.148911,80,OSM,0,
-7.768368,-63.148691,80,OSM,0,
-7.768266,-62.445355,60,OSM,0,
-7.766940,-61.539903,60,OSM:classe,1,40
-7.766071,-61.364373,60,OSM:classe,1,40
-7.762962,-61.542019,60,OSM:classe,1,40
-7.762271,-61.136357,60,OSM,0,
-7.761612,-61.363785,60,OSM:classe,1,40
-7.760248,-63.144414,80,OSM,0,
-7.759974,-62.452882,60,OSM,0,
-7.758984,-61.544136,60,OSM:classe,1,40
-7.757178,-61.363291,60,OSM:classe,1,40
-7.755557,-61.545990,60,OSM:classe,1,40
-7.753916,-61.127797,60,OSM,0,
-7.752950,-61.363496,60,OSM:classe,1,40
-7.752128,-63.140136,80,OSM,0,
-7.751682,-62.460408,60,OSM,0,
-7.751535,-61.548019,60,OSM:classe,1,40
-7.750834,-63.139078,80,OSM,0,
-7.749028,-61.362931,60,OSM:classe,1,40
-7.747513,-61.550049,60,OSM:classe,1,40
-7.745562,-61.119237,60,OSM,0,
-7.745047,-61.118495,60,OSM,0,
-7.744821,-61.361939,60,OSM:classe,1,40
-7.744374,-61.116697,60,OSM,0,
-7.743949,-63.129760,80,OSM,0,
-7.743548,-61.552187,60,OSM:classe,1,40
-7.743390,-62.467935,60,OSM,0,
-7.742014,-62.470368,60,OSM,0,
-7.741542,-61.104054,60,OSM,0,
-7.740633,-61.361585,60,OSM:classe,1,40
-7.739588,-61.554337,60,OSM:classe,1,40
-7.738709,-61.091411,60,OSM,0,
-7.738014,-61.089452,60,OSM,0,
-7.737304,-62.482111,60,OSM,0,
-7.737063,-63.120442,80,OSM,0,
-7.736299,-61.360710,60,OSM:classe,1,40
-7.735600,-61.556434,60,OSM:classe,1,40
-7.732594,-62.493854,60,OSM,0,
-7.732394,-62.494362,60,OSM,0,
-7.731856,-61.360077,60,OSM:classe,1,40
-7.731676,-61.078207,60,OSM,0,
-7.731575,-61.558444,60,OSM:classe,1,40
-7.730178,-63.111123,80,OSM,0,
-7.727764,-61.560549,60,OSM:classe,1,40
-7.727417,-62.506874,60,OSM,0,
-7.727374,-61.359814,60,OSM:classe,1,40
-7.725339,-61.066962,60,OSM,0,
-7.723771,-61.562634,60,OSM:classe,1,40
-7.723411,-61.357984,60,OSM:classe,1,40
-7.723293,-63.101805,80,OSM,0,
-7.722022,-62.516380,60,OSM,0,
-7.721802,-63.100059,80,OSM,0,
-7.719829,-61.564815,60,OSM:classe,1,40
-7.719125,-61.356813,60,OSM:classe,1,40
-7.719002,-61.055717,60,OSM,0,
-7.716627,-62.525885,60,OSM,0,
-7.715927,-61.567070,60,OSM:classe,1,40
-7.714931,-61.356109,60,OSM:classe,1,40
-7.712664,-61.044472,60,OSM,0,
-7.712025,-61.569324,60,OSM:classe,1,40
-7.711232,-62.535391,60,OSM,0,
-7.711066,-63.093783,80,OSM,0,
-7.710582,-61.355778,60,OSM:classe,1,40
-7.708122,-61.571579,60,OSM:classe,1,40
-7.708045,-61.009934,60,OSM,0,
-7.707015,-61.007800,60,OSM,0,
-7.706992,-61.019757,60,OSM,0,
-7.706327,-61.033227,60,OSM,0,
-7.706137,-61.356450,60,OSM:classe,1,40
-7.705939,-61.029581,60,OSM,0,
-7.705869,-61.031214,60,OSM,0,
-7.705837,-62.544897,60,OSM,0,
-7.704220,-61.573834,60,OSM:classe,1,40
-7.704214,-61.003868,60,OSM,0,
-7.702095,-61.357819,60,OSM:classe,1,40
-7.701643,-63.088469,80,OSM,0,
-7.700331,-61.576110,60,OSM:classe,1,40
-7.699287,-62.553589,60,OSM,0,
-7.698248,-60.999565,60,OSM,0,
-7.698105,-61.358149,60,OSM:classe,1,40
-7.696528,-61.578531,60,OSM:classe,1,40
-7.694537,-61.359861,60,OSM:classe,1,40
-7.692736,-62.562280,60,OSM,0,
-7.692660,-61.580838,60,OSM:classe,1,40
-7.692281,-60.995262,60,OSM,0,
-7.692220,-63.083155,80,OSM,0,
-7.691370,-60.994460,60,OSM,0,
-7.690500,-61.359111,60,OSM:classe,1,40
-7.690485,-60.993055,60,OSM,0,
-7.690111,-63.082183,80,OSM,0,
-7.688982,-63.081940,80,OSM,0,
-7.688652,-61.582894,60,OSM:classe,1,40
-7.688084,-60.980518,60,OSM,0,
-7.688034,-62.567802,60,OSM,0,
-7.686759,-60.944872,60,OSM,0,
-7.686406,-60.953243,60,OSM,0,
-7.686391,-60.953487,60,OSM,0,
-7.686061,-61.359833,60,OSM:classe,1,40
-7.686044,-60.933179,60,OSM,0,
-7.686037,-60.960733,60,OSM,0,
-7.685684,-60.967980,60,OSM,0,
-7.685329,-60.921487,60,OSM,0,
-7.685000,-60.918940,60,OSM,0,
-7.684644,-61.584951,60,OSM:classe,1,40
-7.681621,-61.360555,60,OSM:classe,1,40
-7.680903,-62.576781,60,OSM,0,
-7.679047,-60.904187,60,OSM,0,
-7.678903,-60.907463,60,OSM,0,
-7.678763,-60.903245,60,OSM,0,
-7.678706,-60.905864,60,OSM,0,
-7.677182,-61.361278,60,OSM:classe,1,40
-7.675907,-63.081564,80,OSM,0,
-7.674907,-60.900455,60,OSM,0,
-7.673771,-62.585760,60,OSM,0,
-7.672743,-61.362000,60,OSM:classe,1,40
-7.671069,-60.893977,60,OSM,0,
-7.668303,-61.362722,60,OSM:classe,1,40
-7.666639,-62.594739,60,OSM,0,
-7.664296,-60.887300,60,OSM,0,
-7.663864,-61.363445,60,OSM:classe,1,40
-7.662833,-63.081188,80,OSM,0,
-7.660355,-62.605731,60,OSM,0,
-7.659445,-61.364285,60,OSM:classe,1,40
-7.657523,-60.880623,60,OSM,0,
-7.656539,-60.879184,60,OSM,0,
-7.655028,-61.365130,60,OSM:classe,1,40
-7.654072,-62.616723,60,OSM,0,
-7.653193,-60.871600,60,OSM,0,
-7.650592,-61.365764,60,OSM:classe,1,40
-7.650348,-60.851112,60,OSM,0,
-7.650151,-60.849037,60,OSM,0,
-7.649846,-60.864017,60,OSM,0,
-7.649759,-63.080812,80,OSM,0,
-7.649691,-60.862627,60,OSM,0,
-7.647788,-62.627716,60,OSM,0,
-7.646403,-61.366547,60,OSM:classe,1,40
-7.646166,-60.839815,60,OSM,0,
-7.642180,-60.830594,60,OSM,0,
-7.642122,-60.830446,60,OSM,0,
-7.641981,-61.367375,60,OSM:classe,1,40
-7.641505,-62.638708,60,OSM,0,
-7.640249,-62.641603,60,OSM,0,
-7.639823,-60.825077,60,OSM,0,
-7.639331,-60.824384,60,OSM,0,
-7.637560,-61.368202,60,OSM:classe,1,40
-7.637503,-62.649670,60,OSM,0,
-7.636684,-63.080436,80,OSM,0,
-7.634757,-62.657738,60,OSM,0,
-7.633139,-61.369030,60,OSM:classe,1,40
-7.632233,-62.662678,60,OSM,0,
-7.631972,-62.663174,60,OSM,0,
-7.629987,-60.817701,60,OSM,0,
-7.628718,-61.369857,60,OSM:classe,1,40
-7.626179,-62.674180,60,OSM,0,
-7.624297,-61.370685,60,OSM:classe,1,40
-7.623610,-63.080061,80,OSM,0,
-7.620642,-60.811017,60,OSM,0,
-7.620078,-62.682801,60,OSM,0,
-7.619977,-62.682935,60,OSM,0,
-7.619876,-61.371516,60,OSM:classe,1,40
-7.615567,-60.805140,60,OSM,0,
-7.615485,-61.372494,60,OSM:classe,1,40
-7.614965,-60.803217,60,OSM,0,
-7.614282,-60.797003,60,OSM,0,
-7.612306,-62.693798,60,OSM,0,
-7.612191,-60.787153,60,OSM,0,
-7.611555,-63.079638,80,OSM,0,
-7.611095,-61.373472,60,OSM:classe,1,40
-7.610100,-60.777302,60,OSM,0,
-7.608199,-62.703706,60,OSM,0,
-7.606774,-61.374672,60,OSM:classe,1,40
-7.605967,-60.770464,60,OSM,0,
-7.604092,-62.713615,60,OSM,0,
-7.602366,-61.375205,60,OSM:classe,1,40
-7.601835,-60.763625,60,OSM,0,
-7.600696,-60.762368,60,OSM,0,
-7.599985,-62.723523,60,OSM,0,
-7.599500,-63.079215,80,OSM,0,
-7.597927,-61.375930,60,OSM:classe,1,40
-7.595878,-62.733431,60,OSM,0,
-7.595010,-62.738124,60,OSM,0,
-7.594053,-63.172696,80,OSM,0,
-7.593961,-63.171716,80,OSM,0,
-7.593489,-61.376655,60,OSM:classe,1,40
-7.592966,-63.182264,80,OSM,0,
-7.592539,-62.745865,60,OSM,0,
-7.592521,-60.754881,60,OSM,0,
-7.592467,-63.194995,80,OSM,0,
-7.592415,-62.746254,60,OSM,0,
-7.591967,-63.207725,80,OSM,0,
-7.591468,-63.220456,80,OSM,0,
-7.591113,-63.223308,80,OSM,0,
-7.590600,-62.751449,60,OSM,0,
-7.590598,-63.162552,80,OSM,0,
-7.589034,-61.377273,60,OSM:classe,1,40
-7.587881,-63.229171,80,OSM,0,
-7.587445,-63.078792,80,OSM,0,
-7.587061,-63.151763,80,OSM,0,
-7.585341,-62.762089,60,OSM,0,
-7.585188,-61.379039,60,OSM:classe,1,40
-7.584345,-60.747394,60,OSM,0,
-7.583525,-63.140973,80,OSM,0,
-7.581992,-63.239068,80,OSM,0,
-7.581824,-61.381790,60,OSM:classe,1,40
-7.580081,-62.772728,60,OSM,0,
-7.579989,-63.130184,80,OSM,0,
-7.577554,-61.383126,60,OSM:classe,1,40
-7.577023,-60.737983,60,OSM,0,
-7.576453,-63.119395,80,OSM,0,
-7.576102,-63.248966,80,OSM,0,
-7.575531,-62.782789,60,OSM,0,
-7.575389,-63.078369,80,OSM,0,
-7.575371,-63.114186,80,OSM,0,
-7.573898,-61.382561,60,OSM:classe,1,40
-7.570981,-62.792849,60,OSM,0,
-7.570441,-61.380378,60,OSM:classe,1,40
-7.570212,-63.258863,80,OSM,0,
-7.569700,-60.728571,60,OSM,0,
-7.569204,-63.105248,80,OSM,0,
-7.566431,-62.802910,60,OSM,0,
-7.566043,-61.381280,60,OSM:classe,1,40
-7.564323,-63.268761,60,OSM,0,
-7.564061,-63.269652,60,OSM,0,
-7.563991,-63.269368,40,OSM,0,
-7.563712,-63.269386,60,OSM,0,
-7.563648,-63.269484,60,OSM,0,
-7.563588,-63.270380,60,OSM,0,
-7.563334,-63.077946,80,OSM,0,
-7.563297,-63.270424,40,OSM,0,
-7.563228,-63.270108,60,OSM,0,
-7.563215,-63.270126,40,OSM,0,
-7.563037,-63.096310,80,OSM,0,
-7.562922,-63.271065,60,OSM,0,
-7.562906,-63.269624,60,OSM,0,
-7.562847,-63.271190,60,OSM:classe,1,50
-7.561880,-62.812971,60,OSM,0,
-7.561676,-62.814118,60,OSM,0,
-7.561621,-61.382105,60,OSM:classe,1,40
-7.561290,-62.826938,60,OSM,0,
-7.561232,-62.856676,60,OSM,0,
-7.561068,-62.848217,60,OSM,0,
-7.560904,-62.839759,60,OSM,0,
-7.560557,-62.858652,60,OSM,0,
-7.560526,-63.275075,60,OSM:classe,1,50
-7.559758,-60.719764,60,OSM,0,
-7.558204,-63.278959,60,OSM:classe,1,50
-7.557444,-62.865646,60,OSM,0,
-7.557341,-62.865870,60,OSM,0,
-7.557223,-61.383040,60,OSM:classe,1,40
-7.556870,-63.087371,80,OSM,0,
-7.555882,-63.282844,60,OSM:classe,1,50
-7.554304,-62.872647,60,OSM,0,
-7.553714,-62.873478,60,OSM,0,
-7.553561,-63.286729,60,OSM:classe,1,50
-7.552849,-61.384082,60,OSM:classe,1,40
-7.551279,-63.077523,80,OSM,0,
-7.551239,-63.290613,60,OSM:classe,1,50
-7.551103,-63.265277,80,OSM,0,
-7.550706,-63.077761,40,OSM,0,
-7.550703,-63.078433,60,OSM,0,
-7.550693,-63.077780,60,OSM,0,
-7.550643,-63.077410,40,OSM,0,
-7.550538,-63.077356,60,OSM,0,
-7.550383,-63.077302,100,OSM:classe,1,100
-7.550336,-63.077840,40,OSM,0,
-7.550274,-63.077791,60,OSM,0,
-7.550152,-63.077624,60,OSM,0,
-7.550142,-63.077368,40,OSM,0,
-7.549816,-60.710956,60,OSM,0,
-7.549397,-63.076520,60,OSM,0,
-7.548917,-63.294498,60,OSM:classe,1,50
-7.548426,-61.384903,60,OSM:classe,1,40
-7.547454,-63.073763,80,OSM,0,
-7.547008,-72.579098,60,OSM:classe,1,40
-7.546595,-63.298382,60,OSM:classe,1,50
-7.546483,-63.072363,80,OSM,0,
-7.546155,-72.586105,60,OSM:classe,1,50
-7.545981,-72.581725,60,OSM:classe,1,50
-7.545850,-72.580699,60,OSM:classe,1,40
-7.544274,-63.302267,60,OSM:classe,1,50
-7.544004,-61.385725,60,OSM:classe,1,40
-7.543737,-62.881237,60,OSM,0,
-7.543590,-63.068228,80,OSM,0,
-7.543530,-72.589356,60,OSM:classe,1,50
-7.543335,-72.576482,60,OSM:classe,1,40
-7.543212,-63.067701,60,OSM:classe,1,40
-7.543025,-60.703931,60,OSM,0,
-7.542772,-72.593819,60,OSM:classe,1,50
-7.542108,-63.066113,80,OSM,0,
-7.541952,-63.306151,60,OSM:classe,1,50
-7.541805,-62.881847,60,OSM,0,
-7.541448,-72.575138,60,OSM:classe,1,40
-7.541323,-72.574807,60,OSM:classe,1,40
-7.541280,-63.064911,80,OSM,0,
-7.541185,-72.598043,60,OSM:classe,1,50
-7.540283,-62.881916,60,OSM,0,
-7.540236,-63.070447,60,OSM:classe,1,40
-7.539817,-63.070730,60,OSM:classe,1,40
-7.539630,-63.310036,60,OSM:classe,1,50
-7.539582,-61.386546,60,OSM:classe,1,40
-7.539301,-63.260931,80,OSM,0,
-7.538938,-72.571036,60,OSM:classe,1,40
-7.538641,-72.600228,60,OSM:classe,1,50
-7.537309,-63.313920,60,OSM:classe,1,50
-7.537236,-72.604254,60,OSM:classe,1,50
-7.536808,-72.567104,60,OSM:classe,1,40
-7.536778,-63.058387,60,OSM:classe,1,40
-7.536233,-60.696907,60,OSM,0,
-7.535679,-63.056861,80,OSM,0,
-7.535677,-72.624758,60,OSM:classe,1,50
-7.535489,-63.318048,60,OSM:classe,1,50
-7.535192,-72.608233,60,OSM:classe,1,50
-7.535141,-61.387259,60,OSM:classe,1,40
-7.534410,-72.628940,60,OSM:classe,1,50
-7.534307,-72.633284,60,OSM:classe,1,50
-7.534217,-72.612067,60,OSM:classe,1,50
-7.534185,-72.563460,60,OSM:classe,1,40
-7.533932,-63.322303,60,OSM:classe,1,50
-7.533697,-72.616368,60,OSM:classe,1,50
-7.533623,-72.620861,60,OSM:classe,1,50
-7.533580,-62.880439,60,OSM,0,
-7.533544,-72.618249,50,OSM,0,
-7.533086,-63.060977,60,OSM:classe,1,40
-7.532374,-63.326558,60,OSM:classe,1,50
-7.531324,-72.618191,50,OSM,0,
-7.530881,-72.560475,60,OSM:classe,1,40
-7.530817,-63.330813,60,OSM:classe,1,50
-7.530702,-61.387977,60,OSM:classe,1,40
-7.530079,-63.048810,80,OSM,0,
-7.529526,-72.617022,50,OSM,0,
-7.529442,-60.689882,60,OSM,0,
-7.529395,-63.063567,60,OSM:classe,1,40
-7.529260,-63.335068,60,OSM:classe,1,50
-7.528638,-72.616888,50,OSM,0,
-7.527702,-63.339323,60,OSM:classe,1,50
-7.527564,-72.617102,50,OSM,0,
-7.527498,-63.256584,80,OSM,0,
-7.526877,-62.878963,60,OSM,0,
-7.526374,-61.389208,60,OSM:classe,1,40
-7.525826,-63.343407,60,OSM:classe,1,50
-7.525704,-63.066158,60,OSM:classe,1,40
-7.525660,-72.618229,50,OSM,0,
-7.525537,-62.878934,60,OSM,0,
-7.524478,-63.040759,80,OSM,0,
-7.523991,-60.665095,60,OSM,0,
-7.523888,-60.682768,60,OSM,0,
-7.523812,-60.669153,60,OSM,0,
-7.523737,-62.879283,60,OSM,0,
-7.523671,-72.618138,50,OSM,0,
-7.523478,-60.676971,60,OSM,0,
-7.523451,-60.670374,60,OSM,0,
-7.523419,-60.680882,60,OSM,0,
-7.522557,-60.642274,60,OSM,0,
-7.522513,-63.346438,60,OSM:classe,1,50
-7.522448,-72.617724,50,OSM,0,
-7.522251,-60.643493,60,OSM,0,
-7.522046,-61.390439,60,OSM:classe,1,40
-7.522013,-63.068748,60,OSM:classe,1,40
-7.521742,-63.347212,60,OSM:classe,1,50
-7.521566,-60.673291,60,OSM,0,
-7.521420,-63.347685,60,OSM:classe,1,50
-7.521098,-60.671838,60,OSM,0,
-7.520991,-72.616121,50,OSM,0,
-7.520770,-60.658176,60,OSM,0,
-7.519609,-60.635222,60,OSM,0,
-7.518834,-63.351395,60,OSM:classe,1,50
-7.518459,-72.613916,50,OSM,0,
-7.517905,-63.069011,60,OSM:classe,1,40
-7.517692,-61.391559,60,OSM:classe,1,40
-7.517668,-60.649087,60,OSM,0,
-7.517564,-63.030827,60,OSM,0,
-7.517549,-60.651256,60,OSM,0,
-7.517544,-60.649436,60,OSM,0,
-7.517339,-60.650418,60,OSM,0,
-7.517278,-63.030290,60,OSM,0,
-7.517277,-63.030257,60,OSM,0,
-7.517151,-63.029950,60,OSM,0,
-7.517062,-63.030499,60,OSM,0,
-7.516936,-63.029598,60,OSM,0,
-7.516731,-63.029932,60,OSM,0,
-7.516685,-63.029751,60,OSM,0,
-7.516661,-60.628171,60,OSM,0,
-7.516502,-72.613798,50,OSM,0,
-7.516248,-63.355105,60,OSM:classe,1,50
-7.515991,-72.613578,50,OSM,0,
-7.515918,-60.624795,60,OSM,0,
-7.515846,-63.029645,40,OSM:classe,1,40
-7.515696,-63.252238,80,OSM,0,
-7.515540,-63.029538,40,OSM:classe,1,40
-7.514981,-63.029282,40,OSM:classe,1,40
-7.514919,-63.029349,60,OSM,0,
-7.514897,-63.029274,60,OSM,0,
-7.514776,-72.611596,50,OSM,0,
-7.514615,-63.029362,60,OSM,0,
-7.514613,-63.029286,60,OSM,0,
-7.514549,-63.029126,60,OSM,0,
-7.514464,-60.622713,60,OSM,0,
-7.513883,-63.066984,60,OSM:classe,1,40
-7.513676,-63.026101,60,OSM,0,
-7.513643,-72.610861,50,OSM,0,
-7.513283,-61.392449,60,OSM:classe,1,40
-7.513072,-63.358289,60,OSM:classe,1,50
-7.512984,-72.663004,50,OSM,0,
-7.512910,-72.609756,50,OSM,0,
-7.512766,-72.666222,50,OSM,0,
-7.512475,-63.025301,60,OSM,0,
-7.512415,-72.671264,50,OSM,0,
-7.512149,-72.667343,50,OSM,0,
-7.512106,-72.672954,50,OSM,0,
-7.512040,-72.672023,50,OSM,0,
-7.511988,-62.883050,60,OSM,0,
-7.511301,-72.609088,50,OSM,0,
-7.511088,-60.614302,60,OSM,0,
-7.510506,-62.883972,60,OSM,0,
-7.509860,-63.064957,60,OSM:classe,1,40
-7.509811,-72.609410,50,OSM,0,
-7.509733,-63.361327,60,OSM:classe,1,50
-7.508873,-61.393338,60,OSM:classe,1,40
-7.507376,-72.611395,50,OSM,0,
-7.507239,-63.021990,60,OSM,0,
-7.507190,-63.365064,60,OSM:classe,1,50
-7.506827,-60.602062,60,OSM,0,
-7.506645,-63.022028,60,OSM,0,
-7.506594,-72.611797,50,OSM,0,
-7.506571,-63.030051,60,OSM,0,
-7.506502,-63.029988,60,OSM,0,
-7.505838,-63.062930,60,OSM:classe,1,40
-7.505796,-72.611899,50,OSM,0,
-7.505079,-60.599147,60,OSM:classe,1,40
-7.504761,-60.600521,60,OSM:classe,1,40
-7.504731,-63.029442,60,OSM,0,
-7.504727,-63.029509,60,OSM,0,
-7.504663,-63.368815,60,OSM:classe,1,50
-7.504471,-61.394263,60,OSM:classe,1,40
-7.504230,-60.600665,60,OSM:classe,1,40
-7.504155,-63.029247,60,OSM,0,
-7.504136,-63.029303,60,OSM,0,
-7.504130,-63.020707,20,OSM,0,
-7.504043,-63.020720,20,OSM,0,
-7.503893,-63.247891,80,OSM,0,
-7.503685,-63.377563,60,OSM:classe,1,50
-7.503637,-62.889289,60,OSM,0,
-7.503595,-63.382098,60,OSM:classe,1,50
-7.503594,-63.373030,60,OSM:classe,1,50
-7.503506,-63.386632,60,OSM:classe,1,50
-7.503450,-63.029061,60,OSM,0,
-7.503441,-60.581833,60,OSM,0,
-7.503416,-63.391167,60,OSM:classe,1,50
-7.503067,-63.395684,60,OSM:classe,1,50
-7.503065,-60.579481,60,OSM,0,
-7.503023,-63.400210,60,OSM:classe,1,50
-7.502830,-63.028853,60,OSM,0,
-7.502644,-60.595237,60,OSM,0,
-7.502596,-60.593020,60,OSM,0,
-7.502562,-63.404713,60,OSM:classe,1,50
-7.501972,-62.891182,60,OSM,0,
-7.501967,-63.409208,60,OSM:classe,1,50
-7.501919,-72.611545,50,OSM,0,
-7.501815,-63.060902,60,OSM:classe,1,40
-7.501584,-63.657212,60,OSM:classe,1,50
-7.501579,-63.639118,60,OSM:classe,1,50
-7.501453,-60.573016,60,OSM,0,
-7.501371,-63.413704,60,OSM:classe,1,50
-7.501327,-63.634624,60,OSM:classe,1,50
-7.501306,-72.611275,50,OSM,0,
-7.501290,-63.652687,60,OSM:classe,1,50
-7.501222,-63.643639,60,OSM:classe,1,50
-7.501192,-63.661670,60,OSM:classe,1,50
-7.501175,-60.572469,60,OSM,0,
-7.501047,-72.611110,50,OSM,0,
-7.500997,-63.648161,60,OSM:classe,1,50
-7.500815,-63.418204,60,OSM:classe,1,50
-7.500574,-63.630152,60,OSM:classe,1,50
-7.500324,-63.422712,60,OSM:classe,1,50
-7.500088,-61.395273,60,OSM:classe,1,40
-7.500027,-63.666050,60,OSM:classe,1,50
-7.500027,-60.571335,60,OSM,0,
-7.499887,-60.601839,60,OSM:classe,1,40
-7.499879,-72.620031,50,OSM,0,
-7.499853,-72.623660,50,OSM,0,
-7.499833,-63.427220,60,OSM:classe,1,50
-7.499822,-63.625681,60,OSM:classe,1,50
-7.499709,-72.623255,50,OSM,0,
-7.499701,-72.620578,50,OSM,0,
-7.499661,-72.624132,50,OSM,0,
-7.499612,-69.957377,60,OSM:classe,1,40
-7.499387,-72.647513,50,OSM,0,
-7.499341,-63.431729,60,OSM:classe,1,50
-7.499313,-72.646215,50,OSM,0,
-7.499300,-72.613956,50,OSM,0,
-7.499140,-72.618706,50,OSM,0,
-7.499111,-72.617269,50,OSM,0,
-7.499069,-63.621209,60,OSM:classe,1,50
-7.499026,-72.645378,50,OSM,0,
-7.499004,-72.648854,50,OSM,0,
-7.498975,-72.624763,50,OSM,0,
-7.498861,-63.670431,60,OSM:classe,1,50
-7.498850,-63.436237,60,OSM:classe,1,50
-7.498589,-72.643973,50,OSM,0,
-7.498563,-72.608846,50,OSM,0,
-7.498555,-72.616169,50,OSM,0,
-7.498530,-63.440757,60,OSM:classe,1,50
-7.498515,-72.644724,50,OSM,0,
-7.498502,-72.613106,50,OSM,0,
-7.498402,-63.445291,60,OSM:classe,1,50
-7.498317,-63.616738,60,OSM:classe,1,50
-7.498273,-63.449824,60,OSM:classe,1,50
-7.498180,-72.608085,50,OSM,0,
-7.498167,-72.622845,50,OSM,0,
-7.498144,-63.454358,60,OSM:classe,1,50
-7.498121,-72.606180,50,OSM,0,
-7.498015,-63.458891,60,OSM:classe,1,50
-7.497935,-72.605885,50,OSM,0,
-7.497886,-63.463425,60,OSM:classe,1,50
-7.497793,-63.058875,60,OSM:classe,1,40
-7.497792,-72.650142,50,OSM,0,
-7.497758,-63.467958,60,OSM:classe,1,50
-7.497701,-72.621831,50,OSM,0,
-7.497696,-63.674811,60,OSM:classe,1,50
-7.497629,-63.472492,60,OSM:classe,1,50
-7.497564,-63.612267,60,OSM:classe,1,50
-7.497558,-72.651617,50,OSM,0,
-7.497521,-72.625278,50,OSM,0,
-7.497500,-63.477025,60,OSM:classe,1,50
-7.497443,-72.622365,50,OSM,0,
-7.497410,-72.651788,50,OSM,0,
-7.497361,-72.650930,50,OSM,0,
-7.497361,-72.642910,50,OSM,0,
-7.497252,-63.679299,60,OSM:classe,1,50
-7.497062,-63.481537,60,OSM:classe,1,50
-7.497047,-72.642127,50,OSM,0,
-7.497028,-69.960400,60,OSM:classe,1,40
-7.496844,-63.683804,60,OSM:classe,1,50
-7.496812,-63.607795,60,OSM:classe,1,50
-7.496569,-63.486045,60,OSM:classe,1,50
-7.496335,-63.026496,60,OSM,0,
-7.496312,-63.026548,60,OSM,0,
-7.496298,-63.026553,60,OSM,0,
-7.496275,-63.026463,40,OSM,0,
-7.496268,-63.026548,80,OSM,0,
-7.496260,-72.605462,50,OSM,0,
-7.496251,-63.026482,80,OSM,0,
-7.496128,-63.026505,80,OSM,0,
-7.496076,-63.490553,60,OSM:classe,1,50
-7.496059,-63.603324,60,OSM:classe,1,50
-7.496042,-63.688266,60,OSM:classe,1,50
-7.495704,-61.396283,60,OSM:classe,1,40
-7.495582,-63.495061,60,OSM:classe,1,50
-7.495544,-60.603014,60,OSM:classe,1,40
-7.495409,-63.022689,40,OSM,0,
-7.495368,-63.035736,60,OSM:classe,1,40
-7.495335,-72.604882,50,OSM,0,
-7.495307,-63.598852,60,OSM:classe,1,50
-7.495241,-63.692729,60,OSM:classe,1,50
-7.495132,-72.642353,50,OSM,0,
-7.495089,-63.499569,60,OSM:classe,1,50
-7.494937,-63.027447,40,OSM,0,
-7.494892,-63.021865,40,OSM,0,
-7.494886,-62.902078,60,OSM,0,
-7.494632,-72.642020,50,OSM,0,
-7.494596,-63.504077,60,OSM:classe,1,50
-7.494555,-63.594381,60,OSM:classe,1,50
-7.494439,-63.697192,60,OSM:classe,1,50
-7.494158,-63.032393,60,OSM:classe,1,40
-7.494124,-72.627230,50,OSM,0,
-7.494103,-63.508585,60,OSM:classe,1,50
-7.493802,-63.589909,60,OSM:classe,1,50
-7.493770,-63.056848,60,OSM:classe,1,40
-7.493638,-63.701654,60,OSM:classe,1,50
-7.493636,-63.526633,60,OSM:classe,1,50
-7.493609,-63.513093,60,OSM:classe,1,50
-7.493593,-63.531161,60,OSM:classe,1,50
-7.493452,-63.026712,40,OSM,0,
-7.493415,-63.535693,60,OSM:classe,1,50
-7.493414,-69.963099,60,OSM:classe,1,40
-7.493364,-63.039770,60,OSM:classe,1,40
-7.493305,-63.032046,40,OSM,0,
-7.493273,-63.039928,60,OSM:classe,1,40
-7.493236,-63.540224,60,OSM:classe,1,50
-7.493234,-63.522115,60,OSM:classe,1,50
-7.493116,-63.517601,60,OSM:classe,1,50
-7.493057,-63.544756,60,OSM:classe,1,50
-7.493050,-63.585438,60,OSM:classe,1,50
-7.493048,-72.637251,50,OSM,0,
-7.492880,-63.040597,60,OSM:classe,1,40
-7.492878,-63.549288,60,OSM:classe,1,50
-7.492836,-63.706117,60,OSM:classe,1,50
-7.492699,-63.553820,60,OSM:classe,1,50
-7.492566,-72.636744,50,OSM,0,
-7.492520,-63.558351,60,OSM:classe,1,50
-7.492500,-60.565129,60,OSM,0,
-7.492486,-72.627810,50,OSM,0,
-7.492341,-63.562883,60,OSM:classe,1,50
-7.492321,-63.243576,80,OSM,0,
-7.492297,-63.580967,60,OSM:classe,1,50
-7.492162,-63.567415,60,OSM:classe,1,50
-7.492095,-72.635634,50,OSM,0,
-7.492035,-63.710580,60,OSM:classe,1,50
-7.491983,-63.571947,60,OSM:classe,1,50
-7.491804,-63.576478,60,OSM:classe,1,50
-7.491659,-72.605821,50,OSM,0,
-7.491431,-72.635119,50,OSM,0,
-7.491422,-63.024914,80,OSM,0,
-7.491284,-61.397109,60,OSM:classe,1,40
-7.491234,-63.715042,60,OSM:classe,1,50
-7.491201,-60.604189,60,OSM:classe,1,40
-7.491120,-62.929790,60,OSM,0,
-7.491115,-63.029332,60,OSM:classe,1,40
-7.490980,-63.024846,80,OSM,0,
-7.490919,-63.025065,60,OSM:classe,1,40
-7.490915,-63.024747,80,OSM,0,
-7.490870,-72.632793,50,OSM,0,
-7.490832,-63.025111,80,OSM,0,
-7.490756,-63.024699,80,OSM,0,
-7.490714,-62.932460,60,OSM,0,
-7.490606,-63.025024,60,OSM:classe,1,40
-7.490593,-63.044501,60,OSM:classe,1,40
-7.490580,-72.632471,50,OSM,0,
-7.490580,-63.024961,80,OSM,0,
-7.490578,-63.025434,60,OSM:classe,1,40
-7.490510,-62.922925,60,OSM,0,
-7.490432,-63.719505,60,OSM:classe,1,50
-7.490368,-62.914317,60,OSM,0,
-7.490259,-60.560378,60,OSM,0,
-7.490136,-72.628287,50,OSM,0,
-7.489900,-62.916060,60,OSM,0,
-7.489800,-69.965798,60,OSM:classe,1,40
-7.489777,-72.632281,50,OSM,0,
-7.489748,-63.054821,60,OSM:classe,1,40
-7.489631,-63.723968,60,OSM:classe,1,50
-7.489261,-63.024188,80,OSM,0,
-7.489025,-63.023809,80,OSM,0,
-7.488931,-72.630706,50,OSM,0,
-7.488829,-63.728431,60,OSM:classe,1,50
-7.488691,-62.940793,60,OSM,0,
-7.488450,-62.982836,60,OSM,0,
-7.488305,-63.048406,60,OSM:classe,1,40
-7.488028,-63.732893,60,OSM:classe,1,50
-7.488011,-62.974774,60,OSM,0,
-7.487901,-63.800189,60,OSM:classe,1,50
-7.487889,-62.989344,60,OSM,0,
-7.487842,-62.989828,60,OSM,0,
-7.487718,-63.804711,60,OSM:classe,1,50
-7.487649,-72.605617,50,OSM,0,
-7.487572,-62.966713,60,OSM,0,
-7.487545,-62.966410,60,OSM,0,
-7.487281,-63.809225,60,OSM:classe,1,50
-7.487226,-63.737356,60,OSM:classe,1,50
-7.487106,-62.957768,60,OSM,0,
-7.487037,-61.398192,60,OSM:classe,1,40
-7.486956,-63.795756,60,OSM:classe,1,50
-7.486928,-62.999750,60,OSM,0,
-7.486858,-60.605364,60,OSM:classe,1,40
-7.486843,-63.813739,60,OSM:classe,1,50
-7.486668,-62.949126,60,OSM,0,
-7.486478,-63.012535,60,OSM,0,
-7.486425,-63.741819,60,OSM:classe,1,50
-7.486406,-63.818252,60,OSM:classe,1,50
-7.486300,-63.052362,60,OSM:classe,1,40
-7.486186,-69.968497,60,OSM:classe,1,40
-7.486014,-63.009672,60,OSM,0,
-7.486001,-63.791325,60,OSM:classe,1,50
-7.485969,-63.822766,60,OSM:classe,1,50
-7.485857,-72.605912,50,OSM,0,
-7.485630,-60.554143,60,OSM,0,
-7.485624,-63.746281,60,OSM:classe,1,50
-7.485604,-63.786809,60,OSM:classe,1,50
-7.485531,-63.827280,60,OSM:classe,1,50
-7.485232,-63.782289,60,OSM:classe,1,50
-7.485094,-63.831794,60,OSM:classe,1,50
-7.484861,-63.777769,60,OSM:classe,1,50
-7.484822,-63.750744,60,OSM:classe,1,50
-7.484657,-63.836307,60,OSM:classe,1,50
-7.484489,-63.773249,60,OSM:classe,1,50
-7.484219,-63.840821,60,OSM:classe,1,50
-7.484118,-63.768730,60,OSM:classe,1,50
-7.484021,-63.755207,60,OSM:classe,1,50
-7.483848,-64.288728,80,OSM:classe,1,60
-7.483782,-63.845335,60,OSM:classe,1,50
-7.483746,-63.764210,60,OSM:classe,1,50
-7.483446,-64.293240,80,OSM:classe,1,60
-7.483418,-63.759689,60,OSM:classe,1,50
-7.483224,-72.605445,50,OSM,0,
-7.482940,-63.849749,60,OSM:classe,1,50
-7.482904,-64.297742,80,OSM:classe,1,60
-7.482636,-64.284417,80,OSM:classe,1,60
-7.482501,-60.606480,60,OSM:classe,1,40
-7.482473,-69.971050,60,OSM:classe,1,40
-7.482363,-64.302245,80,OSM:classe,1,60
-7.481821,-64.306747,80,OSM:classe,1,60
-7.481364,-63.853983,60,OSM:classe,1,50
-7.481279,-64.311249,80,OSM:classe,1,60
-7.481002,-60.547909,60,OSM,0,
-7.480923,-63.858497,60,OSM:classe,1,50
-7.480896,-64.280235,80,OSM:classe,1,60
-7.480751,-72.604710,50,OSM,0,
-7.480749,-63.239260,80,OSM,0,
-7.480737,-64.315751,80,OSM:classe,1,60
-7.480482,-63.863010,60,OSM:classe,1,50
-7.480426,-60.546399,60,OSM,0,
-7.480196,-64.320253,80,OSM:classe,1,60
-7.480041,-63.867523,60,OSM:classe,1,50
-7.479654,-64.324755,80,OSM:classe,1,60
-7.479600,-63.872037,60,OSM:classe,1,50
-7.479159,-63.876550,60,OSM:classe,1,50
-7.479155,-64.276053,80,OSM:classe,1,60
-7.479112,-64.329257,80,OSM:classe,1,60
-7.478885,-69.973750,60,OSM:classe,1,40
-7.478736,-60.539374,60,OSM,0,
-7.478718,-63.881063,60,OSM:classe,1,50
-7.478570,-64.333759,80,OSM:classe,1,60
-7.478277,-63.885577,60,OSM:classe,1,50
-7.478081,-60.607312,60,OSM:classe,1,40
-7.478029,-64.338262,80,OSM:classe,1,60
-7.478012,-72.570532,50,OSM,0,
-7.477836,-63.890090,60,OSM:classe,1,50
-7.477519,-63.894610,60,OSM:classe,1,50
-7.477487,-64.342764,80,OSM:classe,1,60
-7.477458,-63.899145,60,OSM:classe,1,50
-7.477399,-64.271878,80,OSM:classe,1,60
-7.477398,-63.903680,60,OSM:classe,1,50
-7.477338,-63.908215,60,OSM:classe,1,50
-7.477278,-63.912749,60,OSM:classe,1,50
-7.477256,-72.571634,50,OSM,0,
-7.477218,-63.917284,60,OSM:classe,1,50
-7.477157,-63.921819,60,OSM:classe,1,50
-7.477097,-63.926354,60,OSM:classe,1,50
-7.477037,-63.930888,60,OSM:classe,1,50
-7.476977,-63.935423,60,OSM:classe,1,50
-7.476945,-64.347266,80,OSM:classe,1,60
-7.476917,-63.939958,60,OSM:classe,1,50
-7.476863,-72.572696,50,OSM,0,
-7.476856,-63.944493,60,OSM:classe,1,50
-7.476796,-63.949027,60,OSM:classe,1,50
-7.476736,-63.953562,60,OSM:classe,1,50
-7.476676,-63.958097,60,OSM:classe,1,50
-7.476616,-63.962632,60,OSM:classe,1,50
-7.476555,-63.967167,60,OSM:classe,1,50
-7.476495,-63.971701,60,OSM:classe,1,50
-7.476459,-63.976236,60,OSM:classe,1,50
-7.476437,-63.980771,60,OSM:classe,1,50
-7.476415,-63.985306,60,OSM:classe,1,50
-7.476403,-64.351768,80,OSM:classe,1,60
-7.476394,-63.989842,60,OSM:classe,1,50
-7.476372,-63.994377,60,OSM:classe,1,50
-7.476350,-63.998912,60,OSM:classe,1,50
-7.476329,-64.003447,60,OSM:classe,1,50
-7.476307,-64.007982,60,OSM:classe,1,50
-7.476285,-64.012517,60,OSM:classe,1,50
-7.476264,-64.017052,60,OSM:classe,1,50
-7.476242,-64.021587,60,OSM:classe,1,50
-7.476220,-64.026122,60,OSM:classe,1,50
-7.476198,-64.030658,60,OSM:classe,1,50
-7.476177,-64.035193,60,OSM:classe,1,50
-7.476170,-60.536818,60,OSM,0,
-7.476155,-64.039728,60,OSM:classe,1,50
-7.476133,-64.044263,60,OSM:classe,1,50
-7.476112,-64.048798,60,OSM:classe,1,50
-7.476090,-64.053333,60,OSM:classe,1,50
-7.476068,-64.057868,60,OSM:classe,1,50
-7.476047,-64.062403,60,OSM:classe,1,50
-7.476025,-64.066938,60,OSM:classe,1,50
-7.476019,-64.068180,60,OSM:classe,1,50
-7.476007,-64.069192,80,OSM:classe,1,60
-7.475962,-64.073032,80,OSM:classe,1,60
-7.475908,-64.077566,80,OSM:classe,1,60
-7.475862,-64.356270,80,OSM:classe,1,60
-7.475854,-64.082101,80,OSM:classe,1,60
-7.475800,-64.086636,80,OSM:classe,1,60
-7.475624,-64.267712,80,OSM:classe,1,60
-7.475549,-72.574101,50,OSM,0,
-7.475320,-64.360772,80,OSM:classe,1,60
-7.475182,-69.976294,60,OSM:classe,1,40
-7.474778,-64.365274,80,OSM:classe,1,60
-7.474775,-64.091020,80,OSM:classe,1,60
-7.474576,-72.574756,50,OSM,0,
-7.474236,-64.369777,80,OSM:classe,1,60
-7.474139,-72.574900,50,OSM,0,
-7.473849,-64.263545,80,OSM:classe,1,60
-7.473695,-64.374279,80,OSM:classe,1,60
-7.473661,-60.608144,60,OSM:classe,1,40
-7.473183,-64.095261,80,OSM:classe,1,60
-7.473155,-72.574686,50,OSM,0,
-7.473153,-64.378781,80,OSM:classe,1,60
-7.472611,-64.383283,80,OSM:classe,1,60
-7.472075,-64.259378,80,OSM:classe,1,60
-7.472069,-64.387785,80,OSM:classe,1,60
-7.471931,-69.978943,60,OSM:classe,1,40
-7.471728,-60.530339,60,OSM,0,
-7.471592,-64.099503,80,OSM:classe,1,60
-7.471528,-64.392287,80,OSM:classe,1,60
-7.470986,-64.396789,80,OSM:classe,1,60
-7.470778,-72.574680,50,OSM,0,
-7.470444,-64.401291,80,OSM:classe,1,60
-7.470300,-64.255211,80,OSM:classe,1,60
-7.470224,-64.134704,80,OSM:classe,1,60
-7.470198,-72.575056,50,OSM,0,
-7.470173,-64.139238,80,OSM:classe,1,60
-7.470086,-64.130194,80,OSM:classe,1,60
-7.470000,-64.103745,80,OSM:classe,1,60
-7.469925,-64.143761,80,OSM:classe,1,60
-7.469902,-64.405794,80,OSM:classe,1,60
-7.469557,-64.408665,80,OSM:classe,1,60
-7.469431,-64.148269,80,OSM:classe,1,60
-7.469302,-64.505432,80,OSM:classe,1,60
-7.469240,-60.608975,60,OSM:classe,1,40
-7.469194,-64.500985,80,OSM:classe,1,60
-7.469178,-63.234945,80,OSM,0,
-7.469017,-64.413168,80,OSM:classe,1,60
-7.468938,-64.152776,80,OSM:classe,1,60
-7.468867,-64.108096,80,OSM:classe,1,60
-7.468538,-64.498386,80,OSM:classe,1,60
-7.468525,-64.251044,80,OSM:classe,1,60
-7.468492,-64.125966,80,OSM:classe,1,60
-7.468476,-64.417670,80,OSM:classe,1,60
-7.468450,-64.498064,80,OSM:classe,1,60
-7.468444,-64.157284,80,OSM:classe,1,60
-7.468404,-64.112607,80,OSM:classe,1,60
-7.468310,-69.981627,60,OSM:classe,1,40
-7.468124,-64.509809,80,OSM:classe,1,60
-7.467951,-64.161792,80,OSM:classe,1,60
-7.467941,-64.117118,80,OSM:classe,1,60
-7.467936,-64.422172,80,OSM:classe,1,60
-7.467479,-64.121629,80,OSM:classe,1,60
-7.467457,-64.166299,80,OSM:classe,1,60
-7.467395,-64.426674,80,OSM:classe,1,60
-7.467287,-60.523861,60,OSM,0,
-7.467286,-64.493684,80,OSM:classe,1,60
-7.466963,-64.170807,80,OSM:classe,1,60
-7.466946,-64.514185,80,OSM:classe,1,60
-7.466855,-64.431176,80,OSM:classe,1,60
-7.466750,-64.246877,80,OSM:classe,1,60
-7.466470,-64.175315,80,OSM:classe,1,60
-7.466314,-64.435678,80,OSM:classe,1,60
-7.466121,-64.489303,80,OSM:classe,1,60
-7.465976,-64.179823,80,OSM:classe,1,60
-7.465773,-64.440181,80,OSM:classe,1,60
-7.465768,-64.518562,80,OSM:classe,1,60
-7.465576,-72.579079,50,OSM,0,
-7.465483,-64.184330,80,OSM:classe,1,60
-7.465238,-64.611229,80,OSM:classe,1,60
-7.465233,-64.444683,80,OSM:classe,1,60
-7.465145,-72.580791,50,OSM,0,
-7.465105,-64.243015,80,OSM:classe,1,60
-7.464989,-64.188838,80,OSM:classe,1,60
-7.464957,-64.484923,80,OSM:classe,1,60
-7.464857,-60.496618,60,OSM,0,
-7.464828,-69.984496,60,OSM:classe,1,40
-7.464820,-60.609807,60,OSM:classe,1,40
-7.464812,-64.242271,80,OSM:classe,1,60
-7.464784,-72.581048,50,OSM,0,
-7.464692,-64.449185,80,OSM:classe,1,60
-7.464675,-64.606730,80,OSM:classe,1,60
-7.464602,-60.494873,60,OSM,0,
-7.464591,-64.522939,80,OSM:classe,1,60
-7.464506,-64.193347,80,OSM:classe,1,60
-7.464421,-64.615601,80,OSM:classe,1,60
-7.464152,-64.453687,80,OSM:classe,1,60
-7.464102,-64.602232,80,OSM:classe,1,60
-7.464060,-64.197859,80,OSM:classe,1,60
-7.463792,-64.480543,80,OSM:classe,1,60
-7.463762,-72.581155,50,OSM,0,
-7.463678,-60.504944,60,OSM,0,
-7.463614,-64.202372,80,OSM:classe,1,60
-7.463611,-64.458189,80,OSM:classe,1,60
-7.463587,-60.505588,60,OSM,0,
-7.463529,-64.597734,80,OSM:classe,1,60
-7.463413,-64.527315,80,OSM:classe,1,60
-7.463168,-64.206885,80,OSM:classe,1,60
-7.463070,-64.462691,80,OSM:classe,1,60
-7.463038,-64.238103,80,OSM:classe,1,60
-7.462955,-64.593236,80,OSM:classe,1,60
-7.462854,-60.512540,60,OSM,0,
-7.462822,-60.511280,60,OSM,0,
-7.462722,-64.211397,80,OSM:classe,1,60
-7.462650,-64.590835,80,OSM:classe,1,60
-7.462628,-64.476162,80,OSM:classe,1,60
-7.462600,-64.590394,80,OSM:classe,1,60
-7.462530,-64.467194,80,OSM:classe,1,60
-7.462465,-64.619684,80,OSM:classe,1,60
-7.462276,-64.215910,80,OSM:classe,1,60
-7.462235,-64.531692,80,OSM:classe,1,60
-7.462020,-64.585897,80,OSM:classe,1,60
-7.461989,-64.471696,80,OSM:classe,1,60
-7.461830,-64.220423,80,OSM:classe,1,60
-7.461439,-64.581400,80,OSM:classe,1,60
-7.461386,-64.536128,80,OSM:classe,1,60
-7.461384,-64.224935,80,OSM:classe,1,60
-7.461346,-69.987366,60,OSM:classe,1,40
-7.461299,-64.233923,80,OSM:classe,1,60
-7.461233,-64.540659,80,OSM:classe,1,60
-7.461125,-64.545193,80,OSM:classe,1,60
-7.461017,-64.549726,80,OSM:classe,1,60
-7.460938,-64.229448,80,OSM:classe,1,60
-7.460909,-64.554260,80,OSM:classe,1,60
-7.460859,-64.576902,80,OSM:classe,1,60
-7.460801,-64.558794,80,OSM:classe,1,60
-7.460693,-64.563327,80,OSM:classe,1,60
-7.460585,-64.567861,80,OSM:classe,1,60
-7.460509,-64.623768,80,OSM:classe,1,60
-7.460477,-64.572395,80,OSM:classe,1,60
-7.460400,-60.610638,60,OSM:classe,1,40
-7.459259,-60.486516,60,OSM,0,
-7.458890,-60.481864,60,OSM,0,
-7.458874,-60.485139,60,OSM,0,
-7.458554,-64.627852,80,OSM:classe,1,60
-7.458526,-60.480616,60,OSM,0,
-7.458022,-69.990405,60,OSM:classe,1,40
-7.457778,-72.580721,50,OSM,0,
-7.457606,-63.230630,80,OSM,0,
-7.457183,-72.580302,50,OSM,0,
-7.456598,-64.631935,80,OSM:classe,1,60
-7.455979,-60.611470,60,OSM:classe,1,40
-7.455220,-72.579669,50,OSM,0,
-7.454971,-69.993736,60,OSM:classe,1,40
-7.454643,-64.636019,80,OSM:classe,1,60
-7.454205,-64.661020,80,OSM:classe,1,60
-7.453877,-64.656497,80,OSM:classe,1,60
-7.453549,-64.651974,80,OSM:classe,1,60
-7.453289,-72.578559,50,OSM,0,
-7.453220,-64.647452,80,OSM:classe,1,60
-7.453192,-64.665357,80,OSM:classe,1,60
-7.453086,-64.645603,80,OSM:classe,1,60
-7.453027,-64.644729,80,OSM:classe,1,60
-7.453022,-64.640220,80,OSM:classe,1,60
-7.452722,-60.470419,60,OSM,0,
-7.452401,-72.555706,50,OSM,0,
-7.452231,-72.553657,50,OSM,0,
-7.452158,-69.997270,60,OSM:classe,1,40
-7.451880,-72.556908,50,OSM,0,
-7.451849,-70.028166,60,OSM:classe,1,40
-7.451693,-60.612234,60,OSM:classe,1,40
-7.451358,-72.558121,50,OSM,0,
-7.451316,-72.557284,50,OSM,0,
-7.451060,-72.552681,50,OSM,0,
-7.451028,-72.578103,50,OSM,0,
-7.450907,-64.669263,80,OSM:classe,1,60
-7.450667,-72.563646,50,OSM,0,
-7.450401,-72.560105,50,OSM,0,
-7.450390,-72.564654,50,OSM,0,
-7.450220,-72.561790,50,OSM,0,
-7.450007,-72.577486,50,OSM,0,
-7.449731,-72.568549,50,OSM,0,
-7.449507,-72.566146,50,OSM,0,
-7.449486,-72.568753,50,OSM,0,
-7.449481,-72.577738,50,OSM,0,
-7.449422,-70.000869,60,OSM:classe,1,40
-7.448890,-72.552112,50,OSM,0,
-7.448709,-72.578639,50,OSM,0,
-7.448622,-64.673168,80,OSM:classe,1,60
-7.448449,-72.551345,50,OSM,0,
-7.447553,-70.029151,60,OSM:classe,1,40
-7.447459,-72.579149,50,OSM,0,
-7.447412,-72.568796,50,OSM,0,
-7.447371,-60.611044,60,OSM:classe,1,40
-7.446999,-70.004688,60,OSM:classe,1,40
-7.446917,-60.460223,60,OSM,0,
-7.446337,-64.677074,80,OSM:classe,1,60
-7.446215,-72.569160,50,OSM,0,
-7.446034,-63.226315,80,OSM,0,
-7.445390,-72.579471,50,OSM,0,
-7.445119,-72.579326,50,OSM,0,
-7.444896,-60.452513,60,OSM,0,
-7.444586,-70.008515,60,OSM:classe,1,40
-7.444364,-72.571387,50,OSM,0,
-7.444204,-72.578575,50,OSM,0,
-7.444052,-64.680980,80,OSM:classe,1,60
-7.443369,-72.577481,50,OSM,0,
-7.443135,-70.028975,60,OSM:classe,1,40
-7.442981,-60.610063,60,OSM:classe,1,40
-7.442603,-72.575142,50,OSM,0,
-7.442566,-72.572326,50,OSM,0,
-7.442173,-70.012341,60,OSM:classe,1,40
-7.441767,-64.684885,80,OSM:classe,1,60
-7.441683,-72.574337,50,OSM,0,
-7.440899,-60.442377,60,OSM,0,
-7.440234,-70.015547,60,OSM:classe,1,40
-7.439732,-70.016148,60,OSM:classe,1,40
-7.439622,-70.029407,60,OSM:classe,1,40
-7.439509,-60.431087,60,OSM,0,
-7.439482,-64.688791,80,OSM:classe,1,60
-7.439061,-70.029192,60,OSM:classe,1,40
-7.438994,-60.429283,60,OSM,0,
-7.438590,-60.609082,60,OSM:classe,1,40
-7.437789,-70.018749,60,OSM:classe,1,40
-7.437197,-64.692697,80,OSM:classe,1,60
-7.435527,-70.025630,60,OSM:classe,1,40
-7.435272,-70.021397,60,OSM:classe,1,40
-7.434912,-64.696602,80,OSM:classe,1,60
-7.434857,-70.027583,60,OSM:classe,1,40
-7.434620,-70.022864,60,OSM:classe,1,40
-7.434462,-63.221999,80,OSM,0,
-7.434254,-60.421242,60,OSM,0,
-7.434200,-60.608101,60,OSM:classe,1,40
-7.434009,-70.024426,60,OSM:classe,1,40
-7.433750,-70.025102,60,OSM:classe,1,40
-7.433687,-70.025080,60,OSM:classe,1,40
-7.432627,-64.700508,80,OSM:classe,1,60
-7.432010,-72.585905,50,OSM,0,
-7.431901,-72.584135,50,OSM,0,
-7.431741,-72.586528,50,OSM,0,
-7.431278,-72.590100,50,OSM,0,
-7.430343,-64.704413,80,OSM:classe,1,60
-7.429861,-72.602976,50,OSM,0,
-7.429810,-60.607120,60,OSM:classe,1,40
-7.429513,-60.413201,60,OSM,0,
-7.428853,-60.412421,60,OSM,0,
-7.428624,-72.583360,50,OSM,0,
-7.428443,-72.615852,50,OSM,0,
-7.428058,-64.708319,80,OSM:classe,1,60
-7.427521,-72.623200,50,OSM,0,
-7.426600,-72.630548,50,OSM,0,
-7.426384,-72.634078,50,OSM,0,
-7.426343,-60.410877,60,OSM,0,
-7.425920,-72.637165,40,OSM,0,
-7.425773,-64.712225,80,OSM:classe,1,60
-7.425737,-72.636763,40,OSM,0,
-7.425432,-72.640883,50,OSM,0,
-7.425420,-60.606139,60,OSM:classe,1,40
-7.425282,-72.636602,40,OSM,0,
-7.423488,-64.716130,80,OSM:classe,1,60
-7.423357,-60.408317,60,OSM,0,
-7.422890,-63.217684,80,OSM,0,
-7.422503,-60.406470,60,OSM,0,
-7.421811,-60.405798,60,OSM,0,
-7.421203,-64.720036,80,OSM:classe,1,60
-7.421107,-60.398207,60,OSM,0,
-7.421002,-60.605339,60,OSM:classe,1,40
-7.418918,-64.723942,80,OSM:classe,1,60
-7.416633,-64.727847,80,OSM:classe,1,60
-7.416580,-60.606109,60,OSM:classe,1,40
-7.415604,-60.387304,60,OSM,0,
-7.414546,-60.386277,60,OSM,0,
-7.414348,-64.731753,80,OSM:classe,1,60
-7.413875,-72.641339,50,OSM,0,
-7.413232,-72.646089,50,OSM,0,
-7.412161,-60.606948,60,OSM:classe,1,40
-7.411548,-60.384959,60,OSM,0,
-7.411318,-63.213369,80,OSM,0,
-7.411271,-64.734928,80,OSM:classe,1,60
-7.407746,-60.607811,60,OSM:classe,1,40
-7.406844,-64.735617,80,OSM:classe,1,60
-7.405715,-60.378736,60,OSM,0,
-7.403344,-60.608736,60,OSM:classe,1,40
-7.402356,-64.735896,80,OSM:classe,1,60
-7.400906,-60.377295,60,OSM,0,
-7.399747,-63.209053,80,OSM,0,
-7.398942,-60.609661,60,OSM:classe,1,40
-7.397868,-64.736175,80,OSM:classe,1,60
-7.396264,-60.371957,60,OSM,0,
-7.394540,-60.610585,60,OSM:classe,1,40
-7.393380,-64.736454,80,OSM:classe,1,60
-7.391775,-60.360524,60,OSM,0,
-7.391623,-60.366619,60,OSM,0,
-7.391450,-60.359752,60,OSM,0,
-7.391392,-60.365719,60,OSM,0,
-7.390956,-60.341553,60,OSM,0,
-7.390849,-60.342943,60,OSM,0,
-7.390138,-60.611510,60,OSM:classe,1,40
-7.388892,-64.736734,80,OSM:classe,1,60
-7.388641,-60.356437,60,OSM,0,
-7.388175,-63.204738,80,OSM,0,
-7.387992,-60.334865,60,OSM,0,
-7.387917,-60.347922,60,OSM,0,
-7.387557,-60.349407,60,OSM,0,
-7.385736,-60.612435,60,OSM:classe,1,40
-7.385028,-60.328176,60,OSM,0,
-7.384404,-64.737013,80,OSM:classe,1,60
-7.383753,-60.320058,60,OSM,0,
-7.382477,-60.311939,60,OSM,0,
-7.382076,-60.310873,60,OSM,0,
-7.381329,-60.613328,60,OSM:classe,1,40
-7.381140,-72.636366,50,OSM,0,
-7.380955,-60.309501,60,OSM,0,
-7.380752,-72.639963,50,OSM,0,
-7.380587,-72.638458,50,OSM,0,
-7.380336,-64.737279,60,OSM:classe,1,50
-7.379108,-72.631592,50,OSM,0,
-7.379066,-72.630650,50,OSM,0,
-7.378895,-72.625519,50,OSM,0,
-7.378815,-72.626855,50,OSM,0,
-7.378708,-63.201175,80,OSM,0,
-7.378161,-72.625219,50,OSM,0,
-7.378110,-60.307437,60,OSM,0,
-7.377783,-72.630862,50,OSM,0,
-7.377329,-73.056068,60,OSM:classe,1,40
-7.376938,-72.630615,50,OSM,0,
-7.376841,-60.613527,60,OSM:classe,1,40
-7.376395,-72.623513,50,OSM,0,
-7.375980,-72.629043,50,OSM,0,
-7.375849,-64.737572,60,OSM:classe,1,50
-7.375661,-60.303961,60,OSM,0,
-7.374841,-72.622681,50,OSM,0,
-7.374613,-72.627665,50,OSM,0,
-7.373238,-72.622196,50,OSM,0,
-7.372979,-73.057214,60,OSM:classe,1,40
-7.372846,-60.302453,60,OSM,0,
-7.372345,-60.613477,60,OSM:classe,1,40
-7.371752,-60.301105,60,OSM,0,
-7.371362,-64.737865,60,OSM:classe,1,50
-7.369241,-63.197613,80,OSM,0,
-7.368793,-60.291831,60,OSM,0,
-7.368628,-73.058360,60,OSM:classe,1,40
-7.367848,-60.613426,60,OSM:classe,1,40
-7.366875,-64.738159,60,OSM:classe,1,50
-7.365834,-60.282557,60,OSM,0,
-7.365830,-60.280124,60,OSM,0,
-7.365392,-60.278571,60,OSM,0,
-7.364212,-73.058995,60,OSM:classe,1,40
-7.363352,-60.613376,60,OSM:classe,1,40
-7.362388,-64.738452,60,OSM:classe,1,50
-7.361901,-60.271636,60,OSM,0,
-7.359780,-73.058253,60,OSM:classe,1,40
-7.359774,-63.194050,80,OSM,0,
-7.358856,-60.613326,60,OSM:classe,1,40
-7.358410,-60.264702,60,OSM,0,
-7.357900,-64.738745,60,OSM:classe,1,50
-7.355312,-73.057810,60,OSM:classe,1,40
-7.354359,-60.613275,60,OSM:classe,1,40
-7.353434,-60.259688,60,OSM,0,
-7.353413,-64.739039,60,OSM:classe,1,50
-7.350863,-73.057147,60,OSM:classe,1,40
-7.349863,-60.613225,60,OSM:classe,1,40
-7.348929,-64.739358,60,OSM:classe,1,50
-7.348458,-60.254674,60,OSM,0,
-7.347325,-63.189366,80,OSM,0,
-7.346415,-73.056485,60,OSM:classe,1,40
-7.345598,-60.250882,60,OSM,0,
-7.345367,-60.613175,60,OSM:classe,1,40
-7.345120,-60.249722,60,OSM,0,
-7.344655,-64.740643,60,OSM:classe,1,50
-7.344260,-60.244494,60,OSM,0,
-7.341967,-73.055822,60,OSM:classe,1,40
-7.341705,-60.240742,60,OSM,0,
-7.340870,-60.613125,60,OSM:classe,1,40
-7.340659,-64.742722,60,OSM:classe,1,50
-7.338872,-60.228614,60,OSM,0,
-7.337588,-60.227505,60,OSM,0,
-7.337518,-73.055160,60,OSM:classe,1,40
-7.336663,-64.744801,60,OSM:classe,1,50
-7.336415,-60.613670,60,OSM:classe,1,40
-7.334876,-63.184681,80,OSM,0,
-7.333070,-73.054498,60,OSM:classe,1,40
-7.332667,-64.746880,60,OSM:classe,1,50
-7.331968,-60.614342,60,OSM:classe,1,40
-7.328671,-64.748959,60,OSM:classe,1,50
-7.328622,-73.053835,60,OSM:classe,1,40
-7.327521,-60.615015,60,OSM:classe,1,40
-7.326304,-60.220511,60,OSM,0,
-7.325359,-60.219584,60,OSM,0,
-7.324675,-64.751038,60,OSM:classe,1,50
-7.324618,-73.055351,60,OSM:classe,1,40
-7.323074,-60.615687,60,OSM:classe,1,40
-7.322427,-63.179997,80,OSM,0,
-7.321677,-73.058719,60,OSM:classe,1,40
-7.320679,-64.753117,60,OSM:classe,1,50
-7.320626,-60.209811,60,OSM,0,
-7.318627,-60.616359,60,OSM:classe,1,40
-7.317457,-73.060194,60,OSM:classe,1,40
-7.316683,-64.755196,60,OSM:classe,1,50
-7.315893,-60.200037,60,OSM,0,
-7.314180,-60.617031,60,OSM:classe,1,40
-7.313102,-73.061322,60,OSM:classe,1,40
-7.312688,-64.757275,60,OSM:classe,1,50
-7.311161,-60.190263,60,OSM,0,
-7.310743,-60.165805,60,OSM,0,
-7.310642,-60.164500,60,OSM,0,
-7.309977,-63.175313,80,OSM,0,
-7.309733,-60.617704,60,OSM:classe,1,40
-7.309659,-60.173458,60,OSM,0,
-7.308747,-73.062450,60,OSM:classe,1,40
-7.308692,-64.759354,60,OSM:classe,1,50
-7.308576,-60.181111,60,OSM,0,
-7.307327,-60.155847,60,OSM,0,
-7.305286,-60.618376,60,OSM:classe,1,40
-7.304973,-73.064858,60,OSM:classe,1,40
-7.304696,-64.761433,60,OSM:classe,1,50
-7.304013,-60.147194,60,OSM,0,
-7.301678,-73.067942,60,OSM:classe,1,40
-7.300838,-60.619031,60,OSM:classe,1,40
-7.300821,-60.133626,60,OSM,0,
-7.300700,-64.763512,60,OSM:classe,1,50
-7.300699,-60.138541,60,OSM,0,
-7.300648,-60.133010,60,OSM,0,
-7.300526,-60.137002,60,OSM,0,
-7.297937,-73.070396,60,OSM:classe,1,40
-7.297528,-63.170629,80,OSM,0,
-7.296704,-64.765591,60,OSM:classe,1,50
-7.296358,-60.619425,60,OSM:classe,1,40
-7.295143,-60.122332,60,OSM,0,
-7.293755,-60.110380,60,OSM,0,
-7.293725,-73.071983,60,OSM:classe,1,40
-7.292708,-64.767670,60,OSM:classe,1,50
-7.292367,-60.098428,60,OSM,0,
-7.291878,-60.619819,60,OSM:classe,1,40
-7.290979,-60.086476,60,OSM,0,
-7.289513,-73.073570,60,OSM:classe,1,40
-7.288799,-64.769871,60,OSM:classe,1,50
-7.287399,-60.620212,60,OSM:classe,1,40
-7.287357,-60.078658,60,OSM,0,
-7.285554,-64.773010,60,OSM:classe,1,50
-7.285301,-73.075156,60,OSM:classe,1,40
-7.285079,-63.165945,80,OSM,0,
-7.283735,-60.070840,60,OSM,0,
-7.282947,-60.620770,60,OSM:classe,1,40
-7.282481,-64.776319,60,OSM:classe,1,50
-7.281982,-60.061568,60,OSM,0,
-7.281089,-73.076743,60,OSM:classe,1,40
-7.280773,-59.495951,60,OSM:classe,1,40
-7.279413,-64.779633,60,OSM:classe,1,50
-7.279274,-59.950219,60,OSM:classe,1,40
-7.278923,-60.056944,60,OSM,0,
-7.278665,-60.056555,60,OSM,0,
-7.278592,-60.621900,60,OSM:classe,1,40
-7.277085,-59.497565,60,OSM:classe,1,40
-7.276876,-73.078329,60,OSM:classe,1,40
-7.276864,-59.953519,60,OSM:classe,1,40
-7.276601,-59.946940,60,OSM:classe,1,40
-7.276568,-59.937920,60,OSM:classe,1,40
-7.276346,-64.782948,60,OSM:classe,1,50
-7.276345,-59.942414,60,OSM:classe,1,40
-7.275866,-60.052692,60,OSM,0,
-7.274238,-60.623030,60,OSM:classe,1,40
-7.273747,-59.500389,60,OSM:classe,1,40
-7.273301,-59.956281,60,OSM:classe,1,40
-7.273278,-64.786262,60,OSM:classe,1,50
-7.272664,-73.079916,60,OSM:classe,1,40
-7.272629,-63.161261,80,OSM,0,
-7.270881,-59.959865,60,OSM:classe,1,40
-7.270211,-64.789577,60,OSM:classe,1,50
-7.269883,-60.624161,60,OSM:classe,1,40
-7.269686,-59.501949,60,OSM:classe,1,40
-7.268777,-64.791141,60,OSM:classe,1,50
-7.268713,-59.963544,60,OSM:classe,1,40
-7.268452,-73.081503,60,OSM:classe,1,40
-7.268076,-60.044713,60,OSM,0,
-7.265726,-64.794471,60,OSM:classe,1,50
-7.265528,-60.625291,60,OSM:classe,1,40
-7.265463,-59.501417,60,OSM:classe,1,40
-7.265176,-59.966334,60,OSM:classe,1,40
-7.264240,-73.083089,60,OSM:classe,1,40
-7.263759,-64.796553,60,OSM:classe,1,50
-7.263615,-59.967687,60,OSM:classe,1,40
-7.262400,-64.791421,60,OSM:classe,1,40
-7.261763,-64.798731,60,OSM:classe,1,40
-7.261318,-60.626818,60,OSM:classe,1,40
-7.261225,-59.500614,60,OSM:classe,1,40
-7.261128,-64.798141,60,OSM:classe,1,40
-7.260625,-64.779599,60,OSM:classe,1,40
-7.260287,-60.036733,60,OSM,0,
-7.260180,-63.156576,80,OSM,0,
-7.260028,-73.084676,60,OSM:classe,1,40
-7.259912,-59.970211,60,OSM:classe,1,40
-7.259291,-64.775300,60,OSM:classe,1,40
-7.259074,-64.788370,60,OSM:classe,1,40
-7.258724,-64.773298,60,OSM:classe,1,40
-7.258257,-64.795057,60,OSM:classe,1,40
-7.257942,-64.783236,60,OSM:classe,1,40
-7.257510,-64.768934,60,OSM:classe,1,40
-7.257265,-60.628782,60,OSM:classe,1,40
-7.257065,-59.502018,60,OSM:classe,1,40
-7.256718,-64.784896,60,OSM:classe,1,40
-7.256692,-64.764501,60,OSM:classe,1,40
-7.256524,-64.761982,60,OSM:classe,1,40
-7.256211,-59.972755,60,OSM:classe,1,40
-7.256100,-64.785642,60,OSM:classe,1,40
-7.255816,-73.086263,60,OSM:classe,1,40
-7.255222,-64.791716,60,OSM:classe,1,40
-7.253909,-64.788435,60,OSM:classe,1,40
-7.253212,-60.630745,60,OSM:classe,1,40
-7.252975,-59.503753,60,OSM:classe,1,40
-7.252940,-64.789655,60,OSM:classe,1,40
-7.252661,-59.975537,60,OSM:classe,1,40
-7.252498,-60.028754,60,OSM,0,
-7.252497,-64.789183,60,OSM:classe,1,40
-7.251603,-73.087849,60,OSM:classe,1,40
-7.249227,-59.978462,60,OSM:classe,1,40
-7.249159,-60.632709,60,OSM:classe,1,40
-7.248653,-59.505002,60,OSM:classe,1,40
-7.247731,-63.151892,80,OSM,0,
-7.247391,-73.089436,60,OSM:classe,1,40
-7.245549,-59.981050,60,OSM:classe,1,40
-7.245210,-60.634849,60,OSM:classe,1,40
-7.244709,-60.020774,60,OSM,0,
-7.244376,-59.506176,60,OSM:classe,1,40
-7.243701,-60.019858,60,OSM,0,
-7.243179,-73.091022,60,OSM:classe,1,40
-7.241933,-60.637943,60,OSM:classe,1,40
-7.241685,-59.983366,60,OSM:classe,1,40
-7.240660,-59.507509,60,OSM:classe,1,40
-7.239367,-73.093388,60,OSM:classe,1,40
-7.238916,-60.641287,60,OSM:classe,1,40
-7.237715,-59.985493,60,OSM:classe,1,40
-7.236825,-59.508478,60,OSM:classe,1,40
-7.236333,-60.014575,60,OSM,0,
-7.235735,-60.644490,60,OSM:classe,1,40
-7.235650,-73.095939,60,OSM:classe,1,40
-7.235282,-63.147208,80,OSM,0,
-7.234562,-59.957901,60,OSM,0,
-7.234501,-59.958533,60,OSM,0,
-7.234393,-59.986841,60,OSM,0,
-7.234165,-59.988391,60,OSM,0,
-7.233809,-59.984666,60,OSM,0,
-7.233239,-59.950950,60,OSM,0,
-7.232581,-59.508660,60,OSM:classe,1,40
-7.232555,-60.647695,60,OSM:classe,1,40
-7.232140,-59.993008,60,OSM,0,
-7.232019,-59.949419,60,OSM,0,
-7.231934,-73.098491,60,OSM:classe,1,40
-7.231509,-59.966036,60,OSM,0,
-7.231423,-60.002295,60,OSM,0,
-7.231283,-59.981720,60,OSM,0,
-7.231051,-59.997368,60,OSM,0,
-7.231039,-59.981398,60,OSM,0,
-7.229741,-60.650219,60,OSM:classe,1,40
-7.228567,-59.978501,60,OSM,0,
-7.228516,-59.973539,60,OSM,0,
-7.228217,-73.101042,60,OSM:classe,1,40
-7.228156,-59.509233,60,OSM:classe,1,40
-7.227885,-59.977207,60,OSM,0,
-7.227763,-59.976324,60,OSM,0,
-7.225483,-59.943092,60,OSM,0,
-7.224500,-73.103593,60,OSM:classe,1,40
-7.223966,-59.510877,60,OSM:classe,1,40
-7.222832,-63.142524,80,OSM,0,
-7.220276,-73.105080,60,OSM:classe,1,40
-7.220078,-59.935437,60,OSM,0,
-7.219881,-59.512772,60,OSM:classe,1,40
-7.218019,-59.933221,60,OSM,0,
-7.216981,-59.921510,60,OSM,0,
-7.216680,-59.922392,60,OSM,0,
-7.215968,-59.514994,60,OSM:classe,1,40
-7.215954,-59.922626,60,OSM,0,
-7.215942,-59.917217,60,OSM,0,
-7.215922,-73.106212,60,OSM:classe,1,40
-7.215214,-59.911496,60,OSM,0,
-7.214851,-59.931866,60,OSM,0,
-7.213792,-59.931211,60,OSM,0,
-7.212289,-59.922217,60,OSM,0,
-7.211906,-59.516886,60,OSM:classe,1,40
-7.211858,-59.922164,60,OSM,0,
-7.211567,-73.107344,60,OSM:classe,1,40
-7.211329,-59.922216,60,OSM,0,
-7.210903,-59.922635,60,OSM,0,
-7.210744,-59.924561,60,OSM,0,
-7.210383,-63.137840,80,OSM,0,
-7.209080,-59.900845,60,OSM,0,
-7.208078,-59.515349,60,OSM:classe,1,40
-7.207773,-59.515440,60,OSM:classe,1,40
-7.207403,-59.515662,60,OSM:classe,1,40
-7.207213,-73.108477,60,OSM:classe,1,40
-7.203718,-59.518032,60,OSM:classe,1,40
-7.203332,-59.895264,60,OSM,0,
-7.202859,-73.109609,60,OSM:classe,1,40
-7.202536,-59.894594,60,OSM,0,
-7.200364,-59.892550,60,OSM,0,
-7.199689,-59.891847,60,OSM:classe,1,40
-7.199298,-59.518689,60,OSM:classe,1,40
-7.198827,-59.891197,60,OSM,0,
-7.198505,-73.110741,60,OSM:classe,1,40
-7.197934,-63.133156,80,OSM,0,
-7.197102,-59.889348,60,OSM,0,
-7.196930,-59.889342,60,OSM,0,
-7.196085,-59.894557,60,OSM:classe,1,40
-7.195097,-59.517689,60,OSM:classe,1,40
-7.194829,-59.895501,60,OSM:classe,1,40
-7.194095,-73.111571,60,OSM:classe,1,40
-7.194038,-59.884879,60,OSM,0,
-7.193884,-59.896197,60,OSM:classe,1,40
-7.193007,-59.883021,60,OSM:classe,1,50
-7.191819,-59.881400,60,OSM,0,
-7.191405,-59.880478,60,OSM,0,
-7.191316,-59.880540,60,OSM,0,
-7.191308,-59.880394,60,OSM,0,
-7.190625,-59.517910,60,OSM:classe,1,40
-7.190254,-59.898872,60,OSM:classe,1,40
-7.189629,-73.112095,60,OSM:classe,1,40
-7.189195,-59.885425,60,OSM:classe,1,50
-7.188606,-59.885796,60,OSM:classe,1,50
-7.188554,-59.873981,60,OSM,0,
-7.186938,-59.901871,60,OSM:classe,1,40
-7.186214,-59.518428,60,OSM:classe,1,40
-7.185485,-63.128472,80,OSM,0,
-7.185156,-73.112550,60,OSM:classe,1,40
-7.184649,-59.887947,60,OSM:classe,1,50
-7.184172,-59.905440,60,OSM:classe,1,40
-7.184046,-59.862445,60,OSM,0,
-7.183615,-59.861431,60,OSM:classe,1,40
-7.183547,-59.888546,60,OSM:classe,1,50
-7.181717,-59.518420,60,OSM:classe,1,40
-7.181113,-59.891712,60,OSM:classe,1,50
-7.180808,-59.908448,60,OSM:classe,1,40
-7.180735,-59.908520,60,OSM:classe,1,40
-7.180675,-73.112933,60,OSM:classe,1,40
-7.180533,-59.908754,60,OSM:classe,1,40
-7.179171,-59.862118,60,OSM:classe,1,40
-7.178978,-59.891695,60,OSM:classe,1,50
-7.178888,-59.849891,60,OSM,0,
-7.178859,-59.891792,80,OSM:classe,1,60
-7.177578,-59.912170,60,OSM:classe,1,40
-7.177221,-59.518411,60,OSM:classe,1,40
-7.176210,-73.113440,60,OSM:classe,1,40
-7.175612,-59.894928,80,OSM:classe,1,60
-7.174726,-59.862804,60,OSM:classe,1,40
-7.173731,-59.837337,60,OSM,0,
-7.173687,-59.914362,60,OSM:classe,1,40
-7.173035,-63.123787,80,OSM,0,
-7.173031,-59.519686,60,OSM:classe,1,40
-7.171972,-73.114816,60,OSM:classe,1,40
-7.171610,-59.896879,80,OSM:classe,1,60
-7.170467,-59.523068,60,OSM:classe,1,40
-7.170298,-59.863584,60,OSM:classe,1,40
-7.170144,-59.828230,60,OSM,0,
-7.169527,-59.915762,60,OSM:classe,1,40
-7.168051,-73.116950,60,OSM:classe,1,40
-7.167784,-59.898753,80,OSM:classe,1,60
-7.167548,-59.526482,60,OSM:classe,1,40
-7.166648,-59.919206,60,OSM:classe,1,40
-7.165896,-59.864511,60,OSM:classe,1,40
-7.165557,-59.822765,60,OSM,0,
-7.165207,-73.120461,60,OSM:classe,1,40
-7.164186,-59.529364,60,OSM:classe,1,40
-7.163484,-59.899829,80,OSM:classe,1,60
-7.163243,-59.922167,60,OSM:classe,1,40
-7.161743,-73.123127,60,OSM:classe,1,40
-7.161495,-59.865439,60,OSM:classe,1,40
-7.161286,-59.532814,60,OSM:classe,1,40
-7.160969,-59.817301,60,OSM,0,
-7.160586,-63.119103,80,OSM,0,
-7.160037,-59.810973,60,OSM,0,
-7.159565,-59.803928,60,OSM,0,
-7.159559,-59.924727,60,OSM:classe,1,40
-7.159527,-59.899291,80,OSM:classe,1,60
-7.158544,-59.536406,60,OSM:classe,1,40
-7.157093,-59.866366,60,OSM:classe,1,40
-7.156247,-59.896223,80,OSM:classe,1,60
-7.156193,-59.797057,60,OSM,0,
-7.156020,-59.540105,60,OSM:classe,1,40
-7.155855,-63.118310,80,OSM,0,
-7.155071,-59.924780,60,OSM:classe,1,40
-7.153585,-59.543874,60,OSM:classe,1,40
-7.153485,-59.794086,60,OSM,0,
-7.153102,-59.894301,80,OSM:classe,1,60
-7.153014,-59.897917,80,OSM:classe,1,60
-7.152692,-59.867293,60,OSM:classe,1,40
-7.151461,-59.547828,60,OSM:classe,1,40
-7.150575,-59.924761,60,OSM:classe,1,40
-7.150514,-59.552219,60,OSM:classe,1,40
-7.149376,-59.556586,60,OSM:classe,1,40
-7.148990,-59.899581,80,OSM:classe,1,60
-7.148280,-59.868167,60,OSM:classe,1,40
-7.147201,-59.787939,60,OSM,0,
-7.147128,-59.560511,60,OSM:classe,1,40
-7.146084,-59.924569,60,OSM:classe,1,40
-7.144855,-59.899849,80,OSM:classe,1,60
-7.144666,-59.564302,60,OSM:classe,1,40
-7.144050,-63.116940,80,OSM,0,
-7.143848,-59.868930,60,OSM:classe,1,40
-7.141996,-59.567947,60,OSM:classe,1,40
-7.141591,-59.924429,60,OSM:classe,1,40
-7.140404,-59.899801,80,OSM:classe,1,60
-7.139416,-59.869693,60,OSM:classe,1,40
-7.139089,-59.571404,60,OSM:classe,1,40
-7.138165,-59.782832,60,OSM,0,
-7.137095,-59.924361,60,OSM:classe,1,40
-7.136428,-59.574968,60,OSM:classe,1,40
-7.135982,-59.899877,80,OSM:classe,1,60
-7.134983,-59.870456,60,OSM:classe,1,40
-7.133373,-59.578147,60,OSM:classe,1,40
-7.132599,-59.924292,60,OSM:classe,1,40
-7.132246,-63.115570,80,OSM,0,
-7.131486,-59.899979,80,OSM:classe,1,60
-7.130819,-59.581689,60,OSM:classe,1,40
-7.130523,-59.870842,60,OSM:classe,1,40
-7.129129,-59.777725,60,OSM,0,
-7.128141,-59.924189,60,OSM:classe,1,40
-7.128126,-59.776611,60,OSM,0,
-7.127914,-59.898512,80,OSM:classe,1,60
-7.127606,-59.867687,60,OSM:classe,1,40
-7.127377,-59.584553,60,OSM:classe,1,40
-7.124697,-59.870601,60,OSM:classe,1,40
-7.124276,-59.900398,80,OSM:classe,1,60
-7.124023,-59.925787,60,OSM:classe,1,40
-7.123822,-59.587327,60,OSM:classe,1,40
-7.122624,-59.768502,60,OSM,0,
-7.120442,-63.114199,80,OSM,0,
-7.120414,-59.871751,60,OSM:classe,1,40
-7.120208,-59.590022,60,OSM:classe,1,40
-7.120165,-59.928102,60,OSM:classe,1,40
-7.119789,-59.900675,80,OSM:classe,1,60
-7.117122,-59.760394,60,OSM,0,
-7.116521,-59.592615,60,OSM:classe,1,40
-7.115933,-59.872123,60,OSM:classe,1,40
-7.115800,-59.928745,60,OSM:classe,1,40
-7.115335,-59.901038,80,OSM:classe,1,60
-7.114978,-59.753859,60,OSM,0,
-7.114343,-59.750334,60,OSM,0,
-7.113722,-59.743884,60,OSM,0,
-7.113471,-59.743106,60,OSM,0,
-7.112833,-59.595209,60,OSM:classe,1,40
-7.111835,-59.739765,60,OSM,0,
-7.111500,-59.872880,60,OSM:classe,1,40
-7.111340,-59.929319,60,OSM:classe,1,40
-7.110889,-59.901388,80,OSM:classe,1,60
-7.109146,-59.597803,60,OSM:classe,1,40
-7.109018,-59.597886,60,OSM:classe,1,40
-7.108953,-59.737977,60,OSM,0,
-7.108656,-59.737590,60,OSM,0,
-7.108638,-63.112829,80,OSM,0,
-7.107565,-59.722839,60,OSM,0,
-7.107293,-59.715649,60,OSM,0,
-7.107066,-59.873638,60,OSM:classe,1,40
-7.107016,-59.714110,60,OSM,0,
-7.106879,-59.929883,60,OSM:classe,1,40
-7.106571,-59.901376,80,OSM:classe,1,60
-7.106535,-59.730805,60,OSM,0,
-7.106469,-59.697584,60,OSM,0,
-7.106365,-59.729162,60,OSM,0,
-7.105861,-59.600303,60,OSM:classe,1,40
-7.105092,-59.694270,60,OSM,0,
-7.105050,-59.711300,60,OSM,0,
-7.104800,-59.710966,60,OSM,0,
-7.104390,-59.604210,60,OSM:classe,1,40
-7.104226,-59.710174,60,OSM,0,
-7.103908,-59.709165,60,OSM,0,
-7.103780,-59.691886,60,OSM,0,
-7.103214,-59.690912,60,OSM,0,
-7.102604,-59.874186,60,OSM:classe,1,40
-7.102410,-59.930186,60,OSM:classe,1,40
-7.102161,-59.901392,80,OSM:classe,1,60
-7.100901,-59.606284,60,OSM:classe,1,40
-7.098124,-59.873822,60,OSM:classe,1,40
-7.097991,-59.931022,60,OSM:classe,1,40
-7.097967,-59.902385,80,OSM:classe,1,60
-7.097922,-59.681223,60,OSM,0,
-7.096994,-59.608027,60,OSM:classe,1,40
-7.096834,-63.111459,80,OSM,0,
-7.093795,-59.611170,60,OSM:classe,1,40
-7.093649,-59.873593,60,OSM:classe,1,40
-7.093571,-59.931857,60,OSM:classe,1,40
-7.093556,-59.902800,80,OSM:classe,1,60
-7.093344,-59.932085,60,OSM:classe,1,40
-7.092629,-59.671534,60,OSM,0,
-7.091989,-59.668703,60,OSM,0,
-7.091363,-59.614955,60,OSM:classe,1,40
-7.089896,-59.656456,60,OSM,0,
-7.089718,-59.934356,60,OSM:classe,1,40
-7.089483,-59.947215,60,OSM:classe,1,40
-7.089401,-59.951697,60,OSM:classe,1,40
-7.089374,-59.872187,60,OSM:classe,1,40
-7.089131,-59.932574,60,OSM:classe,1,40
-7.089074,-59.942809,60,OSM:classe,1,40
-7.089062,-59.902946,80,OSM:classe,1,60
-7.088643,-59.938330,60,OSM:classe,1,40
-7.088061,-59.613411,60,OSM,0,
-7.087929,-59.617787,60,OSM:classe,1,40
-7.087925,-59.614118,60,OSM,0,
-7.087804,-59.644209,60,OSM,0,
-7.087769,-59.643986,60,OSM,0,
-7.087609,-59.614538,60,OSM,0,
-7.087434,-59.612300,60,OSM,0,
-7.086022,-59.953525,60,OSM:classe,1,40
-7.085883,-59.631986,60,OSM,0,
-7.085216,-59.870855,60,OSM:classe,1,40
-7.085030,-63.110089,80,OSM,0,
-7.084699,-63.110050,60,OSM,0,
-7.084691,-59.933290,60,OSM:classe,1,40
-7.084569,-59.903130,80,OSM:classe,1,60
-7.084408,-59.617684,60,OSM,0,
-7.084383,-59.608984,60,OSM,0,
-7.084341,-59.603472,60,OSM,0,
-7.084209,-59.608068,60,OSM,0,
-7.084166,-59.601970,60,OSM,0,
-7.084046,-59.618567,60,OSM,0,
-7.083998,-59.619987,60,OSM,0,
-7.081912,-59.596904,60,OSM:classe,1,40
-7.081565,-59.953405,60,OSM:classe,1,40
-7.081494,-59.903678,80,OSM:classe,1,60
-7.081407,-59.903666,80,OSM:classe,1,60
-7.081066,-59.869720,60,OSM:classe,1,40
-7.080252,-59.934013,60,OSM:classe,1,40
-7.078773,-59.590222,60,OSM,0,
-7.077972,-59.599006,60,OSM:classe,1,40
-7.077395,-59.955100,60,OSM:classe,1,40
-7.077001,-59.903075,80,OSM:classe,1,60
-7.076697,-59.868649,60,OSM:classe,1,40
-7.075843,-59.934900,60,OSM:classe,1,40
-7.074003,-59.601135,60,OSM:classe,1,40
-7.073339,-59.957013,60,OSM:classe,1,40
-7.072707,-59.903573,80,OSM:classe,1,60
-7.072486,-59.582411,60,OSM,0,
-7.072287,-59.867776,60,OSM:classe,1,40
-7.072251,-63.108657,60,OSM,0,
-7.071437,-59.935802,60,OSM:classe,1,40
-7.070615,-59.602862,60,OSM:classe,1,40
-7.069603,-59.959535,60,OSM:classe,1,40
-7.069505,-59.959608,60,OSM:classe,1,40
-7.068226,-59.903666,80,OSM:classe,1,60
-7.067853,-59.867023,60,OSM:classe,1,40
-7.067255,-59.604830,60,OSM:classe,1,40
-7.067097,-59.936990,60,OSM:classe,1,40
-7.065965,-59.961539,60,OSM:classe,1,40
-7.063751,-59.607552,60,OSM:classe,1,40
-7.063742,-59.903816,80,OSM:classe,1,60
-7.063374,-59.866623,60,OSM:classe,1,40
-7.063365,-59.575642,60,OSM,0,
-7.062884,-59.938535,60,OSM:classe,1,40
-7.062715,-59.964440,60,OSM:classe,1,40
-7.060944,-59.611046,60,OSM:classe,1,40
-7.060326,-59.968213,60,OSM:classe,1,40
-7.059802,-63.107265,60,OSM,0,
-7.059715,-59.940563,60,OSM:classe,1,40
-7.059254,-59.904056,80,OSM:classe,1,60
-7.059081,-59.615170,60,OSM:classe,1,40
-7.058895,-59.866222,60,OSM:classe,1,40
-7.057381,-59.971637,60,OSM:classe,1,40
-7.057218,-59.619294,60,OSM:classe,1,40
-7.056614,-59.943693,60,OSM:classe,1,40
-7.056446,-59.566921,60,OSM,0,
-7.056078,-59.566028,60,OSM,0,
-7.055824,-59.551864,60,OSM,0,
-7.055196,-59.623327,60,OSM:classe,1,40
-7.054919,-59.975321,60,OSM:classe,1,40
-7.054873,-59.979569,60,OSM:classe,1,40
-7.054789,-59.904581,80,OSM:classe,1,60
-7.054763,-59.560302,60,OSM,0,
-7.054544,-59.558579,60,OSM,0,
-7.054478,-59.865405,60,OSM:classe,1,40
-7.053669,-59.627335,60,OSM:classe,1,40
-7.053074,-59.946455,60,OSM:classe,1,40
-7.053040,-59.545210,60,OSM,0,
-7.052734,-59.983257,60,OSM:classe,1,40
-7.051756,-59.994710,60,OSM:classe,1,40
-7.051610,-59.631165,60,OSM:classe,1,40
-7.050706,-59.987188,60,OSM:classe,1,40
-7.050465,-59.634164,60,OSM:classe,1,40
-7.050358,-59.904839,80,OSM:classe,1,60
-7.050255,-59.538556,60,OSM,0,
-7.050203,-59.949920,60,OSM:classe,1,40
-7.050117,-59.864300,60,OSM:classe,1,40
-7.049867,-71.686007,60,OSM,0,
-7.049440,-59.537584,60,OSM,0,
-7.049201,-59.991349,60,OSM:classe,1,40
-7.048822,-60.051246,60,OSM:classe,1,40
-7.048697,-59.996374,60,OSM:classe,1,40
-7.048638,-59.638304,60,OSM:classe,1,40
-7.047656,-71.686859,60,OSM,0,
-7.047354,-63.105872,60,OSM,0,
-7.046810,-59.642444,60,OSM:classe,1,40
-7.046712,-59.952746,60,OSM:classe,1,40
-7.046010,-59.905256,80,OSM:classe,1,60
-7.045756,-59.863196,60,OSM:classe,1,40
-7.044983,-59.646583,60,OSM:classe,1,40
-7.044918,-59.956862,60,OSM:classe,1,40
-7.044697,-59.996012,60,OSM:classe,1,40
-7.044672,-60.050193,60,OSM:classe,1,40
-7.043363,-59.533325,60,OSM,0,
-7.043156,-59.650723,60,OSM:classe,1,40
-7.043089,-59.960908,60,OSM:classe,1,40
-7.042803,-59.906237,80,OSM:classe,1,60
-7.042741,-59.906309,80,OSM:classe,1,60
-7.042156,-60.046598,60,OSM:classe,1,40
-7.041943,-59.965265,60,OSM:classe,1,40
-7.041620,-59.864195,60,OSM:classe,1,40
-7.041480,-60.042140,60,OSM:classe,1,40
-7.041465,-59.969437,60,OSM:classe,1,40
-7.040952,-60.037640,60,OSM:classe,1,40
-7.040851,-59.998032,60,OSM:classe,1,40
-7.040825,-59.653640,60,OSM:classe,1,40
-7.039040,-59.656777,60,OSM:classe,1,40
-7.039009,-59.973209,60,OSM:classe,1,40
-7.038562,-59.906858,80,OSM:classe,1,60
-7.038561,-60.034098,60,OSM:classe,1,40
-7.038417,-59.867281,60,OSM:classe,1,40
-7.037373,-60.018656,60,OSM:classe,1,40
-7.037285,-59.529066,60,OSM,0,
-7.037280,-60.023098,60,OSM:classe,1,40
-7.036962,-59.976975,60,OSM:classe,1,40
-7.036545,-59.997786,60,OSM:classe,1,40
-7.036346,-59.659742,60,OSM:classe,1,40
-7.036154,-59.527962,60,OSM,0,
-7.035536,-59.870760,60,OSM:classe,1,40
-7.035523,-60.030954,60,OSM:classe,1,40
-7.035513,-60.015313,60,OSM:classe,1,40
-7.035234,-60.026848,60,OSM:classe,1,40
-7.034905,-63.104480,60,OSM,0,
-7.034235,-59.905720,80,OSM:classe,1,60
-7.032921,-59.874405,60,OSM:classe,1,40
-7.032866,-59.661876,60,OSM:classe,1,40
-7.032796,-59.978490,60,OSM:classe,1,40
-7.032526,-59.999793,60,OSM:classe,1,40
-7.031289,-60.014130,60,OSM:classe,1,40
-7.031272,-59.520348,60,OSM,0,
-7.030204,-59.877601,60,OSM:classe,1,40
-7.029746,-59.905832,80,OSM:classe,1,60
-7.029121,-60.002389,60,OSM:classe,1,40
-7.028568,-59.663207,60,OSM:classe,1,40
-7.028512,-59.979868,60,OSM:classe,1,40
-7.028288,-60.010935,60,OSM:classe,1,40
-7.027189,-59.663634,60,OSM:classe,1,40
-7.026404,-59.879660,60,OSM:classe,1,40
-7.026390,-59.512734,60,OSM,0,
-7.026227,-60.005647,60,OSM:classe,1,40
-7.025793,-59.888513,60,OSM:classe,1,40
-7.025790,-59.884146,60,OSM:classe,1,40
-7.025253,-59.906016,80,OSM:classe,1,60
-7.024857,-60.008728,60,OSM:classe,1,40
-7.024380,-59.981609,60,OSM:classe,1,40
-7.022543,-59.891391,60,OSM:classe,1,40
-7.022457,-63.103087,60,OSM,0,
-7.021509,-59.505120,60,OSM,0,
-7.020976,-59.983098,60,OSM:classe,1,40
-7.020877,-59.504449,60,OSM,0,
-7.020760,-59.906201,80,OSM:classe,1,60
-7.020119,-59.897781,60,OSM:classe,1,40
-7.019654,-59.901720,60,OSM:classe,1,40
-7.019404,-59.503689,60,OSM,0,
-7.018696,-59.893609,60,OSM:classe,1,40
-7.018598,-59.986870,60,OSM:classe,1,40
-7.017801,-59.906323,80,OSM:classe,1,60
-7.017648,-59.906354,80,OSM:classe,1,60
-7.015762,-59.990378,60,OSM:classe,1,40
-7.015742,-59.903598,60,OSM:classe,1,40
-7.013738,-59.906245,80,OSM:classe,1,60
-7.012400,-59.993300,60,OSM:classe,1,40
-7.011696,-59.501859,60,OSM,0,
-7.010906,-59.501374,60,OSM,0,
-7.010009,-63.101695,60,OSM,0,
-7.009613,-59.996401,60,OSM:classe,1,40
-7.009590,-59.499704,60,OSM,0,
-7.009307,-59.906561,80,OSM:classe,1,60
-7.008926,-59.498005,60,OSM,0,
-7.007162,-59.490097,60,OSM,0,
-7.006590,-59.999694,60,OSM:classe,1,40
-7.006562,-59.999721,60,OSM:classe,1,40
-7.005398,-59.482190,60,OSM,0,
-7.004838,-59.907061,80,OSM:classe,1,60
-7.004772,-59.480308,60,OSM,0,
-7.003354,-60.002895,60,OSM:classe,1,40
-7.000978,-60.006382,60,OSM:classe,1,40
-7.000369,-59.907562,80,OSM:classe,1,60
-6.998606,-60.009736,60,OSM:classe,1,40
-6.998481,-59.470562,60,OSM,0,
-6.997560,-63.100303,60,OSM,0,
-6.995879,-59.907800,80,OSM:classe,1,60
-6.994629,-60.011231,60,OSM:classe,1,40
-6.992190,-59.460816,60,OSM,0,
-6.992064,-60.014943,60,OSM:classe,1,40
-6.991446,-59.908408,80,OSM:classe,1,60
-6.988805,-63.099300,60,OSM,0,
-6.988444,-60.017475,60,OSM:classe,1,40
-6.986969,-59.908836,80,OSM:classe,1,60
-6.986922,-60.021301,60,OSM:classe,1,40
-6.986361,-63.098826,60,OSM,0,
-6.985899,-59.451070,60,OSM,0,
-6.985872,-63.098749,60,OSM,0,
-6.984742,-63.098219,60,OSM,0,
-6.983270,-60.023769,60,OSM:classe,1,40
-6.982538,-59.909593,80,OSM:classe,1,60
-6.979608,-59.441323,60,OSM,0,
-6.979274,-60.025765,60,OSM:classe,1,40
-6.978071,-59.910079,80,OSM:classe,1,60
-6.976658,-60.029330,60,OSM:classe,1,40
-6.976321,-60.033455,60,OSM:classe,1,40
-6.975576,-63.095313,60,OSM,0,
-6.974091,-59.435539,60,OSM,0,
-6.973772,-59.910958,80,OSM:classe,1,60
-6.972926,-60.036311,60,OSM:classe,1,40
-6.970813,-60.037038,60,OSM:classe,1,40
-6.970410,-60.036957,60,OSM:classe,1,40
-6.969828,-59.911434,80,OSM:classe,1,60
-6.968631,-60.035211,60,OSM:classe,1,40
-6.968573,-59.429756,60,OSM,0,
-6.966883,-60.039316,60,OSM:classe,1,40
-6.966410,-63.092406,60,OSM,0,
-6.965990,-59.422776,60,OSM,0,
-6.965371,-59.911956,80,OSM:classe,1,60
-6.963407,-59.415796,60,OSM,0,
-6.963025,-60.040959,60,OSM:classe,1,40
-6.962760,-59.414617,60,OSM,0,
-6.961318,-60.045028,60,OSM:classe,1,40
-6.960901,-59.912433,80,OSM:classe,1,60
-6.958152,-60.048244,60,OSM:classe,1,40
-6.957243,-63.089500,60,OSM,0,
-6.957166,-63.089476,60,OSM,0,
-6.956431,-59.912893,80,OSM:classe,1,60
-6.955753,-59.407616,60,OSM,0,
-6.954670,-60.050992,60,OSM:classe,1,40
-6.952909,-60.054806,60,OSM:classe,1,40
-6.951996,-59.913632,80,OSM:classe,1,60
-6.950107,-60.058217,60,OSM:classe,1,40
-6.948746,-59.400615,60,OSM,0,
-6.947505,-59.913860,80,OSM:classe,1,60
-6.947083,-60.061528,60,OSM:classe,1,40
-6.945187,-59.387890,60,OSM,0,
-6.945035,-63.085630,60,OSM,0,
-6.944302,-60.065085,60,OSM:classe,1,40
-6.943419,-59.358304,60,OSM,0,
-6.943217,-59.350834,60,OSM,0,
-6.943129,-59.914810,80,OSM:classe,1,60
-6.943014,-59.343365,60,OSM,0,
-6.942523,-59.366735,60,OSM,0,
-6.942226,-59.341842,60,OSM,0,
-6.941721,-60.068777,60,OSM:classe,1,40
-6.941627,-59.375165,60,OSM,0,
-6.938937,-60.072330,60,OSM:classe,1,40
-6.938689,-59.915524,80,OSM:classe,1,60
-6.936836,-60.076152,60,OSM:classe,1,40
-6.935227,-59.332308,60,OSM,0,
-6.935221,-60.080234,60,OSM:classe,1,40
-6.934862,-60.091007,60,OSM:classe,1,40
-6.934316,-59.330029,60,OSM,0,
-6.934208,-59.915894,80,OSM:classe,1,60
-6.933666,-60.088227,60,OSM:classe,1,40
-6.933495,-59.329279,60,OSM,0,
-6.933357,-60.084057,60,OSM:classe,1,40
-6.933354,-59.329154,60,OSM,0,
-6.932904,-63.081785,60,OSM,0,
-6.931560,-59.327386,60,OSM,0,
-6.929747,-59.916451,80,OSM:classe,1,60
-6.927494,-59.916767,80,OSM:classe,1,60
-6.927298,-59.916806,80,OSM:classe,1,60
-6.924127,-59.317431,60,OSM,0,
-6.922835,-59.917358,80,OSM:classe,1,60
-6.920773,-63.077939,60,OSM,0,
-6.918490,-59.918474,80,OSM:classe,1,60
-6.916693,-59.307475,60,OSM,0,
-6.914110,-59.919498,80,OSM:classe,1,60
-6.912810,-59.298403,60,OSM,0,
-6.909701,-59.920311,80,OSM:classe,1,60
-6.908926,-59.289330,60,OSM,0,
-6.908642,-63.074094,60,OSM,0,
-6.905209,-59.920528,80,OSM:classe,1,60
-6.902334,-59.281351,60,OSM,0,
-6.901699,-59.923028,80,OSM:classe,1,60
-6.899526,-59.926993,80,OSM:classe,1,60
-6.897353,-59.930958,80,OSM:classe,1,60
-6.896511,-63.070248,60,OSM,0,
-6.895741,-59.273372,60,OSM,0,
-6.895179,-59.934924,80,OSM:classe,1,60
-6.892764,-59.938730,80,OSM:classe,1,60
-6.890039,-59.942333,80,OSM:classe,1,60
-6.889149,-59.265393,60,OSM,0,
-6.889119,-59.250621,60,OSM,0,
-6.888807,-59.263972,60,OSM,0,
-6.887314,-59.945936,80,OSM:classe,1,60
-6.886175,-59.242610,60,OSM,0,
-6.884589,-59.949539,80,OSM:classe,1,60
-6.884380,-63.066403,60,OSM,0,
-6.883230,-59.234599,60,OSM,0,
-6.881768,-59.953063,80,OSM:classe,1,60
-6.878811,-59.956474,80,OSM:classe,1,60
-6.878569,-59.226906,60,OSM,0,
-6.875853,-59.959886,80,OSM:classe,1,60
-6.873908,-59.219213,60,OSM,0,
-6.872895,-59.963297,80,OSM:classe,1,60
-6.872250,-63.062557,60,OSM,0,
-6.869820,-59.966600,80,OSM:classe,1,60
-6.867616,-59.213617,60,OSM,0,
-6.866702,-59.969864,80,OSM:classe,1,60
-6.863585,-59.973128,80,OSM:classe,1,60
-6.861324,-59.208021,60,OSM,0,
-6.860467,-59.976391,80,OSM:classe,1,60
-6.860119,-63.058712,60,OSM,0,
-6.859774,-63.058613,60,OSM,0,
-6.857672,-59.979746,80,OSM:classe,1,60
-6.855348,-63.056856,60,OSM,0,
-6.854399,-59.982793,80,OSM:classe,1,60
-6.853736,-59.198138,60,OSM,0,
-6.850909,-59.985447,80,OSM:classe,1,60
-6.849560,-63.053146,60,OSM,0,
-6.847516,-59.988419,80,OSM:classe,1,60
-6.846147,-59.188256,60,OSM,0,
-6.844883,-59.992090,80,OSM:classe,1,60
-6.843773,-63.049436,60,OSM,0,
-6.842250,-59.995761,80,OSM:classe,1,60
-6.839617,-59.999432,80,OSM:classe,1,60
-6.838559,-59.178374,60,OSM,0,
-6.837076,-63.045009,60,OSM,0,
-6.836841,-60.002994,80,OSM:classe,1,60
-6.834821,-59.170592,60,OSM,0,
-6.834187,-60.006305,80,OSM:classe,1,60
-6.831015,-60.009360,80,OSM:classe,1,60
-6.830379,-63.040582,60,OSM,0,
-6.830148,-59.162370,60,OSM,0,
-6.830059,-63.040391,60,OSM,0,
-6.829689,-60.013401,80,OSM:classe,1,60
-6.828756,-60.017764,80,OSM:classe,1,60
-6.827817,-60.021103,80,OSM:classe,1,60
-6.825476,-59.154148,60,OSM,0,
-6.824520,-60.020639,80,OSM:classe,1,60
-6.820804,-59.145926,60,OSM,0,
-6.820695,-63.034338,60,OSM,0,
-6.820492,-60.022622,80,OSM:classe,1,60
-6.818041,-59.134617,60,OSM,0,
-6.817956,-59.105715,60,OSM,0,
-6.817748,-59.107140,60,OSM,0,
-6.817071,-59.096224,60,OSM,0,
-6.816891,-60.025188,80,OSM:classe,1,60
-6.816186,-59.086733,60,OSM,0,
-6.815278,-59.123308,60,OSM,0,
-6.814597,-59.123459,60,OSM:classe,1,40
-6.814406,-59.120006,60,OSM,0,
-6.814369,-59.118602,60,OSM,0,
-6.813922,-60.028587,80,OSM:classe,1,60
-6.811350,-59.074278,60,OSM,0,
-6.811330,-63.028286,60,OSM,0,
-6.810943,-60.031966,80,OSM:classe,1,60
-6.810204,-59.124426,60,OSM:classe,1,40
-6.807997,-60.035264,80,OSM:classe,1,60
-6.806557,-59.065457,60,OSM,0,
-6.805811,-59.125394,60,OSM:classe,1,40
-6.805574,-60.038873,80,OSM:classe,1,60
-6.801995,-60.041573,80,OSM:classe,1,60
-6.801966,-63.022233,60,OSM,0,
-6.801763,-59.056635,60,OSM,0,
-6.801419,-59.126362,60,OSM:classe,1,40
-6.801063,-60.042438,80,OSM:classe,1,60
-6.801001,-60.042504,80,OSM:classe,1,60
-6.797636,-60.045480,80,OSM:classe,1,60
-6.797515,-60.045560,80,OSM:classe,1,60
-6.797423,-60.045594,80,OSM:classe,1,60
-6.797026,-59.127330,60,OSM:classe,1,40
-6.796969,-59.047814,60,OSM,0,
-6.794872,-59.043817,60,OSM,0,
-6.794739,-60.048898,80,OSM:classe,1,60
-6.794608,-59.042716,60,OSM,0,
-6.794150,-59.041869,60,OSM,0,
-6.792633,-59.128298,60,OSM:classe,1,40
-6.792601,-63.016181,60,OSM,0,
-6.792297,-60.052663,80,OSM:classe,1,60
-6.791379,-59.037185,60,OSM,0,
-6.789422,-60.056108,80,OSM:classe,1,60
-6.788370,-59.028536,60,OSM,0,
-6.788243,-59.129177,60,OSM:classe,1,40
-6.787182,-59.026807,60,OSM,0,
-6.786860,-60.059805,80,OSM:classe,1,60
-6.785789,-59.023102,60,OSM,0,
-6.784538,-60.062120,80,OSM:classe,1,60
-6.784396,-59.021771,60,OSM,0,
-6.784076,-60.062157,80,OSM:classe,1,60
-6.783968,-60.062137,80,OSM:classe,1,60
-6.783854,-59.130146,60,OSM:classe,1,40
-6.783731,-60.062074,80,OSM:classe,1,60
-6.783237,-63.010128,60,OSM,0,
-6.781618,-60.061678,80,OSM:classe,1,60
-6.781362,-60.061644,80,OSM:classe,1,60
-6.779443,-59.131026,60,OSM:classe,1,40
-6.776926,-60.061052,80,OSM:classe,1,60
-6.775377,-59.015081,60,OSM,0,
-6.775141,-59.132277,60,OSM:classe,1,40
-6.772803,-60.061980,80,OSM:classe,1,60
-6.771318,-63.005128,60,OSM,0,
-6.771249,-59.013025,60,OSM,0,
-6.771057,-59.133078,60,OSM:classe,1,40
-6.769496,-59.010501,60,OSM,0,
-6.768407,-60.062584,80,OSM:classe,1,60
-6.767571,-59.007084,60,OSM,0,
-6.767340,-59.130900,60,OSM:classe,1,40
-6.766012,-59.005196,60,OSM,0,
-6.764178,-59.002262,60,OSM,0,
-6.763990,-60.063427,80,OSM:classe,1,60
-6.762995,-59.130021,60,OSM:classe,1,40
-6.759538,-60.064069,80,OSM:classe,1,60
-6.759399,-63.000128,60,OSM,0,
-6.759121,-59.128825,60,OSM:classe,1,40
-6.756526,-58.994746,60,OSM,0,
-6.755193,-60.065178,80,OSM:classe,1,60
-6.754940,-59.127484,60,OSM:classe,1,40
-6.750871,-60.066399,80,OSM:classe,1,60
-6.750611,-59.126276,60,OSM:classe,1,40
-6.748874,-58.987230,60,OSM,0,
-6.747480,-62.995127,60,OSM,0,
-6.746637,-60.067899,80,OSM:classe,1,60
-6.746359,-59.124805,60,OSM:classe,1,40
-6.743078,-58.981343,60,OSM,0,
-6.742713,-60.070110,80,OSM:classe,1,60
-6.742709,-58.980674,60,OSM,0,
-6.742178,-59.123399,60,OSM:classe,1,40
-6.738844,-58.969554,60,OSM,0,
-6.738539,-60.070866,80,OSM:classe,1,60
-6.737886,-59.122273,60,OSM:classe,1,40
-6.735561,-62.990127,60,OSM,0,
-6.734978,-58.958434,60,OSM,0,
-6.734189,-60.071984,80,OSM:classe,1,60
-6.733407,-59.122020,60,OSM:classe,1,40
-6.731112,-58.947315,60,OSM,0,
-6.729998,-60.073624,80,OSM:classe,1,60
-6.729010,-59.121466,60,OSM:classe,1,40
-6.727247,-58.936195,60,OSM,0,
-6.725767,-58.926366,60,OSM,0,
-6.725714,-60.074901,80,OSM:classe,1,60
-6.724286,-58.916536,60,OSM,0,
-6.723642,-62.985127,60,OSM,0,
-6.721973,-60.077060,80,OSM:classe,1,60
-6.717903,-60.078907,80,OSM:classe,1,60
-6.717286,-58.906245,60,OSM,0,
-6.713771,-60.080686,80,OSM:classe,1,60
-6.711723,-62.980127,60,OSM,0,
-6.710285,-58.895954,60,OSM,0,
-6.709535,-60.082107,80,OSM:classe,1,60
-6.705117,-60.082953,80,OSM:classe,1,60
-6.703285,-58.885662,60,OSM,0,
-6.702790,-58.884100,60,OSM,0,
-6.700700,-60.083800,80,OSM:classe,1,60
-6.700483,-58.872888,60,OSM,0,
-6.699804,-62.975127,60,OSM,0,
-6.698176,-58.861676,60,OSM,0,
-6.698118,-58.861383,60,OSM,0,
-6.696448,-58.853728,60,OSM,0,
-6.696283,-60.084647,80,OSM:classe,1,60
-6.694777,-58.846072,60,OSM,0,
-6.691866,-60.085494,80,OSM:classe,1,60
-6.690729,-58.838680,60,OSM,0,
-6.687885,-62.970126,60,OSM,0,
-6.687448,-60.086341,80,OSM:classe,1,60
-6.686752,-58.827519,60,OSM,0,
-6.686680,-58.831288,60,OSM,0,
-6.686576,-58.817455,60,OSM,0,
-6.686388,-58.830400,60,OSM,0,
-6.685135,-62.969293,60,OSM,0,
-6.683266,-60.087207,80,OSM:classe,1,60
-6.682465,-58.808102,60,OSM,0,
-6.679318,-62.968102,60,OSM,0,
-6.678858,-60.088103,80,OSM:classe,1,60
-6.678354,-58.798749,60,OSM,0,
-6.678270,-58.798549,60,OSM,0,
-6.675217,-60.090303,80,OSM:classe,1,60
-6.674247,-58.789050,60,OSM,0,
-6.671855,-58.779637,60,OSM,0,
-6.670993,-60.089828,80,OSM:classe,1,60
-6.669601,-69.864271,60,OSM:classe,1,40
-6.669463,-58.770224,60,OSM,0,
-6.669017,-69.865062,60,OSM:classe,1,40
-6.668328,-69.863295,60,OSM:classe,1,40
-6.668193,-69.866354,60,OSM:classe,1,40
-6.667966,-69.865162,60,OSM:classe,1,40
-6.667752,-60.089371,80,OSM:classe,1,60
-6.667615,-60.089294,80,OSM:classe,1,60
-6.667175,-69.866547,60,OSM:classe,1,40
-6.666853,-69.859181,60,OSM:classe,1,40
-6.666736,-69.858852,60,OSM:classe,1,40
-6.666341,-62.965632,60,OSM,0,
-6.665935,-69.854398,60,OSM:classe,1,40
-6.664622,-58.759930,60,OSM,0,
-6.663811,-60.086880,80,OSM:classe,1,60
-6.662757,-69.867386,60,OSM:classe,1,40
-6.662283,-69.868548,60,OSM:classe,1,40
-6.661660,-69.872903,60,OSM:classe,1,40
-6.659780,-58.749636,60,OSM,0,
-6.659738,-69.870318,60,OSM:classe,1,40
-6.659698,-60.085234,80,OSM:classe,1,60
-6.659576,-69.876915,60,OSM:classe,1,40
-6.659262,-69.871107,60,OSM:classe,1,40
-6.658338,-69.868225,60,OSM:classe,1,40
-6.657845,-69.866402,60,OSM:classe,1,40
-6.657556,-69.866105,60,OSM:classe,1,40
-6.656929,-69.874977,60,OSM:classe,1,40
-6.656592,-69.880247,60,OSM:classe,1,40
-6.655757,-69.864130,60,OSM:classe,1,40
-6.655499,-69.866150,60,OSM:classe,1,40
-6.655269,-60.084452,80,OSM:classe,1,60
-6.654939,-58.739342,60,OSM,0,
-6.654595,-69.878847,60,OSM:classe,1,40
-6.654099,-69.883886,60,OSM:classe,1,40
-6.653919,-69.869064,60,OSM:classe,1,40
-6.653486,-69.883414,60,OSM:classe,1,40
-6.653363,-62.963162,60,OSM,0,
-6.652262,-69.882717,60,OSM:classe,1,40
-6.651787,-69.865800,60,OSM:classe,1,40
-6.650868,-60.083577,80,OSM:classe,1,60
-6.650659,-58.729107,60,OSM,0,
-6.649572,-69.870171,60,OSM:classe,1,40
-6.649562,-69.881203,60,OSM:classe,1,40
-6.649304,-69.881137,60,OSM:classe,1,40
-6.648594,-69.867342,60,OSM:classe,1,40
-6.646480,-60.082899,80,OSM:classe,1,60
-6.646381,-58.719696,60,OSM,0,
-6.645522,-69.882950,60,OSM:classe,1,40
-6.644712,-58.711826,60,OSM,0,
-6.643043,-58.703957,60,OSM,0,
-6.642124,-60.082023,80,OSM:classe,1,60
-6.641459,-69.884666,60,OSM:classe,1,40
-6.640386,-62.960692,60,OSM,0,
-6.639899,-58.697023,60,OSM,0,
-6.639168,-60.079701,80,OSM:classe,1,60
-6.637538,-69.884881,60,OSM:classe,1,40
-6.637229,-69.884232,60,OSM:classe,1,40
-6.636328,-60.081094,80,OSM:classe,1,60
-6.634541,-58.685893,60,OSM,0,
-6.631902,-60.080290,80,OSM:classe,1,60
-6.627477,-60.079486,80,OSM:classe,1,60
-6.627408,-62.958222,60,OSM,0,
-6.626249,-58.680052,60,OSM,0,
-6.625402,-58.679186,60,OSM,0,
-6.623052,-60.078682,80,OSM:classe,1,60
-6.619868,-58.670783,60,OSM,0,
-6.618627,-60.077878,80,OSM:classe,1,60
-6.614430,-62.955752,60,OSM,0,
-6.614334,-58.662379,60,OSM,0,
-6.614202,-60.077074,80,OSM:classe,1,60
-6.614009,-58.661301,60,OSM,0,
-6.613875,-58.659491,60,OSM,0,
-6.613242,-58.648144,60,OSM,0,
-6.612609,-58.636796,60,OSM,0,
-6.612185,-58.635590,60,OSM,0,
-6.609777,-60.076270,80,OSM:classe,1,60
-6.608795,-60.076092,80,OSM:classe,1,60
-6.608455,-60.076052,80,OSM:classe,1,60
-6.605877,-58.626227,60,OSM,0,
-6.604033,-60.075230,80,OSM:classe,1,60
-6.601453,-62.953282,60,OSM,0,
-6.599611,-60.074409,80,OSM:classe,1,60
-6.599570,-58.616865,60,OSM,0,
-6.595189,-60.073587,80,OSM:classe,1,60
-6.591206,-58.608723,60,OSM,0,
-6.590804,-60.073944,80,OSM:classe,1,60
-6.588475,-62.950812,60,OSM,0,
-6.586623,-60.075394,80,OSM:classe,1,60
-6.582842,-58.600581,60,OSM,0,
-6.582356,-58.600107,60,OSM,0,
-6.582292,-60.076525,80,OSM:classe,1,60
-6.579736,-60.077310,80,OSM:classe,1,60
-6.579626,-60.077343,80,OSM:classe,1,60
-6.575498,-62.948342,60,OSM,0,
-6.575226,-60.077765,80,OSM:classe,1,60
-6.573339,-58.591456,60,OSM,0,
-6.571215,-60.079583,80,OSM:classe,1,60
-6.566869,-60.080746,80,OSM:classe,1,60
-6.564323,-58.582804,60,OSM,0,
-6.562520,-62.945872,60,OSM,0,
-6.562497,-60.081794,80,OSM:classe,1,60
-6.558142,-60.081500,80,OSM:classe,1,60
-6.555306,-58.574152,60,OSM,0,
-6.553841,-60.080180,80,OSM:classe,1,60
-6.549543,-62.943402,60,OSM,0,
-6.549540,-60.078860,80,OSM:classe,1,60
-6.546438,-62.942355,60,OSM,0,
-6.546289,-58.565501,60,OSM,0,
-6.545728,-58.565200,60,OSM,0,
-6.545451,-58.564705,60,OSM,0,
-6.545345,-60.077272,80,OSM:classe,1,60
-6.544414,-62.941375,60,OSM,0,
-6.541147,-60.076102,80,OSM:classe,1,60
-6.540210,-58.559693,60,OSM,0,
-6.539574,-58.558580,60,OSM,0,
-6.537216,-58.551645,60,OSM,0,
-6.536840,-60.074922,80,OSM:classe,1,60
-6.534858,-58.544710,60,OSM,0,
-6.534759,-58.544417,60,OSM,0,
-6.533954,-62.934913,60,OSM,0,
-6.532805,-60.072973,80,OSM:classe,1,60
-6.532071,-58.537142,60,OSM,0,
-6.529382,-58.529868,60,OSM,0,
-6.528690,-60.071487,80,OSM:classe,1,60
-6.524403,-60.070827,80,OSM:classe,1,60
-6.524369,-58.523859,60,OSM,0,
-6.523494,-62.928451,60,OSM,0,
-6.521259,-58.486211,60,OSM,0,
-6.520931,-58.475448,60,OSM,0,
-6.520603,-58.464684,60,OSM,0,
-6.520294,-58.493692,60,OSM,0,
-6.520286,-60.069212,80,OSM:classe,1,60
-6.520280,-58.463460,60,OSM,0,
-6.520009,-62.926057,60,OSM,0,
-6.519868,-58.502486,60,OSM,0,
-6.519442,-58.511280,60,OSM,0,
-6.519356,-58.517850,60,OSM,0,
-6.518644,-58.516524,60,OSM,0,
-6.515916,-60.068421,80,OSM:classe,1,60
-6.515876,-58.453805,60,OSM,0,
-6.512122,-62.918630,60,OSM,0,
-6.511622,-60.067074,80,OSM:classe,1,60
-6.511472,-58.444150,60,OSM,0,
-6.510814,-58.437704,60,OSM,0,
-6.510497,-58.436512,60,OSM,0,
-6.508936,-58.433518,60,OSM,0,
-6.508835,-58.433302,60,OSM,0,
-6.507329,-60.065728,80,OSM:classe,1,60
-6.504236,-62.911204,60,OSM,0,
-6.503428,-58.422489,60,OSM,0,
-6.503036,-60.064382,80,OSM:classe,1,60
-6.498743,-60.063036,80,OSM:classe,1,60
-6.498022,-58.411676,60,OSM,0,
-6.496349,-62.903778,60,OSM,0,
-6.495056,-58.402433,60,OSM,0,
-6.494450,-60.061689,80,OSM:classe,1,60
-6.494416,-58.401342,60,OSM,0,
-6.490157,-60.060343,80,OSM:classe,1,60
-6.488462,-62.896351,60,OSM,0,
-6.487989,-58.393357,60,OSM,0,
-6.486167,-62.894664,60,OSM,0,
-6.485864,-60.058997,80,OSM:classe,1,60
-6.482988,-62.892968,60,OSM,0,
-6.481562,-58.385372,60,OSM,0,
-6.481514,-60.057892,80,OSM:classe,1,60
-6.481032,-58.383678,60,OSM,0,
-6.481018,-60.057810,80,OSM:classe,1,60
-6.480835,-60.057825,80,OSM:classe,1,60
-6.480211,-60.057849,80,OSM:classe,1,60
-6.480062,-60.057859,80,OSM:classe,1,60
-6.479759,-58.372916,60,OSM,0,
-6.478635,-58.371193,60,OSM,0,
-6.475608,-60.057337,80,OSM:classe,1,60
-6.474376,-58.366684,60,OSM,0,
-6.471315,-60.055990,80,OSM:classe,1,60
-6.471027,-62.888140,60,OSM,0,
-6.470726,-58.358495,60,OSM,0,
-6.467380,-60.053866,80,OSM:classe,1,60
-6.467076,-58.350307,60,OSM,0,
-6.466188,-58.349356,60,OSM,0,
-6.465133,-58.348747,60,OSM,0,
-6.463587,-60.051435,80,OSM:classe,1,60
-6.461000,-58.348234,60,OSM,0,
-6.460149,-58.347726,60,OSM,0,
-6.460019,-60.048705,80,OSM:classe,1,60
-6.459201,-58.346570,60,OSM,0,
-6.459067,-62.883311,60,OSM,0,
-6.458619,-58.346210,60,OSM,0,
-6.456629,-60.045738,80,OSM:classe,1,60
-6.456506,-58.346508,60,OSM,0,
-6.455269,-62.881739,60,OSM,0,
-6.453040,-62.880575,60,OSM,0,
-6.452507,-60.044026,80,OSM:classe,1,60
-6.452479,-58.347955,60,OSM,0,
-6.451855,-58.347840,60,OSM,0,
-6.448215,-60.042676,80,OSM:classe,1,60
-6.447804,-60.042547,80,OSM:classe,1,60
-6.446296,-58.343388,60,OSM,0,
-6.444016,-62.874000,60,OSM,0,
-6.443497,-60.041247,80,OSM:classe,1,60
-6.439621,-58.338897,60,OSM,0,
-6.439190,-60.039948,80,OSM:classe,1,60
-6.437830,-68.244297,60,OSM:classe,1,40
-6.435748,-60.037372,80,OSM:classe,1,60
-6.435548,-68.245282,60,OSM:classe,1,40
-6.435499,-60.028787,80,OSM:classe,1,60
-6.435014,-60.033070,80,OSM:classe,1,60
-6.434991,-62.867425,60,OSM,0,
-6.434086,-68.248943,60,OSM:classe,1,40
-6.432946,-58.334406,60,OSM,0,
-6.432119,-60.025869,80,OSM:classe,1,60
-6.432114,-58.333569,60,OSM,0,
-6.431823,-68.251364,60,OSM:classe,1,40
-6.428866,-68.254686,60,OSM:classe,1,40
-6.428241,-60.023586,80,OSM:classe,1,60
-6.427294,-58.268876,60,OSM,0,
-6.427273,-58.265759,60,OSM,0,
-6.426974,-58.276323,60,OSM,0,
-6.426655,-58.283769,60,OSM,0,
-6.426341,-58.284844,60,OSM,0,
-6.426009,-58.325400,60,OSM,0,
-6.425967,-62.860849,60,OSM,0,
-6.425085,-58.253847,60,OSM,0,
-6.424842,-68.256481,60,OSM:classe,1,40
-6.424176,-60.021665,80,OSM:classe,1,60
-6.422360,-58.242741,60,OSM,0,
-6.421647,-58.291790,60,OSM,0,
-6.421234,-58.240360,60,OSM,0,
-6.421057,-58.240041,60,OSM,0,
-6.420823,-68.258150,60,OSM:classe,1,40
-6.420005,-60.022786,80,OSM:classe,1,60
-6.419904,-58.317231,60,OSM,0,
-6.419318,-58.315956,60,OSM,0,
-6.416953,-58.298736,60,OSM,0,
-6.416942,-62.854274,60,OSM,0,
-6.416805,-68.259986,60,OSM:classe,1,40
-6.416503,-58.302833,60,OSM,0,
-6.416367,-58.300484,60,OSM,0,
-6.415596,-60.022268,80,OSM:classe,1,60
-6.413643,-68.259557,60,OSM:classe,1,40
-6.411269,-60.023331,80,OSM:classe,1,60
-6.407917,-62.847699,60,OSM,0,
-6.407457,-60.025705,80,OSM:classe,1,60
-6.404474,-62.844537,60,OSM,0,
-6.403158,-60.026939,80,OSM:classe,1,60
-6.399369,-60.026724,80,OSM:classe,1,60
-6.399203,-60.026713,80,OSM:classe,1,60
-6.396143,-62.835530,60,OSM,0,
-6.394780,-60.026313,80,OSM:classe,1,60
-6.390293,-60.026538,80,OSM:classe,1,60
-6.387812,-62.826522,60,OSM,0,
-6.386910,-60.024821,80,OSM:classe,1,60
-6.383109,-60.026497,80,OSM:classe,1,60
-6.379481,-62.817514,60,OSM,0,
-6.378643,-60.026370,80,OSM:classe,1,60
-6.374177,-60.026162,80,OSM:classe,1,60
-6.371149,-62.808507,60,OSM,0,
-6.370885,-62.808225,60,OSM,0,
-6.370257,-60.024571,80,OSM:classe,1,60
-6.367073,-60.023163,80,OSM:classe,1,60
-6.363648,-60.025958,80,OSM:classe,1,60
-6.363266,-62.799982,60,OSM,0,
-6.359204,-60.026243,80,OSM:classe,1,60
-6.355646,-62.791740,60,OSM,0,
-6.354708,-60.026272,80,OSM:classe,1,60
-6.354251,-62.790563,60,OSM,0,
-6.350388,-60.025645,80,OSM:classe,1,60
-6.345961,-60.025774,80,OSM:classe,1,60
-6.343403,-62.783862,60,OSM,0,
-6.341543,-60.026325,80,OSM:classe,1,60
-6.337200,-60.025433,80,OSM:classe,1,60
-6.332866,-60.026201,80,OSM:classe,1,60
-6.332556,-62.777161,60,OSM,0,
-6.328369,-60.026170,80,OSM:classe,1,60
-6.323873,-60.026139,80,OSM:classe,1,60
-6.321709,-62.770460,60,OSM,0,
-6.319376,-60.026108,80,OSM:classe,1,60
-6.314880,-60.026077,80,OSM:classe,1,60
-6.310862,-62.763759,60,OSM,0,
-6.310383,-60.026046,80,OSM:classe,1,60
-6.305887,-60.026015,80,OSM:classe,1,60
-6.301428,-60.026400,80,OSM:classe,1,60
-6.300015,-62.757058,60,OSM,0,
-6.297010,-60.027243,80,OSM:classe,1,60
-6.292693,-60.027648,80,OSM:classe,1,60
-6.289168,-62.750357,60,OSM,0,
-6.288392,-60.028812,80,OSM:classe,1,60
-6.283963,-60.029590,80,OSM:classe,1,60
-6.279538,-60.030394,80,OSM:classe,1,60
-6.278321,-62.743656,60,OSM,0,
-6.275213,-62.741290,60,OSM,0,
-6.275138,-60.031319,80,OSM:classe,1,60
-6.270802,-60.032257,80,OSM:classe,1,60
-6.267486,-62.732336,60,OSM,0,
-6.266653,-60.033745,80,OSM:classe,1,60
-6.263100,-60.035181,80,OSM:classe,1,60
-6.259760,-62.723383,60,OSM,0,
-6.258975,-60.036730,80,OSM:classe,1,60
-6.255042,-60.038922,80,OSM:classe,1,60
-6.252033,-62.714430,60,OSM,0,
-6.251249,-60.041350,80,OSM:classe,1,60
-6.247311,-60.043533,80,OSM:classe,1,60
-6.244307,-62.705477,60,OSM,0,
-6.243372,-60.045715,80,OSM:classe,1,60
-6.239474,-60.047966,80,OSM:classe,1,60
-6.236580,-62.696524,60,OSM,0,
-6.235592,-60.050242,80,OSM:classe,1,60
-6.231342,-60.051709,80,OSM:classe,1,60
-6.230827,-60.051881,80,OSM:classe,1,60
-6.230738,-60.051868,80,OSM:classe,1,60
-6.228186,-62.687453,60,OSM,0,
-6.226500,-60.053356,80,OSM:classe,1,60
-6.222272,-60.054723,80,OSM:classe,1,60
-6.219792,-62.678383,60,OSM,0,
-6.218012,-60.056149,80,OSM:classe,1,60
-6.213907,-60.057930,80,OSM:classe,1,60
-6.211398,-62.669313,60,OSM,0,
-6.209999,-60.060167,80,OSM:classe,1,60
-6.206090,-60.062403,80,OSM:classe,1,60
-6.203003,-62.660242,60,OSM,0,
-6.202091,-60.064471,80,OSM:classe,1,60
-6.198237,-60.066771,80,OSM:classe,1,60
-6.194609,-62.651172,60,OSM,0,
-6.194149,-60.068534,80,OSM:classe,1,60
-6.190581,-60.070791,80,OSM:classe,1,60
-6.186155,-60.071578,80,OSM:classe,1,60
-6.185032,-62.643112,60,OSM,0,
-6.183864,-60.071970,80,OSM:classe,1,60
-6.181967,-60.068026,80,OSM:classe,1,60
-6.178190,-60.065637,80,OSM:classe,1,60
-6.175455,-62.635051,60,OSM,0,
-6.173935,-60.064586,80,OSM:classe,1,60
-6.169770,-60.066109,80,OSM:classe,1,60
-6.166896,-60.068854,80,OSM:classe,1,60
-6.165879,-62.626991,60,OSM,0,
-6.165201,-60.073028,80,OSM:classe,1,60
-6.164427,-60.075888,80,OSM:classe,1,60
-6.162149,-60.076802,80,OSM:classe,1,60
-6.157973,-60.078478,80,OSM:classe,1,60
-6.156302,-62.618930,60,OSM,0,
-6.153796,-60.080154,80,OSM:classe,1,60
-6.149620,-60.081830,80,OSM:classe,1,60
-6.146725,-62.610870,60,OSM,0,
-6.145443,-60.083506,80,OSM:classe,1,60
-6.141267,-60.085182,80,OSM:classe,1,60
-6.137148,-62.602810,60,OSM,0,
-6.137090,-60.086858,80,OSM:classe,1,60
-6.132914,-60.088534,80,OSM:classe,1,60
-6.128737,-60.090210,80,OSM:classe,1,60
-6.127571,-62.594749,60,OSM,0,
-6.124561,-60.091886,80,OSM:classe,1,60
-6.120385,-60.093562,80,OSM:classe,1,60
-6.117994,-62.586689,60,OSM,0,
-6.116208,-60.095238,80,OSM:classe,1,60
-6.112024,-60.096894,80,OSM:classe,1,60
-6.108417,-62.578628,60,OSM,0,
-6.108355,-62.578576,60,OSM,0,
-6.107680,-60.097021,80,OSM:classe,1,60
-6.104468,-60.099929,80,OSM:classe,1,60
-6.102259,-62.573510,60,OSM,0,
-6.100316,-60.101666,80,OSM:classe,1,60
-6.096164,-62.568444,60,OSM,0,
-6.096123,-60.103297,80,OSM:classe,1,60
-6.094335,-62.567196,60,OSM,0,
-6.091907,-60.104869,80,OSM:classe,1,60
-6.088094,-60.107257,80,OSM:classe,1,60
-6.084303,-60.109689,80,OSM:classe,1,60
-6.084000,-62.560743,60,OSM,0,
-6.080361,-60.111736,80,OSM:classe,1,60
-6.075941,-60.112564,80,OSM:classe,1,60
-6.073665,-62.554290,60,OSM,0,
-6.071520,-60.113391,80,OSM:classe,1,60
-6.067077,-60.114074,80,OSM:classe,1,60
-6.063330,-62.547837,60,OSM,0,
-6.062664,-60.114909,80,OSM:classe,1,60
-6.058259,-60.115270,80,OSM:classe,1,60
-6.053859,-60.115615,80,OSM:classe,1,60
-6.052995,-62.541383,60,OSM,0,
-6.049840,-60.117208,80,OSM:classe,1,60
-6.045416,-60.118018,80,OSM:classe,1,60
-6.042898,-62.535212,60,OSM,0,
-6.040992,-60.118828,80,OSM:classe,1,60
-6.036568,-60.119638,80,OSM:classe,1,60
-6.032800,-62.529041,60,OSM,0,
-6.032144,-60.120448,80,OSM:classe,1,60
-6.027721,-60.121258,80,OSM:classe,1,60
-6.023297,-60.122068,80,OSM:classe,1,60
-6.022703,-62.522870,60,OSM,0,
-6.018873,-60.122878,80,OSM:classe,1,60
-6.014987,-60.125141,80,OSM:classe,1,60
-6.012605,-62.516699,60,OSM,0,
-6.011114,-60.127438,80,OSM:classe,1,60
-6.007399,-60.129704,80,OSM:classe,1,60
-6.003565,-60.131862,80,OSM:classe,1,60
-6.002508,-62.510528,60,OSM,0,
-5.999674,-60.134128,80,OSM:classe,1,60
-5.995752,-60.136331,80,OSM:classe,1,60
-5.992411,-62.504357,60,OSM,0,
-5.991588,-60.138036,80,OSM:classe,1,60
-5.987423,-60.139741,80,OSM:classe,1,60
-5.983258,-60.141445,80,OSM:classe,1,60
-5.982190,-62.497913,60,OSM,0,
-5.979093,-60.143150,80,OSM:classe,1,60
-5.975016,-60.145028,80,OSM:classe,1,60
-5.971969,-62.491469,60,OSM,0,
-5.971186,-60.147393,80,OSM:classe,1,60
-5.970594,-62.490375,60,OSM,0,
-5.967743,-62.487449,60,OSM,0,
-5.966754,-60.148159,80,OSM:classe,1,60
-5.962315,-60.148865,80,OSM:classe,1,60
-5.960252,-62.477283,60,OSM,0,
-5.957832,-60.149216,80,OSM:classe,1,60
-5.953368,-60.149062,80,OSM:classe,1,60
-5.952761,-62.467116,60,OSM,0,
-5.952585,-60.148908,80,OSM:classe,1,60
-5.949710,-60.149713,80,OSM:classe,1,60
-5.945453,-60.151058,80,OSM:classe,1,60
-5.945269,-62.456949,60,OSM,0,
-5.941028,-60.151856,80,OSM:classe,1,60
-5.939142,-62.448736,60,OSM,0,
-5.936602,-60.152655,80,OSM:classe,1,60
-5.933016,-62.440522,60,OSM,0,
-5.932176,-60.153454,80,OSM:classe,1,60
-5.931359,-62.438646,60,OSM,0,
-5.927750,-60.154253,80,OSM:classe,1,60
-5.924196,-62.432104,60,OSM,0,
-5.923324,-60.155051,80,OSM:classe,1,60
-5.918898,-60.155850,80,OSM:classe,1,60
-5.917034,-62.425562,60,OSM,0,
-5.914472,-60.156649,80,OSM:classe,1,60
-5.910046,-60.157447,80,OSM:classe,1,60
-5.908135,-62.417251,60,OSM,0,
-5.905621,-60.158246,80,OSM:classe,1,60
-5.901195,-60.159045,80,OSM:classe,1,60
-5.899237,-62.408939,60,OSM,0,
-5.896769,-60.159843,80,OSM:classe,1,60
-5.892352,-60.160691,80,OSM:classe,1,60
-5.890339,-62.400628,60,OSM,0,
-5.890278,-62.400570,60,OSM,0,
-5.887945,-60.161585,80,OSM:classe,1,60
-5.883665,-60.162300,80,OSM:classe,1,60
-5.881740,-62.392606,60,OSM,0,
-5.879250,-60.163156,80,OSM:classe,1,60
-5.878646,-61.241949,60,OSM:classe,1,40
-5.875647,-61.245135,60,OSM:classe,1,40
-5.874835,-60.164012,80,OSM:classe,1,60
-5.873203,-62.384642,60,OSM,0,
-5.872517,-61.248048,60,OSM:classe,1,40
-5.870420,-60.164869,80,OSM:classe,1,60
-5.868391,-61.249830,60,OSM:classe,1,40
-5.866158,-60.164680,80,OSM:classe,1,60
-5.864665,-62.376677,60,OSM,0,
-5.864476,-61.252053,60,OSM:classe,1,40
-5.863082,-60.161678,80,OSM:classe,1,60
-5.860318,-61.253730,60,OSM:classe,1,40
-5.858914,-60.159982,80,OSM:classe,1,60
-5.857025,-61.256576,60,OSM:classe,1,40
-5.856954,-61.256728,60,OSM:classe,1,40
-5.856127,-62.368713,60,OSM,0,
-5.855124,-61.258893,60,OSM:classe,1,40
-5.854546,-60.159533,80,OSM:classe,1,60
-5.851844,-61.261930,60,OSM:classe,1,40
-5.850317,-60.157996,80,OSM:classe,1,60
-5.849705,-61.265903,60,OSM:classe,1,40
-5.847854,-61.270022,60,OSM:classe,1,40
-5.847590,-62.360748,60,OSM,0,
-5.846013,-60.156889,80,OSM:classe,1,60
-5.846003,-61.274142,60,OSM:classe,1,40
-5.845583,-61.274837,60,OSM:classe,1,40
-5.842531,-61.278125,60,OSM:classe,1,40
-5.841532,-60.156958,80,OSM:classe,1,60
-5.839302,-61.281271,60,OSM:classe,1,40
-5.839052,-62.352784,60,OSM,0,
-5.837334,-60.158578,80,OSM:classe,1,60
-5.836201,-61.284673,60,OSM:classe,1,40
-5.836073,-61.284416,60,OSM:classe,1,40
-5.835728,-61.284682,60,OSM:classe,1,40
-5.835584,-61.284931,60,OSM:classe,1,40
-5.834265,-60.161536,80,OSM:classe,1,60
-5.831944,-61.286207,60,OSM:classe,1,40
-5.831431,-61.286666,60,OSM:classe,1,40
-5.830514,-62.344819,60,OSM,0,
-5.830112,-60.163268,80,OSM:classe,1,60
-5.829562,-62.343712,60,OSM,0,
-5.829497,-62.343664,60,OSM,0,
-5.827816,-61.287998,60,OSM:classe,1,40
-5.827279,-61.288400,60,OSM:classe,1,40
-5.827057,-61.288462,60,OSM:classe,1,40
-5.825938,-60.164950,80,OSM:classe,1,60
-5.823840,-61.289829,60,OSM:classe,1,40
-5.823813,-62.338428,60,OSM,0,
-5.823687,-61.289788,60,OSM:classe,1,40
-5.823127,-61.290135,60,OSM:classe,1,40
-5.822179,-61.281880,60,OSM:classe,1,40
-5.821765,-60.166632,80,OSM:classe,1,60
-5.821456,-61.282788,60,OSM:classe,1,40
-5.819392,-61.290885,60,OSM:classe,1,40
-5.819210,-61.291044,60,OSM:classe,1,40
-5.818774,-61.291100,60,OSM:classe,1,40
-5.818655,-61.286322,60,OSM:classe,1,40
-5.818606,-61.290786,60,OSM:classe,1,40
-5.818435,-61.291035,60,OSM:classe,1,40
-5.818428,-61.290977,60,OSM:classe,1,40
-5.818128,-62.333193,60,OSM,0,
-5.817858,-61.291312,60,OSM:classe,1,40
-5.817591,-60.168314,80,OSM:classe,1,60
-5.817494,-62.332317,60,OSM,0,
-5.817317,-62.332158,60,OSM,0,
-5.816132,-61.291633,60,OSM:classe,1,40
-5.813417,-60.169996,80,OSM:classe,1,60
-5.813344,-62.328734,60,OSM,0,
-5.811637,-61.291549,60,OSM:classe,1,40
-5.811573,-61.291550,60,OSM:classe,1,40
-5.810787,-61.288253,60,OSM:classe,1,40
-5.810610,-61.291454,60,OSM:classe,1,40
-5.810595,-61.287153,60,OSM:classe,1,40
-5.809740,-61.283858,60,OSM:classe,1,40
-5.809553,-61.282756,60,OSM:classe,1,40
-5.809376,-61.279451,60,OSM:classe,1,40
-5.809281,-61.279415,60,OSM:classe,1,40
-5.809243,-60.171678,80,OSM:classe,1,60
-5.806196,-61.282078,60,OSM:classe,1,40
-5.806132,-61.291038,60,OSM:classe,1,40
-5.805326,-61.295484,60,OSM:classe,1,40
-5.805070,-60.173360,80,OSM:classe,1,60
-5.805064,-61.286401,60,OSM:classe,1,40
-5.804975,-62.323010,60,OSM,0,
-5.804734,-61.290886,60,OSM:classe,1,40
-5.804702,-61.298930,60,OSM:classe,1,40
-5.804239,-61.290844,60,OSM:classe,1,40
-5.804040,-61.299904,60,OSM:classe,1,40
-5.800896,-60.175042,80,OSM:classe,1,60
-5.800264,-61.290402,60,OSM:classe,1,40
-5.799849,-61.429103,60,OSM:classe,1,40
-5.799076,-61.430907,60,OSM:classe,1,40
-5.797539,-61.435054,60,OSM:classe,1,40
-5.797269,-61.435734,60,OSM:classe,1,40
-5.796722,-60.176724,80,OSM:classe,1,60
-5.796606,-62.317287,60,OSM,0,
-5.795600,-61.439931,60,OSM:classe,1,40
-5.793903,-61.444114,60,OSM:classe,1,40
-5.792549,-60.178405,80,OSM:classe,1,60
-5.790248,-61.446351,60,OSM:classe,1,40
-5.788237,-62.311563,60,OSM,0,
-5.788176,-60.177721,80,OSM:classe,1,60
-5.788113,-62.311479,60,OSM,0,
-5.785854,-61.447309,60,OSM:classe,1,40
-5.783804,-60.176903,80,OSM:classe,1,60
-5.781459,-61.448268,60,OSM:classe,1,40
-5.779838,-60.179033,80,OSM:classe,1,60
-5.778612,-62.305016,60,OSM,0,
-5.777065,-61.449226,60,OSM:classe,1,40
-5.776432,-60.181876,80,OSM:classe,1,60
-5.773447,-60.185256,80,OSM:classe,1,60
-5.772671,-61.450184,60,OSM:classe,1,40
-5.770499,-60.188669,80,OSM:classe,1,60
-5.769112,-62.298552,60,OSM,0,
-5.768276,-61.451142,60,OSM:classe,1,40
-5.767566,-60.192095,80,OSM:classe,1,60
-5.764634,-60.195521,80,OSM:classe,1,60
-5.763882,-61.452100,60,OSM:classe,1,40
-5.762115,-60.199245,80,OSM:classe,1,60
-5.759837,-60.203141,80,OSM:classe,1,60
-5.759611,-62.292088,60,OSM,0,
-5.759487,-61.453059,60,OSM:classe,1,40
-5.757559,-60.207038,80,OSM:classe,1,60
-5.755093,-61.454017,60,OSM:classe,1,40
-5.754144,-60.209858,80,OSM:classe,1,60
-5.750686,-61.454914,60,OSM:classe,1,40
-5.750411,-60.212379,80,OSM:classe,1,60
-5.750110,-62.285624,60,OSM,0,
-5.746624,-60.214812,80,OSM:classe,1,60
-5.746278,-61.455806,60,OSM:classe,1,40
-5.742753,-60.217111,80,OSM:classe,1,60
-5.741848,-61.456576,60,OSM:classe,1,40
-5.739666,-62.279075,60,OSM,0,
-5.738862,-60.219375,80,OSM:classe,1,60
-5.737513,-61.456482,60,OSM:classe,1,40
-5.734874,-60.221461,80,OSM:classe,1,60
-5.733351,-61.454800,60,OSM:classe,1,40
-5.730885,-60.223548,80,OSM:classe,1,60
-5.729222,-62.272527,60,OSM,0,
-5.728996,-61.453676,60,OSM:classe,1,40
-5.726896,-60.225634,80,OSM:classe,1,60
-5.724543,-61.453290,60,OSM:classe,1,40
-5.722908,-60.227721,80,OSM:classe,1,60
-5.720047,-61.453234,60,OSM:classe,1,40
-5.718915,-60.229799,80,OSM:classe,1,60
-5.718778,-62.265979,60,OSM,0,
-5.715551,-61.453177,60,OSM:classe,1,40
-5.714873,-60.231780,80,OSM:classe,1,60
-5.711054,-61.453120,60,OSM:classe,1,40
-5.710832,-60.233760,80,OSM:classe,1,60
-5.708334,-62.259430,60,OSM,0,
-5.706790,-60.235741,80,OSM:classe,1,60
-5.706558,-61.453063,60,OSM:classe,1,40
-5.702748,-60.237722,80,OSM:classe,1,60
-5.702062,-61.453007,60,OSM:classe,1,40
-5.698706,-60.239702,80,OSM:classe,1,60
-5.697890,-62.252882,60,OSM,0,
-5.697566,-61.452950,60,OSM:classe,1,40
-5.694405,-60.240439,80,OSM:classe,1,60
-5.693069,-61.452893,60,OSM:classe,1,40
-5.689990,-60.239617,80,OSM:classe,1,60
-5.688573,-61.452836,60,OSM:classe,1,40
-5.687446,-62.246333,60,OSM,0,
-5.685508,-60.239753,80,OSM:classe,1,60
-5.684077,-61.452834,60,OSM:classe,1,40
-5.681020,-60.240018,80,OSM:classe,1,60
-5.679580,-61.452847,60,OSM:classe,1,40
-5.677002,-62.239785,60,OSM,0,
-5.676758,-60.241341,80,OSM:classe,1,60
-5.675083,-61.452860,60,OSM:classe,1,40
-5.672572,-60.242901,80,OSM:classe,1,60
-5.670587,-61.452872,60,OSM:classe,1,40
-5.668077,-60.242939,80,OSM:classe,1,60
-5.666558,-62.233236,60,OSM,0,
-5.666093,-61.452770,60,OSM:classe,1,40
-5.664095,-60.241148,80,OSM:classe,1,60
-5.661602,-61.452543,60,OSM:classe,1,40
-5.661205,-60.237793,80,OSM:classe,1,60
-5.659165,-60.233767,80,OSM:classe,1,60
-5.657125,-60.229740,80,OSM:classe,1,60
-5.657107,-61.452492,60,OSM:classe,1,40
-5.656114,-62.226688,60,OSM,0,
-5.655085,-60.225713,80,OSM:classe,1,60
-5.653045,-60.221686,80,OSM:classe,1,60
-5.652611,-61.452525,60,OSM:classe,1,40
-5.651005,-60.217659,80,OSM:classe,1,60
-5.648114,-61.452544,60,OSM:classe,1,40
-5.647898,-60.214428,80,OSM:classe,1,60
-5.645670,-62.220139,60,OSM,0,
-5.644569,-60.211412,80,OSM:classe,1,60
-5.643618,-61.452487,60,OSM:classe,1,40
-5.640317,-60.212112,80,OSM:classe,1,60
-5.639122,-61.452431,60,OSM:classe,1,40
-5.637018,-62.214661,60,OSM,0,
-5.635922,-60.212929,80,OSM:classe,1,60
-5.634626,-61.452374,60,OSM:classe,1,40
-5.634096,-63.190774,60,OSM:classe,1,40
-5.632239,-63.184050,60,OSM:classe,1,40
-5.631433,-60.213197,80,OSM:classe,1,60
-5.630724,-63.185954,60,OSM:classe,1,40
-5.630129,-61.452318,60,OSM:classe,1,40
-5.629683,-63.189905,60,OSM:classe,1,40
-5.628366,-62.209182,60,OSM,0,
-5.627678,-61.452980,60,OSM:classe,1,40
-5.627065,-63.188081,60,OSM:classe,1,40
-5.626945,-60.213466,80,OSM:classe,1,60
-5.626782,-63.188147,60,OSM:classe,1,40
-5.625319,-63.189104,60,OSM:classe,1,40
-5.624756,-63.186892,60,OSM:classe,1,40
-5.624247,-61.455877,60,OSM:classe,1,40
-5.623110,-63.190209,60,OSM:classe,1,40
-5.622456,-60.213735,80,OSM:classe,1,60
-5.621294,-63.187141,60,OSM:classe,1,40
-5.620923,-61.458919,60,OSM:classe,1,40
-5.620464,-63.186126,60,OSM:classe,1,40
-5.620439,-63.186130,60,OSM:classe,1,40
-5.619714,-62.203703,60,OSM,0,
-5.617967,-60.214003,80,OSM:classe,1,60
-5.617574,-61.461934,60,OSM:classe,1,40
-5.617454,-63.187665,60,OSM:classe,1,40
-5.614225,-61.464949,60,OSM:classe,1,40
-5.613479,-60.214272,80,OSM:classe,1,60
-5.611063,-62.198224,60,OSM,0,
-5.610876,-61.467963,60,OSM:classe,1,40
-5.610843,-62.198076,60,OSM,0,
-5.609127,-60.215269,80,OSM:classe,1,60
-5.607526,-61.470978,60,OSM:classe,1,40
-5.604851,-60.216667,80,OSM:classe,1,60
-5.604177,-61.473993,60,OSM:classe,1,40
-5.600828,-61.477008,60,OSM:classe,1,40
-5.600576,-60.218065,80,OSM:classe,1,60
-5.600415,-62.191575,60,OSM,0,
-5.597479,-61.480023,60,OSM:classe,1,40
-5.596300,-60.219463,80,OSM:classe,1,60
-5.594130,-61.483038,60,OSM:classe,1,40
-5.592024,-60.220862,80,OSM:classe,1,60
-5.590781,-61.486052,60,OSM:classe,1,40
-5.589986,-62.185074,60,OSM,0,
-5.587742,-60.222239,80,OSM:classe,1,60
-5.587431,-61.489067,60,OSM:classe,1,40
-5.584082,-61.492082,60,OSM:classe,1,40
-5.583334,-60.222854,80,OSM:classe,1,60
-5.580733,-61.495097,60,OSM:classe,1,40
-5.579558,-62.178573,60,OSM,0,
-5.578840,-60.222694,80,OSM:classe,1,60
-5.577430,-61.498162,60,OSM:classe,1,40
-5.574347,-60.222534,80,OSM:classe,1,60
-5.574131,-61.501232,60,OSM:classe,1,40
-5.570831,-61.504301,60,OSM:classe,1,40
-5.569853,-60.222374,80,OSM:classe,1,60
-5.569224,-62.172024,60,OSM,0,
-5.567532,-61.507371,60,OSM:classe,1,40
-5.565359,-60.222214,80,OSM:classe,1,60
-5.564233,-61.510441,60,OSM:classe,1,40
-5.560933,-61.513510,60,OSM:classe,1,40
-5.560865,-60.222054,80,OSM:classe,1,60
-5.558890,-62.165476,60,OSM,0,
-5.557634,-61.516580,60,OSM:classe,1,40
-5.556371,-60.221894,80,OSM:classe,1,60
-5.554335,-61.519650,60,OSM:classe,1,40
-5.551878,-60.221734,80,OSM:classe,1,60
-5.551036,-61.522719,60,OSM:classe,1,40
-5.548556,-62.158927,60,OSM,0,
-5.548292,-60.219355,80,OSM:classe,1,60
-5.548184,-60.219236,80,OSM:classe,1,60
-5.547736,-61.525789,60,OSM:classe,1,40
-5.546783,-60.217569,80,OSM:classe,1,60
-5.544437,-61.528859,60,OSM:classe,1,40
-5.544335,-60.213798,80,OSM:classe,1,60
-5.542095,-60.209881,80,OSM:classe,1,60
-5.541138,-61.531928,60,OSM:classe,1,40
-5.540173,-62.152122,60,OSM,0,
-5.539855,-60.205964,80,OSM:classe,1,60
-5.537839,-61.534998,60,OSM:classe,1,40
-5.537616,-60.202046,80,OSM:classe,1,60
-5.535376,-60.198129,80,OSM:classe,1,60
-5.535273,-60.197968,80,OSM:classe,1,60
-5.534539,-61.538068,60,OSM:classe,1,40
-5.533462,-60.194124,80,OSM:classe,1,60
-5.533037,-60.189626,80,OSM:classe,1,60
-5.531790,-62.145317,60,OSM,0,
-5.531195,-61.541088,60,OSM:classe,1,40
-5.530297,-60.186721,80,OSM:classe,1,60
-5.527835,-61.544089,60,OSM:classe,1,40
-5.525899,-60.185784,80,OSM:classe,1,60
-5.524474,-61.547090,60,OSM:classe,1,40
-5.521680,-62.136491,60,OSM,0,
-5.521500,-60.184847,80,OSM:classe,1,60
-5.521488,-62.136321,60,OSM,0,
-5.521113,-61.550092,60,OSM:classe,1,40
-5.517774,-61.553116,60,OSM:classe,1,40
-5.517101,-60.183910,80,OSM:classe,1,60
-5.514556,-61.556272,60,OSM:classe,1,40
-5.514128,-62.130051,60,OSM,0,
-5.512702,-60.182973,80,OSM:classe,1,60
-5.511339,-61.559428,60,OSM:classe,1,40
-5.508303,-60.182036,80,OSM:classe,1,60
-5.508030,-61.562487,60,OSM:classe,1,40
-5.504714,-61.565537,60,OSM:classe,1,40
-5.503905,-60.181099,80,OSM:classe,1,60
-5.503240,-62.123557,60,OSM,0,
-5.503170,-62.123516,60,OSM,0,
-5.501297,-61.568473,60,OSM:classe,1,40
-5.499506,-60.180162,80,OSM:classe,1,60
-5.497863,-61.571390,60,OSM:classe,1,40
-5.495107,-60.179225,80,OSM:classe,1,60
-5.494429,-61.574306,60,OSM:classe,1,40
-5.492359,-62.117283,60,OSM,0,
-5.490995,-61.577223,60,OSM:classe,1,40
-5.490708,-60.178288,80,OSM:classe,1,60
-5.488726,-62.115490,60,OSM,0,
-5.487561,-61.580139,60,OSM:classe,1,40
-5.486309,-60.177351,80,OSM:classe,1,60
-5.484127,-61.583056,60,OSM:classe,1,40
-5.481911,-60.176414,80,OSM:classe,1,60
-5.479845,-61.583620,60,OSM:classe,1,40
-5.478894,-62.111444,60,OSM,0,
-5.478467,-61.583487,60,OSM:classe,1,40
-5.477680,-61.583361,60,OSM:classe,1,40
-5.477512,-60.175477,80,OSM:classe,1,60
-5.473217,-61.582814,60,OSM:classe,1,40
-5.473113,-60.174540,80,OSM:classe,1,60
-5.469061,-62.107398,60,OSM,0,
-5.468796,-61.582754,60,OSM:classe,1,40
-5.468714,-60.173603,80,OSM:classe,1,60
-5.464621,-61.584397,60,OSM:classe,1,40
-5.464316,-60.172666,80,OSM:classe,1,60
-5.461166,-61.587211,60,OSM:classe,1,40
-5.459917,-60.171729,80,OSM:classe,1,60
-5.459285,-62.102585,60,OSM,0,
-5.458505,-62.101966,60,OSM,0,
-5.458029,-61.590447,60,OSM:classe,1,40
-5.457857,-62.101647,60,OSM,0,
-5.456358,-62.101180,60,OSM,0,
-5.455518,-60.170792,80,OSM:classe,1,60
-5.454891,-61.593682,60,OSM:classe,1,40
-5.451753,-61.596917,60,OSM:classe,1,40
-5.451119,-60.169855,80,OSM:classe,1,60
-5.448615,-61.600153,60,OSM:classe,1,40
-5.446720,-60.168918,80,OSM:classe,1,60
-5.445508,-62.095823,60,OSM,0,
-5.445477,-61.603388,60,OSM:classe,1,40
-5.445031,-62.095579,60,OSM,0,
-5.442340,-61.606624,60,OSM:classe,1,40
-5.442322,-60.167980,80,OSM:classe,1,60
-5.439202,-61.609859,60,OSM:classe,1,40
-5.437923,-60.167043,80,OSM:classe,1,60
-5.437066,-62.091598,60,OSM,0,
-5.436064,-61.613095,60,OSM:classe,1,40
-5.433524,-60.166106,80,OSM:classe,1,60
-5.432833,-61.616236,60,OSM:classe,1,40
-5.429599,-61.619374,60,OSM:classe,1,40
-5.429125,-60.165169,80,OSM:classe,1,60
-5.429101,-62.087616,60,OSM,0,
-5.429029,-62.087580,60,OSM,0,
-5.426364,-61.622511,60,OSM:classe,1,40
-5.424726,-60.164232,80,OSM:classe,1,60
-5.423566,-62.084906,60,OSM,0,
-5.423497,-62.084864,60,OSM,0,
-5.422801,-61.625236,60,OSM:classe,1,40
-5.420328,-60.163295,80,OSM:classe,1,60
-5.419348,-61.628077,60,OSM:classe,1,40
-5.416292,-61.631390,60,OSM:classe,1,40
-5.416183,-62.081294,60,OSM,0,
-5.415929,-60.162358,80,OSM:classe,1,60
-5.414939,-62.080499,60,OSM,0,
-5.413120,-61.634583,60,OSM:classe,1,40
-5.411530,-60.161421,80,OSM:classe,1,60
-5.409698,-61.637513,60,OSM:classe,1,40
-5.407131,-60.160484,80,OSM:classe,1,60
-5.406276,-61.640443,60,OSM:classe,1,40
-5.405104,-62.073241,60,OSM,0,
-5.402854,-61.643373,60,OSM:classe,1,40
-5.402732,-60.159547,80,OSM:classe,1,60
-5.399432,-61.646303,60,OSM:classe,1,40
-5.398334,-60.158610,80,OSM:classe,1,60
-5.396010,-61.649233,60,OSM:classe,1,40
-5.395269,-62.065984,60,OSM,0,
-5.393935,-60.157673,80,OSM:classe,1,60
-5.392660,-61.652240,60,OSM:classe,1,40
-5.389536,-60.156736,80,OSM:classe,1,60
-5.389523,-61.655473,60,OSM:classe,1,40
-5.386189,-61.658503,60,OSM:classe,1,40
-5.385434,-62.058727,60,OSM,0,
-5.385115,-60.155970,80,OSM:classe,1,60
-5.382701,-61.661354,60,OSM:classe,1,40
-5.380814,-60.154883,80,OSM:classe,1,60
-5.379213,-61.664204,60,OSM:classe,1,40
-5.376415,-60.153950,80,OSM:classe,1,60
-5.375762,-61.667097,60,OSM:classe,1,40
-5.375599,-62.051469,60,OSM,0,
-5.372518,-61.670224,60,OSM:classe,1,40
-5.372015,-60.153017,80,OSM:classe,1,60
-5.369275,-61.673352,60,OSM:classe,1,40
-5.367616,-60.152085,80,OSM:classe,1,60
-5.366031,-61.676480,60,OSM:classe,1,40
-5.365764,-62.044212,60,OSM,0,
-5.363216,-60.151152,80,OSM:classe,1,60
-5.362743,-61.679561,60,OSM:classe,1,40
-5.359441,-61.682626,60,OSM:classe,1,40
-5.358816,-60.150219,80,OSM:classe,1,60
-5.358724,-60.150202,60,OSM:classe,1,50
-5.356139,-61.685692,60,OSM:classe,1,40
-5.355929,-62.036955,60,OSM,0,
-5.355864,-62.036906,60,OSM,0,
-5.354972,-60.149409,60,OSM:classe,1,50
-5.354008,-62.035561,60,OSM,0,
-5.352836,-61.688757,60,OSM:classe,1,40
-5.350571,-60.148479,60,OSM:classe,1,50
-5.349534,-61.691822,60,OSM:classe,1,40
-5.348229,-62.031296,60,OSM,0,
-5.346232,-61.694888,60,OSM:classe,1,40
-5.346171,-60.147549,60,OSM:classe,1,50
-5.342929,-61.697953,60,OSM:classe,1,40
-5.342449,-62.027031,60,OSM,0,
-5.342372,-62.026976,60,OSM,0,
-5.341771,-60.146619,60,OSM:classe,1,50
-5.339615,-61.701005,60,OSM:classe,1,40
-5.337515,-62.023469,60,OSM,0,
-5.337446,-62.023422,60,OSM,0,
-5.337371,-60.145689,60,OSM:classe,1,50
-5.336295,-61.704050,60,OSM:classe,1,40
-5.332970,-60.144759,60,OSM:classe,1,50
-5.332926,-61.707040,60,OSM:classe,1,40
-5.329428,-61.709877,60,OSM:classe,1,40
-5.328570,-60.143829,60,OSM:classe,1,50
-5.326703,-61.713469,60,OSM:classe,1,40
-5.326615,-62.015371,60,OSM,0,
-5.324170,-60.142898,60,OSM:classe,1,50
-5.323797,-62.012941,60,OSM,0,
-5.323220,-61.716325,60,OSM:classe,1,40
-5.320732,-62.008711,60,OSM,0,
-5.319867,-61.719331,60,OSM:classe,1,40
-5.319770,-60.141968,60,OSM:classe,1,50
-5.317547,-62.000616,60,OSM,0,
-5.317419,-62.000262,60,OSM,0,
-5.316841,-61.722669,60,OSM:classe,1,40
-5.315370,-60.141038,60,OSM:classe,1,50
-5.313780,-61.990820,60,OSM,0,
-5.313632,-61.725815,60,OSM:classe,1,40
-5.310969,-60.140108,60,OSM:classe,1,50
-5.310178,-61.728706,60,OSM:classe,1,40
-5.310141,-61.981378,60,OSM,0,
-5.306613,-61.731456,60,OSM:classe,1,40
-5.306569,-60.139178,60,OSM:classe,1,50
-5.306502,-61.971936,60,OSM,0,
-5.306431,-61.971748,60,OSM,0,
-5.303117,-61.734292,60,OSM:classe,1,40
-5.302730,-61.961976,60,OSM,0,
-5.302169,-60.138248,60,OSM:classe,1,50
-5.299777,-61.737307,60,OSM:classe,1,40
-5.299030,-61.952205,60,OSM,0,
-5.297769,-60.137318,60,OSM:classe,1,50
-5.296738,-61.740636,60,OSM:classe,1,40
-5.295841,-61.944346,60,OSM,0,
-5.294596,-61.942350,60,OSM,0,
-5.293369,-60.136388,60,OSM:classe,1,50
-5.293000,-61.743136,60,OSM:classe,1,40
-5.292572,-61.939909,60,OSM,0,
-5.289676,-61.746146,60,OSM:classe,1,40
-5.288968,-60.135458,60,OSM:classe,1,50
-5.287578,-61.934790,60,OSM,0,
-5.286519,-61.749362,60,OSM:classe,1,40
-5.284568,-60.134528,60,OSM:classe,1,50
-5.283363,-61.752578,60,OSM:classe,1,40
-5.282584,-61.929671,60,OSM,0,
-5.282452,-61.929535,60,OSM,0,
-5.280168,-60.133598,60,OSM:classe,1,50
-5.279924,-61.755486,60,OSM:classe,1,40
-5.278832,-61.756399,60,OSM:classe,1,40
-5.275768,-60.132668,60,OSM:classe,1,50
-5.275272,-61.759159,60,OSM:classe,1,40
-5.273137,-61.920010,60,OSM,0,
-5.271713,-61.761918,60,OSM:classe,1,40
-5.271367,-60.131738,60,OSM:classe,1,50
-5.268271,-61.764809,60,OSM:classe,1,40
-5.266967,-60.130808,60,OSM:classe,1,50
-5.265160,-61.768069,60,OSM:classe,1,40
-5.263822,-61.910486,60,OSM,0,
-5.262567,-60.129878,60,OSM:classe,1,50
-5.262059,-60.129726,60,OSM:classe,1,40
-5.262042,-60.130227,60,OSM:classe,1,50
-5.261975,-60.130545,60,OSM:classe,1,50
-5.261779,-61.771047,60,OSM:classe,1,40
-5.261039,-60.134962,60,OSM:classe,1,50
-5.260104,-60.139379,60,OSM:classe,1,50
-5.259168,-60.143796,60,OSM:classe,1,50
-5.258398,-61.774024,60,OSM:classe,1,40
-5.258233,-60.148212,60,OSM:classe,1,50
-5.257661,-60.128787,60,OSM:classe,1,40
-5.257308,-60.152357,60,OSM:classe,1,50
-5.256464,-60.156790,60,OSM:classe,1,50
-5.255513,-60.161204,60,OSM:classe,1,50
-5.255018,-61.777001,60,OSM:classe,1,40
-5.254562,-60.165617,60,OSM:classe,1,50
-5.254507,-61.900962,60,OSM,0,
-5.253612,-60.170031,60,OSM:classe,1,50
-5.253263,-60.127848,60,OSM:classe,1,40
-5.252787,-61.778965,60,OSM:classe,1,40
-5.252661,-60.174444,60,OSM:classe,1,50
-5.251710,-60.178858,60,OSM:classe,1,50
-5.251535,-61.780121,60,OSM:classe,1,40
-5.250759,-60.183271,60,OSM:classe,1,50
-5.249808,-60.187684,60,OSM:classe,1,50
-5.248864,-60.126909,60,OSM:classe,1,40
-5.248492,-60.191957,60,OSM:classe,1,50
-5.248393,-61.783275,60,OSM:classe,1,40
-5.246537,-61.787334,60,OSM:classe,1,40
-5.246249,-60.195870,60,OSM:classe,1,50
-5.245192,-61.891438,60,OSM,0,
-5.245086,-61.791501,60,OSM:classe,1,40
-5.244466,-60.125970,60,OSM:classe,1,40
-5.244005,-60.199784,60,OSM:classe,1,50
-5.242094,-61.794872,60,OSM:classe,1,40
-5.241762,-60.203697,60,OSM:classe,1,50
-5.240068,-60.125031,60,OSM:classe,1,40
-5.239518,-60.207610,60,OSM:classe,1,50
-5.239103,-61.798243,60,OSM:classe,1,40
-5.237275,-60.211523,60,OSM:classe,1,50
-5.236096,-61.801600,60,OSM:classe,1,40
-5.235877,-61.881914,60,OSM,0,
-5.235669,-60.124093,60,OSM:classe,1,40
-5.235031,-60.215437,60,OSM:classe,1,50
-5.233037,-61.804910,60,OSM:classe,1,40
-5.232788,-60.219350,60,OSM:classe,1,50
-5.231271,-60.123154,60,OSM:classe,1,40
-5.230544,-60.223263,60,OSM:classe,1,50
-5.230059,-60.224173,80,OSM:classe,1,60
-5.229964,-61.808205,60,OSM:classe,1,40
-5.227607,-60.227927,80,OSM:classe,1,60
-5.226873,-60.122215,60,OSM:classe,1,40
-5.226663,-61.811272,60,OSM:classe,1,40
-5.226561,-61.872390,60,OSM,0,
-5.224875,-60.231434,80,OSM:classe,1,60
-5.223362,-61.814338,60,OSM:classe,1,40
-5.222865,-60.235465,80,OSM:classe,1,60
-5.222474,-60.121276,60,OSM:classe,1,40
-5.220062,-61.817404,60,OSM:classe,1,40
-5.219551,-60.238331,80,OSM:classe,1,60
-5.218076,-60.120337,60,OSM:classe,1,40
-5.217246,-61.862866,60,OSM,0,
-5.216761,-61.820471,60,OSM:classe,1,40
-5.215950,-60.240919,80,OSM:classe,1,60
-5.215013,-61.859829,60,OSM,0,
-5.213757,-60.244694,80,OSM:classe,1,60
-5.213678,-60.119398,60,OSM:classe,1,40
-5.213460,-61.823537,60,OSM:classe,1,40
-5.210264,-60.051046,60,OSM:classe,1,40
-5.210160,-61.826603,60,OSM:classe,1,40
-5.210107,-60.247270,80,OSM:classe,1,60
-5.209988,-61.851919,60,OSM,0,
-5.209914,-60.054856,60,OSM:classe,1,40
-5.209500,-60.059353,60,OSM:classe,1,40
-5.209279,-60.118459,60,OSM:classe,1,40
-5.209087,-60.063849,60,OSM:classe,1,40
-5.208674,-60.068345,60,OSM:classe,1,40
-5.208260,-60.072841,60,OSM:classe,1,40
-5.207847,-60.077337,60,OSM:classe,1,40
-5.207433,-60.081833,60,OSM:classe,1,40
-5.207020,-60.086329,60,OSM:classe,1,40
-5.206859,-61.829670,60,OSM:classe,1,40
-5.206607,-60.090825,60,OSM:classe,1,40
-5.206436,-60.249627,80,OSM:classe,1,60
-5.206193,-60.095321,60,OSM:classe,1,40
-5.205780,-60.099818,60,OSM:classe,1,40
-5.205366,-60.104314,60,OSM:classe,1,40
-5.204963,-61.844008,60,OSM,0,
-5.204953,-60.108810,60,OSM:classe,1,40
-5.204881,-60.117520,60,OSM:classe,1,40
-5.203558,-61.832736,60,OSM:classe,1,40
-5.202917,-60.112706,60,OSM:classe,1,40
-5.202693,-60.251953,80,OSM:classe,1,60
-5.200564,-60.116369,60,OSM:classe,1,40
-5.200258,-61.835802,60,OSM:classe,1,40
-5.200126,-61.835925,60,OSM:classe,1,40
-5.199937,-61.836097,60,OSM,0,
-5.199861,-60.255394,80,OSM:classe,1,60
-5.197876,-60.259421,80,OSM:classe,1,60
-5.195922,-60.263480,80,OSM:classe,1,60
-5.193236,-60.266908,80,OSM:classe,1,60
-5.193152,-61.825294,60,OSM,0,
-5.188897,-60.268048,80,OSM:classe,1,60
-5.186366,-61.814490,60,OSM,0,
-5.184593,-60.269311,80,OSM:classe,1,60
-5.183378,-60.286513,80,OSM:classe,1,60
-5.182193,-60.282210,80,OSM:classe,1,60
-5.181211,-60.290188,80,OSM:classe,1,60
-5.180375,-60.270866,80,OSM:classe,1,60
-5.180311,-60.278109,80,OSM:classe,1,60
-5.179580,-61.803687,60,OSM,0,
-5.178354,-60.293610,80,OSM:classe,1,60
-5.178248,-60.274158,80,OSM:classe,1,60
-5.175223,-60.296827,80,OSM:classe,1,60
-5.172794,-61.792884,60,OSM,0,
-5.172122,-60.300071,80,OSM:classe,1,60
-5.168914,-60.303162,80,OSM:classe,1,60
-5.166009,-61.782080,60,OSM,0,
-5.165970,-60.306559,80,OSM:classe,1,60
-5.165918,-61.781866,60,OSM,0,
-5.164019,-60.310618,80,OSM:classe,1,60
-5.163704,-61.778832,60,OSM,0,
-5.161331,-60.314184,80,OSM:classe,1,60
-5.158064,-60.317276,80,OSM:classe,1,60
-5.156379,-60.321440,80,OSM:classe,1,60
-5.155351,-61.768888,60,OSM,0,
-5.155122,-60.325736,80,OSM:classe,1,60
-5.154761,-60.330236,80,OSM:classe,1,60
-5.153191,-60.334330,80,OSM:classe,1,60
-5.149996,-60.337206,80,OSM:classe,1,60
-5.147254,-60.340683,80,OSM:classe,1,60
-5.146998,-61.758944,60,OSM,0,
-5.144564,-60.344202,80,OSM:classe,1,60
-5.142142,-60.347991,80,OSM:classe,1,60
-5.139178,-60.351352,80,OSM:classe,1,60
-5.138645,-61.748999,60,OSM,0,
-5.135572,-60.353895,80,OSM:classe,1,60
-5.135268,-60.356147,80,OSM:classe,1,60
-5.135175,-60.354475,80,OSM:classe,1,60
-5.134995,-60.356631,60,OSM:classe,1,50
-5.133068,-60.360706,60,OSM:classe,1,50
-5.131250,-60.364835,60,OSM:classe,1,50
-5.130292,-61.739055,60,OSM,0,
-5.128556,-60.368427,60,OSM:classe,1,50
-5.126958,-60.391031,60,OSM:classe,1,40
-5.125313,-60.371477,60,OSM:classe,1,50
-5.124666,-60.387197,60,OSM:classe,1,40
-5.124307,-60.385262,40,OSM,0,
-5.123963,-60.386474,60,OSM:classe,1,40
-5.123227,-60.385276,60,OSM:classe,1,40
-5.123202,-60.383999,40,OSM,0,
-5.123151,-60.383898,40,OSM,0,
-5.123048,-60.372748,60,OSM:classe,1,50
-5.123001,-60.384975,60,OSM:classe,1,40
-5.122870,-60.384948,60,OSM:classe,1,40
-5.122420,-60.373069,60,OSM:classe,1,50
-5.121938,-61.729111,60,OSM,0,
-5.121425,-60.382759,60,OSM:classe,1,40
-5.121031,-60.373803,60,OSM:classe,1,50
-5.120285,-60.381247,60,OSM:classe,1,40
-5.120244,-60.381283,60,OSM:classe,1,40
-5.119772,-60.380563,60,OSM:classe,1,40
-5.119250,-60.379834,60,OSM:classe,1,40
-5.119106,-60.379676,60,OSM:classe,1,40
-5.118649,-60.375062,40,OSM,0,
-5.118593,-60.375091,40,OSM,0,
-5.117902,-60.377428,60,OSM:classe,1,40
-5.117452,-60.376716,60,OSM:classe,1,40
-5.117109,-60.375879,60,OSM:classe,1,40
-5.117051,-60.375904,60,OSM:classe,1,50
-5.113585,-61.719166,60,OSM,0,
-5.105232,-61.709222,60,OSM,0,
-5.099947,-61.703340,60,OSM,0,
-5.099788,-61.703201,60,OSM,0,
-5.090948,-61.693534,60,OSM,0,
-5.082108,-61.683867,60,OSM,0,
-5.073268,-61.674200,60,OSM,0,
-5.064429,-61.664533,60,OSM,0,
-5.055589,-61.654865,60,OSM,0,
-5.046749,-61.645198,60,OSM,0,
-5.037909,-61.635531,60,OSM,0,
-5.029069,-61.625864,60,OSM,0,
-5.020528,-61.616540,60,OSM,0,
-5.011986,-61.607216,60,OSM,0,
-5.003445,-61.597893,60,OSM,0,
-4.996789,-65.337313,60,OSM:classe,1,40
-4.994903,-61.588569,60,OSM,0,
-4.992367,-65.337647,60,OSM:classe,1,40
-4.988274,-65.335779,60,OSM:classe,1,40
-4.986361,-61.579245,60,OSM,0,
-4.984180,-65.333911,60,OSM:classe,1,40
-4.980087,-65.332043,60,OSM:classe,1,40
-4.977820,-61.569921,60,OSM,0,
-4.976072,-65.330566,60,OSM:classe,1,40
-4.971954,-65.328785,60,OSM:classe,1,40
-4.969278,-61.560598,60,OSM,0,
-4.967758,-65.327216,60,OSM:classe,1,40
-4.964129,-65.325520,60,OSM:classe,1,40
-4.961920,-61.550944,60,OSM,0,
-4.960687,-65.322620,60,OSM:classe,1,40
-4.957750,-65.319360,60,OSM:classe,1,40
-4.954562,-61.541289,60,OSM,0,
-4.954113,-65.317072,60,OSM:classe,1,40
-4.950387,-65.314610,60,OSM:classe,1,40
-4.947204,-61.531635,60,OSM,0,
-4.946767,-65.311932,60,OSM:classe,1,40
-4.943373,-65.309242,60,OSM:classe,1,40
-4.939846,-61.521981,60,OSM,0,
-4.939097,-65.307916,60,OSM:classe,1,40
-4.935250,-65.305967,60,OSM:classe,1,40
-4.932488,-61.512327,60,OSM,0,
-4.931615,-65.303312,60,OSM:classe,1,40
-4.927979,-65.300656,60,OSM:classe,1,40
-4.925130,-61.502673,60,OSM,0,
-4.924343,-65.298001,60,OSM:classe,1,40
-4.920707,-65.295345,60,OSM:classe,1,40
-4.917772,-61.493019,60,OSM,0,
-4.917071,-65.292689,60,OSM:classe,1,40
-4.915744,-61.489694,60,OSM,0,
-4.912678,-65.292334,60,OSM:classe,1,40
-4.911861,-61.481851,60,OSM,0,
-4.908519,-65.293883,60,OSM:classe,1,40
-4.907978,-61.474009,60,OSM,0,
-4.906662,-66.905475,60,OSM:classe,1,40
-4.905003,-61.468149,60,OSM,0,
-4.904634,-65.197571,60,OSM:classe,1,40
-4.904515,-65.295694,60,OSM:classe,1,40
-4.904402,-61.467346,60,OSM,0,
-4.904198,-61.466930,60,OSM,0,
-4.903855,-65.201509,60,OSM:classe,1,40
-4.903827,-61.465735,60,OSM,0,
-4.902207,-66.905061,60,OSM:classe,1,40
-4.901484,-65.205344,60,OSM:classe,1,40
-4.900984,-65.194934,60,OSM:classe,1,40
-4.900711,-65.297579,60,OSM:classe,1,40
-4.900608,-61.459337,60,OSM,0,
-4.899017,-65.209115,60,OSM:classe,1,40
-4.897742,-66.904845,60,OSM:classe,1,40
-4.897389,-61.452939,60,OSM,0,
-4.897335,-65.192298,60,OSM:classe,1,40
-4.896804,-65.299798,60,OSM:classe,1,40
-4.896104,-65.212405,60,OSM:classe,1,40
-4.895404,-65.188258,60,OSM:classe,1,40
-4.894792,-61.447888,60,OSM,0,
-4.894481,-65.183841,60,OSM:classe,1,40
-4.893911,-65.216345,60,OSM:classe,1,40
-4.893559,-65.179424,60,OSM:classe,1,40
-4.893246,-66.904957,60,OSM:classe,1,40
-4.893146,-61.445468,60,OSM,0,
-4.892766,-65.301782,60,OSM:classe,1,40
-4.892465,-65.175066,60,OSM:classe,1,40
-4.891718,-65.220285,60,OSM:classe,1,40
-4.890339,-61.442616,60,OSM,0,
-4.889525,-65.224225,60,OSM:classe,1,40
-4.888879,-65.304038,60,OSM:classe,1,40
-4.888751,-66.905070,60,OSM:classe,1,40
-4.888627,-65.172815,60,OSM:classe,1,40
-4.887837,-65.164532,60,OSM:classe,1,40
-4.887744,-65.160277,60,OSM:classe,1,40
-4.887391,-61.440514,60,OSM,0,
-4.887332,-65.228164,60,OSM:classe,1,40
-4.886824,-65.168732,60,OSM:classe,1,40
-4.886030,-65.156105,60,OSM:classe,1,40
-4.885609,-65.307009,60,OSM:classe,1,40
-4.885544,-66.904104,60,OSM:classe,1,40
-4.885139,-65.232104,60,OSM:classe,1,40
-4.884907,-66.905376,60,OSM:classe,1,40
-4.884315,-65.151933,60,OSM:classe,1,40
-4.884107,-65.311181,60,OSM:classe,1,40
-4.884106,-66.911330,60,OSM:classe,1,40
-4.883696,-65.312517,60,OSM:classe,1,40
-4.883542,-66.903086,60,OSM:classe,1,40
-4.883139,-66.907581,60,OSM:classe,1,40
-4.883047,-65.311884,60,OSM:classe,1,40
-4.882946,-65.236044,60,OSM:classe,1,40
-4.882601,-65.147761,60,OSM:classe,1,40
-4.882461,-66.904842,60,OSM:classe,1,40
-4.882326,-65.315850,60,OSM:classe,1,40
-4.881529,-66.902072,60,OSM:classe,1,40
-4.880999,-66.897702,60,OSM:classe,1,40
-4.880966,-66.897599,60,OSM:classe,1,40
-4.880886,-65.143589,60,OSM:classe,1,40
-4.880754,-65.239984,60,OSM:classe,1,40
-4.880296,-65.319872,60,OSM:classe,1,40
-4.880042,-66.901320,60,OSM:classe,1,40
-4.879824,-65.308737,60,OSM:classe,1,40
-4.879437,-65.139327,60,OSM:classe,1,40
-4.879023,-66.898265,60,OSM:classe,1,40
-4.879006,-66.898195,60,OSM:classe,1,40
-4.878821,-66.898278,60,OSM:classe,1,40
-4.878638,-65.243963,60,OSM:classe,1,40
-4.878255,-66.903349,60,OSM:classe,1,40
-4.877744,-65.323521,60,OSM:classe,1,40
-4.877743,-61.434633,60,OSM,0,
-4.877514,-66.900041,60,OSM:classe,1,40
-4.877307,-66.896935,60,OSM:classe,1,40
-4.876910,-66.904557,60,OSM:classe,1,40
-4.876816,-65.248089,60,OSM:classe,1,40
-4.876805,-66.902405,60,OSM:classe,1,40
-4.876601,-65.305591,60,OSM:classe,1,40
-4.876489,-65.136253,60,OSM:classe,1,40
-4.875829,-66.899189,60,OSM:classe,1,40
-4.874994,-65.252215,60,OSM:classe,1,40
-4.874556,-65.326614,60,OSM:classe,1,40
-4.874331,-66.907222,60,OSM:classe,1,40
-4.874101,-65.128976,60,OSM:classe,1,40
-4.874031,-66.895033,60,OSM:classe,1,40
-4.873811,-65.133435,60,OSM:classe,1,40
-4.873503,-65.114809,60,OSM:classe,1,40
-4.873379,-65.302531,60,OSM:classe,1,40
-4.873085,-65.119289,60,OSM:classe,1,40
-4.873032,-66.899950,60,OSM:classe,1,40
-4.873014,-65.256263,60,OSM:classe,1,40
-4.872124,-65.123476,60,OSM:classe,1,40
-4.872070,-65.126674,60,OSM:classe,1,40
-4.871947,-65.126436,60,OSM:classe,1,40
-4.871618,-65.125712,60,OSM:classe,1,40
-4.871489,-65.125408,60,OSM:classe,1,40
-4.871363,-65.329752,60,OSM:classe,1,40
-4.870867,-65.260228,60,OSM:classe,1,40
-4.870473,-65.111916,60,OSM:classe,1,40
-4.870353,-65.299390,60,OSM:classe,1,40
-4.870139,-66.892773,60,OSM:classe,1,40
-4.869441,-65.108074,60,OSM:classe,1,40
-4.869319,-66.892287,60,OSM:classe,1,40
-4.868797,-65.264224,60,OSM:classe,1,40
-4.868659,-65.264738,60,OSM:classe,1,40
-4.868512,-65.333242,60,OSM:classe,1,40
-4.868213,-65.268917,60,OSM:classe,1,40
-4.868094,-61.428752,60,OSM,0,
-4.868038,-65.103932,60,OSM:classe,1,40
-4.867856,-65.273313,60,OSM:classe,1,40
-4.867432,-65.277806,60,OSM:classe,1,40
-4.867093,-65.296731,60,OSM:classe,1,40
-4.867009,-65.282298,60,OSM:classe,1,40
-4.866264,-65.286580,60,OSM:classe,1,40
-4.866134,-65.100583,60,OSM:classe,1,40
-4.865462,-65.096502,60,OSM:classe,1,40
-4.865456,-65.266897,60,OSM:classe,1,40
-4.865448,-66.889990,60,OSM:classe,1,40
-4.864949,-65.083532,60,OSM:classe,1,40
-4.864722,-65.079952,60,OSM:classe,1,40
-4.864648,-65.092266,60,OSM:classe,1,40
-4.864377,-65.293195,60,OSM:classe,1,40
-4.864293,-65.334490,60,OSM:classe,1,40
-4.863964,-65.290123,60,OSM:classe,1,40
-4.863785,-65.087849,60,OSM:classe,1,40
-4.862894,-65.291749,60,OSM:classe,1,40
-4.861921,-65.076561,60,OSM:classe,1,40
-4.861794,-66.887404,60,OSM:classe,1,40
-4.861549,-65.268878,60,OSM:classe,1,40
-4.861217,-65.289985,60,OSM:classe,1,40
-4.859879,-65.335209,60,OSM:classe,1,40
-4.858455,-65.073685,60,OSM:classe,1,40
-4.858446,-61.422871,60,OSM,0,
-4.858057,-65.286775,60,OSM:classe,1,40
-4.857753,-66.885604,60,OSM:classe,1,40
-4.857656,-65.271119,60,OSM:classe,1,40
-4.857620,-66.885529,60,OSM:classe,1,40
-4.856746,-61.421645,60,OSM,0,
-4.856233,-65.337398,60,OSM:classe,1,40
-4.854990,-65.070809,60,OSM:classe,1,40
-4.854897,-65.283564,60,OSM:classe,1,40
-4.854206,-61.419344,60,OSM,0,
-4.853711,-65.344867,60,OSM:classe,1,40
-4.853709,-65.341133,60,OSM:classe,1,40
-4.853702,-66.883314,60,OSM:classe,1,40
-4.853573,-65.272933,60,OSM:classe,1,40
-4.852635,-65.279727,60,OSM:classe,1,40
-4.851524,-65.067934,60,OSM:classe,1,40
-4.851003,-65.275527,60,OSM:classe,1,40
-4.850609,-65.274397,60,OSM:classe,1,40
-4.849857,-61.414395,60,OSM,0,
-4.849784,-66.881100,60,OSM:classe,1,40
-4.849635,-61.414154,60,OSM,0,
-4.849034,-65.270269,60,OSM:classe,1,40
-4.848539,-65.064570,60,OSM:classe,1,40
-4.846326,-65.266896,60,OSM:classe,1,40
-4.845696,-66.879281,60,OSM:classe,1,40
-4.845626,-65.061132,60,OSM:classe,1,40
-4.842713,-65.057694,60,OSM:classe,1,40
-4.842207,-65.265390,60,OSM:classe,1,40
-4.841982,-66.876792,60,OSM:classe,1,40
-4.841000,-61.404686,60,OSM,0,
-4.839516,-65.054583,60,OSM:classe,1,40
-4.838505,-65.262836,60,OSM:classe,1,40
-4.838009,-66.874678,60,OSM:classe,1,40
-4.837600,-66.850377,60,OSM:classe,1,40
-4.835725,-65.052156,60,OSM:classe,1,40
-4.835715,-65.044415,60,OSM:classe,1,40
-4.835625,-65.040389,60,OSM:classe,1,40
-4.834742,-65.263414,60,OSM:classe,1,40
-4.834555,-66.871878,60,OSM:classe,1,40
-4.833925,-65.048486,60,OSM:classe,1,40
-4.833719,-65.036301,60,OSM:classe,1,40
-4.833368,-66.851309,60,OSM:classe,1,40
-4.832415,-65.256846,60,OSM:classe,1,40
-4.832365,-61.395218,60,OSM,0,
-4.832309,-65.261028,60,OSM:classe,1,40
-4.831839,-65.252690,60,OSM:classe,1,40
-4.830770,-65.034507,60,OSM:classe,1,40
-4.830573,-66.869858,60,OSM:classe,1,40
-4.829058,-66.852350,60,OSM:classe,1,40
-4.828556,-65.249916,60,OSM:classe,1,40
-4.827493,-65.032521,60,OSM:classe,1,40
-4.827332,-65.032317,60,OSM:classe,1,40
-4.827026,-65.031944,60,OSM:classe,1,40
-4.826617,-66.867739,60,OSM:classe,1,40
-4.826427,-66.863710,60,OSM:classe,1,40
-4.826122,-66.855656,60,OSM:classe,1,40
-4.825201,-65.249072,60,OSM:classe,1,40
-4.824507,-66.859720,60,OSM:classe,1,40
-4.824116,-65.248296,60,OSM:classe,1,40
-4.824099,-65.029222,60,OSM:classe,1,40
-4.823730,-61.385750,60,OSM,0,
-4.820038,-65.030199,60,OSM:classe,1,40
-4.816199,-65.031896,60,OSM:classe,1,40
-4.815095,-61.376282,60,OSM,0,
-4.812178,-65.033877,60,OSM:classe,1,40
-4.808036,-65.035214,60,OSM:classe,1,40
-4.806765,-61.366940,60,OSM,0,
-4.803806,-65.035814,60,OSM:classe,1,40
-4.799776,-65.037646,60,OSM:classe,1,40
-4.798434,-61.357598,60,OSM,0,
-4.795918,-65.039551,60,OSM:classe,1,40
-4.791589,-65.038858,60,OSM:classe,1,40
-4.790104,-61.348255,60,OSM,0,
-4.787234,-65.037800,60,OSM:classe,1,40
-4.782983,-65.038506,60,OSM:classe,1,40
-4.781773,-61.338913,60,OSM,0,
-4.780003,-65.041468,60,OSM:classe,1,40
-4.775680,-65.042485,60,OSM:classe,1,40
-4.773442,-61.329570,60,OSM,0,
-4.771275,-65.043110,60,OSM:classe,1,40
-4.767356,-65.044293,60,OSM:classe,1,40
-4.765112,-61.320228,60,OSM,0,
-4.763235,-65.045340,60,OSM:classe,1,40
-4.759150,-65.043667,60,OSM:classe,1,40
-4.758853,-61.315369,60,OSM,0,
-4.755103,-65.044165,60,OSM:classe,1,40
-4.752595,-61.310510,60,OSM,0,
-4.749386,-61.308437,60,OSM,0,
-4.737351,-61.303308,60,OSM,0,
-4.725315,-61.298180,60,OSM,0,
-4.713279,-61.293051,60,OSM,0,
-4.712559,-61.293007,60,OSM,0,
-4.711526,-61.292463,60,OSM,0,
-4.711284,-61.292300,60,OSM,0,
-4.699799,-61.287368,60,OSM,0,
-4.688313,-61.282436,60,OSM,0,
-4.676828,-61.277504,60,OSM,0,
-4.665343,-61.272572,60,OSM,0,
-4.655724,-61.266332,60,OSM,0,
-4.646106,-61.260092,60,OSM,0,
-4.636488,-61.253851,60,OSM,0,
-4.626870,-61.247611,60,OSM,0,
-4.619770,-61.240920,60,OSM,0,
-4.610965,-61.232308,60,OSM,0,
-4.602160,-61.223695,60,OSM,0,
-4.593355,-61.215083,60,OSM,0,
-4.584550,-61.206470,60,OSM,0,
-4.575745,-61.197858,60,OSM,0,
-4.566939,-61.189245,60,OSM,0,
-4.558134,-61.180632,60,OSM,0,
-4.557948,-61.180453,60,OSM,0,
-4.552217,-61.174897,60,OSM,0,
-4.546485,-61.169340,60,OSM,0,
-4.544344,-61.166961,60,OSM,0,
-4.536323,-61.156455,60,OSM,0,
-4.528301,-61.145949,60,OSM,0,
-4.520279,-61.135443,60,OSM,0,
-4.512258,-61.124937,60,OSM,0,
-4.504236,-61.114430,60,OSM,0,
-4.496215,-61.103924,60,OSM,0,
-4.488193,-61.093418,60,OSM,0,
-4.480171,-61.082912,60,OSM,0,
-4.472150,-61.072406,60,OSM,0,
-4.464128,-61.061900,60,OSM,0,
-4.456107,-61.051394,60,OSM,0,
-4.448085,-61.040887,60,OSM,0,
-4.442092,-70.110566,60,OSM:classe,1,50
-4.441906,-70.106068,60,OSM:classe,1,50
-4.440616,-70.101771,60,OSM:classe,1,50
-4.440275,-70.114497,60,OSM:classe,1,50
-4.440063,-61.030381,60,OSM,0,
-4.439692,-70.118933,60,OSM:classe,1,50
-4.439304,-70.097464,60,OSM:classe,1,50
-4.438814,-70.080130,60,OSM:classe,1,50
-4.438167,-70.123086,60,OSM:classe,1,50
-4.438097,-70.075842,80,OSM:classe,1,60
-4.437896,-70.084515,60,OSM:classe,1,50
-4.437824,-70.093362,60,OSM:classe,1,50
-4.437687,-70.127511,60,OSM:classe,1,50
-4.437617,-70.088959,60,OSM:classe,1,50
-4.435475,-70.072301,80,OSM:classe,1,60
-4.435417,-70.131144,60,OSM:classe,1,50
-4.432364,-70.069435,80,OSM:classe,1,60
-4.432042,-61.019875,60,OSM,0,
-4.431106,-70.132298,60,OSM:classe,1,50
-4.430963,-61.018479,80,OSM,0,
-4.428445,-70.067837,80,OSM:classe,1,60
-4.426906,-70.133707,60,OSM:classe,1,50
-4.425358,-70.064604,80,OSM:classe,1,60
-4.424929,-59.588151,60,OSM:classe,1,40
-4.424663,-61.010218,80,OSM,0,
-4.423677,-70.136699,60,OSM:classe,1,50
-4.423135,-70.061258,80,OSM:classe,1,60
-4.420950,-70.057524,80,OSM:classe,1,60
-4.420565,-59.587510,60,OSM:classe,1,40
-4.420189,-70.139506,60,OSM:classe,1,50
-4.417616,-70.055135,80,OSM:classe,1,60
-4.417589,-70.143059,60,OSM:classe,1,50
-4.416894,-70.155256,60,OSM:classe,1,50
-4.416639,-70.050904,80,OSM:classe,1,60
-4.416243,-70.151011,60,OSM:classe,1,50
-4.416114,-70.147251,60,OSM:classe,1,50
-4.416096,-59.587921,60,OSM:classe,1,40
-4.415806,-61.000250,80,OSM,0,
-4.414347,-70.047065,80,OSM:classe,1,60
-4.414194,-70.158115,60,OSM:classe,1,50
-4.411650,-59.588599,60,OSM:classe,1,40
-4.411241,-70.043818,80,OSM:classe,1,60
-4.410267,-70.159890,60,OSM:classe,1,50
-4.409918,-70.039577,80,OSM:classe,1,60
-4.409568,-59.592074,60,OSM:classe,1,40
-4.407308,-70.035989,80,OSM:classe,1,60
-4.407169,-70.162919,60,OSM:classe,1,50
-4.406949,-60.990281,80,OSM,0,
-4.406937,-59.595493,60,OSM:classe,1,40
-4.406788,-59.595590,60,OSM:classe,1,40
-4.405517,-59.601492,60,OSM:classe,1,40
-4.405269,-59.591361,60,OSM:classe,1,40
-4.405132,-70.032119,80,OSM:classe,1,60
-4.404332,-59.597836,60,OSM:classe,1,40
-4.403622,-59.587189,60,OSM:classe,1,40
-4.403354,-59.598456,60,OSM:classe,1,40
-4.403328,-70.164630,60,OSM:classe,1,50
-4.402696,-59.597497,60,OSM:classe,1,40
-4.402589,-59.582808,60,OSM:classe,1,40
-4.401927,-70.029511,80,OSM:classe,1,60
-4.401397,-59.578699,60,OSM:classe,1,40
-4.400588,-59.601457,60,OSM:classe,1,40
-4.399599,-59.596393,60,OSM:classe,1,40
-4.399229,-59.601405,60,OSM:classe,1,40
-4.399071,-70.165389,60,OSM:classe,1,50
-4.398879,-59.596345,60,OSM:classe,1,40
-4.398722,-59.596408,60,OSM:classe,1,40
-4.398656,-59.589346,60,OSM:classe,1,40
-4.398448,-59.575303,60,OSM:classe,1,40
-4.398310,-59.596861,60,OSM:classe,1,40
-4.398092,-60.980313,80,OSM,0,
-4.398058,-59.601364,60,OSM:classe,1,40
-4.397647,-70.028269,80,OSM:classe,1,60
-4.397545,-59.601329,60,OSM:classe,1,40
-4.397441,-59.574190,60,OSM:classe,1,40
-4.396280,-59.587490,60,OSM:classe,1,40
-4.396191,-59.601173,60,OSM:classe,1,40
-4.395941,-59.592863,60,OSM:classe,1,40
-4.395796,-59.576118,60,OSM:classe,1,40
-4.395476,-70.028345,60,OSM:classe,1,50
-4.395466,-59.596634,60,OSM:classe,1,40
-4.395328,-70.166529,60,OSM:classe,1,50
-4.395278,-59.592323,60,OSM:classe,1,40
-4.394980,-59.588686,60,OSM:classe,1,40
-4.394398,-59.596522,60,OSM:classe,1,40
-4.393161,-59.589319,60,OSM:classe,1,40
-4.392625,-59.579313,60,OSM:classe,1,40
-4.392340,-59.598338,60,OSM:classe,1,40
-4.392323,-70.029940,60,OSM:classe,1,50
-4.391900,-59.595300,60,OSM:classe,1,40
-4.391666,-59.591734,60,OSM:classe,1,40
-4.391288,-59.586931,60,OSM:classe,1,40
-4.391092,-59.596013,60,OSM:classe,1,40
-4.391062,-59.596049,60,OSM:classe,1,40
-4.390998,-70.167363,60,OSM:classe,1,50
-4.390188,-59.596806,60,OSM:classe,1,40
-4.389402,-59.582457,60,OSM:classe,1,40
-4.389235,-60.970345,80,OSM,0,
-4.389054,-59.592286,60,OSM:classe,1,40
-4.389012,-59.595515,60,OSM:classe,1,40
-4.389000,-59.592225,60,OSM:classe,1,40
-4.388950,-59.595437,60,OSM:classe,1,40
-4.388671,-70.030669,60,OSM:classe,1,40
-4.388667,-70.027008,60,OSM:classe,1,40
-4.388666,-70.026159,60,OSM:classe,1,40
-4.388663,-70.023787,60,OSM:classe,1,40
-4.388353,-59.594783,60,OSM:classe,1,40
-4.387984,-59.596381,60,OSM:classe,1,40
-4.387972,-70.030802,60,OSM:classe,1,50
-4.386836,-70.039763,60,OSM:classe,1,40
-4.386691,-70.168101,60,OSM:classe,1,50
-4.386503,-59.594511,60,OSM:classe,1,40
-4.386446,-59.594453,60,OSM:classe,1,40
-4.386179,-59.585602,60,OSM:classe,1,40
-4.385928,-59.592097,60,OSM:classe,1,40
-4.384952,-59.591014,60,OSM:classe,1,40
-4.384492,-70.025334,60,OSM:classe,1,40
-4.384314,-70.024931,60,OSM:classe,1,40
-4.383646,-70.036702,60,OSM:classe,1,40
-4.383503,-70.030565,60,OSM:classe,1,50
-4.382956,-59.588746,60,OSM:classe,1,40
-4.382723,-70.168294,60,OSM:classe,1,50
-4.381958,-59.587650,60,OSM:classe,1,40
-4.380378,-60.960377,80,OSM,0,
-4.380239,-70.023871,60,OSM:classe,1,40
-4.380057,-59.585515,60,OSM:classe,1,40
-4.379964,-70.026075,60,OSM:classe,1,40
-4.379576,-70.034892,60,OSM:classe,1,40
-4.379462,-70.026207,60,OSM:classe,1,40
-4.379429,-69.999127,60,OSM:classe,1,40
-4.379009,-70.030422,60,OSM:classe,1,50
-4.378818,-70.007278,60,OSM:classe,1,40
-4.378776,-70.169328,60,OSM:classe,1,50
-4.378399,-70.034895,60,OSM:classe,1,40
-4.378375,-70.003085,60,OSM:classe,1,40
-4.378174,-70.037535,60,OSM:classe,1,40
-4.377905,-70.026651,60,OSM:classe,1,40
-4.377567,-70.030510,60,OSM:classe,1,40
-4.377465,-70.030203,60,OSM:classe,1,50
-4.377368,-70.015902,60,OSM:classe,1,40
-4.377350,-70.011409,60,OSM:classe,1,40
-4.376838,-70.033229,60,OSM:classe,1,40
-4.376808,-70.033134,60,OSM:classe,1,40
-4.376088,-70.019056,60,OSM:classe,1,40
-4.375990,-70.030195,60,OSM:classe,1,50
-4.375973,-70.022445,60,OSM:classe,1,40
-4.375918,-70.030204,60,OSM:classe,1,50
-4.375896,-70.027163,60,OSM:classe,1,40
-4.375857,-70.172444,60,OSM:classe,1,50
-4.375594,-70.028975,60,OSM:classe,1,50
-4.375346,-70.022869,60,OSM:classe,1,40
-4.375170,-70.027343,60,OSM:classe,1,50
-4.375156,-70.027285,60,OSM:classe,1,50
-4.373639,-70.027713,60,OSM:classe,1,50
-4.373369,-70.027743,60,OSM:classe,1,50
-4.373203,-70.175614,60,OSM:classe,1,50
-4.372747,-70.027318,60,OSM:classe,1,50
-4.372059,-70.180574,60,OSM:classe,1,50
-4.371521,-60.950409,80,OSM,0,
-4.371346,-70.177125,60,OSM:classe,1,50
-4.369137,-70.187699,60,OSM:classe,1,50
-4.368758,-70.184157,60,OSM:classe,1,50
-4.368562,-70.182675,60,OSM:classe,1,50
-4.366570,-70.191362,60,OSM:classe,1,50
-4.362664,-60.940441,80,OSM,0,
-4.353807,-60.930473,80,OSM,0,
-4.344950,-60.920504,80,OSM,0,
-4.336093,-60.910536,80,OSM,0,
-4.327236,-60.900568,80,OSM,0,
-4.318379,-60.890600,80,OSM,0,
-4.309522,-60.880632,80,OSM,0,
-4.300665,-60.870664,80,OSM,0,
-4.291808,-60.860695,80,OSM,0,
-4.282951,-60.850727,80,OSM,0,
-4.280864,-60.849268,80,OSM,0,
-4.271704,-60.844683,80,OSM,0,
-4.271014,-69.937061,60,OSM:classe,1,50
-4.271007,-69.937196,60,OSM:classe,1,50
-4.270434,-69.930976,60,OSM:classe,1,50
-4.270425,-69.930761,60,OSM:classe,1,50
-4.270036,-69.932694,60,OSM:classe,1,50
-4.269588,-69.941341,60,OSM:classe,1,50
-4.269176,-69.941713,60,OSM:classe,1,50
-4.266969,-69.943212,60,OSM:classe,1,50
-4.262694,-69.944559,60,OSM:classe,1,50
-4.261939,-60.840005,80,OSM,0,
-4.260408,-69.941895,60,OSM:classe,1,40
-4.259885,-69.943773,60,OSM:classe,1,40
-4.259656,-69.945300,60,OSM:classe,1,50
-4.258693,-69.943472,60,OSM:classe,1,40
-4.258604,-69.945512,60,OSM:classe,1,50
-4.258218,-69.944581,60,OSM:classe,1,40
-4.254804,-69.944465,60,OSM:classe,1,50
-4.253521,-69.945957,60,OSM:classe,1,50
-4.253267,-69.945887,60,OSM:classe,1,50
-4.252175,-60.835328,80,OSM,0,
-4.250452,-69.938756,60,OSM:classe,1,50
-4.250394,-69.938879,60,OSM:classe,1,50
-4.250308,-69.938941,60,OSM:classe,1,50
-4.250249,-69.938688,60,OSM:classe,1,50
-4.250213,-69.938788,60,OSM:classe,1,50
-4.250055,-69.939521,60,OSM:classe,1,50
-4.249976,-69.943842,60,OSM:classe,1,50
-4.249739,-69.939751,60,OSM:classe,1,50
-4.249558,-69.939973,60,OSM:classe,1,50
-4.248293,-69.938875,60,OSM:classe,1,50
-4.247688,-69.940202,60,OSM:classe,1,50
-4.247474,-69.939800,60,OSM:classe,1,50
-4.245927,-69.939289,60,OSM:classe,1,50
-4.245657,-69.937937,60,OSM:classe,1,50
-4.242410,-60.830650,80,OSM,0,
-4.241875,-69.938017,60,OSM:classe,1,50
-4.241784,-69.938042,60,OSM:classe,1,50
-4.239695,-69.938290,40,OSM:classe,1,40
-4.237955,-69.938002,40,OSM:classe,1,40
-4.237418,-69.937801,60,OSM:classe,1,50
-4.237345,-69.937922,60,OSM:classe,1,50
-4.236566,-69.937604,40,OSM:classe,1,40
-4.235449,-69.937468,40,OSM:classe,1,40
-4.233777,-69.937393,40,OSM:classe,1,40
-4.232967,-69.937184,60,OSM:classe,1,50
-4.232895,-69.937286,60,OSM:classe,1,50
-4.232813,-69.937156,40,OSM:classe,1,40
-4.232646,-60.825972,80,OSM,0,
-4.231853,-69.937031,40,OSM:classe,1,40
-4.229340,-69.936739,40,OSM:classe,1,40
-4.229275,-69.933823,60,OSM:classe,1,40
-4.229132,-69.929486,60,OSM:classe,1,40
-4.228949,-69.936693,60,OSM:classe,1,40
-4.228500,-69.936668,60,OSM:classe,1,50
-4.228428,-69.936769,60,OSM:classe,1,50
-4.227936,-69.925140,60,OSM:classe,1,40
-4.227835,-69.936674,40,OSM:classe,1,40
-4.226828,-69.936543,40,OSM:classe,1,40
-4.224364,-69.936260,40,OSM:classe,1,40
-4.224033,-69.936152,60,OSM:classe,1,50
-4.223961,-69.936251,60,OSM:classe,1,50
-4.222787,-60.822732,80,OSM,0,
-4.222340,-69.941833,60,OSM:classe,1,40
-4.222238,-69.941844,60,OSM:classe,1,40
-4.222039,-69.935843,40,OSM:classe,1,40
-4.221415,-69.939999,60,OSM:classe,1,40
-4.221257,-69.939872,60,OSM:classe,1,40
-4.220757,-69.938866,60,OSM:classe,1,40
-4.220662,-69.935795,40,OSM:classe,1,40
-4.220245,-69.937696,60,OSM:classe,1,40
-4.219579,-69.938001,60,OSM:classe,1,40
-4.219566,-69.935636,60,OSM:classe,1,50
-4.219495,-69.935733,60,OSM:classe,1,50
-4.219493,-69.935628,60,OSM:classe,1,50
-4.219374,-69.935981,60,OSM:classe,1,40
-4.219295,-69.935813,60,OSM:classe,1,50
-4.219285,-69.939666,60,OSM:classe,1,40
-4.219251,-69.935837,60,OSM:classe,1,40
-4.219239,-69.935834,60,OSM:classe,1,50
-4.219221,-69.935755,60,OSM:classe,1,50
-4.218993,-69.942295,60,OSM:classe,1,40
-4.218661,-69.938442,60,OSM:classe,1,40
-4.217958,-69.942469,60,OSM:classe,1,40
-4.217274,-69.939094,60,OSM:classe,1,40
-4.216833,-69.936868,60,OSM:classe,1,50
-4.216804,-69.942663,60,OSM:classe,1,40
-4.212929,-60.819491,80,OSM,0,
-4.203071,-60.816251,80,OSM,0,
-4.194277,-60.812507,80,OSM,0,
-4.185483,-60.808764,80,OSM,0,
-4.182876,-60.807753,80,OSM,0,
-4.181402,-60.807104,80,OSM,0,
-4.173488,-60.803227,80,OSM,0,
-4.171520,-60.801856,80,OSM,0,
-4.170042,-60.800207,80,OSM,0,
-4.165998,-63.156010,60,OSM:classe,1,40
-4.162293,-63.153600,60,OSM:classe,1,40
-4.161983,-60.789402,80,OSM,0,
-4.158103,-63.152034,60,OSM:classe,1,40
-4.155128,-63.148920,60,OSM:classe,1,40
-4.153924,-60.778598,80,OSM,0,
-4.152798,-63.145178,60,OSM:classe,1,40
-4.149306,-63.142338,60,OSM:classe,1,40
-4.146206,-63.139074,60,OSM:classe,1,40
-4.145865,-60.767793,80,OSM,0,
-4.143127,-63.135788,60,OSM:classe,1,40
-4.140592,-63.130615,60,OSM:classe,1,40
-4.140552,-63.126275,60,OSM:classe,1,40
-4.139371,-63.133651,60,OSM:classe,1,40
-4.139181,-63.122008,60,OSM:classe,1,40
-4.138331,-63.117581,60,OSM:classe,1,40
-4.137806,-60.756988,80,OSM,0,
-4.134212,-63.116239,60,OSM:classe,1,40
-4.130968,-63.135814,60,OSM:classe,1,50
-4.130895,-63.134782,40,OSM:classe,1,40
-4.130251,-63.130763,60,OSM:classe,1,40
-4.130064,-63.115939,60,OSM:classe,1,40
-4.129949,-63.133491,60,OSM:classe,1,40
-4.129746,-60.746183,80,OSM,0,
-4.129723,-63.133686,60,OSM:classe,1,40
-4.129634,-63.133668,60,OSM:classe,1,50
-4.129595,-63.133516,60,OSM:classe,1,50
-4.128649,-63.134129,60,OSM:classe,1,50
-4.127791,-63.119593,60,OSM:classe,1,40
-4.127287,-63.127520,60,OSM:classe,1,40
-4.127024,-63.134841,40,OSM:classe,1,40
-4.126426,-63.123272,60,OSM:classe,1,40
-4.125661,-63.135654,60,OSM:classe,1,50
-4.125020,-63.136145,60,OSM,0,
-4.124767,-63.136372,60,OSM:classe,1,50
-4.123075,-63.137454,40,OSM:classe,1,40
-4.122192,-63.131035,60,OSM,0,
-4.121950,-63.138199,60,OSM:classe,1,50
-4.121687,-60.735378,80,OSM,0,
-4.121071,-63.138939,60,OSM:classe,1,50
-4.119706,-63.064938,60,OSM:classe,1,40
-4.119663,-63.121465,60,OSM:classe,1,40
-4.119479,-63.060520,60,OSM:classe,1,40
-4.118972,-63.069385,60,OSM:classe,1,40
-4.118634,-63.073880,60,OSM:classe,1,40
-4.118466,-63.078382,60,OSM:classe,1,40
-4.118417,-63.140422,40,OSM:classe,1,40
-4.118332,-63.117432,60,OSM:classe,1,40
-4.118068,-63.140407,60,OSM:classe,1,50
-4.118014,-63.082840,60,OSM:classe,1,40
-4.117852,-63.056505,60,OSM:classe,1,40
-4.117764,-63.125168,60,OSM:classe,1,40
-4.117050,-63.140873,60,OSM:classe,1,50
-4.117001,-63.052481,60,OSM:classe,1,40
-4.116913,-63.125718,60,OSM,0,
-4.116608,-63.087122,60,OSM:classe,1,40
-4.116531,-63.100270,60,OSM:classe,1,40
-4.116481,-63.148308,60,OSM,0,
-4.116458,-63.091626,60,OSM:classe,1,40
-4.116338,-63.153654,60,OSM,0,
-4.116319,-63.096132,60,OSM:classe,1,40
-4.115997,-63.104708,60,OSM:classe,1,40
-4.115882,-63.113712,60,OSM:classe,1,40
-4.115762,-63.109210,60,OSM:classe,1,40
-4.115709,-63.149014,60,OSM,0,
-4.115228,-63.153244,60,OSM,0,
-4.114991,-63.128632,60,OSM:classe,1,40
-4.114927,-63.048514,60,OSM:classe,1,40
-4.114681,-63.152405,60,OSM,0,
-4.114450,-63.148711,60,OSM,0,
-4.113948,-63.147508,60,OSM,0,
-4.113838,-63.141964,40,OSM:classe,1,40
-4.113827,-63.141905,60,OSM:classe,1,50
-4.113628,-60.724573,80,OSM,0,
-4.113203,-63.156761,60,OSM,0,
-4.112863,-63.157342,60,OSM,0,
-4.112831,-63.155666,60,OSM,0,
-4.112816,-63.142393,60,OSM:classe,1,50
-4.112741,-63.156731,60,OSM,0,
-4.112694,-63.044601,60,OSM:classe,1,40
-4.112352,-63.157257,60,OSM,0,
-4.111965,-63.155444,60,OSM,0,
-4.111888,-63.145410,60,OSM,0,
-4.111743,-63.157494,60,OSM,0,
-4.111644,-63.155575,60,OSM,0,
-4.111625,-63.149536,60,OSM,0,
-4.111613,-63.148137,60,OSM,0,
-4.111560,-63.149775,60,OSM,0,
-4.111557,-63.148592,60,OSM,0,
-4.111474,-63.131293,60,OSM:classe,1,40
-4.111469,-63.149628,60,OSM,0,
-4.111426,-63.156548,60,OSM,0,
-4.111418,-63.149547,60,OSM,0,
-4.111385,-63.149142,60,OSM,0,
-4.111341,-63.146676,60,OSM,0,
-4.111333,-63.156582,60,OSM,0,
-4.111148,-63.151104,60,OSM,0,
-4.111040,-63.154439,60,OSM,0,
-4.111040,-63.040458,60,OSM:classe,1,40
-4.110998,-63.147311,60,OSM,0,
-4.110958,-63.149733,60,OSM,0,
-4.110871,-63.148576,60,OSM,0,
-4.110764,-63.149480,60,OSM,0,
-4.110707,-63.143710,60,OSM,0,
-4.110628,-63.157944,60,OSM,0,
-4.110510,-63.154332,60,OSM,0,
-4.110468,-63.150508,60,OSM,0,
-4.110371,-63.155382,60,OSM,0,
-4.110361,-63.143789,60,OSM,0,
-4.110299,-63.149248,60,OSM,0,
-4.110192,-63.148182,60,OSM,0,
-4.110181,-63.154781,60,OSM,0,
-4.110006,-63.149051,60,OSM,0,
-4.109869,-63.157281,60,OSM,0,
-4.109864,-63.144000,60,OSM:classe,1,50
-4.109820,-63.148833,60,OSM,0,
-4.109639,-63.147779,60,OSM,0,
-4.109429,-63.146418,60,OSM,0,
-4.109397,-63.155153,60,OSM,0,
-4.109339,-63.144365,40,OSM:classe,1,40
-4.109289,-63.154526,60,OSM,0,
-4.109178,-63.145741,60,OSM,0,
-4.109135,-63.158137,60,OSM,0,
-4.109096,-63.147582,60,OSM,0,
-4.109093,-63.148096,60,OSM,0,
-4.109043,-63.157127,60,OSM,0,
-4.109031,-63.155232,60,OSM,0,
-4.109004,-63.147392,60,OSM,0,
-4.108954,-63.154542,60,OSM,0,
-4.108876,-63.144532,60,OSM:classe,1,50
-4.108853,-63.154604,60,OSM,0,
-4.108835,-63.158638,60,OSM,0,
-4.108752,-63.144577,60,OSM,0,
-4.108742,-63.145558,60,OSM,0,
-4.108732,-63.157400,60,OSM,0,
-4.108721,-63.155349,60,OSM,0,
-4.108690,-63.147825,60,OSM,0,
-4.108675,-63.157654,60,OSM,0,
-4.108596,-63.157864,60,OSM,0,
-4.108596,-63.140447,60,OSM,0,
-4.108542,-63.147519,60,OSM,0,
-4.108422,-63.154780,60,OSM,0,
-4.108344,-63.145737,60,OSM,0,
-4.108339,-63.155558,60,OSM,0,
-4.108323,-63.159188,60,OSM,0,
-4.108312,-63.156538,60,OSM,0,
-4.108311,-63.147117,60,OSM,0,
-4.108181,-63.155363,60,OSM,0,
-4.108178,-63.151364,60,OSM,0,
-4.108085,-63.155175,60,OSM,0,
-4.108078,-63.146649,60,OSM,0,
-4.108027,-63.147581,60,OSM,0,
-4.107991,-63.151206,60,OSM,0,
-4.107972,-63.145503,60,OSM,0,
-4.107875,-63.158669,60,OSM,0,
-4.107860,-63.146315,60,OSM,0,
-4.107780,-63.147152,60,OSM,0,
-4.107774,-63.148680,60,OSM,0,
-4.107768,-63.154221,60,OSM,0,
-4.107750,-63.146210,60,OSM,0,
-4.107742,-63.151707,60,OSM,0,
-4.107731,-63.155787,60,OSM,0,
-4.107706,-63.037451,60,OSM:classe,1,40
-4.107551,-63.145314,60,OSM,0,
-4.107516,-63.146017,60,OSM,0,
-4.107503,-63.158977,60,OSM,0,
-4.107424,-63.132594,60,OSM:classe,1,40
-4.107340,-63.145882,60,OSM,0,
-4.107234,-63.147165,60,OSM,0,
-4.107186,-63.154542,60,OSM,0,
-4.107162,-63.145734,60,OSM,0,
-4.107086,-63.146253,60,OSM,0,
-4.106984,-63.145583,60,OSM,0,
-4.106953,-63.151678,60,OSM,0,
-4.106937,-63.155225,60,OSM,0,
-4.106926,-63.145094,40,OSM:classe,1,40
-4.106714,-63.145907,60,OSM,0,
-4.106624,-63.143431,60,OSM,0,
-4.106461,-63.140327,60,OSM,0,
-4.106450,-63.145104,60,OSM,0,
-4.106429,-63.143602,60,OSM,0,
-4.106418,-63.144995,60,OSM,0,
-4.106253,-63.152639,60,OSM,0,
-4.106207,-63.149583,60,OSM,0,
-4.106161,-63.156120,60,OSM,0,
-4.105771,-63.152309,60,OSM,0,
-4.105692,-63.151795,60,OSM,0,
-4.105680,-63.149578,60,OSM,0,
-4.105674,-63.145288,60,OSM:classe,1,50
-4.105569,-60.713768,80,OSM,0,
-4.105543,-63.156251,60,OSM,0,
-4.105541,-63.153146,60,OSM,0,
-4.105458,-63.151360,60,OSM,0,
-4.105291,-63.146412,60,OSM:classe,1,50
-4.105174,-63.146423,60,OSM,0,
-4.105149,-63.138031,60,OSM,0,
-4.105131,-63.155760,60,OSM,0,
-4.105110,-63.147374,60,OSM,0,
-4.105084,-63.150578,60,OSM,0,
-4.104915,-63.155346,60,OSM,0,
-4.104912,-63.152657,60,OSM,0,
-4.104856,-63.157581,60,OSM,0,
-4.104783,-63.148867,60,OSM,0,
-4.104774,-63.153767,60,OSM,0,
-4.104735,-63.152597,60,OSM,0,
-4.104725,-63.137918,60,OSM,0,
-4.104723,-63.148726,60,OSM,0,
-4.104703,-63.136183,60,OSM:classe,1,40
-4.104695,-63.152591,60,OSM,0,
-4.104527,-63.156351,60,OSM,0,
-4.104479,-63.158173,60,OSM,0,
-4.104453,-63.146272,60,OSM,0,
-4.104372,-63.156737,60,OSM,0,
-4.104343,-63.155123,60,OSM,0,
-4.104210,-63.157191,60,OSM,0,
-4.104141,-63.158314,60,OSM,0,
-4.104100,-63.152487,60,OSM,0,
-4.104065,-63.148011,60,OSM,0,
-4.104064,-63.154346,60,OSM,0,
-4.104020,-63.146119,60,OSM,0,
-4.103996,-63.149290,60,OSM:classe,1,50
-4.103966,-63.136561,60,OSM,0,
-4.103883,-63.152589,60,OSM,0,
-4.103862,-63.146363,60,OSM,0,
-4.103766,-63.153976,60,OSM,0,
-4.103663,-63.035700,60,OSM:classe,1,40
-4.103605,-63.154847,60,OSM,0,
-4.103598,-63.145785,60,OSM,0,
-4.103596,-63.152300,60,OSM,0,
-4.103514,-63.148009,60,OSM,0,
-4.103482,-63.146993,60,OSM,0,
-4.103462,-63.152129,60,OSM,0,
-4.103444,-63.159607,60,OSM,0,
-4.103408,-63.146957,60,OSM,0,
-4.103396,-63.147956,60,OSM,0,
-4.103291,-63.151876,60,OSM,0,
-4.103218,-63.146826,60,OSM,0,
-4.103131,-63.145509,60,OSM,0,
-4.103103,-63.155725,60,OSM,0,
-4.103101,-63.149964,60,OSM:classe,1,50
-4.103026,-63.147691,60,OSM,0,
-4.103003,-63.152759,60,OSM,0,
-4.102947,-63.146627,60,OSM,0,
-4.102892,-63.154029,60,OSM,0,
-4.102743,-63.146468,60,OSM,0,
-4.102715,-63.156036,60,OSM,0,
-4.102654,-63.144889,60,OSM,0,
-4.102600,-63.147805,60,OSM,0,
-4.102561,-63.147213,60,OSM,0,
-4.102539,-63.146309,60,OSM,0,
-4.102430,-63.146224,60,OSM,0,
-4.102419,-63.153325,60,OSM,0,
-4.102415,-63.153196,60,OSM,0,
-4.102394,-63.156381,60,OSM,0,
-4.102341,-63.150323,60,OSM,0,
-4.102259,-63.146076,60,OSM,0,
-4.102215,-63.146132,60,OSM,0,
-4.102203,-63.144697,60,OSM,0,
-4.102154,-63.151842,60,OSM,0,
-4.102148,-63.146842,60,OSM,0,
-4.102126,-63.152185,60,OSM,0,
-4.102124,-63.144878,60,OSM,0,
-4.102096,-63.145029,60,OSM,0,
-4.102000,-63.145827,60,OSM,0,
-4.101990,-63.145532,60,OSM,0,
-4.101870,-63.154525,60,OSM,0,
-4.101790,-63.139290,60,OSM,0,
-4.101779,-63.154361,60,OSM,0,
-4.101732,-63.155523,60,OSM,0,
-4.101705,-63.153834,60,OSM,0,
-4.101676,-63.144807,60,OSM,0,
-4.101675,-63.150852,60,OSM,0,
-4.101669,-63.155084,60,OSM,0,
-4.101638,-63.148571,60,OSM,0,
-4.101632,-63.146834,60,OSM,0,
-4.101612,-63.150756,60,OSM,0,
-4.101581,-63.144807,60,OSM,0,
-4.101545,-63.153941,60,OSM,0,
-4.101543,-63.148420,60,OSM,0,
-4.101437,-63.144216,60,OSM,0,
-4.101371,-63.138682,60,OSM,0,
-4.101354,-63.148132,60,OSM,0,
-4.101343,-63.156093,60,OSM,0,
-4.101243,-63.146532,60,OSM,0,
-4.101108,-63.142961,60,OSM,0,
-4.101097,-63.145577,60,OSM,0,
-4.101022,-63.146870,60,OSM,0,
-4.101010,-63.136625,60,OSM,0,
-4.100955,-63.148339,60,OSM,0,
-4.100938,-63.149692,60,OSM,0,
-4.100832,-63.154953,60,OSM,0,
-4.100770,-63.147150,60,OSM,0,
-4.100713,-63.151306,60,OSM,0,
-4.100640,-63.149211,60,OSM,0,
-4.100633,-63.147291,60,OSM,0,
-4.100540,-63.146450,60,OSM,0,
-4.100538,-63.149048,60,OSM,0,
-4.100534,-63.141802,60,OSM,0,
-4.100449,-63.144528,60,OSM,0,
-4.100419,-63.145117,60,OSM,0,
-4.100376,-63.150728,60,OSM,0,
-4.100360,-63.136547,60,OSM:classe,1,40
-4.100301,-63.145451,60,OSM,0,
-4.100172,-63.151631,60,OSM:classe,1,40
-4.100157,-63.151636,60,OSM:classe,1,50
-4.100154,-63.143704,60,OSM,0,
-4.100061,-63.136466,60,OSM,0,
-4.099989,-63.148922,60,OSM,0,
-4.099935,-63.144668,60,OSM,0,
-4.099877,-63.155323,60,OSM,0,
-4.099846,-63.156759,60,OSM,0,
-4.099824,-63.034051,60,OSM:classe,1,40
-4.099806,-63.146524,60,OSM,0,
-4.099718,-63.151093,60,OSM,0,
-4.099687,-63.143808,60,OSM,0,
-4.099601,-63.149151,60,OSM,0,
-4.099528,-63.146759,60,OSM,0,
-4.099500,-63.149212,60,OSM,0,
-4.099374,-63.145205,60,OSM,0,
-4.099359,-63.134256,60,OSM,0,
-4.099336,-63.144555,60,OSM,0,
-4.099331,-63.148757,60,OSM,0,
-4.099324,-63.157410,60,OSM,0,
-4.099295,-63.134039,60,OSM,0,
-4.099236,-63.139793,60,OSM,0,
-4.099215,-63.146942,60,OSM:classe,1,40
-4.099182,-63.152113,60,OSM:classe,1,50
-4.099125,-63.133392,60,OSM,0,
-4.099093,-63.149470,60,OSM,0,
-4.099086,-63.150152,60,OSM,0,
-4.099084,-63.143963,60,OSM,0,
-4.099084,-63.133022,60,OSM,0,
-4.099042,-63.148333,60,OSM,0,
-4.099028,-63.132638,60,OSM,0,
-4.098884,-63.145557,60,OSM,0,
-4.098867,-63.145526,60,OSM,0,
-4.098855,-63.149083,60,OSM,0,
-4.098829,-63.159290,60,OSM,0,
-4.098809,-63.139523,60,OSM,0,
-4.098765,-63.148931,60,OSM,0,
-4.098727,-63.149698,60,OSM,0,
-4.098704,-63.133098,60,OSM,0,
-4.098697,-63.133507,60,OSM,0,
-4.098690,-63.134211,60,OSM,0,
-4.098638,-63.156393,60,OSM,0,
-4.098624,-63.132685,60,OSM,0,
-4.098618,-63.157958,60,OSM,0,
-4.098591,-63.146848,60,OSM,0,
-4.098577,-63.159796,60,OSM,0,
-4.098573,-63.156366,60,OSM,0,
-4.098569,-63.146813,60,OSM,0,
-4.098563,-63.148528,60,OSM,0,
-4.098542,-63.140910,60,OSM,0,
-4.098528,-63.158412,60,OSM,0,
-4.098507,-63.159380,60,OSM,0,
-4.098491,-63.152251,60,OSM,0,
-4.098491,-63.144881,60,OSM,0,
-4.098484,-63.145750,60,OSM,0,
-4.098470,-63.147503,60,OSM,0,
-4.098377,-63.157028,60,OSM,0,
-4.098356,-63.134443,60,OSM,0,
-4.098334,-63.147292,60,OSM,0,
-4.098208,-63.159226,60,OSM,0,
-4.098201,-63.150015,60,OSM,0,
-4.098201,-63.147011,60,OSM,0,
-4.098131,-63.159981,60,OSM,0,
-4.098121,-63.141177,60,OSM,0,
-4.098064,-63.149138,60,OSM,0,
-4.098064,-63.149051,60,OSM,0,
-4.098056,-63.159415,60,OSM,0,
-4.098051,-63.132803,60,OSM,0,
-4.098044,-63.146611,60,OSM,0,
-4.098042,-63.148113,60,OSM,0,
-4.098040,-63.145975,60,OSM,0,
-4.098024,-63.150148,60,OSM,0,
-4.098023,-63.148588,60,OSM,0,
-4.098023,-63.133281,60,OSM,0,
-4.098009,-63.136745,60,OSM,0,
-4.097999,-63.134707,60,OSM,0,
-4.097991,-63.142077,60,OSM,0,
-4.097989,-63.158065,60,OSM,0,
-4.097983,-63.139977,60,OSM,0,
-4.097898,-63.139835,60,OSM,0,
-4.097862,-63.131653,60,OSM,0,
-4.097855,-63.133386,60,OSM,0,
-4.097849,-63.141317,60,OSM,0,
-4.097845,-63.150343,60,OSM,0,
-4.097822,-63.140738,60,OSM,0,
-4.097812,-63.159059,60,OSM,0,
-4.097804,-63.156547,60,OSM,0,
-4.097803,-63.155079,60,OSM,0,
-4.097760,-63.156666,60,OSM,0,
-4.097756,-63.146128,60,OSM,0,
-4.097749,-63.134380,60,OSM,0,
-4.097743,-63.132548,60,OSM,0,
-4.097739,-63.156669,60,OSM:classe,1,40
-4.097737,-63.148018,60,OSM,0,
-4.097719,-63.150160,60,OSM,0,
-4.097715,-63.132122,60,OSM,0,
-4.097711,-63.131191,60,OSM,0,
-4.097679,-63.156534,60,OSM,0,
-4.097672,-63.133507,60,OSM,0,
-4.097648,-63.133096,60,OSM,0,
-4.097609,-63.144405,60,OSM,0,
-4.097593,-63.148023,60,OSM,0,
-4.097583,-63.149452,60,OSM,0,
-4.097517,-63.144239,60,OSM:classe,1,40
-4.097517,-63.131891,60,OSM,0,
-4.097510,-60.702964,80,OSM,0,
-4.097508,-63.134085,60,OSM,0,
-4.097496,-63.135553,60,OSM,0,
-4.097470,-63.132865,60,OSM,0,
-4.097450,-63.151803,60,OSM,0,
-4.097433,-63.143191,60,OSM,0,
-4.097432,-63.158829,60,OSM,0,
-4.097411,-63.148049,60,OSM,0,
-4.097381,-63.132766,60,OSM,0,
-4.097302,-63.133770,60,OSM,0,
-4.097299,-63.139968,60,OSM,0,
-4.097266,-63.159378,60,OSM,0,
-4.097247,-63.143842,60,OSM:classe,1,40
-4.097235,-63.150236,60,OSM,0,
-4.097220,-63.160042,60,OSM,0,
-4.097214,-63.147007,60,OSM,0,
-4.097206,-63.132555,60,OSM,0,
-4.097189,-63.157383,60,OSM,0,
-4.097179,-63.130971,60,OSM,0,
-4.097130,-63.132451,60,OSM,0,
-4.097053,-63.155829,60,OSM,0,
-4.096949,-63.151251,60,OSM,0,
-4.096941,-63.145888,60,OSM,0,
-4.096940,-63.142562,60,OSM,0,
-4.096929,-63.141326,60,OSM,0,
-4.096899,-63.134036,60,OSM,0,
-4.096897,-63.133236,60,OSM,0,
-4.096846,-63.136050,60,OSM,0,
-4.096808,-63.157834,60,OSM,0,
-4.096760,-63.144105,60,OSM,0,
-4.096751,-63.150295,60,OSM,0,
-4.096569,-63.145632,60,OSM,0,
-4.096567,-63.138781,60,OSM,0,
-4.096535,-63.135769,60,OSM,0,
-4.096507,-63.133516,60,OSM,0,
-4.096404,-63.131536,60,OSM,0,
-4.096376,-63.132622,60,OSM,0,
-4.096328,-63.158630,60,OSM,0,
-4.096319,-63.159036,60,OSM,0,
-4.096310,-63.146997,60,OSM,0,
-4.096291,-63.135453,60,OSM,0,
-4.096208,-63.149335,60,OSM,0,
-4.096176,-63.160388,60,OSM,0,
-4.096154,-63.159629,60,OSM,0,
-4.096117,-63.151195,60,OSM:classe,1,50
-4.096106,-63.140776,60,OSM,0,
-4.096103,-63.130554,60,OSM,0,
-4.096076,-63.135118,60,OSM,0,
-4.096072,-63.134641,60,OSM,0,
-4.096043,-63.159540,60,OSM,0,
-4.095960,-63.154703,60,OSM,0,
-4.095913,-63.137055,60,OSM:classe,1,40
-4.095905,-63.142252,60,OSM,0,
-4.095879,-63.132088,60,OSM,0,
-4.095840,-63.159813,60,OSM,0,
-4.095792,-63.140425,60,OSM,0,
-4.095784,-63.149954,60,OSM,0,
-4.095773,-63.160437,60,OSM,0,
-4.095765,-63.159852,60,OSM,0,
-4.095743,-63.141078,60,OSM,0,
-4.095736,-63.150394,60,OSM,0,
-4.095707,-63.145740,60,OSM,0,
-4.095703,-63.151258,60,OSM,0,
-4.095700,-63.151087,60,OSM,0,
-4.095688,-63.134583,60,OSM,0,
-4.095644,-63.145328,60,OSM,0,
-4.095639,-63.033626,60,OSM:classe,1,40
-4.095561,-63.153114,60,OSM,0,
-4.095510,-63.134191,60,OSM,0,
-4.095505,-63.131241,60,OSM,0,
-4.095493,-63.140075,60,OSM,0,
-4.095492,-63.131682,60,OSM,0,
-4.095422,-63.132868,60,OSM,0,
-4.095373,-63.159902,60,OSM,0,
-4.095361,-63.160375,60,OSM,0,
-4.095329,-63.139849,60,OSM,0,
-4.095259,-63.141477,60,OSM,0,
-4.095245,-63.149413,60,OSM,0,
-4.095239,-63.138377,60,OSM,0,
-4.095237,-63.133924,60,OSM,0,
-4.095191,-63.145183,60,OSM,0,
-4.095169,-63.151712,60,OSM:classe,1,50
-4.095168,-63.132238,60,OSM,0,
-4.095164,-63.160451,60,OSM,0,
-4.095101,-63.144062,60,OSM,0,
-4.095055,-63.133621,60,OSM,0,
-4.095011,-63.151967,60,OSM,0,
-4.094996,-63.141131,60,OSM,0,
-4.094996,-63.133513,60,OSM,0,
-4.094982,-63.138901,60,OSM,0,
-4.094906,-63.156731,60,OSM,0,
-4.094880,-63.135164,60,OSM,0,
-4.094860,-63.139429,60,OSM,0,
-4.094834,-63.151927,60,OSM:classe,1,50
-4.094796,-63.131961,60,OSM,0,
-4.094791,-63.160434,60,OSM,0,
-4.094790,-63.150635,60,OSM,0,
-4.094788,-63.143414,60,OSM,0,
-4.094760,-63.149442,60,OSM,0,
-4.094757,-63.151799,60,OSM:classe,1,50
-4.094674,-63.139111,60,OSM,0,
-4.094671,-63.145038,60,OSM,0,
-4.094619,-63.133879,60,OSM,0,
-4.094566,-63.132590,60,OSM,0,
-4.094560,-63.147815,60,OSM,0,
-4.094487,-63.157758,60,OSM,0,
-4.094474,-63.147177,60,OSM,0,
-4.094432,-63.130665,60,OSM,0,
-4.094408,-63.159973,60,OSM,0,
-4.094373,-63.142872,60,OSM,0,
-4.094347,-63.133561,60,OSM,0,
-4.094340,-63.132257,60,OSM,0,
-4.094339,-63.132574,60,OSM,0,
-4.094328,-63.136963,60,OSM,0,
-4.094326,-63.131808,60,OSM,0,
-4.094297,-63.142294,60,OSM,0,
-4.094285,-63.139423,60,OSM,0,
-4.094284,-63.141091,60,OSM,0,
-4.094265,-63.149681,60,OSM,0,
-4.094247,-63.152010,60,OSM:classe,1,50
-4.094223,-63.150348,60,OSM,0,
-4.094217,-63.133360,60,OSM,0,
-4.094160,-63.144933,60,OSM,0,
-4.094155,-63.148517,60,OSM,0,
-4.094127,-63.135801,60,OSM,0,
-4.094050,-63.147124,60,OSM,0,
-4.094036,-63.134310,60,OSM,0,
-4.094006,-63.135214,60,OSM,0,
-4.093943,-63.140246,60,OSM,0,
-4.093938,-63.143285,60,OSM,0,
-4.093931,-63.132490,60,OSM,0,
-4.093917,-63.137185,60,OSM,0,
-4.093916,-63.159887,60,OSM,0,
-4.093905,-63.134113,60,OSM,0,
-4.093897,-63.136351,60,OSM,0,
-4.093872,-63.134862,60,OSM,0,
-4.093867,-63.145914,60,OSM,0,
-4.093847,-63.149196,60,OSM,0,
-4.093823,-63.157977,60,OSM,0,
-4.093777,-63.130295,60,OSM,0,
-4.093732,-63.145020,60,OSM,0,
-4.093683,-63.130820,60,OSM,0,
-4.093628,-63.139859,60,OSM,0,
-4.093590,-63.148043,60,OSM,0,
-4.093587,-63.147839,60,OSM,0,
-4.093558,-63.132225,60,OSM,0,
-4.093554,-63.137362,60,OSM,0,
-4.093507,-63.147122,60,OSM,0,
-4.093495,-63.132344,60,OSM,0,
-4.093488,-63.131479,60,OSM,0,
-4.093459,-63.129921,60,OSM,0,
-4.093437,-63.141840,60,OSM,0,
-4.093433,-63.144443,60,OSM,0,
-4.093369,-63.130014,60,OSM,0,
-4.093325,-63.144701,60,OSM,0,
-4.093290,-63.151370,40,OSM:classe,1,40
-4.093266,-63.148653,60,OSM,0,
-4.093249,-63.146428,60,OSM,0,
-4.093234,-63.135940,60,OSM,0,
-4.093233,-63.149828,60,OSM,0,
-4.093226,-63.130991,60,OSM,0,
-4.093188,-63.129548,60,OSM,0,
-4.093148,-63.143065,60,OSM,0,
-4.093064,-63.141080,60,OSM,0,
-4.093049,-63.133186,60,OSM,0,
-4.093029,-63.130303,60,OSM,0,
-4.092996,-63.132426,60,OSM,0,
-4.092953,-63.134308,60,OSM,0,
-4.092893,-63.140706,60,OSM,0,
-4.092889,-63.142844,60,OSM,0,
-4.092874,-63.135855,60,OSM,0,
-4.092846,-63.131925,60,OSM,0,
-4.092799,-63.141550,60,OSM,0,
-4.092791,-63.135637,60,OSM,0,
-4.092784,-63.131230,60,OSM,0,
-4.092753,-63.139801,60,OSM,0,
-4.092749,-63.142723,60,OSM,0,
-4.092703,-63.135095,60,OSM,0,
-4.092697,-63.130589,60,OSM,0,
-4.092684,-63.142679,60,OSM,0,
-4.092676,-63.141966,60,OSM,0,
-4.092675,-63.130013,60,OSM,0,
-4.092628,-63.132241,60,OSM,0,
-4.092597,-63.134022,60,OSM,0,
-4.092539,-63.144035,60,OSM,0,
-4.092538,-63.138806,60,OSM,0,
-4.092477,-63.142541,60,OSM,0,
-4.092417,-63.150846,60,OSM,0,
-4.092413,-63.131463,60,OSM,0,
-4.092391,-63.144982,60,OSM,0,
-4.092367,-63.132576,60,OSM,0,
-4.092362,-63.129712,60,OSM,0,
-4.092356,-63.130868,60,OSM,0,
-4.092348,-63.152515,60,OSM,0,
-4.092311,-63.134639,60,OSM,0,
-4.092123,-63.151532,60,OSM,0,
-4.092095,-63.141653,60,OSM,0,
-4.092084,-63.133786,60,OSM,0,
-4.092073,-63.134121,60,OSM,0,
-4.092008,-63.135434,60,OSM,0,
-4.091987,-63.137215,60,OSM,0,
-4.091962,-63.132813,60,OSM,0,
-4.091950,-63.139784,60,OSM,0,
-4.091950,-63.139131,60,OSM,0,
-4.091908,-63.147250,60,OSM,0,
-4.091899,-63.135780,60,OSM,0,
-4.091898,-63.140358,60,OSM,0,
-4.091854,-63.140674,60,OSM,0,
-4.091830,-63.136637,60,OSM,0,
-4.091803,-63.133188,60,OSM,0,
-4.091759,-63.136309,60,OSM,0,
-4.091710,-63.130881,60,OSM,0,
-4.091685,-63.141245,60,OSM,0,
-4.091638,-63.147702,60,OSM,0,
-4.091622,-63.136014,60,OSM,0,
-4.091614,-63.143811,60,OSM,0,
-4.091589,-63.138438,60,OSM,0,
-4.091519,-63.150246,60,OSM,0,
-4.091505,-63.144448,60,OSM,0,
-4.091479,-63.148394,60,OSM,0,
-4.091477,-63.141873,60,OSM,0,
-4.091408,-63.144428,60,OSM,0,
-4.091395,-63.131710,60,OSM,0,
-4.091371,-63.130031,60,OSM,0,
-4.091359,-63.148262,60,OSM,0,
-4.091326,-63.148290,60,OSM,0,
-4.091321,-63.034830,60,OSM:classe,1,40
-4.091307,-63.142307,60,OSM,0,
-4.091258,-63.148247,60,OSM:classe,1,50
-4.091227,-63.133157,60,OSM,0,
-4.091204,-63.148423,60,OSM:classe,1,50
-4.091184,-63.142674,60,OSM:classe,1,50
-4.091177,-63.139959,60,OSM,0,
-4.091157,-63.148779,60,OSM:classe,1,50
-4.091121,-63.149638,60,OSM:classe,1,50
-4.091067,-63.130307,60,OSM,0,
-4.091049,-63.144814,60,OSM,0,
-4.091042,-63.143050,60,OSM:classe,1,50
-4.091027,-63.135299,60,OSM,0,
-4.091004,-63.149274,60,OSM:classe,1,50
-4.090971,-63.149698,60,OSM,0,
-4.090971,-63.148021,60,OSM:classe,1,50
-4.090957,-63.129405,60,OSM,0,
-4.090954,-63.149626,60,OSM,0,
-4.090905,-63.137455,60,OSM,0,
-4.090823,-63.134191,60,OSM,0,
-4.090810,-63.130653,60,OSM,0,
-4.090802,-63.143586,60,OSM,0,
-4.090719,-63.147631,60,OSM,0,
-4.090696,-63.143787,60,OSM,0,
-4.090661,-63.147641,60,OSM,0,
-4.090560,-63.147267,60,OSM,0,
-4.090537,-63.133282,60,OSM,0,
-4.090499,-63.136859,60,OSM,0,
-4.090471,-63.144108,60,OSM,0,
-4.090454,-63.134738,60,OSM,0,
-4.090419,-63.149974,60,OSM,0,
-4.090410,-63.134480,60,OSM,0,
-4.090369,-63.131383,60,OSM,0,
-4.090357,-63.146425,60,OSM,0,
-4.090344,-63.144279,60,OSM,0,
-4.090332,-63.130817,60,OSM,0,
-4.090286,-63.129612,60,OSM,0,
-4.090278,-63.140519,60,OSM,0,
-4.090171,-63.145754,60,OSM,0,
-4.090140,-63.146499,60,OSM,0,
-4.090133,-63.141256,60,OSM,0,
-4.090101,-63.134874,60,OSM,0,
-4.090097,-63.146416,60,OSM,0,
-4.090092,-63.143419,60,OSM,0,
-4.090056,-63.138714,60,OSM,0,
-4.090013,-63.134347,60,OSM,0,
-4.089999,-63.140697,60,OSM,0,
-4.089989,-63.131630,60,OSM,0,
-4.089936,-63.142998,60,OSM,0,
-4.089870,-63.129854,60,OSM,0,
-4.089854,-63.144683,60,OSM,0,
-4.089844,-63.145904,60,OSM,0,
-4.089786,-63.139358,60,OSM,0,
-4.089784,-63.133144,60,OSM,0,
-4.089764,-63.134148,60,OSM,0,
-4.089749,-63.137709,60,OSM,0,
-4.089744,-63.140488,60,OSM,0,
-4.089740,-63.145723,60,OSM,0,
-4.089700,-63.134635,60,OSM,0,
-4.089698,-63.138273,60,OSM,0,
-4.089692,-63.142685,60,OSM,0,
-4.089688,-63.137558,60,OSM,0,
-4.089669,-63.134998,60,OSM,0,
-4.089629,-63.148487,60,OSM,0,
-4.089619,-63.134649,60,OSM,0,
-4.089611,-63.134156,60,OSM,0,
-4.089606,-63.135852,60,OSM,0,
-4.089599,-63.138330,60,OSM,0,
-4.089574,-63.131788,60,OSM,0,
-4.089534,-63.130089,60,OSM,0,
-4.089516,-63.145339,60,OSM,0,
-4.089516,-63.132283,60,OSM,0,
-4.089508,-63.130657,60,OSM,0,
-4.089451,-60.692159,80,OSM,0,
-4.089409,-63.135529,60,OSM,0,
-4.089391,-63.144003,60,OSM,0,
-4.089361,-63.138724,60,OSM,0,
-4.089355,-63.136312,60,OSM:classe,1,50
-4.089316,-63.142363,60,OSM,0,
-4.089304,-63.135055,60,OSM,0,
-4.089290,-63.132472,60,OSM,0,
-4.089282,-63.134189,60,OSM,0,
-4.089240,-63.139902,60,OSM,0,
-4.089214,-63.138521,60,OSM,0,
-4.089210,-63.132013,60,OSM,0,
-4.089161,-63.139963,60,OSM,0,
-4.089132,-63.143656,60,OSM:classe,1,50
-4.089095,-63.146174,60,OSM,0,
-4.089084,-63.144537,60,OSM,0,
-4.089076,-63.144500,60,OSM,0,
-4.089019,-63.138982,60,OSM,0,
-4.088972,-63.139541,60,OSM,0,
-4.088898,-63.143316,60,OSM:classe,1,50
-4.088866,-63.134270,60,OSM,0,
-4.088808,-63.138737,60,OSM,0,
-4.088777,-63.133226,60,OSM,0,
-4.088775,-63.144742,60,OSM,0,
-4.088716,-63.133705,60,OSM,0,
-4.088646,-63.142964,60,OSM,0,
-4.088627,-63.141819,60,OSM,0,
-4.088565,-63.137012,60,OSM,0,
-4.088543,-63.146614,60,OSM,0,
-4.088542,-63.139858,60,OSM,0,
-4.088531,-63.133344,60,OSM,0,
-4.088517,-63.145513,60,OSM,0,
-4.088500,-63.149171,60,OSM,0,
-4.088490,-63.143590,60,OSM,0,
-4.088449,-63.142008,60,OSM,0,
-4.088443,-63.138870,60,OSM,0,
-4.088424,-63.135159,60,OSM,0,
-4.088396,-63.134804,60,OSM,0,
-4.088365,-63.125795,60,OSM,0,
-4.088321,-63.138914,60,OSM,0,
-4.088293,-63.148130,60,OSM,0,
-4.088278,-63.133947,60,OSM,0,
-4.088251,-63.145220,60,OSM,0,
-4.088246,-63.147272,60,OSM,0,
-4.088212,-63.126056,60,OSM,0,
-4.088169,-63.134141,60,OSM,0,
-4.088161,-63.138500,60,OSM,0,
-4.088134,-63.142282,60,OSM,0,
-4.088129,-63.139898,60,OSM,0,
-4.088058,-63.134391,60,OSM,0,
-4.088053,-63.137861,60,OSM,0,
-4.088027,-63.148427,60,OSM,0,
-4.088022,-63.136026,60,OSM,0,
-4.087990,-63.135636,60,OSM,0,
-4.087971,-63.135257,60,OSM,0,
-4.087952,-63.141130,60,OSM,0,
-4.087912,-63.134840,60,OSM,0,
-4.087895,-63.139086,60,OSM,0,
-4.087874,-63.147795,60,OSM,0,
-4.087866,-63.134805,60,OSM,0,
-4.087863,-63.132839,60,OSM,0,
-4.087816,-63.147739,60,OSM,0,
-4.087795,-63.148370,60,OSM,0,
-4.087791,-63.134857,60,OSM,0,
-4.087786,-63.141910,60,OSM,0,
-4.087777,-63.126717,60,OSM,0,
-4.087768,-63.146829,60,OSM,0,
-4.087749,-63.132413,60,OSM,0,
-4.087743,-63.132632,60,OSM,0,
-4.087734,-63.145084,60,OSM,0,
-4.087729,-63.138766,60,OSM,0,
-4.087637,-63.139230,60,OSM,0,
-4.087613,-63.133295,60,OSM,0,
-4.087595,-63.133237,60,OSM,0,
-4.087592,-63.138305,60,OSM,0,
-4.087567,-63.138184,60,OSM,0,
-4.087546,-63.137692,60,OSM,0,
-4.087535,-63.126073,60,OSM,0,
-4.087464,-63.132681,60,OSM,0,
-4.087453,-63.134980,60,OSM,0,
-4.087418,-63.141520,60,OSM:classe,1,50
-4.087334,-63.143159,60,OSM,0,
-4.087286,-63.146404,60,OSM,0,
-4.087270,-63.133470,60,OSM,0,
-4.087262,-63.145579,60,OSM,0,
-4.087261,-63.144127,60,OSM,0,
-4.087199,-63.148446,60,OSM,0,
-4.087193,-63.133570,60,OSM,0,
-4.087185,-63.147646,60,OSM,0,
-4.087139,-63.126154,60,OSM,0,
-4.087117,-63.036429,60,OSM:classe,1,40
-4.087055,-63.137685,60,OSM,0,
-4.087009,-63.145376,60,OSM,0,
-4.086968,-63.135037,60,OSM,0,
-4.086940,-63.127117,60,OSM,0,
-4.086890,-63.124717,60,OSM,0,
-4.086864,-63.140926,60,OSM,0,
-4.086859,-63.147950,60,OSM,0,
-4.086850,-63.133066,60,OSM,0,
-4.086838,-63.140454,60,OSM,0,
-4.086749,-63.129737,60,OSM,0,
-4.086744,-63.140321,60,OSM,0,
-4.086743,-63.141972,60,OSM,0,
-4.086709,-63.147170,60,OSM,0,
-4.086675,-63.143936,60,OSM,0,
-4.086649,-63.128882,60,OSM,0,
-4.086640,-63.147573,60,OSM,0,
-4.086597,-63.140640,60,OSM,0,
-4.086584,-63.137046,60,OSM,0,
-4.086582,-63.133367,60,OSM,0,
-4.086531,-63.128521,60,OSM,0,
-4.086503,-63.137858,60,OSM,0,
-4.086499,-63.126590,60,OSM,0,
-4.086492,-63.126196,60,OSM,0,
-4.086491,-63.144167,60,OSM,0,
-4.086488,-63.135062,60,OSM,0,
-4.086458,-63.124829,60,OSM,0,
-4.086400,-63.138026,60,OSM,0,
-4.086388,-63.133049,60,OSM,0,
-4.086378,-63.127611,60,OSM,0,
-4.086352,-63.143098,60,OSM,0,
-4.086317,-63.143057,60,OSM,0,
-4.086311,-63.140365,60,OSM,0,
-4.086297,-63.124038,60,OSM,0,
-4.086296,-63.137766,60,OSM,0,
-4.086253,-63.129190,60,OSM,0,
-4.086185,-63.129997,60,OSM,0,
-4.086155,-63.143500,60,OSM,0,
-4.086141,-63.138379,60,OSM,0,
-4.086121,-63.144638,60,OSM,0,
-4.086111,-63.146827,60,OSM,0,
-4.086066,-63.127989,60,OSM,0,
-4.086050,-63.137551,60,OSM,0,
-4.086029,-63.143923,60,OSM,0,
-4.086025,-63.137665,60,OSM,0,
-4.086016,-63.125674,60,OSM,0,
-4.085996,-63.140085,60,OSM,0,
-4.085984,-63.128783,60,OSM,0,
-4.085974,-63.141634,60,OSM,0,
-4.085969,-63.126038,60,OSM,0,
-4.085892,-63.129612,60,OSM,0,
-4.085891,-63.135713,60,OSM,0,
-4.085868,-63.142528,60,OSM,0,
-4.085865,-63.130665,60,OSM,0,
-4.085847,-63.125315,60,OSM,0,
-4.085834,-63.129731,60,OSM,0,
-4.085787,-63.128381,60,OSM,0,
-4.085711,-63.138070,60,OSM,0,
-4.085689,-63.137865,60,OSM,0,
-4.085668,-63.137557,60,OSM,0,
-4.085625,-63.140434,60,OSM,0,
-4.085624,-63.145969,60,OSM,0,
-4.085623,-63.126908,60,OSM,0,
-4.085613,-63.138424,60,OSM,0,
-4.085600,-63.141938,60,OSM,0,
-4.085553,-63.124929,60,OSM,0,
-4.085549,-63.143742,60,OSM,0,
-4.085548,-63.142139,60,OSM,0,
-4.085530,-63.139686,60,OSM:classe,1,50
-4.085523,-63.141990,60,OSM,0,
-4.085481,-63.127927,60,OSM,0,
-4.085479,-63.142783,60,OSM,0,
-4.085460,-63.134703,60,OSM,0,
-4.085451,-63.144796,60,OSM,0,
-4.085400,-63.140624,60,OSM,0,
-4.085393,-63.143519,60,OSM,0,
-4.085381,-63.128153,60,OSM,0,
-4.085376,-63.142070,60,OSM,0,
-4.085364,-63.140562,60,OSM,0,
-4.085362,-63.130317,60,OSM,0,
-4.085351,-63.139209,60,OSM:classe,1,50
-4.085349,-63.133805,60,OSM,0,
-4.085325,-63.128125,60,OSM,0,
-4.085324,-63.129233,60,OSM,0,
-4.085298,-63.126524,60,OSM,0,
-4.085286,-63.138921,60,OSM:classe,1,50
-4.085273,-63.122235,60,OSM,0,
-4.085272,-63.128410,60,OSM,0,
-4.085254,-63.129206,60,OSM,0,
-4.085235,-63.128504,60,OSM,0,
-4.085232,-63.142143,60,OSM,0,
-4.085209,-63.145610,60,OSM,0,
-4.085193,-63.141139,60,OSM,0,
-4.085184,-63.138414,60,OSM:classe,1,50
-4.085184,-63.138230,60,OSM,0,
-4.085172,-63.123618,60,OSM,0,
-4.085168,-63.127597,60,OSM,0,
-4.085143,-63.142392,60,OSM,0,
-4.085140,-63.137993,60,OSM,0,
-4.085116,-63.138241,60,OSM:classe,1,50
-4.085107,-63.134745,60,OSM,0,
-4.085098,-63.125870,60,OSM,0,
-4.085081,-63.143048,60,OSM,0,
-4.085079,-63.137633,60,OSM,0,
-4.085056,-63.126243,60,OSM,0,
-4.085009,-63.137644,60,OSM,0,
-4.085009,-63.137209,60,OSM,0,
-4.084977,-63.142199,60,OSM,0,
-4.084968,-63.141295,60,OSM,0,
-4.084942,-63.137237,60,OSM,0,
-4.084939,-63.136806,60,OSM:classe,1,50
-4.084939,-63.130758,60,OSM,0,
-4.084912,-63.142139,60,OSM,0,
-4.084902,-63.130213,60,OSM,0,
-4.084886,-63.136813,60,OSM:classe,1,50
-4.084833,-63.129777,60,OSM,0,
-4.084819,-63.145376,60,OSM,0,
-4.084814,-63.129069,60,OSM,0,
-4.084799,-63.135854,60,OSM,0,
-4.084795,-63.136193,60,OSM,0,
-4.084788,-63.142665,60,OSM,0,
-4.084721,-63.137716,60,OSM,0,
-4.084719,-63.135715,60,OSM,0,
-4.084656,-63.130700,60,OSM,0,
-4.084653,-63.135224,60,OSM,0,
-4.084596,-63.129019,60,OSM,0,
-4.084579,-63.145190,60,OSM,0,
-4.084579,-63.142390,60,OSM,0,
-4.084568,-63.129523,60,OSM,0,
-4.084560,-63.129852,60,OSM,0,
-4.084535,-63.127799,60,OSM,0,
-4.084522,-63.134406,60,OSM,0,
-4.084506,-63.133975,60,OSM:classe,1,40
-4.084486,-63.133776,60,OSM:classe,1,40
-4.084464,-63.133545,60,OSM,0,
-4.084462,-63.133982,60,OSM,0,
-4.084458,-63.137347,60,OSM,0,
-4.084454,-63.131295,60,OSM,0,
-4.084436,-63.133234,60,OSM,0,
-4.084417,-63.131705,60,OSM,0,
-4.084348,-63.128238,60,OSM,0,
-4.084346,-63.136541,60,OSM,0,
-4.084312,-63.129759,60,OSM,0,
-4.084307,-63.136288,60,OSM,0,
-4.084248,-63.129288,60,OSM,0,
-4.084234,-63.142663,60,OSM,0,
-4.084223,-63.135799,60,OSM,0,
-4.084214,-63.133572,60,OSM,0,
-4.084207,-63.130313,60,OSM,0,
-4.084127,-63.130392,60,OSM,0,
-4.084110,-63.140201,60,OSM,0,
-4.084068,-63.130458,60,OSM,0,
-4.084031,-63.134474,60,OSM,0,
-4.084027,-63.129654,60,OSM,0,
-4.084003,-63.130150,60,OSM,0,
-4.083841,-63.130342,60,OSM,0,
-4.083806,-63.144053,60,OSM,0,
-4.083783,-63.130869,60,OSM,0,
-4.083745,-63.143021,60,OSM,0,
-4.083659,-63.130226,60,OSM,0,
-4.083609,-63.134509,60,OSM,0,
-4.083592,-63.140650,60,OSM,0,
-4.083490,-63.143030,60,OSM,0,
-4.083409,-63.130600,60,OSM,0,
-4.083295,-63.142453,60,OSM,0,
-4.083013,-63.142407,60,OSM,0,
-4.082971,-63.141991,60,OSM,0,
-4.082967,-63.038117,60,OSM:classe,1,40
-4.082822,-63.142137,60,OSM,0,
-4.082580,-63.142715,60,OSM,0,
-4.082381,-63.143134,60,OSM,0,
-4.082342,-63.142310,60,OSM:classe,1,50
-4.081391,-60.681354,80,OSM,0,
-4.079523,-60.678852,80,OSM,0,
-4.079138,-63.036589,60,OSM:classe,1,40
-4.078156,-63.032308,60,OSM:classe,1,40
-4.075050,-63.029146,60,OSM:classe,1,40
-4.071655,-60.668283,80,OSM,0,
-4.071002,-63.027377,60,OSM:classe,1,40
-4.066790,-63.026621,60,OSM:classe,1,40
-4.063786,-60.657714,80,OSM,0,
-4.062315,-63.027060,60,OSM:classe,1,40
-4.059311,-63.029155,60,OSM:classe,1,40
-4.055917,-60.647145,80,OSM,0,
-4.048049,-60.636576,80,OSM,0,
-4.040180,-60.626007,80,OSM,0,
-4.032311,-60.615438,80,OSM,0,
-4.024443,-60.604869,80,OSM,0,
-4.016574,-60.594300,80,OSM,0,
-4.008705,-60.583731,80,OSM,0,
-4.000837,-60.573162,80,OSM,0,
-3.992968,-60.562593,80,OSM,0,
-3.985099,-60.552024,80,OSM,0,
-3.977230,-60.541455,80,OSM,0,
-3.969362,-60.530886,80,OSM,0,
-3.962555,-59.081472,60,OSM:classe,1,40
-3.961493,-60.520317,80,OSM,0,
-3.960831,-59.082540,60,OSM:classe,1,40
-3.957006,-59.084910,60,OSM:classe,1,40
-3.953624,-60.509748,80,OSM,0,
-3.953180,-59.087279,60,OSM:classe,1,40
-3.949114,-59.089169,60,OSM:classe,1,40
-3.945756,-60.499179,80,OSM,0,
-3.944658,-59.089591,60,OSM:classe,1,40
-3.940170,-59.089865,60,OSM:classe,1,40
-3.937887,-60.488610,80,OSM,0,
-3.935675,-59.089914,60,OSM:classe,1,40
-3.931179,-59.089912,60,OSM:classe,1,40
-3.930018,-60.478041,80,OSM,0,
-3.926682,-59.089910,60,OSM:classe,1,40
-3.922185,-59.089909,60,OSM:classe,1,40
-3.922150,-60.467472,80,OSM,0,
-3.917689,-59.089907,60,OSM:classe,1,40
-3.914281,-60.456903,80,OSM,0,
-3.913285,-60.455962,80,OSM,0,
-3.913192,-59.089905,60,OSM:classe,1,40
-3.908695,-59.089904,60,OSM:classe,1,40
-3.905450,-61.368938,60,OSM:classe,1,40
-3.904777,-60.451064,80,OSM,0,
-3.904238,-59.090294,60,OSM:classe,1,40
-3.903166,-60.449873,80,OSM,0,
-3.903086,-59.090427,60,OSM:classe,1,40
-3.902375,-61.372152,60,OSM:classe,1,40
-3.900203,-61.373784,60,OSM:classe,1,40
-3.899852,-59.089700,60,OSM:classe,1,40
-3.899037,-61.374389,60,OSM:classe,1,40
-3.898707,-59.089969,60,OSM:classe,1,40
-3.898444,-61.374052,60,OSM:classe,1,40
-3.898319,-60.444717,80,OSM,0,
-3.897693,-59.090096,60,OSM:classe,1,40
-3.897599,-61.375639,60,OSM:classe,1,40
-3.897394,-61.375981,60,OSM:classe,1,40
-3.896952,-59.088944,60,OSM:classe,1,40
-3.895511,-59.090832,60,OSM:classe,1,40
-3.894724,-59.091053,60,OSM:classe,1,40
-3.894389,-59.091199,60,OSM:classe,1,40
-3.894349,-59.091167,60,OSM:classe,1,40
-3.893980,-59.085582,60,OSM:classe,1,40
-3.893849,-59.085372,60,OSM:classe,1,40
-3.893473,-60.439560,80,OSM,0,
-3.893205,-59.083402,60,OSM:classe,1,40
-3.893159,-59.091548,60,OSM:classe,1,40
-3.892840,-60.438523,80,OSM,0,
-3.892371,-59.090509,60,OSM:classe,1,40
-3.892265,-60.430092,80,OSM,0,
-3.892246,-60.436900,80,OSM,0,
-3.892016,-60.428690,80,OSM,0,
-3.891594,-59.079212,60,OSM:classe,1,40
-3.891405,-59.092535,60,OSM:classe,1,40
-3.891384,-60.427231,80,OSM,0,
-3.891326,-59.088286,60,OSM:classe,1,40
-3.890453,-59.093274,60,OSM:classe,1,40
-3.890420,-59.093207,60,OSM:classe,1,40
-3.890160,-59.093482,60,OSM:classe,1,40
-3.889649,-59.086922,60,OSM:classe,1,40
-3.888852,-59.075640,60,OSM:classe,1,40
-3.888173,-59.091499,60,OSM:classe,1,40
-3.887094,-59.090513,60,OSM:classe,1,40
-3.886111,-59.072068,60,OSM:classe,1,40
-3.884118,-59.087137,60,OSM:classe,1,40
-3.883452,-59.068445,60,OSM:classe,1,40
-3.883060,-60.417300,80,OSM,0,
-3.882981,-59.079617,60,OSM:classe,1,40
-3.882385,-59.083177,60,OSM:classe,1,40
-3.881076,-59.064666,60,OSM:classe,1,40
-3.879140,-59.060757,60,OSM:classe,1,40
-3.877218,-59.056702,60,OSM:classe,1,40
-3.876819,-59.052275,60,OSM:classe,1,40
-3.874888,-59.048280,60,OSM:classe,1,40
-3.874736,-60.407368,80,OSM,0,
-3.871817,-59.045219,60,OSM:classe,1,40
-3.867416,-59.044533,60,OSM:classe,1,40
-3.866412,-60.397437,80,OSM,0,
-3.864501,-60.395446,80,OSM,0,
-3.862975,-59.044263,60,OSM:classe,1,40
-3.858615,-59.043159,60,OSM:classe,1,40
-3.857127,-60.389003,80,OSM,0,
-3.854200,-59.042347,60,OSM:classe,1,40
-3.850373,-59.040276,60,OSM:classe,1,40
-3.849752,-60.382561,80,OSM,0,
-3.848913,-59.036070,60,OSM:classe,1,40
-3.847716,-59.031732,60,OSM:classe,1,40
-3.847419,-62.049850,60,OSM:classe,1,40
-3.846223,-62.047363,60,OSM:classe,1,40
-3.846014,-62.052020,60,OSM:classe,1,40
-3.844792,-62.056335,60,OSM:classe,1,40
-3.844763,-59.028404,60,OSM:classe,1,40
-3.843269,-62.059929,60,OSM:classe,1,40
-3.843129,-62.060185,60,OSM:classe,1,40
-3.843037,-62.060472,60,OSM:classe,1,40
-3.843033,-62.060544,60,OSM:classe,1,40
-3.842981,-62.060514,60,OSM:classe,1,40
-3.842659,-62.062906,60,OSM:classe,1,40
-3.842620,-62.062977,60,OSM:classe,1,40
-3.842603,-62.062874,60,OSM:classe,1,40
-3.842563,-62.062942,60,OSM:classe,1,40
-3.842378,-60.376118,80,OSM,0,
-3.841963,-62.062506,60,OSM:classe,1,40
-3.841925,-62.062570,60,OSM:classe,1,40
-3.841903,-62.062470,60,OSM:classe,1,40
-3.841508,-59.025295,60,OSM:classe,1,40
-3.841102,-62.065649,60,OSM:classe,1,40
-3.841058,-62.065624,60,OSM:classe,1,40
-3.840349,-62.066865,60,OSM:classe,1,40
-3.839946,-62.061339,60,OSM:classe,1,40
-3.839910,-62.061401,60,OSM:classe,1,40
-3.839838,-62.061314,60,OSM:classe,1,40
-3.838878,-62.069566,60,OSM:classe,1,40
-3.838834,-62.069547,60,OSM:classe,1,40
-3.838778,-62.069685,60,OSM:classe,1,40
-3.838466,-62.060692,60,OSM:classe,1,40
-3.838253,-59.022186,60,OSM:classe,1,40
-3.837663,-62.060148,60,OSM:classe,1,40
-3.837138,-62.063417,60,OSM:classe,1,40
-3.837098,-62.072787,60,OSM:classe,1,40
-3.835871,-62.064373,60,OSM:classe,1,40
-3.835746,-62.062633,60,OSM:classe,1,40
-3.834998,-59.019077,60,OSM:classe,1,40
-3.834952,-62.076748,60,OSM:classe,1,40
-3.833350,-62.059496,60,OSM:classe,1,40
-3.832827,-60.371738,80,OSM,0,
-3.831742,-59.015968,60,OSM:classe,1,40
-3.831374,-60.370270,80,OSM,0,
-3.831321,-59.173297,60,OSM:classe,1,40
-3.829324,-62.061162,60,OSM:classe,1,40
-3.828487,-59.012859,60,OSM:classe,1,40
-3.828457,-60.366631,80,OSM,0,
-3.827662,-59.175915,60,OSM:classe,1,40
-3.826723,-60.364446,80,OSM,0,
-3.826096,-62.061008,60,OSM:classe,1,40
-3.825870,-60.363248,80,OSM,0,
-3.825267,-60.361936,60,OSM:classe,1,40
-3.825232,-59.009749,60,OSM:classe,1,40
-3.825221,-60.361820,60,OSM:classe,1,40
-3.824484,-60.362781,60,OSM:classe,1,40
-3.824048,-59.178478,60,OSM:classe,1,40
-3.823809,-62.057247,60,OSM:classe,1,40
-3.823475,-60.358326,80,OSM,0,
-3.823229,-60.364435,60,OSM:classe,1,40
-3.822344,-60.365283,60,OSM:classe,1,40
-3.822099,-62.053106,60,OSM:classe,1,40
-3.821977,-59.006640,60,OSM:classe,1,40
-3.821896,-60.365742,60,OSM:classe,1,40
-3.821182,-60.354997,80,OSM,0,
-3.820334,-59.180974,60,OSM:classe,1,40
-3.820230,-60.361322,60,OSM:classe,1,40
-3.819092,-60.368394,60,OSM:classe,1,40
-3.819061,-60.355896,60,OSM:classe,1,40
-3.818831,-59.003433,60,OSM:classe,1,40
-3.818683,-60.368894,60,OSM:classe,1,40
-3.818630,-60.368832,60,OSM:classe,1,40
-3.818600,-60.368912,60,OSM:classe,1,40
-3.818529,-60.368961,60,OSM:classe,1,40
-3.818127,-62.051059,60,OSM:classe,1,40
-3.817931,-60.369068,60,OSM:classe,1,40
-3.816623,-60.358694,60,OSM:classe,1,40
-3.816034,-59.182002,60,OSM:classe,1,40
-3.815552,-60.347732,80,OSM,0,
-3.815539,-59.000363,60,OSM:classe,1,40
-3.815225,-60.357550,60,OSM:classe,1,40
-3.814920,-60.357652,60,OSM:classe,1,40
-3.814793,-60.365984,60,OSM:classe,1,40
-3.814002,-62.049267,60,OSM:classe,1,40
-3.812248,-58.997293,60,OSM:classe,1,40
-3.812150,-60.362355,60,OSM:classe,1,40
-3.811675,-59.183073,60,OSM:classe,1,40
-3.810945,-60.359613,60,OSM:classe,1,40
-3.809921,-60.340467,80,OSM,0,
-3.809846,-62.047547,60,OSM:classe,1,40
-3.809845,-58.993667,60,OSM:classe,1,40
-3.809123,-58.985206,60,OSM:classe,1,40
-3.809015,-58.989319,60,OSM:classe,1,40
-3.808356,-58.980772,60,OSM:classe,1,40
-3.807638,-58.976339,60,OSM:classe,1,40
-3.807232,-59.183015,60,OSM:classe,1,40
-3.805830,-60.332351,80,OSM,0,
-3.805690,-62.045827,60,OSM:classe,1,40
-3.804862,-58.972929,60,OSM:classe,1,40
-3.802838,-59.183742,60,OSM:classe,1,40
-3.801739,-60.324234,80,OSM,0,
-3.801534,-62.044107,60,OSM:classe,1,40
-3.801290,-58.970191,60,OSM:classe,1,40
-3.798703,-59.181992,60,OSM:classe,1,40
-3.798091,-58.967064,60,OSM:classe,1,40
-3.797647,-60.316118,80,OSM,0,
-3.797504,-60.315809,80,OSM,0,
-3.797377,-62.042387,60,OSM:classe,1,40
-3.795853,-60.312704,80,OSM,0,
-3.795423,-58.963438,60,OSM:classe,1,40
-3.794692,-60.311597,80,OSM,0,
-3.794551,-59.180313,60,OSM:classe,1,40
-3.793240,-60.310820,80,OSM,0,
-3.793221,-62.040667,60,OSM:classe,1,40
-3.792760,-58.959867,60,OSM:classe,1,40
-3.790455,-59.178494,60,OSM:classe,1,40
-3.790437,-58.956063,60,OSM:classe,1,40
-3.789065,-62.038948,60,OSM:classe,1,40
-3.787760,-58.952597,60,OSM:classe,1,40
-3.786100,-59.177372,60,OSM:classe,1,40
-3.784909,-62.037228,60,OSM:classe,1,40
-3.784419,-58.949805,60,OSM:classe,1,40
-3.783625,-62.033326,60,OSM:classe,1,40
-3.783475,-58.941658,60,OSM:classe,1,40
-3.783430,-58.946011,60,OSM:classe,1,40
-3.782497,-59.174779,60,OSM:classe,1,40
-3.781662,-60.309348,80,OSM,0,
-3.781383,-58.937762,60,OSM:classe,1,40
-3.780399,-62.030291,60,OSM:classe,1,40
-3.779691,-60.308828,80,OSM,0,
-3.779445,-59.171478,60,OSM:classe,1,40
-3.778004,-58.934911,60,OSM:classe,1,40
-3.777603,-58.930471,60,OSM:classe,1,40
-3.776798,-60.307596,80,OSM,0,
-3.776595,-59.167997,60,OSM:classe,1,40
-3.776400,-62.028457,60,OSM:classe,1,40
-3.773580,-59.164966,60,OSM:classe,1,40
-3.773572,-62.025064,60,OSM:classe,1,40
-3.771266,-62.021261,60,OSM:classe,1,40
-3.770295,-60.303993,80,OSM,0,
-3.769085,-59.164835,60,OSM:classe,1,40
-3.767618,-62.019060,60,OSM:classe,1,40
-3.765278,-60.300957,60,OSM:classe,1,60
-3.765252,-62.015272,60,OSM:classe,1,40
-3.764678,-59.164809,60,OSM:classe,1,40
-3.761423,-60.303261,60,OSM:classe,1,60
-3.761195,-62.013959,60,OSM:classe,1,40
-3.760368,-60.297943,80,OSM,0,
-3.760183,-59.164707,60,OSM:classe,1,40
-3.758937,-62.010151,60,OSM:classe,1,40
-3.757443,-60.305359,60,OSM:classe,1,60
-3.756164,-62.006850,60,OSM:classe,1,40
-3.755687,-59.164604,60,OSM:classe,1,40
-3.755002,-62.002890,60,OSM:classe,1,40
-3.754275,-61.998475,60,OSM:classe,1,40
-3.754190,-61.994149,60,OSM:classe,1,40
-3.753463,-60.307456,60,OSM:classe,1,60
-3.752964,-61.990418,60,OSM:classe,1,40
-3.751192,-59.164501,60,OSM:classe,1,40
-3.750441,-60.291893,80,OSM,0,
-3.749827,-61.987232,60,OSM:classe,1,40
-3.749483,-60.309553,60,OSM:classe,1,60
-3.749459,-61.659219,60,OSM:classe,1,40
-3.748623,-61.657694,60,OSM:classe,1,40
-3.747592,-61.650151,60,OSM:classe,1,40
-3.746696,-59.164399,60,OSM:classe,1,40
-3.746296,-61.984501,60,OSM:classe,1,40
-3.746154,-61.654367,60,OSM:classe,1,40
-3.745954,-61.654675,60,OSM:classe,1,40
-3.745503,-60.311650,60,OSM:classe,1,60
-3.745311,-61.657481,60,OSM:classe,1,40
-3.745256,-61.654776,60,OSM:classe,1,40
-3.743758,-61.658589,60,OSM:classe,1,40
-3.743452,-61.972733,60,OSM:classe,1,40
-3.743199,-61.659489,60,OSM:classe,1,40
-3.743196,-61.981608,60,OSM:classe,1,40
-3.743058,-61.977104,60,OSM:classe,1,40
-3.742247,-61.651439,60,OSM:classe,1,40
-3.742201,-59.164296,60,OSM:classe,1,40
-3.741523,-60.313747,60,OSM:classe,1,60
-3.741322,-61.968840,60,OSM:classe,1,40
-3.741147,-61.649550,60,OSM:classe,1,40
-3.740514,-60.285843,80,OSM,0,
-3.739202,-61.660326,60,OSM:classe,1,40
-3.738951,-61.965011,60,OSM:classe,1,40
-3.737850,-59.163796,60,OSM:classe,1,40
-3.737543,-60.315845,60,OSM:classe,1,60
-3.737007,-61.660338,60,OSM:classe,1,40
-3.736580,-61.961182,60,OSM:classe,1,40
-3.735332,-59.160109,60,OSM:classe,1,40
-3.733997,-61.957511,60,OSM:classe,1,40
-3.733563,-60.317942,60,OSM:classe,1,60
-3.732837,-61.661610,60,OSM:classe,1,40
-3.731724,-59.157480,60,OSM:classe,1,40
-3.730587,-60.279793,80,OSM,0,
-3.730377,-61.955194,60,OSM:classe,1,40
-3.729583,-60.320039,60,OSM:classe,1,60
-3.729413,-61.661151,60,OSM:classe,1,40
-3.728034,-59.155044,60,OSM:classe,1,40
-3.727985,-60.278695,80,OSM,0,
-3.726918,-61.952617,60,OSM:classe,1,40
-3.725669,-60.277972,80,OSM,0,
-3.725635,-60.322194,60,OSM:classe,1,60
-3.725426,-61.662629,60,OSM:classe,1,40
-3.725071,-61.948665,60,OSM:classe,1,40
-3.723708,-59.154292,60,OSM:classe,1,40
-3.723354,-60.277599,80,OSM,0,
-3.721731,-60.324429,60,OSM:classe,1,60
-3.721701,-59.151030,60,OSM:classe,1,40
-3.721011,-61.947152,60,OSM:classe,1,40
-3.720930,-61.662668,60,OSM:classe,1,40
-3.720878,-59.146734,60,OSM:classe,1,40
-3.718945,-59.142666,60,OSM:classe,1,40
-3.717827,-60.326665,60,OSM:classe,1,60
-3.717352,-59.138457,60,OSM:classe,1,40
-3.717259,-61.944730,60,OSM:classe,1,40
-3.716433,-61.662707,60,OSM:classe,1,40
-3.715982,-59.134174,60,OSM:classe,1,40
-3.715377,-59.129721,60,OSM:classe,1,40
-3.715259,-59.125216,60,OSM:classe,1,40
-3.713958,-60.328961,60,OSM:classe,1,60
-3.713576,-61.942786,60,OSM:classe,1,40
-3.711957,-61.663063,60,OSM:classe,1,40
-3.711619,-59.123624,60,OSM:classe,1,40
-3.711155,-60.276486,80,OSM,0,
-3.710104,-60.331283,60,OSM:classe,1,60
-3.709716,-61.940884,60,OSM:classe,1,40
-3.707523,-61.663815,60,OSM:classe,1,40
-3.707132,-59.123910,60,OSM:classe,1,40
-3.706912,-61.937490,60,OSM:classe,1,40
-3.706250,-60.333604,60,OSM:classe,1,60
-3.704211,-61.933891,60,OSM:classe,1,40
-3.703095,-61.664422,60,OSM:classe,1,40
-3.702704,-59.123310,60,OSM:classe,1,40
-3.702396,-60.335926,60,OSM:classe,1,60
-3.700890,-61.931411,60,OSM:classe,1,40
-3.698956,-60.275373,80,OSM,0,
-3.698923,-61.662787,60,OSM:classe,1,40
-3.698889,-59.125323,60,OSM:classe,1,40
-3.698552,-60.338264,60,OSM:classe,1,60
-3.696575,-61.930231,60,OSM:classe,1,40
-3.694870,-59.124897,60,OSM:classe,1,40
-3.694809,-61.660968,60,OSM:classe,1,40
-3.694728,-60.340633,60,OSM:classe,1,60
-3.694301,-60.274902,80,OSM,0,
-3.692594,-60.274507,80,OSM,0,
-3.692266,-61.929029,60,OSM:classe,1,40
-3.691235,-59.122404,60,OSM:classe,1,40
-3.690903,-60.343003,60,OSM:classe,1,60
-3.690600,-61.662345,60,OSM:classe,1,40
-3.689238,-59.122298,60,OSM:classe,1,40
-3.689064,-59.122340,60,OSM:classe,1,40
-3.687957,-61.927743,60,OSM:classe,1,40
-3.687078,-60.345372,60,OSM:classe,1,60
-3.686421,-61.664007,60,OSM:classe,1,40
-3.684783,-59.121972,60,OSM:classe,1,40
-3.683791,-61.926194,60,OSM:classe,1,40
-3.683253,-60.347741,60,OSM:classe,1,60
-3.682183,-61.664915,60,OSM:classe,1,40
-3.681997,-60.270928,80,OSM,0,
-3.681036,-61.922649,60,OSM:classe,1,40
-3.680986,-59.123636,60,OSM:classe,1,40
-3.679429,-60.350111,60,OSM:classe,1,60
-3.678373,-61.919021,60,OSM:classe,1,40
-3.678279,-59.120544,60,OSM:classe,1,40
-3.677956,-59.095778,60,OSM:classe,1,40
-3.677798,-61.663918,60,OSM:classe,1,40
-3.677386,-59.093335,60,OSM:classe,1,40
-3.675810,-59.099441,60,OSM:classe,1,40
-3.675668,-61.915421,60,OSM:classe,1,40
-3.675617,-60.352502,60,OSM:classe,1,60
-3.674329,-59.118543,60,OSM:classe,1,40
-3.673412,-61.662922,60,OSM:classe,1,40
-3.673024,-61.911797,60,OSM:classe,1,40
-3.672280,-59.102192,60,OSM:classe,1,40
-3.671818,-60.354912,60,OSM:classe,1,60
-3.671400,-60.267349,80,OSM,0,
-3.670347,-61.908357,60,OSM:classe,1,40
-3.669841,-59.118433,60,OSM:classe,1,40
-3.669004,-61.662041,60,OSM:classe,1,40
-3.668903,-59.105108,60,OSM:classe,1,40
-3.668019,-60.357322,60,OSM:classe,1,60
-3.667804,-61.904664,60,OSM:classe,1,40
-3.665511,-59.118469,60,OSM:classe,1,40
-3.665141,-61.901033,60,OSM:classe,1,40
-3.664886,-59.107130,60,OSM:classe,1,40
-3.664757,-61.663079,60,OSM:classe,1,40
-3.664219,-60.359732,60,OSM:classe,1,60
-3.662479,-61.897402,60,OSM:classe,1,40
-3.661591,-59.116809,60,OSM:classe,1,40
-3.660854,-59.109125,60,OSM:classe,1,40
-3.660803,-60.263770,80,OSM,0,
-3.660420,-60.362142,60,OSM:classe,1,60
-3.660286,-61.663556,60,OSM:classe,1,40
-3.659816,-61.893771,60,OSM:classe,1,40
-3.659481,-61.720165,60,OSM:classe,1,40
-3.659332,-61.715690,60,OSM:classe,1,40
-3.658675,-59.113402,60,OSM:classe,1,40
-3.657603,-61.724103,60,OSM:classe,1,40
-3.657154,-61.890140,60,OSM:classe,1,40
-3.656822,-59.111120,60,OSM:classe,1,40
-3.656800,-61.711974,60,OSM:classe,1,40
-3.656621,-60.364552,60,OSM:classe,1,60
-3.655815,-61.664033,60,OSM:classe,1,40
-3.655296,-59.111810,60,OSM:classe,1,40
-3.654951,-61.727716,60,OSM:classe,1,40
-3.654508,-61.732164,60,OSM:classe,1,40
-3.654491,-61.886509,60,OSM:classe,1,40
-3.654074,-61.708407,60,OSM:classe,1,40
-3.653279,-61.736495,60,OSM:classe,1,40
-3.652822,-60.366962,60,OSM:classe,1,60
-3.652004,-61.740816,60,OSM:classe,1,40
-3.651950,-61.665700,60,OSM:classe,1,40
-3.651834,-61.825055,60,OSM:classe,1,40
-3.651819,-61.882884,60,OSM:classe,1,40
-3.651817,-61.829561,60,OSM:classe,1,40
-3.651801,-61.834066,60,OSM:classe,1,40
-3.651784,-61.838572,60,OSM:classe,1,40
-3.651728,-59.114384,60,OSM:classe,1,40
-3.651717,-61.842850,60,OSM:classe,1,40
-3.651252,-61.705039,60,OSM:classe,1,40
-3.650746,-61.820836,60,OSM:classe,1,40
-3.650729,-61.745137,60,OSM:classe,1,40
-3.650225,-61.700653,60,OSM:classe,1,40
-3.650206,-60.260191,80,OSM,0,
-3.649985,-61.847008,60,OSM:classe,1,40
-3.649674,-59.118287,60,OSM:classe,1,40
-3.649454,-61.749458,60,OSM:classe,1,40
-3.649198,-61.696266,60,OSM:classe,1,40
-3.649056,-61.879330,60,OSM:classe,1,40
-3.649022,-60.369372,60,OSM:classe,1,60
-3.648270,-61.817075,60,OSM:classe,1,40
-3.648239,-61.851160,60,OSM:classe,1,40
-3.648179,-61.753779,60,OSM:classe,1,40
-3.648170,-61.691879,60,OSM:classe,1,40
-3.647774,-61.666863,60,OSM:classe,1,40
-3.647143,-61.687493,60,OSM:classe,1,40
-3.646904,-61.758100,60,OSM:classe,1,40
-3.646895,-59.121696,60,OSM:classe,1,40
-3.646354,-61.855251,60,OSM:classe,1,40
-3.646292,-61.875776,60,OSM:classe,1,40
-3.646184,-61.683091,60,OSM:classe,1,40
-3.645793,-61.813314,60,OSM:classe,1,40
-3.645629,-61.762420,60,OSM:classe,1,40
-3.645236,-61.678686,60,OSM:classe,1,40
-3.645223,-60.371782,60,OSM:classe,1,60
-3.644469,-61.859341,60,OSM:classe,1,40
-3.644354,-61.766741,60,OSM:classe,1,40
-3.644287,-61.674282,60,OSM:classe,1,40
-3.643757,-61.669817,60,OSM:classe,1,40
-3.643672,-61.668658,60,OSM:classe,1,40
-3.643593,-61.872182,60,OSM:classe,1,40
-3.643316,-61.809554,60,OSM:classe,1,40
-3.643156,-61.867755,60,OSM:classe,1,40
-3.643079,-61.771062,60,OSM:classe,1,40
-3.642879,-59.123722,60,OSM:classe,1,40
-3.642583,-61.863432,60,OSM:classe,1,40
-3.641909,-61.775412,60,OSM:classe,1,40
-3.641424,-60.374192,60,OSM:classe,1,60
-3.640839,-61.805793,60,OSM:classe,1,40
-3.640696,-61.779748,60,OSM:classe,1,40
-3.639609,-60.256612,80,OSM,0,
-3.639588,-61.801532,60,OSM:classe,1,40
-3.639428,-59.126554,60,OSM:classe,1,40
-3.639341,-61.784043,60,OSM:classe,1,40
-3.638431,-61.797178,60,OSM:classe,1,40
-3.638255,-61.788410,60,OSM:classe,1,40
-3.637949,-60.255767,80,OSM,0,
-3.637643,-60.376631,60,OSM:classe,1,60
-3.637584,-61.792753,60,OSM:classe,1,40
-3.636291,-59.129769,60,OSM:classe,1,40
-3.633898,-60.379125,60,OSM:classe,1,60
-3.632879,-69.398693,60,OSM:classe,1,40
-3.632678,-59.132155,60,OSM:classe,1,40
-3.630152,-60.381618,60,OSM:classe,1,60
-3.629196,-69.396203,60,OSM:classe,1,40
-3.628730,-60.249614,80,OSM,0,
-3.628183,-59.132281,60,OSM:classe,1,40
-3.626394,-60.384090,60,OSM:classe,1,60
-3.624775,-69.395480,60,OSM:classe,1,40
-3.623719,-59.132711,60,OSM:classe,1,40
-3.622527,-60.386390,60,OSM:classe,1,60
-3.620374,-69.395361,60,OSM:classe,1,40
-3.620266,-60.240205,80,OSM,0,
-3.619268,-59.132542,60,OSM:classe,1,40
-3.618660,-60.388689,60,OSM:classe,1,60
-3.617333,-69.392078,60,OSM:classe,1,40
-3.615364,-59.134676,60,OSM:classe,1,40
-3.614793,-60.390988,60,OSM:classe,1,60
-3.613084,-69.391001,60,OSM:classe,1,40
-3.611803,-60.230796,80,OSM,0,
-3.611091,-59.134886,60,OSM:classe,1,40
-3.610926,-60.393288,60,OSM:classe,1,60
-3.608745,-59.531113,60,OSM:classe,1,60
-3.608716,-69.390156,60,OSM:classe,1,40
-3.608237,-59.535530,60,OSM:classe,1,60
-3.607463,-59.539969,60,OSM:classe,1,60
-3.607284,-59.526852,60,OSM:classe,1,60
-3.607059,-60.395587,60,OSM:classe,1,60
-3.606689,-59.544407,60,OSM:classe,1,60
-3.606655,-59.134375,60,OSM:classe,1,40
-3.605915,-59.548845,60,OSM:classe,1,60
-3.605824,-59.522591,60,OSM:classe,1,60
-3.605334,-69.389112,60,OSM:classe,1,40
-3.605141,-59.553284,60,OSM:classe,1,60
-3.604367,-59.557722,60,OSM:classe,1,60
-3.604363,-59.518329,60,OSM:classe,1,60
-3.604115,-59.517516,60,OSM:classe,1,40
-3.603894,-69.391537,60,OSM:classe,1,40
-3.603593,-59.562160,60,OSM:classe,1,60
-3.603339,-60.221388,80,OSM,0,
-3.603192,-60.397887,60,OSM:classe,1,60
-3.602903,-59.514068,60,OSM:classe,1,60
-3.602819,-59.566598,60,OSM:classe,1,60
-3.602165,-59.134396,60,OSM:classe,1,40
-3.602034,-59.571035,60,OSM:classe,1,60
-3.601442,-59.509807,60,OSM:classe,1,60
-3.601236,-59.575469,60,OSM:classe,1,60
-3.600856,-69.389098,60,OSM:classe,1,40
-3.600826,-69.389101,60,OSM:classe,1,40
-3.600452,-69.390947,60,OSM:classe,1,40
-3.600439,-59.579903,60,OSM:classe,1,60
-3.599982,-59.505546,60,OSM:classe,1,60
-3.599941,-69.390712,60,OSM:classe,1,40
-3.599790,-59.518747,60,OSM:classe,1,40
-3.599641,-59.584337,60,OSM:classe,1,60
-3.599325,-60.400186,60,OSM:classe,1,60
-3.598844,-59.588771,60,OSM:classe,1,60
-3.598521,-59.501285,60,OSM:classe,1,60
-3.598046,-59.593205,60,OSM:classe,1,60
-3.597819,-59.133261,60,OSM:classe,1,40
-3.597248,-59.597639,60,OSM:classe,1,60
-3.597061,-59.497023,60,OSM:classe,1,60
-3.596451,-59.602073,60,OSM:classe,1,60
-3.596056,-69.388423,60,OSM:classe,1,40
-3.595735,-69.389117,60,OSM:classe,1,40
-3.595655,-69.389259,60,OSM:classe,1,40
-3.595653,-59.606507,60,OSM:classe,1,60
-3.595549,-59.492782,60,OSM:classe,1,60
-3.595458,-60.402486,60,OSM:classe,1,60
-3.595417,-59.519775,60,OSM:classe,1,40
-3.594875,-60.211979,80,OSM,0,
-3.594856,-59.610941,60,OSM:classe,1,60
-3.594058,-59.615375,60,OSM:classe,1,60
-3.593799,-59.488632,60,OSM:classe,1,60
-3.593464,-59.132165,60,OSM:classe,1,40
-3.593261,-59.619809,60,OSM:classe,1,60
-3.593101,-69.386559,60,OSM:classe,1,40
-3.592870,-69.386891,60,OSM:classe,1,40
-3.592463,-59.624243,60,OSM:classe,1,60
-3.592048,-59.484482,60,OSM:classe,1,60
-3.591827,-69.385687,60,OSM:classe,1,40
-3.591780,-69.385644,60,OSM:classe,1,40
-3.591666,-59.628677,60,OSM:classe,1,60
-3.591574,-60.404754,60,OSM:classe,1,60
-3.590995,-59.520594,60,OSM:classe,1,40
-3.590868,-59.633111,60,OSM:classe,1,60
-3.590297,-59.480332,60,OSM:classe,1,60
-3.590071,-59.637545,60,OSM:classe,1,60
-3.589273,-59.641979,60,OSM:classe,1,60
-3.588983,-59.132342,60,OSM:classe,1,40
-3.588645,-59.132291,60,OSM:classe,1,40
-3.588546,-59.476182,60,OSM:classe,1,60
-3.588476,-59.646413,60,OSM:classe,1,60
-3.588469,-59.130282,60,OSM:classe,1,40
-3.588143,-69.383045,60,OSM:classe,1,40
-3.588076,-59.125793,60,OSM:classe,1,40
-3.587678,-59.650847,60,OSM:classe,1,60
-3.587667,-60.406985,60,OSM:classe,1,60
-3.586881,-59.655281,60,OSM:classe,1,60
-3.586795,-59.472032,60,OSM:classe,1,60
-3.586573,-59.521412,60,OSM:classe,1,40
-3.586083,-59.659715,60,OSM:classe,1,60
-3.585929,-69.381242,60,OSM:classe,1,40
-3.585890,-60.203660,80,OSM,0,
-3.585798,-69.381586,60,OSM:classe,1,40
-3.585286,-59.664149,60,OSM:classe,1,60
-3.585044,-59.467882,60,OSM:classe,1,60
-3.584499,-59.132669,60,OSM:classe,1,40
-3.584488,-59.668583,60,OSM:classe,1,60
-3.584338,-59.128297,60,OSM:classe,1,40
-3.584205,-59.128386,60,OSM:classe,1,40
-3.584021,-69.379681,60,OSM:classe,1,40
-3.583760,-60.409215,60,OSM:classe,1,60
-3.583691,-59.673017,60,OSM:classe,1,60
-3.583552,-69.380068,60,OSM:classe,1,40
-3.583294,-59.463732,60,OSM:classe,1,60
-3.582893,-59.677451,60,OSM:classe,1,60
-3.582415,-59.129559,60,OSM:classe,1,40
-3.582151,-59.522231,60,OSM:classe,1,40
-3.582095,-59.681885,60,OSM:classe,1,60
-3.581721,-59.132905,60,OSM:classe,1,40
-3.581656,-69.375849,60,OSM:classe,1,40
-3.581543,-59.459582,60,OSM:classe,1,60
-3.581298,-59.686319,60,OSM:classe,1,60
-3.581273,-59.132962,60,OSM:classe,1,40
-3.580542,-59.455202,60,OSM:classe,1,60
-3.580500,-59.690753,60,OSM:classe,1,60
-3.579852,-60.411445,60,OSM:classe,1,60
-3.579703,-59.695187,60,OSM:classe,1,60
-3.579673,-59.450782,60,OSM:classe,1,60
-3.578905,-59.699621,60,OSM:classe,1,60
-3.578567,-59.446424,60,OSM:classe,1,60
-3.578108,-59.704055,60,OSM:classe,1,60
-3.578042,-59.135176,60,OSM:classe,1,40
-3.577985,-69.373367,60,OSM:classe,1,40
-3.577730,-59.523050,60,OSM:classe,1,40
-3.577195,-59.708451,60,OSM:classe,1,60
-3.577168,-59.442142,60,OSM:classe,1,60
-3.576904,-60.195341,80,OSM,0,
-3.576441,-59.712710,60,OSM:classe,1,60
-3.576002,-60.413772,60,OSM:classe,1,60
-3.575805,-59.717152,60,OSM:classe,1,60
-3.575769,-59.437860,60,OSM:classe,1,60
-3.575022,-59.721588,60,OSM:classe,1,60
-3.574370,-59.433578,60,OSM:classe,1,60
-3.574240,-59.726025,60,OSM:classe,1,60
-3.573943,-69.371393,60,OSM:classe,1,40
-3.573457,-59.730462,60,OSM:classe,1,60
-3.573308,-59.523868,60,OSM:classe,1,40
-3.573256,-59.523878,60,OSM:classe,1,40
-3.573211,-59.429241,60,OSM:classe,1,60
-3.572675,-59.734898,60,OSM:classe,1,60
-3.572601,-59.424777,60,OSM:classe,1,60
-3.572168,-60.416125,60,OSM:classe,1,60
-3.571991,-59.420314,60,OSM:classe,1,60
-3.571892,-59.739335,60,OSM:classe,1,60
-3.571601,-59.415827,60,OSM:classe,1,60
-3.571272,-59.411334,60,OSM:classe,1,60
-3.571110,-59.743771,60,OSM:classe,1,60
-3.570943,-59.406840,60,OSM:classe,1,60
-3.569904,-59.402499,60,OSM:classe,1,60
-3.569826,-69.369592,60,OSM:classe,1,40
-3.568830,-59.524671,60,OSM:classe,1,40
-3.568823,-59.747566,60,OSM:classe,1,60
-3.568377,-59.398261,60,OSM:classe,1,60
-3.568334,-60.418479,60,OSM:classe,1,60
-3.567919,-60.187022,80,OSM,0,
-3.566850,-59.394024,60,OSM:classe,1,60
-3.565911,-59.750999,60,OSM:classe,1,60
-3.565822,-69.367551,60,OSM:classe,1,40
-3.565323,-59.389786,60,OSM:classe,1,60
-3.564500,-69.366839,60,OSM:classe,1,40
-3.564500,-60.420833,60,OSM:classe,1,60
-3.564403,-59.525464,60,OSM:classe,1,40
-3.564288,-69.367202,60,OSM:classe,1,40
-3.563796,-59.385548,60,OSM:classe,1,60
-3.562998,-59.754431,60,OSM:classe,1,60
-3.562268,-59.381311,60,OSM:classe,1,60
-3.560741,-59.377073,60,OSM:classe,1,60
-3.560676,-69.364565,60,OSM:classe,1,40
-3.560346,-60.422264,60,OSM:classe,1,60
-3.560086,-59.757864,60,OSM:classe,1,60
-3.559977,-59.526257,60,OSM:classe,1,40
-3.559214,-59.372836,60,OSM:classe,1,60
-3.558545,-59.318679,60,OSM:classe,1,60
-3.558440,-60.178098,80,OSM,0,
-3.558086,-59.314212,60,OSM:classe,1,60
-3.557687,-59.368598,60,OSM:classe,1,60
-3.557624,-59.193598,60,OSM:classe,1,60
-3.557453,-59.309751,60,OSM:classe,1,60
-3.557174,-59.761296,60,OSM:classe,1,60
-3.556981,-59.322852,60,OSM:classe,1,60
-3.556821,-59.305291,60,OSM:classe,1,60
-3.556708,-69.362452,60,OSM:classe,1,40
-3.556189,-59.300830,60,OSM:classe,1,60
-3.556160,-59.364361,60,OSM:classe,1,60
-3.555932,-60.421439,60,OSM:classe,1,60
-3.555551,-59.527050,60,OSM:classe,1,40
-3.555508,-59.296386,60,OSM:classe,1,60
-3.554900,-59.326845,60,OSM:classe,1,60
-3.554261,-59.764729,60,OSM:classe,1,60
-3.554210,-59.190666,60,OSM:classe,1,60
-3.553241,-59.361249,60,OSM:classe,1,60
-3.553053,-69.362123,60,OSM:classe,1,40
-3.552819,-59.330839,60,OSM:classe,1,60
-3.552744,-59.292860,60,OSM:classe,1,60
-3.551746,-60.419835,60,OSM:classe,1,60
-3.551349,-59.768162,60,OSM:classe,1,60
-3.551124,-59.527843,60,OSM:classe,1,40
-3.550738,-59.334833,60,OSM:classe,1,60
-3.550422,-59.191352,60,OSM:classe,1,60
-3.549767,-59.289483,60,OSM:classe,1,60
-3.548962,-60.169174,80,OSM,0,
-3.548962,-59.359865,60,OSM:classe,1,60
-3.548656,-59.338826,60,OSM:classe,1,60
-3.548441,-59.771598,60,OSM:classe,1,60
-3.547426,-60.418991,60,OSM:classe,1,60
-3.547024,-59.194298,60,OSM:classe,1,60
-3.546791,-59.286106,60,OSM:classe,1,60
-3.546698,-59.528636,60,OSM:classe,1,40
-3.546575,-59.342820,60,OSM:classe,1,60
-3.545581,-59.775074,60,OSM:classe,1,60
-3.544748,-59.358343,60,OSM:classe,1,60
-3.544041,-59.197669,60,OSM:classe,1,60
-3.543814,-59.282729,60,OSM:classe,1,60
-3.543701,-60.416468,60,OSM:classe,1,60
-3.543357,-59.345837,60,OSM:classe,1,60
-3.543104,-59.354312,60,OSM:classe,1,60
-3.542721,-59.778551,60,OSM:classe,1,60
-3.542302,-59.349879,60,OSM:classe,1,60
-3.542271,-59.529402,60,OSM:classe,1,40
-3.542229,-59.779071,60,OSM:classe,1,40
-3.541057,-59.201040,60,OSM:classe,1,60
-3.540838,-59.279352,60,OSM:classe,1,60
-3.539861,-59.782028,60,OSM:classe,1,60
-3.539510,-60.417095,60,OSM:classe,1,60
-3.539484,-60.160250,80,OSM,0,
-3.539254,-59.776585,60,OSM:classe,1,40
-3.538371,-59.527442,60,OSM:classe,1,40
-3.538074,-59.204411,60,OSM:classe,1,60
-3.537861,-59.275975,60,OSM:classe,1,60
-3.537002,-59.785505,60,OSM:classe,1,60
-3.535899,-59.273872,60,OSM:classe,1,40
-3.535802,-59.773698,60,OSM:classe,1,40
-3.535795,-60.419630,60,OSM:classe,1,60
-3.535183,-59.524790,60,OSM:classe,1,40
-3.535091,-59.207781,60,OSM:classe,1,60
-3.534885,-59.272599,60,OSM:classe,1,60
-3.534142,-59.788981,60,OSM:classe,1,60
-3.533733,-59.233844,60,OSM:classe,1,60
-3.533546,-59.229344,60,OSM:classe,1,60
-3.533247,-59.224849,60,OSM:classe,1,60
-3.532948,-59.220353,60,OSM:classe,1,60
-3.532712,-59.238025,60,OSM:classe,1,60
-3.532649,-59.215858,60,OSM:classe,1,60
-3.532483,-59.211371,60,OSM:classe,1,60
-3.532470,-59.276787,60,OSM:classe,1,40
-3.532346,-59.770816,60,OSM:classe,1,40
-3.532094,-59.269066,60,OSM:classe,1,60
-3.531993,-66.063888,60,OSM,0,
-3.531778,-66.063046,60,OSM,0,
-3.531651,-66.064681,60,OSM,0,
-3.531594,-60.420688,60,OSM:classe,1,60
-3.531309,-66.062162,60,OSM,0,
-3.531282,-59.792458,60,OSM:classe,1,60
-3.530744,-59.525511,60,OSM:classe,1,40
-3.530549,-66.061516,60,OSM,0,
-3.530006,-60.151327,80,OSM,0,
-3.529752,-59.241417,60,OSM:classe,1,60
-3.529319,-59.265522,60,OSM:classe,1,60
-3.529041,-59.279701,60,OSM:classe,1,40
-3.528846,-59.767988,60,OSM:classe,1,40
-3.528422,-59.795935,60,OSM:classe,1,60
-3.527112,-60.420322,60,OSM:classe,1,60
-3.526792,-59.244809,60,OSM:classe,1,60
-3.526666,-59.527177,60,OSM:classe,1,40
-3.526544,-59.261977,60,OSM:classe,1,60
-3.525612,-59.282616,60,OSM:classe,1,40
-3.525582,-59.257679,60,OSM:classe,1,60
-3.525563,-59.799411,60,OSM:classe,1,60
-3.525345,-59.765160,60,OSM:classe,1,40
-3.525255,-59.253186,60,OSM:classe,1,60
-3.524927,-59.248693,60,OSM:classe,1,60
-3.523148,-59.527928,60,OSM:classe,1,40
-3.522703,-59.802888,60,OSM:classe,1,60
-3.522630,-60.419957,60,OSM:classe,1,60
-3.522355,-66.058773,60,OSM,0,
-3.521845,-59.762332,60,OSM:classe,1,40
-3.521766,-59.284825,60,OSM:classe,1,40
-3.520863,-60.142563,80,OSM,0,
-3.520294,-59.540243,60,OSM:classe,1,40
-3.519843,-59.806365,60,OSM:classe,1,60
-3.519680,-59.537808,60,OSM:classe,1,40
-3.519364,-59.529784,60,OSM:classe,1,40
-3.519125,-66.057427,60,OSM,0,
-3.518513,-59.533475,60,OSM:classe,1,40
-3.518345,-59.759504,60,OSM:classe,1,40
-3.518327,-66.085919,60,OSM,0,
-3.518148,-60.419591,60,OSM:classe,1,60
-3.517694,-59.810290,60,OSM:classe,1,60
-3.517317,-59.285472,60,OSM:classe,1,40
-3.517191,-66.083084,60,OSM,0,
-3.516639,-59.814653,60,OSM:classe,1,60
-3.516005,-66.079774,60,OSM,0,
-3.515974,-59.819108,60,OSM:classe,1,60
-3.515922,-66.078583,60,OSM,0,
-3.515773,-66.080656,60,OSM,0,
-3.515308,-59.823564,60,OSM:classe,1,60
-3.514844,-59.756676,60,OSM:classe,1,40
-3.514449,-59.827968,60,OSM:classe,1,60
-3.514011,-60.420991,60,OSM:classe,1,60
-3.513986,-66.076958,60,OSM,0,
-3.512895,-59.286288,60,OSM:classe,1,40
-3.512521,-66.076335,60,OSM,0,
-3.511719,-60.133800,80,OSM,0,
-3.511344,-59.753848,60,OSM:classe,1,40
-3.511210,-59.830961,60,OSM:classe,1,60
-3.511097,-66.074597,60,OSM,0,
-3.510768,-66.073815,60,OSM,0,
-3.510282,-66.073459,60,OSM,0,
-3.510097,-60.423208,60,OSM:classe,1,60
-3.508985,-60.131858,80,OSM:classe,1,60
-3.508473,-59.287104,60,OSM:classe,1,40
-3.507777,-66.072703,60,OSM,0,
-3.507563,-66.051166,60,OSM,0,
-3.507457,-59.833443,60,OSM:classe,1,60
-3.507243,-59.752145,60,OSM:classe,1,40
-3.506739,-60.426123,60,OSM:classe,1,60
-3.506104,-66.072662,60,OSM,0,
-3.505914,-60.135148,80,OSM:classe,1,60
-3.504259,-66.072270,60,OSM,0,
-3.504036,-59.287828,60,OSM:classe,1,40
-3.503718,-60.429460,60,OSM:classe,1,60
-3.503704,-59.835924,60,OSM:classe,1,60
-3.502905,-59.750956,60,OSM:classe,1,40
-3.502842,-60.138439,80,OSM:classe,1,60
-3.502576,-60.125037,80,OSM,0,
-3.501743,-66.070456,60,OSM,0,
-3.500678,-60.432773,60,OSM:classe,1,60
-3.500594,-66.068602,60,OSM,0,
-3.499951,-59.838406,60,OSM:classe,1,60
-3.499771,-60.141729,80,OSM:classe,1,60
-3.499577,-59.288234,60,OSM:classe,1,40
-3.498634,-59.749602,60,OSM:classe,1,40
-3.498405,-66.066477,60,OSM,0,
-3.497738,-66.037729,60,OSM,0,
-3.497557,-66.038643,60,OSM,0,
-3.496793,-60.435041,60,OSM:classe,1,60
-3.496700,-60.145019,80,OSM:classe,1,60
-3.496198,-59.840887,60,OSM:classe,1,60
-3.496127,-66.065794,60,OSM,0,
-3.496002,-66.044905,60,OSM,0,
-3.495987,-66.040868,60,OSM,0,
-3.495801,-59.286037,60,OSM:classe,1,40
-3.495041,-66.065097,60,OSM,0,
-3.494524,-59.747930,60,OSM:classe,1,40
-3.494202,-66.044306,60,OSM,0,
-3.493859,-66.045053,60,OSM,0,
-3.493628,-60.148310,80,OSM:classe,1,60
-3.493432,-60.116273,80,OSM,0,
-3.493260,-66.065061,60,OSM,0,
-3.492742,-66.046701,60,OSM,0,
-3.492618,-60.435866,60,OSM:classe,1,60
-3.492445,-59.843369,60,OSM:classe,1,60
-3.491943,-59.283773,60,OSM:classe,1,40
-3.491864,-66.064310,60,OSM,0,
-3.490678,-59.745991,60,OSM:classe,1,40
-3.490572,-60.151614,80,OSM:classe,1,60
-3.490097,-66.048071,60,OSM,0,
-3.489356,-66.064138,60,OSM,0,
-3.488692,-59.845850,60,OSM:classe,1,60
-3.488436,-60.434443,60,OSM:classe,1,60
-3.488208,-66.049742,60,OSM,0,
-3.487970,-59.281669,60,OSM:classe,1,40
-3.487759,-66.051446,60,OSM,0,
-3.487627,-66.063014,40,OSM,0,
-3.487566,-60.154965,80,OSM:classe,1,60
-3.487199,-59.743286,60,OSM:classe,1,40
-3.486890,-66.052358,60,OSM,0,
-3.486329,-66.063799,40,OSM,0,
-3.485978,-66.061447,60,OSM,0,
-3.485766,-60.437786,60,OSM:classe,1,60
-3.485342,-66.053088,60,OSM,0,
-3.484940,-59.848332,60,OSM:classe,1,60
-3.484560,-60.158315,80,OSM:classe,1,60
-3.484338,-66.053150,60,OSM,0,
-3.484289,-60.107510,80,OSM,0,
-3.484102,-60.441971,60,OSM:classe,1,60
-3.484060,-59.279444,60,OSM:classe,1,40
-3.483673,-66.053829,60,OSM,0,
-3.483452,-60.106091,80,OSM,0,
-3.483423,-59.740973,60,OSM:classe,1,40
-3.483257,-66.055175,60,OSM,0,
-3.483136,-66.065998,40,OSM,0,
-3.482823,-66.055813,60,OSM,0,
-3.482468,-66.055971,60,OSM,0,
-3.482438,-60.446157,60,OSM:classe,1,60
-3.482081,-66.055854,60,OSM,0,
-3.481554,-60.161665,80,OSM:classe,1,60
-3.481187,-59.850813,60,OSM:classe,1,60
-3.480630,-60.450271,60,OSM:classe,1,60
-3.480211,-66.059804,60,OSM,0,
-3.480191,-66.064707,40,OSM,0,
-3.480114,-59.277300,60,OSM:classe,1,40
-3.479764,-59.738463,60,OSM:classe,1,40
-3.479529,-66.064380,40,OSM,0,
-3.479394,-66.057589,60,OSM,0,
-3.479265,-60.095305,80,OSM,0,
-3.479223,-66.063410,40,OSM,0,
-3.478802,-66.063159,40,OSM,0,
-3.478710,-66.065319,40,OSM,0,
-3.478358,-60.164834,80,OSM:classe,1,60
-3.478323,-60.454137,60,OSM:classe,1,60
-3.477809,-66.064699,40,OSM,0,
-3.477483,-66.058749,60,OSM,0,
-3.477434,-59.853295,60,OSM:classe,1,60
-3.477024,-60.506739,60,OSM:classe,1,40
-3.476902,-66.059267,60,OSM,0,
-3.476657,-66.061700,40,OSM,0,
-3.476639,-66.058172,40,OSM,0,
-3.476571,-60.510544,60,OSM:classe,1,40
-3.476278,-66.059943,60,OSM,0,
-3.475993,-66.060431,60,OSM,0,
-3.475989,-60.512695,60,OSM:classe,1,40
-3.475887,-66.061438,50,OSM,0,
-3.475860,-66.061570,40,OSM,0,
-3.475841,-59.275898,60,OSM:classe,1,40
-3.475741,-66.062205,60,OSM,0,
-3.475563,-66.056517,40,OSM,0,
-3.475552,-60.457534,60,OSM:classe,1,60
-3.475538,-59.736928,60,OSM:classe,1,40
-3.475079,-60.084519,80,OSM,0,
-3.474982,-60.167796,80,OSM:classe,1,60
-3.474934,-66.068145,60,OSM,0,
-3.474907,-60.491645,60,OSM:classe,1,40
-3.474716,-66.061545,40,OSM,0,
-3.474709,-66.052018,60,OSM,0,
-3.474576,-66.060623,40,OSM,0,
-3.474414,-66.052036,60,OSM,0,
-3.474340,-66.052065,60,OSM,0,
-3.474232,-66.057403,40,OSM,0,
-3.474232,-60.495039,60,OSM:classe,1,40
-3.474226,-68.939395,60,OSM:classe,1,40
-3.474174,-66.061683,50,OSM,0,
-3.474173,-60.519981,60,OSM:classe,1,40
-3.474106,-68.932951,60,OSM:classe,1,40
-3.474080,-66.052363,60,OSM,0,
-3.474061,-66.057947,40,OSM,0,
-3.474009,-60.504855,60,OSM:classe,1,40
-3.473884,-66.050985,60,OSM,0,
-3.473841,-60.499365,60,OSM:classe,1,40
-3.473801,-68.935105,60,OSM:classe,1,40
-3.473681,-59.855776,60,OSM:classe,1,60
-3.473520,-60.516210,60,OSM:classe,1,40
-3.473149,-66.058497,40,OSM,0,
-3.473061,-66.066887,60,OSM,0,
-3.473006,-66.056337,40,OSM,0,
-3.472616,-66.055064,60,OSM,0,
-3.472511,-60.524088,60,OSM:classe,1,40
-3.472503,-66.066254,60,OSM,0,
-3.472416,-68.952625,60,OSM:classe,1,40
-3.472401,-66.054933,30,OSM,0,
-3.472145,-66.056898,40,OSM,0,
-3.472139,-66.049338,60,OSM,0,
-3.471947,-66.062952,50,OSM,0,
-3.471930,-68.929009,60,OSM:classe,1,40
-3.471743,-68.942984,60,OSM:classe,1,40
-3.471568,-59.274495,60,OSM:classe,1,40
-3.471428,-68.948380,60,OSM:classe,1,40
-3.471378,-60.502136,60,OSM:classe,1,40
-3.471291,-66.064512,30,OSM,0,
-3.471267,-59.735561,60,OSM:classe,1,40
-3.471228,-66.064402,30,OSM,0,
-3.471108,-60.457961,60,OSM:classe,1,60
-3.471082,-68.924755,60,OSM:classe,1,40
-3.470903,-66.056051,30,OSM,0,
-3.470893,-60.073733,80,OSM,0,
-3.470822,-60.168570,80,OSM:classe,1,60
-3.470754,-66.064928,30,OSM,0,
-3.470649,-66.064666,30,OSM,0,
-3.470588,-60.492067,60,OSM:classe,1,40
-3.470417,-68.953026,60,OSM:classe,1,40
-3.470246,-68.947791,60,OSM:classe,1,40
-3.469928,-59.858258,60,OSM:classe,1,60
-3.469552,-60.491447,60,OSM:classe,1,40
-3.469504,-60.503236,60,OSM:classe,1,40
-3.469266,-66.060176,40,OSM,0,
-3.469148,-66.058872,40,OSM,0,
-3.469134,-66.049542,60,OSM,0,
-3.468940,-60.504053,60,OSM:classe,1,40
-3.468401,-60.489929,60,OSM:classe,1,40
-3.468224,-68.944741,60,OSM:classe,1,40
-3.467836,-66.058698,40,OSM,0,
-3.467753,-66.049976,60,OSM,0,
-3.467558,-68.926031,60,OSM:classe,1,40
-3.467348,-60.171408,80,OSM:classe,1,60
-3.467295,-59.273092,60,OSM:classe,1,40
-3.467121,-66.049789,60,OSM,0,
-3.466803,-59.735837,60,OSM:classe,1,40
-3.466707,-60.062946,80,OSM,0,
-3.466687,-60.458785,60,OSM:classe,1,60
-3.466644,-66.049520,60,OSM,0,
-3.466591,-60.501878,60,OSM:classe,1,40
-3.466454,-68.946042,60,OSM:classe,1,40
-3.466445,-60.506054,60,OSM:classe,1,40
-3.466377,-68.951774,60,OSM:classe,1,40
-3.466175,-59.860740,60,OSM:classe,1,60
-3.466174,-68.947764,60,OSM:classe,1,40
-3.466087,-66.047777,60,OSM,0,
-3.465919,-68.948504,60,OSM:classe,1,40
-3.465338,-66.046806,60,OSM,0,
-3.464818,-60.490800,60,OSM:classe,1,40
-3.464796,-68.948464,60,OSM:classe,1,40
-3.464082,-68.948516,60,OSM:classe,1,40
-3.463973,-68.951192,60,OSM:classe,1,40
-3.463746,-60.174090,80,OSM:classe,1,60
-3.463419,-68.926913,60,OSM:classe,1,40
-3.463386,-68.950042,60,OSM:classe,1,40
-3.463022,-59.271690,60,OSM:classe,1,40
-3.462704,-68.950717,60,OSM:classe,1,40
-3.462520,-60.052160,80,OSM,0,
-3.462507,-68.950077,60,OSM:classe,1,40
-3.462422,-59.863221,60,OSM:classe,1,60
-3.462314,-59.735961,60,OSM:classe,1,40
-3.462308,-60.500585,60,OSM:classe,1,40
-3.462256,-60.459446,60,OSM:classe,1,60
-3.462216,-66.046742,60,OSM,0,
-3.462107,-60.506132,60,OSM:classe,1,40
-3.461420,-60.493537,60,OSM:classe,1,40
-3.460491,-60.177094,80,OSM:classe,1,60
-3.459975,-66.046074,60,OSM,0,
-3.459346,-60.508817,60,OSM:classe,1,40
-3.459025,-68.925957,60,OSM:classe,1,40
-3.459025,-60.513731,60,OSM:classe,1,40
-3.458938,-60.508875,60,OSM:classe,1,40
-3.458748,-59.270287,60,OSM:classe,1,40
-3.458670,-59.865703,60,OSM:classe,1,60
-3.458583,-68.923135,60,OSM:classe,1,40
-3.458478,-60.512701,60,OSM:classe,1,40
-3.458476,-66.045146,60,OSM,0,
-3.458379,-60.502018,60,OSM:classe,1,40
-3.458358,-68.918335,60,OSM:classe,1,40
-3.458344,-68.918650,60,OSM:classe,1,40
-3.458334,-60.041374,80,OSM,0,
-3.458325,-68.914166,60,OSM:classe,1,40
-3.457872,-68.911330,60,OSM:classe,1,40
-3.457856,-59.735645,60,OSM:classe,1,40
-3.457786,-60.491604,60,OSM:classe,1,40
-3.457767,-60.459184,60,OSM:classe,1,60
-3.457613,-60.180298,80,OSM:classe,1,60
-3.457438,-60.037422,80,OSM,0,
-3.456256,-66.044912,60,OSM,0,
-3.456239,-60.027644,80,OSM,0,
-3.455039,-60.017866,80,OSM,0,
-3.454982,-66.044295,60,OSM,0,
-3.454917,-59.868184,60,OSM:classe,1,60
-3.454616,-60.507877,60,OSM:classe,1,40
-3.454489,-60.492638,60,OSM:classe,1,40
-3.454475,-59.268885,60,OSM:classe,1,40
-3.454290,-60.183333,80,OSM:classe,1,60
-3.454261,-60.500436,60,OSM:classe,1,40
-3.454088,-64.763195,60,OSM:classe,1,40
-3.453999,-66.042903,60,OSM,0,
-3.453840,-60.008088,80,OSM,0,
-3.453548,-59.734539,60,OSM:classe,1,40
-3.453379,-60.459580,60,OSM:classe,1,60
-3.452992,-60.006488,80,OSM,0,
-3.452728,-66.041597,60,OSM,0,
-3.452134,-59.730268,60,OSM:classe,1,40
-3.451569,-60.005361,80,OSM,0,
-3.451490,-64.759518,60,OSM:classe,1,40
-3.451164,-59.870666,60,OSM:classe,1,60
-3.451137,-66.041136,60,OSM,0,
-3.450904,-60.186297,80,OSM:classe,1,60
-3.450580,-59.726042,60,OSM:classe,1,40
-3.450421,-60.508896,60,OSM:classe,1,40
-3.450252,-60.500223,60,OSM:classe,1,40
-3.450202,-59.267482,60,OSM:classe,1,40
-3.449429,-60.004036,80,OSM,0,
-3.449177,-60.461183,60,OSM:classe,1,60
-3.448963,-59.721838,60,OSM:classe,1,40
-3.448893,-64.755841,60,OSM:classe,1,40
-3.447507,-60.189249,80,OSM:classe,1,60
-3.447424,-59.717608,60,OSM:classe,1,40
-3.447411,-59.873147,60,OSM:classe,1,60
-3.446827,-64.751871,60,OSM:classe,1,40
-3.446117,-59.713299,60,OSM:classe,1,40
-3.446000,-60.508575,60,OSM:classe,1,40
-3.445929,-59.266079,60,OSM:classe,1,40
-3.445863,-60.501097,60,OSM:classe,1,40
-3.445336,-60.460536,60,OSM:classe,1,60
-3.445136,-59.708903,60,OSM:classe,1,40
-3.444543,-64.748038,60,OSM:classe,1,40
-3.444417,-59.704458,60,OSM:classe,1,40
-3.444110,-60.192200,80,OSM:classe,1,60
-3.443760,-59.700001,60,OSM:classe,1,40
-3.443658,-59.875629,60,OSM:classe,1,60
-3.443103,-59.695545,60,OSM:classe,1,40
-3.442352,-59.691104,60,OSM:classe,1,40
-3.442294,-60.506298,60,OSM:classe,1,40
-3.442031,-59.999518,80,OSM,0,
-3.441656,-59.264677,60,OSM:classe,1,40
-3.441590,-60.458171,60,OSM:classe,1,60
-3.441552,-59.686671,60,OSM:classe,1,40
-3.441467,-64.744792,60,OSM:classe,1,40
-3.441092,-60.505716,60,OSM:classe,1,40
-3.441008,-59.998546,80,OSM,0,
-3.440712,-60.195151,80,OSM:classe,1,60
-3.440588,-59.682316,60,OSM:classe,1,40
-3.440010,-59.996574,80,OSM,0,
-3.439905,-59.878110,60,OSM:classe,1,60
-3.438056,-59.988903,80,OSM,0,
-3.437947,-64.742007,60,OSM:classe,1,40
-3.437505,-59.679146,60,OSM:classe,1,40
-3.437453,-60.457040,60,OSM:classe,1,60
-3.437305,-59.263786,60,OSM:classe,1,40
-3.437298,-60.198081,80,OSM:classe,1,60
-3.436152,-59.880592,60,OSM:classe,1,60
-3.436103,-59.981231,80,OSM,0,
-3.435547,-59.979676,80,OSM,0,
-3.434238,-64.739491,60,OSM:classe,1,40
-3.434229,-60.458706,60,OSM:classe,1,60
-3.433820,-60.200937,80,OSM:classe,1,60
-3.433591,-60.458325,60,OSM:classe,1,60
-3.433582,-59.266185,60,OSM:classe,1,40
-3.433566,-60.453534,60,OSM,0,
-3.433183,-59.677900,60,OSM:classe,1,40
-3.433097,-60.459342,60,OSM:classe,1,60
-3.433020,-60.452403,60,OSM,0,
-3.432936,-60.458490,60,OSM:classe,1,60
-3.432700,-60.453610,60,OSM,0,
-3.432683,-60.459082,60,OSM:classe,1,60
-3.432661,-59.973482,80,OSM,0,
-3.432400,-59.883073,60,OSM:classe,1,60
-3.432364,-60.453198,30,OSM,0,
-3.432279,-60.455765,60,OSM,0,
-3.432044,-60.452970,60,OSM,0,
-3.431891,-60.454791,30,OSM,0,
-3.431833,-60.453542,30,OSM,0,
-3.431727,-60.455686,30,OSM,0,
-3.431334,-60.454895,30,OSM,0,
-3.431270,-60.455584,30,OSM,0,
-3.430840,-60.455489,60,OSM,0,
-3.430343,-60.203793,80,OSM:classe,1,60
-3.430287,-64.737340,60,OSM:classe,1,40
-3.430107,-59.269044,60,OSM:classe,1,40
-3.429776,-59.967288,80,OSM,0,
-3.429014,-59.676232,60,OSM:classe,1,40
-3.428914,-59.964446,80,OSM,0,
-3.428647,-59.885555,60,OSM:classe,1,60
-3.426956,-60.206756,80,OSM:classe,1,60
-3.426632,-59.271902,60,OSM:classe,1,40
-3.426036,-64.735932,60,OSM:classe,1,40
-3.425923,-59.952150,80,OSM,0,
-3.425061,-59.674087,60,OSM:classe,1,40
-3.424894,-59.888036,60,OSM:classe,1,60
-3.423577,-60.209728,80,OSM:classe,1,60
-3.422932,-59.939854,80,OSM,0,
-3.422873,-59.274166,60,OSM:classe,1,40
-3.421922,-64.734197,60,OSM:classe,1,40
-3.421392,-59.671538,60,OSM:classe,1,40
-3.421141,-59.890518,60,OSM:classe,1,60
-3.420199,-60.212701,80,OSM:classe,1,60
-3.419941,-59.927558,80,OSM,0,
-3.418411,-59.274651,60,OSM:classe,1,40
-3.417501,-60.216281,80,OSM:classe,1,60
-3.417443,-64.733796,60,OSM:classe,1,40
-3.417388,-59.892999,60,OSM:classe,1,60
-3.417092,-59.670318,60,OSM:classe,1,40
-3.416951,-59.915262,80,OSM,0,
-3.416395,-59.913994,80,OSM,0,
-3.415475,-59.912938,80,OSM,0,
-3.414021,-59.275622,60,OSM:classe,1,40
-3.413783,-60.218606,80,OSM:classe,1,60
-3.413635,-59.895481,60,OSM:classe,1,60
-3.413512,-59.673043,60,OSM:classe,1,40
-3.412982,-64.733250,60,OSM:classe,1,40
-3.409932,-59.675769,60,OSM:classe,1,40
-3.409882,-59.897962,60,OSM:classe,1,60
-3.409616,-59.907669,80,OSM,0,
-3.409578,-59.275021,60,OSM:classe,1,40
-3.408531,-64.732609,60,OSM:classe,1,40
-3.406860,-59.678093,60,OSM:classe,1,40
-3.406351,-59.678494,60,OSM:classe,1,40
-3.406129,-59.900444,60,OSM:classe,1,60
-3.405298,-59.273772,60,OSM:classe,1,40
-3.404105,-64.731828,60,OSM:classe,1,40
-3.404065,-59.674564,60,OSM:classe,1,40
-3.403861,-59.901944,60,OSM:classe,1,60
-3.403756,-59.902401,80,OSM,0,
-3.403528,-59.902196,80,OSM,0,
-3.403226,-59.901921,80,OSM,0,
-3.402771,-59.681220,60,OSM:classe,1,40
-3.402172,-59.611977,60,OSM:classe,1,40
-3.401270,-59.671036,60,OSM:classe,1,40
-3.401105,-59.272145,60,OSM:classe,1,40
-3.399711,-64.730872,60,OSM:classe,1,40
-3.399449,-59.615379,60,OSM:classe,1,40
-3.399293,-59.608518,60,OSM:classe,1,40
-3.399232,-59.683997,60,OSM:classe,1,40
-3.398663,-59.619644,60,OSM:classe,1,40
-3.398475,-59.667507,60,OSM:classe,1,40
-3.397037,-59.604634,60,OSM:classe,1,40
-3.396790,-59.270902,60,OSM:classe,1,40
-3.396071,-59.623197,60,OSM:classe,1,40
-3.396055,-59.895417,80,OSM,0,
-3.395760,-59.686859,60,OSM:classe,1,40
-3.395680,-59.663978,60,OSM:classe,1,40
-3.395358,-64.729743,60,OSM:classe,1,40
-3.393576,-59.602205,60,OSM:classe,1,40
-3.392953,-59.626370,60,OSM:classe,1,40
-3.392886,-59.660449,60,OSM:classe,1,40
-3.392430,-59.269800,60,OSM:classe,1,40
-3.391925,-59.689183,60,OSM:classe,1,40
-3.391000,-64.728799,60,OSM:classe,1,40
-3.390091,-59.656921,60,OSM:classe,1,40
-3.389707,-59.599928,60,OSM:classe,1,40
-3.389389,-59.629029,60,OSM:classe,1,40
-3.388884,-59.888912,80,OSM,0,
-3.388302,-59.271159,60,OSM:classe,1,40
-3.387973,-59.691331,60,OSM:classe,1,40
-3.387557,-59.633113,60,OSM:classe,1,40
-3.387296,-59.653392,60,OSM:classe,1,40
-3.387255,-64.731257,60,OSM:classe,1,40
-3.386003,-59.597374,60,OSM:classe,1,40
-3.385462,-59.702538,60,OSM:classe,1,40
-3.384922,-59.706904,60,OSM:classe,1,40
-3.384606,-59.720432,60,OSM:classe,1,40
-3.384602,-59.698116,60,OSM:classe,1,40
-3.384522,-59.649852,60,OSM:classe,1,40
-3.384380,-59.715953,60,OSM:classe,1,40
-3.384323,-59.273256,60,OSM:classe,1,40
-3.384302,-59.635932,60,OSM:classe,1,40
-3.384271,-59.693733,60,OSM:classe,1,40
-3.384025,-59.711463,60,OSM:classe,1,40
-3.384025,-59.711286,60,OSM:classe,1,40
-3.383573,-59.884543,80,OSM,0,
-3.383354,-64.733497,60,OSM:classe,1,40
-3.383315,-59.645513,60,OSM:classe,1,40
-3.382986,-59.723050,60,OSM:classe,1,40
-3.382352,-59.594758,60,OSM:classe,1,40
-3.382028,-59.641201,60,OSM:classe,1,40
-3.380905,-59.638294,60,OSM:classe,1,40
-3.380691,-59.638459,60,OSM:classe,1,40
-3.380062,-59.591098,60,OSM:classe,1,40
-3.379476,-59.565193,60,OSM:classe,1,40
-3.379436,-59.569692,60,OSM:classe,1,40
-3.379334,-64.735495,60,OSM:classe,1,40
-3.379121,-59.586705,60,OSM:classe,1,40
-3.379013,-59.574165,60,OSM:classe,1,40
-3.378774,-59.560833,60,OSM:classe,1,40
-3.378263,-59.880174,80,OSM,0,
-3.378135,-59.578582,60,OSM:classe,1,40
-3.378035,-64.723829,60,OSM:classe,1,40
-3.377968,-59.641944,60,OSM:classe,1,40
-3.377061,-59.582953,60,OSM:classe,1,40
-3.376461,-59.879406,80,OSM,0,
-3.376424,-59.556993,60,OSM:classe,1,40
-3.375495,-59.645685,60,OSM:classe,1,40
-3.374863,-64.735097,60,OSM:classe,1,40
-3.373859,-64.722158,60,OSM:classe,1,40
-3.373684,-64.722088,60,OSM:classe,1,40
-3.373258,-59.554214,60,OSM:classe,1,40
-3.372148,-59.648595,60,OSM:classe,1,40
-3.371688,-64.728692,60,OSM:classe,1,40
-3.371475,-64.724369,60,OSM:classe,1,40
-3.371345,-64.733170,60,OSM:classe,1,40
-3.370880,-59.550453,60,OSM:classe,1,40
-3.370417,-64.720780,60,OSM:classe,1,40
-3.370235,-64.720707,60,OSM:classe,1,40
-3.368188,-59.650697,60,OSM:classe,1,40
-3.367874,-59.547108,60,OSM:classe,1,40
-3.366058,-64.719039,60,OSM:classe,1,40
-3.365028,-59.543628,60,OSM:classe,1,40
-3.364736,-59.653305,60,OSM:classe,1,40
-3.364470,-59.879054,80,OSM,0,
-3.362923,-59.657283,60,OSM:classe,1,40
-3.362053,-59.540250,60,OSM:classe,1,40
-3.361828,-64.717639,60,OSM:classe,1,40
-3.361612,-59.661578,60,OSM:classe,1,40
-3.360679,-64.717597,60,OSM:classe,1,40
-3.359342,-59.665310,60,OSM:classe,1,40
-3.359078,-59.536873,60,OSM:classe,1,40
-3.358514,-64.721097,60,OSM:classe,1,40
-3.357343,-64.717374,60,OSM:classe,1,40
-3.356359,-59.668527,60,OSM:classe,1,40
-3.356199,-64.717321,60,OSM:classe,1,40
-3.356103,-59.533495,60,OSM:classe,1,40
-3.355862,-64.733529,60,OSM:classe,1,40
-3.355166,-64.729484,60,OSM:classe,1,40
-3.354092,-64.721874,60,OSM:classe,1,40
-3.353957,-64.718222,60,OSM:classe,1,40
-3.353644,-64.716851,60,OSM:classe,1,40
-3.353176,-64.710707,60,OSM:classe,1,40
-3.353172,-64.716184,60,OSM:classe,1,40
-3.353127,-59.530118,60,OSM:classe,1,40
-3.353093,-64.719301,60,OSM:classe,1,40
-3.352991,-58.308403,60,OSM:classe,1,40
-3.352878,-64.734715,60,OSM:classe,1,40
-3.352695,-64.707365,60,OSM:classe,1,40
-3.352631,-64.704326,60,OSM:classe,1,40
-3.352603,-64.708830,60,OSM:classe,1,40
-3.352593,-64.710513,60,OSM:classe,1,40
-3.352550,-59.670689,60,OSM:classe,1,40
-3.352521,-64.715370,60,OSM:classe,1,40
-3.352479,-59.878702,80,OSM,0,
-3.352328,-64.727395,60,OSM:classe,1,40
-3.352096,-64.719871,60,OSM:classe,1,40
-3.351653,-64.713217,60,OSM:classe,1,40
-3.351293,-64.723143,60,OSM:classe,1,40
-3.351240,-64.722133,60,OSM:classe,1,40
-3.351187,-64.713597,60,OSM:classe,1,40
-3.350919,-64.722831,60,OSM:classe,1,40
-3.350152,-59.526741,60,OSM:classe,1,40
-3.349659,-58.305574,60,OSM:classe,1,40
-3.349640,-64.706389,60,OSM:classe,1,40
-3.349639,-64.711912,60,OSM:classe,1,40
-3.349300,-64.705151,60,OSM:classe,1,40
-3.349170,-64.712388,60,OSM:classe,1,40
-3.349079,-64.717324,60,OSM:classe,1,40
-3.348447,-64.713182,60,OSM:classe,1,40
-3.348436,-59.672357,60,OSM:classe,1,40
-3.348281,-64.714723,60,OSM:classe,1,40
-3.348187,-64.715508,60,OSM:classe,1,40
-3.348079,-64.716540,60,OSM:classe,1,40
-3.348037,-64.716975,60,OSM:classe,1,40
-3.348030,-64.710216,60,OSM:classe,1,40
-3.348003,-64.705680,60,OSM:classe,1,40
-3.347963,-64.718185,60,OSM:classe,1,40
-3.347908,-64.719401,60,OSM:classe,1,40
-3.347875,-64.720386,60,OSM:classe,1,40
-3.347339,-64.709204,60,OSM:classe,1,40
-3.347259,-64.709580,60,OSM:classe,1,40
-3.346806,-59.672880,60,OSM:classe,1,40
-3.346392,-58.302612,60,OSM:classe,1,40
-3.346267,-59.525696,60,OSM:classe,1,40
-3.344447,-64.706391,60,OSM:classe,1,40
-3.343756,-64.706525,60,OSM:classe,1,40
-3.343752,-64.706262,60,OSM:classe,1,40
-3.342751,-58.300226,60,OSM:classe,1,40
-3.341834,-59.526451,60,OSM:classe,1,40
-3.340489,-59.878350,80,OSM,0,
-3.339363,-58.297707,60,OSM:classe,1,40
-3.337427,-59.527346,60,OSM:classe,1,40
-3.336523,-58.294248,60,OSM:classe,1,40
-3.334209,-59.530124,60,OSM:classe,1,40
-3.332831,-58.291736,60,OSM:classe,1,40
-3.332015,-59.533737,60,OSM:classe,1,40
-3.330887,-59.537956,60,OSM:classe,1,40
-3.329394,-61.210494,60,OSM:classe,1,40
-3.328827,-58.289686,60,OSM:classe,1,40
-3.328498,-59.877998,80,OSM,0,
-3.328306,-59.540479,60,OSM:classe,1,40
-3.328215,-61.212038,60,OSM:classe,1,40
-3.326903,-61.213138,60,OSM:classe,1,40
-3.326332,-61.213008,60,OSM:classe,1,40
-3.324806,-58.287674,60,OSM:classe,1,40
-3.324583,-59.539770,60,OSM:classe,1,40
-3.322912,-61.210405,60,OSM:classe,1,40
-3.321795,-59.541543,60,OSM:classe,1,40
-3.320569,-58.286284,60,OSM:classe,1,40
-3.320110,-59.878501,80,OSM,0,
-3.319340,-61.208395,60,OSM:classe,1,40
-3.318880,-58.248222,60,OSM:classe,1,40
-3.318611,-58.245392,60,OSM:classe,1,40
-3.316229,-58.241791,60,OSM:classe,1,40
-3.316123,-58.251568,60,OSM:classe,1,40
-3.316114,-58.286352,60,OSM:classe,1,40
-3.314890,-61.208281,60,OSM:classe,1,40
-3.314408,-58.259476,60,OSM:classe,1,40
-3.314080,-58.255579,60,OSM:classe,1,40
-3.314046,-58.237854,60,OSM:classe,1,40
-3.312390,-58.825868,30,OSM,0,
-3.312288,-59.877841,80,OSM,0,
-3.312086,-58.825459,30,OSM,0,
-3.311971,-58.285088,60,OSM:classe,1,40
-3.311860,-58.233917,60,OSM:classe,1,40
-3.311357,-58.262784,60,OSM:classe,1,40
-3.310777,-58.824711,30,OSM,0,
-3.310442,-61.208338,60,OSM:classe,1,40
-3.309905,-58.266653,60,OSM:classe,1,40
-3.309720,-61.207593,60,OSM:classe,1,40
-3.308660,-58.282041,60,OSM:classe,1,40
-3.308411,-58.231171,60,OSM:classe,1,40
-3.307761,-58.823527,30,OSM,0,
-3.307262,-60.607434,60,OSM:classe,1,40
-3.307255,-58.270288,60,OSM:classe,1,40
-3.307213,-60.607714,60,OSM:classe,1,40
-3.306814,-60.603912,60,OSM:classe,1,40
-3.306722,-58.823040,30,OSM,0,
-3.306591,-61.204358,60,OSM:classe,1,40
-3.306401,-61.196497,60,OSM:classe,1,40
-3.306340,-61.210184,60,OSM:classe,1,40
-3.306122,-58.225090,60,OSM:classe,1,40
-3.305778,-58.274498,60,OSM:classe,1,40
-3.305649,-60.611787,60,OSM:classe,1,40
-3.305484,-58.278904,60,OSM:classe,1,40
-3.304674,-58.228869,60,OSM:classe,1,40
-3.304524,-58.820442,30,OSM,0,
-3.304501,-60.613323,60,OSM:classe,1,40
-3.304191,-61.200408,60,OSM:classe,1,40
-3.303934,-61.200776,60,OSM:classe,1,40
-3.303691,-58.818312,30,OSM,0,
-3.303298,-58.221673,60,OSM:classe,1,40
-3.303097,-60.617311,60,OSM:classe,1,40
-3.302740,-60.603092,60,OSM:classe,1,40
-3.302506,-61.212488,60,OSM:classe,1,40
-3.302338,-61.212633,60,OSM:classe,1,40
-3.301260,-64.779018,60,OSM:classe,1,40
-3.301253,-64.781256,60,OSM:classe,1,40
-3.300836,-60.621158,60,OSM:classe,1,40
-3.300740,-60.621326,60,OSM:classe,1,50
-3.300728,-58.218554,60,OSM:classe,1,40
-3.299829,-64.782483,60,OSM:classe,1,40
-3.299789,-60.622638,60,OSM,0,
-3.299788,-60.442927,60,OSM:classe,1,40
-3.299584,-61.214208,60,OSM:classe,1,40
-3.299256,-60.623463,40,OSM:classe,1,40
-3.299228,-59.878678,80,OSM,0,
-3.298932,-60.427594,60,OSM:classe,1,40
-3.298822,-60.603069,60,OSM:classe,1,40
-3.298704,-60.624399,40,OSM:classe,1,40
-3.298446,-60.431885,60,OSM:classe,1,40
-3.297878,-59.878515,80,OSM,0,
-3.297444,-60.423358,60,OSM:classe,1,40
-3.297434,-60.439150,60,OSM:classe,1,40
-3.297432,-60.626474,60,OSM:classe,1,50
-3.297076,-60.172288,60,OSM:classe,1,40
-3.296976,-60.418969,60,OSM:classe,1,40
-3.296752,-64.784039,60,OSM:classe,1,40
-3.296516,-60.627965,60,OSM,0,
-3.296485,-58.219057,60,OSM:classe,1,40
-3.296431,-60.628195,60,OSM,0,
-3.296225,-59.877786,80,OSM,0,
-3.296056,-60.628386,40,OSM:classe,1,40
-3.295819,-60.176594,60,OSM:classe,1,40
-3.295703,-60.436883,60,OSM:classe,1,40
-3.295665,-60.437026,60,OSM:classe,1,40
-3.295606,-60.628704,60,OSM,0,
-3.295580,-61.216259,60,OSM:classe,1,40
-3.295527,-60.414718,60,OSM:classe,1,40
-3.295507,-60.437018,60,OSM:classe,1,40
-3.295439,-60.433657,60,OSM:classe,1,40
-3.294682,-61.216719,60,OSM:classe,1,40
-3.294557,-60.180917,60,OSM:classe,1,40
-3.294493,-59.876073,80,OSM,0,
-3.294292,-60.410401,60,OSM:classe,1,40
-3.293729,-60.183755,60,OSM:classe,1,40
-3.293359,-60.438441,60,OSM:classe,1,40
-3.293178,-60.185200,60,OSM:classe,1,40
-3.292495,-60.406277,60,OSM:classe,1,40
-3.292433,-58.221009,60,OSM:classe,1,40
-3.292359,-64.784618,60,OSM:classe,1,40
-3.291574,-60.189408,60,OSM:classe,1,40
-3.291132,-60.402009,60,OSM:classe,1,40
-3.291079,-60.189796,60,OSM:classe,1,40
-3.290572,-61.218463,60,OSM:classe,1,40
-3.290403,-60.441627,60,OSM:classe,1,40
-3.289919,-60.632101,60,OSM,0,
-3.289857,-60.632001,60,OSM,0,
-3.289738,-60.397747,60,OSM:classe,1,40
-3.289652,-60.632286,60,OSM,0,
-3.289620,-60.632260,60,OSM:classe,1,50
-3.289572,-60.632147,60,OSM,0,
-3.288704,-60.393400,60,OSM:classe,1,40
-3.288344,-60.633348,40,OSM:classe,1,40
-3.288209,-58.222089,60,OSM:classe,1,40
-3.288189,-58.248701,60,OSM:classe,1,40
-3.288068,-64.785878,60,OSM:classe,1,40
-3.287713,-60.188173,60,OSM:classe,1,40
-3.287621,-60.444789,60,OSM:classe,1,40
-3.287152,-61.221306,60,OSM:classe,1,40
-3.287127,-58.244668,60,OSM:classe,1,40
-3.287089,-60.634257,40,OSM:classe,1,40
-3.286671,-59.866113,80,OSM,0,
-3.286658,-60.143015,60,OSM:classe,1,40
-3.286528,-60.634745,40,OSM:classe,1,40
-3.286461,-60.138812,60,OSM:classe,1,40
-3.286445,-60.147241,60,OSM:classe,1,40
-3.286369,-60.634925,60,OSM,0,
-3.286345,-60.635157,60,OSM,0,
-3.285944,-61.225549,60,OSM:classe,1,40
-3.285828,-60.180218,40,OSM,0,
-3.285817,-60.390454,60,OSM:classe,1,40
-3.285576,-60.590352,60,OSM,0,
-3.285505,-60.180435,40,OSM,0,
-3.285454,-60.594814,60,OSM,0,
-3.285195,-60.593722,60,OSM,0,
-3.285173,-60.596042,60,OSM,0,
-3.285157,-60.182562,40,OSM,0,
-3.285147,-59.864547,80,OSM,0,
-3.285136,-60.591743,60,OSM,0,
-3.285050,-60.589632,60,OSM,0,
-3.285007,-60.580557,60,OSM,0,
-3.284987,-60.382831,40,OSM,0,
-3.284863,-60.582006,60,OSM,0,
-3.284825,-60.183069,40,OSM,0,
-3.284796,-61.229883,60,OSM:classe,1,40
-3.284777,-58.224616,60,OSM:classe,1,40
-3.284711,-58.240869,60,OSM:classe,1,40
-3.284566,-60.447855,60,OSM:classe,1,40
-3.283826,-60.585976,60,OSM,0,
-3.283810,-59.863596,80,OSM,0,
-3.283792,-60.390501,60,OSM:classe,1,40
-3.283781,-60.184724,40,OSM,0,
-3.283735,-60.584157,60,OSM,0,
-3.283728,-64.786507,60,OSM:classe,1,40
-3.283634,-60.584801,60,OSM,0,
-3.283470,-60.378651,40,OSM,0,
-3.283430,-60.598035,60,OSM,0,
-3.283314,-60.187441,60,OSM:classe,1,40
-3.283285,-60.377203,40,OSM,0,
-3.283196,-60.185785,40,OSM,0,
-3.282865,-61.233945,60,OSM:classe,1,40
-3.282831,-60.182809,40,OSM,0,
-3.282719,-60.184190,40,OSM,0,
-3.282592,-60.186874,40,OSM,0,
-3.282571,-60.186991,60,OSM:classe,1,40
-3.282518,-60.187006,60,OSM:classe,1,40
-3.282509,-60.186840,40,OSM,0,
-3.282471,-60.375645,40,OSM,0,
-3.282449,-60.186961,40,OSM,0,
-3.282449,-60.149219,60,OSM:classe,1,40
-3.282313,-58.228025,60,OSM:classe,1,40
-3.282126,-60.599071,60,OSM,0,
-3.281864,-58.237418,60,OSM:classe,1,40
-3.281849,-60.642483,40,OSM,0,
-3.281214,-60.371654,40,OSM,0,
-3.281124,-59.861532,80,OSM,0,
-3.281120,-60.649176,40,OSM,0,
-3.280923,-60.644726,60,OSM,0,
-3.280896,-60.193064,40,OSM,0,
-3.280883,-60.186082,40,OSM,0,
-3.280881,-60.450437,60,OSM:classe,1,40
-3.280731,-60.644879,60,OSM,0,
-3.280671,-60.185969,60,OSM:classe,1,40
-3.280553,-60.191803,40,OSM,0,
-3.280545,-61.237802,60,OSM:classe,1,40
-3.280390,-60.645525,40,OSM,0,
-3.280377,-60.365252,40,OSM,0,
-3.280302,-60.366418,40,OSM,0,
-3.280276,-60.645238,40,OSM,0,
-3.280128,-60.365040,40,OSM,0,
-3.279988,-60.185517,40,OSM,0,
-3.279826,-60.188010,40,OSM,0,
-3.279810,-60.646101,60,OSM,0,
-3.279766,-60.646009,60,OSM,0,
-3.279389,-64.787005,60,OSM:classe,1,40
-3.279298,-60.646433,40,OSM:classe,1,40
-3.279223,-60.646280,40,OSM,0,
-3.279113,-60.360582,40,OSM,0,
-3.279004,-60.646418,40,OSM:classe,1,40
-3.278880,-60.185026,40,OSM,0,
-3.278833,-58.234096,60,OSM:classe,1,40
-3.278594,-60.193162,40,OSM,0,
-3.278380,-59.856942,80,OSM,0,
-3.278317,-60.150074,60,OSM:classe,1,40
-3.278096,-60.354488,40,OSM,0,
-3.278076,-60.190457,20,OSM,0,
-3.278018,-60.600943,60,OSM,0,
-3.277929,-60.453708,60,OSM:classe,1,40
-3.277914,-58.228420,60,OSM:classe,1,40
-3.277680,-60.181979,40,OSM,0,
-3.277624,-60.353732,40,OSM,0,
-3.277593,-60.191316,20,OSM,0,
-3.277566,-60.351720,40,OSM,0,
-3.277501,-60.353082,40,OSM,0,
-3.277467,-61.241085,60,OSM:classe,1,40
-3.277384,-60.182057,40,OSM,0,
-3.277169,-60.182654,40,OSM,0,
-3.277068,-60.649052,40,OSM,0,
-3.277042,-60.191030,40,OSM,0,
-3.276939,-60.349284,40,OSM,0,
-3.276837,-60.183830,40,OSM,0,
-3.276677,-60.346356,40,OSM,0,
-3.276638,-60.600740,60,OSM,0,
-3.276580,-60.183669,60,OSM:classe,1,40
-3.276495,-60.345096,40,OSM,0,
-3.276441,-60.189576,40,OSM,0,
-3.276363,-58.230399,60,OSM:classe,1,40
-3.276333,-60.345775,40,OSM,0,
-3.276182,-59.855272,80,OSM,0,
-3.275920,-61.242222,60,OSM:classe,1,40
-3.275807,-60.193332,40,OSM,0,
-3.275704,-60.339773,40,OSM,0,
-3.275704,-60.182285,60,OSM:classe,1,40
-3.275630,-60.200637,60,OSM:classe,1,40
-3.275429,-60.601017,60,OSM,0,
-3.275422,-60.649684,40,OSM,0,
-3.275352,-60.200857,40,OSM,0,
-3.275265,-58.229173,60,OSM:classe,1,40
-3.275205,-64.788641,60,OSM:classe,1,40
-3.275038,-60.153078,60,OSM:classe,1,40
-3.274771,-60.335448,40,OSM,0,
-3.274677,-59.854261,80,OSM,0,
-3.274671,-60.648921,60,OSM,0,
-3.274618,-60.164025,60,OSM:classe,1,40
-3.274497,-60.455713,60,OSM:classe,1,40
-3.274256,-60.649224,60,OSM,0,
-3.274253,-60.331262,40,OSM,0,
-3.274246,-60.328742,40,OSM,0,
-3.274221,-60.190844,40,OSM,0,
-3.274179,-60.193876,40,OSM,0,
-3.274108,-60.178098,60,OSM:classe,1,40
-3.274087,-60.199869,40,OSM,0,
-3.274019,-60.168226,60,OSM:classe,1,40
-3.274007,-60.197351,40,OSM,0,
-3.273978,-58.230001,60,OSM:classe,1,40
-3.273733,-60.177411,60,OSM:classe,1,40
-3.273601,-60.177129,40,OSM,0,
-3.273586,-60.177344,60,OSM:classe,1,40
-3.273574,-60.177344,60,OSM:classe,1,60
-3.273490,-60.177281,60,OSM:classe,1,40
-3.273483,-60.177212,40,OSM,0,
-3.273482,-60.177031,40,OSM,0,
-3.273466,-60.196944,60,OSM:classe,1,40
-3.273456,-60.649418,60,OSM,0,
-3.273446,-60.177484,60,OSM:classe,1,40
-3.273401,-60.195169,40,OSM,0,
-3.273364,-60.196122,40,OSM,0,
-3.273246,-60.198747,40,OSM,0,
-3.273172,-60.323837,40,OSM,0,
-3.273020,-60.197332,40,OSM,0,
-3.272988,-60.172290,60,OSM:classe,1,40
-3.272951,-60.649633,40,OSM:classe,1,40
-3.272925,-60.195967,40,OSM,0,
-3.272868,-60.178565,60,OSM:classe,1,40
-3.272814,-61.242471,60,OSM:classe,1,40
-3.272712,-60.198008,30,OSM,0,
-3.272572,-59.853280,80,OSM,0,
-3.272498,-60.160143,60,OSM:classe,1,40
-3.272489,-64.791937,60,OSM:classe,1,40
-3.272482,-60.193004,60,OSM:classe,1,40
-3.272360,-60.179540,60,OSM:classe,1,40
-3.272104,-60.193581,60,OSM:classe,1,40
-3.272052,-60.196008,30,OSM,0,
-3.271964,-60.197481,30,OSM,0,
-3.271879,-60.649918,40,OSM:classe,1,40
-3.271463,-60.195924,40,OSM,0,
-3.271371,-60.173626,60,OSM:classe,1,40
-3.271332,-60.155517,60,OSM:classe,1,40
-3.271122,-60.173249,80,OSM,0,
-3.270281,-60.183533,60,OSM:classe,1,40
-3.270174,-59.852923,80,OSM,0,
-3.270168,-64.795768,60,OSM:classe,1,40
-3.270073,-60.156350,60,OSM:classe,1,40
-3.270014,-60.598439,60,OSM,0,
-3.270010,-60.456009,60,OSM:classe,1,40
-3.269808,-58.230388,60,OSM:classe,1,40
-3.269429,-60.157616,60,OSM:classe,1,40
-3.269374,-60.311785,40,OSM,0,
-3.269178,-60.650667,60,OSM,0,
-3.268929,-60.195711,60,OSM:classe,1,40
-3.268540,-60.199305,60,OSM:classe,1,40
-3.268360,-61.242616,60,OSM:classe,1,40
-3.268060,-60.306099,40,OSM,0,
-3.267766,-60.597943,60,OSM,0,
-3.267683,-60.203665,60,OSM:classe,1,40
-3.267682,-60.305329,40,OSM,0,
-3.267657,-64.799434,60,OSM:classe,1,40
-3.267417,-60.161554,60,OSM:classe,1,40
-3.266647,-60.651171,60,OSM,0,
-3.266404,-60.196429,60,OSM:classe,1,40
-3.266317,-60.651271,60,OSM,0,
-3.265827,-58.228294,60,OSM:classe,1,40
-3.265799,-60.651025,60,OSM,0,
-3.265689,-60.457147,60,OSM:classe,1,40
-3.265635,-60.297731,40,OSM,0,
-3.265395,-60.165005,60,OSM:classe,1,40
-3.264785,-60.292991,40,OSM,0,
-3.264754,-60.599732,60,OSM,0,
-3.264616,-60.290859,40,OSM,0,
-3.264477,-60.292497,40,OSM,0,
-3.264311,-60.650189,60,OSM,0,
-3.264253,-60.650326,60,OSM,0,
-3.264082,-60.650464,40,OSM:classe,1,40
-3.264041,-60.650477,60,OSM:classe,1,50
-3.264007,-64.801659,60,OSM:classe,1,40
-3.263968,-61.243583,60,OSM:classe,1,40
-3.263803,-60.162969,80,OSM,0,
-3.263764,-60.649831,80,OSM,0,
-3.263691,-60.599553,60,OSM,0,
-3.263586,-60.628922,80,OSM,0,
-3.263564,-60.649858,60,OSM,0,
-3.263536,-60.650095,40,OSM:classe,1,40
-3.263485,-60.628171,80,OSM,0,
-3.263449,-60.629154,80,OSM,0,
-3.263438,-60.627123,80,OSM,0,
-3.263420,-60.627002,80,OSM,0,
-3.263360,-60.627134,80,OSM,0,
-3.263348,-60.627006,80,OSM,0,
-3.263223,-60.651099,60,OSM:classe,1,50
-3.263191,-60.649239,80,OSM,0,
-3.263129,-60.649268,80,OSM,0,
-3.263114,-60.599691,60,OSM,0,
-3.263111,-60.629999,80,OSM,0,
-3.262963,-60.630035,80,OSM,0,
-3.262878,-60.623801,80,OSM,0,
-3.262832,-60.623280,80,OSM,0,
-3.262821,-60.162444,80,OSM,0,
-3.262589,-59.854535,80,OSM,0,
-3.262361,-60.630637,80,OSM,0,
-3.262284,-60.646837,40,OSM:classe,1,40
-3.262001,-60.646364,80,OSM,0,
-3.261943,-60.646430,80,OSM,0,
-3.261543,-58.227702,60,OSM:classe,1,40
-3.261489,-60.458715,60,OSM:classe,1,40
-3.261418,-60.645800,40,OSM:classe,1,40
-3.261096,-60.619184,80,OSM,0,
-3.261064,-60.619365,80,OSM,0,
-3.260591,-60.618621,80,OSM,0,
-3.260588,-60.654595,60,OSM:classe,1,50
-3.260511,-60.618721,80,OSM,0,
-3.260221,-64.803998,60,OSM:classe,1,40
-3.259987,-61.242030,60,OSM:classe,1,40
-3.259180,-60.632048,80,OSM,0,
-3.259084,-58.224351,60,OSM:classe,1,40
-3.258967,-60.632091,80,OSM,0,
-3.258953,-60.643854,80,OSM,0,
-3.258521,-60.643182,80,OSM,0,
-3.258412,-60.643083,80,OSM,0,
-3.258000,-60.633553,80,OSM,0,
-3.257969,-60.633969,80,OSM,0,
-3.257808,-60.635036,80,OSM,0,
-3.257662,-60.461079,60,OSM:classe,1,40
-3.257642,-60.634751,80,OSM,0,
-3.257466,-60.161172,80,OSM,0,
-3.257383,-60.616478,80,OSM,0,
-3.257330,-64.807362,60,OSM:classe,1,40
-3.256875,-60.260448,60,OSM,0,
-3.256786,-60.261349,60,OSM,0,
-3.256672,-60.606003,60,OSM,0,
-3.256443,-60.258378,60,OSM,0,
-3.256282,-60.654202,60,OSM:classe,1,50
-3.256240,-60.257192,60,OSM,0,
-3.256133,-60.257985,60,OSM,0,
-3.256124,-61.239747,60,OSM:classe,1,40
-3.255938,-58.221134,60,OSM:classe,1,40
-3.255886,-60.254108,60,OSM,0,
-3.255747,-60.255067,60,OSM,0,
-3.255583,-60.246305,60,OSM,0,
-3.255389,-60.243114,60,OSM,0,
-3.255190,-60.249767,60,OSM,0,
-3.255155,-60.247524,60,OSM,0,
-3.255004,-59.856147,80,OSM,0,
-3.254472,-60.249066,60,OSM,0,
-3.254341,-60.248597,60,OSM,0,
-3.253834,-64.810151,60,OSM:classe,1,40
-3.253600,-60.463001,60,OSM:classe,1,40
-3.253506,-59.856904,80,OSM,0,
-3.252165,-60.612936,80,OSM,0,
-3.252115,-61.237831,60,OSM:classe,1,40
-3.252060,-60.153006,60,OSM:classe,1,40
-3.252044,-60.152920,60,OSM:classe,1,40
-3.251892,-58.219503,60,OSM:classe,1,40
-3.251886,-60.653273,60,OSM:classe,1,50
-3.251885,-60.226791,60,OSM,0,
-3.251760,-60.153705,60,OSM:classe,1,40
-3.251147,-64.813750,60,OSM:classe,1,40
-3.250804,-60.612678,40,OSM:classe,1,40
-3.250301,-60.161612,80,OSM,0,
-3.250237,-60.612873,40,OSM:classe,1,40
-3.250230,-60.612315,60,OSM,0,
-3.250196,-60.148914,60,OSM:classe,1,40
-3.250020,-60.612576,80,OSM,0,
-3.249860,-60.612335,40,OSM:classe,1,40
-3.249844,-60.157779,60,OSM:classe,1,40
-3.249753,-60.612668,60,OSM:classe,1,40
-3.249506,-60.464863,60,OSM:classe,1,40
-3.249491,-60.237318,60,OSM,0,
-3.249313,-60.612460,40,OSM:classe,1,40
-3.249092,-60.233598,60,OSM,0,
-3.249054,-60.229757,60,OSM,0,
-3.248883,-60.234370,60,OSM,0,
-3.248782,-60.612366,80,OSM,0,
-3.248754,-60.224570,60,OSM,0,
-3.248714,-60.236036,60,OSM,0,
-3.248468,-60.235166,60,OSM,0,
-3.248339,-60.134254,60,OSM:classe,1,40
-3.248242,-60.084334,60,OSM:classe,1,40
-3.247997,-60.163222,60,OSM:classe,1,40
-3.247986,-60.161866,60,OSM:classe,1,40
-3.247949,-60.651133,60,OSM:classe,1,50
-3.247672,-58.220423,60,OSM:classe,1,40
-3.247671,-60.611861,80,OSM,0,
-3.247642,-61.237380,60,OSM:classe,1,40
-3.247562,-64.816436,60,OSM:classe,1,40
-3.247201,-60.088173,60,OSM:classe,1,40
-3.247142,-59.861502,80,OSM,0,
-3.247056,-60.145699,60,OSM:classe,1,40
-3.246857,-60.080458,60,OSM:classe,1,40
-3.246069,-60.077123,60,OSM:classe,1,40
-3.246018,-60.130477,60,OSM:classe,1,40
-3.245886,-60.467439,60,OSM:classe,1,40
-3.245695,-60.137869,60,OSM:classe,1,40
-3.245651,-60.141791,60,OSM:classe,1,40
-3.245546,-60.224741,60,OSM,0,
-3.244503,-60.091607,60,OSM:classe,1,40
-3.244402,-60.471617,60,OSM:classe,1,40
-3.244188,-64.819394,60,OSM:classe,1,40
-3.244100,-60.649103,60,OSM:classe,1,50
-3.243586,-61.235513,60,OSM:classe,1,40
-3.243425,-60.224302,60,OSM,0,
-3.243251,-58.219674,60,OSM:classe,1,40
-3.243088,-60.127061,60,OSM:classe,1,40
-3.241959,-60.167612,80,OSM,0,
-3.241780,-60.477963,80,OSM,0,
-3.241731,-60.077754,60,OSM:classe,1,40
-3.241655,-60.479012,80,OSM,0,
-3.241644,-64.822942,60,OSM:classe,1,40
-3.241537,-60.476172,80,OSM,0,
-3.241116,-60.224653,60,OSM,0,
-3.241008,-60.474204,60,OSM:classe,1,40
-3.240807,-60.474754,40,OSM:classe,1,40
-3.240779,-60.474223,60,OSM:classe,1,40
-3.240778,-59.866099,80,OSM,0,
-3.240627,-60.474471,60,OSM,0,
-3.240602,-60.093695,60,OSM:classe,1,40
-3.240588,-60.168141,80,OSM,0,
-3.240555,-60.491710,80,OSM,0,
-3.240540,-60.473905,40,OSM:classe,1,40
-3.240462,-60.502462,80,OSM,0,
-3.240460,-60.490744,80,OSM,0,
-3.240385,-60.474494,40,OSM:classe,1,40
-3.240370,-60.513214,80,OSM,0,
-3.240289,-60.473916,60,OSM,0,
-3.240278,-60.523966,80,OSM,0,
-3.240082,-60.473571,40,OSM:classe,1,40
-3.240080,-60.650048,60,OSM:classe,1,50
-3.239907,-60.525150,80,OSM,0,
-3.239813,-60.473126,60,OSM,0,
-3.239758,-60.167997,80,OSM,0,
-3.239550,-60.487834,80,OSM,0,
-3.239488,-60.486230,80,OSM,0,
-3.239256,-61.234361,60,OSM:classe,1,40
-3.239246,-59.866983,80,OSM,0,
-3.239186,-60.226112,60,OSM,0,
-3.238969,-58.219256,60,OSM:classe,1,40
-3.238869,-60.125643,60,OSM:classe,1,40
-3.238530,-60.604839,80,OSM,0,
-3.238096,-60.096920,60,OSM:classe,1,40
-3.238044,-59.867337,80,OSM,0,
-3.237842,-64.825246,60,OSM:classe,1,40
-3.237749,-58.223591,60,OSM:classe,1,40
-3.237612,-60.166905,80,OSM,0,
-3.237600,-60.076055,60,OSM:classe,1,40
-3.237483,-60.226320,60,OSM,0,
-3.236941,-60.468407,80,OSM,0,
-3.236760,-60.166716,80,OSM,0,
-3.236414,-58.227670,60,OSM:classe,1,40
-3.236234,-59.867501,80,OSM,0,
-3.235943,-64.829097,60,OSM:classe,1,40
-3.235876,-60.648795,60,OSM:classe,1,50
-3.235668,-60.118322,60,OSM:classe,1,40
-3.235547,-60.100429,60,OSM:classe,1,40
-3.235440,-61.232142,60,OSM:classe,1,40
-3.235281,-60.122809,60,OSM:classe,1,40
-3.235263,-60.114047,60,OSM:classe,1,40
-3.235185,-60.535015,80,OSM,0,
-3.235132,-60.124542,60,OSM:classe,1,40
-3.235116,-60.226986,60,OSM,0,
-3.234354,-59.867281,80,OSM,0,
-3.233525,-60.074808,60,OSM:classe,1,40
-3.233387,-60.459451,80,OSM,0,
-3.232696,-60.224543,60,OSM,0,
-3.232510,-60.651460,60,OSM:classe,1,50
-3.232343,-64.826613,60,OSM:classe,1,40
-3.232311,-60.113097,60,OSM:classe,1,40
-3.231998,-58.228257,60,OSM:classe,1,40
-3.231803,-60.597479,80,OSM,0,
-3.231759,-60.456467,80,OSM,0,
-3.231584,-61.229956,60,OSM:classe,1,40
-3.231502,-60.102369,60,OSM:classe,1,40
-3.231027,-60.166741,80,OSM,0,
-3.231008,-60.596166,80,OSM,0,
-3.230940,-60.122970,60,OSM:classe,1,40
-3.230744,-60.595077,80,OSM,0,
-3.230527,-60.452705,80,OSM,0,
-3.230464,-60.166242,80,OSM,0,
-3.230463,-60.544879,80,OSM,0,
-3.230275,-60.589308,80,OSM,0,
-3.229840,-60.109334,60,OSM:classe,1,40
-3.229717,-60.654850,60,OSM:classe,1,50
-3.229712,-60.583796,80,OSM,0,
-3.229551,-60.581090,80,OSM,0,
-3.229548,-60.164051,80,OSM,0,
-3.229431,-60.223942,60,OSM,0,
-3.229141,-60.449725,80,OSM,0,
-3.229105,-60.075511,60,OSM:classe,1,40
-3.228898,-60.572048,40,OSM:classe,1,40
-3.228827,-60.572872,80,OSM,0,
-3.228827,-59.865738,80,OSM,0,
-3.228787,-60.572494,80,OSM,0,
-3.228744,-60.571950,80,OSM,0,
-3.228715,-60.571552,80,OSM,0,
-3.228681,-60.572515,80,OSM,0,
-3.228656,-60.105486,60,OSM:classe,1,40
-3.228634,-60.571950,80,OSM,0,
-3.228595,-60.571512,80,OSM,0,
-3.228505,-60.572454,40,OSM:classe,1,40
-3.228353,-60.448835,80,OSM,0,
-3.228336,-64.824628,60,OSM:classe,1,40
-3.228122,-60.122631,60,OSM:classe,1,40
-3.228104,-60.163049,80,OSM,0,
-3.228017,-61.227231,60,OSM:classe,1,40
-3.227935,-60.562066,80,OSM,0,
-3.227793,-60.561853,80,OSM,0,
-3.227764,-60.550505,80,OSM,0,
-3.227647,-59.865632,80,OSM,0,
-3.227524,-58.228016,60,OSM:classe,1,40
-3.227372,-60.550922,80,OSM,0,
-3.227216,-60.224876,60,OSM,0,
-3.227154,-60.552580,80,OSM,0,
-3.226991,-60.552194,80,OSM,0,
-3.226988,-60.162584,80,OSM,0,
-3.226154,-60.162746,80,OSM,0,
-3.226041,-60.657418,60,OSM:classe,1,50
-3.225770,-60.075222,60,OSM:classe,1,40
-3.225690,-59.865965,80,OSM,0,
-3.224993,-61.223949,60,OSM:classe,1,40
-3.224757,-60.227271,60,OSM,0,
-3.224377,-60.070996,60,OSM:classe,1,40
-3.224345,-64.822611,60,OSM:classe,1,40
-3.224157,-60.124745,60,OSM:classe,1,40
-3.223752,-60.164418,80,OSM,0,
-3.223731,-60.661268,60,OSM:classe,1,50
-3.223463,-60.228077,60,OSM,0,
-3.223295,-58.227236,60,OSM:classe,1,40
-3.223094,-60.669401,60,OSM:classe,1,50
-3.222954,-60.228133,60,OSM,0,
-3.222172,-60.665267,60,OSM:classe,1,50
-3.221791,-60.227687,60,OSM,0,
-3.221433,-61.221215,60,OSM:classe,1,40
-3.221105,-60.167243,80,OSM,0,
-3.220911,-58.227941,60,OSM:classe,1,40
-3.220561,-60.068971,60,OSM:classe,1,40
-3.220217,-64.821443,60,OSM:classe,1,40
-3.220171,-60.126784,60,OSM:classe,1,40
-3.219886,-60.672538,60,OSM:classe,1,50
-3.219794,-64.821114,60,OSM:classe,1,40
-3.217604,-61.219318,60,OSM:classe,1,40
-3.217157,-64.817598,60,OSM:classe,1,40
-3.217050,-60.225055,60,OSM,0,
-3.216859,-60.446783,80,OSM,0,
-3.216815,-60.037396,60,OSM:classe,1,40
-3.216782,-60.041878,60,OSM:classe,1,40
-3.216697,-60.066674,60,OSM:classe,1,40
-3.216648,-59.868478,80,OSM,0,
-3.216611,-60.675592,60,OSM:classe,1,50
-3.216415,-60.128836,60,OSM:classe,1,40
-3.216308,-64.816719,60,OSM:classe,1,40
-3.215907,-60.167752,80,OSM,0,
-3.215904,-64.818877,60,OSM:classe,1,40
-3.215598,-60.046095,60,OSM:classe,1,40
-3.215221,-60.062627,60,OSM:classe,1,40
-3.214657,-59.869020,80,OSM,0,
-3.214603,-64.811399,60,OSM:classe,1,40
-3.214593,-64.812795,60,OSM:classe,1,40
-3.214575,-61.216093,60,OSM:classe,1,40
-3.214530,-60.058184,60,OSM:classe,1,40
-3.214346,-60.220332,60,OSM,0,
-3.214300,-60.034185,60,OSM:classe,1,40
-3.214286,-60.167330,80,OSM,0,
-3.214182,-60.221445,60,OSM,0,
-3.214131,-64.814745,60,OSM:classe,1,40
-3.214099,-60.219749,60,OSM,0,
-3.213913,-60.049989,60,OSM:classe,1,40
-3.213878,-59.028619,60,OSM:classe,1,50
-3.213655,-60.215727,60,OSM,0,
-3.213486,-60.224594,60,OSM,0,
-3.213373,-60.219229,60,OSM,0,
-3.213252,-64.810328,60,OSM:classe,1,40
-3.213240,-60.053958,60,OSM:classe,1,40
-3.213213,-60.223746,60,OSM,0,
-3.213029,-60.209756,60,OSM,0,
-3.212818,-60.218417,60,OSM,0,
-3.212687,-60.677737,60,OSM:classe,1,50
-3.212532,-60.130115,60,OSM:classe,1,40
-3.212312,-64.807771,60,OSM:classe,1,40
-3.212049,-60.207721,60,OSM,0,
-3.211997,-64.807378,60,OSM:classe,1,40
-3.211769,-61.212701,60,OSM:classe,1,40
-3.211267,-60.206878,60,OSM,0,
-3.210891,-61.208372,60,OSM:classe,1,40
-3.210832,-64.803069,60,OSM:classe,1,40
-3.210509,-64.810843,60,OSM:classe,1,40
-3.210138,-59.027518,60,OSM:classe,1,50
-3.209903,-59.870335,80,OSM,0,
-3.208967,-60.163372,80,OSM,0,
-3.208907,-60.680064,60,OSM:classe,1,50
-3.208611,-60.131338,60,OSM:classe,1,40
-3.208592,-60.206030,60,OSM,0,
-3.208221,-61.204896,60,OSM:classe,1,40
-3.207917,-59.870584,80,OSM,0,
-3.207738,-60.162726,80,OSM,0,
-3.207371,-61.200545,60,OSM:classe,1,40
-3.207029,-60.205165,60,OSM,0,
-3.206697,-60.198115,60,OSM,0,
-3.206579,-60.197121,60,OSM,0,
-3.206523,-60.204550,60,OSM,0,
-3.206367,-60.203899,60,OSM,0,
-3.205824,-59.026247,60,OSM:classe,1,50
-3.205647,-60.195859,60,OSM,0,
-3.205447,-61.196502,60,OSM:classe,1,40
-3.205365,-60.444732,80,OSM,0,
-3.205360,-60.162588,80,OSM,0,
-3.205328,-60.682251,60,OSM:classe,1,50
-3.204810,-60.133648,60,OSM:classe,1,40
-3.204043,-60.194749,60,OSM,0,
-3.202801,-60.193456,60,OSM,0,
-3.202700,-61.192937,60,OSM:classe,1,40
-3.202541,-60.190728,60,OSM,0,
-3.201851,-59.024329,60,OSM:classe,1,50
-3.201791,-61.184559,60,OSM:classe,1,40
-3.201294,-60.683362,60,OSM:classe,1,50
-3.201194,-61.188880,60,OSM:classe,1,40
-3.201164,-60.173096,80,OSM,0,
-3.201148,-60.177516,80,OSM,0,
-3.201100,-60.175715,80,OSM,0,
-3.200874,-60.178980,80,OSM,0,
-3.200850,-60.171168,80,OSM,0,
-3.200819,-60.163662,60,OSM,0,
-3.200787,-61.180188,60,OSM:classe,1,40
-3.200765,-60.135267,60,OSM:classe,1,40
-3.200683,-60.139757,60,OSM:classe,1,40
-3.200562,-60.166041,80,OSM,0,
-3.200498,-60.166784,80,OSM,0,
-3.200405,-60.185254,60,OSM,0,
-3.200318,-60.165485,80,OSM,0,
-3.200312,-60.182460,60,OSM:classe,1,40
-3.200274,-60.169212,80,OSM,0,
-3.200264,-60.169063,40,OSM:classe,1,40
-3.200261,-60.164036,60,OSM,0,
-3.200213,-60.164692,60,OSM,0,
-3.200177,-60.163483,60,OSM,0,
-3.200083,-60.184423,60,OSM,0,
-3.199989,-60.184293,80,OSM,0,
-3.199915,-60.185382,40,OSM:classe,1,40
-3.199864,-61.175833,60,OSM:classe,1,40
-3.199528,-60.162750,60,OSM,0,
-3.199445,-60.187284,80,OSM,0,
-3.199354,-60.188336,80,OSM,0,
-3.198984,-60.687155,60,OSM:classe,1,50
-3.198970,-60.188364,40,OSM:classe,1,40
-3.198970,-60.161162,80,OSM,0,
-3.198931,-60.190481,80,OSM,0,
-3.198901,-60.188743,80,OSM,0,
-3.198773,-60.182483,60,OSM:classe,1,40
-3.198736,-60.159723,40,OSM:classe,1,40
-3.198707,-60.159610,80,OSM,0,
-3.198367,-59.021481,60,OSM:classe,1,50
-3.198278,-60.194477,40,OSM:classe,1,40
-3.197888,-60.196866,40,OSM:classe,1,40
-3.197704,-60.197919,60,OSM:classe,1,40
-3.197621,-60.157803,80,OSM,0,
-3.197560,-60.199156,80,OSM,0,
-3.197560,-59.869127,80,OSM,0,
-3.197518,-60.198906,80,OSM,0,
-3.196760,-60.698878,60,OSM:classe,1,50
-3.196740,-60.200823,80,OSM,0,
-3.196718,-60.155183,80,OSM,0,
-3.196613,-60.155318,80,OSM,0,
-3.196485,-60.140058,60,OSM:classe,1,40
-3.196429,-61.172963,60,OSM:classe,1,40
-3.196352,-60.201169,80,OSM,0,
-3.196285,-58.741632,60,OSM:classe,1,40
-3.196223,-60.690653,60,OSM:classe,1,50
-3.196175,-60.147854,80,OSM,0,
-3.196031,-60.150027,80,OSM,0,
-3.195988,-60.146790,80,OSM,0,
-3.195832,-60.694642,60,OSM:classe,1,50
-3.195681,-60.197645,60,OSM:classe,1,40
-3.195657,-60.202199,80,OSM,0,
-3.195623,-60.147319,40,OSM:classe,1,40
-3.195393,-60.146003,80,OSM,0,
-3.195073,-60.702824,60,OSM:classe,1,50
-3.194884,-59.018633,60,OSM:classe,1,50
-3.194277,-60.182550,60,OSM:classe,1,40
-3.193870,-60.442681,80,OSM,0,
-3.193670,-59.017623,60,OSM:classe,1,50
-3.193544,-60.706942,60,OSM:classe,1,50
-3.193271,-61.170043,60,OSM:classe,1,40
-3.192979,-60.140061,60,OSM:classe,1,40
-3.192967,-60.140827,60,OSM:classe,1,40
-3.192804,-60.140226,60,OSM:classe,1,40
-3.192587,-60.140059,80,OSM,0,
-3.192302,-60.711186,60,OSM:classe,1,50
-3.192272,-58.741852,60,OSM:classe,1,40
-3.192156,-60.138875,80,OSM,0,
-3.192052,-60.139017,60,OSM:classe,1,40
-3.191937,-60.140241,60,OSM:classe,1,40
-3.191695,-60.137152,80,OSM,0,
-3.191624,-60.137006,40,OSM:classe,1,40
-3.191315,-61.167729,60,OSM:classe,1,40
-3.191225,-60.197042,60,OSM:classe,1,40
-3.190926,-60.136648,80,OSM,0,
-3.190858,-60.135579,80,OSM,0,
-3.190705,-60.206679,80,OSM,0,
-3.190697,-60.206915,80,OSM,0,
-3.190368,-60.715112,60,OSM:classe,1,50
-3.190342,-59.868775,80,OSM,0,
-3.190313,-60.133511,80,OSM,0,
-3.190297,-60.133198,80,OSM,0,
-3.190211,-59.014745,60,OSM:classe,1,50
-3.189781,-60.182618,60,OSM:classe,1,40
-3.189676,-60.132510,80,OSM,0,
-3.189559,-59.868913,80,OSM,0,
-3.189382,-60.140247,60,OSM:classe,1,40
-3.189097,-60.131859,80,OSM,0,
-3.189034,-60.131936,80,OSM,0,
-3.188379,-61.164324,60,OSM:classe,1,40
-3.188176,-60.140150,60,OSM:classe,1,40
-3.187995,-60.209101,80,OSM,0,
-3.187919,-58.740845,60,OSM:classe,1,40
-3.187127,-60.209638,40,OSM:classe,1,40
-3.186948,-60.210478,40,OSM:classe,1,40
-3.186936,-60.197042,60,OSM:classe,1,40
-3.186778,-60.209925,80,OSM,0,
-3.186756,-60.196935,60,OSM:classe,1,40
-3.186752,-59.011868,60,OSM:classe,1,50
-3.186553,-60.717290,60,OSM:classe,1,50
-3.186070,-60.130621,80,OSM,0,
-3.185969,-60.130686,80,OSM,0,
-3.185881,-60.211322,80,OSM,0,
-3.185737,-60.211630,80,OSM,0,
-3.185581,-61.160920,60,OSM:classe,1,40
-3.185285,-60.182536,60,OSM:classe,1,40
-3.184891,-60.140471,60,OSM:classe,1,40
-3.184607,-60.129381,80,OSM,0,
-3.184601,-60.129146,80,OSM,0,
-3.184195,-60.213012,80,OSM,0,
-3.184139,-60.127836,80,OSM,0,
-3.184101,-58.742094,60,OSM:classe,1,40
-3.184011,-60.127798,80,OSM,0,
-3.183684,-60.140361,60,OSM:classe,1,40
-3.183293,-59.008990,60,OSM:classe,1,50
-3.183038,-60.119512,80,OSM,0,
-3.182908,-60.119422,80,OSM,0,
-3.182659,-60.198183,60,OSM:classe,1,40
-3.182588,-60.118524,80,OSM,0,
-3.182450,-60.118086,80,OSM,0,
-3.182376,-60.440630,80,OSM,0,
-3.182267,-60.718170,60,OSM:classe,1,50
-3.181866,-58.044591,50,OSM,0,
-3.181832,-58.045549,50,OSM,0,
-3.181622,-61.159356,60,OSM:classe,1,40
-3.181552,-60.117363,80,OSM,0,
-3.181318,-58.186203,50,OSM,0,
-3.180926,-58.046737,50,OSM,0,
-3.180899,-58.184995,50,OSM,0,
-3.180809,-58.038527,50,OSM,0,
-3.180795,-60.182609,60,OSM:classe,1,40
-3.180748,-60.714094,60,OSM:classe,1,50
-3.180706,-60.140403,60,OSM:classe,1,40
-3.180685,-58.041504,50,OSM,0,
-3.180661,-58.744768,60,OSM:classe,1,40
-3.180400,-60.140696,60,OSM:classe,1,40
-3.180179,-58.047110,50,OSM,0,
-3.180082,-58.181053,50,OSM,0,
-3.179970,-58.179820,50,OSM,0,
-3.179834,-59.006113,60,OSM:classe,1,50
-3.179765,-58.182996,50,OSM,0,
-3.179569,-58.034727,50,OSM,0,
-3.179485,-58.178980,50,OSM,0,
-3.179424,-58.031362,50,OSM,0,
-3.179192,-60.140572,60,OSM:classe,1,40
-3.178878,-58.048480,50,OSM,0,
-3.178580,-58.026191,50,OSM,0,
-3.178562,-58.022870,50,OSM,0,
-3.178528,-60.199961,60,OSM:classe,1,40
-3.178409,-58.024026,50,OSM,0,
-3.178012,-60.218895,80,OSM,0,
-3.177910,-60.711941,60,OSM:classe,1,50
-3.177526,-61.157673,60,OSM:classe,1,40
-3.177121,-60.143204,60,OSM:classe,1,40
-3.176592,-58.743883,60,OSM:classe,1,40
-3.176477,-60.144044,60,OSM:classe,1,40
-3.176430,-58.049789,50,OSM,0,
-3.176313,-60.182968,60,OSM:classe,1,40
-3.176016,-58.178606,50,OSM,0,
-3.175865,-59.004492,60,OSM:classe,1,50
-3.175768,-60.437217,80,OSM,0,
-3.174909,-60.111767,80,OSM,0,
-3.174646,-58.051731,50,OSM,0,
-3.174396,-60.201738,60,OSM:classe,1,40
-3.174394,-60.222214,80,OSM,0,
-3.174389,-60.709515,60,OSM:classe,1,50
-3.174378,-60.146729,60,OSM:classe,1,40
-3.174071,-60.110642,40,OSM:classe,1,40
-3.173916,-58.176757,50,OSM,0,
-3.173906,-60.110479,80,OSM,0,
-3.173725,-58.054542,50,OSM,0,
-3.173389,-60.147238,60,OSM:classe,1,40
-3.173329,-58.056833,50,OSM,0,
-3.173295,-60.110632,40,OSM:classe,1,40
-3.173160,-61.156910,60,OSM:classe,1,40
-3.172963,-58.741443,60,OSM:classe,1,40
-3.172480,-60.109547,80,OSM,0,
-3.172472,-60.109822,80,OSM,0,
-3.172188,-58.060185,50,OSM,0,
-3.171953,-60.109108,80,OSM,0,
-3.171823,-60.183125,60,OSM:classe,1,40
-3.171818,-60.108567,80,OSM,0,
-3.171778,-60.100566,80,OSM,0,
-3.171636,-60.100343,80,OSM,0,
-3.171381,-59.004339,60,OSM:classe,1,50
-3.171374,-60.104526,80,OSM,0,
-3.171349,-60.107402,80,OSM,0,
-3.171348,-60.106267,80,OSM,0,
-3.171347,-58.064917,50,OSM,0,
-3.171165,-58.062320,50,OSM,0,
-3.170922,-59.004303,80,OSM:classe,1,60
-3.170860,-58.066334,50,OSM,0,
-3.170348,-60.094561,80,OSM,0,
-3.170312,-60.094849,80,OSM,0,
-3.170288,-60.226160,80,OSM,0,
-3.170273,-60.148407,60,OSM:classe,1,40
-3.170265,-60.203516,60,OSM:classe,1,40
-3.170237,-58.067478,50,OSM,0,
-3.170233,-60.707821,60,OSM:classe,1,50
-3.169924,-60.093305,40,OSM:classe,1,40
-3.169787,-59.148896,60,OSM:classe,1,40
-3.169715,-60.414015,80,OSM,0,
-3.169707,-60.278608,80,OSM,0,
-3.169683,-60.279820,80,OSM,0,
-3.169620,-60.092170,40,OSM:classe,1,40
-3.169614,-60.415187,80,OSM,0,
-3.169606,-60.278431,80,OSM,0,
-3.169564,-60.092169,40,OSM:classe,1,40
-3.169472,-60.280470,80,OSM,0,
-3.169405,-60.412843,80,OSM,0,
-3.169403,-60.281821,40,OSM:classe,1,40
-3.169396,-60.093347,60,OSM,0,
-3.169357,-60.277316,80,OSM,0,
-3.169314,-60.277382,80,OSM,0,
-3.169254,-60.416742,80,OSM,0,
-3.169159,-60.433805,80,OSM,0,
-3.169132,-60.281968,80,OSM,0,
-3.169114,-60.148635,60,OSM:classe,1,40
-3.169059,-59.150870,60,OSM:classe,1,40
-3.168997,-59.003184,80,OSM:classe,1,60
-3.168902,-60.092585,80,OSM:classe,1,60
-3.168829,-61.156194,60,OSM:classe,1,40
-3.168701,-60.276166,80,OSM,0,
-3.168686,-58.741140,60,OSM:classe,1,40
-3.168575,-60.276098,80,OSM,0,
-3.168422,-60.418109,80,OSM,0,
-3.168267,-58.069570,50,OSM,0,
-3.168248,-60.092882,60,OSM,0,
-3.168117,-60.092600,80,OSM,0,
-3.167857,-60.409941,80,OSM,0,
-3.167353,-60.183576,60,OSM:classe,1,40
-3.167131,-60.092941,60,OSM,0,
-3.166773,-59.154126,60,OSM:classe,1,40
-3.166743,-60.408381,80,OSM,0,
-3.166548,-58.071081,50,OSM,0,
-3.166445,-60.290865,80,OSM,0,
-3.166247,-60.291871,80,OSM,0,
-3.166133,-60.205293,60,OSM:classe,1,40
-3.166003,-60.149818,60,OSM:classe,1,40
-3.165876,-58.999943,80,OSM:classe,1,60
-3.165829,-60.707076,60,OSM:classe,1,50
-3.165328,-60.420191,80,OSM,0,
-3.165102,-58.739674,60,OSM:classe,1,40
-3.165059,-61.154103,60,OSM:classe,1,40
-3.164826,-60.149974,60,OSM:classe,1,40
-3.164764,-59.150675,60,OSM:classe,1,40
-3.164594,-60.231416,80,OSM,0,
-3.163934,-58.072937,50,OSM,0,
-3.163417,-60.301260,80,OSM,0,
-3.163362,-60.301774,80,OSM,0,
-3.162990,-60.093622,80,OSM,0,
-3.162860,-60.183756,60,OSM:classe,1,40
-3.162733,-60.093767,80,OSM,0,
-3.162563,-60.233425,80,OSM,0,
-3.162509,-58.997215,80,OSM:classe,1,60
-3.162431,-58.736085,60,OSM:classe,1,40
-3.162416,-60.207708,60,OSM:classe,1,40
-3.161797,-60.708253,60,OSM:classe,1,50
-3.161736,-61.151793,60,OSM:classe,1,40
-3.161718,-60.151022,60,OSM:classe,1,40
-3.161641,-58.079277,50,OSM,0,
-3.161591,-60.150789,60,OSM:classe,1,40
-3.161467,-60.093361,80,OSM,0,
-3.161422,-60.266239,80,OSM,0,
-3.161422,-60.093504,80,OSM,0,
-3.161359,-60.421359,80,OSM,0,
-3.161341,-60.266257,80,OSM,0,
-3.161333,-60.402577,80,OSM,0,
-3.161001,-60.150675,60,OSM:classe,1,40
-3.160605,-60.426570,80,OSM,0,
-3.160584,-60.311754,40,OSM:classe,1,40
-3.160477,-60.311678,80,OSM,0,
-3.160470,-60.312244,40,OSM:classe,1,40
-3.160470,-60.311359,40,OSM:classe,1,40
-3.160447,-60.092730,80,OSM,0,
-3.160389,-60.311655,80,OSM,0,
-3.160365,-60.092846,80,OSM,0,
-3.160361,-60.422106,80,OSM,0,
-3.160312,-60.312262,80,OSM,0,
-3.160288,-60.311661,40,OSM:classe,1,40
-3.160276,-59.150953,60,OSM:classe,1,40
-3.160223,-60.312235,80,OSM,0,
-3.160210,-60.312617,40,OSM:classe,1,40
-3.160150,-60.422783,80,OSM,0,
-3.160126,-60.312160,40,OSM:classe,1,40
-3.160058,-60.234535,60,OSM:classe,1,40
-3.160057,-60.425342,80,OSM,0,
-3.160054,-60.311999,40,OSM:classe,1,40
-3.160005,-60.086632,80,OSM,0,
-3.159924,-60.311962,60,OSM:classe,1,40
-3.159884,-58.082812,50,OSM,0,
-3.159851,-60.086664,80,OSM,0,
-3.159761,-60.085659,80,OSM,0,
-3.159674,-60.091740,80,OSM,0,
-3.159563,-60.091819,80,OSM,0,
-3.159510,-60.084624,80,OSM,0,
-3.159389,-60.084711,80,OSM,0,
-3.159322,-60.089458,80,OSM,0,
-3.159283,-60.090428,80,OSM,0,
-3.159178,-60.089479,80,OSM,0,
-3.159153,-60.090469,80,OSM,0,
-3.159126,-60.210778,60,OSM:classe,1,40
-3.159049,-58.085425,50,OSM,0,
-3.158769,-61.149548,60,OSM:classe,1,40
-3.158285,-60.711064,60,OSM:classe,1,50
-3.158189,-58.734876,60,OSM:classe,1,40
-3.158030,-58.996823,80,OSM:classe,1,60
-3.157580,-60.082782,80,OSM,0,
-3.157283,-60.082342,80,OSM,0,
-3.156960,-60.325248,40,OSM:classe,1,40
-3.156899,-60.231331,60,OSM:classe,1,40
-3.156880,-60.324841,40,OSM:classe,1,40
-3.156818,-60.324574,80,OSM,0,
-3.156780,-60.325483,40,OSM:classe,1,40
-3.156770,-60.324475,40,OSM:classe,1,40
-3.156754,-60.324808,80,OSM,0,
-3.156680,-60.324788,80,OSM,0,
-3.156586,-60.324763,40,OSM:classe,1,40
-3.156579,-60.325425,80,OSM,0,
-3.156503,-60.325403,80,OSM,0,
-3.156460,-60.325831,40,OSM:classe,1,40
-3.156387,-60.325370,40,OSM:classe,1,40
-3.155922,-60.396772,80,OSM,0,
-3.155836,-60.213847,60,OSM:classe,1,40
-3.155788,-59.151231,60,OSM:classe,1,40
-3.155602,-60.310719,60,OSM:classe,1,40
-3.154872,-60.080583,80,OSM,0,
-3.154838,-60.240690,80,OSM,0,
-3.154831,-60.396168,80,OSM,0,
-3.154793,-60.240617,80,OSM,0,
-3.154772,-60.713876,60,OSM:classe,1,50
-3.154749,-60.080675,80,OSM,0,
-3.154370,-61.150051,60,OSM:classe,1,40
-3.154218,-60.241441,80,OSM,0,
-3.154172,-60.241703,80,OSM,0,
-3.154143,-60.256311,80,OSM,0,
-3.154108,-60.256416,80,OSM,0,
-3.153896,-60.080207,80,OSM,0,
-3.153850,-58.733758,60,OSM:classe,1,40
-3.153849,-60.335535,80,OSM,0,
-3.153820,-60.246406,40,OSM:classe,1,40
-3.153740,-60.335615,80,OSM,0,
-3.153739,-60.228127,60,OSM:classe,1,40
-3.153703,-60.395868,80,OSM,0,
-3.153702,-60.242975,80,OSM,0,
-3.153671,-60.255391,80,OSM,0,
-3.153639,-60.242905,80,OSM,0,
-3.153587,-60.246243,80,OSM,0,
-3.153586,-60.247223,40,OSM:classe,1,40
-3.153576,-58.996993,80,OSM:classe,1,60
-3.153575,-60.246865,80,OSM,0,
-3.153537,-60.254109,80,OSM,0,
-3.153524,-60.245858,40,OSM:classe,1,40
-3.153519,-60.246240,80,OSM,0,
-3.153512,-60.246865,80,OSM,0,
-3.153478,-60.254224,80,OSM,0,
-3.153412,-58.094823,50,OSM,0,
-3.153304,-60.246756,40,OSM:classe,1,40
-3.153231,-60.246533,60,OSM:classe,1,40
-3.152678,-60.079333,80,OSM,0,
-3.152664,-60.079973,80,OSM,0,
-3.152546,-60.216917,60,OSM:classe,1,40
-3.152206,-60.079979,80,OSM,0,
-3.152001,-60.079473,80,OSM,0,
-3.151875,-60.717316,60,OSM:classe,1,50
-3.151677,-59.128682,60,OSM:classe,1,40
-3.151414,-61.149412,60,OSM:classe,1,40
-3.151300,-59.151509,60,OSM:classe,1,40
-3.151280,-60.309476,60,OSM:classe,1,40
-3.151209,-61.145410,60,OSM:classe,1,40
-3.151120,-60.345645,80,OSM,0,
-3.150977,-60.345827,80,OSM,0,
-3.150580,-60.224922,60,OSM:classe,1,40
-3.150575,-58.433420,60,OSM:classe,1,40
-3.150548,-58.438954,60,OSM:classe,1,40
-3.150545,-60.080601,80,OSM,0,
-3.150404,-60.346790,80,OSM,0,
-3.150314,-59.151538,60,OSM:classe,1,40
-3.150270,-59.151535,60,OSM:classe,1,40
-3.150177,-60.246448,60,OSM:classe,1,40
-3.150119,-59.128673,60,OSM:classe,1,40
-3.149919,-58.734836,60,OSM:classe,1,40
-3.149391,-61.143320,60,OSM:classe,1,40
-3.149256,-60.219987,60,OSM:classe,1,40
-3.149168,-58.997880,80,OSM:classe,1,60
-3.148963,-60.348386,80,OSM,0,
-3.148865,-60.002984,60,OSM:classe,1,40
-3.148745,-60.002607,60,OSM:classe,1,40
-3.148744,-60.002604,60,OSM:classe,1,40
-3.148618,-60.720412,60,OSM:classe,1,50
-3.148499,-58.446391,60,OSM:classe,1,60
-3.147775,-58.104221,50,OSM,0,
-3.147595,-58.446465,60,OSM:classe,1,60
-3.147590,-58.446385,60,OSM:classe,1,60
-3.147572,-58.738496,60,OSM:classe,1,40
-3.147551,-60.221598,60,OSM:classe,1,40
-3.147500,-58.446371,60,OSM:classe,1,60
-3.147488,-58.446512,60,OSM:classe,1,60
-3.147117,-61.140155,60,OSM:classe,1,40
-3.147117,-58.431761,60,OSM:classe,1,40
-3.146958,-60.308234,60,OSM:classe,1,40
-3.146814,-59.998573,60,OSM:classe,1,40
-3.146758,-60.006503,60,OSM:classe,1,40
-3.146648,-60.006591,60,OSM:classe,1,40
-3.146537,-59.998882,60,OSM:classe,1,40
-3.146520,-59.998262,60,OSM:classe,1,40
-3.146488,-58.432959,60,OSM:classe,1,40
-3.146369,-60.008566,60,OSM:classe,1,40
-3.146263,-60.395990,80,OSM,0,
-3.146255,-58.433256,60,OSM:classe,1,40
-3.146228,-58.446521,60,OSM:classe,1,40
-3.146228,-58.446356,60,OSM:classe,1,40
-3.146215,-59.998018,60,OSM:classe,1,40
-3.146158,-58.441853,60,OSM:classe,1,40
-3.146119,-58.438175,60,OSM:classe,1,40
-3.146089,-58.437350,60,OSM:classe,1,40
-3.146016,-59.150502,60,OSM:classe,1,40
-3.146015,-59.995398,40,OSM,0,
-3.145966,-60.223057,60,OSM:classe,1,40
-3.145820,-59.999608,60,OSM:classe,1,40
-3.145794,-60.009159,60,OSM:classe,1,40
-3.145700,-60.246040,60,OSM:classe,1,40
-3.145623,-59.128645,60,OSM:classe,1,40
-3.145581,-59.994436,60,OSM:classe,1,40
-3.145580,-59.993878,60,OSM:classe,1,40
-3.145562,-61.139174,60,OSM:classe,1,40
-3.145422,-59.993883,60,OSM:classe,1,40
-3.145406,-60.723541,60,OSM:classe,1,50
-3.145330,-59.993555,40,OSM,0,
-3.145321,-60.000538,60,OSM:classe,1,40
-3.145224,-58.999891,80,OSM:classe,1,60
-3.145202,-60.352714,80,OSM,0,
-3.145116,-59.992783,40,OSM,0,
-3.145013,-60.395848,80,OSM,0,
-3.144998,-59.992423,40,OSM,0,
-3.144829,-60.222054,60,OSM:classe,1,40
-3.144772,-59.992397,40,OSM,0,
-3.144565,-58.433160,60,OSM:classe,1,40
-3.144497,-58.736451,60,OSM:classe,1,40
-3.144466,-60.353487,80,OSM,0,
-3.144239,-60.012259,60,OSM:classe,1,40
-3.144218,-60.012314,60,OSM:classe,1,40
-3.144068,-60.012701,60,OSM:classe,1,40
-3.144038,-60.012431,60,OSM:classe,1,40
-3.143901,-58.446464,60,OSM:classe,1,60
-3.143605,-60.014476,60,OSM:classe,1,40
-3.143586,-60.014545,60,OSM:classe,1,40
-3.143574,-60.011091,60,OSM:classe,1,40
-3.143542,-60.014493,60,OSM:classe,1,40
-3.143477,-58.732390,60,OSM:classe,1,40
-3.143224,-59.953806,40,OSM,0,
-3.143209,-60.395033,80,OSM,0,
-3.143177,-60.015646,60,OSM:classe,1,40
-3.143003,-58.446313,60,OSM:classe,1,60
-3.142889,-60.003833,60,OSM:classe,1,40
-3.142826,-60.016615,60,OSM:classe,1,40
-3.142821,-60.085769,80,OSM,0,
-3.142709,-59.997695,60,OSM:classe,1,40
-3.142636,-60.306991,60,OSM:classe,1,40
-3.142623,-59.998482,60,OSM:classe,1,40
-3.142610,-59.998978,60,OSM:classe,1,40
-3.142592,-60.086017,80,OSM,0,
-3.142429,-61.138545,60,OSM:classe,1,40
-3.142144,-60.004848,60,OSM:classe,1,40
-3.142138,-58.113619,50,OSM,0,
-3.142132,-59.991046,60,OSM:classe,1,40
-3.142037,-60.393891,80,OSM,0,
-3.141909,-58.437320,60,OSM:classe,1,40
-3.141823,-60.726261,60,OSM:classe,1,50
-3.141783,-60.020861,60,OSM:classe,1,40
-3.141758,-60.021017,60,OSM:classe,1,40
-3.141753,-60.021427,60,OSM:classe,1,40
-3.141741,-60.020942,60,OSM:classe,1,40
-3.141682,-60.086229,80,OSM,0,
-3.141578,-59.002527,80,OSM:classe,1,60
-3.141573,-60.020156,60,OSM:classe,1,40
-3.141530,-59.150808,60,OSM:classe,1,40
-3.141518,-60.019382,60,OSM:classe,1,40
-3.141507,-60.244705,60,OSM:classe,1,40
-3.141502,-59.997224,60,OSM:classe,1,40
-3.141495,-60.086113,80,OSM,0,
-3.141455,-60.219077,60,OSM:classe,1,40
-3.141423,-60.019134,60,OSM:classe,1,40
-3.141409,-60.019413,60,OSM:classe,1,40
-3.141345,-60.019241,60,OSM:classe,1,40
-3.141312,-60.018925,60,OSM:classe,1,40
-3.141224,-60.019011,60,OSM:classe,1,40
-3.141152,-60.008252,60,OSM:classe,1,40
-3.141135,-58.116759,60,OSM:classe,1,40
-3.141126,-59.128617,60,OSM:classe,1,40
-3.141103,-60.000906,60,OSM:classe,1,40
-3.140988,-60.021798,60,OSM:classe,1,40
-3.140980,-60.013595,60,OSM:classe,1,40
-3.140944,-60.018464,60,OSM:classe,1,40
-3.140900,-60.001656,60,OSM:classe,1,40
-3.140890,-58.116471,30,OSM,0,
-3.140864,-60.018549,60,OSM:classe,1,40
-3.140863,-60.020581,60,OSM:classe,1,40
-3.140819,-60.023634,60,OSM:classe,1,40
-3.140811,-58.116871,30,OSM,0,
-3.140738,-60.023770,60,OSM:classe,1,40
-3.140737,-60.018299,60,OSM:classe,1,40
-3.140694,-60.018410,60,OSM:classe,1,40
-3.140589,-60.008233,60,OSM:classe,1,40
-3.140586,-59.995924,50,OSM,0,
-3.140558,-60.014127,60,OSM:classe,1,40
-3.140526,-60.018158,60,OSM:classe,1,40
-3.140496,-60.018279,60,OSM:classe,1,40
-3.140467,-60.014632,60,OSM:classe,1,40
-3.140436,-59.993125,60,OSM:classe,1,40
-3.140380,-60.014552,60,OSM:classe,1,40
-3.140345,-60.014640,60,OSM:classe,1,40
-3.140324,-59.990317,60,OSM:classe,1,40
-3.140226,-60.014926,60,OSM:classe,1,40
-3.140212,-60.018105,60,OSM:classe,1,40
-3.140076,-58.432906,60,OSM:classe,1,40
-3.140000,-60.358638,80,OSM,0,
-3.139983,-60.018544,60,OSM:classe,1,40
-3.139970,-60.358589,80,OSM,0,
-3.139950,-60.015626,60,OSM:classe,1,40
-3.139924,-60.221513,60,OSM:classe,1,40
-3.139744,-59.989960,40,OSM,0,
-3.139697,-60.024258,60,OSM:classe,1,40
-3.139688,-59.990021,40,OSM,0,
-3.139674,-59.989928,30,OSM,0,
-3.139595,-59.989978,40,OSM,0,
-3.139589,-60.019417,60,OSM:classe,1,40
-3.139455,-58.118376,60,OSM:classe,1,40
-3.139442,-60.024205,60,OSM:classe,1,40
-3.139422,-58.730959,60,OSM:classe,1,40
-3.139405,-58.446404,60,OSM:classe,1,60
-3.139079,-60.017699,60,OSM:classe,1,40
-3.139059,-59.989728,50,OSM,0,
-3.139004,-60.017169,60,OSM:classe,1,40
-3.138921,-60.018080,60,OSM:classe,1,40
-3.138649,-61.137708,60,OSM:classe,1,40
-3.138630,-60.008204,60,OSM:classe,1,40
-3.138539,-60.008203,60,OSM:classe,1,40
-3.138525,-60.729299,60,OSM:classe,1,50
-3.138519,-60.019029,60,OSM:classe,1,40
-3.138507,-58.446256,60,OSM:classe,1,60
-3.138495,-60.008203,60,OSM:classe,1,40
-3.138480,-60.004951,60,OSM:classe,1,40
-3.138310,-60.019481,60,OSM:classe,1,40
-3.138275,-60.024478,60,OSM:classe,1,40
-3.138272,-60.306090,60,OSM:classe,1,40
-3.138179,-61.133634,60,OSM:classe,1,40
-3.138131,-60.024506,60,OSM:classe,1,40
-3.138106,-60.361277,80,OSM,0,
-3.138059,-60.024592,60,OSM:classe,1,40
-3.137933,-59.005164,80,OSM:classe,1,60
-3.137916,-60.024577,60,OSM:classe,1,40
-3.137903,-60.361615,80,OSM,0,
-3.137832,-60.008198,60,OSM:classe,1,40
-3.137803,-60.007973,60,OSM:classe,1,40
-3.137737,-60.023521,60,OSM:classe,1,40
-3.137736,-60.023323,60,OSM:classe,1,40
-3.137707,-59.984619,60,OSM:classe,1,40
-3.137694,-60.015838,60,OSM:classe,1,40
-3.137662,-60.024342,60,OSM:classe,1,40
-3.137608,-58.437003,60,OSM:classe,1,40
-3.137558,-60.008072,60,OSM:classe,1,40
-3.137537,-60.024935,60,OSM:classe,1,40
-3.137417,-60.000151,60,OSM:classe,1,40
-3.137322,-60.015082,60,OSM:classe,1,40
-3.137253,-60.025295,60,OSM:classe,1,40
-3.137187,-60.008732,60,OSM:classe,1,40
-3.137182,-60.021863,60,OSM:classe,1,40
-3.137097,-60.025453,60,OSM:classe,1,40
-3.137051,-60.244728,60,OSM:classe,1,40
-3.137034,-59.150831,60,OSM:classe,1,40
-3.137021,-60.006049,60,OSM:classe,1,40
-3.136971,-60.086304,80,OSM,0,
-3.136971,-59.980210,60,OSM:classe,1,40
-3.136855,-60.020022,60,OSM:classe,1,40
-3.136846,-60.025624,60,OSM:classe,1,40
-3.136779,-60.017142,60,OSM:classe,1,40
-3.136766,-60.014159,60,OSM:classe,1,40
-3.136736,-60.013468,60,OSM:classe,1,40
-3.136735,-60.384255,80,OSM,0,
-3.136637,-59.128824,60,OSM:classe,1,40
-3.136636,-60.013007,60,OSM:classe,1,40
-3.136625,-58.121837,60,OSM:classe,1,40
-3.136622,-60.013493,60,OSM:classe,1,40
-3.136609,-59.125882,60,OSM:classe,1,40
-3.136566,-59.116936,60,OSM:classe,1,40
-3.136554,-59.988591,40,OSM,0,
-3.136547,-60.086512,80,OSM,0,
-3.136537,-59.121436,60,OSM:classe,1,40
-3.136534,-59.999831,60,OSM:classe,1,40
-3.136518,-60.013046,60,OSM:classe,1,40
-3.136517,-59.988492,30,OSM,0,
-3.136493,-59.112434,60,OSM:classe,1,40
-3.136485,-59.134316,60,OSM:classe,1,40
-3.136466,-61.131211,60,OSM:classe,1,40
-3.136411,-60.012055,60,OSM:classe,1,40
-3.136380,-59.999603,60,OSM:classe,1,40
-3.136361,-59.975804,60,OSM:classe,1,40
-3.136315,-60.009522,60,OSM:classe,1,40
-3.136301,-60.012063,60,OSM:classe,1,40
-3.136248,-60.025038,60,OSM:classe,1,40
-3.136218,-60.004818,60,OSM:classe,1,40
-3.136195,-59.999868,60,OSM:classe,1,40
-3.136137,-60.009808,60,OSM:classe,1,40
-3.136123,-59.998846,60,OSM:classe,1,40
-3.136118,-60.363214,80,OSM,0,
-3.136109,-59.998811,60,OSM:classe,1,40
-3.136061,-60.006410,60,OSM:classe,1,40
-3.136052,-60.220429,60,OSM:classe,1,40
-3.136021,-60.006996,60,OSM:classe,1,40
-3.135997,-59.130073,60,OSM:classe,1,40
-3.135965,-59.107983,60,OSM:classe,1,40
-3.135914,-60.363379,80,OSM,0,
-3.135910,-59.953989,40,OSM,0,
-3.135801,-60.009970,60,OSM:classe,1,40
-3.135769,-60.309629,60,OSM:classe,1,40
-3.135744,-60.010237,60,OSM:classe,1,40
-3.135727,-59.998186,60,OSM:classe,1,40
-3.135657,-60.007942,60,OSM:classe,1,40
-3.135637,-60.005676,60,OSM:classe,1,40
-3.135586,-58.432651,60,OSM:classe,1,40
-3.135536,-60.008160,60,OSM:classe,1,40
-3.135506,-60.020562,60,OSM:classe,1,40
-3.135426,-60.086717,80,OSM,0,
-3.135379,-61.127704,60,OSM:classe,1,40
-3.135284,-60.008445,60,OSM:classe,1,40
-3.135268,-59.938718,60,OSM:classe,1,60
-3.135164,-59.138480,60,OSM:classe,1,40
-3.135121,-58.432835,60,OSM:classe,1,40
-3.135091,-60.024187,60,OSM:classe,1,40
-3.135050,-58.437338,60,OSM:classe,1,40
-3.134994,-58.439458,60,OSM:classe,1,40
-3.134989,-60.024169,60,OSM:classe,1,40
-3.134979,-58.441841,60,OSM:classe,1,40
-3.134961,-58.730391,60,OSM:classe,1,40
-3.134945,-60.008122,60,OSM:classe,1,40
-3.134911,-58.446210,60,OSM:classe,1,60
-3.134909,-58.446343,60,OSM:classe,1,60
-3.134884,-60.365025,80,OSM,0,
-3.134884,-60.086986,80,OSM,0,
-3.134863,-59.147184,60,OSM:classe,1,40
-3.134852,-58.446343,60,OSM:classe,1,60
-3.134836,-60.731817,60,OSM:classe,1,50
-3.134832,-59.988276,40,OSM,0,
-3.134806,-60.009413,60,OSM:classe,1,50
-3.134791,-60.008568,60,OSM:classe,1,50
-3.134781,-60.011005,60,OSM:classe,1,50
-3.134780,-60.011121,60,OSM:classe,1,50
-3.134764,-60.008080,60,OSM:classe,1,40
-3.134760,-60.008156,60,OSM:classe,1,40
-3.134754,-60.015624,60,OSM:classe,1,50
-3.134732,-59.988148,30,OSM,0,
-3.134729,-60.364983,80,OSM,0,
-3.134725,-60.019106,40,OSM,0,
-3.134709,-60.020600,60,OSM:classe,1,50
-3.134704,-60.020737,60,OSM:classe,1,50
-3.134691,-60.024138,60,OSM:classe,1,50
-3.134687,-60.023242,60,OSM:classe,1,50
-3.134663,-60.026164,60,OSM:classe,1,50
-3.134657,-60.026544,60,OSM:classe,1,40
-3.134649,-60.027587,60,OSM:classe,1,50
-3.134624,-60.008153,60,OSM:classe,1,50
-3.134588,-60.006581,60,OSM:classe,1,40
-3.134584,-60.006683,60,OSM:classe,1,40
-3.134574,-60.008061,60,OSM:classe,1,50
-3.134520,-59.996561,60,OSM:classe,1,40
-3.134486,-59.999088,60,OSM:classe,1,40
-3.134461,-60.001386,60,OSM:classe,1,40
-3.134421,-60.008045,60,OSM:classe,1,50
-3.134414,-60.008150,60,OSM:classe,1,50
-3.134354,-60.006568,60,OSM:classe,1,40
-3.134352,-60.002143,60,OSM:classe,1,40
-3.134351,-60.006670,60,OSM:classe,1,40
-3.134315,-60.026193,60,OSM:classe,1,40
-3.134299,-59.986122,60,OSM:classe,1,40
-3.134298,-59.940384,60,OSM:classe,1,60
-3.134278,-59.007783,80,OSM:classe,1,60
-3.134260,-58.124856,30,OSM,0,
-3.134219,-59.142738,60,OSM:classe,1,40
-3.134205,-59.973159,60,OSM:classe,1,40
-3.134178,-60.001548,60,OSM:classe,1,40
-3.134171,-59.940297,60,OSM:classe,1,60
-3.134137,-58.125446,60,OSM:classe,1,40
-3.134078,-60.026203,60,OSM:classe,1,40
-3.134077,-60.024138,60,OSM:classe,1,40
-3.134032,-59.981538,60,OSM:classe,1,60
-3.134006,-60.017087,60,OSM:classe,1,40
-3.133959,-60.087582,80,OSM,0,
-3.133949,-60.020744,60,OSM:classe,1,50
-3.133935,-59.982822,60,OSM:classe,1,60
-3.133935,-58.446197,60,OSM:classe,1,60
-3.133834,-60.020608,60,OSM:classe,1,50
-3.133819,-60.366547,80,OSM,0,
-3.133807,-58.439409,60,OSM:classe,1,40
-3.133770,-59.987804,40,OSM,0,
-3.133749,-59.986924,60,OSM:classe,1,40
-3.133706,-60.366413,80,OSM,0,
-3.133690,-59.987458,30,OSM,0,
-3.133659,-59.973624,60,OSM:classe,1,40
-3.133637,-59.978326,60,OSM:classe,1,60
-3.133546,-60.087714,80,OSM,0,
-3.133529,-60.087654,80,OSM,0,
-3.133519,-60.000986,60,OSM:classe,1,40
-3.133472,-59.978360,60,OSM:classe,1,60
-3.133470,-59.987884,40,OSM,0,
-3.133435,-58.128852,30,OSM,0,
-3.133409,-59.980420,60,OSM:classe,1,40
-3.133394,-60.000804,60,OSM:classe,1,40
-3.133391,-59.104332,60,OSM:classe,1,40
-3.133378,-59.980201,60,OSM:classe,1,40
-3.133362,-59.981373,60,OSM:classe,1,40
-3.133361,-59.980755,60,OSM:classe,1,40
-3.133294,-59.974168,60,OSM:classe,1,40
-3.133268,-60.027417,60,OSM:classe,1,50
-3.133259,-58.129862,60,OSM:classe,1,40
-3.133191,-60.026246,60,OSM:classe,1,40
-3.133162,-59.978707,60,OSM:classe,1,40
-3.133160,-59.982271,60,OSM:classe,1,40
-3.133101,-59.985857,60,OSM:classe,1,60
-3.133075,-59.978217,60,OSM:classe,1,40
-3.133051,-59.975862,60,OSM:classe,1,40
-3.133046,-59.982916,60,OSM:classe,1,40
-3.133041,-60.002066,60,OSM:classe,1,40
-3.133037,-59.974981,60,OSM:classe,1,40
-3.133020,-60.367914,80,OSM,0,
-3.133001,-61.126265,60,OSM:classe,1,40
-3.132994,-60.368082,80,OSM,0,
-3.132976,-59.975901,40,OSM,0,
-3.132956,-59.999935,60,OSM:classe,1,40
-3.132921,-60.368484,80,OSM,0,
-3.132907,-59.985756,60,OSM:classe,1,60
-3.132895,-59.985751,60,OSM:classe,1,60
-3.132877,-60.000084,60,OSM:classe,1,40
-3.132843,-59.975446,60,OSM:classe,1,40
-3.132824,-58.446188,40,OSM:classe,1,40
-3.132802,-60.001968,60,OSM:classe,1,40
-3.132779,-59.975794,40,OSM,0,
-3.132749,-60.016857,60,OSM:classe,1,40
-3.132698,-60.026581,60,OSM:classe,1,40
-3.132688,-60.223418,60,OSM:classe,1,40
-3.132643,-59.942898,60,OSM:classe,1,60
-3.132632,-60.376222,80,OSM,0,
-3.132604,-59.974980,60,OSM:classe,1,40
-3.132568,-60.244506,60,OSM:classe,1,40
-3.132567,-60.001064,60,OSM:classe,1,40
-3.132567,-59.993975,60,OSM:classe,1,40
-3.132561,-59.975424,60,OSM:classe,1,60
-3.132449,-60.312630,60,OSM:classe,1,40
-3.132418,-60.000707,60,OSM:classe,1,40
-3.132381,-58.134279,60,OSM:classe,1,40
-3.132375,-60.000603,60,OSM:classe,1,40
-3.132297,-60.374760,80,OSM,0,
-3.132271,-59.943210,40,OSM:classe,1,40
-3.132240,-60.373329,80,OSM,0,
-3.132017,-59.988291,60,OSM:classe,1,60
-3.131993,-59.988387,60,OSM:classe,1,60
-3.131993,-59.985693,60,OSM:classe,1,50
-3.131918,-59.974217,60,OSM:classe,1,60
-3.131915,-60.007891,60,OSM:classe,1,50
-3.131911,-60.007999,60,OSM:classe,1,50
-3.131899,-60.087717,80,OSM,0,
-3.131887,-60.087788,80,OSM,0,
-3.131874,-59.984782,60,OSM:classe,1,40
-3.131865,-58.446129,60,OSM:classe,1,60
-3.131805,-60.011971,60,OSM:classe,1,40
-3.131790,-59.985240,40,OSM:classe,1,40
-3.131768,-59.988522,40,OSM:classe,1,40
-3.131699,-59.944059,60,OSM:classe,1,60
-3.131658,-59.984893,60,OSM:classe,1,40
-3.131655,-60.006423,60,OSM:classe,1,40
-3.131649,-60.006532,60,OSM:classe,1,40
-3.131636,-59.984818,60,OSM:classe,1,50
-3.131575,-60.007875,60,OSM:classe,1,50
-3.131571,-60.007982,60,OSM:classe,1,50
-3.131498,-60.020732,60,OSM:classe,1,50
-3.131495,-60.020612,60,OSM:classe,1,50
-3.131478,-60.006415,60,OSM:classe,1,40
-3.131474,-60.006522,60,OSM:classe,1,40
-3.131470,-59.984869,60,OSM:classe,1,50
-3.131443,-59.988152,60,OSM:classe,1,60
-3.131408,-59.974164,60,OSM:classe,1,40
-3.131399,-59.998447,60,OSM:classe,1,40
-3.131317,-60.734398,60,OSM:classe,1,50
-3.131293,-58.446319,60,OSM:classe,1,60
-3.131287,-58.138640,60,OSM:classe,1,40
-3.131283,-60.007858,60,OSM:classe,1,50
-3.131271,-60.007966,60,OSM:classe,1,50
-3.131220,-59.986238,60,OSM,0,
-3.131129,-59.985022,40,OSM:classe,1,40
-3.131119,-59.989893,60,OSM:classe,1,60
-3.131097,-58.432396,60,OSM:classe,1,40
-3.131078,-60.000080,60,OSM:classe,1,40
-3.131009,-59.986695,50,OSM,0,
-3.130993,-59.972633,40,OSM:classe,1,40
-3.130917,-59.986441,40,OSM:classe,1,40
-3.130852,-59.986379,50,OSM,0,
-3.130847,-60.024102,60,OSM:classe,1,40
-3.130840,-59.996070,60,OSM:classe,1,40
-3.130822,-59.985038,60,OSM:classe,1,50
-3.130811,-59.986263,60,OSM,0,
-3.130656,-60.024104,60,OSM:classe,1,40
-3.130624,-60.026586,60,OSM:classe,1,40
-3.130605,-60.027618,60,OSM:classe,1,50
-3.130543,-58.729700,60,OSM:classe,1,40
-3.130400,-60.087074,80,OSM,0,
-3.130394,-58.446657,60,OSM:classe,1,60
-3.130391,-59.991572,60,OSM:classe,1,40
-3.130381,-58.147270,60,OSM:classe,1,40
-3.130358,-58.791911,60,OSM:classe,1,40
-3.130355,-60.087142,80,OSM,0,
-3.130298,-59.971345,40,OSM:classe,1,40
-3.130296,-59.971173,60,OSM:classe,1,40
-3.130236,-59.971575,60,OSM:classe,1,60
-3.130190,-60.220428,60,OSM:classe,1,40
-3.130172,-60.020724,60,OSM:classe,1,50
-3.130169,-59.946659,60,OSM:classe,1,60
-3.130162,-60.006320,60,OSM:classe,1,40
-3.130161,-60.020594,60,OSM:classe,1,50
-3.130158,-59.971371,40,OSM:classe,1,40
-3.130156,-60.006422,60,OSM:classe,1,40
-3.130151,-59.009571,80,OSM:classe,1,60
-3.130121,-60.007788,40,OSM:classe,1,40
-3.130108,-59.992344,60,OSM:classe,1,60
-3.130048,-59.946572,60,OSM:classe,1,60
-3.130048,-58.142951,60,OSM:classe,1,40
-3.130007,-61.125677,60,OSM:classe,1,40
-3.129996,-60.006313,60,OSM:classe,1,40
-3.129991,-60.006415,60,OSM:classe,1,40
-3.129976,-60.020591,60,OSM:classe,1,50
-3.129972,-60.020723,60,OSM:classe,1,50
-3.129967,-60.021473,60,OSM:classe,1,40
-3.129962,-60.019129,60,OSM:classe,1,40
-3.129950,-60.022171,60,OSM:classe,1,40
-3.129940,-60.022781,60,OSM:classe,1,40
-3.129918,-60.244666,60,OSM:classe,1,40
-3.129900,-59.947071,60,OSM:classe,1,60
-3.129849,-59.101879,60,OSM:classe,1,40
-3.129845,-58.151720,60,OSM:classe,1,40
-3.129817,-60.025455,60,OSM:classe,1,40
-3.129810,-60.026596,60,OSM:classe,1,40
-3.129775,-60.027631,60,OSM:classe,1,50
-3.129733,-59.947033,60,OSM:classe,1,60
-3.129725,-60.315862,60,OSM:classe,1,40
-3.129725,-60.029154,60,OSM:classe,1,40
-3.129698,-60.246484,60,OSM:classe,1,40
-3.129619,-59.985672,60,OSM,0,
-3.129612,-60.243203,60,OSM:classe,1,40
-3.129559,-59.970387,60,OSM:classe,1,60
-3.129516,-58.790609,60,OSM:classe,1,40
-3.129482,-59.994085,60,OSM:classe,1,60
-3.129442,-59.994205,60,OSM:classe,1,60
-3.129427,-59.947760,60,OSM:classe,1,60
-3.129414,-59.994029,60,OSM:classe,1,40
-3.129371,-59.994408,60,OSM:classe,1,60
-3.129368,-59.994177,60,OSM:classe,1,60
-3.129355,-59.994457,60,OSM:classe,1,40
-3.129302,-59.994383,60,OSM:classe,1,60
-3.129299,-58.152853,60,OSM:classe,1,40
-3.129261,-59.994741,40,OSM:classe,1,40
-3.129150,-58.153695,60,OSM:classe,1,40
-3.129149,-59.985449,30,OSM,0,
-3.129125,-59.984982,40,OSM:classe,1,40
-3.129081,-59.969397,60,OSM:classe,1,40
-3.129061,-59.995567,60,OSM:classe,1,60
-3.129060,-59.947382,60,OSM:classe,1,50
-3.129035,-60.022748,60,OSM:classe,1,40
-3.129028,-59.948152,60,OSM:classe,1,60
-3.129020,-59.996090,60,OSM:classe,1,60
-3.129014,-59.996502,60,OSM:classe,1,60
-3.128985,-58.153661,60,OSM:classe,1,40
-3.128974,-59.969458,60,OSM:classe,1,40
-3.128970,-59.995558,60,OSM:classe,1,60
-3.128947,-60.001005,60,OSM:classe,1,60
-3.128944,-60.000944,60,OSM:classe,1,40
-3.128941,-60.001294,60,OSM:classe,1,60
-3.128934,-60.001360,60,OSM:classe,1,40
-3.128934,-59.996078,60,OSM:classe,1,60
-3.128916,-60.001913,60,OSM:classe,1,60
-3.128910,-58.154793,60,OSM:classe,1,40
-3.128906,-60.007837,60,OSM:classe,1,50
-3.128878,-60.000581,60,OSM:classe,1,60
-3.128872,-60.001001,60,OSM:classe,1,60
-3.128869,-60.000969,60,OSM:classe,1,40
-3.128862,-60.001306,60,OSM:classe,1,60
-3.128861,-60.001356,60,OSM:classe,1,60
-3.128861,-59.969633,60,OSM:classe,1,40
-3.128856,-59.967457,60,OSM:classe,1,40
-3.128855,-60.007725,40,OSM:classe,1,40
-3.128846,-59.969780,60,OSM:classe,1,40
-3.128844,-60.003380,60,OSM:classe,1,60
-3.128842,-59.967123,60,OSM:classe,1,40
-3.128834,-60.001912,60,OSM:classe,1,60
-3.128819,-59.962968,60,OSM:classe,1,40
-3.128791,-59.970552,60,OSM:classe,1,40
-3.128785,-60.004833,60,OSM:classe,1,60
-3.128783,-59.968389,40,OSM:classe,1,40
-3.128776,-59.970060,60,OSM:classe,1,40
-3.128759,-60.003380,60,OSM:classe,1,60
-3.128758,-60.031858,60,OSM:classe,1,40
-3.128726,-60.014482,60,OSM:classe,1,40
-3.128713,-60.006260,60,OSM:classe,1,60
-3.128706,-60.006363,60,OSM:classe,1,60
-3.128685,-60.004830,60,OSM:classe,1,60
-3.128656,-59.967461,40,OSM:classe,1,40
-3.128647,-59.966034,60,OSM:classe,1,60
-3.128641,-60.007715,60,OSM:classe,1,60
-3.128636,-60.007829,60,OSM:classe,1,50
-3.128630,-60.006256,60,OSM:classe,1,40
-3.128624,-60.006362,60,OSM:classe,1,40
-3.128594,-58.127266,30,OSM,0,
-3.128581,-59.958471,60,OSM:classe,1,40
-3.128574,-60.007492,40,OSM:classe,1,40
-3.128567,-60.008064,40,OSM:classe,1,40
-3.128561,-60.007826,60,OSM:classe,1,50
-3.128547,-59.970232,60,OSM:classe,1,40
-3.128530,-59.967471,60,OSM:classe,1,60
-3.128514,-60.250412,60,OSM:classe,1,40
-3.128448,-59.965914,60,OSM:classe,1,60
-3.128447,-59.970121,60,OSM:classe,1,40
-3.128429,-59.963052,60,OSM:classe,1,40
-3.128388,-59.961538,60,OSM:classe,1,60
-3.128373,-60.032762,60,OSM:classe,1,40
-3.128279,-60.011899,60,OSM:classe,1,50
-3.128259,-60.016806,60,OSM:classe,1,50
-3.128251,-60.007808,40,OSM:classe,1,40
-3.128246,-60.016402,60,OSM:classe,1,50
-3.128226,-60.019128,60,OSM:classe,1,50
-3.128210,-59.961417,60,OSM:classe,1,60
-3.128200,-60.020600,60,OSM:classe,1,50
-3.128194,-60.020737,60,OSM:classe,1,50
-3.128130,-60.022713,60,OSM:classe,1,40
-3.128128,-59.957042,60,OSM:classe,1,60
-3.128104,-60.023650,60,OSM:classe,1,40
-3.128100,-59.956563,60,OSM:classe,1,60
-3.128097,-59.956394,60,OSM:classe,1,60
-3.128039,-58.158063,60,OSM:classe,1,40
-3.128004,-60.026622,60,OSM:classe,1,40
-3.128003,-60.240200,60,OSM:classe,1,40
-3.127985,-60.027602,60,OSM:classe,1,40
-3.127984,-60.027641,60,OSM:classe,1,50
-3.127983,-58.123297,30,OSM,0,
-3.127973,-59.956293,60,OSM:classe,1,60
-3.127972,-59.956920,60,OSM:classe,1,60
-3.127962,-59.955975,60,OSM:classe,1,60
-3.127949,-58.159192,60,OSM:classe,1,40
-3.127936,-59.951898,60,OSM:classe,1,60
-3.127899,-59.954976,60,OSM:classe,1,60
-3.127878,-59.992850,60,OSM:classe,1,40
-3.127833,-59.992705,60,OSM:classe,1,40
-3.127787,-59.952422,60,OSM:classe,1,60
-3.127781,-59.952291,40,OSM:classe,1,40
-3.127778,-59.956534,60,OSM:classe,1,60
-3.127766,-59.992460,60,OSM:classe,1,40
-3.127753,-60.007784,40,OSM:classe,1,40
-3.127731,-59.956197,40,OSM:classe,1,40
-3.127700,-59.956469,60,OSM:classe,1,60
-3.127669,-60.031337,60,OSM:classe,1,40
-3.127614,-58.726594,60,OSM:classe,1,40
-3.127595,-60.035860,60,OSM:classe,1,40
-3.127572,-60.036019,60,OSM:classe,1,40
-3.127571,-60.035980,60,OSM:classe,1,40
-3.127543,-60.036012,60,OSM:classe,1,40
-3.127448,-60.036292,60,OSM:classe,1,40
-3.127428,-59.990099,60,OSM:classe,1,40
-3.127325,-60.004825,40,OSM,0,
-3.127305,-60.216974,60,OSM:classe,1,40
-3.127272,-60.736363,60,OSM:classe,1,50
-3.127271,-58.448762,60,OSM:classe,1,60
-3.127268,-60.006287,60,OSM:classe,1,40
-3.127266,-60.006196,40,OSM,0,
-3.127215,-60.004765,20,OSM,0,
-3.127213,-60.004818,20,OSM,0,
-3.127208,-60.004916,20,OSM,0,
-3.127207,-59.989443,60,OSM:classe,1,40
-3.127172,-59.956055,60,OSM:classe,1,60
-3.127148,-60.006081,20,OSM,0,
-3.127143,-60.006189,20,OSM,0,
-3.127143,-59.984532,50,OSM,0,
-3.127141,-60.006280,60,OSM:classe,1,40
-3.127133,-59.989295,60,OSM:classe,1,40
-3.127114,-60.007674,60,OSM:classe,1,60
-3.127111,-60.007754,60,OSM:classe,1,40
-3.127104,-60.038172,60,OSM:classe,1,40
-3.127036,-60.026603,60,OSM:classe,1,40
-3.126997,-59.984297,40,OSM:classe,1,40
-3.126989,-58.475616,60,OSM:classe,1,40
-3.126823,-60.019219,40,OSM,0,
-3.126817,-60.040751,60,OSM:classe,1,40
-3.126763,-59.983573,60,OSM:classe,1,50
-3.126757,-59.948663,60,OSM:classe,1,50
-3.126748,-60.217531,60,OSM:classe,1,40
-3.126608,-58.432141,60,OSM:classe,1,40
-3.126607,-60.042235,60,OSM:classe,1,40
-3.126595,-58.787201,60,OSM:classe,1,40
-3.126576,-60.007723,40,OSM:classe,1,40
-3.126575,-59.989095,60,OSM:classe,1,40
-3.126573,-60.038052,60,OSM:classe,1,40
-3.126324,-60.011795,60,OSM:classe,1,40
-3.126255,-60.010959,60,OSM:classe,1,40
-3.126231,-60.013332,60,OSM:classe,1,40
-3.126205,-60.014368,60,OSM:classe,1,40
-3.126193,-60.011787,60,OSM:classe,1,40
-3.126155,-59.937494,60,OSM:classe,1,40
-3.126109,-60.016702,60,OSM:classe,1,50
-3.126093,-60.017344,60,OSM:classe,1,50
-3.126078,-60.018013,60,OSM:classe,1,50
-3.126065,-60.019410,60,OSM:classe,1,50
-3.126029,-60.020592,60,OSM:classe,1,50
-3.126025,-60.020719,60,OSM:classe,1,50
-3.126024,-59.011359,80,OSM:classe,1,60
-3.125955,-60.022629,60,OSM:classe,1,50
-3.125900,-60.025117,60,OSM:classe,1,50
-3.125894,-60.317263,60,OSM:classe,1,40
-3.125868,-60.026585,60,OSM:classe,1,50
-3.125830,-60.027632,60,OSM:classe,1,50
-3.125751,-58.722554,60,OSM:classe,1,40
-3.125727,-58.471373,60,OSM:classe,1,40
-3.125614,-60.253419,60,OSM:classe,1,40
-3.125603,-59.982790,60,OSM:classe,1,50
-3.125591,-59.955222,60,OSM:classe,1,60
-3.125542,-59.100689,60,OSM:classe,1,40
-3.125496,-60.026769,80,OSM:classe,1,60
-3.125411,-59.992722,60,OSM:classe,1,50
-3.125408,-59.992826,60,OSM:classe,1,50
-3.125321,-59.995121,60,OSM:classe,1,50
-3.125260,-60.022593,60,OSM:classe,1,40
-3.125249,-59.939785,60,OSM:classe,1,40
-3.125232,-60.037793,60,OSM:classe,1,40
-3.125228,-58.479662,60,OSM:classe,1,40
-3.125219,-59.987179,60,OSM:classe,1,40
-3.125218,-60.026769,40,OSM:classe,1,40
-3.125148,-60.007653,40,OSM:classe,1,40
-3.125102,-59.999610,60,OSM:classe,1,50
-3.125085,-60.001698,60,OSM:classe,1,40
-3.124996,-59.948821,60,OSM:classe,1,40
-3.124954,-59.986125,60,OSM:classe,1,40
-3.124912,-60.000450,60,OSM:classe,1,50
-3.124905,-58.718211,60,OSM:classe,1,40
-3.124901,-60.000491,60,OSM:classe,1,50
-3.124853,-59.982141,50,OSM,0,
-3.124841,-59.986611,60,OSM:classe,1,40
-3.124825,-60.000760,60,OSM:classe,1,50
-3.124819,-60.000782,60,OSM:classe,1,50
-3.124769,-60.026767,80,OSM:classe,1,60
-3.124695,-59.988437,60,OSM:classe,1,50
-3.124688,-60.001672,60,OSM:classe,1,50
-3.124682,-58.469352,60,OSM:classe,1,40
-3.124647,-60.006066,60,OSM:classe,1,40
-3.124645,-60.002737,60,OSM:classe,1,50
-3.124631,-60.003173,60,OSM:classe,1,50
-3.124627,-59.948546,40,OSM:classe,1,40
-3.124618,-60.014301,60,OSM:classe,1,40
-3.124613,-60.003527,60,OSM:classe,1,50
-3.124607,-60.000697,60,OSM:classe,1,40
-3.124605,-60.020593,60,OSM:classe,1,50
-3.124599,-59.985575,60,OSM:classe,1,40
-3.124572,-60.015271,60,OSM:classe,1,50
-3.124568,-60.014298,60,OSM:classe,1,50
-3.124567,-60.004640,60,OSM:classe,1,50
-3.124566,-59.986133,60,OSM:classe,1,40
-3.124564,-60.004689,60,OSM:classe,1,50
-3.124555,-60.013233,60,OSM:classe,1,50
-3.124552,-60.016698,60,OSM:classe,1,50
-3.124551,-58.714008,60,OSM:classe,1,40
-3.124537,-60.011708,60,OSM:classe,1,50
-3.124526,-60.001667,60,OSM:classe,1,40
-3.124497,-60.006059,60,OSM:classe,1,50
-3.124494,-60.006138,60,OSM:classe,1,50
-3.124416,-60.007534,60,OSM:classe,1,60
-3.124412,-60.007618,60,OSM:classe,1,60
-3.124321,-60.026552,80,OSM:classe,1,60
-3.124237,-60.006043,60,OSM:classe,1,40
-3.124236,-58.431169,60,OSM:classe,1,40
-3.124232,-60.006124,60,OSM:classe,1,40
-3.124085,-60.037512,60,OSM:classe,1,40
-3.123997,-60.000486,60,OSM:classe,1,40
-3.123948,-59.981828,50,OSM,0,
-3.123915,-59.933736,60,OSM:classe,1,40
-3.123808,-60.239995,60,OSM:classe,1,40
-3.123752,-60.042232,60,OSM:classe,1,40
-3.123737,-60.007503,40,OSM:classe,1,40
-3.123658,-59.981671,40,OSM,0,
-3.123654,-59.984719,60,OSM:classe,1,40
-3.123633,-60.220776,60,OSM:classe,1,40
-3.123540,-58.451276,60,OSM:classe,1,60
-3.123474,-60.321058,60,OSM:classe,1,40
-3.123446,-59.983781,40,OSM:classe,1,40
-3.123403,-59.984361,60,OSM:classe,1,40
-3.123372,-60.025134,60,OSM:classe,1,40
-3.123328,-60.738520,60,OSM:classe,1,50
-3.123293,-60.022460,60,OSM:classe,1,40
-3.123274,-60.020724,60,OSM:classe,1,50
-3.123254,-60.016677,60,OSM:classe,1,50
-3.123253,-60.014254,60,OSM:classe,1,40
-3.123240,-60.020512,60,OSM:classe,1,40
-3.123239,-60.020378,60,OSM:classe,1,40
-3.123238,-60.017917,60,OSM:classe,1,40
-3.123233,-60.013196,60,OSM:classe,1,40
-3.123186,-60.011721,60,OSM:classe,1,40
-3.123183,-60.023510,60,OSM:classe,1,50
-3.123174,-59.943780,60,OSM:classe,1,40
-3.123092,-60.020430,60,OSM:classe,1,50
-3.123087,-59.981103,60,OSM:classe,1,50
-3.123070,-60.010059,60,OSM:classe,1,40
-3.123003,-58.466096,60,OSM:classe,1,40
-3.122994,-60.006270,60,OSM:classe,1,40
-3.122933,-60.007465,60,OSM:classe,1,40
-3.122926,-60.009547,60,OSM:classe,1,40
-3.122897,-60.026769,80,OSM:classe,1,60
-3.122890,-59.948213,60,OSM:classe,1,40
-3.122778,-59.983522,60,OSM:classe,1,40
-3.122754,-60.042127,60,OSM:classe,1,40
-3.122624,-60.042119,60,OSM:classe,1,40
-3.122615,-59.983323,40,OSM:classe,1,40
-3.122602,-60.042117,60,OSM:classe,1,40
-3.122595,-58.785469,60,OSM:classe,1,40
-3.122544,-59.982558,60,OSM:classe,1,40
-3.122488,-60.081170,80,OSM,0,
-3.122475,-58.430365,60,OSM:classe,1,40
-3.122473,-58.483221,60,OSM:classe,1,40
-3.122444,-60.081235,80,OSM,0,
-3.122442,-60.042172,60,OSM:classe,1,40
-3.122435,-59.981514,40,OSM:classe,1,40
-3.122430,-60.042106,60,OSM:classe,1,40
-3.122361,-60.042101,60,OSM:classe,1,40
-3.122326,-60.037359,60,OSM:classe,1,40
-3.122288,-59.948942,60,OSM:classe,1,50
-3.122287,-59.982880,40,OSM:classe,1,40
-3.122276,-59.982777,60,OSM:classe,1,40
-3.122236,-59.981613,40,OSM:classe,1,40
-3.122101,-59.981716,40,OSM:classe,1,40
-3.121967,-59.981121,40,OSM:classe,1,40
-3.121943,-59.981711,40,OSM:classe,1,40
-3.121927,-60.025151,60,OSM:classe,1,40
-3.121897,-59.013147,80,OSM:classe,1,60
-3.121887,-60.020836,40,OSM,0,
-3.121882,-59.981153,40,OSM:classe,1,40
-3.121858,-59.981618,50,OSM,0,
-3.121819,-59.985084,60,OSM:classe,1,50
-3.121809,-60.020863,60,OSM:classe,1,50
-3.121799,-59.981529,40,OSM,0,
-3.121776,-60.014194,60,OSM:classe,1,40
-3.121749,-59.981432,40,OSM:classe,1,40
-3.121748,-60.016675,60,OSM:classe,1,50
-3.121714,-59.981938,40,OSM:classe,1,40
-3.121684,-59.981720,40,OSM:classe,1,40
-3.121678,-60.011719,60,OSM:classe,1,40
-3.121675,-60.325146,60,OSM:classe,1,40
-3.121659,-59.980927,40,OSM:classe,1,40
-3.121614,-59.981634,40,OSM,0,
-3.121611,-59.953127,60,OSM:classe,1,60
-3.121561,-59.984980,60,OSM:classe,1,40
-3.121554,-59.981548,40,OSM,0,
-3.121547,-60.005861,60,OSM:classe,1,40
-3.121546,-60.005962,60,OSM:classe,1,40
-3.121525,-59.981456,40,OSM:classe,1,40
-3.121497,-60.251959,60,OSM:classe,1,40
-3.121494,-60.010900,60,OSM:classe,1,40
-3.121477,-60.010774,60,OSM:classe,1,40
-3.121461,-60.007350,60,OSM:classe,1,60
-3.121457,-60.007452,60,OSM:classe,1,60
-3.121443,-60.027943,60,OSM:classe,1,40
-3.121378,-60.009958,60,OSM:classe,1,40
-3.121252,-59.981389,40,OSM:classe,1,40
-3.121234,-59.952692,60,OSM:classe,1,50
-3.121208,-59.981595,40,OSM:classe,1,40
-3.121176,-59.981600,40,OSM,0,
-3.121166,-60.028972,60,OSM:classe,1,40
-3.121125,-60.030534,60,OSM:classe,1,40
-3.121110,-59.953378,60,OSM:classe,1,60
-3.121105,-60.026569,80,OSM:classe,1,60
-3.121097,-59.993646,60,OSM:classe,1,40
-3.121060,-59.100801,60,OSM:classe,1,40
-3.121005,-60.026767,80,OSM:classe,1,60
-3.120971,-60.007423,60,OSM:classe,1,60
-3.120893,-60.234558,60,OSM:classe,1,40
-3.120875,-59.982084,40,OSM:classe,1,40
-3.120833,-59.980049,60,OSM:classe,1,40
-3.120611,-60.224097,60,OSM:classe,1,40
-3.120551,-59.981874,40,OSM,0,
-3.120537,-60.045644,60,OSM:classe,1,40
-3.120508,-60.000077,60,OSM:classe,1,40
-3.120497,-59.980163,60,OSM:classe,1,40
-3.120453,-60.016689,60,OSM:classe,1,50
-3.120443,-59.978629,40,OSM:classe,1,40
-3.120411,-60.329459,60,OSM:classe,1,40
-3.120400,-59.980020,40,OSM:classe,1,40
-3.120360,-60.025181,60,OSM:classe,1,40
-3.120338,-60.036710,60,OSM:classe,1,40
-3.120338,-58.712881,60,OSM:classe,1,40
-3.120328,-59.979296,40,OSM:classe,1,40
-3.120271,-60.014232,60,OSM:classe,1,40
-3.120260,-60.030740,60,OSM:classe,1,40
-3.120250,-60.025568,20,OSM,0,
-3.120241,-59.977746,60,OSM:classe,1,50
-3.120200,-59.952821,60,OSM:classe,1,60
-3.120167,-60.005796,60,OSM:classe,1,40
-3.120162,-60.005886,60,OSM:classe,1,40
-3.120149,-60.026566,20,OSM,0,
-3.120149,-58.429366,60,OSM:classe,1,40
-3.120108,-59.992811,60,OSM:classe,1,40
-3.120078,-59.979561,60,OSM:classe,1,40
-3.120075,-58.429463,60,OSM:classe,1,40
-3.120061,-60.036938,60,OSM:classe,1,40
-3.120035,-60.005790,60,OSM:classe,1,40
-3.120032,-60.005878,60,OSM:classe,1,40
-3.120031,-60.001545,60,OSM:classe,1,40
-3.119991,-60.238051,60,OSM:classe,1,40
-3.119964,-60.007269,60,OSM:classe,1,40
-3.119932,-60.005875,60,OSM:classe,1,40
-3.119877,-60.001345,60,OSM:classe,1,40
-3.119816,-59.984304,60,OSM:classe,1,40
-3.119810,-58.453790,60,OSM:classe,1,60
-3.119788,-58.463500,60,OSM:classe,1,40
-3.119745,-59.978474,60,OSM:classe,1,40
-3.119743,-60.036625,60,OSM:classe,1,40
-3.119707,-60.023697,60,OSM:classe,1,50
-3.119702,-60.021631,60,OSM:classe,1,50
-3.119665,-60.000832,60,OSM:classe,1,40
-3.119636,-60.000776,60,OSM:classe,1,40
-3.119633,-60.741085,60,OSM:classe,1,50
-3.119591,-59.978178,60,OSM:classe,1,40
-3.119588,-58.453898,60,OSM:classe,1,60
-3.119574,-60.023696,60,OSM:classe,1,50
-3.119555,-60.000620,60,OSM:classe,1,40
-3.119534,-59.993460,60,OSM:classe,1,40
-3.119532,-60.000572,60,OSM:classe,1,40
-3.119471,-59.978270,60,OSM:classe,1,40
-3.119465,-59.978003,60,OSM:classe,1,40
-3.119449,-59.978284,60,OSM:classe,1,40
-3.119377,-60.333634,60,OSM:classe,1,40
-3.119333,-59.978362,60,OSM:classe,1,40
-3.119279,-59.978400,60,OSM:classe,1,40
-3.119238,-60.007221,40,OSM:classe,1,40
-3.119201,-60.227771,60,OSM:classe,1,40
-3.119194,-59.986044,60,OSM:classe,1,40
-3.119125,-60.048445,60,OSM:classe,1,40
-3.118989,-59.983989,60,OSM:classe,1,50
-3.118738,-60.043959,60,OSM:classe,1,40
-3.118635,-59.983856,60,OSM:classe,1,50
-3.118522,-60.005983,60,OSM:classe,1,40
-3.118513,-60.248651,60,OSM:classe,1,40
-3.118453,-60.021746,60,OSM:classe,1,50
-3.118399,-60.036539,60,OSM:classe,1,40
-3.118364,-58.784300,60,OSM:classe,1,40
-3.118351,-60.039472,60,OSM:classe,1,40
-3.118251,-60.038324,60,OSM:classe,1,40
-3.118247,-60.023684,60,OSM:classe,1,50
-3.118179,-60.231079,60,OSM:classe,1,40
-3.118105,-59.983709,60,OSM:classe,1,50
-3.118092,-60.026583,40,OSM:classe,1,40
-3.117965,-60.036311,60,OSM:classe,1,40
-3.117893,-59.015158,80,OSM:classe,1,60
-3.117885,-60.035980,60,OSM:classe,1,40
-3.117874,-60.026787,40,OSM:classe,1,40
-3.117797,-60.007145,40,OSM:classe,1,40
-3.117770,-59.983599,60,OSM:classe,1,50
-3.117753,-59.974048,60,OSM:classe,1,50
-3.117677,-58.454275,60,OSM:classe,1,60
-3.117624,-60.020825,60,OSM:classe,1,40
-3.117617,-58.715870,60,OSM:classe,1,40
-3.117573,-60.022446,60,OSM:classe,1,50
-3.117525,-60.025171,60,OSM:classe,1,40
-3.117519,-60.026560,60,OSM:classe,1,40
-3.117496,-60.024227,60,OSM:classe,1,40
-3.117492,-60.023723,60,OSM:classe,1,40
-3.117477,-60.023657,60,OSM:classe,1,40
-3.117460,-59.983488,60,OSM:classe,1,50
-3.117434,-60.020777,60,OSM:classe,1,40
-3.117422,-60.026561,60,OSM:classe,1,40
-3.117411,-60.023727,60,OSM:classe,1,40
-3.117407,-60.026784,80,OSM:classe,1,60
-3.117392,-60.023660,40,OSM:classe,1,40
-3.117381,-60.022017,60,OSM:classe,1,40
-3.117378,-60.016274,60,OSM:classe,1,40
-3.117378,-60.016176,60,OSM:classe,1,40
-3.117375,-60.018053,60,OSM:classe,1,40
-3.117368,-60.035864,60,OSM:classe,1,40
-3.117358,-60.020771,60,OSM:classe,1,40
-3.117355,-60.014364,60,OSM:classe,1,40
-3.117336,-59.098414,60,OSM:classe,1,40
-3.117267,-60.014367,60,OSM:classe,1,40
-3.117182,-60.011805,60,OSM:classe,1,40
-3.117153,-60.023019,40,OSM:classe,1,40
-3.117080,-60.023794,40,OSM:classe,1,40
-3.117018,-59.974426,60,OSM:classe,1,40
-3.116995,-59.983163,60,OSM,0,
-3.116974,-59.983079,40,OSM,0,
-3.116972,-59.974451,60,OSM:classe,1,40
-3.116971,-60.007103,60,OSM:classe,1,60
-3.116969,-60.002142,60,OSM:classe,1,40
-3.116934,-60.007092,40,OSM:classe,1,40
-3.116918,-60.007176,40,OSM:classe,1,40
-3.116877,-58.428046,60,OSM:classe,1,40
-3.116855,-60.337080,60,OSM:classe,1,40
-3.116842,-60.032341,60,OSM:classe,1,40
-3.116839,-60.035508,60,OSM:classe,1,40
-3.116825,-59.974524,60,OSM:classe,1,40
-3.116781,-60.023388,40,OSM:classe,1,40
-3.116735,-60.023726,60,OSM:classe,1,50
-3.116720,-60.026774,60,OSM,0,
-3.116710,-59.974574,60,OSM:classe,1,40
-3.116701,-60.023453,60,OSM:classe,1,50
-3.116661,-59.997129,60,OSM:classe,1,40
-3.116608,-60.026576,80,OSM:classe,1,60
-3.116607,-59.983184,60,OSM,0,
-3.116602,-60.007083,60,OSM:classe,1,40
-3.116550,-59.996829,60,OSM:classe,1,40
-3.116541,-60.007080,60,OSM:classe,1,60
-3.116539,-59.983002,60,OSM:classe,1,40
-3.116530,-60.007167,60,OSM:classe,1,60
-3.116525,-60.026576,80,OSM:classe,1,60
-3.116482,-60.007151,60,OSM:classe,1,60
-3.116468,-59.976288,60,OSM:classe,1,40
-3.116462,-59.996927,60,OSM:classe,1,40
-3.116443,-60.007261,60,OSM:classe,1,60
-3.116410,-60.034083,60,OSM:classe,1,40
-3.116355,-60.026580,80,OSM:classe,1,60
-3.116286,-59.974893,60,OSM:classe,1,40
-3.116240,-60.011821,40,OSM:classe,1,40
-3.116219,-60.026539,40,OSM:classe,1,40
-3.116218,-60.023754,40,OSM:classe,1,40
-3.116210,-60.023520,40,OSM:classe,1,40
-3.116084,-60.027198,40,OSM:classe,1,40
-3.116062,-60.026294,40,OSM:classe,1,40
-3.116042,-60.025178,60,OSM:classe,1,40
-3.116014,-60.743738,60,OSM:classe,1,50
-3.116013,-60.024713,40,OSM:classe,1,40
-3.116008,-60.023847,40,OSM:classe,1,40
-3.115975,-60.020789,60,OSM:classe,1,60
-3.115974,-60.011106,60,OSM:classe,1,60
-3.115972,-60.020912,60,OSM:classe,1,60
-3.115971,-60.025785,60,OSM:classe,1,60
-3.115968,-60.019341,60,OSM:classe,1,60
-3.115961,-60.012151,60,OSM:classe,1,60
-3.115961,-60.011828,60,OSM:classe,1,60
-3.115957,-60.016737,60,OSM,0,
-3.115956,-60.016654,60,OSM,0,
-3.115949,-60.010926,40,OSM:classe,1,40
-3.115946,-60.014326,60,OSM:classe,1,40
-3.115933,-60.033222,60,OSM:classe,1,40
-3.115898,-60.025791,60,OSM:classe,1,60
-3.115871,-60.341474,60,OSM:classe,1,40
-3.115834,-60.025122,60,OSM:classe,1,60
-3.115833,-60.026871,40,OSM:classe,1,40
-3.115829,-60.027284,40,OSM:classe,1,40
-3.115817,-60.026272,40,OSM:classe,1,40
-3.115812,-59.951838,60,OSM:classe,1,60
-3.115804,-60.023355,40,OSM:classe,1,40
-3.115792,-59.997676,60,OSM:classe,1,40
-3.115781,-60.020776,60,OSM:classe,1,60
-3.115780,-60.019411,60,OSM:classe,1,60
-3.115779,-60.016242,60,OSM:classe,1,60
-3.115751,-60.010632,60,OSM:classe,1,60
-3.115746,-60.013602,60,OSM:classe,1,60
-3.115738,-60.028975,60,OSM:classe,1,60
-3.115712,-59.982201,60,OSM:classe,1,40
-3.115700,-60.023545,60,OSM:classe,1,50
-3.115689,-60.023621,60,OSM:classe,1,50
-3.115684,-58.427241,60,OSM:classe,1,40
-3.115667,-60.028948,60,OSM:classe,1,60
-3.115666,-60.023672,40,OSM:classe,1,40
-3.115655,-60.008786,60,OSM:classe,1,60
-3.115635,-60.032353,60,OSM:classe,1,40
-3.115635,-60.029621,60,OSM:classe,1,60
-3.115598,-60.023482,40,OSM:classe,1,40
-3.115557,-59.970128,60,OSM:classe,1,50
-3.115525,-60.026588,80,OSM:classe,1,60
-3.115492,-59.970007,60,OSM:classe,1,50
-3.115489,-60.001970,60,OSM:classe,1,40
-3.115487,-60.032415,60,OSM:classe,1,40
-3.115479,-60.029767,80,OSM:classe,1,60
-3.115348,-60.031255,80,OSM:classe,1,60
-3.115332,-60.031807,60,OSM:classe,1,40
-3.115308,-59.980100,60,OSM:classe,1,40
-3.115306,-58.463137,60,OSM:classe,1,40
-3.115303,-60.056699,30,OSM,0,
-3.115292,-60.245690,60,OSM:classe,1,40
-3.115281,-60.050155,60,OSM:classe,1,40
-3.115277,-59.969567,40,OSM:classe,1,40
-3.115259,-59.976529,60,OSM:classe,1,40
-3.115187,-59.951159,60,OSM:classe,1,60
-3.115170,-60.026739,40,OSM:classe,1,40
-3.115160,-59.968993,40,OSM:classe,1,40
-3.115134,-59.998383,60,OSM:classe,1,40
-3.115116,-59.017967,60,OSM:classe,1,40
-3.115068,-60.032575,80,OSM:classe,1,60
-3.115068,-59.950874,60,OSM:classe,1,60
-3.115052,-59.950721,60,OSM:classe,1,60
-3.115036,-59.984997,60,OSM:classe,1,40
-3.114986,-60.010610,60,OSM:classe,1,60
-3.114975,-59.950923,60,OSM:classe,1,60
-3.114959,-59.978212,60,OSM:classe,1,40
-3.114954,-58.718894,60,OSM:classe,1,40
-3.114893,-60.034142,80,OSM:classe,1,60
-3.114889,-59.950207,60,OSM:classe,1,60
-3.114874,-60.052363,30,OSM,0,
-3.114863,-59.950772,60,OSM:classe,1,40
-3.114842,-59.976608,60,OSM:classe,1,40
-3.114762,-59.018390,80,OSM:classe,1,60
-3.114760,-59.950994,60,OSM:classe,1,40
-3.114732,-60.032295,80,OSM:classe,1,60
-3.114670,-60.010642,60,OSM:classe,1,50
-3.114658,-59.976646,60,OSM:classe,1,40
-3.114577,-60.075265,80,OSM,0,
-3.114563,-59.982464,60,OSM,0,
-3.114534,-60.075328,80,OSM,0,
-3.114414,-60.040065,40,OSM:classe,1,40
-3.114406,-60.016337,40,OSM:classe,1,40
-3.114398,-59.095007,60,OSM:classe,1,40
-3.114336,-60.016768,60,OSM,0,
-3.114250,-60.013493,60,OSM:classe,1,60
-3.114222,-60.023676,60,OSM:classe,1,50
-3.114218,-60.035687,60,OSM:classe,1,40
-3.114209,-60.023573,60,OSM:classe,1,50
-3.114168,-59.951978,60,OSM:classe,1,40
-3.114102,-60.037987,80,OSM:classe,1,60
-3.114101,-60.016715,40,OSM:classe,1,40
-3.114027,-59.980336,60,OSM:classe,1,40
-3.113885,-58.783913,60,OSM:classe,1,40
-3.113873,-60.033280,80,OSM:classe,1,60
-3.113763,-59.946456,60,OSM:classe,1,60
-3.113642,-60.042338,80,OSM:classe,1,60
-3.113571,-60.016489,60,OSM,0,
-3.113518,-60.033717,80,OSM:classe,1,60
-3.113481,-60.349242,60,OSM:classe,1,40
-3.113470,-60.035603,60,OSM:classe,1,40
-3.113417,-60.033868,80,OSM:classe,1,60
-3.113339,-60.016302,60,OSM,0,
-3.113329,-60.034040,80,OSM:classe,1,60
-3.113329,-60.016411,60,OSM,0,
-3.113295,-60.023595,60,OSM:classe,1,50
-3.113281,-60.023699,60,OSM:classe,1,50
-3.113254,-60.345099,60,OSM:classe,1,40
-3.113230,-59.944686,40,OSM:classe,1,40
-3.113199,-59.980490,60,OSM:classe,1,40
-3.113186,-58.454310,60,OSM:classe,1,60
-3.113184,-60.026576,80,OSM:classe,1,60
-3.113163,-60.042608,80,OSM:classe,1,60
-3.113142,-60.016351,60,OSM,0,
-3.113122,-60.042848,80,OSM:classe,1,60
-3.113093,-60.035544,60,OSM:classe,1,40
-3.113089,-60.746905,60,OSM:classe,1,50
-3.113085,-60.016278,60,OSM,0,
-3.113042,-59.944960,40,OSM:classe,1,40
-3.113016,-59.980527,60,OSM:classe,1,40
-3.112966,-59.981862,60,OSM,0,
-3.112940,-60.000866,60,OSM:classe,1,40
-3.112919,-60.000917,60,OSM:classe,1,40
-3.112909,-60.035420,60,OSM:classe,1,40
-3.112887,-58.560937,60,OSM:classe,1,40
-3.112884,-60.023705,60,OSM:classe,1,50
-3.112857,-60.001067,60,OSM:classe,1,40
-3.112850,-59.966894,60,OSM:classe,1,50
-3.112844,-60.001098,60,OSM:classe,1,40
-3.112740,-60.052060,60,OSM:classe,1,40
-3.112685,-59.945218,60,OSM:classe,1,60
-3.112684,-59.966511,60,OSM:classe,1,50
-3.112661,-60.038386,80,OSM:classe,1,60
-3.112654,-59.090889,60,OSM:classe,1,40
-3.112573,-59.981498,60,OSM:classe,1,40
-3.112533,-60.352900,60,OSM:classe,1,40
-3.112523,-59.977042,60,OSM:classe,1,40
-3.112506,-59.981678,40,OSM:classe,1,40
-3.112334,-60.004568,60,OSM:classe,1,40
-3.112331,-59.973781,60,OSM:classe,1,40
-3.112315,-60.013373,60,OSM:classe,1,50
-3.112293,-59.975414,60,OSM:classe,1,40
-3.112201,-59.014539,60,OSM:classe,1,40
-3.112147,-60.016222,60,OSM,0,
-3.112096,-58.424535,60,OSM:classe,1,40
-3.112041,-60.013358,60,OSM:classe,1,50
-3.111987,-60.045663,60,OSM:classe,1,40
-3.111970,-60.046518,80,OSM:classe,1,60
-3.111894,-67.995254,60,OSM:classe,1,40
-3.111843,-67.984116,60,OSM:classe,1,40
-3.111748,-67.988618,60,OSM:classe,1,40
-3.111744,-59.974257,60,OSM:classe,1,40
-3.111716,-60.045810,60,OSM:classe,1,40
-3.111685,-59.995494,60,OSM:classe,1,40
-3.111630,-59.021622,80,OSM:classe,1,60
-3.111588,-60.024916,20,OSM,0,
-3.111521,-60.243461,60,OSM:classe,1,40
-3.111517,-60.025098,20,OSM,0,
-3.111460,-59.945019,60,OSM:classe,1,60
-3.111450,-60.047029,80,OSM:classe,1,60
-3.111446,-59.981194,60,OSM,0,
-3.111393,-67.990125,60,OSM:classe,1,40
-3.111352,-58.559402,60,OSM:classe,1,40
-3.111313,-67.990199,60,OSM:classe,1,40
-3.111299,-59.981285,60,OSM:classe,1,40
-3.111256,-59.981110,60,OSM:classe,1,40
-3.111194,-59.992133,60,OSM:classe,1,40
-3.111166,-67.979718,60,OSM:classe,1,40
-3.111082,-60.012848,60,OSM:classe,1,40
-3.111078,-60.026704,60,OSM,0,
-3.111065,-60.013304,60,OSM:classe,1,40
-3.111054,-60.013443,60,OSM:classe,1,40
-3.110995,-60.026703,80,OSM:classe,1,60
-3.110972,-60.010387,60,OSM:classe,1,40
-3.110919,-60.012812,60,OSM:classe,1,40
-3.110899,-59.963115,60,OSM:classe,1,50
-3.110898,-59.954324,60,OSM:classe,1,40
-3.110889,-59.983372,60,OSM:classe,1,40
-3.110824,-58.462775,60,OSM:classe,1,40
-3.110817,-59.982582,60,OSM:classe,1,40
-3.110804,-60.012807,60,OSM:classe,1,40
-3.110803,-60.006773,60,OSM:classe,1,40
-3.110789,-59.980935,60,OSM,0,
-3.110774,-59.945219,60,OSM:classe,1,40
-3.110711,-60.013728,60,OSM:classe,1,40
-3.110701,-59.962951,60,OSM:classe,1,50
-3.110661,-60.025344,20,OSM,0,
-3.110660,-60.012805,60,OSM:classe,1,40
-3.110632,-59.983287,60,OSM:classe,1,40
-3.110631,-67.991130,60,OSM:classe,1,40
-3.110609,-59.992993,60,OSM:classe,1,40
-3.110592,-60.024801,20,OSM,0,
-3.110583,-58.718234,60,OSM:classe,1,40
-3.110578,-60.016104,60,OSM,0,
-3.110493,-60.012917,60,OSM:classe,1,40
-3.110474,-60.013241,60,OSM:classe,1,40
-3.110297,-60.050698,60,OSM:classe,1,40
-3.110276,-60.050683,60,OSM:classe,1,40
-3.110226,-60.007599,60,OSM:classe,1,40
-3.110183,-60.010359,60,OSM:classe,1,50
-3.110142,-60.016141,60,OSM,0,
-3.110096,-60.050554,60,OSM:classe,1,40
-3.110078,-60.050461,80,OSM:classe,1,60
-3.110052,-60.050526,60,OSM:classe,1,40
-3.109973,-59.945548,40,OSM:classe,1,40
-3.109951,-59.945240,40,OSM:classe,1,40
-3.109924,-59.974212,60,OSM:classe,1,40
-3.109875,-58.782381,60,OSM:classe,1,40
-3.109814,-59.993987,60,OSM:classe,1,40
-3.109787,-59.087457,60,OSM:classe,1,40
-3.109663,-60.008418,60,OSM:classe,1,50
-3.109626,-59.945427,40,OSM:classe,1,40
-3.109613,-59.945295,40,OSM:classe,1,40
-3.109609,-59.945788,60,OSM:classe,1,40
-3.109587,-60.239538,60,OSM:classe,1,40
-3.109526,-60.018812,60,OSM,0,
-3.109509,-58.420940,60,OSM:classe,1,40
-3.109501,-60.016034,60,OSM,0,
-3.109491,-67.971219,60,OSM:classe,1,40
-3.109446,-59.945915,60,OSM:classe,1,40
-3.109410,-60.008812,60,OSM:classe,1,50
-3.109399,-59.960312,60,OSM:classe,1,50
-3.109392,-60.010297,60,OSM:classe,1,50
-3.109389,-67.975581,60,OSM:classe,1,40
-3.109369,-60.009637,60,OSM:classe,1,50
-3.109348,-67.962460,60,OSM:classe,1,40
-3.109345,-59.945477,40,OSM:classe,1,40
-3.109286,-59.974247,20,OSM,0,
-3.109286,-59.011110,60,OSM:classe,1,40
-3.109224,-60.013150,60,OSM:classe,1,40
-3.109205,-60.026593,80,OSM:classe,1,60
-3.109186,-67.962479,60,OSM:classe,1,40
-3.109177,-59.960498,60,OSM:classe,1,50
-3.109169,-59.083070,60,OSM:classe,1,40
-3.109046,-60.018485,40,OSM,0,
-3.109010,-67.962834,60,OSM:classe,1,40
-3.109006,-60.748792,60,OSM:classe,1,50
-3.108996,-60.018797,60,OSM,0,
-3.108923,-67.958232,60,OSM:classe,1,40
-3.108916,-60.019351,60,OSM,0,
-3.108913,-60.013149,60,OSM:classe,1,50
-3.108893,-59.974683,20,OSM,0,
-3.108864,-59.974477,20,OSM,0,
-3.108825,-58.454239,60,OSM:classe,1,40
-3.108820,-59.973848,60,OSM:classe,1,40
-3.108817,-60.016047,60,OSM,0,
-3.108802,-60.023758,60,OSM:classe,1,50
-3.108787,-59.974986,20,OSM,0,
-3.108769,-59.974877,20,OSM,0,
-3.108758,-60.020630,60,OSM:classe,1,40
-3.108697,-59.959581,60,OSM:classe,1,50
-3.108690,-58.454285,60,OSM:classe,1,60
-3.108670,-59.974245,20,OSM,0,
-3.108663,-59.980160,40,OSM,0,
-3.108633,-59.959670,60,OSM:classe,1,50
-3.108587,-59.024931,80,OSM:classe,1,60
-3.108530,-60.022543,60,OSM:classe,1,40
-3.108460,-67.967064,60,OSM:classe,1,40
-3.108432,-59.973908,20,OSM,0,
-3.108388,-60.023772,60,OSM:classe,1,40
-3.108372,-60.052763,80,OSM:classe,1,60
-3.108355,-60.354174,60,OSM:classe,1,40
-3.108348,-58.459684,60,OSM:classe,1,40
-3.108327,-58.458201,60,OSM:classe,1,40
-3.108322,-59.979989,60,OSM:classe,1,40
-3.108288,-60.015943,60,OSM,0,
-3.108283,-59.974256,20,OSM,0,
-3.108274,-59.976345,30,OSM,0,
-3.108236,-59.992604,60,OSM:classe,1,40
-3.108221,-58.556433,60,OSM:classe,1,40
-3.108212,-58.458838,60,OSM:classe,1,40
-3.108129,-59.979967,60,OSM,0,
-3.108071,-60.025765,60,OSM:classe,1,40
-3.108067,-67.954159,60,OSM:classe,1,40
-3.108022,-60.026571,80,OSM:classe,1,60
-3.108008,-60.010222,60,OSM:classe,1,50
-3.108002,-60.026453,40,OSM:classe,1,40
-3.107981,-60.026705,80,OSM:classe,1,60
-3.107962,-67.945840,60,OSM:classe,1,40
-3.107940,-60.026569,40,OSM:classe,1,40
-3.107928,-60.026438,40,OSM:classe,1,40
-3.107898,-67.945951,60,OSM:classe,1,40
-3.107884,-60.015919,60,OSM,0,
-3.107881,-60.015982,60,OSM,0,
-3.107822,-60.013064,60,OSM:classe,1,40
-3.107811,-58.455250,60,OSM:classe,1,40
-3.107776,-59.980088,40,OSM,0,
-3.107740,-59.989251,60,OSM:classe,1,40
-3.107717,-67.947375,60,OSM:classe,1,40
-3.107715,-60.035896,60,OSM:classe,1,60
-3.107714,-59.945689,60,OSM:classe,1,60
-3.107700,-58.455591,60,OSM:classe,1,40
-3.107695,-67.945798,60,OSM:classe,1,40
-3.107676,-60.026564,80,OSM:classe,1,60
-3.107673,-60.015971,40,OSM:classe,1,40
-3.107645,-60.035907,60,OSM:classe,1,60
-3.107644,-60.026705,80,OSM:classe,1,60
-3.107587,-60.040213,60,OSM:classe,1,60
-3.107559,-60.009568,40,OSM:classe,1,40
-3.107542,-59.956872,60,OSM:classe,1,40
-3.107537,-60.040282,60,OSM:classe,1,60
-3.107494,-60.040182,60,OSM:classe,1,60
-3.107474,-60.026932,60,OSM:classe,1,40
-3.107462,-59.957378,60,OSM:classe,1,40
-3.107455,-60.018724,40,OSM,0,
-3.107453,-59.957427,60,OSM:classe,1,50
-3.107447,-60.040247,60,OSM:classe,1,60
-3.107438,-59.978200,60,OSM:classe,1,40
-3.107414,-59.991916,60,OSM:classe,1,40
-3.107395,-59.957252,60,OSM:classe,1,50
-3.107294,-67.949763,60,OSM:classe,1,40
-3.107282,-60.009230,40,OSM:classe,1,40
-3.107279,-60.019881,60,OSM,0,
-3.107259,-59.980131,60,OSM,0,
-3.107253,-59.957239,60,OSM:classe,1,50
-3.107251,-59.957513,60,OSM:classe,1,50
-3.107243,-67.949616,60,OSM:classe,1,40
-3.107220,-60.045857,60,OSM:classe,1,40
-3.107212,-60.027265,60,OSM:classe,1,60
-3.107210,-59.957486,60,OSM:classe,1,50
-3.107209,-60.020414,60,OSM:classe,1,40
-3.107193,-59.029147,80,OSM:classe,1,60
-3.107192,-60.040705,60,OSM:classe,1,60
-3.107190,-60.020566,60,OSM:classe,1,40
-3.107163,-60.008979,60,OSM:classe,1,50
-3.107139,-60.021003,60,OSM:classe,1,40
-3.107138,-60.040665,60,OSM:classe,1,60
-3.107121,-60.021186,60,OSM:classe,1,40
-3.107096,-60.049447,60,OSM:classe,1,40
-3.107087,-67.947056,60,OSM:classe,1,40
-3.107062,-60.064661,60,OSM:zone,1,50
-3.107019,-59.945722,60,OSM:classe,1,60
-3.106988,-60.027469,60,OSM:classe,1,60
-3.106987,-59.977159,30,OSM,0,
-3.106951,-67.947261,60,OSM:classe,1,40
-3.106943,-60.022489,60,OSM:classe,1,40
-3.106908,-60.031823,60,OSM:classe,1,60
-3.106892,-67.946910,60,OSM:classe,1,40
-3.106871,-60.053593,80,OSM:classe,1,60
-3.106866,-60.041337,60,OSM:classe,1,60
-3.106842,-60.023829,60,OSM:classe,1,50
-3.106837,-60.041224,60,OSM:classe,1,60
-3.106820,-60.023482,60,OSM:classe,1,40
-3.106796,-60.028831,60,OSM:classe,1,60
-3.106780,-60.023758,60,OSM:classe,1,40
-3.106766,-60.023836,60,OSM:classe,1,40
-3.106749,-60.029329,60,OSM:classe,1,60
-3.106748,-60.023947,60,OSM:classe,1,40
-3.106741,-60.007382,60,OSM:classe,1,50
-3.106739,-60.029487,60,OSM:classe,1,60
-3.106706,-60.026756,40,OSM:classe,1,40
-3.106696,-60.010131,60,OSM:classe,1,50
-3.106687,-60.010463,40,OSM:classe,1,40
-3.106666,-60.069360,60,OSM,0,
-3.106662,-60.064377,60,OSM:zone,1,50
-3.106623,-60.069420,60,OSM,0,
-3.106539,-59.988249,60,OSM:classe,1,40
-3.106537,-60.041930,60,OSM:classe,1,60
-3.106514,-60.029398,60,OSM:classe,1,60
-3.106506,-60.026539,80,OSM:classe,1,60
-3.106470,-60.026685,80,OSM:classe,1,60
-3.106458,-60.752400,60,OSM:classe,1,50
-3.106457,-59.988003,60,OSM:classe,1,40
-3.106446,-60.026737,40,OSM:classe,1,40
-3.106440,-60.012985,60,OSM:classe,1,40
-3.106438,-60.026075,40,OSM:classe,1,40
-3.106433,-60.026386,40,OSM:classe,1,40
-3.106428,-60.026141,60,OSM:classe,1,40
-3.106419,-59.992089,60,OSM:classe,1,40
-3.106397,-60.028872,60,OSM:classe,1,60
-3.106384,-60.010134,60,OSM,0,
-3.106383,-59.079538,60,OSM:classe,1,40
-3.106376,-60.779946,60,OSM:classe,1,50
-3.106370,-59.007682,60,OSM:classe,1,40
-3.106365,-60.007255,60,OSM:classe,1,50
-3.106353,-60.026435,40,OSM:classe,1,40
-3.106342,-59.033569,80,OSM:classe,1,60
-3.106336,-60.026662,40,OSM:classe,1,40
-3.106312,-60.033781,60,OSM:classe,1,60
-3.106290,-58.717256,60,OSM:classe,1,40
-3.106273,-60.026679,80,OSM:classe,1,60
-3.106243,-60.028232,60,OSM:classe,1,40
-3.106233,-60.026537,80,OSM:classe,1,60
-3.106224,-60.026905,60,OSM:classe,1,40
-3.106160,-60.008473,60,OSM:classe,1,40
-3.106151,-60.023896,60,OSM:classe,1,50
-3.106146,-58.454209,60,OSM:classe,1,40
-3.106118,-60.010085,60,OSM,0,
-3.106037,-60.068811,60,OSM,0,
-3.105944,-59.948721,60,OSM:classe,1,40
-3.105941,-60.015896,60,OSM:classe,1,40
-3.105938,-60.026668,60,OSM:classe,1,60
-3.105917,-58.552583,60,OSM:classe,1,40
-3.105770,-60.056280,80,OSM:classe,1,60
-3.105626,-60.063610,30,OSM,0,
-3.105607,-60.066674,60,OSM:zone,1,50
-3.105563,-60.018289,40,OSM,0,
-3.105514,-60.018612,40,OSM,0,
-3.105506,-60.068476,60,OSM,0,
-3.105490,-59.037990,80,OSM:classe,1,60
-3.105409,-59.974220,60,OSM:classe,1,40
-3.105385,-58.782121,60,OSM:classe,1,40
-3.105383,-60.238547,60,OSM:classe,1,40
-3.105206,-60.063324,30,OSM,0,
-3.105205,-59.956525,40,OSM:classe,1,40
-3.105180,-60.066407,60,OSM:zone,1,50
-3.105143,-60.068138,60,OSM,0,
-3.105099,-60.784110,60,OSM:classe,1,50
-3.105065,-60.063220,30,OSM,0,
-3.105065,-60.007659,60,OSM:classe,1,40
-3.104998,-60.007626,60,OSM:classe,1,40
-3.104954,-60.023080,60,OSM:classe,1,40
-3.104943,-60.063136,30,OSM,0,
-3.104882,-60.000810,60,OSM,0,
-3.104791,-60.000822,60,OSM:classe,1,50
-3.104743,-60.000214,40,OSM:classe,1,40
-3.104719,-60.000770,40,OSM:classe,1,40
-3.104717,-59.999952,60,OSM,0,
-3.104704,-60.003372,60,OSM:classe,1,50
-3.104683,-59.992323,60,OSM:classe,1,40
-3.104682,-60.005256,60,OSM:classe,1,50
-3.104639,-60.000895,40,OSM:classe,1,40
-3.104639,-59.042412,80,OSM:classe,1,60
-3.104569,-67.945282,60,OSM:classe,1,40
-3.104491,-60.013509,60,OSM:classe,1,50
-3.104392,-60.776742,60,OSM:classe,1,50
-3.104359,-60.062716,30,OSM,0,
-3.104322,-60.044303,60,OSM:classe,1,60
-3.104320,-60.355244,60,OSM:classe,1,40
-3.104312,-59.991625,60,OSM:classe,1,40
-3.104281,-60.010124,40,OSM:classe,1,40
-3.104268,-60.020389,60,OSM:classe,1,40
-3.104264,-60.044235,60,OSM:classe,1,60
-3.104239,-60.015835,20,OSM,0,
-3.104223,-67.944864,60,OSM:classe,1,40
-3.104201,-59.992885,60,OSM:classe,1,40
-3.104198,-58.454345,60,OSM:classe,1,60
-3.104156,-60.056807,80,OSM:classe,1,60
-3.104124,-60.756249,60,OSM:classe,1,50
-3.104070,-60.064347,30,OSM,0,
-3.104023,-60.065604,60,OSM:zone,1,50
-3.103976,-60.010041,40,OSM:classe,1,40
-3.103954,-60.062426,30,OSM,0,
-3.103928,-60.019096,20,OSM,0,
-3.103914,-59.993160,60,OSM:classe,1,40
-3.103803,-60.045596,60,OSM:classe,1,40
-3.103734,-60.066709,60,OSM,0,
-3.103693,-60.066680,60,OSM,0,
-3.103584,-59.076014,60,OSM:classe,1,40
-3.103519,-59.988444,60,OSM:classe,1,40
-3.103455,-59.004253,60,OSM:classe,1,40
-3.103387,-59.997851,60,OSM,0,
-3.103355,-60.020341,60,OSM:classe,1,40
-3.103350,-60.066583,60,OSM,0,
-3.103328,-58.548915,60,OSM:classe,1,40
-3.103287,-59.946481,60,OSM:classe,1,60
-3.103263,-60.026586,80,OSM:classe,1,60
-3.103256,-60.013658,60,OSM:classe,1,50
-3.103235,-59.046667,80,OSM:classe,1,60
-3.103232,-60.026588,80,OSM:classe,1,60
-3.103213,-59.952084,60,OSM:classe,1,40
-3.103174,-60.026443,40,OSM:classe,1,40
-3.103137,-59.955701,60,OSM:classe,1,50
-3.103123,-59.955573,60,OSM:classe,1,50
-3.103093,-59.997684,60,OSM:classe,1,50
-3.103048,-60.046698,60,OSM:classe,1,60
-3.103013,-58.720260,60,OSM:classe,1,40
-3.102989,-60.006589,60,OSM:classe,1,40
-3.102923,-60.050189,60,OSM:classe,1,40
-3.102685,-60.047252,60,OSM:classe,1,60
-3.102617,-60.006394,60,OSM:classe,1,40
-3.102585,-60.026585,80,OSM:classe,1,60
-3.102577,-59.946425,60,OSM:classe,1,60
-3.102572,-60.026451,80,OSM:classe,1,60
-3.102460,-60.049854,60,OSM:classe,1,40
-3.102454,-60.026525,40,OSM:classe,1,40
-3.102449,-60.006301,60,OSM:classe,1,40
-3.102274,-60.049692,60,OSM:classe,1,60
-3.102273,-60.024016,60,OSM:classe,1,50
-3.102156,-60.015756,60,OSM:classe,1,40
-3.102130,-60.047130,60,OSM:classe,1,60
-3.102050,-60.049859,60,OSM:classe,1,60
-3.102002,-59.988607,60,OSM:classe,1,40
-3.101979,-59.913036,40,OSM,0,
-3.101889,-60.006065,60,OSM:classe,1,40
-3.101876,-60.787154,60,OSM:classe,1,50
-3.101846,-60.026277,60,OSM:classe,1,50
-3.101831,-59.982703,40,OSM,0,
-3.101803,-59.982616,40,OSM,0,
-3.101791,-60.760099,60,OSM:classe,1,50
-3.101781,-60.015641,60,OSM,0,
-3.101778,-59.913140,40,OSM,0,
-3.101769,-59.912949,40,OSM,0,
-3.101758,-59.913166,40,OSM,0,
-3.101745,-60.015711,60,OSM,0,
-3.101738,-59.912917,40,OSM,0,
-3.101722,-60.026448,80,OSM:classe,1,60
-3.101717,-60.026577,80,OSM:classe,1,60
-3.101700,-59.912895,40,OSM,0,
-3.101674,-59.913216,40,OSM,0,
-3.101662,-60.024145,60,OSM:classe,1,50
-3.101638,-60.057009,80,OSM:classe,1,60
-3.101636,-60.015692,60,OSM,0,
-3.101635,-60.025979,60,OSM:classe,1,50
-3.101632,-60.015612,60,OSM,0,
-3.101629,-60.026089,60,OSM:classe,1,50
-3.101613,-60.025137,60,OSM:classe,1,50
-3.101592,-60.025062,60,OSM:classe,1,50
-3.101585,-60.024044,60,OSM:classe,1,50
-3.101569,-60.019473,60,OSM:classe,1,40
-3.101564,-67.941482,60,OSM:classe,1,40
-3.101525,-59.913180,40,OSM,0,
-3.101514,-59.953294,60,OSM:classe,1,50
-3.101508,-60.026312,40,OSM:classe,1,40
-3.101504,-59.982672,40,OSM,0,
-3.101504,-59.912943,40,OSM,0,
-3.101499,-60.025218,60,OSM:classe,1,50
-3.101497,-59.996594,60,OSM:classe,1,40
-3.101483,-60.024906,60,OSM:classe,1,50
-3.101481,-59.912979,40,OSM,0,
-3.101478,-59.913116,40,OSM,0,
-3.101429,-60.020165,60,OSM:classe,1,40
-3.101416,-59.912680,40,OSM,0,
-3.101415,-59.996829,60,OSM:classe,1,40
-3.101379,-59.953105,40,OSM:classe,1,40
-3.101343,-59.913428,40,OSM,0,
-3.101331,-59.982832,40,OSM,0,
-3.101306,-59.982757,40,OSM,0,
-3.101296,-60.024149,60,OSM:classe,1,50
-3.101289,-59.953438,60,OSM:classe,1,50
-3.101279,-59.050722,80,OSM:classe,1,60
-3.101260,-59.982968,40,OSM,0,
-3.101247,-60.026588,40,OSM:classe,1,40
-3.101243,-59.982610,60,OSM:classe,1,40
-3.101228,-59.997054,60,OSM:classe,1,40
-3.101227,-60.024326,40,OSM:classe,1,40
-3.101212,-60.237500,60,OSM:classe,1,40
-3.101185,-60.024041,60,OSM:classe,1,50
-3.101176,-60.026586,80,OSM:classe,1,60
-3.101091,-58.781212,60,OSM:classe,1,40
-3.101038,-59.982246,60,OSM:classe,1,40
-3.101007,-67.938788,60,OSM:classe,1,40
-3.100978,-60.015339,60,OSM,0,
-3.100946,-59.982297,60,OSM:classe,1,40
-3.100923,-59.996352,60,OSM:classe,1,40
-3.100921,-60.015518,60,OSM,0,
-3.100872,-59.982322,60,OSM:classe,1,40
-3.100847,-60.024154,60,OSM:classe,1,50
-3.100840,-59.952738,60,OSM:classe,1,50
-3.100834,-59.982962,40,OSM,0,
-3.100820,-60.015259,60,OSM:classe,1,50
-3.100784,-59.072490,60,OSM:classe,1,40
-3.100767,-59.982438,60,OSM:classe,1,40
-3.100744,-60.015304,60,OSM:classe,1,50
-3.100730,-60.015471,60,OSM:classe,1,50
-3.100727,-59.982292,60,OSM:classe,1,40
-3.100643,-59.983143,40,OSM,0,
-3.100591,-60.774336,60,OSM:classe,1,50
-3.100587,-59.983339,60,OSM,0,
-3.100562,-67.946873,60,OSM:classe,1,40
-3.100560,-60.064715,60,OSM,0,
-3.100545,-60.355998,60,OSM:classe,1,40
-3.100545,-60.005818,60,OSM:classe,1,40
-3.100518,-60.047671,40,OSM:classe,1,40
-3.100503,-59.981709,60,OSM:classe,1,40
-3.100436,-60.064832,60,OSM,0,
-3.100369,-60.005701,60,OSM:classe,1,40
-3.100341,-59.001008,60,OSM:classe,1,40
-3.100333,-60.005825,60,OSM:classe,1,40
-3.100283,-60.026471,40,OSM:classe,1,40
-3.100272,-60.064551,40,OSM:classe,1,40
-3.100233,-59.974599,40,OSM,0,
-3.100168,-60.064734,80,OSM:classe,1,60
-3.100082,-60.014969,60,OSM:classe,1,40
-3.100055,-59.983426,40,OSM,0,
-3.100016,-60.005823,60,OSM:classe,1,40
-3.100011,-60.028734,30,OSM,0,
-3.099992,-60.055877,80,OSM:classe,1,60
-3.099853,-60.049872,60,OSM:classe,1,60
-3.099839,-59.976377,40,OSM,0,
-3.099838,-60.014907,40,OSM:classe,1,40
-3.099830,-60.005325,60,OSM:classe,1,40
-3.099805,-59.995484,60,OSM,0,
-3.099788,-60.064529,80,OSM:classe,1,60
-3.099751,-60.013466,60,OSM:classe,1,50
-3.099746,-60.015144,60,OSM:classe,1,40
-3.099731,-58.454859,60,OSM:classe,1,60
-3.099637,-60.791060,60,OSM:classe,1,50
-3.099617,-59.977324,40,OSM,0,
-3.099603,-58.454872,60,OSM:classe,1,60
-3.099601,-60.009739,60,OSM,0,
-3.099571,-60.064040,100,OSM:zone,1,80
-3.099554,-59.995300,60,OSM:classe,1,50
-3.099546,-60.005844,60,OSM:classe,1,40
-3.099542,-58.454893,60,OSM:classe,1,60
-3.099501,-59.977964,60,OSM:classe,1,40
-3.099475,-59.978618,60,OSM:classe,1,40
-3.099460,-59.978287,60,OSM:classe,1,40
-3.099458,-60.763949,60,OSM:classe,1,50
-3.099443,-60.064225,80,OSM:classe,1,60
-3.099431,-58.722509,60,OSM:classe,1,40
-3.099430,-59.950921,60,OSM:classe,1,50
-3.099378,-59.978379,60,OSM:classe,1,40
-3.099353,-60.005885,60,OSM:classe,1,40
-3.099324,-59.054777,80,OSM:classe,1,60
-3.099314,-58.546896,60,OSM:classe,1,40
-3.099264,-59.978089,60,OSM:classe,1,40
-3.099242,-59.997589,60,OSM:classe,1,40
-3.099208,-59.977838,60,OSM:classe,1,40
-3.099205,-60.024155,60,OSM:classe,1,50
-3.099192,-60.028718,30,OSM,0,
-3.099173,-59.977927,60,OSM:classe,1,40
-3.099154,-60.063929,80,OSM:classe,1,60
-3.099140,-67.946908,60,OSM:classe,1,40
-3.099127,-60.004514,60,OSM:classe,1,40
-3.099025,-59.941537,60,OSM:classe,1,50
-3.098958,-59.977947,60,OSM:classe,1,40
-3.098954,-59.997755,60,OSM:classe,1,40
-3.098917,-59.947428,60,OSM:classe,1,60
-3.098902,-59.915310,60,OSM,0,
-3.098861,-59.947013,60,OSM:classe,1,60
-3.098847,-59.989036,60,OSM:classe,1,40
-3.098833,-59.977928,60,OSM:classe,1,40
-3.098698,-60.063426,80,OSM:classe,1,60
-3.098669,-59.948825,60,OSM:classe,1,50
-3.098648,-60.016028,60,OSM:classe,1,40
-3.098639,-59.946819,60,OSM:classe,1,50
-3.098577,-59.915780,60,OSM,0,
-3.098514,-59.948471,60,OSM:classe,1,50
-3.098409,-59.921699,60,OSM,0,
-3.098318,-58.778002,60,OSM:classe,1,40
-3.098308,-59.987437,60,OSM:classe,1,40
-3.098304,-59.948227,60,OSM:classe,1,50
-3.098277,-67.942489,60,OSM:classe,1,40
-3.098275,-59.977962,40,OSM,0,
-3.098270,-60.048489,40,OSM:classe,1,40
-3.098141,-59.993038,60,OSM,0,
-3.098133,-59.998472,20,OSM,0,
-3.098107,-59.947668,60,OSM:classe,1,50
-3.098093,-60.019882,60,OSM:classe,1,40
-3.098029,-59.937512,60,OSM:classe,1,50
-3.098012,-60.006448,60,OSM:classe,1,40
-3.097991,-59.947036,60,OSM:classe,1,50
-3.097979,-59.998615,60,OSM:classe,1,40
-3.097971,-60.049869,60,OSM:classe,1,60
-3.097963,-59.947467,60,OSM:classe,1,60
-3.097962,-59.947098,60,OSM:classe,1,60
-3.097940,-67.940765,60,OSM:classe,1,40
-3.097935,-59.945884,60,OSM:classe,1,50
-3.097928,-60.006487,60,OSM:classe,1,40
-3.097919,-60.026614,80,OSM:classe,1,60
-3.097903,-59.998687,60,OSM:classe,1,40
-3.097901,-59.947563,60,OSM:classe,1,60
-3.097869,-59.069069,60,OSM:classe,1,40
-3.097866,-59.918471,60,OSM,0,
-3.097727,-60.062953,80,OSM:classe,1,60
-3.097717,-59.997592,20,OSM,0,
-3.097713,-60.015106,60,OSM:classe,1,50
-3.097703,-60.006695,60,OSM:classe,1,40
-3.097648,-59.977526,40,OSM,0,
-3.097611,-60.056580,80,OSM:classe,1,60
-3.097486,-60.015128,60,OSM:classe,1,50
-3.097465,-59.067376,80,OSM:classe,1,60
-3.097399,-60.794965,60,OSM:classe,1,50
-3.097396,-60.003167,60,OSM:classe,1,40
-3.097372,-60.003159,60,OSM:classe,1,40
-3.097368,-59.058832,80,OSM:classe,1,60
-3.097339,-60.049005,40,OSM:classe,1,40
-3.097283,-59.923545,60,OSM,0,
-3.097282,-60.049061,40,OSM:classe,1,40
-3.097256,-60.003113,60,OSM:classe,1,40
-3.097225,-60.026485,80,OSM:classe,1,60
-3.097195,-60.048840,60,OSM,0,
-3.097194,-60.015141,60,OSM:classe,1,50
-3.097166,-60.235976,60,OSM:classe,1,40
-3.097158,-58.997827,60,OSM:classe,1,40
-3.097125,-60.767798,60,OSM:classe,1,50
-3.097090,-59.973206,40,OSM,0,
-3.097050,-60.062311,40,OSM:classe,1,40
-3.096957,-67.936929,60,OSM:classe,1,40
-3.096917,-67.937310,60,OSM:classe,1,40
-3.096917,-60.062514,80,OSM:classe,1,60
-3.096904,-59.975718,40,OSM,0,
-3.096900,-60.048622,60,OSM,0,
-3.096888,-60.049951,60,OSM:classe,1,60
-3.096855,-60.043739,60,OSM,0,
-3.096826,-59.984924,60,OSM:classe,1,40
-3.096825,-60.049071,60,OSM,0,
-3.096821,-60.048901,40,OSM:classe,1,40
-3.096815,-60.049287,60,OSM:classe,1,60
-3.096791,-60.771929,60,OSM:classe,1,50
-3.096759,-60.049725,60,OSM:classe,1,60
-3.096758,-59.991978,60,OSM:classe,1,40
-3.096742,-60.062386,80,OSM:classe,1,60
-3.096711,-67.941364,60,OSM:classe,1,40
-3.096711,-59.991856,60,OSM:classe,1,50
-3.096702,-60.043455,60,OSM,0,
-3.096688,-60.024051,60,OSM:classe,1,50
-3.096618,-60.043174,60,OSM,0,
-3.096576,-60.049850,60,OSM:classe,1,60
-3.096572,-59.924160,60,OSM,0,
-3.096570,-60.050065,60,OSM:classe,1,60
-3.096570,-59.972987,40,OSM,0,
-3.096510,-60.000248,60,OSM:classe,1,40
-3.096438,-60.803229,60,OSM:classe,1,50
-3.096419,-59.062996,80,OSM:classe,1,60
-3.096411,-60.356293,60,OSM:classe,1,40
-3.096395,-59.071216,80,OSM:classe,1,60
-3.096394,-60.799023,60,OSM:classe,1,50
-3.096379,-60.043031,60,OSM,0,
-3.096362,-60.062034,40,OSM:classe,1,40
-3.096335,-60.009524,60,OSM:classe,1,40
-3.096311,-60.009266,60,OSM:classe,1,40
-3.096263,-59.985318,60,OSM,0,
-3.096234,-67.946047,60,OSM:classe,1,40
-3.096132,-60.042821,60,OSM,0,
-3.096066,-60.002594,60,OSM:classe,1,40
-3.096057,-60.051029,60,OSM:classe,1,60
-3.095995,-60.057210,80,OSM:classe,1,60
-3.095866,-60.003285,60,OSM:classe,1,40
-3.095785,-60.051224,40,OSM:classe,1,40
-3.095603,-59.982157,60,OSM:classe,1,40
-3.095546,-59.985642,60,OSM,0,
-3.095528,-58.456842,60,OSM:classe,1,60
-3.095489,-59.981893,60,OSM:classe,1,40
-3.095477,-59.985692,60,OSM,0,
-3.095303,-67.945523,60,OSM:classe,1,40
-3.095288,-58.544891,60,OSM:classe,1,40
-3.095286,-58.775001,60,OSM:classe,1,40
-3.095261,-60.013219,60,OSM:classe,1,50
-3.095247,-60.042403,60,OSM:classe,1,60
-3.095198,-67.941933,60,OSM:classe,1,40
-3.095120,-59.936275,60,OSM:classe,1,40
-3.095083,-59.986119,60,OSM,0,
-3.095073,-60.042306,60,OSM,0,
-3.095048,-60.042605,60,OSM,0,
-3.095031,-58.721642,60,OSM:classe,1,40
-3.095028,-60.042467,60,OSM,0,
-3.094981,-60.042262,60,OSM,0,
-3.094854,-60.042469,60,OSM,0,
-3.094839,-59.973621,40,OSM,0,
-3.094826,-59.990209,40,OSM:classe,1,40
-3.094823,-59.981918,60,OSM:classe,1,40
-3.094789,-60.014516,60,OSM:classe,1,50
-3.094782,-60.040740,30,OSM,0,
-3.094746,-60.009498,40,OSM:classe,1,40
-3.094711,-60.024056,60,OSM:classe,1,50
-3.094710,-59.986300,60,OSM,0,
-3.094709,-60.024167,40,OSM:classe,1,40
-3.094647,-59.980013,60,OSM:classe,1,40
-3.094643,-60.042268,60,OSM,0,
-3.094575,-59.986401,60,OSM,0,
-3.094559,-60.807320,60,OSM:classe,1,50
-3.094546,-59.989846,60,OSM:classe,1,40
-3.094532,-59.994428,60,OSM:classe,1,40
-3.094517,-59.948015,40,OSM:classe,1,40
-3.094510,-60.041868,60,OSM,0,
-3.094468,-60.002834,60,OSM:classe,1,40
-3.094413,-60.024067,60,OSM:classe,1,50
-3.094411,-60.024143,60,OSM:classe,1,50
-3.094393,-59.995462,60,OSM:classe,1,40
-3.094351,-59.986842,60,OSM,0,
-3.094315,-59.979248,60,OSM:classe,1,40
-3.094242,-60.002868,60,OSM:classe,1,40
-3.094235,-59.986905,60,OSM,0,
-3.094174,-60.014598,40,OSM:classe,1,40
-3.094142,-60.002507,60,OSM:classe,1,40
-3.094111,-60.051766,60,OSM:classe,1,60
-3.094082,-60.041090,30,OSM,0,
-3.094069,-59.899004,60,OSM,0,
-3.093934,-60.059282,80,OSM:classe,1,60
-3.093879,-59.935893,60,OSM:classe,1,50
-3.093872,-58.994767,60,OSM:classe,1,40
-3.093822,-60.001276,60,OSM:classe,1,40
-3.093793,-59.973477,40,OSM,0,
-3.093769,-60.058919,80,OSM:classe,1,60
-3.093743,-60.058866,80,OSM:classe,1,60
-3.093733,-59.989306,60,OSM,0,
-3.093713,-60.013353,40,OSM:classe,1,40
-3.093699,-59.987946,60,OSM,0,
-3.093692,-60.059234,80,OSM:classe,1,60
-3.093692,-60.058779,80,OSM:classe,1,60
-3.093678,-60.000298,60,OSM:classe,1,40
-3.093670,-60.051682,40,OSM,0,
-3.093662,-59.989353,40,OSM:classe,1,40
-3.093650,-60.051921,60,OSM:classe,1,60
-3.093646,-60.058704,80,OSM:classe,1,60
-3.093629,-59.999984,60,OSM:classe,1,40
-3.093599,-60.051663,50,OSM,0,
-3.093596,-59.948076,60,OSM:classe,1,60
-3.093586,-59.939388,60,OSM:classe,1,40
-3.093578,-59.987831,60,OSM,0,
-3.093566,-59.996335,60,OSM:classe,1,40
-3.093563,-60.026581,60,OSM:classe,1,60
-3.093549,-59.999484,60,OSM:classe,1,40
-3.093531,-59.988611,60,OSM,0,
-3.093527,-60.024022,40,OSM:classe,1,40
-3.093526,-60.024229,40,OSM:classe,1,40
-3.093521,-59.988509,60,OSM,0,
-3.093510,-59.987730,60,OSM,0,
-3.093502,-60.029634,60,OSM,0,
-3.093499,-60.029902,60,OSM,0,
-3.093476,-60.039949,60,OSM,0,
-3.093470,-59.948225,60,OSM:classe,1,60
-3.093445,-60.238165,60,OSM:classe,1,40
-3.093439,-60.029140,40,OSM:classe,1,40
-3.093429,-60.059152,80,OSM:classe,1,60
-3.093423,-60.026653,80,OSM:classe,1,60
-3.093412,-60.026695,40,OSM,0,
-3.093393,-60.034128,60,OSM,0,
-3.093382,-60.026393,60,OSM:classe,1,60
-3.093377,-59.996544,60,OSM:classe,1,40
-3.093359,-59.998452,60,OSM:classe,1,40
-3.093357,-60.029927,60,OSM,0,
-3.093343,-60.014538,60,OSM:classe,1,50
-3.093340,-59.924482,60,OSM,0,
-3.093313,-60.024425,60,OSM,0,
-3.093312,-60.024396,40,OSM:classe,1,40
-3.093307,-60.026432,40,OSM,0,
-3.093299,-60.029706,60,OSM,0,
-3.093297,-60.811593,60,OSM:classe,1,50
-3.093297,-60.026617,40,OSM,0,
-3.093295,-60.052053,60,OSM:classe,1,60
-3.093295,-60.034222,60,OSM,0,
-3.093294,-60.024854,60,OSM,0,
-3.093260,-58.541257,60,OSM:classe,1,40
-3.093244,-60.026386,60,OSM:classe,1,60
-3.093242,-60.024075,60,OSM:classe,1,60
-3.093216,-60.023390,60,OSM:classe,1,50
-3.093211,-60.013567,60,OSM:classe,1,50
-3.093194,-60.039410,60,OSM,0,
-3.093175,-60.052105,60,OSM:classe,1,60
-3.093175,-60.026689,40,OSM,0,
-3.093172,-60.029194,60,OSM,0,
-3.093171,-59.997770,60,OSM:classe,1,40
-3.093168,-60.023375,60,OSM:classe,1,60
-3.093163,-60.050944,40,OSM,0,
-3.093163,-60.021977,60,OSM,0,
-3.093131,-60.051876,40,OSM,0,
-3.093108,-59.989194,60,OSM:classe,1,50
-3.093095,-59.988508,40,OSM:classe,1,40
-3.093091,-60.027538,40,OSM,0,
-3.093080,-60.028234,40,OSM,0,
-3.093064,-59.902849,60,OSM,0,
-3.093055,-60.024243,40,OSM:classe,1,40
-3.093049,-59.989204,60,OSM,0,
-3.093018,-60.028528,60,OSM,0,
-3.093002,-60.050260,40,OSM,0,
-3.092975,-59.901968,60,OSM,0,
-3.092971,-60.059447,80,OSM:classe,1,60
-3.092949,-60.052043,60,OSM,0,
-3.092929,-60.027929,40,OSM,0,
-3.092894,-59.988020,60,OSM,0,
-3.092846,-60.049587,40,OSM,0,
-3.092843,-60.014435,60,OSM:classe,1,50
-3.092825,-60.052422,60,OSM:classe,1,60
-3.092818,-60.009345,60,OSM,0,
-3.092800,-59.989184,60,OSM,0,
-3.092744,-60.023725,60,OSM:classe,1,50
-3.092741,-59.988050,60,OSM:classe,1,60
-3.092729,-60.026522,80,OSM:classe,1,60
-3.092708,-59.997313,60,OSM:classe,1,40
-3.092690,-59.989700,60,OSM,0,
-3.092657,-60.816051,60,OSM:classe,1,50
-3.092649,-59.896220,60,OSM,0,
-3.092634,-59.988098,60,OSM:classe,1,60
-3.092624,-59.073670,80,OSM:classe,1,60
-3.092582,-60.024189,60,OSM:classe,1,50
-3.092580,-60.024108,60,OSM:classe,1,50
-3.092574,-60.014633,40,OSM:classe,1,40
-3.092541,-59.962699,40,OSM,0,
-3.092463,-59.989728,60,OSM,0,
-3.092434,-59.964063,40,OSM,0,
-3.092408,-59.997667,60,OSM:classe,1,40
-3.092383,-59.961685,40,OSM,0,
-3.092375,-59.989792,60,OSM,0,
-3.092373,-59.989259,60,OSM,0,
-3.092348,-59.988741,60,OSM,0,
-3.092344,-60.024189,60,OSM:classe,1,50
-3.092341,-59.988535,60,OSM,0,
-3.092339,-60.002799,60,OSM:classe,1,40
-3.092326,-59.990511,60,OSM,0,
-3.092325,-60.014868,40,OSM,0,
-3.092283,-60.036069,60,OSM,0,
-3.092259,-60.014081,40,OSM:classe,1,40
-3.092258,-60.024111,60,OSM:classe,1,50
-3.092244,-60.003176,60,OSM:classe,1,40
-3.092233,-60.046967,50,OSM,0,
-3.092216,-60.037029,60,OSM,0,
-3.092212,-59.991282,60,OSM,0,
-3.092206,-60.037097,60,OSM:classe,1,60
-3.092206,-60.015203,40,OSM,0,
-3.092200,-60.014891,60,OSM:classe,1,60
-3.092163,-60.013882,40,OSM,0,
-3.092152,-60.036275,40,OSM:classe,1,40
-3.092149,-60.037623,60,OSM,0,
-3.092136,-60.004733,60,OSM:classe,1,40
-3.092121,-59.988270,40,OSM:classe,1,40
-3.092106,-59.960993,40,OSM,0,
-3.092103,-60.015165,60,OSM:classe,1,60
-3.092088,-60.046370,50,OSM,0,
-3.092077,-59.971863,40,OSM,0,
-3.092075,-59.988248,60,OSM,0,
-3.092049,-58.537052,60,OSM:classe,1,40
-3.092010,-59.964445,40,OSM,0,
-3.092006,-67.944729,60,OSM:classe,1,40
-3.092004,-59.991069,60,OSM,0,
-3.092002,-60.013751,40,OSM:classe,1,40
-3.091978,-60.014402,40,OSM:classe,1,40
-3.091943,-60.059721,80,OSM:classe,1,60
-3.091917,-60.053070,60,OSM,0,
-3.091893,-59.991606,60,OSM,0,
-3.091857,-60.014522,60,OSM:classe,1,50
-3.091833,-60.037369,60,OSM,0,
-3.091808,-60.037366,40,OSM:classe,1,40
-3.091787,-59.988136,40,OSM:classe,1,40
-3.091756,-58.459293,60,OSM:classe,1,60
-3.091746,-60.036662,60,OSM,0,
-3.091720,-58.772374,60,OSM:classe,1,40
-3.091709,-60.024119,40,OSM:classe,1,40
-3.091664,-60.019898,60,OSM,0,
-3.091658,-60.024122,60,OSM:classe,1,50
-3.091641,-60.024226,40,OSM:classe,1,40
-3.091637,-59.991813,60,OSM,0,
-3.091629,-60.013343,60,OSM:classe,1,60
-3.091599,-60.023742,60,OSM:classe,1,50
-3.091559,-59.984362,40,OSM,0,
-3.091533,-59.992136,60,OSM,0,
-3.091519,-60.060361,80,OSM:classe,1,60
-3.091495,-60.036983,40,OSM:classe,1,40
-3.091476,-60.015023,40,OSM:classe,1,40
-3.091446,-60.001856,60,OSM:classe,1,40
-3.091410,-60.014834,60,OSM:classe,1,40
-3.091379,-59.966027,60,OSM:classe,1,40
-3.091366,-60.019393,60,OSM:classe,1,60
-3.091353,-60.014887,40,OSM:classe,1,40
-3.091324,-60.025190,30,OSM,0,
-3.091264,-60.015233,40,OSM:classe,1,40
-3.091243,-60.012399,40,OSM:classe,1,40
-3.091237,-60.002273,60,OSM:classe,1,40
-3.091165,-59.980843,60,OSM:classe,1,40
-3.091143,-60.015091,40,OSM:classe,1,40
-3.091087,-60.060576,40,OSM:classe,1,40
-3.091058,-60.044217,40,OSM:classe,1,40
-3.091057,-60.018310,60,OSM,0,
-3.091049,-59.992584,60,OSM:classe,1,40
-3.091004,-60.015383,60,OSM:classe,1,50
-3.090980,-59.961394,40,OSM,0,
-3.090965,-59.948617,40,OSM:classe,1,40
-3.090883,-59.942987,60,OSM:classe,1,40
-3.090882,-59.983424,40,OSM,0,
-3.090872,-59.987664,40,OSM:classe,1,40
-3.090870,-60.009247,60,OSM:classe,1,50
-3.090855,-59.964834,40,OSM,0,
-3.090766,-58.720358,60,OSM:classe,1,40
-3.090722,-60.009228,60,OSM:classe,1,40
-3.090716,-60.056297,60,OSM:classe,1,60
-3.090713,-59.984541,40,OSM,0,
-3.090709,-59.965209,60,OSM:classe,1,40
-3.090679,-60.008898,60,OSM:classe,1,40
-3.090665,-59.964931,60,OSM:classe,1,40
-3.090646,-60.015750,60,OSM:classe,1,50
-3.090630,-60.008960,40,OSM:classe,1,40
-3.090614,-60.056581,60,OSM:classe,1,60
-3.090602,-60.015796,60,OSM:classe,1,50
-3.090595,-59.964818,60,OSM:classe,1,40
-3.090580,-60.056261,40,OSM,0,
-3.090568,-59.964998,60,OSM:classe,1,40
-3.090554,-59.980882,60,OSM:classe,1,40
-3.090553,-59.987640,60,OSM:classe,1,50
-3.090504,-60.011255,40,OSM,0,
-3.090479,-60.056515,60,OSM,0,
-3.090462,-59.981127,60,OSM:classe,1,40
-3.090445,-60.057009,60,OSM:classe,1,60
-3.090397,-59.977622,60,OSM:classe,1,40
-3.090376,-60.039119,60,OSM:classe,1,40
-3.090364,-59.933176,60,OSM:classe,1,50
-3.090354,-59.992635,60,OSM:classe,1,40
-3.090336,-60.042578,50,OSM,0,
-3.090329,-60.011012,40,OSM,0,
-3.090283,-59.992894,60,OSM:classe,1,40
-3.090248,-58.992101,60,OSM:classe,1,40
-3.090241,-59.960481,40,OSM,0,
-3.090103,-60.000997,60,OSM:classe,1,40
-3.090092,-60.016179,60,OSM:classe,1,50
-3.090066,-60.015834,60,OSM:classe,1,50
-3.090055,-59.987311,60,OSM:classe,1,60
-3.089990,-60.044786,60,OSM:classe,1,40
-3.089963,-59.992412,60,OSM:classe,1,40
-3.089961,-60.819055,60,OSM:classe,1,50
-3.089947,-59.962317,40,OSM,0,
-3.089923,-59.961002,40,OSM,0,
-3.089919,-59.925896,60,OSM,0,
-3.089902,-67.945616,60,OSM:classe,1,40
-3.089889,-60.025038,30,OSM,0,
-3.089885,-60.001380,60,OSM:classe,1,40
-3.089884,-60.045050,60,OSM:classe,1,40
-3.089882,-59.992595,60,OSM:classe,1,40
-3.089863,-60.012653,60,OSM:classe,1,40
-3.089822,-59.987218,60,OSM:classe,1,60
-3.089794,-59.962401,40,OSM,0,
-3.089775,-60.009071,40,OSM:classe,1,40
-3.089748,-60.061302,80,OSM:classe,1,60
-3.089745,-60.009207,40,OSM:classe,1,40
-3.089734,-60.061122,80,OSM:classe,1,60
-3.089705,-59.926009,40,OSM:classe,1,40
-3.089698,-59.925953,40,OSM:classe,1,40
-3.089685,-59.987161,60,OSM:classe,1,60
-3.089682,-60.001734,60,OSM:classe,1,40
-3.089678,-60.009348,60,OSM,0,
-3.089578,-60.009357,60,OSM:classe,1,60
-3.089528,-60.008863,60,OSM,0,
-3.089484,-60.024200,60,OSM:classe,1,40
-3.089469,-60.008662,60,OSM,0,
-3.089465,-60.008934,60,OSM,0,
-3.089456,-60.040942,40,OSM:classe,1,40
-3.089436,-60.008831,40,OSM:classe,1,40
-3.089414,-60.008458,40,OSM,0,
-3.089412,-59.970594,40,OSM,0,
-3.089402,-60.059320,60,OSM,0,
-3.089389,-60.239222,60,OSM:classe,1,40
-3.089335,-60.012926,60,OSM:classe,1,40
-3.089285,-59.994842,60,OSM:classe,1,40
-3.089264,-60.023827,60,OSM:classe,1,40
-3.089259,-60.061175,60,OSM:classe,1,60
-3.089233,-67.947373,60,OSM:classe,1,40
-3.089193,-60.002576,60,OSM:classe,1,40
-3.089175,-59.948899,60,OSM:classe,1,60
-3.089139,-58.537505,60,OSM:classe,1,40
-3.089103,-60.012718,60,OSM:classe,1,40
-3.089044,-60.060515,80,OSM:classe,1,60
-3.089042,-59.949013,60,OSM:classe,1,60
-3.088975,-60.040031,40,OSM:classe,1,40
-3.088970,-59.986864,60,OSM,0,
-3.088926,-60.026691,80,OSM:classe,1,60
-3.088917,-60.039081,60,OSM:classe,1,40
-3.088901,-59.926500,60,OSM,0,
-3.088892,-59.962365,40,OSM,0,
-3.088887,-60.061729,80,OSM:classe,1,60
-3.088883,-60.061186,80,OSM:classe,1,60
-3.088880,-60.006757,60,OSM,0,
-3.088875,-59.894029,60,OSM,0,
-3.088854,-60.026553,80,OSM:classe,1,60
-3.088854,-59.076123,80,OSM:classe,1,60
-3.088841,-60.024315,60,OSM:classe,1,50
-3.088803,-59.930380,40,OSM:classe,1,40
-3.088800,-60.024202,60,OSM:classe,1,40
-3.088795,-58.769230,60,OSM:classe,1,40
-3.088784,-60.054910,60,OSM:classe,1,40
-3.088782,-60.018725,60,OSM,0,
-3.088754,-60.026690,80,OSM:classe,1,60
-3.088741,-60.060954,60,OSM:classe,1,60
-3.088710,-60.039531,40,OSM:classe,1,40
-3.088709,-60.054965,60,OSM:classe,1,40
-3.088706,-60.009120,40,OSM:classe,1,40
-3.088691,-59.968057,60,OSM:classe,1,40
-3.088690,-60.026557,40,OSM,0,
-3.088687,-60.051827,60,OSM:classe,1,40
-3.088687,-59.969224,40,OSM,0,
-3.088682,-60.052776,60,OSM:classe,1,40
-3.088680,-60.053005,60,OSM:classe,1,40
-3.088670,-59.981081,60,OSM:classe,1,40
-3.088640,-60.005981,60,OSM,0,
-3.088633,-60.023757,60,OSM:classe,1,40
-3.088608,-59.926629,60,OSM,0,
-3.088591,-60.045561,60,OSM:classe,1,40
-3.088577,-59.929791,60,OSM:classe,1,50
-3.088563,-60.039249,40,OSM:classe,1,40
-3.088549,-60.061367,80,OSM:classe,1,60
-3.088528,-59.929578,40,OSM:classe,1,40
-3.088498,-60.045647,40,OSM:classe,1,40
-3.088494,-60.021630,60,OSM:classe,1,40
-3.088483,-59.968080,60,OSM:classe,1,40
-3.088474,-59.929662,60,OSM:classe,1,50
-3.088460,-59.995860,60,OSM,0,
-3.088439,-59.991529,40,OSM:classe,1,40
-3.088376,-60.009103,60,OSM:classe,1,50
-3.088360,-59.949050,60,OSM:classe,1,40
-3.088344,-59.925835,40,OSM:classe,1,40
-3.088333,-59.927131,60,OSM,0,
-3.088317,-60.039472,40,OSM:classe,1,40
-3.088266,-60.039416,40,OSM:classe,1,40
-3.088236,-60.005690,40,OSM:classe,1,40
-3.088180,-59.946586,60,OSM:classe,1,40
-3.088167,-59.968581,60,OSM:classe,1,40
-3.088166,-60.061845,80,OSM:classe,1,60
-3.088119,-59.968123,60,OSM:classe,1,40
-3.088071,-60.005441,60,OSM,0,
-3.088013,-60.062129,80,OSM:classe,1,60
-3.087995,-60.019044,60,OSM,0,
-3.087969,-59.961980,40,OSM,0,
-3.087958,-59.927384,60,OSM,0,
-3.087932,-60.009073,60,OSM:classe,1,40
-3.087924,-60.018349,60,OSM:classe,1,50
-3.087896,-59.928590,40,OSM:classe,1,40
-3.087894,-60.019295,60,OSM,0,
-3.087847,-59.965746,40,OSM,0,
-3.087828,-59.949112,60,OSM:classe,1,40
-3.087784,-60.014137,60,OSM:classe,1,40
-3.087765,-60.037745,60,OSM:classe,1,40
-3.087752,-59.928242,40,OSM:classe,1,40
-3.087737,-59.927830,60,OSM,0,
-3.087643,-59.927752,60,OSM,0,
-3.087642,-67.951522,60,OSM:classe,1,40
-3.087631,-59.893790,60,OSM,0,
-3.087602,-59.965247,40,OSM,0,
-3.087597,-60.039824,40,OSM:classe,1,40
-3.087572,-60.009287,40,OSM:classe,1,40
-3.087550,-58.460547,60,OSM:classe,1,60
-3.087496,-67.953503,60,OSM:classe,1,40
-3.087475,-60.019031,60,OSM:classe,1,50
-3.087463,-60.019134,60,OSM:classe,1,40
-3.087445,-59.987175,60,OSM,0,
-3.087391,-59.928242,60,OSM,0,
-3.087368,-59.986353,60,OSM,0,
-3.087358,-60.017790,60,OSM:classe,1,40
-3.087354,-59.986207,60,OSM,0,
-3.087315,-60.018803,60,OSM:classe,1,40
-3.087305,-59.928171,60,OSM,0,
-3.087303,-59.962358,40,OSM,0,
-3.087299,-60.004403,60,OSM,0,
-3.087249,-59.928224,40,OSM:classe,1,40
-3.087242,-60.017904,60,OSM:classe,1,40
-3.087226,-59.986279,60,OSM:classe,1,50
-3.087225,-60.018311,60,OSM:classe,1,40
-3.087208,-60.013263,60,OSM:classe,1,50
-3.087198,-60.009014,60,OSM:classe,1,50
-3.087187,-60.017679,60,OSM:classe,1,40
-3.087064,-60.012469,60,OSM:classe,1,50
-3.087057,-60.026548,40,OSM,0,
-3.087047,-60.019543,60,OSM:classe,1,50
-3.087041,-60.017377,60,OSM:classe,1,40
-3.087039,-59.967552,40,OSM,0,
-3.087018,-60.024231,60,OSM:classe,1,40
-3.087016,-60.024328,40,OSM,0,
-3.087013,-60.019530,60,OSM:classe,1,50
-3.086986,-59.966985,40,OSM,0,
-3.086984,-60.017320,60,OSM:classe,1,40
-3.086981,-60.008994,60,OSM:classe,1,50
-3.086961,-60.019128,60,OSM:classe,1,50
-3.086950,-60.004311,60,OSM,0,
-3.086936,-60.017356,60,OSM:classe,1,40
-3.086931,-60.019262,60,OSM,0,
-3.086911,-60.017248,60,OSM:classe,1,40
-3.086904,-60.045580,40,OSM:classe,1,40
-3.086857,-67.946232,60,OSM:classe,1,40
-3.086824,-59.927012,40,OSM:classe,1,40
-3.086823,-59.964555,40,OSM,0,
-3.086808,-59.928929,60,OSM,0,
-3.086778,-59.988136,60,OSM,0,
-3.086744,-60.008980,60,OSM:classe,1,40
-3.086742,-59.925832,60,OSM:classe,1,50
-3.086739,-59.985884,60,OSM,0,
-3.086725,-59.928871,60,OSM,0,
-3.086685,-60.235767,60,OSM:classe,1,40
-3.086676,-59.989177,60,OSM:classe,1,50
-3.086650,-59.926620,40,OSM:classe,1,40
-3.086648,-59.997949,40,OSM,0,
-3.086624,-58.989435,60,OSM:classe,1,40
-3.086620,-60.035588,40,OSM:classe,1,40
-3.086606,-59.924079,40,OSM:classe,1,40
-3.086601,-60.017036,60,OSM:classe,1,40
-3.086601,-59.926212,60,OSM:classe,1,50
-3.086570,-59.998052,40,OSM,0,
-3.086560,-60.016996,60,OSM:classe,1,40
-3.086546,-60.062962,80,OSM:classe,1,60
-3.086510,-60.011677,60,OSM:classe,1,50
-3.086480,-60.016914,60,OSM:classe,1,40
-3.086476,-59.985382,60,OSM,0,
-3.086456,-59.990418,60,OSM:classe,1,40
-3.086412,-58.721041,60,OSM:classe,1,40
-3.086389,-59.950617,40,OSM:classe,1,40
-3.086386,-60.016834,60,OSM:classe,1,40
-3.086374,-59.990605,60,OSM:classe,1,40
-3.086365,-59.980012,60,OSM:classe,1,40
-3.086357,-59.997759,40,OSM,0,
-3.086300,-59.989555,60,OSM:classe,1,50
-3.086259,-59.990312,60,OSM:classe,1,40
-3.086245,-59.990412,40,OSM:classe,1,40
-3.086142,-59.929530,40,OSM:classe,1,40
-3.086113,-60.020361,60,OSM:classe,1,50
-3.086095,-59.929472,40,OSM:classe,1,40
-3.086094,-60.071385,80,OSM:classe,1,60
-3.086079,-59.984932,60,OSM,0,
-3.086066,-60.034515,40,OSM:classe,1,40
-3.086058,-60.034830,60,OSM:classe,1,40
-3.086017,-59.922334,60,OSM:classe,1,50
-3.086007,-59.976647,60,OSM:classe,1,40
-3.085973,-59.990382,60,OSM:classe,1,40
-3.085970,-59.929552,60,OSM,0,
-3.085922,-60.011309,60,OSM:classe,1,50
-3.085865,-60.016326,60,OSM:classe,1,40
-3.085860,-59.929726,60,OSM,0,
-3.085845,-60.068074,40,OSM:classe,1,40
-3.085791,-60.063265,60,OSM:classe,1,50
-3.085766,-60.069314,80,OSM:classe,1,60
-3.085751,-59.984161,40,OSM,0,
-3.085737,-60.072534,80,OSM:classe,1,60
-3.085711,-60.820528,60,OSM:classe,1,50
-3.085637,-60.032772,40,OSM:classe,1,40
-3.085623,-60.031922,40,OSM:classe,1,40
-3.085607,-60.030941,40,OSM:classe,1,40
-3.085607,-60.030655,40,OSM:classe,1,40
-3.085601,-60.051725,60,OSM:classe,1,40
-3.085595,-60.066915,80,OSM:classe,1,60
-3.085557,-60.029621,40,OSM:classe,1,40
-3.085533,-60.026671,80,OSM:classe,1,60
-3.085533,-60.026547,60,OSM:classe,1,40
-3.085524,-60.032000,40,OSM:classe,1,40
-3.085513,-60.031430,40,OSM:classe,1,40
-3.085505,-60.030458,60,OSM:classe,1,40
-3.085504,-60.030575,60,OSM:classe,1,40
-3.085502,-60.024584,60,OSM:classe,1,40
-3.085501,-60.024271,60,OSM:classe,1,50
-3.085499,-60.024366,60,OSM:classe,1,50
-3.085495,-60.063140,60,OSM:classe,1,50
-3.085454,-60.032301,40,OSM:classe,1,40
-3.085445,-59.951280,60,OSM:classe,1,60
-3.085435,-60.015928,60,OSM:classe,1,40
-3.085418,-59.982949,40,OSM,0,
-3.085314,-59.983005,40,OSM,0,
-3.085311,-59.951455,60,OSM:classe,1,60
-3.085297,-60.015735,60,OSM:classe,1,40
-3.085280,-60.024375,60,OSM,0,
-3.085276,-60.031903,40,OSM:classe,1,40
-3.085269,-59.983305,40,OSM,0,
-3.085248,-60.003514,60,OSM,0,
-3.085231,-60.003621,60,OSM,0,
-3.085216,-60.064845,80,OSM:classe,1,60
-3.085201,-59.997130,40,OSM,0,
-3.085164,-60.015661,60,OSM:classe,1,40
-3.085083,-59.078577,80,OSM:classe,1,60
-3.085079,-60.062936,60,OSM:classe,1,50
-3.085012,-59.983112,40,OSM,0,
-3.085010,-60.015502,60,OSM:classe,1,40
-3.084985,-60.073560,80,OSM:classe,1,60
-3.084839,-60.008868,60,OSM:classe,1,50
-3.084729,-59.981310,60,OSM,0,
-3.084713,-59.990641,60,OSM,0,
-3.084710,-60.041360,60,OSM:classe,1,40
-3.084696,-58.538198,60,OSM:classe,1,40
-3.084590,-60.000720,60,OSM,0,
-3.084590,-60.000572,60,OSM,0,
-3.084564,-59.980978,60,OSM,0,
-3.084536,-59.980666,60,OSM:classe,1,40
-3.084531,-60.015058,60,OSM:classe,1,40
-3.084496,-60.008838,60,OSM:classe,1,50
-3.084487,-59.988663,40,OSM,0,
-3.084439,-59.981036,60,OSM,0,
-3.084361,-60.009138,60,OSM:classe,1,50
-3.084335,-60.002231,60,OSM,0,
-3.084333,-58.768675,60,OSM:classe,1,40
-3.084310,-60.001696,60,OSM,0,
-3.084244,-59.997558,40,OSM,0,
-3.084242,-59.980131,60,OSM,0,
-3.084239,-60.001368,60,OSM,0,
-3.084231,-59.989891,60,OSM,0,
-3.084134,-59.980205,60,OSM:classe,1,40
-3.084121,-59.979646,60,OSM,0,
-3.084108,-59.891912,60,OSM:classe,1,40
-3.084056,-60.014612,60,OSM:classe,1,40
-3.084041,-60.051586,60,OSM:classe,1,40
-3.084012,-60.047083,60,OSM:classe,1,40
-3.084002,-60.045578,60,OSM:classe,1,40
-3.083966,-60.045520,60,OSM:classe,1,40
-3.083927,-60.031307,40,OSM:classe,1,40
-3.083925,-59.979358,60,OSM,0,
-3.083903,-60.045574,60,OSM:classe,1,40
-3.083902,-60.013289,60,OSM:classe,1,40
-3.083871,-60.045520,60,OSM:classe,1,40
-3.083866,-60.050077,60,OSM:classe,1,40
-3.083860,-60.050731,60,OSM:classe,1,40
-3.083844,-59.891845,60,OSM:classe,1,40
-3.083837,-59.983332,40,OSM,0,
-3.083832,-60.013383,60,OSM:classe,1,40
-3.083816,-59.978972,60,OSM:classe,1,40
-3.083805,-60.013324,60,OSM:classe,1,40
-3.083770,-59.989483,60,OSM,0,
-3.083760,-59.997427,40,OSM,0,
-3.083737,-59.918558,60,OSM:classe,1,50
-3.083680,-59.991147,20,OSM,0,
-3.083624,-60.044024,60,OSM:classe,1,40
-3.083618,-60.014205,60,OSM:classe,1,40
-3.083607,-59.991730,60,OSM,0,
-3.083586,-59.986375,40,OSM,0,
-3.083578,-60.031310,60,OSM:classe,1,40
-3.083568,-60.044994,60,OSM:classe,1,40
-3.083531,-59.978751,60,OSM,0,
-3.083484,-60.062170,60,OSM:classe,1,50
-3.083483,-59.978548,60,OSM,0,
-3.083463,-60.036567,60,OSM:classe,1,40
-3.083461,-60.013462,60,OSM:classe,1,40
-3.083450,-59.989522,60,OSM,0,
-3.083444,-60.013410,60,OSM:classe,1,40
-3.083437,-60.074736,80,OSM:classe,1,60
-3.083424,-60.074615,40,OSM:classe,1,40
-3.083411,-60.014018,60,OSM:classe,1,40
-3.083373,-60.050813,60,OSM:classe,1,40
-3.083354,-60.035945,60,OSM:classe,1,40
-3.083336,-60.043478,60,OSM:classe,1,40
-3.083301,-59.998004,40,OSM,0,
-3.083287,-60.013498,60,OSM:classe,1,40
-3.083283,-60.022874,60,OSM,0,
-3.083283,-60.013445,60,OSM:classe,1,40
-3.083259,-60.013881,60,OSM:classe,1,40
-3.083234,-58.461541,60,OSM:classe,1,60
-3.083168,-60.036585,60,OSM:classe,1,40
-3.083140,-60.006307,60,OSM:classe,1,50
-3.083137,-60.035949,60,OSM:classe,1,40
-3.083110,-60.006355,60,OSM:classe,1,50
-3.083096,-60.013576,60,OSM:classe,1,40
-3.083070,-60.013481,60,OSM:classe,1,40
-3.083067,-59.998312,40,OSM,0,
-3.083058,-60.035949,60,OSM:classe,1,40
-3.083025,-60.074851,40,OSM:classe,1,40
-3.083007,-59.989929,20,OSM,0,
-3.082913,-60.037293,60,OSM:classe,1,40
-3.082879,-58.986960,60,OSM:classe,1,40
-3.082815,-60.042358,60,OSM:classe,1,40
-3.082808,-60.023415,60,OSM,0,
-3.082804,-59.989545,60,OSM,0,
-3.082782,-60.013679,60,OSM:classe,1,40
-3.082753,-60.042391,60,OSM:classe,1,40
-3.082718,-67.947033,60,OSM:classe,1,40
-3.082694,-60.234255,60,OSM:classe,1,40
-3.082666,-60.074944,80,OSM:classe,1,60
-3.082665,-60.074797,40,OSM:classe,1,40
-3.082613,-58.719518,60,OSM:classe,1,40
-3.082600,-59.983542,40,OSM,0,
-3.082579,-60.013554,60,OSM:classe,1,40
-3.082553,-59.986296,40,OSM,0,
-3.082545,-60.026540,40,OSM,0,
-3.082511,-60.050024,60,OSM:classe,1,40
-3.082481,-59.980006,40,OSM,0,
-3.082481,-59.931532,60,OSM,0,
-3.082407,-60.045573,40,OSM:classe,1,40
-3.082387,-59.981119,40,OSM,0,
-3.082378,-60.038166,60,OSM:classe,1,40
-3.082353,-60.049520,60,OSM:classe,1,40
-3.082346,-60.042619,60,OSM:classe,1,40
-3.082328,-59.986116,40,OSM,0,
-3.082321,-59.983587,40,OSM,0,
-3.082276,-60.075057,80,OSM:classe,1,60
-3.082273,-60.045572,60,OSM:classe,1,40
-3.082190,-60.013657,60,OSM:classe,1,40
-3.082184,-60.040570,60,OSM:classe,1,40
-3.082157,-59.981285,40,OSM,0,
-3.082126,-60.013616,60,OSM:classe,1,40
-3.082123,-60.075562,40,OSM:classe,1,40
-3.082072,-60.042807,60,OSM:classe,1,40
-3.082051,-60.013653,60,OSM:classe,1,40
-3.082015,-59.982130,40,OSM,0,
-3.081961,-60.047255,60,OSM:classe,1,40
-3.081955,-60.013657,60,OSM:classe,1,40
-3.081942,-59.980771,40,OSM,0,
-3.081906,-60.012116,60,OSM:classe,1,40
-3.081905,-59.974168,20,OSM,0,
-3.081904,-60.046923,60,OSM:classe,1,40
-3.081884,-59.979950,40,OSM,0,
-3.081871,-59.954013,60,OSM:classe,1,60
-3.081865,-60.026529,20,OSM,0,
-3.081821,-60.030937,60,OSM:classe,1,40
-3.081791,-59.981642,40,OSM,0,
-3.081781,-60.023973,60,OSM,0,
-3.081778,-60.026716,60,OSM,0,
-3.081776,-59.954238,60,OSM:classe,1,60
-3.081713,-59.981468,40,OSM,0,
-3.081705,-59.980252,40,OSM,0,
-3.081649,-59.982281,40,OSM,0,
-3.081600,-60.013693,60,OSM:classe,1,40
-3.081595,-60.023897,40,OSM,0,
-3.081504,-60.043300,60,OSM:classe,1,40
-3.081491,-59.980963,40,OSM,0,
-3.081462,-60.822000,60,OSM:classe,1,50
-3.081451,-59.981787,40,OSM,0,
-3.081430,-60.013706,60,OSM:classe,1,40
-3.081317,-59.992384,20,OSM,0,
-3.081312,-59.081031,80,OSM:classe,1,60
-3.081268,-60.024469,60,OSM,0,
-3.081267,-59.980431,40,OSM,0,
-3.081263,-60.006576,60,OSM:classe,1,50
-3.081236,-60.024376,60,OSM:classe,1,50
-3.081197,-59.932202,60,OSM,0,
-3.081183,-60.013659,60,OSM:classe,1,40
-3.081171,-60.030930,60,OSM:classe,1,40
-3.081110,-60.010568,60,OSM:classe,1,40
-3.081107,-60.051576,60,OSM:classe,1,40
-3.081102,-59.980051,40,OSM,0,
-3.081050,-59.914965,60,OSM:classe,1,50
-3.081033,-60.024414,60,OSM,0,
-3.080960,-60.043905,60,OSM:classe,1,40
-3.080959,-60.042392,60,OSM:classe,1,40
-3.080890,-60.006638,60,OSM:classe,1,50
-3.080882,-60.006599,60,OSM:classe,1,50
-3.080827,-60.010093,60,OSM:classe,1,40
-3.080818,-60.013425,60,OSM:classe,1,40
-3.080771,-60.062845,60,OSM:classe,1,40
-3.080771,-60.042819,60,OSM:classe,1,40
-3.080756,-60.043886,60,OSM:classe,1,40
-3.080688,-60.043511,60,OSM:classe,1,40
-3.080687,-60.024301,60,OSM,0,
-3.080664,-60.062885,60,OSM:classe,1,50
-3.080656,-59.994950,40,OSM,0,
-3.080632,-59.976491,60,OSM,0,
-3.080624,-59.990970,20,OSM,0,
-3.080610,-60.043103,60,OSM:classe,1,40
-3.080590,-59.990558,20,OSM,0,
-3.080556,-60.026688,60,OSM:classe,1,40
-3.080553,-59.992909,40,OSM,0,
-3.080529,-60.006855,60,OSM:classe,1,50
-3.080519,-59.976531,60,OSM,0,
-3.080491,-60.031619,60,OSM:classe,1,40
-3.080491,-59.992494,40,OSM,0,
-3.080477,-60.001156,40,OSM,0,
-3.080474,-60.026863,60,OSM,0,
-3.080468,-60.040469,60,OSM:classe,1,40
-3.080450,-59.990620,60,OSM,0,
-3.080448,-60.026501,40,OSM,0,
-3.080349,-60.038478,60,OSM:classe,1,40
-3.080349,-60.007026,60,OSM:classe,1,40
-3.080328,-60.037997,60,OSM:classe,1,40
-3.080327,-60.044573,60,OSM:classe,1,40
-3.080325,-60.031881,60,OSM:classe,1,40
-3.080315,-59.971301,60,OSM:classe,1,40
-3.080305,-60.037358,60,OSM:classe,1,40
-3.080297,-60.037496,60,OSM:classe,1,40
-3.080290,-60.031514,60,OSM:classe,1,40
-3.080283,-60.031294,60,OSM:classe,1,40
-3.080283,-59.972595,60,OSM:classe,1,40
-3.080272,-60.026478,80,OSM:classe,1,60
-3.080265,-60.030709,60,OSM:classe,1,40
-3.080264,-60.036658,60,OSM:classe,1,40
-3.080263,-59.973137,60,OSM:classe,1,40
-3.080253,-58.538890,60,OSM:classe,1,40
-3.080249,-59.993294,40,OSM,0,
-3.080244,-60.030371,60,OSM:classe,1,40
-3.080239,-60.024448,60,OSM,0,
-3.080231,-60.035985,60,OSM:classe,1,40
-3.080223,-60.026637,20,OSM,0,
-3.080208,-59.990570,40,OSM,0,
-3.080200,-60.035278,60,OSM:classe,1,40
-3.080196,-60.001792,40,OSM,0,
-3.080194,-59.990784,40,OSM,0,
-3.080193,-60.032343,60,OSM:classe,1,40
-3.080184,-60.029873,60,OSM:classe,1,40
-3.080183,-60.026724,40,OSM,0,
-3.080179,-60.024614,60,OSM,0,
-3.080175,-60.027396,60,OSM:classe,1,40
-3.080173,-60.031469,60,OSM:classe,1,40
-3.080169,-60.031289,60,OSM:classe,1,40
-3.080121,-60.044818,60,OSM:classe,1,40
-3.080092,-59.934002,60,OSM,0,
-3.080075,-60.026560,20,OSM,0,
-3.080061,-60.049483,60,OSM:classe,1,40
-3.080054,-59.991617,40,OSM,0,
-3.080035,-67.943604,60,OSM:classe,1,40
-3.080001,-59.975809,60,OSM,0,
-3.079976,-60.024443,60,OSM,0,
-3.079939,-59.974756,20,OSM,0,
-3.079902,-59.974382,20,OSM,0,
-3.079898,-59.975857,60,OSM,0,
-3.079896,-59.974323,20,OSM,0,
-3.079870,-58.768120,60,OSM:classe,1,40
-3.079835,-60.001745,40,OSM,0,
-3.079778,-60.057302,60,OSM:classe,1,40
-3.079756,-59.998325,60,OSM,0,
-3.079745,-60.063771,60,OSM:classe,1,50
-3.079737,-60.002662,60,OSM:classe,1,40
-3.079715,-59.974401,20,OSM,0,
-3.079708,-60.024834,60,OSM,0,
-3.079689,-59.974058,20,OSM,0,
-3.079669,-60.001101,40,OSM,0,
-3.079618,-59.991022,40,OSM,0,
-3.079618,-59.988796,40,OSM,0,
-3.079616,-60.077110,80,OSM:classe,1,60
-3.079598,-59.975465,60,OSM,0,
-3.079586,-59.993561,60,OSM,0,
-3.079584,-59.976152,40,OSM,0,
-3.079557,-59.977025,40,OSM,0,
-3.079513,-60.058632,60,OSM:classe,1,40
-3.079497,-60.024450,60,OSM,0,
-3.079495,-59.991455,40,OSM,0,
-3.079492,-59.975259,60,OSM,0,
-3.079464,-59.977817,40,OSM,0,
-3.079461,-59.975336,60,OSM,0,
-3.079438,-60.001083,40,OSM,0,
-3.079424,-59.988174,40,OSM,0,
-3.079419,-59.981032,40,OSM,0,
-3.079412,-60.003618,60,OSM:classe,1,40
-3.079411,-59.984107,40,OSM,0,
-3.079386,-60.023894,60,OSM:classe,1,40
-3.079350,-59.974436,20,OSM,0,
-3.079331,-59.974372,20,OSM,0,
-3.079323,-58.463763,60,OSM:classe,1,60
-3.079322,-60.023492,60,OSM:classe,1,40
-3.079317,-59.974877,30,OSM,0,
-3.079300,-59.993595,60,OSM:classe,1,50
-3.079233,-60.024996,60,OSM,0,
-3.079228,-59.974741,60,OSM,0,
-3.079213,-60.001061,40,OSM,0,
-3.079162,-59.974303,60,OSM,0,
-3.079112,-60.046050,60,OSM:classe,1,40
-3.079106,-59.991560,60,OSM,0,
-3.079101,-59.935661,60,OSM,0,
-3.079095,-60.002322,40,OSM,0,
-3.079081,-59.984171,40,OSM,0,
-3.079076,-59.974939,40,OSM,0,
-3.079051,-59.935599,60,OSM,0,
-3.079023,-59.986862,40,OSM,0,
-3.079017,-60.022080,60,OSM:classe,1,40
-3.078999,-59.989309,40,OSM,0,
-3.078971,-59.990623,40,OSM,0,
-3.078961,-59.991249,40,OSM,0,
-3.078953,-59.912855,60,OSM:classe,1,50
-3.078952,-60.046342,60,OSM:classe,1,40
-3.078945,-59.974212,30,OSM,0,
-3.078931,-58.984804,60,OSM:classe,1,40
-3.078907,-59.981049,40,OSM,0,
-3.078887,-59.971264,60,OSM:classe,1,40
-3.078880,-60.026695,80,OSM:classe,1,60
-3.078878,-59.084717,80,OSM:classe,1,60
-3.078868,-59.974241,60,OSM,0,
-3.078848,-60.002181,60,OSM:classe,1,40
-3.078820,-59.970245,60,OSM:classe,1,40
-3.078783,-59.974301,40,OSM,0,
-3.078780,-60.046047,60,OSM:classe,1,40
-3.078767,-58.717491,60,OSM:classe,1,40
-3.078727,-60.057454,60,OSM:classe,1,40
-3.078704,-59.974348,60,OSM,0,
-3.078674,-60.045870,60,OSM:classe,1,40
-3.078674,-59.986944,40,OSM,0,
-3.078647,-59.978738,40,OSM,0,
-3.078647,-59.974247,40,OSM,0,
-3.078638,-60.046797,60,OSM:classe,1,40
-3.078635,-60.024482,60,OSM,0,
-3.078620,-60.041374,60,OSM:classe,1,40
-3.078618,-60.047416,60,OSM:classe,1,40
-3.078610,-59.993605,60,OSM:classe,1,50
-3.078609,-59.986172,40,OSM,0,
-3.078596,-60.077614,80,OSM:classe,1,60
-3.078591,-60.048157,60,OSM:classe,1,40
-3.078568,-60.012176,60,OSM:classe,1,40
-3.078544,-59.975077,40,OSM,0,
-3.078537,-60.049460,60,OSM:classe,1,40
-3.078527,-60.050503,60,OSM:classe,1,40
-3.078527,-59.984283,40,OSM,0,
-3.078522,-60.009073,60,OSM:classe,1,50
-3.078520,-60.050788,60,OSM:classe,1,40
-3.078460,-59.983069,40,OSM,0,
-3.078426,-60.024492,40,OSM:classe,1,40
-3.078418,-60.008956,60,OSM:classe,1,50
-3.078413,-60.055349,60,OSM:classe,1,40
-3.078411,-60.055290,60,OSM:classe,1,40
-3.078402,-60.011971,60,OSM:classe,1,40
-3.078379,-59.984358,40,OSM,0,
-3.078357,-60.036879,60,OSM:classe,1,40
-3.078347,-60.025247,40,OSM:classe,1,40
-3.078342,-59.973715,60,OSM:classe,1,40
-3.078341,-60.036597,60,OSM:classe,1,40
-3.078225,-60.024335,30,OSM,0,
-3.078189,-60.008693,60,OSM:classe,1,50
-3.078176,-60.011930,60,OSM:classe,1,40
-3.078145,-60.017662,60,OSM:classe,1,40
-3.078129,-60.017578,60,OSM:classe,1,40
-3.078108,-60.824690,60,OSM:classe,1,50
-3.078089,-59.973735,60,OSM,0,
-3.078061,-60.049445,60,OSM:classe,1,40
-3.078014,-60.008538,60,OSM:classe,1,40
-3.078010,-59.986259,40,OSM,0,
-3.078005,-60.009067,60,OSM:classe,1,50
-3.077969,-59.973515,60,OSM,0,
-3.077948,-59.991755,60,OSM,0,
-3.077940,-59.955923,60,OSM:classe,1,60
-3.077921,-60.008527,60,OSM:classe,1,50
-3.077900,-59.936665,60,OSM,0,
-3.077896,-59.997943,60,OSM,0,
-3.077890,-59.979222,40,OSM,0,
-3.077874,-59.936570,60,OSM,0,
-3.077859,-60.011971,60,OSM:classe,1,40
-3.077858,-60.007844,60,OSM:classe,1,40
-3.077857,-59.978027,40,OSM,0,
-3.077819,-59.956063,60,OSM:classe,1,60
-3.077811,-59.955932,60,OSM:classe,1,60
-3.077800,-60.008002,60,OSM:classe,1,40
-3.077793,-59.985523,40,OSM,0,
-3.077763,-60.015811,60,OSM:classe,1,40
-3.077757,-60.009586,60,OSM:classe,1,50
-3.077739,-59.975190,40,OSM,0,
-3.077738,-60.009453,60,OSM:classe,1,50
-3.077717,-59.979918,40,OSM,0,
-3.077685,-60.008456,60,OSM:classe,1,50
-3.077679,-60.024512,30,OSM,0,
-3.077662,-60.008823,60,OSM:classe,1,50
-3.077546,-60.014898,60,OSM:classe,1,40
-3.077467,-59.956089,40,OSM:classe,1,40
-3.077426,-59.986350,40,OSM,0,
-3.077420,-60.013362,60,OSM:classe,1,40
-3.077398,-60.013537,60,OSM:classe,1,40
-3.077395,-59.978472,40,OSM,0,
-3.077394,-60.014513,60,OSM:classe,1,40
-3.077365,-60.013794,60,OSM:classe,1,40
-3.077355,-60.013860,60,OSM:classe,1,40
-3.077335,-60.013961,60,OSM:classe,1,40
-3.077270,-59.991814,60,OSM:classe,1,50
-3.077238,-59.956102,40,OSM:classe,1,40
-3.077226,-60.024515,30,OSM,0,
-3.077158,-58.667508,60,OSM:classe,1,60
-3.077152,-59.931603,60,OSM:classe,1,40
-3.077146,-59.956006,60,OSM:classe,1,60
-3.077144,-59.955948,60,OSM:classe,1,60
-3.077139,-60.058978,60,OSM:classe,1,40
-3.077087,-60.084405,80,OSM:classe,1,60
-3.077053,-59.914815,60,OSM:classe,1,40
-3.076980,-67.940426,60,OSM:classe,1,40
-3.076978,-59.975321,40,OSM,0,
-3.076976,-59.993375,60,OSM,0,
-3.076944,-59.973244,40,OSM,0,
-3.076941,-59.978938,40,OSM,0,
-3.076881,-59.088752,80,OSM:classe,1,60
-3.076827,-59.983157,40,OSM,0,
-3.076814,-60.085111,60,OSM:classe,1,40
-3.076780,-58.663021,60,OSM:classe,1,60
-3.076768,-60.085420,80,OSM:classe,1,60
-3.076766,-60.041652,60,OSM:classe,1,40
-3.076741,-60.041211,60,OSM:classe,1,40
-3.076717,-59.981197,40,OSM,0,
-3.076705,-60.045181,60,OSM:classe,1,40
-3.076669,-59.956087,40,OSM:classe,1,40
-3.076655,-60.019490,30,OSM,0,
-3.076646,-60.049428,60,OSM:classe,1,40
-3.076635,-60.050465,60,OSM:classe,1,40
-3.076631,-58.671898,60,OSM:classe,1,60
-3.076613,-60.051426,60,OSM:classe,1,40
-3.076591,-60.024533,60,OSM,0,
-3.076574,-60.037771,60,OSM:classe,1,40
-3.076514,-59.979321,40,OSM,0,
-3.076505,-59.993263,60,OSM:classe,1,40
-3.076495,-59.930233,60,OSM:classe,1,40
-3.076487,-60.036715,60,OSM:classe,1,40
-3.076434,-59.994939,60,OSM:classe,1,40
-3.076431,-59.956070,40,OSM:classe,1,40
-3.076403,-58.658533,60,OSM:classe,1,60
-3.076385,-59.997007,60,OSM:classe,1,40
-3.076365,-60.020357,30,OSM,0,
-3.076360,-59.978347,40,OSM,0,
-3.076353,-59.996300,60,OSM:classe,1,40
-3.076333,-60.080036,80,OSM:classe,1,60
-3.076259,-59.957599,40,OSM:classe,1,40
-3.076221,-59.957827,40,OSM:classe,1,40
-3.076203,-59.957760,60,OSM:classe,1,60
-3.076170,-60.049415,60,OSM:classe,1,40
-3.076143,-60.026533,80,OSM:classe,1,60
-3.076140,-59.999042,60,OSM:classe,1,40
-3.076132,-59.956185,40,OSM:classe,1,40
-3.076113,-60.081072,80,OSM:classe,1,60
-3.076080,-59.978615,40,OSM,0,
-3.076072,-59.956244,40,OSM:classe,1,40
-3.076053,-59.972777,60,OSM,0,
-3.076038,-59.955779,40,OSM:classe,1,40
-3.076026,-58.654046,60,OSM:classe,1,60
-3.076023,-59.992016,60,OSM:classe,1,50
-3.076006,-59.975429,40,OSM,0,
-3.076001,-60.016141,30,OSM,0,
-3.075914,-59.974773,40,OSM,0,
-3.075898,-59.952198,60,OSM,0,
-3.075845,-59.992990,40,OSM:classe,1,40
-3.075809,-58.539582,60,OSM:classe,1,40
-3.075807,-59.974121,40,OSM,0,
-3.075780,-59.975454,40,OSM,0,
-3.075777,-59.979435,40,OSM,0,
-3.075766,-59.955615,60,OSM,0,
-3.075740,-59.983215,40,OSM,0,
-3.075735,-60.026042,60,OSM:classe,1,50
-3.075721,-60.049405,60,OSM:classe,1,40
-3.075710,-60.828499,60,OSM:classe,1,50
-3.075706,-60.053026,60,OSM:classe,1,40
-3.075705,-60.052941,60,OSM:classe,1,40
-3.075703,-59.956093,60,OSM:classe,1,50
-3.075701,-60.048445,60,OSM:classe,1,40
-3.075691,-59.973451,40,OSM,0,
-3.075681,-60.064524,60,OSM:classe,1,50
-3.075653,-59.981265,40,OSM,0,
-3.075648,-58.649559,60,OSM:classe,1,60
-3.075610,-59.951212,60,OSM,0,
-3.075605,-60.043943,60,OSM:classe,1,40
-3.075576,-59.955491,60,OSM,0,
-3.075548,-59.952010,60,OSM,0,
-3.075521,-60.026648,40,OSM:classe,1,40
-3.075498,-59.960241,60,OSM:classe,1,60
-3.075485,-59.954566,60,OSM,0,
-3.075474,-59.975646,40,OSM,0,
-3.075474,-59.954026,60,OSM,0,
-3.075456,-59.979220,40,OSM,0,
-3.075454,-59.982629,40,OSM,0,
-3.075448,-59.956176,60,OSM:classe,1,60
-3.075419,-60.059785,60,OSM:classe,1,40
-3.075412,-58.465985,60,OSM:classe,1,60
-3.075410,-59.981916,40,OSM,0,
-3.075408,-58.767564,60,OSM:classe,1,40
-3.075407,-59.953565,60,OSM,0,
-3.075404,-60.057519,60,OSM:classe,1,40
-3.075390,-59.953783,20,OSM,0,
-3.075323,-59.955541,60,OSM,0,
-3.075279,-59.975439,40,OSM,0,
-3.075241,-59.954021,20,OSM,0,
-3.075233,-59.955611,40,OSM:classe,1,40
-3.075229,-59.951086,60,OSM,0,
-3.075196,-59.954878,20,OSM,0,
-3.075178,-59.954344,20,OSM,0,
-3.075176,-59.953831,20,OSM,0,
-3.075134,-59.955280,20,OSM,0,
-3.075091,-59.954864,20,OSM,0,
-3.075068,-59.961534,60,OSM:classe,1,60
-3.075057,-59.950696,60,OSM,0,
-3.075054,-59.976042,40,OSM,0,
-3.075050,-60.026536,80,OSM:classe,1,60
-3.075050,-60.008902,60,OSM:classe,1,50
-3.075022,-59.955261,20,OSM,0,
-3.075018,-59.955378,20,OSM,0,
-3.075010,-59.973535,40,OSM,0,
-3.074984,-58.982647,60,OSM:classe,1,40
-3.074975,-59.976138,40,OSM,0,
-3.074970,-59.953786,20,OSM,0,
-3.074959,-59.962361,60,OSM:classe,1,60
-3.074942,-59.961525,60,OSM:classe,1,60
-3.074936,-59.962542,60,OSM:classe,1,60
-3.074912,-59.980354,40,OSM,0,
-3.074911,-60.026098,60,OSM,0,
-3.074884,-59.092786,80,OSM:classe,1,60
-3.074849,-59.955403,20,OSM,0,
-3.074834,-59.955996,40,OSM:classe,1,40
-3.074805,-59.979721,40,OSM,0,
-3.074790,-60.049377,60,OSM:classe,1,40
-3.074757,-59.992145,60,OSM:classe,1,50
-3.074751,-59.955808,60,OSM:classe,1,60
-3.074743,-59.955873,60,OSM:classe,1,60
-3.074729,-59.981010,40,OSM,0,
-3.074715,-60.026525,40,OSM:classe,1,40
-3.074709,-59.911600,60,OSM:classe,1,50
-3.074707,-59.975723,40,OSM,0,
-3.074701,-58.675965,60,OSM:classe,1,60
-3.074686,-59.975520,40,OSM,0,
-3.074686,-58.645192,60,OSM:classe,1,60
-3.074671,-59.955638,20,OSM,0,
-3.074670,-59.926437,60,OSM:classe,1,40
-3.074635,-60.088009,40,OSM:classe,1,40
-3.074615,-59.972371,60,OSM,0,
-3.074601,-59.976510,40,OSM,0,
-3.074587,-59.955259,20,OSM,0,
-3.074581,-59.972154,60,OSM,0,
-3.074565,-60.087938,80,OSM:classe,1,60
-3.074502,-59.966850,60,OSM,0,
-3.074486,-59.965753,40,OSM:classe,1,40
-3.074471,-59.966003,60,OSM:classe,1,60
-3.074470,-59.967332,40,OSM:classe,1,40
-3.074437,-59.955590,20,OSM,0,
-3.074437,-58.716318,60,OSM:classe,1,40
-3.074429,-59.966401,60,OSM,0,
-3.074387,-59.973630,40,OSM,0,
-3.074384,-60.026593,80,OSM:classe,1,60
-3.074372,-60.026521,80,OSM:classe,1,60
-3.074370,-60.059440,60,OSM:classe,1,40
-3.074358,-59.955652,40,OSM:classe,1,40
-3.074339,-60.049381,60,OSM:classe,1,40
-3.074332,-59.969977,60,OSM:classe,1,40
-3.074311,-59.955556,40,OSM:classe,1,40
-3.074257,-59.955709,60,OSM:classe,1,60
-3.074250,-60.007609,60,OSM:classe,1,50
-3.074149,-60.025042,60,OSM,0,
-3.074147,-59.971904,60,OSM,0,
-3.074146,-59.976955,40,OSM,0,
-3.074135,-59.971403,60,OSM,0,
-3.074117,-60.001065,60,OSM:classe,1,40
-3.074092,-60.026249,60,OSM:classe,1,50
-3.074053,-59.971678,60,OSM:classe,1,50
-3.074042,-59.955810,40,OSM:classe,1,40
-3.074016,-59.971241,60,OSM,0,
-3.073976,-59.991753,40,OSM,0,
-3.073920,-59.981123,40,OSM,0,
-3.073914,-60.088787,80,OSM:classe,1,60
-3.073907,-60.025273,60,OSM,0,
-3.073898,-60.026991,60,OSM:classe,1,50
-3.073893,-60.040728,60,OSM:classe,1,40
-3.073891,-60.049375,60,OSM:classe,1,40
-3.073889,-60.026393,60,OSM:classe,1,50
-3.073887,-60.027615,60,OSM:classe,1,50
-3.073863,-60.062919,60,OSM:classe,1,50
-3.073862,-60.040823,60,OSM:classe,1,50
-3.073852,-60.036857,60,OSM:classe,1,40
-3.073850,-59.971863,60,OSM:classe,1,50
-3.073849,-60.029111,60,OSM:classe,1,50
-3.073845,-60.029603,60,OSM:classe,1,50
-3.073844,-60.029453,60,OSM:classe,1,50
-3.073832,-59.975786,40,OSM,0,
-3.073829,-60.026032,60,OSM:classe,1,50
-3.073829,-60.025843,60,OSM,0,
-3.073828,-60.088711,80,OSM:classe,1,60
-3.073818,-59.955583,60,OSM:classe,1,60
-3.073817,-60.032133,60,OSM:classe,1,50
-3.073813,-60.026358,60,OSM:classe,1,50
-3.073812,-59.978972,40,OSM,0,
-3.073791,-59.990312,40,OSM,0,
-3.073759,-60.035851,60,OSM:classe,1,50
-3.073759,-60.035382,60,OSM:classe,1,40
-3.073758,-60.035303,60,OSM:classe,1,50
-3.073740,-60.036992,60,OSM:classe,1,50
-3.073739,-60.036863,60,OSM:classe,1,50
-3.073730,-57.559176,60,OSM:classe,1,40
-3.073706,-60.038875,60,OSM:classe,1,50
-3.073705,-60.062762,60,OSM:classe,1,40
-3.073684,-60.026500,80,OSM:classe,1,60
-3.073672,-59.955634,40,OSM:classe,1,40
-3.073606,-60.026591,80,OSM:classe,1,60
-3.073597,-59.955476,60,OSM,0,
-3.073594,-60.062652,60,OSM:classe,1,50
-3.073582,-59.980545,40,OSM,0,
-3.073539,-59.987472,40,OSM,0,
-3.073534,-60.026661,40,OSM:classe,1,40
-3.073502,-59.991989,40,OSM,0,
-3.073488,-59.979929,40,OSM,0,
-3.073448,-60.049381,60,OSM:classe,1,40
-3.073434,-60.008505,60,OSM:classe,1,50
-3.073409,-59.978308,40,OSM,0,
-3.073402,-60.059400,60,OSM:classe,1,40
-3.073394,-59.978242,40,OSM,0,
-3.073393,-59.977725,40,OSM,0,
-3.073365,-59.955493,60,OSM:classe,1,60
-3.073363,-59.975683,40,OSM,0,
-3.073312,-60.832308,60,OSM:classe,1,50
-3.073308,-59.976095,40,OSM,0,
-3.073306,-60.026208,80,OSM:classe,1,60
-3.073211,-60.026125,40,OSM:classe,1,40
-3.073161,-59.992637,60,OSM,0,
-3.073092,-60.062270,40,OSM:classe,1,40
-3.073047,-59.973824,40,OSM,0,
-3.072999,-60.049367,60,OSM:classe,1,40
-3.072978,-59.991738,40,OSM,0,
-3.072935,-59.987400,40,OSM,0,
-3.072922,-59.991885,60,OSM,0,
-3.072887,-60.061941,60,OSM:classe,1,50
-3.072887,-59.096821,80,OSM:classe,1,60
-3.072846,-67.939770,60,OSM:classe,1,40
-3.072790,-58.641109,60,OSM:classe,1,60
-3.072770,-58.680032,60,OSM:classe,1,60
-3.072692,-59.327883,60,OSM:classe,1,40
-3.072668,-59.914330,60,OSM:classe,1,40
-3.072662,-60.007998,60,OSM:classe,1,50
-3.072661,-60.043273,60,OSM:classe,1,50
-3.072634,-59.991722,40,OSM,0,
-3.072597,-60.026266,60,OSM:classe,1,50
-3.072595,-60.026544,60,OSM,0,
-3.072557,-60.049354,60,OSM:classe,1,40
-3.072500,-60.058482,60,OSM:classe,1,40
-3.072364,-60.007335,40,OSM:classe,1,40
-3.072324,-60.084873,60,OSM:classe,1,40
-3.072323,-60.026472,40,OSM:classe,1,40
-3.072323,-60.026128,60,OSM,0,
-3.072292,-60.007121,40,OSM:classe,1,40
-3.072188,-60.058616,60,OSM:classe,1,40
-3.072061,-59.326817,60,OSM:classe,1,40
-3.072058,-60.050098,60,OSM:classe,1,50
-3.071996,-60.007037,60,OSM:classe,1,50
-3.071985,-60.007126,60,OSM:classe,1,50
-3.071978,-60.049674,60,OSM:classe,1,50
-3.071977,-60.090829,80,OSM:classe,1,60
-3.071930,-60.049166,60,OSM:classe,1,50
-3.071906,-59.938316,60,OSM,0,
-3.071905,-60.049279,60,OSM:classe,1,50
-3.071902,-59.938425,60,OSM,0,
-3.071878,-60.003233,60,OSM:classe,1,40
-3.071877,-60.026070,60,OSM:classe,1,50
-3.071868,-60.044989,60,OSM:classe,1,50
-3.071787,-60.091017,40,OSM:classe,1,40
-3.071776,-60.035356,60,OSM:classe,1,40
-3.071715,-60.026228,40,OSM:classe,1,40
-3.071591,-60.047469,60,OSM:classe,1,50
-3.071571,-60.006982,60,OSM:classe,1,50
-3.071563,-60.046377,60,OSM:classe,1,50
-3.071538,-59.991610,40,OSM,0,
-3.071501,-58.468208,60,OSM:classe,1,60
-3.071465,-60.065716,60,OSM:classe,1,40
-3.071460,-60.046954,60,OSM:classe,1,50
-3.071460,-60.026119,60,OSM,0,
-3.071439,-59.991281,40,OSM,0,
-3.071438,-59.991362,40,OSM,0,
-3.071432,-60.017369,60,OSM:classe,1,50
-3.071404,-60.046950,60,OSM:classe,1,40
-3.071391,-59.990411,40,OSM,0,
-3.071390,-67.941527,60,OSM:classe,1,40
-3.071383,-60.020538,60,OSM:classe,1,50
-3.071369,-60.017378,60,OSM:classe,1,50
-3.071366,-58.540274,60,OSM:classe,1,40
-3.071338,-60.017061,40,OSM:classe,1,40
-3.071314,-60.025040,60,OSM:classe,1,50
-3.071303,-60.016588,60,OSM:classe,1,50
-3.071288,-60.021880,60,OSM:classe,1,50
-3.071277,-60.066533,40,OSM,0,
-3.071247,-60.054243,60,OSM:classe,1,50
-3.071232,-60.025038,60,OSM:classe,1,50
-3.071230,-60.016639,60,OSM:classe,1,50
-3.071205,-60.025494,60,OSM:classe,1,50
-3.071197,-60.035348,60,OSM:classe,1,40
-3.071180,-60.067172,60,OSM:classe,1,40
-3.071156,-60.060320,40,OSM:classe,1,40
-3.071131,-59.945043,60,OSM,0,
-3.071073,-59.926241,60,OSM:classe,1,40
-3.071045,-59.945100,60,OSM,0,
-3.071036,-58.980491,60,OSM:classe,1,40
-3.070951,-60.006794,60,OSM:classe,1,50
-3.070946,-58.767009,60,OSM:classe,1,40
-3.070943,-59.939122,60,OSM,0,
-3.070914,-60.836118,60,OSM:classe,1,50
-3.070895,-58.637025,60,OSM:classe,1,60
-3.070890,-59.100855,80,OSM:classe,1,60
-3.070860,-60.067272,60,OSM:classe,1,40
-3.070839,-58.684099,60,OSM:classe,1,60
-3.070837,-60.092025,40,OSM:classe,1,40
-3.070810,-60.092049,80,OSM:classe,1,60
-3.070773,-60.004315,60,OSM:classe,1,40
-3.070583,-60.055108,60,OSM:classe,1,50
-3.070560,-59.969456,60,OSM:classe,1,50
-3.070550,-60.035258,60,OSM:classe,1,40
-3.070545,-60.047670,60,OSM:classe,1,40
-3.070543,-60.058668,60,OSM:classe,1,40
-3.070527,-60.035351,60,OSM:classe,1,40
-3.070513,-60.004561,60,OSM:classe,1,40
-3.070505,-59.991290,60,OSM,0,
-3.070498,-60.006458,60,OSM:classe,1,50
-3.070464,-60.084766,60,OSM:classe,1,40
-3.070462,-60.059421,60,OSM:classe,1,50
-3.070375,-60.025674,40,OSM:classe,1,40
-3.070301,-59.910817,60,OSM:classe,1,50
-3.070254,-59.940053,60,OSM,0,
-3.070194,-58.714826,60,OSM:classe,1,40
-3.070169,-60.052157,60,OSM:classe,1,40
-3.070166,-59.940036,60,OSM:classe,1,40
-3.070115,-60.059063,40,OSM:classe,1,40
-3.070004,-60.066420,40,OSM,0,
-3.069929,-59.942190,60,OSM,0,
-3.069755,-59.940955,60,OSM,0,
-3.069725,-59.941885,60,OSM,0,
-3.069714,-60.058751,60,OSM:classe,1,50
-3.069678,-59.940830,60,OSM,0,
-3.069607,-60.025364,60,OSM,0,
-3.069582,-60.056322,60,OSM:classe,1,50
-3.069538,-60.005530,60,OSM:classe,1,50
-3.069535,-60.052108,60,OSM:classe,1,40
-3.069496,-60.005577,60,OSM:classe,1,50
-3.069450,-60.035245,60,OSM:classe,1,40
-3.069449,-60.035330,60,OSM:classe,1,40
-3.069437,-60.005492,60,OSM:classe,1,50
-3.069327,-59.953509,60,OSM,0,
-3.069311,-60.035327,60,OSM:classe,1,40
-3.069308,-57.558359,60,OSM:classe,1,40
-3.069306,-60.035243,60,OSM:classe,1,40
-3.069282,-60.033752,60,OSM:classe,1,40
-3.069277,-59.953617,60,OSM:classe,1,60
-3.069242,-60.031522,20,OSM,0,
-3.069241,-60.025847,60,OSM:classe,1,40
-3.069227,-60.046774,40,OSM,0,
-3.069209,-60.029250,60,OSM:classe,1,40
-3.069208,-60.029151,60,OSM:classe,1,40
-3.069174,-60.026165,60,OSM:classe,1,40
-3.069172,-60.026010,60,OSM:classe,1,40
-3.069141,-59.323629,60,OSM:classe,1,40
-3.069122,-60.025863,60,OSM:classe,1,40
-3.069107,-60.094279,80,OSM:classe,1,60
-3.069069,-60.005176,60,OSM:classe,1,50
-3.069055,-60.057343,60,OSM:classe,1,50
-3.069047,-60.057300,60,OSM:classe,1,50
-3.069045,-60.057376,60,OSM:classe,1,50
-3.069034,-60.049403,40,OSM,0,
-3.068999,-58.632942,60,OSM:classe,1,60
-3.068989,-60.057415,60,OSM:classe,1,50
-3.068977,-60.057416,60,OSM:classe,1,40
-3.068962,-60.094091,80,OSM:classe,1,60
-3.068948,-60.025610,60,OSM:classe,1,40
-3.068945,-60.057263,60,OSM:classe,1,50
-3.068909,-58.688166,60,OSM:classe,1,60
-3.068903,-60.057369,60,OSM:classe,1,40
-3.068809,-60.094048,80,OSM:classe,1,60
-3.068780,-60.840080,60,OSM:classe,1,50
-3.068742,-60.094677,40,OSM:classe,1,40
-3.068712,-60.031689,20,OSM,0,
-3.068711,-60.031802,20,OSM,0,
-3.068708,-60.032094,20,OSM,0,
-3.068583,-60.033695,20,OSM,0,
-3.068564,-60.031704,20,OSM,0,
-3.068560,-60.031803,20,OSM,0,
-3.068559,-60.032830,20,OSM,0,
-3.068556,-60.032689,20,OSM,0,
-3.068556,-60.032096,20,OSM,0,
-3.068554,-60.032370,20,OSM,0,
-3.068545,-60.065822,40,OSM,0,
-3.068527,-60.024997,60,OSM,0,
-3.068514,-60.094499,40,OSM:classe,1,40
-3.068464,-59.953119,60,OSM:classe,1,60
-3.068456,-59.939771,60,OSM:classe,1,40
-3.068397,-60.058598,60,OSM:classe,1,40
-3.068357,-60.070464,60,OSM:classe,1,40
-3.068341,-60.032094,20,OSM,0,
-3.068281,-60.025161,60,OSM,0,
-3.068280,-59.915156,60,OSM:classe,1,40
-3.068253,-60.033692,20,OSM,0,
-3.068238,-60.033254,20,OSM,0,
-3.068234,-60.094015,40,OSM:classe,1,40
-3.068233,-60.033113,20,OSM,0,
-3.068232,-60.032847,20,OSM,0,
-3.068217,-59.953126,60,OSM:classe,1,60
-3.068156,-60.032376,20,OSM,0,
-3.068132,-60.032692,20,OSM,0,
-3.068124,-59.915208,60,OSM:classe,1,40
-3.068114,-60.015574,60,OSM:classe,1,50
-3.068110,-60.015712,60,OSM:classe,1,50
-3.068030,-60.093457,80,OSM:classe,1,60
-3.068013,-60.033256,20,OSM,0,
-3.068007,-60.033113,20,OSM,0,
-3.067964,-60.093352,80,OSM:classe,1,60
-3.067931,-60.093528,80,OSM:classe,1,60
-3.067922,-60.069913,60,OSM:classe,1,40
-3.067914,-59.990294,40,OSM:classe,1,40
-3.067909,-59.994519,40,OSM,0,
-3.067891,-60.065249,40,OSM,0,
-3.067854,-60.093404,80,OSM:classe,1,60
-3.067768,-59.992250,40,OSM,0,
-3.067748,-59.103884,80,OSM:classe,1,60
-3.067691,-60.064831,40,OSM,0,
-3.067660,-60.015309,40,OSM:classe,1,40
-3.067590,-58.470430,60,OSM:classe,1,60
-3.067500,-60.014951,60,OSM:classe,1,50
-3.067482,-60.065536,40,OSM,0,
-3.067462,-60.065398,40,OSM,0,
-3.067415,-59.966250,60,OSM:classe,1,50
-3.067406,-60.065487,40,OSM,0,
-3.067294,-60.092711,60,OSM,0,
-3.067283,-59.990532,60,OSM,0,
-3.067237,-60.070041,60,OSM:classe,1,40
-3.067226,-59.924208,60,OSM:classe,1,40
-3.067213,-60.048032,40,OSM,0,
-3.067163,-60.048580,40,OSM,0,
-3.067104,-60.065376,20,OSM,0,
-3.067104,-58.628858,60,OSM:classe,1,60
-3.067089,-58.978335,60,OSM:classe,1,40
-3.067080,-60.065287,20,OSM,0,
-3.067058,-60.096758,60,OSM:classe,1,40
-3.067048,-60.065171,20,OSM,0,
-3.067038,-60.060925,60,OSM:classe,1,40
-3.067025,-60.065079,20,OSM,0,
-3.067008,-59.860658,60,OSM:classe,1,50
-3.066999,-60.070085,60,OSM:classe,1,40
-3.066978,-58.692232,60,OSM:classe,1,60
-3.066923,-58.540967,60,OSM:classe,1,40
-3.066922,-60.046582,60,OSM:classe,1,40
-3.066885,-60.061393,60,OSM:classe,1,40
-3.066838,-60.065852,40,OSM,0,
-3.066819,-60.065244,20,OSM,0,
-3.066748,-60.039523,40,OSM,0,
-3.066744,-60.097163,40,OSM:classe,1,40
-3.066742,-60.065669,40,OSM,0,
-3.066727,-59.923975,60,OSM:classe,1,40
-3.066682,-60.065409,20,OSM,0,
-3.066680,-60.065888,40,OSM,0,
-3.066673,-60.844058,60,OSM:classe,1,50
-3.066590,-60.065562,20,OSM,0,
-3.066588,-59.990277,60,OSM,0,
-3.066568,-60.068614,60,OSM:classe,1,40
-3.066544,-60.065529,20,OSM,0,
-3.066514,-60.033914,20,OSM,0,
-3.066483,-58.766454,60,OSM:classe,1,40
-3.066458,-60.033723,20,OSM,0,
-3.066457,-60.033373,20,OSM,0,
-3.066454,-60.033033,20,OSM,0,
-3.066413,-60.062639,60,OSM:classe,1,40
-3.066353,-60.035058,20,OSM,0,
-3.066314,-59.990165,40,OSM:classe,1,40
-3.066263,-60.062926,60,OSM:classe,1,40
-3.066262,-59.908836,60,OSM:classe,1,50
-3.066251,-60.066422,40,OSM,0,
-3.066190,-59.939659,60,OSM:classe,1,40
-3.066181,-60.063070,60,OSM:classe,1,40
-3.066168,-60.011558,60,OSM:classe,1,50
-3.066156,-60.060477,60,OSM:classe,1,40
-3.066133,-60.062891,60,OSM:classe,1,40
-3.066126,-60.035068,20,OSM,0,
-3.066125,-57.555875,60,OSM:classe,1,40
-3.066098,-60.063022,60,OSM:classe,1,40
-3.066085,-60.062974,60,OSM:classe,1,40
-3.066068,-59.939104,60,OSM:classe,1,40
-3.066001,-60.033386,20,OSM,0,
-3.065984,-60.033746,20,OSM,0,
-3.065976,-58.713292,60,OSM:classe,1,40
-3.065975,-60.084510,60,OSM:classe,1,40
-3.065916,-60.010932,40,OSM:classe,1,40
-3.065899,-60.033944,20,OSM,0,
-3.065874,-59.856312,60,OSM:classe,1,50
-3.065819,-60.098104,40,OSM:classe,1,40
-3.065793,-60.025672,20,OSM,0,
-3.065761,-60.026699,20,OSM,0,
-3.065750,-60.035039,20,OSM,0,
-3.065725,-60.025967,20,OSM,0,
-3.065708,-60.066401,40,OSM,0,
-3.065666,-60.010839,60,OSM:classe,1,50
-3.065560,-59.926705,60,OSM:classe,1,40
-3.065557,-60.010473,60,OSM:classe,1,50
-3.065532,-60.025979,20,OSM,0,
-3.065528,-60.002401,60,OSM:classe,1,50
-3.065495,-60.035309,60,OSM:classe,1,40
-3.065490,-60.033714,20,OSM,0,
-3.065489,-60.064769,40,OSM,0,
-3.065489,-60.035181,60,OSM:classe,1,40
-3.065466,-60.098815,60,OSM:classe,1,40
-3.065464,-60.035166,60,OSM:classe,1,40
-3.065447,-60.010093,40,OSM:classe,1,40
-3.065383,-60.065465,40,OSM,0,
-3.065354,-60.035284,60,OSM:classe,1,40
-3.065334,-60.061798,60,OSM:classe,1,40
-3.065323,-60.035545,60,OSM:classe,1,40
-3.065282,-60.067084,40,OSM,0,
-3.065254,-60.009363,60,OSM:classe,1,50
-3.065251,-59.321407,60,OSM:classe,1,40
-3.065214,-60.049877,60,OSM:classe,1,40
-3.065208,-58.624775,60,OSM:classe,1,60
-3.065207,-60.036489,60,OSM:classe,1,40
-3.065202,-60.009234,60,OSM:classe,1,50
-3.065169,-60.009356,60,OSM:classe,1,50
-3.065145,-60.064965,60,OSM:classe,1,40
-3.065126,-60.009243,60,OSM:classe,1,50
-3.065052,-60.051765,60,OSM:classe,1,40
-3.065047,-58.696299,60,OSM:classe,1,60
-3.064948,-60.099512,40,OSM:classe,1,40
-3.064869,-60.054367,60,OSM:classe,1,40
-3.064861,-59.962549,60,OSM:classe,1,50
-3.064772,-60.091411,60,OSM,0,
-3.064732,-59.962340,60,OSM:classe,1,50
-3.064671,-60.065103,60,OSM:classe,1,40
-3.064640,-59.962486,60,OSM:classe,1,50
-3.064567,-59.931085,60,OSM:classe,1,40
-3.064565,-60.848036,60,OSM:classe,1,50
-3.064545,-60.038018,60,OSM:classe,1,40
-3.064536,-59.962027,60,OSM:classe,1,40
-3.064524,-60.058857,60,OSM:classe,1,40
-3.064479,-60.099960,60,OSM:classe,1,40
-3.064446,-59.962454,60,OSM:classe,1,50
-3.064433,-60.090720,80,OSM:classe,1,60
-3.064391,-60.007593,60,OSM:classe,1,50
-3.064385,-59.951225,60,OSM:classe,1,60
-3.064345,-60.060338,60,OSM:classe,1,40
-3.064340,-60.061258,60,OSM:classe,1,40
-3.064338,-60.038648,40,OSM,0,
-3.064330,-59.863818,60,OSM:classe,1,50
-3.064318,-59.937057,50,OSM,0,
-3.064273,-59.936998,60,OSM:classe,1,40
-3.064219,-59.936917,60,OSM:classe,1,40
-3.064207,-59.936899,30,OSM,0,
-3.064136,-59.951236,60,OSM:classe,1,60
-3.064085,-59.916334,60,OSM:classe,1,40
-3.064014,-59.106392,80,OSM:classe,1,60
-3.063878,-59.936436,60,OSM:classe,1,40
-3.063861,-59.967895,60,OSM:classe,1,50
-3.063853,-59.922593,60,OSM:classe,1,40
-3.063833,-59.989274,60,OSM,0,
-3.063764,-59.968059,60,OSM:classe,1,50
-3.063760,-59.967858,60,OSM:classe,1,50
-3.063721,-59.965398,60,OSM:classe,1,50
-3.063686,-60.010956,20,OSM,0,
-3.063679,-58.472652,60,OSM:classe,1,60
-3.063676,-59.960739,60,OSM:classe,1,40
-3.063666,-59.968015,60,OSM:classe,1,50
-3.063615,-60.065477,60,OSM:classe,1,40
-3.063585,-60.065377,60,OSM:classe,1,40
-3.063523,-60.046584,60,OSM:classe,1,40
-3.063481,-58.975692,60,OSM:classe,1,40
-3.063454,-59.876273,60,OSM:classe,1,50
-3.063415,-60.065531,60,OSM:classe,1,40
-3.063392,-60.065425,60,OSM:classe,1,40
-3.063376,-60.089558,60,OSM,0,
-3.063359,-59.935422,60,OSM:classe,1,40
-3.063343,-59.989092,60,OSM:classe,1,40
-3.063315,-59.936494,60,OSM:classe,1,40
-3.063282,-60.041830,60,OSM:classe,1,40
-3.063259,-59.988566,60,OSM:classe,1,50
-3.063252,-59.871955,60,OSM:classe,1,50
-3.063174,-59.988593,60,OSM,0,
-3.063162,-60.101731,40,OSM:classe,1,40
-3.063139,-60.006590,60,OSM:classe,1,40
-3.063136,-60.000946,60,OSM:classe,1,50
-3.063129,-60.004846,60,OSM:classe,1,40
-3.063117,-58.700366,60,OSM:classe,1,60
-3.063102,-59.997251,60,OSM:classe,1,40
-3.063063,-59.992748,60,OSM:classe,1,40
-3.063036,-60.101870,60,OSM:classe,1,40
-3.063030,-59.950586,40,OSM:classe,1,40
-3.063027,-60.072528,60,OSM:classe,1,40
-3.062973,-58.620901,60,OSM:classe,1,60
-3.062958,-59.852886,60,OSM:classe,1,50
-3.062954,-60.072575,60,OSM:classe,1,40
-3.062940,-58.710032,60,OSM:classe,1,40
-3.062911,-59.963770,60,OSM:classe,1,50
-3.062866,-60.065678,60,OSM:classe,1,40
-3.062835,-60.065566,60,OSM:classe,1,40
-3.062809,-60.063103,60,OSM:classe,1,40
-3.062805,-59.958623,60,OSM:classe,1,40
-3.062772,-60.000935,60,OSM:classe,1,50
-3.062765,-59.950286,40,OSM:classe,1,40
-3.062702,-60.071368,60,OSM:classe,1,40
-3.062699,-59.984194,60,OSM:classe,1,50
-3.062688,-59.987000,60,OSM:classe,1,50
-3.062640,-59.939409,30,OSM,0,
-3.062623,-59.982616,60,OSM:classe,1,50
-3.062603,-60.103309,40,OSM:classe,1,40
-3.062565,-59.950375,60,OSM:classe,1,40
-3.062548,-59.987902,40,OSM:classe,1,40
-3.062545,-59.958250,60,OSM:classe,1,40
-3.062513,-59.961187,60,OSM:classe,1,50
-3.062511,-59.950495,60,OSM:classe,1,40
-3.062504,-59.939857,50,OSM,0,
-3.062498,-59.982598,60,OSM:classe,1,50
-3.062480,-58.541659,60,OSM:classe,1,40
-3.062471,-60.063108,60,OSM:classe,1,40
-3.062464,-59.958130,60,OSM:classe,1,40
-3.062454,-60.103841,40,OSM:classe,1,40
-3.062449,-60.046377,60,OSM:classe,1,40
-3.062435,-60.065856,60,OSM:classe,1,40
-3.062373,-60.065757,60,OSM:classe,1,40
-3.062361,-60.006617,60,OSM:classe,1,50
-3.062348,-59.867544,60,OSM:classe,1,50
-3.062334,-59.981069,60,OSM:classe,1,50
-3.062298,-60.103795,40,OSM:classe,1,40
-3.062291,-60.851892,60,OSM:classe,1,50
-3.062277,-60.063111,60,OSM:classe,1,40
-3.062267,-60.000938,60,OSM:classe,1,50
-3.062247,-60.104163,40,OSM:classe,1,40
-3.062193,-59.971826,60,OSM:classe,1,50
-3.062190,-60.011263,20,OSM,0,
-3.062187,-59.961064,60,OSM:classe,1,50
-3.062182,-60.072783,60,OSM:classe,1,40
-3.062177,-59.978136,60,OSM:classe,1,50
-3.062146,-59.973633,60,OSM:classe,1,50
-3.062144,-59.988157,60,OSM:classe,1,50
-3.062143,-59.973258,60,OSM:classe,1,50
-3.062134,-60.103947,40,OSM:classe,1,40
-3.062134,-59.972698,40,OSM:classe,1,40
-3.062132,-59.961084,60,OSM:classe,1,50
-3.062120,-57.555734,60,OSM:classe,1,40
-3.062083,-60.104588,40,OSM:classe,1,40
-3.062058,-59.975750,60,OSM:classe,1,40
-3.062022,-59.976580,60,OSM:classe,1,50
-3.062021,-58.765899,60,OSM:classe,1,40
-3.061998,-59.907884,60,OSM:classe,1,50
-3.061949,-59.972084,60,OSM:classe,1,50
-3.061926,-59.972249,40,OSM:classe,1,40
-3.061885,-60.000951,60,OSM:classe,1,50
-3.061867,-60.065018,60,OSM:classe,1,40
-3.061866,-60.046104,60,OSM:classe,1,40
-3.061836,-60.046274,60,OSM:classe,1,40
-3.061815,-58.729256,100,OSM:classe,1,80
-3.061798,-59.961222,60,OSM:classe,1,50
-3.061739,-59.961273,60,OSM:classe,1,50
-3.061701,-60.046372,60,OSM:classe,1,40
-3.061680,-59.961621,60,OSM:classe,1,50
-3.061673,-60.025206,60,OSM,0,
-3.061636,-60.046122,60,OSM:classe,1,40
-3.061630,-59.961350,60,OSM:classe,1,50
-3.061613,-59.848928,60,OSM:classe,1,50
-3.061607,-60.100513,40,OSM,0,
-3.061600,-59.988473,60,OSM,0,
-3.061588,-60.060212,60,OSM:classe,1,40
-3.061499,-59.961483,60,OSM:classe,1,50
-3.061494,-60.066477,60,OSM:classe,1,40
-3.061492,-60.025295,60,OSM,0,
-3.061485,-60.084253,60,OSM:classe,1,40
-3.061478,-60.060188,60,OSM:classe,1,40
-3.061465,-60.099828,40,OSM,0,
-3.061448,-59.956471,60,OSM:classe,1,40
-3.061436,-59.961210,60,OSM:classe,1,50
-3.061429,-60.066410,60,OSM:classe,1,40
-3.061416,-60.066557,60,OSM:classe,1,40
-3.061416,-60.060349,60,OSM:classe,1,40
-3.061410,-60.025045,60,OSM,0,
-3.061383,-60.069622,60,OSM:classe,1,40
-3.061382,-59.961436,60,OSM:classe,1,50
-3.061371,-59.949957,60,OSM:classe,1,60
-3.061362,-60.099332,40,OSM,0,
-3.061348,-59.961366,60,OSM:classe,1,40
-3.061325,-60.066496,60,OSM:classe,1,40
-3.061294,-59.960995,60,OSM:classe,1,50
-3.061286,-58.733728,100,OSM:classe,1,80
-3.061266,-58.724865,100,OSM:classe,1,80
-3.061244,-60.098733,40,OSM,0,
-3.061234,-60.069205,60,OSM:classe,1,40
-3.061233,-60.087596,80,OSM:classe,1,60
-3.061226,-60.069696,60,OSM:classe,1,40
-3.061186,-58.704433,60,OSM:classe,1,60
-3.061120,-60.098579,40,OSM,0,
-3.061102,-59.961480,60,OSM:classe,1,40
-3.061090,-58.737080,40,OSM:classe,1,40
-3.061061,-60.069229,60,OSM:classe,1,40
-3.061051,-60.069087,60,OSM:classe,1,40
-3.061042,-60.000971,60,OSM:classe,1,50
-3.060975,-59.953854,60,OSM:classe,1,40
-3.060967,-58.736428,100,OSM:classe,1,80
-3.060917,-59.320575,60,OSM:classe,1,40
-3.060896,-58.736970,80,OSM:classe,1,60
-3.060840,-58.737601,80,OSM:classe,1,60
-3.060828,-58.736952,80,OSM:classe,1,60
-3.060760,-60.058940,60,OSM:classe,1,40
-3.060752,-58.738165,100,OSM:classe,1,80
-3.060698,-60.046981,60,OSM:classe,1,40
-3.060672,-60.047238,60,OSM:classe,1,40
-3.060652,-60.065820,60,OSM:classe,1,40
-3.060640,-60.045367,60,OSM:classe,1,40
-3.060598,-58.737380,80,OSM:classe,1,60
-3.060528,-59.991267,60,OSM:classe,1,50
-3.060522,-59.993214,60,OSM:classe,1,50
-3.060522,-59.988264,60,OSM,0,
-3.060503,-59.995982,60,OSM:classe,1,50
-3.060502,-59.997256,60,OSM:classe,1,50
-3.060501,-59.995184,60,OSM:classe,1,50
-3.060499,-60.000984,60,OSM:classe,1,50
-3.060499,-59.996135,60,OSM:classe,1,50
-3.060495,-60.000489,60,OSM:classe,1,50
-3.060491,-59.999943,60,OSM:classe,1,50
-3.060490,-60.006567,60,OSM:classe,1,50
-3.060486,-60.003933,60,OSM,0,
-3.060484,-60.003487,60,OSM:classe,1,50
-3.060480,-60.006605,60,OSM:classe,1,50
-3.060469,-60.006514,60,OSM:classe,1,50
-3.060466,-60.006137,60,OSM,0,
-3.060436,-60.006642,60,OSM:classe,1,50
-3.060409,-60.006311,40,OSM:classe,1,40
-3.060387,-59.879250,60,OSM:classe,1,50
-3.060385,-60.066011,60,OSM:classe,1,40
-3.060305,-59.949331,60,OSM:classe,1,60
-3.060291,-59.923581,60,OSM:classe,1,40
-3.060279,-59.108901,80,OSM:classe,1,60
-3.060253,-60.072480,60,OSM:classe,1,40
-3.060230,-58.742638,100,OSM:classe,1,80
-3.060189,-59.923636,60,OSM:classe,1,40
-3.060177,-58.736421,80,OSM:classe,1,60
-3.060159,-60.048136,60,OSM:classe,1,40
-3.060128,-60.048196,60,OSM:classe,1,40
-3.060117,-60.025039,60,OSM,0,
-3.060101,-58.972721,60,OSM:classe,1,40
-3.060086,-58.706599,60,OSM:classe,1,40
-3.060066,-60.048080,60,OSM:classe,1,40
-3.060058,-59.955804,60,OSM:classe,1,40
-3.060034,-60.025259,60,OSM,0,
-3.060020,-60.048184,60,OSM:classe,1,40
-3.059965,-59.883584,60,OSM:classe,1,50
-3.059964,-59.936899,60,OSM:classe,1,40
-3.059962,-60.086532,40,OSM:classe,1,40
-3.059933,-60.056975,60,OSM:classe,1,40
-3.059928,-60.048377,60,OSM:classe,1,40
-3.059806,-60.048642,60,OSM:classe,1,40
-3.059788,-59.845017,60,OSM:classe,1,50
-3.059774,-59.915126,60,OSM:classe,1,40
-3.059768,-58.474875,60,OSM:classe,1,60
-3.059750,-60.107196,40,OSM:classe,1,40
-3.059708,-58.747111,100,OSM:classe,1,80
-3.059701,-59.844915,60,OSM:classe,1,40
-3.059607,-59.975183,60,OSM:classe,1,40
-3.059592,-59.997259,60,OSM:classe,1,40
-3.059588,-60.049114,60,OSM:classe,1,40
-3.059559,-60.057164,60,OSM:classe,1,40
-3.059539,-58.618015,60,OSM:classe,1,60
-3.059518,-60.057127,60,OSM:classe,1,40
-3.059453,-60.049690,60,OSM:classe,1,40
-3.059383,-60.049644,60,OSM:classe,1,40
-3.059345,-59.958109,60,OSM:classe,1,50
-3.059321,-60.052090,60,OSM:classe,1,40
-3.059277,-60.050086,60,OSM:classe,1,40
-3.059255,-58.708500,60,OSM:classe,1,60
-3.059239,-60.050780,60,OSM:classe,1,40
-3.059222,-60.086077,40,OSM:classe,1,40
-3.059214,-60.052081,60,OSM:classe,1,40
-3.059186,-58.751583,100,OSM:classe,1,80
-3.059146,-58.720895,100,OSM:classe,1,80
-3.059142,-60.855106,60,OSM:classe,1,50
-3.059109,-59.959178,60,OSM:classe,1,50
-3.059067,-59.887888,60,OSM:classe,1,50
-3.058962,-59.915160,60,OSM:classe,1,40
-3.058916,-59.919477,60,OSM:classe,1,40
-3.058897,-60.071782,60,OSM:classe,1,40
-3.058664,-58.756056,100,OSM:classe,1,80
-3.058662,-59.388351,60,OSM:classe,1,40
-3.058656,-60.057195,60,OSM:classe,1,40
-3.058636,-59.845307,60,OSM:classe,1,40
-3.058604,-60.056509,60,OSM:classe,1,40
-3.058489,-60.071191,60,OSM:classe,1,40
-3.058402,-60.071235,60,OSM:classe,1,40
-3.058401,-59.962416,60,OSM:classe,1,40
-3.058396,-59.957483,60,OSM:classe,1,50
-3.058142,-58.760528,100,OSM:classe,1,80
-3.058139,-60.071488,60,OSM:classe,1,40
-3.058082,-59.906322,60,OSM:classe,1,50
-3.058059,-60.043174,60,OSM:classe,1,40
-3.058037,-58.542351,60,OSM:classe,1,40
-3.057998,-60.038672,60,OSM:classe,1,40
-3.057979,-59.913127,60,OSM:classe,1,40
-3.057937,-60.034181,60,OSM:classe,1,40
-3.057897,-60.026972,60,OSM:classe,1,40
-3.057860,-60.053030,60,OSM:classe,1,40
-3.057849,-60.046849,60,OSM:classe,1,40
-3.057828,-59.997212,60,OSM:classe,1,40
-3.057820,-59.995192,60,OSM:classe,1,40
-3.057804,-60.084683,80,OSM:classe,1,60
-3.057781,-60.027213,60,OSM:classe,1,40
-3.057776,-59.957222,40,OSM:classe,1,40
-3.057726,-57.556486,60,OSM:classe,1,40
-3.057711,-59.957151,40,OSM:classe,1,40
-3.057669,-60.053103,60,OSM:classe,1,40
-3.057631,-60.025431,60,OSM:classe,1,40
-3.057620,-58.765001,100,OSM:classe,1,80
-3.057588,-60.026518,60,OSM:classe,1,40
-3.057587,-60.026181,60,OSM:classe,1,40
-3.057585,-59.892081,60,OSM:classe,1,50
-3.057577,-60.053138,60,OSM:classe,1,40
-3.057568,-60.027089,60,OSM:classe,1,40
-3.057559,-58.765343,60,OSM:classe,1,40
-3.057557,-60.024985,60,OSM:classe,1,40
-3.057555,-60.025430,50,OSM,0,
-3.057484,-59.957965,60,OSM:classe,1,50
-3.057478,-60.024987,50,OSM,0,
-3.057435,-59.957549,40,OSM:classe,1,40
-3.057413,-60.024259,60,OSM:classe,1,40
-3.057392,-60.026326,60,OSM:classe,1,40
-3.057388,-58.712433,60,OSM:classe,1,60
-3.057362,-59.947964,60,OSM:classe,1,60
-3.057355,-59.957476,40,OSM:classe,1,40
-3.057354,-60.024271,60,OSM:classe,1,40
-3.057306,-60.033592,60,OSM:classe,1,40
-3.057296,-59.947936,60,OSM:classe,1,60
-3.057288,-59.948069,60,OSM:classe,1,60
-3.057260,-59.845879,60,OSM:classe,1,40
-3.057259,-60.025094,60,OSM:classe,1,40
-3.057231,-59.948041,60,OSM:classe,1,60
-3.057154,-60.056535,60,OSM:classe,1,40
-3.057143,-58.716891,100,OSM:classe,1,80
-3.057139,-59.319009,60,OSM:classe,1,40
-3.057113,-58.614227,60,OSM:classe,1,60
-3.056996,-60.083997,60,OSM:classe,1,40
-3.056985,-60.025511,60,OSM:classe,1,40
-3.056974,-59.956033,60,OSM:classe,1,50
-3.056890,-60.084103,60,OSM,0,
-3.056886,-60.053401,60,OSM:classe,1,40
-3.056884,-58.733354,60,OSM:classe,1,50
-3.056849,-58.969646,60,OSM:classe,1,40
-3.056830,-60.025281,60,OSM:classe,1,40
-3.056828,-59.920987,60,OSM:classe,1,40
-3.056756,-58.769400,100,OSM:classe,1,80
-3.056694,-59.957141,40,OSM:classe,1,40
-3.056644,-59.947637,60,OSM:classe,1,60
-3.056621,-59.947750,60,OSM:classe,1,60
-3.056545,-59.111409,80,OSM:classe,1,60
-3.056542,-59.986608,40,OSM:classe,1,40
-3.056504,-59.387004,60,OSM:classe,1,40
-3.056499,-60.029904,60,OSM:classe,1,40
-3.056498,-60.029693,60,OSM:classe,1,40
-3.056493,-60.028852,60,OSM:classe,1,40
-3.056492,-60.030380,60,OSM:classe,1,40
-3.056489,-60.027536,60,OSM:classe,1,40
-3.056485,-60.030823,60,OSM:classe,1,40
-3.056468,-60.032854,60,OSM:classe,1,40
-3.056445,-59.955182,60,OSM:classe,1,50
-3.056277,-59.956719,60,OSM:classe,1,50
-3.056135,-59.995189,60,OSM:classe,1,40
-3.056095,-60.109734,40,OSM:classe,1,40
-3.056067,-59.920560,60,OSM:classe,1,40
-3.056055,-59.956455,40,OSM:classe,1,40
-3.056020,-60.025316,60,OSM,0,
-3.056005,-60.025147,60,OSM,0,
-3.055943,-58.477198,60,OSM:classe,1,60
-3.055911,-59.993230,60,OSM:classe,1,40
-3.055846,-59.956249,60,OSM:classe,1,50
-3.055843,-59.985896,60,OSM,0,
-3.055727,-59.924829,60,OSM:classe,1,40
-3.055724,-59.923258,60,OSM:classe,1,40
-3.055724,-59.314850,60,OSM:classe,1,40
-3.055638,-59.986324,60,OSM,0,
-3.055602,-59.926614,60,OSM:classe,1,40
-3.055594,-60.025255,60,OSM,0,
-3.055546,-59.927934,60,OSM:classe,1,40
-3.055509,-60.081962,40,OSM:classe,1,40
-3.055470,-59.909690,60,OSM:classe,1,40
-3.055465,-59.903259,60,OSM:classe,1,40
-3.055457,-60.857622,60,OSM:classe,1,50
-3.055456,-59.986451,60,OSM,0,
-3.055451,-59.953039,60,OSM:classe,1,50
-3.055401,-59.973670,60,OSM:classe,1,40
-3.055387,-59.982457,60,OSM:classe,1,40
-3.055264,-59.952588,60,OSM:classe,1,50
-3.055255,-59.895917,60,OSM:classe,1,50
-3.055173,-59.902910,60,OSM:classe,1,50
-3.055149,-60.081436,60,OSM,0,
-3.055119,-60.081135,80,OSM:classe,1,60
-3.055108,-59.952339,60,OSM:classe,1,50
-3.055090,-59.929114,60,OSM:classe,1,40
-3.055089,-58.773582,100,OSM:classe,1,80
-3.055007,-60.055162,60,OSM:classe,1,40
-3.054744,-60.110580,40,OSM:classe,1,40
-3.054717,-59.953254,40,OSM:classe,1,40
-3.054703,-58.610425,60,OSM:classe,1,60
-3.054702,-60.025428,60,OSM,0,
-3.054699,-60.110534,40,OSM:classe,1,40
-3.054693,-60.025269,60,OSM,0,
-3.054622,-59.920843,40,OSM,0,
-3.054596,-58.965749,60,OSM:classe,1,40
-3.054574,-59.993216,60,OSM:classe,1,40
-3.054527,-59.920003,40,OSM,0,
-3.054453,-59.931154,60,OSM:classe,1,40
-3.054452,-59.954587,60,OSM:classe,1,50
-3.054378,-60.032807,60,OSM:classe,1,40
-3.054374,-59.953629,40,OSM:classe,1,40
-3.054350,-59.952870,40,OSM:classe,1,40
-3.054309,-59.923960,40,OSM,0,
-3.054288,-59.920939,40,OSM,0,
-3.054279,-59.920885,40,OSM,0,
-3.054257,-60.025179,60,OSM,0,
-3.054243,-60.025357,60,OSM,0,
-3.054157,-59.946631,60,OSM:classe,1,60
-3.054152,-59.963890,60,OSM:classe,1,40
-3.054098,-60.071595,60,OSM:classe,1,40
-3.054093,-59.920006,40,OSM,0,
-3.054088,-60.080534,40,OSM:classe,1,40
-3.054074,-60.040778,60,OSM:classe,1,40
-3.054040,-60.059426,60,OSM:classe,1,40
-3.054024,-59.931524,60,OSM:classe,1,40
-3.054019,-59.924652,40,OSM,0,
-3.053986,-59.954021,60,OSM:classe,1,50
-3.053959,-59.953256,40,OSM:classe,1,40
-3.053944,-60.059419,60,OSM:classe,1,40
-3.053856,-60.041742,60,OSM:classe,1,40
-3.053812,-59.925328,40,OSM,0,
-3.053737,-59.920993,40,OSM,0,
-3.053717,-59.383608,60,OSM:classe,1,40
-3.053696,-60.071705,60,OSM:classe,1,40
-3.053653,-57.558240,60,OSM:classe,1,40
-3.053652,-58.481037,60,OSM:classe,1,60
-3.053617,-59.920190,40,OSM,0,
-3.053604,-59.953476,60,OSM:classe,1,50
-3.053602,-58.543084,60,OSM:classe,1,40
-3.053521,-59.923083,40,OSM,0,
-3.053510,-60.062366,60,OSM:classe,1,40
-3.053458,-59.907155,60,OSM:classe,1,40
-3.053422,-58.777764,100,OSM:classe,1,80
-3.053393,-60.032813,60,OSM:classe,1,40
-3.053317,-60.080462,60,OSM,0,
-3.053299,-60.063254,60,OSM:classe,1,40
-3.053263,-58.730688,60,OSM:classe,1,50
-3.053107,-59.847605,60,OSM:classe,1,40
-3.053016,-59.952761,60,OSM:classe,1,50
-3.052970,-59.899079,60,OSM:classe,1,50
-3.052917,-60.063763,60,OSM:classe,1,40
-3.052803,-59.113907,80,OSM:classe,1,60
-3.052800,-59.985354,40,OSM:classe,1,40
-3.052781,-59.984041,60,OSM:classe,1,40
-3.052757,-59.933639,60,OSM:classe,1,40
-3.052754,-59.921708,40,OSM,0,
-3.052717,-59.985338,60,OSM:classe,1,40
-3.052687,-58.961695,60,OSM:classe,1,40
-3.052568,-59.920635,40,OSM,0,
-3.052552,-59.945771,60,OSM:classe,1,60
-3.052389,-59.952016,60,OSM:classe,1,50
-3.052350,-59.915839,40,OSM,0,
-3.052347,-59.922247,40,OSM,0,
-3.052292,-58.606624,60,OSM:classe,1,60
-3.052247,-59.985256,60,OSM,0,
-3.052213,-59.312410,60,OSM:classe,1,40
-3.052178,-60.032803,60,OSM:classe,1,40
-3.052073,-59.920977,40,OSM,0,
-3.052058,-59.950578,40,OSM:classe,1,40
-3.051988,-59.950463,60,OSM:classe,1,50
-3.051968,-60.039980,60,OSM:classe,1,40
-3.051941,-59.924777,40,OSM,0,
-3.051901,-59.950673,40,OSM:classe,1,40
-3.051838,-59.950557,40,OSM:classe,1,40
-3.051755,-58.781946,100,OSM:classe,1,80
-3.051743,-59.935404,60,OSM:classe,1,40
-3.051735,-58.485110,60,OSM:classe,1,60
-3.051706,-59.921990,40,OSM,0,
-3.051659,-59.921308,40,OSM,0,
-3.051654,-60.078306,80,OSM:classe,1,60
-3.051615,-59.916649,40,OSM,0,
-3.051544,-60.859840,60,OSM:classe,1,50
-3.051531,-59.971380,60,OSM:classe,1,40
-3.051526,-59.985645,40,OSM:classe,1,40
-3.051519,-59.950909,40,OSM:classe,1,40
-3.051496,-59.951189,60,OSM:classe,1,50
-3.051464,-59.926165,40,OSM,0,
-3.051442,-59.950807,40,OSM:classe,1,40
-3.051436,-60.039867,60,OSM:classe,1,40
-3.051425,-59.920732,40,OSM,0,
-3.051413,-59.917793,40,OSM,0,
-3.051382,-59.950994,60,OSM:classe,1,50
-3.051316,-59.950881,40,OSM:classe,1,40
-3.051246,-59.909405,60,OSM:classe,1,40
-3.051188,-59.918231,40,OSM,0,
-3.051162,-60.067205,60,OSM:classe,1,40
-3.051147,-59.921799,40,OSM,0,
-3.051086,-60.078000,60,OSM,0,
-3.051053,-59.924338,40,OSM,0,
-3.051043,-59.950434,60,OSM:classe,1,50
-3.051001,-59.918660,40,OSM,0,
-3.050990,-59.948752,60,OSM:classe,1,50
-3.050966,-59.920945,40,OSM,0,
-3.050961,-60.033822,60,OSM:classe,1,40
-3.050950,-59.380163,60,OSM:classe,1,40
-3.050941,-60.067498,60,OSM:classe,1,40
-3.050888,-59.919065,40,OSM,0,
-3.050835,-59.925156,40,OSM,0,
-3.050803,-60.035579,60,OSM:classe,1,40
-3.050783,-60.034062,60,OSM:classe,1,40
-3.050736,-60.067701,60,OSM:classe,1,40
-3.050706,-60.034589,60,OSM:classe,1,40
-3.050651,-59.924197,40,OSM,0,
-3.050624,-59.919742,40,OSM,0,
-3.050596,-59.921812,40,OSM,0,
-3.050582,-59.984971,60,OSM:classe,1,40
-3.050572,-60.033911,60,OSM:classe,1,40
-3.050558,-60.034312,60,OSM:classe,1,40
-3.050524,-60.034233,60,OSM:classe,1,40
-3.050494,-58.957916,60,OSM:classe,1,40
-3.050487,-59.970200,60,OSM:classe,1,40
-3.050458,-60.034168,60,OSM:classe,1,40
-3.050424,-60.033997,60,OSM:classe,1,40
-3.050406,-59.965129,60,OSM:classe,1,40
-3.050386,-59.920197,40,OSM,0,
-3.050319,-59.917667,40,OSM,0,
-3.050306,-59.920541,40,OSM,0,
-3.050254,-59.985497,60,OSM,0,
-3.050253,-59.918192,40,OSM,0,
-3.050241,-59.920516,40,OSM,0,
-3.050233,-59.918608,40,OSM,0,
-3.050220,-59.937995,60,OSM:classe,1,40
-3.050201,-59.919038,40,OSM,0,
-3.050161,-59.919562,40,OSM,0,
-3.050151,-59.970057,60,OSM:classe,1,40
-3.050142,-60.031775,60,OSM:classe,1,40
-3.050111,-59.985533,60,OSM:classe,1,40
-3.050111,-59.985016,60,OSM:classe,1,40
-3.050111,-59.984953,60,OSM:classe,1,40
-3.050111,-59.984869,60,OSM:classe,1,40
-3.050108,-59.985790,60,OSM:classe,1,40
-3.050108,-59.985608,60,OSM,0,
-3.050096,-59.985481,60,OSM,0,
-3.050094,-59.991259,60,OSM:classe,1,40
-3.050092,-59.987377,60,OSM:classe,1,40
-3.050087,-59.989320,60,OSM:classe,1,40
-3.050077,-59.993167,60,OSM:classe,1,40
-3.050062,-59.944771,60,OSM:classe,1,60
-3.050060,-59.982972,60,OSM:classe,1,40
-3.050003,-59.921561,40,OSM,0,
-3.049986,-59.982918,60,OSM:classe,1,40
-3.049967,-59.920563,40,OSM,0,
-3.049936,-59.951377,60,OSM:classe,1,40
-3.049920,-60.030707,60,OSM:classe,1,40
-3.049882,-58.602822,60,OSM:classe,1,60
-3.049866,-59.969384,60,OSM:classe,1,40
-3.049859,-60.029671,60,OSM:classe,1,40
-3.049858,-60.029495,60,OSM:classe,1,40
-3.049851,-57.560600,60,OSM:classe,1,40
-3.049824,-59.925207,40,OSM,0,
-3.049819,-60.029535,60,OSM:classe,1,40
-3.049818,-58.489184,60,OSM:classe,1,60
-3.049761,-59.924050,40,OSM,0,
-3.049756,-58.785946,100,OSM:classe,1,80
-3.049755,-59.920625,40,OSM,0,
-3.049727,-59.947201,60,OSM:classe,1,50
-3.049708,-60.024940,60,OSM,0,
-3.049675,-59.919811,40,OSM,0,
-3.049637,-60.027643,60,OSM:classe,1,40
-3.049628,-60.071780,60,OSM:classe,1,40
-3.049623,-59.985348,60,OSM,0,
-3.049619,-58.728050,60,OSM:classe,1,50
-3.049609,-59.944429,60,OSM:classe,1,40
-3.049600,-60.025100,60,OSM:classe,1,40
-3.049557,-59.946999,60,OSM:classe,1,50
-3.049527,-59.939310,60,OSM:classe,1,40
-3.049523,-60.070715,60,OSM:classe,1,40
-3.049513,-59.947283,40,OSM:classe,1,40
-3.049446,-59.947165,40,OSM:classe,1,40
-3.049446,-59.920707,40,OSM,0,
-3.049427,-60.071311,60,OSM:classe,1,40
-3.049427,-59.921547,40,OSM,0,
-3.049310,-60.071984,60,OSM:classe,1,40
-3.049292,-59.927354,40,OSM,0,
-3.049291,-60.076551,40,OSM:classe,1,40
-3.049229,-59.920769,40,OSM,0,
-3.049224,-59.920142,40,OSM,0,
-3.049214,-60.025073,60,OSM:classe,1,40
-3.049212,-60.072039,60,OSM:classe,1,40
-3.049184,-60.071886,60,OSM:classe,1,40
-3.049163,-58.543752,60,OSM:classe,1,40
-3.049122,-59.947594,40,OSM:classe,1,40
-3.049012,-59.947514,40,OSM:classe,1,40
-3.048998,-59.116305,80,OSM:classe,1,60
-3.048969,-59.920843,40,OSM,0,
-3.048905,-59.924111,40,OSM,0,
-3.048881,-59.921547,40,OSM,0,
-3.048879,-59.931359,60,OSM:classe,1,40
-3.048836,-59.947994,60,OSM:classe,1,50
-3.048797,-59.116377,60,OSM:classe,1,40
-3.048774,-59.920369,40,OSM,0,
-3.048739,-59.920910,40,OSM,0,
-3.048641,-59.947825,60,OSM:classe,1,50
-3.048614,-59.923956,40,OSM,0,
-3.048561,-59.923509,40,OSM,0,
-3.048503,-59.965795,60,OSM:classe,1,40
-3.048448,-59.921886,40,OSM,0,
-3.048444,-60.075705,60,OSM:classe,1,40
-3.048444,-60.075258,60,OSM:classe,1,40
-3.048440,-59.920995,40,OSM,0,
-3.048430,-59.984965,60,OSM:classe,1,40
-3.048409,-59.944036,60,OSM:classe,1,60
-3.048391,-59.949607,60,OSM:classe,1,40
-3.048383,-60.025036,60,OSM,0,
-3.048323,-59.923893,40,OSM,0,
-3.048278,-59.945602,60,OSM:classe,1,50
-3.048199,-59.920360,40,OSM,0,
-3.048196,-59.921066,40,OSM,0,
-3.048178,-59.310422,60,OSM:classe,1,40
-3.048155,-60.075479,80,OSM:classe,1,60
-3.048073,-59.926765,40,OSM,0,
-3.048032,-59.376803,60,OSM:classe,1,40
-3.048024,-59.924136,40,OSM,0,
-3.048006,-59.984968,60,OSM,0,
-3.048000,-60.075345,60,OSM:classe,1,40
-3.047960,-59.930818,60,OSM:classe,1,40
-3.047925,-59.921143,40,OSM,0,
-3.047900,-58.493257,60,OSM:classe,1,60
-3.047751,-60.024877,60,OSM,0,
-3.047725,-59.963652,60,OSM:classe,1,40
-3.047709,-60.025090,60,OSM,0,
-3.047702,-59.942978,60,OSM:classe,1,40
-3.047678,-59.921230,40,OSM,0,
-3.047631,-60.862058,60,OSM:classe,1,50
-3.047577,-59.982860,60,OSM:classe,1,40
-3.047480,-58.954659,60,OSM:classe,1,40
-3.047472,-58.599021,60,OSM:classe,1,60
-3.047427,-60.075072,60,OSM,0,
-3.047424,-59.944794,60,OSM:classe,1,50
-3.047393,-59.948691,60,OSM:classe,1,40
-3.047390,-59.921325,40,OSM,0,
-3.047380,-59.919033,40,OSM,0,
-3.047366,-59.946136,60,OSM:classe,1,50
-3.047306,-59.919434,40,OSM,0,
-3.047124,-59.919121,40,OSM,0,
-3.046984,-59.917925,40,OSM,0,
-3.046955,-59.966388,60,OSM:classe,1,40
-3.046835,-59.985436,40,OSM:classe,1,40
-3.046799,-59.923645,40,OSM,0,
-3.046794,-59.924614,40,OSM,0,
-3.046774,-58.789317,100,OSM:classe,1,80
-3.046712,-59.984975,60,OSM,0,
-3.046709,-59.985619,60,OSM:classe,1,40
-3.046697,-59.982826,60,OSM,0,
-3.046668,-60.024882,60,OSM,0,
-3.046662,-60.024954,60,OSM,0,
-3.046643,-59.924835,40,OSM,0,
-3.046602,-59.919302,40,OSM,0,
-3.046569,-59.985429,60,OSM,0,
-3.046556,-59.984976,60,OSM,0,
-3.046517,-60.025082,60,OSM,0,
-3.046500,-60.025644,60,OSM,0,
-3.046482,-60.022143,60,OSM,0,
-3.046479,-60.023122,60,OSM,0,
-3.046473,-60.019501,60,OSM,0,
-3.046465,-59.972322,60,OSM:classe,1,40
-3.046360,-60.025065,60,OSM,0,
-3.046348,-60.025435,60,OSM,0,
-3.046340,-60.023168,40,OSM:classe,1,40
-3.046340,-60.022048,60,OSM:classe,1,60
-3.046308,-60.020030,60,OSM:classe,1,60
-3.046283,-59.917125,40,OSM,0,
-3.046277,-59.985425,60,OSM:classe,1,50
-3.046250,-59.923332,40,OSM,0,
-3.046245,-60.025345,60,OSM,0,
-3.046235,-59.972312,60,OSM:classe,1,40
-3.046200,-59.945023,60,OSM:classe,1,50
-3.046189,-60.024861,60,OSM,0,
-3.046176,-60.024931,60,OSM,0,
-3.046081,-59.926260,40,OSM,0,
-3.046073,-59.926058,40,OSM,0,
-3.045983,-58.497330,60,OSM:classe,1,60
-3.045975,-60.015629,40,OSM:classe,1,40
-3.045975,-58.725412,60,OSM:classe,1,50
-3.045962,-58.951205,60,OSM:classe,1,40
-3.045926,-60.025511,60,OSM,0,
-3.045907,-59.922480,40,OSM,0,
-3.045867,-59.927448,40,OSM,0,
-3.045865,-59.966805,60,OSM:classe,1,40
-3.045860,-60.025383,60,OSM,0,
-3.045835,-59.943866,60,OSM:classe,1,50
-3.045834,-59.985566,60,OSM:classe,1,40
-3.045834,-59.943182,60,OSM:classe,1,40
-3.045812,-59.943310,60,OSM:classe,1,60
-3.045798,-59.943297,60,OSM:classe,1,50
-3.045797,-59.917333,40,OSM,0,
-3.045727,-59.928046,40,OSM,0,
-3.045718,-60.024998,60,OSM,0,
-3.045715,-59.927365,40,OSM,0,
-3.045704,-60.016067,40,OSM:classe,1,40
-3.045699,-60.024845,40,OSM:classe,1,40
-3.045692,-59.943763,60,OSM:classe,1,50
-3.045684,-59.306878,60,OSM:classe,1,40
-3.045675,-60.016632,40,OSM:classe,1,40
-3.045601,-58.498145,100,OSM:classe,1,80
-3.045541,-59.928362,40,OSM,0,
-3.045502,-59.925831,40,OSM,0,
-3.045499,-57.560208,60,OSM:classe,1,40
-3.045483,-59.927276,40,OSM,0,
-3.045483,-59.924590,40,OSM,0,
-3.045453,-59.944392,60,OSM:classe,1,50
-3.045435,-60.015822,60,OSM,0,
-3.045401,-59.922299,40,OSM,0,
-3.045387,-60.015650,60,OSM,0,
-3.045373,-60.015589,60,OSM,0,
-3.045342,-59.944664,60,OSM:classe,1,40
-3.045339,-59.924552,60,OSM:classe,1,40
-3.045337,-59.925778,40,OSM,0,
-3.045335,-59.944267,60,OSM:classe,1,40
-3.045334,-59.985430,60,OSM:classe,1,40
-3.045291,-59.113564,60,OSM:classe,1,40
-3.045289,-59.924537,40,OSM,0,
-3.045261,-60.015665,60,OSM:classe,1,60
-3.045252,-59.942829,60,OSM:classe,1,40
-3.045233,-59.916650,40,OSM,0,
-3.045200,-59.945118,60,OSM:classe,1,40
-3.045192,-59.118703,80,OSM:classe,1,60
-3.045171,-59.942764,60,OSM:classe,1,40
-3.045151,-59.943991,60,OSM:classe,1,50
-3.045135,-59.968055,60,OSM:classe,1,40
-3.045103,-59.984978,40,OSM:classe,1,40
-3.045094,-60.015665,40,OSM:classe,1,40
-3.045064,-58.499318,60,OSM:classe,1,60
-3.045044,-59.960070,60,OSM:classe,1,40
-3.045029,-59.921655,40,OSM,0,
-3.044994,-59.985414,60,OSM:classe,1,50
-3.044990,-59.928306,40,OSM,0,
-3.044978,-60.014680,40,OSM:classe,1,40
-3.044960,-59.971910,60,OSM:classe,1,40
-3.044921,-59.943492,60,OSM:classe,1,50
-3.044859,-59.943350,60,OSM:classe,1,50
-3.044839,-59.925600,40,OSM,0,
-3.044804,-60.024782,60,OSM,0,
-3.044804,-59.967191,60,OSM:classe,1,40
-3.044771,-60.024962,60,OSM,0,
-3.044709,-58.544345,60,OSM:classe,1,40
-3.044694,-59.985408,60,OSM:classe,1,50
-3.044678,-59.942932,60,OSM:classe,1,50
-3.044576,-59.377616,60,OSM:classe,1,40
-3.044514,-60.013199,60,OSM:classe,1,60
-3.044511,-59.925532,40,OSM,0,
-3.044474,-59.928344,40,OSM,0,
-3.044470,-59.921563,40,OSM,0,
-3.044443,-60.073912,60,OSM,0,
-3.044401,-60.012417,60,OSM,0,
-3.044347,-59.947739,60,OSM:classe,1,40
-3.044320,-59.959245,60,OSM:classe,1,40
-3.044258,-58.595882,60,OSM:classe,1,60
-3.044166,-59.925467,40,OSM,0,
-3.044157,-60.073515,80,OSM:classe,1,60
-3.044154,-59.920058,40,OSM,0,
-3.044135,-59.942634,60,OSM:classe,1,60
-3.044125,-59.972767,60,OSM:classe,1,40
-3.044109,-59.973717,60,OSM:classe,1,40
-3.044104,-59.920634,40,OSM,0,
-3.044080,-59.984979,60,OSM:classe,1,40
-3.044076,-59.985420,60,OSM:classe,1,50
-3.044059,-59.974981,60,OSM:classe,1,40
-3.044031,-59.978219,60,OSM:classe,1,40
-3.043998,-59.921117,40,OSM,0,
-3.043982,-59.928718,60,OSM:classe,1,40
-3.043974,-59.919592,40,OSM,0,
-3.043973,-59.925426,40,OSM,0,
-3.043953,-59.982721,60,OSM,0,
-3.043922,-59.984739,60,OSM:classe,1,40
-3.043817,-58.792702,100,OSM:classe,1,80
-3.043807,-59.949400,60,OSM:classe,1,40
-3.043755,-59.939350,60,OSM:classe,1,40
-3.043718,-60.864276,60,OSM:classe,1,50
-3.043718,-59.922062,40,OSM,0,
-3.043716,-59.939537,60,OSM:classe,1,40
-3.043668,-59.939285,60,OSM:classe,1,40
-3.043630,-59.928094,60,OSM:classe,1,40
-3.043508,-59.920976,40,OSM,0,
-3.043436,-59.925312,40,OSM,0,
-3.043429,-59.928049,40,OSM,0,
-3.043206,-59.928516,60,OSM:classe,1,40
-3.043190,-58.503411,60,OSM:classe,1,60
-3.043173,-59.922481,40,OSM,0,
-3.043151,-59.927223,40,OSM,0,
-3.043081,-59.928246,40,OSM,0,
-3.043047,-59.938869,60,OSM:classe,1,40
-3.043038,-59.985447,60,OSM,0,
-3.042907,-59.925200,40,OSM,0,
-3.042793,-59.920393,40,OSM,0,
-3.042791,-59.925181,40,OSM,0,
-3.042695,-59.919324,40,OSM,0,
-3.042676,-59.929441,40,OSM,0,
-3.042631,-60.009894,60,OSM,0,
-3.042571,-59.928189,40,OSM,0,
-3.042516,-58.722553,60,OSM:classe,1,50
-3.042414,-59.953681,60,OSM:classe,1,40
-3.042371,-59.925106,40,OSM,0,
-3.042300,-59.925092,40,OSM,0,
-3.042286,-59.304272,60,OSM:classe,1,40
-3.042259,-59.928757,40,OSM,0,
-3.042241,-58.507793,60,OSM:classe,1,60
-3.042182,-58.796897,100,OSM:classe,1,80
-3.042139,-59.929570,40,OSM,0,
-3.042127,-59.923743,40,OSM,0,
-3.042112,-59.930494,60,OSM:classe,1,40
-3.042076,-59.928158,40,OSM,0,
-3.042021,-60.009505,60,OSM,0,
-3.041927,-59.946953,60,OSM:classe,1,40
-3.041889,-59.928145,40,OSM,0,
-3.041869,-59.920308,40,OSM,0,
-3.041849,-59.919721,40,OSM,0,
-3.041814,-59.919234,40,OSM,0,
-3.041797,-59.929024,40,OSM,0,
-3.041743,-59.921517,40,OSM,0,
-3.041732,-59.929929,40,OSM,0,
-3.041686,-59.982666,60,OSM,0,
-3.041609,-59.923627,40,OSM,0,
-3.041561,-59.111048,60,OSM:classe,1,40
-3.041538,-59.941908,60,OSM:classe,1,60
-3.041526,-59.932074,60,OSM:classe,1,40
-3.041519,-59.928175,40,OSM,0,
-3.041464,-59.926421,40,OSM,0,
-3.041456,-58.512227,60,OSM:classe,1,60
-3.041423,-59.918361,40,OSM,0,
-3.041408,-59.982662,60,OSM,0,
-3.041386,-59.121101,80,OSM:classe,1,60
-3.041347,-59.928257,40,OSM,0,
-3.041342,-59.926976,40,OSM,0,
-3.041333,-59.929303,40,OSM,0,
-3.041328,-59.957018,60,OSM:classe,1,40
-3.041242,-59.930189,40,OSM,0,
-3.041156,-59.985519,60,OSM,0,
-3.041140,-57.560914,60,OSM:classe,1,40
-3.041138,-59.919283,40,OSM,0,
-3.041111,-59.927553,40,OSM,0,
-3.041072,-59.932480,60,OSM:classe,1,40
-3.041055,-59.923472,40,OSM,0,
-3.040993,-58.592786,60,OSM:classe,1,60
-3.040980,-59.920148,40,OSM,0,
-3.040935,-59.984923,60,OSM,0,
-3.040902,-59.922283,40,OSM,0,
-3.040891,-59.931593,40,OSM,0,
-3.040884,-59.926588,40,OSM,0,
-3.040879,-59.928541,40,OSM,0,
-3.040860,-59.929569,40,OSM,0,
-3.040850,-59.932913,60,OSM:classe,1,40
-3.040819,-59.919387,40,OSM,0,
-3.040809,-59.930379,40,OSM,0,
-3.040752,-59.921034,40,OSM,0,
-3.040685,-59.919882,40,OSM,0,
-3.040679,-60.070661,80,OSM:classe,1,60
-3.040679,-59.956818,60,OSM:classe,1,40
-3.040671,-58.516661,60,OSM:classe,1,60
-3.040631,-59.984805,60,OSM:classe,1,50
-3.040547,-58.801092,100,OSM:classe,1,80
-3.040542,-59.974326,60,OSM:classe,1,40
-3.040534,-59.930828,40,OSM,0,
-3.040417,-59.928835,40,OSM,0,
-3.040396,-59.929845,40,OSM,0,
-3.040311,-59.929919,40,OSM,0,
-3.040306,-59.982633,60,OSM,0,
-3.040296,-58.545209,60,OSM:classe,1,40
-3.040292,-59.984621,60,OSM,0,
-3.040275,-59.377126,60,OSM:classe,1,40
-3.040274,-59.931301,40,OSM,0,
-3.040252,-59.926986,40,OSM,0,
-3.040098,-59.984956,60,OSM:classe,1,50
-3.040084,-59.929329,40,OSM,0,
-3.040073,-59.936580,60,OSM:classe,1,40
-3.040057,-59.923189,40,OSM,0,
-3.039992,-59.931801,40,OSM,0,
-3.039965,-59.929127,40,OSM,0,
-3.039964,-60.025052,60,OSM,0,
-3.039958,-59.930329,40,OSM,0,
-3.039950,-60.025163,60,OSM,0,
-3.039862,-59.941233,60,OSM:classe,1,60
-3.039862,-59.934755,40,OSM,0,
-3.039831,-59.921979,40,OSM,0,
-3.039812,-59.984618,60,OSM:classe,1,50
-3.039784,-60.866458,60,OSM:classe,1,50
-3.039784,-59.933645,40,OSM,0,
-3.039721,-59.932272,40,OSM,0,
-3.039717,-59.946247,60,OSM:classe,1,40
-3.039700,-59.918599,40,OSM,0,
-3.039619,-59.930751,40,OSM,0,
-3.039601,-59.929333,40,OSM,0,
-3.039560,-59.930825,40,OSM,0,
-3.039557,-59.919268,40,OSM,0,
-3.039528,-59.933435,40,OSM,0,
-3.039508,-58.520974,60,OSM:classe,1,60
-3.039502,-59.932087,40,OSM,0,
-3.039465,-59.929994,40,OSM,0,
-3.039461,-59.927474,40,OSM,0,
-3.039423,-59.936053,60,OSM:classe,1,40
-3.039385,-59.946137,60,OSM:classe,1,40
-3.039344,-59.936315,60,OSM:classe,1,40
-3.039324,-59.934511,40,OSM,0,
-3.039309,-59.921917,40,OSM,0,
-3.039295,-58.719411,60,OSM:classe,1,50
-3.039270,-59.936341,60,OSM,0,
-3.039270,-59.931168,40,OSM,0,
-3.039239,-59.983758,60,OSM,0,
-3.039224,-59.933160,40,OSM,0,
-3.039223,-59.929518,40,OSM,0,
-3.039211,-59.935940,60,OSM:classe,1,40
-3.039203,-59.924550,40,OSM,0,
-3.039188,-59.946064,60,OSM:classe,1,40
-3.039175,-59.935948,60,OSM:classe,1,40
-3.039150,-59.918695,40,OSM,0,
-3.039146,-59.924893,40,OSM,0,
-3.039132,-59.929561,40,OSM,0,
-3.039109,-59.933063,40,OSM,0,
-3.039093,-59.930427,40,OSM,0,
-3.039070,-60.024891,60,OSM,0,
-3.039055,-59.930469,40,OSM,0,
-3.039050,-59.936213,60,OSM,0,
-3.039046,-59.936078,60,OSM:classe,1,40
-3.038997,-59.941123,40,OSM:classe,1,40
-3.038987,-59.926945,40,OSM,0,
-3.038972,-60.024979,60,OSM,0,
-3.038938,-59.925652,40,OSM,0,
-3.038912,-58.805286,100,OSM:classe,1,80
-3.038907,-59.972421,60,OSM:classe,1,40
-3.038865,-59.934176,40,OSM,0,
-3.038849,-59.932835,40,OSM,0,
-3.038831,-59.921441,40,OSM,0,
-3.038785,-59.937143,60,OSM:classe,1,40
-3.038764,-60.024781,60,OSM,0,
-3.038739,-59.929749,40,OSM,0,
-3.038727,-59.936968,60,OSM:classe,1,40
-3.038696,-59.932702,40,OSM,0,
-3.038678,-59.935699,40,OSM,0,
-3.038672,-59.930901,40,OSM,0,
-3.038668,-59.929782,40,OSM,0,
-3.038650,-59.924311,40,OSM,0,
-3.038647,-59.940835,60,OSM,0,
-3.038640,-59.928270,40,OSM,0,
-3.038616,-59.301712,60,OSM:classe,1,40
-3.038572,-59.926957,40,OSM,0,
-3.038565,-59.935791,60,OSM:classe,1,40
-3.038559,-60.024814,60,OSM,0,
-3.038521,-58.589086,60,OSM:classe,1,60
-3.038467,-59.940777,40,OSM:classe,1,40
-3.038444,-59.931160,40,OSM,0,
-3.038387,-60.024447,60,OSM,0,
-3.038285,-59.931351,40,OSM,0,
-3.038269,-59.929960,40,OSM,0,
-3.038265,-59.983474,60,OSM,0,
-3.038250,-59.921440,40,OSM,0,
-3.038249,-59.932302,40,OSM,0,
-3.038209,-59.934940,40,OSM,0,
-3.038185,-59.929997,40,OSM,0,
-3.038168,-59.918405,40,OSM,0,
-3.038128,-59.918640,40,OSM,0,
-3.038126,-59.983345,60,OSM,0,
-3.038119,-60.023662,40,OSM,0,
-3.038065,-59.924186,40,OSM,0,
-3.038058,-59.938211,40,OSM:classe,1,40
-3.038055,-60.023294,40,OSM,0,
-3.038048,-59.928431,40,OSM,0,
-3.038006,-59.935225,40,OSM,0,
-3.037993,-59.926938,40,OSM,0,
-3.037992,-59.925186,40,OSM,0,
-3.037891,-59.931795,40,OSM,0,
-3.037873,-59.932717,40,OSM,0,
-3.037851,-59.927740,40,OSM,0,
-3.037840,-60.024041,40,OSM,0,
-3.037838,-60.023270,40,OSM,0,
-3.037832,-59.108532,60,OSM:classe,1,40
-3.037803,-59.931927,40,OSM,0,
-3.037800,-59.934569,40,OSM,0,
-3.037773,-60.068487,60,OSM,0,
-3.037767,-59.940539,40,OSM:classe,1,40
-3.037761,-59.970570,60,OSM:classe,1,40
-3.037760,-59.930191,40,OSM,0,
-3.037731,-59.921010,40,OSM,0,
-3.037683,-59.930224,40,OSM,0,
-3.037665,-59.932194,40,OSM,0,
-3.037661,-60.023148,40,OSM,0,
-3.037643,-59.933105,40,OSM,0,
-3.037618,-58.584697,60,OSM:classe,1,60
-3.037605,-60.024683,60,OSM,0,
-3.037581,-59.983559,40,OSM:classe,1,40
-3.037580,-59.123499,80,OSM:classe,1,60
-3.037552,-59.982556,60,OSM,0,
-3.037548,-59.940590,40,OSM:classe,1,40
-3.037546,-59.928659,40,OSM,0,
-3.037527,-59.919082,40,OSM,0,
-3.037509,-59.929856,40,OSM,0,
-3.037495,-59.940301,60,OSM,0,
-3.037461,-59.932918,40,OSM,0,
-3.037418,-59.940040,60,OSM,0,
-3.037415,-59.983497,60,OSM,0,
-3.037411,-58.580199,60,OSM:classe,1,60
-3.037378,-59.983386,60,OSM,0,
-3.037376,-60.023980,40,OSM,0,
-3.037353,-60.023426,60,OSM,0,
-3.037304,-59.939531,60,OSM,0,
-3.037299,-58.558548,60,OSM:classe,1,60
-3.037282,-59.955712,60,OSM:classe,1,40
-3.037281,-60.024146,60,OSM,0,
-3.037281,-60.023369,40,OSM,0,
-3.037279,-59.931603,40,OSM,0,
-3.037277,-58.809481,100,OSM:classe,1,80
-3.037274,-60.023923,60,OSM,0,
-3.037273,-59.929358,40,OSM,0,
-3.037261,-59.930402,40,OSM,0,
-3.037256,-59.927818,40,OSM,0,
-3.037212,-59.940685,60,OSM,0,
-3.037204,-58.575701,60,OSM:classe,1,60
-3.037173,-59.939800,40,OSM:classe,1,40
-3.037163,-58.562976,60,OSM:classe,1,60
-3.037144,-59.939846,40,OSM:classe,1,40
-3.037134,-59.934611,40,OSM,0,
-3.037120,-60.024061,60,OSM,0,
-3.037120,-58.524778,60,OSM:classe,1,60
-3.037109,-60.002577,60,OSM,0,
-3.037090,-59.374697,60,OSM:classe,1,40
-3.037086,-58.573708,60,OSM:classe,1,60
-3.037016,-60.002625,60,OSM,0,
-3.037010,-60.068184,80,OSM:classe,1,60
-3.037007,-59.982890,60,OSM,0,
-3.036982,-58.571925,60,OSM:classe,1,60
-3.036947,-60.002278,60,OSM,0,
-3.036944,-59.939851,60,OSM,0,
-3.036921,-59.983918,60,OSM,0,
-3.036917,-60.023668,60,OSM,0,
-3.036884,-60.024959,60,OSM,0,
-3.036873,-60.068260,60,OSM,0,
-3.036873,-57.559708,60,OSM:classe,1,40
-3.036861,-59.922394,40,OSM,0,
-3.036836,-59.985966,60,OSM,0,
-3.036830,-59.939918,60,OSM,0,
-3.036830,-59.919836,40,OSM,0,
-3.036818,-60.023880,60,OSM,0,
-3.036806,-59.928381,40,OSM,0,
-3.036770,-59.930629,40,OSM,0,
-3.036725,-59.940649,40,OSM:classe,1,40
-3.036722,-58.567430,60,OSM:classe,1,60
-3.036684,-59.941227,60,OSM,0,
-3.036680,-59.973963,60,OSM:classe,1,40
-3.036674,-60.024527,60,OSM,0,
-3.036662,-59.931754,40,OSM,0,
-3.036651,-59.940462,60,OSM,0,
-3.036642,-60.024415,40,OSM:classe,1,40
-3.036623,-59.934267,40,OSM,0,
-3.036614,-59.927755,40,OSM,0,
-3.036581,-59.983812,60,OSM,0,
-3.036564,-59.955706,60,OSM:classe,1,40
-3.036562,-59.923588,40,OSM,0,
-3.036560,-59.983719,60,OSM,0,
-3.036493,-59.986497,60,OSM,0,
-3.036476,-60.001696,60,OSM:classe,1,60
-3.036442,-60.002080,60,OSM,0,
-3.036428,-60.023574,60,OSM,0,
-3.036427,-59.926468,40,OSM,0,
-3.036413,-60.001744,60,OSM:classe,1,60
-3.036395,-59.955915,60,OSM:classe,1,40
-3.036369,-59.933297,40,OSM,0,
-3.036362,-59.929797,40,OSM,0,
-3.036308,-59.940002,40,OSM:classe,1,40
-3.036295,-59.956819,60,OSM:classe,1,40
-3.036276,-59.930848,40,OSM,0,
-3.036172,-59.928643,40,OSM,0,
-3.036156,-59.955730,60,OSM:classe,1,40
-3.036152,-59.931919,40,OSM,0,
-3.036149,-59.942218,40,OSM:classe,1,40
-3.036113,-60.000837,60,OSM,0,
-3.036106,-59.929280,40,OSM,0,
-3.036095,-59.920735,40,OSM,0,
-3.036090,-59.927680,40,OSM,0,
-3.036084,-59.955647,60,OSM:classe,1,40
-3.036078,-59.942730,40,OSM,0,
-3.036074,-58.716269,60,OSM:classe,1,50
-3.036070,-60.001555,60,OSM,0,
-3.036035,-59.942462,20,OSM,0,
-3.035990,-59.920018,40,OSM,0,
-3.035988,-60.024105,60,OSM,0,
-3.035983,-60.022812,60,OSM,0,
-3.035979,-59.939793,60,OSM,0,
-3.035977,-60.000560,60,OSM:classe,1,60
-3.035947,-59.928791,40,OSM,0,
-3.035945,-60.024980,60,OSM,0,
-3.035944,-59.928947,40,OSM,0,
-3.035937,-59.929271,40,OSM,0,
-3.035926,-60.000170,60,OSM,0,
-3.035915,-58.529113,60,OSM:classe,1,60
-3.035899,-60.000587,60,OSM:classe,1,60
-3.035885,-59.942560,40,OSM:classe,1,40
-3.035884,-59.942565,60,OSM,0,
-3.035880,-59.960538,60,OSM:classe,1,40
-3.035849,-58.545876,60,OSM:classe,1,40
-3.035822,-59.930593,40,OSM,0,
-3.035820,-60.868584,60,OSM:classe,1,50
-3.035817,-58.878850,60,OSM:classe,1,40
-3.035813,-60.001018,60,OSM,0,
-3.035812,-60.000043,60,OSM,0,
-3.035807,-60.001140,60,OSM:classe,1,40
-3.035805,-60.001080,60,OSM:classe,1,40
-3.035800,-59.931064,40,OSM,0,
-3.035798,-59.998959,60,OSM,0,
-3.035784,-60.023298,60,OSM,0,
-3.035782,-59.931256,40,OSM,0,
-3.035770,-59.960216,60,OSM:classe,1,40
-3.035764,-59.943504,20,OSM,0,
-3.035729,-59.943606,20,OSM,0,
-3.035727,-59.999431,60,OSM,0,
-3.035690,-59.932085,40,OSM,0,
-3.035663,-59.929251,40,OSM,0,
-3.035658,-60.022428,60,OSM,0,
-3.035651,-59.960884,60,OSM:classe,1,40
-3.035642,-58.813676,100,OSM:classe,1,80
-3.035639,-59.961260,60,OSM:classe,1,40
-3.035632,-59.933683,40,OSM,0,
-3.035616,-59.917544,40,OSM,0,
-3.035614,-59.925166,40,OSM,0,
-3.035610,-59.972664,60,OSM:classe,1,40
-3.035600,-59.932930,40,OSM,0,
-3.035579,-59.943737,20,OSM,0,
-3.035568,-59.943771,20,OSM,0,
-3.035553,-60.022658,60,OSM,0,
-3.035553,-59.943818,20,OSM,0,
-3.035549,-60.001376,60,OSM:classe,1,40
-3.035549,-60.001205,60,OSM:classe,1,40
-3.035536,-60.026012,60,OSM,0,
-3.035534,-59.920960,40,OSM,0,
-3.035532,-59.943390,20,OSM,0,
-3.035525,-59.933497,40,OSM,0,
-3.035525,-59.933303,40,OSM,0,
-3.035496,-59.944807,60,OSM:classe,1,40
-3.035494,-59.996455,60,OSM,0,
-3.035494,-59.943438,20,OSM,0,
-3.035491,-59.943746,20,OSM,0,
-3.035485,-59.919254,40,OSM,0,
-3.035483,-59.930719,40,OSM,0,
-3.035475,-59.943792,20,OSM,0,
-3.035463,-59.933406,60,OSM:classe,1,40
-3.035447,-59.944139,20,OSM,0,
-3.035391,-59.933409,40,OSM,0,
-3.035371,-59.944115,20,OSM,0,
-3.035327,-59.944501,20,OSM,0,
-3.035327,-59.932199,40,OSM,0,
-3.035283,-59.945432,60,OSM,0,
-3.035280,-59.984412,60,OSM,0,
-3.035275,-59.984263,60,OSM,0,
-3.035268,-59.928897,40,OSM,0,
-3.035267,-59.922061,40,OSM,0,
-3.035266,-60.026974,60,OSM,0,
-3.035254,-59.944475,20,OSM,0,
-3.035242,-59.943571,60,OSM,0,
-3.035197,-58.554577,60,OSM:classe,1,60
-3.035182,-59.924486,40,OSM,0,
-3.035123,-59.994377,60,OSM,0,
-3.035085,-59.945213,20,OSM,0,
-3.035069,-59.945256,20,OSM,0,
-3.035044,-60.021998,60,OSM,0,
-3.035018,-59.945593,20,OSM,0,
-3.034999,-59.945185,20,OSM,0,
-3.034992,-59.993715,60,OSM,0,
-3.034988,-59.299105,60,OSM:classe,1,40
-3.034984,-59.945228,20,OSM,0,
-3.034978,-59.923214,40,OSM,0,
-3.034977,-59.925058,40,OSM,0,
-3.034963,-59.945652,20,OSM,0,
-3.034924,-60.021822,60,OSM,0,
-3.034921,-59.921027,40,OSM,0,
-3.034903,-59.945365,20,OSM,0,
-3.034889,-59.933198,60,OSM:classe,1,40
-3.034874,-59.925324,40,OSM,0,
-3.034854,-59.931792,40,OSM,0,
-3.034815,-60.068583,60,OSM,0,
-3.034802,-59.967179,60,OSM:classe,1,40
-3.034788,-59.945445,20,OSM,0,
-3.034759,-59.945520,40,OSM,0,
-3.034749,-58.533462,60,OSM:classe,1,60
-3.034739,-59.993614,60,OSM,0,
-3.034735,-59.926867,40,OSM,0,
-3.034698,-59.924367,40,OSM,0,
-3.034681,-59.929493,40,OSM,0,
-3.034657,-59.918337,40,OSM,0,
-3.034624,-59.929285,40,OSM,0,
-3.034499,-59.924430,40,OSM,0,
-3.034466,-60.001178,60,OSM:classe,1,40
-3.034450,-60.020876,60,OSM,0,
-3.034448,-59.923090,40,OSM,0,
-3.034436,-59.931575,40,OSM,0,
-3.034408,-59.919139,40,OSM,0,
-3.034389,-59.946783,60,OSM,0,
-3.034346,-59.921200,40,OSM,0,
-3.034342,-59.993157,60,OSM,0,
-3.034316,-59.927665,40,OSM,0,
-3.034293,-59.921016,40,OSM,0,
-3.034289,-59.932735,40,OSM,0,
-3.034279,-59.927722,40,OSM,0,
-3.034200,-59.924126,40,OSM,0,
-3.034193,-59.929772,40,OSM,0,
-3.034152,-59.946991,40,OSM,0,
-3.034102,-59.106017,60,OSM:classe,1,40
-3.034080,-59.373548,60,OSM:classe,1,40
-3.034061,-59.931348,40,OSM,0,
-3.034038,-60.020596,60,OSM,0,
-3.034038,-59.919295,40,OSM,0,
-3.034007,-58.817871,100,OSM:classe,1,80
-3.033997,-59.993144,60,OSM,0,
-3.033980,-59.919626,40,OSM,0,
-3.033979,-60.068276,40,OSM:classe,1,40
-3.033904,-59.920169,40,OSM,0,
-3.033873,-59.947641,40,OSM:classe,1,40
-3.033829,-59.920695,40,OSM,0,
-3.033789,-59.920981,40,OSM,0,
-3.033754,-59.921230,40,OSM,0,
-3.033751,-60.029322,60,OSM,0,
-3.033726,-59.125819,80,OSM:classe,1,60
-3.033703,-59.930546,40,OSM,0,
-3.033695,-60.068502,60,OSM,0,
-3.033593,-59.931074,40,OSM,0,
-3.033584,-58.537811,60,OSM:classe,1,60
-3.033553,-59.928445,40,OSM,0,
-3.033519,-59.377245,60,OSM:classe,1,40
-3.033469,-59.924231,40,OSM,0,
-3.033445,-59.928840,40,OSM,0,
-3.033404,-59.922828,40,OSM,0,
-3.033392,-60.068404,40,OSM:classe,1,40
-3.033303,-59.919534,40,OSM,0,
-3.033178,-59.963738,60,OSM:classe,1,40
-3.033151,-59.984625,60,OSM,0,
-3.033125,-59.921635,40,OSM,0,
-3.033108,-59.929989,40,OSM,0,
-3.033088,-59.992583,60,OSM,0,
-3.033080,-59.924135,40,OSM,0,
-3.033073,-59.920003,40,OSM,0,
-3.033071,-59.986562,60,OSM,0,
-3.033041,-59.965161,60,OSM:classe,1,40
-3.033031,-59.984821,60,OSM,0,
-3.033027,-59.920568,40,OSM,0,
-3.032989,-59.381490,60,OSM:classe,1,40
-3.032960,-59.928410,40,OSM,0,
-3.032913,-58.550699,60,OSM:classe,1,60
-3.032893,-60.018915,60,OSM,0,
-3.032853,-60.019053,60,OSM,0,
-3.032841,-58.713144,60,OSM:classe,1,50
-3.032802,-59.937939,60,OSM:classe,1,60
-3.032745,-59.923161,40,OSM,0,
-3.032697,-59.931551,40,OSM,0,
-3.032693,-59.964642,60,OSM:classe,1,40
-3.032666,-59.921036,40,OSM,0,
-3.032620,-60.067826,80,OSM:classe,1,60
-3.032600,-59.921528,40,OSM,0,
-3.032557,-59.992464,60,OSM,0,
-3.032513,-59.385577,60,OSM:classe,1,40
-3.032490,-59.950883,60,OSM,0,
-3.032465,-59.991992,60,OSM,0,
-3.032462,-59.964992,60,OSM:classe,1,40
-3.032451,-59.928247,40,OSM,0,
-3.032448,-59.951290,60,OSM,0,
-3.032437,-59.925654,40,OSM,0,
-3.032421,-57.559109,60,OSM:classe,1,40
-3.032418,-58.542160,60,OSM:classe,1,60
-3.032400,-59.984611,60,OSM,0,
-3.032393,-59.985854,60,OSM:classe,1,60
-3.032389,-59.986548,60,OSM,0,
-3.032382,-59.925257,40,OSM,0,
-3.032374,-59.987116,60,OSM:classe,1,60
-3.032372,-58.822065,100,OSM:classe,1,80
-3.032363,-59.986548,60,OSM:classe,1,40
-3.032363,-59.985730,60,OSM:classe,1,60
-3.032342,-59.926244,40,OSM,0,
-3.032322,-59.989783,60,OSM:classe,1,40
-3.032312,-59.990739,60,OSM:classe,1,40
-3.032307,-59.991439,60,OSM,0,
-3.032299,-59.964367,60,OSM:classe,1,60
-3.032284,-59.986094,20,OSM,0,
-3.032265,-59.924101,40,OSM,0,
-3.032257,-59.964983,60,OSM:classe,1,60
-3.032240,-59.931323,40,OSM,0,
-3.032231,-59.986207,40,OSM,0,
-3.032229,-59.986403,40,OSM,0,
-3.032228,-59.986549,40,OSM,0,
-3.032228,-59.986096,20,OSM,0,
-3.032201,-59.984752,60,OSM,0,
-3.032190,-59.964948,60,OSM:classe,1,60
-3.032188,-59.988348,40,OSM,0,
-3.032171,-59.989594,60,OSM:classe,1,60
-3.032169,-59.985861,20,OSM,0,
-3.032160,-59.929350,40,OSM,0,
-3.032146,-59.990878,60,OSM:classe,1,40
-3.032144,-59.986224,20,OSM,0,
-3.032142,-59.991482,60,OSM:classe,1,60
-3.032123,-59.986224,20,OSM,0,
-3.032113,-59.985588,20,OSM,0,
-3.032110,-59.986441,20,OSM,0,
-3.032109,-59.986549,20,OSM,0,
-3.032104,-59.985955,20,OSM,0,
-3.032074,-59.921415,40,OSM,0,
-3.032065,-59.986216,20,OSM,0,
-3.032061,-59.964766,60,OSM:classe,1,60
-3.032050,-59.985990,20,OSM,0,
-3.032039,-59.989581,60,OSM:classe,1,60
-3.032030,-59.923870,40,OSM,0,
-3.032012,-60.075679,20,OSM,0,
-3.032006,-59.991662,60,OSM,0,
-3.031995,-60.018293,60,OSM,0,
-3.031987,-59.990881,60,OSM:classe,1,60
-3.031932,-59.986072,20,OSM,0,
-3.031924,-59.985766,20,OSM,0,
-3.031874,-59.989584,60,OSM:classe,1,40
-3.031872,-59.985806,20,OSM,0,
-3.031857,-60.870710,60,OSM:classe,1,50
-3.031835,-59.990714,60,OSM:classe,1,40
-3.031823,-59.991245,60,OSM:classe,1,40
-3.031821,-60.018327,60,OSM,0,
-3.031817,-58.877016,60,OSM:classe,1,40
-3.031784,-59.930908,40,OSM,0,
-3.031751,-59.930865,60,OSM:classe,1,40
-3.031738,-59.923934,40,OSM,0,
-3.031676,-59.952330,40,OSM:classe,1,40
-3.031658,-59.964136,60,OSM:classe,1,60
-3.031535,-59.925134,40,OSM,0,
-3.031525,-59.296252,60,OSM:classe,1,40
-3.031458,-59.923902,40,OSM,0,
-3.031447,-59.921292,40,OSM,0,
-3.031402,-58.546543,60,OSM:classe,1,60
-3.031377,-59.925618,40,OSM,0,
-3.031366,-59.984947,20,OSM,0,
-3.031348,-59.984219,60,OSM,0,
-3.031335,-59.984999,20,OSM,0,
-3.031332,-59.984338,60,OSM,0,
-3.031269,-59.985072,20,OSM,0,
-3.031268,-59.930559,40,OSM,0,
-3.031231,-59.988645,60,OSM:classe,1,40
-3.031214,-59.985123,20,OSM,0,
-3.031213,-59.930604,60,OSM:classe,1,40
-3.031169,-59.984880,20,OSM,0,
-3.031148,-59.963772,60,OSM:classe,1,60
-3.031115,-59.985191,20,OSM,0,
-3.031113,-60.045029,20,OSM,0,
-3.031109,-60.047143,20,OSM,0,
-3.031082,-59.984875,20,OSM,0,
-3.031032,-59.985011,20,OSM,0,
-3.030981,-59.922246,40,OSM,0,
-3.030973,-59.920341,40,OSM,0,
-3.030917,-59.103043,60,OSM:classe,1,40
-3.030915,-59.923748,40,OSM,0,
-3.030914,-59.932746,40,OSM,0,
-3.030908,-59.922405,40,OSM,0,
-3.030837,-59.985010,60,OSM:classe,1,60
-3.030832,-59.930250,40,OSM,0,
-3.030765,-59.984438,60,OSM,0,
-3.030737,-58.826260,100,OSM:classe,1,80
-3.030698,-59.920913,40,OSM,0,
-3.030678,-59.922908,40,OSM,0,
-3.030668,-59.926043,40,OSM,0,
-3.030627,-59.984391,60,OSM,0,
-3.030619,-59.920788,40,OSM,0,
-3.030590,-59.920858,40,OSM,0,
-3.030550,-59.984590,40,OSM,0,
-3.030401,-59.923589,40,OSM,0,
-3.030370,-59.967235,60,OSM:classe,1,60
-3.030351,-59.984630,20,OSM,0,
-3.030318,-59.921380,40,OSM,0,
-3.030313,-60.017967,60,OSM,0,
-3.030296,-59.929963,40,OSM,0,
-3.030295,-59.919217,40,OSM,0,
-3.030278,-59.923918,40,OSM,0,
-3.030232,-59.971722,60,OSM:classe,1,60
-3.030181,-59.920067,40,OSM,0,
-3.030166,-59.972588,60,OSM:classe,1,60
-3.030145,-59.929878,60,OSM:classe,1,40
-3.030137,-60.045955,60,OSM,0,
-3.030133,-59.925946,40,OSM,0,
-3.030130,-59.984943,60,OSM,0,
-3.030099,-59.968607,60,OSM:classe,1,60
-3.030086,-59.975685,60,OSM:classe,1,60
-3.030054,-59.085262,60,OSM:classe,1,40
-3.030015,-59.984827,60,OSM,0,
-3.029995,-60.017873,60,OSM,0,
-3.029994,-60.075353,20,OSM,0,
-3.029991,-60.076388,20,OSM,0,
-3.029984,-59.930423,40,OSM,0,
-3.029972,-59.919681,40,OSM,0,
-3.029971,-59.980186,60,OSM:classe,1,60
-3.029970,-60.001089,60,OSM:classe,1,40
-3.029970,-59.980274,60,OSM:classe,1,60
-3.029957,-59.980670,40,OSM:classe,1,40
-3.029909,-59.924799,40,OSM,0,
-3.029903,-59.972604,60,OSM:classe,1,60
-3.029897,-59.975844,60,OSM:classe,1,60
-3.029875,-60.046070,60,OSM,0,
-3.029858,-59.098667,60,OSM:classe,1,40
-3.029856,-59.128110,80,OSM:classe,1,60
-3.029842,-59.929563,40,OSM,0,
-3.029838,-59.971712,60,OSM:classe,1,60
-3.029814,-59.980346,60,OSM:classe,1,60
-3.029798,-59.980064,40,OSM:classe,1,40
-3.029762,-60.066661,60,OSM,0,
-3.029762,-60.035597,60,OSM,0,
-3.029759,-59.919252,40,OSM,0,
-3.029758,-59.981832,60,OSM:classe,1,40
-3.029733,-59.980201,40,OSM:classe,1,40
-3.029718,-59.089753,60,OSM:classe,1,40
-3.029690,-59.922515,40,OSM,0,
-3.029593,-59.981837,60,OSM:classe,1,40
-3.029577,-59.982501,40,OSM:classe,1,40
-3.029576,-60.076671,20,OSM,0,
-3.029549,-59.930131,40,OSM,0,
-3.029498,-60.043246,40,OSM:classe,1,40
-3.029497,-59.923543,40,OSM,0,
-3.029482,-59.920153,40,OSM,0,
-3.029443,-59.929291,40,OSM,0,
-3.029424,-59.922702,40,OSM,0,
-3.029387,-60.043844,40,OSM:classe,1,40
-3.029383,-59.919376,40,OSM,0,
-3.029382,-59.094243,60,OSM:classe,1,40
-3.029358,-59.985042,60,OSM,0,
-3.029331,-59.929292,40,OSM,0,
-3.029327,-59.981833,60,OSM:classe,1,40
-3.029302,-59.985267,60,OSM,0,
-3.029301,-60.049640,40,OSM:classe,1,40
-3.029290,-59.927215,40,OSM,0,
-3.029180,-59.931603,40,OSM,0,
-3.029119,-59.918970,40,OSM,0,
-3.029102,-58.830455,100,OSM:classe,1,80
-3.029090,-60.042691,40,OSM:classe,1,40
-3.029000,-59.927011,40,OSM,0,
-3.028986,-59.919825,40,OSM,0,
-3.028984,-59.923315,40,OSM,0,
-3.028979,-60.076612,20,OSM,0,
-3.028946,-59.981828,60,OSM:classe,1,40
-3.028876,-59.928887,40,OSM,0,
-3.028854,-58.711063,60,OSM:classe,1,50
-3.028851,-58.873631,60,OSM:classe,1,40
-3.028844,-59.920409,40,OSM,0,
-3.028838,-59.935812,60,OSM:classe,1,60
-3.028803,-58.831221,60,OSM:classe,1,60
-3.028798,-60.065556,80,OSM:classe,1,60
-3.028797,-60.037402,60,OSM,0,
-3.028791,-60.041570,40,OSM:classe,1,40
-3.028759,-59.917966,40,OSM,0,
-3.028736,-60.051617,60,OSM,0,
-3.028736,-59.920357,40,OSM,0,
-3.028734,-59.931303,40,OSM,0,
-3.028657,-60.040426,60,OSM,0,
-3.028645,-60.075077,20,OSM,0,
-3.028640,-60.075128,20,OSM,0,
-3.028634,-59.385890,60,OSM:classe,1,40
-3.028632,-59.081158,60,OSM:classe,1,40
-3.028608,-60.037462,60,OSM,0,
-3.028571,-59.919132,40,OSM,0,
-3.028570,-59.920855,40,OSM,0,
-3.028517,-59.918510,40,OSM,0,
-3.028506,-59.931902,40,OSM,0,
-3.028487,-60.038867,60,OSM,0,
-3.028452,-60.018425,60,OSM,0,
-3.028344,-60.039358,60,OSM,0,
-3.028343,-59.928580,40,OSM,0,
-3.028269,-59.921260,40,OSM,0,
-3.028264,-60.018410,60,OSM,0,
-3.028249,-57.558002,60,OSM:classe,1,40
-3.028157,-59.925765,40,OSM,0,
-3.028125,-59.921522,40,OSM,0,
-3.028078,-59.986819,60,OSM:classe,1,40
-3.028039,-59.928323,60,OSM:classe,1,40
-3.028028,-59.921770,40,OSM,0,
-3.027953,-59.919133,40,OSM,0,
-3.027929,-59.928247,40,OSM,0,
-3.027893,-60.872837,60,OSM:classe,1,50
-3.027881,-59.926635,40,OSM,0,
-3.027875,-59.931609,40,OSM,0,
-3.027844,-59.919483,40,OSM,0,
-3.027804,-59.961257,60,OSM:classe,1,60
-3.027711,-59.959473,60,OSM,0,
-3.027709,-60.053950,60,OSM,0,
-3.027660,-59.959880,60,OSM:classe,1,40
-3.027658,-59.294378,60,OSM:classe,1,40
-3.027639,-59.925605,40,OSM,0,
-3.027571,-59.960854,60,OSM,0,
-3.027554,-59.917874,40,OSM,0,
-3.027535,-59.916354,60,OSM,0,
-3.027522,-59.960960,60,OSM,0,
-3.027410,-59.959624,60,OSM,0,
-3.027407,-59.928123,40,OSM,0,
-3.027379,-59.989507,60,OSM:classe,1,40
-3.027356,-59.959751,60,OSM:classe,1,40
-3.027324,-59.923422,40,OSM,0,
-3.027284,-59.925088,40,OSM,0,
-3.027281,-59.960162,60,OSM,0,
-3.027280,-59.924295,40,OSM,0,
-3.027252,-59.928642,40,OSM,0,
-3.027245,-59.985107,40,OSM,0,
-3.027187,-60.064100,60,OSM,0,
-3.027158,-59.921205,40,OSM,0,
-3.027089,-60.061681,80,OSM:classe,1,60
-3.027015,-59.984816,60,OSM,0,
-3.026998,-59.919456,40,OSM,0,
-3.026995,-59.921587,40,OSM,0,
-3.026959,-59.919302,40,OSM,0,
-3.026934,-59.985368,60,OSM,0,
-3.026912,-59.927903,40,OSM,0,
-3.026901,-60.074649,20,OSM,0,
-3.026893,-59.959832,60,OSM:classe,1,40
-3.026882,-59.927967,40,OSM,0,
-3.026874,-58.869681,60,OSM:classe,1,40
-3.026862,-60.060768,60,OSM,0,
-3.026823,-59.919952,40,OSM,0,
-3.026779,-59.928621,40,OSM,0,
-3.026737,-59.918376,40,OSM,0,
-3.026727,-59.956955,60,OSM:classe,1,40
-3.026697,-59.959817,60,OSM:classe,1,40
-3.026686,-59.918847,40,OSM,0,
-3.026668,-59.923499,40,OSM,0,
-3.026654,-59.920948,40,OSM,0,
-3.026649,-59.984782,40,OSM,0,
-3.026612,-59.921661,40,OSM,0,
-3.026559,-59.989493,60,OSM:classe,1,40
-3.026548,-59.981838,60,OSM:classe,1,40
-3.026541,-59.981988,60,OSM:classe,1,40
-3.026527,-59.981065,60,OSM:classe,1,40
-3.026467,-59.389714,60,OSM:classe,1,40
-3.026435,-59.985355,40,OSM,0,
-3.026412,-59.920230,40,OSM,0,
-3.026347,-59.926157,40,OSM,0,
-3.026340,-59.986761,60,OSM:classe,1,40
-3.026335,-59.984440,40,OSM,0,
-3.026328,-60.056216,60,OSM,0,
-3.026315,-60.001017,60,OSM:classe,1,40
-3.026309,-59.924371,40,OSM,0,
-3.026261,-59.924545,40,OSM,0,
-3.026227,-59.985827,40,OSM,0,
-3.026224,-59.927761,60,OSM:classe,1,40
-3.026213,-59.981033,60,OSM:classe,1,40
-3.026168,-59.918144,40,OSM,0,
-3.026159,-59.920906,40,OSM,0,
-3.026151,-59.077402,60,OSM:classe,1,40
-3.026150,-58.833923,60,OSM:classe,1,60
-3.026146,-59.921195,40,OSM,0,
-3.026134,-59.915105,60,OSM,0,
-3.026092,-60.057312,80,OSM:classe,1,60
-3.026085,-60.057296,60,OSM,0,
-3.026072,-60.057860,60,OSM,0,
-3.026069,-59.912330,60,OSM,0,
-3.026045,-59.989250,60,OSM:classe,1,40
-3.026036,-59.928643,40,OSM,0,
-3.026017,-59.923426,40,OSM,0,
-3.025998,-59.929113,40,OSM,0,
-3.025985,-59.130402,80,OSM:classe,1,60
-3.025959,-59.917717,40,OSM,0,
-3.025921,-60.056686,60,OSM,0,
-3.025916,-59.914572,60,OSM,0,
-3.025905,-59.984822,60,OSM,0,
-3.025892,-59.927589,40,OSM,0,
-3.025867,-59.919903,40,OSM,0,
-3.025850,-59.929238,40,OSM,0,
-3.025839,-60.020641,60,OSM,0,
-3.025827,-59.925992,40,OSM,0,
-3.025825,-60.057024,20,OSM,0,
-3.025748,-59.924383,40,OSM,0,
-3.025654,-60.057221,20,OSM,0,
-3.025600,-59.985330,60,OSM,0,
-3.025582,-60.020896,60,OSM,0,
-3.025519,-58.708197,60,OSM:classe,1,50
-3.025505,-60.056737,60,OSM,0,
-3.025430,-59.919023,40,OSM,0,
-3.025392,-59.918930,40,OSM,0,
-3.025364,-60.056955,60,OSM,0,
-3.025360,-59.927424,40,OSM,0,
-3.025260,-59.918636,40,OSM,0,
-3.025210,-59.918533,40,OSM,0,
-3.025204,-59.953345,60,OSM:classe,1,40
-3.025198,-60.021553,40,OSM:classe,1,40
-3.025173,-59.929800,40,OSM,0,
-3.025151,-60.021310,60,OSM,0,
-3.025147,-60.021410,80,OSM:classe,1,60
-3.025142,-59.924192,40,OSM,0,
-3.025130,-59.985297,60,OSM,0,
-3.025109,-59.984934,60,OSM,0,
-3.025100,-59.924505,40,OSM,0,
-3.025060,-60.021679,40,OSM:classe,1,40
-3.025056,-60.000993,60,OSM:classe,1,40
-3.025036,-60.021172,60,OSM,0,
-3.025035,-59.922558,40,OSM,0,
-3.025022,-59.933765,60,OSM:classe,1,60
-3.024988,-59.933911,60,OSM,0,
-3.024981,-59.959759,60,OSM:classe,1,40
-3.024980,-59.918112,40,OSM,0,
-3.024953,-60.021544,60,OSM,0,
-3.024951,-58.865611,60,OSM:classe,1,40
-3.024903,-59.933903,60,OSM:classe,1,60
-3.024862,-59.933839,60,OSM:classe,1,60
-3.024846,-59.907150,60,OSM,0,
-3.024830,-59.927258,40,OSM,0,
-3.024827,-59.908891,60,OSM,0,
-3.024819,-59.933962,60,OSM:classe,1,60
-3.024808,-59.919875,40,OSM,0,
-3.024786,-59.900743,60,OSM,0,
-3.024770,-60.021342,60,OSM,0,
-3.024766,-59.925656,40,OSM,0,
-3.024749,-59.901386,60,OSM,0,
-3.024735,-60.000747,60,OSM:classe,1,40
-3.024684,-59.950679,60,OSM:classe,1,40
-3.024644,-59.930276,40,OSM,0,
-3.024598,-59.919437,40,OSM,0,
-3.024581,-60.021818,60,OSM,0,
-3.024576,-59.919388,40,OSM,0,
-3.024570,-59.929394,40,OSM,0,
-3.024496,-59.931009,40,OSM,0,
-3.024467,-59.922799,40,OSM,0,
-3.024465,-59.920510,40,OSM,0,
-3.024460,-59.926568,40,OSM,0,
-3.024425,-59.949351,60,OSM:classe,1,40
-3.024407,-59.900234,60,OSM,0,
-3.024406,-59.931503,40,OSM,0,
-3.024345,-59.920057,40,OSM,0,
-3.024290,-59.931853,40,OSM,0,
-3.024261,-59.927167,40,OSM,0,
-3.024260,-57.556359,60,OSM:classe,1,40
-3.024191,-59.930077,40,OSM,0,
-3.024186,-59.902330,60,OSM,0,
-3.024175,-59.918494,40,OSM,0,
-3.024171,-60.022373,60,OSM,0,
-3.024123,-59.929195,40,OSM,0,
-3.024107,-59.902879,60,OSM,0,
-3.024083,-59.932150,40,OSM,0,
-3.024014,-59.922764,40,OSM,0,
-3.023955,-59.928001,40,OSM,0,
-3.023930,-60.874963,60,OSM:classe,1,50
-3.023914,-59.996457,60,OSM:classe,1,40
-3.023875,-59.932426,40,OSM,0,
-3.023762,-59.926952,60,OSM:classe,1,40
-3.023756,-59.948027,40,OSM,0,
-3.023754,-59.880853,60,OSM,0,
-3.023753,-59.929916,40,OSM,0,
-3.023721,-59.918690,40,OSM,0,
-3.023709,-59.942857,40,OSM,0,
-3.023685,-59.886940,60,OSM,0,
-3.023681,-59.945776,60,OSM:classe,1,40
-3.023671,-59.073646,60,OSM:classe,1,40
-3.023584,-60.056674,60,OSM,0,
-3.023553,-59.296204,60,OSM:classe,1,40
-3.023451,-59.920722,40,OSM,0,
-3.023447,-59.922763,40,OSM,0,
-3.023417,-59.917842,40,OSM,0,
-3.023385,-59.929526,40,OSM,0,
-3.023349,-59.959708,60,OSM:classe,1,40
-3.023341,-59.923939,40,OSM,0,
-3.023311,-59.926869,60,OSM:classe,1,40
-3.023303,-59.929801,40,OSM,0,
-3.023283,-59.928363,40,OSM,0,
-3.023255,-59.918912,40,OSM,0,
-3.023184,-59.930055,40,OSM,0,
-3.023173,-59.932642,40,OSM,0,
-3.023143,-59.935256,60,OSM:classe,1,60
-3.023060,-59.899597,60,OSM,0,
-3.022918,-59.920792,40,OSM,0,
-3.022917,-59.917813,40,OSM,0,
-3.022911,-59.885003,60,OSM,0,
-3.022895,-59.920213,40,OSM,0,
-3.022884,-59.920037,40,OSM,0,
-3.022826,-59.919638,40,OSM,0,
-3.022756,-58.704645,60,OSM:classe,1,50
-3.022732,-59.919155,40,OSM,0,
-3.022724,-59.980959,40,OSM,0,
-3.022675,-58.836781,60,OSM:classe,1,60
-3.022588,-59.980954,40,OSM,0,
-3.022526,-59.875329,60,OSM,0,
-3.022521,-59.876002,60,OSM,0,
-3.022518,-59.895055,60,OSM,0,
-3.022513,-59.894201,60,OSM,0,
-3.022503,-59.929658,40,OSM,0,
-3.022501,-59.927711,40,OSM,0,
-3.022499,-59.929344,40,OSM,0,
-3.022426,-59.980950,40,OSM,0,
-3.022376,-59.999189,40,OSM,0,
-3.022362,-59.390873,60,OSM:classe,1,40
-3.022343,-59.928784,40,OSM,0,
-3.022341,-58.861950,60,OSM:classe,1,40
-3.022328,-59.929363,40,OSM,0,
-3.022322,-59.917835,40,OSM,0,
-3.022267,-59.984886,60,OSM,0,
-3.022212,-59.985210,60,OSM,0,
-3.022199,-59.929499,40,OSM,0,
-3.022178,-59.928300,40,OSM,0,
-3.022143,-59.897779,60,OSM,0,
-3.022121,-59.999650,40,OSM,0,
-3.022114,-59.132694,80,OSM:classe,1,60
-3.022095,-59.984882,60,OSM,0,
-3.022069,-59.927839,40,OSM,0,
-3.022064,-59.874831,60,OSM,0,
-3.022056,-59.889424,60,OSM,0,
-3.021996,-59.930494,40,OSM,0,
-3.021975,-59.985198,60,OSM,0,
-3.021972,-59.991643,40,OSM,0,
-3.021968,-59.999048,40,OSM,0,
-3.021966,-59.945678,60,OSM:classe,1,40
-3.021964,-59.992025,40,OSM,0,
-3.021961,-59.896508,60,OSM,0,
-3.021952,-59.998536,40,OSM,0,
-3.021942,-59.926386,60,OSM:classe,1,40
-3.021925,-59.878036,60,OSM,0,
-3.021902,-59.924397,40,OSM,0,
-3.021889,-59.927850,60,OSM:classe,1,40
-3.021745,-59.992444,40,OSM,0,
-3.021740,-59.923234,40,OSM,0,
-3.021703,-59.927776,60,OSM:classe,1,40
-3.021701,-59.959655,60,OSM:classe,1,40
-3.021585,-59.992650,40,OSM,0,
-3.021581,-60.057715,60,OSM,0,
-3.021557,-59.982112,40,OSM,0,
-3.021554,-59.981583,40,OSM,0,
-3.021550,-59.989160,60,OSM:classe,1,40
-3.021549,-59.982657,40,OSM,0,
-3.021545,-59.991593,40,OSM,0,
-3.021539,-59.983214,40,OSM,0,
-3.021537,-59.983758,40,OSM,0,
-3.021536,-59.922064,40,OSM,0,
-3.021533,-59.997790,40,OSM,0,
-3.021530,-59.924409,40,OSM,0,
-3.021490,-59.984265,40,OSM,0,
-3.021418,-60.006690,20,OSM,0,
-3.021405,-59.994155,40,OSM,0,
-3.021350,-60.057626,80,OSM:classe,1,60
-3.021349,-59.992147,40,OSM,0,
-3.021286,-59.991472,40,OSM,0,
-3.021285,-59.925691,40,OSM,0,
-3.021275,-60.006510,20,OSM,0,
-3.021153,-59.891738,60,OSM,0,
-3.021117,-59.922156,40,OSM,0,
-3.021103,-59.991675,40,OSM,0,
-3.021095,-59.825952,60,OSM,0,
-3.021025,-59.996982,40,OSM,0,
-3.021020,-59.991789,40,OSM,0,
-3.020994,-60.007112,20,OSM,0,
-3.020903,-60.164665,60,OSM:classe,1,40
-3.020827,-59.997621,40,OSM,0,
-3.020760,-59.993571,40,OSM,0,
-3.020686,-59.998688,40,OSM,0,
-3.020668,-60.006692,20,OSM,0,
-3.020628,-60.006722,20,OSM,0,
-3.020615,-59.993397,40,OSM,0,
-3.020614,-59.959633,60,OSM:classe,1,40
-3.020599,-59.997283,40,OSM,0,
-3.020584,-59.997245,40,OSM,0,
-3.020571,-59.960577,60,OSM:classe,1,40
-3.020555,-59.998154,40,OSM,0,
-3.020551,-59.999293,40,OSM,0,
-3.020550,-59.991703,40,OSM,0,
-3.020535,-60.006517,20,OSM,0,
-3.020518,-59.961666,60,OSM:classe,1,40
-3.020509,-60.007891,20,OSM,0,
-3.020480,-60.007573,20,OSM,0,
-3.020479,-59.962088,60,OSM:classe,1,40
-3.020465,-59.995162,40,OSM,0,
-3.020465,-59.993142,40,OSM,0,
-3.020457,-59.925348,40,OSM,0,
-3.020449,-59.999796,40,OSM,0,
-3.020405,-60.007653,20,OSM,0,
-3.020399,-59.923580,40,OSM,0,
-3.020359,-59.996850,40,OSM,0,
-3.020355,-59.980931,40,OSM,0,
-3.020342,-59.070748,60,OSM:classe,1,40
-3.020320,-59.984671,40,OSM,0,
-3.020273,-59.991399,40,OSM,0,
-3.020259,-59.977450,20,OSM,0,
-3.020212,-59.992769,40,OSM,0,
-3.020205,-60.007051,20,OSM,0,
-3.020168,-59.980931,20,OSM,0,
-3.020148,-59.925878,40,OSM,0,
-3.020141,-59.996502,40,OSM,0,
-3.020126,-59.993872,40,OSM,0,
-3.020100,-59.995555,40,OSM,0,
-3.020090,-59.927451,40,OSM,0,
-3.020069,-60.006872,20,OSM,0,
-3.020066,-58.840421,60,OSM:classe,1,60
-3.020039,-60.007376,20,OSM,0,
-3.019995,-59.994734,40,OSM,0,
-3.019976,-59.994018,40,OSM,0,
-3.019972,-59.992423,40,OSM,0,
-3.019966,-60.877090,60,OSM:classe,1,50
-3.019931,-59.995742,40,OSM,0,
-3.019915,-59.992320,40,OSM,0,
-3.019877,-59.991928,40,OSM,0,
-3.019841,-59.924913,40,OSM,0,
-3.019829,-59.998755,40,OSM,0,
-3.019820,-57.556311,60,OSM:classe,1,40
-3.019818,-59.998635,40,OSM,0,
-3.019802,-59.991656,40,OSM,0,
-3.019796,-59.874006,60,OSM,0,
-3.019781,-59.998217,40,OSM,0,
-3.019769,-59.998090,40,OSM,0,
-3.019733,-59.997687,40,OSM,0,
-3.019733,-59.991401,40,OSM,0,
-3.019731,-59.984819,60,OSM,0,
-3.019725,-59.997588,40,OSM,0,
-3.019674,-59.991079,60,OSM:classe,1,40
-3.019651,-59.990938,60,OSM:classe,1,40
-3.019646,-59.995969,40,OSM,0,
-3.019645,-59.989122,60,OSM:classe,1,40
-3.019624,-59.996464,40,OSM,0,
-3.019616,-59.990051,60,OSM:classe,1,40
-3.019612,-59.990247,60,OSM:classe,1,40
-3.019593,-59.994391,40,OSM,0,
-3.019582,-59.938006,60,OSM:classe,1,60
-3.019571,-60.046340,60,OSM:classe,1,40
-3.019531,-60.026672,60,OSM,0,
-3.019497,-59.924395,40,OSM,0,
-3.019447,-59.995356,40,OSM,0,
-3.019412,-58.858534,60,OSM:classe,1,40
-3.019398,-59.295340,60,OSM:classe,1,40
-3.019396,-60.049518,60,OSM:classe,1,40
-3.019336,-60.026851,20,OSM,0,
-3.019333,-59.990308,60,OSM:classe,1,40
-3.019268,-59.995999,40,OSM,0,
-3.019242,-59.923319,40,OSM,0,
-3.019234,-59.993086,40,OSM,0,
-3.019233,-59.992265,40,OSM,0,
-3.019219,-60.025777,10,OSM,0,
-3.019216,-59.925698,40,OSM,0,
-3.019106,-59.993243,40,OSM,0,
-3.019077,-60.027073,60,OSM,0,
-3.019068,-60.026957,20,OSM,0,
-3.019044,-59.990356,60,OSM:classe,1,40
-3.019035,-60.165836,60,OSM:classe,1,40
-3.018966,-59.980905,40,OSM,0,
-3.018963,-59.981525,20,OSM,0,
-3.018954,-59.982077,40,OSM,0,
-3.018949,-60.027175,20,OSM,0,
-3.018933,-60.053997,60,OSM:classe,1,40
-3.018921,-59.984292,40,OSM,0,
-3.018880,-60.020828,60,OSM,0,
-3.018851,-59.991884,40,OSM,0,
-3.018847,-58.702846,60,OSM:classe,1,50
-3.018831,-60.026717,20,OSM,0,
-3.018828,-59.990393,60,OSM:classe,1,40
-3.018809,-60.026117,10,OSM,0,
-3.018786,-60.025812,10,OSM,0,
-3.018736,-59.993668,40,OSM,0,
-3.018726,-59.942426,60,OSM:classe,1,40
-3.018705,-59.872731,60,OSM,0,
-3.018594,-59.920468,40,OSM,0,
-3.018593,-60.024080,20,OSM,0,
-3.018579,-60.026134,10,OSM,0,
-3.018545,-60.000066,40,OSM,0,
-3.018530,-60.026554,20,OSM,0,
-3.018479,-59.945521,60,OSM:classe,1,40
-3.018476,-59.389154,60,OSM:classe,1,40
-3.018470,-60.058476,60,OSM:classe,1,40
-3.018460,-60.026195,20,OSM,0,
-3.018458,-59.946879,60,OSM:classe,1,40
-3.018444,-60.025833,20,OSM,0,
-3.018442,-59.995635,40,OSM,0,
-3.018426,-60.025475,20,OSM,0,
-3.018418,-60.027054,20,OSM,0,
-3.018416,-59.991719,40,OSM,0,
-3.018379,-60.025146,20,OSM,0,
-3.018376,-59.922356,40,OSM,0,
-3.018373,-60.024051,20,OSM,0,
-3.018348,-60.024802,20,OSM,0,
-3.018340,-60.027769,60,OSM,0,
-3.018290,-60.024390,20,OSM,0,
-3.018272,-60.058650,60,OSM,0,
-3.018265,-60.024013,20,OSM,0,
-3.018243,-59.134985,80,OSM:classe,1,60
-3.018203,-59.921433,40,OSM,0,
-3.018148,-60.023498,20,OSM,0,
-3.018107,-60.023082,20,OSM,0,
-3.018088,-59.990504,40,OSM:classe,1,40
-3.018071,-60.026994,20,OSM,0,
-3.018065,-60.026920,20,OSM,0,
-3.018057,-60.022947,20,OSM,0,
-3.018051,-60.027302,20,OSM,0,
-3.018046,-60.026893,20,OSM,0,
-3.018032,-59.995281,40,OSM,0,
-3.018024,-59.995675,40,OSM,0,
-3.018019,-60.026593,20,OSM,0,
-3.018018,-59.995833,40,OSM,0,
-3.018011,-60.026511,20,OSM,0,
-3.018006,-59.996225,40,OSM,0,
-3.018004,-60.022726,20,OSM,0,
-3.017992,-59.996355,40,OSM,0,
-3.017983,-60.026235,20,OSM,0,
-3.017981,-60.027071,20,OSM,0,
-3.017975,-59.996766,40,OSM,0,
-3.017971,-59.996831,40,OSM,0,
-3.017965,-60.026057,20,OSM,0,
-3.017965,-59.993733,40,OSM,0,
-3.017962,-60.027906,20,OSM,0,
-3.017950,-60.025904,20,OSM,0,
-3.017948,-60.025885,20,OSM,0,
-3.017939,-59.997275,40,OSM,0,
-3.017920,-60.027109,20,OSM,0,
-3.017914,-59.992987,40,OSM,0,
-3.017912,-60.025524,20,OSM,0,
-3.017891,-60.027037,20,OSM,0,
-3.017880,-60.000168,40,OSM,0,
-3.017879,-60.025200,20,OSM,0,
-3.017874,-59.997758,40,OSM,0,
-3.017868,-60.026934,20,OSM,0,
-3.017862,-60.025027,20,OSM,0,
-3.017862,-59.997833,40,OSM,0,
-3.017855,-59.994788,40,OSM,0,
-3.017848,-60.024886,20,OSM,0,
-3.017844,-60.024849,20,OSM,0,
-3.017832,-59.998531,40,OSM,0,
-3.017830,-59.998893,40,OSM,0,
-3.017830,-59.998398,40,OSM,0,
-3.017830,-59.998179,40,OSM,0,
-3.017827,-59.999066,40,OSM,0,
-3.017813,-60.027769,20,OSM,0,
-3.017803,-60.024434,20,OSM,0,
-3.017776,-60.024173,20,OSM,0,
-3.017775,-60.026526,20,OSM,0,
-3.017767,-59.993933,40,OSM,0,
-3.017767,-59.990129,60,OSM:classe,1,40
-3.017767,-58.844291,60,OSM:classe,1,60
-3.017754,-59.994547,40,OSM,0,
-3.017753,-60.024093,20,OSM,0,
-3.017742,-60.026820,20,OSM,0,
-3.017737,-60.024061,20,OSM,0,
-3.017736,-59.999656,40,OSM,0,
-3.017733,-60.026666,20,OSM,0,
-3.017705,-59.993955,40,OSM,0,
-3.017688,-59.990570,60,OSM:classe,1,40
-3.017681,-59.992663,40,OSM,0,
-3.017669,-59.993184,40,OSM,0,
-3.017619,-60.025055,20,OSM,0,
-3.017619,-60.024906,20,OSM,0,
-3.017540,-60.023670,20,OSM,0,
-3.017511,-60.024273,20,OSM,0,
-3.017498,-60.026186,20,OSM,0,
-3.017495,-60.026093,20,OSM,0,
-3.017485,-60.025948,20,OSM,0,
-3.017471,-59.984620,40,OSM,0,
-3.017471,-59.982616,40,OSM,0,
-3.017467,-60.025129,20,OSM,0,
-3.017466,-60.025391,20,OSM,0,
-3.017420,-60.025707,20,OSM,0,
-3.017399,-59.927952,60,OSM:classe,1,40
-3.017365,-59.991818,40,OSM:classe,1,40
-3.017350,-60.025028,20,OSM,0,
-3.017343,-60.027408,20,OSM,0,
-3.017338,-59.998320,40,OSM,0,
-3.017310,-59.991597,40,OSM:classe,1,40
-3.017293,-60.024460,20,OSM,0,
-3.017293,-60.023168,20,OSM,0,
-3.017276,-60.024297,20,OSM,0,
-3.017275,-60.026706,20,OSM,0,
-3.017265,-60.019621,60,OSM,0,
-3.017254,-60.026497,20,OSM,0,
-3.017246,-60.022601,20,OSM,0,
-3.017237,-60.022633,20,OSM,0,
-3.017227,-60.026214,20,OSM,0,
-3.017227,-60.023035,20,OSM,0,
-3.017201,-60.025945,20,OSM,0,
-3.017201,-59.067602,60,OSM:classe,1,40
-3.017180,-60.025728,20,OSM,0,
-3.017165,-60.025574,20,OSM,0,
-3.017162,-60.022695,20,OSM,0,
-3.017151,-60.025433,20,OSM,0,
-3.017143,-59.993177,40,OSM,0,
-3.017114,-60.025054,20,OSM,0,
-3.017112,-59.998272,40,OSM,0,
-3.017102,-60.024965,20,OSM,0,
-3.017094,-60.027626,20,OSM,0,
-3.017088,-60.028502,20,OSM,0,
-3.017068,-60.058990,80,OSM:classe,1,60
-3.017061,-59.998760,40,OSM,0,
-3.017041,-60.022526,20,OSM,0,
-3.017038,-59.994607,40,OSM,0,
-3.017037,-59.962070,60,OSM:classe,1,40
-3.017033,-59.962411,60,OSM:classe,1,40
-3.017031,-59.993162,40,OSM,0,
-3.017001,-59.993530,40,OSM:classe,1,40
-3.016999,-60.028312,20,OSM,0,
-3.016987,-60.028345,10,OSM,0,
-3.016984,-59.966913,60,OSM:classe,1,40
-3.016980,-59.967624,60,OSM:classe,1,40
-3.016975,-60.026893,20,OSM,0,
-3.016959,-60.026528,20,OSM,0,
-3.016959,-59.991971,40,OSM,0,
-3.016958,-59.990941,60,OSM:classe,1,40
-3.016950,-59.992552,40,OSM,0,
-3.016921,-59.985836,40,OSM:classe,1,40
-3.016907,-60.022850,20,OSM,0,
-3.016901,-60.028631,20,OSM,0,
-3.016893,-60.025974,20,OSM,0,
-3.016889,-59.985713,40,OSM:classe,1,40
-3.016863,-59.993143,40,OSM,0,
-3.016855,-60.025607,20,OSM,0,
-3.016840,-60.028673,20,OSM,0,
-3.016812,-59.985329,40,OSM:classe,1,40
-3.016795,-60.024989,20,OSM,0,
-3.016778,-60.024504,20,OSM,0,
-3.016778,-60.024348,20,OSM,0,
-3.016778,-59.991503,40,OSM,0,
-3.016755,-59.990742,60,OSM:classe,1,40
-3.016738,-59.993139,40,OSM,0,
-3.016703,-60.028384,20,OSM,0,
-3.016693,-59.994956,40,OSM,0,
-3.016691,-60.028343,10,OSM,0,
-3.016684,-60.027909,20,OSM,0,
-3.016643,-59.985220,60,OSM,0,
-3.016626,-59.984916,40,OSM:classe,1,40
-3.016600,-59.995449,40,OSM,0,
-3.016583,-60.000558,40,OSM,0,
-3.016572,-59.991211,40,OSM,0,
-3.016551,-59.985086,60,OSM,0,
-3.016523,-59.998411,40,OSM,0,
-3.016516,-59.998953,40,OSM,0,
-3.016513,-59.998143,40,OSM,0,
-3.016499,-59.995982,40,OSM,0,
-3.016482,-59.997152,40,OSM,0,
-3.016480,-59.980851,40,OSM:classe,1,40
-3.016478,-59.997896,40,OSM,0,
-3.016462,-59.982052,40,OSM,0,
-3.016461,-59.996122,40,OSM,0,
-3.016453,-59.982601,40,OSM,0,
-3.016446,-59.983155,40,OSM,0,
-3.016437,-59.983710,40,OSM,0,
-3.016434,-59.993209,40,OSM,0,
-3.016419,-59.984255,40,OSM,0,
-3.016322,-59.996507,40,OSM,0,
-3.016308,-59.990812,40,OSM:classe,1,40
-3.016303,-60.017894,60,OSM,0,
-3.016289,-59.997062,40,OSM,0,
-3.016261,-58.855323,60,OSM:classe,1,40
-3.016237,-59.994442,40,OSM,0,
-3.016220,-59.993809,40,OSM,0,
-3.016194,-59.990650,60,OSM:classe,1,40
-3.016183,-59.990616,60,OSM:classe,1,40
-3.016182,-59.994434,40,OSM,0,
-3.016137,-59.861264,60,OSM,0,
-3.016051,-59.994923,40,OSM,0,
-3.016045,-60.166396,60,OSM:classe,1,40
-3.016002,-60.879216,60,OSM:classe,1,50
-3.015998,-59.832302,60,OSM,0,
-3.015961,-60.059327,60,OSM,0,
-3.015936,-60.046621,60,OSM:classe,1,40
-3.015926,-59.831550,60,OSM,0,
-3.015857,-59.996366,40,OSM,0,
-3.015783,-59.842956,60,OSM,0,
-3.015717,-59.984234,40,OSM,0,
-3.015671,-59.863015,60,OSM,0,
-3.015588,-59.835923,60,OSM,0,
-3.015586,-59.829639,60,OSM,0,
-3.015545,-59.870829,60,OSM,0,
-3.015539,-59.998084,40,OSM,0,
-3.015539,-59.995434,40,OSM,0,
-3.015538,-59.985058,60,OSM,0,
-3.015523,-60.000257,40,OSM,0,
-3.015523,-59.999696,40,OSM,0,
-3.015519,-60.000797,40,OSM,0,
-3.015515,-59.999170,40,OSM,0,
-3.015507,-59.998629,40,OSM,0,
-3.015469,-58.848161,60,OSM:classe,1,60
-3.015446,-57.557270,60,OSM:classe,1,40
-3.015440,-59.859583,60,OSM,0,
-3.015439,-59.830418,60,OSM,0,
-3.015327,-59.833933,60,OSM,0,
-3.015320,-60.000814,40,OSM,0,
-3.015311,-59.980832,40,OSM,0,
-3.015296,-60.059545,40,OSM:classe,1,40
-3.015257,-59.996714,40,OSM:classe,1,40
-3.015245,-59.983680,40,OSM,0,
-3.015231,-60.059875,60,OSM,0,
-3.015231,-59.982039,40,OSM,0,
-3.015227,-59.982594,40,OSM,0,
-3.015223,-59.983156,40,OSM,0,
-3.015189,-59.992635,40,OSM,0,
-3.015171,-59.992474,40,OSM,0,
-3.015170,-59.995930,40,OSM,0,
-3.015170,-59.992994,40,OSM,0,
-3.015169,-59.845052,60,OSM,0,
-3.015168,-59.294234,60,OSM:classe,1,40
-3.015165,-59.996365,40,OSM,0,
-3.015159,-59.993037,40,OSM,0,
-3.015149,-59.938762,60,OSM:classe,1,60
-3.015148,-59.996668,40,OSM,0,
-3.015146,-59.995438,40,OSM,0,
-3.015142,-59.995506,40,OSM,0,
-3.015131,-59.995101,40,OSM,0,
-3.015122,-59.994907,40,OSM,0,
-3.015116,-59.993452,40,OSM,0,
-3.015110,-59.994683,40,OSM,0,
-3.015108,-59.994350,40,OSM,0,
-3.015103,-58.700739,60,OSM:classe,1,50
-3.015102,-59.994275,40,OSM,0,
-3.015095,-59.993865,40,OSM,0,
-3.015095,-59.993815,40,OSM,0,
-3.015081,-59.857888,60,OSM,0,
-3.015050,-59.997519,40,OSM:classe,1,40
-3.015038,-59.984637,40,OSM,0,
-3.015026,-59.985445,60,OSM,0,
-3.014996,-60.059941,40,OSM:classe,1,40
-3.014970,-60.000808,40,OSM,0,
-3.014913,-59.984465,40,OSM,0,
-3.014876,-59.928094,60,OSM:classe,1,40
-3.014875,-59.869716,60,OSM,0,
-3.014823,-59.998072,40,OSM,0,
-3.014819,-59.982221,40,OSM,0,
-3.014801,-59.967606,60,OSM:classe,1,40
-3.014765,-59.980818,40,OSM,0,
-3.014743,-59.970775,60,OSM:classe,1,40
-3.014721,-59.984941,40,OSM,0,
-3.014696,-59.983919,40,OSM,0,
-3.014687,-60.017897,60,OSM,0,
-3.014660,-59.992060,40,OSM,0,
-3.014579,-60.030128,60,OSM,0,
-3.014566,-59.984668,60,OSM,0,
-3.014502,-59.985168,40,OSM,0,
-3.014463,-59.986951,60,OSM:classe,1,40
-3.014396,-59.864703,60,OSM,0,
-3.014333,-59.980815,40,OSM,0,
-3.014313,-59.984477,40,OSM,0,
-3.014311,-59.985860,40,OSM,0,
-3.014303,-59.852051,60,OSM,0,
-3.014286,-59.984588,40,OSM,0,
-3.014276,-59.970770,60,OSM:classe,1,40
-3.014255,-59.985409,40,OSM,0,
-3.014254,-59.932614,40,OSM,0,
-3.014242,-59.947428,30,OSM,0,
-3.014233,-59.137017,80,OSM:classe,1,60
-3.014223,-59.983649,40,OSM,0,
-3.014205,-59.985182,60,OSM,0,
-3.014201,-59.982993,40,OSM,0,
-3.014143,-59.389147,60,OSM:classe,1,40
-3.014056,-59.981680,40,OSM,0,
-3.014044,-59.986776,60,OSM:classe,1,40
-3.014018,-59.866567,60,OSM,0,
-3.014009,-59.137140,80,OSM:classe,1,60
-3.013968,-59.946626,60,OSM:classe,1,40
-3.013965,-59.846072,60,OSM,0,
-3.013953,-59.980840,40,OSM,0,
-3.013952,-59.997046,40,OSM,0,
-3.013942,-59.985412,60,OSM:classe,1,40
-3.013915,-59.838786,60,OSM,0,
-3.013905,-59.984518,40,OSM,0,
-3.013888,-60.060054,60,OSM,0,
-3.013879,-60.030402,40,OSM:classe,1,40
-3.013872,-59.064621,60,OSM:classe,1,40
-3.013859,-59.856368,60,OSM,0,
-3.013849,-60.059886,60,OSM,0,
-3.013826,-59.954549,40,OSM,0,
-3.013768,-59.851076,60,OSM,0,
-3.013754,-59.985189,60,OSM,0,
-3.013673,-59.854357,60,OSM,0,
-3.013651,-59.981713,40,OSM,0,
-3.013608,-59.855378,60,OSM,0,
-3.013606,-60.030853,40,OSM:classe,1,40
-3.013603,-60.030484,60,OSM,0,
-3.013538,-59.137403,80,OSM:classe,1,60
-3.013528,-59.985419,60,OSM:classe,1,40
-3.013465,-59.984447,40,OSM,0,
-3.013455,-59.946597,60,OSM:classe,1,40
-3.013444,-59.985192,60,OSM,0,
-3.013422,-59.849299,60,OSM,0,
-3.013398,-59.847115,60,OSM,0,
-3.013366,-59.983780,40,OSM,0,
-3.013362,-59.991336,60,OSM:classe,1,40
-3.013353,-59.983118,40,OSM,0,
-3.013265,-59.985192,60,OSM,0,
-3.013213,-59.981786,40,OSM,0,
-3.013171,-58.852031,60,OSM:classe,1,60
-3.013159,-60.031004,60,OSM,0,
-3.013132,-60.000127,40,OSM,0,
-3.013130,-60.000742,40,OSM,0,
-3.013082,-58.852138,60,OSM:classe,1,40
-3.013057,-60.018983,60,OSM:classe,1,40
-3.013051,-59.984421,60,OSM,0,
-3.013050,-59.998126,40,OSM,0,
-3.013040,-59.997878,40,OSM,0,
-3.013039,-59.997301,40,OSM,0,
-3.013036,-59.996851,40,OSM,0,
-3.013027,-59.996704,40,OSM,0,
-3.013027,-59.996424,40,OSM,0,
-3.013027,-59.984195,40,OSM,0,
-3.013026,-59.996039,40,OSM,0,
-3.013018,-59.996201,40,OSM,0,
-3.012993,-59.995626,40,OSM,0,
-3.012988,-59.932146,40,OSM,0,
-3.012980,-59.995195,40,OSM,0,
-3.012980,-59.994771,40,OSM,0,
-3.012964,-59.994404,40,OSM,0,
-3.012960,-59.993964,40,OSM,0,
-3.012940,-59.993551,40,OSM,0,
-3.012924,-59.993115,40,OSM,0,
-3.012910,-59.992697,40,OSM,0,
-3.012900,-59.984412,60,OSM,0,
-3.012898,-59.992508,40,OSM,0,
-3.012894,-59.992348,40,OSM,0,
-3.012886,-59.985188,60,OSM,0,
-3.012869,-59.964544,60,OSM,0,
-3.012786,-60.060009,60,OSM,0,
-3.012754,-59.964807,60,OSM,0,
-3.012746,-59.981859,40,OSM,0,
-3.012738,-59.970755,60,OSM:classe,1,40
-3.012677,-59.984414,60,OSM,0,
-3.012626,-59.963587,60,OSM,0,
-3.012562,-59.981235,60,OSM:classe,1,40
-3.012555,-59.965497,40,OSM,0,
-3.012532,-59.963639,60,OSM,0,
-3.012525,-59.982570,40,OSM,0,
-3.012497,-59.999481,40,OSM,0,
-3.012469,-59.984443,60,OSM,0,
-3.012464,-58.697098,60,OSM:classe,1,50
-3.012463,-59.996700,40,OSM,0,
-3.012449,-59.995616,40,OSM,0,
-3.012440,-59.995040,40,OSM,0,
-3.012421,-59.997273,40,OSM,0,
-3.012421,-59.965925,40,OSM,0,
-3.012412,-59.997384,40,OSM,0,
-3.012403,-59.981910,40,OSM,0,
-3.012388,-59.998057,40,OSM,0,
-3.012369,-59.997894,40,OSM,0,
-3.012358,-59.890308,60,OSM:classe,1,40
-3.012357,-59.993074,40,OSM,0,
-3.012348,-59.992533,40,OSM,0,
-3.012339,-59.981587,60,OSM:classe,1,40
-3.012333,-60.005797,40,OSM,0,
-3.012309,-59.979110,40,OSM,0,
-3.012302,-59.974405,40,OSM,0,
-3.012292,-60.059794,60,OSM,0,
-3.012291,-59.966359,40,OSM,0,
-3.012290,-59.946646,60,OSM:classe,1,40
-3.012274,-59.966824,40,OSM,0,
-3.012245,-59.964940,40,OSM,0,
-3.012242,-59.999204,40,OSM,0,
-3.012241,-59.963236,40,OSM,0,
-3.012185,-59.885897,60,OSM:classe,1,40
-3.012175,-59.991495,40,OSM,0,
-3.012162,-59.964538,40,OSM,0,
-3.012126,-60.046570,60,OSM:classe,1,40
-3.012115,-59.891027,60,OSM:classe,1,40
-3.012099,-59.992423,40,OSM,0,
-3.012081,-59.991871,40,OSM,0,
-3.012055,-59.981652,60,OSM:classe,1,40
-3.012039,-60.881342,60,OSM:classe,1,50
-3.012017,-59.981485,60,OSM:classe,1,40
-3.012016,-59.967263,40,OSM,0,
-3.011981,-59.992215,40,OSM,0,
-3.011965,-59.967786,60,OSM,0,
-3.011961,-59.984562,60,OSM,0,
-3.011960,-59.884061,60,OSM:classe,1,40
-3.011952,-59.941169,40,OSM,0,
-3.011932,-59.981202,60,OSM:classe,1,40
-3.011919,-60.048178,60,OSM:classe,1,40
-3.011883,-59.967660,40,OSM,0,
-3.011880,-59.997149,40,OSM,0,
-3.011877,-59.996684,40,OSM,0,
-3.011859,-59.995029,40,OSM,0,
-3.011826,-59.964261,40,OSM,0,
-3.011813,-59.993550,40,OSM,0,
-3.011802,-59.993066,40,OSM,0,
-3.011725,-59.968077,60,OSM,0,
-3.011700,-60.005775,20,OSM,0,
-3.011672,-59.939386,40,OSM,0,
-3.011664,-59.985153,40,OSM,0,
-3.011657,-60.004998,20,OSM,0,
-3.011625,-60.167224,60,OSM:classe,1,40
-3.011619,-59.966644,40,OSM,0,
-3.011613,-59.965050,40,OSM,0,
-3.011579,-59.984677,40,OSM,0,
-3.011577,-59.965217,40,OSM,0,
-3.011559,-59.966626,40,OSM,0,
-3.011536,-60.004207,20,OSM,0,
-3.011518,-59.965407,40,OSM,0,
-3.011455,-59.965640,40,OSM,0,
-3.011435,-59.981677,60,OSM:classe,1,40
-3.011434,-59.965727,40,OSM,0,
-3.011401,-59.994487,40,OSM,0,
-3.011393,-59.993589,40,OSM,0,
-3.011365,-59.998564,40,OSM,0,
-3.011364,-59.970742,60,OSM:classe,1,40
-3.011358,-59.967509,40,OSM,0,
-3.011338,-59.998187,40,OSM,0,
-3.011334,-59.998028,40,OSM,0,
-3.011284,-59.966600,40,OSM,0,
-3.011277,-59.996665,40,OSM,0,
-3.011273,-59.999147,40,OSM,0,
-3.011251,-59.967035,40,OSM,0,
-3.011240,-60.000688,40,OSM,0,
-3.011220,-59.966496,40,OSM,0,
-3.011201,-59.961340,60,OSM,0,
-3.011162,-59.998095,40,OSM:classe,1,40
-3.011139,-59.957993,40,OSM,0,
-3.011110,-59.947719,30,OSM,0,
-3.011101,-59.966047,40,OSM,0,
-3.011083,-60.048513,60,OSM:classe,1,40
-3.011080,-60.032404,60,OSM,0,
-3.011079,-59.961388,60,OSM,0,
-3.011074,-59.061358,60,OSM:classe,1,40
-3.011014,-59.961007,40,OSM,0,
-3.011003,-59.965677,40,OSM,0,
-3.011002,-57.557386,60,OSM:classe,1,40
-3.010980,-59.996114,40,OSM,0,
-3.010967,-59.293290,60,OSM:classe,1,40
-3.010966,-59.991928,40,OSM,0,
-3.010965,-59.960655,40,OSM,0,
-3.010946,-60.048537,60,OSM:classe,1,40
-3.010927,-59.992244,40,OSM,0,
-3.010911,-59.997002,40,OSM,0,
-3.010909,-59.969948,60,OSM,0,
-3.010907,-59.965350,40,OSM,0,
-3.010904,-59.970740,60,OSM:classe,1,40
-3.010904,-59.960249,40,OSM,0,
-3.010875,-59.959127,40,OSM,0,
-3.010872,-58.855901,60,OSM:classe,1,60
-3.010840,-59.959785,40,OSM,0,
-3.010839,-59.965007,40,OSM,0,
-3.010811,-59.970737,60,OSM:classe,1,40
-3.010808,-59.969903,60,OSM,0,
-3.010808,-59.966698,40,OSM,0,
-3.010798,-59.954950,40,OSM,0,
-3.010766,-59.967335,40,OSM,0,
-3.010747,-60.048518,60,OSM:classe,1,40
-3.010746,-59.998381,40,OSM:classe,1,40
-3.010716,-59.939517,60,OSM:classe,1,60
-3.010713,-59.964673,40,OSM,0,
-3.010706,-59.965016,40,OSM,0,
-3.010652,-59.963593,40,OSM,0,
-3.010576,-59.965781,40,OSM,0,
-3.010564,-59.958025,40,OSM,0,
-3.010551,-60.020208,40,OSM,0,
-3.010485,-59.962962,40,OSM,0,
-3.010464,-59.999508,40,OSM,0,
-3.010425,-59.967237,40,OSM,0,
-3.010416,-59.998720,40,OSM,0,
-3.010405,-59.927975,60,OSM:classe,1,40
-3.010399,-59.999265,40,OSM,0,
-3.010377,-60.058771,60,OSM,0,
-3.010376,-60.058987,60,OSM,0,
-3.010349,-59.970639,60,OSM,0,
-3.010345,-59.991022,40,OSM,0,
-3.010342,-58.694870,80,OSM:classe,1,60
-3.010331,-59.958592,30,OSM,0,
-3.010264,-59.964052,40,OSM,0,
-3.010255,-59.955003,40,OSM,0,
-3.010249,-60.000667,40,OSM,0,
-3.010233,-59.970895,60,OSM:classe,1,40
-3.010185,-59.994991,40,OSM,0,
-3.010184,-60.001770,40,OSM,0,
-3.010148,-59.970464,60,OSM,0,
-3.010147,-60.019193,40,OSM,0,
-3.010133,-59.991686,40,OSM,0,
-3.010102,-59.993027,40,OSM,0,
-3.010066,-60.058239,60,OSM,0,
-3.010012,-60.004906,20,OSM,0,
-3.010006,-59.997690,40,OSM,0,
-3.010004,-59.997218,40,OSM,0,
-3.009989,-60.032788,60,OSM,0,
-3.009979,-59.965305,40,OSM,0,
-3.009971,-59.962637,40,OSM,0,
-3.009939,-60.006469,40,OSM,0,
-3.009929,-59.971096,60,OSM,0,
-3.009927,-59.389363,60,OSM:classe,1,40
-3.009916,-59.984869,60,OSM,0,
-3.009907,-59.967756,40,OSM,0,
-3.009889,-59.966657,40,OSM,0,
-3.009864,-59.964402,40,OSM,0,
-3.009818,-59.998642,40,OSM,0,
-3.009811,-59.952126,60,OSM,0,
-3.009809,-58.694700,80,OSM:classe,1,60
-3.009805,-59.999948,40,OSM,0,
-3.009786,-59.960123,40,OSM,0,
-3.009782,-59.970829,60,OSM:classe,1,60
-3.009780,-60.020495,40,OSM,0,
-3.009667,-59.993024,40,OSM,0,
-3.009634,-60.057936,60,OSM,0,
-3.009612,-59.139599,80,OSM:classe,1,60
-3.009588,-59.995536,40,OSM,0,
-3.009579,-60.056194,60,OSM,0,
-3.009564,-59.965413,40,OSM,0,
-3.009561,-59.997245,40,OSM,0,
-3.009554,-59.992466,40,OSM,0,
-3.009545,-60.048174,60,OSM:classe,1,40
-3.009527,-59.967441,40,OSM,0,
-3.009514,-59.950797,60,OSM,0,
-3.009481,-59.962496,40,OSM,0,
-3.009441,-59.959717,40,OSM,0,
-3.009428,-59.966626,40,OSM,0,
-3.009419,-59.964525,40,OSM,0,
-3.009390,-59.961046,40,OSM,0,
-3.009390,-59.890616,80,OSM,0,
-3.009352,-60.017399,40,OSM,0,
-3.009351,-59.890754,80,OSM,0,
-3.009325,-59.964001,40,OSM,0,
-3.009269,-59.998248,40,OSM,0,
-3.009264,-59.998604,40,OSM,0,
-3.009252,-59.057241,60,OSM:classe,1,40
-3.009215,-60.000638,40,OSM,0,
-3.009209,-59.997899,40,OSM,0,
-3.009178,-59.996621,40,OSM,0,
-3.009174,-60.020889,60,OSM:classe,1,40
-3.009145,-59.996080,40,OSM,0,
-3.009141,-60.055721,60,OSM,0,
-3.009139,-59.965539,40,OSM,0,
-3.009128,-60.056078,60,OSM,0,
-3.009112,-59.984917,60,OSM,0,
-3.009028,-59.993691,40,OSM,0,
-3.009024,-60.020839,40,OSM,0,
-3.009019,-59.965291,40,OSM,0,
-3.009007,-59.946891,60,OSM:classe,1,40
-3.008995,-59.995535,40,OSM,0,
-3.008993,-59.991777,40,OSM,0,
-3.008972,-59.995032,40,OSM,0,
-3.008972,-59.994974,40,OSM,0,
-3.008963,-59.990841,60,OSM:classe,1,40
-3.008957,-59.992423,40,OSM,0,
-3.008940,-59.993017,40,OSM,0,
-3.008926,-59.961117,40,OSM,0,
-3.008886,-59.946978,60,OSM:classe,1,40
-3.008881,-59.963987,40,OSM,0,
-3.008879,-60.005656,40,OSM,0,
-3.008860,-60.004039,20,OSM,0,
-3.008860,-59.966571,40,OSM,0,
-3.008859,-60.000643,40,OSM,0,
-3.008826,-60.033124,60,OSM,0,
-3.008811,-59.983008,60,OSM:classe,1,40
-3.008797,-59.971993,40,OSM,0,
-3.008780,-60.018247,40,OSM,0,
-3.008769,-60.004852,20,OSM,0,
-3.008761,-59.965515,40,OSM,0,
-3.008759,-60.014358,40,OSM,0,
-3.008750,-59.998356,40,OSM,0,
-3.008725,-59.971611,40,OSM,0,
-3.008722,-59.971228,40,OSM,0,
-3.008706,-59.972264,40,OSM,0,
-3.008684,-59.991268,40,OSM,0,
-3.008625,-59.972180,60,OSM:classe,1,60
-3.008624,-59.970862,40,OSM,0,
-3.008571,-58.859770,60,OSM:classe,1,60
-3.008570,-60.033143,40,OSM,0,
-3.008562,-59.939885,60,OSM,0,
-3.008545,-60.014724,40,OSM,0,
-3.008512,-59.961166,40,OSM,0,
-3.008509,-59.961013,40,OSM,0,
-3.008507,-60.033057,60,OSM,0,
-3.008502,-59.960710,40,OSM,0,
-3.008488,-59.993552,40,OSM,0,
-3.008485,-59.964599,40,OSM,0,
-3.008483,-59.994082,40,OSM,0,
-3.008472,-59.991715,40,OSM,0,
-3.008458,-60.055438,60,OSM,0,
-3.008445,-59.972034,40,OSM,0,
-3.008435,-59.982668,60,OSM:classe,1,40
-3.008421,-59.942913,60,OSM,0,
-3.008419,-60.005622,20,OSM,0,
-3.008399,-60.004864,20,OSM,0,
-3.008398,-60.055561,60,OSM,0,
-3.008394,-59.992188,40,OSM,0,
-3.008391,-59.994462,40,OSM,0,
-3.008386,-60.015207,40,OSM,0,
-3.008373,-59.972435,40,OSM,0,
-3.008322,-59.990878,40,OSM,0,
-3.008322,-59.958982,40,OSM,0,
-3.008313,-59.991181,40,OSM,0,
-3.008305,-60.055380,60,OSM,0,
-3.008292,-59.881489,60,OSM:classe,1,40
-3.008291,-59.940176,60,OSM,0,
-3.008283,-60.033511,40,OSM,0,
-3.008280,-59.991651,40,OSM,0,
-3.008266,-60.055490,60,OSM,0,
-3.008253,-59.940251,60,OSM,0,
-3.008204,-60.014431,40,OSM,0,
-3.008199,-60.021359,40,OSM,0,
-3.008191,-60.016043,40,OSM,0,
-3.008180,-60.013810,40,OSM,0,
-3.008151,-60.000666,40,OSM,0,
-3.008146,-60.033161,60,OSM:classe,1,40
-3.008145,-60.000719,40,OSM:classe,1,40
-3.008141,-60.015242,40,OSM,0,
-3.008133,-59.940769,60,OSM,0,
-3.008093,-59.939567,80,OSM,0,
-3.008081,-60.000668,40,OSM,0,
-3.008078,-60.018792,40,OSM,0,
-3.008077,-59.996153,40,OSM,0,
-3.008075,-60.883469,60,OSM:classe,1,50
-3.008063,-59.939561,60,OSM,0,
-3.008062,-59.964976,40,OSM,0,
-3.008055,-59.960979,40,OSM,0,
-3.007991,-59.972802,40,OSM,0,
-3.007985,-59.997718,40,OSM,0,
-3.007950,-59.940206,60,OSM,0,
-3.007930,-59.977853,40,OSM,0,
-3.007921,-59.999754,40,OSM:classe,1,40
-3.007914,-59.974868,40,OSM,0,
-3.007910,-59.975400,40,OSM,0,
-3.007910,-59.975036,40,OSM,0,
-3.007907,-59.964005,40,OSM,0,
-3.007906,-59.975779,40,OSM,0,
-3.007905,-59.976540,40,OSM,0,
-3.007904,-59.976174,40,OSM,0,
-3.007903,-59.977274,40,OSM,0,
-3.007894,-59.976908,40,OSM,0,
-3.007888,-59.939683,60,OSM,0,
-3.007884,-59.939717,80,OSM,0,
-3.007881,-60.047711,60,OSM:classe,1,40
-3.007879,-59.938890,80,OSM,0,
-3.007820,-59.991551,40,OSM,0,
-3.007815,-59.992096,40,OSM,0,
-3.007811,-59.990917,40,OSM,0,
-3.007810,-59.992233,40,OSM,0,
-3.007805,-59.992321,40,OSM,0,
-3.007791,-60.014032,40,OSM,0,
-3.007789,-60.000509,40,OSM:classe,1,40
-3.007784,-59.993285,40,OSM,0,
-3.007783,-59.978044,40,OSM,0,
-3.007772,-60.015723,40,OSM,0,
-3.007739,-59.974658,40,OSM,0,
-3.007730,-59.938919,80,OSM,0,
-3.007690,-59.996050,40,OSM,0,
-3.007681,-59.993767,40,OSM,0,
-3.007652,-59.965219,40,OSM,0,
-3.007620,-59.960947,40,OSM,0,
-3.007611,-60.022039,40,OSM,0,
-3.007607,-59.973180,40,OSM,0,
-3.007591,-60.016551,40,OSM,0,
-3.007585,-60.016833,40,OSM,0,
-3.007574,-60.055284,60,OSM,0,
-3.007555,-59.924629,20,OSM,0,
-3.007548,-59.996037,40,OSM,0,
-3.007512,-59.972014,40,OSM,0,
-3.007510,-60.015485,40,OSM,0,
-3.007507,-59.970477,40,OSM,0,
-3.007494,-60.012583,40,OSM,0,
-3.007489,-59.992099,40,OSM,0,
-3.007483,-59.994670,40,OSM,0,
-3.007460,-60.017381,40,OSM,0,
-3.007451,-59.978386,40,OSM,0,
-3.007444,-59.997721,40,OSM,0,
-3.007403,-60.014543,40,OSM,0,
-3.007392,-59.963477,40,OSM,0,
-3.007387,-59.998535,40,OSM,0,
-3.007383,-60.055082,60,OSM,0,
-3.007376,-59.970098,40,OSM,0,
-3.007341,-60.047545,60,OSM:classe,1,40
-3.007315,-60.005613,20,OSM,0,
-3.007291,-60.000710,40,OSM,0,
-3.007266,-60.017029,40,OSM,0,
-3.007241,-59.969725,40,OSM,0,
-3.007198,-59.973573,40,OSM,0,
-3.007188,-60.167081,60,OSM:classe,1,40
-3.007165,-59.960532,40,OSM,0,
-3.007163,-59.992935,40,OSM,0,
-3.007134,-59.996008,40,OSM,0,
-3.007123,-59.959985,40,OSM,0,
-3.007117,-59.964206,40,OSM,0,
-3.007077,-59.959580,40,OSM,0,
-3.007043,-60.017940,40,OSM,0,
-3.007016,-59.996001,40,OSM,0,
-3.006982,-59.994611,40,OSM,0,
-3.006981,-60.013023,40,OSM,0,
-3.006969,-57.559324,60,OSM:classe,1,40
-3.006890,-60.014131,40,OSM,0,
-3.006886,-60.022126,40,OSM,0,
-3.006867,-59.984214,60,OSM,0,
-3.006789,-59.960912,40,OSM,0,
-3.006788,-60.004942,20,OSM,0,
-3.006779,-60.016546,40,OSM,0,
-3.006777,-60.000741,40,OSM,0,
-3.006759,-60.017849,40,OSM,0,
-3.006734,-59.889821,80,OSM,0,
-3.006726,-59.972785,40,OSM,0,
-3.006724,-60.032885,60,OSM,0,
-3.006724,-59.972412,40,OSM,0,
-3.006722,-59.973161,40,OSM,0,
-3.006721,-59.975779,40,OSM,0,
-3.006721,-59.975399,40,OSM,0,
-3.006718,-59.976917,40,OSM,0,
-3.006718,-59.976526,40,OSM,0,
-3.006715,-59.975022,40,OSM,0,
-3.006712,-59.974648,40,OSM,0,
-3.006711,-59.978029,40,OSM,0,
-3.006703,-59.978411,40,OSM,0,
-3.006693,-59.974256,40,OSM,0,
-3.006689,-59.294554,60,OSM:classe,1,40
-3.006686,-59.962679,40,OSM,0,
-3.006680,-59.995978,40,OSM,0,
-3.006664,-59.984200,60,OSM,0,
-3.006656,-59.984326,60,OSM,0,
-3.006642,-59.959632,40,OSM,0,
-3.006625,-60.012144,40,OSM,0,
-3.006594,-59.959273,30,OSM,0,
-3.006575,-59.958749,40,OSM,0,
-3.006556,-59.984195,60,OSM,0,
-3.006544,-60.013532,40,OSM,0,
-3.006532,-60.019137,40,OSM,0,
-3.006503,-59.994706,40,OSM,0,
-3.006489,-59.995967,40,OSM,0,
-3.006477,-60.014566,40,OSM,0,
-3.006431,-60.013684,40,OSM,0,
-3.006414,-59.992484,40,OSM,0,
-3.006396,-59.889846,80,OSM,0,
-3.006366,-59.991580,40,OSM,0,
-3.006360,-59.998470,40,OSM,0,
-3.006359,-59.991009,40,OSM,0,
-3.006332,-59.969432,40,OSM,0,
-3.006331,-59.974620,40,OSM,0,
-3.006330,-60.054986,40,OSM:classe,1,40
-3.006326,-59.975775,40,OSM,0,
-3.006325,-59.972409,40,OSM,0,
-3.006324,-59.976534,40,OSM,0,
-3.006324,-59.972790,40,OSM,0,
-3.006323,-59.973151,40,OSM,0,
-3.006322,-59.973529,40,OSM,0,
-3.006320,-59.977659,40,OSM,0,
-3.006319,-59.978044,40,OSM,0,
-3.006319,-59.974457,40,OSM,0,
-3.006317,-59.976908,40,OSM,0,
-3.006316,-59.978419,40,OSM,0,
-3.006268,-60.000773,40,OSM,0,
-3.006262,-59.993551,40,OSM,0,
-3.006252,-60.047228,60,OSM:classe,1,40
-3.006247,-59.930185,80,OSM,0,
-3.006239,-60.032887,60,OSM,0,
-3.006157,-60.010511,40,OSM,0,
-3.006137,-60.055486,60,OSM,0,
-3.006126,-60.017607,40,OSM,0,
-3.006082,-59.928357,80,OSM,0,
-3.006034,-60.037939,40,OSM,0,
-3.006031,-60.015025,40,OSM,0,
-3.006008,-59.984390,60,OSM,0,
-3.005998,-59.995951,40,OSM,0,
-3.005945,-59.975782,40,OSM,0,
-3.005943,-59.992603,40,OSM,0,
-3.005942,-59.974996,40,OSM,0,
-3.005942,-59.054227,60,OSM:classe,1,40
-3.005932,-59.992403,40,OSM,0,
-3.005927,-59.991036,40,OSM,0,
-3.005861,-59.990005,40,OSM,0,
-3.005858,-60.010280,40,OSM,0,
-3.005835,-59.998415,40,OSM,0,
-3.005804,-60.016779,40,OSM,0,
-3.005800,-60.013832,40,OSM,0,
-3.005799,-59.989076,40,OSM,0,
-3.005793,-60.019520,40,OSM,0,
-3.005782,-60.000812,40,OSM,0,
-3.005751,-59.388140,60,OSM:classe,1,40
-3.005707,-60.014490,40,OSM,0,
-3.005688,-60.055419,40,OSM:classe,1,40
-3.005684,-59.141791,80,OSM:classe,1,60
-3.005669,-59.995988,40,OSM,0,
-3.005644,-60.001412,40,OSM:classe,1,40
-3.005613,-60.014659,40,OSM,0,
-3.005611,-60.015493,40,OSM,0,
-3.005610,-60.032646,60,OSM,0,
-3.005591,-59.996019,40,OSM,0,
-3.005585,-59.992423,40,OSM,0,
-3.005527,-59.991062,40,OSM,0,
-3.005520,-60.014400,40,OSM,0,
-3.005518,-58.693355,80,OSM:classe,1,60
-3.005488,-60.010922,40,OSM,0,
-3.005488,-59.924773,20,OSM,0,
-3.005463,-60.007080,40,OSM,0,
-3.005442,-59.976911,40,OSM,0,
-3.005435,-60.055325,60,OSM,0,
-3.005435,-59.976534,40,OSM,0,
-3.005434,-59.976146,40,OSM,0,
-3.005422,-60.000849,40,OSM,0,
-3.005422,-59.975777,40,OSM,0,
-3.005417,-59.984774,60,OSM,0,
-3.005417,-59.970107,40,OSM,0,
-3.005416,-59.971246,40,OSM,0,
-3.005416,-59.970481,40,OSM,0,
-3.005416,-59.969356,40,OSM,0,
-3.005414,-60.015097,40,OSM,0,
-3.005414,-59.971627,40,OSM,0,
-3.005411,-59.973529,40,OSM,0,
-3.005408,-59.972017,40,OSM,0,
-3.005398,-59.985042,60,OSM,0,
-3.005388,-60.008099,40,OSM,0,
-3.005379,-59.975634,40,OSM,0,
-3.005361,-58.862923,60,OSM:classe,1,60
-3.005360,-60.032711,60,OSM,0,
-3.005308,-59.993902,40,OSM,0,
-3.005295,-59.998391,40,OSM,0,
-3.005272,-59.975809,60,OSM,0,
-3.005268,-60.009904,40,OSM,0,
-3.005183,-60.016833,40,OSM,0,
-3.005176,-59.993024,40,OSM,0,
-3.005161,-60.020986,40,OSM,0,
-3.005134,-59.984197,60,OSM,0,
-3.005128,-60.039511,40,OSM,0,
-3.005121,-59.992479,40,OSM,0,
-3.005071,-59.976913,40,OSM,0,
-3.005057,-59.991101,40,OSM,0,
-3.005047,-59.922278,80,OSM,0,
-3.005036,-59.972021,40,OSM,0,
-3.005033,-59.981550,60,OSM:classe,1,40
-3.005031,-60.015568,40,OSM,0,
-3.005030,-59.969730,40,OSM,0,
-3.004999,-59.976077,60,OSM,0,
-3.004947,-59.976738,60,OSM,0,
-3.004937,-59.977257,40,OSM,0,
-3.004937,-59.976882,40,OSM,0,
-3.004936,-59.976982,40,OSM,0,
-3.004931,-59.978010,40,OSM,0,
-3.004930,-59.985895,40,OSM,0,
-3.004930,-59.977642,40,OSM,0,
-3.004926,-59.978410,40,OSM,0,
-3.004916,-59.973522,40,OSM,0,
-3.004882,-59.973162,40,OSM,0,
-3.004841,-59.979673,60,OSM,0,
-3.004834,-60.054783,60,OSM,0,
-3.004808,-60.020538,60,OSM:classe,1,40
-3.004785,-59.969342,40,OSM,0,
-3.004764,-59.921452,80,OSM,0,
-3.004756,-59.986214,40,OSM,0,
-3.004752,-59.979479,60,OSM,0,
-3.004731,-60.008063,40,OSM,0,
-3.004713,-59.980062,40,OSM:classe,1,40
-3.004704,-60.020399,60,OSM:classe,1,40
-3.004692,-60.001283,40,OSM:classe,1,40
-3.004663,-59.970842,40,OSM,0,
-3.004661,-59.969725,40,OSM,0,
-3.004645,-59.972022,40,OSM,0,
-3.004640,-60.009695,40,OSM,0,
-3.004635,-59.992570,40,OSM,0,
-3.004592,-59.992376,40,OSM,0,
-3.004563,-59.991624,40,OSM,0,
-3.004560,-59.992588,40,OSM,0,
-3.004551,-60.016049,40,OSM,0,
-3.004547,-59.991130,40,OSM,0,
-3.004546,-59.998798,40,OSM,0,
-3.004526,-59.879028,60,OSM:classe,1,40
-3.004476,-59.991138,60,OSM:classe,1,40
-3.004465,-60.017229,40,OSM,0,
-3.004444,-59.986007,40,OSM,0,
-3.004436,-59.981617,60,OSM:classe,1,40
-3.004434,-60.013190,40,OSM,0,
-3.004424,-60.009626,40,OSM,0,
-3.004400,-60.017889,40,OSM,0,
-3.004393,-59.973163,40,OSM,0,
-3.004361,-60.025849,60,OSM:classe,1,40
-3.004333,-59.984642,60,OSM,0,
-3.004306,-60.001088,40,OSM,0,
-3.004302,-59.981552,40,OSM:classe,1,40
-3.004299,-60.017691,40,OSM,0,
-3.004292,-60.004135,40,OSM:classe,1,40
-3.004287,-59.972021,40,OSM,0,
-3.004251,-59.999601,40,OSM,0,
-3.004175,-60.017067,40,OSM,0,
-3.004161,-59.998151,40,OSM,0,
-3.004149,-60.013755,40,OSM,0,
-3.004133,-60.008020,40,OSM,0,
-3.004116,-59.985777,40,OSM,0,
-3.004115,-59.981029,60,OSM,0,
-3.004114,-59.998682,40,OSM,0,
-3.004111,-60.885595,60,OSM:classe,1,50
-3.004111,-60.025342,60,OSM,0,
-3.004082,-59.987205,40,OSM,0,
-3.004061,-60.013925,40,OSM,0,
-3.004057,-60.018214,40,OSM,0,
-3.004055,-59.984660,60,OSM,0,
-3.004045,-59.985282,40,OSM,0,
-3.004025,-59.984485,60,OSM,0,
-3.004024,-59.980971,60,OSM,0,
-3.004000,-60.009489,40,OSM,0,
-3.003997,-59.981560,60,OSM,0,
-3.003976,-60.014121,40,OSM,0,
-3.003963,-59.981436,60,OSM:classe,1,60
-3.003932,-60.025935,60,OSM,0,
-3.003927,-59.914236,80,OSM,0,
-3.003919,-59.981793,60,OSM:classe,1,40
-3.003909,-60.004263,40,OSM:classe,1,40
-3.003879,-60.014331,40,OSM,0,
-3.003864,-59.997519,40,OSM,0,
-3.003861,-60.016424,40,OSM,0,
-3.003842,-60.002423,40,OSM,0,
-3.003786,-60.021119,60,OSM:classe,1,40
-3.003751,-59.986988,40,OSM,0,
-3.003722,-59.998269,40,OSM,0,
-3.003716,-59.981901,60,OSM,0,
-3.003710,-60.021178,60,OSM:classe,1,40
-3.003665,-59.981259,60,OSM,0,
-3.003646,-60.000152,40,OSM,0,
-3.003638,-59.981902,60,OSM,0,
-3.003628,-60.005300,40,OSM,0,
-3.003609,-60.014864,40,OSM,0,
-3.003573,-59.999083,40,OSM,0,
-3.003560,-59.972788,40,OSM,0,
-3.003546,-59.972409,40,OSM,0,
-3.003544,-59.972017,40,OSM,0,
-3.003510,-59.985384,40,OSM,0,
-3.003493,-60.007948,40,OSM,0,
-3.003423,-59.981381,60,OSM,0,
-3.003418,-60.029606,60,OSM,0,
-3.003414,-60.018599,40,OSM,0,
-3.003413,-59.988213,40,OSM,0,
-3.003391,-60.009245,40,OSM,0,
-3.003388,-60.032186,60,OSM,0,
-3.003386,-59.981724,60,OSM:classe,1,60
-3.003373,-59.981693,60,OSM,0,
-3.003360,-59.990114,40,OSM,0,
-3.003355,-59.981613,60,OSM,0,
-3.003341,-60.015449,40,OSM,0,
-3.003317,-60.009171,40,OSM,0,
-3.003314,-60.024973,60,OSM,0,
-3.003314,-60.018791,40,OSM,0,
-3.003298,-59.989595,40,OSM,0,
-3.003294,-59.981659,40,OSM:classe,1,40
-3.003293,-59.992895,40,OSM,0,
-3.003272,-60.026181,60,OSM,0,
-3.003228,-59.982113,60,OSM,0,
-3.003223,-59.988507,40,OSM,0,
-3.003178,-59.982399,60,OSM,0,
-3.003178,-59.972004,40,OSM,0,
-3.003177,-59.972783,40,OSM,0,
-3.003177,-59.972425,40,OSM,0,
-3.003167,-59.992536,40,OSM,0,
-3.003162,-60.000569,40,OSM,0,
-3.003127,-59.985179,40,OSM,0,
-3.003126,-59.981540,60,OSM,0,
-3.003110,-59.984721,40,OSM,0,
-3.003109,-60.165460,60,OSM:classe,1,40
-3.003083,-60.019370,40,OSM,0,
-3.003082,-59.971231,40,OSM,0,
-3.003075,-60.016028,40,OSM,0,
-3.003071,-60.018289,40,OSM,0,
-3.003058,-60.016564,40,OSM,0,
-3.003058,-59.992189,40,OSM,0,
-3.003044,-60.012538,40,OSM,0,
-3.003043,-60.004454,40,OSM,0,
-3.003033,-60.046288,60,OSM:classe,1,40
-3.003020,-60.008462,40,OSM,0,
-3.003011,-59.984559,60,OSM,0,
-3.003004,-60.009037,40,OSM,0,
-3.002983,-59.888323,80,OSM,0,
-3.002980,-60.019878,40,OSM,0,
-3.002968,-59.981628,60,OSM,0,
-3.002963,-59.999259,40,OSM,0,
-3.002939,-60.019023,40,OSM,0,
-3.002929,-59.908697,80,OSM,0,
-3.002925,-59.998974,40,OSM,0,
-3.002914,-60.019274,40,OSM,0,
-3.002914,-59.991228,40,OSM,0,
-3.002912,-59.993036,40,OSM,0,
-3.002866,-60.002539,40,OSM,0,
-3.002846,-59.994586,40,OSM,0,
-3.002837,-59.991233,40,OSM,0,
-3.002837,-57.560926,60,OSM:classe,1,40
-3.002835,-59.982694,40,OSM,0,
-3.002832,-59.980033,40,OSM:classe,1,40
-3.002807,-60.016491,40,OSM,0,
-3.002806,-59.906194,80,OSM,0,
-3.002805,-59.888139,80,OSM,0,
-3.002791,-59.051023,60,OSM:classe,1,40
-3.002771,-59.987752,40,OSM,0,
-3.002771,-59.905963,60,OSM:classe,1,40
-3.002770,-59.989650,40,OSM,0,
-3.002756,-59.997911,40,OSM,0,
-3.002749,-59.981629,40,OSM,0,
-3.002728,-60.014250,40,OSM,0,
-3.002715,-59.985796,40,OSM,0,
-3.002699,-59.988965,40,OSM,0,
-3.002689,-60.013346,40,OSM,0,
-3.002686,-60.019227,40,OSM,0,
-3.002664,-60.005969,40,OSM,0,
-3.002651,-60.005867,40,OSM,0,
-3.002634,-59.985228,40,OSM,0,
-3.002630,-60.005660,40,OSM,0,
-3.002623,-60.005587,40,OSM,0,
-3.002610,-60.026952,60,OSM,0,
-3.002595,-59.984945,40,OSM,0,
-3.002589,-60.019806,40,OSM,0,
-3.002586,-59.390229,60,OSM:classe,1,40
-3.002578,-59.997363,40,OSM,0,
-3.002565,-60.000085,40,OSM,0,
-3.002520,-60.004595,40,OSM,0,
-3.002488,-60.020401,40,OSM,0,
-3.002417,-59.983308,40,OSM,0,
-3.002403,-59.980037,40,OSM,0,
-3.002390,-59.981633,40,OSM,0,
-3.002371,-60.016807,40,OSM,0,
-3.002356,-59.991271,40,OSM,0,
-3.002332,-60.019136,40,OSM,0,
-3.002322,-59.979619,40,OSM,0,
-3.002317,-59.990902,40,OSM,0,
-3.002287,-59.986500,40,OSM,0,
-3.002276,-59.987897,40,OSM,0,
-3.002269,-59.996875,40,OSM,0,
-3.002250,-60.053229,60,OSM,0,
-3.002238,-59.903802,80,OSM,0,
-3.002207,-60.007509,40,OSM,0,
-3.002206,-60.006917,40,OSM,0,
-3.002201,-60.023563,60,OSM,0,
-3.002197,-59.294347,60,OSM:classe,1,40
-3.002195,-59.985938,40,OSM,0,
-3.002187,-59.905502,80,OSM,0,
-3.002179,-59.997470,40,OSM,0,
-3.002162,-60.012718,40,OSM,0,
-3.002158,-59.987342,40,OSM,0,
-3.002151,-58.866076,60,OSM:classe,1,60
-3.002150,-59.987819,40,OSM,0,
-3.002148,-59.984727,60,OSM,0,
-3.002139,-60.016547,40,OSM,0,
-3.002134,-59.972797,40,OSM,0,
-3.002121,-60.013114,40,OSM,0,
-3.002118,-59.984827,60,OSM,0,
-3.002117,-59.993245,40,OSM,0,
-3.002093,-60.013452,40,OSM,0,
-3.002042,-59.988516,40,OSM,0,
-3.002023,-60.004647,40,OSM,0,
-3.002017,-59.992853,40,OSM,0,
-3.002001,-59.983929,40,OSM,0,
-3.001997,-59.980029,40,OSM,0,
-3.001996,-59.970263,40,OSM,0,
-3.001990,-59.981179,40,OSM,0,
-3.001989,-59.980777,40,OSM,0,
-3.001985,-59.980408,40,OSM,0,
-3.001985,-59.970483,40,OSM,0,
-3.001978,-59.986288,40,OSM,0,
-3.001977,-59.972684,40,OSM,0,
-3.001977,-59.970856,40,OSM,0,
-3.001969,-59.971619,40,OSM,0,
-3.001961,-60.052821,60,OSM,0,
-3.001957,-60.022222,60,OSM,0,
-3.001952,-60.022333,60,OSM,0,
-3.001933,-59.984268,40,OSM,0,
-3.001876,-59.985742,40,OSM,0,
-3.001850,-60.018993,40,OSM,0,
-3.001843,-59.970095,40,OSM,0,
-3.001839,-59.987138,40,OSM,0,
-3.001794,-59.991325,40,OSM,0,
-3.001782,-59.036693,60,OSM:classe,1,40
-3.001765,-60.002707,40,OSM,0,
-3.001762,-60.019695,40,OSM,0,
-3.001742,-59.997501,40,OSM,0,
-3.001693,-59.990238,40,OSM,0,
-3.001692,-59.143862,80,OSM:classe,1,60
-3.001688,-59.888241,80,OSM,0,
-3.001678,-60.005809,40,OSM:classe,1,40
-3.001676,-60.021629,60,OSM,0,
-3.001657,-59.984476,60,OSM,0,
-3.001558,-59.992974,40,OSM,0,
-3.001537,-60.004702,40,OSM,0,
-3.001532,-60.005913,60,OSM,0,
-3.001528,-60.006233,60,OSM,0,
-3.001528,-60.005839,40,OSM:classe,1,40
-3.001526,-60.005671,60,OSM,0,
-3.001524,-60.052408,60,OSM,0,
-3.001521,-58.693720,80,OSM:classe,1,60
-3.001519,-60.016555,40,OSM,0,
-3.001515,-60.006299,40,OSM:classe,1,40
-3.001508,-59.984910,40,OSM,0,
-3.001503,-59.992415,40,OSM,0,
-3.001498,-59.992350,40,OSM,0,
-3.001491,-60.000194,40,OSM,0,
-3.001453,-60.006802,40,OSM,0,
-3.001440,-59.991342,40,OSM,0,
-3.001440,-59.970106,40,OSM,0,
-3.001437,-60.007465,40,OSM,0,
-3.001432,-59.969723,40,OSM,0,
-3.001430,-59.984815,60,OSM,0,
-3.001425,-60.012822,40,OSM,0,
-3.001420,-60.004757,40,OSM,0,
-3.001414,-59.039291,60,OSM:classe,1,40
-3.001406,-59.999377,40,OSM,0,
-3.001402,-60.004178,60,OSM,0,
-3.001390,-60.053060,20,OSM,0,
-3.001374,-59.989290,40,OSM,0,
-3.001370,-59.984600,60,OSM,0,
-3.001367,-60.008319,40,OSM,0,
-3.001357,-60.003805,40,OSM,0,
-3.001350,-59.987263,40,OSM,0,
-3.001347,-60.051824,60,OSM,0,
-3.001345,-59.985860,40,OSM,0,
-3.001344,-59.984687,60,OSM,0,
-3.001343,-60.052088,30,OSM,0,
-3.001341,-60.006819,40,OSM,0,
-3.001339,-60.012524,40,OSM,0,
-3.001339,-60.006306,40,OSM:classe,1,40
-3.001336,-60.006243,60,OSM,0,
-3.001335,-60.005935,60,OSM,0,
-3.001331,-60.002773,40,OSM,0,
-3.001315,-60.007426,40,OSM,0,
-3.001294,-59.996962,40,OSM,0,
-3.001292,-59.969338,40,OSM,0,
-3.001278,-60.002508,60,OSM,0,
-3.001276,-60.018850,40,OSM,0,
-3.001274,-59.996404,40,OSM,0,
-3.001273,-59.998104,40,OSM,0,
-3.001265,-60.008219,40,OSM,0,
-3.001251,-59.994596,40,OSM,0,
-3.001234,-60.008897,40,OSM,0,
-3.001234,-59.985299,40,OSM,0,
-3.001230,-59.991357,40,OSM,0,
-3.001219,-60.016588,40,OSM,0,
-3.001217,-59.997577,40,OSM,0,
-3.001215,-60.012755,40,OSM,0,
-3.001215,-60.008517,60,OSM,0,
-3.001208,-59.986722,40,OSM,0,
-3.001186,-60.002752,40,OSM,0,
-3.001176,-60.053056,20,OSM,0,
-3.001173,-60.001974,60,OSM,0,
-3.001156,-60.009153,60,OSM,0,
-3.001145,-59.897293,80,OSM,0,
-3.001142,-59.985235,60,OSM,0,
-3.001140,-60.051929,30,OSM,0,
-3.001133,-60.017410,40,OSM,0,
-3.001132,-60.055286,20,OSM,0,
-3.001132,-60.008848,40,OSM,0,
-3.001117,-60.057156,20,OSM,0,
-3.001109,-60.056547,20,OSM,0,
-3.001091,-60.051216,60,OSM,0,
-3.001090,-59.989970,40,OSM,0,
-3.001089,-60.057534,20,OSM,0,
-3.001074,-60.002774,20,OSM,0,
-3.001070,-59.984422,60,OSM,0,
-3.001063,-60.000228,40,OSM,0,
-3.001058,-60.055837,20,OSM,0,
-3.001045,-60.013087,40,OSM,0,
-3.001029,-59.997633,40,OSM,0,
-3.001023,-60.001195,60,OSM,0,
-3.001015,-60.009499,40,OSM,0,
-3.000981,-59.996979,40,OSM,0,
-3.000967,-59.394429,60,OSM:classe,1,40
-3.000952,-59.972412,40,OSM,0,
-3.000933,-59.984402,60,OSM,0,
-3.000920,-60.012251,40,OSM,0,
-3.000911,-59.888181,80,OSM,0,
-3.000905,-60.016630,40,OSM,0,
-3.000904,-60.051462,30,OSM,0,
-3.000888,-60.015095,40,OSM,0,
-3.000884,-60.013016,40,OSM,0,
-3.000882,-60.009453,40,OSM,0,
-3.000880,-59.979601,40,OSM,0,
-3.000873,-60.051884,30,OSM,0,
-3.000872,-60.013403,40,OSM,0,
-3.000871,-60.053399,20,OSM,0,
-3.000868,-60.013567,40,OSM,0,
-3.000859,-59.981559,40,OSM,0,
-3.000851,-60.053045,20,OSM,0,
-3.000850,-59.999422,40,OSM,0,
-3.000842,-59.995677,40,OSM,0,
-3.000840,-60.044342,40,OSM,0,
-3.000834,-60.050829,30,OSM,0,
-3.000832,-60.050542,60,OSM,0,
-3.000822,-60.000192,60,OSM,0,
-3.000816,-60.006800,40,OSM,0,
-3.000808,-60.002614,20,OSM,0,
-3.000783,-59.984381,60,OSM,0,
-3.000781,-59.972237,40,OSM,0,
-3.000778,-60.057601,20,OSM,0,
-3.000766,-59.970110,40,OSM,0,
-3.000761,-59.876567,60,OSM:classe,1,40
-3.000757,-60.000419,60,OSM,0,
-3.000755,-59.994577,40,OSM,0,
-3.000751,-60.010062,40,OSM,0,
-3.000733,-59.983952,40,OSM,0,
-3.000690,-59.998291,40,OSM,0,
-3.000684,-59.888828,80,OSM,0,
-3.000679,-59.991389,40,OSM,0,
-3.000672,-59.998157,40,OSM,0,
-3.000623,-59.990826,40,OSM,0,
-3.000620,-60.010012,60,OSM,0,
-3.000616,-59.997762,40,OSM,0,
-3.000596,-60.053787,20,OSM,0,
-3.000588,-60.054972,20,OSM,0,
-3.000558,-59.979237,40,OSM,0,
-3.000544,-59.979597,40,OSM,0,
-3.000536,-59.986268,40,OSM,0,
-3.000536,-59.889182,60,OSM:classe,1,40
-3.000519,-60.019142,40,OSM,0,
-3.000506,-59.989349,40,OSM,0,
-3.000502,-59.978854,40,OSM,0,
-3.000470,-60.010641,40,OSM,0,
-3.000462,-60.052834,20,OSM,0,
-3.000458,-59.984290,60,OSM,0,
-3.000451,-59.891343,80,OSM,0,
-3.000446,-60.007340,40,OSM,0,
-3.000422,-59.888492,80,OSM,0,
-3.000414,-60.018513,40,OSM,0,
-3.000411,-60.018417,40,OSM,0,
-3.000387,-59.972012,40,OSM,0,
-3.000360,-60.053001,30,OSM,0,
-3.000357,-60.018908,40,OSM,0,
-3.000357,-59.888564,60,OSM:classe,1,40
-3.000351,-59.889870,80,OSM,0,
-3.000348,-60.016947,40,OSM,0,
-3.000347,-59.969351,40,OSM,0,
-3.000344,-60.010582,40,OSM,0,
-3.000344,-59.992461,40,OSM,0,
-3.000341,-60.002922,20,OSM,0,
-3.000334,-60.002711,20,OSM,0,
-3.000315,-59.973168,40,OSM,0,
-3.000308,-59.984564,60,OSM,0,
-3.000291,-60.016225,40,OSM,0,
-3.000261,-60.012726,40,OSM,0,
-3.000256,-59.987397,40,OSM,0,
-3.000252,-60.014730,40,OSM,0,
-3.000239,-60.020389,60,OSM,0,
-3.000239,-59.969730,40,OSM,0,
-3.000236,-60.007749,40,OSM,0,
-3.000234,-59.970101,40,OSM,0,
-3.000232,-60.013258,40,OSM,0,
-3.000224,-59.984172,30,OSM,0,
-3.000223,-59.043457,60,OSM:classe,1,40
-3.000220,-60.019397,40,OSM,0,
-3.000215,-60.011202,40,OSM,0,
-3.000158,-60.020322,60,OSM:classe,1,40
-3.000155,-59.998929,40,OSM,0,
-3.000148,-60.887722,60,OSM:classe,1,50
-3.000131,-60.004980,40,OSM,0,
-3.000118,-60.045191,60,OSM:classe,1,40
-3.000103,-59.889085,80,OSM,0,
-3.000082,-60.011141,40,OSM,0,
-3.000078,-60.054707,20,OSM,0,
-3.000060,-60.020017,40,OSM,0,
-3.000047,-59.998473,40,OSM,0,
-3.000027,-59.972014,40,OSM,0,
-3.000021,-59.973159,40,OSM,0,
-3.000005,-60.004014,40,OSM,0,
-2.999989,-59.991436,60,OSM:classe,1,40
-2.999987,-60.048726,60,OSM,0,
-2.999963,-60.008282,40,OSM,0,
-2.999948,-60.048477,60,OSM,0,
-2.999936,-60.055264,20,OSM,0,
-2.999925,-59.987202,60,OSM,0,
-2.999919,-59.984718,60,OSM,0,
-2.999911,-60.011790,40,OSM,0,
-2.999905,-59.994616,40,OSM,0,
-2.999892,-59.983469,40,OSM,0,
-2.999885,-59.998303,60,OSM,0,
-2.999866,-60.055083,20,OSM,0,
-2.999846,-59.997053,40,OSM,0,
-2.999843,-59.997971,60,OSM,0,
-2.999841,-59.047821,60,OSM:classe,1,40
-2.999830,-59.984361,60,OSM,0,
-2.999824,-59.993805,60,OSM,0,
-2.999819,-59.995455,60,OSM,0,
-2.999804,-59.993619,60,OSM:classe,1,40
-2.999773,-59.991685,60,OSM:classe,1,40
-2.999758,-60.011791,40,OSM,0,
-2.999749,-59.991216,40,OSM:classe,1,40
-2.999743,-60.019957,40,OSM,0,
-2.999724,-59.997384,40,OSM,0,
-2.999721,-59.983797,40,OSM,0,
-2.999705,-60.018870,40,OSM,0,
-2.999696,-59.998011,40,OSM,0,
-2.999693,-60.018456,40,OSM,0,
-2.999679,-59.992011,40,OSM,0,
-2.999679,-59.983873,40,OSM,0,
-2.999674,-60.008864,40,OSM,0,
-2.999673,-59.991875,40,OSM:classe,1,40
-2.999669,-59.991776,60,OSM:classe,1,40
-2.999665,-59.981564,40,OSM,0,
-2.999663,-59.978477,40,OSM,0,
-2.999661,-59.980754,40,OSM,0,
-2.999656,-59.981154,40,OSM,0,
-2.999653,-59.978842,40,OSM,0,
-2.999652,-59.979597,40,OSM,0,
-2.999651,-60.016952,40,OSM,0,
-2.999644,-59.973149,40,OSM,0,
-2.999642,-59.993925,60,OSM:classe,1,40
-2.999638,-60.016245,40,OSM,0,
-2.999637,-59.972776,40,OSM,0,
-2.999630,-59.972020,40,OSM,0,
-2.999629,-59.996465,40,OSM,0,
-2.999627,-59.972408,40,OSM,0,
-2.999626,-59.991130,60,OSM,0,
-2.999623,-60.013269,40,OSM,0,
-2.999621,-59.991015,60,OSM,0,
-2.999618,-59.993617,60,OSM,0,
-2.999617,-59.990877,40,OSM,0,
-2.999603,-60.012401,40,OSM,0,
-2.999592,-60.016246,40,OSM,0,
-2.999588,-59.990351,40,OSM,0,
-2.999583,-60.031346,60,OSM,0,
-2.999582,-59.970096,40,OSM,0,
-2.999576,-59.971606,40,OSM,0,
-2.999574,-59.972020,40,OSM,0,
-2.999562,-60.016959,40,OSM,0,
-2.999533,-60.055687,20,OSM,0,
-2.999532,-60.031427,60,OSM,0,
-2.999496,-60.012353,40,OSM,0,
-2.999483,-59.984211,40,OSM,0,
-2.999480,-59.984190,40,OSM,0,
-2.999461,-59.998075,40,OSM,0,
-2.999456,-59.988279,60,OSM,0,
-2.999423,-59.987901,60,OSM,0,
-2.999421,-59.991651,60,OSM,0,
-2.999409,-60.009440,40,OSM,0,
-2.999409,-59.993900,40,OSM,0,
-2.999383,-59.991308,60,OSM,0,
-2.999343,-59.988994,40,OSM:classe,1,40
-2.999337,-59.988272,40,OSM:classe,1,40
-2.999331,-59.984217,30,OSM,0,
-2.999304,-59.997395,40,OSM,0,
-2.999283,-59.984475,60,OSM,0,
-2.999281,-59.978472,40,OSM,0,
-2.999275,-59.979219,40,OSM,0,
-2.999274,-59.973166,40,OSM,0,
-2.999271,-59.980383,40,OSM,0,
-2.999271,-59.978810,40,OSM,0,
-2.999264,-59.979313,40,OSM,0,
-2.999262,-59.981162,40,OSM,0,
-2.999258,-60.056181,20,OSM,0,
-2.999258,-59.981651,40,OSM,0,
-2.999197,-60.013255,40,OSM,0,
-2.999181,-59.993864,60,OSM:classe,1,40
-2.999149,-59.398541,60,OSM:classe,1,40
-2.999144,-60.010043,40,OSM,0,
-2.999134,-59.979597,40,OSM,0,
-2.999086,-60.019855,40,OSM,0,
-2.999066,-59.991448,40,OSM,0,
-2.999056,-60.018476,40,OSM,0,
-2.999039,-59.983035,40,OSM,0,
-2.999033,-60.014722,40,OSM,0,
-2.999031,-60.016966,40,OSM,0,
-2.999023,-60.055409,20,OSM,0,
-2.999012,-57.563257,60,OSM:classe,1,40
-2.999005,-59.991500,60,OSM:classe,1,40
-2.999004,-60.016251,40,OSM,0,
-2.999003,-60.056661,20,OSM,0,
-2.998941,-58.869229,60,OSM:classe,1,60
-2.998934,-60.013505,40,OSM,0,
-2.998908,-60.166858,60,OSM:classe,1,40
-2.998866,-59.983306,40,OSM,0,
-2.998865,-60.047791,60,OSM,0,
-2.998848,-60.047675,60,OSM,0,
-2.998843,-59.984260,30,OSM,0,
-2.998807,-59.998251,40,OSM,0,
-2.998759,-59.981551,60,OSM,0,
-2.998742,-59.971230,40,OSM,0,
-2.998732,-60.019725,40,OSM,0,
-2.998729,-58.697239,80,OSM:classe,1,60
-2.998718,-59.981634,60,OSM,0,
-2.998692,-59.973174,40,OSM,0,
-2.998684,-59.997922,40,OSM,0,
-2.998674,-59.972762,40,OSM,0,
-2.998673,-60.014070,40,OSM,0,
-2.998673,-60.004244,40,OSM,0,
-2.998664,-60.056475,20,OSM,0,
-2.998657,-59.993972,40,OSM,0,
-2.998644,-60.047275,40,OSM,0,
-2.998615,-59.983301,30,OSM,0,
-2.998612,-59.970478,40,OSM,0,
-2.998604,-59.970217,40,OSM,0,
-2.998591,-60.046936,40,OSM,0,
-2.998531,-60.056307,20,OSM,0,
-2.998531,-60.014669,60,OSM,0,
-2.998505,-60.003261,40,OSM,0,
-2.998461,-59.292054,60,OSM:classe,1,40
-2.998457,-60.056480,20,OSM,0,
-2.998443,-60.019499,40,OSM,0,
-2.998440,-59.983627,40,OSM,0,
-2.998437,-60.056650,30,OSM,0,
-2.998418,-60.014622,60,OSM,0,
-2.998416,-60.016960,40,OSM,0,
-2.998397,-60.010408,40,OSM,0,
-2.998394,-59.972409,40,OSM,0,
-2.998393,-59.979689,40,OSM:classe,1,40
-2.998392,-59.970849,40,OSM,0,
-2.998387,-59.971610,40,OSM,0,
-2.998386,-60.047561,40,OSM,0,
-2.998386,-59.971222,40,OSM,0,
-2.998378,-59.978411,40,OSM,0,
-2.998343,-59.981377,40,OSM,0,
-2.998309,-59.983971,30,OSM,0,
-2.998279,-60.007108,40,OSM,0,
-2.998278,-60.007303,40,OSM,0,
-2.998271,-59.991006,60,OSM:classe,1,40
-2.998258,-59.974194,40,OSM,0,
-2.998238,-60.056503,30,OSM,0,
-2.998192,-59.997478,40,OSM,0,
-2.998183,-60.006338,40,OSM,0,
-2.998154,-59.990943,60,OSM:classe,1,40
-2.998127,-60.015218,40,OSM,0,
-2.998098,-59.996919,40,OSM,0,
-2.998063,-59.974092,40,OSM,0,
-2.998043,-60.010995,40,OSM,0,
-2.998011,-59.983101,60,OSM,0,
-2.998001,-59.973919,40,OSM,0,
-2.997999,-59.982993,60,OSM,0,
-2.997856,-59.997517,40,OSM,0,
-2.997844,-59.995407,40,OSM,0,
-2.997822,-59.990694,40,OSM,0,
-2.997799,-60.018507,40,OSM,0,
-2.997778,-60.016243,40,OSM,0,
-2.997769,-59.996978,40,OSM,0,
-2.997758,-60.016935,40,OSM,0,
-2.997755,-60.015028,40,OSM,0,
-2.997728,-60.011509,40,OSM,0,
-2.997699,-59.145934,80,OSM:classe,1,60
-2.997698,-59.995439,40,OSM,0,
-2.997644,-59.994135,40,OSM,0,
-2.997620,-59.980658,40,OSM,0,
-2.997571,-59.997949,40,OSM,0,
-2.997568,-59.998060,40,OSM,0,
-2.997514,-59.980584,60,OSM,0,
-2.997478,-60.013469,40,OSM,0,
-2.997473,-60.016911,40,OSM,0,
-2.997463,-60.007460,40,OSM,0,
-2.997441,-59.997037,40,OSM,0,
-2.997422,-59.985630,60,OSM,0,
-2.997404,-60.015735,40,OSM,0,
-2.997392,-59.980665,40,OSM,0,
-2.997368,-59.983215,60,OSM,0,
-2.997366,-59.983630,40,OSM,0,
-2.997348,-59.996575,40,OSM,0,
-2.997332,-59.983108,60,OSM,0,
-2.997256,-59.977941,40,OSM,0,
-2.997243,-59.358493,60,OSM:classe,1,40
-2.997229,-60.047638,60,OSM,0,
-2.997223,-60.012638,40,OSM,0,
-2.997210,-59.972775,40,OSM,0,
-2.997210,-59.970870,40,OSM,0,
-2.997206,-59.972006,40,OSM,0,
-2.997194,-59.995528,40,OSM,0,
-2.997194,-59.973105,40,OSM,0,
-2.997166,-60.018519,40,OSM,0,
-2.997161,-59.995533,40,OSM,0,
-2.997154,-59.985780,60,OSM,0,
-2.997150,-59.979154,40,OSM,0,
-2.997145,-60.016247,40,OSM,0,
-2.997126,-59.994240,40,OSM,0,
-2.997108,-60.031423,60,OSM,0,
-2.997022,-59.973161,40,OSM,0,
-2.997013,-59.983846,40,OSM,0,
-2.996995,-59.874106,60,OSM:classe,1,40
-2.996984,-59.998822,40,OSM,0,
-2.996980,-59.982889,40,OSM,0,
-2.996967,-59.984289,40,OSM,0,
-2.996955,-60.014628,40,OSM,0,
-2.996951,-59.978638,40,OSM,0,
-2.996827,-60.015480,40,OSM,0,
-2.996814,-60.018289,60,OSM,0,
-2.996813,-59.986204,40,OSM,0,
-2.996810,-60.011401,40,OSM,0,
-2.996804,-59.997109,40,OSM,0,
-2.996795,-59.982559,40,OSM,0,
-2.996741,-59.986549,60,OSM,0,
-2.996694,-60.018226,60,OSM,0,
-2.996687,-59.980224,40,OSM,0,
-2.996685,-59.995607,40,OSM,0,
-2.996668,-59.994320,40,OSM,0,
-2.996661,-60.003603,40,OSM,0,
-2.996652,-59.979360,40,OSM,0,
-2.996620,-59.982231,40,OSM,0,
-2.996541,-59.984536,40,OSM,0,
-2.996514,-60.031339,60,OSM,0,
-2.996489,-59.979734,40,OSM,0,
-2.996433,-59.986159,60,OSM,0,
-2.996424,-59.982067,40,OSM,0,
-2.996417,-59.973155,40,OSM,0,
-2.996406,-60.019174,60,OSM,0,
-2.996371,-59.401713,60,OSM:classe,1,40
-2.996323,-60.019309,60,OSM,0,
-2.996305,-59.980080,40,OSM,0,
-2.996294,-60.019070,60,OSM,0,
-2.996243,-59.986815,60,OSM,0,
-2.996238,-60.013536,40,OSM,0,
-2.996221,-59.980053,40,OSM,0,
-2.996219,-60.019205,60,OSM,0,
-2.996210,-59.974051,40,OSM,0,
-2.996201,-59.980156,40,OSM,0,
-2.996184,-60.889848,60,OSM:classe,1,50
-2.996176,-60.010734,40,OSM,0,
-2.996175,-59.977481,40,OSM,0,
-2.996028,-59.986374,60,OSM,0,
-2.996020,-59.977796,40,OSM,0,
-2.996005,-59.973152,40,OSM,0,
-2.996000,-59.972774,40,OSM,0,
-2.995989,-59.972011,40,OSM,0,
-2.995985,-59.971612,40,OSM,0,
-2.995980,-59.974342,40,OSM,0,
-2.995980,-59.971236,40,OSM,0,
-2.995976,-59.970859,40,OSM,0,
-2.995973,-59.970560,40,OSM,0,
-2.995960,-59.985061,40,OSM,0,
-2.995942,-59.980099,60,OSM,0,
-2.995923,-59.999072,40,OSM,0,
-2.995859,-59.978156,40,OSM,0,
-2.995812,-60.031372,60,OSM,0,
-2.995808,-59.970460,40,OSM,0,
-2.995807,-59.973940,40,OSM,0,
-2.995719,-59.987080,60,OSM,0,
-2.995713,-58.872363,60,OSM:classe,1,60
-2.995668,-60.019992,60,OSM,0,
-2.995602,-59.970859,40,OSM,0,
-2.995599,-59.972011,40,OSM,0,
-2.995594,-60.012945,40,OSM,0,
-2.995586,-60.019871,60,OSM,0,
-2.995570,-59.986631,60,OSM,0,
-2.995492,-58.700323,80,OSM:classe,1,60
-2.995473,-60.015761,40,OSM,0,
-2.995449,-59.984267,60,OSM,0,
-2.995413,-59.984186,60,OSM,0,
-2.995410,-59.982459,40,OSM,0,
-2.995406,-59.973783,40,OSM,0,
-2.995280,-59.996171,40,OSM,0,
-2.995264,-59.975282,40,OSM,0,
-2.995262,-59.983829,40,OSM,0,
-2.995252,-59.979590,40,OSM,0,
-2.995217,-59.970480,40,OSM,0,
-2.995215,-60.030941,60,OSM,0,
-2.995213,-59.970853,40,OSM,0,
-2.995208,-59.987342,60,OSM,0,
-2.995200,-59.972407,40,OSM,0,
-2.995200,-59.972009,40,OSM,0,
-2.995198,-59.973155,40,OSM,0,
-2.995191,-59.972790,40,OSM,0,
-2.995188,-59.973517,40,OSM,0,
-2.995187,-59.983428,40,OSM,0,
-2.995140,-59.975171,40,OSM,0,
-2.995104,-59.985772,40,OSM,0,
-2.995100,-60.031030,60,OSM,0,
-2.995031,-59.985812,40,OSM,0,
-2.995023,-59.983052,40,OSM,0,
-2.995000,-59.986943,60,OSM,0,
-2.994946,-59.982665,40,OSM,0,
-2.994934,-59.987253,40,OSM,0,
-2.994914,-60.005884,40,OSM,0,
-2.994888,-60.168468,60,OSM:classe,1,40
-2.994848,-59.985488,40,OSM,0,
-2.994843,-59.974913,40,OSM,0,
-2.994820,-59.983061,40,OSM,0,
-2.994771,-59.994741,60,OSM:classe,1,40
-2.994771,-59.970854,40,OSM,0,
-2.994770,-59.972010,40,OSM,0,
-2.994769,-59.971227,40,OSM,0,
-2.994768,-60.004961,40,OSM,0,
-2.994762,-59.971600,40,OSM,0,
-2.994745,-60.017741,40,OSM,0,
-2.994704,-60.017073,40,OSM,0,
-2.994699,-59.974485,40,OSM,0,
-2.994680,-59.985987,40,OSM,0,
-2.994662,-60.018328,40,OSM,0,
-2.994655,-57.563987,60,OSM:classe,1,40
-2.994633,-59.976118,40,OSM,0,
-2.994627,-59.983432,40,OSM,0,
-2.994616,-59.983790,40,OSM,0,
-2.994612,-59.978118,40,OSM,0,
-2.994602,-59.974683,40,OSM,0,
-2.994595,-59.984192,40,OSM,0,
-2.994580,-59.995949,40,OSM,0,
-2.994513,-59.999153,40,OSM,0,
-2.994500,-60.006018,40,OSM,0,
-2.994476,-59.998532,40,OSM,0,
-2.994437,-59.997920,40,OSM,0,
-2.994392,-60.030001,60,OSM,0,
-2.994381,-59.981861,40,OSM,0,
-2.994361,-59.972013,40,OSM,0,
-2.994359,-59.972992,40,OSM,0,
-2.994354,-59.997349,40,OSM,0,
-2.994345,-60.003962,40,OSM,0,
-2.994315,-59.291143,60,OSM:classe,1,40
-2.994298,-59.980199,40,OSM:classe,1,40
-2.994293,-60.004014,40,OSM,0,
-2.994292,-59.996672,40,OSM,0,
-2.994276,-59.982314,40,OSM,0,
-2.994270,-60.020699,40,OSM:classe,1,40
-2.994264,-59.975524,40,OSM,0,
-2.994256,-60.047413,60,OSM,0,
-2.994247,-59.973209,40,OSM,0,
-2.994238,-60.030021,40,OSM:classe,1,40
-2.994236,-59.975994,40,OSM,0,
-2.994235,-59.977975,40,OSM:classe,1,40
-2.994229,-59.983795,40,OSM,0,
-2.994224,-59.978320,40,OSM,0,
-2.994212,-59.978716,40,OSM,0,
-2.994204,-59.979144,40,OSM,0,
-2.994199,-59.984175,40,OSM,0,
-2.994178,-59.984268,40,OSM,0,
-2.994144,-59.980109,40,OSM,0,
-2.994133,-60.016748,40,OSM,0,
-2.994122,-59.993465,40,OSM,0,
-2.994082,-59.994877,40,OSM,0,
-2.994026,-60.020888,60,OSM,0,
-2.993992,-60.020720,60,OSM,0,
-2.993981,-59.974268,40,OSM,0,
-2.993981,-59.972009,40,OSM,0,
-2.993911,-60.016994,40,OSM,0,
-2.993893,-59.984621,40,OSM,0,
-2.993892,-59.974466,40,OSM,0,
-2.993809,-60.005876,40,OSM,0,
-2.993790,-59.970468,40,OSM,0,
-2.993784,-60.029654,60,OSM,0,
-2.993766,-59.991508,40,OSM,0,
-2.993739,-59.996682,40,OSM,0,
-2.993722,-59.357301,60,OSM:classe,1,40
-2.993717,-59.995804,40,OSM,0,
-2.993707,-59.148006,80,OSM:classe,1,60
-2.993692,-60.004116,40,OSM,0,
-2.993692,-59.984248,40,OSM,0,
-2.993644,-60.030760,60,OSM,0,
-2.993618,-59.987389,40,OSM,0,
-2.993590,-59.970529,40,OSM,0,
-2.993587,-59.974461,40,OSM,0,
-2.993586,-59.971999,40,OSM,0,
-2.993585,-59.993591,40,OSM,0,
-2.993555,-59.994954,40,OSM,0,
-2.993530,-60.021627,60,OSM,0,
-2.993511,-59.999111,40,OSM,0,
-2.993478,-59.995439,40,OSM,0,
-2.993467,-59.988354,60,OSM,0,
-2.993388,-60.021585,60,OSM,0,
-2.993354,-60.027268,60,OSM,0,
-2.993346,-59.987883,60,OSM,0,
-2.993332,-59.987530,40,OSM,0,
-2.993310,-60.028768,40,OSM:classe,1,40
-2.993300,-60.029058,80,OSM:classe,1,60
-2.993282,-60.029419,100,OSM:classe,1,100
-2.993278,-60.018962,40,OSM,0,
-2.993236,-59.996684,40,OSM,0,
-2.993215,-59.974713,40,OSM,0,
-2.993214,-60.027270,60,OSM,0,
-2.993212,-59.972005,40,OSM,0,
-2.993209,-59.988499,60,OSM,0,
-2.993194,-60.030679,40,OSM:classe,1,40
-2.993160,-60.029037,100,OSM:classe,1,100
-2.993140,-60.029359,80,OSM:classe,1,60
-2.993132,-60.029580,40,OSM:classe,1,40
-2.993132,-59.980325,60,OSM,0,
-2.993126,-59.980228,60,OSM,0,
-2.993118,-59.974862,40,OSM,0,
-2.993116,-59.988018,60,OSM,0,
-2.993096,-60.004221,40,OSM,0,
-2.993073,-59.982272,40,OSM,0,
-2.993028,-60.005630,40,OSM,0,
-2.993027,-60.029063,60,OSM,0,
-2.993007,-59.872225,60,OSM:classe,1,40
-2.993000,-59.984972,40,OSM,0,
-2.992996,-59.987713,40,OSM,0,
-2.992993,-59.997876,40,OSM,0,
-2.992951,-59.984145,60,OSM,0,
-2.992918,-60.016217,40,OSM,0,
-2.992874,-60.019189,40,OSM,0,
-2.992840,-59.972005,40,OSM,0,
-2.992834,-59.974463,40,OSM,0,
-2.992831,-60.030901,60,OSM,0,
-2.992783,-59.986666,40,OSM,0,
-2.992753,-60.016394,40,OSM,0,
-2.992699,-60.028912,40,OSM:classe,1,40
-2.992678,-60.016502,40,OSM,0,
-2.992647,-59.987920,40,OSM,0,
-2.992645,-60.030331,40,OSM:classe,1,40
-2.992642,-60.018375,40,OSM,0,
-2.992587,-60.030157,60,OSM,0,
-2.992580,-60.030997,80,OSM:classe,1,60
-2.992497,-60.004331,40,OSM,0,
-2.992475,-59.996017,40,OSM,0,
-2.992471,-60.031132,60,OSM,0,
-2.992455,-59.975234,40,OSM,0,
-2.992437,-59.980749,60,OSM,0,
-2.992433,-59.970852,40,OSM,0,
-2.992419,-59.975995,40,OSM,0,
-2.992411,-60.005701,40,OSM,0,
-2.992396,-59.980653,60,OSM,0,
-2.992386,-59.996026,40,OSM,0,
-2.992347,-60.016844,40,OSM,0,
-2.992342,-60.018707,40,OSM,0,
-2.992333,-59.988072,40,OSM,0,
-2.992257,-59.986390,40,OSM,0,
-2.992241,-59.995127,40,OSM,0,
-2.992214,-59.992335,40,OSM,0,
-2.992171,-59.996569,40,OSM,0,
-2.992147,-59.997086,40,OSM,0,
-2.992137,-59.986993,40,OSM,0,
-2.992082,-58.874980,60,OSM:classe,1,60
-2.992076,-59.974460,40,OSM,0,
-2.992069,-59.972007,40,OSM,0,
-2.992048,-60.891509,60,OSM:classe,1,50
-2.992044,-60.017201,40,OSM,0,
-2.992021,-59.998402,40,OSM,0,
-2.992019,-59.981358,60,OSM,0,
-2.992019,-58.703183,80,OSM:classe,1,60
-2.992001,-59.988255,40,OSM,0,
-2.991992,-59.996584,40,OSM,0,
-2.991979,-59.402033,60,OSM:classe,1,40
-2.991968,-59.999061,40,OSM,0,
-2.991961,-60.000206,40,OSM,0,
-2.991960,-59.991363,40,OSM,0,
-2.991957,-59.999660,40,OSM,0,
-2.991936,-59.981318,60,OSM,0,
-2.991912,-59.986073,40,OSM,0,
-2.991889,-59.981859,40,OSM:classe,1,40
-2.991882,-60.004421,40,OSM,0,
-2.991880,-59.982237,40,OSM,0,
-2.991874,-59.982622,40,OSM,0,
-2.991870,-59.982986,40,OSM,0,
-2.991864,-59.983369,40,OSM,0,
-2.991860,-59.983748,40,OSM,0,
-2.991837,-60.047670,60,OSM,0,
-2.991834,-59.987173,40,OSM,0,
-2.991806,-60.005723,40,OSM,0,
-2.991800,-59.984580,40,OSM,0,
-2.991788,-60.014757,40,OSM,0,
-2.991784,-60.015695,40,OSM,0,
-2.991774,-59.992518,40,OSM,0,
-2.991768,-59.983131,40,OSM,0,
-2.991760,-59.983998,40,OSM,0,
-2.991759,-59.984135,60,OSM,0,
-2.991757,-59.984223,60,OSM,0,
-2.991726,-59.984449,60,OSM,0,
-2.991698,-59.974466,40,OSM,0,
-2.991693,-59.971997,40,OSM,0,
-2.991690,-59.988433,40,OSM,0,
-2.991680,-59.992535,40,OSM,0,
-2.991656,-59.984967,40,OSM,0,
-2.991641,-60.015239,40,OSM,0,
-2.991631,-60.019483,40,OSM,0,
-2.991620,-60.028579,40,OSM:classe,1,40
-2.991613,-60.047845,60,OSM,0,
-2.991596,-60.014706,40,OSM,0,
-2.991573,-59.993847,40,OSM,0,
-2.991555,-60.006708,40,OSM,0,
-2.991521,-60.028706,60,OSM,0,
-2.991495,-59.987361,40,OSM,0,
-2.991478,-59.991442,40,OSM,0,
-2.991475,-60.019917,40,OSM,0,
-2.991435,-59.970849,40,OSM,0,
-2.991432,-60.015227,40,OSM,0,
-2.991383,-59.972002,40,OSM,0,
-2.991381,-59.996172,40,OSM,0,
-2.991375,-59.983121,40,OSM,0,
-2.991344,-60.028378,60,OSM,0,
-2.991338,-59.971226,40,OSM,0,
-2.991336,-59.971600,40,OSM,0,
-2.991334,-59.993891,40,OSM,0,
-2.991332,-59.984481,40,OSM,0,
-2.991315,-59.973214,40,OSM,0,
-2.991291,-59.985532,60,OSM,0,
-2.991283,-60.004538,40,OSM,0,
-2.991267,-60.020363,40,OSM,0,
-2.991220,-60.009342,40,OSM,0,
-2.991220,-59.985463,40,OSM,0,
-2.991175,-59.993025,40,OSM,0,
-2.991163,-59.987533,40,OSM,0,
-2.991109,-59.992617,40,OSM,0,
-2.991090,-60.000117,40,OSM,0,
-2.991084,-59.996661,40,OSM,0,
-2.991071,-60.018283,40,OSM,0,
-2.991068,-59.987590,40,OSM,0,
-2.991067,-60.006866,40,OSM,0,
-2.991061,-59.996485,40,OSM,0,
-2.991057,-59.293998,60,OSM:classe,1,40
-2.991054,-59.975225,40,OSM,0,
-2.991032,-59.974473,40,OSM,0,
-2.991026,-59.996229,40,OSM,0,
-2.991005,-59.983109,40,OSM,0,
-2.991004,-59.988828,40,OSM,0,
-2.990998,-59.988611,40,OSM,0,
-2.990995,-59.988242,40,OSM,0,
-2.990987,-59.987864,40,OSM,0,
-2.990960,-59.985136,40,OSM,0,
-2.990955,-59.985657,40,OSM,0,
-2.990951,-60.002228,40,OSM,0,
-2.990938,-60.008202,40,OSM,0,
-2.990927,-59.991524,40,OSM,0,
-2.990892,-59.995335,40,OSM,0,
-2.990881,-60.008748,40,OSM,0,
-2.990880,-59.974836,40,OSM,0,
-2.990879,-60.008194,40,OSM,0,
-2.990842,-60.166802,60,OSM:classe,1,40
-2.990816,-59.996256,40,OSM,0,
-2.990798,-60.040311,20,OSM,0,
-2.990772,-59.993968,40,OSM,0,
-2.990680,-60.004646,40,OSM,0,
-2.990668,-60.039780,20,OSM,0,
-2.990647,-60.014437,40,OSM,0,
-2.990634,-57.565579,60,OSM:classe,1,40
-2.990627,-60.020408,40,OSM,0,
-2.990616,-59.983096,40,OSM,0,
-2.990561,-59.985915,40,OSM,0,
-2.990560,-60.007008,40,OSM,0,
-2.990466,-60.015312,40,OSM,0,
-2.990342,-59.997911,40,OSM,0,
-2.990324,-59.995400,60,OSM:classe,1,40
-2.990290,-59.991352,40,OSM,0,
-2.990270,-59.989013,40,OSM,0,
-2.990260,-60.015563,40,OSM,0,
-2.990257,-60.000101,40,OSM,0,
-2.990257,-59.996778,40,OSM,0,
-2.990241,-59.983084,40,OSM,0,
-2.990222,-59.994066,40,OSM,0,
-2.990193,-60.002407,40,OSM,0,
-2.990183,-60.017437,40,OSM,0,
-2.990181,-59.986151,40,OSM,0,
-2.990117,-60.014288,40,OSM,0,
-2.990111,-60.019308,40,OSM,0,
-2.990069,-60.033996,60,OSM,0,
-2.990051,-60.033784,60,OSM,0,
-2.990021,-60.017911,40,OSM,0,
-2.990004,-59.992794,40,OSM,0,
-2.989982,-60.018532,40,OSM,0,
-2.989965,-60.012560,40,OSM,0,
-2.989934,-60.015917,40,OSM,0,
-2.989882,-59.997287,40,OSM,0,
-2.989862,-59.983072,40,OSM,0,
-2.989822,-59.991712,40,OSM,0,
-2.989816,-60.019649,40,OSM,0,
-2.989813,-60.015258,40,OSM,0,
-2.989809,-60.014205,40,OSM,0,
-2.989791,-59.986404,40,OSM,0,
-2.989715,-59.150078,80,OSM:classe,1,60
-2.989694,-60.020171,40,OSM,0,
-2.989672,-59.994150,40,OSM,0,
-2.989611,-59.405467,60,OSM:classe,1,40
-2.989511,-60.020012,40,OSM,0,
-2.989490,-60.014579,40,OSM,0,
-2.989458,-59.986717,40,OSM,0,
-2.989457,-59.983072,40,OSM,0,
-2.989451,-59.998773,40,OSM,0,
-2.989448,-60.020080,40,OSM,0,
-2.989420,-59.356177,60,OSM:classe,1,40
-2.989417,-59.996915,40,OSM,0,
-2.989346,-60.014768,40,OSM,0,
-2.989327,-60.002575,40,OSM,0,
-2.989317,-60.016633,40,OSM,0,
-2.989298,-59.990336,40,OSM,0,
-2.989257,-59.991808,40,OSM,0,
-2.989234,-59.990667,60,OSM,0,
-2.989222,-60.015854,40,OSM,0,
-2.989217,-59.995587,40,OSM,0,
-2.989139,-60.039025,20,OSM,0,
-2.989116,-59.994262,40,OSM,0,
-2.989082,-60.014018,40,OSM,0,
-2.989068,-59.983056,40,OSM,0,
-2.989028,-60.039232,20,OSM,0,
-2.989014,-59.986900,40,OSM,0,
-2.989013,-59.986848,40,OSM,0,
-2.988967,-60.014411,40,OSM,0,
-2.988955,-60.014445,40,OSM,0,
-2.988952,-59.990267,60,OSM,0,
-2.988904,-60.014639,40,OSM,0,
-2.988768,-59.988989,40,OSM,0,
-2.988757,-59.987846,40,OSM,0,
-2.988735,-60.008654,40,OSM,0,
-2.988732,-60.002682,40,OSM,0,
-2.988711,-59.991890,40,OSM,0,
-2.988709,-59.997930,40,OSM,0,
-2.988687,-59.983044,40,OSM,0,
-2.988683,-59.990452,60,OSM,0,
-2.988666,-60.012203,40,OSM,0,
-2.988644,-59.990991,60,OSM,0,
-2.988634,-60.017260,40,OSM,0,
-2.988625,-60.014348,40,OSM,0,
-2.988614,-60.000988,40,OSM,0,
-2.988614,-59.999549,40,OSM,0,
-2.988605,-60.049340,40,OSM:classe,1,40
-2.988604,-60.014566,40,OSM,0,
-2.988598,-59.986590,40,OSM,0,
-2.988581,-59.994331,40,OSM,0,
-2.988564,-59.871533,60,OSM:classe,1,40
-2.988510,-59.987316,40,OSM:classe,1,40
-2.988485,-60.012934,40,OSM,0,
-2.988437,-59.990616,60,OSM,0,
-2.988417,-59.993471,40,OSM,0,
-2.988406,-59.999536,40,OSM,0,
-2.988403,-60.015734,40,OSM,0,
-2.988395,-59.983029,40,OSM,0,
-2.988382,-60.012129,40,OSM,0,
-2.988364,-60.038834,20,OSM,0,
-2.988364,-60.038362,20,OSM,0,
-2.988352,-60.049478,60,OSM,0,
-2.988336,-59.993049,40,OSM,0,
-2.988330,-60.038883,20,OSM,0,
-2.988328,-60.017665,40,OSM,0,
-2.988314,-60.007169,40,OSM,0,
-2.988303,-60.016964,30,OSM,0,
-2.988300,-59.983918,40,OSM,0,
-2.988286,-60.893752,60,OSM:classe,1,50
-2.988280,-60.007083,40,OSM,0,
-2.988276,-59.991669,40,OSM,0,
-2.988268,-60.049941,40,OSM:classe,1,40
-2.988227,-59.986343,40,OSM,0,
-2.988166,-58.877193,60,OSM:classe,1,60
-2.988161,-59.991975,40,OSM,0,
-2.988158,-60.001952,40,OSM,0,
-2.988152,-59.990791,60,OSM,0,
-2.988144,-60.012061,40,OSM,0,
-2.988103,-60.006655,40,OSM,0,
-2.988100,-60.000993,40,OSM,0,
-2.988092,-60.039065,20,OSM,0,
-2.988026,-60.018008,40,OSM,0,
-2.988018,-59.994418,40,OSM,0,
-2.988005,-59.990868,60,OSM,0,
-2.987988,-60.039335,60,OSM,0,
-2.987970,-60.014770,40,OSM,0,
-2.987968,-59.990273,40,OSM,0,
-2.987967,-59.987656,40,OSM,0,
-2.987959,-59.988232,40,OSM,0,
-2.987957,-59.987839,40,OSM,0,
-2.987953,-59.988982,40,OSM,0,
-2.987951,-59.988607,40,OSM,0,
-2.987943,-60.012799,40,OSM,0,
-2.987925,-59.991390,60,OSM,0,
-2.987914,-60.016622,40,OSM,0,
-2.987864,-60.039349,60,OSM,0,
-2.987806,-60.004001,40,OSM,0,
-2.987791,-60.014599,40,OSM,0,
-2.987772,-60.003624,40,OSM,0,
-2.987731,-59.999093,40,OSM,0,
-2.987720,-60.050138,60,OSM,0,
-2.987703,-60.018358,40,OSM,0,
-2.987703,-59.998913,40,OSM,0,
-2.987702,-59.992651,40,OSM,0,
-2.987695,-59.987814,60,OSM,0,
-2.987683,-60.004478,40,OSM,0,
-2.987666,-60.002017,40,OSM,0,
-2.987644,-59.991545,60,OSM,0,
-2.987641,-58.703038,80,OSM:classe,1,60
-2.987624,-60.002879,40,OSM,0,
-2.987618,-60.008331,40,OSM,0,
-2.987573,-60.005510,40,OSM,0,
-2.987570,-59.987801,60,OSM,0,
-2.987519,-60.005323,40,OSM,0,
-2.987505,-60.005173,40,OSM,0,
-2.987458,-59.994513,40,OSM,0,
-2.987414,-60.003192,40,OSM,0,
-2.987395,-60.018698,40,OSM,0,
-2.987380,-59.998730,40,OSM,0,
-2.987347,-60.000979,40,OSM,0,
-2.987329,-60.001278,40,OSM,0,
-2.987307,-60.015433,40,OSM,0,
-2.987270,-60.017302,40,OSM,0,
-2.987246,-59.993216,40,OSM,0,
-2.987239,-59.293716,60,OSM:classe,1,40
-2.987215,-59.988320,60,OSM,0,
-2.987176,-60.040544,60,OSM,0,
-2.987166,-59.998114,40,OSM,0,
-2.987159,-60.000110,40,OSM,0,
-2.987147,-60.018978,40,OSM,0,
-2.987092,-59.999693,40,OSM,0,
-2.987053,-60.011771,40,OSM,0,
-2.987008,-57.568230,60,OSM:classe,1,40
-2.986961,-59.997755,40,OSM,0,
-2.986947,-60.012508,40,OSM,0,
-2.986925,-59.994596,40,OSM,0,
-2.986906,-60.040597,60,OSM,0,
-2.986896,-60.000134,40,OSM,0,
-2.986870,-60.006064,40,OSM,0,
-2.986869,-60.002505,40,OSM,0,
-2.986840,-60.011706,40,OSM,0,
-2.986798,-60.002411,40,OSM,0,
-2.986785,-60.014346,40,OSM,0,
-2.986768,-60.016858,40,OSM,0,
-2.986706,-59.998814,40,OSM,0,
-2.986702,-60.018673,30,OSM,0,
-2.986694,-59.989572,60,OSM,0,
-2.986690,-59.997801,40,OSM,0,
-2.986688,-59.993307,40,OSM,0,
-2.986659,-59.991589,60,OSM,0,
-2.986649,-59.989125,40,OSM:classe,1,40
-2.986597,-60.006526,40,OSM,0,
-2.986592,-59.990027,60,OSM,0,
-2.986524,-60.010224,40,OSM,0,
-2.986501,-60.000113,40,OSM,0,
-2.986461,-59.991695,60,OSM,0,
-2.986441,-59.990098,60,OSM:classe,1,50
-2.986435,-60.017199,40,OSM,0,
-2.986428,-60.000401,40,OSM,0,
-2.986428,-59.992216,60,OSM,0,
-2.986420,-60.166523,60,OSM:classe,1,40
-2.986420,-60.014636,40,OSM,0,
-2.986417,-59.989371,60,OSM,0,
-2.986377,-59.989368,60,OSM:classe,1,40
-2.986366,-60.016505,40,OSM,0,
-2.986365,-65.155515,60,OSM:classe,1,40
-2.986356,-60.014693,40,OSM,0,
-2.986328,-59.990452,60,OSM,0,
-2.986314,-60.016458,40,OSM,0,
-2.986306,-60.013252,40,OSM,0,
-2.986278,-60.010644,40,OSM,0,
-2.986264,-65.155777,60,OSM:classe,1,40
-2.986260,-59.991607,60,OSM,0,
-2.986231,-59.986658,60,OSM:classe,1,40
-2.986231,-59.986223,60,OSM:classe,1,40
-2.986230,-59.986336,60,OSM:classe,1,40
-2.986228,-59.986852,60,OSM:classe,1,40
-2.986202,-65.156012,60,OSM:classe,1,40
-2.986195,-59.988970,60,OSM:classe,1,40
-2.986189,-59.989198,60,OSM:classe,1,40
-2.986173,-59.992565,60,OSM,0,
-2.986155,-59.993400,40,OSM,0,
-2.986130,-59.991761,60,OSM,0,
-2.986125,-59.990019,60,OSM,0,
-2.986121,-59.997406,40,OSM,0,
-2.986118,-60.017534,40,OSM,0,
-2.986106,-59.994735,40,OSM,0,
-2.986102,-60.010933,40,OSM,0,
-2.986095,-60.014970,40,OSM,0,
-2.986085,-59.992678,60,OSM,0,
-2.986050,-60.015018,40,OSM,0,
-2.986046,-59.989927,60,OSM:classe,1,40
-2.986030,-59.996476,40,OSM,0,
-2.986016,-59.989611,60,OSM:classe,1,40
-2.986013,-59.994751,40,OSM,0,
-2.986001,-59.996952,40,OSM,0,
-2.985992,-59.998525,40,OSM,0,
-2.985991,-59.997397,40,OSM,0,
-2.985990,-59.995226,40,OSM,0,
-2.985963,-60.000414,40,OSM,0,
-2.985962,-59.995785,40,OSM,0,
-2.985952,-59.996008,60,OSM:classe,1,40
-2.985951,-60.000358,60,OSM,0,
-2.985938,-59.996310,40,OSM,0,
-2.985928,-59.996480,40,OSM,0,
-2.985921,-59.996654,40,OSM,0,
-2.985853,-60.004688,40,OSM,0,
-2.985852,-60.004296,40,OSM,0,
-2.985849,-60.003430,40,OSM,0,
-2.985847,-60.003069,40,OSM,0,
-2.985842,-60.000459,60,OSM,0,
-2.985841,-60.005764,40,OSM,0,
-2.985840,-59.992059,60,OSM,0,
-2.985826,-60.006210,40,OSM,0,
-2.985821,-60.001574,40,OSM,0,
-2.985819,-60.017865,40,OSM,0,
-2.985810,-60.006625,40,OSM,0,
-2.985804,-60.011456,40,OSM,0,
-2.985798,-60.051496,60,OSM,0,
-2.985796,-60.007033,40,OSM,0,
-2.985786,-59.992550,60,OSM,0,
-2.985773,-60.007494,40,OSM,0,
-2.985758,-60.016268,40,OSM,0,
-2.985752,-60.005137,40,OSM,0,
-2.985746,-60.011553,40,OSM,0,
-2.985746,-60.005597,40,OSM,0,
-2.985746,-60.003069,40,OSM,0,
-2.985743,-60.051387,60,OSM,0,
-2.985742,-60.004533,40,OSM,0,
-2.985741,-60.003166,40,OSM,0,
-2.985738,-60.012616,40,OSM,0,
-2.985736,-60.897207,60,OSM:classe,1,50
-2.985730,-60.006039,40,OSM,0,
-2.985729,-60.008152,60,OSM,0,
-2.985722,-59.152149,80,OSM:classe,1,60
-2.985695,-60.013524,40,OSM,0,
-2.985694,-60.022565,60,OSM,0,
-2.985664,-65.158223,60,OSM:classe,1,40
-2.985662,-60.018010,40,OSM,0,
-2.985630,-60.022638,60,OSM,0,
-2.985611,-60.014619,40,OSM,0,
-2.985599,-60.008240,60,OSM,0,
-2.985576,-60.009397,40,OSM,0,
-2.985493,-60.009576,40,OSM,0,
-2.985488,-59.992714,60,OSM,0,
-2.985484,-60.013954,40,OSM,0,
-2.985445,-65.157359,60,OSM:classe,1,40
-2.985387,-60.002938,40,OSM,0,
-2.985386,-60.022251,60,OSM,0,
-2.985356,-60.014986,40,OSM,0,
-2.985334,-60.017467,40,OSM,0,
-2.985334,-59.405712,60,OSM:classe,1,40
-2.985318,-60.022312,60,OSM,0,
-2.985318,-60.012325,40,OSM,0,
-2.985304,-65.156173,60,OSM:classe,1,40
-2.985268,-60.012411,40,OSM,0,
-2.985265,-59.289770,60,OSM:classe,1,40
-2.985251,-60.007646,40,OSM,0,
-2.985231,-60.007297,40,OSM,0,
-2.985224,-60.009123,40,OSM,0,
-2.985219,-60.004348,40,OSM,0,
-2.985197,-60.006852,40,OSM,0,
-2.985196,-57.572252,60,OSM:classe,1,40
-2.985178,-60.006542,40,OSM,0,
-2.985177,-59.992386,60,OSM,0,
-2.985173,-59.992886,60,OSM,0,
-2.985162,-60.009027,40,OSM,0,
-2.985139,-60.015388,40,OSM,0,
-2.985117,-60.051524,60,OSM,0,
-2.985098,-60.051644,60,OSM,0,
-2.985085,-60.005185,40,OSM,0,
-2.985013,-59.355592,60,OSM:classe,1,40
-2.984996,-60.012852,40,OSM,0,
-2.984967,-60.002743,40,OSM,0,
-2.984908,-59.992529,60,OSM,0,
-2.984833,-60.009807,40,OSM,0,
-2.984827,-60.008759,40,OSM,0,
-2.984799,-60.004167,40,OSM,0,
-2.984796,-60.007775,40,OSM,0,
-2.984773,-60.007340,40,OSM,0,
-2.984712,-60.013299,40,OSM,0,
-2.984628,-58.879182,60,OSM:classe,1,40
-2.984604,-60.010202,40,OSM,0,
-2.984571,-60.017508,40,OSM,0,
-2.984554,-60.002547,40,OSM,0,
-2.984541,-60.013599,40,OSM,0,
-2.984525,-59.986916,60,OSM:classe,1,40
-2.984518,-59.987000,60,OSM:classe,1,40
-2.984489,-59.993276,60,OSM,0,
-2.984474,-59.871085,60,OSM:classe,1,40
-2.984464,-60.015740,40,OSM,0,
-2.984460,-60.042135,60,OSM,0,
-2.984440,-60.078325,60,OSM:classe,1,40
-2.984420,-60.078051,60,OSM:classe,1,40
-2.984411,-60.008421,40,OSM,0,
-2.984402,-60.014977,40,OSM,0,
-2.984396,-60.003972,40,OSM,0,
-2.984367,-60.010437,40,OSM,0,
-2.984288,-60.014019,40,OSM,0,
-2.984265,-59.992883,60,OSM,0,
-2.984250,-58.879406,60,OSM:classe,1,60
-2.984249,-60.041938,60,OSM,0,
-2.984244,-60.163285,60,OSM:classe,1,40
-2.984232,-60.017009,40,OSM,0,
-2.984211,-60.008261,40,OSM,0,
-2.984210,-59.993201,40,OSM,0,
-2.984174,-60.051166,60,OSM,0,
-2.984163,-60.051284,60,OSM,0,
-2.984152,-60.065053,60,OSM:classe,1,40
-2.984138,-60.002373,40,OSM,0,
-2.984127,-60.010842,40,OSM,0,
-2.984082,-60.073561,60,OSM:classe,1,40
-2.984040,-60.014482,40,OSM,0,
-2.984039,-60.003787,40,OSM,0,
-2.984039,-59.989962,60,OSM:classe,1,40
-2.984037,-60.901376,60,OSM:classe,1,50
-2.984032,-59.989840,60,OSM:classe,1,40
-2.983994,-60.003763,40,OSM,0,
-2.983992,-60.016291,40,OSM,0,
-2.983990,-60.042831,60,OSM,0,
-2.983951,-60.042991,20,OSM,0,
-2.983946,-65.162350,60,OSM:classe,1,40
-2.983907,-60.007795,40,OSM,0,
-2.983894,-59.996358,40,OSM,0,
-2.983887,-60.043394,20,OSM,0,
-2.983882,-60.060624,60,OSM:classe,1,40
-2.983874,-60.007410,40,OSM,0,
-2.983862,-60.011299,40,OSM,0,
-2.983848,-60.011490,40,OSM,0,
-2.983792,-59.989977,60,OSM:classe,1,40
-2.983785,-59.989864,60,OSM:classe,1,40
-2.983778,-60.016082,40,OSM,0,
-2.983758,-60.010599,40,OSM,0,
-2.983745,-60.069071,60,OSM:classe,1,40
-2.983729,-60.006976,40,OSM,0,
-2.983717,-60.006654,40,OSM,0,
-2.983710,-60.002189,40,OSM,0,
-2.983703,-60.004469,40,OSM,0,
-2.983630,-60.005276,40,OSM,0,
-2.983619,-60.003609,40,OSM,0,
-2.983618,-60.008619,40,OSM,0,
-2.983593,-60.050848,60,OSM,0,
-2.983576,-60.011785,40,OSM,0,
-2.983569,-60.003587,40,OSM,0,
-2.983558,-60.042619,60,OSM,0,
-2.983546,-60.050978,60,OSM,0,
-2.983545,-60.009886,40,OSM,0,
-2.983513,-60.011062,40,OSM,0,
-2.983500,-60.012085,40,OSM,0,
-2.983489,-59.993308,60,OSM,0,
-2.983469,-60.045154,60,OSM,0,
-2.983466,-60.010363,40,OSM,0,
-2.983461,-59.986766,60,OSM:classe,1,40
-2.983452,-60.056142,60,OSM:classe,1,40
-2.983449,-60.042913,20,OSM,0,
-2.983442,-60.007818,40,OSM,0,
-2.983424,-60.007441,40,OSM,0,
-2.983410,-60.012062,40,OSM,0,
-2.983389,-60.043290,20,OSM,0,
-2.983384,-65.165413,60,OSM:classe,1,40
-2.983374,-60.043455,60,OSM,0,
-2.983366,-59.995172,40,OSM,0,
-2.983318,-59.995711,40,OSM,0,
-2.983309,-60.050789,60,OSM:classe,1,40
-2.983294,-60.051092,60,OSM:classe,1,40
-2.983278,-60.001969,40,OSM,0,
-2.983272,-60.012474,40,OSM,0,
-2.983264,-60.004312,40,OSM,0,
-2.983257,-59.993989,60,OSM,0,
-2.983226,-60.003426,40,OSM,0,
-2.983219,-59.993453,60,OSM,0,
-2.983209,-60.010864,40,OSM,0,
-2.983200,-60.015988,40,OSM,0,
-2.983198,-60.017128,40,OSM,0,
-2.983195,-60.012431,40,OSM,0,
-2.983191,-58.702389,80,OSM:classe,1,60
-2.983160,-60.003393,40,OSM,0,
-2.983158,-59.285935,60,OSM:classe,1,40
-2.983145,-60.050406,60,OSM,0,
-2.983097,-60.012783,40,OSM,0,
-2.983079,-60.009556,40,OSM,0,
-2.983065,-60.010151,40,OSM,0,
-2.983049,-60.012674,40,OSM,0,
-2.983043,-60.050469,60,OSM,0,
-2.983035,-60.051453,60,OSM:classe,1,40
-2.983022,-60.051660,60,OSM:classe,1,40
-2.982999,-59.994129,60,OSM,0,
-2.982991,-60.007871,40,OSM,0,
-2.982989,-60.049835,60,OSM,0,
-2.982984,-60.007474,40,OSM,0,
-2.982975,-60.008333,40,OSM,0,
-2.982940,-60.011314,40,OSM,0,
-2.982930,-60.016455,40,OSM,0,
-2.982925,-60.009689,40,OSM,0,
-2.982884,-60.001807,40,OSM,0,
-2.982861,-60.049808,60,OSM,0,
-2.982853,-60.013192,40,OSM,0,
-2.982825,-60.003227,40,OSM,0,
-2.982811,-59.989920,60,OSM:classe,1,40
-2.982807,-59.990053,60,OSM:classe,1,40
-2.982797,-60.011217,40,OSM,0,
-2.982782,-60.004281,40,OSM,0,
-2.982779,-59.996803,40,OSM,0,
-2.982775,-60.013144,40,OSM,0,
-2.982773,-60.003200,40,OSM,0,
-2.982761,-60.009368,40,OSM,0,
-2.982724,-57.575934,60,OSM:classe,1,40
-2.982685,-60.011556,40,OSM,0,
-2.982669,-60.009305,40,OSM,0,
-2.982666,-65.169858,60,OSM:classe,1,40
-2.982575,-60.011060,40,OSM,0,
-2.982565,-60.013668,40,OSM,0,
-2.982554,-60.007944,40,OSM,0,
-2.982550,-60.080614,60,OSM:classe,1,40
-2.982526,-60.007498,40,OSM,0,
-2.982480,-60.004910,40,OSM,0,
-2.982471,-60.001634,40,OSM,0,
-2.982469,-60.014991,40,OSM,0,
-2.982458,-60.011789,40,OSM,0,
-2.982416,-60.003030,40,OSM,0,
-2.982353,-60.003006,40,OSM,0,
-2.982338,-60.905545,60,OSM:classe,1,50
-2.982336,-60.007072,40,OSM,0,
-2.982302,-60.017605,40,OSM,0,
-2.982244,-60.010845,40,OSM,0,
-2.982233,-57.576260,60,OSM:classe,1,40
-2.982202,-60.004415,40,OSM,0,
-2.982192,-60.018830,60,OSM,0,
-2.982192,-60.010812,40,OSM,0,
-2.982153,-60.009209,40,OSM,0,
-2.982142,-60.008523,40,OSM,0,
-2.982131,-60.004578,40,OSM,0,
-2.982122,-60.012673,40,OSM,0,
-2.982083,-60.007535,40,OSM,0,
-2.982080,-60.011035,40,OSM,0,
-2.982046,-60.001438,40,OSM,0,
-2.982010,-60.019002,40,OSM:classe,1,40
-2.981993,-60.002814,40,OSM,0,
-2.981987,-60.010673,40,OSM,0,
-2.981985,-60.014466,40,OSM,0,
-2.981983,-60.014671,40,OSM,0,
-2.981959,-60.002794,40,OSM,0,
-2.981925,-60.003894,40,OSM,0,
-2.981756,-60.011679,40,OSM,0,
-2.981705,-60.015166,40,OSM,0,
-2.981691,-60.011275,40,OSM,0,
-2.981677,-60.017821,40,OSM,0,
-2.981644,-60.002644,40,OSM,0,
-2.981637,-60.007570,40,OSM,0,
-2.981583,-60.003754,40,OSM,0,
-2.981568,-60.023688,40,OSM,0,
-2.981556,-60.008549,40,OSM,0,
-2.981519,-65.159554,60,OSM:classe,1,40
-2.981509,-60.010381,40,OSM,0,
-2.981508,-60.008687,40,OSM,0,
-2.981497,-60.011148,40,OSM,0,
-2.981490,-59.403526,60,OSM:classe,1,40
-2.981462,-60.015615,40,OSM,0,
-2.981435,-65.173507,60,OSM:classe,1,40
-2.981396,-60.010635,40,OSM,0,
-2.981388,-59.869027,60,OSM:classe,1,40
-2.981371,-60.015557,40,OSM,0,
-2.981334,-60.014012,40,OSM,0,
-2.981273,-59.152696,80,OSM:classe,1,60
-2.981230,-60.010968,40,OSM,0,
-2.981222,-60.015808,40,OSM,0,
-2.981052,-60.011923,40,OSM,0,
-2.980844,-60.006853,40,OSM,0,
-2.980841,-60.009977,40,OSM,0,
-2.980793,-59.354726,60,OSM:classe,1,40
-2.980764,-58.876880,60,OSM:classe,1,40
-2.980763,-60.009929,40,OSM,0,
-2.980748,-60.017684,60,OSM,0,
-2.980739,-60.005006,40,OSM,0,
-2.980725,-60.016849,60,OSM,0,
-2.980716,-60.017490,60,OSM,0,
-2.980639,-60.909714,60,OSM:classe,1,50
-2.980630,-60.016838,60,OSM,0,
-2.980616,-60.005957,40,OSM,0,
-2.980569,-60.010511,40,OSM,0,
-2.980544,-60.009807,40,OSM,0,
-2.980442,-60.007654,40,OSM,0,
-2.980410,-60.007187,40,OSM,0,
-2.980397,-60.161460,60,OSM:classe,1,40
-2.980379,-60.006863,40,OSM,0,
-2.980367,-60.006407,40,OSM,0,
-2.980334,-58.881619,60,OSM:classe,1,60
-2.980333,-59.282452,60,OSM:classe,1,40
-2.980307,-60.005493,40,OSM,0,
-2.980251,-60.914049,60,OSM:classe,1,50
-2.980243,-60.010763,40,OSM,0,
-2.980177,-60.017098,60,OSM,0,
-2.980135,-59.985943,60,OSM:classe,1,40
-2.980007,-60.011290,40,OSM,0,
-2.980006,-60.018852,40,OSM,0,
-2.979752,-60.009350,40,OSM,0,
-2.979747,-60.011134,40,OSM,0,
-2.979743,-60.023571,40,OSM,0,
-2.979663,-59.988867,60,OSM:classe,1,40
-2.979636,-59.988976,60,OSM:classe,1,40
-2.979596,-60.026126,40,OSM,0,
-2.979525,-60.016696,60,OSM,0,
-2.979434,-60.014600,40,OSM,0,
-2.979419,-60.016729,60,OSM,0,
-2.979290,-59.988141,60,OSM:classe,1,40
-2.979258,-57.579455,60,OSM:classe,1,40
-2.979254,-59.988265,60,OSM:classe,1,40
-2.979168,-59.985815,60,OSM:classe,1,40
-2.979134,-60.010795,40,OSM,0,
-2.979091,-59.985712,60,OSM:classe,1,40
-2.979070,-59.985797,60,OSM:classe,1,40
-2.978953,-60.082832,60,OSM:classe,1,40
-2.978742,-58.701740,80,OSM:classe,1,60
-2.978473,-60.012214,40,OSM,0,
-2.978302,-59.400609,60,OSM:classe,1,40
-2.978151,-60.020041,20,OSM,0,
-2.978093,-60.020713,20,OSM,0,
-2.977965,-60.022119,20,OSM,0,
-2.977949,-65.161550,60,OSM:classe,1,40
-2.977922,-60.023164,20,OSM,0,
-2.977905,-60.021037,20,OSM,0,
-2.977871,-60.023851,20,OSM,0,
-2.977838,-60.021789,20,OSM,0,
-2.977752,-60.018785,20,OSM,0,
-2.977688,-60.022108,20,OSM,0,
-2.977668,-60.020686,20,OSM,0,
-2.977642,-60.023832,20,OSM,0,
-2.977640,-60.019662,20,OSM,0,
-2.977629,-60.021028,20,OSM,0,
-2.977619,-60.019796,20,OSM,0,
-2.977597,-60.019995,20,OSM,0,
-2.977590,-60.021387,30,OSM,0,
-2.977556,-60.021772,20,OSM,0,
-2.977535,-60.022106,20,OSM,0,
-2.977518,-60.020621,20,OSM,0,
-2.977479,-60.917322,60,OSM:classe,1,50
-2.977398,-60.022111,20,OSM,0,
-2.977394,-60.016253,60,OSM,0,
-2.977364,-59.870550,60,OSM:classe,1,40
-2.977360,-58.873985,60,OSM:classe,1,40
-2.977325,-60.015988,60,OSM,0,
-2.977297,-60.023148,20,OSM,0,
-2.977282,-60.023743,20,OSM,0,
-2.977080,-57.570252,60,OSM:classe,1,40
-2.977058,-59.279421,60,OSM:classe,1,40
-2.976857,-60.159475,60,OSM:classe,1,40
-2.976801,-59.153168,80,OSM:classe,1,60
-2.976718,-60.021345,30,OSM,0,
-2.976647,-60.021978,60,OSM,0,
-2.976644,-59.353084,60,OSM:classe,1,40
-2.976596,-60.015670,60,OSM,0,
-2.976468,-60.015659,40,OSM:classe,1,40
-2.976437,-57.574708,60,OSM:classe,1,40
-2.976425,-57.565846,60,OSM:classe,1,40
-2.976418,-58.883833,60,OSM:classe,1,60
-2.976113,-65.162511,60,OSM:classe,1,40
-2.976074,-57.541065,60,OSM:classe,1,40
-2.976008,-57.582556,60,OSM:classe,1,40
-2.975892,-57.582682,60,OSM:classe,1,40
-2.975862,-57.543692,60,OSM:classe,1,40
-2.975838,-60.921514,60,OSM:classe,1,50
-2.975794,-57.579165,60,OSM:classe,1,40
-2.975764,-60.034968,60,OSM,0,
-2.975717,-60.033354,60,OSM,0,
-2.975499,-57.548180,60,OSM:classe,1,40
-2.975437,-57.561453,60,OSM:classe,1,40
-2.975149,-58.870202,60,OSM:classe,1,40
-2.974973,-59.997987,60,OSM,0,
-2.974795,-57.552626,60,OSM:classe,1,40
-2.974740,-57.581043,60,OSM:classe,1,40
-2.974536,-60.083421,60,OSM:classe,1,40
-2.974492,-59.398216,60,OSM:classe,1,40
-2.974468,-60.083458,60,OSM:classe,1,40
-2.974455,-58.868116,60,OSM:classe,1,40
-2.974449,-57.557061,60,OSM:classe,1,40
-2.974327,-60.925736,60,OSM:classe,1,50
-2.974292,-58.701091,80,OSM:classe,1,60
-2.974090,-59.869799,60,OSM:classe,1,40
-2.973999,-57.585857,60,OSM:classe,1,40
-2.973735,-60.015762,60,OSM,0,
-2.973731,-60.015660,60,OSM,0,
-2.973526,-60.011855,40,OSM:classe,1,40
-2.973490,-60.015754,60,OSM,0,
-2.973482,-60.015649,60,OSM,0,
-2.973479,-60.007357,40,OSM:classe,1,40
-2.973393,-60.011863,40,OSM:classe,1,40
-2.973373,-60.012704,40,OSM:classe,1,40
-2.973323,-57.583241,60,OSM:classe,1,40
-2.973300,-60.012677,40,OSM:classe,1,40
-2.973291,-60.009272,40,OSM:classe,1,40
-2.973232,-60.012637,40,OSM:classe,1,40
-2.973225,-60.156973,60,OSM:classe,1,40
-2.973103,-60.015619,60,OSM,0,
-2.972832,-60.014707,40,OSM:classe,1,40
-2.972785,-60.015592,60,OSM,0,
-2.972607,-59.279028,60,OSM:classe,1,40
-2.972567,-57.590128,60,OSM:classe,1,40
-2.972564,-60.015578,60,OSM,0,
-2.972549,-58.886107,60,OSM:classe,1,60
-2.972524,-60.005356,40,OSM:classe,1,40
-2.972504,-60.015738,60,OSM,0,
-2.972437,-60.929816,60,OSM:classe,1,50
-2.972329,-59.153640,80,OSM:classe,1,60
-2.972269,-60.015565,60,OSM,0,
-2.972259,-60.085416,60,OSM:classe,1,40
-2.972223,-57.589993,60,OSM:classe,1,40
-2.972172,-59.352633,60,OSM:classe,1,40
-2.972138,-57.590463,60,OSM:classe,1,40
-2.971801,-60.015551,80,OSM:classe,1,60
-2.971744,-60.015886,40,OSM:classe,1,40
-2.971572,-60.000147,40,OSM,0,
-2.971433,-60.000454,60,OSM,0,
-2.971418,-60.080246,60,OSM:classe,1,40
-2.971313,-60.016035,60,OSM,0,
-2.971227,-60.000034,40,OSM,0,
-2.971184,-60.015487,40,OSM:classe,1,40
-2.971052,-60.015475,60,OSM,0,
-2.970924,-57.587049,60,OSM:classe,1,40
-2.970874,-60.004792,40,OSM:classe,1,40
-2.970822,-60.015613,60,OSM,0,
-2.970744,-60.933987,60,OSM:classe,1,50
-2.970741,-60.016129,40,OSM:classe,1,40
-2.970696,-57.580412,60,OSM:classe,1,40
-2.970656,-59.395874,60,OSM:classe,1,40
-2.970636,-60.002351,60,OSM:classe,1,40
-2.970584,-57.584718,60,OSM:classe,1,40
-2.970578,-60.016567,60,OSM,0,
-2.970536,-60.000929,60,OSM,0,
-2.970497,-60.009190,40,OSM,0,
-2.970430,-60.009624,40,OSM,0,
-2.970397,-60.002820,40,OSM:classe,1,40
-2.970358,-60.010073,40,OSM,0,
-2.970350,-60.002192,60,OSM:classe,1,40
-2.970301,-60.010522,40,OSM,0,
-2.970268,-60.089393,60,OSM:classe,1,40
-2.970249,-60.010998,40,OSM,0,
-2.970231,-59.999116,20,OSM,0,
-2.970179,-60.011451,40,OSM,0,
-2.970119,-60.011879,40,OSM,0,
-2.970090,-60.002743,40,OSM:classe,1,40
-2.970081,-58.702291,80,OSM:classe,1,60
-2.970054,-60.012327,40,OSM,0,
-2.970042,-60.001185,60,OSM,0,
-2.970005,-59.868113,60,OSM:classe,1,40
-2.969982,-60.012755,40,OSM,0,
-2.969858,-60.013645,40,OSM,0,
-2.969822,-60.013955,40,OSM,0,
-2.969764,-60.014409,40,OSM,0,
-2.969744,-60.001354,60,OSM,0,
-2.969727,-57.576017,60,OSM:classe,1,40
-2.969710,-60.014874,40,OSM,0,
-2.969660,-59.999403,20,OSM,0,
-2.969653,-60.015450,40,OSM,0,
-2.969618,-60.012772,40,OSM,0,
-2.969592,-60.090704,60,OSM:classe,1,40
-2.969588,-60.013474,40,OSM,0,
-2.969580,-59.997849,20,OSM,0,
-2.969400,-58.889321,60,OSM:classe,1,60
-2.969356,-60.158668,60,OSM:classe,1,40
-2.969324,-60.015470,20,OSM,0,
-2.969318,-60.008758,40,OSM,0,
-2.969243,-57.589715,60,OSM:classe,1,40
-2.969147,-60.938189,60,OSM:classe,1,50
-2.969033,-60.015488,60,OSM:classe,1,60
-2.969013,-60.001776,60,OSM,0,
-2.968885,-59.998776,20,OSM,0,
-2.968785,-60.015377,20,OSM,0,
-2.968766,-57.588836,60,OSM:classe,1,40
-2.968723,-60.942655,60,OSM:classe,1,50
-2.968714,-60.015611,60,OSM:classe,1,60
-2.968698,-60.015523,20,OSM,0,
-2.968642,-57.571647,60,OSM:classe,1,40
-2.968558,-57.589371,60,OSM:classe,1,40
-2.968553,-60.015564,60,OSM:classe,1,60
-2.968474,-60.947142,60,OSM:classe,1,50
-2.968442,-60.076871,60,OSM:classe,1,40
-2.968311,-59.277898,60,OSM:classe,1,40
-2.968116,-60.006469,40,OSM,0,
-2.968087,-60.010080,40,OSM,0,
-2.968081,-60.011408,40,OSM,0,
-2.968080,-60.010506,40,OSM,0,
-2.968080,-60.009625,40,OSM,0,
-2.968079,-60.012317,40,OSM,0,
-2.968079,-60.009165,40,OSM,0,
-2.968076,-60.011884,40,OSM,0,
-2.968076,-60.010960,40,OSM,0,
-2.968074,-60.012779,40,OSM,0,
-2.968069,-60.008687,40,OSM,0,
-2.968052,-59.351069,60,OSM:classe,1,40
-2.968050,-60.013926,40,OSM,0,
-2.968031,-60.014369,40,OSM,0,
-2.968026,-60.014837,40,OSM,0,
-2.968010,-60.015548,40,OSM,0,
-2.967943,-60.019008,60,OSM,0,
-2.967890,-59.154349,80,OSM:classe,1,60
-2.967703,-60.161811,60,OSM:classe,1,40
-2.967572,-59.393023,60,OSM:classe,1,40
-2.967281,-60.002717,40,OSM,0,
-2.967086,-60.002329,40,OSM,0,
-2.967011,-60.002605,40,OSM,0,
-2.966956,-60.002910,60,OSM,0,
-2.966784,-60.003000,60,OSM,0,
-2.966727,-60.002522,60,OSM,0,
-2.966545,-60.002616,60,OSM,0,
-2.966515,-59.870379,60,OSM:classe,1,40
-2.966424,-60.072978,60,OSM:classe,1,40
-2.966286,-60.020543,60,OSM,0,
-2.966251,-58.892536,60,OSM:classe,1,60
-2.965929,-60.069111,60,OSM:classe,1,40
-2.965906,-60.003487,60,OSM,0,
-2.965616,-58.701758,80,OSM:classe,1,60
-2.965537,-60.092576,60,OSM:classe,1,40
-2.965245,-60.950158,60,OSM:classe,1,50
-2.965241,-60.021900,60,OSM,0,
-2.965121,-59.389764,60,OSM:classe,1,40
-2.964919,-57.569303,60,OSM:classe,1,40
-2.964685,-59.870688,60,OSM:classe,1,40
-2.964440,-60.015631,60,OSM:classe,1,60
-2.964341,-60.164619,60,OSM:classe,1,40
-2.964184,-60.004415,60,OSM,0,
-2.963981,-59.277254,60,OSM:classe,1,40
-2.963703,-60.065338,60,OSM:classe,1,40
-2.963599,-60.069555,60,OSM:classe,1,40
-2.963592,-59.350495,60,OSM:classe,1,40
-2.963471,-57.565043,60,OSM:classe,1,40
-2.963451,-59.155003,80,OSM:classe,1,60
-2.963175,-60.070181,60,OSM:classe,1,40
-2.963057,-60.026552,60,OSM,0,
-2.963040,-60.027191,40,OSM:classe,1,40
-2.962920,-60.026864,60,OSM,0,
-2.962869,-58.895496,60,OSM:classe,1,60
-2.962199,-60.028423,40,OSM:classe,1,40
-2.961983,-60.064466,60,OSM:classe,1,40
-2.961760,-60.953004,60,OSM:classe,1,50
-2.961715,-60.029466,40,OSM:classe,1,40
-2.961536,-60.016068,60,OSM:classe,1,60
-2.961400,-60.094341,60,OSM:classe,1,40
-2.961287,-59.389798,60,OSM:classe,1,40
-2.961162,-57.561480,60,OSM:classe,1,40
-2.961151,-58.701225,80,OSM:classe,1,60
-2.961101,-59.273926,60,OSM:classe,1,40
-2.961089,-60.097088,60,OSM:classe,1,40
-2.960876,-60.006244,60,OSM,0,
-2.960713,-60.031235,80,OSM,0,
-2.960650,-60.073906,60,OSM:classe,1,40
-2.960548,-60.166714,60,OSM:classe,1,40
-2.959910,-60.101433,60,OSM:classe,1,40
-2.959809,-60.032123,40,OSM:classe,1,40
-2.959642,-60.006463,60,OSM,0,
-2.959582,-59.352244,60,OSM:classe,1,40
-2.959412,-58.898375,60,OSM:classe,1,60
-2.959326,-60.032443,80,OSM,0,
-2.959270,-60.955039,60,OSM:classe,1,50
-2.958969,-59.154641,80,OSM:classe,1,60
-2.958125,-60.077632,60,OSM:classe,1,40
-2.957922,-59.271169,60,OSM:classe,1,40
-2.957713,-60.033096,80,OSM,0,
-2.957301,-57.559173,60,OSM:classe,1,40
-2.957070,-60.015646,60,OSM:classe,1,60
-2.957013,-59.388614,60,OSM:classe,1,40
-2.956811,-58.901983,60,OSM:classe,1,60
-2.956686,-58.700692,80,OSM:classe,1,60
-2.956683,-60.169015,60,OSM:classe,1,40
-2.956441,-60.957159,60,OSM:classe,1,50
-2.955631,-60.015446,40,OSM,0,
-2.955578,-60.019643,40,OSM,0,
-2.955450,-59.353987,60,OSM:classe,1,40
-2.955230,-60.017512,40,OSM,0,
-2.955057,-58.906100,60,OSM:classe,1,60
-2.954969,-60.033002,40,OSM,0,
-2.954591,-60.008145,60,OSM,0,
-2.954497,-60.032978,40,OSM,0,
-2.954487,-59.154278,80,OSM:classe,1,60
-2.954448,-59.260591,60,OSM:classe,1,60
-2.954439,-60.008378,60,OSM,0,
-2.954321,-60.032328,40,OSM,0,
-2.954281,-60.028768,40,OSM,0,
-2.954234,-60.026629,40,OSM,0,
-2.954117,-60.027647,40,OSM,0,
-2.954085,-60.030190,40,OSM,0,
-2.953922,-59.391308,60,OSM:classe,1,40
-2.953768,-60.953539,60,OSM:classe,1,40
-2.953684,-58.910387,60,OSM:classe,1,60
-2.953643,-59.271037,60,OSM:classe,1,40
-2.953261,-57.558004,60,OSM:classe,1,40
-2.953254,-59.500014,60,OSM:classe,1,40
-2.953187,-59.264883,60,OSM:classe,1,60
-2.952848,-60.171361,60,OSM:classe,1,40
-2.952734,-60.015985,60,OSM:classe,1,60
-2.952431,-59.499152,60,OSM:classe,1,40
-2.952221,-58.700160,80,OSM:classe,1,60
-2.952215,-60.958153,60,OSM:classe,1,50
-2.952171,-60.016131,60,OSM,0,
-2.952041,-59.256986,60,OSM:classe,1,60
-2.951303,-59.268929,60,OSM:classe,1,60
-2.951177,-59.355175,60,OSM:classe,1,40
-2.951128,-60.010695,60,OSM,0,
-2.951094,-60.949919,60,OSM:classe,1,40
-2.951052,-60.010577,60,OSM,0,
-2.950742,-58.913777,60,OSM:classe,1,60
-2.950565,-59.392032,60,OSM:classe,1,40
-2.950541,-60.016315,60,OSM,0,
-2.950434,-60.016176,60,OSM,0,
-2.950433,-60.029081,40,OSM,0,
-2.950267,-59.269884,60,OSM:classe,1,40
-2.950007,-59.154235,80,OSM:classe,1,60
-2.949524,-60.947793,60,OSM:classe,1,40
-2.949399,-60.033478,40,OSM,0,
-2.949350,-60.015990,60,OSM,0,
-2.949319,-60.032571,40,OSM,0,
-2.949313,-60.031754,40,OSM,0,
-2.949245,-60.030936,40,OSM,0,
-2.949163,-60.015474,60,OSM,0,
-2.949058,-60.030213,40,OSM,0,
-2.948981,-60.173510,60,OSM:classe,1,40
-2.948851,-57.558861,60,OSM:classe,1,40
-2.948843,-59.253821,60,OSM:classe,1,60
-2.948720,-60.015266,40,OSM,0,
-2.948538,-60.033354,40,OSM,0,
-2.948518,-60.960717,60,OSM:classe,1,50
-2.948474,-60.032699,40,OSM,0,
-2.948442,-60.014857,60,OSM,0,
-2.948419,-60.015357,40,OSM,0,
-2.948392,-60.031881,40,OSM,0,
-2.948364,-60.033462,80,OSM,0,
-2.948306,-59.497594,60,OSM:classe,1,40
-2.948122,-60.033496,40,OSM,0,
-2.948114,-60.033358,40,OSM,0,
-2.948070,-60.013301,60,OSM,0,
-2.948010,-59.271995,60,OSM:classe,1,60
-2.947981,-60.014469,60,OSM,0,
-2.947871,-60.013287,60,OSM,0,
-2.947867,-60.031957,40,OSM,0,
-2.947756,-58.699627,80,OSM:classe,1,60
-2.947530,-59.304373,60,OSM:classe,1,60
-2.947344,-58.916675,60,OSM:classe,1,60
-2.947188,-60.013538,60,OSM,0,
-2.947097,-59.308541,60,OSM:classe,1,60
-2.946891,-59.356538,60,OSM:classe,1,40
-2.946818,-60.024340,40,OSM,0,
-2.946627,-60.013314,60,OSM,0,
-2.946530,-60.171038,60,OSM:classe,1,40
-2.946330,-59.391910,60,OSM:classe,1,40
-2.946238,-60.013005,100,OSM:classe,1,80
-2.946218,-60.031345,40,OSM,0,
-2.946140,-60.030578,40,OSM,0,
-2.946093,-60.012889,100,OSM:classe,1,80
-2.946037,-60.029758,40,OSM,0,
-2.945645,-59.250655,60,OSM:classe,1,60
-2.945607,-60.949849,60,OSM:classe,1,40
-2.945531,-59.154666,80,OSM:classe,1,60
-2.945502,-59.317079,60,OSM:classe,1,60
-2.945384,-60.012386,40,OSM,0,
-2.945355,-59.312579,60,OSM:classe,1,60
-2.945284,-60.012322,60,OSM,0,
-2.945195,-59.275431,60,OSM:classe,1,60
-2.945191,-60.012712,40,OSM,0,
-2.945075,-59.321511,60,OSM:classe,1,60
-2.945064,-59.494509,60,OSM:classe,1,40
-2.945032,-58.920537,60,OSM:classe,1,60
-2.944905,-60.012526,60,OSM,0,
-2.944571,-59.301021,60,OSM:classe,1,60
-2.944495,-60.011892,60,OSM,0,
-2.944395,-57.559469,60,OSM:classe,1,40
-2.944276,-60.961921,60,OSM:classe,1,50
-2.943622,-59.296620,60,OSM:classe,1,60
-2.943479,-59.490452,60,OSM:classe,1,40
-2.943362,-60.167843,60,OSM:classe,1,40
-2.943291,-58.699094,80,OSM:classe,1,60
-2.943272,-59.388785,60,OSM:classe,1,40
-2.943261,-59.279486,60,OSM:classe,1,60
-2.943114,-59.358931,60,OSM:classe,1,40
-2.942948,-59.247112,60,OSM:classe,1,60
-2.942721,-58.924399,60,OSM:classe,1,60
-2.942673,-59.292219,60,OSM:classe,1,60
-2.942363,-60.947472,60,OSM:classe,1,40
-2.941876,-60.011267,60,OSM,0,
-2.941777,-59.486292,60,OSM:classe,1,40
-2.941729,-59.324294,60,OSM:classe,1,60
-2.941663,-59.283694,60,OSM:classe,1,60
-2.941653,-59.242801,60,OSM:classe,1,60
-2.941061,-59.288030,60,OSM:classe,1,60
-2.941055,-59.155098,80,OSM:classe,1,60
-2.940409,-58.928260,60,OSM:classe,1,60
-2.940194,-60.164648,60,OSM:classe,1,40
-2.940134,-57.560757,60,OSM:classe,1,40
-2.940071,-60.944348,60,OSM:classe,1,40
-2.939836,-60.962631,60,OSM:classe,1,50
-2.939682,-59.361656,60,OSM:classe,1,40
-2.939015,-60.033828,80,OSM,0,
-2.939015,-59.389587,60,OSM:classe,1,40
-2.938853,-58.699351,80,OSM:classe,1,60
-2.938585,-59.483230,60,OSM:classe,1,40
-2.938097,-58.932122,60,OSM:classe,1,60
-2.938085,-59.240464,60,OSM:classe,1,60
-2.937695,-60.940857,60,OSM:classe,1,40
-2.937552,-59.438143,60,OSM:classe,1,40
-2.937273,-59.324831,60,OSM:classe,1,60
-2.937131,-59.163473,60,OSM:classe,1,40
-2.937026,-60.161452,60,OSM:classe,1,40
-2.936746,-59.158987,60,OSM:classe,1,40
-2.936682,-59.154881,80,OSM:classe,1,60
-2.936608,-58.936355,60,OSM:classe,1,60
-2.936380,-59.363304,60,OSM:classe,1,40
-2.936362,-59.154501,60,OSM:classe,1,40
-2.935935,-57.562332,60,OSM:classe,1,40
-2.935476,-60.010402,80,OSM,0,
-2.935403,-58.940694,60,OSM:classe,1,60
-2.935395,-60.963342,60,OSM:classe,1,50
-2.934699,-59.388956,60,OSM:classe,1,40
-2.934691,-59.480997,60,OSM:classe,1,40
-2.934591,-59.366437,60,OSM:classe,1,40
-2.934387,-58.698827,80,OSM:classe,1,60
-2.934318,-60.938182,60,OSM:classe,1,40
-2.934275,-59.166007,60,OSM:classe,1,40
-2.934232,-59.436452,60,OSM:classe,1,40
-2.934199,-58.945032,60,OSM:classe,1,60
-2.934187,-59.151181,80,OSM:classe,1,60
-2.933894,-59.238834,60,OSM:classe,1,60
-2.933743,-60.163126,60,OSM:classe,1,40
-2.933510,-60.009534,80,OSM,0,
-2.932995,-58.949370,60,OSM:classe,1,60
-2.932797,-59.325265,60,OSM:classe,1,60
-2.932568,-59.370237,60,OSM:classe,1,40
-2.932175,-60.008269,80,OSM,0,
-2.932018,-59.389970,60,OSM:classe,1,40
-2.931892,-57.564241,60,OSM:classe,1,40
-2.931555,-59.477901,60,OSM:classe,1,40
-2.931497,-58.953600,60,OSM:classe,1,60
-2.931107,-59.147900,80,OSM:classe,1,60
-2.930955,-60.964053,60,OSM:classe,1,50
-2.930943,-59.433740,60,OSM:classe,1,40
-2.930546,-59.374259,60,OSM:classe,1,40
-2.930428,-60.166168,60,OSM:classe,1,40
-2.930321,-59.236426,60,OSM:classe,1,60
-2.930253,-59.393845,60,OSM:classe,1,40
-2.930253,-58.697147,80,OSM:classe,1,60
-2.930234,-60.936458,60,OSM:classe,1,40
-2.929862,-59.166868,60,OSM:classe,1,40
-2.929811,-59.231953,60,OSM:classe,1,60
-2.929605,-57.567977,60,OSM:classe,1,40
-2.929317,-57.568891,60,OSM:classe,1,40
-2.929301,-59.227479,60,OSM:classe,1,60
-2.929126,-60.932328,60,OSM:classe,1,40
-2.928877,-57.572377,60,OSM:classe,1,40
-2.928873,-59.064668,60,OSM:classe,1,40
-2.928754,-59.223011,60,OSM:classe,1,60
-2.928739,-57.559812,60,OSM:classe,1,40
-2.928664,-59.474481,60,OSM:classe,1,40
-2.928634,-60.035056,80,OSM,0,
-2.928560,-59.430068,60,OSM:classe,1,40
-2.928542,-58.956847,60,OSM:classe,1,60
-2.928427,-59.324397,60,OSM:classe,1,60
-2.928372,-57.564297,60,OSM:classe,1,40
-2.928080,-59.218559,60,OSM:classe,1,60
-2.928028,-59.144619,80,OSM:classe,1,60
-2.927951,-59.061666,60,OSM:classe,1,40
-2.927859,-57.568770,60,OSM:classe,1,40
-2.927685,-57.555498,60,OSM:classe,1,40
-2.927447,-59.374166,60,OSM:classe,1,40
-2.927405,-59.214108,60,OSM:classe,1,60
-2.927257,-60.169334,60,OSM:classe,1,40
-2.927058,-59.392748,60,OSM:classe,1,40
-2.926778,-60.035579,80,OSM,0,
-2.926735,-60.928639,60,OSM:classe,1,40
-2.926730,-59.209656,60,OSM:classe,1,60
-2.926623,-60.965141,60,OSM:classe,1,50
-2.926511,-59.068499,60,OSM:classe,1,40
-2.926311,-60.927459,60,OSM:classe,1,40
-2.926231,-58.695266,80,OSM:classe,1,60
-2.926055,-59.205205,60,OSM:classe,1,60
-2.925744,-59.427446,60,OSM:classe,1,40
-2.925455,-59.999124,80,OSM,0,
-2.925448,-59.167730,60,OSM:classe,1,40
-2.924948,-59.141338,80,OSM:classe,1,60
-2.924761,-59.472815,60,OSM:classe,1,40
-2.924742,-58.959253,60,OSM:classe,1,60
-2.924488,-59.201043,60,OSM:classe,1,60
-2.924465,-57.552616,60,OSM:classe,1,40
-2.924361,-59.998113,80,OSM,0,
-2.924358,-59.072434,60,OSM:classe,1,40
-2.924212,-59.325643,60,OSM:classe,1,60
-2.923866,-59.390595,60,OSM:classe,1,40
-2.923822,-59.059925,60,OSM:classe,1,40
-2.923494,-60.171551,60,OSM:classe,1,40
-2.923293,-59.997535,80,OSM,0,
-2.923289,-59.372501,60,OSM:classe,1,40
-2.923117,-59.167940,60,OSM:classe,1,40
-2.922958,-59.168042,60,OSM:classe,1,40
-2.922696,-60.037985,80,OSM,0,
-2.922585,-59.997287,80,OSM,0,
-2.922441,-59.076501,60,OSM:classe,1,40
-2.922428,-59.197041,60,OSM:classe,1,60
-2.922371,-59.093878,60,OSM:classe,1,40
-2.922249,-60.965404,60,OSM:classe,1,50
-2.922125,-59.997240,80,OSM,0,
-2.921914,-59.098219,60,OSM:classe,1,40
-2.921744,-58.695564,80,OSM:classe,1,60
-2.921613,-59.426822,60,OSM:classe,1,40
-2.921571,-60.038409,80,OSM,0,
-2.921557,-59.996938,40,OSM:classe,1,40
-2.921503,-59.089461,60,OSM:classe,1,40
-2.921457,-58.962297,60,OSM:classe,1,60
-2.921316,-59.138754,80,OSM:classe,1,60
-2.921247,-59.996994,40,OSM:classe,1,40
-2.921050,-59.996785,80,OSM,0,
-2.920921,-59.085005,60,OSM:classe,1,40
-2.920888,-59.168652,60,OSM:classe,1,40
-2.920691,-59.328443,60,OSM:classe,1,60
-2.920655,-59.471158,60,OSM:classe,1,40
-2.920577,-59.080586,60,OSM:classe,1,40
-2.920368,-59.193038,60,OSM:classe,1,60
-2.920287,-57.550964,60,OSM:classe,1,40
-2.920282,-59.102377,60,OSM:classe,1,40
-2.920158,-59.996520,40,OSM:classe,1,40
-2.919830,-59.057855,60,OSM:classe,1,40
-2.919405,-59.391138,60,OSM:classe,1,40
-2.919136,-59.996229,80,OSM,0,
-2.919095,-58.966128,60,OSM:classe,1,60
-2.919090,-60.172456,60,OSM:classe,1,40
-2.919066,-59.371016,60,OSM:classe,1,40
-2.918986,-59.996184,80,OSM,0,
-2.918921,-59.169738,60,OSM:classe,1,40
-2.918241,-59.423910,60,OSM:classe,1,40
-2.917801,-60.966062,60,OSM:classe,1,50
-2.917557,-59.189604,60,OSM:classe,1,60
-2.917446,-57.547976,60,OSM:classe,1,40
-2.917428,-59.136493,80,OSM:classe,1,60
-2.917258,-58.695862,80,OSM:classe,1,60
-2.917134,-57.516211,60,OSM:classe,1,40
-2.916766,-59.419678,60,OSM:classe,1,40
-2.916743,-58.969965,60,OSM:classe,1,60
-2.916687,-59.469077,60,OSM:classe,1,40
-2.916589,-59.995176,80,OSM,0,
-2.916424,-59.329350,60,OSM:classe,1,60
-2.916347,-57.520117,60,OSM:classe,1,40
-2.915907,-57.543745,60,OSM:classe,1,40
-2.915877,-59.055708,60,OSM:classe,1,40
-2.915420,-59.172484,60,OSM:classe,1,40
-2.915021,-59.391971,60,OSM:classe,1,40
-2.914933,-57.539359,60,OSM:classe,1,40
-2.914900,-59.993536,80,OSM,0,
-2.914661,-57.512451,60,OSM:classe,1,40
-2.914647,-60.173148,60,OSM:classe,1,40
-2.914645,-59.415846,60,OSM:classe,1,40
-2.914638,-59.371402,60,OSM:classe,1,40
-2.914494,-58.973851,60,OSM:classe,1,60
-2.914310,-59.984650,80,OSM,0,
-2.914276,-59.186525,60,OSM:classe,1,60
-2.914266,-59.992578,80,OSM,0,
-2.914198,-59.982699,80,OSM,0,
-2.914172,-59.133433,80,OSM:classe,1,60
-2.914048,-59.133833,60,OSM:classe,1,60
-2.913988,-59.991411,80,OSM,0,
-2.913749,-57.535550,60,OSM:classe,1,40
-2.913721,-59.129383,60,OSM:classe,1,60
-2.913572,-59.466902,60,OSM:classe,1,40
-2.913432,-60.038938,60,OSM,0,
-2.913352,-60.966719,60,OSM:classe,1,50
-2.913307,-59.980757,80,OSM,0,
-2.913120,-59.466368,60,OSM:classe,1,40
-2.912952,-59.124947,60,OSM:classe,1,60
-2.912777,-57.522851,60,OSM:classe,1,40
-2.912771,-58.696160,80,OSM:classe,1,60
-2.912247,-59.044227,60,OSM:classe,1,60
-2.912189,-57.508690,60,OSM:classe,1,40
-2.912183,-59.120510,60,OSM:classe,1,60
-2.912142,-59.040118,60,OSM:classe,1,60
-2.912106,-59.329808,60,OSM:classe,1,60
-2.911924,-59.053562,60,OSM:classe,1,40
-2.911463,-60.038859,60,OSM,0,
-2.911434,-59.137400,60,OSM:classe,1,60
-2.911414,-59.116074,60,OSM:classe,1,60
-2.911401,-58.977112,60,OSM:classe,1,60
-2.911352,-60.171069,60,OSM:classe,1,40
-2.911189,-59.174008,60,OSM:classe,1,40
-2.911103,-59.394181,60,OSM:classe,1,40
-2.911086,-59.462407,60,OSM:classe,1,40
-2.910996,-59.183446,60,OSM:classe,1,60
-2.910985,-59.046322,60,OSM:classe,1,60
-2.910960,-59.470189,60,OSM:classe,1,40
-2.910787,-59.414397,60,OSM:classe,1,40
-2.910644,-59.111638,60,OSM:classe,1,60
-2.910565,-59.064072,60,OSM:classe,1,60
-2.910395,-59.370827,60,OSM:classe,1,40
-2.910395,-59.059774,60,OSM:classe,1,60
-2.910207,-59.047637,60,OSM:classe,1,60
-2.910182,-59.977499,80,OSM,0,
-2.910024,-57.526411,60,OSM:classe,1,40
-2.909696,-59.081733,60,OSM:classe,1,60
-2.909574,-57.505074,60,OSM:classe,1,40
-2.909544,-59.333462,60,OSM:classe,1,60
-2.909539,-59.036525,60,OSM:classe,1,60
-2.909516,-57.536080,60,OSM:classe,1,40
-2.909484,-59.077244,60,OSM:classe,1,60
-2.909207,-59.107505,60,OSM:classe,1,60
-2.909148,-59.072754,60,OSM:classe,1,60
-2.908993,-59.068290,60,OSM:classe,1,60
-2.908906,-59.458735,60,OSM:classe,1,40
-2.908904,-60.967377,60,OSM:classe,1,50
-2.908860,-60.167322,60,OSM:classe,1,40
-2.908844,-59.179636,60,OSM:classe,1,60
-2.908803,-59.410610,60,OSM:classe,1,40
-2.908779,-59.179231,60,OSM:classe,1,40
-2.908640,-59.337803,60,OSM:classe,1,60
-2.908530,-59.176732,60,OSM:classe,1,40
-2.908408,-59.175154,60,OSM:classe,1,60
-2.908284,-58.696458,80,OSM:classe,1,60
-2.908247,-59.140576,60,OSM:classe,1,60
-2.908232,-59.055864,60,OSM:classe,1,60
-2.908160,-59.473712,60,OSM:classe,1,40
-2.908052,-59.140767,100,OSM:classe,1,80
-2.907978,-59.975160,80,OSM,0,
-2.907972,-59.170673,60,OSM:classe,1,60
-2.907971,-59.051416,60,OSM:classe,1,40
-2.907948,-59.051524,60,OSM:classe,1,60
-2.907680,-58.979490,60,OSM:classe,1,60
-2.907632,-60.037537,60,OSM,0,
-2.907536,-59.166192,60,OSM:classe,1,60
-2.907435,-59.396469,60,OSM:classe,1,40
-2.907411,-59.974831,80,OSM,0,
-2.907408,-59.085423,60,OSM:classe,1,60
-2.907359,-59.164530,60,OSM:classe,1,40
-2.907271,-57.529971,60,OSM:classe,1,40
-2.907137,-59.341990,60,OSM:classe,1,60
-2.907133,-59.406704,60,OSM:classe,1,40
-2.907100,-59.161711,60,OSM:classe,1,60
-2.906664,-59.157230,60,OSM:classe,1,60
-2.906460,-59.033333,60,OSM:classe,1,60
-2.906387,-59.103998,60,OSM:classe,1,60
-2.906367,-60.163575,60,OSM:classe,1,40
-2.906342,-59.370082,60,OSM:classe,1,40
-2.906307,-57.501980,60,OSM:classe,1,40
-2.906227,-59.152749,60,OSM:classe,1,60
-2.905828,-59.143818,60,OSM:classe,1,60
-2.905791,-59.148267,60,OSM:classe,1,60
-2.905360,-59.477235,60,OSM:classe,1,40
-2.905296,-57.537664,60,OSM:classe,1,40
-2.904859,-59.456981,60,OSM:classe,1,40
-2.904738,-59.400012,60,OSM:classe,1,40
-2.904660,-57.533630,60,OSM:classe,1,40
-2.904650,-59.180460,60,OSM:classe,1,40
-2.904605,-59.029231,60,OSM:classe,1,60
-2.904456,-60.968035,60,OSM:classe,1,50
-2.904444,-59.442353,60,OSM:classe,1,40
-2.904399,-57.498141,60,OSM:classe,1,40
-2.904273,-59.437858,60,OSM:classe,1,40
-2.904167,-59.167383,60,OSM:classe,1,40
-2.904031,-58.697494,80,OSM:classe,1,60
-2.903903,-59.088221,60,OSM:classe,1,60
-2.903828,-59.403906,60,OSM:classe,1,40
-2.903783,-59.344764,60,OSM:classe,1,60
-2.903567,-59.100491,60,OSM:classe,1,60
-2.903334,-58.980644,60,OSM:classe,1,60
-2.902889,-59.450196,60,OSM:classe,1,40
-2.902866,-57.494031,60,OSM:classe,1,40
-2.902751,-59.025130,60,OSM:classe,1,60
-2.902672,-60.161327,60,OSM:classe,1,40
-2.902645,-59.446387,60,OSM:classe,1,40
-2.902435,-60.035705,80,OSM,0,
-2.902361,-59.454380,60,OSM:classe,1,40
-2.902199,-59.370516,60,OSM:classe,1,40
-2.902129,-59.092314,60,OSM:classe,1,60
-2.901536,-59.403173,60,OSM:classe,1,40
-2.901515,-59.434386,60,OSM:classe,1,40
-2.901463,-58.701130,80,OSM:classe,1,60
-2.901335,-59.096666,60,OSM:classe,1,60
-2.901253,-59.478198,60,OSM:classe,1,40
-2.900970,-60.035423,80,OSM,0,
-2.900875,-59.976805,80,OSM,0,
-2.900804,-59.021079,60,OSM:classe,1,60
-2.900456,-59.181959,60,OSM:classe,1,40
-2.900388,-59.169473,60,OSM:classe,1,40
-2.900007,-60.968693,60,OSM:classe,1,50
-2.899738,-59.976742,80,OSM,0,
-2.899730,-59.367064,60,OSM:classe,1,40
-2.899688,-59.346623,60,OSM:classe,1,60
-2.899675,-57.491113,60,OSM:classe,1,40
-2.899619,-59.402323,60,OSM:classe,1,40
-2.899323,-58.704976,80,OSM:classe,1,60
-2.898987,-58.981797,60,OSM:classe,1,60
-2.898521,-60.159988,60,OSM:classe,1,40
-2.898404,-59.976063,80,OSM,0,
-2.898260,-57.486860,60,OSM:classe,1,40
-2.897760,-59.017798,60,OSM:classe,1,60
-2.897730,-59.359073,60,OSM:classe,1,40
-2.897642,-59.432320,60,OSM:classe,1,40
-2.896911,-59.479157,60,OSM:classe,1,40
-2.896239,-59.167738,60,OSM:classe,1,40
-2.896206,-58.708205,80,OSM:classe,1,60
-2.896142,-59.365193,60,OSM:classe,1,40
-2.896121,-59.399770,60,OSM:classe,1,40
-2.896076,-59.182780,60,OSM:classe,1,40
-2.896070,-59.363257,60,OSM:classe,1,40
-2.895593,-59.348482,60,OSM:classe,1,60
-2.895570,-59.365201,60,OSM:classe,1,40
-2.895559,-60.969350,60,OSM:classe,1,50
-2.895526,-59.973361,80,OSM,0,
-2.895181,-59.428552,60,OSM:classe,1,40
-2.894967,-59.356776,60,OSM:classe,1,40
-2.894641,-58.982951,60,OSM:classe,1,60
-2.894553,-59.475593,60,OSM:classe,1,40
-2.894528,-57.485730,60,OSM:classe,1,40
-2.894275,-60.158504,60,OSM:classe,1,40
-2.894072,-59.015243,60,OSM:classe,1,60
-2.893397,-59.368374,60,OSM:classe,1,40
-2.893345,-57.485932,60,OSM:classe,1,40
-2.893035,-59.396495,60,OSM:classe,1,40
-2.892184,-59.165792,60,OSM:classe,1,40
-2.892164,-60.035077,80,OSM,0,
-2.892106,-58.708839,80,OSM:classe,1,60
-2.892080,-59.472088,60,OSM:classe,1,40
-2.891917,-59.962212,80,OSM,0,
-2.891914,-59.960575,80,OSM,0,
-2.891878,-59.184396,60,OSM:classe,1,40
-2.891497,-59.350341,60,OSM:classe,1,60
-2.891419,-59.426763,60,OSM:classe,1,40
-2.891204,-59.968531,80,OSM,0,
-2.891177,-59.958593,80,OSM,0,
-2.891110,-60.970008,60,OSM:classe,1,50
-2.890820,-59.966791,80,OSM,0,
-2.890804,-59.355075,60,OSM:classe,1,40
-2.890294,-58.984104,60,OSM:classe,1,60
-2.890055,-59.956899,80,OSM,0,
-2.890021,-60.157165,60,OSM:classe,1,40
-2.890013,-59.393183,60,OSM:classe,1,40
-2.889976,-59.371296,60,OSM:classe,1,40
-2.889869,-59.013752,60,OSM:classe,1,60
-2.889766,-59.371283,60,OSM:classe,1,40
-2.889703,-59.351521,60,OSM:classe,1,40
-2.889418,-59.468647,60,OSM:classe,1,40
-2.889355,-59.505451,60,OSM:classe,1,40
-2.889159,-59.388832,60,OSM:classe,1,40
-2.889122,-57.484384,60,OSM:classe,1,40
-2.888888,-59.182443,60,OSM:classe,1,40
-2.888775,-59.955554,80,OSM,0,
-2.888313,-59.353373,60,OSM:classe,1,60
-2.888292,-59.424397,60,OSM:classe,1,40
-2.888260,-59.461540,60,OSM:classe,1,40
-2.888129,-59.163846,60,OSM:classe,1,40
-2.888025,-58.707208,80,OSM:classe,1,60
-2.887984,-59.504027,60,OSM:classe,1,40
-2.886846,-59.464965,60,OSM:classe,1,40
-2.886662,-60.970666,60,OSM:classe,1,50
-2.886228,-60.159540,60,OSM:classe,1,40
-2.886187,-59.420679,60,OSM:classe,1,40
-2.885958,-59.011843,60,OSM:classe,1,60
-2.885948,-58.985258,60,OSM:classe,1,60
-2.885922,-59.457924,60,OSM:classe,1,40
-2.885868,-58.703486,80,OSM:classe,1,60
-2.885760,-59.179576,60,OSM:classe,1,40
-2.885533,-59.369842,60,OSM:classe,1,40
-2.885435,-59.453465,60,OSM:classe,1,40
-2.885221,-59.500765,60,OSM:classe,1,40
-2.885154,-59.448971,60,OSM:classe,1,40
-2.885142,-59.386888,60,OSM:classe,1,40
-2.885132,-59.356532,60,OSM:classe,1,60
-2.884959,-57.482828,60,OSM:classe,1,40
-2.884332,-59.952933,80,OSM,0,
-2.884314,-59.161487,60,OSM:classe,1,40
-2.884098,-58.699364,80,OSM:classe,1,60
-2.883548,-59.444906,60,OSM:classe,1,40
-2.883432,-60.035174,80,OSM,0,
-2.883060,-59.008400,60,OSM:classe,1,60
-2.882837,-59.952368,80,OSM,0,
-2.882496,-60.162051,60,OSM:classe,1,40
-2.882368,-59.418754,60,OSM:classe,1,40
-2.882195,-60.971164,60,OSM:classe,1,50
-2.881988,-59.497705,60,OSM:classe,1,40
-2.881886,-59.178884,60,OSM:classe,1,40
-2.881744,-59.359491,60,OSM:classe,1,60
-2.881601,-58.986411,60,OSM:classe,1,60
-2.881319,-59.368361,60,OSM:classe,1,40
-2.881252,-59.384630,60,OSM:classe,1,40
-2.881206,-58.696161,80,OSM:classe,1,60
-2.881154,-57.480444,60,OSM:classe,1,40
-2.880933,-59.952293,80,OSM,0,
-2.880542,-59.159040,60,OSM:classe,1,40
-2.880390,-59.441702,60,OSM:classe,1,40
-2.880162,-59.004958,60,OSM:classe,1,60
-2.878979,-59.494359,60,OSM:classe,1,40
-2.878795,-60.164608,60,OSM:classe,1,40
-2.878648,-59.181554,60,OSM:classe,1,40
-2.878528,-59.416540,60,OSM:classe,1,40
-2.878515,-57.476865,60,OSM:classe,1,40
-2.878419,-59.362516,60,OSM:classe,1,60
-2.878279,-59.000899,60,OSM:classe,1,60
-2.877780,-57.457995,60,OSM:classe,1,40
-2.877716,-60.971560,60,OSM:classe,1,50
-2.877640,-58.988324,60,OSM:classe,1,60
-2.877219,-59.156257,60,OSM:classe,1,40
-2.877164,-59.438565,60,OSM:classe,1,40
-2.877137,-59.382973,60,OSM:classe,1,40
-2.876921,-59.369210,60,OSM:classe,1,40
-2.876914,-58.695060,80,OSM:classe,1,60
-2.876775,-58.996657,60,OSM:classe,1,60
-2.876749,-57.462106,60,OSM:classe,1,40
-2.876195,-59.511932,60,OSM:classe,1,40
-2.876023,-59.953297,80,OSM,0,
-2.875997,-59.513217,60,OSM:classe,1,40
-2.875897,-59.396922,60,OSM:classe,1,60
-2.875838,-59.491176,60,OSM:classe,1,40
-2.875792,-58.992302,60,OSM:classe,1,60
-2.875540,-57.473552,60,OSM:classe,1,40
-2.875441,-59.152122,60,OSM:classe,1,40
-2.875368,-59.365824,60,OSM:classe,1,60
-2.875356,-59.400779,60,OSM:classe,1,60
-2.875094,-60.167165,60,OSM:classe,1,40
-2.874859,-57.454630,60,OSM:classe,1,40
-2.874855,-59.507805,60,OSM:classe,1,40
-2.874760,-59.414160,60,OSM:classe,1,40
-2.874701,-60.035272,80,OSM,0,
-2.874683,-59.953182,80,OSM,0,
-2.874379,-57.465909,60,OSM:classe,1,40
-2.874117,-59.392790,60,OSM:classe,1,60
-2.873988,-59.435427,60,OSM:classe,1,40
-2.873685,-59.952832,80,OSM,0,
-2.873513,-58.692316,80,OSM:classe,1,60
-2.873431,-59.148110,60,OSM:classe,1,40
-2.873390,-59.487437,60,OSM:classe,1,40
-2.873311,-60.970907,60,OSM:classe,1,50
-2.873210,-57.469766,60,OSM:classe,1,40
-2.872815,-59.382331,60,OSM:classe,1,40
-2.872742,-59.368688,60,OSM:classe,1,40
-2.872585,-59.952102,80,OSM,0,
-2.872318,-59.369133,60,OSM:classe,1,60
-2.872201,-59.388716,60,OSM:classe,1,60
-2.872138,-60.035037,40,OSM:classe,1,40
-2.872061,-57.451106,60,OSM:classe,1,40
-2.871682,-59.403371,60,OSM:classe,1,60
-2.871633,-59.950946,80,OSM,0,
-2.871582,-59.505401,60,OSM:classe,1,40
-2.871393,-60.169723,60,OSM:classe,1,40
-2.871123,-59.949585,80,OSM,0,
-2.871003,-59.144320,60,OSM:classe,1,40
-2.870808,-59.432244,60,OSM:classe,1,40
-2.870759,-59.947441,80,OSM,0,
-2.870700,-59.413905,60,OSM:classe,1,40
-2.870692,-59.483857,60,OSM:classe,1,40
-2.870662,-67.801640,60,OSM:classe,1,40
-2.870640,-60.034815,40,OSM:classe,1,40
-2.870580,-60.035145,40,OSM:classe,1,40
-2.870286,-59.384643,60,OSM:classe,1,60
-2.870139,-60.034780,40,OSM:classe,1,40
-2.869870,-59.946081,80,OSM,0,
-2.869741,-58.690067,80,OSM:classe,1,60
-2.869568,-59.142080,60,OSM:classe,1,40
-2.869534,-60.034907,40,OSM:classe,1,40
-2.869268,-59.372441,60,OSM:classe,1,60
-2.869168,-57.447734,60,OSM:classe,1,40
-2.869083,-59.382106,60,OSM:classe,1,40
-2.868983,-60.969687,60,OSM:classe,1,50
-2.868607,-59.945499,80,OSM,0,
-2.868370,-59.380570,60,OSM:classe,1,60
-2.868227,-67.788918,60,OSM:classe,1,40
-2.867807,-67.782243,60,OSM:classe,1,40
-2.867692,-60.172280,60,OSM:classe,1,40
-2.867666,-67.789452,60,OSM:classe,1,40
-2.867627,-59.429061,60,OSM:classe,1,40
-2.867624,-59.404639,60,OSM:classe,1,60
-2.867615,-59.470804,60,OSM:classe,1,40
-2.867607,-59.474575,60,OSM:classe,1,40
-2.867404,-57.443593,60,OSM:classe,1,40
-2.867376,-67.780546,60,OSM:classe,1,40
-2.867352,-59.504954,60,OSM:classe,1,40
-2.867281,-67.780183,60,OSM:classe,1,40
-2.867199,-67.779853,60,OSM:classe,1,40
-2.867170,-59.376301,60,OSM:classe,1,60
-2.867068,-67.786580,60,OSM:classe,1,40
-2.866998,-59.415289,60,OSM:classe,1,40
-2.866895,-67.786225,60,OSM:classe,1,40
-2.866872,-59.483030,60,OSM:classe,1,40
-2.866795,-59.415563,60,OSM:classe,1,40
-2.866783,-59.479000,60,OSM:classe,1,40
-2.866761,-67.785913,60,OSM:classe,1,40
-2.866557,-58.687048,80,OSM:classe,1,60
-2.866490,-67.799960,60,OSM:classe,1,40
-2.866298,-67.778494,60,OSM:classe,1,40
-2.866055,-67.778699,60,OSM:classe,1,40
-2.865925,-67.776630,60,OSM:classe,1,40
-2.865914,-59.501427,60,OSM:classe,1,40
-2.865872,-60.034744,80,OSM,0,
-2.865847,-59.945183,80,OSM,0,
-2.865594,-59.422154,60,OSM:classe,1,40
-2.865438,-67.783416,60,OSM:classe,1,40
-2.865241,-57.439684,60,OSM:classe,1,40
-2.865228,-67.774645,60,OSM:classe,1,40
-2.864697,-67.777040,60,OSM:classe,1,40
-2.864651,-59.944843,80,OSM,0,
-2.864571,-60.969445,60,OSM:classe,1,50
-2.864566,-67.792673,60,OSM:classe,1,40
-2.864551,-59.419049,60,OSM:classe,1,40
-2.864522,-59.425914,60,OSM:classe,1,40
-2.864296,-60.035033,80,OSM,0,
-2.863878,-59.497769,60,OSM:classe,1,40
-2.863703,-67.796938,60,OSM:classe,1,40
-2.863601,-60.171657,60,OSM:classe,1,40
-2.863241,-59.469963,60,OSM:classe,1,40
-2.863185,-59.414510,60,OSM:classe,1,40
-2.863168,-59.404291,60,OSM:classe,1,60
-2.862770,-67.777731,60,OSM:classe,1,40
-2.862613,-57.371749,60,OSM:classe,1,40
-2.862554,-58.688488,80,OSM:classe,1,60
-2.862211,-67.776523,60,OSM:classe,1,40
-2.862060,-57.376195,60,OSM:classe,1,40
-2.862025,-67.773541,60,OSM:classe,1,40
-2.861938,-67.772497,60,OSM:classe,1,40
-2.861814,-57.363032,60,OSM:classe,1,40
-2.861706,-67.774997,60,OSM:classe,1,40
-2.861488,-57.437204,60,OSM:classe,1,40
-2.861324,-57.367482,60,OSM:classe,1,40
-2.860925,-57.380552,60,OSM:classe,1,40
-2.860533,-67.774069,60,OSM:classe,1,40
-2.860263,-59.941524,80,OSM,0,
-2.860099,-60.969913,60,OSM:classe,1,50
-2.859799,-59.498242,60,OSM:classe,1,40
-2.859795,-59.407176,60,OSM:classe,1,60
-2.859790,-57.384908,60,OSM:classe,1,40
-2.859619,-57.359103,60,OSM:classe,1,40
-2.859517,-59.411911,60,OSM:classe,1,40
-2.859391,-60.170074,60,OSM:classe,1,40
-2.859355,-59.467715,60,OSM:classe,1,40
-2.859311,-59.941223,80,OSM,0,
-2.859079,-58.686625,80,OSM:classe,1,60
-2.858615,-57.435305,60,OSM:classe,1,40
-2.858423,-67.775181,60,OSM:classe,1,40
-2.858164,-67.775310,60,OSM:classe,1,40
-2.858037,-59.941222,80,OSM,0,
-2.858035,-60.037405,80,OSM,0,
-2.857728,-67.774042,60,OSM:classe,1,40
-2.857694,-57.388743,60,OSM:classe,1,40
-2.857595,-67.775437,60,OSM:classe,1,40
-2.857423,-57.355174,60,OSM:classe,1,40
-2.856711,-60.037541,80,OSM,0,
-2.856562,-59.410306,60,OSM:classe,1,60
-2.856308,-59.499061,60,OSM:classe,1,40
-2.856172,-59.464656,60,OSM:classe,1,40
-2.856132,-58.684060,80,OSM:classe,1,60
-2.855927,-59.410979,60,OSM:classe,1,40
-2.855749,-60.969250,60,OSM:classe,1,50
-2.855510,-60.037293,80,OSM,0,
-2.855312,-57.351215,60,OSM:classe,1,40
-2.855287,-67.770286,60,OSM:classe,1,40
-2.855182,-60.168491,60,OSM:classe,1,40
-2.854890,-57.348754,60,OSM:classe,1,40
-2.854341,-57.391627,60,OSM:classe,1,40
-2.854162,-57.435495,60,OSM:classe,1,40
-2.854042,-67.766012,60,OSM:classe,1,40
-2.853988,-57.435463,60,OSM:classe,1,40
-2.853840,-57.345319,60,OSM:classe,1,40
-2.853805,-57.434674,60,OSM:classe,1,40
-2.853600,-59.449069,60,OSM:classe,1,40
-2.852822,-59.461695,60,OSM:classe,1,40
-2.852818,-59.453016,60,OSM:classe,1,40
-2.852658,-59.412382,60,OSM:classe,1,60
-2.852608,-59.457485,60,OSM:classe,1,40
-2.852571,-59.497330,60,OSM:classe,1,40
-2.852434,-57.395666,60,OSM:classe,1,40
-2.852371,-60.966301,60,OSM:classe,1,50
-2.852067,-60.035581,40,OSM:classe,1,40
-2.851944,-59.943071,80,OSM,0,
-2.851822,-58.683297,80,OSM:classe,1,60
-2.851556,-57.430781,60,OSM:classe,1,40
-2.851248,-60.035165,40,OSM:classe,1,40
-2.850972,-60.166907,60,OSM:classe,1,40
-2.850736,-59.446510,60,OSM:classe,1,40
-2.850250,-59.944615,80,OSM,0,
-2.850154,-57.399488,60,OSM:classe,1,40
-2.849687,-58.679402,80,OSM:classe,1,60
-2.849584,-59.494379,60,OSM:classe,1,40
-2.849178,-60.963161,60,OSM:classe,1,50
-2.849148,-57.426979,60,OSM:classe,1,40
-2.848462,-59.414002,60,OSM:classe,1,60
-2.847817,-59.949484,80,OSM,0,
-2.847684,-59.443237,60,OSM:classe,1,40
-2.847562,-57.402898,60,OSM:classe,1,40
-2.847274,-60.959082,60,OSM:classe,1,50
-2.846867,-60.032876,80,OSM,0,
-2.846788,-59.950008,80,OSM,0,
-2.846763,-60.165324,60,OSM:classe,1,40
-2.846222,-57.423620,60,OSM:classe,1,40
-2.846065,-58.677399,80,OSM:classe,1,60
-2.845793,-59.949675,80,OSM,0,
-2.845577,-59.493219,60,OSM:classe,1,40
-2.845354,-59.949055,80,OSM,0,
-2.844867,-57.406412,60,OSM:classe,1,40
-2.844826,-60.032455,80,OSM,0,
-2.844698,-59.416391,60,OSM:classe,1,60
-2.844385,-60.955733,60,OSM:classe,1,50
-2.844295,-59.440717,60,OSM:classe,1,40
-2.844105,-58.213196,60,OSM:classe,1,40
-2.844022,-60.951308,60,OSM:classe,1,50
-2.843683,-59.944873,80,OSM,0,
-2.843369,-57.412482,60,OSM:classe,1,40
-2.843331,-58.210853,60,OSM:classe,1,40
-2.843194,-57.410591,60,OSM:classe,1,40
-2.843090,-60.946955,60,OSM:classe,1,50
-2.843078,-59.944208,80,OSM,0,
-2.843005,-57.411473,60,OSM:classe,1,40
-2.842849,-57.420642,60,OSM:classe,1,40
-2.842553,-60.163741,60,OSM:classe,1,40
-2.842509,-59.486063,60,OSM:classe,1,40
-2.842263,-59.490368,60,OSM:classe,1,40
-2.841915,-59.943520,80,OSM,0,
-2.841633,-58.677355,80,OSM:classe,1,60
-2.841122,-59.437564,60,OSM:classe,1,40
-2.841006,-57.415847,60,OSM:classe,1,40
-2.840822,-59.418028,60,OSM:classe,1,60
-2.840564,-58.212027,60,OSM:classe,1,40
-2.840532,-57.414374,60,OSM:classe,1,40
-2.840404,-58.212518,60,OSM:classe,1,40
-2.840384,-57.417788,60,OSM:classe,1,40
-2.840154,-57.417838,60,OSM:classe,1,40
-2.839805,-60.943938,60,OSM:classe,1,50
-2.839765,-58.213924,60,OSM:classe,1,40
-2.839438,-57.416027,60,OSM:classe,1,40
-2.838358,-59.485037,60,OSM:classe,1,40
-2.838163,-60.163694,60,OSM:classe,1,40
-2.838011,-59.417073,60,OSM:classe,1,40
-2.837839,-58.208095,60,OSM:classe,1,40
-2.837551,-60.940150,60,OSM:classe,1,50
-2.837193,-59.435532,60,OSM:classe,1,40
-2.837171,-58.677748,80,OSM:classe,1,60
-2.837135,-58.211455,60,OSM:classe,1,40
-2.836821,-58.213015,60,OSM:classe,1,40
-2.836756,-58.212971,60,OSM:classe,1,40
-2.836651,-58.213679,60,OSM:classe,1,40
-2.836632,-58.211485,60,OSM:classe,1,40
-2.836492,-59.417222,60,OSM:classe,1,60
-2.836381,-58.214645,60,OSM:classe,1,40
-2.835716,-58.216873,60,OSM:classe,1,40
-2.835580,-58.217316,60,OSM:classe,1,40
-2.835579,-58.212359,60,OSM:classe,1,40
-2.835456,-59.481756,60,OSM:classe,1,40
-2.835444,-58.211887,60,OSM:classe,1,40
-2.835378,-58.212263,60,OSM:classe,1,40
-2.835207,-58.218991,60,OSM:classe,1,40
-2.834741,-60.936668,60,OSM:classe,1,50
-2.834404,-58.221662,60,OSM:classe,1,40
-2.834385,-59.414725,60,OSM:classe,1,40
-2.834038,-59.411182,60,OSM:classe,1,40
-2.834033,-59.942239,80,OSM,0,
-2.834033,-58.223337,60,OSM:classe,1,40
-2.833956,-58.223318,60,OSM:classe,1,40
-2.833898,-59.432814,60,OSM:classe,1,40
-2.833730,-60.164454,60,OSM:classe,1,40
-2.833467,-59.407346,60,OSM:classe,1,40
-2.833133,-59.419887,60,OSM:classe,1,60
-2.832813,-59.478269,60,OSM:classe,1,40
-2.832786,-58.677814,80,OSM:classe,1,60
-2.832435,-60.932896,60,OSM:classe,1,50
-2.831979,-60.033993,80,OSM,0,
-2.831216,-59.429670,60,OSM:classe,1,40
-2.831148,-59.423926,60,OSM:classe,1,60
-2.830498,-59.425249,60,OSM:classe,1,40
-2.830496,-58.203480,80,OSM:classe,1,60
-2.830380,-59.404072,60,OSM:classe,1,40
-2.829476,-58.674805,80,OSM:classe,1,60
-2.829298,-60.165214,60,OSM:classe,1,40
-2.828960,-60.930045,60,OSM:classe,1,50
-2.828642,-59.476744,60,OSM:classe,1,40
-2.828202,-59.427220,60,OSM:classe,1,60
-2.828170,-58.203114,80,OSM:classe,1,60
-2.827667,-59.400696,60,OSM:classe,1,40
-2.827083,-59.941741,80,OSM,0,
-2.825569,-58.672647,80,OSM:classe,1,60
-2.825078,-60.927903,60,OSM:classe,1,50
-2.824931,-59.474884,60,OSM:classe,1,40
-2.824866,-60.165973,60,OSM:classe,1,40
-2.824789,-59.430150,60,OSM:classe,1,60
-2.823727,-58.202416,80,OSM:classe,1,60
-2.823716,-59.399408,60,OSM:classe,1,40
-2.822701,-59.434057,60,OSM:classe,1,60
-2.822300,-58.202285,80,OSM:classe,1,60
-2.822109,-59.471477,60,OSM:classe,1,40
-2.821645,-60.163369,60,OSM:classe,1,40
-2.821582,-58.670628,80,OSM:classe,1,60
-2.821068,-58.668665,80,OSM:classe,1,60
-2.821059,-59.438248,60,OSM:classe,1,60
-2.821004,-58.668126,80,OSM:classe,1,60
-2.820836,-60.926411,60,OSM:classe,1,50
-2.820637,-59.396142,60,OSM:classe,1,40
-2.820305,-58.663684,80,OSM:classe,1,60
-2.820247,-59.467749,60,OSM:classe,1,40
-2.819423,-59.937875,80,OSM,0,
-2.819136,-58.659337,80,OSM:classe,1,60
-2.819132,-60.035530,80,OSM,0,
-2.818458,-59.463968,60,OSM:classe,1,40
-2.818369,-59.441749,60,OSM:classe,1,60
-2.818227,-58.201548,80,OSM:classe,1,60
-2.817996,-60.160826,60,OSM:classe,1,40
-2.817968,-58.654989,80,OSM:classe,1,60
-2.817389,-59.393245,60,OSM:classe,1,40
-2.816800,-58.650642,80,OSM:classe,1,60
-2.816771,-59.388811,60,OSM:classe,1,40
-2.816406,-60.925644,60,OSM:classe,1,50
-2.816237,-59.384740,60,OSM:classe,1,40
-2.815631,-58.646295,80,OSM:classe,1,60
-2.814733,-59.461596,60,OSM:classe,1,40
-2.814463,-58.641947,80,OSM:classe,1,60
-2.814293,-59.443622,60,OSM:classe,1,60
-2.814048,-60.158683,60,OSM:classe,1,40
-2.814020,-58.200170,80,OSM:classe,1,60
-2.813974,-60.111880,60,OSM:classe,1,40
-2.813804,-60.120391,60,OSM:classe,1,40
-2.813335,-58.637589,80,OSM:classe,1,60
-2.813302,-60.116165,60,OSM:classe,1,40
-2.813205,-59.935986,80,OSM,0,
-2.813164,-60.107746,60,OSM:classe,1,40
-2.812735,-59.382159,60,OSM:classe,1,40
-2.812211,-58.633230,80,OSM:classe,1,60
-2.811968,-60.925051,60,OSM:classe,1,50
-2.811087,-58.628871,80,OSM:classe,1,60
-2.810777,-59.459609,60,OSM:classe,1,40
-2.810630,-60.122880,60,OSM:classe,1,40
-2.810496,-60.155959,60,OSM:classe,1,40
-2.810406,-59.378629,60,OSM:classe,1,40
-2.809963,-58.624512,80,OSM:classe,1,60
-2.809904,-59.933932,80,OSM,0,
-2.809823,-59.444041,60,OSM:classe,1,60
-2.809696,-58.201169,80,OSM:classe,1,60
-2.808867,-60.107219,60,OSM:classe,1,40
-2.808838,-58.620153,80,OSM:classe,1,60
-2.808699,-59.933397,80,OSM,0,
-2.807714,-58.615794,80,OSM:classe,1,60
-2.807494,-60.925510,60,OSM:classe,1,50
-2.807058,-60.128039,60,OSM:classe,1,40
-2.807047,-60.075861,60,OSM:classe,1,40
-2.806990,-59.376130,60,OSM:classe,1,40
-2.806975,-59.446792,60,OSM:classe,1,60
-2.806927,-60.124221,60,OSM:classe,1,40
-2.806893,-59.451292,60,OSM:classe,1,60
-2.806830,-59.455793,60,OSM:classe,1,60
-2.806790,-59.457793,60,OSM:classe,1,40
-2.806767,-59.460295,60,OSM:classe,1,60
-2.806590,-58.611435,80,OSM:classe,1,60
-2.806415,-60.080144,60,OSM:classe,1,40
-2.806348,-58.610495,60,OSM:classe,1,50
-2.806303,-60.154861,60,OSM:classe,1,40
-2.806284,-60.037068,80,OSM,0,
-2.805670,-58.199347,80,OSM:classe,1,60
-2.805435,-60.132184,60,OSM:classe,1,40
-2.805260,-58.606127,60,OSM:classe,1,50
-2.805142,-60.057348,60,OSM:classe,1,40
-2.804918,-60.084137,60,OSM:classe,1,40
-2.804838,-59.464213,60,OSM:classe,1,60
-2.804826,-60.083937,60,OSM:classe,1,40
-2.804795,-60.072570,60,OSM:classe,1,40
-2.804685,-60.105834,60,OSM:classe,1,40
-2.804171,-58.601759,60,OSM:classe,1,50
-2.803623,-60.061031,60,OSM:classe,1,40
-2.803312,-60.087749,60,OSM:classe,1,40
-2.803083,-58.597391,60,OSM:classe,1,50
-2.803004,-60.925647,60,OSM:classe,1,50
-2.802940,-59.375494,60,OSM:classe,1,40
-2.802892,-58.441166,60,OSM:classe,1,50
-2.802527,-60.135502,60,OSM:classe,1,40
-2.802519,-60.096483,60,OSM:classe,1,40
-2.802300,-60.092014,60,OSM:classe,1,40
-2.802266,-56.730619,60,OSM:classe,1,40
-2.802041,-60.050370,60,OSM:classe,1,40
-2.801994,-58.593023,60,OSM:classe,1,50
-2.801831,-60.154637,60,OSM:classe,1,40
-2.801767,-58.437435,60,OSM:classe,1,50
-2.801754,-60.054573,60,OSM:classe,1,40
-2.801429,-58.198586,80,OSM:classe,1,60
-2.801257,-60.064743,60,OSM:classe,1,40
-2.800906,-58.588655,60,OSM:classe,1,50
-2.800646,-59.465734,60,OSM:classe,1,60
-2.800608,-60.068745,60,OSM:classe,1,40
-2.800434,-59.371862,60,OSM:classe,1,40
-2.800376,-60.106848,60,OSM:classe,1,40
-2.800348,-60.072316,60,OSM:classe,1,40
-2.800348,-58.444847,60,OSM:classe,1,50
-2.800300,-60.100290,60,OSM:classe,1,40
-2.799817,-58.584287,60,OSM:classe,1,50
-2.799340,-60.047826,60,OSM:classe,1,40
-2.798789,-58.434098,60,OSM:classe,1,50
-2.798732,-60.137868,60,OSM:classe,1,40
-2.798729,-58.579919,60,OSM:classe,1,50
-2.798507,-60.925677,60,OSM:classe,1,50
-2.798286,-58.429721,60,OSM:classe,1,50
-2.798067,-59.932315,80,OSM,0,
-2.797992,-58.425243,60,OSM:classe,1,50
-2.797969,-56.729294,60,OSM:classe,1,40
-2.797811,-58.196145,80,OSM:classe,1,60
-2.797640,-58.575551,60,OSM:classe,1,50
-2.797627,-60.153088,60,OSM:classe,1,40
-2.797522,-58.448349,60,OSM:classe,1,50
-2.797400,-60.103730,60,OSM:classe,1,40
-2.797262,-58.420801,60,OSM:classe,1,50
-2.797224,-59.369046,60,OSM:classe,1,40
-2.796846,-60.036810,80,OSM,0,
-2.796552,-58.571183,60,OSM:classe,1,50
-2.796336,-59.466973,60,OSM:classe,1,60
-2.796191,-60.105201,60,OSM:classe,1,40
-2.796073,-60.044834,60,OSM:classe,1,40
-2.796019,-58.416531,60,OSM:classe,1,50
-2.795463,-58.566815,60,OSM:classe,1,50
-2.795163,-59.479709,60,OSM:classe,1,40
-2.794975,-59.475264,60,OSM:classe,1,40
-2.794792,-59.931531,80,OSM,0,
-2.794599,-58.412341,60,OSM:classe,1,50
-2.794499,-60.107170,60,OSM:classe,1,40
-2.794375,-58.562447,60,OSM:classe,1,50
-2.794370,-58.451531,60,OSM:classe,1,50
-2.794312,-60.138030,60,OSM:classe,1,40
-2.794309,-59.468339,60,OSM:classe,1,40
-2.794265,-60.040876,60,OSM:classe,1,40
-2.794076,-60.926440,60,OSM:classe,1,50
-2.794069,-58.195185,80,OSM:classe,1,60
-2.793671,-56.727969,60,OSM:classe,1,40
-2.793594,-60.111383,60,OSM:classe,1,40
-2.793370,-59.483828,60,OSM:classe,1,40
-2.793286,-58.558079,60,OSM:classe,1,50
-2.793239,-60.152273,60,OSM:classe,1,40
-2.793157,-60.036746,60,OSM:classe,1,40
-2.793103,-59.367900,60,OSM:classe,1,40
-2.792832,-60.036732,60,OSM:classe,1,40
-2.792503,-58.408462,60,OSM:classe,1,50
-2.792378,-59.469102,60,OSM:classe,1,60
-2.792198,-58.553710,60,OSM:classe,1,50
-2.792189,-59.472121,60,OSM:classe,1,40
-2.792014,-60.115341,60,OSM:classe,1,40
-2.791388,-60.127268,60,OSM:classe,1,40
-2.791109,-58.549342,60,OSM:classe,1,50
-2.791055,-58.454567,60,OSM:classe,1,50
-2.790950,-60.122964,60,OSM:classe,1,40
-2.790669,-59.930170,80,OSM,0,
-2.790625,-59.636595,60,OSM:classe,1,40
-2.790516,-60.140443,60,OSM:classe,1,40
-2.790021,-58.544974,60,OSM:classe,1,50
-2.789971,-60.154114,60,OSM:classe,1,40
-2.789953,-59.486096,60,OSM:classe,1,40
-2.789843,-60.927775,60,OSM:classe,1,50
-2.789633,-60.119160,60,OSM:classe,1,40
-2.789628,-58.195100,80,OSM:classe,1,60
-2.789398,-56.726571,60,OSM:classe,1,40
-2.789319,-60.130762,60,OSM:classe,1,40
-2.788932,-58.540606,60,OSM:classe,1,50
-2.788715,-59.366931,60,OSM:classe,1,40
-2.788474,-58.406529,60,OSM:classe,1,50
-2.788453,-59.471297,60,OSM:classe,1,60
-2.787935,-58.536219,60,OSM:classe,1,50
-2.787778,-58.457639,60,OSM:classe,1,50
-2.787434,-59.639724,60,OSM:classe,1,40
-2.787408,-60.036552,80,OSM,0,
-2.787273,-60.137544,60,OSM:classe,1,40
-2.787173,-58.531782,60,OSM:classe,1,50
-2.786590,-60.134158,60,OSM:classe,1,40
-2.786411,-58.527345,60,OSM:classe,1,50
-2.786139,-60.930291,60,OSM:classe,1,50
-2.786117,-59.487263,60,OSM:classe,1,40
-2.785996,-58.192692,80,OSM:classe,1,60
-2.785738,-60.153965,60,OSM:classe,1,40
-2.785636,-60.135649,60,OSM:classe,1,40
-2.785378,-58.522999,60,OSM:classe,1,50
-2.785163,-56.725059,60,OSM:classe,1,40
-2.785107,-58.403609,60,OSM:classe,1,50
-2.784615,-59.926861,80,OSM,0,
-2.784527,-59.473493,60,OSM:classe,1,60
-2.784269,-59.366956,60,OSM:classe,1,40
-2.784111,-58.460245,60,OSM:classe,1,50
-2.783952,-59.642525,60,OSM:classe,1,40
-2.783855,-59.490675,60,OSM:classe,1,40
-2.783511,-58.518925,60,OSM:classe,1,50
-2.783266,-60.933734,60,OSM:classe,1,50
-2.783197,-60.136688,60,OSM:classe,1,40
-2.782411,-58.514560,60,OSM:classe,1,50
-2.781848,-58.191092,80,OSM:classe,1,60
-2.781762,-58.400610,60,OSM:classe,1,50
-2.781605,-60.152191,60,OSM:classe,1,40
-2.781599,-60.136195,60,OSM:classe,1,40
-2.781311,-58.510195,60,OSM:classe,1,50
-2.780935,-56.725288,60,OSM:classe,1,40
-2.780716,-59.492437,60,OSM:classe,1,40
-2.780602,-59.475689,60,OSM:classe,1,60
-2.780444,-58.462851,60,OSM:classe,1,50
-2.780211,-58.505830,60,OSM:classe,1,50
-2.780202,-60.148835,60,OSM:classe,1,40
-2.780086,-60.936834,60,OSM:classe,1,50
-2.780056,-59.644669,60,OSM:classe,1,40
-2.779887,-59.367281,60,OSM:classe,1,40
-2.779757,-60.140302,60,OSM:classe,1,40
-2.779596,-60.144417,60,OSM:classe,1,40
-2.779110,-58.501465,60,OSM:classe,1,50
-2.778942,-60.135281,60,OSM:classe,1,40
-2.778560,-59.923553,80,OSM,0,
-2.778554,-60.036519,80,OSM,0,
-2.778078,-56.728758,60,OSM:classe,1,40
-2.778010,-58.497100,60,OSM:classe,1,50
-2.777767,-58.398635,60,OSM:classe,1,50
-2.777708,-58.189639,80,OSM:classe,1,60
-2.777590,-58.466243,60,OSM:classe,1,50
-2.777190,-59.923468,80,OSM,0,
-2.777071,-59.494050,60,OSM:classe,1,40
-2.776910,-58.492735,60,OSM:classe,1,50
-2.776676,-59.477885,60,OSM:classe,1,60
-2.776630,-58.470626,60,OSM:classe,1,50
-2.776497,-59.647199,60,OSM:classe,1,40
-2.776370,-59.364587,60,OSM:classe,1,40
-2.776132,-60.938965,60,OSM:classe,1,50
-2.775979,-60.132106,60,OSM:classe,1,40
-2.775875,-58.475064,60,OSM:classe,1,50
-2.775810,-58.488369,60,OSM:classe,1,50
-2.775563,-59.478501,60,OSM:classe,1,40
-2.775463,-56.732420,60,OSM:classe,1,40
-2.775119,-58.479502,60,OSM:classe,1,50
-2.774900,-58.483967,60,OSM:classe,1,50
-2.774525,-58.395553,60,OSM:classe,1,50
-2.774094,-59.474246,60,OSM:classe,1,40
-2.773805,-59.650787,60,OSM:classe,1,40
-2.773685,-58.187935,80,OSM:classe,1,60
-2.773494,-59.491322,60,OSM:classe,1,40
-2.773479,-59.469975,60,OSM:classe,1,40
-2.773209,-59.923815,80,OSM,0,
-2.772751,-59.480080,60,OSM:classe,1,60
-2.772606,-59.362169,60,OSM:classe,1,40
-2.772599,-56.735885,60,OSM:classe,1,40
-2.772542,-56.735842,60,OSM:classe,1,40
-2.771813,-60.939206,60,OSM:classe,1,50
-2.771586,-60.131270,60,OSM:classe,1,40
-2.771545,-59.466152,60,OSM:classe,1,40
-2.771364,-56.731619,60,OSM:classe,1,40
-2.770724,-58.393311,60,OSM:classe,1,50
-2.770241,-56.727288,60,OSM:classe,1,40
-2.769930,-59.652985,60,OSM:classe,1,40
-2.769700,-60.036487,80,OSM,0,
-2.769678,-58.186136,80,OSM:classe,1,60
-2.769405,-59.490026,60,OSM:classe,1,40
-2.769142,-56.738724,60,OSM:classe,1,40
-2.768913,-59.359668,60,OSM:classe,1,40
-2.768825,-59.482276,60,OSM:classe,1,60
-2.768763,-56.723111,60,OSM:classe,1,40
-2.768200,-58.389588,60,OSM:classe,1,50
-2.767787,-59.463813,60,OSM:classe,1,40
-2.767700,-59.922287,80,OSM,0,
-2.767539,-59.459915,60,OSM:classe,1,40
-2.767432,-60.938435,60,OSM:classe,1,50
-2.767317,-60.132112,60,OSM:classe,1,40
-2.766792,-59.921802,80,OSM,0,
-2.766734,-59.655892,60,OSM:classe,1,40
-2.766506,-59.456024,60,OSM:classe,1,40
-2.765962,-58.385697,60,OSM:classe,1,50
-2.765959,-56.719875,60,OSM:classe,1,40
-2.765768,-58.183991,80,OSM:classe,1,60
-2.765398,-56.741218,60,OSM:classe,1,40
-2.765263,-59.490229,60,OSM:classe,1,40
-2.764900,-59.484472,60,OSM:classe,1,60
-2.764851,-59.358266,60,OSM:classe,1,40
-2.764698,-60.135542,60,OSM:classe,1,40
-2.764276,-59.919328,80,OSM,0,
-2.764026,-58.381634,60,OSM:classe,1,50
-2.763980,-59.659284,60,OSM:classe,1,40
-2.763673,-59.452556,60,OSM:classe,1,40
-2.763310,-59.918866,80,OSM,0,
-2.762997,-60.939178,60,OSM:classe,1,50
-2.762610,-59.918848,80,OSM,0,
-2.762409,-56.717112,60,OSM:classe,1,40
-2.762208,-59.448374,60,OSM:classe,1,40
-2.762089,-58.377571,60,OSM:classe,1,50
-2.761751,-59.444024,60,OSM:classe,1,40
-2.761654,-56.743711,60,OSM:classe,1,40
-2.761619,-59.488176,60,OSM:classe,1,40
-2.761477,-58.182965,80,OSM:classe,1,60
-2.761281,-59.919576,80,OSM,0,
-2.761258,-59.439678,60,OSM:classe,1,40
-2.760974,-59.486668,60,OSM:classe,1,60
-2.760877,-60.137889,60,OSM:classe,1,40
-2.760841,-59.359530,60,OSM:classe,1,40
-2.760743,-59.662158,60,OSM:classe,1,40
-2.760380,-59.920742,80,OSM,0,
-2.760209,-58.373485,60,OSM:classe,1,50
-2.759597,-59.921044,80,OSM,0,
-2.759486,-58.371549,60,OSM:classe,1,50
-2.759403,-56.713792,60,OSM:classe,1,40
-2.759389,-58.371277,80,OSM:classe,1,60
-2.759298,-59.435751,60,OSM:classe,1,40
-2.759264,-60.141998,60,OSM:classe,1,40
-2.758758,-59.920521,80,OSM,0,
-2.758602,-60.037457,80,OSM,0,
-2.758516,-60.939189,60,OSM:classe,1,50
-2.757910,-56.746205,60,OSM:classe,1,40
-2.757581,-60.037974,80,OSM,0,
-2.757551,-58.367168,80,OSM:classe,1,60
-2.757397,-59.919159,80,OSM,0,
-2.757222,-59.664689,60,OSM:classe,1,40
-2.757174,-59.488860,60,OSM:classe,1,40
-2.757093,-59.488938,60,OSM:classe,1,60
-2.757069,-60.145517,60,OSM:classe,1,40
-2.756999,-56.710017,60,OSM:classe,1,40
-2.756981,-58.183006,80,OSM:classe,1,60
-2.756842,-59.917398,80,OSM,0,
-2.756669,-59.432177,60,OSM:classe,1,40
-2.756633,-59.358047,60,OSM:classe,1,40
-2.755751,-56.747643,60,OSM:classe,1,40
-2.755294,-59.428028,60,OSM:classe,1,40
-2.755257,-58.363315,80,OSM:classe,1,60
-2.754736,-59.914823,80,OSM,0,
-2.754373,-56.706362,60,OSM:classe,1,40
-2.754301,-58.180369,80,OSM:classe,1,60
-2.754167,-60.939896,60,OSM:classe,1,50
-2.754161,-59.914646,80,OSM,0,
-2.754005,-60.148745,60,OSM:classe,1,40
-2.753758,-59.667447,60,OSM:classe,1,40
-2.753336,-59.424029,60,OSM:classe,1,40
-2.753332,-59.355512,60,OSM:classe,1,40
-2.753289,-59.491324,60,OSM:classe,1,60
-2.753026,-58.359416,80,OSM:classe,1,60
-2.752969,-60.041705,80,OSM,0,
-2.752870,-59.351162,60,OSM:classe,1,40
-2.752669,-59.419672,60,OSM:classe,1,40
-2.752534,-59.915384,80,OSM,0,
-2.751956,-59.671542,60,OSM:classe,1,40
-2.751869,-59.915282,80,OSM,0,
-2.751851,-56.702638,60,OSM:classe,1,40
-2.751577,-60.042332,80,OSM,0,
-2.751460,-58.176927,80,OSM:classe,1,60
-2.751240,-58.355289,80,OSM:classe,1,60
-2.751142,-60.151890,60,OSM:classe,1,40
-2.750811,-59.347453,60,OSM:classe,1,40
-2.750027,-59.416029,60,OSM:classe,1,40
-2.749963,-60.941492,60,OSM:classe,1,50
-2.749934,-59.913500,80,OSM,0,
-2.749693,-59.675390,60,OSM:classe,1,40
-2.749508,-58.351135,80,OSM:classe,1,60
-2.749415,-56.698853,60,OSM:classe,1,40
-2.748848,-59.491932,60,OSM:classe,1,60
-2.748670,-59.343943,60,OSM:classe,1,40
-2.748016,-59.482821,60,OSM:classe,1,40
-2.747899,-58.174332,80,OSM:classe,1,60
-2.747809,-59.908791,80,OSM,0,
-2.747776,-58.346981,80,OSM:classe,1,60
-2.747704,-60.154412,60,OSM:classe,1,40
-2.747598,-59.902190,80,OSM,0,
-2.747450,-59.900851,80,OSM,0,
-2.747385,-59.412387,60,OSM:classe,1,40
-2.747347,-59.906439,80,OSM,0,
-2.747221,-56.694964,60,OSM:classe,1,40
-2.747060,-59.486336,60,OSM:classe,1,40
-2.746457,-59.478717,60,OSM:classe,1,40
-2.746416,-59.408078,60,OSM:classe,1,40
-2.746144,-59.677835,60,OSM:classe,1,40
-2.745898,-59.896750,80,OSM,0,
-2.745838,-59.403614,60,OSM:classe,1,40
-2.745749,-58.342984,80,OSM:classe,1,60
-2.745675,-60.942837,60,OSM:classe,1,50
-2.745594,-56.690926,60,OSM:classe,1,40
-2.745259,-59.399149,60,OSM:classe,1,40
-2.744900,-58.177547,80,OSM:classe,1,60
-2.744878,-59.341666,60,OSM:classe,1,40
-2.744877,-59.490065,60,OSM:classe,1,60
-2.744830,-59.490033,60,OSM:classe,1,40
-2.744681,-59.394685,60,OSM:classe,1,40
-2.744244,-59.681906,60,OSM:classe,1,40
-2.744159,-59.489366,60,OSM:classe,1,40
-2.744112,-59.474886,60,OSM:classe,1,40
-2.744066,-60.156907,60,OSM:classe,1,40
-2.744013,-59.893440,80,OSM,0,
-2.744013,-59.463339,60,OSM:classe,1,40
-2.743566,-56.687115,60,OSM:classe,1,40
-2.743465,-59.892877,80,OSM,0,
-2.743266,-58.339230,80,OSM:classe,1,60
-2.742953,-56.682728,60,OSM:classe,1,40
-2.742952,-58.181595,80,OSM:classe,1,60
-2.742676,-59.459435,60,OSM:classe,1,40
-2.742661,-59.892585,80,OSM,0,
-2.742585,-59.470704,60,OSM:classe,1,40
-2.742581,-59.489589,60,OSM:classe,1,40
-2.742368,-59.390946,60,OSM:classe,1,40
-2.742241,-59.685917,60,OSM:classe,1,40
-2.741368,-60.942201,60,OSM:classe,1,50
-2.741268,-59.756811,80,OSM,0,
-2.741260,-59.755247,80,OSM,0,
-2.741173,-59.466583,60,OSM:classe,1,40
-2.740884,-58.335416,80,OSM:classe,1,60
-2.740877,-56.679848,60,OSM:classe,1,40
-2.740758,-59.758551,80,OSM,0,
-2.740641,-59.342292,60,OSM:classe,1,40
-2.740615,-59.752485,80,OSM,0,
-2.740530,-60.044118,80,OSM,0,
-2.740469,-59.489961,60,OSM:classe,1,60
-2.740253,-59.455962,60,OSM:classe,1,40
-2.740152,-60.158595,60,OSM:classe,1,40
-2.740116,-59.687652,60,OSM:classe,1,40
-2.740048,-59.751068,80,OSM,0,
-2.739977,-59.687646,60,OSM:classe,1,40
-2.739603,-59.387396,60,OSM:classe,1,40
-2.739415,-59.778455,80,OSM,0,
-2.739361,-59.777521,80,OSM,0,
-2.739237,-58.032227,40,OSM:classe,1,40
-2.739228,-58.182436,80,OSM:classe,1,60
-2.739150,-58.331304,80,OSM:classe,1,60
-2.738997,-59.749719,80,OSM,0,
-2.738972,-59.779333,80,OSM,0,
-2.738894,-59.776767,80,OSM,0,
-2.738330,-56.676161,60,OSM:classe,1,40
-2.737921,-59.748942,80,OSM,0,
-2.737845,-58.327015,80,OSM:classe,1,60
-2.737418,-60.940155,60,OSM:classe,1,50
-2.737414,-59.831186,80,OSM,0,
-2.737199,-59.830047,80,OSM,0,
-2.737124,-59.690897,60,OSM:classe,1,40
-2.736944,-59.832248,80,OSM,0,
-2.736838,-59.383846,60,OSM:classe,1,40
-2.736803,-59.492302,60,OSM:classe,1,60
-2.736774,-58.186180,80,OSM:classe,1,60
-2.736729,-59.781472,80,OSM,0,
-2.736704,-59.340380,60,OSM:classe,1,40
-2.736650,-56.672022,60,OSM:classe,1,40
-2.736408,-59.817864,80,OSM,0,
-2.736355,-59.775430,80,OSM,0,
-2.736301,-59.453936,60,OSM:classe,1,40
-2.736275,-58.033493,60,OSM:classe,1,50
-2.736236,-59.816680,80,OSM,0,
-2.736214,-59.819021,80,OSM,0,
-2.736196,-58.032449,60,OSM:classe,1,50
-2.736130,-58.032754,60,OSM:classe,1,50
-2.736036,-58.034949,60,OSM:classe,1,50
-2.736009,-58.035107,60,OSM:classe,1,50
-2.735971,-59.892718,80,OSM,0,
-2.735958,-59.775011,80,OSM,0,
-2.735925,-59.769373,80,OSM,0,
-2.735888,-60.157167,60,OSM:classe,1,40
-2.735844,-59.783199,80,OSM,0,
-2.735708,-59.877218,80,OSM,0,
-2.735648,-59.774017,80,OSM,0,
-2.735599,-59.815448,80,OSM,0,
-2.735583,-59.878691,80,OSM,0,
-2.735492,-59.871815,80,OSM,0,
-2.735475,-59.771079,80,OSM,0,
-2.735311,-59.870478,80,OSM,0,
-2.735311,-56.667725,60,OSM:classe,1,40
-2.735304,-59.496520,60,OSM:classe,1,60
-2.735278,-59.875244,80,OSM,0,
-2.735249,-58.039544,60,OSM:classe,1,50
-2.735016,-59.747550,80,OSM,0,
-2.734900,-58.323790,80,OSM:classe,1,60
-2.734853,-59.882050,60,OSM:classe,1,40
-2.734840,-59.827172,80,OSM,0,
-2.734821,-56.665546,60,OSM:classe,1,40
-2.734489,-58.043981,60,OSM:classe,1,50
-2.734407,-59.839056,80,OSM,0,
-2.734180,-59.836367,80,OSM,0,
-2.734158,-59.747352,80,OSM,0,
-2.734073,-59.380295,60,OSM:classe,1,40
-2.734044,-59.840029,80,OSM,0,
-2.733915,-59.823642,80,OSM,0,
-2.733912,-59.865548,80,OSM,0,
-2.733791,-58.189549,80,OSM:classe,1,60
-2.733787,-59.891656,80,OSM,0,
-2.733748,-58.048421,60,OSM:classe,1,50
-2.733674,-59.824746,80,OSM,0,
-2.733497,-59.692901,60,OSM:classe,1,40
-2.733142,-60.939367,60,OSM:classe,1,50
-2.733131,-58.052880,60,OSM:classe,1,50
-2.733092,-59.890793,80,OSM,0,
-2.733050,-59.889464,80,OSM,0,
-2.733034,-59.451012,60,OSM:classe,1,40
-2.732805,-59.793071,80,OSM,0,
-2.732791,-59.338325,60,OSM:classe,1,40
-2.732737,-59.841713,80,OSM,0,
-2.732607,-59.863594,80,OSM,0,
-2.732540,-58.057343,60,OSM:classe,1,50
-2.732171,-60.154966,60,OSM:classe,1,40
-2.732162,-59.879544,60,OSM:classe,1,40
-2.732004,-58.061813,60,OSM:classe,1,50
-2.731852,-59.498693,60,OSM:classe,1,60
-2.731623,-59.862839,80,OSM,0,
-2.731534,-58.320949,80,OSM:classe,1,60
-2.731499,-59.811503,80,OSM,0,
-2.731469,-58.066282,60,OSM:classe,1,50
-2.731308,-59.376745,60,OSM:classe,1,40
-2.731023,-59.748498,80,OSM,0,
-2.730933,-58.070752,60,OSM:classe,1,50
-2.730611,-58.075234,60,OSM:classe,1,50
-2.730477,-59.334509,60,OSM:classe,1,40
-2.730469,-59.810048,80,OSM,0,
-2.730291,-58.192273,80,OSM:classe,1,60
-2.730241,-58.316637,80,OSM:classe,1,60
-2.730199,-59.862206,80,OSM,0,
-2.729794,-59.330522,60,OSM:classe,1,40
-2.729772,-58.079629,60,OSM:classe,1,50
-2.729765,-59.802943,80,OSM,0,
-2.729706,-59.843687,80,OSM,0,
-2.729572,-59.807720,80,OSM,0,
-2.729482,-60.045903,80,OSM,0,
-2.729354,-59.805200,80,OSM,0,
-2.729304,-59.374171,60,OSM:classe,1,40
-2.729249,-59.693866,60,OSM:classe,1,40
-2.729241,-58.084099,60,OSM:classe,1,50
-2.728902,-59.449360,60,OSM:classe,1,40
-2.728730,-58.088571,60,OSM:classe,1,50
-2.728648,-60.939509,60,OSM:classe,1,50
-2.728619,-59.844829,80,OSM,0,
-2.728349,-58.093057,60,OSM:classe,1,50
-2.728284,-59.500592,60,OSM:classe,1,60
-2.727987,-60.155508,60,OSM:classe,1,40
-2.727967,-58.097542,60,OSM:classe,1,50
-2.727852,-59.878396,60,OSM:classe,1,40
-2.727648,-59.326685,60,OSM:classe,1,40
-2.727585,-58.102027,60,OSM:classe,1,50
-2.727546,-59.504935,60,OSM:classe,1,60
-2.727535,-58.313113,80,OSM:classe,1,60
-2.727203,-58.106513,60,OSM:classe,1,50
-2.726993,-59.861636,80,OSM,0,
-2.726759,-58.194824,80,OSM:classe,1,60
-2.726677,-58.110976,60,OSM:classe,1,50
-2.726557,-59.748358,80,OSM,0,
-2.726402,-58.115272,60,OSM:classe,1,50
-2.726135,-59.860866,80,OSM,0,
-2.726005,-58.119757,60,OSM:classe,1,50
-2.725955,-59.855057,80,OSM,0,
-2.725808,-59.854137,80,OSM,0,
-2.725608,-58.124241,60,OSM:classe,1,50
-2.725143,-58.128717,60,OSM:classe,1,50
-2.725048,-59.858360,80,OSM,0,
-2.725040,-59.857790,80,OSM,0,
-2.724967,-59.747775,80,OSM,0,
-2.724857,-59.851946,80,OSM,0,
-2.724821,-59.850233,80,OSM,0,
-2.724778,-59.694256,60,OSM:classe,1,40
-2.724762,-59.447613,60,OSM:classe,1,40
-2.724671,-60.941252,60,OSM:classe,1,50
-2.724623,-59.850927,80,OSM,0,
-2.724569,-58.133182,60,OSM:classe,1,50
-2.724302,-58.137601,60,OSM:classe,1,50
-2.724006,-59.507644,60,OSM:classe,1,60
-2.723716,-58.310814,80,OSM:classe,1,60
-2.723642,-58.142045,60,OSM:classe,1,50
-2.723572,-60.154796,60,OSM:classe,1,40
-2.723565,-59.877039,60,OSM:classe,1,40
-2.723386,-59.325447,60,OSM:classe,1,40
-2.723160,-58.146521,60,OSM:classe,1,50
-2.723150,-58.197086,80,OSM:classe,1,60
-2.722436,-58.150954,60,OSM:classe,1,50
-2.721943,-59.511576,60,OSM:classe,1,60
-2.721349,-58.155322,60,OSM:classe,1,50
-2.720812,-60.943191,60,OSM:classe,1,50
-2.720452,-59.447534,60,OSM:classe,1,40
-2.720326,-59.694894,60,OSM:classe,1,40
-2.720325,-58.307947,80,OSM:classe,1,60
-2.720262,-58.159690,60,OSM:classe,1,50
-2.719719,-60.047181,80,OSM,0,
-2.719372,-59.515139,60,OSM:classe,1,60
-2.719302,-59.323750,60,OSM:classe,1,40
-2.719217,-60.154734,60,OSM:classe,1,40
-2.719206,-59.744187,80,OSM,0,
-2.719174,-58.164058,60,OSM:classe,1,50
-2.719123,-59.876536,60,OSM:classe,1,40
-2.718750,-59.743458,80,OSM,0,
-2.718713,-58.196711,80,OSM:classe,1,60
-2.718560,-58.303913,80,OSM:classe,1,60
-2.718391,-59.739087,80,OSM,0,
-2.718087,-58.168426,60,OSM:classe,1,50
-2.717832,-59.737886,80,OSM,0,
-2.717712,-59.322639,60,OSM:classe,1,40
-2.717298,-58.299592,80,OSM:classe,1,60
-2.717153,-59.737328,80,OSM,0,
-2.717078,-59.697864,60,OSM:classe,1,40
-2.716875,-58.172761,60,OSM:classe,1,50
-2.716868,-60.941689,60,OSM:classe,1,50
-2.716430,-59.445536,60,OSM:classe,1,40
-2.716352,-60.158063,60,OSM:classe,1,40
-2.715755,-59.517814,60,OSM:classe,1,60
-2.715501,-58.177035,60,OSM:classe,1,50
-2.715116,-58.295852,80,OSM:classe,1,60
-2.714893,-59.875009,60,OSM:classe,1,40
-2.714735,-58.201513,80,OSM:classe,1,60
-2.714633,-58.195416,80,OSM:classe,1,60
-2.714495,-58.181300,60,OSM:classe,1,50
-2.714343,-58.205963,80,OSM:classe,1,60
-2.714314,-58.210454,80,OSM:classe,1,60
-2.714280,-59.442181,60,OSM:classe,1,40
-2.714191,-59.736244,80,OSM,0,
-2.714167,-58.291494,80,OSM:classe,1,60
-2.714027,-58.214815,80,OSM:classe,1,60
-2.713977,-59.701058,60,OSM:classe,1,40
-2.713829,-58.197147,80,OSM:classe,1,60
-2.713821,-58.185750,60,OSM:classe,1,50
-2.713776,-58.194749,80,OSM:classe,1,60
-2.713770,-58.190248,60,OSM:classe,1,50
-2.713761,-58.196119,80,OSM:classe,1,60
-2.713474,-59.735729,80,OSM,0,
-2.713414,-59.437879,60,OSM:classe,1,40
-2.713358,-60.938932,60,OSM:classe,1,50
-2.713193,-60.161045,60,OSM:classe,1,40
-2.712550,-58.287293,80,OSM:classe,1,60
-2.712151,-58.218906,80,OSM:classe,1,60
-2.712088,-59.731207,80,OSM,0,
-2.711623,-59.519416,60,OSM:classe,1,60
-2.711612,-60.163702,60,OSM:classe,1,40
-2.711080,-59.434085,60,OSM:classe,1,40
-2.710933,-58.283093,80,OSM:classe,1,60
-2.710537,-59.874145,60,OSM:classe,1,40
-2.710407,-59.729827,80,OSM,0,
-2.710137,-59.703020,60,OSM:classe,1,40
-2.709956,-60.048459,80,OSM,0,
-2.709916,-58.222779,80,OSM:classe,1,60
-2.709725,-59.727900,80,OSM,0,
-2.709484,-60.048518,80,OSM,0,
-2.709272,-60.937060,60,OSM:classe,1,50
-2.708952,-58.279057,80,OSM:classe,1,60
-2.708866,-59.727335,80,OSM,0,
-2.708465,-58.226784,80,OSM:classe,1,60
-2.708050,-58.231258,80,OSM:classe,1,60
-2.707611,-60.161977,60,OSM:classe,1,40
-2.707246,-59.520431,60,OSM:classe,1,60
-2.707167,-59.433911,60,OSM:classe,1,40
-2.706791,-58.235481,80,OSM:classe,1,60
-2.706638,-58.275202,80,OSM:classe,1,60
-2.706595,-59.705404,60,OSM:classe,1,40
-2.706365,-59.720571,80,OSM,0,
-2.706342,-59.721716,80,OSM,0,
-2.706062,-59.726332,80,OSM,0,
-2.706043,-59.874015,60,OSM:classe,1,40
-2.705635,-59.719685,80,OSM,0,
-2.705362,-60.934843,60,OSM:classe,1,50
-2.705255,-59.725543,80,OSM,0,
-2.705122,-59.724401,80,OSM,0,
-2.704208,-58.271414,80,OSM:classe,1,60
-2.703907,-58.238935,80,OSM:classe,1,60
-2.703617,-60.162911,60,OSM:classe,1,40
-2.703123,-59.432395,60,OSM:classe,1,40
-2.703010,-58.243022,80,OSM:classe,1,60
-2.703005,-58.247444,80,OSM:classe,1,60
-2.702832,-59.521262,60,OSM:classe,1,60
-2.702467,-59.718893,80,OSM,0,
-2.702277,-59.706660,60,OSM:classe,1,40
-2.702266,-59.871770,60,OSM:classe,1,40
-2.701925,-58.251506,80,OSM:classe,1,60
-2.701779,-58.267626,80,OSM:classe,1,60
-2.701742,-59.714367,80,OSM,0,
-2.701698,-59.713106,80,OSM,0,
-2.701541,-59.718047,80,OSM,0,
-2.701350,-59.717243,80,OSM,0,
-2.701217,-60.049505,80,OSM,0,
-2.700983,-60.933888,60,OSM:classe,1,50
-2.699939,-59.708153,80,OSM,0,
-2.699799,-59.707786,80,OSM,0,
-2.699770,-59.707390,60,OSM:classe,1,40
-2.699727,-59.707494,60,OSM:classe,1,60
-2.699686,-59.707281,60,OSM:classe,1,60
-2.699613,-59.707521,60,OSM:classe,1,60
-2.699552,-59.429660,60,OSM:classe,1,40
-2.699459,-60.163077,60,OSM:classe,1,40
-2.699457,-59.706857,60,OSM:classe,1,60
-2.699432,-58.255058,80,OSM:classe,1,60
-2.699308,-58.255345,80,OSM:classe,1,60
-2.699194,-59.704215,60,OSM:classe,1,60
-2.699188,-59.703746,60,OSM:classe,1,60
-2.699176,-59.705605,60,OSM:classe,1,60
-2.699128,-58.255840,80,OSM:classe,1,60
-2.699092,-59.702954,60,OSM:classe,1,60
-2.699079,-59.704220,60,OSM:classe,1,60
-2.699071,-59.703749,60,OSM:classe,1,60
-2.698930,-58.264143,80,OSM:classe,1,60
-2.698854,-60.049538,80,OSM,0,
-2.698769,-59.523189,60,OSM:classe,1,60
-2.698474,-59.700045,60,OSM:classe,1,60
-2.697900,-59.872422,60,OSM:classe,1,40
-2.697864,-58.260143,80,OSM:classe,1,60
-2.697823,-59.698539,30,OSM,0,
-2.697485,-59.471568,60,OSM:classe,1,40
-2.697333,-60.176459,60,OSM:classe,1,40
-2.697129,-60.172103,60,OSM:classe,1,40
-2.697020,-59.426003,60,OSM:classe,1,40
-2.696822,-59.695859,60,OSM:classe,1,60
-2.696594,-60.933914,60,OSM:classe,1,50
-2.696067,-59.691421,60,OSM:classe,1,60
-2.695462,-60.179937,60,OSM:classe,1,40
-2.695409,-60.049202,80,OSM,0,
-2.695396,-59.525832,60,OSM:classe,1,40
-2.695395,-59.421838,60,OSM:classe,1,40
-2.695325,-59.526002,60,OSM:classe,1,60
-2.695233,-60.163114,60,OSM:classe,1,40
-2.694514,-59.702358,60,OSM:classe,1,40
-2.694511,-59.687225,60,OSM:classe,1,60
-2.694465,-59.699861,30,OSM,0,
-2.693466,-59.530044,60,OSM:classe,1,60
-2.693449,-59.872832,60,OSM:classe,1,40
-2.693317,-59.472735,60,OSM:classe,1,40
-2.693213,-60.170740,60,OSM:classe,1,40
-2.693096,-59.418066,60,OSM:classe,1,40
-2.692973,-60.166865,60,OSM:classe,1,40
-2.692878,-60.183055,60,OSM:classe,1,40
-2.692821,-59.705816,60,OSM:classe,1,40
-2.692650,-60.190730,60,OSM:classe,1,40
-2.692436,-59.528704,60,OSM:classe,1,40
-2.692414,-60.935557,60,OSM:classe,1,50
-2.692318,-59.683328,60,OSM:classe,1,60
-2.692180,-60.187300,60,OSM:classe,1,40
-2.691996,-59.534187,60,OSM:classe,1,60
-2.690530,-59.414373,60,OSM:classe,1,40
-2.690369,-59.705943,60,OSM:classe,1,40
-2.689410,-59.410103,60,OSM:classe,1,40
-2.689066,-59.473246,60,OSM:classe,1,40
-2.689017,-59.516423,60,OSM:classe,1,40
-2.689001,-59.512105,60,OSM:classe,1,40
-2.688959,-59.872615,60,OSM:classe,1,40
-2.688633,-59.680782,60,OSM:classe,1,60
-2.688603,-59.537141,60,OSM:classe,1,60
-2.688340,-59.528361,60,OSM:classe,1,40
-2.688209,-60.190665,60,OSM:classe,1,40
-2.688096,-59.401964,60,OSM:classe,1,40
-2.687992,-60.934823,60,OSM:classe,1,50
-2.687466,-59.499793,60,OSM:classe,1,40
-2.687193,-59.406338,60,OSM:classe,1,40
-2.687028,-59.476473,60,OSM:classe,1,40
-2.686816,-59.708452,60,OSM:classe,1,40
-2.686699,-59.476926,60,OSM:classe,1,40
-2.686582,-59.519790,60,OSM:classe,1,40
-2.686542,-59.676948,60,OSM:classe,1,60
-2.686401,-59.467776,60,OSM:classe,1,40
-2.686374,-59.541027,60,OSM:classe,1,60
-2.685992,-59.463320,60,OSM:classe,1,40
-2.685788,-59.672553,60,OSM:classe,1,60
-2.685786,-59.472197,60,OSM:classe,1,40
-2.685679,-59.398416,60,OSM:classe,1,40
-2.685648,-59.458921,60,OSM:classe,1,40
-2.685569,-59.503563,60,OSM:classe,1,40
-2.685488,-59.510531,60,OSM:classe,1,40
-2.685469,-59.490445,60,OSM:classe,1,40
-2.685221,-60.047449,80,OSM,0,
-2.684709,-59.494100,60,OSM:classe,1,40
-2.684476,-59.872260,60,OSM:classe,1,40
-2.684420,-59.526155,60,OSM:classe,1,40
-2.684130,-60.192104,60,OSM:classe,1,40
-2.684053,-59.450486,60,OSM:classe,1,40
-2.683971,-60.936014,60,OSM:classe,1,50
-2.683919,-59.497240,60,OSM:classe,1,40
-2.683913,-59.454967,60,OSM:classe,1,40
-2.683787,-59.522949,60,OSM:classe,1,40
-2.683772,-59.444098,60,OSM:classe,1,40
-2.683664,-59.446001,60,OSM:classe,1,40
-2.683295,-59.544285,60,OSM:classe,1,60
-2.683211,-59.479486,60,OSM:classe,1,40
-2.683084,-59.507121,60,OSM:classe,1,40
-2.682929,-59.710606,60,OSM:classe,1,40
-2.682665,-59.525168,60,OSM:classe,1,40
-2.682449,-59.876104,60,OSM:classe,1,40
-2.682324,-59.395457,60,OSM:classe,1,40
-2.682106,-59.487495,60,OSM:classe,1,40
-2.681873,-59.670550,60,OSM:classe,1,60
-2.680730,-60.939115,60,OSM:classe,1,50
-2.680720,-59.483304,60,OSM:classe,1,40
-2.680321,-59.481640,60,OSM:classe,1,40
-2.680144,-60.194158,60,OSM:classe,1,40
-2.680022,-59.547372,60,OSM:classe,1,60
-2.679996,-59.879683,60,OSM:classe,1,40
-2.679742,-59.391799,60,OSM:classe,1,40
-2.679648,-59.713664,60,OSM:classe,1,40
-2.679450,-59.713867,60,OSM:classe,1,40
-2.678680,-59.523083,60,OSM:classe,1,40
-2.678583,-60.046864,80,OSM,0,
-2.678445,-59.667771,60,OSM:classe,1,60
-2.678342,-59.387588,60,OSM:classe,1,40
-2.678068,-60.195352,60,OSM:classe,1,40
-2.677924,-60.942588,60,OSM:classe,1,50
-2.677736,-59.715585,60,OSM:classe,1,40
-2.677682,-59.480796,60,OSM:classe,1,40
-2.677670,-59.480785,60,OSM:classe,1,40
-2.677649,-59.558749,60,OSM:classe,1,60
-2.677450,-56.761779,60,OSM:classe,1,40
-2.677169,-59.882936,60,OSM:classe,1,40
-2.677017,-59.554650,60,OSM:classe,1,60
-2.676880,-59.550260,60,OSM:classe,1,40
-2.676834,-59.383628,60,OSM:classe,1,40
-2.676750,-59.550459,60,OSM:classe,1,60
-2.676718,-59.719738,60,OSM:classe,1,40
-2.676246,-59.522904,60,OSM:classe,1,40
-2.676030,-56.757508,60,OSM:classe,1,40
-2.675662,-59.546572,60,OSM:classe,1,40
-2.675498,-59.664372,60,OSM:classe,1,60
-2.675120,-59.521312,60,OSM:classe,1,40
-2.674681,-59.538063,60,OSM:classe,1,40
-2.674646,-59.562100,60,OSM:classe,1,60
-2.674564,-56.753255,60,OSM:classe,1,40
-2.674464,-59.526999,60,OSM:classe,1,40
-2.674330,-59.542474,60,OSM:classe,1,40
-2.674297,-56.764562,60,OSM:classe,1,40
-2.674054,-59.885736,60,OSM:classe,1,40
-2.673923,-59.411466,60,OSM:classe,1,40
-2.673907,-59.478355,60,OSM:classe,1,40
-2.673785,-59.380357,60,OSM:classe,1,40
-2.673629,-60.943886,60,OSM:classe,1,50
-2.673298,-59.481244,60,OSM:classe,1,40
-2.672751,-59.534498,60,OSM:classe,1,40
-2.672750,-59.721672,60,OSM:classe,1,40
-2.672644,-56.749185,60,OSM:classe,1,40
-2.672511,-59.661011,60,OSM:classe,1,60
-2.672337,-59.721783,60,OSM:classe,1,40
-2.672089,-59.412110,60,OSM:classe,1,40
-2.672068,-59.530373,60,OSM:classe,1,40
-2.672045,-59.533225,60,OSM:classe,1,40
-2.672041,-59.518516,60,OSM:classe,1,40
-2.672023,-60.947719,60,OSM:classe,1,50
-2.671141,-59.564785,60,OSM:classe,1,60
-2.671139,-59.475102,60,OSM:classe,1,40
-2.671002,-56.795785,60,OSM:classe,1,40
-2.671001,-56.741779,60,OSM:classe,1,40
-2.670921,-59.376898,60,OSM:classe,1,40
-2.670724,-56.745114,60,OSM:classe,1,40
-2.670663,-56.795311,60,OSM:classe,1,40
-2.670640,-56.767181,60,OSM:classe,1,40
-2.670167,-56.737355,60,OSM:classe,1,40
-2.670161,-59.462993,60,OSM:classe,1,40
-2.670023,-59.887720,60,OSM:classe,1,40
-2.670012,-60.045512,80,OSM,0,
-2.669795,-56.767792,60,OSM:classe,1,40
-2.669407,-59.470970,60,OSM:classe,1,40
-2.669332,-56.732932,60,OSM:classe,1,40
-2.669021,-59.533110,60,OSM:classe,1,40
-2.668973,-59.482122,60,OSM:classe,1,40
-2.668811,-60.950502,60,OSM:classe,1,50
-2.668578,-56.791994,60,OSM:classe,1,40
-2.668527,-59.659019,60,OSM:classe,1,60
-2.668456,-56.745651,60,OSM:classe,1,40
-2.668337,-59.722538,60,OSM:classe,1,40
-2.668337,-59.516118,60,OSM:classe,1,40
-2.668204,-59.466947,60,OSM:classe,1,40
-2.668159,-59.373345,60,OSM:classe,1,40
-2.667982,-59.412011,60,OSM:classe,1,40
-2.667935,-59.722617,60,OSM:classe,1,40
-2.667843,-59.460344,60,OSM:classe,1,40
-2.667042,-59.890782,60,OSM:classe,1,40
-2.666750,-59.565744,60,OSM:classe,1,60
-2.666653,-59.512255,60,OSM:classe,1,40
-2.666406,-56.729609,60,OSM:classe,1,40
-2.666105,-56.770364,60,OSM:classe,1,40
-2.665859,-56.729388,60,OSM:classe,1,40
-2.665811,-56.789080,60,OSM:classe,1,40
-2.665779,-59.452936,60,OSM:classe,1,40
-2.665327,-59.457318,60,OSM:classe,1,40
-2.665157,-59.531043,60,OSM:classe,1,40
-2.665020,-59.404168,60,OSM:classe,1,40
-2.664902,-59.483985,60,OSM:classe,1,40
-2.664893,-59.404917,60,OSM:classe,1,40
-2.664860,-60.951023,60,OSM:classe,1,50
-2.664851,-59.448670,60,OSM:classe,1,40
-2.664576,-59.400579,60,OSM:classe,1,40
-2.664305,-59.657471,60,OSM:classe,1,60
-2.664293,-59.371285,60,OSM:classe,1,40
-2.664218,-59.396143,60,OSM:classe,1,40
-2.664202,-59.391685,60,OSM:classe,1,40
-2.664134,-59.409353,60,OSM:classe,1,40
-2.664054,-59.409820,60,OSM:classe,1,40
-2.664035,-56.745953,60,OSM:classe,1,40
-2.663746,-59.722632,60,OSM:classe,1,40
-2.663556,-59.444826,60,OSM:classe,1,40
-2.662845,-59.892398,60,OSM:classe,1,40
-2.662781,-59.510317,60,OSM:classe,1,40
-2.662778,-59.387415,60,OSM:classe,1,40
-2.662396,-59.413473,60,OSM:classe,1,40
-2.662351,-59.566675,60,OSM:classe,1,60
-2.662347,-56.727087,60,OSM:classe,1,40
-2.662260,-59.383020,60,OSM:classe,1,40
-2.662100,-56.771105,60,OSM:classe,1,40
-2.662064,-59.441060,60,OSM:classe,1,40
-2.661613,-56.788436,60,OSM:classe,1,40
-2.661564,-60.948082,60,OSM:classe,1,50
-2.661374,-59.482455,60,OSM:classe,1,40
-2.661349,-59.378614,60,OSM:classe,1,40
-2.661138,-59.406439,60,OSM:classe,1,40
-2.661054,-59.436892,60,OSM:classe,1,40
-2.661022,-59.530005,60,OSM:classe,1,40
-2.660949,-56.722808,60,OSM:classe,1,40
-2.660894,-60.043716,80,OSM,0,
-2.660787,-59.372025,60,OSM:classe,1,40
-2.660632,-59.374170,60,OSM:classe,1,40
-2.660364,-59.506727,60,OSM:classe,1,40
-2.660350,-59.655445,60,OSM:classe,1,60
-2.660248,-56.748160,60,OSM:classe,1,40
-2.659525,-59.723513,60,OSM:classe,1,40
-2.659511,-59.895212,60,OSM:classe,1,40
-2.659492,-59.416874,60,OSM:classe,1,40
-2.658595,-56.785485,60,OSM:classe,1,40
-2.658349,-59.899215,60,OSM:classe,1,40
-2.658200,-59.651539,60,OSM:classe,1,60
-2.657962,-56.721534,60,OSM:classe,1,40
-2.657952,-59.567607,60,OSM:classe,1,60
-2.657891,-56.769523,60,OSM:classe,1,40
-2.657824,-59.481659,60,OSM:classe,1,40
-2.657668,-59.903658,60,OSM:classe,1,40
-2.657370,-59.408889,60,OSM:classe,1,40
-2.657289,-60.946839,60,OSM:classe,1,50
-2.657257,-59.527829,60,OSM:classe,1,40
-2.657189,-56.781302,60,OSM:classe,1,40
-2.657099,-59.435663,60,OSM:classe,1,40
-2.656612,-59.420322,60,OSM:classe,1,40
-2.656437,-59.647407,60,OSM:classe,1,60
-2.656370,-59.505371,60,OSM:classe,1,40
-2.656225,-56.749570,60,OSM:classe,1,40
-2.655576,-59.725448,60,OSM:classe,1,40
-2.654865,-56.777465,60,OSM:classe,1,40
-2.654507,-59.428436,60,OSM:classe,1,40
-2.654465,-59.424213,60,OSM:classe,1,40
-2.654160,-59.432912,60,OSM:classe,1,40
-2.654144,-59.906143,60,OSM:classe,1,40
-2.654065,-56.723547,60,OSM:classe,1,40
-2.653824,-59.408733,60,OSM:classe,1,40
-2.653794,-59.569170,60,OSM:classe,1,60
-2.653681,-56.767940,60,OSM:classe,1,40
-2.653530,-59.525319,60,OSM:classe,1,40
-2.653400,-59.482350,60,OSM:classe,1,40
-2.653186,-56.773308,60,OSM:classe,1,40
-2.653091,-60.945473,60,OSM:classe,1,50
-2.652392,-59.645696,60,OSM:classe,1,60
-2.652114,-59.504822,60,OSM:classe,1,40
-2.651776,-60.041919,80,OSM,0,
-2.651730,-56.749647,60,OSM:classe,1,40
-2.651220,-56.769360,60,OSM:classe,1,40
-2.651087,-59.725642,60,OSM:classe,1,40
-2.651025,-59.572624,60,OSM:classe,1,60
-2.650712,-56.726547,60,OSM:classe,1,40
-2.650128,-59.406343,60,OSM:classe,1,40
-2.649862,-59.905714,60,OSM:classe,1,40
-2.649687,-59.522982,60,OSM:classe,1,40
-2.649506,-59.576861,60,OSM:classe,1,60
-2.649490,-59.484387,60,OSM:classe,1,40
-2.649471,-56.766357,60,OSM:classe,1,40
-2.648885,-59.502941,60,OSM:classe,1,40
-2.648780,-60.946158,60,OSM:classe,1,50
-2.648620,-59.643466,60,OSM:classe,1,60
-2.648346,-56.765898,60,OSM:classe,1,40
-2.647987,-59.581098,60,OSM:classe,1,60
-2.647879,-56.749631,60,OSM:classe,1,40
-2.647281,-56.749427,60,OSM:classe,1,40
-2.646632,-59.725865,60,OSM:classe,1,40
-2.646468,-59.585335,60,OSM:classe,1,60
-2.645968,-59.500795,60,OSM:classe,1,40
-2.645894,-59.406626,60,OSM:classe,1,40
-2.645874,-59.639902,60,OSM:classe,1,60
-2.645679,-59.521021,60,OSM:classe,1,40
-2.645555,-56.764149,60,OSM:classe,1,40
-2.645466,-56.748775,60,OSM:classe,1,40
-2.645459,-59.905115,60,OSM:classe,1,40
-2.645264,-56.748620,60,OSM:classe,1,40
-2.645023,-59.484900,60,OSM:classe,1,40
-2.644949,-59.589571,60,OSM:classe,1,60
-2.644487,-60.945012,60,OSM:classe,1,50
-2.644180,-56.752191,60,OSM:classe,1,40
-2.644033,-56.762782,60,OSM:classe,1,40
-2.643804,-56.607705,60,OSM:classe,1,40
-2.643430,-59.593808,60,OSM:classe,1,60
-2.643200,-56.749707,60,OSM:classe,1,40
-2.643168,-56.603420,60,OSM:classe,1,40
-2.643143,-56.749749,60,OSM:classe,1,40
-2.643095,-59.636377,60,OSM:classe,1,60
-2.642939,-56.745052,60,OSM:classe,1,40
-2.642886,-59.497728,60,OSM:classe,1,40
-2.642770,-56.744875,60,OSM:classe,1,40
-2.642659,-60.040122,80,OSM,0,
-2.642612,-59.409574,60,OSM:classe,1,40
-2.642299,-59.726269,60,OSM:classe,1,40
-2.642179,-59.496265,60,OSM:classe,1,40
-2.641925,-56.611795,60,OSM:classe,1,40
-2.641743,-59.906802,60,OSM:classe,1,40
-2.641361,-59.519766,60,OSM:classe,1,40
-2.641331,-59.730020,60,OSM:classe,1,40
-2.641136,-59.485571,60,OSM:classe,1,40
-2.641119,-56.759353,60,OSM:classe,1,40
-2.641005,-56.738820,60,OSM:classe,1,40
-2.640975,-56.739105,60,OSM:classe,1,40
-2.640863,-56.751444,60,OSM:classe,1,40
-2.640861,-56.739340,60,OSM:classe,1,40
-2.640836,-56.746178,60,OSM:classe,1,40
-2.640702,-56.599655,60,OSM:classe,1,40
-2.640654,-56.738470,60,OSM:classe,1,40
-2.640505,-59.597027,60,OSM:classe,1,60
-2.640481,-56.754750,60,OSM:classe,1,40
-2.640412,-56.741329,60,OSM:classe,1,40
-2.640291,-56.740634,60,OSM:classe,1,40
-2.640276,-56.741129,60,OSM:classe,1,40
-2.640271,-60.943447,60,OSM:classe,1,50
-2.640216,-56.740950,60,OSM:classe,1,40
-2.640106,-56.738081,60,OSM:classe,1,40
-2.640045,-56.615884,60,OSM:classe,1,40
-2.639507,-59.733959,60,OSM:classe,1,40
-2.639357,-59.634326,60,OSM:classe,1,60
-2.639198,-56.737465,60,OSM:classe,1,40
-2.639126,-59.412288,60,OSM:classe,1,40
-2.638796,-56.737145,60,OSM:classe,1,40
-2.638778,-56.737303,60,OSM:classe,1,40
-2.638709,-56.737259,60,OSM:classe,1,40
-2.638641,-56.756024,60,OSM:classe,1,40
-2.638428,-56.755751,60,OSM:classe,1,40
-2.638425,-56.736864,60,OSM:classe,1,40
-2.638371,-56.736782,60,OSM:classe,1,40
-2.638331,-56.742439,60,OSM:classe,1,40
-2.638165,-56.619973,60,OSM:classe,1,40
-2.637830,-56.596294,60,OSM:classe,1,40
-2.637829,-59.908667,60,OSM:classe,1,40
-2.637369,-59.517768,60,OSM:classe,1,40
-2.637253,-56.754128,60,OSM:classe,1,40
-2.636981,-59.630530,60,OSM:classe,1,60
-2.636897,-59.486770,60,OSM:classe,1,40
-2.636737,-56.622965,50,OSM,0,
-2.636728,-56.624127,60,OSM:classe,1,40
-2.636496,-59.599065,60,OSM:classe,1,60
-2.636431,-60.942271,60,OSM:classe,1,50
-2.636400,-56.645862,50,OSM,0,
-2.636279,-56.628606,60,OSM:classe,1,40
-2.636177,-59.736630,60,OSM:classe,1,40
-2.635917,-56.644295,50,OSM,0,
-2.635886,-56.733031,60,OSM:classe,1,40
-2.635827,-56.738700,60,OSM:classe,1,40
-2.635802,-56.752097,60,OSM:classe,1,40
-2.635595,-60.942077,60,OSM:classe,1,50
-2.635432,-56.633008,60,OSM:classe,1,40
-2.635253,-56.643426,50,OSM,0,
-2.635251,-60.942023,60,OSM:classe,1,50
-2.635146,-60.039956,80,OSM,0,
-2.635059,-60.941869,60,OSM:classe,1,50
-2.634939,-59.413929,60,OSM:classe,1,40
-2.634760,-60.941830,60,OSM:classe,1,50
-2.634751,-59.626961,60,OSM:classe,1,60
-2.634653,-56.640240,50,OSM,0,
-2.634561,-56.750370,60,OSM:classe,1,40
-2.634441,-56.623546,50,OSM,0,
-2.634391,-59.622480,60,OSM:classe,1,60
-2.634380,-60.941701,60,OSM:classe,1,50
-2.634301,-60.941689,60,OSM:classe,1,50
-2.634211,-56.564529,60,OSM:classe,1,40
-2.633995,-56.593959,60,OSM:classe,1,40
-2.633684,-56.637141,60,OSM:classe,1,40
-2.633653,-56.568996,60,OSM:classe,1,40
-2.633612,-59.618047,60,OSM:classe,1,60
-2.633529,-59.515426,60,OSM:classe,1,40
-2.633484,-59.909592,60,OSM:classe,1,40
-2.633452,-56.560418,60,OSM:classe,1,40
-2.633402,-56.729279,60,OSM:classe,1,40
-2.633323,-56.734962,60,OSM:classe,1,40
-2.633158,-56.748476,60,OSM:classe,1,40
-2.633094,-56.573462,60,OSM:classe,1,40
-2.633090,-56.748072,60,OSM:classe,1,40
-2.633006,-56.743977,60,OSM:classe,1,40
-2.632949,-56.638665,50,OSM,0,
-2.632911,-56.748201,60,OSM:classe,1,40
-2.632854,-56.739479,60,OSM:classe,1,40
-2.632833,-59.613613,60,OSM:classe,1,60
-2.632816,-56.737033,60,OSM:classe,1,40
-2.632801,-56.737154,60,OSM:classe,1,40
-2.632794,-56.737688,60,OSM:classe,1,40
-2.632764,-56.737146,60,OSM:classe,1,40
-2.632691,-59.601384,60,OSM:classe,1,60
-2.632666,-56.736796,60,OSM:classe,1,40
-2.632662,-59.485460,60,OSM:classe,1,40
-2.632536,-56.577929,60,OSM:classe,1,40
-2.632412,-59.414920,60,OSM:classe,1,40
-2.632341,-60.950901,60,OSM:classe,1,40
-2.632195,-59.738715,60,OSM:classe,1,40
-2.631978,-56.582396,60,OSM:classe,1,40
-2.631808,-60.946435,60,OSM:classe,1,40
-2.631420,-56.586862,60,OSM:classe,1,40
-2.631283,-56.746040,60,OSM:classe,1,40
-2.631119,-60.941987,60,OSM:classe,1,40
-2.630939,-59.605438,60,OSM:classe,1,60
-2.630917,-56.725527,60,OSM:classe,1,40
-2.630862,-56.591329,60,OSM:classe,1,40
-2.630819,-56.731223,60,OSM:classe,1,40
-2.630787,-59.609777,60,OSM:classe,1,60
-2.630774,-56.640424,60,OSM:classe,1,40
-2.630587,-59.512042,60,OSM:classe,1,40
-2.630395,-56.557343,60,OSM:classe,1,40
-2.630361,-60.954750,60,OSM:classe,1,40
-2.630276,-56.732983,60,OSM:classe,1,40
-2.630179,-56.744626,60,OSM:classe,1,40
-2.630073,-56.746976,60,OSM:classe,1,40
-2.629869,-56.726227,60,OSM:classe,1,40
-2.629854,-60.942185,60,OSM:classe,1,50
-2.629413,-60.939541,60,OSM:classe,1,40
-2.629384,-56.745944,60,OSM:classe,1,40
-2.629365,-59.911386,60,OSM:classe,1,40
-2.629315,-56.726806,60,OSM:classe,1,40
-2.629252,-56.743413,60,OSM:classe,1,40
-2.629233,-56.743439,60,OSM:classe,1,40
-2.629216,-56.743329,60,OSM:classe,1,40
-2.629153,-56.743444,60,OSM:classe,1,40
-2.629141,-56.743346,60,OSM:classe,1,40
-2.629125,-56.743383,60,OSM:classe,1,40
-2.629085,-56.740725,60,OSM:classe,1,40
-2.629047,-56.731020,60,OSM:classe,1,40
-2.629024,-56.741105,60,OSM:classe,1,40
-2.628879,-56.736619,60,OSM:classe,1,40
-2.628788,-56.736610,60,OSM:classe,1,40
-2.628314,-56.727484,60,OSM:classe,1,40
-2.628287,-59.485086,60,OSM:classe,1,40
-2.628202,-60.948509,60,OSM:classe,1,40
-2.628175,-56.736568,60,OSM:classe,1,40
-2.628058,-59.740472,60,OSM:classe,1,40
-2.627945,-60.942469,60,OSM:classe,1,50
-2.627810,-60.942492,60,OSM:classe,1,40
-2.627763,-56.743557,60,OSM:classe,1,40
-2.627632,-60.944070,60,OSM:classe,1,40
-2.627555,-56.739060,60,OSM:classe,1,40
-2.627479,-56.741843,60,OSM:classe,1,40
-2.627425,-56.740432,60,OSM:classe,1,40
-2.627348,-56.734564,60,OSM:classe,1,40
-2.627338,-56.731901,60,OSM:classe,1,40
-2.627257,-56.735934,60,OSM:classe,1,40
-2.627140,-56.730067,60,OSM:classe,1,40
-2.627111,-56.732063,60,OSM:classe,1,40
-2.627110,-56.643032,60,OSM:classe,1,40
-2.627088,-56.731436,60,OSM:classe,1,40
-2.626933,-59.509461,60,OSM:classe,1,40
-2.626625,-56.555934,60,OSM:classe,1,40
-2.626615,-60.939895,60,OSM:classe,1,40
-2.626470,-60.939968,60,OSM:classe,1,40
-2.626397,-56.727151,60,OSM:classe,1,40
-2.626332,-56.727160,60,OSM:classe,1,40
-2.626292,-56.740348,60,OSM:classe,1,40
-2.626106,-60.952491,60,OSM:classe,1,40
-2.625962,-60.942729,60,OSM:classe,1,50
-2.625825,-56.735985,60,OSM:classe,1,40
-2.625780,-60.940179,60,OSM:classe,1,40
-2.625612,-60.040074,80,OSM,0,
-2.624987,-59.911344,60,OSM:classe,1,40
-2.624697,-56.733206,60,OSM:classe,1,40
-2.624104,-59.483513,60,OSM:classe,1,40
-2.624098,-56.731732,60,OSM:classe,1,40
-2.624020,-59.742364,60,OSM:classe,1,40
-2.623554,-56.627351,50,OSM,0,
-2.623445,-56.645641,60,OSM:classe,1,40
-2.623422,-56.648905,40,OSM,0,
-2.623159,-56.522429,60,OSM:classe,1,40
-2.623139,-56.649653,40,OSM,0,
-2.622901,-56.554561,60,OSM:classe,1,40
-2.622882,-56.648195,40,OSM,0,
-2.622791,-56.647398,40,OSM,0,
-2.622541,-56.728464,60,OSM:classe,1,40
-2.622306,-60.941181,60,OSM:classe,1,40
-2.621855,-56.628290,50,OSM,0,
-2.621503,-60.943313,60,OSM:classe,1,50
-2.621480,-60.941496,60,OSM:classe,1,40
-2.621369,-56.628276,50,OSM,0,
-2.620900,-56.518663,60,OSM:classe,1,40
-2.620776,-59.941559,60,OSM:classe,1,40
-2.620722,-56.627638,50,OSM,0,
-2.620602,-59.911036,60,OSM:classe,1,40
-2.620170,-56.523389,60,OSM:classe,1,40
-2.620002,-56.542942,60,OSM:classe,1,40
-2.620002,-56.538442,60,OSM:classe,1,40
-2.619904,-56.533942,60,OSM:classe,1,40
-2.619856,-56.547441,60,OSM:classe,1,40
-2.619837,-59.741228,60,OSM:classe,1,40
-2.619820,-56.551936,60,OSM:classe,1,40
-2.619780,-56.648249,60,OSM:classe,1,40
-2.619740,-59.482637,60,OSM:classe,1,40
-2.619616,-56.627235,50,OSM,0,
-2.619573,-56.642252,40,OSM,0,
-2.619139,-59.937490,60,OSM:classe,1,40
-2.618744,-56.514761,60,OSM:classe,1,40
-2.618231,-60.030586,60,OSM:classe,1,40
-2.618175,-59.933247,60,OSM:classe,1,40
-2.618149,-56.529896,60,OSM:classe,1,40
-2.618053,-60.034812,60,OSM:classe,1,40
-2.617922,-56.512605,60,OSM:classe,1,40
-2.617873,-59.944669,60,OSM:classe,1,40
-2.617839,-56.627407,50,OSM,0,
-2.617443,-60.039583,80,OSM,0,
-2.617384,-56.629323,50,OSM,0,
-2.617130,-56.525592,60,OSM:classe,1,40
-2.616617,-59.913018,60,OSM:classe,1,40
-2.616519,-60.039002,60,OSM:classe,1,40
-2.616150,-59.929703,60,OSM:classe,1,40
-2.616116,-56.650858,60,OSM:classe,1,40
-2.615897,-59.741368,60,OSM:classe,1,40
-2.615897,-56.669545,60,OSM:classe,1,40
-2.615675,-56.670959,60,OSM:classe,1,40
-2.615629,-59.481101,60,OSM:classe,1,40
-2.615260,-56.651472,60,OSM:classe,1,40
-2.615079,-56.669457,60,OSM:classe,1,40
-2.614958,-60.027705,60,OSM:classe,1,40
-2.614879,-56.651748,30,OSM,0,
-2.613868,-56.650278,30,OSM,0,
-2.613797,-56.633915,50,OSM,0,
-2.613747,-56.633842,40,OSM,0,
-2.613742,-56.511021,60,OSM:classe,1,40
-2.613654,-59.925962,60,OSM:classe,1,40
-2.613492,-59.945683,60,OSM:classe,1,40
-2.613382,-56.633560,40,OSM,0,
-2.612897,-60.023722,60,OSM:classe,1,40
-2.612843,-59.915421,60,OSM:classe,1,40
-2.612720,-56.665624,60,OSM:classe,1,40
-2.612601,-56.654722,60,OSM:classe,1,40
-2.612395,-59.478149,60,OSM:classe,1,40
-2.612344,-56.663665,60,OSM:classe,1,40
-2.612293,-56.664930,60,OSM:classe,1,40
-2.612233,-56.659208,60,OSM:classe,1,40
-2.611877,-59.743303,60,OSM:classe,1,40
-2.611395,-59.473829,60,OSM:classe,1,40
-2.611385,-56.633714,40,OSM,0,
-2.610964,-60.019658,60,OSM:classe,1,40
-2.610820,-59.922467,60,OSM:classe,1,40
-2.610573,-56.633528,40,OSM,0,
-2.610044,-60.006853,60,OSM:classe,1,40
-2.609902,-60.002470,60,OSM:classe,1,40
-2.609729,-59.947640,60,OSM:classe,1,40
-2.609721,-56.632775,40,OSM,0,
-2.609524,-59.918339,60,OSM:classe,1,40
-2.609521,-59.985428,60,OSM:classe,1,40
-2.609413,-56.509824,60,OSM:classe,1,40
-2.609273,-60.039092,80,OSM,0,
-2.609266,-60.015531,60,OSM:classe,1,40
-2.608922,-60.011043,60,OSM:classe,1,40
-2.608207,-59.951754,60,OSM:classe,1,40
-2.608182,-59.745743,60,OSM:classe,1,40
-2.607980,-59.989596,60,OSM:classe,1,40
-2.607976,-59.981201,60,OSM:classe,1,40
-2.607836,-59.998568,60,OSM:classe,1,40
-2.607831,-59.994067,60,OSM:classe,1,40
-2.607298,-59.956138,60,OSM:classe,1,40
-2.606432,-59.976973,60,OSM:classe,1,40
-2.605961,-56.506955,60,OSM:classe,1,40
-2.604887,-59.972746,60,OSM:classe,1,40
-2.604866,-59.959736,60,OSM:classe,1,40
-2.604406,-59.747674,60,OSM:classe,1,40
-2.603934,-59.963940,60,OSM:classe,1,40
-2.603738,-59.968437,60,OSM:classe,1,40
-2.602272,-56.504464,60,OSM:classe,1,40
-2.601647,-59.750911,60,OSM:classe,1,40
-2.599750,-60.036544,80,OSM,0,
-2.598878,-56.502312,60,OSM:classe,1,40
-2.597836,-59.753069,60,OSM:classe,1,40
-2.596727,-56.498374,60,OSM:classe,1,40
-2.594552,-56.494443,60,OSM:classe,1,40
-2.594483,-59.750597,60,OSM:classe,1,40
-2.592253,-56.490575,60,OSM:classe,1,40
-2.591139,-59.752266,60,OSM:classe,1,40
-2.590228,-60.033996,80,OSM,0,
-2.589954,-56.486706,60,OSM:classe,1,40
-2.588044,-56.482631,60,OSM:classe,1,40
-2.586705,-60.032843,80,OSM,0,
-2.586134,-56.478556,60,OSM:classe,1,40
-2.585537,-60.032197,80,OSM,0,
-2.585062,-60.031906,80,OSM,0,
-2.584329,-56.474436,60,OSM:classe,1,40
-2.582651,-56.470260,60,OSM:classe,1,40
-2.581106,-56.466037,60,OSM:classe,1,40
-2.577321,-60.027312,80,OSM,0,
-2.575950,-60.026925,80,OSM,0,
-2.570284,-60.026180,80,OSM,0,
-2.568871,-57.871548,60,OSM:classe,1,40
-2.568551,-60.026247,80,OSM,0,
-2.566482,-60.026662,80,OSM,0,
-2.565661,-57.866862,40,OSM,0,
-2.565322,-57.864808,40,OSM,0,
-2.565139,-57.866961,40,OSM,0,
-2.564756,-57.864926,40,OSM,0,
-2.564597,-57.867055,40,OSM,0,
-2.564516,-57.872669,60,OSM:classe,1,40
-2.564159,-57.865024,40,OSM,0,
-2.563915,-60.027612,80,OSM,0,
-2.562246,-57.873253,60,OSM:classe,1,40
-2.557843,-57.873882,60,OSM:classe,1,40
-2.557179,-60.031290,80,OSM,0,
-2.555458,-57.874488,60,OSM:classe,1,40
-2.551035,-57.875286,60,OSM:classe,1,40
-2.550442,-60.034968,80,OSM,0,
-2.546553,-57.875362,60,OSM:classe,1,40
-2.542061,-57.875568,60,OSM:classe,1,40
-2.540129,-60.037046,80,OSM,0,
-2.537788,-57.876856,60,OSM:classe,1,40
-2.536318,-57.743083,60,OSM:classe,1,40
-2.535799,-57.746613,60,OSM:classe,1,40
-2.535469,-57.746664,60,OSM:classe,1,40
-2.533396,-57.877606,60,OSM:classe,1,40
-2.533352,-57.740054,60,OSM:classe,1,40
-2.533192,-57.712742,60,OSM:classe,1,40
-2.531983,-57.743839,60,OSM:classe,1,40
-2.531977,-57.717064,60,OSM:classe,1,40
-2.531168,-57.721492,60,OSM:classe,1,40
-2.531033,-57.709238,60,OSM:classe,1,40
-2.530959,-60.036440,80,OSM,0,
-2.530524,-66.085273,60,OSM:classe,1,40
-2.530206,-57.725878,60,OSM:classe,1,40
-2.530195,-57.736888,60,OSM:classe,1,40
-2.528994,-57.878006,60,OSM:classe,1,40
-2.528234,-57.705747,60,OSM:classe,1,40
-2.528175,-57.729807,60,OSM:classe,1,40
-2.527859,-57.742420,60,OSM:classe,1,40
-2.527287,-57.733455,60,OSM:classe,1,40
-2.527036,-66.088113,60,OSM:classe,1,40
-2.524691,-57.703012,60,OSM:classe,1,40
-2.524685,-57.879197,60,OSM:classe,1,40
-2.524332,-57.739667,60,OSM:classe,1,40
-2.523548,-66.090953,60,OSM:classe,1,40
-2.523189,-66.091245,60,OSM:classe,1,40
-2.522049,-57.699582,60,OSM:classe,1,40
-2.521419,-66.087236,60,OSM:classe,1,40
-2.520992,-60.037488,80,OSM,0,
-2.520439,-57.880680,60,OSM:classe,1,40
-2.520167,-57.737979,60,OSM:classe,1,40
-2.519872,-66.093449,60,OSM:classe,1,40
-2.519733,-66.087924,60,OSM:classe,1,40
-2.518925,-57.696352,60,OSM:classe,1,40
-2.518483,-60.037537,80,OSM,0,
-2.518208,-66.095209,60,OSM:classe,1,40
-2.517960,-66.095287,60,OSM:classe,1,40
-2.517432,-66.106778,60,OSM:classe,1,40
-2.516243,-66.091127,60,OSM:classe,1,40
-2.516221,-57.882233,60,OSM:classe,1,40
-2.515931,-57.737495,60,OSM:classe,1,40
-2.515569,-66.089623,60,OSM:classe,1,40
-2.515469,-57.693497,60,OSM:classe,1,40
-2.515286,-66.088805,60,OSM:classe,1,40
-2.514946,-66.101480,60,OSM:classe,1,40
-2.514791,-66.105907,60,OSM:classe,1,40
-2.514087,-66.097062,60,OSM:classe,1,40
-2.513938,-66.080727,60,OSM:classe,1,40
-2.513920,-66.096203,60,OSM:classe,1,40
-2.513283,-66.085135,60,OSM:classe,1,40
-2.512935,-66.092714,60,OSM:classe,1,40
-2.512813,-66.092283,60,OSM:classe,1,40
-2.512032,-57.883535,60,OSM:classe,1,40
-2.511937,-57.695131,60,OSM:classe,1,40
-2.511841,-57.739232,60,OSM:classe,1,40
-2.511358,-66.077250,60,OSM:classe,1,40
-2.510357,-60.036749,80,OSM,0,
-2.509698,-56.429745,60,OSM:classe,1,40
-2.508233,-57.697683,60,OSM:classe,1,40
-2.507943,-66.074322,60,OSM:classe,1,40
-2.507699,-57.740937,60,OSM:classe,1,40
-2.507595,-57.882828,60,OSM:classe,1,40
-2.505490,-56.430655,60,OSM:classe,1,40
-2.504467,-66.071490,60,OSM:classe,1,40
-2.503252,-57.741594,60,OSM:classe,1,40
-2.503154,-57.882193,60,OSM:classe,1,40
-2.502231,-60.035962,80,OSM,0,
-2.501177,-56.429382,60,OSM:classe,1,40
-2.500702,-66.070560,60,OSM:classe,1,40
-2.498757,-57.741675,60,OSM:classe,1,40
-2.498701,-57.882654,60,OSM:classe,1,40
-2.496864,-56.428109,60,OSM:classe,1,40
-2.496695,-60.035006,80,OSM,0,
-2.494474,-57.883853,60,OSM:classe,1,40
-2.494273,-57.742008,60,OSM:classe,1,40
-2.492551,-56.426836,60,OSM:classe,1,40
-2.491102,-57.886750,60,OSM:classe,1,40
-2.490135,-57.743609,60,OSM:classe,1,40
-2.488238,-56.425563,60,OSM:classe,1,40
-2.486809,-57.887808,60,OSM:classe,1,40
-2.486188,-57.742780,60,OSM:classe,1,40
-2.483925,-56.424290,60,OSM:classe,1,40
-2.483817,-60.032224,80,OSM,0,
-2.483376,-60.032129,80,OSM,0,
-2.482639,-57.740682,60,OSM:classe,1,40
-2.482335,-57.888259,60,OSM:classe,1,40
-2.479612,-56.423017,60,OSM:classe,1,40
-2.478894,-57.738338,60,OSM:classe,1,40
-2.477894,-57.888967,60,OSM:classe,1,40
-2.476420,-57.734620,60,OSM:classe,1,40
-2.476361,-56.412947,60,OSM:classe,1,40
-2.475299,-56.421744,60,OSM:classe,1,40
-2.474369,-57.730617,60,OSM:classe,1,40
-2.473989,-56.416752,60,OSM:classe,1,40
-2.473454,-57.889675,60,OSM:classe,1,40
-2.472423,-60.029735,80,OSM,0,
-2.472095,-57.726734,60,OSM:classe,1,40
-2.471912,-56.420744,60,OSM:classe,1,40
-2.470139,-57.722885,60,OSM:classe,1,40
-2.470137,-57.892395,60,OSM:classe,1,40
-2.468478,-57.896573,60,OSM:classe,1,40
-2.468039,-57.901040,60,OSM:classe,1,40
-2.467130,-57.905444,60,OSM:classe,1,40
-2.465785,-57.723275,60,OSM:classe,1,40
-2.464714,-57.908723,60,OSM:classe,1,40
-2.461904,-57.725437,60,OSM:classe,1,40
-2.461469,-60.027342,80,OSM,0,
-2.461201,-57.729837,60,OSM:classe,1,40
-2.460739,-57.906875,60,OSM:classe,1,40
-2.460482,-57.734264,60,OSM:classe,1,40
-2.457878,-57.737861,60,OSM:classe,1,40
-2.457786,-57.904092,60,OSM:classe,1,40
-2.456111,-57.658673,60,OSM:classe,1,40
-2.455368,-57.662861,60,OSM:classe,1,40
-2.455351,-57.900537,60,OSM:classe,1,40
-2.454866,-57.741193,60,OSM:classe,1,40
-2.454516,-57.656019,60,OSM:classe,1,40
-2.452291,-57.666074,60,OSM:classe,1,40
-2.451815,-57.744438,60,OSM:classe,1,40
-2.451642,-57.901933,60,OSM:classe,1,40
-2.450515,-60.024949,80,OSM,0,
-2.448595,-60.024899,80,OSM,0,
-2.448396,-57.667406,60,OSM:classe,1,40
-2.448347,-57.747303,60,OSM:classe,1,40
-2.448047,-57.903952,60,OSM:classe,1,40
-2.446861,-57.679762,60,OSM:classe,1,40
-2.446611,-57.671387,60,OSM:classe,1,40
-2.445899,-57.675516,60,OSM:classe,1,40
-2.444703,-57.749936,60,OSM:classe,1,40
-2.444495,-57.682966,60,OSM:classe,1,40
-2.443637,-57.903205,60,OSM:classe,1,40
-2.441215,-57.752754,60,OSM:classe,1,40
-2.440188,-57.683763,60,OSM:classe,1,40
-2.439468,-57.904644,60,OSM:classe,1,40
-2.437990,-57.755891,60,OSM:classe,1,40
-2.436993,-60.027410,80,OSM,0,
-2.436800,-57.682624,60,OSM:classe,1,40
-2.435371,-57.906322,60,OSM:classe,1,40
-2.434766,-57.759027,60,OSM:classe,1,40
-2.433191,-57.683912,60,OSM:classe,1,40
-2.431970,-57.908713,60,OSM:classe,1,40
-2.431092,-57.761601,60,OSM:classe,1,40
-2.430399,-57.686100,60,OSM:classe,1,40
-2.427602,-57.909265,60,OSM:classe,1,40
-2.427203,-57.763557,60,OSM:classe,1,40
-2.426163,-57.687320,60,OSM:classe,1,40
-2.425392,-60.029921,80,OSM,0,
-2.424128,-57.760274,60,OSM:classe,1,40
-2.423408,-57.907890,60,OSM:classe,1,40
-2.422076,-57.689067,60,OSM:classe,1,40
-2.420941,-57.757100,60,OSM:classe,1,40
-2.419329,-57.692316,60,OSM:classe,1,40
-2.419077,-57.907494,60,OSM:classe,1,40
-2.418617,-57.746636,60,OSM:classe,1,40
-2.418203,-57.753670,60,OSM:classe,1,40
-2.418136,-57.742231,60,OSM:classe,1,40
-2.417618,-57.696286,60,OSM:classe,1,40
-2.416134,-57.750226,60,OSM:classe,1,40
-2.415462,-57.906223,60,OSM:classe,1,40
-2.414980,-57.699795,60,OSM:classe,1,40
-2.414736,-57.741005,60,OSM:classe,1,40
-2.413790,-60.032432,80,OSM,0,
-2.412437,-57.903047,60,OSM:classe,1,40
-2.412223,-57.707659,60,OSM:classe,1,40
-2.412100,-57.703218,60,OSM:classe,1,40
-2.411502,-57.898699,60,OSM:classe,1,40
-2.411302,-57.740878,60,OSM:classe,1,40
-2.411143,-57.718521,60,OSM:classe,1,40
-2.410772,-57.711229,60,OSM:classe,1,40
-2.410291,-57.732989,60,OSM:classe,1,40
-2.409562,-57.722695,60,OSM:classe,1,40
-2.409083,-57.737161,60,OSM:classe,1,40
-2.409059,-57.714678,60,OSM:classe,1,40
-2.408935,-57.895116,60,OSM:classe,1,40
-2.407886,-57.726761,60,OSM:classe,1,40
-2.407121,-57.730057,60,OSM:classe,1,40
-2.404730,-57.893698,60,OSM:classe,1,40
-2.402198,-57.890370,60,OSM:classe,1,40
-2.401233,-60.035266,80,OSM,0,
-2.400432,-57.886548,60,OSM:classe,1,40
-2.396744,-57.884257,60,OSM:classe,1,40
-2.395102,-57.876379,60,OSM:classe,1,40
-2.394687,-57.872258,60,OSM:classe,1,40
-2.394432,-57.880675,60,OSM:classe,1,40
-2.392115,-57.868848,60,OSM:classe,1,40
-2.388676,-60.038099,80,OSM,0,
-2.388053,-57.867950,60,OSM:classe,1,40
-2.376119,-60.040932,80,OSM,0,
-2.362978,-60.042026,80,OSM,0,
-2.354380,-60.043704,80,OSM,0,
-2.345781,-60.045382,80,OSM,0,
-2.335938,-60.046520,80,OSM,0,
-2.329334,-60.047620,80,OSM,0,
-2.316043,-60.046012,80,OSM,0,
-2.302752,-60.044404,80,OSM,0,
-2.294087,-56.805355,60,OSM:classe,1,40
-2.293487,-56.801110,60,OSM:classe,1,40
-2.292758,-56.796767,60,OSM:classe,1,40
-2.290082,-56.793151,60,OSM:classe,1,40
-2.289461,-60.042796,80,OSM,0,
-2.287651,-56.789380,60,OSM:classe,1,40
-2.285560,-56.785396,60,OSM:classe,1,40
-2.282826,-56.781824,60,OSM:classe,1,40
-2.281365,-56.777624,60,OSM:classe,1,40
-2.279870,-56.773380,60,OSM:classe,1,40
-2.277360,-56.769647,60,OSM:classe,1,40
-2.276169,-60.041188,80,OSM,0,
-2.273979,-56.768498,60,OSM:classe,1,40
-2.269602,-56.769251,60,OSM:classe,1,40
-2.265187,-56.768401,60,OSM:classe,1,40
-2.262878,-60.039580,80,OSM,0,
-2.260750,-56.768153,60,OSM:classe,1,40
-2.260641,-60.038856,80,OSM,0,
-2.256268,-56.768329,60,OSM:classe,1,40
-2.255892,-60.036087,80,OSM,0,
-2.255275,-60.035710,80,OSM,0,
-2.252875,-56.768246,60,OSM:classe,1,40
-2.245177,-60.029858,80,OSM,0,
-2.242979,-60.028586,80,OSM,0,
-2.241674,-60.028160,80,OSM,0,
-2.229795,-60.024789,80,OSM,0,
-2.217915,-60.021419,80,OSM,0,
-2.206036,-60.018049,80,OSM,0,
-2.194156,-60.014679,80,OSM,0,
-2.182277,-60.011309,80,OSM,0,
-2.169846,-60.007666,80,OSM,0,
-2.157414,-60.004023,80,OSM,0,
-2.144983,-60.000380,80,OSM,0,
-2.132552,-59.996737,80,OSM,0,
-2.121953,-59.994942,80,OSM,0,
-2.120663,-59.994374,80,OSM,0,
-2.116353,-59.991449,80,OSM,0,
-2.115416,-59.991207,80,OSM,0,
-2.114094,-59.991432,80,OSM,0,
-2.113245,-59.991654,80,OSM,0,
-2.101904,-59.995122,80,OSM,0,
-2.092112,-60.000942,80,OSM,0,
-2.082319,-60.006762,80,OSM,0,
-2.081497,-60.007509,60,OSM,0,
-2.081395,-60.007569,40,OSM:classe,1,40
-2.081324,-60.007128,60,OSM,0,
-2.080944,-60.007354,80,OSM:classe,1,60
-2.080607,-60.007552,40,OSM:classe,1,40
-2.080343,-60.007285,80,OSM:classe,1,60
-2.079767,-60.008264,60,OSM,0,
-2.076138,-60.005691,80,OSM:classe,1,60
-2.071992,-60.012868,80,OSM,0,
-2.071958,-60.004036,80,OSM:classe,1,60
-2.067854,-60.002197,80,OSM:classe,1,60
-2.064651,-59.999256,80,OSM:classe,1,60
-2.064217,-60.017472,80,OSM,0,
-2.064075,-59.994806,80,OSM:classe,1,60
-2.063612,-59.990331,80,OSM:classe,1,60
-2.063605,-59.990260,60,OSM:classe,1,50
-2.063137,-59.985785,60,OSM:classe,1,50
-2.062135,-59.981477,60,OSM:classe,1,50
-2.060462,-60.024001,60,OSM:classe,1,40
-2.059186,-60.026373,40,OSM,0,
-2.059077,-59.654781,60,OSM:classe,1,50
-2.058966,-59.658777,60,OSM:classe,1,50
-2.058547,-60.023982,40,OSM,0,
-2.058382,-59.979091,60,OSM:classe,1,50
-2.057849,-60.026759,40,OSM,0,
-2.057431,-59.650593,60,OSM:classe,1,50
-2.057116,-60.029904,60,OSM:classe,1,40
-2.057020,-60.027013,40,OSM,0,
-2.056850,-60.023503,40,OSM,0,
-2.056442,-60.022076,60,OSM,0,
-2.056156,-60.025297,60,OSM:classe,1,40
-2.056147,-60.026502,60,OSM:classe,1,40
-2.055925,-60.022398,60,OSM,0,
-2.055785,-59.646406,60,OSM:classe,1,50
-2.055282,-60.023622,60,OSM:classe,1,40
-2.055215,-59.661196,60,OSM:classe,1,50
-2.055130,-60.023066,40,OSM:classe,1,40
-2.055059,-60.023681,60,OSM:classe,1,40
-2.054985,-60.022684,60,OSM,0,
-2.054527,-60.023430,60,OSM:classe,1,40
-2.054341,-59.977121,60,OSM:classe,1,50
-2.054140,-59.642219,60,OSM:classe,1,50
-2.053578,-60.023504,60,OSM:classe,1,40
-2.053529,-60.023969,60,OSM,0,
-2.053286,-60.023677,40,OSM:classe,1,40
-2.053110,-60.023100,60,OSM:classe,1,40
-2.053103,-59.665106,60,OSM:classe,1,50
-2.052936,-59.947691,60,OSM:classe,1,50
-2.052494,-59.638031,60,OSM:classe,1,50
-2.052366,-59.952082,60,OSM:classe,1,50
-2.052288,-59.943238,60,OSM:classe,1,50
-2.052163,-59.938763,60,OSM:classe,1,50
-2.051921,-59.934297,60,OSM:classe,1,50
-2.051850,-60.026594,60,OSM:classe,1,40
-2.051628,-60.026660,60,OSM:classe,1,40
-2.051588,-59.669342,60,OSM:classe,1,50
-2.051317,-60.019821,60,OSM:classe,1,40
-2.051288,-59.925431,60,OSM:classe,1,50
-2.051188,-59.929857,60,OSM:classe,1,50
-2.051164,-60.026121,60,OSM:classe,1,40
-2.050861,-60.025199,60,OSM,0,
-2.050848,-59.633844,60,OSM:classe,1,50
-2.050837,-59.921044,60,OSM:classe,1,50
-2.050803,-59.956301,60,OSM:classe,1,50
-2.050717,-60.025599,60,OSM:classe,1,40
-2.050527,-60.008827,60,OSM:classe,1,40
-2.050507,-60.008760,60,OSM:classe,1,40
-2.050485,-60.025478,60,OSM,0,
-2.050465,-60.008853,60,OSM:classe,1,40
-2.050438,-60.008789,60,OSM:classe,1,40
-2.050299,-60.014419,60,OSM:classe,1,40
-2.050278,-59.975194,60,OSM:classe,1,50
-2.050073,-59.673579,60,OSM:classe,1,50
-2.049931,-60.011229,60,OSM:classe,1,40
-2.049821,-59.903392,60,OSM:classe,1,50
-2.049786,-59.916669,60,OSM:classe,1,50
-2.049742,-60.025854,40,OSM:classe,1,40
-2.049731,-60.009991,60,OSM:classe,1,40
-2.049522,-60.026676,60,OSM:classe,1,40
-2.049477,-60.009266,60,OSM:classe,1,40
-2.049449,-60.009192,60,OSM:classe,1,40
-2.049411,-60.009298,60,OSM:classe,1,40
-2.049398,-60.026266,60,OSM:classe,1,40
-2.049392,-60.025577,60,OSM:classe,1,40
-2.049239,-59.960519,60,OSM:classe,1,50
-2.049198,-60.000293,60,OSM:classe,1,40
-2.049192,-59.907847,60,OSM:classe,1,50
-2.049145,-60.015896,60,OSM:classe,1,40
-2.049121,-60.026086,60,OSM:classe,1,40
-2.049035,-60.026118,60,OSM,0,
-2.048914,-60.025754,40,OSM:classe,1,40
-2.048851,-60.025268,60,OSM:classe,1,40
-2.048784,-59.899049,60,OSM:classe,1,50
-2.048781,-59.894674,60,OSM:classe,1,50
-2.048734,-59.912294,60,OSM:classe,1,50
-2.048709,-59.890192,60,OSM:classe,1,50
-2.048668,-60.024976,60,OSM:classe,1,40
-2.048649,-59.735752,60,OSM:classe,1,50
-2.048649,-59.677835,60,OSM:classe,1,50
-2.048631,-59.629949,60,OSM:classe,1,50
-2.048471,-59.885698,60,OSM:classe,1,50
-2.048464,-60.004552,60,OSM:classe,1,40
-2.048099,-60.007174,60,OSM:classe,1,40
-2.048076,-59.682288,60,OSM:classe,1,50
-2.047934,-60.026066,60,OSM,0,
-2.047890,-59.731317,60,OSM:classe,1,50
-2.047880,-59.695422,60,OSM:classe,1,50
-2.047868,-60.026064,80,OSM:classe,1,60
-2.047705,-59.699918,60,OSM:classe,1,50
-2.047676,-59.964738,60,OSM:classe,1,50
-2.047578,-60.020703,60,OSM:classe,1,40
-2.047531,-59.704414,60,OSM:classe,1,50
-2.047515,-59.872444,60,OSM:classe,1,50
-2.047408,-59.867953,60,OSM:classe,1,50
-2.047375,-59.881353,60,OSM:classe,1,50
-2.047357,-59.708910,60,OSM:classe,1,50
-2.047266,-59.691020,60,OSM:classe,1,50
-2.047203,-59.726872,60,OSM:classe,1,50
-2.047183,-59.713407,60,OSM:classe,1,50
-2.047179,-60.017718,60,OSM:classe,1,40
-2.047170,-59.863460,60,OSM:classe,1,50
-2.047169,-59.876931,60,OSM:classe,1,50
-2.047155,-59.997782,60,OSM:classe,1,40
-2.047147,-60.026035,60,OSM,0,
-2.047030,-60.016237,60,OSM:classe,1,40
-2.047009,-59.717903,60,OSM:classe,1,50
-2.046952,-59.686645,60,OSM:classe,1,50
-2.046886,-59.739633,60,OSM:classe,1,50
-2.046835,-59.722399,60,OSM:classe,1,50
-2.046720,-60.026015,60,OSM,0,
-2.046408,-59.996764,60,OSM:classe,1,40
-2.046314,-59.973127,60,OSM:classe,1,50
-2.046207,-59.626159,60,OSM:classe,1,50
-2.046113,-59.968957,60,OSM:classe,1,50
-2.045757,-59.972450,60,OSM:classe,1,40
-2.045751,-60.025700,60,OSM,0,
-2.045637,-60.026114,40,OSM:classe,1,40
-2.045620,-59.972098,60,OSM:classe,1,40
-2.045209,-59.859653,60,OSM:classe,1,50
-2.045075,-59.789428,60,OSM:classe,1,50
-2.044739,-59.994043,60,OSM:classe,1,40
-2.044635,-59.992758,60,OSM:classe,1,40
-2.044635,-59.793906,60,OSM:classe,1,50
-2.044459,-60.025641,60,OSM,0,
-2.044399,-59.988265,60,OSM:classe,1,40
-2.044394,-59.989573,60,OSM:classe,1,40
-2.044346,-59.785009,60,OSM:classe,1,50
-2.044287,-60.025641,40,OSM:classe,1,40
-2.044196,-59.798384,60,OSM:classe,1,50
-2.044164,-59.983771,60,OSM:classe,1,40
-2.044152,-59.985080,60,OSM:classe,1,40
-2.044103,-59.974852,60,OSM:classe,1,40
-2.043928,-59.979278,60,OSM:classe,1,40
-2.043911,-59.980587,60,OSM:classe,1,40
-2.043843,-59.742945,60,OSM:classe,1,50
-2.043783,-59.622369,60,OSM:classe,1,50
-2.043756,-59.802862,60,OSM:classe,1,50
-2.043669,-59.976094,60,OSM:classe,1,40
-2.043373,-59.838703,60,OSM:classe,1,50
-2.043351,-59.834203,60,OSM:classe,1,50
-2.043339,-59.780623,60,OSM:classe,1,50
-2.043328,-59.829704,60,OSM:classe,1,50
-2.043316,-59.807340,60,OSM:classe,1,50
-2.043310,-59.843191,60,OSM:classe,1,50
-2.043127,-59.855903,60,OSM:classe,1,50
-2.043095,-59.825219,60,OSM:classe,1,50
-2.042876,-59.811817,60,OSM:classe,1,50
-2.042674,-60.028546,60,OSM:classe,1,40
-2.042660,-59.776182,60,OSM:classe,1,50
-2.042543,-60.026043,60,OSM:classe,1,40
-2.042472,-59.820763,60,OSM:classe,1,50
-2.042436,-59.816295,60,OSM:classe,1,50
-2.042391,-60.025639,40,OSM:classe,1,40
-2.042345,-60.028759,60,OSM:classe,1,40
-2.042303,-59.851492,60,OSM:classe,1,50
-2.042278,-60.026044,60,OSM:classe,1,40
-2.042274,-60.028770,60,OSM:classe,1,40
-2.042252,-60.028789,60,OSM:classe,1,40
-2.042162,-60.025642,60,OSM,0,
-2.041849,-59.771756,60,OSM:classe,1,50
-2.041359,-59.618580,60,OSM:classe,1,50
-2.041293,-59.847155,60,OSM:classe,1,50
-2.041037,-59.767331,60,OSM:classe,1,50
-2.040975,-60.025898,60,OSM,0,
-2.040462,-59.745907,60,OSM:classe,1,50
-2.040226,-59.762905,60,OSM:classe,1,50
-2.039414,-59.758479,60,OSM:classe,1,50
-2.038934,-59.614790,60,OSM:classe,1,50
-2.038602,-59.754054,60,OSM:classe,1,50
-2.038156,-59.749628,60,OSM:classe,1,50
-2.036510,-59.611001,60,OSM:classe,1,50
-2.034086,-59.607211,60,OSM:classe,1,50
-2.033032,-59.602898,60,OSM:classe,1,50
-2.032561,-59.598442,60,OSM:classe,1,50
-2.030259,-59.594665,60,OSM:classe,1,50
-2.029846,-60.026031,80,OSM,0,
-2.026536,-59.592150,60,OSM:classe,1,50
-2.022873,-59.589550,60,OSM:classe,1,50
-2.020308,-59.585858,60,OSM:classe,1,50
-2.018717,-60.026163,80,OSM,0,
-2.017760,-59.582151,60,OSM:classe,1,50
-2.014167,-59.579486,60,OSM:classe,1,50
-2.012158,-59.575869,60,OSM:classe,1,50
-2.011274,-59.571525,60,OSM:classe,1,50
-2.008991,-59.567648,60,OSM:classe,1,50
-2.007588,-60.026295,80,OSM,0,
-2.007145,-59.544935,60,OSM:classe,1,50
-2.006354,-59.564004,60,OSM:classe,1,50
-2.005578,-59.548878,60,OSM:classe,1,50
-2.004897,-59.541049,60,OSM:classe,1,50
-2.003856,-59.560266,60,OSM:classe,1,50
-2.002854,-59.552457,60,OSM:classe,1,50
-2.002543,-59.537216,60,OSM:classe,1,50
-2.002301,-59.532835,60,OSM:classe,1,50
-2.002298,-59.528352,60,OSM:classe,1,50
-2.001475,-59.556449,60,OSM:classe,1,50
-2.000234,-59.524410,60,OSM:classe,1,50
-1.997876,-59.520579,60,OSM:classe,1,50
-1.996916,-59.519019,80,OSM:classe,1,60
-1.996459,-60.026427,80,OSM,0,
-1.994594,-59.515165,80,OSM:classe,1,60
-1.994449,-60.026652,80,OSM,0,
-1.993708,-60.026831,80,OSM:classe,1,60
-1.992273,-59.511312,80,OSM:classe,1,60
-1.989952,-59.507458,80,OSM:classe,1,60
-1.989330,-59.506425,80,OSM:classe,1,60
-1.989285,-60.027645,80,OSM:classe,1,60
-1.985687,-59.504048,80,OSM:classe,1,60
-1.984863,-60.028459,80,OSM:classe,1,60
-1.981621,-59.502275,80,OSM:classe,1,60
-1.980441,-60.029273,80,OSM:classe,1,60
-1.979287,-59.498526,80,OSM:classe,1,60
-1.976018,-60.030086,80,OSM:classe,1,60
-1.975300,-59.496462,80,OSM:classe,1,60
-1.971939,-59.493474,80,OSM:classe,1,60
-1.971627,-60.031046,80,OSM:classe,1,60
-1.967991,-59.491410,80,OSM:classe,1,60
-1.967927,-59.491383,80,OSM:classe,1,60
-1.967669,-59.491291,80,OSM:classe,1,60
-1.967405,-60.032523,80,OSM:classe,1,60
-1.963376,-59.490034,80,OSM:classe,1,60
-1.963344,-60.034455,80,OSM:classe,1,60
-1.959283,-60.036388,80,OSM:classe,1,60
-1.958888,-59.490222,80,OSM:classe,1,60
-1.955222,-60.038320,80,OSM:classe,1,60
-1.954405,-59.490569,80,OSM:classe,1,60
-1.951162,-60.040253,80,OSM:classe,1,60
-1.951060,-59.431696,80,OSM:classe,1,60
-1.949922,-59.490916,80,OSM:classe,1,60
-1.949835,-59.427460,80,OSM:classe,1,60
-1.948716,-59.435511,80,OSM:classe,1,60
-1.948400,-59.423908,80,OSM:classe,1,60
-1.947225,-59.439411,80,OSM:classe,1,60
-1.947101,-60.042185,80,OSM:classe,1,60
-1.945439,-59.491264,80,OSM:classe,1,60
-1.944920,-59.423659,60,OSM:classe,1,50
-1.944569,-59.442887,80,OSM:classe,1,60
-1.943040,-60.044117,80,OSM:classe,1,60
-1.942796,-59.446969,80,OSM:classe,1,60
-1.941960,-59.422563,60,OSM:classe,1,50
-1.941441,-59.422594,60,OSM:classe,1,50
-1.941148,-59.492368,80,OSM:classe,1,60
-1.941087,-59.451131,80,OSM:classe,1,60
-1.941018,-59.422528,60,OSM:classe,1,50
-1.940971,-59.422311,60,OSM:classe,1,50
-1.940691,-59.422669,60,OSM:classe,1,50
-1.940509,-59.455486,80,OSM:classe,1,60
-1.939654,-59.493237,80,OSM:classe,1,60
-1.939122,-59.422819,60,OSM:classe,1,50
-1.938979,-60.046050,80,OSM:classe,1,60
-1.938699,-59.422654,60,OSM:classe,1,50
-1.938374,-59.422646,40,OSM:classe,1,40
-1.938198,-59.459289,80,OSM,0,
-1.936639,-59.462007,80,OSM:classe,1,60
-1.936245,-59.421465,40,OSM:classe,1,40
-1.935739,-59.421575,40,OSM:classe,1,40
-1.935433,-59.492562,80,OSM:classe,1,60
-1.935020,-59.421017,60,OSM:classe,1,50
-1.934919,-60.047982,80,OSM:classe,1,60
-1.934779,-59.420885,40,OSM:classe,1,40
-1.934716,-59.466068,80,OSM:classe,1,60
-1.934509,-59.421020,60,OSM:classe,1,50
-1.934359,-59.421003,40,OSM:classe,1,40
-1.933617,-59.470426,80,OSM:classe,1,60
-1.933382,-59.420309,40,OSM:classe,1,40
-1.932870,-59.420394,40,OSM:classe,1,40
-1.932705,-59.491294,80,OSM:classe,1,60
-1.932571,-59.474802,80,OSM:classe,1,60
-1.932483,-59.491190,80,OSM:classe,1,60
-1.932386,-59.491263,40,OSM:classe,1,40
-1.932312,-59.490948,40,OSM:classe,1,40
-1.932191,-59.491053,80,OSM:classe,1,60
-1.931965,-59.490947,80,OSM:classe,1,60
-1.931090,-59.419372,40,OSM:classe,1,40
-1.930858,-60.049914,80,OSM:classe,1,60
-1.930836,-59.419367,60,OSM:classe,1,50
-1.930404,-59.419196,60,OSM:classe,1,50
-1.929995,-59.478103,80,OSM:classe,1,60
-1.929678,-59.457812,80,OSM,0,
-1.929051,-59.487610,80,OSM:classe,1,60
-1.928641,-59.487198,80,OSM:classe,1,60
-1.928286,-59.458322,80,OSM,0,
-1.928139,-59.486524,80,OSM:classe,1,60
-1.927917,-59.486760,40,OSM:classe,1,40
-1.927823,-59.486429,80,OSM:classe,1,60
-1.927256,-59.486424,80,OSM:classe,1,60
-1.926797,-60.051847,80,OSM:classe,1,60
-1.926739,-59.479816,60,OSM:classe,1,50
-1.926151,-59.486076,80,OSM:classe,1,60
-1.925561,-59.485917,60,OSM:classe,1,50
-1.925555,-59.480723,60,OSM:classe,1,50
-1.925109,-59.485723,60,OSM:classe,1,50
-1.925067,-59.460988,80,OSM,0,
-1.924952,-59.485306,40,OSM:classe,1,40
-1.924913,-59.485799,40,OSM:classe,1,40
-1.924768,-59.485362,60,OSM:classe,1,50
-1.924616,-59.484995,60,OSM:classe,1,50
-1.923273,-59.461682,80,OSM,0,
-1.922737,-60.053779,80,OSM:classe,1,60
-1.918676,-60.055712,80,OSM:classe,1,60
-1.915156,-59.462329,80,OSM,0,
-1.914615,-60.057644,80,OSM:classe,1,60
-1.912762,-59.461227,80,OSM,0,
-1.911958,-59.460328,80,OSM,0,
-1.911459,-59.460390,80,OSM,0,
-1.911173,-59.460938,80,OSM,0,
-1.910554,-60.059576,80,OSM:classe,1,60
-1.906494,-60.061509,80,OSM:classe,1,60
-1.902433,-60.063441,80,OSM:classe,1,60
-1.898372,-60.065374,80,OSM:classe,1,60
-1.894311,-60.067306,80,OSM:classe,1,60
-1.890251,-60.069238,80,OSM:classe,1,60
-1.886190,-60.071171,80,OSM:classe,1,60
-1.882129,-60.073103,80,OSM:classe,1,60
-1.878069,-60.075036,80,OSM:classe,1,60
-1.874008,-60.076968,80,OSM:classe,1,60
-1.869947,-60.078900,80,OSM:classe,1,60
-1.865920,-60.080896,80,OSM:classe,1,60
-1.862217,-60.083435,80,OSM:classe,1,60
-1.859200,-60.086682,80,OSM:classe,1,60
-1.857762,-60.090934,80,OSM:classe,1,60
-1.856557,-60.095268,80,OSM:classe,1,60
-1.854031,-60.098904,80,OSM:classe,1,60
-1.850890,-60.102124,80,OSM:classe,1,60
-1.847749,-60.105343,80,OSM:classe,1,60
-1.844608,-60.108563,80,OSM:classe,1,60
-1.841467,-60.111782,80,OSM:classe,1,60
-1.838529,-60.115172,80,OSM:classe,1,60
-1.836023,-60.118903,80,OSM:classe,1,60
-1.834132,-60.122962,80,OSM:classe,1,60
-1.832275,-60.127053,80,OSM:classe,1,60
-1.829823,-60.130786,80,OSM:classe,1,60
-1.826944,-60.134243,80,OSM:classe,1,60
-1.824806,-60.136810,80,OSM:classe,1,60
-1.824632,-60.137016,80,OSM:classe,1,60
-1.821739,-60.140461,80,OSM:classe,1,60
-1.818636,-60.143676,80,OSM:classe,1,60
-1.814673,-60.145713,80,OSM:classe,1,60
-1.810242,-60.146479,80,OSM:classe,1,60
-1.805772,-60.146409,80,OSM:classe,1,60
-1.801346,-60.145750,80,OSM:classe,1,60
-1.797036,-60.144470,80,OSM:classe,1,60
-1.792725,-60.143189,80,OSM:classe,1,60
-1.788411,-60.141927,80,OSM:classe,1,60
-1.783938,-60.141950,80,OSM:classe,1,60
-1.779461,-60.142365,80,OSM:classe,1,60
-1.774984,-60.142790,80,OSM:classe,1,60
-1.770517,-60.143302,80,OSM:classe,1,60
-1.766049,-60.143814,80,OSM:classe,1,60
-1.761727,-60.145033,80,OSM:classe,1,60
-1.757610,-60.146823,80,OSM:classe,1,60
-1.753465,-60.148405,80,OSM:classe,1,60
-1.748999,-60.148728,80,OSM:classe,1,60
-1.744774,-60.150265,80,OSM:classe,1,60
-1.740611,-60.151960,80,OSM:classe,1,60
-1.736492,-60.153750,80,OSM:classe,1,60
-1.732066,-60.154036,80,OSM:classe,1,60
-1.727584,-60.153666,80,OSM:classe,1,60
-1.723103,-60.153297,80,OSM:classe,1,60
-1.718622,-60.152927,80,OSM:classe,1,60
-1.714159,-60.153151,80,OSM:classe,1,60
-1.709710,-60.153805,80,OSM:classe,1,60
-1.705261,-60.154459,80,OSM:classe,1,60
-1.700813,-60.155114,80,OSM:classe,1,60
-1.696364,-60.155768,80,OSM:classe,1,60
-1.692194,-60.157324,80,OSM:classe,1,60
-1.688322,-60.159611,80,OSM:classe,1,60
-1.684450,-60.161898,80,OSM:classe,1,60
-1.680578,-60.164186,80,OSM:classe,1,60
-1.676706,-60.166473,80,OSM:classe,1,60
-1.672834,-60.168761,80,OSM:classe,1,60
-1.668962,-60.171048,80,OSM:classe,1,60
-1.665090,-60.173335,80,OSM:classe,1,60
-1.661218,-60.175623,80,OSM:classe,1,60
-1.657346,-60.177910,80,OSM:classe,1,60
-1.653474,-60.180197,80,OSM:classe,1,60
-1.649461,-60.182221,80,OSM:classe,1,60
-1.645415,-60.184185,80,OSM:classe,1,60
-1.641370,-60.186149,80,OSM:classe,1,60
-1.637325,-60.188113,80,OSM:classe,1,60
-1.633279,-60.190077,80,OSM:classe,1,60
-1.629234,-60.192042,80,OSM:classe,1,60
-1.625189,-60.194006,80,OSM:classe,1,60
-1.621143,-60.195970,80,OSM:classe,1,60
-1.617098,-60.197934,80,OSM:classe,1,60
-1.613053,-60.199898,80,OSM:classe,1,60
-1.609007,-60.201862,80,OSM:classe,1,60
-1.604972,-60.203847,80,OSM:classe,1,60
-1.600938,-60.205835,80,OSM:classe,1,60
-1.596905,-60.207823,80,OSM:classe,1,60
-1.592871,-60.209811,80,OSM:classe,1,60
-1.588837,-60.211798,80,OSM:classe,1,60
-1.584804,-60.213786,80,OSM:classe,1,60
-1.581774,-60.215284,60,OSM:classe,1,40
-1.580770,-60.215774,80,OSM:classe,1,60
-1.580200,-60.211082,60,OSM:classe,1,40
-1.578111,-60.207455,60,OSM:classe,1,40
-1.576736,-60.217762,80,OSM:classe,1,60
-1.573954,-60.205774,60,OSM:classe,1,40
-1.572702,-60.219750,80,OSM:classe,1,60
-1.571071,-60.202612,60,OSM:classe,1,40
-1.569071,-60.198604,60,OSM:classe,1,40
-1.568669,-60.221738,80,OSM:classe,1,60
-1.567208,-60.194542,60,OSM:classe,1,40
-1.564635,-60.223726,80,OSM:classe,1,60
-1.564607,-60.190913,60,OSM:classe,1,40
-1.561976,-60.187272,60,OSM:classe,1,40
-1.560601,-60.225714,80,OSM:classe,1,60
-1.559243,-60.183709,60,OSM:classe,1,40
-1.558049,-60.179817,60,OSM:classe,1,40
-1.556568,-60.227701,80,OSM:classe,1,60
-1.554096,-60.177695,60,OSM:classe,1,40
-1.552534,-60.229689,80,OSM:classe,1,60
-1.550543,-60.175116,60,OSM:classe,1,40
-1.548500,-60.231677,80,OSM:classe,1,60
-1.546075,-60.174747,60,OSM:classe,1,40
-1.544899,-60.174737,60,OSM:classe,1,40
-1.544466,-60.233665,80,OSM:classe,1,60
-1.540421,-60.235627,80,OSM:classe,1,60
-1.536329,-60.237493,80,OSM:classe,1,60
-1.532302,-60.239493,80,OSM:classe,1,60
-1.528287,-60.241520,80,OSM:classe,1,60
-1.524273,-60.243546,80,OSM:classe,1,60
-1.520258,-60.245572,80,OSM:classe,1,60
-1.516244,-60.247599,80,OSM:classe,1,60
-1.512229,-60.249625,80,OSM:classe,1,60
-1.508301,-60.251795,80,OSM:classe,1,60
-1.504632,-60.254395,80,OSM:classe,1,60
-1.500962,-60.256994,80,OSM:classe,1,60
-1.497292,-60.259594,80,OSM:classe,1,60
-1.493623,-60.262193,80,OSM:classe,1,60
-1.489953,-60.264792,80,OSM:classe,1,60
-1.486283,-60.267392,80,OSM:classe,1,60
-1.482613,-60.269991,80,OSM:classe,1,60
-1.478944,-60.272591,80,OSM:classe,1,60
-1.475274,-60.275190,80,OSM:classe,1,60
-1.471604,-60.277790,80,OSM:classe,1,60
-1.468205,-60.280712,80,OSM:classe,1,60
-1.465006,-60.283873,80,OSM:classe,1,60
-1.461808,-60.287035,80,OSM:classe,1,60
-1.458344,-60.289827,80,OSM:classe,1,60
-1.454324,-60.291842,80,OSM:classe,1,60
-1.450305,-60.293858,80,OSM:classe,1,60
-1.446343,-60.295972,80,OSM:classe,1,60
-1.442670,-60.298566,80,OSM:classe,1,60
-1.438996,-60.301160,80,OSM:classe,1,60
-1.435323,-60.303754,80,OSM:classe,1,60
-1.431650,-60.306348,80,OSM:classe,1,60
-1.427976,-60.308942,80,OSM:classe,1,60
-1.424303,-60.311537,80,OSM:classe,1,60
-1.420629,-60.314131,80,OSM:classe,1,60
-1.416956,-60.316725,80,OSM:classe,1,60
-1.413282,-60.319319,80,OSM:classe,1,60
-1.409609,-60.321913,80,OSM:classe,1,60
-1.405936,-60.324507,80,OSM:classe,1,60
-1.402262,-60.327101,80,OSM:classe,1,60
-1.398589,-60.329695,80,OSM:classe,1,60
-1.394915,-60.332289,80,OSM:classe,1,60
-1.391242,-60.334884,80,OSM:classe,1,60
-1.387568,-60.337478,80,OSM:classe,1,60
-1.383895,-60.340072,80,OSM:classe,1,60
-1.380221,-60.342666,80,OSM:classe,1,60
-1.377227,-60.345926,80,OSM:classe,1,60
-1.374316,-60.349222,80,OSM:classe,1,60
-1.370772,-60.351965,80,OSM:classe,1,60
-1.368640,-60.355855,80,OSM:classe,1,60
-1.366086,-60.359429,80,OSM:classe,1,60
-1.361724,-60.360181,80,OSM:classe,1,60
-1.357228,-60.360092,80,OSM:classe,1,60
-1.353376,-60.362096,80,OSM:classe,1,60
-1.350140,-60.365219,80,OSM:classe,1,60
-1.346904,-60.368342,80,OSM:classe,1,60
-1.343667,-60.371464,80,OSM:classe,1,60
-1.340297,-60.374411,80,OSM:classe,1,60
-1.336419,-60.376687,80,OSM:classe,1,60
-1.332469,-60.378766,80,OSM:classe,1,60
-1.328723,-60.381235,80,OSM:classe,1,60
-1.324850,-60.383519,80,OSM:classe,1,60
-1.320977,-60.385803,80,OSM:classe,1,60
-1.317103,-60.388088,80,OSM:classe,1,60
-1.313230,-60.390372,80,OSM:classe,1,60
-1.309356,-60.392656,80,OSM:classe,1,60
-1.305662,-60.395197,80,OSM:classe,1,60
-1.302192,-60.398058,80,OSM:classe,1,60
-1.298723,-60.400920,80,OSM:classe,1,60
-1.295254,-60.403781,80,OSM:classe,1,60
-1.291340,-60.405789,80,OSM:classe,1,60
-1.286917,-60.406599,80,OSM:classe,1,60
-1.282494,-60.407409,80,OSM:classe,1,60
-1.278071,-60.408219,80,OSM:classe,1,60
-1.273627,-60.407747,80,OSM:classe,1,60
-1.269180,-60.407081,80,OSM:classe,1,60
-1.264725,-60.406501,80,OSM:classe,1,60
-1.260240,-60.406399,80,OSM:classe,1,60
-1.259444,-60.406516,100,OSM:classe,1,100
-1.258572,-60.406760,100,OSM:classe,1,100
-1.254293,-60.408126,100,OSM:classe,1,100
-1.249950,-60.409290,100,OSM:classe,1,100
-1.245607,-60.410454,100,OSM:classe,1,100
-1.241984,-60.413088,100,OSM:classe,1,100
-1.238477,-60.415902,100,OSM:classe,1,100
-1.234969,-60.418717,100,OSM:classe,1,100
-1.231462,-60.421531,100,OSM:classe,1,100
-1.227493,-60.423541,100,OSM:classe,1,100
-1.223293,-60.425146,100,OSM:classe,1,100
-1.219093,-60.426752,100,OSM:classe,1,100
-1.214892,-60.428357,100,OSM:classe,1,100
-1.210692,-60.429963,100,OSM:classe,1,100
-1.206491,-60.431568,100,OSM:classe,1,100
-1.202291,-60.433174,100,OSM:classe,1,100
-1.197900,-60.434087,100,OSM:classe,1,100
-1.193470,-60.434857,100,OSM:classe,1,100
-1.189040,-60.435626,100,OSM:classe,1,100
-1.184610,-60.436396,100,OSM:classe,1,100
-1.180179,-60.437166,100,OSM:classe,1,100
-1.175749,-60.437935,100,OSM:classe,1,100
-1.171324,-60.438734,100,OSM:classe,1,100
-1.166904,-60.439562,100,OSM:classe,1,100
-1.162485,-60.440391,100,OSM:classe,1,100
-1.158065,-60.441220,100,OSM:classe,1,100
-1.153645,-60.442048,100,OSM:classe,1,100
-1.149226,-60.442877,100,OSM:classe,1,100
-1.144806,-60.443706,100,OSM:classe,1,100
-1.140386,-60.444534,100,OSM:classe,1,100
-1.135967,-60.445363,100,OSM:classe,1,100
-1.131920,-60.447284,100,OSM:classe,1,100
-1.127975,-60.449442,100,OSM:classe,1,100
-1.124029,-60.451599,100,OSM:classe,1,100
-1.120084,-60.453757,100,OSM:classe,1,100
-1.116117,-60.455874,100,OSM:classe,1,100
-1.112100,-60.457894,100,OSM:classe,1,100
-1.107895,-60.459320,100,OSM:classe,1,100
-1.103446,-60.459975,100,OSM:classe,1,100
-1.098997,-60.460630,100,OSM:classe,1,100
-1.094549,-60.461285,100,OSM:classe,1,100
-1.090100,-60.461940,100,OSM:classe,1,100
-1.085734,-60.462954,100,OSM:classe,1,100
-1.081450,-60.464320,100,OSM:classe,1,100
-1.077166,-60.465686,100,OSM:classe,1,100
-1.072882,-60.467052,100,OSM:classe,1,100
-1.068597,-60.468417,100,OSM:classe,1,100
-1.064313,-60.469783,100,OSM:classe,1,100
-1.060021,-60.471123,100,OSM:classe,1,100
-1.055713,-60.472411,100,OSM:classe,1,100
-1.051404,-60.473698,100,OSM:classe,1,100
-1.047096,-60.474986,100,OSM:classe,1,100
-1.042787,-60.476273,100,OSM:classe,1,100
-1.038479,-60.477561,100,OSM:classe,1,100
-1.034171,-60.478848,100,OSM:classe,1,100
-1.029862,-60.480136,100,OSM:classe,1,100
-1.025554,-60.481423,100,OSM:classe,1,100
-1.025381,-60.481475,100,OSM:classe,1,100
-1.024436,-60.481750,100,OSM:classe,1,100
-1.020115,-60.482995,100,OSM:classe,1,100
-1.015794,-60.484240,100,OSM:classe,1,100
-1.011474,-60.485485,100,OSM:classe,1,100
-1.007153,-60.486729,100,OSM:classe,1,100
-1.002832,-60.487974,100,OSM:classe,1,100
-0.998511,-60.489219,100,OSM:classe,1,100
-0.994190,-60.490463,100,OSM:classe,1,100
-0.989869,-60.491708,100,OSM:classe,1,100
-0.985548,-60.492953,100,OSM:classe,1,100
-0.981258,-62.933000,60,OSM:classe,1,40
-0.981227,-60.494198,100,OSM:classe,1,100
-0.980128,-62.926571,60,OSM:classe,1,40
-0.979582,-62.921992,60,OSM:classe,1,40
-0.979156,-62.931586,60,OSM:classe,1,40
-0.978472,-62.926865,60,OSM:classe,1,40
-0.978310,-62.922789,60,OSM:classe,1,40
-0.977495,-62.912448,60,OSM:classe,1,40
-0.976916,-60.495477,100,OSM:classe,1,100
-0.976195,-62.928220,60,OSM:classe,1,40
-0.975529,-62.928486,60,OSM:classe,1,40
-0.975164,-62.915870,60,OSM:classe,1,40
-0.974539,-62.925238,60,OSM:classe,1,40
-0.974360,-62.917034,60,OSM:classe,1,40
-0.974327,-62.917082,60,OSM:classe,1,40
-0.974316,-62.927570,60,OSM:classe,1,40
-0.974218,-62.929064,60,OSM:classe,1,40
-0.974128,-62.925505,60,OSM:classe,1,40
-0.974127,-62.925707,60,OSM:classe,1,40
-0.974052,-62.925610,60,OSM:classe,1,40
-0.974010,-62.925653,60,OSM:classe,1,40
-0.973988,-62.925548,60,OSM:classe,1,40
-0.973971,-62.925756,60,OSM:classe,1,40
-0.973970,-62.925555,60,OSM:classe,1,40
-0.973960,-62.925636,60,OSM:classe,1,40
-0.973881,-62.917696,60,OSM:classe,1,40
-0.973830,-62.925544,60,OSM:classe,1,40
-0.973800,-62.927186,60,OSM:classe,1,40
-0.972612,-60.496778,100,OSM:classe,1,100
-0.972199,-62.927987,60,OSM:classe,1,40
-0.971641,-62.921590,60,OSM:classe,1,40
-0.971126,-62.929454,60,OSM:classe,1,40
-0.970684,-62.923529,60,OSM:classe,1,40
-0.970206,-62.924484,60,OSM:classe,1,40
-0.969804,-62.925695,60,OSM:classe,1,40
-0.969353,-62.926626,60,OSM:classe,1,40
-0.968855,-62.927815,60,OSM:classe,1,40
-0.968323,-62.932963,60,OSM:classe,1,40
-0.968307,-60.498078,100,OSM:classe,1,100
-0.968245,-62.933040,60,OSM:classe,1,40
-0.967161,-62.929824,60,OSM:classe,1,40
-0.966117,-62.933910,60,OSM:classe,1,40
-0.966020,-62.933893,60,OSM:classe,1,40
-0.964003,-60.499379,100,OSM:classe,1,100
-0.962457,-62.935634,60,OSM:classe,1,40
-0.962346,-62.935773,60,OSM:classe,1,40
-0.960987,-62.937338,60,OSM:classe,1,40
-0.959698,-60.500680,100,OSM:classe,1,100
-0.956981,-62.939140,60,OSM:classe,1,40
-0.956823,-62.939156,60,OSM:classe,1,40
-0.955394,-60.501981,100,OSM:classe,1,100
-0.954555,-62.940087,60,OSM:classe,1,40
-0.951294,-62.943137,60,OSM:classe,1,40
-0.951090,-60.503281,100,OSM:classe,1,100
-0.947585,-62.945679,60,OSM:classe,1,40
-0.946785,-60.504582,100,OSM:classe,1,100
-0.944398,-62.948713,60,OSM:classe,1,40
-0.942555,-62.952794,60,OSM:classe,1,40
-0.942488,-60.505907,100,OSM:classe,1,100
-0.938197,-60.507251,100,OSM:classe,1,100
-0.933906,-60.508594,100,OSM:classe,1,100
-0.929614,-60.509937,100,OSM:classe,1,100
-0.925323,-60.511281,100,OSM:classe,1,100
-0.921032,-60.512624,100,OSM:classe,1,100
-0.916754,-60.514010,100,OSM:classe,1,100
-0.913095,-59.688872,60,OSM:classe,1,40
-0.912747,-59.684422,60,OSM:classe,1,40
-0.912479,-60.515403,100,OSM:classe,1,100
-0.912276,-59.658601,60,OSM:classe,1,40
-0.912271,-59.654110,60,OSM:classe,1,40
-0.912195,-59.672031,60,OSM:classe,1,40
-0.912143,-59.663096,60,OSM:classe,1,40
-0.911837,-59.667548,60,OSM:classe,1,40
-0.911735,-59.680145,60,OSM:classe,1,40
-0.911337,-59.692541,60,OSM:classe,1,40
-0.911334,-59.696520,60,OSM:classe,1,40
-0.911118,-59.650273,60,OSM:classe,1,40
-0.910535,-59.675842,60,OSM:classe,1,40
-0.910216,-60.516165,80,OSM,0,
-0.908730,-60.513712,80,OSM,0,
-0.908678,-59.647060,60,OSM:classe,1,40
-0.908604,-59.700066,60,OSM:classe,1,40
-0.908203,-60.516796,100,OSM:classe,1,100
-0.906003,-59.703631,60,OSM:classe,1,40
-0.905758,-59.643784,60,OSM:classe,1,40
-0.905251,-59.707836,60,OSM:classe,1,40
-0.905067,-59.639895,60,OSM:classe,1,40
-0.904261,-59.710996,60,OSM:classe,1,40
-0.903928,-60.518189,100,OSM:classe,1,100
-0.903864,-59.635940,60,OSM:classe,1,40
-0.902267,-60.506043,80,OSM,0,
-0.900403,-59.710733,60,OSM:classe,1,40
-0.899754,-59.634515,60,OSM:classe,1,40
-0.899652,-60.519582,100,OSM:classe,1,100
-0.899054,-59.714510,60,OSM:classe,1,40
-0.897014,-59.718079,60,OSM:classe,1,40
-0.896371,-59.637047,60,OSM:classe,1,40
-0.895804,-60.498374,80,OSM,0,
-0.895262,-60.519868,100,OSM:classe,1,100
-0.893952,-59.634368,60,OSM:classe,1,40
-0.893134,-59.722075,60,OSM:classe,1,40
-0.892748,-59.718738,60,OSM:classe,1,40
-0.892254,-60.493737,80,OSM,0,
-0.891749,-60.479213,80,OSM,0,
-0.891345,-59.725586,60,OSM:classe,1,40
-0.891286,-59.630834,60,OSM:classe,1,40
-0.891105,-60.475930,80,OSM,0,
-0.890934,-60.471595,80,OSM,0,
-0.890881,-60.518855,100,OSM:classe,1,100
-0.890881,-60.473692,80,OSM,0,
-0.890648,-60.482163,80,OSM,0,
-0.890386,-60.469229,80,OSM,0,
-0.890289,-60.455866,80,OSM,0,
-0.890192,-60.442503,80,OSM,0,
-0.890095,-60.429140,80,OSM,0,
-0.890033,-60.485564,80,OSM,0,
-0.889998,-60.415777,80,OSM,0,
-0.889732,-60.414175,80,OSM,0,
-0.888986,-60.413085,80,OSM,0,
-0.888710,-59.729212,60,OSM:classe,1,40
-0.887906,-59.631413,60,OSM:classe,1,40
-0.887645,-60.411859,80,OSM,0,
-0.886500,-60.517843,100,OSM:classe,1,100
-0.885478,-59.732282,60,OSM:classe,1,40
-0.885342,-59.627858,60,OSM:classe,1,40
-0.883577,-60.405224,80,OSM,0,
-0.882458,-59.625448,60,OSM:classe,1,40
-0.882118,-60.516831,100,OSM:classe,1,100
-0.881878,-59.734946,60,OSM:classe,1,40
-0.881654,-60.402756,80,OSM,0,
-0.880673,-60.400581,80,OSM,0,
-0.879810,-59.622172,60,OSM:classe,1,40
-0.879530,-59.738521,60,OSM:classe,1,40
-0.877737,-60.515819,100,OSM:classe,1,100
-0.877529,-59.741086,60,OSM:classe,1,40
-0.876294,-60.393713,80,OSM,0,
-0.876262,-59.621732,60,OSM:classe,1,40
-0.875684,-59.618039,60,OSM:classe,1,40
-0.875345,-60.393265,80,OSM,0,
-0.874730,-59.614590,60,OSM:classe,1,40
-0.874397,-59.614183,60,OSM:classe,1,40
-0.874017,-59.743675,60,OSM:classe,1,40
-0.873972,-60.393243,80,OSM,0,
-0.873356,-60.514807,100,OSM:classe,1,100
-0.873070,-60.389440,80,OSM,0,
-0.872815,-60.392567,80,OSM,0,
-0.872634,-60.388345,80,OSM,0,
-0.872578,-60.391729,80,OSM,0,
-0.872566,-59.611182,60,OSM:classe,1,40
-0.872321,-60.382439,80,OSM,0,
-0.871957,-60.387458,80,OSM,0,
-0.871696,-60.386018,80,OSM,0,
-0.871626,-60.384704,80,OSM,0,
-0.871586,-60.380377,80,OSM,0,
-0.870955,-59.611365,60,OSM:classe,1,40
-0.870574,-59.748708,60,OSM:classe,1,40
-0.870459,-59.612481,60,OSM:classe,1,40
-0.870434,-59.613309,60,OSM:classe,1,40
-0.869848,-59.744585,60,OSM:classe,1,40
-0.869249,-59.611066,60,OSM:classe,1,40
-0.869228,-59.615510,60,OSM:classe,1,40
-0.868945,-60.513971,100,OSM:classe,1,100
-0.867941,-59.751628,60,OSM:classe,1,40
-0.866830,-60.371996,80,OSM,0,
-0.866605,-59.605097,60,OSM:classe,1,40
-0.865778,-59.614387,60,OSM:classe,1,40
-0.865635,-59.608739,60,OSM:classe,1,40
-0.865627,-59.604488,60,OSM:classe,1,40
-0.865247,-59.602730,60,OSM:classe,1,40
-0.865002,-60.515838,100,OSM:classe,1,100
-0.864647,-59.753464,60,OSM:classe,1,40
-0.864185,-59.611268,60,OSM:classe,1,40
-0.862441,-59.751568,60,OSM:classe,1,40
-0.862075,-60.363616,80,OSM,0,
-0.858771,-59.751636,60,OSM:classe,1,40
-0.858118,-60.355853,80,OSM,0,
-0.856240,-60.353600,80,OSM,0,
-0.854542,-59.751695,60,OSM:classe,1,40
-0.854452,-59.763502,60,OSM:classe,1,40
-0.854392,-59.759424,60,OSM:classe,1,40
-0.853094,-59.755873,60,OSM:classe,1,40
-0.852777,-60.350088,80,OSM,0,
-0.850923,-59.766237,60,OSM:classe,1,40
-0.847811,-59.769286,60,OSM:classe,1,40
-0.846274,-60.339084,80,OSM,0,
-0.845728,-60.335961,80,OSM,0,
-0.845485,-59.772441,60,OSM:classe,1,40
-0.845052,-60.334558,80,OSM,0,
-0.843013,-60.332925,80,OSM,0,
-0.841127,-59.772931,60,OSM:classe,1,40
-0.839508,-60.328043,80,OSM,0,
-0.837499,-59.775540,60,OSM:classe,1,40
-0.837374,-60.321874,80,OSM,0,
-0.836808,-60.320465,80,OSM,0,
-0.836740,-59.779488,60,OSM:classe,1,40
-0.836213,-60.319697,80,OSM,0,
-0.835878,-60.318319,80,OSM,0,
-0.834821,-60.316819,80,OSM,0,
-0.834003,-60.313632,80,OSM,0,
-0.833668,-59.780954,60,OSM:classe,1,40
-0.832629,-60.310620,80,OSM,0,
-0.832304,-60.310249,80,OSM,0,
-0.830887,-59.783303,60,OSM:classe,1,40
-0.826418,-59.783091,60,OSM:classe,1,40
-0.825634,-60.309085,80,OSM,0,
-0.823336,-59.786325,60,OSM:classe,1,40
-0.821283,-60.306829,80,OSM,0,
-0.820304,-59.789553,60,OSM:classe,1,40
-0.820196,-60.306532,80,OSM,0,
-0.819902,-59.793949,60,OSM:classe,1,40
-0.818517,-60.306517,80,OSM,0,
-0.816859,-60.306082,80,OSM,0,
-0.816677,-59.794485,60,OSM:classe,1,40
-0.815392,-60.305226,80,OSM,0,
-0.813724,-59.797834,60,OSM:classe,1,40
-0.812049,-60.304154,80,OSM,0,
-0.810994,-60.304276,80,OSM,0,
-0.809405,-59.798659,60,OSM:classe,1,40
-0.809157,-60.304011,80,OSM,0,
-0.805567,-59.800746,60,OSM:classe,1,40
-0.805478,-59.805038,60,OSM:classe,1,40
-0.805136,-59.807979,60,OSM:classe,1,40
-0.802924,-60.303796,80,OSM,0,
-0.802044,-60.303421,80,OSM,0,
-0.801013,-59.806732,60,OSM:classe,1,40
-0.800753,-60.301399,80,OSM,0,
-0.800303,-60.292267,80,OSM,0,
-0.800092,-60.281864,80,OSM,0,
-0.799881,-60.271460,80,OSM,0,
-0.799681,-60.251841,80,OSM,0,
-0.799670,-60.261057,80,OSM,0,
-0.799380,-60.251154,80,OSM,0,
-0.798943,-59.810434,60,OSM:classe,1,40
-0.798339,-60.076878,40,OSM,0,
-0.797422,-60.076684,40,OSM,0,
-0.796226,-60.247571,80,OSM,0,
-0.796080,-59.813825,60,OSM:classe,1,40
-0.793201,-60.243150,80,OSM,0,
-0.792380,-60.072218,40,OSM,0,
-0.792349,-59.816210,60,OSM:classe,1,40
-0.790369,-60.237271,80,OSM,0,
-0.789618,-60.235125,80,OSM,0,
-0.789493,-60.068822,40,OSM,0,
-0.788712,-59.818421,60,OSM:classe,1,40
-0.787100,-60.110598,80,OSM,0,
-0.786791,-60.111607,80,OSM,0,
-0.786446,-60.069680,40,OSM,0,
-0.786292,-60.229224,80,OSM,0,
-0.785556,-60.107462,80,OSM,0,
-0.785295,-60.112403,80,OSM,0,
-0.784601,-59.819595,60,OSM:classe,1,40
-0.784523,-60.106464,80,OSM,0,
-0.784013,-60.105312,80,OSM,0,
-0.783895,-60.069118,40,OSM,0,
-0.783096,-60.218431,80,OSM,0,
-0.782813,-60.103804,80,OSM,0,
-0.782813,-60.100668,80,OSM,0,
-0.782795,-60.115015,80,OSM,0,
-0.782647,-60.102260,80,OSM,0,
-0.782635,-60.100241,80,OSM,0,
-0.781732,-60.068205,40,OSM,0,
-0.781661,-60.099932,80,OSM,0,
-0.780886,-60.212680,80,OSM,0,
-0.780804,-60.069069,40,OSM,0,
-0.780646,-59.817854,60,OSM:classe,1,40
-0.780585,-60.079417,40,OSM,0,
-0.780581,-60.100348,80,OSM,0,
-0.780268,-60.081171,40,OSM,0,
-0.780112,-60.155319,80,OSM,0,
-0.779927,-60.081444,40,OSM,0,
-0.779740,-60.151030,80,OSM,0,
-0.779642,-60.101120,80,OSM,0,
-0.779274,-60.101227,80,OSM,0,
-0.779227,-60.159098,80,OSM,0,
-0.779037,-60.116595,80,OSM,0,
-0.778980,-60.210310,80,OSM,0,
-0.778882,-60.075509,50,OSM,0,
-0.778814,-60.078148,50,OSM,0,
-0.778742,-60.071307,50,OSM,0,
-0.778360,-60.100977,80,OSM,0,
-0.778153,-60.147223,80,OSM,0,
-0.778098,-60.140762,80,OSM,0,
-0.777718,-60.117569,80,OSM,0,
-0.777604,-60.072212,50,OSM,0,
-0.777550,-60.080001,60,OSM:classe,1,40
-0.777526,-60.080039,40,OSM,0,
-0.777362,-60.138588,80,OSM,0,
-0.777360,-60.070078,50,OSM,0,
-0.777034,-60.118580,80,OSM,0,
-0.777018,-60.082380,40,OSM,0,
-0.776960,-59.818040,60,OSM:classe,1,40
-0.776803,-60.092152,50,OSM,0,
-0.776555,-60.096654,80,OSM,0,
-0.776551,-60.084440,40,OSM,0,
-0.776535,-60.082072,40,OSM,0,
-0.776392,-60.081856,50,OSM,0,
-0.776381,-60.092552,40,OSM,0,
-0.776323,-60.070504,50,OSM,0,
-0.776317,-60.098946,80,OSM,0,
-0.776189,-60.121045,80,OSM,0,
-0.776186,-60.096120,80,OSM,0,
-0.776096,-60.090798,40,OSM,0,
-0.776087,-60.072286,50,OSM,0,
-0.775983,-60.168832,80,OSM,0,
-0.775954,-60.069514,50,OSM,0,
-0.775891,-60.092989,50,OSM,0,
-0.775877,-60.070464,50,OSM,0,
-0.775746,-60.088976,50,OSM,0,
-0.775646,-60.073259,50,OSM,0,
-0.775644,-60.086388,40,OSM,0,
-0.775591,-60.091457,40,OSM,0,
-0.775509,-60.083735,40,OSM,0,
-0.775495,-60.086153,40,OSM,0,
-0.775462,-60.086626,40,OSM,0,
-0.775446,-60.086205,40,OSM,0,
-0.775432,-60.087981,40,OSM,0,
-0.775411,-60.137191,80,OSM,0,
-0.775301,-60.092369,50,OSM,0,
-0.775293,-60.076240,60,OSM:classe,1,40
-0.775166,-60.122599,80,OSM,0,
-0.775160,-60.131494,80,OSM,0,
-0.775136,-60.130597,80,OSM,0,
-0.775109,-60.125984,80,OSM,0,
-0.775108,-60.089979,40,OSM,0,
-0.775050,-60.203068,80,OSM,0,
-0.775033,-60.088423,40,OSM,0,
-0.774999,-60.095692,80,OSM,0,
-0.774899,-60.085933,40,OSM,0,
-0.774892,-60.069426,50,OSM,0,
-0.774821,-60.091369,40,OSM,0,
-0.774799,-60.088906,50,OSM,0,
-0.774694,-60.129791,80,OSM,0,
-0.774593,-60.072797,50,OSM,0,
-0.774451,-60.127919,80,OSM,0,
-0.774427,-60.088740,50,OSM,0,
-0.774345,-60.069381,50,OSM,0,
-0.774331,-60.085607,40,OSM,0,
-0.774296,-59.821385,60,OSM:classe,1,40
-0.774261,-59.825746,60,OSM:classe,1,40
-0.774203,-60.094053,80,OSM,0,
-0.774149,-60.170237,80,OSM,0,
-0.774050,-60.085515,40,OSM,0,
-0.774030,-60.085540,50,OSM,0,
-0.774007,-60.073282,50,OSM,0,
-0.773857,-60.136954,80,OSM,0,
-0.773847,-60.134023,80,OSM,0,
-0.773787,-60.069334,50,OSM,0,
-0.773684,-60.074640,50,OSM,0,
-0.773675,-59.838062,60,OSM:classe,1,40
-0.773479,-60.135707,80,OSM,0,
-0.773478,-60.072995,50,OSM,0,
-0.773456,-60.087581,50,OSM,0,
-0.773295,-60.069294,50,OSM,0,
-0.773206,-60.070239,50,OSM,0,
-0.773086,-60.069251,50,OSM,0,
-0.773041,-60.071998,50,OSM,0,
-0.772952,-60.072941,50,OSM,0,
-0.772829,-59.829738,60,OSM:classe,1,40
-0.772539,-60.086219,50,OSM,0,
-0.772364,-60.087013,50,OSM,0,
-0.772329,-59.833966,60,OSM:classe,1,40
-0.772323,-59.886254,60,OSM:classe,1,40
-0.771834,-60.073440,60,OSM:classe,1,40
-0.771795,-60.092669,80,OSM,0,
-0.771613,-59.890533,60,OSM:classe,1,40
-0.771059,-60.183820,80,OSM,0,
-0.771016,-60.183219,80,OSM,0,
-0.770955,-60.174694,80,OSM,0,
-0.770826,-59.841457,60,OSM:classe,1,40
-0.770694,-60.184700,80,OSM,0,
-0.770577,-59.912486,60,OSM:classe,1,40
-0.770397,-60.196148,80,OSM,0,
-0.770373,-59.916978,60,OSM:classe,1,40
-0.770054,-60.185419,80,OSM,0,
-0.769971,-59.894585,60,OSM:classe,1,40
-0.769948,-59.899082,60,OSM:classe,1,40
-0.769924,-59.903579,60,OSM:classe,1,40
-0.769901,-59.908076,60,OSM:classe,1,40
-0.769879,-60.175258,80,OSM,0,
-0.769625,-60.193573,80,OSM,0,
-0.769624,-59.921406,60,OSM:classe,1,40
-0.769571,-59.882797,60,OSM:classe,1,40
-0.769372,-59.845547,60,OSM:classe,1,40
-0.769264,-59.925661,60,OSM:classe,1,40
-0.768840,-60.080082,80,OSM,0,
-0.768720,-60.082836,80,OSM,0,
-0.768604,-59.849974,60,OSM:classe,1,40
-0.768543,-60.092716,80,OSM,0,
-0.768486,-60.079120,80,OSM,0,
-0.768463,-60.177297,80,OSM,0,
-0.768420,-60.180816,80,OSM,0,
-0.768338,-60.186277,80,OSM,0,
-0.768157,-59.858459,60,OSM:classe,1,40
-0.767704,-59.854379,60,OSM:classe,1,40
-0.767700,-60.073318,60,OSM:classe,1,40
-0.767690,-60.188262,80,OSM,0,
-0.767635,-60.092257,80,OSM,0,
-0.767608,-60.189715,80,OSM,0,
-0.767340,-60.088783,80,OSM,0,
-0.766656,-59.879400,60,OSM:classe,1,40
-0.766375,-60.076751,80,OSM,0,
-0.766316,-59.861964,60,OSM:classe,1,40
-0.766218,-60.069376,60,OSM:classe,1,40
-0.766165,-60.070515,80,OSM,0,
-0.765842,-59.928528,60,OSM:classe,1,40
-0.765755,-60.075683,80,OSM,0,
-0.765548,-59.866334,60,OSM:classe,1,40
-0.765535,-60.071045,80,OSM,0,
-0.765413,-60.071412,80,OSM,0,
-0.765119,-59.875256,60,OSM:classe,1,40
-0.765076,-59.870759,60,OSM:classe,1,40
-0.763812,-60.065612,60,OSM:classe,1,40
-0.761942,-59.930734,60,OSM:classe,1,40
-0.759935,-60.063871,60,OSM:classe,1,40
-0.759676,-59.942879,60,OSM:classe,1,40
-0.759516,-59.934405,60,OSM:classe,1,40
-0.759242,-59.938744,60,OSM:classe,1,40
-0.758602,-59.947031,60,OSM:classe,1,40
-0.755452,-60.063830,60,OSM:classe,1,40
-0.754460,-59.946365,60,OSM:classe,1,40
-0.751042,-60.063650,60,OSM:classe,1,40
-0.750821,-60.030413,60,OSM:classe,1,40
-0.750717,-60.034783,60,OSM:classe,1,40
-0.750567,-59.947724,60,OSM:classe,1,40
-0.749761,-60.026043,60,OSM:classe,1,40
-0.749655,-60.039153,60,OSM:classe,1,40
-0.749124,-59.961429,60,OSM:classe,1,40
-0.748381,-59.953587,60,OSM:classe,1,40
-0.748288,-60.060243,60,OSM:classe,1,40
-0.748037,-59.965565,60,OSM:classe,1,40
-0.747791,-59.949773,60,OSM:classe,1,40
-0.747385,-59.957638,60,OSM:classe,1,40
-0.746843,-60.042524,60,OSM:classe,1,40
-0.746214,-60.024483,60,OSM:classe,1,40
-0.745758,-60.056528,60,OSM:classe,1,40
-0.744547,-59.968276,60,OSM:classe,1,40
-0.743785,-60.045756,60,OSM:classe,1,40
-0.742377,-60.057821,60,OSM:classe,1,40
-0.742092,-60.022684,60,OSM:classe,1,40
-0.740350,-59.969826,60,OSM:classe,1,40
-0.739666,-60.044949,60,OSM:classe,1,40
-0.738833,-60.058878,60,OSM:classe,1,40
-0.738143,-60.020548,60,OSM:classe,1,40
-0.736556,-59.972220,60,OSM:classe,1,40
-0.735968,-60.044385,60,OSM:classe,1,40
-0.734591,-60.058487,60,OSM:classe,1,40
-0.734457,-60.018719,60,OSM:classe,1,40
-0.732946,-60.047580,60,OSM:classe,1,40
-0.732556,-59.974040,60,OSM:classe,1,40
-0.732267,-59.988808,60,OSM:classe,1,40
-0.732199,-59.993170,60,OSM:classe,1,40
-0.732105,-59.997440,60,OSM:classe,1,40
-0.731800,-60.001496,60,OSM:classe,1,40
-0.731592,-60.051637,60,OSM:classe,1,40
-0.731583,-60.056124,60,OSM:classe,1,40
-0.731110,-60.009747,60,OSM:classe,1,40
-0.730438,-60.018233,60,OSM:classe,1,40
-0.730392,-60.005533,60,OSM:classe,1,40
-0.730179,-59.984862,60,OSM:classe,1,40
-0.730045,-60.014110,60,OSM:classe,1,40
-0.728853,-59.976407,60,OSM:classe,1,40
-0.728676,-59.980637,60,OSM:classe,1,40
-0.539599,-69.611658,60,OSM:classe,1,40
-0.538278,-69.611338,60,OSM:classe,1,40
-0.537797,-69.611352,60,OSM:classe,1,40
-0.419248,-65.011424,60,OSM:classe,1,40
-0.419224,-65.010644,60,OSM:classe,1,40
-0.419190,-65.009092,60,OSM:classe,1,40
-0.418147,-65.015640,60,OSM:classe,1,40
-0.417440,-65.009042,60,OSM:classe,1,40
-0.417435,-65.016765,60,OSM:classe,1,40
-0.417288,-65.010648,60,OSM:classe,1,40
-0.416866,-65.011579,60,OSM:classe,1,40
-0.416571,-65.020823,60,OSM:classe,1,40
-0.415697,-65.018187,60,OSM:classe,1,40
-0.415617,-65.018369,60,OSM:classe,1,40
-0.415102,-65.009155,60,OSM:classe,1,40
-0.414981,-65.020305,60,OSM:classe,1,40
-0.414837,-65.015580,60,OSM:classe,1,40
-0.414275,-65.017839,60,OSM:classe,1,40
-0.414044,-65.017300,60,OSM:classe,1,40
-0.414017,-65.010393,60,OSM:classe,1,40
-0.412306,-65.019397,60,OSM:classe,1,40
-0.412302,-65.014276,60,OSM:classe,1,40
-0.412166,-65.015087,60,OSM:classe,1,40
-0.412003,-65.012642,60,OSM:classe,1,40
-0.411719,-65.012955,60,OSM:classe,1,40
-0.411052,-65.013773,60,OSM:classe,1,40
-0.408507,-65.009834,60,OSM:classe,1,40
-0.408380,-65.016801,60,OSM:classe,1,40
-0.408244,-65.017482,60,OSM:classe,1,40
-0.408087,-65.017154,60,OSM:classe,1,40
-0.404952,-65.007137,60,OSM:classe,1,40
-0.401131,-65.004827,60,OSM:classe,1,40
-0.397136,-65.002941,60,OSM:classe,1,40
-0.393824,-65.000035,60,OSM:classe,1,40
-0.392973,-64.999622,60,OSM:classe,1,40
-0.392644,-64.999384,60,OSM:classe,1,40
-0.388480,-64.997884,60,OSM:classe,1,40
-0.384033,-64.997580,60,OSM:classe,1,40
-0.380337,-64.996300,60,OSM:classe,1,40
-0.163679,-66.996918,60,OSM:classe,1,40
-0.162580,-66.992583,60,OSM:classe,1,40
-0.160684,-67.000143,60,OSM:classe,1,40
-0.159844,-66.989526,60,OSM:classe,1,40
-0.157076,-66.986456,60,OSM:classe,1,40
-0.156368,-67.000597,60,OSM:classe,1,40
-0.155862,-66.982127,60,OSM:classe,1,40
-0.155773,-67.000879,60,OSM:classe,1,40
-0.154647,-66.977797,60,OSM:classe,1,40
-0.154338,-67.002731,60,OSM:classe,1,40
-0.153433,-66.973468,60,OSM:classe,1,40
-0.151661,-67.006331,60,OSM:classe,1,40
-0.151600,-66.969389,60,OSM:classe,1,40
-0.151262,-67.018499,60,OSM:classe,1,40
-0.150077,-66.960945,60,OSM:classe,1,40
-0.149934,-66.965291,60,OSM:classe,1,40
-0.149928,-67.010480,60,OSM:classe,1,40
-0.149691,-66.953204,60,OSM:classe,1,40
-0.149417,-67.022431,60,OSM:classe,1,40
-0.149039,-66.948782,60,OSM:classe,1,40
-0.148964,-67.014634,60,OSM:classe,1,40
-0.148248,-66.944355,60,OSM:classe,1,40
-0.148145,-66.935946,60,OSM:classe,1,40
-0.147808,-66.957156,60,OSM:classe,1,40
-0.147474,-66.940026,60,OSM:classe,1,40
-0.145197,-67.023838,60,OSM:classe,1,40
-0.142532,-67.027210,60,OSM:classe,1,40
-0.141483,-67.031502,60,OSM:classe,1,40
-0.138323,-67.034617,60,OSM:classe,1,40
-0.136097,-67.086576,60,OSM:classe,1,40
-0.136045,-67.078990,60,OSM:classe,1,40
-0.136001,-67.087046,60,OSM:classe,1,40
-0.135982,-67.082225,60,OSM:classe,1,40
-0.135973,-67.078969,60,OSM:classe,1,40
-0.135587,-67.081345,60,OSM:classe,1,40
-0.135465,-67.085785,60,OSM:classe,1,40
-0.135448,-67.048102,60,OSM:classe,1,40
-0.135085,-67.084750,60,OSM:classe,1,40
-0.134825,-67.037442,60,OSM:classe,1,40
-0.134733,-67.052368,60,OSM:classe,1,40
-0.134598,-67.078436,60,OSM:classe,1,40
-0.134293,-67.078462,60,OSM:classe,1,40
-0.133850,-67.043989,60,OSM:classe,1,40
-0.133530,-67.089891,60,OSM:classe,1,40
-0.132973,-67.089990,60,OSM:classe,1,40
-0.132805,-67.083496,60,OSM:classe,1,40
-0.132754,-67.083447,60,OSM:classe,1,40
-0.132691,-67.083674,60,OSM:classe,1,40
-0.132599,-67.083288,60,OSM:classe,1,40
-0.132063,-67.055430,60,OSM:classe,1,40
-0.131856,-67.084498,60,OSM:classe,1,40
-0.131850,-67.055819,60,OSM:classe,1,40
-0.131327,-67.040267,60,OSM:classe,1,40
-0.131211,-67.085690,60,OSM:classe,1,40
-0.131128,-67.056685,60,OSM:classe,1,40
-0.131090,-67.079923,60,OSM:classe,1,40
-0.131086,-67.086663,60,OSM:classe,1,40
-0.131027,-67.078718,60,OSM:classe,1,40
-0.130949,-67.056399,60,OSM:classe,1,40
-0.130902,-67.056998,60,OSM:classe,1,40
-0.130858,-67.087384,60,OSM:classe,1,40
-0.130821,-67.078939,60,OSM:classe,1,40
-0.130811,-67.064225,60,OSM:classe,1,40
-0.130778,-67.064102,60,OSM:classe,1,40
-0.130732,-67.063930,60,OSM:classe,1,40
-0.130715,-67.056784,60,OSM:classe,1,40
-0.130568,-67.061350,60,OSM:classe,1,40
-0.130322,-67.090154,60,OSM:classe,1,40
-0.130255,-67.090142,60,OSM:classe,1,40
-0.130134,-67.091058,60,OSM:classe,1,40
-0.130086,-67.068149,60,OSM:classe,1,40
-0.130060,-67.091043,60,OSM:classe,1,40
-0.129738,-67.082923,30,OSM,0,
-0.129699,-67.090050,60,OSM:classe,1,40
-0.129680,-67.083646,30,OSM,0,
-0.129542,-67.037697,60,OSM:classe,1,40
-0.128948,-67.089204,60,OSM:classe,1,40
-0.128907,-67.089920,60,OSM:classe,1,40
-0.128421,-67.089861,60,OSM:classe,1,40
-0.128132,-67.076854,60,OSM:classe,1,40
-0.127429,-67.071776,60,OSM:classe,1,40
-0.126931,-67.034039,60,OSM:classe,1,40
-0.126870,-67.073048,30,OSM,0,
-0.126846,-67.075118,30,OSM,0,
-0.125998,-67.073703,60,OSM:classe,1,40
-0.125983,-67.087083,60,OSM:classe,1,40
-0.125917,-67.073842,60,OSM:classe,1,40
-0.125797,-67.074005,60,OSM:classe,1,40
-0.125747,-67.089626,60,OSM:classe,1,40
-0.125637,-67.073867,60,OSM:classe,1,40
-0.124550,-67.074148,60,OSM:classe,1,40
-0.124363,-67.089293,60,OSM:classe,1,40
-0.124009,-67.074874,60,OSM:classe,1,40
-0.123775,-67.030853,60,OSM:classe,1,40
-0.123085,-67.091565,60,OSM:classe,1,40
-0.123017,-67.076608,60,OSM:classe,1,40
-0.122930,-67.076898,60,OSM:classe,1,40
-0.122348,-67.093299,60,OSM:classe,1,40
-0.122340,-67.084506,60,OSM:classe,1,40
-0.121927,-67.091348,60,OSM:classe,1,40
-0.121733,-67.078747,60,OSM:classe,1,40
-0.121200,-67.097002,60,OSM:classe,1,40
-0.121068,-67.099155,60,OSM:classe,1,40
-0.121048,-67.097603,60,OSM:classe,1,40
-0.121045,-67.091424,60,OSM:classe,1,40
-0.120594,-67.080396,60,OSM:classe,1,40
-0.120205,-67.028119,60,OSM:classe,1,40
-0.120056,-67.091411,60,OSM:classe,1,40
-0.119543,-67.083165,60,OSM:classe,1,40
-0.119291,-67.082906,60,OSM:classe,1,40
-0.119291,-67.082522,60,OSM:classe,1,40
-0.119258,-67.083213,60,OSM:classe,1,40
-0.119209,-67.082561,60,OSM:classe,1,40
-0.119195,-67.083078,60,OSM:classe,1,40
-0.119096,-67.082962,60,OSM:classe,1,40
-0.118753,-67.083356,60,OSM:classe,1,40
-0.117337,-67.094733,60,OSM:classe,1,40
-0.116322,-67.088905,60,OSM:classe,1,40
-0.115786,-67.027552,60,OSM:classe,1,40
-0.115637,-67.088108,60,OSM:classe,1,40
-0.114774,-67.085451,60,OSM:classe,1,40
-0.114699,-67.085490,60,OSM:classe,1,40
-0.114187,-67.093625,60,OSM:classe,1,40
-0.113621,-67.082733,60,OSM:classe,1,40
-0.112800,-67.091379,60,OSM:classe,1,40
-0.112126,-67.089898,60,OSM:classe,1,40
-0.111685,-67.025870,60,OSM:classe,1,40
-0.111659,-67.090193,60,OSM:classe,1,40
-0.109309,-67.091279,60,OSM:classe,1,40
-0.107439,-67.024551,60,OSM:classe,1,40
-0.103199,-67.023348,60,OSM:classe,1,40
-0.100105,-67.020085,60,OSM:classe,1,40
-0.097010,-67.016823,60,OSM:classe,1,40
-0.093510,-67.014125,60,OSM:classe,1,40
-0.089430,-67.012235,60,OSM:classe,1,40
-0.085350,-67.010345,60,OSM:classe,1,40
-0.082098,-67.007247,60,OSM:classe,1,40
-0.078862,-67.004124,60,OSM:classe,1,40
-0.074908,-67.002054,60,OSM:classe,1,40
-0.070552,-67.001503,60,OSM:classe,1,40
-0.066809,-66.999834,60,OSM:classe,1,40
-0.064169,-66.996194,60,OSM:classe,1,40
-0.062494,-66.992101,60,OSM:classe,1,40
-0.061735,-66.987669,60,OSM:classe,1,40
-0.060976,-66.983237,60,OSM:classe,1,40
-0.060217,-66.978805,60,OSM:classe,1,40
-0.058904,-66.974530,60,OSM:classe,1,40
-0.056993,-66.970471,60,OSM:classe,1,40
-0.053742,-66.967387,60,OSM:classe,1,40
-0.050494,-66.964280,60,OSM:classe,1,40
-0.048110,-66.960611,60,OSM:classe,1,40
-0.046738,-66.956329,60,OSM:classe,1,40
-0.045366,-66.952047,60,OSM:classe,1,40
-0.043994,-66.947765,60,OSM:classe,1,40
-0.042622,-66.943483,60,OSM:classe,1,40
-0.039009,-66.941005,60,OSM:classe,1,40
-0.034965,-66.939038,60,OSM:classe,1,40
-0.030922,-66.937071,60,OSM:classe,1,40
-0.027307,-66.934401,60,OSM:classe,1,40
-0.023690,-66.931744,60,OSM:classe,1,40
-0.019298,-66.930781,60,OSM:classe,1,40
-0.014906,-66.929818,60,OSM:classe,1,40
-0.013416,-66.928939,60,OSM:classe,1,40
-0.010941,-66.925207,60,OSM:classe,1,40
-0.008558,-66.921494,60,OSM:classe,1,40
-0.008289,-66.921379,60,OSM:classe,1,40
-0.005161,-66.920164,60,OSM:classe,1,40
-0.001112,-66.918207,60,OSM:classe,1,40
0.002936,-66.916250,60,OSM:classe,1,40
0.006985,-66.914293,60,OSM:classe,1,40
0.011033,-66.912337,60,OSM:classe,1,40
0.014024,-66.909107,60,OSM:classe,1,40
0.015882,-66.905100,60,OSM:classe,1,40
0.016698,-66.900678,60,OSM:classe,1,40
0.016780,-66.887362,60,OSM:classe,1,40
0.017005,-66.882998,60,OSM:classe,1,40
0.017493,-66.891802,60,OSM:classe,1,40
0.017514,-66.896256,60,OSM:classe,1,40
0.018980,-66.878958,60,OSM:classe,1,40
0.021019,-66.874972,60,OSM:classe,1,40
0.025220,-66.873424,60,OSM:classe,1,40
0.029334,-66.871680,60,OSM:classe,1,40
0.033014,-66.869096,60,OSM:classe,1,40
0.036694,-66.866512,60,OSM:classe,1,40
0.040374,-66.863928,60,OSM:classe,1,40
0.043519,-66.860770,60,OSM:classe,1,40
0.046518,-66.857487,60,OSM:classe,1,40
0.050088,-66.854753,60,OSM:classe,1,40
0.053658,-66.852019,60,OSM:classe,1,40
0.057228,-66.849285,60,OSM:classe,1,40
0.060798,-66.846551,60,OSM:classe,1,40
0.064084,-66.843535,60,OSM:classe,1,40
0.066385,-66.839721,60,OSM:classe,1,40
0.067984,-66.835518,60,OSM:classe,1,40
0.069583,-66.831316,60,OSM:classe,1,40
0.072591,-66.828231,60,OSM:classe,1,40
0.076622,-66.826240,60,OSM:classe,1,40
0.080654,-66.824249,60,OSM:classe,1,40
0.084326,-66.821669,60,OSM:classe,1,40
0.087936,-66.818988,60,OSM:classe,1,40
0.092082,-66.817460,60,OSM:classe,1,40
0.096458,-66.816429,60,OSM:classe,1,40
0.100835,-66.815398,60,OSM:classe,1,40
0.105212,-66.814367,60,OSM:classe,1,40
0.109589,-66.813336,60,OSM:classe,1,40
0.113839,-66.812012,60,OSM:classe,1,40
0.117582,-66.809520,60,OSM:classe,1,40
0.121325,-66.807029,60,OSM:classe,1,40
0.125069,-66.804538,60,OSM:classe,1,40
0.128927,-66.802347,60,OSM:classe,1,40
0.133377,-66.801699,60,OSM:classe,1,40
0.137826,-66.801051,60,OSM:classe,1,40
0.142294,-66.800678,60,OSM:classe,1,40
0.146790,-66.800755,60,OSM:classe,1,40
0.151285,-66.800832,60,OSM:classe,1,40
0.155781,-66.800910,60,OSM:classe,1,40
0.156014,-66.800912,60,OSM:classe,1,40
0.156387,-66.800917,60,OSM:classe,1,40
0.160883,-66.800978,60,OSM:classe,1,40
0.165324,-66.800570,60,OSM:classe,1,40
0.169592,-66.799156,60,OSM:classe,1,40
0.173861,-66.797741,60,OSM:classe,1,40
0.178129,-66.796327,60,OSM:classe,1,40
0.181954,-66.793984,60,OSM:classe,1,40
0.185737,-66.791553,60,OSM:classe,1,40
0.189288,-66.788831,60,OSM:classe,1,40
0.192508,-66.785692,60,OSM:classe,1,40
0.196241,-66.783359,60,OSM:classe,1,40
0.200703,-66.783150,60,OSM:classe,1,40
0.205199,-66.783237,60,OSM:classe,1,40
0.209694,-66.783324,60,OSM:classe,1,40
0.214190,-66.783412,60,OSM:classe,1,40
0.218649,-66.783266,60,OSM:classe,1,40
0.222898,-66.781794,60,OSM:classe,1,40
0.224086,-66.690662,60,OSM:classe,1,40
0.225264,-66.687103,60,OSM:classe,1,40
0.226663,-66.694347,60,OSM:classe,1,40
0.227252,-66.780821,60,OSM:classe,1,40
0.227517,-66.683491,60,OSM:classe,1,40
0.227626,-66.678995,60,OSM:classe,1,40
0.227735,-66.674500,60,OSM:classe,1,40
0.228005,-66.714569,60,OSM:classe,1,40
0.228778,-66.670305,60,OSM:classe,1,40
0.229239,-66.698033,60,OSM:classe,1,40
0.229350,-66.710286,60,OSM:classe,1,40
0.230144,-66.718501,60,OSM:classe,1,40
0.230837,-66.706042,60,OSM:classe,1,40
0.231094,-66.738899,60,OSM:classe,1,40
0.231167,-66.743249,60,OSM:classe,1,40
0.231662,-66.781383,60,OSM:classe,1,40
0.231723,-66.701770,60,OSM:classe,1,40
0.231802,-66.722520,60,OSM:classe,1,40
0.231878,-66.781214,60,OSM:classe,1,40
0.232160,-66.667345,60,OSM:classe,1,40
0.232450,-66.747558,60,OSM:classe,1,40
0.232601,-66.734662,60,OSM:classe,1,40
0.232928,-66.726503,60,OSM:classe,1,40
0.234108,-66.730426,60,OSM:classe,1,40
0.235418,-66.778441,60,OSM:classe,1,40
0.235557,-66.664398,60,OSM:classe,1,40
0.235846,-66.750227,60,OSM:classe,1,40
0.236031,-66.754550,60,OSM:classe,1,40
0.236384,-66.758905,60,OSM:classe,1,40
0.237531,-66.660584,60,OSM:classe,1,40
0.237717,-66.770851,60,OSM:classe,1,40
0.237953,-66.656200,60,OSM:classe,1,40
0.237980,-66.766511,60,OSM:classe,1,40
0.238381,-66.775246,60,OSM:classe,1,40
0.239217,-66.762370,60,OSM:classe,1,40
0.241696,-66.656786,60,OSM:classe,1,40
0.245929,-66.655716,60,OSM:classe,1,40
0.249597,-66.653143,60,OSM:classe,1,40
0.251120,-66.648947,60,OSM:classe,1,40
0.252667,-66.644757,60,OSM:classe,1,40
0.255434,-66.641212,60,OSM:classe,1,40
0.258949,-66.639349,60,OSM:classe,1,40
0.263180,-66.640712,60,OSM:classe,1,40
0.267611,-66.640071,60,OSM:classe,1,40
0.272012,-66.639152,60,OSM:classe,1,40
0.272435,-66.639073,60,OSM:classe,1,40
0.275876,-66.639183,60,OSM:classe,1,40
0.280371,-66.639326,60,OSM:classe,1,40
0.284865,-66.639470,60,OSM:classe,1,40
0.288705,-66.641373,60,OSM:classe,1,40
0.291799,-66.644622,60,OSM:classe,1,40
0.296074,-66.645551,60,OSM:classe,1,40
0.300541,-66.645032,60,OSM:classe,1,40
0.302022,-68.670611,60,OSM:classe,1,40
0.302284,-68.641019,60,OSM:classe,1,40
0.303912,-68.645138,60,OSM:classe,1,40
0.304066,-68.668393,60,OSM:classe,1,40
0.304336,-68.659848,60,OSM:classe,1,40
0.304877,-66.645763,60,OSM:classe,1,40
0.305231,-68.664201,60,OSM:classe,1,40
0.306682,-68.656351,60,OSM:classe,1,40
0.306999,-68.648308,60,OSM:classe,1,40
0.308008,-66.648989,60,OSM:classe,1,40
0.308066,-68.652516,60,OSM:classe,1,40
0.311762,-66.651401,60,OSM:classe,1,40
0.316125,-66.651135,60,OSM:classe,1,40
0.320416,-66.649791,60,OSM:classe,1,40
0.323443,-66.646501,60,OSM:classe,1,40
0.326510,-66.643217,60,OSM:classe,1,40
0.329622,-66.640013,60,OSM:classe,1,40
0.331336,-66.636119,60,OSM:classe,1,40
0.335636,-66.635291,60,OSM:classe,1,40
0.340069,-66.636044,60,OSM:classe,1,40
0.344490,-66.636553,60,OSM:classe,1,40
0.347814,-66.634049,60,OSM:classe,1,40
0.352295,-66.634428,60,OSM:classe,1,40
0.355420,-66.636992,60,OSM:classe,1,40
0.356754,-66.641216,60,OSM:classe,1,40
0.358118,-66.645180,60,OSM:classe,1,40
0.361705,-66.647891,60,OSM:classe,1,40
0.365293,-66.650602,60,OSM:classe,1,40
0.369082,-66.652760,60,OSM:classe,1,40
0.372884,-66.650852,60,OSM:classe,1,40
0.376617,-66.648802,60,OSM:classe,1,40
0.381091,-66.649244,60,OSM:classe,1,40
0.385566,-66.649685,60,OSM:classe,1,40
0.389594,-66.648256,60,OSM:classe,1,40
0.389878,-66.648021,60,OSM:classe,1,40
1.156998,-66.826043,60,OSM:classe,1,40
1.160762,-66.826733,60,OSM:classe,1,40
1.165186,-66.827543,60,OSM:classe,1,40
1.169609,-66.828353,60,OSM:classe,1,40
1.174032,-66.829163,60,OSM:classe,1,40
1.178417,-66.830155,60,OSM:classe,1,40
1.178774,-66.830449,60,OSM:classe,1,40
1.181311,-66.834076,60,OSM:classe,1,40
1.184025,-66.837658,60,OSM:classe,1,40
