lat,lng,kind,limit_kmh,source,active,end_lat,end_lng,direction_deg
-16.049680,-47.981315,FIXED,,DNIT,1,,,
-16.049194,-48.023376,FIXED,60,DETRAN-DF+OSM,1,,,
-16.049194,-48.011719,FIXED,60,DETRAN-DF,1,,,
-16.049194,-48.007812,FIXED,60,DETRAN-DF,1,,,
-16.049194,-48.001709,FIXED,,DETRAN-DF,1,,,
-16.049194,-47.998291,FIXED,60,DETRAN-DF,1,,,
-16.049194,-47.987305,FIXED,,DETRAN-DF,1,,,
-16.049194,-47.987183,FIXED,60,DETRAN-DF+OSM,1,,,
-16.048928,-47.991441,FIXED,60,OSM,1,,,
-16.048908,-48.023573,FIXED,60,OSM,1,,,
-16.048889,-48.023010,FIXED,60,DETRAN-DF,1,,,
-16.048889,-48.011108,FIXED,,DETRAN-DF,1,,,
-16.048889,-48.010803,FIXED,60,DETRAN-DF,1,,,
-16.048889,-48.006897,FIXED,60,DETRAN-DF,1,,,
-16.048889,-48.000793,FIXED,,DETRAN-DF,1,,,
-16.048889,-47.999695,FIXED,60,DETRAN-DF,1,,,
-16.048889,-47.994995,FIXED,60,DETRAN-DF,1,,,
-16.048889,-47.986694,FIXED,60,DETRAN-DF,1,,,
-16.048889,-47.986511,FIXED,,DETRAN-DF,1,,,
-16.048706,-48.036804,FIXED,60,DETRAN-DF,1,,,
-16.048706,-48.036011,FIXED,60,DETRAN-DF,1,,,
-16.047119,-48.039307,FIXED,,DETRAN-DF,1,,,
-16.046814,-48.040100,FIXED,,DETRAN-DF,1,,,
-16.045898,-48.033997,FIXED,60,DETRAN-DF,1,,,
-16.044983,-48.041199,FIXED,60,DETRAN-DF,1,,,
-16.044495,-48.041626,FIXED,,DETRAN-DF,1,,,
-16.044312,-48.042114,FIXED,60,DETRAN-DF,1,,,
-16.044189,-48.042175,FIXED,,DETRAN-DF,1,,,
-16.042603,-48.256287,FIXED,40,DETRAN-DF+OSM,1,,,
-16.042480,-48.256592,FIXED,,DETRAN-DF,1,,,
-16.042175,-48.256592,FIXED,40,DETRAN-DF+OSM,1,,,
-16.042114,-48.256592,FIXED,40,DETRAN-DF,1,,,
-16.040710,-48.062622,FIXED,,DETRAN-DF,1,,,
-16.039978,-48.063782,FIXED,,DETRAN-DF,1,,,
-16.039978,-48.062683,FIXED,,DETRAN-DF,1,,,
-16.039978,-48.058411,FIXED,,DETRAN-DF,1,,,
-16.039978,-47.979919,FIXED,60,DETRAN-DF+OSM,1,,,
-16.039490,-48.059387,FIXED,,DETRAN-DF,1,,,
-16.039124,-48.059998,FIXED,,DETRAN-DF,1,,,
-16.038696,-48.060730,FIXED,,DETRAN-DF,1,,,
-16.038513,-48.061829,FIXED,,DETRAN-DF,1,,,
-16.038391,-48.033508,FIXED,,DETRAN-DF,1,,,
-16.038208,-48.065186,FIXED,,DETRAN-DF,1,,,
-16.038208,-48.033081,FIXED,,DETRAN-DF,1,,,
-16.038086,-48.061401,FIXED,,DETRAN-DF,1,,,
-16.038086,-48.055481,FIXED,50,DETRAN-DF,1,,,
-16.037781,-48.064880,FIXED,,DETRAN-DF,1,,,
-16.037781,-48.061279,FIXED,,DETRAN-DF,1,,,
-16.037781,-48.033997,FIXED,,DETRAN-DF,1,,,
-16.037598,-48.033081,FIXED,,DETRAN-DF,1,,,
-16.037292,-48.060913,FIXED,,DETRAN-DF,1,,,
-16.037109,-48.064514,FIXED,,DETRAN-DF,1,,,
-16.036804,-48.064209,FIXED,,DETRAN-DF,1,,,
-16.036682,-48.053101,FIXED,60,DETRAN-DF,1,,,
-16.036499,-48.047791,FIXED,60,DETRAN-DF,1,,,
-16.036194,-48.060181,FIXED,,DETRAN-DF,1,,,
-16.036011,-48.063721,FIXED,,DETRAN-DF,1,,,
-16.035706,-48.059875,FIXED,,DETRAN-DF,1,,,
-16.035278,-48.060303,FIXED,,DETRAN-DF,1,,,
-16.035278,-48.033508,FIXED,,DETRAN-DF,1,,,
-16.034729,-48.061279,FIXED,,DETRAN-DF,1,,,
-16.034119,-48.062378,FIXED,,DETRAN-DF,1,,,
-16.033325,-48.061890,FIXED,,DETRAN-DF,1,,,
-16.033081,-48.063782,FIXED,,DETRAN-DF,1,,,
-16.032898,-48.075012,FIXED,,DETRAN-DF,1,,,
-16.032715,-48.064514,FIXED,,DETRAN-DF,1,,,
-16.032715,-48.063782,FIXED,,DETRAN-DF,1,,,
-16.032410,-48.075989,FIXED,,DETRAN-DF,1,,,
-16.032410,-48.057800,FIXED,60,DETRAN-DF,1,,,
-16.032410,-48.057617,FIXED,60,DETRAN-DF,1,,,
-16.032104,-48.065430,FIXED,,DETRAN-DF,1,,,
-16.031494,-48.066406,FIXED,,DETRAN-DF,1,,,
-16.031494,-48.059082,FIXED,50,DETRAN-DF,1,,,
-16.031006,-48.067200,FIXED,,DETRAN-DF,1,,,
-16.031006,-48.059021,FIXED,,DETRAN-DF,1,,,
-16.030823,-48.060486,FIXED,50,DETRAN-DF,1,,,
-16.030701,-48.065979,FIXED,,DETRAN-DF,1,,,
-16.030579,-48.066528,FIXED,,DETRAN-DF,1,,,
-16.030212,-48.065613,FIXED,,DETRAN-DF,1,,,
-16.030090,-48.066406,FIXED,,DETRAN-DF,1,,,
-16.029907,-48.080383,FIXED,,DETRAN-DF,1,,,
-16.029785,-48.069214,FIXED,,DETRAN-DF,1,,,
-16.029785,-48.066895,FIXED,,DETRAN-DF,1,,,
-16.029602,-48.062317,FIXED,60,DETRAN-DF,1,,,
-16.029480,-48.067322,FIXED,,DETRAN-DF,1,,,
-16.029297,-48.067688,FIXED,,DETRAN-DF,1,,,
-16.029175,-48.069580,FIXED,,DETRAN-DF,1,,,
-16.028992,-48.081787,FIXED,,DETRAN-DF,1,,,
-16.028992,-48.070496,FIXED,,DETRAN-DF,1,,,
-16.028381,-48.064514,FIXED,60,DETRAN-DF,1,,,
-16.028076,-48.061096,FIXED,,DETRAN-DF,1,,,
-16.027710,-48.068787,FIXED,,DETRAN-DF,1,,,
-16.027588,-48.060730,FIXED,,DETRAN-DF,1,,,
-16.027405,-48.069702,FIXED,,DETRAN-DF,1,,,
-16.027405,-48.061096,FIXED,,DETRAN-DF,1,,,
-16.027217,-47.979094,FIXED,60,DNIT+DETRAN-DF,1,,,349
-16.027100,-48.073608,FIXED,,DETRAN-DF,1,,,
-16.026794,-48.069275,FIXED,,DETRAN-DF,1,,,
-16.026778,-47.979105,FIXED,60,OSM,1,,,
-16.026489,-48.080994,FIXED,,DETRAN-DF,1,,,
-16.026489,-48.029907,FIXED,,DETRAN-DF,1,,,
-16.026428,-48.063904,FIXED,,DETRAN-DF,1,,,
-16.026306,-48.078186,FIXED,,DETRAN-DF,1,,,
-16.026306,-48.073975,FIXED,,DETRAN-DF,1,,,
-16.026306,-48.060608,FIXED,,DETRAN-DF,1,,,
-16.026184,-48.067688,FIXED,50,DETRAN-DF,1,,,
-16.026184,-48.029785,FIXED,,DETRAN-DF,1,,,
-16.026001,-48.080627,FIXED,,DETRAN-DF,1,,,
-16.026001,-48.065979,FIXED,,DETRAN-DF,1,,,
-16.025879,-47.979492,FIXED,60,DETRAN-DF,1,,,
-16.025818,-48.063904,FIXED,,DETRAN-DF,1,,,
-16.025611,-47.979528,FIXED,60,DNIT+OSM,1,,,169
-16.025513,-48.068909,FIXED,50,DETRAN-DF,1,,,
-16.025208,-48.087219,FIXED,,DETRAN-DF,1,,,
-16.025208,-48.080200,FIXED,,DETRAN-DF,1,,,
-16.025208,-48.064209,FIXED,,DETRAN-DF,1,,,
-16.024597,-48.054077,FIXED,,DETRAN-DF,1,,,
-16.024475,-48.077698,FIXED,,DETRAN-DF,1,,,
-16.024414,-48.081116,FIXED,,DETRAN-DF,1,,,
-16.024292,-48.062683,FIXED,,DETRAN-DF,1,,,
-16.024109,-48.084106,FIXED,,DETRAN-DF,1,,,
-16.023926,-48.028198,FIXED,60,DETRAN-DF,1,,,
-16.023804,-48.083984,FIXED,,DETRAN-DF,1,,,
-16.023804,-48.027283,FIXED,,DETRAN-DF,1,,,
-16.023621,-48.026123,FIXED,,DETRAN-DF,1,,,
-16.023010,-48.070190,FIXED,,DETRAN-DF,1,,,
-16.023010,-48.070007,FIXED,,DETRAN-DF,1,,,
-16.023010,-48.026978,FIXED,60,DETRAN-DF,1,,,
-16.022217,-48.024109,FIXED,,DETRAN-DF,1,,,
-16.021912,-48.062012,FIXED,,DETRAN-DF,1,,,
-16.021179,-48.073303,FIXED,,DETRAN-DF,1,,,
-16.020813,-48.081909,FIXED,,DETRAN-DF,1,,,
-16.020691,-48.083008,FIXED,,DETRAN-DF,1,,,
-16.020508,-47.801208,FIXED,,DETRAN-DF,1,,,
-16.020386,-48.085083,FIXED,,DETRAN-DF,1,,,
-16.020386,-48.081604,FIXED,,DETRAN-DF,1,,,
-16.019287,-48.067627,FIXED,,DETRAN-DF,1,,,
-16.019287,-48.061890,FIXED,,DETRAN-DF,1,,,
-16.019226,-48.073303,FIXED,,DETRAN-DF,1,,,
-16.018982,-48.067505,FIXED,,DETRAN-DF,1,,,
-16.018982,-47.801208,FIXED,,DETRAN-DF,1,,,
-16.018982,-47.801086,FIXED,,DETRAN-DF,1,,,
-16.018799,-48.061890,FIXED,,DETRAN-DF,1,,,
-16.018494,-48.083984,FIXED,,DETRAN-DF,1,,,
-16.018444,-47.980917,FIXED,60,DNIT+DETRAN-DF,1,,,348
-16.018311,-48.061890,FIXED,,DETRAN-DF,1,,,
-16.017883,-48.061707,FIXED,,DETRAN-DF,1,,,
-16.017822,-48.015808,FIXED,,DETRAN-DF,1,,,
-16.017578,-48.015503,FIXED,,DETRAN-DF,1,,,
-16.017212,-48.064087,FIXED,40,DETRAN-DF,1,,,
-16.016785,-48.061707,FIXED,,DETRAN-DF,1,,,
-16.016785,-48.017395,FIXED,40,DETRAN-DF,1,,,
-16.016479,-48.073120,FIXED,,DETRAN-DF,1,,,
-16.016479,-48.065491,FIXED,40,DETRAN-DF,1,,,
-16.016113,-48.059692,FIXED,,DETRAN-DF,1,,,
-16.016113,-48.059204,FIXED,,DETRAN-DF,1,,,
-16.016113,-48.058594,FIXED,,DETRAN-DF,1,,,
-16.015991,-48.061707,FIXED,,DETRAN-DF,1,,,
-16.015808,-48.015991,FIXED,40,DETRAN-DF,1,,,
-16.015381,-48.016479,FIXED,40,DETRAN-DF+OSM,1,,,
-16.015198,-48.061707,FIXED,,DETRAN-DF,1,,,
-16.014893,-48.073914,FIXED,,DETRAN-DF,1,,,
-16.014709,-48.005493,FIXED,40,DETRAN-DF,1,,,
-16.014282,-48.059998,FIXED,60,DETRAN-DF,1,,,
-16.014099,-48.074707,FIXED,,DETRAN-DF,1,,,
-16.013794,-48.069702,FIXED,,DETRAN-DF,1,,,
-16.013428,-48.075684,FIXED,,DETRAN-DF,1,,,
-16.013306,-48.065308,FIXED,,DETRAN-DF,1,,,
-16.013000,-48.064697,FIXED,,DETRAN-DF,1,,,
-16.013000,-48.060120,FIXED,60,DETRAN-DF,1,,,
-16.012695,-48.076904,FIXED,,DETRAN-DF,1,,,
-16.012512,-48.063904,FIXED,,DETRAN-DF,1,,,
-16.012085,-48.066223,FIXED,50,DETRAN-DF,1,,,
-16.011780,-48.078308,FIXED,,DETRAN-DF,1,,,
-16.010193,-48.080811,FIXED,,DETRAN-DF,1,,,
-16.009583,-48.053528,FIXED,40,DETRAN-DF,1,,,
-16.009399,-48.077393,FIXED,,DETRAN-DF,1,,,
-16.009399,-48.061096,FIXED,50,DETRAN-DF,1,,,
-16.009216,-48.058228,FIXED,,DETRAN-DF,1,,,
-16.009094,-48.162903,FIXED,,DETRAN-DF,1,,,
-16.009094,-48.161926,FIXED,,DETRAN-DF,1,,,
-16.008911,-48.053589,FIXED,40,DETRAN-DF,1,,,
-16.008789,-48.120483,FIXED,,DETRAN-DF,1,,,
-16.008118,-48.122314,FIXED,,DETRAN-DF,1,,,
-16.007690,-48.078796,FIXED,,DETRAN-DF,1,,,
-16.007629,-48.120605,FIXED,,DETRAN-DF,1,,,
-16.007507,-48.069519,FIXED,,DETRAN-DF,1,,,
-16.007507,-48.041626,FIXED,80,DETRAN-DF,1,,,
-16.007202,-48.044312,FIXED,80,DETRAN-DF,1,,,
-16.007080,-48.081177,FIXED,,DETRAN-DF,1,,,
-16.006775,-48.080383,FIXED,,DETRAN-DF,1,,,
-16.006104,-48.081421,FIXED,,DETRAN-DF,1,,,
-16.006104,-47.999207,FIXED,40,DETRAN-DF,1,,,
-16.005798,-48.053284,FIXED,40,DETRAN-DF,1,,,
-16.005615,-47.997986,FIXED,40,DETRAN-DF,1,,,
-16.005310,-48.047607,FIXED,80,DETRAN-DF,1,,,
-16.004395,-47.992004,FIXED,60,DETRAN-DF,1,,,
-16.004089,-48.059692,FIXED,60,DETRAN-DF,1,,,
-16.003906,-48.056213,FIXED,,DETRAN-DF,1,,,
-16.003906,-48.053406,FIXED,50,DETRAN-DF,1,,,
-16.003296,-48.059509,FIXED,60,DETRAN-DF,1,,,
-16.003113,-48.056213,FIXED,,DETRAN-DF,1,,,
-16.002991,-48.076477,FIXED,,DETRAN-DF,1,,,
-16.002380,-48.075012,FIXED,,DETRAN-DF,1,,,
-16.001587,-48.073608,FIXED,,DETRAN-DF,1,,,
-16.001526,-48.075684,FIXED,,DETRAN-DF,1,,,
-16.001404,-48.071716,FIXED,,DETRAN-DF,1,,,
-15.999512,-48.115906,FIXED,,DETRAN-DF,1,,,
-15.999390,-48.076782,FIXED,,DETRAN-DF,1,,,
-15.999390,-48.062195,FIXED,,DETRAN-DF,1,,,
-15.999207,-48.061829,FIXED,,DETRAN-DF,1,,,
-15.999084,-48.115784,FIXED,,DETRAN-DF,1,,,
-15.997986,-48.077515,FIXED,,DETRAN-DF,1,,,
-15.997986,-48.077393,FIXED,,DETRAN-DF,1,,,
-15.994278,-47.986028,FIXED,,DNIT,1,,,169
-15.993286,-48.077087,FIXED,,DETRAN-DF,1,,,
-15.991882,-48.076294,FIXED,,DETRAN-DF,1,,,
-15.991882,-48.076111,FIXED,,DETRAN-DF,1,,,
-15.984802,-48.041321,FIXED,80,DETRAN-DF+OSM,1,,,
-15.984375,-48.041321,FIXED,80,DETRAN-DF+OSM,1,,,
-15.983887,-48.119324,FIXED,,DETRAN-DF,1,,,
-15.983093,-48.119690,FIXED,,DETRAN-DF,1,,,
-15.982788,-47.819580,FIXED,,DETRAN-DF,1,,,
-15.980896,-48.071777,FIXED,,DETRAN-DF,1,,,
-15.980530,-48.071716,FIXED,,DETRAN-DF,1,,,
-15.980530,-48.071594,FIXED,,DETRAN-DF,1,,,
-15.978394,-48.000977,FIXED,80,DETRAN-DF,1,,,
-15.978088,-47.999512,FIXED,80,DETRAN-DF,1,,,
-15.977295,-48.033020,FIXED,80,DETRAN-DF,1,,,
-15.977253,-47.992063,FIXED,50,OSM,1,,,
-15.977112,-47.991577,FIXED,,DETRAN-DF,1,,,
-15.976379,-48.032410,FIXED,80,DETRAN-DF,1,,,
-15.975586,-48.010315,FIXED,80,DETRAN-DF,1,,,
-15.975098,-48.011780,FIXED,80,DETRAN-DF,1,,,
-15.974609,-48.124084,FIXED,,DETRAN-DF,1,,,
-15.973816,-48.124512,FIXED,,DETRAN-DF,1,,,
-15.971497,-48.027100,FIXED,80,DETRAN-DF,1,,,
-15.971008,-48.025879,FIXED,80,DETRAN-DF,1,,,
-15.971008,-47.586487,FIXED,,DETRAN-DF,1,,,
-15.969299,-47.818604,FIXED,,DETRAN-DF,1,,,
-15.968811,-48.018005,FIXED,50,DETRAN-DF,1,,,
-15.968628,-48.018616,FIXED,50,DETRAN-DF,1,,,
-15.968079,-47.588196,FIXED,,DETRAN-DF,1,,,
-15.966919,-48.127991,FIXED,,DETRAN-DF,1,,,
-15.966309,-47.818298,FIXED,,DETRAN-DF,1,,,
-15.966125,-48.128479,FIXED,,DETRAN-DF,1,,,
-15.964111,-47.818115,FIXED,,DETRAN-DF,1,,,
-15.962585,-48.130310,FIXED,,DETRAN-DF,1,,,
-15.962518,-47.661431,FIXED,,DNIT,1,,,
-15.961792,-48.130676,FIXED,,DETRAN-DF,1,,,
-15.961487,-47.817810,FIXED,,DETRAN-DF,1,,,
-15.960205,-48.013794,FIXED,80,DETRAN-DF,1,,,
-15.959778,-48.013916,FIXED,80,DETRAN-DF,1,,,
-15.959106,-48.026489,FIXED,50,DETRAN-DF,1,,,
-15.958313,-48.027283,FIXED,50,DETRAN-DF,1,,,
-15.957214,-48.083008,FIXED,,DETRAN-DF,1,,,
-15.956421,-48.052307,FIXED,,DETRAN-DF,1,,,
-15.956421,-48.052185,FIXED,,DETRAN-DF,1,,,
-15.956299,-48.009583,FIXED,80,DETRAN-DF,1,,,
-15.955383,-48.051025,FIXED,,DETRAN-DF,1,,,
-15.954529,-48.076782,FIXED,,DETRAN-DF,1,,,
-15.952393,-47.994202,FIXED,80,DETRAN-DF,1,,,
-15.951904,-48.044617,FIXED,,DETRAN-DF,1,,,
-15.951904,-48.044495,FIXED,,DETRAN-DF,1,,,
-15.949707,-48.034729,FIXED,80,DETRAN-DF,1,,,
-15.949097,-48.034912,FIXED,80,DETRAN-DF,1,,,
-15.948486,-48.000916,FIXED,80,DETRAN-DF,1,,,
-15.948181,-48.062927,FIXED,,DETRAN-DF,1,,,
-15.948120,-47.823181,FIXED,,DETRAN-DF,1,,,
-15.947998,-47.823181,FIXED,,DETRAN-DF,1,,,
-15.947876,-48.000610,FIXED,80,DETRAN-DF,1,,,
-15.945574,-47.793160,FIXED,,DNIT,1,,,110
-15.945438,-47.789458,FIXED,,DNIT,1,,,256
-15.945312,-47.824402,FIXED,,DETRAN-DF,1,,,
-15.945129,-47.602600,FIXED,,DETRAN-DF,1,,,
-15.943604,-47.727783,FIXED,60,DETRAN-DF,1,,,
-15.943298,-48.039795,FIXED,50,DETRAN-DF,1,,,
-15.942688,-47.604004,FIXED,,DETRAN-DF,1,,,
-15.942017,-47.733887,FIXED,60,DETRAN-DF,1,,,
-15.940308,-48.143677,FIXED,,DETRAN-DF,1,,,
-15.940308,-47.986816,FIXED,80,DETRAN-DF,1,,,
-15.939697,-47.986694,FIXED,80,DETRAN-DF,1,,,
-15.938904,-48.143677,FIXED,,DETRAN-DF,1,,,
-15.938698,-47.761018,FIXED,,DNIT,1,,,
-15.938110,-47.748291,FIXED,40,DETRAN-DF,1,,,
-15.937622,-47.756897,FIXED,60,DETRAN-DF,1,,,
-15.937500,-48.228394,FIXED,,DETRAN-DF,1,,,
-15.937500,-47.750488,FIXED,40,DETRAN-DF,1,,,
-15.937443,-47.755913,FIXED,,DNIT,1,,,76
-15.937378,-48.227417,FIXED,,DETRAN-DF,1,,,
-15.937012,-47.750000,FIXED,,DETRAN-DF,1,,,
-15.936707,-48.223511,FIXED,,DETRAN-DF,1,,,
-15.935913,-48.221497,FIXED,,DETRAN-DF,1,,,
-15.935181,-48.043213,FIXED,80,DETRAN-DF,1,,,
-15.933105,-48.143799,FIXED,,DETRAN-DF,1,,,
-15.932678,-48.143799,FIXED,,DETRAN-DF,1,,,
-15.932617,-48.214111,FIXED,80,DETRAN-DF,1,,,
-15.929077,-47.979309,FIXED,80,DETRAN-DF,1,,,
-15.928894,-48.045410,FIXED,80,DETRAN-DF,1,,,
-15.928748,-48.167674,FIXED,,OSM,1,,,
-15.926514,-48.203918,FIXED,80,DETRAN-DF,1,,,
-15.921326,-48.170776,FIXED,80,DETRAN-DF,1,,,
-15.921082,-48.185486,FIXED,80,DETRAN-DF,1,,,
-15.919887,-48.165129,FIXED,,OSM,1,,,
-15.919678,-47.604919,FIXED,,DETRAN-DF,1,,,
-15.919495,-48.164978,FIXED,60,DETRAN-DF,1,,,
-15.919312,-48.165100,FIXED,60,DETRAN-DF+OSM,1,,,
-15.918884,-47.605103,FIXED,,DETRAN-DF,1,,,
-15.917175,-48.049011,FIXED,80,DETRAN-DF,1,,,
-15.916992,-48.049316,FIXED,80,DETRAN-DF,1,,,
-15.913696,-47.969177,FIXED,80,DETRAN-DF,1,,,
-15.913391,-47.969177,FIXED,80,DETRAN-DF,1,,,
-15.910120,-48.151744,FIXED,80,OSM,1,,,
-15.909904,-48.151800,FIXED,,OSM,1,,,
-15.909790,-48.150818,FIXED,80,DETRAN-DF,1,,,
-15.909790,-48.051392,FIXED,80,DETRAN-DF,1,,,
-15.909607,-47.946411,FIXED,60,DETRAN-DF,1,,,
-15.909386,-48.051551,FIXED,80,OSM,1,,,
-15.908875,-48.051880,FIXED,80,DETRAN-DF,1,,,
-15.908691,-47.947693,FIXED,60,DETRAN-DF,1,,,
-15.906982,-48.049500,FIXED,,DETRAN-DF,1,,,
-15.906982,-47.770386,FIXED,30,DETRAN-DF,1,,,
-15.906921,-48.082397,FIXED,50,DETRAN-DF,1,,,
-15.906616,-48.050903,FIXED,,DETRAN-DF,1,,,
-15.906311,-48.081177,FIXED,50,DETRAN-DF,1,,,
-15.906311,-48.049805,FIXED,,DETRAN-DF,1,,,
-15.906189,-47.771729,FIXED,30,DETRAN-DF,1,,,
-15.905884,-47.951782,FIXED,60,DETRAN-DF,1,,,
-15.905396,-48.051086,FIXED,,DETRAN-DF,1,,,
-15.905098,-48.137158,FIXED,80,ANTT,1,,,252
-15.905047,-48.136780,FIXED,,OSM,1,,,
-15.904907,-48.136292,FIXED,80,DETRAN-DF,1,,,
-15.904907,-48.051514,FIXED,,DETRAN-DF,1,,,
-15.904602,-47.773804,FIXED,60,DETRAN-DF,1,,,
-15.904480,-48.050293,FIXED,,DETRAN-DF,1,,,
-15.904297,-47.808105,FIXED,,DETRAN-DF,1,,,
-15.904175,-48.067993,FIXED,60,DETRAN-DF,1,,,
-15.903992,-48.050476,FIXED,,DETRAN-DF,1,,,
-15.903625,-48.047180,FIXED,,DETRAN-DF,1,,,
-15.903503,-47.963318,FIXED,80,DETRAN-DF,1,,,
-15.903503,-47.775391,FIXED,60,DETRAN-DF,1,,,
-15.903381,-48.050720,FIXED,,DETRAN-DF,1,,,
-15.902588,-48.052185,FIXED,,DETRAN-DF,1,,,
-15.902283,-48.059326,FIXED,50,DETRAN-DF,1,,,
-15.902283,-47.777100,FIXED,,DETRAN-DF,1,,,
-15.902100,-48.053894,FIXED,50,DETRAN-DF,1,,,
-15.901794,-48.058289,FIXED,50,DETRAN-DF,1,,,
-15.901794,-48.052490,FIXED,,DETRAN-DF,1,,,
-15.901184,-48.052612,FIXED,,DETRAN-DF,1,,,
-15.901184,-47.778198,FIXED,50,DETRAN-DF,1,,,
-15.900879,-47.778809,FIXED,,DETRAN-DF,1,,,
-15.900024,-47.780029,FIXED,40,DETRAN-DF,1,,,
-15.899780,-48.054810,FIXED,50,DETRAN-DF,1,,,
-15.898193,-47.782593,FIXED,,DETRAN-DF,1,,,
-15.898010,-47.931824,FIXED,,DETRAN-DF,1,,,
-15.897888,-47.932617,FIXED,,DETRAN-DF,1,,,
-15.897400,-47.787476,FIXED,,DETRAN-DF,1,,,
-15.897278,-47.789795,FIXED,60,DETRAN-DF,1,,,
-15.897217,-47.785889,FIXED,60,DETRAN-DF+OSM,1,,,
-15.897095,-47.786804,FIXED,,DETRAN-DF,1,,,
-15.896912,-47.785400,FIXED,60,DETRAN-DF,1,,,
-15.896729,-47.938477,FIXED,,DETRAN-DF,1,,,
-15.896606,-47.949829,FIXED,60,DETRAN-DF,1,,,
-15.896484,-47.962219,FIXED,80,DETRAN-DF,1,,,
-15.896179,-47.776184,FIXED,30,DETRAN-DF,1,,,
-15.895318,-48.102900,FIXED,80,OSM,1,,,
-15.895020,-47.791504,FIXED,60,DETRAN-DF,1,,,
-15.892090,-47.782898,FIXED,50,DETRAN-DF,1,,,
-15.892029,-47.950989,FIXED,60,DETRAN-DF,1,,,
-15.891907,-47.950989,FIXED,60,DETRAN-DF,1,,,
-15.890686,-47.797913,FIXED,60,DETRAN-DF,1,,,
-15.890481,-48.086677,FIXED,60,ANTT,1,,,73
-15.890076,-47.799927,FIXED,80,DETRAN-DF,1,,,
-15.889282,-47.780823,FIXED,50,DETRAN-DF,1,,,
-15.888611,-47.805481,FIXED,,DETRAN-DF,1,,,
-15.888489,-47.804504,FIXED,,DETRAN-DF,1,,,
-15.888391,-47.820124,FIXED,60,OSM,1,,,
-15.888123,-47.807312,FIXED,,DETRAN-DF,1,,,
-15.888000,-47.806396,FIXED,,DETRAN-DF,1,,,
-15.887695,-47.981201,FIXED,,DETRAN-DF,1,,,
-15.887207,-48.058594,FIXED,80,DETRAN-DF,1,,,
-15.886780,-47.810486,FIXED,80,DETRAN-DF,1,,,
-15.886414,-47.960510,FIXED,80,DETRAN-DF,1,,,
-15.885986,-47.960510,FIXED,80,DETRAN-DF,1,,,
-15.885010,-47.816528,FIXED,80,DETRAN-DF,1,,,
-15.884399,-47.972778,FIXED,,DETRAN-DF,1,,,
-15.884399,-47.971802,FIXED,,DETRAN-DF,1,,,
-15.882507,-48.084290,FIXED,60,DETRAN-DF,1,,,
-15.882202,-47.822510,FIXED,60,DETRAN-DF,1,,,
-15.881897,-47.807190,FIXED,,DETRAN-DF,1,,,
-15.881775,-47.806213,FIXED,,DETRAN-DF,1,,,
-15.880981,-47.822998,FIXED,60,DETRAN-DF,1,,,
-15.880188,-48.054199,FIXED,80,DETRAN-DF,1,,,
-15.879822,-47.960388,FIXED,,DETRAN-DF,1,,,
-15.879753,-48.053433,FIXED,80,OSM,1,,,
-15.879578,-47.813904,FIXED,,DETRAN-DF,1,,,
-15.879578,-47.811096,FIXED,,DETRAN-DF,1,,,
-15.878479,-48.052490,FIXED,80,DETRAN-DF+OSM,1,,,
-15.878418,-48.011780,FIXED,40,DETRAN-DF+OSM,1,,,
-15.878209,-48.013458,FIXED,40,OSM,1,,,
-15.877930,-48.014099,FIXED,80,DETRAN-DF,1,,,
-15.877930,-48.009521,FIXED,40,DETRAN-DF+OSM,1,,,
-15.877930,-48.006775,FIXED,80,DETRAN-DF,1,,,
-15.877625,-48.017700,FIXED,80,DETRAN-DF,1,,,
-15.877502,-48.066589,FIXED,60,DETRAN-DF,1,,,
-15.877380,-48.003479,FIXED,80,DETRAN-DF,1,,,
-15.877380,-48.000427,FIXED,80,DETRAN-DF+OSM,1,,,
-15.877362,-48.003088,FIXED,80,OSM,1,,,
-15.877319,-48.018188,FIXED,80,DETRAN-DF,1,,,
-15.877283,-48.020257,FIXED,80,OSM,1,,,
-15.877197,-48.066711,FIXED,60,DETRAN-DF,1,,,
-15.877197,-48.020630,FIXED,80,DETRAN-DF,1,,,
-15.877014,-47.996094,FIXED,80,DETRAN-DF,1,,,
-15.876709,-48.022095,FIXED,80,DETRAN-DF,1,,,
-15.876589,-48.048739,FIXED,80,OSM,1,,,
-15.876587,-48.027527,FIXED,60,DETRAN-DF,1,,,
-15.876587,-48.024597,FIXED,80,DETRAN-DF,1,,,
-15.876587,-47.994385,FIXED,80,DETRAN-DF,1,,,
-15.876526,-47.991089,FIXED,80,DETRAN-DF,1,,,
-15.876331,-48.027637,FIXED,60,OSM,1,,,
-15.876282,-47.961975,FIXED,,DETRAN-DF,1,,,
-15.876282,-47.814392,FIXED,,DETRAN-DF,1,,,
-15.876221,-47.987305,FIXED,80,DETRAN-DF,1,,,
-15.876221,-47.962280,FIXED,,DETRAN-DF,1,,,
-15.875977,-47.964478,FIXED,,DETRAN-DF,1,,,
-15.875793,-47.985413,FIXED,80,DETRAN-DF,1,,,
-15.875610,-48.030701,FIXED,80,DETRAN-DF+OSM,1,,,
-15.875610,-47.822815,FIXED,,DETRAN-DF,1,,,
-15.875610,-47.803223,FIXED,,DETRAN-DF,1,,,
-15.875494,-48.048082,FIXED,60,OSM,1,,,
-15.875340,-47.823011,FIXED,60,OSM,1,,,
-15.875305,-47.815796,FIXED,,DETRAN-DF,1,,,
-15.875183,-48.078491,FIXED,,DETRAN-DF,1,,,
-15.875183,-47.802979,FIXED,,DETRAN-DF,1,,,
-15.874695,-48.075928,FIXED,50,DETRAN-DF,1,,,
-15.874663,-48.034509,FIXED,,OSM,1,,,
-15.874207,-47.822876,FIXED,60,DETRAN-DF+OSM,1,,,
-15.874084,-48.074707,FIXED,50,DETRAN-DF,1,,,
-15.874084,-48.044006,FIXED,80,DETRAN-DF+OSM,1,,,
-15.873979,-48.039264,FIXED,,OSM,1,,,
-15.873779,-48.045776,FIXED,,DETRAN-DF,1,,,
-15.873596,-47.822510,FIXED,,DETRAN-DF,1,,,
-15.873413,-48.042603,FIXED,80,DETRAN-DF,1,,,
-15.873413,-47.967224,FIXED,,DETRAN-DF,1,,,
-15.873291,-47.966675,FIXED,,DETRAN-DF,1,,,
-15.873135,-47.978199,FIXED,,OSM,1,,,
-15.873108,-48.029114,FIXED,,DETRAN-DF,1,,,
-15.873108,-48.028992,FIXED,,DETRAN-DF,1,,,
-15.873108,-47.818604,FIXED,,DETRAN-DF,1,,,
-15.872985,-47.978514,FIXED,,OSM,1,,,
-15.872498,-47.822876,FIXED,60,DETRAN-DF+OSM,1,,,
-15.872314,-48.067810,FIXED,,DETRAN-DF,1,,,
-15.872314,-47.977112,FIXED,60,DETRAN-DF,1,,,
-15.872314,-47.976501,FIXED,60,DETRAN-DF,1,,,
-15.872009,-48.156677,FIXED,80,DETRAN-DF,1,,,
-15.872009,-47.969421,FIXED,,DETRAN-DF,1,,,
-15.871887,-47.964478,FIXED,,DETRAN-DF,1,,,
-15.871826,-47.820312,FIXED,,DETRAN-DF,1,,,
-15.871704,-48.065979,FIXED,60,DETRAN-DF,1,,,
-15.871277,-48.065613,FIXED,60,DETRAN-DF,1,,,
-15.870483,-48.061707,FIXED,50,DETRAN-DF,1,,,
-15.870483,-48.059998,FIXED,50,DETRAN-DF,1,,,
-15.870483,-47.973022,FIXED,60,DETRAN-DF+OSM,1,,,
-15.870483,-47.970581,FIXED,,DETRAN-DF,1,,,
-15.870300,-47.970398,FIXED,,DETRAN-DF,1,,,
-15.870300,-47.822205,FIXED,60,DETRAN-DF+OSM,1,,,
-15.870117,-47.972900,FIXED,60,DETRAN-DF+OSM,1,,,
-15.869812,-47.991211,FIXED,60,DETRAN-DF,1,,,
-15.869690,-48.030884,FIXED,60,DETRAN-DF,1,,,
-15.869690,-47.967285,FIXED,,DETRAN-DF,1,,,
-15.869690,-47.797729,FIXED,,DETRAN-DF,1,,,
-15.869507,-48.087708,FIXED,60,DETRAN-DF,1,,,
-15.869324,-47.796997,FIXED,,DETRAN-DF,1,,,
-15.869202,-47.967896,FIXED,,DETRAN-DF,1,,,
-15.869105,-47.822117,FIXED,60,OSM,1,,,
-15.869080,-48.087585,FIXED,60,DETRAN-DF,1,,,
-15.868896,-47.947205,FIXED,80,DETRAN-DF,1,,,
-15.868713,-47.968079,FIXED,,DETRAN-DF,1,,,
-15.868591,-47.967285,FIXED,,DETRAN-DF,1,,,
-15.868591,-47.821899,FIXED,60,DETRAN-DF,1,,,
-15.868408,-48.055786,FIXED,60,DETRAN-DF,1,,,
-15.868408,-47.965088,FIXED,,DETRAN-DF,1,,,
-15.868286,-47.946411,FIXED,80,DETRAN-DF,1,,,
-15.868225,-47.968506,FIXED,60,DETRAN-DF,1,,,
-15.868103,-47.991089,FIXED,60,DETRAN-DF+OSM,1,,,
-15.867798,-47.968384,FIXED,60,DETRAN-DF,1,,,
-15.867676,-47.821228,FIXED,,DETRAN-DF,1,,,
-15.867310,-47.962830,FIXED,,DETRAN-DF,1,,,
-15.867004,-47.974792,FIXED,,DETRAN-DF,1,,,
-15.867004,-47.821411,FIXED,60,DETRAN-DF,1,,,
-15.866882,-48.037109,FIXED,,DETRAN-DF,1,,,
-15.866821,-47.961609,FIXED,,DETRAN-DF,1,,,
-15.866699,-47.965698,FIXED,60,DETRAN-DF+OSM,1,,,
-15.866577,-47.984802,FIXED,60,DETRAN-DF,1,,,
-15.866545,-47.984473,FIXED,60,OSM,1,,,
-15.866211,-47.960510,FIXED,,DETRAN-DF,1,,,
-15.866211,-47.816284,FIXED,,DETRAN-DF,1,,,
-15.866211,-47.792786,FIXED,,DETRAN-DF,1,,,
-15.865906,-48.032898,FIXED,60,DETRAN-DF,1,,,
-15.865784,-47.865417,FIXED,,DETRAN-DF,1,,,
-15.865784,-47.816711,FIXED,,DETRAN-DF,1,,,
-15.865601,-47.864990,FIXED,,DETRAN-DF,1,,,
-15.865295,-48.056580,FIXED,60,DETRAN-DF,1,,,
-15.865112,-48.038086,FIXED,,DETRAN-DF,1,,,
-15.865112,-47.976501,FIXED,,DETRAN-DF,1,,,
-15.864990,-48.033813,FIXED,60,DETRAN-DF,1,,,
-15.864624,-48.033990,FIXED,,OSM,1,,,
-15.864380,-47.939697,FIXED,60,DETRAN-DF,1,,,
-15.864319,-48.079590,FIXED,50,DETRAN-DF,1,,,
-15.864319,-48.038513,FIXED,,DETRAN-DF,1,,,
-15.864197,-47.620728,FIXED,,DETRAN-DF,1,,,
-15.863892,-47.960510,FIXED,60,DETRAN-DF,1,,,
-15.863586,-47.983582,FIXED,60,DETRAN-DF+OSM,1,,,
-15.862915,-48.052979,FIXED,,DETRAN-DF,1,,,
-15.862793,-48.078003,FIXED,50,DETRAN-DF,1,,,
-15.862610,-48.076599,FIXED,,DETRAN-DF,1,,,
-15.862305,-48.087524,FIXED,60,DETRAN-DF,1,,,
-15.862305,-48.076782,FIXED,,DETRAN-DF,1,,,
-15.862000,-48.075378,FIXED,,DETRAN-DF,1,,,
-15.861877,-48.087585,FIXED,60,DETRAN-DF,1,,,
-15.861694,-48.075378,FIXED,,DETRAN-DF,1,,,
-15.861515,-47.985474,FIXED,60,OSM,1,,,
-15.861511,-48.041809,FIXED,,DETRAN-DF,1,,,
-15.861511,-47.863525,FIXED,,DETRAN-DF,1,,,
-15.861328,-48.040100,FIXED,,DETRAN-DF,1,,,
-15.861328,-47.862793,FIXED,,DETRAN-DF,1,,,
-15.861206,-48.074524,FIXED,60,DETRAN-DF,1,,,
-15.861206,-48.073608,FIXED,60,DETRAN-DF,1,,,
-15.861206,-47.956604,FIXED,80,DETRAN-DF,1,,,
-15.860718,-47.871887,FIXED,,DETRAN-DF,1,,,
-15.860264,-47.818861,FIXED,70,OSM,1,,,
-15.860107,-48.049683,FIXED,,DETRAN-DF,1,,,
-15.860107,-47.956299,FIXED,60,DETRAN-DF,1,,,
-15.860107,-47.819092,FIXED,70,DETRAN-DF,1,,,
-15.859985,-47.818787,FIXED,70,DETRAN-DF,1,,,
-15.859924,-48.095093,FIXED,70,DETRAN-DF,1,,,
-15.859619,-47.870789,FIXED,70,DETRAN-DF,1,,,
-15.859619,-47.858398,FIXED,,DETRAN-DF,1,,,
-15.859497,-47.870911,FIXED,70,DETRAN-DF+OSM,1,,,
-15.859375,-47.857910,FIXED,,DETRAN-DF,1,,,
-15.859314,-47.870728,FIXED,70,DETRAN-DF+OSM,1,,,
-15.859009,-47.935486,FIXED,60,DETRAN-DF,1,,,
-15.858704,-48.043030,FIXED,,DETRAN-DF,1,,,
-15.858704,-47.918823,FIXED,60,DETRAN-DF,1,,,
-15.858582,-47.867004,FIXED,70,DETRAN-DF,1,,,
-15.858400,-47.832441,FIXED,40,OSM,1,,,
-15.858093,-48.044922,FIXED,,DETRAN-DF,1,,,
-15.857605,-47.924377,FIXED,70,DETRAN-DF,1,,,
-15.857483,-48.080811,FIXED,40,DETRAN-DF,1,,,
-15.857483,-48.037476,FIXED,60,DETRAN-DF,1,,,
-15.857422,-47.921875,FIXED,70,DETRAN-DF,1,,,
-15.857300,-48.037781,FIXED,60,DETRAN-DF,1,,,
-15.856995,-47.920288,FIXED,70,DETRAN-DF,1,,,
-15.856812,-47.953796,FIXED,,DETRAN-DF,1,,,
-15.856384,-48.079285,FIXED,40,DETRAN-DF,1,,,
-15.856384,-48.043701,FIXED,,DETRAN-DF,1,,,
-15.856384,-48.041504,FIXED,,DETRAN-DF,1,,,
-15.856384,-47.953003,FIXED,,DETRAN-DF,1,,,
-15.856323,-48.179016,FIXED,80,DETRAN-DF,1,,,
-15.856201,-48.044495,FIXED,,DETRAN-DF,1,,,
-15.856201,-47.910522,FIXED,60,DETRAN-DF,1,,,
-15.856079,-48.097107,FIXED,70,DETRAN-DF,1,,,
-15.856018,-47.916992,FIXED,70,DETRAN-DF,1,,,
-15.855591,-47.951904,FIXED,,DETRAN-DF,1,,,
-15.855591,-47.858887,FIXED,70,DETRAN-DF,1,,,
-15.855530,-47.991577,FIXED,60,DETRAN-DF,1,,,
-15.855455,-47.858531,FIXED,,OSM,1,,,
-15.855408,-48.076294,FIXED,60,DETRAN-DF,1,,,
-15.854981,-47.817255,FIXED,50,OSM,1,,,
-15.854980,-47.881104,FIXED,,DETRAN-DF,1,,,
-15.854909,-47.817515,FIXED,50,OSM,1,,,
-15.854797,-48.074890,FIXED,40,DETRAN-DF,1,,,
-15.854797,-47.950623,FIXED,,DETRAN-DF,1,,,
-15.854492,-47.858276,FIXED,70,DETRAN-DF+OSM,1,,,
-15.854309,-47.949890,FIXED,,DETRAN-DF,1,,,
-15.854004,-47.949402,FIXED,,DETRAN-DF,1,,,
-15.853882,-47.949097,FIXED,,DETRAN-DF,1,,,
-15.853821,-48.073608,FIXED,40,DETRAN-DF,1,,,
-15.853577,-47.948608,FIXED,,DETRAN-DF,1,,,
-15.853516,-47.993713,FIXED,60,DETRAN-DF,1,,,
-15.853394,-48.039612,FIXED,60,DETRAN-DF,1,,,
-15.853210,-47.843994,FIXED,70,DETRAN-DF,1,,,
-15.852905,-47.947510,FIXED,,DETRAN-DF,1,,,
-15.852478,-48.116089,FIXED,,DETRAN-DF,1,,,
-15.852417,-48.116089,FIXED,,DETRAN-DF,1,,,
-15.852295,-48.040527,FIXED,60,DETRAN-DF+OSM,1,,,
-15.852112,-47.946228,FIXED,,DETRAN-DF,1,,,
-15.851990,-48.046204,FIXED,60,DETRAN-DF,1,,,
-15.851807,-48.115479,FIXED,,DETRAN-DF,1,,,
-15.851685,-48.098389,FIXED,70,DETRAN-DF,1,,,
-15.851501,-48.047424,FIXED,,DETRAN-DF,1,,,
-15.851501,-47.876282,FIXED,70,DETRAN-DF,1,,,
-15.851196,-48.041687,FIXED,,DETRAN-DF,1,,,
-15.850708,-48.046692,FIXED,60,DETRAN-DF,1,,,
-15.850673,-47.975078,FIXED,50,OSM,1,,,
-15.850281,-48.113098,FIXED,50,DETRAN-DF,1,,,
-15.850098,-48.042175,FIXED,,DETRAN-DF,1,,,
-15.850098,-47.897400,FIXED,,DETRAN-DF,1,,,
-15.849976,-48.112976,FIXED,50,DETRAN-DF,1,,,
-15.849609,-47.908508,FIXED,70,DETRAN-DF,1,,,
-15.849487,-47.895325,FIXED,,DETRAN-DF,1,,,
-15.849487,-47.849304,FIXED,70,DETRAN-DF,1,,,
-15.849407,-47.975319,FIXED,50,OSM,1,,,
-15.849304,-47.906311,FIXED,70,DETRAN-DF,1,,,
-15.848999,-48.042786,FIXED,,DETRAN-DF,1,,,
-15.848328,-47.885193,FIXED,50,DETRAN-DF,1,,,
-15.848206,-48.115112,FIXED,50,DETRAN-DF,1,,,
-15.847778,-47.874390,FIXED,70,DETRAN-DF,1,,,
-15.847595,-47.890076,FIXED,60,DETRAN-DF,1,,,
-15.847595,-47.849609,FIXED,70,DETRAN-DF,1,,,
-15.847412,-48.115906,FIXED,50,DETRAN-DF,1,,,
-15.847412,-48.044006,FIXED,,DETRAN-DF,1,,,
-15.847412,-47.886292,FIXED,50,DETRAN-DF,1,,,
-15.847229,-48.100098,FIXED,70,DETRAN-DF,1,,,
-15.846985,-48.044312,FIXED,,DETRAN-DF,1,,,
-15.846802,-48.043518,FIXED,60,DETRAN-DF,1,,,
-15.846802,-48.033203,FIXED,,DETRAN-DF,1,,,
-15.846680,-47.974915,FIXED,60,DETRAN-DF,1,,,
-15.846497,-48.044495,FIXED,,DETRAN-DF,1,,,
-15.846497,-47.974792,FIXED,60,DETRAN-DF,1,,,
-15.846497,-47.973389,FIXED,,DETRAN-DF,1,,,
-15.846375,-48.043213,FIXED,,DETRAN-DF,1,,,
-15.846375,-47.972290,FIXED,50,DETRAN-DF,1,,,
-15.846313,-48.074890,FIXED,60,DETRAN-DF,1,,,
-15.846008,-48.044800,FIXED,,DETRAN-DF,1,,,
-15.846008,-47.971008,FIXED,50,DETRAN-DF,1,,,
-15.845886,-48.194275,FIXED,80,DETRAN-DF,1,,,
-15.845886,-48.111389,FIXED,50,DETRAN-DF,1,,,
-15.845886,-47.896484,FIXED,70,DETRAN-DF,1,,,
-15.845581,-47.979614,FIXED,60,DETRAN-DF,1,,,
-15.845581,-47.968018,FIXED,,DETRAN-DF,1,,,
-15.845581,-47.923828,FIXED,80,OSM,1,,,
-15.845520,-47.923279,FIXED,80,DETRAN-DF,1,,,
-15.845520,-47.896301,FIXED,70,DETRAN-DF,1,,,
-15.845398,-48.000183,FIXED,60,DETRAN-DF,1,,,
-15.845276,-47.926208,FIXED,80,DETRAN-DF+OSM,1,,,
-15.844910,-47.935181,FIXED,70,DETRAN-DF,1,,,
-15.844910,-47.882324,FIXED,,DETRAN-DF,1,,,
-15.844788,-48.112488,FIXED,50,DETRAN-DF,1,,,
-15.844788,-47.934998,FIXED,70,DETRAN-DF,1,,,
-15.844753,-47.939091,FIXED,70,OSM,1,,,
-15.844727,-47.939392,FIXED,70,DETRAN-DF,1,,,
-15.844604,-47.920898,FIXED,80,DETRAN-DF+OSM,1,,,
-15.844482,-47.931519,FIXED,80,DETRAN-DF,1,,,
-15.844299,-47.953979,FIXED,80,DETRAN-DF,1,,,
-15.844299,-47.940491,FIXED,70,DETRAN-DF+OSM,1,,,
-15.844299,-47.938293,FIXED,60,DETRAN-DF+OSM,1,,,
-15.844177,-47.891296,FIXED,70,DETRAN-DF,1,,,
-15.844177,-47.818909,FIXED,80,DETRAN-DF,1,,,
-15.843994,-48.032410,FIXED,,DETRAN-DF,1,,,
-15.843994,-47.943481,FIXED,60,DETRAN-DF,1,,,
-15.843942,-47.819262,FIXED,80,OSM,1,,,
-15.843689,-47.890808,FIXED,70,DETRAN-DF,1,,,
-15.843506,-47.944580,FIXED,70,DETRAN-DF,1,,,
-15.843506,-47.943420,FIXED,70,DETRAN-DF,1,,,
-15.843506,-47.850586,FIXED,70,DETRAN-DF+OSM,1,,,
-15.843432,-48.103564,FIXED,60,OSM,1,,,
-15.843384,-47.917419,FIXED,80,DETRAN-DF,1,,,
-15.843201,-47.917480,FIXED,80,DETRAN-DF,1,,,
-15.843182,-47.850466,FIXED,,OSM,1,,,
-15.843018,-47.849609,FIXED,70,DETRAN-DF,1,,,
-15.842896,-47.982483,FIXED,,DETRAN-DF,1,,,
-15.842712,-48.001526,FIXED,60,DETRAN-DF,1,,,
-15.842590,-48.102783,FIXED,60,DETRAN-DF,1,,,
-15.842529,-47.869995,FIXED,70,DETRAN-DF,1,,,
-15.842285,-47.947510,FIXED,70,DETRAN-DF,1,,,
-15.842285,-47.844421,FIXED,70,DETRAN-DF+OSM,1,,,
-15.842224,-47.947021,FIXED,60,DETRAN-DF,1,,,
-15.841919,-48.075500,FIXED,60,DETRAN-DF,1,,,
-15.841919,-48.045715,FIXED,60,DETRAN-DF,1,,,
-15.841675,-47.842712,FIXED,70,DETRAN-DF,1,,,
-15.841614,-48.029175,FIXED,60,DETRAN-DF,1,,,
-15.841614,-48.025330,FIXED,,DETRAN-DF,1,,,
-15.841614,-47.950195,FIXED,70,DETRAN-DF,1,,,
-15.841614,-47.897583,FIXED,50,DETRAN-DF+OSM,1,,,
-15.841593,-48.029798,FIXED,50,OSM,1,,,
-15.841492,-47.886108,FIXED,70,DETRAN-DF,1,,,
-15.841309,-48.046204,FIXED,60,DETRAN-DF,1,,,
-15.841309,-47.886292,FIXED,70,DETRAN-DF,1,,,
-15.841309,-47.869202,FIXED,70,DETRAN-DF,1,,,
-15.841187,-47.912109,FIXED,80,DETRAN-DF,1,,,
-15.841187,-47.822998,FIXED,80,DETRAN-DF,1,,,
-15.841125,-47.983582,FIXED,60,DETRAN-DF,1,,,
-15.841003,-47.983521,FIXED,60,DETRAN-DF,1,,,
-15.840964,-48.046363,FIXED,,OSM,1,,,
-15.840698,-48.049377,FIXED,60,DETRAN-DF,1,,,
-15.840576,-47.825684,FIXED,,DETRAN-DF,1,,,
-15.840515,-48.002380,FIXED,50,DETRAN-DF,1,,,
-15.840393,-47.921692,FIXED,60,DETRAN-DF,1,,,
-15.840210,-47.968323,FIXED,60,DETRAN-DF,1,,,
-15.840210,-47.954407,FIXED,70,DETRAN-DF,1,,,
-15.840088,-47.967712,FIXED,60,DETRAN-DF,1,,,
-15.840027,-47.930786,FIXED,80,DETRAN-DF,1,,,
-15.839905,-48.020203,FIXED,,DETRAN-DF,1,,,
-15.839417,-47.877014,FIXED,,DETRAN-DF,1,,,
-15.839111,-48.038879,FIXED,,DETRAN-DF,1,,,
-15.839111,-48.018616,FIXED,,DETRAN-DF,1,,,
-15.839111,-47.952393,FIXED,,DETRAN-DF,1,,,
-15.838928,-48.038818,FIXED,,DETRAN-DF,1,,,
-15.838928,-47.807007,FIXED,,DETRAN-DF,1,,,
-15.838623,-48.047607,FIXED,60,DETRAN-DF,1,,,
-15.838623,-47.959290,FIXED,70,DETRAN-DF,1,,,
-15.838501,-47.984802,FIXED,,DETRAN-DF,1,,,
-15.838406,-48.029715,FIXED,50,OSM,1,,,
-15.838379,-48.030090,FIXED,60,DETRAN-DF,1,,,
-15.838379,-48.020081,FIXED,,DETRAN-DF,1,,,
-15.838379,-47.953186,FIXED,80,DETRAN-DF,1,,,
-15.838379,-47.876892,FIXED,,DETRAN-DF,1,,,
-15.838310,-48.047788,FIXED,,OSM,1,,,
-15.838196,-48.047302,FIXED,60,DETRAN-DF+OSM,1,,,
-15.838196,-48.027588,FIXED,,DETRAN-DF,1,,,
-15.838196,-48.020630,FIXED,50,DETRAN-DF,1,,,
-15.838196,-48.020508,FIXED,50,DETRAN-DF,1,,,
-15.838196,-47.905884,FIXED,80,DETRAN-DF,1,,,
-15.838013,-48.020813,FIXED,,DETRAN-DF,1,,,
-15.838013,-47.918823,FIXED,60,DETRAN-DF+OSM,1,,,
-15.837891,-48.044189,FIXED,,DETRAN-DF,1,,,
-15.837891,-48.019104,FIXED,,DETRAN-DF,1,,,
-15.837891,-48.015808,FIXED,60,DETRAN-DF+OSM,1,,,
-15.837830,-48.035706,FIXED,,DETRAN-DF,1,,,
-15.837830,-48.023621,FIXED,60,DETRAN-DF+OSM,1,,,
-15.837830,-47.962402,FIXED,70,DETRAN-DF,1,,,
-15.837708,-48.035889,FIXED,,DETRAN-DF,1,,,
-15.837708,-48.003784,FIXED,50,DETRAN-DF,1,,,
-15.837708,-47.918579,FIXED,60,DETRAN-DF,1,,,
-15.837585,-47.985413,FIXED,,DETRAN-DF,1,,,
-15.837585,-47.929504,FIXED,60,DETRAN-DF+OSM,1,,,
-15.837280,-48.098328,FIXED,50,DETRAN-DF,1,,,
-15.837280,-48.038696,FIXED,60,DETRAN-DF+OSM,1,,,
-15.837280,-48.035278,FIXED,,DETRAN-DF,1,,,
-15.837280,-48.018982,FIXED,,DETRAN-DF,1,,,
-15.837280,-47.836609,FIXED,70,DETRAN-DF+OSM,1,,,
-15.837219,-48.047913,FIXED,60,DETRAN-DF,1,,,
-15.837219,-48.017395,FIXED,,DETRAN-DF,1,,,
-15.837219,-48.012878,FIXED,,DETRAN-DF,1,,,
-15.837097,-48.109985,FIXED,60,DETRAN-DF,1,,,
-15.837097,-48.035400,FIXED,,DETRAN-DF,1,,,
-15.837097,-48.028992,FIXED,,DETRAN-DF,1,,,
-15.837097,-48.010925,FIXED,,DETRAN-DF,1,,,
-15.836975,-48.090393,FIXED,60,DETRAN-DF,1,,,
-15.836975,-47.871399,FIXED,,DETRAN-DF,1,,,
-15.836914,-47.872498,FIXED,,DETRAN-DF,1,,,
-15.836792,-48.007996,FIXED,,DETRAN-DF,1,,,
-15.836633,-47.835888,FIXED,,OSM,1,,,
-15.836609,-48.059387,FIXED,60,DETRAN-DF,1,,,
-15.836609,-48.048584,FIXED,60,DETRAN-DF+OSM,1,,,
-15.836609,-48.016113,FIXED,,DETRAN-DF,1,,,
-15.836609,-48.008118,FIXED,,DETRAN-DF,1,,,
-15.836487,-48.090576,FIXED,60,DETRAN-DF,1,,,
-15.836487,-48.066406,FIXED,50,DETRAN-DF+OSM,1,,,
-15.836487,-47.824890,FIXED,80,DETRAN-DF+OSM,1,,,
-15.836426,-48.008606,FIXED,,DETRAN-DF,1,,,
-15.836304,-48.207397,FIXED,80,DETRAN-DF,1,,,
-15.836304,-48.032288,FIXED,,DETRAN-DF,1,,,
-15.836182,-48.009094,FIXED,,DETRAN-DF,1,,,
-15.836121,-48.099182,FIXED,50,DETRAN-DF,1,,,
-15.836121,-47.920410,FIXED,,DETRAN-DF,1,,,
-15.835999,-47.973511,FIXED,60,DETRAN-DF+OSM,1,,,
-15.835999,-47.867187,FIXED,,DETRAN-DF,1,,,
-15.835952,-47.835279,FIXED,,OSM,1,,,
-15.835876,-48.064026,FIXED,50,DETRAN-DF+OSM,1,,,
-15.835876,-47.971375,FIXED,60,DETRAN-DF+OSM,1,,,
-15.835876,-47.921509,FIXED,,DETRAN-DF,1,,,
-15.835876,-47.868713,FIXED,,DETRAN-DF,1,,,
-15.835815,-48.017029,FIXED,,DETRAN-DF,1,,,
-15.835815,-47.869690,FIXED,,DETRAN-DF,1,,,
-15.835693,-47.870605,FIXED,,DETRAN-DF,1,,,
-15.835388,-47.921814,FIXED,,DETRAN-DF,1,,,
-15.835388,-47.834412,FIXED,70,DETRAN-DF,1,,,
-15.835327,-48.105713,FIXED,60,DETRAN-DF,1,,,
-15.835327,-48.060181,FIXED,60,DETRAN-DF,1,,,
-15.835083,-48.099487,FIXED,60,DETRAN-DF,1,,,
-15.835083,-47.818909,FIXED,70,DETRAN-DF,1,,,
-15.835022,-47.923218,FIXED,,DETRAN-DF,1,,,
-15.835022,-47.804077,FIXED,,DETRAN-DF,1,,,
-15.834947,-47.818517,FIXED,70,OSM,1,,,
-15.834900,-48.017029,FIXED,60,DETRAN-DF+OSM,1,,,
-15.834900,-47.825806,FIXED,70,DETRAN-DF,1,,,
-15.834778,-48.021484,FIXED,,DETRAN-DF,1,,,
-15.834717,-48.056702,FIXED,60,DETRAN-DF,1,,,
-15.834717,-48.036377,FIXED,60,DETRAN-DF+OSM,1,,,
-15.834717,-47.825195,FIXED,70,DETRAN-DF+OSM,1,,,
-15.834595,-48.031982,FIXED,,DETRAN-DF,1,,,
-15.834595,-48.031006,FIXED,,DETRAN-DF,1,,,
-15.834595,-48.029480,FIXED,,DETRAN-DF,1,,,
-15.834534,-47.900372,FIXED,50,OSM,1,,,
-15.834412,-47.920105,FIXED,,DETRAN-DF,1,,,
-15.834412,-47.823914,FIXED,40,DETRAN-DF,1,,,
-15.834290,-48.008911,FIXED,,DETRAN-DF,1,,,
-15.834106,-47.952515,FIXED,60,DETRAN-DF,1,,,
-15.833984,-47.895203,FIXED,80,DETRAN-DF,1,,,
-15.833801,-48.057007,FIXED,60,DETRAN-DF,1,,,
-15.833801,-47.951904,FIXED,80,DETRAN-DF,1,,,
-15.833678,-48.089996,FIXED,60,OSM,1,,,
-15.833496,-48.056885,FIXED,60,DETRAN-DF,1,,,
-15.833496,-48.020081,FIXED,,DETRAN-DF,1,,,
-15.833496,-48.005676,FIXED,60,DETRAN-DF,1,,,
-15.833496,-47.895081,FIXED,80,DETRAN-DF,1,,,
-15.833496,-47.802917,FIXED,,DETRAN-DF,1,,,
-15.833269,-48.057238,FIXED,50,OSM,1,,,
-15.833191,-47.987000,FIXED,,DETRAN-DF,1,,,
-15.833191,-47.925110,FIXED,,DETRAN-DF,1,,,
-15.833191,-47.877502,FIXED,,DETRAN-DF,1,,,
-15.832886,-47.920593,FIXED,,DETRAN-DF,1,,,
-15.832886,-47.919983,FIXED,,DETRAN-DF,1,,,
-15.832581,-48.060913,FIXED,60,DETRAN-DF,1,,,
-15.832581,-47.924377,FIXED,,DETRAN-DF,1,,,
-15.832520,-48.077209,FIXED,40,DETRAN-DF,1,,,
-15.832397,-47.921875,FIXED,80,DETRAN-DF,1,,,
-15.832242,-48.077270,FIXED,40,OSM,1,,,
-15.832214,-47.924194,FIXED,,DETRAN-DF,1,,,
-15.832092,-48.096191,FIXED,60,DETRAN-DF,1,,,
-15.831909,-48.096497,FIXED,60,DETRAN-DF,1,,,
-15.831909,-47.925476,FIXED,,DETRAN-DF,1,,,
-15.831787,-48.057678,FIXED,60,DETRAN-DF,1,,,
-15.831787,-47.921387,FIXED,80,DETRAN-DF,1,,,
-15.831769,-47.813666,FIXED,70,OSM,1,,,
-15.831726,-47.925781,FIXED,,DETRAN-DF,1,,,
-15.831683,-48.090960,FIXED,60,OSM,1,,,
-15.831482,-47.876282,FIXED,,DETRAN-DF,1,,,
-15.831482,-47.869019,FIXED,70,DETRAN-DF,1,,,
-15.831421,-48.057678,FIXED,40,DETRAN-DF,1,,,
-15.831421,-47.909485,FIXED,60,DETRAN-DF,1,,,
-15.831421,-47.825623,FIXED,60,DETRAN-DF+OSM,1,,,
-15.831299,-48.045593,FIXED,80,DETRAN-DF,1,,,
-15.831299,-47.875305,FIXED,,DETRAN-DF,1,,,
-15.831299,-47.813293,FIXED,70,DETRAN-DF,1,,,
-15.831257,-47.909241,FIXED,60,OSM,1,,,
-15.831250,-48.045140,FIXED,80,OSM,1,,,
-15.831177,-48.051880,FIXED,,DETRAN-DF,1,,,
-15.831177,-47.926208,FIXED,,DETRAN-DF,1,,,
-15.831177,-47.922424,FIXED,,DETRAN-DF,1,,,
-15.831116,-48.091187,FIXED,60,DETRAN-DF,1,,,
-15.830997,-48.045139,FIXED,80,OSM,1,,,
-15.830994,-48.056580,FIXED,,DETRAN-DF,1,,,
-15.830994,-48.044800,FIXED,80,DETRAN-DF,1,,,
-15.830994,-47.925415,FIXED,,DETRAN-DF,1,,,
-15.830994,-47.909180,FIXED,60,DETRAN-DF+OSM,1,,,
-15.830811,-47.922119,FIXED,,DETRAN-DF,1,,,
-15.830811,-47.877502,FIXED,70,DETRAN-DF,1,,,
-15.830811,-47.876282,FIXED,,DETRAN-DF,1,,,
-15.830688,-47.921814,FIXED,,DETRAN-DF,1,,,
-15.830688,-47.914795,FIXED,,DETRAN-DF,1,,,
-15.830627,-47.938599,FIXED,,DETRAN-DF,1,,,
-15.830627,-47.920593,FIXED,60,DETRAN-DF,1,,,
-15.830505,-47.926086,FIXED,,DETRAN-DF,1,,,
-15.830383,-48.054993,FIXED,,DETRAN-DF,1,,,
-15.830383,-48.054199,FIXED,,DETRAN-DF,1,,,
-15.830383,-48.036499,FIXED,60,DETRAN-DF+OSM,1,,,
-15.830383,-47.989502,FIXED,,DETRAN-DF,1,,,
-15.830366,-48.040381,FIXED,80,OSM,1,,,
-15.830322,-48.095886,FIXED,60,DETRAN-DF,1,,,
-15.830322,-48.039978,FIXED,80,DETRAN-DF,1,,,
-15.830200,-48.109619,FIXED,50,DETRAN-DF,1,,,
-15.830200,-48.091492,FIXED,,DETRAN-DF,1,,,
-15.830200,-48.078186,FIXED,40,DETRAN-DF,1,,,
-15.830200,-48.054382,FIXED,,DETRAN-DF,1,,,
-15.830200,-48.053894,FIXED,,DETRAN-DF,1,,,
-15.830200,-48.036987,FIXED,80,DETRAN-DF+OSM,1,,,
-15.830200,-47.926392,FIXED,,DETRAN-DF,1,,,
-15.830200,-47.922791,FIXED,,DETRAN-DF,1,,,
-15.830078,-48.051392,FIXED,60,DETRAN-DF+OSM,1,,,
-15.830078,-48.051208,FIXED,60,DETRAN-DF,1,,,
-15.830078,-48.016602,FIXED,,DETRAN-DF,1,,,
-15.830020,-47.826826,FIXED,60,OSM,1,,,
-15.830017,-47.926880,FIXED,,DETRAN-DF,1,,,
-15.830017,-47.913879,FIXED,,DETRAN-DF,1,,,
-15.829712,-48.083313,FIXED,50,DETRAN-DF,1,,,
-15.829712,-48.007202,FIXED,60,DETRAN-DF+OSM,1,,,
-15.829712,-47.923096,FIXED,,DETRAN-DF,1,,,
-15.829712,-47.922791,FIXED,,DETRAN-DF,1,,,
-15.829712,-47.914612,FIXED,,DETRAN-DF,1,,,
-15.829590,-47.919495,FIXED,60,DETRAN-DF,1,,,
-15.829407,-47.827087,FIXED,60,DETRAN-DF,1,,,
-15.829285,-48.110413,FIXED,50,DETRAN-DF,1,,,
-15.829285,-47.990906,FIXED,,DETRAN-DF,1,,,
-15.829285,-47.915710,FIXED,,DETRAN-DF,1,,,
-15.829224,-48.115784,FIXED,50,DETRAN-DF,1,,,
-15.829102,-47.924316,FIXED,,DETRAN-DF,1,,,
-15.828979,-48.055481,FIXED,,DETRAN-DF,1,,,
-15.828979,-48.054810,FIXED,,DETRAN-DF,1,,,
-15.828979,-48.030212,FIXED,,DETRAN-DF,1,,,
-15.828979,-47.827087,FIXED,60,DETRAN-DF+OSM,1,,,
-15.828979,-47.810730,FIXED,70,DETRAN-DF,1,,,
-15.828968,-48.034787,FIXED,60,OSM,1,,,
-15.828796,-48.083801,FIXED,50,DETRAN-DF,1,,,
-15.828796,-48.034485,FIXED,60,DETRAN-DF,1,,,
-15.828796,-47.810120,FIXED,70,DETRAN-DF,1,,,
-15.828614,-47.809823,FIXED,70,OSM,1,,,
-15.828613,-48.033325,FIXED,80,DETRAN-DF,1,,,
-15.828613,-47.924377,FIXED,,DETRAN-DF,1,,,
-15.828491,-48.092224,FIXED,,DETRAN-DF,1,,,
-15.828491,-48.055725,FIXED,,DETRAN-DF,1,,,
-15.828491,-48.054810,FIXED,,DETRAN-DF,1,,,
-15.828491,-48.007812,FIXED,60,DETRAN-DF+OSM,1,,,
-15.828308,-47.924194,FIXED,,DETRAN-DF,1,,,
-15.828308,-47.915283,FIXED,60,DETRAN-DF,1,,,
-15.828186,-47.986206,FIXED,60,DETRAN-DF,1,,,
-15.828125,-48.116699,FIXED,50,DETRAN-DF,1,,,
-15.828061,-48.032517,FIXED,80,OSM,1,,,
-15.827881,-48.010803,FIXED,,DETRAN-DF,1,,,
-15.827820,-47.992310,FIXED,,DETRAN-DF,1,,,
-15.827698,-48.010803,FIXED,,DETRAN-DF,1,,,
-15.827698,-47.934875,FIXED,,DETRAN-DF,1,,,
-15.827698,-47.924316,FIXED,,DETRAN-DF,1,,,
-15.827698,-47.915710,FIXED,80,DETRAN-DF,1,,,
-15.827576,-48.103699,FIXED,50,DETRAN-DF,1,,,
-15.827576,-48.062683,FIXED,60,DETRAN-DF,1,,,
-15.827576,-48.055908,FIXED,,DETRAN-DF,1,,,
-15.827576,-48.055298,FIXED,,DETRAN-DF,1,,,
-15.827576,-48.031006,FIXED,80,DETRAN-DF+OSM,1,,,
-15.827576,-47.919800,FIXED,,DETRAN-DF,1,,,
-15.827087,-48.097290,FIXED,50,DETRAN-DF,1,,,
-15.827087,-47.920105,FIXED,,DETRAN-DF,1,,,
-15.827087,-47.909302,FIXED,,DETRAN-DF,1,,,
-15.827026,-47.974792,FIXED,50,DETRAN-DF,1,,,
-15.827026,-47.950806,FIXED,80,DETRAN-DF,1,,,
-15.826904,-48.056702,FIXED,,DETRAN-DF,1,,,
-15.826782,-48.054199,FIXED,60,DETRAN-DF,1,,,
-15.826782,-47.917175,FIXED,,DETRAN-DF,1,,,
-15.826721,-48.055603,FIXED,,DETRAN-DF,1,,,
-15.826721,-47.926086,FIXED,60,DETRAN-DF,1,,,
-15.826599,-47.927612,FIXED,,DETRAN-DF,1,,,
-15.826599,-47.918030,FIXED,,DETRAN-DF,1,,,
-15.826599,-47.913025,FIXED,60,DETRAN-DF+OSM,1,,,
-15.826477,-48.054077,FIXED,60,DETRAN-DF+OSM,1,,,
-15.826477,-47.920410,FIXED,,DETRAN-DF,1,,,
-15.826477,-47.917908,FIXED,,DETRAN-DF,1,,,
-15.826477,-47.917480,FIXED,,DETRAN-DF,1,,,
-15.826477,-47.909180,FIXED,,DETRAN-DF,1,,,
-15.826477,-47.874329,FIXED,50,DETRAN-DF,1,,,
-15.826416,-47.992798,FIXED,,DETRAN-DF,1,,,
-15.826416,-47.921387,FIXED,,DETRAN-DF,1,,,
-15.826294,-48.008770,FIXED,60,OSM,1,,,
-15.826294,-48.059509,FIXED,60,DETRAN-DF,1,,,
-15.826255,-48.054438,FIXED,60,OSM,1,,,
-15.826155,-48.009015,FIXED,60,OSM,1,,,
-15.826111,-48.067017,FIXED,,DETRAN-DF,1,,,
-15.826111,-47.975708,FIXED,50,DETRAN-DF,1,,,
-15.826111,-47.951111,FIXED,80,DETRAN-DF,1,,,
-15.826111,-47.918213,FIXED,,DETRAN-DF,1,,,
-15.826111,-47.913208,FIXED,80,DETRAN-DF,1,,,
-15.825989,-48.092896,FIXED,60,DETRAN-DF,1,,,
-15.825989,-47.909180,FIXED,,DETRAN-DF,1,,,
-15.825928,-48.067200,FIXED,,DETRAN-DF,1,,,
-15.825806,-48.065979,FIXED,,DETRAN-DF,1,,,
-15.825806,-47.909302,FIXED,,DETRAN-DF,1,,,
-15.825623,-48.027405,FIXED,60,DETRAN-DF,1,,,
-15.825500,-48.065430,FIXED,,DETRAN-DF,1,,,
-15.825500,-47.921082,FIXED,,DETRAN-DF,1,,,
-15.825378,-48.065002,FIXED,,DETRAN-DF,1,,,
-15.825378,-47.980408,FIXED,60,DETRAN-DF,1,,,
-15.825378,-47.922180,FIXED,,DETRAN-DF,1,,,
-15.825378,-47.909790,FIXED,,DETRAN-DF,1,,,
-15.825378,-47.909607,FIXED,,DETRAN-DF,1,,,
-15.825317,-47.910095,FIXED,,DETRAN-DF,1,,,
-15.825266,-48.026682,FIXED,60,OSM,1,,,
-15.825195,-48.064514,FIXED,,DETRAN-DF,1,,,
-15.825195,-48.027100,FIXED,80,DETRAN-DF,1,,,
-15.825195,-47.979797,FIXED,60,DETRAN-DF,1,,,
-15.825195,-47.926575,FIXED,,DETRAN-DF,1,,,
-15.825195,-47.919128,FIXED,,DETRAN-DF,1,,,
-15.825012,-48.119080,FIXED,60,DETRAN-DF,1,,,
-15.825012,-48.118713,FIXED,60,DETRAN-DF,1,,,
-15.825012,-48.113586,FIXED,60,DETRAN-DF,1,,,
-15.825012,-48.067505,FIXED,,DETRAN-DF,1,,,
-15.825012,-48.063904,FIXED,,DETRAN-DF,1,,,
-15.825012,-48.009277,FIXED,60,DETRAN-DF,1,,,
-15.825012,-47.921509,FIXED,,DETRAN-DF,1,,,
-15.825012,-47.909790,FIXED,,DETRAN-DF,1,,,
-15.825012,-47.909180,FIXED,,DETRAN-DF,1,,,
-15.824901,-47.876723,FIXED,60,OSM,1,,,
-15.824890,-47.926086,FIXED,,DETRAN-DF,1,,,
-15.824890,-47.914307,FIXED,,DETRAN-DF,1,,,
-15.824829,-47.908875,FIXED,,DETRAN-DF,1,,,
-15.824707,-48.119080,FIXED,60,DETRAN-DF,1,,,
-15.824585,-48.118713,FIXED,60,DETRAN-DF,1,,,
-15.824524,-48.026428,FIXED,80,DETRAN-DF,1,,,
-15.824402,-47.993408,FIXED,,DETRAN-DF,1,,,
-15.824189,-48.026085,FIXED,80,OSM,1,,,
-15.823975,-47.919617,FIXED,,DETRAN-DF,1,,,
-15.823975,-47.914978,FIXED,,DETRAN-DF,1,,,
-15.823914,-47.913818,FIXED,,DETRAN-DF,1,,,
-15.823792,-47.922119,FIXED,60,DETRAN-DF,1,,,
-15.823792,-47.915100,FIXED,,DETRAN-DF,1,,,
-15.823792,-47.914795,FIXED,,DETRAN-DF,1,,,
-15.823792,-47.914307,FIXED,,DETRAN-DF,1,,,
-15.823608,-48.070007,FIXED,,DETRAN-DF,1,,,
-15.823608,-47.934692,FIXED,60,DETRAN-DF,1,,,
-15.823608,-47.805603,FIXED,70,DETRAN-DF,1,,,
-15.823425,-47.993591,FIXED,,DETRAN-DF,1,,,
-15.823181,-48.078796,FIXED,,DETRAN-DF,1,,,
-15.823181,-48.010315,FIXED,60,DETRAN-DF,1,,,
-15.823181,-47.914795,FIXED,,DETRAN-DF,1,,,
-15.823181,-47.884888,FIXED,80,DETRAN-DF,1,,,
-15.823040,-47.935095,FIXED,60,OSM,1,,,
-15.822998,-48.115112,FIXED,60,DETRAN-DF,1,,,
-15.822998,-48.101501,FIXED,50,DETRAN-DF,1,,,
-15.822998,-47.935425,FIXED,60,DETRAN-DF,1,,,
-15.822905,-48.010463,FIXED,60,OSM,1,,,
-15.822876,-48.101379,FIXED,50,DETRAN-DF,1,,,
-15.822876,-48.098999,FIXED,60,DETRAN-DF,1,,,
-15.822693,-48.114929,FIXED,60,DETRAN-DF,1,,,
-15.822693,-47.897400,FIXED,60,DETRAN-DF,1,,,
-15.822510,-48.077087,FIXED,,DETRAN-DF,1,,,
-15.822510,-47.915100,FIXED,,DETRAN-DF,1,,,
-15.822510,-47.912720,FIXED,,DETRAN-DF,1,,,
-15.822510,-47.912109,FIXED,,DETRAN-DF,1,,,
-15.822510,-47.909424,FIXED,60,DETRAN-DF,1,,,
-15.822510,-47.897522,FIXED,60,DETRAN-DF,1,,,
-15.822388,-48.070496,FIXED,,DETRAN-DF,1,,,
-15.822388,-47.883179,FIXED,,DETRAN-DF,1,,,
-15.822336,-47.909124,FIXED,60,OSM,1,,,
-15.822327,-48.021790,FIXED,60,DETRAN-DF+OSM,1,,,
-15.822205,-47.919922,FIXED,60,DETRAN-DF,1,,,
-15.822083,-47.994080,FIXED,,DETRAN-DF,1,,,
-15.821951,-47.908838,FIXED,60,OSM,1,,,
-15.821899,-47.919189,FIXED,60,DETRAN-DF,1,,,
-15.821899,-47.884583,FIXED,80,DETRAN-DF,1,,,
-15.821777,-47.915405,FIXED,,DETRAN-DF,1,,,
-15.821716,-48.107178,FIXED,60,DETRAN-DF,1,,,
-15.821716,-47.917175,FIXED,,DETRAN-DF,1,,,
-15.821716,-47.908386,FIXED,60,DETRAN-DF,1,,,
-15.821594,-48.099182,FIXED,60,DETRAN-DF,1,,,
-15.821478,-48.020847,FIXED,80,OSM,1,,,
-15.821411,-47.913208,FIXED,,DETRAN-DF,1,,,
-15.821289,-48.021179,FIXED,80,DETRAN-DF,1,,,
-15.821289,-48.020508,FIXED,80,DETRAN-DF,1,,,
-15.821289,-47.918701,FIXED,60,DETRAN-DF,1,,,
-15.821289,-47.916626,FIXED,,DETRAN-DF,1,,,
-15.821037,-48.020760,FIXED,80,OSM,1,,,
-15.820923,-47.909180,FIXED,,DETRAN-DF,1,,,
-15.820679,-48.115906,FIXED,60,DETRAN-DF,1,,,
-15.820679,-47.913818,FIXED,,DETRAN-DF,1,,,
-15.820679,-47.912781,FIXED,,DETRAN-DF,1,,,
-15.820679,-47.905701,FIXED,80,DETRAN-DF,1,,,
-15.820618,-47.995483,FIXED,,DETRAN-DF,1,,,
-15.820496,-48.095093,FIXED,60,DETRAN-DF,1,,,
-15.820496,-47.909485,FIXED,,DETRAN-DF,1,,,
-15.820496,-47.904480,FIXED,60,DETRAN-DF+OSM,1,,,
-15.820312,-47.904297,FIXED,60,DETRAN-DF,1,,,
-15.820190,-47.981812,FIXED,60,DETRAN-DF,1,,,
-15.820190,-47.981689,FIXED,60,DETRAN-DF,1,,,
-15.820007,-48.120911,FIXED,50,DETRAN-DF,1,,,
-15.820007,-48.056885,FIXED,60,DETRAN-DF,1,,,
-15.820007,-47.995911,FIXED,,DETRAN-DF,1,,,
-15.820007,-47.950195,FIXED,80,DETRAN-DF,1,,,
-15.819885,-47.913086,FIXED,,DETRAN-DF,1,,,
-15.819824,-48.019104,FIXED,60,DETRAN-DF+OSM,1,,,
-15.819702,-47.904602,FIXED,80,DETRAN-DF,1,,,
-15.819580,-48.108582,FIXED,60,DETRAN-DF,1,,,
-15.819580,-48.069275,FIXED,,DETRAN-DF,1,,,
-15.819519,-48.085876,FIXED,,DETRAN-DF,1,,,
-15.819519,-47.913513,FIXED,,DETRAN-DF,1,,,
-15.819519,-47.909180,FIXED,,DETRAN-DF,1,,,
-15.819397,-48.116699,FIXED,60,DETRAN-DF,1,,,
-15.819275,-48.085327,FIXED,,DETRAN-DF,1,,,
-15.819275,-48.085022,FIXED,,DETRAN-DF,1,,,
-15.819275,-47.832703,FIXED,60,DETRAN-DF,1,,,
-15.819214,-48.108276,FIXED,60,DETRAN-DF,1,,,
-15.819214,-48.068176,FIXED,,DETRAN-DF,1,,,
-15.819214,-47.832703,FIXED,60,DETRAN-DF+OSM,1,,,
-15.819182,-48.016874,FIXED,80,OSM,1,,,
-15.818909,-48.084229,FIXED,,DETRAN-DF,1,,,
-15.818909,-48.016602,FIXED,80,DETRAN-DF,1,,,
-15.818909,-47.997009,FIXED,,DETRAN-DF,1,,,
-15.818787,-48.083313,FIXED,,DETRAN-DF,1,,,
-15.818726,-48.121582,FIXED,50,DETRAN-DF,1,,,
-15.818726,-47.893311,FIXED,,DETRAN-DF,1,,,
-15.818604,-48.077698,FIXED,,DETRAN-DF,1,,,
-15.818420,-48.081909,FIXED,50,DETRAN-DF,1,,,
-15.818420,-47.880188,FIXED,50,DETRAN-DF,1,,,
-15.818298,-48.065613,FIXED,40,DETRAN-DF,1,,,
-15.818298,-48.015686,FIXED,80,DETRAN-DF+OSM,1,,,
-15.818298,-47.914612,FIXED,60,DETRAN-DF,1,,,
-15.818298,-47.910278,FIXED,,DETRAN-DF,1,,,
-15.818176,-48.081787,FIXED,,DETRAN-DF,1,,,
-15.818176,-47.911682,FIXED,,DETRAN-DF,1,,,
-15.817993,-47.984680,FIXED,,DETRAN-DF,1,,,
-15.817993,-47.913818,FIXED,60,DETRAN-DF,1,,,
-15.817993,-47.894714,FIXED,,DETRAN-DF,1,,,
-15.817993,-47.805908,FIXED,70,DETRAN-DF,1,,,
-15.817883,-47.937001,FIXED,60,OSM,1,,,
-15.817840,-47.937205,FIXED,60,OSM,1,,,
-15.817810,-47.899902,FIXED,,DETRAN-DF,1,,,
-15.817688,-48.015808,FIXED,,DETRAN-DF,1,,,
-15.817688,-47.888611,FIXED,,DETRAN-DF,1,,,
-15.817627,-47.893616,FIXED,,DETRAN-DF,1,,,
-15.817505,-48.062500,FIXED,60,DETRAN-DF,1,,,
-15.817505,-47.908081,FIXED,,DETRAN-DF,1,,,
-15.817383,-47.911011,FIXED,,DETRAN-DF,1,,,
-15.817200,-47.949280,FIXED,80,DETRAN-DF,1,,,
-15.817200,-47.899475,FIXED,,DETRAN-DF,1,,,
-15.817200,-47.897888,FIXED,,DETRAN-DF,1,,,
-15.817200,-47.888184,FIXED,,DETRAN-DF,1,,,
-15.816895,-48.057983,FIXED,60,DETRAN-DF,1,,,
-15.816895,-48.015808,FIXED,,DETRAN-DF,1,,,
-15.816895,-47.998291,FIXED,,DETRAN-DF,1,,,
-15.816895,-47.998230,FIXED,,DETRAN-DF,1,,,
-15.816895,-47.985107,FIXED,,DETRAN-DF,1,,,
-15.816895,-47.893005,FIXED,,DETRAN-DF,1,,,
-15.816711,-47.908691,FIXED,,DETRAN-DF,1,,,
-15.816711,-47.908508,FIXED,,DETRAN-DF,1,,,
-15.816711,-47.898804,FIXED,,DETRAN-DF,1,,,
-15.816711,-47.893127,FIXED,,DETRAN-DF,1,,,
-15.816711,-47.892212,FIXED,,DETRAN-DF,1,,,
-15.816711,-47.836121,FIXED,60,DETRAN-DF+OSM,1,,,
-15.816528,-48.009888,FIXED,80,DETRAN-DF+OSM,1,,,
-15.816528,-47.904602,FIXED,,DETRAN-DF,1,,,
-15.816406,-47.985291,FIXED,,DETRAN-DF,1,,,
-15.816406,-47.949585,FIXED,80,DETRAN-DF,1,,,
-15.816406,-47.903687,FIXED,,DETRAN-DF,1,,,
-15.816284,-47.908508,FIXED,,DETRAN-DF,1,,,
-15.816284,-47.907898,FIXED,,DETRAN-DF,1,,,
-15.816284,-47.891907,FIXED,,DETRAN-DF,1,,,
-15.816101,-48.101990,FIXED,60,DETRAN-DF,1,,,
-15.816101,-48.101624,FIXED,60,DETRAN-DF,1,,,
-15.815979,-47.981812,FIXED,,DETRAN-DF,1,,,
-15.815900,-48.009795,FIXED,60,OSM,1,,,
-15.815796,-48.007202,FIXED,60,DETRAN-DF,1,,,
-15.815775,-48.007674,FIXED,80,OSM,1,,,
-15.815613,-48.101990,FIXED,60,DETRAN-DF,1,,,
-15.815613,-48.101685,FIXED,60,DETRAN-DF,1,,,
-15.815613,-48.008301,FIXED,80,DETRAN-DF,1,,,
-15.815491,-47.979309,FIXED,60,DETRAN-DF,1,,,
-15.815456,-48.006072,FIXED,60,OSM,1,,,
-15.815441,-48.007820,FIXED,80,OSM,1,,,
-15.815308,-47.985413,FIXED,,DETRAN-DF,1,,,
-15.815308,-47.979980,FIXED,,DETRAN-DF,1,,,
-15.815308,-47.979309,FIXED,60,DETRAN-DF,1,,,
-15.815308,-47.937500,FIXED,60,DETRAN-DF,1,,,
-15.815308,-47.899475,FIXED,60,DETRAN-DF,1,,,
-15.815186,-48.017822,FIXED,,DETRAN-DF,1,,,
-15.815186,-48.006104,FIXED,80,DETRAN-DF,1,,,
-15.815186,-47.985779,FIXED,,DETRAN-DF,1,,,
-15.815125,-47.805908,FIXED,70,DETRAN-DF,1,,,
-15.815002,-47.979919,FIXED,,DETRAN-DF,1,,,
-15.815002,-47.901001,FIXED,,DETRAN-DF,1,,,
-15.814880,-47.985291,FIXED,,DETRAN-DF,1,,,
-15.814880,-47.897888,FIXED,80,DETRAN-DF,1,,,
-15.814819,-47.901917,FIXED,,DETRAN-DF,1,,,
-15.814697,-47.937500,FIXED,60,DETRAN-DF,1,,,
-15.814697,-47.898010,FIXED,80,DETRAN-DF,1,,,
-15.814697,-47.870117,FIXED,80,DETRAN-DF,1,,,
-15.814697,-47.793518,FIXED,80,DETRAN-DF,1,,,
-15.814575,-48.088501,FIXED,50,DETRAN-DF,1,,,
-15.814575,-47.983826,FIXED,,DETRAN-DF,1,,,
-15.814575,-47.901001,FIXED,,DETRAN-DF,1,,,
-15.814575,-47.881409,FIXED,60,DETRAN-DF,1,,,
-15.814575,-47.870483,FIXED,60,DETRAN-DF,1,,,
-15.814514,-47.909180,FIXED,60,DETRAN-DF,1,,,
-15.814209,-48.118408,FIXED,60,DETRAN-DF,1,,,
-15.814209,-47.977783,FIXED,,DETRAN-DF,1,,,
-15.814209,-47.902283,FIXED,,DETRAN-DF,1,,,
-15.814087,-48.118713,FIXED,60,DETRAN-DF,1,,,
-15.814087,-48.071777,FIXED,,DETRAN-DF,1,,,
-15.814087,-47.898010,FIXED,60,DETRAN-DF,1,,,
-15.814026,-47.887024,FIXED,,DETRAN-DF,1,,,
-15.813904,-47.900879,FIXED,,DETRAN-DF,1,,,
-15.813782,-48.003784,FIXED,60,DETRAN-DF+OSM,1,,,
-15.813782,-47.985779,FIXED,,DETRAN-DF,1,,,
-15.813782,-47.983276,FIXED,,DETRAN-DF,1,,,
-15.813782,-47.980286,FIXED,,DETRAN-DF,1,,,
-15.813782,-47.907898,FIXED,60,DETRAN-DF,1,,,
-15.813782,-47.902710,FIXED,,DETRAN-DF,1,,,
-15.813782,-47.888428,FIXED,,DETRAN-DF,1,,,
-15.813721,-47.986389,FIXED,,DETRAN-DF,1,,,
-15.813721,-47.986084,FIXED,,DETRAN-DF,1,,,
-15.813721,-47.887207,FIXED,60,DETRAN-DF,1,,,
-15.813599,-47.889709,FIXED,,DETRAN-DF,1,,,
-15.813477,-48.002380,FIXED,80,DETRAN-DF+OSM,1,,,
-15.813477,-47.887207,FIXED,60,DETRAN-DF,1,,,
-15.813416,-47.926208,FIXED,,DETRAN-DF,1,,,
-15.813416,-47.889282,FIXED,,DETRAN-DF,1,,,
-15.813293,-47.903076,FIXED,,DETRAN-DF,1,,,
-15.813293,-47.888977,FIXED,,DETRAN-DF,1,,,
-15.813293,-47.886292,FIXED,,DETRAN-DF,1,,,
-15.813110,-47.922119,FIXED,,DETRAN-DF,1,,,
-15.813110,-47.907288,FIXED,60,DETRAN-DF,1,,,
-15.813110,-47.902405,FIXED,,DETRAN-DF,1,,,
-15.812988,-48.058594,FIXED,60,DETRAN-DF,1,,,
-15.812988,-47.981689,FIXED,,DETRAN-DF,1,,,
-15.812988,-47.889282,FIXED,,DETRAN-DF,1,,,
-15.812927,-48.103699,FIXED,60,DETRAN-DF,1,,,
-15.812927,-48.072205,FIXED,,DETRAN-DF,1,,,
-15.812927,-47.988708,FIXED,,DETRAN-DF,1,,,
-15.812805,-47.980713,FIXED,,DETRAN-DF,1,,,
-15.812683,-48.112000,FIXED,50,DETRAN-DF,1,,,
-15.812683,-48.107300,FIXED,60,DETRAN-DF,1,,,
-15.812683,-48.107117,FIXED,60,DETRAN-DF,1,,,
-15.812683,-48.089417,FIXED,50,DETRAN-DF,1,,,
-15.812683,-47.988892,FIXED,,DETRAN-DF,1,,,
-15.812683,-47.885803,FIXED,,DETRAN-DF,1,,,
-15.812676,-48.058675,FIXED,,OSM,1,,,
-15.812622,-47.999084,FIXED,80,DETRAN-DF+OSM,1,,,
-15.812500,-48.104187,FIXED,60,DETRAN-DF,1,,,
-15.812500,-47.998291,FIXED,60,DETRAN-DF,1,,,
-15.812500,-47.983276,FIXED,60,DETRAN-DF,1,,,
-15.812500,-47.906494,FIXED,60,DETRAN-DF,1,,,
-15.812369,-47.997872,FIXED,60,OSM,1,,,
-15.812323,-47.982598,FIXED,80,OSM,1,,,
-15.812317,-47.982178,FIXED,80,DETRAN-DF,1,,,
-15.812195,-48.072388,FIXED,,DETRAN-DF,1,,,
-15.812195,-47.894104,FIXED,60,DETRAN-DF,1,,,
-15.812195,-47.888123,FIXED,,DETRAN-DF,1,,,
-15.812012,-47.999023,FIXED,60,DETRAN-DF+OSM,1,,,
-15.812012,-47.981689,FIXED,80,DETRAN-DF,1,,,
-15.812012,-47.903809,FIXED,,DETRAN-DF,1,,,
-15.812012,-47.898499,FIXED,,DETRAN-DF,1,,,
-15.812012,-47.898010,FIXED,,DETRAN-DF,1,,,
-15.812012,-47.887085,FIXED,,DETRAN-DF,1,,,
-15.811890,-47.888794,FIXED,,DETRAN-DF,1,,,
-15.811707,-47.989502,FIXED,60,DETRAN-DF,1,,,
-15.811707,-47.916687,FIXED,,DETRAN-DF,1,,,
-15.811707,-47.903320,FIXED,,DETRAN-DF,1,,,
-15.811707,-47.903076,FIXED,,DETRAN-DF,1,,,
-15.811584,-47.948425,FIXED,80,DETRAN-DF,1,,,
-15.811584,-47.899109,FIXED,,DETRAN-DF,1,,,
-15.811523,-48.018311,FIXED,,DETRAN-DF,1,,,
-15.811523,-47.893494,FIXED,60,DETRAN-DF,1,,,
-15.811523,-47.888306,FIXED,,DETRAN-DF,1,,,
-15.811401,-48.124207,FIXED,60,DETRAN-DF,1,,,
-15.811401,-48.092590,FIXED,60,DETRAN-DF,1,,,
-15.811401,-47.988220,FIXED,80,DETRAN-DF,1,,,
-15.811401,-47.905090,FIXED,60,DETRAN-DF,1,,,
-15.811401,-47.890686,FIXED,,DETRAN-DF,1,,,
-15.811401,-47.887695,FIXED,,DETRAN-DF,1,,,
-15.811279,-47.995483,FIXED,80,DETRAN-DF+OSM,1,,,
-15.811279,-47.991699,FIXED,80,DETRAN-DF+OSM,1,,,
-15.811279,-47.890686,FIXED,,DETRAN-DF,1,,,
-15.811279,-47.889404,FIXED,,DETRAN-DF,1,,,
-15.811279,-47.886292,FIXED,,DETRAN-DF,1,,,
-15.811218,-48.113098,FIXED,50,DETRAN-DF,1,,,
-15.811218,-48.099609,FIXED,60,DETRAN-DF,1,,,
-15.811218,-47.996277,FIXED,80,DETRAN-DF,1,,,
-15.811218,-47.890015,FIXED,,DETRAN-DF,1,,,
-15.811096,-47.996399,FIXED,60,DETRAN-DF,1,,,
-15.810969,-47.995612,FIXED,80,OSM,1,,,
-15.810913,-47.991882,FIXED,80,DETRAN-DF,1,,,
-15.810913,-47.978516,FIXED,60,DETRAN-DF,1,,,
-15.810913,-47.940002,FIXED,60,DETRAN-DF,1,,,
-15.810913,-47.896301,FIXED,,DETRAN-DF,1,,,
-15.810913,-47.893799,FIXED,80,DETRAN-DF,1,,,
-15.810911,-47.940838,FIXED,60,OSM,1,,,
-15.810809,-47.995599,FIXED,60,OSM,1,,,
-15.810791,-48.100098,FIXED,,DETRAN-DF,1,,,
-15.810791,-48.019287,FIXED,,DETRAN-DF,1,,,
-15.810791,-47.940430,FIXED,60,DETRAN-DF,1,,,
-15.810791,-47.900696,FIXED,,DETRAN-DF,1,,,
-15.810791,-47.891113,FIXED,,DETRAN-DF,1,,,
-15.810791,-47.887085,FIXED,,DETRAN-DF,1,,,
-15.810791,-47.886719,FIXED,,DETRAN-DF,1,,,
-15.810730,-48.012024,FIXED,,DETRAN-DF,1,,,
-15.810730,-47.958191,FIXED,,DETRAN-DF,1,,,
-15.810730,-47.899414,FIXED,,DETRAN-DF,1,,,
-15.810608,-48.091492,FIXED,60,DETRAN-DF,1,,,
-15.810608,-47.988281,FIXED,,DETRAN-DF,1,,,
-15.810608,-47.896606,FIXED,,DETRAN-DF,1,,,
-15.810608,-47.891296,FIXED,,DETRAN-DF,1,,,
-15.810486,-47.897095,FIXED,,DETRAN-DF,1,,,
-15.810425,-48.090210,FIXED,60,DETRAN-DF,1,,,
-15.810425,-48.089905,FIXED,60,DETRAN-DF,1,,,
-15.810425,-47.895691,FIXED,,DETRAN-DF,1,,,
-15.810303,-48.058411,FIXED,60,DETRAN-DF,1,,,
-15.810303,-47.926392,FIXED,,DETRAN-DF,1,,,
-15.810181,-47.943298,FIXED,50,DETRAN-DF,1,,,
-15.810181,-47.942383,FIXED,50,DETRAN-DF,1,,,
-15.810120,-48.100586,FIXED,60,DETRAN-DF,1,,,
-15.810120,-48.020386,FIXED,,DETRAN-DF,1,,,
-15.809998,-48.090210,FIXED,60,DETRAN-DF,1,,,
-15.809998,-48.089905,FIXED,60,DETRAN-DF,1,,,
-15.809998,-47.976318,FIXED,60,DETRAN-DF,1,,,
-15.809998,-47.895813,FIXED,,DETRAN-DF,1,,,
-15.809998,-47.886292,FIXED,,DETRAN-DF,1,,,
-15.809875,-47.952087,FIXED,60,DETRAN-DF,1,,,
-15.809776,-47.974441,FIXED,80,OSM,1,,,
-15.809692,-48.020386,FIXED,,DETRAN-DF,1,,,
-15.809692,-47.892517,FIXED,80,DETRAN-DF,1,,,
-15.809692,-47.888306,FIXED,,DETRAN-DF,1,,,
-15.809509,-47.973999,FIXED,80,DETRAN-DF,1,,,
-15.809509,-47.861389,FIXED,80,DETRAN-DF+OSM,1,,,
-15.809387,-47.974426,FIXED,80,DETRAN-DF,1,,,
-15.809387,-47.953979,FIXED,80,DETRAN-DF,1,,,
-15.809204,-47.952576,FIXED,80,DETRAN-DF,1,,,
-15.809082,-48.069092,FIXED,60,DETRAN-DF,1,,,
-15.808899,-48.026184,FIXED,,DETRAN-DF,1,,,
-15.808899,-48.020508,FIXED,,DETRAN-DF,1,,,
-15.808899,-47.933777,FIXED,60,DETRAN-DF,1,,,
-15.808777,-48.085510,FIXED,60,DETRAN-DF,1,,,
-15.808777,-48.040222,FIXED,,DETRAN-DF,1,,,
-15.808777,-48.039307,FIXED,,DETRAN-DF,1,,,
-15.808777,-48.038391,FIXED,,DETRAN-DF,1,,,
-15.808777,-48.032410,FIXED,,DETRAN-DF,1,,,
-15.808777,-48.028503,FIXED,,DETRAN-DF,1,,,
-15.808716,-48.041382,FIXED,,DETRAN-DF,1,,,
-15.808594,-47.970886,FIXED,60,DETRAN-DF,1,,,
-15.808594,-47.960693,FIXED,60,DETRAN-DF,1,,,
-15.808594,-47.959229,FIXED,80,DETRAN-DF,1,,,
-15.808594,-47.888794,FIXED,,DETRAN-DF,1,,,
-15.808594,-47.888611,FIXED,,DETRAN-DF,1,,,
-15.808411,-47.889526,FIXED,,DETRAN-DF,1,,,
-15.808411,-47.849182,FIXED,80,DETRAN-DF,1,,,
-15.808105,-48.102112,FIXED,,DETRAN-DF,1,,,
-15.808105,-47.960510,FIXED,80,DETRAN-DF,1,,,
-15.807983,-48.109680,FIXED,50,DETRAN-DF,1,,,
-15.807983,-47.964783,FIXED,60,DETRAN-DF,1,,,
-15.807922,-47.858398,FIXED,80,DETRAN-DF+OSM,1,,,
-15.807800,-47.948303,FIXED,80,DETRAN-DF,1,,,
-15.807800,-47.932129,FIXED,60,DETRAN-DF+OSM,1,,,
-15.807678,-48.065979,FIXED,60,DETRAN-DF,1,,,
-15.807678,-47.965210,FIXED,80,DETRAN-DF,1,,,
-15.807617,-47.881287,FIXED,,DETRAN-DF,1,,,
-15.807495,-48.142700,FIXED,,DETRAN-DF,1,,,
-15.807495,-48.102600,FIXED,,DETRAN-DF,1,,,
-15.807495,-48.018921,FIXED,,DETRAN-DF,1,,,
-15.807312,-48.000977,FIXED,70,DETRAN-DF,1,,,
-15.807312,-47.964905,FIXED,80,DETRAN-DF,1,,,
-15.807190,-47.882507,FIXED,,DETRAN-DF,1,,,
-15.807190,-47.880981,FIXED,,DETRAN-DF,1,,,
-15.807190,-47.851929,FIXED,80,DETRAN-DF,1,,,
-15.807129,-48.145813,FIXED,,DETRAN-DF,1,,,
-15.807129,-48.125793,FIXED,50,DETRAN-DF,1,,,
-15.807129,-47.882690,FIXED,,DETRAN-DF,1,,,
-15.807007,-48.103027,FIXED,,DETRAN-DF,1,,,
-15.807007,-48.042725,FIXED,,DETRAN-DF,1,,,
-15.807007,-47.912720,FIXED,,DETRAN-DF,1,,,
-15.807007,-47.890991,FIXED,60,DETRAN-DF,1,,,
-15.806885,-47.937378,FIXED,60,DETRAN-DF+OSM,1,,,
-15.806885,-47.926208,FIXED,,DETRAN-DF,1,,,
-15.806885,-47.895813,FIXED,,DETRAN-DF,1,,,
-15.806885,-47.883423,FIXED,,DETRAN-DF,1,,,
-15.806885,-47.880798,FIXED,,DETRAN-DF,1,,,
-15.806824,-47.883789,FIXED,,DETRAN-DF,1,,,
-15.806778,-47.933564,FIXED,60,OSM,1,,,
-15.806702,-48.140198,FIXED,,DETRAN-DF,1,,,
-15.806702,-48.110596,FIXED,50,DETRAN-DF,1,,,
-15.806702,-47.886780,FIXED,,DETRAN-DF,1,,,
-15.806702,-47.855713,FIXED,80,DETRAN-DF,1,,,
-15.806580,-48.126282,FIXED,50,DETRAN-DF,1,,,
-15.806580,-48.078613,FIXED,60,DETRAN-DF,1,,,
-15.806580,-47.933289,FIXED,60,DETRAN-DF,1,,,
-15.806580,-47.897217,FIXED,,DETRAN-DF,1,,,
-15.806580,-47.896301,FIXED,,DETRAN-DF,1,,,
-15.806580,-47.894897,FIXED,,DETRAN-DF,1,,,
-15.806580,-47.890686,FIXED,60,DETRAN-DF,1,,,
-15.806519,-48.001404,FIXED,,DETRAN-DF,1,,,
-15.806519,-47.955994,FIXED,,DETRAN-DF,1,,,
-15.806465,-47.855489,FIXED,60,OSM,1,,,
-15.806396,-47.957825,FIXED,,DETRAN-DF,1,,,
-15.806396,-47.931213,FIXED,,DETRAN-DF,1,,,
-15.806396,-47.898987,FIXED,60,DETRAN-DF,1,,,
-15.806396,-47.881104,FIXED,60,DETRAN-DF,1,,,
-15.806213,-48.138428,FIXED,,DETRAN-DF,1,,,
-15.806213,-48.011902,FIXED,,DETRAN-DF,1,,,
-15.806213,-47.896912,FIXED,,DETRAN-DF,1,,,
-15.806091,-48.108887,FIXED,60,DETRAN-DF,1,,,
-15.806091,-47.895630,FIXED,,DETRAN-DF,1,,,
-15.806091,-47.895508,FIXED,,DETRAN-DF,1,,,
-15.805908,-48.146179,FIXED,,DETRAN-DF,1,,,
-15.805908,-48.137207,FIXED,,DETRAN-DF,1,,,
-15.805908,-47.898682,FIXED,60,DETRAN-DF,1,,,
-15.805786,-48.103882,FIXED,,DETRAN-DF,1,,,
-15.805786,-47.931702,FIXED,,DETRAN-DF,1,,,
-15.805725,-47.932190,FIXED,,DETRAN-DF,1,,,
-15.805725,-47.886108,FIXED,,DETRAN-DF,1,,,
-15.805725,-47.885376,FIXED,,DETRAN-DF,1,,,
-15.805603,-48.115906,FIXED,60,DETRAN-DF,1,,,
-15.805603,-48.093628,FIXED,50,DETRAN-DF,1,,,
-15.805603,-47.963013,FIXED,,DETRAN-DF,1,,,
-15.805603,-47.932129,FIXED,,DETRAN-DF,1,,,
-15.805603,-47.886719,FIXED,,DETRAN-DF,1,,,
-15.805481,-48.146301,FIXED,,DETRAN-DF,1,,,
-15.805420,-48.074890,FIXED,60,DETRAN-DF,1,,,
-15.805420,-47.887817,FIXED,60,DETRAN-DF,1,,,
-15.805298,-48.135376,FIXED,,DETRAN-DF,1,,,
-15.805298,-47.888489,FIXED,80,DETRAN-DF,1,,,
-15.805176,-48.116394,FIXED,60,DETRAN-DF,1,,,
-15.805176,-48.094482,FIXED,50,DETRAN-DF,1,,,
-15.805176,-47.926025,FIXED,60,DETRAN-DF,1,,,
-15.805176,-47.893677,FIXED,,DETRAN-DF,1,,,
-15.805176,-47.888611,FIXED,80,DETRAN-DF,1,,,
-15.805176,-47.854187,FIXED,40,DETRAN-DF,1,,,
-15.805115,-48.074707,FIXED,60,DETRAN-DF,1,,,
-15.805115,-47.887695,FIXED,60,DETRAN-DF,1,,,
-15.804993,-47.967285,FIXED,,DETRAN-DF,1,,,
-15.804993,-47.931091,FIXED,,DETRAN-DF,1,,,
-15.804810,-48.148193,FIXED,,DETRAN-DF,1,,,
-15.804810,-48.146484,FIXED,,DETRAN-DF,1,,,
-15.804810,-48.138000,FIXED,,DETRAN-DF,1,,,
-15.804810,-48.109985,FIXED,60,DETRAN-DF,1,,,
-15.804810,-47.966492,FIXED,,DETRAN-DF,1,,,
-15.804810,-47.924500,FIXED,60,DETRAN-DF,1,,,
-15.804687,-48.147583,FIXED,,DETRAN-DF,1,,,
-15.804687,-47.955200,FIXED,,DETRAN-DF,1,,,
-15.804687,-47.930786,FIXED,,DETRAN-DF,1,,,
-15.804687,-47.894287,FIXED,,DETRAN-DF,1,,,
-15.804687,-47.893494,FIXED,,DETRAN-DF,1,,,
-15.804687,-47.795898,FIXED,50,DETRAN-DF,1,,,
-15.804626,-48.147278,FIXED,,DETRAN-DF,1,,,
-15.804626,-48.132812,FIXED,,DETRAN-DF,1,,,
-15.804626,-47.954285,FIXED,,DETRAN-DF,1,,,
-15.804504,-47.931824,FIXED,60,DETRAN-DF,1,,,
-15.804382,-47.910095,FIXED,,DETRAN-DF,1,,,
-15.804199,-48.104919,FIXED,60,DETRAN-DF,1,,,
-15.804199,-47.946289,FIXED,50,DETRAN-DF,1,,,
-15.804199,-47.893982,FIXED,,DETRAN-DF,1,,,
-15.804199,-47.853699,FIXED,40,DETRAN-DF,1,,,
-15.804077,-48.147827,FIXED,,DETRAN-DF,1,,,
-15.804077,-47.861389,FIXED,,DETRAN-DF,1,,,
-15.803894,-48.130798,FIXED,,DETRAN-DF,1,,,
-15.803894,-48.096008,FIXED,,DETRAN-DF,1,,,
-15.803711,-48.070618,FIXED,60,DETRAN-DF,1,,,
-15.803711,-47.959412,FIXED,,DETRAN-DF,1,,,
-15.803711,-47.894592,FIXED,,DETRAN-DF,1,,,
-15.803589,-47.893677,FIXED,,DETRAN-DF,1,,,
-15.803528,-48.145630,FIXED,,DETRAN-DF,1,,,
-15.803528,-48.057678,FIXED,60,DETRAN-DF+OSM,1,,,
-15.803406,-48.073181,FIXED,,DETRAN-DF,1,,,
-15.803284,-48.111084,FIXED,50,DETRAN-DF,1,,,
-15.803284,-47.962402,FIXED,,DETRAN-DF,1,,,
-15.803284,-47.939392,FIXED,50,DETRAN-DF+OSM,1,,,
-15.803223,-48.075500,FIXED,,DETRAN-DF,1,,,
-15.803223,-47.964600,FIXED,,DETRAN-DF,1,,,
-15.803223,-47.794128,FIXED,,DETRAN-DF,1,,,
-15.803101,-48.145691,FIXED,,DETRAN-DF,1,,,
-15.802979,-48.143677,FIXED,,DETRAN-DF,1,,,
-15.802979,-48.073303,FIXED,,DETRAN-DF,1,,,
-15.802979,-48.067383,FIXED,60,DETRAN-DF,1,,,
-15.802979,-47.904602,FIXED,,DETRAN-DF,1,,,
-15.802979,-47.862305,FIXED,,DETRAN-DF,1,,,
-15.802844,-48.067089,FIXED,60,OSM,1,,,
-15.802795,-48.138977,FIXED,,DETRAN-DF,1,,,
-15.802795,-47.918579,FIXED,,DETRAN-DF,1,,,
-15.802612,-48.144409,FIXED,,DETRAN-DF,1,,,
-15.802612,-48.144104,FIXED,,DETRAN-DF,1,,,
-15.802612,-48.142517,FIXED,,DETRAN-DF,1,,,
-15.802612,-48.117676,FIXED,50,DETRAN-DF,1,,,
-15.802612,-47.945984,FIXED,50,DETRAN-DF,1,,,
-15.802490,-48.111877,FIXED,50,DETRAN-DF,1,,,
-15.802490,-48.098206,FIXED,,DETRAN-DF,1,,,
-15.802490,-47.953613,FIXED,,DETRAN-DF,1,,,
-15.802490,-47.882324,FIXED,50,DETRAN-DF,1,,,
-15.802429,-48.106506,FIXED,,DETRAN-DF,1,,,
-15.802429,-47.926208,FIXED,,DETRAN-DF,1,,,
-15.802307,-48.130310,FIXED,,DETRAN-DF,1,,,
-15.802307,-47.956299,FIXED,,DETRAN-DF,1,,,
-15.802307,-47.882507,FIXED,60,DETRAN-DF,1,,,
-15.802307,-47.882324,FIXED,60,DETRAN-DF,1,,,
-15.802307,-47.786804,FIXED,40,DETRAN-DF,1,,,
-15.802124,-48.137878,FIXED,,DETRAN-DF,1,,,
-15.802124,-47.970703,FIXED,,DETRAN-DF,1,,,
-15.802002,-48.142090,FIXED,,DETRAN-DF,1,,,
-15.802002,-48.140503,FIXED,,DETRAN-DF,1,,,
-15.802002,-47.886414,FIXED,80,DETRAN-DF,1,,,
-15.802002,-47.882812,FIXED,60,DETRAN-DF,1,,,
-15.801880,-48.127686,FIXED,,DETRAN-DF,1,,,
-15.801880,-48.099487,FIXED,,DETRAN-DF,1,,,
-15.801880,-48.063599,FIXED,60,DETRAN-DF,1,,,
-15.801880,-47.959106,FIXED,,DETRAN-DF,1,,,
-15.801880,-47.957092,FIXED,,DETRAN-DF,1,,,
-15.801880,-47.941101,FIXED,50,DETRAN-DF,1,,,
-15.801880,-47.894775,FIXED,60,DETRAN-DF,1,,,
-15.801697,-48.136292,FIXED,,DETRAN-DF,1,,,
-15.801697,-48.134705,FIXED,,DETRAN-DF,1,,,
-15.801697,-47.885986,FIXED,80,DETRAN-DF,1,,,
-15.801697,-47.854614,FIXED,60,DETRAN-DF+OSM,1,,,
-15.801697,-47.854187,FIXED,60,DETRAN-DF,1,,,
-15.801575,-48.135376,FIXED,,DETRAN-DF,1,,,
-15.801575,-48.062988,FIXED,60,DETRAN-DF,1,,,
-15.801575,-47.921021,FIXED,,DETRAN-DF,1,,,
-15.801575,-47.848389,FIXED,,DETRAN-DF,1,,,
-15.801514,-48.133728,FIXED,,DETRAN-DF,1,,,
-15.801514,-48.118408,FIXED,50,DETRAN-DF,1,,,
-15.801392,-48.124207,FIXED,,DETRAN-DF,1,,,
-15.801208,-48.125916,FIXED,,DETRAN-DF,1,,,
-15.801208,-47.918213,FIXED,60,DETRAN-DF,1,,,
-15.801208,-47.791382,FIXED,50,DETRAN-DF,1,,,
-15.801086,-48.134888,FIXED,,DETRAN-DF,1,,,
-15.801086,-48.000977,FIXED,70,DETRAN-DF,1,,,
-15.801086,-47.963013,FIXED,,DETRAN-DF,1,,,
-15.801086,-47.921082,FIXED,,DETRAN-DF,1,,,
-15.800781,-48.131775,FIXED,,DETRAN-DF,1,,,
-15.800781,-48.060303,FIXED,60,DETRAN-DF,1,,,
-15.800781,-47.966492,FIXED,,DETRAN-DF,1,,,
-15.800781,-47.917725,FIXED,60,DETRAN-DF+OSM,1,,,
-15.800781,-47.789612,FIXED,40,DETRAN-DF,1,,,
-15.800720,-48.130798,FIXED,,DETRAN-DF,1,,,
-15.800720,-47.922180,FIXED,,DETRAN-DF,1,,,
-15.800628,-48.076976,FIXED,,DNIT,1,,,53
-15.800598,-48.122986,FIXED,,DETRAN-DF,1,,,
-15.800598,-47.965698,FIXED,,DETRAN-DF,1,,,
-15.800598,-47.946106,FIXED,80,DETRAN-DF,1,,,
-15.800598,-47.880981,FIXED,,DETRAN-DF,1,,,
-15.800476,-48.059875,FIXED,60,DETRAN-DF+OSM,1,,,
-15.800415,-47.919006,FIXED,,DETRAN-DF,1,,,
-15.800293,-48.124023,FIXED,,DETRAN-DF,1,,,
-15.800110,-48.130981,FIXED,,DETRAN-DF,1,,,
-15.800110,-48.058594,FIXED,60,DETRAN-DF+OSM,1,,,
-15.800110,-48.016479,FIXED,,DETRAN-DF,1,,,
-15.800110,-47.944519,FIXED,,DETRAN-DF,1,,,
-15.799988,-47.940430,FIXED,,DETRAN-DF,1,,,
-15.799988,-47.921692,FIXED,,DETRAN-DF,1,,,
-15.799927,-48.057922,FIXED,60,DETRAN-DF,1,,,
-15.799927,-47.918213,FIXED,,DETRAN-DF,1,,,
-15.799927,-47.896790,FIXED,50,DETRAN-DF,1,,,
-15.799805,-47.942383,FIXED,,DETRAN-DF,1,,,
-15.799805,-47.919983,FIXED,,DETRAN-DF,1,,,
-15.799805,-47.919495,FIXED,,DETRAN-DF,1,,,
-15.799805,-47.887207,FIXED,60,DETRAN-DF,1,,,
-15.799683,-48.042725,FIXED,,DETRAN-DF,1,,,
-15.799683,-47.946289,FIXED,80,DETRAN-DF,1,,,
-15.799683,-47.940918,FIXED,,DETRAN-DF,1,,,
-15.799683,-47.901489,FIXED,,DETRAN-DF,1,,,
-15.799500,-48.056519,FIXED,60,DETRAN-DF,1,,,
-15.799500,-47.944275,FIXED,,DETRAN-DF,1,,,
-15.799377,-48.057007,FIXED,,DETRAN-DF,1,,,
-15.799377,-47.918823,FIXED,,DETRAN-DF,1,,,
-15.799377,-47.918213,FIXED,,DETRAN-DF,1,,,
-15.799377,-47.885315,FIXED,60,DETRAN-DF,1,,,
-15.799377,-47.880493,FIXED,,DETRAN-DF,1,,,
-15.799316,-47.936890,FIXED,,DETRAN-DF,1,,,
-15.799316,-47.920776,FIXED,,DETRAN-DF,1,,,
-15.799316,-47.893005,FIXED,60,DETRAN-DF,1,,,
-15.799194,-47.943481,FIXED,,DETRAN-DF,1,,,
-15.799194,-47.868896,FIXED,60,DETRAN-DF,1,,,
-15.799192,-48.087775,FIXED,80,DNIT+DETRAN-DF,1,,,308
-15.799166,-48.056415,FIXED,,OSM,1,,,
-15.799011,-48.139709,FIXED,,DETRAN-DF,1,,,
-15.799011,-48.103394,FIXED,50,DETRAN-DF,1,,,
-15.799011,-48.054626,FIXED,,DETRAN-DF,1,,,
-15.799011,-48.016113,FIXED,,DETRAN-DF,1,,,
-15.799011,-48.001526,FIXED,,DETRAN-DF,1,,,
-15.799011,-47.937683,FIXED,,DETRAN-DF,1,,,
-15.798889,-47.944214,FIXED,,DETRAN-DF,1,,,
-15.798889,-47.919678,FIXED,,DETRAN-DF,1,,,
-15.798889,-47.914185,FIXED,60,DETRAN-DF+OSM,1,,,
-15.798889,-47.889587,FIXED,60,DETRAN-DF,1,,,
-15.798828,-48.000488,FIXED,70,DETRAN-DF,1,,,
-15.798828,-47.938416,FIXED,,DETRAN-DF,1,,,
-15.798828,-47.936584,FIXED,,DETRAN-DF,1,,,
-15.798706,-48.050781,FIXED,,DETRAN-DF,1,,,
-15.798706,-47.943298,FIXED,,DETRAN-DF,1,,,
-15.798584,-47.941895,FIXED,,DETRAN-DF,1,,,
-15.798584,-47.938782,FIXED,,DETRAN-DF,1,,,
-15.798584,-47.918701,FIXED,,DETRAN-DF,1,,,
-15.798523,-48.049011,FIXED,,DETRAN-DF,1,,,
-15.798401,-48.052490,FIXED,,DETRAN-DF,1,,,
-15.798401,-47.940613,FIXED,,DETRAN-DF,1,,,
-15.798279,-47.943909,FIXED,,DETRAN-DF,1,,,
-15.798279,-47.940125,FIXED,,DETRAN-DF,1,,,
-15.798218,-47.861694,FIXED,,DETRAN-DF,1,,,
-15.798096,-48.047913,FIXED,,DETRAN-DF,1,,,
-15.797913,-48.015808,FIXED,,DETRAN-DF,1,,,
-15.797913,-47.860596,FIXED,,DETRAN-DF,1,,,
-15.797791,-48.109802,FIXED,60,DETRAN-DF,1,,,
-15.797791,-48.071716,FIXED,60,DETRAN-DF,1,,,
-15.797791,-48.042603,FIXED,,DETRAN-DF,1,,,
-15.797791,-47.941528,FIXED,,DETRAN-DF,1,,,
-15.797607,-48.140625,FIXED,,DETRAN-DF,1,,,
-15.797607,-48.129578,FIXED,50,DETRAN-DF,1,,,
-15.797607,-47.891479,FIXED,60,DETRAN-DF,1,,,
-15.797607,-47.858887,FIXED,,DETRAN-DF,1,,,
-15.797485,-48.047180,FIXED,,DETRAN-DF,1,,,
-15.797485,-48.045776,FIXED,,DETRAN-DF,1,,,
-15.797485,-48.045288,FIXED,,DETRAN-DF,1,,,
-15.797485,-48.042908,FIXED,,DETRAN-DF,1,,,
-15.797485,-47.942505,FIXED,,DETRAN-DF,1,,,
-15.797485,-47.940308,FIXED,,DETRAN-DF,1,,,
-15.797485,-47.883911,FIXED,60,DETRAN-DF,1,,,
-15.797485,-47.853210,FIXED,80,DETRAN-DF,1,,,
-15.797424,-48.125122,FIXED,,DETRAN-DF,1,,,
-15.797424,-48.015808,FIXED,,DETRAN-DF,1,,,
-15.797424,-47.941589,FIXED,,DETRAN-DF,1,,,
-15.797424,-47.911621,FIXED,,DETRAN-DF,1,,,
-15.797302,-48.129883,FIXED,50,DETRAN-DF,1,,,
-15.797302,-47.892090,FIXED,60,DETRAN-DF,1,,,
-15.797302,-47.884583,FIXED,60,DETRAN-DF,1,,,
-15.797302,-47.783691,FIXED,50,DETRAN-DF,1,,,
-15.797180,-47.934509,FIXED,,DETRAN-DF,1,,,
-15.797180,-47.863892,FIXED,,DETRAN-DF,1,,,
-15.797180,-47.857910,FIXED,,DETRAN-DF,1,,,
-15.797180,-47.856812,FIXED,,DETRAN-DF,1,,,
-15.797119,-48.001587,FIXED,,DETRAN-DF,1,,,
-15.797119,-47.943481,FIXED,,DETRAN-DF,1,,,
-15.796997,-47.938599,FIXED,,DETRAN-DF,1,,,
-15.796997,-47.849426,FIXED,,DETRAN-DF,1,,,
-15.796992,-48.191315,FIXED,,DNIT,1,,,287
-15.796916,-48.191641,FIXED,60,OSM,1,,,
-15.796900,-48.173600,FIXED,,DNIT,1,,,71
-15.796892,-48.091763,FIXED,80,DNIT+DETRAN-DF,1,,,123
-15.796875,-48.120483,FIXED,,DETRAN-DF,1,,,
-15.796875,-47.859009,FIXED,,DETRAN-DF,1,,,
-15.796692,-47.939880,FIXED,,DETRAN-DF,1,,,
-15.796692,-47.938293,FIXED,,DETRAN-DF,1,,,
-15.796692,-47.870422,FIXED,60,DETRAN-DF,1,,,
-15.796692,-47.850403,FIXED,,DETRAN-DF,1,,,
-15.796509,-47.945190,FIXED,80,DETRAN-DF,1,,,
-15.796509,-47.936829,FIXED,,DETRAN-DF,1,,,
-15.796509,-47.933289,FIXED,,DETRAN-DF,1,,,
-15.796509,-47.877380,FIXED,60,DETRAN-DF,1,,,
-15.796509,-47.853210,FIXED,80,DETRAN-DF+OSM,1,,,
-15.796387,-47.941101,FIXED,,DETRAN-DF,1,,,
-15.796387,-47.938904,FIXED,,DETRAN-DF,1,,,
-15.796387,-47.865112,FIXED,,DETRAN-DF,1,,,
-15.796387,-47.851624,FIXED,,DETRAN-DF,1,,,
-15.796204,-48.054993,FIXED,60,DETRAN-DF,1,,,
-15.796204,-48.015808,FIXED,,DETRAN-DF,1,,,
-15.796204,-47.943176,FIXED,,DETRAN-DF,1,,,
-15.796204,-47.936096,FIXED,,DETRAN-DF,1,,,
-15.796204,-47.846680,FIXED,,DETRAN-DF,1,,,
-15.796082,-47.847412,FIXED,,DETRAN-DF,1,,,
-15.796021,-47.939697,FIXED,,DETRAN-DF,1,,,
-15.796021,-47.923828,FIXED,,DETRAN-DF,1,,,
-15.795898,-48.107910,FIXED,,DETRAN-DF,1,,,
-15.795776,-47.969482,FIXED,80,DETRAN-DF,1,,,
-15.795776,-47.940979,FIXED,,DETRAN-DF,1,,,
-15.795776,-47.913025,FIXED,60,DETRAN-DF,1,,,
-15.795776,-47.846985,FIXED,,DETRAN-DF,1,,,
-15.795776,-47.783386,FIXED,,DETRAN-DF,1,,,
-15.795715,-47.941711,FIXED,,DETRAN-DF,1,,,
-15.795715,-47.940308,FIXED,,DETRAN-DF,1,,,
-15.795715,-47.890808,FIXED,60,DETRAN-DF,1,,,
-15.795715,-47.848206,FIXED,,DETRAN-DF,1,,,
-15.795715,-47.783386,FIXED,,DETRAN-DF,1,,,
-15.795671,-47.969010,FIXED,,OSM,1,,,
-15.795593,-48.001587,FIXED,,DETRAN-DF,1,,,
-15.795593,-47.936279,FIXED,,DETRAN-DF,1,,,
-15.795593,-47.914795,FIXED,,DETRAN-DF,1,,,
-15.795593,-47.852112,FIXED,,DETRAN-DF,1,,,
-15.795593,-47.845886,FIXED,,DETRAN-DF,1,,,
-15.795500,-48.169900,FIXED,,DNIT,1,,,253
-15.795410,-48.109192,FIXED,,DETRAN-DF,1,,,
-15.795410,-47.969727,FIXED,80,DETRAN-DF,1,,,
-15.795410,-47.914429,FIXED,,DETRAN-DF,1,,,
-15.795410,-47.852600,FIXED,,DETRAN-DF,1,,,
-15.795410,-47.849976,FIXED,,DETRAN-DF,1,,,
-15.795410,-47.849609,FIXED,,DETRAN-DF,1,,,
-15.795410,-47.846802,FIXED,,DETRAN-DF,1,,,
-15.795336,-48.064663,FIXED,60,DNIT+DETRAN-DF,1,,,252
-15.795288,-47.942993,FIXED,,DETRAN-DF,1,,,
-15.795288,-47.890808,FIXED,60,DETRAN-DF,1,,,
-15.795288,-47.853210,FIXED,,DETRAN-DF,1,,,
-15.795288,-47.847412,FIXED,,DETRAN-DF,1,,,
-15.795227,-47.922485,FIXED,,DETRAN-DF,1,,,
-15.795227,-47.851013,FIXED,,DETRAN-DF,1,,,
-15.795218,-48.064218,FIXED,,OSM,1,,,
-15.795105,-47.939514,FIXED,,DETRAN-DF,1,,,
-15.795105,-47.883179,FIXED,60,DETRAN-DF,1,,,
-15.795105,-47.869080,FIXED,,DETRAN-DF,1,,,
-15.795105,-47.847900,FIXED,,DETRAN-DF,1,,,
-15.794983,-47.917297,FIXED,60,DETRAN-DF,1,,,
-15.794983,-47.849792,FIXED,,DETRAN-DF,1,,,
-15.794983,-47.847595,FIXED,,DETRAN-DF,1,,,
-15.794922,-47.852112,FIXED,,DETRAN-DF,1,,,
-15.794922,-47.850708,FIXED,,DETRAN-DF,1,,,
-15.794806,-48.199737,FIXED,60,OSM,1,,,
-15.794800,-47.940796,FIXED,,DETRAN-DF,1,,,
-15.794678,-48.141113,FIXED,,DETRAN-DF,1,,,
-15.794678,-47.934082,FIXED,,DETRAN-DF,1,,,
-15.794678,-47.853210,FIXED,,DETRAN-DF,1,,,
-15.794678,-47.851196,FIXED,,DETRAN-DF,1,,,
-15.794617,-47.939880,FIXED,,DETRAN-DF,1,,,
-15.794495,-47.942627,FIXED,,DETRAN-DF,1,,,
-15.794495,-47.933411,FIXED,60,DETRAN-DF,1,,,
-15.794495,-47.852295,FIXED,,DETRAN-DF,1,,,
-15.794495,-47.851807,FIXED,,DETRAN-DF,1,,,
-15.794495,-47.850403,FIXED,,DETRAN-DF,1,,,
-15.794476,-48.199730,FIXED,60,OSM,1,,,
-15.794312,-48.130188,FIXED,,DETRAN-DF,1,,,
-15.794312,-48.054504,FIXED,60,DETRAN-DF,1,,,
-15.794312,-47.885010,FIXED,60,DETRAN-DF,1,,,
-15.794128,-47.885010,FIXED,60,DETRAN-DF,1,,,
-15.794128,-47.853882,FIXED,,DETRAN-DF,1,,,
-15.794128,-47.850525,FIXED,,DETRAN-DF,1,,,
-15.794006,-48.129395,FIXED,,DETRAN-DF,1,,,
-15.794006,-48.001587,FIXED,,DETRAN-DF,1,,,
-15.794006,-47.941895,FIXED,,DETRAN-DF,1,,,
-15.794006,-47.941101,FIXED,,DETRAN-DF,1,,,
-15.794006,-47.937683,FIXED,,DETRAN-DF,1,,,
-15.794006,-47.922180,FIXED,,DETRAN-DF,1,,,
-15.794006,-47.849915,FIXED,,DETRAN-DF,1,,,
-15.794006,-47.848206,FIXED,,DETRAN-DF,1,,,
-15.793884,-48.128784,FIXED,,DETRAN-DF,1,,,
-15.793884,-47.848816,FIXED,,DETRAN-DF,1,,,
-15.793823,-47.942383,FIXED,,DETRAN-DF,1,,,
-15.793823,-47.851624,FIXED,,DETRAN-DF,1,,,
-15.793701,-47.938904,FIXED,,DETRAN-DF,1,,,
-15.793701,-47.909485,FIXED,,DETRAN-DF,1,,,
-15.793701,-47.873413,FIXED,,DETRAN-DF,1,,,
-15.793701,-47.851013,FIXED,,DETRAN-DF,1,,,
-15.793701,-47.850525,FIXED,,DETRAN-DF,1,,,
-15.793701,-47.847717,FIXED,,DETRAN-DF,1,,,
-15.793701,-47.780884,FIXED,60,DETRAN-DF,1,,,
-15.793579,-48.121704,FIXED,,DETRAN-DF,1,,,
-15.793579,-47.933594,FIXED,,DETRAN-DF,1,,,
-15.793579,-47.932800,FIXED,,DETRAN-DF,1,,,
-15.793579,-47.852112,FIXED,,DETRAN-DF,1,,,
-15.793579,-47.850708,FIXED,,DETRAN-DF,1,,,
-15.793579,-47.848328,FIXED,,DETRAN-DF,1,,,
-15.793579,-47.845276,FIXED,,DETRAN-DF,1,,,
-15.793518,-48.124390,FIXED,,DETRAN-DF,1,,,
-15.793518,-47.880310,FIXED,60,DETRAN-DF,1,,,
-15.793518,-47.850708,FIXED,,DETRAN-DF,1,,,
-15.793518,-47.848511,FIXED,,DETRAN-DF,1,,,
-15.793518,-47.846680,FIXED,,DETRAN-DF,1,,,
-15.793518,-47.783325,FIXED,,DETRAN-DF,1,,,
-15.793396,-48.141907,FIXED,,DETRAN-DF,1,,,
-15.793396,-48.127380,FIXED,,DETRAN-DF,1,,,
-15.793396,-48.015808,FIXED,,DETRAN-DF,1,,,
-15.793396,-47.916504,FIXED,,DETRAN-DF,1,,,
-15.793396,-47.850220,FIXED,,DETRAN-DF,1,,,
-15.793396,-47.849182,FIXED,,DETRAN-DF,1,,,
-15.793396,-47.847595,FIXED,,DETRAN-DF,1,,,
-15.793213,-48.126526,FIXED,,DETRAN-DF,1,,,
-15.793213,-47.943604,FIXED,80,DETRAN-DF,1,,,
-15.793213,-47.939575,FIXED,,DETRAN-DF,1,,,
-15.793213,-47.852295,FIXED,,DETRAN-DF,1,,,
-15.793091,-47.997925,FIXED,70,DETRAN-DF,1,,,
-15.793091,-47.851379,FIXED,,DETRAN-DF,1,,,
-15.793091,-47.848511,FIXED,,DETRAN-DF,1,,,
-15.793030,-47.986328,FIXED,,DETRAN-DF,1,,,
-15.793030,-47.851685,FIXED,,DETRAN-DF,1,,,
-15.793030,-47.849304,FIXED,,DETRAN-DF,1,,,
-15.792908,-48.015808,FIXED,,DETRAN-DF,1,,,
-15.792908,-47.934509,FIXED,,DETRAN-DF,1,,,
-15.792786,-48.125793,FIXED,,DETRAN-DF,1,,,
-15.792690,-48.102011,FIXED,80,DNIT+OSM,1,,,112
-15.792603,-47.895996,FIXED,,DETRAN-DF,1,,,
-15.792603,-47.882385,FIXED,60,DETRAN-DF,1,,,
-15.792603,-47.851013,FIXED,,DETRAN-DF,1,,,
-15.792603,-47.849792,FIXED,,DETRAN-DF,1,,,
-15.792603,-47.845825,FIXED,,DETRAN-DF,1,,,
-15.792603,-47.845093,FIXED,,DETRAN-DF,1,,,
-15.792480,-48.124817,FIXED,,DETRAN-DF,1,,,
-15.792480,-47.920593,FIXED,,DETRAN-DF,1,,,
-15.792480,-47.882324,FIXED,60,DETRAN-DF,1,,,
-15.792480,-47.851807,FIXED,,DETRAN-DF,1,,,
-15.792480,-47.847717,FIXED,,DETRAN-DF,1,,,
-15.792480,-47.845520,FIXED,,DETRAN-DF,1,,,
-15.792480,-47.845215,FIXED,,DETRAN-DF,1,,,
-15.792419,-47.937500,FIXED,,DETRAN-DF,1,,,
-15.792419,-47.937195,FIXED,,DETRAN-DF,1,,,
-15.792297,-47.943787,FIXED,80,DETRAN-DF,1,,,
-15.792297,-47.866699,FIXED,,DETRAN-DF,1,,,
-15.792297,-47.854614,FIXED,,DETRAN-DF,1,,,
-15.792297,-47.848511,FIXED,,DETRAN-DF,1,,,
-15.792297,-47.845886,FIXED,,DETRAN-DF,1,,,
-15.792175,-47.940491,FIXED,,DETRAN-DF,1,,,
-15.792175,-47.847290,FIXED,,DETRAN-DF,1,,,
-15.792114,-47.849304,FIXED,,DETRAN-DF,1,,,
-15.791992,-48.141907,FIXED,,DETRAN-DF,1,,,
-15.791992,-47.893799,FIXED,60,DETRAN-DF,1,,,
-15.791992,-47.867676,FIXED,,DETRAN-DF,1,,,
-15.791992,-47.848206,FIXED,,DETRAN-DF,1,,,
-15.791809,-47.947510,FIXED,50,DETRAN-DF,1,,,
-15.791809,-47.941711,FIXED,,DETRAN-DF,1,,,
-15.791809,-47.940308,FIXED,,DETRAN-DF,1,,,
-15.791809,-47.916382,FIXED,,DETRAN-DF,1,,,
-15.791809,-47.857910,FIXED,80,DETRAN-DF,1,,,
-15.791809,-47.854492,FIXED,,DETRAN-DF,1,,,
-15.791809,-47.849609,FIXED,,DETRAN-DF,1,,,
-15.791809,-47.847412,FIXED,,DETRAN-DF,1,,,
-15.791809,-47.847107,FIXED,,DETRAN-DF,1,,,
-15.791690,-48.155530,FIXED,,DNIT,1,,,73
-15.791687,-47.848389,FIXED,,DETRAN-DF,1,,,
-15.791687,-47.846619,FIXED,,DETRAN-DF,1,,,
-15.791687,-47.845703,FIXED,,DETRAN-DF,1,,,
-15.791626,-47.941284,FIXED,,DETRAN-DF,1,,,
-15.791626,-47.851013,FIXED,,DETRAN-DF,1,,,
-15.791626,-47.849182,FIXED,,DETRAN-DF,1,,,
-15.791504,-47.940918,FIXED,,DETRAN-DF,1,,,
-15.791504,-47.936829,FIXED,,DETRAN-DF,1,,,
-15.791504,-47.847717,FIXED,,DETRAN-DF,1,,,
-15.791415,-48.049064,FIXED,,OSM,1,,,
-15.791382,-48.048279,FIXED,80,DETRAN-DF,1,,,
-15.791382,-48.001709,FIXED,,DETRAN-DF,1,,,
-15.791382,-47.869629,FIXED,,DETRAN-DF,1,,,
-15.791382,-47.851624,FIXED,,DETRAN-DF,1,,,
-15.791321,-48.048401,FIXED,80,DETRAN-DF,1,,,
-15.791321,-47.940430,FIXED,,DETRAN-DF,1,,,
-15.791321,-47.937988,FIXED,,DETRAN-DF,1,,,
-15.791321,-47.850891,FIXED,,DETRAN-DF,1,,,
-15.791312,-48.104685,FIXED,60,DNIT+DETRAN-DF,1,,,292
-15.791199,-47.898376,FIXED,,DETRAN-DF,1,,,
-15.791199,-47.870483,FIXED,,DETRAN-DF,1,,,
-15.791077,-48.001709,FIXED,,DETRAN-DF,1,,,
-15.791077,-47.940002,FIXED,,DETRAN-DF,1,,,
-15.791077,-47.939514,FIXED,,DETRAN-DF,1,,,
-15.791077,-47.937988,FIXED,,DETRAN-DF,1,,,
-15.791077,-47.911011,FIXED,60,DETRAN-DF,1,,,
-15.791016,-48.033203,FIXED,80,DETRAN-DF,1,,,
-15.791016,-47.850891,FIXED,,DETRAN-DF,1,,,
-15.790894,-47.941528,FIXED,,DETRAN-DF,1,,,
-15.790894,-47.939087,FIXED,,DETRAN-DF,1,,,
-15.790894,-47.933777,FIXED,,DETRAN-DF,1,,,
-15.790894,-47.855225,FIXED,,DETRAN-DF,1,,,
-15.790894,-47.851501,FIXED,,DETRAN-DF,1,,,
-15.790710,-48.033203,FIXED,80,DETRAN-DF+OSM,1,,,
-15.790710,-47.981689,FIXED,,DETRAN-DF,1,,,
-15.790710,-47.940979,FIXED,,DETRAN-DF,1,,,
-15.790710,-47.854187,FIXED,,DETRAN-DF,1,,,
-15.790588,-47.940613,FIXED,,DETRAN-DF,1,,,
-15.790527,-47.938110,FIXED,,DETRAN-DF,1,,,
-15.790527,-47.934998,FIXED,,DETRAN-DF,1,,,
-15.790527,-47.849487,FIXED,,DETRAN-DF,1,,,
-15.790405,-47.980103,FIXED,80,DETRAN-DF,1,,,
-15.790405,-47.940125,FIXED,,DETRAN-DF,1,,,
-15.790405,-47.919800,FIXED,,DETRAN-DF,1,,,
-15.790405,-47.851379,FIXED,,DETRAN-DF,1,,,
-15.790405,-47.850708,FIXED,,DETRAN-DF,1,,,
-15.790283,-47.941284,FIXED,,DETRAN-DF,1,,,
-15.790283,-47.937622,FIXED,,DETRAN-DF,1,,,
-15.790283,-47.935181,FIXED,,DETRAN-DF,1,,,
-15.790222,-47.939209,FIXED,,DETRAN-DF,1,,,
-15.790222,-47.915527,FIXED,,DETRAN-DF,1,,,
-15.790222,-47.880798,FIXED,60,DETRAN-DF,1,,,
-15.790100,-47.939575,FIXED,,DETRAN-DF,1,,,
-15.790100,-47.911011,FIXED,60,DETRAN-DF,1,,,
-15.790100,-47.881592,FIXED,60,DETRAN-DF,1,,,
-15.789978,-47.937012,FIXED,,DETRAN-DF,1,,,
-15.789978,-47.934998,FIXED,,DETRAN-DF,1,,,
-15.789795,-48.143005,FIXED,,DETRAN-DF,1,,,
-15.789795,-48.001709,FIXED,,DETRAN-DF,1,,,
-15.789795,-47.935791,FIXED,,DETRAN-DF,1,,,
-15.789795,-47.890381,FIXED,60,DETRAN-DF,1,,,
-15.789795,-47.854797,FIXED,,DETRAN-DF,1,,,
-15.789612,-47.997192,FIXED,70,DETRAN-DF,1,,,
-15.789612,-47.997009,FIXED,70,DETRAN-DF,1,,,
-15.789612,-47.941101,FIXED,,DETRAN-DF,1,,,
-15.789612,-47.940613,FIXED,,DETRAN-DF,1,,,
-15.789612,-47.936584,FIXED,,DETRAN-DF,1,,,
-15.789612,-47.936096,FIXED,,DETRAN-DF,1,,,
-15.789612,-47.932678,FIXED,60,DETRAN-DF,1,,,
-15.789612,-47.858704,FIXED,80,DETRAN-DF,1,,,
-15.789490,-47.982483,FIXED,80,DETRAN-DF+OSM,1,,,
-15.789490,-47.933777,FIXED,,DETRAN-DF,1,,,
-15.789490,-47.904297,FIXED,,DETRAN-DF,1,,,
-15.789429,-47.940186,FIXED,,DETRAN-DF,1,,,
-15.789307,-48.123413,FIXED,,DETRAN-DF,1,,,
-15.789307,-48.110718,FIXED,60,DETRAN-DF,1,,,
-15.789185,-47.939697,FIXED,,DETRAN-DF,1,,,
-15.789185,-47.938477,FIXED,,DETRAN-DF,1,,,
-15.789185,-47.937683,FIXED,,DETRAN-DF,1,,,
-15.789185,-47.936829,FIXED,,DETRAN-DF,1,,,
-15.789185,-47.934387,FIXED,,DETRAN-DF,1,,,
-15.789087,-48.111460,FIXED,,DNIT,1,,,112
-15.789030,-48.221140,FIXED,,DNIT,1,,,262
-15.789001,-48.001709,FIXED,,DETRAN-DF,1,,,
-15.789001,-47.940308,FIXED,,DETRAN-DF,1,,,
-15.789001,-47.939209,FIXED,,DETRAN-DF,1,,,
-15.789001,-47.937195,FIXED,,DETRAN-DF,1,,,
-15.788879,-47.938782,FIXED,,DETRAN-DF,1,,,
-15.788879,-47.919312,FIXED,,DETRAN-DF,1,,,
-15.788696,-47.936218,FIXED,,DETRAN-DF,1,,,
-15.788696,-47.935486,FIXED,,DETRAN-DF,1,,,
-15.788696,-47.915283,FIXED,,DETRAN-DF,1,,,
-15.788513,-47.939697,FIXED,,DETRAN-DF,1,,,
-15.788513,-47.939209,FIXED,,DETRAN-DF,1,,,
-15.788513,-47.938904,FIXED,,DETRAN-DF,1,,,
-15.788513,-47.937805,FIXED,,DETRAN-DF,1,,,
-15.788513,-47.935791,FIXED,,DETRAN-DF,1,,,
-15.788513,-47.931580,FIXED,,DETRAN-DF,1,,,
-15.788391,-48.143311,FIXED,,DETRAN-DF,1,,,
-15.788391,-48.132202,FIXED,,DETRAN-DF,1,,,
-15.788391,-48.123901,FIXED,,DETRAN-DF,1,,,
-15.788391,-47.933411,FIXED,,DETRAN-DF,1,,,
-15.788208,-47.938416,FIXED,,DETRAN-DF,1,,,
-15.788208,-47.936890,FIXED,,DETRAN-DF,1,,,
-15.788086,-47.940308,FIXED,,DETRAN-DF,1,,,
-15.788086,-47.937927,FIXED,,DETRAN-DF,1,,,
-15.788086,-47.916016,FIXED,,DETRAN-DF,1,,,
-15.788086,-47.857910,FIXED,80,DETRAN-DF,1,,,
-15.788025,-47.947388,FIXED,80,DETRAN-DF,1,,,
-15.788025,-47.937500,FIXED,,DETRAN-DF,1,,,
-15.788025,-47.936401,FIXED,,DETRAN-DF,1,,,
-15.788025,-47.888184,FIXED,60,DETRAN-DF,1,,,
-15.788025,-47.881775,FIXED,60,DETRAN-DF,1,,,
-15.787903,-48.130920,FIXED,,DETRAN-DF,1,,,
-15.787903,-47.947510,FIXED,80,DETRAN-DF+OSM,1,,,
-15.787903,-47.939087,FIXED,,DETRAN-DF,1,,,
-15.787903,-47.933899,FIXED,,DETRAN-DF,1,,,
-15.787781,-47.987427,FIXED,80,DETRAN-DF,1,,,
-15.787781,-47.939880,FIXED,,DETRAN-DF,1,,,
-15.787781,-47.937012,FIXED,,DETRAN-DF,1,,,
-15.787781,-47.928894,FIXED,60,DETRAN-DF,1,,,
-15.787720,-47.938110,FIXED,,DETRAN-DF,1,,,
-15.787720,-47.935913,FIXED,,DETRAN-DF,1,,,
-15.787720,-47.888306,FIXED,60,DETRAN-DF,1,,,
-15.787625,-47.988042,FIXED,,OSM,1,,,
-15.787598,-48.129883,FIXED,,DETRAN-DF,1,,,
-15.787598,-47.939392,FIXED,,DETRAN-DF,1,,,
-15.787598,-47.917908,FIXED,,DETRAN-DF,1,,,
-15.787598,-47.917297,FIXED,,DETRAN-DF,1,,,
-15.787598,-47.915222,FIXED,,DETRAN-DF,1,,,
-15.787476,-47.936523,FIXED,,DETRAN-DF,1,,,
-15.787292,-47.942078,FIXED,80,DETRAN-DF+OSM,1,,,
-15.787292,-47.935303,FIXED,,DETRAN-DF,1,,,
-15.787109,-47.941528,FIXED,80,DETRAN-DF+OSM,1,,,
-15.787109,-47.940002,FIXED,,DETRAN-DF,1,,,
-15.787109,-47.938293,FIXED,,DETRAN-DF,1,,,
-15.787109,-47.937988,FIXED,,DETRAN-DF,1,,,
-15.787109,-47.937622,FIXED,,DETRAN-DF,1,,,
-15.787109,-47.935608,FIXED,,DETRAN-DF,1,,,
-15.787109,-47.916382,FIXED,,DETRAN-DF,1,,,
-15.786987,-48.001709,FIXED,,DETRAN-DF,1,,,
-15.786987,-47.918579,FIXED,,DETRAN-DF,1,,,
-15.786926,-47.934875,FIXED,,DETRAN-DF,1,,,
-15.786804,-47.937012,FIXED,,DETRAN-DF,1,,,
-15.786804,-47.936279,FIXED,,DETRAN-DF,1,,,
-15.786804,-47.934387,FIXED,,DETRAN-DF,1,,,
-15.786804,-47.907898,FIXED,60,DETRAN-DF,1,,,
-15.786682,-47.933105,FIXED,,DETRAN-DF,1,,,
-15.786621,-48.006104,FIXED,80,DETRAN-DF,1,,,
-15.786621,-47.936584,FIXED,,DETRAN-DF,1,,,
-15.786621,-47.935791,FIXED,,DETRAN-DF,1,,,
-15.786499,-48.124390,FIXED,,DETRAN-DF,1,,,
-15.786499,-47.933899,FIXED,,DETRAN-DF,1,,,
-15.786499,-47.932617,FIXED,,DETRAN-DF,1,,,
-15.786427,-48.004543,FIXED,80,OSM,1,,,
-15.786377,-47.932007,FIXED,,DETRAN-DF,1,,,
-15.786316,-47.930786,FIXED,,DETRAN-DF,1,,,
-15.786194,-47.998596,FIXED,80,DETRAN-DF,1,,,
-15.786194,-47.995911,FIXED,80,DETRAN-DF+OSM,1,,,
-15.786194,-47.993103,FIXED,,DETRAN-DF,1,,,
-15.786194,-47.934204,FIXED,,DETRAN-DF,1,,,
-15.786194,-47.900696,FIXED,60,DETRAN-DF+OSM,1,,,
-15.786194,-47.873596,FIXED,60,DETRAN-DF,1,,,
-15.786194,-47.873413,FIXED,60,DETRAN-DF,1,,,
-15.786086,-47.999789,FIXED,,OSM,1,,,
-15.786011,-48.000427,FIXED,80,DETRAN-DF,1,,,
-15.786011,-47.994080,FIXED,,DETRAN-DF,1,,,
-15.785977,-48.135473,FIXED,60,DNIT+DETRAN-DF,1,,,73
-15.785889,-47.935913,FIXED,,DETRAN-DF,1,,,
-15.785889,-47.935486,FIXED,,DETRAN-DF,1,,,
-15.785706,-48.000488,FIXED,,DETRAN-DF,1,,,
-15.785706,-47.999390,FIXED,,DETRAN-DF,1,,,
-15.785583,-47.933594,FIXED,,DETRAN-DF,1,,,
-15.785583,-47.932312,FIXED,,DETRAN-DF,1,,,
-15.785400,-47.934998,FIXED,,DETRAN-DF,1,,,
-15.785400,-47.933899,FIXED,,DETRAN-DF,1,,,
-15.785400,-47.932678,FIXED,,DETRAN-DF,1,,,
-15.785278,-47.934021,FIXED,,DETRAN-DF,1,,,
-15.785278,-47.912292,FIXED,60,DETRAN-DF+OSM,1,,,
-15.785278,-47.906189,FIXED,60,DETRAN-DF+OSM,1,,,
-15.785217,-47.913879,FIXED,60,DETRAN-DF+OSM,1,,,
-15.785095,-47.930786,FIXED,60,DETRAN-DF,1,,,
-15.785009,-48.120975,FIXED,60,DNIT+DETRAN-DF,1,,,292
-15.784912,-47.934387,FIXED,,DETRAN-DF,1,,,
-15.784912,-47.933777,FIXED,,DETRAN-DF,1,,,
-15.784912,-47.931580,FIXED,,DETRAN-DF,1,,,
-15.784912,-47.930420,FIXED,,DETRAN-DF,1,,,
-15.784912,-47.914001,FIXED,60,DETRAN-DF+OSM,1,,,
-15.784790,-47.937195,FIXED,,DETRAN-DF,1,,,
-15.784607,-47.934509,FIXED,,DETRAN-DF,1,,,
-15.784485,-47.934875,FIXED,,DETRAN-DF,1,,,
-15.784485,-47.933594,FIXED,,DETRAN-DF,1,,,
-15.784424,-47.933411,FIXED,,DETRAN-DF,1,,,
-15.784424,-47.932800,FIXED,,DETRAN-DF,1,,,
-15.784424,-47.932312,FIXED,,DETRAN-DF,1,,,
-15.784302,-47.934204,FIXED,,DETRAN-DF,1,,,
-15.784302,-47.933228,FIXED,,DETRAN-DF,1,,,
-15.783997,-47.935486,FIXED,,DETRAN-DF,1,,,
-15.783875,-47.933289,FIXED,,DETRAN-DF,1,,,
-15.783875,-47.932800,FIXED,,DETRAN-DF,1,,,
-15.783875,-47.932312,FIXED,,DETRAN-DF,1,,,
-15.783875,-47.931580,FIXED,,DETRAN-DF,1,,,
-15.783691,-47.933594,FIXED,,DETRAN-DF,1,,,
-15.783325,-47.933899,FIXED,,DETRAN-DF,1,,,
-15.783325,-47.905701,FIXED,,DETRAN-DF,1,,,
-15.783081,-47.937500,FIXED,,DETRAN-DF,1,,,
-15.783081,-47.905579,FIXED,60,DETRAN-DF,1,,,
-15.783081,-47.880615,FIXED,80,DETRAN-DF,1,,,
-15.783020,-47.935181,FIXED,,DETRAN-DF,1,,,
-15.782898,-47.880493,FIXED,80,DETRAN-DF,1,,,
-15.782776,-47.930176,FIXED,60,DETRAN-DF,1,,,
-15.782776,-47.907288,FIXED,,DETRAN-DF,1,,,
-15.782715,-47.934082,FIXED,,DETRAN-DF,1,,,
-15.782715,-47.931213,FIXED,,DETRAN-DF,1,,,
-15.782715,-47.879822,FIXED,60,DETRAN-DF,1,,,
-15.782593,-47.879883,FIXED,60,DETRAN-DF,1,,,
-15.782410,-47.935791,FIXED,,DETRAN-DF,1,,,
-15.782410,-47.934509,FIXED,,DETRAN-DF,1,,,
-15.782410,-47.934387,FIXED,,DETRAN-DF,1,,,
-15.782410,-47.861023,FIXED,80,DETRAN-DF,1,,,
-15.782288,-47.936584,FIXED,,DETRAN-DF,1,,,
-15.782104,-47.934387,FIXED,,DETRAN-DF,1,,,
-15.782104,-47.933105,FIXED,,DETRAN-DF,1,,,
-15.782104,-47.931213,FIXED,,DETRAN-DF,1,,,
-15.781982,-47.934875,FIXED,,DETRAN-DF,1,,,
-15.781982,-47.932678,FIXED,,DETRAN-DF,1,,,
-15.781982,-47.778992,FIXED,40,DETRAN-DF,1,,,
-15.781799,-47.936707,FIXED,,DETRAN-DF,1,,,
-15.781799,-47.936096,FIXED,,DETRAN-DF,1,,,
-15.781799,-47.807312,FIXED,80,DETRAN-DF,1,,,
-15.781677,-47.935181,FIXED,,DETRAN-DF,1,,,
-15.781616,-47.937012,FIXED,,DETRAN-DF,1,,,
-15.781616,-47.934509,FIXED,,DETRAN-DF,1,,,
-15.781616,-47.932129,FIXED,,DETRAN-DF,1,,,
-15.781494,-47.939697,FIXED,80,DETRAN-DF+OSM,1,,,
-15.781334,-47.925479,FIXED,60,OSM,1,,,
-15.781311,-47.936096,FIXED,,DETRAN-DF,1,,,
-15.781311,-47.934875,FIXED,,DETRAN-DF,1,,,
-15.781311,-47.930786,FIXED,,DETRAN-DF,1,,,
-15.781311,-47.925110,FIXED,60,DETRAN-DF,1,,,
-15.781311,-47.887512,FIXED,60,DETRAN-DF,1,,,
-15.781189,-47.924988,FIXED,50,DETRAN-DF,1,,,
-15.781128,-47.934021,FIXED,,DETRAN-DF,1,,,
-15.781006,-47.935608,FIXED,,DETRAN-DF,1,,,
-15.781006,-47.935181,FIXED,,DETRAN-DF,1,,,
-15.781006,-47.920410,FIXED,60,DETRAN-DF+OSM,1,,,
-15.781006,-47.793213,FIXED,80,DETRAN-DF,1,,,
-15.780884,-47.930908,FIXED,,DETRAN-DF,1,,,
-15.780701,-47.936279,FIXED,,DETRAN-DF,1,,,
-15.780579,-47.937683,FIXED,,DETRAN-DF,1,,,
-15.780579,-47.936707,FIXED,,DETRAN-DF,1,,,
-15.780518,-47.932190,FIXED,,DETRAN-DF,1,,,
-15.780518,-47.931702,FIXED,,DETRAN-DF,1,,,
-15.780396,-47.938110,FIXED,,DETRAN-DF,1,,,
-15.780396,-47.934998,FIXED,,DETRAN-DF,1,,,
-15.780396,-47.934509,FIXED,,DETRAN-DF,1,,,
-15.780396,-47.932495,FIXED,,DETRAN-DF,1,,,
-15.780396,-47.931519,FIXED,,DETRAN-DF,1,,,
-15.780396,-47.887695,FIXED,60,DETRAN-DF,1,,,
-15.780212,-47.937012,FIXED,,DETRAN-DF,1,,,
-15.780212,-47.935425,FIXED,,DETRAN-DF,1,,,
-15.780212,-47.933289,FIXED,,DETRAN-DF,1,,,
-15.780212,-47.932922,FIXED,,DETRAN-DF,1,,,
-15.780029,-47.881226,FIXED,60,DETRAN-DF,1,,,
-15.779907,-47.934021,FIXED,,DETRAN-DF,1,,,
-15.779907,-47.933594,FIXED,,DETRAN-DF,1,,,
-15.779907,-47.932983,FIXED,,DETRAN-DF,1,,,
-15.779907,-47.881287,FIXED,60,DETRAN-DF,1,,,
-15.779785,-47.937500,FIXED,,DETRAN-DF,1,,,
-15.779785,-47.934387,FIXED,,DETRAN-DF,1,,,
-15.779724,-47.937988,FIXED,,DETRAN-DF,1,,,
-15.779602,-47.934814,FIXED,,DETRAN-DF,1,,,
-15.779480,-47.936279,FIXED,,DETRAN-DF,1,,,
-15.779480,-47.935486,FIXED,,DETRAN-DF,1,,,
-15.779480,-47.935181,FIXED,,DETRAN-DF,1,,,
-15.779480,-47.934509,FIXED,,DETRAN-DF,1,,,
-15.779297,-47.936707,FIXED,,DETRAN-DF,1,,,
-15.779297,-47.935913,FIXED,,DETRAN-DF,1,,,
-15.779175,-48.171692,FIXED,,DETRAN-DF,1,,,
-15.779175,-47.937195,FIXED,,DETRAN-DF,1,,,
-15.779175,-47.862000,FIXED,80,DETRAN-DF,1,,,
-15.778992,-47.937805,FIXED,,DETRAN-DF,1,,,
-15.778992,-47.936890,FIXED,,DETRAN-DF,1,,,
-15.778992,-47.935913,FIXED,,DETRAN-DF,1,,,
-15.778809,-47.887878,FIXED,60,DETRAN-DF,1,,,
-15.778687,-47.909790,FIXED,60,DETRAN-DF+OSM,1,,,
-15.778503,-47.938599,FIXED,80,DETRAN-DF+OSM,1,,,
-15.778381,-48.171204,FIXED,,DETRAN-DF,1,,,
-15.778381,-47.934509,FIXED,60,DETRAN-DF+OSM,1,,,
-15.777405,-47.931885,FIXED,60,DETRAN-DF+OSM,1,,,
-15.777405,-47.862976,FIXED,80,DETRAN-DF,1,,,
-15.776611,-47.921204,FIXED,60,DETRAN-DF+OSM,1,,,
-15.776611,-47.921082,FIXED,60,DETRAN-DF,1,,,
-15.776611,-47.891479,FIXED,50,DETRAN-DF,1,,,
-15.776611,-47.890808,FIXED,50,DETRAN-DF,1,,,
-15.776611,-47.871582,FIXED,60,DETRAN-DF,1,,,
-15.776611,-47.780884,FIXED,40,DETRAN-DF,1,,,
-15.776001,-47.910583,FIXED,60,DETRAN-DF,1,,,
-15.775879,-47.931824,FIXED,,DETRAN-DF,1,,,
-15.775208,-47.874512,FIXED,60,DETRAN-DF,1,,,
-15.774780,-47.927429,FIXED,,DETRAN-DF,1,,,
-15.774475,-47.938293,FIXED,60,DETRAN-DF+OSM,1,,,
-15.774109,-47.931213,FIXED,,DETRAN-DF,1,,,
-15.773804,-47.927795,FIXED,,DETRAN-DF,1,,,
-15.773621,-47.887695,FIXED,,DETRAN-DF,1,,,
-15.773499,-47.928711,FIXED,,DETRAN-DF,1,,,
-15.773499,-47.910095,FIXED,60,DETRAN-DF,1,,,
-15.773376,-47.872009,FIXED,60,DETRAN-DF,1,,,
-15.773010,-47.930908,FIXED,,DETRAN-DF,1,,,
-15.773010,-47.926819,FIXED,,DETRAN-DF,1,,,
-15.772583,-47.779602,FIXED,40,DETRAN-DF+OSM,1,,,
-15.772278,-47.937012,FIXED,80,DETRAN-DF+OSM,1,,,
-15.772029,-47.936858,FIXED,,OSM,1,,,
-15.771606,-47.888611,FIXED,60,DETRAN-DF,1,,,
-15.771484,-47.875000,FIXED,60,DETRAN-DF,1,,,
-15.771484,-47.874878,FIXED,60,DETRAN-DF,1,,,
-15.771423,-47.779602,FIXED,40,DETRAN-DF+OSM,1,,,
-15.770630,-47.919006,FIXED,60,DETRAN-DF,1,,,
-15.770508,-48.045105,FIXED,80,DETRAN-DF,1,,,
-15.770203,-47.919006,FIXED,60,DETRAN-DF,1,,,
-15.769897,-47.893677,FIXED,60,DETRAN-DF,1,,,
-15.769775,-47.925720,FIXED,,DETRAN-DF,1,,,
-15.769592,-47.892212,FIXED,50,DETRAN-DF,1,,,
-15.769592,-47.889099,FIXED,60,DETRAN-DF,1,,,
-15.769287,-47.911377,FIXED,70,DETRAN-DF,1,,,
-15.769104,-47.872498,FIXED,50,DETRAN-DF,1,,,
-15.768799,-47.912109,FIXED,70,DETRAN-DF,1,,,
-15.768677,-47.889587,FIXED,60,DETRAN-DF,1,,,
-15.768677,-47.863098,FIXED,80,DETRAN-DF,1,,,
-15.768616,-47.774292,FIXED,,DETRAN-DF,1,,,
-15.768616,-47.774109,FIXED,,DETRAN-DF,1,,,
-15.768494,-47.882812,FIXED,60,DETRAN-DF,1,,,
-15.768311,-47.882996,FIXED,60,DETRAN-DF,1,,,
-15.768188,-47.882385,FIXED,80,DETRAN-DF,1,,,
-15.768005,-47.934082,FIXED,80,DETRAN-DF+OSM,1,,,
-15.768005,-47.774414,FIXED,,DETRAN-DF,1,,,
-15.768005,-47.774292,FIXED,,DETRAN-DF,1,,,
-15.767883,-47.881592,FIXED,60,DETRAN-DF,1,,,
-15.767212,-47.881897,FIXED,60,DETRAN-DF,1,,,
-15.767090,-47.873230,FIXED,50,DETRAN-DF,1,,,
-15.767029,-47.933899,FIXED,80,DETRAN-DF+OSM,1,,,
-15.766724,-47.914001,FIXED,70,DETRAN-DF+OSM,1,,,
-15.766479,-48.167480,FIXED,,DETRAN-DF,1,,,
-15.766113,-47.882812,FIXED,80,DETRAN-DF,1,,,
-15.766113,-47.779907,FIXED,40,DETRAN-DF,1,,,
-15.765686,-48.167480,FIXED,,DETRAN-DF,1,,,
-15.765076,-47.924011,FIXED,,DETRAN-DF,1,,,
-15.764709,-47.915588,FIXED,70,DETRAN-DF+OSM,1,,,
-15.764526,-47.895691,FIXED,40,DETRAN-DF,1,,,
-15.764099,-47.893982,FIXED,50,DETRAN-DF,1,,,
-15.764099,-47.780212,FIXED,40,DETRAN-DF,1,,,
-15.764092,-47.862500,FIXED,,OSM,1,,,
-15.763794,-47.862488,FIXED,80,DETRAN-DF,1,,,
-15.763611,-47.924194,FIXED,,DETRAN-DF,1,,,
-15.763611,-47.917175,FIXED,70,DETRAN-DF,1,,,
-15.763611,-47.890808,FIXED,60,DETRAN-DF,1,,,
-15.763184,-47.894104,FIXED,,DETRAN-DF,1,,,
-15.762878,-47.923401,FIXED,,DETRAN-DF,1,,,
-15.762512,-47.862976,FIXED,80,DETRAN-DF,1,,,
-15.762085,-47.894287,FIXED,,DETRAN-DF,1,,,
-15.762024,-47.893799,FIXED,,DETRAN-DF,1,,,
-15.761475,-47.789612,FIXED,80,DETRAN-DF,1,,,
-15.761356,-47.790651,FIXED,60,OSM,1,,,
-15.761292,-47.919312,FIXED,,DETRAN-DF,1,,,
-15.761292,-47.894714,FIXED,,DETRAN-DF,1,,,
-15.761108,-47.894409,FIXED,,DETRAN-DF,1,,,
-15.761108,-47.894104,FIXED,,DETRAN-DF,1,,,
-15.760986,-47.893799,FIXED,,DETRAN-DF,1,,,
-15.760986,-47.875000,FIXED,60,DETRAN-DF,1,,,
-15.760925,-47.893494,FIXED,,DETRAN-DF,1,,,
-15.760803,-47.893311,FIXED,,DETRAN-DF,1,,,
-15.760681,-47.794495,FIXED,80,DETRAN-DF,1,,,
-15.760620,-47.877625,FIXED,60,DETRAN-DF,1,,,
-15.760498,-47.918396,FIXED,,DETRAN-DF,1,,,
-15.760010,-47.894897,FIXED,,DETRAN-DF,1,,,
-15.759888,-47.894592,FIXED,,DETRAN-DF,1,,,
-15.759888,-47.884705,FIXED,80,DETRAN-DF,1,,,
-15.759827,-47.923828,FIXED,70,DETRAN-DF,1,,,
-15.759827,-47.894287,FIXED,,DETRAN-DF,1,,,
-15.759705,-47.923584,FIXED,70,DETRAN-DF+OSM,1,,,
-15.759583,-47.915588,FIXED,,DETRAN-DF,1,,,
-15.759583,-47.893494,FIXED,,DETRAN-DF,1,,,
-15.759521,-47.802307,FIXED,80,DETRAN-DF,1,,,
-15.759446,-47.924458,FIXED,70,OSM,1,,,
-15.759399,-47.777710,FIXED,,DETRAN-DF,1,,,
-15.759277,-47.894897,FIXED,,DETRAN-DF,1,,,
-15.759277,-47.894592,FIXED,,DETRAN-DF,1,,,
-15.759277,-47.744080,FIXED,,DETRAN-DF,1,,,
-15.759216,-47.928589,FIXED,80,DETRAN-DF,1,,,
-15.758911,-47.928894,FIXED,80,DETRAN-DF,1,,,
-15.758911,-47.913879,FIXED,,DETRAN-DF,1,,,
-15.758606,-47.895020,FIXED,,DETRAN-DF,1,,,
-15.758606,-47.807800,FIXED,80,DETRAN-DF,1,,,
-15.758606,-47.928727,FIXED,,OSM,1,,,
-15.758484,-47.892700,FIXED,60,DETRAN-DF,1,,,
-15.758423,-47.894287,FIXED,,DETRAN-DF,1,,,
-15.757996,-47.911194,FIXED,,DETRAN-DF,1,,,
-15.757812,-47.746277,FIXED,,DETRAN-DF,1,,,
-15.757507,-47.892883,FIXED,60,DETRAN-DF,1,,,
-15.757385,-47.885681,FIXED,80,DETRAN-DF,1,,,
-15.757385,-47.810181,FIXED,80,DETRAN-DF,1,,,
-15.757019,-47.896179,FIXED,50,DETRAN-DF,1,,,
-15.756897,-47.886475,FIXED,60,DETRAN-DF,1,,,
-15.756775,-47.886475,FIXED,60,DETRAN-DF,1,,,
-15.756592,-47.893311,FIXED,60,DETRAN-DF,1,,,
-15.756104,-47.778992,FIXED,,DETRAN-DF,1,,,
-15.755676,-47.770630,FIXED,,DETRAN-DF,1,,,
-15.755615,-47.836609,FIXED,70,DETRAN-DF,1,,,
-15.755493,-47.885620,FIXED,60,DETRAN-DF,1,,,
-15.755493,-47.770386,FIXED,,DETRAN-DF,1,,,
-15.755005,-47.885681,FIXED,60,DETRAN-DF,1,,,
-15.755005,-47.814209,FIXED,80,DETRAN-DF,1,,,
-15.754589,-47.869754,FIXED,,OSM,1,,,
-15.754395,-47.870605,FIXED,80,DETRAN-DF,1,,,
-15.754028,-47.870300,FIXED,80,DETRAN-DF,1,,,
-15.753479,-47.753418,FIXED,,DETRAN-DF,1,,,
-15.753113,-47.840576,FIXED,70,DETRAN-DF,1,,,
-15.752686,-47.887085,FIXED,80,DETRAN-DF,1,,,
-15.752502,-47.887207,FIXED,80,DETRAN-DF,1,,,
-15.752502,-47.780396,FIXED,,DETRAN-DF,1,,,
-15.752502,-47.763977,FIXED,,DETRAN-DF,1,,,
-15.752014,-47.890503,FIXED,,DETRAN-DF,1,,,
-15.752014,-47.813110,FIXED,50,DETRAN-DF,1,,,
-15.751709,-47.924500,FIXED,80,DETRAN-DF+OSM,1,,,
-15.751709,-47.763611,FIXED,,DETRAN-DF,1,,,
-15.751282,-47.715210,FIXED,,DETRAN-DF,1,,,
-15.751099,-47.880676,FIXED,60,DETRAN-DF,1,,,
-15.751099,-47.763428,FIXED,,DETRAN-DF,1,,,
-15.750610,-47.764587,FIXED,,DETRAN-DF,1,,,
-15.750488,-47.880981,FIXED,60,DETRAN-DF,1,,,
-15.750488,-47.816284,FIXED,50,DETRAN-DF,1,,,
-15.750122,-47.922913,FIXED,80,DETRAN-DF,1,,,
-15.749817,-47.762878,FIXED,,DETRAN-DF,1,,,
-15.749023,-47.762512,FIXED,,DETRAN-DF,1,,,
-15.748596,-47.898926,FIXED,40,DETRAN-DF+OSM,1,,,
-15.748596,-47.781921,FIXED,,DETRAN-DF,1,,,
-15.748230,-47.820984,FIXED,80,DETRAN-DF,1,,,
-15.748108,-47.846375,FIXED,70,DETRAN-DF,1,,,
-15.747803,-47.846191,FIXED,70,DETRAN-DF,1,,,
-15.747681,-47.921875,FIXED,80,DETRAN-DF+OSM,1,,,
-15.747681,-47.761902,FIXED,,DETRAN-DF,1,,,
-15.746399,-47.761414,FIXED,,DETRAN-DF,1,,,
-15.746094,-47.900085,FIXED,50,DETRAN-DF,1,,,
-15.746094,-47.889282,FIXED,80,DETRAN-DF,1,,,
-15.746094,-47.664490,FIXED,,DETRAN-DF,1,,,
-15.745911,-47.878296,FIXED,80,DETRAN-DF,1,,,
-15.745858,-47.900325,FIXED,,OSM,1,,,
-15.745483,-47.889404,FIXED,80,DETRAN-DF,1,,,
-15.745178,-47.879517,FIXED,80,DETRAN-DF,1,,,
-15.744995,-47.896790,FIXED,60,DETRAN-DF,1,,,
-15.744690,-47.900208,FIXED,50,DETRAN-DF,1,,,
-15.744507,-47.849609,FIXED,70,DETRAN-DF,1,,,
-15.744202,-47.850891,FIXED,70,DETRAN-DF,1,,,
-15.744080,-47.882812,FIXED,60,DETRAN-DF,1,,,
-15.743713,-47.825012,FIXED,80,DETRAN-DF,1,,,
-15.743408,-47.889404,FIXED,60,DETRAN-DF,1,,,
-15.743408,-47.663879,FIXED,,DETRAN-DF,1,,,
-15.743103,-47.918579,FIXED,80,DETRAN-DF,1,,,
-15.742676,-47.883484,FIXED,60,DETRAN-DF,1,,,
-15.741821,-47.918213,FIXED,80,DETRAN-DF+OSM,1,,,
-15.741577,-48.167603,FIXED,,DETRAN-DF,1,,,
-15.741028,-48.167603,FIXED,,DETRAN-DF,1,,,
-15.740112,-48.057922,FIXED,80,DETRAN-DF,1,,,
-15.739807,-47.898682,FIXED,60,DETRAN-DF,1,,,
-15.739502,-47.916321,FIXED,80,DETRAN-DF,1,,,
-15.739197,-47.884521,FIXED,60,DETRAN-DF,1,,,
-15.738892,-47.831177,FIXED,80,DETRAN-DF,1,,,
-15.738586,-47.884827,FIXED,60,DETRAN-DF,1,,,
-15.738098,-47.912109,FIXED,70,DETRAN-DF,1,,,
-15.737610,-48.167725,FIXED,,DETRAN-DF,1,,,
-15.737610,-47.860596,FIXED,70,DETRAN-DF,1,,,
-15.737183,-47.892029,FIXED,80,DETRAN-DF,1,,,
-15.736913,-47.907641,FIXED,,OSM,1,,,
-15.736877,-47.834106,FIXED,80,DETRAN-DF,1,,,
-15.736694,-47.906982,FIXED,70,DETRAN-DF,1,,,
-15.736694,-47.892212,FIXED,80,DETRAN-DF,1,,,
-15.734619,-47.894104,FIXED,40,DETRAN-DF,1,,,
-15.734619,-47.886108,FIXED,60,DETRAN-DF,1,,,
-15.734610,-47.900655,FIXED,,OSM,1,,,
-15.734192,-48.080383,FIXED,80,DETRAN-DF,1,,,
-15.734031,-47.885871,FIXED,,OSM,1,,,
-15.734009,-47.864502,FIXED,70,DETRAN-DF,1,,,
-15.733826,-47.864075,FIXED,70,DETRAN-DF+OSM,1,,,
-15.733093,-47.912903,FIXED,80,DETRAN-DF,1,,,
-15.733073,-47.891016,FIXED,,OSM,1,,,
-15.732910,-47.895813,FIXED,60,DETRAN-DF,1,,,
-15.731506,-47.890991,FIXED,60,DETRAN-DF,1,,,
-15.731201,-47.892822,FIXED,60,DETRAN-DF,1,,,
-15.731018,-48.165100,FIXED,80,DETRAN-DF,1,,,
-15.730896,-48.180786,FIXED,80,DETRAN-DF,1,,,
-15.730896,-48.171326,FIXED,80,DETRAN-DF,1,,,
-15.730840,-48.181392,FIXED,60,DNIT+OSM,1,,,
-15.729919,-48.117981,FIXED,80,DETRAN-DF,1,,,
-15.729492,-47.910095,FIXED,80,DETRAN-DF,1,,,
-15.729319,-48.123057,FIXED,80,DNIT+DETRAN-DF,1,,,276
-15.729309,-47.842102,FIXED,80,DETRAN-DF,1,,,
-15.729309,-47.841980,FIXED,80,DETRAN-DF,1,,,
-15.729242,-48.125013,FIXED,,DNIT,1,,,96
-15.729187,-47.869812,FIXED,70,DETRAN-DF,1,,,
-15.728821,-48.128601,FIXED,80,DETRAN-DF,1,,,
-15.727905,-47.658691,FIXED,,DETRAN-DF,1,,,
-15.727600,-47.895508,FIXED,60,DETRAN-DF,1,,,
-15.727295,-47.909180,FIXED,80,DETRAN-DF,1,,,
-15.726685,-47.872803,FIXED,70,DETRAN-DF,1,,,
-15.726589,-47.895600,FIXED,80,OSM,1,,,
-15.726013,-47.895691,FIXED,80,DETRAN-DF,1,,,
-15.726013,-47.844910,FIXED,80,DETRAN-DF,1,,,
-15.724487,-47.906921,FIXED,80,DETRAN-DF,1,,,
-15.724182,-47.895996,FIXED,70,DETRAN-DF,1,,,
-15.723999,-47.894287,FIXED,60,DETRAN-DF,1,,,
-15.723877,-47.878784,FIXED,70,DETRAN-DF,1,,,
-15.722717,-47.891785,FIXED,70,DETRAN-DF,1,,,
-15.722595,-47.888977,FIXED,70,DETRAN-DF,1,,,
-15.722595,-47.887512,FIXED,70,DETRAN-DF,1,,,
-15.722402,-47.896982,FIXED,80,OSM,1,,,
-15.722229,-47.883911,FIXED,60,DETRAN-DF,1,,,
-15.722107,-47.883789,FIXED,70,DETRAN-DF,1,,,
-15.721497,-47.897217,FIXED,80,DETRAN-DF,1,,,
-15.721191,-47.905396,FIXED,80,DETRAN-DF,1,,,
-15.721191,-47.896912,FIXED,,DETRAN-DF,1,,,
-15.721008,-47.853027,FIXED,80,DETRAN-DF,1,,,
-15.719227,-47.898007,FIXED,80,OSM,1,,,
-15.718839,-47.897895,FIXED,80,OSM,1,,,
-15.718803,-47.897701,FIXED,60,OSM,1,,,
-15.718689,-47.895325,FIXED,60,DETRAN-DF,1,,,
-15.718384,-47.860413,FIXED,80,DETRAN-DF,1,,,
-15.718018,-47.862976,FIXED,80,DETRAN-DF,1,,,
-15.715576,-47.882202,FIXED,,DETRAN-DF,1,,,
-15.715576,-47.881226,FIXED,,DETRAN-DF,1,,,
-15.715393,-47.880676,FIXED,,DETRAN-DF,1,,,
-15.715210,-47.882812,FIXED,,DETRAN-DF,1,,,
-15.715210,-47.880005,FIXED,60,DETRAN-DF,1,,,
-15.715210,-47.871704,FIXED,40,DETRAN-DF+OSM,1,,,
-15.715088,-47.871887,FIXED,50,DETRAN-DF,1,,,
-15.715027,-47.874329,FIXED,50,DETRAN-DF,1,,,
-15.714905,-47.874207,FIXED,40,DETRAN-DF+OSM,1,,,
-15.714478,-47.900879,FIXED,80,DETRAN-DF,1,,,
-15.714294,-47.883911,FIXED,50,DETRAN-DF,1,,,
-15.713684,-47.891296,FIXED,60,DETRAN-DF,1,,,
-15.713418,-48.198399,FIXED,,DNIT,1,,,343
-15.712708,-48.198608,FIXED,50,DETRAN-DF,1,,,
-15.711975,-47.888306,FIXED,50,DETRAN-DF,1,,,
-15.711105,-48.199240,FIXED,,DNIT,1,,,163
-15.710386,-47.895743,FIXED,50,OSM,1,,,
-15.709685,-47.896072,FIXED,70,OSM,1,,,
-15.707397,-47.892395,FIXED,80,DETRAN-DF+OSM,1,,,
-15.703960,-47.888742,FIXED,70,OSM,1,,,
-15.703918,-47.888123,FIXED,70,DETRAN-DF,1,,,
-15.703735,-47.887906,FIXED,80,OSM,1,,,
-15.700052,-47.882790,FIXED,70,OSM,1,,,
-15.699890,-47.882507,FIXED,70,DETRAN-DF,1,,,
-15.697693,-47.878296,FIXED,70,DETRAN-DF+OSM,1,,,
-15.696554,-47.875791,FIXED,80,OSM,1,,,
-15.695636,-47.875098,FIXED,70,OSM,1,,,
-15.694702,-47.872681,FIXED,70,DETRAN-DF+OSM,1,,,
-15.693504,-47.870269,FIXED,70,OSM,1,,,
-15.692810,-47.844910,FIXED,,DETRAN-DF,1,,,
-15.692810,-47.843201,FIXED,,DETRAN-DF,1,,,
-15.692810,-47.825989,FIXED,,DETRAN-DF,1,,,
-15.692383,-47.826111,FIXED,,DETRAN-DF,1,,,
-15.692078,-47.825806,FIXED,,DETRAN-DF,1,,,
-15.691711,-47.853088,FIXED,,DETRAN-DF,1,,,
-15.691406,-47.865784,FIXED,70,DETRAN-DF+OSM,1,,,
-15.690796,-47.855103,FIXED,,DETRAN-DF,1,,,
-15.690768,-47.865319,FIXED,70,OSM,1,,,
-15.690677,-48.205719,FIXED,60,DNIT+OSM,1,,,164
-15.690491,-47.862183,FIXED,,DETRAN-DF,1,,,
-15.689209,-47.860413,FIXED,50,DETRAN-DF,1,,,
-15.687012,-48.205505,FIXED,,DETRAN-DF,1,,,
-15.686707,-48.200012,FIXED,60,DETRAN-DF,1,,,
-15.685608,-48.195801,FIXED,60,DETRAN-DF,1,,,
-15.684875,-48.192993,FIXED,60,DETRAN-DF,1,,,
-15.684692,-48.192810,FIXED,60,DETRAN-DF,1,,,
-15.684204,-48.205078,FIXED,,DETRAN-DF,1,,,
-15.683899,-48.204712,FIXED,,DETRAN-DF,1,,,
-15.683411,-47.837219,FIXED,,DETRAN-DF,1,,,
-15.682983,-48.205505,FIXED,,DETRAN-DF,1,,,
-15.682312,-48.204895,FIXED,,DETRAN-DF,1,,,
-15.681702,-48.201782,FIXED,,DETRAN-DF,1,,,
-15.681580,-47.851013,FIXED,80,DETRAN-DF,1,,,
-15.681213,-48.201721,FIXED,,DETRAN-DF,1,,,
-15.680857,-47.850097,FIXED,80,OSM,1,,,
-15.679810,-47.861389,FIXED,,DETRAN-DF,1,,,
-15.679504,-48.201599,FIXED,,DETRAN-DF,1,,,
-15.679199,-48.194824,FIXED,60,DETRAN-DF,1,,,
-15.678711,-47.860107,FIXED,,DETRAN-DF,1,,,
-15.678589,-47.649414,FIXED,,DETRAN-DF,1,,,
-15.678386,-47.847294,FIXED,80,OSM,1,,,
-15.678284,-47.648987,FIXED,,DETRAN-DF,1,,,
-15.678223,-48.203979,FIXED,,DETRAN-DF,1,,,
-15.677612,-47.859009,FIXED,,DETRAN-DF,1,,,
-15.677612,-47.846375,FIXED,80,DETRAN-DF,1,,,
-15.677333,-47.845633,FIXED,60,OSM,1,,,
-15.677214,-47.845726,FIXED,80,OSM,1,,,
-15.675476,-47.823181,FIXED,60,DETRAN-DF,1,,,
-15.675110,-48.204590,FIXED,,DETRAN-DF,1,,,
-15.674988,-47.823120,FIXED,60,DETRAN-DF,1,,,
-15.674500,-48.204529,FIXED,,DETRAN-DF,1,,,
-15.672180,-48.199707,FIXED,,DETRAN-DF,1,,,
-15.671692,-47.842590,FIXED,,DETRAN-DF,1,,,
-15.670898,-47.843994,FIXED,,DETRAN-DF,1,,,
-15.670593,-47.839417,FIXED,80,DETRAN-DF,1,,,
-15.670105,-47.644409,FIXED,,DETRAN-DF,1,,,
-15.669312,-47.839600,FIXED,80,DETRAN-DF,1,,,
-15.668396,-47.847717,FIXED,,DETRAN-DF,1,,,
-15.667786,-47.848694,FIXED,,DETRAN-DF,1,,,
-15.665588,-48.199280,FIXED,,DETRAN-DF,1,,,
-15.665588,-47.841614,FIXED,80,DETRAN-DF,1,,,
-15.665527,-48.203613,FIXED,,DETRAN-DF,1,,,
-15.664612,-48.203491,FIXED,,DETRAN-DF,1,,,
-15.664001,-47.823975,FIXED,60,DETRAN-DF,1,,,
-15.663696,-47.852783,FIXED,,DETRAN-DF,1,,,
-15.662903,-47.829285,FIXED,60,DETRAN-DF,1,,,
-15.662781,-47.801697,FIXED,,DETRAN-DF,1,,,
-15.662720,-47.801697,FIXED,,DETRAN-DF,1,,,
-15.661926,-47.799805,FIXED,60,DETRAN-DF,1,,,
-15.660583,-48.203003,FIXED,,DETRAN-DF,1,,,
-15.659790,-48.202881,FIXED,,DETRAN-DF,1,,,
-15.659485,-47.854797,FIXED,,DETRAN-DF,1,,,
-15.657715,-47.897400,FIXED,,DETRAN-DF,1,,,
-15.657593,-47.855530,FIXED,,DETRAN-DF,1,,,
-15.657227,-47.898010,FIXED,,DETRAN-DF,1,,,
-15.657104,-47.845703,FIXED,80,DETRAN-DF,1,,,
-15.656677,-47.846191,FIXED,80,DETRAN-DF,1,,,
-15.656189,-47.781982,FIXED,,DETRAN-DF,1,,,
-15.656128,-48.202576,FIXED,,DETRAN-DF,1,,,
-15.655579,-47.782288,FIXED,,DETRAN-DF,1,,,
-15.654785,-47.649719,FIXED,,DETRAN-DF,1,,,
-15.652710,-47.790710,FIXED,50,DETRAN-DF,1,,,
-15.652405,-47.780090,FIXED,,DETRAN-DF,1,,,
-15.652100,-47.778809,FIXED,60,DETRAN-DF,1,,,
-15.649780,-47.787109,FIXED,50,DETRAN-DF,1,,,
-15.649719,-47.670593,FIXED,80,DETRAN-DF,1,,,
-15.649475,-47.793579,FIXED,50,DETRAN-DF,1,,,
-15.649414,-47.793518,FIXED,50,DETRAN-DF,1,,,
-15.648376,-47.785889,FIXED,40,DETRAN-DF,1,,,
-15.648376,-47.785400,FIXED,40,DETRAN-DF,1,,,
-15.647522,-47.768616,FIXED,60,DETRAN-DF,1,,,
-15.646572,-48.201565,FIXED,,DNIT,1,,,6
-15.645338,-48.201540,FIXED,,DNIT,1,,,186
-15.644592,-47.761902,FIXED,40,DETRAN-DF,1,,,
-15.644104,-47.797180,FIXED,40,DETRAN-DF,1,,,
-15.644104,-47.761108,FIXED,40,DETRAN-DF,1,,,
-15.643921,-47.798401,FIXED,40,DETRAN-DF,1,,,
-15.641907,-47.818176,FIXED,,DETRAN-DF,1,,,
-15.641785,-47.817383,FIXED,,DETRAN-DF,1,,,
-15.639893,-47.820984,FIXED,,DETRAN-DF,1,,,
-15.639404,-47.651123,FIXED,40,DETRAN-DF,1,,,
-15.639404,-47.651001,FIXED,40,DETRAN-DF,1,,,
-15.638794,-47.842896,FIXED,,DETRAN-DF,1,,,
-15.638611,-47.843018,FIXED,,DETRAN-DF,1,,,
-15.638611,-47.842712,FIXED,,DETRAN-DF,1,,,
-15.638611,-47.690796,FIXED,80,DETRAN-DF,1,,,
-15.638489,-47.845581,FIXED,,DETRAN-DF,1,,,
-15.638489,-47.842712,FIXED,,DETRAN-DF,1,,,
-15.638428,-47.845581,FIXED,,DETRAN-DF,1,,,
-15.638428,-47.844910,FIXED,,DETRAN-DF,1,,,
-15.638428,-47.841797,FIXED,,DETRAN-DF,1,,,
-15.638306,-47.821228,FIXED,,DETRAN-DF,1,,,
-15.638184,-47.839783,FIXED,,DETRAN-DF,1,,,
-15.638000,-47.839600,FIXED,,DETRAN-DF,1,,,
-15.638000,-47.839478,FIXED,,DETRAN-DF,1,,,
-15.637878,-47.847900,FIXED,,DETRAN-DF,1,,,
-15.637817,-47.837891,FIXED,,DETRAN-DF,1,,,
-15.637817,-47.837830,FIXED,,DETRAN-DF,1,,,
-15.637817,-47.821716,FIXED,,DETRAN-DF,1,,,
-15.637512,-47.849792,FIXED,,DETRAN-DF,1,,,
-15.637207,-47.835876,FIXED,,DETRAN-DF,1,,,
-15.637207,-47.835083,FIXED,,DETRAN-DF,1,,,
-15.637207,-47.835022,FIXED,,DETRAN-DF,1,,,
-15.637207,-47.651184,FIXED,40,DETRAN-DF,1,,,
-15.636671,-47.651294,FIXED,,OSM,1,,,
-15.636475,-47.832397,FIXED,,DETRAN-DF,1,,,
-15.636292,-47.831177,FIXED,50,DETRAN-DF,1,,,
-15.635681,-47.830200,FIXED,50,DETRAN-DF,1,,,
-15.635193,-47.829407,FIXED,,DETRAN-DF,1,,,
-15.635010,-47.822998,FIXED,,DETRAN-DF,1,,,
-15.634583,-47.827576,FIXED,,DETRAN-DF,1,,,
-15.634583,-47.651611,FIXED,40,DETRAN-DF,1,,,
-15.634216,-47.824280,FIXED,,DETRAN-DF,1,,,
-15.633911,-47.826294,FIXED,,DETRAN-DF,1,,,
-15.632507,-47.651794,FIXED,40,DETRAN-DF,1,,,
-15.631409,-47.651917,FIXED,40,DETRAN-DF,1,,,
-15.631287,-47.651978,FIXED,,DETRAN-DF,1,,,
-15.630676,-47.651794,FIXED,,DETRAN-DF,1,,,
-15.627502,-47.699097,FIXED,80,DETRAN-DF,1,,,
-15.625425,-47.724270,FIXED,60,OSM,1,,,
-15.624023,-47.655396,FIXED,50,DETRAN-DF,1,,,
-15.622192,-47.655396,FIXED,50,DETRAN-DF,1,,,
-15.621826,-47.650085,FIXED,40,DETRAN-DF,1,,,
-15.621704,-48.198914,FIXED,,DETRAN-DF,1,,,
-15.621094,-48.198792,FIXED,,DETRAN-DF,1,,,
-15.620789,-47.664490,FIXED,60,DETRAN-DF,1,,,
-15.620728,-47.666016,FIXED,60,DETRAN-DF,1,,,
-15.620605,-47.650391,FIXED,40,DETRAN-DF,1,,,
-15.616572,-47.708367,FIXED,70,OSM,1,,,
-15.616089,-47.672302,FIXED,60,DETRAN-DF,1,,,
-15.615784,-47.655090,FIXED,50,DETRAN-DF,1,,,
-15.613586,-48.198120,FIXED,,DETRAN-DF,1,,,
-15.612760,-47.702097,FIXED,70,OSM,1,,,
-15.611511,-47.671997,FIXED,60,DETRAN-DF,1,,,
-15.610718,-47.672119,FIXED,,DETRAN-DF,1,,,
-15.609009,-47.695007,FIXED,40,DETRAN-DF,1,,,
-15.607910,-47.693298,FIXED,40,DETRAN-DF,1,,,
-15.605286,-47.671692,FIXED,60,DETRAN-DF,1,,,
-15.605103,-47.654297,FIXED,50,DETRAN-DF,1,,,
-15.603577,-47.654480,FIXED,50,DETRAN-DF,1,,,
-15.603210,-47.870605,FIXED,,DETRAN-DF,1,,,
-15.602112,-47.682678,FIXED,40,DETRAN-DF+OSM,1,,,
-15.601990,-47.673096,FIXED,60,DETRAN-DF,1,,,
-15.601990,-47.654175,FIXED,50,DETRAN-DF,1,,,
-15.601318,-47.681396,FIXED,40,DETRAN-DF+OSM,1,,,
-15.600708,-47.872192,FIXED,,DETRAN-DF,1,,,
-15.600586,-47.679810,FIXED,,DETRAN-DF,1,,,
-15.600403,-47.679810,FIXED,,DETRAN-DF,1,,,
-15.599487,-47.677490,FIXED,,DETRAN-DF,1,,,
-15.596802,-47.673218,FIXED,,DETRAN-DF,1,,,
-15.595438,-47.649651,FIXED,80,DNIT+OSM,1,,,274
-15.595276,-47.650085,FIXED,60,DETRAN-DF,1,,,
-15.585083,-47.351807,FIXED,,DETRAN-DF,1,,,
-15.584536,-47.355179,FIXED,40,DNIT+DETRAN-DF,1,,,72
-15.582886,-47.349609,FIXED,40,DETRAN-DF,1,,,
-15.581787,-47.508606,FIXED,80,DETRAN-DF,1,,,
-15.581633,-47.455389,FIXED,,DNIT,1,,,110
-15.581299,-47.456299,FIXED,80,DETRAN-DF,1,,,
-15.580811,-47.503418,FIXED,80,DETRAN-DF,1,,,
-15.549805,-48.042603,FIXED,80,DETRAN-DF,1,,,
-15.527893,-48.037720,FIXED,80,DETRAN-DF,1,,,
-15.519592,-47.579407,FIXED,60,DETRAN-DF,1,,,
