{"type":"FeatureCollection","attribution":"Pardal — © colaboradores do OpenStreetMap (ODbL 1.0) e fontes abertas listadas no README","features":[{"type":"Feature","geometry":{"type":"Point","coordinates":[-47.981315,-16.04968]},"properties":{"kind":"FIXED","limit_kmh":null,"source":"DNIT","active":true,"direction_deg":null}},{"type":"Feature","geometry":{"type":"Point","coordinates":[-48.023376,-16.049194]},"properties":{"kind":"FIXED","limit_kmh":60,"source":"DETRAN-DF+OSM","active":true,"direction_deg":null}},{"type":"Feature","geometry":{"type":"Point","coordinates":[-48.011719,-16.049194]},"properties":{"kind":"FIXED","limit_kmh":60,"source":"DETRAN-DF","active":true,"direction_deg":null}},{"type":"Feature","geometry":{"type":"Point","coordinates":[-48.007812,-16.049194]},"properties":{"kind":"FIXED","limit_kmh":60,"source":"DETRAN-DF","active":true,"direction_deg":null}},{"type":"Feature","geometry":{"type":"Point","coordinates":[-48.001709,-16.049194]},"properties":{"kind":"FIXED","limit_kmh":null,"source":"DETRAN-DF","active":true,"direction_deg":null}},{"type":"Feature","geometry":{"type":"Point","coordinates":[-47.998291,-16.049194]},"properties":{"kind":"FIXED","limit_kmh":60,"source":"DETRAN-DF","active":true,"direction_deg":null}},{"type":"Feature","geometry":{"type":"Point","coordinates":[-47.987305,-16.049194]},"properties":{"kind":"FIXED","limit_kmh":null,"source":"DETRAN-DF","active":true,"direction_deg":null}},{"type":"Feature","geometry":{"type":"Point","coordinates":[-47.987183,-16.049194]},"properties":{"kind":"FIXED","limit_kmh":60,"source":"DETRAN-DF+OSM","active":true,"direction_deg":null}},{"type":"Feature","geometry":{"type":"Point","coordinates":[-47.991441,-16.048928]},"properties":{"kind":"FIXED","limit_kmh":60,"source":"OSM","active":true,"direction_deg":null}},{"type":"Feature","geometry":{"type":"Point","coordinates":[-48.023573,-16.048908]},"properties":{"kind":"FIXED","limit_kmh":60,"source":"OSM","active":true,"direction_deg":null}},{"type":"Feature","geometry":{"type":"Point","coordinates":[-48.02301,-16.048889]},"properties":{"kind":"FIXED","limit_kmh":60,"source":"DETRAN-DF","active":true,"direction_deg":null}},{"type":"Feature","geometry":{"type":"Point","coordinates":[-48.011108,-16.048889]},"properties":{"kind":"FIXED","limit_kmh":null,"source":"DETRAN-DF","active":true,"direction_deg":null}},{"type":"Feature","geometry":{"type":"Point","coordinates":[-48.010803,-16.048889]},"properties":{"kind":"FIXED","limit_kmh":60,"source":"DETRAN-DF","active":true,"direction_deg":null}},{"type":"Feature","geometry":{"type":"Point","coordinates":[-48.006897,-16.048889]},"properties":{"kind":"FIXED","limit_kmh":60,"source":"DETRAN-DF","active":true,"direction_deg":null}},{"type":"Feature","geometry":{"type":"Point","coordinates":[-48.000793,-16.048889]},"properties":{"kind":"FIXED","limit_kmh":null,"source":"DETRAN-DF","active":true,"direction_deg":null}},{"type":"Feature","geometry":{"type":"Point","coordinates":[-47.999695,-16.048889]},"properties":{"kind":"FIXED","limit_kmh":60,"source":"DETRAN-DF","active":true,"direction_deg":null}},{"type":"Feature","geometry":{"type":"Point","coordinates":[-47.994995,-16.048889]},"properties":{"kind":"FIXED","limit_kmh":60,"source":"DETRAN-DF","active":true,"direction_deg":null}},{"type":"Feature","geometry":{"type":"Point","coordinates":[-47.986694,-16.048889]},"properties":{"kind":"FIXED","limit_kmh":60,"source":"DETRAN-DF","active":true,"direction_deg":null}},{"type":"Feature","geometry":{"type":"Point","coordinates":[-47.986511,-16.048889]},"properties":{"kind":"FIXED","limit_kmh":null,"source":"DETRAN-DF","active":true,"direction_deg":null}},{"type":"Feature","geometry":{"type":"Point","coordinates":[-48.036804,-16.048706]},"properties":{"kind":"FIXED","limit_kmh":60,"source":"DETRAN-DF","active":true,"direction_deg":null}},{"type":"Feature","geometry":{"type":"Point","coordinates":[-48.036011,-16.048706]},"properties":{"kind":"FIXED","limit_kmh":60,"source":"DETRAN-DF","active":true,"direction_deg":null}},{"type":"Feature","geometry":{"type":"Point","coordinates":[-48.039307,-16.047119]},"properties":{"kind":"FIXED","limit_kmh":null,"source":"DETRAN-DF","active":true,"direction_deg":null}},{"type":"Feature","geometry":{"type":"Point","coordinates":[-48.0401,-16.046814]},"properties":{"kind":"FIXED","limit_kmh":null,"source":"DETRAN-DF","active":true,"direction_deg":null}},{"type":"Feature","geometry":{"type":"Point","coordinates":[-48.033997,-16.045898]},"properties":{"kind":"FIXED","limit_kmh":60,"source":"DETRAN-DF","active":true,"direction_deg":null}},{"type":"Feature","geometry":{"type":"Point","coordinates":[-48.041199,-16.044983]},"properties":{"kind":"FIXED","limit_kmh":60,"source":"DETRAN-DF","active":true,"direction_deg":null}},{"type":"Feature","geometry":{"type":"Point","coordinates":[-48.041626,-16.044495]},"properties":{"kind":"FIXED","limit_kmh":null,"source":"DETRAN-DF","active":true,"direction_deg":null}},{"type":"Feature","geometry":{"type":"Point","coordinates":[-48.042114,-16.044312]},"properties":{"kind":"FIXED","limit_kmh":60,"source":"DETRAN-DF","active":true,"direction_deg":null}},{"type":"Feature","geometry":{"type":"Point","coordinates":[-48.042175,-16.044189]},"properties":{"kind":"FIXED","limit_kmh":null,"source":"DETRAN-DF","active":true,"direction_deg":null}},{"type":"Feature","geometry":{"type":"Point","coordinates":[-48.256287,-16.042603]},"properties":{"kind":"FIXED","limit_kmh":40,"source":"DETRAN-DF+OSM","active":true,"direction_deg":null}},{"type":"Feature","geometry":{"type":"Point","coordinates":[-48.256592,-16.04248]},"properties":{"kind":"FIXED","limit_kmh":null,"source":"DETRAN-DF","active":true,"direction_deg":null}},{"type":"Feature","geometry":{"type":"Point","coordinates":[-48.256592,-16.042175]},"properties":{"kind":"FIXED","limit_kmh":40,"source":"DETRAN-DF+OSM","active":true,"direction_deg":null}},{"type":"Feature","geometry":{"type":"Point","coordinates":[-48.256592,-16.042114]},"properties":{"kind":"FIXED","limit_kmh":40,"source":"DETRAN-DF","active":true,"direction_deg":null}},{"type":"Feature","geometry":{"type":"Point","coordinates":[-48.062622,-16.04071]},"properties":{"kind":"FIXED","limit_kmh":null,"source":"DETRAN-DF","active":true,"direction_deg":null}},{"type":"Feature","geometry":{"type":"Point","coordinates":[-48.063782,-16.039978]},"properties":{"kind":"FIXED","limit_kmh":null,"source":"DETRAN-DF","active":true,"direction_deg":null}},{"type":"Feature","geometry":{"type":"Point","coordinates":[-48.062683,-16.039978]},"properties":{"kind":"FIXED","limit_kmh":null,"source":"DETRAN-DF","active":true,"direction_deg":null}},{"type":"Feature","geometry":{"type":"Point","coordinates":[-48.058411,-16.039978]},"properties":{"kind":"FIXED","limit_kmh":null,"source":"DETRAN-DF","active":true,"direction_deg":null}},{"type":"Feature","geometry":{"type":"Point","coordinates":[-47.979919,-16.039978]},"properties":{"kind":"FIXED","limit_kmh":60,"source":"DETRAN-DF+OSM","active":true,"direction_deg":null}},{"type":"Feature","geometry":{"type":"Point","coordinates":[-48.059387,-16.03949]},"properties":{"kind":"FIXED","limit_kmh":null,"source":"DETRAN-DF","active":true,"direction_deg":null}},{"type":"Feature","geometry":{"type":"Point","coordinates":[-48.059998,-16.039124]},"properties":{"kind":"FIXED","limit_kmh":null,"source":"DETRAN-DF","active":true,"direction_deg":null}},{"type":"Feature","geometry":{"type":"Point","coordinates":[-48.06073,-16.038696]},"properties":{"kind":"FIXED","limit_kmh":null,"source":"DETRAN-DF","active":true,"direction_deg":null}},{"type":"Feature","geometry":{"type":"Point","coordinates":[-48.061829,-16.038513]},"properties":{"kind":"FIXED","limit_kmh":null,"source":"DETRAN-DF","active":true,"direction_deg":null}},{"type":"Feature","geometry":{"type":"Point","coordinates":[-48.033508,-16.038391]},"properties":{"kind":"FIXED","limit_kmh":null,"source":"DETRAN-DF","active":true,"direction_deg":null}},{"type":"Feature","geometry":{"type":"Point","coordinates":[-48.065186,-16.038208]},"properties":{"kind":"FIXED","limit_kmh":null,"source":"DETRAN-DF","active":true,"direction_deg":null}},{"type":"Feature","geometry":{"type":"Point","coordinates":[-48.033081,-16.038208]},"properties":{"kind":"FIXED","limit_kmh":null,"source":"DETRAN-DF","active":true,"direction_deg":null}},{"type":"Feature","geometry":{"type":"Point","coordinates":[-48.061401,-16.038086]},"properties":{"kind":"FIXED","limit_kmh":null,"source":"DETRAN-DF","active":true,"direction_deg":null}},{"type":"Feature","geometry":{"type":"Point","coordinates":[-48.055481,-16.038086]},"properties":{"kind":"FIXED","limit_kmh":50,"source":"DETRAN-DF","active":true,"direction_deg":null}},{"type":"Feature","geometry":{"type":"Point","coordinates":[-48.06488,-16.037781]},"properties":{"kind":"FIXED","limit_kmh":null,"source":"DETRAN-DF","active":true,"direction_deg":null}},{"type":"Feature","geometry":{"type":"Point","coordinates":[-48.061279,-16.037781]},"properties":{"kind":"FIXED","limit_kmh":null,"source":"DETRAN-DF","active":true,"direction_deg":null}},{"type":"Feature","geometry":{"type":"Point","coordinates":[-48.033997,-16.037781]},"properties":{"kind":"FIXED","limit_kmh":null,"source":"DETRAN-DF","active":true,"direction_deg":null}},{"type":"Feature","geometry":{"type":"Point","coordinates":[-48.033081,-16.037598]},"properties":{"kind":"FIXED","limit_kmh":null,"source":"DETRAN-DF","active":true,"direction_deg":null}},{"type":"Feature","geometry":{"type":"Point","coordinates":[-48.060913,-16.037292]},"properties":{"kind":"FIXED","limit_kmh":null,"source":"DETRAN-DF","active":true,"direction_deg":null}},{"type":"Feature","geometry":{"type":"Point","coordinates":[-48.064514,-16.037109]},"properties":{"kind":"FIXED","limit_kmh":null,"source":"DETRAN-DF","active":true,"direction_deg":null}},{"type":"Feature","geometry":{"type":"Point","coordinates":[-48.064209,-16.036804]},"properties":{"kind":"FIXED","limit_kmh":null,"source":"DETRAN-DF","active":true,"direction_deg":null}},{"type":"Feature","geometry":{"type":"Point","coordinates":[-48.053101,-16.036682]},"properties":{"kind":"FIXED","limit_kmh":60,"source":"DETRAN-DF","active":true,"direction_deg":null}},{"type":"Feature","geometry":{"type":"Point","coordinates":[-48.047791,-16.036499]},"properties":{"kind":"FIXED","limit_kmh":60,"source":"DETRAN-DF","active":true,"direction_deg":null}},{"type":"Feature","geometry":{"type":"Point","coordinates":[-48.060181,-16.036194]},"properties":{"kind":"FIXED","limit_kmh":null,"source":"DETRAN-DF","active":true,"direction_deg":null}},{"type":"Feature","geometry":{"type":"Point","coordinates":[-48.063721,-16.036011]},"properties":{"kind":"FIXED","limit_kmh":null,"source":"DETRAN-DF","active":true,"direction_deg":null}},{"type":"Feature","geometry":{"type":"Point","coordinates":[-48.059875,-16.035706]},"properties":{"kind":"FIXED","limit_kmh":null,"source":"DETRAN-DF","active":true,"direction_deg":null}},{"type":"Feature","geometry":{"type":"Point","coordinates":[-48.060303,-16.035278]},"properties":{"kind":"FIXED","limit_kmh":null,"source":"DETRAN-DF","active":true,"direction_deg":null}},{"type":"Feature","geometry":{"type":"Point","coordinates":[-48.033508,-16.035278]},"properties":{"kind":"FIXED","limit_kmh":null,"source":"DETRAN-DF","active":true,"direction_deg":null}},{"type":"Feature","geometry":{"type":"Point","coordinates":[-48.061279,-16.034729]},"properties":{"kind":"FIXED","limit_kmh":null,"source":"DETRAN-DF","active":true,"direction_deg":null}},{"type":"Feature","geometry":{"type":"Point","coordinates":[-48.062378,-16.034119]},"properties":{"kind":"FIXED","limit_kmh":null,"source":"DETRAN-DF","active":true,"direction_deg":null}},{"type":"Feature","geometry":{"type":"Point","coordinates":[-48.06189,-16.033325]},"properties":{"kind":"FIXED","limit_kmh":null,"source":"DETRAN-DF","active":true,"direction_deg":null}},{"type":"Feature","geometry":{"type":"Point","coordinates":[-48.063782,-16.033081]},"properties":{"kind":"FIXED","limit_kmh":null,"source":"DETRAN-DF","active":true,"direction_deg":null}},{"type":"Feature","geometry":{"type":"Point","coordinates":[-48.075012,-16.032898]},"properties":{"kind":"FIXED","limit_kmh":null,"source":"DETRAN-DF","active":true,"direction_deg":null}},{"type":"Feature","geometry":{"type":"Point","coordinates":[-48.064514,-16.032715]},"properties":{"kind":"FIXED","limit_kmh":null,"source":"DETRAN-DF","active":true,"direction_deg":null}},{"type":"Feature","geometry":{"type":"Point","coordinates":[-48.063782,-16.032715]},"properties":{"kind":"FIXED","limit_kmh":null,"source":"DETRAN-DF","active":true,"direction_deg":null}},{"type":"Feature","geometry":{"type":"Point","coordinates":[-48.075989,-16.03241]},"properties":{"kind":"FIXED","limit_kmh":null,"source":"DETRAN-DF","active":true,"direction_deg":null}},{"type":"Feature","geometry":{"type":"Point","coordinates":[-48.0578,-16.03241]},"properties":{"kind":"FIXED","limit_kmh":60,"source":"DETRAN-DF","active":true,"direction_deg":null}},{"type":"Feature","geometry":{"type":"Point","coordinates":[-48.057617,-16.03241]},"properties":{"kind":"FIXED","limit_kmh":60,"source":"DETRAN-DF","active":true,"direction_deg":null}},{"type":"Feature","geometry":{"type":"Point","coordinates":[-48.06543,-16.032104]},"properties":{"kind":"FIXED","limit_kmh":null,"source":"DETRAN-DF","active":true,"direction_deg":null}},{"type":"Feature","geometry":{"type":"Point","coordinates":[-48.066406,-16.031494]},"properties":{"kind":"FIXED","limit_kmh":null,"source":"DETRAN-DF","active":true,"direction_deg":null}},{"type":"Feature","geometry":{"type":"Point","coordinates":[-48.059082,-16.031494]},"properties":{"kind":"FIXED","limit_kmh":50,"source":"DETRAN-DF","active":true,"direction_deg":null}},{"type":"Feature","geometry":{"type":"Point","coordinates":[-48.0672,-16.031006]},"properties":{"kind":"FIXED","limit_kmh":null,"source":"DETRAN-DF","active":true,"direction_deg":null}},{"type":"Feature","geometry":{"type":"Point","coordinates":[-48.059021,-16.031006]},"properties":{"kind":"FIXED","limit_kmh":null,"source":"DETRAN-DF","active":true,"direction_deg":null}},{"type":"Feature","geometry":{"type":"Point","coordinates":[-48.060486,-16.030823]},"properties":{"kind":"FIXED","limit_kmh":50,"source":"DETRAN-DF","active":true,"direction_deg":null}},{"type":"Feature","geometry":{"type":"Point","coordinates":[-48.065979,-16.030701]},"properties":{"kind":"FIXED","limit_kmh":null,"source":"DETRAN-DF","active":true,"direction_deg":null}},{"type":"Feature","geometry":{"type":"Point","coordinates":[-48.066528,-16.030579]},"properties":{"kind":"FIXED","limit_kmh":null,"source":"DETRAN-DF","active":true,"direction_deg":null}},{"type":"Feature","geometry":{"type":"Point","coordinates":[-48.065613,-16.030212]},"properties":{"kind":"FIXED","limit_kmh":null,"source":"DETRAN-DF","active":true,"direction_deg":null}},{"type":"Feature","geometry":{"type":"Point","coordinates":[-48.066406,-16.03009]},"properties":{"kind":"FIXED","limit_kmh":null,"source":"DETRAN-DF","active":true,"direction_deg":null}},{"type":"Feature","geometry":{"type":"Point","coordinates":[-48.080383,-16.029907]},"properties":{"kind":"FIXED","limit_kmh":null,"source":"DETRAN-DF","active":true,"direction_deg":null}},{"type":"Feature","geometry":{"type":"Point","coordinates":[-48.069214,-16.029785]},"properties":{"kind":"FIXED","limit_kmh":null,"source":"DETRAN-DF","active":true,"direction_deg":null}},{"type":"Feature","geometry":{"type":"Point","coordinates":[-48.066895,-16.029785]},"properties":{"kind":"FIXED","limit_kmh":null,"source":"DETRAN-DF","active":true,"direction_deg":null}},{"type":"Feature","geometry":{"type":"Point","coordinates":[-48.062317,-16.029602]},"properties":{"kind":"FIXED","limit_kmh":60,"source":"DETRAN-DF","active":true,"direction_deg":null}},{"type":"Feature","geometry":{"type":"Point","coordinates":[-48.067322,-16.02948]},"properties":{"kind":"FIXED","limit_kmh":null,"source":"DETRAN-DF","active":true,"direction_deg":null}},{"type":"Feature","geometry":{"type":"Point","coordinates":[-48.067688,-16.029297]},"properties":{"kind":"FIXED","limit_kmh":null,"source":"DETRAN-DF","active":true,"direction_deg":null}},{"type":"Feature","geometry":{"type":"Point","coordinates":[-48.06958,-16.029175]},"properties":{"kind":"FIXED","limit_kmh":null,"source":"DETRAN-DF","active":true,"direction_deg":null}},{"type":"Feature","geometry":{"type":"Point","coordinates":[-48.081787,-16.028992]},"properties":{"kind":"FIXED","limit_kmh":null,"source":"DETRAN-DF","active":true,"direction_deg":null}},{"type":"Feature","geometry":{"type":"Point","coordinates":[-48.070496,-16.028992]},"properties":{"kind":"FIXED","limit_kmh":null,"source":"DETRAN-DF","active":true,"direction_deg":null}},{"type":"Feature","geometry":{"type":"Point","coordinates":[-48.064514,-16.028381]},"properties":{"kind":"FIXED","limit_kmh":60,"source":"DETRAN-DF","active":true,"direction_deg":null}},{"type":"Feature","geometry":{"type":"Point","coordinates":[-48.061096,-16.028076]},"properties":{"kind":"FIXED","limit_kmh":null,"source":"DETRAN-DF","active":true,"direction_deg":null}},{"type":"Feature","geometry":{"type":"Point","coordinates":[-48.068787,-16.02771]},"properties":{"kind":"FIXED","limit_kmh":null,"source":"DETRAN-DF","active":true,"direction_deg":null}},{"type":"Feature","geometry":{"type":"Point","coordinates":[-48.06073,-16.027588]},"properties":{"kind":"FIXED","limit_kmh":null,"source":"DETRAN-DF","active":true,"direction_deg":null}},{"type":"Feature","geometry":{"type":"Point","coordinates":[-48.069702,-16.027405]},"properties":{"kind":"FIXED","limit_kmh":null,"source":"DETRAN-DF","active":true,"direction_deg":null}},{"type":"Feature","geometry":{"type":"Point","coordinates":[-48.061096,-16.027405]},"properties":{"kind":"FIXED","limit_kmh":null,"source":"DETRAN-DF","active":true,"direction_deg":null}},{"type":"Feature","geometry":{"type":"Point","coordinates":[-47.979094,-16.027217]},"properties":{"kind":"FIXED","limit_kmh":60,"source":"DNIT+DETRAN-DF","active":true,"direction_deg":349}},{"type":"Feature","geometry":{"type":"Point","coordinates":[-48.073608,-16.0271]},"properties":{"kind":"FIXED","limit_kmh":null,"source":"DETRAN-DF","active":true,"direction_deg":null}},{"type":"Feature","geometry":{"type":"Point","coordinates":[-48.069275,-16.026794]},"properties":{"kind":"FIXED","limit_kmh":null,"source":"DETRAN-DF","active":true,"direction_deg":null}},{"type":"Feature","geometry":{"type":"Point","coordinates":[-47.979105,-16.026778]},"properties":{"kind":"FIXED","limit_kmh":60,"source":"OSM","active":true,"direction_deg":null}},{"type":"Feature","geometry":{"type":"Point","coordinates":[-48.080994,-16.026489]},"properties":{"kind":"FIXED","limit_kmh":null,"source":"DETRAN-DF","active":true,"direction_deg":null}},{"type":"Feature","geometry":{"type":"Point","coordinates":[-48.029907,-16.026489]},"properties":{"kind":"FIXED","limit_kmh":null,"source":"DETRAN-DF","active":true,"direction_deg":null}},{"type":"Feature","geometry":{"type":"Point","coordinates":[-48.063904,-16.026428]},"properties":{"kind":"FIXED","limit_kmh":null,"source":"DETRAN-DF","active":true,"direction_deg":null}},{"type":"Feature","geometry":{"type":"Point","coordinates":[-48.078186,-16.026306]},"properties":{"kind":"FIXED","limit_kmh":null,"source":"DETRAN-DF","active":true,"direction_deg":null}},{"type":"Feature","geometry":{"type":"Point","coordinates":[-48.073975,-16.026306]},"properties":{"kind":"FIXED","limit_kmh":null,"source":"DETRAN-DF","active":true,"direction_deg":null}},{"type":"Feature","geometry":{"type":"Point","coordinates":[-48.060608,-16.026306]},"properties":{"kind":"FIXED","limit_kmh":null,"source":"DETRAN-DF","active":true,"direction_deg":null}},{"type":"Feature","geometry":{"type":"Point","coordinates":[-48.067688,-16.026184]},"properties":{"kind":"FIXED","limit_kmh":50,"source":"DETRAN-DF","active":true,"direction_deg":null}},{"type":"Feature","geometry":{"type":"Point","coordinates":[-48.029785,-16.026184]},"properties":{"kind":"FIXED","limit_kmh":null,"source":"DETRAN-DF","active":true,"direction_deg":null}},{"type":"Feature","geometry":{"type":"Point","coordinates":[-48.080627,-16.026001]},"properties":{"kind":"FIXED","limit_kmh":null,"source":"DETRAN-DF","active":true,"direction_deg":null}},{"type":"Feature","geometry":{"type":"Point","coordinates":[-48.065979,-16.026001]},"properties":{"kind":"FIXED","limit_kmh":null,"source":"DETRAN-DF","active":true,"direction_deg":null}},{"type":"Feature","geometry":{"type":"Point","coordinates":[-47.979492,-16.025879]},"properties":{"kind":"FIXED","limit_kmh":60,"source":"DETRAN-DF","active":true,"direction_deg":null}},{"type":"Feature","geometry":{"type":"Point","coordinates":[-48.063904,-16.025818]},"properties":{"kind":"FIXED","limit_kmh":null,"source":"DETRAN-DF","active":true,"direction_deg":null}},{"type":"Feature","geometry":{"type":"Point","coordinates":[-47.979528,-16.025611]},"properties":{"kind":"FIXED","limit_kmh":60,"source":"DNIT+OSM","active":true,"direction_deg":169}},{"type":"Feature","geometry":{"type":"Point","coordinates":[-48.068909,-16.025513]},"properties":{"kind":"FIXED","limit_kmh":50,"source":"DETRAN-DF","active":true,"direction_deg":null}},{"type":"Feature","geometry":{"type":"Point","coordinates":[-48.087219,-16.025208]},"properties":{"kind":"FIXED","limit_kmh":null,"source":"DETRAN-DF","active":true,"direction_deg":null}},{"type":"Feature","geometry":{"type":"Point","coordinates":[-48.0802,-16.025208]},"properties":{"kind":"FIXED","limit_kmh":null,"source":"DETRAN-DF","active":true,"direction_deg":null}},{"type":"Feature","geometry":{"type":"Point","coordinates":[-48.064209,-16.025208]},"properties":{"kind":"FIXED","limit_kmh":null,"source":"DETRAN-DF","active":true,"direction_deg":null}},{"type":"Feature","geometry":{"type":"Point","coordinates":[-48.054077,-16.024597]},"properties":{"kind":"FIXED","limit_kmh":null,"source":"DETRAN-DF","active":true,"direction_deg":null}},{"type":"Feature","geometry":{"type":"Point","coordinates":[-48.077698,-16.024475]},"properties":{"kind":"FIXED","limit_kmh":null,"source":"DETRAN-DF","active":true,"direction_deg":null}},{"type":"Feature","geometry":{"type":"Point","coordinates":[-48.081116,-16.024414]},"properties":{"kind":"FIXED","limit_kmh":null,"source":"DETRAN-DF","active":true,"direction_deg":null}},{"type":"Feature","geometry":{"type":"Point","coordinates":[-48.062683,-16.024292]},"properties":{"kind":"FIXED","limit_kmh":null,"source":"DETRAN-DF","active":true,"direction_deg":null}},{"type":"Feature","geometry":{"type":"Point","coordinates":[-48.084106,-16.024109]},"properties":{"kind":"FIXED","limit_kmh":null,"source":"DETRAN-DF","active":true,"direction_deg":null}},{"type":"Feature","geometry":{"type":"Point","coordinates":[-48.028198,-16.023926]},"properties":{"kind":"FIXED","limit_kmh":60,"source":"DETRAN-DF","active":true,"direction_deg":null}},{"type":"Feature","geometry":{"type":"Point","coordinates":[-48.083984,-16.023804]},"properties":{"kind":"FIXED","limit_kmh":null,"source":"DETRAN-DF","active":true,"direction_deg":null}},{"type":"Feature","geometry":{"type":"Point","coordinates":[-48.027283,-16.023804]},"properties":{"kind":"FIXED","limit_kmh":null,"source":"DETRAN-DF","active":true,"direction_deg":null}},{"type":"Feature","geometry":{"type":"Point","coordinates":[-48.026123,-16.023621]},"properties":{"kind":"FIXED","limit_kmh":null,"source":"DETRAN-DF","active":true,"direction_deg":null}},{"type":"Feature","geometry":{"type":"Point","coordinates":[-48.07019,-16.02301]},"properties":{"kind":"FIXED","limit_kmh":null,"source":"DETRAN-DF","active":true,"direction_deg":null}},{"type":"Feature","geometry":{"type":"Point","coordinates":[-48.070007,-16.02301]},"properties":{"kind":"FIXED","limit_kmh":null,"source":"DETRAN-DF","active":true,"direction_deg":null}},{"type":"Feature","geometry":{"type":"Point","coordinates":[-48.026978,-16.02301]},"properties":{"kind":"FIXED","limit_kmh":60,"source":"DETRAN-DF","active":true,"direction_deg":null}},{"type":"Feature","geometry":{"type":"Point","coordinates":[-48.024109,-16.022217]},"properties":{"kind":"FIXED","limit_kmh":null,"source":"DETRAN-DF","active":true,"direction_deg":null}},{"type":"Feature","geometry":{"type":"Point","coordinates":[-48.062012,-16.021912]},"properties":{"kind":"FIXED","limit_kmh":null,"source":"DETRAN-DF","active":true,"direction_deg":null}},{"type":"Feature","geometry":{"type":"Point","coordinates":[-48.073303,-16.021179]},"properties":{"kind":"FIXED","limit_kmh":null,"source":"DETRAN-DF","active":true,"direction_deg":null}},{"type":"Feature","geometry":{"type":"Point","coordinates":[-48.081909,-16.020813]},"properties":{"kind":"FIXED","limit_kmh":null,"source":"DETRAN-DF","active":true,"direction_deg":null}},{"type":"Feature","geometry":{"type":"Point","coordinates":[-48.083008,-16.020691]},"properties":{"kind":"FIXED","limit_kmh":null,"source":"DETRAN-DF","active":true,"direction_deg":null}},{"type":"Feature","geometry":{"type":"Point","coordinates":[-47.801208,-16.020508]},"properties":{"kind":"FIXED","limit_kmh":null,"source":"DETRAN-DF","active":true,"direction_deg":null}},{"type":"Feature","geometry":{"type":"Point","coordinates":[-48.085083,-16.020386]},"properties":{"kind":"FIXED","limit_kmh":null,"source":"DETRAN-DF","active":true,"direction_deg":null}},{"type":"Feature","geometry":{"type":"Point","coordinates":[-48.081604,-16.020386]},"properties":{"kind":"FIXED","limit_kmh":null,"source":"DETRAN-DF","active":true,"direction_deg":null}},{"type":"Feature","geometry":{"type":"Point","coordinates":[-48.067627,-16.019287]},"properties":{"kind":"FIXED","limit_kmh":null,"source":"DETRAN-DF","active":true,"direction_deg":null}},{"type":"Feature","geometry":{"type":"Point","coordinates":[-48.06189,-16.019287]},"properties":{"kind":"FIXED","limit_kmh":null,"source":"DETRAN-DF","active":true,"direction_deg":null}},{"type":"Feature","geometry":{"type":"Point","coordinates":[-48.073303,-16.019226]},"properties":{"kind":"FIXED","limit_kmh":null,"source":"DETRAN-DF","active":true,"direction_deg":null}},{"type":"Feature","geometry":{"type":"Point","coordinates":[-48.067505,-16.018982]},"properties":{"kind":"FIXED","limit_kmh":null,"source":"DETRAN-DF","active":true,"direction_deg":null}},{"type":"Feature","geometry":{"type":"Point","coordinates":[-47.801208,-16.018982]},"properties":{"kind":"FIXED","limit_kmh":null,"source":"DETRAN-DF","active":true,"direction_deg":null}},{"type":"Feature","geometry":{"type":"Point","coordinates":[-47.801086,-16.018982]},"properties":{"kind":"FIXED","limit_kmh":null,"source":"DETRAN-DF","active":true,"direction_deg":null}},{"type":"Feature","geometry":{"type":"Point","coordinates":[-48.06189,-16.018799]},"properties":{"kind":"FIXED","limit_kmh":null,"source":"DETRAN-DF","active":true,"direction_deg":null}},{"type":"Feature","geometry":{"type":"Point","coordinates":[-48.083984,-16.018494]},"properties":{"kind":"FIXED","limit_kmh":null,"source":"DETRAN-DF","active":true,"direction_deg":null}},{"type":"Feature","geometry":{"type":"Point","coordinates":[-47.980917,-16.018444]},"properties":{"kind":"FIXED","limit_kmh":60,"source":"DNIT+DETRAN-DF","active":true,"direction_deg":348}},{"type":"Feature","geometry":{"type":"Point","coordinates":[-48.06189,-16.018311]},"properties":{"kind":"FIXED","limit_kmh":null,"source":"DETRAN-DF","active":true,"direction_deg":null}},{"type":"Feature","geometry":{"type":"Point","coordinates":[-48.061707,-16.017883]},"properties":{"kind":"FIXED","limit_kmh":null,"source":"DETRAN-DF","active":true,"direction_deg":null}},{"type":"Feature","geometry":{"type":"Point","coordinates":[-48.015808,-16.017822]},"properties":{"kind":"FIXED","limit_kmh":null,"source":"DETRAN-DF","active":true,"direction_deg":null}},{"type":"Feature","geometry":{"type":"Point","coordinates":[-48.015503,-16.017578]},"properties":{"kind":"FIXED","limit_kmh":null,"source":"DETRAN-DF","active":true,"direction_deg":null}},{"type":"Feature","geometry":{"type":"Point","coordinates":[-48.064087,-16.017212]},"properties":{"kind":"FIXED","limit_kmh":40,"source":"DETRAN-DF","active":true,"direction_deg":null}},{"type":"Feature","geometry":{"type":"Point","coordinates":[-48.061707,-16.016785]},"properties":{"kind":"FIXED","limit_kmh":null,"source":"DETRAN-DF","active":true,"direction_deg":null}},{"type":"Feature","geometry":{"type":"Point","coordinates":[-48.017395,-16.016785]},"properties":{"kind":"FIXED","limit_kmh":40,"source":"DETRAN-DF","active":true,"direction_deg":null}},{"type":"Feature","geometry":{"type":"Point","coordinates":[-48.07312,-16.016479]},"properties":{"kind":"FIXED","limit_kmh":null,"source":"DETRAN-DF","active":true,"direction_deg":null}},{"type":"Feature","geometry":{"type":"Point","coordinates":[-48.065491,-16.016479]},"properties":{"kind":"FIXED","limit_kmh":40,"source":"DETRAN-DF","active":true,"direction_deg":null}},{"type":"Feature","geometry":{"type":"Point","coordinates":[-48.059692,-16.016113]},"properties":{"kind":"FIXED","limit_kmh":null,"source":"DETRAN-DF","active":true,"direction_deg":null}},{"type":"Feature","geometry":{"type":"Point","coordinates":[-48.059204,-16.016113]},"properties":{"kind":"FIXED","limit_kmh":null,"source":"DETRAN-DF","active":true,"direction_deg":null}},{"type":"Feature","geometry":{"type":"Point","coordinates":[-48.058594,-16.016113]},"properties":{"kind":"FIXED","limit_kmh":null,"source":"DETRAN-DF","active":true,"direction_deg":null}},{"type":"Feature","geometry":{"type":"Point","coordinates":[-48.061707,-16.015991]},"properties":{"kind":"FIXED","limit_kmh":null,"source":"DETRAN-DF","active":true,"direction_deg":null}},{"type":"Feature","geometry":{"type":"Point","coordinates":[-48.015991,-16.015808]},"properties":{"kind":"FIXED","limit_kmh":40,"source":"DETRAN-DF","active":true,"direction_deg":null}},{"type":"Feature","geometry":{"type":"Point","coordinates":[-48.016479,-16.015381]},"properties":{"kind":"FIXED","limit_kmh":40,"source":"DETRAN-DF+OSM","active":true,"direction_deg":null}},{"type":"Feature","geometry":{"type":"Point","coordinates":[-48.061707,-16.015198]},"properties":{"kind":"FIXED","limit_kmh":null,"source":"DETRAN-DF","active":true,"direction_deg":null}},{"type":"Feature","geometry":{"type":"Point","coordinates":[-48.073914,-16.014893]},"properties":{"kind":"FIXED","limit_kmh":null,"source":"DETRAN-DF","active":true,"direction_deg":null}},{"type":"Feature","geometry":{"type":"Point","coordinates":[-48.005493,-16.014709]},"properties":{"kind":"FIXED","limit_kmh":40,"source":"DETRAN-DF","active":true,"direction_deg":null}},{"type":"Feature","geometry":{"type":"Point","coordinates":[-48.059998,-16.014282]},"properties":{"kind":"FIXED","limit_kmh":60,"source":"DETRAN-DF","active":true,"direction_deg":null}},{"type":"Feature","geometry":{"type":"Point","coordinates":[-48.074707,-16.014099]},"properties":{"kind":"FIXED","limit_kmh":null,"source":"DETRAN-DF","active":true,"direction_deg":null}},{"type":"Feature","geometry":{"type":"Point","coordinates":[-48.069702,-16.013794]},"properties":{"kind":"FIXED","limit_kmh":null,"source":"DETRAN-DF","active":true,"direction_deg":null}},{"type":"Feature","geometry":{"type":"Point","coordinates":[-48.075684,-16.013428]},"properties":{"kind":"FIXED","limit_kmh":null,"source":"DETRAN-DF","active":true,"direction_deg":null}},{"type":"Feature","geometry":{"type":"Point","coordinates":[-48.065308,-16.013306]},"properties":{"kind":"FIXED","limit_kmh":null,"source":"DETRAN-DF","active":true,"direction_deg":null}},{"type":"Feature","geometry":{"type":"Point","coordinates":[-48.064697,-16.013]},"properties":{"kind":"FIXED","limit_kmh":null,"source":"DETRAN-DF","active":true,"direction_deg":null}},{"type":"Feature","geometry":{"type":"Point","coordinates":[-48.06012,-16.013]},"properties":{"kind":"FIXED","limit_kmh":60,"source":"DETRAN-DF","active":true,"direction_deg":null}},{"type":"Feature","geometry":{"type":"Point","coordinates":[-48.076904,-16.012695]},"properties":{"kind":"FIXED","limit_kmh":null,"source":"DETRAN-DF","active":true,"direction_deg":null}},{"type":"Feature","geometry":{"type":"Point","coordinates":[-48.063904,-16.012512]},"properties":{"kind":"FIXED","limit_kmh":null,"source":"DETRAN-DF","active":true,"direction_deg":null}},{"type":"Feature","geometry":{"type":"Point","coordinates":[-48.066223,-16.012085]},"properties":{"kind":"FIXED","limit_kmh":50,"source":"DETRAN-DF","active":true,"direction_deg":null}},{"type":"Feature","geometry":{"type":"Point","coordinates":[-48.078308,-16.01178]},"properties":{"kind":"FIXED","limit_kmh":null,"source":"DETRAN-DF","active":true,"direction_deg":null}},{"type":"Feature","geometry":{"type":"Point","coordinates":[-48.080811,-16.010193]},"properties":{"kind":"FIXED","limit_kmh":null,"source":"DETRAN-DF","active":true,"direction_deg":null}},{"type":"Feature","geometry":{"type":"Point","coordinates":[-48.053528,-16.009583]},"properties":{"kind":"FIXED","limit_kmh":40,"source":"DETRAN-DF","active":true,"direction_deg":null}},{"type":"Feature","geometry":{"type":"Point","coordinates":[-48.077393,-16.009399]},"properties":{"kind":"FIXED","limit_kmh":null,"source":"DETRAN-DF","active":true,"direction_deg":null}},{"type":"Feature","geometry":{"type":"Point","coordinates":[-48.061096,-16.009399]},"properties":{"kind":"FIXED","limit_kmh":50,"source":"DETRAN-DF","active":true,"direction_deg":null}},{"type":"Feature","geometry":{"type":"Point","coordinates":[-48.058228,-16.009216]},"properties":{"kind":"FIXED","limit_kmh":null,"source":"DETRAN-DF","active":true,"direction_deg":null}},{"type":"Feature","geometry":{"type":"Point","coordinates":[-48.162903,-16.009094]},"properties":{"kind":"FIXED","limit_kmh":null,"source":"DETRAN-DF","active":true,"direction_deg":null}},{"type":"Feature","geometry":{"type":"Point","coordinates":[-48.161926,-16.009094]},"properties":{"kind":"FIXED","limit_kmh":null,"source":"DETRAN-DF","active":true,"direction_deg":null}},{"type":"Feature","geometry":{"type":"Point","coordinates":[-48.053589,-16.008911]},"properties":{"kind":"FIXED","limit_kmh":40,"source":"DETRAN-DF","active":true,"direction_deg":null}},{"type":"Feature","geometry":{"type":"Point","coordinates":[-48.120483,-16.008789]},"properties":{"kind":"FIXED","limit_kmh":null,"source":"DETRAN-DF","active":true,"direction_deg":null}},{"type":"Feature","geometry":{"type":"Point","coordinates":[-48.122314,-16.008118]},"properties":{"kind":"FIXED","limit_kmh":null,"source":"DETRAN-DF","active":true,"direction_deg":null}},{"type":"Feature","geometry":{"type":"Point","coordinates":[-48.078796,-16.00769]},"properties":{"kind":"FIXED","limit_kmh":null,"source":"DETRAN-DF","active":true,"direction_deg":null}},{"type":"Feature","geometry":{"type":"Point","coordinates":[-48.120605,-16.007629]},"properties":{"kind":"FIXED","limit_kmh":null,"source":"DETRAN-DF","active":true,"direction_deg":null}},{"type":"Feature","geometry":{"type":"Point","coordinates":[-48.069519,-16.007507]},"properties":{"kind":"FIXED","limit_kmh":null,"source":"DETRAN-DF","active":true,"direction_deg":null}},{"type":"Feature","geometry":{"type":"Point","coordinates":[-48.041626,-16.007507]},"properties":{"kind":"FIXED","limit_kmh":80,"source":"DETRAN-DF","active":true,"direction_deg":null}},{"type":"Feature","geometry":{"type":"Point","coordinates":[-48.044312,-16.007202]},"properties":{"kind":"FIXED","limit_kmh":80,"source":"DETRAN-DF","active":true,"direction_deg":null}},{"type":"Feature","geometry":{"type":"Point","coordinates":[-48.081177,-16.00708]},"properties":{"kind":"FIXED","limit_kmh":null,"source":"DETRAN-DF","active":true,"direction_deg":null}},{"type":"Feature","geometry":{"type":"Point","coordinates":[-48.080383,-16.006775]},"properties":{"kind":"FIXED","limit_kmh":null,"source":"DETRAN-DF","active":true,"direction_deg":null}},{"type":"Feature","geometry":{"type":"Point","coordinates":[-48.081421,-16.006104]},"properties":{"kind":"FIXED","limit_kmh":null,"source":"DETRAN-DF","active":true,"direction_deg":null}},{"type":"Feature","geometry":{"type":"Point","coordinates":[-47.999207,-16.006104]},"properties":{"kind":"FIXED","limit_kmh":40,"source":"DETRAN-DF","active":true,"direction_deg":null}},{"type":"Feature","geometry":{"type":"Point","coordinates":[-48.053284,-16.005798]},"properties":{"kind":"FIXED","limit_kmh":40,"source":"DETRAN-DF","active":true,"direction_deg":null}},{"type":"Feature","geometry":{"type":"Point","coordinates":[-47.997986,-16.005615]},"properties":{"kind":"FIXED","limit_kmh":40,"source":"DETRAN-DF","active":true,"direction_deg":null}},{"type":"Feature","geometry":{"type":"Point","coordinates":[-48.047607,-16.00531]},"properties":{"kind":"FIXED","limit_kmh":80,"source":"DETRAN-DF","active":true,"direction_deg":null}},{"type":"Feature","geometry":{"type":"Point","coordinates":[-47.992004,-16.004395]},"properties":{"kind":"FIXED","limit_kmh":60,"source":"DETRAN-DF","active":true,"direction_deg":null}},{"type":"Feature","geometry":{"type":"Point","coordinates":[-48.059692,-16.004089]},"properties":{"kind":"FIXED","limit_kmh":60,"source":"DETRAN-DF","active":true,"direction_deg":null}},{"type":"Feature","geometry":{"type":"Point","coordinates":[-48.056213,-16.003906]},"properties":{"kind":"FIXED","limit_kmh":null,"source":"DETRAN-DF","active":true,"direction_deg":null}},{"type":"Feature","geometry":{"type":"Point","coordinates":[-48.053406,-16.003906]},"properties":{"kind":"FIXED","limit_kmh":50,"source":"DETRAN-DF","active":true,"direction_deg":null}},{"type":"Feature","geometry":{"type":"Point","coordinates":[-48.059509,-16.003296]},"properties":{"kind":"FIXED","limit_kmh":60,"source":"DETRAN-DF","active":true,"direction_deg":null}},{"type":"Feature","geometry":{"type":"Point","coordinates":[-48.056213,-16.003113]},"properties":{"kind":"FIXED","limit_kmh":null,"source":"DETRAN-DF","active":true,"direction_deg":null}},{"type":"Feature","geometry":{"type":"Point","coordinates":[-48.076477,-16.002991]},"properties":{"kind":"FIXED","limit_kmh":null,"source":"DETRAN-DF","active":true,"direction_deg":null}},{"type":"Feature","geometry":{"type":"Point","coordinates":[-48.075012,-16.00238]},"properties":{"kind":"FIXED","limit_kmh":null,"source":"DETRAN-DF","active":true,"direction_deg":null}},{"type":"Feature","geometry":{"type":"Point","coordinates":[-48.073608,-16.001587]},"properties":{"kind":"FIXED","limit_kmh":null,"source":"DETRAN-DF","active":true,"direction_deg":null}},{"type":"Feature","geometry":{"type":"Point","coordinates":[-48.075684,-16.001526]},"properties":{"kind":"FIXED","limit_kmh":null,"source":"DETRAN-DF","active":true,"direction_deg":null}},{"type":"Feature","geometry":{"type":"Point","coordinates":[-48.071716,-16.001404]},"properties":{"kind":"FIXED","limit_kmh":null,"source":"DETRAN-DF","active":true,"direction_deg":null}},{"type":"Feature","geometry":{"type":"Point","coordinates":[-48.115906,-15.999512]},"properties":{"kind":"FIXED","limit_kmh":null,"source":"DETRAN-DF","active":true,"direction_deg":null}},{"type":"Feature","geometry":{"type":"Point","coordinates":[-48.076782,-15.99939]},"properties":{"kind":"FIXED","limit_kmh":null,"source":"DETRAN-DF","active":true,"direction_deg":null}},{"type":"Feature","geometry":{"type":"Point","coordinates":[-48.062195,-15.99939]},"properties":{"kind":"FIXED","limit_kmh":null,"source":"DETRAN-DF","active":true,"direction_deg":null}},{"type":"Feature","geometry":{"type":"Point","coordinates":[-48.061829,-15.999207]},"properties":{"kind":"FIXED","limit_kmh":null,"source":"DETRAN-DF","active":true,"direction_deg":null}},{"type":"Feature","geometry":{"type":"Point","coordinates":[-48.115784,-15.999084]},"properties":{"kind":"FIXED","limit_kmh":null,"source":"DETRAN-DF","active":true,"direction_deg":null}},{"type":"Feature","geometry":{"type":"Point","coordinates":[-48.077515,-15.997986]},"properties":{"kind":"FIXED","limit_kmh":null,"source":"DETRAN-DF","active":true,"direction_deg":null}},{"type":"Feature","geometry":{"type":"Point","coordinates":[-48.077393,-15.997986]},"properties":{"kind":"FIXED","limit_kmh":null,"source":"DETRAN-DF","active":true,"direction_deg":null}},{"type":"Feature","geometry":{"type":"Point","coordinates":[-47.986028,-15.994278]},"properties":{"kind":"FIXED","limit_kmh":null,"source":"DNIT","active":true,"direction_deg":169}},{"type":"Feature","geometry":{"type":"Point","coordinates":[-48.077087,-15.993286]},"properties":{"kind":"FIXED","limit_kmh":null,"source":"DETRAN-DF","active":true,"direction_deg":null}},{"type":"Feature","geometry":{"type":"Point","coordinates":[-48.076294,-15.991882]},"properties":{"kind":"FIXED","limit_kmh":null,"source":"DETRAN-DF","active":true,"direction_deg":null}},{"type":"Feature","geometry":{"type":"Point","coordinates":[-48.076111,-15.991882]},"properties":{"kind":"FIXED","limit_kmh":null,"source":"DETRAN-DF","active":true,"direction_deg":null}},{"type":"Feature","geometry":{"type":"Point","coordinates":[-48.041321,-15.984802]},"properties":{"kind":"FIXED","limit_kmh":80,"source":"DETRAN-DF+OSM","active":true,"direction_deg":null}},{"type":"Feature","geometry":{"type":"Point","coordinates":[-48.041321,-15.984375]},"properties":{"kind":"FIXED","limit_kmh":80,"source":"DETRAN-DF+OSM","active":true,"direction_deg":null}},{"type":"Feature","geometry":{"type":"Point","coordinates":[-48.119324,-15.983887]},"properties":{"kind":"FIXED","limit_kmh":null,"source":"DETRAN-DF","active":true,"direction_deg":null}},{"type":"Feature","geometry":{"type":"Point","coordinates":[-48.11969,-15.983093]},"properties":{"kind":"FIXED","limit_kmh":null,"source":"DETRAN-DF","active":true,"direction_deg":null}},{"type":"Feature","geometry":{"type":"Point","coordinates":[-47.81958,-15.982788]},"properties":{"kind":"FIXED","limit_kmh":null,"source":"DETRAN-DF","active":true,"direction_deg":null}},{"type":"Feature","geometry":{"type":"Point","coordinates":[-48.071777,-15.980896]},"properties":{"kind":"FIXED","limit_kmh":null,"source":"DETRAN-DF","active":true,"direction_deg":null}},{"type":"Feature","geometry":{"type":"Point","coordinates":[-48.071716,-15.98053]},"properties":{"kind":"FIXED","limit_kmh":null,"source":"DETRAN-DF","active":true,"direction_deg":null}},{"type":"Feature","geometry":{"type":"Point","coordinates":[-48.071594,-15.98053]},"properties":{"kind":"FIXED","limit_kmh":null,"source":"DETRAN-DF","active":true,"direction_deg":null}},{"type":"Feature","geometry":{"type":"Point","coordinates":[-48.000977,-15.978394]},"properties":{"kind":"FIXED","limit_kmh":80,"source":"DETRAN-DF","active":true,"direction_deg":null}},{"type":"Feature","geometry":{"type":"Point","coordinates":[-47.999512,-15.978088]},"properties":{"kind":"FIXED","limit_kmh":80,"source":"DETRAN-DF","active":true,"direction_deg":null}},{"type":"Feature","geometry":{"type":"Point","coordinates":[-48.03302,-15.977295]},"properties":{"kind":"FIXED","limit_kmh":80,"source":"DETRAN-DF","active":true,"direction_deg":null}},{"type":"Feature","geometry":{"type":"Point","coordinates":[-47.992063,-15.977253]},"properties":{"kind":"FIXED","limit_kmh":50,"source":"OSM","active":true,"direction_deg":null}},{"type":"Feature","geometry":{"type":"Point","coordinates":[-47.991577,-15.977112]},"properties":{"kind":"FIXED","limit_kmh":null,"source":"DETRAN-DF","active":true,"direction_deg":null}},{"type":"Feature","geometry":{"type":"Point","coordinates":[-48.03241,-15.976379]},"properties":{"kind":"FIXED","limit_kmh":80,"source":"DETRAN-DF","active":true,"direction_deg":null}},{"type":"Feature","geometry":{"type":"Point","coordinates":[-48.010315,-15.975586]},"properties":{"kind":"FIXED","limit_kmh":80,"source":"DETRAN-DF","active":true,"direction_deg":null}},{"type":"Feature","geometry":{"type":"Point","coordinates":[-48.01178,-15.975098]},"properties":{"kind":"FIXED","limit_kmh":80,"source":"DETRAN-DF","active":true,"direction_deg":null}},{"type":"Feature","geometry":{"type":"Point","coordinates":[-48.124084,-15.974609]},"properties":{"kind":"FIXED","limit_kmh":null,"source":"DETRAN-DF","active":true,"direction_deg":null}},{"type":"Feature","geometry":{"type":"Point","coordinates":[-48.124512,-15.973816]},"properties":{"kind":"FIXED","limit_kmh":null,"source":"DETRAN-DF","active":true,"direction_deg":null}},{"type":"Feature","geometry":{"type":"Point","coordinates":[-48.0271,-15.971497]},"properties":{"kind":"FIXED","limit_kmh":80,"source":"DETRAN-DF","active":true,"direction_deg":null}},{"type":"Feature","geometry":{"type":"Point","coordinates":[-48.025879,-15.971008]},"properties":{"kind":"FIXED","limit_kmh":80,"source":"DETRAN-DF","active":true,"direction_deg":null}},{"type":"Feature","geometry":{"type":"Point","coordinates":[-47.586487,-15.971008]},"properties":{"kind":"FIXED","limit_kmh":null,"source":"DETRAN-DF","active":true,"direction_deg":null}},{"type":"Feature","geometry":{"type":"Point","coordinates":[-47.818604,-15.969299]},"properties":{"kind":"FIXED","limit_kmh":null,"source":"DETRAN-DF","active":true,"direction_deg":null}},{"type":"Feature","geometry":{"type":"Point","coordinates":[-48.018005,-15.968811]},"properties":{"kind":"FIXED","limit_kmh":50,"source":"DETRAN-DF","active":true,"direction_deg":null}},{"type":"Feature","geometry":{"type":"Point","coordinates":[-48.018616,-15.968628]},"properties":{"kind":"FIXED","limit_kmh":50,"source":"DETRAN-DF","active":true,"direction_deg":null}},{"type":"Feature","geometry":{"type":"Point","coordinates":[-47.588196,-15.968079]},"properties":{"kind":"FIXED","limit_kmh":null,"source":"DETRAN-DF","active":true,"direction_deg":null}},{"type":"Feature","geometry":{"type":"Point","coordinates":[-48.127991,-15.966919]},"properties":{"kind":"FIXED","limit_kmh":null,"source":"DETRAN-DF","active":true,"direction_deg":null}},{"type":"Feature","geometry":{"type":"Point","coordinates":[-47.818298,-15.966309]},"properties":{"kind":"FIXED","limit_kmh":null,"source":"DETRAN-DF","active":true,"direction_deg":null}},{"type":"Feature","geometry":{"type":"Point","coordinates":[-48.128479,-15.966125]},"properties":{"kind":"FIXED","limit_kmh":null,"source":"DETRAN-DF","active":true,"direction_deg":null}},{"type":"Feature","geometry":{"type":"Point","coordinates":[-47.818115,-15.964111]},"properties":{"kind":"FIXED","limit_kmh":null,"source":"DETRAN-DF","active":true,"direction_deg":null}},{"type":"Feature","geometry":{"type":"Point","coordinates":[-48.13031,-15.962585]},"properties":{"kind":"FIXED","limit_kmh":null,"source":"DETRAN-DF","active":true,"direction_deg":null}},{"type":"Feature","geometry":{"type":"Point","coordinates":[-47.661431,-15.962518]},"properties":{"kind":"FIXED","limit_kmh":null,"source":"DNIT","active":true,"direction_deg":null}},{"type":"Feature","geometry":{"type":"Point","coordinates":[-48.130676,-15.961792]},"properties":{"kind":"FIXED","limit_kmh":null,"source":"DETRAN-DF","active":true,"direction_deg":null}},{"type":"Feature","geometry":{"type":"Point","coordinates":[-47.81781,-15.961487]},"properties":{"kind":"FIXED","limit_kmh":null,"source":"DETRAN-DF","active":true,"direction_deg":null}},{"type":"Feature","geometry":{"type":"Point","coordinates":[-48.013794,-15.960205]},"properties":{"kind":"FIXED","limit_kmh":80,"source":"DETRAN-DF","active":true,"direction_deg":null}},{"type":"Feature","geometry":{"type":"Point","coordinates":[-48.013916,-15.959778]},"properties":{"kind":"FIXED","limit_kmh":80,"source":"DETRAN-DF","active":true,"direction_deg":null}},{"type":"Feature","geometry":{"type":"Point","coordinates":[-48.026489,-15.959106]},"properties":{"kind":"FIXED","limit_kmh":50,"source":"DETRAN-DF","active":true,"direction_deg":null}},{"type":"Feature","geometry":{"type":"Point","coordinates":[-48.027283,-15.958313]},"properties":{"kind":"FIXED","limit_kmh":50,"source":"DETRAN-DF","active":true,"direction_deg":null}},{"type":"Feature","geometry":{"type":"Point","coordinates":[-48.083008,-15.957214]},"properties":{"kind":"FIXED","limit_kmh":null,"source":"DETRAN-DF","active":true,"direction_deg":null}},{"type":"Feature","geometry":{"type":"Point","coordinates":[-48.052307,-15.956421]},"properties":{"kind":"FIXED","limit_kmh":null,"source":"DETRAN-DF","active":true,"direction_deg":null}},{"type":"Feature","geometry":{"type":"Point","coordinates":[-48.052185,-15.956421]},"properties":{"kind":"FIXED","limit_kmh":null,"source":"DETRAN-DF","active":true,"direction_deg":null}},{"type":"Feature","geometry":{"type":"Point","coordinates":[-48.009583,-15.956299]},"properties":{"kind":"FIXED","limit_kmh":80,"source":"DETRAN-DF","active":true,"direction_deg":null}},{"type":"Feature","geometry":{"type":"Point","coordinates":[-48.051025,-15.955383]},"properties":{"kind":"FIXED","limit_kmh":null,"source":"DETRAN-DF","active":true,"direction_deg":null}},{"type":"Feature","geometry":{"type":"Point","coordinates":[-48.076782,-15.954529]},"properties":{"kind":"FIXED","limit_kmh":null,"source":"DETRAN-DF","active":true,"direction_deg":null}},{"type":"Feature","geometry":{"type":"Point","coordinates":[-47.994202,-15.952393]},"properties":{"kind":"FIXED","limit_kmh":80,"source":"DETRAN-DF","active":true,"direction_deg":null}},{"type":"Feature","geometry":{"type":"Point","coordinates":[-48.044617,-15.951904]},"properties":{"kind":"FIXED","limit_kmh":null,"source":"DETRAN-DF","active":true,"direction_deg":null}},{"type":"Feature","geometry":{"type":"Point","coordinates":[-48.044495,-15.951904]},"properties":{"kind":"FIXED","limit_kmh":null,"source":"DETRAN-DF","active":true,"direction_deg":null}},{"type":"Feature","geometry":{"type":"Point","coordinates":[-48.034729,-15.949707]},"properties":{"kind":"FIXED","limit_kmh":80,"source":"DETRAN-DF","active":true,"direction_deg":null}},{"type":"Feature","geometry":{"type":"Point","coordinates":[-48.034912,-15.949097]},"properties":{"kind":"FIXED","limit_kmh":80,"source":"DETRAN-DF","active":true,"direction_deg":null}},{"type":"Feature","geometry":{"type":"Point","coordinates":[-48.000916,-15.948486]},"properties":{"kind":"FIXED","limit_kmh":80,"source":"DETRAN-DF","active":true,"direction_deg":null}},{"type":"Feature","geometry":{"type":"Point","coordinates":[-48.062927,-15.948181]},"properties":{"kind":"FIXED","limit_kmh":null,"source":"DETRAN-DF","active":true,"direction_deg":null}},{"type":"Feature","geometry":{"type":"Point","coordinates":[-47.823181,-15.94812]},"properties":{"kind":"FIXED","limit_kmh":null,"source":"DETRAN-DF","active":true,"direction_deg":null}},{"type":"Feature","geometry":{"type":"Point","coordinates":[-47.823181,-15.947998]},"properties":{"kind":"FIXED","limit_kmh":null,"source":"DETRAN-DF","active":true,"direction_deg":null}},{"type":"Feature","geometry":{"type":"Point","coordinates":[-48.00061,-15.947876]},"properties":{"kind":"FIXED","limit_kmh":80,"source":"DETRAN-DF","active":true,"direction_deg":null}},{"type":"Feature","geometry":{"type":"Point","coordinates":[-47.79316,-15.945574]},"properties":{"kind":"FIXED","limit_kmh":null,"source":"DNIT","active":true,"direction_deg":110}},{"type":"Feature","geometry":{"type":"Point","coordinates":[-47.789458,-15.945438]},"properties":{"kind":"FIXED","limit_kmh":null,"source":"DNIT","active":true,"direction_deg":256}},{"type":"Feature","geometry":{"type":"Point","coordinates":[-47.824402,-15.945312]},"properties":{"kind":"FIXED","limit_kmh":null,"source":"DETRAN-DF","active":true,"direction_deg":null}},{"type":"Feature","geometry":{"type":"Point","coordinates":[-47.6026,-15.945129]},"properties":{"kind":"FIXED","limit_kmh":null,"source":"DETRAN-DF","active":true,"direction_deg":null}},{"type":"Feature","geometry":{"type":"Point","coordinates":[-47.727783,-15.943604]},"properties":{"kind":"FIXED","limit_kmh":60,"source":"DETRAN-DF","active":true,"direction_deg":null}},{"type":"Feature","geometry":{"type":"Point","coordinates":[-48.039795,-15.943298]},"properties":{"kind":"FIXED","limit_kmh":50,"source":"DETRAN-DF","active":true,"direction_deg":null}},{"type":"Feature","geometry":{"type":"Point","coordinates":[-47.604004,-15.942688]},"properties":{"kind":"FIXED","limit_kmh":null,"source":"DETRAN-DF","active":true,"direction_deg":null}},{"type":"Feature","geometry":{"type":"Point","coordinates":[-47.733887,-15.942017]},"properties":{"kind":"FIXED","limit_kmh":60,"source":"DETRAN-DF","active":true,"direction_deg":null}},{"type":"Feature","geometry":{"type":"Point","coordinates":[-48.143677,-15.940308]},"properties":{"kind":"FIXED","limit_kmh":null,"source":"DETRAN-DF","active":true,"direction_deg":null}},{"type":"Feature","geometry":{"type":"Point","coordinates":[-47.986816,-15.940308]},"properties":{"kind":"FIXED","limit_kmh":80,"source":"DETRAN-DF","active":true,"direction_deg":null}},{"type":"Feature","geometry":{"type":"Point","coordinates":[-47.986694,-15.939697]},"properties":{"kind":"FIXED","limit_kmh":80,"source":"DETRAN-DF","active":true,"direction_deg":null}},{"type":"Feature","geometry":{"type":"Point","coordinates":[-48.143677,-15.938904]},"properties":{"kind":"FIXED","limit_kmh":null,"source":"DETRAN-DF","active":true,"direction_deg":null}},{"type":"Feature","geometry":{"type":"Point","coordinates":[-47.761018,-15.938698]},"properties":{"kind":"FIXED","limit_kmh":null,"source":"DNIT","active":true,"direction_deg":null}},{"type":"Feature","geometry":{"type":"Point","coordinates":[-47.748291,-15.93811]},"properties":{"kind":"FIXED","limit_kmh":40,"source":"DETRAN-DF","active":true,"direction_deg":null}},{"type":"Feature","geometry":{"type":"Point","coordinates":[-47.756897,-15.937622]},"properties":{"kind":"FIXED","limit_kmh":60,"source":"DETRAN-DF","active":true,"direction_deg":null}},{"type":"Feature","geometry":{"type":"Point","coordinates":[-48.228394,-15.9375]},"properties":{"kind":"FIXED","limit_kmh":null,"source":"DETRAN-DF","active":true,"direction_deg":null}},{"type":"Feature","geometry":{"type":"Point","coordinates":[-47.750488,-15.9375]},"properties":{"kind":"FIXED","limit_kmh":40,"source":"DETRAN-DF","active":true,"direction_deg":null}},{"type":"Feature","geometry":{"type":"Point","coordinates":[-47.755913,-15.937443]},"properties":{"kind":"FIXED","limit_kmh":null,"source":"DNIT","active":true,"direction_deg":76}},{"type":"Feature","geometry":{"type":"Point","coordinates":[-48.227417,-15.937378]},"properties":{"kind":"FIXED","limit_kmh":null,"source":"DETRAN-DF","active":true,"direction_deg":null}},{"type":"Feature","geometry":{"type":"Point","coordinates":[-47.75,-15.937012]},"properties":{"kind":"FIXED","limit_kmh":null,"source":"DETRAN-DF","active":true,"direction_deg":null}},{"type":"Feature","geometry":{"type":"Point","coordinates":[-48.223511,-15.936707]},"properties":{"kind":"FIXED","limit_kmh":null,"source":"DETRAN-DF","active":true,"direction_deg":null}},{"type":"Feature","geometry":{"type":"Point","coordinates":[-48.221497,-15.935913]},"properties":{"kind":"FIXED","limit_kmh":null,"source":"DETRAN-DF","active":true,"direction_deg":null}},{"type":"Feature","geometry":{"type":"Point","coordinates":[-48.043213,-15.935181]},"properties":{"kind":"FIXED","limit_kmh":80,"source":"DETRAN-DF","active":true,"direction_deg":null}},{"type":"Feature","geometry":{"type":"Point","coordinates":[-48.143799,-15.933105]},"properties":{"kind":"FIXED","limit_kmh":null,"source":"DETRAN-DF","active":true,"direction_deg":null}},{"type":"Feature","geometry":{"type":"Point","coordinates":[-48.143799,-15.932678]},"properties":{"kind":"FIXED","limit_kmh":null,"source":"DETRAN-DF","active":true,"direction_deg":null}},{"type":"Feature","geometry":{"type":"Point","coordinates":[-48.214111,-15.932617]},"properties":{"kind":"FIXED","limit_kmh":80,"source":"DETRAN-DF","active":true,"direction_deg":null}},{"type":"Feature","geometry":{"type":"Point","coordinates":[-47.979309,-15.929077]},"properties":{"kind":"FIXED","limit_kmh":80,"source":"DETRAN-DF","active":true,"direction_deg":null}},{"type":"Feature","geometry":{"type":"Point","coordinates":[-48.04541,-15.928894]},"properties":{"kind":"FIXED","limit_kmh":80,"source":"DETRAN-DF","active":true,"direction_deg":null}},{"type":"Feature","geometry":{"type":"Point","coordinates":[-48.167674,-15.928748]},"properties":{"kind":"FIXED","limit_kmh":null,"source":"OSM","active":true,"direction_deg":null}},{"type":"Feature","geometry":{"type":"Point","coordinates":[-48.203918,-15.926514]},"properties":{"kind":"FIXED","limit_kmh":80,"source":"DETRAN-DF","active":true,"direction_deg":null}},{"type":"Feature","geometry":{"type":"Point","coordinates":[-48.170776,-15.921326]},"properties":{"kind":"FIXED","limit_kmh":80,"source":"DETRAN-DF","active":true,"direction_deg":null}},{"type":"Feature","geometry":{"type":"Point","coordinates":[-48.185486,-15.921082]},"properties":{"kind":"FIXED","limit_kmh":80,"source":"DETRAN-DF","active":true,"direction_deg":null}},{"type":"Feature","geometry":{"type":"Point","coordinates":[-48.165129,-15.919887]},"properties":{"kind":"FIXED","limit_kmh":null,"source":"OSM","active":true,"direction_deg":null}},{"type":"Feature","geometry":{"type":"Point","coordinates":[-47.604919,-15.919678]},"properties":{"kind":"FIXED","limit_kmh":null,"source":"DETRAN-DF","active":true,"direction_deg":null}},{"type":"Feature","geometry":{"type":"Point","coordinates":[-48.164978,-15.919495]},"properties":{"kind":"FIXED","limit_kmh":60,"source":"DETRAN-DF","active":true,"direction_deg":null}},{"type":"Feature","geometry":{"type":"Point","coordinates":[-48.1651,-15.919312]},"properties":{"kind":"FIXED","limit_kmh":60,"source":"DETRAN-DF+OSM","active":true,"direction_deg":null}},{"type":"Feature","geometry":{"type":"Point","coordinates":[-47.605103,-15.918884]},"properties":{"kind":"FIXED","limit_kmh":null,"source":"DETRAN-DF","active":true,"direction_deg":null}},{"type":"Feature","geometry":{"type":"Point","coordinates":[-48.049011,-15.917175]},"properties":{"kind":"FIXED","limit_kmh":80,"source":"DETRAN-DF","active":true,"direction_deg":null}},{"type":"Feature","geometry":{"type":"Point","coordinates":[-48.049316,-15.916992]},"properties":{"kind":"FIXED","limit_kmh":80,"source":"DETRAN-DF","active":true,"direction_deg":null}},{"type":"Feature","geometry":{"type":"Point","coordinates":[-47.969177,-15.913696]},"properties":{"kind":"FIXED","limit_kmh":80,"source":"DETRAN-DF","active":true,"direction_deg":null}},{"type":"Feature","geometry":{"type":"Point","coordinates":[-47.969177,-15.913391]},"properties":{"kind":"FIXED","limit_kmh":80,"source":"DETRAN-DF","active":true,"direction_deg":null}},{"type":"Feature","geometry":{"type":"Point","coordinates":[-48.151744,-15.91012]},"properties":{"kind":"FIXED","limit_kmh":80,"source":"OSM","active":true,"direction_deg":null}},{"type":"Feature","geometry":{"type":"Point","coordinates":[-48.1518,-15.909904]},"properties":{"kind":"FIXED","limit_kmh":null,"source":"OSM","active":true,"direction_deg":null}},{"type":"Feature","geometry":{"type":"Point","coordinates":[-48.150818,-15.90979]},"properties":{"kind":"FIXED","limit_kmh":80,"source":"DETRAN-DF","active":true,"direction_deg":null}},{"type":"Feature","geometry":{"type":"Point","coordinates":[-48.051392,-15.90979]},"properties":{"kind":"FIXED","limit_kmh":80,"source":"DETRAN-DF","active":true,"direction_deg":null}},{"type":"Feature","geometry":{"type":"Point","coordinates":[-47.946411,-15.909607]},"properties":{"kind":"FIXED","limit_kmh":60,"source":"DETRAN-DF","active":true,"direction_deg":null}},{"type":"Feature","geometry":{"type":"Point","coordinates":[-48.051551,-15.909386]},"properties":{"kind":"FIXED","limit_kmh":80,"source":"OSM","active":true,"direction_deg":null}},{"type":"Feature","geometry":{"type":"Point","coordinates":[-48.05188,-15.908875]},"properties":{"kind":"FIXED","limit_kmh":80,"source":"DETRAN-DF","active":true,"direction_deg":null}},{"type":"Feature","geometry":{"type":"Point","coordinates":[-47.947693,-15.908691]},"properties":{"kind":"FIXED","limit_kmh":60,"source":"DETRAN-DF","active":true,"direction_deg":null}},{"type":"Feature","geometry":{"type":"Point","coordinates":[-48.0495,-15.906982]},"properties":{"kind":"FIXED","limit_kmh":null,"source":"DETRAN-DF","active":true,"direction_deg":null}},{"type":"Feature","geometry":{"type":"Point","coordinates":[-47.770386,-15.906982]},"properties":{"kind":"FIXED","limit_kmh":30,"source":"DETRAN-DF","active":true,"direction_deg":null}},{"type":"Feature","geometry":{"type":"Point","coordinates":[-48.082397,-15.906921]},"properties":{"kind":"FIXED","limit_kmh":50,"source":"DETRAN-DF","active":true,"direction_deg":null}},{"type":"Feature","geometry":{"type":"Point","coordinates":[-48.050903,-15.906616]},"properties":{"kind":"FIXED","limit_kmh":null,"source":"DETRAN-DF","active":true,"direction_deg":null}},{"type":"Feature","geometry":{"type":"Point","coordinates":[-48.081177,-15.906311]},"properties":{"kind":"FIXED","limit_kmh":50,"source":"DETRAN-DF","active":true,"direction_deg":null}},{"type":"Feature","geometry":{"type":"Point","coordinates":[-48.049805,-15.906311]},"properties":{"kind":"FIXED","limit_kmh":null,"source":"DETRAN-DF","active":true,"direction_deg":null}},{"type":"Feature","geometry":{"type":"Point","coordinates":[-47.771729,-15.906189]},"properties":{"kind":"FIXED","limit_kmh":30,"source":"DETRAN-DF","active":true,"direction_deg":null}},{"type":"Feature","geometry":{"type":"Point","coordinates":[-47.951782,-15.905884]},"properties":{"kind":"FIXED","limit_kmh":60,"source":"DETRAN-DF","active":true,"direction_deg":null}},{"type":"Feature","geometry":{"type":"Point","coordinates":[-48.051086,-15.905396]},"properties":{"kind":"FIXED","limit_kmh":null,"source":"DETRAN-DF","active":true,"direction_deg":null}},{"type":"Feature","geometry":{"type":"Point","coordinates":[-48.137158,-15.905098]},"properties":{"kind":"FIXED","limit_kmh":80,"source":"ANTT","active":true,"direction_deg":252}},{"type":"Feature","geometry":{"type":"Point","coordinates":[-48.13678,-15.905047]},"properties":{"kind":"FIXED","limit_kmh":null,"source":"OSM","active":true,"direction_deg":null}},{"type":"Feature","geometry":{"type":"Point","coordinates":[-48.136292,-15.904907]},"properties":{"kind":"FIXED","limit_kmh":80,"source":"DETRAN-DF","active":true,"direction_deg":null}},{"type":"Feature","geometry":{"type":"Point","coordinates":[-48.051514,-15.904907]},"properties":{"kind":"FIXED","limit_kmh":null,"source":"DETRAN-DF","active":true,"direction_deg":null}},{"type":"Feature","geometry":{"type":"Point","coordinates":[-47.773804,-15.904602]},"properties":{"kind":"FIXED","limit_kmh":60,"source":"DETRAN-DF","active":true,"direction_deg":null}},{"type":"Feature","geometry":{"type":"Point","coordinates":[-48.050293,-15.90448]},"properties":{"kind":"FIXED","limit_kmh":null,"source":"DETRAN-DF","active":true,"direction_deg":null}},{"type":"Feature","geometry":{"type":"Point","coordinates":[-47.808105,-15.904297]},"properties":{"kind":"FIXED","limit_kmh":null,"source":"DETRAN-DF","active":true,"direction_deg":null}},{"type":"Feature","geometry":{"type":"Point","coordinates":[-48.067993,-15.904175]},"properties":{"kind":"FIXED","limit_kmh":60,"source":"DETRAN-DF","active":true,"direction_deg":null}},{"type":"Feature","geometry":{"type":"Point","coordinates":[-48.050476,-15.903992]},"properties":{"kind":"FIXED","limit_kmh":null,"source":"DETRAN-DF","active":true,"direction_deg":null}},{"type":"Feature","geometry":{"type":"Point","coordinates":[-48.04718,-15.903625]},"properties":{"kind":"FIXED","limit_kmh":null,"source":"DETRAN-DF","active":true,"direction_deg":null}},{"type":"Feature","geometry":{"type":"Point","coordinates":[-47.963318,-15.903503]},"properties":{"kind":"FIXED","limit_kmh":80,"source":"DETRAN-DF","active":true,"direction_deg":null}},{"type":"Feature","geometry":{"type":"Point","coordinates":[-47.775391,-15.903503]},"properties":{"kind":"FIXED","limit_kmh":60,"source":"DETRAN-DF","active":true,"direction_deg":null}},{"type":"Feature","geometry":{"type":"Point","coordinates":[-48.05072,-15.903381]},"properties":{"kind":"FIXED","limit_kmh":null,"source":"DETRAN-DF","active":true,"direction_deg":null}},{"type":"Feature","geometry":{"type":"Point","coordinates":[-48.052185,-15.902588]},"properties":{"kind":"FIXED","limit_kmh":null,"source":"DETRAN-DF","active":true,"direction_deg":null}},{"type":"Feature","geometry":{"type":"Point","coordinates":[-48.059326,-15.902283]},"properties":{"kind":"FIXED","limit_kmh":50,"source":"DETRAN-DF","active":true,"direction_deg":null}},{"type":"Feature","geometry":{"type":"Point","coordinates":[-47.7771,-15.902283]},"properties":{"kind":"FIXED","limit_kmh":null,"source":"DETRAN-DF","active":true,"direction_deg":null}},{"type":"Feature","geometry":{"type":"Point","coordinates":[-48.053894,-15.9021]},"properties":{"kind":"FIXED","limit_kmh":50,"source":"DETRAN-DF","active":true,"direction_deg":null}},{"type":"Feature","geometry":{"type":"Point","coordinates":[-48.058289,-15.901794]},"properties":{"kind":"FIXED","limit_kmh":50,"source":"DETRAN-DF","active":true,"direction_deg":null}},{"type":"Feature","geometry":{"type":"Point","coordinates":[-48.05249,-15.901794]},"properties":{"kind":"FIXED","limit_kmh":null,"source":"DETRAN-DF","active":true,"direction_deg":null}},{"type":"Feature","geometry":{"type":"Point","coordinates":[-48.052612,-15.901184]},"properties":{"kind":"FIXED","limit_kmh":null,"source":"DETRAN-DF","active":true,"direction_deg":null}},{"type":"Feature","geometry":{"type":"Point","coordinates":[-47.778198,-15.901184]},"properties":{"kind":"FIXED","limit_kmh":50,"source":"DETRAN-DF","active":true,"direction_deg":null}},{"type":"Feature","geometry":{"type":"Point","coordinates":[-47.778809,-15.900879]},"properties":{"kind":"FIXED","limit_kmh":null,"source":"DETRAN-DF","active":true,"direction_deg":null}},{"type":"Feature","geometry":{"type":"Point","coordinates":[-47.780029,-15.900024]},"properties":{"kind":"FIXED","limit_kmh":40,"source":"DETRAN-DF","active":true,"direction_deg":null}},{"type":"Feature","geometry":{"type":"Point","coordinates":[-48.05481,-15.89978]},"properties":{"kind":"FIXED","limit_kmh":50,"source":"DETRAN-DF","active":true,"direction_deg":null}},{"type":"Feature","geometry":{"type":"Point","coordinates":[-47.782593,-15.898193]},"properties":{"kind":"FIXED","limit_kmh":null,"source":"DETRAN-DF","active":true,"direction_deg":null}},{"type":"Feature","geometry":{"type":"Point","coordinates":[-47.931824,-15.89801]},"properties":{"kind":"FIXED","limit_kmh":null,"source":"DETRAN-DF","active":true,"direction_deg":null}},{"type":"Feature","geometry":{"type":"Point","coordinates":[-47.932617,-15.897888]},"properties":{"kind":"FIXED","limit_kmh":null,"source":"DETRAN-DF","active":true,"direction_deg":null}},{"type":"Feature","geometry":{"type":"Point","coordinates":[-47.787476,-15.8974]},"properties":{"kind":"FIXED","limit_kmh":null,"source":"DETRAN-DF","active":true,"direction_deg":null}},{"type":"Feature","geometry":{"type":"Point","coordinates":[-47.789795,-15.897278]},"properties":{"kind":"FIXED","limit_kmh":60,"source":"DETRAN-DF","active":true,"direction_deg":null}},{"type":"Feature","geometry":{"type":"Point","coordinates":[-47.785889,-15.897217]},"properties":{"kind":"FIXED","limit_kmh":60,"source":"DETRAN-DF+OSM","active":true,"direction_deg":null}},{"type":"Feature","geometry":{"type":"Point","coordinates":[-47.786804,-15.897095]},"properties":{"kind":"FIXED","limit_kmh":null,"source":"DETRAN-DF","active":true,"direction_deg":null}},{"type":"Feature","geometry":{"type":"Point","coordinates":[-47.7854,-15.896912]},"properties":{"kind":"FIXED","limit_kmh":60,"source":"DETRAN-DF","active":true,"direction_deg":null}},{"type":"Feature","geometry":{"type":"Point","coordinates":[-47.938477,-15.896729]},"properties":{"kind":"FIXED","limit_kmh":null,"source":"DETRAN-DF","active":true,"direction_deg":null}},{"type":"Feature","geometry":{"type":"Point","coordinates":[-47.949829,-15.896606]},"properties":{"kind":"FIXED","limit_kmh":60,"source":"DETRAN-DF","active":true,"direction_deg":null}},{"type":"Feature","geometry":{"type":"Point","coordinates":[-47.962219,-15.896484]},"properties":{"kind":"FIXED","limit_kmh":80,"source":"DETRAN-DF","active":true,"direction_deg":null}},{"type":"Feature","geometry":{"type":"Point","coordinates":[-47.776184,-15.896179]},"properties":{"kind":"FIXED","limit_kmh":30,"source":"DETRAN-DF","active":true,"direction_deg":null}},{"type":"Feature","geometry":{"type":"Point","coordinates":[-48.1029,-15.895318]},"properties":{"kind":"FIXED","limit_kmh":80,"source":"OSM","active":true,"direction_deg":null}},{"type":"Feature","geometry":{"type":"Point","coordinates":[-47.791504,-15.89502]},"properties":{"kind":"FIXED","limit_kmh":60,"source":"DETRAN-DF","active":true,"direction_deg":null}},{"type":"Feature","geometry":{"type":"Point","coordinates":[-47.782898,-15.89209]},"properties":{"kind":"FIXED","limit_kmh":50,"source":"DETRAN-DF","active":true,"direction_deg":null}},{"type":"Feature","geometry":{"type":"Point","coordinates":[-47.950989,-15.892029]},"properties":{"kind":"FIXED","limit_kmh":60,"source":"DETRAN-DF","active":true,"direction_deg":null}},{"type":"Feature","geometry":{"type":"Point","coordinates":[-47.950989,-15.891907]},"properties":{"kind":"FIXED","limit_kmh":60,"source":"DETRAN-DF","active":true,"direction_deg":null}},{"type":"Feature","geometry":{"type":"Point","coordinates":[-47.797913,-15.890686]},"properties":{"kind":"FIXED","limit_kmh":60,"source":"DETRAN-DF","active":true,"direction_deg":null}},{"type":"Feature","geometry":{"type":"Point","coordinates":[-48.086677,-15.890481]},"properties":{"kind":"FIXED","limit_kmh":60,"source":"ANTT","active":true,"direction_deg":73}},{"type":"Feature","geometry":{"type":"Point","coordinates":[-47.799927,-15.890076]},"properties":{"kind":"FIXED","limit_kmh":80,"source":"DETRAN-DF","active":true,"direction_deg":null}},{"type":"Feature","geometry":{"type":"Point","coordinates":[-47.780823,-15.889282]},"properties":{"kind":"FIXED","limit_kmh":50,"source":"DETRAN-DF","active":true,"direction_deg":null}},{"type":"Feature","geometry":{"type":"Point","coordinates":[-47.805481,-15.888611]},"properties":{"kind":"FIXED","limit_kmh":null,"source":"DETRAN-DF","active":true,"direction_deg":null}},{"type":"Feature","geometry":{"type":"Point","coordinates":[-47.804504,-15.888489]},"properties":{"kind":"FIXED","limit_kmh":null,"source":"DETRAN-DF","active":true,"direction_deg":null}},{"type":"Feature","geometry":{"type":"Point","coordinates":[-47.820124,-15.888391]},"properties":{"kind":"FIXED","limit_kmh":60,"source":"OSM","active":true,"direction_deg":null}},{"type":"Feature","geometry":{"type":"Point","coordinates":[-47.807312,-15.888123]},"properties":{"kind":"FIXED","limit_kmh":null,"source":"DETRAN-DF","active":true,"direction_deg":null}},{"type":"Feature","geometry":{"type":"Point","coordinates":[-47.806396,-15.888]},"properties":{"kind":"FIXED","limit_kmh":null,"source":"DETRAN-DF","active":true,"direction_deg":null}},{"type":"Feature","geometry":{"type":"Point","coordinates":[-47.981201,-15.887695]},"properties":{"kind":"FIXED","limit_kmh":null,"source":"DETRAN-DF","active":true,"direction_deg":null}},{"type":"Feature","geometry":{"type":"Point","coordinates":[-48.058594,-15.887207]},"properties":{"kind":"FIXED","limit_kmh":80,"source":"DETRAN-DF","active":true,"direction_deg":null}},{"type":"Feature","geometry":{"type":"Point","coordinates":[-47.810486,-15.88678]},"properties":{"kind":"FIXED","limit_kmh":80,"source":"DETRAN-DF","active":true,"direction_deg":null}},{"type":"Feature","geometry":{"type":"Point","coordinates":[-47.96051,-15.886414]},"properties":{"kind":"FIXED","limit_kmh":80,"source":"DETRAN-DF","active":true,"direction_deg":null}},{"type":"Feature","geometry":{"type":"Point","coordinates":[-47.96051,-15.885986]},"properties":{"kind":"FIXED","limit_kmh":80,"source":"DETRAN-DF","active":true,"direction_deg":null}},{"type":"Feature","geometry":{"type":"Point","coordinates":[-47.816528,-15.88501]},"properties":{"kind":"FIXED","limit_kmh":80,"source":"DETRAN-DF","active":true,"direction_deg":null}},{"type":"Feature","geometry":{"type":"Point","coordinates":[-47.972778,-15.884399]},"properties":{"kind":"FIXED","limit_kmh":null,"source":"DETRAN-DF","active":true,"direction_deg":null}},{"type":"Feature","geometry":{"type":"Point","coordinates":[-47.971802,-15.884399]},"properties":{"kind":"FIXED","limit_kmh":null,"source":"DETRAN-DF","active":true,"direction_deg":null}},{"type":"Feature","geometry":{"type":"Point","coordinates":[-48.08429,-15.882507]},"properties":{"kind":"FIXED","limit_kmh":60,"source":"DETRAN-DF","active":true,"direction_deg":null}},{"type":"Feature","geometry":{"type":"Point","coordinates":[-47.82251,-15.882202]},"properties":{"kind":"FIXED","limit_kmh":60,"source":"DETRAN-DF","active":true,"direction_deg":null}},{"type":"Feature","geometry":{"type":"Point","coordinates":[-47.80719,-15.881897]},"properties":{"kind":"FIXED","limit_kmh":null,"source":"DETRAN-DF","active":true,"direction_deg":null}},{"type":"Feature","geometry":{"type":"Point","coordinates":[-47.806213,-15.881775]},"properties":{"kind":"FIXED","limit_kmh":null,"source":"DETRAN-DF","active":true,"direction_deg":null}},{"type":"Feature","geometry":{"type":"Point","coordinates":[-47.822998,-15.880981]},"properties":{"kind":"FIXED","limit_kmh":60,"source":"DETRAN-DF","active":true,"direction_deg":null}},{"type":"Feature","geometry":{"type":"Point","coordinates":[-48.054199,-15.880188]},"properties":{"kind":"FIXED","limit_kmh":80,"source":"DETRAN-DF","active":true,"direction_deg":null}},{"type":"Feature","geometry":{"type":"Point","coordinates":[-47.960388,-15.879822]},"properties":{"kind":"FIXED","limit_kmh":null,"source":"DETRAN-DF","active":true,"direction_deg":null}},{"type":"Feature","geometry":{"type":"Point","coordinates":[-48.053433,-15.879753]},"properties":{"kind":"FIXED","limit_kmh":80,"source":"OSM","active":true,"direction_deg":null}},{"type":"Feature","geometry":{"type":"Point","coordinates":[-47.813904,-15.879578]},"properties":{"kind":"FIXED","limit_kmh":null,"source":"DETRAN-DF","active":true,"direction_deg":null}},{"type":"Feature","geometry":{"type":"Point","coordinates":[-47.811096,-15.879578]},"properties":{"kind":"FIXED","limit_kmh":null,"source":"DETRAN-DF","active":true,"direction_deg":null}},{"type":"Feature","geometry":{"type":"Point","coordinates":[-48.05249,-15.878479]},"properties":{"kind":"FIXED","limit_kmh":80,"source":"DETRAN-DF+OSM","active":true,"direction_deg":null}},{"type":"Feature","geometry":{"type":"Point","coordinates":[-48.01178,-15.878418]},"properties":{"kind":"FIXED","limit_kmh":40,"source":"DETRAN-DF+OSM","active":true,"direction_deg":null}},{"type":"Feature","geometry":{"type":"Point","coordinates":[-48.013458,-15.878209]},"properties":{"kind":"FIXED","limit_kmh":40,"source":"OSM","active":true,"direction_deg":null}},{"type":"Feature","geometry":{"type":"Point","coordinates":[-48.014099,-15.87793]},"properties":{"kind":"FIXED","limit_kmh":80,"source":"DETRAN-DF","active":true,"direction_deg":null}},{"type":"Feature","geometry":{"type":"Point","coordinates":[-48.009521,-15.87793]},"properties":{"kind":"FIXED","limit_kmh":40,"source":"DETRAN-DF+OSM","active":true,"direction_deg":null}},{"type":"Feature","geometry":{"type":"Point","coordinates":[-48.006775,-15.87793]},"properties":{"kind":"FIXED","limit_kmh":80,"source":"DETRAN-DF","active":true,"direction_deg":null}},{"type":"Feature","geometry":{"type":"Point","coordinates":[-48.0177,-15.877625]},"properties":{"kind":"FIXED","limit_kmh":80,"source":"DETRAN-DF","active":true,"direction_deg":null}},{"type":"Feature","geometry":{"type":"Point","coordinates":[-48.066589,-15.877502]},"properties":{"kind":"FIXED","limit_kmh":60,"source":"DETRAN-DF","active":true,"direction_deg":null}},{"type":"Feature","geometry":{"type":"Point","coordinates":[-48.003479,-15.87738]},"properties":{"kind":"FIXED","limit_kmh":80,"source":"DETRAN-DF","active":true,"direction_deg":null}},{"type":"Feature","geometry":{"type":"Point","coordinates":[-48.000427,-15.87738]},"properties":{"kind":"FIXED","limit_kmh":80,"source":"DETRAN-DF+OSM","active":true,"direction_deg":null}},{"type":"Feature","geometry":{"type":"Point","coordinates":[-48.003088,-15.877362]},"properties":{"kind":"FIXED","limit_kmh":80,"source":"OSM","active":true,"direction_deg":null}},{"type":"Feature","geometry":{"type":"Point","coordinates":[-48.018188,-15.877319]},"properties":{"kind":"FIXED","limit_kmh":80,"source":"DETRAN-DF","active":true,"direction_deg":null}},{"type":"Feature","geometry":{"type":"Point","coordinates":[-48.020257,-15.877283]},"properties":{"kind":"FIXED","limit_kmh":80,"source":"OSM","active":true,"direction_deg":null}},{"type":"Feature","geometry":{"type":"Point","coordinates":[-48.066711,-15.877197]},"properties":{"kind":"FIXED","limit_kmh":60,"source":"DETRAN-DF","active":true,"direction_deg":null}},{"type":"Feature","geometry":{"type":"Point","coordinates":[-48.02063,-15.877197]},"properties":{"kind":"FIXED","limit_kmh":80,"source":"DETRAN-DF","active":true,"direction_deg":null}},{"type":"Feature","geometry":{"type":"Point","coordinates":[-47.996094,-15.877014]},"properties":{"kind":"FIXED","limit_kmh":80,"source":"DETRAN-DF","active":true,"direction_deg":null}},{"type":"Feature","geometry":{"type":"Point","coordinates":[-48.022095,-15.876709]},"properties":{"kind":"FIXED","limit_kmh":80,"source":"DETRAN-DF","active":true,"direction_deg":null}},{"type":"Feature","geometry":{"type":"Point","coordinates":[-48.048739,-15.876589]},"properties":{"kind":"FIXED","limit_kmh":80,"source":"OSM","active":true,"direction_deg":null}},{"type":"Feature","geometry":{"type":"Point","coordinates":[-48.027527,-15.876587]},"properties":{"kind":"FIXED","limit_kmh":60,"source":"DETRAN-DF","active":true,"direction_deg":null}},{"type":"Feature","geometry":{"type":"Point","coordinates":[-48.024597,-15.876587]},"properties":{"kind":"FIXED","limit_kmh":80,"source":"DETRAN-DF","active":true,"direction_deg":null}},{"type":"Feature","geometry":{"type":"Point","coordinates":[-47.994385,-15.876587]},"properties":{"kind":"FIXED","limit_kmh":80,"source":"DETRAN-DF","active":true,"direction_deg":null}},{"type":"Feature","geometry":{"type":"Point","coordinates":[-47.991089,-15.876526]},"properties":{"kind":"FIXED","limit_kmh":80,"source":"DETRAN-DF","active":true,"direction_deg":null}},{"type":"Feature","geometry":{"type":"Point","coordinates":[-48.027637,-15.876331]},"properties":{"kind":"FIXED","limit_kmh":60,"source":"OSM","active":true,"direction_deg":null}},{"type":"Feature","geometry":{"type":"Point","coordinates":[-47.961975,-15.876282]},"properties":{"kind":"FIXED","limit_kmh":null,"source":"DETRAN-DF","active":true,"direction_deg":null}},{"type":"Feature","geometry":{"type":"Point","coordinates":[-47.814392,-15.876282]},"properties":{"kind":"FIXED","limit_kmh":null,"source":"DETRAN-DF","active":true,"direction_deg":null}},{"type":"Feature","geometry":{"type":"Point","coordinates":[-47.987305,-15.876221]},"properties":{"kind":"FIXED","limit_kmh":80,"source":"DETRAN-DF","active":true,"direction_deg":null}},{"type":"Feature","geometry":{"type":"Point","coordinates":[-47.96228,-15.876221]},"properties":{"kind":"FIXED","limit_kmh":null,"source":"DETRAN-DF","active":true,"direction_deg":null}},{"type":"Feature","geometry":{"type":"Point","coordinates":[-47.964478,-15.875977]},"properties":{"kind":"FIXED","limit_kmh":null,"source":"DETRAN-DF","active":true,"direction_deg":null}},{"type":"Feature","geometry":{"type":"Point","coordinates":[-47.985413,-15.875793]},"properties":{"kind":"FIXED","limit_kmh":80,"source":"DETRAN-DF","active":true,"direction_deg":null}},{"type":"Feature","geometry":{"type":"Point","coordinates":[-48.030701,-15.87561]},"properties":{"kind":"FIXED","limit_kmh":80,"source":"DETRAN-DF+OSM","active":true,"direction_deg":null}},{"type":"Feature","geometry":{"type":"Point","coordinates":[-47.822815,-15.87561]},"properties":{"kind":"FIXED","limit_kmh":null,"source":"DETRAN-DF","active":true,"direction_deg":null}},{"type":"Feature","geometry":{"type":"Point","coordinates":[-47.803223,-15.87561]},"properties":{"kind":"FIXED","limit_kmh":null,"source":"DETRAN-DF","active":true,"direction_deg":null}},{"type":"Feature","geometry":{"type":"Point","coordinates":[-48.048082,-15.875494]},"properties":{"kind":"FIXED","limit_kmh":60,"source":"OSM","active":true,"direction_deg":null}},{"type":"Feature","geometry":{"type":"Point","coordinates":[-47.823011,-15.87534]},"properties":{"kind":"FIXED","limit_kmh":60,"source":"OSM","active":true,"direction_deg":null}},{"type":"Feature","geometry":{"type":"Point","coordinates":[-47.815796,-15.875305]},"properties":{"kind":"FIXED","limit_kmh":null,"source":"DETRAN-DF","active":true,"direction_deg":null}},{"type":"Feature","geometry":{"type":"Point","coordinates":[-48.078491,-15.875183]},"properties":{"kind":"FIXED","limit_kmh":null,"source":"DETRAN-DF","active":true,"direction_deg":null}},{"type":"Feature","geometry":{"type":"Point","coordinates":[-47.802979,-15.875183]},"properties":{"kind":"FIXED","limit_kmh":null,"source":"DETRAN-DF","active":true,"direction_deg":null}},{"type":"Feature","geometry":{"type":"Point","coordinates":[-48.075928,-15.874695]},"properties":{"kind":"FIXED","limit_kmh":50,"source":"DETRAN-DF","active":true,"direction_deg":null}},{"type":"Feature","geometry":{"type":"Point","coordinates":[-48.034509,-15.874663]},"properties":{"kind":"FIXED","limit_kmh":null,"source":"OSM","active":true,"direction_deg":null}},{"type":"Feature","geometry":{"type":"Point","coordinates":[-47.822876,-15.874207]},"properties":{"kind":"FIXED","limit_kmh":60,"source":"DETRAN-DF+OSM","active":true,"direction_deg":null}},{"type":"Feature","geometry":{"type":"Point","coordinates":[-48.074707,-15.874084]},"properties":{"kind":"FIXED","limit_kmh":50,"source":"DETRAN-DF","active":true,"direction_deg":null}},{"type":"Feature","geometry":{"type":"Point","coordinates":[-48.044006,-15.874084]},"properties":{"kind":"FIXED","limit_kmh":80,"source":"DETRAN-DF+OSM","active":true,"direction_deg":null}},{"type":"Feature","geometry":{"type":"Point","coordinates":[-48.039264,-15.873979]},"properties":{"kind":"FIXED","limit_kmh":null,"source":"OSM","active":true,"direction_deg":null}},{"type":"Feature","geometry":{"type":"Point","coordinates":[-48.045776,-15.873779]},"properties":{"kind":"FIXED","limit_kmh":null,"source":"DETRAN-DF","active":true,"direction_deg":null}},{"type":"Feature","geometry":{"type":"Point","coordinates":[-47.82251,-15.873596]},"properties":{"kind":"FIXED","limit_kmh":null,"source":"DETRAN-DF","active":true,"direction_deg":null}},{"type":"Feature","geometry":{"type":"Point","coordinates":[-48.042603,-15.873413]},"properties":{"kind":"FIXED","limit_kmh":80,"source":"DETRAN-DF","active":true,"direction_deg":null}},{"type":"Feature","geometry":{"type":"Point","coordinates":[-47.967224,-15.873413]},"properties":{"kind":"FIXED","limit_kmh":null,"source":"DETRAN-DF","active":true,"direction_deg":null}},{"type":"Feature","geometry":{"type":"Point","coordinates":[-47.966675,-15.873291]},"properties":{"kind":"FIXED","limit_kmh":null,"source":"DETRAN-DF","active":true,"direction_deg":null}},{"type":"Feature","geometry":{"type":"Point","coordinates":[-47.978199,-15.873135]},"properties":{"kind":"FIXED","limit_kmh":null,"source":"OSM","active":true,"direction_deg":null}},{"type":"Feature","geometry":{"type":"Point","coordinates":[-48.029114,-15.873108]},"properties":{"kind":"FIXED","limit_kmh":null,"source":"DETRAN-DF","active":true,"direction_deg":null}},{"type":"Feature","geometry":{"type":"Point","coordinates":[-48.028992,-15.873108]},"properties":{"kind":"FIXED","limit_kmh":null,"source":"DETRAN-DF","active":true,"direction_deg":null}},{"type":"Feature","geometry":{"type":"Point","coordinates":[-47.818604,-15.873108]},"properties":{"kind":"FIXED","limit_kmh":null,"source":"DETRAN-DF","active":true,"direction_deg":null}},{"type":"Feature","geometry":{"type":"Point","coordinates":[-47.978514,-15.872985]},"properties":{"kind":"FIXED","limit_kmh":null,"source":"OSM","active":true,"direction_deg":null}},{"type":"Feature","geometry":{"type":"Point","coordinates":[-47.822876,-15.872498]},"properties":{"kind":"FIXED","limit_kmh":60,"source":"DETRAN-DF+OSM","active":true,"direction_deg":null}},{"type":"Feature","geometry":{"type":"Point","coordinates":[-48.06781,-15.872314]},"properties":{"kind":"FIXED","limit_kmh":null,"source":"DETRAN-DF","active":true,"direction_deg":null}},{"type":"Feature","geometry":{"type":"Point","coordinates":[-47.977112,-15.872314]},"properties":{"kind":"FIXED","limit_kmh":60,"source":"DETRAN-DF","active":true,"direction_deg":null}},{"type":"Feature","geometry":{"type":"Point","coordinates":[-47.976501,-15.872314]},"properties":{"kind":"FIXED","limit_kmh":60,"source":"DETRAN-DF","active":true,"direction_deg":null}},{"type":"Feature","geometry":{"type":"Point","coordinates":[-48.156677,-15.872009]},"properties":{"kind":"FIXED","limit_kmh":80,"source":"DETRAN-DF","active":true,"direction_deg":null}},{"type":"Feature","geometry":{"type":"Point","coordinates":[-47.969421,-15.872009]},"properties":{"kind":"FIXED","limit_kmh":null,"source":"DETRAN-DF","active":true,"direction_deg":null}},{"type":"Feature","geometry":{"type":"Point","coordinates":[-47.964478,-15.871887]},"properties":{"kind":"FIXED","limit_kmh":null,"source":"DETRAN-DF","active":true,"direction_deg":null}},{"type":"Feature","geometry":{"type":"Point","coordinates":[-47.820312,-15.871826]},"properties":{"kind":"FIXED","limit_kmh":null,"source":"DETRAN-DF","active":true,"direction_deg":null}},{"type":"Feature","geometry":{"type":"Point","coordinates":[-48.065979,-15.871704]},"properties":{"kind":"FIXED","limit_kmh":60,"source":"DETRAN-DF","active":true,"direction_deg":null}},{"type":"Feature","geometry":{"type":"Point","coordinates":[-48.065613,-15.871277]},"properties":{"kind":"FIXED","limit_kmh":60,"source":"DETRAN-DF","active":true,"direction_deg":null}},{"type":"Feature","geometry":{"type":"Point","coordinates":[-48.061707,-15.870483]},"properties":{"kind":"FIXED","limit_kmh":50,"source":"DETRAN-DF","active":true,"direction_deg":null}},{"type":"Feature","geometry":{"type":"Point","coordinates":[-48.059998,-15.870483]},"properties":{"kind":"FIXED","limit_kmh":50,"source":"DETRAN-DF","active":true,"direction_deg":null}},{"type":"Feature","geometry":{"type":"Point","coordinates":[-47.973022,-15.870483]},"properties":{"kind":"FIXED","limit_kmh":60,"source":"DETRAN-DF+OSM","active":true,"direction_deg":null}},{"type":"Feature","geometry":{"type":"Point","coordinates":[-47.970581,-15.870483]},"properties":{"kind":"FIXED","limit_kmh":null,"source":"DETRAN-DF","active":true,"direction_deg":null}},{"type":"Feature","geometry":{"type":"Point","coordinates":[-47.970398,-15.8703]},"properties":{"kind":"FIXED","limit_kmh":null,"source":"DETRAN-DF","active":true,"direction_deg":null}},{"type":"Feature","geometry":{"type":"Point","coordinates":[-47.822205,-15.8703]},"properties":{"kind":"FIXED","limit_kmh":60,"source":"DETRAN-DF+OSM","active":true,"direction_deg":null}},{"type":"Feature","geometry":{"type":"Point","coordinates":[-47.9729,-15.870117]},"properties":{"kind":"FIXED","limit_kmh":60,"source":"DETRAN-DF+OSM","active":true,"direction_deg":null}},{"type":"Feature","geometry":{"type":"Point","coordinates":[-47.991211,-15.869812]},"properties":{"kind":"FIXED","limit_kmh":60,"source":"DETRAN-DF","active":true,"direction_deg":null}},{"type":"Feature","geometry":{"type":"Point","coordinates":[-48.030884,-15.86969]},"properties":{"kind":"FIXED","limit_kmh":60,"source":"DETRAN-DF","active":true,"direction_deg":null}},{"type":"Feature","geometry":{"type":"Point","coordinates":[-47.967285,-15.86969]},"properties":{"kind":"FIXED","limit_kmh":null,"source":"DETRAN-DF","active":true,"direction_deg":null}},{"type":"Feature","geometry":{"type":"Point","coordinates":[-47.797729,-15.86969]},"properties":{"kind":"FIXED","limit_kmh":null,"source":"DETRAN-DF","active":true,"direction_deg":null}},{"type":"Feature","geometry":{"type":"Point","coordinates":[-48.087708,-15.869507]},"properties":{"kind":"FIXED","limit_kmh":60,"source":"DETRAN-DF","active":true,"direction_deg":null}},{"type":"Feature","geometry":{"type":"Point","coordinates":[-47.796997,-15.869324]},"properties":{"kind":"FIXED","limit_kmh":null,"source":"DETRAN-DF","active":true,"direction_deg":null}},{"type":"Feature","geometry":{"type":"Point","coordinates":[-47.967896,-15.869202]},"properties":{"kind":"FIXED","limit_kmh":null,"source":"DETRAN-DF","active":true,"direction_deg":null}},{"type":"Feature","geometry":{"type":"Point","coordinates":[-47.822117,-15.869105]},"properties":{"kind":"FIXED","limit_kmh":60,"source":"OSM","active":true,"direction_deg":null}},{"type":"Feature","geometry":{"type":"Point","coordinates":[-48.087585,-15.86908]},"properties":{"kind":"FIXED","limit_kmh":60,"source":"DETRAN-DF","active":true,"direction_deg":null}},{"type":"Feature","geometry":{"type":"Point","coordinates":[-47.947205,-15.868896]},"properties":{"kind":"FIXED","limit_kmh":80,"source":"DETRAN-DF","active":true,"direction_deg":null}},{"type":"Feature","geometry":{"type":"Point","coordinates":[-47.968079,-15.868713]},"properties":{"kind":"FIXED","limit_kmh":null,"source":"DETRAN-DF","active":true,"direction_deg":null}},{"type":"Feature","geometry":{"type":"Point","coordinates":[-47.967285,-15.868591]},"properties":{"kind":"FIXED","limit_kmh":null,"source":"DETRAN-DF","active":true,"direction_deg":null}},{"type":"Feature","geometry":{"type":"Point","coordinates":[-47.821899,-15.868591]},"properties":{"kind":"FIXED","limit_kmh":60,"source":"DETRAN-DF","active":true,"direction_deg":null}},{"type":"Feature","geometry":{"type":"Point","coordinates":[-48.055786,-15.868408]},"properties":{"kind":"FIXED","limit_kmh":60,"source":"DETRAN-DF","active":true,"direction_deg":null}},{"type":"Feature","geometry":{"type":"Point","coordinates":[-47.965088,-15.868408]},"properties":{"kind":"FIXED","limit_kmh":null,"source":"DETRAN-DF","active":true,"direction_deg":null}},{"type":"Feature","geometry":{"type":"Point","coordinates":[-47.946411,-15.868286]},"properties":{"kind":"FIXED","limit_kmh":80,"source":"DETRAN-DF","active":true,"direction_deg":null}},{"type":"Feature","geometry":{"type":"Point","coordinates":[-47.968506,-15.868225]},"properties":{"kind":"FIXED","limit_kmh":60,"source":"DETRAN-DF","active":true,"direction_deg":null}},{"type":"Feature","geometry":{"type":"Point","coordinates":[-47.991089,-15.868103]},"properties":{"kind":"FIXED","limit_kmh":60,"source":"DETRAN-DF+OSM","active":true,"direction_deg":null}},{"type":"Feature","geometry":{"type":"Point","coordinates":[-47.968384,-15.867798]},"properties":{"kind":"FIXED","limit_kmh":60,"source":"DETRAN-DF","active":true,"direction_deg":null}},{"type":"Feature","geometry":{"type":"Point","coordinates":[-47.821228,-15.867676]},"properties":{"kind":"FIXED","limit_kmh":null,"source":"DETRAN-DF","active":true,"direction_deg":null}},{"type":"Feature","geometry":{"type":"Point","coordinates":[-47.96283,-15.86731]},"properties":{"kind":"FIXED","limit_kmh":null,"source":"DETRAN-DF","active":true,"direction_deg":null}},{"type":"Feature","geometry":{"type":"Point","coordinates":[-47.974792,-15.867004]},"properties":{"kind":"FIXED","limit_kmh":null,"source":"DETRAN-DF","active":true,"direction_deg":null}},{"type":"Feature","geometry":{"type":"Point","coordinates":[-47.821411,-15.867004]},"properties":{"kind":"FIXED","limit_kmh":60,"source":"DETRAN-DF","active":true,"direction_deg":null}},{"type":"Feature","geometry":{"type":"Point","coordinates":[-48.037109,-15.866882]},"properties":{"kind":"FIXED","limit_kmh":null,"source":"DETRAN-DF","active":true,"direction_deg":null}},{"type":"Feature","geometry":{"type":"Point","coordinates":[-47.961609,-15.866821]},"properties":{"kind":"FIXED","limit_kmh":null,"source":"DETRAN-DF","active":true,"direction_deg":null}},{"type":"Feature","geometry":{"type":"Point","coordinates":[-47.965698,-15.866699]},"properties":{"kind":"FIXED","limit_kmh":60,"source":"DETRAN-DF+OSM","active":true,"direction_deg":null}},{"type":"Feature","geometry":{"type":"Point","coordinates":[-47.984802,-15.866577]},"properties":{"kind":"FIXED","limit_kmh":60,"source":"DETRAN-DF","active":true,"direction_deg":null}},{"type":"Feature","geometry":{"type":"Point","coordinates":[-47.984473,-15.866545]},"properties":{"kind":"FIXED","limit_kmh":60,"source":"OSM","active":true,"direction_deg":null}},{"type":"Feature","geometry":{"type":"Point","coordinates":[-47.96051,-15.866211]},"properties":{"kind":"FIXED","limit_kmh":null,"source":"DETRAN-DF","active":true,"direction_deg":null}},{"type":"Feature","geometry":{"type":"Point","coordinates":[-47.816284,-15.866211]},"properties":{"kind":"FIXED","limit_kmh":null,"source":"DETRAN-DF","active":true,"direction_deg":null}},{"type":"Feature","geometry":{"type":"Point","coordinates":[-47.792786,-15.866211]},"properties":{"kind":"FIXED","limit_kmh":null,"source":"DETRAN-DF","active":true,"direction_deg":null}},{"type":"Feature","geometry":{"type":"Point","coordinates":[-48.032898,-15.865906]},"properties":{"kind":"FIXED","limit_kmh":60,"source":"DETRAN-DF","active":true,"direction_deg":null}},{"type":"Feature","geometry":{"type":"Point","coordinates":[-47.865417,-15.865784]},"properties":{"kind":"FIXED","limit_kmh":null,"source":"DETRAN-DF","active":true,"direction_deg":null}},{"type":"Feature","geometry":{"type":"Point","coordinates":[-47.816711,-15.865784]},"properties":{"kind":"FIXED","limit_kmh":null,"source":"DETRAN-DF","active":true,"direction_deg":null}},{"type":"Feature","geometry":{"type":"Point","coordinates":[-47.86499,-15.865601]},"properties":{"kind":"FIXED","limit_kmh":null,"source":"DETRAN-DF","active":true,"direction_deg":null}},{"type":"Feature","geometry":{"type":"Point","coordinates":[-48.05658,-15.865295]},"properties":{"kind":"FIXED","limit_kmh":60,"source":"DETRAN-DF","active":true,"direction_deg":null}},{"type":"Feature","geometry":{"type":"Point","coordinates":[-48.038086,-15.865112]},"properties":{"kind":"FIXED","limit_kmh":null,"source":"DETRAN-DF","active":true,"direction_deg":null}},{"type":"Feature","geometry":{"type":"Point","coordinates":[-47.976501,-15.865112]},"properties":{"kind":"FIXED","limit_kmh":null,"source":"DETRAN-DF","active":true,"direction_deg":null}},{"type":"Feature","geometry":{"type":"Point","coordinates":[-48.033813,-15.86499]},"properties":{"kind":"FIXED","limit_kmh":60,"source":"DETRAN-DF","active":true,"direction_deg":null}},{"type":"Feature","geometry":{"type":"Point","coordinates":[-48.03399,-15.864624]},"properties":{"kind":"FIXED","limit_kmh":null,"source":"OSM","active":true,"direction_deg":null}},{"type":"Feature","geometry":{"type":"Point","coordinates":[-47.939697,-15.86438]},"properties":{"kind":"FIXED","limit_kmh":60,"source":"DETRAN-DF","active":true,"direction_deg":null}},{"type":"Feature","geometry":{"type":"Point","coordinates":[-48.07959,-15.864319]},"properties":{"kind":"FIXED","limit_kmh":50,"source":"DETRAN-DF","active":true,"direction_deg":null}},{"type":"Feature","geometry":{"type":"Point","coordinates":[-48.038513,-15.864319]},"properties":{"kind":"FIXED","limit_kmh":null,"source":"DETRAN-DF","active":true,"direction_deg":null}},{"type":"Feature","geometry":{"type":"Point","coordinates":[-47.620728,-15.864197]},"properties":{"kind":"FIXED","limit_kmh":null,"source":"DETRAN-DF","active":true,"direction_deg":null}},{"type":"Feature","geometry":{"type":"Point","coordinates":[-47.96051,-15.863892]},"properties":{"kind":"FIXED","limit_kmh":60,"source":"DETRAN-DF","active":true,"direction_deg":null}},{"type":"Feature","geometry":{"type":"Point","coordinates":[-47.983582,-15.863586]},"properties":{"kind":"FIXED","limit_kmh":60,"source":"DETRAN-DF+OSM","active":true,"direction_deg":null}},{"type":"Feature","geometry":{"type":"Point","coordinates":[-48.052979,-15.862915]},"properties":{"kind":"FIXED","limit_kmh":null,"source":"DETRAN-DF","active":true,"direction_deg":null}},{"type":"Feature","geometry":{"type":"Point","coordinates":[-48.078003,-15.862793]},"properties":{"kind":"FIXED","limit_kmh":50,"source":"DETRAN-DF","active":true,"direction_deg":null}},{"type":"Feature","geometry":{"type":"Point","coordinates":[-48.076599,-15.86261]},"properties":{"kind":"FIXED","limit_kmh":null,"source":"DETRAN-DF","active":true,"direction_deg":null}},{"type":"Feature","geometry":{"type":"Point","coordinates":[-48.087524,-15.862305]},"properties":{"kind":"FIXED","limit_kmh":60,"source":"DETRAN-DF","active":true,"direction_deg":null}},{"type":"Feature","geometry":{"type":"Point","coordinates":[-48.076782,-15.862305]},"properties":{"kind":"FIXED","limit_kmh":null,"source":"DETRAN-DF","active":true,"direction_deg":null}},{"type":"Feature","geometry":{"type":"Point","coordinates":[-48.075378,-15.862]},"properties":{"kind":"FIXED","limit_kmh":null,"source":"DETRAN-DF","active":true,"direction_deg":null}},{"type":"Feature","geometry":{"type":"Point","coordinates":[-48.087585,-15.861877]},"properties":{"kind":"FIXED","limit_kmh":60,"source":"DETRAN-DF","active":true,"direction_deg":null}},{"type":"Feature","geometry":{"type":"Point","coordinates":[-48.075378,-15.861694]},"properties":{"kind":"FIXED","limit_kmh":null,"source":"DETRAN-DF","active":true,"direction_deg":null}},{"type":"Feature","geometry":{"type":"Point","coordinates":[-47.985474,-15.861515]},"properties":{"kind":"FIXED","limit_kmh":60,"source":"OSM","active":true,"direction_deg":null}},{"type":"Feature","geometry":{"type":"Point","coordinates":[-48.041809,-15.861511]},"properties":{"kind":"FIXED","limit_kmh":null,"source":"DETRAN-DF","active":true,"direction_deg":null}},{"type":"Feature","geometry":{"type":"Point","coordinates":[-47.863525,-15.861511]},"properties":{"kind":"FIXED","limit_kmh":null,"source":"DETRAN-DF","active":true,"direction_deg":null}},{"type":"Feature","geometry":{"type":"Point","coordinates":[-48.0401,-15.861328]},"properties":{"kind":"FIXED","limit_kmh":null,"source":"DETRAN-DF","active":true,"direction_deg":null}},{"type":"Feature","geometry":{"type":"Point","coordinates":[-47.862793,-15.861328]},"properties":{"kind":"FIXED","limit_kmh":null,"source":"DETRAN-DF","active":true,"direction_deg":null}},{"type":"Feature","geometry":{"type":"Point","coordinates":[-48.074524,-15.861206]},"properties":{"kind":"FIXED","limit_kmh":60,"source":"DETRAN-DF","active":true,"direction_deg":null}},{"type":"Feature","geometry":{"type":"Point","coordinates":[-48.073608,-15.861206]},"properties":{"kind":"FIXED","limit_kmh":60,"source":"DETRAN-DF","active":true,"direction_deg":null}},{"type":"Feature","geometry":{"type":"Point","coordinates":[-47.956604,-15.861206]},"properties":{"kind":"FIXED","limit_kmh":80,"source":"DETRAN-DF","active":true,"direction_deg":null}},{"type":"Feature","geometry":{"type":"Point","coordinates":[-47.871887,-15.860718]},"properties":{"kind":"FIXED","limit_kmh":null,"source":"DETRAN-DF","active":true,"direction_deg":null}},{"type":"Feature","geometry":{"type":"Point","coordinates":[-47.818861,-15.860264]},"properties":{"kind":"FIXED","limit_kmh":70,"source":"OSM","active":true,"direction_deg":null}},{"type":"Feature","geometry":{"type":"Point","coordinates":[-48.049683,-15.860107]},"properties":{"kind":"FIXED","limit_kmh":null,"source":"DETRAN-DF","active":true,"direction_deg":null}},{"type":"Feature","geometry":{"type":"Point","coordinates":[-47.956299,-15.860107]},"properties":{"kind":"FIXED","limit_kmh":60,"source":"DETRAN-DF","active":true,"direction_deg":null}},{"type":"Feature","geometry":{"type":"Point","coordinates":[-47.819092,-15.860107]},"properties":{"kind":"FIXED","limit_kmh":70,"source":"DETRAN-DF","active":true,"direction_deg":null}},{"type":"Feature","geometry":{"type":"Point","coordinates":[-47.818787,-15.859985]},"properties":{"kind":"FIXED","limit_kmh":70,"source":"DETRAN-DF","active":true,"direction_deg":null}},{"type":"Feature","geometry":{"type":"Point","coordinates":[-48.095093,-15.859924]},"properties":{"kind":"FIXED","limit_kmh":70,"source":"DETRAN-DF","active":true,"direction_deg":null}},{"type":"Feature","geometry":{"type":"Point","coordinates":[-47.870789,-15.859619]},"properties":{"kind":"FIXED","limit_kmh":70,"source":"DETRAN-DF","active":true,"direction_deg":null}},{"type":"Feature","geometry":{"type":"Point","coordinates":[-47.858398,-15.859619]},"properties":{"kind":"FIXED","limit_kmh":null,"source":"DETRAN-DF","active":true,"direction_deg":null}},{"type":"Feature","geometry":{"type":"Point","coordinates":[-47.870911,-15.859497]},"properties":{"kind":"FIXED","limit_kmh":70,"source":"DETRAN-DF+OSM","active":true,"direction_deg":null}},{"type":"Feature","geometry":{"type":"Point","coordinates":[-47.85791,-15.859375]},"properties":{"kind":"FIXED","limit_kmh":null,"source":"DETRAN-DF","active":true,"direction_deg":null}},{"type":"Feature","geometry":{"type":"Point","coordinates":[-47.870728,-15.859314]},"properties":{"kind":"FIXED","limit_kmh":70,"source":"DETRAN-DF+OSM","active":true,"direction_deg":null}},{"type":"Feature","geometry":{"type":"Point","coordinates":[-47.935486,-15.859009]},"properties":{"kind":"FIXED","limit_kmh":60,"source":"DETRAN-DF","active":true,"direction_deg":null}},{"type":"Feature","geometry":{"type":"Point","coordinates":[-48.04303,-15.858704]},"properties":{"kind":"FIXED","limit_kmh":null,"source":"DETRAN-DF","active":true,"direction_deg":null}},{"type":"Feature","geometry":{"type":"Point","coordinates":[-47.918823,-15.858704]},"properties":{"kind":"FIXED","limit_kmh":60,"source":"DETRAN-DF","active":true,"direction_deg":null}},{"type":"Feature","geometry":{"type":"Point","coordinates":[-47.867004,-15.858582]},"properties":{"kind":"FIXED","limit_kmh":70,"source":"DETRAN-DF","active":true,"direction_deg":null}},{"type":"Feature","geometry":{"type":"Point","coordinates":[-47.832441,-15.8584]},"properties":{"kind":"FIXED","limit_kmh":40,"source":"OSM","active":true,"direction_deg":null}},{"type":"Feature","geometry":{"type":"Point","coordinates":[-48.044922,-15.858093]},"properties":{"kind":"FIXED","limit_kmh":null,"source":"DETRAN-DF","active":true,"direction_deg":null}},{"type":"Feature","geometry":{"type":"Point","coordinates":[-47.924377,-15.857605]},"properties":{"kind":"FIXED","limit_kmh":70,"source":"DETRAN-DF","active":true,"direction_deg":null}},{"type":"Feature","geometry":{"type":"Point","coordinates":[-48.080811,-15.857483]},"properties":{"kind":"FIXED","limit_kmh":40,"source":"DETRAN-DF","active":true,"direction_deg":null}},{"type":"Feature","geometry":{"type":"Point","coordinates":[-48.037476,-15.857483]},"properties":{"kind":"FIXED","limit_kmh":60,"source":"DETRAN-DF","active":true,"direction_deg":null}},{"type":"Feature","geometry":{"type":"Point","coordinates":[-47.921875,-15.857422]},"properties":{"kind":"FIXED","limit_kmh":70,"source":"DETRAN-DF","active":true,"direction_deg":null}},{"type":"Feature","geometry":{"type":"Point","coordinates":[-48.037781,-15.8573]},"properties":{"kind":"FIXED","limit_kmh":60,"source":"DETRAN-DF","active":true,"direction_deg":null}},{"type":"Feature","geometry":{"type":"Point","coordinates":[-47.920288,-15.856995]},"properties":{"kind":"FIXED","limit_kmh":70,"source":"DETRAN-DF","active":true,"direction_deg":null}},{"type":"Feature","geometry":{"type":"Point","coordinates":[-47.953796,-15.856812]},"properties":{"kind":"FIXED","limit_kmh":null,"source":"DETRAN-DF","active":true,"direction_deg":null}},{"type":"Feature","geometry":{"type":"Point","coordinates":[-48.079285,-15.856384]},"properties":{"kind":"FIXED","limit_kmh":40,"source":"DETRAN-DF","active":true,"direction_deg":null}},{"type":"Feature","geometry":{"type":"Point","coordinates":[-48.043701,-15.856384]},"properties":{"kind":"FIXED","limit_kmh":null,"source":"DETRAN-DF","active":true,"direction_deg":null}},{"type":"Feature","geometry":{"type":"Point","coordinates":[-48.041504,-15.856384]},"properties":{"kind":"FIXED","limit_kmh":null,"source":"DETRAN-DF","active":true,"direction_deg":null}},{"type":"Feature","geometry":{"type":"Point","coordinates":[-47.953003,-15.856384]},"properties":{"kind":"FIXED","limit_kmh":null,"source":"DETRAN-DF","active":true,"direction_deg":null}},{"type":"Feature","geometry":{"type":"Point","coordinates":[-48.179016,-15.856323]},"properties":{"kind":"FIXED","limit_kmh":80,"source":"DETRAN-DF","active":true,"direction_deg":null}},{"type":"Feature","geometry":{"type":"Point","coordinates":[-48.044495,-15.856201]},"properties":{"kind":"FIXED","limit_kmh":null,"source":"DETRAN-DF","active":true,"direction_deg":null}},{"type":"Feature","geometry":{"type":"Point","coordinates":[-47.910522,-15.856201]},"properties":{"kind":"FIXED","limit_kmh":60,"source":"DETRAN-DF","active":true,"direction_deg":null}},{"type":"Feature","geometry":{"type":"Point","coordinates":[-48.097107,-15.856079]},"properties":{"kind":"FIXED","limit_kmh":70,"source":"DETRAN-DF","active":true,"direction_deg":null}},{"type":"Feature","geometry":{"type":"Point","coordinates":[-47.916992,-15.856018]},"properties":{"kind":"FIXED","limit_kmh":70,"source":"DETRAN-DF","active":true,"direction_deg":null}},{"type":"Feature","geometry":{"type":"Point","coordinates":[-47.951904,-15.855591]},"properties":{"kind":"FIXED","limit_kmh":null,"source":"DETRAN-DF","active":true,"direction_deg":null}},{"type":"Feature","geometry":{"type":"Point","coordinates":[-47.858887,-15.855591]},"properties":{"kind":"FIXED","limit_kmh":70,"source":"DETRAN-DF","active":true,"direction_deg":null}},{"type":"Feature","geometry":{"type":"Point","coordinates":[-47.991577,-15.85553]},"properties":{"kind":"FIXED","limit_kmh":60,"source":"DETRAN-DF","active":true,"direction_deg":null}},{"type":"Feature","geometry":{"type":"Point","coordinates":[-47.858531,-15.855455]},"properties":{"kind":"FIXED","limit_kmh":null,"source":"OSM","active":true,"direction_deg":null}},{"type":"Feature","geometry":{"type":"Point","coordinates":[-48.076294,-15.855408]},"properties":{"kind":"FIXED","limit_kmh":60,"source":"DETRAN-DF","active":true,"direction_deg":null}},{"type":"Feature","geometry":{"type":"Point","coordinates":[-47.817255,-15.854981]},"properties":{"kind":"FIXED","limit_kmh":50,"source":"OSM","active":true,"direction_deg":null}},{"type":"Feature","geometry":{"type":"Point","coordinates":[-47.881104,-15.85498]},"properties":{"kind":"FIXED","limit_kmh":null,"source":"DETRAN-DF","active":true,"direction_deg":null}},{"type":"Feature","geometry":{"type":"Point","coordinates":[-47.817515,-15.854909]},"properties":{"kind":"FIXED","limit_kmh":50,"source":"OSM","active":true,"direction_deg":null}},{"type":"Feature","geometry":{"type":"Point","coordinates":[-48.07489,-15.854797]},"properties":{"kind":"FIXED","limit_kmh":40,"source":"DETRAN-DF","active":true,"direction_deg":null}},{"type":"Feature","geometry":{"type":"Point","coordinates":[-47.950623,-15.854797]},"properties":{"kind":"FIXED","limit_kmh":null,"source":"DETRAN-DF","active":true,"direction_deg":null}},{"type":"Feature","geometry":{"type":"Point","coordinates":[-47.858276,-15.854492]},"properties":{"kind":"FIXED","limit_kmh":70,"source":"DETRAN-DF+OSM","active":true,"direction_deg":null}},{"type":"Feature","geometry":{"type":"Point","coordinates":[-47.94989,-15.854309]},"properties":{"kind":"FIXED","limit_kmh":null,"source":"DETRAN-DF","active":true,"direction_deg":null}},{"type":"Feature","geometry":{"type":"Point","coordinates":[-47.949402,-15.854004]},"properties":{"kind":"FIXED","limit_kmh":null,"source":"DETRAN-DF","active":true,"direction_deg":null}},{"type":"Feature","geometry":{"type":"Point","coordinates":[-47.949097,-15.853882]},"properties":{"kind":"FIXED","limit_kmh":null,"source":"DETRAN-DF","active":true,"direction_deg":null}},{"type":"Feature","geometry":{"type":"Point","coordinates":[-48.073608,-15.853821]},"properties":{"kind":"FIXED","limit_kmh":40,"source":"DETRAN-DF","active":true,"direction_deg":null}},{"type":"Feature","geometry":{"type":"Point","coordinates":[-47.948608,-15.853577]},"properties":{"kind":"FIXED","limit_kmh":null,"source":"DETRAN-DF","active":true,"direction_deg":null}},{"type":"Feature","geometry":{"type":"Point","coordinates":[-47.993713,-15.853516]},"properties":{"kind":"FIXED","limit_kmh":60,"source":"DETRAN-DF","active":true,"direction_deg":null}},{"type":"Feature","geometry":{"type":"Point","coordinates":[-48.039612,-15.853394]},"properties":{"kind":"FIXED","limit_kmh":60,"source":"DETRAN-DF","active":true,"direction_deg":null}},{"type":"Feature","geometry":{"type":"Point","coordinates":[-47.843994,-15.85321]},"properties":{"kind":"FIXED","limit_kmh":70,"source":"DETRAN-DF","active":true,"direction_deg":null}},{"type":"Feature","geometry":{"type":"Point","coordinates":[-47.94751,-15.852905]},"properties":{"kind":"FIXED","limit_kmh":null,"source":"DETRAN-DF","active":true,"direction_deg":null}},{"type":"Feature","geometry":{"type":"Point","coordinates":[-48.116089,-15.852478]},"properties":{"kind":"FIXED","limit_kmh":null,"source":"DETRAN-DF","active":true,"direction_deg":null}},{"type":"Feature","geometry":{"type":"Point","coordinates":[-48.116089,-15.852417]},"properties":{"kind":"FIXED","limit_kmh":null,"source":"DETRAN-DF","active":true,"direction_deg":null}},{"type":"Feature","geometry":{"type":"Point","coordinates":[-48.040527,-15.852295]},"properties":{"kind":"FIXED","limit_kmh":60,"source":"DETRAN-DF+OSM","active":true,"direction_deg":null}},{"type":"Feature","geometry":{"type":"Point","coordinates":[-47.946228,-15.852112]},"properties":{"kind":"FIXED","limit_kmh":null,"source":"DETRAN-DF","active":true,"direction_deg":null}},{"type":"Feature","geometry":{"type":"Point","coordinates":[-48.046204,-15.85199]},"properties":{"kind":"FIXED","limit_kmh":60,"source":"DETRAN-DF","active":true,"direction_deg":null}},{"type":"Feature","geometry":{"type":"Point","coordinates":[-48.115479,-15.851807]},"properties":{"kind":"FIXED","limit_kmh":null,"source":"DETRAN-DF","active":true,"direction_deg":null}},{"type":"Feature","geometry":{"type":"Point","coordinates":[-48.098389,-15.851685]},"properties":{"kind":"FIXED","limit_kmh":70,"source":"DETRAN-DF","active":true,"direction_deg":null}},{"type":"Feature","geometry":{"type":"Point","coordinates":[-48.047424,-15.851501]},"properties":{"kind":"FIXED","limit_kmh":null,"source":"DETRAN-DF","active":true,"direction_deg":null}},{"type":"Feature","geometry":{"type":"Point","coordinates":[-47.876282,-15.851501]},"properties":{"kind":"FIXED","limit_kmh":70,"source":"DETRAN-DF","active":true,"direction_deg":null}},{"type":"Feature","geometry":{"type":"Point","coordinates":[-48.041687,-15.851196]},"properties":{"kind":"FIXED","limit_kmh":null,"source":"DETRAN-DF","active":true,"direction_deg":null}},{"type":"Feature","geometry":{"type":"Point","coordinates":[-48.046692,-15.850708]},"properties":{"kind":"FIXED","limit_kmh":60,"source":"DETRAN-DF","active":true,"direction_deg":null}},{"type":"Feature","geometry":{"type":"Point","coordinates":[-47.975078,-15.850673]},"properties":{"kind":"FIXED","limit_kmh":50,"source":"OSM","active":true,"direction_deg":null}},{"type":"Feature","geometry":{"type":"Point","coordinates":[-48.113098,-15.850281]},"properties":{"kind":"FIXED","limit_kmh":50,"source":"DETRAN-DF","active":true,"direction_deg":null}},{"type":"Feature","geometry":{"type":"Point","coordinates":[-48.042175,-15.850098]},"properties":{"kind":"FIXED","limit_kmh":null,"source":"DETRAN-DF","active":true,"direction_deg":null}},{"type":"Feature","geometry":{"type":"Point","coordinates":[-47.8974,-15.850098]},"properties":{"kind":"FIXED","limit_kmh":null,"source":"DETRAN-DF","active":true,"direction_deg":null}},{"type":"Feature","geometry":{"type":"Point","coordinates":[-48.112976,-15.849976]},"properties":{"kind":"FIXED","limit_kmh":50,"source":"DETRAN-DF","active":true,"direction_deg":null}},{"type":"Feature","geometry":{"type":"Point","coordinates":[-47.908508,-15.849609]},"properties":{"kind":"FIXED","limit_kmh":70,"source":"DETRAN-DF","active":true,"direction_deg":null}},{"type":"Feature","geometry":{"type":"Point","coordinates":[-47.895325,-15.849487]},"properties":{"kind":"FIXED","limit_kmh":null,"source":"DETRAN-DF","active":true,"direction_deg":null}},{"type":"Feature","geometry":{"type":"Point","coordinates":[-47.849304,-15.849487]},"properties":{"kind":"FIXED","limit_kmh":70,"source":"DETRAN-DF","active":true,"direction_deg":null}},{"type":"Feature","geometry":{"type":"Point","coordinates":[-47.975319,-15.849407]},"properties":{"kind":"FIXED","limit_kmh":50,"source":"OSM","active":true,"direction_deg":null}},{"type":"Feature","geometry":{"type":"Point","coordinates":[-47.906311,-15.849304]},"properties":{"kind":"FIXED","limit_kmh":70,"source":"DETRAN-DF","active":true,"direction_deg":null}},{"type":"Feature","geometry":{"type":"Point","coordinates":[-48.042786,-15.848999]},"properties":{"kind":"FIXED","limit_kmh":null,"source":"DETRAN-DF","active":true,"direction_deg":null}},{"type":"Feature","geometry":{"type":"Point","coordinates":[-47.885193,-15.848328]},"properties":{"kind":"FIXED","limit_kmh":50,"source":"DETRAN-DF","active":true,"direction_deg":null}},{"type":"Feature","geometry":{"type":"Point","coordinates":[-48.115112,-15.848206]},"properties":{"kind":"FIXED","limit_kmh":50,"source":"DETRAN-DF","active":true,"direction_deg":null}},{"type":"Feature","geometry":{"type":"Point","coordinates":[-47.87439,-15.847778]},"properties":{"kind":"FIXED","limit_kmh":70,"source":"DETRAN-DF","active":true,"direction_deg":null}},{"type":"Feature","geometry":{"type":"Point","coordinates":[-47.890076,-15.847595]},"properties":{"kind":"FIXED","limit_kmh":60,"source":"DETRAN-DF","active":true,"direction_deg":null}},{"type":"Feature","geometry":{"type":"Point","coordinates":[-47.849609,-15.847595]},"properties":{"kind":"FIXED","limit_kmh":70,"source":"DETRAN-DF","active":true,"direction_deg":null}},{"type":"Feature","geometry":{"type":"Point","coordinates":[-48.115906,-15.847412]},"properties":{"kind":"FIXED","limit_kmh":50,"source":"DETRAN-DF","active":true,"direction_deg":null}},{"type":"Feature","geometry":{"type":"Point","coordinates":[-48.044006,-15.847412]},"properties":{"kind":"FIXED","limit_kmh":null,"source":"DETRAN-DF","active":true,"direction_deg":null}},{"type":"Feature","geometry":{"type":"Point","coordinates":[-47.886292,-15.847412]},"properties":{"kind":"FIXED","limit_kmh":50,"source":"DETRAN-DF","active":true,"direction_deg":null}},{"type":"Feature","geometry":{"type":"Point","coordinates":[-48.100098,-15.847229]},"properties":{"kind":"FIXED","limit_kmh":70,"source":"DETRAN-DF","active":true,"direction_deg":null}},{"type":"Feature","geometry":{"type":"Point","coordinates":[-48.044312,-15.846985]},"properties":{"kind":"FIXED","limit_kmh":null,"source":"DETRAN-DF","active":true,"direction_deg":null}},{"type":"Feature","geometry":{"type":"Point","coordinates":[-48.043518,-15.846802]},"properties":{"kind":"FIXED","limit_kmh":60,"source":"DETRAN-DF","active":true,"direction_deg":null}},{"type":"Feature","geometry":{"type":"Point","coordinates":[-48.033203,-15.846802]},"properties":{"kind":"FIXED","limit_kmh":null,"source":"DETRAN-DF","active":true,"direction_deg":null}},{"type":"Feature","geometry":{"type":"Point","coordinates":[-47.974915,-15.84668]},"properties":{"kind":"FIXED","limit_kmh":60,"source":"DETRAN-DF","active":true,"direction_deg":null}},{"type":"Feature","geometry":{"type":"Point","coordinates":[-48.044495,-15.846497]},"properties":{"kind":"FIXED","limit_kmh":null,"source":"DETRAN-DF","active":true,"direction_deg":null}},{"type":"Feature","geometry":{"type":"Point","coordinates":[-47.974792,-15.846497]},"properties":{"kind":"FIXED","limit_kmh":60,"source":"DETRAN-DF","active":true,"direction_deg":null}},{"type":"Feature","geometry":{"type":"Point","coordinates":[-47.973389,-15.846497]},"properties":{"kind":"FIXED","limit_kmh":null,"source":"DETRAN-DF","active":true,"direction_deg":null}},{"type":"Feature","geometry":{"type":"Point","coordinates":[-48.043213,-15.846375]},"properties":{"kind":"FIXED","limit_kmh":null,"source":"DETRAN-DF","active":true,"direction_deg":null}},{"type":"Feature","geometry":{"type":"Point","coordinates":[-47.97229,-15.846375]},"properties":{"kind":"FIXED","limit_kmh":50,"source":"DETRAN-DF","active":true,"direction_deg":null}},{"type":"Feature","geometry":{"type":"Point","coordinates":[-48.07489,-15.846313]},"properties":{"kind":"FIXED","limit_kmh":60,"source":"DETRAN-DF","active":true,"direction_deg":null}},{"type":"Feature","geometry":{"type":"Point","coordinates":[-48.0448,-15.846008]},"properties":{"kind":"FIXED","limit_kmh":null,"source":"DETRAN-DF","active":true,"direction_deg":null}},{"type":"Feature","geometry":{"type":"Point","coordinates":[-47.971008,-15.846008]},"properties":{"kind":"FIXED","limit_kmh":50,"source":"DETRAN-DF","active":true,"direction_deg":null}},{"type":"Feature","geometry":{"type":"Point","coordinates":[-48.194275,-15.845886]},"properties":{"kind":"FIXED","limit_kmh":80,"source":"DETRAN-DF","active":true,"direction_deg":null}},{"type":"Feature","geometry":{"type":"Point","coordinates":[-48.111389,-15.845886]},"properties":{"kind":"FIXED","limit_kmh":50,"source":"DETRAN-DF","active":true,"direction_deg":null}},{"type":"Feature","geometry":{"type":"Point","coordinates":[-47.896484,-15.845886]},"properties":{"kind":"FIXED","limit_kmh":70,"source":"DETRAN-DF","active":true,"direction_deg":null}},{"type":"Feature","geometry":{"type":"Point","coordinates":[-47.979614,-15.845581]},"properties":{"kind":"FIXED","limit_kmh":60,"source":"DETRAN-DF","active":true,"direction_deg":null}},{"type":"Feature","geometry":{"type":"Point","coordinates":[-47.968018,-15.845581]},"properties":{"kind":"FIXED","limit_kmh":null,"source":"DETRAN-DF","active":true,"direction_deg":null}},{"type":"Feature","geometry":{"type":"Point","coordinates":[-47.923828,-15.845581]},"properties":{"kind":"FIXED","limit_kmh":80,"source":"OSM","active":true,"direction_deg":null}},{"type":"Feature","geometry":{"type":"Point","coordinates":[-47.923279,-15.84552]},"properties":{"kind":"FIXED","limit_kmh":80,"source":"DETRAN-DF","active":true,"direction_deg":null}},{"type":"Feature","geometry":{"type":"Point","coordinates":[-47.896301,-15.84552]},"properties":{"kind":"FIXED","limit_kmh":70,"source":"DETRAN-DF","active":true,"direction_deg":null}},{"type":"Feature","geometry":{"type":"Point","coordinates":[-48.000183,-15.845398]},"properties":{"kind":"FIXED","limit_kmh":60,"source":"DETRAN-DF","active":true,"direction_deg":null}},{"type":"Feature","geometry":{"type":"Point","coordinates":[-47.926208,-15.845276]},"properties":{"kind":"FIXED","limit_kmh":80,"source":"DETRAN-DF+OSM","active":true,"direction_deg":null}},{"type":"Feature","geometry":{"type":"Point","coordinates":[-47.935181,-15.84491]},"properties":{"kind":"FIXED","limit_kmh":70,"source":"DETRAN-DF","active":true,"direction_deg":null}},{"type":"Feature","geometry":{"type":"Point","coordinates":[-47.882324,-15.84491]},"properties":{"kind":"FIXED","limit_kmh":null,"source":"DETRAN-DF","active":true,"direction_deg":null}},{"type":"Feature","geometry":{"type":"Point","coordinates":[-48.112488,-15.844788]},"properties":{"kind":"FIXED","limit_kmh":50,"source":"DETRAN-DF","active":true,"direction_deg":null}},{"type":"Feature","geometry":{"type":"Point","coordinates":[-47.934998,-15.844788]},"properties":{"kind":"FIXED","limit_kmh":70,"source":"DETRAN-DF","active":true,"direction_deg":null}},{"type":"Feature","geometry":{"type":"Point","coordinates":[-47.939091,-15.844753]},"properties":{"kind":"FIXED","limit_kmh":70,"source":"OSM","active":true,"direction_deg":null}},{"type":"Feature","geometry":{"type":"Point","coordinates":[-47.939392,-15.844727]},"properties":{"kind":"FIXED","limit_kmh":70,"source":"DETRAN-DF","active":true,"direction_deg":null}},{"type":"Feature","geometry":{"type":"Point","coordinates":[-47.920898,-15.844604]},"properties":{"kind":"FIXED","limit_kmh":80,"source":"DETRAN-DF+OSM","active":true,"direction_deg":null}},{"type":"Feature","geometry":{"type":"Point","coordinates":[-47.931519,-15.844482]},"properties":{"kind":"FIXED","limit_kmh":80,"source":"DETRAN-DF","active":true,"direction_deg":null}},{"type":"Feature","geometry":{"type":"Point","coordinates":[-47.953979,-15.844299]},"properties":{"kind":"FIXED","limit_kmh":80,"source":"DETRAN-DF","active":true,"direction_deg":null}},{"type":"Feature","geometry":{"type":"Point","coordinates":[-47.940491,-15.844299]},"properties":{"kind":"FIXED","limit_kmh":70,"source":"DETRAN-DF+OSM","active":true,"direction_deg":null}},{"type":"Feature","geometry":{"type":"Point","coordinates":[-47.938293,-15.844299]},"properties":{"kind":"FIXED","limit_kmh":60,"source":"DETRAN-DF+OSM","active":true,"direction_deg":null}},{"type":"Feature","geometry":{"type":"Point","coordinates":[-47.891296,-15.844177]},"properties":{"kind":"FIXED","limit_kmh":70,"source":"DETRAN-DF","active":true,"direction_deg":null}},{"type":"Feature","geometry":{"type":"Point","coordinates":[-47.818909,-15.844177]},"properties":{"kind":"FIXED","limit_kmh":80,"source":"DETRAN-DF","active":true,"direction_deg":null}},{"type":"Feature","geometry":{"type":"Point","coordinates":[-48.03241,-15.843994]},"properties":{"kind":"FIXED","limit_kmh":null,"source":"DETRAN-DF","active":true,"direction_deg":null}},{"type":"Feature","geometry":{"type":"Point","coordinates":[-47.943481,-15.843994]},"properties":{"kind":"FIXED","limit_kmh":60,"source":"DETRAN-DF","active":true,"direction_deg":null}},{"type":"Feature","geometry":{"type":"Point","coordinates":[-47.819262,-15.843942]},"properties":{"kind":"FIXED","limit_kmh":80,"source":"OSM","active":true,"direction_deg":null}},{"type":"Feature","geometry":{"type":"Point","coordinates":[-47.890808,-15.843689]},"properties":{"kind":"FIXED","limit_kmh":70,"source":"DETRAN-DF","active":true,"direction_deg":null}},{"type":"Feature","geometry":{"type":"Point","coordinates":[-47.94458,-15.843506]},"properties":{"kind":"FIXED","limit_kmh":70,"source":"DETRAN-DF","active":true,"direction_deg":null}},{"type":"Feature","geometry":{"type":"Point","coordinates":[-47.94342,-15.843506]},"properties":{"kind":"FIXED","limit_kmh":70,"source":"DETRAN-DF","active":true,"direction_deg":null}},{"type":"Feature","geometry":{"type":"Point","coordinates":[-47.850586,-15.843506]},"properties":{"kind":"FIXED","limit_kmh":70,"source":"DETRAN-DF+OSM","active":true,"direction_deg":null}},{"type":"Feature","geometry":{"type":"Point","coordinates":[-48.103564,-15.843432]},"properties":{"kind":"FIXED","limit_kmh":60,"source":"OSM","active":true,"direction_deg":null}},{"type":"Feature","geometry":{"type":"Point","coordinates":[-47.917419,-15.843384]},"properties":{"kind":"FIXED","limit_kmh":80,"source":"DETRAN-DF","active":true,"direction_deg":null}},{"type":"Feature","geometry":{"type":"Point","coordinates":[-47.91748,-15.843201]},"properties":{"kind":"FIXED","limit_kmh":80,"source":"DETRAN-DF","active":true,"direction_deg":null}},{"type":"Feature","geometry":{"type":"Point","coordinates":[-47.850466,-15.843182]},"properties":{"kind":"FIXED","limit_kmh":null,"source":"OSM","active":true,"direction_deg":null}},{"type":"Feature","geometry":{"type":"Point","coordinates":[-47.849609,-15.843018]},"properties":{"kind":"FIXED","limit_kmh":70,"source":"DETRAN-DF","active":true,"direction_deg":null}},{"type":"Feature","geometry":{"type":"Point","coordinates":[-47.982483,-15.842896]},"properties":{"kind":"FIXED","limit_kmh":null,"source":"DETRAN-DF","active":true,"direction_deg":null}},{"type":"Feature","geometry":{"type":"Point","coordinates":[-48.001526,-15.842712]},"properties":{"kind":"FIXED","limit_kmh":60,"source":"DETRAN-DF","active":true,"direction_deg":null}},{"type":"Feature","geometry":{"type":"Point","coordinates":[-48.102783,-15.84259]},"properties":{"kind":"FIXED","limit_kmh":60,"source":"DETRAN-DF","active":true,"direction_deg":null}},{"type":"Feature","geometry":{"type":"Point","coordinates":[-47.869995,-15.842529]},"properties":{"kind":"FIXED","limit_kmh":70,"source":"DETRAN-DF","active":true,"direction_deg":null}},{"type":"Feature","geometry":{"type":"Point","coordinates":[-47.94751,-15.842285]},"properties":{"kind":"FIXED","limit_kmh":70,"source":"DETRAN-DF","active":true,"direction_deg":null}},{"type":"Feature","geometry":{"type":"Point","coordinates":[-47.844421,-15.842285]},"properties":{"kind":"FIXED","limit_kmh":70,"source":"DETRAN-DF+OSM","active":true,"direction_deg":null}},{"type":"Feature","geometry":{"type":"Point","coordinates":[-47.947021,-15.842224]},"properties":{"kind":"FIXED","limit_kmh":60,"source":"DETRAN-DF","active":true,"direction_deg":null}},{"type":"Feature","geometry":{"type":"Point","coordinates":[-48.0755,-15.841919]},"properties":{"kind":"FIXED","limit_kmh":60,"source":"DETRAN-DF","active":true,"direction_deg":null}},{"type":"Feature","geometry":{"type":"Point","coordinates":[-48.045715,-15.841919]},"properties":{"kind":"FIXED","limit_kmh":60,"source":"DETRAN-DF","active":true,"direction_deg":null}},{"type":"Feature","geometry":{"type":"Point","coordinates":[-47.842712,-15.841675]},"properties":{"kind":"FIXED","limit_kmh":70,"source":"DETRAN-DF","active":true,"direction_deg":null}},{"type":"Feature","geometry":{"type":"Point","coordinates":[-48.029175,-15.841614]},"properties":{"kind":"FIXED","limit_kmh":60,"source":"DETRAN-DF","active":true,"direction_deg":null}},{"type":"Feature","geometry":{"type":"Point","coordinates":[-48.02533,-15.841614]},"properties":{"kind":"FIXED","limit_kmh":null,"source":"DETRAN-DF","active":true,"direction_deg":null}},{"type":"Feature","geometry":{"type":"Point","coordinates":[-47.950195,-15.841614]},"properties":{"kind":"FIXED","limit_kmh":70,"source":"DETRAN-DF","active":true,"direction_deg":null}},{"type":"Feature","geometry":{"type":"Point","coordinates":[-47.897583,-15.841614]},"properties":{"kind":"FIXED","limit_kmh":50,"source":"DETRAN-DF+OSM","active":true,"direction_deg":null}},{"type":"Feature","geometry":{"type":"Point","coordinates":[-48.029798,-15.841593]},"properties":{"kind":"FIXED","limit_kmh":50,"source":"OSM","active":true,"direction_deg":null}},{"type":"Feature","geometry":{"type":"Point","coordinates":[-47.886108,-15.841492]},"properties":{"kind":"FIXED","limit_kmh":70,"source":"DETRAN-DF","active":true,"direction_deg":null}},{"type":"Feature","geometry":{"type":"Point","coordinates":[-48.046204,-15.841309]},"properties":{"kind":"FIXED","limit_kmh":60,"source":"DETRAN-DF","active":true,"direction_deg":null}},{"type":"Feature","geometry":{"type":"Point","coordinates":[-47.886292,-15.841309]},"properties":{"kind":"FIXED","limit_kmh":70,"source":"DETRAN-DF","active":true,"direction_deg":null}},{"type":"Feature","geometry":{"type":"Point","coordinates":[-47.869202,-15.841309]},"properties":{"kind":"FIXED","limit_kmh":70,"source":"DETRAN-DF","active":true,"direction_deg":null}},{"type":"Feature","geometry":{"type":"Point","coordinates":[-47.912109,-15.841187]},"properties":{"kind":"FIXED","limit_kmh":80,"source":"DETRAN-DF","active":true,"direction_deg":null}},{"type":"Feature","geometry":{"type":"Point","coordinates":[-47.822998,-15.841187]},"properties":{"kind":"FIXED","limit_kmh":80,"source":"DETRAN-DF","active":true,"direction_deg":null}},{"type":"Feature","geometry":{"type":"Point","coordinates":[-47.983582,-15.841125]},"properties":{"kind":"FIXED","limit_kmh":60,"source":"DETRAN-DF","active":true,"direction_deg":null}},{"type":"Feature","geometry":{"type":"Point","coordinates":[-47.983521,-15.841003]},"properties":{"kind":"FIXED","limit_kmh":60,"source":"DETRAN-DF","active":true,"direction_deg":null}},{"type":"Feature","geometry":{"type":"Point","coordinates":[-48.046363,-15.840964]},"properties":{"kind":"FIXED","limit_kmh":null,"source":"OSM","active":true,"direction_deg":null}},{"type":"Feature","geometry":{"type":"Point","coordinates":[-48.049377,-15.840698]},"properties":{"kind":"FIXED","limit_kmh":60,"source":"DETRAN-DF","active":true,"direction_deg":null}},{"type":"Feature","geometry":{"type":"Point","coordinates":[-47.825684,-15.840576]},"properties":{"kind":"FIXED","limit_kmh":null,"source":"DETRAN-DF","active":true,"direction_deg":null}},{"type":"Feature","geometry":{"type":"Point","coordinates":[-48.00238,-15.840515]},"properties":{"kind":"FIXED","limit_kmh":50,"source":"DETRAN-DF","active":true,"direction_deg":null}},{"type":"Feature","geometry":{"type":"Point","coordinates":[-47.921692,-15.840393]},"properties":{"kind":"FIXED","limit_kmh":60,"source":"DETRAN-DF","active":true,"direction_deg":null}},{"type":"Feature","geometry":{"type":"Point","coordinates":[-47.968323,-15.84021]},"properties":{"kind":"FIXED","limit_kmh":60,"source":"DETRAN-DF","active":true,"direction_deg":null}},{"type":"Feature","geometry":{"type":"Point","coordinates":[-47.954407,-15.84021]},"properties":{"kind":"FIXED","limit_kmh":70,"source":"DETRAN-DF","active":true,"direction_deg":null}},{"type":"Feature","geometry":{"type":"Point","coordinates":[-47.967712,-15.840088]},"properties":{"kind":"FIXED","limit_kmh":60,"source":"DETRAN-DF","active":true,"direction_deg":null}},{"type":"Feature","geometry":{"type":"Point","coordinates":[-47.930786,-15.840027]},"properties":{"kind":"FIXED","limit_kmh":80,"source":"DETRAN-DF","active":true,"direction_deg":null}},{"type":"Feature","geometry":{"type":"Point","coordinates":[-48.020203,-15.839905]},"properties":{"kind":"FIXED","limit_kmh":null,"source":"DETRAN-DF","active":true,"direction_deg":null}},{"type":"Feature","geometry":{"type":"Point","coordinates":[-47.877014,-15.839417]},"properties":{"kind":"FIXED","limit_kmh":null,"source":"DETRAN-DF","active":true,"direction_deg":null}},{"type":"Feature","geometry":{"type":"Point","coordinates":[-48.038879,-15.839111]},"properties":{"kind":"FIXED","limit_kmh":null,"source":"DETRAN-DF","active":true,"direction_deg":null}},{"type":"Feature","geometry":{"type":"Point","coordinates":[-48.018616,-15.839111]},"properties":{"kind":"FIXED","limit_kmh":null,"source":"DETRAN-DF","active":true,"direction_deg":null}},{"type":"Feature","geometry":{"type":"Point","coordinates":[-47.952393,-15.839111]},"properties":{"kind":"FIXED","limit_kmh":null,"source":"DETRAN-DF","active":true,"direction_deg":null}},{"type":"Feature","geometry":{"type":"Point","coordinates":[-48.038818,-15.838928]},"properties":{"kind":"FIXED","limit_kmh":null,"source":"DETRAN-DF","active":true,"direction_deg":null}},{"type":"Feature","geometry":{"type":"Point","coordinates":[-47.807007,-15.838928]},"properties":{"kind":"FIXED","limit_kmh":null,"source":"DETRAN-DF","active":true,"direction_deg":null}},{"type":"Feature","geometry":{"type":"Point","coordinates":[-48.047607,-15.838623]},"properties":{"kind":"FIXED","limit_kmh":60,"source":"DETRAN-DF","active":true,"direction_deg":null}},{"type":"Feature","geometry":{"type":"Point","coordinates":[-47.95929,-15.838623]},"properties":{"kind":"FIXED","limit_kmh":70,"source":"DETRAN-DF","active":true,"direction_deg":null}},{"type":"Feature","geometry":{"type":"Point","coordinates":[-47.984802,-15.838501]},"properties":{"kind":"FIXED","limit_kmh":null,"source":"DETRAN-DF","active":true,"direction_deg":null}},{"type":"Feature","geometry":{"type":"Point","coordinates":[-48.029715,-15.838406]},"properties":{"kind":"FIXED","limit_kmh":50,"source":"OSM","active":true,"direction_deg":null}},{"type":"Feature","geometry":{"type":"Point","coordinates":[-48.03009,-15.838379]},"properties":{"kind":"FIXED","limit_kmh":60,"source":"DETRAN-DF","active":true,"direction_deg":null}},{"type":"Feature","geometry":{"type":"Point","coordinates":[-48.020081,-15.838379]},"properties":{"kind":"FIXED","limit_kmh":null,"source":"DETRAN-DF","active":true,"direction_deg":null}},{"type":"Feature","geometry":{"type":"Point","coordinates":[-47.953186,-15.838379]},"properties":{"kind":"FIXED","limit_kmh":80,"source":"DETRAN-DF","active":true,"direction_deg":null}},{"type":"Feature","geometry":{"type":"Point","coordinates":[-47.876892,-15.838379]},"properties":{"kind":"FIXED","limit_kmh":null,"source":"DETRAN-DF","active":true,"direction_deg":null}},{"type":"Feature","geometry":{"type":"Point","coordinates":[-48.047788,-15.83831]},"properties":{"kind":"FIXED","limit_kmh":null,"source":"OSM","active":true,"direction_deg":null}},{"type":"Feature","geometry":{"type":"Point","coordinates":[-48.047302,-15.838196]},"properties":{"kind":"FIXED","limit_kmh":60,"source":"DETRAN-DF+OSM","active":true,"direction_deg":null}},{"type":"Feature","geometry":{"type":"Point","coordinates":[-48.027588,-15.838196]},"properties":{"kind":"FIXED","limit_kmh":null,"source":"DETRAN-DF","active":true,"direction_deg":null}},{"type":"Feature","geometry":{"type":"Point","coordinates":[-48.02063,-15.838196]},"properties":{"kind":"FIXED","limit_kmh":50,"source":"DETRAN-DF","active":true,"direction_deg":null}},{"type":"Feature","geometry":{"type":"Point","coordinates":[-48.020508,-15.838196]},"properties":{"kind":"FIXED","limit_kmh":50,"source":"DETRAN-DF","active":true,"direction_deg":null}},{"type":"Feature","geometry":{"type":"Point","coordinates":[-47.905884,-15.838196]},"properties":{"kind":"FIXED","limit_kmh":80,"source":"DETRAN-DF","active":true,"direction_deg":null}},{"type":"Feature","geometry":{"type":"Point","coordinates":[-48.020813,-15.838013]},"properties":{"kind":"FIXED","limit_kmh":null,"source":"DETRAN-DF","active":true,"direction_deg":null}},{"type":"Feature","geometry":{"type":"Point","coordinates":[-47.918823,-15.838013]},"properties":{"kind":"FIXED","limit_kmh":60,"source":"DETRAN-DF+OSM","active":true,"direction_deg":null}},{"type":"Feature","geometry":{"type":"Point","coordinates":[-48.044189,-15.837891]},"properties":{"kind":"FIXED","limit_kmh":null,"source":"DETRAN-DF","active":true,"direction_deg":null}},{"type":"Feature","geometry":{"type":"Point","coordinates":[-48.019104,-15.837891]},"properties":{"kind":"FIXED","limit_kmh":null,"source":"DETRAN-DF","active":true,"direction_deg":null}},{"type":"Feature","geometry":{"type":"Point","coordinates":[-48.015808,-15.837891]},"properties":{"kind":"FIXED","limit_kmh":60,"source":"DETRAN-DF+OSM","active":true,"direction_deg":null}},{"type":"Feature","geometry":{"type":"Point","coordinates":[-48.035706,-15.83783]},"properties":{"kind":"FIXED","limit_kmh":null,"source":"DETRAN-DF","active":true,"direction_deg":null}},{"type":"Feature","geometry":{"type":"Point","coordinates":[-48.023621,-15.83783]},"properties":{"kind":"FIXED","limit_kmh":60,"source":"DETRAN-DF+OSM","active":true,"direction_deg":null}},{"type":"Feature","geometry":{"type":"Point","coordinates":[-47.962402,-15.83783]},"properties":{"kind":"FIXED","limit_kmh":70,"source":"DETRAN-DF","active":true,"direction_deg":null}},{"type":"Feature","geometry":{"type":"Point","coordinates":[-48.035889,-15.837708]},"properties":{"kind":"FIXED","limit_kmh":null,"source":"DETRAN-DF","active":true,"direction_deg":null}},{"type":"Feature","geometry":{"type":"Point","coordinates":[-48.003784,-15.837708]},"properties":{"kind":"FIXED","limit_kmh":50,"source":"DETRAN-DF","active":true,"direction_deg":null}},{"type":"Feature","geometry":{"type":"Point","coordinates":[-47.918579,-15.837708]},"properties":{"kind":"FIXED","limit_kmh":60,"source":"DETRAN-DF","active":true,"direction_deg":null}},{"type":"Feature","geometry":{"type":"Point","coordinates":[-47.985413,-15.837585]},"properties":{"kind":"FIXED","limit_kmh":null,"source":"DETRAN-DF","active":true,"direction_deg":null}},{"type":"Feature","geometry":{"type":"Point","coordinates":[-47.929504,-15.837585]},"properties":{"kind":"FIXED","limit_kmh":60,"source":"DETRAN-DF+OSM","active":true,"direction_deg":null}},{"type":"Feature","geometry":{"type":"Point","coordinates":[-48.098328,-15.83728]},"properties":{"kind":"FIXED","limit_kmh":50,"source":"DETRAN-DF","active":true,"direction_deg":null}},{"type":"Feature","geometry":{"type":"Point","coordinates":[-48.038696,-15.83728]},"properties":{"kind":"FIXED","limit_kmh":60,"source":"DETRAN-DF+OSM","active":true,"direction_deg":null}},{"type":"Feature","geometry":{"type":"Point","coordinates":[-48.035278,-15.83728]},"properties":{"kind":"FIXED","limit_kmh":null,"source":"DETRAN-DF","active":true,"direction_deg":null}},{"type":"Feature","geometry":{"type":"Point","coordinates":[-48.018982,-15.83728]},"properties":{"kind":"FIXED","limit_kmh":null,"source":"DETRAN-DF","active":true,"direction_deg":null}},{"type":"Feature","geometry":{"type":"Point","coordinates":[-47.836609,-15.83728]},"properties":{"kind":"FIXED","limit_kmh":70,"source":"DETRAN-DF+OSM","active":true,"direction_deg":null}},{"type":"Feature","geometry":{"type":"Point","coordinates":[-48.047913,-15.837219]},"properties":{"kind":"FIXED","limit_kmh":60,"source":"DETRAN-DF","active":true,"direction_deg":null}},{"type":"Feature","geometry":{"type":"Point","coordinates":[-48.017395,-15.837219]},"properties":{"kind":"FIXED","limit_kmh":null,"source":"DETRAN-DF","active":true,"direction_deg":null}},{"type":"Feature","geometry":{"type":"Point","coordinates":[-48.012878,-15.837219]},"properties":{"kind":"FIXED","limit_kmh":null,"source":"DETRAN-DF","active":true,"direction_deg":null}},{"type":"Feature","geometry":{"type":"Point","coordinates":[-48.109985,-15.837097]},"properties":{"kind":"FIXED","limit_kmh":60,"source":"DETRAN-DF","active":true,"direction_deg":null}},{"type":"Feature","geometry":{"type":"Point","coordinates":[-48.0354,-15.837097]},"properties":{"kind":"FIXED","limit_kmh":null,"source":"DETRAN-DF","active":true,"direction_deg":null}},{"type":"Feature","geometry":{"type":"Point","coordinates":[-48.028992,-15.837097]},"properties":{"kind":"FIXED","limit_kmh":null,"source":"DETRAN-DF","active":true,"direction_deg":null}},{"type":"Feature","geometry":{"type":"Point","coordinates":[-48.010925,-15.837097]},"properties":{"kind":"FIXED","limit_kmh":null,"source":"DETRAN-DF","active":true,"direction_deg":null}},{"type":"Feature","geometry":{"type":"Point","coordinates":[-48.090393,-15.836975]},"properties":{"kind":"FIXED","limit_kmh":60,"source":"DETRAN-DF","active":true,"direction_deg":null}},{"type":"Feature","geometry":{"type":"Point","coordinates":[-47.871399,-15.836975]},"properties":{"kind":"FIXED","limit_kmh":null,"source":"DETRAN-DF","active":true,"direction_deg":null}},{"type":"Feature","geometry":{"type":"Point","coordinates":[-47.872498,-15.836914]},"properties":{"kind":"FIXED","limit_kmh":null,"source":"DETRAN-DF","active":true,"direction_deg":null}},{"type":"Feature","geometry":{"type":"Point","coordinates":[-48.007996,-15.836792]},"properties":{"kind":"FIXED","limit_kmh":null,"source":"DETRAN-DF","active":true,"direction_deg":null}},{"type":"Feature","geometry":{"type":"Point","coordinates":[-47.835888,-15.836633]},"properties":{"kind":"FIXED","limit_kmh":null,"source":"OSM","active":true,"direction_deg":null}},{"type":"Feature","geometry":{"type":"Point","coordinates":[-48.059387,-15.836609]},"properties":{"kind":"FIXED","limit_kmh":60,"source":"DETRAN-DF","active":true,"direction_deg":null}},{"type":"Feature","geometry":{"type":"Point","coordinates":[-48.048584,-15.836609]},"properties":{"kind":"FIXED","limit_kmh":60,"source":"DETRAN-DF+OSM","active":true,"direction_deg":null}},{"type":"Feature","geometry":{"type":"Point","coordinates":[-48.016113,-15.836609]},"properties":{"kind":"FIXED","limit_kmh":null,"source":"DETRAN-DF","active":true,"direction_deg":null}},{"type":"Feature","geometry":{"type":"Point","coordinates":[-48.008118,-15.836609]},"properties":{"kind":"FIXED","limit_kmh":null,"source":"DETRAN-DF","active":true,"direction_deg":null}},{"type":"Feature","geometry":{"type":"Point","coordinates":[-48.090576,-15.836487]},"properties":{"kind":"FIXED","limit_kmh":60,"source":"DETRAN-DF","active":true,"direction_deg":null}},{"type":"Feature","geometry":{"type":"Point","coordinates":[-48.066406,-15.836487]},"properties":{"kind":"FIXED","limit_kmh":50,"source":"DETRAN-DF+OSM","active":true,"direction_deg":null}},{"type":"Feature","geometry":{"type":"Point","coordinates":[-47.82489,-15.836487]},"properties":{"kind":"FIXED","limit_kmh":80,"source":"DETRAN-DF+OSM","active":true,"direction_deg":null}},{"type":"Feature","geometry":{"type":"Point","coordinates":[-48.008606,-15.836426]},"properties":{"kind":"FIXED","limit_kmh":null,"source":"DETRAN-DF","active":true,"direction_deg":null}},{"type":"Feature","geometry":{"type":"Point","coordinates":[-48.207397,-15.836304]},"properties":{"kind":"FIXED","limit_kmh":80,"source":"DETRAN-DF","active":true,"direction_deg":null}},{"type":"Feature","geometry":{"type":"Point","coordinates":[-48.032288,-15.836304]},"properties":{"kind":"FIXED","limit_kmh":null,"source":"DETRAN-DF","active":true,"direction_deg":null}},{"type":"Feature","geometry":{"type":"Point","coordinates":[-48.009094,-15.836182]},"properties":{"kind":"FIXED","limit_kmh":null,"source":"DETRAN-DF","active":true,"direction_deg":null}},{"type":"Feature","geometry":{"type":"Point","coordinates":[-48.099182,-15.836121]},"properties":{"kind":"FIXED","limit_kmh":50,"source":"DETRAN-DF","active":true,"direction_deg":null}},{"type":"Feature","geometry":{"type":"Point","coordinates":[-47.92041,-15.836121]},"properties":{"kind":"FIXED","limit_kmh":null,"source":"DETRAN-DF","active":true,"direction_deg":null}},{"type":"Feature","geometry":{"type":"Point","coordinates":[-47.973511,-15.835999]},"properties":{"kind":"FIXED","limit_kmh":60,"source":"DETRAN-DF+OSM","active":true,"direction_deg":null}},{"type":"Feature","geometry":{"type":"Point","coordinates":[-47.867187,-15.835999]},"properties":{"kind":"FIXED","limit_kmh":null,"source":"DETRAN-DF","active":true,"direction_deg":null}},{"type":"Feature","geometry":{"type":"Point","coordinates":[-47.835279,-15.835952]},"properties":{"kind":"FIXED","limit_kmh":null,"source":"OSM","active":true,"direction_deg":null}},{"type":"Feature","geometry":{"type":"Point","coordinates":[-48.064026,-15.835876]},"properties":{"kind":"FIXED","limit_kmh":50,"source":"DETRAN-DF+OSM","active":true,"direction_deg":null}},{"type":"Feature","geometry":{"type":"Point","coordinates":[-47.971375,-15.835876]},"properties":{"kind":"FIXED","limit_kmh":60,"source":"DETRAN-DF+OSM","active":true,"direction_deg":null}},{"type":"Feature","geometry":{"type":"Point","coordinates":[-47.921509,-15.835876]},"properties":{"kind":"FIXED","limit_kmh":null,"source":"DETRAN-DF","active":true,"direction_deg":null}},{"type":"Feature","geometry":{"type":"Point","coordinates":[-47.868713,-15.835876]},"properties":{"kind":"FIXED","limit_kmh":null,"source":"DETRAN-DF","active":true,"direction_deg":null}},{"type":"Feature","geometry":{"type":"Point","coordinates":[-48.017029,-15.835815]},"properties":{"kind":"FIXED","limit_kmh":null,"source":"DETRAN-DF","active":true,"direction_deg":null}},{"type":"Feature","geometry":{"type":"Point","coordinates":[-47.86969,-15.835815]},"properties":{"kind":"FIXED","limit_kmh":null,"source":"DETRAN-DF","active":true,"direction_deg":null}},{"type":"Feature","geometry":{"type":"Point","coordinates":[-47.870605,-15.835693]},"properties":{"kind":"FIXED","limit_kmh":null,"source":"DETRAN-DF","active":true,"direction_deg":null}},{"type":"Feature","geometry":{"type":"Point","coordinates":[-47.921814,-15.835388]},"properties":{"kind":"FIXED","limit_kmh":null,"source":"DETRAN-DF","active":true,"direction_deg":null}},{"type":"Feature","geometry":{"type":"Point","coordinates":[-47.834412,-15.835388]},"properties":{"kind":"FIXED","limit_kmh":70,"source":"DETRAN-DF","active":true,"direction_deg":null}},{"type":"Feature","geometry":{"type":"Point","coordinates":[-48.105713,-15.835327]},"properties":{"kind":"FIXED","limit_kmh":60,"source":"DETRAN-DF","active":true,"direction_deg":null}},{"type":"Feature","geometry":{"type":"Point","coordinates":[-48.060181,-15.835327]},"properties":{"kind":"FIXED","limit_kmh":60,"source":"DETRAN-DF","active":true,"direction_deg":null}},{"type":"Feature","geometry":{"type":"Point","coordinates":[-48.099487,-15.835083]},"properties":{"kind":"FIXED","limit_kmh":60,"source":"DETRAN-DF","active":true,"direction_deg":null}},{"type":"Feature","geometry":{"type":"Point","coordinates":[-47.818909,-15.835083]},"properties":{"kind":"FIXED","limit_kmh":70,"source":"DETRAN-DF","active":true,"direction_deg":null}},{"type":"Feature","geometry":{"type":"Point","coordinates":[-47.923218,-15.835022]},"properties":{"kind":"FIXED","limit_kmh":null,"source":"DETRAN-DF","active":true,"direction_deg":null}},{"type":"Feature","geometry":{"type":"Point","coordinates":[-47.804077,-15.835022]},"properties":{"kind":"FIXED","limit_kmh":null,"source":"DETRAN-DF","active":true,"direction_deg":null}},{"type":"Feature","geometry":{"type":"Point","coordinates":[-47.818517,-15.834947]},"properties":{"kind":"FIXED","limit_kmh":70,"source":"OSM","active":true,"direction_deg":null}},{"type":"Feature","geometry":{"type":"Point","coordinates":[-48.017029,-15.8349]},"properties":{"kind":"FIXED","limit_kmh":60,"source":"DETRAN-DF+OSM","active":true,"direction_deg":null}},{"type":"Feature","geometry":{"type":"Point","coordinates":[-47.825806,-15.8349]},"properties":{"kind":"FIXED","limit_kmh":70,"source":"DETRAN-DF","active":true,"direction_deg":null}},{"type":"Feature","geometry":{"type":"Point","coordinates":[-48.021484,-15.834778]},"properties":{"kind":"FIXED","limit_kmh":null,"source":"DETRAN-DF","active":true,"direction_deg":null}},{"type":"Feature","geometry":{"type":"Point","coordinates":[-48.056702,-15.834717]},"properties":{"kind":"FIXED","limit_kmh":60,"source":"DETRAN-DF","active":true,"direction_deg":null}},{"type":"Feature","geometry":{"type":"Point","coordinates":[-48.036377,-15.834717]},"properties":{"kind":"FIXED","limit_kmh":60,"source":"DETRAN-DF+OSM","active":true,"direction_deg":null}},{"type":"Feature","geometry":{"type":"Point","coordinates":[-47.825195,-15.834717]},"properties":{"kind":"FIXED","limit_kmh":70,"source":"DETRAN-DF+OSM","active":true,"direction_deg":null}},{"type":"Feature","geometry":{"type":"Point","coordinates":[-48.031982,-15.834595]},"properties":{"kind":"FIXED","limit_kmh":null,"source":"DETRAN-DF","active":true,"direction_deg":null}},{"type":"Feature","geometry":{"type":"Point","coordinates":[-48.031006,-15.834595]},"properties":{"kind":"FIXED","limit_kmh":null,"source":"DETRAN-DF","active":true,"direction_deg":null}},{"type":"Feature","geometry":{"type":"Point","coordinates":[-48.02948,-15.834595]},"properties":{"kind":"FIXED","limit_kmh":null,"source":"DETRAN-DF","active":true,"direction_deg":null}},{"type":"Feature","geometry":{"type":"Point","coordinates":[-47.900372,-15.834534]},"properties":{"kind":"FIXED","limit_kmh":50,"source":"OSM","active":true,"direction_deg":null}},{"type":"Feature","geometry":{"type":"Point","coordinates":[-47.920105,-15.834412]},"properties":{"kind":"FIXED","limit_kmh":null,"source":"DETRAN-DF","active":true,"direction_deg":null}},{"type":"Feature","geometry":{"type":"Point","coordinates":[-47.823914,-15.834412]},"properties":{"kind":"FIXED","limit_kmh":40,"source":"DETRAN-DF","active":true,"direction_deg":null}},{"type":"Feature","geometry":{"type":"Point","coordinates":[-48.008911,-15.83429]},"properties":{"kind":"FIXED","limit_kmh":null,"source":"DETRAN-DF","active":true,"direction_deg":null}},{"type":"Feature","geometry":{"type":"Point","coordinates":[-47.952515,-15.834106]},"properties":{"kind":"FIXED","limit_kmh":60,"source":"DETRAN-DF","active":true,"direction_deg":null}},{"type":"Feature","geometry":{"type":"Point","coordinates":[-47.895203,-15.833984]},"properties":{"kind":"FIXED","limit_kmh":80,"source":"DETRAN-DF","active":true,"direction_deg":null}},{"type":"Feature","geometry":{"type":"Point","coordinates":[-48.057007,-15.833801]},"properties":{"kind":"FIXED","limit_kmh":60,"source":"DETRAN-DF","active":true,"direction_deg":null}},{"type":"Feature","geometry":{"type":"Point","coordinates":[-47.951904,-15.833801]},"properties":{"kind":"FIXED","limit_kmh":80,"source":"DETRAN-DF","active":true,"direction_deg":null}},{"type":"Feature","geometry":{"type":"Point","coordinates":[-48.089996,-15.833678]},"properties":{"kind":"FIXED","limit_kmh":60,"source":"OSM","active":true,"direction_deg":null}},{"type":"Feature","geometry":{"type":"Point","coordinates":[-48.056885,-15.833496]},"properties":{"kind":"FIXED","limit_kmh":60,"source":"DETRAN-DF","active":true,"direction_deg":null}},{"type":"Feature","geometry":{"type":"Point","coordinates":[-48.020081,-15.833496]},"properties":{"kind":"FIXED","limit_kmh":null,"source":"DETRAN-DF","active":true,"direction_deg":null}},{"type":"Feature","geometry":{"type":"Point","coordinates":[-48.005676,-15.833496]},"properties":{"kind":"FIXED","limit_kmh":60,"source":"DETRAN-DF","active":true,"direction_deg":null}},{"type":"Feature","geometry":{"type":"Point","coordinates":[-47.895081,-15.833496]},"properties":{"kind":"FIXED","limit_kmh":80,"source":"DETRAN-DF","active":true,"direction_deg":null}},{"type":"Feature","geometry":{"type":"Point","coordinates":[-47.802917,-15.833496]},"properties":{"kind":"FIXED","limit_kmh":null,"source":"DETRAN-DF","active":true,"direction_deg":null}},{"type":"Feature","geometry":{"type":"Point","coordinates":[-48.057238,-15.833269]},"properties":{"kind":"FIXED","limit_kmh":50,"source":"OSM","active":true,"direction_deg":null}},{"type":"Feature","geometry":{"type":"Point","coordinates":[-47.987,-15.833191]},"properties":{"kind":"FIXED","limit_kmh":null,"source":"DETRAN-DF","active":true,"direction_deg":null}},{"type":"Feature","geometry":{"type":"Point","coordinates":[-47.92511,-15.833191]},"properties":{"kind":"FIXED","limit_kmh":null,"source":"DETRAN-DF","active":true,"direction_deg":null}},{"type":"Feature","geometry":{"type":"Point","coordinates":[-47.877502,-15.833191]},"properties":{"kind":"FIXED","limit_kmh":null,"source":"DETRAN-DF","active":true,"direction_deg":null}},{"type":"Feature","geometry":{"type":"Point","coordinates":[-47.920593,-15.832886]},"properties":{"kind":"FIXED","limit_kmh":null,"source":"DETRAN-DF","active":true,"direction_deg":null}},{"type":"Feature","geometry":{"type":"Point","coordinates":[-47.919983,-15.832886]},"properties":{"kind":"FIXED","limit_kmh":null,"source":"DETRAN-DF","active":true,"direction_deg":null}},{"type":"Feature","geometry":{"type":"Point","coordinates":[-48.060913,-15.832581]},"properties":{"kind":"FIXED","limit_kmh":60,"source":"DETRAN-DF","active":true,"direction_deg":null}},{"type":"Feature","geometry":{"type":"Point","coordinates":[-47.924377,-15.832581]},"properties":{"kind":"FIXED","limit_kmh":null,"source":"DETRAN-DF","active":true,"direction_deg":null}},{"type":"Feature","geometry":{"type":"Point","coordinates":[-48.077209,-15.83252]},"properties":{"kind":"FIXED","limit_kmh":40,"source":"DETRAN-DF","active":true,"direction_deg":null}},{"type":"Feature","geometry":{"type":"Point","coordinates":[-47.921875,-15.832397]},"properties":{"kind":"FIXED","limit_kmh":80,"source":"DETRAN-DF","active":true,"direction_deg":null}},{"type":"Feature","geometry":{"type":"Point","coordinates":[-48.07727,-15.832242]},"properties":{"kind":"FIXED","limit_kmh":40,"source":"OSM","active":true,"direction_deg":null}},{"type":"Feature","geometry":{"type":"Point","coordinates":[-47.924194,-15.832214]},"properties":{"kind":"FIXED","limit_kmh":null,"source":"DETRAN-DF","active":true,"direction_deg":null}},{"type":"Feature","geometry":{"type":"Point","coordinates":[-48.096191,-15.832092]},"properties":{"kind":"FIXED","limit_kmh":60,"source":"DETRAN-DF","active":true,"direction_deg":null}},{"type":"Feature","geometry":{"type":"Point","coordinates":[-48.096497,-15.831909]},"properties":{"kind":"FIXED","limit_kmh":60,"source":"DETRAN-DF","active":true,"direction_deg":null}},{"type":"Feature","geometry":{"type":"Point","coordinates":[-47.925476,-15.831909]},"properties":{"kind":"FIXED","limit_kmh":null,"source":"DETRAN-DF","active":true,"direction_deg":null}},{"type":"Feature","geometry":{"type":"Point","coordinates":[-48.057678,-15.831787]},"properties":{"kind":"FIXED","limit_kmh":60,"source":"DETRAN-DF","active":true,"direction_deg":null}},{"type":"Feature","geometry":{"type":"Point","coordinates":[-47.921387,-15.831787]},"properties":{"kind":"FIXED","limit_kmh":80,"source":"DETRAN-DF","active":true,"direction_deg":null}},{"type":"Feature","geometry":{"type":"Point","coordinates":[-47.813666,-15.831769]},"properties":{"kind":"FIXED","limit_kmh":70,"source":"OSM","active":true,"direction_deg":null}},{"type":"Feature","geometry":{"type":"Point","coordinates":[-47.925781,-15.831726]},"properties":{"kind":"FIXED","limit_kmh":null,"source":"DETRAN-DF","active":true,"direction_deg":null}},{"type":"Feature","geometry":{"type":"Point","coordinates":[-48.09096,-15.831683]},"properties":{"kind":"FIXED","limit_kmh":60,"source":"OSM","active":true,"direction_deg":null}},{"type":"Feature","geometry":{"type":"Point","coordinates":[-47.876282,-15.831482]},"properties":{"kind":"FIXED","limit_kmh":null,"source":"DETRAN-DF","active":true,"direction_deg":null}},{"type":"Feature","geometry":{"type":"Point","coordinates":[-47.869019,-15.831482]},"properties":{"kind":"FIXED","limit_kmh":70,"source":"DETRAN-DF","active":true,"direction_deg":null}},{"type":"Feature","geometry":{"type":"Point","coordinates":[-48.057678,-15.831421]},"properties":{"kind":"FIXED","limit_kmh":40,"source":"DETRAN-DF","active":true,"direction_deg":null}},{"type":"Feature","geometry":{"type":"Point","coordinates":[-47.909485,-15.831421]},"properties":{"kind":"FIXED","limit_kmh":60,"source":"DETRAN-DF","active":true,"direction_deg":null}},{"type":"Feature","geometry":{"type":"Point","coordinates":[-47.825623,-15.831421]},"properties":{"kind":"FIXED","limit_kmh":60,"source":"DETRAN-DF+OSM","active":true,"direction_deg":null}},{"type":"Feature","geometry":{"type":"Point","coordinates":[-48.045593,-15.831299]},"properties":{"kind":"FIXED","limit_kmh":80,"source":"DETRAN-DF","active":true,"direction_deg":null}},{"type":"Feature","geometry":{"type":"Point","coordinates":[-47.875305,-15.831299]},"properties":{"kind":"FIXED","limit_kmh":null,"source":"DETRAN-DF","active":true,"direction_deg":null}},{"type":"Feature","geometry":{"type":"Point","coordinates":[-47.813293,-15.831299]},"properties":{"kind":"FIXED","limit_kmh":70,"source":"DETRAN-DF","active":true,"direction_deg":null}},{"type":"Feature","geometry":{"type":"Point","coordinates":[-47.909241,-15.831257]},"properties":{"kind":"FIXED","limit_kmh":60,"source":"OSM","active":true,"direction_deg":null}},{"type":"Feature","geometry":{"type":"Point","coordinates":[-48.04514,-15.83125]},"properties":{"kind":"FIXED","limit_kmh":80,"source":"OSM","active":true,"direction_deg":null}},{"type":"Feature","geometry":{"type":"Point","coordinates":[-48.05188,-15.831177]},"properties":{"kind":"FIXED","limit_kmh":null,"source":"DETRAN-DF","active":true,"direction_deg":null}},{"type":"Feature","geometry":{"type":"Point","coordinates":[-47.926208,-15.831177]},"properties":{"kind":"FIXED","limit_kmh":null,"source":"DETRAN-DF","active":true,"direction_deg":null}},{"type":"Feature","geometry":{"type":"Point","coordinates":[-47.922424,-15.831177]},"properties":{"kind":"FIXED","limit_kmh":null,"source":"DETRAN-DF","active":true,"direction_deg":null}},{"type":"Feature","geometry":{"type":"Point","coordinates":[-48.091187,-15.831116]},"properties":{"kind":"FIXED","limit_kmh":60,"source":"DETRAN-DF","active":true,"direction_deg":null}},{"type":"Feature","geometry":{"type":"Point","coordinates":[-48.045139,-15.830997]},"properties":{"kind":"FIXED","limit_kmh":80,"source":"OSM","active":true,"direction_deg":null}},{"type":"Feature","geometry":{"type":"Point","coordinates":[-48.05658,-15.830994]},"properties":{"kind":"FIXED","limit_kmh":null,"source":"DETRAN-DF","active":true,"direction_deg":null}},{"type":"Feature","geometry":{"type":"Point","coordinates":[-48.0448,-15.830994]},"properties":{"kind":"FIXED","limit_kmh":80,"source":"DETRAN-DF","active":true,"direction_deg":null}},{"type":"Feature","geometry":{"type":"Point","coordinates":[-47.925415,-15.830994]},"properties":{"kind":"FIXED","limit_kmh":null,"source":"DETRAN-DF","active":true,"direction_deg":null}},{"type":"Feature","geometry":{"type":"Point","coordinates":[-47.90918,-15.830994]},"properties":{"kind":"FIXED","limit_kmh":60,"source":"DETRAN-DF+OSM","active":true,"direction_deg":null}},{"type":"Feature","geometry":{"type":"Point","coordinates":[-47.922119,-15.830811]},"properties":{"kind":"FIXED","limit_kmh":null,"source":"DETRAN-DF","active":true,"direction_deg":null}},{"type":"Feature","geometry":{"type":"Point","coordinates":[-47.877502,-15.830811]},"properties":{"kind":"FIXED","limit_kmh":70,"source":"DETRAN-DF","active":true,"direction_deg":null}},{"type":"Feature","geometry":{"type":"Point","coordinates":[-47.876282,-15.830811]},"properties":{"kind":"FIXED","limit_kmh":null,"source":"DETRAN-DF","active":true,"direction_deg":null}},{"type":"Feature","geometry":{"type":"Point","coordinates":[-47.921814,-15.830688]},"properties":{"kind":"FIXED","limit_kmh":null,"source":"DETRAN-DF","active":true,"direction_deg":null}},{"type":"Feature","geometry":{"type":"Point","coordinates":[-47.914795,-15.830688]},"properties":{"kind":"FIXED","limit_kmh":null,"source":"DETRAN-DF","active":true,"direction_deg":null}},{"type":"Feature","geometry":{"type":"Point","coordinates":[-47.938599,-15.830627]},"properties":{"kind":"FIXED","limit_kmh":null,"source":"DETRAN-DF","active":true,"direction_deg":null}},{"type":"Feature","geometry":{"type":"Point","coordinates":[-47.920593,-15.830627]},"properties":{"kind":"FIXED","limit_kmh":60,"source":"DETRAN-DF","active":true,"direction_deg":null}},{"type":"Feature","geometry":{"type":"Point","coordinates":[-47.926086,-15.830505]},"properties":{"kind":"FIXED","limit_kmh":null,"source":"DETRAN-DF","active":true,"direction_deg":null}},{"type":"Feature","geometry":{"type":"Point","coordinates":[-48.054993,-15.830383]},"properties":{"kind":"FIXED","limit_kmh":null,"source":"DETRAN-DF","active":true,"direction_deg":null}},{"type":"Feature","geometry":{"type":"Point","coordinates":[-48.054199,-15.830383]},"properties":{"kind":"FIXED","limit_kmh":null,"source":"DETRAN-DF","active":true,"direction_deg":null}},{"type":"Feature","geometry":{"type":"Point","coordinates":[-48.036499,-15.830383]},"properties":{"kind":"FIXED","limit_kmh":60,"source":"DETRAN-DF+OSM","active":true,"direction_deg":null}},{"type":"Feature","geometry":{"type":"Point","coordinates":[-47.989502,-15.830383]},"properties":{"kind":"FIXED","limit_kmh":null,"source":"DETRAN-DF","active":true,"direction_deg":null}},{"type":"Feature","geometry":{"type":"Point","coordinates":[-48.040381,-15.830366]},"properties":{"kind":"FIXED","limit_kmh":80,"source":"OSM","active":true,"direction_deg":null}},{"type":"Feature","geometry":{"type":"Point","coordinates":[-48.095886,-15.830322]},"properties":{"kind":"FIXED","limit_kmh":60,"source":"DETRAN-DF","active":true,"direction_deg":null}},{"type":"Feature","geometry":{"type":"Point","coordinates":[-48.039978,-15.830322]},"properties":{"kind":"FIXED","limit_kmh":80,"source":"DETRAN-DF","active":true,"direction_deg":null}},{"type":"Feature","geometry":{"type":"Point","coordinates":[-48.109619,-15.8302]},"properties":{"kind":"FIXED","limit_kmh":50,"source":"DETRAN-DF","active":true,"direction_deg":null}},{"type":"Feature","geometry":{"type":"Point","coordinates":[-48.091492,-15.8302]},"properties":{"kind":"FIXED","limit_kmh":null,"source":"DETRAN-DF","active":true,"direction_deg":null}},{"type":"Feature","geometry":{"type":"Point","coordinates":[-48.078186,-15.8302]},"properties":{"kind":"FIXED","limit_kmh":40,"source":"DETRAN-DF","active":true,"direction_deg":null}},{"type":"Feature","geometry":{"type":"Point","coordinates":[-48.054382,-15.8302]},"properties":{"kind":"FIXED","limit_kmh":null,"source":"DETRAN-DF","active":true,"direction_deg":null}},{"type":"Feature","geometry":{"type":"Point","coordinates":[-48.053894,-15.8302]},"properties":{"kind":"FIXED","limit_kmh":null,"source":"DETRAN-DF","active":true,"direction_deg":null}},{"type":"Feature","geometry":{"type":"Point","coordinates":[-48.036987,-15.8302]},"properties":{"kind":"FIXED","limit_kmh":80,"source":"DETRAN-DF+OSM","active":true,"direction_deg":null}},{"type":"Feature","geometry":{"type":"Point","coordinates":[-47.926392,-15.8302]},"properties":{"kind":"FIXED","limit_kmh":null,"source":"DETRAN-DF","active":true,"direction_deg":null}},{"type":"Feature","geometry":{"type":"Point","coordinates":[-47.922791,-15.8302]},"properties":{"kind":"FIXED","limit_kmh":null,"source":"DETRAN-DF","active":true,"direction_deg":null}},{"type":"Feature","geometry":{"type":"Point","coordinates":[-48.051392,-15.830078]},"properties":{"kind":"FIXED","limit_kmh":60,"source":"DETRAN-DF+OSM","active":true,"direction_deg":null}},{"type":"Feature","geometry":{"type":"Point","coordinates":[-48.051208,-15.830078]},"properties":{"kind":"FIXED","limit_kmh":60,"source":"DETRAN-DF","active":true,"direction_deg":null}},{"type":"Feature","geometry":{"type":"Point","coordinates":[-48.016602,-15.830078]},"properties":{"kind":"FIXED","limit_kmh":null,"source":"DETRAN-DF","active":true,"direction_deg":null}},{"type":"Feature","geometry":{"type":"Point","coordinates":[-47.826826,-15.83002]},"properties":{"kind":"FIXED","limit_kmh":60,"source":"OSM","active":true,"direction_deg":null}},{"type":"Feature","geometry":{"type":"Point","coordinates":[-47.92688,-15.830017]},"properties":{"kind":"FIXED","limit_kmh":null,"source":"DETRAN-DF","active":true,"direction_deg":null}},{"type":"Feature","geometry":{"type":"Point","coordinates":[-47.913879,-15.830017]},"properties":{"kind":"FIXED","limit_kmh":null,"source":"DETRAN-DF","active":true,"direction_deg":null}},{"type":"Feature","geometry":{"type":"Point","coordinates":[-48.083313,-15.829712]},"properties":{"kind":"FIXED","limit_kmh":50,"source":"DETRAN-DF","active":true,"direction_deg":null}},{"type":"Feature","geometry":{"type":"Point","coordinates":[-48.007202,-15.829712]},"properties":{"kind":"FIXED","limit_kmh":60,"source":"DETRAN-DF+OSM","active":true,"direction_deg":null}},{"type":"Feature","geometry":{"type":"Point","coordinates":[-47.923096,-15.829712]},"properties":{"kind":"FIXED","limit_kmh":null,"source":"DETRAN-DF","active":true,"direction_deg":null}},{"type":"Feature","geometry":{"type":"Point","coordinates":[-47.922791,-15.829712]},"properties":{"kind":"FIXED","limit_kmh":null,"source":"DETRAN-DF","active":true,"direction_deg":null}},{"type":"Feature","geometry":{"type":"Point","coordinates":[-47.914612,-15.829712]},"properties":{"kind":"FIXED","limit_kmh":null,"source":"DETRAN-DF","active":true,"direction_deg":null}},{"type":"Feature","geometry":{"type":"Point","coordinates":[-47.919495,-15.82959]},"properties":{"kind":"FIXED","limit_kmh":60,"source":"DETRAN-DF","active":true,"direction_deg":null}},{"type":"Feature","geometry":{"type":"Point","coordinates":[-47.827087,-15.829407]},"properties":{"kind":"FIXED","limit_kmh":60,"source":"DETRAN-DF","active":true,"direction_deg":null}},{"type":"Feature","geometry":{"type":"Point","coordinates":[-48.110413,-15.829285]},"properties":{"kind":"FIXED","limit_kmh":50,"source":"DETRAN-DF","active":true,"direction_deg":null}},{"type":"Feature","geometry":{"type":"Point","coordinates":[-47.990906,-15.829285]},"properties":{"kind":"FIXED","limit_kmh":null,"source":"DETRAN-DF","active":true,"direction_deg":null}},{"type":"Feature","geometry":{"type":"Point","coordinates":[-47.91571,-15.829285]},"properties":{"kind":"FIXED","limit_kmh":null,"source":"DETRAN-DF","active":true,"direction_deg":null}},{"type":"Feature","geometry":{"type":"Point","coordinates":[-48.115784,-15.829224]},"properties":{"kind":"FIXED","limit_kmh":50,"source":"DETRAN-DF","active":true,"direction_deg":null}},{"type":"Feature","geometry":{"type":"Point","coordinates":[-47.924316,-15.829102]},"properties":{"kind":"FIXED","limit_kmh":null,"source":"DETRAN-DF","active":true,"direction_deg":null}},{"type":"Feature","geometry":{"type":"Point","coordinates":[-48.055481,-15.828979]},"properties":{"kind":"FIXED","limit_kmh":null,"source":"DETRAN-DF","active":true,"direction_deg":null}},{"type":"Feature","geometry":{"type":"Point","coordinates":[-48.05481,-15.828979]},"properties":{"kind":"FIXED","limit_kmh":null,"source":"DETRAN-DF","active":true,"direction_deg":null}},{"type":"Feature","geometry":{"type":"Point","coordinates":[-48.030212,-15.828979]},"properties":{"kind":"FIXED","limit_kmh":null,"source":"DETRAN-DF","active":true,"direction_deg":null}},{"type":"Feature","geometry":{"type":"Point","coordinates":[-47.827087,-15.828979]},"properties":{"kind":"FIXED","limit_kmh":60,"source":"DETRAN-DF+OSM","active":true,"direction_deg":null}},{"type":"Feature","geometry":{"type":"Point","coordinates":[-47.81073,-15.828979]},"properties":{"kind":"FIXED","limit_kmh":70,"source":"DETRAN-DF","active":true,"direction_deg":null}},{"type":"Feature","geometry":{"type":"Point","coordinates":[-48.034787,-15.828968]},"properties":{"kind":"FIXED","limit_kmh":60,"source":"OSM","active":true,"direction_deg":null}},{"type":"Feature","geometry":{"type":"Point","coordinates":[-48.083801,-15.828796]},"properties":{"kind":"FIXED","limit_kmh":50,"source":"DETRAN-DF","active":true,"direction_deg":null}},{"type":"Feature","geometry":{"type":"Point","coordinates":[-48.034485,-15.828796]},"properties":{"kind":"FIXED","limit_kmh":60,"source":"DETRAN-DF","active":true,"direction_deg":null}},{"type":"Feature","geometry":{"type":"Point","coordinates":[-47.81012,-15.828796]},"properties":{"kind":"FIXED","limit_kmh":70,"source":"DETRAN-DF","active":true,"direction_deg":null}},{"type":"Feature","geometry":{"type":"Point","coordinates":[-47.809823,-15.828614]},"properties":{"kind":"FIXED","limit_kmh":70,"source":"OSM","active":true,"direction_deg":null}},{"type":"Feature","geometry":{"type":"Point","coordinates":[-48.033325,-15.828613]},"properties":{"kind":"FIXED","limit_kmh":80,"source":"DETRAN-DF","active":true,"direction_deg":null}},{"type":"Feature","geometry":{"type":"Point","coordinates":[-47.924377,-15.828613]},"properties":{"kind":"FIXED","limit_kmh":null,"source":"DETRAN-DF","active":true,"direction_deg":null}},{"type":"Feature","geometry":{"type":"Point","coordinates":[-48.092224,-15.828491]},"properties":{"kind":"FIXED","limit_kmh":null,"source":"DETRAN-DF","active":true,"direction_deg":null}},{"type":"Feature","geometry":{"type":"Point","coordinates":[-48.055725,-15.828491]},"properties":{"kind":"FIXED","limit_kmh":null,"source":"DETRAN-DF","active":true,"direction_deg":null}},{"type":"Feature","geometry":{"type":"Point","coordinates":[-48.05481,-15.828491]},"properties":{"kind":"FIXED","limit_kmh":null,"source":"DETRAN-DF","active":true,"direction_deg":null}},{"type":"Feature","geometry":{"type":"Point","coordinates":[-48.007812,-15.828491]},"properties":{"kind":"FIXED","limit_kmh":60,"source":"DETRAN-DF+OSM","active":true,"direction_deg":null}},{"type":"Feature","geometry":{"type":"Point","coordinates":[-47.924194,-15.828308]},"properties":{"kind":"FIXED","limit_kmh":null,"source":"DETRAN-DF","active":true,"direction_deg":null}},{"type":"Feature","geometry":{"type":"Point","coordinates":[-47.915283,-15.828308]},"properties":{"kind":"FIXED","limit_kmh":60,"source":"DETRAN-DF","active":true,"direction_deg":null}},{"type":"Feature","geometry":{"type":"Point","coordinates":[-47.986206,-15.828186]},"properties":{"kind":"FIXED","limit_kmh":60,"source":"DETRAN-DF","active":true,"direction_deg":null}},{"type":"Feature","geometry":{"type":"Point","coordinates":[-48.116699,-15.828125]},"properties":{"kind":"FIXED","limit_kmh":50,"source":"DETRAN-DF","active":true,"direction_deg":null}},{"type":"Feature","geometry":{"type":"Point","coordinates":[-48.032517,-15.828061]},"properties":{"kind":"FIXED","limit_kmh":80,"source":"OSM","active":true,"direction_deg":null}},{"type":"Feature","geometry":{"type":"Point","coordinates":[-48.010803,-15.827881]},"properties":{"kind":"FIXED","limit_kmh":null,"source":"DETRAN-DF","active":true,"direction_deg":null}},{"type":"Feature","geometry":{"type":"Point","coordinates":[-47.99231,-15.82782]},"properties":{"kind":"FIXED","limit_kmh":null,"source":"DETRAN-DF","active":true,"direction_deg":null}},{"type":"Feature","geometry":{"type":"Point","coordinates":[-48.010803,-15.827698]},"properties":{"kind":"FIXED","limit_kmh":null,"source":"DETRAN-DF","active":true,"direction_deg":null}},{"type":"Feature","geometry":{"type":"Point","coordinates":[-47.934875,-15.827698]},"properties":{"kind":"FIXED","limit_kmh":null,"source":"DETRAN-DF","active":true,"direction_deg":null}},{"type":"Feature","geometry":{"type":"Point","coordinates":[-47.924316,-15.827698]},"properties":{"kind":"FIXED","limit_kmh":null,"source":"DETRAN-DF","active":true,"direction_deg":null}},{"type":"Feature","geometry":{"type":"Point","coordinates":[-47.91571,-15.827698]},"properties":{"kind":"FIXED","limit_kmh":80,"source":"DETRAN-DF","active":true,"direction_deg":null}},{"type":"Feature","geometry":{"type":"Point","coordinates":[-48.103699,-15.827576]},"properties":{"kind":"FIXED","limit_kmh":50,"source":"DETRAN-DF","active":true,"direction_deg":null}},{"type":"Feature","geometry":{"type":"Point","coordinates":[-48.062683,-15.827576]},"properties":{"kind":"FIXED","limit_kmh":60,"source":"DETRAN-DF","active":true,"direction_deg":null}},{"type":"Feature","geometry":{"type":"Point","coordinates":[-48.055908,-15.827576]},"properties":{"kind":"FIXED","limit_kmh":null,"source":"DETRAN-DF","active":true,"direction_deg":null}},{"type":"Feature","geometry":{"type":"Point","coordinates":[-48.055298,-15.827576]},"properties":{"kind":"FIXED","limit_kmh":null,"source":"DETRAN-DF","active":true,"direction_deg":null}},{"type":"Feature","geometry":{"type":"Point","coordinates":[-48.031006,-15.827576]},"properties":{"kind":"FIXED","limit_kmh":80,"source":"DETRAN-DF+OSM","active":true,"direction_deg":null}},{"type":"Feature","geometry":{"type":"Point","coordinates":[-47.9198,-15.827576]},"properties":{"kind":"FIXED","limit_kmh":null,"source":"DETRAN-DF","active":true,"direction_deg":null}},{"type":"Feature","geometry":{"type":"Point","coordinates":[-48.09729,-15.827087]},"properties":{"kind":"FIXED","limit_kmh":50,"source":"DETRAN-DF","active":true,"direction_deg":null}},{"type":"Feature","geometry":{"type":"Point","coordinates":[-47.920105,-15.827087]},"properties":{"kind":"FIXED","limit_kmh":null,"source":"DETRAN-DF","active":true,"direction_deg":null}},{"type":"Feature","geometry":{"type":"Point","coordinates":[-47.909302,-15.827087]},"properties":{"kind":"FIXED","limit_kmh":null,"source":"DETRAN-DF","active":true,"direction_deg":null}},{"type":"Feature","geometry":{"type":"Point","coordinates":[-47.974792,-15.827026]},"properties":{"kind":"FIXED","limit_kmh":50,"source":"DETRAN-DF","active":true,"direction_deg":null}},{"type":"Feature","geometry":{"type":"Point","coordinates":[-47.950806,-15.827026]},"properties":{"kind":"FIXED","limit_kmh":80,"source":"DETRAN-DF","active":true,"direction_deg":null}},{"type":"Feature","geometry":{"type":"Point","coordinates":[-48.056702,-15.826904]},"properties":{"kind":"FIXED","limit_kmh":null,"source":"DETRAN-DF","active":true,"direction_deg":null}},{"type":"Feature","geometry":{"type":"Point","coordinates":[-48.054199,-15.826782]},"properties":{"kind":"FIXED","limit_kmh":60,"source":"DETRAN-DF","active":true,"direction_deg":null}},{"type":"Feature","geometry":{"type":"Point","coordinates":[-47.917175,-15.826782]},"properties":{"kind":"FIXED","limit_kmh":null,"source":"DETRAN-DF","active":true,"direction_deg":null}},{"type":"Feature","geometry":{"type":"Point","coordinates":[-48.055603,-15.826721]},"properties":{"kind":"FIXED","limit_kmh":null,"source":"DETRAN-DF","active":true,"direction_deg":null}},{"type":"Feature","geometry":{"type":"Point","coordinates":[-47.926086,-15.826721]},"properties":{"kind":"FIXED","limit_kmh":60,"source":"DETRAN-DF","active":true,"direction_deg":null}},{"type":"Feature","geometry":{"type":"Point","coordinates":[-47.927612,-15.826599]},"properties":{"kind":"FIXED","limit_kmh":null,"source":"DETRAN-DF","active":true,"direction_deg":null}},{"type":"Feature","geometry":{"type":"Point","coordinates":[-47.91803,-15.826599]},"properties":{"kind":"FIXED","limit_kmh":null,"source":"DETRAN-DF","active":true,"direction_deg":null}},{"type":"Feature","geometry":{"type":"Point","coordinates":[-47.913025,-15.826599]},"properties":{"kind":"FIXED","limit_kmh":60,"source":"DETRAN-DF+OSM","active":true,"direction_deg":null}},{"type":"Feature","geometry":{"type":"Point","coordinates":[-48.054077,-15.826477]},"properties":{"kind":"FIXED","limit_kmh":60,"source":"DETRAN-DF+OSM","active":true,"direction_deg":null}},{"type":"Feature","geometry":{"type":"Point","coordinates":[-47.92041,-15.826477]},"properties":{"kind":"FIXED","limit_kmh":null,"source":"DETRAN-DF","active":true,"direction_deg":null}},{"type":"Feature","geometry":{"type":"Point","coordinates":[-47.917908,-15.826477]},"properties":{"kind":"FIXED","limit_kmh":null,"source":"DETRAN-DF","active":true,"direction_deg":null}},{"type":"Feature","geometry":{"type":"Point","coordinates":[-47.91748,-15.826477]},"properties":{"kind":"FIXED","limit_kmh":null,"source":"DETRAN-DF","active":true,"direction_deg":null}},{"type":"Feature","geometry":{"type":"Point","coordinates":[-47.90918,-15.826477]},"properties":{"kind":"FIXED","limit_kmh":null,"source":"DETRAN-DF","active":true,"direction_deg":null}},{"type":"Feature","geometry":{"type":"Point","coordinates":[-47.874329,-15.826477]},"properties":{"kind":"FIXED","limit_kmh":50,"source":"DETRAN-DF","active":true,"direction_deg":null}},{"type":"Feature","geometry":{"type":"Point","coordinates":[-47.992798,-15.826416]},"properties":{"kind":"FIXED","limit_kmh":null,"source":"DETRAN-DF","active":true,"direction_deg":null}},{"type":"Feature","geometry":{"type":"Point","coordinates":[-47.921387,-15.826416]},"properties":{"kind":"FIXED","limit_kmh":null,"source":"DETRAN-DF","active":true,"direction_deg":null}},{"type":"Feature","geometry":{"type":"Point","coordinates":[-48.00877,-15.826294]},"properties":{"kind":"FIXED","limit_kmh":60,"source":"OSM","active":true,"direction_deg":null}},{"type":"Feature","geometry":{"type":"Point","coordinates":[-48.059509,-15.826294]},"properties":{"kind":"FIXED","limit_kmh":60,"source":"DETRAN-DF","active":true,"direction_deg":null}},{"type":"Feature","geometry":{"type":"Point","coordinates":[-48.054438,-15.826255]},"properties":{"kind":"FIXED","limit_kmh":60,"source":"OSM","active":true,"direction_deg":null}},{"type":"Feature","geometry":{"type":"Point","coordinates":[-48.009015,-15.826155]},"properties":{"kind":"FIXED","limit_kmh":60,"source":"OSM","active":true,"direction_deg":null}},{"type":"Feature","geometry":{"type":"Point","coordinates":[-48.067017,-15.826111]},"properties":{"kind":"FIXED","limit_kmh":null,"source":"DETRAN-DF","active":true,"direction_deg":null}},{"type":"Feature","geometry":{"type":"Point","coordinates":[-47.975708,-15.826111]},"properties":{"kind":"FIXED","limit_kmh":50,"source":"DETRAN-DF","active":true,"direction_deg":null}},{"type":"Feature","geometry":{"type":"Point","coordinates":[-47.951111,-15.826111]},"properties":{"kind":"FIXED","limit_kmh":80,"source":"DETRAN-DF","active":true,"direction_deg":null}},{"type":"Feature","geometry":{"type":"Point","coordinates":[-47.918213,-15.826111]},"properties":{"kind":"FIXED","limit_kmh":null,"source":"DETRAN-DF","active":true,"direction_deg":null}},{"type":"Feature","geometry":{"type":"Point","coordinates":[-47.913208,-15.826111]},"properties":{"kind":"FIXED","limit_kmh":80,"source":"DETRAN-DF","active":true,"direction_deg":null}},{"type":"Feature","geometry":{"type":"Point","coordinates":[-48.092896,-15.825989]},"properties":{"kind":"FIXED","limit_kmh":60,"source":"DETRAN-DF","active":true,"direction_deg":null}},{"type":"Feature","geometry":{"type":"Point","coordinates":[-47.90918,-15.825989]},"properties":{"kind":"FIXED","limit_kmh":null,"source":"DETRAN-DF","active":true,"direction_deg":null}},{"type":"Feature","geometry":{"type":"Point","coordinates":[-48.0672,-15.825928]},"properties":{"kind":"FIXED","limit_kmh":null,"source":"DETRAN-DF","active":true,"direction_deg":null}},{"type":"Feature","geometry":{"type":"Point","coordinates":[-48.065979,-15.825806]},"properties":{"kind":"FIXED","limit_kmh":null,"source":"DETRAN-DF","active":true,"direction_deg":null}},{"type":"Feature","geometry":{"type":"Point","coordinates":[-47.909302,-15.825806]},"properties":{"kind":"FIXED","limit_kmh":null,"source":"DETRAN-DF","active":true,"direction_deg":null}},{"type":"Feature","geometry":{"type":"Point","coordinates":[-48.027405,-15.825623]},"properties":{"kind":"FIXED","limit_kmh":60,"source":"DETRAN-DF","active":true,"direction_deg":null}},{"type":"Feature","geometry":{"type":"Point","coordinates":[-48.06543,-15.8255]},"properties":{"kind":"FIXED","limit_kmh":null,"source":"DETRAN-DF","active":true,"direction_deg":null}},{"type":"Feature","geometry":{"type":"Point","coordinates":[-47.921082,-15.8255]},"properties":{"kind":"FIXED","limit_kmh":null,"source":"DETRAN-DF","active":true,"direction_deg":null}},{"type":"Feature","geometry":{"type":"Point","coordinates":[-48.065002,-15.825378]},"properties":{"kind":"FIXED","limit_kmh":null,"source":"DETRAN-DF","active":true,"direction_deg":null}},{"type":"Feature","geometry":{"type":"Point","coordinates":[-47.980408,-15.825378]},"properties":{"kind":"FIXED","limit_kmh":60,"source":"DETRAN-DF","active":true,"direction_deg":null}},{"type":"Feature","geometry":{"type":"Point","coordinates":[-47.92218,-15.825378]},"properties":{"kind":"FIXED","limit_kmh":null,"source":"DETRAN-DF","active":true,"direction_deg":null}},{"type":"Feature","geometry":{"type":"Point","coordinates":[-47.90979,-15.825378]},"properties":{"kind":"FIXED","limit_kmh":null,"source":"DETRAN-DF","active":true,"direction_deg":null}},{"type":"Feature","geometry":{"type":"Point","coordinates":[-47.909607,-15.825378]},"properties":{"kind":"FIXED","limit_kmh":null,"source":"DETRAN-DF","active":true,"direction_deg":null}},{"type":"Feature","geometry":{"type":"Point","coordinates":[-47.910095,-15.825317]},"properties":{"kind":"FIXED","limit_kmh":null,"source":"DETRAN-DF","active":true,"direction_deg":null}},{"type":"Feature","geometry":{"type":"Point","coordinates":[-48.026682,-15.825266]},"properties":{"kind":"FIXED","limit_kmh":60,"source":"OSM","active":true,"direction_deg":null}},{"type":"Feature","geometry":{"type":"Point","coordinates":[-48.064514,-15.825195]},"properties":{"kind":"FIXED","limit_kmh":null,"source":"DETRAN-DF","active":true,"direction_deg":null}},{"type":"Feature","geometry":{"type":"Point","coordinates":[-48.0271,-15.825195]},"properties":{"kind":"FIXED","limit_kmh":80,"source":"DETRAN-DF","active":true,"direction_deg":null}},{"type":"Feature","geometry":{"type":"Point","coordinates":[-47.979797,-15.825195]},"properties":{"kind":"FIXED","limit_kmh":60,"source":"DETRAN-DF","active":true,"direction_deg":null}},{"type":"Feature","geometry":{"type":"Point","coordinates":[-47.926575,-15.825195]},"properties":{"kind":"FIXED","limit_kmh":null,"source":"DETRAN-DF","active":true,"direction_deg":null}},{"type":"Feature","geometry":{"type":"Point","coordinates":[-47.919128,-15.825195]},"properties":{"kind":"FIXED","limit_kmh":null,"source":"DETRAN-DF","active":true,"direction_deg":null}},{"type":"Feature","geometry":{"type":"Point","coordinates":[-48.11908,-15.825012]},"properties":{"kind":"FIXED","limit_kmh":60,"source":"DETRAN-DF","active":true,"direction_deg":null}},{"type":"Feature","geometry":{"type":"Point","coordinates":[-48.118713,-15.825012]},"properties":{"kind":"FIXED","limit_kmh":60,"source":"DETRAN-DF","active":true,"direction_deg":null}},{"type":"Feature","geometry":{"type":"Point","coordinates":[-48.113586,-15.825012]},"properties":{"kind":"FIXED","limit_kmh":60,"source":"DETRAN-DF","active":true,"direction_deg":null}},{"type":"Feature","geometry":{"type":"Point","coordinates":[-48.067505,-15.825012]},"properties":{"kind":"FIXED","limit_kmh":null,"source":"DETRAN-DF","active":true,"direction_deg":null}},{"type":"Feature","geometry":{"type":"Point","coordinates":[-48.063904,-15.825012]},"properties":{"kind":"FIXED","limit_kmh":null,"source":"DETRAN-DF","active":true,"direction_deg":null}},{"type":"Feature","geometry":{"type":"Point","coordinates":[-48.009277,-15.825012]},"properties":{"kind":"FIXED","limit_kmh":60,"source":"DETRAN-DF","active":true,"direction_deg":null}},{"type":"Feature","geometry":{"type":"Point","coordinates":[-47.921509,-15.825012]},"properties":{"kind":"FIXED","limit_kmh":null,"source":"DETRAN-DF","active":true,"direction_deg":null}},{"type":"Feature","geometry":{"type":"Point","coordinates":[-47.90979,-15.825012]},"properties":{"kind":"FIXED","limit_kmh":null,"source":"DETRAN-DF","active":true,"direction_deg":null}},{"type":"Feature","geometry":{"type":"Point","coordinates":[-47.90918,-15.825012]},"properties":{"kind":"FIXED","limit_kmh":null,"source":"DETRAN-DF","active":true,"direction_deg":null}},{"type":"Feature","geometry":{"type":"Point","coordinates":[-47.876723,-15.824901]},"properties":{"kind":"FIXED","limit_kmh":60,"source":"OSM","active":true,"direction_deg":null}},{"type":"Feature","geometry":{"type":"Point","coordinates":[-47.926086,-15.82489]},"properties":{"kind":"FIXED","limit_kmh":null,"source":"DETRAN-DF","active":true,"direction_deg":null}},{"type":"Feature","geometry":{"type":"Point","coordinates":[-47.914307,-15.82489]},"properties":{"kind":"FIXED","limit_kmh":null,"source":"DETRAN-DF","active":true,"direction_deg":null}},{"type":"Feature","geometry":{"type":"Point","coordinates":[-47.908875,-15.824829]},"properties":{"kind":"FIXED","limit_kmh":null,"source":"DETRAN-DF","active":true,"direction_deg":null}},{"type":"Feature","geometry":{"type":"Point","coordinates":[-48.11908,-15.824707]},"properties":{"kind":"FIXED","limit_kmh":60,"source":"DETRAN-DF","active":true,"direction_deg":null}},{"type":"Feature","geometry":{"type":"Point","coordinates":[-48.118713,-15.824585]},"properties":{"kind":"FIXED","limit_kmh":60,"source":"DETRAN-DF","active":true,"direction_deg":null}},{"type":"Feature","geometry":{"type":"Point","coordinates":[-48.026428,-15.824524]},"properties":{"kind":"FIXED","limit_kmh":80,"source":"DETRAN-DF","active":true,"direction_deg":null}},{"type":"Feature","geometry":{"type":"Point","coordinates":[-47.993408,-15.824402]},"properties":{"kind":"FIXED","limit_kmh":null,"source":"DETRAN-DF","active":true,"direction_deg":null}},{"type":"Feature","geometry":{"type":"Point","coordinates":[-48.026085,-15.824189]},"properties":{"kind":"FIXED","limit_kmh":80,"source":"OSM","active":true,"direction_deg":null}},{"type":"Feature","geometry":{"type":"Point","coordinates":[-47.919617,-15.823975]},"properties":{"kind":"FIXED","limit_kmh":null,"source":"DETRAN-DF","active":true,"direction_deg":null}},{"type":"Feature","geometry":{"type":"Point","coordinates":[-47.914978,-15.823975]},"properties":{"kind":"FIXED","limit_kmh":null,"source":"DETRAN-DF","active":true,"direction_deg":null}},{"type":"Feature","geometry":{"type":"Point","coordinates":[-47.913818,-15.823914]},"properties":{"kind":"FIXED","limit_kmh":null,"source":"DETRAN-DF","active":true,"direction_deg":null}},{"type":"Feature","geometry":{"type":"Point","coordinates":[-47.922119,-15.823792]},"properties":{"kind":"FIXED","limit_kmh":60,"source":"DETRAN-DF","active":true,"direction_deg":null}},{"type":"Feature","geometry":{"type":"Point","coordinates":[-47.9151,-15.823792]},"properties":{"kind":"FIXED","limit_kmh":null,"source":"DETRAN-DF","active":true,"direction_deg":null}},{"type":"Feature","geometry":{"type":"Point","coordinates":[-47.914795,-15.823792]},"properties":{"kind":"FIXED","limit_kmh":null,"source":"DETRAN-DF","active":true,"direction_deg":null}},{"type":"Feature","geometry":{"type":"Point","coordinates":[-47.914307,-15.823792]},"properties":{"kind":"FIXED","limit_kmh":null,"source":"DETRAN-DF","active":true,"direction_deg":null}},{"type":"Feature","geometry":{"type":"Point","coordinates":[-48.070007,-15.823608]},"properties":{"kind":"FIXED","limit_kmh":null,"source":"DETRAN-DF","active":true,"direction_deg":null}},{"type":"Feature","geometry":{"type":"Point","coordinates":[-47.934692,-15.823608]},"properties":{"kind":"FIXED","limit_kmh":60,"source":"DETRAN-DF","active":true,"direction_deg":null}},{"type":"Feature","geometry":{"type":"Point","coordinates":[-47.805603,-15.823608]},"properties":{"kind":"FIXED","limit_kmh":70,"source":"DETRAN-DF","active":true,"direction_deg":null}},{"type":"Feature","geometry":{"type":"Point","coordinates":[-47.993591,-15.823425]},"properties":{"kind":"FIXED","limit_kmh":null,"source":"DETRAN-DF","active":true,"direction_deg":null}},{"type":"Feature","geometry":{"type":"Point","coordinates":[-48.078796,-15.823181]},"properties":{"kind":"FIXED","limit_kmh":null,"source":"DETRAN-DF","active":true,"direction_deg":null}},{"type":"Feature","geometry":{"type":"Point","coordinates":[-48.010315,-15.823181]},"properties":{"kind":"FIXED","limit_kmh":60,"source":"DETRAN-DF","active":true,"direction_deg":null}},{"type":"Feature","geometry":{"type":"Point","coordinates":[-47.914795,-15.823181]},"properties":{"kind":"FIXED","limit_kmh":null,"source":"DETRAN-DF","active":true,"direction_deg":null}},{"type":"Feature","geometry":{"type":"Point","coordinates":[-47.884888,-15.823181]},"properties":{"kind":"FIXED","limit_kmh":80,"source":"DETRAN-DF","active":true,"direction_deg":null}},{"type":"Feature","geometry":{"type":"Point","coordinates":[-47.935095,-15.82304]},"properties":{"kind":"FIXED","limit_kmh":60,"source":"OSM","active":true,"direction_deg":null}},{"type":"Feature","geometry":{"type":"Point","coordinates":[-48.115112,-15.822998]},"properties":{"kind":"FIXED","limit_kmh":60,"source":"DETRAN-DF","active":true,"direction_deg":null}},{"type":"Feature","geometry":{"type":"Point","coordinates":[-48.101501,-15.822998]},"properties":{"kind":"FIXED","limit_kmh":50,"source":"DETRAN-DF","active":true,"direction_deg":null}},{"type":"Feature","geometry":{"type":"Point","coordinates":[-47.935425,-15.822998]},"properties":{"kind":"FIXED","limit_kmh":60,"source":"DETRAN-DF","active":true,"direction_deg":null}},{"type":"Feature","geometry":{"type":"Point","coordinates":[-48.010463,-15.822905]},"properties":{"kind":"FIXED","limit_kmh":60,"source":"OSM","active":true,"direction_deg":null}},{"type":"Feature","geometry":{"type":"Point","coordinates":[-48.101379,-15.822876]},"properties":{"kind":"FIXED","limit_kmh":50,"source":"DETRAN-DF","active":true,"direction_deg":null}},{"type":"Feature","geometry":{"type":"Point","coordinates":[-48.098999,-15.822876]},"properties":{"kind":"FIXED","limit_kmh":60,"source":"DETRAN-DF","active":true,"direction_deg":null}},{"type":"Feature","geometry":{"type":"Point","coordinates":[-48.114929,-15.822693]},"properties":{"kind":"FIXED","limit_kmh":60,"source":"DETRAN-DF","active":true,"direction_deg":null}},{"type":"Feature","geometry":{"type":"Point","coordinates":[-47.8974,-15.822693]},"properties":{"kind":"FIXED","limit_kmh":60,"source":"DETRAN-DF","active":true,"direction_deg":null}},{"type":"Feature","geometry":{"type":"Point","coordinates":[-48.077087,-15.82251]},"properties":{"kind":"FIXED","limit_kmh":null,"source":"DETRAN-DF","active":true,"direction_deg":null}},{"type":"Feature","geometry":{"type":"Point","coordinates":[-47.9151,-15.82251]},"properties":{"kind":"FIXED","limit_kmh":null,"source":"DETRAN-DF","active":true,"direction_deg":null}},{"type":"Feature","geometry":{"type":"Point","coordinates":[-47.91272,-15.82251]},"properties":{"kind":"FIXED","limit_kmh":null,"source":"DETRAN-DF","active":true,"direction_deg":null}},{"type":"Feature","geometry":{"type":"Point","coordinates":[-47.912109,-15.82251]},"properties":{"kind":"FIXED","limit_kmh":null,"source":"DETRAN-DF","active":true,"direction_deg":null}},{"type":"Feature","geometry":{"type":"Point","coordinates":[-47.909424,-15.82251]},"properties":{"kind":"FIXED","limit_kmh":60,"source":"DETRAN-DF","active":true,"direction_deg":null}},{"type":"Feature","geometry":{"type":"Point","coordinates":[-47.897522,-15.82251]},"properties":{"kind":"FIXED","limit_kmh":60,"source":"DETRAN-DF","active":true,"direction_deg":null}},{"type":"Feature","geometry":{"type":"Point","coordinates":[-48.070496,-15.822388]},"properties":{"kind":"FIXED","limit_kmh":null,"source":"DETRAN-DF","active":true,"direction_deg":null}},{"type":"Feature","geometry":{"type":"Point","coordinates":[-47.883179,-15.822388]},"properties":{"kind":"FIXED","limit_kmh":null,"source":"DETRAN-DF","active":true,"direction_deg":null}},{"type":"Feature","geometry":{"type":"Point","coordinates":[-47.909124,-15.822336]},"properties":{"kind":"FIXED","limit_kmh":60,"source":"OSM","active":true,"direction_deg":null}},{"type":"Feature","geometry":{"type":"Point","coordinates":[-48.02179,-15.822327]},"properties":{"kind":"FIXED","limit_kmh":60,"source":"DETRAN-DF+OSM","active":true,"direction_deg":null}},{"type":"Feature","geometry":{"type":"Point","coordinates":[-47.919922,-15.822205]},"properties":{"kind":"FIXED","limit_kmh":60,"source":"DETRAN-DF","active":true,"direction_deg":null}},{"type":"Feature","geometry":{"type":"Point","coordinates":[-47.99408,-15.822083]},"properties":{"kind":"FIXED","limit_kmh":null,"source":"DETRAN-DF","active":true,"direction_deg":null}},{"type":"Feature","geometry":{"type":"Point","coordinates":[-47.908838,-15.821951]},"properties":{"kind":"FIXED","limit_kmh":60,"source":"OSM","active":true,"direction_deg":null}},{"type":"Feature","geometry":{"type":"Point","coordinates":[-47.919189,-15.821899]},"properties":{"kind":"FIXED","limit_kmh":60,"source":"DETRAN-DF","active":true,"direction_deg":null}},{"type":"Feature","geometry":{"type":"Point","coordinates":[-47.884583,-15.821899]},"properties":{"kind":"FIXED","limit_kmh":80,"source":"DETRAN-DF","active":true,"direction_deg":null}},{"type":"Feature","geometry":{"type":"Point","coordinates":[-47.915405,-15.821777]},"properties":{"kind":"FIXED","limit_kmh":null,"source":"DETRAN-DF","active":true,"direction_deg":null}},{"type":"Feature","geometry":{"type":"Point","coordinates":[-48.107178,-15.821716]},"properties":{"kind":"FIXED","limit_kmh":60,"source":"DETRAN-DF","active":true,"direction_deg":null}},{"type":"Feature","geometry":{"type":"Point","coordinates":[-47.917175,-15.821716]},"properties":{"kind":"FIXED","limit_kmh":null,"source":"DETRAN-DF","active":true,"direction_deg":null}},{"type":"Feature","geometry":{"type":"Point","coordinates":[-47.908386,-15.821716]},"properties":{"kind":"FIXED","limit_kmh":60,"source":"DETRAN-DF","active":true,"direction_deg":null}},{"type":"Feature","geometry":{"type":"Point","coordinates":[-48.099182,-15.821594]},"properties":{"kind":"FIXED","limit_kmh":60,"source":"DETRAN-DF","active":true,"direction_deg":null}},{"type":"Feature","geometry":{"type":"Point","coordinates":[-48.020847,-15.821478]},"properties":{"kind":"FIXED","limit_kmh":80,"source":"OSM","active":true,"direction_deg":null}},{"type":"Feature","geometry":{"type":"Point","coordinates":[-47.913208,-15.821411]},"properties":{"kind":"FIXED","limit_kmh":null,"source":"DETRAN-DF","active":true,"direction_deg":null}},{"type":"Feature","geometry":{"type":"Point","coordinates":[-48.021179,-15.821289]},"properties":{"kind":"FIXED","limit_kmh":80,"source":"DETRAN-DF","active":true,"direction_deg":null}},{"type":"Feature","geometry":{"type":"Point","coordinates":[-48.020508,-15.821289]},"properties":{"kind":"FIXED","limit_kmh":80,"source":"DETRAN-DF","active":true,"direction_deg":null}},{"type":"Feature","geometry":{"type":"Point","coordinates":[-47.918701,-15.821289]},"properties":{"kind":"FIXED","limit_kmh":60,"source":"DETRAN-DF","active":true,"direction_deg":null}},{"type":"Feature","geometry":{"type":"Point","coordinates":[-47.916626,-15.821289]},"properties":{"kind":"FIXED","limit_kmh":null,"source":"DETRAN-DF","active":true,"direction_deg":null}},{"type":"Feature","geometry":{"type":"Point","coordinates":[-48.02076,-15.821037]},"properties":{"kind":"FIXED","limit_kmh":80,"source":"OSM","active":true,"direction_deg":null}},{"type":"Feature","geometry":{"type":"Point","coordinates":[-47.90918,-15.820923]},"properties":{"kind":"FIXED","limit_kmh":null,"source":"DETRAN-DF","active":true,"direction_deg":null}},{"type":"Feature","geometry":{"type":"Point","coordinates":[-48.115906,-15.820679]},"properties":{"kind":"FIXED","limit_kmh":60,"source":"DETRAN-DF","active":true,"direction_deg":null}},{"type":"Feature","geometry":{"type":"Point","coordinates":[-47.913818,-15.820679]},"properties":{"kind":"FIXED","limit_kmh":null,"source":"DETRAN-DF","active":true,"direction_deg":null}},{"type":"Feature","geometry":{"type":"Point","coordinates":[-47.912781,-15.820679]},"properties":{"kind":"FIXED","limit_kmh":null,"source":"DETRAN-DF","active":true,"direction_deg":null}},{"type":"Feature","geometry":{"type":"Point","coordinates":[-47.905701,-15.820679]},"properties":{"kind":"FIXED","limit_kmh":80,"source":"DETRAN-DF","active":true,"direction_deg":null}},{"type":"Feature","geometry":{"type":"Point","coordinates":[-47.995483,-15.820618]},"properties":{"kind":"FIXED","limit_kmh":null,"source":"DETRAN-DF","active":true,"direction_deg":null}},{"type":"Feature","geometry":{"type":"Point","coordinates":[-48.095093,-15.820496]},"properties":{"kind":"FIXED","limit_kmh":60,"source":"DETRAN-DF","active":true,"direction_deg":null}},{"type":"Feature","geometry":{"type":"Point","coordinates":[-47.909485,-15.820496]},"properties":{"kind":"FIXED","limit_kmh":null,"source":"DETRAN-DF","active":true,"direction_deg":null}},{"type":"Feature","geometry":{"type":"Point","coordinates":[-47.90448,-15.820496]},"properties":{"kind":"FIXED","limit_kmh":60,"source":"DETRAN-DF+OSM","active":true,"direction_deg":null}},{"type":"Feature","geometry":{"type":"Point","coordinates":[-47.904297,-15.820312]},"properties":{"kind":"FIXED","limit_kmh":60,"source":"DETRAN-DF","active":true,"direction_deg":null}},{"type":"Feature","geometry":{"type":"Point","coordinates":[-47.981812,-15.82019]},"properties":{"kind":"FIXED","limit_kmh":60,"source":"DETRAN-DF","active":true,"direction_deg":null}},{"type":"Feature","geometry":{"type":"Point","coordinates":[-47.981689,-15.82019]},"properties":{"kind":"FIXED","limit_kmh":60,"source":"DETRAN-DF","active":true,"direction_deg":null}},{"type":"Feature","geometry":{"type":"Point","coordinates":[-48.120911,-15.820007]},"properties":{"kind":"FIXED","limit_kmh":50,"source":"DETRAN-DF","active":true,"direction_deg":null}},{"type":"Feature","geometry":{"type":"Point","coordinates":[-48.056885,-15.820007]},"properties":{"kind":"FIXED","limit_kmh":60,"source":"DETRAN-DF","active":true,"direction_deg":null}},{"type":"Feature","geometry":{"type":"Point","coordinates":[-47.995911,-15.820007]},"properties":{"kind":"FIXED","limit_kmh":null,"source":"DETRAN-DF","active":true,"direction_deg":null}},{"type":"Feature","geometry":{"type":"Point","coordinates":[-47.950195,-15.820007]},"properties":{"kind":"FIXED","limit_kmh":80,"source":"DETRAN-DF","active":true,"direction_deg":null}},{"type":"Feature","geometry":{"type":"Point","coordinates":[-47.913086,-15.819885]},"properties":{"kind":"FIXED","limit_kmh":null,"source":"DETRAN-DF","active":true,"direction_deg":null}},{"type":"Feature","geometry":{"type":"Point","coordinates":[-48.019104,-15.819824]},"properties":{"kind":"FIXED","limit_kmh":60,"source":"DETRAN-DF+OSM","active":true,"direction_deg":null}},{"type":"Feature","geometry":{"type":"Point","coordinates":[-47.904602,-15.819702]},"properties":{"kind":"FIXED","limit_kmh":80,"source":"DETRAN-DF","active":true,"direction_deg":null}},{"type":"Feature","geometry":{"type":"Point","coordinates":[-48.108582,-15.81958]},"properties":{"kind":"FIXED","limit_kmh":60,"source":"DETRAN-DF","active":true,"direction_deg":null}},{"type":"Feature","geometry":{"type":"Point","coordinates":[-48.069275,-15.81958]},"properties":{"kind":"FIXED","limit_kmh":null,"source":"DETRAN-DF","active":true,"direction_deg":null}},{"type":"Feature","geometry":{"type":"Point","coordinates":[-48.085876,-15.819519]},"properties":{"kind":"FIXED","limit_kmh":null,"source":"DETRAN-DF","active":true,"direction_deg":null}},{"type":"Feature","geometry":{"type":"Point","coordinates":[-47.913513,-15.819519]},"properties":{"kind":"FIXED","limit_kmh":null,"source":"DETRAN-DF","active":true,"direction_deg":null}},{"type":"Feature","geometry":{"type":"Point","coordinates":[-47.90918,-15.819519]},"properties":{"kind":"FIXED","limit_kmh":null,"source":"DETRAN-DF","active":true,"direction_deg":null}},{"type":"Feature","geometry":{"type":"Point","coordinates":[-48.116699,-15.819397]},"properties":{"kind":"FIXED","limit_kmh":60,"source":"DETRAN-DF","active":true,"direction_deg":null}},{"type":"Feature","geometry":{"type":"Point","coordinates":[-48.085327,-15.819275]},"properties":{"kind":"FIXED","limit_kmh":null,"source":"DETRAN-DF","active":true,"direction_deg":null}},{"type":"Feature","geometry":{"type":"Point","coordinates":[-48.085022,-15.819275]},"properties":{"kind":"FIXED","limit_kmh":null,"source":"DETRAN-DF","active":true,"direction_deg":null}},{"type":"Feature","geometry":{"type":"Point","coordinates":[-47.832703,-15.819275]},"properties":{"kind":"FIXED","limit_kmh":60,"source":"DETRAN-DF","active":true,"direction_deg":null}},{"type":"Feature","geometry":{"type":"Point","coordinates":[-48.108276,-15.819214]},"properties":{"kind":"FIXED","limit_kmh":60,"source":"DETRAN-DF","active":true,"direction_deg":null}},{"type":"Feature","geometry":{"type":"Point","coordinates":[-48.068176,-15.819214]},"properties":{"kind":"FIXED","limit_kmh":null,"source":"DETRAN-DF","active":true,"direction_deg":null}},{"type":"Feature","geometry":{"type":"Point","coordinates":[-47.832703,-15.819214]},"properties":{"kind":"FIXED","limit_kmh":60,"source":"DETRAN-DF+OSM","active":true,"direction_deg":null}},{"type":"Feature","geometry":{"type":"Point","coordinates":[-48.016874,-15.819182]},"properties":{"kind":"FIXED","limit_kmh":80,"source":"OSM","active":true,"direction_deg":null}},{"type":"Feature","geometry":{"type":"Point","coordinates":[-48.084229,-15.818909]},"properties":{"kind":"FIXED","limit_kmh":null,"source":"DETRAN-DF","active":true,"direction_deg":null}},{"type":"Feature","geometry":{"type":"Point","coordinates":[-48.016602,-15.818909]},"properties":{"kind":"FIXED","limit_kmh":80,"source":"DETRAN-DF","active":true,"direction_deg":null}},{"type":"Feature","geometry":{"type":"Point","coordinates":[-47.997009,-15.818909]},"properties":{"kind":"FIXED","limit_kmh":null,"source":"DETRAN-DF","active":true,"direction_deg":null}},{"type":"Feature","geometry":{"type":"Point","coordinates":[-48.083313,-15.818787]},"properties":{"kind":"FIXED","limit_kmh":null,"source":"DETRAN-DF","active":true,"direction_deg":null}},{"type":"Feature","geometry":{"type":"Point","coordinates":[-48.121582,-15.818726]},"properties":{"kind":"FIXED","limit_kmh":50,"source":"DETRAN-DF","active":true,"direction_deg":null}},{"type":"Feature","geometry":{"type":"Point","coordinates":[-47.893311,-15.818726]},"properties":{"kind":"FIXED","limit_kmh":null,"source":"DETRAN-DF","active":true,"direction_deg":null}},{"type":"Feature","geometry":{"type":"Point","coordinates":[-48.077698,-15.818604]},"properties":{"kind":"FIXED","limit_kmh":null,"source":"DETRAN-DF","active":true,"direction_deg":null}},{"type":"Feature","geometry":{"type":"Point","coordinates":[-48.081909,-15.81842]},"properties":{"kind":"FIXED","limit_kmh":50,"source":"DETRAN-DF","active":true,"direction_deg":null}},{"type":"Feature","geometry":{"type":"Point","coordinates":[-47.880188,-15.81842]},"properties":{"kind":"FIXED","limit_kmh":50,"source":"DETRAN-DF","active":true,"direction_deg":null}},{"type":"Feature","geometry":{"type":"Point","coordinates":[-48.065613,-15.818298]},"properties":{"kind":"FIXED","limit_kmh":40,"source":"DETRAN-DF","active":true,"direction_deg":null}},{"type":"Feature","geometry":{"type":"Point","coordinates":[-48.015686,-15.818298]},"properties":{"kind":"FIXED","limit_kmh":80,"source":"DETRAN-DF+OSM","active":true,"direction_deg":null}},{"type":"Feature","geometry":{"type":"Point","coordinates":[-47.914612,-15.818298]},"properties":{"kind":"FIXED","limit_kmh":60,"source":"DETRAN-DF","active":true,"direction_deg":null}},{"type":"Feature","geometry":{"type":"Point","coordinates":[-47.910278,-15.818298]},"properties":{"kind":"FIXED","limit_kmh":null,"source":"DETRAN-DF","active":true,"direction_deg":null}},{"type":"Feature","geometry":{"type":"Point","coordinates":[-48.081787,-15.818176]},"properties":{"kind":"FIXED","limit_kmh":null,"source":"DETRAN-DF","active":true,"direction_deg":null}},{"type":"Feature","geometry":{"type":"Point","coordinates":[-47.911682,-15.818176]},"properties":{"kind":"FIXED","limit_kmh":null,"source":"DETRAN-DF","active":true,"direction_deg":null}},{"type":"Feature","geometry":{"type":"Point","coordinates":[-47.98468,-15.817993]},"properties":{"kind":"FIXED","limit_kmh":null,"source":"DETRAN-DF","active":true,"direction_deg":null}},{"type":"Feature","geometry":{"type":"Point","coordinates":[-47.913818,-15.817993]},"properties":{"kind":"FIXED","limit_kmh":60,"source":"DETRAN-DF","active":true,"direction_deg":null}},{"type":"Feature","geometry":{"type":"Point","coordinates":[-47.894714,-15.817993]},"properties":{"kind":"FIXED","limit_kmh":null,"source":"DETRAN-DF","active":true,"direction_deg":null}},{"type":"Feature","geometry":{"type":"Point","coordinates":[-47.805908,-15.817993]},"properties":{"kind":"FIXED","limit_kmh":70,"source":"DETRAN-DF","active":true,"direction_deg":null}},{"type":"Feature","geometry":{"type":"Point","coordinates":[-47.937001,-15.817883]},"properties":{"kind":"FIXED","limit_kmh":60,"source":"OSM","active":true,"direction_deg":null}},{"type":"Feature","geometry":{"type":"Point","coordinates":[-47.937205,-15.81784]},"properties":{"kind":"FIXED","limit_kmh":60,"source":"OSM","active":true,"direction_deg":null}},{"type":"Feature","geometry":{"type":"Point","coordinates":[-47.899902,-15.81781]},"properties":{"kind":"FIXED","limit_kmh":null,"source":"DETRAN-DF","active":true,"direction_deg":null}},{"type":"Feature","geometry":{"type":"Point","coordinates":[-48.015808,-15.817688]},"properties":{"kind":"FIXED","limit_kmh":null,"source":"DETRAN-DF","active":true,"direction_deg":null}},{"type":"Feature","geometry":{"type":"Point","coordinates":[-47.888611,-15.817688]},"properties":{"kind":"FIXED","limit_kmh":null,"source":"DETRAN-DF","active":true,"direction_deg":null}},{"type":"Feature","geometry":{"type":"Point","coordinates":[-47.893616,-15.817627]},"properties":{"kind":"FIXED","limit_kmh":null,"source":"DETRAN-DF","active":true,"direction_deg":null}},{"type":"Feature","geometry":{"type":"Point","coordinates":[-48.0625,-15.817505]},"properties":{"kind":"FIXED","limit_kmh":60,"source":"DETRAN-DF","active":true,"direction_deg":null}},{"type":"Feature","geometry":{"type":"Point","coordinates":[-47.908081,-15.817505]},"properties":{"kind":"FIXED","limit_kmh":null,"source":"DETRAN-DF","active":true,"direction_deg":null}},{"type":"Feature","geometry":{"type":"Point","coordinates":[-47.911011,-15.817383]},"properties":{"kind":"FIXED","limit_kmh":null,"source":"DETRAN-DF","active":true,"direction_deg":null}},{"type":"Feature","geometry":{"type":"Point","coordinates":[-47.94928,-15.8172]},"properties":{"kind":"FIXED","limit_kmh":80,"source":"DETRAN-DF","active":true,"direction_deg":null}},{"type":"Feature","geometry":{"type":"Point","coordinates":[-47.899475,-15.8172]},"properties":{"kind":"FIXED","limit_kmh":null,"source":"DETRAN-DF","active":true,"direction_deg":null}},{"type":"Feature","geometry":{"type":"Point","coordinates":[-47.897888,-15.8172]},"properties":{"kind":"FIXED","limit_kmh":null,"source":"DETRAN-DF","active":true,"direction_deg":null}},{"type":"Feature","geometry":{"type":"Point","coordinates":[-47.888184,-15.8172]},"properties":{"kind":"FIXED","limit_kmh":null,"source":"DETRAN-DF","active":true,"direction_deg":null}},{"type":"Feature","geometry":{"type":"Point","coordinates":[-48.057983,-15.816895]},"properties":{"kind":"FIXED","limit_kmh":60,"source":"DETRAN-DF","active":true,"direction_deg":null}},{"type":"Feature","geometry":{"type":"Point","coordinates":[-48.015808,-15.816895]},"properties":{"kind":"FIXED","limit_kmh":null,"source":"DETRAN-DF","active":true,"direction_deg":null}},{"type":"Feature","geometry":{"type":"Point","coordinates":[-47.998291,-15.816895]},"properties":{"kind":"FIXED","limit_kmh":null,"source":"DETRAN-DF","active":true,"direction_deg":null}},{"type":"Feature","geometry":{"type":"Point","coordinates":[-47.99823,-15.816895]},"properties":{"kind":"FIXED","limit_kmh":null,"source":"DETRAN-DF","active":true,"direction_deg":null}},{"type":"Feature","geometry":{"type":"Point","coordinates":[-47.985107,-15.816895]},"properties":{"kind":"FIXED","limit_kmh":null,"source":"DETRAN-DF","active":true,"direction_deg":null}},{"type":"Feature","geometry":{"type":"Point","coordinates":[-47.893005,-15.816895]},"properties":{"kind":"FIXED","limit_kmh":null,"source":"DETRAN-DF","active":true,"direction_deg":null}},{"type":"Feature","geometry":{"type":"Point","coordinates":[-47.908691,-15.816711]},"properties":{"kind":"FIXED","limit_kmh":null,"source":"DETRAN-DF","active":true,"direction_deg":null}},{"type":"Feature","geometry":{"type":"Point","coordinates":[-47.908508,-15.816711]},"properties":{"kind":"FIXED","limit_kmh":null,"source":"DETRAN-DF","active":true,"direction_deg":null}},{"type":"Feature","geometry":{"type":"Point","coordinates":[-47.898804,-15.816711]},"properties":{"kind":"FIXED","limit_kmh":null,"source":"DETRAN-DF","active":true,"direction_deg":null}},{"type":"Feature","geometry":{"type":"Point","coordinates":[-47.893127,-15.816711]},"properties":{"kind":"FIXED","limit_kmh":null,"source":"DETRAN-DF","active":true,"direction_deg":null}},{"type":"Feature","geometry":{"type":"Point","coordinates":[-47.892212,-15.816711]},"properties":{"kind":"FIXED","limit_kmh":null,"source":"DETRAN-DF","active":true,"direction_deg":null}},{"type":"Feature","geometry":{"type":"Point","coordinates":[-47.836121,-15.816711]},"properties":{"kind":"FIXED","limit_kmh":60,"source":"DETRAN-DF+OSM","active":true,"direction_deg":null}},{"type":"Feature","geometry":{"type":"Point","coordinates":[-48.009888,-15.816528]},"properties":{"kind":"FIXED","limit_kmh":80,"source":"DETRAN-DF+OSM","active":true,"direction_deg":null}},{"type":"Feature","geometry":{"type":"Point","coordinates":[-47.904602,-15.816528]},"properties":{"kind":"FIXED","limit_kmh":null,"source":"DETRAN-DF","active":true,"direction_deg":null}},{"type":"Feature","geometry":{"type":"Point","coordinates":[-47.985291,-15.816406]},"properties":{"kind":"FIXED","limit_kmh":null,"source":"DETRAN-DF","active":true,"direction_deg":null}},{"type":"Feature","geometry":{"type":"Point","coordinates":[-47.949585,-15.816406]},"properties":{"kind":"FIXED","limit_kmh":80,"source":"DETRAN-DF","active":true,"direction_deg":null}},{"type":"Feature","geometry":{"type":"Point","coordinates":[-47.903687,-15.816406]},"properties":{"kind":"FIXED","limit_kmh":null,"source":"DETRAN-DF","active":true,"direction_deg":null}},{"type":"Feature","geometry":{"type":"Point","coordinates":[-47.908508,-15.816284]},"properties":{"kind":"FIXED","limit_kmh":null,"source":"DETRAN-DF","active":true,"direction_deg":null}},{"type":"Feature","geometry":{"type":"Point","coordinates":[-47.907898,-15.816284]},"properties":{"kind":"FIXED","limit_kmh":null,"source":"DETRAN-DF","active":true,"direction_deg":null}},{"type":"Feature","geometry":{"type":"Point","coordinates":[-47.891907,-15.816284]},"properties":{"kind":"FIXED","limit_kmh":null,"source":"DETRAN-DF","active":true,"direction_deg":null}},{"type":"Feature","geometry":{"type":"Point","coordinates":[-48.10199,-15.816101]},"properties":{"kind":"FIXED","limit_kmh":60,"source":"DETRAN-DF","active":true,"direction_deg":null}},{"type":"Feature","geometry":{"type":"Point","coordinates":[-48.101624,-15.816101]},"properties":{"kind":"FIXED","limit_kmh":60,"source":"DETRAN-DF","active":true,"direction_deg":null}},{"type":"Feature","geometry":{"type":"Point","coordinates":[-47.981812,-15.815979]},"properties":{"kind":"FIXED","limit_kmh":null,"source":"DETRAN-DF","active":true,"direction_deg":null}},{"type":"Feature","geometry":{"type":"Point","coordinates":[-48.009795,-15.8159]},"properties":{"kind":"FIXED","limit_kmh":60,"source":"OSM","active":true,"direction_deg":null}},{"type":"Feature","geometry":{"type":"Point","coordinates":[-48.007202,-15.815796]},"properties":{"kind":"FIXED","limit_kmh":60,"source":"DETRAN-DF","active":true,"direction_deg":null}},{"type":"Feature","geometry":{"type":"Point","coordinates":[-48.007674,-15.815775]},"properties":{"kind":"FIXED","limit_kmh":80,"source":"OSM","active":true,"direction_deg":null}},{"type":"Feature","geometry":{"type":"Point","coordinates":[-48.10199,-15.815613]},"properties":{"kind":"FIXED","limit_kmh":60,"source":"DETRAN-DF","active":true,"direction_deg":null}},{"type":"Feature","geometry":{"type":"Point","coordinates":[-48.101685,-15.815613]},"properties":{"kind":"FIXED","limit_kmh":60,"source":"DETRAN-DF","active":true,"direction_deg":null}},{"type":"Feature","geometry":{"type":"Point","coordinates":[-48.008301,-15.815613]},"properties":{"kind":"FIXED","limit_kmh":80,"source":"DETRAN-DF","active":true,"direction_deg":null}},{"type":"Feature","geometry":{"type":"Point","coordinates":[-47.979309,-15.815491]},"properties":{"kind":"FIXED","limit_kmh":60,"source":"DETRAN-DF","active":true,"direction_deg":null}},{"type":"Feature","geometry":{"type":"Point","coordinates":[-48.006072,-15.815456]},"properties":{"kind":"FIXED","limit_kmh":60,"source":"OSM","active":true,"direction_deg":null}},{"type":"Feature","geometry":{"type":"Point","coordinates":[-48.00782,-15.815441]},"properties":{"kind":"FIXED","limit_kmh":80,"source":"OSM","active":true,"direction_deg":null}},{"type":"Feature","geometry":{"type":"Point","coordinates":[-47.985413,-15.815308]},"properties":{"kind":"FIXED","limit_kmh":null,"source":"DETRAN-DF","active":true,"direction_deg":null}},{"type":"Feature","geometry":{"type":"Point","coordinates":[-47.97998,-15.815308]},"properties":{"kind":"FIXED","limit_kmh":null,"source":"DETRAN-DF","active":true,"direction_deg":null}},{"type":"Feature","geometry":{"type":"Point","coordinates":[-47.979309,-15.815308]},"properties":{"kind":"FIXED","limit_kmh":60,"source":"DETRAN-DF","active":true,"direction_deg":null}},{"type":"Feature","geometry":{"type":"Point","coordinates":[-47.9375,-15.815308]},"properties":{"kind":"FIXED","limit_kmh":60,"source":"DETRAN-DF","active":true,"direction_deg":null}},{"type":"Feature","geometry":{"type":"Point","coordinates":[-47.899475,-15.815308]},"properties":{"kind":"FIXED","limit_kmh":60,"source":"DETRAN-DF","active":true,"direction_deg":null}},{"type":"Feature","geometry":{"type":"Point","coordinates":[-48.017822,-15.815186]},"properties":{"kind":"FIXED","limit_kmh":null,"source":"DETRAN-DF","active":true,"direction_deg":null}},{"type":"Feature","geometry":{"type":"Point","coordinates":[-48.006104,-15.815186]},"properties":{"kind":"FIXED","limit_kmh":80,"source":"DETRAN-DF","active":true,"direction_deg":null}},{"type":"Feature","geometry":{"type":"Point","coordinates":[-47.985779,-15.815186]},"properties":{"kind":"FIXED","limit_kmh":null,"source":"DETRAN-DF","active":true,"direction_deg":null}},{"type":"Feature","geometry":{"type":"Point","coordinates":[-47.805908,-15.815125]},"properties":{"kind":"FIXED","limit_kmh":70,"source":"DETRAN-DF","active":true,"direction_deg":null}},{"type":"Feature","geometry":{"type":"Point","coordinates":[-47.979919,-15.815002]},"properties":{"kind":"FIXED","limit_kmh":null,"source":"DETRAN-DF","active":true,"direction_deg":null}},{"type":"Feature","geometry":{"type":"Point","coordinates":[-47.901001,-15.815002]},"properties":{"kind":"FIXED","limit_kmh":null,"source":"DETRAN-DF","active":true,"direction_deg":null}},{"type":"Feature","geometry":{"type":"Point","coordinates":[-47.985291,-15.81488]},"properties":{"kind":"FIXED","limit_kmh":null,"source":"DETRAN-DF","active":true,"direction_deg":null}},{"type":"Feature","geometry":{"type":"Point","coordinates":[-47.897888,-15.81488]},"properties":{"kind":"FIXED","limit_kmh":80,"source":"DETRAN-DF","active":true,"direction_deg":null}},{"type":"Feature","geometry":{"type":"Point","coordinates":[-47.901917,-15.814819]},"properties":{"kind":"FIXED","limit_kmh":null,"source":"DETRAN-DF","active":true,"direction_deg":null}},{"type":"Feature","geometry":{"type":"Point","coordinates":[-47.9375,-15.814697]},"properties":{"kind":"FIXED","limit_kmh":60,"source":"DETRAN-DF","active":true,"direction_deg":null}},{"type":"Feature","geometry":{"type":"Point","coordinates":[-47.89801,-15.814697]},"properties":{"kind":"FIXED","limit_kmh":80,"source":"DETRAN-DF","active":true,"direction_deg":null}},{"type":"Feature","geometry":{"type":"Point","coordinates":[-47.870117,-15.814697]},"properties":{"kind":"FIXED","limit_kmh":80,"source":"DETRAN-DF","active":true,"direction_deg":null}},{"type":"Feature","geometry":{"type":"Point","coordinates":[-47.793518,-15.814697]},"properties":{"kind":"FIXED","limit_kmh":80,"source":"DETRAN-DF","active":true,"direction_deg":null}},{"type":"Feature","geometry":{"type":"Point","coordinates":[-48.088501,-15.814575]},"properties":{"kind":"FIXED","limit_kmh":50,"source":"DETRAN-DF","active":true,"direction_deg":null}},{"type":"Feature","geometry":{"type":"Point","coordinates":[-47.983826,-15.814575]},"properties":{"kind":"FIXED","limit_kmh":null,"source":"DETRAN-DF","active":true,"direction_deg":null}},{"type":"Feature","geometry":{"type":"Point","coordinates":[-47.901001,-15.814575]},"properties":{"kind":"FIXED","limit_kmh":null,"source":"DETRAN-DF","active":true,"direction_deg":null}},{"type":"Feature","geometry":{"type":"Point","coordinates":[-47.881409,-15.814575]},"properties":{"kind":"FIXED","limit_kmh":60,"source":"DETRAN-DF","active":true,"direction_deg":null}},{"type":"Feature","geometry":{"type":"Point","coordinates":[-47.870483,-15.814575]},"properties":{"kind":"FIXED","limit_kmh":60,"source":"DETRAN-DF","active":true,"direction_deg":null}},{"type":"Feature","geometry":{"type":"Point","coordinates":[-47.90918,-15.814514]},"properties":{"kind":"FIXED","limit_kmh":60,"source":"DETRAN-DF","active":true,"direction_deg":null}},{"type":"Feature","geometry":{"type":"Point","coordinates":[-48.118408,-15.814209]},"properties":{"kind":"FIXED","limit_kmh":60,"source":"DETRAN-DF","active":true,"direction_deg":null}},{"type":"Feature","geometry":{"type":"Point","coordinates":[-47.977783,-15.814209]},"properties":{"kind":"FIXED","limit_kmh":null,"source":"DETRAN-DF","active":true,"direction_deg":null}},{"type":"Feature","geometry":{"type":"Point","coordinates":[-47.902283,-15.814209]},"properties":{"kind":"FIXED","limit_kmh":null,"source":"DETRAN-DF","active":true,"direction_deg":null}},{"type":"Feature","geometry":{"type":"Point","coordinates":[-48.118713,-15.814087]},"properties":{"kind":"FIXED","limit_kmh":60,"source":"DETRAN-DF","active":true,"direction_deg":null}},{"type":"Feature","geometry":{"type":"Point","coordinates":[-48.071777,-15.814087]},"properties":{"kind":"FIXED","limit_kmh":null,"source":"DETRAN-DF","active":true,"direction_deg":null}},{"type":"Feature","geometry":{"type":"Point","coordinates":[-47.89801,-15.814087]},"properties":{"kind":"FIXED","limit_kmh":60,"source":"DETRAN-DF","active":true,"direction_deg":null}},{"type":"Feature","geometry":{"type":"Point","coordinates":[-47.887024,-15.814026]},"properties":{"kind":"FIXED","limit_kmh":null,"source":"DETRAN-DF","active":true,"direction_deg":null}},{"type":"Feature","geometry":{"type":"Point","coordinates":[-47.900879,-15.813904]},"properties":{"kind":"FIXED","limit_kmh":null,"source":"DETRAN-DF","active":true,"direction_deg":null}},{"type":"Feature","geometry":{"type":"Point","coordinates":[-48.003784,-15.813782]},"properties":{"kind":"FIXED","limit_kmh":60,"source":"DETRAN-DF+OSM","active":true,"direction_deg":null}},{"type":"Feature","geometry":{"type":"Point","coordinates":[-47.985779,-15.813782]},"properties":{"kind":"FIXED","limit_kmh":null,"source":"DETRAN-DF","active":true,"direction_deg":null}},{"type":"Feature","geometry":{"type":"Point","coordinates":[-47.983276,-15.813782]},"properties":{"kind":"FIXED","limit_kmh":null,"source":"DETRAN-DF","active":true,"direction_deg":null}},{"type":"Feature","geometry":{"type":"Point","coordinates":[-47.980286,-15.813782]},"properties":{"kind":"FIXED","limit_kmh":null,"source":"DETRAN-DF","active":true,"direction_deg":null}},{"type":"Feature","geometry":{"type":"Point","coordinates":[-47.907898,-15.813782]},"properties":{"kind":"FIXED","limit_kmh":60,"source":"DETRAN-DF","active":true,"direction_deg":null}},{"type":"Feature","geometry":{"type":"Point","coordinates":[-47.90271,-15.813782]},"properties":{"kind":"FIXED","limit_kmh":null,"source":"DETRAN-DF","active":true,"direction_deg":null}},{"type":"Feature","geometry":{"type":"Point","coordinates":[-47.888428,-15.813782]},"properties":{"kind":"FIXED","limit_kmh":null,"source":"DETRAN-DF","active":true,"direction_deg":null}},{"type":"Feature","geometry":{"type":"Point","coordinates":[-47.986389,-15.813721]},"properties":{"kind":"FIXED","limit_kmh":null,"source":"DETRAN-DF","active":true,"direction_deg":null}},{"type":"Feature","geometry":{"type":"Point","coordinates":[-47.986084,-15.813721]},"properties":{"kind":"FIXED","limit_kmh":null,"source":"DETRAN-DF","active":true,"direction_deg":null}},{"type":"Feature","geometry":{"type":"Point","coordinates":[-47.887207,-15.813721]},"properties":{"kind":"FIXED","limit_kmh":60,"source":"DETRAN-DF","active":true,"direction_deg":null}},{"type":"Feature","geometry":{"type":"Point","coordinates":[-47.889709,-15.813599]},"properties":{"kind":"FIXED","limit_kmh":null,"source":"DETRAN-DF","active":true,"direction_deg":null}},{"type":"Feature","geometry":{"type":"Point","coordinates":[-48.00238,-15.813477]},"properties":{"kind":"FIXED","limit_kmh":80,"source":"DETRAN-DF+OSM","active":true,"direction_deg":null}},{"type":"Feature","geometry":{"type":"Point","coordinates":[-47.887207,-15.813477]},"properties":{"kind":"FIXED","limit_kmh":60,"source":"DETRAN-DF","active":true,"direction_deg":null}},{"type":"Feature","geometry":{"type":"Point","coordinates":[-47.926208,-15.813416]},"properties":{"kind":"FIXED","limit_kmh":null,"source":"DETRAN-DF","active":true,"direction_deg":null}},{"type":"Feature","geometry":{"type":"Point","coordinates":[-47.889282,-15.813416]},"properties":{"kind":"FIXED","limit_kmh":null,"source":"DETRAN-DF","active":true,"direction_deg":null}},{"type":"Feature","geometry":{"type":"Point","coordinates":[-47.903076,-15.813293]},"properties":{"kind":"FIXED","limit_kmh":null,"source":"DETRAN-DF","active":true,"direction_deg":null}},{"type":"Feature","geometry":{"type":"Point","coordinates":[-47.888977,-15.813293]},"properties":{"kind":"FIXED","limit_kmh":null,"source":"DETRAN-DF","active":true,"direction_deg":null}},{"type":"Feature","geometry":{"type":"Point","coordinates":[-47.886292,-15.813293]},"properties":{"kind":"FIXED","limit_kmh":null,"source":"DETRAN-DF","active":true,"direction_deg":null}},{"type":"Feature","geometry":{"type":"Point","coordinates":[-47.922119,-15.81311]},"properties":{"kind":"FIXED","limit_kmh":null,"source":"DETRAN-DF","active":true,"direction_deg":null}},{"type":"Feature","geometry":{"type":"Point","coordinates":[-47.907288,-15.81311]},"properties":{"kind":"FIXED","limit_kmh":60,"source":"DETRAN-DF","active":true,"direction_deg":null}},{"type":"Feature","geometry":{"type":"Point","coordinates":[-47.902405,-15.81311]},"properties":{"kind":"FIXED","limit_kmh":null,"source":"DETRAN-DF","active":true,"direction_deg":null}},{"type":"Feature","geometry":{"type":"Point","coordinates":[-48.058594,-15.812988]},"properties":{"kind":"FIXED","limit_kmh":60,"source":"DETRAN-DF","active":true,"direction_deg":null}},{"type":"Feature","geometry":{"type":"Point","coordinates":[-47.981689,-15.812988]},"properties":{"kind":"FIXED","limit_kmh":null,"source":"DETRAN-DF","active":true,"direction_deg":null}},{"type":"Feature","geometry":{"type":"Point","coordinates":[-47.889282,-15.812988]},"properties":{"kind":"FIXED","limit_kmh":null,"source":"DETRAN-DF","active":true,"direction_deg":null}},{"type":"Feature","geometry":{"type":"Point","coordinates":[-48.103699,-15.812927]},"properties":{"kind":"FIXED","limit_kmh":60,"source":"DETRAN-DF","active":true,"direction_deg":null}},{"type":"Feature","geometry":{"type":"Point","coordinates":[-48.072205,-15.812927]},"properties":{"kind":"FIXED","limit_kmh":null,"source":"DETRAN-DF","active":true,"direction_deg":null}},{"type":"Feature","geometry":{"type":"Point","coordinates":[-47.988708,-15.812927]},"properties":{"kind":"FIXED","limit_kmh":null,"source":"DETRAN-DF","active":true,"direction_deg":null}},{"type":"Feature","geometry":{"type":"Point","coordinates":[-47.980713,-15.812805]},"properties":{"kind":"FIXED","limit_kmh":null,"source":"DETRAN-DF","active":true,"direction_deg":null}},{"type":"Feature","geometry":{"type":"Point","coordinates":[-48.112,-15.812683]},"properties":{"kind":"FIXED","limit_kmh":50,"source":"DETRAN-DF","active":true,"direction_deg":null}},{"type":"Feature","geometry":{"type":"Point","coordinates":[-48.1073,-15.812683]},"properties":{"kind":"FIXED","limit_kmh":60,"source":"DETRAN-DF","active":true,"direction_deg":null}},{"type":"Feature","geometry":{"type":"Point","coordinates":[-48.107117,-15.812683]},"properties":{"kind":"FIXED","limit_kmh":60,"source":"DETRAN-DF","active":true,"direction_deg":null}},{"type":"Feature","geometry":{"type":"Point","coordinates":[-48.089417,-15.812683]},"properties":{"kind":"FIXED","limit_kmh":50,"source":"DETRAN-DF","active":true,"direction_deg":null}},{"type":"Feature","geometry":{"type":"Point","coordinates":[-47.988892,-15.812683]},"properties":{"kind":"FIXED","limit_kmh":null,"source":"DETRAN-DF","active":true,"direction_deg":null}},{"type":"Feature","geometry":{"type":"Point","coordinates":[-47.885803,-15.812683]},"properties":{"kind":"FIXED","limit_kmh":null,"source":"DETRAN-DF","active":true,"direction_deg":null}},{"type":"Feature","geometry":{"type":"Point","coordinates":[-48.058675,-15.812676]},"properties":{"kind":"FIXED","limit_kmh":null,"source":"OSM","active":true,"direction_deg":null}},{"type":"Feature","geometry":{"type":"Point","coordinates":[-47.999084,-15.812622]},"properties":{"kind":"FIXED","limit_kmh":80,"source":"DETRAN-DF+OSM","active":true,"direction_deg":null}},{"type":"Feature","geometry":{"type":"Point","coordinates":[-48.104187,-15.8125]},"properties":{"kind":"FIXED","limit_kmh":60,"source":"DETRAN-DF","active":true,"direction_deg":null}},{"type":"Feature","geometry":{"type":"Point","coordinates":[-47.998291,-15.8125]},"properties":{"kind":"FIXED","limit_kmh":60,"source":"DETRAN-DF","active":true,"direction_deg":null}},{"type":"Feature","geometry":{"type":"Point","coordinates":[-47.983276,-15.8125]},"properties":{"kind":"FIXED","limit_kmh":60,"source":"DETRAN-DF","active":true,"direction_deg":null}},{"type":"Feature","geometry":{"type":"Point","coordinates":[-47.906494,-15.8125]},"properties":{"kind":"FIXED","limit_kmh":60,"source":"DETRAN-DF","active":true,"direction_deg":null}},{"type":"Feature","geometry":{"type":"Point","coordinates":[-47.997872,-15.812369]},"properties":{"kind":"FIXED","limit_kmh":60,"source":"OSM","active":true,"direction_deg":null}},{"type":"Feature","geometry":{"type":"Point","coordinates":[-47.982598,-15.812323]},"properties":{"kind":"FIXED","limit_kmh":80,"source":"OSM","active":true,"direction_deg":null}},{"type":"Feature","geometry":{"type":"Point","coordinates":[-47.982178,-15.812317]},"properties":{"kind":"FIXED","limit_kmh":80,"source":"DETRAN-DF","active":true,"direction_deg":null}},{"type":"Feature","geometry":{"type":"Point","coordinates":[-48.072388,-15.812195]},"properties":{"kind":"FIXED","limit_kmh":null,"source":"DETRAN-DF","active":true,"direction_deg":null}},{"type":"Feature","geometry":{"type":"Point","coordinates":[-47.894104,-15.812195]},"properties":{"kind":"FIXED","limit_kmh":60,"source":"DETRAN-DF","active":true,"direction_deg":null}},{"type":"Feature","geometry":{"type":"Point","coordinates":[-47.888123,-15.812195]},"properties":{"kind":"FIXED","limit_kmh":null,"source":"DETRAN-DF","active":true,"direction_deg":null}},{"type":"Feature","geometry":{"type":"Point","coordinates":[-47.999023,-15.812012]},"properties":{"kind":"FIXED","limit_kmh":60,"source":"DETRAN-DF+OSM","active":true,"direction_deg":null}},{"type":"Feature","geometry":{"type":"Point","coordinates":[-47.981689,-15.812012]},"properties":{"kind":"FIXED","limit_kmh":80,"source":"DETRAN-DF","active":true,"direction_deg":null}},{"type":"Feature","geometry":{"type":"Point","coordinates":[-47.903809,-15.812012]},"properties":{"kind":"FIXED","limit_kmh":null,"source":"DETRAN-DF","active":true,"direction_deg":null}},{"type":"Feature","geometry":{"type":"Point","coordinates":[-47.898499,-15.812012]},"properties":{"kind":"FIXED","limit_kmh":null,"source":"DETRAN-DF","active":true,"direction_deg":null}},{"type":"Feature","geometry":{"type":"Point","coordinates":[-47.89801,-15.812012]},"properties":{"kind":"FIXED","limit_kmh":null,"source":"DETRAN-DF","active":true,"direction_deg":null}},{"type":"Feature","geometry":{"type":"Point","coordinates":[-47.887085,-15.812012]},"properties":{"kind":"FIXED","limit_kmh":null,"source":"DETRAN-DF","active":true,"direction_deg":null}},{"type":"Feature","geometry":{"type":"Point","coordinates":[-47.888794,-15.81189]},"properties":{"kind":"FIXED","limit_kmh":null,"source":"DETRAN-DF","active":true,"direction_deg":null}},{"type":"Feature","geometry":{"type":"Point","coordinates":[-47.989502,-15.811707]},"properties":{"kind":"FIXED","limit_kmh":60,"source":"DETRAN-DF","active":true,"direction_deg":null}},{"type":"Feature","geometry":{"type":"Point","coordinates":[-47.916687,-15.811707]},"properties":{"kind":"FIXED","limit_kmh":null,"source":"DETRAN-DF","active":true,"direction_deg":null}},{"type":"Feature","geometry":{"type":"Point","coordinates":[-47.90332,-15.811707]},"properties":{"kind":"FIXED","limit_kmh":null,"source":"DETRAN-DF","active":true,"direction_deg":null}},{"type":"Feature","geometry":{"type":"Point","coordinates":[-47.903076,-15.811707]},"properties":{"kind":"FIXED","limit_kmh":null,"source":"DETRAN-DF","active":true,"direction_deg":null}},{"type":"Feature","geometry":{"type":"Point","coordinates":[-47.948425,-15.811584]},"properties":{"kind":"FIXED","limit_kmh":80,"source":"DETRAN-DF","active":true,"direction_deg":null}},{"type":"Feature","geometry":{"type":"Point","coordinates":[-47.899109,-15.811584]},"properties":{"kind":"FIXED","limit_kmh":null,"source":"DETRAN-DF","active":true,"direction_deg":null}},{"type":"Feature","geometry":{"type":"Point","coordinates":[-48.018311,-15.811523]},"properties":{"kind":"FIXED","limit_kmh":null,"source":"DETRAN-DF","active":true,"direction_deg":null}},{"type":"Feature","geometry":{"type":"Point","coordinates":[-47.893494,-15.811523]},"properties":{"kind":"FIXED","limit_kmh":60,"source":"DETRAN-DF","active":true,"direction_deg":null}},{"type":"Feature","geometry":{"type":"Point","coordinates":[-47.888306,-15.811523]},"properties":{"kind":"FIXED","limit_kmh":null,"source":"DETRAN-DF","active":true,"direction_deg":null}},{"type":"Feature","geometry":{"type":"Point","coordinates":[-48.124207,-15.811401]},"properties":{"kind":"FIXED","limit_kmh":60,"source":"DETRAN-DF","active":true,"direction_deg":null}},{"type":"Feature","geometry":{"type":"Point","coordinates":[-48.09259,-15.811401]},"properties":{"kind":"FIXED","limit_kmh":60,"source":"DETRAN-DF","active":true,"direction_deg":null}},{"type":"Feature","geometry":{"type":"Point","coordinates":[-47.98822,-15.811401]},"properties":{"kind":"FIXED","limit_kmh":80,"source":"DETRAN-DF","active":true,"direction_deg":null}},{"type":"Feature","geometry":{"type":"Point","coordinates":[-47.90509,-15.811401]},"properties":{"kind":"FIXED","limit_kmh":60,"source":"DETRAN-DF","active":true,"direction_deg":null}},{"type":"Feature","geometry":{"type":"Point","coordinates":[-47.890686,-15.811401]},"properties":{"kind":"FIXED","limit_kmh":null,"source":"DETRAN-DF","active":true,"direction_deg":null}},{"type":"Feature","geometry":{"type":"Point","coordinates":[-47.887695,-15.811401]},"properties":{"kind":"FIXED","limit_kmh":null,"source":"DETRAN-DF","active":true,"direction_deg":null}},{"type":"Feature","geometry":{"type":"Point","coordinates":[-47.995483,-15.811279]},"properties":{"kind":"FIXED","limit_kmh":80,"source":"DETRAN-DF+OSM","active":true,"direction_deg":null}},{"type":"Feature","geometry":{"type":"Point","coordinates":[-47.991699,-15.811279]},"properties":{"kind":"FIXED","limit_kmh":80,"source":"DETRAN-DF+OSM","active":true,"direction_deg":null}},{"type":"Feature","geometry":{"type":"Point","coordinates":[-47.890686,-15.811279]},"properties":{"kind":"FIXED","limit_kmh":null,"source":"DETRAN-DF","active":true,"direction_deg":null}},{"type":"Feature","geometry":{"type":"Point","coordinates":[-47.889404,-15.811279]},"properties":{"kind":"FIXED","limit_kmh":null,"source":"DETRAN-DF","active":true,"direction_deg":null}},{"type":"Feature","geometry":{"type":"Point","coordinates":[-47.886292,-15.811279]},"properties":{"kind":"FIXED","limit_kmh":null,"source":"DETRAN-DF","active":true,"direction_deg":null}},{"type":"Feature","geometry":{"type":"Point","coordinates":[-48.113098,-15.811218]},"properties":{"kind":"FIXED","limit_kmh":50,"source":"DETRAN-DF","active":true,"direction_deg":null}},{"type":"Feature","geometry":{"type":"Point","coordinates":[-48.099609,-15.811218]},"properties":{"kind":"FIXED","limit_kmh":60,"source":"DETRAN-DF","active":true,"direction_deg":null}},{"type":"Feature","geometry":{"type":"Point","coordinates":[-47.996277,-15.811218]},"properties":{"kind":"FIXED","limit_kmh":80,"source":"DETRAN-DF","active":true,"direction_deg":null}},{"type":"Feature","geometry":{"type":"Point","coordinates":[-47.890015,-15.811218]},"properties":{"kind":"FIXED","limit_kmh":null,"source":"DETRAN-DF","active":true,"direction_deg":null}},{"type":"Feature","geometry":{"type":"Point","coordinates":[-47.996399,-15.811096]},"properties":{"kind":"FIXED","limit_kmh":60,"source":"DETRAN-DF","active":true,"direction_deg":null}},{"type":"Feature","geometry":{"type":"Point","coordinates":[-47.995612,-15.810969]},"properties":{"kind":"FIXED","limit_kmh":80,"source":"OSM","active":true,"direction_deg":null}},{"type":"Feature","geometry":{"type":"Point","coordinates":[-47.991882,-15.810913]},"properties":{"kind":"FIXED","limit_kmh":80,"source":"DETRAN-DF","active":true,"direction_deg":null}},{"type":"Feature","geometry":{"type":"Point","coordinates":[-47.978516,-15.810913]},"properties":{"kind":"FIXED","limit_kmh":60,"source":"DETRAN-DF","active":true,"direction_deg":null}},{"type":"Feature","geometry":{"type":"Point","coordinates":[-47.940002,-15.810913]},"properties":{"kind":"FIXED","limit_kmh":60,"source":"DETRAN-DF","active":true,"direction_deg":null}},{"type":"Feature","geometry":{"type":"Point","coordinates":[-47.896301,-15.810913]},"properties":{"kind":"FIXED","limit_kmh":null,"source":"DETRAN-DF","active":true,"direction_deg":null}},{"type":"Feature","geometry":{"type":"Point","coordinates":[-47.893799,-15.810913]},"properties":{"kind":"FIXED","limit_kmh":80,"source":"DETRAN-DF","active":true,"direction_deg":null}},{"type":"Feature","geometry":{"type":"Point","coordinates":[-47.940838,-15.810911]},"properties":{"kind":"FIXED","limit_kmh":60,"source":"OSM","active":true,"direction_deg":null}},{"type":"Feature","geometry":{"type":"Point","coordinates":[-47.995599,-15.810809]},"properties":{"kind":"FIXED","limit_kmh":60,"source":"OSM","active":true,"direction_deg":null}},{"type":"Feature","geometry":{"type":"Point","coordinates":[-48.100098,-15.810791]},"properties":{"kind":"FIXED","limit_kmh":null,"source":"DETRAN-DF","active":true,"direction_deg":null}},{"type":"Feature","geometry":{"type":"Point","coordinates":[-48.019287,-15.810791]},"properties":{"kind":"FIXED","limit_kmh":null,"source":"DETRAN-DF","active":true,"direction_deg":null}},{"type":"Feature","geometry":{"type":"Point","coordinates":[-47.94043,-15.810791]},"properties":{"kind":"FIXED","limit_kmh":60,"source":"DETRAN-DF","active":true,"direction_deg":null}},{"type":"Feature","geometry":{"type":"Point","coordinates":[-47.900696,-15.810791]},"properties":{"kind":"FIXED","limit_kmh":null,"source":"DETRAN-DF","active":true,"direction_deg":null}},{"type":"Feature","geometry":{"type":"Point","coordinates":[-47.891113,-15.810791]},"properties":{"kind":"FIXED","limit_kmh":null,"source":"DETRAN-DF","active":true,"direction_deg":null}},{"type":"Feature","geometry":{"type":"Point","coordinates":[-47.887085,-15.810791]},"properties":{"kind":"FIXED","limit_kmh":null,"source":"DETRAN-DF","active":true,"direction_deg":null}},{"type":"Feature","geometry":{"type":"Point","coordinates":[-47.886719,-15.810791]},"properties":{"kind":"FIXED","limit_kmh":null,"source":"DETRAN-DF","active":true,"direction_deg":null}},{"type":"Feature","geometry":{"type":"Point","coordinates":[-48.012024,-15.81073]},"properties":{"kind":"FIXED","limit_kmh":null,"source":"DETRAN-DF","active":true,"direction_deg":null}},{"type":"Feature","geometry":{"type":"Point","coordinates":[-47.958191,-15.81073]},"properties":{"kind":"FIXED","limit_kmh":null,"source":"DETRAN-DF","active":true,"direction_deg":null}},{"type":"Feature","geometry":{"type":"Point","coordinates":[-47.899414,-15.81073]},"properties":{"kind":"FIXED","limit_kmh":null,"source":"DETRAN-DF","active":true,"direction_deg":null}},{"type":"Feature","geometry":{"type":"Point","coordinates":[-48.091492,-15.810608]},"properties":{"kind":"FIXED","limit_kmh":60,"source":"DETRAN-DF","active":true,"direction_deg":null}},{"type":"Feature","geometry":{"type":"Point","coordinates":[-47.988281,-15.810608]},"properties":{"kind":"FIXED","limit_kmh":null,"source":"DETRAN-DF","active":true,"direction_deg":null}},{"type":"Feature","geometry":{"type":"Point","coordinates":[-47.896606,-15.810608]},"properties":{"kind":"FIXED","limit_kmh":null,"source":"DETRAN-DF","active":true,"direction_deg":null}},{"type":"Feature","geometry":{"type":"Point","coordinates":[-47.891296,-15.810608]},"properties":{"kind":"FIXED","limit_kmh":null,"source":"DETRAN-DF","active":true,"direction_deg":null}},{"type":"Feature","geometry":{"type":"Point","coordinates":[-47.897095,-15.810486]},"properties":{"kind":"FIXED","limit_kmh":null,"source":"DETRAN-DF","active":true,"direction_deg":null}},{"type":"Feature","geometry":{"type":"Point","coordinates":[-48.09021,-15.810425]},"properties":{"kind":"FIXED","limit_kmh":60,"source":"DETRAN-DF","active":true,"direction_deg":null}},{"type":"Feature","geometry":{"type":"Point","coordinates":[-48.089905,-15.810425]},"properties":{"kind":"FIXED","limit_kmh":60,"source":"DETRAN-DF","active":true,"direction_deg":null}},{"type":"Feature","geometry":{"type":"Point","coordinates":[-47.895691,-15.810425]},"properties":{"kind":"FIXED","limit_kmh":null,"source":"DETRAN-DF","active":true,"direction_deg":null}},{"type":"Feature","geometry":{"type":"Point","coordinates":[-48.058411,-15.810303]},"properties":{"kind":"FIXED","limit_kmh":60,"source":"DETRAN-DF","active":true,"direction_deg":null}},{"type":"Feature","geometry":{"type":"Point","coordinates":[-47.926392,-15.810303]},"properties":{"kind":"FIXED","limit_kmh":null,"source":"DETRAN-DF","active":true,"direction_deg":null}},{"type":"Feature","geometry":{"type":"Point","coordinates":[-47.943298,-15.810181]},"properties":{"kind":"FIXED","limit_kmh":50,"source":"DETRAN-DF","active":true,"direction_deg":null}},{"type":"Feature","geometry":{"type":"Point","coordinates":[-47.942383,-15.810181]},"properties":{"kind":"FIXED","limit_kmh":50,"source":"DETRAN-DF","active":true,"direction_deg":null}},{"type":"Feature","geometry":{"type":"Point","coordinates":[-48.100586,-15.81012]},"properties":{"kind":"FIXED","limit_kmh":60,"source":"DETRAN-DF","active":true,"direction_deg":null}},{"type":"Feature","geometry":{"type":"Point","coordinates":[-48.020386,-15.81012]},"properties":{"kind":"FIXED","limit_kmh":null,"source":"DETRAN-DF","active":true,"direction_deg":null}},{"type":"Feature","geometry":{"type":"Point","coordinates":[-48.09021,-15.809998]},"properties":{"kind":"FIXED","limit_kmh":60,"source":"DETRAN-DF","active":true,"direction_deg":null}},{"type":"Feature","geometry":{"type":"Point","coordinates":[-48.089905,-15.809998]},"properties":{"kind":"FIXED","limit_kmh":60,"source":"DETRAN-DF","active":true,"direction_deg":null}},{"type":"Feature","geometry":{"type":"Point","coordinates":[-47.976318,-15.809998]},"properties":{"kind":"FIXED","limit_kmh":60,"source":"DETRAN-DF","active":true,"direction_deg":null}},{"type":"Feature","geometry":{"type":"Point","coordinates":[-47.895813,-15.809998]},"properties":{"kind":"FIXED","limit_kmh":null,"source":"DETRAN-DF","active":true,"direction_deg":null}},{"type":"Feature","geometry":{"type":"Point","coordinates":[-47.886292,-15.809998]},"properties":{"kind":"FIXED","limit_kmh":null,"source":"DETRAN-DF","active":true,"direction_deg":null}},{"type":"Feature","geometry":{"type":"Point","coordinates":[-47.952087,-15.809875]},"properties":{"kind":"FIXED","limit_kmh":60,"source":"DETRAN-DF","active":true,"direction_deg":null}},{"type":"Feature","geometry":{"type":"Point","coordinates":[-47.974441,-15.809776]},"properties":{"kind":"FIXED","limit_kmh":80,"source":"OSM","active":true,"direction_deg":null}},{"type":"Feature","geometry":{"type":"Point","coordinates":[-48.020386,-15.809692]},"properties":{"kind":"FIXED","limit_kmh":null,"source":"DETRAN-DF","active":true,"direction_deg":null}},{"type":"Feature","geometry":{"type":"Point","coordinates":[-47.892517,-15.809692]},"properties":{"kind":"FIXED","limit_kmh":80,"source":"DETRAN-DF","active":true,"direction_deg":null}},{"type":"Feature","geometry":{"type":"Point","coordinates":[-47.888306,-15.809692]},"properties":{"kind":"FIXED","limit_kmh":null,"source":"DETRAN-DF","active":true,"direction_deg":null}},{"type":"Feature","geometry":{"type":"Point","coordinates":[-47.973999,-15.809509]},"properties":{"kind":"FIXED","limit_kmh":80,"source":"DETRAN-DF","active":true,"direction_deg":null}},{"type":"Feature","geometry":{"type":"Point","coordinates":[-47.861389,-15.809509]},"properties":{"kind":"FIXED","limit_kmh":80,"source":"DETRAN-DF+OSM","active":true,"direction_deg":null}},{"type":"Feature","geometry":{"type":"Point","coordinates":[-47.974426,-15.809387]},"properties":{"kind":"FIXED","limit_kmh":80,"source":"DETRAN-DF","active":true,"direction_deg":null}},{"type":"Feature","geometry":{"type":"Point","coordinates":[-47.953979,-15.809387]},"properties":{"kind":"FIXED","limit_kmh":80,"source":"DETRAN-DF","active":true,"direction_deg":null}},{"type":"Feature","geometry":{"type":"Point","coordinates":[-47.952576,-15.809204]},"properties":{"kind":"FIXED","limit_kmh":80,"source":"DETRAN-DF","active":true,"direction_deg":null}},{"type":"Feature","geometry":{"type":"Point","coordinates":[-48.069092,-15.809082]},"properties":{"kind":"FIXED","limit_kmh":60,"source":"DETRAN-DF","active":true,"direction_deg":null}},{"type":"Feature","geometry":{"type":"Point","coordinates":[-48.026184,-15.808899]},"properties":{"kind":"FIXED","limit_kmh":null,"source":"DETRAN-DF","active":true,"direction_deg":null}},{"type":"Feature","geometry":{"type":"Point","coordinates":[-48.020508,-15.808899]},"properties":{"kind":"FIXED","limit_kmh":null,"source":"DETRAN-DF","active":true,"direction_deg":null}},{"type":"Feature","geometry":{"type":"Point","coordinates":[-47.933777,-15.808899]},"properties":{"kind":"FIXED","limit_kmh":60,"source":"DETRAN-DF","active":true,"direction_deg":null}},{"type":"Feature","geometry":{"type":"Point","coordinates":[-48.08551,-15.808777]},"properties":{"kind":"FIXED","limit_kmh":60,"source":"DETRAN-DF","active":true,"direction_deg":null}},{"type":"Feature","geometry":{"type":"Point","coordinates":[-48.040222,-15.808777]},"properties":{"kind":"FIXED","limit_kmh":null,"source":"DETRAN-DF","active":true,"direction_deg":null}},{"type":"Feature","geometry":{"type":"Point","coordinates":[-48.039307,-15.808777]},"properties":{"kind":"FIXED","limit_kmh":null,"source":"DETRAN-DF","active":true,"direction_deg":null}},{"type":"Feature","geometry":{"type":"Point","coordinates":[-48.038391,-15.808777]},"properties":{"kind":"FIXED","limit_kmh":null,"source":"DETRAN-DF","active":true,"direction_deg":null}},{"type":"Feature","geometry":{"type":"Point","coordinates":[-48.03241,-15.808777]},"properties":{"kind":"FIXED","limit_kmh":null,"source":"DETRAN-DF","active":true,"direction_deg":null}},{"type":"Feature","geometry":{"type":"Point","coordinates":[-48.028503,-15.808777]},"properties":{"kind":"FIXED","limit_kmh":null,"source":"DETRAN-DF","active":true,"direction_deg":null}},{"type":"Feature","geometry":{"type":"Point","coordinates":[-48.041382,-15.808716]},"properties":{"kind":"FIXED","limit_kmh":null,"source":"DETRAN-DF","active":true,"direction_deg":null}},{"type":"Feature","geometry":{"type":"Point","coordinates":[-47.970886,-15.808594]},"properties":{"kind":"FIXED","limit_kmh":60,"source":"DETRAN-DF","active":true,"direction_deg":null}},{"type":"Feature","geometry":{"type":"Point","coordinates":[-47.960693,-15.808594]},"properties":{"kind":"FIXED","limit_kmh":60,"source":"DETRAN-DF","active":true,"direction_deg":null}},{"type":"Feature","geometry":{"type":"Point","coordinates":[-47.959229,-15.808594]},"properties":{"kind":"FIXED","limit_kmh":80,"source":"DETRAN-DF","active":true,"direction_deg":null}},{"type":"Feature","geometry":{"type":"Point","coordinates":[-47.888794,-15.808594]},"properties":{"kind":"FIXED","limit_kmh":null,"source":"DETRAN-DF","active":true,"direction_deg":null}},{"type":"Feature","geometry":{"type":"Point","coordinates":[-47.888611,-15.808594]},"properties":{"kind":"FIXED","limit_kmh":null,"source":"DETRAN-DF","active":true,"direction_deg":null}},{"type":"Feature","geometry":{"type":"Point","coordinates":[-47.889526,-15.808411]},"properties":{"kind":"FIXED","limit_kmh":null,"source":"DETRAN-DF","active":true,"direction_deg":null}},{"type":"Feature","geometry":{"type":"Point","coordinates":[-47.849182,-15.808411]},"properties":{"kind":"FIXED","limit_kmh":80,"source":"DETRAN-DF","active":true,"direction_deg":null}},{"type":"Feature","geometry":{"type":"Point","coordinates":[-48.102112,-15.808105]},"properties":{"kind":"FIXED","limit_kmh":null,"source":"DETRAN-DF","active":true,"direction_deg":null}},{"type":"Feature","geometry":{"type":"Point","coordinates":[-47.96051,-15.808105]},"properties":{"kind":"FIXED","limit_kmh":80,"source":"DETRAN-DF","active":true,"direction_deg":null}},{"type":"Feature","geometry":{"type":"Point","coordinates":[-48.10968,-15.807983]},"properties":{"kind":"FIXED","limit_kmh":50,"source":"DETRAN-DF","active":true,"direction_deg":null}},{"type":"Feature","geometry":{"type":"Point","coordinates":[-47.964783,-15.807983]},"properties":{"kind":"FIXED","limit_kmh":60,"source":"DETRAN-DF","active":true,"direction_deg":null}},{"type":"Feature","geometry":{"type":"Point","coordinates":[-47.858398,-15.807922]},"properties":{"kind":"FIXED","limit_kmh":80,"source":"DETRAN-DF+OSM","active":true,"direction_deg":null}},{"type":"Feature","geometry":{"type":"Point","coordinates":[-47.948303,-15.8078]},"properties":{"kind":"FIXED","limit_kmh":80,"source":"DETRAN-DF","active":true,"direction_deg":null}},{"type":"Feature","geometry":{"type":"Point","coordinates":[-47.932129,-15.8078]},"properties":{"kind":"FIXED","limit_kmh":60,"source":"DETRAN-DF+OSM","active":true,"direction_deg":null}},{"type":"Feature","geometry":{"type":"Point","coordinates":[-48.065979,-15.807678]},"properties":{"kind":"FIXED","limit_kmh":60,"source":"DETRAN-DF","active":true,"direction_deg":null}},{"type":"Feature","geometry":{"type":"Point","coordinates":[-47.96521,-15.807678]},"properties":{"kind":"FIXED","limit_kmh":80,"source":"DETRAN-DF","active":true,"direction_deg":null}},{"type":"Feature","geometry":{"type":"Point","coordinates":[-47.881287,-15.807617]},"properties":{"kind":"FIXED","limit_kmh":null,"source":"DETRAN-DF","active":true,"direction_deg":null}},{"type":"Feature","geometry":{"type":"Point","coordinates":[-48.1427,-15.807495]},"properties":{"kind":"FIXED","limit_kmh":null,"source":"DETRAN-DF","active":true,"direction_deg":null}},{"type":"Feature","geometry":{"type":"Point","coordinates":[-48.1026,-15.807495]},"properties":{"kind":"FIXED","limit_kmh":null,"source":"DETRAN-DF","active":true,"direction_deg":null}},{"type":"Feature","geometry":{"type":"Point","coordinates":[-48.018921,-15.807495]},"properties":{"kind":"FIXED","limit_kmh":null,"source":"DETRAN-DF","active":true,"direction_deg":null}},{"type":"Feature","geometry":{"type":"Point","coordinates":[-48.000977,-15.807312]},"properties":{"kind":"FIXED","limit_kmh":70,"source":"DETRAN-DF","active":true,"direction_deg":null}},{"type":"Feature","geometry":{"type":"Point","coordinates":[-47.964905,-15.807312]},"properties":{"kind":"FIXED","limit_kmh":80,"source":"DETRAN-DF","active":true,"direction_deg":null}},{"type":"Feature","geometry":{"type":"Point","coordinates":[-47.882507,-15.80719]},"properties":{"kind":"FIXED","limit_kmh":null,"source":"DETRAN-DF","active":true,"direction_deg":null}},{"type":"Feature","geometry":{"type":"Point","coordinates":[-47.880981,-15.80719]},"properties":{"kind":"FIXED","limit_kmh":null,"source":"DETRAN-DF","active":true,"direction_deg":null}},{"type":"Feature","geometry":{"type":"Point","coordinates":[-47.851929,-15.80719]},"properties":{"kind":"FIXED","limit_kmh":80,"source":"DETRAN-DF","active":true,"direction_deg":null}},{"type":"Feature","geometry":{"type":"Point","coordinates":[-48.145813,-15.807129]},"properties":{"kind":"FIXED","limit_kmh":null,"source":"DETRAN-DF","active":true,"direction_deg":null}},{"type":"Feature","geometry":{"type":"Point","coordinates":[-48.125793,-15.807129]},"properties":{"kind":"FIXED","limit_kmh":50,"source":"DETRAN-DF","active":true,"direction_deg":null}},{"type":"Feature","geometry":{"type":"Point","coordinates":[-47.88269,-15.807129]},"properties":{"kind":"FIXED","limit_kmh":null,"source":"DETRAN-DF","active":true,"direction_deg":null}},{"type":"Feature","geometry":{"type":"Point","coordinates":[-48.103027,-15.807007]},"properties":{"kind":"FIXED","limit_kmh":null,"source":"DETRAN-DF","active":true,"direction_deg":null}},{"type":"Feature","geometry":{"type":"Point","coordinates":[-48.042725,-15.807007]},"properties":{"kind":"FIXED","limit_kmh":null,"source":"DETRAN-DF","active":true,"direction_deg":null}},{"type":"Feature","geometry":{"type":"Point","coordinates":[-47.91272,-15.807007]},"properties":{"kind":"FIXED","limit_kmh":null,"source":"DETRAN-DF","active":true,"direction_deg":null}},{"type":"Feature","geometry":{"type":"Point","coordinates":[-47.890991,-15.807007]},"properties":{"kind":"FIXED","limit_kmh":60,"source":"DETRAN-DF","active":true,"direction_deg":null}},{"type":"Feature","geometry":{"type":"Point","coordinates":[-47.937378,-15.806885]},"properties":{"kind":"FIXED","limit_kmh":60,"source":"DETRAN-DF+OSM","active":true,"direction_deg":null}},{"type":"Feature","geometry":{"type":"Point","coordinates":[-47.926208,-15.806885]},"properties":{"kind":"FIXED","limit_kmh":null,"source":"DETRAN-DF","active":true,"direction_deg":null}},{"type":"Feature","geometry":{"type":"Point","coordinates":[-47.895813,-15.806885]},"properties":{"kind":"FIXED","limit_kmh":null,"source":"DETRAN-DF","active":true,"direction_deg":null}},{"type":"Feature","geometry":{"type":"Point","coordinates":[-47.883423,-15.806885]},"properties":{"kind":"FIXED","limit_kmh":null,"source":"DETRAN-DF","active":true,"direction_deg":null}},{"type":"Feature","geometry":{"type":"Point","coordinates":[-47.880798,-15.806885]},"properties":{"kind":"FIXED","limit_kmh":null,"source":"DETRAN-DF","active":true,"direction_deg":null}},{"type":"Feature","geometry":{"type":"Point","coordinates":[-47.883789,-15.806824]},"properties":{"kind":"FIXED","limit_kmh":null,"source":"DETRAN-DF","active":true,"direction_deg":null}},{"type":"Feature","geometry":{"type":"Point","coordinates":[-47.933564,-15.806778]},"properties":{"kind":"FIXED","limit_kmh":60,"source":"OSM","active":true,"direction_deg":null}},{"type":"Feature","geometry":{"type":"Point","coordinates":[-48.140198,-15.806702]},"properties":{"kind":"FIXED","limit_kmh":null,"source":"DETRAN-DF","active":true,"direction_deg":null}},{"type":"Feature","geometry":{"type":"Point","coordinates":[-48.110596,-15.806702]},"properties":{"kind":"FIXED","limit_kmh":50,"source":"DETRAN-DF","active":true,"direction_deg":null}},{"type":"Feature","geometry":{"type":"Point","coordinates":[-47.88678,-15.806702]},"properties":{"kind":"FIXED","limit_kmh":null,"source":"DETRAN-DF","active":true,"direction_deg":null}},{"type":"Feature","geometry":{"type":"Point","coordinates":[-47.855713,-15.806702]},"properties":{"kind":"FIXED","limit_kmh":80,"source":"DETRAN-DF","active":true,"direction_deg":null}},{"type":"Feature","geometry":{"type":"Point","coordinates":[-48.126282,-15.80658]},"properties":{"kind":"FIXED","limit_kmh":50,"source":"DETRAN-DF","active":true,"direction_deg":null}},{"type":"Feature","geometry":{"type":"Point","coordinates":[-48.078613,-15.80658]},"properties":{"kind":"FIXED","limit_kmh":60,"source":"DETRAN-DF","active":true,"direction_deg":null}},{"type":"Feature","geometry":{"type":"Point","coordinates":[-47.933289,-15.80658]},"properties":{"kind":"FIXED","limit_kmh":60,"source":"DETRAN-DF","active":true,"direction_deg":null}},{"type":"Feature","geometry":{"type":"Point","coordinates":[-47.897217,-15.80658]},"properties":{"kind":"FIXED","limit_kmh":null,"source":"DETRAN-DF","active":true,"direction_deg":null}},{"type":"Feature","geometry":{"type":"Point","coordinates":[-47.896301,-15.80658]},"properties":{"kind":"FIXED","limit_kmh":null,"source":"DETRAN-DF","active":true,"direction_deg":null}},{"type":"Feature","geometry":{"type":"Point","coordinates":[-47.894897,-15.80658]},"properties":{"kind":"FIXED","limit_kmh":null,"source":"DETRAN-DF","active":true,"direction_deg":null}},{"type":"Feature","geometry":{"type":"Point","coordinates":[-47.890686,-15.80658]},"properties":{"kind":"FIXED","limit_kmh":60,"source":"DETRAN-DF","active":true,"direction_deg":null}},{"type":"Feature","geometry":{"type":"Point","coordinates":[-48.001404,-15.806519]},"properties":{"kind":"FIXED","limit_kmh":null,"source":"DETRAN-DF","active":true,"direction_deg":null}},{"type":"Feature","geometry":{"type":"Point","coordinates":[-47.955994,-15.806519]},"properties":{"kind":"FIXED","limit_kmh":null,"source":"DETRAN-DF","active":true,"direction_deg":null}},{"type":"Feature","geometry":{"type":"Point","coordinates":[-47.855489,-15.806465]},"properties":{"kind":"FIXED","limit_kmh":60,"source":"OSM","active":true,"direction_deg":null}},{"type":"Feature","geometry":{"type":"Point","coordinates":[-47.957825,-15.806396]},"properties":{"kind":"FIXED","limit_kmh":null,"source":"DETRAN-DF","active":true,"direction_deg":null}},{"type":"Feature","geometry":{"type":"Point","coordinates":[-47.931213,-15.806396]},"properties":{"kind":"FIXED","limit_kmh":null,"source":"DETRAN-DF","active":true,"direction_deg":null}},{"type":"Feature","geometry":{"type":"Point","coordinates":[-47.898987,-15.806396]},"properties":{"kind":"FIXED","limit_kmh":60,"source":"DETRAN-DF","active":true,"direction_deg":null}},{"type":"Feature","geometry":{"type":"Point","coordinates":[-47.881104,-15.806396]},"properties":{"kind":"FIXED","limit_kmh":60,"source":"DETRAN-DF","active":true,"direction_deg":null}},{"type":"Feature","geometry":{"type":"Point","coordinates":[-48.138428,-15.806213]},"properties":{"kind":"FIXED","limit_kmh":null,"source":"DETRAN-DF","active":true,"direction_deg":null}},{"type":"Feature","geometry":{"type":"Point","coordinates":[-48.011902,-15.806213]},"properties":{"kind":"FIXED","limit_kmh":null,"source":"DETRAN-DF","active":true,"direction_deg":null}},{"type":"Feature","geometry":{"type":"Point","coordinates":[-47.896912,-15.806213]},"properties":{"kind":"FIXED","limit_kmh":null,"source":"DETRAN-DF","active":true,"direction_deg":null}},{"type":"Feature","geometry":{"type":"Point","coordinates":[-48.108887,-15.806091]},"properties":{"kind":"FIXED","limit_kmh":60,"source":"DETRAN-DF","active":true,"direction_deg":null}},{"type":"Feature","geometry":{"type":"Point","coordinates":[-47.89563,-15.806091]},"properties":{"kind":"FIXED","limit_kmh":null,"source":"DETRAN-DF","active":true,"direction_deg":null}},{"type":"Feature","geometry":{"type":"Point","coordinates":[-47.895508,-15.806091]},"properties":{"kind":"FIXED","limit_kmh":null,"source":"DETRAN-DF","active":true,"direction_deg":null}},{"type":"Feature","geometry":{"type":"Point","coordinates":[-48.146179,-15.805908]},"properties":{"kind":"FIXED","limit_kmh":null,"source":"DETRAN-DF","active":true,"direction_deg":null}},{"type":"Feature","geometry":{"type":"Point","coordinates":[-48.137207,-15.805908]},"properties":{"kind":"FIXED","limit_kmh":null,"source":"DETRAN-DF","active":true,"direction_deg":null}},{"type":"Feature","geometry":{"type":"Point","coordinates":[-47.898682,-15.805908]},"properties":{"kind":"FIXED","limit_kmh":60,"source":"DETRAN-DF","active":true,"direction_deg":null}},{"type":"Feature","geometry":{"type":"Point","coordinates":[-48.103882,-15.805786]},"properties":{"kind":"FIXED","limit_kmh":null,"source":"DETRAN-DF","active":true,"direction_deg":null}},{"type":"Feature","geometry":{"type":"Point","coordinates":[-47.931702,-15.805786]},"properties":{"kind":"FIXED","limit_kmh":null,"source":"DETRAN-DF","active":true,"direction_deg":null}},{"type":"Feature","geometry":{"type":"Point","coordinates":[-47.93219,-15.805725]},"properties":{"kind":"FIXED","limit_kmh":null,"source":"DETRAN-DF","active":true,"direction_deg":null}},{"type":"Feature","geometry":{"type":"Point","coordinates":[-47.886108,-15.805725]},"properties":{"kind":"FIXED","limit_kmh":null,"source":"DETRAN-DF","active":true,"direction_deg":null}},{"type":"Feature","geometry":{"type":"Point","coordinates":[-47.885376,-15.805725]},"properties":{"kind":"FIXED","limit_kmh":null,"source":"DETRAN-DF","active":true,"direction_deg":null}},{"type":"Feature","geometry":{"type":"Point","coordinates":[-48.115906,-15.805603]},"properties":{"kind":"FIXED","limit_kmh":60,"source":"DETRAN-DF","active":true,"direction_deg":null}},{"type":"Feature","geometry":{"type":"Point","coordinates":[-48.093628,-15.805603]},"properties":{"kind":"FIXED","limit_kmh":50,"source":"DETRAN-DF","active":true,"direction_deg":null}},{"type":"Feature","geometry":{"type":"Point","coordinates":[-47.963013,-15.805603]},"properties":{"kind":"FIXED","limit_kmh":null,"source":"DETRAN-DF","active":true,"direction_deg":null}},{"type":"Feature","geometry":{"type":"Point","coordinates":[-47.932129,-15.805603]},"properties":{"kind":"FIXED","limit_kmh":null,"source":"DETRAN-DF","active":true,"direction_deg":null}},{"type":"Feature","geometry":{"type":"Point","coordinates":[-47.886719,-15.805603]},"properties":{"kind":"FIXED","limit_kmh":null,"source":"DETRAN-DF","active":true,"direction_deg":null}},{"type":"Feature","geometry":{"type":"Point","coordinates":[-48.146301,-15.805481]},"properties":{"kind":"FIXED","limit_kmh":null,"source":"DETRAN-DF","active":true,"direction_deg":null}},{"type":"Feature","geometry":{"type":"Point","coordinates":[-48.07489,-15.80542]},"properties":{"kind":"FIXED","limit_kmh":60,"source":"DETRAN-DF","active":true,"direction_deg":null}},{"type":"Feature","geometry":{"type":"Point","coordinates":[-47.887817,-15.80542]},"properties":{"kind":"FIXED","limit_kmh":60,"source":"DETRAN-DF","active":true,"direction_deg":null}},{"type":"Feature","geometry":{"type":"Point","coordinates":[-48.135376,-15.805298]},"properties":{"kind":"FIXED","limit_kmh":null,"source":"DETRAN-DF","active":true,"direction_deg":null}},{"type":"Feature","geometry":{"type":"Point","coordinates":[-47.888489,-15.805298]},"properties":{"kind":"FIXED","limit_kmh":80,"source":"DETRAN-DF","active":true,"direction_deg":null}},{"type":"Feature","geometry":{"type":"Point","coordinates":[-48.116394,-15.805176]},"properties":{"kind":"FIXED","limit_kmh":60,"source":"DETRAN-DF","active":true,"direction_deg":null}},{"type":"Feature","geometry":{"type":"Point","coordinates":[-48.094482,-15.805176]},"properties":{"kind":"FIXED","limit_kmh":50,"source":"DETRAN-DF","active":true,"direction_deg":null}},{"type":"Feature","geometry":{"type":"Point","coordinates":[-47.926025,-15.805176]},"properties":{"kind":"FIXED","limit_kmh":60,"source":"DETRAN-DF","active":true,"direction_deg":null}},{"type":"Feature","geometry":{"type":"Point","coordinates":[-47.893677,-15.805176]},"properties":{"kind":"FIXED","limit_kmh":null,"source":"DETRAN-DF","active":true,"direction_deg":null}},{"type":"Feature","geometry":{"type":"Point","coordinates":[-47.888611,-15.805176]},"properties":{"kind":"FIXED","limit_kmh":80,"source":"DETRAN-DF","active":true,"direction_deg":null}},{"type":"Feature","geometry":{"type":"Point","coordinates":[-47.854187,-15.805176]},"properties":{"kind":"FIXED","limit_kmh":40,"source":"DETRAN-DF","active":true,"direction_deg":null}},{"type":"Feature","geometry":{"type":"Point","coordinates":[-48.074707,-15.805115]},"properties":{"kind":"FIXED","limit_kmh":60,"source":"DETRAN-DF","active":true,"direction_deg":null}},{"type":"Feature","geometry":{"type":"Point","coordinates":[-47.887695,-15.805115]},"properties":{"kind":"FIXED","limit_kmh":60,"source":"DETRAN-DF","active":true,"direction_deg":null}},{"type":"Feature","geometry":{"type":"Point","coordinates":[-47.967285,-15.804993]},"properties":{"kind":"FIXED","limit_kmh":null,"source":"DETRAN-DF","active":true,"direction_deg":null}},{"type":"Feature","geometry":{"type":"Point","coordinates":[-47.931091,-15.804993]},"properties":{"kind":"FIXED","limit_kmh":null,"source":"DETRAN-DF","active":true,"direction_deg":null}},{"type":"Feature","geometry":{"type":"Point","coordinates":[-48.148193,-15.80481]},"properties":{"kind":"FIXED","limit_kmh":null,"source":"DETRAN-DF","active":true,"direction_deg":null}},{"type":"Feature","geometry":{"type":"Point","coordinates":[-48.146484,-15.80481]},"properties":{"kind":"FIXED","limit_kmh":null,"source":"DETRAN-DF","active":true,"direction_deg":null}},{"type":"Feature","geometry":{"type":"Point","coordinates":[-48.138,-15.80481]},"properties":{"kind":"FIXED","limit_kmh":null,"source":"DETRAN-DF","active":true,"direction_deg":null}},{"type":"Feature","geometry":{"type":"Point","coordinates":[-48.109985,-15.80481]},"properties":{"kind":"FIXED","limit_kmh":60,"source":"DETRAN-DF","active":true,"direction_deg":null}},{"type":"Feature","geometry":{"type":"Point","coordinates":[-47.966492,-15.80481]},"properties":{"kind":"FIXED","limit_kmh":null,"source":"DETRAN-DF","active":true,"direction_deg":null}},{"type":"Feature","geometry":{"type":"Point","coordinates":[-47.9245,-15.80481]},"properties":{"kind":"FIXED","limit_kmh":60,"source":"DETRAN-DF","active":true,"direction_deg":null}},{"type":"Feature","geometry":{"type":"Point","coordinates":[-48.147583,-15.804687]},"properties":{"kind":"FIXED","limit_kmh":null,"source":"DETRAN-DF","active":true,"direction_deg":null}},{"type":"Feature","geometry":{"type":"Point","coordinates":[-47.9552,-15.804687]},"properties":{"kind":"FIXED","limit_kmh":null,"source":"DETRAN-DF","active":true,"direction_deg":null}},{"type":"Feature","geometry":{"type":"Point","coordinates":[-47.930786,-15.804687]},"properties":{"kind":"FIXED","limit_kmh":null,"source":"DETRAN-DF","active":true,"direction_deg":null}},{"type":"Feature","geometry":{"type":"Point","coordinates":[-47.894287,-15.804687]},"properties":{"kind":"FIXED","limit_kmh":null,"source":"DETRAN-DF","active":true,"direction_deg":null}},{"type":"Feature","geometry":{"type":"Point","coordinates":[-47.893494,-15.804687]},"properties":{"kind":"FIXED","limit_kmh":null,"source":"DETRAN-DF","active":true,"direction_deg":null}},{"type":"Feature","geometry":{"type":"Point","coordinates":[-47.795898,-15.804687]},"properties":{"kind":"FIXED","limit_kmh":50,"source":"DETRAN-DF","active":true,"direction_deg":null}},{"type":"Feature","geometry":{"type":"Point","coordinates":[-48.147278,-15.804626]},"properties":{"kind":"FIXED","limit_kmh":null,"source":"DETRAN-DF","active":true,"direction_deg":null}},{"type":"Feature","geometry":{"type":"Point","coordinates":[-48.132812,-15.804626]},"properties":{"kind":"FIXED","limit_kmh":null,"source":"DETRAN-DF","active":true,"direction_deg":null}},{"type":"Feature","geometry":{"type":"Point","coordinates":[-47.954285,-15.804626]},"properties":{"kind":"FIXED","limit_kmh":null,"source":"DETRAN-DF","active":true,"direction_deg":null}},{"type":"Feature","geometry":{"type":"Point","coordinates":[-47.931824,-15.804504]},"properties":{"kind":"FIXED","limit_kmh":60,"source":"DETRAN-DF","active":true,"direction_deg":null}},{"type":"Feature","geometry":{"type":"Point","coordinates":[-47.910095,-15.804382]},"properties":{"kind":"FIXED","limit_kmh":null,"source":"DETRAN-DF","active":true,"direction_deg":null}},{"type":"Feature","geometry":{"type":"Point","coordinates":[-48.104919,-15.804199]},"properties":{"kind":"FIXED","limit_kmh":60,"source":"DETRAN-DF","active":true,"direction_deg":null}},{"type":"Feature","geometry":{"type":"Point","coordinates":[-47.946289,-15.804199]},"properties":{"kind":"FIXED","limit_kmh":50,"source":"DETRAN-DF","active":true,"direction_deg":null}},{"type":"Feature","geometry":{"type":"Point","coordinates":[-47.893982,-15.804199]},"properties":{"kind":"FIXED","limit_kmh":null,"source":"DETRAN-DF","active":true,"direction_deg":null}},{"type":"Feature","geometry":{"type":"Point","coordinates":[-47.853699,-15.804199]},"properties":{"kind":"FIXED","limit_kmh":40,"source":"DETRAN-DF","active":true,"direction_deg":null}},{"type":"Feature","geometry":{"type":"Point","coordinates":[-48.147827,-15.804077]},"properties":{"kind":"FIXED","limit_kmh":null,"source":"DETRAN-DF","active":true,"direction_deg":null}},{"type":"Feature","geometry":{"type":"Point","coordinates":[-47.861389,-15.804077]},"properties":{"kind":"FIXED","limit_kmh":null,"source":"DETRAN-DF","active":true,"direction_deg":null}},{"type":"Feature","geometry":{"type":"Point","coordinates":[-48.130798,-15.803894]},"properties":{"kind":"FIXED","limit_kmh":null,"source":"DETRAN-DF","active":true,"direction_deg":null}},{"type":"Feature","geometry":{"type":"Point","coordinates":[-48.096008,-15.803894]},"properties":{"kind":"FIXED","limit_kmh":null,"source":"DETRAN-DF","active":true,"direction_deg":null}},{"type":"Feature","geometry":{"type":"Point","coordinates":[-48.070618,-15.803711]},"properties":{"kind":"FIXED","limit_kmh":60,"source":"DETRAN-DF","active":true,"direction_deg":null}},{"type":"Feature","geometry":{"type":"Point","coordinates":[-47.959412,-15.803711]},"properties":{"kind":"FIXED","limit_kmh":null,"source":"DETRAN-DF","active":true,"direction_deg":null}},{"type":"Feature","geometry":{"type":"Point","coordinates":[-47.894592,-15.803711]},"properties":{"kind":"FIXED","limit_kmh":null,"source":"DETRAN-DF","active":true,"direction_deg":null}},{"type":"Feature","geometry":{"type":"Point","coordinates":[-47.893677,-15.803589]},"properties":{"kind":"FIXED","limit_kmh":null,"source":"DETRAN-DF","active":true,"direction_deg":null}},{"type":"Feature","geometry":{"type":"Point","coordinates":[-48.14563,-15.803528]},"properties":{"kind":"FIXED","limit_kmh":null,"source":"DETRAN-DF","active":true,"direction_deg":null}},{"type":"Feature","geometry":{"type":"Point","coordinates":[-48.057678,-15.803528]},"properties":{"kind":"FIXED","limit_kmh":60,"source":"DETRAN-DF+OSM","active":true,"direction_deg":null}},{"type":"Feature","geometry":{"type":"Point","coordinates":[-48.073181,-15.803406]},"properties":{"kind":"FIXED","limit_kmh":null,"source":"DETRAN-DF","active":true,"direction_deg":null}},{"type":"Feature","geometry":{"type":"Point","coordinates":[-48.111084,-15.803284]},"properties":{"kind":"FIXED","limit_kmh":50,"source":"DETRAN-DF","active":true,"direction_deg":null}},{"type":"Feature","geometry":{"type":"Point","coordinates":[-47.962402,-15.803284]},"properties":{"kind":"FIXED","limit_kmh":null,"source":"DETRAN-DF","active":true,"direction_deg":null}},{"type":"Feature","geometry":{"type":"Point","coordinates":[-47.939392,-15.803284]},"properties":{"kind":"FIXED","limit_kmh":50,"source":"DETRAN-DF+OSM","active":true,"direction_deg":null}},{"type":"Feature","geometry":{"type":"Point","coordinates":[-48.0755,-15.803223]},"properties":{"kind":"FIXED","limit_kmh":null,"source":"DETRAN-DF","active":true,"direction_deg":null}},{"type":"Feature","geometry":{"type":"Point","coordinates":[-47.9646,-15.803223]},"properties":{"kind":"FIXED","limit_kmh":null,"source":"DETRAN-DF","active":true,"direction_deg":null}},{"type":"Feature","geometry":{"type":"Point","coordinates":[-47.794128,-15.803223]},"properties":{"kind":"FIXED","limit_kmh":null,"source":"DETRAN-DF","active":true,"direction_deg":null}},{"type":"Feature","geometry":{"type":"Point","coordinates":[-48.145691,-15.803101]},"properties":{"kind":"FIXED","limit_kmh":null,"source":"DETRAN-DF","active":true,"direction_deg":null}},{"type":"Feature","geometry":{"type":"Point","coordinates":[-48.143677,-15.802979]},"properties":{"kind":"FIXED","limit_kmh":null,"source":"DETRAN-DF","active":true,"direction_deg":null}},{"type":"Feature","geometry":{"type":"Point","coordinates":[-48.073303,-15.802979]},"properties":{"kind":"FIXED","limit_kmh":null,"source":"DETRAN-DF","active":true,"direction_deg":null}},{"type":"Feature","geometry":{"type":"Point","coordinates":[-48.067383,-15.802979]},"properties":{"kind":"FIXED","limit_kmh":60,"source":"DETRAN-DF","active":true,"direction_deg":null}},{"type":"Feature","geometry":{"type":"Point","coordinates":[-47.904602,-15.802979]},"properties":{"kind":"FIXED","limit_kmh":null,"source":"DETRAN-DF","active":true,"direction_deg":null}},{"type":"Feature","geometry":{"type":"Point","coordinates":[-47.862305,-15.802979]},"properties":{"kind":"FIXED","limit_kmh":null,"source":"DETRAN-DF","active":true,"direction_deg":null}},{"type":"Feature","geometry":{"type":"Point","coordinates":[-48.067089,-15.802844]},"properties":{"kind":"FIXED","limit_kmh":60,"source":"OSM","active":true,"direction_deg":null}},{"type":"Feature","geometry":{"type":"Point","coordinates":[-48.138977,-15.802795]},"properties":{"kind":"FIXED","limit_kmh":null,"source":"DETRAN-DF","active":true,"direction_deg":null}},{"type":"Feature","geometry":{"type":"Point","coordinates":[-47.918579,-15.802795]},"properties":{"kind":"FIXED","limit_kmh":null,"source":"DETRAN-DF","active":true,"direction_deg":null}},{"type":"Feature","geometry":{"type":"Point","coordinates":[-48.144409,-15.802612]},"properties":{"kind":"FIXED","limit_kmh":null,"source":"DETRAN-DF","active":true,"direction_deg":null}},{"type":"Feature","geometry":{"type":"Point","coordinates":[-48.144104,-15.802612]},"properties":{"kind":"FIXED","limit_kmh":null,"source":"DETRAN-DF","active":true,"direction_deg":null}},{"type":"Feature","geometry":{"type":"Point","coordinates":[-48.142517,-15.802612]},"properties":{"kind":"FIXED","limit_kmh":null,"source":"DETRAN-DF","active":true,"direction_deg":null}},{"type":"Feature","geometry":{"type":"Point","coordinates":[-48.117676,-15.802612]},"properties":{"kind":"FIXED","limit_kmh":50,"source":"DETRAN-DF","active":true,"direction_deg":null}},{"type":"Feature","geometry":{"type":"Point","coordinates":[-47.945984,-15.802612]},"properties":{"kind":"FIXED","limit_kmh":50,"source":"DETRAN-DF","active":true,"direction_deg":null}},{"type":"Feature","geometry":{"type":"Point","coordinates":[-48.111877,-15.80249]},"properties":{"kind":"FIXED","limit_kmh":50,"source":"DETRAN-DF","active":true,"direction_deg":null}},{"type":"Feature","geometry":{"type":"Point","coordinates":[-48.098206,-15.80249]},"properties":{"kind":"FIXED","limit_kmh":null,"source":"DETRAN-DF","active":true,"direction_deg":null}},{"type":"Feature","geometry":{"type":"Point","coordinates":[-47.953613,-15.80249]},"properties":{"kind":"FIXED","limit_kmh":null,"source":"DETRAN-DF","active":true,"direction_deg":null}},{"type":"Feature","geometry":{"type":"Point","coordinates":[-47.882324,-15.80249]},"properties":{"kind":"FIXED","limit_kmh":50,"source":"DETRAN-DF","active":true,"direction_deg":null}},{"type":"Feature","geometry":{"type":"Point","coordinates":[-48.106506,-15.802429]},"properties":{"kind":"FIXED","limit_kmh":null,"source":"DETRAN-DF","active":true,"direction_deg":null}},{"type":"Feature","geometry":{"type":"Point","coordinates":[-47.926208,-15.802429]},"properties":{"kind":"FIXED","limit_kmh":null,"source":"DETRAN-DF","active":true,"direction_deg":null}},{"type":"Feature","geometry":{"type":"Point","coordinates":[-48.13031,-15.802307]},"properties":{"kind":"FIXED","limit_kmh":null,"source":"DETRAN-DF","active":true,"direction_deg":null}},{"type":"Feature","geometry":{"type":"Point","coordinates":[-47.956299,-15.802307]},"properties":{"kind":"FIXED","limit_kmh":null,"source":"DETRAN-DF","active":true,"direction_deg":null}},{"type":"Feature","geometry":{"type":"Point","coordinates":[-47.882507,-15.802307]},"properties":{"kind":"FIXED","limit_kmh":60,"source":"DETRAN-DF","active":true,"direction_deg":null}},{"type":"Feature","geometry":{"type":"Point","coordinates":[-47.882324,-15.802307]},"properties":{"kind":"FIXED","limit_kmh":60,"source":"DETRAN-DF","active":true,"direction_deg":null}},{"type":"Feature","geometry":{"type":"Point","coordinates":[-47.786804,-15.802307]},"properties":{"kind":"FIXED","limit_kmh":40,"source":"DETRAN-DF","active":true,"direction_deg":null}},{"type":"Feature","geometry":{"type":"Point","coordinates":[-48.137878,-15.802124]},"properties":{"kind":"FIXED","limit_kmh":null,"source":"DETRAN-DF","active":true,"direction_deg":null}},{"type":"Feature","geometry":{"type":"Point","coordinates":[-47.970703,-15.802124]},"properties":{"kind":"FIXED","limit_kmh":null,"source":"DETRAN-DF","active":true,"direction_deg":null}},{"type":"Feature","geometry":{"type":"Point","coordinates":[-48.14209,-15.802002]},"properties":{"kind":"FIXED","limit_kmh":null,"source":"DETRAN-DF","active":true,"direction_deg":null}},{"type":"Feature","geometry":{"type":"Point","coordinates":[-48.140503,-15.802002]},"properties":{"kind":"FIXED","limit_kmh":null,"source":"DETRAN-DF","active":true,"direction_deg":null}},{"type":"Feature","geometry":{"type":"Point","coordinates":[-47.886414,-15.802002]},"properties":{"kind":"FIXED","limit_kmh":80,"source":"DETRAN-DF","active":true,"direction_deg":null}},{"type":"Feature","geometry":{"type":"Point","coordinates":[-47.882812,-15.802002]},"properties":{"kind":"FIXED","limit_kmh":60,"source":"DETRAN-DF","active":true,"direction_deg":null}},{"type":"Feature","geometry":{"type":"Point","coordinates":[-48.127686,-15.80188]},"properties":{"kind":"FIXED","limit_kmh":null,"source":"DETRAN-DF","active":true,"direction_deg":null}},{"type":"Feature","geometry":{"type":"Point","coordinates":[-48.099487,-15.80188]},"properties":{"kind":"FIXED","limit_kmh":null,"source":"DETRAN-DF","active":true,"direction_deg":null}},{"type":"Feature","geometry":{"type":"Point","coordinates":[-48.063599,-15.80188]},"properties":{"kind":"FIXED","limit_kmh":60,"source":"DETRAN-DF","active":true,"direction_deg":null}},{"type":"Feature","geometry":{"type":"Point","coordinates":[-47.959106,-15.80188]},"properties":{"kind":"FIXED","limit_kmh":null,"source":"DETRAN-DF","active":true,"direction_deg":null}},{"type":"Feature","geometry":{"type":"Point","coordinates":[-47.957092,-15.80188]},"properties":{"kind":"FIXED","limit_kmh":null,"source":"DETRAN-DF","active":true,"direction_deg":null}},{"type":"Feature","geometry":{"type":"Point","coordinates":[-47.941101,-15.80188]},"properties":{"kind":"FIXED","limit_kmh":50,"source":"DETRAN-DF","active":true,"direction_deg":null}},{"type":"Feature","geometry":{"type":"Point","coordinates":[-47.894775,-15.80188]},"properties":{"kind":"FIXED","limit_kmh":60,"source":"DETRAN-DF","active":true,"direction_deg":null}},{"type":"Feature","geometry":{"type":"Point","coordinates":[-48.136292,-15.801697]},"properties":{"kind":"FIXED","limit_kmh":null,"source":"DETRAN-DF","active":true,"direction_deg":null}},{"type":"Feature","geometry":{"type":"Point","coordinates":[-48.134705,-15.801697]},"properties":{"kind":"FIXED","limit_kmh":null,"source":"DETRAN-DF","active":true,"direction_deg":null}},{"type":"Feature","geometry":{"type":"Point","coordinates":[-47.885986,-15.801697]},"properties":{"kind":"FIXED","limit_kmh":80,"source":"DETRAN-DF","active":true,"direction_deg":null}},{"type":"Feature","geometry":{"type":"Point","coordinates":[-47.854614,-15.801697]},"properties":{"kind":"FIXED","limit_kmh":60,"source":"DETRAN-DF+OSM","active":true,"direction_deg":null}},{"type":"Feature","geometry":{"type":"Point","coordinates":[-47.854187,-15.801697]},"properties":{"kind":"FIXED","limit_kmh":60,"source":"DETRAN-DF","active":true,"direction_deg":null}},{"type":"Feature","geometry":{"type":"Point","coordinates":[-48.135376,-15.801575]},"properties":{"kind":"FIXED","limit_kmh":null,"source":"DETRAN-DF","active":true,"direction_deg":null}},{"type":"Feature","geometry":{"type":"Point","coordinates":[-48.062988,-15.801575]},"properties":{"kind":"FIXED","limit_kmh":60,"source":"DETRAN-DF","active":true,"direction_deg":null}},{"type":"Feature","geometry":{"type":"Point","coordinates":[-47.921021,-15.801575]},"properties":{"kind":"FIXED","limit_kmh":null,"source":"DETRAN-DF","active":true,"direction_deg":null}},{"type":"Feature","geometry":{"type":"Point","coordinates":[-47.848389,-15.801575]},"properties":{"kind":"FIXED","limit_kmh":null,"source":"DETRAN-DF","active":true,"direction_deg":null}},{"type":"Feature","geometry":{"type":"Point","coordinates":[-48.133728,-15.801514]},"properties":{"kind":"FIXED","limit_kmh":null,"source":"DETRAN-DF","active":true,"direction_deg":null}},{"type":"Feature","geometry":{"type":"Point","coordinates":[-48.118408,-15.801514]},"properties":{"kind":"FIXED","limit_kmh":50,"source":"DETRAN-DF","active":true,"direction_deg":null}},{"type":"Feature","geometry":{"type":"Point","coordinates":[-48.124207,-15.801392]},"properties":{"kind":"FIXED","limit_kmh":null,"source":"DETRAN-DF","active":true,"direction_deg":null}},{"type":"Feature","geometry":{"type":"Point","coordinates":[-48.125916,-15.801208]},"properties":{"kind":"FIXED","limit_kmh":null,"source":"DETRAN-DF","active":true,"direction_deg":null}},{"type":"Feature","geometry":{"type":"Point","coordinates":[-47.918213,-15.801208]},"properties":{"kind":"FIXED","limit_kmh":60,"source":"DETRAN-DF","active":true,"direction_deg":null}},{"type":"Feature","geometry":{"type":"Point","coordinates":[-47.791382,-15.801208]},"properties":{"kind":"FIXED","limit_kmh":50,"source":"DETRAN-DF","active":true,"direction_deg":null}},{"type":"Feature","geometry":{"type":"Point","coordinates":[-48.134888,-15.801086]},"properties":{"kind":"FIXED","limit_kmh":null,"source":"DETRAN-DF","active":true,"direction_deg":null}},{"type":"Feature","geometry":{"type":"Point","coordinates":[-48.000977,-15.801086]},"properties":{"kind":"FIXED","limit_kmh":70,"source":"DETRAN-DF","active":true,"direction_deg":null}},{"type":"Feature","geometry":{"type":"Point","coordinates":[-47.963013,-15.801086]},"properties":{"kind":"FIXED","limit_kmh":null,"source":"DETRAN-DF","active":true,"direction_deg":null}},{"type":"Feature","geometry":{"type":"Point","coordinates":[-47.921082,-15.801086]},"properties":{"kind":"FIXED","limit_kmh":null,"source":"DETRAN-DF","active":true,"direction_deg":null}},{"type":"Feature","geometry":{"type":"Point","coordinates":[-48.131775,-15.800781]},"properties":{"kind":"FIXED","limit_kmh":null,"source":"DETRAN-DF","active":true,"direction_deg":null}},{"type":"Feature","geometry":{"type":"Point","coordinates":[-48.060303,-15.800781]},"properties":{"kind":"FIXED","limit_kmh":60,"source":"DETRAN-DF","active":true,"direction_deg":null}},{"type":"Feature","geometry":{"type":"Point","coordinates":[-47.966492,-15.800781]},"properties":{"kind":"FIXED","limit_kmh":null,"source":"DETRAN-DF","active":true,"direction_deg":null}},{"type":"Feature","geometry":{"type":"Point","coordinates":[-47.917725,-15.800781]},"properties":{"kind":"FIXED","limit_kmh":60,"source":"DETRAN-DF+OSM","active":true,"direction_deg":null}},{"type":"Feature","geometry":{"type":"Point","coordinates":[-47.789612,-15.800781]},"properties":{"kind":"FIXED","limit_kmh":40,"source":"DETRAN-DF","active":true,"direction_deg":null}},{"type":"Feature","geometry":{"type":"Point","coordinates":[-48.130798,-15.80072]},"properties":{"kind":"FIXED","limit_kmh":null,"source":"DETRAN-DF","active":true,"direction_deg":null}},{"type":"Feature","geometry":{"type":"Point","coordinates":[-47.92218,-15.80072]},"properties":{"kind":"FIXED","limit_kmh":null,"source":"DETRAN-DF","active":true,"direction_deg":null}},{"type":"Feature","geometry":{"type":"Point","coordinates":[-48.076976,-15.800628]},"properties":{"kind":"FIXED","limit_kmh":null,"source":"DNIT","active":true,"direction_deg":53}},{"type":"Feature","geometry":{"type":"Point","coordinates":[-48.122986,-15.800598]},"properties":{"kind":"FIXED","limit_kmh":null,"source":"DETRAN-DF","active":true,"direction_deg":null}},{"type":"Feature","geometry":{"type":"Point","coordinates":[-47.965698,-15.800598]},"properties":{"kind":"FIXED","limit_kmh":null,"source":"DETRAN-DF","active":true,"direction_deg":null}},{"type":"Feature","geometry":{"type":"Point","coordinates":[-47.946106,-15.800598]},"properties":{"kind":"FIXED","limit_kmh":80,"source":"DETRAN-DF","active":true,"direction_deg":null}},{"type":"Feature","geometry":{"type":"Point","coordinates":[-47.880981,-15.800598]},"properties":{"kind":"FIXED","limit_kmh":null,"source":"DETRAN-DF","active":true,"direction_deg":null}},{"type":"Feature","geometry":{"type":"Point","coordinates":[-48.059875,-15.800476]},"properties":{"kind":"FIXED","limit_kmh":60,"source":"DETRAN-DF+OSM","active":true,"direction_deg":null}},{"type":"Feature","geometry":{"type":"Point","coordinates":[-47.919006,-15.800415]},"properties":{"kind":"FIXED","limit_kmh":null,"source":"DETRAN-DF","active":true,"direction_deg":null}},{"type":"Feature","geometry":{"type":"Point","coordinates":[-48.124023,-15.800293]},"properties":{"kind":"FIXED","limit_kmh":null,"source":"DETRAN-DF","active":true,"direction_deg":null}},{"type":"Feature","geometry":{"type":"Point","coordinates":[-48.130981,-15.80011]},"properties":{"kind":"FIXED","limit_kmh":null,"source":"DETRAN-DF","active":true,"direction_deg":null}},{"type":"Feature","geometry":{"type":"Point","coordinates":[-48.058594,-15.80011]},"properties":{"kind":"FIXED","limit_kmh":60,"source":"DETRAN-DF+OSM","active":true,"direction_deg":null}},{"type":"Feature","geometry":{"type":"Point","coordinates":[-48.016479,-15.80011]},"properties":{"kind":"FIXED","limit_kmh":null,"source":"DETRAN-DF","active":true,"direction_deg":null}},{"type":"Feature","geometry":{"type":"Point","coordinates":[-47.944519,-15.80011]},"properties":{"kind":"FIXED","limit_kmh":null,"source":"DETRAN-DF","active":true,"direction_deg":null}},{"type":"Feature","geometry":{"type":"Point","coordinates":[-47.94043,-15.799988]},"properties":{"kind":"FIXED","limit_kmh":null,"source":"DETRAN-DF","active":true,"direction_deg":null}},{"type":"Feature","geometry":{"type":"Point","coordinates":[-47.921692,-15.799988]},"properties":{"kind":"FIXED","limit_kmh":null,"source":"DETRAN-DF","active":true,"direction_deg":null}},{"type":"Feature","geometry":{"type":"Point","coordinates":[-48.057922,-15.799927]},"properties":{"kind":"FIXED","limit_kmh":60,"source":"DETRAN-DF","active":true,"direction_deg":null}},{"type":"Feature","geometry":{"type":"Point","coordinates":[-47.918213,-15.799927]},"properties":{"kind":"FIXED","limit_kmh":null,"source":"DETRAN-DF","active":true,"direction_deg":null}},{"type":"Feature","geometry":{"type":"Point","coordinates":[-47.89679,-15.799927]},"properties":{"kind":"FIXED","limit_kmh":50,"source":"DETRAN-DF","active":true,"direction_deg":null}},{"type":"Feature","geometry":{"type":"Point","coordinates":[-47.942383,-15.799805]},"properties":{"kind":"FIXED","limit_kmh":null,"source":"DETRAN-DF","active":true,"direction_deg":null}},{"type":"Feature","geometry":{"type":"Point","coordinates":[-47.919983,-15.799805]},"properties":{"kind":"FIXED","limit_kmh":null,"source":"DETRAN-DF","active":true,"direction_deg":null}},{"type":"Feature","geometry":{"type":"Point","coordinates":[-47.919495,-15.799805]},"properties":{"kind":"FIXED","limit_kmh":null,"source":"DETRAN-DF","active":true,"direction_deg":null}},{"type":"Feature","geometry":{"type":"Point","coordinates":[-47.887207,-15.799805]},"properties":{"kind":"FIXED","limit_kmh":60,"source":"DETRAN-DF","active":true,"direction_deg":null}},{"type":"Feature","geometry":{"type":"Point","coordinates":[-48.042725,-15.799683]},"properties":{"kind":"FIXED","limit_kmh":null,"source":"DETRAN-DF","active":true,"direction_deg":null}},{"type":"Feature","geometry":{"type":"Point","coordinates":[-47.946289,-15.799683]},"properties":{"kind":"FIXED","limit_kmh":80,"source":"DETRAN-DF","active":true,"direction_deg":null}},{"type":"Feature","geometry":{"type":"Point","coordinates":[-47.940918,-15.799683]},"properties":{"kind":"FIXED","limit_kmh":null,"source":"DETRAN-DF","active":true,"direction_deg":null}},{"type":"Feature","geometry":{"type":"Point","coordinates":[-47.901489,-15.799683]},"properties":{"kind":"FIXED","limit_kmh":null,"source":"DETRAN-DF","active":true,"direction_deg":null}},{"type":"Feature","geometry":{"type":"Point","coordinates":[-48.056519,-15.7995]},"properties":{"kind":"FIXED","limit_kmh":60,"source":"DETRAN-DF","active":true,"direction_deg":null}},{"type":"Feature","geometry":{"type":"Point","coordinates":[-47.944275,-15.7995]},"properties":{"kind":"FIXED","limit_kmh":null,"source":"DETRAN-DF","active":true,"direction_deg":null}},{"type":"Feature","geometry":{"type":"Point","coordinates":[-48.057007,-15.799377]},"properties":{"kind":"FIXED","limit_kmh":null,"source":"DETRAN-DF","active":true,"direction_deg":null}},{"type":"Feature","geometry":{"type":"Point","coordinates":[-47.918823,-15.799377]},"properties":{"kind":"FIXED","limit_kmh":null,"source":"DETRAN-DF","active":true,"direction_deg":null}},{"type":"Feature","geometry":{"type":"Point","coordinates":[-47.918213,-15.799377]},"properties":{"kind":"FIXED","limit_kmh":null,"source":"DETRAN-DF","active":true,"direction_deg":null}},{"type":"Feature","geometry":{"type":"Point","coordinates":[-47.885315,-15.799377]},"properties":{"kind":"FIXED","limit_kmh":60,"source":"DETRAN-DF","active":true,"direction_deg":null}},{"type":"Feature","geometry":{"type":"Point","coordinates":[-47.880493,-15.799377]},"properties":{"kind":"FIXED","limit_kmh":null,"source":"DETRAN-DF","active":true,"direction_deg":null}},{"type":"Feature","geometry":{"type":"Point","coordinates":[-47.93689,-15.799316]},"properties":{"kind":"FIXED","limit_kmh":null,"source":"DETRAN-DF","active":true,"direction_deg":null}},{"type":"Feature","geometry":{"type":"Point","coordinates":[-47.920776,-15.799316]},"properties":{"kind":"FIXED","limit_kmh":null,"source":"DETRAN-DF","active":true,"direction_deg":null}},{"type":"Feature","geometry":{"type":"Point","coordinates":[-47.893005,-15.799316]},"properties":{"kind":"FIXED","limit_kmh":60,"source":"DETRAN-DF","active":true,"direction_deg":null}},{"type":"Feature","geometry":{"type":"Point","coordinates":[-47.943481,-15.799194]},"properties":{"kind":"FIXED","limit_kmh":null,"source":"DETRAN-DF","active":true,"direction_deg":null}},{"type":"Feature","geometry":{"type":"Point","coordinates":[-47.868896,-15.799194]},"properties":{"kind":"FIXED","limit_kmh":60,"source":"DETRAN-DF","active":true,"direction_deg":null}},{"type":"Feature","geometry":{"type":"Point","coordinates":[-48.087775,-15.799192]},"properties":{"kind":"FIXED","limit_kmh":80,"source":"DNIT+DETRAN-DF","active":true,"direction_deg":308}},{"type":"Feature","geometry":{"type":"Point","coordinates":[-48.056415,-15.799166]},"properties":{"kind":"FIXED","limit_kmh":null,"source":"OSM","active":true,"direction_deg":null}},{"type":"Feature","geometry":{"type":"Point","coordinates":[-48.139709,-15.799011]},"properties":{"kind":"FIXED","limit_kmh":null,"source":"DETRAN-DF","active":true,"direction_deg":null}},{"type":"Feature","geometry":{"type":"Point","coordinates":[-48.103394,-15.799011]},"properties":{"kind":"FIXED","limit_kmh":50,"source":"DETRAN-DF","active":true,"direction_deg":null}},{"type":"Feature","geometry":{"type":"Point","coordinates":[-48.054626,-15.799011]},"properties":{"kind":"FIXED","limit_kmh":null,"source":"DETRAN-DF","active":true,"direction_deg":null}},{"type":"Feature","geometry":{"type":"Point","coordinates":[-48.016113,-15.799011]},"properties":{"kind":"FIXED","limit_kmh":null,"source":"DETRAN-DF","active":true,"direction_deg":null}},{"type":"Feature","geometry":{"type":"Point","coordinates":[-48.001526,-15.799011]},"properties":{"kind":"FIXED","limit_kmh":null,"source":"DETRAN-DF","active":true,"direction_deg":null}},{"type":"Feature","geometry":{"type":"Point","coordinates":[-47.937683,-15.799011]},"properties":{"kind":"FIXED","limit_kmh":null,"source":"DETRAN-DF","active":true,"direction_deg":null}},{"type":"Feature","geometry":{"type":"Point","coordinates":[-47.944214,-15.798889]},"properties":{"kind":"FIXED","limit_kmh":null,"source":"DETRAN-DF","active":true,"direction_deg":null}},{"type":"Feature","geometry":{"type":"Point","coordinates":[-47.919678,-15.798889]},"properties":{"kind":"FIXED","limit_kmh":null,"source":"DETRAN-DF","active":true,"direction_deg":null}},{"type":"Feature","geometry":{"type":"Point","coordinates":[-47.914185,-15.798889]},"properties":{"kind":"FIXED","limit_kmh":60,"source":"DETRAN-DF+OSM","active":true,"direction_deg":null}},{"type":"Feature","geometry":{"type":"Point","coordinates":[-47.889587,-15.798889]},"properties":{"kind":"FIXED","limit_kmh":60,"source":"DETRAN-DF","active":true,"direction_deg":null}},{"type":"Feature","geometry":{"type":"Point","coordinates":[-48.000488,-15.798828]},"properties":{"kind":"FIXED","limit_kmh":70,"source":"DETRAN-DF","active":true,"direction_deg":null}},{"type":"Feature","geometry":{"type":"Point","coordinates":[-47.938416,-15.798828]},"properties":{"kind":"FIXED","limit_kmh":null,"source":"DETRAN-DF","active":true,"direction_deg":null}},{"type":"Feature","geometry":{"type":"Point","coordinates":[-47.936584,-15.798828]},"properties":{"kind":"FIXED","limit_kmh":null,"source":"DETRAN-DF","active":true,"direction_deg":null}},{"type":"Feature","geometry":{"type":"Point","coordinates":[-48.050781,-15.798706]},"properties":{"kind":"FIXED","limit_kmh":null,"source":"DETRAN-DF","active":true,"direction_deg":null}},{"type":"Feature","geometry":{"type":"Point","coordinates":[-47.943298,-15.798706]},"properties":{"kind":"FIXED","limit_kmh":null,"source":"DETRAN-DF","active":true,"direction_deg":null}},{"type":"Feature","geometry":{"type":"Point","coordinates":[-47.941895,-15.798584]},"properties":{"kind":"FIXED","limit_kmh":null,"source":"DETRAN-DF","active":true,"direction_deg":null}},{"type":"Feature","geometry":{"type":"Point","coordinates":[-47.938782,-15.798584]},"properties":{"kind":"FIXED","limit_kmh":null,"source":"DETRAN-DF","active":true,"direction_deg":null}},{"type":"Feature","geometry":{"type":"Point","coordinates":[-47.918701,-15.798584]},"properties":{"kind":"FIXED","limit_kmh":null,"source":"DETRAN-DF","active":true,"direction_deg":null}},{"type":"Feature","geometry":{"type":"Point","coordinates":[-48.049011,-15.798523]},"properties":{"kind":"FIXED","limit_kmh":null,"source":"DETRAN-DF","active":true,"direction_deg":null}},{"type":"Feature","geometry":{"type":"Point","coordinates":[-48.05249,-15.798401]},"properties":{"kind":"FIXED","limit_kmh":null,"source":"DETRAN-DF","active":true,"direction_deg":null}},{"type":"Feature","geometry":{"type":"Point","coordinates":[-47.940613,-15.798401]},"properties":{"kind":"FIXED","limit_kmh":null,"source":"DETRAN-DF","active":true,"direction_deg":null}},{"type":"Feature","geometry":{"type":"Point","coordinates":[-47.943909,-15.798279]},"properties":{"kind":"FIXED","limit_kmh":null,"source":"DETRAN-DF","active":true,"direction_deg":null}},{"type":"Feature","geometry":{"type":"Point","coordinates":[-47.940125,-15.798279]},"properties":{"kind":"FIXED","limit_kmh":null,"source":"DETRAN-DF","active":true,"direction_deg":null}},{"type":"Feature","geometry":{"type":"Point","coordinates":[-47.861694,-15.798218]},"properties":{"kind":"FIXED","limit_kmh":null,"source":"DETRAN-DF","active":true,"direction_deg":null}},{"type":"Feature","geometry":{"type":"Point","coordinates":[-48.047913,-15.798096]},"properties":{"kind":"FIXED","limit_kmh":null,"source":"DETRAN-DF","active":true,"direction_deg":null}},{"type":"Feature","geometry":{"type":"Point","coordinates":[-48.015808,-15.797913]},"properties":{"kind":"FIXED","limit_kmh":null,"source":"DETRAN-DF","active":true,"direction_deg":null}},{"type":"Feature","geometry":{"type":"Point","coordinates":[-47.860596,-15.797913]},"properties":{"kind":"FIXED","limit_kmh":null,"source":"DETRAN-DF","active":true,"direction_deg":null}},{"type":"Feature","geometry":{"type":"Point","coordinates":[-48.109802,-15.797791]},"properties":{"kind":"FIXED","limit_kmh":60,"source":"DETRAN-DF","active":true,"direction_deg":null}},{"type":"Feature","geometry":{"type":"Point","coordinates":[-48.071716,-15.797791]},"properties":{"kind":"FIXED","limit_kmh":60,"source":"DETRAN-DF","active":true,"direction_deg":null}},{"type":"Feature","geometry":{"type":"Point","coordinates":[-48.042603,-15.797791]},"properties":{"kind":"FIXED","limit_kmh":null,"source":"DETRAN-DF","active":true,"direction_deg":null}},{"type":"Feature","geometry":{"type":"Point","coordinates":[-47.941528,-15.797791]},"properties":{"kind":"FIXED","limit_kmh":null,"source":"DETRAN-DF","active":true,"direction_deg":null}},{"type":"Feature","geometry":{"type":"Point","coordinates":[-48.140625,-15.797607]},"properties":{"kind":"FIXED","limit_kmh":null,"source":"DETRAN-DF","active":true,"direction_deg":null}},{"type":"Feature","geometry":{"type":"Point","coordinates":[-48.129578,-15.797607]},"properties":{"kind":"FIXED","limit_kmh":50,"source":"DETRAN-DF","active":true,"direction_deg":null}},{"type":"Feature","geometry":{"type":"Point","coordinates":[-47.891479,-15.797607]},"properties":{"kind":"FIXED","limit_kmh":60,"source":"DETRAN-DF","active":true,"direction_deg":null}},{"type":"Feature","geometry":{"type":"Point","coordinates":[-47.858887,-15.797607]},"properties":{"kind":"FIXED","limit_kmh":null,"source":"DETRAN-DF","active":true,"direction_deg":null}},{"type":"Feature","geometry":{"type":"Point","coordinates":[-48.04718,-15.797485]},"properties":{"kind":"FIXED","limit_kmh":null,"source":"DETRAN-DF","active":true,"direction_deg":null}},{"type":"Feature","geometry":{"type":"Point","coordinates":[-48.045776,-15.797485]},"properties":{"kind":"FIXED","limit_kmh":null,"source":"DETRAN-DF","active":true,"direction_deg":null}},{"type":"Feature","geometry":{"type":"Point","coordinates":[-48.045288,-15.797485]},"properties":{"kind":"FIXED","limit_kmh":null,"source":"DETRAN-DF","active":true,"direction_deg":null}},{"type":"Feature","geometry":{"type":"Point","coordinates":[-48.042908,-15.797485]},"properties":{"kind":"FIXED","limit_kmh":null,"source":"DETRAN-DF","active":true,"direction_deg":null}},{"type":"Feature","geometry":{"type":"Point","coordinates":[-47.942505,-15.797485]},"properties":{"kind":"FIXED","limit_kmh":null,"source":"DETRAN-DF","active":true,"direction_deg":null}},{"type":"Feature","geometry":{"type":"Point","coordinates":[-47.940308,-15.797485]},"properties":{"kind":"FIXED","limit_kmh":null,"source":"DETRAN-DF","active":true,"direction_deg":null}},{"type":"Feature","geometry":{"type":"Point","coordinates":[-47.883911,-15.797485]},"properties":{"kind":"FIXED","limit_kmh":60,"source":"DETRAN-DF","active":true,"direction_deg":null}},{"type":"Feature","geometry":{"type":"Point","coordinates":[-47.85321,-15.797485]},"properties":{"kind":"FIXED","limit_kmh":80,"source":"DETRAN-DF","active":true,"direction_deg":null}},{"type":"Feature","geometry":{"type":"Point","coordinates":[-48.125122,-15.797424]},"properties":{"kind":"FIXED","limit_kmh":null,"source":"DETRAN-DF","active":true,"direction_deg":null}},{"type":"Feature","geometry":{"type":"Point","coordinates":[-48.015808,-15.797424]},"properties":{"kind":"FIXED","limit_kmh":null,"source":"DETRAN-DF","active":true,"direction_deg":null}},{"type":"Feature","geometry":{"type":"Point","coordinates":[-47.941589,-15.797424]},"properties":{"kind":"FIXED","limit_kmh":null,"source":"DETRAN-DF","active":true,"direction_deg":null}},{"type":"Feature","geometry":{"type":"Point","coordinates":[-47.911621,-15.797424]},"properties":{"kind":"FIXED","limit_kmh":null,"source":"DETRAN-DF","active":true,"direction_deg":null}},{"type":"Feature","geometry":{"type":"Point","coordinates":[-48.129883,-15.797302]},"properties":{"kind":"FIXED","limit_kmh":50,"source":"DETRAN-DF","active":true,"direction_deg":null}},{"type":"Feature","geometry":{"type":"Point","coordinates":[-47.89209,-15.797302]},"properties":{"kind":"FIXED","limit_kmh":60,"source":"DETRAN-DF","active":true,"direction_deg":null}},{"type":"Feature","geometry":{"type":"Point","coordinates":[-47.884583,-15.797302]},"properties":{"kind":"FIXED","limit_kmh":60,"source":"DETRAN-DF","active":true,"direction_deg":null}},{"type":"Feature","geometry":{"type":"Point","coordinates":[-47.783691,-15.797302]},"properties":{"kind":"FIXED","limit_kmh":50,"source":"DETRAN-DF","active":true,"direction_deg":null}},{"type":"Feature","geometry":{"type":"Point","coordinates":[-47.934509,-15.79718]},"properties":{"kind":"FIXED","limit_kmh":null,"source":"DETRAN-DF","active":true,"direction_deg":null}},{"type":"Feature","geometry":{"type":"Point","coordinates":[-47.863892,-15.79718]},"properties":{"kind":"FIXED","limit_kmh":null,"source":"DETRAN-DF","active":true,"direction_deg":null}},{"type":"Feature","geometry":{"type":"Point","coordinates":[-47.85791,-15.79718]},"properties":{"kind":"FIXED","limit_kmh":null,"source":"DETRAN-DF","active":true,"direction_deg":null}},{"type":"Feature","geometry":{"type":"Point","coordinates":[-47.856812,-15.79718]},"properties":{"kind":"FIXED","limit_kmh":null,"source":"DETRAN-DF","active":true,"direction_deg":null}},{"type":"Feature","geometry":{"type":"Point","coordinates":[-48.001587,-15.797119]},"properties":{"kind":"FIXED","limit_kmh":null,"source":"DETRAN-DF","active":true,"direction_deg":null}},{"type":"Feature","geometry":{"type":"Point","coordinates":[-47.943481,-15.797119]},"properties":{"kind":"FIXED","limit_kmh":null,"source":"DETRAN-DF","active":true,"direction_deg":null}},{"type":"Feature","geometry":{"type":"Point","coordinates":[-47.938599,-15.796997]},"properties":{"kind":"FIXED","limit_kmh":null,"source":"DETRAN-DF","active":true,"direction_deg":null}},{"type":"Feature","geometry":{"type":"Point","coordinates":[-47.849426,-15.796997]},"properties":{"kind":"FIXED","limit_kmh":null,"source":"DETRAN-DF","active":true,"direction_deg":null}},{"type":"Feature","geometry":{"type":"Point","coordinates":[-48.191315,-15.796992]},"properties":{"kind":"FIXED","limit_kmh":null,"source":"DNIT","active":true,"direction_deg":287}},{"type":"Feature","geometry":{"type":"Point","coordinates":[-48.191641,-15.796916]},"properties":{"kind":"FIXED","limit_kmh":60,"source":"OSM","active":true,"direction_deg":null}},{"type":"Feature","geometry":{"type":"Point","coordinates":[-48.1736,-15.7969]},"properties":{"kind":"FIXED","limit_kmh":null,"source":"DNIT","active":true,"direction_deg":71}},{"type":"Feature","geometry":{"type":"Point","coordinates":[-48.091763,-15.796892]},"properties":{"kind":"FIXED","limit_kmh":80,"source":"DNIT+DETRAN-DF","active":true,"direction_deg":123}},{"type":"Feature","geometry":{"type":"Point","coordinates":[-48.120483,-15.796875]},"properties":{"kind":"FIXED","limit_kmh":null,"source":"DETRAN-DF","active":true,"direction_deg":null}},{"type":"Feature","geometry":{"type":"Point","coordinates":[-47.859009,-15.796875]},"properties":{"kind":"FIXED","limit_kmh":null,"source":"DETRAN-DF","active":true,"direction_deg":null}},{"type":"Feature","geometry":{"type":"Point","coordinates":[-47.93988,-15.796692]},"properties":{"kind":"FIXED","limit_kmh":null,"source":"DETRAN-DF","active":true,"direction_deg":null}},{"type":"Feature","geometry":{"type":"Point","coordinates":[-47.938293,-15.796692]},"properties":{"kind":"FIXED","limit_kmh":null,"source":"DETRAN-DF","active":true,"direction_deg":null}},{"type":"Feature","geometry":{"type":"Point","coordinates":[-47.870422,-15.796692]},"properties":{"kind":"FIXED","limit_kmh":60,"source":"DETRAN-DF","active":true,"direction_deg":null}},{"type":"Feature","geometry":{"type":"Point","coordinates":[-47.850403,-15.796692]},"properties":{"kind":"FIXED","limit_kmh":null,"source":"DETRAN-DF","active":true,"direction_deg":null}},{"type":"Feature","geometry":{"type":"Point","coordinates":[-47.94519,-15.796509]},"properties":{"kind":"FIXED","limit_kmh":80,"source":"DETRAN-DF","active":true,"direction_deg":null}},{"type":"Feature","geometry":{"type":"Point","coordinates":[-47.936829,-15.796509]},"properties":{"kind":"FIXED","limit_kmh":null,"source":"DETRAN-DF","active":true,"direction_deg":null}},{"type":"Feature","geometry":{"type":"Point","coordinates":[-47.933289,-15.796509]},"properties":{"kind":"FIXED","limit_kmh":null,"source":"DETRAN-DF","active":true,"direction_deg":null}},{"type":"Feature","geometry":{"type":"Point","coordinates":[-47.87738,-15.796509]},"properties":{"kind":"FIXED","limit_kmh":60,"source":"DETRAN-DF","active":true,"direction_deg":null}},{"type":"Feature","geometry":{"type":"Point","coordinates":[-47.85321,-15.796509]},"properties":{"kind":"FIXED","limit_kmh":80,"source":"DETRAN-DF+OSM","active":true,"direction_deg":null}},{"type":"Feature","geometry":{"type":"Point","coordinates":[-47.941101,-15.796387]},"properties":{"kind":"FIXED","limit_kmh":null,"source":"DETRAN-DF","active":true,"direction_deg":null}},{"type":"Feature","geometry":{"type":"Point","coordinates":[-47.938904,-15.796387]},"properties":{"kind":"FIXED","limit_kmh":null,"source":"DETRAN-DF","active":true,"direction_deg":null}},{"type":"Feature","geometry":{"type":"Point","coordinates":[-47.865112,-15.796387]},"properties":{"kind":"FIXED","limit_kmh":null,"source":"DETRAN-DF","active":true,"direction_deg":null}},{"type":"Feature","geometry":{"type":"Point","coordinates":[-47.851624,-15.796387]},"properties":{"kind":"FIXED","limit_kmh":null,"source":"DETRAN-DF","active":true,"direction_deg":null}},{"type":"Feature","geometry":{"type":"Point","coordinates":[-48.054993,-15.796204]},"properties":{"kind":"FIXED","limit_kmh":60,"source":"DETRAN-DF","active":true,"direction_deg":null}},{"type":"Feature","geometry":{"type":"Point","coordinates":[-48.015808,-15.796204]},"properties":{"kind":"FIXED","limit_kmh":null,"source":"DETRAN-DF","active":true,"direction_deg":null}},{"type":"Feature","geometry":{"type":"Point","coordinates":[-47.943176,-15.796204]},"properties":{"kind":"FIXED","limit_kmh":null,"source":"DETRAN-DF","active":true,"direction_deg":null}},{"type":"Feature","geometry":{"type":"Point","coordinates":[-47.936096,-15.796204]},"properties":{"kind":"FIXED","limit_kmh":null,"source":"DETRAN-DF","active":true,"direction_deg":null}},{"type":"Feature","geometry":{"type":"Point","coordinates":[-47.84668,-15.796204]},"properties":{"kind":"FIXED","limit_kmh":null,"source":"DETRAN-DF","active":true,"direction_deg":null}},{"type":"Feature","geometry":{"type":"Point","coordinates":[-47.847412,-15.796082]},"properties":{"kind":"FIXED","limit_kmh":null,"source":"DETRAN-DF","active":true,"direction_deg":null}},{"type":"Feature","geometry":{"type":"Point","coordinates":[-47.939697,-15.796021]},"properties":{"kind":"FIXED","limit_kmh":null,"source":"DETRAN-DF","active":true,"direction_deg":null}},{"type":"Feature","geometry":{"type":"Point","coordinates":[-47.923828,-15.796021]},"properties":{"kind":"FIXED","limit_kmh":null,"source":"DETRAN-DF","active":true,"direction_deg":null}},{"type":"Feature","geometry":{"type":"Point","coordinates":[-48.10791,-15.795898]},"properties":{"kind":"FIXED","limit_kmh":null,"source":"DETRAN-DF","active":true,"direction_deg":null}},{"type":"Feature","geometry":{"type":"Point","coordinates":[-47.969482,-15.795776]},"properties":{"kind":"FIXED","limit_kmh":80,"source":"DETRAN-DF","active":true,"direction_deg":null}},{"type":"Feature","geometry":{"type":"Point","coordinates":[-47.940979,-15.795776]},"properties":{"kind":"FIXED","limit_kmh":null,"source":"DETRAN-DF","active":true,"direction_deg":null}},{"type":"Feature","geometry":{"type":"Point","coordinates":[-47.913025,-15.795776]},"properties":{"kind":"FIXED","limit_kmh":60,"source":"DETRAN-DF","active":true,"direction_deg":null}},{"type":"Feature","geometry":{"type":"Point","coordinates":[-47.846985,-15.795776]},"properties":{"kind":"FIXED","limit_kmh":null,"source":"DETRAN-DF","active":true,"direction_deg":null}},{"type":"Feature","geometry":{"type":"Point","coordinates":[-47.783386,-15.795776]},"properties":{"kind":"FIXED","limit_kmh":null,"source":"DETRAN-DF","active":true,"direction_deg":null}},{"type":"Feature","geometry":{"type":"Point","coordinates":[-47.941711,-15.795715]},"properties":{"kind":"FIXED","limit_kmh":null,"source":"DETRAN-DF","active":true,"direction_deg":null}},{"type":"Feature","geometry":{"type":"Point","coordinates":[-47.940308,-15.795715]},"properties":{"kind":"FIXED","limit_kmh":null,"source":"DETRAN-DF","active":true,"direction_deg":null}},{"type":"Feature","geometry":{"type":"Point","coordinates":[-47.890808,-15.795715]},"properties":{"kind":"FIXED","limit_kmh":60,"source":"DETRAN-DF","active":true,"direction_deg":null}},{"type":"Feature","geometry":{"type":"Point","coordinates":[-47.848206,-15.795715]},"properties":{"kind":"FIXED","limit_kmh":null,"source":"DETRAN-DF","active":true,"direction_deg":null}},{"type":"Feature","geometry":{"type":"Point","coordinates":[-47.783386,-15.795715]},"properties":{"kind":"FIXED","limit_kmh":null,"source":"DETRAN-DF","active":true,"direction_deg":null}},{"type":"Feature","geometry":{"type":"Point","coordinates":[-47.96901,-15.795671]},"properties":{"kind":"FIXED","limit_kmh":null,"source":"OSM","active":true,"direction_deg":null}},{"type":"Feature","geometry":{"type":"Point","coordinates":[-48.001587,-15.795593]},"properties":{"kind":"FIXED","limit_kmh":null,"source":"DETRAN-DF","active":true,"direction_deg":null}},{"type":"Feature","geometry":{"type":"Point","coordinates":[-47.936279,-15.795593]},"properties":{"kind":"FIXED","limit_kmh":null,"source":"DETRAN-DF","active":true,"direction_deg":null}},{"type":"Feature","geometry":{"type":"Point","coordinates":[-47.914795,-15.795593]},"properties":{"kind":"FIXED","limit_kmh":null,"source":"DETRAN-DF","active":true,"direction_deg":null}},{"type":"Feature","geometry":{"type":"Point","coordinates":[-47.852112,-15.795593]},"properties":{"kind":"FIXED","limit_kmh":null,"source":"DETRAN-DF","active":true,"direction_deg":null}},{"type":"Feature","geometry":{"type":"Point","coordinates":[-47.845886,-15.795593]},"properties":{"kind":"FIXED","limit_kmh":null,"source":"DETRAN-DF","active":true,"direction_deg":null}},{"type":"Feature","geometry":{"type":"Point","coordinates":[-48.1699,-15.7955]},"properties":{"kind":"FIXED","limit_kmh":null,"source":"DNIT","active":true,"direction_deg":253}},{"type":"Feature","geometry":{"type":"Point","coordinates":[-48.109192,-15.79541]},"properties":{"kind":"FIXED","limit_kmh":null,"source":"DETRAN-DF","active":true,"direction_deg":null}},{"type":"Feature","geometry":{"type":"Point","coordinates":[-47.969727,-15.79541]},"properties":{"kind":"FIXED","limit_kmh":80,"source":"DETRAN-DF","active":true,"direction_deg":null}},{"type":"Feature","geometry":{"type":"Point","coordinates":[-47.914429,-15.79541]},"properties":{"kind":"FIXED","limit_kmh":null,"source":"DETRAN-DF","active":true,"direction_deg":null}},{"type":"Feature","geometry":{"type":"Point","coordinates":[-47.8526,-15.79541]},"properties":{"kind":"FIXED","limit_kmh":null,"source":"DETRAN-DF","active":true,"direction_deg":null}},{"type":"Feature","geometry":{"type":"Point","coordinates":[-47.849976,-15.79541]},"properties":{"kind":"FIXED","limit_kmh":null,"source":"DETRAN-DF","active":true,"direction_deg":null}},{"type":"Feature","geometry":{"type":"Point","coordinates":[-47.849609,-15.79541]},"properties":{"kind":"FIXED","limit_kmh":null,"source":"DETRAN-DF","active":true,"direction_deg":null}},{"type":"Feature","geometry":{"type":"Point","coordinates":[-47.846802,-15.79541]},"properties":{"kind":"FIXED","limit_kmh":null,"source":"DETRAN-DF","active":true,"direction_deg":null}},{"type":"Feature","geometry":{"type":"Point","coordinates":[-48.064663,-15.795336]},"properties":{"kind":"FIXED","limit_kmh":60,"source":"DNIT+DETRAN-DF","active":true,"direction_deg":252}},{"type":"Feature","geometry":{"type":"Point","coordinates":[-47.942993,-15.795288]},"properties":{"kind":"FIXED","limit_kmh":null,"source":"DETRAN-DF","active":true,"direction_deg":null}},{"type":"Feature","geometry":{"type":"Point","coordinates":[-47.890808,-15.795288]},"properties":{"kind":"FIXED","limit_kmh":60,"source":"DETRAN-DF","active":true,"direction_deg":null}},{"type":"Feature","geometry":{"type":"Point","coordinates":[-47.85321,-15.795288]},"properties":{"kind":"FIXED","limit_kmh":null,"source":"DETRAN-DF","active":true,"direction_deg":null}},{"type":"Feature","geometry":{"type":"Point","coordinates":[-47.847412,-15.795288]},"properties":{"kind":"FIXED","limit_kmh":null,"source":"DETRAN-DF","active":true,"direction_deg":null}},{"type":"Feature","geometry":{"type":"Point","coordinates":[-47.922485,-15.795227]},"properties":{"kind":"FIXED","limit_kmh":null,"source":"DETRAN-DF","active":true,"direction_deg":null}},{"type":"Feature","geometry":{"type":"Point","coordinates":[-47.851013,-15.795227]},"properties":{"kind":"FIXED","limit_kmh":null,"source":"DETRAN-DF","active":true,"direction_deg":null}},{"type":"Feature","geometry":{"type":"Point","coordinates":[-48.064218,-15.795218]},"properties":{"kind":"FIXED","limit_kmh":null,"source":"OSM","active":true,"direction_deg":null}},{"type":"Feature","geometry":{"type":"Point","coordinates":[-47.939514,-15.795105]},"properties":{"kind":"FIXED","limit_kmh":null,"source":"DETRAN-DF","active":true,"direction_deg":null}},{"type":"Feature","geometry":{"type":"Point","coordinates":[-47.883179,-15.795105]},"properties":{"kind":"FIXED","limit_kmh":60,"source":"DETRAN-DF","active":true,"direction_deg":null}},{"type":"Feature","geometry":{"type":"Point","coordinates":[-47.86908,-15.795105]},"properties":{"kind":"FIXED","limit_kmh":null,"source":"DETRAN-DF","active":true,"direction_deg":null}},{"type":"Feature","geometry":{"type":"Point","coordinates":[-47.8479,-15.795105]},"properties":{"kind":"FIXED","limit_kmh":null,"source":"DETRAN-DF","active":true,"direction_deg":null}},{"type":"Feature","geometry":{"type":"Point","coordinates":[-47.917297,-15.794983]},"properties":{"kind":"FIXED","limit_kmh":60,"source":"DETRAN-DF","active":true,"direction_deg":null}},{"type":"Feature","geometry":{"type":"Point","coordinates":[-47.849792,-15.794983]},"properties":{"kind":"FIXED","limit_kmh":null,"source":"DETRAN-DF","active":true,"direction_deg":null}},{"type":"Feature","geometry":{"type":"Point","coordinates":[-47.847595,-15.794983]},"properties":{"kind":"FIXED","limit_kmh":null,"source":"DETRAN-DF","active":true,"direction_deg":null}},{"type":"Feature","geometry":{"type":"Point","coordinates":[-47.852112,-15.794922]},"properties":{"kind":"FIXED","limit_kmh":null,"source":"DETRAN-DF","active":true,"direction_deg":null}},{"type":"Feature","geometry":{"type":"Point","coordinates":[-47.850708,-15.794922]},"properties":{"kind":"FIXED","limit_kmh":null,"source":"DETRAN-DF","active":true,"direction_deg":null}},{"type":"Feature","geometry":{"type":"Point","coordinates":[-48.199737,-15.794806]},"properties":{"kind":"FIXED","limit_kmh":60,"source":"OSM","active":true,"direction_deg":null}},{"type":"Feature","geometry":{"type":"Point","coordinates":[-47.940796,-15.7948]},"properties":{"kind":"FIXED","limit_kmh":null,"source":"DETRAN-DF","active":true,"direction_deg":null}},{"type":"Feature","geometry":{"type":"Point","coordinates":[-48.141113,-15.794678]},"properties":{"kind":"FIXED","limit_kmh":null,"source":"DETRAN-DF","active":true,"direction_deg":null}},{"type":"Feature","geometry":{"type":"Point","coordinates":[-47.934082,-15.794678]},"properties":{"kind":"FIXED","limit_kmh":null,"source":"DETRAN-DF","active":true,"direction_deg":null}},{"type":"Feature","geometry":{"type":"Point","coordinates":[-47.85321,-15.794678]},"properties":{"kind":"FIXED","limit_kmh":null,"source":"DETRAN-DF","active":true,"direction_deg":null}},{"type":"Feature","geometry":{"type":"Point","coordinates":[-47.851196,-15.794678]},"properties":{"kind":"FIXED","limit_kmh":null,"source":"DETRAN-DF","active":true,"direction_deg":null}},{"type":"Feature","geometry":{"type":"Point","coordinates":[-47.93988,-15.794617]},"properties":{"kind":"FIXED","limit_kmh":null,"source":"DETRAN-DF","active":true,"direction_deg":null}},{"type":"Feature","geometry":{"type":"Point","coordinates":[-47.942627,-15.794495]},"properties":{"kind":"FIXED","limit_kmh":null,"source":"DETRAN-DF","active":true,"direction_deg":null}},{"type":"Feature","geometry":{"type":"Point","coordinates":[-47.933411,-15.794495]},"properties":{"kind":"FIXED","limit_kmh":60,"source":"DETRAN-DF","active":true,"direction_deg":null}},{"type":"Feature","geometry":{"type":"Point","coordinates":[-47.852295,-15.794495]},"properties":{"kind":"FIXED","limit_kmh":null,"source":"DETRAN-DF","active":true,"direction_deg":null}},{"type":"Feature","geometry":{"type":"Point","coordinates":[-47.851807,-15.794495]},"properties":{"kind":"FIXED","limit_kmh":null,"source":"DETRAN-DF","active":true,"direction_deg":null}},{"type":"Feature","geometry":{"type":"Point","coordinates":[-47.850403,-15.794495]},"properties":{"kind":"FIXED","limit_kmh":null,"source":"DETRAN-DF","active":true,"direction_deg":null}},{"type":"Feature","geometry":{"type":"Point","coordinates":[-48.19973,-15.794476]},"properties":{"kind":"FIXED","limit_kmh":60,"source":"OSM","active":true,"direction_deg":null}},{"type":"Feature","geometry":{"type":"Point","coordinates":[-48.130188,-15.794312]},"properties":{"kind":"FIXED","limit_kmh":null,"source":"DETRAN-DF","active":true,"direction_deg":null}},{"type":"Feature","geometry":{"type":"Point","coordinates":[-48.054504,-15.794312]},"properties":{"kind":"FIXED","limit_kmh":60,"source":"DETRAN-DF","active":true,"direction_deg":null}},{"type":"Feature","geometry":{"type":"Point","coordinates":[-47.88501,-15.794312]},"properties":{"kind":"FIXED","limit_kmh":60,"source":"DETRAN-DF","active":true,"direction_deg":null}},{"type":"Feature","geometry":{"type":"Point","coordinates":[-47.88501,-15.794128]},"properties":{"kind":"FIXED","limit_kmh":60,"source":"DETRAN-DF","active":true,"direction_deg":null}},{"type":"Feature","geometry":{"type":"Point","coordinates":[-47.853882,-15.794128]},"properties":{"kind":"FIXED","limit_kmh":null,"source":"DETRAN-DF","active":true,"direction_deg":null}},{"type":"Feature","geometry":{"type":"Point","coordinates":[-47.850525,-15.794128]},"properties":{"kind":"FIXED","limit_kmh":null,"source":"DETRAN-DF","active":true,"direction_deg":null}},{"type":"Feature","geometry":{"type":"Point","coordinates":[-48.129395,-15.794006]},"properties":{"kind":"FIXED","limit_kmh":null,"source":"DETRAN-DF","active":true,"direction_deg":null}},{"type":"Feature","geometry":{"type":"Point","coordinates":[-48.001587,-15.794006]},"properties":{"kind":"FIXED","limit_kmh":null,"source":"DETRAN-DF","active":true,"direction_deg":null}},{"type":"Feature","geometry":{"type":"Point","coordinates":[-47.941895,-15.794006]},"properties":{"kind":"FIXED","limit_kmh":null,"source":"DETRAN-DF","active":true,"direction_deg":null}},{"type":"Feature","geometry":{"type":"Point","coordinates":[-47.941101,-15.794006]},"properties":{"kind":"FIXED","limit_kmh":null,"source":"DETRAN-DF","active":true,"direction_deg":null}},{"type":"Feature","geometry":{"type":"Point","coordinates":[-47.937683,-15.794006]},"properties":{"kind":"FIXED","limit_kmh":null,"source":"DETRAN-DF","active":true,"direction_deg":null}},{"type":"Feature","geometry":{"type":"Point","coordinates":[-47.92218,-15.794006]},"properties":{"kind":"FIXED","limit_kmh":null,"source":"DETRAN-DF","active":true,"direction_deg":null}},{"type":"Feature","geometry":{"type":"Point","coordinates":[-47.849915,-15.794006]},"properties":{"kind":"FIXED","limit_kmh":null,"source":"DETRAN-DF","active":true,"direction_deg":null}},{"type":"Feature","geometry":{"type":"Point","coordinates":[-47.848206,-15.794006]},"properties":{"kind":"FIXED","limit_kmh":null,"source":"DETRAN-DF","active":true,"direction_deg":null}},{"type":"Feature","geometry":{"type":"Point","coordinates":[-48.128784,-15.793884]},"properties":{"kind":"FIXED","limit_kmh":null,"source":"DETRAN-DF","active":true,"direction_deg":null}},{"type":"Feature","geometry":{"type":"Point","coordinates":[-47.848816,-15.793884]},"properties":{"kind":"FIXED","limit_kmh":null,"source":"DETRAN-DF","active":true,"direction_deg":null}},{"type":"Feature","geometry":{"type":"Point","coordinates":[-47.942383,-15.793823]},"properties":{"kind":"FIXED","limit_kmh":null,"source":"DETRAN-DF","active":true,"direction_deg":null}},{"type":"Feature","geometry":{"type":"Point","coordinates":[-47.851624,-15.793823]},"properties":{"kind":"FIXED","limit_kmh":null,"source":"DETRAN-DF","active":true,"direction_deg":null}},{"type":"Feature","geometry":{"type":"Point","coordinates":[-47.938904,-15.793701]},"properties":{"kind":"FIXED","limit_kmh":null,"source":"DETRAN-DF","active":true,"direction_deg":null}},{"type":"Feature","geometry":{"type":"Point","coordinates":[-47.909485,-15.793701]},"properties":{"kind":"FIXED","limit_kmh":null,"source":"DETRAN-DF","active":true,"direction_deg":null}},{"type":"Feature","geometry":{"type":"Point","coordinates":[-47.873413,-15.793701]},"properties":{"kind":"FIXED","limit_kmh":null,"source":"DETRAN-DF","active":true,"direction_deg":null}},{"type":"Feature","geometry":{"type":"Point","coordinates":[-47.851013,-15.793701]},"properties":{"kind":"FIXED","limit_kmh":null,"source":"DETRAN-DF","active":true,"direction_deg":null}},{"type":"Feature","geometry":{"type":"Point","coordinates":[-47.850525,-15.793701]},"properties":{"kind":"FIXED","limit_kmh":null,"source":"DETRAN-DF","active":true,"direction_deg":null}},{"type":"Feature","geometry":{"type":"Point","coordinates":[-47.847717,-15.793701]},"properties":{"kind":"FIXED","limit_kmh":null,"source":"DETRAN-DF","active":true,"direction_deg":null}},{"type":"Feature","geometry":{"type":"Point","coordinates":[-47.780884,-15.793701]},"properties":{"kind":"FIXED","limit_kmh":60,"source":"DETRAN-DF","active":true,"direction_deg":null}},{"type":"Feature","geometry":{"type":"Point","coordinates":[-48.121704,-15.793579]},"properties":{"kind":"FIXED","limit_kmh":null,"source":"DETRAN-DF","active":true,"direction_deg":null}},{"type":"Feature","geometry":{"type":"Point","coordinates":[-47.933594,-15.793579]},"properties":{"kind":"FIXED","limit_kmh":null,"source":"DETRAN-DF","active":true,"direction_deg":null}},{"type":"Feature","geometry":{"type":"Point","coordinates":[-47.9328,-15.793579]},"properties":{"kind":"FIXED","limit_kmh":null,"source":"DETRAN-DF","active":true,"direction_deg":null}},{"type":"Feature","geometry":{"type":"Point","coordinates":[-47.852112,-15.793579]},"properties":{"kind":"FIXED","limit_kmh":null,"source":"DETRAN-DF","active":true,"direction_deg":null}},{"type":"Feature","geometry":{"type":"Point","coordinates":[-47.850708,-15.793579]},"properties":{"kind":"FIXED","limit_kmh":null,"source":"DETRAN-DF","active":true,"direction_deg":null}},{"type":"Feature","geometry":{"type":"Point","coordinates":[-47.848328,-15.793579]},"properties":{"kind":"FIXED","limit_kmh":null,"source":"DETRAN-DF","active":true,"direction_deg":null}},{"type":"Feature","geometry":{"type":"Point","coordinates":[-47.845276,-15.793579]},"properties":{"kind":"FIXED","limit_kmh":null,"source":"DETRAN-DF","active":true,"direction_deg":null}},{"type":"Feature","geometry":{"type":"Point","coordinates":[-48.12439,-15.793518]},"properties":{"kind":"FIXED","limit_kmh":null,"source":"DETRAN-DF","active":true,"direction_deg":null}},{"type":"Feature","geometry":{"type":"Point","coordinates":[-47.88031,-15.793518]},"properties":{"kind":"FIXED","limit_kmh":60,"source":"DETRAN-DF","active":true,"direction_deg":null}},{"type":"Feature","geometry":{"type":"Point","coordinates":[-47.850708,-15.793518]},"properties":{"kind":"FIXED","limit_kmh":null,"source":"DETRAN-DF","active":true,"direction_deg":null}},{"type":"Feature","geometry":{"type":"Point","coordinates":[-47.848511,-15.793518]},"properties":{"kind":"FIXED","limit_kmh":null,"source":"DETRAN-DF","active":true,"direction_deg":null}},{"type":"Feature","geometry":{"type":"Point","coordinates":[-47.84668,-15.793518]},"properties":{"kind":"FIXED","limit_kmh":null,"source":"DETRAN-DF","active":true,"direction_deg":null}},{"type":"Feature","geometry":{"type":"Point","coordinates":[-47.783325,-15.793518]},"properties":{"kind":"FIXED","limit_kmh":null,"source":"DETRAN-DF","active":true,"direction_deg":null}},{"type":"Feature","geometry":{"type":"Point","coordinates":[-48.141907,-15.793396]},"properties":{"kind":"FIXED","limit_kmh":null,"source":"DETRAN-DF","active":true,"direction_deg":null}},{"type":"Feature","geometry":{"type":"Point","coordinates":[-48.12738,-15.793396]},"properties":{"kind":"FIXED","limit_kmh":null,"source":"DETRAN-DF","active":true,"direction_deg":null}},{"type":"Feature","geometry":{"type":"Point","coordinates":[-48.015808,-15.793396]},"properties":{"kind":"FIXED","limit_kmh":null,"source":"DETRAN-DF","active":true,"direction_deg":null}},{"type":"Feature","geometry":{"type":"Point","coordinates":[-47.916504,-15.793396]},"properties":{"kind":"FIXED","limit_kmh":null,"source":"DETRAN-DF","active":true,"direction_deg":null}},{"type":"Feature","geometry":{"type":"Point","coordinates":[-47.85022,-15.793396]},"properties":{"kind":"FIXED","limit_kmh":null,"source":"DETRAN-DF","active":true,"direction_deg":null}},{"type":"Feature","geometry":{"type":"Point","coordinates":[-47.849182,-15.793396]},"properties":{"kind":"FIXED","limit_kmh":null,"source":"DETRAN-DF","active":true,"direction_deg":null}},{"type":"Feature","geometry":{"type":"Point","coordinates":[-47.847595,-15.793396]},"properties":{"kind":"FIXED","limit_kmh":null,"source":"DETRAN-DF","active":true,"direction_deg":null}},{"type":"Feature","geometry":{"type":"Point","coordinates":[-48.126526,-15.793213]},"properties":{"kind":"FIXED","limit_kmh":null,"source":"DETRAN-DF","active":true,"direction_deg":null}},{"type":"Feature","geometry":{"type":"Point","coordinates":[-47.943604,-15.793213]},"properties":{"kind":"FIXED","limit_kmh":80,"source":"DETRAN-DF","active":true,"direction_deg":null}},{"type":"Feature","geometry":{"type":"Point","coordinates":[-47.939575,-15.793213]},"properties":{"kind":"FIXED","limit_kmh":null,"source":"DETRAN-DF","active":true,"direction_deg":null}},{"type":"Feature","geometry":{"type":"Point","coordinates":[-47.852295,-15.793213]},"properties":{"kind":"FIXED","limit_kmh":null,"source":"DETRAN-DF","active":true,"direction_deg":null}},{"type":"Feature","geometry":{"type":"Point","coordinates":[-47.997925,-15.793091]},"properties":{"kind":"FIXED","limit_kmh":70,"source":"DETRAN-DF","active":true,"direction_deg":null}},{"type":"Feature","geometry":{"type":"Point","coordinates":[-47.851379,-15.793091]},"properties":{"kind":"FIXED","limit_kmh":null,"source":"DETRAN-DF","active":true,"direction_deg":null}},{"type":"Feature","geometry":{"type":"Point","coordinates":[-47.848511,-15.793091]},"properties":{"kind":"FIXED","limit_kmh":null,"source":"DETRAN-DF","active":true,"direction_deg":null}},{"type":"Feature","geometry":{"type":"Point","coordinates":[-47.986328,-15.79303]},"properties":{"kind":"FIXED","limit_kmh":null,"source":"DETRAN-DF","active":true,"direction_deg":null}},{"type":"Feature","geometry":{"type":"Point","coordinates":[-47.851685,-15.79303]},"properties":{"kind":"FIXED","limit_kmh":null,"source":"DETRAN-DF","active":true,"direction_deg":null}},{"type":"Feature","geometry":{"type":"Point","coordinates":[-47.849304,-15.79303]},"properties":{"kind":"FIXED","limit_kmh":null,"source":"DETRAN-DF","active":true,"direction_deg":null}},{"type":"Feature","geometry":{"type":"Point","coordinates":[-48.015808,-15.792908]},"properties":{"kind":"FIXED","limit_kmh":null,"source":"DETRAN-DF","active":true,"direction_deg":null}},{"type":"Feature","geometry":{"type":"Point","coordinates":[-47.934509,-15.792908]},"properties":{"kind":"FIXED","limit_kmh":null,"source":"DETRAN-DF","active":true,"direction_deg":null}},{"type":"Feature","geometry":{"type":"Point","coordinates":[-48.125793,-15.792786]},"properties":{"kind":"FIXED","limit_kmh":null,"source":"DETRAN-DF","active":true,"direction_deg":null}},{"type":"Feature","geometry":{"type":"Point","coordinates":[-48.102011,-15.79269]},"properties":{"kind":"FIXED","limit_kmh":80,"source":"DNIT+OSM","active":true,"direction_deg":112}},{"type":"Feature","geometry":{"type":"Point","coordinates":[-47.895996,-15.792603]},"properties":{"kind":"FIXED","limit_kmh":null,"source":"DETRAN-DF","active":true,"direction_deg":null}},{"type":"Feature","geometry":{"type":"Point","coordinates":[-47.882385,-15.792603]},"properties":{"kind":"FIXED","limit_kmh":60,"source":"DETRAN-DF","active":true,"direction_deg":null}},{"type":"Feature","geometry":{"type":"Point","coordinates":[-47.851013,-15.792603]},"properties":{"kind":"FIXED","limit_kmh":null,"source":"DETRAN-DF","active":true,"direction_deg":null}},{"type":"Feature","geometry":{"type":"Point","coordinates":[-47.849792,-15.792603]},"properties":{"kind":"FIXED","limit_kmh":null,"source":"DETRAN-DF","active":true,"direction_deg":null}},{"type":"Feature","geometry":{"type":"Point","coordinates":[-47.845825,-15.792603]},"properties":{"kind":"FIXED","limit_kmh":null,"source":"DETRAN-DF","active":true,"direction_deg":null}},{"type":"Feature","geometry":{"type":"Point","coordinates":[-47.845093,-15.792603]},"properties":{"kind":"FIXED","limit_kmh":null,"source":"DETRAN-DF","active":true,"direction_deg":null}},{"type":"Feature","geometry":{"type":"Point","coordinates":[-48.124817,-15.79248]},"properties":{"kind":"FIXED","limit_kmh":null,"source":"DETRAN-DF","active":true,"direction_deg":null}},{"type":"Feature","geometry":{"type":"Point","coordinates":[-47.920593,-15.79248]},"properties":{"kind":"FIXED","limit_kmh":null,"source":"DETRAN-DF","active":true,"direction_deg":null}},{"type":"Feature","geometry":{"type":"Point","coordinates":[-47.882324,-15.79248]},"properties":{"kind":"FIXED","limit_kmh":60,"source":"DETRAN-DF","active":true,"direction_deg":null}},{"type":"Feature","geometry":{"type":"Point","coordinates":[-47.851807,-15.79248]},"properties":{"kind":"FIXED","limit_kmh":null,"source":"DETRAN-DF","active":true,"direction_deg":null}},{"type":"Feature","geometry":{"type":"Point","coordinates":[-47.847717,-15.79248]},"properties":{"kind":"FIXED","limit_kmh":null,"source":"DETRAN-DF","active":true,"direction_deg":null}},{"type":"Feature","geometry":{"type":"Point","coordinates":[-47.84552,-15.79248]},"properties":{"kind":"FIXED","limit_kmh":null,"source":"DETRAN-DF","active":true,"direction_deg":null}},{"type":"Feature","geometry":{"type":"Point","coordinates":[-47.845215,-15.79248]},"properties":{"kind":"FIXED","limit_kmh":null,"source":"DETRAN-DF","active":true,"direction_deg":null}},{"type":"Feature","geometry":{"type":"Point","coordinates":[-47.9375,-15.792419]},"properties":{"kind":"FIXED","limit_kmh":null,"source":"DETRAN-DF","active":true,"direction_deg":null}},{"type":"Feature","geometry":{"type":"Point","coordinates":[-47.937195,-15.792419]},"properties":{"kind":"FIXED","limit_kmh":null,"source":"DETRAN-DF","active":true,"direction_deg":null}},{"type":"Feature","geometry":{"type":"Point","coordinates":[-47.943787,-15.792297]},"properties":{"kind":"FIXED","limit_kmh":80,"source":"DETRAN-DF","active":true,"direction_deg":null}},{"type":"Feature","geometry":{"type":"Point","coordinates":[-47.866699,-15.792297]},"properties":{"kind":"FIXED","limit_kmh":null,"source":"DETRAN-DF","active":true,"direction_deg":null}},{"type":"Feature","geometry":{"type":"Point","coordinates":[-47.854614,-15.792297]},"properties":{"kind":"FIXED","limit_kmh":null,"source":"DETRAN-DF","active":true,"direction_deg":null}},{"type":"Feature","geometry":{"type":"Point","coordinates":[-47.848511,-15.792297]},"properties":{"kind":"FIXED","limit_kmh":null,"source":"DETRAN-DF","active":true,"direction_deg":null}},{"type":"Feature","geometry":{"type":"Point","coordinates":[-47.845886,-15.792297]},"properties":{"kind":"FIXED","limit_kmh":null,"source":"DETRAN-DF","active":true,"direction_deg":null}},{"type":"Feature","geometry":{"type":"Point","coordinates":[-47.940491,-15.792175]},"properties":{"kind":"FIXED","limit_kmh":null,"source":"DETRAN-DF","active":true,"direction_deg":null}},{"type":"Feature","geometry":{"type":"Point","coordinates":[-47.84729,-15.792175]},"properties":{"kind":"FIXED","limit_kmh":null,"source":"DETRAN-DF","active":true,"direction_deg":null}},{"type":"Feature","geometry":{"type":"Point","coordinates":[-47.849304,-15.792114]},"properties":{"kind":"FIXED","limit_kmh":null,"source":"DETRAN-DF","active":true,"direction_deg":null}},{"type":"Feature","geometry":{"type":"Point","coordinates":[-48.141907,-15.791992]},"properties":{"kind":"FIXED","limit_kmh":null,"source":"DETRAN-DF","active":true,"direction_deg":null}},{"type":"Feature","geometry":{"type":"Point","coordinates":[-47.893799,-15.791992]},"properties":{"kind":"FIXED","limit_kmh":60,"source":"DETRAN-DF","active":true,"direction_deg":null}},{"type":"Feature","geometry":{"type":"Point","coordinates":[-47.867676,-15.791992]},"properties":{"kind":"FIXED","limit_kmh":null,"source":"DETRAN-DF","active":true,"direction_deg":null}},{"type":"Feature","geometry":{"type":"Point","coordinates":[-47.848206,-15.791992]},"properties":{"kind":"FIXED","limit_kmh":null,"source":"DETRAN-DF","active":true,"direction_deg":null}},{"type":"Feature","geometry":{"type":"Point","coordinates":[-47.94751,-15.791809]},"properties":{"kind":"FIXED","limit_kmh":50,"source":"DETRAN-DF","active":true,"direction_deg":null}},{"type":"Feature","geometry":{"type":"Point","coordinates":[-47.941711,-15.791809]},"properties":{"kind":"FIXED","limit_kmh":null,"source":"DETRAN-DF","active":true,"direction_deg":null}},{"type":"Feature","geometry":{"type":"Point","coordinates":[-47.940308,-15.791809]},"properties":{"kind":"FIXED","limit_kmh":null,"source":"DETRAN-DF","active":true,"direction_deg":null}},{"type":"Feature","geometry":{"type":"Point","coordinates":[-47.916382,-15.791809]},"properties":{"kind":"FIXED","limit_kmh":null,"source":"DETRAN-DF","active":true,"direction_deg":null}},{"type":"Feature","geometry":{"type":"Point","coordinates":[-47.85791,-15.791809]},"properties":{"kind":"FIXED","limit_kmh":80,"source":"DETRAN-DF","active":true,"direction_deg":null}},{"type":"Feature","geometry":{"type":"Point","coordinates":[-47.854492,-15.791809]},"properties":{"kind":"FIXED","limit_kmh":null,"source":"DETRAN-DF","active":true,"direction_deg":null}},{"type":"Feature","geometry":{"type":"Point","coordinates":[-47.849609,-15.791809]},"properties":{"kind":"FIXED","limit_kmh":null,"source":"DETRAN-DF","active":true,"direction_deg":null}},{"type":"Feature","geometry":{"type":"Point","coordinates":[-47.847412,-15.791809]},"properties":{"kind":"FIXED","limit_kmh":null,"source":"DETRAN-DF","active":true,"direction_deg":null}},{"type":"Feature","geometry":{"type":"Point","coordinates":[-47.847107,-15.791809]},"properties":{"kind":"FIXED","limit_kmh":null,"source":"DETRAN-DF","active":true,"direction_deg":null}},{"type":"Feature","geometry":{"type":"Point","coordinates":[-48.15553,-15.79169]},"properties":{"kind":"FIXED","limit_kmh":null,"source":"DNIT","active":true,"direction_deg":73}},{"type":"Feature","geometry":{"type":"Point","coordinates":[-47.848389,-15.791687]},"properties":{"kind":"FIXED","limit_kmh":null,"source":"DETRAN-DF","active":true,"direction_deg":null}},{"type":"Feature","geometry":{"type":"Point","coordinates":[-47.846619,-15.791687]},"properties":{"kind":"FIXED","limit_kmh":null,"source":"DETRAN-DF","active":true,"direction_deg":null}},{"type":"Feature","geometry":{"type":"Point","coordinates":[-47.845703,-15.791687]},"properties":{"kind":"FIXED","limit_kmh":null,"source":"DETRAN-DF","active":true,"direction_deg":null}},{"type":"Feature","geometry":{"type":"Point","coordinates":[-47.941284,-15.791626]},"properties":{"kind":"FIXED","limit_kmh":null,"source":"DETRAN-DF","active":true,"direction_deg":null}},{"type":"Feature","geometry":{"type":"Point","coordinates":[-47.851013,-15.791626]},"properties":{"kind":"FIXED","limit_kmh":null,"source":"DETRAN-DF","active":true,"direction_deg":null}},{"type":"Feature","geometry":{"type":"Point","coordinates":[-47.849182,-15.791626]},"properties":{"kind":"FIXED","limit_kmh":null,"source":"DETRAN-DF","active":true,"direction_deg":null}},{"type":"Feature","geometry":{"type":"Point","coordinates":[-47.940918,-15.791504]},"properties":{"kind":"FIXED","limit_kmh":null,"source":"DETRAN-DF","active":true,"direction_deg":null}},{"type":"Feature","geometry":{"type":"Point","coordinates":[-47.936829,-15.791504]},"properties":{"kind":"FIXED","limit_kmh":null,"source":"DETRAN-DF","active":true,"direction_deg":null}},{"type":"Feature","geometry":{"type":"Point","coordinates":[-47.847717,-15.791504]},"properties":{"kind":"FIXED","limit_kmh":null,"source":"DETRAN-DF","active":true,"direction_deg":null}},{"type":"Feature","geometry":{"type":"Point","coordinates":[-48.049064,-15.791415]},"properties":{"kind":"FIXED","limit_kmh":null,"source":"OSM","active":true,"direction_deg":null}},{"type":"Feature","geometry":{"type":"Point","coordinates":[-48.048279,-15.791382]},"properties":{"kind":"FIXED","limit_kmh":80,"source":"DETRAN-DF","active":true,"direction_deg":null}},{"type":"Feature","geometry":{"type":"Point","coordinates":[-48.001709,-15.791382]},"properties":{"kind":"FIXED","limit_kmh":null,"source":"DETRAN-DF","active":true,"direction_deg":null}},{"type":"Feature","geometry":{"type":"Point","coordinates":[-47.869629,-15.791382]},"properties":{"kind":"FIXED","limit_kmh":null,"source":"DETRAN-DF","active":true,"direction_deg":null}},{"type":"Feature","geometry":{"type":"Point","coordinates":[-47.851624,-15.791382]},"properties":{"kind":"FIXED","limit_kmh":null,"source":"DETRAN-DF","active":true,"direction_deg":null}},{"type":"Feature","geometry":{"type":"Point","coordinates":[-48.048401,-15.791321]},"properties":{"kind":"FIXED","limit_kmh":80,"source":"DETRAN-DF","active":true,"direction_deg":null}},{"type":"Feature","geometry":{"type":"Point","coordinates":[-47.94043,-15.791321]},"properties":{"kind":"FIXED","limit_kmh":null,"source":"DETRAN-DF","active":true,"direction_deg":null}},{"type":"Feature","geometry":{"type":"Point","coordinates":[-47.937988,-15.791321]},"properties":{"kind":"FIXED","limit_kmh":null,"source":"DETRAN-DF","active":true,"direction_deg":null}},{"type":"Feature","geometry":{"type":"Point","coordinates":[-47.850891,-15.791321]},"properties":{"kind":"FIXED","limit_kmh":null,"source":"DETRAN-DF","active":true,"direction_deg":null}},{"type":"Feature","geometry":{"type":"Point","coordinates":[-48.104685,-15.791312]},"properties":{"kind":"FIXED","limit_kmh":60,"source":"DNIT+DETRAN-DF","active":true,"direction_deg":292}},{"type":"Feature","geometry":{"type":"Point","coordinates":[-47.898376,-15.791199]},"properties":{"kind":"FIXED","limit_kmh":null,"source":"DETRAN-DF","active":true,"direction_deg":null}},{"type":"Feature","geometry":{"type":"Point","coordinates":[-47.870483,-15.791199]},"properties":{"kind":"FIXED","limit_kmh":null,"source":"DETRAN-DF","active":true,"direction_deg":null}},{"type":"Feature","geometry":{"type":"Point","coordinates":[-48.001709,-15.791077]},"properties":{"kind":"FIXED","limit_kmh":null,"source":"DETRAN-DF","active":true,"direction_deg":null}},{"type":"Feature","geometry":{"type":"Point","coordinates":[-47.940002,-15.791077]},"properties":{"kind":"FIXED","limit_kmh":null,"source":"DETRAN-DF","active":true,"direction_deg":null}},{"type":"Feature","geometry":{"type":"Point","coordinates":[-47.939514,-15.791077]},"properties":{"kind":"FIXED","limit_kmh":null,"source":"DETRAN-DF","active":true,"direction_deg":null}},{"type":"Feature","geometry":{"type":"Point","coordinates":[-47.937988,-15.791077]},"properties":{"kind":"FIXED","limit_kmh":null,"source":"DETRAN-DF","active":true,"direction_deg":null}},{"type":"Feature","geometry":{"type":"Point","coordinates":[-47.911011,-15.791077]},"properties":{"kind":"FIXED","limit_kmh":60,"source":"DETRAN-DF","active":true,"direction_deg":null}},{"type":"Feature","geometry":{"type":"Point","coordinates":[-48.033203,-15.791016]},"properties":{"kind":"FIXED","limit_kmh":80,"source":"DETRAN-DF","active":true,"direction_deg":null}},{"type":"Feature","geometry":{"type":"Point","coordinates":[-47.850891,-15.791016]},"properties":{"kind":"FIXED","limit_kmh":null,"source":"DETRAN-DF","active":true,"direction_deg":null}},{"type":"Feature","geometry":{"type":"Point","coordinates":[-47.941528,-15.790894]},"properties":{"kind":"FIXED","limit_kmh":null,"source":"DETRAN-DF","active":true,"direction_deg":null}},{"type":"Feature","geometry":{"type":"Point","coordinates":[-47.939087,-15.790894]},"properties":{"kind":"FIXED","limit_kmh":null,"source":"DETRAN-DF","active":true,"direction_deg":null}},{"type":"Feature","geometry":{"type":"Point","coordinates":[-47.933777,-15.790894]},"properties":{"kind":"FIXED","limit_kmh":null,"source":"DETRAN-DF","active":true,"direction_deg":null}},{"type":"Feature","geometry":{"type":"Point","coordinates":[-47.855225,-15.790894]},"properties":{"kind":"FIXED","limit_kmh":null,"source":"DETRAN-DF","active":true,"direction_deg":null}},{"type":"Feature","geometry":{"type":"Point","coordinates":[-47.851501,-15.790894]},"properties":{"kind":"FIXED","limit_kmh":null,"source":"DETRAN-DF","active":true,"direction_deg":null}},{"type":"Feature","geometry":{"type":"Point","coordinates":[-48.033203,-15.79071]},"properties":{"kind":"FIXED","limit_kmh":80,"source":"DETRAN-DF+OSM","active":true,"direction_deg":null}},{"type":"Feature","geometry":{"type":"Point","coordinates":[-47.981689,-15.79071]},"properties":{"kind":"FIXED","limit_kmh":null,"source":"DETRAN-DF","active":true,"direction_deg":null}},{"type":"Feature","geometry":{"type":"Point","coordinates":[-47.940979,-15.79071]},"properties":{"kind":"FIXED","limit_kmh":null,"source":"DETRAN-DF","active":true,"direction_deg":null}},{"type":"Feature","geometry":{"type":"Point","coordinates":[-47.854187,-15.79071]},"properties":{"kind":"FIXED","limit_kmh":null,"source":"DETRAN-DF","active":true,"direction_deg":null}},{"type":"Feature","geometry":{"type":"Point","coordinates":[-47.940613,-15.790588]},"properties":{"kind":"FIXED","limit_kmh":null,"source":"DETRAN-DF","active":true,"direction_deg":null}},{"type":"Feature","geometry":{"type":"Point","coordinates":[-47.93811,-15.790527]},"properties":{"kind":"FIXED","limit_kmh":null,"source":"DETRAN-DF","active":true,"direction_deg":null}},{"type":"Feature","geometry":{"type":"Point","coordinates":[-47.934998,-15.790527]},"properties":{"kind":"FIXED","limit_kmh":null,"source":"DETRAN-DF","active":true,"direction_deg":null}},{"type":"Feature","geometry":{"type":"Point","coordinates":[-47.849487,-15.790527]},"properties":{"kind":"FIXED","limit_kmh":null,"source":"DETRAN-DF","active":true,"direction_deg":null}},{"type":"Feature","geometry":{"type":"Point","coordinates":[-47.980103,-15.790405]},"properties":{"kind":"FIXED","limit_kmh":80,"source":"DETRAN-DF","active":true,"direction_deg":null}},{"type":"Feature","geometry":{"type":"Point","coordinates":[-47.940125,-15.790405]},"properties":{"kind":"FIXED","limit_kmh":null,"source":"DETRAN-DF","active":true,"direction_deg":null}},{"type":"Feature","geometry":{"type":"Point","coordinates":[-47.9198,-15.790405]},"properties":{"kind":"FIXED","limit_kmh":null,"source":"DETRAN-DF","active":true,"direction_deg":null}},{"type":"Feature","geometry":{"type":"Point","coordinates":[-47.851379,-15.790405]},"properties":{"kind":"FIXED","limit_kmh":null,"source":"DETRAN-DF","active":true,"direction_deg":null}},{"type":"Feature","geometry":{"type":"Point","coordinates":[-47.850708,-15.790405]},"properties":{"kind":"FIXED","limit_kmh":null,"source":"DETRAN-DF","active":true,"direction_deg":null}},{"type":"Feature","geometry":{"type":"Point","coordinates":[-47.941284,-15.790283]},"properties":{"kind":"FIXED","limit_kmh":null,"source":"DETRAN-DF","active":true,"direction_deg":null}},{"type":"Feature","geometry":{"type":"Point","coordinates":[-47.937622,-15.790283]},"properties":{"kind":"FIXED","limit_kmh":null,"source":"DETRAN-DF","active":true,"direction_deg":null}},{"type":"Feature","geometry":{"type":"Point","coordinates":[-47.935181,-15.790283]},"properties":{"kind":"FIXED","limit_kmh":null,"source":"DETRAN-DF","active":true,"direction_deg":null}},{"type":"Feature","geometry":{"type":"Point","coordinates":[-47.939209,-15.790222]},"properties":{"kind":"FIXED","limit_kmh":null,"source":"DETRAN-DF","active":true,"direction_deg":null}},{"type":"Feature","geometry":{"type":"Point","coordinates":[-47.915527,-15.790222]},"properties":{"kind":"FIXED","limit_kmh":null,"source":"DETRAN-DF","active":true,"direction_deg":null}},{"type":"Feature","geometry":{"type":"Point","coordinates":[-47.880798,-15.790222]},"properties":{"kind":"FIXED","limit_kmh":60,"source":"DETRAN-DF","active":true,"direction_deg":null}},{"type":"Feature","geometry":{"type":"Point","coordinates":[-47.939575,-15.7901]},"properties":{"kind":"FIXED","limit_kmh":null,"source":"DETRAN-DF","active":true,"direction_deg":null}},{"type":"Feature","geometry":{"type":"Point","coordinates":[-47.911011,-15.7901]},"properties":{"kind":"FIXED","limit_kmh":60,"source":"DETRAN-DF","active":true,"direction_deg":null}},{"type":"Feature","geometry":{"type":"Point","coordinates":[-47.881592,-15.7901]},"properties":{"kind":"FIXED","limit_kmh":60,"source":"DETRAN-DF","active":true,"direction_deg":null}},{"type":"Feature","geometry":{"type":"Point","coordinates":[-47.937012,-15.789978]},"properties":{"kind":"FIXED","limit_kmh":null,"source":"DETRAN-DF","active":true,"direction_deg":null}},{"type":"Feature","geometry":{"type":"Point","coordinates":[-47.934998,-15.789978]},"properties":{"kind":"FIXED","limit_kmh":null,"source":"DETRAN-DF","active":true,"direction_deg":null}},{"type":"Feature","geometry":{"type":"Point","coordinates":[-48.143005,-15.789795]},"properties":{"kind":"FIXED","limit_kmh":null,"source":"DETRAN-DF","active":true,"direction_deg":null}},{"type":"Feature","geometry":{"type":"Point","coordinates":[-48.001709,-15.789795]},"properties":{"kind":"FIXED","limit_kmh":null,"source":"DETRAN-DF","active":true,"direction_deg":null}},{"type":"Feature","geometry":{"type":"Point","coordinates":[-47.935791,-15.789795]},"properties":{"kind":"FIXED","limit_kmh":null,"source":"DETRAN-DF","active":true,"direction_deg":null}},{"type":"Feature","geometry":{"type":"Point","coordinates":[-47.890381,-15.789795]},"properties":{"kind":"FIXED","limit_kmh":60,"source":"DETRAN-DF","active":true,"direction_deg":null}},{"type":"Feature","geometry":{"type":"Point","coordinates":[-47.854797,-15.789795]},"properties":{"kind":"FIXED","limit_kmh":null,"source":"DETRAN-DF","active":true,"direction_deg":null}},{"type":"Feature","geometry":{"type":"Point","coordinates":[-47.997192,-15.789612]},"properties":{"kind":"FIXED","limit_kmh":70,"source":"DETRAN-DF","active":true,"direction_deg":null}},{"type":"Feature","geometry":{"type":"Point","coordinates":[-47.997009,-15.789612]},"properties":{"kind":"FIXED","limit_kmh":70,"source":"DETRAN-DF","active":true,"direction_deg":null}},{"type":"Feature","geometry":{"type":"Point","coordinates":[-47.941101,-15.789612]},"properties":{"kind":"FIXED","limit_kmh":null,"source":"DETRAN-DF","active":true,"direction_deg":null}},{"type":"Feature","geometry":{"type":"Point","coordinates":[-47.940613,-15.789612]},"properties":{"kind":"FIXED","limit_kmh":null,"source":"DETRAN-DF","active":true,"direction_deg":null}},{"type":"Feature","geometry":{"type":"Point","coordinates":[-47.936584,-15.789612]},"properties":{"kind":"FIXED","limit_kmh":null,"source":"DETRAN-DF","active":true,"direction_deg":null}},{"type":"Feature","geometry":{"type":"Point","coordinates":[-47.936096,-15.789612]},"properties":{"kind":"FIXED","limit_kmh":null,"source":"DETRAN-DF","active":true,"direction_deg":null}},{"type":"Feature","geometry":{"type":"Point","coordinates":[-47.932678,-15.789612]},"properties":{"kind":"FIXED","limit_kmh":60,"source":"DETRAN-DF","active":true,"direction_deg":null}},{"type":"Feature","geometry":{"type":"Point","coordinates":[-47.858704,-15.789612]},"properties":{"kind":"FIXED","limit_kmh":80,"source":"DETRAN-DF","active":true,"direction_deg":null}},{"type":"Feature","geometry":{"type":"Point","coordinates":[-47.982483,-15.78949]},"properties":{"kind":"FIXED","limit_kmh":80,"source":"DETRAN-DF+OSM","active":true,"direction_deg":null}},{"type":"Feature","geometry":{"type":"Point","coordinates":[-47.933777,-15.78949]},"properties":{"kind":"FIXED","limit_kmh":null,"source":"DETRAN-DF","active":true,"direction_deg":null}},{"type":"Feature","geometry":{"type":"Point","coordinates":[-47.904297,-15.78949]},"properties":{"kind":"FIXED","limit_kmh":null,"source":"DETRAN-DF","active":true,"direction_deg":null}},{"type":"Feature","geometry":{"type":"Point","coordinates":[-47.940186,-15.789429]},"properties":{"kind":"FIXED","limit_kmh":null,"source":"DETRAN-DF","active":true,"direction_deg":null}},{"type":"Feature","geometry":{"type":"Point","coordinates":[-48.123413,-15.789307]},"properties":{"kind":"FIXED","limit_kmh":null,"source":"DETRAN-DF","active":true,"direction_deg":null}},{"type":"Feature","geometry":{"type":"Point","coordinates":[-48.110718,-15.789307]},"properties":{"kind":"FIXED","limit_kmh":60,"source":"DETRAN-DF","active":true,"direction_deg":null}},{"type":"Feature","geometry":{"type":"Point","coordinates":[-47.939697,-15.789185]},"properties":{"kind":"FIXED","limit_kmh":null,"source":"DETRAN-DF","active":true,"direction_deg":null}},{"type":"Feature","geometry":{"type":"Point","coordinates":[-47.938477,-15.789185]},"properties":{"kind":"FIXED","limit_kmh":null,"source":"DETRAN-DF","active":true,"direction_deg":null}},{"type":"Feature","geometry":{"type":"Point","coordinates":[-47.937683,-15.789185]},"properties":{"kind":"FIXED","limit_kmh":null,"source":"DETRAN-DF","active":true,"direction_deg":null}},{"type":"Feature","geometry":{"type":"Point","coordinates":[-47.936829,-15.789185]},"properties":{"kind":"FIXED","limit_kmh":null,"source":"DETRAN-DF","active":true,"direction_deg":null}},{"type":"Feature","geometry":{"type":"Point","coordinates":[-47.934387,-15.789185]},"properties":{"kind":"FIXED","limit_kmh":null,"source":"DETRAN-DF","active":true,"direction_deg":null}},{"type":"Feature","geometry":{"type":"Point","coordinates":[-48.11146,-15.789087]},"properties":{"kind":"FIXED","limit_kmh":null,"source":"DNIT","active":true,"direction_deg":112}},{"type":"Feature","geometry":{"type":"Point","coordinates":[-48.22114,-15.78903]},"properties":{"kind":"FIXED","limit_kmh":null,"source":"DNIT","active":true,"direction_deg":262}},{"type":"Feature","geometry":{"type":"Point","coordinates":[-48.001709,-15.789001]},"properties":{"kind":"FIXED","limit_kmh":null,"source":"DETRAN-DF","active":true,"direction_deg":null}},{"type":"Feature","geometry":{"type":"Point","coordinates":[-47.940308,-15.789001]},"properties":{"kind":"FIXED","limit_kmh":null,"source":"DETRAN-DF","active":true,"direction_deg":null}},{"type":"Feature","geometry":{"type":"Point","coordinates":[-47.939209,-15.789001]},"properties":{"kind":"FIXED","limit_kmh":null,"source":"DETRAN-DF","active":true,"direction_deg":null}},{"type":"Feature","geometry":{"type":"Point","coordinates":[-47.937195,-15.789001]},"properties":{"kind":"FIXED","limit_kmh":null,"source":"DETRAN-DF","active":true,"direction_deg":null}},{"type":"Feature","geometry":{"type":"Point","coordinates":[-47.938782,-15.788879]},"properties":{"kind":"FIXED","limit_kmh":null,"source":"DETRAN-DF","active":true,"direction_deg":null}},{"type":"Feature","geometry":{"type":"Point","coordinates":[-47.919312,-15.788879]},"properties":{"kind":"FIXED","limit_kmh":null,"source":"DETRAN-DF","active":true,"direction_deg":null}},{"type":"Feature","geometry":{"type":"Point","coordinates":[-47.936218,-15.788696]},"properties":{"kind":"FIXED","limit_kmh":null,"source":"DETRAN-DF","active":true,"direction_deg":null}},{"type":"Feature","geometry":{"type":"Point","coordinates":[-47.935486,-15.788696]},"properties":{"kind":"FIXED","limit_kmh":null,"source":"DETRAN-DF","active":true,"direction_deg":null}},{"type":"Feature","geometry":{"type":"Point","coordinates":[-47.915283,-15.788696]},"properties":{"kind":"FIXED","limit_kmh":null,"source":"DETRAN-DF","active":true,"direction_deg":null}},{"type":"Feature","geometry":{"type":"Point","coordinates":[-47.939697,-15.788513]},"properties":{"kind":"FIXED","limit_kmh":null,"source":"DETRAN-DF","active":true,"direction_deg":null}},{"type":"Feature","geometry":{"type":"Point","coordinates":[-47.939209,-15.788513]},"properties":{"kind":"FIXED","limit_kmh":null,"source":"DETRAN-DF","active":true,"direction_deg":null}},{"type":"Feature","geometry":{"type":"Point","coordinates":[-47.938904,-15.788513]},"properties":{"kind":"FIXED","limit_kmh":null,"source":"DETRAN-DF","active":true,"direction_deg":null}},{"type":"Feature","geometry":{"type":"Point","coordinates":[-47.937805,-15.788513]},"properties":{"kind":"FIXED","limit_kmh":null,"source":"DETRAN-DF","active":true,"direction_deg":null}},{"type":"Feature","geometry":{"type":"Point","coordinates":[-47.935791,-15.788513]},"properties":{"kind":"FIXED","limit_kmh":null,"source":"DETRAN-DF","active":true,"direction_deg":null}},{"type":"Feature","geometry":{"type":"Point","coordinates":[-47.93158,-15.788513]},"properties":{"kind":"FIXED","limit_kmh":null,"source":"DETRAN-DF","active":true,"direction_deg":null}},{"type":"Feature","geometry":{"type":"Point","coordinates":[-48.143311,-15.788391]},"properties":{"kind":"FIXED","limit_kmh":null,"source":"DETRAN-DF","active":true,"direction_deg":null}},{"type":"Feature","geometry":{"type":"Point","coordinates":[-48.132202,-15.788391]},"properties":{"kind":"FIXED","limit_kmh":null,"source":"DETRAN-DF","active":true,"direction_deg":null}},{"type":"Feature","geometry":{"type":"Point","coordinates":[-48.123901,-15.788391]},"properties":{"kind":"FIXED","limit_kmh":null,"source":"DETRAN-DF","active":true,"direction_deg":null}},{"type":"Feature","geometry":{"type":"Point","coordinates":[-47.933411,-15.788391]},"properties":{"kind":"FIXED","limit_kmh":null,"source":"DETRAN-DF","active":true,"direction_deg":null}},{"type":"Feature","geometry":{"type":"Point","coordinates":[-47.938416,-15.788208]},"properties":{"kind":"FIXED","limit_kmh":null,"source":"DETRAN-DF","active":true,"direction_deg":null}},{"type":"Feature","geometry":{"type":"Point","coordinates":[-47.93689,-15.788208]},"properties":{"kind":"FIXED","limit_kmh":null,"source":"DETRAN-DF","active":true,"direction_deg":null}},{"type":"Feature","geometry":{"type":"Point","coordinates":[-47.940308,-15.788086]},"properties":{"kind":"FIXED","limit_kmh":null,"source":"DETRAN-DF","active":true,"direction_deg":null}},{"type":"Feature","geometry":{"type":"Point","coordinates":[-47.937927,-15.788086]},"properties":{"kind":"FIXED","limit_kmh":null,"source":"DETRAN-DF","active":true,"direction_deg":null}},{"type":"Feature","geometry":{"type":"Point","coordinates":[-47.916016,-15.788086]},"properties":{"kind":"FIXED","limit_kmh":null,"source":"DETRAN-DF","active":true,"direction_deg":null}},{"type":"Feature","geometry":{"type":"Point","coordinates":[-47.85791,-15.788086]},"properties":{"kind":"FIXED","limit_kmh":80,"source":"DETRAN-DF","active":true,"direction_deg":null}},{"type":"Feature","geometry":{"type":"Point","coordinates":[-47.947388,-15.788025]},"properties":{"kind":"FIXED","limit_kmh":80,"source":"DETRAN-DF","active":true,"direction_deg":null}},{"type":"Feature","geometry":{"type":"Point","coordinates":[-47.9375,-15.788025]},"properties":{"kind":"FIXED","limit_kmh":null,"source":"DETRAN-DF","active":true,"direction_deg":null}},{"type":"Feature","geometry":{"type":"Point","coordinates":[-47.936401,-15.788025]},"properties":{"kind":"FIXED","limit_kmh":null,"source":"DETRAN-DF","active":true,"direction_deg":null}},{"type":"Feature","geometry":{"type":"Point","coordinates":[-47.888184,-15.788025]},"properties":{"kind":"FIXED","limit_kmh":60,"source":"DETRAN-DF","active":true,"direction_deg":null}},{"type":"Feature","geometry":{"type":"Point","coordinates":[-47.881775,-15.788025]},"properties":{"kind":"FIXED","limit_kmh":60,"source":"DETRAN-DF","active":true,"direction_deg":null}},{"type":"Feature","geometry":{"type":"Point","coordinates":[-48.13092,-15.787903]},"properties":{"kind":"FIXED","limit_kmh":null,"source":"DETRAN-DF","active":true,"direction_deg":null}},{"type":"Feature","geometry":{"type":"Point","coordinates":[-47.94751,-15.787903]},"properties":{"kind":"FIXED","limit_kmh":80,"source":"DETRAN-DF+OSM","active":true,"direction_deg":null}},{"type":"Feature","geometry":{"type":"Point","coordinates":[-47.939087,-15.787903]},"properties":{"kind":"FIXED","limit_kmh":null,"source":"DETRAN-DF","active":true,"direction_deg":null}},{"type":"Feature","geometry":{"type":"Point","coordinates":[-47.933899,-15.787903]},"properties":{"kind":"FIXED","limit_kmh":null,"source":"DETRAN-DF","active":true,"direction_deg":null}},{"type":"Feature","geometry":{"type":"Point","coordinates":[-47.987427,-15.787781]},"properties":{"kind":"FIXED","limit_kmh":80,"source":"DETRAN-DF","active":true,"direction_deg":null}},{"type":"Feature","geometry":{"type":"Point","coordinates":[-47.93988,-15.787781]},"properties":{"kind":"FIXED","limit_kmh":null,"source":"DETRAN-DF","active":true,"direction_deg":null}},{"type":"Feature","geometry":{"type":"Point","coordinates":[-47.937012,-15.787781]},"properties":{"kind":"FIXED","limit_kmh":null,"source":"DETRAN-DF","active":true,"direction_deg":null}},{"type":"Feature","geometry":{"type":"Point","coordinates":[-47.928894,-15.787781]},"properties":{"kind":"FIXED","limit_kmh":60,"source":"DETRAN-DF","active":true,"direction_deg":null}},{"type":"Feature","geometry":{"type":"Point","coordinates":[-47.93811,-15.78772]},"properties":{"kind":"FIXED","limit_kmh":null,"source":"DETRAN-DF","active":true,"direction_deg":null}},{"type":"Feature","geometry":{"type":"Point","coordinates":[-47.935913,-15.78772]},"properties":{"kind":"FIXED","limit_kmh":null,"source":"DETRAN-DF","active":true,"direction_deg":null}},{"type":"Feature","geometry":{"type":"Point","coordinates":[-47.888306,-15.78772]},"properties":{"kind":"FIXED","limit_kmh":60,"source":"DETRAN-DF","active":true,"direction_deg":null}},{"type":"Feature","geometry":{"type":"Point","coordinates":[-47.988042,-15.787625]},"properties":{"kind":"FIXED","limit_kmh":null,"source":"OSM","active":true,"direction_deg":null}},{"type":"Feature","geometry":{"type":"Point","coordinates":[-48.129883,-15.787598]},"properties":{"kind":"FIXED","limit_kmh":null,"source":"DETRAN-DF","active":true,"direction_deg":null}},{"type":"Feature","geometry":{"type":"Point","coordinates":[-47.939392,-15.787598]},"properties":{"kind":"FIXED","limit_kmh":null,"source":"DETRAN-DF","active":true,"direction_deg":null}},{"type":"Feature","geometry":{"type":"Point","coordinates":[-47.917908,-15.787598]},"properties":{"kind":"FIXED","limit_kmh":null,"source":"DETRAN-DF","active":true,"direction_deg":null}},{"type":"Feature","geometry":{"type":"Point","coordinates":[-47.917297,-15.787598]},"properties":{"kind":"FIXED","limit_kmh":null,"source":"DETRAN-DF","active":true,"direction_deg":null}},{"type":"Feature","geometry":{"type":"Point","coordinates":[-47.915222,-15.787598]},"properties":{"kind":"FIXED","limit_kmh":null,"source":"DETRAN-DF","active":true,"direction_deg":null}},{"type":"Feature","geometry":{"type":"Point","coordinates":[-47.936523,-15.787476]},"properties":{"kind":"FIXED","limit_kmh":null,"source":"DETRAN-DF","active":true,"direction_deg":null}},{"type":"Feature","geometry":{"type":"Point","coordinates":[-47.942078,-15.787292]},"properties":{"kind":"FIXED","limit_kmh":80,"source":"DETRAN-DF+OSM","active":true,"direction_deg":null}},{"type":"Feature","geometry":{"type":"Point","coordinates":[-47.935303,-15.787292]},"properties":{"kind":"FIXED","limit_kmh":null,"source":"DETRAN-DF","active":true,"direction_deg":null}},{"type":"Feature","geometry":{"type":"Point","coordinates":[-47.941528,-15.787109]},"properties":{"kind":"FIXED","limit_kmh":80,"source":"DETRAN-DF+OSM","active":true,"direction_deg":null}},{"type":"Feature","geometry":{"type":"Point","coordinates":[-47.940002,-15.787109]},"properties":{"kind":"FIXED","limit_kmh":null,"source":"DETRAN-DF","active":true,"direction_deg":null}},{"type":"Feature","geometry":{"type":"Point","coordinates":[-47.938293,-15.787109]},"properties":{"kind":"FIXED","limit_kmh":null,"source":"DETRAN-DF","active":true,"direction_deg":null}},{"type":"Feature","geometry":{"type":"Point","coordinates":[-47.937988,-15.787109]},"properties":{"kind":"FIXED","limit_kmh":null,"source":"DETRAN-DF","active":true,"direction_deg":null}},{"type":"Feature","geometry":{"type":"Point","coordinates":[-47.937622,-15.787109]},"properties":{"kind":"FIXED","limit_kmh":null,"source":"DETRAN-DF","active":true,"direction_deg":null}},{"type":"Feature","geometry":{"type":"Point","coordinates":[-47.935608,-15.787109]},"properties":{"kind":"FIXED","limit_kmh":null,"source":"DETRAN-DF","active":true,"direction_deg":null}},{"type":"Feature","geometry":{"type":"Point","coordinates":[-47.916382,-15.787109]},"properties":{"kind":"FIXED","limit_kmh":null,"source":"DETRAN-DF","active":true,"direction_deg":null}},{"type":"Feature","geometry":{"type":"Point","coordinates":[-48.001709,-15.786987]},"properties":{"kind":"FIXED","limit_kmh":null,"source":"DETRAN-DF","active":true,"direction_deg":null}},{"type":"Feature","geometry":{"type":"Point","coordinates":[-47.918579,-15.786987]},"properties":{"kind":"FIXED","limit_kmh":null,"source":"DETRAN-DF","active":true,"direction_deg":null}},{"type":"Feature","geometry":{"type":"Point","coordinates":[-47.934875,-15.786926]},"properties":{"kind":"FIXED","limit_kmh":null,"source":"DETRAN-DF","active":true,"direction_deg":null}},{"type":"Feature","geometry":{"type":"Point","coordinates":[-47.937012,-15.786804]},"properties":{"kind":"FIXED","limit_kmh":null,"source":"DETRAN-DF","active":true,"direction_deg":null}},{"type":"Feature","geometry":{"type":"Point","coordinates":[-47.936279,-15.786804]},"properties":{"kind":"FIXED","limit_kmh":null,"source":"DETRAN-DF","active":true,"direction_deg":null}},{"type":"Feature","geometry":{"type":"Point","coordinates":[-47.934387,-15.786804]},"properties":{"kind":"FIXED","limit_kmh":null,"source":"DETRAN-DF","active":true,"direction_deg":null}},{"type":"Feature","geometry":{"type":"Point","coordinates":[-47.907898,-15.786804]},"properties":{"kind":"FIXED","limit_kmh":60,"source":"DETRAN-DF","active":true,"direction_deg":null}},{"type":"Feature","geometry":{"type":"Point","coordinates":[-47.933105,-15.786682]},"properties":{"kind":"FIXED","limit_kmh":null,"source":"DETRAN-DF","active":true,"direction_deg":null}},{"type":"Feature","geometry":{"type":"Point","coordinates":[-48.006104,-15.786621]},"properties":{"kind":"FIXED","limit_kmh":80,"source":"DETRAN-DF","active":true,"direction_deg":null}},{"type":"Feature","geometry":{"type":"Point","coordinates":[-47.936584,-15.786621]},"properties":{"kind":"FIXED","limit_kmh":null,"source":"DETRAN-DF","active":true,"direction_deg":null}},{"type":"Feature","geometry":{"type":"Point","coordinates":[-47.935791,-15.786621]},"properties":{"kind":"FIXED","limit_kmh":null,"source":"DETRAN-DF","active":true,"direction_deg":null}},{"type":"Feature","geometry":{"type":"Point","coordinates":[-48.12439,-15.786499]},"properties":{"kind":"FIXED","limit_kmh":null,"source":"DETRAN-DF","active":true,"direction_deg":null}},{"type":"Feature","geometry":{"type":"Point","coordinates":[-47.933899,-15.786499]},"properties":{"kind":"FIXED","limit_kmh":null,"source":"DETRAN-DF","active":true,"direction_deg":null}},{"type":"Feature","geometry":{"type":"Point","coordinates":[-47.932617,-15.786499]},"properties":{"kind":"FIXED","limit_kmh":null,"source":"DETRAN-DF","active":true,"direction_deg":null}},{"type":"Feature","geometry":{"type":"Point","coordinates":[-48.004543,-15.786427]},"properties":{"kind":"FIXED","limit_kmh":80,"source":"OSM","active":true,"direction_deg":null}},{"type":"Feature","geometry":{"type":"Point","coordinates":[-47.932007,-15.786377]},"properties":{"kind":"FIXED","limit_kmh":null,"source":"DETRAN-DF","active":true,"direction_deg":null}},{"type":"Feature","geometry":{"type":"Point","coordinates":[-47.930786,-15.786316]},"properties":{"kind":"FIXED","limit_kmh":null,"source":"DETRAN-DF","active":true,"direction_deg":null}},{"type":"Feature","geometry":{"type":"Point","coordinates":[-47.998596,-15.786194]},"properties":{"kind":"FIXED","limit_kmh":80,"source":"DETRAN-DF","active":true,"direction_deg":null}},{"type":"Feature","geometry":{"type":"Point","coordinates":[-47.995911,-15.786194]},"properties":{"kind":"FIXED","limit_kmh":80,"source":"DETRAN-DF+OSM","active":true,"direction_deg":null}},{"type":"Feature","geometry":{"type":"Point","coordinates":[-47.993103,-15.786194]},"properties":{"kind":"FIXED","limit_kmh":null,"source":"DETRAN-DF","active":true,"direction_deg":null}},{"type":"Feature","geometry":{"type":"Point","coordinates":[-47.934204,-15.786194]},"properties":{"kind":"FIXED","limit_kmh":null,"source":"DETRAN-DF","active":true,"direction_deg":null}},{"type":"Feature","geometry":{"type":"Point","coordinates":[-47.900696,-15.786194]},"properties":{"kind":"FIXED","limit_kmh":60,"source":"DETRAN-DF+OSM","active":true,"direction_deg":null}},{"type":"Feature","geometry":{"type":"Point","coordinates":[-47.873596,-15.786194]},"properties":{"kind":"FIXED","limit_kmh":60,"source":"DETRAN-DF","active":true,"direction_deg":null}},{"type":"Feature","geometry":{"type":"Point","coordinates":[-47.873413,-15.786194]},"properties":{"kind":"FIXED","limit_kmh":60,"source":"DETRAN-DF","active":true,"direction_deg":null}},{"type":"Feature","geometry":{"type":"Point","coordinates":[-47.999789,-15.786086]},"properties":{"kind":"FIXED","limit_kmh":null,"source":"OSM","active":true,"direction_deg":null}},{"type":"Feature","geometry":{"type":"Point","coordinates":[-48.000427,-15.786011]},"properties":{"kind":"FIXED","limit_kmh":80,"source":"DETRAN-DF","active":true,"direction_deg":null}},{"type":"Feature","geometry":{"type":"Point","coordinates":[-47.99408,-15.786011]},"properties":{"kind":"FIXED","limit_kmh":null,"source":"DETRAN-DF","active":true,"direction_deg":null}},{"type":"Feature","geometry":{"type":"Point","coordinates":[-48.135473,-15.785977]},"properties":{"kind":"FIXED","limit_kmh":60,"source":"DNIT+DETRAN-DF","active":true,"direction_deg":73}},{"type":"Feature","geometry":{"type":"Point","coordinates":[-47.935913,-15.785889]},"properties":{"kind":"FIXED","limit_kmh":null,"source":"DETRAN-DF","active":true,"direction_deg":null}},{"type":"Feature","geometry":{"type":"Point","coordinates":[-47.935486,-15.785889]},"properties":{"kind":"FIXED","limit_kmh":null,"source":"DETRAN-DF","active":true,"direction_deg":null}},{"type":"Feature","geometry":{"type":"Point","coordinates":[-48.000488,-15.785706]},"properties":{"kind":"FIXED","limit_kmh":null,"source":"DETRAN-DF","active":true,"direction_deg":null}},{"type":"Feature","geometry":{"type":"Point","coordinates":[-47.99939,-15.785706]},"properties":{"kind":"FIXED","limit_kmh":null,"source":"DETRAN-DF","active":true,"direction_deg":null}},{"type":"Feature","geometry":{"type":"Point","coordinates":[-47.933594,-15.785583]},"properties":{"kind":"FIXED","limit_kmh":null,"source":"DETRAN-DF","active":true,"direction_deg":null}},{"type":"Feature","geometry":{"type":"Point","coordinates":[-47.932312,-15.785583]},"properties":{"kind":"FIXED","limit_kmh":null,"source":"DETRAN-DF","active":true,"direction_deg":null}},{"type":"Feature","geometry":{"type":"Point","coordinates":[-47.934998,-15.7854]},"properties":{"kind":"FIXED","limit_kmh":null,"source":"DETRAN-DF","active":true,"direction_deg":null}},{"type":"Feature","geometry":{"type":"Point","coordinates":[-47.933899,-15.7854]},"properties":{"kind":"FIXED","limit_kmh":null,"source":"DETRAN-DF","active":true,"direction_deg":null}},{"type":"Feature","geometry":{"type":"Point","coordinates":[-47.932678,-15.7854]},"properties":{"kind":"FIXED","limit_kmh":null,"source":"DETRAN-DF","active":true,"direction_deg":null}},{"type":"Feature","geometry":{"type":"Point","coordinates":[-47.934021,-15.785278]},"properties":{"kind":"FIXED","limit_kmh":null,"source":"DETRAN-DF","active":true,"direction_deg":null}},{"type":"Feature","geometry":{"type":"Point","coordinates":[-47.912292,-15.785278]},"properties":{"kind":"FIXED","limit_kmh":60,"source":"DETRAN-DF+OSM","active":true,"direction_deg":null}},{"type":"Feature","geometry":{"type":"Point","coordinates":[-47.906189,-15.785278]},"properties":{"kind":"FIXED","limit_kmh":60,"source":"DETRAN-DF+OSM","active":true,"direction_deg":null}},{"type":"Feature","geometry":{"type":"Point","coordinates":[-47.913879,-15.785217]},"properties":{"kind":"FIXED","limit_kmh":60,"source":"DETRAN-DF+OSM","active":true,"direction_deg":null}},{"type":"Feature","geometry":{"type":"Point","coordinates":[-47.930786,-15.785095]},"properties":{"kind":"FIXED","limit_kmh":60,"source":"DETRAN-DF","active":true,"direction_deg":null}},{"type":"Feature","geometry":{"type":"Point","coordinates":[-48.120975,-15.785009]},"properties":{"kind":"FIXED","limit_kmh":60,"source":"DNIT+DETRAN-DF","active":true,"direction_deg":292}},{"type":"Feature","geometry":{"type":"Point","coordinates":[-47.934387,-15.784912]},"properties":{"kind":"FIXED","limit_kmh":null,"source":"DETRAN-DF","active":true,"direction_deg":null}},{"type":"Feature","geometry":{"type":"Point","coordinates":[-47.933777,-15.784912]},"properties":{"kind":"FIXED","limit_kmh":null,"source":"DETRAN-DF","active":true,"direction_deg":null}},{"type":"Feature","geometry":{"type":"Point","coordinates":[-47.93158,-15.784912]},"properties":{"kind":"FIXED","limit_kmh":null,"source":"DETRAN-DF","active":true,"direction_deg":null}},{"type":"Feature","geometry":{"type":"Point","coordinates":[-47.93042,-15.784912]},"properties":{"kind":"FIXED","limit_kmh":null,"source":"DETRAN-DF","active":true,"direction_deg":null}},{"type":"Feature","geometry":{"type":"Point","coordinates":[-47.914001,-15.784912]},"properties":{"kind":"FIXED","limit_kmh":60,"source":"DETRAN-DF+OSM","active":true,"direction_deg":null}},{"type":"Feature","geometry":{"type":"Point","coordinates":[-47.937195,-15.78479]},"properties":{"kind":"FIXED","limit_kmh":null,"source":"DETRAN-DF","active":true,"direction_deg":null}},{"type":"Feature","geometry":{"type":"Point","coordinates":[-47.934509,-15.784607]},"properties":{"kind":"FIXED","limit_kmh":null,"source":"DETRAN-DF","active":true,"direction_deg":null}},{"type":"Feature","geometry":{"type":"Point","coordinates":[-47.934875,-15.784485]},"properties":{"kind":"FIXED","limit_kmh":null,"source":"DETRAN-DF","active":true,"direction_deg":null}},{"type":"Feature","geometry":{"type":"Point","coordinates":[-47.933594,-15.784485]},"properties":{"kind":"FIXED","limit_kmh":null,"source":"DETRAN-DF","active":true,"direction_deg":null}},{"type":"Feature","geometry":{"type":"Point","coordinates":[-47.933411,-15.784424]},"properties":{"kind":"FIXED","limit_kmh":null,"source":"DETRAN-DF","active":true,"direction_deg":null}},{"type":"Feature","geometry":{"type":"Point","coordinates":[-47.9328,-15.784424]},"properties":{"kind":"FIXED","limit_kmh":null,"source":"DETRAN-DF","active":true,"direction_deg":null}},{"type":"Feature","geometry":{"type":"Point","coordinates":[-47.932312,-15.784424]},"properties":{"kind":"FIXED","limit_kmh":null,"source":"DETRAN-DF","active":true,"direction_deg":null}},{"type":"Feature","geometry":{"type":"Point","coordinates":[-47.934204,-15.784302]},"properties":{"kind":"FIXED","limit_kmh":null,"source":"DETRAN-DF","active":true,"direction_deg":null}},{"type":"Feature","geometry":{"type":"Point","coordinates":[-47.933228,-15.784302]},"properties":{"kind":"FIXED","limit_kmh":null,"source":"DETRAN-DF","active":true,"direction_deg":null}},{"type":"Feature","geometry":{"type":"Point","coordinates":[-47.935486,-15.783997]},"properties":{"kind":"FIXED","limit_kmh":null,"source":"DETRAN-DF","active":true,"direction_deg":null}},{"type":"Feature","geometry":{"type":"Point","coordinates":[-47.933289,-15.783875]},"properties":{"kind":"FIXED","limit_kmh":null,"source":"DETRAN-DF","active":true,"direction_deg":null}},{"type":"Feature","geometry":{"type":"Point","coordinates":[-47.9328,-15.783875]},"properties":{"kind":"FIXED","limit_kmh":null,"source":"DETRAN-DF","active":true,"direction_deg":null}},{"type":"Feature","geometry":{"type":"Point","coordinates":[-47.932312,-15.783875]},"properties":{"kind":"FIXED","limit_kmh":null,"source":"DETRAN-DF","active":true,"direction_deg":null}},{"type":"Feature","geometry":{"type":"Point","coordinates":[-47.93158,-15.783875]},"properties":{"kind":"FIXED","limit_kmh":null,"source":"DETRAN-DF","active":true,"direction_deg":null}},{"type":"Feature","geometry":{"type":"Point","coordinates":[-47.933594,-15.783691]},"properties":{"kind":"FIXED","limit_kmh":null,"source":"DETRAN-DF","active":true,"direction_deg":null}},{"type":"Feature","geometry":{"type":"Point","coordinates":[-47.933899,-15.783325]},"properties":{"kind":"FIXED","limit_kmh":null,"source":"DETRAN-DF","active":true,"direction_deg":null}},{"type":"Feature","geometry":{"type":"Point","coordinates":[-47.905701,-15.783325]},"properties":{"kind":"FIXED","limit_kmh":null,"source":"DETRAN-DF","active":true,"direction_deg":null}},{"type":"Feature","geometry":{"type":"Point","coordinates":[-47.9375,-15.783081]},"properties":{"kind":"FIXED","limit_kmh":null,"source":"DETRAN-DF","active":true,"direction_deg":null}},{"type":"Feature","geometry":{"type":"Point","coordinates":[-47.905579,-15.783081]},"properties":{"kind":"FIXED","limit_kmh":60,"source":"DETRAN-DF","active":true,"direction_deg":null}},{"type":"Feature","geometry":{"type":"Point","coordinates":[-47.880615,-15.783081]},"properties":{"kind":"FIXED","limit_kmh":80,"source":"DETRAN-DF","active":true,"direction_deg":null}},{"type":"Feature","geometry":{"type":"Point","coordinates":[-47.935181,-15.78302]},"properties":{"kind":"FIXED","limit_kmh":null,"source":"DETRAN-DF","active":true,"direction_deg":null}},{"type":"Feature","geometry":{"type":"Point","coordinates":[-47.880493,-15.782898]},"properties":{"kind":"FIXED","limit_kmh":80,"source":"DETRAN-DF","active":true,"direction_deg":null}},{"type":"Feature","geometry":{"type":"Point","coordinates":[-47.930176,-15.782776]},"properties":{"kind":"FIXED","limit_kmh":60,"source":"DETRAN-DF","active":true,"direction_deg":null}},{"type":"Feature","geometry":{"type":"Point","coordinates":[-47.907288,-15.782776]},"properties":{"kind":"FIXED","limit_kmh":null,"source":"DETRAN-DF","active":true,"direction_deg":null}},{"type":"Feature","geometry":{"type":"Point","coordinates":[-47.934082,-15.782715]},"properties":{"kind":"FIXED","limit_kmh":null,"source":"DETRAN-DF","active":true,"direction_deg":null}},{"type":"Feature","geometry":{"type":"Point","coordinates":[-47.931213,-15.782715]},"properties":{"kind":"FIXED","limit_kmh":null,"source":"DETRAN-DF","active":true,"direction_deg":null}},{"type":"Feature","geometry":{"type":"Point","coordinates":[-47.879822,-15.782715]},"properties":{"kind":"FIXED","limit_kmh":60,"source":"DETRAN-DF","active":true,"direction_deg":null}},{"type":"Feature","geometry":{"type":"Point","coordinates":[-47.879883,-15.782593]},"properties":{"kind":"FIXED","limit_kmh":60,"source":"DETRAN-DF","active":true,"direction_deg":null}},{"type":"Feature","geometry":{"type":"Point","coordinates":[-47.935791,-15.78241]},"properties":{"kind":"FIXED","limit_kmh":null,"source":"DETRAN-DF","active":true,"direction_deg":null}},{"type":"Feature","geometry":{"type":"Point","coordinates":[-47.934509,-15.78241]},"properties":{"kind":"FIXED","limit_kmh":null,"source":"DETRAN-DF","active":true,"direction_deg":null}},{"type":"Feature","geometry":{"type":"Point","coordinates":[-47.934387,-15.78241]},"properties":{"kind":"FIXED","limit_kmh":null,"source":"DETRAN-DF","active":true,"direction_deg":null}},{"type":"Feature","geometry":{"type":"Point","coordinates":[-47.861023,-15.78241]},"properties":{"kind":"FIXED","limit_kmh":80,"source":"DETRAN-DF","active":true,"direction_deg":null}},{"type":"Feature","geometry":{"type":"Point","coordinates":[-47.936584,-15.782288]},"properties":{"kind":"FIXED","limit_kmh":null,"source":"DETRAN-DF","active":true,"direction_deg":null}},{"type":"Feature","geometry":{"type":"Point","coordinates":[-47.934387,-15.782104]},"properties":{"kind":"FIXED","limit_kmh":null,"source":"DETRAN-DF","active":true,"direction_deg":null}},{"type":"Feature","geometry":{"type":"Point","coordinates":[-47.933105,-15.782104]},"properties":{"kind":"FIXED","limit_kmh":null,"source":"DETRAN-DF","active":true,"direction_deg":null}},{"type":"Feature","geometry":{"type":"Point","coordinates":[-47.931213,-15.782104]},"properties":{"kind":"FIXED","limit_kmh":null,"source":"DETRAN-DF","active":true,"direction_deg":null}},{"type":"Feature","geometry":{"type":"Point","coordinates":[-47.934875,-15.781982]},"properties":{"kind":"FIXED","limit_kmh":null,"source":"DETRAN-DF","active":true,"direction_deg":null}},{"type":"Feature","geometry":{"type":"Point","coordinates":[-47.932678,-15.781982]},"properties":{"kind":"FIXED","limit_kmh":null,"source":"DETRAN-DF","active":true,"direction_deg":null}},{"type":"Feature","geometry":{"type":"Point","coordinates":[-47.778992,-15.781982]},"properties":{"kind":"FIXED","limit_kmh":40,"source":"DETRAN-DF","active":true,"direction_deg":null}},{"type":"Feature","geometry":{"type":"Point","coordinates":[-47.936707,-15.781799]},"properties":{"kind":"FIXED","limit_kmh":null,"source":"DETRAN-DF","active":true,"direction_deg":null}},{"type":"Feature","geometry":{"type":"Point","coordinates":[-47.936096,-15.781799]},"properties":{"kind":"FIXED","limit_kmh":null,"source":"DETRAN-DF","active":true,"direction_deg":null}},{"type":"Feature","geometry":{"type":"Point","coordinates":[-47.807312,-15.781799]},"properties":{"kind":"FIXED","limit_kmh":80,"source":"DETRAN-DF","active":true,"direction_deg":null}},{"type":"Feature","geometry":{"type":"Point","coordinates":[-47.935181,-15.781677]},"properties":{"kind":"FIXED","limit_kmh":null,"source":"DETRAN-DF","active":true,"direction_deg":null}},{"type":"Feature","geometry":{"type":"Point","coordinates":[-47.937012,-15.781616]},"properties":{"kind":"FIXED","limit_kmh":null,"source":"DETRAN-DF","active":true,"direction_deg":null}},{"type":"Feature","geometry":{"type":"Point","coordinates":[-47.934509,-15.781616]},"properties":{"kind":"FIXED","limit_kmh":null,"source":"DETRAN-DF","active":true,"direction_deg":null}},{"type":"Feature","geometry":{"type":"Point","coordinates":[-47.932129,-15.781616]},"properties":{"kind":"FIXED","limit_kmh":null,"source":"DETRAN-DF","active":true,"direction_deg":null}},{"type":"Feature","geometry":{"type":"Point","coordinates":[-47.939697,-15.781494]},"properties":{"kind":"FIXED","limit_kmh":80,"source":"DETRAN-DF+OSM","active":true,"direction_deg":null}},{"type":"Feature","geometry":{"type":"Point","coordinates":[-47.925479,-15.781334]},"properties":{"kind":"FIXED","limit_kmh":60,"source":"OSM","active":true,"direction_deg":null}},{"type":"Feature","geometry":{"type":"Point","coordinates":[-47.936096,-15.781311]},"properties":{"kind":"FIXED","limit_kmh":null,"source":"DETRAN-DF","active":true,"direction_deg":null}},{"type":"Feature","geometry":{"type":"Point","coordinates":[-47.934875,-15.781311]},"properties":{"kind":"FIXED","limit_kmh":null,"source":"DETRAN-DF","active":true,"direction_deg":null}},{"type":"Feature","geometry":{"type":"Point","coordinates":[-47.930786,-15.781311]},"properties":{"kind":"FIXED","limit_kmh":null,"source":"DETRAN-DF","active":true,"direction_deg":null}},{"type":"Feature","geometry":{"type":"Point","coordinates":[-47.92511,-15.781311]},"properties":{"kind":"FIXED","limit_kmh":60,"source":"DETRAN-DF","active":true,"direction_deg":null}},{"type":"Feature","geometry":{"type":"Point","coordinates":[-47.887512,-15.781311]},"properties":{"kind":"FIXED","limit_kmh":60,"source":"DETRAN-DF","active":true,"direction_deg":null}},{"type":"Feature","geometry":{"type":"Point","coordinates":[-47.924988,-15.781189]},"properties":{"kind":"FIXED","limit_kmh":50,"source":"DETRAN-DF","active":true,"direction_deg":null}},{"type":"Feature","geometry":{"type":"Point","coordinates":[-47.934021,-15.781128]},"properties":{"kind":"FIXED","limit_kmh":null,"source":"DETRAN-DF","active":true,"direction_deg":null}},{"type":"Feature","geometry":{"type":"Point","coordinates":[-47.935608,-15.781006]},"properties":{"kind":"FIXED","limit_kmh":null,"source":"DETRAN-DF","active":true,"direction_deg":null}},{"type":"Feature","geometry":{"type":"Point","coordinates":[-47.935181,-15.781006]},"properties":{"kind":"FIXED","limit_kmh":null,"source":"DETRAN-DF","active":true,"direction_deg":null}},{"type":"Feature","geometry":{"type":"Point","coordinates":[-47.92041,-15.781006]},"properties":{"kind":"FIXED","limit_kmh":60,"source":"DETRAN-DF+OSM","active":true,"direction_deg":null}},{"type":"Feature","geometry":{"type":"Point","coordinates":[-47.793213,-15.781006]},"properties":{"kind":"FIXED","limit_kmh":80,"source":"DETRAN-DF","active":true,"direction_deg":null}},{"type":"Feature","geometry":{"type":"Point","coordinates":[-47.930908,-15.780884]},"properties":{"kind":"FIXED","limit_kmh":null,"source":"DETRAN-DF","active":true,"direction_deg":null}},{"type":"Feature","geometry":{"type":"Point","coordinates":[-47.936279,-15.780701]},"properties":{"kind":"FIXED","limit_kmh":null,"source":"DETRAN-DF","active":true,"direction_deg":null}},{"type":"Feature","geometry":{"type":"Point","coordinates":[-47.937683,-15.780579]},"properties":{"kind":"FIXED","limit_kmh":null,"source":"DETRAN-DF","active":true,"direction_deg":null}},{"type":"Feature","geometry":{"type":"Point","coordinates":[-47.936707,-15.780579]},"properties":{"kind":"FIXED","limit_kmh":null,"source":"DETRAN-DF","active":true,"direction_deg":null}},{"type":"Feature","geometry":{"type":"Point","coordinates":[-47.93219,-15.780518]},"properties":{"kind":"FIXED","limit_kmh":null,"source":"DETRAN-DF","active":true,"direction_deg":null}},{"type":"Feature","geometry":{"type":"Point","coordinates":[-47.931702,-15.780518]},"properties":{"kind":"FIXED","limit_kmh":null,"source":"DETRAN-DF","active":true,"direction_deg":null}},{"type":"Feature","geometry":{"type":"Point","coordinates":[-47.93811,-15.780396]},"properties":{"kind":"FIXED","limit_kmh":null,"source":"DETRAN-DF","active":true,"direction_deg":null}},{"type":"Feature","geometry":{"type":"Point","coordinates":[-47.934998,-15.780396]},"properties":{"kind":"FIXED","limit_kmh":null,"source":"DETRAN-DF","active":true,"direction_deg":null}},{"type":"Feature","geometry":{"type":"Point","coordinates":[-47.934509,-15.780396]},"properties":{"kind":"FIXED","limit_kmh":null,"source":"DETRAN-DF","active":true,"direction_deg":null}},{"type":"Feature","geometry":{"type":"Point","coordinates":[-47.932495,-15.780396]},"properties":{"kind":"FIXED","limit_kmh":null,"source":"DETRAN-DF","active":true,"direction_deg":null}},{"type":"Feature","geometry":{"type":"Point","coordinates":[-47.931519,-15.780396]},"properties":{"kind":"FIXED","limit_kmh":null,"source":"DETRAN-DF","active":true,"direction_deg":null}},{"type":"Feature","geometry":{"type":"Point","coordinates":[-47.887695,-15.780396]},"properties":{"kind":"FIXED","limit_kmh":60,"source":"DETRAN-DF","active":true,"direction_deg":null}},{"type":"Feature","geometry":{"type":"Point","coordinates":[-47.937012,-15.780212]},"properties":{"kind":"FIXED","limit_kmh":null,"source":"DETRAN-DF","active":true,"direction_deg":null}},{"type":"Feature","geometry":{"type":"Point","coordinates":[-47.935425,-15.780212]},"properties":{"kind":"FIXED","limit_kmh":null,"source":"DETRAN-DF","active":true,"direction_deg":null}},{"type":"Feature","geometry":{"type":"Point","coordinates":[-47.933289,-15.780212]},"properties":{"kind":"FIXED","limit_kmh":null,"source":"DETRAN-DF","active":true,"direction_deg":null}},{"type":"Feature","geometry":{"type":"Point","coordinates":[-47.932922,-15.780212]},"properties":{"kind":"FIXED","limit_kmh":null,"source":"DETRAN-DF","active":true,"direction_deg":null}},{"type":"Feature","geometry":{"type":"Point","coordinates":[-47.881226,-15.780029]},"properties":{"kind":"FIXED","limit_kmh":60,"source":"DETRAN-DF","active":true,"direction_deg":null}},{"type":"Feature","geometry":{"type":"Point","coordinates":[-47.934021,-15.779907]},"properties":{"kind":"FIXED","limit_kmh":null,"source":"DETRAN-DF","active":true,"direction_deg":null}},{"type":"Feature","geometry":{"type":"Point","coordinates":[-47.933594,-15.779907]},"properties":{"kind":"FIXED","limit_kmh":null,"source":"DETRAN-DF","active":true,"direction_deg":null}},{"type":"Feature","geometry":{"type":"Point","coordinates":[-47.932983,-15.779907]},"properties":{"kind":"FIXED","limit_kmh":null,"source":"DETRAN-DF","active":true,"direction_deg":null}},{"type":"Feature","geometry":{"type":"Point","coordinates":[-47.881287,-15.779907]},"properties":{"kind":"FIXED","limit_kmh":60,"source":"DETRAN-DF","active":true,"direction_deg":null}},{"type":"Feature","geometry":{"type":"Point","coordinates":[-47.9375,-15.779785]},"properties":{"kind":"FIXED","limit_kmh":null,"source":"DETRAN-DF","active":true,"direction_deg":null}},{"type":"Feature","geometry":{"type":"Point","coordinates":[-47.934387,-15.779785]},"properties":{"kind":"FIXED","limit_kmh":null,"source":"DETRAN-DF","active":true,"direction_deg":null}},{"type":"Feature","geometry":{"type":"Point","coordinates":[-47.937988,-15.779724]},"properties":{"kind":"FIXED","limit_kmh":null,"source":"DETRAN-DF","active":true,"direction_deg":null}},{"type":"Feature","geometry":{"type":"Point","coordinates":[-47.934814,-15.779602]},"properties":{"kind":"FIXED","limit_kmh":null,"source":"DETRAN-DF","active":true,"direction_deg":null}},{"type":"Feature","geometry":{"type":"Point","coordinates":[-47.936279,-15.77948]},"properties":{"kind":"FIXED","limit_kmh":null,"source":"DETRAN-DF","active":true,"direction_deg":null}},{"type":"Feature","geometry":{"type":"Point","coordinates":[-47.935486,-15.77948]},"properties":{"kind":"FIXED","limit_kmh":null,"source":"DETRAN-DF","active":true,"direction_deg":null}},{"type":"Feature","geometry":{"type":"Point","coordinates":[-47.935181,-15.77948]},"properties":{"kind":"FIXED","limit_kmh":null,"source":"DETRAN-DF","active":true,"direction_deg":null}},{"type":"Feature","geometry":{"type":"Point","coordinates":[-47.934509,-15.77948]},"properties":{"kind":"FIXED","limit_kmh":null,"source":"DETRAN-DF","active":true,"direction_deg":null}},{"type":"Feature","geometry":{"type":"Point","coordinates":[-47.936707,-15.779297]},"properties":{"kind":"FIXED","limit_kmh":null,"source":"DETRAN-DF","active":true,"direction_deg":null}},{"type":"Feature","geometry":{"type":"Point","coordinates":[-47.935913,-15.779297]},"properties":{"kind":"FIXED","limit_kmh":null,"source":"DETRAN-DF","active":true,"direction_deg":null}},{"type":"Feature","geometry":{"type":"Point","coordinates":[-48.171692,-15.779175]},"properties":{"kind":"FIXED","limit_kmh":null,"source":"DETRAN-DF","active":true,"direction_deg":null}},{"type":"Feature","geometry":{"type":"Point","coordinates":[-47.937195,-15.779175]},"properties":{"kind":"FIXED","limit_kmh":null,"source":"DETRAN-DF","active":true,"direction_deg":null}},{"type":"Feature","geometry":{"type":"Point","coordinates":[-47.862,-15.779175]},"properties":{"kind":"FIXED","limit_kmh":80,"source":"DETRAN-DF","active":true,"direction_deg":null}},{"type":"Feature","geometry":{"type":"Point","coordinates":[-47.937805,-15.778992]},"properties":{"kind":"FIXED","limit_kmh":null,"source":"DETRAN-DF","active":true,"direction_deg":null}},{"type":"Feature","geometry":{"type":"Point","coordinates":[-47.93689,-15.778992]},"properties":{"kind":"FIXED","limit_kmh":null,"source":"DETRAN-DF","active":true,"direction_deg":null}},{"type":"Feature","geometry":{"type":"Point","coordinates":[-47.935913,-15.778992]},"properties":{"kind":"FIXED","limit_kmh":null,"source":"DETRAN-DF","active":true,"direction_deg":null}},{"type":"Feature","geometry":{"type":"Point","coordinates":[-47.887878,-15.778809]},"properties":{"kind":"FIXED","limit_kmh":60,"source":"DETRAN-DF","active":true,"direction_deg":null}},{"type":"Feature","geometry":{"type":"Point","coordinates":[-47.90979,-15.778687]},"properties":{"kind":"FIXED","limit_kmh":60,"source":"DETRAN-DF+OSM","active":true,"direction_deg":null}},{"type":"Feature","geometry":{"type":"Point","coordinates":[-47.938599,-15.778503]},"properties":{"kind":"FIXED","limit_kmh":80,"source":"DETRAN-DF+OSM","active":true,"direction_deg":null}},{"type":"Feature","geometry":{"type":"Point","coordinates":[-48.171204,-15.778381]},"properties":{"kind":"FIXED","limit_kmh":null,"source":"DETRAN-DF","active":true,"direction_deg":null}},{"type":"Feature","geometry":{"type":"Point","coordinates":[-47.934509,-15.778381]},"properties":{"kind":"FIXED","limit_kmh":60,"source":"DETRAN-DF+OSM","active":true,"direction_deg":null}},{"type":"Feature","geometry":{"type":"Point","coordinates":[-47.931885,-15.777405]},"properties":{"kind":"FIXED","limit_kmh":60,"source":"DETRAN-DF+OSM","active":true,"direction_deg":null}},{"type":"Feature","geometry":{"type":"Point","coordinates":[-47.862976,-15.777405]},"properties":{"kind":"FIXED","limit_kmh":80,"source":"DETRAN-DF","active":true,"direction_deg":null}},{"type":"Feature","geometry":{"type":"Point","coordinates":[-47.921204,-15.776611]},"properties":{"kind":"FIXED","limit_kmh":60,"source":"DETRAN-DF+OSM","active":true,"direction_deg":null}},{"type":"Feature","geometry":{"type":"Point","coordinates":[-47.921082,-15.776611]},"properties":{"kind":"FIXED","limit_kmh":60,"source":"DETRAN-DF","active":true,"direction_deg":null}},{"type":"Feature","geometry":{"type":"Point","coordinates":[-47.891479,-15.776611]},"properties":{"kind":"FIXED","limit_kmh":50,"source":"DETRAN-DF","active":true,"direction_deg":null}},{"type":"Feature","geometry":{"type":"Point","coordinates":[-47.890808,-15.776611]},"properties":{"kind":"FIXED","limit_kmh":50,"source":"DETRAN-DF","active":true,"direction_deg":null}},{"type":"Feature","geometry":{"type":"Point","coordinates":[-47.871582,-15.776611]},"properties":{"kind":"FIXED","limit_kmh":60,"source":"DETRAN-DF","active":true,"direction_deg":null}},{"type":"Feature","geometry":{"type":"Point","coordinates":[-47.780884,-15.776611]},"properties":{"kind":"FIXED","limit_kmh":40,"source":"DETRAN-DF","active":true,"direction_deg":null}},{"type":"Feature","geometry":{"type":"Point","coordinates":[-47.910583,-15.776001]},"properties":{"kind":"FIXED","limit_kmh":60,"source":"DETRAN-DF","active":true,"direction_deg":null}},{"type":"Feature","geometry":{"type":"Point","coordinates":[-47.931824,-15.775879]},"properties":{"kind":"FIXED","limit_kmh":null,"source":"DETRAN-DF","active":true,"direction_deg":null}},{"type":"Feature","geometry":{"type":"Point","coordinates":[-47.874512,-15.775208]},"properties":{"kind":"FIXED","limit_kmh":60,"source":"DETRAN-DF","active":true,"direction_deg":null}},{"type":"Feature","geometry":{"type":"Point","coordinates":[-47.927429,-15.77478]},"properties":{"kind":"FIXED","limit_kmh":null,"source":"DETRAN-DF","active":true,"direction_deg":null}},{"type":"Feature","geometry":{"type":"Point","coordinates":[-47.938293,-15.774475]},"properties":{"kind":"FIXED","limit_kmh":60,"source":"DETRAN-DF+OSM","active":true,"direction_deg":null}},{"type":"Feature","geometry":{"type":"Point","coordinates":[-47.931213,-15.774109]},"properties":{"kind":"FIXED","limit_kmh":null,"source":"DETRAN-DF","active":true,"direction_deg":null}},{"type":"Feature","geometry":{"type":"Point","coordinates":[-47.927795,-15.773804]},"properties":{"kind":"FIXED","limit_kmh":null,"source":"DETRAN-DF","active":true,"direction_deg":null}},{"type":"Feature","geometry":{"type":"Point","coordinates":[-47.887695,-15.773621]},"properties":{"kind":"FIXED","limit_kmh":null,"source":"DETRAN-DF","active":true,"direction_deg":null}},{"type":"Feature","geometry":{"type":"Point","coordinates":[-47.928711,-15.773499]},"properties":{"kind":"FIXED","limit_kmh":null,"source":"DETRAN-DF","active":true,"direction_deg":null}},{"type":"Feature","geometry":{"type":"Point","coordinates":[-47.910095,-15.773499]},"properties":{"kind":"FIXED","limit_kmh":60,"source":"DETRAN-DF","active":true,"direction_deg":null}},{"type":"Feature","geometry":{"type":"Point","coordinates":[-47.872009,-15.773376]},"properties":{"kind":"FIXED","limit_kmh":60,"source":"DETRAN-DF","active":true,"direction_deg":null}},{"type":"Feature","geometry":{"type":"Point","coordinates":[-47.930908,-15.77301]},"properties":{"kind":"FIXED","limit_kmh":null,"source":"DETRAN-DF","active":true,"direction_deg":null}},{"type":"Feature","geometry":{"type":"Point","coordinates":[-47.926819,-15.77301]},"properties":{"kind":"FIXED","limit_kmh":null,"source":"DETRAN-DF","active":true,"direction_deg":null}},{"type":"Feature","geometry":{"type":"Point","coordinates":[-47.779602,-15.772583]},"properties":{"kind":"FIXED","limit_kmh":40,"source":"DETRAN-DF+OSM","active":true,"direction_deg":null}},{"type":"Feature","geometry":{"type":"Point","coordinates":[-47.937012,-15.772278]},"properties":{"kind":"FIXED","limit_kmh":80,"source":"DETRAN-DF+OSM","active":true,"direction_deg":null}},{"type":"Feature","geometry":{"type":"Point","coordinates":[-47.936858,-15.772029]},"properties":{"kind":"FIXED","limit_kmh":null,"source":"OSM","active":true,"direction_deg":null}},{"type":"Feature","geometry":{"type":"Point","coordinates":[-47.888611,-15.771606]},"properties":{"kind":"FIXED","limit_kmh":60,"source":"DETRAN-DF","active":true,"direction_deg":null}},{"type":"Feature","geometry":{"type":"Point","coordinates":[-47.875,-15.771484]},"properties":{"kind":"FIXED","limit_kmh":60,"source":"DETRAN-DF","active":true,"direction_deg":null}},{"type":"Feature","geometry":{"type":"Point","coordinates":[-47.874878,-15.771484]},"properties":{"kind":"FIXED","limit_kmh":60,"source":"DETRAN-DF","active":true,"direction_deg":null}},{"type":"Feature","geometry":{"type":"Point","coordinates":[-47.779602,-15.771423]},"properties":{"kind":"FIXED","limit_kmh":40,"source":"DETRAN-DF+OSM","active":true,"direction_deg":null}},{"type":"Feature","geometry":{"type":"Point","coordinates":[-47.919006,-15.77063]},"properties":{"kind":"FIXED","limit_kmh":60,"source":"DETRAN-DF","active":true,"direction_deg":null}},{"type":"Feature","geometry":{"type":"Point","coordinates":[-48.045105,-15.770508]},"properties":{"kind":"FIXED","limit_kmh":80,"source":"DETRAN-DF","active":true,"direction_deg":null}},{"type":"Feature","geometry":{"type":"Point","coordinates":[-47.919006,-15.770203]},"properties":{"kind":"FIXED","limit_kmh":60,"source":"DETRAN-DF","active":true,"direction_deg":null}},{"type":"Feature","geometry":{"type":"Point","coordinates":[-47.893677,-15.769897]},"properties":{"kind":"FIXED","limit_kmh":60,"source":"DETRAN-DF","active":true,"direction_deg":null}},{"type":"Feature","geometry":{"type":"Point","coordinates":[-47.92572,-15.769775]},"properties":{"kind":"FIXED","limit_kmh":null,"source":"DETRAN-DF","active":true,"direction_deg":null}},{"type":"Feature","geometry":{"type":"Point","coordinates":[-47.892212,-15.769592]},"properties":{"kind":"FIXED","limit_kmh":50,"source":"DETRAN-DF","active":true,"direction_deg":null}},{"type":"Feature","geometry":{"type":"Point","coordinates":[-47.889099,-15.769592]},"properties":{"kind":"FIXED","limit_kmh":60,"source":"DETRAN-DF","active":true,"direction_deg":null}},{"type":"Feature","geometry":{"type":"Point","coordinates":[-47.911377,-15.769287]},"properties":{"kind":"FIXED","limit_kmh":70,"source":"DETRAN-DF","active":true,"direction_deg":null}},{"type":"Feature","geometry":{"type":"Point","coordinates":[-47.872498,-15.769104]},"properties":{"kind":"FIXED","limit_kmh":50,"source":"DETRAN-DF","active":true,"direction_deg":null}},{"type":"Feature","geometry":{"type":"Point","coordinates":[-47.912109,-15.768799]},"properties":{"kind":"FIXED","limit_kmh":70,"source":"DETRAN-DF","active":true,"direction_deg":null}},{"type":"Feature","geometry":{"type":"Point","coordinates":[-47.889587,-15.768677]},"properties":{"kind":"FIXED","limit_kmh":60,"source":"DETRAN-DF","active":true,"direction_deg":null}},{"type":"Feature","geometry":{"type":"Point","coordinates":[-47.863098,-15.768677]},"properties":{"kind":"FIXED","limit_kmh":80,"source":"DETRAN-DF","active":true,"direction_deg":null}},{"type":"Feature","geometry":{"type":"Point","coordinates":[-47.774292,-15.768616]},"properties":{"kind":"FIXED","limit_kmh":null,"source":"DETRAN-DF","active":true,"direction_deg":null}},{"type":"Feature","geometry":{"type":"Point","coordinates":[-47.774109,-15.768616]},"properties":{"kind":"FIXED","limit_kmh":null,"source":"DETRAN-DF","active":true,"direction_deg":null}},{"type":"Feature","geometry":{"type":"Point","coordinates":[-47.882812,-15.768494]},"properties":{"kind":"FIXED","limit_kmh":60,"source":"DETRAN-DF","active":true,"direction_deg":null}},{"type":"Feature","geometry":{"type":"Point","coordinates":[-47.882996,-15.768311]},"properties":{"kind":"FIXED","limit_kmh":60,"source":"DETRAN-DF","active":true,"direction_deg":null}},{"type":"Feature","geometry":{"type":"Point","coordinates":[-47.882385,-15.768188]},"properties":{"kind":"FIXED","limit_kmh":80,"source":"DETRAN-DF","active":true,"direction_deg":null}},{"type":"Feature","geometry":{"type":"Point","coordinates":[-47.934082,-15.768005]},"properties":{"kind":"FIXED","limit_kmh":80,"source":"DETRAN-DF+OSM","active":true,"direction_deg":null}},{"type":"Feature","geometry":{"type":"Point","coordinates":[-47.774414,-15.768005]},"properties":{"kind":"FIXED","limit_kmh":null,"source":"DETRAN-DF","active":true,"direction_deg":null}},{"type":"Feature","geometry":{"type":"Point","coordinates":[-47.774292,-15.768005]},"properties":{"kind":"FIXED","limit_kmh":null,"source":"DETRAN-DF","active":true,"direction_deg":null}},{"type":"Feature","geometry":{"type":"Point","coordinates":[-47.881592,-15.767883]},"properties":{"kind":"FIXED","limit_kmh":60,"source":"DETRAN-DF","active":true,"direction_deg":null}},{"type":"Feature","geometry":{"type":"Point","coordinates":[-47.881897,-15.767212]},"properties":{"kind":"FIXED","limit_kmh":60,"source":"DETRAN-DF","active":true,"direction_deg":null}},{"type":"Feature","geometry":{"type":"Point","coordinates":[-47.87323,-15.76709]},"properties":{"kind":"FIXED","limit_kmh":50,"source":"DETRAN-DF","active":true,"direction_deg":null}},{"type":"Feature","geometry":{"type":"Point","coordinates":[-47.933899,-15.767029]},"properties":{"kind":"FIXED","limit_kmh":80,"source":"DETRAN-DF+OSM","active":true,"direction_deg":null}},{"type":"Feature","geometry":{"type":"Point","coordinates":[-47.914001,-15.766724]},"properties":{"kind":"FIXED","limit_kmh":70,"source":"DETRAN-DF+OSM","active":true,"direction_deg":null}},{"type":"Feature","geometry":{"type":"Point","coordinates":[-48.16748,-15.766479]},"properties":{"kind":"FIXED","limit_kmh":null,"source":"DETRAN-DF","active":true,"direction_deg":null}},{"type":"Feature","geometry":{"type":"Point","coordinates":[-47.882812,-15.766113]},"properties":{"kind":"FIXED","limit_kmh":80,"source":"DETRAN-DF","active":true,"direction_deg":null}},{"type":"Feature","geometry":{"type":"Point","coordinates":[-47.779907,-15.766113]},"properties":{"kind":"FIXED","limit_kmh":40,"source":"DETRAN-DF","active":true,"direction_deg":null}},{"type":"Feature","geometry":{"type":"Point","coordinates":[-48.16748,-15.765686]},"properties":{"kind":"FIXED","limit_kmh":null,"source":"DETRAN-DF","active":true,"direction_deg":null}},{"type":"Feature","geometry":{"type":"Point","coordinates":[-47.924011,-15.765076]},"properties":{"kind":"FIXED","limit_kmh":null,"source":"DETRAN-DF","active":true,"direction_deg":null}},{"type":"Feature","geometry":{"type":"Point","coordinates":[-47.915588,-15.764709]},"properties":{"kind":"FIXED","limit_kmh":70,"source":"DETRAN-DF+OSM","active":true,"direction_deg":null}},{"type":"Feature","geometry":{"type":"Point","coordinates":[-47.895691,-15.764526]},"properties":{"kind":"FIXED","limit_kmh":40,"source":"DETRAN-DF","active":true,"direction_deg":null}},{"type":"Feature","geometry":{"type":"Point","coordinates":[-47.893982,-15.764099]},"properties":{"kind":"FIXED","limit_kmh":50,"source":"DETRAN-DF","active":true,"direction_deg":null}},{"type":"Feature","geometry":{"type":"Point","coordinates":[-47.780212,-15.764099]},"properties":{"kind":"FIXED","limit_kmh":40,"source":"DETRAN-DF","active":true,"direction_deg":null}},{"type":"Feature","geometry":{"type":"Point","coordinates":[-47.8625,-15.764092]},"properties":{"kind":"FIXED","limit_kmh":null,"source":"OSM","active":true,"direction_deg":null}},{"type":"Feature","geometry":{"type":"Point","coordinates":[-47.862488,-15.763794]},"properties":{"kind":"FIXED","limit_kmh":80,"source":"DETRAN-DF","active":true,"direction_deg":null}},{"type":"Feature","geometry":{"type":"Point","coordinates":[-47.924194,-15.763611]},"properties":{"kind":"FIXED","limit_kmh":null,"source":"DETRAN-DF","active":true,"direction_deg":null}},{"type":"Feature","geometry":{"type":"Point","coordinates":[-47.917175,-15.763611]},"properties":{"kind":"FIXED","limit_kmh":70,"source":"DETRAN-DF","active":true,"direction_deg":null}},{"type":"Feature","geometry":{"type":"Point","coordinates":[-47.890808,-15.763611]},"properties":{"kind":"FIXED","limit_kmh":60,"source":"DETRAN-DF","active":true,"direction_deg":null}},{"type":"Feature","geometry":{"type":"Point","coordinates":[-47.894104,-15.763184]},"properties":{"kind":"FIXED","limit_kmh":null,"source":"DETRAN-DF","active":true,"direction_deg":null}},{"type":"Feature","geometry":{"type":"Point","coordinates":[-47.923401,-15.762878]},"properties":{"kind":"FIXED","limit_kmh":null,"source":"DETRAN-DF","active":true,"direction_deg":null}},{"type":"Feature","geometry":{"type":"Point","coordinates":[-47.862976,-15.762512]},"properties":{"kind":"FIXED","limit_kmh":80,"source":"DETRAN-DF","active":true,"direction_deg":null}},{"type":"Feature","geometry":{"type":"Point","coordinates":[-47.894287,-15.762085]},"properties":{"kind":"FIXED","limit_kmh":null,"source":"DETRAN-DF","active":true,"direction_deg":null}},{"type":"Feature","geometry":{"type":"Point","coordinates":[-47.893799,-15.762024]},"properties":{"kind":"FIXED","limit_kmh":null,"source":"DETRAN-DF","active":true,"direction_deg":null}},{"type":"Feature","geometry":{"type":"Point","coordinates":[-47.789612,-15.761475]},"properties":{"kind":"FIXED","limit_kmh":80,"source":"DETRAN-DF","active":true,"direction_deg":null}},{"type":"Feature","geometry":{"type":"Point","coordinates":[-47.790651,-15.761356]},"properties":{"kind":"FIXED","limit_kmh":60,"source":"OSM","active":true,"direction_deg":null}},{"type":"Feature","geometry":{"type":"Point","coordinates":[-47.919312,-15.761292]},"properties":{"kind":"FIXED","limit_kmh":null,"source":"DETRAN-DF","active":true,"direction_deg":null}},{"type":"Feature","geometry":{"type":"Point","coordinates":[-47.894714,-15.761292]},"properties":{"kind":"FIXED","limit_kmh":null,"source":"DETRAN-DF","active":true,"direction_deg":null}},{"type":"Feature","geometry":{"type":"Point","coordinates":[-47.894409,-15.761108]},"properties":{"kind":"FIXED","limit_kmh":null,"source":"DETRAN-DF","active":true,"direction_deg":null}},{"type":"Feature","geometry":{"type":"Point","coordinates":[-47.894104,-15.761108]},"properties":{"kind":"FIXED","limit_kmh":null,"source":"DETRAN-DF","active":true,"direction_deg":null}},{"type":"Feature","geometry":{"type":"Point","coordinates":[-47.893799,-15.760986]},"properties":{"kind":"FIXED","limit_kmh":null,"source":"DETRAN-DF","active":true,"direction_deg":null}},{"type":"Feature","geometry":{"type":"Point","coordinates":[-47.875,-15.760986]},"properties":{"kind":"FIXED","limit_kmh":60,"source":"DETRAN-DF","active":true,"direction_deg":null}},{"type":"Feature","geometry":{"type":"Point","coordinates":[-47.893494,-15.760925]},"properties":{"kind":"FIXED","limit_kmh":null,"source":"DETRAN-DF","active":true,"direction_deg":null}},{"type":"Feature","geometry":{"type":"Point","coordinates":[-47.893311,-15.760803]},"properties":{"kind":"FIXED","limit_kmh":null,"source":"DETRAN-DF","active":true,"direction_deg":null}},{"type":"Feature","geometry":{"type":"Point","coordinates":[-47.794495,-15.760681]},"properties":{"kind":"FIXED","limit_kmh":80,"source":"DETRAN-DF","active":true,"direction_deg":null}},{"type":"Feature","geometry":{"type":"Point","coordinates":[-47.877625,-15.76062]},"properties":{"kind":"FIXED","limit_kmh":60,"source":"DETRAN-DF","active":true,"direction_deg":null}},{"type":"Feature","geometry":{"type":"Point","coordinates":[-47.918396,-15.760498]},"properties":{"kind":"FIXED","limit_kmh":null,"source":"DETRAN-DF","active":true,"direction_deg":null}},{"type":"Feature","geometry":{"type":"Point","coordinates":[-47.894897,-15.76001]},"properties":{"kind":"FIXED","limit_kmh":null,"source":"DETRAN-DF","active":true,"direction_deg":null}},{"type":"Feature","geometry":{"type":"Point","coordinates":[-47.894592,-15.759888]},"properties":{"kind":"FIXED","limit_kmh":null,"source":"DETRAN-DF","active":true,"direction_deg":null}},{"type":"Feature","geometry":{"type":"Point","coordinates":[-47.884705,-15.759888]},"properties":{"kind":"FIXED","limit_kmh":80,"source":"DETRAN-DF","active":true,"direction_deg":null}},{"type":"Feature","geometry":{"type":"Point","coordinates":[-47.923828,-15.759827]},"properties":{"kind":"FIXED","limit_kmh":70,"source":"DETRAN-DF","active":true,"direction_deg":null}},{"type":"Feature","geometry":{"type":"Point","coordinates":[-47.894287,-15.759827]},"properties":{"kind":"FIXED","limit_kmh":null,"source":"DETRAN-DF","active":true,"direction_deg":null}},{"type":"Feature","geometry":{"type":"Point","coordinates":[-47.923584,-15.759705]},"properties":{"kind":"FIXED","limit_kmh":70,"source":"DETRAN-DF+OSM","active":true,"direction_deg":null}},{"type":"Feature","geometry":{"type":"Point","coordinates":[-47.915588,-15.759583]},"properties":{"kind":"FIXED","limit_kmh":null,"source":"DETRAN-DF","active":true,"direction_deg":null}},{"type":"Feature","geometry":{"type":"Point","coordinates":[-47.893494,-15.759583]},"properties":{"kind":"FIXED","limit_kmh":null,"source":"DETRAN-DF","active":true,"direction_deg":null}},{"type":"Feature","geometry":{"type":"Point","coordinates":[-47.802307,-15.759521]},"properties":{"kind":"FIXED","limit_kmh":80,"source":"DETRAN-DF","active":true,"direction_deg":null}},{"type":"Feature","geometry":{"type":"Point","coordinates":[-47.924458,-15.759446]},"properties":{"kind":"FIXED","limit_kmh":70,"source":"OSM","active":true,"direction_deg":null}},{"type":"Feature","geometry":{"type":"Point","coordinates":[-47.77771,-15.759399]},"properties":{"kind":"FIXED","limit_kmh":null,"source":"DETRAN-DF","active":true,"direction_deg":null}},{"type":"Feature","geometry":{"type":"Point","coordinates":[-47.894897,-15.759277]},"properties":{"kind":"FIXED","limit_kmh":null,"source":"DETRAN-DF","active":true,"direction_deg":null}},{"type":"Feature","geometry":{"type":"Point","coordinates":[-47.894592,-15.759277]},"properties":{"kind":"FIXED","limit_kmh":null,"source":"DETRAN-DF","active":true,"direction_deg":null}},{"type":"Feature","geometry":{"type":"Point","coordinates":[-47.74408,-15.759277]},"properties":{"kind":"FIXED","limit_kmh":null,"source":"DETRAN-DF","active":true,"direction_deg":null}},{"type":"Feature","geometry":{"type":"Point","coordinates":[-47.928589,-15.759216]},"properties":{"kind":"FIXED","limit_kmh":80,"source":"DETRAN-DF","active":true,"direction_deg":null}},{"type":"Feature","geometry":{"type":"Point","coordinates":[-47.928894,-15.758911]},"properties":{"kind":"FIXED","limit_kmh":80,"source":"DETRAN-DF","active":true,"direction_deg":null}},{"type":"Feature","geometry":{"type":"Point","coordinates":[-47.913879,-15.758911]},"properties":{"kind":"FIXED","limit_kmh":null,"source":"DETRAN-DF","active":true,"direction_deg":null}},{"type":"Feature","geometry":{"type":"Point","coordinates":[-47.89502,-15.758606]},"properties":{"kind":"FIXED","limit_kmh":null,"source":"DETRAN-DF","active":true,"direction_deg":null}},{"type":"Feature","geometry":{"type":"Point","coordinates":[-47.8078,-15.758606]},"properties":{"kind":"FIXED","limit_kmh":80,"source":"DETRAN-DF","active":true,"direction_deg":null}},{"type":"Feature","geometry":{"type":"Point","coordinates":[-47.928727,-15.758606]},"properties":{"kind":"FIXED","limit_kmh":null,"source":"OSM","active":true,"direction_deg":null}},{"type":"Feature","geometry":{"type":"Point","coordinates":[-47.8927,-15.758484]},"properties":{"kind":"FIXED","limit_kmh":60,"source":"DETRAN-DF","active":true,"direction_deg":null}},{"type":"Feature","geometry":{"type":"Point","coordinates":[-47.894287,-15.758423]},"properties":{"kind":"FIXED","limit_kmh":null,"source":"DETRAN-DF","active":true,"direction_deg":null}},{"type":"Feature","geometry":{"type":"Point","coordinates":[-47.911194,-15.757996]},"properties":{"kind":"FIXED","limit_kmh":null,"source":"DETRAN-DF","active":true,"direction_deg":null}},{"type":"Feature","geometry":{"type":"Point","coordinates":[-47.746277,-15.757812]},"properties":{"kind":"FIXED","limit_kmh":null,"source":"DETRAN-DF","active":true,"direction_deg":null}},{"type":"Feature","geometry":{"type":"Point","coordinates":[-47.892883,-15.757507]},"properties":{"kind":"FIXED","limit_kmh":60,"source":"DETRAN-DF","active":true,"direction_deg":null}},{"type":"Feature","geometry":{"type":"Point","coordinates":[-47.885681,-15.757385]},"properties":{"kind":"FIXED","limit_kmh":80,"source":"DETRAN-DF","active":true,"direction_deg":null}},{"type":"Feature","geometry":{"type":"Point","coordinates":[-47.810181,-15.757385]},"properties":{"kind":"FIXED","limit_kmh":80,"source":"DETRAN-DF","active":true,"direction_deg":null}},{"type":"Feature","geometry":{"type":"Point","coordinates":[-47.896179,-15.757019]},"properties":{"kind":"FIXED","limit_kmh":50,"source":"DETRAN-DF","active":true,"direction_deg":null}},{"type":"Feature","geometry":{"type":"Point","coordinates":[-47.886475,-15.756897]},"properties":{"kind":"FIXED","limit_kmh":60,"source":"DETRAN-DF","active":true,"direction_deg":null}},{"type":"Feature","geometry":{"type":"Point","coordinates":[-47.886475,-15.756775]},"properties":{"kind":"FIXED","limit_kmh":60,"source":"DETRAN-DF","active":true,"direction_deg":null}},{"type":"Feature","geometry":{"type":"Point","coordinates":[-47.893311,-15.756592]},"properties":{"kind":"FIXED","limit_kmh":60,"source":"DETRAN-DF","active":true,"direction_deg":null}},{"type":"Feature","geometry":{"type":"Point","coordinates":[-47.778992,-15.756104]},"properties":{"kind":"FIXED","limit_kmh":null,"source":"DETRAN-DF","active":true,"direction_deg":null}},{"type":"Feature","geometry":{"type":"Point","coordinates":[-47.77063,-15.755676]},"properties":{"kind":"FIXED","limit_kmh":null,"source":"DETRAN-DF","active":true,"direction_deg":null}},{"type":"Feature","geometry":{"type":"Point","coordinates":[-47.836609,-15.755615]},"properties":{"kind":"FIXED","limit_kmh":70,"source":"DETRAN-DF","active":true,"direction_deg":null}},{"type":"Feature","geometry":{"type":"Point","coordinates":[-47.88562,-15.755493]},"properties":{"kind":"FIXED","limit_kmh":60,"source":"DETRAN-DF","active":true,"direction_deg":null}},{"type":"Feature","geometry":{"type":"Point","coordinates":[-47.770386,-15.755493]},"properties":{"kind":"FIXED","limit_kmh":null,"source":"DETRAN-DF","active":true,"direction_deg":null}},{"type":"Feature","geometry":{"type":"Point","coordinates":[-47.885681,-15.755005]},"properties":{"kind":"FIXED","limit_kmh":60,"source":"DETRAN-DF","active":true,"direction_deg":null}},{"type":"Feature","geometry":{"type":"Point","coordinates":[-47.814209,-15.755005]},"properties":{"kind":"FIXED","limit_kmh":80,"source":"DETRAN-DF","active":true,"direction_deg":null}},{"type":"Feature","geometry":{"type":"Point","coordinates":[-47.869754,-15.754589]},"properties":{"kind":"FIXED","limit_kmh":null,"source":"OSM","active":true,"direction_deg":null}},{"type":"Feature","geometry":{"type":"Point","coordinates":[-47.870605,-15.754395]},"properties":{"kind":"FIXED","limit_kmh":80,"source":"DETRAN-DF","active":true,"direction_deg":null}},{"type":"Feature","geometry":{"type":"Point","coordinates":[-47.8703,-15.754028]},"properties":{"kind":"FIXED","limit_kmh":80,"source":"DETRAN-DF","active":true,"direction_deg":null}},{"type":"Feature","geometry":{"type":"Point","coordinates":[-47.753418,-15.753479]},"properties":{"kind":"FIXED","limit_kmh":null,"source":"DETRAN-DF","active":true,"direction_deg":null}},{"type":"Feature","geometry":{"type":"Point","coordinates":[-47.840576,-15.753113]},"properties":{"kind":"FIXED","limit_kmh":70,"source":"DETRAN-DF","active":true,"direction_deg":null}},{"type":"Feature","geometry":{"type":"Point","coordinates":[-47.887085,-15.752686]},"properties":{"kind":"FIXED","limit_kmh":80,"source":"DETRAN-DF","active":true,"direction_deg":null}},{"type":"Feature","geometry":{"type":"Point","coordinates":[-47.887207,-15.752502]},"properties":{"kind":"FIXED","limit_kmh":80,"source":"DETRAN-DF","active":true,"direction_deg":null}},{"type":"Feature","geometry":{"type":"Point","coordinates":[-47.780396,-15.752502]},"properties":{"kind":"FIXED","limit_kmh":null,"source":"DETRAN-DF","active":true,"direction_deg":null}},{"type":"Feature","geometry":{"type":"Point","coordinates":[-47.763977,-15.752502]},"properties":{"kind":"FIXED","limit_kmh":null,"source":"DETRAN-DF","active":true,"direction_deg":null}},{"type":"Feature","geometry":{"type":"Point","coordinates":[-47.890503,-15.752014]},"properties":{"kind":"FIXED","limit_kmh":null,"source":"DETRAN-DF","active":true,"direction_deg":null}},{"type":"Feature","geometry":{"type":"Point","coordinates":[-47.81311,-15.752014]},"properties":{"kind":"FIXED","limit_kmh":50,"source":"DETRAN-DF","active":true,"direction_deg":null}},{"type":"Feature","geometry":{"type":"Point","coordinates":[-47.9245,-15.751709]},"properties":{"kind":"FIXED","limit_kmh":80,"source":"DETRAN-DF+OSM","active":true,"direction_deg":null}},{"type":"Feature","geometry":{"type":"Point","coordinates":[-47.763611,-15.751709]},"properties":{"kind":"FIXED","limit_kmh":null,"source":"DETRAN-DF","active":true,"direction_deg":null}},{"type":"Feature","geometry":{"type":"Point","coordinates":[-47.71521,-15.751282]},"properties":{"kind":"FIXED","limit_kmh":null,"source":"DETRAN-DF","active":true,"direction_deg":null}},{"type":"Feature","geometry":{"type":"Point","coordinates":[-47.880676,-15.751099]},"properties":{"kind":"FIXED","limit_kmh":60,"source":"DETRAN-DF","active":true,"direction_deg":null}},{"type":"Feature","geometry":{"type":"Point","coordinates":[-47.763428,-15.751099]},"properties":{"kind":"FIXED","limit_kmh":null,"source":"DETRAN-DF","active":true,"direction_deg":null}},{"type":"Feature","geometry":{"type":"Point","coordinates":[-47.764587,-15.75061]},"properties":{"kind":"FIXED","limit_kmh":null,"source":"DETRAN-DF","active":true,"direction_deg":null}},{"type":"Feature","geometry":{"type":"Point","coordinates":[-47.880981,-15.750488]},"properties":{"kind":"FIXED","limit_kmh":60,"source":"DETRAN-DF","active":true,"direction_deg":null}},{"type":"Feature","geometry":{"type":"Point","coordinates":[-47.816284,-15.750488]},"properties":{"kind":"FIXED","limit_kmh":50,"source":"DETRAN-DF","active":true,"direction_deg":null}},{"type":"Feature","geometry":{"type":"Point","coordinates":[-47.922913,-15.750122]},"properties":{"kind":"FIXED","limit_kmh":80,"source":"DETRAN-DF","active":true,"direction_deg":null}},{"type":"Feature","geometry":{"type":"Point","coordinates":[-47.762878,-15.749817]},"properties":{"kind":"FIXED","limit_kmh":null,"source":"DETRAN-DF","active":true,"direction_deg":null}},{"type":"Feature","geometry":{"type":"Point","coordinates":[-47.762512,-15.749023]},"properties":{"kind":"FIXED","limit_kmh":null,"source":"DETRAN-DF","active":true,"direction_deg":null}},{"type":"Feature","geometry":{"type":"Point","coordinates":[-47.898926,-15.748596]},"properties":{"kind":"FIXED","limit_kmh":40,"source":"DETRAN-DF+OSM","active":true,"direction_deg":null}},{"type":"Feature","geometry":{"type":"Point","coordinates":[-47.781921,-15.748596]},"properties":{"kind":"FIXED","limit_kmh":null,"source":"DETRAN-DF","active":true,"direction_deg":null}},{"type":"Feature","geometry":{"type":"Point","coordinates":[-47.820984,-15.74823]},"properties":{"kind":"FIXED","limit_kmh":80,"source":"DETRAN-DF","active":true,"direction_deg":null}},{"type":"Feature","geometry":{"type":"Point","coordinates":[-47.846375,-15.748108]},"properties":{"kind":"FIXED","limit_kmh":70,"source":"DETRAN-DF","active":true,"direction_deg":null}},{"type":"Feature","geometry":{"type":"Point","coordinates":[-47.846191,-15.747803]},"properties":{"kind":"FIXED","limit_kmh":70,"source":"DETRAN-DF","active":true,"direction_deg":null}},{"type":"Feature","geometry":{"type":"Point","coordinates":[-47.921875,-15.747681]},"properties":{"kind":"FIXED","limit_kmh":80,"source":"DETRAN-DF+OSM","active":true,"direction_deg":null}},{"type":"Feature","geometry":{"type":"Point","coordinates":[-47.761902,-15.747681]},"properties":{"kind":"FIXED","limit_kmh":null,"source":"DETRAN-DF","active":true,"direction_deg":null}},{"type":"Feature","geometry":{"type":"Point","coordinates":[-47.761414,-15.746399]},"properties":{"kind":"FIXED","limit_kmh":null,"source":"DETRAN-DF","active":true,"direction_deg":null}},{"type":"Feature","geometry":{"type":"Point","coordinates":[-47.900085,-15.746094]},"properties":{"kind":"FIXED","limit_kmh":50,"source":"DETRAN-DF","active":true,"direction_deg":null}},{"type":"Feature","geometry":{"type":"Point","coordinates":[-47.889282,-15.746094]},"properties":{"kind":"FIXED","limit_kmh":80,"source":"DETRAN-DF","active":true,"direction_deg":null}},{"type":"Feature","geometry":{"type":"Point","coordinates":[-47.66449,-15.746094]},"properties":{"kind":"FIXED","limit_kmh":null,"source":"DETRAN-DF","active":true,"direction_deg":null}},{"type":"Feature","geometry":{"type":"Point","coordinates":[-47.878296,-15.745911]},"properties":{"kind":"FIXED","limit_kmh":80,"source":"DETRAN-DF","active":true,"direction_deg":null}},{"type":"Feature","geometry":{"type":"Point","coordinates":[-47.900325,-15.745858]},"properties":{"kind":"FIXED","limit_kmh":null,"source":"OSM","active":true,"direction_deg":null}},{"type":"Feature","geometry":{"type":"Point","coordinates":[-47.889404,-15.745483]},"properties":{"kind":"FIXED","limit_kmh":80,"source":"DETRAN-DF","active":true,"direction_deg":null}},{"type":"Feature","geometry":{"type":"Point","coordinates":[-47.879517,-15.745178]},"properties":{"kind":"FIXED","limit_kmh":80,"source":"DETRAN-DF","active":true,"direction_deg":null}},{"type":"Feature","geometry":{"type":"Point","coordinates":[-47.89679,-15.744995]},"properties":{"kind":"FIXED","limit_kmh":60,"source":"DETRAN-DF","active":true,"direction_deg":null}},{"type":"Feature","geometry":{"type":"Point","coordinates":[-47.900208,-15.74469]},"properties":{"kind":"FIXED","limit_kmh":50,"source":"DETRAN-DF","active":true,"direction_deg":null}},{"type":"Feature","geometry":{"type":"Point","coordinates":[-47.849609,-15.744507]},"properties":{"kind":"FIXED","limit_kmh":70,"source":"DETRAN-DF","active":true,"direction_deg":null}},{"type":"Feature","geometry":{"type":"Point","coordinates":[-47.850891,-15.744202]},"properties":{"kind":"FIXED","limit_kmh":70,"source":"DETRAN-DF","active":true,"direction_deg":null}},{"type":"Feature","geometry":{"type":"Point","coordinates":[-47.882812,-15.74408]},"properties":{"kind":"FIXED","limit_kmh":60,"source":"DETRAN-DF","active":true,"direction_deg":null}},{"type":"Feature","geometry":{"type":"Point","coordinates":[-47.825012,-15.743713]},"properties":{"kind":"FIXED","limit_kmh":80,"source":"DETRAN-DF","active":true,"direction_deg":null}},{"type":"Feature","geometry":{"type":"Point","coordinates":[-47.889404,-15.743408]},"properties":{"kind":"FIXED","limit_kmh":60,"source":"DETRAN-DF","active":true,"direction_deg":null}},{"type":"Feature","geometry":{"type":"Point","coordinates":[-47.663879,-15.743408]},"properties":{"kind":"FIXED","limit_kmh":null,"source":"DETRAN-DF","active":true,"direction_deg":null}},{"type":"Feature","geometry":{"type":"Point","coordinates":[-47.918579,-15.743103]},"properties":{"kind":"FIXED","limit_kmh":80,"source":"DETRAN-DF","active":true,"direction_deg":null}},{"type":"Feature","geometry":{"type":"Point","coordinates":[-47.883484,-15.742676]},"properties":{"kind":"FIXED","limit_kmh":60,"source":"DETRAN-DF","active":true,"direction_deg":null}},{"type":"Feature","geometry":{"type":"Point","coordinates":[-47.918213,-15.741821]},"properties":{"kind":"FIXED","limit_kmh":80,"source":"DETRAN-DF+OSM","active":true,"direction_deg":null}},{"type":"Feature","geometry":{"type":"Point","coordinates":[-48.167603,-15.741577]},"properties":{"kind":"FIXED","limit_kmh":null,"source":"DETRAN-DF","active":true,"direction_deg":null}},{"type":"Feature","geometry":{"type":"Point","coordinates":[-48.167603,-15.741028]},"properties":{"kind":"FIXED","limit_kmh":null,"source":"DETRAN-DF","active":true,"direction_deg":null}},{"type":"Feature","geometry":{"type":"Point","coordinates":[-48.057922,-15.740112]},"properties":{"kind":"FIXED","limit_kmh":80,"source":"DETRAN-DF","active":true,"direction_deg":null}},{"type":"Feature","geometry":{"type":"Point","coordinates":[-47.898682,-15.739807]},"properties":{"kind":"FIXED","limit_kmh":60,"source":"DETRAN-DF","active":true,"direction_deg":null}},{"type":"Feature","geometry":{"type":"Point","coordinates":[-47.916321,-15.739502]},"properties":{"kind":"FIXED","limit_kmh":80,"source":"DETRAN-DF","active":true,"direction_deg":null}},{"type":"Feature","geometry":{"type":"Point","coordinates":[-47.884521,-15.739197]},"properties":{"kind":"FIXED","limit_kmh":60,"source":"DETRAN-DF","active":true,"direction_deg":null}},{"type":"Feature","geometry":{"type":"Point","coordinates":[-47.831177,-15.738892]},"properties":{"kind":"FIXED","limit_kmh":80,"source":"DETRAN-DF","active":true,"direction_deg":null}},{"type":"Feature","geometry":{"type":"Point","coordinates":[-47.884827,-15.738586]},"properties":{"kind":"FIXED","limit_kmh":60,"source":"DETRAN-DF","active":true,"direction_deg":null}},{"type":"Feature","geometry":{"type":"Point","coordinates":[-47.912109,-15.738098]},"properties":{"kind":"FIXED","limit_kmh":70,"source":"DETRAN-DF","active":true,"direction_deg":null}},{"type":"Feature","geometry":{"type":"Point","coordinates":[-48.167725,-15.73761]},"properties":{"kind":"FIXED","limit_kmh":null,"source":"DETRAN-DF","active":true,"direction_deg":null}},{"type":"Feature","geometry":{"type":"Point","coordinates":[-47.860596,-15.73761]},"properties":{"kind":"FIXED","limit_kmh":70,"source":"DETRAN-DF","active":true,"direction_deg":null}},{"type":"Feature","geometry":{"type":"Point","coordinates":[-47.892029,-15.737183]},"properties":{"kind":"FIXED","limit_kmh":80,"source":"DETRAN-DF","active":true,"direction_deg":null}},{"type":"Feature","geometry":{"type":"Point","coordinates":[-47.907641,-15.736913]},"properties":{"kind":"FIXED","limit_kmh":null,"source":"OSM","active":true,"direction_deg":null}},{"type":"Feature","geometry":{"type":"Point","coordinates":[-47.834106,-15.736877]},"properties":{"kind":"FIXED","limit_kmh":80,"source":"DETRAN-DF","active":true,"direction_deg":null}},{"type":"Feature","geometry":{"type":"Point","coordinates":[-47.906982,-15.736694]},"properties":{"kind":"FIXED","limit_kmh":70,"source":"DETRAN-DF","active":true,"direction_deg":null}},{"type":"Feature","geometry":{"type":"Point","coordinates":[-47.892212,-15.736694]},"properties":{"kind":"FIXED","limit_kmh":80,"source":"DETRAN-DF","active":true,"direction_deg":null}},{"type":"Feature","geometry":{"type":"Point","coordinates":[-47.894104,-15.734619]},"properties":{"kind":"FIXED","limit_kmh":40,"source":"DETRAN-DF","active":true,"direction_deg":null}},{"type":"Feature","geometry":{"type":"Point","coordinates":[-47.886108,-15.734619]},"properties":{"kind":"FIXED","limit_kmh":60,"source":"DETRAN-DF","active":true,"direction_deg":null}},{"type":"Feature","geometry":{"type":"Point","coordinates":[-47.900655,-15.73461]},"properties":{"kind":"FIXED","limit_kmh":null,"source":"OSM","active":true,"direction_deg":null}},{"type":"Feature","geometry":{"type":"Point","coordinates":[-48.080383,-15.734192]},"properties":{"kind":"FIXED","limit_kmh":80,"source":"DETRAN-DF","active":true,"direction_deg":null}},{"type":"Feature","geometry":{"type":"Point","coordinates":[-47.885871,-15.734031]},"properties":{"kind":"FIXED","limit_kmh":null,"source":"OSM","active":true,"direction_deg":null}},{"type":"Feature","geometry":{"type":"Point","coordinates":[-47.864502,-15.734009]},"properties":{"kind":"FIXED","limit_kmh":70,"source":"DETRAN-DF","active":true,"direction_deg":null}},{"type":"Feature","geometry":{"type":"Point","coordinates":[-47.864075,-15.733826]},"properties":{"kind":"FIXED","limit_kmh":70,"source":"DETRAN-DF+OSM","active":true,"direction_deg":null}},{"type":"Feature","geometry":{"type":"Point","coordinates":[-47.912903,-15.733093]},"properties":{"kind":"FIXED","limit_kmh":80,"source":"DETRAN-DF","active":true,"direction_deg":null}},{"type":"Feature","geometry":{"type":"Point","coordinates":[-47.891016,-15.733073]},"properties":{"kind":"FIXED","limit_kmh":null,"source":"OSM","active":true,"direction_deg":null}},{"type":"Feature","geometry":{"type":"Point","coordinates":[-47.895813,-15.73291]},"properties":{"kind":"FIXED","limit_kmh":60,"source":"DETRAN-DF","active":true,"direction_deg":null}},{"type":"Feature","geometry":{"type":"Point","coordinates":[-47.890991,-15.731506]},"properties":{"kind":"FIXED","limit_kmh":60,"source":"DETRAN-DF","active":true,"direction_deg":null}},{"type":"Feature","geometry":{"type":"Point","coordinates":[-47.892822,-15.731201]},"properties":{"kind":"FIXED","limit_kmh":60,"source":"DETRAN-DF","active":true,"direction_deg":null}},{"type":"Feature","geometry":{"type":"Point","coordinates":[-48.1651,-15.731018]},"properties":{"kind":"FIXED","limit_kmh":80,"source":"DETRAN-DF","active":true,"direction_deg":null}},{"type":"Feature","geometry":{"type":"Point","coordinates":[-48.180786,-15.730896]},"properties":{"kind":"FIXED","limit_kmh":80,"source":"DETRAN-DF","active":true,"direction_deg":null}},{"type":"Feature","geometry":{"type":"Point","coordinates":[-48.171326,-15.730896]},"properties":{"kind":"FIXED","limit_kmh":80,"source":"DETRAN-DF","active":true,"direction_deg":null}},{"type":"Feature","geometry":{"type":"Point","coordinates":[-48.181392,-15.73084]},"properties":{"kind":"FIXED","limit_kmh":60,"source":"DNIT+OSM","active":true,"direction_deg":null}},{"type":"Feature","geometry":{"type":"Point","coordinates":[-48.117981,-15.729919]},"properties":{"kind":"FIXED","limit_kmh":80,"source":"DETRAN-DF","active":true,"direction_deg":null}},{"type":"Feature","geometry":{"type":"Point","coordinates":[-47.910095,-15.729492]},"properties":{"kind":"FIXED","limit_kmh":80,"source":"DETRAN-DF","active":true,"direction_deg":null}},{"type":"Feature","geometry":{"type":"Point","coordinates":[-48.123057,-15.729319]},"properties":{"kind":"FIXED","limit_kmh":80,"source":"DNIT+DETRAN-DF","active":true,"direction_deg":276}},{"type":"Feature","geometry":{"type":"Point","coordinates":[-47.842102,-15.729309]},"properties":{"kind":"FIXED","limit_kmh":80,"source":"DETRAN-DF","active":true,"direction_deg":null}},{"type":"Feature","geometry":{"type":"Point","coordinates":[-47.84198,-15.729309]},"properties":{"kind":"FIXED","limit_kmh":80,"source":"DETRAN-DF","active":true,"direction_deg":null}},{"type":"Feature","geometry":{"type":"Point","coordinates":[-48.125013,-15.729242]},"properties":{"kind":"FIXED","limit_kmh":null,"source":"DNIT","active":true,"direction_deg":96}},{"type":"Feature","geometry":{"type":"Point","coordinates":[-47.869812,-15.729187]},"properties":{"kind":"FIXED","limit_kmh":70,"source":"DETRAN-DF","active":true,"direction_deg":null}},{"type":"Feature","geometry":{"type":"Point","coordinates":[-48.128601,-15.728821]},"properties":{"kind":"FIXED","limit_kmh":80,"source":"DETRAN-DF","active":true,"direction_deg":null}},{"type":"Feature","geometry":{"type":"Point","coordinates":[-47.658691,-15.727905]},"properties":{"kind":"FIXED","limit_kmh":null,"source":"DETRAN-DF","active":true,"direction_deg":null}},{"type":"Feature","geometry":{"type":"Point","coordinates":[-47.895508,-15.7276]},"properties":{"kind":"FIXED","limit_kmh":60,"source":"DETRAN-DF","active":true,"direction_deg":null}},{"type":"Feature","geometry":{"type":"Point","coordinates":[-47.90918,-15.727295]},"properties":{"kind":"FIXED","limit_kmh":80,"source":"DETRAN-DF","active":true,"direction_deg":null}},{"type":"Feature","geometry":{"type":"Point","coordinates":[-47.872803,-15.726685]},"properties":{"kind":"FIXED","limit_kmh":70,"source":"DETRAN-DF","active":true,"direction_deg":null}},{"type":"Feature","geometry":{"type":"Point","coordinates":[-47.8956,-15.726589]},"properties":{"kind":"FIXED","limit_kmh":80,"source":"OSM","active":true,"direction_deg":null}},{"type":"Feature","geometry":{"type":"Point","coordinates":[-47.895691,-15.726013]},"properties":{"kind":"FIXED","limit_kmh":80,"source":"DETRAN-DF","active":true,"direction_deg":null}},{"type":"Feature","geometry":{"type":"Point","coordinates":[-47.84491,-15.726013]},"properties":{"kind":"FIXED","limit_kmh":80,"source":"DETRAN-DF","active":true,"direction_deg":null}},{"type":"Feature","geometry":{"type":"Point","coordinates":[-47.906921,-15.724487]},"properties":{"kind":"FIXED","limit_kmh":80,"source":"DETRAN-DF","active":true,"direction_deg":null}},{"type":"Feature","geometry":{"type":"Point","coordinates":[-47.895996,-15.724182]},"properties":{"kind":"FIXED","limit_kmh":70,"source":"DETRAN-DF","active":true,"direction_deg":null}},{"type":"Feature","geometry":{"type":"Point","coordinates":[-47.894287,-15.723999]},"properties":{"kind":"FIXED","limit_kmh":60,"source":"DETRAN-DF","active":true,"direction_deg":null}},{"type":"Feature","geometry":{"type":"Point","coordinates":[-47.878784,-15.723877]},"properties":{"kind":"FIXED","limit_kmh":70,"source":"DETRAN-DF","active":true,"direction_deg":null}},{"type":"Feature","geometry":{"type":"Point","coordinates":[-47.891785,-15.722717]},"properties":{"kind":"FIXED","limit_kmh":70,"source":"DETRAN-DF","active":true,"direction_deg":null}},{"type":"Feature","geometry":{"type":"Point","coordinates":[-47.888977,-15.722595]},"properties":{"kind":"FIXED","limit_kmh":70,"source":"DETRAN-DF","active":true,"direction_deg":null}},{"type":"Feature","geometry":{"type":"Point","coordinates":[-47.887512,-15.722595]},"properties":{"kind":"FIXED","limit_kmh":70,"source":"DETRAN-DF","active":true,"direction_deg":null}},{"type":"Feature","geometry":{"type":"Point","coordinates":[-47.896982,-15.722402]},"properties":{"kind":"FIXED","limit_kmh":80,"source":"OSM","active":true,"direction_deg":null}},{"type":"Feature","geometry":{"type":"Point","coordinates":[-47.883911,-15.722229]},"properties":{"kind":"FIXED","limit_kmh":60,"source":"DETRAN-DF","active":true,"direction_deg":null}},{"type":"Feature","geometry":{"type":"Point","coordinates":[-47.883789,-15.722107]},"properties":{"kind":"FIXED","limit_kmh":70,"source":"DETRAN-DF","active":true,"direction_deg":null}},{"type":"Feature","geometry":{"type":"Point","coordinates":[-47.897217,-15.721497]},"properties":{"kind":"FIXED","limit_kmh":80,"source":"DETRAN-DF","active":true,"direction_deg":null}},{"type":"Feature","geometry":{"type":"Point","coordinates":[-47.905396,-15.721191]},"properties":{"kind":"FIXED","limit_kmh":80,"source":"DETRAN-DF","active":true,"direction_deg":null}},{"type":"Feature","geometry":{"type":"Point","coordinates":[-47.896912,-15.721191]},"properties":{"kind":"FIXED","limit_kmh":null,"source":"DETRAN-DF","active":true,"direction_deg":null}},{"type":"Feature","geometry":{"type":"Point","coordinates":[-47.853027,-15.721008]},"properties":{"kind":"FIXED","limit_kmh":80,"source":"DETRAN-DF","active":true,"direction_deg":null}},{"type":"Feature","geometry":{"type":"Point","coordinates":[-47.898007,-15.719227]},"properties":{"kind":"FIXED","limit_kmh":80,"source":"OSM","active":true,"direction_deg":null}},{"type":"Feature","geometry":{"type":"Point","coordinates":[-47.897895,-15.718839]},"properties":{"kind":"FIXED","limit_kmh":80,"source":"OSM","active":true,"direction_deg":null}},{"type":"Feature","geometry":{"type":"Point","coordinates":[-47.897701,-15.718803]},"properties":{"kind":"FIXED","limit_kmh":60,"source":"OSM","active":true,"direction_deg":null}},{"type":"Feature","geometry":{"type":"Point","coordinates":[-47.895325,-15.718689]},"properties":{"kind":"FIXED","limit_kmh":60,"source":"DETRAN-DF","active":true,"direction_deg":null}},{"type":"Feature","geometry":{"type":"Point","coordinates":[-47.860413,-15.718384]},"properties":{"kind":"FIXED","limit_kmh":80,"source":"DETRAN-DF","active":true,"direction_deg":null}},{"type":"Feature","geometry":{"type":"Point","coordinates":[-47.862976,-15.718018]},"properties":{"kind":"FIXED","limit_kmh":80,"source":"DETRAN-DF","active":true,"direction_deg":null}},{"type":"Feature","geometry":{"type":"Point","coordinates":[-47.882202,-15.715576]},"properties":{"kind":"FIXED","limit_kmh":null,"source":"DETRAN-DF","active":true,"direction_deg":null}},{"type":"Feature","geometry":{"type":"Point","coordinates":[-47.881226,-15.715576]},"properties":{"kind":"FIXED","limit_kmh":null,"source":"DETRAN-DF","active":true,"direction_deg":null}},{"type":"Feature","geometry":{"type":"Point","coordinates":[-47.880676,-15.715393]},"properties":{"kind":"FIXED","limit_kmh":null,"source":"DETRAN-DF","active":true,"direction_deg":null}},{"type":"Feature","geometry":{"type":"Point","coordinates":[-47.882812,-15.71521]},"properties":{"kind":"FIXED","limit_kmh":null,"source":"DETRAN-DF","active":true,"direction_deg":null}},{"type":"Feature","geometry":{"type":"Point","coordinates":[-47.880005,-15.71521]},"properties":{"kind":"FIXED","limit_kmh":60,"source":"DETRAN-DF","active":true,"direction_deg":null}},{"type":"Feature","geometry":{"type":"Point","coordinates":[-47.871704,-15.71521]},"properties":{"kind":"FIXED","limit_kmh":40,"source":"DETRAN-DF+OSM","active":true,"direction_deg":null}},{"type":"Feature","geometry":{"type":"Point","coordinates":[-47.871887,-15.715088]},"properties":{"kind":"FIXED","limit_kmh":50,"source":"DETRAN-DF","active":true,"direction_deg":null}},{"type":"Feature","geometry":{"type":"Point","coordinates":[-47.874329,-15.715027]},"properties":{"kind":"FIXED","limit_kmh":50,"source":"DETRAN-DF","active":true,"direction_deg":null}},{"type":"Feature","geometry":{"type":"Point","coordinates":[-47.874207,-15.714905]},"properties":{"kind":"FIXED","limit_kmh":40,"source":"DETRAN-DF+OSM","active":true,"direction_deg":null}},{"type":"Feature","geometry":{"type":"Point","coordinates":[-47.900879,-15.714478]},"properties":{"kind":"FIXED","limit_kmh":80,"source":"DETRAN-DF","active":true,"direction_deg":null}},{"type":"Feature","geometry":{"type":"Point","coordinates":[-47.883911,-15.714294]},"properties":{"kind":"FIXED","limit_kmh":50,"source":"DETRAN-DF","active":true,"direction_deg":null}},{"type":"Feature","geometry":{"type":"Point","coordinates":[-47.891296,-15.713684]},"properties":{"kind":"FIXED","limit_kmh":60,"source":"DETRAN-DF","active":true,"direction_deg":null}},{"type":"Feature","geometry":{"type":"Point","coordinates":[-48.198399,-15.713418]},"properties":{"kind":"FIXED","limit_kmh":null,"source":"DNIT","active":true,"direction_deg":343}},{"type":"Feature","geometry":{"type":"Point","coordinates":[-48.198608,-15.712708]},"properties":{"kind":"FIXED","limit_kmh":50,"source":"DETRAN-DF","active":true,"direction_deg":null}},{"type":"Feature","geometry":{"type":"Point","coordinates":[-47.888306,-15.711975]},"properties":{"kind":"FIXED","limit_kmh":50,"source":"DETRAN-DF","active":true,"direction_deg":null}},{"type":"Feature","geometry":{"type":"Point","coordinates":[-48.19924,-15.711105]},"properties":{"kind":"FIXED","limit_kmh":null,"source":"DNIT","active":true,"direction_deg":163}},{"type":"Feature","geometry":{"type":"Point","coordinates":[-47.895743,-15.710386]},"properties":{"kind":"FIXED","limit_kmh":50,"source":"OSM","active":true,"direction_deg":null}},{"type":"Feature","geometry":{"type":"Point","coordinates":[-47.896072,-15.709685]},"properties":{"kind":"FIXED","limit_kmh":70,"source":"OSM","active":true,"direction_deg":null}},{"type":"Feature","geometry":{"type":"Point","coordinates":[-47.892395,-15.707397]},"properties":{"kind":"FIXED","limit_kmh":80,"source":"DETRAN-DF+OSM","active":true,"direction_deg":null}},{"type":"Feature","geometry":{"type":"Point","coordinates":[-47.888742,-15.70396]},"properties":{"kind":"FIXED","limit_kmh":70,"source":"OSM","active":true,"direction_deg":null}},{"type":"Feature","geometry":{"type":"Point","coordinates":[-47.888123,-15.703918]},"properties":{"kind":"FIXED","limit_kmh":70,"source":"DETRAN-DF","active":true,"direction_deg":null}},{"type":"Feature","geometry":{"type":"Point","coordinates":[-47.887906,-15.703735]},"properties":{"kind":"FIXED","limit_kmh":80,"source":"OSM","active":true,"direction_deg":null}},{"type":"Feature","geometry":{"type":"Point","coordinates":[-47.88279,-15.700052]},"properties":{"kind":"FIXED","limit_kmh":70,"source":"OSM","active":true,"direction_deg":null}},{"type":"Feature","geometry":{"type":"Point","coordinates":[-47.882507,-15.69989]},"properties":{"kind":"FIXED","limit_kmh":70,"source":"DETRAN-DF","active":true,"direction_deg":null}},{"type":"Feature","geometry":{"type":"Point","coordinates":[-47.878296,-15.697693]},"properties":{"kind":"FIXED","limit_kmh":70,"source":"DETRAN-DF+OSM","active":true,"direction_deg":null}},{"type":"Feature","geometry":{"type":"Point","coordinates":[-47.875791,-15.696554]},"properties":{"kind":"FIXED","limit_kmh":80,"source":"OSM","active":true,"direction_deg":null}},{"type":"Feature","geometry":{"type":"Point","coordinates":[-47.875098,-15.695636]},"properties":{"kind":"FIXED","limit_kmh":70,"source":"OSM","active":true,"direction_deg":null}},{"type":"Feature","geometry":{"type":"Point","coordinates":[-47.872681,-15.694702]},"properties":{"kind":"FIXED","limit_kmh":70,"source":"DETRAN-DF+OSM","active":true,"direction_deg":null}},{"type":"Feature","geometry":{"type":"Point","coordinates":[-47.870269,-15.693504]},"properties":{"kind":"FIXED","limit_kmh":70,"source":"OSM","active":true,"direction_deg":null}},{"type":"Feature","geometry":{"type":"Point","coordinates":[-47.84491,-15.69281]},"properties":{"kind":"FIXED","limit_kmh":null,"source":"DETRAN-DF","active":true,"direction_deg":null}},{"type":"Feature","geometry":{"type":"Point","coordinates":[-47.843201,-15.69281]},"properties":{"kind":"FIXED","limit_kmh":null,"source":"DETRAN-DF","active":true,"direction_deg":null}},{"type":"Feature","geometry":{"type":"Point","coordinates":[-47.825989,-15.69281]},"properties":{"kind":"FIXED","limit_kmh":null,"source":"DETRAN-DF","active":true,"direction_deg":null}},{"type":"Feature","geometry":{"type":"Point","coordinates":[-47.826111,-15.692383]},"properties":{"kind":"FIXED","limit_kmh":null,"source":"DETRAN-DF","active":true,"direction_deg":null}},{"type":"Feature","geometry":{"type":"Point","coordinates":[-47.825806,-15.692078]},"properties":{"kind":"FIXED","limit_kmh":null,"source":"DETRAN-DF","active":true,"direction_deg":null}},{"type":"Feature","geometry":{"type":"Point","coordinates":[-47.853088,-15.691711]},"properties":{"kind":"FIXED","limit_kmh":null,"source":"DETRAN-DF","active":true,"direction_deg":null}},{"type":"Feature","geometry":{"type":"Point","coordinates":[-47.865784,-15.691406]},"properties":{"kind":"FIXED","limit_kmh":70,"source":"DETRAN-DF+OSM","active":true,"direction_deg":null}},{"type":"Feature","geometry":{"type":"Point","coordinates":[-47.855103,-15.690796]},"properties":{"kind":"FIXED","limit_kmh":null,"source":"DETRAN-DF","active":true,"direction_deg":null}},{"type":"Feature","geometry":{"type":"Point","coordinates":[-47.865319,-15.690768]},"properties":{"kind":"FIXED","limit_kmh":70,"source":"OSM","active":true,"direction_deg":null}},{"type":"Feature","geometry":{"type":"Point","coordinates":[-48.205719,-15.690677]},"properties":{"kind":"FIXED","limit_kmh":60,"source":"DNIT+OSM","active":true,"direction_deg":164}},{"type":"Feature","geometry":{"type":"Point","coordinates":[-47.862183,-15.690491]},"properties":{"kind":"FIXED","limit_kmh":null,"source":"DETRAN-DF","active":true,"direction_deg":null}},{"type":"Feature","geometry":{"type":"Point","coordinates":[-47.860413,-15.689209]},"properties":{"kind":"FIXED","limit_kmh":50,"source":"DETRAN-DF","active":true,"direction_deg":null}},{"type":"Feature","geometry":{"type":"Point","coordinates":[-48.205505,-15.687012]},"properties":{"kind":"FIXED","limit_kmh":null,"source":"DETRAN-DF","active":true,"direction_deg":null}},{"type":"Feature","geometry":{"type":"Point","coordinates":[-48.200012,-15.686707]},"properties":{"kind":"FIXED","limit_kmh":60,"source":"DETRAN-DF","active":true,"direction_deg":null}},{"type":"Feature","geometry":{"type":"Point","coordinates":[-48.195801,-15.685608]},"properties":{"kind":"FIXED","limit_kmh":60,"source":"DETRAN-DF","active":true,"direction_deg":null}},{"type":"Feature","geometry":{"type":"Point","coordinates":[-48.192993,-15.684875]},"properties":{"kind":"FIXED","limit_kmh":60,"source":"DETRAN-DF","active":true,"direction_deg":null}},{"type":"Feature","geometry":{"type":"Point","coordinates":[-48.19281,-15.684692]},"properties":{"kind":"FIXED","limit_kmh":60,"source":"DETRAN-DF","active":true,"direction_deg":null}},{"type":"Feature","geometry":{"type":"Point","coordinates":[-48.205078,-15.684204]},"properties":{"kind":"FIXED","limit_kmh":null,"source":"DETRAN-DF","active":true,"direction_deg":null}},{"type":"Feature","geometry":{"type":"Point","coordinates":[-48.204712,-15.683899]},"properties":{"kind":"FIXED","limit_kmh":null,"source":"DETRAN-DF","active":true,"direction_deg":null}},{"type":"Feature","geometry":{"type":"Point","coordinates":[-47.837219,-15.683411]},"properties":{"kind":"FIXED","limit_kmh":null,"source":"DETRAN-DF","active":true,"direction_deg":null}},{"type":"Feature","geometry":{"type":"Point","coordinates":[-48.205505,-15.682983]},"properties":{"kind":"FIXED","limit_kmh":null,"source":"DETRAN-DF","active":true,"direction_deg":null}},{"type":"Feature","geometry":{"type":"Point","coordinates":[-48.204895,-15.682312]},"properties":{"kind":"FIXED","limit_kmh":null,"source":"DETRAN-DF","active":true,"direction_deg":null}},{"type":"Feature","geometry":{"type":"Point","coordinates":[-48.201782,-15.681702]},"properties":{"kind":"FIXED","limit_kmh":null,"source":"DETRAN-DF","active":true,"direction_deg":null}},{"type":"Feature","geometry":{"type":"Point","coordinates":[-47.851013,-15.68158]},"properties":{"kind":"FIXED","limit_kmh":80,"source":"DETRAN-DF","active":true,"direction_deg":null}},{"type":"Feature","geometry":{"type":"Point","coordinates":[-48.201721,-15.681213]},"properties":{"kind":"FIXED","limit_kmh":null,"source":"DETRAN-DF","active":true,"direction_deg":null}},{"type":"Feature","geometry":{"type":"Point","coordinates":[-47.850097,-15.680857]},"properties":{"kind":"FIXED","limit_kmh":80,"source":"OSM","active":true,"direction_deg":null}},{"type":"Feature","geometry":{"type":"Point","coordinates":[-47.861389,-15.67981]},"properties":{"kind":"FIXED","limit_kmh":null,"source":"DETRAN-DF","active":true,"direction_deg":null}},{"type":"Feature","geometry":{"type":"Point","coordinates":[-48.201599,-15.679504]},"properties":{"kind":"FIXED","limit_kmh":null,"source":"DETRAN-DF","active":true,"direction_deg":null}},{"type":"Feature","geometry":{"type":"Point","coordinates":[-48.194824,-15.679199]},"properties":{"kind":"FIXED","limit_kmh":60,"source":"DETRAN-DF","active":true,"direction_deg":null}},{"type":"Feature","geometry":{"type":"Point","coordinates":[-47.860107,-15.678711]},"properties":{"kind":"FIXED","limit_kmh":null,"source":"DETRAN-DF","active":true,"direction_deg":null}},{"type":"Feature","geometry":{"type":"Point","coordinates":[-47.649414,-15.678589]},"properties":{"kind":"FIXED","limit_kmh":null,"source":"DETRAN-DF","active":true,"direction_deg":null}},{"type":"Feature","geometry":{"type":"Point","coordinates":[-47.847294,-15.678386]},"properties":{"kind":"FIXED","limit_kmh":80,"source":"OSM","active":true,"direction_deg":null}},{"type":"Feature","geometry":{"type":"Point","coordinates":[-47.648987,-15.678284]},"properties":{"kind":"FIXED","limit_kmh":null,"source":"DETRAN-DF","active":true,"direction_deg":null}},{"type":"Feature","geometry":{"type":"Point","coordinates":[-48.203979,-15.678223]},"properties":{"kind":"FIXED","limit_kmh":null,"source":"DETRAN-DF","active":true,"direction_deg":null}},{"type":"Feature","geometry":{"type":"Point","coordinates":[-47.859009,-15.677612]},"properties":{"kind":"FIXED","limit_kmh":null,"source":"DETRAN-DF","active":true,"direction_deg":null}},{"type":"Feature","geometry":{"type":"Point","coordinates":[-47.846375,-15.677612]},"properties":{"kind":"FIXED","limit_kmh":80,"source":"DETRAN-DF","active":true,"direction_deg":null}},{"type":"Feature","geometry":{"type":"Point","coordinates":[-47.845633,-15.677333]},"properties":{"kind":"FIXED","limit_kmh":60,"source":"OSM","active":true,"direction_deg":null}},{"type":"Feature","geometry":{"type":"Point","coordinates":[-47.845726,-15.677214]},"properties":{"kind":"FIXED","limit_kmh":80,"source":"OSM","active":true,"direction_deg":null}},{"type":"Feature","geometry":{"type":"Point","coordinates":[-47.823181,-15.675476]},"properties":{"kind":"FIXED","limit_kmh":60,"source":"DETRAN-DF","active":true,"direction_deg":null}},{"type":"Feature","geometry":{"type":"Point","coordinates":[-48.20459,-15.67511]},"properties":{"kind":"FIXED","limit_kmh":null,"source":"DETRAN-DF","active":true,"direction_deg":null}},{"type":"Feature","geometry":{"type":"Point","coordinates":[-47.82312,-15.674988]},"properties":{"kind":"FIXED","limit_kmh":60,"source":"DETRAN-DF","active":true,"direction_deg":null}},{"type":"Feature","geometry":{"type":"Point","coordinates":[-48.204529,-15.6745]},"properties":{"kind":"FIXED","limit_kmh":null,"source":"DETRAN-DF","active":true,"direction_deg":null}},{"type":"Feature","geometry":{"type":"Point","coordinates":[-48.199707,-15.67218]},"properties":{"kind":"FIXED","limit_kmh":null,"source":"DETRAN-DF","active":true,"direction_deg":null}},{"type":"Feature","geometry":{"type":"Point","coordinates":[-47.84259,-15.671692]},"properties":{"kind":"FIXED","limit_kmh":null,"source":"DETRAN-DF","active":true,"direction_deg":null}},{"type":"Feature","geometry":{"type":"Point","coordinates":[-47.843994,-15.670898]},"properties":{"kind":"FIXED","limit_kmh":null,"source":"DETRAN-DF","active":true,"direction_deg":null}},{"type":"Feature","geometry":{"type":"Point","coordinates":[-47.839417,-15.670593]},"properties":{"kind":"FIXED","limit_kmh":80,"source":"DETRAN-DF","active":true,"direction_deg":null}},{"type":"Feature","geometry":{"type":"Point","coordinates":[-47.644409,-15.670105]},"properties":{"kind":"FIXED","limit_kmh":null,"source":"DETRAN-DF","active":true,"direction_deg":null}},{"type":"Feature","geometry":{"type":"Point","coordinates":[-47.8396,-15.669312]},"properties":{"kind":"FIXED","limit_kmh":80,"source":"DETRAN-DF","active":true,"direction_deg":null}},{"type":"Feature","geometry":{"type":"Point","coordinates":[-47.847717,-15.668396]},"properties":{"kind":"FIXED","limit_kmh":null,"source":"DETRAN-DF","active":true,"direction_deg":null}},{"type":"Feature","geometry":{"type":"Point","coordinates":[-47.848694,-15.667786]},"properties":{"kind":"FIXED","limit_kmh":null,"source":"DETRAN-DF","active":true,"direction_deg":null}},{"type":"Feature","geometry":{"type":"Point","coordinates":[-48.19928,-15.665588]},"properties":{"kind":"FIXED","limit_kmh":null,"source":"DETRAN-DF","active":true,"direction_deg":null}},{"type":"Feature","geometry":{"type":"Point","coordinates":[-47.841614,-15.665588]},"properties":{"kind":"FIXED","limit_kmh":80,"source":"DETRAN-DF","active":true,"direction_deg":null}},{"type":"Feature","geometry":{"type":"Point","coordinates":[-48.203613,-15.665527]},"properties":{"kind":"FIXED","limit_kmh":null,"source":"DETRAN-DF","active":true,"direction_deg":null}},{"type":"Feature","geometry":{"type":"Point","coordinates":[-48.203491,-15.664612]},"properties":{"kind":"FIXED","limit_kmh":null,"source":"DETRAN-DF","active":true,"direction_deg":null}},{"type":"Feature","geometry":{"type":"Point","coordinates":[-47.823975,-15.664001]},"properties":{"kind":"FIXED","limit_kmh":60,"source":"DETRAN-DF","active":true,"direction_deg":null}},{"type":"Feature","geometry":{"type":"Point","coordinates":[-47.852783,-15.663696]},"properties":{"kind":"FIXED","limit_kmh":null,"source":"DETRAN-DF","active":true,"direction_deg":null}},{"type":"Feature","geometry":{"type":"Point","coordinates":[-47.829285,-15.662903]},"properties":{"kind":"FIXED","limit_kmh":60,"source":"DETRAN-DF","active":true,"direction_deg":null}},{"type":"Feature","geometry":{"type":"Point","coordinates":[-47.801697,-15.662781]},"properties":{"kind":"FIXED","limit_kmh":null,"source":"DETRAN-DF","active":true,"direction_deg":null}},{"type":"Feature","geometry":{"type":"Point","coordinates":[-47.801697,-15.66272]},"properties":{"kind":"FIXED","limit_kmh":null,"source":"DETRAN-DF","active":true,"direction_deg":null}},{"type":"Feature","geometry":{"type":"Point","coordinates":[-47.799805,-15.661926]},"properties":{"kind":"FIXED","limit_kmh":60,"source":"DETRAN-DF","active":true,"direction_deg":null}},{"type":"Feature","geometry":{"type":"Point","coordinates":[-48.203003,-15.660583]},"properties":{"kind":"FIXED","limit_kmh":null,"source":"DETRAN-DF","active":true,"direction_deg":null}},{"type":"Feature","geometry":{"type":"Point","coordinates":[-48.202881,-15.65979]},"properties":{"kind":"FIXED","limit_kmh":null,"source":"DETRAN-DF","active":true,"direction_deg":null}},{"type":"Feature","geometry":{"type":"Point","coordinates":[-47.854797,-15.659485]},"properties":{"kind":"FIXED","limit_kmh":null,"source":"DETRAN-DF","active":true,"direction_deg":null}},{"type":"Feature","geometry":{"type":"Point","coordinates":[-47.8974,-15.657715]},"properties":{"kind":"FIXED","limit_kmh":null,"source":"DETRAN-DF","active":true,"direction_deg":null}},{"type":"Feature","geometry":{"type":"Point","coordinates":[-47.85553,-15.657593]},"properties":{"kind":"FIXED","limit_kmh":null,"source":"DETRAN-DF","active":true,"direction_deg":null}},{"type":"Feature","geometry":{"type":"Point","coordinates":[-47.89801,-15.657227]},"properties":{"kind":"FIXED","limit_kmh":null,"source":"DETRAN-DF","active":true,"direction_deg":null}},{"type":"Feature","geometry":{"type":"Point","coordinates":[-47.845703,-15.657104]},"properties":{"kind":"FIXED","limit_kmh":80,"source":"DETRAN-DF","active":true,"direction_deg":null}},{"type":"Feature","geometry":{"type":"Point","coordinates":[-47.846191,-15.656677]},"properties":{"kind":"FIXED","limit_kmh":80,"source":"DETRAN-DF","active":true,"direction_deg":null}},{"type":"Feature","geometry":{"type":"Point","coordinates":[-47.781982,-15.656189]},"properties":{"kind":"FIXED","limit_kmh":null,"source":"DETRAN-DF","active":true,"direction_deg":null}},{"type":"Feature","geometry":{"type":"Point","coordinates":[-48.202576,-15.656128]},"properties":{"kind":"FIXED","limit_kmh":null,"source":"DETRAN-DF","active":true,"direction_deg":null}},{"type":"Feature","geometry":{"type":"Point","coordinates":[-47.782288,-15.655579]},"properties":{"kind":"FIXED","limit_kmh":null,"source":"DETRAN-DF","active":true,"direction_deg":null}},{"type":"Feature","geometry":{"type":"Point","coordinates":[-47.649719,-15.654785]},"properties":{"kind":"FIXED","limit_kmh":null,"source":"DETRAN-DF","active":true,"direction_deg":null}},{"type":"Feature","geometry":{"type":"Point","coordinates":[-47.79071,-15.65271]},"properties":{"kind":"FIXED","limit_kmh":50,"source":"DETRAN-DF","active":true,"direction_deg":null}},{"type":"Feature","geometry":{"type":"Point","coordinates":[-47.78009,-15.652405]},"properties":{"kind":"FIXED","limit_kmh":null,"source":"DETRAN-DF","active":true,"direction_deg":null}},{"type":"Feature","geometry":{"type":"Point","coordinates":[-47.778809,-15.6521]},"properties":{"kind":"FIXED","limit_kmh":60,"source":"DETRAN-DF","active":true,"direction_deg":null}},{"type":"Feature","geometry":{"type":"Point","coordinates":[-47.787109,-15.64978]},"properties":{"kind":"FIXED","limit_kmh":50,"source":"DETRAN-DF","active":true,"direction_deg":null}},{"type":"Feature","geometry":{"type":"Point","coordinates":[-47.670593,-15.649719]},"properties":{"kind":"FIXED","limit_kmh":80,"source":"DETRAN-DF","active":true,"direction_deg":null}},{"type":"Feature","geometry":{"type":"Point","coordinates":[-47.793579,-15.649475]},"properties":{"kind":"FIXED","limit_kmh":50,"source":"DETRAN-DF","active":true,"direction_deg":null}},{"type":"Feature","geometry":{"type":"Point","coordinates":[-47.793518,-15.649414]},"properties":{"kind":"FIXED","limit_kmh":50,"source":"DETRAN-DF","active":true,"direction_deg":null}},{"type":"Feature","geometry":{"type":"Point","coordinates":[-47.785889,-15.648376]},"properties":{"kind":"FIXED","limit_kmh":40,"source":"DETRAN-DF","active":true,"direction_deg":null}},{"type":"Feature","geometry":{"type":"Point","coordinates":[-47.7854,-15.648376]},"properties":{"kind":"FIXED","limit_kmh":40,"source":"DETRAN-DF","active":true,"direction_deg":null}},{"type":"Feature","geometry":{"type":"Point","coordinates":[-47.768616,-15.647522]},"properties":{"kind":"FIXED","limit_kmh":60,"source":"DETRAN-DF","active":true,"direction_deg":null}},{"type":"Feature","geometry":{"type":"Point","coordinates":[-48.201565,-15.646572]},"properties":{"kind":"FIXED","limit_kmh":null,"source":"DNIT","active":true,"direction_deg":6}},{"type":"Feature","geometry":{"type":"Point","coordinates":[-48.20154,-15.645338]},"properties":{"kind":"FIXED","limit_kmh":null,"source":"DNIT","active":true,"direction_deg":186}},{"type":"Feature","geometry":{"type":"Point","coordinates":[-47.761902,-15.644592]},"properties":{"kind":"FIXED","limit_kmh":40,"source":"DETRAN-DF","active":true,"direction_deg":null}},{"type":"Feature","geometry":{"type":"Point","coordinates":[-47.79718,-15.644104]},"properties":{"kind":"FIXED","limit_kmh":40,"source":"DETRAN-DF","active":true,"direction_deg":null}},{"type":"Feature","geometry":{"type":"Point","coordinates":[-47.761108,-15.644104]},"properties":{"kind":"FIXED","limit_kmh":40,"source":"DETRAN-DF","active":true,"direction_deg":null}},{"type":"Feature","geometry":{"type":"Point","coordinates":[-47.798401,-15.643921]},"properties":{"kind":"FIXED","limit_kmh":40,"source":"DETRAN-DF","active":true,"direction_deg":null}},{"type":"Feature","geometry":{"type":"Point","coordinates":[-47.818176,-15.641907]},"properties":{"kind":"FIXED","limit_kmh":null,"source":"DETRAN-DF","active":true,"direction_deg":null}},{"type":"Feature","geometry":{"type":"Point","coordinates":[-47.817383,-15.641785]},"properties":{"kind":"FIXED","limit_kmh":null,"source":"DETRAN-DF","active":true,"direction_deg":null}},{"type":"Feature","geometry":{"type":"Point","coordinates":[-47.820984,-15.639893]},"properties":{"kind":"FIXED","limit_kmh":null,"source":"DETRAN-DF","active":true,"direction_deg":null}},{"type":"Feature","geometry":{"type":"Point","coordinates":[-47.651123,-15.639404]},"properties":{"kind":"FIXED","limit_kmh":40,"source":"DETRAN-DF","active":true,"direction_deg":null}},{"type":"Feature","geometry":{"type":"Point","coordinates":[-47.651001,-15.639404]},"properties":{"kind":"FIXED","limit_kmh":40,"source":"DETRAN-DF","active":true,"direction_deg":null}},{"type":"Feature","geometry":{"type":"Point","coordinates":[-47.842896,-15.638794]},"properties":{"kind":"FIXED","limit_kmh":null,"source":"DETRAN-DF","active":true,"direction_deg":null}},{"type":"Feature","geometry":{"type":"Point","coordinates":[-47.843018,-15.638611]},"properties":{"kind":"FIXED","limit_kmh":null,"source":"DETRAN-DF","active":true,"direction_deg":null}},{"type":"Feature","geometry":{"type":"Point","coordinates":[-47.842712,-15.638611]},"properties":{"kind":"FIXED","limit_kmh":null,"source":"DETRAN-DF","active":true,"direction_deg":null}},{"type":"Feature","geometry":{"type":"Point","coordinates":[-47.690796,-15.638611]},"properties":{"kind":"FIXED","limit_kmh":80,"source":"DETRAN-DF","active":true,"direction_deg":null}},{"type":"Feature","geometry":{"type":"Point","coordinates":[-47.845581,-15.638489]},"properties":{"kind":"FIXED","limit_kmh":null,"source":"DETRAN-DF","active":true,"direction_deg":null}},{"type":"Feature","geometry":{"type":"Point","coordinates":[-47.842712,-15.638489]},"properties":{"kind":"FIXED","limit_kmh":null,"source":"DETRAN-DF","active":true,"direction_deg":null}},{"type":"Feature","geometry":{"type":"Point","coordinates":[-47.845581,-15.638428]},"properties":{"kind":"FIXED","limit_kmh":null,"source":"DETRAN-DF","active":true,"direction_deg":null}},{"type":"Feature","geometry":{"type":"Point","coordinates":[-47.84491,-15.638428]},"properties":{"kind":"FIXED","limit_kmh":null,"source":"DETRAN-DF","active":true,"direction_deg":null}},{"type":"Feature","geometry":{"type":"Point","coordinates":[-47.841797,-15.638428]},"properties":{"kind":"FIXED","limit_kmh":null,"source":"DETRAN-DF","active":true,"direction_deg":null}},{"type":"Feature","geometry":{"type":"Point","coordinates":[-47.821228,-15.638306]},"properties":{"kind":"FIXED","limit_kmh":null,"source":"DETRAN-DF","active":true,"direction_deg":null}},{"type":"Feature","geometry":{"type":"Point","coordinates":[-47.839783,-15.638184]},"properties":{"kind":"FIXED","limit_kmh":null,"source":"DETRAN-DF","active":true,"direction_deg":null}},{"type":"Feature","geometry":{"type":"Point","coordinates":[-47.8396,-15.638]},"properties":{"kind":"FIXED","limit_kmh":null,"source":"DETRAN-DF","active":true,"direction_deg":null}},{"type":"Feature","geometry":{"type":"Point","coordinates":[-47.839478,-15.638]},"properties":{"kind":"FIXED","limit_kmh":null,"source":"DETRAN-DF","active":true,"direction_deg":null}},{"type":"Feature","geometry":{"type":"Point","coordinates":[-47.8479,-15.637878]},"properties":{"kind":"FIXED","limit_kmh":null,"source":"DETRAN-DF","active":true,"direction_deg":null}},{"type":"Feature","geometry":{"type":"Point","coordinates":[-47.837891,-15.637817]},"properties":{"kind":"FIXED","limit_kmh":null,"source":"DETRAN-DF","active":true,"direction_deg":null}},{"type":"Feature","geometry":{"type":"Point","coordinates":[-47.83783,-15.637817]},"properties":{"kind":"FIXED","limit_kmh":null,"source":"DETRAN-DF","active":true,"direction_deg":null}},{"type":"Feature","geometry":{"type":"Point","coordinates":[-47.821716,-15.637817]},"properties":{"kind":"FIXED","limit_kmh":null,"source":"DETRAN-DF","active":true,"direction_deg":null}},{"type":"Feature","geometry":{"type":"Point","coordinates":[-47.849792,-15.637512]},"properties":{"kind":"FIXED","limit_kmh":null,"source":"DETRAN-DF","active":true,"direction_deg":null}},{"type":"Feature","geometry":{"type":"Point","coordinates":[-47.835876,-15.637207]},"properties":{"kind":"FIXED","limit_kmh":null,"source":"DETRAN-DF","active":true,"direction_deg":null}},{"type":"Feature","geometry":{"type":"Point","coordinates":[-47.835083,-15.637207]},"properties":{"kind":"FIXED","limit_kmh":null,"source":"DETRAN-DF","active":true,"direction_deg":null}},{"type":"Feature","geometry":{"type":"Point","coordinates":[-47.835022,-15.637207]},"properties":{"kind":"FIXED","limit_kmh":null,"source":"DETRAN-DF","active":true,"direction_deg":null}},{"type":"Feature","geometry":{"type":"Point","coordinates":[-47.651184,-15.637207]},"properties":{"kind":"FIXED","limit_kmh":40,"source":"DETRAN-DF","active":true,"direction_deg":null}},{"type":"Feature","geometry":{"type":"Point","coordinates":[-47.651294,-15.636671]},"properties":{"kind":"FIXED","limit_kmh":null,"source":"OSM","active":true,"direction_deg":null}},{"type":"Feature","geometry":{"type":"Point","coordinates":[-47.832397,-15.636475]},"properties":{"kind":"FIXED","limit_kmh":null,"source":"DETRAN-DF","active":true,"direction_deg":null}},{"type":"Feature","geometry":{"type":"Point","coordinates":[-47.831177,-15.636292]},"properties":{"kind":"FIXED","limit_kmh":50,"source":"DETRAN-DF","active":true,"direction_deg":null}},{"type":"Feature","geometry":{"type":"Point","coordinates":[-47.8302,-15.635681]},"properties":{"kind":"FIXED","limit_kmh":50,"source":"DETRAN-DF","active":true,"direction_deg":null}},{"type":"Feature","geometry":{"type":"Point","coordinates":[-47.829407,-15.635193]},"properties":{"kind":"FIXED","limit_kmh":null,"source":"DETRAN-DF","active":true,"direction_deg":null}},{"type":"Feature","geometry":{"type":"Point","coordinates":[-47.822998,-15.63501]},"properties":{"kind":"FIXED","limit_kmh":null,"source":"DETRAN-DF","active":true,"direction_deg":null}},{"type":"Feature","geometry":{"type":"Point","coordinates":[-47.827576,-15.634583]},"properties":{"kind":"FIXED","limit_kmh":null,"source":"DETRAN-DF","active":true,"direction_deg":null}},{"type":"Feature","geometry":{"type":"Point","coordinates":[-47.651611,-15.634583]},"properties":{"kind":"FIXED","limit_kmh":40,"source":"DETRAN-DF","active":true,"direction_deg":null}},{"type":"Feature","geometry":{"type":"Point","coordinates":[-47.82428,-15.634216]},"properties":{"kind":"FIXED","limit_kmh":null,"source":"DETRAN-DF","active":true,"direction_deg":null}},{"type":"Feature","geometry":{"type":"Point","coordinates":[-47.826294,-15.633911]},"properties":{"kind":"FIXED","limit_kmh":null,"source":"DETRAN-DF","active":true,"direction_deg":null}},{"type":"Feature","geometry":{"type":"Point","coordinates":[-47.651794,-15.632507]},"properties":{"kind":"FIXED","limit_kmh":40,"source":"DETRAN-DF","active":true,"direction_deg":null}},{"type":"Feature","geometry":{"type":"Point","coordinates":[-47.651917,-15.631409]},"properties":{"kind":"FIXED","limit_kmh":40,"source":"DETRAN-DF","active":true,"direction_deg":null}},{"type":"Feature","geometry":{"type":"Point","coordinates":[-47.651978,-15.631287]},"properties":{"kind":"FIXED","limit_kmh":null,"source":"DETRAN-DF","active":true,"direction_deg":null}},{"type":"Feature","geometry":{"type":"Point","coordinates":[-47.651794,-15.630676]},"properties":{"kind":"FIXED","limit_kmh":null,"source":"DETRAN-DF","active":true,"direction_deg":null}},{"type":"Feature","geometry":{"type":"Point","coordinates":[-47.699097,-15.627502]},"properties":{"kind":"FIXED","limit_kmh":80,"source":"DETRAN-DF","active":true,"direction_deg":null}},{"type":"Feature","geometry":{"type":"Point","coordinates":[-47.72427,-15.625425]},"properties":{"kind":"FIXED","limit_kmh":60,"source":"OSM","active":true,"direction_deg":null}},{"type":"Feature","geometry":{"type":"Point","coordinates":[-47.655396,-15.624023]},"properties":{"kind":"FIXED","limit_kmh":50,"source":"DETRAN-DF","active":true,"direction_deg":null}},{"type":"Feature","geometry":{"type":"Point","coordinates":[-47.655396,-15.622192]},"properties":{"kind":"FIXED","limit_kmh":50,"source":"DETRAN-DF","active":true,"direction_deg":null}},{"type":"Feature","geometry":{"type":"Point","coordinates":[-47.650085,-15.621826]},"properties":{"kind":"FIXED","limit_kmh":40,"source":"DETRAN-DF","active":true,"direction_deg":null}},{"type":"Feature","geometry":{"type":"Point","coordinates":[-48.198914,-15.621704]},"properties":{"kind":"FIXED","limit_kmh":null,"source":"DETRAN-DF","active":true,"direction_deg":null}},{"type":"Feature","geometry":{"type":"Point","coordinates":[-48.198792,-15.621094]},"properties":{"kind":"FIXED","limit_kmh":null,"source":"DETRAN-DF","active":true,"direction_deg":null}},{"type":"Feature","geometry":{"type":"Point","coordinates":[-47.66449,-15.620789]},"properties":{"kind":"FIXED","limit_kmh":60,"source":"DETRAN-DF","active":true,"direction_deg":null}},{"type":"Feature","geometry":{"type":"Point","coordinates":[-47.666016,-15.620728]},"properties":{"kind":"FIXED","limit_kmh":60,"source":"DETRAN-DF","active":true,"direction_deg":null}},{"type":"Feature","geometry":{"type":"Point","coordinates":[-47.650391,-15.620605]},"properties":{"kind":"FIXED","limit_kmh":40,"source":"DETRAN-DF","active":true,"direction_deg":null}},{"type":"Feature","geometry":{"type":"Point","coordinates":[-47.708367,-15.616572]},"properties":{"kind":"FIXED","limit_kmh":70,"source":"OSM","active":true,"direction_deg":null}},{"type":"Feature","geometry":{"type":"Point","coordinates":[-47.672302,-15.616089]},"properties":{"kind":"FIXED","limit_kmh":60,"source":"DETRAN-DF","active":true,"direction_deg":null}},{"type":"Feature","geometry":{"type":"Point","coordinates":[-47.65509,-15.615784]},"properties":{"kind":"FIXED","limit_kmh":50,"source":"DETRAN-DF","active":true,"direction_deg":null}},{"type":"Feature","geometry":{"type":"Point","coordinates":[-48.19812,-15.613586]},"properties":{"kind":"FIXED","limit_kmh":null,"source":"DETRAN-DF","active":true,"direction_deg":null}},{"type":"Feature","geometry":{"type":"Point","coordinates":[-47.702097,-15.61276]},"properties":{"kind":"FIXED","limit_kmh":70,"source":"OSM","active":true,"direction_deg":null}},{"type":"Feature","geometry":{"type":"Point","coordinates":[-47.671997,-15.611511]},"properties":{"kind":"FIXED","limit_kmh":60,"source":"DETRAN-DF","active":true,"direction_deg":null}},{"type":"Feature","geometry":{"type":"Point","coordinates":[-47.672119,-15.610718]},"properties":{"kind":"FIXED","limit_kmh":null,"source":"DETRAN-DF","active":true,"direction_deg":null}},{"type":"Feature","geometry":{"type":"Point","coordinates":[-47.695007,-15.609009]},"properties":{"kind":"FIXED","limit_kmh":40,"source":"DETRAN-DF","active":true,"direction_deg":null}},{"type":"Feature","geometry":{"type":"Point","coordinates":[-47.693298,-15.60791]},"properties":{"kind":"FIXED","limit_kmh":40,"source":"DETRAN-DF","active":true,"direction_deg":null}},{"type":"Feature","geometry":{"type":"Point","coordinates":[-47.671692,-15.605286]},"properties":{"kind":"FIXED","limit_kmh":60,"source":"DETRAN-DF","active":true,"direction_deg":null}},{"type":"Feature","geometry":{"type":"Point","coordinates":[-47.654297,-15.605103]},"properties":{"kind":"FIXED","limit_kmh":50,"source":"DETRAN-DF","active":true,"direction_deg":null}},{"type":"Feature","geometry":{"type":"Point","coordinates":[-47.65448,-15.603577]},"properties":{"kind":"FIXED","limit_kmh":50,"source":"DETRAN-DF","active":true,"direction_deg":null}},{"type":"Feature","geometry":{"type":"Point","coordinates":[-47.870605,-15.60321]},"properties":{"kind":"FIXED","limit_kmh":null,"source":"DETRAN-DF","active":true,"direction_deg":null}},{"type":"Feature","geometry":{"type":"Point","coordinates":[-47.682678,-15.602112]},"properties":{"kind":"FIXED","limit_kmh":40,"source":"DETRAN-DF+OSM","active":true,"direction_deg":null}},{"type":"Feature","geometry":{"type":"Point","coordinates":[-47.673096,-15.60199]},"properties":{"kind":"FIXED","limit_kmh":60,"source":"DETRAN-DF","active":true,"direction_deg":null}},{"type":"Feature","geometry":{"type":"Point","coordinates":[-47.654175,-15.60199]},"properties":{"kind":"FIXED","limit_kmh":50,"source":"DETRAN-DF","active":true,"direction_deg":null}},{"type":"Feature","geometry":{"type":"Point","coordinates":[-47.681396,-15.601318]},"properties":{"kind":"FIXED","limit_kmh":40,"source":"DETRAN-DF+OSM","active":true,"direction_deg":null}},{"type":"Feature","geometry":{"type":"Point","coordinates":[-47.872192,-15.600708]},"properties":{"kind":"FIXED","limit_kmh":null,"source":"DETRAN-DF","active":true,"direction_deg":null}},{"type":"Feature","geometry":{"type":"Point","coordinates":[-47.67981,-15.600586]},"properties":{"kind":"FIXED","limit_kmh":null,"source":"DETRAN-DF","active":true,"direction_deg":null}},{"type":"Feature","geometry":{"type":"Point","coordinates":[-47.67981,-15.600403]},"properties":{"kind":"FIXED","limit_kmh":null,"source":"DETRAN-DF","active":true,"direction_deg":null}},{"type":"Feature","geometry":{"type":"Point","coordinates":[-47.67749,-15.599487]},"properties":{"kind":"FIXED","limit_kmh":null,"source":"DETRAN-DF","active":true,"direction_deg":null}},{"type":"Feature","geometry":{"type":"Point","coordinates":[-47.673218,-15.596802]},"properties":{"kind":"FIXED","limit_kmh":null,"source":"DETRAN-DF","active":true,"direction_deg":null}},{"type":"Feature","geometry":{"type":"Point","coordinates":[-47.649651,-15.595438]},"properties":{"kind":"FIXED","limit_kmh":80,"source":"DNIT+OSM","active":true,"direction_deg":274}},{"type":"Feature","geometry":{"type":"Point","coordinates":[-47.650085,-15.595276]},"properties":{"kind":"FIXED","limit_kmh":60,"source":"DETRAN-DF","active":true,"direction_deg":null}},{"type":"Feature","geometry":{"type":"Point","coordinates":[-47.351807,-15.585083]},"properties":{"kind":"FIXED","limit_kmh":null,"source":"DETRAN-DF","active":true,"direction_deg":null}},{"type":"Feature","geometry":{"type":"Point","coordinates":[-47.355179,-15.584536]},"properties":{"kind":"FIXED","limit_kmh":40,"source":"DNIT+DETRAN-DF","active":true,"direction_deg":72}},{"type":"Feature","geometry":{"type":"Point","coordinates":[-47.349609,-15.582886]},"properties":{"kind":"FIXED","limit_kmh":40,"source":"DETRAN-DF","active":true,"direction_deg":null}},{"type":"Feature","geometry":{"type":"Point","coordinates":[-47.508606,-15.581787]},"properties":{"kind":"FIXED","limit_kmh":80,"source":"DETRAN-DF","active":true,"direction_deg":null}},{"type":"Feature","geometry":{"type":"Point","coordinates":[-47.455389,-15.581633]},"properties":{"kind":"FIXED","limit_kmh":null,"source":"DNIT","active":true,"direction_deg":110}},{"type":"Feature","geometry":{"type":"Point","coordinates":[-47.456299,-15.581299]},"properties":{"kind":"FIXED","limit_kmh":80,"source":"DETRAN-DF","active":true,"direction_deg":null}},{"type":"Feature","geometry":{"type":"Point","coordinates":[-47.503418,-15.580811]},"properties":{"kind":"FIXED","limit_kmh":80,"source":"DETRAN-DF","active":true,"direction_deg":null}},{"type":"Feature","geometry":{"type":"Point","coordinates":[-48.042603,-15.549805]},"properties":{"kind":"FIXED","limit_kmh":80,"source":"DETRAN-DF","active":true,"direction_deg":null}},{"type":"Feature","geometry":{"type":"Point","coordinates":[-48.03772,-15.527893]},"properties":{"kind":"FIXED","limit_kmh":80,"source":"DETRAN-DF","active":true,"direction_deg":null}},{"type":"Feature","geometry":{"type":"Point","coordinates":[-47.579407,-15.519592]},"properties":{"kind":"FIXED","limit_kmh":60,"source":"DETRAN-DF","active":true,"direction_deg":null}}]}