<?xml version="1.0" encoding="UTF-8"?>
<gpx version="1.1" creator="Pardal" xmlns="http://www.topografix.com/GPX/1/1">
<metadata><name>Pardal — radares — DF</name><desc>Pardal — © colaboradores do OpenStreetMap (ODbL 1.0) e fontes abertas listadas no README</desc></metadata>
<wpt lat="-16.050000" lon="-48.048469"><name>Radar 60 km/h</name><desc>Fonte: DER-GO</desc><type>FIXED</type></wpt>
<wpt lat="-16.049680" lon="-47.981315"><name>Radar</name><desc>Fonte: DNIT</desc><type>FIXED</type></wpt>
<wpt lat="-16.049207" lon="-47.987096"><name>Radar 60 km/h</name><desc>Fonte: OSM</desc><type>FIXED</type></wpt>
<wpt lat="-16.049194" lon="-48.023376"><name>Radar</name><desc>Fonte: DETRAN-DF</desc><type>FIXED</type></wpt>
<wpt lat="-16.049194" lon="-48.011719"><name>Radar 60 km/h</name><desc>Fonte: DETRAN-DF</desc><type>FIXED</type></wpt>
<wpt lat="-16.049194" lon="-48.007812"><name>Radar 60 km/h</name><desc>Fonte: DETRAN-DF</desc><type>FIXED</type></wpt>
<wpt lat="-16.049194" lon="-48.001709"><name>Radar</name><desc>Fonte: DETRAN-DF</desc><type>FIXED</type></wpt>
<wpt lat="-16.049194" lon="-47.998291"><name>Radar 60 km/h</name><desc>Fonte: DETRAN-DF</desc><type>FIXED</type></wpt>
<wpt lat="-16.049194" lon="-47.987305"><name>Radar</name><desc>Fonte: DETRAN-DF</desc><type>FIXED</type></wpt>
<wpt lat="-16.049194" lon="-47.987183"><name>Radar 60 km/h</name><desc>Fonte: DETRAN-DF</desc><type>FIXED</type></wpt>
<wpt lat="-16.049147" lon="-48.023360"><name>Radar 60 km/h</name><desc>Fonte: OSM</desc><type>FIXED</type></wpt>
<wpt lat="-16.048928" lon="-47.991441"><name>Radar 60 km/h</name><desc>Fonte: OSM</desc><type>FIXED</type></wpt>
<wpt lat="-16.048908" lon="-48.023573"><name>Radar 60 km/h</name><desc>Fonte: OSM</desc><type>FIXED</type></wpt>
<wpt lat="-16.048889" lon="-48.023010"><name>Radar 60 km/h</name><desc>Fonte: DETRAN-DF</desc><type>FIXED</type></wpt>
<wpt lat="-16.048889" lon="-48.011108"><name>Radar</name><desc>Fonte: DETRAN-DF</desc><type>FIXED</type></wpt>
<wpt lat="-16.048889" lon="-48.010803"><name>Radar 60 km/h</name><desc>Fonte: DETRAN-DF</desc><type>FIXED</type></wpt>
<wpt lat="-16.048889" lon="-48.006897"><name>Radar 60 km/h</name><desc>Fonte: DETRAN-DF</desc><type>FIXED</type></wpt>
<wpt lat="-16.048889" lon="-48.000793"><name>Radar</name><desc>Fonte: DETRAN-DF</desc><type>FIXED</type></wpt>
<wpt lat="-16.048889" lon="-47.999695"><name>Radar 60 km/h</name><desc>Fonte: DETRAN-DF</desc><type>FIXED</type></wpt>
<wpt lat="-16.048889" lon="-47.994995"><name>Radar 60 km/h</name><desc>Fonte: DETRAN-DF</desc><type>FIXED</type></wpt>
<wpt lat="-16.048889" lon="-47.986694"><name>Radar 60 km/h</name><desc>Fonte: DETRAN-DF</desc><type>FIXED</type></wpt>
<wpt lat="-16.048889" lon="-47.986511"><name>Radar</name><desc>Fonte: DETRAN-DF</desc><type>FIXED</type></wpt>
<wpt lat="-16.048706" lon="-48.036804"><name>Radar 60 km/h</name><desc>Fonte: DETRAN-DF</desc><type>FIXED</type></wpt>
<wpt lat="-16.048706" lon="-48.036011"><name>Radar 60 km/h</name><desc>Fonte: DETRAN-DF</desc><type>FIXED</type></wpt>
<wpt lat="-16.047119" lon="-48.039307"><name>Radar</name><desc>Fonte: DETRAN-DF</desc><type>FIXED</type></wpt>
<wpt lat="-16.046814" lon="-48.040100"><name>Radar</name><desc>Fonte: DETRAN-DF</desc><type>FIXED</type></wpt>
<wpt lat="-16.045898" lon="-48.033997"><name>Radar 60 km/h</name><desc>Fonte: DETRAN-DF</desc><type>FIXED</type></wpt>
<wpt lat="-16.044983" lon="-48.041199"><name>Radar 60 km/h</name><desc>Fonte: DETRAN-DF</desc><type>FIXED</type></wpt>
<wpt lat="-16.044495" lon="-48.041626"><name>Radar</name><desc>Fonte: DETRAN-DF</desc><type>FIXED</type></wpt>
<wpt lat="-16.044312" lon="-48.042114"><name>Radar 60 km/h</name><desc>Fonte: DETRAN-DF</desc><type>FIXED</type></wpt>
<wpt lat="-16.044189" lon="-48.042175"><name>Radar</name><desc>Fonte: DETRAN-DF</desc><type>FIXED</type></wpt>
<wpt lat="-16.042647" lon="-48.256357"><name>Radar 40 km/h</name><desc>Fonte: OSM</desc><type>FIXED</type></wpt>
<wpt lat="-16.042603" lon="-48.256287"><name>Radar 40 km/h</name><desc>Fonte: DETRAN-DF</desc><type>FIXED</type></wpt>
<wpt lat="-16.042480" lon="-48.256592"><name>Radar</name><desc>Fonte: DETRAN-DF</desc><type>FIXED</type></wpt>
<wpt lat="-16.042227" lon="-48.256632"><name>Radar 40 km/h</name><desc>Fonte: OSM</desc><type>FIXED</type></wpt>
<wpt lat="-16.042175" lon="-48.256592"><name>Radar</name><desc>Fonte: DETRAN-DF</desc><type>FIXED</type></wpt>
<wpt lat="-16.042114" lon="-48.256592"><name>Radar 40 km/h</name><desc>Fonte: DETRAN-DF</desc><type>FIXED</type></wpt>
<wpt lat="-16.040710" lon="-48.062622"><name>Radar</name><desc>Fonte: DETRAN-DF</desc><type>FIXED</type></wpt>
<wpt lat="-16.039978" lon="-48.063782"><name>Radar</name><desc>Fonte: DETRAN-DF</desc><type>FIXED</type></wpt>
<wpt lat="-16.039978" lon="-48.062683"><name>Radar</name><desc>Fonte: DETRAN-DF</desc><type>FIXED</type></wpt>
<wpt lat="-16.039978" lon="-48.058411"><name>Radar</name><desc>Fonte: DETRAN-DF</desc><type>FIXED</type></wpt>
<wpt lat="-16.039978" lon="-47.979919"><name>Radar 60 km/h</name><desc>Fonte: DETRAN-DF</desc><type>FIXED</type></wpt>
<wpt lat="-16.039930" lon="-47.979915"><name>Radar 60 km/h</name><desc>Fonte: OSM</desc><type>FIXED</type></wpt>
<wpt lat="-16.039490" lon="-48.059387"><name>Radar</name><desc>Fonte: DETRAN-DF</desc><type>FIXED</type></wpt>
<wpt lat="-16.039124" lon="-48.059998"><name>Radar</name><desc>Fonte: DETRAN-DF</desc><type>FIXED</type></wpt>
<wpt lat="-16.038696" lon="-48.060730"><name>Radar</name><desc>Fonte: DETRAN-DF</desc><type>FIXED</type></wpt>
<wpt lat="-16.038513" lon="-48.061829"><name>Radar</name><desc>Fonte: DETRAN-DF</desc><type>FIXED</type></wpt>
<wpt lat="-16.038391" lon="-48.033508"><name>Radar</name><desc>Fonte: DETRAN-DF</desc><type>FIXED</type></wpt>
<wpt lat="-16.038208" lon="-48.065186"><name>Radar</name><desc>Fonte: DETRAN-DF</desc><type>FIXED</type></wpt>
<wpt lat="-16.038208" lon="-48.033081"><name>Radar</name><desc>Fonte: DETRAN-DF</desc><type>FIXED</type></wpt>
<wpt lat="-16.038086" lon="-48.061401"><name>Radar</name><desc>Fonte: DETRAN-DF</desc><type>FIXED</type></wpt>
<wpt lat="-16.038086" lon="-48.055481"><name>Radar 50 km/h</name><desc>Fonte: DETRAN-DF</desc><type>FIXED</type></wpt>
<wpt lat="-16.037781" lon="-48.064880"><name>Radar</name><desc>Fonte: DETRAN-DF</desc><type>FIXED</type></wpt>
<wpt lat="-16.037781" lon="-48.061279"><name>Radar</name><desc>Fonte: DETRAN-DF</desc><type>FIXED</type></wpt>
<wpt lat="-16.037781" lon="-48.033997"><name>Radar</name><desc>Fonte: DETRAN-DF</desc><type>FIXED</type></wpt>
<wpt lat="-16.037598" lon="-48.033081"><name>Radar</name><desc>Fonte: DETRAN-DF</desc><type>FIXED</type></wpt>
<wpt lat="-16.037292" lon="-48.060913"><name>Radar</name><desc>Fonte: DETRAN-DF</desc><type>FIXED</type></wpt>
<wpt lat="-16.037109" lon="-48.064514"><name>Radar</name><desc>Fonte: DETRAN-DF</desc><type>FIXED</type></wpt>
<wpt lat="-16.036804" lon="-48.064209"><name>Radar</name><desc>Fonte: DETRAN-DF</desc><type>FIXED</type></wpt>
<wpt lat="-16.036682" lon="-48.053101"><name>Radar 60 km/h</name><desc>Fonte: DETRAN-DF</desc><type>FIXED</type></wpt>
<wpt lat="-16.036499" lon="-48.047791"><name>Radar 60 km/h</name><desc>Fonte: DETRAN-DF</desc><type>FIXED</type></wpt>
<wpt lat="-16.036194" lon="-48.060181"><name>Radar</name><desc>Fonte: DETRAN-DF</desc><type>FIXED</type></wpt>
<wpt lat="-16.036011" lon="-48.063721"><name>Radar</name><desc>Fonte: DETRAN-DF</desc><type>FIXED</type></wpt>
<wpt lat="-16.035706" lon="-48.059875"><name>Radar</name><desc>Fonte: DETRAN-DF</desc><type>FIXED</type></wpt>
<wpt lat="-16.035278" lon="-48.060303"><name>Radar</name><desc>Fonte: DETRAN-DF</desc><type>FIXED</type></wpt>
<wpt lat="-16.035278" lon="-48.033508"><name>Radar</name><desc>Fonte: DETRAN-DF</desc><type>FIXED</type></wpt>
<wpt lat="-16.034729" lon="-48.061279"><name>Radar</name><desc>Fonte: DETRAN-DF</desc><type>FIXED</type></wpt>
<wpt lat="-16.034119" lon="-48.062378"><name>Radar</name><desc>Fonte: DETRAN-DF</desc><type>FIXED</type></wpt>
<wpt lat="-16.033325" lon="-48.061890"><name>Radar</name><desc>Fonte: DETRAN-DF</desc><type>FIXED</type></wpt>
<wpt lat="-16.033081" lon="-48.063782"><name>Radar</name><desc>Fonte: DETRAN-DF</desc><type>FIXED</type></wpt>
<wpt lat="-16.032898" lon="-48.075012"><name>Radar</name><desc>Fonte: DETRAN-DF</desc><type>FIXED</type></wpt>
<wpt lat="-16.032715" lon="-48.064514"><name>Radar</name><desc>Fonte: DETRAN-DF</desc><type>FIXED</type></wpt>
<wpt lat="-16.032715" lon="-48.063782"><name>Radar</name><desc>Fonte: DETRAN-DF</desc><type>FIXED</type></wpt>
<wpt lat="-16.032410" lon="-48.075989"><name>Radar</name><desc>Fonte: DETRAN-DF</desc><type>FIXED</type></wpt>
<wpt lat="-16.032410" lon="-48.057800"><name>Radar 60 km/h</name><desc>Fonte: DETRAN-DF</desc><type>FIXED</type></wpt>
<wpt lat="-16.032410" lon="-48.057617"><name>Radar 60 km/h</name><desc>Fonte: DETRAN-DF</desc><type>FIXED</type></wpt>
<wpt lat="-16.032104" lon="-48.065430"><name>Radar</name><desc>Fonte: DETRAN-DF</desc><type>FIXED</type></wpt>
<wpt lat="-16.031494" lon="-48.066406"><name>Radar</name><desc>Fonte: DETRAN-DF</desc><type>FIXED</type></wpt>
<wpt lat="-16.031494" lon="-48.059082"><name>Radar 50 km/h</name><desc>Fonte: DETRAN-DF</desc><type>FIXED</type></wpt>
<wpt lat="-16.031006" lon="-48.067200"><name>Radar</name><desc>Fonte: DETRAN-DF</desc><type>FIXED</type></wpt>
<wpt lat="-16.031006" lon="-48.059021"><name>Radar</name><desc>Fonte: DETRAN-DF</desc><type>FIXED</type></wpt>
<wpt lat="-16.030823" lon="-48.060486"><name>Radar 50 km/h</name><desc>Fonte: DETRAN-DF</desc><type>FIXED</type></wpt>
<wpt lat="-16.030701" lon="-48.065979"><name>Radar</name><desc>Fonte: DETRAN-DF</desc><type>FIXED</type></wpt>
<wpt lat="-16.030579" lon="-48.066528"><name>Radar</name><desc>Fonte: DETRAN-DF</desc><type>FIXED</type></wpt>
<wpt lat="-16.030212" lon="-48.065613"><name>Radar</name><desc>Fonte: DETRAN-DF</desc><type>FIXED</type></wpt>
<wpt lat="-16.030090" lon="-48.066406"><name>Radar</name><desc>Fonte: DETRAN-DF</desc><type>FIXED</type></wpt>
<wpt lat="-16.029907" lon="-48.080383"><name>Radar</name><desc>Fonte: DETRAN-DF</desc><type>FIXED</type></wpt>
<wpt lat="-16.029785" lon="-48.069214"><name>Radar</name><desc>Fonte: DETRAN-DF</desc><type>FIXED</type></wpt>
<wpt lat="-16.029785" lon="-48.066895"><name>Radar</name><desc>Fonte: DETRAN-DF</desc><type>FIXED</type></wpt>
<wpt lat="-16.029602" lon="-48.062317"><name>Radar 60 km/h</name><desc>Fonte: DETRAN-DF</desc><type>FIXED</type></wpt>
<wpt lat="-16.029480" lon="-48.067322"><name>Radar</name><desc>Fonte: DETRAN-DF</desc><type>FIXED</type></wpt>
<wpt lat="-16.029297" lon="-48.067688"><name>Radar</name><desc>Fonte: DETRAN-DF</desc><type>FIXED</type></wpt>
<wpt lat="-16.029175" lon="-48.069580"><name>Radar</name><desc>Fonte: DETRAN-DF</desc><type>FIXED</type></wpt>
<wpt lat="-16.028992" lon="-48.081787"><name>Radar</name><desc>Fonte: DETRAN-DF</desc><type>FIXED</type></wpt>
<wpt lat="-16.028992" lon="-48.070496"><name>Radar</name><desc>Fonte: DETRAN-DF</desc><type>FIXED</type></wpt>
<wpt lat="-16.028381" lon="-48.064514"><name>Radar 60 km/h</name><desc>Fonte: DETRAN-DF</desc><type>FIXED</type></wpt>
<wpt lat="-16.028076" lon="-48.061096"><name>Radar</name><desc>Fonte: DETRAN-DF</desc><type>FIXED</type></wpt>
<wpt lat="-16.027710" lon="-48.068787"><name>Radar</name><desc>Fonte: DETRAN-DF</desc><type>FIXED</type></wpt>
<wpt lat="-16.027588" lon="-48.060730"><name>Radar</name><desc>Fonte: DETRAN-DF</desc><type>FIXED</type></wpt>
<wpt lat="-16.027405" lon="-48.069702"><name>Radar</name><desc>Fonte: DETRAN-DF</desc><type>FIXED</type></wpt>
<wpt lat="-16.027405" lon="-48.061096"><name>Radar</name><desc>Fonte: DETRAN-DF</desc><type>FIXED</type></wpt>
<wpt lat="-16.027217" lon="-47.979094"><name>Radar</name><desc>Fonte: DNIT · sentido 349° (norte)</desc><type>FIXED</type></wpt>
<wpt lat="-16.027100" lon="-48.073608"><name>Radar</name><desc>Fonte: DETRAN-DF</desc><type>FIXED</type></wpt>
<wpt lat="-16.026978" lon="-47.979004"><name>Radar 60 km/h</name><desc>Fonte: DETRAN-DF</desc><type>FIXED</type></wpt>
<wpt lat="-16.026794" lon="-48.069275"><name>Radar</name><desc>Fonte: DETRAN-DF</desc><type>FIXED</type></wpt>
<wpt lat="-16.026778" lon="-47.979105"><name>Radar 60 km/h</name><desc>Fonte: OSM</desc><type>FIXED</type></wpt>
<wpt lat="-16.026489" lon="-48.080994"><name>Radar</name><desc>Fonte: DETRAN-DF</desc><type>FIXED</type></wpt>
<wpt lat="-16.026489" lon="-48.029907"><name>Radar</name><desc>Fonte: DETRAN-DF</desc><type>FIXED</type></wpt>
<wpt lat="-16.026428" lon="-48.063904"><name>Radar</name><desc>Fonte: DETRAN-DF</desc><type>FIXED</type></wpt>
<wpt lat="-16.026306" lon="-48.078186"><name>Radar</name><desc>Fonte: DETRAN-DF</desc><type>FIXED</type></wpt>
<wpt lat="-16.026306" lon="-48.073975"><name>Radar</name><desc>Fonte: DETRAN-DF</desc><type>FIXED</type></wpt>
<wpt lat="-16.026306" lon="-48.060608"><name>Radar</name><desc>Fonte: DETRAN-DF</desc><type>FIXED</type></wpt>
<wpt lat="-16.026184" lon="-48.067688"><name>Radar 50 km/h</name><desc>Fonte: DETRAN-DF</desc><type>FIXED</type></wpt>
<wpt lat="-16.026184" lon="-48.029785"><name>Radar</name><desc>Fonte: DETRAN-DF</desc><type>FIXED</type></wpt>
<wpt lat="-16.026001" lon="-48.080627"><name>Radar</name><desc>Fonte: DETRAN-DF</desc><type>FIXED</type></wpt>
<wpt lat="-16.026001" lon="-48.065979"><name>Radar</name><desc>Fonte: DETRAN-DF</desc><type>FIXED</type></wpt>
<wpt lat="-16.025879" lon="-47.979492"><name>Radar 60 km/h</name><desc>Fonte: DETRAN-DF</desc><type>FIXED</type></wpt>
<wpt lat="-16.025818" lon="-48.063904"><name>Radar</name><desc>Fonte: DETRAN-DF</desc><type>FIXED</type></wpt>
<wpt lat="-16.025611" lon="-47.979528"><name>Radar</name><desc>Fonte: DNIT · sentido 169° (sul)</desc><type>FIXED</type></wpt>
<wpt lat="-16.025594" lon="-47.979341"><name>Radar 60 km/h</name><desc>Fonte: OSM</desc><type>FIXED</type></wpt>
<wpt lat="-16.025513" lon="-48.068909"><name>Radar 50 km/h</name><desc>Fonte: DETRAN-DF</desc><type>FIXED</type></wpt>
<wpt lat="-16.025451" lon="-47.979649"><name>Radar 60 km/h</name><desc>Fonte: OSM</desc><type>FIXED</type></wpt>
<wpt lat="-16.025208" lon="-48.087219"><name>Radar</name><desc>Fonte: DETRAN-DF</desc><type>FIXED</type></wpt>
<wpt lat="-16.025208" lon="-48.080200"><name>Radar</name><desc>Fonte: DETRAN-DF</desc><type>FIXED</type></wpt>
<wpt lat="-16.025208" lon="-48.064209"><name>Radar</name><desc>Fonte: DETRAN-DF</desc><type>FIXED</type></wpt>
<wpt lat="-16.024597" lon="-48.054077"><name>Radar</name><desc>Fonte: DETRAN-DF</desc><type>FIXED</type></wpt>
<wpt lat="-16.024475" lon="-48.077698"><name>Radar</name><desc>Fonte: DETRAN-DF</desc><type>FIXED</type></wpt>
<wpt lat="-16.024414" lon="-48.081116"><name>Radar</name><desc>Fonte: DETRAN-DF</desc><type>FIXED</type></wpt>
<wpt lat="-16.024292" lon="-48.062683"><name>Radar</name><desc>Fonte: DETRAN-DF</desc><type>FIXED</type></wpt>
<wpt lat="-16.024109" lon="-48.084106"><name>Radar</name><desc>Fonte: DETRAN-DF</desc><type>FIXED</type></wpt>
<wpt lat="-16.023926" lon="-48.028198"><name>Radar 60 km/h</name><desc>Fonte: DETRAN-DF</desc><type>FIXED</type></wpt>
<wpt lat="-16.023804" lon="-48.083984"><name>Radar</name><desc>Fonte: DETRAN-DF</desc><type>FIXED</type></wpt>
<wpt lat="-16.023804" lon="-48.027283"><name>Radar</name><desc>Fonte: DETRAN-DF</desc><type>FIXED</type></wpt>
<wpt lat="-16.023621" lon="-48.026123"><name>Radar</name><desc>Fonte: DETRAN-DF</desc><type>FIXED</type></wpt>
<wpt lat="-16.023010" lon="-48.070190"><name>Radar</name><desc>Fonte: DETRAN-DF</desc><type>FIXED</type></wpt>
<wpt lat="-16.023010" lon="-48.070007"><name>Radar</name><desc>Fonte: DETRAN-DF</desc><type>FIXED</type></wpt>
<wpt lat="-16.023010" lon="-48.026978"><name>Radar 60 km/h</name><desc>Fonte: DETRAN-DF</desc><type>FIXED</type></wpt>
<wpt lat="-16.022217" lon="-48.024109"><name>Radar</name><desc>Fonte: DETRAN-DF</desc><type>FIXED</type></wpt>
<wpt lat="-16.021912" lon="-48.062012"><name>Radar</name><desc>Fonte: DETRAN-DF</desc><type>FIXED</type></wpt>
<wpt lat="-16.021179" lon="-48.073303"><name>Radar</name><desc>Fonte: DETRAN-DF</desc><type>FIXED</type></wpt>
<wpt lat="-16.020813" lon="-48.081909"><name>Radar</name><desc>Fonte: DETRAN-DF</desc><type>FIXED</type></wpt>
<wpt lat="-16.020691" lon="-48.083008"><name>Radar</name><desc>Fonte: DETRAN-DF</desc><type>FIXED</type></wpt>
<wpt lat="-16.020508" lon="-47.801208"><name>Radar</name><desc>Fonte: DETRAN-DF</desc><type>FIXED</type></wpt>
<wpt lat="-16.020386" lon="-48.085083"><name>Radar</name><desc>Fonte: DETRAN-DF</desc><type>FIXED</type></wpt>
<wpt lat="-16.020386" lon="-48.081604"><name>Radar</name><desc>Fonte: DETRAN-DF</desc><type>FIXED</type></wpt>
<wpt lat="-16.019287" lon="-48.067627"><name>Radar</name><desc>Fonte: DETRAN-DF</desc><type>FIXED</type></wpt>
<wpt lat="-16.019287" lon="-48.061890"><name>Radar</name><desc>Fonte: DETRAN-DF</desc><type>FIXED</type></wpt>
<wpt lat="-16.019226" lon="-48.073303"><name>Radar</name><desc>Fonte: DETRAN-DF</desc><type>FIXED</type></wpt>
<wpt lat="-16.018982" lon="-48.067505"><name>Radar</name><desc>Fonte: DETRAN-DF</desc><type>FIXED</type></wpt>
<wpt lat="-16.018982" lon="-47.801208"><name>Radar</name><desc>Fonte: DETRAN-DF</desc><type>FIXED</type></wpt>
<wpt lat="-16.018982" lon="-47.801086"><name>Radar</name><desc>Fonte: DETRAN-DF</desc><type>FIXED</type></wpt>
<wpt lat="-16.018799" lon="-48.061890"><name>Radar</name><desc>Fonte: DETRAN-DF</desc><type>FIXED</type></wpt>
<wpt lat="-16.018494" lon="-48.083984"><name>Radar</name><desc>Fonte: DETRAN-DF</desc><type>FIXED</type></wpt>
<wpt lat="-16.018444" lon="-47.980917"><name>Radar</name><desc>Fonte: DNIT · sentido 348° (norte)</desc><type>FIXED</type></wpt>
<wpt lat="-16.018311" lon="-48.061890"><name>Radar</name><desc>Fonte: DETRAN-DF</desc><type>FIXED</type></wpt>
<wpt lat="-16.018311" lon="-47.980713"><name>Radar 60 km/h</name><desc>Fonte: DETRAN-DF</desc><type>FIXED</type></wpt>
<wpt lat="-16.017883" lon="-48.061707"><name>Radar</name><desc>Fonte: DETRAN-DF</desc><type>FIXED</type></wpt>
<wpt lat="-16.017822" lon="-48.015808"><name>Radar</name><desc>Fonte: DETRAN-DF</desc><type>FIXED</type></wpt>
<wpt lat="-16.017578" lon="-48.015503"><name>Radar</name><desc>Fonte: DETRAN-DF</desc><type>FIXED</type></wpt>
<wpt lat="-16.017212" lon="-48.064087"><name>Radar 40 km/h</name><desc>Fonte: DETRAN-DF</desc><type>FIXED</type></wpt>
<wpt lat="-16.016785" lon="-48.061707"><name>Radar</name><desc>Fonte: DETRAN-DF</desc><type>FIXED</type></wpt>
<wpt lat="-16.016785" lon="-48.017395"><name>Radar 40 km/h</name><desc>Fonte: DETRAN-DF</desc><type>FIXED</type></wpt>
<wpt lat="-16.016479" lon="-48.073120"><name>Radar</name><desc>Fonte: DETRAN-DF</desc><type>FIXED</type></wpt>
<wpt lat="-16.016479" lon="-48.065491"><name>Radar 40 km/h</name><desc>Fonte: DETRAN-DF</desc><type>FIXED</type></wpt>
<wpt lat="-16.016113" lon="-48.059692"><name>Radar</name><desc>Fonte: DETRAN-DF</desc><type>FIXED</type></wpt>
<wpt lat="-16.016113" lon="-48.059204"><name>Radar</name><desc>Fonte: DETRAN-DF</desc><type>FIXED</type></wpt>
<wpt lat="-16.016113" lon="-48.058594"><name>Radar</name><desc>Fonte: DETRAN-DF</desc><type>FIXED</type></wpt>
<wpt lat="-16.015991" lon="-48.061707"><name>Radar</name><desc>Fonte: DETRAN-DF</desc><type>FIXED</type></wpt>
<wpt lat="-16.015808" lon="-48.015991"><name>Radar 40 km/h</name><desc>Fonte: DETRAN-DF</desc><type>FIXED</type></wpt>
<wpt lat="-16.015381" lon="-48.016479"><name>Radar 40 km/h</name><desc>Fonte: DETRAN-DF</desc><type>FIXED</type></wpt>
<wpt lat="-16.015248" lon="-48.016337"><name>Radar 60 km/h</name><desc>Fonte: OSM</desc><type>FIXED</type></wpt>
<wpt lat="-16.015198" lon="-48.061707"><name>Radar</name><desc>Fonte: DETRAN-DF</desc><type>FIXED</type></wpt>
<wpt lat="-16.014893" lon="-48.073914"><name>Radar</name><desc>Fonte: DETRAN-DF</desc><type>FIXED</type></wpt>
<wpt lat="-16.014709" lon="-48.005493"><name>Radar 40 km/h</name><desc>Fonte: DETRAN-DF</desc><type>FIXED</type></wpt>
<wpt lat="-16.014282" lon="-48.059998"><name>Radar 60 km/h</name><desc>Fonte: DETRAN-DF</desc><type>FIXED</type></wpt>
<wpt lat="-16.014099" lon="-48.074707"><name>Radar</name><desc>Fonte: DETRAN-DF</desc><type>FIXED</type></wpt>
<wpt lat="-16.013794" lon="-48.069702"><name>Radar</name><desc>Fonte: DETRAN-DF</desc><type>FIXED</type></wpt>
<wpt lat="-16.013428" lon="-48.075684"><name>Radar</name><desc>Fonte: DETRAN-DF</desc><type>FIXED</type></wpt>
<wpt lat="-16.013306" lon="-48.065308"><name>Radar</name><desc>Fonte: DETRAN-DF</desc><type>FIXED</type></wpt>
<wpt lat="-16.013000" lon="-48.064697"><name>Radar</name><desc>Fonte: DETRAN-DF</desc><type>FIXED</type></wpt>
<wpt lat="-16.013000" lon="-48.060120"><name>Radar 60 km/h</name><desc>Fonte: DETRAN-DF</desc><type>FIXED</type></wpt>
<wpt lat="-16.012695" lon="-48.076904"><name>Radar</name><desc>Fonte: DETRAN-DF</desc><type>FIXED</type></wpt>
<wpt lat="-16.012512" lon="-48.063904"><name>Radar</name><desc>Fonte: DETRAN-DF</desc><type>FIXED</type></wpt>
<wpt lat="-16.012085" lon="-48.066223"><name>Radar 50 km/h</name><desc>Fonte: DETRAN-DF</desc><type>FIXED</type></wpt>
<wpt lat="-16.011780" lon="-48.078308"><name>Radar</name><desc>Fonte: DETRAN-DF</desc><type>FIXED</type></wpt>
<wpt lat="-16.010193" lon="-48.080811"><name>Radar</name><desc>Fonte: DETRAN-DF</desc><type>FIXED</type></wpt>
<wpt lat="-16.009583" lon="-48.053528"><name>Radar 40 km/h</name><desc>Fonte: DETRAN-DF</desc><type>FIXED</type></wpt>
<wpt lat="-16.009399" lon="-48.077393"><name>Radar</name><desc>Fonte: DETRAN-DF</desc><type>FIXED</type></wpt>
<wpt lat="-16.009399" lon="-48.061096"><name>Radar 50 km/h</name><desc>Fonte: DETRAN-DF</desc><type>FIXED</type></wpt>
<wpt lat="-16.009216" lon="-48.058228"><name>Radar</name><desc>Fonte: DETRAN-DF</desc><type>FIXED</type></wpt>
<wpt lat="-16.009094" lon="-48.162903"><name>Radar</name><desc>Fonte: DETRAN-DF</desc><type>FIXED</type></wpt>
<wpt lat="-16.009094" lon="-48.161926"><name>Radar</name><desc>Fonte: DETRAN-DF</desc><type>FIXED</type></wpt>
<wpt lat="-16.008911" lon="-48.053589"><name>Radar 40 km/h</name><desc>Fonte: DETRAN-DF</desc><type>FIXED</type></wpt>
<wpt lat="-16.008789" lon="-48.120483"><name>Radar</name><desc>Fonte: DETRAN-DF</desc><type>FIXED</type></wpt>
<wpt lat="-16.008118" lon="-48.122314"><name>Radar</name><desc>Fonte: DETRAN-DF</desc><type>FIXED</type></wpt>
<wpt lat="-16.007690" lon="-48.078796"><name>Radar</name><desc>Fonte: DETRAN-DF</desc><type>FIXED</type></wpt>
<wpt lat="-16.007629" lon="-48.120605"><name>Radar</name><desc>Fonte: DETRAN-DF</desc><type>FIXED</type></wpt>
<wpt lat="-16.007507" lon="-48.069519"><name>Radar</name><desc>Fonte: DETRAN-DF</desc><type>FIXED</type></wpt>
<wpt lat="-16.007507" lon="-48.041626"><name>Radar 80 km/h</name><desc>Fonte: DETRAN-DF</desc><type>FIXED</type></wpt>
<wpt lat="-16.007202" lon="-48.044312"><name>Radar 80 km/h</name><desc>Fonte: DETRAN-DF</desc><type>FIXED</type></wpt>
<wpt lat="-16.007080" lon="-48.081177"><name>Radar</name><desc>Fonte: DETRAN-DF</desc><type>FIXED</type></wpt>
<wpt lat="-16.006775" lon="-48.080383"><name>Radar</name><desc>Fonte: DETRAN-DF</desc><type>FIXED</type></wpt>
<wpt lat="-16.006104" lon="-48.081421"><name>Radar</name><desc>Fonte: DETRAN-DF</desc><type>FIXED</type></wpt>
<wpt lat="-16.006104" lon="-47.999207"><name>Radar 40 km/h</name><desc>Fonte: DETRAN-DF</desc><type>FIXED</type></wpt>
<wpt lat="-16.005798" lon="-48.053284"><name>Radar 40 km/h</name><desc>Fonte: DETRAN-DF</desc><type>FIXED</type></wpt>
<wpt lat="-16.005615" lon="-47.997986"><name>Radar 40 km/h</name><desc>Fonte: DETRAN-DF</desc><type>FIXED</type></wpt>
<wpt lat="-16.005310" lon="-48.047607"><name>Radar 80 km/h</name><desc>Fonte: DETRAN-DF</desc><type>FIXED</type></wpt>
<wpt lat="-16.004395" lon="-47.992004"><name>Radar 60 km/h</name><desc>Fonte: DETRAN-DF</desc><type>FIXED</type></wpt>
<wpt lat="-16.004089" lon="-48.059692"><name>Radar 60 km/h</name><desc>Fonte: DETRAN-DF</desc><type>FIXED</type></wpt>
<wpt lat="-16.003906" lon="-48.056213"><name>Radar</name><desc>Fonte: DETRAN-DF</desc><type>FIXED</type></wpt>
<wpt lat="-16.003906" lon="-48.053406"><name>Radar 50 km/h</name><desc>Fonte: DETRAN-DF</desc><type>FIXED</type></wpt>
<wpt lat="-16.003296" lon="-48.059509"><name>Radar 60 km/h</name><desc>Fonte: DETRAN-DF</desc><type>FIXED</type></wpt>
<wpt lat="-16.003113" lon="-48.056213"><name>Radar</name><desc>Fonte: DETRAN-DF</desc><type>FIXED</type></wpt>
<wpt lat="-16.002991" lon="-48.076477"><name>Radar</name><desc>Fonte: DETRAN-DF</desc><type>FIXED</type></wpt>
<wpt lat="-16.002380" lon="-48.075012"><name>Radar</name><desc>Fonte: DETRAN-DF</desc><type>FIXED</type></wpt>
<wpt lat="-16.001587" lon="-48.073608"><name>Radar</name><desc>Fonte: DETRAN-DF</desc><type>FIXED</type></wpt>
<wpt lat="-16.001526" lon="-48.075684"><name>Radar</name><desc>Fonte: DETRAN-DF</desc><type>FIXED</type></wpt>
<wpt lat="-16.001404" lon="-48.071716"><name>Radar</name><desc>Fonte: DETRAN-DF</desc><type>FIXED</type></wpt>
<wpt lat="-15.999512" lon="-48.115906"><name>Radar</name><desc>Fonte: DETRAN-DF</desc><type>FIXED</type></wpt>
<wpt lat="-15.999390" lon="-48.076782"><name>Radar</name><desc>Fonte: DETRAN-DF</desc><type>FIXED</type></wpt>
<wpt lat="-15.999390" lon="-48.062195"><name>Radar</name><desc>Fonte: DETRAN-DF</desc><type>FIXED</type></wpt>
<wpt lat="-15.999207" lon="-48.061829"><name>Radar</name><desc>Fonte: DETRAN-DF</desc><type>FIXED</type></wpt>
<wpt lat="-15.999084" lon="-48.115784"><name>Radar</name><desc>Fonte: DETRAN-DF</desc><type>FIXED</type></wpt>
<wpt lat="-15.997986" lon="-48.077515"><name>Radar</name><desc>Fonte: DETRAN-DF</desc><type>FIXED</type></wpt>
<wpt lat="-15.997986" lon="-48.077393"><name>Radar</name><desc>Fonte: DETRAN-DF</desc><type>FIXED</type></wpt>
<wpt lat="-15.994278" lon="-47.986028"><name>Radar</name><desc>Fonte: DNIT · sentido 169° (sul)</desc><type>FIXED</type></wpt>
<wpt lat="-15.993286" lon="-48.077087"><name>Radar</name><desc>Fonte: DETRAN-DF</desc><type>FIXED</type></wpt>
<wpt lat="-15.991882" lon="-48.076294"><name>Radar</name><desc>Fonte: DETRAN-DF</desc><type>FIXED</type></wpt>
<wpt lat="-15.991882" lon="-48.076111"><name>Radar</name><desc>Fonte: DETRAN-DF</desc><type>FIXED</type></wpt>
<wpt lat="-15.984953" lon="-48.041471"><name>Radar 80 km/h</name><desc>Fonte: OSM</desc><type>FIXED</type></wpt>
<wpt lat="-15.984802" lon="-48.041321"><name>Radar 80 km/h</name><desc>Fonte: DETRAN-DF</desc><type>FIXED</type></wpt>
<wpt lat="-15.984423" lon="-48.041413"><name>Radar 80 km/h</name><desc>Fonte: OSM</desc><type>FIXED</type></wpt>
<wpt lat="-15.984375" lon="-48.041321"><name>Radar 80 km/h</name><desc>Fonte: DETRAN-DF</desc><type>FIXED</type></wpt>
<wpt lat="-15.983887" lon="-48.119324"><name>Radar</name><desc>Fonte: DETRAN-DF</desc><type>FIXED</type></wpt>
<wpt lat="-15.983093" lon="-48.119690"><name>Radar</name><desc>Fonte: DETRAN-DF</desc><type>FIXED</type></wpt>
<wpt lat="-15.982788" lon="-47.819580"><name>Radar</name><desc>Fonte: DETRAN-DF</desc><type>FIXED</type></wpt>
<wpt lat="-15.980896" lon="-48.071777"><name>Radar</name><desc>Fonte: DETRAN-DF</desc><type>FIXED</type></wpt>
<wpt lat="-15.980530" lon="-48.071716"><name>Radar</name><desc>Fonte: DETRAN-DF</desc><type>FIXED</type></wpt>
<wpt lat="-15.980530" lon="-48.071594"><name>Radar</name><desc>Fonte: DETRAN-DF</desc><type>FIXED</type></wpt>
<wpt lat="-15.978394" lon="-48.000977"><name>Radar 80 km/h</name><desc>Fonte: DETRAN-DF</desc><type>FIXED</type></wpt>
<wpt lat="-15.978088" lon="-47.999512"><name>Radar 80 km/h</name><desc>Fonte: DETRAN-DF</desc><type>FIXED</type></wpt>
<wpt lat="-15.977295" lon="-48.033020"><name>Radar 80 km/h</name><desc>Fonte: DETRAN-DF</desc><type>FIXED</type></wpt>
<wpt lat="-15.977253" lon="-47.992063"><name>Radar 50 km/h</name><desc>Fonte: OSM</desc><type>FIXED</type></wpt>
<wpt lat="-15.977112" lon="-47.991577"><name>Radar</name><desc>Fonte: DETRAN-DF</desc><type>FIXED</type></wpt>
<wpt lat="-15.976379" lon="-48.032410"><name>Radar 80 km/h</name><desc>Fonte: DETRAN-DF</desc><type>FIXED</type></wpt>
<wpt lat="-15.975586" lon="-48.010315"><name>Radar 80 km/h</name><desc>Fonte: DETRAN-DF</desc><type>FIXED</type></wpt>
<wpt lat="-15.975098" lon="-48.011780"><name>Radar 80 km/h</name><desc>Fonte: DETRAN-DF</desc><type>FIXED</type></wpt>
<wpt lat="-15.974609" lon="-48.124084"><name>Radar</name><desc>Fonte: DETRAN-DF</desc><type>FIXED</type></wpt>
<wpt lat="-15.973816" lon="-48.124512"><name>Radar</name><desc>Fonte: DETRAN-DF</desc><type>FIXED</type></wpt>
<wpt lat="-15.971497" lon="-48.027100"><name>Radar 80 km/h</name><desc>Fonte: DETRAN-DF</desc><type>FIXED</type></wpt>
<wpt lat="-15.971008" lon="-48.025879"><name>Radar 80 km/h</name><desc>Fonte: DETRAN-DF</desc><type>FIXED</type></wpt>
<wpt lat="-15.971008" lon="-47.586487"><name>Radar</name><desc>Fonte: DETRAN-DF</desc><type>FIXED</type></wpt>
<wpt lat="-15.969299" lon="-47.818604"><name>Radar</name><desc>Fonte: DETRAN-DF</desc><type>FIXED</type></wpt>
<wpt lat="-15.968811" lon="-48.018005"><name>Radar 50 km/h</name><desc>Fonte: DETRAN-DF</desc><type>FIXED</type></wpt>
<wpt lat="-15.968628" lon="-48.018616"><name>Radar 50 km/h</name><desc>Fonte: DETRAN-DF</desc><type>FIXED</type></wpt>
<wpt lat="-15.968079" lon="-47.588196"><name>Radar</name><desc>Fonte: DETRAN-DF</desc><type>FIXED</type></wpt>
<wpt lat="-15.966919" lon="-48.127991"><name>Radar</name><desc>Fonte: DETRAN-DF</desc><type>FIXED</type></wpt>
<wpt lat="-15.966309" lon="-47.818298"><name>Radar</name><desc>Fonte: DETRAN-DF</desc><type>FIXED</type></wpt>
<wpt lat="-15.966125" lon="-48.128479"><name>Radar</name><desc>Fonte: DETRAN-DF</desc><type>FIXED</type></wpt>
<wpt lat="-15.964111" lon="-47.818115"><name>Radar</name><desc>Fonte: DETRAN-DF</desc><type>FIXED</type></wpt>
<wpt lat="-15.962585" lon="-48.130310"><name>Radar</name><desc>Fonte: DETRAN-DF</desc><type>FIXED</type></wpt>
<wpt lat="-15.962518" lon="-47.661431"><name>Radar</name><desc>Fonte: DNIT</desc><type>FIXED</type></wpt>
<wpt lat="-15.961792" lon="-48.130676"><name>Radar</name><desc>Fonte: DETRAN-DF</desc><type>FIXED</type></wpt>
<wpt lat="-15.961487" lon="-47.817810"><name>Radar</name><desc>Fonte: DETRAN-DF</desc><type>FIXED</type></wpt>
<wpt lat="-15.960205" lon="-48.013794"><name>Radar 80 km/h</name><desc>Fonte: DETRAN-DF</desc><type>FIXED</type></wpt>
<wpt lat="-15.959778" lon="-48.013916"><name>Radar 80 km/h</name><desc>Fonte: DETRAN-DF</desc><type>FIXED</type></wpt>
<wpt lat="-15.959106" lon="-48.026489"><name>Radar 50 km/h</name><desc>Fonte: DETRAN-DF</desc><type>FIXED</type></wpt>
<wpt lat="-15.958313" lon="-48.027283"><name>Radar 50 km/h</name><desc>Fonte: DETRAN-DF</desc><type>FIXED</type></wpt>
<wpt lat="-15.957214" lon="-48.083008"><name>Radar</name><desc>Fonte: DETRAN-DF</desc><type>FIXED</type></wpt>
<wpt lat="-15.956421" lon="-48.052307"><name>Radar</name><desc>Fonte: DETRAN-DF</desc><type>FIXED</type></wpt>
<wpt lat="-15.956421" lon="-48.052185"><name>Radar</name><desc>Fonte: DETRAN-DF</desc><type>FIXED</type></wpt>
<wpt lat="-15.956299" lon="-48.009583"><name>Radar 80 km/h</name><desc>Fonte: DETRAN-DF</desc><type>FIXED</type></wpt>
<wpt lat="-15.955383" lon="-48.051025"><name>Radar</name><desc>Fonte: DETRAN-DF</desc><type>FIXED</type></wpt>
<wpt lat="-15.954529" lon="-48.076782"><name>Radar</name><desc>Fonte: DETRAN-DF</desc><type>FIXED</type></wpt>
<wpt lat="-15.952393" lon="-47.994202"><name>Radar 80 km/h</name><desc>Fonte: DETRAN-DF</desc><type>FIXED</type></wpt>
<wpt lat="-15.951904" lon="-48.044617"><name>Radar</name><desc>Fonte: DETRAN-DF</desc><type>FIXED</type></wpt>
<wpt lat="-15.951904" lon="-48.044495"><name>Radar</name><desc>Fonte: DETRAN-DF</desc><type>FIXED</type></wpt>
<wpt lat="-15.949707" lon="-48.034729"><name>Radar 80 km/h</name><desc>Fonte: DETRAN-DF</desc><type>FIXED</type></wpt>
<wpt lat="-15.949097" lon="-48.034912"><name>Radar 80 km/h</name><desc>Fonte: DETRAN-DF</desc><type>FIXED</type></wpt>
<wpt lat="-15.948486" lon="-48.000916"><name>Radar 80 km/h</name><desc>Fonte: DETRAN-DF</desc><type>FIXED</type></wpt>
<wpt lat="-15.948181" lon="-48.062927"><name>Radar</name><desc>Fonte: DETRAN-DF</desc><type>FIXED</type></wpt>
<wpt lat="-15.948120" lon="-47.823181"><name>Radar</name><desc>Fonte: DETRAN-DF</desc><type>FIXED</type></wpt>
<wpt lat="-15.947998" lon="-47.823181"><name>Radar</name><desc>Fonte: DETRAN-DF</desc><type>FIXED</type></wpt>
<wpt lat="-15.947876" lon="-48.000610"><name>Radar 80 km/h</name><desc>Fonte: DETRAN-DF</desc><type>FIXED</type></wpt>
<wpt lat="-15.945574" lon="-47.793160"><name>Radar</name><desc>Fonte: DNIT · sentido 110° (leste)</desc><type>FIXED</type></wpt>
<wpt lat="-15.945438" lon="-47.789458"><name>Radar</name><desc>Fonte: DNIT · sentido 256° (oeste)</desc><type>FIXED</type></wpt>
<wpt lat="-15.945312" lon="-47.824402"><name>Radar</name><desc>Fonte: DETRAN-DF</desc><type>FIXED</type></wpt>
<wpt lat="-15.945129" lon="-47.602600"><name>Radar</name><desc>Fonte: DETRAN-DF</desc><type>FIXED</type></wpt>
<wpt lat="-15.943604" lon="-47.727783"><name>Radar 60 km/h</name><desc>Fonte: DETRAN-DF</desc><type>FIXED</type></wpt>
<wpt lat="-15.943298" lon="-48.039795"><name>Radar 50 km/h</name><desc>Fonte: DETRAN-DF</desc><type>FIXED</type></wpt>
<wpt lat="-15.942688" lon="-47.604004"><name>Radar</name><desc>Fonte: DETRAN-DF</desc><type>FIXED</type></wpt>
<wpt lat="-15.942017" lon="-47.733887"><name>Radar 60 km/h</name><desc>Fonte: DETRAN-DF</desc><type>FIXED</type></wpt>
<wpt lat="-15.940308" lon="-48.143677"><name>Radar</name><desc>Fonte: DETRAN-DF</desc><type>FIXED</type></wpt>
<wpt lat="-15.940308" lon="-47.986816"><name>Radar 80 km/h</name><desc>Fonte: DETRAN-DF</desc><type>FIXED</type></wpt>
<wpt lat="-15.939697" lon="-47.986694"><name>Radar 80 km/h</name><desc>Fonte: DETRAN-DF</desc><type>FIXED</type></wpt>
<wpt lat="-15.938904" lon="-48.143677"><name>Radar</name><desc>Fonte: DETRAN-DF</desc><type>FIXED</type></wpt>
<wpt lat="-15.938698" lon="-47.761018"><name>Radar</name><desc>Fonte: DNIT</desc><type>FIXED</type></wpt>
<wpt lat="-15.938110" lon="-47.748291"><name>Radar 40 km/h</name><desc>Fonte: DETRAN-DF</desc><type>FIXED</type></wpt>
<wpt lat="-15.937622" lon="-47.756897"><name>Radar 60 km/h</name><desc>Fonte: DETRAN-DF</desc><type>FIXED</type></wpt>
<wpt lat="-15.937500" lon="-48.228394"><name>Radar</name><desc>Fonte: DETRAN-DF</desc><type>FIXED</type></wpt>
<wpt lat="-15.937500" lon="-47.750488"><name>Radar 40 km/h</name><desc>Fonte: DETRAN-DF</desc><type>FIXED</type></wpt>
<wpt lat="-15.937443" lon="-47.755913"><name>Radar</name><desc>Fonte: DNIT · sentido 76° (leste)</desc><type>FIXED</type></wpt>
<wpt lat="-15.937378" lon="-48.227417"><name>Radar</name><desc>Fonte: DETRAN-DF</desc><type>FIXED</type></wpt>
<wpt lat="-15.937012" lon="-47.750000"><name>Radar</name><desc>Fonte: DETRAN-DF</desc><type>FIXED</type></wpt>
<wpt lat="-15.936707" lon="-48.223511"><name>Radar</name><desc>Fonte: DETRAN-DF</desc><type>FIXED</type></wpt>
<wpt lat="-15.935913" lon="-48.221497"><name>Radar</name><desc>Fonte: DETRAN-DF</desc><type>FIXED</type></wpt>
<wpt lat="-15.935181" lon="-48.043213"><name>Radar 80 km/h</name><desc>Fonte: DETRAN-DF</desc><type>FIXED</type></wpt>
<wpt lat="-15.933105" lon="-48.143799"><name>Radar</name><desc>Fonte: DETRAN-DF</desc><type>FIXED</type></wpt>
<wpt lat="-15.932678" lon="-48.143799"><name>Radar</name><desc>Fonte: DETRAN-DF</desc><type>FIXED</type></wpt>
<wpt lat="-15.932617" lon="-48.214111"><name>Radar 80 km/h</name><desc>Fonte: DETRAN-DF</desc><type>FIXED</type></wpt>
<wpt lat="-15.929077" lon="-47.979309"><name>Radar 80 km/h</name><desc>Fonte: DETRAN-DF</desc><type>FIXED</type></wpt>
<wpt lat="-15.928894" lon="-48.045410"><name>Radar 80 km/h</name><desc>Fonte: DETRAN-DF</desc><type>FIXED</type></wpt>
<wpt lat="-15.928748" lon="-48.167674"><name>Radar</name><desc>Fonte: OSM</desc><type>FIXED</type></wpt>
<wpt lat="-15.926514" lon="-48.203918"><name>Radar 80 km/h</name><desc>Fonte: DETRAN-DF</desc><type>FIXED</type></wpt>
<wpt lat="-15.921326" lon="-48.170776"><name>Radar 80 km/h</name><desc>Fonte: DETRAN-DF</desc><type>FIXED</type></wpt>
<wpt lat="-15.921082" lon="-48.185486"><name>Radar 80 km/h</name><desc>Fonte: DETRAN-DF</desc><type>FIXED</type></wpt>
<wpt lat="-15.919887" lon="-48.165129"><name>Radar</name><desc>Fonte: OSM</desc><type>FIXED</type></wpt>
<wpt lat="-15.919678" lon="-47.604919"><name>Radar</name><desc>Fonte: DETRAN-DF</desc><type>FIXED</type></wpt>
<wpt lat="-15.919495" lon="-48.164978"><name>Radar 60 km/h</name><desc>Fonte: DETRAN-DF</desc><type>FIXED</type></wpt>
<wpt lat="-15.919312" lon="-48.165100"><name>Radar 60 km/h</name><desc>Fonte: DETRAN-DF</desc><type>FIXED</type></wpt>
<wpt lat="-15.919221" lon="-48.165098"><name>Radar</name><desc>Fonte: OSM</desc><type>FIXED</type></wpt>
<wpt lat="-15.918884" lon="-47.605103"><name>Radar</name><desc>Fonte: DETRAN-DF</desc><type>FIXED</type></wpt>
<wpt lat="-15.917175" lon="-48.049011"><name>Radar 80 km/h</name><desc>Fonte: DETRAN-DF</desc><type>FIXED</type></wpt>
<wpt lat="-15.916992" lon="-48.049316"><name>Radar 80 km/h</name><desc>Fonte: DETRAN-DF</desc><type>FIXED</type></wpt>
<wpt lat="-15.913696" lon="-47.969177"><name>Radar 80 km/h</name><desc>Fonte: DETRAN-DF</desc><type>FIXED</type></wpt>
<wpt lat="-15.913391" lon="-47.969177"><name>Radar 80 km/h</name><desc>Fonte: DETRAN-DF</desc><type>FIXED</type></wpt>
<wpt lat="-15.910120" lon="-48.151744"><name>Radar 80 km/h</name><desc>Fonte: OSM</desc><type>FIXED</type></wpt>
<wpt lat="-15.909904" lon="-48.151800"><name>Radar</name><desc>Fonte: OSM</desc><type>FIXED</type></wpt>
<wpt lat="-15.909790" lon="-48.150818"><name>Radar 80 km/h</name><desc>Fonte: DETRAN-DF</desc><type>FIXED</type></wpt>
<wpt lat="-15.909790" lon="-48.051392"><name>Radar 80 km/h</name><desc>Fonte: DETRAN-DF</desc><type>FIXED</type></wpt>
<wpt lat="-15.909607" lon="-47.946411"><name>Radar 60 km/h</name><desc>Fonte: DETRAN-DF</desc><type>FIXED</type></wpt>
<wpt lat="-15.909386" lon="-48.051551"><name>Radar 80 km/h</name><desc>Fonte: OSM</desc><type>FIXED</type></wpt>
<wpt lat="-15.908875" lon="-48.051880"><name>Radar 80 km/h</name><desc>Fonte: DETRAN-DF</desc><type>FIXED</type></wpt>
<wpt lat="-15.908691" lon="-47.947693"><name>Radar 60 km/h</name><desc>Fonte: DETRAN-DF</desc><type>FIXED</type></wpt>
<wpt lat="-15.906982" lon="-48.049500"><name>Radar</name><desc>Fonte: DETRAN-DF</desc><type>FIXED</type></wpt>
<wpt lat="-15.906982" lon="-47.770386"><name>Radar 30 km/h</name><desc>Fonte: DETRAN-DF</desc><type>FIXED</type></wpt>
<wpt lat="-15.906921" lon="-48.082397"><name>Radar 50 km/h</name><desc>Fonte: DETRAN-DF</desc><type>FIXED</type></wpt>
<wpt lat="-15.906616" lon="-48.050903"><name>Radar</name><desc>Fonte: DETRAN-DF</desc><type>FIXED</type></wpt>
<wpt lat="-15.906311" lon="-48.081177"><name>Radar 50 km/h</name><desc>Fonte: DETRAN-DF</desc><type>FIXED</type></wpt>
<wpt lat="-15.906311" lon="-48.049805"><name>Radar</name><desc>Fonte: DETRAN-DF</desc><type>FIXED</type></wpt>
<wpt lat="-15.906189" lon="-47.771729"><name>Radar 30 km/h</name><desc>Fonte: DETRAN-DF</desc><type>FIXED</type></wpt>
<wpt lat="-15.905884" lon="-47.951782"><name>Radar 60 km/h</name><desc>Fonte: DETRAN-DF</desc><type>FIXED</type></wpt>
<wpt lat="-15.905396" lon="-48.051086"><name>Radar</name><desc>Fonte: DETRAN-DF</desc><type>FIXED</type></wpt>
<wpt lat="-15.905098" lon="-48.137158"><name>Radar 80 km/h</name><desc>Fonte: ANTT · sentido 252° (oeste)</desc><type>FIXED</type></wpt>
<wpt lat="-15.905047" lon="-48.136780"><name>Radar</name><desc>Fonte: OSM</desc><type>FIXED</type></wpt>
<wpt lat="-15.904907" lon="-48.136292"><name>Radar 80 km/h</name><desc>Fonte: DETRAN-DF</desc><type>FIXED</type></wpt>
<wpt lat="-15.904907" lon="-48.051514"><name>Radar</name><desc>Fonte: DETRAN-DF</desc><type>FIXED</type></wpt>
<wpt lat="-15.904602" lon="-47.773804"><name>Radar 60 km/h</name><desc>Fonte: DETRAN-DF</desc><type>FIXED</type></wpt>
<wpt lat="-15.904480" lon="-48.050293"><name>Radar</name><desc>Fonte: DETRAN-DF</desc><type>FIXED</type></wpt>
<wpt lat="-15.904297" lon="-47.808105"><name>Radar</name><desc>Fonte: DETRAN-DF</desc><type>FIXED</type></wpt>
<wpt lat="-15.904175" lon="-48.067993"><name>Radar 60 km/h</name><desc>Fonte: DETRAN-DF</desc><type>FIXED</type></wpt>
<wpt lat="-15.903992" lon="-48.050476"><name>Radar</name><desc>Fonte: DETRAN-DF</desc><type>FIXED</type></wpt>
<wpt lat="-15.903625" lon="-48.047180"><name>Radar</name><desc>Fonte: DETRAN-DF</desc><type>FIXED</type></wpt>
<wpt lat="-15.903503" lon="-47.963318"><name>Radar 80 km/h</name><desc>Fonte: DETRAN-DF</desc><type>FIXED</type></wpt>
<wpt lat="-15.903503" lon="-47.775391"><name>Radar 60 km/h</name><desc>Fonte: DETRAN-DF</desc><type>FIXED</type></wpt>
<wpt lat="-15.903381" lon="-48.050720"><name>Radar</name><desc>Fonte: DETRAN-DF</desc><type>FIXED</type></wpt>
<wpt lat="-15.902588" lon="-48.052185"><name>Radar</name><desc>Fonte: DETRAN-DF</desc><type>FIXED</type></wpt>
<wpt lat="-15.902283" lon="-48.059326"><name>Radar 50 km/h</name><desc>Fonte: DETRAN-DF</desc><type>FIXED</type></wpt>
<wpt lat="-15.902283" lon="-47.777100"><name>Radar</name><desc>Fonte: DETRAN-DF</desc><type>FIXED</type></wpt>
<wpt lat="-15.902100" lon="-48.053894"><name>Radar 50 km/h</name><desc>Fonte: DETRAN-DF</desc><type>FIXED</type></wpt>
<wpt lat="-15.901794" lon="-48.058289"><name>Radar 50 km/h</name><desc>Fonte: DETRAN-DF</desc><type>FIXED</type></wpt>
<wpt lat="-15.901794" lon="-48.052490"><name>Radar</name><desc>Fonte: DETRAN-DF</desc><type>FIXED</type></wpt>
<wpt lat="-15.901184" lon="-48.052612"><name>Radar</name><desc>Fonte: DETRAN-DF</desc><type>FIXED</type></wpt>
<wpt lat="-15.901184" lon="-47.778198"><name>Radar 50 km/h</name><desc>Fonte: DETRAN-DF</desc><type>FIXED</type></wpt>
<wpt lat="-15.900879" lon="-47.778809"><name>Radar</name><desc>Fonte: DETRAN-DF</desc><type>FIXED</type></wpt>
<wpt lat="-15.900024" lon="-47.780029"><name>Radar 40 km/h</name><desc>Fonte: DETRAN-DF</desc><type>FIXED</type></wpt>
<wpt lat="-15.899780" lon="-48.054810"><name>Radar 50 km/h</name><desc>Fonte: DETRAN-DF</desc><type>FIXED</type></wpt>
<wpt lat="-15.898193" lon="-47.782593"><name>Radar</name><desc>Fonte: DETRAN-DF</desc><type>FIXED</type></wpt>
<wpt lat="-15.898010" lon="-47.931824"><name>Radar</name><desc>Fonte: DETRAN-DF</desc><type>FIXED</type></wpt>
<wpt lat="-15.897888" lon="-47.932617"><name>Radar</name><desc>Fonte: DETRAN-DF</desc><type>FIXED</type></wpt>
<wpt lat="-15.897400" lon="-47.787476"><name>Radar</name><desc>Fonte: DETRAN-DF</desc><type>FIXED</type></wpt>
<wpt lat="-15.897278" lon="-47.789795"><name>Radar 60 km/h</name><desc>Fonte: DETRAN-DF</desc><type>FIXED</type></wpt>
<wpt lat="-15.897217" lon="-47.785889"><name>Radar 60 km/h</name><desc>Fonte: DETRAN-DF</desc><type>FIXED</type></wpt>
<wpt lat="-15.897214" lon="-47.785740"><name>Radar 60 km/h</name><desc>Fonte: OSM</desc><type>FIXED</type></wpt>
<wpt lat="-15.897095" lon="-47.786804"><name>Radar</name><desc>Fonte: DETRAN-DF</desc><type>FIXED</type></wpt>
<wpt lat="-15.897042" lon="-47.785744"><name>Radar 60 km/h</name><desc>Fonte: OSM</desc><type>FIXED</type></wpt>
<wpt lat="-15.896912" lon="-47.785400"><name>Radar 60 km/h</name><desc>Fonte: DETRAN-DF</desc><type>FIXED</type></wpt>
<wpt lat="-15.896729" lon="-47.938477"><name>Radar</name><desc>Fonte: DETRAN-DF</desc><type>FIXED</type></wpt>
<wpt lat="-15.896606" lon="-47.949829"><name>Radar 60 km/h</name><desc>Fonte: DETRAN-DF</desc><type>FIXED</type></wpt>
<wpt lat="-15.896484" lon="-47.962219"><name>Radar 80 km/h</name><desc>Fonte: DETRAN-DF</desc><type>FIXED</type></wpt>
<wpt lat="-15.896179" lon="-47.776184"><name>Radar 30 km/h</name><desc>Fonte: DETRAN-DF</desc><type>FIXED</type></wpt>
<wpt lat="-15.895318" lon="-48.102900"><name>Radar 80 km/h</name><desc>Fonte: OSM</desc><type>FIXED</type></wpt>
<wpt lat="-15.895020" lon="-47.791504"><name>Radar 60 km/h</name><desc>Fonte: DETRAN-DF</desc><type>FIXED</type></wpt>
<wpt lat="-15.892090" lon="-47.782898"><name>Radar 50 km/h</name><desc>Fonte: DETRAN-DF</desc><type>FIXED</type></wpt>
<wpt lat="-15.892029" lon="-47.950989"><name>Radar 60 km/h</name><desc>Fonte: DETRAN-DF</desc><type>FIXED</type></wpt>
<wpt lat="-15.891907" lon="-47.950989"><name>Radar 60 km/h</name><desc>Fonte: DETRAN-DF</desc><type>FIXED</type></wpt>
<wpt lat="-15.890686" lon="-47.797913"><name>Radar 60 km/h</name><desc>Fonte: DETRAN-DF</desc><type>FIXED</type></wpt>
<wpt lat="-15.890481" lon="-48.086677"><name>Radar 60 km/h</name><desc>Fonte: ANTT · sentido 73° (leste)</desc><type>FIXED</type></wpt>
<wpt lat="-15.890076" lon="-47.799927"><name>Radar 80 km/h</name><desc>Fonte: DETRAN-DF</desc><type>FIXED</type></wpt>
<wpt lat="-15.889282" lon="-47.780823"><name>Radar 50 km/h</name><desc>Fonte: DETRAN-DF</desc><type>FIXED</type></wpt>
<wpt lat="-15.888611" lon="-47.805481"><name>Radar</name><desc>Fonte: DETRAN-DF</desc><type>FIXED</type></wpt>
<wpt lat="-15.888489" lon="-47.804504"><name>Radar</name><desc>Fonte: DETRAN-DF</desc><type>FIXED</type></wpt>
<wpt lat="-15.888391" lon="-47.820124"><name>Radar 60 km/h</name><desc>Fonte: OSM</desc><type>FIXED</type></wpt>
<wpt lat="-15.888123" lon="-47.807312"><name>Radar</name><desc>Fonte: DETRAN-DF</desc><type>FIXED</type></wpt>
<wpt lat="-15.888000" lon="-47.806396"><name>Radar</name><desc>Fonte: DETRAN-DF</desc><type>FIXED</type></wpt>
<wpt lat="-15.887695" lon="-47.981201"><name>Radar</name><desc>Fonte: DETRAN-DF</desc><type>FIXED</type></wpt>
<wpt lat="-15.887207" lon="-48.058594"><name>Radar 80 km/h</name><desc>Fonte: DETRAN-DF</desc><type>FIXED</type></wpt>
<wpt lat="-15.886780" lon="-47.810486"><name>Radar 80 km/h</name><desc>Fonte: DETRAN-DF</desc><type>FIXED</type></wpt>
<wpt lat="-15.886414" lon="-47.960510"><name>Radar 80 km/h</name><desc>Fonte: DETRAN-DF</desc><type>FIXED</type></wpt>
<wpt lat="-15.885986" lon="-47.960510"><name>Radar 80 km/h</name><desc>Fonte: DETRAN-DF</desc><type>FIXED</type></wpt>
<wpt lat="-15.885010" lon="-47.816528"><name>Radar 80 km/h</name><desc>Fonte: DETRAN-DF</desc><type>FIXED</type></wpt>
<wpt lat="-15.884399" lon="-47.972778"><name>Radar</name><desc>Fonte: DETRAN-DF</desc><type>FIXED</type></wpt>
<wpt lat="-15.884399" lon="-47.971802"><name>Radar</name><desc>Fonte: DETRAN-DF</desc><type>FIXED</type></wpt>
<wpt lat="-15.882507" lon="-48.084290"><name>Radar 60 km/h</name><desc>Fonte: DETRAN-DF</desc><type>FIXED</type></wpt>
<wpt lat="-15.882202" lon="-47.822510"><name>Radar 60 km/h</name><desc>Fonte: DETRAN-DF</desc><type>FIXED</type></wpt>
<wpt lat="-15.881897" lon="-47.807190"><name>Radar</name><desc>Fonte: DETRAN-DF</desc><type>FIXED</type></wpt>
<wpt lat="-15.881775" lon="-47.806213"><name>Radar</name><desc>Fonte: DETRAN-DF</desc><type>FIXED</type></wpt>
<wpt lat="-15.880981" lon="-47.822998"><name>Radar 60 km/h</name><desc>Fonte: DETRAN-DF</desc><type>FIXED</type></wpt>
<wpt lat="-15.880188" lon="-48.054199"><name>Radar 80 km/h</name><desc>Fonte: DETRAN-DF</desc><type>FIXED</type></wpt>
<wpt lat="-15.879822" lon="-47.960388"><name>Radar</name><desc>Fonte: DETRAN-DF</desc><type>FIXED</type></wpt>
<wpt lat="-15.879753" lon="-48.053433"><name>Radar 80 km/h</name><desc>Fonte: OSM</desc><type>FIXED</type></wpt>
<wpt lat="-15.879578" lon="-47.813904"><name>Radar</name><desc>Fonte: DETRAN-DF</desc><type>FIXED</type></wpt>
<wpt lat="-15.879578" lon="-47.811096"><name>Radar</name><desc>Fonte: DETRAN-DF</desc><type>FIXED</type></wpt>
<wpt lat="-15.878479" lon="-48.052490"><name>Radar 80 km/h</name><desc>Fonte: DETRAN-DF</desc><type>FIXED</type></wpt>
<wpt lat="-15.878418" lon="-48.011780"><name>Radar 40 km/h</name><desc>Fonte: DETRAN-DF</desc><type>FIXED</type></wpt>
<wpt lat="-15.878331" lon="-48.052335"><name>Radar</name><desc>Fonte: OSM</desc><type>FIXED</type></wpt>
<wpt lat="-15.878322" lon="-48.011882"><name>Radar</name><desc>Fonte: OSM</desc><type>FIXED</type></wpt>
<wpt lat="-15.878209" lon="-48.013458"><name>Radar 40 km/h</name><desc>Fonte: OSM</desc><type>FIXED</type></wpt>
<wpt lat="-15.877930" lon="-48.014099"><name>Radar 80 km/h</name><desc>Fonte: DETRAN-DF</desc><type>FIXED</type></wpt>
<wpt lat="-15.877930" lon="-48.009521"><name>Radar 40 km/h</name><desc>Fonte: DETRAN-DF</desc><type>FIXED</type></wpt>
<wpt lat="-15.877930" lon="-48.006775"><name>Radar 80 km/h</name><desc>Fonte: DETRAN-DF</desc><type>FIXED</type></wpt>
<wpt lat="-15.877903" lon="-48.009371"><name>Radar 40 km/h</name><desc>Fonte: OSM</desc><type>FIXED</type></wpt>
<wpt lat="-15.877625" lon="-48.017700"><name>Radar 80 km/h</name><desc>Fonte: DETRAN-DF</desc><type>FIXED</type></wpt>
<wpt lat="-15.877502" lon="-48.066589"><name>Radar 60 km/h</name><desc>Fonte: DETRAN-DF</desc><type>FIXED</type></wpt>
<wpt lat="-15.877391" lon="-48.000541"><name>Radar 80 km/h</name><desc>Fonte: OSM</desc><type>FIXED</type></wpt>
<wpt lat="-15.877380" lon="-48.003479"><name>Radar 80 km/h</name><desc>Fonte: DETRAN-DF</desc><type>FIXED</type></wpt>
<wpt lat="-15.877380" lon="-48.000427"><name>Radar 80 km/h</name><desc>Fonte: DETRAN-DF</desc><type>FIXED</type></wpt>
<wpt lat="-15.877362" lon="-48.003088"><name>Radar 80 km/h</name><desc>Fonte: OSM</desc><type>FIXED</type></wpt>
<wpt lat="-15.877319" lon="-48.018188"><name>Radar 80 km/h</name><desc>Fonte: DETRAN-DF</desc><type>FIXED</type></wpt>
<wpt lat="-15.877283" lon="-48.020257"><name>Radar 80 km/h</name><desc>Fonte: OSM</desc><type>FIXED</type></wpt>
<wpt lat="-15.877197" lon="-48.066711"><name>Radar 60 km/h</name><desc>Fonte: DETRAN-DF</desc><type>FIXED</type></wpt>
<wpt lat="-15.877197" lon="-48.020630"><name>Radar 80 km/h</name><desc>Fonte: DETRAN-DF</desc><type>FIXED</type></wpt>
<wpt lat="-15.877014" lon="-47.996094"><name>Radar 80 km/h</name><desc>Fonte: DETRAN-DF</desc><type>FIXED</type></wpt>
<wpt lat="-15.876709" lon="-48.022095"><name>Radar 80 km/h</name><desc>Fonte: DETRAN-DF</desc><type>FIXED</type></wpt>
<wpt lat="-15.876589" lon="-48.048739"><name>Radar 80 km/h</name><desc>Fonte: OSM</desc><type>FIXED</type></wpt>
<wpt lat="-15.876587" lon="-48.027527"><name>Radar 60 km/h</name><desc>Fonte: DETRAN-DF</desc><type>FIXED</type></wpt>
<wpt lat="-15.876587" lon="-48.024597"><name>Radar 80 km/h</name><desc>Fonte: DETRAN-DF</desc><type>FIXED</type></wpt>
<wpt lat="-15.876587" lon="-47.994385"><name>Radar 80 km/h</name><desc>Fonte: DETRAN-DF</desc><type>FIXED</type></wpt>
<wpt lat="-15.876526" lon="-47.991089"><name>Radar 80 km/h</name><desc>Fonte: DETRAN-DF</desc><type>FIXED</type></wpt>
<wpt lat="-15.876331" lon="-48.027637"><name>Radar 60 km/h</name><desc>Fonte: OSM</desc><type>FIXED</type></wpt>
<wpt lat="-15.876282" lon="-47.961975"><name>Radar</name><desc>Fonte: DETRAN-DF</desc><type>FIXED</type></wpt>
<wpt lat="-15.876282" lon="-47.814392"><name>Radar</name><desc>Fonte: DETRAN-DF</desc><type>FIXED</type></wpt>
<wpt lat="-15.876221" lon="-47.987305"><name>Radar 80 km/h</name><desc>Fonte: DETRAN-DF</desc><type>FIXED</type></wpt>
<wpt lat="-15.876221" lon="-47.962280"><name>Radar</name><desc>Fonte: DETRAN-DF</desc><type>FIXED</type></wpt>
<wpt lat="-15.875977" lon="-47.964478"><name>Radar</name><desc>Fonte: DETRAN-DF</desc><type>FIXED</type></wpt>
<wpt lat="-15.875793" lon="-47.985413"><name>Radar 80 km/h</name><desc>Fonte: DETRAN-DF</desc><type>FIXED</type></wpt>
<wpt lat="-15.875782" lon="-48.030750"><name>Radar 80 km/h</name><desc>Fonte: OSM</desc><type>FIXED</type></wpt>
<wpt lat="-15.875610" lon="-48.030701"><name>Radar 80 km/h</name><desc>Fonte: DETRAN-DF</desc><type>FIXED</type></wpt>
<wpt lat="-15.875610" lon="-47.822815"><name>Radar</name><desc>Fonte: DETRAN-DF</desc><type>FIXED</type></wpt>
<wpt lat="-15.875610" lon="-47.803223"><name>Radar</name><desc>Fonte: DETRAN-DF</desc><type>FIXED</type></wpt>
<wpt lat="-15.875494" lon="-48.048082"><name>Radar 60 km/h</name><desc>Fonte: OSM</desc><type>FIXED</type></wpt>
<wpt lat="-15.875340" lon="-47.823011"><name>Radar 60 km/h</name><desc>Fonte: OSM</desc><type>FIXED</type></wpt>
<wpt lat="-15.875305" lon="-47.815796"><name>Radar</name><desc>Fonte: DETRAN-DF</desc><type>FIXED</type></wpt>
<wpt lat="-15.875183" lon="-48.078491"><name>Radar</name><desc>Fonte: DETRAN-DF</desc><type>FIXED</type></wpt>
<wpt lat="-15.875183" lon="-47.802979"><name>Radar</name><desc>Fonte: DETRAN-DF</desc><type>FIXED</type></wpt>
<wpt lat="-15.874695" lon="-48.075928"><name>Radar 50 km/h</name><desc>Fonte: DETRAN-DF</desc><type>FIXED</type></wpt>
<wpt lat="-15.874663" lon="-48.034509"><name>Radar</name><desc>Fonte: OSM</desc><type>FIXED</type></wpt>
<wpt lat="-15.874364" lon="-47.822926"><name>Radar 60 km/h</name><desc>Fonte: OSM</desc><type>FIXED</type></wpt>
<wpt lat="-15.874207" lon="-47.822876"><name>Radar 60 km/h</name><desc>Fonte: DETRAN-DF</desc><type>FIXED</type></wpt>
<wpt lat="-15.874154" lon="-48.044083"><name>Radar 80 km/h</name><desc>Fonte: OSM</desc><type>FIXED</type></wpt>
<wpt lat="-15.874084" lon="-48.074707"><name>Radar 50 km/h</name><desc>Fonte: DETRAN-DF</desc><type>FIXED</type></wpt>
<wpt lat="-15.874084" lon="-48.044006"><name>Radar 80 km/h</name><desc>Fonte: DETRAN-DF</desc><type>FIXED</type></wpt>
<wpt lat="-15.873979" lon="-48.039264"><name>Radar</name><desc>Fonte: OSM</desc><type>FIXED</type></wpt>
<wpt lat="-15.873779" lon="-48.045776"><name>Radar</name><desc>Fonte: DETRAN-DF</desc><type>FIXED</type></wpt>
<wpt lat="-15.873596" lon="-47.822510"><name>Radar</name><desc>Fonte: DETRAN-DF</desc><type>FIXED</type></wpt>
<wpt lat="-15.873413" lon="-48.042603"><name>Radar 80 km/h</name><desc>Fonte: DETRAN-DF</desc><type>FIXED</type></wpt>
<wpt lat="-15.873413" lon="-47.967224"><name>Radar</name><desc>Fonte: DETRAN-DF</desc><type>FIXED</type></wpt>
<wpt lat="-15.873291" lon="-47.966675"><name>Radar</name><desc>Fonte: DETRAN-DF</desc><type>FIXED</type></wpt>
<wpt lat="-15.873135" lon="-47.978199"><name>Radar</name><desc>Fonte: OSM</desc><type>FIXED</type></wpt>
<wpt lat="-15.873108" lon="-48.029114"><name>Radar</name><desc>Fonte: DETRAN-DF</desc><type>FIXED</type></wpt>
<wpt lat="-15.873108" lon="-48.028992"><name>Radar</name><desc>Fonte: DETRAN-DF</desc><type>FIXED</type></wpt>
<wpt lat="-15.873108" lon="-47.818604"><name>Radar</name><desc>Fonte: DETRAN-DF</desc><type>FIXED</type></wpt>
<wpt lat="-15.872985" lon="-47.978514"><name>Radar</name><desc>Fonte: OSM</desc><type>FIXED</type></wpt>
<wpt lat="-15.872696" lon="-47.822972"><name>Radar 60 km/h</name><desc>Fonte: OSM</desc><type>FIXED</type></wpt>
<wpt lat="-15.872498" lon="-47.822876"><name>Radar 60 km/h</name><desc>Fonte: DETRAN-DF</desc><type>FIXED</type></wpt>
<wpt lat="-15.872314" lon="-48.067810"><name>Radar</name><desc>Fonte: DETRAN-DF</desc><type>FIXED</type></wpt>
<wpt lat="-15.872314" lon="-47.977112"><name>Radar 60 km/h</name><desc>Fonte: DETRAN-DF</desc><type>FIXED</type></wpt>
<wpt lat="-15.872314" lon="-47.976501"><name>Radar 60 km/h</name><desc>Fonte: DETRAN-DF</desc><type>FIXED</type></wpt>
<wpt lat="-15.872009" lon="-48.156677"><name>Radar 80 km/h</name><desc>Fonte: DETRAN-DF</desc><type>FIXED</type></wpt>
<wpt lat="-15.872009" lon="-47.969421"><name>Radar</name><desc>Fonte: DETRAN-DF</desc><type>FIXED</type></wpt>
<wpt lat="-15.871887" lon="-47.964478"><name>Radar</name><desc>Fonte: DETRAN-DF</desc><type>FIXED</type></wpt>
<wpt lat="-15.871826" lon="-47.820312"><name>Radar</name><desc>Fonte: DETRAN-DF</desc><type>FIXED</type></wpt>
<wpt lat="-15.871704" lon="-48.065979"><name>Radar 60 km/h</name><desc>Fonte: DETRAN-DF</desc><type>FIXED</type></wpt>
<wpt lat="-15.871277" lon="-48.065613"><name>Radar 60 km/h</name><desc>Fonte: DETRAN-DF</desc><type>FIXED</type></wpt>
<wpt lat="-15.870483" lon="-48.061707"><name>Radar 50 km/h</name><desc>Fonte: DETRAN-DF</desc><type>FIXED</type></wpt>
<wpt lat="-15.870483" lon="-48.059998"><name>Radar 50 km/h</name><desc>Fonte: DETRAN-DF</desc><type>FIXED</type></wpt>
<wpt lat="-15.870483" lon="-47.973022"><name>Radar 60 km/h</name><desc>Fonte: DETRAN-DF</desc><type>FIXED</type></wpt>
<wpt lat="-15.870483" lon="-47.970581"><name>Radar</name><desc>Fonte: DETRAN-DF</desc><type>FIXED</type></wpt>
<wpt lat="-15.870473" lon="-47.973003"><name>Radar 60 km/h</name><desc>Fonte: OSM</desc><type>FIXED</type></wpt>
<wpt lat="-15.870300" lon="-47.970398"><name>Radar</name><desc>Fonte: DETRAN-DF</desc><type>FIXED</type></wpt>
<wpt lat="-15.870300" lon="-47.822205"><name>Radar 60 km/h</name><desc>Fonte: DETRAN-DF</desc><type>FIXED</type></wpt>
<wpt lat="-15.870203" lon="-47.822137"><name>Radar 60 km/h</name><desc>Fonte: OSM</desc><type>FIXED</type></wpt>
<wpt lat="-15.870117" lon="-47.972900"><name>Radar 60 km/h</name><desc>Fonte: DETRAN-DF</desc><type>FIXED</type></wpt>
<wpt lat="-15.870076" lon="-47.972797"><name>Radar 60 km/h</name><desc>Fonte: OSM</desc><type>FIXED</type></wpt>
<wpt lat="-15.869812" lon="-47.991211"><name>Radar 60 km/h</name><desc>Fonte: DETRAN-DF</desc><type>FIXED</type></wpt>
<wpt lat="-15.869690" lon="-48.030884"><name>Radar 60 km/h</name><desc>Fonte: DETRAN-DF</desc><type>FIXED</type></wpt>
<wpt lat="-15.869690" lon="-47.967285"><name>Radar</name><desc>Fonte: DETRAN-DF</desc><type>FIXED</type></wpt>
<wpt lat="-15.869690" lon="-47.797729"><name>Radar</name><desc>Fonte: DETRAN-DF</desc><type>FIXED</type></wpt>
<wpt lat="-15.869507" lon="-48.087708"><name>Radar 60 km/h</name><desc>Fonte: DETRAN-DF</desc><type>FIXED</type></wpt>
<wpt lat="-15.869324" lon="-47.796997"><name>Radar</name><desc>Fonte: DETRAN-DF</desc><type>FIXED</type></wpt>
<wpt lat="-15.869202" lon="-47.967896"><name>Radar</name><desc>Fonte: DETRAN-DF</desc><type>FIXED</type></wpt>
<wpt lat="-15.869105" lon="-47.822117"><name>Radar 60 km/h</name><desc>Fonte: OSM</desc><type>FIXED</type></wpt>
<wpt lat="-15.869080" lon="-48.087585"><name>Radar 60 km/h</name><desc>Fonte: DETRAN-DF</desc><type>FIXED</type></wpt>
<wpt lat="-15.868896" lon="-47.947205"><name>Radar 80 km/h</name><desc>Fonte: DETRAN-DF</desc><type>FIXED</type></wpt>
<wpt lat="-15.868713" lon="-47.968079"><name>Radar</name><desc>Fonte: DETRAN-DF</desc><type>FIXED</type></wpt>
<wpt lat="-15.868591" lon="-47.967285"><name>Radar</name><desc>Fonte: DETRAN-DF</desc><type>FIXED</type></wpt>
<wpt lat="-15.868591" lon="-47.821899"><name>Radar 60 km/h</name><desc>Fonte: DETRAN-DF</desc><type>FIXED</type></wpt>
<wpt lat="-15.868408" lon="-48.055786"><name>Radar 60 km/h</name><desc>Fonte: DETRAN-DF</desc><type>FIXED</type></wpt>
<wpt lat="-15.868408" lon="-47.965088"><name>Radar</name><desc>Fonte: DETRAN-DF</desc><type>FIXED</type></wpt>
<wpt lat="-15.868286" lon="-47.946411"><name>Radar 80 km/h</name><desc>Fonte: DETRAN-DF</desc><type>FIXED</type></wpt>
<wpt lat="-15.868225" lon="-47.968506"><name>Radar 60 km/h</name><desc>Fonte: DETRAN-DF</desc><type>FIXED</type></wpt>
<wpt lat="-15.868179" lon="-47.991098"><name>Radar 60 km/h</name><desc>Fonte: OSM</desc><type>FIXED</type></wpt>
<wpt lat="-15.868103" lon="-47.991089"><name>Radar 60 km/h</name><desc>Fonte: DETRAN-DF</desc><type>FIXED</type></wpt>
<wpt lat="-15.867798" lon="-47.968384"><name>Radar 60 km/h</name><desc>Fonte: DETRAN-DF</desc><type>FIXED</type></wpt>
<wpt lat="-15.867676" lon="-47.821228"><name>Radar</name><desc>Fonte: DETRAN-DF</desc><type>FIXED</type></wpt>
<wpt lat="-15.867310" lon="-47.962830"><name>Radar</name><desc>Fonte: DETRAN-DF</desc><type>FIXED</type></wpt>
<wpt lat="-15.867004" lon="-47.974792"><name>Radar</name><desc>Fonte: DETRAN-DF</desc><type>FIXED</type></wpt>
<wpt lat="-15.867004" lon="-47.821411"><name>Radar 60 km/h</name><desc>Fonte: DETRAN-DF</desc><type>FIXED</type></wpt>
<wpt lat="-15.866882" lon="-48.037109"><name>Radar</name><desc>Fonte: DETRAN-DF</desc><type>FIXED</type></wpt>
<wpt lat="-15.866823" lon="-47.965877"><name>Radar 60 km/h</name><desc>Fonte: OSM</desc><type>FIXED</type></wpt>
<wpt lat="-15.866821" lon="-47.961609"><name>Radar</name><desc>Fonte: DETRAN-DF</desc><type>FIXED</type></wpt>
<wpt lat="-15.866699" lon="-47.965698"><name>Radar 60 km/h</name><desc>Fonte: DETRAN-DF</desc><type>FIXED</type></wpt>
<wpt lat="-15.866599" lon="-47.965894"><name>Radar</name><desc>Fonte: OSM</desc><type>FIXED</type></wpt>
<wpt lat="-15.866577" lon="-47.984802"><name>Radar 60 km/h</name><desc>Fonte: DETRAN-DF</desc><type>FIXED</type></wpt>
<wpt lat="-15.866545" lon="-47.984473"><name>Radar 60 km/h</name><desc>Fonte: OSM</desc><type>FIXED</type></wpt>
<wpt lat="-15.866211" lon="-47.960510"><name>Radar</name><desc>Fonte: DETRAN-DF</desc><type>FIXED</type></wpt>
<wpt lat="-15.866211" lon="-47.816284"><name>Radar</name><desc>Fonte: DETRAN-DF</desc><type>FIXED</type></wpt>
<wpt lat="-15.866211" lon="-47.792786"><name>Radar</name><desc>Fonte: DETRAN-DF</desc><type>FIXED</type></wpt>
<wpt lat="-15.865906" lon="-48.032898"><name>Radar 60 km/h</name><desc>Fonte: DETRAN-DF</desc><type>FIXED</type></wpt>
<wpt lat="-15.865784" lon="-47.865417"><name>Radar</name><desc>Fonte: DETRAN-DF</desc><type>FIXED</type></wpt>
<wpt lat="-15.865784" lon="-47.816711"><name>Radar</name><desc>Fonte: DETRAN-DF</desc><type>FIXED</type></wpt>
<wpt lat="-15.865601" lon="-47.864990"><name>Radar</name><desc>Fonte: DETRAN-DF</desc><type>FIXED</type></wpt>
<wpt lat="-15.865295" lon="-48.056580"><name>Radar 60 km/h</name><desc>Fonte: DETRAN-DF</desc><type>FIXED</type></wpt>
<wpt lat="-15.865112" lon="-48.038086"><name>Radar</name><desc>Fonte: DETRAN-DF</desc><type>FIXED</type></wpt>
<wpt lat="-15.865112" lon="-47.976501"><name>Radar</name><desc>Fonte: DETRAN-DF</desc><type>FIXED</type></wpt>
<wpt lat="-15.864990" lon="-48.033813"><name>Radar 60 km/h</name><desc>Fonte: DETRAN-DF</desc><type>FIXED</type></wpt>
<wpt lat="-15.864624" lon="-48.033990"><name>Radar</name><desc>Fonte: OSM</desc><type>FIXED</type></wpt>
<wpt lat="-15.864380" lon="-47.939697"><name>Radar 60 km/h</name><desc>Fonte: DETRAN-DF</desc><type>FIXED</type></wpt>
<wpt lat="-15.864319" lon="-48.079590"><name>Radar 50 km/h</name><desc>Fonte: DETRAN-DF</desc><type>FIXED</type></wpt>
<wpt lat="-15.864319" lon="-48.038513"><name>Radar</name><desc>Fonte: DETRAN-DF</desc><type>FIXED</type></wpt>
<wpt lat="-15.864197" lon="-47.620728"><name>Radar</name><desc>Fonte: DETRAN-DF</desc><type>FIXED</type></wpt>
<wpt lat="-15.863892" lon="-47.960510"><name>Radar 60 km/h</name><desc>Fonte: DETRAN-DF</desc><type>FIXED</type></wpt>
<wpt lat="-15.863605" lon="-47.983538"><name>Radar 60 km/h</name><desc>Fonte: OSM</desc><type>FIXED</type></wpt>
<wpt lat="-15.863586" lon="-47.983582"><name>Radar 60 km/h</name><desc>Fonte: DETRAN-DF</desc><type>FIXED</type></wpt>
<wpt lat="-15.862915" lon="-48.052979"><name>Radar</name><desc>Fonte: DETRAN-DF</desc><type>FIXED</type></wpt>
<wpt lat="-15.862793" lon="-48.078003"><name>Radar 50 km/h</name><desc>Fonte: DETRAN-DF</desc><type>FIXED</type></wpt>
<wpt lat="-15.862610" lon="-48.076599"><name>Radar</name><desc>Fonte: DETRAN-DF</desc><type>FIXED</type></wpt>
<wpt lat="-15.862305" lon="-48.087524"><name>Radar 60 km/h</name><desc>Fonte: DETRAN-DF</desc><type>FIXED</type></wpt>
<wpt lat="-15.862305" lon="-48.076782"><name>Radar</name><desc>Fonte: DETRAN-DF</desc><type>FIXED</type></wpt>
<wpt lat="-15.862000" lon="-48.075378"><name>Radar</name><desc>Fonte: DETRAN-DF</desc><type>FIXED</type></wpt>
<wpt lat="-15.861877" lon="-48.087585"><name>Radar 60 km/h</name><desc>Fonte: DETRAN-DF</desc><type>FIXED</type></wpt>
<wpt lat="-15.861694" lon="-48.075378"><name>Radar</name><desc>Fonte: DETRAN-DF</desc><type>FIXED</type></wpt>
<wpt lat="-15.861515" lon="-47.985474"><name>Radar 60 km/h</name><desc>Fonte: OSM</desc><type>FIXED</type></wpt>
<wpt lat="-15.861511" lon="-48.041809"><name>Radar</name><desc>Fonte: DETRAN-DF</desc><type>FIXED</type></wpt>
<wpt lat="-15.861511" lon="-47.863525"><name>Radar</name><desc>Fonte: DETRAN-DF</desc><type>FIXED</type></wpt>
<wpt lat="-15.861328" lon="-48.040100"><name>Radar</name><desc>Fonte: DETRAN-DF</desc><type>FIXED</type></wpt>
<wpt lat="-15.861328" lon="-47.862793"><name>Radar</name><desc>Fonte: DETRAN-DF</desc><type>FIXED</type></wpt>
<wpt lat="-15.861206" lon="-48.074524"><name>Radar 60 km/h</name><desc>Fonte: DETRAN-DF</desc><type>FIXED</type></wpt>
<wpt lat="-15.861206" lon="-48.073608"><name>Radar 60 km/h</name><desc>Fonte: DETRAN-DF</desc><type>FIXED</type></wpt>
<wpt lat="-15.861206" lon="-47.956604"><name>Radar 80 km/h</name><desc>Fonte: DETRAN-DF</desc><type>FIXED</type></wpt>
<wpt lat="-15.860718" lon="-47.871887"><name>Radar</name><desc>Fonte: DETRAN-DF</desc><type>FIXED</type></wpt>
<wpt lat="-15.860264" lon="-47.818861"><name>Radar 70 km/h</name><desc>Fonte: OSM</desc><type>FIXED</type></wpt>
<wpt lat="-15.860107" lon="-48.049683"><name>Radar</name><desc>Fonte: DETRAN-DF</desc><type>FIXED</type></wpt>
<wpt lat="-15.860107" lon="-47.956299"><name>Radar 60 km/h</name><desc>Fonte: DETRAN-DF</desc><type>FIXED</type></wpt>
<wpt lat="-15.860107" lon="-47.819092"><name>Radar 70 km/h</name><desc>Fonte: DETRAN-DF</desc><type>FIXED</type></wpt>
<wpt lat="-15.859985" lon="-47.818787"><name>Radar 70 km/h</name><desc>Fonte: DETRAN-DF</desc><type>FIXED</type></wpt>
<wpt lat="-15.859924" lon="-48.095093"><name>Radar 70 km/h</name><desc>Fonte: DETRAN-DF</desc><type>FIXED</type></wpt>
<wpt lat="-15.859619" lon="-47.870789"><name>Radar 70 km/h</name><desc>Fonte: DETRAN-DF</desc><type>FIXED</type></wpt>
<wpt lat="-15.859619" lon="-47.858398"><name>Radar</name><desc>Fonte: DETRAN-DF</desc><type>FIXED</type></wpt>
<wpt lat="-15.859530" lon="-47.870975"><name>Radar</name><desc>Fonte: OSM</desc><type>FIXED</type></wpt>
<wpt lat="-15.859497" lon="-47.870911"><name>Radar 70 km/h</name><desc>Fonte: DETRAN-DF</desc><type>FIXED</type></wpt>
<wpt lat="-15.859375" lon="-47.857910"><name>Radar</name><desc>Fonte: DETRAN-DF</desc><type>FIXED</type></wpt>
<wpt lat="-15.859358" lon="-47.870629"><name>Radar</name><desc>Fonte: OSM</desc><type>FIXED</type></wpt>
<wpt lat="-15.859314" lon="-47.870728"><name>Radar 70 km/h</name><desc>Fonte: DETRAN-DF</desc><type>FIXED</type></wpt>
<wpt lat="-15.859009" lon="-47.935486"><name>Radar 60 km/h</name><desc>Fonte: DETRAN-DF</desc><type>FIXED</type></wpt>
<wpt lat="-15.858704" lon="-48.043030"><name>Radar</name><desc>Fonte: DETRAN-DF</desc><type>FIXED</type></wpt>
<wpt lat="-15.858704" lon="-47.918823"><name>Radar 60 km/h</name><desc>Fonte: DETRAN-DF</desc><type>FIXED</type></wpt>
<wpt lat="-15.858582" lon="-47.867004"><name>Radar 70 km/h</name><desc>Fonte: DETRAN-DF</desc><type>FIXED</type></wpt>
<wpt lat="-15.858400" lon="-47.832441"><name>Radar 40 km/h</name><desc>Fonte: OSM</desc><type>FIXED</type></wpt>
<wpt lat="-15.858093" lon="-48.044922"><name>Radar</name><desc>Fonte: DETRAN-DF</desc><type>FIXED</type></wpt>
<wpt lat="-15.857605" lon="-47.924377"><name>Radar 70 km/h</name><desc>Fonte: DETRAN-DF</desc><type>FIXED</type></wpt>
<wpt lat="-15.857483" lon="-48.080811"><name>Radar 40 km/h</name><desc>Fonte: DETRAN-DF</desc><type>FIXED</type></wpt>
<wpt lat="-15.857483" lon="-48.037476"><name>Radar 60 km/h</name><desc>Fonte: DETRAN-DF</desc><type>FIXED</type></wpt>
<wpt lat="-15.857422" lon="-47.921875"><name>Radar 70 km/h</name><desc>Fonte: DETRAN-DF</desc><type>FIXED</type></wpt>
<wpt lat="-15.857300" lon="-48.037781"><name>Radar 60 km/h</name><desc>Fonte: DETRAN-DF</desc><type>FIXED</type></wpt>
<wpt lat="-15.856995" lon="-47.920288"><name>Radar 70 km/h</name><desc>Fonte: DETRAN-DF</desc><type>FIXED</type></wpt>
<wpt lat="-15.856812" lon="-47.953796"><name>Radar</name><desc>Fonte: DETRAN-DF</desc><type>FIXED</type></wpt>
<wpt lat="-15.856384" lon="-48.079285"><name>Radar 40 km/h</name><desc>Fonte: DETRAN-DF</desc><type>FIXED</type></wpt>
<wpt lat="-15.856384" lon="-48.043701"><name>Radar</name><desc>Fonte: DETRAN-DF</desc><type>FIXED</type></wpt>
<wpt lat="-15.856384" lon="-48.041504"><name>Radar</name><desc>Fonte: DETRAN-DF</desc><type>FIXED</type></wpt>
<wpt lat="-15.856384" lon="-47.953003"><name>Radar</name><desc>Fonte: DETRAN-DF</desc><type>FIXED</type></wpt>
<wpt lat="-15.856323" lon="-48.179016"><name>Radar 80 km/h</name><desc>Fonte: DETRAN-DF</desc><type>FIXED</type></wpt>
<wpt lat="-15.856201" lon="-48.044495"><name>Radar</name><desc>Fonte: DETRAN-DF</desc><type>FIXED</type></wpt>
<wpt lat="-15.856201" lon="-47.910522"><name>Radar 60 km/h</name><desc>Fonte: DETRAN-DF</desc><type>FIXED</type></wpt>
<wpt lat="-15.856079" lon="-48.097107"><name>Radar 70 km/h</name><desc>Fonte: DETRAN-DF</desc><type>FIXED</type></wpt>
<wpt lat="-15.856018" lon="-47.916992"><name>Radar 70 km/h</name><desc>Fonte: DETRAN-DF</desc><type>FIXED</type></wpt>
<wpt lat="-15.855591" lon="-47.951904"><name>Radar</name><desc>Fonte: DETRAN-DF</desc><type>FIXED</type></wpt>
<wpt lat="-15.855591" lon="-47.858887"><name>Radar 70 km/h</name><desc>Fonte: DETRAN-DF</desc><type>FIXED</type></wpt>
<wpt lat="-15.855530" lon="-47.991577"><name>Radar 60 km/h</name><desc>Fonte: DETRAN-DF</desc><type>FIXED</type></wpt>
<wpt lat="-15.855455" lon="-47.858531"><name>Radar</name><desc>Fonte: OSM</desc><type>FIXED</type></wpt>
<wpt lat="-15.855408" lon="-48.076294"><name>Radar 60 km/h</name><desc>Fonte: DETRAN-DF</desc><type>FIXED</type></wpt>
<wpt lat="-15.854981" lon="-47.817255"><name>Radar 50 km/h</name><desc>Fonte: OSM</desc><type>FIXED</type></wpt>
<wpt lat="-15.854980" lon="-47.881104"><name>Radar</name><desc>Fonte: DETRAN-DF</desc><type>FIXED</type></wpt>
<wpt lat="-15.854909" lon="-47.817515"><name>Radar 50 km/h</name><desc>Fonte: OSM</desc><type>FIXED</type></wpt>
<wpt lat="-15.854797" lon="-48.074890"><name>Radar 40 km/h</name><desc>Fonte: DETRAN-DF</desc><type>FIXED</type></wpt>
<wpt lat="-15.854797" lon="-47.950623"><name>Radar</name><desc>Fonte: DETRAN-DF</desc><type>FIXED</type></wpt>
<wpt lat="-15.854572" lon="-47.858331"><name>Radar</name><desc>Fonte: OSM</desc><type>FIXED</type></wpt>
<wpt lat="-15.854492" lon="-47.858276"><name>Radar 70 km/h</name><desc>Fonte: DETRAN-DF</desc><type>FIXED</type></wpt>
<wpt lat="-15.854309" lon="-47.949890"><name>Radar</name><desc>Fonte: DETRAN-DF</desc><type>FIXED</type></wpt>
<wpt lat="-15.854004" lon="-47.949402"><name>Radar</name><desc>Fonte: DETRAN-DF</desc><type>FIXED</type></wpt>
<wpt lat="-15.853882" lon="-47.949097"><name>Radar</name><desc>Fonte: DETRAN-DF</desc><type>FIXED</type></wpt>
<wpt lat="-15.853821" lon="-48.073608"><name>Radar 40 km/h</name><desc>Fonte: DETRAN-DF</desc><type>FIXED</type></wpt>
<wpt lat="-15.853577" lon="-47.948608"><name>Radar</name><desc>Fonte: DETRAN-DF</desc><type>FIXED</type></wpt>
<wpt lat="-15.853516" lon="-47.993713"><name>Radar 60 km/h</name><desc>Fonte: DETRAN-DF</desc><type>FIXED</type></wpt>
<wpt lat="-15.853394" lon="-48.039612"><name>Radar 60 km/h</name><desc>Fonte: DETRAN-DF</desc><type>FIXED</type></wpt>
<wpt lat="-15.853210" lon="-47.843994"><name>Radar 70 km/h</name><desc>Fonte: DETRAN-DF</desc><type>FIXED</type></wpt>
<wpt lat="-15.852905" lon="-47.947510"><name>Radar</name><desc>Fonte: DETRAN-DF</desc><type>FIXED</type></wpt>
<wpt lat="-15.852478" lon="-48.116089"><name>Radar</name><desc>Fonte: DETRAN-DF</desc><type>FIXED</type></wpt>
<wpt lat="-15.852417" lon="-48.116089"><name>Radar</name><desc>Fonte: DETRAN-DF</desc><type>FIXED</type></wpt>
<wpt lat="-15.852390" lon="-48.040512"><name>Radar 60 km/h</name><desc>Fonte: OSM</desc><type>FIXED</type></wpt>
<wpt lat="-15.852295" lon="-48.040527"><name>Radar 60 km/h</name><desc>Fonte: DETRAN-DF</desc><type>FIXED</type></wpt>
<wpt lat="-15.852112" lon="-47.946228"><name>Radar</name><desc>Fonte: DETRAN-DF</desc><type>FIXED</type></wpt>
<wpt lat="-15.851990" lon="-48.046204"><name>Radar 60 km/h</name><desc>Fonte: DETRAN-DF</desc><type>FIXED</type></wpt>
<wpt lat="-15.851807" lon="-48.115479"><name>Radar</name><desc>Fonte: DETRAN-DF</desc><type>FIXED</type></wpt>
<wpt lat="-15.851685" lon="-48.098389"><name>Radar 70 km/h</name><desc>Fonte: DETRAN-DF</desc><type>FIXED</type></wpt>
<wpt lat="-15.851501" lon="-48.047424"><name>Radar</name><desc>Fonte: DETRAN-DF</desc><type>FIXED</type></wpt>
<wpt lat="-15.851501" lon="-47.876282"><name>Radar 70 km/h</name><desc>Fonte: DETRAN-DF</desc><type>FIXED</type></wpt>
<wpt lat="-15.851196" lon="-48.041687"><name>Radar</name><desc>Fonte: DETRAN-DF</desc><type>FIXED</type></wpt>
<wpt lat="-15.850708" lon="-48.046692"><name>Radar 60 km/h</name><desc>Fonte: DETRAN-DF</desc><type>FIXED</type></wpt>
<wpt lat="-15.850673" lon="-47.975078"><name>Radar 50 km/h</name><desc>Fonte: OSM</desc><type>FIXED</type></wpt>
<wpt lat="-15.850281" lon="-48.113098"><name>Radar 50 km/h</name><desc>Fonte: DETRAN-DF</desc><type>FIXED</type></wpt>
<wpt lat="-15.850098" lon="-48.042175"><name>Radar</name><desc>Fonte: DETRAN-DF</desc><type>FIXED</type></wpt>
<wpt lat="-15.850098" lon="-47.897400"><name>Radar</name><desc>Fonte: DETRAN-DF</desc><type>FIXED</type></wpt>
<wpt lat="-15.849976" lon="-48.112976"><name>Radar 50 km/h</name><desc>Fonte: DETRAN-DF</desc><type>FIXED</type></wpt>
<wpt lat="-15.849609" lon="-47.908508"><name>Radar 70 km/h</name><desc>Fonte: DETRAN-DF</desc><type>FIXED</type></wpt>
<wpt lat="-15.849487" lon="-47.895325"><name>Radar</name><desc>Fonte: DETRAN-DF</desc><type>FIXED</type></wpt>
<wpt lat="-15.849487" lon="-47.849304"><name>Radar 70 km/h</name><desc>Fonte: DETRAN-DF</desc><type>FIXED</type></wpt>
<wpt lat="-15.849407" lon="-47.975319"><name>Radar 50 km/h</name><desc>Fonte: OSM</desc><type>FIXED</type></wpt>
<wpt lat="-15.849304" lon="-47.906311"><name>Radar 70 km/h</name><desc>Fonte: DETRAN-DF</desc><type>FIXED</type></wpt>
<wpt lat="-15.848999" lon="-48.042786"><name>Radar</name><desc>Fonte: DETRAN-DF</desc><type>FIXED</type></wpt>
<wpt lat="-15.848328" lon="-47.885193"><name>Radar 50 km/h</name><desc>Fonte: DETRAN-DF</desc><type>FIXED</type></wpt>
<wpt lat="-15.848206" lon="-48.115112"><name>Radar 50 km/h</name><desc>Fonte: DETRAN-DF</desc><type>FIXED</type></wpt>
<wpt lat="-15.847778" lon="-47.874390"><name>Radar 70 km/h</name><desc>Fonte: DETRAN-DF</desc><type>FIXED</type></wpt>
<wpt lat="-15.847595" lon="-47.890076"><name>Radar 60 km/h</name><desc>Fonte: DETRAN-DF</desc><type>FIXED</type></wpt>
<wpt lat="-15.847595" lon="-47.849609"><name>Radar 70 km/h</name><desc>Fonte: DETRAN-DF</desc><type>FIXED</type></wpt>
<wpt lat="-15.847412" lon="-48.115906"><name>Radar 50 km/h</name><desc>Fonte: DETRAN-DF</desc><type>FIXED</type></wpt>
<wpt lat="-15.847412" lon="-48.044006"><name>Radar</name><desc>Fonte: DETRAN-DF</desc><type>FIXED</type></wpt>
<wpt lat="-15.847412" lon="-47.886292"><name>Radar 50 km/h</name><desc>Fonte: DETRAN-DF</desc><type>FIXED</type></wpt>
<wpt lat="-15.847229" lon="-48.100098"><name>Radar 70 km/h</name><desc>Fonte: DETRAN-DF</desc><type>FIXED</type></wpt>
<wpt lat="-15.846985" lon="-48.044312"><name>Radar</name><desc>Fonte: DETRAN-DF</desc><type>FIXED</type></wpt>
<wpt lat="-15.846802" lon="-48.043518"><name>Radar 60 km/h</name><desc>Fonte: DETRAN-DF</desc><type>FIXED</type></wpt>
<wpt lat="-15.846802" lon="-48.033203"><name>Radar</name><desc>Fonte: DETRAN-DF</desc><type>FIXED</type></wpt>
<wpt lat="-15.846680" lon="-47.974915"><name>Radar 60 km/h</name><desc>Fonte: DETRAN-DF</desc><type>FIXED</type></wpt>
<wpt lat="-15.846497" lon="-48.044495"><name>Radar</name><desc>Fonte: DETRAN-DF</desc><type>FIXED</type></wpt>
<wpt lat="-15.846497" lon="-47.974792"><name>Radar 60 km/h</name><desc>Fonte: DETRAN-DF</desc><type>FIXED</type></wpt>
<wpt lat="-15.846497" lon="-47.973389"><name>Radar</name><desc>Fonte: DETRAN-DF</desc><type>FIXED</type></wpt>
<wpt lat="-15.846375" lon="-48.043213"><name>Radar</name><desc>Fonte: DETRAN-DF</desc><type>FIXED</type></wpt>
<wpt lat="-15.846375" lon="-47.972290"><name>Radar 50 km/h</name><desc>Fonte: DETRAN-DF</desc><type>FIXED</type></wpt>
<wpt lat="-15.846313" lon="-48.074890"><name>Radar 60 km/h</name><desc>Fonte: DETRAN-DF</desc><type>FIXED</type></wpt>
<wpt lat="-15.846008" lon="-48.044800"><name>Radar</name><desc>Fonte: DETRAN-DF</desc><type>FIXED</type></wpt>
<wpt lat="-15.846008" lon="-47.971008"><name>Radar 50 km/h</name><desc>Fonte: DETRAN-DF</desc><type>FIXED</type></wpt>
<wpt lat="-15.845886" lon="-48.194275"><name>Radar 80 km/h</name><desc>Fonte: DETRAN-DF</desc><type>FIXED</type></wpt>
<wpt lat="-15.845886" lon="-48.111389"><name>Radar 50 km/h</name><desc>Fonte: DETRAN-DF</desc><type>FIXED</type></wpt>
<wpt lat="-15.845886" lon="-47.896484"><name>Radar 70 km/h</name><desc>Fonte: DETRAN-DF</desc><type>FIXED</type></wpt>
<wpt lat="-15.845581" lon="-47.979614"><name>Radar 60 km/h</name><desc>Fonte: DETRAN-DF</desc><type>FIXED</type></wpt>
<wpt lat="-15.845581" lon="-47.968018"><name>Radar</name><desc>Fonte: DETRAN-DF</desc><type>FIXED</type></wpt>
<wpt lat="-15.845581" lon="-47.923828"><name>Radar 80 km/h</name><desc>Fonte: OSM</desc><type>FIXED</type></wpt>
<wpt lat="-15.845520" lon="-47.923279"><name>Radar 80 km/h</name><desc>Fonte: DETRAN-DF</desc><type>FIXED</type></wpt>
<wpt lat="-15.845520" lon="-47.896301"><name>Radar 70 km/h</name><desc>Fonte: DETRAN-DF</desc><type>FIXED</type></wpt>
<wpt lat="-15.845398" lon="-48.000183"><name>Radar 60 km/h</name><desc>Fonte: DETRAN-DF</desc><type>FIXED</type></wpt>
<wpt lat="-15.845329" lon="-47.926142"><name>Radar 80 km/h</name><desc>Fonte: OSM</desc><type>FIXED</type></wpt>
<wpt lat="-15.845276" lon="-47.926208"><name>Radar 80 km/h</name><desc>Fonte: DETRAN-DF</desc><type>FIXED</type></wpt>
<wpt lat="-15.844910" lon="-47.935181"><name>Radar 70 km/h</name><desc>Fonte: DETRAN-DF</desc><type>FIXED</type></wpt>
<wpt lat="-15.844910" lon="-47.882324"><name>Radar</name><desc>Fonte: DETRAN-DF</desc><type>FIXED</type></wpt>
<wpt lat="-15.844788" lon="-48.112488"><name>Radar 50 km/h</name><desc>Fonte: DETRAN-DF</desc><type>FIXED</type></wpt>
<wpt lat="-15.844788" lon="-47.934998"><name>Radar 70 km/h</name><desc>Fonte: DETRAN-DF</desc><type>FIXED</type></wpt>
<wpt lat="-15.844753" lon="-47.939091"><name>Radar 70 km/h</name><desc>Fonte: OSM</desc><type>FIXED</type></wpt>
<wpt lat="-15.844727" lon="-47.939392"><name>Radar 70 km/h</name><desc>Fonte: DETRAN-DF</desc><type>FIXED</type></wpt>
<wpt lat="-15.844670" lon="-47.920928"><name>Radar 80 km/h</name><desc>Fonte: OSM</desc><type>FIXED</type></wpt>
<wpt lat="-15.844604" lon="-47.920898"><name>Radar 80 km/h</name><desc>Fonte: DETRAN-DF</desc><type>FIXED</type></wpt>
<wpt lat="-15.844482" lon="-47.931519"><name>Radar 80 km/h</name><desc>Fonte: DETRAN-DF</desc><type>FIXED</type></wpt>
<wpt lat="-15.844364" lon="-47.938416"><name>Radar 60 km/h</name><desc>Fonte: OSM</desc><type>FIXED</type></wpt>
<wpt lat="-15.844342" lon="-47.940656"><name>Radar 70 km/h</name><desc>Fonte: OSM</desc><type>FIXED</type></wpt>
<wpt lat="-15.844299" lon="-47.953979"><name>Radar 80 km/h</name><desc>Fonte: DETRAN-DF</desc><type>FIXED</type></wpt>
<wpt lat="-15.844299" lon="-47.940491"><name>Radar 70 km/h</name><desc>Fonte: DETRAN-DF</desc><type>FIXED</type></wpt>
<wpt lat="-15.844299" lon="-47.938293"><name>Radar 60 km/h</name><desc>Fonte: DETRAN-DF</desc><type>FIXED</type></wpt>
<wpt lat="-15.844177" lon="-47.891296"><name>Radar 70 km/h</name><desc>Fonte: DETRAN-DF</desc><type>FIXED</type></wpt>
<wpt lat="-15.844177" lon="-47.818909"><name>Radar 80 km/h</name><desc>Fonte: DETRAN-DF</desc><type>FIXED</type></wpt>
<wpt lat="-15.843994" lon="-48.032410"><name>Radar</name><desc>Fonte: DETRAN-DF</desc><type>FIXED</type></wpt>
<wpt lat="-15.843994" lon="-47.943481"><name>Radar 60 km/h</name><desc>Fonte: DETRAN-DF</desc><type>FIXED</type></wpt>
<wpt lat="-15.843942" lon="-47.819262"><name>Radar 80 km/h</name><desc>Fonte: OSM</desc><type>FIXED</type></wpt>
<wpt lat="-15.843689" lon="-47.890808"><name>Radar 70 km/h</name><desc>Fonte: DETRAN-DF</desc><type>FIXED</type></wpt>
<wpt lat="-15.843506" lon="-47.944580"><name>Radar 70 km/h</name><desc>Fonte: DETRAN-DF</desc><type>FIXED</type></wpt>
<wpt lat="-15.843506" lon="-47.943420"><name>Radar 70 km/h</name><desc>Fonte: DETRAN-DF</desc><type>FIXED</type></wpt>
<wpt lat="-15.843506" lon="-47.850586"><name>Radar 70 km/h</name><desc>Fonte: DETRAN-DF</desc><type>FIXED</type></wpt>
<wpt lat="-15.843499" lon="-47.850500"><name>Radar 70 km/h</name><desc>Fonte: OSM</desc><type>FIXED</type></wpt>
<wpt lat="-15.843432" lon="-48.103564"><name>Radar 60 km/h</name><desc>Fonte: OSM</desc><type>FIXED</type></wpt>
<wpt lat="-15.843384" lon="-47.917419"><name>Radar 80 km/h</name><desc>Fonte: DETRAN-DF</desc><type>FIXED</type></wpt>
<wpt lat="-15.843201" lon="-47.917480"><name>Radar 80 km/h</name><desc>Fonte: DETRAN-DF</desc><type>FIXED</type></wpt>
<wpt lat="-15.843182" lon="-47.850466"><name>Radar</name><desc>Fonte: OSM</desc><type>FIXED</type></wpt>
<wpt lat="-15.843018" lon="-47.849609"><name>Radar 70 km/h</name><desc>Fonte: DETRAN-DF</desc><type>FIXED</type></wpt>
<wpt lat="-15.842896" lon="-47.982483"><name>Radar</name><desc>Fonte: DETRAN-DF</desc><type>FIXED</type></wpt>
<wpt lat="-15.842712" lon="-48.001526"><name>Radar 60 km/h</name><desc>Fonte: DETRAN-DF</desc><type>FIXED</type></wpt>
<wpt lat="-15.842590" lon="-48.102783"><name>Radar 60 km/h</name><desc>Fonte: DETRAN-DF</desc><type>FIXED</type></wpt>
<wpt lat="-15.842529" lon="-47.869995"><name>Radar 70 km/h</name><desc>Fonte: DETRAN-DF</desc><type>FIXED</type></wpt>
<wpt lat="-15.842379" lon="-47.844662"><name>Radar 70 km/h</name><desc>Fonte: OSM</desc><type>FIXED</type></wpt>
<wpt lat="-15.842285" lon="-47.947510"><name>Radar 70 km/h</name><desc>Fonte: DETRAN-DF</desc><type>FIXED</type></wpt>
<wpt lat="-15.842285" lon="-47.844421"><name>Radar 70 km/h</name><desc>Fonte: DETRAN-DF</desc><type>FIXED</type></wpt>
<wpt lat="-15.842224" lon="-47.947021"><name>Radar 60 km/h</name><desc>Fonte: DETRAN-DF</desc><type>FIXED</type></wpt>
<wpt lat="-15.841919" lon="-48.075500"><name>Radar 60 km/h</name><desc>Fonte: DETRAN-DF</desc><type>FIXED</type></wpt>
<wpt lat="-15.841919" lon="-48.045715"><name>Radar 60 km/h</name><desc>Fonte: DETRAN-DF</desc><type>FIXED</type></wpt>
<wpt lat="-15.841675" lon="-47.842712"><name>Radar 70 km/h</name><desc>Fonte: DETRAN-DF</desc><type>FIXED</type></wpt>
<wpt lat="-15.841614" lon="-48.029175"><name>Radar 60 km/h</name><desc>Fonte: DETRAN-DF</desc><type>FIXED</type></wpt>
<wpt lat="-15.841614" lon="-48.025330"><name>Radar</name><desc>Fonte: DETRAN-DF</desc><type>FIXED</type></wpt>
<wpt lat="-15.841614" lon="-47.950195"><name>Radar 70 km/h</name><desc>Fonte: DETRAN-DF</desc><type>FIXED</type></wpt>
<wpt lat="-15.841614" lon="-47.897583"><name>Radar 50 km/h</name><desc>Fonte: DETRAN-DF</desc><type>FIXED</type></wpt>
<wpt lat="-15.841593" lon="-48.029798"><name>Radar 50 km/h</name><desc>Fonte: OSM</desc><type>FIXED</type></wpt>
<wpt lat="-15.841492" lon="-47.897621"><name>Radar 50 km/h</name><desc>Fonte: OSM</desc><type>FIXED</type></wpt>
<wpt lat="-15.841492" lon="-47.886108"><name>Radar 70 km/h</name><desc>Fonte: DETRAN-DF</desc><type>FIXED</type></wpt>
<wpt lat="-15.841309" lon="-48.046204"><name>Radar 60 km/h</name><desc>Fonte: DETRAN-DF</desc><type>FIXED</type></wpt>
<wpt lat="-15.841309" lon="-47.886292"><name>Radar 70 km/h</name><desc>Fonte: DETRAN-DF</desc><type>FIXED</type></wpt>
<wpt lat="-15.841309" lon="-47.869202"><name>Radar 70 km/h</name><desc>Fonte: DETRAN-DF</desc><type>FIXED</type></wpt>
<wpt lat="-15.841187" lon="-47.912109"><name>Radar 80 km/h</name><desc>Fonte: DETRAN-DF</desc><type>FIXED</type></wpt>
<wpt lat="-15.841187" lon="-47.822998"><name>Radar 80 km/h</name><desc>Fonte: DETRAN-DF</desc><type>FIXED</type></wpt>
<wpt lat="-15.841125" lon="-47.983582"><name>Radar 60 km/h</name><desc>Fonte: DETRAN-DF</desc><type>FIXED</type></wpt>
<wpt lat="-15.841003" lon="-47.983521"><name>Radar 60 km/h</name><desc>Fonte: DETRAN-DF</desc><type>FIXED</type></wpt>
<wpt lat="-15.840964" lon="-48.046363"><name>Radar</name><desc>Fonte: OSM</desc><type>FIXED</type></wpt>
<wpt lat="-15.840698" lon="-48.049377"><name>Radar 60 km/h</name><desc>Fonte: DETRAN-DF</desc><type>FIXED</type></wpt>
<wpt lat="-15.840576" lon="-47.825684"><name>Radar</name><desc>Fonte: DETRAN-DF</desc><type>FIXED</type></wpt>
<wpt lat="-15.840515" lon="-48.002380"><name>Radar 50 km/h</name><desc>Fonte: DETRAN-DF</desc><type>FIXED</type></wpt>
<wpt lat="-15.840393" lon="-47.921692"><name>Radar 60 km/h</name><desc>Fonte: DETRAN-DF</desc><type>FIXED</type></wpt>
<wpt lat="-15.840210" lon="-47.968323"><name>Radar 60 km/h</name><desc>Fonte: DETRAN-DF</desc><type>FIXED</type></wpt>
<wpt lat="-15.840210" lon="-47.954407"><name>Radar 70 km/h</name><desc>Fonte: DETRAN-DF</desc><type>FIXED</type></wpt>
<wpt lat="-15.840088" lon="-47.967712"><name>Radar 60 km/h</name><desc>Fonte: DETRAN-DF</desc><type>FIXED</type></wpt>
<wpt lat="-15.840027" lon="-47.930786"><name>Radar 80 km/h</name><desc>Fonte: DETRAN-DF</desc><type>FIXED</type></wpt>
<wpt lat="-15.839905" lon="-48.020203"><name>Radar</name><desc>Fonte: DETRAN-DF</desc><type>FIXED</type></wpt>
<wpt lat="-15.839417" lon="-47.877014"><name>Radar</name><desc>Fonte: DETRAN-DF</desc><type>FIXED</type></wpt>
<wpt lat="-15.839111" lon="-48.038879"><name>Radar</name><desc>Fonte: DETRAN-DF</desc><type>FIXED</type></wpt>
<wpt lat="-15.839111" lon="-48.018616"><name>Radar</name><desc>Fonte: DETRAN-DF</desc><type>FIXED</type></wpt>
<wpt lat="-15.839111" lon="-47.952393"><name>Radar</name><desc>Fonte: DETRAN-DF</desc><type>FIXED</type></wpt>
<wpt lat="-15.838928" lon="-48.038818"><name>Radar</name><desc>Fonte: DETRAN-DF</desc><type>FIXED</type></wpt>
<wpt lat="-15.838928" lon="-47.807007"><name>Radar</name><desc>Fonte: DETRAN-DF</desc><type>FIXED</type></wpt>
<wpt lat="-15.838623" lon="-48.047607"><name>Radar 60 km/h</name><desc>Fonte: DETRAN-DF</desc><type>FIXED</type></wpt>
<wpt lat="-15.838623" lon="-47.959290"><name>Radar 70 km/h</name><desc>Fonte: DETRAN-DF</desc><type>FIXED</type></wpt>
<wpt lat="-15.838501" lon="-47.984802"><name>Radar</name><desc>Fonte: DETRAN-DF</desc><type>FIXED</type></wpt>
<wpt lat="-15.838406" lon="-48.029715"><name>Radar 50 km/h</name><desc>Fonte: OSM</desc><type>FIXED</type></wpt>
<wpt lat="-15.838379" lon="-48.030090"><name>Radar 60 km/h</name><desc>Fonte: DETRAN-DF</desc><type>FIXED</type></wpt>
<wpt lat="-15.838379" lon="-48.020081"><name>Radar</name><desc>Fonte: DETRAN-DF</desc><type>FIXED</type></wpt>
<wpt lat="-15.838379" lon="-47.953186"><name>Radar 80 km/h</name><desc>Fonte: DETRAN-DF</desc><type>FIXED</type></wpt>
<wpt lat="-15.838379" lon="-47.876892"><name>Radar</name><desc>Fonte: DETRAN-DF</desc><type>FIXED</type></wpt>
<wpt lat="-15.838364" lon="-48.047303"><name>Radar 60 km/h</name><desc>Fonte: OSM</desc><type>FIXED</type></wpt>
<wpt lat="-15.838310" lon="-48.047788"><name>Radar</name><desc>Fonte: OSM</desc><type>FIXED</type></wpt>
<wpt lat="-15.838196" lon="-48.047302"><name>Radar 60 km/h</name><desc>Fonte: DETRAN-DF</desc><type>FIXED</type></wpt>
<wpt lat="-15.838196" lon="-48.027588"><name>Radar</name><desc>Fonte: DETRAN-DF</desc><type>FIXED</type></wpt>
<wpt lat="-15.838196" lon="-48.020630"><name>Radar 50 km/h</name><desc>Fonte: DETRAN-DF</desc><type>FIXED</type></wpt>
<wpt lat="-15.838196" lon="-48.020508"><name>Radar 50 km/h</name><desc>Fonte: DETRAN-DF</desc><type>FIXED</type></wpt>
<wpt lat="-15.838196" lon="-47.905884"><name>Radar 80 km/h</name><desc>Fonte: DETRAN-DF</desc><type>FIXED</type></wpt>
<wpt lat="-15.838152" lon="-47.918864"><name>Radar 60 km/h</name><desc>Fonte: OSM</desc><type>FIXED</type></wpt>
<wpt lat="-15.838013" lon="-48.020813"><name>Radar</name><desc>Fonte: DETRAN-DF</desc><type>FIXED</type></wpt>
<wpt lat="-15.838013" lon="-47.918823"><name>Radar 60 km/h</name><desc>Fonte: DETRAN-DF</desc><type>FIXED</type></wpt>
<wpt lat="-15.837921" lon="-48.015809"><name>Radar 50 km/h</name><desc>Fonte: OSM</desc><type>FIXED</type></wpt>
<wpt lat="-15.837903" lon="-47.918752"><name>Radar 60 km/h</name><desc>Fonte: OSM</desc><type>FIXED</type></wpt>
<wpt lat="-15.837891" lon="-48.044189"><name>Radar</name><desc>Fonte: DETRAN-DF</desc><type>FIXED</type></wpt>
<wpt lat="-15.837891" lon="-48.019104"><name>Radar</name><desc>Fonte: DETRAN-DF</desc><type>FIXED</type></wpt>
<wpt lat="-15.837891" lon="-48.015808"><name>Radar 60 km/h</name><desc>Fonte: DETRAN-DF</desc><type>FIXED</type></wpt>
<wpt lat="-15.837830" lon="-48.035706"><name>Radar</name><desc>Fonte: DETRAN-DF</desc><type>FIXED</type></wpt>
<wpt lat="-15.837830" lon="-48.023621"><name>Radar 60 km/h</name><desc>Fonte: DETRAN-DF</desc><type>FIXED</type></wpt>
<wpt lat="-15.837830" lon="-47.962402"><name>Radar 70 km/h</name><desc>Fonte: DETRAN-DF</desc><type>FIXED</type></wpt>
<wpt lat="-15.837795" lon="-48.023562"><name>Radar 50 km/h</name><desc>Fonte: OSM</desc><type>FIXED</type></wpt>
<wpt lat="-15.837708" lon="-48.035889"><name>Radar</name><desc>Fonte: DETRAN-DF</desc><type>FIXED</type></wpt>
<wpt lat="-15.837708" lon="-48.003784"><name>Radar 50 km/h</name><desc>Fonte: DETRAN-DF</desc><type>FIXED</type></wpt>
<wpt lat="-15.837708" lon="-47.918579"><name>Radar 60 km/h</name><desc>Fonte: DETRAN-DF</desc><type>FIXED</type></wpt>
<wpt lat="-15.837623" lon="-47.929554"><name>Radar 60 km/h</name><desc>Fonte: OSM</desc><type>FIXED</type></wpt>
<wpt lat="-15.837585" lon="-47.985413"><name>Radar</name><desc>Fonte: DETRAN-DF</desc><type>FIXED</type></wpt>
<wpt lat="-15.837585" lon="-47.929504"><name>Radar 60 km/h</name><desc>Fonte: DETRAN-DF</desc><type>FIXED</type></wpt>
<wpt lat="-15.837321" lon="-47.836701"><name>Radar</name><desc>Fonte: OSM</desc><type>FIXED</type></wpt>
<wpt lat="-15.837280" lon="-48.098328"><name>Radar 50 km/h</name><desc>Fonte: DETRAN-DF</desc><type>FIXED</type></wpt>
<wpt lat="-15.837280" lon="-48.038696"><name>Radar 60 km/h</name><desc>Fonte: DETRAN-DF</desc><type>FIXED</type></wpt>
<wpt lat="-15.837280" lon="-48.035278"><name>Radar</name><desc>Fonte: DETRAN-DF</desc><type>FIXED</type></wpt>
<wpt lat="-15.837280" lon="-48.018982"><name>Radar</name><desc>Fonte: DETRAN-DF</desc><type>FIXED</type></wpt>
<wpt lat="-15.837280" lon="-47.836609"><name>Radar 70 km/h</name><desc>Fonte: DETRAN-DF</desc><type>FIXED</type></wpt>
<wpt lat="-15.837232" lon="-48.038743"><name>Radar 50 km/h</name><desc>Fonte: OSM</desc><type>FIXED</type></wpt>
<wpt lat="-15.837219" lon="-48.047913"><name>Radar 60 km/h</name><desc>Fonte: DETRAN-DF</desc><type>FIXED</type></wpt>
<wpt lat="-15.837219" lon="-48.017395"><name>Radar</name><desc>Fonte: DETRAN-DF</desc><type>FIXED</type></wpt>
<wpt lat="-15.837219" lon="-48.012878"><name>Radar</name><desc>Fonte: DETRAN-DF</desc><type>FIXED</type></wpt>
<wpt lat="-15.837097" lon="-48.109985"><name>Radar 60 km/h</name><desc>Fonte: DETRAN-DF</desc><type>FIXED</type></wpt>
<wpt lat="-15.837097" lon="-48.035400"><name>Radar</name><desc>Fonte: DETRAN-DF</desc><type>FIXED</type></wpt>
<wpt lat="-15.837097" lon="-48.028992"><name>Radar</name><desc>Fonte: DETRAN-DF</desc><type>FIXED</type></wpt>
<wpt lat="-15.837097" lon="-48.010925"><name>Radar</name><desc>Fonte: DETRAN-DF</desc><type>FIXED</type></wpt>
<wpt lat="-15.836975" lon="-48.090393"><name>Radar 60 km/h</name><desc>Fonte: DETRAN-DF</desc><type>FIXED</type></wpt>
<wpt lat="-15.836975" lon="-47.871399"><name>Radar</name><desc>Fonte: DETRAN-DF</desc><type>FIXED</type></wpt>
<wpt lat="-15.836914" lon="-47.872498"><name>Radar</name><desc>Fonte: DETRAN-DF</desc><type>FIXED</type></wpt>
<wpt lat="-15.836792" lon="-48.007996"><name>Radar</name><desc>Fonte: DETRAN-DF</desc><type>FIXED</type></wpt>
<wpt lat="-15.836633" lon="-47.835888"><name>Radar</name><desc>Fonte: OSM</desc><type>FIXED</type></wpt>
<wpt lat="-15.836626" lon="-47.824914"><name>Radar 80 km/h</name><desc>Fonte: OSM</desc><type>FIXED</type></wpt>
<wpt lat="-15.836609" lon="-48.059387"><name>Radar 60 km/h</name><desc>Fonte: DETRAN-DF</desc><type>FIXED</type></wpt>
<wpt lat="-15.836609" lon="-48.048584"><name>Radar 60 km/h</name><desc>Fonte: DETRAN-DF</desc><type>FIXED</type></wpt>
<wpt lat="-15.836609" lon="-48.016113"><name>Radar</name><desc>Fonte: DETRAN-DF</desc><type>FIXED</type></wpt>
<wpt lat="-15.836609" lon="-48.008118"><name>Radar</name><desc>Fonte: DETRAN-DF</desc><type>FIXED</type></wpt>
<wpt lat="-15.836523" lon="-48.066439"><name>Radar 50 km/h</name><desc>Fonte: OSM</desc><type>FIXED</type></wpt>
<wpt lat="-15.836514" lon="-48.048741"><name>Radar</name><desc>Fonte: OSM</desc><type>FIXED</type></wpt>
<wpt lat="-15.836487" lon="-48.090576"><name>Radar 60 km/h</name><desc>Fonte: DETRAN-DF</desc><type>FIXED</type></wpt>
<wpt lat="-15.836487" lon="-48.066406"><name>Radar 50 km/h</name><desc>Fonte: DETRAN-DF</desc><type>FIXED</type></wpt>
<wpt lat="-15.836487" lon="-47.824890"><name>Radar 80 km/h</name><desc>Fonte: DETRAN-DF</desc><type>FIXED</type></wpt>
<wpt lat="-15.836426" lon="-48.008606"><name>Radar</name><desc>Fonte: DETRAN-DF</desc><type>FIXED</type></wpt>
<wpt lat="-15.836304" lon="-48.207397"><name>Radar 80 km/h</name><desc>Fonte: DETRAN-DF</desc><type>FIXED</type></wpt>
<wpt lat="-15.836304" lon="-48.032288"><name>Radar</name><desc>Fonte: DETRAN-DF</desc><type>FIXED</type></wpt>
<wpt lat="-15.836182" lon="-48.009094"><name>Radar</name><desc>Fonte: DETRAN-DF</desc><type>FIXED</type></wpt>
<wpt lat="-15.836121" lon="-48.099182"><name>Radar 50 km/h</name><desc>Fonte: DETRAN-DF</desc><type>FIXED</type></wpt>
<wpt lat="-15.836121" lon="-47.920410"><name>Radar</name><desc>Fonte: DETRAN-DF</desc><type>FIXED</type></wpt>
<wpt lat="-15.836061" lon="-47.973433"><name>Radar 60 km/h</name><desc>Fonte: OSM</desc><type>FIXED</type></wpt>
<wpt lat="-15.835999" lon="-47.973511"><name>Radar 60 km/h</name><desc>Fonte: DETRAN-DF</desc><type>FIXED</type></wpt>
<wpt lat="-15.835999" lon="-47.867187"><name>Radar</name><desc>Fonte: DETRAN-DF</desc><type>FIXED</type></wpt>
<wpt lat="-15.835970" lon="-47.971344"><name>Radar 60 km/h</name><desc>Fonte: OSM</desc><type>FIXED</type></wpt>
<wpt lat="-15.835952" lon="-47.835279"><name>Radar</name><desc>Fonte: OSM</desc><type>FIXED</type></wpt>
<wpt lat="-15.835897" lon="-48.064048"><name>Radar 50 km/h</name><desc>Fonte: OSM</desc><type>FIXED</type></wpt>
<wpt lat="-15.835876" lon="-48.064026"><name>Radar 50 km/h</name><desc>Fonte: DETRAN-DF</desc><type>FIXED</type></wpt>
<wpt lat="-15.835876" lon="-47.971375"><name>Radar 60 km/h</name><desc>Fonte: DETRAN-DF</desc><type>FIXED</type></wpt>
<wpt lat="-15.835876" lon="-47.921509"><name>Radar</name><desc>Fonte: DETRAN-DF</desc><type>FIXED</type></wpt>
<wpt lat="-15.835876" lon="-47.868713"><name>Radar</name><desc>Fonte: DETRAN-DF</desc><type>FIXED</type></wpt>
<wpt lat="-15.835815" lon="-48.017029"><name>Radar</name><desc>Fonte: DETRAN-DF</desc><type>FIXED</type></wpt>
<wpt lat="-15.835815" lon="-47.869690"><name>Radar</name><desc>Fonte: DETRAN-DF</desc><type>FIXED</type></wpt>
<wpt lat="-15.835693" lon="-47.870605"><name>Radar</name><desc>Fonte: DETRAN-DF</desc><type>FIXED</type></wpt>
<wpt lat="-15.835388" lon="-47.921814"><name>Radar</name><desc>Fonte: DETRAN-DF</desc><type>FIXED</type></wpt>
<wpt lat="-15.835388" lon="-47.834412"><name>Radar 70 km/h</name><desc>Fonte: DETRAN-DF</desc><type>FIXED</type></wpt>
<wpt lat="-15.835327" lon="-48.105713"><name>Radar 60 km/h</name><desc>Fonte: DETRAN-DF</desc><type>FIXED</type></wpt>
<wpt lat="-15.835327" lon="-48.060181"><name>Radar 60 km/h</name><desc>Fonte: DETRAN-DF</desc><type>FIXED</type></wpt>
<wpt lat="-15.835083" lon="-48.099487"><name>Radar 60 km/h</name><desc>Fonte: DETRAN-DF</desc><type>FIXED</type></wpt>
<wpt lat="-15.835083" lon="-47.818909"><name>Radar 70 km/h</name><desc>Fonte: DETRAN-DF</desc><type>FIXED</type></wpt>
<wpt lat="-15.835022" lon="-47.923218"><name>Radar</name><desc>Fonte: DETRAN-DF</desc><type>FIXED</type></wpt>
<wpt lat="-15.835022" lon="-47.804077"><name>Radar</name><desc>Fonte: DETRAN-DF</desc><type>FIXED</type></wpt>
<wpt lat="-15.834980" lon="-48.017056"><name>Radar 50 km/h</name><desc>Fonte: OSM</desc><type>FIXED</type></wpt>
<wpt lat="-15.834947" lon="-47.818517"><name>Radar 70 km/h</name><desc>Fonte: OSM</desc><type>FIXED</type></wpt>
<wpt lat="-15.834900" lon="-48.017029"><name>Radar 60 km/h</name><desc>Fonte: DETRAN-DF</desc><type>FIXED</type></wpt>
<wpt lat="-15.834900" lon="-47.825806"><name>Radar 70 km/h</name><desc>Fonte: DETRAN-DF</desc><type>FIXED</type></wpt>
<wpt lat="-15.834801" lon="-48.036325"><name>Radar 50 km/h</name><desc>Fonte: OSM</desc><type>FIXED</type></wpt>
<wpt lat="-15.834778" lon="-48.021484"><name>Radar</name><desc>Fonte: DETRAN-DF</desc><type>FIXED</type></wpt>
<wpt lat="-15.834717" lon="-48.056702"><name>Radar 60 km/h</name><desc>Fonte: DETRAN-DF</desc><type>FIXED</type></wpt>
<wpt lat="-15.834717" lon="-48.036377"><name>Radar 60 km/h</name><desc>Fonte: DETRAN-DF</desc><type>FIXED</type></wpt>
<wpt lat="-15.834717" lon="-47.825195"><name>Radar 70 km/h</name><desc>Fonte: DETRAN-DF</desc><type>FIXED</type></wpt>
<wpt lat="-15.834708" lon="-47.825099"><name>Radar 70 km/h</name><desc>Fonte: OSM</desc><type>FIXED</type></wpt>
<wpt lat="-15.834595" lon="-48.031982"><name>Radar</name><desc>Fonte: DETRAN-DF</desc><type>FIXED</type></wpt>
<wpt lat="-15.834595" lon="-48.031006"><name>Radar</name><desc>Fonte: DETRAN-DF</desc><type>FIXED</type></wpt>
<wpt lat="-15.834595" lon="-48.029480"><name>Radar</name><desc>Fonte: DETRAN-DF</desc><type>FIXED</type></wpt>
<wpt lat="-15.834534" lon="-47.900372"><name>Radar 50 km/h</name><desc>Fonte: OSM</desc><type>FIXED</type></wpt>
<wpt lat="-15.834412" lon="-47.920105"><name>Radar</name><desc>Fonte: DETRAN-DF</desc><type>FIXED</type></wpt>
<wpt lat="-15.834412" lon="-47.823914"><name>Radar 40 km/h</name><desc>Fonte: DETRAN-DF</desc><type>FIXED</type></wpt>
<wpt lat="-15.834290" lon="-48.008911"><name>Radar</name><desc>Fonte: DETRAN-DF</desc><type>FIXED</type></wpt>
<wpt lat="-15.834106" lon="-47.952515"><name>Radar 60 km/h</name><desc>Fonte: DETRAN-DF</desc><type>FIXED</type></wpt>
<wpt lat="-15.833984" lon="-47.895203"><name>Radar 80 km/h</name><desc>Fonte: DETRAN-DF</desc><type>FIXED</type></wpt>
<wpt lat="-15.833801" lon="-48.057007"><name>Radar 60 km/h</name><desc>Fonte: DETRAN-DF</desc><type>FIXED</type></wpt>
<wpt lat="-15.833801" lon="-47.951904"><name>Radar 80 km/h</name><desc>Fonte: DETRAN-DF</desc><type>FIXED</type></wpt>
<wpt lat="-15.833678" lon="-48.089996"><name>Radar 60 km/h</name><desc>Fonte: OSM</desc><type>FIXED</type></wpt>
<wpt lat="-15.833496" lon="-48.056885"><name>Radar 60 km/h</name><desc>Fonte: DETRAN-DF</desc><type>FIXED</type></wpt>
<wpt lat="-15.833496" lon="-48.020081"><name>Radar</name><desc>Fonte: DETRAN-DF</desc><type>FIXED</type></wpt>
<wpt lat="-15.833496" lon="-48.005676"><name>Radar 60 km/h</name><desc>Fonte: DETRAN-DF</desc><type>FIXED</type></wpt>
<wpt lat="-15.833496" lon="-47.895081"><name>Radar 80 km/h</name><desc>Fonte: DETRAN-DF</desc><type>FIXED</type></wpt>
<wpt lat="-15.833496" lon="-47.802917"><name>Radar</name><desc>Fonte: DETRAN-DF</desc><type>FIXED</type></wpt>
<wpt lat="-15.833269" lon="-48.057238"><name>Radar 50 km/h</name><desc>Fonte: OSM</desc><type>FIXED</type></wpt>
<wpt lat="-15.833191" lon="-47.987000"><name>Radar</name><desc>Fonte: DETRAN-DF</desc><type>FIXED</type></wpt>
<wpt lat="-15.833191" lon="-47.925110"><name>Radar</name><desc>Fonte: DETRAN-DF</desc><type>FIXED</type></wpt>
<wpt lat="-15.833191" lon="-47.877502"><name>Radar</name><desc>Fonte: DETRAN-DF</desc><type>FIXED</type></wpt>
<wpt lat="-15.832886" lon="-47.920593"><name>Radar</name><desc>Fonte: DETRAN-DF</desc><type>FIXED</type></wpt>
<wpt lat="-15.832886" lon="-47.919983"><name>Radar</name><desc>Fonte: DETRAN-DF</desc><type>FIXED</type></wpt>
<wpt lat="-15.832581" lon="-48.060913"><name>Radar 60 km/h</name><desc>Fonte: DETRAN-DF</desc><type>FIXED</type></wpt>
<wpt lat="-15.832581" lon="-47.924377"><name>Radar</name><desc>Fonte: DETRAN-DF</desc><type>FIXED</type></wpt>
<wpt lat="-15.832520" lon="-48.077209"><name>Radar 40 km/h</name><desc>Fonte: DETRAN-DF</desc><type>FIXED</type></wpt>
<wpt lat="-15.832397" lon="-47.921875"><name>Radar 80 km/h</name><desc>Fonte: DETRAN-DF</desc><type>FIXED</type></wpt>
<wpt lat="-15.832242" lon="-48.077270"><name>Radar 40 km/h</name><desc>Fonte: OSM</desc><type>FIXED</type></wpt>
<wpt lat="-15.832214" lon="-47.924194"><name>Radar</name><desc>Fonte: DETRAN-DF</desc><type>FIXED</type></wpt>
<wpt lat="-15.832092" lon="-48.096191"><name>Radar 60 km/h</name><desc>Fonte: DETRAN-DF</desc><type>FIXED</type></wpt>
<wpt lat="-15.831909" lon="-48.096497"><name>Radar 60 km/h</name><desc>Fonte: DETRAN-DF</desc><type>FIXED</type></wpt>
<wpt lat="-15.831909" lon="-47.925476"><name>Radar</name><desc>Fonte: DETRAN-DF</desc><type>FIXED</type></wpt>
<wpt lat="-15.831787" lon="-48.057678"><name>Radar 60 km/h</name><desc>Fonte: DETRAN-DF</desc><type>FIXED</type></wpt>
<wpt lat="-15.831787" lon="-47.921387"><name>Radar 80 km/h</name><desc>Fonte: DETRAN-DF</desc><type>FIXED</type></wpt>
<wpt lat="-15.831769" lon="-47.813666"><name>Radar 70 km/h</name><desc>Fonte: OSM</desc><type>FIXED</type></wpt>
<wpt lat="-15.831726" lon="-47.925781"><name>Radar</name><desc>Fonte: DETRAN-DF</desc><type>FIXED</type></wpt>
<wpt lat="-15.831683" lon="-48.090960"><name>Radar 60 km/h</name><desc>Fonte: OSM</desc><type>FIXED</type></wpt>
<wpt lat="-15.831482" lon="-47.876282"><name>Radar</name><desc>Fonte: DETRAN-DF</desc><type>FIXED</type></wpt>
<wpt lat="-15.831482" lon="-47.869019"><name>Radar 70 km/h</name><desc>Fonte: DETRAN-DF</desc><type>FIXED</type></wpt>
<wpt lat="-15.831440" lon="-47.825645"><name>Radar 60 km/h</name><desc>Fonte: OSM</desc><type>FIXED</type></wpt>
<wpt lat="-15.831421" lon="-48.057678"><name>Radar 40 km/h</name><desc>Fonte: DETRAN-DF</desc><type>FIXED</type></wpt>
<wpt lat="-15.831421" lon="-47.909485"><name>Radar 60 km/h</name><desc>Fonte: DETRAN-DF</desc><type>FIXED</type></wpt>
<wpt lat="-15.831421" lon="-47.825623"><name>Radar 60 km/h</name><desc>Fonte: DETRAN-DF</desc><type>FIXED</type></wpt>
<wpt lat="-15.831299" lon="-48.045593"><name>Radar 80 km/h</name><desc>Fonte: DETRAN-DF</desc><type>FIXED</type></wpt>
<wpt lat="-15.831299" lon="-47.875305"><name>Radar</name><desc>Fonte: DETRAN-DF</desc><type>FIXED</type></wpt>
<wpt lat="-15.831299" lon="-47.813293"><name>Radar 70 km/h</name><desc>Fonte: DETRAN-DF</desc><type>FIXED</type></wpt>
<wpt lat="-15.831257" lon="-47.909241"><name>Radar 60 km/h</name><desc>Fonte: OSM</desc><type>FIXED</type></wpt>
<wpt lat="-15.831250" lon="-48.045140"><name>Radar 80 km/h</name><desc>Fonte: OSM</desc><type>FIXED</type></wpt>
<wpt lat="-15.831177" lon="-48.051880"><name>Radar</name><desc>Fonte: DETRAN-DF</desc><type>FIXED</type></wpt>
<wpt lat="-15.831177" lon="-47.926208"><name>Radar</name><desc>Fonte: DETRAN-DF</desc><type>FIXED</type></wpt>
<wpt lat="-15.831177" lon="-47.922424"><name>Radar</name><desc>Fonte: DETRAN-DF</desc><type>FIXED</type></wpt>
<wpt lat="-15.831116" lon="-48.091187"><name>Radar 60 km/h</name><desc>Fonte: DETRAN-DF</desc><type>FIXED</type></wpt>
<wpt lat="-15.830997" lon="-48.045139"><name>Radar 80 km/h</name><desc>Fonte: OSM</desc><type>FIXED</type></wpt>
<wpt lat="-15.830994" lon="-48.056580"><name>Radar</name><desc>Fonte: DETRAN-DF</desc><type>FIXED</type></wpt>
<wpt lat="-15.830994" lon="-48.044800"><name>Radar 80 km/h</name><desc>Fonte: DETRAN-DF</desc><type>FIXED</type></wpt>
<wpt lat="-15.830994" lon="-47.925415"><name>Radar</name><desc>Fonte: DETRAN-DF</desc><type>FIXED</type></wpt>
<wpt lat="-15.830994" lon="-47.909180"><name>Radar 60 km/h</name><desc>Fonte: DETRAN-DF</desc><type>FIXED</type></wpt>
<wpt lat="-15.830921" lon="-47.909068"><name>Radar 60 km/h</name><desc>Fonte: OSM</desc><type>FIXED</type></wpt>
<wpt lat="-15.830811" lon="-47.922119"><name>Radar</name><desc>Fonte: DETRAN-DF</desc><type>FIXED</type></wpt>
<wpt lat="-15.830811" lon="-47.877502"><name>Radar 70 km/h</name><desc>Fonte: DETRAN-DF</desc><type>FIXED</type></wpt>
<wpt lat="-15.830811" lon="-47.876282"><name>Radar</name><desc>Fonte: DETRAN-DF</desc><type>FIXED</type></wpt>
<wpt lat="-15.830688" lon="-47.921814"><name>Radar</name><desc>Fonte: DETRAN-DF</desc><type>FIXED</type></wpt>
<wpt lat="-15.830688" lon="-47.914795"><name>Radar</name><desc>Fonte: DETRAN-DF</desc><type>FIXED</type></wpt>
<wpt lat="-15.830627" lon="-47.938599"><name>Radar</name><desc>Fonte: DETRAN-DF</desc><type>FIXED</type></wpt>
<wpt lat="-15.830627" lon="-47.920593"><name>Radar 60 km/h</name><desc>Fonte: DETRAN-DF</desc><type>FIXED</type></wpt>
<wpt lat="-15.830506" lon="-48.036717"><name>Radar 60 km/h</name><desc>Fonte: OSM</desc><type>FIXED</type></wpt>
<wpt lat="-15.830505" lon="-47.926086"><name>Radar</name><desc>Fonte: DETRAN-DF</desc><type>FIXED</type></wpt>
<wpt lat="-15.830383" lon="-48.054993"><name>Radar</name><desc>Fonte: DETRAN-DF</desc><type>FIXED</type></wpt>
<wpt lat="-15.830383" lon="-48.054199"><name>Radar</name><desc>Fonte: DETRAN-DF</desc><type>FIXED</type></wpt>
<wpt lat="-15.830383" lon="-48.036499"><name>Radar 60 km/h</name><desc>Fonte: DETRAN-DF</desc><type>FIXED</type></wpt>
<wpt lat="-15.830383" lon="-47.989502"><name>Radar</name><desc>Fonte: DETRAN-DF</desc><type>FIXED</type></wpt>
<wpt lat="-15.830366" lon="-48.040381"><name>Radar 80 km/h</name><desc>Fonte: OSM</desc><type>FIXED</type></wpt>
<wpt lat="-15.830322" lon="-48.095886"><name>Radar 60 km/h</name><desc>Fonte: DETRAN-DF</desc><type>FIXED</type></wpt>
<wpt lat="-15.830322" lon="-48.039978"><name>Radar 80 km/h</name><desc>Fonte: DETRAN-DF</desc><type>FIXED</type></wpt>
<wpt lat="-15.830248" lon="-48.037042"><name>Radar 80 km/h</name><desc>Fonte: OSM</desc><type>FIXED</type></wpt>
<wpt lat="-15.830200" lon="-48.109619"><name>Radar 50 km/h</name><desc>Fonte: DETRAN-DF</desc><type>FIXED</type></wpt>
<wpt lat="-15.830200" lon="-48.091492"><name>Radar</name><desc>Fonte: DETRAN-DF</desc><type>FIXED</type></wpt>
<wpt lat="-15.830200" lon="-48.078186"><name>Radar 40 km/h</name><desc>Fonte: DETRAN-DF</desc><type>FIXED</type></wpt>
<wpt lat="-15.830200" lon="-48.054382"><name>Radar</name><desc>Fonte: DETRAN-DF</desc><type>FIXED</type></wpt>
<wpt lat="-15.830200" lon="-48.053894"><name>Radar</name><desc>Fonte: DETRAN-DF</desc><type>FIXED</type></wpt>
<wpt lat="-15.830200" lon="-48.036987"><name>Radar 80 km/h</name><desc>Fonte: DETRAN-DF</desc><type>FIXED</type></wpt>
<wpt lat="-15.830200" lon="-47.926392"><name>Radar</name><desc>Fonte: DETRAN-DF</desc><type>FIXED</type></wpt>
<wpt lat="-15.830200" lon="-47.922791"><name>Radar</name><desc>Fonte: DETRAN-DF</desc><type>FIXED</type></wpt>
<wpt lat="-15.830078" lon="-48.051392"><name>Radar 60 km/h</name><desc>Fonte: DETRAN-DF</desc><type>FIXED</type></wpt>
<wpt lat="-15.830078" lon="-48.051208"><name>Radar 60 km/h</name><desc>Fonte: DETRAN-DF</desc><type>FIXED</type></wpt>
<wpt lat="-15.830078" lon="-48.016602"><name>Radar</name><desc>Fonte: DETRAN-DF</desc><type>FIXED</type></wpt>
<wpt lat="-15.830020" lon="-47.826826"><name>Radar 60 km/h</name><desc>Fonte: OSM</desc><type>FIXED</type></wpt>
<wpt lat="-15.830017" lon="-47.926880"><name>Radar</name><desc>Fonte: DETRAN-DF</desc><type>FIXED</type></wpt>
<wpt lat="-15.830017" lon="-47.913879"><name>Radar</name><desc>Fonte: DETRAN-DF</desc><type>FIXED</type></wpt>
<wpt lat="-15.829969" lon="-48.051583"><name>Radar</name><desc>Fonte: OSM</desc><type>FIXED</type></wpt>
<wpt lat="-15.829850" lon="-48.007174"><name>Radar 60 km/h</name><desc>Fonte: OSM</desc><type>FIXED</type></wpt>
<wpt lat="-15.829712" lon="-48.083313"><name>Radar 50 km/h</name><desc>Fonte: DETRAN-DF</desc><type>FIXED</type></wpt>
<wpt lat="-15.829712" lon="-48.007202"><name>Radar 60 km/h</name><desc>Fonte: DETRAN-DF</desc><type>FIXED</type></wpt>
<wpt lat="-15.829712" lon="-47.923096"><name>Radar</name><desc>Fonte: DETRAN-DF</desc><type>FIXED</type></wpt>
<wpt lat="-15.829712" lon="-47.922791"><name>Radar</name><desc>Fonte: DETRAN-DF</desc><type>FIXED</type></wpt>
<wpt lat="-15.829712" lon="-47.914612"><name>Radar</name><desc>Fonte: DETRAN-DF</desc><type>FIXED</type></wpt>
<wpt lat="-15.829590" lon="-47.919495"><name>Radar 60 km/h</name><desc>Fonte: DETRAN-DF</desc><type>FIXED</type></wpt>
<wpt lat="-15.829407" lon="-47.827087"><name>Radar 60 km/h</name><desc>Fonte: DETRAN-DF</desc><type>FIXED</type></wpt>
<wpt lat="-15.829285" lon="-48.110413"><name>Radar 50 km/h</name><desc>Fonte: DETRAN-DF</desc><type>FIXED</type></wpt>
<wpt lat="-15.829285" lon="-47.990906"><name>Radar</name><desc>Fonte: DETRAN-DF</desc><type>FIXED</type></wpt>
<wpt lat="-15.829285" lon="-47.915710"><name>Radar</name><desc>Fonte: DETRAN-DF</desc><type>FIXED</type></wpt>
<wpt lat="-15.829224" lon="-48.115784"><name>Radar 50 km/h</name><desc>Fonte: DETRAN-DF</desc><type>FIXED</type></wpt>
<wpt lat="-15.829102" lon="-47.924316"><name>Radar</name><desc>Fonte: DETRAN-DF</desc><type>FIXED</type></wpt>
<wpt lat="-15.828979" lon="-48.055481"><name>Radar</name><desc>Fonte: DETRAN-DF</desc><type>FIXED</type></wpt>
<wpt lat="-15.828979" lon="-48.054810"><name>Radar</name><desc>Fonte: DETRAN-DF</desc><type>FIXED</type></wpt>
<wpt lat="-15.828979" lon="-48.030212"><name>Radar</name><desc>Fonte: DETRAN-DF</desc><type>FIXED</type></wpt>
<wpt lat="-15.828979" lon="-47.827087"><name>Radar 60 km/h</name><desc>Fonte: DETRAN-DF</desc><type>FIXED</type></wpt>
<wpt lat="-15.828979" lon="-47.810730"><name>Radar 70 km/h</name><desc>Fonte: DETRAN-DF</desc><type>FIXED</type></wpt>
<wpt lat="-15.828968" lon="-48.034787"><name>Radar 60 km/h</name><desc>Fonte: OSM</desc><type>FIXED</type></wpt>
<wpt lat="-15.828796" lon="-48.083801"><name>Radar 50 km/h</name><desc>Fonte: DETRAN-DF</desc><type>FIXED</type></wpt>
<wpt lat="-15.828796" lon="-48.034485"><name>Radar 60 km/h</name><desc>Fonte: DETRAN-DF</desc><type>FIXED</type></wpt>
<wpt lat="-15.828796" lon="-47.810120"><name>Radar 70 km/h</name><desc>Fonte: DETRAN-DF</desc><type>FIXED</type></wpt>
<wpt lat="-15.828758" lon="-47.827159"><name>Radar 60 km/h</name><desc>Fonte: OSM</desc><type>FIXED</type></wpt>
<wpt lat="-15.828614" lon="-47.809823"><name>Radar 70 km/h</name><desc>Fonte: OSM</desc><type>FIXED</type></wpt>
<wpt lat="-15.828613" lon="-48.033325"><name>Radar 80 km/h</name><desc>Fonte: DETRAN-DF</desc><type>FIXED</type></wpt>
<wpt lat="-15.828613" lon="-47.924377"><name>Radar</name><desc>Fonte: DETRAN-DF</desc><type>FIXED</type></wpt>
<wpt lat="-15.828491" lon="-48.092224"><name>Radar</name><desc>Fonte: DETRAN-DF</desc><type>FIXED</type></wpt>
<wpt lat="-15.828491" lon="-48.055725"><name>Radar</name><desc>Fonte: DETRAN-DF</desc><type>FIXED</type></wpt>
<wpt lat="-15.828491" lon="-48.054810"><name>Radar</name><desc>Fonte: DETRAN-DF</desc><type>FIXED</type></wpt>
<wpt lat="-15.828491" lon="-48.007812"><name>Radar 60 km/h</name><desc>Fonte: DETRAN-DF</desc><type>FIXED</type></wpt>
<wpt lat="-15.828352" lon="-48.008030"><name>Radar 60 km/h</name><desc>Fonte: OSM</desc><type>FIXED</type></wpt>
<wpt lat="-15.828308" lon="-47.924194"><name>Radar</name><desc>Fonte: DETRAN-DF</desc><type>FIXED</type></wpt>
<wpt lat="-15.828308" lon="-47.915283"><name>Radar 60 km/h</name><desc>Fonte: DETRAN-DF</desc><type>FIXED</type></wpt>
<wpt lat="-15.828186" lon="-47.986206"><name>Radar 60 km/h</name><desc>Fonte: DETRAN-DF</desc><type>FIXED</type></wpt>
<wpt lat="-15.828125" lon="-48.116699"><name>Radar 50 km/h</name><desc>Fonte: DETRAN-DF</desc><type>FIXED</type></wpt>
<wpt lat="-15.828061" lon="-48.032517"><name>Radar 80 km/h</name><desc>Fonte: OSM</desc><type>FIXED</type></wpt>
<wpt lat="-15.827881" lon="-48.010803"><name>Radar</name><desc>Fonte: DETRAN-DF</desc><type>FIXED</type></wpt>
<wpt lat="-15.827820" lon="-47.992310"><name>Radar</name><desc>Fonte: DETRAN-DF</desc><type>FIXED</type></wpt>
<wpt lat="-15.827698" lon="-48.010803"><name>Radar</name><desc>Fonte: DETRAN-DF</desc><type>FIXED</type></wpt>
<wpt lat="-15.827698" lon="-47.934875"><name>Radar</name><desc>Fonte: DETRAN-DF</desc><type>FIXED</type></wpt>
<wpt lat="-15.827698" lon="-47.924316"><name>Radar</name><desc>Fonte: DETRAN-DF</desc><type>FIXED</type></wpt>
<wpt lat="-15.827698" lon="-47.915710"><name>Radar 80 km/h</name><desc>Fonte: DETRAN-DF</desc><type>FIXED</type></wpt>
<wpt lat="-15.827669" lon="-48.031184"><name>Radar 80 km/h</name><desc>Fonte: OSM</desc><type>FIXED</type></wpt>
<wpt lat="-15.827576" lon="-48.103699"><name>Radar 50 km/h</name><desc>Fonte: DETRAN-DF</desc><type>FIXED</type></wpt>
<wpt lat="-15.827576" lon="-48.062683"><name>Radar 60 km/h</name><desc>Fonte: DETRAN-DF</desc><type>FIXED</type></wpt>
<wpt lat="-15.827576" lon="-48.055908"><name>Radar</name><desc>Fonte: DETRAN-DF</desc><type>FIXED</type></wpt>
<wpt lat="-15.827576" lon="-48.055298"><name>Radar</name><desc>Fonte: DETRAN-DF</desc><type>FIXED</type></wpt>
<wpt lat="-15.827576" lon="-48.031006"><name>Radar 80 km/h</name><desc>Fonte: DETRAN-DF</desc><type>FIXED</type></wpt>
<wpt lat="-15.827576" lon="-47.919800"><name>Radar</name><desc>Fonte: DETRAN-DF</desc><type>FIXED</type></wpt>
<wpt lat="-15.827087" lon="-48.097290"><name>Radar 50 km/h</name><desc>Fonte: DETRAN-DF</desc><type>FIXED</type></wpt>
<wpt lat="-15.827087" lon="-47.920105"><name>Radar</name><desc>Fonte: DETRAN-DF</desc><type>FIXED</type></wpt>
<wpt lat="-15.827087" lon="-47.909302"><name>Radar</name><desc>Fonte: DETRAN-DF</desc><type>FIXED</type></wpt>
<wpt lat="-15.827026" lon="-47.974792"><name>Radar 50 km/h</name><desc>Fonte: DETRAN-DF</desc><type>FIXED</type></wpt>
<wpt lat="-15.827026" lon="-47.950806"><name>Radar 80 km/h</name><desc>Fonte: DETRAN-DF</desc><type>FIXED</type></wpt>
<wpt lat="-15.826904" lon="-48.056702"><name>Radar</name><desc>Fonte: DETRAN-DF</desc><type>FIXED</type></wpt>
<wpt lat="-15.826782" lon="-48.054199"><name>Radar 60 km/h</name><desc>Fonte: DETRAN-DF</desc><type>FIXED</type></wpt>
<wpt lat="-15.826782" lon="-47.917175"><name>Radar</name><desc>Fonte: DETRAN-DF</desc><type>FIXED</type></wpt>
<wpt lat="-15.826721" lon="-48.055603"><name>Radar</name><desc>Fonte: DETRAN-DF</desc><type>FIXED</type></wpt>
<wpt lat="-15.826721" lon="-47.926086"><name>Radar 60 km/h</name><desc>Fonte: DETRAN-DF</desc><type>FIXED</type></wpt>
<wpt lat="-15.826605" lon="-47.913043"><name>Radar 60 km/h</name><desc>Fonte: OSM</desc><type>FIXED</type></wpt>
<wpt lat="-15.826599" lon="-47.927612"><name>Radar</name><desc>Fonte: DETRAN-DF</desc><type>FIXED</type></wpt>
<wpt lat="-15.826599" lon="-47.918030"><name>Radar</name><desc>Fonte: DETRAN-DF</desc><type>FIXED</type></wpt>
<wpt lat="-15.826599" lon="-47.913025"><name>Radar 60 km/h</name><desc>Fonte: DETRAN-DF</desc><type>FIXED</type></wpt>
<wpt lat="-15.826477" lon="-48.054077"><name>Radar 60 km/h</name><desc>Fonte: DETRAN-DF</desc><type>FIXED</type></wpt>
<wpt lat="-15.826477" lon="-47.920410"><name>Radar</name><desc>Fonte: DETRAN-DF</desc><type>FIXED</type></wpt>
<wpt lat="-15.826477" lon="-47.917908"><name>Radar</name><desc>Fonte: DETRAN-DF</desc><type>FIXED</type></wpt>
<wpt lat="-15.826477" lon="-47.917480"><name>Radar</name><desc>Fonte: DETRAN-DF</desc><type>FIXED</type></wpt>
<wpt lat="-15.826477" lon="-47.909180"><name>Radar</name><desc>Fonte: DETRAN-DF</desc><type>FIXED</type></wpt>
<wpt lat="-15.826477" lon="-47.874329"><name>Radar 50 km/h</name><desc>Fonte: DETRAN-DF</desc><type>FIXED</type></wpt>
<wpt lat="-15.826416" lon="-47.992798"><name>Radar</name><desc>Fonte: DETRAN-DF</desc><type>FIXED</type></wpt>
<wpt lat="-15.826416" lon="-47.921387"><name>Radar</name><desc>Fonte: DETRAN-DF</desc><type>FIXED</type></wpt>
<wpt lat="-15.826313" lon="-48.054099"><name>Radar 60 km/h</name><desc>Fonte: OSM</desc><type>FIXED</type></wpt>
<wpt lat="-15.826294" lon="-48.059509"><name>Radar 60 km/h</name><desc>Fonte: DETRAN-DF</desc><type>FIXED</type></wpt>
<wpt lat="-15.826294" lon="-48.008770"><name>Radar 60 km/h</name><desc>Fonte: OSM</desc><type>FIXED</type></wpt>
<wpt lat="-15.826255" lon="-48.054438"><name>Radar 60 km/h</name><desc>Fonte: OSM</desc><type>FIXED</type></wpt>
<wpt lat="-15.826155" lon="-48.009015"><name>Radar 60 km/h</name><desc>Fonte: OSM</desc><type>FIXED</type></wpt>
<wpt lat="-15.826111" lon="-48.067017"><name>Radar</name><desc>Fonte: DETRAN-DF</desc><type>FIXED</type></wpt>
<wpt lat="-15.826111" lon="-47.975708"><name>Radar 50 km/h</name><desc>Fonte: DETRAN-DF</desc><type>FIXED</type></wpt>
<wpt lat="-15.826111" lon="-47.951111"><name>Radar 80 km/h</name><desc>Fonte: DETRAN-DF</desc><type>FIXED</type></wpt>
<wpt lat="-15.826111" lon="-47.918213"><name>Radar</name><desc>Fonte: DETRAN-DF</desc><type>FIXED</type></wpt>
<wpt lat="-15.826111" lon="-47.913208"><name>Radar 80 km/h</name><desc>Fonte: DETRAN-DF</desc><type>FIXED</type></wpt>
<wpt lat="-15.825989" lon="-48.092896"><name>Radar 60 km/h</name><desc>Fonte: DETRAN-DF</desc><type>FIXED</type></wpt>
<wpt lat="-15.825989" lon="-47.909180"><name>Radar</name><desc>Fonte: DETRAN-DF</desc><type>FIXED</type></wpt>
<wpt lat="-15.825928" lon="-48.067200"><name>Radar</name><desc>Fonte: DETRAN-DF</desc><type>FIXED</type></wpt>
<wpt lat="-15.825806" lon="-48.065979"><name>Radar</name><desc>Fonte: DETRAN-DF</desc><type>FIXED</type></wpt>
<wpt lat="-15.825806" lon="-47.909302"><name>Radar</name><desc>Fonte: DETRAN-DF</desc><type>FIXED</type></wpt>
<wpt lat="-15.825623" lon="-48.027405"><name>Radar 60 km/h</name><desc>Fonte: DETRAN-DF</desc><type>FIXED</type></wpt>
<wpt lat="-15.825500" lon="-48.065430"><name>Radar</name><desc>Fonte: DETRAN-DF</desc><type>FIXED</type></wpt>
<wpt lat="-15.825500" lon="-47.921082"><name>Radar</name><desc>Fonte: DETRAN-DF</desc><type>FIXED</type></wpt>
<wpt lat="-15.825378" lon="-48.065002"><name>Radar</name><desc>Fonte: DETRAN-DF</desc><type>FIXED</type></wpt>
<wpt lat="-15.825378" lon="-47.980408"><name>Radar 60 km/h</name><desc>Fonte: DETRAN-DF</desc><type>FIXED</type></wpt>
<wpt lat="-15.825378" lon="-47.922180"><name>Radar</name><desc>Fonte: DETRAN-DF</desc><type>FIXED</type></wpt>
<wpt lat="-15.825378" lon="-47.909790"><name>Radar</name><desc>Fonte: DETRAN-DF</desc><type>FIXED</type></wpt>
<wpt lat="-15.825378" lon="-47.909607"><name>Radar</name><desc>Fonte: DETRAN-DF</desc><type>FIXED</type></wpt>
<wpt lat="-15.825317" lon="-47.910095"><name>Radar</name><desc>Fonte: DETRAN-DF</desc><type>FIXED</type></wpt>
<wpt lat="-15.825266" lon="-48.026682"><name>Radar 60 km/h</name><desc>Fonte: OSM</desc><type>FIXED</type></wpt>
<wpt lat="-15.825195" lon="-48.064514"><name>Radar</name><desc>Fonte: DETRAN-DF</desc><type>FIXED</type></wpt>
<wpt lat="-15.825195" lon="-48.027100"><name>Radar 80 km/h</name><desc>Fonte: DETRAN-DF</desc><type>FIXED</type></wpt>
<wpt lat="-15.825195" lon="-47.979797"><name>Radar 60 km/h</name><desc>Fonte: DETRAN-DF</desc><type>FIXED</type></wpt>
<wpt lat="-15.825195" lon="-47.926575"><name>Radar</name><desc>Fonte: DETRAN-DF</desc><type>FIXED</type></wpt>
<wpt lat="-15.825195" lon="-47.919128"><name>Radar</name><desc>Fonte: DETRAN-DF</desc><type>FIXED</type></wpt>
<wpt lat="-15.825012" lon="-48.119080"><name>Radar 60 km/h</name><desc>Fonte: DETRAN-DF</desc><type>FIXED</type></wpt>
<wpt lat="-15.825012" lon="-48.118713"><name>Radar 60 km/h</name><desc>Fonte: DETRAN-DF</desc><type>FIXED</type></wpt>
<wpt lat="-15.825012" lon="-48.113586"><name>Radar 60 km/h</name><desc>Fonte: DETRAN-DF</desc><type>FIXED</type></wpt>
<wpt lat="-15.825012" lon="-48.067505"><name>Radar</name><desc>Fonte: DETRAN-DF</desc><type>FIXED</type></wpt>
<wpt lat="-15.825012" lon="-48.063904"><name>Radar</name><desc>Fonte: DETRAN-DF</desc><type>FIXED</type></wpt>
<wpt lat="-15.825012" lon="-48.009277"><name>Radar 60 km/h</name><desc>Fonte: DETRAN-DF</desc><type>FIXED</type></wpt>
<wpt lat="-15.825012" lon="-47.921509"><name>Radar</name><desc>Fonte: DETRAN-DF</desc><type>FIXED</type></wpt>
<wpt lat="-15.825012" lon="-47.909790"><name>Radar</name><desc>Fonte: DETRAN-DF</desc><type>FIXED</type></wpt>
<wpt lat="-15.825012" lon="-47.909180"><name>Radar</name><desc>Fonte: DETRAN-DF</desc><type>FIXED</type></wpt>
<wpt lat="-15.824901" lon="-47.876723"><name>Radar 60 km/h</name><desc>Fonte: OSM</desc><type>FIXED</type></wpt>
<wpt lat="-15.824890" lon="-47.926086"><name>Radar</name><desc>Fonte: DETRAN-DF</desc><type>FIXED</type></wpt>
<wpt lat="-15.824890" lon="-47.914307"><name>Radar</name><desc>Fonte: DETRAN-DF</desc><type>FIXED</type></wpt>
<wpt lat="-15.824829" lon="-47.908875"><name>Radar</name><desc>Fonte: DETRAN-DF</desc><type>FIXED</type></wpt>
<wpt lat="-15.824707" lon="-48.119080"><name>Radar 60 km/h</name><desc>Fonte: DETRAN-DF</desc><type>FIXED</type></wpt>
<wpt lat="-15.824585" lon="-48.118713"><name>Radar 60 km/h</name><desc>Fonte: DETRAN-DF</desc><type>FIXED</type></wpt>
<wpt lat="-15.824524" lon="-48.026428"><name>Radar 80 km/h</name><desc>Fonte: DETRAN-DF</desc><type>FIXED</type></wpt>
<wpt lat="-15.824402" lon="-47.993408"><name>Radar</name><desc>Fonte: DETRAN-DF</desc><type>FIXED</type></wpt>
<wpt lat="-15.824189" lon="-48.026085"><name>Radar 80 km/h</name><desc>Fonte: OSM</desc><type>FIXED</type></wpt>
<wpt lat="-15.823975" lon="-47.919617"><name>Radar</name><desc>Fonte: DETRAN-DF</desc><type>FIXED</type></wpt>
<wpt lat="-15.823975" lon="-47.914978"><name>Radar</name><desc>Fonte: DETRAN-DF</desc><type>FIXED</type></wpt>
<wpt lat="-15.823914" lon="-47.913818"><name>Radar</name><desc>Fonte: DETRAN-DF</desc><type>FIXED</type></wpt>
<wpt lat="-15.823792" lon="-47.922119"><name>Radar 60 km/h</name><desc>Fonte: DETRAN-DF</desc><type>FIXED</type></wpt>
<wpt lat="-15.823792" lon="-47.915100"><name>Radar</name><desc>Fonte: DETRAN-DF</desc><type>FIXED</type></wpt>
<wpt lat="-15.823792" lon="-47.914795"><name>Radar</name><desc>Fonte: DETRAN-DF</desc><type>FIXED</type></wpt>
<wpt lat="-15.823792" lon="-47.914307"><name>Radar</name><desc>Fonte: DETRAN-DF</desc><type>FIXED</type></wpt>
<wpt lat="-15.823608" lon="-48.070007"><name>Radar</name><desc>Fonte: DETRAN-DF</desc><type>FIXED</type></wpt>
<wpt lat="-15.823608" lon="-47.934692"><name>Radar 60 km/h</name><desc>Fonte: DETRAN-DF</desc><type>FIXED</type></wpt>
<wpt lat="-15.823608" lon="-47.805603"><name>Radar 70 km/h</name><desc>Fonte: DETRAN-DF</desc><type>FIXED</type></wpt>
<wpt lat="-15.823425" lon="-47.993591"><name>Radar</name><desc>Fonte: DETRAN-DF</desc><type>FIXED</type></wpt>
<wpt lat="-15.823181" lon="-48.078796"><name>Radar</name><desc>Fonte: DETRAN-DF</desc><type>FIXED</type></wpt>
<wpt lat="-15.823181" lon="-48.010315"><name>Radar 60 km/h</name><desc>Fonte: DETRAN-DF</desc><type>FIXED</type></wpt>
<wpt lat="-15.823181" lon="-47.914795"><name>Radar</name><desc>Fonte: DETRAN-DF</desc><type>FIXED</type></wpt>
<wpt lat="-15.823181" lon="-47.884888"><name>Radar 80 km/h</name><desc>Fonte: DETRAN-DF</desc><type>FIXED</type></wpt>
<wpt lat="-15.823040" lon="-47.935095"><name>Radar 60 km/h</name><desc>Fonte: OSM</desc><type>FIXED</type></wpt>
<wpt lat="-15.822998" lon="-48.115112"><name>Radar 60 km/h</name><desc>Fonte: DETRAN-DF</desc><type>FIXED</type></wpt>
<wpt lat="-15.822998" lon="-48.101501"><name>Radar 50 km/h</name><desc>Fonte: DETRAN-DF</desc><type>FIXED</type></wpt>
<wpt lat="-15.822998" lon="-47.935425"><name>Radar 60 km/h</name><desc>Fonte: DETRAN-DF</desc><type>FIXED</type></wpt>
<wpt lat="-15.822905" lon="-48.010463"><name>Radar 60 km/h</name><desc>Fonte: OSM</desc><type>FIXED</type></wpt>
<wpt lat="-15.822876" lon="-48.101379"><name>Radar 50 km/h</name><desc>Fonte: DETRAN-DF</desc><type>FIXED</type></wpt>
<wpt lat="-15.822876" lon="-48.098999"><name>Radar 60 km/h</name><desc>Fonte: DETRAN-DF</desc><type>FIXED</type></wpt>
<wpt lat="-15.822693" lon="-48.114929"><name>Radar 60 km/h</name><desc>Fonte: DETRAN-DF</desc><type>FIXED</type></wpt>
<wpt lat="-15.822693" lon="-47.897400"><name>Radar 60 km/h</name><desc>Fonte: DETRAN-DF</desc><type>FIXED</type></wpt>
<wpt lat="-15.822510" lon="-48.077087"><name>Radar</name><desc>Fonte: DETRAN-DF</desc><type>FIXED</type></wpt>
<wpt lat="-15.822510" lon="-47.915100"><name>Radar</name><desc>Fonte: DETRAN-DF</desc><type>FIXED</type></wpt>
<wpt lat="-15.822510" lon="-47.912720"><name>Radar</name><desc>Fonte: DETRAN-DF</desc><type>FIXED</type></wpt>
<wpt lat="-15.822510" lon="-47.912109"><name>Radar</name><desc>Fonte: DETRAN-DF</desc><type>FIXED</type></wpt>
<wpt lat="-15.822510" lon="-47.909424"><name>Radar 60 km/h</name><desc>Fonte: DETRAN-DF</desc><type>FIXED</type></wpt>
<wpt lat="-15.822510" lon="-47.897522"><name>Radar 60 km/h</name><desc>Fonte: DETRAN-DF</desc><type>FIXED</type></wpt>
<wpt lat="-15.822418" lon="-48.022004"><name>Radar 60 km/h</name><desc>Fonte: OSM</desc><type>FIXED</type></wpt>
<wpt lat="-15.822388" lon="-48.070496"><name>Radar</name><desc>Fonte: DETRAN-DF</desc><type>FIXED</type></wpt>
<wpt lat="-15.822388" lon="-47.883179"><name>Radar</name><desc>Fonte: DETRAN-DF</desc><type>FIXED</type></wpt>
<wpt lat="-15.822336" lon="-47.909124"><name>Radar 60 km/h</name><desc>Fonte: OSM</desc><type>FIXED</type></wpt>
<wpt lat="-15.822327" lon="-48.021790"><name>Radar 60 km/h</name><desc>Fonte: DETRAN-DF</desc><type>FIXED</type></wpt>
<wpt lat="-15.822205" lon="-47.919922"><name>Radar 60 km/h</name><desc>Fonte: DETRAN-DF</desc><type>FIXED</type></wpt>
<wpt lat="-15.822083" lon="-47.994080"><name>Radar</name><desc>Fonte: DETRAN-DF</desc><type>FIXED</type></wpt>
<wpt lat="-15.821951" lon="-47.908838"><name>Radar 60 km/h</name><desc>Fonte: OSM</desc><type>FIXED</type></wpt>
<wpt lat="-15.821899" lon="-47.919189"><name>Radar 60 km/h</name><desc>Fonte: DETRAN-DF</desc><type>FIXED</type></wpt>
<wpt lat="-15.821899" lon="-47.884583"><name>Radar 80 km/h</name><desc>Fonte: DETRAN-DF</desc><type>FIXED</type></wpt>
<wpt lat="-15.821777" lon="-47.915405"><name>Radar</name><desc>Fonte: DETRAN-DF</desc><type>FIXED</type></wpt>
<wpt lat="-15.821716" lon="-48.107178"><name>Radar 60 km/h</name><desc>Fonte: DETRAN-DF</desc><type>FIXED</type></wpt>
<wpt lat="-15.821716" lon="-47.917175"><name>Radar</name><desc>Fonte: DETRAN-DF</desc><type>FIXED</type></wpt>
<wpt lat="-15.821716" lon="-47.908386"><name>Radar 60 km/h</name><desc>Fonte: DETRAN-DF</desc><type>FIXED</type></wpt>
<wpt lat="-15.821594" lon="-48.099182"><name>Radar 60 km/h</name><desc>Fonte: DETRAN-DF</desc><type>FIXED</type></wpt>
<wpt lat="-15.821478" lon="-48.020847"><name>Radar 80 km/h</name><desc>Fonte: OSM</desc><type>FIXED</type></wpt>
<wpt lat="-15.821411" lon="-47.913208"><name>Radar</name><desc>Fonte: DETRAN-DF</desc><type>FIXED</type></wpt>
<wpt lat="-15.821289" lon="-48.021179"><name>Radar 80 km/h</name><desc>Fonte: DETRAN-DF</desc><type>FIXED</type></wpt>
<wpt lat="-15.821289" lon="-48.020508"><name>Radar 80 km/h</name><desc>Fonte: DETRAN-DF</desc><type>FIXED</type></wpt>
<wpt lat="-15.821289" lon="-47.918701"><name>Radar 60 km/h</name><desc>Fonte: DETRAN-DF</desc><type>FIXED</type></wpt>
<wpt lat="-15.821289" lon="-47.916626"><name>Radar</name><desc>Fonte: DETRAN-DF</desc><type>FIXED</type></wpt>
<wpt lat="-15.821037" lon="-48.020760"><name>Radar 80 km/h</name><desc>Fonte: OSM</desc><type>FIXED</type></wpt>
<wpt lat="-15.820923" lon="-47.909180"><name>Radar</name><desc>Fonte: DETRAN-DF</desc><type>FIXED</type></wpt>
<wpt lat="-15.820679" lon="-48.115906"><name>Radar 60 km/h</name><desc>Fonte: DETRAN-DF</desc><type>FIXED</type></wpt>
<wpt lat="-15.820679" lon="-47.913818"><name>Radar</name><desc>Fonte: DETRAN-DF</desc><type>FIXED</type></wpt>
<wpt lat="-15.820679" lon="-47.912781"><name>Radar</name><desc>Fonte: DETRAN-DF</desc><type>FIXED</type></wpt>
<wpt lat="-15.820679" lon="-47.905701"><name>Radar 80 km/h</name><desc>Fonte: DETRAN-DF</desc><type>FIXED</type></wpt>
<wpt lat="-15.820618" lon="-47.995483"><name>Radar</name><desc>Fonte: DETRAN-DF</desc><type>FIXED</type></wpt>
<wpt lat="-15.820543" lon="-47.904474"><name>Radar 60 km/h</name><desc>Fonte: OSM</desc><type>FIXED</type></wpt>
<wpt lat="-15.820496" lon="-48.095093"><name>Radar 60 km/h</name><desc>Fonte: DETRAN-DF</desc><type>FIXED</type></wpt>
<wpt lat="-15.820496" lon="-47.909485"><name>Radar</name><desc>Fonte: DETRAN-DF</desc><type>FIXED</type></wpt>
<wpt lat="-15.820496" lon="-47.904480"><name>Radar 60 km/h</name><desc>Fonte: DETRAN-DF</desc><type>FIXED</type></wpt>
<wpt lat="-15.820474" lon="-47.904551"><name>Radar 60 km/h</name><desc>Fonte: OSM</desc><type>FIXED</type></wpt>
<wpt lat="-15.820312" lon="-47.904297"><name>Radar 60 km/h</name><desc>Fonte: DETRAN-DF</desc><type>FIXED</type></wpt>
<wpt lat="-15.820190" lon="-47.981812"><name>Radar 60 km/h</name><desc>Fonte: DETRAN-DF</desc><type>FIXED</type></wpt>
<wpt lat="-15.820190" lon="-47.981689"><name>Radar 60 km/h</name><desc>Fonte: DETRAN-DF</desc><type>FIXED</type></wpt>
<wpt lat="-15.820007" lon="-48.120911"><name>Radar 50 km/h</name><desc>Fonte: DETRAN-DF</desc><type>FIXED</type></wpt>
<wpt lat="-15.820007" lon="-48.056885"><name>Radar 60 km/h</name><desc>Fonte: DETRAN-DF</desc><type>FIXED</type></wpt>
<wpt lat="-15.820007" lon="-47.995911"><name>Radar</name><desc>Fonte: DETRAN-DF</desc><type>FIXED</type></wpt>
<wpt lat="-15.820007" lon="-47.950195"><name>Radar 80 km/h</name><desc>Fonte: DETRAN-DF</desc><type>FIXED</type></wpt>
<wpt lat="-15.819885" lon="-47.913086"><name>Radar</name><desc>Fonte: DETRAN-DF</desc><type>FIXED</type></wpt>
<wpt lat="-15.819824" lon="-48.019104"><name>Radar 60 km/h</name><desc>Fonte: DETRAN-DF</desc><type>FIXED</type></wpt>
<wpt lat="-15.819720" lon="-48.018924"><name>Radar 60 km/h</name><desc>Fonte: OSM</desc><type>FIXED</type></wpt>
<wpt lat="-15.819702" lon="-47.904602"><name>Radar 80 km/h</name><desc>Fonte: DETRAN-DF</desc><type>FIXED</type></wpt>
<wpt lat="-15.819580" lon="-48.108582"><name>Radar 60 km/h</name><desc>Fonte: DETRAN-DF</desc><type>FIXED</type></wpt>
<wpt lat="-15.819580" lon="-48.069275"><name>Radar</name><desc>Fonte: DETRAN-DF</desc><type>FIXED</type></wpt>
<wpt lat="-15.819519" lon="-48.085876"><name>Radar</name><desc>Fonte: DETRAN-DF</desc><type>FIXED</type></wpt>
<wpt lat="-15.819519" lon="-47.913513"><name>Radar</name><desc>Fonte: DETRAN-DF</desc><type>FIXED</type></wpt>
<wpt lat="-15.819519" lon="-47.909180"><name>Radar</name><desc>Fonte: DETRAN-DF</desc><type>FIXED</type></wpt>
<wpt lat="-15.819397" lon="-48.116699"><name>Radar 60 km/h</name><desc>Fonte: DETRAN-DF</desc><type>FIXED</type></wpt>
<wpt lat="-15.819275" lon="-48.085327"><name>Radar</name><desc>Fonte: DETRAN-DF</desc><type>FIXED</type></wpt>
<wpt lat="-15.819275" lon="-48.085022"><name>Radar</name><desc>Fonte: DETRAN-DF</desc><type>FIXED</type></wpt>
<wpt lat="-15.819275" lon="-47.832703"><name>Radar 60 km/h</name><desc>Fonte: DETRAN-DF</desc><type>FIXED</type></wpt>
<wpt lat="-15.819232" lon="-47.832774"><name>Radar 60 km/h</name><desc>Fonte: OSM</desc><type>FIXED</type></wpt>
<wpt lat="-15.819232" lon="-47.832628"><name>Radar 60 km/h</name><desc>Fonte: OSM</desc><type>FIXED</type></wpt>
<wpt lat="-15.819214" lon="-48.108276"><name>Radar 60 km/h</name><desc>Fonte: DETRAN-DF</desc><type>FIXED</type></wpt>
<wpt lat="-15.819214" lon="-48.068176"><name>Radar</name><desc>Fonte: DETRAN-DF</desc><type>FIXED</type></wpt>
<wpt lat="-15.819214" lon="-47.832703"><name>Radar 60 km/h</name><desc>Fonte: DETRAN-DF</desc><type>FIXED</type></wpt>
<wpt lat="-15.819182" lon="-48.016874"><name>Radar 80 km/h</name><desc>Fonte: OSM</desc><type>FIXED</type></wpt>
<wpt lat="-15.818909" lon="-48.084229"><name>Radar</name><desc>Fonte: DETRAN-DF</desc><type>FIXED</type></wpt>
<wpt lat="-15.818909" lon="-48.016602"><name>Radar 80 km/h</name><desc>Fonte: DETRAN-DF</desc><type>FIXED</type></wpt>
<wpt lat="-15.818909" lon="-47.997009"><name>Radar</name><desc>Fonte: DETRAN-DF</desc><type>FIXED</type></wpt>
<wpt lat="-15.818787" lon="-48.083313"><name>Radar</name><desc>Fonte: DETRAN-DF</desc><type>FIXED</type></wpt>
<wpt lat="-15.818726" lon="-48.121582"><name>Radar 50 km/h</name><desc>Fonte: DETRAN-DF</desc><type>FIXED</type></wpt>
<wpt lat="-15.818726" lon="-47.893311"><name>Radar</name><desc>Fonte: DETRAN-DF</desc><type>FIXED</type></wpt>
<wpt lat="-15.818604" lon="-48.077698"><name>Radar</name><desc>Fonte: DETRAN-DF</desc><type>FIXED</type></wpt>
<wpt lat="-15.818420" lon="-48.081909"><name>Radar 50 km/h</name><desc>Fonte: DETRAN-DF</desc><type>FIXED</type></wpt>
<wpt lat="-15.818420" lon="-47.880188"><name>Radar 50 km/h</name><desc>Fonte: DETRAN-DF</desc><type>FIXED</type></wpt>
<wpt lat="-15.818380" lon="-48.015807"><name>Radar 80 km/h</name><desc>Fonte: OSM</desc><type>FIXED</type></wpt>
<wpt lat="-15.818298" lon="-48.065613"><name>Radar 40 km/h</name><desc>Fonte: DETRAN-DF</desc><type>FIXED</type></wpt>
<wpt lat="-15.818298" lon="-48.015686"><name>Radar 80 km/h</name><desc>Fonte: DETRAN-DF</desc><type>FIXED</type></wpt>
<wpt lat="-15.818298" lon="-47.914612"><name>Radar 60 km/h</name><desc>Fonte: DETRAN-DF</desc><type>FIXED</type></wpt>
<wpt lat="-15.818298" lon="-47.910278"><name>Radar</name><desc>Fonte: DETRAN-DF</desc><type>FIXED</type></wpt>
<wpt lat="-15.818176" lon="-48.081787"><name>Radar</name><desc>Fonte: DETRAN-DF</desc><type>FIXED</type></wpt>
<wpt lat="-15.818176" lon="-47.911682"><name>Radar</name><desc>Fonte: DETRAN-DF</desc><type>FIXED</type></wpt>
<wpt lat="-15.817993" lon="-47.984680"><name>Radar</name><desc>Fonte: DETRAN-DF</desc><type>FIXED</type></wpt>
<wpt lat="-15.817993" lon="-47.913818"><name>Radar 60 km/h</name><desc>Fonte: DETRAN-DF</desc><type>FIXED</type></wpt>
<wpt lat="-15.817993" lon="-47.894714"><name>Radar</name><desc>Fonte: DETRAN-DF</desc><type>FIXED</type></wpt>
<wpt lat="-15.817993" lon="-47.805908"><name>Radar 70 km/h</name><desc>Fonte: DETRAN-DF</desc><type>FIXED</type></wpt>
<wpt lat="-15.817883" lon="-47.937001"><name>Radar 60 km/h</name><desc>Fonte: OSM</desc><type>FIXED</type></wpt>
<wpt lat="-15.817840" lon="-47.937205"><name>Radar 60 km/h</name><desc>Fonte: OSM</desc><type>FIXED</type></wpt>
<wpt lat="-15.817810" lon="-47.899902"><name>Radar</name><desc>Fonte: DETRAN-DF</desc><type>FIXED</type></wpt>
<wpt lat="-15.817688" lon="-48.015808"><name>Radar</name><desc>Fonte: DETRAN-DF</desc><type>FIXED</type></wpt>
<wpt lat="-15.817688" lon="-47.888611"><name>Radar</name><desc>Fonte: DETRAN-DF</desc><type>FIXED</type></wpt>
<wpt lat="-15.817627" lon="-47.893616"><name>Radar</name><desc>Fonte: DETRAN-DF</desc><type>FIXED</type></wpt>
<wpt lat="-15.817505" lon="-48.062500"><name>Radar 60 km/h</name><desc>Fonte: DETRAN-DF</desc><type>FIXED</type></wpt>
<wpt lat="-15.817505" lon="-47.908081"><name>Radar</name><desc>Fonte: DETRAN-DF</desc><type>FIXED</type></wpt>
<wpt lat="-15.817383" lon="-47.911011"><name>Radar</name><desc>Fonte: DETRAN-DF</desc><type>FIXED</type></wpt>
<wpt lat="-15.817200" lon="-47.949280"><name>Radar 80 km/h</name><desc>Fonte: DETRAN-DF</desc><type>FIXED</type></wpt>
<wpt lat="-15.817200" lon="-47.899475"><name>Radar</name><desc>Fonte: DETRAN-DF</desc><type>FIXED</type></wpt>
<wpt lat="-15.817200" lon="-47.897888"><name>Radar</name><desc>Fonte: DETRAN-DF</desc><type>FIXED</type></wpt>
<wpt lat="-15.817200" lon="-47.888184"><name>Radar</name><desc>Fonte: DETRAN-DF</desc><type>FIXED</type></wpt>
<wpt lat="-15.816895" lon="-48.057983"><name>Radar 60 km/h</name><desc>Fonte: DETRAN-DF</desc><type>FIXED</type></wpt>
<wpt lat="-15.816895" lon="-48.015808"><name>Radar</name><desc>Fonte: DETRAN-DF</desc><type>FIXED</type></wpt>
<wpt lat="-15.816895" lon="-47.998291"><name>Radar</name><desc>Fonte: DETRAN-DF</desc><type>FIXED</type></wpt>
<wpt lat="-15.816895" lon="-47.998230"><name>Radar</name><desc>Fonte: DETRAN-DF</desc><type>FIXED</type></wpt>
<wpt lat="-15.816895" lon="-47.985107"><name>Radar</name><desc>Fonte: DETRAN-DF</desc><type>FIXED</type></wpt>
<wpt lat="-15.816895" lon="-47.893005"><name>Radar</name><desc>Fonte: DETRAN-DF</desc><type>FIXED</type></wpt>
<wpt lat="-15.816776" lon="-47.835954"><name>Radar 60 km/h</name><desc>Fonte: OSM</desc><type>FIXED</type></wpt>
<wpt lat="-15.816711" lon="-47.908691"><name>Radar</name><desc>Fonte: DETRAN-DF</desc><type>FIXED</type></wpt>
<wpt lat="-15.816711" lon="-47.908508"><name>Radar</name><desc>Fonte: DETRAN-DF</desc><type>FIXED</type></wpt>
<wpt lat="-15.816711" lon="-47.898804"><name>Radar</name><desc>Fonte: DETRAN-DF</desc><type>FIXED</type></wpt>
<wpt lat="-15.816711" lon="-47.893127"><name>Radar</name><desc>Fonte: DETRAN-DF</desc><type>FIXED</type></wpt>
<wpt lat="-15.816711" lon="-47.892212"><name>Radar</name><desc>Fonte: DETRAN-DF</desc><type>FIXED</type></wpt>
<wpt lat="-15.816711" lon="-47.836121"><name>Radar 60 km/h</name><desc>Fonte: DETRAN-DF</desc><type>FIXED</type></wpt>
<wpt lat="-15.816547" lon="-48.009988"><name>Radar 80 km/h</name><desc>Fonte: OSM</desc><type>FIXED</type></wpt>
<wpt lat="-15.816528" lon="-48.009888"><name>Radar 80 km/h</name><desc>Fonte: DETRAN-DF</desc><type>FIXED</type></wpt>
<wpt lat="-15.816528" lon="-47.904602"><name>Radar</name><desc>Fonte: DETRAN-DF</desc><type>FIXED</type></wpt>
<wpt lat="-15.816406" lon="-47.985291"><name>Radar</name><desc>Fonte: DETRAN-DF</desc><type>FIXED</type></wpt>
<wpt lat="-15.816406" lon="-47.949585"><name>Radar 80 km/h</name><desc>Fonte: DETRAN-DF</desc><type>FIXED</type></wpt>
<wpt lat="-15.816406" lon="-47.903687"><name>Radar</name><desc>Fonte: DETRAN-DF</desc><type>FIXED</type></wpt>
<wpt lat="-15.816284" lon="-47.908508"><name>Radar</name><desc>Fonte: DETRAN-DF</desc><type>FIXED</type></wpt>
<wpt lat="-15.816284" lon="-47.907898"><name>Radar</name><desc>Fonte: DETRAN-DF</desc><type>FIXED</type></wpt>
<wpt lat="-15.816284" lon="-47.891907"><name>Radar</name><desc>Fonte: DETRAN-DF</desc><type>FIXED</type></wpt>
<wpt lat="-15.816101" lon="-48.101990"><name>Radar 60 km/h</name><desc>Fonte: DETRAN-DF</desc><type>FIXED</type></wpt>
<wpt lat="-15.816101" lon="-48.101624"><name>Radar 60 km/h</name><desc>Fonte: DETRAN-DF</desc><type>FIXED</type></wpt>
<wpt lat="-15.815979" lon="-47.981812"><name>Radar</name><desc>Fonte: DETRAN-DF</desc><type>FIXED</type></wpt>
<wpt lat="-15.815900" lon="-48.009795"><name>Radar 60 km/h</name><desc>Fonte: OSM</desc><type>FIXED</type></wpt>
<wpt lat="-15.815796" lon="-48.007202"><name>Radar 60 km/h</name><desc>Fonte: DETRAN-DF</desc><type>FIXED</type></wpt>
<wpt lat="-15.815775" lon="-48.007674"><name>Radar 80 km/h</name><desc>Fonte: OSM</desc><type>FIXED</type></wpt>
<wpt lat="-15.815613" lon="-48.101990"><name>Radar 60 km/h</name><desc>Fonte: DETRAN-DF</desc><type>FIXED</type></wpt>
<wpt lat="-15.815613" lon="-48.101685"><name>Radar 60 km/h</name><desc>Fonte: DETRAN-DF</desc><type>FIXED</type></wpt>
<wpt lat="-15.815613" lon="-48.008301"><name>Radar 80 km/h</name><desc>Fonte: DETRAN-DF</desc><type>FIXED</type></wpt>
<wpt lat="-15.815491" lon="-47.979309"><name>Radar 60 km/h</name><desc>Fonte: DETRAN-DF</desc><type>FIXED</type></wpt>
<wpt lat="-15.815456" lon="-48.006072"><name>Radar 60 km/h</name><desc>Fonte: OSM</desc><type>FIXED</type></wpt>
<wpt lat="-15.815441" lon="-48.007820"><name>Radar 80 km/h</name><desc>Fonte: OSM</desc><type>FIXED</type></wpt>
<wpt lat="-15.815308" lon="-47.985413"><name>Radar</name><desc>Fonte: DETRAN-DF</desc><type>FIXED</type></wpt>
<wpt lat="-15.815308" lon="-47.979980"><name>Radar</name><desc>Fonte: DETRAN-DF</desc><type>FIXED</type></wpt>
<wpt lat="-15.815308" lon="-47.979309"><name>Radar 60 km/h</name><desc>Fonte: DETRAN-DF</desc><type>FIXED</type></wpt>
<wpt lat="-15.815308" lon="-47.937500"><name>Radar 60 km/h</name><desc>Fonte: DETRAN-DF</desc><type>FIXED</type></wpt>
<wpt lat="-15.815308" lon="-47.899475"><name>Radar 60 km/h</name><desc>Fonte: DETRAN-DF</desc><type>FIXED</type></wpt>
<wpt lat="-15.815186" lon="-48.017822"><name>Radar</name><desc>Fonte: DETRAN-DF</desc><type>FIXED</type></wpt>
<wpt lat="-15.815186" lon="-48.006104"><name>Radar 80 km/h</name><desc>Fonte: DETRAN-DF</desc><type>FIXED</type></wpt>
<wpt lat="-15.815186" lon="-47.985779"><name>Radar</name><desc>Fonte: DETRAN-DF</desc><type>FIXED</type></wpt>
<wpt lat="-15.815125" lon="-47.805908"><name>Radar 70 km/h</name><desc>Fonte: DETRAN-DF</desc><type>FIXED</type></wpt>
<wpt lat="-15.815002" lon="-47.979919"><name>Radar</name><desc>Fonte: DETRAN-DF</desc><type>FIXED</type></wpt>
<wpt lat="-15.815002" lon="-47.901001"><name>Radar</name><desc>Fonte: DETRAN-DF</desc><type>FIXED</type></wpt>
<wpt lat="-15.814880" lon="-47.985291"><name>Radar</name><desc>Fonte: DETRAN-DF</desc><type>FIXED</type></wpt>
<wpt lat="-15.814880" lon="-47.897888"><name>Radar 80 km/h</name><desc>Fonte: DETRAN-DF</desc><type>FIXED</type></wpt>
<wpt lat="-15.814819" lon="-47.901917"><name>Radar</name><desc>Fonte: DETRAN-DF</desc><type>FIXED</type></wpt>
<wpt lat="-15.814697" lon="-47.937500"><name>Radar 60 km/h</name><desc>Fonte: DETRAN-DF</desc><type>FIXED</type></wpt>
<wpt lat="-15.814697" lon="-47.898010"><name>Radar 80 km/h</name><desc>Fonte: DETRAN-DF</desc><type>FIXED</type></wpt>
<wpt lat="-15.814697" lon="-47.870117"><name>Radar 80 km/h</name><desc>Fonte: DETRAN-DF</desc><type>FIXED</type></wpt>
<wpt lat="-15.814697" lon="-47.793518"><name>Radar 80 km/h</name><desc>Fonte: DETRAN-DF</desc><type>FIXED</type></wpt>
<wpt lat="-15.814575" lon="-48.088501"><name>Radar 50 km/h</name><desc>Fonte: DETRAN-DF</desc><type>FIXED</type></wpt>
<wpt lat="-15.814575" lon="-47.983826"><name>Radar</name><desc>Fonte: DETRAN-DF</desc><type>FIXED</type></wpt>
<wpt lat="-15.814575" lon="-47.901001"><name>Radar</name><desc>Fonte: DETRAN-DF</desc><type>FIXED</type></wpt>
<wpt lat="-15.814575" lon="-47.881409"><name>Radar 60 km/h</name><desc>Fonte: DETRAN-DF</desc><type>FIXED</type></wpt>
<wpt lat="-15.814575" lon="-47.870483"><name>Radar 60 km/h</name><desc>Fonte: DETRAN-DF</desc><type>FIXED</type></wpt>
<wpt lat="-15.814514" lon="-47.909180"><name>Radar 60 km/h</name><desc>Fonte: DETRAN-DF</desc><type>FIXED</type></wpt>
<wpt lat="-15.814209" lon="-48.118408"><name>Radar 60 km/h</name><desc>Fonte: DETRAN-DF</desc><type>FIXED</type></wpt>
<wpt lat="-15.814209" lon="-47.977783"><name>Radar</name><desc>Fonte: DETRAN-DF</desc><type>FIXED</type></wpt>
<wpt lat="-15.814209" lon="-47.902283"><name>Radar</name><desc>Fonte: DETRAN-DF</desc><type>FIXED</type></wpt>
<wpt lat="-15.814087" lon="-48.118713"><name>Radar 60 km/h</name><desc>Fonte: DETRAN-DF</desc><type>FIXED</type></wpt>
<wpt lat="-15.814087" lon="-48.071777"><name>Radar</name><desc>Fonte: DETRAN-DF</desc><type>FIXED</type></wpt>
<wpt lat="-15.814087" lon="-47.898010"><name>Radar 60 km/h</name><desc>Fonte: DETRAN-DF</desc><type>FIXED</type></wpt>
<wpt lat="-15.814026" lon="-47.887024"><name>Radar</name><desc>Fonte: DETRAN-DF</desc><type>FIXED</type></wpt>
<wpt lat="-15.813904" lon="-47.900879"><name>Radar</name><desc>Fonte: DETRAN-DF</desc><type>FIXED</type></wpt>
<wpt lat="-15.813782" lon="-48.003784"><name>Radar 60 km/h</name><desc>Fonte: DETRAN-DF</desc><type>FIXED</type></wpt>
<wpt lat="-15.813782" lon="-47.985779"><name>Radar</name><desc>Fonte: DETRAN-DF</desc><type>FIXED</type></wpt>
<wpt lat="-15.813782" lon="-47.983276"><name>Radar</name><desc>Fonte: DETRAN-DF</desc><type>FIXED</type></wpt>
<wpt lat="-15.813782" lon="-47.980286"><name>Radar</name><desc>Fonte: DETRAN-DF</desc><type>FIXED</type></wpt>
<wpt lat="-15.813782" lon="-47.907898"><name>Radar 60 km/h</name><desc>Fonte: DETRAN-DF</desc><type>FIXED</type></wpt>
<wpt lat="-15.813782" lon="-47.902710"><name>Radar</name><desc>Fonte: DETRAN-DF</desc><type>FIXED</type></wpt>
<wpt lat="-15.813782" lon="-47.888428"><name>Radar</name><desc>Fonte: DETRAN-DF</desc><type>FIXED</type></wpt>
<wpt lat="-15.813724" lon="-48.003690"><name>Radar 60 km/h</name><desc>Fonte: OSM</desc><type>FIXED</type></wpt>
<wpt lat="-15.813721" lon="-47.986389"><name>Radar</name><desc>Fonte: DETRAN-DF</desc><type>FIXED</type></wpt>
<wpt lat="-15.813721" lon="-47.986084"><name>Radar</name><desc>Fonte: DETRAN-DF</desc><type>FIXED</type></wpt>
<wpt lat="-15.813721" lon="-47.887207"><name>Radar 60 km/h</name><desc>Fonte: DETRAN-DF</desc><type>FIXED</type></wpt>
<wpt lat="-15.813599" lon="-47.889709"><name>Radar</name><desc>Fonte: DETRAN-DF</desc><type>FIXED</type></wpt>
<wpt lat="-15.813550" lon="-48.002641"><name>Radar 80 km/h</name><desc>Fonte: OSM</desc><type>FIXED</type></wpt>
<wpt lat="-15.813477" lon="-48.002380"><name>Radar 80 km/h</name><desc>Fonte: DETRAN-DF</desc><type>FIXED</type></wpt>
<wpt lat="-15.813477" lon="-47.887207"><name>Radar 60 km/h</name><desc>Fonte: DETRAN-DF</desc><type>FIXED</type></wpt>
<wpt lat="-15.813416" lon="-47.926208"><name>Radar</name><desc>Fonte: DETRAN-DF</desc><type>FIXED</type></wpt>
<wpt lat="-15.813416" lon="-47.889282"><name>Radar</name><desc>Fonte: DETRAN-DF</desc><type>FIXED</type></wpt>
<wpt lat="-15.813293" lon="-47.903076"><name>Radar</name><desc>Fonte: DETRAN-DF</desc><type>FIXED</type></wpt>
<wpt lat="-15.813293" lon="-47.888977"><name>Radar</name><desc>Fonte: DETRAN-DF</desc><type>FIXED</type></wpt>
<wpt lat="-15.813293" lon="-47.886292"><name>Radar</name><desc>Fonte: DETRAN-DF</desc><type>FIXED</type></wpt>
<wpt lat="-15.813110" lon="-47.922119"><name>Radar</name><desc>Fonte: DETRAN-DF</desc><type>FIXED</type></wpt>
<wpt lat="-15.813110" lon="-47.907288"><name>Radar 60 km/h</name><desc>Fonte: DETRAN-DF</desc><type>FIXED</type></wpt>
<wpt lat="-15.813110" lon="-47.902405"><name>Radar</name><desc>Fonte: DETRAN-DF</desc><type>FIXED</type></wpt>
<wpt lat="-15.812988" lon="-48.058594"><name>Radar 60 km/h</name><desc>Fonte: DETRAN-DF</desc><type>FIXED</type></wpt>
<wpt lat="-15.812988" lon="-47.981689"><name>Radar</name><desc>Fonte: DETRAN-DF</desc><type>FIXED</type></wpt>
<wpt lat="-15.812988" lon="-47.889282"><name>Radar</name><desc>Fonte: DETRAN-DF</desc><type>FIXED</type></wpt>
<wpt lat="-15.812927" lon="-48.103699"><name>Radar 60 km/h</name><desc>Fonte: DETRAN-DF</desc><type>FIXED</type></wpt>
<wpt lat="-15.812927" lon="-48.072205"><name>Radar</name><desc>Fonte: DETRAN-DF</desc><type>FIXED</type></wpt>
<wpt lat="-15.812927" lon="-47.988708"><name>Radar</name><desc>Fonte: DETRAN-DF</desc><type>FIXED</type></wpt>
<wpt lat="-15.812805" lon="-47.980713"><name>Radar</name><desc>Fonte: DETRAN-DF</desc><type>FIXED</type></wpt>
<wpt lat="-15.812692" lon="-47.999345"><name>Radar 80 km/h</name><desc>Fonte: OSM</desc><type>FIXED</type></wpt>
<wpt lat="-15.812683" lon="-48.112000"><name>Radar 50 km/h</name><desc>Fonte: DETRAN-DF</desc><type>FIXED</type></wpt>
<wpt lat="-15.812683" lon="-48.107300"><name>Radar 60 km/h</name><desc>Fonte: DETRAN-DF</desc><type>FIXED</type></wpt>
<wpt lat="-15.812683" lon="-48.107117"><name>Radar 60 km/h</name><desc>Fonte: DETRAN-DF</desc><type>FIXED</type></wpt>
<wpt lat="-15.812683" lon="-48.089417"><name>Radar 50 km/h</name><desc>Fonte: DETRAN-DF</desc><type>FIXED</type></wpt>
<wpt lat="-15.812683" lon="-47.988892"><name>Radar</name><desc>Fonte: DETRAN-DF</desc><type>FIXED</type></wpt>
<wpt lat="-15.812683" lon="-47.885803"><name>Radar</name><desc>Fonte: DETRAN-DF</desc><type>FIXED</type></wpt>
<wpt lat="-15.812676" lon="-48.058675"><name>Radar</name><desc>Fonte: OSM</desc><type>FIXED</type></wpt>
<wpt lat="-15.812622" lon="-47.999084"><name>Radar 80 km/h</name><desc>Fonte: DETRAN-DF</desc><type>FIXED</type></wpt>
<wpt lat="-15.812500" lon="-48.104187"><name>Radar 60 km/h</name><desc>Fonte: DETRAN-DF</desc><type>FIXED</type></wpt>
<wpt lat="-15.812500" lon="-47.998291"><name>Radar 60 km/h</name><desc>Fonte: DETRAN-DF</desc><type>FIXED</type></wpt>
<wpt lat="-15.812500" lon="-47.983276"><name>Radar 60 km/h</name><desc>Fonte: DETRAN-DF</desc><type>FIXED</type></wpt>
<wpt lat="-15.812500" lon="-47.906494"><name>Radar 60 km/h</name><desc>Fonte: DETRAN-DF</desc><type>FIXED</type></wpt>
<wpt lat="-15.812369" lon="-47.997872"><name>Radar 60 km/h</name><desc>Fonte: OSM</desc><type>FIXED</type></wpt>
<wpt lat="-15.812323" lon="-47.982598"><name>Radar 80 km/h</name><desc>Fonte: OSM</desc><type>FIXED</type></wpt>
<wpt lat="-15.812317" lon="-47.982178"><name>Radar 80 km/h</name><desc>Fonte: DETRAN-DF</desc><type>FIXED</type></wpt>
<wpt lat="-15.812195" lon="-48.072388"><name>Radar</name><desc>Fonte: DETRAN-DF</desc><type>FIXED</type></wpt>
<wpt lat="-15.812195" lon="-47.894104"><name>Radar 60 km/h</name><desc>Fonte: DETRAN-DF</desc><type>FIXED</type></wpt>
<wpt lat="-15.812195" lon="-47.888123"><name>Radar</name><desc>Fonte: DETRAN-DF</desc><type>FIXED</type></wpt>
<wpt lat="-15.812012" lon="-47.999023"><name>Radar 60 km/h</name><desc>Fonte: DETRAN-DF</desc><type>FIXED</type></wpt>
<wpt lat="-15.812012" lon="-47.981689"><name>Radar 80 km/h</name><desc>Fonte: DETRAN-DF</desc><type>FIXED</type></wpt>
<wpt lat="-15.812012" lon="-47.903809"><name>Radar</name><desc>Fonte: DETRAN-DF</desc><type>FIXED</type></wpt>
<wpt lat="-15.812012" lon="-47.898499"><name>Radar</name><desc>Fonte: DETRAN-DF</desc><type>FIXED</type></wpt>
<wpt lat="-15.812012" lon="-47.898010"><name>Radar</name><desc>Fonte: DETRAN-DF</desc><type>FIXED</type></wpt>
<wpt lat="-15.812012" lon="-47.887085"><name>Radar</name><desc>Fonte: DETRAN-DF</desc><type>FIXED</type></wpt>
<wpt lat="-15.811996" lon="-47.998943"><name>Radar 60 km/h</name><desc>Fonte: OSM</desc><type>FIXED</type></wpt>
<wpt lat="-15.811890" lon="-47.888794"><name>Radar</name><desc>Fonte: DETRAN-DF</desc><type>FIXED</type></wpt>
<wpt lat="-15.811707" lon="-47.989502"><name>Radar 60 km/h</name><desc>Fonte: DETRAN-DF</desc><type>FIXED</type></wpt>
<wpt lat="-15.811707" lon="-47.916687"><name>Radar</name><desc>Fonte: DETRAN-DF</desc><type>FIXED</type></wpt>
<wpt lat="-15.811707" lon="-47.903320"><name>Radar</name><desc>Fonte: DETRAN-DF</desc><type>FIXED</type></wpt>
<wpt lat="-15.811707" lon="-47.903076"><name>Radar</name><desc>Fonte: DETRAN-DF</desc><type>FIXED</type></wpt>
<wpt lat="-15.811584" lon="-47.948425"><name>Radar 80 km/h</name><desc>Fonte: DETRAN-DF</desc><type>FIXED</type></wpt>
<wpt lat="-15.811584" lon="-47.899109"><name>Radar</name><desc>Fonte: DETRAN-DF</desc><type>FIXED</type></wpt>
<wpt lat="-15.811523" lon="-48.018311"><name>Radar</name><desc>Fonte: DETRAN-DF</desc><type>FIXED</type></wpt>
<wpt lat="-15.811523" lon="-47.893494"><name>Radar 60 km/h</name><desc>Fonte: DETRAN-DF</desc><type>FIXED</type></wpt>
<wpt lat="-15.811523" lon="-47.888306"><name>Radar</name><desc>Fonte: DETRAN-DF</desc><type>FIXED</type></wpt>
<wpt lat="-15.811401" lon="-48.124207"><name>Radar 60 km/h</name><desc>Fonte: DETRAN-DF</desc><type>FIXED</type></wpt>
<wpt lat="-15.811401" lon="-48.092590"><name>Radar 60 km/h</name><desc>Fonte: DETRAN-DF</desc><type>FIXED</type></wpt>
<wpt lat="-15.811401" lon="-47.988220"><name>Radar 80 km/h</name><desc>Fonte: DETRAN-DF</desc><type>FIXED</type></wpt>
<wpt lat="-15.811401" lon="-47.905090"><name>Radar 60 km/h</name><desc>Fonte: DETRAN-DF</desc><type>FIXED</type></wpt>
<wpt lat="-15.811401" lon="-47.890686"><name>Radar</name><desc>Fonte: DETRAN-DF</desc><type>FIXED</type></wpt>
<wpt lat="-15.811401" lon="-47.887695"><name>Radar</name><desc>Fonte: DETRAN-DF</desc><type>FIXED</type></wpt>
<wpt lat="-15.811301" lon="-47.991831"><name>Radar 80 km/h</name><desc>Fonte: OSM</desc><type>FIXED</type></wpt>
<wpt lat="-15.811299" lon="-47.995540"><name>Radar 80 km/h</name><desc>Fonte: OSM</desc><type>FIXED</type></wpt>
<wpt lat="-15.811279" lon="-47.995483"><name>Radar 80 km/h</name><desc>Fonte: DETRAN-DF</desc><type>FIXED</type></wpt>
<wpt lat="-15.811279" lon="-47.991699"><name>Radar 80 km/h</name><desc>Fonte: DETRAN-DF</desc><type>FIXED</type></wpt>
<wpt lat="-15.811279" lon="-47.890686"><name>Radar</name><desc>Fonte: DETRAN-DF</desc><type>FIXED</type></wpt>
<wpt lat="-15.811279" lon="-47.889404"><name>Radar</name><desc>Fonte: DETRAN-DF</desc><type>FIXED</type></wpt>
<wpt lat="-15.811279" lon="-47.886292"><name>Radar</name><desc>Fonte: DETRAN-DF</desc><type>FIXED</type></wpt>
<wpt lat="-15.811218" lon="-48.113098"><name>Radar 50 km/h</name><desc>Fonte: DETRAN-DF</desc><type>FIXED</type></wpt>
<wpt lat="-15.811218" lon="-48.099609"><name>Radar 60 km/h</name><desc>Fonte: DETRAN-DF</desc><type>FIXED</type></wpt>
<wpt lat="-15.811218" lon="-47.996277"><name>Radar 80 km/h</name><desc>Fonte: DETRAN-DF</desc><type>FIXED</type></wpt>
<wpt lat="-15.811218" lon="-47.890015"><name>Radar</name><desc>Fonte: DETRAN-DF</desc><type>FIXED</type></wpt>
<wpt lat="-15.811096" lon="-47.996399"><name>Radar 60 km/h</name><desc>Fonte: DETRAN-DF</desc><type>FIXED</type></wpt>
<wpt lat="-15.810969" lon="-47.995612"><name>Radar 80 km/h</name><desc>Fonte: OSM</desc><type>FIXED</type></wpt>
<wpt lat="-15.810913" lon="-47.991882"><name>Radar 80 km/h</name><desc>Fonte: DETRAN-DF</desc><type>FIXED</type></wpt>
<wpt lat="-15.810913" lon="-47.978516"><name>Radar 60 km/h</name><desc>Fonte: DETRAN-DF</desc><type>FIXED</type></wpt>
<wpt lat="-15.810913" lon="-47.940002"><name>Radar 60 km/h</name><desc>Fonte: DETRAN-DF</desc><type>FIXED</type></wpt>
<wpt lat="-15.810913" lon="-47.896301"><name>Radar</name><desc>Fonte: DETRAN-DF</desc><type>FIXED</type></wpt>
<wpt lat="-15.810913" lon="-47.893799"><name>Radar 80 km/h</name><desc>Fonte: DETRAN-DF</desc><type>FIXED</type></wpt>
<wpt lat="-15.810911" lon="-47.940838"><name>Radar 60 km/h</name><desc>Fonte: OSM</desc><type>FIXED</type></wpt>
<wpt lat="-15.810809" lon="-47.995599"><name>Radar 60 km/h</name><desc>Fonte: OSM</desc><type>FIXED</type></wpt>
<wpt lat="-15.810791" lon="-48.100098"><name>Radar</name><desc>Fonte: DETRAN-DF</desc><type>FIXED</type></wpt>
<wpt lat="-15.810791" lon="-48.019287"><name>Radar</name><desc>Fonte: DETRAN-DF</desc><type>FIXED</type></wpt>
<wpt lat="-15.810791" lon="-47.940430"><name>Radar 60 km/h</name><desc>Fonte: DETRAN-DF</desc><type>FIXED</type></wpt>
<wpt lat="-15.810791" lon="-47.900696"><name>Radar</name><desc>Fonte: DETRAN-DF</desc><type>FIXED</type></wpt>
<wpt lat="-15.810791" lon="-47.891113"><name>Radar</name><desc>Fonte: DETRAN-DF</desc><type>FIXED</type></wpt>
<wpt lat="-15.810791" lon="-47.887085"><name>Radar</name><desc>Fonte: DETRAN-DF</desc><type>FIXED</type></wpt>
<wpt lat="-15.810791" lon="-47.886719"><name>Radar</name><desc>Fonte: DETRAN-DF</desc><type>FIXED</type></wpt>
<wpt lat="-15.810730" lon="-48.012024"><name>Radar</name><desc>Fonte: DETRAN-DF</desc><type>FIXED</type></wpt>
<wpt lat="-15.810730" lon="-47.958191"><name>Radar</name><desc>Fonte: DETRAN-DF</desc><type>FIXED</type></wpt>
<wpt lat="-15.810730" lon="-47.899414"><name>Radar</name><desc>Fonte: DETRAN-DF</desc><type>FIXED</type></wpt>
<wpt lat="-15.810608" lon="-48.091492"><name>Radar 60 km/h</name><desc>Fonte: DETRAN-DF</desc><type>FIXED</type></wpt>
<wpt lat="-15.810608" lon="-47.988281"><name>Radar</name><desc>Fonte: DETRAN-DF</desc><type>FIXED</type></wpt>
<wpt lat="-15.810608" lon="-47.896606"><name>Radar</name><desc>Fonte: DETRAN-DF</desc><type>FIXED</type></wpt>
<wpt lat="-15.810608" lon="-47.891296"><name>Radar</name><desc>Fonte: DETRAN-DF</desc><type>FIXED</type></wpt>
<wpt lat="-15.810486" lon="-47.897095"><name>Radar</name><desc>Fonte: DETRAN-DF</desc><type>FIXED</type></wpt>
<wpt lat="-15.810425" lon="-48.090210"><name>Radar 60 km/h</name><desc>Fonte: DETRAN-DF</desc><type>FIXED</type></wpt>
<wpt lat="-15.810425" lon="-48.089905"><name>Radar 60 km/h</name><desc>Fonte: DETRAN-DF</desc><type>FIXED</type></wpt>
<wpt lat="-15.810425" lon="-47.895691"><name>Radar</name><desc>Fonte: DETRAN-DF</desc><type>FIXED</type></wpt>
<wpt lat="-15.810303" lon="-48.058411"><name>Radar 60 km/h</name><desc>Fonte: DETRAN-DF</desc><type>FIXED</type></wpt>
<wpt lat="-15.810303" lon="-47.926392"><name>Radar</name><desc>Fonte: DETRAN-DF</desc><type>FIXED</type></wpt>
<wpt lat="-15.810181" lon="-47.943298"><name>Radar 50 km/h</name><desc>Fonte: DETRAN-DF</desc><type>FIXED</type></wpt>
<wpt lat="-15.810181" lon="-47.942383"><name>Radar 50 km/h</name><desc>Fonte: DETRAN-DF</desc><type>FIXED</type></wpt>
<wpt lat="-15.810120" lon="-48.100586"><name>Radar 60 km/h</name><desc>Fonte: DETRAN-DF</desc><type>FIXED</type></wpt>
<wpt lat="-15.810120" lon="-48.020386"><name>Radar</name><desc>Fonte: DETRAN-DF</desc><type>FIXED</type></wpt>
<wpt lat="-15.809998" lon="-48.090210"><name>Radar 60 km/h</name><desc>Fonte: DETRAN-DF</desc><type>FIXED</type></wpt>
<wpt lat="-15.809998" lon="-48.089905"><name>Radar 60 km/h</name><desc>Fonte: DETRAN-DF</desc><type>FIXED</type></wpt>
<wpt lat="-15.809998" lon="-47.976318"><name>Radar 60 km/h</name><desc>Fonte: DETRAN-DF</desc><type>FIXED</type></wpt>
<wpt lat="-15.809998" lon="-47.895813"><name>Radar</name><desc>Fonte: DETRAN-DF</desc><type>FIXED</type></wpt>
<wpt lat="-15.809998" lon="-47.886292"><name>Radar</name><desc>Fonte: DETRAN-DF</desc><type>FIXED</type></wpt>
<wpt lat="-15.809875" lon="-47.952087"><name>Radar 60 km/h</name><desc>Fonte: DETRAN-DF</desc><type>FIXED</type></wpt>
<wpt lat="-15.809776" lon="-47.974441"><name>Radar 80 km/h</name><desc>Fonte: OSM</desc><type>FIXED</type></wpt>
<wpt lat="-15.809692" lon="-48.020386"><name>Radar</name><desc>Fonte: DETRAN-DF</desc><type>FIXED</type></wpt>
<wpt lat="-15.809692" lon="-47.892517"><name>Radar 80 km/h</name><desc>Fonte: DETRAN-DF</desc><type>FIXED</type></wpt>
<wpt lat="-15.809692" lon="-47.888306"><name>Radar</name><desc>Fonte: DETRAN-DF</desc><type>FIXED</type></wpt>
<wpt lat="-15.809576" lon="-47.861539"><name>Radar 60 km/h</name><desc>Fonte: OSM</desc><type>FIXED</type></wpt>
<wpt lat="-15.809509" lon="-47.973999"><name>Radar 80 km/h</name><desc>Fonte: DETRAN-DF</desc><type>FIXED</type></wpt>
<wpt lat="-15.809509" lon="-47.861389"><name>Radar 80 km/h</name><desc>Fonte: DETRAN-DF</desc><type>FIXED</type></wpt>
<wpt lat="-15.809387" lon="-47.974426"><name>Radar 80 km/h</name><desc>Fonte: DETRAN-DF</desc><type>FIXED</type></wpt>
<wpt lat="-15.809387" lon="-47.953979"><name>Radar 80 km/h</name><desc>Fonte: DETRAN-DF</desc><type>FIXED</type></wpt>
<wpt lat="-15.809204" lon="-47.952576"><name>Radar 80 km/h</name><desc>Fonte: DETRAN-DF</desc><type>FIXED</type></wpt>
<wpt lat="-15.809082" lon="-48.069092"><name>Radar 60 km/h</name><desc>Fonte: DETRAN-DF</desc><type>FIXED</type></wpt>
<wpt lat="-15.808899" lon="-48.026184"><name>Radar</name><desc>Fonte: DETRAN-DF</desc><type>FIXED</type></wpt>
<wpt lat="-15.808899" lon="-48.020508"><name>Radar</name><desc>Fonte: DETRAN-DF</desc><type>FIXED</type></wpt>
<wpt lat="-15.808899" lon="-47.933777"><name>Radar 60 km/h</name><desc>Fonte: DETRAN-DF</desc><type>FIXED</type></wpt>
<wpt lat="-15.808777" lon="-48.085510"><name>Radar 60 km/h</name><desc>Fonte: DETRAN-DF</desc><type>FIXED</type></wpt>
<wpt lat="-15.808777" lon="-48.040222"><name>Radar</name><desc>Fonte: DETRAN-DF</desc><type>FIXED</type></wpt>
<wpt lat="-15.808777" lon="-48.039307"><name>Radar</name><desc>Fonte: DETRAN-DF</desc><type>FIXED</type></wpt>
<wpt lat="-15.808777" lon="-48.038391"><name>Radar</name><desc>Fonte: DETRAN-DF</desc><type>FIXED</type></wpt>
<wpt lat="-15.808777" lon="-48.032410"><name>Radar</name><desc>Fonte: DETRAN-DF</desc><type>FIXED</type></wpt>
<wpt lat="-15.808777" lon="-48.028503"><name>Radar</name><desc>Fonte: DETRAN-DF</desc><type>FIXED</type></wpt>
<wpt lat="-15.808716" lon="-48.041382"><name>Radar</name><desc>Fonte: DETRAN-DF</desc><type>FIXED</type></wpt>
<wpt lat="-15.808594" lon="-47.970886"><name>Radar 60 km/h</name><desc>Fonte: DETRAN-DF</desc><type>FIXED</type></wpt>
<wpt lat="-15.808594" lon="-47.960693"><name>Radar 60 km/h</name><desc>Fonte: DETRAN-DF</desc><type>FIXED</type></wpt>
<wpt lat="-15.808594" lon="-47.959229"><name>Radar 80 km/h</name><desc>Fonte: DETRAN-DF</desc><type>FIXED</type></wpt>
<wpt lat="-15.808594" lon="-47.888794"><name>Radar</name><desc>Fonte: DETRAN-DF</desc><type>FIXED</type></wpt>
<wpt lat="-15.808594" lon="-47.888611"><name>Radar</name><desc>Fonte: DETRAN-DF</desc><type>FIXED</type></wpt>
<wpt lat="-15.808411" lon="-47.889526"><name>Radar</name><desc>Fonte: DETRAN-DF</desc><type>FIXED</type></wpt>
<wpt lat="-15.808411" lon="-47.849182"><name>Radar 80 km/h</name><desc>Fonte: DETRAN-DF</desc><type>FIXED</type></wpt>
<wpt lat="-15.808105" lon="-48.102112"><name>Radar</name><desc>Fonte: DETRAN-DF</desc><type>FIXED</type></wpt>
<wpt lat="-15.808105" lon="-47.960510"><name>Radar 80 km/h</name><desc>Fonte: DETRAN-DF</desc><type>FIXED</type></wpt>
<wpt lat="-15.808029" lon="-47.858548"><name>Radar 60 km/h</name><desc>Fonte: OSM</desc><type>FIXED</type></wpt>
<wpt lat="-15.807983" lon="-48.109680"><name>Radar 50 km/h</name><desc>Fonte: DETRAN-DF</desc><type>FIXED</type></wpt>
<wpt lat="-15.807983" lon="-47.964783"><name>Radar 60 km/h</name><desc>Fonte: DETRAN-DF</desc><type>FIXED</type></wpt>
<wpt lat="-15.807922" lon="-47.858398"><name>Radar 80 km/h</name><desc>Fonte: DETRAN-DF</desc><type>FIXED</type></wpt>
<wpt lat="-15.807800" lon="-47.948303"><name>Radar 80 km/h</name><desc>Fonte: DETRAN-DF</desc><type>FIXED</type></wpt>
<wpt lat="-15.807800" lon="-47.932129"><name>Radar 60 km/h</name><desc>Fonte: DETRAN-DF</desc><type>FIXED</type></wpt>
<wpt lat="-15.807750" lon="-47.931919"><name>Radar 60 km/h</name><desc>Fonte: OSM</desc><type>FIXED</type></wpt>
<wpt lat="-15.807678" lon="-48.065979"><name>Radar 60 km/h</name><desc>Fonte: DETRAN-DF</desc><type>FIXED</type></wpt>
<wpt lat="-15.807678" lon="-47.965210"><name>Radar 80 km/h</name><desc>Fonte: DETRAN-DF</desc><type>FIXED</type></wpt>
<wpt lat="-15.807617" lon="-47.881287"><name>Radar</name><desc>Fonte: DETRAN-DF</desc><type>FIXED</type></wpt>
<wpt lat="-15.807495" lon="-48.142700"><name>Radar</name><desc>Fonte: DETRAN-DF</desc><type>FIXED</type></wpt>
<wpt lat="-15.807495" lon="-48.102600"><name>Radar</name><desc>Fonte: DETRAN-DF</desc><type>FIXED</type></wpt>
<wpt lat="-15.807495" lon="-48.018921"><name>Radar</name><desc>Fonte: DETRAN-DF</desc><type>FIXED</type></wpt>
<wpt lat="-15.807312" lon="-48.000977"><name>Radar 70 km/h</name><desc>Fonte: DETRAN-DF</desc><type>FIXED</type></wpt>
<wpt lat="-15.807312" lon="-47.964905"><name>Radar 80 km/h</name><desc>Fonte: DETRAN-DF</desc><type>FIXED</type></wpt>
<wpt lat="-15.807190" lon="-47.882507"><name>Radar</name><desc>Fonte: DETRAN-DF</desc><type>FIXED</type></wpt>
<wpt lat="-15.807190" lon="-47.880981"><name>Radar</name><desc>Fonte: DETRAN-DF</desc><type>FIXED</type></wpt>
<wpt lat="-15.807190" lon="-47.851929"><name>Radar 80 km/h</name><desc>Fonte: DETRAN-DF</desc><type>FIXED</type></wpt>
<wpt lat="-15.807129" lon="-48.145813"><name>Radar</name><desc>Fonte: DETRAN-DF</desc><type>FIXED</type></wpt>
<wpt lat="-15.807129" lon="-48.125793"><name>Radar 50 km/h</name><desc>Fonte: DETRAN-DF</desc><type>FIXED</type></wpt>
<wpt lat="-15.807129" lon="-47.882690"><name>Radar</name><desc>Fonte: DETRAN-DF</desc><type>FIXED</type></wpt>
<wpt lat="-15.807091" lon="-47.937251"><name>Radar 60 km/h</name><desc>Fonte: OSM</desc><type>FIXED</type></wpt>
<wpt lat="-15.807007" lon="-48.103027"><name>Radar</name><desc>Fonte: DETRAN-DF</desc><type>FIXED</type></wpt>
<wpt lat="-15.807007" lon="-48.042725"><name>Radar</name><desc>Fonte: DETRAN-DF</desc><type>FIXED</type></wpt>
<wpt lat="-15.807007" lon="-47.912720"><name>Radar</name><desc>Fonte: DETRAN-DF</desc><type>FIXED</type></wpt>
<wpt lat="-15.807007" lon="-47.890991"><name>Radar 60 km/h</name><desc>Fonte: DETRAN-DF</desc><type>FIXED</type></wpt>
<wpt lat="-15.806885" lon="-47.937378"><name>Radar 60 km/h</name><desc>Fonte: DETRAN-DF</desc><type>FIXED</type></wpt>
<wpt lat="-15.806885" lon="-47.926208"><name>Radar</name><desc>Fonte: DETRAN-DF</desc><type>FIXED</type></wpt>
<wpt lat="-15.806885" lon="-47.895813"><name>Radar</name><desc>Fonte: DETRAN-DF</desc><type>FIXED</type></wpt>
<wpt lat="-15.806885" lon="-47.883423"><name>Radar</name><desc>Fonte: DETRAN-DF</desc><type>FIXED</type></wpt>
<wpt lat="-15.806885" lon="-47.880798"><name>Radar</name><desc>Fonte: DETRAN-DF</desc><type>FIXED</type></wpt>
<wpt lat="-15.806824" lon="-47.883789"><name>Radar</name><desc>Fonte: DETRAN-DF</desc><type>FIXED</type></wpt>
<wpt lat="-15.806778" lon="-47.933564"><name>Radar 60 km/h</name><desc>Fonte: OSM</desc><type>FIXED</type></wpt>
<wpt lat="-15.806702" lon="-48.140198"><name>Radar</name><desc>Fonte: DETRAN-DF</desc><type>FIXED</type></wpt>
<wpt lat="-15.806702" lon="-48.110596"><name>Radar 50 km/h</name><desc>Fonte: DETRAN-DF</desc><type>FIXED</type></wpt>
<wpt lat="-15.806702" lon="-47.886780"><name>Radar</name><desc>Fonte: DETRAN-DF</desc><type>FIXED</type></wpt>
<wpt lat="-15.806702" lon="-47.855713"><name>Radar 80 km/h</name><desc>Fonte: DETRAN-DF</desc><type>FIXED</type></wpt>
<wpt lat="-15.806580" lon="-48.126282"><name>Radar 50 km/h</name><desc>Fonte: DETRAN-DF</desc><type>FIXED</type></wpt>
<wpt lat="-15.806580" lon="-48.078613"><name>Radar 60 km/h</name><desc>Fonte: DETRAN-DF</desc><type>FIXED</type></wpt>
<wpt lat="-15.806580" lon="-47.933289"><name>Radar 60 km/h</name><desc>Fonte: DETRAN-DF</desc><type>FIXED</type></wpt>
<wpt lat="-15.806580" lon="-47.897217"><name>Radar</name><desc>Fonte: DETRAN-DF</desc><type>FIXED</type></wpt>
<wpt lat="-15.806580" lon="-47.896301"><name>Radar</name><desc>Fonte: DETRAN-DF</desc><type>FIXED</type></wpt>
<wpt lat="-15.806580" lon="-47.894897"><name>Radar</name><desc>Fonte: DETRAN-DF</desc><type>FIXED</type></wpt>
<wpt lat="-15.806580" lon="-47.890686"><name>Radar 60 km/h</name><desc>Fonte: DETRAN-DF</desc><type>FIXED</type></wpt>
<wpt lat="-15.806519" lon="-48.001404"><name>Radar</name><desc>Fonte: DETRAN-DF</desc><type>FIXED</type></wpt>
<wpt lat="-15.806519" lon="-47.955994"><name>Radar</name><desc>Fonte: DETRAN-DF</desc><type>FIXED</type></wpt>
<wpt lat="-15.806465" lon="-47.855489"><name>Radar 60 km/h</name><desc>Fonte: OSM</desc><type>FIXED</type></wpt>
<wpt lat="-15.806396" lon="-47.957825"><name>Radar</name><desc>Fonte: DETRAN-DF</desc><type>FIXED</type></wpt>
<wpt lat="-15.806396" lon="-47.931213"><name>Radar</name><desc>Fonte: DETRAN-DF</desc><type>FIXED</type></wpt>
<wpt lat="-15.806396" lon="-47.898987"><name>Radar 60 km/h</name><desc>Fonte: DETRAN-DF</desc><type>FIXED</type></wpt>
<wpt lat="-15.806396" lon="-47.881104"><name>Radar 60 km/h</name><desc>Fonte: DETRAN-DF</desc><type>FIXED</type></wpt>
<wpt lat="-15.806213" lon="-48.138428"><name>Radar</name><desc>Fonte: DETRAN-DF</desc><type>FIXED</type></wpt>
<wpt lat="-15.806213" lon="-48.011902"><name>Radar</name><desc>Fonte: DETRAN-DF</desc><type>FIXED</type></wpt>
<wpt lat="-15.806213" lon="-47.896912"><name>Radar</name><desc>Fonte: DETRAN-DF</desc><type>FIXED</type></wpt>
<wpt lat="-15.806091" lon="-48.108887"><name>Radar 60 km/h</name><desc>Fonte: DETRAN-DF</desc><type>FIXED</type></wpt>
<wpt lat="-15.806091" lon="-47.895630"><name>Radar</name><desc>Fonte: DETRAN-DF</desc><type>FIXED</type></wpt>
<wpt lat="-15.806091" lon="-47.895508"><name>Radar</name><desc>Fonte: DETRAN-DF</desc><type>FIXED</type></wpt>
<wpt lat="-15.805908" lon="-48.146179"><name>Radar</name><desc>Fonte: DETRAN-DF</desc><type>FIXED</type></wpt>
<wpt lat="-15.805908" lon="-48.137207"><name>Radar</name><desc>Fonte: DETRAN-DF</desc><type>FIXED</type></wpt>
<wpt lat="-15.805908" lon="-47.898682"><name>Radar 60 km/h</name><desc>Fonte: DETRAN-DF</desc><type>FIXED</type></wpt>
<wpt lat="-15.805786" lon="-48.103882"><name>Radar</name><desc>Fonte: DETRAN-DF</desc><type>FIXED</type></wpt>
<wpt lat="-15.805786" lon="-47.931702"><name>Radar</name><desc>Fonte: DETRAN-DF</desc><type>FIXED</type></wpt>
<wpt lat="-15.805725" lon="-47.932190"><name>Radar</name><desc>Fonte: DETRAN-DF</desc><type>FIXED</type></wpt>
<wpt lat="-15.805725" lon="-47.886108"><name>Radar</name><desc>Fonte: DETRAN-DF</desc><type>FIXED</type></wpt>
<wpt lat="-15.805725" lon="-47.885376"><name>Radar</name><desc>Fonte: DETRAN-DF</desc><type>FIXED</type></wpt>
<wpt lat="-15.805603" lon="-48.115906"><name>Radar 60 km/h</name><desc>Fonte: DETRAN-DF</desc><type>FIXED</type></wpt>
<wpt lat="-15.805603" lon="-48.093628"><name>Radar 50 km/h</name><desc>Fonte: DETRAN-DF</desc><type>FIXED</type></wpt>
<wpt lat="-15.805603" lon="-47.963013"><name>Radar</name><desc>Fonte: DETRAN-DF</desc><type>FIXED</type></wpt>
<wpt lat="-15.805603" lon="-47.932129"><name>Radar</name><desc>Fonte: DETRAN-DF</desc><type>FIXED</type></wpt>
<wpt lat="-15.805603" lon="-47.886719"><name>Radar</name><desc>Fonte: DETRAN-DF</desc><type>FIXED</type></wpt>
<wpt lat="-15.805481" lon="-48.146301"><name>Radar</name><desc>Fonte: DETRAN-DF</desc><type>FIXED</type></wpt>
<wpt lat="-15.805420" lon="-48.074890"><name>Radar 60 km/h</name><desc>Fonte: DETRAN-DF</desc><type>FIXED</type></wpt>
<wpt lat="-15.805420" lon="-47.887817"><name>Radar 60 km/h</name><desc>Fonte: DETRAN-DF</desc><type>FIXED</type></wpt>
<wpt lat="-15.805298" lon="-48.135376"><name>Radar</name><desc>Fonte: DETRAN-DF</desc><type>FIXED</type></wpt>
<wpt lat="-15.805298" lon="-47.888489"><name>Radar 80 km/h</name><desc>Fonte: DETRAN-DF</desc><type>FIXED</type></wpt>
<wpt lat="-15.805176" lon="-48.116394"><name>Radar 60 km/h</name><desc>Fonte: DETRAN-DF</desc><type>FIXED</type></wpt>
<wpt lat="-15.805176" lon="-48.094482"><name>Radar 50 km/h</name><desc>Fonte: DETRAN-DF</desc><type>FIXED</type></wpt>
<wpt lat="-15.805176" lon="-47.926025"><name>Radar 60 km/h</name><desc>Fonte: DETRAN-DF</desc><type>FIXED</type></wpt>
<wpt lat="-15.805176" lon="-47.893677"><name>Radar</name><desc>Fonte: DETRAN-DF</desc><type>FIXED</type></wpt>
<wpt lat="-15.805176" lon="-47.888611"><name>Radar 80 km/h</name><desc>Fonte: DETRAN-DF</desc><type>FIXED</type></wpt>
<wpt lat="-15.805176" lon="-47.854187"><name>Radar 40 km/h</name><desc>Fonte: DETRAN-DF</desc><type>FIXED</type></wpt>
<wpt lat="-15.805115" lon="-48.074707"><name>Radar 60 km/h</name><desc>Fonte: DETRAN-DF</desc><type>FIXED</type></wpt>
<wpt lat="-15.805115" lon="-47.887695"><name>Radar 60 km/h</name><desc>Fonte: DETRAN-DF</desc><type>FIXED</type></wpt>
<wpt lat="-15.804993" lon="-47.967285"><name>Radar</name><desc>Fonte: DETRAN-DF</desc><type>FIXED</type></wpt>
<wpt lat="-15.804993" lon="-47.931091"><name>Radar</name><desc>Fonte: DETRAN-DF</desc><type>FIXED</type></wpt>
<wpt lat="-15.804810" lon="-48.148193"><name>Radar</name><desc>Fonte: DETRAN-DF</desc><type>FIXED</type></wpt>
<wpt lat="-15.804810" lon="-48.146484"><name>Radar</name><desc>Fonte: DETRAN-DF</desc><type>FIXED</type></wpt>
<wpt lat="-15.804810" lon="-48.138000"><name>Radar</name><desc>Fonte: DETRAN-DF</desc><type>FIXED</type></wpt>
<wpt lat="-15.804810" lon="-48.109985"><name>Radar 60 km/h</name><desc>Fonte: DETRAN-DF</desc><type>FIXED</type></wpt>
<wpt lat="-15.804810" lon="-47.966492"><name>Radar</name><desc>Fonte: DETRAN-DF</desc><type>FIXED</type></wpt>
<wpt lat="-15.804810" lon="-47.924500"><name>Radar 60 km/h</name><desc>Fonte: DETRAN-DF</desc><type>FIXED</type></wpt>
<wpt lat="-15.804687" lon="-48.147583"><name>Radar</name><desc>Fonte: DETRAN-DF</desc><type>FIXED</type></wpt>
<wpt lat="-15.804687" lon="-47.955200"><name>Radar</name><desc>Fonte: DETRAN-DF</desc><type>FIXED</type></wpt>
<wpt lat="-15.804687" lon="-47.930786"><name>Radar</name><desc>Fonte: DETRAN-DF</desc><type>FIXED</type></wpt>
<wpt lat="-15.804687" lon="-47.894287"><name>Radar</name><desc>Fonte: DETRAN-DF</desc><type>FIXED</type></wpt>
<wpt lat="-15.804687" lon="-47.893494"><name>Radar</name><desc>Fonte: DETRAN-DF</desc><type>FIXED</type></wpt>
<wpt lat="-15.804687" lon="-47.795898"><name>Radar 50 km/h</name><desc>Fonte: DETRAN-DF</desc><type>FIXED</type></wpt>
<wpt lat="-15.804626" lon="-48.147278"><name>Radar</name><desc>Fonte: DETRAN-DF</desc><type>FIXED</type></wpt>
<wpt lat="-15.804626" lon="-48.132812"><name>Radar</name><desc>Fonte: DETRAN-DF</desc><type>FIXED</type></wpt>
<wpt lat="-15.804626" lon="-47.954285"><name>Radar</name><desc>Fonte: DETRAN-DF</desc><type>FIXED</type></wpt>
<wpt lat="-15.804504" lon="-47.931824"><name>Radar 60 km/h</name><desc>Fonte: DETRAN-DF</desc><type>FIXED</type></wpt>
<wpt lat="-15.804382" lon="-47.910095"><name>Radar</name><desc>Fonte: DETRAN-DF</desc><type>FIXED</type></wpt>
<wpt lat="-15.804199" lon="-48.104919"><name>Radar 60 km/h</name><desc>Fonte: DETRAN-DF</desc><type>FIXED</type></wpt>
<wpt lat="-15.804199" lon="-47.946289"><name>Radar 50 km/h</name><desc>Fonte: DETRAN-DF</desc><type>FIXED</type></wpt>
<wpt lat="-15.804199" lon="-47.893982"><name>Radar</name><desc>Fonte: DETRAN-DF</desc><type>FIXED</type></wpt>
<wpt lat="-15.804199" lon="-47.853699"><name>Radar 40 km/h</name><desc>Fonte: DETRAN-DF</desc><type>FIXED</type></wpt>
<wpt lat="-15.804077" lon="-48.147827"><name>Radar</name><desc>Fonte: DETRAN-DF</desc><type>FIXED</type></wpt>
<wpt lat="-15.804077" lon="-47.861389"><name>Radar</name><desc>Fonte: DETRAN-DF</desc><type>FIXED</type></wpt>
<wpt lat="-15.803894" lon="-48.130798"><name>Radar</name><desc>Fonte: DETRAN-DF</desc><type>FIXED</type></wpt>
<wpt lat="-15.803894" lon="-48.096008"><name>Radar</name><desc>Fonte: DETRAN-DF</desc><type>FIXED</type></wpt>
<wpt lat="-15.803711" lon="-48.070618"><name>Radar 60 km/h</name><desc>Fonte: DETRAN-DF</desc><type>FIXED</type></wpt>
<wpt lat="-15.803711" lon="-47.959412"><name>Radar</name><desc>Fonte: DETRAN-DF</desc><type>FIXED</type></wpt>
<wpt lat="-15.803711" lon="-47.894592"><name>Radar</name><desc>Fonte: DETRAN-DF</desc><type>FIXED</type></wpt>
<wpt lat="-15.803589" lon="-47.893677"><name>Radar</name><desc>Fonte: DETRAN-DF</desc><type>FIXED</type></wpt>
<wpt lat="-15.803528" lon="-48.145630"><name>Radar</name><desc>Fonte: DETRAN-DF</desc><type>FIXED</type></wpt>
<wpt lat="-15.803528" lon="-48.057678"><name>Radar 60 km/h</name><desc>Fonte: DETRAN-DF</desc><type>FIXED</type></wpt>
<wpt lat="-15.803499" lon="-47.939412"><name>Radar 50 km/h</name><desc>Fonte: OSM</desc><type>FIXED</type></wpt>
<wpt lat="-15.803438" lon="-48.057725"><name>Radar</name><desc>Fonte: OSM</desc><type>FIXED</type></wpt>
<wpt lat="-15.803406" lon="-48.073181"><name>Radar</name><desc>Fonte: DETRAN-DF</desc><type>FIXED</type></wpt>
<wpt lat="-15.803284" lon="-48.111084"><name>Radar 50 km/h</name><desc>Fonte: DETRAN-DF</desc><type>FIXED</type></wpt>
<wpt lat="-15.803284" lon="-47.962402"><name>Radar</name><desc>Fonte: DETRAN-DF</desc><type>FIXED</type></wpt>
<wpt lat="-15.803284" lon="-47.939392"><name>Radar 50 km/h</name><desc>Fonte: DETRAN-DF</desc><type>FIXED</type></wpt>
<wpt lat="-15.803223" lon="-48.075500"><name>Radar</name><desc>Fonte: DETRAN-DF</desc><type>FIXED</type></wpt>
<wpt lat="-15.803223" lon="-47.964600"><name>Radar</name><desc>Fonte: DETRAN-DF</desc><type>FIXED</type></wpt>
<wpt lat="-15.803223" lon="-47.794128"><name>Radar</name><desc>Fonte: DETRAN-DF</desc><type>FIXED</type></wpt>
<wpt lat="-15.803101" lon="-48.145691"><name>Radar</name><desc>Fonte: DETRAN-DF</desc><type>FIXED</type></wpt>
<wpt lat="-15.802979" lon="-48.143677"><name>Radar</name><desc>Fonte: DETRAN-DF</desc><type>FIXED</type></wpt>
<wpt lat="-15.802979" lon="-48.073303"><name>Radar</name><desc>Fonte: DETRAN-DF</desc><type>FIXED</type></wpt>
<wpt lat="-15.802979" lon="-48.067383"><name>Radar 60 km/h</name><desc>Fonte: DETRAN-DF</desc><type>FIXED</type></wpt>
<wpt lat="-15.802979" lon="-47.904602"><name>Radar</name><desc>Fonte: DETRAN-DF</desc><type>FIXED</type></wpt>
<wpt lat="-15.802979" lon="-47.862305"><name>Radar</name><desc>Fonte: DETRAN-DF</desc><type>FIXED</type></wpt>
<wpt lat="-15.802844" lon="-48.067089"><name>Radar 60 km/h</name><desc>Fonte: OSM</desc><type>FIXED</type></wpt>
<wpt lat="-15.802795" lon="-48.138977"><name>Radar</name><desc>Fonte: DETRAN-DF</desc><type>FIXED</type></wpt>
<wpt lat="-15.802795" lon="-47.918579"><name>Radar</name><desc>Fonte: DETRAN-DF</desc><type>FIXED</type></wpt>
<wpt lat="-15.802612" lon="-48.144409"><name>Radar</name><desc>Fonte: DETRAN-DF</desc><type>FIXED</type></wpt>
<wpt lat="-15.802612" lon="-48.144104"><name>Radar</name><desc>Fonte: DETRAN-DF</desc><type>FIXED</type></wpt>
<wpt lat="-15.802612" lon="-48.142517"><name>Radar</name><desc>Fonte: DETRAN-DF</desc><type>FIXED</type></wpt>
<wpt lat="-15.802612" lon="-48.117676"><name>Radar 50 km/h</name><desc>Fonte: DETRAN-DF</desc><type>FIXED</type></wpt>
<wpt lat="-15.802612" lon="-47.945984"><name>Radar 50 km/h</name><desc>Fonte: DETRAN-DF</desc><type>FIXED</type></wpt>
<wpt lat="-15.802490" lon="-48.111877"><name>Radar 50 km/h</name><desc>Fonte: DETRAN-DF</desc><type>FIXED</type></wpt>
<wpt lat="-15.802490" lon="-48.098206"><name>Radar</name><desc>Fonte: DETRAN-DF</desc><type>FIXED</type></wpt>
<wpt lat="-15.802490" lon="-47.953613"><name>Radar</name><desc>Fonte: DETRAN-DF</desc><type>FIXED</type></wpt>
<wpt lat="-15.802490" lon="-47.882324"><name>Radar 50 km/h</name><desc>Fonte: DETRAN-DF</desc><type>FIXED</type></wpt>
<wpt lat="-15.802429" lon="-48.106506"><name>Radar</name><desc>Fonte: DETRAN-DF</desc><type>FIXED</type></wpt>
<wpt lat="-15.802429" lon="-47.926208"><name>Radar</name><desc>Fonte: DETRAN-DF</desc><type>FIXED</type></wpt>
<wpt lat="-15.802307" lon="-48.130310"><name>Radar</name><desc>Fonte: DETRAN-DF</desc><type>FIXED</type></wpt>
<wpt lat="-15.802307" lon="-47.956299"><name>Radar</name><desc>Fonte: DETRAN-DF</desc><type>FIXED</type></wpt>
<wpt lat="-15.802307" lon="-47.882507"><name>Radar 60 km/h</name><desc>Fonte: DETRAN-DF</desc><type>FIXED</type></wpt>
<wpt lat="-15.802307" lon="-47.882324"><name>Radar 60 km/h</name><desc>Fonte: DETRAN-DF</desc><type>FIXED</type></wpt>
<wpt lat="-15.802307" lon="-47.786804"><name>Radar 40 km/h</name><desc>Fonte: DETRAN-DF</desc><type>FIXED</type></wpt>
<wpt lat="-15.802124" lon="-48.137878"><name>Radar</name><desc>Fonte: DETRAN-DF</desc><type>FIXED</type></wpt>
<wpt lat="-15.802124" lon="-47.970703"><name>Radar</name><desc>Fonte: DETRAN-DF</desc><type>FIXED</type></wpt>
<wpt lat="-15.802002" lon="-48.142090"><name>Radar</name><desc>Fonte: DETRAN-DF</desc><type>FIXED</type></wpt>
<wpt lat="-15.802002" lon="-48.140503"><name>Radar</name><desc>Fonte: DETRAN-DF</desc><type>FIXED</type></wpt>
<wpt lat="-15.802002" lon="-47.886414"><name>Radar 80 km/h</name><desc>Fonte: DETRAN-DF</desc><type>FIXED</type></wpt>
<wpt lat="-15.802002" lon="-47.882812"><name>Radar 60 km/h</name><desc>Fonte: DETRAN-DF</desc><type>FIXED</type></wpt>
<wpt lat="-15.801880" lon="-48.127686"><name>Radar</name><desc>Fonte: DETRAN-DF</desc><type>FIXED</type></wpt>
<wpt lat="-15.801880" lon="-48.099487"><name>Radar</name><desc>Fonte: DETRAN-DF</desc><type>FIXED</type></wpt>
<wpt lat="-15.801880" lon="-48.063599"><name>Radar 60 km/h</name><desc>Fonte: DETRAN-DF</desc><type>FIXED</type></wpt>
<wpt lat="-15.801880" lon="-47.959106"><name>Radar</name><desc>Fonte: DETRAN-DF</desc><type>FIXED</type></wpt>
<wpt lat="-15.801880" lon="-47.957092"><name>Radar</name><desc>Fonte: DETRAN-DF</desc><type>FIXED</type></wpt>
<wpt lat="-15.801880" lon="-47.941101"><name>Radar 50 km/h</name><desc>Fonte: DETRAN-DF</desc><type>FIXED</type></wpt>
<wpt lat="-15.801880" lon="-47.894775"><name>Radar 60 km/h</name><desc>Fonte: DETRAN-DF</desc><type>FIXED</type></wpt>
<wpt lat="-15.801697" lon="-48.136292"><name>Radar</name><desc>Fonte: DETRAN-DF</desc><type>FIXED</type></wpt>
<wpt lat="-15.801697" lon="-48.134705"><name>Radar</name><desc>Fonte: DETRAN-DF</desc><type>FIXED</type></wpt>
<wpt lat="-15.801697" lon="-47.885986"><name>Radar 80 km/h</name><desc>Fonte: DETRAN-DF</desc><type>FIXED</type></wpt>
<wpt lat="-15.801697" lon="-47.854614"><name>Radar 60 km/h</name><desc>Fonte: DETRAN-DF</desc><type>FIXED</type></wpt>
<wpt lat="-15.801697" lon="-47.854187"><name>Radar 60 km/h</name><desc>Fonte: DETRAN-DF</desc><type>FIXED</type></wpt>
<wpt lat="-15.801692" lon="-47.854597"><name>Radar 60 km/h</name><desc>Fonte: OSM</desc><type>FIXED</type></wpt>
<wpt lat="-15.801575" lon="-48.135376"><name>Radar</name><desc>Fonte: DETRAN-DF</desc><type>FIXED</type></wpt>
<wpt lat="-15.801575" lon="-48.062988"><name>Radar 60 km/h</name><desc>Fonte: DETRAN-DF</desc><type>FIXED</type></wpt>
<wpt lat="-15.801575" lon="-47.921021"><name>Radar</name><desc>Fonte: DETRAN-DF</desc><type>FIXED</type></wpt>
<wpt lat="-15.801575" lon="-47.848389"><name>Radar</name><desc>Fonte: DETRAN-DF</desc><type>FIXED</type></wpt>
<wpt lat="-15.801514" lon="-48.133728"><name>Radar</name><desc>Fonte: DETRAN-DF</desc><type>FIXED</type></wpt>
<wpt lat="-15.801514" lon="-48.118408"><name>Radar 50 km/h</name><desc>Fonte: DETRAN-DF</desc><type>FIXED</type></wpt>
<wpt lat="-15.801392" lon="-48.124207"><name>Radar</name><desc>Fonte: DETRAN-DF</desc><type>FIXED</type></wpt>
<wpt lat="-15.801208" lon="-48.125916"><name>Radar</name><desc>Fonte: DETRAN-DF</desc><type>FIXED</type></wpt>
<wpt lat="-15.801208" lon="-47.918213"><name>Radar 60 km/h</name><desc>Fonte: DETRAN-DF</desc><type>FIXED</type></wpt>
<wpt lat="-15.801208" lon="-47.791382"><name>Radar 50 km/h</name><desc>Fonte: DETRAN-DF</desc><type>FIXED</type></wpt>
<wpt lat="-15.801086" lon="-48.134888"><name>Radar</name><desc>Fonte: DETRAN-DF</desc><type>FIXED</type></wpt>
<wpt lat="-15.801086" lon="-48.000977"><name>Radar 70 km/h</name><desc>Fonte: DETRAN-DF</desc><type>FIXED</type></wpt>
<wpt lat="-15.801086" lon="-47.963013"><name>Radar</name><desc>Fonte: DETRAN-DF</desc><type>FIXED</type></wpt>
<wpt lat="-15.801086" lon="-47.921082"><name>Radar</name><desc>Fonte: DETRAN-DF</desc><type>FIXED</type></wpt>
<wpt lat="-15.800865" lon="-47.917813"><name>Radar 60 km/h</name><desc>Fonte: OSM</desc><type>FIXED</type></wpt>
<wpt lat="-15.800781" lon="-48.131775"><name>Radar</name><desc>Fonte: DETRAN-DF</desc><type>FIXED</type></wpt>
<wpt lat="-15.800781" lon="-48.060303"><name>Radar 60 km/h</name><desc>Fonte: DETRAN-DF</desc><type>FIXED</type></wpt>
<wpt lat="-15.800781" lon="-47.966492"><name>Radar</name><desc>Fonte: DETRAN-DF</desc><type>FIXED</type></wpt>
<wpt lat="-15.800781" lon="-47.917725"><name>Radar 60 km/h</name><desc>Fonte: DETRAN-DF</desc><type>FIXED</type></wpt>
<wpt lat="-15.800781" lon="-47.789612"><name>Radar 40 km/h</name><desc>Fonte: DETRAN-DF</desc><type>FIXED</type></wpt>
<wpt lat="-15.800720" lon="-48.130798"><name>Radar</name><desc>Fonte: DETRAN-DF</desc><type>FIXED</type></wpt>
<wpt lat="-15.800720" lon="-47.922180"><name>Radar</name><desc>Fonte: DETRAN-DF</desc><type>FIXED</type></wpt>
<wpt lat="-15.800628" lon="-48.076976"><name>Radar</name><desc>Fonte: DNIT · sentido 53° (nordeste)</desc><type>FIXED</type></wpt>
<wpt lat="-15.800598" lon="-48.122986"><name>Radar</name><desc>Fonte: DETRAN-DF</desc><type>FIXED</type></wpt>
<wpt lat="-15.800598" lon="-47.965698"><name>Radar</name><desc>Fonte: DETRAN-DF</desc><type>FIXED</type></wpt>
<wpt lat="-15.800598" lon="-47.946106"><name>Radar 80 km/h</name><desc>Fonte: DETRAN-DF</desc><type>FIXED</type></wpt>
<wpt lat="-15.800598" lon="-47.880981"><name>Radar</name><desc>Fonte: DETRAN-DF</desc><type>FIXED</type></wpt>
<wpt lat="-15.800567" lon="-48.059973"><name>Radar 60 km/h</name><desc>Fonte: OSM</desc><type>FIXED</type></wpt>
<wpt lat="-15.800476" lon="-48.059875"><name>Radar 60 km/h</name><desc>Fonte: DETRAN-DF</desc><type>FIXED</type></wpt>
<wpt lat="-15.800415" lon="-47.919006"><name>Radar</name><desc>Fonte: DETRAN-DF</desc><type>FIXED</type></wpt>
<wpt lat="-15.800293" lon="-48.124023"><name>Radar</name><desc>Fonte: DETRAN-DF</desc><type>FIXED</type></wpt>
<wpt lat="-15.800254" lon="-48.058586"><name>Radar 60 km/h</name><desc>Fonte: OSM</desc><type>FIXED</type></wpt>
<wpt lat="-15.800110" lon="-48.130981"><name>Radar</name><desc>Fonte: DETRAN-DF</desc><type>FIXED</type></wpt>
<wpt lat="-15.800110" lon="-48.058594"><name>Radar 60 km/h</name><desc>Fonte: DETRAN-DF</desc><type>FIXED</type></wpt>
<wpt lat="-15.800110" lon="-48.016479"><name>Radar</name><desc>Fonte: DETRAN-DF</desc><type>FIXED</type></wpt>
<wpt lat="-15.800110" lon="-47.944519"><name>Radar</name><desc>Fonte: DETRAN-DF</desc><type>FIXED</type></wpt>
<wpt lat="-15.799988" lon="-47.940430"><name>Radar</name><desc>Fonte: DETRAN-DF</desc><type>FIXED</type></wpt>
<wpt lat="-15.799988" lon="-47.921692"><name>Radar</name><desc>Fonte: DETRAN-DF</desc><type>FIXED</type></wpt>
<wpt lat="-15.799927" lon="-48.057922"><name>Radar 60 km/h</name><desc>Fonte: DETRAN-DF</desc><type>FIXED</type></wpt>
<wpt lat="-15.799927" lon="-47.918213"><name>Radar</name><desc>Fonte: DETRAN-DF</desc><type>FIXED</type></wpt>
<wpt lat="-15.799927" lon="-47.896790"><name>Radar 50 km/h</name><desc>Fonte: DETRAN-DF</desc><type>FIXED</type></wpt>
<wpt lat="-15.799805" lon="-47.942383"><name>Radar</name><desc>Fonte: DETRAN-DF</desc><type>FIXED</type></wpt>
<wpt lat="-15.799805" lon="-47.919983"><name>Radar</name><desc>Fonte: DETRAN-DF</desc><type>FIXED</type></wpt>
<wpt lat="-15.799805" lon="-47.919495"><name>Radar</name><desc>Fonte: DETRAN-DF</desc><type>FIXED</type></wpt>
<wpt lat="-15.799805" lon="-47.887207"><name>Radar 60 km/h</name><desc>Fonte: DETRAN-DF</desc><type>FIXED</type></wpt>
<wpt lat="-15.799683" lon="-48.042725"><name>Radar</name><desc>Fonte: DETRAN-DF</desc><type>FIXED</type></wpt>
<wpt lat="-15.799683" lon="-47.946289"><name>Radar 80 km/h</name><desc>Fonte: DETRAN-DF</desc><type>FIXED</type></wpt>
<wpt lat="-15.799683" lon="-47.940918"><name>Radar</name><desc>Fonte: DETRAN-DF</desc><type>FIXED</type></wpt>
<wpt lat="-15.799683" lon="-47.901489"><name>Radar</name><desc>Fonte: DETRAN-DF</desc><type>FIXED</type></wpt>
<wpt lat="-15.799500" lon="-48.056519"><name>Radar 60 km/h</name><desc>Fonte: DETRAN-DF</desc><type>FIXED</type></wpt>
<wpt lat="-15.799500" lon="-47.944275"><name>Radar</name><desc>Fonte: DETRAN-DF</desc><type>FIXED</type></wpt>
<wpt lat="-15.799377" lon="-48.057007"><name>Radar</name><desc>Fonte: DETRAN-DF</desc><type>FIXED</type></wpt>
<wpt lat="-15.799377" lon="-47.918823"><name>Radar</name><desc>Fonte: DETRAN-DF</desc><type>FIXED</type></wpt>
<wpt lat="-15.799377" lon="-47.918213"><name>Radar</name><desc>Fonte: DETRAN-DF</desc><type>FIXED</type></wpt>
<wpt lat="-15.799377" lon="-47.885315"><name>Radar 60 km/h</name><desc>Fonte: DETRAN-DF</desc><type>FIXED</type></wpt>
<wpt lat="-15.799377" lon="-47.880493"><name>Radar</name><desc>Fonte: DETRAN-DF</desc><type>FIXED</type></wpt>
<wpt lat="-15.799316" lon="-47.936890"><name>Radar</name><desc>Fonte: DETRAN-DF</desc><type>FIXED</type></wpt>
<wpt lat="-15.799316" lon="-47.920776"><name>Radar</name><desc>Fonte: DETRAN-DF</desc><type>FIXED</type></wpt>
<wpt lat="-15.799316" lon="-47.893005"><name>Radar 60 km/h</name><desc>Fonte: DETRAN-DF</desc><type>FIXED</type></wpt>
<wpt lat="-15.799194" lon="-48.087891"><name>Radar 80 km/h</name><desc>Fonte: DETRAN-DF</desc><type>FIXED</type></wpt>
<wpt lat="-15.799194" lon="-47.943481"><name>Radar</name><desc>Fonte: DETRAN-DF</desc><type>FIXED</type></wpt>
<wpt lat="-15.799194" lon="-47.868896"><name>Radar 60 km/h</name><desc>Fonte: DETRAN-DF</desc><type>FIXED</type></wpt>
<wpt lat="-15.799192" lon="-48.087775"><name>Radar</name><desc>Fonte: DNIT · sentido 308° (noroeste)</desc><type>FIXED</type></wpt>
<wpt lat="-15.799166" lon="-48.056415"><name>Radar</name><desc>Fonte: OSM</desc><type>FIXED</type></wpt>
<wpt lat="-15.799032" lon="-47.914308"><name>Radar 60 km/h</name><desc>Fonte: OSM</desc><type>FIXED</type></wpt>
<wpt lat="-15.799011" lon="-48.139709"><name>Radar</name><desc>Fonte: DETRAN-DF</desc><type>FIXED</type></wpt>
<wpt lat="-15.799011" lon="-48.103394"><name>Radar 50 km/h</name><desc>Fonte: DETRAN-DF</desc><type>FIXED</type></wpt>
<wpt lat="-15.799011" lon="-48.054626"><name>Radar</name><desc>Fonte: DETRAN-DF</desc><type>FIXED</type></wpt>
<wpt lat="-15.799011" lon="-48.016113"><name>Radar</name><desc>Fonte: DETRAN-DF</desc><type>FIXED</type></wpt>
<wpt lat="-15.799011" lon="-48.001526"><name>Radar</name><desc>Fonte: DETRAN-DF</desc><type>FIXED</type></wpt>
<wpt lat="-15.799011" lon="-47.937683"><name>Radar</name><desc>Fonte: DETRAN-DF</desc><type>FIXED</type></wpt>
<wpt lat="-15.798889" lon="-47.944214"><name>Radar</name><desc>Fonte: DETRAN-DF</desc><type>FIXED</type></wpt>
<wpt lat="-15.798889" lon="-47.919678"><name>Radar</name><desc>Fonte: DETRAN-DF</desc><type>FIXED</type></wpt>
<wpt lat="-15.798889" lon="-47.914185"><name>Radar 60 km/h</name><desc>Fonte: DETRAN-DF</desc><type>FIXED</type></wpt>
<wpt lat="-15.798889" lon="-47.889587"><name>Radar 60 km/h</name><desc>Fonte: DETRAN-DF</desc><type>FIXED</type></wpt>
<wpt lat="-15.798828" lon="-48.000488"><name>Radar 70 km/h</name><desc>Fonte: DETRAN-DF</desc><type>FIXED</type></wpt>
<wpt lat="-15.798828" lon="-47.938416"><name>Radar</name><desc>Fonte: DETRAN-DF</desc><type>FIXED</type></wpt>
<wpt lat="-15.798828" lon="-47.936584"><name>Radar</name><desc>Fonte: DETRAN-DF</desc><type>FIXED</type></wpt>
<wpt lat="-15.798706" lon="-48.050781"><name>Radar</name><desc>Fonte: DETRAN-DF</desc><type>FIXED</type></wpt>
<wpt lat="-15.798706" lon="-47.943298"><name>Radar</name><desc>Fonte: DETRAN-DF</desc><type>FIXED</type></wpt>
<wpt lat="-15.798584" lon="-47.941895"><name>Radar</name><desc>Fonte: DETRAN-DF</desc><type>FIXED</type></wpt>
<wpt lat="-15.798584" lon="-47.938782"><name>Radar</name><desc>Fonte: DETRAN-DF</desc><type>FIXED</type></wpt>
<wpt lat="-15.798584" lon="-47.918701"><name>Radar</name><desc>Fonte: DETRAN-DF</desc><type>FIXED</type></wpt>
<wpt lat="-15.798523" lon="-48.049011"><name>Radar</name><desc>Fonte: DETRAN-DF</desc><type>FIXED</type></wpt>
<wpt lat="-15.798401" lon="-48.052490"><name>Radar</name><desc>Fonte: DETRAN-DF</desc><type>FIXED</type></wpt>
<wpt lat="-15.798401" lon="-47.940613"><name>Radar</name><desc>Fonte: DETRAN-DF</desc><type>FIXED</type></wpt>
<wpt lat="-15.798279" lon="-47.943909"><name>Radar</name><desc>Fonte: DETRAN-DF</desc><type>FIXED</type></wpt>
<wpt lat="-15.798279" lon="-47.940125"><name>Radar</name><desc>Fonte: DETRAN-DF</desc><type>FIXED</type></wpt>
<wpt lat="-15.798218" lon="-47.861694"><name>Radar</name><desc>Fonte: DETRAN-DF</desc><type>FIXED</type></wpt>
<wpt lat="-15.798096" lon="-48.047913"><name>Radar</name><desc>Fonte: DETRAN-DF</desc><type>FIXED</type></wpt>
<wpt lat="-15.797913" lon="-48.015808"><name>Radar</name><desc>Fonte: DETRAN-DF</desc><type>FIXED</type></wpt>
<wpt lat="-15.797913" lon="-47.860596"><name>Radar</name><desc>Fonte: DETRAN-DF</desc><type>FIXED</type></wpt>
<wpt lat="-15.797791" lon="-48.109802"><name>Radar 60 km/h</name><desc>Fonte: DETRAN-DF</desc><type>FIXED</type></wpt>
<wpt lat="-15.797791" lon="-48.071716"><name>Radar 60 km/h</name><desc>Fonte: DETRAN-DF</desc><type>FIXED</type></wpt>
<wpt lat="-15.797791" lon="-48.042603"><name>Radar</name><desc>Fonte: DETRAN-DF</desc><type>FIXED</type></wpt>
<wpt lat="-15.797791" lon="-47.941528"><name>Radar</name><desc>Fonte: DETRAN-DF</desc><type>FIXED</type></wpt>
<wpt lat="-15.797607" lon="-48.140625"><name>Radar</name><desc>Fonte: DETRAN-DF</desc><type>FIXED</type></wpt>
<wpt lat="-15.797607" lon="-48.129578"><name>Radar 50 km/h</name><desc>Fonte: DETRAN-DF</desc><type>FIXED</type></wpt>
<wpt lat="-15.797607" lon="-47.891479"><name>Radar 60 km/h</name><desc>Fonte: DETRAN-DF</desc><type>FIXED</type></wpt>
<wpt lat="-15.797607" lon="-47.858887"><name>Radar</name><desc>Fonte: DETRAN-DF</desc><type>FIXED</type></wpt>
<wpt lat="-15.797485" lon="-48.047180"><name>Radar</name><desc>Fonte: DETRAN-DF</desc><type>FIXED</type></wpt>
<wpt lat="-15.797485" lon="-48.045776"><name>Radar</name><desc>Fonte: DETRAN-DF</desc><type>FIXED</type></wpt>
<wpt lat="-15.797485" lon="-48.045288"><name>Radar</name><desc>Fonte: DETRAN-DF</desc><type>FIXED</type></wpt>
<wpt lat="-15.797485" lon="-48.042908"><name>Radar</name><desc>Fonte: DETRAN-DF</desc><type>FIXED</type></wpt>
<wpt lat="-15.797485" lon="-47.942505"><name>Radar</name><desc>Fonte: DETRAN-DF</desc><type>FIXED</type></wpt>
<wpt lat="-15.797485" lon="-47.940308"><name>Radar</name><desc>Fonte: DETRAN-DF</desc><type>FIXED</type></wpt>
<wpt lat="-15.797485" lon="-47.883911"><name>Radar 60 km/h</name><desc>Fonte: DETRAN-DF</desc><type>FIXED</type></wpt>
<wpt lat="-15.797485" lon="-47.853210"><name>Radar 80 km/h</name><desc>Fonte: DETRAN-DF</desc><type>FIXED</type></wpt>
<wpt lat="-15.797424" lon="-48.125122"><name>Radar</name><desc>Fonte: DETRAN-DF</desc><type>FIXED</type></wpt>
<wpt lat="-15.797424" lon="-48.015808"><name>Radar</name><desc>Fonte: DETRAN-DF</desc><type>FIXED</type></wpt>
<wpt lat="-15.797424" lon="-47.941589"><name>Radar</name><desc>Fonte: DETRAN-DF</desc><type>FIXED</type></wpt>
<wpt lat="-15.797424" lon="-47.911621"><name>Radar</name><desc>Fonte: DETRAN-DF</desc><type>FIXED</type></wpt>
<wpt lat="-15.797302" lon="-48.129883"><name>Radar 50 km/h</name><desc>Fonte: DETRAN-DF</desc><type>FIXED</type></wpt>
<wpt lat="-15.797302" lon="-47.892090"><name>Radar 60 km/h</name><desc>Fonte: DETRAN-DF</desc><type>FIXED</type></wpt>
<wpt lat="-15.797302" lon="-47.884583"><name>Radar 60 km/h</name><desc>Fonte: DETRAN-DF</desc><type>FIXED</type></wpt>
<wpt lat="-15.797302" lon="-47.783691"><name>Radar 50 km/h</name><desc>Fonte: DETRAN-DF</desc><type>FIXED</type></wpt>
<wpt lat="-15.797180" lon="-47.934509"><name>Radar</name><desc>Fonte: DETRAN-DF</desc><type>FIXED</type></wpt>
<wpt lat="-15.797180" lon="-47.863892"><name>Radar</name><desc>Fonte: DETRAN-DF</desc><type>FIXED</type></wpt>
<wpt lat="-15.797180" lon="-47.857910"><name>Radar</name><desc>Fonte: DETRAN-DF</desc><type>FIXED</type></wpt>
<wpt lat="-15.797180" lon="-47.856812"><name>Radar</name><desc>Fonte: DETRAN-DF</desc><type>FIXED</type></wpt>
<wpt lat="-15.797119" lon="-48.001587"><name>Radar</name><desc>Fonte: DETRAN-DF</desc><type>FIXED</type></wpt>
<wpt lat="-15.797119" lon="-47.943481"><name>Radar</name><desc>Fonte: DETRAN-DF</desc><type>FIXED</type></wpt>
<wpt lat="-15.796997" lon="-47.938599"><name>Radar</name><desc>Fonte: DETRAN-DF</desc><type>FIXED</type></wpt>
<wpt lat="-15.796997" lon="-47.849426"><name>Radar</name><desc>Fonte: DETRAN-DF</desc><type>FIXED</type></wpt>
<wpt lat="-15.796992" lon="-48.191315"><name>Radar</name><desc>Fonte: DNIT · sentido 287° (oeste)</desc><type>FIXED</type></wpt>
<wpt lat="-15.796916" lon="-48.191641"><name>Radar 60 km/h</name><desc>Fonte: OSM</desc><type>FIXED</type></wpt>
<wpt lat="-15.796900" lon="-48.173600"><name>Radar</name><desc>Fonte: DNIT · sentido 71° (leste)</desc><type>FIXED</type></wpt>
<wpt lat="-15.796892" lon="-48.091763"><name>Radar</name><desc>Fonte: DNIT · sentido 123° (sudeste)</desc><type>FIXED</type></wpt>
<wpt lat="-15.796875" lon="-48.120483"><name>Radar</name><desc>Fonte: DETRAN-DF</desc><type>FIXED</type></wpt>
<wpt lat="-15.796875" lon="-47.859009"><name>Radar</name><desc>Fonte: DETRAN-DF</desc><type>FIXED</type></wpt>
<wpt lat="-15.796814" lon="-48.091797"><name>Radar 80 km/h</name><desc>Fonte: DETRAN-DF</desc><type>FIXED</type></wpt>
<wpt lat="-15.796692" lon="-47.939880"><name>Radar</name><desc>Fonte: DETRAN-DF</desc><type>FIXED</type></wpt>
<wpt lat="-15.796692" lon="-47.938293"><name>Radar</name><desc>Fonte: DETRAN-DF</desc><type>FIXED</type></wpt>
<wpt lat="-15.796692" lon="-47.870422"><name>Radar 60 km/h</name><desc>Fonte: DETRAN-DF</desc><type>FIXED</type></wpt>
<wpt lat="-15.796692" lon="-47.850403"><name>Radar</name><desc>Fonte: DETRAN-DF</desc><type>FIXED</type></wpt>
<wpt lat="-15.796509" lon="-47.945190"><name>Radar 80 km/h</name><desc>Fonte: DETRAN-DF</desc><type>FIXED</type></wpt>
<wpt lat="-15.796509" lon="-47.936829"><name>Radar</name><desc>Fonte: DETRAN-DF</desc><type>FIXED</type></wpt>
<wpt lat="-15.796509" lon="-47.933289"><name>Radar</name><desc>Fonte: DETRAN-DF</desc><type>FIXED</type></wpt>
<wpt lat="-15.796509" lon="-47.877380"><name>Radar 60 km/h</name><desc>Fonte: DETRAN-DF</desc><type>FIXED</type></wpt>
<wpt lat="-15.796509" lon="-47.853210"><name>Radar 80 km/h</name><desc>Fonte: DETRAN-DF</desc><type>FIXED</type></wpt>
<wpt lat="-15.796410" lon="-47.853403"><name>Radar 80 km/h</name><desc>Fonte: OSM</desc><type>FIXED</type></wpt>
<wpt lat="-15.796387" lon="-47.941101"><name>Radar</name><desc>Fonte: DETRAN-DF</desc><type>FIXED</type></wpt>
<wpt lat="-15.796387" lon="-47.938904"><name>Radar</name><desc>Fonte: DETRAN-DF</desc><type>FIXED</type></wpt>
<wpt lat="-15.796387" lon="-47.865112"><name>Radar</name><desc>Fonte: DETRAN-DF</desc><type>FIXED</type></wpt>
<wpt lat="-15.796387" lon="-47.851624"><name>Radar</name><desc>Fonte: DETRAN-DF</desc><type>FIXED</type></wpt>
<wpt lat="-15.796204" lon="-48.054993"><name>Radar 60 km/h</name><desc>Fonte: DETRAN-DF</desc><type>FIXED</type></wpt>
<wpt lat="-15.796204" lon="-48.015808"><name>Radar</name><desc>Fonte: DETRAN-DF</desc><type>FIXED</type></wpt>
<wpt lat="-15.796204" lon="-47.943176"><name>Radar</name><desc>Fonte: DETRAN-DF</desc><type>FIXED</type></wpt>
<wpt lat="-15.796204" lon="-47.936096"><name>Radar</name><desc>Fonte: DETRAN-DF</desc><type>FIXED</type></wpt>
<wpt lat="-15.796204" lon="-47.846680"><name>Radar</name><desc>Fonte: DETRAN-DF</desc><type>FIXED</type></wpt>
<wpt lat="-15.796082" lon="-47.847412"><name>Radar</name><desc>Fonte: DETRAN-DF</desc><type>FIXED</type></wpt>
<wpt lat="-15.796021" lon="-47.939697"><name>Radar</name><desc>Fonte: DETRAN-DF</desc><type>FIXED</type></wpt>
<wpt lat="-15.796021" lon="-47.923828"><name>Radar</name><desc>Fonte: DETRAN-DF</desc><type>FIXED</type></wpt>
<wpt lat="-15.795898" lon="-48.107910"><name>Radar</name><desc>Fonte: DETRAN-DF</desc><type>FIXED</type></wpt>
<wpt lat="-15.795776" lon="-47.969482"><name>Radar 80 km/h</name><desc>Fonte: DETRAN-DF</desc><type>FIXED</type></wpt>
<wpt lat="-15.795776" lon="-47.940979"><name>Radar</name><desc>Fonte: DETRAN-DF</desc><type>FIXED</type></wpt>
<wpt lat="-15.795776" lon="-47.913025"><name>Radar 60 km/h</name><desc>Fonte: DETRAN-DF</desc><type>FIXED</type></wpt>
<wpt lat="-15.795776" lon="-47.846985"><name>Radar</name><desc>Fonte: DETRAN-DF</desc><type>FIXED</type></wpt>
<wpt lat="-15.795776" lon="-47.783386"><name>Radar</name><desc>Fonte: DETRAN-DF</desc><type>FIXED</type></wpt>
<wpt lat="-15.795715" lon="-47.941711"><name>Radar</name><desc>Fonte: DETRAN-DF</desc><type>FIXED</type></wpt>
<wpt lat="-15.795715" lon="-47.940308"><name>Radar</name><desc>Fonte: DETRAN-DF</desc><type>FIXED</type></wpt>
<wpt lat="-15.795715" lon="-47.890808"><name>Radar 60 km/h</name><desc>Fonte: DETRAN-DF</desc><type>FIXED</type></wpt>
<wpt lat="-15.795715" lon="-47.848206"><name>Radar</name><desc>Fonte: DETRAN-DF</desc><type>FIXED</type></wpt>
<wpt lat="-15.795715" lon="-47.783386"><name>Radar</name><desc>Fonte: DETRAN-DF</desc><type>FIXED</type></wpt>
<wpt lat="-15.795671" lon="-47.969010"><name>Radar</name><desc>Fonte: OSM</desc><type>FIXED</type></wpt>
<wpt lat="-15.795593" lon="-48.001587"><name>Radar</name><desc>Fonte: DETRAN-DF</desc><type>FIXED</type></wpt>
<wpt lat="-15.795593" lon="-47.936279"><name>Radar</name><desc>Fonte: DETRAN-DF</desc><type>FIXED</type></wpt>
<wpt lat="-15.795593" lon="-47.914795"><name>Radar</name><desc>Fonte: DETRAN-DF</desc><type>FIXED</type></wpt>
<wpt lat="-15.795593" lon="-47.852112"><name>Radar</name><desc>Fonte: DETRAN-DF</desc><type>FIXED</type></wpt>
<wpt lat="-15.795593" lon="-47.845886"><name>Radar</name><desc>Fonte: DETRAN-DF</desc><type>FIXED</type></wpt>
<wpt lat="-15.795500" lon="-48.169900"><name>Radar</name><desc>Fonte: DNIT · sentido 253° (oeste)</desc><type>FIXED</type></wpt>
<wpt lat="-15.795410" lon="-48.109192"><name>Radar</name><desc>Fonte: DETRAN-DF</desc><type>FIXED</type></wpt>
<wpt lat="-15.795410" lon="-47.969727"><name>Radar 80 km/h</name><desc>Fonte: DETRAN-DF</desc><type>FIXED</type></wpt>
<wpt lat="-15.795410" lon="-47.914429"><name>Radar</name><desc>Fonte: DETRAN-DF</desc><type>FIXED</type></wpt>
<wpt lat="-15.795410" lon="-47.852600"><name>Radar</name><desc>Fonte: DETRAN-DF</desc><type>FIXED</type></wpt>
<wpt lat="-15.795410" lon="-47.849976"><name>Radar</name><desc>Fonte: DETRAN-DF</desc><type>FIXED</type></wpt>
<wpt lat="-15.795410" lon="-47.849609"><name>Radar</name><desc>Fonte: DETRAN-DF</desc><type>FIXED</type></wpt>
<wpt lat="-15.795410" lon="-47.846802"><name>Radar</name><desc>Fonte: DETRAN-DF</desc><type>FIXED</type></wpt>
<wpt lat="-15.795336" lon="-48.064663"><name>Radar</name><desc>Fonte: DNIT · sentido 252° (oeste)</desc><type>FIXED</type></wpt>
<wpt lat="-15.795288" lon="-48.064392"><name>Radar 60 km/h</name><desc>Fonte: DETRAN-DF</desc><type>FIXED</type></wpt>
<wpt lat="-15.795288" lon="-47.942993"><name>Radar</name><desc>Fonte: DETRAN-DF</desc><type>FIXED</type></wpt>
<wpt lat="-15.795288" lon="-47.890808"><name>Radar 60 km/h</name><desc>Fonte: DETRAN-DF</desc><type>FIXED</type></wpt>
<wpt lat="-15.795288" lon="-47.853210"><name>Radar</name><desc>Fonte: DETRAN-DF</desc><type>FIXED</type></wpt>
<wpt lat="-15.795288" lon="-47.847412"><name>Radar</name><desc>Fonte: DETRAN-DF</desc><type>FIXED</type></wpt>
<wpt lat="-15.795227" lon="-47.922485"><name>Radar</name><desc>Fonte: DETRAN-DF</desc><type>FIXED</type></wpt>
<wpt lat="-15.795227" lon="-47.851013"><name>Radar</name><desc>Fonte: DETRAN-DF</desc><type>FIXED</type></wpt>
<wpt lat="-15.795218" lon="-48.064218"><name>Radar</name><desc>Fonte: OSM</desc><type>FIXED</type></wpt>
<wpt lat="-15.795105" lon="-47.939514"><name>Radar</name><desc>Fonte: DETRAN-DF</desc><type>FIXED</type></wpt>
<wpt lat="-15.795105" lon="-47.883179"><name>Radar 60 km/h</name><desc>Fonte: DETRAN-DF</desc><type>FIXED</type></wpt>
<wpt lat="-15.795105" lon="-47.869080"><name>Radar</name><desc>Fonte: DETRAN-DF</desc><type>FIXED</type></wpt>
<wpt lat="-15.795105" lon="-47.847900"><name>Radar</name><desc>Fonte: DETRAN-DF</desc><type>FIXED</type></wpt>
<wpt lat="-15.794983" lon="-47.917297"><name>Radar 60 km/h</name><desc>Fonte: DETRAN-DF</desc><type>FIXED</type></wpt>
<wpt lat="-15.794983" lon="-47.849792"><name>Radar</name><desc>Fonte: DETRAN-DF</desc><type>FIXED</type></wpt>
<wpt lat="-15.794983" lon="-47.847595"><name>Radar</name><desc>Fonte: DETRAN-DF</desc><type>FIXED</type></wpt>
<wpt lat="-15.794922" lon="-47.852112"><name>Radar</name><desc>Fonte: DETRAN-DF</desc><type>FIXED</type></wpt>
<wpt lat="-15.794922" lon="-47.850708"><name>Radar</name><desc>Fonte: DETRAN-DF</desc><type>FIXED</type></wpt>
<wpt lat="-15.794806" lon="-48.199737"><name>Radar 60 km/h</name><desc>Fonte: OSM</desc><type>FIXED</type></wpt>
<wpt lat="-15.794800" lon="-47.940796"><name>Radar</name><desc>Fonte: DETRAN-DF</desc><type>FIXED</type></wpt>
<wpt lat="-15.794678" lon="-48.141113"><name>Radar</name><desc>Fonte: DETRAN-DF</desc><type>FIXED</type></wpt>
<wpt lat="-15.794678" lon="-47.934082"><name>Radar</name><desc>Fonte: DETRAN-DF</desc><type>FIXED</type></wpt>
<wpt lat="-15.794678" lon="-47.853210"><name>Radar</name><desc>Fonte: DETRAN-DF</desc><type>FIXED</type></wpt>
<wpt lat="-15.794678" lon="-47.851196"><name>Radar</name><desc>Fonte: DETRAN-DF</desc><type>FIXED</type></wpt>
<wpt lat="-15.794617" lon="-47.939880"><name>Radar</name><desc>Fonte: DETRAN-DF</desc><type>FIXED</type></wpt>
<wpt lat="-15.794495" lon="-47.942627"><name>Radar</name><desc>Fonte: DETRAN-DF</desc><type>FIXED</type></wpt>
<wpt lat="-15.794495" lon="-47.933411"><name>Radar 60 km/h</name><desc>Fonte: DETRAN-DF</desc><type>FIXED</type></wpt>
<wpt lat="-15.794495" lon="-47.852295"><name>Radar</name><desc>Fonte: DETRAN-DF</desc><type>FIXED</type></wpt>
<wpt lat="-15.794495" lon="-47.851807"><name>Radar</name><desc>Fonte: DETRAN-DF</desc><type>FIXED</type></wpt>
<wpt lat="-15.794495" lon="-47.850403"><name>Radar</name><desc>Fonte: DETRAN-DF</desc><type>FIXED</type></wpt>
<wpt lat="-15.794476" lon="-48.199730"><name>Radar 60 km/h</name><desc>Fonte: OSM</desc><type>FIXED</type></wpt>
<wpt lat="-15.794312" lon="-48.130188"><name>Radar</name><desc>Fonte: DETRAN-DF</desc><type>FIXED</type></wpt>
<wpt lat="-15.794312" lon="-48.054504"><name>Radar 60 km/h</name><desc>Fonte: DETRAN-DF</desc><type>FIXED</type></wpt>
<wpt lat="-15.794312" lon="-47.885010"><name>Radar 60 km/h</name><desc>Fonte: DETRAN-DF</desc><type>FIXED</type></wpt>
<wpt lat="-15.794128" lon="-47.885010"><name>Radar 60 km/h</name><desc>Fonte: DETRAN-DF</desc><type>FIXED</type></wpt>
<wpt lat="-15.794128" lon="-47.853882"><name>Radar</name><desc>Fonte: DETRAN-DF</desc><type>FIXED</type></wpt>
<wpt lat="-15.794128" lon="-47.850525"><name>Radar</name><desc>Fonte: DETRAN-DF</desc><type>FIXED</type></wpt>
<wpt lat="-15.794006" lon="-48.129395"><name>Radar</name><desc>Fonte: DETRAN-DF</desc><type>FIXED</type></wpt>
<wpt lat="-15.794006" lon="-48.001587"><name>Radar</name><desc>Fonte: DETRAN-DF</desc><type>FIXED</type></wpt>
<wpt lat="-15.794006" lon="-47.941895"><name>Radar</name><desc>Fonte: DETRAN-DF</desc><type>FIXED</type></wpt>
<wpt lat="-15.794006" lon="-47.941101"><name>Radar</name><desc>Fonte: DETRAN-DF</desc><type>FIXED</type></wpt>
<wpt lat="-15.794006" lon="-47.937683"><name>Radar</name><desc>Fonte: DETRAN-DF</desc><type>FIXED</type></wpt>
<wpt lat="-15.794006" lon="-47.922180"><name>Radar</name><desc>Fonte: DETRAN-DF</desc><type>FIXED</type></wpt>
<wpt lat="-15.794006" lon="-47.849915"><name>Radar</name><desc>Fonte: DETRAN-DF</desc><type>FIXED</type></wpt>
<wpt lat="-15.794006" lon="-47.848206"><name>Radar</name><desc>Fonte: DETRAN-DF</desc><type>FIXED</type></wpt>
<wpt lat="-15.793884" lon="-48.128784"><name>Radar</name><desc>Fonte: DETRAN-DF</desc><type>FIXED</type></wpt>
<wpt lat="-15.793884" lon="-47.848816"><name>Radar</name><desc>Fonte: DETRAN-DF</desc><type>FIXED</type></wpt>
<wpt lat="-15.793823" lon="-47.942383"><name>Radar</name><desc>Fonte: DETRAN-DF</desc><type>FIXED</type></wpt>
<wpt lat="-15.793823" lon="-47.851624"><name>Radar</name><desc>Fonte: DETRAN-DF</desc><type>FIXED</type></wpt>
<wpt lat="-15.793701" lon="-47.938904"><name>Radar</name><desc>Fonte: DETRAN-DF</desc><type>FIXED</type></wpt>
<wpt lat="-15.793701" lon="-47.909485"><name>Radar</name><desc>Fonte: DETRAN-DF</desc><type>FIXED</type></wpt>
<wpt lat="-15.793701" lon="-47.873413"><name>Radar</name><desc>Fonte: DETRAN-DF</desc><type>FIXED</type></wpt>
<wpt lat="-15.793701" lon="-47.851013"><name>Radar</name><desc>Fonte: DETRAN-DF</desc><type>FIXED</type></wpt>
<wpt lat="-15.793701" lon="-47.850525"><name>Radar</name><desc>Fonte: DETRAN-DF</desc><type>FIXED</type></wpt>
<wpt lat="-15.793701" lon="-47.847717"><name>Radar</name><desc>Fonte: DETRAN-DF</desc><type>FIXED</type></wpt>
<wpt lat="-15.793701" lon="-47.780884"><name>Radar 60 km/h</name><desc>Fonte: DETRAN-DF</desc><type>FIXED</type></wpt>
<wpt lat="-15.793579" lon="-48.121704"><name>Radar</name><desc>Fonte: DETRAN-DF</desc><type>FIXED</type></wpt>
<wpt lat="-15.793579" lon="-47.933594"><name>Radar</name><desc>Fonte: DETRAN-DF</desc><type>FIXED</type></wpt>
<wpt lat="-15.793579" lon="-47.932800"><name>Radar</name><desc>Fonte: DETRAN-DF</desc><type>FIXED</type></wpt>
<wpt lat="-15.793579" lon="-47.852112"><name>Radar</name><desc>Fonte: DETRAN-DF</desc><type>FIXED</type></wpt>
<wpt lat="-15.793579" lon="-47.850708"><name>Radar</name><desc>Fonte: DETRAN-DF</desc><type>FIXED</type></wpt>
<wpt lat="-15.793579" lon="-47.848328"><name>Radar</name><desc>Fonte: DETRAN-DF</desc><type>FIXED</type></wpt>
<wpt lat="-15.793579" lon="-47.845276"><name>Radar</name><desc>Fonte: DETRAN-DF</desc><type>FIXED</type></wpt>
<wpt lat="-15.793518" lon="-48.124390"><name>Radar</name><desc>Fonte: DETRAN-DF</desc><type>FIXED</type></wpt>
<wpt lat="-15.793518" lon="-47.880310"><name>Radar 60 km/h</name><desc>Fonte: DETRAN-DF</desc><type>FIXED</type></wpt>
<wpt lat="-15.793518" lon="-47.850708"><name>Radar</name><desc>Fonte: DETRAN-DF</desc><type>FIXED</type></wpt>
<wpt lat="-15.793518" lon="-47.848511"><name>Radar</name><desc>Fonte: DETRAN-DF</desc><type>FIXED</type></wpt>
<wpt lat="-15.793518" lon="-47.846680"><name>Radar</name><desc>Fonte: DETRAN-DF</desc><type>FIXED</type></wpt>
<wpt lat="-15.793518" lon="-47.783325"><name>Radar</name><desc>Fonte: DETRAN-DF</desc><type>FIXED</type></wpt>
<wpt lat="-15.793396" lon="-48.141907"><name>Radar</name><desc>Fonte: DETRAN-DF</desc><type>FIXED</type></wpt>
<wpt lat="-15.793396" lon="-48.127380"><name>Radar</name><desc>Fonte: DETRAN-DF</desc><type>FIXED</type></wpt>
<wpt lat="-15.793396" lon="-48.015808"><name>Radar</name><desc>Fonte: DETRAN-DF</desc><type>FIXED</type></wpt>
<wpt lat="-15.793396" lon="-47.916504"><name>Radar</name><desc>Fonte: DETRAN-DF</desc><type>FIXED</type></wpt>
<wpt lat="-15.793396" lon="-47.850220"><name>Radar</name><desc>Fonte: DETRAN-DF</desc><type>FIXED</type></wpt>
<wpt lat="-15.793396" lon="-47.849182"><name>Radar</name><desc>Fonte: DETRAN-DF</desc><type>FIXED</type></wpt>
<wpt lat="-15.793396" lon="-47.847595"><name>Radar</name><desc>Fonte: DETRAN-DF</desc><type>FIXED</type></wpt>
<wpt lat="-15.793213" lon="-48.126526"><name>Radar</name><desc>Fonte: DETRAN-DF</desc><type>FIXED</type></wpt>
<wpt lat="-15.793213" lon="-47.943604"><name>Radar 80 km/h</name><desc>Fonte: DETRAN-DF</desc><type>FIXED</type></wpt>
<wpt lat="-15.793213" lon="-47.939575"><name>Radar</name><desc>Fonte: DETRAN-DF</desc><type>FIXED</type></wpt>
<wpt lat="-15.793213" lon="-47.852295"><name>Radar</name><desc>Fonte: DETRAN-DF</desc><type>FIXED</type></wpt>
<wpt lat="-15.793091" lon="-47.997925"><name>Radar 70 km/h</name><desc>Fonte: DETRAN-DF</desc><type>FIXED</type></wpt>
<wpt lat="-15.793091" lon="-47.851379"><name>Radar</name><desc>Fonte: DETRAN-DF</desc><type>FIXED</type></wpt>
<wpt lat="-15.793091" lon="-47.848511"><name>Radar</name><desc>Fonte: DETRAN-DF</desc><type>FIXED</type></wpt>
<wpt lat="-15.793030" lon="-47.986328"><name>Radar</name><desc>Fonte: DETRAN-DF</desc><type>FIXED</type></wpt>
<wpt lat="-15.793030" lon="-47.851685"><name>Radar</name><desc>Fonte: DETRAN-DF</desc><type>FIXED</type></wpt>
<wpt lat="-15.793030" lon="-47.849304"><name>Radar</name><desc>Fonte: DETRAN-DF</desc><type>FIXED</type></wpt>
<wpt lat="-15.792908" lon="-48.015808"><name>Radar</name><desc>Fonte: DETRAN-DF</desc><type>FIXED</type></wpt>
<wpt lat="-15.792908" lon="-47.934509"><name>Radar</name><desc>Fonte: DETRAN-DF</desc><type>FIXED</type></wpt>
<wpt lat="-15.792786" lon="-48.125793"><name>Radar</name><desc>Fonte: DETRAN-DF</desc><type>FIXED</type></wpt>
<wpt lat="-15.792690" lon="-48.102011"><name>Radar</name><desc>Fonte: DNIT · sentido 112° (leste)</desc><type>FIXED</type></wpt>
<wpt lat="-15.792618" lon="-48.101961"><name>Radar 80 km/h</name><desc>Fonte: OSM</desc><type>FIXED</type></wpt>
<wpt lat="-15.792603" lon="-47.895996"><name>Radar</name><desc>Fonte: DETRAN-DF</desc><type>FIXED</type></wpt>
<wpt lat="-15.792603" lon="-47.882385"><name>Radar 60 km/h</name><desc>Fonte: DETRAN-DF</desc><type>FIXED</type></wpt>
<wpt lat="-15.792603" lon="-47.851013"><name>Radar</name><desc>Fonte: DETRAN-DF</desc><type>FIXED</type></wpt>
<wpt lat="-15.792603" lon="-47.849792"><name>Radar</name><desc>Fonte: DETRAN-DF</desc><type>FIXED</type></wpt>
<wpt lat="-15.792603" lon="-47.845825"><name>Radar</name><desc>Fonte: DETRAN-DF</desc><type>FIXED</type></wpt>
<wpt lat="-15.792603" lon="-47.845093"><name>Radar</name><desc>Fonte: DETRAN-DF</desc><type>FIXED</type></wpt>
<wpt lat="-15.792480" lon="-48.124817"><name>Radar</name><desc>Fonte: DETRAN-DF</desc><type>FIXED</type></wpt>
<wpt lat="-15.792480" lon="-47.920593"><name>Radar</name><desc>Fonte: DETRAN-DF</desc><type>FIXED</type></wpt>
<wpt lat="-15.792480" lon="-47.882324"><name>Radar 60 km/h</name><desc>Fonte: DETRAN-DF</desc><type>FIXED</type></wpt>
<wpt lat="-15.792480" lon="-47.851807"><name>Radar</name><desc>Fonte: DETRAN-DF</desc><type>FIXED</type></wpt>
<wpt lat="-15.792480" lon="-47.847717"><name>Radar</name><desc>Fonte: DETRAN-DF</desc><type>FIXED</type></wpt>
<wpt lat="-15.792480" lon="-47.845520"><name>Radar</name><desc>Fonte: DETRAN-DF</desc><type>FIXED</type></wpt>
<wpt lat="-15.792480" lon="-47.845215"><name>Radar</name><desc>Fonte: DETRAN-DF</desc><type>FIXED</type></wpt>
<wpt lat="-15.792419" lon="-47.937500"><name>Radar</name><desc>Fonte: DETRAN-DF</desc><type>FIXED</type></wpt>
<wpt lat="-15.792419" lon="-47.937195"><name>Radar</name><desc>Fonte: DETRAN-DF</desc><type>FIXED</type></wpt>
<wpt lat="-15.792297" lon="-47.943787"><name>Radar 80 km/h</name><desc>Fonte: DETRAN-DF</desc><type>FIXED</type></wpt>
<wpt lat="-15.792297" lon="-47.866699"><name>Radar</name><desc>Fonte: DETRAN-DF</desc><type>FIXED</type></wpt>
<wpt lat="-15.792297" lon="-47.854614"><name>Radar</name><desc>Fonte: DETRAN-DF</desc><type>FIXED</type></wpt>
<wpt lat="-15.792297" lon="-47.848511"><name>Radar</name><desc>Fonte: DETRAN-DF</desc><type>FIXED</type></wpt>
<wpt lat="-15.792297" lon="-47.845886"><name>Radar</name><desc>Fonte: DETRAN-DF</desc><type>FIXED</type></wpt>
<wpt lat="-15.792175" lon="-47.940491"><name>Radar</name><desc>Fonte: DETRAN-DF</desc><type>FIXED</type></wpt>
<wpt lat="-15.792175" lon="-47.847290"><name>Radar</name><desc>Fonte: DETRAN-DF</desc><type>FIXED</type></wpt>
<wpt lat="-15.792114" lon="-47.849304"><name>Radar</name><desc>Fonte: DETRAN-DF</desc><type>FIXED</type></wpt>
<wpt lat="-15.791992" lon="-48.141907"><name>Radar</name><desc>Fonte: DETRAN-DF</desc><type>FIXED</type></wpt>
<wpt lat="-15.791992" lon="-47.893799"><name>Radar 60 km/h</name><desc>Fonte: DETRAN-DF</desc><type>FIXED</type></wpt>
<wpt lat="-15.791992" lon="-47.867676"><name>Radar</name><desc>Fonte: DETRAN-DF</desc><type>FIXED</type></wpt>
<wpt lat="-15.791992" lon="-47.848206"><name>Radar</name><desc>Fonte: DETRAN-DF</desc><type>FIXED</type></wpt>
<wpt lat="-15.791809" lon="-47.947510"><name>Radar 50 km/h</name><desc>Fonte: DETRAN-DF</desc><type>FIXED</type></wpt>
<wpt lat="-15.791809" lon="-47.941711"><name>Radar</name><desc>Fonte: DETRAN-DF</desc><type>FIXED</type></wpt>
<wpt lat="-15.791809" lon="-47.940308"><name>Radar</name><desc>Fonte: DETRAN-DF</desc><type>FIXED</type></wpt>
<wpt lat="-15.791809" lon="-47.916382"><name>Radar</name><desc>Fonte: DETRAN-DF</desc><type>FIXED</type></wpt>
<wpt lat="-15.791809" lon="-47.857910"><name>Radar 80 km/h</name><desc>Fonte: DETRAN-DF</desc><type>FIXED</type></wpt>
<wpt lat="-15.791809" lon="-47.854492"><name>Radar</name><desc>Fonte: DETRAN-DF</desc><type>FIXED</type></wpt>
<wpt lat="-15.791809" lon="-47.849609"><name>Radar</name><desc>Fonte: DETRAN-DF</desc><type>FIXED</type></wpt>
<wpt lat="-15.791809" lon="-47.847412"><name>Radar</name><desc>Fonte: DETRAN-DF</desc><type>FIXED</type></wpt>
<wpt lat="-15.791809" lon="-47.847107"><name>Radar</name><desc>Fonte: DETRAN-DF</desc><type>FIXED</type></wpt>
<wpt lat="-15.791690" lon="-48.155530"><name>Radar</name><desc>Fonte: DNIT · sentido 73° (leste)</desc><type>FIXED</type></wpt>
<wpt lat="-15.791687" lon="-47.848389"><name>Radar</name><desc>Fonte: DETRAN-DF</desc><type>FIXED</type></wpt>
<wpt lat="-15.791687" lon="-47.846619"><name>Radar</name><desc>Fonte: DETRAN-DF</desc><type>FIXED</type></wpt>
<wpt lat="-15.791687" lon="-47.845703"><name>Radar</name><desc>Fonte: DETRAN-DF</desc><type>FIXED</type></wpt>
<wpt lat="-15.791626" lon="-47.941284"><name>Radar</name><desc>Fonte: DETRAN-DF</desc><type>FIXED</type></wpt>
<wpt lat="-15.791626" lon="-47.851013"><name>Radar</name><desc>Fonte: DETRAN-DF</desc><type>FIXED</type></wpt>
<wpt lat="-15.791626" lon="-47.849182"><name>Radar</name><desc>Fonte: DETRAN-DF</desc><type>FIXED</type></wpt>
<wpt lat="-15.791504" lon="-47.940918"><name>Radar</name><desc>Fonte: DETRAN-DF</desc><type>FIXED</type></wpt>
<wpt lat="-15.791504" lon="-47.936829"><name>Radar</name><desc>Fonte: DETRAN-DF</desc><type>FIXED</type></wpt>
<wpt lat="-15.791504" lon="-47.847717"><name>Radar</name><desc>Fonte: DETRAN-DF</desc><type>FIXED</type></wpt>
<wpt lat="-15.791415" lon="-48.049064"><name>Radar</name><desc>Fonte: OSM</desc><type>FIXED</type></wpt>
<wpt lat="-15.791382" lon="-48.104614"><name>Radar 60 km/h</name><desc>Fonte: DETRAN-DF</desc><type>FIXED</type></wpt>
<wpt lat="-15.791382" lon="-48.048279"><name>Radar 80 km/h</name><desc>Fonte: DETRAN-DF</desc><type>FIXED</type></wpt>
<wpt lat="-15.791382" lon="-48.001709"><name>Radar</name><desc>Fonte: DETRAN-DF</desc><type>FIXED</type></wpt>
<wpt lat="-15.791382" lon="-47.869629"><name>Radar</name><desc>Fonte: DETRAN-DF</desc><type>FIXED</type></wpt>
<wpt lat="-15.791382" lon="-47.851624"><name>Radar</name><desc>Fonte: DETRAN-DF</desc><type>FIXED</type></wpt>
<wpt lat="-15.791321" lon="-48.048401"><name>Radar 80 km/h</name><desc>Fonte: DETRAN-DF</desc><type>FIXED</type></wpt>
<wpt lat="-15.791321" lon="-47.940430"><name>Radar</name><desc>Fonte: DETRAN-DF</desc><type>FIXED</type></wpt>
<wpt lat="-15.791321" lon="-47.937988"><name>Radar</name><desc>Fonte: DETRAN-DF</desc><type>FIXED</type></wpt>
<wpt lat="-15.791321" lon="-47.850891"><name>Radar</name><desc>Fonte: DETRAN-DF</desc><type>FIXED</type></wpt>
<wpt lat="-15.791312" lon="-48.104685"><name>Radar</name><desc>Fonte: DNIT · sentido 292° (oeste)</desc><type>FIXED</type></wpt>
<wpt lat="-15.791199" lon="-47.898376"><name>Radar</name><desc>Fonte: DETRAN-DF</desc><type>FIXED</type></wpt>
<wpt lat="-15.791199" lon="-47.870483"><name>Radar</name><desc>Fonte: DETRAN-DF</desc><type>FIXED</type></wpt>
<wpt lat="-15.791077" lon="-48.001709"><name>Radar</name><desc>Fonte: DETRAN-DF</desc><type>FIXED</type></wpt>
<wpt lat="-15.791077" lon="-47.940002"><name>Radar</name><desc>Fonte: DETRAN-DF</desc><type>FIXED</type></wpt>
<wpt lat="-15.791077" lon="-47.939514"><name>Radar</name><desc>Fonte: DETRAN-DF</desc><type>FIXED</type></wpt>
<wpt lat="-15.791077" lon="-47.937988"><name>Radar</name><desc>Fonte: DETRAN-DF</desc><type>FIXED</type></wpt>
<wpt lat="-15.791077" lon="-47.911011"><name>Radar 60 km/h</name><desc>Fonte: DETRAN-DF</desc><type>FIXED</type></wpt>
<wpt lat="-15.791016" lon="-48.033203"><name>Radar 80 km/h</name><desc>Fonte: DETRAN-DF</desc><type>FIXED</type></wpt>
<wpt lat="-15.791016" lon="-47.850891"><name>Radar</name><desc>Fonte: DETRAN-DF</desc><type>FIXED</type></wpt>
<wpt lat="-15.790894" lon="-47.941528"><name>Radar</name><desc>Fonte: DETRAN-DF</desc><type>FIXED</type></wpt>
<wpt lat="-15.790894" lon="-47.939087"><name>Radar</name><desc>Fonte: DETRAN-DF</desc><type>FIXED</type></wpt>
<wpt lat="-15.790894" lon="-47.933777"><name>Radar</name><desc>Fonte: DETRAN-DF</desc><type>FIXED</type></wpt>
<wpt lat="-15.790894" lon="-47.855225"><name>Radar</name><desc>Fonte: DETRAN-DF</desc><type>FIXED</type></wpt>
<wpt lat="-15.790894" lon="-47.851501"><name>Radar</name><desc>Fonte: DETRAN-DF</desc><type>FIXED</type></wpt>
<wpt lat="-15.790847" lon="-48.033143"><name>Radar</name><desc>Fonte: OSM</desc><type>FIXED</type></wpt>
<wpt lat="-15.790710" lon="-48.033203"><name>Radar 80 km/h</name><desc>Fonte: DETRAN-DF</desc><type>FIXED</type></wpt>
<wpt lat="-15.790710" lon="-47.981689"><name>Radar</name><desc>Fonte: DETRAN-DF</desc><type>FIXED</type></wpt>
<wpt lat="-15.790710" lon="-47.940979"><name>Radar</name><desc>Fonte: DETRAN-DF</desc><type>FIXED</type></wpt>
<wpt lat="-15.790710" lon="-47.854187"><name>Radar</name><desc>Fonte: DETRAN-DF</desc><type>FIXED</type></wpt>
<wpt lat="-15.790588" lon="-47.940613"><name>Radar</name><desc>Fonte: DETRAN-DF</desc><type>FIXED</type></wpt>
<wpt lat="-15.790527" lon="-47.938110"><name>Radar</name><desc>Fonte: DETRAN-DF</desc><type>FIXED</type></wpt>
<wpt lat="-15.790527" lon="-47.934998"><name>Radar</name><desc>Fonte: DETRAN-DF</desc><type>FIXED</type></wpt>
<wpt lat="-15.790527" lon="-47.849487"><name>Radar</name><desc>Fonte: DETRAN-DF</desc><type>FIXED</type></wpt>
<wpt lat="-15.790405" lon="-47.980103"><name>Radar 80 km/h</name><desc>Fonte: DETRAN-DF</desc><type>FIXED</type></wpt>
<wpt lat="-15.790405" lon="-47.940125"><name>Radar</name><desc>Fonte: DETRAN-DF</desc><type>FIXED</type></wpt>
<wpt lat="-15.790405" lon="-47.919800"><name>Radar</name><desc>Fonte: DETRAN-DF</desc><type>FIXED</type></wpt>
<wpt lat="-15.790405" lon="-47.851379"><name>Radar</name><desc>Fonte: DETRAN-DF</desc><type>FIXED</type></wpt>
<wpt lat="-15.790405" lon="-47.850708"><name>Radar</name><desc>Fonte: DETRAN-DF</desc><type>FIXED</type></wpt>
<wpt lat="-15.790283" lon="-47.941284"><name>Radar</name><desc>Fonte: DETRAN-DF</desc><type>FIXED</type></wpt>
<wpt lat="-15.790283" lon="-47.937622"><name>Radar</name><desc>Fonte: DETRAN-DF</desc><type>FIXED</type></wpt>
<wpt lat="-15.790283" lon="-47.935181"><name>Radar</name><desc>Fonte: DETRAN-DF</desc><type>FIXED</type></wpt>
<wpt lat="-15.790222" lon="-47.939209"><name>Radar</name><desc>Fonte: DETRAN-DF</desc><type>FIXED</type></wpt>
<wpt lat="-15.790222" lon="-47.915527"><name>Radar</name><desc>Fonte: DETRAN-DF</desc><type>FIXED</type></wpt>
<wpt lat="-15.790222" lon="-47.880798"><name>Radar 60 km/h</name><desc>Fonte: DETRAN-DF</desc><type>FIXED</type></wpt>
<wpt lat="-15.790100" lon="-47.939575"><name>Radar</name><desc>Fonte: DETRAN-DF</desc><type>FIXED</type></wpt>
<wpt lat="-15.790100" lon="-47.911011"><name>Radar 60 km/h</name><desc>Fonte: DETRAN-DF</desc><type>FIXED</type></wpt>
<wpt lat="-15.790100" lon="-47.881592"><name>Radar 60 km/h</name><desc>Fonte: DETRAN-DF</desc><type>FIXED</type></wpt>
<wpt lat="-15.789978" lon="-47.937012"><name>Radar</name><desc>Fonte: DETRAN-DF</desc><type>FIXED</type></wpt>
<wpt lat="-15.789978" lon="-47.934998"><name>Radar</name><desc>Fonte: DETRAN-DF</desc><type>FIXED</type></wpt>
<wpt lat="-15.789795" lon="-48.143005"><name>Radar</name><desc>Fonte: DETRAN-DF</desc><type>FIXED</type></wpt>
<wpt lat="-15.789795" lon="-48.001709"><name>Radar</name><desc>Fonte: DETRAN-DF</desc><type>FIXED</type></wpt>
<wpt lat="-15.789795" lon="-47.935791"><name>Radar</name><desc>Fonte: DETRAN-DF</desc><type>FIXED</type></wpt>
<wpt lat="-15.789795" lon="-47.890381"><name>Radar 60 km/h</name><desc>Fonte: DETRAN-DF</desc><type>FIXED</type></wpt>
<wpt lat="-15.789795" lon="-47.854797"><name>Radar</name><desc>Fonte: DETRAN-DF</desc><type>FIXED</type></wpt>
<wpt lat="-15.789612" lon="-47.997192"><name>Radar 70 km/h</name><desc>Fonte: DETRAN-DF</desc><type>FIXED</type></wpt>
<wpt lat="-15.789612" lon="-47.997009"><name>Radar 70 km/h</name><desc>Fonte: DETRAN-DF</desc><type>FIXED</type></wpt>
<wpt lat="-15.789612" lon="-47.941101"><name>Radar</name><desc>Fonte: DETRAN-DF</desc><type>FIXED</type></wpt>
<wpt lat="-15.789612" lon="-47.940613"><name>Radar</name><desc>Fonte: DETRAN-DF</desc><type>FIXED</type></wpt>
<wpt lat="-15.789612" lon="-47.936584"><name>Radar</name><desc>Fonte: DETRAN-DF</desc><type>FIXED</type></wpt>
<wpt lat="-15.789612" lon="-47.936096"><name>Radar</name><desc>Fonte: DETRAN-DF</desc><type>FIXED</type></wpt>
<wpt lat="-15.789612" lon="-47.932678"><name>Radar 60 km/h</name><desc>Fonte: DETRAN-DF</desc><type>FIXED</type></wpt>
<wpt lat="-15.789612" lon="-47.858704"><name>Radar 80 km/h</name><desc>Fonte: DETRAN-DF</desc><type>FIXED</type></wpt>
<wpt lat="-15.789490" lon="-47.982483"><name>Radar 80 km/h</name><desc>Fonte: DETRAN-DF</desc><type>FIXED</type></wpt>
<wpt lat="-15.789490" lon="-47.933777"><name>Radar</name><desc>Fonte: DETRAN-DF</desc><type>FIXED</type></wpt>
<wpt lat="-15.789490" lon="-47.904297"><name>Radar</name><desc>Fonte: DETRAN-DF</desc><type>FIXED</type></wpt>
<wpt lat="-15.789470" lon="-47.982372"><name>Radar</name><desc>Fonte: OSM</desc><type>FIXED</type></wpt>
<wpt lat="-15.789429" lon="-47.940186"><name>Radar</name><desc>Fonte: DETRAN-DF</desc><type>FIXED</type></wpt>
<wpt lat="-15.789307" lon="-48.123413"><name>Radar</name><desc>Fonte: DETRAN-DF</desc><type>FIXED</type></wpt>
<wpt lat="-15.789307" lon="-48.110718"><name>Radar 60 km/h</name><desc>Fonte: DETRAN-DF</desc><type>FIXED</type></wpt>
<wpt lat="-15.789185" lon="-47.939697"><name>Radar</name><desc>Fonte: DETRAN-DF</desc><type>FIXED</type></wpt>
<wpt lat="-15.789185" lon="-47.938477"><name>Radar</name><desc>Fonte: DETRAN-DF</desc><type>FIXED</type></wpt>
<wpt lat="-15.789185" lon="-47.937683"><name>Radar</name><desc>Fonte: DETRAN-DF</desc><type>FIXED</type></wpt>
<wpt lat="-15.789185" lon="-47.936829"><name>Radar</name><desc>Fonte: DETRAN-DF</desc><type>FIXED</type></wpt>
<wpt lat="-15.789185" lon="-47.934387"><name>Radar</name><desc>Fonte: DETRAN-DF</desc><type>FIXED</type></wpt>
<wpt lat="-15.789087" lon="-48.111460"><name>Radar</name><desc>Fonte: DNIT · sentido 112° (leste)</desc><type>FIXED</type></wpt>
<wpt lat="-15.789030" lon="-48.221140"><name>Radar</name><desc>Fonte: DNIT · sentido 262° (oeste)</desc><type>FIXED</type></wpt>
<wpt lat="-15.789001" lon="-48.001709"><name>Radar</name><desc>Fonte: DETRAN-DF</desc><type>FIXED</type></wpt>
<wpt lat="-15.789001" lon="-47.940308"><name>Radar</name><desc>Fonte: DETRAN-DF</desc><type>FIXED</type></wpt>
<wpt lat="-15.789001" lon="-47.939209"><name>Radar</name><desc>Fonte: DETRAN-DF</desc><type>FIXED</type></wpt>
<wpt lat="-15.789001" lon="-47.937195"><name>Radar</name><desc>Fonte: DETRAN-DF</desc><type>FIXED</type></wpt>
<wpt lat="-15.788879" lon="-47.938782"><name>Radar</name><desc>Fonte: DETRAN-DF</desc><type>FIXED</type></wpt>
<wpt lat="-15.788879" lon="-47.919312"><name>Radar</name><desc>Fonte: DETRAN-DF</desc><type>FIXED</type></wpt>
<wpt lat="-15.788696" lon="-47.936218"><name>Radar</name><desc>Fonte: DETRAN-DF</desc><type>FIXED</type></wpt>
<wpt lat="-15.788696" lon="-47.935486"><name>Radar</name><desc>Fonte: DETRAN-DF</desc><type>FIXED</type></wpt>
<wpt lat="-15.788696" lon="-47.915283"><name>Radar</name><desc>Fonte: DETRAN-DF</desc><type>FIXED</type></wpt>
<wpt lat="-15.788513" lon="-47.939697"><name>Radar</name><desc>Fonte: DETRAN-DF</desc><type>FIXED</type></wpt>
<wpt lat="-15.788513" lon="-47.939209"><name>Radar</name><desc>Fonte: DETRAN-DF</desc><type>FIXED</type></wpt>
<wpt lat="-15.788513" lon="-47.938904"><name>Radar</name><desc>Fonte: DETRAN-DF</desc><type>FIXED</type></wpt>
<wpt lat="-15.788513" lon="-47.937805"><name>Radar</name><desc>Fonte: DETRAN-DF</desc><type>FIXED</type></wpt>
<wpt lat="-15.788513" lon="-47.935791"><name>Radar</name><desc>Fonte: DETRAN-DF</desc><type>FIXED</type></wpt>
<wpt lat="-15.788513" lon="-47.931580"><name>Radar</name><desc>Fonte: DETRAN-DF</desc><type>FIXED</type></wpt>
<wpt lat="-15.788391" lon="-48.143311"><name>Radar</name><desc>Fonte: DETRAN-DF</desc><type>FIXED</type></wpt>
<wpt lat="-15.788391" lon="-48.132202"><name>Radar</name><desc>Fonte: DETRAN-DF</desc><type>FIXED</type></wpt>
<wpt lat="-15.788391" lon="-48.123901"><name>Radar</name><desc>Fonte: DETRAN-DF</desc><type>FIXED</type></wpt>
<wpt lat="-15.788391" lon="-47.933411"><name>Radar</name><desc>Fonte: DETRAN-DF</desc><type>FIXED</type></wpt>
<wpt lat="-15.788208" lon="-47.938416"><name>Radar</name><desc>Fonte: DETRAN-DF</desc><type>FIXED</type></wpt>
<wpt lat="-15.788208" lon="-47.936890"><name>Radar</name><desc>Fonte: DETRAN-DF</desc><type>FIXED</type></wpt>
<wpt lat="-15.788086" lon="-47.940308"><name>Radar</name><desc>Fonte: DETRAN-DF</desc><type>FIXED</type></wpt>
<wpt lat="-15.788086" lon="-47.937927"><name>Radar</name><desc>Fonte: DETRAN-DF</desc><type>FIXED</type></wpt>
<wpt lat="-15.788086" lon="-47.916016"><name>Radar</name><desc>Fonte: DETRAN-DF</desc><type>FIXED</type></wpt>
<wpt lat="-15.788086" lon="-47.857910"><name>Radar 80 km/h</name><desc>Fonte: DETRAN-DF</desc><type>FIXED</type></wpt>
<wpt lat="-15.788025" lon="-47.947388"><name>Radar 80 km/h</name><desc>Fonte: DETRAN-DF</desc><type>FIXED</type></wpt>
<wpt lat="-15.788025" lon="-47.937500"><name>Radar</name><desc>Fonte: DETRAN-DF</desc><type>FIXED</type></wpt>
<wpt lat="-15.788025" lon="-47.936401"><name>Radar</name><desc>Fonte: DETRAN-DF</desc><type>FIXED</type></wpt>
<wpt lat="-15.788025" lon="-47.888184"><name>Radar 60 km/h</name><desc>Fonte: DETRAN-DF</desc><type>FIXED</type></wpt>
<wpt lat="-15.788025" lon="-47.881775"><name>Radar 60 km/h</name><desc>Fonte: DETRAN-DF</desc><type>FIXED</type></wpt>
<wpt lat="-15.787940" lon="-47.947556"><name>Radar</name><desc>Fonte: OSM</desc><type>FIXED</type></wpt>
<wpt lat="-15.787903" lon="-48.130920"><name>Radar</name><desc>Fonte: DETRAN-DF</desc><type>FIXED</type></wpt>
<wpt lat="-15.787903" lon="-47.947510"><name>Radar 80 km/h</name><desc>Fonte: DETRAN-DF</desc><type>FIXED</type></wpt>
<wpt lat="-15.787903" lon="-47.939087"><name>Radar</name><desc>Fonte: DETRAN-DF</desc><type>FIXED</type></wpt>
<wpt lat="-15.787903" lon="-47.933899"><name>Radar</name><desc>Fonte: DETRAN-DF</desc><type>FIXED</type></wpt>
<wpt lat="-15.787781" lon="-47.987427"><name>Radar 80 km/h</name><desc>Fonte: DETRAN-DF</desc><type>FIXED</type></wpt>
<wpt lat="-15.787781" lon="-47.939880"><name>Radar</name><desc>Fonte: DETRAN-DF</desc><type>FIXED</type></wpt>
<wpt lat="-15.787781" lon="-47.937012"><name>Radar</name><desc>Fonte: DETRAN-DF</desc><type>FIXED</type></wpt>
<wpt lat="-15.787781" lon="-47.928894"><name>Radar 60 km/h</name><desc>Fonte: DETRAN-DF</desc><type>FIXED</type></wpt>
<wpt lat="-15.787720" lon="-47.938110"><name>Radar</name><desc>Fonte: DETRAN-DF</desc><type>FIXED</type></wpt>
<wpt lat="-15.787720" lon="-47.935913"><name>Radar</name><desc>Fonte: DETRAN-DF</desc><type>FIXED</type></wpt>
<wpt lat="-15.787720" lon="-47.888306"><name>Radar 60 km/h</name><desc>Fonte: DETRAN-DF</desc><type>FIXED</type></wpt>
<wpt lat="-15.787625" lon="-47.988042"><name>Radar</name><desc>Fonte: OSM</desc><type>FIXED</type></wpt>
<wpt lat="-15.787598" lon="-48.129883"><name>Radar</name><desc>Fonte: DETRAN-DF</desc><type>FIXED</type></wpt>
<wpt lat="-15.787598" lon="-47.939392"><name>Radar</name><desc>Fonte: DETRAN-DF</desc><type>FIXED</type></wpt>
<wpt lat="-15.787598" lon="-47.917908"><name>Radar</name><desc>Fonte: DETRAN-DF</desc><type>FIXED</type></wpt>
<wpt lat="-15.787598" lon="-47.917297"><name>Radar</name><desc>Fonte: DETRAN-DF</desc><type>FIXED</type></wpt>
<wpt lat="-15.787598" lon="-47.915222"><name>Radar</name><desc>Fonte: DETRAN-DF</desc><type>FIXED</type></wpt>
<wpt lat="-15.787476" lon="-47.936523"><name>Radar</name><desc>Fonte: DETRAN-DF</desc><type>FIXED</type></wpt>
<wpt lat="-15.787292" lon="-47.942078"><name>Radar 80 km/h</name><desc>Fonte: DETRAN-DF</desc><type>FIXED</type></wpt>
<wpt lat="-15.787292" lon="-47.935303"><name>Radar</name><desc>Fonte: DETRAN-DF</desc><type>FIXED</type></wpt>
<wpt lat="-15.787228" lon="-47.942070"><name>Radar 80 km/h</name><desc>Fonte: OSM</desc><type>FIXED</type></wpt>
<wpt lat="-15.787214" lon="-47.941583"><name>Radar 80 km/h</name><desc>Fonte: OSM</desc><type>FIXED</type></wpt>
<wpt lat="-15.787109" lon="-47.941528"><name>Radar 80 km/h</name><desc>Fonte: DETRAN-DF</desc><type>FIXED</type></wpt>
<wpt lat="-15.787109" lon="-47.940002"><name>Radar</name><desc>Fonte: DETRAN-DF</desc><type>FIXED</type></wpt>
<wpt lat="-15.787109" lon="-47.938293"><name>Radar</name><desc>Fonte: DETRAN-DF</desc><type>FIXED</type></wpt>
<wpt lat="-15.787109" lon="-47.937988"><name>Radar</name><desc>Fonte: DETRAN-DF</desc><type>FIXED</type></wpt>
<wpt lat="-15.787109" lon="-47.937622"><name>Radar</name><desc>Fonte: DETRAN-DF</desc><type>FIXED</type></wpt>
<wpt lat="-15.787109" lon="-47.935608"><name>Radar</name><desc>Fonte: DETRAN-DF</desc><type>FIXED</type></wpt>
<wpt lat="-15.787109" lon="-47.916382"><name>Radar</name><desc>Fonte: DETRAN-DF</desc><type>FIXED</type></wpt>
<wpt lat="-15.786987" lon="-48.001709"><name>Radar</name><desc>Fonte: DETRAN-DF</desc><type>FIXED</type></wpt>
<wpt lat="-15.786987" lon="-47.918579"><name>Radar</name><desc>Fonte: DETRAN-DF</desc><type>FIXED</type></wpt>
<wpt lat="-15.786926" lon="-47.934875"><name>Radar</name><desc>Fonte: DETRAN-DF</desc><type>FIXED</type></wpt>
<wpt lat="-15.786804" lon="-47.937012"><name>Radar</name><desc>Fonte: DETRAN-DF</desc><type>FIXED</type></wpt>
<wpt lat="-15.786804" lon="-47.936279"><name>Radar</name><desc>Fonte: DETRAN-DF</desc><type>FIXED</type></wpt>
<wpt lat="-15.786804" lon="-47.934387"><name>Radar</name><desc>Fonte: DETRAN-DF</desc><type>FIXED</type></wpt>
<wpt lat="-15.786804" lon="-47.907898"><name>Radar 60 km/h</name><desc>Fonte: DETRAN-DF</desc><type>FIXED</type></wpt>
<wpt lat="-15.786682" lon="-47.933105"><name>Radar</name><desc>Fonte: DETRAN-DF</desc><type>FIXED</type></wpt>
<wpt lat="-15.786621" lon="-48.006104"><name>Radar 80 km/h</name><desc>Fonte: DETRAN-DF</desc><type>FIXED</type></wpt>
<wpt lat="-15.786621" lon="-47.936584"><name>Radar</name><desc>Fonte: DETRAN-DF</desc><type>FIXED</type></wpt>
<wpt lat="-15.786621" lon="-47.935791"><name>Radar</name><desc>Fonte: DETRAN-DF</desc><type>FIXED</type></wpt>
<wpt lat="-15.786499" lon="-48.124390"><name>Radar</name><desc>Fonte: DETRAN-DF</desc><type>FIXED</type></wpt>
<wpt lat="-15.786499" lon="-47.933899"><name>Radar</name><desc>Fonte: DETRAN-DF</desc><type>FIXED</type></wpt>
<wpt lat="-15.786499" lon="-47.932617"><name>Radar</name><desc>Fonte: DETRAN-DF</desc><type>FIXED</type></wpt>
<wpt lat="-15.786427" lon="-48.004543"><name>Radar 80 km/h</name><desc>Fonte: OSM</desc><type>FIXED</type></wpt>
<wpt lat="-15.786377" lon="-47.932007"><name>Radar</name><desc>Fonte: DETRAN-DF</desc><type>FIXED</type></wpt>
<wpt lat="-15.786316" lon="-47.930786"><name>Radar</name><desc>Fonte: DETRAN-DF</desc><type>FIXED</type></wpt>
<wpt lat="-15.786243" lon="-47.995990"><name>Radar</name><desc>Fonte: OSM</desc><type>FIXED</type></wpt>
<wpt lat="-15.786233" lon="-47.900731"><name>Radar 60 km/h</name><desc>Fonte: OSM</desc><type>FIXED</type></wpt>
<wpt lat="-15.786194" lon="-47.998596"><name>Radar 80 km/h</name><desc>Fonte: DETRAN-DF</desc><type>FIXED</type></wpt>
<wpt lat="-15.786194" lon="-47.995911"><name>Radar 80 km/h</name><desc>Fonte: DETRAN-DF</desc><type>FIXED</type></wpt>
<wpt lat="-15.786194" lon="-47.993103"><name>Radar</name><desc>Fonte: DETRAN-DF</desc><type>FIXED</type></wpt>
<wpt lat="-15.786194" lon="-47.934204"><name>Radar</name><desc>Fonte: DETRAN-DF</desc><type>FIXED</type></wpt>
<wpt lat="-15.786194" lon="-47.900696"><name>Radar 60 km/h</name><desc>Fonte: DETRAN-DF</desc><type>FIXED</type></wpt>
<wpt lat="-15.786194" lon="-47.873596"><name>Radar 60 km/h</name><desc>Fonte: DETRAN-DF</desc><type>FIXED</type></wpt>
<wpt lat="-15.786194" lon="-47.873413"><name>Radar 60 km/h</name><desc>Fonte: DETRAN-DF</desc><type>FIXED</type></wpt>
<wpt lat="-15.786086" lon="-47.999789"><name>Radar</name><desc>Fonte: OSM</desc><type>FIXED</type></wpt>
<wpt lat="-15.786011" lon="-48.000427"><name>Radar 80 km/h</name><desc>Fonte: DETRAN-DF</desc><type>FIXED</type></wpt>
<wpt lat="-15.786011" lon="-47.994080"><name>Radar</name><desc>Fonte: DETRAN-DF</desc><type>FIXED</type></wpt>
<wpt lat="-15.785977" lon="-48.135473"><name>Radar</name><desc>Fonte: DNIT · sentido 73° (leste)</desc><type>FIXED</type></wpt>
<wpt lat="-15.785889" lon="-48.135620"><name>Radar 60 km/h</name><desc>Fonte: DETRAN-DF</desc><type>FIXED</type></wpt>
<wpt lat="-15.785889" lon="-47.935913"><name>Radar</name><desc>Fonte: DETRAN-DF</desc><type>FIXED</type></wpt>
<wpt lat="-15.785889" lon="-47.935486"><name>Radar</name><desc>Fonte: DETRAN-DF</desc><type>FIXED</type></wpt>
<wpt lat="-15.785706" lon="-48.000488"><name>Radar</name><desc>Fonte: DETRAN-DF</desc><type>FIXED</type></wpt>
<wpt lat="-15.785706" lon="-47.999390"><name>Radar</name><desc>Fonte: DETRAN-DF</desc><type>FIXED</type></wpt>
<wpt lat="-15.785583" lon="-47.933594"><name>Radar</name><desc>Fonte: DETRAN-DF</desc><type>FIXED</type></wpt>
<wpt lat="-15.785583" lon="-47.932312"><name>Radar</name><desc>Fonte: DETRAN-DF</desc><type>FIXED</type></wpt>
<wpt lat="-15.785400" lon="-47.934998"><name>Radar</name><desc>Fonte: DETRAN-DF</desc><type>FIXED</type></wpt>
<wpt lat="-15.785400" lon="-47.933899"><name>Radar</name><desc>Fonte: DETRAN-DF</desc><type>FIXED</type></wpt>
<wpt lat="-15.785400" lon="-47.932678"><name>Radar</name><desc>Fonte: DETRAN-DF</desc><type>FIXED</type></wpt>
<wpt lat="-15.785395" lon="-47.913952"><name>Radar</name><desc>Fonte: OSM</desc><type>FIXED</type></wpt>
<wpt lat="-15.785278" lon="-47.934021"><name>Radar</name><desc>Fonte: DETRAN-DF</desc><type>FIXED</type></wpt>
<wpt lat="-15.785278" lon="-47.912292"><name>Radar 60 km/h</name><desc>Fonte: DETRAN-DF</desc><type>FIXED</type></wpt>
<wpt lat="-15.785278" lon="-47.906189"><name>Radar 60 km/h</name><desc>Fonte: DETRAN-DF</desc><type>FIXED</type></wpt>
<wpt lat="-15.785267" lon="-47.906387"><name>Radar 60 km/h</name><desc>Fonte: OSM</desc><type>FIXED</type></wpt>
<wpt lat="-15.785217" lon="-47.913879"><name>Radar 60 km/h</name><desc>Fonte: DETRAN-DF</desc><type>FIXED</type></wpt>
<wpt lat="-15.785095" lon="-47.930786"><name>Radar 60 km/h</name><desc>Fonte: DETRAN-DF</desc><type>FIXED</type></wpt>
<wpt lat="-15.785047" lon="-47.912229"><name>Radar</name><desc>Fonte: OSM</desc><type>FIXED</type></wpt>
<wpt lat="-15.785009" lon="-48.120975"><name>Radar</name><desc>Fonte: DNIT · sentido 292° (oeste)</desc><type>FIXED</type></wpt>
<wpt lat="-15.784934" lon="-47.914051"><name>Radar 60 km/h</name><desc>Fonte: OSM</desc><type>FIXED</type></wpt>
<wpt lat="-15.784912" lon="-48.121094"><name>Radar 60 km/h</name><desc>Fonte: DETRAN-DF</desc><type>FIXED</type></wpt>
<wpt lat="-15.784912" lon="-47.934387"><name>Radar</name><desc>Fonte: DETRAN-DF</desc><type>FIXED</type></wpt>
<wpt lat="-15.784912" lon="-47.933777"><name>Radar</name><desc>Fonte: DETRAN-DF</desc><type>FIXED</type></wpt>
<wpt lat="-15.784912" lon="-47.931580"><name>Radar</name><desc>Fonte: DETRAN-DF</desc><type>FIXED</type></wpt>
<wpt lat="-15.784912" lon="-47.930420"><name>Radar</name><desc>Fonte: DETRAN-DF</desc><type>FIXED</type></wpt>
<wpt lat="-15.784912" lon="-47.914001"><name>Radar 60 km/h</name><desc>Fonte: DETRAN-DF</desc><type>FIXED</type></wpt>
<wpt lat="-15.784790" lon="-47.937195"><name>Radar</name><desc>Fonte: DETRAN-DF</desc><type>FIXED</type></wpt>
<wpt lat="-15.784607" lon="-47.934509"><name>Radar</name><desc>Fonte: DETRAN-DF</desc><type>FIXED</type></wpt>
<wpt lat="-15.784485" lon="-47.934875"><name>Radar</name><desc>Fonte: DETRAN-DF</desc><type>FIXED</type></wpt>
<wpt lat="-15.784485" lon="-47.933594"><name>Radar</name><desc>Fonte: DETRAN-DF</desc><type>FIXED</type></wpt>
<wpt lat="-15.784424" lon="-47.933411"><name>Radar</name><desc>Fonte: DETRAN-DF</desc><type>FIXED</type></wpt>
<wpt lat="-15.784424" lon="-47.932800"><name>Radar</name><desc>Fonte: DETRAN-DF</desc><type>FIXED</type></wpt>
<wpt lat="-15.784424" lon="-47.932312"><name>Radar</name><desc>Fonte: DETRAN-DF</desc><type>FIXED</type></wpt>
<wpt lat="-15.784302" lon="-47.934204"><name>Radar</name><desc>Fonte: DETRAN-DF</desc><type>FIXED</type></wpt>
<wpt lat="-15.784302" lon="-47.933228"><name>Radar</name><desc>Fonte: DETRAN-DF</desc><type>FIXED</type></wpt>
<wpt lat="-15.783997" lon="-47.935486"><name>Radar</name><desc>Fonte: DETRAN-DF</desc><type>FIXED</type></wpt>
<wpt lat="-15.783875" lon="-47.933289"><name>Radar</name><desc>Fonte: DETRAN-DF</desc><type>FIXED</type></wpt>
<wpt lat="-15.783875" lon="-47.932800"><name>Radar</name><desc>Fonte: DETRAN-DF</desc><type>FIXED</type></wpt>
<wpt lat="-15.783875" lon="-47.932312"><name>Radar</name><desc>Fonte: DETRAN-DF</desc><type>FIXED</type></wpt>
<wpt lat="-15.783875" lon="-47.931580"><name>Radar</name><desc>Fonte: DETRAN-DF</desc><type>FIXED</type></wpt>
<wpt lat="-15.783691" lon="-47.933594"><name>Radar</name><desc>Fonte: DETRAN-DF</desc><type>FIXED</type></wpt>
<wpt lat="-15.783325" lon="-47.933899"><name>Radar</name><desc>Fonte: DETRAN-DF</desc><type>FIXED</type></wpt>
<wpt lat="-15.783325" lon="-47.905701"><name>Radar</name><desc>Fonte: DETRAN-DF</desc><type>FIXED</type></wpt>
<wpt lat="-15.783081" lon="-47.937500"><name>Radar</name><desc>Fonte: DETRAN-DF</desc><type>FIXED</type></wpt>
<wpt lat="-15.783081" lon="-47.905579"><name>Radar 60 km/h</name><desc>Fonte: DETRAN-DF</desc><type>FIXED</type></wpt>
<wpt lat="-15.783081" lon="-47.880615"><name>Radar 80 km/h</name><desc>Fonte: DETRAN-DF</desc><type>FIXED</type></wpt>
<wpt lat="-15.783020" lon="-47.935181"><name>Radar</name><desc>Fonte: DETRAN-DF</desc><type>FIXED</type></wpt>
<wpt lat="-15.782898" lon="-47.880493"><name>Radar 80 km/h</name><desc>Fonte: DETRAN-DF</desc><type>FIXED</type></wpt>
<wpt lat="-15.782776" lon="-47.930176"><name>Radar 60 km/h</name><desc>Fonte: DETRAN-DF</desc><type>FIXED</type></wpt>
<wpt lat="-15.782776" lon="-47.907288"><name>Radar</name><desc>Fonte: DETRAN-DF</desc><type>FIXED</type></wpt>
<wpt lat="-15.782715" lon="-47.934082"><name>Radar</name><desc>Fonte: DETRAN-DF</desc><type>FIXED</type></wpt>
<wpt lat="-15.782715" lon="-47.931213"><name>Radar</name><desc>Fonte: DETRAN-DF</desc><type>FIXED</type></wpt>
<wpt lat="-15.782715" lon="-47.879822"><name>Radar 60 km/h</name><desc>Fonte: DETRAN-DF</desc><type>FIXED</type></wpt>
<wpt lat="-15.782593" lon="-47.879883"><name>Radar 60 km/h</name><desc>Fonte: DETRAN-DF</desc><type>FIXED</type></wpt>
<wpt lat="-15.782410" lon="-47.935791"><name>Radar</name><desc>Fonte: DETRAN-DF</desc><type>FIXED</type></wpt>
<wpt lat="-15.782410" lon="-47.934509"><name>Radar</name><desc>Fonte: DETRAN-DF</desc><type>FIXED</type></wpt>
<wpt lat="-15.782410" lon="-47.934387"><name>Radar</name><desc>Fonte: DETRAN-DF</desc><type>FIXED</type></wpt>
<wpt lat="-15.782410" lon="-47.861023"><name>Radar 80 km/h</name><desc>Fonte: DETRAN-DF</desc><type>FIXED</type></wpt>
<wpt lat="-15.782288" lon="-47.936584"><name>Radar</name><desc>Fonte: DETRAN-DF</desc><type>FIXED</type></wpt>
<wpt lat="-15.782104" lon="-47.934387"><name>Radar</name><desc>Fonte: DETRAN-DF</desc><type>FIXED</type></wpt>
<wpt lat="-15.782104" lon="-47.933105"><name>Radar</name><desc>Fonte: DETRAN-DF</desc><type>FIXED</type></wpt>
<wpt lat="-15.782104" lon="-47.931213"><name>Radar</name><desc>Fonte: DETRAN-DF</desc><type>FIXED</type></wpt>
<wpt lat="-15.781982" lon="-47.934875"><name>Radar</name><desc>Fonte: DETRAN-DF</desc><type>FIXED</type></wpt>
<wpt lat="-15.781982" lon="-47.932678"><name>Radar</name><desc>Fonte: DETRAN-DF</desc><type>FIXED</type></wpt>
<wpt lat="-15.781982" lon="-47.778992"><name>Radar 40 km/h</name><desc>Fonte: DETRAN-DF</desc><type>FIXED</type></wpt>
<wpt lat="-15.781799" lon="-47.936707"><name>Radar</name><desc>Fonte: DETRAN-DF</desc><type>FIXED</type></wpt>
<wpt lat="-15.781799" lon="-47.936096"><name>Radar</name><desc>Fonte: DETRAN-DF</desc><type>FIXED</type></wpt>
<wpt lat="-15.781799" lon="-47.807312"><name>Radar 80 km/h</name><desc>Fonte: DETRAN-DF</desc><type>FIXED</type></wpt>
<wpt lat="-15.781677" lon="-47.935181"><name>Radar</name><desc>Fonte: DETRAN-DF</desc><type>FIXED</type></wpt>
<wpt lat="-15.781616" lon="-47.937012"><name>Radar</name><desc>Fonte: DETRAN-DF</desc><type>FIXED</type></wpt>
<wpt lat="-15.781616" lon="-47.934509"><name>Radar</name><desc>Fonte: DETRAN-DF</desc><type>FIXED</type></wpt>
<wpt lat="-15.781616" lon="-47.932129"><name>Radar</name><desc>Fonte: DETRAN-DF</desc><type>FIXED</type></wpt>
<wpt lat="-15.781553" lon="-47.939711"><name>Radar 80 km/h</name><desc>Fonte: OSM</desc><type>FIXED</type></wpt>
<wpt lat="-15.781494" lon="-47.939697"><name>Radar 80 km/h</name><desc>Fonte: DETRAN-DF</desc><type>FIXED</type></wpt>
<wpt lat="-15.781334" lon="-47.925479"><name>Radar 60 km/h</name><desc>Fonte: OSM</desc><type>FIXED</type></wpt>
<wpt lat="-15.781311" lon="-47.936096"><name>Radar</name><desc>Fonte: DETRAN-DF</desc><type>FIXED</type></wpt>
<wpt lat="-15.781311" lon="-47.934875"><name>Radar</name><desc>Fonte: DETRAN-DF</desc><type>FIXED</type></wpt>
<wpt lat="-15.781311" lon="-47.930786"><name>Radar</name><desc>Fonte: DETRAN-DF</desc><type>FIXED</type></wpt>
<wpt lat="-15.781311" lon="-47.925110"><name>Radar 60 km/h</name><desc>Fonte: DETRAN-DF</desc><type>FIXED</type></wpt>
<wpt lat="-15.781311" lon="-47.887512"><name>Radar 60 km/h</name><desc>Fonte: DETRAN-DF</desc><type>FIXED</type></wpt>
<wpt lat="-15.781189" lon="-47.924988"><name>Radar 50 km/h</name><desc>Fonte: DETRAN-DF</desc><type>FIXED</type></wpt>
<wpt lat="-15.781128" lon="-47.934021"><name>Radar</name><desc>Fonte: DETRAN-DF</desc><type>FIXED</type></wpt>
<wpt lat="-15.781103" lon="-47.920315"><name>Radar 60 km/h</name><desc>Fonte: OSM</desc><type>FIXED</type></wpt>
<wpt lat="-15.781006" lon="-47.935608"><name>Radar</name><desc>Fonte: DETRAN-DF</desc><type>FIXED</type></wpt>
<wpt lat="-15.781006" lon="-47.935181"><name>Radar</name><desc>Fonte: DETRAN-DF</desc><type>FIXED</type></wpt>
<wpt lat="-15.781006" lon="-47.920410"><name>Radar 60 km/h</name><desc>Fonte: DETRAN-DF</desc><type>FIXED</type></wpt>
<wpt lat="-15.781006" lon="-47.793213"><name>Radar 80 km/h</name><desc>Fonte: DETRAN-DF</desc><type>FIXED</type></wpt>
<wpt lat="-15.780884" lon="-47.930908"><name>Radar</name><desc>Fonte: DETRAN-DF</desc><type>FIXED</type></wpt>
<wpt lat="-15.780701" lon="-47.936279"><name>Radar</name><desc>Fonte: DETRAN-DF</desc><type>FIXED</type></wpt>
<wpt lat="-15.780579" lon="-47.937683"><name>Radar</name><desc>Fonte: DETRAN-DF</desc><type>FIXED</type></wpt>
<wpt lat="-15.780579" lon="-47.936707"><name>Radar</name><desc>Fonte: DETRAN-DF</desc><type>FIXED</type></wpt>
<wpt lat="-15.780518" lon="-47.932190"><name>Radar</name><desc>Fonte: DETRAN-DF</desc><type>FIXED</type></wpt>
<wpt lat="-15.780518" lon="-47.931702"><name>Radar</name><desc>Fonte: DETRAN-DF</desc><type>FIXED</type></wpt>
<wpt lat="-15.780396" lon="-47.938110"><name>Radar</name><desc>Fonte: DETRAN-DF</desc><type>FIXED</type></wpt>
<wpt lat="-15.780396" lon="-47.934998"><name>Radar</name><desc>Fonte: DETRAN-DF</desc><type>FIXED</type></wpt>
<wpt lat="-15.780396" lon="-47.934509"><name>Radar</name><desc>Fonte: DETRAN-DF</desc><type>FIXED</type></wpt>
<wpt lat="-15.780396" lon="-47.932495"><name>Radar</name><desc>Fonte: DETRAN-DF</desc><type>FIXED</type></wpt>
<wpt lat="-15.780396" lon="-47.931519"><name>Radar</name><desc>Fonte: DETRAN-DF</desc><type>FIXED</type></wpt>
<wpt lat="-15.780396" lon="-47.887695"><name>Radar 60 km/h</name><desc>Fonte: DETRAN-DF</desc><type>FIXED</type></wpt>
<wpt lat="-15.780212" lon="-47.937012"><name>Radar</name><desc>Fonte: DETRAN-DF</desc><type>FIXED</type></wpt>
<wpt lat="-15.780212" lon="-47.935425"><name>Radar</name><desc>Fonte: DETRAN-DF</desc><type>FIXED</type></wpt>
<wpt lat="-15.780212" lon="-47.933289"><name>Radar</name><desc>Fonte: DETRAN-DF</desc><type>FIXED</type></wpt>
<wpt lat="-15.780212" lon="-47.932922"><name>Radar</name><desc>Fonte: DETRAN-DF</desc><type>FIXED</type></wpt>
<wpt lat="-15.780029" lon="-47.881226"><name>Radar 60 km/h</name><desc>Fonte: DETRAN-DF</desc><type>FIXED</type></wpt>
<wpt lat="-15.779907" lon="-47.934021"><name>Radar</name><desc>Fonte: DETRAN-DF</desc><type>FIXED</type></wpt>
<wpt lat="-15.779907" lon="-47.933594"><name>Radar</name><desc>Fonte: DETRAN-DF</desc><type>FIXED</type></wpt>
<wpt lat="-15.779907" lon="-47.932983"><name>Radar</name><desc>Fonte: DETRAN-DF</desc><type>FIXED</type></wpt>
<wpt lat="-15.779907" lon="-47.881287"><name>Radar 60 km/h</name><desc>Fonte: DETRAN-DF</desc><type>FIXED</type></wpt>
<wpt lat="-15.779785" lon="-47.937500"><name>Radar</name><desc>Fonte: DETRAN-DF</desc><type>FIXED</type></wpt>
<wpt lat="-15.779785" lon="-47.934387"><name>Radar</name><desc>Fonte: DETRAN-DF</desc><type>FIXED</type></wpt>
<wpt lat="-15.779724" lon="-47.937988"><name>Radar</name><desc>Fonte: DETRAN-DF</desc><type>FIXED</type></wpt>
<wpt lat="-15.779602" lon="-47.934814"><name>Radar</name><desc>Fonte: DETRAN-DF</desc><type>FIXED</type></wpt>
<wpt lat="-15.779480" lon="-47.936279"><name>Radar</name><desc>Fonte: DETRAN-DF</desc><type>FIXED</type></wpt>
<wpt lat="-15.779480" lon="-47.935486"><name>Radar</name><desc>Fonte: DETRAN-DF</desc><type>FIXED</type></wpt>
<wpt lat="-15.779480" lon="-47.935181"><name>Radar</name><desc>Fonte: DETRAN-DF</desc><type>FIXED</type></wpt>
<wpt lat="-15.779480" lon="-47.934509"><name>Radar</name><desc>Fonte: DETRAN-DF</desc><type>FIXED</type></wpt>
<wpt lat="-15.779297" lon="-47.936707"><name>Radar</name><desc>Fonte: DETRAN-DF</desc><type>FIXED</type></wpt>
<wpt lat="-15.779297" lon="-47.935913"><name>Radar</name><desc>Fonte: DETRAN-DF</desc><type>FIXED</type></wpt>
<wpt lat="-15.779175" lon="-48.171692"><name>Radar</name><desc>Fonte: DETRAN-DF</desc><type>FIXED</type></wpt>
<wpt lat="-15.779175" lon="-47.937195"><name>Radar</name><desc>Fonte: DETRAN-DF</desc><type>FIXED</type></wpt>
<wpt lat="-15.779175" lon="-47.862000"><name>Radar 80 km/h</name><desc>Fonte: DETRAN-DF</desc><type>FIXED</type></wpt>
<wpt lat="-15.778992" lon="-47.937805"><name>Radar</name><desc>Fonte: DETRAN-DF</desc><type>FIXED</type></wpt>
<wpt lat="-15.778992" lon="-47.936890"><name>Radar</name><desc>Fonte: DETRAN-DF</desc><type>FIXED</type></wpt>
<wpt lat="-15.778992" lon="-47.935913"><name>Radar</name><desc>Fonte: DETRAN-DF</desc><type>FIXED</type></wpt>
<wpt lat="-15.778882" lon="-47.909860"><name>Radar 60 km/h</name><desc>Fonte: OSM</desc><type>FIXED</type></wpt>
<wpt lat="-15.778809" lon="-47.887878"><name>Radar 60 km/h</name><desc>Fonte: DETRAN-DF</desc><type>FIXED</type></wpt>
<wpt lat="-15.778687" lon="-47.909790"><name>Radar 60 km/h</name><desc>Fonte: DETRAN-DF</desc><type>FIXED</type></wpt>
<wpt lat="-15.778667" lon="-47.938735"><name>Radar 80 km/h</name><desc>Fonte: OSM</desc><type>FIXED</type></wpt>
<wpt lat="-15.778503" lon="-47.938599"><name>Radar 80 km/h</name><desc>Fonte: DETRAN-DF</desc><type>FIXED</type></wpt>
<wpt lat="-15.778453" lon="-47.934552"><name>Radar 60 km/h</name><desc>Fonte: OSM</desc><type>FIXED</type></wpt>
<wpt lat="-15.778381" lon="-48.171204"><name>Radar</name><desc>Fonte: DETRAN-DF</desc><type>FIXED</type></wpt>
<wpt lat="-15.778381" lon="-47.934509"><name>Radar 60 km/h</name><desc>Fonte: DETRAN-DF</desc><type>FIXED</type></wpt>
<wpt lat="-15.777509" lon="-47.931724"><name>Radar 60 km/h</name><desc>Fonte: OSM</desc><type>FIXED</type></wpt>
<wpt lat="-15.777405" lon="-47.931885"><name>Radar 60 km/h</name><desc>Fonte: DETRAN-DF</desc><type>FIXED</type></wpt>
<wpt lat="-15.777405" lon="-47.862976"><name>Radar 80 km/h</name><desc>Fonte: DETRAN-DF</desc><type>FIXED</type></wpt>
<wpt lat="-15.776857" lon="-47.921219"><name>Radar 50 km/h</name><desc>Fonte: OSM</desc><type>FIXED</type></wpt>
<wpt lat="-15.776611" lon="-47.921204"><name>Radar 60 km/h</name><desc>Fonte: DETRAN-DF</desc><type>FIXED</type></wpt>
<wpt lat="-15.776611" lon="-47.921082"><name>Radar 60 km/h</name><desc>Fonte: DETRAN-DF</desc><type>FIXED</type></wpt>
<wpt lat="-15.776611" lon="-47.891479"><name>Radar 50 km/h</name><desc>Fonte: DETRAN-DF</desc><type>FIXED</type></wpt>
<wpt lat="-15.776611" lon="-47.890808"><name>Radar 50 km/h</name><desc>Fonte: DETRAN-DF</desc><type>FIXED</type></wpt>
<wpt lat="-15.776611" lon="-47.871582"><name>Radar 60 km/h</name><desc>Fonte: DETRAN-DF</desc><type>FIXED</type></wpt>
<wpt lat="-15.776611" lon="-47.780884"><name>Radar 40 km/h</name><desc>Fonte: DETRAN-DF</desc><type>FIXED</type></wpt>
<wpt lat="-15.776001" lon="-47.910583"><name>Radar 60 km/h</name><desc>Fonte: DETRAN-DF</desc><type>FIXED</type></wpt>
<wpt lat="-15.775879" lon="-47.931824"><name>Radar</name><desc>Fonte: DETRAN-DF</desc><type>FIXED</type></wpt>
<wpt lat="-15.775208" lon="-47.874512"><name>Radar 60 km/h</name><desc>Fonte: DETRAN-DF</desc><type>FIXED</type></wpt>
<wpt lat="-15.774780" lon="-47.927429"><name>Radar</name><desc>Fonte: DETRAN-DF</desc><type>FIXED</type></wpt>
<wpt lat="-15.774475" lon="-47.938293"><name>Radar 60 km/h</name><desc>Fonte: DETRAN-DF</desc><type>FIXED</type></wpt>
<wpt lat="-15.774395" lon="-47.938277"><name>Radar 60 km/h</name><desc>Fonte: OSM</desc><type>FIXED</type></wpt>
<wpt lat="-15.774109" lon="-47.931213"><name>Radar</name><desc>Fonte: DETRAN-DF</desc><type>FIXED</type></wpt>
<wpt lat="-15.773804" lon="-47.927795"><name>Radar</name><desc>Fonte: DETRAN-DF</desc><type>FIXED</type></wpt>
<wpt lat="-15.773621" lon="-47.887695"><name>Radar</name><desc>Fonte: DETRAN-DF</desc><type>FIXED</type></wpt>
<wpt lat="-15.773499" lon="-47.928711"><name>Radar</name><desc>Fonte: DETRAN-DF</desc><type>FIXED</type></wpt>
<wpt lat="-15.773499" lon="-47.910095"><name>Radar 60 km/h</name><desc>Fonte: DETRAN-DF</desc><type>FIXED</type></wpt>
<wpt lat="-15.773376" lon="-47.872009"><name>Radar 60 km/h</name><desc>Fonte: DETRAN-DF</desc><type>FIXED</type></wpt>
<wpt lat="-15.773010" lon="-47.930908"><name>Radar</name><desc>Fonte: DETRAN-DF</desc><type>FIXED</type></wpt>
<wpt lat="-15.773010" lon="-47.926819"><name>Radar</name><desc>Fonte: DETRAN-DF</desc><type>FIXED</type></wpt>
<wpt lat="-15.772599" lon="-47.779580"><name>Radar 40 km/h</name><desc>Fonte: OSM</desc><type>FIXED</type></wpt>
<wpt lat="-15.772583" lon="-47.779602"><name>Radar 40 km/h</name><desc>Fonte: DETRAN-DF</desc><type>FIXED</type></wpt>
<wpt lat="-15.772385" lon="-47.937013"><name>Radar 80 km/h</name><desc>Fonte: OSM</desc><type>FIXED</type></wpt>
<wpt lat="-15.772278" lon="-47.937012"><name>Radar 80 km/h</name><desc>Fonte: DETRAN-DF</desc><type>FIXED</type></wpt>
<wpt lat="-15.772029" lon="-47.936858"><name>Radar</name><desc>Fonte: OSM</desc><type>FIXED</type></wpt>
<wpt lat="-15.771606" lon="-47.888611"><name>Radar 60 km/h</name><desc>Fonte: DETRAN-DF</desc><type>FIXED</type></wpt>
<wpt lat="-15.771484" lon="-47.875000"><name>Radar 60 km/h</name><desc>Fonte: DETRAN-DF</desc><type>FIXED</type></wpt>
<wpt lat="-15.771484" lon="-47.874878"><name>Radar 60 km/h</name><desc>Fonte: DETRAN-DF</desc><type>FIXED</type></wpt>
<wpt lat="-15.771448" lon="-47.779694"><name>Radar 40 km/h</name><desc>Fonte: OSM</desc><type>FIXED</type></wpt>
<wpt lat="-15.771423" lon="-47.779602"><name>Radar 40 km/h</name><desc>Fonte: DETRAN-DF</desc><type>FIXED</type></wpt>
<wpt lat="-15.770630" lon="-47.919006"><name>Radar 60 km/h</name><desc>Fonte: DETRAN-DF</desc><type>FIXED</type></wpt>
<wpt lat="-15.770508" lon="-48.045105"><name>Radar 80 km/h</name><desc>Fonte: DETRAN-DF</desc><type>FIXED</type></wpt>
<wpt lat="-15.770203" lon="-47.919006"><name>Radar 60 km/h</name><desc>Fonte: DETRAN-DF</desc><type>FIXED</type></wpt>
<wpt lat="-15.769897" lon="-47.893677"><name>Radar 60 km/h</name><desc>Fonte: DETRAN-DF</desc><type>FIXED</type></wpt>
<wpt lat="-15.769775" lon="-47.925720"><name>Radar</name><desc>Fonte: DETRAN-DF</desc><type>FIXED</type></wpt>
<wpt lat="-15.769592" lon="-47.892212"><name>Radar 50 km/h</name><desc>Fonte: DETRAN-DF</desc><type>FIXED</type></wpt>
<wpt lat="-15.769592" lon="-47.889099"><name>Radar 60 km/h</name><desc>Fonte: DETRAN-DF</desc><type>FIXED</type></wpt>
<wpt lat="-15.769287" lon="-47.911377"><name>Radar 70 km/h</name><desc>Fonte: DETRAN-DF</desc><type>FIXED</type></wpt>
<wpt lat="-15.769104" lon="-47.872498"><name>Radar 50 km/h</name><desc>Fonte: DETRAN-DF</desc><type>FIXED</type></wpt>
<wpt lat="-15.768799" lon="-47.912109"><name>Radar 70 km/h</name><desc>Fonte: DETRAN-DF</desc><type>FIXED</type></wpt>
<wpt lat="-15.768677" lon="-47.889587"><name>Radar 60 km/h</name><desc>Fonte: DETRAN-DF</desc><type>FIXED</type></wpt>
<wpt lat="-15.768677" lon="-47.863098"><name>Radar 80 km/h</name><desc>Fonte: DETRAN-DF</desc><type>FIXED</type></wpt>
<wpt lat="-15.768616" lon="-47.774292"><name>Radar</name><desc>Fonte: DETRAN-DF</desc><type>FIXED</type></wpt>
<wpt lat="-15.768616" lon="-47.774109"><name>Radar</name><desc>Fonte: DETRAN-DF</desc><type>FIXED</type></wpt>
<wpt lat="-15.768494" lon="-47.882812"><name>Radar 60 km/h</name><desc>Fonte: DETRAN-DF</desc><type>FIXED</type></wpt>
<wpt lat="-15.768311" lon="-47.882996"><name>Radar 60 km/h</name><desc>Fonte: DETRAN-DF</desc><type>FIXED</type></wpt>
<wpt lat="-15.768188" lon="-47.882385"><name>Radar 80 km/h</name><desc>Fonte: DETRAN-DF</desc><type>FIXED</type></wpt>
<wpt lat="-15.768005" lon="-47.934082"><name>Radar 80 km/h</name><desc>Fonte: DETRAN-DF</desc><type>FIXED</type></wpt>
<wpt lat="-15.768005" lon="-47.774414"><name>Radar</name><desc>Fonte: DETRAN-DF</desc><type>FIXED</type></wpt>
<wpt lat="-15.768005" lon="-47.774292"><name>Radar</name><desc>Fonte: DETRAN-DF</desc><type>FIXED</type></wpt>
<wpt lat="-15.767953" lon="-47.934063"><name>Radar 80 km/h</name><desc>Fonte: OSM</desc><type>FIXED</type></wpt>
<wpt lat="-15.767883" lon="-47.881592"><name>Radar 60 km/h</name><desc>Fonte: DETRAN-DF</desc><type>FIXED</type></wpt>
<wpt lat="-15.767212" lon="-47.881897"><name>Radar 60 km/h</name><desc>Fonte: DETRAN-DF</desc><type>FIXED</type></wpt>
<wpt lat="-15.767143" lon="-47.934069"><name>Radar 80 km/h</name><desc>Fonte: OSM</desc><type>FIXED</type></wpt>
<wpt lat="-15.767090" lon="-47.873230"><name>Radar 50 km/h</name><desc>Fonte: DETRAN-DF</desc><type>FIXED</type></wpt>
<wpt lat="-15.767029" lon="-47.933899"><name>Radar 80 km/h</name><desc>Fonte: DETRAN-DF</desc><type>FIXED</type></wpt>
<wpt lat="-15.766767" lon="-47.933856"><name>Radar</name><desc>Fonte: OSM</desc><type>FIXED</type></wpt>
<wpt lat="-15.766724" lon="-47.914001"><name>Radar 70 km/h</name><desc>Fonte: DETRAN-DF</desc><type>FIXED</type></wpt>
<wpt lat="-15.766679" lon="-47.914139"><name>Radar 60 km/h</name><desc>Fonte: OSM</desc><type>FIXED</type></wpt>
<wpt lat="-15.766479" lon="-48.167480"><name>Radar</name><desc>Fonte: DETRAN-DF</desc><type>FIXED</type></wpt>
<wpt lat="-15.766113" lon="-47.882812"><name>Radar 80 km/h</name><desc>Fonte: DETRAN-DF</desc><type>FIXED</type></wpt>
<wpt lat="-15.766113" lon="-47.779907"><name>Radar 40 km/h</name><desc>Fonte: DETRAN-DF</desc><type>FIXED</type></wpt>
<wpt lat="-15.765686" lon="-48.167480"><name>Radar</name><desc>Fonte: DETRAN-DF</desc><type>FIXED</type></wpt>
<wpt lat="-15.765076" lon="-47.924011"><name>Radar</name><desc>Fonte: DETRAN-DF</desc><type>FIXED</type></wpt>
<wpt lat="-15.764838" lon="-47.915497"><name>Radar 70 km/h</name><desc>Fonte: OSM</desc><type>FIXED</type></wpt>
<wpt lat="-15.764709" lon="-47.915588"><name>Radar 70 km/h</name><desc>Fonte: DETRAN-DF</desc><type>FIXED</type></wpt>
<wpt lat="-15.764526" lon="-47.895691"><name>Radar 40 km/h</name><desc>Fonte: DETRAN-DF</desc><type>FIXED</type></wpt>
<wpt lat="-15.764099" lon="-47.893982"><name>Radar 50 km/h</name><desc>Fonte: DETRAN-DF</desc><type>FIXED</type></wpt>
<wpt lat="-15.764099" lon="-47.780212"><name>Radar 40 km/h</name><desc>Fonte: DETRAN-DF</desc><type>FIXED</type></wpt>
<wpt lat="-15.764092" lon="-47.862500"><name>Radar</name><desc>Fonte: OSM</desc><type>FIXED</type></wpt>
<wpt lat="-15.763794" lon="-47.862488"><name>Radar 80 km/h</name><desc>Fonte: DETRAN-DF</desc><type>FIXED</type></wpt>
<wpt lat="-15.763611" lon="-47.924194"><name>Radar</name><desc>Fonte: DETRAN-DF</desc><type>FIXED</type></wpt>
<wpt lat="-15.763611" lon="-47.917175"><name>Radar 70 km/h</name><desc>Fonte: DETRAN-DF</desc><type>FIXED</type></wpt>
<wpt lat="-15.763611" lon="-47.890808"><name>Radar 60 km/h</name><desc>Fonte: DETRAN-DF</desc><type>FIXED</type></wpt>
<wpt lat="-15.763184" lon="-47.894104"><name>Radar</name><desc>Fonte: DETRAN-DF</desc><type>FIXED</type></wpt>
<wpt lat="-15.762878" lon="-47.923401"><name>Radar</name><desc>Fonte: DETRAN-DF</desc><type>FIXED</type></wpt>
<wpt lat="-15.762512" lon="-47.862976"><name>Radar 80 km/h</name><desc>Fonte: DETRAN-DF</desc><type>FIXED</type></wpt>
<wpt lat="-15.762085" lon="-47.894287"><name>Radar</name><desc>Fonte: DETRAN-DF</desc><type>FIXED</type></wpt>
<wpt lat="-15.762024" lon="-47.893799"><name>Radar</name><desc>Fonte: DETRAN-DF</desc><type>FIXED</type></wpt>
<wpt lat="-15.761475" lon="-47.789612"><name>Radar 80 km/h</name><desc>Fonte: DETRAN-DF</desc><type>FIXED</type></wpt>
<wpt lat="-15.761356" lon="-47.790651"><name>Radar 60 km/h</name><desc>Fonte: OSM</desc><type>FIXED</type></wpt>
<wpt lat="-15.761292" lon="-47.919312"><name>Radar</name><desc>Fonte: DETRAN-DF</desc><type>FIXED</type></wpt>
<wpt lat="-15.761292" lon="-47.894714"><name>Radar</name><desc>Fonte: DETRAN-DF</desc><type>FIXED</type></wpt>
<wpt lat="-15.761108" lon="-47.894409"><name>Radar</name><desc>Fonte: DETRAN-DF</desc><type>FIXED</type></wpt>
<wpt lat="-15.761108" lon="-47.894104"><name>Radar</name><desc>Fonte: DETRAN-DF</desc><type>FIXED</type></wpt>
<wpt lat="-15.760986" lon="-47.893799"><name>Radar</name><desc>Fonte: DETRAN-DF</desc><type>FIXED</type></wpt>
<wpt lat="-15.760986" lon="-47.875000"><name>Radar 60 km/h</name><desc>Fonte: DETRAN-DF</desc><type>FIXED</type></wpt>
<wpt lat="-15.760925" lon="-47.893494"><name>Radar</name><desc>Fonte: DETRAN-DF</desc><type>FIXED</type></wpt>
<wpt lat="-15.760803" lon="-47.893311"><name>Radar</name><desc>Fonte: DETRAN-DF</desc><type>FIXED</type></wpt>
<wpt lat="-15.760681" lon="-47.794495"><name>Radar 80 km/h</name><desc>Fonte: DETRAN-DF</desc><type>FIXED</type></wpt>
<wpt lat="-15.760620" lon="-47.877625"><name>Radar 60 km/h</name><desc>Fonte: DETRAN-DF</desc><type>FIXED</type></wpt>
<wpt lat="-15.760498" lon="-47.918396"><name>Radar</name><desc>Fonte: DETRAN-DF</desc><type>FIXED</type></wpt>
<wpt lat="-15.760010" lon="-47.894897"><name>Radar</name><desc>Fonte: DETRAN-DF</desc><type>FIXED</type></wpt>
<wpt lat="-15.759888" lon="-47.894592"><name>Radar</name><desc>Fonte: DETRAN-DF</desc><type>FIXED</type></wpt>
<wpt lat="-15.759888" lon="-47.884705"><name>Radar 80 km/h</name><desc>Fonte: DETRAN-DF</desc><type>FIXED</type></wpt>
<wpt lat="-15.759827" lon="-47.923828"><name>Radar 70 km/h</name><desc>Fonte: DETRAN-DF</desc><type>FIXED</type></wpt>
<wpt lat="-15.759827" lon="-47.894287"><name>Radar</name><desc>Fonte: DETRAN-DF</desc><type>FIXED</type></wpt>
<wpt lat="-15.759705" lon="-47.923584"><name>Radar 70 km/h</name><desc>Fonte: DETRAN-DF</desc><type>FIXED</type></wpt>
<wpt lat="-15.759619" lon="-47.923698"><name>Radar 70 km/h</name><desc>Fonte: OSM</desc><type>FIXED</type></wpt>
<wpt lat="-15.759583" lon="-47.915588"><name>Radar</name><desc>Fonte: DETRAN-DF</desc><type>FIXED</type></wpt>
<wpt lat="-15.759583" lon="-47.893494"><name>Radar</name><desc>Fonte: DETRAN-DF</desc><type>FIXED</type></wpt>
<wpt lat="-15.759521" lon="-47.802307"><name>Radar 80 km/h</name><desc>Fonte: DETRAN-DF</desc><type>FIXED</type></wpt>
<wpt lat="-15.759446" lon="-47.924458"><name>Radar 70 km/h</name><desc>Fonte: OSM</desc><type>FIXED</type></wpt>
<wpt lat="-15.759399" lon="-47.777710"><name>Radar</name><desc>Fonte: DETRAN-DF</desc><type>FIXED</type></wpt>
<wpt lat="-15.759277" lon="-47.894897"><name>Radar</name><desc>Fonte: DETRAN-DF</desc><type>FIXED</type></wpt>
<wpt lat="-15.759277" lon="-47.894592"><name>Radar</name><desc>Fonte: DETRAN-DF</desc><type>FIXED</type></wpt>
<wpt lat="-15.759277" lon="-47.744080"><name>Radar</name><desc>Fonte: DETRAN-DF</desc><type>FIXED</type></wpt>
<wpt lat="-15.759216" lon="-47.928589"><name>Radar 80 km/h</name><desc>Fonte: DETRAN-DF</desc><type>FIXED</type></wpt>
<wpt lat="-15.758911" lon="-47.928894"><name>Radar 80 km/h</name><desc>Fonte: DETRAN-DF</desc><type>FIXED</type></wpt>
<wpt lat="-15.758911" lon="-47.913879"><name>Radar</name><desc>Fonte: DETRAN-DF</desc><type>FIXED</type></wpt>
<wpt lat="-15.758606" lon="-47.928727"><name>Radar</name><desc>Fonte: OSM</desc><type>FIXED</type></wpt>
<wpt lat="-15.758606" lon="-47.895020"><name>Radar</name><desc>Fonte: DETRAN-DF</desc><type>FIXED</type></wpt>
<wpt lat="-15.758606" lon="-47.807800"><name>Radar 80 km/h</name><desc>Fonte: DETRAN-DF</desc><type>FIXED</type></wpt>
<wpt lat="-15.758484" lon="-47.892700"><name>Radar 60 km/h</name><desc>Fonte: DETRAN-DF</desc><type>FIXED</type></wpt>
<wpt lat="-15.758423" lon="-47.894287"><name>Radar</name><desc>Fonte: DETRAN-DF</desc><type>FIXED</type></wpt>
<wpt lat="-15.757996" lon="-47.911194"><name>Radar</name><desc>Fonte: DETRAN-DF</desc><type>FIXED</type></wpt>
<wpt lat="-15.757812" lon="-47.746277"><name>Radar</name><desc>Fonte: DETRAN-DF</desc><type>FIXED</type></wpt>
<wpt lat="-15.757507" lon="-47.892883"><name>Radar 60 km/h</name><desc>Fonte: DETRAN-DF</desc><type>FIXED</type></wpt>
<wpt lat="-15.757385" lon="-47.885681"><name>Radar 80 km/h</name><desc>Fonte: DETRAN-DF</desc><type>FIXED</type></wpt>
<wpt lat="-15.757385" lon="-47.810181"><name>Radar 80 km/h</name><desc>Fonte: DETRAN-DF</desc><type>FIXED</type></wpt>
<wpt lat="-15.757019" lon="-47.896179"><name>Radar 50 km/h</name><desc>Fonte: DETRAN-DF</desc><type>FIXED</type></wpt>
<wpt lat="-15.756897" lon="-47.886475"><name>Radar 60 km/h</name><desc>Fonte: DETRAN-DF</desc><type>FIXED</type></wpt>
<wpt lat="-15.756775" lon="-47.886475"><name>Radar 60 km/h</name><desc>Fonte: DETRAN-DF</desc><type>FIXED</type></wpt>
<wpt lat="-15.756592" lon="-47.893311"><name>Radar 60 km/h</name><desc>Fonte: DETRAN-DF</desc><type>FIXED</type></wpt>
<wpt lat="-15.756104" lon="-47.778992"><name>Radar</name><desc>Fonte: DETRAN-DF</desc><type>FIXED</type></wpt>
<wpt lat="-15.755676" lon="-47.770630"><name>Radar</name><desc>Fonte: DETRAN-DF</desc><type>FIXED</type></wpt>
<wpt lat="-15.755615" lon="-47.836609"><name>Radar 70 km/h</name><desc>Fonte: DETRAN-DF</desc><type>FIXED</type></wpt>
<wpt lat="-15.755493" lon="-47.885620"><name>Radar 60 km/h</name><desc>Fonte: DETRAN-DF</desc><type>FIXED</type></wpt>
<wpt lat="-15.755493" lon="-47.770386"><name>Radar</name><desc>Fonte: DETRAN-DF</desc><type>FIXED</type></wpt>
<wpt lat="-15.755005" lon="-47.885681"><name>Radar 60 km/h</name><desc>Fonte: DETRAN-DF</desc><type>FIXED</type></wpt>
<wpt lat="-15.755005" lon="-47.814209"><name>Radar 80 km/h</name><desc>Fonte: DETRAN-DF</desc><type>FIXED</type></wpt>
<wpt lat="-15.754589" lon="-47.869754"><name>Radar</name><desc>Fonte: OSM</desc><type>FIXED</type></wpt>
<wpt lat="-15.754395" lon="-47.870605"><name>Radar 80 km/h</name><desc>Fonte: DETRAN-DF</desc><type>FIXED</type></wpt>
<wpt lat="-15.754028" lon="-47.870300"><name>Radar 80 km/h</name><desc>Fonte: DETRAN-DF</desc><type>FIXED</type></wpt>
<wpt lat="-15.753479" lon="-47.753418"><name>Radar</name><desc>Fonte: DETRAN-DF</desc><type>FIXED</type></wpt>
<wpt lat="-15.753113" lon="-47.840576"><name>Radar 70 km/h</name><desc>Fonte: DETRAN-DF</desc><type>FIXED</type></wpt>
<wpt lat="-15.752686" lon="-47.887085"><name>Radar 80 km/h</name><desc>Fonte: DETRAN-DF</desc><type>FIXED</type></wpt>
<wpt lat="-15.752502" lon="-47.887207"><name>Radar 80 km/h</name><desc>Fonte: DETRAN-DF</desc><type>FIXED</type></wpt>
<wpt lat="-15.752502" lon="-47.780396"><name>Radar</name><desc>Fonte: DETRAN-DF</desc><type>FIXED</type></wpt>
<wpt lat="-15.752502" lon="-47.763977"><name>Radar</name><desc>Fonte: DETRAN-DF</desc><type>FIXED</type></wpt>
<wpt lat="-15.752014" lon="-47.890503"><name>Radar</name><desc>Fonte: DETRAN-DF</desc><type>FIXED</type></wpt>
<wpt lat="-15.752014" lon="-47.813110"><name>Radar 50 km/h</name><desc>Fonte: DETRAN-DF</desc><type>FIXED</type></wpt>
<wpt lat="-15.751709" lon="-47.924500"><name>Radar 80 km/h</name><desc>Fonte: DETRAN-DF</desc><type>FIXED</type></wpt>
<wpt lat="-15.751709" lon="-47.763611"><name>Radar</name><desc>Fonte: DETRAN-DF</desc><type>FIXED</type></wpt>
<wpt lat="-15.751593" lon="-47.924362"><name>Radar</name><desc>Fonte: OSM</desc><type>FIXED</type></wpt>
<wpt lat="-15.751282" lon="-47.715210"><name>Radar</name><desc>Fonte: DETRAN-DF</desc><type>FIXED</type></wpt>
<wpt lat="-15.751099" lon="-47.880676"><name>Radar 60 km/h</name><desc>Fonte: DETRAN-DF</desc><type>FIXED</type></wpt>
<wpt lat="-15.751099" lon="-47.763428"><name>Radar</name><desc>Fonte: DETRAN-DF</desc><type>FIXED</type></wpt>
<wpt lat="-15.750610" lon="-47.764587"><name>Radar</name><desc>Fonte: DETRAN-DF</desc><type>FIXED</type></wpt>
<wpt lat="-15.750488" lon="-47.880981"><name>Radar 60 km/h</name><desc>Fonte: DETRAN-DF</desc><type>FIXED</type></wpt>
<wpt lat="-15.750488" lon="-47.816284"><name>Radar 50 km/h</name><desc>Fonte: DETRAN-DF</desc><type>FIXED</type></wpt>
<wpt lat="-15.750122" lon="-47.922913"><name>Radar 80 km/h</name><desc>Fonte: DETRAN-DF</desc><type>FIXED</type></wpt>
<wpt lat="-15.749817" lon="-47.762878"><name>Radar</name><desc>Fonte: DETRAN-DF</desc><type>FIXED</type></wpt>
<wpt lat="-15.749023" lon="-47.762512"><name>Radar</name><desc>Fonte: DETRAN-DF</desc><type>FIXED</type></wpt>
<wpt lat="-15.748596" lon="-47.898926"><name>Radar 40 km/h</name><desc>Fonte: DETRAN-DF</desc><type>FIXED</type></wpt>
<wpt lat="-15.748596" lon="-47.781921"><name>Radar</name><desc>Fonte: DETRAN-DF</desc><type>FIXED</type></wpt>
<wpt lat="-15.748561" lon="-47.898968"><name>Radar 40 km/h</name><desc>Fonte: OSM</desc><type>FIXED</type></wpt>
<wpt lat="-15.748230" lon="-47.820984"><name>Radar 80 km/h</name><desc>Fonte: DETRAN-DF</desc><type>FIXED</type></wpt>
<wpt lat="-15.748108" lon="-47.846375"><name>Radar 70 km/h</name><desc>Fonte: DETRAN-DF</desc><type>FIXED</type></wpt>
<wpt lat="-15.747803" lon="-47.846191"><name>Radar 70 km/h</name><desc>Fonte: DETRAN-DF</desc><type>FIXED</type></wpt>
<wpt lat="-15.747681" lon="-47.921875"><name>Radar 80 km/h</name><desc>Fonte: DETRAN-DF</desc><type>FIXED</type></wpt>
<wpt lat="-15.747681" lon="-47.761902"><name>Radar</name><desc>Fonte: DETRAN-DF</desc><type>FIXED</type></wpt>
<wpt lat="-15.747615" lon="-47.921883"><name>Radar</name><desc>Fonte: OSM</desc><type>FIXED</type></wpt>
<wpt lat="-15.746399" lon="-47.761414"><name>Radar</name><desc>Fonte: DETRAN-DF</desc><type>FIXED</type></wpt>
<wpt lat="-15.746094" lon="-47.900085"><name>Radar 50 km/h</name><desc>Fonte: DETRAN-DF</desc><type>FIXED</type></wpt>
<wpt lat="-15.746094" lon="-47.889282"><name>Radar 80 km/h</name><desc>Fonte: DETRAN-DF</desc><type>FIXED</type></wpt>
<wpt lat="-15.746094" lon="-47.664490"><name>Radar</name><desc>Fonte: DETRAN-DF</desc><type>FIXED</type></wpt>
<wpt lat="-15.745911" lon="-47.878296"><name>Radar 80 km/h</name><desc>Fonte: DETRAN-DF</desc><type>FIXED</type></wpt>
<wpt lat="-15.745858" lon="-47.900325"><name>Radar</name><desc>Fonte: OSM</desc><type>FIXED</type></wpt>
<wpt lat="-15.745483" lon="-47.889404"><name>Radar 80 km/h</name><desc>Fonte: DETRAN-DF</desc><type>FIXED</type></wpt>
<wpt lat="-15.745178" lon="-47.879517"><name>Radar 80 km/h</name><desc>Fonte: DETRAN-DF</desc><type>FIXED</type></wpt>
<wpt lat="-15.744995" lon="-47.896790"><name>Radar 60 km/h</name><desc>Fonte: DETRAN-DF</desc><type>FIXED</type></wpt>
<wpt lat="-15.744690" lon="-47.900208"><name>Radar 50 km/h</name><desc>Fonte: DETRAN-DF</desc><type>FIXED</type></wpt>
<wpt lat="-15.744507" lon="-47.849609"><name>Radar 70 km/h</name><desc>Fonte: DETRAN-DF</desc><type>FIXED</type></wpt>
<wpt lat="-15.744202" lon="-47.850891"><name>Radar 70 km/h</name><desc>Fonte: DETRAN-DF</desc><type>FIXED</type></wpt>
<wpt lat="-15.744080" lon="-47.882812"><name>Radar 60 km/h</name><desc>Fonte: DETRAN-DF</desc><type>FIXED</type></wpt>
<wpt lat="-15.743713" lon="-47.825012"><name>Radar 80 km/h</name><desc>Fonte: DETRAN-DF</desc><type>FIXED</type></wpt>
<wpt lat="-15.743408" lon="-47.889404"><name>Radar 60 km/h</name><desc>Fonte: DETRAN-DF</desc><type>FIXED</type></wpt>
<wpt lat="-15.743408" lon="-47.663879"><name>Radar</name><desc>Fonte: DETRAN-DF</desc><type>FIXED</type></wpt>
<wpt lat="-15.743103" lon="-47.918579"><name>Radar 80 km/h</name><desc>Fonte: DETRAN-DF</desc><type>FIXED</type></wpt>
<wpt lat="-15.742676" lon="-47.883484"><name>Radar 60 km/h</name><desc>Fonte: DETRAN-DF</desc><type>FIXED</type></wpt>
<wpt lat="-15.741821" lon="-47.918213"><name>Radar 80 km/h</name><desc>Fonte: DETRAN-DF</desc><type>FIXED</type></wpt>
<wpt lat="-15.741626" lon="-47.918124"><name>Radar</name><desc>Fonte: OSM</desc><type>FIXED</type></wpt>
<wpt lat="-15.741577" lon="-48.167603"><name>Radar</name><desc>Fonte: DETRAN-DF</desc><type>FIXED</type></wpt>
<wpt lat="-15.741028" lon="-48.167603"><name>Radar</name><desc>Fonte: DETRAN-DF</desc><type>FIXED</type></wpt>
<wpt lat="-15.740112" lon="-48.057922"><name>Radar 80 km/h</name><desc>Fonte: DETRAN-DF</desc><type>FIXED</type></wpt>
<wpt lat="-15.739807" lon="-47.898682"><name>Radar 60 km/h</name><desc>Fonte: DETRAN-DF</desc><type>FIXED</type></wpt>
<wpt lat="-15.739502" lon="-47.916321"><name>Radar 80 km/h</name><desc>Fonte: DETRAN-DF</desc><type>FIXED</type></wpt>
<wpt lat="-15.739197" lon="-47.884521"><name>Radar 60 km/h</name><desc>Fonte: DETRAN-DF</desc><type>FIXED</type></wpt>
<wpt lat="-15.738892" lon="-47.831177"><name>Radar 80 km/h</name><desc>Fonte: DETRAN-DF</desc><type>FIXED</type></wpt>
<wpt lat="-15.738586" lon="-47.884827"><name>Radar 60 km/h</name><desc>Fonte: DETRAN-DF</desc><type>FIXED</type></wpt>
<wpt lat="-15.738098" lon="-47.912109"><name>Radar 70 km/h</name><desc>Fonte: DETRAN-DF</desc><type>FIXED</type></wpt>
<wpt lat="-15.737610" lon="-48.167725"><name>Radar</name><desc>Fonte: DETRAN-DF</desc><type>FIXED</type></wpt>
<wpt lat="-15.737610" lon="-47.860596"><name>Radar 70 km/h</name><desc>Fonte: DETRAN-DF</desc><type>FIXED</type></wpt>
<wpt lat="-15.737183" lon="-47.892029"><name>Radar 80 km/h</name><desc>Fonte: DETRAN-DF</desc><type>FIXED</type></wpt>
<wpt lat="-15.736913" lon="-47.907641"><name>Radar</name><desc>Fonte: OSM</desc><type>FIXED</type></wpt>
<wpt lat="-15.736877" lon="-47.834106"><name>Radar 80 km/h</name><desc>Fonte: DETRAN-DF</desc><type>FIXED</type></wpt>
<wpt lat="-15.736694" lon="-47.906982"><name>Radar 70 km/h</name><desc>Fonte: DETRAN-DF</desc><type>FIXED</type></wpt>
<wpt lat="-15.736694" lon="-47.892212"><name>Radar 80 km/h</name><desc>Fonte: DETRAN-DF</desc><type>FIXED</type></wpt>
<wpt lat="-15.734619" lon="-47.894104"><name>Radar 40 km/h</name><desc>Fonte: DETRAN-DF</desc><type>FIXED</type></wpt>
<wpt lat="-15.734619" lon="-47.886108"><name>Radar 60 km/h</name><desc>Fonte: DETRAN-DF</desc><type>FIXED</type></wpt>
<wpt lat="-15.734610" lon="-47.900655"><name>Radar</name><desc>Fonte: OSM</desc><type>FIXED</type></wpt>
<wpt lat="-15.734192" lon="-48.080383"><name>Radar 80 km/h</name><desc>Fonte: DETRAN-DF</desc><type>FIXED</type></wpt>
<wpt lat="-15.734031" lon="-47.885871"><name>Radar</name><desc>Fonte: OSM</desc><type>FIXED</type></wpt>
<wpt lat="-15.734009" lon="-47.864502"><name>Radar 70 km/h</name><desc>Fonte: DETRAN-DF</desc><type>FIXED</type></wpt>
<wpt lat="-15.733826" lon="-47.864075"><name>Radar 70 km/h</name><desc>Fonte: DETRAN-DF</desc><type>FIXED</type></wpt>
<wpt lat="-15.733761" lon="-47.864183"><name>Radar 60 km/h</name><desc>Fonte: OSM</desc><type>FIXED</type></wpt>
<wpt lat="-15.733093" lon="-47.912903"><name>Radar 80 km/h</name><desc>Fonte: DETRAN-DF</desc><type>FIXED</type></wpt>
<wpt lat="-15.733073" lon="-47.891016"><name>Radar</name><desc>Fonte: OSM</desc><type>FIXED</type></wpt>
<wpt lat="-15.732910" lon="-47.895813"><name>Radar 60 km/h</name><desc>Fonte: DETRAN-DF</desc><type>FIXED</type></wpt>
<wpt lat="-15.731506" lon="-47.890991"><name>Radar 60 km/h</name><desc>Fonte: DETRAN-DF</desc><type>FIXED</type></wpt>
<wpt lat="-15.731201" lon="-47.892822"><name>Radar 60 km/h</name><desc>Fonte: DETRAN-DF</desc><type>FIXED</type></wpt>
<wpt lat="-15.731018" lon="-48.165100"><name>Radar 80 km/h</name><desc>Fonte: DETRAN-DF</desc><type>FIXED</type></wpt>
<wpt lat="-15.730896" lon="-48.180786"><name>Radar 80 km/h</name><desc>Fonte: DETRAN-DF</desc><type>FIXED</type></wpt>
<wpt lat="-15.730896" lon="-48.171326"><name>Radar 80 km/h</name><desc>Fonte: DETRAN-DF</desc><type>FIXED</type></wpt>
<wpt lat="-15.730882" lon="-48.181366"><name>Radar 60 km/h</name><desc>Fonte: OSM</desc><type>FIXED</type></wpt>
<wpt lat="-15.730880" lon="-48.181639"><name>Radar 60 km/h</name><desc>Fonte: OSM</desc><type>FIXED</type></wpt>
<wpt lat="-15.730840" lon="-48.181392"><name>Radar</name><desc>Fonte: DNIT</desc><type>FIXED</type></wpt>
<wpt lat="-15.729919" lon="-48.117981"><name>Radar 80 km/h</name><desc>Fonte: DETRAN-DF</desc><type>FIXED</type></wpt>
<wpt lat="-15.729492" lon="-47.910095"><name>Radar 80 km/h</name><desc>Fonte: DETRAN-DF</desc><type>FIXED</type></wpt>
<wpt lat="-15.729319" lon="-48.123057"><name>Radar</name><desc>Fonte: DNIT · sentido 276° (oeste)</desc><type>FIXED</type></wpt>
<wpt lat="-15.729309" lon="-48.123230"><name>Radar 80 km/h</name><desc>Fonte: DETRAN-DF</desc><type>FIXED</type></wpt>
<wpt lat="-15.729309" lon="-47.842102"><name>Radar 80 km/h</name><desc>Fonte: DETRAN-DF</desc><type>FIXED</type></wpt>
<wpt lat="-15.729309" lon="-47.841980"><name>Radar 80 km/h</name><desc>Fonte: DETRAN-DF</desc><type>FIXED</type></wpt>
<wpt lat="-15.729242" lon="-48.125013"><name>Radar</name><desc>Fonte: DNIT · sentido 96° (leste)</desc><type>FIXED</type></wpt>
<wpt lat="-15.729187" lon="-47.869812"><name>Radar 70 km/h</name><desc>Fonte: DETRAN-DF</desc><type>FIXED</type></wpt>
<wpt lat="-15.728821" lon="-48.128601"><name>Radar 80 km/h</name><desc>Fonte: DETRAN-DF</desc><type>FIXED</type></wpt>
<wpt lat="-15.727905" lon="-47.658691"><name>Radar</name><desc>Fonte: DETRAN-DF</desc><type>FIXED</type></wpt>
<wpt lat="-15.727600" lon="-47.895508"><name>Radar 60 km/h</name><desc>Fonte: DETRAN-DF</desc><type>FIXED</type></wpt>
<wpt lat="-15.727295" lon="-47.909180"><name>Radar 80 km/h</name><desc>Fonte: DETRAN-DF</desc><type>FIXED</type></wpt>
<wpt lat="-15.726685" lon="-47.872803"><name>Radar 70 km/h</name><desc>Fonte: DETRAN-DF</desc><type>FIXED</type></wpt>
<wpt lat="-15.726589" lon="-47.895600"><name>Radar 80 km/h</name><desc>Fonte: OSM</desc><type>FIXED</type></wpt>
<wpt lat="-15.726013" lon="-47.895691"><name>Radar 80 km/h</name><desc>Fonte: DETRAN-DF</desc><type>FIXED</type></wpt>
<wpt lat="-15.726013" lon="-47.844910"><name>Radar 80 km/h</name><desc>Fonte: DETRAN-DF</desc><type>FIXED</type></wpt>
<wpt lat="-15.724487" lon="-47.906921"><name>Radar 80 km/h</name><desc>Fonte: DETRAN-DF</desc><type>FIXED</type></wpt>
<wpt lat="-15.724182" lon="-47.895996"><name>Radar 70 km/h</name><desc>Fonte: DETRAN-DF</desc><type>FIXED</type></wpt>
<wpt lat="-15.723999" lon="-47.894287"><name>Radar 60 km/h</name><desc>Fonte: DETRAN-DF</desc><type>FIXED</type></wpt>
<wpt lat="-15.723877" lon="-47.878784"><name>Radar 70 km/h</name><desc>Fonte: DETRAN-DF</desc><type>FIXED</type></wpt>
<wpt lat="-15.722717" lon="-47.891785"><name>Radar 70 km/h</name><desc>Fonte: DETRAN-DF</desc><type>FIXED</type></wpt>
<wpt lat="-15.722595" lon="-47.888977"><name>Radar 70 km/h</name><desc>Fonte: DETRAN-DF</desc><type>FIXED</type></wpt>
<wpt lat="-15.722595" lon="-47.887512"><name>Radar 70 km/h</name><desc>Fonte: DETRAN-DF</desc><type>FIXED</type></wpt>
<wpt lat="-15.722402" lon="-47.896982"><name>Radar 80 km/h</name><desc>Fonte: OSM</desc><type>FIXED</type></wpt>
<wpt lat="-15.722229" lon="-47.883911"><name>Radar 60 km/h</name><desc>Fonte: DETRAN-DF</desc><type>FIXED</type></wpt>
<wpt lat="-15.722107" lon="-47.883789"><name>Radar 70 km/h</name><desc>Fonte: DETRAN-DF</desc><type>FIXED</type></wpt>
<wpt lat="-15.721497" lon="-47.897217"><name>Radar 80 km/h</name><desc>Fonte: DETRAN-DF</desc><type>FIXED</type></wpt>
<wpt lat="-15.721191" lon="-47.905396"><name>Radar 80 km/h</name><desc>Fonte: DETRAN-DF</desc><type>FIXED</type></wpt>
<wpt lat="-15.721191" lon="-47.896912"><name>Radar</name><desc>Fonte: DETRAN-DF</desc><type>FIXED</type></wpt>
<wpt lat="-15.721008" lon="-47.853027"><name>Radar 80 km/h</name><desc>Fonte: DETRAN-DF</desc><type>FIXED</type></wpt>
<wpt lat="-15.719227" lon="-47.898007"><name>Radar 80 km/h</name><desc>Fonte: OSM</desc><type>FIXED</type></wpt>
<wpt lat="-15.718839" lon="-47.897895"><name>Radar 80 km/h</name><desc>Fonte: OSM</desc><type>FIXED</type></wpt>
<wpt lat="-15.718803" lon="-47.897701"><name>Radar 60 km/h</name><desc>Fonte: OSM</desc><type>FIXED</type></wpt>
<wpt lat="-15.718689" lon="-47.895325"><name>Radar 60 km/h</name><desc>Fonte: DETRAN-DF</desc><type>FIXED</type></wpt>
<wpt lat="-15.718384" lon="-47.860413"><name>Radar 80 km/h</name><desc>Fonte: DETRAN-DF</desc><type>FIXED</type></wpt>
<wpt lat="-15.718018" lon="-47.862976"><name>Radar 80 km/h</name><desc>Fonte: DETRAN-DF</desc><type>FIXED</type></wpt>
<wpt lat="-15.715576" lon="-47.882202"><name>Radar</name><desc>Fonte: DETRAN-DF</desc><type>FIXED</type></wpt>
<wpt lat="-15.715576" lon="-47.881226"><name>Radar</name><desc>Fonte: DETRAN-DF</desc><type>FIXED</type></wpt>
<wpt lat="-15.715393" lon="-47.880676"><name>Radar</name><desc>Fonte: DETRAN-DF</desc><type>FIXED</type></wpt>
<wpt lat="-15.715234" lon="-47.871706"><name>Radar 40 km/h</name><desc>Fonte: OSM</desc><type>FIXED</type></wpt>
<wpt lat="-15.715210" lon="-47.882812"><name>Radar</name><desc>Fonte: DETRAN-DF</desc><type>FIXED</type></wpt>
<wpt lat="-15.715210" lon="-47.880005"><name>Radar 60 km/h</name><desc>Fonte: DETRAN-DF</desc><type>FIXED</type></wpt>
<wpt lat="-15.715210" lon="-47.871704"><name>Radar</name><desc>Fonte: DETRAN-DF</desc><type>FIXED</type></wpt>
<wpt lat="-15.715088" lon="-47.871887"><name>Radar 50 km/h</name><desc>Fonte: DETRAN-DF</desc><type>FIXED</type></wpt>
<wpt lat="-15.715027" lon="-47.874329"><name>Radar 50 km/h</name><desc>Fonte: DETRAN-DF</desc><type>FIXED</type></wpt>
<wpt lat="-15.715007" lon="-47.874129"><name>Radar 40 km/h</name><desc>Fonte: OSM</desc><type>FIXED</type></wpt>
<wpt lat="-15.714905" lon="-47.874207"><name>Radar</name><desc>Fonte: DETRAN-DF</desc><type>FIXED</type></wpt>
<wpt lat="-15.714478" lon="-47.900879"><name>Radar 80 km/h</name><desc>Fonte: DETRAN-DF</desc><type>FIXED</type></wpt>
<wpt lat="-15.714294" lon="-47.883911"><name>Radar 50 km/h</name><desc>Fonte: DETRAN-DF</desc><type>FIXED</type></wpt>
<wpt lat="-15.713684" lon="-47.891296"><name>Radar 60 km/h</name><desc>Fonte: DETRAN-DF</desc><type>FIXED</type></wpt>
<wpt lat="-15.713418" lon="-48.198399"><name>Radar</name><desc>Fonte: DNIT · sentido 343° (norte)</desc><type>FIXED</type></wpt>
<wpt lat="-15.712708" lon="-48.198608"><name>Radar 50 km/h</name><desc>Fonte: DETRAN-DF</desc><type>FIXED</type></wpt>
<wpt lat="-15.711975" lon="-47.888306"><name>Radar 50 km/h</name><desc>Fonte: DETRAN-DF</desc><type>FIXED</type></wpt>
<wpt lat="-15.711105" lon="-48.199240"><name>Radar</name><desc>Fonte: DNIT · sentido 163° (sul)</desc><type>FIXED</type></wpt>
<wpt lat="-15.710386" lon="-47.895743"><name>Radar 50 km/h</name><desc>Fonte: OSM</desc><type>FIXED</type></wpt>
<wpt lat="-15.709685" lon="-47.896072"><name>Radar 70 km/h</name><desc>Fonte: OSM</desc><type>FIXED</type></wpt>
<wpt lat="-15.707439" lon="-47.892352"><name>Radar 80 km/h</name><desc>Fonte: OSM</desc><type>FIXED</type></wpt>
<wpt lat="-15.707397" lon="-47.892395"><name>Radar 80 km/h</name><desc>Fonte: DETRAN-DF</desc><type>FIXED</type></wpt>
<wpt lat="-15.703960" lon="-47.888742"><name>Radar 70 km/h</name><desc>Fonte: OSM</desc><type>FIXED</type></wpt>
<wpt lat="-15.703918" lon="-47.888123"><name>Radar 70 km/h</name><desc>Fonte: DETRAN-DF</desc><type>FIXED</type></wpt>
<wpt lat="-15.703735" lon="-47.887906"><name>Radar 80 km/h</name><desc>Fonte: OSM</desc><type>FIXED</type></wpt>
<wpt lat="-15.700052" lon="-47.882790"><name>Radar 70 km/h</name><desc>Fonte: OSM</desc><type>FIXED</type></wpt>
<wpt lat="-15.699890" lon="-47.882507"><name>Radar 70 km/h</name><desc>Fonte: DETRAN-DF</desc><type>FIXED</type></wpt>
<wpt lat="-15.697706" lon="-47.878334"><name>Radar 70 km/h</name><desc>Fonte: OSM</desc><type>FIXED</type></wpt>
<wpt lat="-15.697693" lon="-47.878296"><name>Radar 70 km/h</name><desc>Fonte: DETRAN-DF</desc><type>FIXED</type></wpt>
<wpt lat="-15.696554" lon="-47.875791"><name>Radar 80 km/h</name><desc>Fonte: OSM</desc><type>FIXED</type></wpt>
<wpt lat="-15.695636" lon="-47.875098"><name>Radar 70 km/h</name><desc>Fonte: OSM</desc><type>FIXED</type></wpt>
<wpt lat="-15.694722" lon="-47.872678"><name>Radar 70 km/h</name><desc>Fonte: OSM</desc><type>FIXED</type></wpt>
<wpt lat="-15.694702" lon="-47.872681"><name>Radar 70 km/h</name><desc>Fonte: DETRAN-DF</desc><type>FIXED</type></wpt>
<wpt lat="-15.693504" lon="-47.870269"><name>Radar 70 km/h</name><desc>Fonte: OSM</desc><type>FIXED</type></wpt>
<wpt lat="-15.692810" lon="-47.844910"><name>Radar</name><desc>Fonte: DETRAN-DF</desc><type>FIXED</type></wpt>
<wpt lat="-15.692810" lon="-47.843201"><name>Radar</name><desc>Fonte: DETRAN-DF</desc><type>FIXED</type></wpt>
<wpt lat="-15.692810" lon="-47.825989"><name>Radar</name><desc>Fonte: DETRAN-DF</desc><type>FIXED</type></wpt>
<wpt lat="-15.692383" lon="-47.826111"><name>Radar</name><desc>Fonte: DETRAN-DF</desc><type>FIXED</type></wpt>
<wpt lat="-15.692078" lon="-47.825806"><name>Radar</name><desc>Fonte: DETRAN-DF</desc><type>FIXED</type></wpt>
<wpt lat="-15.691711" lon="-47.853088"><name>Radar</name><desc>Fonte: DETRAN-DF</desc><type>FIXED</type></wpt>
<wpt lat="-15.691445" lon="-47.866000"><name>Radar 70 km/h</name><desc>Fonte: OSM</desc><type>FIXED</type></wpt>
<wpt lat="-15.691406" lon="-47.865784"><name>Radar 70 km/h</name><desc>Fonte: DETRAN-DF</desc><type>FIXED</type></wpt>
<wpt lat="-15.690796" lon="-47.855103"><name>Radar</name><desc>Fonte: DETRAN-DF</desc><type>FIXED</type></wpt>
<wpt lat="-15.690768" lon="-47.865319"><name>Radar 70 km/h</name><desc>Fonte: OSM</desc><type>FIXED</type></wpt>
<wpt lat="-15.690677" lon="-48.205719"><name>Radar</name><desc>Fonte: DNIT · sentido 164° (sul)</desc><type>FIXED</type></wpt>
<wpt lat="-15.690544" lon="-48.205760"><name>Radar 60 km/h</name><desc>Fonte: OSM</desc><type>FIXED</type></wpt>
<wpt lat="-15.690491" lon="-47.862183"><name>Radar</name><desc>Fonte: DETRAN-DF</desc><type>FIXED</type></wpt>
<wpt lat="-15.689209" lon="-47.860413"><name>Radar 50 km/h</name><desc>Fonte: DETRAN-DF</desc><type>FIXED</type></wpt>
<wpt lat="-15.687012" lon="-48.205505"><name>Radar</name><desc>Fonte: DETRAN-DF</desc><type>FIXED</type></wpt>
<wpt lat="-15.686707" lon="-48.200012"><name>Radar 60 km/h</name><desc>Fonte: DETRAN-DF</desc><type>FIXED</type></wpt>
<wpt lat="-15.685608" lon="-48.195801"><name>Radar 60 km/h</name><desc>Fonte: DETRAN-DF</desc><type>FIXED</type></wpt>
<wpt lat="-15.684875" lon="-48.192993"><name>Radar 60 km/h</name><desc>Fonte: DETRAN-DF</desc><type>FIXED</type></wpt>
<wpt lat="-15.684692" lon="-48.192810"><name>Radar 60 km/h</name><desc>Fonte: DETRAN-DF</desc><type>FIXED</type></wpt>
<wpt lat="-15.684204" lon="-48.205078"><name>Radar</name><desc>Fonte: DETRAN-DF</desc><type>FIXED</type></wpt>
<wpt lat="-15.683899" lon="-48.204712"><name>Radar</name><desc>Fonte: DETRAN-DF</desc><type>FIXED</type></wpt>
<wpt lat="-15.683411" lon="-47.837219"><name>Radar</name><desc>Fonte: DETRAN-DF</desc><type>FIXED</type></wpt>
<wpt lat="-15.682983" lon="-48.205505"><name>Radar</name><desc>Fonte: DETRAN-DF</desc><type>FIXED</type></wpt>
<wpt lat="-15.682312" lon="-48.204895"><name>Radar</name><desc>Fonte: DETRAN-DF</desc><type>FIXED</type></wpt>
<wpt lat="-15.681702" lon="-48.201782"><name>Radar</name><desc>Fonte: DETRAN-DF</desc><type>FIXED</type></wpt>
<wpt lat="-15.681580" lon="-47.851013"><name>Radar 80 km/h</name><desc>Fonte: DETRAN-DF</desc><type>FIXED</type></wpt>
<wpt lat="-15.681213" lon="-48.201721"><name>Radar</name><desc>Fonte: DETRAN-DF</desc><type>FIXED</type></wpt>
<wpt lat="-15.680857" lon="-47.850097"><name>Radar 80 km/h</name><desc>Fonte: OSM</desc><type>FIXED</type></wpt>
<wpt lat="-15.679810" lon="-47.861389"><name>Radar</name><desc>Fonte: DETRAN-DF</desc><type>FIXED</type></wpt>
<wpt lat="-15.679504" lon="-48.201599"><name>Radar</name><desc>Fonte: DETRAN-DF</desc><type>FIXED</type></wpt>
<wpt lat="-15.679199" lon="-48.194824"><name>Radar 60 km/h</name><desc>Fonte: DETRAN-DF</desc><type>FIXED</type></wpt>
<wpt lat="-15.678711" lon="-47.860107"><name>Radar</name><desc>Fonte: DETRAN-DF</desc><type>FIXED</type></wpt>
<wpt lat="-15.678589" lon="-47.649414"><name>Radar</name><desc>Fonte: DETRAN-DF</desc><type>FIXED</type></wpt>
<wpt lat="-15.678386" lon="-47.847294"><name>Radar 80 km/h</name><desc>Fonte: OSM</desc><type>FIXED</type></wpt>
<wpt lat="-15.678284" lon="-47.648987"><name>Radar</name><desc>Fonte: DETRAN-DF</desc><type>FIXED</type></wpt>
<wpt lat="-15.678223" lon="-48.203979"><name>Radar</name><desc>Fonte: DETRAN-DF</desc><type>FIXED</type></wpt>
<wpt lat="-15.677612" lon="-47.859009"><name>Radar</name><desc>Fonte: DETRAN-DF</desc><type>FIXED</type></wpt>
<wpt lat="-15.677612" lon="-47.846375"><name>Radar 80 km/h</name><desc>Fonte: DETRAN-DF</desc><type>FIXED</type></wpt>
<wpt lat="-15.677333" lon="-47.845633"><name>Radar 60 km/h</name><desc>Fonte: OSM</desc><type>FIXED</type></wpt>
<wpt lat="-15.677214" lon="-47.845726"><name>Radar 80 km/h</name><desc>Fonte: OSM</desc><type>FIXED</type></wpt>
<wpt lat="-15.675476" lon="-47.823181"><name>Radar 60 km/h</name><desc>Fonte: DETRAN-DF</desc><type>FIXED</type></wpt>
<wpt lat="-15.675110" lon="-48.204590"><name>Radar</name><desc>Fonte: DETRAN-DF</desc><type>FIXED</type></wpt>
<wpt lat="-15.674988" lon="-47.823120"><name>Radar 60 km/h</name><desc>Fonte: DETRAN-DF</desc><type>FIXED</type></wpt>
<wpt lat="-15.674500" lon="-48.204529"><name>Radar</name><desc>Fonte: DETRAN-DF</desc><type>FIXED</type></wpt>
<wpt lat="-15.672180" lon="-48.199707"><name>Radar</name><desc>Fonte: DETRAN-DF</desc><type>FIXED</type></wpt>
<wpt lat="-15.671692" lon="-47.842590"><name>Radar</name><desc>Fonte: DETRAN-DF</desc><type>FIXED</type></wpt>
<wpt lat="-15.670898" lon="-47.843994"><name>Radar</name><desc>Fonte: DETRAN-DF</desc><type>FIXED</type></wpt>
<wpt lat="-15.670593" lon="-47.839417"><name>Radar 80 km/h</name><desc>Fonte: DETRAN-DF</desc><type>FIXED</type></wpt>
<wpt lat="-15.670105" lon="-47.644409"><name>Radar</name><desc>Fonte: DETRAN-DF</desc><type>FIXED</type></wpt>
<wpt lat="-15.669312" lon="-47.839600"><name>Radar 80 km/h</name><desc>Fonte: DETRAN-DF</desc><type>FIXED</type></wpt>
<wpt lat="-15.668396" lon="-47.847717"><name>Radar</name><desc>Fonte: DETRAN-DF</desc><type>FIXED</type></wpt>
<wpt lat="-15.667786" lon="-47.848694"><name>Radar</name><desc>Fonte: DETRAN-DF</desc><type>FIXED</type></wpt>
<wpt lat="-15.665588" lon="-48.199280"><name>Radar</name><desc>Fonte: DETRAN-DF</desc><type>FIXED</type></wpt>
<wpt lat="-15.665588" lon="-47.841614"><name>Radar 80 km/h</name><desc>Fonte: DETRAN-DF</desc><type>FIXED</type></wpt>
<wpt lat="-15.665527" lon="-48.203613"><name>Radar</name><desc>Fonte: DETRAN-DF</desc><type>FIXED</type></wpt>
<wpt lat="-15.664612" lon="-48.203491"><name>Radar</name><desc>Fonte: DETRAN-DF</desc><type>FIXED</type></wpt>
<wpt lat="-15.664001" lon="-47.823975"><name>Radar 60 km/h</name><desc>Fonte: DETRAN-DF</desc><type>FIXED</type></wpt>
<wpt lat="-15.663696" lon="-47.852783"><name>Radar</name><desc>Fonte: DETRAN-DF</desc><type>FIXED</type></wpt>
<wpt lat="-15.662903" lon="-47.829285"><name>Radar 60 km/h</name><desc>Fonte: DETRAN-DF</desc><type>FIXED</type></wpt>
<wpt lat="-15.662781" lon="-47.801697"><name>Radar</name><desc>Fonte: DETRAN-DF</desc><type>FIXED</type></wpt>
<wpt lat="-15.662720" lon="-47.801697"><name>Radar</name><desc>Fonte: DETRAN-DF</desc><type>FIXED</type></wpt>
<wpt lat="-15.661926" lon="-47.799805"><name>Radar 60 km/h</name><desc>Fonte: DETRAN-DF</desc><type>FIXED</type></wpt>
<wpt lat="-15.660583" lon="-48.203003"><name>Radar</name><desc>Fonte: DETRAN-DF</desc><type>FIXED</type></wpt>
<wpt lat="-15.659790" lon="-48.202881"><name>Radar</name><desc>Fonte: DETRAN-DF</desc><type>FIXED</type></wpt>
<wpt lat="-15.659485" lon="-47.854797"><name>Radar</name><desc>Fonte: DETRAN-DF</desc><type>FIXED</type></wpt>
<wpt lat="-15.657715" lon="-47.897400"><name>Radar</name><desc>Fonte: DETRAN-DF</desc><type>FIXED</type></wpt>
<wpt lat="-15.657593" lon="-47.855530"><name>Radar</name><desc>Fonte: DETRAN-DF</desc><type>FIXED</type></wpt>
<wpt lat="-15.657227" lon="-47.898010"><name>Radar</name><desc>Fonte: DETRAN-DF</desc><type>FIXED</type></wpt>
<wpt lat="-15.657104" lon="-47.845703"><name>Radar 80 km/h</name><desc>Fonte: DETRAN-DF</desc><type>FIXED</type></wpt>
<wpt lat="-15.656677" lon="-47.846191"><name>Radar 80 km/h</name><desc>Fonte: DETRAN-DF</desc><type>FIXED</type></wpt>
<wpt lat="-15.656189" lon="-47.781982"><name>Radar</name><desc>Fonte: DETRAN-DF</desc><type>FIXED</type></wpt>
<wpt lat="-15.656128" lon="-48.202576"><name>Radar</name><desc>Fonte: DETRAN-DF</desc><type>FIXED</type></wpt>
<wpt lat="-15.655579" lon="-47.782288"><name>Radar</name><desc>Fonte: DETRAN-DF</desc><type>FIXED</type></wpt>
<wpt lat="-15.654785" lon="-47.649719"><name>Radar</name><desc>Fonte: DETRAN-DF</desc><type>FIXED</type></wpt>
<wpt lat="-15.652710" lon="-47.790710"><name>Radar 50 km/h</name><desc>Fonte: DETRAN-DF</desc><type>FIXED</type></wpt>
<wpt lat="-15.652405" lon="-47.780090"><name>Radar</name><desc>Fonte: DETRAN-DF</desc><type>FIXED</type></wpt>
<wpt lat="-15.652100" lon="-47.778809"><name>Radar 60 km/h</name><desc>Fonte: DETRAN-DF</desc><type>FIXED</type></wpt>
<wpt lat="-15.649780" lon="-47.787109"><name>Radar 50 km/h</name><desc>Fonte: DETRAN-DF</desc><type>FIXED</type></wpt>
<wpt lat="-15.649719" lon="-47.670593"><name>Radar 80 km/h</name><desc>Fonte: DETRAN-DF</desc><type>FIXED</type></wpt>
<wpt lat="-15.649475" lon="-47.793579"><name>Radar 50 km/h</name><desc>Fonte: DETRAN-DF</desc><type>FIXED</type></wpt>
<wpt lat="-15.649414" lon="-47.793518"><name>Radar 50 km/h</name><desc>Fonte: DETRAN-DF</desc><type>FIXED</type></wpt>
<wpt lat="-15.648376" lon="-47.785889"><name>Radar 40 km/h</name><desc>Fonte: DETRAN-DF</desc><type>FIXED</type></wpt>
<wpt lat="-15.648376" lon="-47.785400"><name>Radar 40 km/h</name><desc>Fonte: DETRAN-DF</desc><type>FIXED</type></wpt>
<wpt lat="-15.647522" lon="-47.768616"><name>Radar 60 km/h</name><desc>Fonte: DETRAN-DF</desc><type>FIXED</type></wpt>
<wpt lat="-15.646572" lon="-48.201565"><name>Radar</name><desc>Fonte: DNIT · sentido 6° (norte)</desc><type>FIXED</type></wpt>
<wpt lat="-15.645338" lon="-48.201540"><name>Radar</name><desc>Fonte: DNIT · sentido 186° (sul)</desc><type>FIXED</type></wpt>
<wpt lat="-15.644592" lon="-47.761902"><name>Radar 40 km/h</name><desc>Fonte: DETRAN-DF</desc><type>FIXED</type></wpt>
<wpt lat="-15.644104" lon="-47.797180"><name>Radar 40 km/h</name><desc>Fonte: DETRAN-DF</desc><type>FIXED</type></wpt>
<wpt lat="-15.644104" lon="-47.761108"><name>Radar 40 km/h</name><desc>Fonte: DETRAN-DF</desc><type>FIXED</type></wpt>
<wpt lat="-15.643921" lon="-47.798401"><name>Radar 40 km/h</name><desc>Fonte: DETRAN-DF</desc><type>FIXED</type></wpt>
<wpt lat="-15.641907" lon="-47.818176"><name>Radar</name><desc>Fonte: DETRAN-DF</desc><type>FIXED</type></wpt>
<wpt lat="-15.641785" lon="-47.817383"><name>Radar</name><desc>Fonte: DETRAN-DF</desc><type>FIXED</type></wpt>
<wpt lat="-15.639893" lon="-47.820984"><name>Radar</name><desc>Fonte: DETRAN-DF</desc><type>FIXED</type></wpt>
<wpt lat="-15.639404" lon="-47.651123"><name>Radar 40 km/h</name><desc>Fonte: DETRAN-DF</desc><type>FIXED</type></wpt>
<wpt lat="-15.639404" lon="-47.651001"><name>Radar 40 km/h</name><desc>Fonte: DETRAN-DF</desc><type>FIXED</type></wpt>
<wpt lat="-15.638794" lon="-47.842896"><name>Radar</name><desc>Fonte: DETRAN-DF</desc><type>FIXED</type></wpt>
<wpt lat="-15.638611" lon="-47.843018"><name>Radar</name><desc>Fonte: DETRAN-DF</desc><type>FIXED</type></wpt>
<wpt lat="-15.638611" lon="-47.842712"><name>Radar</name><desc>Fonte: DETRAN-DF</desc><type>FIXED</type></wpt>
<wpt lat="-15.638611" lon="-47.690796"><name>Radar 80 km/h</name><desc>Fonte: DETRAN-DF</desc><type>FIXED</type></wpt>
<wpt lat="-15.638489" lon="-47.845581"><name>Radar</name><desc>Fonte: DETRAN-DF</desc><type>FIXED</type></wpt>
<wpt lat="-15.638489" lon="-47.842712"><name>Radar</name><desc>Fonte: DETRAN-DF</desc><type>FIXED</type></wpt>
<wpt lat="-15.638428" lon="-47.845581"><name>Radar</name><desc>Fonte: DETRAN-DF</desc><type>FIXED</type></wpt>
<wpt lat="-15.638428" lon="-47.844910"><name>Radar</name><desc>Fonte: DETRAN-DF</desc><type>FIXED</type></wpt>
<wpt lat="-15.638428" lon="-47.841797"><name>Radar</name><desc>Fonte: DETRAN-DF</desc><type>FIXED</type></wpt>
<wpt lat="-15.638306" lon="-47.821228"><name>Radar</name><desc>Fonte: DETRAN-DF</desc><type>FIXED</type></wpt>
<wpt lat="-15.638184" lon="-47.839783"><name>Radar</name><desc>Fonte: DETRAN-DF</desc><type>FIXED</type></wpt>
<wpt lat="-15.638000" lon="-47.839600"><name>Radar</name><desc>Fonte: DETRAN-DF</desc><type>FIXED</type></wpt>
<wpt lat="-15.638000" lon="-47.839478"><name>Radar</name><desc>Fonte: DETRAN-DF</desc><type>FIXED</type></wpt>
<wpt lat="-15.637878" lon="-47.847900"><name>Radar</name><desc>Fonte: DETRAN-DF</desc><type>FIXED</type></wpt>
<wpt lat="-15.637817" lon="-47.837891"><name>Radar</name><desc>Fonte: DETRAN-DF</desc><type>FIXED</type></wpt>
<wpt lat="-15.637817" lon="-47.837830"><name>Radar</name><desc>Fonte: DETRAN-DF</desc><type>FIXED</type></wpt>
<wpt lat="-15.637817" lon="-47.821716"><name>Radar</name><desc>Fonte: DETRAN-DF</desc><type>FIXED</type></wpt>
<wpt lat="-15.637512" lon="-47.849792"><name>Radar</name><desc>Fonte: DETRAN-DF</desc><type>FIXED</type></wpt>
<wpt lat="-15.637207" lon="-47.835876"><name>Radar</name><desc>Fonte: DETRAN-DF</desc><type>FIXED</type></wpt>
<wpt lat="-15.637207" lon="-47.835083"><name>Radar</name><desc>Fonte: DETRAN-DF</desc><type>FIXED</type></wpt>
<wpt lat="-15.637207" lon="-47.835022"><name>Radar</name><desc>Fonte: DETRAN-DF</desc><type>FIXED</type></wpt>
<wpt lat="-15.637207" lon="-47.651184"><name>Radar 40 km/h</name><desc>Fonte: DETRAN-DF</desc><type>FIXED</type></wpt>
<wpt lat="-15.636671" lon="-47.651294"><name>Radar</name><desc>Fonte: OSM</desc><type>FIXED</type></wpt>
<wpt lat="-15.636475" lon="-47.832397"><name>Radar</name><desc>Fonte: DETRAN-DF</desc><type>FIXED</type></wpt>
<wpt lat="-15.636292" lon="-47.831177"><name>Radar 50 km/h</name><desc>Fonte: DETRAN-DF</desc><type>FIXED</type></wpt>
<wpt lat="-15.635681" lon="-47.830200"><name>Radar 50 km/h</name><desc>Fonte: DETRAN-DF</desc><type>FIXED</type></wpt>
<wpt lat="-15.635193" lon="-47.829407"><name>Radar</name><desc>Fonte: DETRAN-DF</desc><type>FIXED</type></wpt>
<wpt lat="-15.635010" lon="-47.822998"><name>Radar</name><desc>Fonte: DETRAN-DF</desc><type>FIXED</type></wpt>
<wpt lat="-15.634583" lon="-47.827576"><name>Radar</name><desc>Fonte: DETRAN-DF</desc><type>FIXED</type></wpt>
<wpt lat="-15.634583" lon="-47.651611"><name>Radar 40 km/h</name><desc>Fonte: DETRAN-DF</desc><type>FIXED</type></wpt>
<wpt lat="-15.634216" lon="-47.824280"><name>Radar</name><desc>Fonte: DETRAN-DF</desc><type>FIXED</type></wpt>
<wpt lat="-15.633911" lon="-47.826294"><name>Radar</name><desc>Fonte: DETRAN-DF</desc><type>FIXED</type></wpt>
<wpt lat="-15.632507" lon="-47.651794"><name>Radar 40 km/h</name><desc>Fonte: DETRAN-DF</desc><type>FIXED</type></wpt>
<wpt lat="-15.631409" lon="-47.651917"><name>Radar 40 km/h</name><desc>Fonte: DETRAN-DF</desc><type>FIXED</type></wpt>
<wpt lat="-15.631287" lon="-47.651978"><name>Radar</name><desc>Fonte: DETRAN-DF</desc><type>FIXED</type></wpt>
<wpt lat="-15.630676" lon="-47.651794"><name>Radar</name><desc>Fonte: DETRAN-DF</desc><type>FIXED</type></wpt>
<wpt lat="-15.627502" lon="-47.699097"><name>Radar 80 km/h</name><desc>Fonte: DETRAN-DF</desc><type>FIXED</type></wpt>
<wpt lat="-15.625425" lon="-47.724270"><name>Radar 60 km/h</name><desc>Fonte: OSM</desc><type>FIXED</type></wpt>
<wpt lat="-15.624023" lon="-47.655396"><name>Radar 50 km/h</name><desc>Fonte: DETRAN-DF</desc><type>FIXED</type></wpt>
<wpt lat="-15.622192" lon="-47.655396"><name>Radar 50 km/h</name><desc>Fonte: DETRAN-DF</desc><type>FIXED</type></wpt>
<wpt lat="-15.621826" lon="-47.650085"><name>Radar 40 km/h</name><desc>Fonte: DETRAN-DF</desc><type>FIXED</type></wpt>
<wpt lat="-15.621704" lon="-48.198914"><name>Radar</name><desc>Fonte: DETRAN-DF</desc><type>FIXED</type></wpt>
<wpt lat="-15.621094" lon="-48.198792"><name>Radar</name><desc>Fonte: DETRAN-DF</desc><type>FIXED</type></wpt>
<wpt lat="-15.620789" lon="-47.664490"><name>Radar 60 km/h</name><desc>Fonte: DETRAN-DF</desc><type>FIXED</type></wpt>
<wpt lat="-15.620728" lon="-47.666016"><name>Radar 60 km/h</name><desc>Fonte: DETRAN-DF</desc><type>FIXED</type></wpt>
<wpt lat="-15.620605" lon="-47.650391"><name>Radar 40 km/h</name><desc>Fonte: DETRAN-DF</desc><type>FIXED</type></wpt>
<wpt lat="-15.616572" lon="-47.708367"><name>Radar 70 km/h</name><desc>Fonte: OSM</desc><type>FIXED</type></wpt>
<wpt lat="-15.616089" lon="-47.672302"><name>Radar 60 km/h</name><desc>Fonte: DETRAN-DF</desc><type>FIXED</type></wpt>
<wpt lat="-15.615784" lon="-47.655090"><name>Radar 50 km/h</name><desc>Fonte: DETRAN-DF</desc><type>FIXED</type></wpt>
<wpt lat="-15.613586" lon="-48.198120"><name>Radar</name><desc>Fonte: DETRAN-DF</desc><type>FIXED</type></wpt>
<wpt lat="-15.612760" lon="-47.702097"><name>Radar 70 km/h</name><desc>Fonte: OSM</desc><type>FIXED</type></wpt>
<wpt lat="-15.611511" lon="-47.671997"><name>Radar 60 km/h</name><desc>Fonte: DETRAN-DF</desc><type>FIXED</type></wpt>
<wpt lat="-15.610718" lon="-47.672119"><name>Radar</name><desc>Fonte: DETRAN-DF</desc><type>FIXED</type></wpt>
<wpt lat="-15.609009" lon="-47.695007"><name>Radar 40 km/h</name><desc>Fonte: DETRAN-DF</desc><type>FIXED</type></wpt>
<wpt lat="-15.607910" lon="-47.693298"><name>Radar 40 km/h</name><desc>Fonte: DETRAN-DF</desc><type>FIXED</type></wpt>
<wpt lat="-15.605286" lon="-47.671692"><name>Radar 60 km/h</name><desc>Fonte: DETRAN-DF</desc><type>FIXED</type></wpt>
<wpt lat="-15.605103" lon="-47.654297"><name>Radar 50 km/h</name><desc>Fonte: DETRAN-DF</desc><type>FIXED</type></wpt>
<wpt lat="-15.603577" lon="-47.654480"><name>Radar 50 km/h</name><desc>Fonte: DETRAN-DF</desc><type>FIXED</type></wpt>
<wpt lat="-15.603210" lon="-47.870605"><name>Radar</name><desc>Fonte: DETRAN-DF</desc><type>FIXED</type></wpt>
<wpt lat="-15.602176" lon="-47.682639"><name>Radar 70 km/h</name><desc>Fonte: OSM</desc><type>FIXED</type></wpt>
<wpt lat="-15.602112" lon="-47.682678"><name>Radar 40 km/h</name><desc>Fonte: DETRAN-DF</desc><type>FIXED</type></wpt>
<wpt lat="-15.601990" lon="-47.673096"><name>Radar 60 km/h</name><desc>Fonte: DETRAN-DF</desc><type>FIXED</type></wpt>
<wpt lat="-15.601990" lon="-47.654175"><name>Radar 50 km/h</name><desc>Fonte: DETRAN-DF</desc><type>FIXED</type></wpt>
<wpt lat="-15.601318" lon="-47.681396"><name>Radar 40 km/h</name><desc>Fonte: DETRAN-DF</desc><type>FIXED</type></wpt>
<wpt lat="-15.601149" lon="-47.681297"><name>Radar 70 km/h</name><desc>Fonte: OSM</desc><type>FIXED</type></wpt>
<wpt lat="-15.600708" lon="-47.872192"><name>Radar</name><desc>Fonte: DETRAN-DF</desc><type>FIXED</type></wpt>
<wpt lat="-15.600586" lon="-47.679810"><name>Radar</name><desc>Fonte: DETRAN-DF</desc><type>FIXED</type></wpt>
<wpt lat="-15.600403" lon="-47.679810"><name>Radar</name><desc>Fonte: DETRAN-DF</desc><type>FIXED</type></wpt>
<wpt lat="-15.599487" lon="-47.677490"><name>Radar</name><desc>Fonte: DETRAN-DF</desc><type>FIXED</type></wpt>
<wpt lat="-15.596802" lon="-47.673218"><name>Radar</name><desc>Fonte: DETRAN-DF</desc><type>FIXED</type></wpt>
<wpt lat="-15.595438" lon="-47.649651"><name>Radar</name><desc>Fonte: DNIT · sentido 274° (oeste)</desc><type>FIXED</type></wpt>
<wpt lat="-15.595370" lon="-47.649789"><name>Radar 80 km/h</name><desc>Fonte: OSM</desc><type>FIXED</type></wpt>
<wpt lat="-15.595276" lon="-47.650085"><name>Radar 60 km/h</name><desc>Fonte: DETRAN-DF</desc><type>FIXED</type></wpt>
<wpt lat="-15.585083" lon="-47.351807"><name>Radar</name><desc>Fonte: DETRAN-DF</desc><type>FIXED</type></wpt>
<wpt lat="-15.584536" lon="-47.355179"><name>Radar</name><desc>Fonte: DNIT · sentido 72° (leste)</desc><type>FIXED</type></wpt>
<wpt lat="-15.584412" lon="-47.354980"><name>Radar 40 km/h</name><desc>Fonte: DETRAN-DF</desc><type>FIXED</type></wpt>
<wpt lat="-15.582886" lon="-47.349609"><name>Radar 40 km/h</name><desc>Fonte: DETRAN-DF</desc><type>FIXED</type></wpt>
<wpt lat="-15.581787" lon="-47.508606"><name>Radar 80 km/h</name><desc>Fonte: DETRAN-DF</desc><type>FIXED</type></wpt>
<wpt lat="-15.581633" lon="-47.455389"><name>Radar</name><desc>Fonte: DNIT · sentido 110° (leste)</desc><type>FIXED</type></wpt>
<wpt lat="-15.581299" lon="-47.456299"><name>Radar 80 km/h</name><desc>Fonte: DETRAN-DF</desc><type>FIXED</type></wpt>
<wpt lat="-15.580811" lon="-47.503418"><name>Radar 80 km/h</name><desc>Fonte: DETRAN-DF</desc><type>FIXED</type></wpt>
<wpt lat="-15.549805" lon="-48.042603"><name>Radar 80 km/h</name><desc>Fonte: DETRAN-DF</desc><type>FIXED</type></wpt>
<wpt lat="-15.527893" lon="-48.037720"><name>Radar 80 km/h</name><desc>Fonte: DETRAN-DF</desc><type>FIXED</type></wpt>
<wpt lat="-15.519592" lon="-47.579407"><name>Radar 60 km/h</name><desc>Fonte: DETRAN-DF</desc><type>FIXED</type></wpt>
</gpx>