<?xml version="1.0" encoding="UTF-8"?>
<gpx version="1.1" creator="Pardal" xmlns="http://www.topografix.com/GPX/1/1">
<metadata><name>Pardal — radares — RJ</name><desc>Pardal — © colaboradores do OpenStreetMap (ODbL 1.0) e fontes abertas listadas no README</desc></metadata>
<wpt lat="-23.230872" lon="-44.719659"><name>Radar 60 km/h</name><desc>Fonte: ANTT · sentido 295° (noroeste)</desc><type>FIXED</type></wpt>
<wpt lat="-23.037116" lon="-44.193398"><name>Radar 40 km/h</name><desc>Fonte: OSM</desc><type>FIXED</type></wpt>
<wpt lat="-23.031652" lon="-44.170875"><name>Radar 40 km/h</name><desc>Fonte: OSM</desc><type>FIXED</type></wpt>
<wpt lat="-23.030814" lon="-44.163380"><name>Radar 50 km/h</name><desc>Fonte: OSM</desc><type>FIXED</type></wpt>
<wpt lat="-23.030680" lon="-44.163395"><name>Radar 50 km/h</name><desc>Fonte: OSM</desc><type>FIXED</type></wpt>
<wpt lat="-23.029364" lon="-43.468960"><name>Radar 40 km/h</name><desc>Fonte: RIO</desc><type>FIXED</type></wpt>
<wpt lat="-23.025074" lon="-43.457025"><name>Radar de trecho 70 km/h</name><desc>Fonte: OSM</desc><type>SECTION</type></wpt>
<wpt lat="-23.024806" lon="-43.456971"><name>Radar</name><desc>Fonte: OSM</desc><type>FIXED</type></wpt>
<wpt lat="-23.024755" lon="-43.456996"><name>Avanço de sinal</name><desc>Fonte: OSM</desc><type>RED_LIGHT</type></wpt>
<wpt lat="-23.024493" lon="-43.456997"><name>Avanço de sinal</name><desc>Fonte: RIO</desc><type>RED_LIGHT</type></wpt>
<wpt lat="-23.023306" lon="-43.457745"><name>Radar 40 km/h</name><desc>Fonte: OSM</desc><type>FIXED</type></wpt>
<wpt lat="-23.021645" lon="-43.458513"><name>Radar 40 km/h</name><desc>Fonte: OSM</desc><type>FIXED</type></wpt>
<wpt lat="-23.021378" lon="-43.497483"><name>Avanço de sinal</name><desc>Fonte: RIO</desc><type>RED_LIGHT</type></wpt>
<wpt lat="-23.021140" lon="-43.497454"><name>Radar 80 km/h</name><desc>Fonte: OSM</desc><type>FIXED</type></wpt>
<wpt lat="-23.020866" lon="-43.491878"><name>Radar 80 km/h</name><desc>Fonte: OSM</desc><type>FIXED</type></wpt>
<wpt lat="-23.020576" lon="-43.501009"><name>Radar 80 km/h</name><desc>Fonte: OSM</desc><type>FIXED</type></wpt>
<wpt lat="-23.020566" lon="-43.491980"><name>Radar 80 km/h</name><desc>Fonte: OSM</desc><type>FIXED</type></wpt>
<wpt lat="-23.020288" lon="-43.501357"><name>Avanço de sinal</name><desc>Fonte: RIO</desc><type>RED_LIGHT</type></wpt>
<wpt lat="-23.019863" lon="-43.436072"><name>Radar 60 km/h</name><desc>Fonte: OSM</desc><type>FIXED</type></wpt>
<wpt lat="-23.019620" lon="-43.489346"><name>Avanço de sinal</name><desc>Fonte: RIO</desc><type>RED_LIGHT</type></wpt>
<wpt lat="-23.018943" lon="-44.526981"><name>Radar 60 km/h</name><desc>Fonte: OSM</desc><type>FIXED</type></wpt>
<wpt lat="-23.018700" lon="-43.467070"><name>Radar 40 km/h</name><desc>Fonte: OSM</desc><type>FIXED</type></wpt>
<wpt lat="-23.018539" lon="-43.467301"><name>Radar 40 km/h</name><desc>Fonte: RIO</desc><type>FIXED</type></wpt>
<wpt lat="-23.018384" lon="-43.466222"><name>Radar 40 km/h</name><desc>Fonte: OSM</desc><type>FIXED</type></wpt>
<wpt lat="-23.017784" lon="-44.530233"><name>Radar 60 km/h</name><desc>Fonte: ANTT · sentido 54° (nordeste)</desc><type>FIXED</type></wpt>
<wpt lat="-23.016096" lon="-43.448580"><name>Radar 60 km/h</name><desc>Fonte: OSM</desc><type>FIXED</type></wpt>
<wpt lat="-23.015994" lon="-43.518637"><name>Radar 80 km/h</name><desc>Fonte: OSM</desc><type>FIXED</type></wpt>
<wpt lat="-23.015888" lon="-43.470630"><name>Avanço de sinal</name><desc>Fonte: RIO</desc><type>RED_LIGHT</type></wpt>
<wpt lat="-23.015688" lon="-43.518522"><name>Radar 80 km/h</name><desc>Fonte: OSM</desc><type>FIXED</type></wpt>
<wpt lat="-23.015631" lon="-43.412131"><name>Radar 60 km/h</name><desc>Fonte: OSM</desc><type>FIXED</type></wpt>
<wpt lat="-23.014844" lon="-43.406647"><name>Radar 60 km/h</name><desc>Fonte: OSM</desc><type>FIXED</type></wpt>
<wpt lat="-23.014777" lon="-43.526156"><name>Radar 80 km/h</name><desc>Fonte: OSM</desc><type>FIXED</type></wpt>
<wpt lat="-23.014649" lon="-44.108361"><name>Radar 60 km/h</name><desc>Fonte: OSM</desc><type>FIXED</type></wpt>
<wpt lat="-23.014486" lon="-43.525940"><name>Radar 80 km/h</name><desc>Fonte: OSM</desc><type>FIXED</type></wpt>
<wpt lat="-23.013468" lon="-43.396990"><name>Radar 60 km/h</name><desc>Fonte: OSM</desc><type>FIXED</type></wpt>
<wpt lat="-23.012602" lon="-43.389205"><name>Radar 60 km/h</name><desc>Fonte: OSM</desc><type>FIXED</type></wpt>
<wpt lat="-23.012571" lon="-43.457531"><name>Avanço de sinal</name><desc>Fonte: RIO</desc><type>RED_LIGHT</type></wpt>
<wpt lat="-23.012176" lon="-43.292220"><name>Radar 80 km/h</name><desc>Fonte: OSM</desc><type>FIXED</type></wpt>
<wpt lat="-23.011511" lon="-43.376665"><name>Radar 60 km/h</name><desc>Fonte: OSM</desc><type>FIXED</type></wpt>
<wpt lat="-23.011510" lon="-43.324346"><name>Avanço de sinal</name><desc>Fonte: RIO</desc><type>RED_LIGHT</type></wpt>
<wpt lat="-23.011339" lon="-43.453374"><name>Avanço de sinal</name><desc>Fonte: OSM</desc><type>RED_LIGHT</type></wpt>
<wpt lat="-23.011280" lon="-43.453692"><name>Radar</name><desc>Fonte: OSM</desc><type>FIXED</type></wpt>
<wpt lat="-23.011274" lon="-43.453417"><name>Radar</name><desc>Fonte: OSM</desc><type>FIXED</type></wpt>
<wpt lat="-23.011244" lon="-43.453684"><name>Avanço de sinal</name><desc>Fonte: OSM</desc><type>RED_LIGHT</type></wpt>
<wpt lat="-23.010800" lon="-43.453230"><name>Avanço de sinal</name><desc>Fonte: OSM</desc><type>RED_LIGHT</type></wpt>
<wpt lat="-23.010725" lon="-43.453164"><name>Radar</name><desc>Fonte: OSM</desc><type>FIXED</type></wpt>
<wpt lat="-23.010668" lon="-43.453277"><name>Radar</name><desc>Fonte: OSM</desc><type>FIXED</type></wpt>
<wpt lat="-23.010620" lon="-43.453362"><name>Avanço de sinal</name><desc>Fonte: OSM</desc><type>RED_LIGHT</type></wpt>
<wpt lat="-23.010564" lon="-43.369750"><name>Radar 50 km/h</name><desc>Fonte: RIO</desc><type>FIXED</type></wpt>
<wpt lat="-23.009146" lon="-43.444046"><name>Avanço de sinal</name><desc>Fonte: RIO</desc><type>RED_LIGHT</type></wpt>
<wpt lat="-23.008874" lon="-43.300499"><name>Radar 40 km/h</name><desc>Fonte: OSM</desc><type>FIXED</type></wpt>
<wpt lat="-23.008862" lon="-43.444402"><name>Radar 80 km/h</name><desc>Fonte: OSM</desc><type>FIXED</type></wpt>
<wpt lat="-23.008720" lon="-43.291462"><name>Radar 30 km/h</name><desc>Fonte: RIO</desc><type>FIXED</type></wpt>
<wpt lat="-23.008711" lon="-43.301080"><name>Radar 50 km/h</name><desc>Fonte: RIO</desc><type>FIXED</type></wpt>
<wpt lat="-23.008582" lon="-43.293560"><name>Radar 40 km/h</name><desc>Fonte: OSM</desc><type>FIXED</type></wpt>
<wpt lat="-23.008581" lon="-43.366245"><name>Radar 50 km/h</name><desc>Fonte: OSM</desc><type>FIXED</type></wpt>
<wpt lat="-23.008474" lon="-43.439163"><name>Radar 40 km/h</name><desc>Fonte: OSM</desc><type>FIXED</type></wpt>
<wpt lat="-23.008266" lon="-43.366563"><name>Radar 50 km/h</name><desc>Fonte: RIO</desc><type>FIXED</type></wpt>
<wpt lat="-23.008254" lon="-43.301428"><name>Radar 50 km/h</name><desc>Fonte: RIO</desc><type>FIXED</type></wpt>
<wpt lat="-23.008167" lon="-43.292066"><name>Radar 30 km/h</name><desc>Fonte: RIO</desc><type>FIXED</type></wpt>
<wpt lat="-23.008140" lon="-43.301628"><name>Radar 50 km/h</name><desc>Fonte: RIO</desc><type>FIXED</type></wpt>
<wpt lat="-23.007877" lon="-43.286766"><name>Radar 30 km/h</name><desc>Fonte: RIO</desc><type>FIXED</type></wpt>
<wpt lat="-23.007660" lon="-43.441578"><name>Avanço de sinal</name><desc>Fonte: RIO</desc><type>RED_LIGHT</type></wpt>
<wpt lat="-23.007448" lon="-43.438369"><name>Radar 40 km/h</name><desc>Fonte: OSM</desc><type>FIXED</type></wpt>
<wpt lat="-23.007298" lon="-43.316323"><name>Radar 40 km/h</name><desc>Fonte: OSM</desc><type>FIXED</type></wpt>
<wpt lat="-23.005725" lon="-43.557314"><name>Radar 80 km/h</name><desc>Fonte: OSM</desc><type>FIXED</type></wpt>
<wpt lat="-23.005632" lon="-43.557292"><name>Radar 80 km/h</name><desc>Fonte: OSM</desc><type>FIXED</type></wpt>
<wpt lat="-23.005442" lon="-43.279554"><name>Radar 70 km/h</name><desc>Fonte: OSM</desc><type>FIXED</type></wpt>
<wpt lat="-23.005236" lon="-43.559452"><name>Radar 80 km/h</name><desc>Fonte: OSM</desc><type>FIXED</type></wpt>
<wpt lat="-23.004870" lon="-43.559461"><name>Radar 80 km/h</name><desc>Fonte: OSM</desc><type>FIXED</type></wpt>
<wpt lat="-23.004781" lon="-43.559418"><name>Radar 80 km/h</name><desc>Fonte: OSM</desc><type>FIXED</type></wpt>
<wpt lat="-23.004728" lon="-43.303896"><name>Avanço de sinal</name><desc>Fonte: RIO</desc><type>RED_LIGHT</type></wpt>
<wpt lat="-23.004216" lon="-43.323527"><name>Avanço de sinal</name><desc>Fonte: RIO</desc><type>RED_LIGHT</type></wpt>
<wpt lat="-23.003899" lon="-43.425436"><name>Avanço de sinal</name><desc>Fonte: RIO</desc><type>RED_LIGHT</type></wpt>
<wpt lat="-23.003600" lon="-43.425148"><name>Radar 70 km/h</name><desc>Fonte: OSM</desc><type>FIXED</type></wpt>
<wpt lat="-23.003594" lon="-43.322043"><name>Avanço de sinal</name><desc>Fonte: RIO</desc><type>RED_LIGHT</type></wpt>
<wpt lat="-23.003498" lon="-43.425259"><name>Radar 80 km/h</name><desc>Fonte: OSM</desc><type>FIXED</type></wpt>
<wpt lat="-23.003092" lon="-43.325611"><name>Avanço de sinal</name><desc>Fonte: RIO</desc><type>RED_LIGHT</type></wpt>
<wpt lat="-23.002776" lon="-44.228728"><name>Radar 60 km/h</name><desc>Fonte: OSM</desc><type>FIXED</type></wpt>
<wpt lat="-23.002663" lon="-43.433209"><name>Avanço de sinal</name><desc>Fonte: RIO</desc><type>RED_LIGHT</type></wpt>
<wpt lat="-23.002651" lon="-44.297922"><name>Radar 50 km/h</name><desc>Fonte: ANTT · sentido 11° (norte)</desc><type>FIXED</type></wpt>
<wpt lat="-23.002638" lon="-43.324507"><name>Avanço de sinal</name><desc>Fonte: RIO</desc><type>RED_LIGHT</type></wpt>
<wpt lat="-23.002626" lon="-44.457553"><name>Radar 80 km/h</name><desc>Fonte: OSM</desc><type>FIXED</type></wpt>
<wpt lat="-23.002569" lon="-44.297814"><name>Radar 50 km/h</name><desc>Fonte: OSM</desc><type>FIXED</type></wpt>
<wpt lat="-23.002553" lon="-44.228513"><name>Radar 60 km/h</name><desc>Fonte: ANTT · sentido 218° (sudoeste)</desc><type>FIXED</type></wpt>
<wpt lat="-23.002362" lon="-43.329796"><name>Avanço de sinal</name><desc>Fonte: RIO</desc><type>RED_LIGHT</type></wpt>
<wpt lat="-23.002084" lon="-43.275177"><name>Radar 70 km/h</name><desc>Fonte: OSM</desc><type>FIXED</type></wpt>
<wpt lat="-23.001513" lon="-43.330245"><name>Avanço de sinal</name><desc>Fonte: RIO</desc><type>RED_LIGHT</type></wpt>
<wpt lat="-23.001105" lon="-43.334507"><name>Avanço de sinal</name><desc>Fonte: RIO</desc><type>RED_LIGHT</type></wpt>
<wpt lat="-23.001004" lon="-44.441456"><name>Radar 60 km/h</name><desc>Fonte: OSM</desc><type>FIXED</type></wpt>
<wpt lat="-23.000993" lon="-44.440932"><name>Radar 60 km/h</name><desc>Fonte: OSM</desc><type>FIXED</type></wpt>
<wpt lat="-23.000955" lon="-43.304861"><name>Radar 50 km/h</name><desc>Fonte: OSM</desc><type>FIXED</type></wpt>
<wpt lat="-23.000941" lon="-43.388036"><name>Avanço de sinal</name><desc>Fonte: RIO</desc><type>RED_LIGHT</type></wpt>
<wpt lat="-23.000895" lon="-43.337422"><name>Avanço de sinal</name><desc>Fonte: RIO</desc><type>RED_LIGHT</type></wpt>
<wpt lat="-23.000856" lon="-43.382943"><name>Avanço de sinal</name><desc>Fonte: RIO</desc><type>RED_LIGHT</type></wpt>
<wpt lat="-23.000770" lon="-43.388611"><name>Avanço de sinal 70 km/h</name><desc>Fonte: OSM</desc><type>RED_LIGHT</type></wpt>
<wpt lat="-23.000707" lon="-43.395222"><name>Avanço de sinal</name><desc>Fonte: RIO</desc><type>RED_LIGHT</type></wpt>
<wpt lat="-23.000697" lon="-43.419038"><name>Avanço de sinal</name><desc>Fonte: RIO</desc><type>RED_LIGHT</type></wpt>
<wpt lat="-23.000693" lon="-43.375093"><name>Radar</name><desc>Fonte: OSM</desc><type>FIXED</type></wpt>
<wpt lat="-23.000619" lon="-43.375035"><name>Avanço de sinal</name><desc>Fonte: OSM</desc><type>RED_LIGHT</type></wpt>
<wpt lat="-23.000572" lon="-43.388670"><name>Avanço de sinal 80 km/h</name><desc>Fonte: OSM</desc><type>RED_LIGHT</type></wpt>
<wpt lat="-23.000537" lon="-43.397009"><name>Radar 70 km/h</name><desc>Fonte: OSM</desc><type>FIXED</type></wpt>
<wpt lat="-23.000529" lon="-43.355651"><name>Avanço de sinal</name><desc>Fonte: RIO</desc><type>RED_LIGHT</type></wpt>
<wpt lat="-23.000528" lon="-43.347817"><name>Avanço de sinal</name><desc>Fonte: RIO</desc><type>RED_LIGHT</type></wpt>
<wpt lat="-23.000508" lon="-43.378758"><name>Radar</name><desc>Fonte: OSM</desc><type>FIXED</type></wpt>
<wpt lat="-23.000494" lon="-43.363990"><name>Radar 40 km/h</name><desc>Fonte: OSM</desc><type>FIXED</type></wpt>
<wpt lat="-23.000489" lon="-43.354029"><name>Avanço de sinal</name><desc>Fonte: RIO</desc><type>RED_LIGHT</type></wpt>
<wpt lat="-23.000460" lon="-43.378636"><name>Avanço de sinal</name><desc>Fonte: OSM</desc><type>RED_LIGHT</type></wpt>
<wpt lat="-23.000445" lon="-43.375076"><name>Radar</name><desc>Fonte: OSM</desc><type>FIXED</type></wpt>
<wpt lat="-23.000391" lon="-43.375017"><name>Avanço de sinal</name><desc>Fonte: OSM</desc><type>RED_LIGHT</type></wpt>
<wpt lat="-23.000366" lon="-43.397087"><name>Radar 80 km/h</name><desc>Fonte: OSM</desc><type>FIXED</type></wpt>
<wpt lat="-23.000340" lon="-44.227485"><name>Radar 40 km/h</name><desc>Fonte: OSM</desc><type>FIXED</type></wpt>
<wpt lat="-23.000332" lon="-43.388084"><name>Avanço de sinal 80 km/h</name><desc>Fonte: OSM</desc><type>RED_LIGHT</type></wpt>
<wpt lat="-23.000266" lon="-43.430405"><name>Avanço de sinal</name><desc>Fonte: RIO</desc><type>RED_LIGHT</type></wpt>
<wpt lat="-23.000228" lon="-43.374918"><name>Radar</name><desc>Fonte: OSM</desc><type>FIXED</type></wpt>
<wpt lat="-23.000195" lon="-43.378056"><name>Avanço de sinal</name><desc>Fonte: OSM</desc><type>RED_LIGHT</type></wpt>
<wpt lat="-23.000141" lon="-43.388245"><name>Avanço de sinal</name><desc>Fonte: OSM</desc><type>RED_LIGHT</type></wpt>
<wpt lat="-23.000135" lon="-43.374941"><name>Avanço de sinal</name><desc>Fonte: OSM</desc><type>RED_LIGHT</type></wpt>
<wpt lat="-23.000117" lon="-43.378065"><name>Radar</name><desc>Fonte: OSM</desc><type>FIXED</type></wpt>
<wpt lat="-23.000049" lon="-43.335050"><name>Avanço de sinal</name><desc>Fonte: RIO</desc><type>RED_LIGHT</type></wpt>
<wpt lat="-23.000006" lon="-43.374917"><name>Radar</name><desc>Fonte: OSM</desc><type>FIXED</type></wpt>
<wpt lat="-22.999929" lon="-43.374941"><name>Avanço de sinal</name><desc>Fonte: OSM</desc><type>RED_LIGHT</type></wpt>
<wpt lat="-22.999889" lon="-43.582042"><name>Avanço de sinal</name><desc>Fonte: RIO</desc><type>RED_LIGHT</type></wpt>
<wpt lat="-22.999867" lon="-43.339770"><name>Avanço de sinal</name><desc>Fonte: RIO</desc><type>RED_LIGHT</type></wpt>
<wpt lat="-22.999836" lon="-43.379215"><name>Avanço de sinal</name><desc>Fonte: RIO</desc><type>RED_LIGHT</type></wpt>
<wpt lat="-22.999828" lon="-43.411399"><name>Radar 80 km/h</name><desc>Fonte: OSM</desc><type>FIXED</type></wpt>
<wpt lat="-22.999759" lon="-43.382006"><name>Avanço de sinal</name><desc>Fonte: RIO</desc><type>RED_LIGHT</type></wpt>
<wpt lat="-22.999614" lon="-43.352790"><name>Avanço de sinal</name><desc>Fonte: RIO</desc><type>RED_LIGHT</type></wpt>
<wpt lat="-22.999553" lon="-43.583059"><name>Radar 80 km/h</name><desc>Fonte: OSM</desc><type>FIXED</type></wpt>
<wpt lat="-22.999550" lon="-43.355382"><name>Avanço de sinal</name><desc>Fonte: RIO</desc><type>RED_LIGHT</type></wpt>
<wpt lat="-22.999348" lon="-43.346371"><name>Avanço de sinal</name><desc>Fonte: RIO</desc><type>RED_LIGHT</type></wpt>
<wpt lat="-22.999294" lon="-43.583055"><name>Radar 80 km/h</name><desc>Fonte: OSM</desc><type>FIXED</type></wpt>
<wpt lat="-22.998884" lon="-43.585885"><name>Radar 80 km/h</name><desc>Fonte: OSM</desc><type>FIXED</type></wpt>
<wpt lat="-22.998698" lon="-43.585841"><name>Radar 80 km/h</name><desc>Fonte: OSM</desc><type>FIXED</type></wpt>
<wpt lat="-22.998555" lon="-43.364253"><name>Radar 60 km/h</name><desc>Fonte: OSM</desc><type>FIXED</type></wpt>
<wpt lat="-22.998407" lon="-44.227931"><name>Radar 40 km/h</name><desc>Fonte: OSM</desc><type>FIXED</type></wpt>
<wpt lat="-22.998401" lon="-43.256065"><name>Radar 60 km/h</name><desc>Fonte: OSM</desc><type>FIXED</type></wpt>
<wpt lat="-22.998357" lon="-43.364151"><name>Radar 60 km/h</name><desc>Fonte: OSM</desc><type>FIXED</type></wpt>
<wpt lat="-22.998150" lon="-43.508428"><name>Radar 40 km/h</name><desc>Fonte: OSM</desc><type>FIXED</type></wpt>
<wpt lat="-22.998107" lon="-43.265724"><name>Radar 80 km/h</name><desc>Fonte: OSM</desc><type>FIXED</type></wpt>
<wpt lat="-22.997790" lon="-43.265009"><name>Radar 80 km/h</name><desc>Fonte: OSM</desc><type>FIXED</type></wpt>
<wpt lat="-22.997613" lon="-43.365085"><name>Radar 70 km/h</name><desc>Fonte: OSM</desc><type>FIXED</type></wpt>
<wpt lat="-22.996485" lon="-43.449895"><name>Radar 50 km/h</name><desc>Fonte: OSM</desc><type>FIXED</type></wpt>
<wpt lat="-22.995908" lon="-43.256644"><name>Avanço de sinal</name><desc>Fonte: RIO</desc><type>RED_LIGHT</type></wpt>
<wpt lat="-22.994748" lon="-43.253182"><name>Radar 40 km/h</name><desc>Fonte: RIO</desc><type>FIXED</type></wpt>
<wpt lat="-22.994514" lon="-43.270988"><name>Radar 40 km/h</name><desc>Fonte: OSM</desc><type>FIXED</type></wpt>
<wpt lat="-22.994283" lon="-43.303305"><name>Radar 50 km/h</name><desc>Fonte: RIO</desc><type>FIXED</type></wpt>
<wpt lat="-22.994186" lon="-43.303369"><name>Radar 50 km/h</name><desc>Fonte: OSM</desc><type>FIXED</type></wpt>
<wpt lat="-22.994100" lon="-43.611080"><name>Radar 50 km/h</name><desc>Fonte: RIO</desc><type>FIXED</type></wpt>
<wpt lat="-22.993686" lon="-44.303945"><name>Radar 60 km/h</name><desc>Fonte: OSM</desc><type>FIXED</type></wpt>
<wpt lat="-22.993685" lon="-43.611099"><name>Radar 50 km/h</name><desc>Fonte: RIO</desc><type>FIXED</type></wpt>
<wpt lat="-22.993495" lon="-44.247875"><name>Radar 50 km/h</name><desc>Fonte: OSM</desc><type>FIXED</type></wpt>
<wpt lat="-22.993467" lon="-44.304171"><name>Radar 60 km/h</name><desc>Fonte: ANTT · sentido 134° (sudeste)</desc><type>FIXED</type></wpt>
<wpt lat="-22.993366" lon="-44.247773"><name>Radar 50 km/h</name><desc>Fonte: ANTT · sentido 45° (nordeste)</desc><type>FIXED</type></wpt>
<wpt lat="-22.992360" lon="-43.302774"><name>Radar 50 km/h</name><desc>Fonte: OSM</desc><type>FIXED</type></wpt>
<wpt lat="-22.992036" lon="-43.593051"><name>Radar 50 km/h</name><desc>Fonte: OSM</desc><type>FIXED</type></wpt>
<wpt lat="-22.991746" lon="-43.445803"><name>Avanço de sinal</name><desc>Fonte: RIO</desc><type>RED_LIGHT</type></wpt>
<wpt lat="-22.991462" lon="-43.593943"><name>Radar 40 km/h</name><desc>Fonte: OSM</desc><type>FIXED</type></wpt>
<wpt lat="-22.988052" lon="-44.236565"><name>Radar 50 km/h</name><desc>Fonte: OSM</desc><type>FIXED</type></wpt>
<wpt lat="-22.987772" lon="-44.302403"><name>Radar 60 km/h</name><desc>Fonte: ANTT · sentido 242° (sudoeste)</desc><type>FIXED</type></wpt>
<wpt lat="-22.987700" lon="-44.302110"><name>Radar 60 km/h</name><desc>Fonte: OSM</desc><type>FIXED</type></wpt>
<wpt lat="-22.987513" lon="-44.234874"><name>Radar 50 km/h</name><desc>Fonte: ANTT · sentido 76° (leste)</desc><type>FIXED</type></wpt>
<wpt lat="-22.987201" lon="-43.224538"><name>Avanço de sinal</name><desc>Fonte: RIO</desc><type>RED_LIGHT</type></wpt>
<wpt lat="-22.987068" lon="-43.223951"><name>Avanço de sinal</name><desc>Fonte: RIO</desc><type>RED_LIGHT</type></wpt>
<wpt lat="-22.987042" lon="-44.300262"><name>Radar 60 km/h</name><desc>Fonte: OSM</desc><type>FIXED</type></wpt>
<wpt lat="-22.986984" lon="-43.227376"><name>Avanço de sinal</name><desc>Fonte: RIO</desc><type>RED_LIGHT</type></wpt>
<wpt lat="-22.986980" lon="-43.199081"><name>Radar</name><desc>Fonte: OSM</desc><type>FIXED</type></wpt>
<wpt lat="-22.986882" lon="-43.199186"><name>Avanço de sinal</name><desc>Fonte: OSM</desc><type>RED_LIGHT</type></wpt>
<wpt lat="-22.986854" lon="-43.199072"><name>Radar</name><desc>Fonte: OSM</desc><type>FIXED</type></wpt>
<wpt lat="-22.986798" lon="-43.198495"><name>Avanço de sinal</name><desc>Fonte: OSM</desc><type>RED_LIGHT</type></wpt>
<wpt lat="-22.986676" lon="-43.198544"><name>Radar</name><desc>Fonte: OSM</desc><type>FIXED</type></wpt>
<wpt lat="-22.986609" lon="-43.198923"><name>Avanço de sinal</name><desc>Fonte: RIO</desc><type>RED_LIGHT</type></wpt>
<wpt lat="-22.986594" lon="-43.198614"><name>Avanço de sinal</name><desc>Fonte: RIO</desc><type>RED_LIGHT</type></wpt>
<wpt lat="-22.986460" lon="-43.220109"><name>Avanço de sinal</name><desc>Fonte: RIO</desc><type>RED_LIGHT</type></wpt>
<wpt lat="-22.986219" lon="-43.434251"><name>Avanço de sinal</name><desc>Fonte: RIO</desc><type>RED_LIGHT</type></wpt>
<wpt lat="-22.986169" lon="-43.207078"><name>Avanço de sinal</name><desc>Fonte: RIO</desc><type>RED_LIGHT</type></wpt>
<wpt lat="-22.986151" lon="-43.207436"><name>Avanço de sinal</name><desc>Fonte: RIO</desc><type>RED_LIGHT</type></wpt>
<wpt lat="-22.986055" lon="-43.458419"><name>Avanço de sinal</name><desc>Fonte: RIO</desc><type>RED_LIGHT</type></wpt>
<wpt lat="-22.985991" lon="-43.457889"><name>Radar 60 km/h</name><desc>Fonte: OSM</desc><type>FIXED</type></wpt>
<wpt lat="-22.985934" lon="-44.297282"><name>Radar 60 km/h</name><desc>Fonte: OSM</desc><type>FIXED</type></wpt>
<wpt lat="-22.985655" lon="-44.297128"><name>Radar 60 km/h</name><desc>Fonte: ANTT · sentido 36° (nordeste)</desc><type>FIXED</type></wpt>
<wpt lat="-22.985585" lon="-43.505436"><name>Radar 40 km/h</name><desc>Fonte: OSM</desc><type>FIXED</type></wpt>
<wpt lat="-22.985366" lon="-43.489894"><name>Radar 40 km/h</name><desc>Fonte: OSM</desc><type>FIXED</type></wpt>
<wpt lat="-22.985353" lon="-43.202508"><name>Radar 50 km/h</name><desc>Fonte: RIO</desc><type>FIXED</type></wpt>
<wpt lat="-22.985231" lon="-43.225510"><name>Radar 60 km/h</name><desc>Fonte: RIO</desc><type>FIXED</type></wpt>
<wpt lat="-22.985080" lon="-43.203395"><name>Radar 60 km/h</name><desc>Fonte: RIO</desc><type>FIXED</type></wpt>
<wpt lat="-22.984884" lon="-43.211678"><name>Radar 50 km/h</name><desc>Fonte: RIO</desc><type>FIXED</type></wpt>
<wpt lat="-22.984714" lon="-43.218194"><name>Radar 60 km/h</name><desc>Fonte: RIO</desc><type>FIXED</type></wpt>
<wpt lat="-22.984645" lon="-43.200472"><name>Radar 60 km/h</name><desc>Fonte: RIO</desc><type>FIXED</type></wpt>
<wpt lat="-22.984416" lon="-43.205366"><name>Radar 50 km/h</name><desc>Fonte: RIO</desc><type>FIXED</type></wpt>
<wpt lat="-22.984044" lon="-43.212894"><name>Radar 50 km/h</name><desc>Fonte: RIO</desc><type>FIXED</type></wpt>
<wpt lat="-22.983895" lon="-43.218688"><name>Radar 60 km/h</name><desc>Fonte: RIO</desc><type>FIXED</type></wpt>
<wpt lat="-22.983116" lon="-43.238925"><name>Radar 40 km/h</name><desc>Fonte: OSM</desc><type>FIXED</type></wpt>
<wpt lat="-22.982942" lon="-43.206815"><name>Avanço de sinal</name><desc>Fonte: RIO</desc><type>RED_LIGHT</type></wpt>
<wpt lat="-22.982919" lon="-43.206891"><name>Avanço de sinal</name><desc>Fonte: RIO</desc><type>RED_LIGHT</type></wpt>
<wpt lat="-22.982900" lon="-43.190245"><name>Avanço de sinal</name><desc>Fonte: RIO</desc><type>RED_LIGHT</type></wpt>
<wpt lat="-22.982677" lon="-43.190236"><name>Avanço de sinal</name><desc>Fonte: RIO</desc><type>RED_LIGHT</type></wpt>
<wpt lat="-22.982238" lon="-43.466725"><name>Radar 50 km/h</name><desc>Fonte: OSM</desc><type>FIXED</type></wpt>
<wpt lat="-22.982231" lon="-43.190937"><name>Radar 50 km/h</name><desc>Fonte: RIO</desc><type>FIXED</type></wpt>
<wpt lat="-22.981732" lon="-43.192561"><name>Radar 50 km/h</name><desc>Fonte: RIO</desc><type>FIXED</type></wpt>
<wpt lat="-22.981594" lon="-43.587873"><name>Radar 50 km/h</name><desc>Fonte: OSM</desc><type>FIXED</type></wpt>
<wpt lat="-22.981487" lon="-43.587618"><name>Radar 50 km/h</name><desc>Fonte: RIO</desc><type>FIXED</type></wpt>
<wpt lat="-22.980609" lon="-44.295532"><name>Radar 50 km/h</name><desc>Fonte: OSM</desc><type>FIXED</type></wpt>
<wpt lat="-22.980437" lon="-43.423470"><name>Avanço de sinal</name><desc>Fonte: RIO</desc><type>RED_LIGHT</type></wpt>
<wpt lat="-22.980004" lon="-43.234677"><name>Radar 40 km/h</name><desc>Fonte: OSM</desc><type>FIXED</type></wpt>
<wpt lat="-22.979988" lon="-44.295653"><name>Radar 50 km/h</name><desc>Fonte: OSM</desc><type>FIXED</type></wpt>
<wpt lat="-22.979958" lon="-43.414514"><name>Radar 60 km/h</name><desc>Fonte: OSM</desc><type>FIXED</type></wpt>
<wpt lat="-22.979816" lon="-43.414474"><name>Radar 60 km/h</name><desc>Fonte: OSM</desc><type>FIXED</type></wpt>
<wpt lat="-22.979751" lon="-44.295796"><name>Radar 50 km/h</name><desc>Fonte: ANTT · sentido 167° (sul)</desc><type>FIXED</type></wpt>
<wpt lat="-22.979715" lon="-43.220773"><name>Avanço de sinal</name><desc>Fonte: RIO</desc><type>RED_LIGHT</type></wpt>
<wpt lat="-22.979573" lon="-43.234587"><name>Radar 40 km/h</name><desc>Fonte: OSM</desc><type>FIXED</type></wpt>
<wpt lat="-22.979560" lon="-43.588546"><name>Radar 50 km/h</name><desc>Fonte: OSM</desc><type>FIXED</type></wpt>
<wpt lat="-22.979154" lon="-43.234735"><name>Radar 40 km/h</name><desc>Fonte: RIO</desc><type>FIXED</type></wpt>
<wpt lat="-22.979095" lon="-43.228997"><name>Radar 70 km/h</name><desc>Fonte: OSM</desc><type>FIXED</type></wpt>
<wpt lat="-22.979024" lon="-43.229315"><name>Radar 70 km/h</name><desc>Fonte: OSM</desc><type>FIXED</type></wpt>
<wpt lat="-22.979013" lon="-43.589288"><name>Radar 50 km/h</name><desc>Fonte: RIO</desc><type>FIXED</type></wpt>
<wpt lat="-22.978674" lon="-43.226209"><name>Avanço de sinal</name><desc>Fonte: RIO</desc><type>RED_LIGHT</type></wpt>
<wpt lat="-22.977562" lon="-43.230893"><name>Avanço de sinal</name><desc>Fonte: RIO</desc><type>RED_LIGHT</type></wpt>
<wpt lat="-22.976831" lon="-43.190177"><name>Radar 50 km/h</name><desc>Fonte: RIO</desc><type>FIXED</type></wpt>
<wpt lat="-22.976803" lon="-43.197566"><name>Radar 60 km/h</name><desc>Fonte: RIO</desc><type>FIXED</type></wpt>
<wpt lat="-22.976777" lon="-43.197104"><name>Radar 60 km/h</name><desc>Fonte: OSM</desc><type>FIXED</type></wpt>
<wpt lat="-22.976154" lon="-43.190261"><name>Avanço de sinal</name><desc>Fonte: RIO</desc><type>RED_LIGHT</type></wpt>
<wpt lat="-22.976000" lon="-43.189823"><name>Avanço de sinal</name><desc>Fonte: RIO</desc><type>RED_LIGHT</type></wpt>
<wpt lat="-22.975864" lon="-43.188262"><name>Avanço de sinal</name><desc>Fonte: RIO</desc><type>RED_LIGHT</type></wpt>
<wpt lat="-22.974783" lon="-43.192051"><name>Radar 60 km/h</name><desc>Fonte: RIO</desc><type>FIXED</type></wpt>
<wpt lat="-22.973757" lon="-43.285335"><name>Radar 60 km/h</name><desc>Fonte: OSM</desc><type>FIXED</type></wpt>
<wpt lat="-22.973469" lon="-43.217990"><name>Radar 70 km/h</name><desc>Fonte: OSM</desc><type>FIXED</type></wpt>
<wpt lat="-22.973335" lon="-43.208028"><name>Radar 50 km/h</name><desc>Fonte: OSM</desc><type>FIXED</type></wpt>
<wpt lat="-22.973191" lon="-43.207834"><name>Radar 50 km/h</name><desc>Fonte: RIO</desc><type>FIXED</type></wpt>
<wpt lat="-22.972961" lon="-43.207889"><name>Radar 50 km/h</name><desc>Fonte: RIO</desc><type>FIXED</type></wpt>
<wpt lat="-22.972929" lon="-43.208020"><name>Radar 50 km/h</name><desc>Fonte: OSM</desc><type>FIXED</type></wpt>
<wpt lat="-22.972922" lon="-43.387357"><name>Avanço de sinal</name><desc>Fonte: RIO</desc><type>RED_LIGHT</type></wpt>
<wpt lat="-22.972751" lon="-43.397627"><name>Avanço de sinal</name><desc>Fonte: RIO</desc><type>RED_LIGHT</type></wpt>
<wpt lat="-22.972466" lon="-43.185892"><name>Avanço de sinal</name><desc>Fonte: RIO</desc><type>RED_LIGHT</type></wpt>
<wpt lat="-22.972137" lon="-43.283680"><name>Radar 60 km/h</name><desc>Fonte: OSM</desc><type>FIXED</type></wpt>
<wpt lat="-22.971337" lon="-43.361554"><name>Radar 80 km/h</name><desc>Fonte: OSM</desc><type>FIXED</type></wpt>
<wpt lat="-22.970965" lon="-43.361435"><name>Radar 70 km/h</name><desc>Fonte: OSM</desc><type>FIXED</type></wpt>
<wpt lat="-22.970801" lon="-43.186287"><name>Radar 60 km/h</name><desc>Fonte: RIO</desc><type>FIXED</type></wpt>
<wpt lat="-22.970272" lon="-43.183459"><name>Avanço de sinal</name><desc>Fonte: RIO</desc><type>RED_LIGHT</type></wpt>
<wpt lat="-22.970254" lon="-43.413704"><name>Radar 40 km/h</name><desc>Fonte: OSM</desc><type>FIXED</type></wpt>
<wpt lat="-22.970252" lon="-43.413820"><name>Radar 40 km/h</name><desc>Fonte: OSM</desc><type>FIXED</type></wpt>
<wpt lat="-22.970033" lon="-43.413546"><name>Radar 40 km/h</name><desc>Fonte: RIO</desc><type>FIXED</type></wpt>
<wpt lat="-22.969634" lon="-43.217349"><name>Radar 70 km/h</name><desc>Fonte: OSM</desc><type>FIXED</type></wpt>
<wpt lat="-22.968813" lon="-43.184505"><name>Radar 50 km/h</name><desc>Fonte: RIO</desc><type>FIXED</type></wpt>
<wpt lat="-22.968495" lon="-43.180839"><name>Avanço de sinal</name><desc>Fonte: RIO</desc><type>RED_LIGHT</type></wpt>
<wpt lat="-22.968355" lon="-43.358228"><name>Radar 80 km/h</name><desc>Fonte: OSM</desc><type>FIXED</type></wpt>
<wpt lat="-22.968207" lon="-43.185464"><name>Avanço de sinal</name><desc>Fonte: RIO</desc><type>RED_LIGHT</type></wpt>
<wpt lat="-22.968182" lon="-43.358354"><name>Radar 80 km/h</name><desc>Fonte: OSM</desc><type>FIXED</type></wpt>
<wpt lat="-22.967930" lon="-43.184982"><name>Avanço de sinal</name><desc>Fonte: RIO</desc><type>RED_LIGHT</type></wpt>
<wpt lat="-22.967855" lon="-43.588728"><name>Avanço de sinal</name><desc>Fonte: RIO</desc><type>RED_LIGHT</type></wpt>
<wpt lat="-22.967779" lon="-43.588917"><name>Radar 50 km/h</name><desc>Fonte: OSM</desc><type>FIXED</type></wpt>
<wpt lat="-22.967732" lon="-43.358509"><name>Radar 70 km/h</name><desc>Fonte: OSM</desc><type>FIXED</type></wpt>
<wpt lat="-22.967631" lon="-43.589200"><name>Avanço de sinal</name><desc>Fonte: RIO</desc><type>RED_LIGHT</type></wpt>
<wpt lat="-22.967445" lon="-43.589204"><name>Radar 50 km/h</name><desc>Fonte: OSM</desc><type>FIXED</type></wpt>
<wpt lat="-22.966655" lon="-43.182931"><name>Radar 50 km/h</name><desc>Fonte: RIO</desc><type>FIXED</type></wpt>
<wpt lat="-22.966429" lon="-43.217995"><name>Avanço de sinal</name><desc>Fonte: RIO</desc><type>RED_LIGHT</type></wpt>
<wpt lat="-22.966355" lon="-43.217560"><name>Avanço de sinal</name><desc>Fonte: RIO</desc><type>RED_LIGHT</type></wpt>
<wpt lat="-22.966324" lon="-43.178433"><name>Radar 50 km/h</name><desc>Fonte: RIO</desc><type>FIXED</type></wpt>
<wpt lat="-22.966298" lon="-43.217404"><name>Avanço de sinal</name><desc>Fonte: RIO</desc><type>RED_LIGHT</type></wpt>
<wpt lat="-22.966253" lon="-43.219862"><name>Avanço de sinal</name><desc>Fonte: RIO</desc><type>RED_LIGHT</type></wpt>
<wpt lat="-22.966067" lon="-43.219335"><name>Avanço de sinal</name><desc>Fonte: RIO</desc><type>RED_LIGHT</type></wpt>
<wpt lat="-22.965325" lon="-43.227787"><name>Radar 40 km/h</name><desc>Fonte: OSM</desc><type>FIXED</type></wpt>
<wpt lat="-22.965063" lon="-43.589330"><name>Radar 50 km/h</name><desc>Fonte: OSM</desc><type>FIXED</type></wpt>
<wpt lat="-22.964627" lon="-43.175259"><name>Radar 50 km/h</name><desc>Fonte: RIO</desc><type>FIXED</type></wpt>
<wpt lat="-22.964402" lon="-43.589049"><name>Radar 50 km/h</name><desc>Fonte: OSM</desc><type>FIXED</type></wpt>
<wpt lat="-22.964345" lon="-43.216581"><name>Avanço de sinal</name><desc>Fonte: RIO</desc><type>RED_LIGHT</type></wpt>
<wpt lat="-22.964284" lon="-44.299021"><name>Radar 50 km/h</name><desc>Fonte: OSM</desc><type>FIXED</type></wpt>
<wpt lat="-22.963990" lon="-43.216303"><name>Avanço de sinal</name><desc>Fonte: RIO</desc><type>RED_LIGHT</type></wpt>
<wpt lat="-22.963791" lon="-44.298666"><name>Radar 50 km/h</name><desc>Fonte: OSM</desc><type>FIXED</type></wpt>
<wpt lat="-22.963101" lon="-43.177259"><name>Radar 60 km/h</name><desc>Fonte: OSM</desc><type>FIXED</type></wpt>
<wpt lat="-22.962812" lon="-43.209536"><name>Avanço de sinal</name><desc>Fonte: RIO</desc><type>RED_LIGHT</type></wpt>
<wpt lat="-22.962694" lon="-43.400046"><name>Radar 40 km/h</name><desc>Fonte: RIO</desc><type>FIXED</type></wpt>
<wpt lat="-22.962531" lon="-43.399783"><name>Radar 40 km/h</name><desc>Fonte: OSM</desc><type>FIXED</type></wpt>
<wpt lat="-22.961302" lon="-43.395269"><name>Radar 40 km/h</name><desc>Fonte: OSM</desc><type>FIXED</type></wpt>
<wpt lat="-22.961258" lon="-43.395721"><name>Radar 40 km/h</name><desc>Fonte: RIO</desc><type>FIXED</type></wpt>
<wpt lat="-22.960905" lon="-43.581907"><name>Radar 50 km/h</name><desc>Fonte: OSM</desc><type>FIXED</type></wpt>
<wpt lat="-22.960544" lon="-43.207394"><name>Radar 60 km/h</name><desc>Fonte: RIO</desc><type>FIXED</type></wpt>
<wpt lat="-22.960458" lon="-43.581630"><name>Radar 50 km/h</name><desc>Fonte: OSM</desc><type>FIXED</type></wpt>
<wpt lat="-22.960074" lon="-43.388367"><name>Avanço de sinal</name><desc>Fonte: RIO</desc><type>RED_LIGHT</type></wpt>
<wpt lat="-22.959496" lon="-43.200574"><name>Avanço de sinal</name><desc>Fonte: RIO</desc><type>RED_LIGHT</type></wpt>
<wpt lat="-22.959467" lon="-43.388016"><name>Avanço de sinal</name><desc>Fonte: RIO</desc><type>RED_LIGHT</type></wpt>
<wpt lat="-22.959134" lon="-43.200304"><name>Avanço de sinal</name><desc>Fonte: OSM</desc><type>RED_LIGHT</type></wpt>
<wpt lat="-22.959068" lon="-43.200347"><name>Avanço de sinal</name><desc>Fonte: OSM</desc><type>RED_LIGHT</type></wpt>
<wpt lat="-22.959030" lon="-43.200594"><name>Radar 60 km/h</name><desc>Fonte: OSM</desc><type>FIXED</type></wpt>
<wpt lat="-22.958975" lon="-43.383891"><name>Avanço de sinal</name><desc>Fonte: RIO</desc><type>RED_LIGHT</type></wpt>
<wpt lat="-22.958971" lon="-43.200833"><name>Avanço de sinal</name><desc>Fonte: RIO</desc><type>RED_LIGHT</type></wpt>
<wpt lat="-22.958570" lon="-43.197586"><name>Avanço de sinal</name><desc>Fonte: RIO</desc><type>RED_LIGHT</type></wpt>
<wpt lat="-22.958450" lon="-43.382156"><name>Radar 60 km/h</name><desc>Fonte: OSM</desc><type>FIXED</type></wpt>
<wpt lat="-22.958394" lon="-43.197418"><name>Radar 60 km/h</name><desc>Fonte: OSM</desc><type>FIXED</type></wpt>
<wpt lat="-22.958274" lon="-43.383685"><name>Avanço de sinal</name><desc>Fonte: RIO</desc><type>RED_LIGHT</type></wpt>
<wpt lat="-22.958135" lon="-43.382523"><name>Avanço de sinal</name><desc>Fonte: RIO</desc><type>RED_LIGHT</type></wpt>
<wpt lat="-22.958133" lon="-43.197193"><name>Avanço de sinal</name><desc>Fonte: RIO</desc><type>RED_LIGHT</type></wpt>
<wpt lat="-22.957978" lon="-43.382773"><name>Avanço de sinal</name><desc>Fonte: RIO</desc><type>RED_LIGHT</type></wpt>
<wpt lat="-22.957631" lon="-43.342655"><name>Radar 40 km/h</name><desc>Fonte: OSM</desc><type>FIXED</type></wpt>
<wpt lat="-22.957212" lon="-43.343801"><name>Radar 40 km/h</name><desc>Fonte: OSM</desc><type>FIXED</type></wpt>
<wpt lat="-22.956191" lon="-43.197456"><name>Radar 40 km/h</name><desc>Fonte: RIO</desc><type>FIXED</type></wpt>
<wpt lat="-22.955087" lon="-43.197912"><name>Radar 40 km/h</name><desc>Fonte: RIO</desc><type>FIXED</type></wpt>
<wpt lat="-22.954676" lon="-43.376214"><name>Avanço de sinal</name><desc>Fonte: RIO</desc><type>RED_LIGHT</type></wpt>
<wpt lat="-22.954439" lon="-43.193120"><name>Avanço de sinal</name><desc>Fonte: RIO</desc><type>RED_LIGHT</type></wpt>
<wpt lat="-22.954125" lon="-43.191661"><name>Radar 40 km/h</name><desc>Fonte: RIO</desc><type>FIXED</type></wpt>
<wpt lat="-22.954071" lon="-43.192837"><name>Avanço de sinal</name><desc>Fonte: RIO</desc><type>RED_LIGHT</type></wpt>
<wpt lat="-22.953556" lon="-43.347219"><name>Radar 40 km/h</name><desc>Fonte: OSM</desc><type>FIXED</type></wpt>
<wpt lat="-22.953489" lon="-43.356150"><name>Radar 60 km/h</name><desc>Fonte: OSM</desc><type>FIXED</type></wpt>
<wpt lat="-22.953254" lon="-43.347491"><name>Radar 40 km/h</name><desc>Fonte: RIO</desc><type>FIXED</type></wpt>
<wpt lat="-22.953149" lon="-43.171523"><name>Radar 40 km/h</name><desc>Fonte: OSM</desc><type>FIXED</type></wpt>
<wpt lat="-22.952746" lon="-43.375678"><name>Avanço de sinal</name><desc>Fonte: RIO</desc><type>RED_LIGHT</type></wpt>
<wpt lat="-22.952711" lon="-43.172897"><name>Radar 40 km/h</name><desc>Fonte: OSM</desc><type>FIXED</type></wpt>
<wpt lat="-22.952616" lon="-43.375495"><name>Avanço de sinal</name><desc>Fonte: RIO</desc><type>RED_LIGHT</type></wpt>
<wpt lat="-22.952411" lon="-43.083614"><name>Radar 40 km/h</name><desc>Fonte: OSM</desc><type>FIXED</type></wpt>
<wpt lat="-22.952231" lon="-43.186131"><name>Radar 60 km/h</name><desc>Fonte: RIO</desc><type>FIXED</type></wpt>
<wpt lat="-22.951871" lon="-43.181288"><name>Radar 40 km/h</name><desc>Fonte: OSM</desc><type>FIXED</type></wpt>
<wpt lat="-22.951721" lon="-43.358704"><name>Avanço de sinal</name><desc>Fonte: RIO</desc><type>RED_LIGHT</type></wpt>
<wpt lat="-22.951544" lon="-43.650544"><name>Avanço de sinal</name><desc>Fonte: RIO</desc><type>RED_LIGHT</type></wpt>
<wpt lat="-22.951172" lon="-43.194422"><name>Radar 40 km/h</name><desc>Fonte: RIO</desc><type>FIXED</type></wpt>
<wpt lat="-22.951009" lon="-43.182704"><name>Radar 40 km/h</name><desc>Fonte: RIO</desc><type>FIXED</type></wpt>
<wpt lat="-22.950432" lon="-43.359227"><name>Avanço de sinal</name><desc>Fonte: RIO</desc><type>RED_LIGHT</type></wpt>
<wpt lat="-22.949779" lon="-43.261885"><name>Radar 40 km/h</name><desc>Fonte: OSM</desc><type>FIXED</type></wpt>
<wpt lat="-22.949624" lon="-43.189195"><name>Radar 60 km/h</name><desc>Fonte: OSM</desc><type>FIXED</type></wpt>
<wpt lat="-22.949447" lon="-43.186076"><name>Radar 60 km/h</name><desc>Fonte: OSM</desc><type>FIXED</type></wpt>
<wpt lat="-22.949261" lon="-43.186533"><name>Radar 40 km/h</name><desc>Fonte: RIO</desc><type>FIXED</type></wpt>
<wpt lat="-22.949182" lon="-44.327578"><name>Radar 60 km/h</name><desc>Fonte: OSM</desc><type>FIXED</type></wpt>
<wpt lat="-22.949174" lon="-43.178664"><name>Radar 60 km/h</name><desc>Fonte: RIO</desc><type>FIXED</type></wpt>
<wpt lat="-22.949124" lon="-43.261444"><name>Radar 40 km/h</name><desc>Fonte: OSM</desc><type>FIXED</type></wpt>
<wpt lat="-22.945437" lon="-42.686827"><name>Radar 50 km/h</name><desc>Fonte: OSM</desc><type>FIXED</type></wpt>
<wpt lat="-22.945030" lon="-43.335992"><name>Radar 40 km/h</name><desc>Fonte: RIO</desc><type>FIXED</type></wpt>
<wpt lat="-22.944324" lon="-43.340034"><name>Radar 60 km/h</name><desc>Fonte: RIO</desc><type>FIXED</type></wpt>
<wpt lat="-22.943852" lon="-43.386323"><name>Radar 40 km/h</name><desc>Fonte: RIO</desc><type>FIXED</type></wpt>
<wpt lat="-22.943684" lon="-43.386281"><name>Radar 40 km/h</name><desc>Fonte: OSM</desc><type>FIXED</type></wpt>
<wpt lat="-22.942682" lon="-43.372075"><name>Radar 50 km/h</name><desc>Fonte: RIO</desc><type>FIXED</type></wpt>
<wpt lat="-22.942021" lon="-43.180563"><name>Avanço de sinal</name><desc>Fonte: RIO</desc><type>RED_LIGHT</type></wpt>
<wpt lat="-22.941333" lon="-43.590189"><name>Radar 50 km/h</name><desc>Fonte: RIO</desc><type>FIXED</type></wpt>
<wpt lat="-22.941211" lon="-44.421564"><name>Radar 60 km/h</name><desc>Fonte: ANTT · sentido 244° (sudoeste)</desc><type>FIXED</type></wpt>
<wpt lat="-22.941153" lon="-43.590579"><name>Radar 50 km/h</name><desc>Fonte: OSM</desc><type>FIXED</type></wpt>
<wpt lat="-22.940976" lon="-43.197560"><name>Radar 40 km/h</name><desc>Fonte: RIO</desc><type>FIXED</type></wpt>
<wpt lat="-22.940933" lon="-43.590354"><name>Radar 50 km/h</name><desc>Fonte: OSM</desc><type>FIXED</type></wpt>
<wpt lat="-22.940791" lon="-43.367805"><name>Radar 40 km/h</name><desc>Fonte: RIO</desc><type>FIXED</type></wpt>
<wpt lat="-22.940584" lon="-43.367794"><name>Radar 40 km/h</name><desc>Fonte: OSM</desc><type>FIXED</type></wpt>
<wpt lat="-22.940195" lon="-43.685468"><name>Radar 50 km/h</name><desc>Fonte: RIO</desc><type>FIXED</type></wpt>
<wpt lat="-22.940091" lon="-43.196968"><name>Radar 40 km/h</name><desc>Fonte: RIO</desc><type>FIXED</type></wpt>
<wpt lat="-22.939847" lon="-43.171171"><name>Radar 50 km/h</name><desc>Fonte: OSM</desc><type>FIXED</type></wpt>
<wpt lat="-22.939461" lon="-43.666276"><name>Radar 40 km/h</name><desc>Fonte: OSM</desc><type>FIXED</type></wpt>
<wpt lat="-22.939335" lon="-43.195984"><name>Radar 40 km/h</name><desc>Fonte: RIO</desc><type>FIXED</type></wpt>
<wpt lat="-22.939328" lon="-43.334956"><name>Radar 40 km/h</name><desc>Fonte: OSM</desc><type>FIXED</type></wpt>
<wpt lat="-22.939222" lon="-43.335045"><name>Radar 50 km/h</name><desc>Fonte: RIO</desc><type>FIXED</type></wpt>
<wpt lat="-22.939220" lon="-43.196093"><name>Radar 40 km/h</name><desc>Fonte: OSM</desc><type>FIXED</type></wpt>
<wpt lat="-22.938824" lon="-43.357300"><name>Radar 40 km/h</name><desc>Fonte: OSM</desc><type>FIXED</type></wpt>
<wpt lat="-22.938731" lon="-43.357695"><name>Radar 40 km/h</name><desc>Fonte: OSM</desc><type>FIXED</type></wpt>
<wpt lat="-22.938657" lon="-43.368818"><name>Radar 40 km/h</name><desc>Fonte: RIO</desc><type>FIXED</type></wpt>
<wpt lat="-22.938545" lon="-44.034254"><name>Radar 60 km/h</name><desc>Fonte: ANTT · sentido 66° (nordeste)</desc><type>FIXED</type></wpt>
<wpt lat="-22.938458" lon="-43.368943"><name>Radar 40 km/h</name><desc>Fonte: OSM</desc><type>FIXED</type></wpt>
<wpt lat="-22.938182" lon="-43.666732"><name>Radar 40 km/h</name><desc>Fonte: OSM</desc><type>FIXED</type></wpt>
<wpt lat="-22.938169" lon="-43.195290"><name>Radar 40 km/h</name><desc>Fonte: OSM</desc><type>FIXED</type></wpt>
<wpt lat="-22.938129" lon="-43.666655"><name>Radar 40 km/h</name><desc>Fonte: OSM</desc><type>FIXED</type></wpt>
<wpt lat="-22.938027" lon="-43.195734"><name>Radar 40 km/h</name><desc>Fonte: RIO</desc><type>FIXED</type></wpt>
<wpt lat="-22.937299" lon="-43.370071"><name>Avanço de sinal</name><desc>Fonte: RIO</desc><type>RED_LIGHT</type></wpt>
<wpt lat="-22.937187" lon="-43.335628"><name>Avanço de sinal</name><desc>Fonte: RIO</desc><type>RED_LIGHT</type></wpt>
<wpt lat="-22.936993" lon="-43.335628"><name>Radar 60 km/h</name><desc>Fonte: OSM</desc><type>FIXED</type></wpt>
<wpt lat="-22.936851" lon="-43.174258"><name>Radar 60 km/h</name><desc>Fonte: RIO</desc><type>FIXED</type></wpt>
<wpt lat="-22.936752" lon="-44.399346"><name>Radar 50 km/h</name><desc>Fonte: OSM</desc><type>FIXED</type></wpt>
<wpt lat="-22.936705" lon="-44.399357"><name>Radar 50 km/h</name><desc>Fonte: ANTT · sentido 109° (leste)</desc><type>FIXED</type></wpt>
<wpt lat="-22.936348" lon="-43.245163"><name>Radar 50 km/h</name><desc>Fonte: RIO</desc><type>FIXED</type></wpt>
<wpt lat="-22.936065" lon="-43.352138"><name>Avanço de sinal</name><desc>Fonte: RIO</desc><type>RED_LIGHT</type></wpt>
<wpt lat="-22.935814" lon="-42.907666"><name>Radar 60 km/h</name><desc>Fonte: OSM</desc><type>FIXED</type></wpt>
<wpt lat="-22.935753" lon="-42.904550"><name>Radar 60 km/h</name><desc>Fonte: OSM</desc><type>FIXED</type></wpt>
<wpt lat="-22.935730" lon="-43.244394"><name>Radar 50 km/h</name><desc>Fonte: RIO</desc><type>FIXED</type></wpt>
<wpt lat="-22.935452" lon="-43.330467"><name>Radar 60 km/h</name><desc>Fonte: OSM</desc><type>FIXED</type></wpt>
<wpt lat="-22.935290" lon="-43.359397"><name>Radar 40 km/h</name><desc>Fonte: OSM</desc><type>FIXED</type></wpt>
<wpt lat="-22.935063" lon="-43.346479"><name>Radar 100 km/h</name><desc>Fonte: OSM</desc><type>FIXED</type></wpt>
<wpt lat="-22.934983" lon="-43.575157"><name>Radar 50 km/h</name><desc>Fonte: RIO</desc><type>FIXED</type></wpt>
<wpt lat="-22.934963" lon="-42.628462"><name>Radar 30 km/h</name><desc>Fonte: OSM</desc><type>FIXED</type></wpt>
<wpt lat="-22.934900" lon="-43.346537"><name>Radar 100 km/h</name><desc>Fonte: OSM</desc><type>FIXED</type></wpt>
<wpt lat="-22.934720" lon="-43.359322"><name>Radar 40 km/h</name><desc>Fonte: RIO</desc><type>FIXED</type></wpt>
<wpt lat="-22.934576" lon="-43.359130"><name>Radar 40 km/h</name><desc>Fonte: OSM</desc><type>FIXED</type></wpt>
<wpt lat="-22.934069" lon="-43.328498"><name>Radar 50 km/h</name><desc>Fonte: OSM</desc><type>FIXED</type></wpt>
<wpt lat="-22.933811" lon="-43.182960"><name>Radar 40 km/h</name><desc>Fonte: OSM</desc><type>FIXED</type></wpt>
<wpt lat="-22.933810" lon="-43.372201"><name>Avanço de sinal</name><desc>Fonte: RIO</desc><type>RED_LIGHT</type></wpt>
<wpt lat="-22.933803" lon="-43.182586"><name>Radar 40 km/h</name><desc>Fonte: RIO</desc><type>FIXED</type></wpt>
<wpt lat="-22.933032" lon="-42.919935"><name>Radar 80 km/h</name><desc>Fonte: OSM</desc><type>FIXED</type></wpt>
<wpt lat="-22.933023" lon="-43.241287"><name>Avanço de sinal</name><desc>Fonte: RIO</desc><type>RED_LIGHT</type></wpt>
<wpt lat="-22.932277" lon="-43.329084"><name>Radar 60 km/h</name><desc>Fonte: RIO</desc><type>FIXED</type></wpt>
<wpt lat="-22.932257" lon="-43.329309"><name>Radar 60 km/h</name><desc>Fonte: OSM</desc><type>FIXED</type></wpt>
<wpt lat="-22.932161" lon="-43.574748"><name>Avanço de sinal</name><desc>Fonte: RIO</desc><type>RED_LIGHT</type></wpt>
<wpt lat="-22.932141" lon="-43.240863"><name>Avanço de sinal</name><desc>Fonte: RIO</desc><type>RED_LIGHT</type></wpt>
<wpt lat="-22.931809" lon="-43.241753"><name>Avanço de sinal</name><desc>Fonte: RIO</desc><type>RED_LIGHT</type></wpt>
<wpt lat="-22.931713" lon="-43.672304"><name>Radar 40 km/h</name><desc>Fonte: OSM</desc><type>FIXED</type></wpt>
<wpt lat="-22.931601" lon="-43.208951"><name>Radar 50 km/h</name><desc>Fonte: OSM</desc><type>FIXED</type></wpt>
<wpt lat="-22.931510" lon="-42.922761"><name>Radar 80 km/h</name><desc>Fonte: OSM</desc><type>FIXED</type></wpt>
<wpt lat="-22.931331" lon="-43.208578"><name>Radar 50 km/h</name><desc>Fonte: RIO</desc><type>FIXED</type></wpt>
<wpt lat="-22.930596" lon="-43.208917"><name>Radar 50 km/h</name><desc>Fonte: OSM</desc><type>FIXED</type></wpt>
<wpt lat="-22.930496" lon="-43.209076"><name>Radar 50 km/h</name><desc>Fonte: RIO</desc><type>FIXED</type></wpt>
<wpt lat="-22.930254" lon="-43.186420"><name>Radar 80 km/h</name><desc>Fonte: OSM</desc><type>FIXED</type></wpt>
<wpt lat="-22.930138" lon="-43.674425"><name>Radar 40 km/h</name><desc>Fonte: OSM</desc><type>FIXED</type></wpt>
<wpt lat="-22.930136" lon="-43.977037"><name>Radar 80 km/h</name><desc>Fonte: OSM</desc><type>FIXED</type></wpt>
<wpt lat="-22.929531" lon="-43.097168"><name>Radar 50 km/h</name><desc>Fonte: OSM</desc><type>FIXED</type></wpt>
<wpt lat="-22.929390" lon="-43.096856"><name>Radar 50 km/h</name><desc>Fonte: OSM</desc><type>FIXED</type></wpt>
<wpt lat="-22.929139" lon="-43.231289"><name>Radar 50 km/h</name><desc>Fonte: RIO</desc><type>FIXED</type></wpt>
<wpt lat="-22.929094" lon="-43.231402"><name>Radar 50 km/h</name><desc>Fonte: OSM</desc><type>FIXED</type></wpt>
<wpt lat="-22.928875" lon="-43.690155"><name>Radar 50 km/h</name><desc>Fonte: RIO</desc><type>FIXED</type></wpt>
<wpt lat="-22.928616" lon="-43.333598"><name>Radar 40 km/h</name><desc>Fonte: OSM</desc><type>FIXED</type></wpt>
<wpt lat="-22.928375" lon="-43.676479"><name>Radar 40 km/h</name><desc>Fonte: OSM</desc><type>FIXED</type></wpt>
<wpt lat="-22.928368" lon="-43.334708"><name>Radar 40 km/h</name><desc>Fonte: OSM</desc><type>FIXED</type></wpt>
<wpt lat="-22.928360" lon="-43.321077"><name>Radar 60 km/h</name><desc>Fonte: RIO</desc><type>FIXED</type></wpt>
<wpt lat="-22.927927" lon="-43.063414"><name>Radar 60 km/h</name><desc>Fonte: OSM</desc><type>FIXED</type></wpt>
<wpt lat="-22.927904" lon="-43.320790"><name>Radar 60 km/h</name><desc>Fonte: OSM</desc><type>FIXED</type></wpt>
<wpt lat="-22.927782" lon="-43.373644"><name>Radar 60 km/h</name><desc>Fonte: OSM</desc><type>FIXED</type></wpt>
<wpt lat="-22.927309" lon="-43.373383"><name>Avanço de sinal</name><desc>Fonte: RIO</desc><type>RED_LIGHT</type></wpt>
<wpt lat="-22.927192" lon="-43.373241"><name>Avanço de sinal</name><desc>Fonte: RIO</desc><type>RED_LIGHT</type></wpt>
<wpt lat="-22.927104" lon="-43.316195"><name>Radar 50 km/h</name><desc>Fonte: OSM</desc><type>FIXED</type></wpt>
<wpt lat="-22.927047" lon="-43.244655"><name>Radar 40 km/h</name><desc>Fonte: OSM</desc><type>FIXED</type></wpt>
<wpt lat="-22.926416" lon="-43.374175"><name>Avanço de sinal</name><desc>Fonte: RIO</desc><type>RED_LIGHT</type></wpt>
<wpt lat="-22.926390" lon="-43.678858"><name>Radar 40 km/h</name><desc>Fonte: OSM</desc><type>FIXED</type></wpt>
<wpt lat="-22.926217" lon="-44.372146"><name>Radar 80 km/h</name><desc>Fonte: OSM</desc><type>FIXED</type></wpt>
<wpt lat="-22.926211" lon="-43.363429"><name>Radar 40 km/h</name><desc>Fonte: OSM</desc><type>FIXED</type></wpt>
<wpt lat="-22.926184" lon="-42.865934"><name>Radar 60 km/h</name><desc>Fonte: OSM</desc><type>FIXED</type></wpt>
<wpt lat="-22.926106" lon="-43.363801"><name>Radar 40 km/h</name><desc>Fonte: OSM</desc><type>FIXED</type></wpt>
<wpt lat="-22.925379" lon="-43.315011"><name>Radar 50 km/h</name><desc>Fonte: OSM</desc><type>FIXED</type></wpt>
<wpt lat="-22.925244" lon="-43.173151"><name>Avanço de sinal</name><desc>Fonte: RIO</desc><type>RED_LIGHT</type></wpt>
<wpt lat="-22.925069" lon="-42.863851"><name>Radar 60 km/h</name><desc>Fonte: OSM</desc><type>FIXED</type></wpt>
<wpt lat="-22.925023" lon="-43.233606"><name>Avanço de sinal</name><desc>Fonte: RIO</desc><type>RED_LIGHT</type></wpt>
<wpt lat="-22.924889" lon="-43.008399"><name>Radar 60 km/h</name><desc>Fonte: OSM</desc><type>FIXED</type></wpt>
<wpt lat="-22.924796" lon="-43.389151"><name>Radar 40 km/h</name><desc>Fonte: OSM</desc><type>FIXED</type></wpt>
<wpt lat="-22.924622" lon="-43.389101"><name>Radar 40 km/h</name><desc>Fonte: RIO</desc><type>FIXED</type></wpt>
<wpt lat="-22.924462" lon="-43.233673"><name>Avanço de sinal</name><desc>Fonte: RIO</desc><type>RED_LIGHT</type></wpt>
<wpt lat="-22.924434" lon="-43.233344"><name>Avanço de sinal</name><desc>Fonte: RIO</desc><type>RED_LIGHT</type></wpt>
<wpt lat="-22.924334" lon="-43.313949"><name>Radar 50 km/h</name><desc>Fonte: OSM</desc><type>FIXED</type></wpt>
<wpt lat="-22.923792" lon="-43.258143"><name>Avanço de sinal</name><desc>Fonte: RIO</desc><type>RED_LIGHT</type></wpt>
<wpt lat="-22.923701" lon="-42.040957"><name>Radar 50 km/h</name><desc>Fonte: OSM</desc><type>FIXED</type></wpt>
<wpt lat="-22.923631" lon="-43.236543"><name>Avanço de sinal</name><desc>Fonte: RIO</desc><type>RED_LIGHT</type></wpt>
<wpt lat="-22.923369" lon="-43.382270"><name>Radar 40 km/h</name><desc>Fonte: RIO</desc><type>FIXED</type></wpt>
<wpt lat="-22.923236" lon="-43.679301"><name>Radar 40 km/h</name><desc>Fonte: OSM</desc><type>FIXED</type></wpt>
<wpt lat="-22.923214" lon="-43.679392"><name>Radar 40 km/h</name><desc>Fonte: OSM</desc><type>FIXED</type></wpt>
<wpt lat="-22.923206" lon="-43.382043"><name>Radar 40 km/h</name><desc>Fonte: OSM</desc><type>FIXED</type></wpt>
<wpt lat="-22.923146" lon="-43.236300"><name>Avanço de sinal</name><desc>Fonte: RIO</desc><type>RED_LIGHT</type></wpt>
<wpt lat="-22.922551" lon="-43.298854"><name>Radar 50 km/h</name><desc>Fonte: OSM</desc><type>FIXED</type></wpt>
<wpt lat="-22.922451" lon="-42.352300"><name>Radar 50 km/h</name><desc>Fonte: OSM</desc><type>FIXED</type></wpt>
<wpt lat="-22.921902" lon="-43.355283"><name>Radar 40 km/h</name><desc>Fonte: OSM</desc><type>FIXED</type></wpt>
<wpt lat="-22.921779" lon="-43.228690"><name>Radar 60 km/h</name><desc>Fonte: OSM</desc><type>FIXED</type></wpt>
<wpt lat="-22.921675" lon="-43.355100"><name>Radar 40 km/h</name><desc>Fonte: RIO</desc><type>FIXED</type></wpt>
<wpt lat="-22.921357" lon="-43.562909"><name>Avanço de sinal</name><desc>Fonte: RIO</desc><type>RED_LIGHT</type></wpt>
<wpt lat="-22.921281" lon="-43.680455"><name>Radar 40 km/h</name><desc>Fonte: OSM</desc><type>FIXED</type></wpt>
<wpt lat="-22.920972" lon="-43.684670"><name>Radar 40 km/h</name><desc>Fonte: OSM</desc><type>FIXED</type></wpt>
<wpt lat="-22.920684" lon="-43.193655"><name>Radar 80 km/h</name><desc>Fonte: OSM</desc><type>FIXED</type></wpt>
<wpt lat="-22.920568" lon="-43.360104"><name>Avanço de sinal</name><desc>Fonte: RIO</desc><type>RED_LIGHT</type></wpt>
<wpt lat="-22.919812" lon="-43.221062"><name>Radar 60 km/h</name><desc>Fonte: RIO</desc><type>FIXED</type></wpt>
<wpt lat="-22.919795" lon="-43.400299"><name>Radar 40 km/h</name><desc>Fonte: RIO</desc><type>FIXED</type></wpt>
<wpt lat="-22.919694" lon="-43.683438"><name>Radar 50 km/h</name><desc>Fonte: OSM</desc><type>FIXED</type></wpt>
<wpt lat="-22.919667" lon="-43.399957"><name>Radar 40 km/h</name><desc>Fonte: OSM</desc><type>FIXED</type></wpt>
<wpt lat="-22.919659" lon="-43.389798"><name>Radar 40 km/h</name><desc>Fonte: RIO</desc><type>FIXED</type></wpt>
<wpt lat="-22.919582" lon="-43.682989"><name>Radar 50 km/h</name><desc>Fonte: RIO</desc><type>FIXED</type></wpt>
<wpt lat="-22.919570" lon="-43.400356"><name>Radar 40 km/h</name><desc>Fonte: OSM</desc><type>FIXED</type></wpt>
<wpt lat="-22.919568" lon="-43.256754"><name>Radar 60 km/h</name><desc>Fonte: RIO</desc><type>FIXED</type></wpt>
<wpt lat="-22.919550" lon="-43.255513"><name>Radar 40 km/h</name><desc>Fonte: RIO</desc><type>FIXED</type></wpt>
<wpt lat="-22.919540" lon="-43.390269"><name>Radar 40 km/h</name><desc>Fonte: OSM</desc><type>FIXED</type></wpt>
<wpt lat="-22.919507" lon="-43.389887"><name>Radar 40 km/h</name><desc>Fonte: OSM</desc><type>FIXED</type></wpt>
<wpt lat="-22.919144" lon="-43.408915"><name>Radar 40 km/h</name><desc>Fonte: RIO</desc><type>FIXED</type></wpt>
<wpt lat="-22.919123" lon="-43.924176"><name>Radar 60 km/h</name><desc>Fonte: ANTT · sentido 77° (leste)</desc><type>FIXED</type></wpt>
<wpt lat="-22.919009" lon="-43.409042"><name>Radar 40 km/h</name><desc>Fonte: OSM</desc><type>FIXED</type></wpt>
<wpt lat="-22.918954" lon="-43.241160"><name>Avanço de sinal</name><desc>Fonte: RIO</desc><type>RED_LIGHT</type></wpt>
<wpt lat="-22.918864" lon="-43.240962"><name>Avanço de sinal</name><desc>Fonte: RIO</desc><type>RED_LIGHT</type></wpt>
<wpt lat="-22.918708" lon="-43.218707"><name>Radar 50 km/h</name><desc>Fonte: RIO</desc><type>FIXED</type></wpt>
<wpt lat="-22.918541" lon="-43.325626"><name>Radar 100 km/h</name><desc>Fonte: OSM</desc><type>FIXED</type></wpt>
<wpt lat="-22.917701" lon="-43.684974"><name>Radar 40 km/h</name><desc>Fonte: OSM</desc><type>FIXED</type></wpt>
<wpt lat="-22.917673" lon="-43.363975"><name>Radar 60 km/h</name><desc>Fonte: OSM</desc><type>FIXED</type></wpt>
<wpt lat="-22.917638" lon="-43.194743"><name>Radar 40 km/h</name><desc>Fonte: OSM</desc><type>FIXED</type></wpt>
<wpt lat="-22.917512" lon="-43.363352"><name>Radar 60 km/h</name><desc>Fonte: OSM</desc><type>FIXED</type></wpt>
<wpt lat="-22.917472" lon="-43.244096"><name>Radar 40 km/h</name><desc>Fonte: RIO</desc><type>FIXED</type></wpt>
<wpt lat="-22.917394" lon="-43.381359"><name>Avanço de sinal</name><desc>Fonte: RIO</desc><type>RED_LIGHT</type></wpt>
<wpt lat="-22.917343" lon="-43.389077"><name>Radar 40 km/h</name><desc>Fonte: OSM</desc><type>FIXED</type></wpt>
<wpt lat="-22.917317" lon="-43.388735"><name>Radar 40 km/h</name><desc>Fonte: OSM</desc><type>FIXED</type></wpt>
<wpt lat="-22.917209" lon="-43.210430"><name>Avanço de sinal</name><desc>Fonte: RIO</desc><type>RED_LIGHT</type></wpt>
<wpt lat="-22.917184" lon="-43.388901"><name>Radar 40 km/h</name><desc>Fonte: RIO</desc><type>FIXED</type></wpt>
<wpt lat="-22.917066" lon="-43.258306"><name>Radar 40 km/h</name><desc>Fonte: RIO</desc><type>FIXED</type></wpt>
<wpt lat="-22.917038" lon="-43.260142"><name>Radar 60 km/h</name><desc>Fonte: OSM</desc><type>FIXED</type></wpt>
<wpt lat="-22.917001" lon="-43.381869"><name>Avanço de sinal</name><desc>Fonte: RIO</desc><type>RED_LIGHT</type></wpt>
<wpt lat="-22.916956" lon="-43.209976"><name>Avanço de sinal</name><desc>Fonte: RIO</desc><type>RED_LIGHT</type></wpt>
<wpt lat="-22.916768" lon="-43.237017"><name>Radar 40 km/h</name><desc>Fonte: OSM</desc><type>FIXED</type></wpt>
<wpt lat="-22.916751" lon="-43.237144"><name>Radar 40 km/h</name><desc>Fonte: RIO</desc><type>FIXED</type></wpt>
<wpt lat="-22.916734" lon="-43.256020"><name>Radar 60 km/h</name><desc>Fonte: RIO</desc><type>FIXED</type></wpt>
<wpt lat="-22.916706" lon="-43.563469"><name>Radar 50 km/h</name><desc>Fonte: OSM</desc><type>FIXED</type></wpt>
<wpt lat="-22.916706" lon="-43.281463"><name>Radar 50 km/h</name><desc>Fonte: OSM</desc><type>FIXED</type></wpt>
<wpt lat="-22.916701" lon="-43.563575"><name>Radar 50 km/h</name><desc>Fonte: OSM</desc><type>FIXED</type></wpt>
<wpt lat="-22.916600" lon="-43.210282"><name>Avanço de sinal</name><desc>Fonte: RIO</desc><type>RED_LIGHT</type></wpt>
<wpt lat="-22.916531" lon="-43.213458"><name>Radar 60 km/h</name><desc>Fonte: RIO</desc><type>FIXED</type></wpt>
<wpt lat="-22.916484" lon="-43.380701"><name>Avanço de sinal</name><desc>Fonte: RIO</desc><type>RED_LIGHT</type></wpt>
<wpt lat="-22.916424" lon="-43.226641"><name>Radar 60 km/h</name><desc>Fonte: OSM</desc><type>FIXED</type></wpt>
<wpt lat="-22.915972" lon="-43.208566"><name>Radar 60 km/h</name><desc>Fonte: RIO</desc><type>FIXED</type></wpt>
<wpt lat="-22.915668" lon="-43.271503"><name>Radar 50 km/h</name><desc>Fonte: OSM</desc><type>FIXED</type></wpt>
<wpt lat="-22.915612" lon="-43.245806"><name>Avanço de sinal</name><desc>Fonte: RIO</desc><type>RED_LIGHT</type></wpt>
<wpt lat="-22.915470" lon="-43.386970"><name>Avanço de sinal</name><desc>Fonte: RIO</desc><type>RED_LIGHT</type></wpt>
<wpt lat="-22.915385" lon="-43.387157"><name>Avanço de sinal</name><desc>Fonte: RIO</desc><type>RED_LIGHT</type></wpt>
<wpt lat="-22.915364" lon="-43.244656"><name>Radar 40 km/h</name><desc>Fonte: RIO</desc><type>FIXED</type></wpt>
<wpt lat="-22.915053" lon="-43.386550"><name>Avanço de sinal</name><desc>Fonte: RIO</desc><type>RED_LIGHT</type></wpt>
<wpt lat="-22.915000" lon="-43.541195"><name>Radar 50 km/h</name><desc>Fonte: OSM</desc><type>FIXED</type></wpt>
<wpt lat="-22.914816" lon="-43.541173"><name>Radar 50 km/h</name><desc>Fonte: RIO</desc><type>FIXED</type></wpt>
<wpt lat="-22.914772" lon="-43.387223"><name>Avanço de sinal</name><desc>Fonte: RIO</desc><type>RED_LIGHT</type></wpt>
<wpt lat="-22.914423" lon="-43.602780"><name>Avanço de sinal</name><desc>Fonte: RIO</desc><type>RED_LIGHT</type></wpt>
<wpt lat="-22.914361" lon="-43.239361"><name>Radar 40 km/h</name><desc>Fonte: RIO</desc><type>FIXED</type></wpt>
<wpt lat="-22.914341" lon="-43.088623"><name>Radar 60 km/h</name><desc>Fonte: OSM</desc><type>FIXED</type></wpt>
<wpt lat="-22.914315" lon="-43.196581"><name>Radar 60 km/h</name><desc>Fonte: RIO</desc><type>FIXED</type></wpt>
<wpt lat="-22.914262" lon="-43.090289"><name>Radar 60 km/h</name><desc>Fonte: OSM</desc><type>FIXED</type></wpt>
<wpt lat="-22.914150" lon="-43.210039"><name>Radar 90 km/h</name><desc>Fonte: OSM</desc><type>FIXED</type></wpt>
<wpt lat="-22.914140" lon="-43.210131"><name>Radar 90 km/h</name><desc>Fonte: OSM</desc><type>FIXED</type></wpt>
<wpt lat="-22.914008" lon="-43.317930"><name>Radar 100 km/h</name><desc>Fonte: OSM</desc><type>FIXED</type></wpt>
<wpt lat="-22.913979" lon="-43.374307"><name>Avanço de sinal</name><desc>Fonte: RIO</desc><type>RED_LIGHT</type></wpt>
<wpt lat="-22.913917" lon="-43.601685"><name>Avanço de sinal</name><desc>Fonte: RIO</desc><type>RED_LIGHT</type></wpt>
<wpt lat="-22.913521" lon="-43.082463"><name>Radar 60 km/h</name><desc>Fonte: OSM</desc><type>FIXED</type></wpt>
<wpt lat="-22.913422" lon="-43.203813"><name>Radar 50 km/h</name><desc>Fonte: RIO</desc><type>FIXED</type></wpt>
<wpt lat="-22.912885" lon="-43.190594"><name>Radar 50 km/h</name><desc>Fonte: RIO</desc><type>FIXED</type></wpt>
<wpt lat="-22.912726" lon="-43.190529"><name>Radar 50 km/h</name><desc>Fonte: OSM</desc><type>FIXED</type></wpt>
<wpt lat="-22.912253" lon="-43.199112"><name>Radar 50 km/h</name><desc>Fonte: RIO</desc><type>FIXED</type></wpt>
<wpt lat="-22.912205" lon="-43.076271"><name>Radar 60 km/h</name><desc>Fonte: OSM</desc><type>FIXED</type></wpt>
<wpt lat="-22.912136" lon="-42.933401"><name>Radar 50 km/h</name><desc>Fonte: OSM</desc><type>FIXED</type></wpt>
<wpt lat="-22.911894" lon="-42.933680"><name>Radar 50 km/h</name><desc>Fonte: OSM</desc><type>FIXED</type></wpt>
<wpt lat="-22.911682" lon="-43.268192"><name>Radar 60 km/h</name><desc>Fonte: OSM</desc><type>FIXED</type></wpt>
<wpt lat="-22.911571" lon="-43.215790"><name>Radar 60 km/h</name><desc>Fonte: OSM</desc><type>FIXED</type></wpt>
<wpt lat="-22.911482" lon="-43.215663"><name>Radar 60 km/h</name><desc>Fonte: RIO</desc><type>FIXED</type></wpt>
<wpt lat="-22.911070" lon="-43.196032"><name>Radar 70 km/h</name><desc>Fonte: OSM</desc><type>FIXED</type></wpt>
<wpt lat="-22.910433" lon="-43.563246"><name>Avanço de sinal</name><desc>Fonte: RIO</desc><type>RED_LIGHT</type></wpt>
<wpt lat="-22.910237" lon="-43.061871"><name>Radar 60 km/h</name><desc>Fonte: OSM</desc><type>FIXED</type></wpt>
<wpt lat="-22.910218" lon="-43.231379"><name>Radar 60 km/h</name><desc>Fonte: OSM</desc><type>FIXED</type></wpt>
<wpt lat="-22.910206" lon="-43.183716"><name>Radar 50 km/h</name><desc>Fonte: RIO</desc><type>FIXED</type></wpt>
<wpt lat="-22.910171" lon="-43.061818"><name>Radar 60 km/h</name><desc>Fonte: OSM</desc><type>FIXED</type></wpt>
<wpt lat="-22.909559" lon="-43.378698"><name>Radar 50 km/h</name><desc>Fonte: RIO</desc><type>FIXED</type></wpt>
<wpt lat="-22.909454" lon="-43.189775"><name>Radar 50 km/h</name><desc>Fonte: RIO</desc><type>FIXED</type></wpt>
<wpt lat="-22.908555" lon="-43.270020"><name>Radar 60 km/h</name><desc>Fonte: OSM</desc><type>FIXED</type></wpt>
<wpt lat="-22.908552" lon="-43.101196"><name>Radar 60 km/h</name><desc>Fonte: OSM</desc><type>FIXED</type></wpt>
<wpt lat="-22.907654" lon="-43.229047"><name>Radar 60 km/h</name><desc>Fonte: OSM</desc><type>FIXED</type></wpt>
<wpt lat="-22.907633" lon="-42.823186"><name>Radar 60 km/h</name><desc>Fonte: OSM</desc><type>FIXED</type></wpt>
<wpt lat="-22.907562" lon="-43.567446"><name>Avanço de sinal</name><desc>Fonte: RIO</desc><type>RED_LIGHT</type></wpt>
<wpt lat="-22.907394" lon="-43.199590"><name>Radar 50 km/h</name><desc>Fonte: RIO</desc><type>FIXED</type></wpt>
<wpt lat="-22.907370" lon="-43.566803"><name>Avanço de sinal</name><desc>Fonte: RIO</desc><type>RED_LIGHT</type></wpt>
<wpt lat="-22.907189" lon="-43.276124"><name>Radar 50 km/h</name><desc>Fonte: RIO</desc><type>FIXED</type></wpt>
<wpt lat="-22.906709" lon="-43.209417"><name>Radar 70 km/h</name><desc>Fonte: OSM</desc><type>FIXED</type></wpt>
<wpt lat="-22.906688" lon="-43.209571"><name>Radar 80 km/h</name><desc>Fonte: OSM</desc><type>FIXED</type></wpt>
<wpt lat="-22.906383" lon="-43.193652"><name>Radar 50 km/h</name><desc>Fonte: RIO</desc><type>FIXED</type></wpt>
<wpt lat="-22.906351" lon="-43.684169"><name>Avanço de sinal</name><desc>Fonte: RIO</desc><type>RED_LIGHT</type></wpt>
<wpt lat="-22.906300" lon="-43.275173"><name>Radar 50 km/h</name><desc>Fonte: RIO</desc><type>FIXED</type></wpt>
<wpt lat="-22.906058" lon="-43.888453"><name>Radar 100 km/h</name><desc>Fonte: ANTT</desc><type>FIXED</type></wpt>
<wpt lat="-22.905962" lon="-43.305187"><name>Radar 100 km/h</name><desc>Fonte: OSM</desc><type>FIXED</type></wpt>
<wpt lat="-22.905760" lon="-43.191612"><name>Radar 60 km/h</name><desc>Fonte: RIO</desc><type>FIXED</type></wpt>
<wpt lat="-22.905719" lon="-42.970647"><name>Radar 60 km/h</name><desc>Fonte: OSM</desc><type>FIXED</type></wpt>
<wpt lat="-22.905538" lon="-42.970525"><name>Radar 60 km/h</name><desc>Fonte: OSM</desc><type>FIXED</type></wpt>
<wpt lat="-22.905380" lon="-43.277297"><name>Avanço de sinal</name><desc>Fonte: RIO</desc><type>RED_LIGHT</type></wpt>
<wpt lat="-22.905351" lon="-43.577797"><name>Radar 40 km/h</name><desc>Fonte: RIO</desc><type>FIXED</type></wpt>
<wpt lat="-22.905351" lon="-43.269499"><name>Radar 50 km/h</name><desc>Fonte: RIO</desc><type>FIXED</type></wpt>
<wpt lat="-22.905258" lon="-43.277234"><name>Radar 40 km/h</name><desc>Fonte: OSM</desc><type>FIXED</type></wpt>
<wpt lat="-22.905098" lon="-43.190166"><name>Radar 60 km/h</name><desc>Fonte: OSM</desc><type>FIXED</type></wpt>
<wpt lat="-22.905006" lon="-43.266262"><name>Radar 60 km/h</name><desc>Fonte: RIO</desc><type>FIXED</type></wpt>
<wpt lat="-22.904937" lon="-43.190225"><name>Radar 60 km/h</name><desc>Fonte: OSM</desc><type>FIXED</type></wpt>
<wpt lat="-22.904698" lon="-43.210409"><name>Radar 80 km/h</name><desc>Fonte: RIO</desc><type>FIXED</type></wpt>
<wpt lat="-22.904565" lon="-43.555149"><name>Radar 50 km/h</name><desc>Fonte: RIO</desc><type>FIXED</type></wpt>
<wpt lat="-22.904552" lon="-43.210281"><name>Radar 60 km/h</name><desc>Fonte: OSM</desc><type>FIXED</type></wpt>
<wpt lat="-22.904542" lon="-43.210128"><name>Radar 80 km/h</name><desc>Fonte: OSM</desc><type>FIXED</type></wpt>
<wpt lat="-22.904413" lon="-43.555052"><name>Radar 50 km/h</name><desc>Fonte: OSM</desc><type>FIXED</type></wpt>
<wpt lat="-22.904341" lon="-43.187335"><name>Radar 60 km/h</name><desc>Fonte: RIO</desc><type>FIXED</type></wpt>
<wpt lat="-22.904329" lon="-43.187785"><name>Radar 60 km/h</name><desc>Fonte: OSM</desc><type>FIXED</type></wpt>
<wpt lat="-22.904236" lon="-43.178201"><name>Radar 50 km/h</name><desc>Fonte: RIO</desc><type>FIXED</type></wpt>
<wpt lat="-22.904219" lon="-43.260582"><name>Radar 50 km/h</name><desc>Fonte: RIO</desc><type>FIXED</type></wpt>
<wpt lat="-22.904199" lon="-43.286957"><name>Avanço de sinal</name><desc>Fonte: RIO</desc><type>RED_LIGHT</type></wpt>
<wpt lat="-22.904199" lon="-43.286381"><name>Avanço de sinal</name><desc>Fonte: RIO</desc><type>RED_LIGHT</type></wpt>
<wpt lat="-22.903936" lon="-43.215650"><name>Avanço de sinal</name><desc>Fonte: RIO</desc><type>RED_LIGHT</type></wpt>
<wpt lat="-22.903920" lon="-43.273308"><name>Radar 60 km/h</name><desc>Fonte: OSM</desc><type>FIXED</type></wpt>
<wpt lat="-22.903885" lon="-43.273402"><name>Radar 60 km/h</name><desc>Fonte: RIO</desc><type>FIXED</type></wpt>
<wpt lat="-22.903624" lon="-43.296748"><name>Avanço de sinal</name><desc>Fonte: RIO</desc><type>RED_LIGHT</type></wpt>
<wpt lat="-22.903598" lon="-43.186059"><name>Radar 60 km/h</name><desc>Fonte: OSM</desc><type>FIXED</type></wpt>
<wpt lat="-22.903439" lon="-43.254364"><name>Radar 50 km/h</name><desc>Fonte: RIO</desc><type>FIXED</type></wpt>
<wpt lat="-22.903269" lon="-43.276728"><name>Radar 50 km/h</name><desc>Fonte: OSM</desc><type>FIXED</type></wpt>
<wpt lat="-22.903267" lon="-43.245858"><name>Radar 60 km/h</name><desc>Fonte: RIO</desc><type>FIXED</type></wpt>
<wpt lat="-22.902888" lon="-43.249365"><name>Radar 60 km/h</name><desc>Fonte: OSM</desc><type>FIXED</type></wpt>
<wpt lat="-22.902850" lon="-43.539724"><name>Radar 50 km/h</name><desc>Fonte: OSM</desc><type>FIXED</type></wpt>
<wpt lat="-22.902828" lon="-43.564105"><name>Radar 40 km/h</name><desc>Fonte: OSM</desc><type>FIXED</type></wpt>
<wpt lat="-22.902526" lon="-43.355409"><name>Avanço de sinal</name><desc>Fonte: RIO</desc><type>RED_LIGHT</type></wpt>
<wpt lat="-22.902519" lon="-43.539731"><name>Radar 50 km/h</name><desc>Fonte: OSM</desc><type>FIXED</type></wpt>
<wpt lat="-22.902438" lon="-43.265724"><name>Radar 50 km/h</name><desc>Fonte: OSM</desc><type>FIXED</type></wpt>
<wpt lat="-22.902306" lon="-43.182525"><name>Radar 60 km/h</name><desc>Fonte: OSM</desc><type>FIXED</type></wpt>
<wpt lat="-22.902267" lon="-43.178935"><name>Radar 40 km/h</name><desc>Fonte: RIO</desc><type>FIXED</type></wpt>
<wpt lat="-22.902210" lon="-43.539576"><name>Radar 50 km/h</name><desc>Fonte: RIO</desc><type>FIXED</type></wpt>
<wpt lat="-22.902183" lon="-43.245731"><name>Radar 50 km/h</name><desc>Fonte: RIO</desc><type>FIXED</type></wpt>
<wpt lat="-22.902117" lon="-43.175727"><name>Radar 60 km/h</name><desc>Fonte: RIO</desc><type>FIXED</type></wpt>
<wpt lat="-22.902090" lon="-43.182746"><name>Radar 50 km/h</name><desc>Fonte: RIO</desc><type>FIXED</type></wpt>
<wpt lat="-22.902058" lon="-43.255571"><name>Radar 50 km/h</name><desc>Fonte: RIO</desc><type>FIXED</type></wpt>
<wpt lat="-22.901925" lon="-43.246108"><name>Radar 50 km/h</name><desc>Fonte: OSM</desc><type>FIXED</type></wpt>
<wpt lat="-22.901894" lon="-43.355344"><name>Avanço de sinal</name><desc>Fonte: RIO</desc><type>RED_LIGHT</type></wpt>
<wpt lat="-22.901735" lon="-43.180754"><name>Radar 60 km/h</name><desc>Fonte: OSM</desc><type>FIXED</type></wpt>
<wpt lat="-22.901699" lon="-43.252555"><name>Radar 60 km/h</name><desc>Fonte: RIO</desc><type>FIXED</type></wpt>
<wpt lat="-22.901587" lon="-43.180866"><name>Radar 60 km/h</name><desc>Fonte: OSM</desc><type>FIXED</type></wpt>
<wpt lat="-22.901536" lon="-43.181041"><name>Radar 60 km/h</name><desc>Fonte: RIO</desc><type>FIXED</type></wpt>
<wpt lat="-22.901394" lon="-43.248736"><name>Radar 50 km/h</name><desc>Fonte: RIO</desc><type>FIXED</type></wpt>
<wpt lat="-22.901147" lon="-42.939562"><name>Radar 80 km/h</name><desc>Fonte: OSM</desc><type>FIXED</type></wpt>
<wpt lat="-22.900935" lon="-42.954150"><name>Radar 60 km/h</name><desc>Fonte: OSM</desc><type>FIXED</type></wpt>
<wpt lat="-22.900530" lon="-43.572261"><name>Avanço de sinal</name><desc>Fonte: RIO</desc><type>RED_LIGHT</type></wpt>
<wpt lat="-22.900475" lon="-43.382284"><name>Radar 60 km/h</name><desc>Fonte: RIO</desc><type>FIXED</type></wpt>
<wpt lat="-22.900047" lon="-43.573045"><name>Avanço de sinal</name><desc>Fonte: RIO</desc><type>RED_LIGHT</type></wpt>
<wpt lat="-22.899918" lon="-43.679518"><name>Avanço de sinal</name><desc>Fonte: RIO</desc><type>RED_LIGHT</type></wpt>
<wpt lat="-22.899814" lon="-43.383392"><name>Avanço de sinal</name><desc>Fonte: RIO</desc><type>RED_LIGHT</type></wpt>
<wpt lat="-22.899798" lon="-43.228710"><name>Radar 40 km/h</name><desc>Fonte: OSM</desc><type>FIXED</type></wpt>
<wpt lat="-22.899720" lon="-43.228392"><name>Radar 40 km/h</name><desc>Fonte: OSM</desc><type>FIXED</type></wpt>
<wpt lat="-22.899354" lon="-43.384722"><name>Radar 60 km/h</name><desc>Fonte: RIO</desc><type>FIXED</type></wpt>
<wpt lat="-22.898754" lon="-43.861492"><name>Radar 50 km/h</name><desc>Fonte: ANTT</desc><type>FIXED</type></wpt>
<wpt lat="-22.898670" lon="-43.209878"><name>Radar 50 km/h</name><desc>Fonte: OSM</desc><type>FIXED</type></wpt>
<wpt lat="-22.898532" lon="-43.295662"><name>Avanço de sinal</name><desc>Fonte: RIO</desc><type>RED_LIGHT</type></wpt>
<wpt lat="-22.898467" lon="-42.986462"><name>Radar 60 km/h</name><desc>Fonte: OSM</desc><type>FIXED</type></wpt>
<wpt lat="-22.898422" lon="-43.111829"><name>Radar 60 km/h</name><desc>Fonte: OSM</desc><type>FIXED</type></wpt>
<wpt lat="-22.898406" lon="-43.111682"><name>Radar 40 km/h</name><desc>Fonte: OSM</desc><type>FIXED</type></wpt>
<wpt lat="-22.898336" lon="-43.295809"><name>Avanço de sinal</name><desc>Fonte: RIO</desc><type>RED_LIGHT</type></wpt>
<wpt lat="-22.897768" lon="-43.301383"><name>Radar 50 km/h</name><desc>Fonte: RIO</desc><type>FIXED</type></wpt>
<wpt lat="-22.897768" lon="-43.217666"><name>Avanço de sinal</name><desc>Fonte: RIO</desc><type>RED_LIGHT</type></wpt>
<wpt lat="-22.897605" lon="-43.278852"><name>Avanço de sinal</name><desc>Fonte: RIO</desc><type>RED_LIGHT</type></wpt>
<wpt lat="-22.897439" lon="-43.549822"><name>Avanço de sinal</name><desc>Fonte: RIO</desc><type>RED_LIGHT</type></wpt>
<wpt lat="-22.897425" lon="-42.784678"><name>Radar 60 km/h</name><desc>Fonte: OSM</desc><type>FIXED</type></wpt>
<wpt lat="-22.897269" lon="-43.278802"><name>Avanço de sinal</name><desc>Fonte: RIO</desc><type>RED_LIGHT</type></wpt>
<wpt lat="-22.897067" lon="-43.182645"><name>Radar 80 km/h</name><desc>Fonte: OSM</desc><type>FIXED</type></wpt>
<wpt lat="-22.896649" lon="-43.184319"><name>Radar 80 km/h</name><desc>Fonte: OSM</desc><type>FIXED</type></wpt>
<wpt lat="-22.896313" lon="-43.580577"><name>Radar 50 km/h</name><desc>Fonte: RIO</desc><type>FIXED</type></wpt>
<wpt lat="-22.896051" lon="-43.549521"><name>Radar 60 km/h</name><desc>Fonte: OSM</desc><type>FIXED</type></wpt>
<wpt lat="-22.895867" lon="-43.578155"><name>Radar 50 km/h</name><desc>Fonte: RIO</desc><type>FIXED</type></wpt>
<wpt lat="-22.895726" lon="-43.578333"><name>Radar 40 km/h</name><desc>Fonte: OSM</desc><type>FIXED</type></wpt>
<wpt lat="-22.895566" lon="-43.578372"><name>Radar 40 km/h</name><desc>Fonte: OSM</desc><type>FIXED</type></wpt>
<wpt lat="-22.895487" lon="-43.350075"><name>Avanço de sinal</name><desc>Fonte: RIO</desc><type>RED_LIGHT</type></wpt>
<wpt lat="-22.895299" lon="-43.298920"><name>Avanço de sinal</name><desc>Fonte: RIO</desc><type>RED_LIGHT</type></wpt>
<wpt lat="-22.895158" lon="-43.354002"><name>Radar 40 km/h</name><desc>Fonte: RIO</desc><type>FIXED</type></wpt>
<wpt lat="-22.895092" lon="-43.354211"><name>Radar 40 km/h</name><desc>Fonte: OSM</desc><type>FIXED</type></wpt>
<wpt lat="-22.895058" lon="-43.298661"><name>Avanço de sinal</name><desc>Fonte: RIO</desc><type>RED_LIGHT</type></wpt>
<wpt lat="-22.894821" lon="-43.350024"><name>Avanço de sinal</name><desc>Fonte: RIO</desc><type>RED_LIGHT</type></wpt>
<wpt lat="-22.894449" lon="-43.287384"><name>Avanço de sinal</name><desc>Fonte: RIO</desc><type>RED_LIGHT</type></wpt>
<wpt lat="-22.894309" lon="-43.287313"><name>Radar 50 km/h</name><desc>Fonte: OSM</desc><type>FIXED</type></wpt>
<wpt lat="-22.894124" lon="-43.287036"><name>Avanço de sinal</name><desc>Fonte: RIO</desc><type>RED_LIGHT</type></wpt>
<wpt lat="-22.892686" lon="-43.348275"><name>Avanço de sinal</name><desc>Fonte: RIO</desc><type>RED_LIGHT</type></wpt>
<wpt lat="-22.892579" lon="-43.531901"><name>Radar 60 km/h</name><desc>Fonte: OSM</desc><type>FIXED</type></wpt>
<wpt lat="-22.892509" lon="-43.531883"><name>Radar 50 km/h</name><desc>Fonte: RIO</desc><type>FIXED</type></wpt>
<wpt lat="-22.892210" lon="-43.278102"><name>Avanço de sinal</name><desc>Fonte: RIO</desc><type>RED_LIGHT</type></wpt>
<wpt lat="-22.891935" lon="-43.035714"><name>Radar 40 km/h</name><desc>Fonte: OSM</desc><type>FIXED</type></wpt>
<wpt lat="-22.891811" lon="-43.348237"><name>Avanço de sinal</name><desc>Fonte: RIO</desc><type>RED_LIGHT</type></wpt>
<wpt lat="-22.891755" lon="-43.035739"><name>Radar 40 km/h</name><desc>Fonte: OSM</desc><type>FIXED</type></wpt>
<wpt lat="-22.891741" lon="-43.098594"><name>Radar 40 km/h</name><desc>Fonte: OSM</desc><type>FIXED</type></wpt>
<wpt lat="-22.891121" lon="-42.987610"><name>Radar 60 km/h</name><desc>Fonte: OSM</desc><type>FIXED</type></wpt>
<wpt lat="-22.890188" lon="-43.525161"><name>Avanço de sinal</name><desc>Fonte: RIO</desc><type>RED_LIGHT</type></wpt>
<wpt lat="-22.889895" lon="-42.462978"><name>Radar 50 km/h</name><desc>Fonte: OSM</desc><type>FIXED</type></wpt>
<wpt lat="-22.889242" lon="-43.567350"><name>Radar 50 km/h</name><desc>Fonte: OSM</desc><type>FIXED</type></wpt>
<wpt lat="-22.889102" lon="-42.049706"><name>Radar 50 km/h</name><desc>Fonte: OSM</desc><type>FIXED</type></wpt>
<wpt lat="-22.888730" lon="-43.658867"><name>Radar 90 km/h</name><desc>Fonte: OSM</desc><type>FIXED</type></wpt>
<wpt lat="-22.888437" lon="-42.050253"><name>Radar 50 km/h</name><desc>Fonte: OSM</desc><type>FIXED</type></wpt>
<wpt lat="-22.888350" lon="-43.659020"><name>Radar 90 km/h</name><desc>Fonte: OSM</desc><type>FIXED</type></wpt>
<wpt lat="-22.888262" lon="-43.314274"><name>Avanço de sinal</name><desc>Fonte: RIO</desc><type>RED_LIGHT</type></wpt>
<wpt lat="-22.887638" lon="-42.629799"><name>Radar 60 km/h</name><desc>Fonte: OSM</desc><type>FIXED</type></wpt>
<wpt lat="-22.887473" lon="-43.344993"><name>Avanço de sinal</name><desc>Fonte: RIO</desc><type>RED_LIGHT</type></wpt>
<wpt lat="-22.887386" lon="-43.344595"><name>Avanço de sinal</name><desc>Fonte: RIO</desc><type>RED_LIGHT</type></wpt>
<wpt lat="-22.887070" lon="-42.456022"><name>Radar 50 km/h</name><desc>Fonte: OSM</desc><type>FIXED</type></wpt>
<wpt lat="-22.887025" lon="-43.345025"><name>Avanço de sinal</name><desc>Fonte: RIO</desc><type>RED_LIGHT</type></wpt>
<wpt lat="-22.886452" lon="-43.394506"><name>Radar 60 km/h</name><desc>Fonte: OSM</desc><type>FIXED</type></wpt>
<wpt lat="-22.886387" lon="-43.217443"><name>Radar 60 km/h</name><desc>Fonte: OSM</desc><type>FIXED</type></wpt>
<wpt lat="-22.886349" lon="-43.217291"><name>Radar 60 km/h</name><desc>Fonte: OSM</desc><type>FIXED</type></wpt>
<wpt lat="-22.886347" lon="-43.217523"><name>Radar 60 km/h</name><desc>Fonte: OSM</desc><type>FIXED</type></wpt>
<wpt lat="-22.886285" lon="-43.394492"><name>Radar 60 km/h</name><desc>Fonte: OSM</desc><type>FIXED</type></wpt>
<wpt lat="-22.885973" lon="-43.712921"><name>Radar 100 km/h</name><desc>Fonte: OSM</desc><type>FIXED</type></wpt>
<wpt lat="-22.885859" lon="-43.712871"><name>Radar 100 km/h</name><desc>Fonte: OSM</desc><type>FIXED</type></wpt>
<wpt lat="-22.885453" lon="-42.388230"><name>Radar 50 km/h</name><desc>Fonte: OSM</desc><type>FIXED</type></wpt>
<wpt lat="-22.884907" lon="-43.552905"><name>Radar 50 km/h</name><desc>Fonte: RIO</desc><type>FIXED</type></wpt>
<wpt lat="-22.884860" lon="-42.389213"><name>Radar 50 km/h</name><desc>Fonte: OSM</desc><type>FIXED</type></wpt>
<wpt lat="-22.884749" lon="-43.579330"><name>Radar 40 km/h</name><desc>Fonte: RIO</desc><type>FIXED</type></wpt>
<wpt lat="-22.884707" lon="-43.550888"><name>Radar 50 km/h</name><desc>Fonte: RIO</desc><type>FIXED</type></wpt>
<wpt lat="-22.884682" lon="-43.579553"><name>Radar 50 km/h</name><desc>Fonte: OSM</desc><type>FIXED</type></wpt>
<wpt lat="-22.883919" lon="-42.050886"><name>Radar 50 km/h</name><desc>Fonte: OSM</desc><type>FIXED</type></wpt>
<wpt lat="-22.883833" lon="-43.372902"><name>Radar 60 km/h</name><desc>Fonte: OSM</desc><type>FIXED</type></wpt>
<wpt lat="-22.883774" lon="-42.367400"><name>Radar 50 km/h</name><desc>Fonte: OSM</desc><type>FIXED</type></wpt>
<wpt lat="-22.883714" lon="-43.549294"><name>Radar 50 km/h</name><desc>Fonte: OSM</desc><type>FIXED</type></wpt>
<wpt lat="-22.883446" lon="-42.051028"><name>Radar 50 km/h</name><desc>Fonte: OSM</desc><type>FIXED</type></wpt>
<wpt lat="-22.882572" lon="-43.338696"><name>Radar 60 km/h</name><desc>Fonte: OSM</desc><type>FIXED</type></wpt>
<wpt lat="-22.882425" lon="-43.522183"><name>Radar 50 km/h</name><desc>Fonte: OSM</desc><type>FIXED</type></wpt>
<wpt lat="-22.882262" lon="-43.522230"><name>Radar 50 km/h</name><desc>Fonte: OSM</desc><type>FIXED</type></wpt>
<wpt lat="-22.882053" lon="-43.521811"><name>Radar 50 km/h</name><desc>Fonte: RIO</desc><type>FIXED</type></wpt>
<wpt lat="-22.881819" lon="-43.635051"><name>Radar 90 km/h</name><desc>Fonte: OSM</desc><type>FIXED</type></wpt>
<wpt lat="-22.881632" lon="-42.352041"><name>Radar 50 km/h</name><desc>Fonte: OSM</desc><type>FIXED</type></wpt>
<wpt lat="-22.881503" lon="-43.498671"><name>Radar 60 km/h</name><desc>Fonte: OSM</desc><type>FIXED</type></wpt>
<wpt lat="-22.881415" lon="-43.294109"><name>Avanço de sinal</name><desc>Fonte: RIO</desc><type>RED_LIGHT</type></wpt>
<wpt lat="-22.881376" lon="-43.087282"><name>Radar 50 km/h</name><desc>Fonte: OSM</desc><type>FIXED</type></wpt>
<wpt lat="-22.881374" lon="-43.635162"><name>Radar 90 km/h</name><desc>Fonte: OSM</desc><type>FIXED</type></wpt>
<wpt lat="-22.881371" lon="-43.498729"><name>Radar 50 km/h</name><desc>Fonte: RIO</desc><type>FIXED</type></wpt>
<wpt lat="-22.881192" lon="-43.239056"><name>Radar 70 km/h</name><desc>Fonte: OSM</desc><type>FIXED</type></wpt>
<wpt lat="-22.881166" lon="-43.510887"><name>Avanço de sinal</name><desc>Fonte: RIO</desc><type>RED_LIGHT</type></wpt>
<wpt lat="-22.881162" lon="-43.257173"><name>Radar 60 km/h</name><desc>Fonte: OSM</desc><type>FIXED</type></wpt>
<wpt lat="-22.881135" lon="-43.238958"><name>Radar 90 km/h</name><desc>Fonte: OSM</desc><type>FIXED</type></wpt>
<wpt lat="-22.881131" lon="-43.500489"><name>Radar 60 km/h</name><desc>Fonte: OSM</desc><type>FIXED</type></wpt>
<wpt lat="-22.881043" lon="-43.238792"><name>Radar 90 km/h</name><desc>Fonte: OSM</desc><type>FIXED</type></wpt>
<wpt lat="-22.881036" lon="-43.238676"><name>Radar 70 km/h</name><desc>Fonte: OSM</desc><type>FIXED</type></wpt>
<wpt lat="-22.881006" lon="-43.257614"><name>Radar 60 km/h</name><desc>Fonte: OSM</desc><type>FIXED</type></wpt>
<wpt lat="-22.880981" lon="-43.257451"><name>Radar 60 km/h</name><desc>Fonte: RIO</desc><type>FIXED</type></wpt>
<wpt lat="-22.880910" lon="-43.323568"><name>Radar 40 km/h</name><desc>Fonte: OSM</desc><type>FIXED</type></wpt>
<wpt lat="-22.880755" lon="-43.331207"><name>Radar 60 km/h</name><desc>Fonte: OSM</desc><type>FIXED</type></wpt>
<wpt lat="-22.880682" lon="-43.331662"><name>Radar 60 km/h</name><desc>Fonte: RIO</desc><type>FIXED</type></wpt>
<wpt lat="-22.880402" lon="-43.473678"><name>Radar</name><desc>Fonte: OSM</desc><type>FIXED</type></wpt>
<wpt lat="-22.880331" lon="-43.473746"><name>Avanço de sinal</name><desc>Fonte: OSM</desc><type>RED_LIGHT</type></wpt>
<wpt lat="-22.880177" lon="-43.473854"><name>Avanço de sinal</name><desc>Fonte: RIO</desc><type>RED_LIGHT</type></wpt>
<wpt lat="-22.879918" lon="-42.379644"><name>Radar 50 km/h</name><desc>Fonte: OSM</desc><type>FIXED</type></wpt>
<wpt lat="-22.879719" lon="-43.469008"><name>Avanço de sinal</name><desc>Fonte: RIO</desc><type>RED_LIGHT</type></wpt>
<wpt lat="-22.879651" lon="-43.113585"><name>Radar 60 km/h</name><desc>Fonte: OSM</desc><type>FIXED</type></wpt>
<wpt lat="-22.879602" lon="-43.505863"><name>Radar 50 km/h</name><desc>Fonte: RIO</desc><type>FIXED</type></wpt>
<wpt lat="-22.879548" lon="-43.455699"><name>Radar 50 km/h</name><desc>Fonte: OSM</desc><type>FIXED</type></wpt>
<wpt lat="-22.879535" lon="-43.505558"><name>Radar 50 km/h</name><desc>Fonte: RIO</desc><type>FIXED</type></wpt>
<wpt lat="-22.879385" lon="-43.332330"><name>Radar 60 km/h</name><desc>Fonte: RIO</desc><type>FIXED</type></wpt>
<wpt lat="-22.879348" lon="-43.455698"><name>Radar 50 km/h</name><desc>Fonte: RIO</desc><type>FIXED</type></wpt>
<wpt lat="-22.879347" lon="-43.621664"><name>Radar 90 km/h</name><desc>Fonte: ANTT · sentido 79° (leste)</desc><type>FIXED</type></wpt>
<wpt lat="-22.879334" lon="-43.505334"><name>Radar 60 km/h</name><desc>Fonte: OSM</desc><type>FIXED</type></wpt>
<wpt lat="-22.879106" lon="-43.113204"><name>Radar 60 km/h</name><desc>Fonte: OSM</desc><type>FIXED</type></wpt>
<wpt lat="-22.877999" lon="-43.818911"><name>Radar 100 km/h</name><desc>Fonte: ANTT · sentido 61° (nordeste)</desc><type>FIXED</type></wpt>
<wpt lat="-22.877466" lon="-43.446799"><name>Radar 50 km/h</name><desc>Fonte: OSM</desc><type>FIXED</type></wpt>
<wpt lat="-22.877312" lon="-43.446804"><name>Radar 50 km/h</name><desc>Fonte: RIO</desc><type>FIXED</type></wpt>
<wpt lat="-22.877187" lon="-43.473013"><name>Radar 60 km/h</name><desc>Fonte: OSM</desc><type>FIXED</type></wpt>
<wpt lat="-22.876797" lon="-42.429661"><name>Radar 50 km/h</name><desc>Fonte: OSM</desc><type>FIXED</type></wpt>
<wpt lat="-22.876412" lon="-43.055070"><name>Radar 60 km/h</name><desc>Fonte: OSM</desc><type>FIXED</type></wpt>
<wpt lat="-22.876339" lon="-43.429696"><name>Radar 50 km/h</name><desc>Fonte: OSM</desc><type>FIXED</type></wpt>
<wpt lat="-22.876301" lon="-43.455508"><name>Radar 50 km/h</name><desc>Fonte: RIO</desc><type>FIXED</type></wpt>
<wpt lat="-22.876228" lon="-43.208641"><name>Radar 80 km/h</name><desc>Fonte: OSM</desc><type>FIXED</type></wpt>
<wpt lat="-22.876172" lon="-43.208744"><name>Radar 80 km/h</name><desc>Fonte: ANTT</desc><type>FIXED</type></wpt>
<wpt lat="-22.876148" lon="-43.208743"><name>Radar 80 km/h</name><desc>Fonte: OSM</desc><type>FIXED</type></wpt>
<wpt lat="-22.876112" lon="-42.208732"><name>Radar 80 km/h</name><desc>Fonte: ANTT</desc><type>FIXED</type></wpt>
<wpt lat="-22.875841" lon="-43.232271"><name>Radar 90 km/h</name><desc>Fonte: OSM</desc><type>FIXED</type></wpt>
<wpt lat="-22.875823" lon="-43.232418"><name>Radar 90 km/h</name><desc>Fonte: OSM</desc><type>FIXED</type></wpt>
<wpt lat="-22.875369" lon="-43.454959"><name>Radar 50 km/h</name><desc>Fonte: OSM</desc><type>FIXED</type></wpt>
<wpt lat="-22.875325" lon="-43.611996"><name>Radar 90 km/h</name><desc>Fonte: OSM</desc><type>FIXED</type></wpt>
<wpt lat="-22.874893" lon="-43.610351"><name>Radar 90 km/h</name><desc>Fonte: OSM</desc><type>FIXED</type></wpt>
<wpt lat="-22.874774" lon="-43.610946"><name>Radar 90 km/h</name><desc>Fonte: ANTT · sentido 243° (sudoeste)</desc><type>FIXED</type></wpt>
<wpt lat="-22.874111" lon="-43.553376"><name>Radar 50 km/h</name><desc>Fonte: OSM</desc><type>FIXED</type></wpt>
<wpt lat="-22.874012" lon="-43.553146"><name>Radar 50 km/h</name><desc>Fonte: RIO</desc><type>FIXED</type></wpt>
<wpt lat="-22.873659" lon="-43.314189"><name>Radar 40 km/h</name><desc>Fonte: OSM</desc><type>FIXED</type></wpt>
<wpt lat="-22.873413" lon="-42.495548"><name>Radar 50 km/h</name><desc>Fonte: OSM</desc><type>FIXED</type></wpt>
<wpt lat="-22.872630" lon="-43.553763"><name>Radar 50 km/h</name><desc>Fonte: RIO</desc><type>FIXED</type></wpt>
<wpt lat="-22.872376" lon="-43.553520"><name>Radar 50 km/h</name><desc>Fonte: OSM</desc><type>FIXED</type></wpt>
<wpt lat="-22.872227" lon="-43.252022"><name>Radar 100 km/h</name><desc>Fonte: OSM</desc><type>FIXED</type></wpt>
<wpt lat="-22.872121" lon="-43.252171"><name>Radar 100 km/h</name><desc>Fonte: OSM</desc><type>FIXED</type></wpt>
<wpt lat="-22.871725" lon="-43.744113"><name>Radar 100 km/h</name><desc>Fonte: OSM</desc><type>FIXED</type></wpt>
<wpt lat="-22.871631" lon="-43.415137"><name>Radar 50 km/h</name><desc>Fonte: OSM</desc><type>FIXED</type></wpt>
<wpt lat="-22.871496" lon="-43.414951"><name>Radar 50 km/h</name><desc>Fonte: OSM</desc><type>FIXED</type></wpt>
<wpt lat="-22.871135" lon="-42.024813"><name>Radar</name><desc>Fonte: OSM</desc><type>FIXED</type></wpt>
<wpt lat="-22.870631" lon="-42.267297"><name>Radar 50 km/h</name><desc>Fonte: OSM</desc><type>FIXED</type></wpt>
<wpt lat="-22.869590" lon="-43.554666"><name>Avanço de sinal</name><desc>Fonte: RIO</desc><type>RED_LIGHT</type></wpt>
<wpt lat="-22.869082" lon="-43.416970"><name>Radar 40 km/h</name><desc>Fonte: RIO</desc><type>FIXED</type></wpt>
<wpt lat="-22.868847" lon="-43.419843"><name>Avanço de sinal</name><desc>Fonte: RIO</desc><type>RED_LIGHT</type></wpt>
<wpt lat="-22.868465" lon="-42.283582"><name>Radar 50 km/h</name><desc>Fonte: OSM</desc><type>FIXED</type></wpt>
<wpt lat="-22.868379" lon="-43.350611"><name>Radar 50 km/h</name><desc>Fonte: RIO</desc><type>FIXED</type></wpt>
<wpt lat="-22.867841" lon="-43.406413"><name>Radar 50 km/h</name><desc>Fonte: OSM</desc><type>FIXED</type></wpt>
<wpt lat="-22.866646" lon="-43.109509"><name>Radar 80 km/h</name><desc>Fonte: OSM</desc><type>FIXED</type></wpt>
<wpt lat="-22.866152" lon="-42.305032"><name>Radar 50 km/h</name><desc>Fonte: OSM</desc><type>FIXED</type></wpt>
<wpt lat="-22.865784" lon="-43.426757"><name>Radar 50 km/h</name><desc>Fonte: OSM</desc><type>FIXED</type></wpt>
<wpt lat="-22.865717" lon="-42.312303"><name>Radar 50 km/h</name><desc>Fonte: OSM</desc><type>FIXED</type></wpt>
<wpt lat="-22.865618" lon="-42.607367"><name>Radar 50 km/h</name><desc>Fonte: OSM</desc><type>FIXED</type></wpt>
<wpt lat="-22.865551" lon="-43.530300"><name>Radar 50 km/h</name><desc>Fonte: RIO</desc><type>FIXED</type></wpt>
<wpt lat="-22.865496" lon="-43.574493"><name>Radar 90 km/h</name><desc>Fonte: OSM</desc><type>FIXED</type></wpt>
<wpt lat="-22.865355" lon="-43.574528"><name>Radar 90 km/h</name><desc>Fonte: OSM</desc><type>FIXED</type></wpt>
<wpt lat="-22.865284" lon="-43.293852"><name>Avanço de sinal</name><desc>Fonte: RIO</desc><type>RED_LIGHT</type></wpt>
<wpt lat="-22.864890" lon="-43.034920"><name>Radar 60 km/h</name><desc>Fonte: OSM</desc><type>FIXED</type></wpt>
<wpt lat="-22.864851" lon="-43.293570"><name>Avanço de sinal</name><desc>Fonte: RIO</desc><type>RED_LIGHT</type></wpt>
<wpt lat="-22.864532" lon="-43.364056"><name>Radar 50 km/h</name><desc>Fonte: RIO</desc><type>FIXED</type></wpt>
<wpt lat="-22.864425" lon="-43.363854"><name>Radar 60 km/h</name><desc>Fonte: OSM</desc><type>FIXED</type></wpt>
<wpt lat="-22.863125" lon="-43.403514"><name>Radar 50 km/h</name><desc>Fonte: OSM</desc><type>FIXED</type></wpt>
<wpt lat="-22.863050" lon="-42.507428"><name>Radar 50 km/h</name><desc>Fonte: OSM</desc><type>FIXED</type></wpt>
<wpt lat="-22.862463" lon="-43.543605"><name>Radar 60 km/h</name><desc>Fonte: RIO</desc><type>FIXED</type></wpt>
<wpt lat="-22.862461" lon="-43.795039"><name>Radar 100 km/h</name><desc>Fonte: ANTT · sentido 233° (sudoeste)</desc><type>FIXED</type></wpt>
<wpt lat="-22.862146" lon="-42.256843"><name>Radar 50 km/h</name><desc>Fonte: OSM</desc><type>FIXED</type></wpt>
<wpt lat="-22.861867" lon="-43.410881"><name>Radar 90 km/h</name><desc>Fonte: OSM</desc><type>FIXED</type></wpt>
<wpt lat="-22.861727" lon="-43.410958"><name>Radar 90 km/h</name><desc>Fonte: OSM</desc><type>FIXED</type></wpt>
<wpt lat="-22.861483" lon="-43.400159"><name>Radar 50 km/h</name><desc>Fonte: OSM</desc><type>FIXED</type></wpt>
<wpt lat="-22.861023" lon="-43.533488"><name>Radar 90 km/h</name><desc>Fonte: OSM</desc><type>FIXED</type></wpt>
<wpt lat="-22.860663" lon="-43.792391"><name>Radar 100 km/h</name><desc>Fonte: OSM</desc><type>FIXED</type></wpt>
<wpt lat="-22.860653" lon="-43.792195"><name>Radar 100 km/h</name><desc>Fonte: OSM</desc><type>FIXED</type></wpt>
<wpt lat="-22.860473" lon="-43.521244"><name>Radar 90 km/h</name><desc>Fonte: OSM</desc><type>FIXED</type></wpt>
<wpt lat="-22.860315" lon="-43.521238"><name>Radar 90 km/h</name><desc>Fonte: OSM</desc><type>FIXED</type></wpt>
<wpt lat="-22.860283" lon="-42.255477"><name>Radar 50 km/h</name><desc>Fonte: OSM</desc><type>FIXED</type></wpt>
<wpt lat="-22.860038" lon="-43.227843"><name>Radar 50 km/h</name><desc>Fonte: OSM</desc><type>FIXED</type></wpt>
<wpt lat="-22.859934" lon="-43.227690"><name>Radar 50 km/h</name><desc>Fonte: OSM</desc><type>FIXED</type></wpt>
<wpt lat="-22.859296" lon="-43.464997"><name>Radar 50 km/h</name><desc>Fonte: RIO</desc><type>FIXED</type></wpt>
<wpt lat="-22.858779" lon="-43.010716"><name>Radar 50 km/h</name><desc>Fonte: OSM</desc><type>FIXED</type></wpt>
<wpt lat="-22.858652" lon="-43.501875"><name>Radar 90 km/h</name><desc>Fonte: OSM</desc><type>FIXED</type></wpt>
<wpt lat="-22.858612" lon="-42.326400"><name>Radar 40 km/h</name><desc>Fonte: OSM</desc><type>FIXED</type></wpt>
<wpt lat="-22.858507" lon="-43.501938"><name>Radar 90 km/h</name><desc>Fonte: OSM</desc><type>FIXED</type></wpt>
<wpt lat="-22.858476" lon="-43.011228"><name>Radar 50 km/h</name><desc>Fonte: OSM</desc><type>FIXED</type></wpt>
<wpt lat="-22.858460" lon="-42.593871"><name>Radar 50 km/h</name><desc>Fonte: OSM</desc><type>FIXED</type></wpt>
<wpt lat="-22.858425" lon="-43.463664"><name>Radar 50 km/h</name><desc>Fonte: OSM</desc><type>FIXED</type></wpt>
<wpt lat="-22.857958" lon="-42.050473"><name>Radar 60 km/h</name><desc>Fonte: OSM</desc><type>FIXED</type></wpt>
<wpt lat="-22.857691" lon="-42.327881"><name>Radar 40 km/h</name><desc>Fonte: OSM</desc><type>FIXED</type></wpt>
<wpt lat="-22.856477" lon="-43.370491"><name>Radar 50 km/h</name><desc>Fonte: OSM</desc><type>FIXED</type></wpt>
<wpt lat="-22.856410" lon="-43.370650"><name>Radar 50 km/h</name><desc>Fonte: RIO</desc><type>FIXED</type></wpt>
<wpt lat="-22.856396" lon="-43.019992"><name>Radar 50 km/h</name><desc>Fonte: OSM</desc><type>FIXED</type></wpt>
<wpt lat="-22.856051" lon="-42.233709"><name>Radar 50 km/h</name><desc>Fonte: OSM</desc><type>FIXED</type></wpt>
<wpt lat="-22.855918" lon="-42.056400"><name>Radar 60 km/h</name><desc>Fonte: OSM</desc><type>FIXED</type></wpt>
<wpt lat="-22.855893" lon="-42.056549"><name>Radar 60 km/h</name><desc>Fonte: OSM</desc><type>FIXED</type></wpt>
<wpt lat="-22.855733" lon="-42.052160"><name>Radar 60 km/h</name><desc>Fonte: OSM</desc><type>FIXED</type></wpt>
<wpt lat="-22.855575" lon="-42.233106"><name>Radar 50 km/h</name><desc>Fonte: OSM</desc><type>FIXED</type></wpt>
<wpt lat="-22.855456" lon="-43.482536"><name>Radar 90 km/h</name><desc>Fonte: OSM</desc><type>FIXED</type></wpt>
<wpt lat="-22.855269" lon="-43.482508"><name>Radar 90 km/h</name><desc>Fonte: OSM</desc><type>FIXED</type></wpt>
<wpt lat="-22.854568" lon="-42.333236"><name>Radar 50 km/h</name><desc>Fonte: OSM</desc><type>FIXED</type></wpt>
<wpt lat="-22.854065" lon="-42.551091"><name>Radar 60 km/h</name><desc>Fonte: OSM</desc><type>FIXED</type></wpt>
<wpt lat="-22.853506" lon="-43.602006"><name>Radar 40 km/h</name><desc>Fonte: OSM</desc><type>FIXED</type></wpt>
<wpt lat="-22.853409" lon="-43.601948"><name>Radar 30 km/h</name><desc>Fonte: ANTT</desc><type>FIXED</type></wpt>
<wpt lat="-22.852755" lon="-42.061958"><name>Radar 50 km/h</name><desc>Fonte: OSM</desc><type>FIXED</type></wpt>
<wpt lat="-22.852246" lon="-43.233240"><name>Radar 50 km/h</name><desc>Fonte: OSM</desc><type>FIXED</type></wpt>
<wpt lat="-22.852051" lon="-43.233651"><name>Radar 50 km/h</name><desc>Fonte: OSM</desc><type>FIXED</type></wpt>
<wpt lat="-22.851911" lon="-42.062501"><name>Radar 50 km/h</name><desc>Fonte: OSM</desc><type>FIXED</type></wpt>
<wpt lat="-22.849396" lon="-42.338605"><name>Radar 50 km/h</name><desc>Fonte: OSM</desc><type>FIXED</type></wpt>
<wpt lat="-22.848928" lon="-43.395641"><name>Radar 60 km/h</name><desc>Fonte: OSM</desc><type>FIXED</type></wpt>
<wpt lat="-22.848843" lon="-43.395887"><name>Radar 50 km/h</name><desc>Fonte: RIO</desc><type>FIXED</type></wpt>
<wpt lat="-22.848724" lon="-43.395865"><name>Radar 60 km/h</name><desc>Fonte: OSM</desc><type>FIXED</type></wpt>
<wpt lat="-22.848709" lon="-42.173177"><name>Radar 50 km/h</name><desc>Fonte: OSM</desc><type>FIXED</type></wpt>
<wpt lat="-22.848449" lon="-43.382226"><name>Radar 70 km/h</name><desc>Fonte: OSM</desc><type>FIXED</type></wpt>
<wpt lat="-22.848431" lon="-42.172164"><name>Radar 50 km/h</name><desc>Fonte: OSM</desc><type>FIXED</type></wpt>
<wpt lat="-22.848368" lon="-43.382322"><name>Radar 90 km/h</name><desc>Fonte: OSM</desc><type>FIXED</type></wpt>
<wpt lat="-22.848218" lon="-43.382442"><name>Radar 90 km/h</name><desc>Fonte: OSM</desc><type>FIXED</type></wpt>
<wpt lat="-22.848141" lon="-43.382518"><name>Radar 70 km/h</name><desc>Fonte: OSM</desc><type>FIXED</type></wpt>
<wpt lat="-22.846921" lon="-43.260131"><name>Radar 40 km/h</name><desc>Fonte: OSM</desc><type>FIXED</type></wpt>
<wpt lat="-22.846071" lon="-43.605859"><name>Radar 50 km/h</name><desc>Fonte: ANTT</desc><type>FIXED</type></wpt>
<wpt lat="-22.846014" lon="-43.378595"><name>Radar 90 km/h</name><desc>Fonte: OSM</desc><type>FIXED</type></wpt>
<wpt lat="-22.845970" lon="-43.378839"><name>Radar 90 km/h</name><desc>Fonte: OSM</desc><type>FIXED</type></wpt>
<wpt lat="-22.844665" lon="-43.607150"><name>Radar 60 km/h</name><desc>Fonte: OSM</desc><type>FIXED</type></wpt>
<wpt lat="-22.844387" lon="-43.269158"><name>Avanço de sinal</name><desc>Fonte: RIO</desc><type>RED_LIGHT</type></wpt>
<wpt lat="-22.844326" lon="-43.607372"><name>Radar 60 km/h</name><desc>Fonte: OSM</desc><type>FIXED</type></wpt>
<wpt lat="-22.844195" lon="-42.202382"><name>Radar 50 km/h</name><desc>Fonte: OSM</desc><type>FIXED</type></wpt>
<wpt lat="-22.842839" lon="-43.239284"><name>Radar 90 km/h</name><desc>Fonte: OSM</desc><type>FIXED</type></wpt>
<wpt lat="-22.842714" lon="-42.225787"><name>Radar 50 km/h</name><desc>Fonte: OSM</desc><type>FIXED</type></wpt>
<wpt lat="-22.842551" lon="-43.015447"><name>Radar 60 km/h</name><desc>Fonte: OSM</desc><type>FIXED</type></wpt>
<wpt lat="-22.842359" lon="-43.323357"><name>Avanço de sinal</name><desc>Fonte: RIO</desc><type>RED_LIGHT</type></wpt>
<wpt lat="-22.842323" lon="-43.270313"><name>Radar 50 km/h</name><desc>Fonte: RIO</desc><type>FIXED</type></wpt>
<wpt lat="-22.842316" lon="-42.070916"><name>Radar 50 km/h</name><desc>Fonte: OSM</desc><type>FIXED</type></wpt>
<wpt lat="-22.842148" lon="-43.323314"><name>Avanço de sinal</name><desc>Fonte: RIO</desc><type>RED_LIGHT</type></wpt>
<wpt lat="-22.842089" lon="-43.275458"><name>Avanço de sinal</name><desc>Fonte: RIO</desc><type>RED_LIGHT</type></wpt>
<wpt lat="-22.841781" lon="-42.071656"><name>Radar 50 km/h</name><desc>Fonte: OSM</desc><type>FIXED</type></wpt>
<wpt lat="-22.841764" lon="-43.264331"><name>Radar 50 km/h</name><desc>Fonte: OSM</desc><type>FIXED</type></wpt>
<wpt lat="-22.841734" lon="-43.323836"><name>Avanço de sinal</name><desc>Fonte: RIO</desc><type>RED_LIGHT</type></wpt>
<wpt lat="-22.839990" lon="-42.144837"><name>Radar 60 km/h</name><desc>Fonte: OSM</desc><type>FIXED</type></wpt>
<wpt lat="-22.839759" lon="-43.011725"><name>Radar 60 km/h</name><desc>Fonte: OSM</desc><type>FIXED</type></wpt>
<wpt lat="-22.839677" lon="-42.351267"><name>Radar 50 km/h</name><desc>Fonte: OSM</desc><type>FIXED</type></wpt>
<wpt lat="-22.837725" lon="-43.300072"><name>Radar 50 km/h</name><desc>Fonte: RIO</desc><type>FIXED</type></wpt>
<wpt lat="-22.837402" lon="-43.296295"><name>Radar 50 km/h</name><desc>Fonte: RIO</desc><type>FIXED</type></wpt>
<wpt lat="-22.836924" lon="-42.136914"><name>Radar 50 km/h</name><desc>Fonte: OSM</desc><type>FIXED</type></wpt>
<wpt lat="-22.836594" lon="-42.136405"><name>Radar 50 km/h</name><desc>Fonte: OSM</desc><type>FIXED</type></wpt>
<wpt lat="-22.836408" lon="-43.325343"><name>Radar 50 km/h</name><desc>Fonte: RIO</desc><type>FIXED</type></wpt>
<wpt lat="-22.835356" lon="-43.395809"><name>Radar 50 km/h</name><desc>Fonte: OSM</desc><type>FIXED</type></wpt>
<wpt lat="-22.835314" lon="-43.396037"><name>Radar 50 km/h</name><desc>Fonte: RIO</desc><type>FIXED</type></wpt>
<wpt lat="-22.835054" lon="-43.326726"><name>Radar 50 km/h</name><desc>Fonte: RIO</desc><type>FIXED</type></wpt>
<wpt lat="-22.834881" lon="-42.102727"><name>Radar 50 km/h</name><desc>Fonte: OSM</desc><type>FIXED</type></wpt>
<wpt lat="-22.834201" lon="-42.104046"><name>Radar 50 km/h</name><desc>Fonte: OSM</desc><type>FIXED</type></wpt>
<wpt lat="-22.834164" lon="-42.104280"><name>Radar 50 km/h</name><desc>Fonte: OSM</desc><type>FIXED</type></wpt>
<wpt lat="-22.834113" lon="-42.358520"><name>Radar 50 km/h</name><desc>Fonte: OSM</desc><type>FIXED</type></wpt>
<wpt lat="-22.833598" lon="-42.103092"><name>Radar 50 km/h</name><desc>Fonte: OSM</desc><type>FIXED</type></wpt>
<wpt lat="-22.833407" lon="-42.097895"><name>Radar 50 km/h</name><desc>Fonte: OSM</desc><type>FIXED</type></wpt>
<wpt lat="-22.833346" lon="-42.097940"><name>Radar 50 km/h</name><desc>Fonte: OSM</desc><type>FIXED</type></wpt>
<wpt lat="-22.831517" lon="-42.093185"><name>Radar 50 km/h</name><desc>Fonte: OSM</desc><type>FIXED</type></wpt>
<wpt lat="-22.831279" lon="-42.092929"><name>Radar 50 km/h</name><desc>Fonte: OSM</desc><type>FIXED</type></wpt>
<wpt lat="-22.830783" lon="-43.093638"><name>Radar 100 km/h</name><desc>Fonte: ANTT · sentido 202° (sul)</desc><type>FIXED</type></wpt>
<wpt lat="-22.830018" lon="-43.093123"><name>Radar 100 km/h</name><desc>Fonte: OSM</desc><type>FIXED</type></wpt>
<wpt lat="-22.829708" lon="-43.248056"><name>Radar 90 km/h</name><desc>Fonte: OSM</desc><type>FIXED</type></wpt>
<wpt lat="-22.829636" lon="-43.247974"><name>Radar 90 km/h</name><desc>Fonte: OSM</desc><type>FIXED</type></wpt>
<wpt lat="-22.829624" lon="-42.109435"><name>Radar 60 km/h</name><desc>Fonte: OSM</desc><type>FIXED</type></wpt>
<wpt lat="-22.829429" lon="-42.109898"><name>Radar 60 km/h</name><desc>Fonte: OSM</desc><type>FIXED</type></wpt>
<wpt lat="-22.827701" lon="-43.321927"><name>Radar 60 km/h</name><desc>Fonte: RIO</desc><type>FIXED</type></wpt>
<wpt lat="-22.825711" lon="-43.336322"><name>Radar 90 km/h</name><desc>Fonte: OSM</desc><type>FIXED</type></wpt>
<wpt lat="-22.825683" lon="-43.336245"><name>Radar 90 km/h</name><desc>Fonte: OSM</desc><type>FIXED</type></wpt>
<wpt lat="-22.825503" lon="-43.336213"><name>Radar 90 km/h</name><desc>Fonte: OSM</desc><type>FIXED</type></wpt>
<wpt lat="-22.825166" lon="-43.325599"><name>Radar 40 km/h</name><desc>Fonte: OSM</desc><type>FIXED</type></wpt>
<wpt lat="-22.824967" lon="-43.325600"><name>Radar 40 km/h</name><desc>Fonte: OSM</desc><type>FIXED</type></wpt>
<wpt lat="-22.824897" lon="-43.325255"><name>Radar 40 km/h</name><desc>Fonte: RIO</desc><type>FIXED</type></wpt>
<wpt lat="-22.823460" lon="-43.175510"><name>Avanço de sinal</name><desc>Fonte: RIO</desc><type>RED_LIGHT</type></wpt>
<wpt lat="-22.821674" lon="-43.228829"><name>Radar 60 km/h</name><desc>Fonte: OSM</desc><type>FIXED</type></wpt>
<wpt lat="-22.821660" lon="-43.281473"><name>Radar 90 km/h</name><desc>Fonte: OSM</desc><type>FIXED</type></wpt>
<wpt lat="-22.821483" lon="-43.281349"><name>Radar 90 km/h</name><desc>Fonte: OSM</desc><type>FIXED</type></wpt>
<wpt lat="-22.821195" lon="-42.258188"><name>Radar 100 km/h</name><desc>Fonte: OSM</desc><type>FIXED</type></wpt>
<wpt lat="-22.819997" lon="-43.227063"><name>Radar 60 km/h</name><desc>Fonte: OSM</desc><type>FIXED</type></wpt>
<wpt lat="-22.817695" lon="-43.079165"><name>Radar 100 km/h</name><desc>Fonte: ANTT · sentido 226° (sudoeste)</desc><type>FIXED</type></wpt>
<wpt lat="-22.817651" lon="-43.079002"><name>Radar 100 km/h</name><desc>Fonte: OSM</desc><type>FIXED</type></wpt>
<wpt lat="-22.817477" lon="-43.227596"><name>Avanço de sinal</name><desc>Fonte: RIO</desc><type>RED_LIGHT</type></wpt>
<wpt lat="-22.814013" lon="-43.206504"><name>Radar 40 km/h</name><desc>Fonte: RIO</desc><type>FIXED</type></wpt>
<wpt lat="-22.813981" lon="-43.206618"><name>Radar 40 km/h</name><desc>Fonte: OSM</desc><type>FIXED</type></wpt>
<wpt lat="-22.813834" lon="-43.206694"><name>Radar 40 km/h</name><desc>Fonte: OSM</desc><type>FIXED</type></wpt>
<wpt lat="-22.812152" lon="-43.218465"><name>Radar 80 km/h</name><desc>Fonte: OSM</desc><type>FIXED</type></wpt>
<wpt lat="-22.812041" lon="-43.218575"><name>Radar 80 km/h</name><desc>Fonte: OSM</desc><type>FIXED</type></wpt>
<wpt lat="-22.809961" lon="-43.227185"><name>Radar 50 km/h</name><desc>Fonte: OSM</desc><type>FIXED</type></wpt>
<wpt lat="-22.809907" lon="-43.068761"><name>Radar 100 km/h</name><desc>Fonte: ANTT · sentido 58° (nordeste)</desc><type>FIXED</type></wpt>
<wpt lat="-22.809403" lon="-43.208516"><name>Radar 50 km/h</name><desc>Fonte: OSM</desc><type>FIXED</type></wpt>
<wpt lat="-22.808924" lon="-42.991283"><name>Radar 50 km/h</name><desc>Fonte: OSM</desc><type>FIXED</type></wpt>
<wpt lat="-22.808509" lon="-42.990677"><name>Radar 50 km/h</name><desc>Fonte: OSM</desc><type>FIXED</type></wpt>
<wpt lat="-22.808147" lon="-43.339271"><name>Radar 100 km/h</name><desc>Fonte: OSM</desc><type>FIXED</type></wpt>
<wpt lat="-22.808143" lon="-43.339485"><name>Radar 100 km/h</name><desc>Fonte: ANTT · sentido 121° (sudeste)</desc><type>FIXED</type></wpt>
<wpt lat="-22.808121" lon="-43.339158"><name>Radar 100 km/h</name><desc>Fonte: OSM</desc><type>FIXED</type></wpt>
<wpt lat="-22.805142" lon="-43.638598"><name>Radar 60 km/h</name><desc>Fonte: OSM</desc><type>FIXED</type></wpt>
<wpt lat="-22.805126" lon="-43.638619"><name>Radar 60 km/h</name><desc>Fonte: OSM</desc><type>FIXED</type></wpt>
<wpt lat="-22.805121" lon="-43.638536"><name>Radar 50 km/h</name><desc>Fonte: ANTT</desc><type>FIXED</type></wpt>
<wpt lat="-22.804683" lon="-42.966542"><name>Radar 50 km/h</name><desc>Fonte: OSM</desc><type>FIXED</type></wpt>
<wpt lat="-22.803710" lon="-42.965226"><name>Radar 60 km/h</name><desc>Fonte: OSM</desc><type>FIXED</type></wpt>
<wpt lat="-22.803001" lon="-43.343759"><name>Radar 50 km/h</name><desc>Fonte: OSM</desc><type>FIXED</type></wpt>
<wpt lat="-22.802815" lon="-42.294343"><name>Radar 50 km/h</name><desc>Fonte: OSM</desc><type>FIXED</type></wpt>
<wpt lat="-22.802809" lon="-43.341271"><name>Radar 90 km/h</name><desc>Fonte: OSM</desc><type>FIXED</type></wpt>
<wpt lat="-22.802681" lon="-43.341287"><name>Radar 90 km/h</name><desc>Fonte: OSM</desc><type>FIXED</type></wpt>
<wpt lat="-22.799844" lon="-43.318074"><name>Radar 90 km/h</name><desc>Fonte: OSM</desc><type>FIXED</type></wpt>
<wpt lat="-22.799589" lon="-43.316179"><name>Radar 90 km/h</name><desc>Fonte: OSM</desc><type>FIXED</type></wpt>
<wpt lat="-22.798036" lon="-43.357169"><name>Radar 90 km/h</name><desc>Fonte: OSM</desc><type>FIXED</type></wpt>
<wpt lat="-22.797708" lon="-43.358346"><name>Radar 100 km/h</name><desc>Fonte: ANTT · sentido 122° (sudeste)</desc><type>FIXED</type></wpt>
<wpt lat="-22.797306" lon="-43.646414"><name>Radar 50 km/h</name><desc>Fonte: OSM</desc><type>FIXED</type></wpt>
<wpt lat="-22.797242" lon="-43.193360"><name>Radar 40 km/h</name><desc>Fonte: RIO</desc><type>FIXED</type></wpt>
<wpt lat="-22.797175" lon="-43.193685"><name>Radar 40 km/h</name><desc>Fonte: OSM</desc><type>FIXED</type></wpt>
<wpt lat="-22.796905" lon="-43.646724"><name>Radar 50 km/h</name><desc>Fonte: OSM</desc><type>FIXED</type></wpt>
<wpt lat="-22.796876" lon="-43.646654"><name>Radar 50 km/h</name><desc>Fonte: ANTT</desc><type>FIXED</type></wpt>
<wpt lat="-22.794451" lon="-43.172548"><name>Radar 40 km/h</name><desc>Fonte: OSM</desc><type>FIXED</type></wpt>
<wpt lat="-22.794320" lon="-43.172735"><name>Radar 40 km/h</name><desc>Fonte: RIO</desc><type>FIXED</type></wpt>
<wpt lat="-22.794000" lon="-42.091334"><name>Radar 50 km/h</name><desc>Fonte: OSM</desc><type>FIXED</type></wpt>
<wpt lat="-22.792586" lon="-43.424478"><name>Radar 60 km/h</name><desc>Fonte: OSM</desc><type>FIXED</type></wpt>
<wpt lat="-22.787166" lon="-43.414137"><name>Radar 90 km/h</name><desc>Fonte: OSM</desc><type>FIXED</type></wpt>
<wpt lat="-22.785390" lon="-43.415909"><name>Radar 90 km/h</name><desc>Fonte: OSM</desc><type>FIXED</type></wpt>
<wpt lat="-22.783824" lon="-43.427867"><name>Radar 50 km/h</name><desc>Fonte: OSM</desc><type>FIXED</type></wpt>
<wpt lat="-22.783062" lon="-42.281346"><name>Radar 50 km/h</name><desc>Fonte: OSM</desc><type>FIXED</type></wpt>
<wpt lat="-22.781978" lon="-42.086311"><name>Radar 50 km/h</name><desc>Fonte: OSM</desc><type>FIXED</type></wpt>
<wpt lat="-22.780396" lon="-43.420440"><name>Radar 90 km/h</name><desc>Fonte: OSM</desc><type>FIXED</type></wpt>
<wpt lat="-22.780322" lon="-43.420351"><name>Radar 90 km/h</name><desc>Fonte: OSM</desc><type>FIXED</type></wpt>
<wpt lat="-22.777844" lon="-43.662371"><name>Radar 50 km/h</name><desc>Fonte: ANTT</desc><type>FIXED</type></wpt>
<wpt lat="-22.775686" lon="-43.424558"><name>Radar 90 km/h</name><desc>Fonte: OSM</desc><type>FIXED</type></wpt>
<wpt lat="-22.775177" lon="-43.431730"><name>Radar 60 km/h</name><desc>Fonte: OSM</desc><type>FIXED</type></wpt>
<wpt lat="-22.774948" lon="-43.432004"><name>Radar 60 km/h</name><desc>Fonte: OSM</desc><type>FIXED</type></wpt>
<wpt lat="-22.773943" lon="-43.426281"><name>Radar 90 km/h</name><desc>Fonte: OSM</desc><type>FIXED</type></wpt>
<wpt lat="-22.773583" lon="-43.667195"><name>Radar 50 km/h</name><desc>Fonte: ANTT</desc><type>FIXED</type></wpt>
<wpt lat="-22.773501" lon="-42.935803"><name>Radar 100 km/h</name><desc>Fonte: OSM</desc><type>FIXED</type></wpt>
<wpt lat="-22.773498" lon="-42.935548"><name>Radar 100 km/h</name><desc>Fonte: ANTT · sentido 66° (nordeste)</desc><type>FIXED</type></wpt>
<wpt lat="-22.772149" lon="-42.933291"><name>Radar 100 km/h</name><desc>Fonte: ANTT · sentido 245° (sudoeste)</desc><type>FIXED</type></wpt>
<wpt lat="-22.772097" lon="-42.932941"><name>Radar 100 km/h</name><desc>Fonte: OSM</desc><type>FIXED</type></wpt>
<wpt lat="-22.771045" lon="-42.081741"><name>Radar 60 km/h</name><desc>Fonte: OSM</desc><type>FIXED</type></wpt>
<wpt lat="-22.770981" lon="-42.081715"><name>Radar 60 km/h</name><desc>Fonte: OSM</desc><type>FIXED</type></wpt>
<wpt lat="-22.770820" lon="-41.930548"><name>Radar 50 km/h</name><desc>Fonte: OSM</desc><type>FIXED</type></wpt>
<wpt lat="-22.769459" lon="-43.408850"><name>Radar 100 km/h</name><desc>Fonte: OSM</desc><type>FIXED</type></wpt>
<wpt lat="-22.768119" lon="-43.677056"><name>Radar 50 km/h</name><desc>Fonte: OSM</desc><type>FIXED</type></wpt>
<wpt lat="-22.767590" lon="-41.899863"><name>Radar 40 km/h</name><desc>Fonte: OSM</desc><type>FIXED</type></wpt>
<wpt lat="-22.766772" lon="-41.899285"><name>Radar 40 km/h</name><desc>Fonte: OSM</desc><type>FIXED</type></wpt>
<wpt lat="-22.766679" lon="-43.679424"><name>Radar 50 km/h</name><desc>Fonte: ANTT</desc><type>FIXED</type></wpt>
<wpt lat="-22.766453" lon="-43.413368"><name>Radar 100 km/h</name><desc>Fonte: OSM</desc><type>FIXED</type></wpt>
<wpt lat="-22.765991" lon="-43.414247"><name>Radar 100 km/h</name><desc>Fonte: ANTT · sentido 119° (sudeste)</desc><type>FIXED</type></wpt>
<wpt lat="-22.765898" lon="-43.414142"><name>Radar 100 km/h</name><desc>Fonte: OSM</desc><type>FIXED</type></wpt>
<wpt lat="-22.765832" lon="-43.414113"><name>Radar 100 km/h</name><desc>Fonte: ANTT · sentido 299° (noroeste)</desc><type>FIXED</type></wpt>
<wpt lat="-22.765710" lon="-41.899234"><name>Radar 40 km/h</name><desc>Fonte: OSM</desc><type>FIXED</type></wpt>
<wpt lat="-22.764302" lon="-42.870416"><name>Radar 100 km/h</name><desc>Fonte: OSM</desc><type>FIXED</type></wpt>
<wpt lat="-22.764188" lon="-42.870481"><name>Radar 80 km/h</name><desc>Fonte: OSM</desc><type>FIXED</type></wpt>
<wpt lat="-22.762505" lon="-43.485912"><name>Radar 50 km/h</name><desc>Fonte: OSM</desc><type>FIXED</type></wpt>
<wpt lat="-22.762017" lon="-43.685441"><name>Radar 30 km/h</name><desc>Fonte: ANTT · sentido 319° (noroeste)</desc><type>FIXED</type></wpt>
<wpt lat="-22.760608" lon="-43.687013"><name>Radar 40 km/h</name><desc>Fonte: OSM</desc><type>FIXED</type></wpt>
<wpt lat="-22.760311" lon="-43.687341"><name>Radar 40 km/h</name><desc>Fonte: ANTT · sentido 139° (sudeste)</desc><type>FIXED</type></wpt>
<wpt lat="-22.760174" lon="-43.472367"><name>Radar 50 km/h</name><desc>Fonte: OSM</desc><type>FIXED</type></wpt>
<wpt lat="-22.757918" lon="-43.429886"><name>Radar 90 km/h</name><desc>Fonte: OSM</desc><type>FIXED</type></wpt>
<wpt lat="-22.757881" lon="-41.886379"><name>Radar 40 km/h</name><desc>Fonte: OSM</desc><type>FIXED</type></wpt>
<wpt lat="-22.757812" lon="-43.429800"><name>Radar 100 km/h</name><desc>Fonte: OSM</desc><type>FIXED</type></wpt>
<wpt lat="-22.757787" lon="-41.886443"><name>Radar 40 km/h</name><desc>Fonte: OSM</desc><type>FIXED</type></wpt>
<wpt lat="-22.757356" lon="-43.430584"><name>Radar 100 km/h</name><desc>Fonte: ANTT · sentido 127° (sudeste)</desc><type>FIXED</type></wpt>
<wpt lat="-22.755723" lon="-42.888018"><name>Radar 60 km/h</name><desc>Fonte: OSM</desc><type>FIXED</type></wpt>
<wpt lat="-22.755539" lon="-42.888149"><name>Radar 60 km/h</name><desc>Fonte: ANTT · sentido 299° (noroeste)</desc><type>FIXED</type></wpt>
<wpt lat="-22.755290" lon="-42.890659"><name>Radar 60 km/h</name><desc>Fonte: OSM</desc><type>FIXED</type></wpt>
<wpt lat="-22.755202" lon="-42.890633"><name>Radar 60 km/h</name><desc>Fonte: ANTT · sentido 56° (nordeste)</desc><type>FIXED</type></wpt>
<wpt lat="-22.745900" lon="-43.447000"><name>Radar 100 km/h</name><desc>Fonte: ANTT · sentido 127° (sudeste)</desc><type>FIXED</type></wpt>
<wpt lat="-22.744154" lon="-43.507851"><name>Radar 110 km/h</name><desc>Fonte: OSM</desc><type>FIXED</type></wpt>
<wpt lat="-22.744024" lon="-43.507698"><name>Radar 100 km/h</name><desc>Fonte: OSM</desc><type>FIXED</type></wpt>
<wpt lat="-22.741983" lon="-42.053965"><name>Radar 60 km/h</name><desc>Fonte: OSM</desc><type>FIXED</type></wpt>
<wpt lat="-22.741809" lon="-43.704686"><name>Radar 40 km/h</name><desc>Fonte: ANTT</desc><type>FIXED</type></wpt>
<wpt lat="-22.740738" lon="-43.455803"><name>Radar 100 km/h</name><desc>Fonte: OSM</desc><type>FIXED</type></wpt>
<wpt lat="-22.740653" lon="-43.455777"><name>Radar 100 km/h</name><desc>Fonte: OSM</desc><type>FIXED</type></wpt>
<wpt lat="-22.740634" lon="-43.414113"><name>Radar 100 km/h</name><desc>Fonte: ANTT</desc><type>FIXED</type></wpt>
<wpt lat="-22.739200" lon="-42.806994"><name>Radar 60 km/h</name><desc>Fonte: OSM</desc><type>FIXED</type></wpt>
<wpt lat="-22.738883" lon="-43.471171"><name>Radar 100 km/h</name><desc>Fonte: ANTT · sentido 275° (oeste)</desc><type>FIXED</type></wpt>
<wpt lat="-22.738801" lon="-42.806988"><name>Radar 60 km/h</name><desc>Fonte: ANTT · sentido 359° (norte)</desc><type>FIXED</type></wpt>
<wpt lat="-22.735698" lon="-42.801862"><name>Radar 60 km/h</name><desc>Fonte: ANTT · sentido 291° (oeste)</desc><type>FIXED</type></wpt>
<wpt lat="-22.735691" lon="-42.802116"><name>Radar 60 km/h</name><desc>Fonte: OSM</desc><type>FIXED</type></wpt>
<wpt lat="-22.732833" lon="-43.557257"><name>Radar 110 km/h</name><desc>Fonte: OSM</desc><type>FIXED</type></wpt>
<wpt lat="-22.731833" lon="-43.619722"><name>Radar 100 km/h</name><desc>Fonte: ANTT · sentido 96° (leste)</desc><type>FIXED</type></wpt>
<wpt lat="-22.731805" lon="-43.618701"><name>Radar 110 km/h</name><desc>Fonte: OSM</desc><type>FIXED</type></wpt>
<wpt lat="-22.729916" lon="-43.565289"><name>Radar 110 km/h</name><desc>Fonte: OSM</desc><type>FIXED</type></wpt>
<wpt lat="-22.729388" lon="-42.701264"><name>Radar 100 km/h</name><desc>Fonte: OSM</desc><type>FIXED</type></wpt>
<wpt lat="-22.727666" lon="-42.258744"><name>Radar 50 km/h</name><desc>Fonte: OSM</desc><type>FIXED</type></wpt>
<wpt lat="-22.724916" lon="-42.031730"><name>Radar 60 km/h</name><desc>Fonte: OSM</desc><type>FIXED</type></wpt>
<wpt lat="-22.724236" lon="-42.615656"><name>Radar 60 km/h</name><desc>Fonte: OSM</desc><type>FIXED</type></wpt>
<wpt lat="-22.723161" lon="-43.670636"><name>Radar 110 km/h</name><desc>Fonte: OSM</desc><type>FIXED</type></wpt>
<wpt lat="-22.722176" lon="-42.615945"><name>Radar 60 km/h</name><desc>Fonte: OSM</desc><type>FIXED</type></wpt>
<wpt lat="-22.718699" lon="-43.699338"><name>Radar 110 km/h</name><desc>Fonte: OSM</desc><type>FIXED</type></wpt>
<wpt lat="-22.711028" lon="-43.735737"><name>Radar 110 km/h</name><desc>Fonte: OSM</desc><type>FIXED</type></wpt>
<wpt lat="-22.702122" lon="-43.748559"><name>Radar 110 km/h</name><desc>Fonte: OSM</desc><type>FIXED</type></wpt>
<wpt lat="-22.699549" lon="-43.289912"><name>Radar 110 km/h</name><desc>Fonte: OSM</desc><type>FIXED</type></wpt>
<wpt lat="-22.699175" lon="-42.792692"><name>Radar 50 km/h</name><desc>Fonte: OSM</desc><type>FIXED</type></wpt>
<wpt lat="-22.698893" lon="-43.289427"><name>Radar 110 km/h</name><desc>Fonte: OSM</desc><type>FIXED</type></wpt>
<wpt lat="-22.698333" lon="-43.692697"><name>Radar 110 km/h</name><desc>Fonte: OSM</desc><type>FIXED</type></wpt>
<wpt lat="-22.694173" lon="-43.780654"><name>Radar 110 km/h</name><desc>Fonte: OSM</desc><type>FIXED</type></wpt>
<wpt lat="-22.689490" lon="-43.803067"><name>Radar 80 km/h</name><desc>Fonte: OSM</desc><type>FIXED</type></wpt>
<wpt lat="-22.688967" lon="-43.793895"><name>Radar 80 km/h</name><desc>Fonte: OSM</desc><type>FIXED</type></wpt>
<wpt lat="-22.688233" lon="-43.806836"><name>Radar 80 km/h</name><desc>Fonte: OSM</desc><type>FIXED</type></wpt>
<wpt lat="-22.688129" lon="-42.008226"><name>Radar 50 km/h</name><desc>Fonte: OSM</desc><type>FIXED</type></wpt>
<wpt lat="-22.685968" lon="-43.675788"><name>Radar 110 km/h</name><desc>Fonte: OSM</desc><type>FIXED</type></wpt>
<wpt lat="-22.682957" lon="-42.778992"><name>Radar</name><desc>Fonte: OSM</desc><type>FIXED</type></wpt>
<wpt lat="-22.682870" lon="-43.827086"><name>Radar 40 km/h</name><desc>Fonte: OSM</desc><type>FIXED</type></wpt>
<wpt lat="-22.682601" lon="-43.827541"><name>Radar 40 km/h</name><desc>Fonte: ANTT</desc><type>FIXED</type></wpt>
<wpt lat="-22.682104" lon="-43.468543"><name>Radar 110 km/h</name><desc>Fonte: OSM</desc><type>FIXED</type></wpt>
<wpt lat="-22.680336" lon="-43.835830"><name>Radar 40 km/h</name><desc>Fonte: OSM</desc><type>FIXED</type></wpt>
<wpt lat="-22.680299" lon="-43.836068"><name>Radar 40 km/h</name><desc>Fonte: ANTT</desc><type>FIXED</type></wpt>
<wpt lat="-22.679667" lon="-43.838867"><name>Radar 40 km/h</name><desc>Fonte: ANTT</desc><type>FIXED</type></wpt>
<wpt lat="-22.679628" lon="-43.838867"><name>Radar 40 km/h</name><desc>Fonte: OSM</desc><type>FIXED</type></wpt>
<wpt lat="-22.677361" lon="-43.818694"><name>Radar 40 km/h</name><desc>Fonte: OSM</desc><type>FIXED</type></wpt>
<wpt lat="-22.677153" lon="-43.834296"><name>Radar 40 km/h</name><desc>Fonte: OSM</desc><type>FIXED</type></wpt>
<wpt lat="-22.675507" lon="-43.657614"><name>Radar 110 km/h</name><desc>Fonte: OSM</desc><type>FIXED</type></wpt>
<wpt lat="-22.674972" lon="-42.379956"><name>Radar 50 km/h</name><desc>Fonte: OSM</desc><type>FIXED</type></wpt>
<wpt lat="-22.674726" lon="-42.380239"><name>Radar 50 km/h</name><desc>Fonte: OSM</desc><type>FIXED</type></wpt>
<wpt lat="-22.673124" lon="-43.817725"><name>Radar 80 km/h</name><desc>Fonte: OSM</desc><type>FIXED</type></wpt>
<wpt lat="-22.672071" lon="-43.835297"><name>Radar 40 km/h</name><desc>Fonte: OSM</desc><type>FIXED</type></wpt>
<wpt lat="-22.670299" lon="-43.298627"><name>Radar 110 km/h</name><desc>Fonte: OSM</desc><type>FIXED</type></wpt>
<wpt lat="-22.669471" lon="-43.817342"><name>Radar 80 km/h</name><desc>Fonte: OSM</desc><type>FIXED</type></wpt>
<wpt lat="-22.669336" lon="-43.836553"><name>Radar 40 km/h</name><desc>Fonte: OSM</desc><type>FIXED</type></wpt>
<wpt lat="-22.668536" lon="-42.006172"><name>Radar 50 km/h</name><desc>Fonte: OSM</desc><type>FIXED</type></wpt>
<wpt lat="-22.668428" lon="-43.827754"><name>Radar 40 km/h</name><desc>Fonte: OSM</desc><type>FIXED</type></wpt>
<wpt lat="-22.668398" lon="-43.827811"><name>Radar 40 km/h</name><desc>Fonte: ANTT</desc><type>FIXED</type></wpt>
<wpt lat="-22.666514" lon="-43.862145"><name>Radar 80 km/h</name><desc>Fonte: OSM</desc><type>FIXED</type></wpt>
<wpt lat="-22.666460" lon="-43.850154"><name>Radar 80 km/h</name><desc>Fonte: OSM</desc><type>FIXED</type></wpt>
<wpt lat="-22.666391" lon="-43.846654"><name>Radar 80 km/h</name><desc>Fonte: OSM</desc><type>FIXED</type></wpt>
<wpt lat="-22.665930" lon="-43.839260"><name>Radar 40 km/h</name><desc>Fonte: OSM</desc><type>FIXED</type></wpt>
<wpt lat="-22.665871" lon="-43.839376"><name>Radar 40 km/h</name><desc>Fonte: ANTT · sentido 5° (norte)</desc><type>FIXED</type></wpt>
<wpt lat="-22.665791" lon="-43.847777"><name>Radar 80 km/h</name><desc>Fonte: OSM</desc><type>FIXED</type></wpt>
<wpt lat="-22.665734" lon="-43.847786"><name>Radar 80 km/h</name><desc>Fonte: ANTT · sentido 302° (noroeste)</desc><type>FIXED</type></wpt>
<wpt lat="-22.665215" lon="-43.029890"><name>Radar 30 km/h</name><desc>Fonte: OSM</desc><type>FIXED</type></wpt>
<wpt lat="-22.665192" lon="-43.029944"><name>Radar 30 km/h</name><desc>Fonte: OSM</desc><type>FIXED</type></wpt>
<wpt lat="-22.665040" lon="-43.030290"><name>Radar 30 km/h</name><desc>Fonte: ANTT</desc><type>FIXED</type></wpt>
<wpt lat="-22.664938" lon="-43.875984"><name>Radar 100 km/h</name><desc>Fonte: OSM</desc><type>FIXED</type></wpt>
<wpt lat="-22.664109" lon="-43.366215"><name>Radar 110 km/h</name><desc>Fonte: OSM</desc><type>FIXED</type></wpt>
<wpt lat="-22.663672" lon="-42.995125"><name>Radar 60 km/h</name><desc>Fonte: OSM</desc><type>FIXED</type></wpt>
<wpt lat="-22.663580" lon="-42.995461"><name>Radar 60 km/h</name><desc>Fonte: OSM</desc><type>FIXED</type></wpt>
<wpt lat="-22.660336" lon="-43.620775"><name>Radar 110 km/h</name><desc>Fonte: OSM</desc><type>FIXED</type></wpt>
<wpt lat="-22.660144" lon="-43.047367"><name>Radar 60 km/h</name><desc>Fonte: OSM</desc><type>FIXED</type></wpt>
<wpt lat="-22.659042" lon="-43.602789"><name>Radar 110 km/h</name><desc>Fonte: OSM</desc><type>FIXED</type></wpt>
<wpt lat="-22.658316" lon="-43.838258"><name>Radar 80 km/h</name><desc>Fonte: OSM</desc><type>FIXED</type></wpt>
<wpt lat="-22.656807" lon="-43.120142"><name>Radar 80 km/h</name><desc>Fonte: OSM</desc><type>FIXED</type></wpt>
<wpt lat="-22.652904" lon="-43.832361"><name>Radar 80 km/h</name><desc>Fonte: OSM</desc><type>FIXED</type></wpt>
<wpt lat="-22.652689" lon="-43.832079"><name>Radar 80 km/h</name><desc>Fonte: ANTT · sentido 233° (sudoeste)</desc><type>FIXED</type></wpt>
<wpt lat="-22.650058" lon="-43.233864"><name>Radar 80 km/h</name><desc>Fonte: OSM</desc><type>FIXED</type></wpt>
<wpt lat="-22.649506" lon="-42.004077"><name>Radar 50 km/h</name><desc>Fonte: OSM</desc><type>FIXED</type></wpt>
<wpt lat="-22.646284" lon="-43.283598"><name>Radar 90 km/h</name><desc>Fonte: OSM</desc><type>FIXED</type></wpt>
<wpt lat="-22.646195" lon="-43.283664"><name>Radar 90 km/h</name><desc>Fonte: ANTT · sentido 0° (norte)</desc><type>FIXED</type></wpt>
<wpt lat="-22.633154" lon="-42.002125"><name>Radar</name><desc>Fonte: OSM</desc><type>FIXED</type></wpt>
<wpt lat="-22.630104" lon="-43.910386"><name>Radar 100 km/h</name><desc>Fonte: ANTT · sentido 131° (sudeste)</desc><type>FIXED</type></wpt>
<wpt lat="-22.629056" lon="-43.908115"><name>Radar 50 km/h</name><desc>Fonte: OSM</desc><type>FIXED</type></wpt>
<wpt lat="-22.624426" lon="-43.889853"><name>Radar 50 km/h</name><desc>Fonte: OSM</desc><type>FIXED</type></wpt>
<wpt lat="-22.616045" lon="-43.931920"><name>Radar 80 km/h</name><desc>Fonte: OSM</desc><type>FIXED</type></wpt>
<wpt lat="-22.599412" lon="-43.942766"><name>Radar 100 km/h</name><desc>Fonte: OSM</desc><type>FIXED</type></wpt>
<wpt lat="-22.591379" lon="-42.726463"><name>Radar 50 km/h</name><desc>Fonte: OSM</desc><type>FIXED</type></wpt>
<wpt lat="-22.587342" lon="-43.957635"><name>Radar 100 km/h</name><desc>Fonte: OSM</desc><type>FIXED</type></wpt>
<wpt lat="-22.586012" lon="-44.055985"><name>Radar 110 km/h</name><desc>Fonte: OSM</desc><type>FIXED</type></wpt>
<wpt lat="-22.585945" lon="-44.055646"><name>Radar 110 km/h</name><desc>Fonte: ANTT · sentido 67° (nordeste)</desc><type>FIXED</type></wpt>
<wpt lat="-22.583707" lon="-43.261083"><name>Radar 50 km/h</name><desc>Fonte: ANTT</desc><type>FIXED</type></wpt>
<wpt lat="-22.583588" lon="-43.261055"><name>Radar 50 km/h</name><desc>Fonte: OSM</desc><type>FIXED</type></wpt>
<wpt lat="-22.582992" lon="-43.262401"><name>Radar 50 km/h</name><desc>Fonte: ANTT</desc><type>FIXED</type></wpt>
<wpt lat="-22.581073" lon="-41.988763"><name>Radar 50 km/h</name><desc>Fonte: OSM</desc><type>FIXED</type></wpt>
<wpt lat="-22.571373" lon="-41.985063"><name>Radar 50 km/h</name><desc>Fonte: OSM</desc><type>FIXED</type></wpt>
<wpt lat="-22.565767" lon="-42.688664"><name>Radar 50 km/h</name><desc>Fonte: OSM</desc><type>FIXED</type></wpt>
<wpt lat="-22.563596" lon="-44.122209"><name>Radar 100 km/h</name><desc>Fonte: ANTT · sentido 9° (norte)</desc><type>FIXED</type></wpt>
<wpt lat="-22.563429" lon="-44.122089"><name>Radar 100 km/h</name><desc>Fonte: OSM</desc><type>FIXED</type></wpt>
<wpt lat="-22.562623" lon="-44.170732"><name>Radar 80 km/h</name><desc>Fonte: OSM</desc><type>FIXED</type></wpt>
<wpt lat="-22.562402" lon="-44.168171"><name>Radar 100 km/h</name><desc>Fonte: OSM</desc><type>FIXED</type></wpt>
<wpt lat="-22.562395" lon="-44.170901"><name>Radar 80 km/h</name><desc>Fonte: ANTT · sentido 131° (sudeste)</desc><type>FIXED</type></wpt>
<wpt lat="-22.561618" lon="-43.269065"><name>Radar 70 km/h</name><desc>Fonte: OSM</desc><type>FIXED</type></wpt>
<wpt lat="-22.559674" lon="-42.688209"><name>Radar 50 km/h</name><desc>Fonte: OSM</desc><type>FIXED</type></wpt>
<wpt lat="-22.555794" lon="-43.236394"><name>Radar 70 km/h</name><desc>Fonte: OSM</desc><type>FIXED</type></wpt>
<wpt lat="-22.542540" lon="-43.573916"><name>Radar 50 km/h</name><desc>Fonte: OSM</desc><type>FIXED</type></wpt>
<wpt lat="-22.542330" lon="-43.233479"><name>Radar 70 km/h</name><desc>Fonte: OSM</desc><type>FIXED</type></wpt>
<wpt lat="-22.542299" lon="-43.233504"><name>Radar 70 km/h</name><desc>Fonte: ANTT · sentido 213° (sudoeste)</desc><type>FIXED</type></wpt>
<wpt lat="-22.534070" lon="-43.567362"><name>Radar 50 km/h</name><desc>Fonte: OSM</desc><type>FIXED</type></wpt>
<wpt lat="-22.533501" lon="-42.993693"><name>Radar 50 km/h</name><desc>Fonte: OSM</desc><type>FIXED</type></wpt>
<wpt lat="-22.533422" lon="-42.993942"><name>Radar 50 km/h</name><desc>Fonte: ANTT · sentido 133° (sudeste)</desc><type>FIXED</type></wpt>
<wpt lat="-22.531329" lon="-41.971926"><name>Radar 50 km/h</name><desc>Fonte: OSM</desc><type>FIXED</type></wpt>
<wpt lat="-22.531215" lon="-44.137846"><name>Radar 60 km/h</name><desc>Fonte: OSM</desc><type>FIXED</type></wpt>
<wpt lat="-22.526102" lon="-43.557136"><name>Radar 50 km/h</name><desc>Fonte: OSM</desc><type>FIXED</type></wpt>
<wpt lat="-22.521737" lon="-43.235255"><name>Radar 70 km/h</name><desc>Fonte: ANTT · sentido 286° (oeste)</desc><type>FIXED</type></wpt>
<wpt lat="-22.521676" lon="-43.235256"><name>Radar 70 km/h</name><desc>Fonte: OSM</desc><type>FIXED</type></wpt>
<wpt lat="-22.519988" lon="-43.228025"><name>Radar 70 km/h</name><desc>Fonte: ANTT · sentido 51° (nordeste)</desc><type>FIXED</type></wpt>
<wpt lat="-22.519891" lon="-43.228079"><name>Radar 70 km/h</name><desc>Fonte: OSM</desc><type>FIXED</type></wpt>
<wpt lat="-22.510117" lon="-44.082923"><name>Radar 60 km/h</name><desc>Fonte: OSM</desc><type>FIXED</type></wpt>
<wpt lat="-22.510064" lon="-44.082976"><name>Radar 60 km/h</name><desc>Fonte: OSM</desc><type>FIXED</type></wpt>
<wpt lat="-22.509266" lon="-43.523589"><name>Radar 40 km/h</name><desc>Fonte: OSM</desc><type>FIXED</type></wpt>
<wpt lat="-22.507379" lon="-41.926881"><name>Radar 50 km/h</name><desc>Fonte: OSM</desc><type>FIXED</type></wpt>
<wpt lat="-22.502015" lon="-44.669070"><name>Radar 110 km/h</name><desc>Fonte: OSM</desc><type>FIXED</type></wpt>
<wpt lat="-22.501349" lon="-44.667637"><name>Radar 110 km/h</name><desc>Fonte: ANTT · sentido 62° (nordeste)</desc><type>FIXED</type></wpt>
<wpt lat="-22.498434" lon="-43.229236"><name>Radar 70 km/h</name><desc>Fonte: OSM</desc><type>FIXED</type></wpt>
<wpt lat="-22.498044" lon="-43.228858"><name>Radar 70 km/h</name><desc>Fonte: ANTT · sentido 221° (sudoeste)</desc><type>FIXED</type></wpt>
<wpt lat="-22.497577" lon="-41.919947"><name>Radar 50 km/h</name><desc>Fonte: OSM</desc><type>FIXED</type></wpt>
<wpt lat="-22.497182" lon="-44.642786"><name>Radar 110 km/h</name><desc>Fonte: ANTT · sentido 297° (noroeste)</desc><type>FIXED</type></wpt>
<wpt lat="-22.495770" lon="-44.238844"><name>Radar 100 km/h</name><desc>Fonte: OSM</desc><type>FIXED</type></wpt>
<wpt lat="-22.489974" lon="-43.815635"><name>Radar 50 km/h</name><desc>Fonte: OSM</desc><type>FIXED</type></wpt>
<wpt lat="-22.488673" lon="-41.912774"><name>Radar 50 km/h</name><desc>Fonte: OSM</desc><type>FIXED</type></wpt>
<wpt lat="-22.487049" lon="-42.663478"><name>Radar 60 km/h</name><desc>Fonte: OSM</desc><type>FIXED</type></wpt>
<wpt lat="-22.483340" lon="-42.996450"><name>Radar 40 km/h</name><desc>Fonte: ANTT · sentido 290° (oeste)</desc><type>FIXED</type></wpt>
<wpt lat="-22.482301" lon="-42.996883"><name>Radar 40 km/h</name><desc>Fonte: OSM</desc><type>FIXED</type></wpt>
<wpt lat="-22.480926" lon="-42.996295"><name>Radar 40 km/h</name><desc>Fonte: ANTT · sentido 192° (sul)</desc><type>FIXED</type></wpt>
<wpt lat="-22.479247" lon="-43.217286"><name>Radar 70 km/h</name><desc>Fonte: ANTT</desc><type>FIXED</type></wpt>
<wpt lat="-22.479109" lon="-43.217373"><name>Radar 70 km/h</name><desc>Fonte: OSM</desc><type>FIXED</type></wpt>
<wpt lat="-22.474864" lon="-43.995843"><name>Radar 60 km/h</name><desc>Fonte: ANTT · sentido 29° (nordeste)</desc><type>FIXED</type></wpt>
<wpt lat="-22.474701" lon="-43.995780"><name>Radar 60 km/h</name><desc>Fonte: OSM</desc><type>FIXED</type></wpt>
<wpt lat="-22.474667" lon="-43.991751"><name>Radar 40 km/h</name><desc>Fonte: OSM</desc><type>FIXED</type></wpt>
<wpt lat="-22.473169" lon="-42.201687"><name>Radar 50 km/h</name><desc>Fonte: OSM</desc><type>FIXED</type></wpt>
<wpt lat="-22.469076" lon="-43.489153"><name>Radar 50 km/h</name><desc>Fonte: OSM</desc><type>FIXED</type></wpt>
<wpt lat="-22.467917" lon="-44.510360"><name>Radar 110 km/h</name><desc>Fonte: ANTT · sentido 83° (leste)</desc><type>FIXED</type></wpt>
<wpt lat="-22.466412" lon="-43.000892"><name>Radar 60 km/h</name><desc>Fonte: OSM</desc><type>FIXED</type></wpt>
<wpt lat="-22.466400" lon="-43.001085"><name>Radar 40 km/h</name><desc>Fonte: ANTT · sentido 272° (oeste)</desc><type>FIXED</type></wpt>
<wpt lat="-22.462235" lon="-43.482561"><name>Radar 50 km/h</name><desc>Fonte: OSM</desc><type>FIXED</type></wpt>
<wpt lat="-22.461620" lon="-43.222137"><name>Radar 70 km/h</name><desc>Fonte: ANTT · sentido 231° (sudoeste)</desc><type>FIXED</type></wpt>
<wpt lat="-22.461584" lon="-43.222141"><name>Radar 70 km/h</name><desc>Fonte: OSM</desc><type>FIXED</type></wpt>
<wpt lat="-22.456723" lon="-44.407742"><name>Radar 110 km/h</name><desc>Fonte: OSM</desc><type>FIXED</type></wpt>
<wpt lat="-22.455725" lon="-44.395567"><name>Radar 110 km/h</name><desc>Fonte: ANTT · sentido 265° (oeste)</desc><type>FIXED</type></wpt>
<wpt lat="-22.455692" lon="-44.395665"><name>Radar 110 km/h</name><desc>Fonte: OSM</desc><type>FIXED</type></wpt>
<wpt lat="-22.455523" lon="-44.392187"><name>Radar 110 km/h</name><desc>Fonte: OSM</desc><type>FIXED</type></wpt>
<wpt lat="-22.455395" lon="-44.391704"><name>Radar 110 km/h</name><desc>Fonte: ANTT · sentido 85° (leste)</desc><type>FIXED</type></wpt>
<wpt lat="-22.449507" lon="-44.315703"><name>Radar 100 km/h</name><desc>Fonte: OSM</desc><type>FIXED</type></wpt>
<wpt lat="-22.441581" lon="-43.440444"><name>Radar 50 km/h</name><desc>Fonte: OSM</desc><type>FIXED</type></wpt>
<wpt lat="-22.440191" lon="-41.871740"><name>Radar 60 km/h</name><desc>Fonte: OSM</desc><type>FIXED</type></wpt>
<wpt lat="-22.433256" lon="-42.640673"><name>Radar 50 km/h</name><desc>Fonte: OSM</desc><type>FIXED</type></wpt>
<wpt lat="-22.433016" lon="-42.640636"><name>Radar 50 km/h</name><desc>Fonte: OSM</desc><type>FIXED</type></wpt>
<wpt lat="-22.431093" lon="-43.740116"><name>Radar 60 km/h</name><desc>Fonte: OSM</desc><type>FIXED</type></wpt>
<wpt lat="-22.431002" lon="-43.740140"><name>Radar 60 km/h</name><desc>Fonte: ANTT · sentido 139° (sudeste)</desc><type>FIXED</type></wpt>
<wpt lat="-22.430588" lon="-43.700519"><name>Radar 60 km/h</name><desc>Fonte: ANTT · sentido 274° (oeste)</desc><type>FIXED</type></wpt>
<wpt lat="-22.429867" lon="-42.031430"><name>Radar 80 km/h</name><desc>Fonte: OSM</desc><type>FIXED</type></wpt>
<wpt lat="-22.429729" lon="-42.031134"><name>Radar 80 km/h</name><desc>Fonte: ANTT · sentido 255° (oeste)</desc><type>FIXED</type></wpt>
<wpt lat="-22.428082" lon="-43.161750"><name>Radar 70 km/h</name><desc>Fonte: ANTT · sentido 89° (leste)</desc><type>FIXED</type></wpt>
<wpt lat="-22.427964" lon="-43.161705"><name>Radar 70 km/h</name><desc>Fonte: OSM</desc><type>FIXED</type></wpt>
<wpt lat="-22.427058" lon="-43.158645"><name>Radar 70 km/h</name><desc>Fonte: ANTT · sentido 245° (sudoeste)</desc><type>FIXED</type></wpt>
<wpt lat="-22.420001" lon="-43.684734"><name>Radar 60 km/h</name><desc>Fonte: ANTT · sentido 49° (nordeste)</desc><type>FIXED</type></wpt>
<wpt lat="-22.419965" lon="-43.684769"><name>Radar 60 km/h</name><desc>Fonte: OSM</desc><type>FIXED</type></wpt>
<wpt lat="-22.417670" lon="-43.681204"><name>Radar 60 km/h</name><desc>Fonte: OSM</desc><type>FIXED</type></wpt>
<wpt lat="-22.417588" lon="-43.681278"><name>Radar 60 km/h</name><desc>Fonte: ANTT · sentido 61° (nordeste)</desc><type>FIXED</type></wpt>
<wpt lat="-22.406622" lon="-41.841179"><name>Radar 50 km/h</name><desc>Fonte: OSM</desc><type>FIXED</type></wpt>
<wpt lat="-22.406157" lon="-41.845970"><name>Radar 50 km/h</name><desc>Fonte: OSM</desc><type>FIXED</type></wpt>
<wpt lat="-22.401609" lon="-41.857337"><name>Radar 60 km/h</name><desc>Fonte: OSM</desc><type>FIXED</type></wpt>
<wpt lat="-22.400887" lon="-42.953909"><name>Radar 60 km/h</name><desc>Fonte: OSM</desc><type>FIXED</type></wpt>
<wpt lat="-22.400853" lon="-42.954024"><name>Radar 60 km/h</name><desc>Fonte: ANTT · sentido 323° (noroeste)</desc><type>FIXED</type></wpt>
<wpt lat="-22.398111" lon="-41.790421"><name>Radar 50 km/h</name><desc>Fonte: OSM</desc><type>FIXED</type></wpt>
<wpt lat="-22.397492" lon="-42.954799"><name>Radar 40 km/h</name><desc>Fonte: OSM</desc><type>FIXED</type></wpt>
<wpt lat="-22.397384" lon="-41.793599"><name>Radar 40 km/h</name><desc>Fonte: OSM</desc><type>FIXED</type></wpt>
<wpt lat="-22.395539" lon="-41.785041"><name>Radar 50 km/h</name><desc>Fonte: OSM</desc><type>FIXED</type></wpt>
<wpt lat="-22.395241" lon="-41.784384"><name>Radar 50 km/h</name><desc>Fonte: OSM</desc><type>FIXED</type></wpt>
<wpt lat="-22.392608" lon="-43.652209"><name>Radar 40 km/h</name><desc>Fonte: ANTT · sentido 227° (sudoeste)</desc><type>FIXED</type></wpt>
<wpt lat="-22.392345" lon="-43.652073"><name>Radar 40 km/h</name><desc>Fonte: ANTT · sentido 46° (nordeste)</desc><type>FIXED</type></wpt>
<wpt lat="-22.391970" lon="-42.953080"><name>Radar 40 km/h</name><desc>Fonte: ANTT</desc><type>FIXED</type></wpt>
<wpt lat="-22.391877" lon="-42.953107"><name>Radar 40 km/h</name><desc>Fonte: OSM</desc><type>FIXED</type></wpt>
<wpt lat="-22.390708" lon="-41.805590"><name>Radar 50 km/h</name><desc>Fonte: OSM</desc><type>FIXED</type></wpt>
<wpt lat="-22.388182" lon="-41.801094"><name>Radar 50 km/h</name><desc>Fonte: OSM</desc><type>FIXED</type></wpt>
<wpt lat="-22.385959" lon="-41.801225"><name>Radar 50 km/h</name><desc>Fonte: OSM</desc><type>FIXED</type></wpt>
<wpt lat="-22.380035" lon="-41.771758"><name>Radar 30 km/h</name><desc>Fonte: OSM</desc><type>FIXED</type></wpt>
<wpt lat="-22.377368" lon="-43.871475"><name>Radar 50 km/h</name><desc>Fonte: OSM</desc><type>FIXED</type></wpt>
<wpt lat="-22.371901" lon="-41.802318"><name>Radar 50 km/h</name><desc>Fonte: OSM</desc><type>FIXED</type></wpt>
<wpt lat="-22.369839" lon="-41.802087"><name>Radar 50 km/h</name><desc>Fonte: OSM</desc><type>FIXED</type></wpt>
<wpt lat="-22.362088" lon="-41.773064"><name>Radar 40 km/h</name><desc>Fonte: OSM</desc><type>FIXED</type></wpt>
<wpt lat="-22.362042" lon="-41.772979"><name>Radar 40 km/h</name><desc>Fonte: OSM</desc><type>FIXED</type></wpt>
<wpt lat="-22.360507" lon="-42.529636"><name>Radar 50 km/h</name><desc>Fonte: OSM</desc><type>FIXED</type></wpt>
<wpt lat="-22.360431" lon="-42.529406"><name>Radar 50 km/h</name><desc>Fonte: OSM</desc><type>FIXED</type></wpt>
<wpt lat="-22.358341" lon="-42.518754"><name>Radar 50 km/h</name><desc>Fonte: OSM</desc><type>FIXED</type></wpt>
<wpt lat="-22.347065" lon="-42.508325"><name>Radar 60 km/h</name><desc>Fonte: OSM</desc><type>FIXED</type></wpt>
<wpt lat="-22.346659" lon="-41.792727"><name>Radar 60 km/h</name><desc>Fonte: OSM</desc><type>FIXED</type></wpt>
<wpt lat="-22.346254" lon="-41.755440"><name>Radar 50 km/h</name><desc>Fonte: OSM</desc><type>FIXED</type></wpt>
<wpt lat="-22.345242" lon="-41.792374"><name>Radar 60 km/h</name><desc>Fonte: OSM</desc><type>FIXED</type></wpt>
<wpt lat="-22.342190" lon="-42.939370"><name>Radar 60 km/h</name><desc>Fonte: ANTT</desc><type>FIXED</type></wpt>
<wpt lat="-22.341943" lon="-42.939398"><name>Radar 60 km/h</name><desc>Fonte: OSM</desc><type>FIXED</type></wpt>
<wpt lat="-22.341368" lon="-41.779791"><name>Radar 60 km/h</name><desc>Fonte: OSM</desc><type>FIXED</type></wpt>
<wpt lat="-22.341150" lon="-41.780023"><name>Radar 60 km/h</name><desc>Fonte: OSM</desc><type>FIXED</type></wpt>
<wpt lat="-22.327612" lon="-41.774336"><name>Radar 60 km/h</name><desc>Fonte: OSM</desc><type>FIXED</type></wpt>
<wpt lat="-22.325306" lon="-43.131545"><name>Radar 60 km/h</name><desc>Fonte: OSM</desc><type>FIXED</type></wpt>
<wpt lat="-22.325254" lon="-43.131533"><name>Radar 60 km/h</name><desc>Fonte: OSM</desc><type>FIXED</type></wpt>
<wpt lat="-22.316471" lon="-42.937709"><name>Radar 60 km/h</name><desc>Fonte: ANTT · sentido 344° (norte)</desc><type>FIXED</type></wpt>
<wpt lat="-22.315828" lon="-42.937925"><name>Radar 60 km/h</name><desc>Fonte: OSM</desc><type>FIXED</type></wpt>
<wpt lat="-22.315730" lon="-42.938040"><name>Radar 60 km/h</name><desc>Fonte: ANTT · sentido 167° (sul)</desc><type>FIXED</type></wpt>
<wpt lat="-22.311107" lon="-42.937463"><name>Radar 60 km/h</name><desc>Fonte: ANTT</desc><type>FIXED</type></wpt>
<wpt lat="-22.311106" lon="-42.937467"><name>Radar 60 km/h</name><desc>Fonte: OSM</desc><type>FIXED</type></wpt>
<wpt lat="-22.300146" lon="-42.521550"><name>Radar 50 km/h</name><desc>Fonte: OSM</desc><type>FIXED</type></wpt>
<wpt lat="-22.289911" lon="-41.713139"><name>Radar 50 km/h</name><desc>Fonte: OSM</desc><type>FIXED</type></wpt>
<wpt lat="-22.288634" lon="-42.931272"><name>Radar 60 km/h</name><desc>Fonte: OSM</desc><type>FIXED</type></wpt>
<wpt lat="-22.281552" lon="-42.721434"><name>Radar 50 km/h</name><desc>Fonte: OSM</desc><type>FIXED</type></wpt>
<wpt lat="-22.281468" lon="-42.722497"><name>Radar 50 km/h</name><desc>Fonte: OSM</desc><type>FIXED</type></wpt>
<wpt lat="-22.274029" lon="-42.577319"><name>Radar 50 km/h</name><desc>Fonte: OSM</desc><type>FIXED</type></wpt>
<wpt lat="-22.268904" lon="-42.613888"><name>Radar 60 km/h</name><desc>Fonte: OSM</desc><type>FIXED</type></wpt>
<wpt lat="-22.267896" lon="-42.924814"><name>Radar 60 km/h</name><desc>Fonte: ANTT</desc><type>FIXED</type></wpt>
<wpt lat="-22.267889" lon="-42.924882"><name>Radar 60 km/h</name><desc>Fonte: OSM</desc><type>FIXED</type></wpt>
<wpt lat="-22.256202" lon="-42.528948"><name>Radar 50 km/h</name><desc>Fonte: OSM</desc><type>FIXED</type></wpt>
<wpt lat="-22.242173" lon="-42.638709"><name>Radar 60 km/h</name><desc>Fonte: OSM</desc><type>FIXED</type></wpt>
<wpt lat="-22.223060" lon="-42.513821"><name>Radar 50 km/h</name><desc>Fonte: OSM</desc><type>FIXED</type></wpt>
<wpt lat="-22.204634" lon="-42.897442"><name>Radar 50 km/h</name><desc>Fonte: OSM</desc><type>FIXED</type></wpt>
<wpt lat="-22.204540" lon="-42.897440"><name>Radar 50 km/h</name><desc>Fonte: ANTT</desc><type>FIXED</type></wpt>
<wpt lat="-22.183251" lon="-42.473980"><name>Radar 50 km/h</name><desc>Fonte: OSM</desc><type>FIXED</type></wpt>
<wpt lat="-22.183120" lon="-42.473670"><name>Radar 50 km/h</name><desc>Fonte: OSM</desc><type>FIXED</type></wpt>
<wpt lat="-22.178510" lon="-42.406363"><name>Radar 40 km/h</name><desc>Fonte: OSM</desc><type>FIXED</type></wpt>
<wpt lat="-22.178124" lon="-42.406636"><name>Radar 40 km/h</name><desc>Fonte: OSM</desc><type>FIXED</type></wpt>
<wpt lat="-22.175549" lon="-43.166563"><name>Radar 70 km/h</name><desc>Fonte: OSM</desc><type>FIXED</type></wpt>
<wpt lat="-22.162443" lon="-42.428416"><name>Radar 50 km/h</name><desc>Fonte: OSM</desc><type>FIXED</type></wpt>
<wpt lat="-22.158231" lon="-42.418958"><name>Radar 50 km/h</name><desc>Fonte: OSM</desc><type>FIXED</type></wpt>
<wpt lat="-22.148066" lon="-43.158292"><name>Radar 70 km/h</name><desc>Fonte: ANTT · sentido 11° (norte)</desc><type>FIXED</type></wpt>
<wpt lat="-22.147940" lon="-43.158248"><name>Radar 70 km/h</name><desc>Fonte: OSM</desc><type>FIXED</type></wpt>
<wpt lat="-22.143989" lon="-42.436192"><name>Radar 50 km/h</name><desc>Fonte: OSM</desc><type>FIXED</type></wpt>
<wpt lat="-22.134420" lon="-42.780190"><name>Radar 60 km/h</name><desc>Fonte: ANTT · sentido 41° (nordeste)</desc><type>FIXED</type></wpt>
<wpt lat="-22.134404" lon="-42.780078"><name>Radar 60 km/h</name><desc>Fonte: OSM</desc><type>FIXED</type></wpt>
<wpt lat="-22.132894" lon="-42.779433"><name>Radar 60 km/h</name><desc>Fonte: ANTT · sentido 190° (sul)</desc><type>FIXED</type></wpt>
<wpt lat="-22.132844" lon="-42.779422"><name>Radar 60 km/h</name><desc>Fonte: OSM</desc><type>FIXED</type></wpt>
<wpt lat="-22.124125" lon="-43.230130"><name>Radar 40 km/h</name><desc>Fonte: ANTT · sentido 302° (noroeste)</desc><type>FIXED</type></wpt>
<wpt lat="-22.124071" lon="-43.230364"><name>Radar 40 km/h</name><desc>Fonte: OSM</desc><type>FIXED</type></wpt>
<wpt lat="-22.123856" lon="-42.779146"><name>Radar 40 km/h</name><desc>Fonte: OSM</desc><type>FIXED</type></wpt>
<wpt lat="-22.122826" lon="-42.778941"><name>Radar 40 km/h</name><desc>Fonte: ANTT</desc><type>FIXED</type></wpt>
<wpt lat="-22.122781" lon="-42.779010"><name>Radar 40 km/h</name><desc>Fonte: OSM</desc><type>FIXED</type></wpt>
<wpt lat="-22.101572" lon="-43.094385"><name>Radar 40 km/h</name><desc>Fonte: ANTT · sentido 198° (sul)</desc><type>FIXED</type></wpt>
<wpt lat="-22.083071" lon="-42.402315"><name>Radar 50 km/h</name><desc>Fonte: OSM</desc><type>FIXED</type></wpt>
<wpt lat="-22.079484" lon="-42.798957"><name>Radar 30 km/h</name><desc>Fonte: ANTT · sentido 104° (leste)</desc><type>FIXED</type></wpt>
<wpt lat="-22.078243" lon="-42.797359"><name>Radar 40 km/h</name><desc>Fonte: ANTT · sentido 180° (sul)</desc><type>FIXED</type></wpt>
<wpt lat="-22.078163" lon="-42.797204"><name>Radar 40 km/h</name><desc>Fonte: OSM</desc><type>FIXED</type></wpt>
<wpt lat="-22.077497" lon="-42.405745"><name>Radar 50 km/h</name><desc>Fonte: OSM</desc><type>FIXED</type></wpt>
<wpt lat="-22.064077" lon="-42.068830"><name>Radar 50 km/h</name><desc>Fonte: OSM</desc><type>FIXED</type></wpt>
<wpt lat="-22.046359" lon="-43.000731"><name>Radar 60 km/h</name><desc>Fonte: ANTT · sentido 142° (sudeste)</desc><type>FIXED</type></wpt>
<wpt lat="-22.032432" lon="-42.985980"><name>Radar 60 km/h</name><desc>Fonte: OSM</desc><type>FIXED</type></wpt>
<wpt lat="-21.989301" lon="-42.292790"><name>Radar 60 km/h</name><desc>Fonte: OSM</desc><type>FIXED</type></wpt>
<wpt lat="-21.983034" lon="-41.130441"><name>Radar 50 km/h</name><desc>Fonte: OSM</desc><type>FIXED</type></wpt>
<wpt lat="-21.977024" lon="-42.245739"><name>Radar 50 km/h</name><desc>Fonte: OSM</desc><type>FIXED</type></wpt>
<wpt lat="-21.893569" lon="-42.126321"><name>Radar 50 km/h</name><desc>Fonte: OSM</desc><type>FIXED</type></wpt>
<wpt lat="-21.881502" lon="-42.680950"><name>Radar 50 km/h</name><desc>Fonte: OSM</desc><type>FIXED</type></wpt>
<wpt lat="-21.881485" lon="-42.680909"><name>Radar 50 km/h</name><desc>Fonte: ANTT · sentido 341° (norte)</desc><type>FIXED</type></wpt>
<wpt lat="-21.837634" lon="-41.260934"><name>Radar 50 km/h</name><desc>Fonte: OSM</desc><type>FIXED</type></wpt>
<wpt lat="-21.823896" lon="-41.402372"><name>Radar 80 km/h</name><desc>Fonte: OSM</desc><type>FIXED</type></wpt>
<wpt lat="-21.822080" lon="-41.460587"><name>Radar 80 km/h</name><desc>Fonte: OSM</desc><type>FIXED</type></wpt>
<wpt lat="-21.818887" lon="-42.077096"><name>Radar 60 km/h</name><desc>Fonte: OSM</desc><type>FIXED</type></wpt>
<wpt lat="-21.775740" lon="-41.286335"><name>Radar</name><desc>Fonte: DNIT</desc><type>FIXED</type></wpt>
<wpt lat="-21.764513" lon="-41.346666"><name>Radar 40 km/h</name><desc>Fonte: OSM</desc><type>FIXED</type></wpt>
<wpt lat="-21.762683" lon="-41.296304"><name>Radar 60 km/h</name><desc>Fonte: OSM</desc><type>FIXED</type></wpt>
<wpt lat="-21.739971" lon="-41.208218"><name>Radar 50 km/h</name><desc>Fonte: OSM</desc><type>FIXED</type></wpt>
<wpt lat="-21.739550" lon="-41.207477"><name>Radar 50 km/h</name><desc>Fonte: OSM</desc><type>FIXED</type></wpt>
<wpt lat="-21.724975" lon="-41.994510"><name>Radar 50 km/h</name><desc>Fonte: OSM</desc><type>FIXED</type></wpt>
<wpt lat="-21.723940" lon="-41.917260"><name>Radar 50 km/h</name><desc>Fonte: OSM</desc><type>FIXED</type></wpt>
<wpt lat="-21.723763" lon="-41.920656"><name>Radar 50 km/h</name><desc>Fonte: OSM</desc><type>FIXED</type></wpt>
<wpt lat="-21.719864" lon="-41.402515"><name>Radar 50 km/h</name><desc>Fonte: OSM</desc><type>FIXED</type></wpt>
<wpt lat="-21.718879" lon="-41.111565"><name>Radar 40 km/h</name><desc>Fonte: OSM</desc><type>FIXED</type></wpt>
<wpt lat="-21.718700" lon="-41.096855"><name>Radar</name><desc>Fonte: DNIT</desc><type>FIXED</type></wpt>
<wpt lat="-21.718660" lon="-41.096329"><name>Radar 40 km/h</name><desc>Fonte: OSM</desc><type>FIXED</type></wpt>
<wpt lat="-21.718430" lon="-41.110172"><name>Radar</name><desc>Fonte: DNIT</desc><type>FIXED</type></wpt>
<wpt lat="-21.713412" lon="-41.308561"><name>Radar 60 km/h</name><desc>Fonte: ANTT · sentido 9° (norte)</desc><type>FIXED</type></wpt>
<wpt lat="-21.713313" lon="-41.308596"><name>Radar 50 km/h</name><desc>Fonte: OSM</desc><type>FIXED</type></wpt>
<wpt lat="-21.698875" lon="-42.033117"><name>Radar 50 km/h</name><desc>Fonte: OSM</desc><type>FIXED</type></wpt>
<wpt lat="-21.690960" lon="-42.053887"><name>Radar 60 km/h</name><desc>Fonte: OSM</desc><type>FIXED</type></wpt>
<wpt lat="-21.683290" lon="-41.310890"><name>Radar 60 km/h</name><desc>Fonte: ANTT · sentido 3° (norte)</desc><type>FIXED</type></wpt>
<wpt lat="-21.682537" lon="-41.310891"><name>Radar 60 km/h</name><desc>Fonte: OSM</desc><type>FIXED</type></wpt>
<wpt lat="-21.681822" lon="-41.310949"><name>Radar 60 km/h</name><desc>Fonte: ANTT · sentido 183° (sul)</desc><type>FIXED</type></wpt>
<wpt lat="-21.681405" lon="-42.064096"><name>Radar 50 km/h</name><desc>Fonte: OSM</desc><type>FIXED</type></wpt>
<wpt lat="-21.673383" lon="-42.073983"><name>Radar 50 km/h</name><desc>Fonte: OSM</desc><type>FIXED</type></wpt>
<wpt lat="-21.660904" lon="-42.086065"><name>Radar 50 km/h</name><desc>Fonte: OSM</desc><type>FIXED</type></wpt>
<wpt lat="-21.655051" lon="-42.302608"><name>Radar 50 km/h</name><desc>Fonte: OSM</desc><type>FIXED</type></wpt>
<wpt lat="-21.654807" lon="-42.302400"><name>Radar 50 km/h</name><desc>Fonte: OSM</desc><type>FIXED</type></wpt>
<wpt lat="-21.645615" lon="-41.050472"><name>Radar</name><desc>Fonte: DNIT</desc><type>FIXED</type></wpt>
<wpt lat="-21.645533" lon="-41.050483"><name>Radar 40 km/h</name><desc>Fonte: OSM</desc><type>FIXED</type></wpt>
<wpt lat="-21.628738" lon="-42.105935"><name>Radar 50 km/h</name><desc>Fonte: OSM</desc><type>FIXED</type></wpt>
<wpt lat="-21.623253" lon="-42.112264"><name>Radar 50 km/h</name><desc>Fonte: OSM</desc><type>FIXED</type></wpt>
<wpt lat="-21.617805" lon="-42.123632"><name>Radar 50 km/h</name><desc>Fonte: OSM</desc><type>FIXED</type></wpt>
<wpt lat="-21.588332" lon="-42.221360"><name>Radar 50 km/h</name><desc>Fonte: OSM</desc><type>FIXED</type></wpt>
<wpt lat="-21.579875" lon="-42.145409"><name>Radar 50 km/h</name><desc>Fonte: OSM</desc><type>FIXED</type></wpt>
<wpt lat="-21.572058" lon="-42.150979"><name>Radar 60 km/h</name><desc>Fonte: OSM</desc><type>FIXED</type></wpt>
<wpt lat="-21.564310" lon="-42.172174"><name>Radar 60 km/h</name><desc>Fonte: OSM</desc><type>FIXED</type></wpt>
<wpt lat="-21.560764" lon="-42.187084"><name>Radar 50 km/h</name><desc>Fonte: OSM</desc><type>FIXED</type></wpt>
<wpt lat="-21.560044" lon="-42.174153"><name>Radar 60 km/h</name><desc>Fonte: OSM</desc><type>FIXED</type></wpt>
<wpt lat="-21.536763" lon="-42.158174"><name>Radar 60 km/h</name><desc>Fonte: OSM</desc><type>FIXED</type></wpt>
<wpt lat="-21.531050" lon="-42.141469"><name>Radar 50 km/h</name><desc>Fonte: OSM</desc><type>FIXED</type></wpt>
<wpt lat="-21.516757" lon="-42.186066"><name>Radar 50 km/h</name><desc>Fonte: OSM</desc><type>FIXED</type></wpt>
<wpt lat="-21.501807" lon="-42.079418"><name>Radar 50 km/h</name><desc>Fonte: OSM</desc><type>FIXED</type></wpt>
<wpt lat="-21.501612" lon="-42.079154"><name>Radar 50 km/h</name><desc>Fonte: OSM</desc><type>FIXED</type></wpt>
<wpt lat="-21.452669" lon="-42.013269"><name>Radar 50 km/h</name><desc>Fonte: OSM</desc><type>FIXED</type></wpt>
<wpt lat="-21.440970" lon="-42.199622"><name>Radar 60 km/h</name><desc>Fonte: OSM</desc><type>FIXED</type></wpt>
<wpt lat="-21.431542" lon="-41.690090"><name>Radar 40 km/h</name><desc>Fonte: OSM</desc><type>FIXED</type></wpt>
<wpt lat="-21.431490" lon="-41.690373"><name>Radar</name><desc>Fonte: DNIT · sentido 301° (noroeste)</desc><type>FIXED</type></wpt>
<wpt lat="-21.431267" lon="-41.690591"><name>Radar 40 km/h</name><desc>Fonte: OSM</desc><type>FIXED</type></wpt>
<wpt lat="-21.410274" lon="-41.978341"><name>Radar 50 km/h</name><desc>Fonte: OSM</desc><type>FIXED</type></wpt>
<wpt lat="-21.400453" lon="-42.180942"><name>Radar 50 km/h</name><desc>Fonte: OSM</desc><type>FIXED</type></wpt>
<wpt lat="-21.382260" lon="-41.688657"><name>Radar 50 km/h</name><desc>Fonte: OSM</desc><type>FIXED</type></wpt>
<wpt lat="-21.382222" lon="-41.688611"><name>Radar</name><desc>Fonte: DNIT</desc><type>FIXED</type></wpt>
<wpt lat="-21.253650" lon="-41.782300"><name>Radar</name><desc>Fonte: DNIT</desc><type>FIXED</type></wpt>
<wpt lat="-21.187733" lon="-41.911648"><name>Radar 50 km/h</name><desc>Fonte: OSM</desc><type>FIXED</type></wpt>
<wpt lat="-21.187586" lon="-41.911896"><name>Radar</name><desc>Fonte: DNIT</desc><type>FIXED</type></wpt>
<wpt lat="-21.187493" lon="-41.912259"><name>Radar 50 km/h</name><desc>Fonte: OSM</desc><type>FIXED</type></wpt>
<wpt lat="-21.185334" lon="-41.929869"><name>Radar 50 km/h</name><desc>Fonte: OSM</desc><type>FIXED</type></wpt>
<wpt lat="-21.185286" lon="-41.930051"><name>Radar</name><desc>Fonte: DNIT</desc><type>FIXED</type></wpt>
<wpt lat="-21.176656" lon="-42.013733"><name>Radar</name><desc>Fonte: DNIT</desc><type>FIXED</type></wpt>
<wpt lat="-21.176477" lon="-42.013516"><name>Radar 40 km/h</name><desc>Fonte: OSM</desc><type>FIXED</type></wpt>
<wpt lat="-21.137269" lon="-41.663288"><name>Radar 50 km/h</name><desc>Fonte: OSM</desc><type>FIXED</type></wpt>
</gpx>