{"type":"FeatureCollection","attribution":"Pardal — © colaboradores do OpenStreetMap (ODbL 1.0) e fontes abertas listadas no README","features":[{"type":"Feature","geometry":{"type":"Point","coordinates":[-44.719659,-23.230872]},"properties":{"kind":"FIXED","limit_kmh":60,"source":"ANTT","active":true,"direction_deg":295}},{"type":"Feature","geometry":{"type":"Point","coordinates":[-44.193398,-23.037116]},"properties":{"kind":"FIXED","limit_kmh":40,"source":"OSM","active":true,"direction_deg":null}},{"type":"Feature","geometry":{"type":"Point","coordinates":[-44.170875,-23.031652]},"properties":{"kind":"FIXED","limit_kmh":40,"source":"OSM","active":true,"direction_deg":null}},{"type":"Feature","geometry":{"type":"Point","coordinates":[-44.16338,-23.030814]},"properties":{"kind":"FIXED","limit_kmh":50,"source":"OSM","active":true,"direction_deg":null}},{"type":"Feature","geometry":{"type":"Point","coordinates":[-44.163395,-23.03068]},"properties":{"kind":"FIXED","limit_kmh":50,"source":"OSM","active":true,"direction_deg":null}},{"type":"Feature","geometry":{"type":"Point","coordinates":[-43.46896,-23.029364]},"properties":{"kind":"FIXED","limit_kmh":40,"source":"RIO","active":true,"direction_deg":null}},{"type":"Feature","geometry":{"type":"Point","coordinates":[-43.457025,-23.025074]},"properties":{"kind":"SECTION","limit_kmh":70,"source":"OSM","active":true,"end":[-43.456964,-23.024968],"direction_deg":null}},{"type":"Feature","geometry":{"type":"Point","coordinates":[-43.456971,-23.024806]},"properties":{"kind":"FIXED","limit_kmh":null,"source":"OSM","active":true,"direction_deg":null}},{"type":"Feature","geometry":{"type":"Point","coordinates":[-43.456996,-23.024755]},"properties":{"kind":"RED_LIGHT","limit_kmh":null,"source":"OSM","active":true,"direction_deg":null}},{"type":"Feature","geometry":{"type":"Point","coordinates":[-43.456997,-23.024493]},"properties":{"kind":"RED_LIGHT","limit_kmh":null,"source":"RIO","active":true,"direction_deg":null}},{"type":"Feature","geometry":{"type":"Point","coordinates":[-43.457745,-23.023306]},"properties":{"kind":"FIXED","limit_kmh":40,"source":"OSM","active":true,"direction_deg":null}},{"type":"Feature","geometry":{"type":"Point","coordinates":[-43.458513,-23.021645]},"properties":{"kind":"FIXED","limit_kmh":40,"source":"OSM","active":true,"direction_deg":null}},{"type":"Feature","geometry":{"type":"Point","coordinates":[-43.497483,-23.021378]},"properties":{"kind":"RED_LIGHT","limit_kmh":null,"source":"RIO","active":true,"direction_deg":null}},{"type":"Feature","geometry":{"type":"Point","coordinates":[-43.497454,-23.02114]},"properties":{"kind":"FIXED","limit_kmh":80,"source":"OSM","active":true,"direction_deg":null}},{"type":"Feature","geometry":{"type":"Point","coordinates":[-43.491878,-23.020866]},"properties":{"kind":"FIXED","limit_kmh":80,"source":"OSM","active":true,"direction_deg":null}},{"type":"Feature","geometry":{"type":"Point","coordinates":[-43.501009,-23.020576]},"properties":{"kind":"FIXED","limit_kmh":80,"source":"OSM","active":true,"direction_deg":null}},{"type":"Feature","geometry":{"type":"Point","coordinates":[-43.49198,-23.020566]},"properties":{"kind":"FIXED","limit_kmh":80,"source":"OSM","active":true,"direction_deg":null}},{"type":"Feature","geometry":{"type":"Point","coordinates":[-43.501357,-23.020288]},"properties":{"kind":"RED_LIGHT","limit_kmh":null,"source":"RIO","active":true,"direction_deg":null}},{"type":"Feature","geometry":{"type":"Point","coordinates":[-43.436072,-23.019863]},"properties":{"kind":"FIXED","limit_kmh":60,"source":"OSM","active":true,"direction_deg":null}},{"type":"Feature","geometry":{"type":"Point","coordinates":[-43.489346,-23.01962]},"properties":{"kind":"RED_LIGHT","limit_kmh":null,"source":"RIO","active":true,"direction_deg":null}},{"type":"Feature","geometry":{"type":"Point","coordinates":[-44.526981,-23.018943]},"properties":{"kind":"FIXED","limit_kmh":60,"source":"OSM","active":true,"direction_deg":null}},{"type":"Feature","geometry":{"type":"Point","coordinates":[-43.46707,-23.0187]},"properties":{"kind":"FIXED","limit_kmh":40,"source":"OSM","active":true,"direction_deg":null}},{"type":"Feature","geometry":{"type":"Point","coordinates":[-43.467301,-23.018539]},"properties":{"kind":"FIXED","limit_kmh":40,"source":"RIO","active":true,"direction_deg":null}},{"type":"Feature","geometry":{"type":"Point","coordinates":[-43.466222,-23.018384]},"properties":{"kind":"FIXED","limit_kmh":40,"source":"OSM","active":true,"direction_deg":null}},{"type":"Feature","geometry":{"type":"Point","coordinates":[-44.530233,-23.017784]},"properties":{"kind":"FIXED","limit_kmh":60,"source":"ANTT","active":true,"direction_deg":54}},{"type":"Feature","geometry":{"type":"Point","coordinates":[-43.44858,-23.016096]},"properties":{"kind":"FIXED","limit_kmh":60,"source":"OSM","active":true,"direction_deg":null}},{"type":"Feature","geometry":{"type":"Point","coordinates":[-43.518637,-23.015994]},"properties":{"kind":"FIXED","limit_kmh":80,"source":"OSM","active":true,"direction_deg":null}},{"type":"Feature","geometry":{"type":"Point","coordinates":[-43.47063,-23.015888]},"properties":{"kind":"RED_LIGHT","limit_kmh":null,"source":"RIO","active":true,"direction_deg":null}},{"type":"Feature","geometry":{"type":"Point","coordinates":[-43.518522,-23.015688]},"properties":{"kind":"FIXED","limit_kmh":80,"source":"OSM","active":true,"direction_deg":null}},{"type":"Feature","geometry":{"type":"Point","coordinates":[-43.412131,-23.015631]},"properties":{"kind":"FIXED","limit_kmh":60,"source":"OSM","active":true,"direction_deg":null}},{"type":"Feature","geometry":{"type":"Point","coordinates":[-43.406647,-23.014844]},"properties":{"kind":"FIXED","limit_kmh":60,"source":"OSM","active":true,"direction_deg":null}},{"type":"Feature","geometry":{"type":"Point","coordinates":[-43.526156,-23.014777]},"properties":{"kind":"FIXED","limit_kmh":80,"source":"OSM","active":true,"direction_deg":null}},{"type":"Feature","geometry":{"type":"Point","coordinates":[-44.108361,-23.014649]},"properties":{"kind":"FIXED","limit_kmh":60,"source":"OSM","active":true,"direction_deg":null}},{"type":"Feature","geometry":{"type":"Point","coordinates":[-43.52594,-23.014486]},"properties":{"kind":"FIXED","limit_kmh":80,"source":"OSM","active":true,"direction_deg":null}},{"type":"Feature","geometry":{"type":"Point","coordinates":[-43.39699,-23.013468]},"properties":{"kind":"FIXED","limit_kmh":60,"source":"OSM","active":true,"direction_deg":null}},{"type":"Feature","geometry":{"type":"Point","coordinates":[-43.389205,-23.012602]},"properties":{"kind":"FIXED","limit_kmh":60,"source":"OSM","active":true,"direction_deg":null}},{"type":"Feature","geometry":{"type":"Point","coordinates":[-43.457531,-23.012571]},"properties":{"kind":"RED_LIGHT","limit_kmh":null,"source":"RIO","active":true,"direction_deg":null}},{"type":"Feature","geometry":{"type":"Point","coordinates":[-43.29222,-23.012176]},"properties":{"kind":"FIXED","limit_kmh":80,"source":"OSM","active":true,"direction_deg":null}},{"type":"Feature","geometry":{"type":"Point","coordinates":[-43.376665,-23.011511]},"properties":{"kind":"FIXED","limit_kmh":60,"source":"OSM","active":true,"direction_deg":null}},{"type":"Feature","geometry":{"type":"Point","coordinates":[-43.324346,-23.01151]},"properties":{"kind":"RED_LIGHT","limit_kmh":null,"source":"RIO","active":true,"direction_deg":null}},{"type":"Feature","geometry":{"type":"Point","coordinates":[-43.453374,-23.011339]},"properties":{"kind":"RED_LIGHT","limit_kmh":null,"source":"OSM","active":true,"direction_deg":null}},{"type":"Feature","geometry":{"type":"Point","coordinates":[-43.453692,-23.01128]},"properties":{"kind":"FIXED","limit_kmh":null,"source":"OSM","active":true,"direction_deg":null}},{"type":"Feature","geometry":{"type":"Point","coordinates":[-43.453417,-23.011274]},"properties":{"kind":"FIXED","limit_kmh":null,"source":"OSM","active":true,"direction_deg":null}},{"type":"Feature","geometry":{"type":"Point","coordinates":[-43.453684,-23.011244]},"properties":{"kind":"RED_LIGHT","limit_kmh":null,"source":"OSM","active":true,"direction_deg":null}},{"type":"Feature","geometry":{"type":"Point","coordinates":[-43.45323,-23.0108]},"properties":{"kind":"RED_LIGHT","limit_kmh":null,"source":"OSM","active":true,"direction_deg":null}},{"type":"Feature","geometry":{"type":"Point","coordinates":[-43.453164,-23.010725]},"properties":{"kind":"FIXED","limit_kmh":null,"source":"OSM","active":true,"direction_deg":null}},{"type":"Feature","geometry":{"type":"Point","coordinates":[-43.453277,-23.010668]},"properties":{"kind":"FIXED","limit_kmh":null,"source":"OSM","active":true,"direction_deg":null}},{"type":"Feature","geometry":{"type":"Point","coordinates":[-43.453362,-23.01062]},"properties":{"kind":"RED_LIGHT","limit_kmh":null,"source":"OSM","active":true,"direction_deg":null}},{"type":"Feature","geometry":{"type":"Point","coordinates":[-43.36975,-23.010564]},"properties":{"kind":"FIXED","limit_kmh":50,"source":"RIO","active":true,"direction_deg":null}},{"type":"Feature","geometry":{"type":"Point","coordinates":[-43.444046,-23.009146]},"properties":{"kind":"RED_LIGHT","limit_kmh":null,"source":"RIO","active":true,"direction_deg":null}},{"type":"Feature","geometry":{"type":"Point","coordinates":[-43.300499,-23.008874]},"properties":{"kind":"FIXED","limit_kmh":40,"source":"OSM","active":true,"direction_deg":null}},{"type":"Feature","geometry":{"type":"Point","coordinates":[-43.444402,-23.008862]},"properties":{"kind":"FIXED","limit_kmh":80,"source":"OSM","active":true,"direction_deg":null}},{"type":"Feature","geometry":{"type":"Point","coordinates":[-43.291462,-23.00872]},"properties":{"kind":"FIXED","limit_kmh":30,"source":"RIO","active":true,"direction_deg":null}},{"type":"Feature","geometry":{"type":"Point","coordinates":[-43.30108,-23.008711]},"properties":{"kind":"FIXED","limit_kmh":50,"source":"RIO","active":true,"direction_deg":null}},{"type":"Feature","geometry":{"type":"Point","coordinates":[-43.29356,-23.008582]},"properties":{"kind":"FIXED","limit_kmh":40,"source":"OSM","active":true,"direction_deg":null}},{"type":"Feature","geometry":{"type":"Point","coordinates":[-43.366245,-23.008581]},"properties":{"kind":"FIXED","limit_kmh":50,"source":"OSM","active":true,"direction_deg":null}},{"type":"Feature","geometry":{"type":"Point","coordinates":[-43.439163,-23.008474]},"properties":{"kind":"FIXED","limit_kmh":40,"source":"OSM","active":true,"direction_deg":null}},{"type":"Feature","geometry":{"type":"Point","coordinates":[-43.366563,-23.008266]},"properties":{"kind":"FIXED","limit_kmh":50,"source":"RIO","active":true,"direction_deg":null}},{"type":"Feature","geometry":{"type":"Point","coordinates":[-43.301428,-23.008254]},"properties":{"kind":"FIXED","limit_kmh":50,"source":"RIO","active":true,"direction_deg":null}},{"type":"Feature","geometry":{"type":"Point","coordinates":[-43.292066,-23.008167]},"properties":{"kind":"FIXED","limit_kmh":30,"source":"RIO","active":true,"direction_deg":null}},{"type":"Feature","geometry":{"type":"Point","coordinates":[-43.301628,-23.00814]},"properties":{"kind":"FIXED","limit_kmh":50,"source":"RIO","active":true,"direction_deg":null}},{"type":"Feature","geometry":{"type":"Point","coordinates":[-43.286766,-23.007877]},"properties":{"kind":"FIXED","limit_kmh":30,"source":"RIO","active":true,"direction_deg":null}},{"type":"Feature","geometry":{"type":"Point","coordinates":[-43.441578,-23.00766]},"properties":{"kind":"RED_LIGHT","limit_kmh":null,"source":"RIO","active":true,"direction_deg":null}},{"type":"Feature","geometry":{"type":"Point","coordinates":[-43.438369,-23.007448]},"properties":{"kind":"FIXED","limit_kmh":40,"source":"OSM","active":true,"direction_deg":null}},{"type":"Feature","geometry":{"type":"Point","coordinates":[-43.316323,-23.007298]},"properties":{"kind":"FIXED","limit_kmh":40,"source":"OSM","active":true,"direction_deg":null}},{"type":"Feature","geometry":{"type":"Point","coordinates":[-43.557314,-23.005725]},"properties":{"kind":"FIXED","limit_kmh":80,"source":"OSM","active":true,"direction_deg":null}},{"type":"Feature","geometry":{"type":"Point","coordinates":[-43.557292,-23.005632]},"properties":{"kind":"FIXED","limit_kmh":80,"source":"OSM","active":true,"direction_deg":null}},{"type":"Feature","geometry":{"type":"Point","coordinates":[-43.279554,-23.005442]},"properties":{"kind":"FIXED","limit_kmh":70,"source":"OSM","active":true,"direction_deg":null}},{"type":"Feature","geometry":{"type":"Point","coordinates":[-43.559452,-23.005236]},"properties":{"kind":"FIXED","limit_kmh":80,"source":"OSM","active":true,"direction_deg":null}},{"type":"Feature","geometry":{"type":"Point","coordinates":[-43.559461,-23.00487]},"properties":{"kind":"FIXED","limit_kmh":80,"source":"OSM","active":true,"direction_deg":null}},{"type":"Feature","geometry":{"type":"Point","coordinates":[-43.559418,-23.004781]},"properties":{"kind":"FIXED","limit_kmh":80,"source":"OSM","active":true,"direction_deg":null}},{"type":"Feature","geometry":{"type":"Point","coordinates":[-43.303896,-23.004728]},"properties":{"kind":"RED_LIGHT","limit_kmh":null,"source":"RIO","active":true,"direction_deg":null}},{"type":"Feature","geometry":{"type":"Point","coordinates":[-43.323527,-23.004216]},"properties":{"kind":"RED_LIGHT","limit_kmh":null,"source":"RIO","active":true,"direction_deg":null}},{"type":"Feature","geometry":{"type":"Point","coordinates":[-43.425436,-23.003899]},"properties":{"kind":"RED_LIGHT","limit_kmh":null,"source":"RIO","active":true,"direction_deg":null}},{"type":"Feature","geometry":{"type":"Point","coordinates":[-43.425148,-23.0036]},"properties":{"kind":"FIXED","limit_kmh":70,"source":"OSM","active":true,"direction_deg":null}},{"type":"Feature","geometry":{"type":"Point","coordinates":[-43.322043,-23.003594]},"properties":{"kind":"RED_LIGHT","limit_kmh":null,"source":"RIO","active":true,"direction_deg":null}},{"type":"Feature","geometry":{"type":"Point","coordinates":[-43.425259,-23.003498]},"properties":{"kind":"FIXED","limit_kmh":80,"source":"OSM","active":true,"direction_deg":null}},{"type":"Feature","geometry":{"type":"Point","coordinates":[-43.325611,-23.003092]},"properties":{"kind":"RED_LIGHT","limit_kmh":null,"source":"RIO","active":true,"direction_deg":null}},{"type":"Feature","geometry":{"type":"Point","coordinates":[-44.228728,-23.002776]},"properties":{"kind":"FIXED","limit_kmh":60,"source":"OSM","active":true,"direction_deg":null}},{"type":"Feature","geometry":{"type":"Point","coordinates":[-43.433209,-23.002663]},"properties":{"kind":"RED_LIGHT","limit_kmh":null,"source":"RIO","active":true,"direction_deg":null}},{"type":"Feature","geometry":{"type":"Point","coordinates":[-44.297922,-23.002651]},"properties":{"kind":"FIXED","limit_kmh":50,"source":"ANTT","active":true,"direction_deg":11}},{"type":"Feature","geometry":{"type":"Point","coordinates":[-43.324507,-23.002638]},"properties":{"kind":"RED_LIGHT","limit_kmh":null,"source":"RIO","active":true,"direction_deg":null}},{"type":"Feature","geometry":{"type":"Point","coordinates":[-44.457553,-23.002626]},"properties":{"kind":"FIXED","limit_kmh":80,"source":"OSM","active":true,"direction_deg":null}},{"type":"Feature","geometry":{"type":"Point","coordinates":[-44.297814,-23.002569]},"properties":{"kind":"FIXED","limit_kmh":50,"source":"OSM","active":true,"direction_deg":null}},{"type":"Feature","geometry":{"type":"Point","coordinates":[-44.228513,-23.002553]},"properties":{"kind":"FIXED","limit_kmh":60,"source":"ANTT","active":true,"direction_deg":218}},{"type":"Feature","geometry":{"type":"Point","coordinates":[-43.329796,-23.002362]},"properties":{"kind":"RED_LIGHT","limit_kmh":null,"source":"RIO","active":true,"direction_deg":null}},{"type":"Feature","geometry":{"type":"Point","coordinates":[-43.275177,-23.002084]},"properties":{"kind":"FIXED","limit_kmh":70,"source":"OSM","active":true,"direction_deg":null}},{"type":"Feature","geometry":{"type":"Point","coordinates":[-43.330245,-23.001513]},"properties":{"kind":"RED_LIGHT","limit_kmh":null,"source":"RIO","active":true,"direction_deg":null}},{"type":"Feature","geometry":{"type":"Point","coordinates":[-43.334507,-23.001105]},"properties":{"kind":"RED_LIGHT","limit_kmh":null,"source":"RIO","active":true,"direction_deg":null}},{"type":"Feature","geometry":{"type":"Point","coordinates":[-44.441456,-23.001004]},"properties":{"kind":"FIXED","limit_kmh":60,"source":"OSM","active":true,"direction_deg":null}},{"type":"Feature","geometry":{"type":"Point","coordinates":[-44.440932,-23.000993]},"properties":{"kind":"FIXED","limit_kmh":60,"source":"OSM","active":true,"direction_deg":null}},{"type":"Feature","geometry":{"type":"Point","coordinates":[-43.304861,-23.000955]},"properties":{"kind":"FIXED","limit_kmh":50,"source":"OSM","active":true,"direction_deg":null}},{"type":"Feature","geometry":{"type":"Point","coordinates":[-43.388036,-23.000941]},"properties":{"kind":"RED_LIGHT","limit_kmh":null,"source":"RIO","active":true,"direction_deg":null}},{"type":"Feature","geometry":{"type":"Point","coordinates":[-43.337422,-23.000895]},"properties":{"kind":"RED_LIGHT","limit_kmh":null,"source":"RIO","active":true,"direction_deg":null}},{"type":"Feature","geometry":{"type":"Point","coordinates":[-43.382943,-23.000856]},"properties":{"kind":"RED_LIGHT","limit_kmh":null,"source":"RIO","active":true,"direction_deg":null}},{"type":"Feature","geometry":{"type":"Point","coordinates":[-43.388611,-23.00077]},"properties":{"kind":"RED_LIGHT","limit_kmh":70,"source":"OSM","active":true,"direction_deg":null}},{"type":"Feature","geometry":{"type":"Point","coordinates":[-43.395222,-23.000707]},"properties":{"kind":"RED_LIGHT","limit_kmh":null,"source":"RIO","active":true,"direction_deg":null}},{"type":"Feature","geometry":{"type":"Point","coordinates":[-43.419038,-23.000697]},"properties":{"kind":"RED_LIGHT","limit_kmh":null,"source":"RIO","active":true,"direction_deg":null}},{"type":"Feature","geometry":{"type":"Point","coordinates":[-43.375093,-23.000693]},"properties":{"kind":"FIXED","limit_kmh":null,"source":"OSM","active":true,"direction_deg":null}},{"type":"Feature","geometry":{"type":"Point","coordinates":[-43.375035,-23.000619]},"properties":{"kind":"RED_LIGHT","limit_kmh":null,"source":"OSM","active":true,"direction_deg":null}},{"type":"Feature","geometry":{"type":"Point","coordinates":[-43.38867,-23.000572]},"properties":{"kind":"RED_LIGHT","limit_kmh":80,"source":"OSM","active":true,"direction_deg":null}},{"type":"Feature","geometry":{"type":"Point","coordinates":[-43.397009,-23.000537]},"properties":{"kind":"FIXED","limit_kmh":70,"source":"OSM","active":true,"direction_deg":null}},{"type":"Feature","geometry":{"type":"Point","coordinates":[-43.355651,-23.000529]},"properties":{"kind":"RED_LIGHT","limit_kmh":null,"source":"RIO","active":true,"direction_deg":null}},{"type":"Feature","geometry":{"type":"Point","coordinates":[-43.347817,-23.000528]},"properties":{"kind":"RED_LIGHT","limit_kmh":null,"source":"RIO","active":true,"direction_deg":null}},{"type":"Feature","geometry":{"type":"Point","coordinates":[-43.378758,-23.000508]},"properties":{"kind":"FIXED","limit_kmh":null,"source":"OSM","active":true,"direction_deg":null}},{"type":"Feature","geometry":{"type":"Point","coordinates":[-43.36399,-23.000494]},"properties":{"kind":"FIXED","limit_kmh":40,"source":"OSM","active":true,"direction_deg":null}},{"type":"Feature","geometry":{"type":"Point","coordinates":[-43.354029,-23.000489]},"properties":{"kind":"RED_LIGHT","limit_kmh":null,"source":"RIO","active":true,"direction_deg":null}},{"type":"Feature","geometry":{"type":"Point","coordinates":[-43.378636,-23.00046]},"properties":{"kind":"RED_LIGHT","limit_kmh":null,"source":"OSM","active":true,"direction_deg":null}},{"type":"Feature","geometry":{"type":"Point","coordinates":[-43.375076,-23.000445]},"properties":{"kind":"FIXED","limit_kmh":null,"source":"OSM","active":true,"direction_deg":null}},{"type":"Feature","geometry":{"type":"Point","coordinates":[-43.375017,-23.000391]},"properties":{"kind":"RED_LIGHT","limit_kmh":null,"source":"OSM","active":true,"direction_deg":null}},{"type":"Feature","geometry":{"type":"Point","coordinates":[-43.397087,-23.000366]},"properties":{"kind":"FIXED","limit_kmh":80,"source":"OSM","active":true,"direction_deg":null}},{"type":"Feature","geometry":{"type":"Point","coordinates":[-44.227485,-23.00034]},"properties":{"kind":"FIXED","limit_kmh":40,"source":"OSM","active":true,"direction_deg":null}},{"type":"Feature","geometry":{"type":"Point","coordinates":[-43.388084,-23.000332]},"properties":{"kind":"RED_LIGHT","limit_kmh":80,"source":"OSM","active":true,"direction_deg":null}},{"type":"Feature","geometry":{"type":"Point","coordinates":[-43.430405,-23.000266]},"properties":{"kind":"RED_LIGHT","limit_kmh":null,"source":"RIO","active":true,"direction_deg":null}},{"type":"Feature","geometry":{"type":"Point","coordinates":[-43.374918,-23.000228]},"properties":{"kind":"FIXED","limit_kmh":null,"source":"OSM","active":true,"direction_deg":null}},{"type":"Feature","geometry":{"type":"Point","coordinates":[-43.378056,-23.000195]},"properties":{"kind":"RED_LIGHT","limit_kmh":null,"source":"OSM","active":true,"direction_deg":null}},{"type":"Feature","geometry":{"type":"Point","coordinates":[-43.388245,-23.000141]},"properties":{"kind":"RED_LIGHT","limit_kmh":null,"source":"OSM","active":true,"direction_deg":null}},{"type":"Feature","geometry":{"type":"Point","coordinates":[-43.374941,-23.000135]},"properties":{"kind":"RED_LIGHT","limit_kmh":null,"source":"OSM","active":true,"direction_deg":null}},{"type":"Feature","geometry":{"type":"Point","coordinates":[-43.378065,-23.000117]},"properties":{"kind":"FIXED","limit_kmh":null,"source":"OSM","active":true,"direction_deg":null}},{"type":"Feature","geometry":{"type":"Point","coordinates":[-43.33505,-23.000049]},"properties":{"kind":"RED_LIGHT","limit_kmh":null,"source":"RIO","active":true,"direction_deg":null}},{"type":"Feature","geometry":{"type":"Point","coordinates":[-43.374917,-23.000006]},"properties":{"kind":"FIXED","limit_kmh":null,"source":"OSM","active":true,"direction_deg":null}},{"type":"Feature","geometry":{"type":"Point","coordinates":[-43.374941,-22.999929]},"properties":{"kind":"RED_LIGHT","limit_kmh":null,"source":"OSM","active":true,"direction_deg":null}},{"type":"Feature","geometry":{"type":"Point","coordinates":[-43.582042,-22.999889]},"properties":{"kind":"RED_LIGHT","limit_kmh":null,"source":"RIO","active":true,"direction_deg":null}},{"type":"Feature","geometry":{"type":"Point","coordinates":[-43.33977,-22.999867]},"properties":{"kind":"RED_LIGHT","limit_kmh":null,"source":"RIO","active":true,"direction_deg":null}},{"type":"Feature","geometry":{"type":"Point","coordinates":[-43.379215,-22.999836]},"properties":{"kind":"RED_LIGHT","limit_kmh":null,"source":"RIO","active":true,"direction_deg":null}},{"type":"Feature","geometry":{"type":"Point","coordinates":[-43.411399,-22.999828]},"properties":{"kind":"FIXED","limit_kmh":80,"source":"OSM","active":true,"direction_deg":null}},{"type":"Feature","geometry":{"type":"Point","coordinates":[-43.382006,-22.999759]},"properties":{"kind":"RED_LIGHT","limit_kmh":null,"source":"RIO","active":true,"direction_deg":null}},{"type":"Feature","geometry":{"type":"Point","coordinates":[-43.35279,-22.999614]},"properties":{"kind":"RED_LIGHT","limit_kmh":null,"source":"RIO","active":true,"direction_deg":null}},{"type":"Feature","geometry":{"type":"Point","coordinates":[-43.583059,-22.999553]},"properties":{"kind":"FIXED","limit_kmh":80,"source":"OSM","active":true,"direction_deg":null}},{"type":"Feature","geometry":{"type":"Point","coordinates":[-43.355382,-22.99955]},"properties":{"kind":"RED_LIGHT","limit_kmh":null,"source":"RIO","active":true,"direction_deg":null}},{"type":"Feature","geometry":{"type":"Point","coordinates":[-43.346371,-22.999348]},"properties":{"kind":"RED_LIGHT","limit_kmh":null,"source":"RIO","active":true,"direction_deg":null}},{"type":"Feature","geometry":{"type":"Point","coordinates":[-43.583055,-22.999294]},"properties":{"kind":"FIXED","limit_kmh":80,"source":"OSM","active":true,"direction_deg":null}},{"type":"Feature","geometry":{"type":"Point","coordinates":[-43.585885,-22.998884]},"properties":{"kind":"FIXED","limit_kmh":80,"source":"OSM","active":true,"direction_deg":null}},{"type":"Feature","geometry":{"type":"Point","coordinates":[-43.585841,-22.998698]},"properties":{"kind":"FIXED","limit_kmh":80,"source":"OSM","active":true,"direction_deg":null}},{"type":"Feature","geometry":{"type":"Point","coordinates":[-43.364253,-22.998555]},"properties":{"kind":"FIXED","limit_kmh":60,"source":"OSM","active":true,"direction_deg":null}},{"type":"Feature","geometry":{"type":"Point","coordinates":[-44.227931,-22.998407]},"properties":{"kind":"FIXED","limit_kmh":40,"source":"OSM","active":true,"direction_deg":null}},{"type":"Feature","geometry":{"type":"Point","coordinates":[-43.256065,-22.998401]},"properties":{"kind":"FIXED","limit_kmh":60,"source":"OSM","active":true,"direction_deg":null}},{"type":"Feature","geometry":{"type":"Point","coordinates":[-43.364151,-22.998357]},"properties":{"kind":"FIXED","limit_kmh":60,"source":"OSM","active":true,"direction_deg":null}},{"type":"Feature","geometry":{"type":"Point","coordinates":[-43.508428,-22.99815]},"properties":{"kind":"FIXED","limit_kmh":40,"source":"OSM","active":true,"direction_deg":null}},{"type":"Feature","geometry":{"type":"Point","coordinates":[-43.265724,-22.998107]},"properties":{"kind":"FIXED","limit_kmh":80,"source":"OSM","active":true,"direction_deg":null}},{"type":"Feature","geometry":{"type":"Point","coordinates":[-43.265009,-22.99779]},"properties":{"kind":"FIXED","limit_kmh":80,"source":"OSM","active":true,"direction_deg":null}},{"type":"Feature","geometry":{"type":"Point","coordinates":[-43.365085,-22.997613]},"properties":{"kind":"FIXED","limit_kmh":70,"source":"OSM","active":true,"direction_deg":null}},{"type":"Feature","geometry":{"type":"Point","coordinates":[-43.449895,-22.996485]},"properties":{"kind":"FIXED","limit_kmh":50,"source":"OSM","active":true,"direction_deg":null}},{"type":"Feature","geometry":{"type":"Point","coordinates":[-43.256644,-22.995908]},"properties":{"kind":"RED_LIGHT","limit_kmh":null,"source":"RIO","active":true,"direction_deg":null}},{"type":"Feature","geometry":{"type":"Point","coordinates":[-43.253182,-22.994748]},"properties":{"kind":"FIXED","limit_kmh":40,"source":"RIO","active":true,"direction_deg":null}},{"type":"Feature","geometry":{"type":"Point","coordinates":[-43.270988,-22.994514]},"properties":{"kind":"FIXED","limit_kmh":40,"source":"OSM","active":true,"direction_deg":null}},{"type":"Feature","geometry":{"type":"Point","coordinates":[-43.303305,-22.994283]},"properties":{"kind":"FIXED","limit_kmh":50,"source":"RIO","active":true,"direction_deg":null}},{"type":"Feature","geometry":{"type":"Point","coordinates":[-43.303369,-22.994186]},"properties":{"kind":"FIXED","limit_kmh":50,"source":"OSM","active":true,"direction_deg":null}},{"type":"Feature","geometry":{"type":"Point","coordinates":[-43.61108,-22.9941]},"properties":{"kind":"FIXED","limit_kmh":50,"source":"RIO","active":true,"direction_deg":null}},{"type":"Feature","geometry":{"type":"Point","coordinates":[-44.303945,-22.993686]},"properties":{"kind":"FIXED","limit_kmh":60,"source":"OSM","active":true,"direction_deg":null}},{"type":"Feature","geometry":{"type":"Point","coordinates":[-43.611099,-22.993685]},"properties":{"kind":"FIXED","limit_kmh":50,"source":"RIO","active":true,"direction_deg":null}},{"type":"Feature","geometry":{"type":"Point","coordinates":[-44.247875,-22.993495]},"properties":{"kind":"FIXED","limit_kmh":50,"source":"OSM","active":true,"direction_deg":null}},{"type":"Feature","geometry":{"type":"Point","coordinates":[-44.304171,-22.993467]},"properties":{"kind":"FIXED","limit_kmh":60,"source":"ANTT","active":true,"direction_deg":134}},{"type":"Feature","geometry":{"type":"Point","coordinates":[-44.247773,-22.993366]},"properties":{"kind":"FIXED","limit_kmh":50,"source":"ANTT","active":true,"direction_deg":45}},{"type":"Feature","geometry":{"type":"Point","coordinates":[-43.302774,-22.99236]},"properties":{"kind":"FIXED","limit_kmh":50,"source":"OSM","active":true,"direction_deg":null}},{"type":"Feature","geometry":{"type":"Point","coordinates":[-43.593051,-22.992036]},"properties":{"kind":"FIXED","limit_kmh":50,"source":"OSM","active":true,"direction_deg":null}},{"type":"Feature","geometry":{"type":"Point","coordinates":[-43.445803,-22.991746]},"properties":{"kind":"RED_LIGHT","limit_kmh":null,"source":"RIO","active":true,"direction_deg":null}},{"type":"Feature","geometry":{"type":"Point","coordinates":[-43.593943,-22.991462]},"properties":{"kind":"FIXED","limit_kmh":40,"source":"OSM","active":true,"direction_deg":null}},{"type":"Feature","geometry":{"type":"Point","coordinates":[-44.236565,-22.988052]},"properties":{"kind":"FIXED","limit_kmh":50,"source":"OSM","active":true,"direction_deg":null}},{"type":"Feature","geometry":{"type":"Point","coordinates":[-44.302403,-22.987772]},"properties":{"kind":"FIXED","limit_kmh":60,"source":"ANTT","active":true,"direction_deg":242}},{"type":"Feature","geometry":{"type":"Point","coordinates":[-44.30211,-22.9877]},"properties":{"kind":"FIXED","limit_kmh":60,"source":"OSM","active":true,"direction_deg":null}},{"type":"Feature","geometry":{"type":"Point","coordinates":[-44.234874,-22.987513]},"properties":{"kind":"FIXED","limit_kmh":50,"source":"ANTT","active":true,"direction_deg":76}},{"type":"Feature","geometry":{"type":"Point","coordinates":[-43.224538,-22.987201]},"properties":{"kind":"RED_LIGHT","limit_kmh":null,"source":"RIO","active":true,"direction_deg":null}},{"type":"Feature","geometry":{"type":"Point","coordinates":[-43.223951,-22.987068]},"properties":{"kind":"RED_LIGHT","limit_kmh":null,"source":"RIO","active":true,"direction_deg":null}},{"type":"Feature","geometry":{"type":"Point","coordinates":[-44.300262,-22.987042]},"properties":{"kind":"FIXED","limit_kmh":60,"source":"OSM","active":true,"direction_deg":null}},{"type":"Feature","geometry":{"type":"Point","coordinates":[-43.227376,-22.986984]},"properties":{"kind":"RED_LIGHT","limit_kmh":null,"source":"RIO","active":true,"direction_deg":null}},{"type":"Feature","geometry":{"type":"Point","coordinates":[-43.199081,-22.98698]},"properties":{"kind":"FIXED","limit_kmh":null,"source":"OSM","active":true,"direction_deg":null}},{"type":"Feature","geometry":{"type":"Point","coordinates":[-43.199186,-22.986882]},"properties":{"kind":"RED_LIGHT","limit_kmh":null,"source":"OSM","active":true,"direction_deg":null}},{"type":"Feature","geometry":{"type":"Point","coordinates":[-43.199072,-22.986854]},"properties":{"kind":"FIXED","limit_kmh":null,"source":"OSM","active":true,"direction_deg":null}},{"type":"Feature","geometry":{"type":"Point","coordinates":[-43.198495,-22.986798]},"properties":{"kind":"RED_LIGHT","limit_kmh":null,"source":"OSM","active":true,"direction_deg":null}},{"type":"Feature","geometry":{"type":"Point","coordinates":[-43.198544,-22.986676]},"properties":{"kind":"FIXED","limit_kmh":null,"source":"OSM","active":true,"direction_deg":null}},{"type":"Feature","geometry":{"type":"Point","coordinates":[-43.198923,-22.986609]},"properties":{"kind":"RED_LIGHT","limit_kmh":null,"source":"RIO","active":true,"direction_deg":null}},{"type":"Feature","geometry":{"type":"Point","coordinates":[-43.198614,-22.986594]},"properties":{"kind":"RED_LIGHT","limit_kmh":null,"source":"RIO","active":true,"direction_deg":null}},{"type":"Feature","geometry":{"type":"Point","coordinates":[-43.220109,-22.98646]},"properties":{"kind":"RED_LIGHT","limit_kmh":null,"source":"RIO","active":true,"direction_deg":null}},{"type":"Feature","geometry":{"type":"Point","coordinates":[-43.434251,-22.986219]},"properties":{"kind":"RED_LIGHT","limit_kmh":null,"source":"RIO","active":true,"direction_deg":null}},{"type":"Feature","geometry":{"type":"Point","coordinates":[-43.207078,-22.986169]},"properties":{"kind":"RED_LIGHT","limit_kmh":null,"source":"RIO","active":true,"direction_deg":null}},{"type":"Feature","geometry":{"type":"Point","coordinates":[-43.207436,-22.986151]},"properties":{"kind":"RED_LIGHT","limit_kmh":null,"source":"RIO","active":true,"direction_deg":null}},{"type":"Feature","geometry":{"type":"Point","coordinates":[-43.458419,-22.986055]},"properties":{"kind":"RED_LIGHT","limit_kmh":null,"source":"RIO","active":true,"direction_deg":null}},{"type":"Feature","geometry":{"type":"Point","coordinates":[-43.457889,-22.985991]},"properties":{"kind":"FIXED","limit_kmh":60,"source":"OSM","active":true,"direction_deg":null}},{"type":"Feature","geometry":{"type":"Point","coordinates":[-44.297282,-22.985934]},"properties":{"kind":"FIXED","limit_kmh":60,"source":"OSM","active":true,"direction_deg":null}},{"type":"Feature","geometry":{"type":"Point","coordinates":[-44.297128,-22.985655]},"properties":{"kind":"FIXED","limit_kmh":60,"source":"ANTT","active":true,"direction_deg":36}},{"type":"Feature","geometry":{"type":"Point","coordinates":[-43.505436,-22.985585]},"properties":{"kind":"FIXED","limit_kmh":40,"source":"OSM","active":true,"direction_deg":null}},{"type":"Feature","geometry":{"type":"Point","coordinates":[-43.489894,-22.985366]},"properties":{"kind":"FIXED","limit_kmh":40,"source":"OSM","active":true,"direction_deg":null}},{"type":"Feature","geometry":{"type":"Point","coordinates":[-43.202508,-22.985353]},"properties":{"kind":"FIXED","limit_kmh":50,"source":"RIO","active":true,"direction_deg":null}},{"type":"Feature","geometry":{"type":"Point","coordinates":[-43.22551,-22.985231]},"properties":{"kind":"FIXED","limit_kmh":60,"source":"RIO","active":true,"direction_deg":null}},{"type":"Feature","geometry":{"type":"Point","coordinates":[-43.203395,-22.98508]},"properties":{"kind":"FIXED","limit_kmh":60,"source":"RIO","active":true,"direction_deg":null}},{"type":"Feature","geometry":{"type":"Point","coordinates":[-43.211678,-22.984884]},"properties":{"kind":"FIXED","limit_kmh":50,"source":"RIO","active":true,"direction_deg":null}},{"type":"Feature","geometry":{"type":"Point","coordinates":[-43.218194,-22.984714]},"properties":{"kind":"FIXED","limit_kmh":60,"source":"RIO","active":true,"direction_deg":null}},{"type":"Feature","geometry":{"type":"Point","coordinates":[-43.200472,-22.984645]},"properties":{"kind":"FIXED","limit_kmh":60,"source":"RIO","active":true,"direction_deg":null}},{"type":"Feature","geometry":{"type":"Point","coordinates":[-43.205366,-22.984416]},"properties":{"kind":"FIXED","limit_kmh":50,"source":"RIO","active":true,"direction_deg":null}},{"type":"Feature","geometry":{"type":"Point","coordinates":[-43.212894,-22.984044]},"properties":{"kind":"FIXED","limit_kmh":50,"source":"RIO","active":true,"direction_deg":null}},{"type":"Feature","geometry":{"type":"Point","coordinates":[-43.218688,-22.983895]},"properties":{"kind":"FIXED","limit_kmh":60,"source":"RIO","active":true,"direction_deg":null}},{"type":"Feature","geometry":{"type":"Point","coordinates":[-43.238925,-22.983116]},"properties":{"kind":"FIXED","limit_kmh":40,"source":"OSM","active":true,"direction_deg":null}},{"type":"Feature","geometry":{"type":"Point","coordinates":[-43.206815,-22.982942]},"properties":{"kind":"RED_LIGHT","limit_kmh":null,"source":"RIO","active":true,"direction_deg":null}},{"type":"Feature","geometry":{"type":"Point","coordinates":[-43.206891,-22.982919]},"properties":{"kind":"RED_LIGHT","limit_kmh":null,"source":"RIO","active":true,"direction_deg":null}},{"type":"Feature","geometry":{"type":"Point","coordinates":[-43.190245,-22.9829]},"properties":{"kind":"RED_LIGHT","limit_kmh":null,"source":"RIO","active":true,"direction_deg":null}},{"type":"Feature","geometry":{"type":"Point","coordinates":[-43.190236,-22.982677]},"properties":{"kind":"RED_LIGHT","limit_kmh":null,"source":"RIO","active":true,"direction_deg":null}},{"type":"Feature","geometry":{"type":"Point","coordinates":[-43.466725,-22.982238]},"properties":{"kind":"FIXED","limit_kmh":50,"source":"OSM","active":true,"direction_deg":null}},{"type":"Feature","geometry":{"type":"Point","coordinates":[-43.190937,-22.982231]},"properties":{"kind":"FIXED","limit_kmh":50,"source":"RIO","active":true,"direction_deg":null}},{"type":"Feature","geometry":{"type":"Point","coordinates":[-43.192561,-22.981732]},"properties":{"kind":"FIXED","limit_kmh":50,"source":"RIO","active":true,"direction_deg":null}},{"type":"Feature","geometry":{"type":"Point","coordinates":[-43.587873,-22.981594]},"properties":{"kind":"FIXED","limit_kmh":50,"source":"OSM","active":true,"direction_deg":null}},{"type":"Feature","geometry":{"type":"Point","coordinates":[-43.587618,-22.981487]},"properties":{"kind":"FIXED","limit_kmh":50,"source":"RIO","active":true,"direction_deg":null}},{"type":"Feature","geometry":{"type":"Point","coordinates":[-44.295532,-22.980609]},"properties":{"kind":"FIXED","limit_kmh":50,"source":"OSM","active":true,"direction_deg":null}},{"type":"Feature","geometry":{"type":"Point","coordinates":[-43.42347,-22.980437]},"properties":{"kind":"RED_LIGHT","limit_kmh":null,"source":"RIO","active":true,"direction_deg":null}},{"type":"Feature","geometry":{"type":"Point","coordinates":[-43.234677,-22.980004]},"properties":{"kind":"FIXED","limit_kmh":40,"source":"OSM","active":true,"direction_deg":null}},{"type":"Feature","geometry":{"type":"Point","coordinates":[-44.295653,-22.979988]},"properties":{"kind":"FIXED","limit_kmh":50,"source":"OSM","active":true,"direction_deg":null}},{"type":"Feature","geometry":{"type":"Point","coordinates":[-43.414514,-22.979958]},"properties":{"kind":"FIXED","limit_kmh":60,"source":"OSM","active":true,"direction_deg":null}},{"type":"Feature","geometry":{"type":"Point","coordinates":[-43.414474,-22.979816]},"properties":{"kind":"FIXED","limit_kmh":60,"source":"OSM","active":true,"direction_deg":null}},{"type":"Feature","geometry":{"type":"Point","coordinates":[-44.295796,-22.979751]},"properties":{"kind":"FIXED","limit_kmh":50,"source":"ANTT","active":true,"direction_deg":167}},{"type":"Feature","geometry":{"type":"Point","coordinates":[-43.220773,-22.979715]},"properties":{"kind":"RED_LIGHT","limit_kmh":null,"source":"RIO","active":true,"direction_deg":null}},{"type":"Feature","geometry":{"type":"Point","coordinates":[-43.234587,-22.979573]},"properties":{"kind":"FIXED","limit_kmh":40,"source":"OSM","active":true,"direction_deg":null}},{"type":"Feature","geometry":{"type":"Point","coordinates":[-43.588546,-22.97956]},"properties":{"kind":"FIXED","limit_kmh":50,"source":"OSM","active":true,"direction_deg":null}},{"type":"Feature","geometry":{"type":"Point","coordinates":[-43.234735,-22.979154]},"properties":{"kind":"FIXED","limit_kmh":40,"source":"RIO","active":true,"direction_deg":null}},{"type":"Feature","geometry":{"type":"Point","coordinates":[-43.228997,-22.979095]},"properties":{"kind":"FIXED","limit_kmh":70,"source":"OSM","active":true,"direction_deg":null}},{"type":"Feature","geometry":{"type":"Point","coordinates":[-43.229315,-22.979024]},"properties":{"kind":"FIXED","limit_kmh":70,"source":"OSM","active":true,"direction_deg":null}},{"type":"Feature","geometry":{"type":"Point","coordinates":[-43.589288,-22.979013]},"properties":{"kind":"FIXED","limit_kmh":50,"source":"RIO","active":true,"direction_deg":null}},{"type":"Feature","geometry":{"type":"Point","coordinates":[-43.226209,-22.978674]},"properties":{"kind":"RED_LIGHT","limit_kmh":null,"source":"RIO","active":true,"direction_deg":null}},{"type":"Feature","geometry":{"type":"Point","coordinates":[-43.230893,-22.977562]},"properties":{"kind":"RED_LIGHT","limit_kmh":null,"source":"RIO","active":true,"direction_deg":null}},{"type":"Feature","geometry":{"type":"Point","coordinates":[-43.190177,-22.976831]},"properties":{"kind":"FIXED","limit_kmh":50,"source":"RIO","active":true,"direction_deg":null}},{"type":"Feature","geometry":{"type":"Point","coordinates":[-43.197566,-22.976803]},"properties":{"kind":"FIXED","limit_kmh":60,"source":"RIO","active":true,"direction_deg":null}},{"type":"Feature","geometry":{"type":"Point","coordinates":[-43.197104,-22.976777]},"properties":{"kind":"FIXED","limit_kmh":60,"source":"OSM","active":true,"direction_deg":null}},{"type":"Feature","geometry":{"type":"Point","coordinates":[-43.190261,-22.976154]},"properties":{"kind":"RED_LIGHT","limit_kmh":null,"source":"RIO","active":true,"direction_deg":null}},{"type":"Feature","geometry":{"type":"Point","coordinates":[-43.189823,-22.976]},"properties":{"kind":"RED_LIGHT","limit_kmh":null,"source":"RIO","active":true,"direction_deg":null}},{"type":"Feature","geometry":{"type":"Point","coordinates":[-43.188262,-22.975864]},"properties":{"kind":"RED_LIGHT","limit_kmh":null,"source":"RIO","active":true,"direction_deg":null}},{"type":"Feature","geometry":{"type":"Point","coordinates":[-43.192051,-22.974783]},"properties":{"kind":"FIXED","limit_kmh":60,"source":"RIO","active":true,"direction_deg":null}},{"type":"Feature","geometry":{"type":"Point","coordinates":[-43.285335,-22.973757]},"properties":{"kind":"FIXED","limit_kmh":60,"source":"OSM","active":true,"direction_deg":null}},{"type":"Feature","geometry":{"type":"Point","coordinates":[-43.21799,-22.973469]},"properties":{"kind":"FIXED","limit_kmh":70,"source":"OSM","active":true,"direction_deg":null}},{"type":"Feature","geometry":{"type":"Point","coordinates":[-43.208028,-22.973335]},"properties":{"kind":"FIXED","limit_kmh":50,"source":"OSM","active":true,"direction_deg":null}},{"type":"Feature","geometry":{"type":"Point","coordinates":[-43.207834,-22.973191]},"properties":{"kind":"FIXED","limit_kmh":50,"source":"RIO","active":true,"direction_deg":null}},{"type":"Feature","geometry":{"type":"Point","coordinates":[-43.207889,-22.972961]},"properties":{"kind":"FIXED","limit_kmh":50,"source":"RIO","active":true,"direction_deg":null}},{"type":"Feature","geometry":{"type":"Point","coordinates":[-43.20802,-22.972929]},"properties":{"kind":"FIXED","limit_kmh":50,"source":"OSM","active":true,"direction_deg":null}},{"type":"Feature","geometry":{"type":"Point","coordinates":[-43.387357,-22.972922]},"properties":{"kind":"RED_LIGHT","limit_kmh":null,"source":"RIO","active":true,"direction_deg":null}},{"type":"Feature","geometry":{"type":"Point","coordinates":[-43.397627,-22.972751]},"properties":{"kind":"RED_LIGHT","limit_kmh":null,"source":"RIO","active":true,"direction_deg":null}},{"type":"Feature","geometry":{"type":"Point","coordinates":[-43.185892,-22.972466]},"properties":{"kind":"RED_LIGHT","limit_kmh":null,"source":"RIO","active":true,"direction_deg":null}},{"type":"Feature","geometry":{"type":"Point","coordinates":[-43.28368,-22.972137]},"properties":{"kind":"FIXED","limit_kmh":60,"source":"OSM","active":true,"direction_deg":null}},{"type":"Feature","geometry":{"type":"Point","coordinates":[-43.361554,-22.971337]},"properties":{"kind":"FIXED","limit_kmh":80,"source":"OSM","active":true,"direction_deg":null}},{"type":"Feature","geometry":{"type":"Point","coordinates":[-43.361435,-22.970965]},"properties":{"kind":"FIXED","limit_kmh":70,"source":"OSM","active":true,"direction_deg":null}},{"type":"Feature","geometry":{"type":"Point","coordinates":[-43.186287,-22.970801]},"properties":{"kind":"FIXED","limit_kmh":60,"source":"RIO","active":true,"direction_deg":null}},{"type":"Feature","geometry":{"type":"Point","coordinates":[-43.183459,-22.970272]},"properties":{"kind":"RED_LIGHT","limit_kmh":null,"source":"RIO","active":true,"direction_deg":null}},{"type":"Feature","geometry":{"type":"Point","coordinates":[-43.413704,-22.970254]},"properties":{"kind":"FIXED","limit_kmh":40,"source":"OSM","active":true,"direction_deg":null}},{"type":"Feature","geometry":{"type":"Point","coordinates":[-43.41382,-22.970252]},"properties":{"kind":"FIXED","limit_kmh":40,"source":"OSM","active":true,"direction_deg":null}},{"type":"Feature","geometry":{"type":"Point","coordinates":[-43.413546,-22.970033]},"properties":{"kind":"FIXED","limit_kmh":40,"source":"RIO","active":true,"direction_deg":null}},{"type":"Feature","geometry":{"type":"Point","coordinates":[-43.217349,-22.969634]},"properties":{"kind":"FIXED","limit_kmh":70,"source":"OSM","active":true,"direction_deg":null}},{"type":"Feature","geometry":{"type":"Point","coordinates":[-43.184505,-22.968813]},"properties":{"kind":"FIXED","limit_kmh":50,"source":"RIO","active":true,"direction_deg":null}},{"type":"Feature","geometry":{"type":"Point","coordinates":[-43.180839,-22.968495]},"properties":{"kind":"RED_LIGHT","limit_kmh":null,"source":"RIO","active":true,"direction_deg":null}},{"type":"Feature","geometry":{"type":"Point","coordinates":[-43.358228,-22.968355]},"properties":{"kind":"FIXED","limit_kmh":80,"source":"OSM","active":true,"direction_deg":null}},{"type":"Feature","geometry":{"type":"Point","coordinates":[-43.185464,-22.968207]},"properties":{"kind":"RED_LIGHT","limit_kmh":null,"source":"RIO","active":true,"direction_deg":null}},{"type":"Feature","geometry":{"type":"Point","coordinates":[-43.358354,-22.968182]},"properties":{"kind":"FIXED","limit_kmh":80,"source":"OSM","active":true,"direction_deg":null}},{"type":"Feature","geometry":{"type":"Point","coordinates":[-43.184982,-22.96793]},"properties":{"kind":"RED_LIGHT","limit_kmh":null,"source":"RIO","active":true,"direction_deg":null}},{"type":"Feature","geometry":{"type":"Point","coordinates":[-43.588728,-22.967855]},"properties":{"kind":"RED_LIGHT","limit_kmh":null,"source":"RIO","active":true,"direction_deg":null}},{"type":"Feature","geometry":{"type":"Point","coordinates":[-43.588917,-22.967779]},"properties":{"kind":"FIXED","limit_kmh":50,"source":"OSM","active":true,"direction_deg":null}},{"type":"Feature","geometry":{"type":"Point","coordinates":[-43.358509,-22.967732]},"properties":{"kind":"FIXED","limit_kmh":70,"source":"OSM","active":true,"direction_deg":null}},{"type":"Feature","geometry":{"type":"Point","coordinates":[-43.5892,-22.967631]},"properties":{"kind":"RED_LIGHT","limit_kmh":null,"source":"RIO","active":true,"direction_deg":null}},{"type":"Feature","geometry":{"type":"Point","coordinates":[-43.589204,-22.967445]},"properties":{"kind":"FIXED","limit_kmh":50,"source":"OSM","active":true,"direction_deg":null}},{"type":"Feature","geometry":{"type":"Point","coordinates":[-43.182931,-22.966655]},"properties":{"kind":"FIXED","limit_kmh":50,"source":"RIO","active":true,"direction_deg":null}},{"type":"Feature","geometry":{"type":"Point","coordinates":[-43.217995,-22.966429]},"properties":{"kind":"RED_LIGHT","limit_kmh":null,"source":"RIO","active":true,"direction_deg":null}},{"type":"Feature","geometry":{"type":"Point","coordinates":[-43.21756,-22.966355]},"properties":{"kind":"RED_LIGHT","limit_kmh":null,"source":"RIO","active":true,"direction_deg":null}},{"type":"Feature","geometry":{"type":"Point","coordinates":[-43.178433,-22.966324]},"properties":{"kind":"FIXED","limit_kmh":50,"source":"RIO","active":true,"direction_deg":null}},{"type":"Feature","geometry":{"type":"Point","coordinates":[-43.217404,-22.966298]},"properties":{"kind":"RED_LIGHT","limit_kmh":null,"source":"RIO","active":true,"direction_deg":null}},{"type":"Feature","geometry":{"type":"Point","coordinates":[-43.219862,-22.966253]},"properties":{"kind":"RED_LIGHT","limit_kmh":null,"source":"RIO","active":true,"direction_deg":null}},{"type":"Feature","geometry":{"type":"Point","coordinates":[-43.219335,-22.966067]},"properties":{"kind":"RED_LIGHT","limit_kmh":null,"source":"RIO","active":true,"direction_deg":null}},{"type":"Feature","geometry":{"type":"Point","coordinates":[-43.227787,-22.965325]},"properties":{"kind":"FIXED","limit_kmh":40,"source":"OSM","active":true,"direction_deg":null}},{"type":"Feature","geometry":{"type":"Point","coordinates":[-43.58933,-22.965063]},"properties":{"kind":"FIXED","limit_kmh":50,"source":"OSM","active":true,"direction_deg":null}},{"type":"Feature","geometry":{"type":"Point","coordinates":[-43.175259,-22.964627]},"properties":{"kind":"FIXED","limit_kmh":50,"source":"RIO","active":true,"direction_deg":null}},{"type":"Feature","geometry":{"type":"Point","coordinates":[-43.589049,-22.964402]},"properties":{"kind":"FIXED","limit_kmh":50,"source":"OSM","active":true,"direction_deg":null}},{"type":"Feature","geometry":{"type":"Point","coordinates":[-43.216581,-22.964345]},"properties":{"kind":"RED_LIGHT","limit_kmh":null,"source":"RIO","active":true,"direction_deg":null}},{"type":"Feature","geometry":{"type":"Point","coordinates":[-44.299021,-22.964284]},"properties":{"kind":"FIXED","limit_kmh":50,"source":"OSM","active":true,"direction_deg":null}},{"type":"Feature","geometry":{"type":"Point","coordinates":[-43.216303,-22.96399]},"properties":{"kind":"RED_LIGHT","limit_kmh":null,"source":"RIO","active":true,"direction_deg":null}},{"type":"Feature","geometry":{"type":"Point","coordinates":[-44.298666,-22.963791]},"properties":{"kind":"FIXED","limit_kmh":50,"source":"OSM","active":true,"direction_deg":null}},{"type":"Feature","geometry":{"type":"Point","coordinates":[-43.177259,-22.963101]},"properties":{"kind":"FIXED","limit_kmh":60,"source":"OSM","active":true,"direction_deg":null}},{"type":"Feature","geometry":{"type":"Point","coordinates":[-43.209536,-22.962812]},"properties":{"kind":"RED_LIGHT","limit_kmh":null,"source":"RIO","active":true,"direction_deg":null}},{"type":"Feature","geometry":{"type":"Point","coordinates":[-43.400046,-22.962694]},"properties":{"kind":"FIXED","limit_kmh":40,"source":"RIO","active":true,"direction_deg":null}},{"type":"Feature","geometry":{"type":"Point","coordinates":[-43.399783,-22.962531]},"properties":{"kind":"FIXED","limit_kmh":40,"source":"OSM","active":true,"direction_deg":null}},{"type":"Feature","geometry":{"type":"Point","coordinates":[-43.395269,-22.961302]},"properties":{"kind":"FIXED","limit_kmh":40,"source":"OSM","active":true,"direction_deg":null}},{"type":"Feature","geometry":{"type":"Point","coordinates":[-43.395721,-22.961258]},"properties":{"kind":"FIXED","limit_kmh":40,"source":"RIO","active":true,"direction_deg":null}},{"type":"Feature","geometry":{"type":"Point","coordinates":[-43.581907,-22.960905]},"properties":{"kind":"FIXED","limit_kmh":50,"source":"OSM","active":true,"direction_deg":null}},{"type":"Feature","geometry":{"type":"Point","coordinates":[-43.207394,-22.960544]},"properties":{"kind":"FIXED","limit_kmh":60,"source":"RIO","active":true,"direction_deg":null}},{"type":"Feature","geometry":{"type":"Point","coordinates":[-43.58163,-22.960458]},"properties":{"kind":"FIXED","limit_kmh":50,"source":"OSM","active":true,"direction_deg":null}},{"type":"Feature","geometry":{"type":"Point","coordinates":[-43.388367,-22.960074]},"properties":{"kind":"RED_LIGHT","limit_kmh":null,"source":"RIO","active":true,"direction_deg":null}},{"type":"Feature","geometry":{"type":"Point","coordinates":[-43.200574,-22.959496]},"properties":{"kind":"RED_LIGHT","limit_kmh":null,"source":"RIO","active":true,"direction_deg":null}},{"type":"Feature","geometry":{"type":"Point","coordinates":[-43.388016,-22.959467]},"properties":{"kind":"RED_LIGHT","limit_kmh":null,"source":"RIO","active":true,"direction_deg":null}},{"type":"Feature","geometry":{"type":"Point","coordinates":[-43.200304,-22.959134]},"properties":{"kind":"RED_LIGHT","limit_kmh":null,"source":"OSM","active":true,"direction_deg":null}},{"type":"Feature","geometry":{"type":"Point","coordinates":[-43.200347,-22.959068]},"properties":{"kind":"RED_LIGHT","limit_kmh":null,"source":"OSM","active":true,"direction_deg":null}},{"type":"Feature","geometry":{"type":"Point","coordinates":[-43.200594,-22.95903]},"properties":{"kind":"FIXED","limit_kmh":60,"source":"OSM","active":true,"direction_deg":null}},{"type":"Feature","geometry":{"type":"Point","coordinates":[-43.383891,-22.958975]},"properties":{"kind":"RED_LIGHT","limit_kmh":null,"source":"RIO","active":true,"direction_deg":null}},{"type":"Feature","geometry":{"type":"Point","coordinates":[-43.200833,-22.958971]},"properties":{"kind":"RED_LIGHT","limit_kmh":null,"source":"RIO","active":true,"direction_deg":null}},{"type":"Feature","geometry":{"type":"Point","coordinates":[-43.197586,-22.95857]},"properties":{"kind":"RED_LIGHT","limit_kmh":null,"source":"RIO","active":true,"direction_deg":null}},{"type":"Feature","geometry":{"type":"Point","coordinates":[-43.382156,-22.95845]},"properties":{"kind":"FIXED","limit_kmh":60,"source":"OSM","active":true,"direction_deg":null}},{"type":"Feature","geometry":{"type":"Point","coordinates":[-43.197418,-22.958394]},"properties":{"kind":"FIXED","limit_kmh":60,"source":"OSM","active":true,"direction_deg":null}},{"type":"Feature","geometry":{"type":"Point","coordinates":[-43.383685,-22.958274]},"properties":{"kind":"RED_LIGHT","limit_kmh":null,"source":"RIO","active":true,"direction_deg":null}},{"type":"Feature","geometry":{"type":"Point","coordinates":[-43.382523,-22.958135]},"properties":{"kind":"RED_LIGHT","limit_kmh":null,"source":"RIO","active":true,"direction_deg":null}},{"type":"Feature","geometry":{"type":"Point","coordinates":[-43.197193,-22.958133]},"properties":{"kind":"RED_LIGHT","limit_kmh":null,"source":"RIO","active":true,"direction_deg":null}},{"type":"Feature","geometry":{"type":"Point","coordinates":[-43.382773,-22.957978]},"properties":{"kind":"RED_LIGHT","limit_kmh":null,"source":"RIO","active":true,"direction_deg":null}},{"type":"Feature","geometry":{"type":"Point","coordinates":[-43.342655,-22.957631]},"properties":{"kind":"FIXED","limit_kmh":40,"source":"OSM","active":true,"direction_deg":null}},{"type":"Feature","geometry":{"type":"Point","coordinates":[-43.343801,-22.957212]},"properties":{"kind":"FIXED","limit_kmh":40,"source":"OSM","active":true,"direction_deg":null}},{"type":"Feature","geometry":{"type":"Point","coordinates":[-43.197456,-22.956191]},"properties":{"kind":"FIXED","limit_kmh":40,"source":"RIO","active":true,"direction_deg":null}},{"type":"Feature","geometry":{"type":"Point","coordinates":[-43.197912,-22.955087]},"properties":{"kind":"FIXED","limit_kmh":40,"source":"RIO","active":true,"direction_deg":null}},{"type":"Feature","geometry":{"type":"Point","coordinates":[-43.376214,-22.954676]},"properties":{"kind":"RED_LIGHT","limit_kmh":null,"source":"RIO","active":true,"direction_deg":null}},{"type":"Feature","geometry":{"type":"Point","coordinates":[-43.19312,-22.954439]},"properties":{"kind":"RED_LIGHT","limit_kmh":null,"source":"RIO","active":true,"direction_deg":null}},{"type":"Feature","geometry":{"type":"Point","coordinates":[-43.191661,-22.954125]},"properties":{"kind":"FIXED","limit_kmh":40,"source":"RIO","active":true,"direction_deg":null}},{"type":"Feature","geometry":{"type":"Point","coordinates":[-43.192837,-22.954071]},"properties":{"kind":"RED_LIGHT","limit_kmh":null,"source":"RIO","active":true,"direction_deg":null}},{"type":"Feature","geometry":{"type":"Point","coordinates":[-43.347219,-22.953556]},"properties":{"kind":"FIXED","limit_kmh":40,"source":"OSM","active":true,"direction_deg":null}},{"type":"Feature","geometry":{"type":"Point","coordinates":[-43.35615,-22.953489]},"properties":{"kind":"FIXED","limit_kmh":60,"source":"OSM","active":true,"direction_deg":null}},{"type":"Feature","geometry":{"type":"Point","coordinates":[-43.347491,-22.953254]},"properties":{"kind":"FIXED","limit_kmh":40,"source":"RIO","active":true,"direction_deg":null}},{"type":"Feature","geometry":{"type":"Point","coordinates":[-43.171523,-22.953149]},"properties":{"kind":"FIXED","limit_kmh":40,"source":"OSM","active":true,"direction_deg":null}},{"type":"Feature","geometry":{"type":"Point","coordinates":[-43.375678,-22.952746]},"properties":{"kind":"RED_LIGHT","limit_kmh":null,"source":"RIO","active":true,"direction_deg":null}},{"type":"Feature","geometry":{"type":"Point","coordinates":[-43.172897,-22.952711]},"properties":{"kind":"FIXED","limit_kmh":40,"source":"OSM","active":true,"direction_deg":null}},{"type":"Feature","geometry":{"type":"Point","coordinates":[-43.375495,-22.952616]},"properties":{"kind":"RED_LIGHT","limit_kmh":null,"source":"RIO","active":true,"direction_deg":null}},{"type":"Feature","geometry":{"type":"Point","coordinates":[-43.083614,-22.952411]},"properties":{"kind":"FIXED","limit_kmh":40,"source":"OSM","active":true,"direction_deg":null}},{"type":"Feature","geometry":{"type":"Point","coordinates":[-43.186131,-22.952231]},"properties":{"kind":"FIXED","limit_kmh":60,"source":"RIO","active":true,"direction_deg":null}},{"type":"Feature","geometry":{"type":"Point","coordinates":[-43.181288,-22.951871]},"properties":{"kind":"FIXED","limit_kmh":40,"source":"OSM","active":true,"direction_deg":null}},{"type":"Feature","geometry":{"type":"Point","coordinates":[-43.358704,-22.951721]},"properties":{"kind":"RED_LIGHT","limit_kmh":null,"source":"RIO","active":true,"direction_deg":null}},{"type":"Feature","geometry":{"type":"Point","coordinates":[-43.650544,-22.951544]},"properties":{"kind":"RED_LIGHT","limit_kmh":null,"source":"RIO","active":true,"direction_deg":null}},{"type":"Feature","geometry":{"type":"Point","coordinates":[-43.194422,-22.951172]},"properties":{"kind":"FIXED","limit_kmh":40,"source":"RIO","active":true,"direction_deg":null}},{"type":"Feature","geometry":{"type":"Point","coordinates":[-43.182704,-22.951009]},"properties":{"kind":"FIXED","limit_kmh":40,"source":"RIO","active":true,"direction_deg":null}},{"type":"Feature","geometry":{"type":"Point","coordinates":[-43.359227,-22.950432]},"properties":{"kind":"RED_LIGHT","limit_kmh":null,"source":"RIO","active":true,"direction_deg":null}},{"type":"Feature","geometry":{"type":"Point","coordinates":[-43.261885,-22.949779]},"properties":{"kind":"FIXED","limit_kmh":40,"source":"OSM","active":true,"direction_deg":null}},{"type":"Feature","geometry":{"type":"Point","coordinates":[-43.189195,-22.949624]},"properties":{"kind":"FIXED","limit_kmh":60,"source":"OSM","active":true,"direction_deg":null}},{"type":"Feature","geometry":{"type":"Point","coordinates":[-43.186076,-22.949447]},"properties":{"kind":"FIXED","limit_kmh":60,"source":"OSM","active":true,"direction_deg":null}},{"type":"Feature","geometry":{"type":"Point","coordinates":[-43.186533,-22.949261]},"properties":{"kind":"FIXED","limit_kmh":40,"source":"RIO","active":true,"direction_deg":null}},{"type":"Feature","geometry":{"type":"Point","coordinates":[-44.327578,-22.949182]},"properties":{"kind":"FIXED","limit_kmh":60,"source":"OSM","active":true,"direction_deg":null}},{"type":"Feature","geometry":{"type":"Point","coordinates":[-43.178664,-22.949174]},"properties":{"kind":"FIXED","limit_kmh":60,"source":"RIO","active":true,"direction_deg":null}},{"type":"Feature","geometry":{"type":"Point","coordinates":[-43.261444,-22.949124]},"properties":{"kind":"FIXED","limit_kmh":40,"source":"OSM","active":true,"direction_deg":null}},{"type":"Feature","geometry":{"type":"Point","coordinates":[-42.686827,-22.945437]},"properties":{"kind":"FIXED","limit_kmh":50,"source":"OSM","active":true,"direction_deg":null}},{"type":"Feature","geometry":{"type":"Point","coordinates":[-43.335992,-22.94503]},"properties":{"kind":"FIXED","limit_kmh":40,"source":"RIO","active":true,"direction_deg":null}},{"type":"Feature","geometry":{"type":"Point","coordinates":[-43.340034,-22.944324]},"properties":{"kind":"FIXED","limit_kmh":60,"source":"RIO","active":true,"direction_deg":null}},{"type":"Feature","geometry":{"type":"Point","coordinates":[-43.386323,-22.943852]},"properties":{"kind":"FIXED","limit_kmh":40,"source":"RIO","active":true,"direction_deg":null}},{"type":"Feature","geometry":{"type":"Point","coordinates":[-43.386281,-22.943684]},"properties":{"kind":"FIXED","limit_kmh":40,"source":"OSM","active":true,"direction_deg":null}},{"type":"Feature","geometry":{"type":"Point","coordinates":[-43.372075,-22.942682]},"properties":{"kind":"FIXED","limit_kmh":50,"source":"RIO","active":true,"direction_deg":null}},{"type":"Feature","geometry":{"type":"Point","coordinates":[-43.180563,-22.942021]},"properties":{"kind":"RED_LIGHT","limit_kmh":null,"source":"RIO","active":true,"direction_deg":null}},{"type":"Feature","geometry":{"type":"Point","coordinates":[-43.590189,-22.941333]},"properties":{"kind":"FIXED","limit_kmh":50,"source":"RIO","active":true,"direction_deg":null}},{"type":"Feature","geometry":{"type":"Point","coordinates":[-44.421564,-22.941211]},"properties":{"kind":"FIXED","limit_kmh":60,"source":"ANTT","active":true,"direction_deg":244}},{"type":"Feature","geometry":{"type":"Point","coordinates":[-43.590579,-22.941153]},"properties":{"kind":"FIXED","limit_kmh":50,"source":"OSM","active":true,"direction_deg":null}},{"type":"Feature","geometry":{"type":"Point","coordinates":[-43.19756,-22.940976]},"properties":{"kind":"FIXED","limit_kmh":40,"source":"RIO","active":true,"direction_deg":null}},{"type":"Feature","geometry":{"type":"Point","coordinates":[-43.590354,-22.940933]},"properties":{"kind":"FIXED","limit_kmh":50,"source":"OSM","active":true,"direction_deg":null}},{"type":"Feature","geometry":{"type":"Point","coordinates":[-43.367805,-22.940791]},"properties":{"kind":"FIXED","limit_kmh":40,"source":"RIO","active":true,"direction_deg":null}},{"type":"Feature","geometry":{"type":"Point","coordinates":[-43.367794,-22.940584]},"properties":{"kind":"FIXED","limit_kmh":40,"source":"OSM","active":true,"direction_deg":null}},{"type":"Feature","geometry":{"type":"Point","coordinates":[-43.685468,-22.940195]},"properties":{"kind":"FIXED","limit_kmh":50,"source":"RIO","active":true,"direction_deg":null}},{"type":"Feature","geometry":{"type":"Point","coordinates":[-43.196968,-22.940091]},"properties":{"kind":"FIXED","limit_kmh":40,"source":"RIO","active":true,"direction_deg":null}},{"type":"Feature","geometry":{"type":"Point","coordinates":[-43.171171,-22.939847]},"properties":{"kind":"FIXED","limit_kmh":50,"source":"OSM","active":true,"direction_deg":null}},{"type":"Feature","geometry":{"type":"Point","coordinates":[-43.666276,-22.939461]},"properties":{"kind":"FIXED","limit_kmh":40,"source":"OSM","active":true,"direction_deg":null}},{"type":"Feature","geometry":{"type":"Point","coordinates":[-43.195984,-22.939335]},"properties":{"kind":"FIXED","limit_kmh":40,"source":"RIO","active":true,"direction_deg":null}},{"type":"Feature","geometry":{"type":"Point","coordinates":[-43.334956,-22.939328]},"properties":{"kind":"FIXED","limit_kmh":40,"source":"OSM","active":true,"direction_deg":null}},{"type":"Feature","geometry":{"type":"Point","coordinates":[-43.335045,-22.939222]},"properties":{"kind":"FIXED","limit_kmh":50,"source":"RIO","active":true,"direction_deg":null}},{"type":"Feature","geometry":{"type":"Point","coordinates":[-43.196093,-22.93922]},"properties":{"kind":"FIXED","limit_kmh":40,"source":"OSM","active":true,"direction_deg":null}},{"type":"Feature","geometry":{"type":"Point","coordinates":[-43.3573,-22.938824]},"properties":{"kind":"FIXED","limit_kmh":40,"source":"OSM","active":true,"direction_deg":null}},{"type":"Feature","geometry":{"type":"Point","coordinates":[-43.357695,-22.938731]},"properties":{"kind":"FIXED","limit_kmh":40,"source":"OSM","active":true,"direction_deg":null}},{"type":"Feature","geometry":{"type":"Point","coordinates":[-43.368818,-22.938657]},"properties":{"kind":"FIXED","limit_kmh":40,"source":"RIO","active":true,"direction_deg":null}},{"type":"Feature","geometry":{"type":"Point","coordinates":[-44.034254,-22.938545]},"properties":{"kind":"FIXED","limit_kmh":60,"source":"ANTT","active":true,"direction_deg":66}},{"type":"Feature","geometry":{"type":"Point","coordinates":[-43.368943,-22.938458]},"properties":{"kind":"FIXED","limit_kmh":40,"source":"OSM","active":true,"direction_deg":null}},{"type":"Feature","geometry":{"type":"Point","coordinates":[-43.666732,-22.938182]},"properties":{"kind":"FIXED","limit_kmh":40,"source":"OSM","active":true,"direction_deg":null}},{"type":"Feature","geometry":{"type":"Point","coordinates":[-43.19529,-22.938169]},"properties":{"kind":"FIXED","limit_kmh":40,"source":"OSM","active":true,"direction_deg":null}},{"type":"Feature","geometry":{"type":"Point","coordinates":[-43.666655,-22.938129]},"properties":{"kind":"FIXED","limit_kmh":40,"source":"OSM","active":true,"direction_deg":null}},{"type":"Feature","geometry":{"type":"Point","coordinates":[-43.195734,-22.938027]},"properties":{"kind":"FIXED","limit_kmh":40,"source":"RIO","active":true,"direction_deg":null}},{"type":"Feature","geometry":{"type":"Point","coordinates":[-43.370071,-22.937299]},"properties":{"kind":"RED_LIGHT","limit_kmh":null,"source":"RIO","active":true,"direction_deg":null}},{"type":"Feature","geometry":{"type":"Point","coordinates":[-43.335628,-22.937187]},"properties":{"kind":"RED_LIGHT","limit_kmh":null,"source":"RIO","active":true,"direction_deg":null}},{"type":"Feature","geometry":{"type":"Point","coordinates":[-43.335628,-22.936993]},"properties":{"kind":"FIXED","limit_kmh":60,"source":"OSM","active":true,"direction_deg":null}},{"type":"Feature","geometry":{"type":"Point","coordinates":[-43.174258,-22.936851]},"properties":{"kind":"FIXED","limit_kmh":60,"source":"RIO","active":true,"direction_deg":null}},{"type":"Feature","geometry":{"type":"Point","coordinates":[-44.399346,-22.936752]},"properties":{"kind":"FIXED","limit_kmh":50,"source":"OSM","active":true,"direction_deg":null}},{"type":"Feature","geometry":{"type":"Point","coordinates":[-44.399357,-22.936705]},"properties":{"kind":"FIXED","limit_kmh":50,"source":"ANTT","active":true,"direction_deg":109}},{"type":"Feature","geometry":{"type":"Point","coordinates":[-43.245163,-22.936348]},"properties":{"kind":"FIXED","limit_kmh":50,"source":"RIO","active":true,"direction_deg":null}},{"type":"Feature","geometry":{"type":"Point","coordinates":[-43.352138,-22.936065]},"properties":{"kind":"RED_LIGHT","limit_kmh":null,"source":"RIO","active":true,"direction_deg":null}},{"type":"Feature","geometry":{"type":"Point","coordinates":[-42.907666,-22.935814]},"properties":{"kind":"FIXED","limit_kmh":60,"source":"OSM","active":true,"direction_deg":null}},{"type":"Feature","geometry":{"type":"Point","coordinates":[-42.90455,-22.935753]},"properties":{"kind":"FIXED","limit_kmh":60,"source":"OSM","active":true,"direction_deg":null}},{"type":"Feature","geometry":{"type":"Point","coordinates":[-43.244394,-22.93573]},"properties":{"kind":"FIXED","limit_kmh":50,"source":"RIO","active":true,"direction_deg":null}},{"type":"Feature","geometry":{"type":"Point","coordinates":[-43.330467,-22.935452]},"properties":{"kind":"FIXED","limit_kmh":60,"source":"OSM","active":true,"direction_deg":null}},{"type":"Feature","geometry":{"type":"Point","coordinates":[-43.359397,-22.93529]},"properties":{"kind":"FIXED","limit_kmh":40,"source":"OSM","active":true,"direction_deg":null}},{"type":"Feature","geometry":{"type":"Point","coordinates":[-43.346479,-22.935063]},"properties":{"kind":"FIXED","limit_kmh":100,"source":"OSM","active":true,"direction_deg":null}},{"type":"Feature","geometry":{"type":"Point","coordinates":[-43.575157,-22.934983]},"properties":{"kind":"FIXED","limit_kmh":50,"source":"RIO","active":true,"direction_deg":null}},{"type":"Feature","geometry":{"type":"Point","coordinates":[-42.628462,-22.934963]},"properties":{"kind":"FIXED","limit_kmh":30,"source":"OSM","active":true,"direction_deg":null}},{"type":"Feature","geometry":{"type":"Point","coordinates":[-43.346537,-22.9349]},"properties":{"kind":"FIXED","limit_kmh":100,"source":"OSM","active":true,"direction_deg":null}},{"type":"Feature","geometry":{"type":"Point","coordinates":[-43.359322,-22.93472]},"properties":{"kind":"FIXED","limit_kmh":40,"source":"RIO","active":true,"direction_deg":null}},{"type":"Feature","geometry":{"type":"Point","coordinates":[-43.35913,-22.934576]},"properties":{"kind":"FIXED","limit_kmh":40,"source":"OSM","active":true,"direction_deg":null}},{"type":"Feature","geometry":{"type":"Point","coordinates":[-43.328498,-22.934069]},"properties":{"kind":"FIXED","limit_kmh":50,"source":"OSM","active":true,"direction_deg":null}},{"type":"Feature","geometry":{"type":"Point","coordinates":[-43.18296,-22.933811]},"properties":{"kind":"FIXED","limit_kmh":40,"source":"OSM","active":true,"direction_deg":null}},{"type":"Feature","geometry":{"type":"Point","coordinates":[-43.372201,-22.93381]},"properties":{"kind":"RED_LIGHT","limit_kmh":null,"source":"RIO","active":true,"direction_deg":null}},{"type":"Feature","geometry":{"type":"Point","coordinates":[-43.182586,-22.933803]},"properties":{"kind":"FIXED","limit_kmh":40,"source":"RIO","active":true,"direction_deg":null}},{"type":"Feature","geometry":{"type":"Point","coordinates":[-42.919935,-22.933032]},"properties":{"kind":"FIXED","limit_kmh":80,"source":"OSM","active":true,"direction_deg":null}},{"type":"Feature","geometry":{"type":"Point","coordinates":[-43.241287,-22.933023]},"properties":{"kind":"RED_LIGHT","limit_kmh":null,"source":"RIO","active":true,"direction_deg":null}},{"type":"Feature","geometry":{"type":"Point","coordinates":[-43.329084,-22.932277]},"properties":{"kind":"FIXED","limit_kmh":60,"source":"RIO","active":true,"direction_deg":null}},{"type":"Feature","geometry":{"type":"Point","coordinates":[-43.329309,-22.932257]},"properties":{"kind":"FIXED","limit_kmh":60,"source":"OSM","active":true,"direction_deg":null}},{"type":"Feature","geometry":{"type":"Point","coordinates":[-43.574748,-22.932161]},"properties":{"kind":"RED_LIGHT","limit_kmh":null,"source":"RIO","active":true,"direction_deg":null}},{"type":"Feature","geometry":{"type":"Point","coordinates":[-43.240863,-22.932141]},"properties":{"kind":"RED_LIGHT","limit_kmh":null,"source":"RIO","active":true,"direction_deg":null}},{"type":"Feature","geometry":{"type":"Point","coordinates":[-43.241753,-22.931809]},"properties":{"kind":"RED_LIGHT","limit_kmh":null,"source":"RIO","active":true,"direction_deg":null}},{"type":"Feature","geometry":{"type":"Point","coordinates":[-43.672304,-22.931713]},"properties":{"kind":"FIXED","limit_kmh":40,"source":"OSM","active":true,"direction_deg":null}},{"type":"Feature","geometry":{"type":"Point","coordinates":[-43.208951,-22.931601]},"properties":{"kind":"FIXED","limit_kmh":50,"source":"OSM","active":true,"direction_deg":null}},{"type":"Feature","geometry":{"type":"Point","coordinates":[-42.922761,-22.93151]},"properties":{"kind":"FIXED","limit_kmh":80,"source":"OSM","active":true,"direction_deg":null}},{"type":"Feature","geometry":{"type":"Point","coordinates":[-43.208578,-22.931331]},"properties":{"kind":"FIXED","limit_kmh":50,"source":"RIO","active":true,"direction_deg":null}},{"type":"Feature","geometry":{"type":"Point","coordinates":[-43.208917,-22.930596]},"properties":{"kind":"FIXED","limit_kmh":50,"source":"OSM","active":true,"direction_deg":null}},{"type":"Feature","geometry":{"type":"Point","coordinates":[-43.209076,-22.930496]},"properties":{"kind":"FIXED","limit_kmh":50,"source":"RIO","active":true,"direction_deg":null}},{"type":"Feature","geometry":{"type":"Point","coordinates":[-43.18642,-22.930254]},"properties":{"kind":"FIXED","limit_kmh":80,"source":"OSM","active":true,"direction_deg":null}},{"type":"Feature","geometry":{"type":"Point","coordinates":[-43.674425,-22.930138]},"properties":{"kind":"FIXED","limit_kmh":40,"source":"OSM","active":true,"direction_deg":null}},{"type":"Feature","geometry":{"type":"Point","coordinates":[-43.977037,-22.930136]},"properties":{"kind":"FIXED","limit_kmh":80,"source":"OSM","active":true,"direction_deg":null}},{"type":"Feature","geometry":{"type":"Point","coordinates":[-43.097168,-22.929531]},"properties":{"kind":"FIXED","limit_kmh":50,"source":"OSM","active":true,"direction_deg":null}},{"type":"Feature","geometry":{"type":"Point","coordinates":[-43.096856,-22.92939]},"properties":{"kind":"FIXED","limit_kmh":50,"source":"OSM","active":true,"direction_deg":null}},{"type":"Feature","geometry":{"type":"Point","coordinates":[-43.231289,-22.929139]},"properties":{"kind":"FIXED","limit_kmh":50,"source":"RIO","active":true,"direction_deg":null}},{"type":"Feature","geometry":{"type":"Point","coordinates":[-43.231402,-22.929094]},"properties":{"kind":"FIXED","limit_kmh":50,"source":"OSM","active":true,"direction_deg":null}},{"type":"Feature","geometry":{"type":"Point","coordinates":[-43.690155,-22.928875]},"properties":{"kind":"FIXED","limit_kmh":50,"source":"RIO","active":true,"direction_deg":null}},{"type":"Feature","geometry":{"type":"Point","coordinates":[-43.333598,-22.928616]},"properties":{"kind":"FIXED","limit_kmh":40,"source":"OSM","active":true,"direction_deg":null}},{"type":"Feature","geometry":{"type":"Point","coordinates":[-43.676479,-22.928375]},"properties":{"kind":"FIXED","limit_kmh":40,"source":"OSM","active":true,"direction_deg":null}},{"type":"Feature","geometry":{"type":"Point","coordinates":[-43.334708,-22.928368]},"properties":{"kind":"FIXED","limit_kmh":40,"source":"OSM","active":true,"direction_deg":null}},{"type":"Feature","geometry":{"type":"Point","coordinates":[-43.321077,-22.92836]},"properties":{"kind":"FIXED","limit_kmh":60,"source":"RIO","active":true,"direction_deg":null}},{"type":"Feature","geometry":{"type":"Point","coordinates":[-43.063414,-22.927927]},"properties":{"kind":"FIXED","limit_kmh":60,"source":"OSM","active":true,"direction_deg":null}},{"type":"Feature","geometry":{"type":"Point","coordinates":[-43.32079,-22.927904]},"properties":{"kind":"FIXED","limit_kmh":60,"source":"OSM","active":true,"direction_deg":null}},{"type":"Feature","geometry":{"type":"Point","coordinates":[-43.373644,-22.927782]},"properties":{"kind":"FIXED","limit_kmh":60,"source":"OSM","active":true,"direction_deg":null}},{"type":"Feature","geometry":{"type":"Point","coordinates":[-43.373383,-22.927309]},"properties":{"kind":"RED_LIGHT","limit_kmh":null,"source":"RIO","active":true,"direction_deg":null}},{"type":"Feature","geometry":{"type":"Point","coordinates":[-43.373241,-22.927192]},"properties":{"kind":"RED_LIGHT","limit_kmh":null,"source":"RIO","active":true,"direction_deg":null}},{"type":"Feature","geometry":{"type":"Point","coordinates":[-43.316195,-22.927104]},"properties":{"kind":"FIXED","limit_kmh":50,"source":"OSM","active":true,"direction_deg":null}},{"type":"Feature","geometry":{"type":"Point","coordinates":[-43.244655,-22.927047]},"properties":{"kind":"FIXED","limit_kmh":40,"source":"OSM","active":true,"direction_deg":null}},{"type":"Feature","geometry":{"type":"Point","coordinates":[-43.374175,-22.926416]},"properties":{"kind":"RED_LIGHT","limit_kmh":null,"source":"RIO","active":true,"direction_deg":null}},{"type":"Feature","geometry":{"type":"Point","coordinates":[-43.678858,-22.92639]},"properties":{"kind":"FIXED","limit_kmh":40,"source":"OSM","active":true,"direction_deg":null}},{"type":"Feature","geometry":{"type":"Point","coordinates":[-44.372146,-22.926217]},"properties":{"kind":"FIXED","limit_kmh":80,"source":"OSM","active":true,"direction_deg":null}},{"type":"Feature","geometry":{"type":"Point","coordinates":[-43.363429,-22.926211]},"properties":{"kind":"FIXED","limit_kmh":40,"source":"OSM","active":true,"direction_deg":null}},{"type":"Feature","geometry":{"type":"Point","coordinates":[-42.865934,-22.926184]},"properties":{"kind":"FIXED","limit_kmh":60,"source":"OSM","active":true,"direction_deg":null}},{"type":"Feature","geometry":{"type":"Point","coordinates":[-43.363801,-22.926106]},"properties":{"kind":"FIXED","limit_kmh":40,"source":"OSM","active":true,"direction_deg":null}},{"type":"Feature","geometry":{"type":"Point","coordinates":[-43.315011,-22.925379]},"properties":{"kind":"FIXED","limit_kmh":50,"source":"OSM","active":true,"direction_deg":null}},{"type":"Feature","geometry":{"type":"Point","coordinates":[-43.173151,-22.925244]},"properties":{"kind":"RED_LIGHT","limit_kmh":null,"source":"RIO","active":true,"direction_deg":null}},{"type":"Feature","geometry":{"type":"Point","coordinates":[-42.863851,-22.925069]},"properties":{"kind":"FIXED","limit_kmh":60,"source":"OSM","active":true,"direction_deg":null}},{"type":"Feature","geometry":{"type":"Point","coordinates":[-43.233606,-22.925023]},"properties":{"kind":"RED_LIGHT","limit_kmh":null,"source":"RIO","active":true,"direction_deg":null}},{"type":"Feature","geometry":{"type":"Point","coordinates":[-43.008399,-22.924889]},"properties":{"kind":"FIXED","limit_kmh":60,"source":"OSM","active":true,"direction_deg":null}},{"type":"Feature","geometry":{"type":"Point","coordinates":[-43.389151,-22.924796]},"properties":{"kind":"FIXED","limit_kmh":40,"source":"OSM","active":true,"direction_deg":null}},{"type":"Feature","geometry":{"type":"Point","coordinates":[-43.389101,-22.924622]},"properties":{"kind":"FIXED","limit_kmh":40,"source":"RIO","active":true,"direction_deg":null}},{"type":"Feature","geometry":{"type":"Point","coordinates":[-43.233673,-22.924462]},"properties":{"kind":"RED_LIGHT","limit_kmh":null,"source":"RIO","active":true,"direction_deg":null}},{"type":"Feature","geometry":{"type":"Point","coordinates":[-43.233344,-22.924434]},"properties":{"kind":"RED_LIGHT","limit_kmh":null,"source":"RIO","active":true,"direction_deg":null}},{"type":"Feature","geometry":{"type":"Point","coordinates":[-43.313949,-22.924334]},"properties":{"kind":"FIXED","limit_kmh":50,"source":"OSM","active":true,"direction_deg":null}},{"type":"Feature","geometry":{"type":"Point","coordinates":[-43.258143,-22.923792]},"properties":{"kind":"RED_LIGHT","limit_kmh":null,"source":"RIO","active":true,"direction_deg":null}},{"type":"Feature","geometry":{"type":"Point","coordinates":[-42.040957,-22.923701]},"properties":{"kind":"FIXED","limit_kmh":50,"source":"OSM","active":true,"direction_deg":null}},{"type":"Feature","geometry":{"type":"Point","coordinates":[-43.236543,-22.923631]},"properties":{"kind":"RED_LIGHT","limit_kmh":null,"source":"RIO","active":true,"direction_deg":null}},{"type":"Feature","geometry":{"type":"Point","coordinates":[-43.38227,-22.923369]},"properties":{"kind":"FIXED","limit_kmh":40,"source":"RIO","active":true,"direction_deg":null}},{"type":"Feature","geometry":{"type":"Point","coordinates":[-43.679301,-22.923236]},"properties":{"kind":"FIXED","limit_kmh":40,"source":"OSM","active":true,"direction_deg":null}},{"type":"Feature","geometry":{"type":"Point","coordinates":[-43.679392,-22.923214]},"properties":{"kind":"FIXED","limit_kmh":40,"source":"OSM","active":true,"direction_deg":null}},{"type":"Feature","geometry":{"type":"Point","coordinates":[-43.382043,-22.923206]},"properties":{"kind":"FIXED","limit_kmh":40,"source":"OSM","active":true,"direction_deg":null}},{"type":"Feature","geometry":{"type":"Point","coordinates":[-43.2363,-22.923146]},"properties":{"kind":"RED_LIGHT","limit_kmh":null,"source":"RIO","active":true,"direction_deg":null}},{"type":"Feature","geometry":{"type":"Point","coordinates":[-43.298854,-22.922551]},"properties":{"kind":"FIXED","limit_kmh":50,"source":"OSM","active":true,"direction_deg":null}},{"type":"Feature","geometry":{"type":"Point","coordinates":[-42.3523,-22.922451]},"properties":{"kind":"FIXED","limit_kmh":50,"source":"OSM","active":true,"direction_deg":null}},{"type":"Feature","geometry":{"type":"Point","coordinates":[-43.355283,-22.921902]},"properties":{"kind":"FIXED","limit_kmh":40,"source":"OSM","active":true,"direction_deg":null}},{"type":"Feature","geometry":{"type":"Point","coordinates":[-43.22869,-22.921779]},"properties":{"kind":"FIXED","limit_kmh":60,"source":"OSM","active":true,"direction_deg":null}},{"type":"Feature","geometry":{"type":"Point","coordinates":[-43.3551,-22.921675]},"properties":{"kind":"FIXED","limit_kmh":40,"source":"RIO","active":true,"direction_deg":null}},{"type":"Feature","geometry":{"type":"Point","coordinates":[-43.562909,-22.921357]},"properties":{"kind":"RED_LIGHT","limit_kmh":null,"source":"RIO","active":true,"direction_deg":null}},{"type":"Feature","geometry":{"type":"Point","coordinates":[-43.680455,-22.921281]},"properties":{"kind":"FIXED","limit_kmh":40,"source":"OSM","active":true,"direction_deg":null}},{"type":"Feature","geometry":{"type":"Point","coordinates":[-43.68467,-22.920972]},"properties":{"kind":"FIXED","limit_kmh":40,"source":"OSM","active":true,"direction_deg":null}},{"type":"Feature","geometry":{"type":"Point","coordinates":[-43.193655,-22.920684]},"properties":{"kind":"FIXED","limit_kmh":80,"source":"OSM","active":true,"direction_deg":null}},{"type":"Feature","geometry":{"type":"Point","coordinates":[-43.360104,-22.920568]},"properties":{"kind":"RED_LIGHT","limit_kmh":null,"source":"RIO","active":true,"direction_deg":null}},{"type":"Feature","geometry":{"type":"Point","coordinates":[-43.221062,-22.919812]},"properties":{"kind":"FIXED","limit_kmh":60,"source":"RIO","active":true,"direction_deg":null}},{"type":"Feature","geometry":{"type":"Point","coordinates":[-43.400299,-22.919795]},"properties":{"kind":"FIXED","limit_kmh":40,"source":"RIO","active":true,"direction_deg":null}},{"type":"Feature","geometry":{"type":"Point","coordinates":[-43.683438,-22.919694]},"properties":{"kind":"FIXED","limit_kmh":50,"source":"OSM","active":true,"direction_deg":null}},{"type":"Feature","geometry":{"type":"Point","coordinates":[-43.399957,-22.919667]},"properties":{"kind":"FIXED","limit_kmh":40,"source":"OSM","active":true,"direction_deg":null}},{"type":"Feature","geometry":{"type":"Point","coordinates":[-43.389798,-22.919659]},"properties":{"kind":"FIXED","limit_kmh":40,"source":"RIO","active":true,"direction_deg":null}},{"type":"Feature","geometry":{"type":"Point","coordinates":[-43.682989,-22.919582]},"properties":{"kind":"FIXED","limit_kmh":50,"source":"RIO","active":true,"direction_deg":null}},{"type":"Feature","geometry":{"type":"Point","coordinates":[-43.400356,-22.91957]},"properties":{"kind":"FIXED","limit_kmh":40,"source":"OSM","active":true,"direction_deg":null}},{"type":"Feature","geometry":{"type":"Point","coordinates":[-43.256754,-22.919568]},"properties":{"kind":"FIXED","limit_kmh":60,"source":"RIO","active":true,"direction_deg":null}},{"type":"Feature","geometry":{"type":"Point","coordinates":[-43.255513,-22.91955]},"properties":{"kind":"FIXED","limit_kmh":40,"source":"RIO","active":true,"direction_deg":null}},{"type":"Feature","geometry":{"type":"Point","coordinates":[-43.390269,-22.91954]},"properties":{"kind":"FIXED","limit_kmh":40,"source":"OSM","active":true,"direction_deg":null}},{"type":"Feature","geometry":{"type":"Point","coordinates":[-43.389887,-22.919507]},"properties":{"kind":"FIXED","limit_kmh":40,"source":"OSM","active":true,"direction_deg":null}},{"type":"Feature","geometry":{"type":"Point","coordinates":[-43.408915,-22.919144]},"properties":{"kind":"FIXED","limit_kmh":40,"source":"RIO","active":true,"direction_deg":null}},{"type":"Feature","geometry":{"type":"Point","coordinates":[-43.924176,-22.919123]},"properties":{"kind":"FIXED","limit_kmh":60,"source":"ANTT","active":true,"direction_deg":77}},{"type":"Feature","geometry":{"type":"Point","coordinates":[-43.409042,-22.919009]},"properties":{"kind":"FIXED","limit_kmh":40,"source":"OSM","active":true,"direction_deg":null}},{"type":"Feature","geometry":{"type":"Point","coordinates":[-43.24116,-22.918954]},"properties":{"kind":"RED_LIGHT","limit_kmh":null,"source":"RIO","active":true,"direction_deg":null}},{"type":"Feature","geometry":{"type":"Point","coordinates":[-43.240962,-22.918864]},"properties":{"kind":"RED_LIGHT","limit_kmh":null,"source":"RIO","active":true,"direction_deg":null}},{"type":"Feature","geometry":{"type":"Point","coordinates":[-43.218707,-22.918708]},"properties":{"kind":"FIXED","limit_kmh":50,"source":"RIO","active":true,"direction_deg":null}},{"type":"Feature","geometry":{"type":"Point","coordinates":[-43.325626,-22.918541]},"properties":{"kind":"FIXED","limit_kmh":100,"source":"OSM","active":true,"direction_deg":null}},{"type":"Feature","geometry":{"type":"Point","coordinates":[-43.684974,-22.917701]},"properties":{"kind":"FIXED","limit_kmh":40,"source":"OSM","active":true,"direction_deg":null}},{"type":"Feature","geometry":{"type":"Point","coordinates":[-43.363975,-22.917673]},"properties":{"kind":"FIXED","limit_kmh":60,"source":"OSM","active":true,"direction_deg":null}},{"type":"Feature","geometry":{"type":"Point","coordinates":[-43.194743,-22.917638]},"properties":{"kind":"FIXED","limit_kmh":40,"source":"OSM","active":true,"direction_deg":null}},{"type":"Feature","geometry":{"type":"Point","coordinates":[-43.363352,-22.917512]},"properties":{"kind":"FIXED","limit_kmh":60,"source":"OSM","active":true,"direction_deg":null}},{"type":"Feature","geometry":{"type":"Point","coordinates":[-43.244096,-22.917472]},"properties":{"kind":"FIXED","limit_kmh":40,"source":"RIO","active":true,"direction_deg":null}},{"type":"Feature","geometry":{"type":"Point","coordinates":[-43.381359,-22.917394]},"properties":{"kind":"RED_LIGHT","limit_kmh":null,"source":"RIO","active":true,"direction_deg":null}},{"type":"Feature","geometry":{"type":"Point","coordinates":[-43.389077,-22.917343]},"properties":{"kind":"FIXED","limit_kmh":40,"source":"OSM","active":true,"direction_deg":null}},{"type":"Feature","geometry":{"type":"Point","coordinates":[-43.388735,-22.917317]},"properties":{"kind":"FIXED","limit_kmh":40,"source":"OSM","active":true,"direction_deg":null}},{"type":"Feature","geometry":{"type":"Point","coordinates":[-43.21043,-22.917209]},"properties":{"kind":"RED_LIGHT","limit_kmh":null,"source":"RIO","active":true,"direction_deg":null}},{"type":"Feature","geometry":{"type":"Point","coordinates":[-43.388901,-22.917184]},"properties":{"kind":"FIXED","limit_kmh":40,"source":"RIO","active":true,"direction_deg":null}},{"type":"Feature","geometry":{"type":"Point","coordinates":[-43.258306,-22.917066]},"properties":{"kind":"FIXED","limit_kmh":40,"source":"RIO","active":true,"direction_deg":null}},{"type":"Feature","geometry":{"type":"Point","coordinates":[-43.260142,-22.917038]},"properties":{"kind":"FIXED","limit_kmh":60,"source":"OSM","active":true,"direction_deg":null}},{"type":"Feature","geometry":{"type":"Point","coordinates":[-43.381869,-22.917001]},"properties":{"kind":"RED_LIGHT","limit_kmh":null,"source":"RIO","active":true,"direction_deg":null}},{"type":"Feature","geometry":{"type":"Point","coordinates":[-43.209976,-22.916956]},"properties":{"kind":"RED_LIGHT","limit_kmh":null,"source":"RIO","active":true,"direction_deg":null}},{"type":"Feature","geometry":{"type":"Point","coordinates":[-43.237017,-22.916768]},"properties":{"kind":"FIXED","limit_kmh":40,"source":"OSM","active":true,"direction_deg":null}},{"type":"Feature","geometry":{"type":"Point","coordinates":[-43.237144,-22.916751]},"properties":{"kind":"FIXED","limit_kmh":40,"source":"RIO","active":true,"direction_deg":null}},{"type":"Feature","geometry":{"type":"Point","coordinates":[-43.25602,-22.916734]},"properties":{"kind":"FIXED","limit_kmh":60,"source":"RIO","active":true,"direction_deg":null}},{"type":"Feature","geometry":{"type":"Point","coordinates":[-43.563469,-22.916706]},"properties":{"kind":"FIXED","limit_kmh":50,"source":"OSM","active":true,"direction_deg":null}},{"type":"Feature","geometry":{"type":"Point","coordinates":[-43.281463,-22.916706]},"properties":{"kind":"FIXED","limit_kmh":50,"source":"OSM","active":true,"direction_deg":null}},{"type":"Feature","geometry":{"type":"Point","coordinates":[-43.563575,-22.916701]},"properties":{"kind":"FIXED","limit_kmh":50,"source":"OSM","active":true,"direction_deg":null}},{"type":"Feature","geometry":{"type":"Point","coordinates":[-43.210282,-22.9166]},"properties":{"kind":"RED_LIGHT","limit_kmh":null,"source":"RIO","active":true,"direction_deg":null}},{"type":"Feature","geometry":{"type":"Point","coordinates":[-43.213458,-22.916531]},"properties":{"kind":"FIXED","limit_kmh":60,"source":"RIO","active":true,"direction_deg":null}},{"type":"Feature","geometry":{"type":"Point","coordinates":[-43.380701,-22.916484]},"properties":{"kind":"RED_LIGHT","limit_kmh":null,"source":"RIO","active":true,"direction_deg":null}},{"type":"Feature","geometry":{"type":"Point","coordinates":[-43.226641,-22.916424]},"properties":{"kind":"FIXED","limit_kmh":60,"source":"OSM","active":true,"direction_deg":null}},{"type":"Feature","geometry":{"type":"Point","coordinates":[-43.208566,-22.915972]},"properties":{"kind":"FIXED","limit_kmh":60,"source":"RIO","active":true,"direction_deg":null}},{"type":"Feature","geometry":{"type":"Point","coordinates":[-43.271503,-22.915668]},"properties":{"kind":"FIXED","limit_kmh":50,"source":"OSM","active":true,"direction_deg":null}},{"type":"Feature","geometry":{"type":"Point","coordinates":[-43.245806,-22.915612]},"properties":{"kind":"RED_LIGHT","limit_kmh":null,"source":"RIO","active":true,"direction_deg":null}},{"type":"Feature","geometry":{"type":"Point","coordinates":[-43.38697,-22.91547]},"properties":{"kind":"RED_LIGHT","limit_kmh":null,"source":"RIO","active":true,"direction_deg":null}},{"type":"Feature","geometry":{"type":"Point","coordinates":[-43.387157,-22.915385]},"properties":{"kind":"RED_LIGHT","limit_kmh":null,"source":"RIO","active":true,"direction_deg":null}},{"type":"Feature","geometry":{"type":"Point","coordinates":[-43.244656,-22.915364]},"properties":{"kind":"FIXED","limit_kmh":40,"source":"RIO","active":true,"direction_deg":null}},{"type":"Feature","geometry":{"type":"Point","coordinates":[-43.38655,-22.915053]},"properties":{"kind":"RED_LIGHT","limit_kmh":null,"source":"RIO","active":true,"direction_deg":null}},{"type":"Feature","geometry":{"type":"Point","coordinates":[-43.541195,-22.915]},"properties":{"kind":"FIXED","limit_kmh":50,"source":"OSM","active":true,"direction_deg":null}},{"type":"Feature","geometry":{"type":"Point","coordinates":[-43.541173,-22.914816]},"properties":{"kind":"FIXED","limit_kmh":50,"source":"RIO","active":true,"direction_deg":null}},{"type":"Feature","geometry":{"type":"Point","coordinates":[-43.387223,-22.914772]},"properties":{"kind":"RED_LIGHT","limit_kmh":null,"source":"RIO","active":true,"direction_deg":null}},{"type":"Feature","geometry":{"type":"Point","coordinates":[-43.60278,-22.914423]},"properties":{"kind":"RED_LIGHT","limit_kmh":null,"source":"RIO","active":true,"direction_deg":null}},{"type":"Feature","geometry":{"type":"Point","coordinates":[-43.239361,-22.914361]},"properties":{"kind":"FIXED","limit_kmh":40,"source":"RIO","active":true,"direction_deg":null}},{"type":"Feature","geometry":{"type":"Point","coordinates":[-43.088623,-22.914341]},"properties":{"kind":"FIXED","limit_kmh":60,"source":"OSM","active":true,"direction_deg":null}},{"type":"Feature","geometry":{"type":"Point","coordinates":[-43.196581,-22.914315]},"properties":{"kind":"FIXED","limit_kmh":60,"source":"RIO","active":true,"direction_deg":null}},{"type":"Feature","geometry":{"type":"Point","coordinates":[-43.090289,-22.914262]},"properties":{"kind":"FIXED","limit_kmh":60,"source":"OSM","active":true,"direction_deg":null}},{"type":"Feature","geometry":{"type":"Point","coordinates":[-43.210039,-22.91415]},"properties":{"kind":"FIXED","limit_kmh":90,"source":"OSM","active":true,"direction_deg":null}},{"type":"Feature","geometry":{"type":"Point","coordinates":[-43.210131,-22.91414]},"properties":{"kind":"FIXED","limit_kmh":90,"source":"OSM","active":true,"direction_deg":null}},{"type":"Feature","geometry":{"type":"Point","coordinates":[-43.31793,-22.914008]},"properties":{"kind":"FIXED","limit_kmh":100,"source":"OSM","active":true,"direction_deg":null}},{"type":"Feature","geometry":{"type":"Point","coordinates":[-43.374307,-22.913979]},"properties":{"kind":"RED_LIGHT","limit_kmh":null,"source":"RIO","active":true,"direction_deg":null}},{"type":"Feature","geometry":{"type":"Point","coordinates":[-43.601685,-22.913917]},"properties":{"kind":"RED_LIGHT","limit_kmh":null,"source":"RIO","active":true,"direction_deg":null}},{"type":"Feature","geometry":{"type":"Point","coordinates":[-43.082463,-22.913521]},"properties":{"kind":"FIXED","limit_kmh":60,"source":"OSM","active":true,"direction_deg":null}},{"type":"Feature","geometry":{"type":"Point","coordinates":[-43.203813,-22.913422]},"properties":{"kind":"FIXED","limit_kmh":50,"source":"RIO","active":true,"direction_deg":null}},{"type":"Feature","geometry":{"type":"Point","coordinates":[-43.190594,-22.912885]},"properties":{"kind":"FIXED","limit_kmh":50,"source":"RIO","active":true,"direction_deg":null}},{"type":"Feature","geometry":{"type":"Point","coordinates":[-43.190529,-22.912726]},"properties":{"kind":"FIXED","limit_kmh":50,"source":"OSM","active":true,"direction_deg":null}},{"type":"Feature","geometry":{"type":"Point","coordinates":[-43.199112,-22.912253]},"properties":{"kind":"FIXED","limit_kmh":50,"source":"RIO","active":true,"direction_deg":null}},{"type":"Feature","geometry":{"type":"Point","coordinates":[-43.076271,-22.912205]},"properties":{"kind":"FIXED","limit_kmh":60,"source":"OSM","active":true,"direction_deg":null}},{"type":"Feature","geometry":{"type":"Point","coordinates":[-42.933401,-22.912136]},"properties":{"kind":"FIXED","limit_kmh":50,"source":"OSM","active":true,"direction_deg":null}},{"type":"Feature","geometry":{"type":"Point","coordinates":[-42.93368,-22.911894]},"properties":{"kind":"FIXED","limit_kmh":50,"source":"OSM","active":true,"direction_deg":null}},{"type":"Feature","geometry":{"type":"Point","coordinates":[-43.268192,-22.911682]},"properties":{"kind":"FIXED","limit_kmh":60,"source":"OSM","active":true,"direction_deg":null}},{"type":"Feature","geometry":{"type":"Point","coordinates":[-43.21579,-22.911571]},"properties":{"kind":"FIXED","limit_kmh":60,"source":"OSM","active":true,"direction_deg":null}},{"type":"Feature","geometry":{"type":"Point","coordinates":[-43.215663,-22.911482]},"properties":{"kind":"FIXED","limit_kmh":60,"source":"RIO","active":true,"direction_deg":null}},{"type":"Feature","geometry":{"type":"Point","coordinates":[-43.196032,-22.91107]},"properties":{"kind":"FIXED","limit_kmh":70,"source":"OSM","active":true,"direction_deg":null}},{"type":"Feature","geometry":{"type":"Point","coordinates":[-43.563246,-22.910433]},"properties":{"kind":"RED_LIGHT","limit_kmh":null,"source":"RIO","active":true,"direction_deg":null}},{"type":"Feature","geometry":{"type":"Point","coordinates":[-43.061871,-22.910237]},"properties":{"kind":"FIXED","limit_kmh":60,"source":"OSM","active":true,"direction_deg":null}},{"type":"Feature","geometry":{"type":"Point","coordinates":[-43.231379,-22.910218]},"properties":{"kind":"FIXED","limit_kmh":60,"source":"OSM","active":true,"direction_deg":null}},{"type":"Feature","geometry":{"type":"Point","coordinates":[-43.183716,-22.910206]},"properties":{"kind":"FIXED","limit_kmh":50,"source":"RIO","active":true,"direction_deg":null}},{"type":"Feature","geometry":{"type":"Point","coordinates":[-43.061818,-22.910171]},"properties":{"kind":"FIXED","limit_kmh":60,"source":"OSM","active":true,"direction_deg":null}},{"type":"Feature","geometry":{"type":"Point","coordinates":[-43.378698,-22.909559]},"properties":{"kind":"FIXED","limit_kmh":50,"source":"RIO","active":true,"direction_deg":null}},{"type":"Feature","geometry":{"type":"Point","coordinates":[-43.189775,-22.909454]},"properties":{"kind":"FIXED","limit_kmh":50,"source":"RIO","active":true,"direction_deg":null}},{"type":"Feature","geometry":{"type":"Point","coordinates":[-43.27002,-22.908555]},"properties":{"kind":"FIXED","limit_kmh":60,"source":"OSM","active":true,"direction_deg":null}},{"type":"Feature","geometry":{"type":"Point","coordinates":[-43.101196,-22.908552]},"properties":{"kind":"FIXED","limit_kmh":60,"source":"OSM","active":true,"direction_deg":null}},{"type":"Feature","geometry":{"type":"Point","coordinates":[-43.229047,-22.907654]},"properties":{"kind":"FIXED","limit_kmh":60,"source":"OSM","active":true,"direction_deg":null}},{"type":"Feature","geometry":{"type":"Point","coordinates":[-42.823186,-22.907633]},"properties":{"kind":"FIXED","limit_kmh":60,"source":"OSM","active":true,"direction_deg":null}},{"type":"Feature","geometry":{"type":"Point","coordinates":[-43.567446,-22.907562]},"properties":{"kind":"RED_LIGHT","limit_kmh":null,"source":"RIO","active":true,"direction_deg":null}},{"type":"Feature","geometry":{"type":"Point","coordinates":[-43.19959,-22.907394]},"properties":{"kind":"FIXED","limit_kmh":50,"source":"RIO","active":true,"direction_deg":null}},{"type":"Feature","geometry":{"type":"Point","coordinates":[-43.566803,-22.90737]},"properties":{"kind":"RED_LIGHT","limit_kmh":null,"source":"RIO","active":true,"direction_deg":null}},{"type":"Feature","geometry":{"type":"Point","coordinates":[-43.276124,-22.907189]},"properties":{"kind":"FIXED","limit_kmh":50,"source":"RIO","active":true,"direction_deg":null}},{"type":"Feature","geometry":{"type":"Point","coordinates":[-43.209417,-22.906709]},"properties":{"kind":"FIXED","limit_kmh":70,"source":"OSM","active":true,"direction_deg":null}},{"type":"Feature","geometry":{"type":"Point","coordinates":[-43.209571,-22.906688]},"properties":{"kind":"FIXED","limit_kmh":80,"source":"OSM","active":true,"direction_deg":null}},{"type":"Feature","geometry":{"type":"Point","coordinates":[-43.193652,-22.906383]},"properties":{"kind":"FIXED","limit_kmh":50,"source":"RIO","active":true,"direction_deg":null}},{"type":"Feature","geometry":{"type":"Point","coordinates":[-43.684169,-22.906351]},"properties":{"kind":"RED_LIGHT","limit_kmh":null,"source":"RIO","active":true,"direction_deg":null}},{"type":"Feature","geometry":{"type":"Point","coordinates":[-43.275173,-22.9063]},"properties":{"kind":"FIXED","limit_kmh":50,"source":"RIO","active":true,"direction_deg":null}},{"type":"Feature","geometry":{"type":"Point","coordinates":[-43.888453,-22.906058]},"properties":{"kind":"FIXED","limit_kmh":100,"source":"ANTT","active":true,"direction_deg":null}},{"type":"Feature","geometry":{"type":"Point","coordinates":[-43.305187,-22.905962]},"properties":{"kind":"FIXED","limit_kmh":100,"source":"OSM","active":true,"direction_deg":null}},{"type":"Feature","geometry":{"type":"Point","coordinates":[-43.191612,-22.90576]},"properties":{"kind":"FIXED","limit_kmh":60,"source":"RIO","active":true,"direction_deg":null}},{"type":"Feature","geometry":{"type":"Point","coordinates":[-42.970647,-22.905719]},"properties":{"kind":"FIXED","limit_kmh":60,"source":"OSM","active":true,"direction_deg":null}},{"type":"Feature","geometry":{"type":"Point","coordinates":[-42.970525,-22.905538]},"properties":{"kind":"FIXED","limit_kmh":60,"source":"OSM","active":true,"direction_deg":null}},{"type":"Feature","geometry":{"type":"Point","coordinates":[-43.277297,-22.90538]},"properties":{"kind":"RED_LIGHT","limit_kmh":null,"source":"RIO","active":true,"direction_deg":null}},{"type":"Feature","geometry":{"type":"Point","coordinates":[-43.577797,-22.905351]},"properties":{"kind":"FIXED","limit_kmh":40,"source":"RIO","active":true,"direction_deg":null}},{"type":"Feature","geometry":{"type":"Point","coordinates":[-43.269499,-22.905351]},"properties":{"kind":"FIXED","limit_kmh":50,"source":"RIO","active":true,"direction_deg":null}},{"type":"Feature","geometry":{"type":"Point","coordinates":[-43.277234,-22.905258]},"properties":{"kind":"FIXED","limit_kmh":40,"source":"OSM","active":true,"direction_deg":null}},{"type":"Feature","geometry":{"type":"Point","coordinates":[-43.190166,-22.905098]},"properties":{"kind":"FIXED","limit_kmh":60,"source":"OSM","active":true,"direction_deg":null}},{"type":"Feature","geometry":{"type":"Point","coordinates":[-43.266262,-22.905006]},"properties":{"kind":"FIXED","limit_kmh":60,"source":"RIO","active":true,"direction_deg":null}},{"type":"Feature","geometry":{"type":"Point","coordinates":[-43.190225,-22.904937]},"properties":{"kind":"FIXED","limit_kmh":60,"source":"OSM","active":true,"direction_deg":null}},{"type":"Feature","geometry":{"type":"Point","coordinates":[-43.210409,-22.904698]},"properties":{"kind":"FIXED","limit_kmh":80,"source":"RIO","active":true,"direction_deg":null}},{"type":"Feature","geometry":{"type":"Point","coordinates":[-43.555149,-22.904565]},"properties":{"kind":"FIXED","limit_kmh":50,"source":"RIO","active":true,"direction_deg":null}},{"type":"Feature","geometry":{"type":"Point","coordinates":[-43.210281,-22.904552]},"properties":{"kind":"FIXED","limit_kmh":60,"source":"OSM","active":true,"direction_deg":null}},{"type":"Feature","geometry":{"type":"Point","coordinates":[-43.210128,-22.904542]},"properties":{"kind":"FIXED","limit_kmh":80,"source":"OSM","active":true,"direction_deg":null}},{"type":"Feature","geometry":{"type":"Point","coordinates":[-43.555052,-22.904413]},"properties":{"kind":"FIXED","limit_kmh":50,"source":"OSM","active":true,"direction_deg":null}},{"type":"Feature","geometry":{"type":"Point","coordinates":[-43.187335,-22.904341]},"properties":{"kind":"FIXED","limit_kmh":60,"source":"RIO","active":true,"direction_deg":null}},{"type":"Feature","geometry":{"type":"Point","coordinates":[-43.187785,-22.904329]},"properties":{"kind":"FIXED","limit_kmh":60,"source":"OSM","active":true,"direction_deg":null}},{"type":"Feature","geometry":{"type":"Point","coordinates":[-43.178201,-22.904236]},"properties":{"kind":"FIXED","limit_kmh":50,"source":"RIO","active":true,"direction_deg":null}},{"type":"Feature","geometry":{"type":"Point","coordinates":[-43.260582,-22.904219]},"properties":{"kind":"FIXED","limit_kmh":50,"source":"RIO","active":true,"direction_deg":null}},{"type":"Feature","geometry":{"type":"Point","coordinates":[-43.286957,-22.904199]},"properties":{"kind":"RED_LIGHT","limit_kmh":null,"source":"RIO","active":true,"direction_deg":null}},{"type":"Feature","geometry":{"type":"Point","coordinates":[-43.286381,-22.904199]},"properties":{"kind":"RED_LIGHT","limit_kmh":null,"source":"RIO","active":true,"direction_deg":null}},{"type":"Feature","geometry":{"type":"Point","coordinates":[-43.21565,-22.903936]},"properties":{"kind":"RED_LIGHT","limit_kmh":null,"source":"RIO","active":true,"direction_deg":null}},{"type":"Feature","geometry":{"type":"Point","coordinates":[-43.273308,-22.90392]},"properties":{"kind":"FIXED","limit_kmh":60,"source":"OSM","active":true,"direction_deg":null}},{"type":"Feature","geometry":{"type":"Point","coordinates":[-43.273402,-22.903885]},"properties":{"kind":"FIXED","limit_kmh":60,"source":"RIO","active":true,"direction_deg":null}},{"type":"Feature","geometry":{"type":"Point","coordinates":[-43.296748,-22.903624]},"properties":{"kind":"RED_LIGHT","limit_kmh":null,"source":"RIO","active":true,"direction_deg":null}},{"type":"Feature","geometry":{"type":"Point","coordinates":[-43.186059,-22.903598]},"properties":{"kind":"FIXED","limit_kmh":60,"source":"OSM","active":true,"direction_deg":null}},{"type":"Feature","geometry":{"type":"Point","coordinates":[-43.254364,-22.903439]},"properties":{"kind":"FIXED","limit_kmh":50,"source":"RIO","active":true,"direction_deg":null}},{"type":"Feature","geometry":{"type":"Point","coordinates":[-43.276728,-22.903269]},"properties":{"kind":"FIXED","limit_kmh":50,"source":"OSM","active":true,"direction_deg":null}},{"type":"Feature","geometry":{"type":"Point","coordinates":[-43.245858,-22.903267]},"properties":{"kind":"FIXED","limit_kmh":60,"source":"RIO","active":true,"direction_deg":null}},{"type":"Feature","geometry":{"type":"Point","coordinates":[-43.249365,-22.902888]},"properties":{"kind":"FIXED","limit_kmh":60,"source":"OSM","active":true,"direction_deg":null}},{"type":"Feature","geometry":{"type":"Point","coordinates":[-43.539724,-22.90285]},"properties":{"kind":"FIXED","limit_kmh":50,"source":"OSM","active":true,"direction_deg":null}},{"type":"Feature","geometry":{"type":"Point","coordinates":[-43.564105,-22.902828]},"properties":{"kind":"FIXED","limit_kmh":40,"source":"OSM","active":true,"direction_deg":null}},{"type":"Feature","geometry":{"type":"Point","coordinates":[-43.355409,-22.902526]},"properties":{"kind":"RED_LIGHT","limit_kmh":null,"source":"RIO","active":true,"direction_deg":null}},{"type":"Feature","geometry":{"type":"Point","coordinates":[-43.539731,-22.902519]},"properties":{"kind":"FIXED","limit_kmh":50,"source":"OSM","active":true,"direction_deg":null}},{"type":"Feature","geometry":{"type":"Point","coordinates":[-43.265724,-22.902438]},"properties":{"kind":"FIXED","limit_kmh":50,"source":"OSM","active":true,"direction_deg":null}},{"type":"Feature","geometry":{"type":"Point","coordinates":[-43.182525,-22.902306]},"properties":{"kind":"FIXED","limit_kmh":60,"source":"OSM","active":true,"direction_deg":null}},{"type":"Feature","geometry":{"type":"Point","coordinates":[-43.178935,-22.902267]},"properties":{"kind":"FIXED","limit_kmh":40,"source":"RIO","active":true,"direction_deg":null}},{"type":"Feature","geometry":{"type":"Point","coordinates":[-43.539576,-22.90221]},"properties":{"kind":"FIXED","limit_kmh":50,"source":"RIO","active":true,"direction_deg":null}},{"type":"Feature","geometry":{"type":"Point","coordinates":[-43.245731,-22.902183]},"properties":{"kind":"FIXED","limit_kmh":50,"source":"RIO","active":true,"direction_deg":null}},{"type":"Feature","geometry":{"type":"Point","coordinates":[-43.175727,-22.902117]},"properties":{"kind":"FIXED","limit_kmh":60,"source":"RIO","active":true,"direction_deg":null}},{"type":"Feature","geometry":{"type":"Point","coordinates":[-43.182746,-22.90209]},"properties":{"kind":"FIXED","limit_kmh":50,"source":"RIO","active":true,"direction_deg":null}},{"type":"Feature","geometry":{"type":"Point","coordinates":[-43.255571,-22.902058]},"properties":{"kind":"FIXED","limit_kmh":50,"source":"RIO","active":true,"direction_deg":null}},{"type":"Feature","geometry":{"type":"Point","coordinates":[-43.246108,-22.901925]},"properties":{"kind":"FIXED","limit_kmh":50,"source":"OSM","active":true,"direction_deg":null}},{"type":"Feature","geometry":{"type":"Point","coordinates":[-43.355344,-22.901894]},"properties":{"kind":"RED_LIGHT","limit_kmh":null,"source":"RIO","active":true,"direction_deg":null}},{"type":"Feature","geometry":{"type":"Point","coordinates":[-43.180754,-22.901735]},"properties":{"kind":"FIXED","limit_kmh":60,"source":"OSM","active":true,"direction_deg":null}},{"type":"Feature","geometry":{"type":"Point","coordinates":[-43.252555,-22.901699]},"properties":{"kind":"FIXED","limit_kmh":60,"source":"RIO","active":true,"direction_deg":null}},{"type":"Feature","geometry":{"type":"Point","coordinates":[-43.180866,-22.901587]},"properties":{"kind":"FIXED","limit_kmh":60,"source":"OSM","active":true,"direction_deg":null}},{"type":"Feature","geometry":{"type":"Point","coordinates":[-43.181041,-22.901536]},"properties":{"kind":"FIXED","limit_kmh":60,"source":"RIO","active":true,"direction_deg":null}},{"type":"Feature","geometry":{"type":"Point","coordinates":[-43.248736,-22.901394]},"properties":{"kind":"FIXED","limit_kmh":50,"source":"RIO","active":true,"direction_deg":null}},{"type":"Feature","geometry":{"type":"Point","coordinates":[-42.939562,-22.901147]},"properties":{"kind":"FIXED","limit_kmh":80,"source":"OSM","active":true,"direction_deg":null}},{"type":"Feature","geometry":{"type":"Point","coordinates":[-42.95415,-22.900935]},"properties":{"kind":"FIXED","limit_kmh":60,"source":"OSM","active":true,"direction_deg":null}},{"type":"Feature","geometry":{"type":"Point","coordinates":[-43.572261,-22.90053]},"properties":{"kind":"RED_LIGHT","limit_kmh":null,"source":"RIO","active":true,"direction_deg":null}},{"type":"Feature","geometry":{"type":"Point","coordinates":[-43.382284,-22.900475]},"properties":{"kind":"FIXED","limit_kmh":60,"source":"RIO","active":true,"direction_deg":null}},{"type":"Feature","geometry":{"type":"Point","coordinates":[-43.573045,-22.900047]},"properties":{"kind":"RED_LIGHT","limit_kmh":null,"source":"RIO","active":true,"direction_deg":null}},{"type":"Feature","geometry":{"type":"Point","coordinates":[-43.679518,-22.899918]},"properties":{"kind":"RED_LIGHT","limit_kmh":null,"source":"RIO","active":true,"direction_deg":null}},{"type":"Feature","geometry":{"type":"Point","coordinates":[-43.383392,-22.899814]},"properties":{"kind":"RED_LIGHT","limit_kmh":null,"source":"RIO","active":true,"direction_deg":null}},{"type":"Feature","geometry":{"type":"Point","coordinates":[-43.22871,-22.899798]},"properties":{"kind":"FIXED","limit_kmh":40,"source":"OSM","active":true,"direction_deg":null}},{"type":"Feature","geometry":{"type":"Point","coordinates":[-43.228392,-22.89972]},"properties":{"kind":"FIXED","limit_kmh":40,"source":"OSM","active":true,"direction_deg":null}},{"type":"Feature","geometry":{"type":"Point","coordinates":[-43.384722,-22.899354]},"properties":{"kind":"FIXED","limit_kmh":60,"source":"RIO","active":true,"direction_deg":null}},{"type":"Feature","geometry":{"type":"Point","coordinates":[-43.861492,-22.898754]},"properties":{"kind":"FIXED","limit_kmh":50,"source":"ANTT","active":true,"direction_deg":null}},{"type":"Feature","geometry":{"type":"Point","coordinates":[-43.209878,-22.89867]},"properties":{"kind":"FIXED","limit_kmh":50,"source":"OSM","active":true,"direction_deg":null}},{"type":"Feature","geometry":{"type":"Point","coordinates":[-43.295662,-22.898532]},"properties":{"kind":"RED_LIGHT","limit_kmh":null,"source":"RIO","active":true,"direction_deg":null}},{"type":"Feature","geometry":{"type":"Point","coordinates":[-42.986462,-22.898467]},"properties":{"kind":"FIXED","limit_kmh":60,"source":"OSM","active":true,"direction_deg":null}},{"type":"Feature","geometry":{"type":"Point","coordinates":[-43.111829,-22.898422]},"properties":{"kind":"FIXED","limit_kmh":60,"source":"OSM","active":true,"direction_deg":null}},{"type":"Feature","geometry":{"type":"Point","coordinates":[-43.111682,-22.898406]},"properties":{"kind":"FIXED","limit_kmh":40,"source":"OSM","active":true,"direction_deg":null}},{"type":"Feature","geometry":{"type":"Point","coordinates":[-43.295809,-22.898336]},"properties":{"kind":"RED_LIGHT","limit_kmh":null,"source":"RIO","active":true,"direction_deg":null}},{"type":"Feature","geometry":{"type":"Point","coordinates":[-43.301383,-22.897768]},"properties":{"kind":"FIXED","limit_kmh":50,"source":"RIO","active":true,"direction_deg":null}},{"type":"Feature","geometry":{"type":"Point","coordinates":[-43.217666,-22.897768]},"properties":{"kind":"RED_LIGHT","limit_kmh":null,"source":"RIO","active":true,"direction_deg":null}},{"type":"Feature","geometry":{"type":"Point","coordinates":[-43.278852,-22.897605]},"properties":{"kind":"RED_LIGHT","limit_kmh":null,"source":"RIO","active":true,"direction_deg":null}},{"type":"Feature","geometry":{"type":"Point","coordinates":[-43.549822,-22.897439]},"properties":{"kind":"RED_LIGHT","limit_kmh":null,"source":"RIO","active":true,"direction_deg":null}},{"type":"Feature","geometry":{"type":"Point","coordinates":[-42.784678,-22.897425]},"properties":{"kind":"FIXED","limit_kmh":60,"source":"OSM","active":true,"direction_deg":null}},{"type":"Feature","geometry":{"type":"Point","coordinates":[-43.278802,-22.897269]},"properties":{"kind":"RED_LIGHT","limit_kmh":null,"source":"RIO","active":true,"direction_deg":null}},{"type":"Feature","geometry":{"type":"Point","coordinates":[-43.182645,-22.897067]},"properties":{"kind":"FIXED","limit_kmh":80,"source":"OSM","active":true,"direction_deg":null}},{"type":"Feature","geometry":{"type":"Point","coordinates":[-43.184319,-22.896649]},"properties":{"kind":"FIXED","limit_kmh":80,"source":"OSM","active":true,"direction_deg":null}},{"type":"Feature","geometry":{"type":"Point","coordinates":[-43.580577,-22.896313]},"properties":{"kind":"FIXED","limit_kmh":50,"source":"RIO","active":true,"direction_deg":null}},{"type":"Feature","geometry":{"type":"Point","coordinates":[-43.549521,-22.896051]},"properties":{"kind":"FIXED","limit_kmh":60,"source":"OSM","active":true,"direction_deg":null}},{"type":"Feature","geometry":{"type":"Point","coordinates":[-43.578155,-22.895867]},"properties":{"kind":"FIXED","limit_kmh":50,"source":"RIO","active":true,"direction_deg":null}},{"type":"Feature","geometry":{"type":"Point","coordinates":[-43.578333,-22.895726]},"properties":{"kind":"FIXED","limit_kmh":40,"source":"OSM","active":true,"direction_deg":null}},{"type":"Feature","geometry":{"type":"Point","coordinates":[-43.578372,-22.895566]},"properties":{"kind":"FIXED","limit_kmh":40,"source":"OSM","active":true,"direction_deg":null}},{"type":"Feature","geometry":{"type":"Point","coordinates":[-43.350075,-22.895487]},"properties":{"kind":"RED_LIGHT","limit_kmh":null,"source":"RIO","active":true,"direction_deg":null}},{"type":"Feature","geometry":{"type":"Point","coordinates":[-43.29892,-22.895299]},"properties":{"kind":"RED_LIGHT","limit_kmh":null,"source":"RIO","active":true,"direction_deg":null}},{"type":"Feature","geometry":{"type":"Point","coordinates":[-43.354002,-22.895158]},"properties":{"kind":"FIXED","limit_kmh":40,"source":"RIO","active":true,"direction_deg":null}},{"type":"Feature","geometry":{"type":"Point","coordinates":[-43.354211,-22.895092]},"properties":{"kind":"FIXED","limit_kmh":40,"source":"OSM","active":true,"direction_deg":null}},{"type":"Feature","geometry":{"type":"Point","coordinates":[-43.298661,-22.895058]},"properties":{"kind":"RED_LIGHT","limit_kmh":null,"source":"RIO","active":true,"direction_deg":null}},{"type":"Feature","geometry":{"type":"Point","coordinates":[-43.350024,-22.894821]},"properties":{"kind":"RED_LIGHT","limit_kmh":null,"source":"RIO","active":true,"direction_deg":null}},{"type":"Feature","geometry":{"type":"Point","coordinates":[-43.287384,-22.894449]},"properties":{"kind":"RED_LIGHT","limit_kmh":null,"source":"RIO","active":true,"direction_deg":null}},{"type":"Feature","geometry":{"type":"Point","coordinates":[-43.287313,-22.894309]},"properties":{"kind":"FIXED","limit_kmh":50,"source":"OSM","active":true,"direction_deg":null}},{"type":"Feature","geometry":{"type":"Point","coordinates":[-43.287036,-22.894124]},"properties":{"kind":"RED_LIGHT","limit_kmh":null,"source":"RIO","active":true,"direction_deg":null}},{"type":"Feature","geometry":{"type":"Point","coordinates":[-43.348275,-22.892686]},"properties":{"kind":"RED_LIGHT","limit_kmh":null,"source":"RIO","active":true,"direction_deg":null}},{"type":"Feature","geometry":{"type":"Point","coordinates":[-43.531901,-22.892579]},"properties":{"kind":"FIXED","limit_kmh":60,"source":"OSM","active":true,"direction_deg":null}},{"type":"Feature","geometry":{"type":"Point","coordinates":[-43.531883,-22.892509]},"properties":{"kind":"FIXED","limit_kmh":50,"source":"RIO","active":true,"direction_deg":null}},{"type":"Feature","geometry":{"type":"Point","coordinates":[-43.278102,-22.89221]},"properties":{"kind":"RED_LIGHT","limit_kmh":null,"source":"RIO","active":true,"direction_deg":null}},{"type":"Feature","geometry":{"type":"Point","coordinates":[-43.035714,-22.891935]},"properties":{"kind":"FIXED","limit_kmh":40,"source":"OSM","active":true,"direction_deg":null}},{"type":"Feature","geometry":{"type":"Point","coordinates":[-43.348237,-22.891811]},"properties":{"kind":"RED_LIGHT","limit_kmh":null,"source":"RIO","active":true,"direction_deg":null}},{"type":"Feature","geometry":{"type":"Point","coordinates":[-43.035739,-22.891755]},"properties":{"kind":"FIXED","limit_kmh":40,"source":"OSM","active":true,"direction_deg":null}},{"type":"Feature","geometry":{"type":"Point","coordinates":[-43.098594,-22.891741]},"properties":{"kind":"FIXED","limit_kmh":40,"source":"OSM","active":true,"direction_deg":null}},{"type":"Feature","geometry":{"type":"Point","coordinates":[-42.98761,-22.891121]},"properties":{"kind":"FIXED","limit_kmh":60,"source":"OSM","active":true,"direction_deg":null}},{"type":"Feature","geometry":{"type":"Point","coordinates":[-43.525161,-22.890188]},"properties":{"kind":"RED_LIGHT","limit_kmh":null,"source":"RIO","active":true,"direction_deg":null}},{"type":"Feature","geometry":{"type":"Point","coordinates":[-42.462978,-22.889895]},"properties":{"kind":"FIXED","limit_kmh":50,"source":"OSM","active":true,"direction_deg":null}},{"type":"Feature","geometry":{"type":"Point","coordinates":[-43.56735,-22.889242]},"properties":{"kind":"FIXED","limit_kmh":50,"source":"OSM","active":true,"direction_deg":null}},{"type":"Feature","geometry":{"type":"Point","coordinates":[-42.049706,-22.889102]},"properties":{"kind":"FIXED","limit_kmh":50,"source":"OSM","active":true,"direction_deg":null}},{"type":"Feature","geometry":{"type":"Point","coordinates":[-43.658867,-22.88873]},"properties":{"kind":"FIXED","limit_kmh":90,"source":"OSM","active":true,"direction_deg":null}},{"type":"Feature","geometry":{"type":"Point","coordinates":[-42.050253,-22.888437]},"properties":{"kind":"FIXED","limit_kmh":50,"source":"OSM","active":true,"direction_deg":null}},{"type":"Feature","geometry":{"type":"Point","coordinates":[-43.65902,-22.88835]},"properties":{"kind":"FIXED","limit_kmh":90,"source":"OSM","active":true,"direction_deg":null}},{"type":"Feature","geometry":{"type":"Point","coordinates":[-43.314274,-22.888262]},"properties":{"kind":"RED_LIGHT","limit_kmh":null,"source":"RIO","active":true,"direction_deg":null}},{"type":"Feature","geometry":{"type":"Point","coordinates":[-42.629799,-22.887638]},"properties":{"kind":"FIXED","limit_kmh":60,"source":"OSM","active":true,"direction_deg":null}},{"type":"Feature","geometry":{"type":"Point","coordinates":[-43.344993,-22.887473]},"properties":{"kind":"RED_LIGHT","limit_kmh":null,"source":"RIO","active":true,"direction_deg":null}},{"type":"Feature","geometry":{"type":"Point","coordinates":[-43.344595,-22.887386]},"properties":{"kind":"RED_LIGHT","limit_kmh":null,"source":"RIO","active":true,"direction_deg":null}},{"type":"Feature","geometry":{"type":"Point","coordinates":[-42.456022,-22.88707]},"properties":{"kind":"FIXED","limit_kmh":50,"source":"OSM","active":true,"direction_deg":null}},{"type":"Feature","geometry":{"type":"Point","coordinates":[-43.345025,-22.887025]},"properties":{"kind":"RED_LIGHT","limit_kmh":null,"source":"RIO","active":true,"direction_deg":null}},{"type":"Feature","geometry":{"type":"Point","coordinates":[-43.394506,-22.886452]},"properties":{"kind":"FIXED","limit_kmh":60,"source":"OSM","active":true,"direction_deg":null}},{"type":"Feature","geometry":{"type":"Point","coordinates":[-43.217443,-22.886387]},"properties":{"kind":"FIXED","limit_kmh":60,"source":"OSM","active":true,"direction_deg":null}},{"type":"Feature","geometry":{"type":"Point","coordinates":[-43.217291,-22.886349]},"properties":{"kind":"FIXED","limit_kmh":60,"source":"OSM","active":true,"direction_deg":null}},{"type":"Feature","geometry":{"type":"Point","coordinates":[-43.217523,-22.886347]},"properties":{"kind":"FIXED","limit_kmh":60,"source":"OSM","active":true,"direction_deg":null}},{"type":"Feature","geometry":{"type":"Point","coordinates":[-43.394492,-22.886285]},"properties":{"kind":"FIXED","limit_kmh":60,"source":"OSM","active":true,"direction_deg":null}},{"type":"Feature","geometry":{"type":"Point","coordinates":[-43.712921,-22.885973]},"properties":{"kind":"FIXED","limit_kmh":100,"source":"OSM","active":true,"direction_deg":null}},{"type":"Feature","geometry":{"type":"Point","coordinates":[-43.712871,-22.885859]},"properties":{"kind":"FIXED","limit_kmh":100,"source":"OSM","active":true,"direction_deg":null}},{"type":"Feature","geometry":{"type":"Point","coordinates":[-42.38823,-22.885453]},"properties":{"kind":"FIXED","limit_kmh":50,"source":"OSM","active":true,"direction_deg":null}},{"type":"Feature","geometry":{"type":"Point","coordinates":[-43.552905,-22.884907]},"properties":{"kind":"FIXED","limit_kmh":50,"source":"RIO","active":true,"direction_deg":null}},{"type":"Feature","geometry":{"type":"Point","coordinates":[-42.389213,-22.88486]},"properties":{"kind":"FIXED","limit_kmh":50,"source":"OSM","active":true,"direction_deg":null}},{"type":"Feature","geometry":{"type":"Point","coordinates":[-43.57933,-22.884749]},"properties":{"kind":"FIXED","limit_kmh":40,"source":"RIO","active":true,"direction_deg":null}},{"type":"Feature","geometry":{"type":"Point","coordinates":[-43.550888,-22.884707]},"properties":{"kind":"FIXED","limit_kmh":50,"source":"RIO","active":true,"direction_deg":null}},{"type":"Feature","geometry":{"type":"Point","coordinates":[-43.579553,-22.884682]},"properties":{"kind":"FIXED","limit_kmh":50,"source":"OSM","active":true,"direction_deg":null}},{"type":"Feature","geometry":{"type":"Point","coordinates":[-42.050886,-22.883919]},"properties":{"kind":"FIXED","limit_kmh":50,"source":"OSM","active":true,"direction_deg":null}},{"type":"Feature","geometry":{"type":"Point","coordinates":[-43.372902,-22.883833]},"properties":{"kind":"FIXED","limit_kmh":60,"source":"OSM","active":true,"direction_deg":null}},{"type":"Feature","geometry":{"type":"Point","coordinates":[-42.3674,-22.883774]},"properties":{"kind":"FIXED","limit_kmh":50,"source":"OSM","active":true,"direction_deg":null}},{"type":"Feature","geometry":{"type":"Point","coordinates":[-43.549294,-22.883714]},"properties":{"kind":"FIXED","limit_kmh":50,"source":"OSM","active":true,"direction_deg":null}},{"type":"Feature","geometry":{"type":"Point","coordinates":[-42.051028,-22.883446]},"properties":{"kind":"FIXED","limit_kmh":50,"source":"OSM","active":true,"direction_deg":null}},{"type":"Feature","geometry":{"type":"Point","coordinates":[-43.338696,-22.882572]},"properties":{"kind":"FIXED","limit_kmh":60,"source":"OSM","active":true,"direction_deg":null}},{"type":"Feature","geometry":{"type":"Point","coordinates":[-43.522183,-22.882425]},"properties":{"kind":"FIXED","limit_kmh":50,"source":"OSM","active":true,"direction_deg":null}},{"type":"Feature","geometry":{"type":"Point","coordinates":[-43.52223,-22.882262]},"properties":{"kind":"FIXED","limit_kmh":50,"source":"OSM","active":true,"direction_deg":null}},{"type":"Feature","geometry":{"type":"Point","coordinates":[-43.521811,-22.882053]},"properties":{"kind":"FIXED","limit_kmh":50,"source":"RIO","active":true,"direction_deg":null}},{"type":"Feature","geometry":{"type":"Point","coordinates":[-43.635051,-22.881819]},"properties":{"kind":"FIXED","limit_kmh":90,"source":"OSM","active":true,"direction_deg":null}},{"type":"Feature","geometry":{"type":"Point","coordinates":[-42.352041,-22.881632]},"properties":{"kind":"FIXED","limit_kmh":50,"source":"OSM","active":true,"direction_deg":null}},{"type":"Feature","geometry":{"type":"Point","coordinates":[-43.498671,-22.881503]},"properties":{"kind":"FIXED","limit_kmh":60,"source":"OSM","active":true,"direction_deg":null}},{"type":"Feature","geometry":{"type":"Point","coordinates":[-43.294109,-22.881415]},"properties":{"kind":"RED_LIGHT","limit_kmh":null,"source":"RIO","active":true,"direction_deg":null}},{"type":"Feature","geometry":{"type":"Point","coordinates":[-43.087282,-22.881376]},"properties":{"kind":"FIXED","limit_kmh":50,"source":"OSM","active":true,"direction_deg":null}},{"type":"Feature","geometry":{"type":"Point","coordinates":[-43.635162,-22.881374]},"properties":{"kind":"FIXED","limit_kmh":90,"source":"OSM","active":true,"direction_deg":null}},{"type":"Feature","geometry":{"type":"Point","coordinates":[-43.498729,-22.881371]},"properties":{"kind":"FIXED","limit_kmh":50,"source":"RIO","active":true,"direction_deg":null}},{"type":"Feature","geometry":{"type":"Point","coordinates":[-43.239056,-22.881192]},"properties":{"kind":"FIXED","limit_kmh":70,"source":"OSM","active":true,"direction_deg":null}},{"type":"Feature","geometry":{"type":"Point","coordinates":[-43.510887,-22.881166]},"properties":{"kind":"RED_LIGHT","limit_kmh":null,"source":"RIO","active":true,"direction_deg":null}},{"type":"Feature","geometry":{"type":"Point","coordinates":[-43.257173,-22.881162]},"properties":{"kind":"FIXED","limit_kmh":60,"source":"OSM","active":true,"direction_deg":null}},{"type":"Feature","geometry":{"type":"Point","coordinates":[-43.238958,-22.881135]},"properties":{"kind":"FIXED","limit_kmh":90,"source":"OSM","active":true,"direction_deg":null}},{"type":"Feature","geometry":{"type":"Point","coordinates":[-43.500489,-22.881131]},"properties":{"kind":"FIXED","limit_kmh":60,"source":"OSM","active":true,"direction_deg":null}},{"type":"Feature","geometry":{"type":"Point","coordinates":[-43.238792,-22.881043]},"properties":{"kind":"FIXED","limit_kmh":90,"source":"OSM","active":true,"direction_deg":null}},{"type":"Feature","geometry":{"type":"Point","coordinates":[-43.238676,-22.881036]},"properties":{"kind":"FIXED","limit_kmh":70,"source":"OSM","active":true,"direction_deg":null}},{"type":"Feature","geometry":{"type":"Point","coordinates":[-43.257614,-22.881006]},"properties":{"kind":"FIXED","limit_kmh":60,"source":"OSM","active":true,"direction_deg":null}},{"type":"Feature","geometry":{"type":"Point","coordinates":[-43.257451,-22.880981]},"properties":{"kind":"FIXED","limit_kmh":60,"source":"RIO","active":true,"direction_deg":null}},{"type":"Feature","geometry":{"type":"Point","coordinates":[-43.323568,-22.88091]},"properties":{"kind":"FIXED","limit_kmh":40,"source":"OSM","active":true,"direction_deg":null}},{"type":"Feature","geometry":{"type":"Point","coordinates":[-43.331207,-22.880755]},"properties":{"kind":"FIXED","limit_kmh":60,"source":"OSM","active":true,"direction_deg":null}},{"type":"Feature","geometry":{"type":"Point","coordinates":[-43.331662,-22.880682]},"properties":{"kind":"FIXED","limit_kmh":60,"source":"RIO","active":true,"direction_deg":null}},{"type":"Feature","geometry":{"type":"Point","coordinates":[-43.473678,-22.880402]},"properties":{"kind":"FIXED","limit_kmh":null,"source":"OSM","active":true,"direction_deg":null}},{"type":"Feature","geometry":{"type":"Point","coordinates":[-43.473746,-22.880331]},"properties":{"kind":"RED_LIGHT","limit_kmh":null,"source":"OSM","active":true,"direction_deg":null}},{"type":"Feature","geometry":{"type":"Point","coordinates":[-43.473854,-22.880177]},"properties":{"kind":"RED_LIGHT","limit_kmh":null,"source":"RIO","active":true,"direction_deg":null}},{"type":"Feature","geometry":{"type":"Point","coordinates":[-42.379644,-22.879918]},"properties":{"kind":"FIXED","limit_kmh":50,"source":"OSM","active":true,"direction_deg":null}},{"type":"Feature","geometry":{"type":"Point","coordinates":[-43.469008,-22.879719]},"properties":{"kind":"RED_LIGHT","limit_kmh":null,"source":"RIO","active":true,"direction_deg":null}},{"type":"Feature","geometry":{"type":"Point","coordinates":[-43.113585,-22.879651]},"properties":{"kind":"FIXED","limit_kmh":60,"source":"OSM","active":true,"direction_deg":null}},{"type":"Feature","geometry":{"type":"Point","coordinates":[-43.505863,-22.879602]},"properties":{"kind":"FIXED","limit_kmh":50,"source":"RIO","active":true,"direction_deg":null}},{"type":"Feature","geometry":{"type":"Point","coordinates":[-43.455699,-22.879548]},"properties":{"kind":"FIXED","limit_kmh":50,"source":"OSM","active":true,"direction_deg":null}},{"type":"Feature","geometry":{"type":"Point","coordinates":[-43.505558,-22.879535]},"properties":{"kind":"FIXED","limit_kmh":50,"source":"RIO","active":true,"direction_deg":null}},{"type":"Feature","geometry":{"type":"Point","coordinates":[-43.33233,-22.879385]},"properties":{"kind":"FIXED","limit_kmh":60,"source":"RIO","active":true,"direction_deg":null}},{"type":"Feature","geometry":{"type":"Point","coordinates":[-43.455698,-22.879348]},"properties":{"kind":"FIXED","limit_kmh":50,"source":"RIO","active":true,"direction_deg":null}},{"type":"Feature","geometry":{"type":"Point","coordinates":[-43.621664,-22.879347]},"properties":{"kind":"FIXED","limit_kmh":90,"source":"ANTT","active":true,"direction_deg":79}},{"type":"Feature","geometry":{"type":"Point","coordinates":[-43.505334,-22.879334]},"properties":{"kind":"FIXED","limit_kmh":60,"source":"OSM","active":true,"direction_deg":null}},{"type":"Feature","geometry":{"type":"Point","coordinates":[-43.113204,-22.879106]},"properties":{"kind":"FIXED","limit_kmh":60,"source":"OSM","active":true,"direction_deg":null}},{"type":"Feature","geometry":{"type":"Point","coordinates":[-43.818911,-22.877999]},"properties":{"kind":"FIXED","limit_kmh":100,"source":"ANTT","active":true,"direction_deg":61}},{"type":"Feature","geometry":{"type":"Point","coordinates":[-43.446799,-22.877466]},"properties":{"kind":"FIXED","limit_kmh":50,"source":"OSM","active":true,"direction_deg":null}},{"type":"Feature","geometry":{"type":"Point","coordinates":[-43.446804,-22.877312]},"properties":{"kind":"FIXED","limit_kmh":50,"source":"RIO","active":true,"direction_deg":null}},{"type":"Feature","geometry":{"type":"Point","coordinates":[-43.473013,-22.877187]},"properties":{"kind":"FIXED","limit_kmh":60,"source":"OSM","active":true,"direction_deg":null}},{"type":"Feature","geometry":{"type":"Point","coordinates":[-42.429661,-22.876797]},"properties":{"kind":"FIXED","limit_kmh":50,"source":"OSM","active":true,"direction_deg":null}},{"type":"Feature","geometry":{"type":"Point","coordinates":[-43.05507,-22.876412]},"properties":{"kind":"FIXED","limit_kmh":60,"source":"OSM","active":true,"direction_deg":null}},{"type":"Feature","geometry":{"type":"Point","coordinates":[-43.429696,-22.876339]},"properties":{"kind":"FIXED","limit_kmh":50,"source":"OSM","active":true,"direction_deg":null}},{"type":"Feature","geometry":{"type":"Point","coordinates":[-43.455508,-22.876301]},"properties":{"kind":"FIXED","limit_kmh":50,"source":"RIO","active":true,"direction_deg":null}},{"type":"Feature","geometry":{"type":"Point","coordinates":[-43.208641,-22.876228]},"properties":{"kind":"FIXED","limit_kmh":80,"source":"OSM","active":true,"direction_deg":null}},{"type":"Feature","geometry":{"type":"Point","coordinates":[-43.208744,-22.876172]},"properties":{"kind":"FIXED","limit_kmh":80,"source":"ANTT","active":true,"direction_deg":null}},{"type":"Feature","geometry":{"type":"Point","coordinates":[-43.208743,-22.876148]},"properties":{"kind":"FIXED","limit_kmh":80,"source":"OSM","active":true,"direction_deg":null}},{"type":"Feature","geometry":{"type":"Point","coordinates":[-42.208732,-22.876112]},"properties":{"kind":"FIXED","limit_kmh":80,"source":"ANTT","active":true,"direction_deg":null}},{"type":"Feature","geometry":{"type":"Point","coordinates":[-43.232271,-22.875841]},"properties":{"kind":"FIXED","limit_kmh":90,"source":"OSM","active":true,"direction_deg":null}},{"type":"Feature","geometry":{"type":"Point","coordinates":[-43.232418,-22.875823]},"properties":{"kind":"FIXED","limit_kmh":90,"source":"OSM","active":true,"direction_deg":null}},{"type":"Feature","geometry":{"type":"Point","coordinates":[-43.454959,-22.875369]},"properties":{"kind":"FIXED","limit_kmh":50,"source":"OSM","active":true,"direction_deg":null}},{"type":"Feature","geometry":{"type":"Point","coordinates":[-43.611996,-22.875325]},"properties":{"kind":"FIXED","limit_kmh":90,"source":"OSM","active":true,"direction_deg":null}},{"type":"Feature","geometry":{"type":"Point","coordinates":[-43.610351,-22.874893]},"properties":{"kind":"FIXED","limit_kmh":90,"source":"OSM","active":true,"direction_deg":null}},{"type":"Feature","geometry":{"type":"Point","coordinates":[-43.610946,-22.874774]},"properties":{"kind":"FIXED","limit_kmh":90,"source":"ANTT","active":true,"direction_deg":243}},{"type":"Feature","geometry":{"type":"Point","coordinates":[-43.553376,-22.874111]},"properties":{"kind":"FIXED","limit_kmh":50,"source":"OSM","active":true,"direction_deg":null}},{"type":"Feature","geometry":{"type":"Point","coordinates":[-43.553146,-22.874012]},"properties":{"kind":"FIXED","limit_kmh":50,"source":"RIO","active":true,"direction_deg":null}},{"type":"Feature","geometry":{"type":"Point","coordinates":[-43.314189,-22.873659]},"properties":{"kind":"FIXED","limit_kmh":40,"source":"OSM","active":true,"direction_deg":null}},{"type":"Feature","geometry":{"type":"Point","coordinates":[-42.495548,-22.873413]},"properties":{"kind":"FIXED","limit_kmh":50,"source":"OSM","active":true,"direction_deg":null}},{"type":"Feature","geometry":{"type":"Point","coordinates":[-43.553763,-22.87263]},"properties":{"kind":"FIXED","limit_kmh":50,"source":"RIO","active":true,"direction_deg":null}},{"type":"Feature","geometry":{"type":"Point","coordinates":[-43.55352,-22.872376]},"properties":{"kind":"FIXED","limit_kmh":50,"source":"OSM","active":true,"direction_deg":null}},{"type":"Feature","geometry":{"type":"Point","coordinates":[-43.252022,-22.872227]},"properties":{"kind":"FIXED","limit_kmh":100,"source":"OSM","active":true,"direction_deg":null}},{"type":"Feature","geometry":{"type":"Point","coordinates":[-43.252171,-22.872121]},"properties":{"kind":"FIXED","limit_kmh":100,"source":"OSM","active":true,"direction_deg":null}},{"type":"Feature","geometry":{"type":"Point","coordinates":[-43.744113,-22.871725]},"properties":{"kind":"FIXED","limit_kmh":100,"source":"OSM","active":true,"direction_deg":null}},{"type":"Feature","geometry":{"type":"Point","coordinates":[-43.415137,-22.871631]},"properties":{"kind":"FIXED","limit_kmh":50,"source":"OSM","active":true,"direction_deg":null}},{"type":"Feature","geometry":{"type":"Point","coordinates":[-43.414951,-22.871496]},"properties":{"kind":"FIXED","limit_kmh":50,"source":"OSM","active":true,"direction_deg":null}},{"type":"Feature","geometry":{"type":"Point","coordinates":[-42.024813,-22.871135]},"properties":{"kind":"FIXED","limit_kmh":null,"source":"OSM","active":true,"direction_deg":null}},{"type":"Feature","geometry":{"type":"Point","coordinates":[-42.267297,-22.870631]},"properties":{"kind":"FIXED","limit_kmh":50,"source":"OSM","active":true,"direction_deg":null}},{"type":"Feature","geometry":{"type":"Point","coordinates":[-43.554666,-22.86959]},"properties":{"kind":"RED_LIGHT","limit_kmh":null,"source":"RIO","active":true,"direction_deg":null}},{"type":"Feature","geometry":{"type":"Point","coordinates":[-43.41697,-22.869082]},"properties":{"kind":"FIXED","limit_kmh":40,"source":"RIO","active":true,"direction_deg":null}},{"type":"Feature","geometry":{"type":"Point","coordinates":[-43.419843,-22.868847]},"properties":{"kind":"RED_LIGHT","limit_kmh":null,"source":"RIO","active":true,"direction_deg":null}},{"type":"Feature","geometry":{"type":"Point","coordinates":[-42.283582,-22.868465]},"properties":{"kind":"FIXED","limit_kmh":50,"source":"OSM","active":true,"direction_deg":null}},{"type":"Feature","geometry":{"type":"Point","coordinates":[-43.350611,-22.868379]},"properties":{"kind":"FIXED","limit_kmh":50,"source":"RIO","active":true,"direction_deg":null}},{"type":"Feature","geometry":{"type":"Point","coordinates":[-43.406413,-22.867841]},"properties":{"kind":"FIXED","limit_kmh":50,"source":"OSM","active":true,"direction_deg":null}},{"type":"Feature","geometry":{"type":"Point","coordinates":[-43.109509,-22.866646]},"properties":{"kind":"FIXED","limit_kmh":80,"source":"OSM","active":true,"direction_deg":null}},{"type":"Feature","geometry":{"type":"Point","coordinates":[-42.305032,-22.866152]},"properties":{"kind":"FIXED","limit_kmh":50,"source":"OSM","active":true,"direction_deg":null}},{"type":"Feature","geometry":{"type":"Point","coordinates":[-43.426757,-22.865784]},"properties":{"kind":"FIXED","limit_kmh":50,"source":"OSM","active":true,"direction_deg":null}},{"type":"Feature","geometry":{"type":"Point","coordinates":[-42.312303,-22.865717]},"properties":{"kind":"FIXED","limit_kmh":50,"source":"OSM","active":true,"direction_deg":null}},{"type":"Feature","geometry":{"type":"Point","coordinates":[-42.607367,-22.865618]},"properties":{"kind":"FIXED","limit_kmh":50,"source":"OSM","active":true,"direction_deg":null}},{"type":"Feature","geometry":{"type":"Point","coordinates":[-43.5303,-22.865551]},"properties":{"kind":"FIXED","limit_kmh":50,"source":"RIO","active":true,"direction_deg":null}},{"type":"Feature","geometry":{"type":"Point","coordinates":[-43.574493,-22.865496]},"properties":{"kind":"FIXED","limit_kmh":90,"source":"OSM","active":true,"direction_deg":null}},{"type":"Feature","geometry":{"type":"Point","coordinates":[-43.574528,-22.865355]},"properties":{"kind":"FIXED","limit_kmh":90,"source":"OSM","active":true,"direction_deg":null}},{"type":"Feature","geometry":{"type":"Point","coordinates":[-43.293852,-22.865284]},"properties":{"kind":"RED_LIGHT","limit_kmh":null,"source":"RIO","active":true,"direction_deg":null}},{"type":"Feature","geometry":{"type":"Point","coordinates":[-43.03492,-22.86489]},"properties":{"kind":"FIXED","limit_kmh":60,"source":"OSM","active":true,"direction_deg":null}},{"type":"Feature","geometry":{"type":"Point","coordinates":[-43.29357,-22.864851]},"properties":{"kind":"RED_LIGHT","limit_kmh":null,"source":"RIO","active":true,"direction_deg":null}},{"type":"Feature","geometry":{"type":"Point","coordinates":[-43.364056,-22.864532]},"properties":{"kind":"FIXED","limit_kmh":50,"source":"RIO","active":true,"direction_deg":null}},{"type":"Feature","geometry":{"type":"Point","coordinates":[-43.363854,-22.864425]},"properties":{"kind":"FIXED","limit_kmh":60,"source":"OSM","active":true,"direction_deg":null}},{"type":"Feature","geometry":{"type":"Point","coordinates":[-43.403514,-22.863125]},"properties":{"kind":"FIXED","limit_kmh":50,"source":"OSM","active":true,"direction_deg":null}},{"type":"Feature","geometry":{"type":"Point","coordinates":[-42.507428,-22.86305]},"properties":{"kind":"FIXED","limit_kmh":50,"source":"OSM","active":true,"direction_deg":null}},{"type":"Feature","geometry":{"type":"Point","coordinates":[-43.543605,-22.862463]},"properties":{"kind":"FIXED","limit_kmh":60,"source":"RIO","active":true,"direction_deg":null}},{"type":"Feature","geometry":{"type":"Point","coordinates":[-43.795039,-22.862461]},"properties":{"kind":"FIXED","limit_kmh":100,"source":"ANTT","active":true,"direction_deg":233}},{"type":"Feature","geometry":{"type":"Point","coordinates":[-42.256843,-22.862146]},"properties":{"kind":"FIXED","limit_kmh":50,"source":"OSM","active":true,"direction_deg":null}},{"type":"Feature","geometry":{"type":"Point","coordinates":[-43.410881,-22.861867]},"properties":{"kind":"FIXED","limit_kmh":90,"source":"OSM","active":true,"direction_deg":null}},{"type":"Feature","geometry":{"type":"Point","coordinates":[-43.410958,-22.861727]},"properties":{"kind":"FIXED","limit_kmh":90,"source":"OSM","active":true,"direction_deg":null}},{"type":"Feature","geometry":{"type":"Point","coordinates":[-43.400159,-22.861483]},"properties":{"kind":"FIXED","limit_kmh":50,"source":"OSM","active":true,"direction_deg":null}},{"type":"Feature","geometry":{"type":"Point","coordinates":[-43.533488,-22.861023]},"properties":{"kind":"FIXED","limit_kmh":90,"source":"OSM","active":true,"direction_deg":null}},{"type":"Feature","geometry":{"type":"Point","coordinates":[-43.792391,-22.860663]},"properties":{"kind":"FIXED","limit_kmh":100,"source":"OSM","active":true,"direction_deg":null}},{"type":"Feature","geometry":{"type":"Point","coordinates":[-43.792195,-22.860653]},"properties":{"kind":"FIXED","limit_kmh":100,"source":"OSM","active":true,"direction_deg":null}},{"type":"Feature","geometry":{"type":"Point","coordinates":[-43.521244,-22.860473]},"properties":{"kind":"FIXED","limit_kmh":90,"source":"OSM","active":true,"direction_deg":null}},{"type":"Feature","geometry":{"type":"Point","coordinates":[-43.521238,-22.860315]},"properties":{"kind":"FIXED","limit_kmh":90,"source":"OSM","active":true,"direction_deg":null}},{"type":"Feature","geometry":{"type":"Point","coordinates":[-42.255477,-22.860283]},"properties":{"kind":"FIXED","limit_kmh":50,"source":"OSM","active":true,"direction_deg":null}},{"type":"Feature","geometry":{"type":"Point","coordinates":[-43.227843,-22.860038]},"properties":{"kind":"FIXED","limit_kmh":50,"source":"OSM","active":true,"direction_deg":null}},{"type":"Feature","geometry":{"type":"Point","coordinates":[-43.22769,-22.859934]},"properties":{"kind":"FIXED","limit_kmh":50,"source":"OSM","active":true,"direction_deg":null}},{"type":"Feature","geometry":{"type":"Point","coordinates":[-43.464997,-22.859296]},"properties":{"kind":"FIXED","limit_kmh":50,"source":"RIO","active":true,"direction_deg":null}},{"type":"Feature","geometry":{"type":"Point","coordinates":[-43.010716,-22.858779]},"properties":{"kind":"FIXED","limit_kmh":50,"source":"OSM","active":true,"direction_deg":null}},{"type":"Feature","geometry":{"type":"Point","coordinates":[-43.501875,-22.858652]},"properties":{"kind":"FIXED","limit_kmh":90,"source":"OSM","active":true,"direction_deg":null}},{"type":"Feature","geometry":{"type":"Point","coordinates":[-42.3264,-22.858612]},"properties":{"kind":"FIXED","limit_kmh":40,"source":"OSM","active":true,"direction_deg":null}},{"type":"Feature","geometry":{"type":"Point","coordinates":[-43.501938,-22.858507]},"properties":{"kind":"FIXED","limit_kmh":90,"source":"OSM","active":true,"direction_deg":null}},{"type":"Feature","geometry":{"type":"Point","coordinates":[-43.011228,-22.858476]},"properties":{"kind":"FIXED","limit_kmh":50,"source":"OSM","active":true,"direction_deg":null}},{"type":"Feature","geometry":{"type":"Point","coordinates":[-42.593871,-22.85846]},"properties":{"kind":"FIXED","limit_kmh":50,"source":"OSM","active":true,"direction_deg":null}},{"type":"Feature","geometry":{"type":"Point","coordinates":[-43.463664,-22.858425]},"properties":{"kind":"FIXED","limit_kmh":50,"source":"OSM","active":true,"direction_deg":null}},{"type":"Feature","geometry":{"type":"Point","coordinates":[-42.050473,-22.857958]},"properties":{"kind":"FIXED","limit_kmh":60,"source":"OSM","active":true,"direction_deg":null}},{"type":"Feature","geometry":{"type":"Point","coordinates":[-42.327881,-22.857691]},"properties":{"kind":"FIXED","limit_kmh":40,"source":"OSM","active":true,"direction_deg":null}},{"type":"Feature","geometry":{"type":"Point","coordinates":[-43.370491,-22.856477]},"properties":{"kind":"FIXED","limit_kmh":50,"source":"OSM","active":true,"direction_deg":null}},{"type":"Feature","geometry":{"type":"Point","coordinates":[-43.37065,-22.85641]},"properties":{"kind":"FIXED","limit_kmh":50,"source":"RIO","active":true,"direction_deg":null}},{"type":"Feature","geometry":{"type":"Point","coordinates":[-43.019992,-22.856396]},"properties":{"kind":"FIXED","limit_kmh":50,"source":"OSM","active":true,"direction_deg":null}},{"type":"Feature","geometry":{"type":"Point","coordinates":[-42.233709,-22.856051]},"properties":{"kind":"FIXED","limit_kmh":50,"source":"OSM","active":true,"direction_deg":null}},{"type":"Feature","geometry":{"type":"Point","coordinates":[-42.0564,-22.855918]},"properties":{"kind":"FIXED","limit_kmh":60,"source":"OSM","active":true,"direction_deg":null}},{"type":"Feature","geometry":{"type":"Point","coordinates":[-42.056549,-22.855893]},"properties":{"kind":"FIXED","limit_kmh":60,"source":"OSM","active":true,"direction_deg":null}},{"type":"Feature","geometry":{"type":"Point","coordinates":[-42.05216,-22.855733]},"properties":{"kind":"FIXED","limit_kmh":60,"source":"OSM","active":true,"direction_deg":null}},{"type":"Feature","geometry":{"type":"Point","coordinates":[-42.233106,-22.855575]},"properties":{"kind":"FIXED","limit_kmh":50,"source":"OSM","active":true,"direction_deg":null}},{"type":"Feature","geometry":{"type":"Point","coordinates":[-43.482536,-22.855456]},"properties":{"kind":"FIXED","limit_kmh":90,"source":"OSM","active":true,"direction_deg":null}},{"type":"Feature","geometry":{"type":"Point","coordinates":[-43.482508,-22.855269]},"properties":{"kind":"FIXED","limit_kmh":90,"source":"OSM","active":true,"direction_deg":null}},{"type":"Feature","geometry":{"type":"Point","coordinates":[-42.333236,-22.854568]},"properties":{"kind":"FIXED","limit_kmh":50,"source":"OSM","active":true,"direction_deg":null}},{"type":"Feature","geometry":{"type":"Point","coordinates":[-42.551091,-22.854065]},"properties":{"kind":"FIXED","limit_kmh":60,"source":"OSM","active":true,"direction_deg":null}},{"type":"Feature","geometry":{"type":"Point","coordinates":[-43.602006,-22.853506]},"properties":{"kind":"FIXED","limit_kmh":40,"source":"OSM","active":true,"direction_deg":null}},{"type":"Feature","geometry":{"type":"Point","coordinates":[-43.601948,-22.853409]},"properties":{"kind":"FIXED","limit_kmh":30,"source":"ANTT","active":true,"direction_deg":null}},{"type":"Feature","geometry":{"type":"Point","coordinates":[-42.061958,-22.852755]},"properties":{"kind":"FIXED","limit_kmh":50,"source":"OSM","active":true,"direction_deg":null}},{"type":"Feature","geometry":{"type":"Point","coordinates":[-43.23324,-22.852246]},"properties":{"kind":"FIXED","limit_kmh":50,"source":"OSM","active":true,"direction_deg":null}},{"type":"Feature","geometry":{"type":"Point","coordinates":[-43.233651,-22.852051]},"properties":{"kind":"FIXED","limit_kmh":50,"source":"OSM","active":true,"direction_deg":null}},{"type":"Feature","geometry":{"type":"Point","coordinates":[-42.062501,-22.851911]},"properties":{"kind":"FIXED","limit_kmh":50,"source":"OSM","active":true,"direction_deg":null}},{"type":"Feature","geometry":{"type":"Point","coordinates":[-42.338605,-22.849396]},"properties":{"kind":"FIXED","limit_kmh":50,"source":"OSM","active":true,"direction_deg":null}},{"type":"Feature","geometry":{"type":"Point","coordinates":[-43.395641,-22.848928]},"properties":{"kind":"FIXED","limit_kmh":60,"source":"OSM","active":true,"direction_deg":null}},{"type":"Feature","geometry":{"type":"Point","coordinates":[-43.395887,-22.848843]},"properties":{"kind":"FIXED","limit_kmh":50,"source":"RIO","active":true,"direction_deg":null}},{"type":"Feature","geometry":{"type":"Point","coordinates":[-43.395865,-22.848724]},"properties":{"kind":"FIXED","limit_kmh":60,"source":"OSM","active":true,"direction_deg":null}},{"type":"Feature","geometry":{"type":"Point","coordinates":[-42.173177,-22.848709]},"properties":{"kind":"FIXED","limit_kmh":50,"source":"OSM","active":true,"direction_deg":null}},{"type":"Feature","geometry":{"type":"Point","coordinates":[-43.382226,-22.848449]},"properties":{"kind":"FIXED","limit_kmh":70,"source":"OSM","active":true,"direction_deg":null}},{"type":"Feature","geometry":{"type":"Point","coordinates":[-42.172164,-22.848431]},"properties":{"kind":"FIXED","limit_kmh":50,"source":"OSM","active":true,"direction_deg":null}},{"type":"Feature","geometry":{"type":"Point","coordinates":[-43.382322,-22.848368]},"properties":{"kind":"FIXED","limit_kmh":90,"source":"OSM","active":true,"direction_deg":null}},{"type":"Feature","geometry":{"type":"Point","coordinates":[-43.382442,-22.848218]},"properties":{"kind":"FIXED","limit_kmh":90,"source":"OSM","active":true,"direction_deg":null}},{"type":"Feature","geometry":{"type":"Point","coordinates":[-43.382518,-22.848141]},"properties":{"kind":"FIXED","limit_kmh":70,"source":"OSM","active":true,"direction_deg":null}},{"type":"Feature","geometry":{"type":"Point","coordinates":[-43.260131,-22.846921]},"properties":{"kind":"FIXED","limit_kmh":40,"source":"OSM","active":true,"direction_deg":null}},{"type":"Feature","geometry":{"type":"Point","coordinates":[-43.605859,-22.846071]},"properties":{"kind":"FIXED","limit_kmh":50,"source":"ANTT","active":true,"direction_deg":null}},{"type":"Feature","geometry":{"type":"Point","coordinates":[-43.378595,-22.846014]},"properties":{"kind":"FIXED","limit_kmh":90,"source":"OSM","active":true,"direction_deg":null}},{"type":"Feature","geometry":{"type":"Point","coordinates":[-43.378839,-22.84597]},"properties":{"kind":"FIXED","limit_kmh":90,"source":"OSM","active":true,"direction_deg":null}},{"type":"Feature","geometry":{"type":"Point","coordinates":[-43.60715,-22.844665]},"properties":{"kind":"FIXED","limit_kmh":60,"source":"OSM","active":true,"direction_deg":null}},{"type":"Feature","geometry":{"type":"Point","coordinates":[-43.269158,-22.844387]},"properties":{"kind":"RED_LIGHT","limit_kmh":null,"source":"RIO","active":true,"direction_deg":null}},{"type":"Feature","geometry":{"type":"Point","coordinates":[-43.607372,-22.844326]},"properties":{"kind":"FIXED","limit_kmh":60,"source":"OSM","active":true,"direction_deg":null}},{"type":"Feature","geometry":{"type":"Point","coordinates":[-42.202382,-22.844195]},"properties":{"kind":"FIXED","limit_kmh":50,"source":"OSM","active":true,"direction_deg":null}},{"type":"Feature","geometry":{"type":"Point","coordinates":[-43.239284,-22.842839]},"properties":{"kind":"FIXED","limit_kmh":90,"source":"OSM","active":true,"direction_deg":null}},{"type":"Feature","geometry":{"type":"Point","coordinates":[-42.225787,-22.842714]},"properties":{"kind":"FIXED","limit_kmh":50,"source":"OSM","active":true,"direction_deg":null}},{"type":"Feature","geometry":{"type":"Point","coordinates":[-43.015447,-22.842551]},"properties":{"kind":"FIXED","limit_kmh":60,"source":"OSM","active":true,"direction_deg":null}},{"type":"Feature","geometry":{"type":"Point","coordinates":[-43.323357,-22.842359]},"properties":{"kind":"RED_LIGHT","limit_kmh":null,"source":"RIO","active":true,"direction_deg":null}},{"type":"Feature","geometry":{"type":"Point","coordinates":[-43.270313,-22.842323]},"properties":{"kind":"FIXED","limit_kmh":50,"source":"RIO","active":true,"direction_deg":null}},{"type":"Feature","geometry":{"type":"Point","coordinates":[-42.070916,-22.842316]},"properties":{"kind":"FIXED","limit_kmh":50,"source":"OSM","active":true,"direction_deg":null}},{"type":"Feature","geometry":{"type":"Point","coordinates":[-43.323314,-22.842148]},"properties":{"kind":"RED_LIGHT","limit_kmh":null,"source":"RIO","active":true,"direction_deg":null}},{"type":"Feature","geometry":{"type":"Point","coordinates":[-43.275458,-22.842089]},"properties":{"kind":"RED_LIGHT","limit_kmh":null,"source":"RIO","active":true,"direction_deg":null}},{"type":"Feature","geometry":{"type":"Point","coordinates":[-42.071656,-22.841781]},"properties":{"kind":"FIXED","limit_kmh":50,"source":"OSM","active":true,"direction_deg":null}},{"type":"Feature","geometry":{"type":"Point","coordinates":[-43.264331,-22.841764]},"properties":{"kind":"FIXED","limit_kmh":50,"source":"OSM","active":true,"direction_deg":null}},{"type":"Feature","geometry":{"type":"Point","coordinates":[-43.323836,-22.841734]},"properties":{"kind":"RED_LIGHT","limit_kmh":null,"source":"RIO","active":true,"direction_deg":null}},{"type":"Feature","geometry":{"type":"Point","coordinates":[-42.144837,-22.83999]},"properties":{"kind":"FIXED","limit_kmh":60,"source":"OSM","active":true,"direction_deg":null}},{"type":"Feature","geometry":{"type":"Point","coordinates":[-43.011725,-22.839759]},"properties":{"kind":"FIXED","limit_kmh":60,"source":"OSM","active":true,"direction_deg":null}},{"type":"Feature","geometry":{"type":"Point","coordinates":[-42.351267,-22.839677]},"properties":{"kind":"FIXED","limit_kmh":50,"source":"OSM","active":true,"direction_deg":null}},{"type":"Feature","geometry":{"type":"Point","coordinates":[-43.300072,-22.837725]},"properties":{"kind":"FIXED","limit_kmh":50,"source":"RIO","active":true,"direction_deg":null}},{"type":"Feature","geometry":{"type":"Point","coordinates":[-43.296295,-22.837402]},"properties":{"kind":"FIXED","limit_kmh":50,"source":"RIO","active":true,"direction_deg":null}},{"type":"Feature","geometry":{"type":"Point","coordinates":[-42.136914,-22.836924]},"properties":{"kind":"FIXED","limit_kmh":50,"source":"OSM","active":true,"direction_deg":null}},{"type":"Feature","geometry":{"type":"Point","coordinates":[-42.136405,-22.836594]},"properties":{"kind":"FIXED","limit_kmh":50,"source":"OSM","active":true,"direction_deg":null}},{"type":"Feature","geometry":{"type":"Point","coordinates":[-43.325343,-22.836408]},"properties":{"kind":"FIXED","limit_kmh":50,"source":"RIO","active":true,"direction_deg":null}},{"type":"Feature","geometry":{"type":"Point","coordinates":[-43.395809,-22.835356]},"properties":{"kind":"FIXED","limit_kmh":50,"source":"OSM","active":true,"direction_deg":null}},{"type":"Feature","geometry":{"type":"Point","coordinates":[-43.396037,-22.835314]},"properties":{"kind":"FIXED","limit_kmh":50,"source":"RIO","active":true,"direction_deg":null}},{"type":"Feature","geometry":{"type":"Point","coordinates":[-43.326726,-22.835054]},"properties":{"kind":"FIXED","limit_kmh":50,"source":"RIO","active":true,"direction_deg":null}},{"type":"Feature","geometry":{"type":"Point","coordinates":[-42.102727,-22.834881]},"properties":{"kind":"FIXED","limit_kmh":50,"source":"OSM","active":true,"direction_deg":null}},{"type":"Feature","geometry":{"type":"Point","coordinates":[-42.104046,-22.834201]},"properties":{"kind":"FIXED","limit_kmh":50,"source":"OSM","active":true,"direction_deg":null}},{"type":"Feature","geometry":{"type":"Point","coordinates":[-42.10428,-22.834164]},"properties":{"kind":"FIXED","limit_kmh":50,"source":"OSM","active":true,"direction_deg":null}},{"type":"Feature","geometry":{"type":"Point","coordinates":[-42.35852,-22.834113]},"properties":{"kind":"FIXED","limit_kmh":50,"source":"OSM","active":true,"direction_deg":null}},{"type":"Feature","geometry":{"type":"Point","coordinates":[-42.103092,-22.833598]},"properties":{"kind":"FIXED","limit_kmh":50,"source":"OSM","active":true,"direction_deg":null}},{"type":"Feature","geometry":{"type":"Point","coordinates":[-42.097895,-22.833407]},"properties":{"kind":"FIXED","limit_kmh":50,"source":"OSM","active":true,"direction_deg":null}},{"type":"Feature","geometry":{"type":"Point","coordinates":[-42.09794,-22.833346]},"properties":{"kind":"FIXED","limit_kmh":50,"source":"OSM","active":true,"direction_deg":null}},{"type":"Feature","geometry":{"type":"Point","coordinates":[-42.093185,-22.831517]},"properties":{"kind":"FIXED","limit_kmh":50,"source":"OSM","active":true,"direction_deg":null}},{"type":"Feature","geometry":{"type":"Point","coordinates":[-42.092929,-22.831279]},"properties":{"kind":"FIXED","limit_kmh":50,"source":"OSM","active":true,"direction_deg":null}},{"type":"Feature","geometry":{"type":"Point","coordinates":[-43.093638,-22.830783]},"properties":{"kind":"FIXED","limit_kmh":100,"source":"ANTT","active":true,"direction_deg":202}},{"type":"Feature","geometry":{"type":"Point","coordinates":[-43.093123,-22.830018]},"properties":{"kind":"FIXED","limit_kmh":100,"source":"OSM","active":true,"direction_deg":null}},{"type":"Feature","geometry":{"type":"Point","coordinates":[-43.248056,-22.829708]},"properties":{"kind":"FIXED","limit_kmh":90,"source":"OSM","active":true,"direction_deg":null}},{"type":"Feature","geometry":{"type":"Point","coordinates":[-43.247974,-22.829636]},"properties":{"kind":"FIXED","limit_kmh":90,"source":"OSM","active":true,"direction_deg":null}},{"type":"Feature","geometry":{"type":"Point","coordinates":[-42.109435,-22.829624]},"properties":{"kind":"FIXED","limit_kmh":60,"source":"OSM","active":true,"direction_deg":null}},{"type":"Feature","geometry":{"type":"Point","coordinates":[-42.109898,-22.829429]},"properties":{"kind":"FIXED","limit_kmh":60,"source":"OSM","active":true,"direction_deg":null}},{"type":"Feature","geometry":{"type":"Point","coordinates":[-43.321927,-22.827701]},"properties":{"kind":"FIXED","limit_kmh":60,"source":"RIO","active":true,"direction_deg":null}},{"type":"Feature","geometry":{"type":"Point","coordinates":[-43.336322,-22.825711]},"properties":{"kind":"FIXED","limit_kmh":90,"source":"OSM","active":true,"direction_deg":null}},{"type":"Feature","geometry":{"type":"Point","coordinates":[-43.336245,-22.825683]},"properties":{"kind":"FIXED","limit_kmh":90,"source":"OSM","active":true,"direction_deg":null}},{"type":"Feature","geometry":{"type":"Point","coordinates":[-43.336213,-22.825503]},"properties":{"kind":"FIXED","limit_kmh":90,"source":"OSM","active":true,"direction_deg":null}},{"type":"Feature","geometry":{"type":"Point","coordinates":[-43.325599,-22.825166]},"properties":{"kind":"FIXED","limit_kmh":40,"source":"OSM","active":true,"direction_deg":null}},{"type":"Feature","geometry":{"type":"Point","coordinates":[-43.3256,-22.824967]},"properties":{"kind":"FIXED","limit_kmh":40,"source":"OSM","active":true,"direction_deg":null}},{"type":"Feature","geometry":{"type":"Point","coordinates":[-43.325255,-22.824897]},"properties":{"kind":"FIXED","limit_kmh":40,"source":"RIO","active":true,"direction_deg":null}},{"type":"Feature","geometry":{"type":"Point","coordinates":[-43.17551,-22.82346]},"properties":{"kind":"RED_LIGHT","limit_kmh":null,"source":"RIO","active":true,"direction_deg":null}},{"type":"Feature","geometry":{"type":"Point","coordinates":[-43.228829,-22.821674]},"properties":{"kind":"FIXED","limit_kmh":60,"source":"OSM","active":true,"direction_deg":null}},{"type":"Feature","geometry":{"type":"Point","coordinates":[-43.281473,-22.82166]},"properties":{"kind":"FIXED","limit_kmh":90,"source":"OSM","active":true,"direction_deg":null}},{"type":"Feature","geometry":{"type":"Point","coordinates":[-43.281349,-22.821483]},"properties":{"kind":"FIXED","limit_kmh":90,"source":"OSM","active":true,"direction_deg":null}},{"type":"Feature","geometry":{"type":"Point","coordinates":[-42.258188,-22.821195]},"properties":{"kind":"FIXED","limit_kmh":100,"source":"OSM","active":true,"direction_deg":null}},{"type":"Feature","geometry":{"type":"Point","coordinates":[-43.227063,-22.819997]},"properties":{"kind":"FIXED","limit_kmh":60,"source":"OSM","active":true,"direction_deg":null}},{"type":"Feature","geometry":{"type":"Point","coordinates":[-43.079165,-22.817695]},"properties":{"kind":"FIXED","limit_kmh":100,"source":"ANTT","active":true,"direction_deg":226}},{"type":"Feature","geometry":{"type":"Point","coordinates":[-43.079002,-22.817651]},"properties":{"kind":"FIXED","limit_kmh":100,"source":"OSM","active":true,"direction_deg":null}},{"type":"Feature","geometry":{"type":"Point","coordinates":[-43.227596,-22.817477]},"properties":{"kind":"RED_LIGHT","limit_kmh":null,"source":"RIO","active":true,"direction_deg":null}},{"type":"Feature","geometry":{"type":"Point","coordinates":[-43.206504,-22.814013]},"properties":{"kind":"FIXED","limit_kmh":40,"source":"RIO","active":true,"direction_deg":null}},{"type":"Feature","geometry":{"type":"Point","coordinates":[-43.206618,-22.813981]},"properties":{"kind":"FIXED","limit_kmh":40,"source":"OSM","active":true,"direction_deg":null}},{"type":"Feature","geometry":{"type":"Point","coordinates":[-43.206694,-22.813834]},"properties":{"kind":"FIXED","limit_kmh":40,"source":"OSM","active":true,"direction_deg":null}},{"type":"Feature","geometry":{"type":"Point","coordinates":[-43.218465,-22.812152]},"properties":{"kind":"FIXED","limit_kmh":80,"source":"OSM","active":true,"direction_deg":null}},{"type":"Feature","geometry":{"type":"Point","coordinates":[-43.218575,-22.812041]},"properties":{"kind":"FIXED","limit_kmh":80,"source":"OSM","active":true,"direction_deg":null}},{"type":"Feature","geometry":{"type":"Point","coordinates":[-43.227185,-22.809961]},"properties":{"kind":"FIXED","limit_kmh":50,"source":"OSM","active":true,"direction_deg":null}},{"type":"Feature","geometry":{"type":"Point","coordinates":[-43.068761,-22.809907]},"properties":{"kind":"FIXED","limit_kmh":100,"source":"ANTT","active":true,"direction_deg":58}},{"type":"Feature","geometry":{"type":"Point","coordinates":[-43.208516,-22.809403]},"properties":{"kind":"FIXED","limit_kmh":50,"source":"OSM","active":true,"direction_deg":null}},{"type":"Feature","geometry":{"type":"Point","coordinates":[-42.991283,-22.808924]},"properties":{"kind":"FIXED","limit_kmh":50,"source":"OSM","active":true,"direction_deg":null}},{"type":"Feature","geometry":{"type":"Point","coordinates":[-42.990677,-22.808509]},"properties":{"kind":"FIXED","limit_kmh":50,"source":"OSM","active":true,"direction_deg":null}},{"type":"Feature","geometry":{"type":"Point","coordinates":[-43.339271,-22.808147]},"properties":{"kind":"FIXED","limit_kmh":100,"source":"OSM","active":true,"direction_deg":null}},{"type":"Feature","geometry":{"type":"Point","coordinates":[-43.339485,-22.808143]},"properties":{"kind":"FIXED","limit_kmh":100,"source":"ANTT","active":true,"direction_deg":121}},{"type":"Feature","geometry":{"type":"Point","coordinates":[-43.339158,-22.808121]},"properties":{"kind":"FIXED","limit_kmh":100,"source":"OSM","active":true,"direction_deg":null}},{"type":"Feature","geometry":{"type":"Point","coordinates":[-43.638598,-22.805142]},"properties":{"kind":"FIXED","limit_kmh":60,"source":"OSM","active":true,"direction_deg":null}},{"type":"Feature","geometry":{"type":"Point","coordinates":[-43.638619,-22.805126]},"properties":{"kind":"FIXED","limit_kmh":60,"source":"OSM","active":true,"direction_deg":null}},{"type":"Feature","geometry":{"type":"Point","coordinates":[-43.638536,-22.805121]},"properties":{"kind":"FIXED","limit_kmh":50,"source":"ANTT","active":true,"direction_deg":null}},{"type":"Feature","geometry":{"type":"Point","coordinates":[-42.966542,-22.804683]},"properties":{"kind":"FIXED","limit_kmh":50,"source":"OSM","active":true,"direction_deg":null}},{"type":"Feature","geometry":{"type":"Point","coordinates":[-42.965226,-22.80371]},"properties":{"kind":"FIXED","limit_kmh":60,"source":"OSM","active":true,"direction_deg":null}},{"type":"Feature","geometry":{"type":"Point","coordinates":[-43.343759,-22.803001]},"properties":{"kind":"FIXED","limit_kmh":50,"source":"OSM","active":true,"direction_deg":null}},{"type":"Feature","geometry":{"type":"Point","coordinates":[-42.294343,-22.802815]},"properties":{"kind":"FIXED","limit_kmh":50,"source":"OSM","active":true,"direction_deg":null}},{"type":"Feature","geometry":{"type":"Point","coordinates":[-43.341271,-22.802809]},"properties":{"kind":"FIXED","limit_kmh":90,"source":"OSM","active":true,"direction_deg":null}},{"type":"Feature","geometry":{"type":"Point","coordinates":[-43.341287,-22.802681]},"properties":{"kind":"FIXED","limit_kmh":90,"source":"OSM","active":true,"direction_deg":null}},{"type":"Feature","geometry":{"type":"Point","coordinates":[-43.318074,-22.799844]},"properties":{"kind":"FIXED","limit_kmh":90,"source":"OSM","active":true,"direction_deg":null}},{"type":"Feature","geometry":{"type":"Point","coordinates":[-43.316179,-22.799589]},"properties":{"kind":"FIXED","limit_kmh":90,"source":"OSM","active":true,"direction_deg":null}},{"type":"Feature","geometry":{"type":"Point","coordinates":[-43.357169,-22.798036]},"properties":{"kind":"FIXED","limit_kmh":90,"source":"OSM","active":true,"direction_deg":null}},{"type":"Feature","geometry":{"type":"Point","coordinates":[-43.358346,-22.797708]},"properties":{"kind":"FIXED","limit_kmh":100,"source":"ANTT","active":true,"direction_deg":122}},{"type":"Feature","geometry":{"type":"Point","coordinates":[-43.646414,-22.797306]},"properties":{"kind":"FIXED","limit_kmh":50,"source":"OSM","active":true,"direction_deg":null}},{"type":"Feature","geometry":{"type":"Point","coordinates":[-43.19336,-22.797242]},"properties":{"kind":"FIXED","limit_kmh":40,"source":"RIO","active":true,"direction_deg":null}},{"type":"Feature","geometry":{"type":"Point","coordinates":[-43.193685,-22.797175]},"properties":{"kind":"FIXED","limit_kmh":40,"source":"OSM","active":true,"direction_deg":null}},{"type":"Feature","geometry":{"type":"Point","coordinates":[-43.646724,-22.796905]},"properties":{"kind":"FIXED","limit_kmh":50,"source":"OSM","active":true,"direction_deg":null}},{"type":"Feature","geometry":{"type":"Point","coordinates":[-43.646654,-22.796876]},"properties":{"kind":"FIXED","limit_kmh":50,"source":"ANTT","active":true,"direction_deg":null}},{"type":"Feature","geometry":{"type":"Point","coordinates":[-43.172548,-22.794451]},"properties":{"kind":"FIXED","limit_kmh":40,"source":"OSM","active":true,"direction_deg":null}},{"type":"Feature","geometry":{"type":"Point","coordinates":[-43.172735,-22.79432]},"properties":{"kind":"FIXED","limit_kmh":40,"source":"RIO","active":true,"direction_deg":null}},{"type":"Feature","geometry":{"type":"Point","coordinates":[-42.091334,-22.794]},"properties":{"kind":"FIXED","limit_kmh":50,"source":"OSM","active":true,"direction_deg":null}},{"type":"Feature","geometry":{"type":"Point","coordinates":[-43.424478,-22.792586]},"properties":{"kind":"FIXED","limit_kmh":60,"source":"OSM","active":true,"direction_deg":null}},{"type":"Feature","geometry":{"type":"Point","coordinates":[-43.414137,-22.787166]},"properties":{"kind":"FIXED","limit_kmh":90,"source":"OSM","active":true,"direction_deg":null}},{"type":"Feature","geometry":{"type":"Point","coordinates":[-43.415909,-22.78539]},"properties":{"kind":"FIXED","limit_kmh":90,"source":"OSM","active":true,"direction_deg":null}},{"type":"Feature","geometry":{"type":"Point","coordinates":[-43.427867,-22.783824]},"properties":{"kind":"FIXED","limit_kmh":50,"source":"OSM","active":true,"direction_deg":null}},{"type":"Feature","geometry":{"type":"Point","coordinates":[-42.281346,-22.783062]},"properties":{"kind":"FIXED","limit_kmh":50,"source":"OSM","active":true,"direction_deg":null}},{"type":"Feature","geometry":{"type":"Point","coordinates":[-42.086311,-22.781978]},"properties":{"kind":"FIXED","limit_kmh":50,"source":"OSM","active":true,"direction_deg":null}},{"type":"Feature","geometry":{"type":"Point","coordinates":[-43.42044,-22.780396]},"properties":{"kind":"FIXED","limit_kmh":90,"source":"OSM","active":true,"direction_deg":null}},{"type":"Feature","geometry":{"type":"Point","coordinates":[-43.420351,-22.780322]},"properties":{"kind":"FIXED","limit_kmh":90,"source":"OSM","active":true,"direction_deg":null}},{"type":"Feature","geometry":{"type":"Point","coordinates":[-43.662371,-22.777844]},"properties":{"kind":"FIXED","limit_kmh":50,"source":"ANTT","active":true,"direction_deg":null}},{"type":"Feature","geometry":{"type":"Point","coordinates":[-43.424558,-22.775686]},"properties":{"kind":"FIXED","limit_kmh":90,"source":"OSM","active":true,"direction_deg":null}},{"type":"Feature","geometry":{"type":"Point","coordinates":[-43.43173,-22.775177]},"properties":{"kind":"FIXED","limit_kmh":60,"source":"OSM","active":true,"direction_deg":null}},{"type":"Feature","geometry":{"type":"Point","coordinates":[-43.432004,-22.774948]},"properties":{"kind":"FIXED","limit_kmh":60,"source":"OSM","active":true,"direction_deg":null}},{"type":"Feature","geometry":{"type":"Point","coordinates":[-43.426281,-22.773943]},"properties":{"kind":"FIXED","limit_kmh":90,"source":"OSM","active":true,"direction_deg":null}},{"type":"Feature","geometry":{"type":"Point","coordinates":[-43.667195,-22.773583]},"properties":{"kind":"FIXED","limit_kmh":50,"source":"ANTT","active":true,"direction_deg":null}},{"type":"Feature","geometry":{"type":"Point","coordinates":[-42.935803,-22.773501]},"properties":{"kind":"FIXED","limit_kmh":100,"source":"OSM","active":true,"direction_deg":null}},{"type":"Feature","geometry":{"type":"Point","coordinates":[-42.935548,-22.773498]},"properties":{"kind":"FIXED","limit_kmh":100,"source":"ANTT","active":true,"direction_deg":66}},{"type":"Feature","geometry":{"type":"Point","coordinates":[-42.933291,-22.772149]},"properties":{"kind":"FIXED","limit_kmh":100,"source":"ANTT","active":true,"direction_deg":245}},{"type":"Feature","geometry":{"type":"Point","coordinates":[-42.932941,-22.772097]},"properties":{"kind":"FIXED","limit_kmh":100,"source":"OSM","active":true,"direction_deg":null}},{"type":"Feature","geometry":{"type":"Point","coordinates":[-42.081741,-22.771045]},"properties":{"kind":"FIXED","limit_kmh":60,"source":"OSM","active":true,"direction_deg":null}},{"type":"Feature","geometry":{"type":"Point","coordinates":[-42.081715,-22.770981]},"properties":{"kind":"FIXED","limit_kmh":60,"source":"OSM","active":true,"direction_deg":null}},{"type":"Feature","geometry":{"type":"Point","coordinates":[-41.930548,-22.77082]},"properties":{"kind":"FIXED","limit_kmh":50,"source":"OSM","active":true,"direction_deg":null}},{"type":"Feature","geometry":{"type":"Point","coordinates":[-43.40885,-22.769459]},"properties":{"kind":"FIXED","limit_kmh":100,"source":"OSM","active":true,"direction_deg":null}},{"type":"Feature","geometry":{"type":"Point","coordinates":[-43.677056,-22.768119]},"properties":{"kind":"FIXED","limit_kmh":50,"source":"OSM","active":true,"direction_deg":null}},{"type":"Feature","geometry":{"type":"Point","coordinates":[-41.899863,-22.76759]},"properties":{"kind":"FIXED","limit_kmh":40,"source":"OSM","active":true,"direction_deg":null}},{"type":"Feature","geometry":{"type":"Point","coordinates":[-41.899285,-22.766772]},"properties":{"kind":"FIXED","limit_kmh":40,"source":"OSM","active":true,"direction_deg":null}},{"type":"Feature","geometry":{"type":"Point","coordinates":[-43.679424,-22.766679]},"properties":{"kind":"FIXED","limit_kmh":50,"source":"ANTT","active":true,"direction_deg":null}},{"type":"Feature","geometry":{"type":"Point","coordinates":[-43.413368,-22.766453]},"properties":{"kind":"FIXED","limit_kmh":100,"source":"OSM","active":true,"direction_deg":null}},{"type":"Feature","geometry":{"type":"Point","coordinates":[-43.414247,-22.765991]},"properties":{"kind":"FIXED","limit_kmh":100,"source":"ANTT","active":true,"direction_deg":119}},{"type":"Feature","geometry":{"type":"Point","coordinates":[-43.414142,-22.765898]},"properties":{"kind":"FIXED","limit_kmh":100,"source":"OSM","active":true,"direction_deg":null}},{"type":"Feature","geometry":{"type":"Point","coordinates":[-43.414113,-22.765832]},"properties":{"kind":"FIXED","limit_kmh":100,"source":"ANTT","active":true,"direction_deg":299}},{"type":"Feature","geometry":{"type":"Point","coordinates":[-41.899234,-22.76571]},"properties":{"kind":"FIXED","limit_kmh":40,"source":"OSM","active":true,"direction_deg":null}},{"type":"Feature","geometry":{"type":"Point","coordinates":[-42.870416,-22.764302]},"properties":{"kind":"FIXED","limit_kmh":100,"source":"OSM","active":true,"direction_deg":null}},{"type":"Feature","geometry":{"type":"Point","coordinates":[-42.870481,-22.764188]},"properties":{"kind":"FIXED","limit_kmh":80,"source":"OSM","active":true,"direction_deg":null}},{"type":"Feature","geometry":{"type":"Point","coordinates":[-43.485912,-22.762505]},"properties":{"kind":"FIXED","limit_kmh":50,"source":"OSM","active":true,"direction_deg":null}},{"type":"Feature","geometry":{"type":"Point","coordinates":[-43.685441,-22.762017]},"properties":{"kind":"FIXED","limit_kmh":30,"source":"ANTT","active":true,"direction_deg":319}},{"type":"Feature","geometry":{"type":"Point","coordinates":[-43.687013,-22.760608]},"properties":{"kind":"FIXED","limit_kmh":40,"source":"OSM","active":true,"direction_deg":null}},{"type":"Feature","geometry":{"type":"Point","coordinates":[-43.687341,-22.760311]},"properties":{"kind":"FIXED","limit_kmh":40,"source":"ANTT","active":true,"direction_deg":139}},{"type":"Feature","geometry":{"type":"Point","coordinates":[-43.472367,-22.760174]},"properties":{"kind":"FIXED","limit_kmh":50,"source":"OSM","active":true,"direction_deg":null}},{"type":"Feature","geometry":{"type":"Point","coordinates":[-43.429886,-22.757918]},"properties":{"kind":"FIXED","limit_kmh":90,"source":"OSM","active":true,"direction_deg":null}},{"type":"Feature","geometry":{"type":"Point","coordinates":[-41.886379,-22.757881]},"properties":{"kind":"FIXED","limit_kmh":40,"source":"OSM","active":true,"direction_deg":null}},{"type":"Feature","geometry":{"type":"Point","coordinates":[-43.4298,-22.757812]},"properties":{"kind":"FIXED","limit_kmh":100,"source":"OSM","active":true,"direction_deg":null}},{"type":"Feature","geometry":{"type":"Point","coordinates":[-41.886443,-22.757787]},"properties":{"kind":"FIXED","limit_kmh":40,"source":"OSM","active":true,"direction_deg":null}},{"type":"Feature","geometry":{"type":"Point","coordinates":[-43.430584,-22.757356]},"properties":{"kind":"FIXED","limit_kmh":100,"source":"ANTT","active":true,"direction_deg":127}},{"type":"Feature","geometry":{"type":"Point","coordinates":[-42.888018,-22.755723]},"properties":{"kind":"FIXED","limit_kmh":60,"source":"OSM","active":true,"direction_deg":null}},{"type":"Feature","geometry":{"type":"Point","coordinates":[-42.888149,-22.755539]},"properties":{"kind":"FIXED","limit_kmh":60,"source":"ANTT","active":true,"direction_deg":299}},{"type":"Feature","geometry":{"type":"Point","coordinates":[-42.890659,-22.75529]},"properties":{"kind":"FIXED","limit_kmh":60,"source":"OSM","active":true,"direction_deg":null}},{"type":"Feature","geometry":{"type":"Point","coordinates":[-42.890633,-22.755202]},"properties":{"kind":"FIXED","limit_kmh":60,"source":"ANTT","active":true,"direction_deg":56}},{"type":"Feature","geometry":{"type":"Point","coordinates":[-43.447,-22.7459]},"properties":{"kind":"FIXED","limit_kmh":100,"source":"ANTT","active":true,"direction_deg":127}},{"type":"Feature","geometry":{"type":"Point","coordinates":[-43.507851,-22.744154]},"properties":{"kind":"FIXED","limit_kmh":110,"source":"OSM","active":true,"direction_deg":null}},{"type":"Feature","geometry":{"type":"Point","coordinates":[-43.507698,-22.744024]},"properties":{"kind":"FIXED","limit_kmh":100,"source":"OSM","active":true,"direction_deg":null}},{"type":"Feature","geometry":{"type":"Point","coordinates":[-42.053965,-22.741983]},"properties":{"kind":"FIXED","limit_kmh":60,"source":"OSM","active":true,"direction_deg":null}},{"type":"Feature","geometry":{"type":"Point","coordinates":[-43.704686,-22.741809]},"properties":{"kind":"FIXED","limit_kmh":40,"source":"ANTT","active":true,"direction_deg":null}},{"type":"Feature","geometry":{"type":"Point","coordinates":[-43.455803,-22.740738]},"properties":{"kind":"FIXED","limit_kmh":100,"source":"OSM","active":true,"direction_deg":null}},{"type":"Feature","geometry":{"type":"Point","coordinates":[-43.455777,-22.740653]},"properties":{"kind":"FIXED","limit_kmh":100,"source":"OSM","active":true,"direction_deg":null}},{"type":"Feature","geometry":{"type":"Point","coordinates":[-43.414113,-22.740634]},"properties":{"kind":"FIXED","limit_kmh":100,"source":"ANTT","active":true,"direction_deg":null}},{"type":"Feature","geometry":{"type":"Point","coordinates":[-42.806994,-22.7392]},"properties":{"kind":"FIXED","limit_kmh":60,"source":"OSM","active":true,"direction_deg":null}},{"type":"Feature","geometry":{"type":"Point","coordinates":[-43.471171,-22.738883]},"properties":{"kind":"FIXED","limit_kmh":100,"source":"ANTT","active":true,"direction_deg":275}},{"type":"Feature","geometry":{"type":"Point","coordinates":[-42.806988,-22.738801]},"properties":{"kind":"FIXED","limit_kmh":60,"source":"ANTT","active":true,"direction_deg":359}},{"type":"Feature","geometry":{"type":"Point","coordinates":[-42.801862,-22.735698]},"properties":{"kind":"FIXED","limit_kmh":60,"source":"ANTT","active":true,"direction_deg":291}},{"type":"Feature","geometry":{"type":"Point","coordinates":[-42.802116,-22.735691]},"properties":{"kind":"FIXED","limit_kmh":60,"source":"OSM","active":true,"direction_deg":null}},{"type":"Feature","geometry":{"type":"Point","coordinates":[-43.557257,-22.732833]},"properties":{"kind":"FIXED","limit_kmh":110,"source":"OSM","active":true,"direction_deg":null}},{"type":"Feature","geometry":{"type":"Point","coordinates":[-43.619722,-22.731833]},"properties":{"kind":"FIXED","limit_kmh":100,"source":"ANTT","active":true,"direction_deg":96}},{"type":"Feature","geometry":{"type":"Point","coordinates":[-43.618701,-22.731805]},"properties":{"kind":"FIXED","limit_kmh":110,"source":"OSM","active":true,"direction_deg":null}},{"type":"Feature","geometry":{"type":"Point","coordinates":[-43.565289,-22.729916]},"properties":{"kind":"FIXED","limit_kmh":110,"source":"OSM","active":true,"direction_deg":null}},{"type":"Feature","geometry":{"type":"Point","coordinates":[-42.701264,-22.729388]},"properties":{"kind":"FIXED","limit_kmh":100,"source":"OSM","active":true,"direction_deg":null}},{"type":"Feature","geometry":{"type":"Point","coordinates":[-42.258744,-22.727666]},"properties":{"kind":"FIXED","limit_kmh":50,"source":"OSM","active":true,"direction_deg":null}},{"type":"Feature","geometry":{"type":"Point","coordinates":[-42.03173,-22.724916]},"properties":{"kind":"FIXED","limit_kmh":60,"source":"OSM","active":true,"direction_deg":null}},{"type":"Feature","geometry":{"type":"Point","coordinates":[-42.615656,-22.724236]},"properties":{"kind":"FIXED","limit_kmh":60,"source":"OSM","active":true,"direction_deg":null}},{"type":"Feature","geometry":{"type":"Point","coordinates":[-43.670636,-22.723161]},"properties":{"kind":"FIXED","limit_kmh":110,"source":"OSM","active":true,"direction_deg":null}},{"type":"Feature","geometry":{"type":"Point","coordinates":[-42.615945,-22.722176]},"properties":{"kind":"FIXED","limit_kmh":60,"source":"OSM","active":true,"direction_deg":null}},{"type":"Feature","geometry":{"type":"Point","coordinates":[-43.699338,-22.718699]},"properties":{"kind":"FIXED","limit_kmh":110,"source":"OSM","active":true,"direction_deg":null}},{"type":"Feature","geometry":{"type":"Point","coordinates":[-43.735737,-22.711028]},"properties":{"kind":"FIXED","limit_kmh":110,"source":"OSM","active":true,"direction_deg":null}},{"type":"Feature","geometry":{"type":"Point","coordinates":[-43.748559,-22.702122]},"properties":{"kind":"FIXED","limit_kmh":110,"source":"OSM","active":true,"direction_deg":null}},{"type":"Feature","geometry":{"type":"Point","coordinates":[-43.289912,-22.699549]},"properties":{"kind":"FIXED","limit_kmh":110,"source":"OSM","active":true,"direction_deg":null}},{"type":"Feature","geometry":{"type":"Point","coordinates":[-42.792692,-22.699175]},"properties":{"kind":"FIXED","limit_kmh":50,"source":"OSM","active":true,"direction_deg":null}},{"type":"Feature","geometry":{"type":"Point","coordinates":[-43.289427,-22.698893]},"properties":{"kind":"FIXED","limit_kmh":110,"source":"OSM","active":true,"direction_deg":null}},{"type":"Feature","geometry":{"type":"Point","coordinates":[-43.692697,-22.698333]},"properties":{"kind":"FIXED","limit_kmh":110,"source":"OSM","active":true,"direction_deg":null}},{"type":"Feature","geometry":{"type":"Point","coordinates":[-43.780654,-22.694173]},"properties":{"kind":"FIXED","limit_kmh":110,"source":"OSM","active":true,"direction_deg":null}},{"type":"Feature","geometry":{"type":"Point","coordinates":[-43.803067,-22.68949]},"properties":{"kind":"FIXED","limit_kmh":80,"source":"OSM","active":true,"direction_deg":null}},{"type":"Feature","geometry":{"type":"Point","coordinates":[-43.793895,-22.688967]},"properties":{"kind":"FIXED","limit_kmh":80,"source":"OSM","active":true,"direction_deg":null}},{"type":"Feature","geometry":{"type":"Point","coordinates":[-43.806836,-22.688233]},"properties":{"kind":"FIXED","limit_kmh":80,"source":"OSM","active":true,"direction_deg":null}},{"type":"Feature","geometry":{"type":"Point","coordinates":[-42.008226,-22.688129]},"properties":{"kind":"FIXED","limit_kmh":50,"source":"OSM","active":true,"direction_deg":null}},{"type":"Feature","geometry":{"type":"Point","coordinates":[-43.675788,-22.685968]},"properties":{"kind":"FIXED","limit_kmh":110,"source":"OSM","active":true,"direction_deg":null}},{"type":"Feature","geometry":{"type":"Point","coordinates":[-42.778992,-22.682957]},"properties":{"kind":"FIXED","limit_kmh":null,"source":"OSM","active":true,"direction_deg":null}},{"type":"Feature","geometry":{"type":"Point","coordinates":[-43.827086,-22.68287]},"properties":{"kind":"FIXED","limit_kmh":40,"source":"OSM","active":true,"direction_deg":null}},{"type":"Feature","geometry":{"type":"Point","coordinates":[-43.827541,-22.682601]},"properties":{"kind":"FIXED","limit_kmh":40,"source":"ANTT","active":true,"direction_deg":null}},{"type":"Feature","geometry":{"type":"Point","coordinates":[-43.468543,-22.682104]},"properties":{"kind":"FIXED","limit_kmh":110,"source":"OSM","active":true,"direction_deg":null}},{"type":"Feature","geometry":{"type":"Point","coordinates":[-43.83583,-22.680336]},"properties":{"kind":"FIXED","limit_kmh":40,"source":"OSM","active":true,"direction_deg":null}},{"type":"Feature","geometry":{"type":"Point","coordinates":[-43.836068,-22.680299]},"properties":{"kind":"FIXED","limit_kmh":40,"source":"ANTT","active":true,"direction_deg":null}},{"type":"Feature","geometry":{"type":"Point","coordinates":[-43.838867,-22.679667]},"properties":{"kind":"FIXED","limit_kmh":40,"source":"ANTT","active":true,"direction_deg":null}},{"type":"Feature","geometry":{"type":"Point","coordinates":[-43.838867,-22.679628]},"properties":{"kind":"FIXED","limit_kmh":40,"source":"OSM","active":true,"direction_deg":null}},{"type":"Feature","geometry":{"type":"Point","coordinates":[-43.818694,-22.677361]},"properties":{"kind":"FIXED","limit_kmh":40,"source":"OSM","active":true,"direction_deg":null}},{"type":"Feature","geometry":{"type":"Point","coordinates":[-43.834296,-22.677153]},"properties":{"kind":"FIXED","limit_kmh":40,"source":"OSM","active":true,"direction_deg":null}},{"type":"Feature","geometry":{"type":"Point","coordinates":[-43.657614,-22.675507]},"properties":{"kind":"FIXED","limit_kmh":110,"source":"OSM","active":true,"direction_deg":null}},{"type":"Feature","geometry":{"type":"Point","coordinates":[-42.379956,-22.674972]},"properties":{"kind":"FIXED","limit_kmh":50,"source":"OSM","active":true,"direction_deg":null}},{"type":"Feature","geometry":{"type":"Point","coordinates":[-42.380239,-22.674726]},"properties":{"kind":"FIXED","limit_kmh":50,"source":"OSM","active":true,"direction_deg":null}},{"type":"Feature","geometry":{"type":"Point","coordinates":[-43.817725,-22.673124]},"properties":{"kind":"FIXED","limit_kmh":80,"source":"OSM","active":true,"direction_deg":null}},{"type":"Feature","geometry":{"type":"Point","coordinates":[-43.835297,-22.672071]},"properties":{"kind":"FIXED","limit_kmh":40,"source":"OSM","active":true,"direction_deg":null}},{"type":"Feature","geometry":{"type":"Point","coordinates":[-43.298627,-22.670299]},"properties":{"kind":"FIXED","limit_kmh":110,"source":"OSM","active":true,"direction_deg":null}},{"type":"Feature","geometry":{"type":"Point","coordinates":[-43.817342,-22.669471]},"properties":{"kind":"FIXED","limit_kmh":80,"source":"OSM","active":true,"direction_deg":null}},{"type":"Feature","geometry":{"type":"Point","coordinates":[-43.836553,-22.669336]},"properties":{"kind":"FIXED","limit_kmh":40,"source":"OSM","active":true,"direction_deg":null}},{"type":"Feature","geometry":{"type":"Point","coordinates":[-42.006172,-22.668536]},"properties":{"kind":"FIXED","limit_kmh":50,"source":"OSM","active":true,"direction_deg":null}},{"type":"Feature","geometry":{"type":"Point","coordinates":[-43.827754,-22.668428]},"properties":{"kind":"FIXED","limit_kmh":40,"source":"OSM","active":true,"direction_deg":null}},{"type":"Feature","geometry":{"type":"Point","coordinates":[-43.827811,-22.668398]},"properties":{"kind":"FIXED","limit_kmh":40,"source":"ANTT","active":true,"direction_deg":null}},{"type":"Feature","geometry":{"type":"Point","coordinates":[-43.862145,-22.666514]},"properties":{"kind":"FIXED","limit_kmh":80,"source":"OSM","active":true,"direction_deg":null}},{"type":"Feature","geometry":{"type":"Point","coordinates":[-43.850154,-22.66646]},"properties":{"kind":"FIXED","limit_kmh":80,"source":"OSM","active":true,"direction_deg":null}},{"type":"Feature","geometry":{"type":"Point","coordinates":[-43.846654,-22.666391]},"properties":{"kind":"FIXED","limit_kmh":80,"source":"OSM","active":true,"direction_deg":null}},{"type":"Feature","geometry":{"type":"Point","coordinates":[-43.83926,-22.66593]},"properties":{"kind":"FIXED","limit_kmh":40,"source":"OSM","active":true,"direction_deg":null}},{"type":"Feature","geometry":{"type":"Point","coordinates":[-43.839376,-22.665871]},"properties":{"kind":"FIXED","limit_kmh":40,"source":"ANTT","active":true,"direction_deg":5}},{"type":"Feature","geometry":{"type":"Point","coordinates":[-43.847777,-22.665791]},"properties":{"kind":"FIXED","limit_kmh":80,"source":"OSM","active":true,"direction_deg":null}},{"type":"Feature","geometry":{"type":"Point","coordinates":[-43.847786,-22.665734]},"properties":{"kind":"FIXED","limit_kmh":80,"source":"ANTT","active":true,"direction_deg":302}},{"type":"Feature","geometry":{"type":"Point","coordinates":[-43.02989,-22.665215]},"properties":{"kind":"FIXED","limit_kmh":30,"source":"OSM","active":true,"direction_deg":null}},{"type":"Feature","geometry":{"type":"Point","coordinates":[-43.029944,-22.665192]},"properties":{"kind":"FIXED","limit_kmh":30,"source":"OSM","active":true,"direction_deg":null}},{"type":"Feature","geometry":{"type":"Point","coordinates":[-43.03029,-22.66504]},"properties":{"kind":"FIXED","limit_kmh":30,"source":"ANTT","active":true,"direction_deg":null}},{"type":"Feature","geometry":{"type":"Point","coordinates":[-43.875984,-22.664938]},"properties":{"kind":"FIXED","limit_kmh":100,"source":"OSM","active":true,"direction_deg":null}},{"type":"Feature","geometry":{"type":"Point","coordinates":[-43.366215,-22.664109]},"properties":{"kind":"FIXED","limit_kmh":110,"source":"OSM","active":true,"direction_deg":null}},{"type":"Feature","geometry":{"type":"Point","coordinates":[-42.995125,-22.663672]},"properties":{"kind":"FIXED","limit_kmh":60,"source":"OSM","active":true,"direction_deg":null}},{"type":"Feature","geometry":{"type":"Point","coordinates":[-42.995461,-22.66358]},"properties":{"kind":"FIXED","limit_kmh":60,"source":"OSM","active":true,"direction_deg":null}},{"type":"Feature","geometry":{"type":"Point","coordinates":[-43.620775,-22.660336]},"properties":{"kind":"FIXED","limit_kmh":110,"source":"OSM","active":true,"direction_deg":null}},{"type":"Feature","geometry":{"type":"Point","coordinates":[-43.047367,-22.660144]},"properties":{"kind":"FIXED","limit_kmh":60,"source":"OSM","active":true,"direction_deg":null}},{"type":"Feature","geometry":{"type":"Point","coordinates":[-43.602789,-22.659042]},"properties":{"kind":"FIXED","limit_kmh":110,"source":"OSM","active":true,"direction_deg":null}},{"type":"Feature","geometry":{"type":"Point","coordinates":[-43.838258,-22.658316]},"properties":{"kind":"FIXED","limit_kmh":80,"source":"OSM","active":true,"direction_deg":null}},{"type":"Feature","geometry":{"type":"Point","coordinates":[-43.120142,-22.656807]},"properties":{"kind":"FIXED","limit_kmh":80,"source":"OSM","active":true,"direction_deg":null}},{"type":"Feature","geometry":{"type":"Point","coordinates":[-43.832361,-22.652904]},"properties":{"kind":"FIXED","limit_kmh":80,"source":"OSM","active":true,"direction_deg":null}},{"type":"Feature","geometry":{"type":"Point","coordinates":[-43.832079,-22.652689]},"properties":{"kind":"FIXED","limit_kmh":80,"source":"ANTT","active":true,"direction_deg":233}},{"type":"Feature","geometry":{"type":"Point","coordinates":[-43.233864,-22.650058]},"properties":{"kind":"FIXED","limit_kmh":80,"source":"OSM","active":true,"direction_deg":null}},{"type":"Feature","geometry":{"type":"Point","coordinates":[-42.004077,-22.649506]},"properties":{"kind":"FIXED","limit_kmh":50,"source":"OSM","active":true,"direction_deg":null}},{"type":"Feature","geometry":{"type":"Point","coordinates":[-43.283598,-22.646284]},"properties":{"kind":"FIXED","limit_kmh":90,"source":"OSM","active":true,"direction_deg":null}},{"type":"Feature","geometry":{"type":"Point","coordinates":[-43.283664,-22.646195]},"properties":{"kind":"FIXED","limit_kmh":90,"source":"ANTT","active":true,"direction_deg":0}},{"type":"Feature","geometry":{"type":"Point","coordinates":[-42.002125,-22.633154]},"properties":{"kind":"FIXED","limit_kmh":null,"source":"OSM","active":true,"direction_deg":null}},{"type":"Feature","geometry":{"type":"Point","coordinates":[-43.910386,-22.630104]},"properties":{"kind":"FIXED","limit_kmh":100,"source":"ANTT","active":true,"direction_deg":131}},{"type":"Feature","geometry":{"type":"Point","coordinates":[-43.908115,-22.629056]},"properties":{"kind":"FIXED","limit_kmh":50,"source":"OSM","active":true,"direction_deg":null}},{"type":"Feature","geometry":{"type":"Point","coordinates":[-43.889853,-22.624426]},"properties":{"kind":"FIXED","limit_kmh":50,"source":"OSM","active":true,"direction_deg":null}},{"type":"Feature","geometry":{"type":"Point","coordinates":[-43.93192,-22.616045]},"properties":{"kind":"FIXED","limit_kmh":80,"source":"OSM","active":true,"direction_deg":null}},{"type":"Feature","geometry":{"type":"Point","coordinates":[-43.942766,-22.599412]},"properties":{"kind":"FIXED","limit_kmh":100,"source":"OSM","active":true,"direction_deg":null}},{"type":"Feature","geometry":{"type":"Point","coordinates":[-42.726463,-22.591379]},"properties":{"kind":"FIXED","limit_kmh":50,"source":"OSM","active":true,"direction_deg":null}},{"type":"Feature","geometry":{"type":"Point","coordinates":[-43.957635,-22.587342]},"properties":{"kind":"FIXED","limit_kmh":100,"source":"OSM","active":true,"direction_deg":null}},{"type":"Feature","geometry":{"type":"Point","coordinates":[-44.055985,-22.586012]},"properties":{"kind":"FIXED","limit_kmh":110,"source":"OSM","active":true,"direction_deg":null}},{"type":"Feature","geometry":{"type":"Point","coordinates":[-44.055646,-22.585945]},"properties":{"kind":"FIXED","limit_kmh":110,"source":"ANTT","active":true,"direction_deg":67}},{"type":"Feature","geometry":{"type":"Point","coordinates":[-43.261083,-22.583707]},"properties":{"kind":"FIXED","limit_kmh":50,"source":"ANTT","active":true,"direction_deg":null}},{"type":"Feature","geometry":{"type":"Point","coordinates":[-43.261055,-22.583588]},"properties":{"kind":"FIXED","limit_kmh":50,"source":"OSM","active":true,"direction_deg":null}},{"type":"Feature","geometry":{"type":"Point","coordinates":[-43.262401,-22.582992]},"properties":{"kind":"FIXED","limit_kmh":50,"source":"ANTT","active":true,"direction_deg":null}},{"type":"Feature","geometry":{"type":"Point","coordinates":[-41.988763,-22.581073]},"properties":{"kind":"FIXED","limit_kmh":50,"source":"OSM","active":true,"direction_deg":null}},{"type":"Feature","geometry":{"type":"Point","coordinates":[-41.985063,-22.571373]},"properties":{"kind":"FIXED","limit_kmh":50,"source":"OSM","active":true,"direction_deg":null}},{"type":"Feature","geometry":{"type":"Point","coordinates":[-42.688664,-22.565767]},"properties":{"kind":"FIXED","limit_kmh":50,"source":"OSM","active":true,"direction_deg":null}},{"type":"Feature","geometry":{"type":"Point","coordinates":[-44.122209,-22.563596]},"properties":{"kind":"FIXED","limit_kmh":100,"source":"ANTT","active":true,"direction_deg":9}},{"type":"Feature","geometry":{"type":"Point","coordinates":[-44.122089,-22.563429]},"properties":{"kind":"FIXED","limit_kmh":100,"source":"OSM","active":true,"direction_deg":null}},{"type":"Feature","geometry":{"type":"Point","coordinates":[-44.170732,-22.562623]},"properties":{"kind":"FIXED","limit_kmh":80,"source":"OSM","active":true,"direction_deg":null}},{"type":"Feature","geometry":{"type":"Point","coordinates":[-44.168171,-22.562402]},"properties":{"kind":"FIXED","limit_kmh":100,"source":"OSM","active":true,"direction_deg":null}},{"type":"Feature","geometry":{"type":"Point","coordinates":[-44.170901,-22.562395]},"properties":{"kind":"FIXED","limit_kmh":80,"source":"ANTT","active":true,"direction_deg":131}},{"type":"Feature","geometry":{"type":"Point","coordinates":[-43.269065,-22.561618]},"properties":{"kind":"FIXED","limit_kmh":70,"source":"OSM","active":true,"direction_deg":null}},{"type":"Feature","geometry":{"type":"Point","coordinates":[-42.688209,-22.559674]},"properties":{"kind":"FIXED","limit_kmh":50,"source":"OSM","active":true,"direction_deg":null}},{"type":"Feature","geometry":{"type":"Point","coordinates":[-43.236394,-22.555794]},"properties":{"kind":"FIXED","limit_kmh":70,"source":"OSM","active":true,"direction_deg":null}},{"type":"Feature","geometry":{"type":"Point","coordinates":[-43.573916,-22.54254]},"properties":{"kind":"FIXED","limit_kmh":50,"source":"OSM","active":true,"direction_deg":null}},{"type":"Feature","geometry":{"type":"Point","coordinates":[-43.233479,-22.54233]},"properties":{"kind":"FIXED","limit_kmh":70,"source":"OSM","active":true,"direction_deg":null}},{"type":"Feature","geometry":{"type":"Point","coordinates":[-43.233504,-22.542299]},"properties":{"kind":"FIXED","limit_kmh":70,"source":"ANTT","active":true,"direction_deg":213}},{"type":"Feature","geometry":{"type":"Point","coordinates":[-43.567362,-22.53407]},"properties":{"kind":"FIXED","limit_kmh":50,"source":"OSM","active":true,"direction_deg":null}},{"type":"Feature","geometry":{"type":"Point","coordinates":[-42.993693,-22.533501]},"properties":{"kind":"FIXED","limit_kmh":50,"source":"OSM","active":true,"direction_deg":null}},{"type":"Feature","geometry":{"type":"Point","coordinates":[-42.993942,-22.533422]},"properties":{"kind":"FIXED","limit_kmh":50,"source":"ANTT","active":true,"direction_deg":133}},{"type":"Feature","geometry":{"type":"Point","coordinates":[-41.971926,-22.531329]},"properties":{"kind":"FIXED","limit_kmh":50,"source":"OSM","active":true,"direction_deg":null}},{"type":"Feature","geometry":{"type":"Point","coordinates":[-44.137846,-22.531215]},"properties":{"kind":"FIXED","limit_kmh":60,"source":"OSM","active":true,"direction_deg":null}},{"type":"Feature","geometry":{"type":"Point","coordinates":[-43.557136,-22.526102]},"properties":{"kind":"FIXED","limit_kmh":50,"source":"OSM","active":true,"direction_deg":null}},{"type":"Feature","geometry":{"type":"Point","coordinates":[-43.235255,-22.521737]},"properties":{"kind":"FIXED","limit_kmh":70,"source":"ANTT","active":true,"direction_deg":286}},{"type":"Feature","geometry":{"type":"Point","coordinates":[-43.235256,-22.521676]},"properties":{"kind":"FIXED","limit_kmh":70,"source":"OSM","active":true,"direction_deg":null}},{"type":"Feature","geometry":{"type":"Point","coordinates":[-43.228025,-22.519988]},"properties":{"kind":"FIXED","limit_kmh":70,"source":"ANTT","active":true,"direction_deg":51}},{"type":"Feature","geometry":{"type":"Point","coordinates":[-43.228079,-22.519891]},"properties":{"kind":"FIXED","limit_kmh":70,"source":"OSM","active":true,"direction_deg":null}},{"type":"Feature","geometry":{"type":"Point","coordinates":[-44.082923,-22.510117]},"properties":{"kind":"FIXED","limit_kmh":60,"source":"OSM","active":true,"direction_deg":null}},{"type":"Feature","geometry":{"type":"Point","coordinates":[-44.082976,-22.510064]},"properties":{"kind":"FIXED","limit_kmh":60,"source":"OSM","active":true,"direction_deg":null}},{"type":"Feature","geometry":{"type":"Point","coordinates":[-43.523589,-22.509266]},"properties":{"kind":"FIXED","limit_kmh":40,"source":"OSM","active":true,"direction_deg":null}},{"type":"Feature","geometry":{"type":"Point","coordinates":[-41.926881,-22.507379]},"properties":{"kind":"FIXED","limit_kmh":50,"source":"OSM","active":true,"direction_deg":null}},{"type":"Feature","geometry":{"type":"Point","coordinates":[-44.66907,-22.502015]},"properties":{"kind":"FIXED","limit_kmh":110,"source":"OSM","active":true,"direction_deg":null}},{"type":"Feature","geometry":{"type":"Point","coordinates":[-44.667637,-22.501349]},"properties":{"kind":"FIXED","limit_kmh":110,"source":"ANTT","active":true,"direction_deg":62}},{"type":"Feature","geometry":{"type":"Point","coordinates":[-43.229236,-22.498434]},"properties":{"kind":"FIXED","limit_kmh":70,"source":"OSM","active":true,"direction_deg":null}},{"type":"Feature","geometry":{"type":"Point","coordinates":[-43.228858,-22.498044]},"properties":{"kind":"FIXED","limit_kmh":70,"source":"ANTT","active":true,"direction_deg":221}},{"type":"Feature","geometry":{"type":"Point","coordinates":[-41.919947,-22.497577]},"properties":{"kind":"FIXED","limit_kmh":50,"source":"OSM","active":true,"direction_deg":null}},{"type":"Feature","geometry":{"type":"Point","coordinates":[-44.642786,-22.497182]},"properties":{"kind":"FIXED","limit_kmh":110,"source":"ANTT","active":true,"direction_deg":297}},{"type":"Feature","geometry":{"type":"Point","coordinates":[-44.238844,-22.49577]},"properties":{"kind":"FIXED","limit_kmh":100,"source":"OSM","active":true,"direction_deg":null}},{"type":"Feature","geometry":{"type":"Point","coordinates":[-43.815635,-22.489974]},"properties":{"kind":"FIXED","limit_kmh":50,"source":"OSM","active":true,"direction_deg":null}},{"type":"Feature","geometry":{"type":"Point","coordinates":[-41.912774,-22.488673]},"properties":{"kind":"FIXED","limit_kmh":50,"source":"OSM","active":true,"direction_deg":null}},{"type":"Feature","geometry":{"type":"Point","coordinates":[-42.663478,-22.487049]},"properties":{"kind":"FIXED","limit_kmh":60,"source":"OSM","active":true,"direction_deg":null}},{"type":"Feature","geometry":{"type":"Point","coordinates":[-42.99645,-22.48334]},"properties":{"kind":"FIXED","limit_kmh":40,"source":"ANTT","active":true,"direction_deg":290}},{"type":"Feature","geometry":{"type":"Point","coordinates":[-42.996883,-22.482301]},"properties":{"kind":"FIXED","limit_kmh":40,"source":"OSM","active":true,"direction_deg":null}},{"type":"Feature","geometry":{"type":"Point","coordinates":[-42.996295,-22.480926]},"properties":{"kind":"FIXED","limit_kmh":40,"source":"ANTT","active":true,"direction_deg":192}},{"type":"Feature","geometry":{"type":"Point","coordinates":[-43.217286,-22.479247]},"properties":{"kind":"FIXED","limit_kmh":70,"source":"ANTT","active":true,"direction_deg":null}},{"type":"Feature","geometry":{"type":"Point","coordinates":[-43.217373,-22.479109]},"properties":{"kind":"FIXED","limit_kmh":70,"source":"OSM","active":true,"direction_deg":null}},{"type":"Feature","geometry":{"type":"Point","coordinates":[-43.995843,-22.474864]},"properties":{"kind":"FIXED","limit_kmh":60,"source":"ANTT","active":true,"direction_deg":29}},{"type":"Feature","geometry":{"type":"Point","coordinates":[-43.99578,-22.474701]},"properties":{"kind":"FIXED","limit_kmh":60,"source":"OSM","active":true,"direction_deg":null}},{"type":"Feature","geometry":{"type":"Point","coordinates":[-43.991751,-22.474667]},"properties":{"kind":"FIXED","limit_kmh":40,"source":"OSM","active":true,"direction_deg":null}},{"type":"Feature","geometry":{"type":"Point","coordinates":[-42.201687,-22.473169]},"properties":{"kind":"FIXED","limit_kmh":50,"source":"OSM","active":true,"direction_deg":null}},{"type":"Feature","geometry":{"type":"Point","coordinates":[-43.489153,-22.469076]},"properties":{"kind":"FIXED","limit_kmh":50,"source":"OSM","active":true,"direction_deg":null}},{"type":"Feature","geometry":{"type":"Point","coordinates":[-44.51036,-22.467917]},"properties":{"kind":"FIXED","limit_kmh":110,"source":"ANTT","active":true,"direction_deg":83}},{"type":"Feature","geometry":{"type":"Point","coordinates":[-43.000892,-22.466412]},"properties":{"kind":"FIXED","limit_kmh":60,"source":"OSM","active":true,"direction_deg":null}},{"type":"Feature","geometry":{"type":"Point","coordinates":[-43.001085,-22.4664]},"properties":{"kind":"FIXED","limit_kmh":40,"source":"ANTT","active":true,"direction_deg":272}},{"type":"Feature","geometry":{"type":"Point","coordinates":[-43.482561,-22.462235]},"properties":{"kind":"FIXED","limit_kmh":50,"source":"OSM","active":true,"direction_deg":null}},{"type":"Feature","geometry":{"type":"Point","coordinates":[-43.222137,-22.46162]},"properties":{"kind":"FIXED","limit_kmh":70,"source":"ANTT","active":true,"direction_deg":231}},{"type":"Feature","geometry":{"type":"Point","coordinates":[-43.222141,-22.461584]},"properties":{"kind":"FIXED","limit_kmh":70,"source":"OSM","active":true,"direction_deg":null}},{"type":"Feature","geometry":{"type":"Point","coordinates":[-44.407742,-22.456723]},"properties":{"kind":"FIXED","limit_kmh":110,"source":"OSM","active":true,"direction_deg":null}},{"type":"Feature","geometry":{"type":"Point","coordinates":[-44.395567,-22.455725]},"properties":{"kind":"FIXED","limit_kmh":110,"source":"ANTT","active":true,"direction_deg":265}},{"type":"Feature","geometry":{"type":"Point","coordinates":[-44.395665,-22.455692]},"properties":{"kind":"FIXED","limit_kmh":110,"source":"OSM","active":true,"direction_deg":null}},{"type":"Feature","geometry":{"type":"Point","coordinates":[-44.392187,-22.455523]},"properties":{"kind":"FIXED","limit_kmh":110,"source":"OSM","active":true,"direction_deg":null}},{"type":"Feature","geometry":{"type":"Point","coordinates":[-44.391704,-22.455395]},"properties":{"kind":"FIXED","limit_kmh":110,"source":"ANTT","active":true,"direction_deg":85}},{"type":"Feature","geometry":{"type":"Point","coordinates":[-44.315703,-22.449507]},"properties":{"kind":"FIXED","limit_kmh":100,"source":"OSM","active":true,"direction_deg":null}},{"type":"Feature","geometry":{"type":"Point","coordinates":[-43.440444,-22.441581]},"properties":{"kind":"FIXED","limit_kmh":50,"source":"OSM","active":true,"direction_deg":null}},{"type":"Feature","geometry":{"type":"Point","coordinates":[-41.87174,-22.440191]},"properties":{"kind":"FIXED","limit_kmh":60,"source":"OSM","active":true,"direction_deg":null}},{"type":"Feature","geometry":{"type":"Point","coordinates":[-42.640673,-22.433256]},"properties":{"kind":"FIXED","limit_kmh":50,"source":"OSM","active":true,"direction_deg":null}},{"type":"Feature","geometry":{"type":"Point","coordinates":[-42.640636,-22.433016]},"properties":{"kind":"FIXED","limit_kmh":50,"source":"OSM","active":true,"direction_deg":null}},{"type":"Feature","geometry":{"type":"Point","coordinates":[-43.740116,-22.431093]},"properties":{"kind":"FIXED","limit_kmh":60,"source":"OSM","active":true,"direction_deg":null}},{"type":"Feature","geometry":{"type":"Point","coordinates":[-43.74014,-22.431002]},"properties":{"kind":"FIXED","limit_kmh":60,"source":"ANTT","active":true,"direction_deg":139}},{"type":"Feature","geometry":{"type":"Point","coordinates":[-43.700519,-22.430588]},"properties":{"kind":"FIXED","limit_kmh":60,"source":"ANTT","active":true,"direction_deg":274}},{"type":"Feature","geometry":{"type":"Point","coordinates":[-43.700168,-22.430568]},"properties":{"kind":"FIXED","limit_kmh":60,"source":"OSM","active":false,"direction_deg":null}},{"type":"Feature","geometry":{"type":"Point","coordinates":[-42.03143,-22.429867]},"properties":{"kind":"FIXED","limit_kmh":80,"source":"OSM","active":true,"direction_deg":null}},{"type":"Feature","geometry":{"type":"Point","coordinates":[-42.031134,-22.429729]},"properties":{"kind":"FIXED","limit_kmh":80,"source":"ANTT","active":true,"direction_deg":255}},{"type":"Feature","geometry":{"type":"Point","coordinates":[-43.16175,-22.428082]},"properties":{"kind":"FIXED","limit_kmh":70,"source":"ANTT","active":true,"direction_deg":89}},{"type":"Feature","geometry":{"type":"Point","coordinates":[-43.161705,-22.427964]},"properties":{"kind":"FIXED","limit_kmh":70,"source":"OSM","active":true,"direction_deg":null}},{"type":"Feature","geometry":{"type":"Point","coordinates":[-43.158645,-22.427058]},"properties":{"kind":"FIXED","limit_kmh":70,"source":"ANTT","active":true,"direction_deg":245}},{"type":"Feature","geometry":{"type":"Point","coordinates":[-43.684734,-22.420001]},"properties":{"kind":"FIXED","limit_kmh":60,"source":"ANTT","active":true,"direction_deg":49}},{"type":"Feature","geometry":{"type":"Point","coordinates":[-43.684769,-22.419965]},"properties":{"kind":"FIXED","limit_kmh":60,"source":"OSM","active":true,"direction_deg":null}},{"type":"Feature","geometry":{"type":"Point","coordinates":[-43.681204,-22.41767]},"properties":{"kind":"FIXED","limit_kmh":60,"source":"OSM","active":true,"direction_deg":null}},{"type":"Feature","geometry":{"type":"Point","coordinates":[-43.681278,-22.417588]},"properties":{"kind":"FIXED","limit_kmh":60,"source":"ANTT","active":true,"direction_deg":61}},{"type":"Feature","geometry":{"type":"Point","coordinates":[-41.841179,-22.406622]},"properties":{"kind":"FIXED","limit_kmh":50,"source":"OSM","active":true,"direction_deg":null}},{"type":"Feature","geometry":{"type":"Point","coordinates":[-41.84597,-22.406157]},"properties":{"kind":"FIXED","limit_kmh":50,"source":"OSM","active":true,"direction_deg":null}},{"type":"Feature","geometry":{"type":"Point","coordinates":[-41.857337,-22.401609]},"properties":{"kind":"FIXED","limit_kmh":60,"source":"OSM","active":true,"direction_deg":null}},{"type":"Feature","geometry":{"type":"Point","coordinates":[-42.953909,-22.400887]},"properties":{"kind":"FIXED","limit_kmh":60,"source":"OSM","active":true,"direction_deg":null}},{"type":"Feature","geometry":{"type":"Point","coordinates":[-42.954024,-22.400853]},"properties":{"kind":"FIXED","limit_kmh":60,"source":"ANTT","active":true,"direction_deg":323}},{"type":"Feature","geometry":{"type":"Point","coordinates":[-41.790421,-22.398111]},"properties":{"kind":"FIXED","limit_kmh":50,"source":"OSM","active":true,"direction_deg":null}},{"type":"Feature","geometry":{"type":"Point","coordinates":[-42.954799,-22.397492]},"properties":{"kind":"FIXED","limit_kmh":40,"source":"OSM","active":true,"direction_deg":null}},{"type":"Feature","geometry":{"type":"Point","coordinates":[-41.793599,-22.397384]},"properties":{"kind":"FIXED","limit_kmh":40,"source":"OSM","active":true,"direction_deg":null}},{"type":"Feature","geometry":{"type":"Point","coordinates":[-41.785041,-22.395539]},"properties":{"kind":"FIXED","limit_kmh":50,"source":"OSM","active":true,"direction_deg":null}},{"type":"Feature","geometry":{"type":"Point","coordinates":[-41.784384,-22.395241]},"properties":{"kind":"FIXED","limit_kmh":50,"source":"OSM","active":true,"direction_deg":null}},{"type":"Feature","geometry":{"type":"Point","coordinates":[-43.652209,-22.392608]},"properties":{"kind":"FIXED","limit_kmh":40,"source":"ANTT","active":true,"direction_deg":227}},{"type":"Feature","geometry":{"type":"Point","coordinates":[-43.652073,-22.392345]},"properties":{"kind":"FIXED","limit_kmh":40,"source":"ANTT","active":true,"direction_deg":46}},{"type":"Feature","geometry":{"type":"Point","coordinates":[-42.95308,-22.39197]},"properties":{"kind":"FIXED","limit_kmh":40,"source":"ANTT","active":true,"direction_deg":null}},{"type":"Feature","geometry":{"type":"Point","coordinates":[-42.953107,-22.391877]},"properties":{"kind":"FIXED","limit_kmh":40,"source":"OSM","active":true,"direction_deg":null}},{"type":"Feature","geometry":{"type":"Point","coordinates":[-41.80559,-22.390708]},"properties":{"kind":"FIXED","limit_kmh":50,"source":"OSM","active":true,"direction_deg":null}},{"type":"Feature","geometry":{"type":"Point","coordinates":[-41.801094,-22.388182]},"properties":{"kind":"FIXED","limit_kmh":50,"source":"OSM","active":true,"direction_deg":null}},{"type":"Feature","geometry":{"type":"Point","coordinates":[-41.801225,-22.385959]},"properties":{"kind":"FIXED","limit_kmh":50,"source":"OSM","active":true,"direction_deg":null}},{"type":"Feature","geometry":{"type":"Point","coordinates":[-41.771758,-22.380035]},"properties":{"kind":"FIXED","limit_kmh":30,"source":"OSM","active":true,"direction_deg":null}},{"type":"Feature","geometry":{"type":"Point","coordinates":[-43.871475,-22.377368]},"properties":{"kind":"FIXED","limit_kmh":50,"source":"OSM","active":true,"direction_deg":null}},{"type":"Feature","geometry":{"type":"Point","coordinates":[-41.802318,-22.371901]},"properties":{"kind":"FIXED","limit_kmh":50,"source":"OSM","active":true,"direction_deg":null}},{"type":"Feature","geometry":{"type":"Point","coordinates":[-41.802087,-22.369839]},"properties":{"kind":"FIXED","limit_kmh":50,"source":"OSM","active":true,"direction_deg":null}},{"type":"Feature","geometry":{"type":"Point","coordinates":[-41.773064,-22.362088]},"properties":{"kind":"FIXED","limit_kmh":40,"source":"OSM","active":true,"direction_deg":null}},{"type":"Feature","geometry":{"type":"Point","coordinates":[-41.772979,-22.362042]},"properties":{"kind":"FIXED","limit_kmh":40,"source":"OSM","active":true,"direction_deg":null}},{"type":"Feature","geometry":{"type":"Point","coordinates":[-42.529636,-22.360507]},"properties":{"kind":"FIXED","limit_kmh":50,"source":"OSM","active":true,"direction_deg":null}},{"type":"Feature","geometry":{"type":"Point","coordinates":[-42.529406,-22.360431]},"properties":{"kind":"FIXED","limit_kmh":50,"source":"OSM","active":true,"direction_deg":null}},{"type":"Feature","geometry":{"type":"Point","coordinates":[-42.518754,-22.358341]},"properties":{"kind":"FIXED","limit_kmh":50,"source":"OSM","active":true,"direction_deg":null}},{"type":"Feature","geometry":{"type":"Point","coordinates":[-42.508325,-22.347065]},"properties":{"kind":"FIXED","limit_kmh":60,"source":"OSM","active":true,"direction_deg":null}},{"type":"Feature","geometry":{"type":"Point","coordinates":[-41.792727,-22.346659]},"properties":{"kind":"FIXED","limit_kmh":60,"source":"OSM","active":true,"direction_deg":null}},{"type":"Feature","geometry":{"type":"Point","coordinates":[-41.75544,-22.346254]},"properties":{"kind":"FIXED","limit_kmh":50,"source":"OSM","active":true,"direction_deg":null}},{"type":"Feature","geometry":{"type":"Point","coordinates":[-41.792374,-22.345242]},"properties":{"kind":"FIXED","limit_kmh":60,"source":"OSM","active":true,"direction_deg":null}},{"type":"Feature","geometry":{"type":"Point","coordinates":[-42.93937,-22.34219]},"properties":{"kind":"FIXED","limit_kmh":60,"source":"ANTT","active":true,"direction_deg":null}},{"type":"Feature","geometry":{"type":"Point","coordinates":[-42.939398,-22.341943]},"properties":{"kind":"FIXED","limit_kmh":60,"source":"OSM","active":true,"direction_deg":null}},{"type":"Feature","geometry":{"type":"Point","coordinates":[-41.779791,-22.341368]},"properties":{"kind":"FIXED","limit_kmh":60,"source":"OSM","active":true,"direction_deg":null}},{"type":"Feature","geometry":{"type":"Point","coordinates":[-41.780023,-22.34115]},"properties":{"kind":"FIXED","limit_kmh":60,"source":"OSM","active":true,"direction_deg":null}},{"type":"Feature","geometry":{"type":"Point","coordinates":[-41.774336,-22.327612]},"properties":{"kind":"FIXED","limit_kmh":60,"source":"OSM","active":true,"direction_deg":null}},{"type":"Feature","geometry":{"type":"Point","coordinates":[-43.131545,-22.325306]},"properties":{"kind":"FIXED","limit_kmh":60,"source":"OSM","active":true,"direction_deg":null}},{"type":"Feature","geometry":{"type":"Point","coordinates":[-43.131533,-22.325254]},"properties":{"kind":"FIXED","limit_kmh":60,"source":"OSM","active":true,"direction_deg":null}},{"type":"Feature","geometry":{"type":"Point","coordinates":[-42.937709,-22.316471]},"properties":{"kind":"FIXED","limit_kmh":60,"source":"ANTT","active":true,"direction_deg":344}},{"type":"Feature","geometry":{"type":"Point","coordinates":[-42.937925,-22.315828]},"properties":{"kind":"FIXED","limit_kmh":60,"source":"OSM","active":true,"direction_deg":null}},{"type":"Feature","geometry":{"type":"Point","coordinates":[-42.93804,-22.31573]},"properties":{"kind":"FIXED","limit_kmh":60,"source":"ANTT","active":true,"direction_deg":167}},{"type":"Feature","geometry":{"type":"Point","coordinates":[-42.937463,-22.311107]},"properties":{"kind":"FIXED","limit_kmh":60,"source":"ANTT","active":true,"direction_deg":null}},{"type":"Feature","geometry":{"type":"Point","coordinates":[-42.937467,-22.311106]},"properties":{"kind":"FIXED","limit_kmh":60,"source":"OSM","active":true,"direction_deg":null}},{"type":"Feature","geometry":{"type":"Point","coordinates":[-42.52155,-22.300146]},"properties":{"kind":"FIXED","limit_kmh":50,"source":"OSM","active":true,"direction_deg":null}},{"type":"Feature","geometry":{"type":"Point","coordinates":[-41.713139,-22.289911]},"properties":{"kind":"FIXED","limit_kmh":50,"source":"OSM","active":true,"direction_deg":null}},{"type":"Feature","geometry":{"type":"Point","coordinates":[-42.931272,-22.288634]},"properties":{"kind":"FIXED","limit_kmh":60,"source":"OSM","active":true,"direction_deg":null}},{"type":"Feature","geometry":{"type":"Point","coordinates":[-42.721434,-22.281552]},"properties":{"kind":"FIXED","limit_kmh":50,"source":"OSM","active":true,"direction_deg":null}},{"type":"Feature","geometry":{"type":"Point","coordinates":[-42.722497,-22.281468]},"properties":{"kind":"FIXED","limit_kmh":50,"source":"OSM","active":true,"direction_deg":null}},{"type":"Feature","geometry":{"type":"Point","coordinates":[-42.577319,-22.274029]},"properties":{"kind":"FIXED","limit_kmh":50,"source":"OSM","active":true,"direction_deg":null}},{"type":"Feature","geometry":{"type":"Point","coordinates":[-42.613888,-22.268904]},"properties":{"kind":"FIXED","limit_kmh":60,"source":"OSM","active":true,"direction_deg":null}},{"type":"Feature","geometry":{"type":"Point","coordinates":[-42.924814,-22.267896]},"properties":{"kind":"FIXED","limit_kmh":60,"source":"ANTT","active":true,"direction_deg":null}},{"type":"Feature","geometry":{"type":"Point","coordinates":[-42.924882,-22.267889]},"properties":{"kind":"FIXED","limit_kmh":60,"source":"OSM","active":true,"direction_deg":null}},{"type":"Feature","geometry":{"type":"Point","coordinates":[-42.528948,-22.256202]},"properties":{"kind":"FIXED","limit_kmh":50,"source":"OSM","active":true,"direction_deg":null}},{"type":"Feature","geometry":{"type":"Point","coordinates":[-42.638709,-22.242173]},"properties":{"kind":"FIXED","limit_kmh":60,"source":"OSM","active":true,"direction_deg":null}},{"type":"Feature","geometry":{"type":"Point","coordinates":[-42.513821,-22.22306]},"properties":{"kind":"FIXED","limit_kmh":50,"source":"OSM","active":true,"direction_deg":null}},{"type":"Feature","geometry":{"type":"Point","coordinates":[-42.897442,-22.204634]},"properties":{"kind":"FIXED","limit_kmh":50,"source":"OSM","active":true,"direction_deg":null}},{"type":"Feature","geometry":{"type":"Point","coordinates":[-42.89744,-22.20454]},"properties":{"kind":"FIXED","limit_kmh":50,"source":"ANTT","active":true,"direction_deg":null}},{"type":"Feature","geometry":{"type":"Point","coordinates":[-42.47398,-22.183251]},"properties":{"kind":"FIXED","limit_kmh":50,"source":"OSM","active":true,"direction_deg":null}},{"type":"Feature","geometry":{"type":"Point","coordinates":[-42.47367,-22.18312]},"properties":{"kind":"FIXED","limit_kmh":50,"source":"OSM","active":true,"direction_deg":null}},{"type":"Feature","geometry":{"type":"Point","coordinates":[-42.406363,-22.17851]},"properties":{"kind":"FIXED","limit_kmh":40,"source":"OSM","active":true,"direction_deg":null}},{"type":"Feature","geometry":{"type":"Point","coordinates":[-42.406636,-22.178124]},"properties":{"kind":"FIXED","limit_kmh":40,"source":"OSM","active":true,"direction_deg":null}},{"type":"Feature","geometry":{"type":"Point","coordinates":[-43.166563,-22.175549]},"properties":{"kind":"FIXED","limit_kmh":70,"source":"OSM","active":true,"direction_deg":null}},{"type":"Feature","geometry":{"type":"Point","coordinates":[-42.428416,-22.162443]},"properties":{"kind":"FIXED","limit_kmh":50,"source":"OSM","active":true,"direction_deg":null}},{"type":"Feature","geometry":{"type":"Point","coordinates":[-42.418958,-22.158231]},"properties":{"kind":"FIXED","limit_kmh":50,"source":"OSM","active":true,"direction_deg":null}},{"type":"Feature","geometry":{"type":"Point","coordinates":[-43.158292,-22.148066]},"properties":{"kind":"FIXED","limit_kmh":70,"source":"ANTT","active":true,"direction_deg":11}},{"type":"Feature","geometry":{"type":"Point","coordinates":[-43.158248,-22.14794]},"properties":{"kind":"FIXED","limit_kmh":70,"source":"OSM","active":true,"direction_deg":null}},{"type":"Feature","geometry":{"type":"Point","coordinates":[-42.436192,-22.143989]},"properties":{"kind":"FIXED","limit_kmh":50,"source":"OSM","active":true,"direction_deg":null}},{"type":"Feature","geometry":{"type":"Point","coordinates":[-42.78019,-22.13442]},"properties":{"kind":"FIXED","limit_kmh":60,"source":"ANTT","active":true,"direction_deg":41}},{"type":"Feature","geometry":{"type":"Point","coordinates":[-42.780078,-22.134404]},"properties":{"kind":"FIXED","limit_kmh":60,"source":"OSM","active":true,"direction_deg":null}},{"type":"Feature","geometry":{"type":"Point","coordinates":[-42.779433,-22.132894]},"properties":{"kind":"FIXED","limit_kmh":60,"source":"ANTT","active":true,"direction_deg":190}},{"type":"Feature","geometry":{"type":"Point","coordinates":[-42.779422,-22.132844]},"properties":{"kind":"FIXED","limit_kmh":60,"source":"OSM","active":true,"direction_deg":null}},{"type":"Feature","geometry":{"type":"Point","coordinates":[-43.23013,-22.124125]},"properties":{"kind":"FIXED","limit_kmh":40,"source":"ANTT","active":true,"direction_deg":302}},{"type":"Feature","geometry":{"type":"Point","coordinates":[-43.230364,-22.124071]},"properties":{"kind":"FIXED","limit_kmh":40,"source":"OSM","active":true,"direction_deg":null}},{"type":"Feature","geometry":{"type":"Point","coordinates":[-42.779146,-22.123856]},"properties":{"kind":"FIXED","limit_kmh":40,"source":"OSM","active":true,"direction_deg":null}},{"type":"Feature","geometry":{"type":"Point","coordinates":[-42.778941,-22.122826]},"properties":{"kind":"FIXED","limit_kmh":40,"source":"ANTT","active":true,"direction_deg":null}},{"type":"Feature","geometry":{"type":"Point","coordinates":[-42.77901,-22.122781]},"properties":{"kind":"FIXED","limit_kmh":40,"source":"OSM","active":true,"direction_deg":null}},{"type":"Feature","geometry":{"type":"Point","coordinates":[-43.094385,-22.101572]},"properties":{"kind":"FIXED","limit_kmh":40,"source":"ANTT","active":true,"direction_deg":198}},{"type":"Feature","geometry":{"type":"Point","coordinates":[-42.402315,-22.083071]},"properties":{"kind":"FIXED","limit_kmh":50,"source":"OSM","active":true,"direction_deg":null}},{"type":"Feature","geometry":{"type":"Point","coordinates":[-42.798957,-22.079484]},"properties":{"kind":"FIXED","limit_kmh":30,"source":"ANTT","active":true,"direction_deg":104}},{"type":"Feature","geometry":{"type":"Point","coordinates":[-42.797359,-22.078243]},"properties":{"kind":"FIXED","limit_kmh":40,"source":"ANTT","active":true,"direction_deg":180}},{"type":"Feature","geometry":{"type":"Point","coordinates":[-42.797204,-22.078163]},"properties":{"kind":"FIXED","limit_kmh":40,"source":"OSM","active":true,"direction_deg":null}},{"type":"Feature","geometry":{"type":"Point","coordinates":[-42.405745,-22.077497]},"properties":{"kind":"FIXED","limit_kmh":50,"source":"OSM","active":true,"direction_deg":null}},{"type":"Feature","geometry":{"type":"Point","coordinates":[-42.06883,-22.064077]},"properties":{"kind":"FIXED","limit_kmh":50,"source":"OSM","active":true,"direction_deg":null}},{"type":"Feature","geometry":{"type":"Point","coordinates":[-43.000731,-22.046359]},"properties":{"kind":"FIXED","limit_kmh":60,"source":"ANTT","active":true,"direction_deg":142}},{"type":"Feature","geometry":{"type":"Point","coordinates":[-42.98598,-22.032432]},"properties":{"kind":"FIXED","limit_kmh":60,"source":"OSM","active":true,"direction_deg":null}},{"type":"Feature","geometry":{"type":"Point","coordinates":[-42.29279,-21.989301]},"properties":{"kind":"FIXED","limit_kmh":60,"source":"OSM","active":true,"direction_deg":null}},{"type":"Feature","geometry":{"type":"Point","coordinates":[-41.130441,-21.983034]},"properties":{"kind":"FIXED","limit_kmh":50,"source":"OSM","active":true,"direction_deg":null}},{"type":"Feature","geometry":{"type":"Point","coordinates":[-42.245739,-21.977024]},"properties":{"kind":"FIXED","limit_kmh":50,"source":"OSM","active":true,"direction_deg":null}},{"type":"Feature","geometry":{"type":"Point","coordinates":[-42.126321,-21.893569]},"properties":{"kind":"FIXED","limit_kmh":50,"source":"OSM","active":true,"direction_deg":null}},{"type":"Feature","geometry":{"type":"Point","coordinates":[-42.68095,-21.881502]},"properties":{"kind":"FIXED","limit_kmh":50,"source":"OSM","active":true,"direction_deg":null}},{"type":"Feature","geometry":{"type":"Point","coordinates":[-42.680909,-21.881485]},"properties":{"kind":"FIXED","limit_kmh":50,"source":"ANTT","active":true,"direction_deg":341}},{"type":"Feature","geometry":{"type":"Point","coordinates":[-41.260934,-21.837634]},"properties":{"kind":"FIXED","limit_kmh":50,"source":"OSM","active":true,"direction_deg":null}},{"type":"Feature","geometry":{"type":"Point","coordinates":[-41.402372,-21.823896]},"properties":{"kind":"FIXED","limit_kmh":80,"source":"OSM","active":true,"direction_deg":null}},{"type":"Feature","geometry":{"type":"Point","coordinates":[-41.460587,-21.82208]},"properties":{"kind":"FIXED","limit_kmh":80,"source":"OSM","active":true,"direction_deg":null}},{"type":"Feature","geometry":{"type":"Point","coordinates":[-42.077096,-21.818887]},"properties":{"kind":"FIXED","limit_kmh":60,"source":"OSM","active":true,"direction_deg":null}},{"type":"Feature","geometry":{"type":"Point","coordinates":[-41.286335,-21.77574]},"properties":{"kind":"FIXED","limit_kmh":null,"source":"DNIT","active":true,"direction_deg":null}},{"type":"Feature","geometry":{"type":"Point","coordinates":[-41.346666,-21.764513]},"properties":{"kind":"FIXED","limit_kmh":40,"source":"OSM","active":true,"direction_deg":null}},{"type":"Feature","geometry":{"type":"Point","coordinates":[-41.296304,-21.762683]},"properties":{"kind":"FIXED","limit_kmh":60,"source":"OSM","active":true,"direction_deg":null}},{"type":"Feature","geometry":{"type":"Point","coordinates":[-41.208218,-21.739971]},"properties":{"kind":"FIXED","limit_kmh":50,"source":"OSM","active":true,"direction_deg":null}},{"type":"Feature","geometry":{"type":"Point","coordinates":[-41.207477,-21.73955]},"properties":{"kind":"FIXED","limit_kmh":50,"source":"OSM","active":true,"direction_deg":null}},{"type":"Feature","geometry":{"type":"Point","coordinates":[-41.99451,-21.724975]},"properties":{"kind":"FIXED","limit_kmh":50,"source":"OSM","active":true,"direction_deg":null}},{"type":"Feature","geometry":{"type":"Point","coordinates":[-41.91726,-21.72394]},"properties":{"kind":"FIXED","limit_kmh":50,"source":"OSM","active":true,"direction_deg":null}},{"type":"Feature","geometry":{"type":"Point","coordinates":[-41.920656,-21.723763]},"properties":{"kind":"FIXED","limit_kmh":50,"source":"OSM","active":true,"direction_deg":null}},{"type":"Feature","geometry":{"type":"Point","coordinates":[-41.402515,-21.719864]},"properties":{"kind":"FIXED","limit_kmh":50,"source":"OSM","active":true,"direction_deg":null}},{"type":"Feature","geometry":{"type":"Point","coordinates":[-41.111565,-21.718879]},"properties":{"kind":"FIXED","limit_kmh":40,"source":"OSM","active":true,"direction_deg":null}},{"type":"Feature","geometry":{"type":"Point","coordinates":[-41.096855,-21.7187]},"properties":{"kind":"FIXED","limit_kmh":null,"source":"DNIT","active":true,"direction_deg":null}},{"type":"Feature","geometry":{"type":"Point","coordinates":[-41.096329,-21.71866]},"properties":{"kind":"FIXED","limit_kmh":40,"source":"OSM","active":true,"direction_deg":null}},{"type":"Feature","geometry":{"type":"Point","coordinates":[-41.110172,-21.71843]},"properties":{"kind":"FIXED","limit_kmh":null,"source":"DNIT","active":true,"direction_deg":null}},{"type":"Feature","geometry":{"type":"Point","coordinates":[-41.308561,-21.713412]},"properties":{"kind":"FIXED","limit_kmh":60,"source":"ANTT","active":true,"direction_deg":9}},{"type":"Feature","geometry":{"type":"Point","coordinates":[-41.308596,-21.713313]},"properties":{"kind":"FIXED","limit_kmh":50,"source":"OSM","active":true,"direction_deg":null}},{"type":"Feature","geometry":{"type":"Point","coordinates":[-42.033117,-21.698875]},"properties":{"kind":"FIXED","limit_kmh":50,"source":"OSM","active":true,"direction_deg":null}},{"type":"Feature","geometry":{"type":"Point","coordinates":[-42.053887,-21.69096]},"properties":{"kind":"FIXED","limit_kmh":60,"source":"OSM","active":true,"direction_deg":null}},{"type":"Feature","geometry":{"type":"Point","coordinates":[-41.31089,-21.68329]},"properties":{"kind":"FIXED","limit_kmh":60,"source":"ANTT","active":true,"direction_deg":3}},{"type":"Feature","geometry":{"type":"Point","coordinates":[-41.310891,-21.682537]},"properties":{"kind":"FIXED","limit_kmh":60,"source":"OSM","active":true,"direction_deg":null}},{"type":"Feature","geometry":{"type":"Point","coordinates":[-41.310949,-21.681822]},"properties":{"kind":"FIXED","limit_kmh":60,"source":"ANTT","active":true,"direction_deg":183}},{"type":"Feature","geometry":{"type":"Point","coordinates":[-42.064096,-21.681405]},"properties":{"kind":"FIXED","limit_kmh":50,"source":"OSM","active":true,"direction_deg":null}},{"type":"Feature","geometry":{"type":"Point","coordinates":[-42.073983,-21.673383]},"properties":{"kind":"FIXED","limit_kmh":50,"source":"OSM","active":true,"direction_deg":null}},{"type":"Feature","geometry":{"type":"Point","coordinates":[-42.086065,-21.660904]},"properties":{"kind":"FIXED","limit_kmh":50,"source":"OSM","active":true,"direction_deg":null}},{"type":"Feature","geometry":{"type":"Point","coordinates":[-42.302608,-21.655051]},"properties":{"kind":"FIXED","limit_kmh":50,"source":"OSM","active":true,"direction_deg":null}},{"type":"Feature","geometry":{"type":"Point","coordinates":[-42.3024,-21.654807]},"properties":{"kind":"FIXED","limit_kmh":50,"source":"OSM","active":true,"direction_deg":null}},{"type":"Feature","geometry":{"type":"Point","coordinates":[-41.050472,-21.645615]},"properties":{"kind":"FIXED","limit_kmh":null,"source":"DNIT","active":true,"direction_deg":null}},{"type":"Feature","geometry":{"type":"Point","coordinates":[-41.050483,-21.645533]},"properties":{"kind":"FIXED","limit_kmh":40,"source":"OSM","active":true,"direction_deg":null}},{"type":"Feature","geometry":{"type":"Point","coordinates":[-42.105935,-21.628738]},"properties":{"kind":"FIXED","limit_kmh":50,"source":"OSM","active":true,"direction_deg":null}},{"type":"Feature","geometry":{"type":"Point","coordinates":[-42.112264,-21.623253]},"properties":{"kind":"FIXED","limit_kmh":50,"source":"OSM","active":true,"direction_deg":null}},{"type":"Feature","geometry":{"type":"Point","coordinates":[-42.123632,-21.617805]},"properties":{"kind":"FIXED","limit_kmh":50,"source":"OSM","active":true,"direction_deg":null}},{"type":"Feature","geometry":{"type":"Point","coordinates":[-42.22136,-21.588332]},"properties":{"kind":"FIXED","limit_kmh":50,"source":"OSM","active":true,"direction_deg":null}},{"type":"Feature","geometry":{"type":"Point","coordinates":[-42.145409,-21.579875]},"properties":{"kind":"FIXED","limit_kmh":50,"source":"OSM","active":true,"direction_deg":null}},{"type":"Feature","geometry":{"type":"Point","coordinates":[-42.150979,-21.572058]},"properties":{"kind":"FIXED","limit_kmh":60,"source":"OSM","active":true,"direction_deg":null}},{"type":"Feature","geometry":{"type":"Point","coordinates":[-42.172174,-21.56431]},"properties":{"kind":"FIXED","limit_kmh":60,"source":"OSM","active":true,"direction_deg":null}},{"type":"Feature","geometry":{"type":"Point","coordinates":[-42.187084,-21.560764]},"properties":{"kind":"FIXED","limit_kmh":50,"source":"OSM","active":true,"direction_deg":null}},{"type":"Feature","geometry":{"type":"Point","coordinates":[-42.174153,-21.560044]},"properties":{"kind":"FIXED","limit_kmh":60,"source":"OSM","active":true,"direction_deg":null}},{"type":"Feature","geometry":{"type":"Point","coordinates":[-42.158174,-21.536763]},"properties":{"kind":"FIXED","limit_kmh":60,"source":"OSM","active":true,"direction_deg":null}},{"type":"Feature","geometry":{"type":"Point","coordinates":[-42.141469,-21.53105]},"properties":{"kind":"FIXED","limit_kmh":50,"source":"OSM","active":true,"direction_deg":null}},{"type":"Feature","geometry":{"type":"Point","coordinates":[-42.186066,-21.516757]},"properties":{"kind":"FIXED","limit_kmh":50,"source":"OSM","active":true,"direction_deg":null}},{"type":"Feature","geometry":{"type":"Point","coordinates":[-42.079418,-21.501807]},"properties":{"kind":"FIXED","limit_kmh":50,"source":"OSM","active":true,"direction_deg":null}},{"type":"Feature","geometry":{"type":"Point","coordinates":[-42.079154,-21.501612]},"properties":{"kind":"FIXED","limit_kmh":50,"source":"OSM","active":true,"direction_deg":null}},{"type":"Feature","geometry":{"type":"Point","coordinates":[-42.013269,-21.452669]},"properties":{"kind":"FIXED","limit_kmh":50,"source":"OSM","active":true,"direction_deg":null}},{"type":"Feature","geometry":{"type":"Point","coordinates":[-42.199622,-21.44097]},"properties":{"kind":"FIXED","limit_kmh":60,"source":"OSM","active":true,"direction_deg":null}},{"type":"Feature","geometry":{"type":"Point","coordinates":[-41.69009,-21.431542]},"properties":{"kind":"FIXED","limit_kmh":40,"source":"OSM","active":true,"direction_deg":null}},{"type":"Feature","geometry":{"type":"Point","coordinates":[-41.690373,-21.43149]},"properties":{"kind":"FIXED","limit_kmh":null,"source":"DNIT","active":true,"direction_deg":301}},{"type":"Feature","geometry":{"type":"Point","coordinates":[-41.690591,-21.431267]},"properties":{"kind":"FIXED","limit_kmh":40,"source":"OSM","active":true,"direction_deg":null}},{"type":"Feature","geometry":{"type":"Point","coordinates":[-41.978341,-21.410274]},"properties":{"kind":"FIXED","limit_kmh":50,"source":"OSM","active":true,"direction_deg":null}},{"type":"Feature","geometry":{"type":"Point","coordinates":[-42.180942,-21.400453]},"properties":{"kind":"FIXED","limit_kmh":50,"source":"OSM","active":true,"direction_deg":null}},{"type":"Feature","geometry":{"type":"Point","coordinates":[-41.688657,-21.38226]},"properties":{"kind":"FIXED","limit_kmh":50,"source":"OSM","active":true,"direction_deg":null}},{"type":"Feature","geometry":{"type":"Point","coordinates":[-41.688611,-21.382222]},"properties":{"kind":"FIXED","limit_kmh":null,"source":"DNIT","active":true,"direction_deg":null}},{"type":"Feature","geometry":{"type":"Point","coordinates":[-41.7823,-21.25365]},"properties":{"kind":"FIXED","limit_kmh":null,"source":"DNIT","active":true,"direction_deg":null}},{"type":"Feature","geometry":{"type":"Point","coordinates":[-41.815621,-21.223698]},"properties":{"kind":"FIXED","limit_kmh":60,"source":"OSM","active":false,"direction_deg":null}},{"type":"Feature","geometry":{"type":"Point","coordinates":[-41.911648,-21.187733]},"properties":{"kind":"FIXED","limit_kmh":50,"source":"OSM","active":true,"direction_deg":null}},{"type":"Feature","geometry":{"type":"Point","coordinates":[-41.911896,-21.187586]},"properties":{"kind":"FIXED","limit_kmh":null,"source":"DNIT","active":true,"direction_deg":null}},{"type":"Feature","geometry":{"type":"Point","coordinates":[-41.912259,-21.187493]},"properties":{"kind":"FIXED","limit_kmh":50,"source":"OSM","active":true,"direction_deg":null}},{"type":"Feature","geometry":{"type":"Point","coordinates":[-41.929869,-21.185334]},"properties":{"kind":"FIXED","limit_kmh":50,"source":"OSM","active":true,"direction_deg":null}},{"type":"Feature","geometry":{"type":"Point","coordinates":[-41.930051,-21.185286]},"properties":{"kind":"FIXED","limit_kmh":null,"source":"DNIT","active":true,"direction_deg":null}},{"type":"Feature","geometry":{"type":"Point","coordinates":[-42.013733,-21.176656]},"properties":{"kind":"FIXED","limit_kmh":null,"source":"DNIT","active":true,"direction_deg":null}},{"type":"Feature","geometry":{"type":"Point","coordinates":[-42.013516,-21.176477]},"properties":{"kind":"FIXED","limit_kmh":40,"source":"OSM","active":true,"direction_deg":null}},{"type":"Feature","geometry":{"type":"Point","coordinates":[-41.663288,-21.137269]},"properties":{"kind":"FIXED","limit_kmh":50,"source":"OSM","active":true,"direction_deg":null}}]}