<?xml version="1.0" encoding="UTF-8"?>
<kml xmlns="http://www.opengis.net/kml/2.2"><Document>
<name>Pardal — radares — PR</name>
<description>Pardal — © colaboradores do OpenStreetMap (ODbL 1.0) e fontes abertas listadas no README</description>
<Folder><name>Radares de velocidade</name>
<Placemark><name>Radar</name><description>Fonte: OSM</description><Point><coordinates>-51.338132,-26.488402,0</coordinates></Point></Placemark>
<Placemark><name>Radar</name><description>Fonte: DNIT · sentido 64° (nordeste)</description><Point><coordinates>-51.337786,-26.488344,0</coordinates></Point></Placemark>
<Placemark><name>Radar</name><description>Fonte: OSM</description><Point><coordinates>-51.337083,-26.487965,0</coordinates></Point></Placemark>
<Placemark><name>Radar</name><description>Fonte: OSM</description><Point><coordinates>-51.319029,-26.432347,0</coordinates></Point></Placemark>
<Placemark><name>Radar</name><description>Fonte: DNIT</description><Point><coordinates>-51.318745,-26.431911,0</coordinates></Point></Placemark>
<Placemark><name>Radar</name><description>Fonte: OSM</description><Point><coordinates>-51.318314,-26.431599,0</coordinates></Point></Placemark>
<Placemark><name>Radar 60 km/h</name><description>Fonte: OSM</description><Point><coordinates>-51.312667,-26.428592,0</coordinates></Point></Placemark>
<Placemark><name>Radar</name><description>Fonte: DNIT+OSM</description><Point><coordinates>-51.258276,-26.376308,0</coordinates></Point></Placemark>
<Placemark><name>Radar 60 km/h</name><description>Fonte: OSM</description><Point><coordinates>-51.258028,-26.376102,0</coordinates></Point></Placemark>
<Placemark><name>Radar</name><description>Fonte: OSM</description><Point><coordinates>-51.252174,-26.334349,0</coordinates></Point></Placemark>
<Placemark><name>Radar</name><description>Fonte: OSM</description><Point><coordinates>-51.251591,-26.333767,0</coordinates></Point></Placemark>
<Placemark><name>Radar</name><description>Fonte: OSM</description><Point><coordinates>-51.219109,-26.313874,0</coordinates></Point></Placemark>
<Placemark><name>Radar</name><description>Fonte: OSM</description><Point><coordinates>-51.176912,-26.272109,0</coordinates></Point></Placemark>
<Placemark><name>Radar</name><description>Fonte: OSM</description><Point><coordinates>-51.175973,-26.270964,0</coordinates></Point></Placemark>
<Placemark><name>Radar 40 km/h</name><description>Fonte: OSM</description><Point><coordinates>-52.788262,-26.268009,0</coordinates></Point></Placemark>
<Placemark><name>Radar 40 km/h</name><description>Fonte: OSM</description><Point><coordinates>-52.787786,-26.266357,0</coordinates></Point></Placemark>
<Placemark><name>Radar 60 km/h</name><description>Fonte: OSM</description><Point><coordinates>-52.708608,-26.258197,0</coordinates></Point></Placemark>
<Placemark><name>Radar 60 km/h</name><description>Fonte: OSM</description><Point><coordinates>-53.645216,-26.247817,0</coordinates></Point></Placemark>
<Placemark><name>Radar</name><description>Fonte: DNIT · sentido 9° (norte)</description><Point><coordinates>-53.634745,-26.247363,0</coordinates></Point></Placemark>
<Placemark><name>Radar</name><description>Fonte: DNIT</description><Point><coordinates>-53.635221,-26.240353,0</coordinates></Point></Placemark>
<Placemark><name>Radar</name><description>Fonte: DNIT</description><Point><coordinates>-53.638462,-26.234202,0</coordinates></Point></Placemark>
<Placemark><name>Radar 60 km/h</name><description>Fonte: OSM</description><Point><coordinates>-53.638547,-26.233936,0</coordinates></Point></Placemark>
<Placemark><name>Radar</name><description>Fonte: DNIT</description><Point><coordinates>-52.690141,-26.233338,0</coordinates></Point></Placemark>
<Placemark><name>Radar</name><description>Fonte: OSM</description><Point><coordinates>-51.140410,-26.229117,0</coordinates></Point></Placemark>
<Placemark><name>Radar</name><description>Fonte: DNIT · sentido 40° (nordeste)</description><Point><coordinates>-51.140090,-26.228773,0</coordinates></Point></Placemark>
<Placemark><name>Radar</name><description>Fonte: OSM</description><Point><coordinates>-51.138492,-26.227818,0</coordinates></Point></Placemark>
<Placemark><name>Radar 60 km/h</name><description>Fonte: OSM</description><Point><coordinates>-51.075789,-26.226723,0</coordinates></Point></Placemark>
<Placemark><name>Radar</name><description>Fonte: DNIT · sentido 125° (sudeste)</description><Point><coordinates>-53.147179,-26.223501,0</coordinates></Point></Placemark>
<Placemark><name>Radar</name><description>Fonte: DNIT · sentido 238° (sudoeste)</description><Point><coordinates>-53.143694,-26.223291,0</coordinates></Point></Placemark>
<Placemark><name>Radar 60 km/h</name><description>Fonte: OSM</description><Point><coordinates>-53.148067,-26.223080,0</coordinates></Point></Placemark>
<Placemark><name>Radar</name><description>Fonte: DNIT</description><Point><coordinates>-52.676354,-26.200479,0</coordinates></Point></Placemark>
<Placemark><name>Radar 60 km/h</name><description>Fonte: OSM</description><Point><coordinates>-52.675990,-26.200025,0</coordinates></Point></Placemark>
<Placemark><name>Radar 60 km/h</name><description>Fonte: DNIT+OSM</description><Point><coordinates>-51.051193,-26.197888,0</coordinates></Point></Placemark>
<Placemark><name>Radar</name><description>Fonte: OSM</description><Point><coordinates>-50.921794,-26.180800,0</coordinates></Point></Placemark>
<Placemark><name>Radar</name><description>Fonte: DNIT+OSM</description><Point><coordinates>-50.921308,-26.180248,0</coordinates></Point></Placemark>
<Placemark><name>Radar 50 km/h</name><description>Fonte: DNIT+OSM</description><Point><coordinates>-50.911042,-26.170749,0</coordinates></Point></Placemark>
<Placemark><name>Radar 60 km/h</name><description>Fonte: DNIT+OSM</description><Point><coordinates>-53.030267,-26.158208,0</coordinates></Point></Placemark>
<Placemark><name>Radar 60 km/h</name><description>Fonte: OSM</description><Point><coordinates>-53.017456,-26.151311,0</coordinates></Point></Placemark>
<Placemark><name>Radar 30 km/h</name><description>Fonte: INMETRO+OSM</description><Point><coordinates>-53.024232,-26.147666,0</coordinates></Point></Placemark>
<Placemark><name>Radar 60 km/h</name><description>Fonte: ANTT · sentido 289° (oeste)</description><Point><coordinates>-52.990002,-26.146685,0</coordinates></Point></Placemark>
<Placemark><name>Radar 60 km/h</name><description>Fonte: ANTT · sentido 92° (leste)</description><Point><coordinates>-52.994801,-26.145608,0</coordinates></Point></Placemark>
<Placemark><name>Radar 60 km/h</name><description>Fonte: OSM</description><Point><coordinates>-53.028238,-26.143410,0</coordinates></Point></Placemark>
<Placemark><name>Radar 60 km/h</name><description>Fonte: OSM</description><Point><coordinates>-53.032232,-26.139185,0</coordinates></Point></Placemark>
<Placemark><name>Radar</name><description>Fonte: DNIT</description><Point><coordinates>-52.657818,-26.137389,0</coordinates></Point></Placemark>
<Placemark><name>Radar 60 km/h</name><description>Fonte: ANTT</description><Point><coordinates>-53.051421,-26.111320,0</coordinates></Point></Placemark>
<Placemark><name>Radar 60 km/h</name><description>Fonte: ANTT · sentido 3° (norte)</description><Point><coordinates>-49.780667,-26.100806,0</coordinates></Point></Placemark>
<Placemark><name>Radar 60 km/h</name><description>Fonte: ANTT · sentido 183° (sul)</description><Point><coordinates>-49.780694,-26.098389,0</coordinates></Point></Placemark>
<Placemark><name>Radar 50 km/h</name><description>Fonte: DNIT+OSM</description><Point><coordinates>-52.645182,-26.094029,0</coordinates></Point></Placemark>
<Placemark><name>Radar 60 km/h</name><description>Fonte: OSM</description><Point><coordinates>-50.777832,-26.093594,0</coordinates></Point></Placemark>
<Placemark><name>Radar 60 km/h</name><description>Fonte: DNIT+OSM</description><Point><coordinates>-50.773923,-26.092664,0</coordinates></Point></Placemark>
<Placemark><name>Radar 60 km/h</name><description>Fonte: OSM</description><Point><coordinates>-52.644609,-26.091747,0</coordinates></Point></Placemark>
<Placemark><name>Radar 40 km/h</name><description>Fonte: INMETRO</description><Point><coordinates>-53.049886,-26.090074,0</coordinates></Point></Placemark>
<Placemark><name>Radar 80 km/h</name><description>Fonte: OSM</description><Point><coordinates>-53.064631,-26.089591,0</coordinates></Point></Placemark>
<Placemark><name>Radar</name><description>Fonte: OSM</description><Point><coordinates>-53.040264,-26.089151,0</coordinates></Point></Placemark>
<Placemark><name>Radar 80 km/h</name><description>Fonte: ANTT</description><Point><coordinates>-53.230320,-26.085440,0</coordinates></Point></Placemark>
<Placemark><name>Radar 80 km/h</name><description>Fonte: ANTT</description><Point><coordinates>-53.227102,-26.084829,0</coordinates></Point></Placemark>
<Placemark><name>Radar 40 km/h</name><description>Fonte: INMETRO</description><Point><coordinates>-53.055164,-26.083099,0</coordinates></Point></Placemark>
<Placemark><name>Radar</name><description>Fonte: DNIT</description><Point><coordinates>-53.716508,-26.082740,0</coordinates></Point></Placemark>
<Placemark><name>Radar</name><description>Fonte: OSM</description><Point><coordinates>-53.063772,-26.077241,0</coordinates></Point></Placemark>
<Placemark><name>Radar 60 km/h</name><description>Fonte: ANTT · sentido 56° (nordeste)</description><Point><coordinates>-49.762580,-26.075750,0</coordinates></Point></Placemark>
<Placemark><name>Radar 40 km/h</name><description>Fonte: INMETRO</description><Point><coordinates>-53.063208,-26.075029,0</coordinates></Point></Placemark>
<Placemark><name>Radar 60 km/h</name><description>Fonte: ANTT · sentido 298° (noroeste)</description><Point><coordinates>-49.755800,-26.074620,0</coordinates></Point></Placemark>
<Placemark><name>Radar 40 km/h</name><description>Fonte: INMETRO</description><Point><coordinates>-53.045653,-26.073732,0</coordinates></Point></Placemark>
<Placemark><name>Radar 60 km/h</name><description>Fonte: OSM</description><Point><coordinates>-53.081425,-26.072380,0</coordinates></Point></Placemark>
<Placemark><name>Radar 40 km/h</name><description>Fonte: INMETRO</description><Point><coordinates>-53.055110,-26.071754,0</coordinates></Point></Placemark>
<Placemark><name>Radar 80 km/h</name><description>Fonte: OSM</description><Point><coordinates>-53.120449,-26.069987,0</coordinates></Point></Placemark>
<Placemark><name>Radar 80 km/h</name><description>Fonte: OSM</description><Point><coordinates>-53.088250,-26.069117,0</coordinates></Point></Placemark>
<Placemark><name>Radar 60 km/h</name><description>Fonte: DNIT+OSM</description><Point><coordinates>-53.720958,-26.068501,0</coordinates></Point></Placemark>
<Placemark><name>Radar 40 km/h</name><description>Fonte: INMETRO</description><Point><coordinates>-53.033949,-26.066396,0</coordinates></Point></Placemark>
<Placemark><name>Radar 50 km/h</name><description>Fonte: INMETRO</description><Point><coordinates>-53.057798,-26.064442,0</coordinates></Point></Placemark>
<Placemark><name>Radar 60 km/h</name><description>Fonte: OSM</description><Point><coordinates>-53.719324,-26.064330,0</coordinates></Point></Placemark>
<Placemark><name>Radar 50 km/h</name><description>Fonte: INMETRO</description><Point><coordinates>-53.058295,-26.060928,0</coordinates></Point></Placemark>
<Placemark><name>Radar 60 km/h</name><description>Fonte: DNIT+OSM · sentido 44° (nordeste)</description><Point><coordinates>-52.632073,-26.060898,0</coordinates></Point></Placemark>
<Placemark><name>Radar</name><description>Fonte: DNIT · sentido 264° (oeste)</description><Point><coordinates>-52.629024,-26.058793,0</coordinates></Point></Placemark>
<Placemark><name>Radar 60 km/h</name><description>Fonte: OSM</description><Point><coordinates>-52.628627,-26.058743,0</coordinates></Point></Placemark>
<Placemark><name>Radar 40 km/h</name><description>Fonte: INMETRO</description><Point><coordinates>-53.054282,-26.045113,0</coordinates></Point></Placemark>
<Placemark><name>Radar</name><description>Fonte: DNIT</description><Point><coordinates>-50.832452,-26.036514,0</coordinates></Point></Placemark>
<Placemark><name>Radar 60 km/h</name><description>Fonte: OSM</description><Point><coordinates>-50.832712,-26.036361,0</coordinates></Point></Placemark>
<Placemark><name>Radar</name><description>Fonte: DNIT</description><Point><coordinates>-53.733094,-26.030279,0</coordinates></Point></Placemark>
<Placemark><name>Radar</name><description>Fonte: DNIT</description><Point><coordinates>-52.586424,-26.027175,0</coordinates></Point></Placemark>
<Placemark><name>Radar</name><description>Fonte: OSM</description><Point><coordinates>-50.670795,-26.024421,0</coordinates></Point></Placemark>
<Placemark><name>Radar</name><description>Fonte: DNIT</description><Point><coordinates>-50.670486,-26.024326,0</coordinates></Point></Placemark>
<Placemark><name>Radar</name><description>Fonte: OSM</description><Point><coordinates>-50.669874,-26.024206,0</coordinates></Point></Placemark>
<Placemark><name>Radar</name><description>Fonte: DNIT · sentido 219° (sudoeste)</description><Point><coordinates>-52.575942,-26.020324,0</coordinates></Point></Placemark>
<Placemark><name>Radar</name><description>Fonte: DNIT</description><Point><coordinates>-52.564277,-26.004149,0</coordinates></Point></Placemark>
<Placemark><name>Radar</name><description>Fonte: DNIT · sentido 131° (sudeste)</description><Point><coordinates>-50.839133,-25.992824,0</coordinates></Point></Placemark>
<Placemark><name>Radar</name><description>Fonte: DNIT</description><Point><coordinates>-52.555746,-25.990002,0</coordinates></Point></Placemark>
<Placemark><name>Radar 50 km/h</name><description>Fonte: OSM</description><Point><coordinates>-52.554079,-25.988812,0</coordinates></Point></Placemark>
<Placemark><name>Radar</name><description>Fonte: DNIT · sentido 151° (sudeste)</description><Point><coordinates>-50.843244,-25.958554,0</coordinates></Point></Placemark>
<Placemark><name>Radar 80 km/h</name><description>Fonte: ANTT · sentido 178° (sul)</description><Point><coordinates>-48.901028,-25.958364,0</coordinates></Point></Placemark>
<Placemark><name>Radar 80 km/h</name><description>Fonte: OSM</description><Point><coordinates>-48.900940,-25.957560,0</coordinates></Point></Placemark>
<Placemark><name>Radar 80 km/h</name><description>Fonte: ANTT · sentido 37° (nordeste)</description><Point><coordinates>-49.639472,-25.942306,0</coordinates></Point></Placemark>
<Placemark><name>Radar</name><description>Fonte: OSM</description><Point><coordinates>-50.445391,-25.909592,0</coordinates></Point></Placemark>
<Placemark><name>Radar</name><description>Fonte: DNIT</description><Point><coordinates>-50.444817,-25.908717,0</coordinates></Point></Placemark>
<Placemark><name>Radar</name><description>Fonte: OSM</description><Point><coordinates>-50.444674,-25.908293,0</coordinates></Point></Placemark>
<Placemark><name>Radar 80 km/h</name><description>Fonte: ANTT+OSM · sentido 149° (sudeste)</description><Point><coordinates>-48.932440,-25.892288,0</coordinates></Point></Placemark>
<Placemark><name>Radar</name><description>Fonte: DNIT</description><Point><coordinates>-50.379796,-25.891244,0</coordinates></Point></Placemark>
<Placemark><name>Radar 60 km/h</name><description>Fonte: OSM</description><Point><coordinates>-50.380225,-25.890694,0</coordinates></Point></Placemark>
<Placemark><name>Radar</name><description>Fonte: OSM</description><Point><coordinates>-50.224237,-25.889313,0</coordinates></Point></Placemark>
<Placemark><name>Radar</name><description>Fonte: DNIT</description><Point><coordinates>-50.223603,-25.889288,0</coordinates></Point></Placemark>
<Placemark><name>Radar</name><description>Fonte: OSM</description><Point><coordinates>-50.222982,-25.889241,0</coordinates></Point></Placemark>
<Placemark><name>Radar 60 km/h</name><description>Fonte: OSM</description><Point><coordinates>-50.222380,-25.889207,0</coordinates></Point></Placemark>
<Placemark><name>Radar 60 km/h</name><description>Fonte: OSM</description><Point><coordinates>-50.381504,-25.888306,0</coordinates></Point></Placemark>
<Placemark><name>Radar 60 km/h</name><description>Fonte: ANTT · sentido 79° (leste)</description><Point><coordinates>-49.506611,-25.886778,0</coordinates></Point></Placemark>
<Placemark><name>Radar</name><description>Fonte: DNIT · sentido 30° (nordeste)</description><Point><coordinates>-50.183239,-25.886641,0</coordinates></Point></Placemark>
<Placemark><name>Radar 60 km/h</name><description>Fonte: ANTT · sentido 259° (oeste)</description><Point><coordinates>-49.506030,-25.886518,0</coordinates></Point></Placemark>
<Placemark><name>Radar 60 km/h</name><description>Fonte: OSM</description><Point><coordinates>-50.182991,-25.886128,0</coordinates></Point></Placemark>
<Placemark><name>Radar 60 km/h</name><description>Fonte: OSM</description><Point><coordinates>-50.837965,-25.885475,0</coordinates></Point></Placemark>
<Placemark><name>Radar 60 km/h</name><description>Fonte: ANTT</description><Point><coordinates>-53.470096,-25.885075,0</coordinates></Point></Placemark>
<Placemark><name>Radar 60 km/h</name><description>Fonte: DNIT+OSM</description><Point><coordinates>-50.179294,-25.884876,0</coordinates></Point></Placemark>
<Placemark><name>Radar 60 km/h</name><description>Fonte: ANTT</description><Point><coordinates>-53.471500,-25.883995,0</coordinates></Point></Placemark>
<Placemark><name>Radar 60 km/h</name><description>Fonte: DNIT+OSM</description><Point><coordinates>-49.985724,-25.881329,0</coordinates></Point></Placemark>
<Placemark><name>Radar 60 km/h</name><description>Fonte: DNIT+OSM</description><Point><coordinates>-50.011789,-25.880836,0</coordinates></Point></Placemark>
<Placemark><name>Radar 60 km/h</name><description>Fonte: OSM</description><Point><coordinates>-50.836515,-25.880790,0</coordinates></Point></Placemark>
<Placemark><name>Radar 60 km/h</name><description>Fonte: ANTT · sentido 48° (nordeste)</description><Point><coordinates>-49.493250,-25.880306,0</coordinates></Point></Placemark>
<Placemark><name>Radar</name><description>Fonte: DNIT</description><Point><coordinates>-50.384202,-25.876688,0</coordinates></Point></Placemark>
<Placemark><name>Radar 40 km/h</name><description>Fonte: OSM</description><Point><coordinates>-50.384175,-25.876097,0</coordinates></Point></Placemark>
<Placemark><name>Radar</name><description>Fonte: OSM</description><Point><coordinates>-50.388008,-25.875620,0</coordinates></Point></Placemark>
<Placemark><name>Radar 60 km/h</name><description>Fonte: ANTT+OSM · sentido 83° (leste)</description><Point><coordinates>-49.486667,-25.875583,0</coordinates></Point></Placemark>
<Placemark><name>Radar 60 km/h</name><description>Fonte: ANTT · sentido 264° (oeste)</description><Point><coordinates>-49.485806,-25.875361,0</coordinates></Point></Placemark>
<Placemark><name>Radar 60 km/h</name><description>Fonte: ANTT · sentido 5° (norte)</description><Point><coordinates>-48.936300,-25.874900,0</coordinates></Point></Placemark>
<Placemark><name>Radar 60 km/h</name><description>Fonte: DNIT+OSM</description><Point><coordinates>-50.414487,-25.873265,0</coordinates></Point></Placemark>
<Placemark><name>Radar</name><description>Fonte: DNIT</description><Point><coordinates>-50.393836,-25.872388,0</coordinates></Point></Placemark>
<Placemark><name>Radar 40 km/h</name><description>Fonte: OSM</description><Point><coordinates>-50.394155,-25.872047,0</coordinates></Point></Placemark>
<Placemark><name>Radar</name><description>Fonte: DNIT+OSM</description><Point><coordinates>-50.403670,-25.870499,0</coordinates></Point></Placemark>
<Placemark><name>Radar 60 km/h</name><description>Fonte: OSM</description><Point><coordinates>-48.936343,-25.870428,0</coordinates></Point></Placemark>
<Placemark><name>Radar</name><description>Fonte: OSM</description><Point><coordinates>-50.402898,-25.870278,0</coordinates></Point></Placemark>
<Placemark><name>Radar 60 km/h</name><description>Fonte: ANTT · sentido 222° (sudoeste)</description><Point><coordinates>-48.934100,-25.869300,0</coordinates></Point></Placemark>
<Placemark><name>Radar 60 km/h</name><description>Fonte: ANTT · sentido 167° (sul)</description><Point><coordinates>-48.949139,-25.865283,0</coordinates></Point></Placemark>
<Placemark><name>Radar 60 km/h</name><description>Fonte: OSM</description><Point><coordinates>-48.938705,-25.864915,0</coordinates></Point></Placemark>
<Placemark><name>Radar 60 km/h</name><description>Fonte: ANTT+OSM</description><Point><coordinates>-48.942796,-25.863714,0</coordinates></Point></Placemark>
<Placemark><name>Radar 60 km/h</name><description>Fonte: ANTT · sentido 127° (sudeste)</description><Point><coordinates>-48.934800,-25.863700,0</coordinates></Point></Placemark>
<Placemark><name>Radar 60 km/h</name><description>Fonte: OSM</description><Point><coordinates>-49.399095,-25.863075,0</coordinates></Point></Placemark>
<Placemark><name>Radar 60 km/h</name><description>Fonte: OSM</description><Point><coordinates>-49.399437,-25.862987,0</coordinates></Point></Placemark>
<Placemark><name>Radar 60 km/h</name><description>Fonte: ANTT · sentido 24° (nordeste)</description><Point><coordinates>-49.362000,-25.862750,0</coordinates></Point></Placemark>
<Placemark><name>Radar 60 km/h</name><description>Fonte: ANTT · sentido 204° (sudoeste)</description><Point><coordinates>-49.361590,-25.861635,0</coordinates></Point></Placemark>
<Placemark><name>Radar 60 km/h</name><description>Fonte: ANTT · sentido 176° (sul)</description><Point><coordinates>-48.950722,-25.861556,0</coordinates></Point></Placemark>
<Placemark><name>Radar 60 km/h</name><description>Fonte: ANTT+OSM</description><Point><coordinates>-48.937593,-25.860241,0</coordinates></Point></Placemark>
<Placemark><name>Radar 60 km/h</name><description>Fonte: ANTT · sentido 160° (sul)</description><Point><coordinates>-48.951200,-25.858200,0</coordinates></Point></Placemark>
<Placemark><name>Radar 60 km/h</name><description>Fonte: ANTT</description><Point><coordinates>-48.950303,-25.855244,0</coordinates></Point></Placemark>
<Placemark><name>Radar 80 km/h</name><description>Fonte: ANTT+OSM · sentido 126° (sudeste)</description><Point><coordinates>-48.998167,-25.854778,0</coordinates></Point></Placemark>
<Placemark><name>Radar 60 km/h</name><description>Fonte: ANTT+OSM · sentido 268° (oeste)</description><Point><coordinates>-48.957811,-25.853983,0</coordinates></Point></Placemark>
<Placemark><name>Radar 80 km/h</name><description>Fonte: ANTT · sentido 279° (oeste)</description><Point><coordinates>-48.990817,-25.853436,0</coordinates></Point></Placemark>
<Placemark><name>Radar</name><description>Fonte: DNIT · sentido 322° (noroeste)</description><Point><coordinates>-53.747518,-25.851133,0</coordinates></Point></Placemark>
<Placemark><name>Radar 80 km/h</name><description>Fonte: ANTT+OSM · sentido 88° (leste)</description><Point><coordinates>-49.076610,-25.845293,0</coordinates></Point></Placemark>
<Placemark><name>Radar 60 km/h</name><description>Fonte: ANTT · sentido 289° (oeste)</description><Point><coordinates>-49.072600,-25.845100,0</coordinates></Point></Placemark>
<Placemark><name>Radar</name><description>Fonte: DNIT · sentido 226° (sudoeste)</description><Point><coordinates>-53.753836,-25.844606,0</coordinates></Point></Placemark>
<Placemark><name>Radar</name><description>Fonte: DNIT · sentido 160° (sul)</description><Point><coordinates>-50.836236,-25.842723,0</coordinates></Point></Placemark>
<Placemark><name>Radar 80 km/h</name><description>Fonte: ANTT+OSM · sentido 293° (noroeste)</description><Point><coordinates>-49.056146,-25.842214,0</coordinates></Point></Placemark>
<Placemark><name>Radar 80 km/h</name><description>Fonte: ANTT+OSM</description><Point><coordinates>-49.018358,-25.840074,0</coordinates></Point></Placemark>
<Placemark><name>Radar 80 km/h</name><description>Fonte: ANTT+OSM</description><Point><coordinates>-49.027230,-25.840020,0</coordinates></Point></Placemark>
<Placemark><name>Radar 60 km/h</name><description>Fonte: OSM</description><Point><coordinates>-49.326523,-25.787001,0</coordinates></Point></Placemark>
<Placemark><name>Radar 60 km/h</name><description>Fonte: DNIT+OSM</description><Point><coordinates>-49.847030,-25.785570,0</coordinates></Point></Placemark>
<Placemark><name>Radar 60 km/h</name><description>Fonte: ANTT+OSM · sentido 11° (norte)</description><Point><coordinates>-49.324472,-25.778139,0</coordinates></Point></Placemark>
<Placemark><name>Radar 60 km/h</name><description>Fonte: OSM</description><Point><coordinates>-49.324221,-25.776507,0</coordinates></Point></Placemark>
<Placemark><name>Radar</name><description>Fonte: DNIT</description><Point><coordinates>-49.765571,-25.775500,0</coordinates></Point></Placemark>
<Placemark><name>Radar</name><description>Fonte: OSM</description><Point><coordinates>-49.765977,-25.775469,0</coordinates></Point></Placemark>
<Placemark><name>Radar 60 km/h</name><description>Fonte: ANTT · sentido 192° (sul)</description><Point><coordinates>-49.324028,-25.775444,0</coordinates></Point></Placemark>
<Placemark><name>Radar</name><description>Fonte: OSM</description><Point><coordinates>-49.764645,-25.775326,0</coordinates></Point></Placemark>
<Placemark><name>Radar</name><description>Fonte: DNIT</description><Point><coordinates>-52.255282,-25.763986,0</coordinates></Point></Placemark>
<Placemark><name>Radar 60 km/h</name><description>Fonte: INMETRO</description><Point><coordinates>-53.063012,-25.760200,0</coordinates></Point></Placemark>
<Placemark><name>Radar 50 km/h</name><description>Fonte: INMETRO</description><Point><coordinates>-53.061845,-25.755335,0</coordinates></Point></Placemark>
<Placemark><name>Radar 60 km/h</name><description>Fonte: ANTT</description><Point><coordinates>-49.721871,-25.749979,0</coordinates></Point></Placemark>
<Placemark><name>Radar</name><description>Fonte: OSM</description><Point><coordinates>-49.721244,-25.749463,0</coordinates></Point></Placemark>
<Placemark><name>Radar</name><description>Fonte: OSM</description><Point><coordinates>-49.720211,-25.748551,0</coordinates></Point></Placemark>
<Placemark><name>Radar 50 km/h</name><description>Fonte: INMETRO</description><Point><coordinates>-53.074298,-25.744098,0</coordinates></Point></Placemark>
<Placemark><name>Radar 50 km/h</name><description>Fonte: INMETRO</description><Point><coordinates>-53.060834,-25.741389,0</coordinates></Point></Placemark>
<Placemark><name>Radar 40 km/h</name><description>Fonte: INMETRO</description><Point><coordinates>-53.057446,-25.739671,0</coordinates></Point></Placemark>
<Placemark><name>Radar</name><description>Fonte: DNIT</description><Point><coordinates>-50.802063,-25.737457,0</coordinates></Point></Placemark>
<Placemark><name>Radar</name><description>Fonte: DNIT</description><Point><coordinates>-52.224246,-25.734380,0</coordinates></Point></Placemark>
<Placemark><name>Radar 50 km/h</name><description>Fonte: INMETRO</description><Point><coordinates>-53.060991,-25.733622,0</coordinates></Point></Placemark>
<Placemark><name>Radar</name><description>Fonte: DNIT</description><Point><coordinates>-50.783456,-25.706194,0</coordinates></Point></Placemark>
<Placemark><name>Radar 40 km/h</name><description>Fonte: OSM</description><Point><coordinates>-54.477018,-25.690274,0</coordinates></Point></Placemark>
<Placemark><name>Radar</name><description>Fonte: DNIT</description><Point><coordinates>-53.789232,-25.686022,0</coordinates></Point></Placemark>
<Placemark><name>Radar 80 km/h</name><description>Fonte: ANTT · sentido 193° (sul)</description><Point><coordinates>-49.313730,-25.663200,0</coordinates></Point></Placemark>
<Placemark><name>Radar 60 km/h</name><description>Fonte: ANTT · sentido 357° (norte)</description><Point><coordinates>-49.312403,-25.648147,0</coordinates></Point></Placemark>
<Placemark><name>Radar 60 km/h</name><description>Fonte: OSM</description><Point><coordinates>-49.476253,-25.648079,0</coordinates></Point></Placemark>
<Placemark><name>Radar</name><description>Fonte: OSM</description><Point><coordinates>-49.469977,-25.639866,0</coordinates></Point></Placemark>
<Placemark><name>Radar 60 km/h</name><description>Fonte: ANTT · sentido 357° (norte)</description><Point><coordinates>-49.313000,-25.639000,0</coordinates></Point></Placemark>
<Placemark><name>Radar 60 km/h</name><description>Fonte: ANTT · sentido 177° (sul)</description><Point><coordinates>-49.313386,-25.635252,0</coordinates></Point></Placemark>
<Placemark><name>Radar</name><description>Fonte: DNIT</description><Point><coordinates>-50.711017,-25.624939,0</coordinates></Point></Placemark>
<Placemark><name>Radar</name><description>Fonte: OSM</description><Point><coordinates>-49.439365,-25.618798,0</coordinates></Point></Placemark>
<Placemark><name>Radar 60 km/h</name><description>Fonte: ANTT</description><Point><coordinates>-49.438396,-25.618586,0</coordinates></Point></Placemark>
<Placemark><name>Radar</name><description>Fonte: OSM</description><Point><coordinates>-49.438029,-25.618506,0</coordinates></Point></Placemark>
<Placemark><name>Radar 60 km/h</name><description>Fonte: ANTT+OSM</description><Point><coordinates>-49.436403,-25.618299,0</coordinates></Point></Placemark>
<Placemark><name>Radar</name><description>Fonte: OSM</description><Point><coordinates>-49.435229,-25.617908,0</coordinates></Point></Placemark>
<Placemark><name>Radar</name><description>Fonte: OSM</description><Point><coordinates>-49.432354,-25.617299,0</coordinates></Point></Placemark>
<Placemark><name>Radar 60 km/h</name><description>Fonte: ANTT</description><Point><coordinates>-49.431537,-25.617131,0</coordinates></Point></Placemark>
<Placemark><name>Radar</name><description>Fonte: OSM</description><Point><coordinates>-49.431161,-25.617042,0</coordinates></Point></Placemark>
<Placemark><name>Radar 60 km/h</name><description>Fonte: ANTT</description><Point><coordinates>-49.430203,-25.616867,0</coordinates></Point></Placemark>
<Placemark><name>Radar</name><description>Fonte: OSM</description><Point><coordinates>-49.429624,-25.616700,0</coordinates></Point></Placemark>
<Placemark><name>Radar 60 km/h</name><description>Fonte: ANTT · sentido 76° (leste)</description><Point><coordinates>-49.428861,-25.616548,0</coordinates></Point></Placemark>
<Placemark><name>Radar</name><description>Fonte: OSM</description><Point><coordinates>-49.427192,-25.615928,0</coordinates></Point></Placemark>
<Placemark><name>Radar 80 km/h</name><description>Fonte: ANTT · sentido 346° (norte)</description><Point><coordinates>-49.318333,-25.612833,0</coordinates></Point></Placemark>
<Placemark><name>Radar</name><description>Fonte: DNIT</description><Point><coordinates>-50.701289,-25.611072,0</coordinates></Point></Placemark>
<Placemark><name>Radar</name><description>Fonte: OSM</description><Point><coordinates>-49.422703,-25.610007,0</coordinates></Point></Placemark>
<Placemark><name>Radar</name><description>Fonte: OSM</description><Point><coordinates>-49.422570,-25.609400,0</coordinates></Point></Placemark>
<Placemark><name>Radar 80 km/h</name><description>Fonte: ANTT · sentido 191° (sul)</description><Point><coordinates>-49.318000,-25.601000,0</coordinates></Point></Placemark>
<Placemark><name>Radar 80 km/h</name><description>Fonte: OSM</description><Point><coordinates>-48.899112,-25.596190,0</coordinates></Point></Placemark>
<Placemark><name>Radar</name><description>Fonte: OSM</description><Point><coordinates>-48.896361,-25.593750,0</coordinates></Point></Placemark>
<Placemark><name>Radar</name><description>Fonte: OSM</description><Point><coordinates>-49.414047,-25.593201,0</coordinates></Point></Placemark>
<Placemark><name>Radar 80 km/h</name><description>Fonte: ANTT · sentido 11° (norte)</description><Point><coordinates>-49.315240,-25.591550,0</coordinates></Point></Placemark>
<Placemark><name>Radar 80 km/h</name><description>Fonte: OSM</description><Point><coordinates>-48.874357,-25.590469,0</coordinates></Point></Placemark>
<Placemark><name>Radar 60 km/h</name><description>Fonte: OSM</description><Point><coordinates>-49.407984,-25.589102,0</coordinates></Point></Placemark>
<Placemark><name>Radar</name><description>Fonte: OSM</description><Point><coordinates>-48.945448,-25.588401,0</coordinates></Point></Placemark>
<Placemark><name>Radar 80 km/h</name><description>Fonte: ANTT · sentido 327° (noroeste)</description><Point><coordinates>-48.876400,-25.584600,0</coordinates></Point></Placemark>
<Placemark><name>Radar 80 km/h</name><description>Fonte: OSM</description><Point><coordinates>-48.877433,-25.583403,0</coordinates></Point></Placemark>
<Placemark><name>Radar 60 km/h</name><description>Fonte: INMETRO+OSM</description><Point><coordinates>-54.565247,-25.577004,0</coordinates></Point></Placemark>
<Placemark><name>Radar 60 km/h</name><description>Fonte: OSM</description><Point><coordinates>-54.565161,-25.576911,0</coordinates></Point></Placemark>
<Placemark><name>Radar 60 km/h</name><description>Fonte: OSM</description><Point><coordinates>-49.391186,-25.576402,0</coordinates></Point></Placemark>
<Placemark><name>Radar 60 km/h</name><description>Fonte: OSM</description><Point><coordinates>-49.390587,-25.575830,0</coordinates></Point></Placemark>
<Placemark><name>Radar 80 km/h</name><description>Fonte: OSM</description><Point><coordinates>-48.857539,-25.575074,0</coordinates></Point></Placemark>
<Placemark><name>Radar 60 km/h</name><description>Fonte: ANTT · sentido 191° (sul)</description><Point><coordinates>-49.311944,-25.574639,0</coordinates></Point></Placemark>
<Placemark><name>Radar 60 km/h</name><description>Fonte: OSM</description><Point><coordinates>-49.311762,-25.574241,0</coordinates></Point></Placemark>
<Placemark><name>Radar 80 km/h</name><description>Fonte: OSM</description><Point><coordinates>-48.830698,-25.573859,0</coordinates></Point></Placemark>
<Placemark><name>Radar 80 km/h</name><description>Fonte: ANTT · sentido 112° (leste)</description><Point><coordinates>-48.831300,-25.573700,0</coordinates></Point></Placemark>
<Placemark><name>Radar 60 km/h</name><description>Fonte: INMETRO</description><Point><coordinates>-49.171886,-25.571798,0</coordinates></Point></Placemark>
<Placemark><name>Radar 80 km/h</name><description>Fonte: ANTT · sentido 58° (nordeste)</description><Point><coordinates>-48.839700,-25.571300,0</coordinates></Point></Placemark>
<Placemark><name>Radar 80 km/h</name><description>Fonte: OSM</description><Point><coordinates>-48.815871,-25.571187,0</coordinates></Point></Placemark>
<Placemark><name>Radar 80 km/h</name><description>Fonte: OSM</description><Point><coordinates>-48.839430,-25.571074,0</coordinates></Point></Placemark>
<Placemark><name>Radar</name><description>Fonte: OSM</description><Point><coordinates>-49.384973,-25.570934,0</coordinates></Point></Placemark>
<Placemark><name>Radar</name><description>Fonte: DNIT</description><Point><coordinates>-52.053023,-25.570578,0</coordinates></Point></Placemark>
<Placemark><name>Radar 60 km/h</name><description>Fonte: ANTT · sentido 216° (sudoeste)</description><Point><coordinates>-49.384883,-25.570453,0</coordinates></Point></Placemark>
<Placemark><name>Radar</name><description>Fonte: OSM</description><Point><coordinates>-49.384408,-25.570077,0</coordinates></Point></Placemark>
<Placemark><name>Radar 60 km/h</name><description>Fonte: OSM</description><Point><coordinates>-49.383765,-25.569499,0</coordinates></Point></Placemark>
<Placemark><name>Radar 60 km/h</name><description>Fonte: OSM</description><Point><coordinates>-49.383865,-25.569440,0</coordinates></Point></Placemark>
<Placemark><name>Radar</name><description>Fonte: OSM</description><Point><coordinates>-48.813261,-25.568596,0</coordinates></Point></Placemark>
<Placemark><name>Radar 80 km/h</name><description>Fonte: ANTT+OSM · sentido 65° (nordeste)</description><Point><coordinates>-48.811800,-25.568100,0</coordinates></Point></Placemark>
<Placemark><name>Radar</name><description>Fonte: OSM</description><Point><coordinates>-48.613943,-25.567985,0</coordinates></Point></Placemark>
<Placemark><name>Radar 60 km/h</name><description>Fonte: ANTT · sentido 16° (norte)</description><Point><coordinates>-49.309389,-25.566500,0</coordinates></Point></Placemark>
<Placemark><name>Radar 50 km/h</name><description>Fonte: OSM</description><Point><coordinates>-52.049176,-25.565490,0</coordinates></Point></Placemark>
<Placemark><name>Radar 40 km/h</name><description>Fonte: OSM</description><Point><coordinates>-49.313353,-25.565342,0</coordinates></Point></Placemark>
<Placemark><name>Radar 40 km/h</name><description>Fonte: INMETRO+OSM</description><Point><coordinates>-49.313007,-25.564996,0</coordinates></Point></Placemark>
<Placemark><name>Radar 40 km/h</name><description>Fonte: INMETRO</description><Point><coordinates>-54.582161,-25.564501,0</coordinates></Point></Placemark>
<Placemark><name>Radar</name><description>Fonte: OSM</description><Point><coordinates>-48.635036,-25.563692,0</coordinates></Point></Placemark>
<Placemark><name>Radar 50 km/h</name><description>Fonte: INMETRO</description><Point><coordinates>-49.165734,-25.562063,0</coordinates></Point></Placemark>
<Placemark><name>Radar 50 km/h</name><description>Fonte: INMETRO</description><Point><coordinates>-49.213956,-25.560854,0</coordinates></Point></Placemark>
<Placemark><name>Radar 80 km/h</name><description>Fonte: ANTT+OSM · sentido 297° (noroeste)</description><Point><coordinates>-48.813900,-25.560200,0</coordinates></Point></Placemark>
<Placemark><name>Radar 40 km/h</name><description>Fonte: ANTT</description><Point><coordinates>-48.582300,-25.560100,0</coordinates></Point></Placemark>
<Placemark><name>Radar 50 km/h</name><description>Fonte: INMETRO</description><Point><coordinates>-54.564528,-25.560091,0</coordinates></Point></Placemark>
<Placemark><name>Radar 60 km/h</name><description>Fonte: OSM</description><Point><coordinates>-54.563513,-25.557721,0</coordinates></Point></Placemark>
<Placemark><name>Radar 60 km/h</name><description>Fonte: INMETRO</description><Point><coordinates>-54.581553,-25.557684,0</coordinates></Point></Placemark>
<Placemark><name>Radar 60 km/h</name><description>Fonte: OSM</description><Point><coordinates>-49.349540,-25.557228,0</coordinates></Point></Placemark>
<Placemark><name>Radar 60 km/h</name><description>Fonte: OSM</description><Point><coordinates>-49.349631,-25.557148,0</coordinates></Point></Placemark>
<Placemark><name>Radar 60 km/h</name><description>Fonte: INMETRO</description><Point><coordinates>-54.564180,-25.556458,0</coordinates></Point></Placemark>
<Placemark><name>Radar 60 km/h</name><description>Fonte: OSM</description><Point><coordinates>-54.566294,-25.555215,0</coordinates></Point></Placemark>
<Placemark><name>Radar 60 km/h</name><description>Fonte: OSM</description><Point><coordinates>-49.339577,-25.554710,0</coordinates></Point></Placemark>
<Placemark><name>Radar 60 km/h</name><description>Fonte: OSM</description><Point><coordinates>-49.336785,-25.553661,0</coordinates></Point></Placemark>
<Placemark><name>Radar 60 km/h</name><description>Fonte: OSM</description><Point><coordinates>-49.335767,-25.553176,0</coordinates></Point></Placemark>
<Placemark><name>Radar 50 km/h</name><description>Fonte: INMETRO+OSM</description><Point><coordinates>-54.578837,-25.551521,0</coordinates></Point></Placemark>
<Placemark><name>Radar 50 km/h</name><description>Fonte: OSM</description><Point><coordinates>-49.186440,-25.550310,0</coordinates></Point></Placemark>
<Placemark><name>Radar 40 km/h</name><description>Fonte: INMETRO</description><Point><coordinates>-54.578626,-25.550225,0</coordinates></Point></Placemark>
<Placemark><name>Radar 40 km/h</name><description>Fonte: INMETRO+OSM</description><Point><coordinates>-54.573657,-25.550165,0</coordinates></Point></Placemark>
<Placemark><name>Radar 50 km/h</name><description>Fonte: OSM</description><Point><coordinates>-49.185933,-25.550164,0</coordinates></Point></Placemark>
<Placemark><name>Radar 60 km/h</name><description>Fonte: INMETRO</description><Point><coordinates>-54.546113,-25.549084,0</coordinates></Point></Placemark>
<Placemark><name>Radar 60 km/h</name><description>Fonte: ANTT</description><Point><coordinates>-48.548400,-25.548900,0</coordinates></Point></Placemark>
<Placemark><name>Radar 50 km/h</name><description>Fonte: INMETRO</description><Point><coordinates>-49.203935,-25.548303,0</coordinates></Point></Placemark>
<Placemark><name>Radar 80 km/h</name><description>Fonte: ANTT · sentido 67° (nordeste)</description><Point><coordinates>-49.320949,-25.547679,0</coordinates></Point></Placemark>
<Placemark><name>Radar 80 km/h</name><description>Fonte: ANTT+OSM · sentido 247° (sudoeste)</description><Point><coordinates>-49.321222,-25.547672,0</coordinates></Point></Placemark>
<Placemark><name>Radar 40 km/h</name><description>Fonte: INMETRO+OSM</description><Point><coordinates>-54.573318,-25.547444,0</coordinates></Point></Placemark>
<Placemark><name>Radar</name><description>Fonte: OSM</description><Point><coordinates>-49.320154,-25.547214,0</coordinates></Point></Placemark>
<Placemark><name>Radar 60 km/h</name><description>Fonte: INMETRO</description><Point><coordinates>-54.580850,-25.546693,0</coordinates></Point></Placemark>
<Placemark><name>Radar 60 km/h</name><description>Fonte: INMETRO+OSM</description><Point><coordinates>-54.576373,-25.544801,0</coordinates></Point></Placemark>
<Placemark><name>Radar 50 km/h</name><description>Fonte: INMETRO+OSM</description><Point><coordinates>-49.197603,-25.540358,0</coordinates></Point></Placemark>
<Placemark><name>Radar 40 km/h</name><description>Fonte: INMETRO</description><Point><coordinates>-54.578399,-25.539870,0</coordinates></Point></Placemark>
<Placemark><name>Radar 40 km/h</name><description>Fonte: INMETRO+OSM</description><Point><coordinates>-54.580393,-25.539502,0</coordinates></Point></Placemark>
<Placemark><name>Radar 70 km/h</name><description>Fonte: OSM</description><Point><coordinates>-49.302004,-25.539189,0</coordinates></Point></Placemark>
<Placemark><name>Radar 40 km/h</name><description>Fonte: OSM</description><Point><coordinates>-49.207773,-25.537758,0</coordinates></Point></Placemark>
<Placemark><name>Radar 40 km/h</name><description>Fonte: INMETRO+OSM</description><Point><coordinates>-49.207334,-25.537557,0</coordinates></Point></Placemark>
<Placemark><name>Radar 60 km/h</name><description>Fonte: OSM</description><Point><coordinates>-49.183021,-25.537506,0</coordinates></Point></Placemark>
<Placemark><name>Radar 60 km/h</name><description>Fonte: OSM</description><Point><coordinates>-49.313978,-25.537501,0</coordinates></Point></Placemark>
<Placemark><name>Radar 60 km/h</name><description>Fonte: OSM</description><Point><coordinates>-49.313816,-25.537373,0</coordinates></Point></Placemark>
<Placemark><name>Radar 40 km/h</name><description>Fonte: INMETRO</description><Point><coordinates>-54.580353,-25.537278,0</coordinates></Point></Placemark>
<Placemark><name>Radar 50 km/h</name><description>Fonte: INMETRO+OSM</description><Point><coordinates>-49.200979,-25.536820,0</coordinates></Point></Placemark>
<Placemark><name>Radar 50 km/h</name><description>Fonte: OSM</description><Point><coordinates>-49.201171,-25.536596,0</coordinates></Point></Placemark>
<Placemark><name>Radar 50 km/h</name><description>Fonte: OSM</description><Point><coordinates>-49.200983,-25.536577,0</coordinates></Point></Placemark>
<Placemark><name>Radar 50 km/h</name><description>Fonte: OSM</description><Point><coordinates>-49.188198,-25.536008,0</coordinates></Point></Placemark>
<Placemark><name>Radar 60 km/h</name><description>Fonte: OSM</description><Point><coordinates>-49.192357,-25.535374,0</coordinates></Point></Placemark>
<Placemark><name>Radar 60 km/h</name><description>Fonte: INMETRO+OSM</description><Point><coordinates>-54.565136,-25.534886,0</coordinates></Point></Placemark>
<Placemark><name>Radar 60 km/h</name><description>Fonte: INMETRO</description><Point><coordinates>-54.587067,-25.534732,0</coordinates></Point></Placemark>
<Placemark><name>Radar 60 km/h</name><description>Fonte: OSM</description><Point><coordinates>-54.575787,-25.534096,0</coordinates></Point></Placemark>
<Placemark><name>Radar 60 km/h</name><description>Fonte: INMETRO</description><Point><coordinates>-54.574386,-25.533411,0</coordinates></Point></Placemark>
<Placemark><name>Radar 50 km/h</name><description>Fonte: INMETRO</description><Point><coordinates>-49.297303,-25.531897,0</coordinates></Point></Placemark>
<Placemark><name>Radar 50 km/h</name><description>Fonte: OSM</description><Point><coordinates>-49.199930,-25.531015,0</coordinates></Point></Placemark>
<Placemark><name>Radar 50 km/h</name><description>Fonte: OSM</description><Point><coordinates>-49.200679,-25.530778,0</coordinates></Point></Placemark>
<Placemark><name>Radar 50 km/h</name><description>Fonte: OSM</description><Point><coordinates>-49.214432,-25.530527,0</coordinates></Point></Placemark>
<Placemark><name>Radar 50 km/h</name><description>Fonte: INMETRO+OSM</description><Point><coordinates>-49.215848,-25.530079,0</coordinates></Point></Placemark>
<Placemark><name>Radar</name><description>Fonte: OSM</description><Point><coordinates>-49.294435,-25.529888,0</coordinates></Point></Placemark>
<Placemark><name>Radar 60 km/h</name><description>Fonte: INMETRO</description><Point><coordinates>-54.586314,-25.529295,0</coordinates></Point></Placemark>
<Placemark><name>Radar 60 km/h</name><description>Fonte: ANTT · sentido 19° (norte)</description><Point><coordinates>-48.547900,-25.529000,0</coordinates></Point></Placemark>
<Placemark><name>Radar 60 km/h</name><description>Fonte: OSM</description><Point><coordinates>-50.653445,-25.528466,0</coordinates></Point></Placemark>
<Placemark><name>Radar 60 km/h</name><description>Fonte: INMETRO</description><Point><coordinates>-54.568331,-25.527988,0</coordinates></Point></Placemark>
<Placemark><name>Radar 40 km/h</name><description>Fonte: ANTT · sentido 190° (sul)</description><Point><coordinates>-48.547700,-25.527500,0</coordinates></Point></Placemark>
<Placemark><name>Radar 60 km/h</name><description>Fonte: OSM</description><Point><coordinates>-54.586522,-25.527191,0</coordinates></Point></Placemark>
<Placemark><name>Radar 60 km/h</name><description>Fonte: OSM</description><Point><coordinates>-54.586827,-25.527153,0</coordinates></Point></Placemark>
<Placemark><name>Radar 60 km/h</name><description>Fonte: OSM</description><Point><coordinates>-54.567486,-25.527066,0</coordinates></Point></Placemark>
<Placemark><name>Radar 70 km/h</name><description>Fonte: OSM</description><Point><coordinates>-49.196805,-25.527002,0</coordinates></Point></Placemark>
<Placemark><name>Radar 60 km/h</name><description>Fonte: OSM</description><Point><coordinates>-54.575643,-25.526958,0</coordinates></Point></Placemark>
<Placemark><name>Radar 70 km/h</name><description>Fonte: OSM</description><Point><coordinates>-49.297761,-25.526933,0</coordinates></Point></Placemark>
<Placemark><name>Radar 60 km/h</name><description>Fonte: OSM</description><Point><coordinates>-49.329336,-25.526645,0</coordinates></Point></Placemark>
<Placemark><name>Radar 60 km/h</name><description>Fonte: OSM</description><Point><coordinates>-49.329858,-25.526368,0</coordinates></Point></Placemark>
<Placemark><name>Radar 70 km/h</name><description>Fonte: OSM</description><Point><coordinates>-49.197178,-25.526355,0</coordinates></Point></Placemark>
<Placemark><name>Radar 40 km/h</name><description>Fonte: INMETRO+OSM</description><Point><coordinates>-49.201156,-25.525224,0</coordinates></Point></Placemark>
<Placemark><name>Radar 50 km/h</name><description>Fonte: INMETRO</description><Point><coordinates>-49.189723,-25.524948,0</coordinates></Point></Placemark>
<Placemark><name>Radar 50 km/h</name><description>Fonte: INMETRO</description><Point><coordinates>-49.189242,-25.524437,0</coordinates></Point></Placemark>
<Placemark><name>Radar 40 km/h</name><description>Fonte: INMETRO+OSM</description><Point><coordinates>-49.200978,-25.524435,0</coordinates></Point></Placemark>
<Placemark><name>Radar 70 km/h</name><description>Fonte: OSM</description><Point><coordinates>-49.296405,-25.524329,0</coordinates></Point></Placemark>
<Placemark><name>Radar 60 km/h</name><description>Fonte: OSM</description><Point><coordinates>-49.297067,-25.522563,0</coordinates></Point></Placemark>
<Placemark><name>Radar 60 km/h</name><description>Fonte: OSM</description><Point><coordinates>-54.562136,-25.522252,0</coordinates></Point></Placemark>
<Placemark><name>Radar 50 km/h</name><description>Fonte: INMETRO</description><Point><coordinates>-54.545328,-25.522232,0</coordinates></Point></Placemark>
<Placemark><name>Radar 70 km/h</name><description>Fonte: INMETRO+OSM</description><Point><coordinates>-49.198462,-25.522158,0</coordinates></Point></Placemark>
<Placemark><name>Radar 60 km/h</name><description>Fonte: INMETRO+OSM</description><Point><coordinates>-54.561688,-25.521718,0</coordinates></Point></Placemark>
<Placemark><name>Radar 50 km/h</name><description>Fonte: OSM</description><Point><coordinates>-49.227651,-25.521572,0</coordinates></Point></Placemark>
<Placemark><name>Radar 70 km/h</name><description>Fonte: OSM</description><Point><coordinates>-49.198817,-25.521528,0</coordinates></Point></Placemark>
<Placemark><name>Radar 50 km/h</name><description>Fonte: OSM</description><Point><coordinates>-49.228028,-25.521247,0</coordinates></Point></Placemark>
<Placemark><name>Radar</name><description>Fonte: DNIT</description><Point><coordinates>-50.654191,-25.521049,0</coordinates></Point></Placemark>
<Placemark><name>Radar 50 km/h</name><description>Fonte: OSM</description><Point><coordinates>-49.198673,-25.520898,0</coordinates></Point></Placemark>
<Placemark><name>Radar</name><description>Fonte: OSM</description><Point><coordinates>-48.543751,-25.519852,0</coordinates></Point></Placemark>
<Placemark><name>Radar 50 km/h</name><description>Fonte: INMETRO</description><Point><coordinates>-49.162070,-25.519827,0</coordinates></Point></Placemark>
<Placemark><name>Radar</name><description>Fonte: OSM</description><Point><coordinates>-49.306665,-25.519771,0</coordinates></Point></Placemark>
<Placemark><name>Radar 60 km/h</name><description>Fonte: INMETRO+OSM</description><Point><coordinates>-54.585185,-25.516816,0</coordinates></Point></Placemark>
<Placemark><name>Radar</name><description>Fonte: OSM</description><Point><coordinates>-50.654166,-25.515372,0</coordinates></Point></Placemark>
<Placemark><name>Radar 70 km/h</name><description>Fonte: OSM</description><Point><coordinates>-49.201141,-25.514673,0</coordinates></Point></Placemark>
<Placemark><name>Radar 50 km/h</name><description>Fonte: OSM</description><Point><coordinates>-49.231285,-25.514136,0</coordinates></Point></Placemark>
<Placemark><name>Radar 70 km/h</name><description>Fonte: OSM</description><Point><coordinates>-49.201578,-25.514087,0</coordinates></Point></Placemark>
<Placemark><name>Radar 50 km/h</name><description>Fonte: OSM</description><Point><coordinates>-49.231485,-25.514021,0</coordinates></Point></Placemark>
<Placemark><name>Radar 50 km/h</name><description>Fonte: INMETRO+OSM</description><Point><coordinates>-49.231363,-25.513977,0</coordinates></Point></Placemark>
<Placemark><name>Radar 60 km/h</name><description>Fonte: INMETRO+OSM</description><Point><coordinates>-54.585161,-25.513272,0</coordinates></Point></Placemark>
<Placemark><name>Radar 50 km/h</name><description>Fonte: INMETRO</description><Point><coordinates>-49.179156,-25.512958,0</coordinates></Point></Placemark>
<Placemark><name>Radar 50 km/h</name><description>Fonte: INMETRO</description><Point><coordinates>-49.178720,-25.512800,0</coordinates></Point></Placemark>
<Placemark><name>Radar 50 km/h</name><description>Fonte: INMETRO</description><Point><coordinates>-49.259628,-25.512231,0</coordinates></Point></Placemark>
<Placemark><name>Radar 50 km/h</name><description>Fonte: INMETRO</description><Point><coordinates>-49.332948,-25.511806,0</coordinates></Point></Placemark>
<Placemark><name>Radar 50 km/h</name><description>Fonte: OSM</description><Point><coordinates>-49.203063,-25.511541,0</coordinates></Point></Placemark>
<Placemark><name>Radar 60 km/h</name><description>Fonte: ANTT · sentido 93° (leste)</description><Point><coordinates>-54.565539,-25.510292,0</coordinates></Point></Placemark>
<Placemark><name>Radar 60 km/h</name><description>Fonte: OSM</description><Point><coordinates>-54.566006,-25.510174,0</coordinates></Point></Placemark>
<Placemark><name>Radar 60 km/h</name><description>Fonte: ANTT · sentido 93° (leste)</description><Point><coordinates>-54.565534,-25.510174,0</coordinates></Point></Placemark>
<Placemark><name>Radar 60 km/h</name><description>Fonte: OSM</description><Point><coordinates>-49.544958,-25.509726,0</coordinates></Point></Placemark>
<Placemark><name>Radar 60 km/h</name><description>Fonte: OSM</description><Point><coordinates>-49.294068,-25.509699,0</coordinates></Point></Placemark>
<Placemark><name>Radar 50 km/h</name><description>Fonte: OSM</description><Point><coordinates>-54.584585,-25.509622,0</coordinates></Point></Placemark>
<Placemark><name>Radar 50 km/h</name><description>Fonte: OSM</description><Point><coordinates>-54.584811,-25.509041,0</coordinates></Point></Placemark>
<Placemark><name>Radar 40 km/h</name><description>Fonte: OSM</description><Point><coordinates>-49.218527,-25.508903,0</coordinates></Point></Placemark>
<Placemark><name>Radar 70 km/h</name><description>Fonte: OSM</description><Point><coordinates>-49.204178,-25.508027,0</coordinates></Point></Placemark>
<Placemark><name>Radar 50 km/h</name><description>Fonte: INMETRO</description><Point><coordinates>-49.172629,-25.507086,0</coordinates></Point></Placemark>
<Placemark><name>Radar 40 km/h</name><description>Fonte: OSM</description><Point><coordinates>-54.590958,-25.506647,0</coordinates></Point></Placemark>
<Placemark><name>Radar 60 km/h</name><description>Fonte: OSM</description><Point><coordinates>-49.297436,-25.505788,0</coordinates></Point></Placemark>
<Placemark><name>Radar 70 km/h</name><description>Fonte: OSM</description><Point><coordinates>-49.206098,-25.505598,0</coordinates></Point></Placemark>
<Placemark><name>Radar 70 km/h</name><description>Fonte: OSM</description><Point><coordinates>-49.205713,-25.505536,0</coordinates></Point></Placemark>
<Placemark><name>Radar 60 km/h</name><description>Fonte: INMETRO</description><Point><coordinates>-49.294121,-25.504736,0</coordinates></Point></Placemark>
<Placemark><name>Radar 50 km/h</name><description>Fonte: INMETRO</description><Point><coordinates>-49.315041,-25.503647,0</coordinates></Point></Placemark>
<Placemark><name>Radar 40 km/h</name><description>Fonte: OSM</description><Point><coordinates>-54.559869,-25.503036,0</coordinates></Point></Placemark>
<Placemark><name>Radar 70 km/h</name><description>Fonte: OSM</description><Point><coordinates>-49.280134,-25.501663,0</coordinates></Point></Placemark>
<Placemark><name>Radar</name><description>Fonte: OSM</description><Point><coordinates>-49.279709,-25.500806,0</coordinates></Point></Placemark>
<Placemark><name>Radar</name><description>Fonte: OSM</description><Point><coordinates>-50.649258,-25.500746,0</coordinates></Point></Placemark>
<Placemark><name>Radar 70 km/h</name><description>Fonte: OSM</description><Point><coordinates>-49.209821,-25.499201,0</coordinates></Point></Placemark>
<Placemark><name>Radar 60 km/h</name><description>Fonte: OSM</description><Point><coordinates>-49.297364,-25.498670,0</coordinates></Point></Placemark>
<Placemark><name>Radar 60 km/h</name><description>Fonte: ANTT+OSM · sentido 244° (sudoeste)</description><Point><coordinates>-54.529423,-25.498613,0</coordinates></Point></Placemark>
<Placemark><name>Radar 60 km/h</name><description>Fonte: ANTT · sentido 244° (sudoeste)</description><Point><coordinates>-54.529488,-25.498502,0</coordinates></Point></Placemark>
<Placemark><name>Radar 40 km/h</name><description>Fonte: OSM</description><Point><coordinates>-49.267648,-25.498499,0</coordinates></Point></Placemark>
<Placemark><name>Radar 40 km/h</name><description>Fonte: OSM</description><Point><coordinates>-49.299828,-25.498139,0</coordinates></Point></Placemark>
<Placemark><name>Radar 70 km/h</name><description>Fonte: OSM</description><Point><coordinates>-49.276515,-25.496525,0</coordinates></Point></Placemark>
<Placemark><name>Radar 40 km/h</name><description>Fonte: OSM</description><Point><coordinates>-49.296232,-25.496490,0</coordinates></Point></Placemark>
<Placemark><name>Radar 70 km/h</name><description>Fonte: OSM</description><Point><coordinates>-49.275563,-25.496240,0</coordinates></Point></Placemark>
<Placemark><name>Radar 70 km/h</name><description>Fonte: OSM</description><Point><coordinates>-49.275472,-25.496202,0</coordinates></Point></Placemark>
<Placemark><name>Radar 60 km/h</name><description>Fonte: OSM</description><Point><coordinates>-49.342897,-25.495902,0</coordinates></Point></Placemark>
<Placemark><name>Radar 60 km/h</name><description>Fonte: OSM</description><Point><coordinates>-49.343146,-25.495743,0</coordinates></Point></Placemark>
<Placemark><name>Radar 70 km/h</name><description>Fonte: OSM</description><Point><coordinates>-49.212211,-25.495557,0</coordinates></Point></Placemark>
<Placemark><name>Radar 70 km/h</name><description>Fonte: OSM</description><Point><coordinates>-49.212457,-25.495464,0</coordinates></Point></Placemark>
<Placemark><name>Radar 50 km/h</name><description>Fonte: OSM</description><Point><coordinates>-49.277406,-25.495235,0</coordinates></Point></Placemark>
<Placemark><name>Radar 50 km/h</name><description>Fonte: INMETRO</description><Point><coordinates>-54.541261,-25.494778,0</coordinates></Point></Placemark>
<Placemark><name>Radar</name><description>Fonte: DNIT</description><Point><coordinates>-50.646212,-25.492093,0</coordinates></Point></Placemark>
<Placemark><name>Radar 50 km/h</name><description>Fonte: OSM</description><Point><coordinates>-49.215095,-25.492010,0</coordinates></Point></Placemark>
<Placemark><name>Radar 70 km/h</name><description>Fonte: OSM</description><Point><coordinates>-49.272156,-25.491956,0</coordinates></Point></Placemark>
<Placemark><name>Radar 70 km/h</name><description>Fonte: OSM</description><Point><coordinates>-49.214791,-25.491617,0</coordinates></Point></Placemark>
<Placemark><name>Radar 70 km/h</name><description>Fonte: OSM</description><Point><coordinates>-49.215263,-25.491456,0</coordinates></Point></Placemark>
<Placemark><name>Radar 70 km/h</name><description>Fonte: OSM</description><Point><coordinates>-49.271799,-25.491252,0</coordinates></Point></Placemark>
<Placemark><name>Radar 50 km/h</name><description>Fonte: OSM</description><Point><coordinates>-49.214875,-25.491200,0</coordinates></Point></Placemark>
<Placemark><name>Radar 50 km/h</name><description>Fonte: OSM</description><Point><coordinates>-54.561084,-25.489786,0</coordinates></Point></Placemark>
<Placemark><name>Radar 60 km/h</name><description>Fonte: OSM</description><Point><coordinates>-49.289414,-25.489679,0</coordinates></Point></Placemark>
<Placemark><name>Radar 60 km/h</name><description>Fonte: INMETRO+OSM</description><Point><coordinates>-54.557459,-25.488532,0</coordinates></Point></Placemark>
<Placemark><name>Radar 50 km/h</name><description>Fonte: INMETRO+OSM</description><Point><coordinates>-49.245447,-25.488003,0</coordinates></Point></Placemark>
<Placemark><name>Radar 60 km/h</name><description>Fonte: INMETRO+OSM</description><Point><coordinates>-49.292306,-25.487457,0</coordinates></Point></Placemark>
<Placemark><name>Radar 50 km/h</name><description>Fonte: INMETRO+OSM</description><Point><coordinates>-49.319148,-25.487115,0</coordinates></Point></Placemark>
<Placemark><name>Radar 50 km/h</name><description>Fonte: OSM</description><Point><coordinates>-49.319296,-25.487112,0</coordinates></Point></Placemark>
<Placemark><name>Radar 50 km/h</name><description>Fonte: OSM</description><Point><coordinates>-49.319385,-25.486840,0</coordinates></Point></Placemark>
<Placemark><name>Radar 50 km/h</name><description>Fonte: OSM</description><Point><coordinates>-49.319224,-25.486789,0</coordinates></Point></Placemark>
<Placemark><name>Radar 70 km/h</name><description>Fonte: OSM</description><Point><coordinates>-49.267088,-25.485942,0</coordinates></Point></Placemark>
<Placemark><name>Radar 60 km/h</name><description>Fonte: OSM</description><Point><coordinates>-49.267761,-25.485402,0</coordinates></Point></Placemark>
<Placemark><name>Radar 70 km/h</name><description>Fonte: OSM</description><Point><coordinates>-49.267515,-25.485373,0</coordinates></Point></Placemark>
<Placemark><name>Radar 50 km/h</name><description>Fonte: INMETRO+OSM</description><Point><coordinates>-49.247050,-25.484719,0</coordinates></Point></Placemark>
<Placemark><name>Radar 70 km/h</name><description>Fonte: OSM</description><Point><coordinates>-49.265940,-25.484488,0</coordinates></Point></Placemark>
<Placemark><name>Radar 50 km/h</name><description>Fonte: OSM</description><Point><coordinates>-49.244564,-25.484428,0</coordinates></Point></Placemark>
<Placemark><name>Radar 60 km/h</name><description>Fonte: OSM</description><Point><coordinates>-49.265608,-25.484374,0</coordinates></Point></Placemark>
<Placemark><name>Radar 60 km/h</name><description>Fonte: OSM</description><Point><coordinates>-49.265527,-25.484226,0</coordinates></Point></Placemark>
<Placemark><name>Radar 70 km/h</name><description>Fonte: OSM</description><Point><coordinates>-49.266548,-25.484186,0</coordinates></Point></Placemark>
<Placemark><name>Radar 60 km/h</name><description>Fonte: OSM</description><Point><coordinates>-49.295870,-25.484090,0</coordinates></Point></Placemark>
<Placemark><name>Radar 70 km/h</name><description>Fonte: OSM</description><Point><coordinates>-49.220739,-25.483447,0</coordinates></Point></Placemark>
<Placemark><name>Radar 70 km/h</name><description>Fonte: OSM</description><Point><coordinates>-49.220999,-25.483288,0</coordinates></Point></Placemark>
<Placemark><name>Radar 40 km/h</name><description>Fonte: OSM</description><Point><coordinates>-49.220839,-25.483274,0</coordinates></Point></Placemark>
<Placemark><name>Radar 70 km/h</name><description>Fonte: OSM</description><Point><coordinates>-49.221283,-25.483237,0</coordinates></Point></Placemark>
<Placemark><name>Radar 50 km/h</name><description>Fonte: OSM</description><Point><coordinates>-49.220748,-25.483212,0</coordinates></Point></Placemark>
<Placemark><name>Radar 50 km/h</name><description>Fonte: OSM</description><Point><coordinates>-49.220477,-25.483176,0</coordinates></Point></Placemark>
<Placemark><name>Radar 70 km/h</name><description>Fonte: OSM</description><Point><coordinates>-49.221486,-25.483036,0</coordinates></Point></Placemark>
<Placemark><name>Radar 60 km/h</name><description>Fonte: OSM</description><Point><coordinates>-49.291069,-25.482478,0</coordinates></Point></Placemark>
<Placemark><name>Radar 60 km/h</name><description>Fonte: OSM</description><Point><coordinates>-54.574852,-25.481701,0</coordinates></Point></Placemark>
<Placemark><name>Radar 40 km/h</name><description>Fonte: OSM</description><Point><coordinates>-49.315332,-25.480923,0</coordinates></Point></Placemark>
<Placemark><name>Radar 110 km/h</name><description>Fonte: OSM</description><Point><coordinates>-54.486192,-25.480512,0</coordinates></Point></Placemark>
<Placemark><name>Radar 40 km/h</name><description>Fonte: OSM</description><Point><coordinates>-49.315142,-25.480420,0</coordinates></Point></Placemark>
<Placemark><name>Radar 40 km/h</name><description>Fonte: OSM</description><Point><coordinates>-49.309325,-25.479560,0</coordinates></Point></Placemark>
<Placemark><name>Radar 60 km/h</name><description>Fonte: OSM</description><Point><coordinates>-49.279080,-25.479478,0</coordinates></Point></Placemark>
<Placemark><name>Radar 50 km/h</name><description>Fonte: INMETRO</description><Point><coordinates>-49.295779,-25.479414,0</coordinates></Point></Placemark>
<Placemark><name>Radar 60 km/h</name><description>Fonte: OSM</description><Point><coordinates>-49.646824,-25.478728,0</coordinates></Point></Placemark>
<Placemark><name>Radar 40 km/h</name><description>Fonte: OSM</description><Point><coordinates>-49.292016,-25.478113,0</coordinates></Point></Placemark>
<Placemark><name>Radar 50 km/h</name><description>Fonte: OSM</description><Point><coordinates>-49.292557,-25.478043,0</coordinates></Point></Placemark>
<Placemark><name>Radar 50 km/h</name><description>Fonte: OSM</description><Point><coordinates>-49.295418,-25.477920,0</coordinates></Point></Placemark>
<Placemark><name>Radar 50 km/h</name><description>Fonte: OSM</description><Point><coordinates>-49.295722,-25.477726,0</coordinates></Point></Placemark>
<Placemark><name>Radar 50 km/h</name><description>Fonte: OSM</description><Point><coordinates>-49.292302,-25.477486,0</coordinates></Point></Placemark>
<Placemark><name>Radar 50 km/h</name><description>Fonte: OSM</description><Point><coordinates>-49.291975,-25.477470,0</coordinates></Point></Placemark>
<Placemark><name>Radar 60 km/h</name><description>Fonte: DNIT+OSM</description><Point><coordinates>-50.639722,-25.477332,0</coordinates></Point></Placemark>
<Placemark><name>Radar 50 km/h</name><description>Fonte: OSM</description><Point><coordinates>-49.291860,-25.477310,0</coordinates></Point></Placemark>
<Placemark><name>Radar 50 km/h</name><description>Fonte: INMETRO</description><Point><coordinates>-49.308478,-25.477080,0</coordinates></Point></Placemark>
<Placemark><name>Radar 80 km/h</name><description>Fonte: OSM</description><Point><coordinates>-49.713941,-25.476363,0</coordinates></Point></Placemark>
<Placemark><name>Radar 70 km/h</name><description>Fonte: OSM</description><Point><coordinates>-49.258787,-25.475668,0</coordinates></Point></Placemark>
<Placemark><name>Radar 60 km/h</name><description>Fonte: ANTT · sentido 210° (sudoeste)</description><Point><coordinates>-53.588437,-25.475422,0</coordinates></Point></Placemark>
<Placemark><name>Radar 70 km/h</name><description>Fonte: OSM</description><Point><coordinates>-49.259199,-25.475124,0</coordinates></Point></Placemark>
<Placemark><name>Radar 60 km/h</name><description>Fonte: OSM</description><Point><coordinates>-49.259440,-25.475110,0</coordinates></Point></Placemark>
<Placemark><name>Radar 40 km/h</name><description>Fonte: OSM</description><Point><coordinates>-49.218369,-25.475071,0</coordinates></Point></Placemark>
<Placemark><name>Radar 70 km/h</name><description>Fonte: OSM</description><Point><coordinates>-49.257841,-25.474504,0</coordinates></Point></Placemark>
<Placemark><name>Radar 60 km/h</name><description>Fonte: OSM</description><Point><coordinates>-49.257609,-25.474484,0</coordinates></Point></Placemark>
<Placemark><name>Radar 40 km/h</name><description>Fonte: OSM</description><Point><coordinates>-49.239045,-25.474300,0</coordinates></Point></Placemark>
<Placemark><name>Radar 70 km/h</name><description>Fonte: OSM</description><Point><coordinates>-49.258319,-25.474039,0</coordinates></Point></Placemark>
<Placemark><name>Radar 60 km/h</name><description>Fonte: OSM</description><Point><coordinates>-49.637362,-25.474005,0</coordinates></Point></Placemark>
<Placemark><name>Radar 40 km/h</name><description>Fonte: OSM</description><Point><coordinates>-49.238631,-25.473620,0</coordinates></Point></Placemark>
<Placemark><name>Radar 60 km/h</name><description>Fonte: OSM</description><Point><coordinates>-49.252568,-25.473424,0</coordinates></Point></Placemark>
<Placemark><name>Radar 40 km/h</name><description>Fonte: OSM</description><Point><coordinates>-49.534337,-25.473210,0</coordinates></Point></Placemark>
<Placemark><name>Radar 70 km/h</name><description>Fonte: OSM</description><Point><coordinates>-49.228417,-25.473137,0</coordinates></Point></Placemark>
<Placemark><name>Radar 40 km/h</name><description>Fonte: INMETRO+OSM</description><Point><coordinates>-49.571221,-25.472887,0</coordinates></Point></Placemark>
<Placemark><name>Radar 60 km/h</name><description>Fonte: OSM</description><Point><coordinates>-49.897971,-25.472280,0</coordinates></Point></Placemark>
<Placemark><name>Radar 60 km/h</name><description>Fonte: OSM</description><Point><coordinates>-49.622925,-25.471808,0</coordinates></Point></Placemark>
<Placemark><name>Radar 70 km/h</name><description>Fonte: OSM</description><Point><coordinates>-49.229652,-25.471442,0</coordinates></Point></Placemark>
<Placemark><name>Radar 80 km/h</name><description>Fonte: OSM</description><Point><coordinates>-49.671044,-25.471294,0</coordinates></Point></Placemark>
<Placemark><name>Radar 60 km/h</name><description>Fonte: ANTT</description><Point><coordinates>-50.467598,-25.470968,0</coordinates></Point></Placemark>
<Placemark><name>Radar 80 km/h</name><description>Fonte: OSM</description><Point><coordinates>-50.321984,-25.470919,0</coordinates></Point></Placemark>
<Placemark><name>Radar 60 km/h</name><description>Fonte: ANTT+OSM</description><Point><coordinates>-50.470551,-25.470816,0</coordinates></Point></Placemark>
<Placemark><name>Radar 70 km/h</name><description>Fonte: OSM</description><Point><coordinates>-49.254916,-25.470745,0</coordinates></Point></Placemark>
<Placemark><name>Radar 50 km/h</name><description>Fonte: OSM</description><Point><coordinates>-49.254922,-25.470587,0</coordinates></Point></Placemark>
<Placemark><name>Radar 60 km/h</name><description>Fonte: OSM</description><Point><coordinates>-50.466551,-25.470526,0</coordinates></Point></Placemark>
<Placemark><name>Radar 70 km/h</name><description>Fonte: OSM</description><Point><coordinates>-49.230362,-25.470482,0</coordinates></Point></Placemark>
<Placemark><name>Radar 80 km/h</name><description>Fonte: ANTT+OSM</description><Point><coordinates>-49.600163,-25.470446,0</coordinates></Point></Placemark>
<Placemark><name>Radar 50 km/h</name><description>Fonte: OSM</description><Point><coordinates>-49.254941,-25.470340,0</coordinates></Point></Placemark>
<Placemark><name>Radar 60 km/h</name><description>Fonte: OSM</description><Point><coordinates>-49.623762,-25.470301,0</coordinates></Point></Placemark>
<Placemark><name>Radar 70 km/h</name><description>Fonte: OSM</description><Point><coordinates>-49.255237,-25.470241,0</coordinates></Point></Placemark>
<Placemark><name>Radar 50 km/h</name><description>Fonte: OSM</description><Point><coordinates>-49.254914,-25.470085,0</coordinates></Point></Placemark>
<Placemark><name>Radar 70 km/h</name><description>Fonte: OSM</description><Point><coordinates>-49.254930,-25.469859,0</coordinates></Point></Placemark>
<Placemark><name>Radar 50 km/h</name><description>Fonte: OSM</description><Point><coordinates>-49.255160,-25.469799,0</coordinates></Point></Placemark>
<Placemark><name>Radar 70 km/h</name><description>Fonte: OSM</description><Point><coordinates>-49.253583,-25.469107,0</coordinates></Point></Placemark>
<Placemark><name>Radar</name><description>Fonte: OSM</description><Point><coordinates>-49.904175,-25.468410,0</coordinates></Point></Placemark>
<Placemark><name>Radar</name><description>Fonte: OSM</description><Point><coordinates>-49.903974,-25.468297,0</coordinates></Point></Placemark>
<Placemark><name>Radar 70 km/h</name><description>Fonte: OSM</description><Point><coordinates>-49.253029,-25.467947,0</coordinates></Point></Placemark>
<Placemark><name>Radar 50 km/h</name><description>Fonte: OSM</description><Point><coordinates>-49.252818,-25.467876,0</coordinates></Point></Placemark>
<Placemark><name>Radar 50 km/h</name><description>Fonte: OSM</description><Point><coordinates>-49.253566,-25.467550,0</coordinates></Point></Placemark>
<Placemark><name>Radar 50 km/h</name><description>Fonte: OSM</description><Point><coordinates>-49.253005,-25.467453,0</coordinates></Point></Placemark>
<Placemark><name>Radar 60 km/h</name><description>Fonte: OSM</description><Point><coordinates>-49.625946,-25.467437,0</coordinates></Point></Placemark>
<Placemark><name>Radar 70 km/h</name><description>Fonte: OSM</description><Point><coordinates>-49.253233,-25.467389,0</coordinates></Point></Placemark>
<Placemark><name>Radar 50 km/h</name><description>Fonte: INMETRO</description><Point><coordinates>-49.280842,-25.467227,0</coordinates></Point></Placemark>
<Placemark><name>Radar 40 km/h</name><description>Fonte: OSM</description><Point><coordinates>-49.284108,-25.464887,0</coordinates></Point></Placemark>
<Placemark><name>Radar 80 km/h</name><description>Fonte: OSM</description><Point><coordinates>-49.761246,-25.464365,0</coordinates></Point></Placemark>
<Placemark><name>Radar 80 km/h</name><description>Fonte: ANTT</description><Point><coordinates>-50.385353,-25.463829,0</coordinates></Point></Placemark>
<Placemark><name>Radar 80 km/h</name><description>Fonte: OSM</description><Point><coordinates>-50.382934,-25.463743,0</coordinates></Point></Placemark>
<Placemark><name>Radar 70 km/h</name><description>Fonte: OSM</description><Point><coordinates>-49.251362,-25.462952,0</coordinates></Point></Placemark>
<Placemark><name>Radar 80 km/h</name><description>Fonte: ANTT+OSM</description><Point><coordinates>-49.587210,-25.462920,0</coordinates></Point></Placemark>
<Placemark><name>Radar 40 km/h</name><description>Fonte: OSM</description><Point><coordinates>-49.528312,-25.460579,0</coordinates></Point></Placemark>
<Placemark><name>Radar 40 km/h</name><description>Fonte: INMETRO+OSM</description><Point><coordinates>-49.320556,-25.460060,0</coordinates></Point></Placemark>
<Placemark><name>Radar 40 km/h</name><description>Fonte: INMETRO</description><Point><coordinates>-49.388383,-25.458290,0</coordinates></Point></Placemark>
<Placemark><name>Radar 40 km/h</name><description>Fonte: INMETRO+OSM</description><Point><coordinates>-49.216445,-25.458267,0</coordinates></Point></Placemark>
<Placemark><name>Radar 40 km/h</name><description>Fonte: OSM</description><Point><coordinates>-49.387444,-25.457678,0</coordinates></Point></Placemark>
<Placemark><name>Radar 40 km/h</name><description>Fonte: OSM</description><Point><coordinates>-49.258865,-25.457587,0</coordinates></Point></Placemark>
<Placemark><name>Radar 40 km/h</name><description>Fonte: OSM</description><Point><coordinates>-49.259237,-25.457540,0</coordinates></Point></Placemark>
<Placemark><name>Radar 40 km/h</name><description>Fonte: OSM</description><Point><coordinates>-49.259177,-25.457393,0</coordinates></Point></Placemark>
<Placemark><name>Radar 40 km/h</name><description>Fonte: INMETRO+OSM</description><Point><coordinates>-49.258817,-25.457369,0</coordinates></Point></Placemark>
<Placemark><name>Radar 40 km/h</name><description>Fonte: OSM</description><Point><coordinates>-49.519021,-25.456944,0</coordinates></Point></Placemark>
<Placemark><name>Radar 40 km/h</name><description>Fonte: OSM</description><Point><coordinates>-49.518903,-25.456931,0</coordinates></Point></Placemark>
<Placemark><name>Radar 40 km/h</name><description>Fonte: OSM</description><Point><coordinates>-49.279612,-25.456909,0</coordinates></Point></Placemark>
<Placemark><name>Radar 40 km/h</name><description>Fonte: OSM</description><Point><coordinates>-49.518915,-25.456857,0</coordinates></Point></Placemark>
<Placemark><name>Radar 40 km/h</name><description>Fonte: INMETRO+OSM</description><Point><coordinates>-49.519006,-25.456840,0</coordinates></Point></Placemark>
<Placemark><name>Radar 50 km/h</name><description>Fonte: OSM</description><Point><coordinates>-49.261717,-25.456688,0</coordinates></Point></Placemark>
<Placemark><name>Radar 60 km/h</name><description>Fonte: OSM</description><Point><coordinates>-49.254798,-25.456087,0</coordinates></Point></Placemark>
<Placemark><name>Radar 60 km/h</name><description>Fonte: OSM</description><Point><coordinates>-50.624423,-25.455370,0</coordinates></Point></Placemark>
<Placemark><name>Radar 60 km/h</name><description>Fonte: OSM</description><Point><coordinates>-49.557478,-25.455012,0</coordinates></Point></Placemark>
<Placemark><name>Radar 50 km/h</name><description>Fonte: OSM</description><Point><coordinates>-49.260007,-25.454748,0</coordinates></Point></Placemark>
<Placemark><name>Radar 70 km/h</name><description>Fonte: OSM</description><Point><coordinates>-49.247469,-25.454722,0</coordinates></Point></Placemark>
<Placemark><name>Radar 70 km/h</name><description>Fonte: OSM</description><Point><coordinates>-49.247293,-25.454357,0</coordinates></Point></Placemark>
<Placemark><name>Radar 40 km/h</name><description>Fonte: OSM</description><Point><coordinates>-49.287872,-25.453928,0</coordinates></Point></Placemark>
<Placemark><name>Radar 50 km/h</name><description>Fonte: OSM</description><Point><coordinates>-49.287747,-25.453856,0</coordinates></Point></Placemark>
<Placemark><name>Radar 40 km/h</name><description>Fonte: OSM</description><Point><coordinates>-49.287981,-25.453689,0</coordinates></Point></Placemark>
<Placemark><name>Radar 60 km/h</name><description>Fonte: ANTT</description><Point><coordinates>-50.647387,-25.453245,0</coordinates></Point></Placemark>
<Placemark><name>Radar 70 km/h</name><description>Fonte: OSM</description><Point><coordinates>-49.242723,-25.453193,0</coordinates></Point></Placemark>
<Placemark><name>Radar 60 km/h</name><description>Fonte: OSM</description><Point><coordinates>-50.646984,-25.453163,0</coordinates></Point></Placemark>
<Placemark><name>Radar 70 km/h</name><description>Fonte: OSM</description><Point><coordinates>-49.242916,-25.452861,0</coordinates></Point></Placemark>
<Placemark><name>Radar 60 km/h</name><description>Fonte: ANTT</description><Point><coordinates>-50.655944,-25.452706,0</coordinates></Point></Placemark>
<Placemark><name>Radar 50 km/h</name><description>Fonte: OSM</description><Point><coordinates>-49.263895,-25.452285,0</coordinates></Point></Placemark>
<Placemark><name>Radar 60 km/h</name><description>Fonte: OSM</description><Point><coordinates>-50.657852,-25.452137,0</coordinates></Point></Placemark>
<Placemark><name>Radar 50 km/h</name><description>Fonte: OSM</description><Point><coordinates>-49.263913,-25.452005,0</coordinates></Point></Placemark>
<Placemark><name>Radar 50 km/h</name><description>Fonte: INMETRO+OSM</description><Point><coordinates>-49.263718,-25.451959,0</coordinates></Point></Placemark>
<Placemark><name>Radar 40 km/h</name><description>Fonte: OSM</description><Point><coordinates>-49.520640,-25.450354,0</coordinates></Point></Placemark>
<Placemark><name>Radar 50 km/h</name><description>Fonte: OSM</description><Point><coordinates>-49.264444,-25.450302,0</coordinates></Point></Placemark>
<Placemark><name>Radar 60 km/h</name><description>Fonte: OSM</description><Point><coordinates>-49.520664,-25.450193,0</coordinates></Point></Placemark>
<Placemark><name>Radar 70 km/h</name><description>Fonte: OSM</description><Point><coordinates>-49.245182,-25.450173,0</coordinates></Point></Placemark>
<Placemark><name>Radar 50 km/h</name><description>Fonte: INMETRO</description><Point><coordinates>-49.285313,-25.449922,0</coordinates></Point></Placemark>
<Placemark><name>Radar 70 km/h</name><description>Fonte: OSM</description><Point><coordinates>-49.245618,-25.449842,0</coordinates></Point></Placemark>
<Placemark><name>Radar 50 km/h</name><description>Fonte: OSM</description><Point><coordinates>-49.270816,-25.449835,0</coordinates></Point></Placemark>
<Placemark><name>Radar 50 km/h</name><description>Fonte: OSM</description><Point><coordinates>-49.276593,-25.449654,0</coordinates></Point></Placemark>
<Placemark><name>Radar 50 km/h</name><description>Fonte: OSM</description><Point><coordinates>-49.268609,-25.449018,0</coordinates></Point></Placemark>
<Placemark><name>Radar 60 km/h</name><description>Fonte: OSM</description><Point><coordinates>-49.515691,-25.448905,0</coordinates></Point></Placemark>
<Placemark><name>Radar 50 km/h</name><description>Fonte: OSM</description><Point><coordinates>-49.267760,-25.448650,0</coordinates></Point></Placemark>
<Placemark><name>Radar 70 km/h</name><description>Fonte: OSM</description><Point><coordinates>-49.235250,-25.447546,0</coordinates></Point></Placemark>
<Placemark><name>Radar 60 km/h</name><description>Fonte: OSM</description><Point><coordinates>-49.476924,-25.447389,0</coordinates></Point></Placemark>
<Placemark><name>Radar 50 km/h</name><description>Fonte: OSM</description><Point><coordinates>-49.304784,-25.447230,0</coordinates></Point></Placemark>
<Placemark><name>Radar 50 km/h</name><description>Fonte: OSM</description><Point><coordinates>-49.304691,-25.447229,0</coordinates></Point></Placemark>
<Placemark><name>Radar 40 km/h</name><description>Fonte: OSM</description><Point><coordinates>-49.520755,-25.446793,0</coordinates></Point></Placemark>
<Placemark><name>Radar 60 km/h</name><description>Fonte: OSM</description><Point><coordinates>-49.355679,-25.446677,0</coordinates></Point></Placemark>
<Placemark><name>Radar 60 km/h</name><description>Fonte: OSM</description><Point><coordinates>-54.403705,-25.446424,0</coordinates></Point></Placemark>
<Placemark><name>Radar 40 km/h</name><description>Fonte: INMETRO+OSM</description><Point><coordinates>-49.529531,-25.446390,0</coordinates></Point></Placemark>
<Placemark><name>Radar 60 km/h</name><description>Fonte: OSM</description><Point><coordinates>-49.571750,-25.446329,0</coordinates></Point></Placemark>
<Placemark><name>Radar 70 km/h</name><description>Fonte: OSM</description><Point><coordinates>-49.248014,-25.446315,0</coordinates></Point></Placemark>
<Placemark><name>Radar 40 km/h</name><description>Fonte: OSM</description><Point><coordinates>-49.519150,-25.446170,0</coordinates></Point></Placemark>
<Placemark><name>Radar 50 km/h</name><description>Fonte: OSM</description><Point><coordinates>-49.283726,-25.446048,0</coordinates></Point></Placemark>
<Placemark><name>Radar 50 km/h</name><description>Fonte: OSM</description><Point><coordinates>-49.283960,-25.446031,0</coordinates></Point></Placemark>
<Placemark><name>Radar 70 km/h</name><description>Fonte: OSM</description><Point><coordinates>-49.248461,-25.445922,0</coordinates></Point></Placemark>
<Placemark><name>Radar 50 km/h</name><description>Fonte: INMETRO+OSM</description><Point><coordinates>-49.284016,-25.445921,0</coordinates></Point></Placemark>
<Placemark><name>Radar 40 km/h</name><description>Fonte: INMETRO+OSM</description><Point><coordinates>-49.264688,-25.445584,0</coordinates></Point></Placemark>
<Placemark><name>Radar 60 km/h</name><description>Fonte: OSM</description><Point><coordinates>-54.401966,-25.445564,0</coordinates></Point></Placemark>
<Placemark><name>Radar 60 km/h</name><description>Fonte: ANTT · sentido 101° (leste)</description><Point><coordinates>-49.496812,-25.445425,0</coordinates></Point></Placemark>
<Placemark><name>Radar 40 km/h</name><description>Fonte: OSM</description><Point><coordinates>-49.264986,-25.445425,0</coordinates></Point></Placemark>
<Placemark><name>Radar 60 km/h</name><description>Fonte: OSM</description><Point><coordinates>-49.497162,-25.445387,0</coordinates></Point></Placemark>
<Placemark><name>Radar 80 km/h</name><description>Fonte: OSM</description><Point><coordinates>-49.498893,-25.444873,0</coordinates></Point></Placemark>
<Placemark><name>Radar 50 km/h</name><description>Fonte: INMETRO+OSM</description><Point><coordinates>-49.276102,-25.444858,0</coordinates></Point></Placemark>
<Placemark><name>Radar 50 km/h</name><description>Fonte: OSM</description><Point><coordinates>-49.276137,-25.444759,0</coordinates></Point></Placemark>
<Placemark><name>Radar 50 km/h</name><description>Fonte: OSM</description><Point><coordinates>-49.239450,-25.444206,0</coordinates></Point></Placemark>
<Placemark><name>Radar 50 km/h</name><description>Fonte: OSM</description><Point><coordinates>-49.238506,-25.444011,0</coordinates></Point></Placemark>
<Placemark><name>Radar 40 km/h</name><description>Fonte: OSM</description><Point><coordinates>-50.681680,-25.444009,0</coordinates></Point></Placemark>
<Placemark><name>Radar 40 km/h</name><description>Fonte: OSM</description><Point><coordinates>-50.682048,-25.443905,0</coordinates></Point></Placemark>
<Placemark><name>Radar 50 km/h</name><description>Fonte: OSM</description><Point><coordinates>-49.304964,-25.443469,0</coordinates></Point></Placemark>
<Placemark><name>Radar 80 km/h</name><description>Fonte: ANTT+OSM · sentido 266° (oeste)</description><Point><coordinates>-49.459940,-25.443140,0</coordinates></Point></Placemark>
<Placemark><name>Radar 50 km/h</name><description>Fonte: OSM</description><Point><coordinates>-49.275692,-25.443127,0</coordinates></Point></Placemark>
<Placemark><name>Radar 50 km/h</name><description>Fonte: OSM</description><Point><coordinates>-49.289057,-25.443029,0</coordinates></Point></Placemark>
<Placemark><name>Radar 50 km/h</name><description>Fonte: OSM</description><Point><coordinates>-49.276021,-25.443028,0</coordinates></Point></Placemark>
<Placemark><name>Radar 50 km/h</name><description>Fonte: INMETRO+OSM</description><Point><coordinates>-49.276071,-25.442926,0</coordinates></Point></Placemark>
<Placemark><name>Radar 50 km/h</name><description>Fonte: OSM</description><Point><coordinates>-49.288810,-25.442912,0</coordinates></Point></Placemark>
<Placemark><name>Radar 50 km/h</name><description>Fonte: INMETRO+OSM</description><Point><coordinates>-49.289007,-25.442858,0</coordinates></Point></Placemark>
<Placemark><name>Radar 50 km/h</name><description>Fonte: OSM</description><Point><coordinates>-49.305209,-25.442844,0</coordinates></Point></Placemark>
<Placemark><name>Radar 80 km/h</name><description>Fonte: ANTT · sentido 298° (noroeste)</description><Point><coordinates>-49.745526,-25.442485,0</coordinates></Point></Placemark>
<Placemark><name>Radar 50 km/h</name><description>Fonte: OSM</description><Point><coordinates>-49.282858,-25.442453,0</coordinates></Point></Placemark>
<Placemark><name>Radar 50 km/h</name><description>Fonte: INMETRO+OSM</description><Point><coordinates>-49.282912,-25.442350,0</coordinates></Point></Placemark>
<Placemark><name>Radar 50 km/h</name><description>Fonte: OSM</description><Point><coordinates>-49.283149,-25.442215,0</coordinates></Point></Placemark>
<Placemark><name>Radar 50 km/h</name><description>Fonte: OSM</description><Point><coordinates>-49.307490,-25.442151,0</coordinates></Point></Placemark>
<Placemark><name>Radar 50 km/h</name><description>Fonte: OSM</description><Point><coordinates>-49.259822,-25.442149,0</coordinates></Point></Placemark>
<Placemark><name>Radar 50 km/h</name><description>Fonte: OSM</description><Point><coordinates>-49.259650,-25.441929,0</coordinates></Point></Placemark>
<Placemark><name>Radar 40 km/h</name><description>Fonte: OSM</description><Point><coordinates>-49.241364,-25.441919,0</coordinates></Point></Placemark>
<Placemark><name>Radar 40 km/h</name><description>Fonte: OSM</description><Point><coordinates>-49.353292,-25.441916,0</coordinates></Point></Placemark>
<Placemark><name>Radar 40 km/h</name><description>Fonte: OSM</description><Point><coordinates>-49.241424,-25.441865,0</coordinates></Point></Placemark>
<Placemark><name>Radar 50 km/h</name><description>Fonte: OSM</description><Point><coordinates>-49.229337,-25.441851,0</coordinates></Point></Placemark>
<Placemark><name>Radar 60 km/h</name><description>Fonte: OSM</description><Point><coordinates>-49.353244,-25.441709,0</coordinates></Point></Placemark>
<Placemark><name>Radar 40 km/h</name><description>Fonte: OSM</description><Point><coordinates>-49.353550,-25.441701,0</coordinates></Point></Placemark>
<Placemark><name>Radar 50 km/h</name><description>Fonte: OSM</description><Point><coordinates>-49.236504,-25.441397,0</coordinates></Point></Placemark>
<Placemark><name>Radar 60 km/h</name><description>Fonte: OSM</description><Point><coordinates>-49.364686,-25.441064,0</coordinates></Point></Placemark>
<Placemark><name>Radar 60 km/h</name><description>Fonte: OSM</description><Point><coordinates>-49.364484,-25.440997,0</coordinates></Point></Placemark>
<Placemark><name>Radar 50 km/h</name><description>Fonte: OSM</description><Point><coordinates>-49.276944,-25.440392,0</coordinates></Point></Placemark>
<Placemark><name>Radar 50 km/h</name><description>Fonte: OSM</description><Point><coordinates>-49.276806,-25.440068,0</coordinates></Point></Placemark>
<Placemark><name>Radar 50 km/h</name><description>Fonte: INMETRO+OSM</description><Point><coordinates>-49.267484,-25.440017,0</coordinates></Point></Placemark>
<Placemark><name>Radar 50 km/h</name><description>Fonte: OSM</description><Point><coordinates>-49.267957,-25.439988,0</coordinates></Point></Placemark>
<Placemark><name>Radar 50 km/h</name><description>Fonte: INMETRO+OSM</description><Point><coordinates>-49.276861,-25.439959,0</coordinates></Point></Placemark>
<Placemark><name>Radar 50 km/h</name><description>Fonte: OSM</description><Point><coordinates>-49.249505,-25.439947,0</coordinates></Point></Placemark>
<Placemark><name>Radar 50 km/h</name><description>Fonte: OSM</description><Point><coordinates>-49.268011,-25.439888,0</coordinates></Point></Placemark>
<Placemark><name>Radar 50 km/h</name><description>Fonte: INMETRO+OSM</description><Point><coordinates>-49.250211,-25.439868,0</coordinates></Point></Placemark>
<Placemark><name>Radar 50 km/h</name><description>Fonte: INMETRO+OSM</description><Point><coordinates>-49.237409,-25.439601,0</coordinates></Point></Placemark>
<Placemark><name>Radar 50 km/h</name><description>Fonte: OSM</description><Point><coordinates>-49.267714,-25.439547,0</coordinates></Point></Placemark>
<Placemark><name>Radar 50 km/h</name><description>Fonte: OSM</description><Point><coordinates>-49.250007,-25.439524,0</coordinates></Point></Placemark>
<Placemark><name>Radar 50 km/h</name><description>Fonte: OSM</description><Point><coordinates>-49.237895,-25.439516,0</coordinates></Point></Placemark>
<Placemark><name>Radar 80 km/h</name><description>Fonte: ANTT · sentido 166° (sul)</description><Point><coordinates>-49.750216,-25.439210,0</coordinates></Point></Placemark>
<Placemark><name>Radar 40 km/h</name><description>Fonte: INMETRO+OSM</description><Point><coordinates>-49.322073,-25.439016,0</coordinates></Point></Placemark>
<Placemark><name>Radar 60 km/h</name><description>Fonte: OSM</description><Point><coordinates>-49.322174,-25.438934,0</coordinates></Point></Placemark>
<Placemark><name>Radar 40 km/h</name><description>Fonte: OSM</description><Point><coordinates>-49.322073,-25.438869,0</coordinates></Point></Placemark>
<Placemark><name>Radar 60 km/h</name><description>Fonte: OSM</description><Point><coordinates>-49.339327,-25.438777,0</coordinates></Point></Placemark>
<Placemark><name>Radar 60 km/h</name><description>Fonte: OSM</description><Point><coordinates>-49.550492,-25.438512,0</coordinates></Point></Placemark>
<Placemark><name>Radar 60 km/h</name><description>Fonte: OSM</description><Point><coordinates>-49.549958,-25.438174,0</coordinates></Point></Placemark>
<Placemark><name>Radar 50 km/h</name><description>Fonte: INMETRO+OSM</description><Point><coordinates>-49.288897,-25.438013,0</coordinates></Point></Placemark>
<Placemark><name>Radar 50 km/h</name><description>Fonte: OSM</description><Point><coordinates>-49.307796,-25.437813,0</coordinates></Point></Placemark>
<Placemark><name>Radar 40 km/h</name><description>Fonte: OSM</description><Point><coordinates>-49.274108,-25.437774,0</coordinates></Point></Placemark>
<Placemark><name>Radar 50 km/h</name><description>Fonte: OSM</description><Point><coordinates>-49.244149,-25.437737,0</coordinates></Point></Placemark>
<Placemark><name>Radar 40 km/h</name><description>Fonte: OSM</description><Point><coordinates>-49.232708,-25.437663,0</coordinates></Point></Placemark>
<Placemark><name>Radar 60 km/h</name><description>Fonte: INMETRO+OSM</description><Point><coordinates>-49.308242,-25.437639,0</coordinates></Point></Placemark>
<Placemark><name>Radar 40 km/h</name><description>Fonte: OSM</description><Point><coordinates>-49.266165,-25.437524,0</coordinates></Point></Placemark>
<Placemark><name>Radar 50 km/h</name><description>Fonte: INMETRO+OSM</description><Point><coordinates>-49.301143,-25.437169,0</coordinates></Point></Placemark>
<Placemark><name>Radar 70 km/h</name><description>Fonte: OSM</description><Point><coordinates>-49.233756,-25.437044,0</coordinates></Point></Placemark>
<Placemark><name>Radar 60 km/h</name><description>Fonte: OSM</description><Point><coordinates>-49.312018,-25.437003,0</coordinates></Point></Placemark>
<Placemark><name>Radar 40 km/h</name><description>Fonte: OSM</description><Point><coordinates>-49.235954,-25.436998,0</coordinates></Point></Placemark>
<Placemark><name>Radar 50 km/h</name><description>Fonte: OSM</description><Point><coordinates>-49.312534,-25.436774,0</coordinates></Point></Placemark>
<Placemark><name>Radar 60 km/h</name><description>Fonte: OSM</description><Point><coordinates>-49.317122,-25.436349,0</coordinates></Point></Placemark>
<Placemark><name>Radar 50 km/h</name><description>Fonte: INMETRO</description><Point><coordinates>-49.300723,-25.436132,0</coordinates></Point></Placemark>
<Placemark><name>Radar 50 km/h</name><description>Fonte: OSM</description><Point><coordinates>-49.260286,-25.436076,0</coordinates></Point></Placemark>
<Placemark><name>Radar 50 km/h</name><description>Fonte: OSM</description><Point><coordinates>-49.257111,-25.435983,0</coordinates></Point></Placemark>
<Placemark><name>Radar 60 km/h</name><description>Fonte: INMETRO</description><Point><coordinates>-49.329713,-25.435947,0</coordinates></Point></Placemark>
<Placemark><name>Radar 50 km/h</name><description>Fonte: OSM</description><Point><coordinates>-49.287207,-25.435913,0</coordinates></Point></Placemark>
<Placemark><name>Radar 50 km/h</name><description>Fonte: OSM</description><Point><coordinates>-49.257184,-25.435808,0</coordinates></Point></Placemark>
<Placemark><name>Radar 50 km/h</name><description>Fonte: OSM</description><Point><coordinates>-49.260673,-25.435803,0</coordinates></Point></Placemark>
<Placemark><name>Radar 50 km/h</name><description>Fonte: OSM</description><Point><coordinates>-49.256845,-25.435566,0</coordinates></Point></Placemark>
<Placemark><name>Radar 40 km/h</name><description>Fonte: INMETRO+OSM</description><Point><coordinates>-49.269753,-25.435471,0</coordinates></Point></Placemark>
<Placemark><name>Radar 50 km/h</name><description>Fonte: OSM</description><Point><coordinates>-49.260267,-25.435424,0</coordinates></Point></Placemark>
<Placemark><name>Radar 60 km/h</name><description>Fonte: OSM</description><Point><coordinates>-49.328832,-25.435393,0</coordinates></Point></Placemark>
<Placemark><name>Radar 50 km/h</name><description>Fonte: INMETRO+OSM</description><Point><coordinates>-49.260668,-25.435389,0</coordinates></Point></Placemark>
<Placemark><name>Radar 40 km/h</name><description>Fonte: OSM</description><Point><coordinates>-49.257124,-25.435380,0</coordinates></Point></Placemark>
<Placemark><name>Radar 40 km/h</name><description>Fonte: OSM</description><Point><coordinates>-49.270153,-25.435378,0</coordinates></Point></Placemark>
<Placemark><name>Radar 50 km/h</name><description>Fonte: OSM</description><Point><coordinates>-49.260391,-25.435361,0</coordinates></Point></Placemark>
<Placemark><name>Radar 40 km/h</name><description>Fonte: OSM</description><Point><coordinates>-49.260271,-25.435107,0</coordinates></Point></Placemark>
<Placemark><name>Radar 70 km/h</name><description>Fonte: OSM</description><Point><coordinates>-49.233233,-25.434709,0</coordinates></Point></Placemark>
<Placemark><name>Radar 70 km/h</name><description>Fonte: OSM</description><Point><coordinates>-49.233128,-25.434277,0</coordinates></Point></Placemark>
<Placemark><name>Radar 50 km/h</name><description>Fonte: OSM</description><Point><coordinates>-49.260990,-25.434052,0</coordinates></Point></Placemark>
<Placemark><name>Radar 50 km/h</name><description>Fonte: OSM</description><Point><coordinates>-49.260883,-25.434006,0</coordinates></Point></Placemark>
<Placemark><name>Radar 50 km/h</name><description>Fonte: OSM</description><Point><coordinates>-49.298380,-25.433872,0</coordinates></Point></Placemark>
<Placemark><name>Radar 50 km/h</name><description>Fonte: OSM</description><Point><coordinates>-49.255458,-25.433843,0</coordinates></Point></Placemark>
<Placemark><name>Radar 50 km/h</name><description>Fonte: OSM</description><Point><coordinates>-49.298494,-25.433828,0</coordinates></Point></Placemark>
<Placemark><name>Radar 50 km/h</name><description>Fonte: OSM</description><Point><coordinates>-49.255377,-25.433823,0</coordinates></Point></Placemark>
<Placemark><name>Radar 50 km/h</name><description>Fonte: OSM</description><Point><coordinates>-49.260792,-25.433778,0</coordinates></Point></Placemark>
<Placemark><name>Radar 50 km/h</name><description>Fonte: OSM</description><Point><coordinates>-49.298441,-25.433748,0</coordinates></Point></Placemark>
<Placemark><name>Radar 80 km/h</name><description>Fonte: OSM</description><Point><coordinates>-49.407523,-25.433703,0</coordinates></Point></Placemark>
<Placemark><name>Radar 50 km/h</name><description>Fonte: INMETRO+OSM</description><Point><coordinates>-49.260851,-25.433667,0</coordinates></Point></Placemark>
<Placemark><name>Radar 80 km/h</name><description>Fonte: ANTT · sentido 79° (leste)</description><Point><coordinates>-49.406770,-25.433630,0</coordinates></Point></Placemark>
<Placemark><name>Radar 40 km/h</name><description>Fonte: OSM</description><Point><coordinates>-49.277614,-25.433571,0</coordinates></Point></Placemark>
<Placemark><name>Radar 40 km/h</name><description>Fonte: OSM</description><Point><coordinates>-49.265524,-25.433530,0</coordinates></Point></Placemark>
<Placemark><name>Radar 40 km/h</name><description>Fonte: INMETRO+OSM</description><Point><coordinates>-49.277572,-25.433393,0</coordinates></Point></Placemark>
<Placemark><name>Radar 40 km/h</name><description>Fonte: OSM</description><Point><coordinates>-49.265290,-25.433055,0</coordinates></Point></Placemark>
<Placemark><name>Radar 40 km/h</name><description>Fonte: OSM</description><Point><coordinates>-49.254660,-25.433015,0</coordinates></Point></Placemark>
<Placemark><name>Radar 50 km/h</name><description>Fonte: OSM</description><Point><coordinates>-49.301949,-25.432614,0</coordinates></Point></Placemark>
<Placemark><name>Radar 60 km/h</name><description>Fonte: OSM</description><Point><coordinates>-49.312662,-25.432502,0</coordinates></Point></Placemark>
<Placemark><name>Radar 60 km/h</name><description>Fonte: OSM</description><Point><coordinates>-49.193034,-25.432342,0</coordinates></Point></Placemark>
<Placemark><name>Radar 40 km/h</name><description>Fonte: OSM</description><Point><coordinates>-49.271367,-25.432218,0</coordinates></Point></Placemark>
<Placemark><name>Radar 50 km/h</name><description>Fonte: OSM</description><Point><coordinates>-49.314511,-25.432181,0</coordinates></Point></Placemark>
<Placemark><name>Radar 40 km/h</name><description>Fonte: OSM</description><Point><coordinates>-49.271308,-25.432121,0</coordinates></Point></Placemark>
<Placemark><name>Radar 80 km/h</name><description>Fonte: OSM</description><Point><coordinates>-49.328877,-25.430615,0</coordinates></Point></Placemark>
<Placemark><name>Radar 50 km/h</name><description>Fonte: INMETRO+OSM</description><Point><coordinates>-49.213540,-25.430543,0</coordinates></Point></Placemark>
<Placemark><name>Radar 80 km/h</name><description>Fonte: ANTT</description><Point><coordinates>-49.333098,-25.430500,0</coordinates></Point></Placemark>
<Placemark><name>Radar 50 km/h</name><description>Fonte: OSM</description><Point><coordinates>-49.213825,-25.430192,0</coordinates></Point></Placemark>
<Placemark><name>Radar 40 km/h</name><description>Fonte: OSM</description><Point><coordinates>-49.263935,-25.430184,0</coordinates></Point></Placemark>
<Placemark><name>Radar 40 km/h</name><description>Fonte: OSM</description><Point><coordinates>-49.266397,-25.430097,0</coordinates></Point></Placemark>
<Placemark><name>Radar 50 km/h</name><description>Fonte: OSM</description><Point><coordinates>-49.213075,-25.430084,0</coordinates></Point></Placemark>
<Placemark><name>Radar 40 km/h</name><description>Fonte: OSM</description><Point><coordinates>-49.266847,-25.429932,0</coordinates></Point></Placemark>
<Placemark><name>Radar 40 km/h</name><description>Fonte: INMETRO+OSM</description><Point><coordinates>-49.263778,-25.429811,0</coordinates></Point></Placemark>
<Placemark><name>Radar 50 km/h</name><description>Fonte: OSM</description><Point><coordinates>-49.213759,-25.429610,0</coordinates></Point></Placemark>
<Placemark><name>Radar 40 km/h</name><description>Fonte: OSM</description><Point><coordinates>-49.263289,-25.429043,0</coordinates></Point></Placemark>
<Placemark><name>Radar 40 km/h</name><description>Fonte: OSM</description><Point><coordinates>-49.263174,-25.429009,0</coordinates></Point></Placemark>
<Placemark><name>Radar 40 km/h</name><description>Fonte: INMETRO+OSM</description><Point><coordinates>-49.263117,-25.428695,0</coordinates></Point></Placemark>
<Placemark><name>Radar 50 km/h</name><description>Fonte: INMETRO+OSM</description><Point><coordinates>-49.284653,-25.428507,0</coordinates></Point></Placemark>
<Placemark><name>Radar 50 km/h</name><description>Fonte: OSM</description><Point><coordinates>-49.284817,-25.428448,0</coordinates></Point></Placemark>
<Placemark><name>Radar 40 km/h</name><description>Fonte: INMETRO+OSM</description><Point><coordinates>-49.262001,-25.427790,0</coordinates></Point></Placemark>
<Placemark><name>Radar 80 km/h</name><description>Fonte: ANTT+OSM · sentido 258° (oeste)</description><Point><coordinates>-49.387434,-25.427559,0</coordinates></Point></Placemark>
<Placemark><name>Radar 40 km/h</name><description>Fonte: OSM</description><Point><coordinates>-49.261902,-25.427381,0</coordinates></Point></Placemark>
<Placemark><name>Radar 40 km/h</name><description>Fonte: OSM</description><Point><coordinates>-49.240075,-25.427380,0</coordinates></Point></Placemark>
<Placemark><name>Radar 80 km/h</name><description>Fonte: OSM</description><Point><coordinates>-49.759166,-25.427263,0</coordinates></Point></Placemark>
<Placemark><name>Radar 50 km/h</name><description>Fonte: OSM</description><Point><coordinates>-49.248464,-25.427164,0</coordinates></Point></Placemark>
<Placemark><name>Radar 60 km/h</name><description>Fonte: OSM</description><Point><coordinates>-49.384414,-25.427118,0</coordinates></Point></Placemark>
<Placemark><name>Radar 40 km/h</name><description>Fonte: OSM</description><Point><coordinates>-49.264421,-25.427023,0</coordinates></Point></Placemark>
<Placemark><name>Radar 50 km/h</name><description>Fonte: INMETRO+OSM</description><Point><coordinates>-49.253647,-25.426929,0</coordinates></Point></Placemark>
<Placemark><name>Radar 40 km/h</name><description>Fonte: OSM</description><Point><coordinates>-49.264824,-25.426793,0</coordinates></Point></Placemark>
<Placemark><name>Radar 50 km/h</name><description>Fonte: OSM</description><Point><coordinates>-49.253387,-25.426747,0</coordinates></Point></Placemark>
<Placemark><name>Radar 40 km/h</name><description>Fonte: OSM</description><Point><coordinates>-49.265396,-25.426734,0</coordinates></Point></Placemark>
<Placemark><name>Radar 50 km/h</name><description>Fonte: INMETRO+OSM</description><Point><coordinates>-49.259643,-25.425459,0</coordinates></Point></Placemark>
<Placemark><name>Radar 40 km/h</name><description>Fonte: OSM</description><Point><coordinates>-49.273976,-25.425379,0</coordinates></Point></Placemark>
<Placemark><name>Radar 50 km/h</name><description>Fonte: OSM</description><Point><coordinates>-49.259563,-25.425328,0</coordinates></Point></Placemark>
<Placemark><name>Radar 40 km/h</name><description>Fonte: OSM</description><Point><coordinates>-49.301601,-25.424477,0</coordinates></Point></Placemark>
<Placemark><name>Radar 40 km/h</name><description>Fonte: OSM</description><Point><coordinates>-49.281870,-25.424447,0</coordinates></Point></Placemark>
<Placemark><name>Radar 40 km/h</name><description>Fonte: INMETRO+OSM</description><Point><coordinates>-49.281680,-25.424434,0</coordinates></Point></Placemark>
<Placemark><name>Radar 40 km/h</name><description>Fonte: OSM</description><Point><coordinates>-49.267659,-25.423668,0</coordinates></Point></Placemark>
<Placemark><name>Radar 40 km/h</name><description>Fonte: OSM</description><Point><coordinates>-49.275824,-25.423551,0</coordinates></Point></Placemark>
<Placemark><name>Radar 40 km/h</name><description>Fonte: OSM</description><Point><coordinates>-49.275696,-25.423488,0</coordinates></Point></Placemark>
<Placemark><name>Radar 40 km/h</name><description>Fonte: INMETRO+OSM</description><Point><coordinates>-49.275654,-25.423401,0</coordinates></Point></Placemark>
<Placemark><name>Radar 40 km/h</name><description>Fonte: OSM</description><Point><coordinates>-49.268154,-25.423383,0</coordinates></Point></Placemark>
<Placemark><name>Radar 40 km/h</name><description>Fonte: OSM</description><Point><coordinates>-49.267729,-25.423302,0</coordinates></Point></Placemark>
<Placemark><name>Radar 60 km/h</name><description>Fonte: OSM</description><Point><coordinates>-49.240965,-25.422493,0</coordinates></Point></Placemark>
<Placemark><name>Radar 40 km/h</name><description>Fonte: OSM</description><Point><coordinates>-49.323602,-25.421641,0</coordinates></Point></Placemark>
<Placemark><name>Radar 60 km/h</name><description>Fonte: OSM</description><Point><coordinates>-52.032161,-25.421550,0</coordinates></Point></Placemark>
<Placemark><name>Radar 40 km/h</name><description>Fonte: OSM</description><Point><coordinates>-49.322342,-25.421395,0</coordinates></Point></Placemark>
<Placemark><name>Radar 40 km/h</name><description>Fonte: OSM</description><Point><coordinates>-49.202250,-25.421105,0</coordinates></Point></Placemark>
<Placemark><name>Radar 70 km/h</name><description>Fonte: OSM</description><Point><coordinates>-49.224992,-25.420918,0</coordinates></Point></Placemark>
<Placemark><name>Radar 70 km/h</name><description>Fonte: OSM</description><Point><coordinates>-49.225331,-25.420675,0</coordinates></Point></Placemark>
<Placemark><name>Radar 40 km/h</name><description>Fonte: OSM</description><Point><coordinates>-49.202759,-25.420032,0</coordinates></Point></Placemark>
<Placemark><name>Radar 60 km/h</name><description>Fonte: OSM</description><Point><coordinates>-54.619675,-25.420015,0</coordinates></Point></Placemark>
<Placemark><name>Radar 60 km/h</name><description>Fonte: ANTT · sentido 344° (norte)</description><Point><coordinates>-52.046891,-25.418454,0</coordinates></Point></Placemark>
<Placemark><name>Radar 50 km/h</name><description>Fonte: INMETRO+OSM</description><Point><coordinates>-49.262373,-25.418409,0</coordinates></Point></Placemark>
<Placemark><name>Radar 60 km/h</name><description>Fonte: OSM</description><Point><coordinates>-49.240867,-25.418015,0</coordinates></Point></Placemark>
<Placemark><name>Radar 60 km/h</name><description>Fonte: INMETRO+OSM</description><Point><coordinates>-49.241342,-25.417940,0</coordinates></Point></Placemark>
<Placemark><name>Radar 60 km/h</name><description>Fonte: INMETRO+OSM</description><Point><coordinates>-49.240739,-25.417883,0</coordinates></Point></Placemark>
<Placemark><name>Radar 60 km/h</name><description>Fonte: OSM</description><Point><coordinates>-54.616079,-25.417778,0</coordinates></Point></Placemark>
<Placemark><name>Radar</name><description>Fonte: OSM</description><Point><coordinates>-49.241208,-25.417683,0</coordinates></Point></Placemark>
<Placemark><name>Radar 60 km/h</name><description>Fonte: OSM</description><Point><coordinates>-50.764254,-25.417612,0</coordinates></Point></Placemark>
<Placemark><name>Radar 40 km/h</name><description>Fonte: OSM</description><Point><coordinates>-49.263994,-25.417570,0</coordinates></Point></Placemark>
<Placemark><name>Radar 60 km/h</name><description>Fonte: OSM</description><Point><coordinates>-52.047132,-25.417520,0</coordinates></Point></Placemark>
<Placemark><name>Radar 40 km/h</name><description>Fonte: OSM</description><Point><coordinates>-49.343548,-25.417007,0</coordinates></Point></Placemark>
<Placemark><name>Radar 40 km/h</name><description>Fonte: INMETRO+OSM</description><Point><coordinates>-51.481022,-25.415540,0</coordinates></Point></Placemark>
<Placemark><name>Radar 40 km/h</name><description>Fonte: OSM</description><Point><coordinates>-51.480837,-25.415307,0</coordinates></Point></Placemark>
<Placemark><name>Radar 40 km/h</name><description>Fonte: OSM</description><Point><coordinates>-49.212429,-25.414618,0</coordinates></Point></Placemark>
<Placemark><name>Radar 60 km/h</name><description>Fonte: ANTT+OSM</description><Point><coordinates>-51.675873,-25.413785,0</coordinates></Point></Placemark>
<Placemark><name>Radar 60 km/h</name><description>Fonte: OSM</description><Point><coordinates>-49.256532,-25.413593,0</coordinates></Point></Placemark>
<Placemark><name>Radar 50 km/h</name><description>Fonte: INMETRO</description><Point><coordinates>-49.316420,-25.413385,0</coordinates></Point></Placemark>
<Placemark><name>Radar 50 km/h</name><description>Fonte: OSM</description><Point><coordinates>-49.285477,-25.413228,0</coordinates></Point></Placemark>
<Placemark><name>Radar 40 km/h</name><description>Fonte: OSM</description><Point><coordinates>-49.222964,-25.412917,0</coordinates></Point></Placemark>
<Placemark><name>Radar 50 km/h</name><description>Fonte: INMETRO</description><Point><coordinates>-49.313808,-25.412892,0</coordinates></Point></Placemark>
<Placemark><name>Radar 50 km/h</name><description>Fonte: INMETRO+OSM</description><Point><coordinates>-49.273897,-25.412624,0</coordinates></Point></Placemark>
<Placemark><name>Radar 50 km/h</name><description>Fonte: INMETRO</description><Point><coordinates>-49.319657,-25.411380,0</coordinates></Point></Placemark>
<Placemark><name>Radar 60 km/h</name><description>Fonte: OSM</description><Point><coordinates>-52.086200,-25.411252,0</coordinates></Point></Placemark>
<Placemark><name>Radar 70 km/h</name><description>Fonte: OSM</description><Point><coordinates>-49.220652,-25.410114,0</coordinates></Point></Placemark>
<Placemark><name>Radar 40 km/h</name><description>Fonte: OSM</description><Point><coordinates>-49.221043,-25.409937,0</coordinates></Point></Placemark>
<Placemark><name>Radar 40 km/h</name><description>Fonte: OSM</description><Point><coordinates>-49.241012,-25.409830,0</coordinates></Point></Placemark>
<Placemark><name>Radar 70 km/h</name><description>Fonte: OSM</description><Point><coordinates>-49.219858,-25.409715,0</coordinates></Point></Placemark>
<Placemark><name>Radar 70 km/h</name><description>Fonte: OSM</description><Point><coordinates>-49.219709,-25.409363,0</coordinates></Point></Placemark>
<Placemark><name>Radar 40 km/h</name><description>Fonte: OSM</description><Point><coordinates>-49.219839,-25.409273,0</coordinates></Point></Placemark>
<Placemark><name>Radar 70 km/h</name><description>Fonte: OSM</description><Point><coordinates>-49.220163,-25.409046,0</coordinates></Point></Placemark>
<Placemark><name>Radar 40 km/h</name><description>Fonte: OSM</description><Point><coordinates>-49.322918,-25.408000,0</coordinates></Point></Placemark>
<Placemark><name>Radar 40 km/h</name><description>Fonte: OSM</description><Point><coordinates>-49.210548,-25.407963,0</coordinates></Point></Placemark>
<Placemark><name>Radar 40 km/h</name><description>Fonte: OSM</description><Point><coordinates>-49.322839,-25.407954,0</coordinates></Point></Placemark>
<Placemark><name>Radar 60 km/h</name><description>Fonte: OSM</description><Point><coordinates>-49.238432,-25.407534,0</coordinates></Point></Placemark>
<Placemark><name>Radar 50 km/h</name><description>Fonte: OSM</description><Point><coordinates>-49.248841,-25.407167,0</coordinates></Point></Placemark>
<Placemark><name>Radar 40 km/h</name><description>Fonte: OSM</description><Point><coordinates>-49.251297,-25.407052,0</coordinates></Point></Placemark>
<Placemark><name>Radar 60 km/h</name><description>Fonte: INMETRO+OSM</description><Point><coordinates>-49.251646,-25.407052,0</coordinates></Point></Placemark>
<Placemark><name>Radar 60 km/h</name><description>Fonte: OSM</description><Point><coordinates>-49.249554,-25.404793,0</coordinates></Point></Placemark>
<Placemark><name>Radar 60 km/h</name><description>Fonte: OSM</description><Point><coordinates>-49.251484,-25.403823,0</coordinates></Point></Placemark>
<Placemark><name>Radar 50 km/h</name><description>Fonte: OSM</description><Point><coordinates>-49.271375,-25.403479,0</coordinates></Point></Placemark>
<Placemark><name>Radar 50 km/h</name><description>Fonte: INMETRO+OSM</description><Point><coordinates>-49.271312,-25.403377,0</coordinates></Point></Placemark>
<Placemark><name>Radar 30 km/h</name><description>Fonte: OSM</description><Point><coordinates>-51.462429,-25.402988,0</coordinates></Point></Placemark>
<Placemark><name>Radar 30 km/h</name><description>Fonte: OSM</description><Point><coordinates>-51.454920,-25.402832,0</coordinates></Point></Placemark>
<Placemark><name>Radar 40 km/h</name><description>Fonte: OSM</description><Point><coordinates>-51.468953,-25.402803,0</coordinates></Point></Placemark>
<Placemark><name>Radar 40 km/h</name><description>Fonte: OSM</description><Point><coordinates>-51.456648,-25.401942,0</coordinates></Point></Placemark>
<Placemark><name>Radar 40 km/h</name><description>Fonte: INMETRO+OSM</description><Point><coordinates>-51.468881,-25.401138,0</coordinates></Point></Placemark>
<Placemark><name>Radar 50 km/h</name><description>Fonte: INMETRO</description><Point><coordinates>-49.334496,-25.400398,0</coordinates></Point></Placemark>
<Placemark><name>Radar 50 km/h</name><description>Fonte: OSM</description><Point><coordinates>-49.247117,-25.400305,0</coordinates></Point></Placemark>
<Placemark><name>Radar 40 km/h</name><description>Fonte: OSM</description><Point><coordinates>-49.246883,-25.400241,0</coordinates></Point></Placemark>
<Placemark><name>Radar</name><description>Fonte: OSM</description><Point><coordinates>-49.313977,-25.399671,0</coordinates></Point></Placemark>
<Placemark><name>Radar 30 km/h</name><description>Fonte: OSM</description><Point><coordinates>-51.453648,-25.399621,0</coordinates></Point></Placemark>
<Placemark><name>Radar 40 km/h</name><description>Fonte: OSM</description><Point><coordinates>-51.458307,-25.399359,0</coordinates></Point></Placemark>
<Placemark><name>Radar 50 km/h</name><description>Fonte: INMETRO</description><Point><coordinates>-49.274085,-25.399273,0</coordinates></Point></Placemark>
<Placemark><name>Radar 40 km/h</name><description>Fonte: INMETRO+OSM</description><Point><coordinates>-51.474995,-25.398706,0</coordinates></Point></Placemark>
<Placemark><name>Radar 40 km/h</name><description>Fonte: INMETRO+OSM</description><Point><coordinates>-51.498294,-25.398420,0</coordinates></Point></Placemark>
<Placemark><name>Radar 60 km/h</name><description>Fonte: OSM</description><Point><coordinates>-49.242821,-25.397441,0</coordinates></Point></Placemark>
<Placemark><name>Radar 50 km/h</name><description>Fonte: OSM</description><Point><coordinates>-49.258470,-25.396616,0</coordinates></Point></Placemark>
<Placemark><name>Radar</name><description>Fonte: OSM</description><Point><coordinates>-51.470845,-25.395221,0</coordinates></Point></Placemark>
<Placemark><name>Radar</name><description>Fonte: OSM</description><Point><coordinates>-51.470959,-25.394823,0</coordinates></Point></Placemark>
<Placemark><name>Radar 40 km/h</name><description>Fonte: OSM</description><Point><coordinates>-51.482335,-25.394168,0</coordinates></Point></Placemark>
<Placemark><name>Radar 50 km/h</name><description>Fonte: INMETRO</description><Point><coordinates>-49.227502,-25.393717,0</coordinates></Point></Placemark>
<Placemark><name>Radar 40 km/h</name><description>Fonte: OSM</description><Point><coordinates>-51.492507,-25.393368,0</coordinates></Point></Placemark>
<Placemark><name>Radar 40 km/h</name><description>Fonte: OSM</description><Point><coordinates>-51.494682,-25.393164,0</coordinates></Point></Placemark>
<Placemark><name>Radar</name><description>Fonte: OSM</description><Point><coordinates>-51.464436,-25.390680,0</coordinates></Point></Placemark>
<Placemark><name>Radar 40 km/h</name><description>Fonte: OSM</description><Point><coordinates>-49.264318,-25.388940,0</coordinates></Point></Placemark>
<Placemark><name>Radar 60 km/h</name><description>Fonte: OSM</description><Point><coordinates>-49.234798,-25.388812,0</coordinates></Point></Placemark>
<Placemark><name>Radar 40 km/h</name><description>Fonte: INMETRO+OSM</description><Point><coordinates>-51.465884,-25.387554,0</coordinates></Point></Placemark>
<Placemark><name>Radar 40 km/h</name><description>Fonte: OSM</description><Point><coordinates>-49.304928,-25.387280,0</coordinates></Point></Placemark>
<Placemark><name>Radar 40 km/h</name><description>Fonte: OSM</description><Point><coordinates>-49.304896,-25.387203,0</coordinates></Point></Placemark>
<Placemark><name>Radar 60 km/h</name><description>Fonte: ANTT · sentido 224° (sudoeste)</description><Point><coordinates>-51.515894,-25.386914,0</coordinates></Point></Placemark>
<Placemark><name>Radar 50 km/h</name><description>Fonte: OSM</description><Point><coordinates>-49.211568,-25.386846,0</coordinates></Point></Placemark>
<Placemark><name>Radar 60 km/h</name><description>Fonte: OSM</description><Point><coordinates>-49.211518,-25.386542,0</coordinates></Point></Placemark>
<Placemark><name>Radar 60 km/h</name><description>Fonte: OSM</description><Point><coordinates>-49.211889,-25.386513,0</coordinates></Point></Placemark>
<Placemark><name>Radar 40 km/h</name><description>Fonte: INMETRO+OSM</description><Point><coordinates>-51.478721,-25.386446,0</coordinates></Point></Placemark>
<Placemark><name>Radar 60 km/h</name><description>Fonte: ANTT · sentido 82° (leste)</description><Point><coordinates>-52.412164,-25.385947,0</coordinates></Point></Placemark>
<Placemark><name>Radar 60 km/h</name><description>Fonte: OSM</description><Point><coordinates>-52.415062,-25.385756,0</coordinates></Point></Placemark>
<Placemark><name>Radar 40 km/h</name><description>Fonte: INMETRO+OSM</description><Point><coordinates>-51.477531,-25.385687,0</coordinates></Point></Placemark>
<Placemark><name>Radar 40 km/h</name><description>Fonte: OSM</description><Point><coordinates>-51.513011,-25.385492,0</coordinates></Point></Placemark>
<Placemark><name>Radar 60 km/h</name><description>Fonte: OSM</description><Point><coordinates>-52.409841,-25.385263,0</coordinates></Point></Placemark>
<Placemark><name>Radar 60 km/h</name><description>Fonte: OSM</description><Point><coordinates>-51.513846,-25.385056,0</coordinates></Point></Placemark>
<Placemark><name>Radar 60 km/h</name><description>Fonte: ANTT · sentido 241° (sudoeste)</description><Point><coordinates>-52.409103,-25.384772,0</coordinates></Point></Placemark>
<Placemark><name>Radar 60 km/h</name><description>Fonte: INMETRO+OSM</description><Point><coordinates>-49.215532,-25.384720,0</coordinates></Point></Placemark>
<Placemark><name>Radar 60 km/h</name><description>Fonte: OSM</description><Point><coordinates>-49.215390,-25.384666,0</coordinates></Point></Placemark>
<Placemark><name>Radar</name><description>Fonte: OSM</description><Point><coordinates>-49.233727,-25.384477,0</coordinates></Point></Placemark>
<Placemark><name>Radar 60 km/h</name><description>Fonte: INMETRO+OSM</description><Point><coordinates>-49.233565,-25.384447,0</coordinates></Point></Placemark>
<Placemark><name>Radar 40 km/h</name><description>Fonte: INMETRO</description><Point><coordinates>-49.230093,-25.383828,0</coordinates></Point></Placemark>
<Placemark><name>Radar 60 km/h</name><description>Fonte: INMETRO</description><Point><coordinates>-49.227940,-25.382009,0</coordinates></Point></Placemark>
<Placemark><name>Radar 50 km/h</name><description>Fonte: OSM</description><Point><coordinates>-49.272011,-25.381101,0</coordinates></Point></Placemark>
<Placemark><name>Radar 50 km/h</name><description>Fonte: INMETRO+OSM</description><Point><coordinates>-49.272137,-25.381039,0</coordinates></Point></Placemark>
<Placemark><name>Radar 60 km/h</name><description>Fonte: ANTT · sentido 200° (sul)</description><Point><coordinates>-53.577027,-25.380996,0</coordinates></Point></Placemark>
<Placemark><name>Radar 60 km/h</name><description>Fonte: OSM</description><Point><coordinates>-52.123138,-25.379393,0</coordinates></Point></Placemark>
<Placemark><name>Radar 40 km/h</name><description>Fonte: OSM</description><Point><coordinates>-51.449749,-25.378664,0</coordinates></Point></Placemark>
<Placemark><name>Radar</name><description>Fonte: OSM</description><Point><coordinates>-52.241492,-25.376416,0</coordinates></Point></Placemark>
<Placemark><name>Radar 60 km/h</name><description>Fonte: OSM</description><Point><coordinates>-52.130377,-25.376305,0</coordinates></Point></Placemark>
<Placemark><name>Radar 60 km/h</name><description>Fonte: ANTT · sentido 306° (noroeste)</description><Point><coordinates>-52.241503,-25.376133,0</coordinates></Point></Placemark>
<Placemark><name>Radar</name><description>Fonte: DNIT · sentido 37° (nordeste)</description><Point><coordinates>-49.194187,-25.375342,0</coordinates></Point></Placemark>
<Placemark><name>Radar 60 km/h</name><description>Fonte: ANTT+OSM · sentido 61° (nordeste)</description><Point><coordinates>-52.389818,-25.375134,0</coordinates></Point></Placemark>
<Placemark><name>Radar 60 km/h</name><description>Fonte: OSM</description><Point><coordinates>-49.274133,-25.374750,0</coordinates></Point></Placemark>
<Placemark><name>Radar 60 km/h</name><description>Fonte: ANTT+OSM · sentido 239° (sudoeste)</description><Point><coordinates>-52.387883,-25.373939,0</coordinates></Point></Placemark>
<Placemark><name>Radar 40 km/h</name><description>Fonte: INMETRO+OSM</description><Point><coordinates>-51.456976,-25.373579,0</coordinates></Point></Placemark>
<Placemark><name>Radar 60 km/h</name><description>Fonte: OSM</description><Point><coordinates>-54.271839,-25.373544,0</coordinates></Point></Placemark>
<Placemark><name>Radar</name><description>Fonte: DNIT · sentido 219° (sudoeste)</description><Point><coordinates>-49.192755,-25.373375,0</coordinates></Point></Placemark>
<Placemark><name>Radar 40 km/h</name><description>Fonte: INMETRO+OSM</description><Point><coordinates>-51.489781,-25.373047,0</coordinates></Point></Placemark>
<Placemark><name>Radar</name><description>Fonte: OSM</description><Point><coordinates>-52.439473,-25.372393,0</coordinates></Point></Placemark>
<Placemark><name>Radar 60 km/h</name><description>Fonte: OSM</description><Point><coordinates>-52.280353,-25.372342,0</coordinates></Point></Placemark>
<Placemark><name>Radar 40 km/h</name><description>Fonte: OSM</description><Point><coordinates>-51.261578,-25.371427,0</coordinates></Point></Placemark>
<Placemark><name>Radar 40 km/h</name><description>Fonte: OSM</description><Point><coordinates>-51.260957,-25.371249,0</coordinates></Point></Placemark>
<Placemark><name>Radar 50 km/h</name><description>Fonte: INMETRO+OSM</description><Point><coordinates>-51.474175,-25.369584,0</coordinates></Point></Placemark>
<Placemark><name>Radar 50 km/h</name><description>Fonte: INMETRO+OSM</description><Point><coordinates>-51.474315,-25.369572,0</coordinates></Point></Placemark>
<Placemark><name>Radar 40 km/h</name><description>Fonte: OSM</description><Point><coordinates>-51.492865,-25.368604,0</coordinates></Point></Placemark>
<Placemark><name>Radar 80 km/h</name><description>Fonte: OSM</description><Point><coordinates>-52.341930,-25.368572,0</coordinates></Point></Placemark>
<Placemark><name>Radar</name><description>Fonte: DNIT</description><Point><coordinates>-49.188700,-25.367889,0</coordinates></Point></Placemark>
<Placemark><name>Radar 80 km/h</name><description>Fonte: OSM</description><Point><coordinates>-51.334441,-25.367828,0</coordinates></Point></Placemark>
<Placemark><name>Radar 60 km/h</name><description>Fonte: ANTT · sentido 246° (sudoeste)</description><Point><coordinates>-51.491732,-25.366153,0</coordinates></Point></Placemark>
<Placemark><name>Radar 40 km/h</name><description>Fonte: INMETRO+OSM</description><Point><coordinates>-51.466730,-25.365942,0</coordinates></Point></Placemark>
<Placemark><name>Radar 60 km/h</name><description>Fonte: OSM</description><Point><coordinates>-51.490670,-25.365924,0</coordinates></Point></Placemark>
<Placemark><name>Radar</name><description>Fonte: DNIT</description><Point><coordinates>-49.186300,-25.365019,0</coordinates></Point></Placemark>
<Placemark><name>Radar</name><description>Fonte: DNIT · sentido 214° (sudoeste)</description><Point><coordinates>-49.185985,-25.364086,0</coordinates></Point></Placemark>
<Placemark><name>Radar</name><description>Fonte: DNIT</description><Point><coordinates>-49.182666,-25.360385,0</coordinates></Point></Placemark>
<Placemark><name>Radar</name><description>Fonte: DNIT</description><Point><coordinates>-49.180900,-25.356710,0</coordinates></Point></Placemark>
<Placemark><name>Radar 60 km/h</name><description>Fonte: OSM</description><Point><coordinates>-50.634062,-25.353972,0</coordinates></Point></Placemark>
<Placemark><name>Radar 60 km/h</name><description>Fonte: OSM</description><Point><coordinates>-50.634100,-25.353637,0</coordinates></Point></Placemark>
<Placemark><name>Radar</name><description>Fonte: DNIT</description><Point><coordinates>-49.169497,-25.348915,0</coordinates></Point></Placemark>
<Placemark><name>Radar</name><description>Fonte: DNIT</description><Point><coordinates>-49.162893,-25.348598,0</coordinates></Point></Placemark>
<Placemark><name>Radar 40 km/h</name><description>Fonte: OSM</description><Point><coordinates>-49.843233,-25.347028,0</coordinates></Point></Placemark>
<Placemark><name>Radar 40 km/h</name><description>Fonte: OSM</description><Point><coordinates>-49.842906,-25.346871,0</coordinates></Point></Placemark>
<Placemark><name>Radar 60 km/h</name><description>Fonte: ANTT+OSM · sentido 77° (leste)</description><Point><coordinates>-54.232139,-25.345000,0</coordinates></Point></Placemark>
<Placemark><name>Radar 60 km/h</name><description>Fonte: ANTT · sentido 263° (oeste)</description><Point><coordinates>-54.229946,-25.344531,0</coordinates></Point></Placemark>
<Placemark><name>Radar 60 km/h</name><description>Fonte: OSM</description><Point><coordinates>-54.229471,-25.344443,0</coordinates></Point></Placemark>
<Placemark><name>Radar</name><description>Fonte: DNIT · sentido 28° (nordeste)</description><Point><coordinates>-49.157801,-25.341108,0</coordinates></Point></Placemark>
<Placemark><name>Radar</name><description>Fonte: DNIT · sentido 170° (sul)</description><Point><coordinates>-49.157465,-25.339570,0</coordinates></Point></Placemark>
<Placemark><name>Radar 60 km/h</name><description>Fonte: ANTT · sentido 220° (sudoeste)</description><Point><coordinates>-54.198539,-25.338005,0</coordinates></Point></Placemark>
<Placemark><name>Radar 60 km/h</name><description>Fonte: OSM</description><Point><coordinates>-54.198323,-25.337664,0</coordinates></Point></Placemark>
<Placemark><name>Radar 60 km/h</name><description>Fonte: OSM</description><Point><coordinates>-51.217602,-25.332861,0</coordinates></Point></Placemark>
<Placemark><name>Radar 60 km/h</name><description>Fonte: OSM</description><Point><coordinates>-51.217893,-25.332207,0</coordinates></Point></Placemark>
<Placemark><name>Radar 60 km/h</name><description>Fonte: OSM</description><Point><coordinates>-51.216010,-25.321346,0</coordinates></Point></Placemark>
<Placemark><name>Radar 60 km/h</name><description>Fonte: ANTT · sentido 18° (norte)</description><Point><coordinates>-51.215814,-25.320934,0</coordinates></Point></Placemark>
<Placemark><name>Radar</name><description>Fonte: DNIT</description><Point><coordinates>-49.159410,-25.320893,0</coordinates></Point></Placemark>
<Placemark><name>Radar 60 km/h</name><description>Fonte: ANTT · sentido 6° (norte)</description><Point><coordinates>-53.591885,-25.320349,0</coordinates></Point></Placemark>
<Placemark><name>Radar 60 km/h</name><description>Fonte: ANTT+OSM · sentido 200° (sul)</description><Point><coordinates>-51.214684,-25.317858,0</coordinates></Point></Placemark>
<Placemark><name>Radar</name><description>Fonte: DNIT</description><Point><coordinates>-49.150132,-25.313591,0</coordinates></Point></Placemark>
<Placemark><name>Radar 60 km/h</name><description>Fonte: OSM</description><Point><coordinates>-51.176559,-25.313031,0</coordinates></Point></Placemark>
<Placemark><name>Radar</name><description>Fonte: DNIT · sentido 21° (norte)</description><Point><coordinates>-49.144199,-25.308630,0</coordinates></Point></Placemark>
<Placemark><name>Radar 60 km/h</name><description>Fonte: OSM</description><Point><coordinates>-52.536271,-25.307916,0</coordinates></Point></Placemark>
<Placemark><name>Radar 60 km/h</name><description>Fonte: OSM</description><Point><coordinates>-52.542826,-25.307026,0</coordinates></Point></Placemark>
<Placemark><name>Radar 60 km/h</name><description>Fonte: OSM</description><Point><coordinates>-52.542556,-25.306990,0</coordinates></Point></Placemark>
<Placemark><name>Radar</name><description>Fonte: DNIT · sentido 131° (sudeste)</description><Point><coordinates>-49.144072,-25.306227,0</coordinates></Point></Placemark>
<Placemark><name>Radar 60 km/h</name><description>Fonte: ANTT+OSM · sentido 284° (oeste)</description><Point><coordinates>-52.556936,-25.305427,0</coordinates></Point></Placemark>
<Placemark><name>Radar 100 km/h</name><description>Fonte: OSM</description><Point><coordinates>-48.939801,-25.299092,0</coordinates></Point></Placemark>
<Placemark><name>Radar 60 km/h</name><description>Fonte: ANTT+OSM</description><Point><coordinates>-51.143938,-25.298716,0</coordinates></Point></Placemark>
<Placemark><name>Radar 60 km/h</name><description>Fonte: OSM</description><Point><coordinates>-52.575901,-25.292619,0</coordinates></Point></Placemark>
<Placemark><name>Radar 80 km/h</name><description>Fonte: ANTT+OSM · sentido 253° (oeste)</description><Point><coordinates>-54.096776,-25.287337,0</coordinates></Point></Placemark>
<Placemark><name>Radar 80 km/h</name><description>Fonte: OSM</description><Point><coordinates>-54.093949,-25.286727,0</coordinates></Point></Placemark>
<Placemark><name>Radar 80 km/h</name><description>Fonte: ANTT · sentido 75° (leste)</description><Point><coordinates>-54.093577,-25.286687,0</coordinates></Point></Placemark>
<Placemark><name>Radar</name><description>Fonte: OSM</description><Point><coordinates>-48.927178,-25.281081,0</coordinates></Point></Placemark>
<Placemark><name>Radar 60 km/h</name><description>Fonte: OSM</description><Point><coordinates>-52.594640,-25.274500,0</coordinates></Point></Placemark>
<Placemark><name>Radar 110 km/h</name><description>Fonte: OSM</description><Point><coordinates>-48.919931,-25.271037,0</coordinates></Point></Placemark>
<Placemark><name>Radar 60 km/h</name><description>Fonte: OSM</description><Point><coordinates>-52.620552,-25.266085,0</coordinates></Point></Placemark>
<Placemark><name>Radar 60 km/h</name><description>Fonte: OSM</description><Point><coordinates>-52.625358,-25.254770,0</coordinates></Point></Placemark>
<Placemark><name>Radar 60 km/h</name><description>Fonte: OSM</description><Point><coordinates>-53.983858,-25.249780,0</coordinates></Point></Placemark>
<Placemark><name>Radar 60 km/h</name><description>Fonte: ANTT · sentido 155° (sudeste)</description><Point><coordinates>-53.984070,-25.249489,0</coordinates></Point></Placemark>
<Placemark><name>Radar</name><description>Fonte: DNIT</description><Point><coordinates>-50.628110,-25.247778,0</coordinates></Point></Placemark>
<Placemark><name>Radar 60 km/h</name><description>Fonte: OSM</description><Point><coordinates>-53.978986,-25.242724,0</coordinates></Point></Placemark>
<Placemark><name>Radar 80 km/h</name><description>Fonte: ANTT</description><Point><coordinates>-51.038856,-25.238679,0</coordinates></Point></Placemark>
<Placemark><name>Radar</name><description>Fonte: DNIT</description><Point><coordinates>-52.278706,-25.231956,0</coordinates></Point></Placemark>
<Placemark><name>Radar</name><description>Fonte: OSM</description><Point><coordinates>-48.906370,-25.224818,0</coordinates></Point></Placemark>
<Placemark><name>Radar 60 km/h</name><description>Fonte: OSM</description><Point><coordinates>-53.592548,-25.223998,0</coordinates></Point></Placemark>
<Placemark><name>Radar 80 km/h</name><description>Fonte: ANTT</description><Point><coordinates>-51.021521,-25.220236,0</coordinates></Point></Placemark>
<Placemark><name>Radar</name><description>Fonte: DNIT</description><Point><coordinates>-49.115709,-25.219479,0</coordinates></Point></Placemark>
<Placemark><name>Radar 60 km/h</name><description>Fonte: OSM</description><Point><coordinates>-49.115687,-25.218883,0</coordinates></Point></Placemark>
<Placemark><name>Radar 60 km/h</name><description>Fonte: OSM</description><Point><coordinates>-49.115762,-25.218859,0</coordinates></Point></Placemark>
<Placemark><name>Radar 60 km/h</name><description>Fonte: OSM</description><Point><coordinates>-52.651017,-25.213991,0</coordinates></Point></Placemark>
<Placemark><name>Radar</name><description>Fonte: OSM</description><Point><coordinates>-48.900741,-25.213834,0</coordinates></Point></Placemark>
<Placemark><name>Radar 40 km/h</name><description>Fonte: OSM</description><Point><coordinates>-50.060071,-25.213515,0</coordinates></Point></Placemark>
<Placemark><name>Radar 40 km/h</name><description>Fonte: OSM</description><Point><coordinates>-50.060836,-25.212898,0</coordinates></Point></Placemark>
<Placemark><name>Radar 60 km/h</name><description>Fonte: OSM</description><Point><coordinates>-53.949578,-25.205989,0</coordinates></Point></Placemark>
<Placemark><name>Radar 50 km/h</name><description>Fonte: DNIT+OSM</description><Point><coordinates>-49.114683,-25.205471,0</coordinates></Point></Placemark>
<Placemark><name>Radar 60 km/h</name><description>Fonte: DNIT+ANTT+OSM</description><Point><coordinates>-53.941270,-25.194783,0</coordinates></Point></Placemark>
<Placemark><name>Radar 60 km/h</name><description>Fonte: OSM</description><Point><coordinates>-48.885031,-25.186587,0</coordinates></Point></Placemark>
<Placemark><name>Radar 60 km/h</name><description>Fonte: OSM</description><Point><coordinates>-48.880358,-25.184496,0</coordinates></Point></Placemark>
<Placemark><name>Radar 60 km/h</name><description>Fonte: ANTT</description><Point><coordinates>-50.656786,-25.178723,0</coordinates></Point></Placemark>
<Placemark><name>Radar</name><description>Fonte: OSM</description><Point><coordinates>-48.876536,-25.176524,0</coordinates></Point></Placemark>
<Placemark><name>Radar 40 km/h</name><description>Fonte: OSM</description><Point><coordinates>-53.878033,-25.176170,0</coordinates></Point></Placemark>
<Placemark><name>Radar 110 km/h</name><description>Fonte: OSM</description><Point><coordinates>-53.858792,-25.171942,0</coordinates></Point></Placemark>
<Placemark><name>Radar 60 km/h</name><description>Fonte: OSM</description><Point><coordinates>-48.864770,-25.166849,0</coordinates></Point></Placemark>
<Placemark><name>Radar 60 km/h</name><description>Fonte: ANTT · sentido 223° (sudoeste)</description><Point><coordinates>-48.864138,-25.166361,0</coordinates></Point></Placemark>
<Placemark><name>Radar 80 km/h</name><description>Fonte: OSM</description><Point><coordinates>-50.118664,-25.164005,0</coordinates></Point></Placemark>
<Placemark><name>Radar 60 km/h</name><description>Fonte: OSM</description><Point><coordinates>-53.847125,-25.153938,0</coordinates></Point></Placemark>
<Placemark><name>Radar 60 km/h</name><description>Fonte: OSM</description><Point><coordinates>-53.847045,-25.153861,0</coordinates></Point></Placemark>
<Placemark><name>Radar 80 km/h</name><description>Fonte: OSM</description><Point><coordinates>-50.144773,-25.149998,0</coordinates></Point></Placemark>
<Placemark><name>Radar 80 km/h</name><description>Fonte: ANTT · sentido 118° (sudeste)</description><Point><coordinates>-50.147651,-25.148585,0</coordinates></Point></Placemark>
<Placemark><name>Radar 60 km/h</name><description>Fonte: OSM</description><Point><coordinates>-50.146123,-25.146316,0</coordinates></Point></Placemark>
<Placemark><name>Radar 80 km/h</name><description>Fonte: OSM</description><Point><coordinates>-50.152122,-25.145989,0</coordinates></Point></Placemark>
<Placemark><name>Radar 60 km/h</name><description>Fonte: OSM</description><Point><coordinates>-53.834640,-25.143427,0</coordinates></Point></Placemark>
<Placemark><name>Radar 60 km/h</name><description>Fonte: OSM</description><Point><coordinates>-50.149013,-25.142641,0</coordinates></Point></Placemark>
<Placemark><name>Radar</name><description>Fonte: DNIT · sentido 275° (oeste)</description><Point><coordinates>-52.285567,-25.141318,0</coordinates></Point></Placemark>
<Placemark><name>Radar</name><description>Fonte: DNIT · sentido 134° (sudeste)</description><Point><coordinates>-52.289308,-25.139442,0</coordinates></Point></Placemark>
<Placemark><name>Radar 60 km/h</name><description>Fonte: OSM</description><Point><coordinates>-50.152552,-25.136769,0</coordinates></Point></Placemark>
<Placemark><name>Radar 60 km/h</name><description>Fonte: OSM</description><Point><coordinates>-50.153578,-25.135389,0</coordinates></Point></Placemark>
<Placemark><name>Radar 50 km/h</name><description>Fonte: INMETRO</description><Point><coordinates>-50.110872,-25.127927,0</coordinates></Point></Placemark>
<Placemark><name>Radar 80 km/h</name><description>Fonte: ANTT+OSM · sentido 304° (noroeste)</description><Point><coordinates>-50.178534,-25.126274,0</coordinates></Point></Placemark>
<Placemark><name>Radar 110 km/h</name><description>Fonte: OSM</description><Point><coordinates>-53.587709,-25.124935,0</coordinates></Point></Placemark>
<Placemark><name>Radar 80 km/h</name><description>Fonte: OSM</description><Point><coordinates>-50.185015,-25.120354,0</coordinates></Point></Placemark>
<Placemark><name>Radar 80 km/h</name><description>Fonte: ANTT · sentido 158° (sul)</description><Point><coordinates>-50.185244,-25.119836,0</coordinates></Point></Placemark>
<Placemark><name>Radar 40 km/h</name><description>Fonte: INMETRO</description><Point><coordinates>-50.201080,-25.116263,0</coordinates></Point></Placemark>
<Placemark><name>Radar 50 km/h</name><description>Fonte: INMETRO+OSM</description><Point><coordinates>-50.154730,-25.115730,0</coordinates></Point></Placemark>
<Placemark><name>Radar 60 km/h</name><description>Fonte: ANTT+OSM</description><Point><coordinates>-48.849583,-25.115222,0</coordinates></Point></Placemark>
<Placemark><name>Radar 60 km/h</name><description>Fonte: OSM</description><Point><coordinates>-48.761442,-25.113704,0</coordinates></Point></Placemark>
<Placemark><name>Radar 60 km/h</name><description>Fonte: OSM</description><Point><coordinates>-48.847181,-25.113207,0</coordinates></Point></Placemark>
<Placemark><name>Radar</name><description>Fonte: OSM</description><Point><coordinates>-48.763723,-25.112509,0</coordinates></Point></Placemark>
<Placemark><name>Radar 60 km/h</name><description>Fonte: ANTT</description><Point><coordinates>-48.804250,-25.112389,0</coordinates></Point></Placemark>
<Placemark><name>Radar 50 km/h</name><description>Fonte: INMETRO+OSM</description><Point><coordinates>-50.157795,-25.111831,0</coordinates></Point></Placemark>
<Placemark><name>Radar</name><description>Fonte: OSM</description><Point><coordinates>-48.766254,-25.111712,0</coordinates></Point></Placemark>
<Placemark><name>Radar 60 km/h</name><description>Fonte: OSM</description><Point><coordinates>-48.764652,-25.111705,0</coordinates></Point></Placemark>
<Placemark><name>Radar 60 km/h</name><description>Fonte: OSM</description><Point><coordinates>-48.808509,-25.110954,0</coordinates></Point></Placemark>
<Placemark><name>Radar 50 km/h</name><description>Fonte: INMETRO+OSM</description><Point><coordinates>-50.159721,-25.109791,0</coordinates></Point></Placemark>
<Placemark><name>Radar 60 km/h</name><description>Fonte: OSM</description><Point><coordinates>-48.843643,-25.109659,0</coordinates></Point></Placemark>
<Placemark><name>Radar 60 km/h</name><description>Fonte: OSM</description><Point><coordinates>-52.855827,-25.109020,0</coordinates></Point></Placemark>
<Placemark><name>Radar 80 km/h</name><description>Fonte: OSM</description><Point><coordinates>-50.191111,-25.108305,0</coordinates></Point></Placemark>
<Placemark><name>Radar 50 km/h</name><description>Fonte: OSM</description><Point><coordinates>-50.116312,-25.108053,0</coordinates></Point></Placemark>
<Placemark><name>Radar 80 km/h</name><description>Fonte: ANTT · sentido 135° (sudeste)</description><Point><coordinates>-50.192251,-25.107126,0</coordinates></Point></Placemark>
<Placemark><name>Radar 40 km/h</name><description>Fonte: INMETRO+OSM</description><Point><coordinates>-50.173693,-25.106402,0</coordinates></Point></Placemark>
<Placemark><name>Radar</name><description>Fonte: OSM</description><Point><coordinates>-48.717262,-25.105180,0</coordinates></Point></Placemark>
<Placemark><name>Radar</name><description>Fonte: OSM</description><Point><coordinates>-48.718397,-25.104282,0</coordinates></Point></Placemark>
<Placemark><name>Radar 60 km/h</name><description>Fonte: INMETRO</description><Point><coordinates>-50.190837,-25.102397,0</coordinates></Point></Placemark>
<Placemark><name>Radar 40 km/h</name><description>Fonte: INMETRO+OSM</description><Point><coordinates>-50.184106,-25.100727,0</coordinates></Point></Placemark>
<Placemark><name>Radar 60 km/h</name><description>Fonte: INMETRO</description><Point><coordinates>-50.182023,-25.099199,0</coordinates></Point></Placemark>
<Placemark><name>Radar 50 km/h</name><description>Fonte: INMETRO</description><Point><coordinates>-50.110881,-25.099084,0</coordinates></Point></Placemark>
<Placemark><name>Radar 50 km/h</name><description>Fonte: INMETRO</description><Point><coordinates>-50.162174,-25.099061,0</coordinates></Point></Placemark>
<Placemark><name>Radar 80 km/h</name><description>Fonte: OSM</description><Point><coordinates>-50.197347,-25.098907,0</coordinates></Point></Placemark>
<Placemark><name>Radar 80 km/h</name><description>Fonte: ANTT+OSM · sentido 186° (sul)</description><Point><coordinates>-50.197202,-25.097089,0</coordinates></Point></Placemark>
<Placemark><name>Radar</name><description>Fonte: OSM</description><Point><coordinates>-48.670356,-25.097079,0</coordinates></Point></Placemark>
<Placemark><name>Radar 50 km/h</name><description>Fonte: INMETRO+OSM</description><Point><coordinates>-50.160399,-25.095851,0</coordinates></Point></Placemark>
<Placemark><name>Radar 80 km/h</name><description>Fonte: OSM</description><Point><coordinates>-50.196891,-25.094948,0</coordinates></Point></Placemark>
<Placemark><name>Radar 40 km/h</name><description>Fonte: INMETRO+OSM</description><Point><coordinates>-50.127775,-25.093709,0</coordinates></Point></Placemark>
<Placemark><name>Radar 50 km/h</name><description>Fonte: INMETRO</description><Point><coordinates>-50.162630,-25.092708,0</coordinates></Point></Placemark>
<Placemark><name>Radar 50 km/h</name><description>Fonte: INMETRO</description><Point><coordinates>-50.157076,-25.092695,0</coordinates></Point></Placemark>
<Placemark><name>Radar 50 km/h</name><description>Fonte: INMETRO</description><Point><coordinates>-50.160688,-25.092503,0</coordinates></Point></Placemark>
<Placemark><name>Radar 50 km/h</name><description>Fonte: INMETRO</description><Point><coordinates>-50.164688,-25.091804,0</coordinates></Point></Placemark>
<Placemark><name>Radar 50 km/h</name><description>Fonte: INMETRO</description><Point><coordinates>-50.147863,-25.091271,0</coordinates></Point></Placemark>
<Placemark><name>Radar 50 km/h</name><description>Fonte: OSM</description><Point><coordinates>-50.141270,-25.091238,0</coordinates></Point></Placemark>
<Placemark><name>Radar 40 km/h</name><description>Fonte: INMETRO</description><Point><coordinates>-50.179841,-25.091146,0</coordinates></Point></Placemark>
<Placemark><name>Radar 50 km/h</name><description>Fonte: OSM</description><Point><coordinates>-50.146649,-25.090759,0</coordinates></Point></Placemark>
<Placemark><name>Radar 50 km/h</name><description>Fonte: INMETRO+OSM</description><Point><coordinates>-50.150164,-25.090756,0</coordinates></Point></Placemark>
<Placemark><name>Radar 50 km/h</name><description>Fonte: OSM</description><Point><coordinates>-50.150151,-25.090665,0</coordinates></Point></Placemark>
<Placemark><name>Radar 50 km/h</name><description>Fonte: INMETRO</description><Point><coordinates>-50.203284,-25.090029,0</coordinates></Point></Placemark>
<Placemark><name>Radar 60 km/h</name><description>Fonte: INMETRO+OSM</description><Point><coordinates>-50.170516,-25.089665,0</coordinates></Point></Placemark>
<Placemark><name>Radar 50 km/h</name><description>Fonte: OSM</description><Point><coordinates>-50.149644,-25.088598,0</coordinates></Point></Placemark>
<Placemark><name>Radar 80 km/h</name><description>Fonte: OSM</description><Point><coordinates>-50.194592,-25.087491,0</coordinates></Point></Placemark>
<Placemark><name>Radar 80 km/h</name><description>Fonte: ANTT · sentido 227° (sudoeste)</description><Point><coordinates>-50.194109,-25.087080,0</coordinates></Point></Placemark>
<Placemark><name>Radar 50 km/h</name><description>Fonte: INMETRO</description><Point><coordinates>-50.149481,-25.086549,0</coordinates></Point></Placemark>
<Placemark><name>Radar 60 km/h</name><description>Fonte: INMETRO+OSM</description><Point><coordinates>-50.173713,-25.086028,0</coordinates></Point></Placemark>
<Placemark><name>Radar 50 km/h</name><description>Fonte: INMETRO</description><Point><coordinates>-50.178863,-25.085955,0</coordinates></Point></Placemark>
<Placemark><name>Radar 50 km/h</name><description>Fonte: INMETRO</description><Point><coordinates>-50.182721,-25.084626,0</coordinates></Point></Placemark>
<Placemark><name>Radar 50 km/h</name><description>Fonte: INMETRO</description><Point><coordinates>-50.160319,-25.084502,0</coordinates></Point></Placemark>
<Placemark><name>Radar 50 km/h</name><description>Fonte: INMETRO</description><Point><coordinates>-50.183238,-25.081608,0</coordinates></Point></Placemark>
<Placemark><name>Radar 50 km/h</name><description>Fonte: INMETRO</description><Point><coordinates>-50.155469,-25.078234,0</coordinates></Point></Placemark>
<Placemark><name>Radar 50 km/h</name><description>Fonte: INMETRO</description><Point><coordinates>-50.108256,-25.077595,0</coordinates></Point></Placemark>
<Placemark><name>Radar 50 km/h</name><description>Fonte: INMETRO</description><Point><coordinates>-50.126274,-25.076629,0</coordinates></Point></Placemark>
<Placemark><name>Radar 50 km/h</name><description>Fonte: INMETRO</description><Point><coordinates>-50.153767,-25.075796,0</coordinates></Point></Placemark>
<Placemark><name>Radar 50 km/h</name><description>Fonte: INMETRO</description><Point><coordinates>-50.155059,-25.074944,0</coordinates></Point></Placemark>
<Placemark><name>Radar 50 km/h</name><description>Fonte: INMETRO</description><Point><coordinates>-50.181379,-25.071433,0</coordinates></Point></Placemark>
<Placemark><name>Radar 50 km/h</name><description>Fonte: INMETRO</description><Point><coordinates>-50.145185,-25.069586,0</coordinates></Point></Placemark>
<Placemark><name>Radar 40 km/h</name><description>Fonte: INMETRO</description><Point><coordinates>-50.115277,-25.067718,0</coordinates></Point></Placemark>
<Placemark><name>Radar 60 km/h</name><description>Fonte: INMETRO+OSM</description><Point><coordinates>-50.138302,-25.064544,0</coordinates></Point></Placemark>
<Placemark><name>Radar 60 km/h</name><description>Fonte: OSM</description><Point><coordinates>-50.224755,-25.056876,0</coordinates></Point></Placemark>
<Placemark><name>Radar 60 km/h</name><description>Fonte: OSM</description><Point><coordinates>-50.226094,-25.056283,0</coordinates></Point></Placemark>
<Placemark><name>Radar 50 km/h</name><description>Fonte: INMETRO</description><Point><coordinates>-50.147648,-25.052964,0</coordinates></Point></Placemark>
<Placemark><name>Radar 60 km/h</name><description>Fonte: ANTT · sentido 81° (leste)</description><Point><coordinates>-53.632101,-25.052212,0</coordinates></Point></Placemark>
<Placemark><name>Radar 50 km/h</name><description>Fonte: OSM</description><Point><coordinates>-53.631468,-25.052052,0</coordinates></Point></Placemark>
<Placemark><name>Radar 60 km/h</name><description>Fonte: ANTT+OSM · sentido 264° (oeste)</description><Point><coordinates>-53.630637,-25.051928,0</coordinates></Point></Placemark>
<Placemark><name>Radar 60 km/h</name><description>Fonte: OSM</description><Point><coordinates>-53.620674,-25.050717,0</coordinates></Point></Placemark>
<Placemark><name>Radar 50 km/h</name><description>Fonte: ANTT+OSM</description><Point><coordinates>-53.620300,-25.050614,0</coordinates></Point></Placemark>
<Placemark><name>Radar 60 km/h</name><description>Fonte: OSM</description><Point><coordinates>-50.260814,-25.043384,0</coordinates></Point></Placemark>
<Placemark><name>Radar 60 km/h</name><description>Fonte: OSM</description><Point><coordinates>-50.260819,-25.043307,0</coordinates></Point></Placemark>
<Placemark><name>Radar 60 km/h</name><description>Fonte: ANTT+OSM · sentido 284° (oeste)</description><Point><coordinates>-50.264038,-25.042953,0</coordinates></Point></Placemark>
<Placemark><name>Radar 60 km/h</name><description>Fonte: ANTT+OSM · sentido 112° (leste)</description><Point><coordinates>-50.266573,-25.042240,0</coordinates></Point></Placemark>
<Placemark><name>Radar 60 km/h</name><description>Fonte: OSM</description><Point><coordinates>-50.243468,-25.040469,0</coordinates></Point></Placemark>
<Placemark><name>Radar 60 km/h</name><description>Fonte: OSM</description><Point><coordinates>-50.243415,-25.040407,0</coordinates></Point></Placemark>
<Placemark><name>Radar 60 km/h</name><description>Fonte: ANTT · sentido 69° (leste)</description><Point><coordinates>-50.280386,-25.039924,0</coordinates></Point></Placemark>
<Placemark><name>Radar 110 km/h</name><description>Fonte: OSM</description><Point><coordinates>-53.526514,-25.004922,0</coordinates></Point></Placemark>
<Placemark><name>Radar 60 km/h</name><description>Fonte: OSM</description><Point><coordinates>-53.296090,-25.000336,0</coordinates></Point></Placemark>
<Placemark><name>Radar 80 km/h</name><description>Fonte: ANTT</description><Point><coordinates>-50.126300,-24.994900,0</coordinates></Point></Placemark>
<Placemark><name>Radar</name><description>Fonte: DNIT</description><Point><coordinates>-49.086857,-24.987371,0</coordinates></Point></Placemark>
<Placemark><name>Radar</name><description>Fonte: DNIT · sentido 6° (norte)</description><Point><coordinates>-52.298872,-24.984158,0</coordinates></Point></Placemark>
<Placemark><name>Radar 70 km/h</name><description>Fonte: OSM</description><Point><coordinates>-53.502275,-24.982574,0</coordinates></Point></Placemark>
<Placemark><name>Radar 60 km/h</name><description>Fonte: ANTT · sentido 40° (nordeste)</description><Point><coordinates>-53.501882,-24.982289,0</coordinates></Point></Placemark>
<Placemark><name>Radar 50 km/h</name><description>Fonte: INMETRO</description><Point><coordinates>-53.472572,-24.981102,0</coordinates></Point></Placemark>
<Placemark><name>Radar</name><description>Fonte: DNIT · sentido 167° (sul)</description><Point><coordinates>-52.297968,-24.980776,0</coordinates></Point></Placemark>
<Placemark><name>Radar 60 km/h</name><description>Fonte: ANTT+OSM · sentido 261° (oeste)</description><Point><coordinates>-53.497620,-24.979442,0</coordinates></Point></Placemark>
<Placemark><name>Radar 70 km/h</name><description>Fonte: OSM</description><Point><coordinates>-53.496402,-24.979408,0</coordinates></Point></Placemark>
<Placemark><name>Radar 60 km/h</name><description>Fonte: INMETRO</description><Point><coordinates>-53.495488,-24.976212,0</coordinates></Point></Placemark>
<Placemark><name>Radar 40 km/h</name><description>Fonte: INMETRO</description><Point><coordinates>-53.425972,-24.975171,0</coordinates></Point></Placemark>
<Placemark><name>Radar 50 km/h</name><description>Fonte: INMETRO</description><Point><coordinates>-53.452568,-24.973910,0</coordinates></Point></Placemark>
<Placemark><name>Radar 80 km/h</name><description>Fonte: OSM</description><Point><coordinates>-53.391834,-24.973654,0</coordinates></Point></Placemark>
<Placemark><name>Radar 40 km/h</name><description>Fonte: INMETRO</description><Point><coordinates>-53.422654,-24.973520,0</coordinates></Point></Placemark>
<Placemark><name>Radar 70 km/h</name><description>Fonte: OSM</description><Point><coordinates>-53.435256,-24.972300,0</coordinates></Point></Placemark>
<Placemark><name>Radar 70 km/h</name><description>Fonte: OSM</description><Point><coordinates>-53.433380,-24.971389,0</coordinates></Point></Placemark>
<Placemark><name>Radar 60 km/h</name><description>Fonte: OSM</description><Point><coordinates>-53.398697,-24.969024,0</coordinates></Point></Placemark>
<Placemark><name>Radar 60 km/h</name><description>Fonte: INMETRO</description><Point><coordinates>-53.484829,-24.968280,0</coordinates></Point></Placemark>
<Placemark><name>Radar</name><description>Fonte: DNIT · sentido 194° (sul)</description><Point><coordinates>-49.085713,-24.967567,0</coordinates></Point></Placemark>
<Placemark><name>Radar 60 km/h</name><description>Fonte: INMETRO</description><Point><coordinates>-53.506441,-24.967430,0</coordinates></Point></Placemark>
<Placemark><name>Radar 60 km/h</name><description>Fonte: ANTT · sentido 60° (nordeste)</description><Point><coordinates>-53.425048,-24.967106,0</coordinates></Point></Placemark>
<Placemark><name>Radar 60 km/h</name><description>Fonte: OSM</description><Point><coordinates>-53.424679,-24.966879,0</coordinates></Point></Placemark>
<Placemark><name>Radar 60 km/h</name><description>Fonte: OSM</description><Point><coordinates>-53.424003,-24.966540,0</coordinates></Point></Placemark>
<Placemark><name>Radar 60 km/h</name><description>Fonte: ANTT · sentido 240° (sudoeste)</description><Point><coordinates>-53.423432,-24.966174,0</coordinates></Point></Placemark>
<Placemark><name>Radar 60 km/h</name><description>Fonte: INMETRO</description><Point><coordinates>-53.471170,-24.964474,0</coordinates></Point></Placemark>
<Placemark><name>Radar 60 km/h</name><description>Fonte: INMETRO</description><Point><coordinates>-53.479101,-24.963741,0</coordinates></Point></Placemark>
<Placemark><name>Radar 60 km/h</name><description>Fonte: OSM</description><Point><coordinates>-53.398812,-24.961489,0</coordinates></Point></Placemark>
<Placemark><name>Radar 60 km/h</name><description>Fonte: INMETRO+OSM</description><Point><coordinates>-53.412591,-24.961197,0</coordinates></Point></Placemark>
<Placemark><name>Radar 60 km/h</name><description>Fonte: INMETRO</description><Point><coordinates>-53.418751,-24.960918,0</coordinates></Point></Placemark>
<Placemark><name>Radar 60 km/h</name><description>Fonte: DNIT+ANTT</description><Point><coordinates>-53.398831,-24.959692,0</coordinates></Point></Placemark>
<Placemark><name>Radar 60 km/h</name><description>Fonte: INMETRO</description><Point><coordinates>-53.415628,-24.959009,0</coordinates></Point></Placemark>
<Placemark><name>Radar 40 km/h</name><description>Fonte: INMETRO+OSM</description><Point><coordinates>-53.450545,-24.958332,0</coordinates></Point></Placemark>
<Placemark><name>Radar 60 km/h</name><description>Fonte: OSM</description><Point><coordinates>-53.398844,-24.957966,0</coordinates></Point></Placemark>
<Placemark><name>Radar 40 km/h</name><description>Fonte: INMETRO</description><Point><coordinates>-53.500378,-24.957899,0</coordinates></Point></Placemark>
<Placemark><name>Radar 60 km/h</name><description>Fonte: INMETRO</description><Point><coordinates>-53.469535,-24.957520,0</coordinates></Point></Placemark>
<Placemark><name>Radar 60 km/h</name><description>Fonte: INMETRO</description><Point><coordinates>-53.466952,-24.956305,0</coordinates></Point></Placemark>
<Placemark><name>Radar 60 km/h</name><description>Fonte: INMETRO</description><Point><coordinates>-53.469378,-24.954508,0</coordinates></Point></Placemark>
<Placemark><name>Radar 60 km/h</name><description>Fonte: INMETRO</description><Point><coordinates>-53.460414,-24.954369,0</coordinates></Point></Placemark>
<Placemark><name>Radar 60 km/h</name><description>Fonte: INMETRO</description><Point><coordinates>-53.471190,-24.954110,0</coordinates></Point></Placemark>
<Placemark><name>Radar 60 km/h</name><description>Fonte: INMETRO</description><Point><coordinates>-53.427097,-24.953972,0</coordinates></Point></Placemark>
<Placemark><name>Radar 60 km/h</name><description>Fonte: INMETRO</description><Point><coordinates>-53.493172,-24.953904,0</coordinates></Point></Placemark>
<Placemark><name>Radar 60 km/h</name><description>Fonte: INMETRO</description><Point><coordinates>-53.469089,-24.953827,0</coordinates></Point></Placemark>
<Placemark><name>Radar 60 km/h</name><description>Fonte: INMETRO</description><Point><coordinates>-53.420959,-24.952401,0</coordinates></Point></Placemark>
<Placemark><name>Radar 60 km/h</name><description>Fonte: INMETRO</description><Point><coordinates>-53.464213,-24.952106,0</coordinates></Point></Placemark>
<Placemark><name>Radar 60 km/h</name><description>Fonte: INMETRO</description><Point><coordinates>-53.470252,-24.951434,0</coordinates></Point></Placemark>
<Placemark><name>Radar 60 km/h</name><description>Fonte: INMETRO</description><Point><coordinates>-53.474710,-24.951417,0</coordinates></Point></Placemark>
<Placemark><name>Radar 60 km/h</name><description>Fonte: INMETRO+OSM</description><Point><coordinates>-53.436369,-24.950555,0</coordinates></Point></Placemark>
<Placemark><name>Radar 60 km/h</name><description>Fonte: INMETRO</description><Point><coordinates>-53.467914,-24.950456,0</coordinates></Point></Placemark>
<Placemark><name>Radar 60 km/h</name><description>Fonte: INMETRO</description><Point><coordinates>-53.475106,-24.948924,0</coordinates></Point></Placemark>
<Placemark><name>Radar 40 km/h</name><description>Fonte: INMETRO</description><Point><coordinates>-53.449790,-24.948433,0</coordinates></Point></Placemark>
<Placemark><name>Radar 60 km/h</name><description>Fonte: INMETRO</description><Point><coordinates>-53.441334,-24.948309,0</coordinates></Point></Placemark>
<Placemark><name>Radar 60 km/h</name><description>Fonte: OSM</description><Point><coordinates>-53.438566,-24.946530,0</coordinates></Point></Placemark>
<Placemark><name>Radar 60 km/h</name><description>Fonte: INMETRO+OSM</description><Point><coordinates>-53.438097,-24.946258,0</coordinates></Point></Placemark>
<Placemark><name>Radar 60 km/h</name><description>Fonte: INMETRO</description><Point><coordinates>-53.443422,-24.943547,0</coordinates></Point></Placemark>
<Placemark><name>Radar 60 km/h</name><description>Fonte: INMETRO</description><Point><coordinates>-53.417665,-24.938478,0</coordinates></Point></Placemark>
<Placemark><name>Radar 60 km/h</name><description>Fonte: INMETRO</description><Point><coordinates>-53.444402,-24.935744,0</coordinates></Point></Placemark>
<Placemark><name>Radar 60 km/h</name><description>Fonte: INMETRO</description><Point><coordinates>-53.489901,-24.934157,0</coordinates></Point></Placemark>
<Placemark><name>Radar 60 km/h</name><description>Fonte: INMETRO</description><Point><coordinates>-53.447185,-24.931807,0</coordinates></Point></Placemark>
<Placemark><name>Radar 60 km/h</name><description>Fonte: INMETRO</description><Point><coordinates>-53.474929,-24.930030,0</coordinates></Point></Placemark>
<Placemark><name>Radar 80 km/h</name><description>Fonte: ANTT</description><Point><coordinates>-50.099900,-24.929100,0</coordinates></Point></Placemark>
<Placemark><name>Radar 60 km/h</name><description>Fonte: DNIT+ANTT · sentido 300° (noroeste)</description><Point><coordinates>-53.455488,-24.927832,0</coordinates></Point></Placemark>
<Placemark><name>Radar 40 km/h</name><description>Fonte: INMETRO</description><Point><coordinates>-53.437653,-24.924146,0</coordinates></Point></Placemark>
<Placemark><name>Radar 60 km/h</name><description>Fonte: INMETRO</description><Point><coordinates>-53.417877,-24.923586,0</coordinates></Point></Placemark>
<Placemark><name>Radar 40 km/h</name><description>Fonte: INMETRO</description><Point><coordinates>-53.421751,-24.919878,0</coordinates></Point></Placemark>
<Placemark><name>Radar 40 km/h</name><description>Fonte: OSM</description><Point><coordinates>-50.086630,-24.912275,0</coordinates></Point></Placemark>
<Placemark><name>Radar 40 km/h</name><description>Fonte: OSM</description><Point><coordinates>-50.086731,-24.912029,0</coordinates></Point></Placemark>
<Placemark><name>Radar 60 km/h</name><description>Fonte: ANTT · sentido 188° (sul)</description><Point><coordinates>-50.443423,-24.874918,0</coordinates></Point></Placemark>
<Placemark><name>Radar 60 km/h</name><description>Fonte: ANTT+OSM</description><Point><coordinates>-50.038000,-24.868500,0</coordinates></Point></Placemark>
<Placemark><name>Radar 60 km/h</name><description>Fonte: ANTT+OSM</description><Point><coordinates>-50.037000,-24.867500,0</coordinates></Point></Placemark>
<Placemark><name>Radar 80 km/h</name><description>Fonte: OSM</description><Point><coordinates>-53.603716,-24.850814,0</coordinates></Point></Placemark>
<Placemark><name>Radar 60 km/h</name><description>Fonte: DNIT+ANTT · sentido 172° (sul)</description><Point><coordinates>-53.603926,-24.848410,0</coordinates></Point></Placemark>
<Placemark><name>Radar 60 km/h</name><description>Fonte: DNIT+ANTT+OSM</description><Point><coordinates>-53.646392,-24.826739,0</coordinates></Point></Placemark>
<Placemark><name>Radar 60 km/h</name><description>Fonte: OSM</description><Point><coordinates>-53.646084,-24.826631,0</coordinates></Point></Placemark>
<Placemark><name>Radar 60 km/h</name><description>Fonte: OSM</description><Point><coordinates>-50.015055,-24.796736,0</coordinates></Point></Placemark>
<Placemark><name>Radar 80 km/h</name><description>Fonte: DNIT+ANTT · sentido 338° (norte)</description><Point><coordinates>-53.677275,-24.789640,0</coordinates></Point></Placemark>
<Placemark><name>Radar 60 km/h</name><description>Fonte: ANTT · sentido 314° (noroeste)</description><Point><coordinates>-50.504917,-24.789083,0</coordinates></Point></Placemark>
<Placemark><name>Radar 80 km/h</name><description>Fonte: DNIT+ANTT · sentido 323° (noroeste)</description><Point><coordinates>-53.694520,-24.761122,0</coordinates></Point></Placemark>
<Placemark><name>Radar 80 km/h</name><description>Fonte: OSM</description><Point><coordinates>-53.695372,-24.759412,0</coordinates></Point></Placemark>
<Placemark><name>Radar</name><description>Fonte: OSM</description><Point><coordinates>-53.736171,-24.743572,0</coordinates></Point></Placemark>
<Placemark><name>Radar</name><description>Fonte: OSM</description><Point><coordinates>-53.736075,-24.743557,0</coordinates></Point></Placemark>
<Placemark><name>Radar</name><description>Fonte: OSM</description><Point><coordinates>-53.743277,-24.739024,0</coordinates></Point></Placemark>
<Placemark><name>Radar 60 km/h</name><description>Fonte: INMETRO</description><Point><coordinates>-53.736037,-24.738897,0</coordinates></Point></Placemark>
<Placemark><name>Radar 60 km/h</name><description>Fonte: OSM</description><Point><coordinates>-53.713792,-24.738853,0</coordinates></Point></Placemark>
<Placemark><name>Radar</name><description>Fonte: OSM</description><Point><coordinates>-53.730059,-24.734086,0</coordinates></Point></Placemark>
<Placemark><name>Radar 40 km/h</name><description>Fonte: INMETRO</description><Point><coordinates>-53.720089,-24.729870,0</coordinates></Point></Placemark>
<Placemark><name>Radar 40 km/h</name><description>Fonte: INMETRO+OSM</description><Point><coordinates>-53.728621,-24.727984,0</coordinates></Point></Placemark>
<Placemark><name>Radar 60 km/h</name><description>Fonte: OSM</description><Point><coordinates>-53.730756,-24.726045,0</coordinates></Point></Placemark>
<Placemark><name>Radar 60 km/h</name><description>Fonte: OSM</description><Point><coordinates>-53.730770,-24.725932,0</coordinates></Point></Placemark>
<Placemark><name>Radar 60 km/h</name><description>Fonte: OSM</description><Point><coordinates>-53.719486,-24.722415,0</coordinates></Point></Placemark>
<Placemark><name>Radar 60 km/h</name><description>Fonte: OSM</description><Point><coordinates>-53.719557,-24.722318,0</coordinates></Point></Placemark>
<Placemark><name>Radar 60 km/h</name><description>Fonte: OSM</description><Point><coordinates>-53.748389,-24.719942,0</coordinates></Point></Placemark>
<Placemark><name>Radar 60 km/h</name><description>Fonte: OSM</description><Point><coordinates>-53.748383,-24.719815,0</coordinates></Point></Placemark>
<Placemark><name>Radar 60 km/h</name><description>Fonte: OSM</description><Point><coordinates>-53.707383,-24.716123,0</coordinates></Point></Placemark>
<Placemark><name>Radar 60 km/h</name><description>Fonte: OSM</description><Point><coordinates>-53.707350,-24.716026,0</coordinates></Point></Placemark>
<Placemark><name>Radar</name><description>Fonte: OSM</description><Point><coordinates>-53.750476,-24.713404,0</coordinates></Point></Placemark>
<Placemark><name>Radar</name><description>Fonte: OSM</description><Point><coordinates>-53.738294,-24.712658,0</coordinates></Point></Placemark>
<Placemark><name>Radar</name><description>Fonte: OSM</description><Point><coordinates>-53.764174,-24.707695,0</coordinates></Point></Placemark>
<Placemark><name>Radar</name><description>Fonte: OSM</description><Point><coordinates>-53.764299,-24.707646,0</coordinates></Point></Placemark>
<Placemark><name>Radar 60 km/h</name><description>Fonte: ANTT · sentido 90° (leste)</description><Point><coordinates>-50.583823,-24.689308,0</coordinates></Point></Placemark>
<Placemark><name>Radar 60 km/h</name><description>Fonte: OSM</description><Point><coordinates>-53.695719,-24.685154,0</coordinates></Point></Placemark>
<Placemark><name>Radar 80 km/h</name><description>Fonte: ANTT · sentido 91° (leste)</description><Point><coordinates>-50.628612,-24.639304,0</coordinates></Point></Placemark>
<Placemark><name>Radar 60 km/h</name><description>Fonte: DNIT+ANTT+OSM</description><Point><coordinates>-53.208378,-24.638366,0</coordinates></Point></Placemark>
<Placemark><name>Radar 60 km/h</name><description>Fonte: OSM</description><Point><coordinates>-53.712622,-24.617102,0</coordinates></Point></Placemark>
<Placemark><name>Radar 60 km/h</name><description>Fonte: DNIT+ANTT</description><Point><coordinates>-52.998535,-24.556924,0</coordinates></Point></Placemark>
<Placemark><name>Radar 60 km/h</name><description>Fonte: ANTT+OSM</description><Point><coordinates>-49.931800,-24.554600,0</coordinates></Point></Placemark>
<Placemark><name>Radar</name><description>Fonte: DNIT</description><Point><coordinates>-50.444523,-24.526146,0</coordinates></Point></Placemark>
<Placemark><name>Radar 60 km/h</name><description>Fonte: DNIT+ANTT+OSM · sentido 315° (noroeste)</description><Point><coordinates>-54.056289,-24.524435,0</coordinates></Point></Placemark>
<Placemark><name>Radar 60 km/h</name><description>Fonte: DNIT+ANTT</description><Point><coordinates>-54.070020,-24.519767,0</coordinates></Point></Placemark>
<Placemark><name>Radar 60 km/h</name><description>Fonte: DNIT+ANTT · sentido 93° (leste)</description><Point><coordinates>-54.083465,-24.516768,0</coordinates></Point></Placemark>
<Placemark><name>Radar 80 km/h</name><description>Fonte: ANTT · sentido 171° (sul)</description><Point><coordinates>-50.736472,-24.480855,0</coordinates></Point></Placemark>
<Placemark><name>Radar 60 km/h</name><description>Fonte: DNIT+ANTT</description><Point><coordinates>-54.160683,-24.449302,0</coordinates></Point></Placemark>
<Placemark><name>Radar</name><description>Fonte: OSM</description><Point><coordinates>-50.760025,-24.447282,0</coordinates></Point></Placemark>
<Placemark><name>Radar 60 km/h</name><description>Fonte: DNIT+ANTT+OSM</description><Point><coordinates>-52.825091,-24.420849,0</coordinates></Point></Placemark>
<Placemark><name>Radar 60 km/h</name><description>Fonte: OSM</description><Point><coordinates>-53.864928,-24.418974,0</coordinates></Point></Placemark>
<Placemark><name>Radar 60 km/h</name><description>Fonte: DNIT+ANTT</description><Point><coordinates>-54.149041,-24.351833,0</coordinates></Point></Placemark>
<Placemark><name>Radar 60 km/h</name><description>Fonte: DNIT+ANTT+OSM</description><Point><coordinates>-52.545865,-24.282006,0</coordinates></Point></Placemark>
<Placemark><name>Radar</name><description>Fonte: DNIT · sentido 302° (noroeste)</description><Point><coordinates>-52.998778,-24.187548,0</coordinates></Point></Placemark>
<Placemark><name>Radar 60 km/h</name><description>Fonte: ANTT</description><Point><coordinates>-49.615100,-24.177800,0</coordinates></Point></Placemark>
<Placemark><name>Radar 60 km/h</name><description>Fonte: ANTT</description><Point><coordinates>-49.614100,-24.176700,0</coordinates></Point></Placemark>
<Placemark><name>Radar 60 km/h</name><description>Fonte: DNIT+ANTT</description><Point><coordinates>-52.482222,-24.162778,0</coordinates></Point></Placemark>
<Placemark><name>Radar</name><description>Fonte: DNIT</description><Point><coordinates>-52.862909,-24.138802,0</coordinates></Point></Placemark>
<Placemark><name>Radar 60 km/h</name><description>Fonte: ANTT</description><Point><coordinates>-49.832100,-24.135400,0</coordinates></Point></Placemark>
<Placemark><name>Radar</name><description>Fonte: DNIT</description><Point><coordinates>-52.776875,-24.133892,0</coordinates></Point></Placemark>
<Placemark><name>Radar 60 km/h</name><description>Fonte: ANTT</description><Point><coordinates>-49.835300,-24.133300,0</coordinates></Point></Placemark>
<Placemark><name>Radar</name><description>Fonte: DNIT · sentido 298° (noroeste)</description><Point><coordinates>-50.234951,-24.129032,0</coordinates></Point></Placemark>
<Placemark><name>Radar</name><description>Fonte: DNIT</description><Point><coordinates>-52.631286,-24.092531,0</coordinates></Point></Placemark>
<Placemark><name>Radar</name><description>Fonte: OSM</description><Point><coordinates>-52.414805,-24.083958,0</coordinates></Point></Placemark>
<Placemark><name>Radar 60 km/h</name><description>Fonte: DNIT+ANTT · sentido 109° (leste)</description><Point><coordinates>-54.093264,-24.082023,0</coordinates></Point></Placemark>
<Placemark><name>Radar 60 km/h</name><description>Fonte: ANTT · sentido 242° (sudoeste)</description><Point><coordinates>-51.062468,-24.064531,0</coordinates></Point></Placemark>
<Placemark><name>Radar</name><description>Fonte: DNIT</description><Point><coordinates>-52.387407,-24.060266,0</coordinates></Point></Placemark>
<Placemark><name>Radar</name><description>Fonte: DNIT</description><Point><coordinates>-52.411131,-24.054892,0</coordinates></Point></Placemark>
<Placemark><name>Radar 60 km/h</name><description>Fonte: DNIT+ANTT</description><Point><coordinates>-52.321512,-24.044670,0</coordinates></Point></Placemark>
<Placemark><name>Radar 60 km/h</name><description>Fonte: ANTT · sentido 229° (sudoeste)</description><Point><coordinates>-51.077222,-24.043056,0</coordinates></Point></Placemark>
<Placemark><name>Radar</name><description>Fonte: DNIT · sentido 233° (sudoeste)</description><Point><coordinates>-50.249174,-24.040854,0</coordinates></Point></Placemark>
<Placemark><name>Radar 60 km/h</name><description>Fonte: ANTT · sentido 128° (sudeste)</description><Point><coordinates>-51.084485,-23.983248,0</coordinates></Point></Placemark>
<Placemark><name>Radar</name><description>Fonte: DNIT · sentido 227° (sudoeste)</description><Point><coordinates>-51.116756,-23.950142,0</coordinates></Point></Placemark>
<Placemark><name>Radar 60 km/h</name><description>Fonte: ANTT · sentido 235° (sudoeste)</description><Point><coordinates>-51.116491,-23.949896,0</coordinates></Point></Placemark>
<Placemark><name>Radar 60 km/h</name><description>Fonte: ANTT · sentido 171° (sul)</description><Point><coordinates>-51.119343,-23.949816,0</coordinates></Point></Placemark>
<Placemark><name>Radar 60 km/h</name><description>Fonte: DNIT+ANTT+OSM · sentido 19° (norte)</description><Point><coordinates>-51.142013,-23.937429,0</coordinates></Point></Placemark>
<Placemark><name>Radar 60 km/h</name><description>Fonte: OSM</description><Point><coordinates>-51.134017,-23.933679,0</coordinates></Point></Placemark>
<Placemark><name>Radar 60 km/h</name><description>Fonte: ANTT · sentido 146° (sudeste)</description><Point><coordinates>-51.136500,-23.933444,0</coordinates></Point></Placemark>
<Placemark><name>Radar</name><description>Fonte: DNIT+OSM</description><Point><coordinates>-52.760995,-23.908044,0</coordinates></Point></Placemark>
<Placemark><name>Radar 60 km/h</name><description>Fonte: DNIT+OSM</description><Point><coordinates>-52.806360,-23.891850,0</coordinates></Point></Placemark>
<Placemark><name>Radar</name><description>Fonte: DNIT</description><Point><coordinates>-50.191604,-23.852714,0</coordinates></Point></Placemark>
<Placemark><name>Radar</name><description>Fonte: DNIT</description><Point><coordinates>-50.193040,-23.843618,0</coordinates></Point></Placemark>
<Placemark><name>Radar 60 km/h</name><description>Fonte: ANTT</description><Point><coordinates>-49.821500,-23.686800,0</coordinates></Point></Placemark>
<Placemark><name>Radar 60 km/h</name><description>Fonte: ANTT</description><Point><coordinates>-49.821700,-23.686700,0</coordinates></Point></Placemark>
<Placemark><name>Radar 60 km/h</name><description>Fonte: OSM</description><Point><coordinates>-52.116248,-23.679273,0</coordinates></Point></Placemark>
<Placemark><name>Radar</name><description>Fonte: DNIT</description><Point><coordinates>-51.691664,-23.661159,0</coordinates></Point></Placemark>
<Placemark><name>Radar 60 km/h</name><description>Fonte: OSM</description><Point><coordinates>-49.837047,-23.637676,0</coordinates></Point></Placemark>
<Placemark><name>Radar 60 km/h</name><description>Fonte: OSM</description><Point><coordinates>-51.630486,-23.598100,0</coordinates></Point></Placemark>
<Placemark><name>Radar</name><description>Fonte: DNIT</description><Point><coordinates>-51.449087,-23.551668,0</coordinates></Point></Placemark>
<Placemark><name>Radar</name><description>Fonte: DNIT</description><Point><coordinates>-51.448883,-23.551619,0</coordinates></Point></Placemark>
<Placemark><name>Radar 40 km/h</name><description>Fonte: OSM</description><Point><coordinates>-52.049444,-23.548066,0</coordinates></Point></Placemark>
<Placemark><name>Radar</name><description>Fonte: DNIT</description><Point><coordinates>-51.451105,-23.530019,0</coordinates></Point></Placemark>
<Placemark><name>Radar 60 km/h</name><description>Fonte: OSM</description><Point><coordinates>-51.691615,-23.516012,0</coordinates></Point></Placemark>
<Placemark><name>Radar 60 km/h</name><description>Fonte: OSM</description><Point><coordinates>-51.700863,-23.508098,0</coordinates></Point></Placemark>
<Placemark><name>Radar 60 km/h</name><description>Fonte: DNIT+ANTT+OSM</description><Point><coordinates>-51.826906,-23.467130,0</coordinates></Point></Placemark>
<Placemark><name>Radar 50 km/h</name><description>Fonte: INMETRO</description><Point><coordinates>-51.915148,-23.464707,0</coordinates></Point></Placemark>
<Placemark><name>Radar 50 km/h</name><description>Fonte: INMETRO</description><Point><coordinates>-51.915401,-23.464004,0</coordinates></Point></Placemark>
<Placemark><name>Radar 80 km/h</name><description>Fonte: OSM</description><Point><coordinates>-51.932295,-23.459671,0</coordinates></Point></Placemark>
<Placemark><name>Radar 60 km/h</name><description>Fonte: INMETRO</description><Point><coordinates>-51.935883,-23.459482,0</coordinates></Point></Placemark>
<Placemark><name>Radar 60 km/h</name><description>Fonte: DNIT+ANTT+OSM</description><Point><coordinates>-51.841649,-23.458589,0</coordinates></Point></Placemark>
<Placemark><name>Radar 50 km/h</name><description>Fonte: INMETRO</description><Point><coordinates>-51.927025,-23.456433,0</coordinates></Point></Placemark>
<Placemark><name>Radar 60 km/h</name><description>Fonte: OSM</description><Point><coordinates>-51.908915,-23.455654,0</coordinates></Point></Placemark>
<Placemark><name>Radar 40 km/h</name><description>Fonte: INMETRO</description><Point><coordinates>-51.953195,-23.454223,0</coordinates></Point></Placemark>
<Placemark><name>Radar 50 km/h</name><description>Fonte: INMETRO</description><Point><coordinates>-51.913453,-23.453398,0</coordinates></Point></Placemark>
<Placemark><name>Radar 50 km/h</name><description>Fonte: INMETRO</description><Point><coordinates>-51.913117,-23.452808,0</coordinates></Point></Placemark>
<Placemark><name>Radar 40 km/h</name><description>Fonte: INMETRO</description><Point><coordinates>-51.953963,-23.451946,0</coordinates></Point></Placemark>
<Placemark><name>Radar 50 km/h</name><description>Fonte: INMETRO</description><Point><coordinates>-51.916494,-23.451913,0</coordinates></Point></Placemark>
<Placemark><name>Radar 60 km/h</name><description>Fonte: INMETRO</description><Point><coordinates>-51.983523,-23.451756,0</coordinates></Point></Placemark>
<Placemark><name>Radar 60 km/h</name><description>Fonte: DNIT+ANTT+OSM</description><Point><coordinates>-51.853912,-23.451406,0</coordinates></Point></Placemark>
<Placemark><name>Radar 60 km/h</name><description>Fonte: OSM</description><Point><coordinates>-51.925630,-23.451016,0</coordinates></Point></Placemark>
<Placemark><name>Radar 50 km/h</name><description>Fonte: INMETRO</description><Point><coordinates>-51.915520,-23.450548,0</coordinates></Point></Placemark>
<Placemark><name>Radar 50 km/h</name><description>Fonte: INMETRO</description><Point><coordinates>-51.932377,-23.450153,0</coordinates></Point></Placemark>
<Placemark><name>Radar 50 km/h</name><description>Fonte: INMETRO</description><Point><coordinates>-51.974001,-23.449324,0</coordinates></Point></Placemark>
<Placemark><name>Radar 60 km/h</name><description>Fonte: OSM</description><Point><coordinates>-51.946829,-23.448629,0</coordinates></Point></Placemark>
<Placemark><name>Radar 60 km/h</name><description>Fonte: OSM</description><Point><coordinates>-51.939694,-23.447883,0</coordinates></Point></Placemark>
<Placemark><name>Radar 50 km/h</name><description>Fonte: INMETRO</description><Point><coordinates>-51.955233,-23.445997,0</coordinates></Point></Placemark>
<Placemark><name>Radar 50 km/h</name><description>Fonte: INMETRO</description><Point><coordinates>-51.955029,-23.444830,0</coordinates></Point></Placemark>
<Placemark><name>Radar 50 km/h</name><description>Fonte: INMETRO</description><Point><coordinates>-51.945207,-23.443027,0</coordinates></Point></Placemark>
<Placemark><name>Radar 50 km/h</name><description>Fonte: INMETRO</description><Point><coordinates>-51.932987,-23.441794,0</coordinates></Point></Placemark>
<Placemark><name>Radar 60 km/h</name><description>Fonte: OSM</description><Point><coordinates>-51.895248,-23.441741,0</coordinates></Point></Placemark>
<Placemark><name>Radar 50 km/h</name><description>Fonte: INMETRO</description><Point><coordinates>-51.914820,-23.441580,0</coordinates></Point></Placemark>
<Placemark><name>Radar 40 km/h</name><description>Fonte: OSM</description><Point><coordinates>-51.929966,-23.441002,0</coordinates></Point></Placemark>
<Placemark><name>Radar 50 km/h</name><description>Fonte: INMETRO</description><Point><coordinates>-51.923683,-23.440010,0</coordinates></Point></Placemark>
<Placemark><name>Radar 60 km/h</name><description>Fonte: OSM</description><Point><coordinates>-51.891345,-23.439466,0</coordinates></Point></Placemark>
<Placemark><name>Radar 50 km/h</name><description>Fonte: INMETRO</description><Point><coordinates>-51.911789,-23.439357,0</coordinates></Point></Placemark>
<Placemark><name>Radar 50 km/h</name><description>Fonte: INMETRO</description><Point><coordinates>-51.924271,-23.439139,0</coordinates></Point></Placemark>
<Placemark><name>Radar 60 km/h</name><description>Fonte: OSM</description><Point><coordinates>-51.877233,-23.437765,0</coordinates></Point></Placemark>
<Placemark><name>Radar 50 km/h</name><description>Fonte: INMETRO</description><Point><coordinates>-51.909056,-23.437127,0</coordinates></Point></Placemark>
<Placemark><name>Radar 60 km/h</name><description>Fonte: OSM</description><Point><coordinates>-51.946646,-23.436222,0</coordinates></Point></Placemark>
<Placemark><name>Radar 60 km/h</name><description>Fonte: OSM</description><Point><coordinates>-51.946837,-23.436201,0</coordinates></Point></Placemark>
<Placemark><name>Radar 50 km/h</name><description>Fonte: OSM</description><Point><coordinates>-51.957174,-23.435548,0</coordinates></Point></Placemark>
<Placemark><name>Radar 50 km/h</name><description>Fonte: OSM</description><Point><coordinates>-51.956999,-23.435315,0</coordinates></Point></Placemark>
<Placemark><name>Radar 60 km/h</name><description>Fonte: OSM</description><Point><coordinates>-51.883358,-23.434331,0</coordinates></Point></Placemark>
<Placemark><name>Radar 50 km/h</name><description>Fonte: INMETRO</description><Point><coordinates>-51.920721,-23.433854,0</coordinates></Point></Placemark>
<Placemark><name>Radar 60 km/h</name><description>Fonte: OSM</description><Point><coordinates>-51.952516,-23.433597,0</coordinates></Point></Placemark>
<Placemark><name>Radar 60 km/h</name><description>Fonte: OSM</description><Point><coordinates>-51.965666,-23.433511,0</coordinates></Point></Placemark>
<Placemark><name>Radar 50 km/h</name><description>Fonte: INMETRO</description><Point><coordinates>-51.912947,-23.433448,0</coordinates></Point></Placemark>
<Placemark><name>Radar 50 km/h</name><description>Fonte: INMETRO+OSM</description><Point><coordinates>-51.935036,-23.433371,0</coordinates></Point></Placemark>
<Placemark><name>Radar 50 km/h</name><description>Fonte: INMETRO</description><Point><coordinates>-51.948926,-23.433198,0</coordinates></Point></Placemark>
<Placemark><name>Radar 40 km/h</name><description>Fonte: INMETRO</description><Point><coordinates>-51.954960,-23.432175,0</coordinates></Point></Placemark>
<Placemark><name>Radar 50 km/h</name><description>Fonte: INMETRO</description><Point><coordinates>-51.924155,-23.431502,0</coordinates></Point></Placemark>
<Placemark><name>Radar 50 km/h</name><description>Fonte: INMETRO</description><Point><coordinates>-51.950710,-23.431030,0</coordinates></Point></Placemark>
<Placemark><name>Radar 50 km/h</name><description>Fonte: INMETRO</description><Point><coordinates>-51.947313,-23.430973,0</coordinates></Point></Placemark>
<Placemark><name>Radar 50 km/h</name><description>Fonte: OSM</description><Point><coordinates>-51.930624,-23.430859,0</coordinates></Point></Placemark>
<Placemark><name>Radar 50 km/h</name><description>Fonte: INMETRO</description><Point><coordinates>-51.931920,-23.429456,0</coordinates></Point></Placemark>
<Placemark><name>Radar 40 km/h</name><description>Fonte: DNIT+ANTT+OSM</description><Point><coordinates>-51.886435,-23.428604,0</coordinates></Point></Placemark>
<Placemark><name>Radar 50 km/h</name><description>Fonte: INMETRO</description><Point><coordinates>-51.932712,-23.428121,0</coordinates></Point></Placemark>
<Placemark><name>Radar 50 km/h</name><description>Fonte: INMETRO</description><Point><coordinates>-51.906682,-23.427943,0</coordinates></Point></Placemark>
<Placemark><name>Radar 50 km/h</name><description>Fonte: INMETRO</description><Point><coordinates>-51.908030,-23.427308,0</coordinates></Point></Placemark>
<Placemark><name>Radar 50 km/h</name><description>Fonte: INMETRO</description><Point><coordinates>-51.950348,-23.426152,0</coordinates></Point></Placemark>
<Placemark><name>Radar 50 km/h</name><description>Fonte: OSM</description><Point><coordinates>-51.959687,-23.424438,0</coordinates></Point></Placemark>
<Placemark><name>Radar 40 km/h</name><description>Fonte: INMETRO</description><Point><coordinates>-51.930123,-23.422110,0</coordinates></Point></Placemark>
<Placemark><name>Radar</name><description>Fonte: OSM</description><Point><coordinates>-51.920127,-23.421818,0</coordinates></Point></Placemark>
<Placemark><name>Radar 60 km/h</name><description>Fonte: OSM</description><Point><coordinates>-51.936347,-23.421650,0</coordinates></Point></Placemark>
<Placemark><name>Radar 60 km/h</name><description>Fonte: OSM</description><Point><coordinates>-51.932975,-23.421153,0</coordinates></Point></Placemark>
<Placemark><name>Radar 60 km/h</name><description>Fonte: INMETRO</description><Point><coordinates>-51.913342,-23.418982,0</coordinates></Point></Placemark>
<Placemark><name>Radar 60 km/h</name><description>Fonte: INMETRO</description><Point><coordinates>-51.915662,-23.418553,0</coordinates></Point></Placemark>
<Placemark><name>Radar 60 km/h</name><description>Fonte: DNIT+ANTT</description><Point><coordinates>-51.881854,-23.416438,0</coordinates></Point></Placemark>
<Placemark><name>Radar 60 km/h</name><description>Fonte: INMETRO</description><Point><coordinates>-51.949365,-23.414446,0</coordinates></Point></Placemark>
<Placemark><name>Radar 60 km/h</name><description>Fonte: INMETRO</description><Point><coordinates>-51.929720,-23.413749,0</coordinates></Point></Placemark>
<Placemark><name>Radar 60 km/h</name><description>Fonte: INMETRO</description><Point><coordinates>-51.948125,-23.413647,0</coordinates></Point></Placemark>
<Placemark><name>Radar 60 km/h</name><description>Fonte: INMETRO</description><Point><coordinates>-51.929044,-23.413638,0</coordinates></Point></Placemark>
<Placemark><name>Radar 50 km/h</name><description>Fonte: INMETRO</description><Point><coordinates>-51.939694,-23.413574,0</coordinates></Point></Placemark>
<Placemark><name>Radar 60 km/h</name><description>Fonte: INMETRO</description><Point><coordinates>-51.941736,-23.411862,0</coordinates></Point></Placemark>
<Placemark><name>Radar 60 km/h</name><description>Fonte: INMETRO+OSM</description><Point><coordinates>-51.940878,-23.411390,0</coordinates></Point></Placemark>
<Placemark><name>Radar</name><description>Fonte: OSM</description><Point><coordinates>-51.986468,-23.408705,0</coordinates></Point></Placemark>
<Placemark><name>Radar</name><description>Fonte: OSM</description><Point><coordinates>-51.990192,-23.408051,0</coordinates></Point></Placemark>
<Placemark><name>Radar 50 km/h</name><description>Fonte: INMETRO+OSM</description><Point><coordinates>-51.899356,-23.407608,0</coordinates></Point></Placemark>
<Placemark><name>Radar 50 km/h</name><description>Fonte: INMETRO</description><Point><coordinates>-51.956256,-23.407083,0</coordinates></Point></Placemark>
<Placemark><name>Radar 40 km/h</name><description>Fonte: INMETRO</description><Point><coordinates>-51.941007,-23.406858,0</coordinates></Point></Placemark>
<Placemark><name>Radar 50 km/h</name><description>Fonte: INMETRO</description><Point><coordinates>-51.929959,-23.406558,0</coordinates></Point></Placemark>
<Placemark><name>Radar 40 km/h</name><description>Fonte: INMETRO+OSM</description><Point><coordinates>-51.961332,-23.405153,0</coordinates></Point></Placemark>
<Placemark><name>Radar 50 km/h</name><description>Fonte: INMETRO</description><Point><coordinates>-51.910949,-23.404810,0</coordinates></Point></Placemark>
<Placemark><name>Radar 50 km/h</name><description>Fonte: INMETRO</description><Point><coordinates>-51.887100,-23.403304,0</coordinates></Point></Placemark>
<Placemark><name>Radar 50 km/h</name><description>Fonte: INMETRO</description><Point><coordinates>-51.905390,-23.400346,0</coordinates></Point></Placemark>
<Placemark><name>Radar</name><description>Fonte: OSM</description><Point><coordinates>-51.978338,-23.400069,0</coordinates></Point></Placemark>
<Placemark><name>Radar</name><description>Fonte: OSM</description><Point><coordinates>-51.978425,-23.399995,0</coordinates></Point></Placemark>
<Placemark><name>Radar</name><description>Fonte: OSM</description><Point><coordinates>-51.907098,-23.399885,0</coordinates></Point></Placemark>
<Placemark><name>Radar 50 km/h</name><description>Fonte: INMETRO</description><Point><coordinates>-51.964654,-23.399739,0</coordinates></Point></Placemark>
<Placemark><name>Radar 40 km/h</name><description>Fonte: INMETRO</description><Point><coordinates>-51.956817,-23.399681,0</coordinates></Point></Placemark>
<Placemark><name>Radar 50 km/h</name><description>Fonte: INMETRO</description><Point><coordinates>-51.919224,-23.398409,0</coordinates></Point></Placemark>
<Placemark><name>Radar</name><description>Fonte: DNIT</description><Point><coordinates>-51.975249,-23.396690,0</coordinates></Point></Placemark>
<Placemark><name>Radar 50 km/h</name><description>Fonte: INMETRO</description><Point><coordinates>-51.900453,-23.395803,0</coordinates></Point></Placemark>
<Placemark><name>Radar 50 km/h</name><description>Fonte: INMETRO</description><Point><coordinates>-51.936679,-23.395743,0</coordinates></Point></Placemark>
<Placemark><name>Radar 40 km/h</name><description>Fonte: INMETRO</description><Point><coordinates>-51.941803,-23.395367,0</coordinates></Point></Placemark>
<Placemark><name>Radar 50 km/h</name><description>Fonte: INMETRO</description><Point><coordinates>-51.902542,-23.394590,0</coordinates></Point></Placemark>
<Placemark><name>Radar 50 km/h</name><description>Fonte: INMETRO</description><Point><coordinates>-51.928079,-23.393757,0</coordinates></Point></Placemark>
<Placemark><name>Radar 40 km/h</name><description>Fonte: INMETRO</description><Point><coordinates>-51.925038,-23.390770,0</coordinates></Point></Placemark>
<Placemark><name>Radar 50 km/h</name><description>Fonte: INMETRO</description><Point><coordinates>-51.956709,-23.387449,0</coordinates></Point></Placemark>
<Placemark><name>Radar 60 km/h</name><description>Fonte: INMETRO+OSM</description><Point><coordinates>-51.918325,-23.387108,0</coordinates></Point></Placemark>
<Placemark><name>Radar 50 km/h</name><description>Fonte: INMETRO</description><Point><coordinates>-51.956972,-23.386609,0</coordinates></Point></Placemark>
<Placemark><name>Radar 50 km/h</name><description>Fonte: INMETRO</description><Point><coordinates>-51.931438,-23.385959,0</coordinates></Point></Placemark>
<Placemark><name>Radar 50 km/h</name><description>Fonte: INMETRO</description><Point><coordinates>-51.911310,-23.385850,0</coordinates></Point></Placemark>
<Placemark><name>Radar 50 km/h</name><description>Fonte: INMETRO</description><Point><coordinates>-51.911198,-23.385348,0</coordinates></Point></Placemark>
<Placemark><name>Radar 60 km/h</name><description>Fonte: OSM</description><Point><coordinates>-51.916445,-23.384503,0</coordinates></Point></Placemark>
<Placemark><name>Radar 60 km/h</name><description>Fonte: ANTT</description><Point><coordinates>-51.135138,-23.383964,0</coordinates></Point></Placemark>
<Placemark><name>Radar 50 km/h</name><description>Fonte: INMETRO</description><Point><coordinates>-51.914385,-23.382324,0</coordinates></Point></Placemark>
<Placemark><name>Radar 40 km/h</name><description>Fonte: INMETRO</description><Point><coordinates>-51.920000,-23.379207,0</coordinates></Point></Placemark>
<Placemark><name>Radar 40 km/h</name><description>Fonte: INMETRO</description><Point><coordinates>-51.918987,-23.378700,0</coordinates></Point></Placemark>
<Placemark><name>Radar 50 km/h</name><description>Fonte: INMETRO</description><Point><coordinates>-51.935007,-23.378335,0</coordinates></Point></Placemark>
<Placemark><name>Radar 50 km/h</name><description>Fonte: INMETRO</description><Point><coordinates>-51.935454,-23.378005,0</coordinates></Point></Placemark>
<Placemark><name>Radar 60 km/h</name><description>Fonte: OSM</description><Point><coordinates>-51.905439,-23.370451,0</coordinates></Point></Placemark>
<Placemark><name>Radar 60 km/h</name><description>Fonte: DNIT+ANTT+OSM · sentido 292° (oeste)</description><Point><coordinates>-52.061298,-23.370245,0</coordinates></Point></Placemark>
<Placemark><name>Radar 60 km/h</name><description>Fonte: ANTT · sentido 109° (leste)</description><Point><coordinates>-52.070835,-23.366667,0</coordinates></Point></Placemark>
<Placemark><name>Radar 60 km/h</name><description>Fonte: DNIT+OSM · sentido 114° (sudeste)</description><Point><coordinates>-52.070000,-23.366667,0</coordinates></Point></Placemark>
<Placemark><name>Radar 60 km/h</name><description>Fonte: ANTT · sentido 109° (leste)</description><Point><coordinates>-52.070835,-23.366660,0</coordinates></Point></Placemark>
<Placemark><name>Radar 50 km/h</name><description>Fonte: OSM</description><Point><coordinates>-51.152192,-23.366331,0</coordinates></Point></Placemark>
<Placemark><name>Radar 60 km/h</name><description>Fonte: INMETRO+OSM</description><Point><coordinates>-51.148863,-23.354447,0</coordinates></Point></Placemark>
<Placemark><name>Radar 50 km/h</name><description>Fonte: OSM</description><Point><coordinates>-51.179095,-23.349944,0</coordinates></Point></Placemark>
<Placemark><name>Radar 50 km/h</name><description>Fonte: OSM</description><Point><coordinates>-51.165755,-23.348188,0</coordinates></Point></Placemark>
<Placemark><name>Radar 40 km/h</name><description>Fonte: INMETRO+OSM</description><Point><coordinates>-51.191950,-23.345687,0</coordinates></Point></Placemark>
<Placemark><name>Radar 50 km/h</name><description>Fonte: OSM</description><Point><coordinates>-51.163693,-23.344309,0</coordinates></Point></Placemark>
<Placemark><name>Radar 50 km/h</name><description>Fonte: OSM</description><Point><coordinates>-51.169611,-23.342866,0</coordinates></Point></Placemark>
<Placemark><name>Radar 60 km/h</name><description>Fonte: INMETRO</description><Point><coordinates>-51.188619,-23.342561,0</coordinates></Point></Placemark>
<Placemark><name>Radar 60 km/h</name><description>Fonte: OSM</description><Point><coordinates>-51.387261,-23.341925,0</coordinates></Point></Placemark>
<Placemark><name>Radar 60 km/h</name><description>Fonte: OSM</description><Point><coordinates>-51.387505,-23.340741,0</coordinates></Point></Placemark>
<Placemark><name>Radar 60 km/h</name><description>Fonte: OSM</description><Point><coordinates>-51.143415,-23.340506,0</coordinates></Point></Placemark>
<Placemark><name>Radar 60 km/h</name><description>Fonte: ANTT</description><Point><coordinates>-51.975249,-23.339669,0</coordinates></Point></Placemark>
<Placemark><name>Radar 50 km/h</name><description>Fonte: OSM</description><Point><coordinates>-51.148845,-23.337133,0</coordinates></Point></Placemark>
<Placemark><name>Radar 50 km/h</name><description>Fonte: OSM</description><Point><coordinates>-51.178040,-23.336783,0</coordinates></Point></Placemark>
<Placemark><name>Radar 60 km/h</name><description>Fonte: OSM</description><Point><coordinates>-51.388688,-23.335102,0</coordinates></Point></Placemark>
<Placemark><name>Radar 60 km/h</name><description>Fonte: OSM</description><Point><coordinates>-51.389089,-23.333185,0</coordinates></Point></Placemark>
<Placemark><name>Radar 60 km/h</name><description>Fonte: OSM</description><Point><coordinates>-51.146175,-23.332825,0</coordinates></Point></Placemark>
<Placemark><name>Radar 60 km/h</name><description>Fonte: INMETRO+OSM</description><Point><coordinates>-51.146195,-23.331568,0</coordinates></Point></Placemark>
<Placemark><name>Radar 50 km/h</name><description>Fonte: OSM</description><Point><coordinates>-51.167726,-23.328630,0</coordinates></Point></Placemark>
<Placemark><name>Radar 40 km/h</name><description>Fonte: OSM</description><Point><coordinates>-51.174524,-23.328621,0</coordinates></Point></Placemark>
<Placemark><name>Radar 40 km/h</name><description>Fonte: INMETRO+OSM</description><Point><coordinates>-51.152650,-23.326866,0</coordinates></Point></Placemark>
<Placemark><name>Radar 50 km/h</name><description>Fonte: OSM</description><Point><coordinates>-51.141368,-23.324641,0</coordinates></Point></Placemark>
<Placemark><name>Radar 50 km/h</name><description>Fonte: INMETRO+OSM</description><Point><coordinates>-51.141208,-23.324603,0</coordinates></Point></Placemark>
<Placemark><name>Radar 50 km/h</name><description>Fonte: OSM</description><Point><coordinates>-51.116962,-23.324416,0</coordinates></Point></Placemark>
<Placemark><name>Radar 70 km/h</name><description>Fonte: ANTT+OSM</description><Point><coordinates>-51.193028,-23.323772,0</coordinates></Point></Placemark>
<Placemark><name>Radar 50 km/h</name><description>Fonte: OSM</description><Point><coordinates>-51.155094,-23.323769,0</coordinates></Point></Placemark>
<Placemark><name>Radar 50 km/h</name><description>Fonte: OSM</description><Point><coordinates>-51.172952,-23.321981,0</coordinates></Point></Placemark>
<Placemark><name>Radar 50 km/h</name><description>Fonte: INMETRO+OSM</description><Point><coordinates>-51.176433,-23.321565,0</coordinates></Point></Placemark>
<Placemark><name>Radar 50 km/h</name><description>Fonte: OSM</description><Point><coordinates>-51.183140,-23.321525,0</coordinates></Point></Placemark>
<Placemark><name>Radar 70 km/h</name><description>Fonte: OSM</description><Point><coordinates>-51.206638,-23.320671,0</coordinates></Point></Placemark>
<Placemark><name>Radar 70 km/h</name><description>Fonte: ANTT</description><Point><coordinates>-51.207091,-23.320583,0</coordinates></Point></Placemark>
<Placemark><name>Radar 60 km/h</name><description>Fonte: OSM</description><Point><coordinates>-51.152838,-23.319917,0</coordinates></Point></Placemark>
<Placemark><name>Radar 40 km/h</name><description>Fonte: INMETRO</description><Point><coordinates>-51.221305,-23.319799,0</coordinates></Point></Placemark>
<Placemark><name>Radar 60 km/h</name><description>Fonte: OSM</description><Point><coordinates>-51.152319,-23.319768,0</coordinates></Point></Placemark>
<Placemark><name>Radar 60 km/h</name><description>Fonte: OSM</description><Point><coordinates>-51.378896,-23.318080,0</coordinates></Point></Placemark>
<Placemark><name>Radar 60 km/h</name><description>Fonte: OSM</description><Point><coordinates>-51.170506,-23.317756,0</coordinates></Point></Placemark>
<Placemark><name>Radar 50 km/h</name><description>Fonte: INMETRO+OSM</description><Point><coordinates>-51.181545,-23.315493,0</coordinates></Point></Placemark>
<Placemark><name>Radar 40 km/h</name><description>Fonte: OSM</description><Point><coordinates>-51.162900,-23.315468,0</coordinates></Point></Placemark>
<Placemark><name>Radar 40 km/h</name><description>Fonte: OSM</description><Point><coordinates>-51.156464,-23.315457,0</coordinates></Point></Placemark>
<Placemark><name>Radar 40 km/h</name><description>Fonte: INMETRO+OSM</description><Point><coordinates>-51.155207,-23.315457,0</coordinates></Point></Placemark>
<Placemark><name>Radar 40 km/h</name><description>Fonte: INMETRO+OSM</description><Point><coordinates>-51.380065,-23.313475,0</coordinates></Point></Placemark>
<Placemark><name>Radar 40 km/h</name><description>Fonte: OSM</description><Point><coordinates>-51.384950,-23.311063,0</coordinates></Point></Placemark>
<Placemark><name>Radar 50 km/h</name><description>Fonte: OSM</description><Point><coordinates>-51.123263,-23.311028,0</coordinates></Point></Placemark>
<Placemark><name>Radar 50 km/h</name><description>Fonte: INMETRO</description><Point><coordinates>-51.205004,-23.310910,0</coordinates></Point></Placemark>
<Placemark><name>Radar 50 km/h</name><description>Fonte: OSM</description><Point><coordinates>-51.148929,-23.310530,0</coordinates></Point></Placemark>
<Placemark><name>Radar 40 km/h</name><description>Fonte: OSM</description><Point><coordinates>-51.142261,-23.310422,0</coordinates></Point></Placemark>
<Placemark><name>Radar 40 km/h</name><description>Fonte: OSM</description><Point><coordinates>-51.167499,-23.309856,0</coordinates></Point></Placemark>
<Placemark><name>Radar 60 km/h</name><description>Fonte: OSM</description><Point><coordinates>-51.368108,-23.308778,0</coordinates></Point></Placemark>
<Placemark><name>Radar 40 km/h</name><description>Fonte: OSM</description><Point><coordinates>-51.161500,-23.307973,0</coordinates></Point></Placemark>
<Placemark><name>Radar 50 km/h</name><description>Fonte: OSM</description><Point><coordinates>-51.148226,-23.307803,0</coordinates></Point></Placemark>
<Placemark><name>Radar 40 km/h</name><description>Fonte: OSM</description><Point><coordinates>-51.162784,-23.307229,0</coordinates></Point></Placemark>
<Placemark><name>Radar 60 km/h</name><description>Fonte: OSM</description><Point><coordinates>-51.170562,-23.306696,0</coordinates></Point></Placemark>
<Placemark><name>Radar 40 km/h</name><description>Fonte: INMETRO+OSM</description><Point><coordinates>-51.156483,-23.306580,0</coordinates></Point></Placemark>
<Placemark><name>Radar 50 km/h</name><description>Fonte: OSM</description><Point><coordinates>-51.111743,-23.306407,0</coordinates></Point></Placemark>
<Placemark><name>Radar 60 km/h</name><description>Fonte: OSM</description><Point><coordinates>-51.170778,-23.305978,0</coordinates></Point></Placemark>
<Placemark><name>Radar 40 km/h</name><description>Fonte: OSM</description><Point><coordinates>-51.209395,-23.304792,0</coordinates></Point></Placemark>
<Placemark><name>Radar 60 km/h</name><description>Fonte: OSM</description><Point><coordinates>-51.336001,-23.302608,0</coordinates></Point></Placemark>
<Placemark><name>Radar</name><description>Fonte: DNIT</description><Point><coordinates>-51.353745,-23.302285,0</coordinates></Point></Placemark>
<Placemark><name>Radar 60 km/h</name><description>Fonte: OSM</description><Point><coordinates>-51.173743,-23.302117,0</coordinates></Point></Placemark>
<Placemark><name>Radar 60 km/h</name><description>Fonte: OSM</description><Point><coordinates>-51.332977,-23.301960,0</coordinates></Point></Placemark>
<Placemark><name>Radar 60 km/h</name><description>Fonte: OSM</description><Point><coordinates>-51.352017,-23.301756,0</coordinates></Point></Placemark>
<Placemark><name>Radar 60 km/h</name><description>Fonte: OSM</description><Point><coordinates>-51.187107,-23.300356,0</coordinates></Point></Placemark>
<Placemark><name>Radar 60 km/h</name><description>Fonte: OSM</description><Point><coordinates>-51.186597,-23.300337,0</coordinates></Point></Placemark>
<Placemark><name>Radar 60 km/h</name><description>Fonte: OSM</description><Point><coordinates>-51.145423,-23.300180,0</coordinates></Point></Placemark>
<Placemark><name>Radar 50 km/h</name><description>Fonte: OSM</description><Point><coordinates>-51.171582,-23.300133,0</coordinates></Point></Placemark>
<Placemark><name>Radar 60 km/h</name><description>Fonte: OSM</description><Point><coordinates>-51.145579,-23.300085,0</coordinates></Point></Placemark>
<Placemark><name>Radar 50 km/h</name><description>Fonte: OSM</description><Point><coordinates>-51.176814,-23.298995,0</coordinates></Point></Placemark>
<Placemark><name>Radar</name><description>Fonte: OSM</description><Point><coordinates>-51.192414,-23.298802,0</coordinates></Point></Placemark>
<Placemark><name>Radar 60 km/h</name><description>Fonte: OSM</description><Point><coordinates>-51.321586,-23.298796,0</coordinates></Point></Placemark>
<Placemark><name>Radar 60 km/h</name><description>Fonte: ANTT · sentido 44° (nordeste)</description><Point><coordinates>-50.068500,-23.297200,0</coordinates></Point></Placemark>
<Placemark><name>Radar 50 km/h</name><description>Fonte: INMETRO+OSM</description><Point><coordinates>-51.153946,-23.297172,0</coordinates></Point></Placemark>
<Placemark><name>Radar 80 km/h</name><description>Fonte: OSM</description><Point><coordinates>-51.318034,-23.297099,0</coordinates></Point></Placemark>
<Placemark><name>Radar 50 km/h</name><description>Fonte: INMETRO+OSM</description><Point><coordinates>-51.193890,-23.296853,0</coordinates></Point></Placemark>
<Placemark><name>Radar 60 km/h</name><description>Fonte: ANTT · sentido 227° (sudoeste)</description><Point><coordinates>-50.068200,-23.296800,0</coordinates></Point></Placemark>
<Placemark><name>Radar 70 km/h</name><description>Fonte: ANTT+OSM</description><Point><coordinates>-51.232538,-23.295809,0</coordinates></Point></Placemark>
<Placemark><name>Radar 60 km/h</name><description>Fonte: OSM</description><Point><coordinates>-51.308983,-23.295351,0</coordinates></Point></Placemark>
<Placemark><name>Radar 60 km/h</name><description>Fonte: DNIT+ANTT+OSM · sentido 271° (oeste)</description><Point><coordinates>-51.293618,-23.295181,0</coordinates></Point></Placemark>
<Placemark><name>Radar 60 km/h</name><description>Fonte: DNIT+ANTT · sentido 90° (leste)</description><Point><coordinates>-51.309259,-23.295155,0</coordinates></Point></Placemark>
<Placemark><name>Radar 70 km/h</name><description>Fonte: DNIT+ANTT+OSM · sentido 230° (sudoeste)</description><Point><coordinates>-51.269927,-23.294536,0</coordinates></Point></Placemark>
<Placemark><name>Radar 70 km/h</name><description>Fonte: OSM</description><Point><coordinates>-51.212310,-23.293738,0</coordinates></Point></Placemark>
<Placemark><name>Radar 50 km/h</name><description>Fonte: INMETRO</description><Point><coordinates>-51.277501,-23.293598,0</coordinates></Point></Placemark>
<Placemark><name>Radar 70 km/h</name><description>Fonte: OSM</description><Point><coordinates>-51.118369,-23.293194,0</coordinates></Point></Placemark>
<Placemark><name>Radar 70 km/h</name><description>Fonte: OSM</description><Point><coordinates>-51.117922,-23.293164,0</coordinates></Point></Placemark>
<Placemark><name>Radar 70 km/h</name><description>Fonte: OSM</description><Point><coordinates>-51.164691,-23.292749,0</coordinates></Point></Placemark>
<Placemark><name>Radar 60 km/h</name><description>Fonte: OSM</description><Point><coordinates>-51.173142,-23.292338,0</coordinates></Point></Placemark>
<Placemark><name>Radar 60 km/h</name><description>Fonte: OSM</description><Point><coordinates>-51.147017,-23.292272,0</coordinates></Point></Placemark>
<Placemark><name>Radar 60 km/h</name><description>Fonte: OSM</description><Point><coordinates>-51.147350,-23.291989,0</coordinates></Point></Placemark>
<Placemark><name>Radar</name><description>Fonte: DNIT</description><Point><coordinates>-51.080201,-23.288393,0</coordinates></Point></Placemark>
<Placemark><name>Radar 70 km/h</name><description>Fonte: OSM</description><Point><coordinates>-51.314412,-23.288372,0</coordinates></Point></Placemark>
<Placemark><name>Radar 40 km/h</name><description>Fonte: OSM</description><Point><coordinates>-51.235286,-23.287678,0</coordinates></Point></Placemark>
<Placemark><name>Radar 60 km/h</name><description>Fonte: OSM</description><Point><coordinates>-51.173114,-23.287326,0</coordinates></Point></Placemark>
<Placemark><name>Radar 70 km/h</name><description>Fonte: OSM</description><Point><coordinates>-51.229065,-23.286339,0</coordinates></Point></Placemark>
<Placemark><name>Radar 60 km/h</name><description>Fonte: INMETRO+OSM</description><Point><coordinates>-51.147995,-23.286065,0</coordinates></Point></Placemark>
<Placemark><name>Radar 70 km/h</name><description>Fonte: OSM</description><Point><coordinates>-51.309684,-23.285600,0</coordinates></Point></Placemark>
<Placemark><name>Radar 70 km/h</name><description>Fonte: INMETRO</description><Point><coordinates>-51.311583,-23.285512,0</coordinates></Point></Placemark>
<Placemark><name>Radar 70 km/h</name><description>Fonte: OSM</description><Point><coordinates>-51.234037,-23.285314,0</coordinates></Point></Placemark>
<Placemark><name>Radar 50 km/h</name><description>Fonte: OSM</description><Point><coordinates>-51.159949,-23.283134,0</coordinates></Point></Placemark>
<Placemark><name>Radar 50 km/h</name><description>Fonte: OSM</description><Point><coordinates>-51.158987,-23.282826,0</coordinates></Point></Placemark>
<Placemark><name>Radar 70 km/h</name><description>Fonte: OSM</description><Point><coordinates>-51.251507,-23.282418,0</coordinates></Point></Placemark>
<Placemark><name>Radar 60 km/h</name><description>Fonte: INMETRO</description><Point><coordinates>-51.262025,-23.281597,0</coordinates></Point></Placemark>
<Placemark><name>Radar 50 km/h</name><description>Fonte: INMETRO</description><Point><coordinates>-51.155362,-23.280261,0</coordinates></Point></Placemark>
<Placemark><name>Radar 60 km/h</name><description>Fonte: OSM</description><Point><coordinates>-51.172653,-23.279283,0</coordinates></Point></Placemark>
<Placemark><name>Radar 60 km/h</name><description>Fonte: INMETRO</description><Point><coordinates>-51.269085,-23.278449,0</coordinates></Point></Placemark>
<Placemark><name>Radar 50 km/h</name><description>Fonte: INMETRO</description><Point><coordinates>-51.285432,-23.277093,0</coordinates></Point></Placemark>
<Placemark><name>Radar 50 km/h</name><description>Fonte: INMETRO</description><Point><coordinates>-51.275772,-23.277066,0</coordinates></Point></Placemark>
<Placemark><name>Radar 50 km/h</name><description>Fonte: INMETRO</description><Point><coordinates>-51.274849,-23.276885,0</coordinates></Point></Placemark>
<Placemark><name>Radar 50 km/h</name><description>Fonte: OSM</description><Point><coordinates>-51.155919,-23.276634,0</coordinates></Point></Placemark>
<Placemark><name>Radar 50 km/h</name><description>Fonte: INMETRO</description><Point><coordinates>-51.277334,-23.276542,0</coordinates></Point></Placemark>
<Placemark><name>Radar 50 km/h</name><description>Fonte: INMETRO</description><Point><coordinates>-51.270545,-23.276076,0</coordinates></Point></Placemark>
<Placemark><name>Radar 50 km/h</name><description>Fonte: INMETRO</description><Point><coordinates>-51.262419,-23.275844,0</coordinates></Point></Placemark>
<Placemark><name>Radar</name><description>Fonte: DNIT</description><Point><coordinates>-51.060699,-23.275646,0</coordinates></Point></Placemark>
<Placemark><name>Radar</name><description>Fonte: DNIT</description><Point><coordinates>-51.060030,-23.275503,0</coordinates></Point></Placemark>
<Placemark><name>Radar 60 km/h</name><description>Fonte: OSM</description><Point><coordinates>-51.149282,-23.275306,0</coordinates></Point></Placemark>
<Placemark><name>Radar 60 km/h</name><description>Fonte: OSM</description><Point><coordinates>-51.149393,-23.275268,0</coordinates></Point></Placemark>
<Placemark><name>Radar 50 km/h</name><description>Fonte: INMETRO</description><Point><coordinates>-51.180632,-23.273243,0</coordinates></Point></Placemark>
<Placemark><name>Radar 40 km/h</name><description>Fonte: OSM</description><Point><coordinates>-49.756809,-23.271538,0</coordinates></Point></Placemark>
<Placemark><name>Radar 60 km/h</name><description>Fonte: INMETRO</description><Point><coordinates>-51.175597,-23.269391,0</coordinates></Point></Placemark>
<Placemark><name>Radar 40 km/h</name><description>Fonte: OSM</description><Point><coordinates>-51.156574,-23.269188,0</coordinates></Point></Placemark>
<Placemark><name>Radar 50 km/h</name><description>Fonte: OSM</description><Point><coordinates>-51.288421,-23.267064,0</coordinates></Point></Placemark>
<Placemark><name>Radar 60 km/h</name><description>Fonte: OSM</description><Point><coordinates>-51.154798,-23.264432,0</coordinates></Point></Placemark>
<Placemark><name>Radar 50 km/h</name><description>Fonte: INMETRO</description><Point><coordinates>-51.175085,-23.262612,0</coordinates></Point></Placemark>
<Placemark><name>Radar 50 km/h</name><description>Fonte: OSM</description><Point><coordinates>-51.181134,-23.260994,0</coordinates></Point></Placemark>
<Placemark><name>Radar 40 km/h</name><description>Fonte: OSM</description><Point><coordinates>-51.151880,-23.260491,0</coordinates></Point></Placemark>
<Placemark><name>Radar 40 km/h</name><description>Fonte: OSM</description><Point><coordinates>-50.980508,-23.259335,0</coordinates></Point></Placemark>
<Placemark><name>Radar 60 km/h</name><description>Fonte: OSM</description><Point><coordinates>-51.014476,-23.259097,0</coordinates></Point></Placemark>
<Placemark><name>Radar 50 km/h</name><description>Fonte: OSM</description><Point><coordinates>-51.150517,-23.258285,0</coordinates></Point></Placemark>
<Placemark><name>Radar 50 km/h</name><description>Fonte: OSM</description><Point><coordinates>-51.150271,-23.258153,0</coordinates></Point></Placemark>
<Placemark><name>Radar 50 km/h</name><description>Fonte: OSM</description><Point><coordinates>-51.155537,-23.258032,0</coordinates></Point></Placemark>
<Placemark><name>Radar 60 km/h</name><description>Fonte: ANTT · sentido 240° (sudoeste)</description><Point><coordinates>-50.025300,-23.225300,0</coordinates></Point></Placemark>
<Placemark><name>Radar 60 km/h</name><description>Fonte: DNIT+ANTT+OSM</description><Point><coordinates>-50.654154,-23.198408,0</coordinates></Point></Placemark>
<Placemark><name>Radar 60 km/h</name><description>Fonte: OSM</description><Point><coordinates>-50.662145,-23.194217,0</coordinates></Point></Placemark>
<Placemark><name>Radar 60 km/h</name><description>Fonte: OSM</description><Point><coordinates>-50.662949,-23.193464,0</coordinates></Point></Placemark>
<Placemark><name>Radar 60 km/h</name><description>Fonte: ANTT+OSM · sentido 79° (leste)</description><Point><coordinates>-50.620700,-23.173700,0</coordinates></Point></Placemark>
<Placemark><name>Radar 60 km/h</name><description>Fonte: ANTT+OSM · sentido 259° (oeste)</description><Point><coordinates>-50.620000,-23.173400,0</coordinates></Point></Placemark>
<Placemark><name>Radar 40 km/h</name><description>Fonte: OSM</description><Point><coordinates>-50.670353,-23.169057,0</coordinates></Point></Placemark>
<Placemark><name>Radar 40 km/h</name><description>Fonte: OSM</description><Point><coordinates>-50.670862,-23.167962,0</coordinates></Point></Placemark>
<Placemark><name>Radar 60 km/h</name><description>Fonte: OSM</description><Point><coordinates>-50.358195,-23.124937,0</coordinates></Point></Placemark>
<Placemark><name>Radar 80 km/h</name><description>Fonte: OSM</description><Point><coordinates>-52.342596,-23.107994,0</coordinates></Point></Placemark>
<Placemark><name>Radar 80 km/h</name><description>Fonte: OSM</description><Point><coordinates>-52.374880,-23.096088,0</coordinates></Point></Placemark>
<Placemark><name>Radar 60 km/h</name><description>Fonte: OSM</description><Point><coordinates>-51.052805,-23.056530,0</coordinates></Point></Placemark>
<Placemark><name>Radar 60 km/h</name><description>Fonte: ANTT</description><Point><coordinates>-51.050264,-23.054964,0</coordinates></Point></Placemark>
<Placemark><name>Radar 60 km/h</name><description>Fonte: ANTT · sentido 71° (leste)</description><Point><coordinates>-50.082700,-23.037500,0</coordinates></Point></Placemark>
<Placemark><name>Radar 60 km/h</name><description>Fonte: ANTT · sentido 251° (oeste)</description><Point><coordinates>-50.068400,-23.036200,0</coordinates></Point></Placemark>
<Placemark><name>Radar 60 km/h</name><description>Fonte: DNIT+ANTT+OSM · sentido 304° (noroeste)</description><Point><coordinates>-52.594334,-22.991072,0</coordinates></Point></Placemark>
<Placemark><name>Radar 60 km/h</name><description>Fonte: DNIT+ANTT+OSM · sentido 317° (noroeste)</description><Point><coordinates>-52.966389,-22.860278,0</coordinates></Point></Placemark>
</Folder>
<Folder><name>Radares de trecho</name>
<Placemark><name>Radar de trecho 60 km/h</name><description>Fonte: OSM</description><Point><coordinates>-51.312102,-26.428161,0</coordinates></Point></Placemark>
<Placemark><name>Radar de trecho 50 km/h</name><description>Fonte: OSM</description><Point><coordinates>-50.911567,-26.171195,0</coordinates></Point></Placemark>
<Placemark><name>Radar de trecho 50 km/h</name><description>Fonte: OSM</description><Point><coordinates>-50.910347,-26.170322,0</coordinates></Point></Placemark>
<Placemark><name>Radar de trecho 60 km/h</name><description>Fonte: DNIT+OSM</description><Point><coordinates>-50.777446,-26.093563,0</coordinates></Point></Placemark>
<Placemark><name>Radar de trecho 60 km/h</name><description>Fonte: OSM</description><Point><coordinates>-50.778548,-26.093373,0</coordinates></Point></Placemark>
<Placemark><name>Radar de trecho 60 km/h</name><description>Fonte: OSM</description><Point><coordinates>-50.773219,-26.092242,0</coordinates></Point></Placemark>
<Placemark><name>Radar de trecho 60 km/h</name><description>Fonte: OSM</description><Point><coordinates>-53.084916,-26.071027,0</coordinates></Point></Placemark>
<Placemark><name>Radar de trecho 80 km/h</name><description>Fonte: OSM</description><Point><coordinates>-53.123241,-26.069025,0</coordinates></Point></Placemark>
<Placemark><name>Radar de trecho 60 km/h</name><description>Fonte: DNIT+OSM</description><Point><coordinates>-50.578156,-25.992686,0</coordinates></Point></Placemark>
<Placemark><name>Radar de trecho 60 km/h</name><description>Fonte: OSM</description><Point><coordinates>-50.221291,-25.889144,0</coordinates></Point></Placemark>
<Placemark><name>Radar de trecho 60 km/h</name><description>Fonte: OSM</description><Point><coordinates>-50.413855,-25.873030,0</coordinates></Point></Placemark>
<Placemark><name>Radar de trecho 60 km/h</name><description>Fonte: OSM</description><Point><coordinates>-49.763160,-25.775165,0</coordinates></Point></Placemark>
<Placemark><name>Radar de trecho 60 km/h</name><description>Fonte: OSM</description><Point><coordinates>-53.547945,-25.766069,0</coordinates></Point></Placemark>
<Placemark><name>Radar de trecho 60 km/h</name><description>Fonte: OSM</description><Point><coordinates>-49.582889,-25.703232,0</coordinates></Point></Placemark>
<Placemark><name>Radar de trecho 60 km/h</name><description>Fonte: OSM</description><Point><coordinates>-49.900173,-25.470919,0</coordinates></Point></Placemark>
<Placemark><name>Radar de trecho 80 km/h</name><description>Fonte: OSM</description><Point><coordinates>-49.761637,-25.464424,0</coordinates></Point></Placemark>
<Placemark><name>Radar de trecho 70 km/h</name><description>Fonte: OSM</description><Point><coordinates>-49.246254,-25.448993,0</coordinates></Point></Placemark>
<Placemark><name>Radar de trecho 60 km/h</name><description>Fonte: OSM</description><Point><coordinates>-49.552631,-25.439210,0</coordinates></Point></Placemark>
<Placemark><name>Radar de trecho 60 km/h</name><description>Fonte: OSM</description><Point><coordinates>-49.384912,-25.427196,0</coordinates></Point></Placemark>
<Placemark><name>Radar de trecho 60 km/h</name><description>Fonte: OSM</description><Point><coordinates>-49.241271,-25.422871,0</coordinates></Point></Placemark>
<Placemark><name>Radar de trecho 60 km/h</name><description>Fonte: OSM</description><Point><coordinates>-49.240656,-25.418355,0</coordinates></Point></Placemark>
<Placemark><name>Radar de trecho 60 km/h</name><description>Fonte: OSM</description><Point><coordinates>-49.241433,-25.417487,0</coordinates></Point></Placemark>
<Placemark><name>Radar de trecho 40 km/h</name><description>Fonte: OSM</description><Point><coordinates>-49.240961,-25.412784,0</coordinates></Point></Placemark>
<Placemark><name>Radar de trecho 100 km/h</name><description>Fonte: OSM</description><Point><coordinates>-48.940397,-25.300316,0</coordinates></Point></Placemark>
<Placemark><name>Radar de trecho 60 km/h</name><description>Fonte: OSM</description><Point><coordinates>-53.399418,-24.962980,0</coordinates></Point></Placemark>
<Placemark><name>Radar de trecho 60 km/h</name><description>Fonte: OSM</description><Point><coordinates>-53.398646,-24.955789,0</coordinates></Point></Placemark>
<Placemark><name>Radar de trecho 110 km/h</name><description>Fonte: OSM</description><Point><coordinates>-52.464865,-24.154840,0</coordinates></Point></Placemark>
<Placemark><name>Radar de trecho 80 km/h</name><description>Fonte: OSM</description><Point><coordinates>-52.414865,-24.084101,0</coordinates></Point></Placemark>
<Placemark><name>Radar de trecho 60 km/h</name><description>Fonte: OSM</description><Point><coordinates>-52.117229,-23.681253,0</coordinates></Point></Placemark>
<Placemark><name>Radar de trecho 60 km/h</name><description>Fonte: OSM</description><Point><coordinates>-51.145620,-23.320566,0</coordinates></Point></Placemark>
</Folder>
<Folder><name>Avanço de sinal vermelho</name>
<Placemark><name>Avanço de sinal</name><description>Fonte: OSM</description><Point><coordinates>-49.724916,-25.470347,0</coordinates></Point></Placemark>
<Placemark><name>Avanço de sinal 40 km/h</name><description>Fonte: OSM</description><Point><coordinates>-49.251621,-25.406674,0</coordinates></Point></Placemark>
<Placemark><name>Avanço de sinal</name><description>Fonte: OSM</description><Point><coordinates>-51.470983,-25.395211,0</coordinates></Point></Placemark>
<Placemark><name>Avanço de sinal</name><description>Fonte: OSM</description><Point><coordinates>-51.470975,-25.394975,0</coordinates></Point></Placemark>
<Placemark><name>Avanço de sinal</name><description>Fonte: OSM</description><Point><coordinates>-51.464161,-25.390604,0</coordinates></Point></Placemark>
<Placemark><name>Avanço de sinal</name><description>Fonte: OSM</description><Point><coordinates>-51.464371,-25.390589,0</coordinates></Point></Placemark>
<Placemark><name>Avanço de sinal</name><description>Fonte: OSM</description><Point><coordinates>-51.945689,-23.425666,0</coordinates></Point></Placemark>
<Placemark><name>Avanço de sinal</name><description>Fonte: OSM</description><Point><coordinates>-51.939596,-23.415846,0</coordinates></Point></Placemark>
<Placemark><name>Avanço de sinal</name><description>Fonte: OSM</description><Point><coordinates>-51.192366,-23.298671,0</coordinates></Point></Placemark>
</Folder>
</Document></kml>