lat,lng,limit_kmh,source,estimated,limit_low_kmh,direction_deg
-10.439331,-36.401504,60,OSM:classe,1,40,
-10.436433,-36.400687,60,OSM:classe,1,40,
-10.434096,-36.400724,60,OSM:classe,1,40,
-10.430259,-36.401458,60,OSM:classe,1,40,
-10.425937,-36.402719,60,OSM:classe,1,40,
-10.421640,-36.404056,60,OSM:classe,1,40,
-10.417450,-36.405715,60,OSM:classe,1,40,
-10.413463,-36.529381,60,OSM:classe,1,40,
-10.413260,-36.407375,60,OSM:classe,1,40,
-10.413246,-36.524854,60,OSM:classe,1,40,
-10.412451,-36.520354,60,OSM:classe,1,40,
-10.412258,-36.533708,60,OSM:classe,1,40,
-10.411551,-36.538154,60,OSM:classe,1,40,
-10.410911,-36.542657,60,OSM:classe,1,40,
-10.410818,-36.516179,60,OSM:classe,1,40,
-10.409281,-36.511953,60,OSM:classe,1,40,
-10.409196,-36.432968,60,OSM:classe,1,40,
-10.408953,-36.408573,60,OSM:classe,1,40,
-10.408849,-36.432983,60,OSM:classe,1,40,
-10.408827,-36.432894,60,OSM:classe,1,40,
-10.408793,-36.432782,60,OSM:classe,1,40,
-10.407833,-36.434493,60,OSM:classe,1,40,
-10.407824,-36.435416,60,OSM:classe,1,40,
-10.407754,-36.429823,60,OSM:classe,1,40,
-10.407752,-36.429642,60,OSM:classe,1,60,
-10.407720,-36.435458,60,OSM:classe,1,40,
-10.407676,-36.545586,60,OSM:classe,1,40,
-10.407672,-36.430205,60,OSM:classe,1,60,
-10.407657,-36.430239,60,OSM:classe,1,60,
-10.407599,-36.434807,60,OSM:classe,1,40,
-10.407571,-36.434736,60,OSM:classe,1,40,
-10.407505,-36.430186,60,OSM:classe,1,60,
-10.407332,-36.435546,60,OSM:classe,1,40,
-10.407322,-36.431484,60,OSM:classe,1,60,
-10.407278,-36.433952,60,OSM:classe,1,40,
-10.407265,-36.435962,60,OSM:classe,1,40,
-10.407235,-36.433831,60,OSM:classe,1,40,
-10.407197,-36.431489,60,OSM:classe,1,60,
-10.407195,-36.433735,60,OSM:classe,1,40,
-10.407193,-36.426284,60,OSM:classe,1,60,
-10.407148,-36.435603,60,OSM:classe,1,40,
-10.407129,-36.507960,60,OSM:classe,1,40,
-10.407099,-36.432323,60,OSM:classe,1,40,
-10.407020,-36.432429,60,OSM:classe,1,40,
-10.407014,-36.432260,60,OSM:classe,1,40,
-10.406904,-36.433876,60,OSM:classe,1,40,
-10.406862,-36.433770,60,OSM:classe,1,40,
-10.406775,-36.433947,60,OSM:classe,1,40,
-10.406730,-36.433822,60,OSM:classe,1,40,
-10.406704,-36.436843,60,OSM:classe,1,50,
-10.406650,-36.423381,60,OSM:classe,1,60,
-10.406619,-36.436555,60,OSM:classe,1,40,
-10.406071,-36.506483,60,OSM:classe,1,40,
-10.406070,-36.432630,60,OSM:classe,1,40,
-10.405957,-36.506381,60,OSM:classe,1,40,
-10.405948,-36.431625,60,OSM:classe,1,60,
-10.405877,-36.432903,60,OSM:classe,1,40,
-10.405876,-36.432072,60,OSM:classe,1,40,
-10.405828,-36.434461,60,OSM:classe,1,40,
-10.405746,-36.437258,60,OSM:classe,1,50,
-10.405707,-36.434140,60,OSM:classe,1,40,
-10.405587,-36.429216,60,OSM:classe,1,40,
-10.405527,-36.421355,60,OSM:classe,1,40,
-10.405468,-36.549564,60,OSM:classe,1,40,
-10.405245,-36.411006,60,OSM:classe,1,40,
-10.405213,-36.424661,60,OSM:classe,1,40,
-10.405146,-36.432554,60,OSM:classe,1,50,
-10.405099,-36.505696,60,OSM:classe,1,40,
-10.404942,-36.505579,60,OSM:classe,1,40,
-10.404916,-36.431921,60,OSM:classe,1,50,
-10.404836,-36.431782,60,OSM:classe,1,50,
-10.404552,-36.505331,60,OSM:classe,1,40,
-10.404382,-36.431773,60,OSM:classe,1,60,
-10.403976,-36.419799,60,OSM:classe,1,60,
-10.403734,-36.414439,60,OSM:classe,1,40,
-10.403394,-36.415848,60,OSM:classe,1,60,
-10.402687,-36.411507,60,OSM:classe,1,60,
-10.402403,-36.430936,60,OSM:classe,1,60,
-10.401726,-36.552059,60,OSM:classe,1,40,
-10.400602,-36.503145,60,OSM:classe,1,40,
-10.400512,-36.407506,60,OSM:classe,1,60,
-10.399019,-36.439883,60,OSM:classe,1,60,
-10.398589,-36.442960,60,OSM:classe,1,60,
-10.398453,-36.403447,60,OSM:classe,1,60,
-10.398217,-36.431683,60,OSM:classe,1,60,
-10.397956,-36.447487,60,OSM:classe,1,60,
-10.397744,-36.554183,60,OSM:classe,1,40,
-10.397690,-36.532197,60,OSM:classe,1,40,
-10.397279,-36.435735,60,OSM:classe,1,60,
-10.397231,-36.554444,60,OSM:classe,1,40,
-10.397085,-36.451970,60,OSM:classe,1,60,
-10.396926,-36.452943,60,OSM:classe,1,60,
-10.396682,-36.535482,60,OSM:classe,1,40,
-10.396418,-36.504575,60,OSM:classe,1,40,
-10.396347,-36.527939,60,OSM:classe,1,40,
-10.396204,-36.542004,60,OSM:classe,1,40,
-10.396152,-36.399572,60,OSM:classe,1,60,
-10.395912,-36.550103,60,OSM:classe,1,40,
-10.395886,-36.537499,60,OSM:classe,1,40,
-10.395834,-36.399080,100,OSM:classe,1,80,
-10.395777,-36.457340,60,OSM:classe,1,60,
-10.395031,-36.519371,60,OSM:classe,1,40,
-10.394827,-36.523688,60,OSM:classe,1,40,
-10.394647,-36.545954,60,OSM:classe,1,40,
-10.394188,-36.461617,60,OSM:classe,1,60,
-10.394080,-36.510965,60,OSM:classe,1,40,
-10.393597,-36.505764,60,OSM:classe,1,40,
-10.393594,-36.515039,60,OSM:classe,1,40,
-10.393588,-36.506444,60,OSM:classe,1,40,
-10.393495,-36.395197,100,OSM:classe,1,80,
-10.393016,-36.554562,60,OSM:classe,1,40,
-10.392992,-36.488849,60,OSM:classe,1,40,
-10.392704,-36.386791,100,OSM:classe,1,80,
-10.392521,-36.386586,100,OSM:classe,1,80,
-10.392455,-36.465833,60,OSM:classe,1,60,
-10.391931,-36.390919,100,OSM:classe,1,80,
-10.390630,-36.470012,60,OSM:classe,1,60,
-10.389371,-36.383345,100,OSM:classe,1,80,
-10.389241,-36.504626,60,OSM:classe,1,40,
-10.388993,-36.552520,60,OSM:classe,1,40,
-10.388961,-36.486825,60,OSM:classe,1,40,
-10.388805,-36.474190,60,OSM:classe,1,60,
-10.386981,-36.478368,60,OSM:classe,1,60,
-10.386032,-36.380290,100,OSM:classe,1,80,
-10.385436,-36.484025,60,OSM:classe,1,40,
-10.385156,-36.482546,60,OSM:classe,1,60,
-10.384887,-36.550820,60,OSM:classe,1,40,
-10.384886,-36.503489,60,OSM:classe,1,40,
-10.383081,-36.486568,60,OSM:classe,1,60,
-10.382741,-36.377175,100,OSM:classe,1,80,
-10.380853,-36.375070,100,OSM:classe,1,80,
-10.380810,-36.504255,60,OSM:classe,1,40,
-10.380491,-36.550323,60,OSM:classe,1,40,
-10.378779,-36.487878,60,OSM:classe,1,60,
-10.378654,-36.508257,60,OSM:classe,1,40,
-10.377822,-36.371693,100,OSM:classe,1,80,
-10.376054,-36.549580,60,OSM:classe,1,40,
-10.374893,-36.509618,60,OSM:classe,1,40,
-10.374840,-36.368272,100,OSM:classe,1,80,
-10.374466,-36.489171,60,OSM:classe,1,60,
-10.372236,-36.364553,100,OSM:classe,1,80,
-10.371654,-36.548644,60,OSM:classe,1,40,
-10.370990,-36.362818,60,OSM:classe,1,60,
-10.370638,-36.508501,60,OSM:classe,1,40,
-10.370102,-36.489858,60,OSM:classe,1,60,
-10.368365,-36.359109,60,OSM:classe,1,60,
-10.367196,-36.548533,60,OSM:classe,1,40,
-10.366815,-36.506355,60,OSM:classe,1,40,
-10.366525,-36.505913,60,OSM:classe,1,40,
-10.366236,-36.355082,60,OSM:classe,1,60,
-10.366204,-36.488145,60,OSM:classe,1,60,
-10.365090,-36.501634,60,OSM:classe,1,40,
-10.364316,-36.350951,60,OSM:classe,1,60,
-10.362828,-36.485177,60,OSM:classe,1,60,
-10.362712,-36.548838,60,OSM:classe,1,40,
-10.362201,-36.346920,60,OSM:classe,1,60,
-10.361400,-36.500203,60,OSM:classe,1,40,
-10.359632,-36.500105,60,OSM:classe,1,40,
-10.359378,-36.343389,60,OSM:classe,1,60,
-10.359359,-36.516453,60,OSM:classe,1,40,
-10.358775,-36.483254,60,OSM:classe,1,60,
-10.358737,-36.503502,60,OSM:classe,1,40,
-10.358339,-36.549902,60,OSM:classe,1,40,
-10.358315,-36.512212,60,OSM:classe,1,40,
-10.358089,-36.520718,60,OSM:classe,1,40,
-10.357733,-36.507879,60,OSM:classe,1,40,
-10.356952,-36.339550,60,OSM:classe,1,60,
-10.356923,-36.499779,60,OSM:classe,1,40,
-10.355475,-36.524362,60,OSM:classe,1,40,
-10.354614,-36.335646,60,OSM:classe,1,60,
-10.354318,-36.482848,60,OSM:classe,1,60,
-10.354287,-36.299779,60,OSM:classe,1,40,
-10.353966,-36.550966,60,OSM:classe,1,40,
-10.353524,-36.502214,60,OSM:classe,1,40,
-10.353271,-36.300448,60,OSM:classe,1,40,
-10.352568,-36.527844,60,OSM:classe,1,40,
-10.351539,-36.332408,60,OSM:classe,1,60,
-10.350472,-36.531855,60,OSM:classe,1,40,
-10.349833,-36.501356,60,OSM:classe,1,40,
-10.349828,-36.482601,60,OSM:classe,1,60,
-10.349578,-36.550216,60,OSM:classe,1,40,
-10.349244,-36.302089,60,OSM:classe,1,40,
-10.348293,-36.535852,60,OSM:classe,1,40,
-10.348139,-36.329447,60,OSM:classe,1,60,
-10.347526,-36.310163,60,OSM:classe,1,40,
-10.347423,-36.309993,60,OSM:classe,1,40,
-10.347032,-36.313774,60,OSM:classe,1,40,
-10.346220,-36.321585,60,OSM:classe,1,60,
-10.346215,-36.539897,60,OSM:classe,1,40,
-10.346145,-36.502313,60,OSM:classe,1,40,
-10.345833,-36.484188,60,OSM:classe,1,60,
-10.345555,-36.484485,100,OSM:classe,1,80,
-10.345530,-36.325776,60,OSM:classe,1,60,
-10.345228,-36.306069,60,OSM:classe,1,40,
-10.345189,-36.549225,60,OSM:classe,1,40,
-10.344883,-36.302508,60,OSM:classe,1,40,
-10.344871,-36.317704,60,OSM:classe,1,40,
-10.344772,-36.317871,60,OSM:classe,1,40,
-10.344713,-36.302427,60,OSM:classe,1,40,
-10.344703,-36.485398,60,OSM:classe,1,60,
-10.344703,-36.302437,60,OSM:classe,1,40,
-10.344698,-36.318639,40,OSM:classe,1,40,
-10.344662,-36.302443,60,OSM:classe,1,40,
-10.344634,-36.302385,60,OSM:classe,1,40,
-10.344568,-36.318024,60,OSM:classe,1,40,
-10.344484,-36.318304,60,OSM:classe,1,40,
-10.344449,-36.302622,60,OSM:classe,1,40,
-10.344375,-36.506455,60,OSM:classe,1,40,
-10.344296,-36.543988,60,OSM:classe,1,40,
-10.343918,-36.317686,60,OSM:classe,1,60,
-10.342274,-36.547895,60,OSM:classe,1,40,
-10.342064,-36.510334,60,OSM:classe,1,40,
-10.341260,-36.488242,60,OSM:classe,1,60,
-10.341155,-36.547261,60,OSM:classe,1,40,
-10.340935,-36.514604,60,OSM:classe,1,40,
-10.339985,-36.315550,60,OSM:classe,1,60,
-10.339171,-36.518480,60,OSM:classe,1,40,
-10.337485,-36.490542,60,OSM:classe,1,60,
-10.336770,-36.547247,60,OSM:classe,1,40,
-10.336067,-36.521480,60,OSM:classe,1,40,
-10.335824,-36.313922,60,OSM:classe,1,60,
-10.335161,-36.529825,60,OSM:classe,1,40,
-10.334899,-36.525537,60,OSM:classe,1,40,
-10.334483,-36.524126,60,OSM:classe,1,40,
-10.334419,-36.493739,60,OSM:classe,1,60,
-10.333227,-36.523237,60,OSM:classe,1,40,
-10.332802,-36.548889,60,OSM:classe,1,40,
-10.332639,-36.533609,60,OSM:classe,1,40,
-10.331995,-36.549152,60,OSM:classe,1,40,
-10.331825,-36.549212,60,OSM:classe,1,40,
-10.331423,-36.497079,60,OSM:classe,1,60,
-10.331362,-36.313668,60,OSM:classe,1,60,
-10.331151,-36.547148,60,OSM:classe,1,40,
-10.330118,-36.537394,60,OSM:classe,1,40,
-10.329134,-36.521482,60,OSM:classe,1,40,
-10.328874,-36.498993,60,OSM:classe,1,40,
-10.328288,-36.494620,60,OSM:classe,1,40,
-10.328179,-36.500110,60,OSM:classe,1,60,
-10.327596,-36.541178,60,OSM:classe,1,40,
-10.327573,-36.550699,60,OSM:classe,1,40,
-10.327525,-36.544678,60,OSM:classe,1,40,
-10.326939,-36.312861,60,OSM:classe,1,60,
-10.326470,-36.490440,60,OSM:classe,1,40,
-10.326368,-36.504247,60,OSM:classe,1,60,
-10.325995,-36.489352,60,OSM:classe,1,40,
-10.325754,-36.508763,60,OSM:classe,1,60,
-10.325395,-36.513319,60,OSM:classe,1,60,
-10.325035,-36.517875,60,OSM:classe,1,60,
-10.324816,-36.520207,60,OSM:classe,1,40,
-10.324210,-36.485158,60,OSM:classe,1,40,
-10.323487,-36.521852,60,OSM:classe,1,60,
-10.323170,-36.551351,60,OSM:classe,1,40,
-10.322898,-36.476422,60,OSM:classe,1,40,
-10.322707,-36.480851,60,OSM:classe,1,40,
-10.322564,-36.311802,60,OSM:classe,1,60,
-10.322154,-36.471946,60,OSM:classe,1,40,
-10.321229,-36.467481,60,OSM:classe,1,40,
-10.321222,-36.463019,60,OSM:classe,1,40,
-10.320393,-36.458531,60,OSM:classe,1,40,
-10.319612,-36.454038,60,OSM:classe,1,40,
-10.319258,-36.449484,60,OSM:classe,1,40,
-10.319048,-36.522471,60,OSM:classe,1,60,
-10.318929,-36.550128,60,OSM:classe,1,40,
-10.318570,-36.444967,60,OSM:classe,1,40,
-10.318190,-36.310742,60,OSM:classe,1,60,
-10.318072,-36.440430,60,OSM:classe,1,40,
-10.317802,-36.435867,60,OSM:classe,1,40,
-10.316721,-36.431432,60,OSM:classe,1,40,
-10.316309,-36.550247,60,OSM:classe,1,40,
-10.316212,-36.550306,60,OSM:classe,1,40,
-10.316159,-36.426900,60,OSM:classe,1,40,
-10.314943,-36.422600,60,OSM:classe,1,40,
-10.314573,-36.522915,60,OSM:classe,1,60,
-10.313905,-36.309379,60,OSM:classe,1,60,
-10.313381,-36.418319,60,OSM:classe,1,40,
-10.312277,-36.552481,60,OSM:classe,1,40,
-10.310098,-36.523359,60,OSM:classe,1,60,
-10.310076,-36.415334,60,OSM:classe,1,40,
-10.309547,-36.308304,60,OSM:classe,1,60,
-10.309081,-36.555665,60,OSM:classe,1,40,
-10.309069,-36.414544,60,OSM:classe,1,40,
-10.306794,-36.412883,60,OSM:classe,1,40,
-10.306340,-36.559267,60,OSM:classe,1,40,
-10.305622,-36.523804,60,OSM:classe,1,60,
-10.305444,-36.306466,60,OSM:classe,1,60,
-10.304541,-36.409154,60,OSM:classe,1,40,
-10.303167,-36.562297,60,OSM:classe,1,40,
-10.302422,-36.405246,60,OSM:classe,1,40,
-10.301404,-36.304459,60,OSM:classe,1,60,
-10.301147,-36.524248,60,OSM:classe,1,60,
-10.300760,-36.566075,60,OSM:classe,1,40,
-10.299453,-36.403150,60,OSM:classe,1,40,
-10.299322,-36.570397,60,OSM:classe,1,40,
-10.298281,-36.574836,60,OSM:classe,1,40,
-10.297756,-36.403556,60,OSM:classe,1,40,
-10.297709,-36.577122,60,OSM:classe,1,50,
-10.297689,-36.404167,60,OSM:classe,1,40,
-10.297459,-36.576720,60,OSM:classe,1,40,
-10.297364,-36.302453,60,OSM:classe,1,60,
-10.297164,-36.579379,40,OSM:classe,1,40,
-10.296769,-36.525175,60,OSM:classe,1,60,
-10.296765,-36.399735,60,OSM:classe,1,40,
-10.296743,-36.375845,60,OSM:classe,1,40,
-10.296614,-36.294865,60,OSM:classe,1,40,
-10.296589,-36.580560,60,OSM:classe,1,50,
-10.296518,-36.408580,60,OSM:classe,1,40,
-10.296508,-36.377648,60,OSM:classe,1,40,
-10.296508,-36.371293,60,OSM:classe,1,40,
-10.296433,-36.575393,60,OSM:classe,1,50,
-10.296413,-36.525548,60,OSM:classe,1,60,
-10.296355,-36.377955,60,OSM:classe,1,40,
-10.296247,-36.525264,60,OSM:classe,1,40,
-10.296137,-36.366739,60,OSM:classe,1,40,
-10.296069,-36.524908,60,OSM:classe,1,40,
-10.296047,-36.310539,60,OSM:classe,1,40,
-10.295964,-36.525540,60,OSM:classe,1,60,
-10.295961,-36.525461,60,OSM:classe,1,60,
-10.295919,-36.493186,60,OSM:classe,1,40,
-10.295906,-36.378753,60,OSM:classe,1,40,
-10.295835,-36.523131,60,OSM:classe,1,40,
-10.295771,-36.580043,60,OSM:classe,1,40,
-10.295767,-36.379079,60,OSM:classe,1,40,
-10.295759,-36.310326,60,OSM:classe,1,40,
-10.295690,-36.581187,60,OSM:classe,1,50,
-10.295669,-36.493367,60,OSM:classe,1,40,
-10.295659,-36.525873,60,OSM:classe,1,60,
-10.295442,-36.395367,60,OSM:classe,1,40,
-10.295411,-36.379799,60,OSM:classe,1,40,
-10.295363,-36.379893,60,OSM:classe,1,40,
-10.295347,-36.412992,60,OSM:classe,1,40,
-10.295335,-36.480752,60,OSM:classe,1,40,
-10.295247,-36.380109,60,OSM:classe,1,40,
-10.295239,-36.518601,60,OSM:classe,1,40,
-10.295234,-36.582546,60,OSM:classe,1,50,
-10.295190,-36.380218,60,OSM:classe,1,40,
-10.295102,-36.362414,60,OSM:classe,1,40,
-10.294932,-36.582354,60,OSM:classe,1,50,
-10.294876,-36.383541,60,OSM:classe,1,40,
-10.294830,-36.489187,60,OSM:classe,1,40,
-10.294767,-36.582554,40,OSM:classe,1,40,
-10.294709,-36.579469,60,OSM:classe,1,40,
-10.294669,-36.484775,60,OSM:classe,1,40,
-10.294643,-36.514071,60,OSM:classe,1,40,
-10.294560,-36.484995,60,OSM:classe,1,40,
-10.294472,-36.488927,60,OSM:classe,1,40,
-10.294467,-36.386423,60,OSM:classe,1,40,
-10.294418,-36.583472,40,OSM:classe,1,40,
-10.294225,-36.390986,60,OSM:classe,1,40,
-10.294176,-36.417405,60,OSM:classe,1,40,
-10.294159,-36.485891,60,OSM:classe,1,40,
-10.294070,-36.572067,60,OSM:classe,1,50,
-10.293967,-36.509563,60,OSM:classe,1,40,
-10.293778,-36.527937,60,OSM:classe,1,60,
-10.293557,-36.301093,60,OSM:classe,1,60,
-10.293453,-36.584612,40,OSM:classe,1,40,
-10.293452,-36.298052,60,OSM:classe,1,40,
-10.293450,-36.476702,60,OSM:classe,1,40,
-10.293020,-36.472153,60,OSM:classe,1,40,
-10.292943,-36.421800,60,OSM:classe,1,40,
-10.292772,-36.585791,60,OSM:classe,1,50,
-10.292740,-36.307460,60,OSM:classe,1,40,
-10.292707,-36.300870,60,OSM:classe,1,60,
-10.292702,-36.300303,60,OSM:classe,1,40,
-10.292691,-36.300650,60,OSM:classe,1,40,
-10.292648,-36.575537,60,OSM:classe,1,40,
-10.292591,-36.467604,60,OSM:classe,1,40,
-10.292549,-36.585470,60,OSM:classe,1,50,
-10.292493,-36.300817,60,OSM:classe,1,40,
-10.292490,-36.300975,60,OSM:classe,1,40,
-10.292478,-36.300621,60,OSM:classe,1,60,
-10.292473,-36.496578,60,OSM:classe,1,40,
-10.292457,-36.300788,60,OSM:classe,1,60,
-10.292440,-36.307299,60,OSM:classe,1,40,
-10.292294,-36.585240,40,OSM:classe,1,40,
-10.292268,-36.585255,60,OSM:classe,1,50,
-10.292259,-36.358873,60,OSM:classe,1,40,
-10.292162,-36.463055,60,OSM:classe,1,40,
-10.292128,-36.573802,60,OSM:classe,1,40,
-10.291976,-36.505661,60,OSM:classe,1,40,
-10.291965,-36.305938,60,OSM:classe,1,40,
-10.291944,-36.300324,60,OSM:classe,1,60,
-10.291939,-36.307443,60,OSM:classe,1,40,
-10.291847,-36.309487,60,OSM:classe,1,40,
-10.291732,-36.458505,60,OSM:classe,1,40,
-10.291697,-36.426191,60,OSM:classe,1,40,
-10.291621,-36.585801,60,OSM:classe,1,50,
-10.291609,-36.310833,60,OSM:classe,1,40,
-10.291589,-36.456994,60,OSM:classe,1,40,
-10.291549,-36.303229,60,OSM:classe,1,40,
-10.291383,-36.531806,60,OSM:classe,1,60,
-10.291362,-36.303620,60,OSM:classe,1,40,
-10.291326,-36.570870,60,OSM:classe,1,40,
-10.291201,-36.586404,60,OSM:classe,1,50,
-10.291130,-36.585117,60,OSM:classe,1,50,
-10.291099,-36.452459,60,OSM:classe,1,40,
-10.290882,-36.569433,60,OSM:classe,1,50,
-10.290829,-36.304584,60,OSM:classe,1,40,
-10.290740,-36.304712,60,OSM:classe,1,40,
-10.290451,-36.430582,60,OSM:classe,1,40,
-10.290431,-36.304315,60,OSM:classe,1,40,
-10.290043,-36.583671,60,OSM:classe,1,50,
-10.289537,-36.565072,60,OSM:classe,1,50,
-10.289536,-36.448174,60,OSM:classe,1,40,
-10.289417,-36.355332,60,OSM:classe,1,40,
-10.289364,-36.579265,40,OSM,0,,
-10.289316,-36.585756,60,OSM:classe,1,50,
-10.289294,-36.584031,60,OSM:classe,1,50,
-10.289205,-36.434973,60,OSM:classe,1,40,
-10.289027,-36.503150,60,OSM:classe,1,40,
-10.288989,-36.535674,60,OSM:classe,1,60,
-10.288879,-36.583953,40,OSM,0,,
-10.288841,-36.579969,40,OSM,0,,
-10.288834,-36.583628,40,OSM,0,,
-10.288834,-36.582399,60,OSM:classe,1,50,
-10.288733,-36.498609,60,OSM:classe,1,40,
-10.288676,-36.499473,60,OSM:classe,1,40,
-10.288615,-36.313971,60,OSM:classe,1,40,
-10.288602,-36.297267,60,OSM:classe,1,60,
-10.288541,-36.302762,60,OSM:classe,1,40,
-10.288522,-36.582938,40,OSM,0,,
-10.288173,-36.560724,60,OSM:classe,1,50,
-10.288103,-36.439394,60,OSM:classe,1,40,
-10.287973,-36.443889,60,OSM:classe,1,40,
-10.287917,-36.584084,30,OSM,0,,
-10.287884,-36.540053,60,OSM:classe,1,60,
-10.287867,-36.584931,30,OSM,0,,
-10.287865,-36.584902,30,OSM,0,,
-10.287711,-36.580734,40,OSM:classe,1,40,
-10.287407,-36.580074,40,OSM:classe,1,40,
-10.287252,-36.579713,40,OSM,0,,
-10.287225,-36.580310,40,OSM,0,,
-10.287147,-36.584890,20,OSM,0,,
-10.287068,-36.544548,60,OSM:classe,1,60,
-10.286814,-36.583824,20,OSM,0,,
-10.286722,-36.351677,60,OSM:classe,1,40,
-10.286253,-36.549042,60,OSM:classe,1,60,
-10.285694,-36.585136,30,OSM,0,,
-10.285639,-36.576094,60,OSM:classe,1,50,
-10.285609,-36.585169,30,OSM,0,,
-10.285438,-36.553536,60,OSM:classe,1,60,
-10.285390,-36.317105,60,OSM:classe,1,40,
-10.285259,-36.294210,60,OSM:classe,1,60,
-10.285164,-36.558148,60,OSM:classe,1,50,
-10.285164,-36.555086,60,OSM:classe,1,60,
-10.285023,-36.499954,60,OSM:classe,1,40,
-10.284994,-36.584842,30,OSM,0,,
-10.284905,-36.584207,30,OSM,0,,
-10.284855,-36.557634,60,OSM:classe,1,60,
-10.284850,-36.584888,30,OSM,0,,
-10.284810,-36.584216,30,OSM,0,,
-10.284806,-36.557986,60,OSM:classe,1,50,
-10.284804,-36.557183,60,OSM:classe,1,60,
-10.284618,-36.584241,30,OSM,0,,
-10.284615,-36.558292,60,OSM:classe,1,50,
-10.284586,-36.583234,30,OSM,0,,
-10.284480,-36.557702,60,OSM:classe,1,60,
-10.284464,-36.557764,60,OSM:classe,1,60,
-10.284430,-36.317630,60,OSM:classe,1,40,
-10.284406,-36.583280,30,OSM,0,,
-10.284322,-36.584282,30,OSM,0,,
-10.284191,-36.560653,60,OSM:classe,1,50,
-10.284137,-36.347938,60,OSM:classe,1,40,
-10.284117,-36.557777,60,OSM:classe,1,60,
-10.284078,-36.347851,60,OSM:classe,1,40,
-10.283923,-36.582009,30,OSM,0,,
-10.283735,-36.571970,60,OSM:classe,1,50,
-10.283382,-36.565149,60,OSM:classe,1,50,
-10.283341,-36.570791,40,OSM:classe,1,40,
-10.283272,-36.569477,60,OSM:classe,1,40,
-10.283245,-36.318051,60,OSM:classe,1,40,
-10.283210,-36.583597,30,OSM,0,,
-10.283207,-36.569452,40,OSM:classe,1,40,
-10.283101,-36.567447,60,OSM:classe,1,50,
-10.283078,-36.569411,60,OSM:classe,1,40,
-10.282971,-36.567539,60,OSM:classe,1,50,
-10.282808,-36.569427,60,OSM:classe,1,40,
-10.281759,-36.291341,60,OSM:classe,1,60,
-10.281588,-36.563190,60,OSM:classe,1,50,
-10.281535,-36.344170,60,OSM:classe,1,40,
-10.281344,-36.497326,60,OSM:classe,1,40,
-10.281109,-36.580755,30,OSM,0,,
-10.281002,-36.579681,30,OSM,0,,
-10.280708,-36.566542,60,OSM:classe,1,40,
-10.280554,-36.558270,60,OSM:classe,1,60,
-10.280316,-36.558863,60,OSM:classe,1,50,
-10.280165,-36.558361,60,OSM:classe,1,60,
-10.280141,-36.558416,60,OSM:classe,1,50,
-10.280061,-36.558210,60,OSM:classe,1,60,
-10.280013,-36.558467,60,OSM:classe,1,50,
-10.279953,-36.558091,60,OSM:classe,1,60,
-10.279943,-36.558426,60,OSM:classe,1,60,
-10.279934,-36.558263,60,OSM:classe,1,60,
-10.279410,-36.558399,60,OSM:classe,1,60,
-10.279138,-36.556423,60,OSM:classe,1,60,
-10.278951,-36.340429,60,OSM:classe,1,40,
-10.278860,-36.318308,60,OSM:classe,1,40,
-10.278525,-36.288209,60,OSM:classe,1,60,
-10.277631,-36.564204,60,OSM:classe,1,40,
-10.277410,-36.498713,60,OSM:classe,1,40,
-10.277139,-36.552329,60,OSM:classe,1,60,
-10.276679,-36.320114,60,OSM:classe,1,40,
-10.276367,-36.336689,60,OSM:classe,1,40,
-10.276320,-36.558342,60,OSM:classe,1,60,
-10.275359,-36.284970,60,OSM:classe,1,60,
-10.275133,-36.562286,60,OSM:classe,1,40,
-10.274758,-36.548457,60,OSM:classe,1,60,
-10.274066,-36.322541,60,OSM:classe,1,40,
-10.273802,-36.532856,60,OSM:classe,1,40,
-10.273784,-36.332949,60,OSM:classe,1,40,
-10.273532,-36.501027,60,OSM:classe,1,40,
-10.273458,-36.322825,60,OSM:classe,1,40,
-10.273438,-36.560584,60,OSM:classe,1,40,
-10.273178,-36.559652,60,OSM:classe,1,40,
-10.273163,-36.536679,60,OSM:classe,1,40,
-10.272979,-36.559159,60,OSM:classe,1,40,
-10.272926,-36.559412,60,OSM:classe,1,40,
-10.272330,-36.537668,60,OSM:classe,1,40,
-10.272323,-36.544615,60,OSM:classe,1,60,
-10.272236,-36.528651,60,OSM:classe,1,40,
-10.272145,-36.281774,60,OSM:classe,1,60,
-10.271979,-36.524089,60,OSM:classe,1,40,
-10.271824,-36.558259,60,OSM:classe,1,60,
-10.271507,-36.329024,60,OSM:classe,1,40,
-10.271399,-36.543226,60,OSM:classe,1,60,
-10.269655,-36.503340,60,OSM:classe,1,40,
-10.269526,-36.324922,60,OSM:classe,1,40,
-10.269498,-36.520410,60,OSM:classe,1,40,
-10.269407,-36.541141,60,OSM:classe,1,40,
-10.269394,-36.324652,60,OSM:classe,1,40,
-10.269194,-36.324249,60,OSM:classe,1,40,
-10.268931,-36.278578,60,OSM:classe,1,60,
-10.268180,-36.540074,60,OSM:classe,1,60,
-10.267341,-36.558375,60,OSM:classe,1,60,
-10.266776,-36.517111,60,OSM:classe,1,40,
-10.266148,-36.512595,60,OSM:classe,1,40,
-10.266116,-36.325484,60,OSM:classe,1,40,
-10.265985,-36.510900,60,OSM:classe,1,40,
-10.265803,-36.275303,60,OSM:classe,1,60,
-10.265777,-36.505654,60,OSM:classe,1,40,
-10.265740,-36.508605,60,OSM:classe,1,40,
-10.265640,-36.538683,60,OSM:classe,1,60,
-10.265506,-36.505832,60,OSM:classe,1,40,
-10.265453,-36.505868,60,OSM:classe,1,40,
-10.264231,-36.673478,60,OSM:classe,1,40,
-10.264192,-36.669455,60,OSM:classe,1,40,
-10.262996,-36.271733,60,OSM:classe,1,60,
-10.262899,-36.559080,60,OSM:classe,1,60,
-10.262144,-36.665387,60,OSM:classe,1,40,
-10.261900,-36.507968,60,OSM:classe,1,40,
-10.261891,-36.677180,60,OSM:classe,1,40,
-10.261832,-36.324093,60,OSM:classe,1,40,
-10.261475,-36.685955,60,OSM:classe,1,40,
-10.261367,-36.681595,60,OSM:classe,1,40,
-10.261352,-36.537310,60,OSM:classe,1,60,
-10.260189,-36.268163,60,OSM:classe,1,60,
-10.260133,-36.690195,60,OSM:classe,1,40,
-10.259009,-36.662295,60,OSM:classe,1,40,
-10.258456,-36.559786,60,OSM:classe,1,60,
-10.258179,-36.324102,60,OSM:classe,1,40,
-10.258022,-36.510281,60,OSM:classe,1,40,
-10.257429,-36.693846,60,OSM:classe,1,40,
-10.257311,-36.264653,60,OSM:classe,1,60,
-10.257185,-36.535642,60,OSM:classe,1,60,
-10.256639,-36.658509,60,OSM:classe,1,40,
-10.256303,-36.560202,60,OSM:classe,1,60,
-10.255862,-36.324343,60,OSM:classe,1,40,
-10.255064,-36.697719,60,OSM:classe,1,40,
-10.254569,-36.654452,60,OSM:classe,1,40,
-10.254144,-36.512595,60,OSM:classe,1,40,
-10.253963,-36.261720,60,OSM:classe,1,60,
-10.253665,-36.532800,60,OSM:classe,1,60,
-10.253227,-36.653031,60,OSM:classe,1,40,
-10.251898,-36.561104,60,OSM:classe,1,60,
-10.251718,-36.700699,60,OSM:classe,1,40,
-10.251376,-36.324561,60,OSM:classe,1,40,
-10.251320,-36.651352,60,OSM:classe,1,40,
-10.251214,-36.258384,60,OSM:classe,1,60,
-10.250432,-36.529734,60,OSM:classe,1,60,
-10.250267,-36.514909,60,OSM:classe,1,40,
-10.250168,-36.655563,60,OSM:classe,1,40,
-10.248379,-36.254946,60,OSM:classe,1,60,
-10.247941,-36.324038,60,OSM:classe,1,40,
-10.247936,-36.648343,60,OSM:classe,1,40,
-10.247917,-36.703134,60,OSM:classe,1,40,
-10.247642,-36.562580,60,OSM:classe,1,60,
-10.247018,-36.526765,60,OSM:classe,1,60,
-10.246389,-36.517222,60,OSM:classe,1,40,
-10.245897,-36.655750,60,OSM:classe,1,40,
-10.245622,-36.706522,60,OSM:classe,1,40,
-10.245371,-36.323879,60,OSM:classe,1,40,
-10.245239,-36.251684,60,OSM:classe,1,60,
-10.244606,-36.645273,60,OSM:classe,1,40,
-10.244516,-36.710734,60,OSM:classe,1,40,
-10.244494,-36.656502,60,OSM:classe,1,40,
-10.244408,-36.656136,60,OSM:classe,1,40,
-10.243726,-36.657999,60,OSM:classe,1,40,
-10.243557,-36.523847,60,OSM:classe,1,60,
-10.243387,-36.564055,60,OSM:classe,1,60,
-10.242886,-36.653529,60,OSM:classe,1,40,
-10.242512,-36.519536,60,OSM:classe,1,40,
-10.242408,-36.248202,60,OSM:classe,1,60,
-10.241515,-36.714094,60,OSM:classe,1,40,
-10.241426,-36.649256,60,OSM:classe,1,40,
-10.241276,-36.642203,60,OSM:classe,1,40,
-10.241041,-36.323103,60,OSM:classe,1,40,
-10.240174,-36.244487,60,OSM:classe,1,60,
-10.240116,-36.660594,60,OSM:classe,1,40,
-10.240079,-36.521040,60,OSM:classe,1,60,
-10.239798,-36.645027,60,OSM:classe,1,40,
-10.239131,-36.565531,60,OSM:classe,1,60,
-10.238832,-36.640582,60,OSM:classe,1,40,
-10.238660,-36.717181,60,OSM:classe,1,40,
-10.238634,-36.521850,60,OSM:classe,1,40,
-10.237704,-36.639491,60,OSM:classe,1,40,
-10.237495,-36.519709,60,OSM:classe,1,60,
-10.237339,-36.325400,60,OSM:classe,1,40,
-10.236800,-36.241583,60,OSM:classe,1,60,
-10.236163,-36.662758,60,OSM:classe,1,40,
-10.235743,-36.662955,60,OSM:classe,1,40,
-10.235576,-36.663041,60,OSM:classe,1,40,
-10.234875,-36.567006,60,OSM:classe,1,60,
-10.234756,-36.524163,60,OSM:classe,1,40,
-10.234737,-36.719286,60,OSM:classe,1,40,
-10.234664,-36.567502,60,OSM:classe,1,40,
-10.234577,-36.636208,60,OSM:classe,1,40,
-10.234398,-36.516414,60,OSM:classe,1,60,
-10.233494,-36.569350,60,OSM:classe,1,40,
-10.233419,-36.591707,60,OSM:classe,1,40,
-10.233388,-36.238684,60,OSM:classe,1,60,
-10.233070,-36.587252,60,OSM:classe,1,40,
-10.233062,-36.326114,60,OSM:classe,1,40,
-10.232698,-36.596126,60,OSM:classe,1,40,
-10.232499,-36.573787,60,OSM:classe,1,40,
-10.232107,-36.582789,60,OSM:classe,1,40,
-10.231795,-36.722571,60,OSM:classe,1,40,
-10.231743,-36.568069,60,OSM:classe,1,60,
-10.231714,-36.578286,60,OSM:classe,1,40,
-10.231487,-36.662168,60,OSM:classe,1,40,
-10.231450,-36.234855,60,OSM:classe,1,60,
-10.231265,-36.513178,60,OSM:classe,1,60,
-10.231090,-36.633902,60,OSM:classe,1,40,
-10.230994,-36.727046,60,OSM:classe,1,40,
-10.230938,-36.731473,60,OSM:classe,1,40,
-10.230886,-36.600149,60,OSM:classe,1,40,
-10.230879,-36.526477,60,OSM:classe,1,40,
-10.230350,-36.735805,60,OSM:classe,1,40,
-10.230140,-36.611169,60,OSM:classe,1,40,
-10.229904,-36.328537,60,OSM:classe,1,40,
-10.229741,-36.615246,60,OSM:classe,1,40,
-10.228028,-36.601758,60,OSM:classe,1,40,
-10.227866,-36.618834,60,OSM:classe,1,40,
-10.227803,-36.332449,60,OSM:classe,1,40,
-10.227409,-36.232974,60,OSM:classe,1,60,
-10.227351,-36.568880,60,OSM:classe,1,60,
-10.227204,-36.661305,60,OSM:classe,1,40,
-10.227150,-36.511650,60,OSM:classe,1,60,
-10.227001,-36.528791,60,OSM:classe,1,40,
-10.226727,-36.635008,60,OSM:classe,1,40,
-10.226564,-36.608451,60,OSM:classe,1,40,
-10.226506,-36.737654,60,OSM:classe,1,40,
-10.226051,-36.622839,60,OSM:classe,1,40,
-10.225784,-36.635250,60,OSM:classe,1,40,
-10.225681,-36.604149,60,OSM:classe,1,40,
-10.225195,-36.627049,60,OSM:classe,1,40,
-10.224297,-36.631432,60,OSM:classe,1,40,
-10.224231,-36.663835,60,OSM:classe,1,40,
-10.224207,-36.630868,60,OSM:classe,1,40,
-10.223797,-36.230342,60,OSM:classe,1,60,
-10.223509,-36.331839,60,OSM:classe,1,40,
-10.223353,-36.509697,60,OSM:classe,1,60,
-10.223123,-36.531104,60,OSM:classe,1,40,
-10.222990,-36.749301,60,OSM:classe,1,40,
-10.222989,-36.749321,60,OSM:classe,1,40,
-10.222956,-36.749388,60,OSM:classe,1,40,
-10.222909,-36.739891,60,OSM:classe,1,40,
-10.222855,-36.568892,60,OSM:classe,1,60,
-10.222027,-36.744264,60,OSM:classe,1,40,
-10.221797,-36.744931,60,OSM:classe,1,40,
-10.221678,-36.751447,60,OSM:classe,1,40,
-10.221355,-36.664718,60,OSM:classe,1,40,
-10.221064,-36.505764,60,OSM:classe,1,60,
-10.220683,-36.227122,60,OSM:classe,1,60,
-10.220397,-36.629529,60,OSM:classe,1,40,
-10.219246,-36.533418,60,OSM:classe,1,40,
-10.219079,-36.332357,60,OSM:classe,1,40,
-10.218999,-36.501716,60,OSM:classe,1,60,
-10.218547,-36.754619,60,OSM:classe,1,40,
-10.218358,-36.568904,60,OSM:classe,1,60,
-10.218189,-36.667218,60,OSM:classe,1,40,
-10.217739,-36.223701,60,OSM:classe,1,60,
-10.217119,-36.758905,60,OSM:classe,1,40,
-10.217001,-36.614763,60,OSM:classe,1,40,
-10.216821,-36.497856,60,OSM:classe,1,60,
-10.216509,-36.763422,60,OSM:classe,1,40,
-10.216359,-36.619271,60,OSM:classe,1,40,
-10.216117,-36.628668,60,OSM:classe,1,40,
-10.216026,-36.767881,60,OSM:classe,1,40,
-10.215728,-36.610698,60,OSM:classe,1,40,
-10.215488,-36.664638,60,OSM:classe,1,40,
-10.215388,-36.623718,60,OSM:classe,1,40,
-10.215379,-36.535750,60,OSM:classe,1,40,
-10.215316,-36.592162,60,OSM:classe,1,40,
-10.215262,-36.628555,60,OSM:classe,1,40,
-10.215228,-36.628262,60,OSM:classe,1,40,
-10.215047,-36.330618,60,OSM:classe,1,40,
-10.214870,-36.596458,60,OSM:classe,1,40,
-10.214202,-36.600926,60,OSM:classe,1,40,
-10.214068,-36.221062,60,OSM:classe,1,60,
-10.213953,-36.568209,60,OSM:classe,1,60,
-10.213924,-36.770700,60,OSM:classe,1,40,
-10.213860,-36.605462,60,OSM:classe,1,40,
-10.213374,-36.494943,60,OSM:classe,1,60,
-10.213192,-36.494719,100,OSM:classe,1,80,
-10.212981,-36.821819,80,OSM,0,,
-10.212922,-36.821943,80,OSM,0,,
-10.212591,-36.665559,60,OSM:classe,1,40,
-10.212581,-36.607859,60,OSM:classe,1,40,
-10.212388,-36.772334,60,OSM:classe,1,40,
-10.211804,-36.590152,60,OSM:classe,1,40,
-10.211691,-36.493014,100,OSM:classe,1,80,
-10.211557,-36.627483,60,OSM:classe,1,40,
-10.211513,-36.538083,60,OSM:classe,1,40,
-10.211192,-36.610772,60,OSM:classe,1,40,
-10.211000,-36.669416,60,OSM:classe,1,40,
-10.210615,-36.218149,60,OSM:classe,1,60,
-10.210591,-36.330711,60,OSM:classe,1,40,
-10.209994,-36.615079,60,OSM:classe,1,40,
-10.209808,-36.615319,60,OSM:classe,1,40,
-10.209670,-36.566818,60,OSM:classe,1,60,
-10.209338,-36.775433,60,OSM:classe,1,40,
-10.208811,-36.489513,100,OSM:classe,1,80,
-10.208475,-36.331204,60,OSM:classe,1,40,
-10.208391,-36.331222,60,OSM:classe,1,40,
-10.208286,-36.619492,60,OSM:classe,1,40,
-10.207974,-36.588359,60,OSM:classe,1,40,
-10.207755,-36.625143,60,OSM:classe,1,40,
-10.207680,-36.624006,60,OSM:classe,1,40,
-10.207647,-36.540416,60,OSM:classe,1,40,
-10.207396,-36.214958,60,OSM:classe,1,60,
-10.207394,-36.584548,60,OSM:classe,1,40,
-10.207292,-36.583843,60,OSM:classe,1,40,
-10.207263,-36.819687,80,OSM,0,,
-10.207186,-36.819901,80,OSM,0,,
-10.207173,-36.669615,60,OSM:classe,1,40,
-10.206861,-36.628406,60,OSM:classe,1,40,
-10.206840,-36.779194,60,OSM:classe,1,40,
-10.206653,-36.628407,60,OSM:classe,1,40,
-10.206645,-36.819457,80,OSM,0,,
-10.206631,-36.565913,60,OSM:classe,1,40,
-10.206611,-36.579327,60,OSM:classe,1,40,
-10.206196,-36.485796,100,OSM:classe,1,80,
-10.206122,-36.627220,60,OSM:classe,1,40,
-10.206043,-36.819472,80,OSM,0,,
-10.205930,-36.574811,60,OSM:classe,1,40,
-10.205718,-36.667240,60,OSM:classe,1,40,
-10.205577,-36.800355,60,OSM:classe,1,40,
-10.205547,-36.819030,80,OSM,0,,
-10.205497,-36.819296,80,OSM,0,,
-10.205387,-36.570304,60,OSM:classe,1,40,
-10.205387,-36.565426,60,OSM:classe,1,60,
-10.205308,-36.795937,60,OSM:classe,1,40,
-10.205182,-36.783398,60,OSM:classe,1,40,
-10.204974,-36.804848,60,OSM:classe,1,40,
-10.204818,-36.211380,60,OSM:classe,1,60,
-10.203994,-36.332179,60,OSM:classe,1,40,
-10.203818,-36.809264,60,OSM:classe,1,40,
-10.203780,-36.542749,60,OSM:classe,1,40,
-10.203752,-36.791675,60,OSM:classe,1,40,
-10.203240,-36.582798,60,OSM:classe,1,40,
-10.203228,-36.819024,80,OSM,0,,
-10.203170,-36.817581,80,OSM,0,,
-10.203041,-36.784993,60,OSM:classe,1,40,
-10.202991,-36.564713,60,OSM:classe,1,40,
-10.202913,-36.560145,60,OSM:classe,1,40,
-10.202836,-36.555576,60,OSM:classe,1,40,
-10.202805,-36.785424,60,OSM:classe,1,40,
-10.202797,-36.624724,60,OSM:classe,1,40,
-10.202790,-36.667398,60,OSM:classe,1,40,
-10.202777,-36.582603,60,OSM:classe,1,40,
-10.202759,-36.551008,60,OSM:classe,1,40,
-10.202725,-36.785602,60,OSM:classe,1,40,
-10.202713,-36.482983,100,OSM:classe,1,80,
-10.202682,-36.546440,60,OSM:classe,1,40,
-10.202647,-36.784660,60,OSM:classe,1,40,
-10.202634,-36.543639,60,OSM:classe,1,40,
-10.202620,-36.207441,60,OSM:classe,1,60,
-10.202337,-36.482804,100,OSM:classe,1,80,
-10.202294,-36.813546,60,OSM:classe,1,40,
-10.202023,-36.328072,60,OSM:classe,1,40,
-10.201986,-36.787636,60,OSM:classe,1,40,
-10.201945,-36.817640,80,OSM,0,,
-10.201847,-36.327704,60,OSM:classe,1,40,
-10.201391,-36.586916,60,OSM:classe,1,40,
-10.201230,-36.331291,60,OSM:classe,1,40,
-10.201104,-36.564035,60,OSM:classe,1,60,
-10.200938,-36.819625,80,OSM,0,,
-10.200586,-36.589199,60,OSM:classe,1,40,
-10.200424,-36.817694,60,OSM:classe,1,40,
-10.199983,-36.203744,60,OSM:classe,1,60,
-10.199955,-36.781099,60,OSM:classe,1,40,
-10.199917,-36.323577,60,OSM:classe,1,40,
-10.199755,-36.664673,60,OSM:classe,1,40,
-10.199454,-36.480317,100,OSM:classe,1,80,
-10.199204,-36.820959,60,OSM:classe,1,40,
-10.198824,-36.820754,80,OSM,0,,
-10.198756,-36.820797,60,OSM:classe,1,40,
-10.198606,-36.820891,40,OSM:classe,1,40,
-10.198586,-36.820596,60,OSM:classe,1,40,
-10.198488,-36.623417,60,OSM:classe,1,40,
-10.198309,-36.821216,60,OSM:classe,1,40,
-10.197988,-36.319450,60,OSM:classe,1,40,
-10.197986,-36.821774,60,OSM:classe,1,40,
-10.197944,-36.777258,60,OSM:classe,1,40,
-10.197188,-36.476371,100,OSM:classe,1,80,
-10.196942,-36.329915,60,OSM:classe,1,40,
-10.196900,-36.200517,60,OSM:classe,1,60,
-10.196821,-36.562643,60,OSM:classe,1,60,
-10.196765,-36.591198,60,OSM:classe,1,40,
-10.196059,-36.315323,60,OSM:classe,1,40,
-10.195948,-36.666811,60,OSM:classe,1,40,
-10.195727,-36.825724,60,OSM:classe,1,40,
-10.195218,-36.199847,60,OSM:classe,1,60,
-10.194922,-36.472425,100,OSM:classe,1,80,
-10.194711,-36.823508,80,OSM,0,,
-10.194529,-36.626707,60,OSM:classe,1,40,
-10.194488,-36.775849,60,OSM:classe,1,40,
-10.194130,-36.311197,60,OSM:classe,1,40,
-10.194110,-36.622434,60,OSM:classe,1,40,
-10.194060,-36.622163,60,OSM:classe,1,40,
-10.193753,-36.631187,60,OSM:classe,1,40,
-10.193553,-36.594354,60,OSM:classe,1,40,
-10.193426,-36.328816,60,OSM:classe,1,40,
-10.193344,-36.829580,60,OSM:classe,1,40,
-10.193257,-36.618648,60,OSM:classe,1,40,
-10.193248,-36.594514,60,OSM:classe,1,40,
-10.193213,-36.199039,40,OSM:classe,1,40,
-10.193145,-36.309090,60,OSM:classe,1,40,
-10.193113,-36.618324,60,OSM:classe,1,40,
-10.193087,-36.618500,60,OSM:classe,1,40,
-10.193066,-36.198818,40,OSM:classe,1,40,
-10.193033,-36.635689,60,OSM:classe,1,40,
-10.193026,-36.618342,60,OSM:classe,1,40,
-10.192802,-36.618360,60,OSM:classe,1,40,
-10.192538,-36.561252,60,OSM:classe,1,60,
-10.192317,-36.470255,100,OSM:classe,1,80,
-10.192093,-36.618038,60,OSM:classe,1,40,
-10.191773,-36.666088,60,OSM:classe,1,40,
-10.191211,-36.639688,60,OSM:classe,1,40,
-10.190984,-36.198346,60,OSM:classe,1,60,
-10.190910,-36.833381,60,OSM:classe,1,40,
-10.190762,-36.774300,60,OSM:classe,1,40,
-10.190257,-36.834193,60,OSM:classe,1,40,
-10.189833,-36.448679,100,OSM:classe,1,80,
-10.189616,-36.448286,100,OSM:classe,1,80,
-10.189571,-36.593789,60,OSM:classe,1,40,
-10.189493,-36.835585,60,OSM:classe,1,40,
-10.189128,-36.327472,60,OSM:classe,1,40,
-10.188983,-36.467237,100,OSM:classe,1,80,
-10.188978,-36.838610,60,OSM:classe,1,40,
-10.188749,-36.310048,60,OSM:classe,1,40,
-10.188656,-36.827123,80,OSM,0,,
-10.188541,-36.592652,60,OSM:classe,1,40,
-10.188484,-36.827392,80,OSM,0,,
-10.188421,-36.663404,60,OSM:classe,1,40,
-10.188382,-36.452397,100,OSM:classe,1,80,
-10.188293,-36.837532,40,OSM:classe,1,40,
-10.188255,-36.559860,60,OSM:classe,1,60,
-10.188234,-36.839176,60,OSM:classe,1,40,
-10.188225,-36.445225,100,OSM:classe,1,80,
-10.188194,-36.781846,60,OSM:classe,1,40,
-10.188078,-36.777319,60,OSM:classe,1,40,
-10.187904,-36.835572,60,OSM:classe,1,40,
-10.187750,-36.196210,60,OSM:classe,1,60,
-10.187741,-36.617124,60,OSM:classe,1,40,
-10.187520,-36.642233,60,OSM:classe,1,40,
-10.187189,-36.592421,60,OSM:classe,1,40,
-10.186931,-36.835900,40,OSM:classe,1,40,
-10.186843,-36.839679,60,OSM:classe,1,40,
-10.186821,-36.839625,60,OSM:classe,1,40,
-10.186697,-36.839320,60,OSM:classe,1,40,
-10.186578,-36.659468,60,OSM:classe,1,40,
-10.186575,-36.191980,60,OSM:classe,1,60,
-10.186479,-36.835798,40,OSM:classe,1,40,
-10.186340,-36.441077,100,OSM:classe,1,80,
-10.186333,-36.783734,60,OSM:classe,1,40,
-10.186306,-36.828640,80,OSM,0,,
-10.186123,-36.463712,100,OSM:classe,1,80,
-10.186098,-36.828522,40,OSM,0,,
-10.186041,-36.828546,60,OSM:classe,1,50,
-10.186027,-36.835415,40,OSM:classe,1,40,
-10.185901,-36.828796,40,OSM,0,,
-10.185731,-36.835344,60,OSM:classe,1,40,
-10.185666,-36.835574,60,OSM:classe,1,40,
-10.185496,-36.838761,60,OSM:classe,1,50,
-10.185493,-36.839302,60,OSM:classe,1,40,
-10.185441,-36.594922,60,OSM:classe,1,40,
-10.185422,-36.839256,60,OSM:classe,1,50,
-10.185281,-36.828908,80,OSM,0,,
-10.185229,-36.828771,40,OSM,0,,
-10.185218,-36.455331,100,OSM:classe,1,80,
-10.184830,-36.326129,60,OSM:classe,1,40,
-10.184456,-36.436929,100,OSM:classe,1,80,
-10.184352,-36.311006,60,OSM:classe,1,40,
-10.184132,-36.645174,60,OSM:classe,1,40,
-10.184122,-36.614666,60,OSM:classe,1,40,
-10.184095,-36.655990,60,OSM:classe,1,40,
-10.184055,-36.834880,60,OSM:classe,1,50,
-10.184004,-36.834860,60,OSM:classe,1,50,
-10.183972,-36.558469,60,OSM:classe,1,60,
-10.183970,-36.835048,60,OSM:classe,1,50,
-10.183915,-36.839060,60,OSM:classe,1,50,
-10.183901,-36.829202,40,OSM,0,,
-10.183739,-36.828876,100,OSM,0,,
-10.183644,-36.459530,100,OSM:classe,1,80,
-10.183614,-36.188549,60,OSM:classe,1,60,
-10.183598,-36.834624,60,OSM:classe,1,50,
-10.183499,-36.835383,60,OSM:classe,1,50,
-10.183452,-36.829015,100,OSM,0,,
-10.183410,-36.598203,60,OSM:classe,1,40,
-10.183357,-36.835239,40,OSM:classe,1,40,
-10.183263,-36.460186,100,OSM:classe,1,80,
-10.183240,-36.460020,100,OSM:classe,1,80,
-10.182754,-36.834877,60,OSM:classe,1,40,
-10.182744,-36.833198,60,OSM:classe,1,50,
-10.182733,-36.834941,60,OSM:classe,1,40,
-10.182706,-36.592434,60,OSM:classe,1,40,
-10.182691,-36.611602,60,OSM:classe,1,40,
-10.182638,-36.839180,60,OSM:classe,1,40,
-10.182584,-36.833499,60,OSM:classe,1,40,
-10.182584,-36.592446,60,OSM:classe,1,40,
-10.182571,-36.432781,100,OSM:classe,1,80,
-10.182561,-36.602673,60,OSM:classe,1,40,
-10.182247,-36.833828,40,OSM:classe,1,40,
-10.182240,-36.828600,100,OSM,0,,
-10.182198,-36.828724,100,OSM,0,,
-10.182126,-36.607218,60,OSM:classe,1,40,
-10.182021,-36.828885,40,OSM,0,,
-10.181914,-36.828302,60,OSM:classe,1,50,
-10.181838,-36.830973,60,OSM:classe,1,50,
-10.181780,-36.828779,40,OSM,0,,
-10.181762,-36.831284,40,OSM:classe,1,40,
-10.181721,-36.828966,60,OSM:classe,1,50,
-10.181709,-36.828742,40,OSM,0,,
-10.181641,-36.829055,60,OSM:classe,1,50,
-10.181641,-36.828168,60,OSM:classe,1,50,
-10.181455,-36.828610,40,OSM,0,,
-10.181225,-36.828142,80,OSM,0,,
-10.181159,-36.828266,40,OSM,0,,
-10.181072,-36.311721,60,OSM:classe,1,40,
-10.181018,-36.828383,40,OSM,0,,
-10.180903,-36.557471,60,OSM:classe,1,60,
-10.180887,-36.428549,100,OSM:classe,1,80,
-10.180882,-36.428513,100,OSM:classe,1,80,
-10.180801,-36.647914,60,OSM:classe,1,40,
-10.180740,-36.648237,60,OSM:classe,1,40,
-10.180710,-36.648484,60,OSM:classe,1,40,
-10.180705,-36.653124,60,OSM:classe,1,40,
-10.180454,-36.185305,60,OSM:classe,1,60,
-10.180440,-36.325864,60,OSM:classe,1,40,
-10.180299,-36.423983,100,OSM:classe,1,80,
-10.180145,-36.839755,60,OSM:classe,1,50,
-10.179949,-36.839802,60,OSM:classe,1,50,
-10.179716,-36.419453,100,OSM:classe,1,80,
-10.179592,-36.419262,100,OSM:classe,1,80,
-10.179333,-36.650981,60,OSM:classe,1,40,
-10.179287,-36.651041,60,OSM:classe,1,40,
-10.178876,-36.826961,40,OSM,0,,
-10.178764,-36.826720,60,OSM:classe,1,50,
-10.178268,-36.591638,60,OSM:classe,1,40,
-10.178255,-36.826411,80,OSM,0,,
-10.178154,-36.826561,40,OSM,0,,
-10.177364,-36.182035,60,OSM:classe,1,60,
-10.177129,-36.415440,100,OSM:classe,1,80,
-10.176864,-36.650685,60,OSM:classe,1,40,
-10.176636,-36.427060,60,OSM:classe,1,40,
-10.176620,-36.556079,60,OSM:classe,1,60,
-10.176613,-36.312307,60,OSM:classe,1,40,
-10.176542,-36.647334,60,OSM:classe,1,40,
-10.175979,-36.326433,60,OSM:classe,1,40,
-10.175761,-36.592389,60,OSM:classe,1,40,
-10.175479,-36.840090,60,OSM:classe,1,50,
-10.174853,-36.411516,100,OSM:classe,1,80,
-10.174850,-36.654667,60,OSM:classe,1,40,
-10.174348,-36.406979,100,OSM:classe,1,80,
-10.174202,-36.178824,60,OSM:classe,1,60,
-10.174102,-36.593554,60,OSM:classe,1,40,
-10.173865,-36.402437,100,OSM:classe,1,80,
-10.173381,-36.397895,100,OSM:classe,1,80,
-10.173107,-36.396189,100,OSM:classe,1,80,
-10.172678,-36.177023,60,OSM:classe,1,60,
-10.172385,-36.425570,60,OSM:classe,1,40,
-10.172337,-36.554687,60,OSM:classe,1,60,
-10.172280,-36.646265,60,OSM:classe,1,40,
-10.172153,-36.312892,60,OSM:classe,1,40,
-10.171517,-36.327003,60,OSM:classe,1,40,
-10.171248,-36.841562,60,OSM:classe,1,50,
-10.171169,-36.392540,100,OSM:classe,1,80,
-10.170595,-36.655209,60,OSM:classe,1,40,
-10.170322,-36.646042,60,OSM:classe,1,40,
-10.170309,-36.327157,60,OSM:classe,1,40,
-10.170133,-36.595691,60,OSM:classe,1,40,
-10.169491,-36.173801,60,OSM:classe,1,60,
-10.169394,-36.322684,60,OSM:classe,1,40,
-10.169033,-36.388520,100,OSM:classe,1,80,
-10.168479,-36.318211,60,OSM:classe,1,40,
-10.168220,-36.820561,110,OSM,0,,
-10.168163,-36.820232,110,OSM,0,,
-10.168134,-36.424081,60,OSM:classe,1,40,
-10.167932,-36.554220,60,OSM:classe,1,60,
-10.167694,-36.313478,60,OSM:classe,1,40,
-10.167564,-36.313738,60,OSM:classe,1,40,
-10.167507,-36.328887,60,OSM:classe,1,40,
-10.167447,-36.648081,60,OSM:classe,1,40,
-10.166985,-36.842875,60,OSM:classe,1,50,
-10.166897,-36.384500,100,OSM:classe,1,80,
-10.166303,-36.170579,60,OSM:classe,1,60,
-10.166099,-36.655163,60,OSM:classe,1,40,
-10.165766,-36.596656,60,OSM:classe,1,40,
-10.165173,-36.817862,110,OSM,0,,
-10.164762,-36.380480,100,OSM:classe,1,80,
-10.164441,-36.816714,110,OSM,0,,
-10.164115,-36.651048,60,OSM:classe,1,40,
-10.163883,-36.422591,60,OSM:classe,1,40,
-10.163752,-36.331110,60,OSM:classe,1,40,
-10.163475,-36.815715,110,OSM,0,,
-10.163460,-36.554609,60,OSM:classe,1,60,
-10.163214,-36.816026,110,OSM,0,,
-10.163119,-36.815367,110,OSM,0,,
-10.163116,-36.167357,60,OSM:classe,1,60,
-10.163020,-36.422289,60,OSM:classe,1,40,
-10.162871,-36.815707,110,OSM,0,,
-10.162775,-36.554459,60,OSM:classe,1,60,
-10.162759,-36.554637,60,OSM:classe,1,60,
-10.162686,-36.843011,60,OSM:classe,1,50,
-10.162626,-36.376459,100,OSM:classe,1,80,
-10.162610,-36.554401,60,OSM:classe,1,60,
-10.162460,-36.554687,60,OSM:classe,1,60,
-10.162237,-36.554414,60,OSM:classe,1,60,
-10.162213,-36.554576,60,OSM:classe,1,60,
-10.162156,-36.554912,60,OSM:classe,1,60,
-10.162052,-36.349406,60,OSM:classe,1,60,
-10.161885,-36.814802,110,OSM,0,,
-10.161808,-36.350190,100,OSM:classe,1,80,
-10.161751,-36.554466,60,OSM:classe,1,60,
-10.161742,-36.654375,60,OSM:classe,1,40,
-10.161367,-36.596801,60,OSM:classe,1,40,
-10.160983,-36.813436,110,OSM,0,,
-10.160580,-36.345302,60,OSM:classe,1,60,
-10.160491,-36.372439,100,OSM:classe,1,80,
-10.160410,-36.168533,60,OSM:classe,1,60,
-10.160405,-36.422195,60,OSM:classe,1,40,
-10.160208,-36.557118,60,OSM:classe,1,60,
-10.160152,-36.333717,60,OSM:classe,1,40,
-10.160144,-36.161834,60,OSM:classe,1,40,
-10.160125,-36.813152,110,OSM,0,,
-10.160083,-36.650697,60,OSM:classe,1,40,
-10.159925,-36.422227,60,OSM:classe,1,40,
-10.159904,-36.169217,100,OSM:classe,1,80,
-10.159508,-36.169747,100,OSM:classe,1,80,
-10.159321,-36.369687,100,OSM:classe,1,80,
-10.159236,-36.812595,110,OSM,0,,
-10.159158,-36.333812,60,OSM:classe,1,40,
-10.159047,-36.812271,110,OSM,0,,
-10.158811,-36.170685,60,OSM:classe,1,60,
-10.158718,-36.353475,100,OSM:classe,1,80,
-10.158629,-36.844547,60,OSM:classe,1,50,
-10.158051,-36.135448,40,OSM:classe,1,40,
-10.157879,-36.136478,60,OSM:zone,1,50,
-10.157544,-36.652738,60,OSM:classe,1,40,
-10.157539,-36.553206,60,OSM:classe,1,60,
-10.157449,-36.136828,40,OSM:classe,1,40,
-10.157441,-36.136092,40,OSM:classe,1,40,
-10.157414,-36.172573,60,OSM:classe,1,60,
-10.157353,-36.342215,60,OSM:classe,1,60,
-10.157129,-36.136523,60,OSM:classe,1,40,
-10.157087,-36.560399,60,OSM:classe,1,60,
-10.157039,-36.597949,60,OSM:classe,1,40,
-10.156776,-36.161893,60,OSM:classe,1,40,
-10.156393,-36.357219,100,OSM:classe,1,80,
-10.156365,-36.340412,60,OSM:classe,1,60,
-10.156059,-36.339072,60,OSM:classe,1,60,
-10.155983,-36.136388,40,OSM:classe,1,40,
-10.155950,-36.648897,60,OSM:classe,1,40,
-10.155734,-36.367650,60,OSM:classe,1,60,
-10.155433,-36.422425,60,OSM:classe,1,40,
-10.155406,-36.331525,60,OSM:classe,1,40,
-10.155060,-36.847236,60,OSM:classe,1,50,
-10.154977,-36.134738,40,OSM:classe,1,40,
-10.154817,-36.134153,60,OSM:zone,1,50,
-10.154791,-36.176119,60,OSM:classe,1,60,
-10.154788,-36.811488,110,OSM,0,,
-10.154432,-36.176604,100,OSM:classe,1,80,
-10.154218,-36.550127,60,OSM:classe,1,60,
-10.154016,-36.811528,110,OSM,0,,
-10.153982,-36.133694,40,OSM:classe,1,40,
-10.153927,-36.563630,60,OSM:classe,1,60,
-10.153788,-36.335130,60,OSM:classe,1,60,
-10.153711,-36.811093,110,OSM,0,,
-10.153521,-36.654658,60,OSM:classe,1,40,
-10.152677,-36.359656,100,OSM:classe,1,80,
-10.152656,-36.138156,60,OSM:classe,1,40,
-10.152640,-36.598380,60,OSM:classe,1,40,
-10.152594,-36.333164,60,OSM:classe,1,40,
-10.152470,-36.810367,110,OSM,0,,
-10.152468,-36.162240,60,OSM:classe,1,40,
-10.152337,-36.138334,60,OSM:classe,1,40,
-10.152210,-36.366986,60,OSM:classe,1,60,
-10.152006,-36.567732,60,OSM:classe,1,60,
-10.151886,-36.138559,40,OSM:classe,1,40,
-10.151817,-36.647097,60,OSM:classe,1,40,
-10.151733,-36.180257,100,OSM:classe,1,80,
-10.151467,-36.331217,60,OSM:classe,1,60,
-10.151347,-36.849746,60,OSM:classe,1,50,
-10.150977,-36.808853,110,OSM,0,,
-10.150940,-36.422624,60,OSM:classe,1,40,
-10.150896,-36.547047,60,OSM:classe,1,60,
-10.150729,-36.163035,60,OSM:classe,1,40,
-10.150484,-36.572030,60,OSM:classe,1,60,
-10.150301,-36.808185,110,OSM,0,,
-10.150161,-36.132975,40,OSM:classe,1,40,
-10.149887,-36.808126,110,OSM,0,,
-10.149618,-36.189430,100,OSM:classe,1,80,
-10.149579,-36.189604,100,OSM:classe,1,80,
-10.149456,-36.163803,60,OSM:classe,1,40,
-10.149423,-36.328183,60,OSM:classe,1,40,
-10.149366,-36.362243,100,OSM:classe,1,80,
-10.149317,-36.654729,60,OSM:classe,1,40,
-10.149313,-36.362438,100,OSM:classe,1,80,
-10.149033,-36.183910,100,OSM:classe,1,80,
-10.148962,-36.576329,60,OSM:classe,1,60,
-10.148786,-36.327609,60,OSM:classe,1,60,
-10.148686,-36.853381,60,OSM:classe,1,50,
-10.148623,-36.364434,60,OSM:classe,1,60,
-10.148575,-36.194057,100,OSM:classe,1,80,
-10.148309,-36.580810,60,OSM:classe,1,60,
-10.148295,-36.186188,100,OSM:classe,1,80,
-10.148251,-36.597425,60,OSM:classe,1,40,
-10.148244,-36.585378,60,OSM:classe,1,60,
-10.148111,-36.185157,100,OSM:classe,1,80,
-10.147952,-36.185456,100,OSM:classe,1,80,
-10.147900,-36.185363,100,OSM:classe,1,80,
-10.147788,-36.368188,60,OSM:classe,1,40,
-10.147771,-36.438958,60,OSM:classe,1,40,
-10.147730,-36.646322,60,OSM:classe,1,40,
-10.147681,-36.441826,60,OSM:classe,1,40,
-10.147673,-36.185727,100,OSM:classe,1,80,
-10.147625,-36.139752,40,OSM:classe,1,40,
-10.147575,-36.543968,60,OSM:classe,1,60,
-10.147571,-36.198509,100,OSM:classe,1,80,
-10.147485,-36.325915,100,OSM:classe,1,80,
-10.147390,-36.589808,60,OSM:classe,1,60,
-10.147276,-36.446376,60,OSM:classe,1,40,
-10.147256,-36.185402,60,OSM:classe,1,60,
-10.146872,-36.450925,60,OSM:classe,1,40,
-10.146567,-36.202962,100,OSM:classe,1,80,
-10.146467,-36.455475,60,OSM:classe,1,40,
-10.146448,-36.422823,60,OSM:classe,1,40,
-10.146389,-36.330022,60,OSM:classe,1,40,
-10.146193,-36.657639,60,OSM:classe,1,40,
-10.146063,-36.460024,60,OSM:classe,1,40,
-10.146014,-36.166537,60,OSM:classe,1,40,
-10.145732,-36.508350,60,OSM:classe,1,40,
-10.145658,-36.464574,60,OSM:classe,1,40,
-10.145563,-36.207415,100,OSM:classe,1,80,
-10.145544,-36.593974,60,OSM:classe,1,60,
-10.145426,-36.321941,100,OSM:classe,1,80,
-10.145315,-36.856079,60,OSM:classe,1,50,
-10.145254,-36.469123,60,OSM:classe,1,40,
-10.145085,-36.511881,60,OSM:classe,1,40,
-10.145068,-36.370939,60,OSM:classe,1,40,
-10.144996,-36.856432,60,OSM:classe,1,40,
-10.144849,-36.473673,60,OSM:classe,1,40,
-10.144825,-36.856796,60,OSM:classe,1,50,
-10.144745,-36.857022,60,OSM:classe,1,50,
-10.144715,-36.181783,60,OSM:classe,1,60,
-10.144569,-36.595934,60,OSM:classe,1,40,
-10.144559,-36.211868,100,OSM:classe,1,80,
-10.144515,-36.181304,60,OSM:classe,1,60,
-10.144445,-36.478222,60,OSM:classe,1,40,
-10.144253,-36.540889,60,OSM:classe,1,60,
-10.144227,-36.516212,60,OSM:classe,1,40,
-10.144219,-36.649176,60,OSM:classe,1,40,
-10.144177,-36.436875,60,OSM:classe,1,40,
-10.144080,-36.436817,60,OSM:classe,1,40,
-10.144040,-36.482772,60,OSM:classe,1,40,
-10.144021,-36.170483,60,OSM:classe,1,40,
-10.143843,-36.215008,60,OSM:classe,1,60,
-10.143635,-36.487321,60,OSM:classe,1,40,
-10.143415,-36.216918,60,OSM:classe,1,60,
-10.143392,-36.317867,100,OSM:classe,1,80,
-10.143218,-36.328815,60,OSM:classe,1,40,
-10.143150,-36.139319,40,OSM:classe,1,40,
-10.143140,-36.139319,60,OSM:classe,1,40,
-10.143085,-36.597758,60,OSM:classe,1,60,
-10.142973,-36.177030,60,OSM:classe,1,60,
-10.142712,-36.861096,60,OSM:classe,1,50,
-10.142709,-36.506480,60,OSM:classe,1,40,
-10.142690,-36.491782,60,OSM:classe,1,40,
-10.142612,-36.424968,60,OSM:classe,1,40,
-10.142418,-36.221373,60,OSM:classe,1,60,
-10.141983,-36.520132,60,OSM:classe,1,40,
-10.141969,-36.804225,110,OSM,0,,
-10.141841,-36.657706,60,OSM:classe,1,40,
-10.141809,-36.853911,60,OSM:classe,1,40,
-10.141740,-36.495901,60,OSM:classe,1,40,
-10.141612,-36.225862,60,OSM:classe,1,60,
-10.141584,-36.226171,100,OSM:classe,1,80,
-10.141538,-36.496727,60,OSM:classe,1,40,
-10.141403,-36.804080,110,OSM,0,,
-10.141358,-36.313793,100,OSM:classe,1,80,
-10.141275,-36.435340,60,OSM:classe,1,40,
-10.141263,-36.174068,60,OSM:classe,1,40,
-10.141200,-36.498136,60,OSM:classe,1,40,
-10.141171,-36.230720,100,OSM:classe,1,80,
-10.140759,-36.235269,100,OSM:classe,1,80,
-10.140715,-36.372084,60,OSM:classe,1,40,
-10.140708,-36.652030,60,OSM:classe,1,40,
-10.140701,-36.538105,60,OSM:classe,1,60,
-10.140648,-36.176330,60,OSM:classe,1,40,
-10.140529,-36.846160,60,OSM:classe,1,40,
-10.140458,-36.176311,60,OSM:classe,1,60,
-10.140347,-36.239818,100,OSM:classe,1,80,
-10.140278,-36.309406,100,OSM:classe,1,80,
-10.140211,-36.864735,60,OSM:classe,1,50,
-10.140151,-36.176263,60,OSM:classe,1,60,
-10.140134,-36.502573,60,OSM:classe,1,40,
-10.139963,-36.503766,60,OSM:classe,1,40,
-10.139641,-36.430651,60,OSM:classe,1,40,
-10.139587,-36.600615,60,OSM:classe,1,60,
-10.139584,-36.304893,100,OSM:classe,1,80,
-10.139478,-36.244292,100,OSM:classe,1,80,
-10.139296,-36.842159,60,OSM:classe,1,40,
-10.139272,-36.523690,60,OSM:classe,1,40,
-10.139225,-36.850423,60,OSM:classe,1,40,
-10.138943,-36.427609,60,OSM:classe,1,40,
-10.138687,-36.138759,60,OSM:classe,1,40,
-10.138464,-36.248742,100,OSM:classe,1,80,
-10.138411,-36.431899,60,OSM:classe,1,40,
-10.138263,-36.300633,100,OSM:classe,1,80,
-10.137875,-36.527816,60,OSM:classe,1,40,
-10.137804,-36.536947,60,OSM:classe,1,40,
-10.137758,-36.532379,60,OSM:classe,1,40,
-10.137539,-36.658232,60,OSM:classe,1,40,
-10.137451,-36.253192,100,OSM:classe,1,80,
-10.137197,-36.654884,60,OSM:classe,1,40,
-10.136961,-36.867681,60,OSM:classe,1,50,
-10.136455,-36.537068,60,OSM:classe,1,60,
-10.136437,-36.257643,100,OSM:classe,1,80,
-10.136271,-36.871916,60,OSM:classe,1,50,
-10.136234,-36.372078,60,OSM:classe,1,40,
-10.135962,-36.603318,60,OSM:classe,1,60,
-10.135667,-36.175924,60,OSM:classe,1,60,
-10.135455,-36.175908,60,OSM:classe,1,60,
-10.135423,-36.262093,100,OSM:classe,1,80,
-10.135196,-36.435093,60,OSM:classe,1,40,
-10.135176,-36.297311,100,OSM:classe,1,80,
-10.135042,-36.841443,60,OSM:classe,1,40,
-10.134833,-36.876187,60,OSM:classe,1,50,
-10.134595,-36.175821,60,OSM:classe,1,60,
-10.134415,-36.175817,60,OSM:classe,1,60,
-10.134333,-36.642813,100,OSM:classe,1,80,
-10.134304,-36.139330,60,OSM:classe,1,40,
-10.134154,-36.638255,100,OSM:classe,1,80,
-10.133958,-36.266375,100,OSM:classe,1,80,
-10.133810,-36.657634,60,OSM:classe,1,40,
-10.133686,-36.657738,60,OSM:classe,1,40,
-10.133636,-36.800264,110,OSM,0,,
-10.133635,-36.880546,60,OSM:classe,1,50,
-10.133556,-36.176024,40,OSM:classe,1,40,
-10.133449,-36.175730,40,OSM,0,,
-10.133185,-36.175717,40,OSM:classe,1,40,
-10.133103,-36.176279,60,OSM:classe,1,60,
-10.132955,-36.159866,40,OSM,0,,
-10.132935,-36.633864,100,OSM:classe,1,80,
-10.132920,-36.800034,110,OSM,0,,
-10.132812,-36.647087,60,OSM:classe,1,60,
-10.132432,-36.162369,40,OSM,0,,
-10.132337,-36.606021,60,OSM:classe,1,60,
-10.132156,-36.538372,60,OSM:classe,1,60,
-10.132090,-36.293989,100,OSM:classe,1,80,
-10.131982,-36.438287,60,OSM:classe,1,40,
-10.131977,-36.884789,60,OSM:classe,1,50,
-10.131890,-36.372644,40,OSM:classe,1,40,
-10.131622,-36.156421,40,OSM,0,,
-10.131597,-36.629504,100,OSM:classe,1,80,
-10.131588,-36.649517,60,OSM:classe,1,60,
-10.131588,-36.157647,40,OSM,0,,
-10.131268,-36.650187,60,OSM:classe,1,60,
-10.131240,-36.164788,40,OSM,0,,
-10.131177,-36.650011,60,OSM:classe,1,60,
-10.131149,-36.155582,40,OSM,0,,
-10.131130,-36.650453,60,OSM:classe,1,60,
-10.131036,-36.650645,60,OSM:classe,1,40,
-10.130945,-36.798121,110,OSM,0,,
-10.130935,-36.841467,60,OSM:classe,1,40,
-10.130912,-36.650188,60,OSM:classe,1,40,
-10.130900,-36.661256,60,OSM:classe,1,40,
-10.130896,-36.650444,60,OSM:classe,1,60,
-10.130883,-36.269675,100,OSM:classe,1,80,
-10.130807,-36.175822,40,OSM,0,,
-10.130778,-36.661275,60,OSM:classe,1,40,
-10.130636,-36.152125,40,OSM,0,,
-10.130564,-36.889097,60,OSM:classe,1,50,
-10.130564,-36.148481,60,OSM:classe,1,60,
-10.130532,-36.650381,60,OSM:classe,1,60,
-10.130462,-36.651846,60,OSM:classe,1,40,
-10.130199,-36.143948,60,OSM:classe,1,60,
-10.130185,-36.152917,60,OSM:classe,1,60,
-10.130059,-36.140614,60,OSM:classe,1,40,
-10.130018,-36.625227,100,OSM:classe,1,80,
-10.129438,-36.374089,40,OSM:classe,1,40,
-10.129339,-36.140572,60,OSM:classe,1,40,
-10.129254,-36.178624,60,OSM:classe,1,60,
-10.129004,-36.290667,100,OSM:classe,1,80,
-10.128997,-36.657259,60,OSM,0,,
-10.128971,-36.140488,40,OSM:classe,1,40,
-10.128965,-36.609025,60,OSM:classe,1,60,
-10.128960,-36.140978,60,OSM:classe,1,60,
-10.128944,-36.656369,60,OSM,0,,
-10.128777,-36.656048,60,OSM:classe,1,40,
-10.128768,-36.441481,60,OSM:classe,1,40,
-10.128752,-36.131077,100,OSM:classe,1,80,
-10.128747,-36.140504,60,OSM:classe,1,60,
-10.128707,-36.135596,100,OSM:classe,1,80,
-10.128648,-36.656641,60,OSM:classe,1,40,
-10.128594,-36.140107,100,OSM:classe,1,80,
-10.128542,-36.609492,100,OSM:classe,1,80,
-10.128439,-36.620950,100,OSM:classe,1,80,
-10.128329,-36.893046,60,OSM:classe,1,50,
-10.128314,-36.172170,40,OSM,0,,
-10.128218,-36.658594,60,OSM,0,,
-10.128123,-36.176548,40,OSM,0,,
-10.128029,-36.177671,40,OSM,0,,
-10.127946,-36.170888,40,OSM,0,,
-10.127889,-36.539814,60,OSM:classe,1,60,
-10.127867,-36.656559,60,OSM:classe,1,40,
-10.127776,-36.655690,60,OSM:classe,1,40,
-10.127697,-36.172092,40,OSM,0,,
-10.127672,-36.272872,100,OSM:classe,1,80,
-10.127658,-36.126647,100,OSM:classe,1,80,
-10.127636,-36.894584,60,OSM:classe,1,50,
-10.127559,-36.173053,60,OSM:classe,1,40,
-10.127529,-36.895068,60,OSM:classe,1,40,
-10.127512,-36.658502,60,OSM:classe,1,40,
-10.127428,-36.656091,60,OSM:classe,1,40,
-10.127283,-36.176541,60,OSM:classe,1,40,
-10.127283,-36.175753,60,OSM:classe,1,40,
-10.127275,-36.894970,60,OSM:classe,1,50,
-10.127255,-36.177195,60,OSM:classe,1,40,
-10.127176,-36.177191,60,OSM:classe,1,40,
-10.127154,-36.177207,60,OSM:classe,1,40,
-10.127144,-36.177307,60,OSM:classe,1,40,
-10.127043,-36.839477,60,OSM:classe,1,40,
-10.126946,-36.177335,60,OSM:classe,1,40,
-10.126918,-36.662524,60,OSM:classe,1,40,
-10.126861,-36.616673,100,OSM:classe,1,80,
-10.126809,-36.897722,60,OSM:classe,1,40,
-10.126804,-36.155786,60,OSM:classe,1,60,
-10.126779,-36.172901,60,OSM:classe,1,40,
-10.126699,-36.794272,110,OSM,0,,
-10.126601,-36.658704,60,OSM:classe,1,40,
-10.126569,-36.794372,80,OSM,0,,
-10.126569,-36.177349,60,OSM:classe,1,40,
-10.126494,-36.175773,60,OSM:classe,1,40,
-10.126359,-36.651974,60,OSM:classe,1,60,
-10.126346,-36.659146,60,OSM:classe,1,40,
-10.126259,-36.659229,60,OSM:classe,1,40,
-10.126161,-36.793466,110,OSM,0,,
-10.126137,-36.612310,100,OSM:classe,1,80,
-10.126132,-36.790134,110,OSM,0,,
-10.126124,-36.660371,60,OSM:classe,1,40,
-10.126119,-36.654694,60,OSM:classe,1,40,
-10.126116,-36.788837,40,OSM:classe,1,40,
-10.126069,-36.659502,60,OSM:classe,1,40,
-10.126000,-36.790909,110,OSM,0,,
-10.125954,-36.660764,60,OSM:classe,1,40,
-10.125934,-36.181684,60,OSM:classe,1,60,
-10.125923,-36.789165,110,OSM,0,,
-10.125918,-36.287344,100,OSM:classe,1,80,
-10.125906,-36.793537,80,OSM,0,,
-10.125862,-36.122486,100,OSM:classe,1,80,
-10.125858,-36.790077,80,OSM,0,,
-10.125848,-36.792399,110,OSM,0,,
-10.125837,-36.174756,60,OSM:classe,1,40,
-10.125730,-36.789257,80,OSM,0,,
-10.125688,-36.788672,110,OSM,0,,
-10.125581,-36.659574,60,OSM:classe,1,40,
-10.125553,-36.444675,60,OSM:classe,1,40,
-10.125549,-36.376382,40,OSM:classe,1,40,
-10.125538,-36.792397,80,OSM,0,,
-10.125506,-36.902094,60,OSM:classe,1,40,
-10.125456,-36.177275,60,OSM:classe,1,40,
-10.125443,-36.903635,60,OSM:classe,1,40,
-10.125419,-36.902387,60,OSM:classe,1,40,
-10.125246,-36.659785,60,OSM:classe,1,40,
-10.125080,-36.119672,40,OSM:classe,1,40,
-10.125033,-36.176168,60,OSM:classe,1,40,
-10.125031,-36.120295,60,OSM:classe,1,60,
-10.125007,-36.654305,60,OSM:classe,1,40,
-10.124899,-36.119950,60,OSM:classe,1,60,
-10.124883,-36.177259,60,OSM:classe,1,40,
-10.124813,-36.275744,60,OSM:classe,1,60,
-10.124767,-36.119600,100,OSM:classe,1,80,
-10.124632,-36.178611,60,OSM:classe,1,40,
-10.124483,-36.276361,60,OSM:classe,1,60,
-10.124475,-36.276211,60,OSM:classe,1,60,
-10.124340,-36.907817,60,OSM:classe,1,40,
-10.124314,-36.787032,110,OSM,0,,
-10.124301,-36.173025,40,OSM:classe,1,40,
-10.124270,-36.655492,60,OSM:classe,1,60,
-10.124259,-36.685266,80,OSM,0,,
-10.124178,-36.836094,60,OSM:classe,1,40,
-10.124121,-36.682766,80,OSM,0,,
-10.124116,-36.893046,60,OSM:classe,1,40,
-10.124109,-36.787291,80,OSM,0,,
-10.124076,-36.276280,60,OSM:classe,1,60,
-10.124015,-36.182122,60,OSM:classe,1,40,
-10.123911,-36.664256,60,OSM:classe,1,60,
-10.123833,-36.276699,60,OSM:classe,1,60,
-10.123782,-36.652976,60,OSM:classe,1,40,
-10.123647,-36.668534,80,OSM,0,,
-10.123632,-36.115192,100,OSM:classe,1,80,
-10.123623,-36.541256,60,OSM:classe,1,60,
-10.123524,-36.678424,80,OSM,0,,
-10.123504,-36.661784,60,OSM:classe,1,40,
-10.123491,-36.158768,60,OSM:classe,1,60,
-10.123484,-36.893300,60,OSM:classe,1,50,
-10.123421,-36.893228,60,OSM:classe,1,40,
-10.123356,-36.659752,60,OSM:classe,1,60,
-10.123236,-36.786343,80,OSM,0,,
-10.122984,-36.277530,100,OSM:classe,1,80,
-10.122932,-36.832126,60,OSM:classe,1,40,
-10.122832,-36.284022,100,OSM:classe,1,80,
-10.122708,-36.670059,80,OSM,0,,
-10.122696,-36.693047,80,OSM,0,,
-10.122533,-36.670839,80,OSM,0,,
-10.122499,-36.177255,60,OSM:classe,1,40,
-10.122382,-36.170962,40,OSM:classe,1,40,
-10.122339,-36.447869,60,OSM:classe,1,40,
-10.122333,-36.178802,60,OSM:classe,1,40,
-10.122314,-36.170896,60,OSM:classe,1,40,
-10.122155,-36.911687,60,OSM:classe,1,40,
-10.122147,-36.785220,80,OSM,0,,
-10.122134,-36.178640,60,OSM:classe,1,40,
-10.122037,-36.694305,80,OSM,0,,
-10.121918,-36.784879,110,OSM,0,,
-10.121731,-36.181307,60,OSM:classe,1,60,
-10.121501,-36.378282,40,OSM:classe,1,40,
-10.121402,-36.649515,60,OSM:classe,1,40,
-10.121333,-36.784693,110,OSM,0,,
-10.120786,-36.179903,60,OSM:classe,1,40,
-10.120779,-36.112255,60,OSM:classe,1,60,
-10.120693,-36.380080,40,OSM:classe,1,40,
-10.120684,-36.162337,60,OSM:classe,1,60,
-10.120600,-36.179938,60,OSM:classe,1,40,
-10.120582,-36.112113,60,OSM:classe,1,60,
-10.120467,-36.180177,60,OSM:classe,1,40,
-10.120428,-36.179985,60,OSM:classe,1,60,
-10.120407,-36.733353,110,OSM,0,,
-10.120398,-36.174714,60,OSM:classe,1,40,
-10.120280,-36.733308,110,OSM,0,,
-10.120233,-36.174964,60,OSM:classe,1,40,
-10.120179,-36.734920,110,OSM,0,,
-10.120152,-36.734572,110,OSM,0,,
-10.120145,-36.732080,110,OSM,0,,
-10.120053,-36.732207,110,OSM,0,,
-10.120012,-36.163225,60,OSM:classe,1,60,
-10.119982,-36.177236,40,OSM:classe,1,40,
-10.119746,-36.280700,60,OSM:classe,1,60,
-10.119643,-36.175478,60,OSM:classe,1,40,
-10.119532,-36.784060,110,OSM,0,,
-10.119511,-36.175515,60,OSM:classe,1,60,
-10.119429,-36.174234,60,OSM:classe,1,60,
-10.119396,-36.173666,60,OSM:classe,1,60,
-10.119362,-36.167827,60,OSM:classe,1,40,
-10.119360,-36.542708,60,OSM:classe,1,60,
-10.119336,-36.915174,60,OSM:classe,1,40,
-10.119288,-36.167734,40,OSM:classe,1,40,
-10.119206,-36.170350,60,OSM:classe,1,40,
-10.119200,-36.170261,60,OSM:classe,1,60,
-10.119185,-36.169992,60,OSM:classe,1,60,
-10.119179,-36.892064,60,OSM:classe,1,50,
-10.119174,-36.730774,110,OSM,0,,
-10.119124,-36.451064,60,OSM:classe,1,40,
-10.119090,-36.167529,60,OSM:classe,1,60,
-10.119087,-36.167719,60,OSM:classe,1,60,
-10.119084,-36.167946,60,OSM:classe,1,60,
-10.119030,-36.783568,110,OSM,0,,
-10.118901,-36.783792,40,OSM:classe,1,40,
-10.118825,-36.384235,60,OSM:classe,1,40,
-10.118761,-36.730050,110,OSM,0,,
-10.118730,-36.181544,60,OSM:classe,1,40,
-10.118729,-36.830764,60,OSM:classe,1,40,
-10.118509,-36.783446,80,OSM:classe,1,60,
-10.118419,-36.783880,80,OSM:classe,1,60,
-10.118250,-36.782900,80,OSM,0,,
-10.118086,-36.782302,110,OSM,0,,
-10.117899,-36.782189,40,OSM:classe,1,40,
-10.117796,-36.182298,60,OSM:classe,1,40,
-10.117724,-36.109912,60,OSM:classe,1,60,
-10.117582,-36.781278,80,OSM,0,,
-10.117539,-36.182508,60,OSM:classe,1,40,
-10.117489,-36.775411,110,OSM,0,,
-10.117447,-36.769025,110,OSM,0,,
-10.117284,-36.768993,110,OSM,0,,
-10.117270,-36.919208,60,OSM:classe,1,40,
-10.117268,-36.778472,110,OSM,0,,
-10.117212,-36.648109,60,OSM:classe,1,40,
-10.117183,-36.776893,80,OSM,0,,
-10.117166,-36.388020,60,OSM:classe,1,40,
-10.117159,-36.768081,110,OSM,0,,
-10.117140,-36.778635,80,OSM,0,,
-10.117043,-36.768191,110,OSM,0,,
-10.116860,-36.454994,60,OSM:classe,1,40,
-10.116758,-36.826676,60,OSM:classe,1,40,
-10.116474,-36.767412,60,OSM:classe,1,40,
-10.116418,-36.699955,80,OSM,0,,
-10.116415,-36.282106,60,OSM:classe,1,60,
-10.116281,-36.167684,60,OSM:classe,1,40,
-10.116219,-36.766879,110,OSM,0,,
-10.116218,-36.390186,40,OSM:classe,1,40,
-10.116206,-36.167745,60,OSM:classe,1,40,
-10.116185,-36.745443,110,OSM,0,,
-10.116153,-36.390333,60,OSM:classe,1,40,
-10.116101,-36.766967,110,OSM,0,,
-10.116086,-36.167821,60,OSM:classe,1,40,
-10.116019,-36.167476,60,OSM:classe,1,40,
-10.115740,-36.766309,110,OSM,0,,
-10.115672,-36.746336,110,OSM,0,,
-10.115629,-36.766386,110,OSM,0,,
-10.115539,-36.184127,60,OSM:classe,1,40,
-10.115443,-36.747831,110,OSM,0,,
-10.115360,-36.544719,60,OSM:classe,1,60,
-10.115315,-36.748150,110,OSM,0,,
-10.115176,-36.747682,110,OSM,0,,
-10.115122,-36.893241,60,OSM:classe,1,50,
-10.115052,-36.747997,110,OSM,0,,
-10.114911,-36.786627,80,OSM:classe,1,60,
-10.114811,-36.749403,110,OSM,0,,
-10.114675,-36.458986,60,OSM:classe,1,40,
-10.114320,-36.394503,60,OSM:classe,1,40,
-10.114169,-36.185171,60,OSM:classe,1,40,
-10.114078,-36.107257,100,OSM:classe,1,80,
-10.114044,-36.750929,110,OSM,0,,
-10.113961,-36.169550,60,OSM:classe,1,40,
-10.113908,-36.650545,60,OSM:classe,1,40,
-10.113829,-36.751098,110,OSM,0,,
-10.113515,-36.920659,60,OSM:classe,1,40,
-10.113496,-36.787413,80,OSM:classe,1,60,
-10.113282,-36.770483,60,OSM:classe,1,40,
-10.113220,-36.787477,60,OSM:classe,1,50,
-10.112953,-36.825304,60,OSM:classe,1,40,
-10.112927,-36.702128,80,OSM,0,,
-10.112491,-36.462979,60,OSM:classe,1,40,
-10.112487,-36.398674,60,OSM:classe,1,40,
-10.112297,-36.186753,60,OSM:classe,1,40,
-10.112170,-36.721937,110,OSM,0,,
-10.112146,-36.762200,110,OSM,0,,
-10.111987,-36.187018,60,OSM:classe,1,40,
-10.111926,-36.282072,60,OSM:classe,1,60,
-10.111738,-36.721648,110,OSM,0,,
-10.111637,-36.761283,110,OSM,0,,
-10.111435,-36.546157,60,OSM:classe,1,60,
-10.111255,-36.758215,110,OSM,0,,
-10.111186,-36.790635,60,OSM:classe,1,50,
-10.111160,-36.760646,110,OSM,0,,
-10.111092,-36.759591,110,OSM,0,,
-10.110959,-36.758816,110,OSM,0,,
-10.110895,-36.894456,60,OSM:classe,1,50,
-10.110653,-36.402845,60,OSM:classe,1,40,
-10.110497,-36.104508,100,OSM:classe,1,80,
-10.110049,-36.466800,60,OSM:classe,1,40,
-10.109958,-36.919041,60,OSM:classe,1,40,
-10.109794,-36.650906,60,OSM:classe,1,40,
-10.109441,-36.822825,60,OSM:classe,1,40,
-10.109177,-36.706603,80,OSM,0,,
-10.109168,-36.770043,60,OSM:classe,1,40,
-10.108820,-36.407015,60,OSM:classe,1,40,
-10.108621,-36.189309,60,OSM:classe,1,40,
-10.108303,-36.707156,80,OSM,0,,
-10.107734,-36.654361,60,OSM:classe,1,40,
-10.107512,-36.768645,60,OSM:classe,1,40,
-10.107503,-36.543942,60,OSM:classe,1,60,
-10.107430,-36.281971,60,OSM:classe,1,60,
-10.107173,-36.791955,60,OSM:classe,1,50,
-10.107150,-36.470243,60,OSM:classe,1,40,
-10.107127,-36.411229,60,OSM:classe,1,40,
-10.106869,-36.282102,60,OSM:classe,1,60,
-10.106600,-36.102230,100,OSM:classe,1,80,
-10.106478,-36.282169,60,OSM:classe,1,60,
-10.106441,-36.894211,60,OSM:classe,1,50,
-10.106438,-36.281934,60,OSM:classe,1,60,
-10.106180,-36.918413,60,OSM:classe,1,40,
-10.105749,-36.281992,60,OSM:classe,1,60,
-10.105711,-36.820562,60,OSM:classe,1,40,
-10.105579,-36.713825,110,OSM,0,,
-10.105119,-36.415284,60,OSM:classe,1,40,
-10.105019,-36.192044,60,OSM:classe,1,40,
-10.105018,-36.657905,60,OSM:classe,1,40,
-10.104633,-36.708396,80,OSM,0,,
-10.104546,-36.712312,110,OSM,0,,
-10.104303,-36.712522,110,OSM,0,,
-10.104227,-36.282419,60,OSM:classe,1,60,
-10.103896,-36.711532,110,OSM,0,,
-10.103752,-36.541440,60,OSM:classe,1,60,
-10.103656,-36.922183,60,OSM:classe,1,40,
-10.103558,-36.711116,110,OSM,0,,
-10.103450,-36.767504,60,OSM:classe,1,40,
-10.103184,-36.419393,60,OSM:classe,1,40,
-10.103017,-36.472042,60,OSM:classe,1,40,
-10.102968,-36.099545,100,OSM:classe,1,80,
-10.102914,-36.709708,40,OSM,0,,
-10.102896,-36.792334,60,OSM:classe,1,50,
-10.102794,-36.710161,60,OSM,0,,
-10.102678,-36.661752,60,OSM:classe,1,40,
-10.102494,-36.709783,60,OSM,0,,
-10.102115,-36.893000,60,OSM:classe,1,50,
-10.101608,-36.796597,60,OSM:classe,1,50,
-10.101605,-36.423670,60,OSM:classe,1,40,
-10.101417,-36.194778,60,OSM:classe,1,40,
-10.101276,-36.820464,60,OSM:classe,1,40,
-10.100762,-36.707656,60,OSM,0,,
-10.100753,-36.285185,60,OSM:classe,1,60,
-10.100654,-36.707529,60,OSM,0,,
-10.100422,-36.707745,60,OSM,0,,
-10.100142,-36.538717,60,OSM:classe,1,60,
-10.100026,-36.427946,40,OSM:classe,1,40,
-10.099742,-36.923773,60,OSM:classe,1,40,
-10.099447,-36.766355,60,OSM:classe,1,40,
-10.099415,-36.096814,100,OSM:classe,1,80,
-10.099318,-36.706141,60,OSM,0,,
-10.098932,-36.431016,40,OSM:classe,1,40,
-10.098884,-36.473842,60,OSM:classe,1,40,
-10.098632,-36.925276,60,OSM:classe,1,40,
-10.098546,-36.890563,60,OSM:classe,1,50,
-10.098435,-36.287477,60,OSM:classe,1,60,
-10.098411,-36.661232,60,OSM:classe,1,40,
-10.098171,-36.799292,60,OSM:classe,1,50,
-10.098062,-36.817893,60,OSM:classe,1,40,
-10.097815,-36.197512,60,OSM:classe,1,40,
-10.097714,-36.434371,60,OSM:classe,1,40,
-10.097296,-36.703675,60,OSM,0,,
-10.097179,-36.703765,60,OSM,0,,
-10.097010,-36.703564,60,OSM,0,,
-10.096532,-36.535994,60,OSM:classe,1,60,
-10.096127,-36.764058,60,OSM:classe,1,40,
-10.095568,-36.928619,60,OSM:classe,1,40,
-10.095381,-36.095800,100,OSM:classe,1,80,
-10.095372,-36.701585,60,OSM,0,,
-10.095361,-36.701759,60,OSM,0,,
-10.095260,-36.664133,60,OSM:classe,1,40,
-10.095113,-36.437993,60,OSM:classe,1,40,
-10.094760,-36.802175,60,OSM:classe,1,50,
-10.094751,-36.475641,60,OSM:classe,1,40,
-10.094575,-36.763756,60,OSM:classe,1,40,
-10.094511,-36.763802,60,OSM:classe,1,40,
-10.094328,-36.891315,60,OSM:classe,1,50,
-10.094283,-36.701059,50,OSM,0,,
-10.094265,-36.200314,60,OSM:classe,1,40,
-10.094099,-36.818261,60,OSM:classe,1,40,
-10.094083,-36.288488,60,OSM:classe,1,60,
-10.093759,-36.700660,80,OSM,0,,
-10.093666,-36.930604,60,OSM:classe,1,40,
-10.092922,-36.533271,60,OSM:classe,1,60,
-10.092814,-36.700508,50,OSM,0,,
-10.092766,-36.931202,60,OSM:classe,1,40,
-10.092735,-36.806249,60,OSM:classe,1,50,
-10.092154,-36.666993,60,OSM:classe,1,40,
-10.092006,-36.441295,60,OSM:classe,1,40,
-10.091794,-36.816046,60,OSM:classe,1,40,
-10.091626,-36.699973,80,OSM,0,,
-10.091380,-36.700049,50,OSM,0,,
-10.091354,-36.760965,60,OSM:classe,1,40,
-10.091035,-36.810477,60,OSM:classe,1,50,
-10.091023,-36.759146,60,OSM:classe,1,40,
-10.090925,-36.096409,100,OSM:classe,1,80,
-10.090755,-36.203169,60,OSM:classe,1,40,
-10.090619,-36.477440,60,OSM:classe,1,40,
-10.090461,-36.815423,60,OSM:classe,1,40,
-10.090203,-36.893132,60,OSM:classe,1,50,
-10.090178,-36.929985,60,OSM:classe,1,40,
-10.090166,-36.930067,60,OSM:classe,1,40,
-10.090067,-36.770592,60,OSM:classe,1,40,
-10.089812,-36.929206,60,OSM:classe,1,40,
-10.089725,-36.929924,60,OSM:classe,1,40,
-10.089639,-36.289185,60,OSM:classe,1,60,
-10.089269,-36.530617,60,OSM:classe,1,60,
-10.088899,-36.444596,60,OSM:classe,1,40,
-10.088561,-36.667446,60,OSM:classe,1,40,
-10.088420,-36.758242,60,OSM:classe,1,40,
-10.088388,-36.812148,60,OSM:classe,1,40,
-10.088187,-36.773973,60,OSM:classe,1,40,
-10.087878,-36.762482,60,OSM:classe,1,40,
-10.087615,-36.921172,60,OSM:classe,1,40,
-10.087507,-36.767003,60,OSM:classe,1,40,
-10.087402,-36.898903,60,OSM:classe,1,40,
-10.087250,-36.925609,60,OSM:classe,1,40,
-10.087245,-36.206024,60,OSM:classe,1,40,
-10.087121,-36.812512,60,OSM:classe,1,50,
-10.086625,-36.894707,60,OSM:classe,1,50,
-10.086486,-36.479240,60,OSM:classe,1,40,
-10.086468,-36.097018,100,OSM:classe,1,80,
-10.085791,-36.447898,60,OSM:classe,1,40,
-10.085725,-36.928890,60,OSM:classe,1,40,
-10.085300,-36.528470,60,OSM:classe,1,60,
-10.085280,-36.917444,60,OSM:classe,1,40,
-10.085230,-36.289050,60,OSM:classe,1,60,
-10.084941,-36.902455,60,OSM:classe,1,40,
-10.084772,-36.928099,60,OSM:classe,1,40,
-10.084480,-36.669284,60,OSM:classe,1,40,
-10.084417,-36.775554,60,OSM:classe,1,40,
-10.083736,-36.208879,60,OSM:classe,1,40,
-10.083214,-36.913389,60,OSM:classe,1,40,
-10.082826,-36.477188,60,OSM:classe,1,40,
-10.082684,-36.451199,60,OSM:classe,1,40,
-10.082647,-36.812271,60,OSM:classe,1,50,
-10.082584,-36.697259,80,OSM,0,,
-10.082341,-36.893462,60,OSM:classe,1,50,
-10.082012,-36.097627,100,OSM:classe,1,80,
-10.081697,-36.476253,60,OSM:classe,1,40,
-10.081656,-36.696810,80,OSM,0,,
-10.081589,-36.909150,60,OSM:classe,1,40,
-10.081435,-36.927882,60,OSM:classe,1,40,
-10.081366,-36.905105,60,OSM:classe,1,40,
-10.081331,-36.526324,60,OSM:classe,1,60,
-10.080861,-36.287971,60,OSM:classe,1,60,
-10.080823,-36.773439,60,OSM:classe,1,40,
-10.080283,-36.670155,60,OSM:classe,1,40,
-10.080226,-36.211734,60,OSM:classe,1,40,
-10.080214,-36.932100,60,OSM:classe,1,40,
-10.079577,-36.454501,60,OSM:classe,1,40,
-10.079278,-36.476336,60,OSM:classe,1,40,
-10.078948,-36.118116,60,OSM:classe,1,40,
-10.078859,-36.936432,60,OSM:classe,1,40,
-10.078831,-36.696055,60,OSM,0,,
-10.078808,-36.695895,50,OSM,0,,
-10.078750,-36.936564,60,OSM:classe,1,40,
-10.078675,-36.776909,60,OSM:classe,1,40,
-10.078633,-36.891020,60,OSM:classe,1,50,
-10.078599,-36.936649,60,OSM:classe,1,40,
-10.078185,-36.781438,60,OSM:classe,1,40,
-10.078168,-36.811865,60,OSM:classe,1,50,
-10.078126,-36.118997,60,OSM:classe,1,40,
-10.077691,-36.113731,60,OSM:classe,1,40,
-10.077555,-36.098235,100,OSM:classe,1,80,
-10.077007,-36.525089,60,OSM:classe,1,60,
-10.076716,-36.214589,60,OSM:classe,1,40,
-10.076628,-36.457923,60,OSM:classe,1,40,
-10.076510,-36.671825,60,OSM:classe,1,40,
-10.076478,-36.286964,60,OSM:classe,1,60,
-10.076434,-36.695134,50,OSM,0,,
-10.076434,-36.109346,60,OSM:classe,1,40,
-10.076363,-36.671749,60,OSM:classe,1,40,
-10.076229,-36.695218,60,OSM,0,,
-10.076086,-36.212619,60,OSM:classe,1,40,
-10.075965,-36.785077,60,OSM:classe,1,40,
-10.075177,-36.104961,60,OSM:classe,1,40,
-10.074784,-36.476491,60,OSM:classe,1,40,
-10.074698,-36.208275,60,OSM:classe,1,40,
-10.074680,-36.889342,60,OSM:classe,1,50,
-10.074531,-36.694682,80,OSM,0,,
-10.074494,-36.938262,60,OSM:classe,1,40,
-10.074486,-36.120858,60,OSM:classe,1,40,
-10.074452,-36.809467,60,OSM:classe,1,50,
-10.074364,-36.461869,60,OSM:classe,1,40,
-10.074054,-36.670325,60,OSM:classe,1,40,
-10.073920,-36.100576,60,OSM:classe,1,40,
-10.073469,-36.694218,60,OSM,0,,
-10.073399,-36.097613,100,OSM:classe,1,80,
-10.073359,-36.217312,60,OSM:classe,1,40,
-10.073320,-36.097534,60,OSM:classe,1,60,
-10.073309,-36.203931,60,OSM:classe,1,40,
-10.072970,-36.466178,60,OSM:classe,1,40,
-10.072634,-36.524027,60,OSM:classe,1,60,
-10.072542,-36.939682,60,OSM:classe,1,40,
-10.072114,-36.786419,60,OSM:classe,1,40,
-10.072027,-36.093160,60,OSM:classe,1,60,
-10.071989,-36.286954,60,OSM:classe,1,60,
-10.071950,-36.195094,60,OSM:classe,1,40,
-10.071920,-36.199588,60,OSM:classe,1,40,
-10.071374,-36.468532,60,OSM:classe,1,40,
-10.071340,-36.193355,60,OSM:classe,1,40,
-10.071089,-36.089990,60,OSM:classe,1,60,
-10.070891,-36.089329,60,OSM:classe,1,60,
-10.070880,-36.806693,60,OSM:classe,1,50,
-10.070662,-36.088570,60,OSM:classe,1,60,
-10.070592,-36.693127,60,OSM,0,,
-10.070561,-36.887844,60,OSM:classe,1,50,
-10.070501,-36.693410,80,OSM,0,,
-10.070358,-36.089767,40,OSM:classe,1,40,
-10.070353,-36.089647,60,OSM:classe,1,40,
-10.070295,-36.089820,60,OSM:classe,1,40,
-10.070290,-36.476646,60,OSM:classe,1,40,
-10.070202,-36.296304,60,OSM:classe,1,40,
-10.070136,-36.943425,60,OSM:classe,1,40,
-10.070004,-36.120485,60,OSM:classe,1,40,
-10.069845,-36.220162,60,OSM:classe,1,40,
-10.069642,-36.669941,60,OSM:classe,1,40,
-10.069422,-36.125013,60,OSM:classe,1,40,
-10.069418,-36.084181,60,OSM:classe,1,60,
-10.069312,-36.937588,60,OSM:classe,1,40,
-10.069303,-36.692698,60,OSM,0,,
-10.069170,-36.093220,60,OSM:classe,1,40,
-10.068967,-36.120393,60,OSM:classe,1,40,
-10.068966,-36.293140,60,OSM:classe,1,40,
-10.068909,-36.070717,60,OSM:classe,1,60,
-10.068907,-36.669879,60,OSM:classe,1,40,
-10.068840,-36.129542,60,OSM:classe,1,40,
-10.068779,-36.692528,60,OSM,0,,
-10.068771,-36.758598,60,OSM:classe,1,40,
-10.068655,-36.762204,60,OSM:classe,1,40,
-10.068466,-36.075262,60,OSM:classe,1,60,
-10.068437,-36.066184,60,OSM:classe,1,60,
-10.068277,-36.064873,60,OSM:classe,1,60,
-10.068262,-36.784653,60,OSM:classe,1,40,
-10.068260,-36.522965,60,OSM:classe,1,60,
-10.068259,-36.134071,60,OSM:classe,1,40,
-10.068226,-36.780112,60,OSM:classe,1,40,
-10.068174,-36.775645,60,OSM:classe,1,40,
-10.068174,-36.079793,60,OSM:classe,1,60,
-10.068013,-36.771158,60,OSM:classe,1,40,
-10.067959,-36.471489,60,OSM:classe,1,40,
-10.067922,-36.766675,60,OSM:classe,1,40,
-10.067739,-36.097550,60,OSM:classe,1,40,
-10.067677,-36.138599,60,OSM:classe,1,40,
-10.067657,-36.138754,60,OSM:classe,1,40,
-10.067642,-36.692178,60,OSM,0,,
-10.067569,-36.287740,60,OSM:classe,1,60,
-10.067479,-36.803949,60,OSM:classe,1,50,
-10.067461,-36.692118,60,OSM,0,,
-10.067321,-36.141667,60,OSM:classe,1,40,
-10.067132,-36.192268,60,OSM:classe,1,40,
-10.067100,-36.299407,60,OSM:classe,1,40,
-10.066963,-36.692300,60,OSM:classe,1,40,
-10.066861,-36.933888,60,OSM:classe,1,40,
-10.066786,-36.146201,60,OSM:classe,1,40,
-10.066754,-36.946385,60,OSM:classe,1,40,
-10.066566,-36.691769,60,OSM,0,,
-10.066560,-36.885789,60,OSM:classe,1,50,
-10.066343,-36.792943,60,OSM:classe,1,40,
-10.066341,-36.788456,60,OSM:classe,1,40,
-10.066331,-36.223011,60,OSM:classe,1,40,
-10.066307,-36.101879,60,OSM:classe,1,40,
-10.066251,-36.150736,60,OSM:classe,1,40,
-10.066186,-36.691930,80,OSM,0,,
-10.065934,-36.797429,60,OSM:classe,1,40,
-10.065796,-36.476801,60,OSM:classe,1,40,
-10.065751,-36.289948,60,OSM:classe,1,40,
-10.065715,-36.155270,60,OSM:classe,1,40,
-10.065645,-36.672778,60,OSM:classe,1,40,
-10.065501,-36.061619,60,OSM:classe,1,60,
-10.065457,-36.104456,60,OSM:classe,1,40,
-10.065214,-36.693937,60,OSM:classe,1,40,
-10.065180,-36.159804,60,OSM:classe,1,40,
-10.065152,-36.755935,60,OSM:classe,1,40,
-10.064989,-36.288252,60,OSM:classe,1,40,
-10.064835,-36.120046,60,OSM:classe,1,40,
-10.064728,-36.690203,50,OSM,0,,
-10.064645,-36.164339,60,OSM:classe,1,40,
-10.064543,-36.690478,80,OSM,0,,
-10.064487,-36.119997,60,OSM:classe,1,40,
-10.064467,-36.474367,60,OSM:classe,1,40,
-10.064423,-36.115498,60,OSM:classe,1,40,
-10.064305,-36.114202,60,OSM:classe,1,40,
-10.064296,-36.113338,60,OSM:classe,1,40,
-10.064158,-36.689720,60,OSM:classe,1,40,
-10.064145,-36.676799,60,OSM:classe,1,40,
-10.064109,-36.168873,60,OSM:classe,1,40,
-10.064030,-36.108787,60,OSM:classe,1,40,
-10.063968,-36.689466,60,OSM:classe,1,40,
-10.063952,-36.689953,80,OSM,0,,
-10.063940,-36.801483,60,OSM:classe,1,40,
-10.063818,-36.522458,60,OSM:classe,1,60,
-10.063655,-36.802232,80,OSM:classe,1,60,
-10.063652,-36.930710,60,OSM:classe,1,40,
-10.063583,-36.689074,60,OSM:classe,1,40,
-10.063574,-36.173408,60,OSM:classe,1,40,
-10.063562,-36.689585,60,OSM:classe,1,40,
-10.063481,-36.689503,80,OSM,0,,
-10.063413,-36.689146,50,OSM,0,,
-10.063180,-36.301644,60,OSM:classe,1,40,
-10.063164,-36.288658,60,OSM:classe,1,60,
-10.063039,-36.177942,60,OSM:classe,1,40,
-10.063017,-36.190687,60,OSM:classe,1,40,
-10.062818,-36.225861,60,OSM:classe,1,40,
-10.062672,-36.680803,60,OSM:classe,1,40,
-10.062580,-36.948078,60,OSM:classe,1,40,
-10.062506,-36.688316,60,OSM,0,,
-10.062503,-36.182476,60,OSM:classe,1,40,
-10.062448,-36.884169,60,OSM:classe,1,50,
-10.062381,-36.688404,80,OSM,0,,
-10.061986,-36.058839,60,OSM:classe,1,60,
-10.061968,-36.187011,60,OSM:classe,1,40,
-10.061907,-36.697031,60,OSM:classe,1,40,
-10.061736,-36.753223,60,OSM:classe,1,40,
-10.061674,-36.685086,60,OSM:classe,1,40,
-10.061658,-36.806324,80,OSM:classe,1,60,
-10.061634,-36.116525,60,OSM:classe,1,40,
-10.061406,-36.058045,60,OSM:classe,1,60,
-10.061302,-36.476956,60,OSM:classe,1,40,
-10.061181,-36.057686,100,OSM:classe,1,80,
-10.060976,-36.477245,60,OSM:classe,1,40,
-10.060124,-36.691626,60,OSM:classe,1,40,
-10.060069,-36.055953,60,OSM:classe,1,40,
-10.060019,-36.809682,80,OSM:classe,1,60,
-10.060007,-36.119600,60,OSM:classe,1,40,
-10.059859,-36.304588,60,OSM:classe,1,40,
-10.059849,-36.056087,40,OSM:classe,1,40,
-10.059747,-36.055603,40,OSM:classe,1,40,
-10.059725,-36.056071,60,OSM:classe,1,40,
-10.059495,-36.930549,60,OSM:classe,1,40,
-10.059324,-36.522604,60,OSM:classe,1,60,
-10.059304,-36.228711,60,OSM:classe,1,40,
-10.059037,-36.290411,60,OSM:classe,1,60,
-10.058848,-36.700289,60,OSM:classe,1,40,
-10.058389,-36.684341,80,OSM,0,,
-10.058383,-36.054134,100,OSM:classe,1,80,
-10.058303,-36.949486,60,OSM:classe,1,40,
-10.058297,-36.684438,80,OSM,0,,
-10.058216,-36.861537,60,OSM:classe,1,50,
-10.058177,-36.882863,60,OSM:classe,1,50,
-10.057821,-36.932849,60,OSM:classe,1,40,
-10.057796,-36.857144,60,OSM:classe,1,50,
-10.057757,-36.480401,60,OSM:classe,1,40,
-10.057624,-36.812454,60,OSM:classe,1,40,
-10.057583,-36.813336,40,OSM:classe,1,40,
-10.057558,-36.813534,40,OSM:classe,1,40,
-10.057502,-36.128480,60,OSM:classe,1,40,
-10.057430,-36.814456,60,OSM:classe,1,40,
-10.057407,-36.691999,60,OSM:classe,1,40,
-10.057312,-36.814983,60,OSM:classe,1,50,
-10.057304,-36.117603,60,OSM:classe,1,40,
-10.057303,-36.753753,60,OSM:classe,1,40,
-10.057130,-36.814914,40,OSM:classe,1,40,
-10.057089,-36.865781,60,OSM:classe,1,50,
-10.056585,-36.307719,60,OSM:classe,1,40,
-10.056544,-36.230905,60,OSM:classe,1,40,
-10.056527,-36.891075,60,OSM:classe,1,40,
-10.056380,-36.817567,60,OSM:classe,1,50,
-10.056368,-36.886613,60,OSM:classe,1,40,
-10.056257,-36.051080,60,OSM:classe,1,40,
-10.056150,-36.742369,60,OSM:classe,1,40,
-10.056138,-36.895513,60,OSM:classe,1,40,
-10.056058,-36.882307,60,OSM:classe,1,40,
-10.055966,-36.703493,60,OSM:classe,1,40,
-10.055877,-36.050392,100,OSM:classe,1,80,
-10.055561,-36.754513,60,OSM:classe,1,40,
-10.055552,-36.933891,60,OSM:classe,1,40,
-10.055511,-36.819274,60,OSM:classe,1,50,
-10.055472,-36.813903,60,OSM:classe,1,40,
-10.055419,-36.754327,60,OSM:classe,1,40,
-10.055348,-36.117859,60,OSM:classe,1,40,
-10.055345,-36.811960,60,OSM:classe,1,40,
-10.055334,-36.055448,60,OSM:classe,1,40,
-10.055216,-36.055346,60,OSM:classe,1,40,
-10.055191,-36.292776,60,OSM:classe,1,60,
-10.055130,-36.868727,60,OSM:classe,1,50,
-10.055069,-36.738243,60,OSM:classe,1,40,
-10.055039,-36.055401,60,OSM:classe,1,40,
-10.055028,-36.809990,60,OSM:classe,1,40,
-10.054914,-36.054759,60,OSM:classe,1,40,
-10.054905,-36.483931,60,OSM:classe,1,40,
-10.054835,-36.795161,60,OSM:classe,1,40,
-10.054830,-36.522750,60,OSM:classe,1,60,
-10.054791,-36.117963,60,OSM:classe,1,40,
-10.054737,-36.813922,60,OSM:classe,1,40,
-10.054730,-36.125923,60,OSM:classe,1,40,
-10.054679,-36.680976,100,OSM,0,,
-10.054665,-36.054033,60,OSM:classe,1,40,
-10.054640,-36.880554,60,OSM:classe,1,50,
-10.054615,-36.055415,60,OSM:classe,1,40,
-10.054595,-36.790656,60,OSM:classe,1,40,
-10.054474,-36.813863,60,OSM:classe,1,50,
-10.054386,-36.680337,80,OSM,0,,
-10.054355,-36.805475,60,OSM:classe,1,40,
-10.054169,-36.746351,60,OSM:classe,1,40,
-10.054128,-36.951160,60,OSM:classe,1,40,
-10.054091,-36.854786,60,OSM:classe,1,50,
-10.054003,-36.786576,60,OSM:classe,1,40,
-10.053898,-36.876169,60,OSM:classe,1,50,
-10.053862,-36.899342,60,OSM:classe,1,40,
-10.053730,-36.689370,60,OSM:classe,1,40,
-10.053706,-36.813652,60,OSM:classe,1,50,
-10.053659,-36.800965,60,OSM:classe,1,40,
-10.053536,-36.121634,60,OSM:classe,1,40,
-10.053446,-36.823330,60,OSM:classe,1,50,
-10.053417,-36.055050,60,OSM:classe,1,40,
-10.053409,-36.813556,60,OSM:classe,1,50,
-10.053386,-36.129795,60,OSM:classe,1,40,
-10.053370,-36.850763,60,OSM:classe,1,50,
-10.053311,-36.310849,60,OSM:classe,1,40,
-10.053198,-36.799379,60,OSM:classe,1,40,
-10.053145,-36.872060,60,OSM:classe,1,50,
-10.053071,-36.872901,60,OSM:classe,1,40,
-10.053003,-36.233720,60,OSM:classe,1,40,
-10.052989,-36.813419,60,OSM:classe,1,50,
-10.052874,-36.782360,60,OSM:classe,1,40,
-10.052786,-36.047103,100,OSM:classe,1,80,
-10.052679,-36.055078,60,OSM:classe,1,40,
-10.052593,-36.903679,60,OSM:classe,1,40,
-10.052251,-36.486359,60,OSM:classe,1,40,
-10.052225,-36.706025,60,OSM:classe,1,40,
-10.052155,-36.930969,60,OSM:classe,1,40,
-10.051992,-36.847900,80,OSM:classe,1,60,
-10.051990,-36.731790,60,OSM:classe,1,40,
-10.051861,-36.753846,60,OSM:classe,1,40,
-10.051857,-36.754202,60,OSM:classe,1,40,
-10.051819,-36.847596,80,OSM:classe,1,60,
-10.051556,-36.778061,60,OSM:classe,1,40,
-10.051420,-36.827400,60,OSM:classe,1,50,
-10.051405,-36.662157,80,OSM,0,,
-10.051404,-36.663881,80,OSM,0,,
-10.051404,-36.662558,80,OSM,0,,
-10.051403,-36.659446,80,OSM,0,,
-10.051383,-36.659305,40,OSM:classe,1,40,
-10.051373,-36.736129,60,OSM:classe,1,40,
-10.051282,-36.749523,60,OSM:classe,1,40,
-10.051097,-36.662554,100,OSM,0,,
-10.051095,-36.662109,100,OSM,0,,
-10.051093,-36.664432,100,OSM,0,,
-10.051093,-36.294543,60,OSM:classe,1,60,
-10.051082,-36.487006,60,OSM:classe,1,40,
-10.051081,-36.660789,100,OSM,0,,
-10.051075,-36.659145,100,OSM,0,,
-10.051070,-36.665160,80,OSM,0,,
-10.051050,-36.658341,80,OSM,0,,
-10.051045,-36.754426,60,OSM:classe,1,40,
-10.050962,-36.665029,100,OSM,0,,
-10.050823,-36.658207,100,OSM,0,,
-10.050670,-36.844589,80,OSM:classe,1,60,
-10.050582,-36.141233,60,OSM:classe,1,40,
-10.050554,-36.657578,80,OSM,0,,
-10.050520,-36.521844,60,OSM:classe,1,60,
-10.050487,-36.136668,60,OSM:classe,1,40,
-10.050474,-36.666010,80,OSM,0,,
-10.050391,-36.132102,60,OSM:classe,1,40,
-10.050377,-36.907472,60,OSM:classe,1,40,
-10.050291,-36.686650,60,OSM:classe,1,40,
-10.050290,-36.666017,100,OSM,0,,
-10.050092,-36.727732,60,OSM:classe,1,40,
-10.050059,-36.043472,100,OSM:classe,1,80,
-10.050049,-36.869717,60,OSM:classe,1,40,
-10.050038,-36.313979,60,OSM:classe,1,40,
-10.049976,-36.145736,60,OSM:classe,1,40,
-10.049802,-36.840554,80,OSM:classe,1,60,
-10.049730,-36.911904,60,OSM:classe,1,40,
-10.049549,-36.831416,60,OSM:classe,1,50,
-10.049463,-36.236535,60,OSM:classe,1,40,
-10.049189,-36.666974,100,OSM,0,,
-10.048983,-36.916024,60,OSM:classe,1,40,
-10.048915,-36.774487,60,OSM:classe,1,40,
-10.048887,-36.770047,60,OSM:classe,1,40,
-10.048811,-36.667567,80,OSM,0,,
-10.048792,-36.811800,60,OSM:classe,1,50,
-10.048771,-36.057201,60,OSM:classe,1,40,
-10.048634,-36.755725,60,OSM:classe,1,40,
-10.048604,-36.150017,60,OSM:classe,1,40,
-10.048587,-36.755845,60,OSM:classe,1,40,
-10.048483,-36.708558,60,OSM:classe,1,40,
-10.048468,-36.928639,60,OSM:classe,1,40,
-10.048460,-36.667793,100,OSM,0,,
-10.048438,-36.671138,80,OSM,0,,
-10.048347,-36.671359,100,OSM,0,,
-10.048275,-36.668482,80,OSM,0,,
-10.048138,-36.489975,60,OSM:classe,1,40,
-10.048075,-36.669764,80,OSM,0,,
-10.048030,-36.682797,60,OSM:classe,1,40,
-10.047995,-36.670266,100,OSM,0,,
-10.047979,-36.682726,60,OSM:classe,1,40,
-10.047976,-36.669070,100,OSM,0,,
-10.047933,-36.765651,60,OSM:classe,1,40,
-10.047849,-36.654840,80,OSM,0,,
-10.047770,-36.920324,60,OSM:classe,1,40,
-10.047712,-36.654891,100,OSM,0,,
-10.047483,-36.518509,60,OSM:classe,1,60,
-10.047403,-36.760092,60,OSM:classe,1,40,
-10.047403,-36.654358,80,OSM,0,,
-10.047361,-36.039819,100,OSM:classe,1,80,
-10.047352,-36.057875,60,OSM:classe,1,40,
-10.047292,-36.760283,60,OSM:classe,1,40,
-10.047239,-36.866245,60,OSM:classe,1,40,
-10.047199,-36.836966,80,OSM:classe,1,60,
-10.047093,-36.724523,60,OSM:classe,1,40,
-10.047010,-36.924412,60,OSM:classe,1,40,
-10.046830,-36.835053,60,OSM:classe,1,50,
-10.046796,-36.761403,60,OSM:classe,1,40,
-10.046764,-36.317110,60,OSM:classe,1,40,
-10.046751,-36.295731,60,OSM:classe,1,60,
-10.046254,-36.835829,60,OSM:classe,1,40,
-10.046229,-36.153895,60,OSM:classe,1,40,
-10.046203,-36.653142,60,OSM,0,,
-10.045990,-36.652899,60,OSM,0,,
-10.045879,-36.652986,80,OSM,0,,
-10.045695,-36.238997,60,OSM:classe,1,40,
-10.044980,-36.720718,60,OSM:classe,1,40,
-10.044947,-36.493192,60,OSM:classe,1,40,
-10.044845,-36.036034,100,OSM:classe,1,80,
-10.044709,-36.710946,60,OSM:classe,1,40,
-10.044694,-36.809946,60,OSM:classe,1,50,
-10.044653,-36.514960,60,OSM:classe,1,60,
-10.044541,-36.514818,100,OSM:classe,1,80,
-10.043853,-36.157772,60,OSM:classe,1,40,
-10.043756,-36.649835,60,OSM,0,,
-10.043702,-36.712315,60,OSM:classe,1,40,
-10.043649,-36.683865,60,OSM:classe,1,40,
-10.043549,-36.839477,60,OSM:classe,1,40,
-10.043505,-36.863888,60,OSM:classe,1,40,
-10.043490,-36.320240,60,OSM:classe,1,40,
-10.043488,-36.649166,100,OSM,0,,
-10.043366,-36.649240,80,OSM,0,,
-10.042409,-36.296918,60,OSM:classe,1,60,
-10.042333,-36.511170,100,OSM:classe,1,80,
-10.042143,-36.510818,60,OSM:classe,1,60,
-10.041972,-36.717785,60,OSM:classe,1,40,
-10.041761,-36.032768,100,OSM:classe,1,80,
-10.041756,-36.496410,60,OSM:classe,1,40,
-10.041735,-36.241161,60,OSM:classe,1,40,
-10.041478,-36.161649,60,OSM:classe,1,40,
-10.041421,-36.646144,100,OSM,0,,
-10.041363,-36.646294,100,OSM,0,,
-10.041268,-36.716102,60,OSM:classe,1,40,
-10.040993,-36.711355,60,OSM:classe,1,40,
-10.040922,-36.707889,60,OSM:classe,1,40,
-10.040843,-36.843124,60,OSM:classe,1,40,
-10.040555,-36.711566,60,OSM:classe,1,40,
-10.040336,-36.810928,60,OSM:classe,1,50,
-10.040216,-36.323371,60,OSM:classe,1,40,
-10.039830,-36.506914,60,OSM:classe,1,60,
-10.039639,-36.685914,60,OSM:classe,1,40,
-10.039327,-36.862337,60,OSM:classe,1,40,
-10.039102,-36.165527,60,OSM:classe,1,40,
-10.038915,-36.299735,60,OSM:classe,1,60,
-10.038718,-36.643507,100,OSM,0,,
-10.038629,-36.643599,100,OSM,0,,
-10.038224,-36.704398,60,OSM:classe,1,40,
-10.038156,-36.643001,100,OSM,0,,
-10.038138,-36.846772,60,OSM:classe,1,40,
-10.038074,-36.643113,100,OSM,0,,
-10.038001,-36.498912,60,OSM:classe,1,40,
-10.037776,-36.243326,60,OSM:classe,1,40,
-10.037605,-36.031866,100,OSM:classe,1,80,
-10.036942,-36.326501,60,OSM:classe,1,40,
-10.036727,-36.169404,60,OSM:classe,1,40,
-10.036382,-36.713073,60,OSM:classe,1,40,
-10.036074,-36.688668,60,OSM:classe,1,40,
-10.036056,-36.700476,60,OSM:classe,1,40,
-10.035940,-36.810005,60,OSM:classe,1,50,
-10.035888,-36.504945,60,OSM:classe,1,60,
-10.035863,-36.303088,60,OSM:classe,1,60,
-10.035433,-36.850420,60,OSM:classe,1,40,
-10.035043,-36.639981,100,OSM,0,,
-10.035039,-36.861537,60,OSM:classe,1,40,
-10.035023,-36.640181,100,OSM,0,,
-10.034957,-36.330549,60,OSM:classe,1,40,
-10.034100,-36.501124,60,OSM:classe,1,40,
-10.034017,-36.173034,60,OSM:classe,1,40,
-10.033816,-36.245490,60,OSM:classe,1,40,
-10.033611,-36.696835,60,OSM:classe,1,40,
-10.033162,-36.032369,100,OSM:classe,1,80,
-10.032912,-36.715911,60,OSM:classe,1,40,
-10.032748,-36.637951,100,OSM,0,,
-10.032728,-36.854067,60,OSM:classe,1,40,
-10.032543,-36.637446,100,OSM,0,,
-10.032217,-36.690924,60,OSM:classe,1,40,
-10.032108,-36.334070,60,OSM:classe,1,40,
-10.031681,-36.636118,100,OSM,0,,
-10.031633,-36.334640,60,OSM:classe,1,40,
-10.031492,-36.303878,60,OSM:classe,1,60,
-10.031455,-36.809679,60,OSM:classe,1,50,
-10.031396,-36.504967,60,OSM:classe,1,60,
-10.031122,-36.176529,60,OSM:classe,1,40,
-10.031073,-36.693476,60,OSM:classe,1,40,
-10.031001,-36.303926,100,OSM:classe,1,80,
-10.030975,-36.634489,100,OSM,0,,
-10.030729,-36.860446,60,OSM:classe,1,40,
-10.030568,-36.247257,60,OSM:classe,1,40,
-10.030236,-36.633475,100,OSM,0,,
-10.030038,-36.633703,100,OSM,0,,
-10.030022,-36.857715,60,OSM:classe,1,40,
-10.029996,-36.304025,100,OSM:classe,1,80,
-10.029991,-36.502920,60,OSM:classe,1,40,
-10.029934,-36.633134,100,OSM,0,,
-10.029781,-36.633408,100,OSM,0,,
-10.029549,-36.718848,60,OSM:classe,1,40,
-10.029473,-36.503286,60,OSM:classe,1,40,
-10.029391,-36.247798,60,OSM:classe,1,40,
-10.029365,-36.504991,60,OSM:classe,1,60,
-10.029336,-36.178437,60,OSM:classe,1,40,
-10.029309,-36.691414,60,OSM:classe,1,40,
-10.029123,-36.860986,60,OSM:classe,1,40,
-10.028980,-36.504513,60,OSM:classe,1,40,
-10.028934,-36.632417,100,OSM,0,,
-10.028915,-36.505016,60,OSM:classe,1,60,
-10.028891,-36.504763,40,OSM:classe,1,40,
-10.028707,-36.031875,100,OSM:classe,1,80,
-10.028446,-36.505056,60,OSM:classe,1,60,
-10.028177,-36.179234,60,OSM:classe,1,40,
-10.027925,-36.631030,100,OSM,0,,
-10.027916,-36.305292,100,OSM:classe,1,80,
-10.027570,-36.630595,100,OSM,0,,
-10.027559,-36.336572,60,OSM:classe,1,40,
-10.027545,-36.807867,60,OSM:classe,1,50,
-10.027463,-36.630675,100,OSM,0,,
-10.027317,-36.861362,60,OSM:classe,1,40,
-10.027192,-36.505224,60,OSM:classe,1,60,
-10.026693,-36.722106,60,OSM:classe,1,40,
-10.026236,-36.688278,60,OSM:classe,1,40,
-10.025843,-36.305733,100,OSM:classe,1,80,
-10.025293,-36.249679,60,OSM:classe,1,40,
-10.024929,-36.861762,60,OSM:classe,1,40,
-10.024459,-36.627377,100,OSM,0,,
-10.024454,-36.181795,60,OSM:classe,1,40,
-10.024220,-36.031626,100,OSM:classe,1,80,
-10.024058,-36.627088,100,OSM,0,,
-10.023671,-36.862354,60,OSM:classe,1,40,
-10.023485,-36.338504,60,OSM:classe,1,40,
-10.023463,-36.686068,60,OSM:classe,1,40,
-10.023452,-36.806074,60,OSM:classe,1,50,
-10.023160,-36.724886,60,OSM:classe,1,40,
-10.023096,-36.685525,60,OSM:classe,1,40,
-10.022736,-36.505831,60,OSM:classe,1,60,
-10.021347,-36.305797,100,OSM:classe,1,80,
-10.021256,-36.728422,60,OSM:classe,1,40,
-10.021196,-36.251560,60,OSM:classe,1,40,
-10.020731,-36.184355,60,OSM:classe,1,40,
-10.020390,-36.621920,100,OSM,0,,
-10.020169,-36.688495,60,OSM:classe,1,40,
-10.020135,-36.621435,100,OSM,0,,
-10.020092,-36.803141,60,OSM:classe,1,50,
-10.019902,-36.682497,60,OSM:classe,1,40,
-10.019896,-36.030621,100,OSM:classe,1,80,
-10.019754,-36.864147,60,OSM:classe,1,40,
-10.019433,-36.868516,60,OSM:classe,1,40,
-10.019410,-36.340436,60,OSM:classe,1,40,
-10.019174,-36.620916,100,OSM,0,,
-10.018396,-36.731556,60,OSM:classe,1,40,
-10.018338,-36.506741,60,OSM:classe,1,60,
-10.017975,-36.303172,100,OSM:classe,1,80,
-10.017839,-36.506873,100,OSM:classe,1,80,
-10.017669,-36.619959,60,OSM,0,,
-10.017360,-36.872390,60,OSM:classe,1,40,
-10.017317,-36.691792,60,OSM:classe,1,40,
-10.017169,-36.799672,60,OSM:classe,1,50,
-10.017099,-36.253441,60,OSM:classe,1,40,
-10.017009,-36.679579,60,OSM:classe,1,40,
-10.017008,-36.186916,60,OSM:classe,1,40,
-10.016817,-36.619615,80,OSM,0,,
-10.016621,-36.016976,100,OSM:classe,1,80,
-10.016596,-36.619303,60,OSM,0,,
-10.016470,-36.735577,60,OSM:classe,1,40,
-10.016262,-36.619154,80,OSM,0,,
-10.015931,-36.675221,60,OSM:classe,1,40,
-10.015822,-36.028688,100,OSM:classe,1,80,
-10.015753,-36.674887,60,OSM:classe,1,40,
-10.015695,-36.737541,60,OSM:classe,1,40,
-10.015433,-36.021350,100,OSM:classe,1,80,
-10.015336,-36.342369,60,OSM:classe,1,40,
-10.015138,-36.028364,40,OSM,0,,
-10.015082,-36.299676,100,OSM:classe,1,80,
-10.014933,-36.025888,100,OSM:classe,1,80,
-10.014876,-36.026456,60,OSM:classe,1,60,
-10.014773,-36.012910,100,OSM:classe,1,80,
-10.013971,-36.875159,60,OSM:classe,1,40,
-10.013694,-36.671087,60,OSM:classe,1,40,
-10.013665,-36.797004,60,OSM:classe,1,50,
-10.013500,-36.508073,100,OSM:classe,1,80,
-10.013444,-36.027686,40,OSM,0,,
-10.013284,-36.189476,60,OSM:classe,1,40,
-10.013281,-36.508134,100,OSM:classe,1,80,
-10.013161,-36.693316,60,OSM:classe,1,40,
-10.013025,-36.297984,100,OSM:classe,1,80,
-10.013002,-36.255322,60,OSM:classe,1,40,
-10.012254,-36.026451,40,OSM,0,,
-10.012146,-36.847925,60,OSM:classe,1,40,
-10.012049,-36.843577,60,OSM:classe,1,40,
-10.012047,-36.255738,60,OSM:classe,1,40,
-10.011761,-36.735419,60,OSM:classe,1,40,
-10.011325,-36.341400,60,OSM:classe,1,40,
-10.011251,-36.614313,80,OSM,0,,
-10.011165,-36.256127,60,OSM:classe,1,40,
-10.011160,-36.024198,40,OSM:classe,1,40,
-10.011049,-36.697138,60,OSM:classe,1,40,
-10.011021,-36.667753,60,OSM:classe,1,40,
-10.010938,-36.025067,40,OSM:classe,1,40,
-10.010768,-36.025694,40,OSM:classe,1,40,
-10.010702,-36.025916,40,OSM,0,,
-10.010661,-36.735023,60,OSM:classe,1,40,
-10.010556,-36.011401,100,OSM:classe,1,80,
-10.010380,-36.019102,60,OSM:classe,1,40,
-10.010320,-36.019766,40,OSM:classe,1,40,
-10.010068,-36.340907,60,OSM:classe,1,40,
-10.010065,-36.874998,60,OSM:classe,1,40,
-10.009882,-36.851738,60,OSM:classe,1,40,
-10.009881,-36.794537,60,OSM:classe,1,50,
-10.009668,-36.612377,80,OSM,0,,
-10.009570,-36.192047,60,OSM:classe,1,40,
-10.009218,-36.344743,60,OSM:classe,1,40,
-10.009190,-36.794087,60,OSM:classe,1,50,
-10.009146,-36.295676,100,OSM:classe,1,80,
-10.009142,-36.873711,60,OSM:classe,1,40,
-10.009118,-36.840644,60,OSM:classe,1,40,
-10.009118,-36.701193,60,OSM:classe,1,40,
-10.008944,-36.509340,100,OSM:classe,1,80,
-10.008770,-36.793813,60,OSM:classe,1,50,
-10.008769,-36.025317,40,OSM,0,,
-10.008633,-36.856063,60,OSM:classe,1,40,
-10.008267,-36.733801,60,OSM:classe,1,40,
-10.007895,-36.877128,60,OSM:classe,1,40,
-10.007614,-36.860502,60,OSM:classe,1,40,
-10.007586,-36.869435,60,OSM:classe,1,40,
-10.007560,-36.025425,40,OSM,0,,
-10.007102,-36.666115,60,OSM:classe,1,40,
-10.007075,-36.865015,60,OSM:classe,1,40,
-10.007040,-36.257945,60,OSM:classe,1,40,
-10.006858,-36.878199,60,OSM:classe,1,40,
-10.006794,-36.016774,60,OSM:classe,1,40,
-10.006649,-36.195518,60,OSM:classe,1,40,
-10.006620,-36.024943,40,OSM,0,,
-10.006291,-36.729859,60,OSM:classe,1,40,
-10.006237,-36.703962,60,OSM:classe,1,40,
-10.006206,-36.010246,100,OSM:classe,1,80,
-10.005859,-36.024894,40,OSM,0,,
-10.005475,-36.347000,60,OSM:classe,1,40,
-10.005356,-36.380888,60,OSM:classe,1,40,
-10.005347,-36.791557,60,OSM:classe,1,50,
-10.005266,-36.293367,100,OSM:classe,1,80,
-10.005145,-36.510397,100,OSM:classe,1,80,
-10.005008,-36.389201,60,OSM:classe,1,40,
-10.004913,-36.839488,60,OSM:classe,1,40,
-10.004903,-36.025291,40,OSM,0,,
-10.004639,-36.384127,60,OSM:classe,1,40,
-10.004587,-36.390250,60,OSM:classe,1,40,
-10.004332,-36.026396,40,OSM,0,,
-10.004265,-36.017465,60,OSM:classe,1,40,
-10.004025,-36.881648,60,OSM:classe,1,40,
-10.003728,-36.198990,60,OSM:classe,1,40,
-10.003653,-36.388582,60,OSM:classe,1,40,
-10.003592,-36.726249,60,OSM:classe,1,40,
-10.003227,-36.027027,40,OSM,0,,
-10.003032,-36.664455,60,OSM:classe,1,40,
-10.002947,-36.396763,60,OSM:classe,1,40,
-10.002916,-36.259763,60,OSM:classe,1,40,
-10.002757,-36.607153,80,OSM,0,,
-10.002655,-36.607078,80,OSM,0,,
-10.002616,-36.607049,80,OSM,0,,
-10.002562,-36.607202,40,OSM:classe,1,40,
-10.002532,-36.607168,60,OSM:classe,1,40,
-10.002516,-36.606974,80,OSM,0,,
-10.002490,-36.607265,60,OSM:classe,1,40,
-10.002360,-36.392623,60,OSM:classe,1,40,
-10.002293,-36.392807,60,OSM:classe,1,40,
-10.002216,-36.291588,100,OSM:classe,1,80,
-10.002167,-36.260094,60,OSM:classe,1,40,
-10.001921,-36.703129,60,OSM:classe,1,40,
-10.001855,-36.009091,100,OSM:classe,1,80,
-10.001518,-36.836503,60,OSM:classe,1,40,
-10.001457,-36.018253,60,OSM:classe,1,40,
-10.001403,-36.348936,60,OSM:classe,1,40,
-10.001228,-36.029788,60,OSM:classe,1,40,
-10.001130,-36.792818,60,OSM:classe,1,50,
-10.001087,-36.884927,60,OSM:classe,1,40,
-10.000988,-36.398058,60,OSM:classe,1,40,
-10.000902,-36.380261,60,OSM:classe,1,40,
-10.000808,-36.511602,60,OSM:classe,1,60,
-10.000808,-36.202461,60,OSM:classe,1,40,
-10.000402,-36.398425,60,OSM:classe,1,40,
-10.000236,-36.260930,60,OSM:classe,1,40,
-10.000229,-36.398537,60,OSM:classe,1,40,
-10.000224,-36.832155,60,OSM:classe,1,40,
-9.999958,-36.611038,60,OSM:classe,1,40,
-9.999763,-36.703905,60,OSM:classe,1,40,
-9.999588,-36.290976,100,OSM:classe,1,80,
-9.999543,-36.018708,60,OSM:classe,1,40,
-9.999464,-36.724643,60,OSM:classe,1,40,
-9.999334,-36.604542,80,OSM,0,,
-9.999044,-36.827788,60,OSM:classe,1,40,
-9.998815,-36.665436,60,OSM:classe,1,40,
-9.998789,-36.612781,60,OSM:classe,1,40,
-9.998731,-36.399584,60,OSM:classe,1,40,
-9.998585,-36.704218,60,OSM:classe,1,40,
-9.998323,-36.603066,80,OSM,0,,
-9.998259,-36.725447,60,OSM:classe,1,40,
-9.997887,-36.205933,60,OSM:classe,1,40,
-9.997787,-36.032533,60,OSM:classe,1,40,
-9.997546,-36.617093,60,OSM:classe,1,40,
-9.997505,-36.007936,100,OSM:classe,1,80,
-9.997466,-36.887598,60,OSM:classe,1,40,
-9.997389,-36.601124,40,OSM,0,,
-9.997357,-36.018792,60,OSM:classe,1,40,
-9.997330,-36.350871,60,OSM:classe,1,40,
-9.997282,-36.400436,60,OSM:classe,1,40,
-9.997192,-36.379738,60,OSM:classe,1,40,
-9.997190,-36.794424,60,OSM:classe,1,50,
-9.997109,-36.823773,60,OSM:classe,1,40,
-9.997007,-36.728263,60,OSM:classe,1,40,
-9.996562,-36.263407,60,OSM:classe,1,40,
-9.996470,-36.512807,60,OSM:classe,1,60,
-9.995869,-36.621198,60,OSM:classe,1,40,
-9.995840,-36.707793,60,OSM:classe,1,40,
-9.995546,-36.032919,60,OSM:classe,1,40,
-9.995396,-36.889037,60,OSM:classe,1,40,
-9.995330,-36.596881,60,OSM,0,,
-9.995206,-36.289955,100,OSM:classe,1,80,
-9.994966,-36.209404,60,OSM:classe,1,40,
-9.994911,-36.401249,60,OSM:classe,1,40,
-9.994874,-36.379422,60,OSM:classe,1,40,
-9.994790,-36.666474,60,OSM:classe,1,40,
-9.994764,-36.732180,60,OSM:classe,1,40,
-9.994717,-36.889160,60,OSM:classe,1,40,
-9.994388,-36.647055,60,OSM:classe,1,40,
-9.994381,-36.651460,60,OSM:classe,1,40,
-9.994021,-36.711818,60,OSM:classe,1,40,
-9.993888,-36.725585,60,OSM:classe,1,40,
-9.993797,-36.655946,60,OSM:classe,1,40,
-9.993741,-36.660512,60,OSM:classe,1,40,
-9.993424,-36.266677,60,OSM:classe,1,40,
-9.993303,-36.796257,60,OSM:classe,1,50,
-9.993257,-36.352807,60,OSM:classe,1,40,
-9.993227,-36.821562,60,OSM:classe,1,40,
-9.993155,-36.006782,100,OSM:classe,1,80,
-9.993078,-36.018054,60,OSM:classe,1,40,
-9.992695,-36.624149,60,OSM:classe,1,40,
-9.992695,-36.402579,60,OSM:classe,1,40,
-9.992620,-36.643251,60,OSM:classe,1,40,
-9.992599,-36.642937,60,OSM:classe,1,40,
-9.992403,-36.664582,60,OSM:classe,1,40,
-9.992262,-36.213030,60,OSM:classe,1,40,
-9.992133,-36.514013,60,OSM:classe,1,60,
-9.992074,-36.887592,60,OSM:classe,1,40,
-9.991893,-36.735627,60,OSM:classe,1,40,
-9.991671,-36.667256,60,OSM:classe,1,40,
-9.991540,-36.888121,60,OSM:classe,1,40,
-9.991498,-36.406656,60,OSM:classe,1,40,
-9.991480,-36.625402,60,OSM:classe,1,40,
-9.991250,-36.628925,60,OSM:classe,1,40,
-9.991234,-36.407742,60,OSM:classe,1,40,
-9.991191,-36.641043,60,OSM:classe,1,40,
-9.991124,-36.032465,60,OSM:classe,1,40,
-9.991075,-36.715030,60,OSM:classe,1,40,
-9.990823,-36.288934,100,OSM:classe,1,80,
-9.990689,-36.818139,60,OSM:classe,1,40,
-9.990654,-36.587209,80,OSM,0,,
-9.990418,-36.378808,60,OSM:classe,1,40,
-9.990285,-36.269946,60,OSM:classe,1,40,
-9.990241,-36.636614,60,OSM:classe,1,40,
-9.990186,-36.739833,60,OSM:classe,1,40,
-9.990095,-36.667839,60,OSM:classe,1,40,
-9.990071,-36.740242,60,OSM:classe,1,40,
-9.990052,-36.631785,60,OSM:classe,1,40,
-9.990052,-36.217007,60,OSM:classe,1,40,
-9.990038,-36.410682,60,OSM:classe,1,40,
-9.990023,-36.410845,60,OSM:classe,1,40,
-9.990020,-36.888880,60,OSM:classe,1,40,
-9.989676,-36.411519,60,OSM:classe,1,40,
-9.989589,-36.724329,60,OSM:classe,1,40,
-9.989488,-36.017102,60,OSM:classe,1,40,
-9.989306,-36.794328,60,OSM:classe,1,50,
-9.989275,-36.270699,60,OSM:classe,1,40,
-9.989185,-36.354743,60,OSM:classe,1,40,
-9.988804,-36.005627,100,OSM:classe,1,80,
-9.988732,-36.718888,60,OSM:classe,1,40,
-9.988450,-36.225654,60,OSM:classe,1,40,
-9.988369,-36.221166,60,OSM:classe,1,40,
-9.988350,-36.752543,60,OSM:classe,1,40,
-9.988308,-36.723378,60,OSM:classe,1,40,
-9.988015,-36.888512,60,OSM:classe,1,40,
-9.987950,-36.635642,60,OSM:classe,1,40,
-9.987932,-36.636041,60,OSM:classe,1,40,
-9.987796,-36.515218,60,OSM:classe,1,60,
-9.987745,-36.815467,60,OSM:classe,1,40,
-9.987547,-36.378209,60,OSM:classe,1,40,
-9.987542,-36.035071,60,OSM:classe,1,40,
-9.987493,-36.743845,60,OSM:classe,1,40,
-9.987453,-36.626501,60,OSM:classe,1,40,
-9.987361,-36.748092,60,OSM:classe,1,40,
-9.987073,-36.790406,60,OSM:classe,1,50,
-9.987013,-36.756703,60,OSM:classe,1,40,
-9.986953,-36.228849,60,OSM:classe,1,40,
-9.986440,-36.287913,100,OSM:classe,1,80,
-9.986418,-36.670020,60,OSM:classe,1,40,
-9.986375,-36.272531,60,OSM:classe,1,40,
-9.986296,-36.785947,60,OSM:classe,1,50,
-9.986062,-36.626613,60,OSM:classe,1,40,
-9.986024,-36.628726,60,OSM:classe,1,40,
-9.985977,-36.577537,80,OSM,0,,
-9.985967,-36.564783,60,OSM,0,,
-9.985928,-36.231380,60,OSM:classe,1,40,
-9.985821,-36.563844,80,OSM,0,,
-9.985779,-36.567110,60,OSM,0,,
-9.985771,-36.564956,60,OSM,0,,
-9.985765,-36.565910,60,OSM,0,,
-9.985763,-36.576550,80,OSM,0,,
-9.985750,-36.573399,60,OSM:classe,1,40,
-9.985669,-36.722317,60,OSM:classe,1,40,
-9.985642,-36.563751,60,OSM,0,,
-9.985488,-36.017965,60,OSM:classe,1,40,
-9.985465,-36.034708,60,OSM:classe,1,40,
-9.985382,-36.562907,80,OSM,0,,
-9.985336,-36.811662,60,OSM:classe,1,40,
-9.985287,-36.411750,60,OSM:classe,1,40,
-9.985255,-36.233050,60,OSM:classe,1,40,
-9.985112,-36.356678,60,OSM:classe,1,40,
-9.985087,-36.628494,60,OSM:classe,1,40,
-9.984851,-36.760694,60,OSM:classe,1,40,
-9.984613,-36.562231,80,OSM,0,,
-9.984522,-36.004263,100,OSM:classe,1,80,
-9.984357,-36.287495,100,OSM:classe,1,80,
-9.984254,-36.561758,80,OSM,0,,
-9.984140,-36.633915,60,OSM:classe,1,40,
-9.984093,-36.890745,60,OSM:classe,1,40,
-9.983623,-36.375978,60,OSM:classe,1,40,
-9.983553,-36.237276,60,OSM:classe,1,40,
-9.983459,-36.516423,60,OSM:classe,1,60,
-9.982892,-36.357733,60,OSM:classe,1,40,
-9.982713,-36.764706,60,OSM:classe,1,40,
-9.982557,-36.274943,60,OSM:classe,1,40,
-9.982534,-36.669949,60,OSM:classe,1,40,
-9.982438,-36.719493,60,OSM:classe,1,40,
-9.982392,-36.032056,60,OSM:classe,1,40,
-9.982359,-36.785553,60,OSM:classe,1,50,
-9.982131,-36.629848,60,OSM:classe,1,40,
-9.982091,-36.573758,60,OSM:classe,1,40,
-9.981852,-36.241502,60,OSM:classe,1,40,
-9.981668,-36.000762,100,OSM:classe,1,80,
-9.981639,-36.889353,60,OSM:classe,1,40,
-9.981596,-36.809290,60,OSM:classe,1,40,
-9.981577,-36.560059,80,OSM,0,,
-9.981568,-36.414171,60,OSM:classe,1,40,
-9.981517,-36.559873,80,OSM,0,,
-9.981385,-36.892090,60,OSM:classe,1,40,
-9.981352,-36.358451,60,OSM:classe,1,40,
-9.981157,-36.017026,60,OSM:classe,1,40,
-9.980824,-36.627624,60,OSM:classe,1,40,
-9.980465,-36.469788,60,OSM:classe,1,40,
-9.980218,-36.768495,60,OSM:classe,1,40,
-9.980150,-36.245728,60,OSM:classe,1,40,
-9.980095,-36.885141,60,OSM:classe,1,40,
-9.980068,-36.892780,60,OSM:classe,1,40,
-9.979926,-36.286723,100,OSM:classe,1,80,
-9.979875,-36.715890,60,OSM:classe,1,40,
-9.979700,-36.373747,60,OSM:classe,1,40,
-9.979470,-36.577167,60,OSM:classe,1,40,
-9.979280,-36.880726,60,OSM:classe,1,40,
-9.979122,-36.517628,60,OSM:classe,1,60,
-9.979001,-35.997086,100,OSM:classe,1,80,
-9.978739,-36.277356,60,OSM:classe,1,40,
-9.978611,-36.876235,60,OSM:classe,1,40,
-9.978507,-36.033137,60,OSM:classe,1,40,
-9.978448,-36.249954,60,OSM:classe,1,40,
-9.978372,-36.670850,60,OSM:classe,1,40,
-9.978098,-36.416712,60,OSM:classe,1,40,
-9.978006,-36.786139,60,OSM:classe,1,50,
-9.977861,-36.581289,60,OSM:classe,1,40,
-9.977354,-36.807908,60,OSM:classe,1,40,
-9.977276,-36.360379,60,OSM:classe,1,40,
-9.977122,-36.584603,60,OSM:classe,1,40,
-9.977020,-36.771687,60,OSM:classe,1,40,
-9.976890,-36.015846,60,OSM:classe,1,40,
-9.976746,-36.254180,60,OSM:classe,1,40,
-9.976670,-36.558515,80,OSM,0,,
-9.976662,-36.626623,60,OSM:classe,1,40,
-9.976604,-36.558658,80,OSM,0,,
-9.976387,-36.713069,60,OSM:classe,1,40,
-9.976375,-36.558435,80,OSM,0,,
-9.976335,-35.993410,100,OSM:classe,1,80,
-9.976333,-36.558577,80,OSM,0,,
-9.976038,-36.894806,60,OSM:classe,1,40,
-9.976036,-36.469103,60,OSM:classe,1,40,
-9.975863,-36.872744,60,OSM:classe,1,40,
-9.975777,-36.371516,60,OSM:classe,1,40,
-9.975529,-36.583775,60,OSM:classe,1,40,
-9.975480,-36.286038,100,OSM:classe,1,80,
-9.975265,-36.583643,60,OSM:classe,1,40,
-9.975217,-36.420218,60,OSM:classe,1,40,
-9.975044,-36.258406,60,OSM:classe,1,40,
-9.974946,-36.279808,60,OSM:classe,1,40,
-9.974863,-36.420714,60,OSM:classe,1,40,
-9.974785,-36.518833,60,OSM:classe,1,60,
-9.974759,-36.557659,80,OSM,0,,
-9.974744,-36.557968,80,OSM,0,,
-9.974363,-36.034414,60,OSM:classe,1,40,
-9.974331,-36.774103,60,OSM:classe,1,40,
-9.974200,-36.672123,60,OSM:classe,1,40,
-9.974013,-36.774964,60,OSM:classe,1,40,
-9.973978,-36.784505,60,OSM:classe,1,50,
-9.973968,-35.989612,100,OSM:classe,1,80,
-9.973502,-36.869357,60,OSM:classe,1,40,
-9.973453,-35.985080,100,OSM:classe,1,80,
-9.973434,-36.018338,60,OSM:classe,1,40,
-9.973225,-36.585321,60,OSM:classe,1,40,
-9.973200,-36.424090,60,OSM:classe,1,40,
-9.973200,-36.362307,60,OSM:classe,1,40,
-9.973182,-36.864834,60,OSM:classe,1,40,
-9.972892,-36.807591,60,OSM:classe,1,40,
-9.972737,-36.710754,60,OSM:classe,1,40,
-9.972656,-36.554888,80,OSM,0,,
-9.972589,-36.365738,60,OSM:classe,1,40,
-9.972582,-36.628305,60,OSM:classe,1,40,
-9.972453,-36.262101,60,OSM:classe,1,40,
-9.972436,-36.779240,60,OSM:classe,1,40,
-9.972425,-36.554390,80,OSM,0,,
-9.972193,-36.773132,60,OSM:classe,1,40,
-9.971898,-36.370082,60,OSM:classe,1,40,
-9.971864,-36.426137,60,OSM:classe,1,40,
-9.971858,-36.701190,60,OSM:classe,1,40,
-9.971836,-36.896352,60,OSM:classe,1,40,
-9.971616,-36.553878,80,OSM,0,,
-9.971554,-36.468733,60,OSM:classe,1,40,
-9.971529,-36.553659,80,OSM,0,,
-9.971254,-35.982444,100,OSM:classe,1,80,
-9.971224,-36.582523,60,OSM:classe,1,40,
-9.971182,-36.282305,60,OSM:classe,1,40,
-9.971035,-36.285354,100,OSM:classe,1,80,
-9.970972,-36.367316,60,OSM:classe,1,40,
-9.970910,-36.369777,60,OSM:classe,1,40,
-9.970801,-36.705337,60,OSM:classe,1,40,
-9.970799,-36.696942,60,OSM:classe,1,40,
-9.970733,-36.367746,60,OSM:classe,1,40,
-9.970721,-36.861383,60,OSM:classe,1,40,
-9.970719,-36.783444,60,OSM:classe,1,40,
-9.970566,-36.019705,60,OSM:classe,1,40,
-9.970551,-36.674033,60,OSM:classe,1,40,
-9.970510,-36.036290,60,OSM:classe,1,40,
-9.970448,-36.520038,60,OSM:classe,1,60,
-9.970286,-36.586362,60,OSM:classe,1,40,
-9.970067,-36.784467,60,OSM:classe,1,40,
-9.970065,-36.430278,60,OSM:classe,1,40,
-9.970025,-36.369534,60,OSM:classe,1,40,
-9.969876,-36.804401,60,OSM:classe,1,40,
-9.969865,-36.784671,60,OSM:classe,1,50,
-9.969702,-36.857735,60,OSM:classe,1,40,
-9.969640,-36.265663,60,OSM:classe,1,40,
-9.969201,-36.710058,60,OSM:classe,1,40,
-9.969057,-36.711331,60,OSM:classe,1,40,
-9.968761,-36.709393,60,OSM:classe,1,40,
-9.968620,-36.709374,60,OSM:classe,1,40,
-9.968417,-36.628170,60,OSM:classe,1,40,
-9.968304,-36.766927,60,OSM:classe,1,40,
-9.968236,-36.520653,60,OSM:classe,1,60,
-9.968189,-36.853436,60,OSM:classe,1,40,
-9.968139,-36.708807,60,OSM:classe,1,40,
-9.968071,-36.693367,60,OSM:classe,1,40,
-9.968054,-36.771661,60,OSM:classe,1,40,
-9.968045,-36.762441,60,OSM:classe,1,40,
-9.967996,-36.432498,60,OSM:classe,1,40,
-9.967972,-36.677238,60,OSM:classe,1,40,
-9.967960,-36.771479,60,OSM:classe,1,40,
-9.967841,-36.757951,60,OSM:classe,1,40,
-9.967486,-36.910035,60,OSM:classe,1,40,
-9.967466,-36.897426,60,OSM:classe,1,40,
-9.967418,-36.284802,60,OSM:classe,1,40,
-9.967402,-37.002658,60,OSM:classe,1,40,
-9.967369,-36.467447,60,OSM:classe,1,40,
-9.967315,-36.715404,60,OSM:classe,1,40,
-9.967288,-36.909324,60,OSM:classe,1,40,
-9.967273,-36.788299,60,OSM:classe,1,50,
-9.967044,-36.688986,60,OSM:classe,1,40,
-9.966995,-36.017938,60,OSM:classe,1,40,
-9.966925,-36.681605,60,OSM:classe,1,40,
-9.966867,-36.911285,60,OSM:classe,1,40,
-9.966829,-37.000173,60,OSM:classe,1,40,
-9.966827,-36.269225,60,OSM:classe,1,40,
-9.966812,-36.582482,60,OSM:classe,1,40,
-9.966804,-35.982681,100,OSM:classe,1,80,
-9.966665,-36.588941,60,OSM:classe,1,40,
-9.966589,-36.284670,100,OSM:classe,1,80,
-9.966109,-36.036785,60,OSM:classe,1,40,
-9.966092,-36.753820,60,OSM:classe,1,40,
-9.965979,-37.002452,60,OSM:classe,1,40,
-9.965944,-37.002398,60,OSM:classe,1,60,
-9.965933,-36.849625,60,OSM:classe,1,40,
-9.965853,-36.912720,60,OSM:classe,1,40,
-9.965832,-36.802487,60,OSM:classe,1,40,
-9.965694,-36.685996,60,OSM:classe,1,40,
-9.965683,-36.368346,60,OSM:classe,1,40,
-9.965473,-36.719505,60,OSM:classe,1,40,
-9.965431,-36.686931,60,OSM:classe,1,40,
-9.965408,-36.900961,60,OSM:classe,1,40,
-9.965200,-36.905512,60,OSM:classe,1,40,
-9.965143,-36.523905,60,OSM:classe,1,60,
-9.965133,-36.913507,60,OSM:classe,1,40,
-9.965067,-36.625186,60,OSM:classe,1,40,
-9.964824,-36.749826,60,OSM:classe,1,40,
-9.964800,-36.749994,60,OSM:classe,1,40,
-9.964746,-36.686592,60,OSM:classe,1,40,
-9.964735,-36.463774,60,OSM:classe,1,40,
-9.964636,-36.728349,60,OSM:classe,1,40,
-9.964582,-36.723861,60,OSM:classe,1,40,
-9.964343,-36.737070,60,OSM:classe,1,40,
-9.964153,-36.769389,60,OSM:classe,1,40,
-9.964106,-36.708092,60,OSM:classe,1,40,
-9.964067,-36.431001,60,OSM:classe,1,40,
-9.964015,-36.272787,60,OSM:classe,1,40,
-9.963853,-36.428956,60,OSM:classe,1,40,
-9.963834,-36.428851,60,OSM:classe,1,40,
-9.963746,-36.845916,60,OSM:classe,1,40,
-9.963621,-36.996973,60,OSM:classe,1,40,
-9.963616,-36.745867,60,OSM:classe,1,40,
-9.963570,-36.732693,60,OSM:classe,1,40,
-9.963472,-36.790361,60,OSM:classe,1,50,
-9.963471,-36.741491,60,OSM:classe,1,40,
-9.963453,-36.998598,60,OSM:classe,1,60,
-9.963381,-36.433391,60,OSM:classe,1,40,
-9.963346,-36.053365,60,OSM:classe,1,40,
-9.963224,-36.998098,60,OSM:classe,1,60,
-9.963178,-36.591800,60,OSM:classe,1,40,
-9.963174,-36.018407,60,OSM:classe,1,40,
-9.963065,-36.044022,60,OSM:classe,1,40,
-9.962925,-36.039656,60,OSM:classe,1,40,
-9.962917,-36.018429,60,OSM:classe,1,40,
-9.962891,-36.062289,60,OSM:classe,1,40,
-9.962756,-36.997079,60,OSM:classe,1,40,
-9.962722,-36.057836,60,OSM:classe,1,40,
-9.962574,-36.548187,80,OSM,0,,
-9.962571,-36.581060,60,OSM:classe,1,40,
-9.962564,-35.981160,100,OSM:classe,1,80,
-9.962452,-36.621670,60,OSM:classe,1,40,
-9.962304,-36.527445,60,OSM:classe,1,60,
-9.962250,-36.066766,60,OSM:classe,1,40,
-9.962240,-36.799864,60,OSM:classe,1,40,
-9.962194,-36.460041,60,OSM:classe,1,40,
-9.962134,-36.284060,100,OSM:classe,1,80,
-9.962099,-36.457867,60,OSM:classe,1,40,
-9.961951,-36.455537,60,OSM:classe,1,40,
-9.961918,-36.048321,60,OSM:classe,1,40,
-9.961745,-36.427570,60,OSM:classe,1,40,
-9.961727,-36.547857,100,OSM,0,,
-9.961717,-36.369094,60,OSM:classe,1,40,
-9.961703,-36.049228,60,OSM:classe,1,40,
-9.961653,-36.842472,60,OSM:classe,1,40,
-9.961463,-36.916073,60,OSM:classe,1,40,
-9.961365,-36.437405,60,OSM:classe,1,40,
-9.961306,-36.790380,60,OSM:classe,1,50,
-9.961226,-36.617278,60,OSM:classe,1,40,
-9.961202,-36.276348,60,OSM:classe,1,40,
-9.961138,-36.441965,60,OSM:classe,1,40,
-9.961133,-36.457379,60,OSM:classe,1,40,
-9.961100,-36.451055,60,OSM:classe,1,40,
-9.960912,-36.446524,60,OSM:classe,1,40,
-9.960904,-36.842309,60,OSM:classe,1,40,
-9.960853,-36.612793,60,OSM:classe,1,40,
-9.960681,-36.684689,60,OSM:classe,1,40,
-9.960663,-36.608288,60,OSM:classe,1,40,
-9.960495,-36.070965,60,OSM:classe,1,40,
-9.960418,-36.547049,100,OSM,0,,
-9.960416,-36.806598,60,OSM:classe,1,40,
-9.960373,-36.862242,60,OSM:classe,1,40,
-9.960243,-36.994770,60,OSM:classe,1,60,
-9.960151,-36.767416,60,OSM:classe,1,40,
-9.960091,-36.783039,60,OSM:classe,1,40,
-9.960028,-36.595007,60,OSM:classe,1,40,
-9.959890,-36.546874,60,OSM:classe,1,50,
-9.959861,-36.603836,60,OSM:classe,1,40,
-9.959812,-36.708899,60,OSM:classe,1,40,
-9.959741,-36.440501,60,OSM:classe,1,40,
-9.959673,-36.785547,60,OSM:classe,1,40,
-9.959600,-36.811057,60,OSM:classe,1,40,
-9.959587,-36.994177,60,OSM:classe,1,60,
-9.959475,-36.015792,60,OSM:classe,1,40,
-9.959465,-36.530985,60,OSM:classe,1,60,
-9.959438,-36.790112,60,OSM:classe,1,50,
-9.959306,-36.787684,60,OSM:classe,1,40,
-9.959290,-36.779212,60,OSM:classe,1,40,
-9.959163,-36.916151,60,OSM:classe,1,40,
-9.959143,-36.866597,60,OSM:classe,1,40,
-9.959044,-36.789826,60,OSM:classe,1,50,
-9.958993,-36.789887,60,OSM:classe,1,50,
-9.958991,-36.602471,60,OSM:classe,1,40,
-9.958840,-36.789933,60,OSM:classe,1,40,
-9.958782,-36.858072,60,OSM:classe,1,40,
-9.958704,-36.771687,60,OSM:classe,1,40,
-9.958650,-36.789395,60,OSM:classe,1,40,
-9.958600,-36.789340,60,OSM:classe,1,40,
-9.958584,-36.802578,60,OSM:classe,1,40,
-9.958577,-36.789465,60,OSM:classe,1,40,
-9.958440,-36.789766,60,OSM:classe,1,40,
-9.958396,-36.993173,60,OSM:classe,1,60,
-9.958389,-36.279910,60,OSM:classe,1,40,
-9.958337,-36.582444,60,OSM:classe,1,40,
-9.958275,-36.790140,60,OSM:classe,1,50,
-9.958213,-35.981154,100,OSM:classe,1,80,
-9.958208,-36.545854,60,OSM:classe,1,50,
-9.958191,-36.841949,60,OSM:classe,1,40,
-9.958149,-36.798095,60,OSM:classe,1,40,
-9.958024,-36.074639,60,OSM:classe,1,40,
-9.958009,-36.429977,60,OSM:classe,1,40,
-9.957987,-36.838835,60,OSM:classe,1,40,
-9.957963,-36.598948,60,OSM:classe,1,40,
-9.957927,-36.599795,60,OSM:classe,1,40,
-9.957810,-36.849302,60,OSM:classe,1,40,
-9.957722,-36.369692,60,OSM:classe,1,40,
-9.957693,-36.791787,60,OSM:classe,1,50,
-9.957661,-36.870875,60,OSM:classe,1,40,
-9.957658,-36.283622,100,OSM:classe,1,80,
-9.957651,-36.844797,60,OSM:classe,1,40,
-9.957620,-36.815034,60,OSM:classe,1,40,
-9.957571,-36.369716,60,OSM:classe,1,40,
-9.957397,-36.792702,60,OSM:classe,1,40,
-9.957393,-36.841194,60,OSM:classe,1,40,
-9.957356,-36.853837,60,OSM:classe,1,40,
-9.957302,-36.794051,60,OSM:classe,1,50,
-9.957267,-36.775911,60,OSM:classe,1,40,
-9.957255,-36.444225,60,OSM:classe,1,40,
-9.957149,-36.875376,60,OSM:classe,1,40,
-9.957047,-36.838956,60,OSM:classe,1,40,
-9.957000,-36.455600,60,OSM:classe,1,40,
-9.956998,-36.992028,60,OSM:classe,1,60,
-9.956923,-36.838152,60,OSM:classe,1,40,
-9.956722,-36.448668,60,OSM:classe,1,40,
-9.956637,-36.534512,60,OSM:classe,1,60,
-9.956611,-36.544527,40,OSM:classe,1,40,
-9.956374,-36.788738,60,OSM:classe,1,40,
-9.956289,-36.795349,60,OSM:classe,1,50,
-9.956274,-36.683923,60,OSM:classe,1,40,
-9.956196,-36.796152,60,OSM:classe,1,50,
-9.956101,-36.796869,60,OSM:classe,1,50,
-9.955979,-36.370488,60,OSM:classe,1,40,
-9.955933,-36.792472,60,OSM:classe,1,40,
-9.955859,-36.709857,60,OSM:classe,1,40,
-9.955699,-36.879133,60,OSM:classe,1,40,
-9.955576,-36.283472,100,OSM:classe,1,80,
-9.955458,-35.977641,100,OSM:classe,1,80,
-9.955329,-36.452584,60,OSM:classe,1,40,
-9.955293,-36.014114,60,OSM:classe,1,40,
-9.955102,-36.596368,60,OSM:classe,1,40,
-9.955090,-36.078017,60,OSM:classe,1,40,
-9.954999,-36.371037,60,OSM:classe,1,40,
-9.954948,-36.603709,60,OSM:classe,1,40,
-9.954750,-36.916384,60,OSM:classe,1,40,
-9.954709,-35.976434,100,OSM:classe,1,80,
-9.954619,-36.818305,60,OSM:classe,1,40,
-9.954602,-36.453086,60,OSM:classe,1,40,
-9.954347,-36.543514,60,OSM:classe,1,50,
-9.954272,-36.581606,60,OSM:classe,1,40,
-9.954251,-36.543453,60,OSM:classe,1,50,
-9.954227,-36.835704,60,OSM:classe,1,40,
-9.954194,-36.570810,60,OSM:classe,1,40,
-9.954193,-36.791593,60,OSM:classe,1,40,
-9.954062,-36.538222,60,OSM:classe,1,60,
-9.953918,-36.543749,40,OSM:classe,1,40,
-9.953859,-36.431473,60,OSM:classe,1,40,
-9.953618,-36.542714,80,OSM,0,,
-9.953595,-36.287571,60,OSM:classe,1,40,
-9.953508,-36.604402,60,OSM:classe,1,40,
-9.953501,-36.542806,100,OSM,0,,
-9.953498,-36.989161,60,OSM:classe,1,60,
-9.953493,-36.283217,100,OSM:classe,1,80,
-9.953362,-36.799270,60,OSM:classe,1,50,
-9.953336,-36.828006,60,OSM:classe,1,40,
-9.953145,-36.831365,60,OSM:classe,1,40,
-9.953070,-36.841060,60,OSM:classe,1,40,
-9.952854,-36.542019,40,OSM:classe,1,40,
-9.952783,-36.785991,60,OSM:classe,1,40,
-9.952777,-36.541967,40,OSM:classe,1,40,
-9.952734,-36.541306,60,OSM:classe,1,60,
-9.952729,-36.542534,40,OSM,0,,
-9.952663,-36.454412,60,OSM:classe,1,40,
-9.952648,-35.972408,100,OSM:classe,1,80,
-9.952519,-36.541805,80,OSM:classe,1,60,
-9.952470,-36.681729,60,OSM:classe,1,40,
-9.952431,-36.542358,40,OSM:classe,1,40,
-9.952407,-36.592978,60,OSM:classe,1,40,
-9.952257,-36.606299,60,OSM:classe,1,40,
-9.952243,-36.542247,80,OSM:classe,1,60,
-9.952233,-36.541642,40,OSM:classe,1,40,
-9.952207,-36.544682,60,OSM:classe,1,50,
-9.952179,-36.544620,60,OSM:classe,1,50,
-9.952080,-36.544702,60,OSM:classe,1,50,
-9.952069,-36.081357,60,OSM:classe,1,40,
-9.951980,-36.574783,60,OSM:classe,1,40,
-9.951933,-36.542079,40,OSM:classe,1,40,
-9.951838,-36.542685,40,OSM,0,,
-9.951825,-36.880965,60,OSM:classe,1,40,
-9.951614,-36.291669,60,OSM:classe,1,40,
-9.951441,-36.709459,60,OSM:classe,1,40,
-9.951360,-36.541347,80,OSM,0,,
-9.951317,-36.541483,100,OSM,0,,
-9.951282,-36.089346,60,OSM:classe,1,40,
-9.951111,-36.012436,60,OSM:classe,1,40,
-9.950985,-36.455743,60,OSM:classe,1,40,
-9.950961,-36.372915,60,OSM:classe,1,40,
-9.950875,-36.824632,60,OSM:classe,1,40,
-9.950868,-36.820774,60,OSM:classe,1,40,
-9.950722,-36.790138,60,OSM:classe,1,40,
-9.950677,-36.568463,60,OSM:classe,1,40,
-9.950626,-36.918128,60,OSM:classe,1,40,
-9.950519,-36.090460,60,OSM:classe,1,40,
-9.950448,-36.579067,60,OSM:classe,1,40,
-9.950373,-36.085344,60,OSM:classe,1,40,
-9.950278,-36.580472,60,OSM:classe,1,40,
-9.950118,-36.429042,60,OSM:classe,1,40,
-9.950076,-36.986315,60,OSM:classe,1,60,
-9.950063,-36.844188,60,OSM:classe,1,40,
-9.949780,-36.540238,40,OSM:classe,1,40,
-9.949770,-36.823133,60,OSM:classe,1,40,
-9.949642,-36.543312,80,OSM,0,,
-9.949633,-36.295768,60,OSM:classe,1,40,
-9.949533,-36.678510,60,OSM:classe,1,40,
-9.949470,-36.396734,60,OSM:classe,1,40,
-9.949404,-36.801437,60,OSM:classe,1,50,
-9.949264,-36.783164,60,OSM:classe,1,40,
-9.949188,-36.540191,40,OSM:classe,1,40,
-9.949090,-36.583405,60,OSM:classe,1,40,
-9.949044,-36.094760,60,OSM:classe,1,40,
-9.949034,-36.328211,60,OSM:classe,1,40,
-9.949029,-36.282669,100,OSM:classe,1,80,
-9.948948,-36.608820,60,OSM:classe,1,40,
-9.948820,-36.459744,60,OSM:classe,1,40,
-9.948775,-35.970128,100,OSM:classe,1,80,
-9.948752,-36.392320,60,OSM:classe,1,40,
-9.948639,-36.824748,60,OSM:classe,1,40,
-9.948623,-36.613292,60,OSM:classe,1,40,
-9.948568,-36.401160,60,OSM:classe,1,40,
-9.948542,-36.414382,60,OSM:classe,1,40,
-9.948284,-36.543388,80,OSM,0,,
-9.948266,-36.591667,60,OSM:classe,1,40,
-9.948168,-36.546954,60,OSM:classe,1,50,
-9.948134,-36.953364,60,OSM:classe,1,40,
-9.947808,-36.418023,60,OSM:classe,1,40,
-9.947729,-36.299890,60,OSM:classe,1,40,
-9.947718,-36.409894,60,OSM:classe,1,40,
-9.947717,-36.587741,60,OSM:classe,1,40,
-9.947548,-36.425833,60,OSM:classe,1,40,
-9.947501,-36.097552,60,OSM:classe,1,40,
-9.947501,-35.969418,100,OSM:classe,1,80,
-9.947463,-36.711096,60,OSM:classe,1,40,
-9.947404,-36.881796,60,OSM:classe,1,40,
-9.947398,-36.565555,60,OSM:classe,1,40,
-9.947350,-36.405355,60,OSM:classe,1,40,
-9.946944,-36.421309,60,OSM:classe,1,40,
-9.946902,-36.983178,60,OSM:classe,1,60,
-9.946897,-36.374867,60,OSM:classe,1,40,
-9.946881,-36.320033,60,OSM:classe,1,40,
-9.946880,-36.802815,80,OSM:classe,1,60,
-9.946774,-36.012645,60,OSM:classe,1,40,
-9.946770,-36.591285,60,OSM:classe,1,40,
-9.946732,-36.324774,60,OSM:classe,1,40,
-9.946709,-36.920350,60,OSM:classe,1,40,
-9.946675,-36.324123,60,OSM:classe,1,40,
-9.946625,-36.591280,60,OSM:classe,1,40,
-9.946566,-36.788396,60,OSM:classe,1,40,
-9.946512,-36.418066,60,OSM:classe,1,40,
-9.946463,-36.675836,60,OSM:classe,1,40,
-9.946440,-36.331542,60,OSM:classe,1,40,
-9.946296,-36.779735,60,OSM:classe,1,40,
-9.946290,-36.538242,80,OSM,0,,
-9.946191,-36.616859,60,OSM:classe,1,40,
-9.946163,-36.621293,60,OSM:classe,1,40,
-9.946039,-36.418341,60,OSM:classe,1,40,
-9.945969,-36.388811,60,OSM:classe,1,40,
-9.945947,-36.463234,60,OSM:classe,1,40,
-9.945891,-36.463296,60,OSM:classe,1,40,
-9.945650,-36.844682,60,OSM:classe,1,40,
-9.945539,-36.537943,100,OSM,0,,
-9.945307,-36.625715,60,OSM:classe,1,40,
-9.945291,-36.882286,60,OSM:classe,1,40,
-9.945154,-36.561702,60,OSM:classe,1,40,
-9.945114,-36.303601,60,OSM:classe,1,40,
-9.945110,-36.951247,60,OSM:classe,1,40,
-9.945091,-36.561502,60,OSM:classe,1,40,
-9.944972,-36.548796,60,OSM:classe,1,40,
-9.944911,-36.826972,60,OSM:classe,1,40,
-9.944851,-36.333576,60,OSM:classe,1,40,
-9.944783,-36.553298,60,OSM:classe,1,40,
-9.944777,-36.951139,60,OSM:classe,1,40,
-9.944700,-36.100850,60,OSM:classe,1,40,
-9.944631,-36.557852,60,OSM:classe,1,40,
-9.944565,-36.282121,100,OSM:classe,1,80,
-9.944451,-36.804162,60,OSM:classe,1,40,
-9.944257,-36.549206,60,OSM:classe,1,50,
-9.944241,-36.589389,60,OSM:classe,1,40,
-9.943967,-36.384784,60,OSM:classe,1,40,
-9.943927,-36.549396,60,OSM:classe,1,50,
-9.943909,-36.316651,60,OSM:classe,1,40,
-9.943744,-36.713601,60,OSM:classe,1,40,
-9.943707,-36.629772,60,OSM:classe,1,40,
-9.943573,-36.955489,60,OSM:classe,1,40,
-9.943551,-36.923323,60,OSM:classe,1,40,
-9.943399,-36.785576,60,OSM:classe,1,40,
-9.943351,-36.980532,60,OSM:classe,1,60,
-9.943327,-36.776306,60,OSM:classe,1,40,
-9.943296,-35.969258,100,OSM:classe,1,80,
-9.943178,-36.886169,60,OSM:classe,1,40,
-9.942920,-36.804977,80,OSM:classe,1,60,
-9.942872,-36.013987,60,OSM:classe,1,40,
-9.942715,-36.376449,60,OSM:classe,1,40,
-9.942467,-36.593018,60,OSM:classe,1,40,
-9.942416,-36.674166,60,OSM:classe,1,40,
-9.942349,-36.634118,60,OSM:classe,1,40,
-9.942193,-36.376546,60,OSM:classe,1,40,
-9.942139,-36.420613,60,OSM:classe,1,40,
-9.942107,-36.313835,60,OSM:classe,1,40,
-9.942066,-36.337160,60,OSM:classe,1,40,
-9.942046,-36.465615,60,OSM:classe,1,40,
-9.942024,-36.104388,60,OSM:classe,1,40,
-9.942006,-36.828212,60,OSM:classe,1,40,
-9.941957,-36.807683,60,OSM:classe,1,40,
-9.941811,-36.306619,60,OSM:classe,1,40,
-9.941809,-36.846772,60,OSM:classe,1,40,
-9.941735,-35.970744,100,OSM:classe,1,80,
-9.941606,-36.959303,60,OSM:classe,1,40,
-9.941581,-36.972352,60,OSM:classe,1,60,
-9.941281,-36.927242,60,OSM:classe,1,40,
-9.941143,-36.381283,60,OSM:classe,1,40,
-9.941135,-36.976764,60,OSM:classe,1,60,
-9.940966,-36.542890,80,OSM,0,,
-9.940637,-36.375971,60,OSM:classe,1,40,
-9.940499,-36.551364,60,OSM:classe,1,50,
-9.940483,-36.376988,60,OSM:classe,1,40,
-9.940375,-36.950209,60,OSM:classe,1,40,
-9.940358,-36.772877,60,OSM:classe,1,40,
-9.940296,-36.716501,60,OSM:classe,1,40,
-9.940101,-36.281573,100,OSM:classe,1,80,
-9.940072,-36.716621,60,OSM:classe,1,40,
-9.939967,-36.588357,60,OSM:classe,1,40,
-9.939867,-36.534283,100,OSM,0,,
-9.939798,-36.888966,60,OSM:classe,1,40,
-9.939761,-36.534404,100,OSM,0,,
-9.939693,-36.309987,60,OSM:classe,1,40,
-9.939348,-36.421895,60,OSM:classe,1,40,
-9.939280,-36.340744,60,OSM:classe,1,40,
-9.939201,-36.016369,60,OSM:classe,1,40,
-9.939155,-36.595938,60,OSM:classe,1,40,
-9.939140,-36.969989,60,OSM:classe,1,60,
-9.939009,-36.785068,60,OSM:classe,1,40,
-9.938991,-36.890214,60,OSM:classe,1,40,
-9.938968,-36.107658,60,OSM:classe,1,40,
-9.938958,-36.533162,100,OSM,0,,
-9.938908,-36.533417,100,OSM,0,,
-9.938890,-36.931036,60,OSM:classe,1,40,
-9.938855,-36.487974,110,OSM,0,,
-9.938789,-36.489435,110,OSM,0,,
-9.938732,-36.806564,80,OSM:classe,1,60,
-9.938674,-36.468358,60,OSM:classe,1,40,
-9.938578,-36.487751,80,OSM,0,,
-9.938545,-36.489458,80,OSM,0,,
-9.938458,-36.468923,60,OSM:classe,1,40,
-9.938416,-36.532380,100,OSM,0,,
-9.938271,-36.961706,60,OSM:classe,1,40,
-9.938229,-36.486457,110,OSM,0,,
-9.938220,-36.810045,60,OSM:classe,1,40,
-9.938145,-36.531094,100,OSM,0,,
-9.938128,-36.946424,60,OSM:classe,1,40,
-9.938119,-36.342238,60,OSM:classe,1,40,
-9.938065,-36.673395,60,OSM:classe,1,40,
-9.937961,-36.486395,80,OSM,0,,
-9.937943,-36.633862,60,OSM:classe,1,40,
-9.937804,-36.530328,100,OSM,0,,
-9.937725,-36.530155,100,OSM,0,,
-9.937660,-36.828965,60,OSM:classe,1,40,
-9.937642,-36.420872,60,OSM:classe,1,40,
-9.937615,-36.529916,100,OSM,0,,
-9.937521,-36.492641,40,OSM:classe,1,40,
-9.937515,-35.971447,100,OSM:classe,1,80,
-9.937487,-36.845967,60,OSM:classe,1,40,
-9.937466,-36.530331,100,OSM,0,,
-9.937454,-36.492033,80,OSM,0,,
-9.937399,-36.492920,40,OSM:classe,1,40,
-9.937390,-36.769448,60,OSM:classe,1,40,
-9.937326,-36.530024,100,OSM,0,,
-9.937094,-36.719653,60,OSM:classe,1,40,
-9.937072,-36.528732,100,OSM,0,,
-9.937053,-36.492964,80,OSM,0,,
-9.936828,-36.935075,60,OSM:classe,1,40,
-9.936811,-36.672776,60,OSM:classe,1,40,
-9.936764,-36.528796,100,OSM,0,,
-9.936588,-36.493970,80,OSM,0,,
-9.936513,-36.494723,80,OSM,0,,
-9.936508,-36.527835,100,OSM,0,,
-9.936464,-36.553367,60,OSM:classe,1,50,
-9.936335,-36.942245,60,OSM:classe,1,40,
-9.936319,-36.375048,60,OSM:classe,1,40,
-9.935833,-36.586786,60,OSM:classe,1,40,
-9.935715,-36.716035,60,OSM:classe,1,40,
-9.935712,-36.496486,80,OSM,0,,
-9.935636,-36.281025,100,OSM:classe,1,80,
-9.935617,-36.483886,80,OSM,0,,
-9.935559,-36.937885,60,OSM:classe,1,40,
-9.935535,-36.595039,60,OSM:classe,1,40,
-9.935502,-36.787681,60,OSM:classe,1,40,
-9.935381,-36.497196,80,OSM,0,,
-9.935339,-36.345826,60,OSM:classe,1,40,
-9.935242,-36.110002,60,OSM:classe,1,40,
-9.935214,-36.280973,100,OSM:classe,1,80,
-9.934912,-36.554071,60,OSM:classe,1,50,
-9.934856,-36.017545,60,OSM:classe,1,40,
-9.934853,-36.473035,60,OSM:classe,1,40,
-9.934852,-36.482794,110,OSM,0,,
-9.934830,-36.471143,60,OSM:classe,1,40,
-9.934773,-36.473472,100,OSM,0,,
-9.934699,-36.471522,100,OSM,0,,
-9.934689,-36.482883,80,OSM,0,,
-9.934669,-36.889177,60,OSM:classe,1,40,
-9.934651,-36.969899,60,OSM:classe,1,60,
-9.934650,-36.498742,100,OSM,0,,
-9.934607,-36.473402,100,OSM,0,,
-9.934594,-36.936812,60,OSM:classe,1,40,
-9.934530,-36.471549,100,OSM,0,,
-9.934522,-36.498006,40,OSM:classe,1,40,
-9.934491,-36.499094,100,OSM,0,,
-9.934483,-36.498678,100,OSM,0,,
-9.934412,-36.766028,60,OSM:classe,1,40,
-9.934399,-36.807781,80,OSM:classe,1,60,
-9.934331,-36.499017,100,OSM,0,,
-9.934303,-36.470538,100,OSM,0,,
-9.934190,-36.498753,40,OSM:classe,1,40,
-9.934146,-36.811977,60,OSM:classe,1,40,
-9.934139,-36.723095,60,OSM:classe,1,40,
-9.934139,-36.470599,100,OSM,0,,
-9.934054,-36.962913,60,OSM:classe,1,40,
-9.933943,-36.499885,100,OSM,0,,
-9.933904,-36.554153,60,OSM:classe,1,50,
-9.933899,-36.632161,60,OSM:classe,1,40,
-9.933887,-36.522072,100,OSM,0,,
-9.933754,-36.473444,80,OSM,0,,
-9.933752,-36.669505,60,OSM:classe,1,40,
-9.933718,-36.553353,60,OSM:classe,1,40,
-9.933659,-36.552972,60,OSM:classe,1,40,
-9.933647,-36.542392,40,OSM,0,,
-9.933643,-36.469679,100,OSM,0,,
-9.933556,-36.519898,100,OSM,0,,
-9.933555,-36.521419,100,OSM,0,,
-9.933522,-36.519203,100,OSM,0,,
-9.933497,-36.469781,100,OSM,0,,
-9.933494,-36.476274,110,OSM,0,,
-9.933414,-36.475906,80,OSM,0,,
-9.933355,-36.827736,60,OSM:classe,1,40,
-9.933341,-36.937958,60,OSM:classe,1,40,
-9.933335,-36.471621,80,OSM,0,,
-9.933260,-36.595007,60,OSM:classe,1,40,
-9.933230,-36.477503,110,OSM,0,,
-9.933202,-36.421590,60,OSM:classe,1,40,
-9.933170,-36.514462,100,OSM,0,,
-9.933164,-36.480631,110,OSM,0,,
-9.933152,-36.477834,110,OSM,0,,
-9.933122,-36.348687,60,OSM:classe,1,40,
-9.933072,-36.580420,60,OSM:classe,1,40,
-9.933068,-36.510032,100,OSM,0,,
-9.933065,-35.970800,100,OSM:classe,1,80,
-9.933063,-36.477517,80,OSM,0,,
-9.933054,-36.502423,100,OSM,0,,
-9.933028,-36.845712,60,OSM:classe,1,40,
-9.933024,-36.548453,60,OSM:classe,1,40,
-9.933014,-36.583510,60,OSM:classe,1,40,
-9.933004,-36.477770,80,OSM,0,,
-9.932984,-36.581644,60,OSM:classe,1,50,
-9.932974,-36.421575,60,OSM:classe,1,40,
-9.932950,-36.791066,60,OSM:classe,1,40,
-9.932940,-36.502213,40,OSM:classe,1,40,
-9.932931,-36.542329,40,OSM,0,,
-9.932919,-36.564027,60,OSM:classe,1,50,
-9.932919,-36.479381,110,OSM,0,,
-9.932820,-36.504794,100,OSM,0,,
-9.932802,-36.503416,100,OSM,0,,
-9.932785,-36.507505,100,OSM,0,,
-9.932757,-36.480489,80,OSM,0,,
-9.932746,-36.506730,60,OSM:classe,1,40,
-9.932695,-36.502976,100,OSM,0,,
-9.932639,-36.479565,80,OSM,0,,
-9.932566,-36.419018,60,OSM:classe,1,40,
-9.932560,-36.542512,40,OSM:classe,1,40,
-9.932519,-36.471426,80,OSM,0,,
-9.932493,-36.542287,40,OSM,0,,
-9.932485,-36.966379,60,OSM:classe,1,60,
-9.932420,-36.554159,60,OSM:classe,1,50,
-9.932390,-36.543933,60,OSM:classe,1,40,
-9.932277,-36.556678,60,OSM:classe,1,50,
-9.932230,-36.542793,60,OSM:classe,1,40,
-9.932147,-36.542251,40,OSM,0,,
-9.932120,-36.542590,60,OSM:classe,1,40,
-9.932118,-36.542249,60,OSM:classe,1,40,
-9.932088,-36.542249,40,OSM,0,,
-9.932025,-36.374473,60,OSM:classe,1,40,
-9.932013,-36.468824,100,OSM,0,,
-9.931980,-36.572920,60,OSM:classe,1,50,
-9.931970,-36.374390,60,OSM:classe,1,40,
-9.931938,-36.374293,60,OSM:classe,1,40,
-9.931918,-36.577468,60,OSM:classe,1,50,
-9.931895,-36.374209,60,OSM:classe,1,40,
-9.931856,-36.542239,40,OSM,0,,
-9.931848,-36.414512,60,OSM:classe,1,40,
-9.931827,-36.559672,60,OSM:classe,1,50,
-9.931816,-36.112880,60,OSM:classe,1,40,
-9.931786,-36.468955,100,OSM,0,,
-9.931705,-36.568404,60,OSM:classe,1,50,
-9.931679,-36.413621,60,OSM:classe,1,40,
-9.931673,-36.577218,80,OSM:classe,1,60,
-9.931630,-36.280544,100,OSM:classe,1,80,
-9.931574,-36.714413,60,OSM:classe,1,40,
-9.931571,-36.577091,60,OSM:classe,1,50,
-9.931536,-36.413414,60,OSM:classe,1,40,
-9.931419,-36.762646,60,OSM:classe,1,40,
-9.931390,-36.537745,60,OSM:classe,1,40,
-9.931366,-36.542213,40,OSM,0,,
-9.931357,-36.537539,60,OSM:classe,1,40,
-9.931314,-36.554778,60,OSM:classe,1,50,
-9.931305,-36.585538,60,OSM:classe,1,50,
-9.931296,-36.964032,60,OSM:classe,1,40,
-9.931262,-36.762284,60,OSM:classe,1,40,
-9.931185,-36.726536,60,OSM:classe,1,40,
-9.931095,-36.510969,60,OSM:classe,1,40,
-9.931057,-36.542192,40,OSM,0,,
-9.930875,-36.472216,80,OSM,0,,
-9.930826,-36.634989,60,OSM:classe,1,40,
-9.930825,-36.520063,60,OSM:classe,1,40,
-9.930818,-36.515503,60,OSM:classe,1,40,
-9.930792,-36.468778,100,OSM,0,,
-9.930681,-36.528417,60,OSM:classe,1,40,
-9.930653,-36.528522,60,OSM:classe,1,40,
-9.930623,-36.533036,60,OSM:classe,1,40,
-9.930556,-36.468955,100,OSM,0,,
-9.930512,-36.018722,60,OSM:classe,1,40,
-9.930497,-36.598595,60,OSM:classe,1,40,
-9.930426,-36.375938,60,OSM:classe,1,40,
-9.930380,-36.542155,60,OSM,0,,
-9.930324,-36.352261,60,OSM:classe,1,40,
-9.930276,-36.848753,60,OSM:classe,1,40,
-9.930217,-36.813190,60,OSM:classe,1,40,
-9.930207,-36.889232,60,OSM:classe,1,40,
-9.930079,-36.941064,60,OSM:classe,1,40,
-9.930065,-36.808999,60,OSM:classe,1,50,
-9.930063,-36.817303,60,OSM:classe,1,40,
-9.929992,-36.821804,60,OSM:classe,1,40,
-9.929878,-36.524526,60,OSM:classe,1,40,
-9.929861,-36.962861,60,OSM:classe,1,60,
-9.929853,-36.813282,60,OSM:classe,1,40,
-9.929794,-36.589798,60,OSM:classe,1,50,
-9.929791,-36.670594,60,OSM:classe,1,40,
-9.929671,-36.370251,60,OSM:classe,1,40,
-9.929517,-36.849634,60,OSM:classe,1,40,
-9.929455,-36.542107,80,OSM,0,,
-9.929171,-36.826105,60,OSM:classe,1,40,
-9.929151,-36.472048,40,OSM,0,,
-9.929086,-36.593401,60,OSM:classe,1,40,
-9.929078,-36.826234,60,OSM:classe,1,40,
-9.928945,-36.471674,60,OSM:classe,1,40,
-9.928917,-35.969141,100,OSM:classe,1,80,
-9.928761,-36.422309,60,OSM:classe,1,40,
-9.928644,-36.579623,60,OSM:classe,1,40,
-9.928567,-35.968968,100,OSM:classe,1,80,
-9.928542,-36.758916,60,OSM:classe,1,40,
-9.928514,-36.790376,60,OSM:classe,1,40,
-9.928464,-36.475503,60,OSM:classe,1,40,
-9.928415,-36.475346,60,OSM:classe,1,40,
-9.928373,-36.379909,60,OSM:classe,1,40,
-9.928332,-36.422378,60,OSM:classe,1,40,
-9.928248,-36.422646,60,OSM:classe,1,40,
-9.928214,-36.460920,60,OSM:classe,1,40,
-9.928074,-36.423142,60,OSM:classe,1,40,
-9.928042,-36.593334,60,OSM:classe,1,40,
-9.927935,-36.411184,60,OSM:classe,1,40,
-9.927889,-36.556985,60,OSM:classe,1,40,
-9.927834,-36.471867,40,OSM,0,,
-9.927791,-36.464949,60,OSM:classe,1,40,
-9.927738,-36.470199,60,OSM:classe,1,40,
-9.927723,-36.593779,60,OSM:classe,1,50,
-9.927624,-36.712253,60,OSM:classe,1,40,
-9.927526,-36.355834,60,OSM:classe,1,40,
-9.927520,-36.471994,30,OSM,0,,
-9.927500,-36.471823,30,OSM,0,,
-9.927498,-36.425592,60,OSM:classe,1,40,
-9.927479,-36.468903,60,OSM:classe,1,40,
-9.927464,-36.113494,60,OSM:classe,1,40,
-9.927449,-36.472048,30,OSM,0,,
-9.927433,-36.471815,30,OSM,0,,
-9.927432,-36.728508,60,OSM:classe,1,40,
-9.927426,-36.830479,60,OSM:classe,1,40,
-9.927389,-36.472014,30,OSM,0,,
-9.927385,-36.469871,60,OSM:classe,1,40,
-9.927325,-36.944553,60,OSM:classe,1,40,
-9.927295,-36.469404,60,OSM:classe,1,40,
-9.927215,-36.366456,60,OSM:classe,1,40,
-9.927164,-36.280009,100,OSM:classe,1,80,
-9.927143,-36.471778,30,OSM,0,,
-9.927078,-36.384712,60,OSM:classe,1,40,
-9.927072,-36.471771,30,OSM,0,,
-9.927039,-36.475785,60,OSM:classe,1,40,
-9.926977,-36.384182,60,OSM:classe,1,40,
-9.926871,-36.410621,60,OSM:classe,1,40,
-9.926767,-36.387484,60,OSM:classe,1,40,
-9.926608,-36.600497,60,OSM:classe,1,40,
-9.926604,-36.673724,60,OSM:classe,1,40,
-9.926583,-36.634255,60,OSM:classe,1,40,
-9.926518,-36.469207,60,OSM:classe,1,40,
-9.926511,-36.825854,60,OSM:classe,1,40,
-9.926494,-36.891605,60,OSM:classe,1,40,
-9.926476,-36.847146,60,OSM:classe,1,40,
-9.926471,-36.560335,60,OSM:classe,1,40,
-9.926362,-36.388262,60,OSM:classe,1,40,
-9.926270,-36.457346,60,OSM:classe,1,40,
-9.926227,-36.471655,30,OSM,0,,
-9.926206,-36.708384,60,OSM:classe,1,40,
-9.926174,-36.469752,60,OSM:classe,1,40,
-9.926167,-36.019898,60,OSM:classe,1,40,
-9.926162,-36.470472,60,OSM:classe,1,40,
-9.926098,-36.388517,60,OSM:classe,1,40,
-9.926081,-36.810113,60,OSM:classe,1,50,
-9.926022,-36.362438,60,OSM:classe,1,40,
-9.925861,-36.455465,60,OSM:classe,1,40,
-9.925716,-36.597864,60,OSM:classe,1,50,
-9.925595,-36.020053,60,OSM:classe,1,40,
-9.925514,-36.429688,60,OSM:classe,1,40,
-9.925466,-36.961902,60,OSM:classe,1,60,
-9.925450,-36.834560,60,OSM:classe,1,40,
-9.925450,-36.814212,60,OSM:classe,1,40,
-9.925444,-36.358492,60,OSM:classe,1,40,
-9.925411,-36.755683,60,OSM:classe,1,40,
-9.925329,-36.471526,60,OSM,0,,
-9.925003,-36.620422,60,OSM:classe,1,50,
-9.924939,-36.450388,60,OSM:classe,1,40,
-9.924930,-36.788377,60,OSM:classe,1,40,
-9.924905,-36.450212,60,OSM:classe,1,40,
-9.924893,-36.838971,60,OSM:classe,1,40,
-9.924862,-36.602258,60,OSM:classe,1,50,
-9.924853,-36.601543,60,OSM:classe,1,40,
-9.924852,-36.451115,60,OSM:classe,1,40,
-9.924846,-36.601732,60,OSM:classe,1,40,
-9.924655,-35.966716,100,OSM:classe,1,80,
-9.924641,-36.390225,60,OSM:classe,1,40,
-9.924617,-36.606817,60,OSM:classe,1,50,
-9.924549,-36.580727,60,OSM:classe,1,40,
-9.924492,-35.966622,100,OSM:classe,1,80,
-9.924373,-36.611375,60,OSM:classe,1,50,
-9.924246,-36.613777,60,OSM:classe,1,40,
-9.924218,-36.615927,60,OSM:classe,1,50,
-9.924150,-36.947635,60,OSM:classe,1,40,
-9.924067,-36.843353,60,OSM:classe,1,40,
-9.923979,-36.541728,80,OSM,0,,
-9.923930,-36.433945,60,OSM:classe,1,40,
-9.923908,-36.843163,60,OSM:classe,1,40,
-9.923904,-36.731086,60,OSM:classe,1,40,
-9.923867,-36.392754,60,OSM:classe,1,40,
-9.923846,-36.409396,60,OSM:classe,1,40,
-9.923775,-36.731329,60,OSM:classe,1,40,
-9.923723,-36.471426,30,OSM,0,,
-9.923711,-35.966226,100,OSM:classe,1,80,
-9.923671,-36.115789,60,OSM:classe,1,40,
-9.923651,-36.593788,60,OSM:classe,1,40,
-9.923439,-36.676951,60,OSM:classe,1,40,
-9.923316,-36.359149,60,OSM:classe,1,40,
-9.923180,-36.358861,60,OSM:classe,1,40,
-9.923174,-36.823041,60,OSM:classe,1,40,
-9.923174,-36.358715,60,OSM:classe,1,40,
-9.923150,-36.894590,60,OSM:classe,1,40,
-9.923071,-36.563249,60,OSM:classe,1,40,
-9.923048,-36.358744,60,OSM:classe,1,40,
-9.923034,-36.624396,60,OSM:classe,1,50,
-9.923031,-36.705288,60,OSM:classe,1,40,
-9.923002,-36.735545,60,OSM:classe,1,40,
-9.922983,-36.470670,100,OSM,0,,
-9.922980,-36.470552,100,OSM,0,,
-9.922870,-36.631763,60,OSM:classe,1,40,
-9.922855,-36.358728,60,OSM:classe,1,40,
-9.922776,-36.020825,60,OSM:classe,1,40,
-9.922745,-36.895153,60,OSM:classe,1,40,
-9.922698,-36.279475,100,OSM:classe,1,80,
-9.922631,-36.438315,60,OSM:classe,1,40,
-9.922566,-36.476060,60,OSM:classe,1,40,
-9.922549,-36.476059,60,OSM:classe,1,40,
-9.922431,-36.752264,60,OSM:classe,1,40,
-9.922422,-36.397036,60,OSM:classe,1,40,
-9.922412,-36.476243,60,OSM:classe,1,40,
-9.922404,-36.740032,60,OSM:classe,1,40,
-9.922364,-36.784698,60,OSM:classe,1,40,
-9.922265,-36.398546,60,OSM:classe,1,40,
-9.922041,-36.470964,100,OSM,0,,
-9.922022,-36.447083,60,OSM:classe,1,40,
-9.921760,-36.442755,60,OSM:classe,1,40,
-9.921747,-36.628770,60,OSM:classe,1,50,
-9.921745,-36.811324,60,OSM:classe,1,50,
-9.921432,-36.402989,60,OSM:classe,1,40,
-9.921321,-36.541182,40,OSM:classe,1,40,
-9.921254,-36.701192,60,OSM:classe,1,40,
-9.921100,-36.893936,60,OSM:classe,1,40,
-9.921068,-36.960955,60,OSM:classe,1,60,
-9.921032,-36.950906,60,OSM:classe,1,40,
-9.921000,-36.407466,60,OSM:classe,1,40,
-9.920985,-36.814604,60,OSM:classe,1,40,
-9.920932,-36.541518,40,OSM:classe,1,40,
-9.920918,-36.541145,80,OSM,0,,
-9.920786,-36.599833,60,OSM:classe,1,40,
-9.920684,-36.472619,30,OSM,0,,
-9.920670,-36.021372,60,OSM:classe,1,40,
-9.920600,-36.744088,60,OSM:classe,1,40,
-9.920559,-36.596072,60,OSM:classe,1,40,
-9.920473,-36.473176,60,OSM:classe,1,40,
-9.920428,-36.472936,60,OSM:classe,1,40,
-9.920357,-36.472775,30,OSM,0,,
-9.920330,-36.581786,60,OSM:classe,1,40,
-9.920323,-36.472971,60,OSM:classe,1,40,
-9.920267,-36.819559,60,OSM:classe,1,40,
-9.920263,-36.472823,30,OSM,0,,
-9.920239,-35.964214,100,OSM:classe,1,80,
-9.920221,-36.748359,60,OSM:classe,1,40,
-9.920111,-36.629745,60,OSM:classe,1,50,
-9.920081,-36.407314,60,OSM:classe,1,40,
-9.920070,-36.472929,30,OSM,0,,
-9.920031,-36.613056,60,OSM:classe,1,40,
-9.919999,-36.118339,60,OSM:classe,1,40,
-9.919780,-35.963951,100,OSM:classe,1,80,
-9.919692,-36.472834,100,OSM,0,,
-9.919652,-36.679070,60,OSM:classe,1,40,
-9.919625,-36.565974,60,OSM:classe,1,40,
-9.919587,-36.842251,60,OSM:classe,1,40,
-9.919587,-36.732942,60,OSM:classe,1,40,
-9.919331,-36.597841,60,OSM:classe,1,40,
-9.919250,-36.358981,60,OSM:classe,1,40,
-9.919102,-36.955029,60,OSM:classe,1,40,
-9.919082,-36.358985,60,OSM:classe,1,40,
-9.919021,-36.697413,60,OSM:classe,1,40,
-9.919008,-36.473027,100,OSM,0,,
-9.919001,-36.476300,60,OSM:classe,1,40,
-9.918920,-36.541297,80,OSM,0,,
-9.918920,-36.358747,60,OSM:classe,1,40,
-9.918912,-36.541421,80,OSM,0,,
-9.918708,-36.630482,60,OSM:classe,1,40,
-9.918349,-36.473429,100,OSM,0,,
-9.918338,-36.782804,60,OSM:classe,1,40,
-9.918233,-36.278940,100,OSM:classe,1,80,
-9.918062,-36.599602,60,OSM:classe,1,40,
-9.918021,-36.473787,30,OSM,0,,
-9.917931,-36.359022,60,OSM:classe,1,40,
-9.917799,-36.359036,60,OSM:classe,1,40,
-9.917780,-36.473341,100,OSM,0,,
-9.917482,-36.476347,60,OSM:classe,1,40,
-9.917410,-36.812536,60,OSM:classe,1,50,
-9.917392,-36.959091,60,OSM:classe,1,40,
-9.917214,-36.473472,100,OSM,0,,
-9.917184,-36.958901,60,OSM:classe,1,60,
-9.917182,-36.891736,60,OSM:classe,1,40,
-9.917105,-36.473720,30,OSM,0,,
-9.917056,-36.693393,60,OSM:classe,1,40,
-9.916709,-36.584133,60,OSM:classe,1,40,
-9.916691,-36.473215,100,OSM,0,,
-9.916662,-36.816908,60,OSM:classe,1,40,
-9.916641,-36.815729,60,OSM:classe,1,40,
-9.916635,-36.603701,60,OSM:classe,1,40,
-9.916629,-36.355322,60,OSM:classe,1,40,
-9.916496,-35.962026,100,OSM:classe,1,80,
-9.916422,-36.890526,60,OSM:classe,1,40,
-9.916316,-36.022514,60,OSM:classe,1,40,
-9.916311,-36.890665,60,OSM:classe,1,40,
-9.916299,-36.958074,100,OSM:classe,1,80,
-9.916266,-36.541705,80,OSM,0,,
-9.916255,-36.541608,80,OSM,0,,
-9.916174,-36.566340,60,OSM:classe,1,40,
-9.916089,-36.631543,60,OSM:classe,1,50,
-9.916063,-36.566439,60,OSM:classe,1,40,
-9.916046,-36.677070,60,OSM:classe,1,40,
-9.915984,-36.611288,60,OSM:classe,1,40,
-9.915975,-36.407465,60,OSM:classe,1,40,
-9.915959,-36.477855,60,OSM:classe,1,40,
-9.915800,-36.119842,60,OSM:classe,1,40,
-9.915698,-36.473099,30,OSM,0,,
-9.915547,-36.472906,100,OSM,0,,
-9.915360,-36.842418,60,OSM:classe,1,40,
-9.915305,-36.733095,60,OSM:classe,1,40,
-9.915156,-36.816332,60,OSM:classe,1,40,
-9.915068,-36.891695,60,OSM:classe,1,40,
-9.914934,-36.606939,60,OSM:classe,1,40,
-9.914910,-36.345887,30,OSM,0,,
-9.914745,-36.359324,60,OSM:classe,1,40,
-9.914629,-36.472611,30,OSM,0,,
-9.914541,-36.689676,60,OSM:classe,1,40,
-9.914538,-36.890719,60,OSM:classe,1,40,
-9.914445,-36.632414,60,OSM:classe,1,40,
-9.914398,-36.890832,60,OSM:classe,1,40,
-9.914207,-36.891001,60,OSM:classe,1,40,
-9.914189,-36.634837,60,OSM:classe,1,50,
-9.913904,-36.954375,100,OSM:classe,1,80,
-9.913886,-36.782159,60,OSM:classe,1,40,
-9.913767,-36.278405,100,OSM:classe,1,80,
-9.913709,-36.882488,60,OSM:classe,1,40,
-9.913621,-36.351945,60,OSM:classe,1,40,
-9.913513,-36.639339,60,OSM:classe,1,50,
-9.913463,-36.886709,60,OSM:classe,1,40,
-9.913373,-36.892740,60,OSM:classe,1,40,
-9.913263,-36.480679,60,OSM:classe,1,40,
-9.913161,-36.613554,60,OSM:classe,1,40,
-9.913075,-36.813747,60,OSM:classe,1,50,
-9.913069,-36.685916,60,OSM:classe,1,40,
-9.913014,-36.643736,60,OSM:classe,1,50,
-9.912974,-36.643810,80,OSM:classe,1,60,
-9.912824,-36.351160,60,OSM:classe,1,40,
-9.912797,-35.959495,100,OSM:classe,1,80,
-9.912781,-35.959478,100,OSM:classe,1,80,
-9.912759,-36.351230,60,OSM:classe,1,40,
-9.912734,-36.359491,60,OSM:classe,1,40,
-9.912733,-36.878179,60,OSM:classe,1,40,
-9.912713,-36.346748,30,OSM,0,,
-9.912711,-36.351310,60,OSM:classe,1,40,
-9.912616,-36.585600,60,OSM:classe,1,40,
-9.912560,-36.614660,60,OSM:classe,1,40,
-9.912491,-36.644405,80,OSM:classe,1,60,
-9.912395,-36.674857,60,OSM:classe,1,40,
-9.912338,-36.568983,60,OSM:classe,1,40,
-9.912293,-36.816081,60,OSM:classe,1,40,
-9.911963,-36.023656,60,OSM:classe,1,40,
-9.911914,-36.471001,100,OSM,0,,
-9.911874,-36.408818,60,OSM:classe,1,40,
-9.911811,-36.355865,60,OSM:classe,1,40,
-9.911754,-35.958173,100,OSM:classe,1,80,
-9.911749,-36.023713,60,OSM:classe,1,40,
-9.911596,-36.121447,60,OSM:classe,1,40,
-9.911463,-36.616266,60,OSM:classe,1,40,
-9.911456,-36.483505,60,OSM:classe,1,40,
-9.911439,-36.629113,60,OSM:classe,1,40,
-9.911394,-36.873837,60,OSM:classe,1,40,
-9.911354,-36.731353,60,OSM:classe,1,40,
-9.911264,-36.614731,60,OSM:classe,1,40,
-9.911255,-36.778949,60,OSM:classe,1,40,
-9.911102,-36.843114,60,OSM:classe,1,40,
-9.910823,-36.484093,60,OSM,0,,
-9.910738,-36.359633,60,OSM:classe,1,40,
-9.910685,-36.328717,40,OSM:classe,1,40,
-9.910675,-36.328466,100,OSM,0,,
-9.910637,-36.620498,60,OSM:classe,1,40,
-9.910581,-36.606966,60,OSM:classe,1,40,
-9.910534,-35.956452,100,OSM:classe,1,80,
-9.910501,-36.572593,60,OSM:classe,1,40,
-9.910485,-36.329161,100,OSM,0,,
-9.910421,-36.348738,60,OSM:classe,1,40,
-9.910418,-36.327720,100,OSM,0,,
-9.910354,-36.332263,100,OSM,0,,
-9.910306,-36.624902,60,OSM:classe,1,40,
-9.910296,-36.353727,60,OSM:classe,1,40,
-9.910227,-36.333532,100,OSM,0,,
-9.910175,-36.326517,100,OSM,0,,
-9.910121,-36.333231,40,OSM:classe,1,40,
-9.910061,-36.484339,60,OSM,0,,
-9.910046,-36.334963,100,OSM,0,,
-9.909991,-36.354033,60,OSM:classe,1,40,
-9.909980,-36.326479,100,OSM,0,,
-9.909891,-36.354133,60,OSM:classe,1,40,
-9.909884,-36.952330,100,OSM:classe,1,80,
-9.909843,-36.774802,60,OSM:classe,1,40,
-9.909837,-36.332226,40,OSM:classe,1,40,
-9.909828,-36.353883,60,OSM:classe,1,40,
-9.909791,-35.955021,80,OSM,0,,
-9.909765,-36.869610,60,OSM:classe,1,40,
-9.909762,-36.332203,100,OSM,0,,
-9.909648,-36.332932,40,OSM:classe,1,40,
-9.909577,-36.332916,100,OSM,0,,
-9.909569,-36.353028,60,OSM:classe,1,40,
-9.909564,-36.332965,40,OSM:classe,1,40,
-9.909553,-36.333696,40,OSM:classe,1,40,
-9.909547,-36.333033,100,OSM,0,,
-9.909541,-36.470232,30,OSM,0,,
-9.909427,-36.340358,100,OSM,0,,
-9.909426,-36.333496,100,OSM,0,,
-9.909413,-36.333548,100,OSM,0,,
-9.909392,-36.333063,40,OSM:classe,1,40,
-9.909385,-36.542962,80,OSM,0,,
-9.909365,-36.894240,60,OSM:classe,1,40,
-9.909357,-36.333761,100,OSM,0,,
-9.909353,-36.647666,60,OSM:classe,1,50,
-9.909330,-36.333655,40,OSM:classe,1,40,
-9.909301,-36.277871,100,OSM:classe,1,80,
-9.909277,-36.347629,60,OSM:classe,1,40,
-9.909270,-36.353378,60,OSM:classe,1,40,
-9.909262,-36.347305,60,OSM:classe,1,40,
-9.909206,-36.542912,80,OSM,0,,
-9.909091,-36.337190,100,OSM,0,,
-9.908992,-36.684207,60,OSM:classe,1,40,
-9.908985,-36.338122,100,OSM,0,,
-9.908950,-36.412195,60,OSM:classe,1,40,
-9.908937,-36.347251,60,OSM:classe,1,40,
-9.908897,-36.342366,100,OSM,0,,
-9.908889,-36.349823,60,OSM:classe,1,40,
-9.908836,-36.335324,100,OSM,0,,
-9.908820,-36.346963,40,OSM:classe,1,40,
-9.908813,-36.345733,100,OSM,0,,
-9.908802,-36.349429,60,OSM:classe,1,40,
-9.908789,-36.347256,60,OSM:classe,1,40,
-9.908769,-36.647776,60,OSM:classe,1,50,
-9.908739,-36.814959,60,OSM:classe,1,50,
-9.908662,-36.346958,100,OSM,0,,
-9.908616,-36.576626,60,OSM:classe,1,40,
-9.908605,-36.346073,100,OSM,0,,
-9.908531,-36.346982,100,OSM,0,,
-9.908504,-36.341577,100,OSM,0,,
-9.908487,-36.587306,60,OSM:classe,1,40,
-9.908436,-36.348939,60,OSM:classe,1,40,
-9.908397,-36.347198,60,OSM:classe,1,40,
-9.908373,-36.770609,60,OSM:classe,1,40,
-9.908284,-36.483961,60,OSM,0,,
-9.908206,-36.579947,60,OSM:classe,1,40,
-9.908104,-36.584408,60,OSM:classe,1,40,
-9.908094,-36.348388,60,OSM:classe,1,40,
-9.908074,-36.358024,60,OSM:classe,1,40,
-9.908064,-36.349089,100,OSM,0,,
-9.908041,-36.577559,60,OSM:classe,1,40,
-9.907959,-36.652068,60,OSM:classe,1,50,
-9.907944,-36.349065,100,OSM,0,,
-9.907902,-36.675024,60,OSM:classe,1,40,
-9.907887,-36.815197,60,OSM:classe,1,40,
-9.907865,-36.363005,60,OSM:classe,1,40,
-9.907859,-36.362936,60,OSM:classe,1,40,
-9.907796,-36.612256,60,OSM:classe,1,40,
-9.907722,-36.728948,60,OSM:classe,1,40,
-9.907568,-36.123455,60,OSM:classe,1,40,
-9.907470,-36.350498,60,OSM:classe,1,40,
-9.907451,-36.322018,100,OSM,0,,
-9.907403,-36.024885,60,OSM:classe,1,40,
-9.907349,-36.587558,60,OSM:classe,1,40,
-9.907333,-36.351023,60,OSM:classe,1,40,
-9.907284,-36.322004,100,OSM,0,,
-9.907257,-36.469172,30,OSM,0,,
-9.907210,-36.350953,60,OSM:classe,1,40,
-9.907175,-36.350316,60,OSM:classe,1,40,
-9.907056,-36.483933,60,OSM,0,,
-9.906999,-36.351313,60,OSM:classe,1,40,
-9.906931,-36.350777,60,OSM:classe,1,40,
-9.906931,-36.339745,100,OSM,0,,
-9.906902,-36.337743,100,OSM,0,,
-9.906834,-36.680236,60,OSM:classe,1,40,
-9.906822,-36.350705,60,OSM:classe,1,40,
-9.906755,-36.350952,60,OSM:classe,1,40,
-9.906742,-36.351090,60,OSM:classe,1,40,
-9.906617,-36.843032,60,OSM:classe,1,40,
-9.906615,-36.338599,100,OSM,0,,
-9.906587,-36.656415,60,OSM:classe,1,50,
-9.906461,-36.351613,60,OSM:classe,1,40,
-9.906356,-36.588394,60,OSM:classe,1,40,
-9.906342,-36.361456,60,OSM:classe,1,40,
-9.906253,-36.359951,60,OSM:classe,1,40,
-9.906217,-36.606026,60,OSM:classe,1,40,
-9.906133,-36.867281,60,OSM:classe,1,40,
-9.906131,-36.950343,100,OSM:classe,1,80,
-9.905913,-36.352605,60,OSM:classe,1,40,
-9.905696,-36.352999,60,OSM:classe,1,40,
-9.905690,-35.946973,80,OSM,0,,
-9.905503,-36.896486,60,OSM:classe,1,40,
-9.905411,-36.467889,100,OSM,0,,
-9.905265,-36.468097,60,OSM,0,,
-9.905229,-36.767549,60,OSM:classe,1,40,
-9.905219,-36.314972,100,OSM,0,,
-9.905166,-36.660052,60,OSM:classe,1,40,
-9.905165,-36.661429,60,OSM:classe,1,50,
-9.905165,-36.660693,60,OSM:classe,1,50,
-9.905137,-36.315276,100,OSM,0,,
-9.905017,-36.314929,100,OSM,0,,
-9.904964,-36.412835,60,OSM:classe,1,40,
-9.904855,-36.663554,60,OSM:classe,1,50,
-9.904854,-36.467735,100,OSM,0,,
-9.904836,-36.277336,100,OSM:classe,1,80,
-9.904792,-36.355289,60,OSM:classe,1,40,
-9.904749,-36.354691,60,OSM:classe,1,40,
-9.904721,-36.606087,60,OSM:classe,1,40,
-9.904718,-36.313433,100,OSM,0,,
-9.904710,-36.359678,60,OSM:classe,1,40,
-9.904674,-36.612066,60,OSM:classe,1,40,
-9.904591,-36.607510,60,OSM:classe,1,40,
-9.904528,-36.220567,100,OSM,0,,
-9.904450,-36.218904,100,OSM,0,,
-9.904439,-36.219870,100,OSM,0,,
-9.904410,-36.312486,100,OSM,0,,
-9.904404,-36.816171,60,OSM:classe,1,50,
-9.904392,-36.222522,40,OSM:classe,1,40,
-9.904360,-36.467232,60,OSM:classe,1,50,
-9.904343,-36.126619,60,OSM:classe,1,40,
-9.904310,-36.467563,60,OSM:classe,1,50,
-9.904282,-36.312063,100,OSM,0,,
-9.904281,-36.218560,100,OSM,0,,
-9.904255,-36.218026,40,OSM:classe,1,40,
-9.904249,-36.356118,100,OSM,0,,
-9.904205,-36.356347,60,OSM:classe,1,40,
-9.904196,-36.668070,60,OSM:classe,1,50,
-9.904163,-36.218912,40,OSM:classe,1,40,
-9.904154,-36.222549,100,OSM,0,,
-9.904153,-36.223417,40,OSM:classe,1,40,
-9.904118,-36.312593,100,OSM,0,,
-9.904110,-36.224232,100,OSM,0,,
-9.904088,-36.655724,60,OSM:classe,1,40,
-9.904075,-36.356047,100,OSM,0,,
-9.904072,-36.217300,40,OSM:classe,1,40,
-9.904037,-36.222554,40,OSM:classe,1,40,
-9.903982,-36.218548,60,OSM:classe,1,40,
-9.903981,-36.312168,100,OSM,0,,
-9.903945,-36.222558,60,OSM:classe,1,40,
-9.903906,-36.217534,100,OSM,0,,
-9.903854,-36.226563,100,OSM,0,,
-9.903805,-36.218460,60,OSM:classe,1,40,
-9.903721,-36.311382,100,OSM,0,,
-9.903714,-36.225377,100,OSM,0,,
-9.903694,-36.591780,60,OSM:classe,1,40,
-9.903692,-36.310239,100,OSM,0,,
-9.903658,-36.677080,60,OSM:classe,1,40,
-9.903633,-36.677054,60,OSM:classe,1,40,
-9.903591,-36.727843,60,OSM:classe,1,40,
-9.903540,-36.226494,100,OSM,0,,
-9.903464,-36.675737,60,OSM:classe,1,40,
-9.903396,-36.466254,60,OSM,0,,
-9.903367,-36.863838,60,OSM:classe,1,40,
-9.903332,-36.612006,60,OSM:classe,1,40,
-9.903272,-36.840533,60,OSM:classe,1,40,
-9.903228,-36.217264,60,OSM:classe,1,40,
-9.903217,-36.358133,60,OSM:classe,1,40,
-9.903166,-36.358225,60,OSM:classe,1,40,
-9.903165,-36.465848,100,OSM,0,,
-9.903151,-36.484670,60,OSM,0,,
-9.903105,-36.363211,60,OSM:classe,1,40,
-9.903058,-36.026058,60,OSM:classe,1,40,
-9.902980,-36.215339,40,OSM:classe,1,40,
-9.902963,-36.672404,60,OSM:classe,1,50,
-9.902894,-36.215419,40,OSM:classe,1,40,
-9.902713,-36.233500,100,OSM,0,,
-9.902571,-36.358816,100,OSM,0,,
-9.902561,-36.603909,60,OSM:classe,1,40,
-9.902549,-36.358672,60,OSM:classe,1,40,
-9.902512,-36.307051,100,OSM,0,,
-9.902505,-36.544218,80,OSM,0,,
-9.902335,-36.596074,60,OSM:classe,1,40,
-9.902241,-35.945192,80,OSM,0,,
-9.902156,-36.544215,80,OSM,0,,
-9.902004,-36.360328,60,OSM:classe,1,40,
-9.901997,-36.951922,100,OSM:classe,1,80,
-9.901976,-36.213484,100,OSM,0,,
-9.901964,-36.764843,60,OSM:classe,1,40,
-9.901820,-36.130336,60,OSM:classe,1,40,
-9.901753,-36.238222,100,OSM,0,,
-9.901744,-36.898987,60,OSM:classe,1,40,
-9.901573,-36.240436,100,OSM,0,,
-9.901559,-36.676096,60,OSM:classe,1,40,
-9.901550,-36.211908,100,OSM,0,,
-9.901449,-36.212414,100,OSM,0,,
-9.901444,-36.652405,60,OSM:classe,1,40,
-9.901184,-36.303023,40,OSM:classe,1,40,
-9.901151,-36.676288,80,OSM,0,,
-9.901124,-36.676442,80,OSM,0,,
-9.901090,-36.678923,80,OSM,0,,
-9.901025,-36.463903,60,OSM,0,,
-9.900912,-36.677648,60,OSM:classe,1,50,
-9.900910,-36.760742,60,OSM:classe,1,40,
-9.900894,-36.210545,100,OSM,0,,
-9.900880,-36.857701,60,OSM:classe,1,40,
-9.900865,-36.676488,80,OSM,0,,
-9.900854,-36.676358,80,OSM,0,,
-9.900751,-36.540036,60,OSM:classe,1,40,
-9.900738,-36.837111,60,OSM:classe,1,40,
-9.900677,-36.463141,60,OSM,0,,
-9.900649,-36.677732,60,OSM:classe,1,50,
-9.900642,-36.257195,100,OSM,0,,
-9.900636,-36.257514,100,OSM,0,,
-9.900611,-36.210683,100,OSM,0,,
-9.900582,-36.930317,60,OSM:classe,1,60,
-9.900525,-36.255447,100,OSM,0,,
-9.900503,-36.254277,100,OSM,0,,
-9.900491,-36.599879,60,OSM:classe,1,40,
-9.900488,-36.412710,60,OSM:classe,1,40,
-9.900483,-36.257187,100,OSM,0,,
-9.900475,-36.257492,100,OSM,0,,
-9.900471,-36.301513,100,OSM,0,,
-9.900434,-36.362960,100,OSM,0,,
-9.900410,-36.255347,40,OSM:classe,1,40,
-9.900403,-36.264566,100,OSM,0,,
-9.900395,-36.259913,100,OSM,0,,
-9.900379,-36.362741,100,OSM,0,,
-9.900370,-36.276801,100,OSM:classe,1,80,
-9.900349,-36.362653,60,OSM:classe,1,40,
-9.900279,-36.253721,100,OSM,0,,
-9.900275,-36.273911,100,OSM,0,,
-9.900256,-36.676507,80,OSM,0,,
-9.900232,-36.275429,100,OSM,0,,
-9.900231,-36.300480,100,OSM,0,,
-9.900211,-36.257320,40,OSM:classe,1,40,
-9.900194,-36.276772,100,OSM,0,,
-9.900174,-36.266907,100,OSM,0,,
-9.900171,-36.271617,100,OSM,0,,
-9.900168,-36.462677,60,OSM,0,,
-9.900138,-36.277995,100,OSM,0,,
-9.900122,-36.544569,40,OSM:classe,1,40,
-9.900092,-36.279584,100,OSM,0,,
-9.900082,-36.250548,100,OSM,0,,
-9.900080,-36.677457,80,OSM,0,,
-9.900069,-36.817382,60,OSM:classe,1,50,
-9.900057,-36.861156,60,OSM:classe,1,40,
-9.899999,-36.462865,60,OSM,0,,
-9.899967,-36.249950,100,OSM,0,,
-9.899957,-36.366470,60,OSM:classe,1,40,
-9.899953,-36.273901,100,OSM,0,,
-9.899942,-36.467698,60,OSM:classe,1,50,
-9.899885,-35.943650,80,OSM,0,,
-9.899857,-36.614903,60,OSM:classe,1,40,
-9.899848,-36.298664,40,OSM:classe,1,40,
-9.899829,-36.277142,100,OSM,0,,
-9.899813,-36.281992,100,OSM,0,,
-9.899803,-36.364308,60,OSM:classe,1,40,
-9.899785,-36.544981,80,OSM,0,,
-9.899754,-36.925907,60,OSM:classe,1,60,
-9.899743,-36.279586,100,OSM,0,,
-9.899739,-36.676640,40,OSM:classe,1,40,
-9.899724,-36.208588,100,OSM,0,,
-9.899687,-36.921527,60,OSM:classe,1,60,
-9.899654,-36.934618,60,OSM:classe,1,60,
-9.899609,-36.296661,80,OSM:classe,1,60,
-9.899607,-36.294129,40,OSM:classe,1,40,
-9.899584,-36.289272,100,OSM,0,,
-9.899570,-36.223077,60,OSM:classe,1,40,
-9.899543,-36.421708,100,OSM,0,,
-9.899529,-36.680428,60,OSM:classe,1,40,
-9.899486,-36.955566,100,OSM:classe,1,80,
-9.899461,-36.298132,100,OSM,0,,
-9.899395,-36.421675,100,OSM,0,,
-9.899378,-36.134147,60,OSM:classe,1,40,
-9.899375,-36.685172,60,OSM:classe,1,50,
-9.899354,-36.296552,100,OSM,0,,
-9.899350,-36.296794,100,OSM,0,,
-9.899320,-36.298228,100,OSM,0,,
-9.899304,-36.293214,100,OSM,0,,
-9.899295,-36.726553,60,OSM:classe,1,40,
-9.899225,-36.420199,100,OSM,0,,
-9.899184,-36.296552,100,OSM,0,,
-9.899181,-36.296780,100,OSM,0,,
-9.899165,-36.420460,100,OSM,0,,
-9.899134,-36.217822,60,OSM:classe,1,40,
-9.899111,-36.365571,60,OSM:classe,1,40,
-9.899098,-36.218597,60,OSM:classe,1,40,
-9.899095,-36.294129,40,OSM:classe,1,40,
-9.899025,-36.367436,60,OSM:classe,1,40,
-9.898991,-36.297527,40,OSM:classe,1,40,
-9.898962,-36.430887,100,OSM,0,,
-9.898917,-36.296924,40,OSM:classe,1,40,
-9.898908,-36.296737,40,OSM:classe,1,40,
-9.898887,-36.223157,60,OSM:classe,1,40,
-9.898861,-36.854035,60,OSM:classe,1,40,
-9.898839,-36.365945,100,OSM,0,,
-9.898803,-36.431027,100,OSM,0,,
-9.898772,-36.681840,60,OSM:classe,1,50,
-9.898734,-36.484828,60,OSM:classe,1,40,
-9.898712,-36.027230,60,OSM:classe,1,40,
-9.898679,-36.297369,80,OSM:classe,1,60,
-9.898655,-36.617517,60,OSM:classe,1,40,
-9.898654,-36.365887,100,OSM,0,,
-9.898649,-36.852032,60,OSM:classe,1,40,
-9.898597,-36.419403,40,OSM:classe,1,40,
-9.898381,-36.440065,100,OSM,0,,
-9.898319,-36.689522,60,OSM:classe,1,50,
-9.898246,-36.484744,60,OSM:classe,1,40,
-9.898235,-36.677694,80,OSM,0,,
-9.898211,-36.440379,100,OSM,0,,
-9.898193,-36.676765,40,OSM:classe,1,40,
-9.898189,-36.298029,80,OSM,0,,
-9.898149,-36.366634,60,OSM:classe,1,40,
-9.898130,-36.460817,100,OSM,0,,
-9.898130,-36.418510,40,OSM:classe,1,40,
-9.897814,-36.545002,60,OSM:classe,1,40,
-9.897810,-36.917406,60,OSM:classe,1,60,
-9.897787,-36.901153,60,OSM:classe,1,40,
-9.897786,-36.650207,60,OSM:classe,1,40,
-9.897639,-36.449450,100,OSM,0,,
-9.897589,-36.536791,60,OSM:classe,1,40,
-9.897557,-36.416656,100,OSM,0,,
-9.897544,-36.676863,80,OSM,0,,
-9.897522,-36.453474,100,OSM,0,,
-9.897444,-36.416419,100,OSM,0,,
-9.897435,-36.416725,100,OSM,0,,
-9.897404,-36.460132,100,OSM,0,,
-9.897390,-36.459515,100,OSM,0,,
-9.897334,-36.459989,60,OSM:classe,1,40,
-9.897324,-36.416505,100,OSM,0,,
-9.897223,-36.545221,80,OSM,0,,
-9.897221,-36.458362,100,OSM,0,,
-9.897218,-36.545092,80,OSM,0,,
-9.897217,-36.693896,60,OSM:classe,1,50,
-9.897085,-36.369416,60,OSM:classe,1,40,
-9.897079,-36.460122,60,OSM:classe,1,40,
-9.897067,-36.458522,100,OSM,0,,
-9.896956,-36.938238,60,OSM:classe,1,60,
-9.896928,-36.369561,60,OSM:classe,1,40,
-9.896813,-36.983481,60,OSM:classe,1,40,
-9.896769,-36.759596,60,OSM:classe,1,40,
-9.896738,-36.407873,100,OSM,0,,
-9.896663,-36.406835,100,OSM,0,,
-9.896544,-36.407948,100,OSM,0,,
-9.896542,-36.848041,60,OSM:classe,1,40,
-9.896515,-36.987084,60,OSM:classe,1,40,
-9.896507,-36.836259,60,OSM:classe,1,40,
-9.896501,-36.407108,100,OSM,0,,
-9.896454,-36.369944,100,OSM,0,,
-9.896416,-36.414128,60,OSM:classe,1,40,
-9.896380,-36.958711,60,OSM:classe,1,60,
-9.896357,-36.414207,100,OSM,0,,
-9.896265,-36.696466,60,OSM:classe,1,50,
-9.896230,-36.405925,100,OSM,0,,
-9.896211,-36.483622,60,OSM:classe,1,40,
-9.896195,-36.679211,60,OSM:classe,1,40,
-9.896193,-36.414404,40,OSM:classe,1,40,
-9.896179,-36.201505,100,OSM,0,,
-9.896145,-36.370742,100,OSM,0,,
-9.896103,-36.406161,100,OSM,0,,
-9.896055,-36.137183,60,OSM:classe,1,40,
-9.896008,-36.413843,40,OSM:classe,1,40,
-9.895949,-36.370615,60,OSM:classe,1,40,
-9.895891,-36.370721,60,OSM:classe,1,40,
-9.895810,-36.200449,100,OSM,0,,
-9.895794,-36.545280,80,OSM,0,,
-9.895771,-36.410502,100,OSM,0,,
-9.895756,-36.371687,60,OSM:classe,1,40,
-9.895743,-36.913397,60,OSM:classe,1,60,
-9.895734,-36.818594,60,OSM:classe,1,50,
-9.895696,-36.405368,100,OSM,0,,
-9.895688,-36.412795,100,OSM,0,,
-9.895605,-36.405594,100,OSM,0,,
-9.895602,-36.818798,40,OSM:classe,1,40,
-9.895586,-36.818629,60,OSM:classe,1,50,
-9.895556,-36.676219,80,OSM,0,,
-9.895522,-36.411787,100,OSM,0,,
-9.895514,-36.818647,60,OSM:classe,1,50,
-9.895500,-36.467038,60,OSM:classe,1,50,
-9.895374,-36.545524,80,OSM,0,,
-9.895345,-36.411092,100,OSM,0,,
-9.895341,-36.818695,60,OSM:classe,1,50,
-9.895256,-36.412162,100,OSM,0,,
-9.895248,-36.979958,60,OSM:classe,1,40,
-9.895163,-36.902589,60,OSM:classe,1,40,
-9.895081,-36.302230,80,OSM,0,,
-9.895047,-36.533279,60,OSM:classe,1,40,
-9.895005,-36.726069,60,OSM:classe,1,40,
-9.894989,-36.302356,80,OSM,0,,
-9.894932,-36.405028,100,OSM,0,,
-9.894761,-36.843891,60,OSM:classe,1,40,
-9.894754,-36.405178,100,OSM,0,,
-9.894731,-36.528839,60,OSM:classe,1,40,
-9.894685,-36.618053,60,OSM:classe,1,40,
-9.894684,-36.138973,100,OSM,0,,
-9.894638,-36.139699,100,OSM,0,,
-9.894617,-36.700622,60,OSM:classe,1,50,
-9.894593,-36.144957,40,OSM:classe,1,40,
-9.894525,-36.839464,60,OSM:classe,1,40,
-9.894520,-36.138968,100,OSM,0,,
-9.894488,-36.835678,60,OSM:classe,1,40,
-9.894440,-36.818946,60,OSM:classe,1,50,
-9.894423,-36.028593,60,OSM:classe,1,40,
-9.894360,-36.958633,60,OSM:classe,1,40,
-9.894348,-36.138043,100,OSM,0,,
-9.894337,-36.145116,100,OSM,0,,
-9.894331,-36.146456,100,OSM,0,,
-9.894300,-36.144907,100,OSM,0,,
-9.894280,-36.546065,80,OSM,0,,
-9.894277,-36.958475,60,OSM:classe,1,60,
-9.894257,-36.145904,100,OSM,0,,
-9.894232,-36.524171,60,OSM:classe,1,40,
-9.894225,-36.138148,100,OSM,0,,
-9.894201,-36.545983,80,OSM,0,,
-9.894184,-36.145131,100,OSM,0,,
-9.894152,-36.144937,100,OSM,0,,
-9.894151,-36.141105,60,OSM:classe,1,40,
-9.894044,-36.524023,60,OSM:classe,1,40,
-9.894026,-36.141457,100,OSM,0,,
-9.894024,-36.143248,40,OSM:classe,1,40,
-9.894015,-36.147554,40,OSM:classe,1,40,
-9.893977,-36.147025,100,OSM,0,,
-9.893937,-36.542704,60,OSM:classe,1,40,
-9.893907,-36.903513,60,OSM:classe,1,40,
-9.893884,-36.142919,100,OSM,0,,
-9.893859,-36.462904,60,OSM:classe,1,40,
-9.893835,-36.143424,100,OSM,0,,
-9.893818,-36.940801,60,OSM:classe,1,60,
-9.893815,-36.028803,60,OSM:classe,1,40,
-9.893763,-36.141785,100,OSM,0,,
-9.893749,-36.374597,60,OSM:classe,1,40,
-9.893723,-36.148058,100,OSM,0,,
-9.893708,-36.142768,100,OSM,0,,
-9.893690,-36.374704,60,OSM:classe,1,40,
-9.893603,-36.704930,60,OSM:classe,1,50,
-9.893579,-36.146799,60,OSM:classe,1,40,
-9.893560,-36.375671,60,OSM:classe,1,40,
-9.893519,-36.375483,100,OSM,0,,
-9.893485,-36.137209,100,OSM,0,,
-9.893402,-36.137312,100,OSM,0,,
-9.893391,-36.148851,40,OSM:classe,1,40,
-9.893354,-36.757556,60,OSM:classe,1,40,
-9.893347,-35.938295,80,OSM,0,,
-9.893337,-36.649566,60,OSM:classe,1,40,
-9.893330,-36.967550,60,OSM:classe,1,40,
-9.893321,-36.963016,60,OSM:classe,1,40,
-9.893308,-36.482141,60,OSM:classe,1,40,
-9.893280,-36.477766,60,OSM:classe,1,40,
-9.893272,-36.482116,60,OSM:classe,1,40,
-9.893262,-36.466536,60,OSM:classe,1,50,
-9.893251,-36.148793,100,OSM,0,,
-9.893239,-36.945316,60,OSM:classe,1,60,
-9.893101,-36.482366,60,OSM:classe,1,40,
-9.893067,-36.526932,60,OSM:classe,1,40,
-9.893059,-36.909734,60,OSM:classe,1,60,
-9.893013,-36.976188,60,OSM:classe,1,40,
-9.892932,-36.819571,60,OSM:classe,1,40,
-9.892920,-36.617456,60,OSM:classe,1,40,
-9.892902,-36.909531,100,OSM:classe,1,80,
-9.892788,-36.374024,60,OSM:classe,1,40,
-9.892667,-36.473260,60,OSM:classe,1,40,
-9.892657,-36.029199,60,OSM:classe,1,40,
-9.892626,-36.464052,60,OSM:classe,1,40,
-9.892604,-36.954264,60,OSM:classe,1,60,
-9.892485,-36.709332,60,OSM:classe,1,50,
-9.892310,-36.949758,60,OSM:classe,1,60,
-9.892254,-36.971925,60,OSM:classe,1,40,
-9.892193,-36.821857,60,OSM:classe,1,40,
-9.892116,-36.466192,60,OSM:classe,1,40,
-9.892089,-36.674268,80,OSM,0,,
-9.892083,-36.710076,60,OSM:classe,1,50,
-9.892018,-36.680773,60,OSM:classe,1,40,
-9.891990,-36.466244,60,OSM:classe,1,40,
-9.891896,-36.192311,100,OSM,0,,
-9.891748,-36.192327,100,OSM,0,,
-9.891714,-36.467672,60,OSM:classe,1,40,
-9.891703,-36.375179,60,OSM:classe,1,40,
-9.891643,-36.404708,100,OSM,0,,
-9.891635,-36.468861,60,OSM:classe,1,40,
-9.891554,-36.404830,100,OSM,0,,
-9.891491,-36.481968,60,OSM:classe,1,40,
-9.891364,-36.379654,60,OSM:classe,1,40,
-9.891289,-36.379875,60,OSM:classe,1,40,
-9.891275,-36.379404,100,OSM,0,,
-9.891275,-36.307312,80,OSM,0,,
-9.891269,-36.135388,100,OSM,0,,
-9.891256,-36.379581,60,OSM:classe,1,40,
-9.891246,-36.466017,60,OSM:classe,1,50,
-9.891246,-36.188979,100,OSM,0,,
-9.891210,-36.188730,100,OSM,0,,
-9.891198,-36.307414,80,OSM:classe,1,60,
-9.891163,-36.135490,100,OSM,0,,
-9.891154,-36.379337,100,OSM,0,,
-9.891126,-36.379678,100,OSM,0,,
-9.891086,-36.188999,100,OSM,0,,
-9.891049,-36.188756,100,OSM,0,,
-9.891005,-36.379466,60,OSM:classe,1,40,
-9.890995,-36.379626,100,OSM,0,,
-9.890983,-36.833026,60,OSM:classe,1,40,
-9.890980,-36.724646,60,OSM:classe,1,40,
-9.890964,-36.714335,60,OSM:classe,1,50,
-9.890938,-36.150484,60,OSM:classe,1,40,
-9.890918,-36.379424,60,OSM:classe,1,40,
-9.890828,-36.189028,40,OSM:classe,1,40,
-9.890792,-36.826194,60,OSM:classe,1,40,
-9.890689,-36.186607,100,OSM,0,,
-9.890553,-36.404358,100,OSM,0,,
-9.890520,-36.155459,100,OSM,0,,
-9.890488,-36.521229,60,OSM:classe,1,40,
-9.890451,-36.906425,60,OSM:classe,1,40,
-9.890436,-36.376969,60,OSM:classe,1,40,
-9.890384,-36.377077,60,OSM:classe,1,40,
-9.890368,-36.404440,100,OSM,0,,
-9.890355,-36.754312,60,OSM:classe,1,40,
-9.890306,-36.155630,100,OSM,0,,
-9.890237,-36.158342,100,OSM,0,,
-9.890216,-36.163935,100,OSM,0,,
-9.890212,-36.134823,100,OSM,0,,
-9.890196,-36.715322,60,OSM:classe,1,40,
-9.890189,-36.134975,100,OSM,0,,
-9.890147,-36.829749,60,OSM:classe,1,40,
-9.890119,-36.905946,100,OSM:classe,1,80,
-9.890104,-36.820153,60,OSM:classe,1,50,
-9.890030,-36.152037,60,OSM:classe,1,40,
-9.889982,-36.161331,100,OSM,0,,
-9.889957,-36.170346,100,OSM,0,,
-9.889878,-36.163921,100,OSM,0,,
-9.889809,-36.382235,60,OSM:classe,1,40,
-9.889797,-36.165984,100,OSM,0,,
-9.889758,-36.541215,60,OSM:classe,1,40,
-9.889757,-36.166886,100,OSM,0,,
-9.889756,-36.309335,80,OSM:classe,1,60,
-9.889744,-36.167171,60,OSM:classe,1,40,
-9.889659,-36.378617,60,OSM:classe,1,40,
-9.889612,-36.170322,100,OSM,0,,
-9.889547,-36.167230,40,OSM:classe,1,40,
-9.889535,-36.382589,60,OSM:classe,1,40,
-9.889531,-36.167036,60,OSM:classe,1,40,
-9.889523,-36.378870,60,OSM:classe,1,40,
-9.889504,-36.832269,60,OSM:classe,1,40,
-9.889502,-36.403536,100,OSM,0,,
-9.889475,-36.178051,100,OSM,0,,
-9.889419,-36.030353,60,OSM:classe,1,40,
-9.889418,-36.403678,100,OSM,0,,
-9.889352,-36.178223,100,OSM,0,,
-9.889351,-36.371291,60,OSM:classe,1,40,
-9.889111,-36.485841,60,OSM:classe,1,40,
-9.889073,-36.166935,60,OSM:classe,1,40,
-9.889032,-36.648408,60,OSM:classe,1,40,
-9.888935,-36.135157,100,OSM,0,,
-9.888915,-36.820491,60,OSM:classe,1,50,
-9.888888,-36.135007,100,OSM,0,,
-9.888858,-36.402396,100,OSM,0,,
-9.888751,-36.617482,60,OSM:classe,1,40,
-9.888738,-36.897247,100,OSM:classe,1,80,
-9.888708,-36.402421,100,OSM,0,,
-9.888698,-36.718259,60,OSM:classe,1,50,
-9.888697,-36.550208,80,OSM,0,,
-9.888684,-36.820790,40,OSM:classe,1,40,
-9.888664,-36.820556,60,OSM:classe,1,50,
-9.888662,-36.465398,60,OSM:classe,1,50,
-9.888628,-36.820927,60,OSM:classe,1,40,
-9.888626,-36.550125,80,OSM,0,,
-9.888604,-36.820797,60,OSM:classe,1,40,
-9.888599,-36.820994,60,OSM:classe,1,40,
-9.888583,-36.820577,60,OSM:classe,1,50,
-9.888538,-36.901768,100,OSM:classe,1,80,
-9.888367,-36.820654,60,OSM:classe,1,50,
-9.888348,-36.135610,100,OSM,0,,
-9.888341,-36.381310,60,OSM:classe,1,40,
-9.888184,-36.398079,100,OSM,0,,
-9.888107,-36.135678,100,OSM,0,,
-9.888075,-36.398358,60,OSM:classe,1,40,
-9.888052,-36.835911,60,OSM:classe,1,40,
-9.888050,-36.680382,60,OSM:classe,1,40,
-9.888020,-36.397969,100,OSM,0,,
-9.888000,-36.892952,100,OSM:classe,1,80,
-9.887918,-36.465234,60,OSM:classe,1,50,
-9.887901,-36.484615,60,OSM:classe,1,40,
-9.887612,-36.386036,100,OSM,0,,
-9.887559,-36.513705,60,OSM:classe,1,40,
-9.887508,-36.392943,100,OSM,0,,
-9.887478,-36.394320,100,OSM,0,,
-9.887414,-36.392218,100,OSM,0,,
-9.887371,-36.391883,100,OSM,0,,
-9.887260,-36.680454,60,OSM:classe,1,40,
-9.887142,-36.387269,100,OSM,0,,
-9.887118,-36.386809,100,OSM,0,,
-9.887097,-36.392289,100,OSM,0,,
-9.887090,-36.137814,100,OSM,0,,
-9.887060,-36.712064,60,OSM:classe,1,40,
-9.887043,-36.391916,100,OSM,0,,
-9.887030,-36.312965,80,OSM,0,,
-9.887028,-36.389288,100,OSM,0,,
-9.886965,-36.723337,60,OSM:classe,1,40,
-9.886953,-36.517970,60,OSM:classe,1,40,
-9.886889,-36.390712,100,OSM,0,,
-9.886860,-36.137817,100,OSM,0,,
-9.886844,-36.367502,60,OSM:classe,1,40,
-9.886813,-36.154968,60,OSM:classe,1,40,
-9.886809,-35.932939,80,OSM,0,,
-9.886781,-36.831018,60,OSM:classe,1,40,
-9.886749,-36.388485,100,OSM,0,,
-9.886732,-36.489715,60,OSM:classe,1,40,
-9.886677,-36.830943,60,OSM:classe,1,40,
-9.886648,-36.831019,60,OSM:classe,1,40,
-9.886593,-36.138222,100,OSM,0,,
-9.886566,-36.751968,60,OSM:classe,1,40,
-9.886522,-36.824973,60,OSM:classe,1,40,
-9.886482,-36.519287,60,OSM:classe,1,40,
-9.886358,-36.385407,60,OSM:classe,1,40,
-9.886330,-36.155710,60,OSM:classe,1,40,
-9.886073,-36.673058,80,OSM,0,,
-9.885904,-36.888987,100,OSM:classe,1,80,
-9.885884,-36.138324,100,OSM,0,,
-9.885835,-36.830494,60,OSM:classe,1,40,
-9.885798,-36.830543,60,OSM:classe,1,40,
-9.885768,-36.830473,60,OSM:classe,1,40,
-9.885652,-36.138512,100,OSM,0,,
-9.885604,-36.721520,60,OSM:classe,1,50,
-9.885460,-36.809969,60,OSM:classe,1,40,
-9.885443,-36.387288,60,OSM:classe,1,40,
-9.885275,-36.541168,60,OSM:classe,1,40,
-9.885178,-36.805413,60,OSM:classe,1,40,
-9.885161,-36.031819,60,OSM:classe,1,40,
-9.885151,-36.814497,60,OSM:classe,1,40,
-9.885113,-36.646277,60,OSM:classe,1,40,
-9.884999,-36.830047,60,OSM:classe,1,40,
-9.884994,-36.838545,60,OSM:classe,1,40,
-9.884994,-36.165056,60,OSM:classe,1,40,
-9.884930,-36.830280,60,OSM:classe,1,40,
-9.884924,-36.500811,60,OSM:classe,1,40,
-9.884891,-36.388432,60,OSM:classe,1,40,
-9.884752,-36.502504,60,OSM:classe,1,40,
-9.884745,-36.138254,100,OSM,0,,
-9.884718,-36.138385,100,OSM,0,,
-9.884614,-36.616659,60,OSM:classe,1,40,
-9.884601,-36.364113,60,OSM:classe,1,40,
-9.884520,-36.159851,60,OSM:classe,1,40,
-9.884475,-36.507059,60,OSM:classe,1,40,
-9.884381,-36.364265,60,OSM:classe,1,40,
-9.884366,-36.820203,60,OSM:classe,1,50,
-9.884258,-36.515648,60,OSM:classe,1,40,
-9.884224,-36.520205,60,OSM:classe,1,40,
-9.884216,-36.820073,60,OSM:classe,1,50,
-9.884207,-36.884969,100,OSM:classe,1,80,
-9.884164,-36.820252,60,OSM:classe,1,60,
-9.884113,-36.511086,60,OSM:classe,1,40,
-9.884083,-36.820393,40,OSM,0,,
-9.884073,-36.818929,60,OSM:classe,1,40,
-9.884071,-36.820185,60,OSM:classe,1,60,
-9.884066,-36.486935,60,OSM:classe,1,40,
-9.884002,-36.785960,60,OSM:classe,1,40,
-9.883995,-36.819913,60,OSM:classe,1,60,
-9.883960,-36.829670,60,OSM:classe,1,40,
-9.883896,-36.830064,60,OSM:classe,1,40,
-9.883849,-36.493172,60,OSM:classe,1,40,
-9.883837,-36.464303,60,OSM:classe,1,50,
-9.883780,-36.801086,60,OSM:classe,1,40,
-9.883766,-36.829891,60,OSM:classe,1,40,
-9.883701,-36.397300,60,OSM:classe,1,40,
-9.883658,-36.819653,60,OSM:classe,1,60,
-9.883614,-36.781509,60,OSM:classe,1,40,
-9.883589,-36.799425,60,OSM:classe,1,40,
-9.883576,-36.828412,60,OSM:classe,1,40,
-9.883531,-36.722489,60,OSM:classe,1,40,
-9.883479,-36.709303,60,OSM:classe,1,40,
-9.883338,-36.524613,60,OSM:classe,1,40,
-9.883230,-36.536543,60,OSM:classe,1,40,
-9.883165,-36.531996,60,OSM:classe,1,40,
-9.883156,-36.497347,60,OSM:classe,1,40,
-9.883115,-36.554351,80,OSM,0,,
-9.883094,-36.527437,60,OSM:classe,1,40,
-9.883088,-36.828322,40,OSM,0,,
-9.883052,-36.554268,80,OSM,0,,
-9.883020,-36.681709,60,OSM:classe,1,40,
-9.883019,-36.794900,60,OSM:classe,1,40,
-9.883001,-36.790347,60,OSM:classe,1,40,
-9.882923,-36.829512,40,OSM,0,,
-9.882915,-36.392532,60,OSM:classe,1,40,
-9.882902,-36.829722,60,OSM:classe,1,40,
-9.882815,-36.830540,40,OSM,0,,
-9.882664,-36.722527,60,OSM:classe,1,40,
-9.882618,-36.163462,60,OSM:classe,1,40,
-9.882616,-36.318841,80,OSM,0,,
-9.882591,-36.137233,100,OSM,0,,
-9.882416,-36.162941,60,OSM:classe,1,40,
-9.882412,-36.752727,60,OSM:classe,1,40,
-9.882394,-36.539027,60,OSM:classe,1,40,
-9.882391,-36.818637,60,OSM:classe,1,60,
-9.882363,-36.487717,60,OSM:classe,1,40,
-9.882359,-36.726975,60,OSM:classe,1,40,
-9.882135,-36.831683,40,OSM,0,,
-9.882133,-36.136915,100,OSM,0,,
-9.882038,-36.541647,60,OSM:classe,1,40,
-9.881881,-36.541368,60,OSM:classe,1,40,
-9.881744,-36.541734,60,OSM:classe,1,40,
-9.881638,-36.541608,60,OSM:classe,1,40,
-9.881445,-36.671310,80,OSM,0,,
-9.881370,-36.722390,60,OSM:classe,1,50,
-9.881289,-36.542548,60,OSM:classe,1,40,
-9.881215,-36.777657,60,OSM:classe,1,40,
-9.881198,-36.834708,40,OSM,0,,
-9.881045,-36.136782,100,OSM,0,,
-9.880997,-36.366877,60,OSM:classe,1,40,
-9.880938,-36.396632,60,OSM:classe,1,40,
-9.880921,-36.585088,60,OSM:classe,1,40,
-9.880902,-36.033284,60,OSM:classe,1,40,
-9.880847,-36.645177,60,OSM:classe,1,40,
-9.880534,-36.839125,60,OSM:classe,1,40,
-9.880401,-36.136600,100,OSM,0,,
-9.880379,-36.773256,60,OSM:classe,1,40,
-9.880344,-36.615833,60,OSM:classe,1,40,
-9.880300,-36.502974,60,OSM:classe,1,40,
-9.880183,-36.671304,80,OSM,0,,
-9.879963,-36.883685,100,OSM:classe,1,80,
-9.879898,-36.706543,60,OSM:classe,1,40,
-9.879854,-36.614767,60,OSM:classe,1,40,
-9.879718,-36.546791,60,OSM:classe,1,40,
-9.879690,-36.837954,40,OSM,0,,
-9.879550,-36.730469,60,OSM:classe,1,40,
-9.879505,-36.580966,60,OSM:classe,1,40,
-9.879449,-36.463302,60,OSM:classe,1,50,
-9.879393,-36.396408,60,OSM:classe,1,40,
-9.879371,-36.838663,60,OSM:classe,1,40,
-9.879334,-36.838743,40,OSM:classe,1,40,
-9.879166,-36.502998,60,OSM:classe,1,40,
-9.879064,-36.750162,60,OSM:classe,1,40,
-9.879007,-36.136871,100,OSM,0,,
-9.878986,-36.136730,100,OSM,0,,
-9.878975,-36.589164,60,OSM:classe,1,40,
-9.878964,-36.400733,60,OSM:classe,1,40,
-9.878864,-36.815806,60,OSM:classe,1,60,
-9.878765,-35.926616,80,OSM,0,,
-9.878666,-36.682698,60,OSM:classe,1,40,
-9.878441,-36.576689,60,OSM:classe,1,40,
-9.878330,-36.551126,60,OSM:classe,1,40,
-9.878203,-36.324717,80,OSM,0,,
-9.878015,-36.769452,60,OSM:classe,1,40,
-9.877730,-36.670840,80,OSM,0,,
-9.877723,-36.842058,60,OSM:classe,1,60,
-9.877530,-36.880317,100,OSM:classe,1,80,
-9.877215,-36.542099,60,OSM:classe,1,40,
-9.877209,-36.734287,60,OSM:classe,1,40,
-9.877131,-36.325424,80,OSM,0,,
-9.876994,-36.722403,60,OSM:classe,1,50,
-9.876990,-36.590691,60,OSM:classe,1,40,
-9.876990,-36.404834,60,OSM:classe,1,40,
-9.876880,-36.611483,60,OSM:classe,1,40,
-9.876684,-36.368103,60,OSM:classe,1,40,
-9.876674,-36.137718,100,OSM,0,,
-9.876644,-36.034750,60,OSM:classe,1,40,
-9.876596,-36.875890,100,OSM:classe,1,80,
-9.876465,-36.644325,60,OSM:classe,1,40,
-9.876428,-36.572663,60,OSM:classe,1,40,
-9.876357,-36.572603,60,OSM:classe,1,40,
-9.876335,-36.555202,60,OSM:classe,1,40,
-9.876317,-36.703782,60,OSM:classe,1,40,
-9.876271,-36.610966,60,OSM:classe,1,40,
-9.876235,-36.871343,100,OSM:classe,1,80,
-9.875877,-36.738395,60,OSM:classe,1,40,
-9.875821,-36.765632,60,OSM:classe,1,40,
-9.875812,-36.462548,80,OSM:classe,1,60,
-9.875755,-36.846163,60,OSM:classe,1,60,
-9.875635,-36.559809,80,OSM,0,,
-9.875421,-36.505494,60,OSM:classe,1,40,
-9.875385,-36.137869,100,OSM,0,,
-9.875337,-36.812975,60,OSM:classe,1,60,
-9.875305,-36.326070,80,OSM,0,,
-9.875062,-36.538287,60,OSM:classe,1,40,
-9.875021,-36.761794,60,OSM:classe,1,40,
-9.875016,-36.408935,60,OSM:classe,1,40,
-9.874941,-36.395763,60,OSM:classe,1,40,
-9.874849,-36.867087,100,OSM:classe,1,80,
-9.874840,-36.569883,60,OSM:classe,1,40,
-9.874835,-36.559424,60,OSM:classe,1,40,
-9.874700,-36.138488,100,OSM,0,,
-9.874643,-36.644023,60,OSM:classe,1,40,
-9.874601,-36.750185,60,OSM:classe,1,40,
-9.874572,-36.138192,100,OSM,0,,
-9.874557,-36.684054,60,OSM:classe,1,40,
-9.874433,-36.138595,100,OSM,0,,
-9.874351,-36.560743,60,OSM:classe,1,40,
-9.874331,-36.138295,100,OSM,0,,
-9.874280,-36.035564,60,OSM:classe,1,40,
-9.874081,-36.560950,80,OSM,0,,
-9.874019,-36.565458,60,OSM:classe,1,40,
-9.873833,-36.742360,60,OSM:classe,1,40,
-9.873788,-36.850267,60,OSM:classe,1,60,
-9.873605,-36.326570,80,OSM,0,,
-9.873577,-36.138929,100,OSM,0,,
-9.873447,-36.744331,60,OSM:classe,1,40,
-9.873289,-36.862809,100,OSM:classe,1,80,
-9.873042,-36.413035,60,OSM:classe,1,40,
-9.873012,-36.592198,60,OSM:classe,1,40,
-9.872978,-36.599855,60,OSM:classe,1,40,
-9.872845,-36.595346,60,OSM:classe,1,40,
-9.872775,-36.758259,60,OSM:classe,1,40,
-9.872736,-36.701021,60,OSM:classe,1,40,
-9.872642,-36.723225,60,OSM:classe,1,50,
-9.872615,-36.671446,80,OSM,0,,
-9.872604,-36.594436,60,OSM:classe,1,40,
-9.872473,-36.854576,60,OSM:classe,1,60,
-9.872434,-36.534790,60,OSM:classe,1,40,
-9.872380,-36.139170,100,OSM,0,,
-9.872342,-36.608684,60,OSM:classe,1,40,
-9.872341,-36.609301,60,OSM:classe,1,40,
-9.871989,-36.604282,60,OSM:classe,1,40,
-9.871828,-36.806061,60,OSM:classe,1,40,
-9.871822,-36.858541,60,OSM:classe,1,60,
-9.871810,-36.810144,60,OSM:classe,1,60,
-9.871788,-36.858816,60,OSM:classe,1,40,
-9.871765,-36.613157,60,OSM:classe,1,40,
-9.871668,-36.805643,60,OSM:classe,1,40,
-9.871644,-36.640928,60,OSM:classe,1,40,
-9.871624,-36.507806,60,OSM:classe,1,40,
-9.871605,-36.591155,60,OSM:classe,1,40,
-9.871351,-35.920790,80,OSM,0,,
-9.871327,-36.462513,80,OSM:classe,1,60,
-9.871294,-35.920898,80,OSM,0,,
-9.871067,-36.417136,60,OSM:classe,1,40,
-9.870828,-36.563449,80,OSM,0,,
-9.870826,-36.803181,60,OSM:classe,1,40,
-9.870721,-35.920293,80,OSM,0,,
-9.870691,-36.809239,60,OSM:classe,1,40,
-9.870588,-36.508000,60,OSM:classe,1,40,
-9.870554,-36.682314,60,OSM:classe,1,40,
-9.870490,-36.395118,60,OSM:classe,1,40,
-9.870485,-36.748446,60,OSM:classe,1,40,
-9.870069,-36.636982,60,OSM:classe,1,40,
-9.870025,-36.037041,60,OSM:classe,1,40,
-9.869798,-36.800385,60,OSM:classe,1,40,
-9.869648,-36.617078,60,OSM:classe,1,40,
-9.869637,-36.744802,60,OSM:classe,1,40,
-9.869580,-36.594458,60,OSM:classe,1,40,
-9.869488,-36.755198,60,OSM:classe,1,40,
-9.869482,-36.862700,60,OSM:classe,1,40,
-9.869415,-36.564799,80,OSM,0,,
-9.869227,-36.564520,40,OSM:classe,1,40,
-9.869222,-35.918977,80,OSM,0,,
-9.869155,-36.698261,60,OSM:classe,1,40,
-9.869133,-36.608767,60,OSM:classe,1,40,
-9.869125,-36.798848,60,OSM:classe,1,40,
-9.869105,-36.565019,40,OSM:classe,1,40,
-9.868963,-36.670712,80,OSM,0,,
-9.868891,-36.533086,60,OSM:classe,1,40,
-9.868735,-36.421014,60,OSM:classe,1,40,
-9.868522,-36.140760,100,OSM,0,,
-9.868500,-36.140918,100,OSM,0,,
-9.868341,-36.140983,100,OSM,0,,
-9.868310,-36.724329,60,OSM:classe,1,50,
-9.868300,-36.797070,60,OSM:classe,1,40,
-9.868283,-36.807313,60,OSM:classe,1,60,
-9.868276,-36.140864,100,OSM,0,,
-9.868255,-36.746780,60,OSM:classe,1,40,
-9.868138,-35.916550,80,OSM,0,,
-9.868067,-36.633560,60,OSM:classe,1,40,
-9.867728,-36.751014,60,OSM:classe,1,40,
-9.867685,-35.916088,80,OSM,0,,
-9.867582,-35.928873,80,OSM,0,,
-9.867400,-35.964945,80,OSM,0,,
-9.867377,-36.507080,60,OSM:classe,1,40,
-9.867319,-35.968054,80,OSM,0,,
-9.867309,-35.962417,80,OSM,0,,
-9.867207,-36.866590,60,OSM:classe,1,40,
-9.867170,-36.460948,80,OSM:classe,1,60,
-9.867007,-36.566274,80,OSM,0,,
-9.866975,-36.596157,60,OSM:classe,1,40,
-9.866904,-36.745753,60,OSM:classe,1,40,
-9.866711,-36.670626,80,OSM,0,,
-9.866572,-36.620347,60,OSM:classe,1,40,
-9.866499,-36.683757,60,OSM:classe,1,40,
-9.866307,-36.329754,80,OSM,0,,
-9.866060,-36.394358,60,OSM:classe,1,40,
-9.866030,-36.424660,60,OSM:classe,1,40,
-9.865821,-36.793263,60,OSM:classe,1,40,
-9.865777,-35.978771,80,OSM,0,,
-9.865770,-36.038519,60,OSM:classe,1,40,
-9.865682,-36.567127,80,OSM,0,,
-9.865644,-35.974866,80,OSM,0,,
-9.865575,-36.695500,60,OSM:classe,1,40,
-9.865501,-36.531391,60,OSM:classe,1,40,
-9.865493,-35.980171,80,OSM,0,,
-9.865373,-35.976219,80,OSM,0,,
-9.865301,-36.606451,60,OSM:classe,1,40,
-9.865285,-36.743650,60,OSM:classe,1,40,
-9.865265,-36.620514,60,OSM:classe,1,40,
-9.865084,-35.980862,80,OSM,0,,
-9.865045,-36.038770,60,OSM:classe,1,40,
-9.864949,-36.625067,60,OSM:classe,1,40,
-9.864944,-35.914736,80,OSM,0,,
-9.864819,-36.669450,60,OSM:classe,1,40,
-9.864756,-36.804482,60,OSM:classe,1,60,
-9.864617,-36.670975,60,OSM:classe,1,40,
-9.864286,-36.870056,60,OSM:classe,1,40,
-9.864080,-36.631561,60,OSM:classe,1,40,
-9.864056,-36.743005,60,OSM:classe,1,40,
-9.864023,-36.509481,60,OSM:classe,1,40,
-9.864000,-36.459349,60,OSM:classe,1,40,
-9.863871,-35.936847,80,OSM,0,,
-9.863869,-36.528782,60,OSM:classe,1,40,
-9.863850,-36.724576,60,OSM:classe,1,50,
-9.863712,-35.981941,80,OSM,0,,
-9.863360,-36.744268,60,OSM:classe,1,40,
-9.863352,-36.789449,60,OSM:classe,1,40,
-9.863325,-36.428306,60,OSM:classe,1,40,
-9.863305,-35.914972,80,OSM,0,,
-9.863255,-36.671163,80,OSM,0,,
-9.863024,-36.428711,60,OSM:classe,1,40,
-9.862927,-36.462458,80,OSM:classe,1,60,
-9.862910,-36.744099,60,OSM:classe,1,40,
-9.862889,-35.939804,80,OSM,0,,
-9.862685,-36.596168,60,OSM:classe,1,40,
-9.862576,-36.429594,60,OSM:classe,1,40,
-9.862503,-36.683582,60,OSM:classe,1,40,
-9.862404,-36.619181,60,OSM:classe,1,40,
-9.862314,-35.915739,80,OSM,0,,
-9.862260,-36.628704,60,OSM:classe,1,40,
-9.862171,-35.947695,80,OSM,0,,
-9.861994,-36.692740,60,OSM:classe,1,40,
-9.861868,-36.666015,60,OSM:classe,1,40,
-9.861825,-35.956769,80,OSM,0,,
-9.861697,-36.393256,60,OSM:classe,1,40,
-9.861558,-36.604206,60,OSM:classe,1,40,
-9.861452,-35.955586,80,OSM,0,,
-9.861228,-36.801651,60,OSM:classe,1,60,
-9.861172,-36.670884,80,OSM,0,,
-9.861157,-36.630591,60,OSM:classe,1,40,
-9.861108,-36.429617,60,OSM:classe,1,40,
-9.861055,-35.918455,80,OSM,0,,
-9.860850,-36.785700,60,OSM:classe,1,40,
-9.860781,-36.040218,60,OSM:classe,1,40,
-9.860624,-36.684899,60,OSM:classe,1,40,
-9.860554,-36.868685,60,OSM:classe,1,40,
-9.860491,-36.433638,60,OSM:classe,1,40,
-9.860047,-35.919045,80,OSM,0,,
-9.860000,-36.632640,60,OSM:classe,1,40,
-9.859973,-36.457318,60,OSM:classe,1,40,
-9.859941,-36.686247,60,OSM:classe,1,40,
-9.859683,-36.530400,60,OSM:classe,1,40,
-9.859644,-36.508441,60,OSM:classe,1,40,
-9.859577,-36.723338,60,OSM:classe,1,50,
-9.859414,-36.685398,60,OSM:classe,1,40,
-9.859368,-36.144513,100,OSM,0,,
-9.859090,-36.662478,60,OSM:classe,1,40,
-9.859008,-36.332938,80,OSM,0,,
-9.858996,-35.919113,80,OSM,0,,
-9.858928,-36.689524,60,OSM:classe,1,40,
-9.858903,-36.597625,60,OSM:classe,1,40,
-9.858826,-36.144519,100,OSM,0,,
-9.858768,-36.040901,60,OSM:classe,1,40,
-9.858683,-36.463967,80,OSM:classe,1,60,
-9.858682,-36.636984,60,OSM:classe,1,40,
-9.858559,-36.743320,60,OSM:classe,1,40,
-9.858505,-36.040003,80,OSM:classe,1,60,
-9.858493,-36.688170,60,OSM:classe,1,40,
-9.858405,-36.437682,60,OSM:classe,1,40,
-9.858319,-36.530062,60,OSM:classe,1,40,
-9.858295,-36.618956,60,OSM:classe,1,40,
-9.858160,-36.659682,60,OSM:classe,1,40,
-9.858001,-36.744829,60,OSM:classe,1,40,
-9.857986,-36.658208,60,OSM:classe,1,40,
-9.857975,-36.041168,80,OSM:classe,1,60,
-9.857779,-36.530834,60,OSM:classe,1,40,
-9.857745,-36.144848,100,OSM,0,,
-9.857736,-36.685167,60,OSM:classe,1,40,
-9.857701,-36.798820,60,OSM:classe,1,60,
-9.857680,-36.686027,60,OSM:classe,1,40,
-9.857541,-36.743770,60,OSM:classe,1,40,
-9.857417,-36.685146,60,OSM:classe,1,40,
-9.857385,-36.392047,60,OSM:classe,1,40,
-9.857353,-36.871886,60,OSM:classe,1,40,
-9.857283,-36.573304,80,OSM,0,,
-9.857232,-36.035626,80,OSM:classe,1,60,
-9.857197,-36.783293,60,OSM:classe,1,40,
-9.857127,-36.334441,80,OSM,0,,
-9.857108,-36.603618,60,OSM:classe,1,40,
-9.856919,-36.144798,100,OSM,0,,
-9.856899,-36.144627,100,OSM,0,,
-9.856835,-36.428914,60,OSM:classe,1,40,
-9.856823,-36.629374,60,OSM:classe,1,40,
-9.856626,-36.505618,60,OSM:classe,1,40,
-9.856574,-35.984232,80,OSM,0,,
-9.856441,-36.392106,60,OSM:classe,1,40,
-9.856320,-36.441725,60,OSM:classe,1,40,
-9.856237,-36.748418,60,OSM:classe,1,40,
-9.856219,-36.622369,60,OSM:classe,1,40,
-9.856110,-36.684677,60,OSM:classe,1,40,
-9.855958,-36.031249,80,OSM:classe,1,60,
-9.855947,-36.639992,60,OSM:classe,1,40,
-9.855922,-36.626918,60,OSM:classe,1,40,
-9.855916,-36.455352,60,OSM:classe,1,40,
-9.855701,-36.685301,60,OSM:classe,1,40,
-9.855556,-36.685489,60,OSM:classe,1,40,
-9.855423,-36.724428,60,OSM:classe,1,50,
-9.855312,-36.599911,60,OSM:classe,1,40,
-9.855227,-36.391890,60,OSM:classe,1,40,
-9.854974,-36.654977,60,OSM:classe,1,40,
-9.854970,-36.144073,100,OSM,0,,
-9.854892,-36.687489,60,OSM:classe,1,40,
-9.854869,-36.628301,60,OSM:classe,1,40,
-9.854841,-36.144177,100,OSM,0,,
-9.854713,-36.646665,60,OSM:classe,1,40,
-9.854707,-36.444854,60,OSM:classe,1,40,
-9.854706,-36.575021,80,OSM,0,,
-9.854684,-36.026872,80,OSM:classe,1,60,
-9.854610,-35.985215,80,OSM,0,,
-9.854602,-36.504743,60,OSM:classe,1,40,
-9.854587,-36.645177,60,OSM:classe,1,40,
-9.854573,-36.504620,60,OSM:classe,1,40,
-9.854440,-36.465477,80,OSM:classe,1,60,
-9.854251,-36.742327,60,OSM:classe,1,40,
-9.854174,-36.795989,60,OSM:classe,1,60,
-9.854169,-36.672917,80,OSM,0,,
-9.854098,-36.533231,60,OSM:classe,1,40,
-9.853958,-36.682376,60,OSM:classe,1,40,
-9.853908,-36.643180,60,OSM:classe,1,40,
-9.853878,-36.653919,60,OSM:classe,1,40,
-9.853794,-36.659030,60,OSM:classe,1,40,
-9.853751,-36.874611,60,OSM:classe,1,40,
-9.853750,-36.752215,60,OSM:classe,1,40,
-9.853734,-36.649492,60,OSM:classe,1,40,
-9.853728,-36.042668,80,OSM:classe,1,60,
-9.853411,-36.022495,80,OSM:classe,1,60,
-9.853292,-36.508737,60,OSM:classe,1,40,
-9.853222,-36.689145,60,OSM:classe,1,40,
-9.853044,-36.781614,60,OSM:classe,1,40,
-9.852972,-36.626325,60,OSM:classe,1,40,
-9.852750,-36.626093,60,OSM:classe,1,40,
-9.852681,-36.658318,60,OSM:classe,1,40,
-9.852676,-36.628059,60,OSM:classe,1,40,
-9.852629,-36.603540,60,OSM:classe,1,40,
-9.852617,-36.429107,60,OSM:classe,1,40,
-9.852611,-36.448892,60,OSM:classe,1,40,
-9.852505,-36.632620,60,OSM:classe,1,40,
-9.852449,-36.659530,60,OSM:classe,1,40,
-9.852407,-36.639008,60,OSM:classe,1,40,
-9.852293,-36.678187,60,OSM:classe,1,40,
-9.852137,-36.018118,80,OSM:classe,1,60,
-9.851907,-36.453330,60,OSM:classe,1,40,
-9.851902,-36.511216,60,OSM:classe,1,40,
-9.851829,-35.987419,80,OSM,0,,
-9.851771,-36.537033,60,OSM:classe,1,40,
-9.851733,-36.669127,60,OSM:classe,1,40,
-9.851712,-36.669243,60,OSM:classe,1,40,
-9.851661,-36.662740,60,OSM:classe,1,40,
-9.851605,-36.600446,60,OSM:classe,1,40,
-9.851560,-36.338915,80,OSM,0,,
-9.851538,-36.429523,60,OSM:classe,1,40,
-9.851463,-36.756138,60,OSM:classe,1,40,
-9.851427,-36.667775,60,OSM:classe,1,40,
-9.851380,-36.673721,60,OSM:classe,1,40,
-9.851379,-36.450630,60,OSM:classe,1,40,
-9.851377,-36.667120,60,OSM:classe,1,40,
-9.851325,-36.673737,60,OSM:classe,1,40,
-9.851202,-36.773290,60,OSM:classe,1,40,
-9.851145,-36.725442,60,OSM:classe,1,50,
-9.851110,-36.685024,60,OSM:classe,1,40,
-9.851055,-36.516233,60,OSM:classe,1,40,
-9.850998,-36.515406,60,OSM:classe,1,40,
-9.850887,-36.449044,60,OSM:classe,1,40,
-9.850863,-36.636718,60,OSM:classe,1,40,
-9.850863,-36.013741,80,OSM:classe,1,60,
-9.850861,-36.391281,60,OSM:classe,1,40,
-9.850810,-36.777821,60,OSM:classe,1,40,
-9.850726,-36.777802,60,OSM:classe,1,40,
-9.850662,-36.576822,80,OSM,0,,
-9.850647,-36.793158,60,OSM:classe,1,60,
-9.850586,-36.506430,60,OSM:classe,1,40,
-9.850520,-36.692401,60,OSM:classe,1,40,
-9.850277,-36.768884,60,OSM:classe,1,40,
-9.850237,-36.646233,60,OSM:classe,1,40,
-9.850226,-36.877414,60,OSM:classe,1,40,
-9.850197,-36.466987,80,OSM:classe,1,60,
-9.850048,-36.765242,60,OSM:classe,1,40,
-9.849931,-36.601035,60,OSM:classe,1,40,
-9.849839,-36.444614,60,OSM:classe,1,40,
-9.849799,-36.742167,60,OSM:classe,1,40,
-9.849665,-36.577272,80,OSM,0,,
-9.849614,-36.009449,80,OSM:classe,1,60,
-9.849605,-36.443738,60,OSM:classe,1,40,
-9.849504,-36.540718,60,OSM:classe,1,40,
-9.849481,-36.044168,80,OSM:classe,1,60,
-9.849478,-36.636254,60,OSM:classe,1,40,
-9.849235,-36.623246,60,OSM:classe,1,40,
-9.848928,-35.917257,80,OSM,0,,
-9.848796,-36.759706,60,OSM:classe,1,40,
-9.848513,-36.696386,60,OSM:classe,1,40,
-9.848345,-36.005070,80,OSM:classe,1,60,
-9.848288,-37.097857,60,OSM:classe,1,40,
-9.848128,-36.622534,60,OSM:classe,1,40,
-9.848117,-36.660753,60,OSM:classe,1,40,
-9.848101,-36.439446,60,OSM:classe,1,40,
-9.848017,-36.342701,80,OSM,0,,
-9.847936,-36.728639,60,OSM:classe,1,50,
-9.847829,-36.578101,60,OSM,0,,
-9.847828,-36.764120,60,OSM:classe,1,40,
-9.847694,-36.519045,60,OSM:classe,1,40,
-9.847692,-35.917529,80,OSM,0,,
-9.847684,-36.577751,80,OSM,0,,
-9.847532,-36.682260,60,OSM:classe,1,40,
-9.847326,-36.601638,60,OSM:classe,1,40,
-9.847301,-36.430716,60,OSM:classe,1,40,
-9.847235,-36.601612,60,OSM:classe,1,40,
-9.847166,-36.674950,80,OSM,0,,
-9.847132,-37.094549,60,OSM:classe,1,40,
-9.847120,-36.790328,60,OSM:classe,1,60,
-9.847076,-36.000692,80,OSM:classe,1,60,
-9.847028,-37.097055,60,OSM:classe,1,40,
-9.847007,-37.101716,60,OSM:classe,1,40,
-9.846984,-37.096341,60,OSM:classe,1,40,
-9.846900,-36.880453,60,OSM:classe,1,40,
-9.846900,-36.389251,60,OSM:classe,1,40,
-9.846830,-36.601536,60,OSM:classe,1,40,
-9.846756,-36.703239,60,OSM:classe,1,40,
-9.846731,-36.544073,60,OSM:classe,1,40,
-9.846673,-36.700497,60,OSM:classe,1,40,
-9.846599,-36.779033,60,OSM:classe,1,40,
-9.846493,-36.624466,60,OSM:classe,1,40,
-9.846383,-36.435229,60,OSM:classe,1,40,
-9.846321,-37.090120,60,OSM:classe,1,40,
-9.846226,-36.644915,60,OSM:classe,1,40,
-9.846170,-36.506637,60,OSM:classe,1,40,
-9.845953,-36.468497,80,OSM:classe,1,60,
-9.845875,-36.740028,60,OSM:classe,1,40,
-9.845807,-35.996314,80,OSM:classe,1,60,
-9.845774,-37.085883,60,OSM:classe,1,40,
-9.845729,-36.506558,60,OSM:classe,1,40,
-9.845722,-35.992677,40,OSM,0,,
-9.845561,-35.992785,40,OSM,0,,
-9.845542,-36.579180,80,OSM,0,,
-9.845411,-35.992276,80,OSM:classe,1,60,
-9.845383,-35.992698,40,OSM,0,,
-9.845367,-37.105854,60,OSM:classe,1,40,
-9.845327,-35.993083,40,OSM,0,,
-9.845288,-35.993487,40,OSM,0,,
-9.845279,-36.430819,60,OSM:classe,1,40,
-9.845264,-36.344587,80,OSM,0,,
-9.845261,-36.430726,60,OSM:classe,1,40,
-9.845253,-36.675218,80,OSM,0,,
-9.845234,-36.045668,80,OSM:classe,1,60,
-9.845208,-35.919207,80,OSM,0,,
-9.845189,-36.579343,60,OSM:classe,1,40,
-9.845055,-36.138360,100,OSM,0,,
-9.845011,-36.636777,60,OSM:classe,1,40,
-9.844975,-36.522017,60,OSM:classe,1,40,
-9.844936,-36.705679,60,OSM:classe,1,40,
-9.844728,-36.731837,60,OSM:classe,1,50,
-9.844609,-36.662040,60,OSM:classe,1,40,
-9.844602,-36.675496,60,OSM:classe,1,40,
-9.844545,-36.137834,100,OSM,0,,
-9.844160,-36.900485,60,OSM:classe,1,40,
-9.844088,-36.883932,60,OSM:classe,1,40,
-9.844086,-36.893035,60,OSM:classe,1,40,
-9.844069,-36.431787,60,OSM:classe,1,40,
-9.843961,-36.897583,60,OSM:classe,1,40,
-9.843954,-36.679497,60,OSM:classe,1,40,
-9.843922,-36.888474,60,OSM:classe,1,40,
-9.843888,-36.547576,60,OSM:classe,1,40,
-9.843833,-36.762356,60,OSM:classe,1,40,
-9.843747,-36.569857,60,OSM:classe,1,40,
-9.843620,-36.709976,60,OSM:classe,1,40,
-9.843615,-36.569987,60,OSM:classe,1,40,
-9.843593,-36.787497,60,OSM:classe,1,60,
-9.843582,-35.988227,80,OSM:classe,1,60,
-9.843569,-35.903821,60,OSM:classe,1,40,
-9.843564,-36.388010,60,OSM:classe,1,40,
-9.843559,-36.645437,60,OSM:classe,1,40,
-9.843551,-36.137209,100,OSM,0,,
-9.843443,-36.575137,60,OSM:classe,1,40,
-9.843443,-36.570154,60,OSM:classe,1,40,
-9.843442,-35.902491,60,OSM:classe,1,40,
-9.843404,-36.522782,60,OSM:classe,1,40,
-9.843400,-36.387787,60,OSM:classe,1,40,
-9.843374,-36.137493,100,OSM,0,,
-9.843332,-36.782064,60,OSM:classe,1,40,
-9.843310,-36.572660,60,OSM:classe,1,40,
-9.843258,-36.530817,60,OSM:classe,1,40,
-9.843169,-36.565752,60,OSM:classe,1,40,
-9.843119,-36.534396,60,OSM:classe,1,40,
-9.843099,-36.136948,100,OSM,0,,
-9.843021,-36.559064,60,OSM:classe,1,40,
-9.842960,-36.137261,100,OSM,0,,
-9.842786,-36.527197,60,OSM:classe,1,40,
-9.842741,-35.920992,100,OSM:classe,1,80,
-9.842662,-35.903442,60,OSM:classe,1,40,
-9.842653,-35.899451,60,OSM:classe,1,40,
-9.842567,-36.625826,60,OSM:classe,1,40,
-9.842531,-36.563561,60,OSM:classe,1,40,
-9.842407,-36.643515,60,OSM:classe,1,40,
-9.842407,-35.899486,60,OSM:classe,1,40,
-9.842364,-36.601543,60,OSM:classe,1,40,
-9.842343,-37.083151,60,OSM:classe,1,40,
-9.842264,-36.136828,100,OSM,0,,
-9.842134,-36.580739,60,OSM,0,,
-9.842104,-37.104121,60,OSM:classe,1,40,
-9.842086,-36.646299,60,OSM:classe,1,40,
-9.841841,-36.385517,60,OSM:classe,1,40,
-9.841818,-36.738082,60,OSM:classe,1,40,
-9.841710,-36.470007,80,OSM:classe,1,60,
-9.841707,-35.897041,60,OSM:classe,1,40,
-9.841638,-36.136081,100,OSM,0,,
-9.841601,-36.677679,60,OSM:classe,1,40,
-9.841579,-36.625689,60,OSM:classe,1,40,
-9.841549,-36.551447,60,OSM:classe,1,40,
-9.841356,-36.678457,60,OSM:classe,1,40,
-9.841356,-36.047822,80,OSM:classe,1,60,
-9.841315,-36.555901,60,OSM:classe,1,40,
-9.841300,-36.507106,60,OSM:classe,1,40,
-9.841188,-36.525330,60,OSM:classe,1,40,
-9.841113,-35.986348,60,OSM:classe,1,50,
-9.841006,-36.556500,60,OSM:classe,1,40,
-9.840945,-36.434962,60,OSM:classe,1,40,
-9.840942,-36.713627,60,OSM:classe,1,40,
-9.840933,-35.896064,60,OSM:classe,1,40,
-9.840846,-36.733467,60,OSM:classe,1,50,
-9.840764,-36.525618,60,OSM:classe,1,40,
-9.840742,-36.135538,100,OSM,0,,
-9.840716,-36.637626,60,OSM:classe,1,40,
-9.840695,-36.562418,60,OSM:classe,1,40,
-9.840666,-36.135651,100,OSM,0,,
-9.840600,-36.785107,60,OSM:classe,1,40,
-9.840584,-36.384128,60,OSM:classe,1,40,
-9.840503,-36.759352,60,OSM:classe,1,40,
-9.840496,-36.785022,60,OSM:classe,1,40,
-9.840491,-36.135381,100,OSM,0,,
-9.840439,-36.135510,100,OSM,0,,
-9.840430,-36.537989,60,OSM:classe,1,40,
-9.840282,-36.663261,60,OSM:classe,1,40,
-9.840197,-35.895322,60,OSM:classe,1,40,
-9.840178,-35.895302,40,OSM:classe,1,40,
-9.840159,-35.895375,60,OSM:classe,1,40,
-9.840066,-36.784666,60,OSM:classe,1,60,
-9.839980,-36.581733,80,OSM,0,,
-9.839930,-35.895170,60,OSM:classe,1,40,
-9.839856,-35.893379,60,OSM:classe,1,50,
-9.839824,-35.895490,40,OSM:classe,1,40,
-9.839817,-36.639791,60,OSM:classe,1,40,
-9.839784,-35.892766,60,OSM:classe,1,50,
-9.839751,-36.736823,60,OSM:classe,1,40,
-9.839743,-36.349063,80,OSM,0,,
-9.839726,-35.892506,60,OSM:classe,1,50,
-9.839587,-35.924181,100,OSM:classe,1,80,
-9.839584,-37.076189,60,OSM:classe,1,40,
-9.839548,-36.557283,60,OSM:classe,1,40,
-9.839495,-36.649437,60,OSM:classe,1,40,
-9.839481,-36.582000,80,OSM,0,,
-9.839478,-36.384993,60,OSM:classe,1,40,
-9.839467,-37.076083,60,OSM:classe,1,40,
-9.839183,-35.896554,60,OSM:classe,1,40,
-9.839088,-36.562005,60,OSM:classe,1,40,
-9.838978,-37.103695,60,OSM:classe,1,40,
-9.838956,-37.080708,60,OSM:classe,1,40,
-9.838750,-36.789266,60,OSM:classe,1,40,
-9.838624,-36.680514,60,OSM:classe,1,40,
-9.838596,-36.652126,60,OSM:classe,1,40,
-9.838584,-36.648966,60,OSM:classe,1,40,
-9.838472,-36.681331,60,OSM:classe,1,40,
-9.838422,-36.736658,60,OSM:classe,1,40,
-9.838238,-35.897257,60,OSM:classe,1,50,
-9.838166,-36.583002,80,OSM,0,,
-9.838157,-36.582492,40,OSM:classe,1,40,
-9.838109,-36.681621,60,OSM:classe,1,40,
-9.838093,-36.389194,60,OSM:classe,1,40,
-9.838061,-36.679499,60,OSM:classe,1,40,
-9.838030,-36.600576,60,OSM:classe,1,40,
-9.837981,-36.541759,60,OSM:classe,1,40,
-9.837929,-36.050776,80,OSM:classe,1,60,
-9.837876,-36.133771,100,OSM,0,,
-9.837855,-36.716773,60,OSM:classe,1,40,
-9.837716,-36.582842,80,OSM,0,,
-9.837503,-36.736033,60,OSM:classe,1,50,
-9.837501,-36.675805,60,OSM:classe,1,40,
-9.837466,-36.471516,80,OSM:classe,1,60,
-9.837441,-35.888842,60,OSM:classe,1,50,
-9.837435,-35.983724,60,OSM:classe,1,50,
-9.837430,-36.437277,60,OSM:classe,1,40,
-9.837393,-36.736107,60,OSM:classe,1,40,
-9.837345,-36.508842,60,OSM:classe,1,40,
-9.837320,-35.983642,60,OSM:classe,1,50,
-9.837290,-36.391922,60,OSM:classe,1,40,
-9.837247,-35.889194,60,OSM:classe,1,50,
-9.837227,-36.638679,60,OSM:classe,1,40,
-9.837103,-36.625325,60,OSM:classe,1,40,
-9.837062,-35.927752,100,OSM:classe,1,80,
-9.837042,-36.736126,60,OSM:classe,1,50,
-9.836991,-36.625307,60,OSM:classe,1,40,
-9.836854,-36.527871,60,OSM:classe,1,40,
-9.836806,-36.675158,60,OSM:classe,1,40,
-9.836762,-36.584631,80,OSM,0,,
-9.836539,-36.781835,60,OSM:classe,1,60,
-9.836471,-35.887776,60,OSM:classe,1,50,
-9.836423,-35.897700,60,OSM:classe,1,50,
-9.836346,-36.656051,60,OSM:classe,1,40,
-9.836282,-35.888097,60,OSM:classe,1,50,
-9.836278,-36.758759,60,OSM:classe,1,40,
-9.836274,-37.072897,60,OSM:classe,1,40,
-9.836222,-35.982886,60,OSM:classe,1,50,
-9.836069,-36.560391,60,OSM:classe,1,40,
-9.835916,-36.720783,60,OSM:classe,1,40,
-9.835908,-36.675100,80,OSM,0,,
-9.835868,-36.664131,60,OSM:classe,1,40,
-9.835796,-35.982589,60,OSM:classe,1,50,
-9.835772,-36.660412,60,OSM:classe,1,40,
-9.835671,-35.889609,20,OSM,0,,
-9.835629,-36.560140,60,OSM:classe,1,40,
-9.835615,-36.560279,60,OSM:classe,1,40,
-9.835592,-35.891736,20,OSM,0,,
-9.835588,-36.559844,60,OSM:classe,1,40,
-9.835572,-36.791969,60,OSM:classe,1,40,
-9.835514,-36.560120,60,OSM:classe,1,40,
-9.835508,-36.685253,60,OSM:classe,1,40,
-9.835420,-37.105969,60,OSM:classe,1,40,
-9.835090,-36.557004,60,OSM:classe,1,40,
-9.834685,-36.556989,60,OSM:classe,1,40,
-9.834652,-35.981786,60,OSM:classe,1,50,
-9.834649,-36.724954,60,OSM:classe,1,40,
-9.834623,-35.929174,60,OSM:classe,1,60,
-9.834502,-36.053731,80,OSM:classe,1,60,
-9.834471,-35.886925,60,OSM:classe,1,50,
-9.834449,-36.544583,60,OSM:classe,1,40,
-9.834406,-36.395240,60,OSM:classe,1,40,
-9.834380,-36.635212,60,OSM:classe,1,40,
-9.834367,-36.647888,60,OSM:classe,1,40,
-9.834239,-35.886831,60,OSM:classe,1,50,
-9.834222,-36.353540,80,OSM,0,,
-9.834138,-36.729248,60,OSM:classe,1,40,
-9.834044,-36.689563,60,OSM:classe,1,40,
-9.833885,-36.624885,60,OSM:classe,1,40,
-9.833859,-36.559780,60,OSM:classe,1,40,
-9.833744,-36.599197,60,OSM:classe,1,40,
-9.833680,-36.735836,60,OSM:classe,1,50,
-9.833612,-36.733209,60,OSM:classe,1,40,
-9.833588,-36.664219,60,OSM:classe,1,40,
-9.833555,-35.980057,60,OSM:classe,1,50,
-9.833547,-35.897926,80,OSM,0,,
-9.833477,-35.897980,80,OSM,0,,
-9.833469,-35.977791,60,OSM:classe,1,50,
-9.833452,-35.898886,80,OSM,0,,
-9.833429,-35.898719,80,OSM,0,,
-9.833421,-35.896455,60,OSM:classe,1,50,
-9.833340,-36.693931,60,OSM:classe,1,40,
-9.833327,-36.735841,60,OSM:classe,1,40,
-9.833241,-36.631212,60,OSM:classe,1,40,
-9.833223,-36.473026,80,OSM:classe,1,60,
-9.833222,-36.130989,100,OSM,0,,
-9.833199,-36.630851,60,OSM:classe,1,40,
-9.833184,-36.630718,60,OSM:classe,1,40,
-9.833182,-36.508726,60,OSM:classe,1,40,
-9.833169,-35.896746,60,OSM:classe,1,50,
-9.833167,-35.897041,80,OSM,0,,
-9.833151,-35.899415,80,OSM,0,,
-9.833127,-36.628420,60,OSM:classe,1,40,
-9.833113,-36.530403,60,OSM:classe,1,40,
-9.833088,-35.897083,80,OSM,0,,
-9.833058,-36.778954,60,OSM:classe,1,60,
-9.833052,-36.436254,60,OSM:classe,1,40,
-9.833022,-37.069424,60,OSM:classe,1,40,
-9.832998,-35.896444,60,OSM:classe,1,50,
-9.832977,-35.899458,80,OSM,0,,
-9.832939,-36.626807,60,OSM:classe,1,40,
-9.832936,-37.070143,60,OSM:classe,1,40,
-9.832921,-37.109343,60,OSM:classe,1,40,
-9.832822,-35.896939,60,OSM:classe,1,50,
-9.832782,-36.436210,60,OSM:classe,1,40,
-9.832725,-35.896321,80,OSM,0,,
-9.832652,-35.896355,80,OSM,0,,
-9.832605,-36.589879,80,OSM,0,,
-9.832444,-36.530856,60,OSM:classe,1,40,
-9.832421,-36.546203,60,OSM:classe,1,40,
-9.832263,-35.895856,80,OSM,0,,
-9.832137,-36.556461,60,OSM:classe,1,40,
-9.832070,-35.895819,80,OSM,0,,
-9.832048,-36.624617,60,OSM:classe,1,40,
-9.831999,-36.561804,60,OSM:classe,1,40,
-9.831901,-36.759426,60,OSM:classe,1,40,
-9.831776,-35.886527,60,OSM:classe,1,50,
-9.831774,-35.900672,40,OSM:classe,1,40,
-9.831730,-35.886458,60,OSM:classe,1,50,
-9.831682,-36.735923,60,OSM:classe,1,50,
-9.831583,-36.395678,60,OSM:classe,1,40,
-9.831522,-35.886603,60,OSM:classe,1,50,
-9.831495,-35.886540,60,OSM:classe,1,40,
-9.831433,-36.663854,60,OSM:classe,1,40,
-9.831422,-35.886640,60,OSM:classe,1,40,
-9.831368,-36.736562,60,OSM:classe,1,40,
-9.831337,-36.440531,60,OSM:classe,1,40,
-9.831257,-35.886801,60,OSM:classe,1,40,
-9.831156,-35.901453,80,OSM,0,,
-9.831154,-36.792809,60,OSM:classe,1,40,
-9.831134,-35.886905,60,OSM:classe,1,40,
-9.831123,-36.697548,60,OSM:classe,1,40,
-9.831100,-36.622659,60,OSM:classe,1,40,
-9.831075,-36.056686,80,OSM:classe,1,60,
-9.831029,-36.129905,100,OSM,0,,
-9.831002,-35.901427,80,OSM,0,,
-9.830946,-36.644967,60,OSM:classe,1,40,
-9.830924,-36.736358,60,OSM:classe,1,50,
-9.830906,-35.895235,80,OSM,0,,
-9.830880,-35.895319,80,OSM,0,,
-9.830731,-35.887223,60,OSM:classe,1,40,
-9.830712,-35.902272,80,OSM,0,,
-9.830544,-36.736370,60,OSM:classe,1,50,
-9.830544,-36.591099,80,OSM,0,,
-9.830526,-35.902364,80,OSM,0,,
-9.830487,-36.590987,80,OSM,0,,
-9.830485,-35.887397,60,OSM:classe,1,40,
-9.830392,-36.634658,60,OSM:classe,1,40,
-9.830343,-36.394752,60,OSM:classe,1,40,
-9.830317,-35.884773,60,OSM:classe,1,50,
-9.830306,-36.552558,60,OSM:classe,1,40,
-9.830221,-35.894776,80,OSM,0,,
-9.830194,-35.894901,80,OSM,0,,
-9.830167,-36.672741,60,OSM:classe,1,40,
-9.830142,-35.929223,60,OSM:classe,1,60,
-9.830085,-35.913851,80,OSM,0,,
-9.830045,-36.775566,60,OSM:classe,1,60,
-9.830031,-35.915003,80,OSM,0,,
-9.829954,-36.663955,60,OSM:classe,1,40,
-9.829822,-36.698624,60,OSM:classe,1,40,
-9.829813,-36.736101,60,OSM:classe,1,50,
-9.829810,-35.915397,80,OSM,0,,
-9.829801,-36.398608,60,OSM:classe,1,40,
-9.829773,-36.638921,60,OSM:classe,1,40,
-9.829760,-35.894076,80,OSM,0,,
-9.829722,-36.677232,60,OSM:classe,1,40,
-9.829697,-36.128939,100,OSM,0,,
-9.829690,-35.884085,60,OSM:classe,1,50,
-9.829677,-36.701613,60,OSM:classe,1,40,
-9.829649,-35.894096,80,OSM,0,,
-9.829642,-36.681783,60,OSM:classe,1,40,
-9.829624,-36.548454,60,OSM:classe,1,40,
-9.829489,-37.066710,60,OSM:classe,1,40,
-9.829393,-36.598087,60,OSM:classe,1,40,
-9.829322,-35.893281,80,OSM,0,,
-9.829287,-36.635423,60,OSM:classe,1,40,
-9.829252,-36.735741,60,OSM:classe,1,50,
-9.829239,-36.737256,60,OSM:classe,1,40,
-9.829219,-35.893322,80,OSM,0,,
-9.829188,-37.111588,60,OSM:classe,1,40,
-9.829184,-36.543036,60,OSM:classe,1,40,
-9.829128,-36.561209,60,OSM:classe,1,40,
-9.829012,-36.559265,60,OSM:classe,1,40,
-9.828979,-36.474536,80,OSM:classe,1,60,
-9.828975,-36.559433,60,OSM:classe,1,40,
-9.828934,-36.510222,60,OSM:classe,1,40,
-9.828781,-36.529745,60,OSM:classe,1,40,
-9.828736,-36.735179,60,OSM:classe,1,50,
-9.828717,-36.435315,60,OSM:classe,1,40,
-9.828551,-36.591724,40,OSM:classe,1,40,
-9.828447,-36.734852,60,OSM:classe,1,50,
-9.828365,-36.443138,60,OSM:classe,1,40,
-9.828337,-35.888073,60,OSM:classe,1,40,
-9.828240,-36.592329,40,OSM:classe,1,40,
-9.828211,-36.510477,60,OSM:classe,1,40,
-9.828164,-35.891570,80,OSM,0,,
-9.828156,-35.891696,80,OSM,0,,
-9.828140,-36.558549,60,OSM:classe,1,40,
-9.828017,-36.591996,80,OSM,0,,
-9.827931,-36.705551,60,OSM:classe,1,40,
-9.827746,-37.273385,60,OSM:classe,1,50,
-9.827652,-36.706155,60,OSM:classe,1,40,
-9.827648,-36.059640,80,OSM:classe,1,60,
-9.827646,-35.920845,80,OSM,0,,
-9.827593,-36.392423,60,OSM:classe,1,40,
-9.827561,-36.760501,60,OSM:classe,1,40,
-9.827519,-35.920847,80,OSM,0,,
-9.827462,-36.620066,60,OSM:classe,1,40,
-9.827334,-36.741389,60,OSM:classe,1,40,
-9.827322,-36.683172,60,OSM:classe,1,40,
-9.827216,-36.683033,60,OSM:classe,1,40,
-9.827208,-36.362753,80,OSM,0,,
-9.827176,-36.642481,60,OSM:classe,1,40,
-9.827120,-36.772104,60,OSM:classe,1,60,
-9.826962,-36.708315,60,OSM:classe,1,40,
-9.826856,-37.281160,60,OSM:classe,1,50,
-9.826732,-36.792616,60,OSM:classe,1,40,
-9.826634,-35.882415,60,OSM:classe,1,50,
-9.826555,-36.642071,60,OSM:classe,1,40,
-9.826519,-36.710545,60,OSM:classe,1,40,
-9.826439,-36.636816,60,OSM:classe,1,40,
-9.826395,-35.890317,60,OSM:classe,1,40,
-9.826355,-36.662127,60,OSM:classe,1,40,
-9.826330,-37.269741,60,OSM:classe,1,50,
-9.826251,-36.532086,60,OSM:classe,1,40,
-9.826242,-36.767649,60,OSM:classe,1,60,
-9.826239,-35.887032,60,OSM:classe,1,40,
-9.826220,-37.063630,60,OSM:classe,1,40,
-9.826182,-36.697995,60,OSM:classe,1,40,
-9.825947,-36.539868,60,OSM:classe,1,40,
-9.825940,-36.364101,80,OSM,0,,
-9.825927,-36.731161,60,OSM:classe,1,40,
-9.825897,-36.533052,60,OSM:classe,1,40,
-9.825871,-35.927830,60,OSM:classe,1,60,
-9.825846,-36.715046,60,OSM:classe,1,40,
-9.825800,-36.564044,60,OSM:classe,1,40,
-9.825797,-35.881938,60,OSM:classe,1,50,
-9.825718,-36.398178,60,OSM:classe,1,40,
-9.825710,-36.687203,60,OSM:classe,1,40,
-9.825633,-36.719605,60,OSM:classe,1,40,
-9.825590,-36.763133,60,OSM:classe,1,60,
-9.825590,-36.126496,100,OSM,0,,
-9.825542,-36.730026,60,OSM:classe,1,40,
-9.825533,-36.432682,60,OSM:classe,1,40,
-9.825531,-37.276898,60,OSM:classe,1,50,
-9.825507,-37.248463,60,OSM:classe,1,50,
-9.825507,-36.745438,60,OSM:classe,1,40,
-9.825481,-36.699064,60,OSM:classe,1,40,
-9.825440,-36.643747,60,OSM:classe,1,40,
-9.825393,-36.697850,60,OSM:classe,1,40,
-9.825360,-36.388542,60,OSM:classe,1,40,
-9.825211,-36.760593,60,OSM:classe,1,40,
-9.825121,-36.513745,60,OSM:classe,1,40,
-9.825055,-36.730780,60,OSM:classe,1,40,
-9.825037,-35.927358,80,OSM,0,,
-9.824993,-35.926920,80,OSM,0,,
-9.824951,-36.594101,80,OSM,0,,
-9.824938,-36.758618,60,OSM:classe,1,60,
-9.824938,-36.398951,60,OSM:classe,1,40,
-9.824937,-35.926768,80,OSM,0,,
-9.824920,-36.597703,60,OSM:classe,1,40,
-9.824858,-35.925403,80,OSM,0,,
-9.824813,-37.110535,60,OSM:classe,1,40,
-9.824780,-35.881256,60,OSM:classe,1,50,
-9.824744,-35.925970,80,OSM,0,,
-9.824736,-36.476046,80,OSM:classe,1,60,
-9.824671,-36.670451,80,OSM,0,,
-9.824645,-35.925540,80,OSM,0,,
-9.824603,-35.889191,80,OSM,0,,
-9.824599,-35.927842,80,OSM,0,,
-9.824478,-36.555978,60,OSM:classe,1,40,
-9.824428,-37.250365,60,OSM:classe,1,50,
-9.824360,-35.927975,80,OSM,0,,
-9.824333,-35.888707,80,OSM,0,,
-9.824320,-36.537326,60,OSM:classe,1,40,
-9.824294,-36.725647,60,OSM:classe,1,40,
-9.824286,-36.754103,60,OSM:classe,1,60,
-9.824254,-36.691480,60,OSM:classe,1,40,
-9.824248,-36.125697,100,OSM,0,,
-9.824221,-36.062595,80,OSM:classe,1,60,
-9.824203,-36.733346,60,OSM:classe,1,50,
-9.824102,-37.283903,60,OSM:classe,1,40,
-9.824062,-36.538023,60,OSM:classe,1,40,
-9.824014,-35.926636,80,OSM,0,,
-9.824012,-37.244159,60,OSM:classe,1,50,
-9.823974,-36.444111,60,OSM:classe,1,40,
-9.823953,-36.639929,60,OSM:classe,1,40,
-9.823848,-36.617383,60,OSM:classe,1,40,
-9.823818,-36.594727,80,OSM,0,,
-9.823778,-35.887819,80,OSM,0,,
-9.823663,-36.759836,60,OSM:classe,1,40,
-9.823634,-36.749587,60,OSM:classe,1,60,
-9.823566,-36.723497,60,OSM:classe,1,40,
-9.823562,-37.060411,60,OSM:classe,1,40,
-9.823544,-36.647821,60,OSM:classe,1,40,
-9.823540,-36.529168,60,OSM:classe,1,40,
-9.823535,-35.927447,80,OSM:classe,1,60,
-9.823503,-37.015399,60,OSM:classe,1,40,
-9.823353,-35.886604,60,OSM:classe,1,40,
-9.823292,-35.886769,80,OSM,0,,
-9.823271,-37.266490,60,OSM:classe,1,50,
-9.823264,-36.239920,80,OSM,0,,
-9.823254,-36.392539,60,OSM:classe,1,40,
-9.823195,-36.746637,60,OSM:classe,1,60,
-9.823192,-35.927945,80,OSM:classe,1,60,
-9.823141,-36.516050,60,OSM:classe,1,40,
-9.823122,-36.241608,80,OSM,0,,
-9.823107,-36.790196,60,OSM:classe,1,40,
-9.822971,-36.238454,60,OSM:classe,1,60,
-9.822960,-36.235226,80,OSM,0,,
-9.822892,-36.476702,60,OSM:classe,1,50,
-9.822890,-36.595822,80,OSM,0,,
-9.822855,-35.928701,80,OSM,0,,
-9.822837,-36.232604,100,OSM:classe,1,80,
-9.822820,-36.595762,80,OSM,0,,
-9.822803,-36.702203,60,OSM:classe,1,40,
-9.822754,-37.262340,60,OSM:classe,1,50,
-9.822731,-36.237513,40,OSM:classe,1,40,
-9.822726,-36.233929,80,OSM,0,,
-9.822706,-36.476870,60,OSM:classe,1,40,
-9.822657,-35.928721,80,OSM:classe,1,60,
-9.822627,-36.385321,60,OSM:classe,1,40,
-9.822614,-36.242924,80,OSM,0,,
-9.822586,-36.707264,60,OSM:classe,1,40,
-9.822548,-36.231341,80,OSM,0,,
-9.822523,-36.742125,60,OSM:classe,1,60,
-9.822508,-36.651928,60,OSM:classe,1,40,
-9.822468,-36.242884,60,OSM:classe,1,60,
-9.822465,-36.597749,60,OSM:classe,1,40,
-9.822389,-37.113039,60,OSM:classe,1,40,
-9.822387,-36.399259,60,OSM:classe,1,40,
-9.822360,-36.566861,60,OSM:classe,1,40,
-9.822293,-36.225826,80,OSM,0,,
-9.822291,-36.225195,80,OSM,0,,
-9.822228,-36.695373,60,OSM:classe,1,40,
-9.822194,-37.235719,60,OSM:classe,1,50,
-9.822164,-36.538795,60,OSM:classe,1,40,
-9.822137,-36.653051,60,OSM:classe,1,40,
-9.822133,-37.254159,60,OSM:classe,1,50,
-9.822130,-36.721731,60,OSM:classe,1,40,
-9.822078,-37.258533,60,OSM:classe,1,50,
-9.822024,-37.240158,60,OSM:classe,1,50,
-9.822015,-36.696520,60,OSM:classe,1,40,
-9.822010,-37.117245,60,OSM:classe,1,40,
-9.821993,-35.879504,60,OSM:classe,1,50,
-9.821975,-36.396690,60,OSM:classe,1,40,
-9.821973,-36.398663,60,OSM:classe,1,40,
-9.821968,-36.661122,60,OSM:classe,1,40,
-9.821924,-35.883502,80,OSM,0,,
-9.821851,-36.737612,60,OSM:classe,1,60,
-9.821842,-36.223812,60,OSM:classe,1,60,
-9.821803,-36.753329,60,OSM:classe,1,40,
-9.821761,-36.228183,60,OSM:classe,1,60,
-9.821693,-35.882859,30,OSM,0,,
-9.821677,-35.883293,80,OSM,0,,
-9.821625,-36.228049,80,OSM,0,,
-9.821619,-36.124299,100,OSM,0,,
-9.821608,-36.616066,60,OSM:classe,1,40,
-9.821489,-37.117329,60,OSM:classe,1,40,
-9.821468,-36.223252,80,OSM,0,,
-9.821435,-35.930850,80,OSM,0,,
-9.821413,-37.056591,60,OSM:classe,1,40,
-9.821375,-36.732343,60,OSM:classe,1,50,
-9.821359,-36.597791,40,OSM:classe,1,40,
-9.821336,-36.244596,80,OSM,0,,
-9.821320,-36.656312,60,OSM:classe,1,40,
-9.821292,-35.880242,20,OSM,0,,
-9.821254,-36.732284,60,OSM:classe,1,40,
-9.821235,-36.732401,60,OSM:classe,1,50,
-9.821192,-36.732257,60,OSM:classe,1,60,
-9.821179,-36.733100,60,OSM:classe,1,60,
-9.821157,-36.732205,60,OSM:classe,1,60,
-9.821147,-36.432223,60,OSM:classe,1,40,
-9.821118,-36.219366,60,OSM:classe,1,60,
-9.821108,-36.383537,60,OSM:classe,1,40,
-9.821100,-36.597696,40,OSM:classe,1,40,
-9.821091,-35.882321,20,OSM,0,,
-9.821079,-35.882097,30,OSM,0,,
-9.821060,-36.732885,40,OSM:classe,1,40,
-9.821034,-36.221319,80,OSM,0,,
-9.821018,-36.065357,60,OSM:classe,1,50,
-9.821010,-36.731998,60,OSM:classe,1,60,
-9.821002,-35.878781,60,OSM:classe,1,50,
-9.821001,-36.215663,60,OSM:classe,1,60,
-9.820960,-36.732587,60,OSM:classe,1,40,
-9.820912,-36.220162,60,OSM:classe,1,60,
-9.820884,-36.597892,80,OSM,0,,
-9.820793,-36.539116,60,OSM:classe,1,40,
-9.820781,-36.214950,60,OSM:classe,1,60,
-9.820740,-35.881695,20,OSM,0,,
-9.820678,-36.652357,60,OSM:classe,1,40,
-9.820628,-36.478754,60,OSM:classe,1,50,
-9.820566,-36.756811,60,OSM:classe,1,40,
-9.820522,-35.881435,20,OSM,0,,
-9.820505,-35.878539,40,OSM:classe,1,40,
-9.820500,-35.881636,20,OSM,0,,
-9.820445,-36.660773,60,OSM:classe,1,40,
-9.820357,-36.757641,60,OSM:classe,1,40,
-9.820346,-36.554179,60,OSM:classe,1,40,
-9.820333,-36.757739,60,OSM:classe,1,40,
-9.820326,-37.285837,60,OSM:classe,1,40,
-9.820276,-36.717659,60,OSM:classe,1,40,
-9.820253,-35.932577,80,OSM:classe,1,60,
-9.820241,-36.245888,80,OSM,0,,
-9.820234,-36.598560,80,OSM,0,,
-9.820116,-36.526245,60,OSM:classe,1,40,
-9.820080,-35.878177,60,OSM:classe,1,50,
-9.820003,-36.219614,80,OSM,0,,
-9.819970,-36.397316,60,OSM:classe,1,40,
-9.819835,-35.878013,60,OSM:classe,1,50,
-9.819817,-36.705197,60,OSM:classe,1,40,
-9.819735,-36.518963,60,OSM:classe,1,40,
-9.819655,-36.246415,60,OSM:classe,1,60,
-9.819622,-36.638855,60,OSM:classe,1,40,
-9.819593,-37.017429,60,OSM:classe,1,40,
-9.819569,-36.759283,60,OSM:classe,1,40,
-9.819522,-36.705289,60,OSM:classe,1,40,
-9.819518,-36.444725,60,OSM:classe,1,40,
-9.819430,-36.473899,60,OSM:classe,1,40,
-9.819427,-36.601744,60,OSM:classe,1,40,
-9.819409,-35.880128,30,OSM,0,,
-9.819373,-36.705549,60,OSM:classe,1,40,
-9.819245,-36.570096,60,OSM:classe,1,40,
-9.819229,-36.122713,100,OSM,0,,
-9.819158,-35.880049,80,OSM,0,,
-9.819146,-37.233699,60,OSM:classe,1,50,
-9.819112,-36.791358,60,OSM:classe,1,40,
-9.819071,-36.705801,60,OSM:classe,1,40,
-9.819031,-36.370037,80,OSM,0,,
-9.818988,-35.879840,80,OSM,0,,
-9.818987,-36.219035,80,OSM,0,,
-9.818822,-35.880217,80,OSM,0,,
-9.818737,-36.728224,60,OSM:classe,1,60,
-9.818735,-35.879529,80,OSM,0,,
-9.818637,-36.600099,80,OSM,0,,
-9.818635,-35.879992,80,OSM,0,,
-9.818609,-36.663062,60,OSM:classe,1,40,
-9.818574,-36.734340,60,OSM:classe,1,40,
-9.818480,-35.879794,80,OSM,0,,
-9.818430,-37.115659,60,OSM:classe,1,40,
-9.818414,-36.211995,60,OSM:classe,1,60,
-9.818397,-36.472304,60,OSM:classe,1,40,
-9.818355,-36.525898,60,OSM:classe,1,40,
-9.818311,-36.600567,80,OSM,0,,
-9.818280,-35.877036,60,OSM:classe,1,50,
-9.818229,-35.877005,60,OSM:classe,1,50,
-9.818190,-35.877070,60,OSM:classe,1,50,
-9.818150,-36.380101,60,OSM:classe,1,40,
-9.818094,-36.429350,60,OSM:classe,1,40,
-9.818070,-35.878751,80,OSM,0,,
-9.818047,-36.211396,60,OSM:classe,1,60,
-9.817960,-36.248577,80,OSM,0,,
-9.817892,-36.734824,60,OSM:classe,1,40,
-9.817852,-37.299406,60,OSM:classe,1,40,
-9.817848,-35.936433,80,OSM:classe,1,60,
-9.817722,-36.613771,60,OSM:classe,1,40,
-9.817674,-36.714336,60,OSM:classe,1,40,
-9.817618,-37.301293,60,OSM:classe,1,40,
-9.817597,-36.068319,60,OSM:classe,1,50,
-9.817580,-35.878185,60,OSM:classe,1,50,
-9.817526,-35.878122,80,OSM,0,,
-9.817467,-35.937225,80,OSM,0,,
-9.817379,-37.055457,60,OSM:classe,1,40,
-9.817377,-36.605804,60,OSM:classe,1,40,
-9.817351,-36.667443,60,OSM:classe,1,40,
-9.817330,-37.288469,60,OSM:classe,1,40,
-9.817310,-36.521650,60,OSM:classe,1,40,
-9.817274,-36.481794,60,OSM:classe,1,50,
-9.817192,-36.649929,60,OSM:classe,1,40,
-9.817173,-37.021215,60,OSM:classe,1,40,
-9.817058,-37.305821,60,OSM:classe,1,40,
-9.816773,-37.299402,60,OSM:classe,1,40,
-9.816732,-36.249882,60,OSM:classe,1,60,
-9.816678,-37.310345,60,OSM:classe,1,40,
-9.816512,-36.539507,60,OSM:classe,1,40,
-9.816486,-37.299503,60,OSM:classe,1,40,
-9.816288,-37.025689,60,OSM:classe,1,40,
-9.816216,-35.876565,80,OSM,0,,
-9.816028,-36.553339,60,OSM:classe,1,40,
-9.815982,-35.876828,80,OSM,0,,
-9.815973,-36.395251,60,OSM:classe,1,40,
-9.815922,-36.761690,60,OSM:classe,1,40,
-9.815720,-36.736557,60,OSM:classe,1,40,
-9.815661,-36.710795,60,OSM:classe,1,40,
-9.815617,-36.446780,60,OSM:classe,1,40,
-9.815578,-36.725977,60,OSM:classe,1,40,
-9.815561,-35.940357,80,OSM:classe,1,60,
-9.815537,-36.704474,60,OSM:classe,1,40,
-9.815535,-35.940544,80,OSM,0,,
-9.815507,-36.725049,60,OSM:classe,1,60,
-9.815383,-37.110746,60,OSM:classe,1,40,
-9.815379,-37.234416,60,OSM:classe,1,50,
-9.815289,-36.373207,80,OSM,0,,
-9.815273,-35.876300,80,OSM,0,,
-9.815269,-37.111399,60,OSM:classe,1,40,
-9.815267,-36.638668,60,OSM:classe,1,40,
-9.815223,-35.875911,80,OSM,0,,
-9.815191,-36.376664,60,OSM:classe,1,40,
-9.815110,-36.571752,60,OSM:classe,1,40,
-9.815099,-36.609736,60,OSM:classe,1,40,
-9.815062,-36.208953,60,OSM:classe,1,60,
-9.815057,-36.426178,60,OSM:classe,1,40,
-9.815014,-37.051922,60,OSM:classe,1,40,
-9.814921,-37.116034,60,OSM:classe,1,40,
-9.814808,-35.944951,80,OSM,0,,
-9.814793,-35.945042,40,OSM:classe,1,40,
-9.814774,-36.791761,60,OSM:classe,1,40,
-9.814758,-36.447062,60,OSM:classe,1,40,
-9.814722,-36.208323,60,OSM:classe,1,60,
-9.814527,-35.944783,80,OSM:classe,1,60,
-9.814505,-37.125641,60,OSM:classe,1,40,
-9.814504,-36.373452,80,OSM,0,,
-9.814479,-37.115891,60,OSM:classe,1,40,
-9.814466,-36.524290,60,OSM:classe,1,40,
-9.814418,-37.116748,60,OSM:classe,1,40,
-9.814340,-36.524286,60,OSM:classe,1,40,
-9.814311,-37.313339,60,OSM:classe,1,40,
-9.814290,-36.375619,60,OSM:classe,1,40,
-9.814264,-35.946056,40,OSM:classe,1,40,
-9.814263,-36.646755,60,OSM:classe,1,40,
-9.814176,-36.071281,60,OSM:classe,1,50,
-9.814140,-37.291168,60,OSM:classe,1,40,
-9.814066,-36.471079,60,OSM:classe,1,40,
-9.814053,-36.611158,60,OSM:classe,1,40,
-9.813989,-36.221320,80,OSM,0,,
-9.813948,-37.130159,60,OSM:classe,1,40,
-9.813945,-37.296667,60,OSM:classe,1,40,
-9.813921,-36.484834,60,OSM:classe,1,50,
-9.813875,-36.446721,60,OSM:classe,1,40,
-9.813840,-36.605115,80,OSM,0,,
-9.813835,-36.221395,80,OSM,0,,
-9.813831,-35.949289,80,OSM:classe,1,60,
-9.813830,-37.297117,60,OSM:classe,1,40,
-9.813808,-36.253350,60,OSM:classe,1,60,
-9.813807,-35.955651,80,OSM,0,,
-9.813776,-35.950651,80,OSM,0,,
-9.813766,-35.951612,80,OSM,0,,
-9.813736,-37.121259,60,OSM:classe,1,40,
-9.813730,-36.638506,60,OSM:classe,1,40,
-9.813710,-37.296222,60,OSM:classe,1,40,
-9.813658,-37.049026,60,OSM:classe,1,40,
-9.813657,-35.953845,80,OSM:classe,1,60,
-9.813634,-36.638486,60,OSM:classe,1,40,
-9.813579,-37.297420,60,OSM:classe,1,40,
-9.813537,-37.297471,60,OSM:classe,1,40,
-9.813537,-36.373200,80,OSM,0,,
-9.813433,-36.665801,80,OSM,0,,
-9.813324,-36.374859,60,OSM:classe,1,40,
-9.813304,-37.298002,60,OSM:classe,1,40,
-9.813064,-35.958324,80,OSM:classe,1,60,
-9.813034,-35.875643,80,OSM,0,,
-9.812865,-35.960065,80,OSM,0,,
-9.812759,-37.134531,60,OSM:classe,1,40,
-9.812747,-37.027336,60,OSM:classe,1,40,
-9.812683,-36.442426,60,OSM:classe,1,40,
-9.812667,-35.960706,80,OSM,0,,
-9.812609,-36.419435,60,OSM:classe,1,40,
-9.812507,-36.613464,60,OSM:classe,1,40,
-9.812363,-36.707720,60,OSM:classe,1,40,
-9.812351,-37.295237,60,OSM:classe,1,40,
-9.812342,-36.118382,100,OSM,0,,
-9.812297,-36.222145,80,OSM,0,,
-9.812277,-36.721874,60,OSM:classe,1,60,
-9.812249,-36.737705,60,OSM:classe,1,40,
-9.812244,-35.875321,80,OSM,0,,
-9.812239,-35.962083,80,OSM,0,,
-9.812210,-36.118694,100,OSM,0,,
-9.812189,-35.961119,80,OSM:classe,1,60,
-9.812140,-35.875382,80,OSM,0,,
-9.812102,-36.607082,80,OSM,0,,
-9.812099,-37.317751,60,OSM:classe,1,40,
-9.812047,-36.539265,60,OSM:classe,1,40,
-9.812013,-36.415001,60,OSM:classe,1,40,
-9.812001,-36.450106,60,OSM:classe,1,40,
-9.811968,-37.137612,60,OSM:classe,1,40,
-9.811940,-35.961935,80,OSM:classe,1,60,
-9.811898,-37.138986,60,OSM:classe,1,40,
-9.811830,-36.394065,60,OSM:classe,1,40,
-9.811737,-37.231753,60,OSM:classe,1,50,
-9.811711,-36.205911,60,OSM:classe,1,60,
-9.811692,-35.963471,80,OSM,0,,
-9.811684,-36.117902,100,OSM,0,,
-9.811666,-36.552232,60,OSM:classe,1,40,
-9.811657,-36.761097,60,OSM:classe,1,40,
-9.811587,-37.316982,60,OSM:classe,1,40,
-9.811582,-36.118254,100,OSM,0,,
-9.811581,-36.552211,60,OSM:classe,1,40,
-9.811532,-36.546129,60,OSM:classe,1,40,
-9.811527,-37.318212,60,OSM:classe,1,40,
-9.811517,-36.222195,80,OSM,0,,
-9.811396,-36.574210,60,OSM:classe,1,40,
-9.811352,-36.727279,60,OSM:classe,1,40,
-9.811345,-35.965140,80,OSM,0,,
-9.811308,-36.256520,80,OSM,0,,
-9.811303,-36.205364,60,OSM:classe,1,60,
-9.811230,-36.704555,60,OSM:classe,1,40,
-9.811170,-36.704724,60,OSM:classe,1,40,
-9.811110,-36.410596,60,OSM:classe,1,40,
-9.811100,-37.045316,60,OSM:classe,1,40,
-9.811056,-35.966405,80,OSM:classe,1,60,
-9.811053,-36.424102,60,OSM:classe,1,40,
-9.811034,-37.143445,60,OSM:classe,1,40,
-9.810997,-36.438250,60,OSM:classe,1,40,
-9.810921,-37.110319,60,OSM:classe,1,40,
-9.810885,-36.256817,60,OSM:classe,1,60,
-9.810842,-36.643859,60,OSM:classe,1,40,
-9.810833,-36.438047,60,OSM:classe,1,40,
-9.810795,-36.704438,60,OSM:classe,1,40,
-9.810780,-36.372793,60,OSM:classe,1,40,
-9.810756,-36.074243,60,OSM:classe,1,50,
-9.810682,-37.318197,60,OSM:classe,1,40,
-9.810679,-37.037800,60,OSM:classe,1,40,
-9.810551,-36.547093,60,OSM:classe,1,40,
-9.810529,-36.738525,60,OSM:classe,1,40,
-9.810485,-36.221366,80,OSM,0,,
-9.810458,-36.205267,60,OSM:classe,1,60,
-9.810378,-35.970916,80,OSM:classe,1,60,
-9.810344,-36.791567,60,OSM:classe,1,40,
-9.810272,-37.037809,60,OSM:classe,1,40,
-9.810270,-36.487495,60,OSM:classe,1,50,
-9.810261,-36.423207,60,OSM:classe,1,40,
-9.810227,-36.551448,60,OSM:classe,1,40,
-9.810179,-36.204581,60,OSM:classe,1,60,
-9.810081,-36.635828,60,OSM:classe,1,40,
-9.810054,-36.609229,80,OSM,0,,
-9.810006,-36.609133,80,OSM,0,,
-9.809965,-37.135947,60,OSM:classe,1,40,
-9.809958,-37.147811,60,OSM:classe,1,40,
-9.809932,-37.035538,60,OSM:classe,1,40,
-9.809932,-36.525189,60,OSM:classe,1,40,
-9.809900,-36.204862,60,OSM:classe,1,40,
-9.809845,-37.313069,60,OSM:classe,1,40,
-9.809755,-37.038827,60,OSM:classe,1,40,
-9.809699,-35.975427,80,OSM:classe,1,60,
-9.809647,-36.470819,60,OSM:classe,1,40,
-9.809646,-36.609543,30,OSM,0,,
-9.809607,-35.976699,80,OSM,0,,
-9.809541,-36.616894,60,OSM:classe,1,40,
-9.809517,-36.219996,80,OSM,0,,
-9.809494,-36.205450,60,OSM:classe,1,40,
-9.809468,-36.609757,80,OSM,0,,
-9.809421,-36.407798,60,OSM:classe,1,40,
-9.809415,-36.075404,60,OSM:classe,1,50,
-9.809369,-36.116805,80,OSM,0,,
-9.809235,-36.617142,60,OSM:classe,1,40,
-9.809163,-36.407392,60,OSM:classe,1,40,
-9.809121,-36.212166,80,OSM,0,,
-9.809047,-36.718699,60,OSM:classe,1,60,
-9.809021,-35.979938,80,OSM:classe,1,60,
-9.809003,-36.437535,60,OSM:classe,1,40,
-9.808954,-36.610369,80,OSM,0,,
-9.808945,-37.027875,60,OSM:classe,1,40,
-9.808939,-36.740470,60,OSM:classe,1,40,
-9.808904,-36.218470,80,OSM,0,,
-9.808750,-36.116448,80,OSM,0,,
-9.808693,-37.036697,60,OSM:classe,1,40,
-9.808678,-37.036283,60,OSM:classe,1,40,
-9.808647,-36.452867,60,OSM:classe,1,40,
-9.808616,-37.031653,60,OSM:classe,1,40,
-9.808477,-36.392552,60,OSM:classe,1,40,
-9.808443,-36.435216,60,OSM:classe,1,40,
-9.808407,-37.038374,60,OSM:classe,1,40,
-9.808342,-35.984449,80,OSM:classe,1,60,
-9.808252,-37.041871,60,OSM:classe,1,40,
-9.808235,-37.038370,60,OSM:classe,1,40,
-9.808164,-36.076486,60,OSM:classe,1,50,
-9.808008,-37.041203,60,OSM:classe,1,40,
-9.808002,-36.576965,60,OSM:classe,1,40,
-9.807944,-37.229312,60,OSM:classe,1,50,
-9.807899,-36.260225,60,OSM:classe,1,60,
-9.807888,-36.701041,60,OSM:classe,1,40,
-9.807871,-36.116746,80,OSM,0,,
-9.807869,-35.988259,80,OSM,0,,
-9.807813,-36.203648,60,OSM:classe,1,60,
-9.807799,-36.115875,80,OSM:classe,1,60,
-9.807789,-36.612083,80,OSM,0,,
-9.807780,-36.210099,80,OSM,0,,
-9.807734,-36.605223,60,OSM:classe,1,40,
-9.807628,-37.040586,60,OSM:classe,1,40,
-9.807613,-35.988951,80,OSM:classe,1,60,
-9.807592,-36.426880,60,OSM:classe,1,40,
-9.807578,-36.115738,80,OSM,0,,
-9.807566,-36.406569,60,OSM:classe,1,40,
-9.807561,-36.539315,60,OSM:classe,1,40,
-9.807532,-36.611865,40,OSM:classe,1,40,
-9.807523,-36.762891,60,OSM:classe,1,40,
-9.807515,-37.151375,60,OSM:classe,1,40,
-9.807451,-36.612439,40,OSM:classe,1,40,
-9.807383,-36.203196,60,OSM:classe,1,60,
-9.807377,-36.554638,60,OSM:classe,1,40,
-9.807293,-36.728392,60,OSM:classe,1,40,
-9.807269,-36.369942,80,OSM,0,,
-9.807247,-36.728404,60,OSM:classe,1,40,
-9.807238,-36.700101,60,OSM:classe,1,40,
-9.807216,-36.578489,60,OSM:classe,1,40,
-9.807208,-36.612203,80,OSM,0,,
-9.807127,-36.430870,60,OSM:classe,1,40,
-9.807117,-36.209496,60,OSM:classe,1,40,
-9.807088,-36.206702,60,OSM:classe,1,40,
-9.807075,-36.208937,80,OSM,0,,
-9.807038,-36.119581,60,OSM:classe,1,60,
-9.807035,-36.261604,40,OSM:classe,1,40,
-9.806943,-36.261052,40,OSM:classe,1,40,
-9.806903,-37.319210,60,OSM:classe,1,40,
-9.806814,-37.109681,60,OSM:classe,1,40,
-9.806794,-36.208582,60,OSM:classe,1,40,
-9.806784,-35.870955,80,OSM,0,,
-9.806696,-36.578922,60,OSM:classe,1,40,
-9.806637,-35.993405,80,OSM:classe,1,60,
-9.806599,-36.490131,60,OSM:classe,1,50,
-9.806574,-36.644085,60,OSM:classe,1,40,
-9.806567,-36.634537,60,OSM:classe,1,40,
-9.806450,-36.456640,60,OSM:classe,1,40,
-9.806439,-36.644110,60,OSM:classe,1,40,
-9.806397,-37.155758,60,OSM:classe,1,40,
-9.806204,-36.208059,80,OSM,0,,
-9.806181,-36.793279,60,OSM:classe,1,40,
-9.806161,-35.996069,80,OSM,0,,
-9.806155,-36.737467,60,OSM:classe,1,40,
-9.805959,-36.122293,80,OSM,0,,
-9.805923,-37.032684,60,OSM:classe,1,40,
-9.805829,-36.697011,60,OSM:classe,1,40,
-9.805818,-36.715524,60,OSM:classe,1,60,
-9.805767,-36.123949,60,OSM:classe,1,60,
-9.805680,-36.732623,60,OSM:classe,1,40,
-9.805677,-36.460799,60,OSM:classe,1,40,
-9.805667,-36.526477,60,OSM:classe,1,40,
-9.805660,-35.997859,80,OSM:classe,1,60,
-9.805649,-36.614025,80,OSM,0,,
-9.805629,-36.114691,40,OSM:classe,1,40,
-9.805627,-37.135046,60,OSM:classe,1,40,
-9.805618,-36.743194,60,OSM:classe,1,40,
-9.805551,-36.533232,60,OSM:classe,1,40,
-9.805449,-36.537795,60,OSM:classe,1,40,
-9.805405,-37.160119,60,OSM:classe,1,40,
-9.805400,-36.539988,60,OSM:classe,1,40,
-9.805400,-36.465159,60,OSM:classe,1,40,
-9.805384,-36.619437,60,OSM:classe,1,40,
-9.805357,-36.614206,80,OSM,0,,
-9.805354,-36.733889,60,OSM:classe,1,40,
-9.805232,-36.470161,60,OSM:classe,1,40,
-9.805132,-36.263767,60,OSM:classe,1,60,
-9.805117,-36.128465,60,OSM:classe,1,60,
-9.805082,-36.405021,60,OSM:classe,1,40,
-9.805081,-36.400613,60,OSM:classe,1,40,
-9.805012,-36.395460,60,OSM:classe,1,40,
-9.804952,-36.469674,60,OSM:classe,1,40,
-9.804935,-36.615019,80,OSM,0,,
-9.804876,-36.205969,80,OSM,0,,
-9.804801,-36.529762,60,OSM:classe,1,40,
-9.804734,-36.079437,60,OSM:classe,1,50,
-9.804728,-36.615212,80,OSM,0,,
-9.804683,-36.002314,80,OSM:classe,1,60,
-9.804656,-36.264464,80,OSM,0,,
-9.804528,-36.367674,80,OSM,0,,
-9.804468,-36.132980,60,OSM:classe,1,60,
-9.804453,-36.003879,80,OSM,0,,
-9.804361,-36.202976,80,OSM,0,,
-9.804289,-36.602324,60,OSM:classe,1,40,
-9.804275,-36.581880,60,OSM:classe,1,40,
-9.804201,-36.756342,60,OSM:classe,1,40,
-9.804161,-36.201052,80,OSM,0,,
-9.804152,-36.367356,80,OSM,0,,
-9.804122,-36.644174,60,OSM:classe,1,40,
-9.804107,-36.137521,60,OSM:classe,1,60,
-9.804106,-36.620342,60,OSM:classe,1,40,
-9.804098,-36.137863,40,OSM:classe,1,40,
-9.804094,-36.134880,80,OSM,0,,
-9.804092,-36.396233,60,OSM:classe,1,40,
-9.804090,-36.392942,60,OSM:classe,1,40,
-9.804003,-36.751933,60,OSM:classe,1,40,
-9.803988,-36.200462,60,OSM:classe,1,60,
-9.803983,-36.702674,60,OSM:classe,1,40,
-9.803943,-37.227333,60,OSM:classe,1,50,
-9.803921,-36.529324,60,OSM:classe,1,40,
-9.803909,-36.544199,60,OSM:classe,1,40,
-9.803871,-36.200496,80,OSM,0,,
-9.803841,-36.478065,60,OSM:classe,1,40,
-9.803808,-36.113597,80,OSM,0,,
-9.803797,-36.005363,80,OSM,0,,
-9.803739,-36.269829,80,OSM,0,,
-9.803690,-36.266723,80,OSM,0,,
-9.803674,-36.137433,40,OSM:classe,1,40,
-9.803605,-36.113492,80,OSM,0,,
-9.803568,-36.270918,80,OSM,0,,
-9.803556,-36.548739,60,OSM:classe,1,40,
-9.803530,-36.113441,80,OSM,0,,
-9.803505,-36.267894,60,OSM:classe,1,60,
-9.803501,-36.618682,80,OSM,0,,
-9.803457,-37.107434,60,OSM:classe,1,40,
-9.803435,-36.553594,60,OSM:classe,1,40,
-9.803434,-37.164221,60,OSM:classe,1,40,
-9.803409,-36.764429,60,OSM:classe,1,40,
-9.803408,-36.618626,80,OSM,0,,
-9.803364,-36.113345,80,OSM,0,,
-9.803155,-36.525907,60,OSM:classe,1,40,
-9.803141,-36.141961,60,OSM:classe,1,60,
-9.803068,-36.525595,60,OSM:classe,1,40,
-9.803030,-36.482496,60,OSM:classe,1,40,
-9.803011,-36.760742,60,OSM:classe,1,40,
-9.803010,-36.107698,60,OSM:classe,1,40,
-9.802979,-36.272378,60,OSM:classe,1,60,
-9.802958,-36.107762,60,OSM:classe,1,40,
-9.802934,-36.633196,60,OSM:classe,1,40,
-9.802929,-36.492767,60,OSM:classe,1,50,
-9.802889,-36.006490,80,OSM,0,,
-9.802850,-36.473643,60,OSM:classe,1,40,
-9.802829,-36.006365,80,OSM:classe,1,60,
-9.802801,-36.728499,60,OSM:classe,1,40,
-9.802782,-36.113008,80,OSM,0,,
-9.802740,-36.197237,40,OSM:classe,1,40,
-9.802733,-36.081159,60,OSM:classe,1,50,
-9.802708,-36.585407,60,OSM:classe,1,40,
-9.802682,-36.693813,60,OSM:classe,1,40,
-9.802666,-37.029569,60,OSM:classe,1,40,
-9.802588,-36.712349,60,OSM:classe,1,60,
-9.802573,-36.553078,60,OSM:classe,1,40,
-9.802492,-36.146476,60,OSM:classe,1,60,
-9.802466,-36.553265,60,OSM:classe,1,40,
-9.802460,-36.586011,60,OSM:classe,1,40,
-9.802448,-36.112418,40,OSM:classe,1,40,
-9.802442,-37.319526,60,OSM:classe,1,40,
-9.802378,-36.747988,60,OSM:classe,1,40,
-9.802361,-36.196208,60,OSM:classe,1,60,
-9.802349,-36.620053,80,OSM,0,,
-9.802314,-36.712087,60,OSM:classe,1,40,
-9.802244,-36.765155,60,OSM:classe,1,40,
-9.802228,-36.147466,80,OSM,0,,
-9.802205,-36.579128,60,OSM:classe,1,40,
-9.802195,-36.661152,80,OSM,0,,
-9.802150,-36.621087,60,OSM:classe,1,40,
-9.802140,-36.112240,100,OSM,0,,
-9.802108,-36.082073,60,OSM:classe,1,50,
-9.802101,-36.196969,80,OSM,0,,
-9.802083,-36.392700,60,OSM:classe,1,40,
-9.802029,-36.598505,60,OSM:classe,1,40,
-9.801906,-36.523830,60,OSM:classe,1,40,
-9.801842,-36.150992,60,OSM:classe,1,60,
-9.801803,-36.620350,60,OSM,0,,
-9.801759,-36.200227,80,OSM,0,,
-9.801736,-36.793803,60,OSM:classe,1,40,
-9.801715,-36.276757,60,OSM:classe,1,60,
-9.801633,-36.557517,60,OSM:classe,1,40,
-9.801605,-35.866925,80,OSM,0,,
-9.801580,-36.706024,60,OSM:classe,1,40,
-9.801538,-36.519296,60,OSM:classe,1,40,
-9.801324,-35.866589,80,OSM,0,,
-9.801225,-36.486333,60,OSM:classe,1,40,
-9.801211,-36.193556,80,OSM,0,,
-9.801207,-36.279122,80,OSM,0,,
-9.801200,-36.743652,60,OSM:classe,1,40,
-9.801193,-36.155507,60,OSM:classe,1,60,
-9.801167,-37.134517,60,OSM:classe,1,40,
-9.801019,-37.168037,60,OSM:classe,1,40,
-9.801004,-37.104163,60,OSM:classe,1,40,
-9.800997,-36.191876,60,OSM:classe,1,60,
-9.800990,-36.281229,60,OSM:classe,1,60,
-9.800942,-36.084711,60,OSM:classe,1,50,
-9.800882,-36.187315,60,OSM:classe,1,60,
-9.800860,-36.285532,80,OSM,0,,
-9.800822,-36.190870,80,OSM,0,,
-9.800820,-36.561993,60,OSM:classe,1,40,
-9.800755,-36.182753,60,OSM:classe,1,60,
-9.800722,-36.589634,60,OSM:classe,1,40,
-9.800688,-36.514877,60,OSM:classe,1,40,
-9.800640,-36.285770,60,OSM:classe,1,60,
-9.800623,-36.621105,80,OSM,0,,
-9.800579,-36.181760,80,OSM,0,,
-9.800544,-36.160022,60,OSM:classe,1,60,
-9.800505,-36.085698,60,OSM:classe,1,50,
-9.800498,-36.178198,60,OSM:classe,1,60,
-9.800494,-36.526569,60,OSM:classe,1,40,
-9.800427,-36.111624,80,OSM,0,,
-9.800363,-36.160053,80,OSM,0,,
-9.800241,-36.173642,60,OSM:classe,1,60,
-9.800233,-36.794066,60,OSM:classe,1,40,
-9.800166,-36.288700,80,OSM,0,,
-9.800135,-36.111338,80,OSM,0,,
-9.800121,-36.640324,60,OSM:classe,1,40,
-9.800097,-36.767432,60,OSM:classe,1,40,
-9.800095,-36.174163,80,OSM,0,,
-9.799984,-36.169086,60,OSM:classe,1,60,
-9.799978,-36.709535,60,OSM:classe,1,40,
-9.799969,-36.715706,60,OSM:classe,1,40,
-9.799960,-36.552792,60,OSM:classe,1,40,
-9.799936,-36.289113,60,OSM:classe,1,60,
-9.799894,-36.164538,60,OSM:classe,1,60,
-9.799885,-37.102071,60,OSM:classe,1,40,
-9.799866,-36.363736,80,OSM,0,,
-9.799866,-36.105168,60,OSM:classe,1,40,
-9.799817,-37.228396,60,OSM:classe,1,50,
-9.799811,-36.105227,60,OSM:classe,1,40,
-9.799700,-36.594785,60,OSM:classe,1,40,
-9.799675,-36.643709,60,OSM:classe,1,40,
-9.799621,-36.165276,80,OSM,0,,
-9.799611,-36.166566,80,OSM,0,,
-9.799559,-36.744496,60,OSM:classe,1,40,
-9.799555,-36.708988,60,OSM:classe,1,60,
-9.799541,-36.659663,80,OSM,0,,
-9.799539,-37.026432,60,OSM:classe,1,40,
-9.799428,-36.110906,80,OSM,0,,
-9.799342,-36.564015,60,OSM:classe,1,40,
-9.799289,-36.009166,80,OSM:classe,1,60,
-9.799273,-36.291994,40,OSM:classe,1,40,
-9.799258,-36.495403,60,OSM:classe,1,50,
-9.799072,-37.172080,60,OSM:classe,1,40,
-9.798937,-36.291504,40,OSM:classe,1,40,
-9.798934,-36.098648,60,OSM:classe,1,40,
-9.798927,-36.621798,40,OSM,0,,
-9.798886,-36.510825,60,OSM:classe,1,40,
-9.798873,-36.110574,80,OSM,0,,
-9.798836,-36.391755,60,OSM:classe,1,40,
-9.798767,-36.726548,60,OSM:classe,1,40,
-9.798703,-36.717305,60,OSM:classe,1,40,
-9.798673,-36.089865,60,OSM:classe,1,50,
-9.798640,-36.293444,60,OSM:classe,1,60,
-9.798632,-36.099533,60,OSM:classe,1,40,
-9.798626,-35.865409,80,OSM,0,,
-9.798602,-36.110413,80,OSM,0,,
-9.798582,-36.632189,60,OSM:classe,1,40,
-9.798573,-36.104668,60,OSM:classe,1,40,
-9.798495,-36.592209,60,OSM:classe,1,40,
-9.798482,-36.639426,60,OSM:classe,1,40,
-9.798288,-36.621963,60,OSM,0,,
-9.798268,-35.865237,80,OSM,0,,
-9.798233,-36.794411,60,OSM:classe,1,40,
-9.798205,-36.794414,60,OSM:classe,1,40,
-9.798160,-37.320559,60,OSM:classe,1,40,
-9.798110,-36.623080,60,OSM:classe,1,40,
-9.798082,-36.771476,60,OSM:classe,1,40,
-9.798030,-36.489534,60,OSM:classe,1,40,
-9.798020,-36.578000,60,OSM:classe,1,40,
-9.797949,-37.174588,60,OSM:classe,1,40,
-9.797935,-37.178116,60,OSM:classe,1,40,
-9.797925,-36.010376,80,OSM,0,,
-9.797809,-36.401734,60,OSM:classe,1,40,
-9.797807,-36.523043,60,OSM:classe,1,40,
-9.797804,-36.570429,60,OSM:classe,1,40,
-9.797758,-36.091949,60,OSM:classe,1,50,
-9.797581,-36.297873,60,OSM:classe,1,60,
-9.797391,-36.507035,60,OSM:classe,1,40,
-9.797213,-36.591129,60,OSM:classe,1,40,
-9.797147,-36.300231,80,OSM,0,,
-9.797144,-36.658798,80,OSM,0,,
-9.797113,-36.102821,60,OSM:classe,1,40,
-9.797083,-36.109509,80,OSM,0,,
-9.797081,-36.658777,80,OSM,0,,
-9.797003,-36.393158,60,OSM:classe,1,40,
-9.796917,-36.745025,60,OSM:classe,1,40,
-9.796882,-37.022904,60,OSM:classe,1,40,
-9.796860,-36.493666,60,OSM:classe,1,40,
-9.796806,-36.103703,60,OSM:classe,1,40,
-9.796746,-37.134505,60,OSM:classe,1,40,
-9.796665,-36.622402,40,OSM:classe,1,40,
-9.796654,-36.705501,60,OSM:classe,1,60,
-9.796598,-37.225278,60,OSM:classe,1,50,
-9.796561,-36.200116,80,OSM,0,,
-9.796552,-36.570500,60,OSM:classe,1,40,
-9.796488,-36.577140,60,OSM:classe,1,40,
-9.796466,-36.622840,60,OSM,0,,
-9.796388,-36.721213,60,OSM:classe,1,40,
-9.796338,-36.302258,60,OSM:classe,1,60,
-9.796133,-36.397596,60,OSM:classe,1,40,
-9.796058,-36.622985,40,OSM:classe,1,40,
-9.796005,-36.622663,60,OSM,0,,
-9.795895,-36.096102,60,OSM:classe,1,50,
-9.795835,-36.096235,60,OSM:classe,1,50,
-9.795806,-36.096348,60,OSM:classe,1,50,
-9.795779,-36.096328,60,OSM:classe,1,50,
-9.795751,-36.554381,60,OSM:classe,1,40,
-9.795744,-36.103344,60,OSM:classe,1,40,
-9.795707,-36.783653,60,OSM:classe,1,40,
-9.795705,-36.096485,60,OSM:classe,1,50,
-9.795696,-36.779658,60,OSM:classe,1,40,
-9.795690,-36.011902,80,OSM:classe,1,60,
-9.795673,-36.096652,60,OSM:classe,1,50,
-9.795654,-36.784116,60,OSM:classe,1,40,
-9.795606,-36.788608,60,OSM:classe,1,40,
-9.795588,-36.498038,60,OSM:classe,1,50,
-9.795527,-36.405504,60,OSM:classe,1,40,
-9.795479,-35.863963,80,OSM,0,,
-9.795463,-36.498634,60,OSM:classe,1,40,
-9.795461,-35.863779,80,OSM,0,,
-9.795459,-36.503024,60,OSM:classe,1,40,
-9.795451,-37.102004,60,OSM:classe,1,40,
-9.795435,-37.181314,60,OSM:classe,1,40,
-9.795427,-36.787415,60,OSM:classe,1,40,
-9.795292,-36.106993,60,OSM:classe,1,40,
-9.795237,-36.306807,80,OSM,0,,
-9.795179,-36.200840,80,OSM,0,,
-9.795159,-36.589332,60,OSM:classe,1,40,
-9.795128,-37.323917,60,OSM:classe,1,40,
-9.795122,-36.589297,60,OSM:classe,1,40,
-9.795094,-36.306643,60,OSM:classe,1,60,
-9.795064,-36.790193,60,OSM:classe,1,40,
-9.795044,-36.775174,60,OSM:classe,1,40,
-9.795039,-36.774616,60,OSM:classe,1,40,
-9.795037,-36.107577,60,OSM:classe,1,40,
-9.794981,-36.107873,60,OSM:classe,1,50,
-9.794934,-36.107817,60,OSM:classe,1,50,
-9.794909,-35.863312,40,OSM:classe,1,40,
-9.794902,-36.724217,60,OSM:classe,1,40,
-9.794853,-36.108181,60,OSM:classe,1,50,
-9.794842,-36.108028,60,OSM:classe,1,50,
-9.794765,-36.523091,60,OSM:classe,1,40,
-9.794762,-36.107858,40,OSM:classe,1,40,
-9.794710,-36.107858,60,OSM:classe,1,50,
-9.794526,-36.637256,60,OSM:classe,1,40,
-9.794466,-36.102811,60,OSM:classe,1,40,
-9.794425,-36.102761,60,OSM:classe,1,40,
-9.794393,-36.725303,60,OSM:classe,1,40,
-9.794390,-36.587736,60,OSM:classe,1,40,
-9.794386,-36.401369,60,OSM:classe,1,40,
-9.794371,-36.783147,60,OSM:classe,1,40,
-9.794355,-36.108006,80,OSM,0,,
-9.794339,-36.075876,60,OSM:classe,1,40,
-9.794225,-36.793330,60,OSM:classe,1,40,
-9.794199,-36.623790,60,OSM,0,,
-9.794150,-36.631505,60,OSM:classe,1,40,
-9.794143,-36.702506,60,OSM:classe,1,40,
-9.794107,-36.013521,80,OSM,0,,
-9.793941,-36.624739,60,OSM:classe,1,40,
-9.793853,-36.100824,60,OSM:classe,1,50,
-9.793851,-36.311028,60,OSM:classe,1,60,
-9.793828,-36.100632,60,OSM:classe,1,50,
-9.793821,-35.862836,80,OSM,0,,
-9.793780,-36.100919,40,OSM:classe,1,40,
-9.793774,-36.793815,60,OSM:classe,1,40,
-9.793753,-36.702015,60,OSM:classe,1,60,
-9.793686,-36.794468,60,OSM:classe,1,40,
-9.793649,-36.013453,80,OSM:classe,1,60,
-9.793627,-36.101077,40,OSM:classe,1,40,
-9.793590,-37.182565,60,OSM:classe,1,40,
-9.793548,-36.107555,60,OSM,0,,
-9.793519,-36.107648,60,OSM,0,,
-9.793335,-36.101722,60,OSM:classe,1,50,
-9.793327,-36.313382,80,OSM,0,,
-9.793278,-37.328015,60,OSM:classe,1,40,
-9.793206,-36.102008,60,OSM:classe,1,40,
-9.793190,-36.014274,80,OSM,0,,
-9.793175,-36.591823,60,OSM:classe,1,40,
-9.793079,-37.020561,60,OSM:classe,1,40,
-9.793066,-36.631335,60,OSM:classe,1,40,
-9.793020,-36.584817,60,OSM:classe,1,40,
-9.792973,-36.013989,100,OSM:classe,1,100,
-9.792757,-37.186887,60,OSM:classe,1,40,
-9.792638,-36.014679,80,OSM,0,,
-9.792607,-36.315413,60,OSM:classe,1,60,
-9.792524,-37.133977,60,OSM:classe,1,40,
-9.792482,-36.745568,60,OSM:classe,1,40,
-9.792466,-36.568600,60,OSM:classe,1,40,
-9.792454,-36.014403,100,OSM:classe,1,100,
-9.792432,-37.225339,60,OSM:classe,1,50,
-9.792424,-36.103827,60,OSM:classe,1,50,
-9.792415,-35.861410,40,OSM:classe,1,40,
-9.792346,-36.105552,60,OSM:classe,1,50,
-9.792324,-36.203259,80,OSM,0,,
-9.792162,-36.317398,80,OSM,0,,
-9.792071,-36.105285,60,OSM:classe,1,50,
-9.792042,-36.656965,80,OSM,0,,
-9.792033,-36.104997,60,OSM:classe,1,50,
-9.792026,-36.407937,60,OSM:classe,1,40,
-9.791968,-36.500746,60,OSM:classe,1,50,
-9.791930,-36.624778,60,OSM,0,,
-9.791912,-36.107019,60,OSM,0,,
-9.791906,-36.105328,60,OSM:classe,1,50,
-9.791865,-37.103086,60,OSM:classe,1,40,
-9.791846,-36.105192,60,OSM:classe,1,40,
-9.791801,-36.105277,60,OSM:classe,1,50,
-9.791670,-36.015406,80,OSM,0,,
-9.791619,-36.106974,60,OSM,0,,
-9.791616,-36.624848,60,OSM,0,,
-9.791549,-36.015072,100,OSM:classe,1,100,
-9.791542,-36.105119,60,OSM:classe,1,40,
-9.791516,-36.079384,60,OSM:classe,1,40,
-9.791515,-36.555899,60,OSM:classe,1,40,
-9.791511,-35.860491,80,OSM,0,,
-9.791333,-36.705570,60,OSM:classe,1,40,
-9.791233,-36.796375,60,OSM:classe,1,40,
-9.791219,-36.727909,60,OSM:classe,1,40,
-9.791159,-36.102032,60,OSM:classe,1,40,
-9.791138,-36.319715,60,OSM:classe,1,60,
-9.791131,-36.099411,60,OSM:classe,1,40,
-9.791016,-36.101799,60,OSM:classe,1,40,
-9.790926,-36.320591,80,OSM,0,,
-9.790852,-36.698528,60,OSM:classe,1,60,
-9.790785,-37.331812,60,OSM:classe,1,40,
-9.790776,-36.625580,60,OSM,0,,
-9.790753,-36.204255,80,OSM,0,,
-9.790670,-36.589020,60,OSM:classe,1,40,
-9.790560,-36.106245,60,OSM,0,,
-9.790494,-36.204344,80,OSM,0,,
-9.790491,-36.781045,60,OSM:classe,1,40,
-9.790453,-36.635338,60,OSM:classe,1,40,
-9.790348,-36.595372,60,OSM:classe,1,40,
-9.790348,-36.523868,60,OSM:classe,1,40,
-9.790303,-36.102126,60,OSM:classe,1,40,
-9.790274,-36.627241,60,OSM:classe,1,40,
-9.790212,-36.709744,60,OSM:classe,1,40,
-9.790198,-36.104568,60,OSM:classe,1,40,
-9.790082,-36.095189,60,OSM:classe,1,40,
-9.790064,-37.308224,60,OSM:classe,1,40,
-9.790052,-36.626188,60,OSM,0,,
-9.789953,-36.409516,60,OSM:classe,1,40,
-9.789937,-36.354637,80,OSM,0,,
-9.789622,-36.589014,60,OSM:classe,1,40,
-9.789596,-36.323999,60,OSM:classe,1,60,
-9.789526,-37.189992,60,OSM:classe,1,40,
-9.789411,-36.712322,60,OSM:classe,1,40,
-9.789236,-36.325418,60,OSM:classe,1,40,
-9.789156,-36.696490,60,OSM:classe,1,60,
-9.789047,-37.222393,60,OSM:classe,1,50,
-9.789026,-36.326042,80,OSM,0,,
-9.788984,-36.105313,60,OSM,0,,
-9.788959,-36.348177,60,OSM:classe,1,50,
-9.788958,-37.335966,60,OSM:classe,1,40,
-9.788928,-36.082883,60,OSM:classe,1,40,
-9.788912,-36.348255,60,OSM:classe,1,50,
-9.788895,-36.348163,60,OSM:classe,1,50,
-9.788861,-36.634659,60,OSM:classe,1,40,
-9.788721,-36.105305,60,OSM,0,,
-9.788702,-36.329949,60,OSM:classe,1,40,
-9.788648,-37.020039,60,OSM:classe,1,40,
-9.788640,-36.797696,60,OSM:classe,1,40,
-9.788637,-36.348684,60,OSM:classe,1,50,
-9.788633,-36.631445,60,OSM:classe,1,40,
-9.788623,-36.408463,60,OSM:classe,1,40,
-9.788621,-36.503738,60,OSM:classe,1,50,
-9.788497,-36.747655,60,OSM:classe,1,40,
-9.788468,-36.101706,60,OSM:classe,1,40,
-9.788416,-37.308598,60,OSM:classe,1,40,
-9.788412,-36.327522,60,OSM:classe,1,60,
-9.788382,-36.566692,60,OSM:classe,1,40,
-9.788363,-36.353560,60,OSM:classe,1,50,
-9.788291,-37.103340,60,OSM:classe,1,40,
-9.788265,-36.104224,60,OSM:classe,1,40,
-9.788251,-36.105108,60,OSM,0,,
-9.788225,-36.334484,60,OSM:classe,1,40,
-9.788218,-37.132773,60,OSM:classe,1,40,
-9.788112,-36.348076,40,OSM:classe,1,40,
-9.788017,-36.105228,60,OSM,0,,
-9.787994,-36.017867,100,OSM:classe,1,100,
-9.787881,-35.857236,80,OSM,0,,
-9.787656,-36.330165,40,OSM:classe,1,40,
-9.787585,-37.344176,60,OSM:classe,1,40,
-9.787522,-36.598921,60,OSM:classe,1,40,
-9.787449,-36.347850,60,OSM:classe,1,50,
-9.787439,-36.347937,60,OSM:classe,1,50,
-9.787427,-37.340255,60,OSM:classe,1,40,
-9.787395,-36.338940,60,OSM:classe,1,40,
-9.787380,-36.629998,60,OSM,0,,
-9.787361,-36.345209,60,OSM:classe,1,40,
-9.787351,-36.329593,40,OSM:classe,1,40,
-9.787319,-36.716359,60,OSM:classe,1,40,
-9.787317,-37.218276,60,OSM:classe,1,50,
-9.787316,-36.629934,60,OSM,0,,
-9.787184,-36.557031,60,OSM:classe,1,40,
-9.787180,-36.331598,80,OSM,0,,
-9.787127,-36.349708,60,OSM:classe,1,40,
-9.786955,-36.352967,60,OSM:classe,1,50,
-9.786876,-36.331764,60,OSM:classe,1,60,
-9.786786,-36.727665,60,OSM:classe,1,40,
-9.786678,-36.778753,60,OSM:classe,1,40,
-9.786656,-36.340733,60,OSM:classe,1,40,
-9.786520,-36.630733,60,OSM,0,,
-9.786503,-36.352026,60,OSM:classe,1,50,
-9.786469,-36.630658,60,OSM,0,,
-9.786390,-36.632119,60,OSM:classe,1,40,
-9.786263,-36.106052,60,OSM,0,,
-9.786256,-36.693003,60,OSM:classe,1,60,
-9.786228,-36.093921,60,OSM:classe,1,40,
-9.786199,-36.352518,60,OSM:classe,1,50,
-9.786096,-36.334865,80,OSM,0,,
-9.786060,-36.523563,60,OSM:classe,1,40,
-9.786058,-36.561957,60,OSM:classe,1,40,
-9.786029,-37.348335,60,OSM:classe,1,40,
-9.785978,-36.105993,60,OSM,0,,
-9.785881,-37.192557,60,OSM:classe,1,40,
-9.785846,-36.507329,60,OSM:classe,1,50,
-9.785832,-35.855617,80,OSM,0,,
-9.785829,-36.086017,60,OSM:classe,1,40,
-9.785761,-36.347351,40,OSM:classe,1,40,
-9.785728,-36.657058,60,OSM:classe,1,60,
-9.785670,-36.352091,60,OSM:classe,1,40,
-9.785620,-36.655944,60,OSM:classe,1,60,
-9.785616,-36.352162,60,OSM:classe,1,40,
-9.785583,-36.352044,60,OSM:classe,1,40,
-9.785557,-36.336121,60,OSM:classe,1,60,
-9.785548,-36.352122,60,OSM:classe,1,40,
-9.785443,-36.093099,60,OSM:classe,1,40,
-9.785355,-36.347109,60,OSM:classe,1,50,
-9.785331,-37.105190,60,OSM:classe,1,40,
-9.785183,-36.654150,60,OSM:classe,1,60,
-9.785168,-36.565674,60,OSM:classe,1,40,
-9.785158,-36.588641,60,OSM:classe,1,40,
-9.785155,-36.405578,60,OSM:classe,1,40,
-9.785047,-36.089450,60,OSM:classe,1,40,
-9.784913,-36.631513,60,OSM,0,,
-9.784867,-36.632612,60,OSM:classe,1,40,
-9.784805,-36.653978,80,OSM,0,,
-9.784683,-36.798968,60,OSM:classe,1,40,
-9.784561,-36.602354,60,OSM:classe,1,40,
-9.784538,-36.567349,60,OSM:classe,1,40,
-9.784453,-36.090548,60,OSM:classe,1,40,
-9.784443,-36.100231,60,OSM:classe,1,40,
-9.784440,-36.020661,100,OSM:classe,1,100,
-9.784398,-36.632807,60,OSM:classe,1,40,
-9.784353,-37.018886,60,OSM:classe,1,40,
-9.784329,-36.718588,60,OSM:classe,1,40,
-9.784297,-36.090882,60,OSM:classe,1,40,
-9.784279,-36.091899,60,OSM:classe,1,40,
-9.784268,-36.749205,60,OSM:classe,1,40,
-9.784224,-37.130753,60,OSM:classe,1,40,
-9.784192,-37.309566,60,OSM:classe,1,40,
-9.784191,-36.511436,60,OSM:classe,1,50,
-9.784108,-36.511878,80,OSM:classe,1,60,
-9.784025,-36.340405,60,OSM:classe,1,60,
-9.783967,-36.340886,80,OSM,0,,
-9.783893,-37.196650,60,OSM:classe,1,40,
-9.783889,-36.651733,60,OSM:classe,1,60,
-9.783888,-37.131667,60,OSM:classe,1,40,
-9.783856,-36.021445,80,OSM,0,,
-9.783813,-36.727389,60,OSM:classe,1,40,
-9.783792,-36.104698,60,OSM:classe,1,40,
-9.783780,-36.100053,60,OSM:classe,1,40,
-9.783614,-36.775457,60,OSM:classe,1,40,
-9.783515,-36.560900,60,OSM:classe,1,40,
-9.783461,-37.349223,60,OSM:classe,1,40,
-9.783445,-36.345819,60,OSM:classe,1,50,
-9.783368,-37.217865,60,OSM:classe,1,50,
-9.783356,-36.689516,60,OSM:classe,1,60,
-9.783287,-36.660859,60,OSM:classe,1,60,
-9.783284,-36.105916,40,OSM:classe,1,40,
-9.783220,-36.524527,60,OSM:classe,1,40,
-9.783184,-36.104292,60,OSM:classe,1,40,
-9.783154,-36.520563,60,OSM:classe,1,40,
-9.783149,-36.401000,60,OSM:classe,1,40,
-9.783134,-36.661074,60,OSM:classe,1,60,
-9.783107,-36.731895,60,OSM:classe,1,40,
-9.783101,-36.800411,60,OSM:classe,1,40,
-9.783072,-36.722508,60,OSM:classe,1,40,
-9.783012,-36.661254,60,OSM:classe,1,60,
-9.783008,-36.560788,60,OSM:classe,1,40,
-9.783002,-36.106262,60,OSM,0,,
-9.782990,-36.516003,60,OSM:classe,1,40,
-9.782946,-36.514791,80,OSM:classe,1,60,
-9.782911,-36.661156,40,OSM:classe,1,40,
-9.782882,-36.106055,40,OSM,0,,
-9.782851,-36.556343,60,OSM:classe,1,40,
-9.782820,-36.106272,40,OSM,0,,
-9.782814,-36.661530,60,OSM:classe,1,60,
-9.782732,-36.586321,60,OSM:classe,1,40,
-9.782704,-37.353213,60,OSM:classe,1,40,
-9.782687,-36.727054,60,OSM:classe,1,40,
-9.782585,-36.094207,60,OSM:classe,1,50,
-9.782550,-36.096583,60,OSM:classe,1,40,
-9.782509,-36.105985,40,OSM,0,,
-9.782439,-37.124604,60,OSM:classe,1,40,
-9.782402,-36.736402,60,OSM:classe,1,40,
-9.782325,-36.727396,60,OSM:classe,1,40,
-9.782272,-37.121596,60,OSM:classe,1,40,
-9.782158,-36.647522,60,OSM:classe,1,60,
-9.782054,-36.773256,60,OSM:classe,1,40,
-9.782027,-36.515420,80,OSM:classe,1,60,
-9.781996,-36.402191,60,OSM:classe,1,40,
-9.781990,-36.523671,60,OSM:classe,1,40,
-9.781946,-36.094011,60,OSM:classe,1,50,
-9.781945,-36.097606,60,OSM:classe,1,40,
-9.781905,-37.200742,60,OSM:classe,1,40,
-9.781880,-36.093027,60,OSM:classe,1,40,
-9.781870,-36.569600,60,OSM:classe,1,40,
-9.781834,-36.402501,60,OSM:classe,1,40,
-9.781769,-36.093451,60,OSM:classe,1,40,
-9.781732,-36.093274,60,OSM:classe,1,50,
-9.781661,-36.350022,60,OSM:classe,1,40,
-9.781650,-36.740898,60,OSM:classe,1,40,
-9.781616,-36.095615,60,OSM:classe,1,40,
-9.781579,-36.605769,60,OSM:classe,1,40,
-9.781425,-36.344892,60,OSM:classe,1,50,
-9.781418,-36.098723,60,OSM:classe,1,40,
-9.781376,-36.344081,60,OSM:classe,1,60,
-9.781322,-36.344533,80,OSM,0,,
-9.781222,-36.632983,60,OSM,0,,
-9.781206,-36.797352,60,OSM:classe,1,40,
-9.781101,-36.344900,80,OSM,0,,
-9.781072,-36.206673,80,OSM,0,,
-9.780952,-36.768841,60,OSM:classe,1,40,
-9.780944,-36.096269,60,OSM:classe,1,50,
-9.780940,-36.345066,80,OSM,0,,
-9.780932,-36.344760,60,OSM:classe,1,50,
-9.780916,-37.104404,60,OSM:classe,1,40,
-9.780898,-36.750105,60,OSM:classe,1,40,
-9.780885,-36.023456,100,OSM:classe,1,100,
-9.780855,-36.096116,60,OSM:classe,1,50,
-9.780853,-36.094144,60,OSM:classe,1,50,
-9.780840,-36.633117,60,OSM,0,,
-9.780835,-36.100201,60,OSM:classe,1,40,
-9.780774,-37.134576,60,OSM:classe,1,40,
-9.780772,-36.096210,60,OSM:classe,1,50,
-9.780761,-36.664385,60,OSM:classe,1,60,
-9.780748,-36.093009,60,OSM:classe,1,50,
-9.780718,-36.096451,60,OSM:classe,1,50,
-9.780701,-36.093197,60,OSM:classe,1,50,
-9.780676,-36.750700,60,OSM:classe,1,40,
-9.780661,-36.759813,60,OSM:classe,1,40,
-9.780655,-36.755258,60,OSM:classe,1,40,
-9.780636,-36.345530,80,OSM,0,,
-9.780577,-36.664645,60,OSM:classe,1,60,
-9.780551,-36.745323,60,OSM:classe,1,40,
-9.780522,-36.635052,60,OSM:classe,1,40,
-9.780456,-36.686029,60,OSM:classe,1,60,
-9.780426,-36.643311,60,OSM:classe,1,60,
-9.780404,-36.635416,60,OSM:classe,1,40,
-9.780369,-36.633329,60,OSM,0,,
-9.780360,-37.128545,60,OSM:classe,1,40,
-9.780346,-36.750024,60,OSM:classe,1,40,
-9.780306,-36.098093,60,OSM:classe,1,50,
-9.780300,-35.850693,80,OSM,0,,
-9.780287,-36.092897,60,OSM:classe,1,40,
-9.780277,-36.764359,60,OSM:classe,1,40,
-9.780210,-36.092889,60,OSM:classe,1,50,
-9.780201,-36.803826,60,OSM:classe,1,40,
-9.780154,-35.850742,80,OSM,0,,
-9.780066,-36.101665,60,OSM:classe,1,40,
-9.780041,-36.099113,60,OSM:classe,1,40,
-9.780030,-37.308499,60,OSM:classe,1,40,
-9.780028,-37.018991,60,OSM:classe,1,40,
-9.779984,-37.356778,60,OSM:classe,1,40,
-9.779944,-36.749880,60,OSM:classe,1,40,
-9.779917,-37.204835,60,OSM:classe,1,40,
-9.779829,-36.100674,60,OSM:classe,1,40,
-9.779783,-36.665750,60,OSM:classe,1,60,
-9.779689,-36.101422,60,OSM:classe,1,50,
-9.779676,-36.348261,60,OSM:classe,1,60,
-9.779652,-36.398132,60,OSM:classe,1,40,
-9.779557,-36.608673,60,OSM:classe,1,40,
-9.779552,-36.684941,60,OSM:classe,1,60,
-9.779550,-36.348933,80,OSM,0,,
-9.779541,-36.092562,60,OSM:classe,1,50,
-9.779478,-36.106217,60,OSM,0,,
-9.779452,-36.749748,60,OSM:classe,1,40,
-9.779296,-36.106225,60,OSM:classe,1,50,
-9.779281,-37.216801,60,OSM:classe,1,50,
-9.779266,-36.633595,80,OSM,0,,
-9.779142,-36.571508,60,OSM:classe,1,40,
-9.779123,-36.633804,80,OSM,0,,
-9.779108,-36.106234,40,OSM,0,,
-9.779101,-36.633474,80,OSM,0,,
-9.779085,-36.096874,60,OSM:classe,1,40,
-9.779066,-35.850557,80,OSM,0,,
-9.779007,-36.106045,60,OSM:classe,1,50,
-9.778973,-36.104906,60,OSM:classe,1,50,
-9.778953,-37.361142,60,OSM:classe,1,40,
-9.778951,-36.639734,60,OSM:classe,1,40,
-9.778945,-36.105158,60,OSM:classe,1,50,
-9.778935,-36.525276,60,OSM:classe,1,40,
-9.778933,-36.105287,60,OSM:classe,1,50,
-9.778933,-35.850714,80,OSM,0,,
-9.778879,-36.105741,60,OSM:classe,1,50,
-9.778833,-36.106544,60,OSM,0,,
-9.778807,-36.525309,60,OSM:classe,1,40,
-9.778794,-36.633585,60,OSM,0,,
-9.778766,-36.106044,60,OSM:classe,1,50,
-9.778718,-36.106091,60,OSM:classe,1,50,
-9.778695,-36.639100,60,OSM:classe,1,60,
-9.778675,-36.106232,40,OSM,0,,
-9.778613,-36.559821,60,OSM:classe,1,40,
-9.778560,-36.584637,60,OSM:classe,1,40,
-9.778553,-36.352680,60,OSM:classe,1,60,
-9.778520,-36.667513,40,OSM:classe,1,40,
-9.778509,-37.364857,60,OSM:classe,1,40,
-9.778463,-36.555609,60,OSM:classe,1,40,
-9.778455,-36.092073,60,OSM:classe,1,50,
-9.778394,-36.106215,40,OSM,0,,
-9.778369,-36.529757,60,OSM:classe,1,40,
-9.778365,-37.120322,60,OSM:classe,1,40,
-9.778339,-36.641515,60,OSM:classe,1,40,
-9.778299,-36.517971,80,OSM:classe,1,60,
-9.778282,-36.667831,60,OSM:classe,1,50,
-9.778250,-36.099869,60,OSM:classe,1,40,
-9.778064,-36.354864,80,OSM,0,,
-9.778052,-36.728636,60,OSM:classe,1,40,
-9.778014,-37.369261,60,OSM:classe,1,40,
-9.777939,-36.794257,60,OSM:classe,1,40,
-9.777917,-36.634173,60,OSM,0,,
-9.777909,-36.667952,40,OSM:classe,1,40,
-9.777825,-36.667690,60,OSM:classe,1,50,
-9.777786,-36.667891,60,OSM:classe,1,50,
-9.777770,-37.208787,60,OSM:classe,1,40,
-9.777766,-36.101236,60,OSM:classe,1,40,
-9.777681,-36.091751,60,OSM:classe,1,50,
-9.777537,-36.807323,60,OSM:classe,1,40,
-9.777431,-36.357098,60,OSM:classe,1,60,
-9.777331,-36.026251,100,OSM:classe,1,100,
-9.777304,-36.091751,60,OSM:classe,1,50,
-9.777140,-36.106092,60,OSM:classe,1,40,
-9.777138,-36.635312,60,OSM:classe,1,60,
-9.777134,-36.669437,60,OSM:classe,1,60,
-9.777082,-36.612364,60,OSM:classe,1,40,
-9.776958,-36.091855,60,OSM:classe,1,50,
-9.776944,-36.105848,60,OSM:classe,1,40,
-9.776848,-37.373563,60,OSM:classe,1,40,
-9.776818,-36.105670,60,OSM:classe,1,40,
-9.776812,-37.305347,60,OSM:classe,1,40,
-9.776804,-36.359891,80,OSM,0,,
-9.776739,-36.091661,60,OSM:classe,1,50,
-9.776709,-36.105874,60,OSM:classe,1,40,
-9.776651,-36.681454,60,OSM:classe,1,60,
-9.776575,-36.106037,60,OSM,0,,
-9.776493,-37.134318,60,OSM:classe,1,40,
-9.776476,-36.092146,60,OSM:classe,1,50,
-9.776436,-37.104256,60,OSM:classe,1,40,
-9.776346,-36.831635,60,OSM:classe,1,40,
-9.776317,-36.532990,60,OSM:classe,1,40,
-9.776307,-36.360773,60,OSM:classe,1,60,
-9.776279,-36.634914,60,OSM:classe,1,60,
-9.776179,-37.116496,60,OSM:classe,1,40,
-9.776155,-36.395264,60,OSM:classe,1,40,
-9.776127,-36.634871,60,OSM,0,,
-9.776074,-36.362794,40,OSM:classe,1,40,
-9.776064,-36.747618,60,OSM:classe,1,40,
-9.776041,-36.027483,80,OSM,0,,
-9.776003,-37.017783,60,OSM:classe,1,40,
-9.775957,-36.645349,60,OSM:classe,1,40,
-9.775945,-37.212743,60,OSM:classe,1,40,
-9.775860,-36.574370,60,OSM:classe,1,40,
-9.775850,-36.811545,60,OSM:classe,1,40,
-9.775728,-36.362336,40,OSM:classe,1,40,
-9.775576,-36.635091,40,OSM,0,,
-9.775364,-36.365676,80,OSM,0,,
-9.775342,-37.216101,60,OSM:classe,1,50,
-9.775301,-37.377794,60,OSM:classe,1,40,
-9.775298,-36.365194,60,OSM:classe,1,60,
-9.775122,-36.106167,60,OSM,0,,
-9.775058,-36.599042,60,OSM:classe,1,50,
-9.775016,-36.105861,60,OSM,0,,
-9.774915,-36.585578,60,OSM:classe,1,50,
-9.774783,-36.646935,60,OSM:classe,1,40,
-9.774673,-36.667476,40,OSM:classe,1,40,
-9.774666,-36.587164,60,OSM:classe,1,50,
-9.774614,-36.590140,60,OSM:classe,1,50,
-9.774531,-36.635620,60,OSM:classe,1,40,
-9.774531,-36.523907,60,OSM:classe,1,40,
-9.774486,-36.673124,60,OSM:classe,1,60,
-9.774376,-36.583108,60,OSM:classe,1,40,
-9.774315,-36.673366,60,OSM:classe,1,60,
-9.774306,-36.827741,60,OSM:classe,1,40,
-9.774286,-36.369637,60,OSM:classe,1,60,
-9.774270,-36.815791,60,OSM:classe,1,40,
-9.774264,-36.667254,60,OSM:classe,1,50,
-9.774217,-36.370280,80,OSM,0,,
-9.774216,-36.106078,80,OSM:classe,1,60,
-9.774214,-36.558885,60,OSM:classe,1,40,
-9.774196,-37.013702,60,OSM:classe,1,40,
-9.774171,-36.667389,60,OSM:classe,1,50,
-9.774170,-36.555274,60,OSM:classe,1,40,
-9.774097,-36.673665,60,OSM:classe,1,60,
-9.774085,-36.105738,60,OSM,0,,
-9.774075,-36.594618,60,OSM:classe,1,50,
-9.774068,-36.792330,60,OSM:classe,1,40,
-9.774040,-36.673253,40,OSM:classe,1,40,
-9.774005,-36.518838,80,OSM:classe,1,60,
-9.773961,-36.603467,60,OSM:classe,1,50,
-9.773951,-36.635677,60,OSM,0,,
-9.773934,-37.013332,60,OSM:classe,1,40,
-9.773930,-36.835268,60,OSM:classe,1,40,
-9.773886,-36.673188,60,OSM:classe,1,60,
-9.773859,-36.635856,60,OSM,0,,
-9.773810,-36.727435,60,OSM:classe,1,40,
-9.773809,-36.097268,60,OSM:classe,1,40,
-9.773792,-36.615315,60,OSM:classe,1,40,
-9.773779,-37.216742,60,OSM:classe,1,40,
-9.773777,-36.029046,100,OSM:classe,1,100,
-9.773773,-36.093212,60,OSM:classe,1,50,
-9.773755,-36.098442,80,OSM,0,,
-9.773755,-36.096819,80,OSM,0,,
-9.773751,-36.677967,60,OSM:classe,1,60,
-9.773659,-36.097318,100,OSM,0,,
-9.773654,-36.667386,60,OSM:classe,1,50,
-9.773644,-36.098446,100,OSM,0,,
-9.773593,-36.105678,60,OSM,0,,
-9.773531,-37.104766,60,OSM:classe,1,40,
-9.773504,-36.093488,60,OSM:classe,1,50,
-9.773447,-36.674546,60,OSM:classe,1,60,
-9.773356,-36.674678,60,OSM:classe,1,60,
-9.773349,-36.093757,60,OSM:classe,1,40,
-9.773289,-37.113156,60,OSM:classe,1,40,
-9.773287,-36.391891,60,OSM:classe,1,40,
-9.773225,-36.093052,60,OSM:classe,1,40,
-9.773206,-36.667568,60,OSM:classe,1,50,
-9.773206,-36.374066,60,OSM:classe,1,60,
-9.773168,-37.302674,60,OSM:classe,1,40,
-9.773140,-36.095422,60,OSM:classe,1,40,
-9.773127,-36.094158,60,OSM,0,,
-9.773101,-36.581420,60,OSM:classe,1,50,
-9.773091,-36.105533,60,OSM,0,,
-9.773075,-36.093920,60,OSM,0,,
-9.773064,-36.675826,40,OSM:classe,1,40,
-9.772965,-36.675260,60,OSM:classe,1,60,
-9.772925,-36.093985,100,OSM,0,,
-9.772900,-36.635802,60,OSM,0,,
-9.772872,-36.639249,60,OSM:classe,1,40,
-9.772860,-36.093009,60,OSM,0,,
-9.772823,-36.092871,60,OSM,0,,
-9.772764,-36.675759,60,OSM:classe,1,60,
-9.772742,-36.676226,60,OSM:classe,1,60,
-9.772727,-36.577413,60,OSM:classe,1,40,
-9.772695,-36.093036,100,OSM,0,,
-9.772621,-36.092104,100,OSM,0,,
-9.772612,-36.635922,40,OSM:classe,1,40,
-9.772612,-36.093836,60,OSM:classe,1,40,
-9.772575,-36.667275,60,OSM:classe,1,50,
-9.772498,-36.101573,80,OSM,0,,
-9.772474,-36.105492,60,OSM,0,,
-9.772456,-36.676195,60,OSM:classe,1,40,
-9.772417,-37.011524,60,OSM:classe,1,40,
-9.772402,-36.101533,100,OSM,0,,
-9.772352,-36.104987,60,OSM,0,,
-9.772334,-37.109164,60,OSM:classe,1,40,
-9.772313,-36.091285,60,OSM:classe,1,40,
-9.772296,-36.091255,100,OSM,0,,
-9.772290,-36.607699,60,OSM:classe,1,50,
-9.772274,-36.899392,60,OSM:classe,1,40,
-9.772247,-36.091550,100,OSM,0,,
-9.772133,-36.105144,80,OSM,0,,
-9.772127,-36.378495,60,OSM:classe,1,60,
-9.772084,-36.650584,60,OSM:classe,1,40,
-9.772052,-36.824001,60,OSM:classe,1,40,
-9.772049,-36.745596,60,OSM:classe,1,40,
-9.772046,-36.895479,60,OSM:classe,1,40,
-9.772041,-35.853122,80,OSM,0,,
-9.772037,-37.104555,60,OSM:classe,1,40,
-9.772013,-37.134616,60,OSM:classe,1,40,
-9.771957,-36.091029,60,OSM:classe,1,40,
-9.771952,-36.104102,60,OSM,0,,
-9.771941,-36.103696,60,OSM,0,,
-9.771839,-36.636595,40,OSM,0,,
-9.771837,-36.533114,60,OSM:classe,1,40,
-9.771826,-36.819503,60,OSM:classe,1,40,
-9.771810,-36.103699,80,OSM,0,,
-9.771803,-36.380150,80,OSM,0,,
-9.771801,-36.104397,80,OSM,0,,
-9.771759,-36.578885,60,OSM:classe,1,40,
-9.771656,-36.611485,60,OSM:classe,1,50,
-9.771650,-36.209002,80,OSM,0,,
-9.771570,-36.930325,60,OSM:classe,1,40,
-9.771568,-36.518886,60,OSM:classe,1,50,
-9.771550,-35.853162,40,OSM:classe,1,40,
-9.771519,-36.383570,80,OSM,0,,
-9.771507,-36.680655,60,OSM:classe,1,40,
-9.771502,-37.380071,60,OSM:classe,1,40,
-9.771443,-36.382990,60,OSM:classe,1,60,
-9.771424,-36.651077,60,OSM:classe,1,40,
-9.771402,-36.925765,60,OSM:classe,1,40,
-9.771380,-36.612530,60,OSM:classe,1,50,
-9.771344,-36.387776,60,OSM:classe,1,40,
-9.771284,-37.215914,60,OSM:classe,1,50,
-9.771234,-36.921206,60,OSM:classe,1,40,
-9.771191,-36.636719,60,OSM,0,,
-9.771166,-36.663970,60,OSM:classe,1,50,
-9.771158,-36.388300,80,OSM,0,,
-9.771116,-36.685170,60,OSM:classe,1,40,
-9.771103,-36.663039,60,OSM:classe,1,50,
-9.771092,-36.387539,60,OSM:classe,1,60,
-9.771030,-36.636910,40,OSM,0,,
-9.770948,-36.384822,50,OSM,0,,
-9.770908,-35.853541,40,OSM:classe,1,40,
-9.770907,-36.642581,60,OSM:classe,1,40,
-9.770887,-36.578309,60,OSM:classe,1,50,
-9.770828,-36.903626,60,OSM:classe,1,40,
-9.770776,-35.853518,80,OSM,0,,
-9.770755,-36.088827,100,OSM,0,,
-9.770748,-37.011586,60,OSM:classe,1,40,
-9.770740,-36.392087,60,OSM:classe,1,60,
-9.770641,-36.661207,60,OSM:classe,1,50,
-9.770633,-36.088905,100,OSM,0,,
-9.770613,-36.395167,80,OSM,0,,
-9.770488,-37.011390,60,OSM:classe,1,40,
-9.770429,-35.853457,80,OSM,0,,
-9.770412,-36.661092,60,OSM:classe,1,50,
-9.770389,-36.396636,60,OSM:classe,1,60,
-9.770379,-36.660160,40,OSM:classe,1,40,
-9.770324,-35.841982,60,OSM:classe,1,40,
-9.770320,-36.916751,60,OSM:classe,1,40,
-9.770273,-36.835635,60,OSM:classe,1,40,
-9.770266,-35.841636,60,OSM:classe,1,40,
-9.770239,-36.643332,60,OSM:classe,1,40,
-9.770222,-36.031841,100,OSM:classe,1,100,
-9.770193,-37.010978,60,OSM:classe,1,40,
-9.770180,-36.522785,60,OSM:classe,1,40,
-9.770147,-36.689605,60,OSM:classe,1,40,
-9.770101,-36.078066,100,OSM,0,,
-9.770068,-36.402034,80,OSM,0,,
-9.770037,-36.401185,60,OSM:classe,1,60,
-9.770032,-35.841394,60,OSM:classe,1,40,
-9.770001,-36.077173,100,OSM,0,,
-9.769979,-36.556747,60,OSM:classe,1,40,
-9.769960,-36.078002,100,OSM,0,,
-9.769958,-36.690753,60,OSM:classe,1,40,
-9.769880,-35.843236,60,OSM:classe,1,40,
-9.769875,-36.574024,60,OSM:classe,1,50,
-9.769873,-35.853486,80,OSM,0,,
-9.769841,-36.077171,100,OSM,0,,
-9.769769,-36.078898,100,OSM,0,,
-9.769744,-36.657957,60,OSM:classe,1,50,
-9.769740,-35.844363,60,OSM:classe,1,40,
-9.769737,-36.558458,60,OSM:classe,1,40,
-9.769714,-36.406676,80,OSM,0,,
-9.769690,-36.690704,60,OSM:classe,1,40,
-9.769685,-36.405734,60,OSM:classe,1,60,
-9.769684,-36.616721,60,OSM:classe,1,50,
-9.769656,-36.658138,60,OSM:classe,1,50,
-9.769648,-36.792877,60,OSM:classe,1,40,
-9.769628,-35.844308,60,OSM:classe,1,40,
-9.769553,-36.079665,100,OSM,0,,
-9.769544,-36.912257,60,OSM:classe,1,40,
-9.769536,-36.076229,100,OSM,0,,
-9.769516,-36.672114,60,OSM:classe,1,60,
-9.769511,-36.726144,60,OSM:classe,1,40,
-9.769409,-37.010796,60,OSM:classe,1,40,
-9.769334,-36.410283,60,OSM:classe,1,60,
-9.769302,-36.079700,100,OSM,0,,
-9.769215,-35.853058,80,OSM,0,,
-9.769117,-37.137379,60,OSM:classe,1,40,
-9.769115,-37.302616,60,OSM:classe,1,40,
-9.769100,-36.414259,80,OSM,0,,
-9.769071,-35.853068,80,OSM,0,,
-9.769038,-36.907733,60,OSM:classe,1,40,
-9.768982,-36.414831,60,OSM:classe,1,60,
-9.768957,-36.075853,100,OSM,0,,
-9.768844,-35.846853,60,OSM:classe,1,40,
-9.768817,-36.416972,60,OSM:classe,1,60,
-9.768787,-36.693904,60,OSM:classe,1,40,
-9.768778,-36.418650,40,OSM:classe,1,40,
-9.768752,-35.843833,60,OSM:classe,1,40,
-9.768686,-36.657145,60,OSM:classe,1,50,
-9.768680,-35.839798,60,OSM:classe,1,40,
-9.768641,-36.742040,60,OSM:classe,1,40,
-9.768639,-35.847395,60,OSM:classe,1,40,
-9.768594,-36.392703,50,OSM,0,,
-9.768587,-36.892976,60,OSM:classe,1,40,
-9.768583,-36.742733,60,OSM:classe,1,40,
-9.768499,-36.403990,50,OSM,0,,
-9.768493,-35.847738,60,OSM:classe,1,40,
-9.768487,-36.421843,80,OSM,0,,
-9.768422,-36.418380,40,OSM:classe,1,40,
-9.768406,-36.656737,60,OSM:classe,1,50,
-9.768405,-36.415276,50,OSM,0,,
-9.768402,-35.842811,60,OSM:classe,1,40,
-9.768394,-37.212465,60,OSM:classe,1,50,
-9.768389,-35.847993,60,OSM:classe,1,40,
-9.768363,-36.043657,80,OSM,0,,
-9.768352,-35.848098,60,OSM:classe,1,40,
-9.768343,-36.421456,100,OSM:classe,1,80,
-9.768324,-37.383259,60,OSM:classe,1,40,
-9.768304,-36.211678,80,OSM,0,,
-9.768269,-36.653202,60,OSM:classe,1,40,
-9.768251,-36.646731,40,OSM,0,,
-9.768234,-36.569839,60,OSM:classe,1,50,
-9.768227,-36.033521,80,OSM,0,,
-9.768201,-35.848440,60,OSM:classe,1,40,
-9.768177,-36.045205,80,OSM,0,,
-9.768096,-36.044725,100,OSM:classe,1,100,
-9.768073,-37.102463,60,OSM:classe,1,40,
-9.768070,-35.848760,60,OSM:classe,1,40,
-9.768069,-36.620267,60,OSM:classe,1,50,
-9.768059,-36.075108,80,OSM,0,,
-9.768000,-36.620479,60,OSM:classe,1,50,
-9.767958,-36.423320,80,OSM,0,,
-9.767957,-35.849027,60,OSM:classe,1,40,
-9.767863,-36.646260,60,OSM:classe,1,40,
-9.767781,-36.040018,80,OSM,0,,
-9.767723,-35.851467,40,OSM:classe,1,40,
-9.767723,-35.849600,60,OSM:classe,1,40,
-9.767715,-35.838946,60,OSM:classe,1,40,
-9.767710,-36.423531,50,OSM,0,,
-9.767651,-36.544887,60,OSM:classe,1,50,
-9.767588,-36.556511,60,OSM:classe,1,40,
-9.767546,-36.520388,60,OSM:classe,1,50,
-9.767523,-36.038832,80,OSM,0,,
-9.767519,-35.851547,80,OSM,0,,
-9.767508,-36.083771,100,OSM,0,,
-9.767477,-36.040270,100,OSM:classe,1,100,
-9.767464,-35.850242,60,OSM:classe,1,40,
-9.767459,-36.081760,100,OSM,0,,
-9.767452,-35.851606,80,OSM,0,,
-9.767433,-35.850829,60,OSM:classe,1,40,
-9.767408,-35.850378,60,OSM:classe,1,40,
-9.767387,-36.083855,100,OSM,0,,
-9.767383,-36.034610,80,OSM,0,,
-9.767373,-36.532561,60,OSM:classe,1,40,
-9.767371,-35.850479,60,OSM:classe,1,40,
-9.767312,-36.081672,100,OSM,0,,
-9.767243,-36.540491,60,OSM:classe,1,50,
-9.767213,-36.558445,60,OSM:classe,1,40,
-9.767206,-36.083014,100,OSM,0,,
-9.767204,-36.038913,100,OSM:classe,1,100,
-9.767189,-36.558819,60,OSM:classe,1,50,
-9.767167,-36.035063,100,OSM:classe,1,100,
-9.767118,-36.549417,60,OSM:classe,1,50,
-9.767109,-35.851536,40,OSM:classe,1,40,
-9.767036,-36.082842,100,OSM,0,,
-9.767020,-36.035756,80,OSM,0,,
-9.767018,-36.037092,80,OSM,0,,
-9.766992,-36.698085,60,OSM:classe,1,40,
-9.766977,-36.532512,60,OSM:classe,1,40,
-9.766940,-35.850643,60,OSM:classe,1,60,
-9.766858,-36.551377,60,OSM:classe,1,50,
-9.766836,-36.556213,60,OSM:classe,1,40,
-9.766781,-35.851440,60,OSM:classe,1,60,
-9.766767,-36.566145,60,OSM:classe,1,50,
-9.766754,-35.851850,60,OSM:classe,1,60,
-9.766671,-36.552532,60,OSM:classe,1,50,
-9.766660,-35.852054,60,OSM:classe,1,60,
-9.766621,-36.552622,60,OSM:classe,1,50,
-9.766611,-35.851048,60,OSM:classe,1,60,
-9.766607,-36.552483,60,OSM:classe,1,50,
-9.766598,-36.561675,60,OSM:classe,1,50,
-9.766559,-35.850666,80,OSM,0,,
-9.766544,-35.852346,60,OSM:classe,1,60,
-9.766509,-36.425572,100,OSM:classe,1,80,
-9.766500,-35.850738,80,OSM,0,,
-9.766495,-36.554322,60,OSM:classe,1,50,
-9.766489,-37.390100,60,OSM:classe,1,40,
-9.766478,-36.554242,60,OSM:classe,1,50,
-9.766464,-37.140980,60,OSM:classe,1,40,
-9.766417,-36.725248,60,OSM:classe,1,40,
-9.766356,-36.213908,80,OSM,0,,
-9.766281,-36.553282,60,OSM:classe,1,40,
-9.766232,-35.853101,60,OSM:classe,1,60,
-9.766231,-36.689076,60,OSM:classe,1,40,
-9.766224,-37.098910,60,OSM:classe,1,40,
-9.766216,-36.048829,100,OSM:classe,1,100,
-9.766150,-35.853310,60,OSM:classe,1,60,
-9.766098,-36.624596,60,OSM:classe,1,50,
-9.765992,-36.836497,60,OSM:classe,1,40,
-9.765956,-35.853781,60,OSM:classe,1,60,
-9.765941,-36.669783,60,OSM:classe,1,60,
-9.765862,-36.702495,60,OSM:classe,1,40,
-9.765836,-36.554172,60,OSM:classe,1,40,
-9.765772,-36.521881,60,OSM:classe,1,40,
-9.765748,-36.738692,60,OSM:classe,1,40,
-9.765685,-36.724189,60,OSM:classe,1,40,
-9.765672,-35.854438,60,OSM:classe,1,60,
-9.765619,-36.552989,60,OSM:classe,1,40,
-9.765419,-36.669111,60,OSM:classe,1,60,
-9.765384,-36.073697,80,OSM,0,,
-9.765368,-35.849299,80,OSM,0,,
-9.765358,-36.073425,60,OSM:classe,1,40,
-9.765351,-37.386216,60,OSM:classe,1,40,
-9.765334,-36.793462,60,OSM:classe,1,40,
-9.765288,-36.073855,100,OSM,0,,
-9.765282,-35.849310,80,OSM,0,,
-9.765181,-36.428341,80,OSM,0,,
-9.765150,-36.536453,60,OSM:classe,1,50,
-9.765132,-37.397714,60,OSM:classe,1,40,
-9.765111,-37.012001,60,OSM:classe,1,40,
-9.765072,-37.209662,60,OSM:classe,1,50,
-9.765072,-36.073523,80,OSM,0,,
-9.765067,-35.848448,40,OSM:classe,1,40,
-9.765027,-36.073984,60,OSM:classe,1,40,
-9.764987,-36.073689,100,OSM,0,,
-9.764959,-36.704526,60,OSM:classe,1,40,
-9.764931,-36.428794,80,OSM,0,,
-9.764926,-36.704529,60,OSM:classe,1,40,
-9.764850,-37.302112,60,OSM:classe,1,40,
-9.764779,-35.847619,40,OSM:classe,1,40,
-9.764725,-37.145072,60,OSM:classe,1,40,
-9.764666,-37.394219,60,OSM:classe,1,40,
-9.764657,-35.856870,60,OSM:classe,1,60,
-9.764627,-36.839865,60,OSM:classe,1,40,
-9.764607,-36.734338,60,OSM:classe,1,40,
-9.764605,-36.704507,60,OSM:classe,1,40,
-9.764551,-35.846369,80,OSM,0,,
-9.764522,-36.655724,60,OSM:classe,1,40,
-9.764430,-36.649151,40,OSM:classe,1,40,
-9.764423,-36.716017,60,OSM:classe,1,40,
-9.764414,-35.846259,80,OSM,0,,
-9.764398,-36.649167,60,OSM:classe,1,40,
-9.764394,-36.716671,60,OSM:classe,1,40,
-9.764366,-36.429584,100,OSM:classe,1,80,
-9.764264,-36.656801,60,OSM:classe,1,50,
-9.764250,-36.721756,60,OSM:classe,1,40,
-9.764233,-36.743358,60,OSM:classe,1,40,
-9.764208,-36.655762,60,OSM:classe,1,40,
-9.764207,-36.685002,60,OSM:classe,1,40,
-9.764140,-36.720800,60,OSM:classe,1,40,
-9.764126,-36.893088,60,OSM:classe,1,40,
-9.764110,-36.052860,100,OSM:classe,1,100,
-9.764104,-35.845588,80,OSM,0,,
-9.764086,-36.667486,60,OSM:classe,1,60,
-9.763989,-36.684363,60,OSM:classe,1,40,
-9.763989,-36.586453,80,OSM,0,,
-9.763939,-36.656650,60,OSM:classe,1,50,
-9.763937,-36.684790,60,OSM:classe,1,40,
-9.763930,-35.845540,80,OSM,0,,
-9.763924,-36.684788,60,OSM:classe,1,40,
-9.763873,-36.430711,80,OSM,0,,
-9.763832,-36.522898,60,OSM:classe,1,50,
-9.763818,-36.844344,60,OSM:classe,1,40,
-9.763770,-36.684487,60,OSM:classe,1,40,
-9.763768,-36.555943,60,OSM:classe,1,50,
-9.763761,-36.684642,60,OSM:classe,1,40,
-9.763760,-36.711575,60,OSM:classe,1,40,
-9.763729,-36.217449,80,OSM,0,,
-9.763723,-36.555983,60,OSM:classe,1,50,
-9.763717,-36.646519,60,OSM:classe,1,50,
-9.763713,-36.639666,60,OSM,0,,
-9.763713,-36.534333,80,OSM,0,,
-9.763641,-36.584831,60,OSM:classe,1,60,
-9.763628,-36.533516,80,OSM,0,,
-9.763583,-35.845178,80,OSM,0,,
-9.763566,-36.683774,60,OSM:classe,1,40,
-9.763548,-36.628303,60,OSM:classe,1,50,
-9.763494,-36.655871,60,OSM:classe,1,60,
-9.763479,-36.535548,80,OSM,0,,
-9.763440,-36.431320,60,OSM:classe,1,60,
-9.763413,-35.859862,60,OSM:classe,1,60,
-9.763341,-36.556300,60,OSM:classe,1,50,
-9.763339,-36.589338,60,OSM:classe,1,60,
-9.763321,-36.656773,60,OSM:classe,1,60,
-9.763267,-36.703999,60,OSM:classe,1,40,
-9.763249,-36.704062,60,OSM:classe,1,40,
-9.763126,-36.536233,60,OSM:classe,1,60,
-9.763066,-37.096611,60,OSM:classe,1,40,
-9.763066,-36.218323,80,OSM,0,,
-9.763065,-36.650327,60,OSM:classe,1,50,
-9.763063,-36.640150,40,OSM:classe,1,40,
-9.762992,-36.523343,60,OSM:classe,1,50,
-9.762935,-36.848799,60,OSM:classe,1,40,
-9.762873,-36.532057,60,OSM:classe,1,40,
-9.762861,-36.055408,80,OSM,0,,
-9.762804,-36.726054,60,OSM:classe,1,40,
-9.762791,-36.580351,60,OSM:classe,1,60,
-9.762787,-36.653998,60,OSM:classe,1,40,
-9.762755,-36.640012,60,OSM,0,,
-9.762732,-36.579238,80,OSM,0,,
-9.762704,-36.432818,40,OSM:classe,1,40,
-9.762672,-37.401350,60,OSM:classe,1,40,
-9.762637,-36.661283,60,OSM:classe,1,60,
-9.762578,-36.531994,60,OSM:classe,1,60,
-9.762559,-36.642241,60,OSM:classe,1,50,
-9.762541,-36.661909,60,OSM:classe,1,60,
-9.762495,-36.705954,60,OSM:classe,1,40,
-9.762480,-36.730329,60,OSM:classe,1,40,
-9.762477,-36.432294,40,OSM:classe,1,40,
-9.762401,-36.593800,60,OSM:classe,1,60,
-9.762379,-36.651753,40,OSM,0,,
-9.762253,-37.405106,60,OSM:classe,1,40,
-9.762208,-36.707293,60,OSM:classe,1,40,
-9.762164,-35.862856,60,OSM:classe,1,60,
-9.762152,-36.663770,60,OSM:classe,1,60,
-9.762134,-35.862921,60,OSM:classe,1,60,
-9.762128,-36.640005,60,OSM:classe,1,50,
-9.762068,-36.680794,60,OSM:classe,1,40,
-9.762058,-36.077410,60,OSM:classe,1,40,
-9.762040,-35.863158,60,OSM:classe,1,60,
-9.762038,-36.508931,80,OSM,0,,
-9.762016,-36.724314,60,OSM:classe,1,40,
-9.762003,-36.056891,100,OSM:classe,1,100,
-9.761973,-36.853232,60,OSM:classe,1,40,
-9.761957,-36.652976,60,OSM:classe,1,40,
-9.761942,-36.575870,60,OSM:classe,1,60,
-9.761927,-36.680565,60,OSM:classe,1,50,
-9.761927,-36.640119,60,OSM,0,,
-9.761913,-36.596336,80,OSM,0,,
-9.761909,-36.684061,60,OSM:classe,1,50,
-9.761908,-36.509038,80,OSM,0,,
-9.761857,-36.680444,60,OSM:classe,1,50,
-9.761855,-36.507901,80,OSM,0,,
-9.761816,-36.508000,80,OSM,0,,
-9.761802,-36.680987,60,OSM:classe,1,50,
-9.761797,-36.666005,60,OSM:classe,1,60,
-9.761788,-36.640486,60,OSM:classe,1,50,
-9.761762,-36.540581,60,OSM:classe,1,60,
-9.761756,-36.857789,60,OSM:classe,1,40,
-9.761740,-36.645678,60,OSM:classe,1,50,
-9.761695,-36.639383,60,OSM:classe,1,50,
-9.761691,-35.863994,60,OSM:classe,1,60,
-9.761687,-36.688007,60,OSM:classe,1,40,
-9.761684,-36.639406,60,OSM:classe,1,50,
-9.761680,-36.646036,60,OSM:classe,1,50,
-9.761678,-37.147865,60,OSM:classe,1,40,
-9.761674,-36.680097,60,OSM:classe,1,50,
-9.761655,-35.864073,60,OSM:classe,1,60,
-9.761640,-37.014792,60,OSM:classe,1,40,
-9.761610,-35.864182,60,OSM:classe,1,60,
-9.761590,-36.639387,60,OSM:classe,1,50,
-9.761589,-36.639359,60,OSM:classe,1,50,
-9.761569,-36.675014,60,OSM:classe,1,50,
-9.761551,-36.652473,40,OSM,0,,
-9.761543,-36.524118,30,OSM,0,,
-9.761540,-36.640444,60,OSM:classe,1,50,
-9.761518,-36.687887,60,OSM:classe,1,40,
-9.761491,-36.678418,60,OSM:classe,1,50,
-9.761474,-36.572024,80,OSM,0,,
-9.761464,-36.598263,60,OSM:classe,1,60,
-9.761442,-36.632334,60,OSM:classe,1,50,
-9.761418,-36.511326,80,OSM,0,,
-9.761351,-36.507363,80,OSM,0,,
-9.761343,-36.688498,60,OSM:classe,1,40,
-9.761317,-35.864888,60,OSM:classe,1,60,
-9.761310,-35.844214,30,OSM,0,,
-9.761292,-37.207273,60,OSM:classe,1,50,
-9.761292,-36.640020,60,OSM,0,,
-9.761286,-36.640137,60,OSM,0,,
-9.761283,-36.071496,60,OSM:classe,1,40,
-9.761254,-36.435202,60,OSM:classe,1,60,
-9.761232,-36.862296,60,OSM:classe,1,40,
-9.761220,-36.639575,60,OSM:classe,1,50,
-9.761212,-36.668416,60,OSM:classe,1,60,
-9.761174,-35.865226,60,OSM:classe,1,60,
-9.761124,-36.792008,60,OSM:classe,1,40,
-9.761092,-36.571390,60,OSM:classe,1,60,
-9.761083,-36.435738,80,OSM,0,,
-9.761047,-36.639998,60,OSM,0,,
-9.761035,-36.511849,80,OSM,0,,
-9.761034,-36.640119,60,OSM,0,,
-9.761031,-36.641358,60,OSM:classe,1,50,
-9.760872,-37.408269,60,OSM:classe,1,40,
-9.760830,-36.636737,60,OSM:classe,1,50,
-9.760806,-36.558346,60,OSM:classe,1,50,
-9.760801,-36.636981,60,OSM:classe,1,40,
-9.760754,-37.300367,60,OSM:classe,1,40,
-9.760754,-36.544272,80,OSM,0,,
-9.760692,-36.512509,80,OSM,0,,
-9.760688,-36.567532,60,OSM:classe,1,40,
-9.760685,-36.711022,60,OSM:classe,1,40,
-9.760684,-36.745362,60,OSM:classe,1,40,
-9.760603,-36.651330,60,OSM:classe,1,40,
-9.760600,-37.150928,60,OSM:classe,1,40,
-9.760580,-36.744938,60,OSM:classe,1,40,
-9.760532,-36.746279,60,OSM:classe,1,40,
-9.760526,-36.602725,60,OSM:classe,1,60,
-9.760524,-36.558200,60,OSM:classe,1,40,
-9.760512,-36.639918,60,OSM:classe,1,40,
-9.760495,-36.640018,60,OSM,0,,
-9.760451,-36.650242,60,OSM:classe,1,50,
-9.760426,-36.527989,60,OSM:classe,1,60,
-9.760415,-36.651155,60,OSM:classe,1,40,
-9.760398,-36.544929,60,OSM:classe,1,60,
-9.760331,-36.071190,100,OSM,0,,
-9.760312,-35.866742,60,OSM:classe,1,60,
-9.760276,-36.672381,40,OSM,0,,
-9.760256,-35.866825,60,OSM:classe,1,60,
-9.760245,-36.705047,60,OSM:classe,1,40,
-9.760203,-36.604261,80,OSM,0,,
-9.760181,-36.637449,60,OSM:classe,1,40,
-9.760135,-36.671982,60,OSM:classe,1,40,
-9.760130,-36.637116,60,OSM:classe,1,40,
-9.760121,-36.745017,60,OSM:classe,1,40,
-9.760108,-36.657775,60,OSM:classe,1,50,
-9.760074,-36.070923,80,OSM,0,,
-9.760066,-36.650876,60,OSM:classe,1,50,
-9.760035,-36.866694,60,OSM:classe,1,40,
-9.760017,-37.149813,60,OSM:classe,1,40,
-9.760008,-36.657612,60,OSM:classe,1,50,
-9.759963,-36.605945,40,OSM:classe,1,40,
-9.759921,-36.671506,60,OSM:classe,1,60,
-9.759901,-36.563039,60,OSM:classe,1,40,
-9.759897,-36.060922,100,OSM:classe,1,100,
-9.759863,-36.070779,80,OSM,0,,
-9.759837,-36.606219,80,OSM,0,,
-9.759830,-36.560702,60,OSM:classe,1,50,
-9.759819,-36.562574,60,OSM:classe,1,50,
-9.759792,-36.650779,60,OSM:classe,1,40,
-9.759722,-36.893380,60,OSM:classe,1,40,
-9.759702,-36.657139,60,OSM:classe,1,60,
-9.759685,-36.653219,60,OSM:classe,1,50,
-9.759656,-36.568196,80,OSM,0,,
-9.759614,-36.640064,60,OSM,0,,
-9.759602,-36.605410,80,OSM,0,,
-9.759584,-37.155285,60,OSM:classe,1,40,
-9.759545,-36.526046,80,OSM,0,,
-9.759497,-36.607588,80,OSM,0,,
-9.759474,-35.867710,60,OSM:classe,1,60,
-9.759442,-36.070546,80,OSM,0,,
-9.759407,-36.749049,60,OSM:classe,1,40,
-9.759386,-36.080494,60,OSM:classe,1,40,
-9.759348,-36.567362,40,OSM:classe,1,40,
-9.759347,-35.843494,30,OSM,0,,
-9.759158,-36.640895,60,OSM:classe,1,60,
-9.759155,-36.744750,60,OSM:classe,1,40,
-9.759084,-35.868059,60,OSM:classe,1,60,
-9.759060,-36.439185,60,OSM:classe,1,60,
-9.759053,-36.565571,80,OSM,0,,
-9.759034,-36.549276,60,OSM:classe,1,60,
-9.759012,-36.521529,30,OSM,0,,
-9.759003,-36.658369,60,OSM:classe,1,50,
-9.759001,-37.149269,60,OSM:classe,1,40,
-9.758967,-36.639658,40,OSM:classe,1,40,
-9.758966,-36.640013,60,OSM,0,,
-9.758936,-36.644726,60,OSM:classe,1,60,
-9.758931,-36.691619,60,OSM:classe,1,40,
-9.758918,-36.644996,60,OSM:classe,1,60,
-9.758910,-36.514502,80,OSM,0,,
-9.758910,-36.514333,80,OSM,0,,
-9.758898,-36.715131,60,OSM:classe,1,40,
-9.758837,-36.871092,60,OSM:classe,1,40,
-9.758831,-36.684947,60,OSM:classe,1,50,
-9.758804,-37.096262,60,OSM:classe,1,40,
-9.758737,-36.692217,60,OSM:classe,1,40,
-9.758735,-36.657565,60,OSM:classe,1,60,
-9.758731,-36.647924,60,OSM:classe,1,60,
-9.758730,-36.505160,80,OSM,0,,
-9.758700,-36.648642,60,OSM:classe,1,60,
-9.758684,-37.150093,60,OSM:classe,1,40,
-9.758672,-36.504973,80,OSM,0,,
-9.758588,-36.692113,60,OSM:classe,1,40,
-9.758510,-36.568135,40,OSM:classe,1,40,
-9.758507,-37.018057,60,OSM:classe,1,40,
-9.758507,-36.639699,60,OSM,0,,
-9.758471,-37.412095,60,OSM:classe,1,40,
-9.758461,-36.550712,40,OSM:classe,1,40,
-9.758459,-36.557266,60,OSM:classe,1,50,
-9.758454,-36.523858,50,OSM,0,,
-9.758448,-36.559078,60,OSM:classe,1,40,
-9.758399,-36.069982,80,OSM,0,,
-9.758365,-36.567913,60,OSM:classe,1,60,
-9.758320,-36.650638,60,OSM:classe,1,60,
-9.758299,-36.557400,60,OSM:classe,1,50,
-9.758251,-36.524045,50,OSM,0,,
-9.758249,-36.515996,80,OSM,0,,
-9.758223,-36.556642,60,OSM:classe,1,40,
-9.758193,-36.667357,60,OSM:classe,1,60,
-9.758155,-37.204004,60,OSM:classe,1,50,
-9.758150,-36.441047,80,OSM,0,,
-9.758145,-36.552316,40,OSM:classe,1,40,
-9.758125,-36.524070,60,OSM:classe,1,60,
-9.758119,-36.743250,60,OSM:classe,1,40,
-9.758106,-36.515715,80,OSM,0,,
-9.758092,-36.873626,60,OSM:classe,1,40,
-9.758067,-36.753393,60,OSM:classe,1,40,
-9.758058,-36.659064,60,OSM:classe,1,50,
-9.758042,-36.754175,60,OSM:classe,1,40,
-9.758028,-36.552995,80,OSM,0,,
-9.758028,-35.868960,60,OSM:classe,1,60,
-9.757998,-36.788792,60,OSM:classe,1,40,
-9.757988,-35.868992,60,OSM:classe,1,60,
-9.757971,-36.559147,60,OSM:classe,1,40,
-9.757965,-36.556313,40,OSM:classe,1,40,
-9.757950,-36.517967,80,OSM,0,,
-9.757841,-36.672364,40,OSM,0,,
-9.757836,-36.780171,60,OSM:classe,1,40,
-9.757834,-35.842751,30,OSM,0,,
-9.757800,-36.659457,60,OSM:classe,1,50,
-9.757790,-36.064953,100,OSM:classe,1,100,
-9.757761,-36.616102,80,OSM,0,,
-9.757726,-35.842816,30,OSM,0,,
-9.757695,-36.730051,60,OSM:classe,1,40,
-9.757670,-36.659355,60,OSM:classe,1,50,
-9.757666,-36.719492,60,OSM:classe,1,40,
-9.757623,-36.517403,40,OSM:classe,1,40,
-9.757615,-36.723379,60,OSM:classe,1,40,
-9.757594,-36.616077,80,OSM,0,,
-9.757570,-36.658609,60,OSM:classe,1,60,
-9.757560,-36.065393,100,OSM:classe,1,100,
-9.757546,-36.065611,80,OSM,0,,
-9.757543,-36.725491,60,OSM:classe,1,40,
-9.757540,-36.652640,60,OSM:classe,1,60,
-9.757529,-36.666146,60,OSM:classe,1,60,
-9.757401,-36.522629,80,OSM,0,,
-9.757390,-36.720931,60,OSM:classe,1,40,
-9.757373,-36.672563,60,OSM:classe,1,50,
-9.757340,-36.066001,100,OSM:classe,1,100,
-9.757333,-36.775697,60,OSM:classe,1,40,
-9.757271,-35.869581,60,OSM:classe,1,60,
-9.757260,-36.519719,80,OSM,0,,
-9.757241,-36.658929,60,OSM:classe,1,60,
-9.757152,-36.551619,40,OSM:classe,1,40,
-9.757150,-36.521842,80,OSM,0,,
-9.757123,-36.654134,60,OSM:classe,1,50,
-9.757107,-36.694266,60,OSM:classe,1,40,
-9.757100,-36.519774,80,OSM,0,,
-9.757099,-36.739114,60,OSM:classe,1,40,
-9.757095,-36.672360,40,OSM,0,,
-9.757038,-36.738865,60,OSM:classe,1,40,
-9.757020,-36.520558,60,OSM:classe,1,40,
-9.757012,-36.694879,60,OSM:classe,1,40,
-9.757009,-36.672534,60,OSM:classe,1,50,
-9.756976,-36.066493,100,OSM:classe,1,100,
-9.756971,-36.673542,40,OSM,0,,
-9.756968,-36.665259,40,OSM:classe,1,40,
-9.756885,-36.665449,40,OSM,0,,
-9.756867,-36.443167,60,OSM:classe,1,60,
-9.756848,-36.665410,60,OSM:classe,1,60,
-9.756796,-37.158612,60,OSM:classe,1,40,
-9.756789,-36.672359,40,OSM,0,,
-9.756750,-36.783464,60,OSM:classe,1,40,
-9.756743,-36.674301,40,OSM,0,,
-9.756641,-37.299175,60,OSM:classe,1,40,
-9.756592,-36.734463,60,OSM:classe,1,40,
-9.756518,-36.665033,60,OSM:classe,1,60,
-9.756503,-36.665862,40,OSM,0,,
-9.756488,-36.661038,60,OSM:classe,1,40,
-9.756429,-37.416160,60,OSM:classe,1,40,
-9.756421,-36.083924,60,OSM:classe,1,40,
-9.756415,-36.662481,60,OSM:classe,1,50,
-9.756393,-36.684900,60,OSM:classe,1,50,
-9.756355,-36.068911,80,OSM,0,,
-9.756338,-36.622382,80,OSM,0,,
-9.756307,-35.870388,60,OSM:classe,1,60,
-9.756296,-36.069054,80,OSM,0,,
-9.756277,-36.622026,80,OSM,0,,
-9.756262,-36.444544,80,OSM,0,,
-9.756186,-36.674964,40,OSM,0,,
-9.756135,-36.068240,40,OSM:classe,1,40,
-9.756134,-36.890830,60,OSM:classe,1,40,
-9.756039,-36.771333,60,OSM:classe,1,40,
-9.756030,-36.758255,60,OSM:classe,1,40,
-9.756025,-36.068445,100,OSM:classe,1,100,
-9.755994,-36.694796,60,OSM:classe,1,50,
-9.755976,-36.654777,40,OSM:classe,1,40,
-9.755965,-36.660050,60,OSM:classe,1,40,
-9.755964,-36.068412,100,OSM:classe,1,100,
-9.755956,-36.552267,60,OSM:classe,1,60,
-9.755875,-36.704202,60,OSM:classe,1,40,
-9.755864,-36.503532,60,OSM:classe,1,60,
-9.755838,-35.870770,60,OSM:classe,1,60,
-9.755820,-36.744437,60,OSM:classe,1,40,
-9.755808,-36.663736,60,OSM:classe,1,50,
-9.755801,-36.663050,60,OSM:classe,1,40,
-9.755764,-36.740541,60,OSM:classe,1,40,
-9.755760,-36.655358,60,OSM:classe,1,50,
-9.755733,-36.069031,100,OSM:classe,1,100,
-9.755717,-36.623893,80,OSM,0,,
-9.755669,-36.068991,40,OSM:classe,1,40,
-9.755645,-36.662848,60,OSM:classe,1,40,
-9.755640,-37.021548,60,OSM:classe,1,40,
-9.755637,-36.664049,60,OSM:classe,1,50,
-9.755601,-36.664013,60,OSM:classe,1,60,
-9.755570,-36.660396,60,OSM:classe,1,60,
-9.755556,-36.564399,60,OSM:classe,1,60,
-9.755543,-36.691607,60,OSM:classe,1,50,
-9.755533,-36.663949,60,OSM:classe,1,40,
-9.755501,-36.657162,60,OSM:classe,1,40,
-9.755494,-36.664375,60,OSM:classe,1,60,
-9.755431,-36.655018,60,OSM:classe,1,50,
-9.755388,-36.068401,80,OSM,0,,
-9.755369,-36.655082,60,OSM:classe,1,50,
-9.755360,-36.663760,60,OSM:classe,1,60,
-9.755294,-35.871240,60,OSM:classe,1,60,
-9.755289,-36.624338,80,OSM,0,,
-9.755272,-37.200521,60,OSM:classe,1,50,
-9.755210,-36.068472,80,OSM,0,,
-9.755162,-36.766895,60,OSM:classe,1,40,
-9.755157,-36.655301,60,OSM:classe,1,60,
-9.755079,-36.664566,60,OSM:classe,1,40,
-9.754901,-36.502861,80,OSM,0,,
-9.754851,-36.655629,60,OSM:classe,1,40,
-9.754831,-36.876561,60,OSM:classe,1,40,
-9.754796,-35.871651,60,OSM:classe,1,60,
-9.754752,-36.657742,40,OSM,0,,
-9.754725,-36.553845,60,OSM:classe,1,40,
-9.754595,-37.424594,60,OSM:classe,1,40,
-9.754592,-37.094885,60,OSM:classe,1,40,
-9.754589,-36.553475,40,OSM:classe,1,40,
-9.754517,-36.762391,60,OSM:classe,1,40,
-9.754497,-37.420278,60,OSM:classe,1,40,
-9.754464,-37.425314,60,OSM:classe,1,40,
-9.754434,-36.659226,60,OSM:classe,1,60,
-9.754405,-36.553653,60,OSM:classe,1,40,
-9.754393,-36.664053,60,OSM:classe,1,40,
-9.754384,-36.786365,60,OSM:classe,1,40,
-9.754374,-36.446954,60,OSM:classe,1,60,
-9.754340,-36.761682,60,OSM:classe,1,40,
-9.754328,-36.744816,60,OSM:classe,1,40,
-9.754303,-36.553599,40,OSM:classe,1,40,
-9.754269,-35.872094,60,OSM:classe,1,60,
-9.754241,-36.648971,60,OSM:classe,1,40,
-9.754198,-36.625960,80,OSM,0,,
-9.754197,-36.517384,60,OSM:classe,1,40,
-9.754096,-36.227185,80,OSM,0,,
-9.754040,-36.656384,60,OSM:classe,1,60,
-9.754036,-36.502767,80,OSM,0,,
-9.753988,-36.625754,60,OSM:classe,1,40,
-9.753966,-35.872349,60,OSM:classe,1,60,
-9.753874,-37.295647,60,OSM:classe,1,40,
-9.753861,-36.638720,60,OSM,0,,
-9.753828,-36.560598,60,OSM:classe,1,40,
-9.753778,-36.661980,60,OSM:classe,1,60,
-9.753753,-36.687684,60,OSM:classe,1,50,
-9.753671,-36.448182,80,OSM,0,,
-9.753649,-36.560271,60,OSM:classe,1,60,
-9.753637,-36.655630,60,OSM:classe,1,40,
-9.753597,-36.887160,60,OSM:classe,1,40,
-9.753509,-36.787720,60,OSM:classe,1,40,
-9.753477,-36.067373,80,OSM,0,,
-9.753465,-36.654559,60,OSM:classe,1,40,
-9.753456,-36.087354,60,OSM:classe,1,40,
-9.753347,-36.676227,60,OSM:classe,1,40,
-9.753346,-36.555870,60,OSM:classe,1,60,
-9.753281,-36.676252,40,OSM,0,,
-9.753264,-37.160883,60,OSM:classe,1,40,
-9.753241,-36.650002,60,OSM:classe,1,40,
-9.753209,-36.657107,60,OSM:classe,1,60,
-9.753157,-36.657021,60,OSM:classe,1,60,
-9.753142,-37.424205,60,OSM:classe,1,40,
-9.753130,-36.647754,60,OSM:classe,1,40,
-9.753117,-37.429667,60,OSM:classe,1,40,
-9.752988,-36.656753,60,OSM:classe,1,60,
-9.752928,-37.025183,60,OSM:classe,1,40,
-9.752915,-37.424506,60,OSM:classe,1,40,
-9.752915,-36.675763,60,OSM:classe,1,40,
-9.752910,-36.638564,60,OSM,0,,
-9.752908,-36.638381,60,OSM,0,,
-9.752905,-36.790584,60,OSM:classe,1,40,
-9.752903,-36.643342,60,OSM:classe,1,40,
-9.752892,-36.703099,60,OSM:classe,1,40,
-9.752849,-36.680461,60,OSM:classe,1,50,
-9.752830,-36.672424,40,OSM,0,,
-9.752806,-36.657506,60,OSM:classe,1,60,
-9.752803,-36.694383,60,OSM:classe,1,50,
-9.752798,-36.795145,60,OSM:classe,1,40,
-9.752791,-36.657434,60,OSM:classe,1,60,
-9.752769,-37.196731,60,OSM:classe,1,50,
-9.752769,-36.680375,60,OSM:classe,1,50,
-9.752748,-36.621491,60,OSM:classe,1,40,
-9.752743,-36.680702,60,OSM:classe,1,50,
-9.752728,-36.657549,60,OSM:classe,1,40,
-9.752672,-36.879588,60,OSM:classe,1,40,
-9.752668,-36.638786,60,OSM:classe,1,40,
-9.752659,-36.671008,60,OSM:classe,1,40,
-9.752641,-36.659452,60,OSM:classe,1,40,
-9.752632,-36.702911,60,OSM:classe,1,40,
-9.752588,-36.666303,60,OSM:classe,1,40,
-9.752586,-35.873512,60,OSM:classe,1,60,
-9.752582,-36.659384,60,OSM:classe,1,40,
-9.752543,-36.676780,40,OSM,0,,
-9.752540,-35.873724,40,OSM:classe,1,40,
-9.752513,-36.680538,60,OSM:classe,1,50,
-9.752456,-35.873623,60,OSM:classe,1,60,
-9.752449,-36.679973,60,OSM:classe,1,50,
-9.752359,-36.679417,40,OSM,0,,
-9.752354,-36.638085,60,OSM:classe,1,40,
-9.752342,-35.873717,60,OSM:classe,1,60,
-9.752314,-36.679053,40,OSM,0,,
-9.752309,-36.746036,60,OSM:classe,1,40,
-9.752285,-36.658044,60,OSM:classe,1,40,
-9.752191,-36.677593,40,OSM,0,,
-9.752167,-36.663251,60,OSM:classe,1,40,
-9.752146,-36.513351,60,OSM:classe,1,40,
-9.752111,-36.666480,60,OSM:classe,1,60,
-9.752097,-36.682533,60,OSM:classe,1,50,
-9.752093,-36.666281,60,OSM:classe,1,40,
-9.752052,-36.665823,60,OSM:classe,1,40,
-9.752044,-36.450848,60,OSM:classe,1,60,
-9.751945,-36.637597,60,OSM,0,,
-9.751905,-36.746526,60,OSM:classe,1,40,
-9.751884,-36.658479,60,OSM:classe,1,40,
-9.751870,-36.690944,60,OSM:classe,1,50,
-9.751868,-36.637508,60,OSM:classe,1,40,
-9.751801,-35.873603,60,OSM:classe,1,40,
-9.751591,-36.503427,60,OSM:classe,1,60,
-9.751220,-36.653555,60,OSM:classe,1,60,
-9.751191,-37.092636,60,OSM:classe,1,40,
-9.751170,-36.660449,40,OSM,0,,
-9.751158,-35.874003,60,OSM:classe,1,40,
-9.751143,-36.653699,60,OSM:classe,1,40,
-9.751136,-37.428689,60,OSM:classe,1,40,
-9.751129,-36.642083,60,OSM:classe,1,40,
-9.751106,-36.653244,60,OSM:classe,1,60,
-9.751097,-37.433083,60,OSM:classe,1,40,
-9.751079,-37.292072,60,OSM:classe,1,40,
-9.751057,-36.658320,60,OSM:classe,1,40,
-9.751041,-36.642848,60,OSM:classe,1,40,
-9.751018,-36.653289,60,OSM:classe,1,60,
-9.750966,-37.428629,60,OSM:classe,1,40,
-9.750957,-35.874140,60,OSM:classe,1,40,
-9.750939,-35.840062,80,OSM,0,,
-9.750934,-36.883752,60,OSM:classe,1,40,
-9.750828,-36.658520,60,OSM:classe,1,40,
-9.750815,-36.683105,60,OSM:classe,1,50,
-9.750766,-36.682914,60,OSM:classe,1,50,
-9.750753,-36.654074,60,OSM:classe,1,40,
-9.750684,-36.503536,80,OSM,0,,
-9.750654,-36.686580,60,OSM:classe,1,50,
-9.750633,-37.429533,60,OSM:classe,1,40,
-9.750631,-37.432954,60,OSM:classe,1,40,
-9.750497,-36.652337,60,OSM:classe,1,60,
-9.750491,-36.090784,60,OSM:classe,1,40,
-9.750472,-36.672460,60,OSM:classe,1,40,
-9.750377,-36.683651,60,OSM:classe,1,50,
-9.750356,-36.664682,60,OSM:classe,1,40,
-9.750349,-37.430875,60,OSM:classe,1,40,
-9.750348,-36.662314,40,OSM,0,,
-9.750337,-36.798408,60,OSM:classe,1,40,
-9.750283,-36.657651,60,OSM:classe,1,40,
-9.750206,-36.552397,60,OSM:classe,1,40,
-9.750188,-36.762894,60,OSM:classe,1,40,
-9.750097,-37.443527,60,OSM:classe,1,40,
-9.750095,-36.659652,40,OSM,0,,
-9.750089,-36.674958,60,OSM:classe,1,40,
-9.750086,-37.443826,60,OSM:classe,1,40,
-9.750050,-37.028688,60,OSM:classe,1,40,
-9.750023,-35.839570,80,OSM,0,,
-9.750011,-36.664954,60,OSM:classe,1,40,
-9.749955,-36.503507,80,OSM,0,,
-9.749889,-37.442012,60,OSM:classe,1,40,
-9.749858,-37.445757,60,OSM:classe,1,40,
-9.749854,-36.659296,40,OSM,0,,
-9.749841,-36.454825,60,OSM:classe,1,60,
-9.749828,-37.432494,60,OSM:classe,1,50,
-9.749746,-36.648875,60,OSM:classe,1,40,
-9.749743,-37.433110,60,OSM:classe,1,50,
-9.749723,-36.666077,40,OSM,0,,
-9.749719,-37.433354,60,OSM:classe,1,40,
-9.749680,-37.193583,60,OSM:classe,1,50,
-9.749680,-36.676951,60,OSM:classe,1,40,
-9.749678,-36.666271,40,OSM,0,,
-9.749628,-36.659954,60,OSM:classe,1,40,
-9.749587,-37.432435,60,OSM:classe,1,50,
-9.749513,-36.643299,60,OSM:classe,1,40,
-9.749502,-37.433098,60,OSM:classe,1,50,
-9.749471,-36.657467,60,OSM:classe,1,40,
-9.749458,-37.435659,60,OSM:classe,1,40,
-9.749443,-36.786374,60,OSM:classe,1,40,
-9.749411,-37.162006,60,OSM:classe,1,40,
-9.749403,-36.678520,40,OSM,0,,
-9.749389,-36.667575,40,OSM,0,,
-9.749382,-36.646248,60,OSM:classe,1,40,
-9.749327,-37.434697,60,OSM:classe,1,40,
-9.749273,-37.437731,60,OSM:classe,1,40,
-9.749259,-37.437893,60,OSM:classe,1,40,
-9.749219,-37.435569,60,OSM:classe,1,40,
-9.749172,-37.439183,60,OSM:classe,1,40,
-9.749150,-37.437647,60,OSM:classe,1,40,
-9.749073,-35.876849,60,OSM:classe,1,60,
-9.749069,-36.668776,40,OSM,0,,
-9.749035,-37.439144,60,OSM:classe,1,40,
-9.748961,-36.749975,60,OSM:classe,1,40,
-9.748957,-36.649236,60,OSM:classe,1,60,
-9.748939,-36.065128,80,OSM,0,,
-9.748756,-36.663715,40,OSM,0,,
-9.748735,-36.633886,60,OSM,0,,
-9.748711,-36.681225,60,OSM:classe,1,40,
-9.748678,-36.663556,60,OSM:classe,1,40,
-9.748606,-36.639348,60,OSM:classe,1,40,
-9.748601,-36.700911,60,OSM:classe,1,40,
-9.748563,-37.435461,60,OSM:classe,1,40,
-9.748533,-37.447531,60,OSM:classe,1,40,
-9.748451,-36.510793,60,OSM:classe,1,40,
-9.748418,-36.633640,60,OSM,0,,
-9.748371,-36.648244,60,OSM:classe,1,40,
-9.748346,-36.622377,60,OSM:classe,1,40,
-9.748335,-36.457755,80,OSM,0,,
-9.748327,-36.632339,80,OSM,0,,
-9.748313,-36.648349,60,OSM:classe,1,60,
-9.748311,-36.632274,80,OSM,0,,
-9.748284,-37.288498,60,OSM:classe,1,40,
-9.748226,-36.632873,60,OSM,0,,
-9.748220,-36.632820,80,OSM,0,,
-9.748209,-36.639552,60,OSM:classe,1,40,
-9.748206,-36.744169,60,OSM:classe,1,40,
-9.748177,-36.653867,60,OSM:classe,1,40,
-9.748163,-36.672494,40,OSM,0,,
-9.748020,-36.648838,60,OSM:classe,1,40,
-9.747984,-37.448751,60,OSM:classe,1,40,
-9.747979,-37.032650,60,OSM:classe,1,40,
-9.747829,-36.633308,60,OSM,0,,
-9.747823,-37.271258,60,OSM:classe,1,40,
-9.747819,-36.458474,60,OSM:classe,1,60,
-9.747812,-36.632491,80,OSM,0,,
-9.747811,-36.657525,60,OSM:classe,1,40,
-9.747804,-36.633307,60,OSM,0,,
-9.747730,-36.632503,80,OSM,0,,
-9.747625,-36.660315,60,OSM:classe,1,40,
-9.747609,-36.622560,60,OSM:classe,1,40,
-9.747561,-36.655828,60,OSM:classe,1,40,
-9.747526,-36.094214,60,OSM:classe,1,40,
-9.747451,-36.655614,60,OSM:classe,1,40,
-9.747444,-36.632806,80,OSM,0,,
-9.747443,-35.878611,40,OSM:classe,1,40,
-9.747440,-36.646761,60,OSM:classe,1,60,
-9.747440,-36.632955,60,OSM,0,,
-9.747426,-35.878428,60,OSM:classe,1,60,
-9.747422,-37.189650,60,OSM:classe,1,50,
-9.747420,-36.700439,60,OSM:classe,1,40,
-9.747394,-36.502362,60,OSM:classe,1,60,
-9.747365,-35.876876,60,OSM:classe,1,40,
-9.747357,-36.633589,60,OSM,0,,
-9.747352,-35.878505,60,OSM:classe,1,60,
-9.747342,-36.632335,80,OSM,0,,
-9.747319,-36.655755,60,OSM:classe,1,40,
-9.747303,-37.448875,60,OSM:classe,1,40,
-9.747283,-36.633467,60,OSM,0,,
-9.747276,-35.878585,60,OSM:classe,1,60,
-9.747250,-36.700619,60,OSM:classe,1,40,
-9.747184,-37.090936,60,OSM:classe,1,40,
-9.747109,-36.660394,60,OSM:classe,1,40,
-9.747082,-36.665084,40,OSM,0,,
-9.747048,-36.665114,40,OSM,0,,
-9.747034,-36.665341,60,OSM:classe,1,40,
-9.747016,-36.659990,60,OSM:classe,1,40,
-9.746963,-37.432763,60,OSM:classe,1,60,
-9.746953,-36.665852,40,OSM,0,,
-9.746932,-36.666030,60,OSM:classe,1,60,
-9.746873,-36.659373,60,OSM:classe,1,40,
-9.746852,-37.435029,60,OSM:classe,1,40,
-9.746826,-36.460394,40,OSM:classe,1,40,
-9.746808,-36.645229,60,OSM:classe,1,60,
-9.746798,-36.666779,60,OSM:classe,1,40,
-9.746734,-36.459913,40,OSM:classe,1,40,
-9.746672,-36.662648,60,OSM:classe,1,40,
-9.746633,-36.685271,60,OSM:classe,1,40,
-9.746586,-37.271628,60,OSM:classe,1,40,
-9.746556,-36.644914,60,OSM:classe,1,40,
-9.746542,-36.663389,60,OSM:classe,1,40,
-9.746453,-36.667894,40,OSM,0,,
-9.746419,-36.650874,60,OSM:classe,1,40,
-9.746352,-36.662750,60,OSM:classe,1,40,
-9.746321,-36.645044,60,OSM:classe,1,40,
-9.746212,-36.799784,60,OSM:classe,1,40,
-9.746204,-36.665795,40,OSM,0,,
-9.746116,-37.164495,60,OSM:classe,1,40,
-9.746085,-36.700158,60,OSM:classe,1,40,
-9.746019,-36.665958,40,OSM,0,,
-9.745995,-36.695076,60,OSM:classe,1,40,
-9.745926,-36.507237,60,OSM:classe,1,40,
-9.745885,-36.697133,60,OSM:classe,1,40,
-9.745879,-36.753238,60,OSM:classe,1,40,
-9.745858,-36.659635,60,OSM:classe,1,40,
-9.745842,-36.761724,60,OSM:classe,1,40,
-9.745817,-36.658214,60,OSM:classe,1,40,
-9.745815,-36.652873,60,OSM:classe,1,40,
-9.745715,-36.783849,60,OSM:classe,1,40,
-9.745650,-36.665931,60,OSM:classe,1,60,
-9.745626,-36.701543,60,OSM:classe,1,40,
-9.745574,-35.880368,60,OSM:classe,1,60,
-9.745560,-36.462383,60,OSM:classe,1,60,
-9.745488,-36.690742,60,OSM:classe,1,40,
-9.745444,-36.623046,60,OSM:classe,1,40,
-9.745415,-36.690618,60,OSM:classe,1,40,
-9.745392,-36.652166,60,OSM:classe,1,40,
-9.745351,-36.624235,60,OSM:classe,1,40,
-9.745251,-36.642776,60,OSM:classe,1,60,
-9.745186,-36.501128,40,OSM:classe,1,40,
-9.745182,-36.635927,60,OSM,0,,
-9.745157,-37.285321,60,OSM:classe,1,40,
-9.745125,-36.236047,80,OSM,0,,
-9.745116,-36.702404,60,OSM:classe,1,40,
-9.744908,-36.672528,40,OSM,0,,
-9.744894,-36.636261,40,OSM,0,,
-9.744800,-36.672673,40,OSM,0,,
-9.744660,-37.035410,60,OSM:classe,1,40,
-9.744658,-36.641221,60,OSM:classe,1,60,
-9.744564,-36.500814,80,OSM,0,,
-9.744561,-36.097644,60,OSM:classe,1,40,
-9.744555,-36.689317,60,OSM:classe,1,40,
-9.744509,-35.881480,60,OSM:classe,1,60,
-9.744508,-37.186199,60,OSM:classe,1,50,
-9.744489,-36.659747,60,OSM:classe,1,40,
-9.744452,-36.667244,40,OSM,0,,
-9.744406,-36.655335,60,OSM:classe,1,40,
-9.744351,-36.664795,60,OSM:classe,1,40,
-9.744305,-36.501135,40,OSM:classe,1,40,
-9.744280,-35.881723,60,OSM:classe,1,60,
-9.744266,-36.641745,60,OSM:classe,1,40,
-9.744249,-36.658006,60,OSM:classe,1,40,
-9.744246,-36.658118,60,OSM:classe,1,40,
-9.744242,-36.660540,60,OSM:classe,1,40,
-9.744152,-35.837309,80,OSM,0,,
-9.744104,-36.665804,60,OSM:classe,1,40,
-9.744041,-36.647002,60,OSM:classe,1,40,
-9.744035,-36.660663,60,OSM:classe,1,40,
-9.744030,-36.667088,40,OSM,0,,
-9.744021,-36.667587,60,OSM:classe,1,40,
-9.743982,-36.803745,60,OSM:classe,1,40,
-9.743972,-36.742633,60,OSM:classe,1,40,
-9.743907,-35.879790,60,OSM:classe,1,40,
-9.743766,-36.628441,80,OSM,0,,
-9.743751,-35.882285,60,OSM:classe,1,60,
-9.743700,-37.168293,60,OSM:classe,1,40,
-9.743641,-36.666944,60,OSM:classe,1,40,
-9.743634,-36.673870,40,OSM,0,,
-9.743603,-36.505335,60,OSM:classe,1,40,
-9.743566,-36.500222,60,OSM:classe,1,60,
-9.743425,-36.688010,30,OSM,0,,
-9.743413,-37.088717,60,OSM:classe,1,40,
-9.743411,-36.499873,80,OSM,0,,
-9.743387,-37.434344,60,OSM:classe,1,40,
-9.743387,-36.466377,60,OSM:classe,1,60,
-9.743386,-36.500004,60,OSM:classe,1,60,
-9.743365,-35.901085,80,OSM,0,,
-9.743321,-36.505214,60,OSM:classe,1,40,
-9.743258,-35.882810,60,OSM:classe,1,60,
-9.743257,-36.648851,60,OSM:classe,1,40,
-9.743209,-36.688388,30,OSM,0,,
-9.743198,-36.674687,40,OSM,0,,
-9.743192,-36.638487,60,OSM:classe,1,60,
-9.743145,-36.676510,40,OSM,0,,
-9.743104,-36.686705,60,OSM:classe,1,40,
-9.743061,-36.638791,60,OSM:classe,1,60,
-9.743019,-36.677252,40,OSM,0,,
-9.743017,-36.688752,30,OSM,0,,
-9.743010,-37.434131,60,OSM:classe,1,40,
-9.742999,-36.467328,80,OSM,0,,
-9.742971,-36.638746,60,OSM,0,,
-9.742954,-36.687732,30,OSM,0,,
-9.742913,-35.836792,80,OSM,0,,
-9.742850,-36.675629,40,OSM,0,,
-9.742834,-36.655154,60,OSM:classe,1,40,
-9.742815,-36.678116,40,OSM,0,,
-9.742794,-36.689121,30,OSM,0,,
-9.742791,-36.753014,60,OSM:classe,1,40,
-9.742687,-36.687300,30,OSM,0,,
-9.742669,-36.061784,80,OSM,0,,
-9.742587,-36.689491,30,OSM,0,,
-9.742582,-36.469504,80,OSM,0,,
-9.742576,-35.903253,80,OSM,0,,
-9.742564,-36.687529,30,OSM,0,,
-9.742560,-36.655228,60,OSM:classe,1,40,
-9.742542,-36.061529,80,OSM,0,,
-9.742526,-35.898498,80,OSM,0,,
-9.742523,-36.468887,60,OSM:classe,1,40,
-9.742513,-35.883589,60,OSM:classe,1,60,
-9.742502,-37.433196,60,OSM:classe,1,60,
-9.742486,-36.061689,80,OSM,0,,
-9.742426,-36.061655,80,OSM,0,,
-9.742420,-37.433211,60,OSM:classe,1,60,
-9.742391,-36.470763,60,OSM:classe,1,60,
-9.742383,-36.689863,30,OSM,0,,
-9.742374,-36.647229,60,OSM:classe,1,40,
-9.742362,-36.687891,30,OSM,0,,
-9.742359,-36.780948,60,OSM:classe,1,40,
-9.742331,-36.755902,60,OSM:classe,1,40,
-9.742224,-36.705818,60,OSM:classe,1,40,
-9.742211,-35.836390,80,OSM,0,,
-9.742204,-37.271091,60,OSM:classe,1,40,
-9.742166,-36.706054,60,OSM:classe,1,40,
-9.742159,-36.688249,30,OSM,0,,
-9.742133,-36.474198,80,OSM,0,,
-9.741958,-36.688602,30,OSM,0,,
-9.741934,-36.678383,40,OSM,0,,
-9.741910,-36.665494,60,OSM:classe,1,40,
-9.741877,-35.884602,60,OSM:classe,1,60,
-9.741837,-35.905072,80,OSM,0,,
-9.741788,-36.666243,40,OSM,0,,
-9.741764,-36.665582,60,OSM:classe,1,60,
-9.741741,-36.688984,30,OSM,0,,
-9.741720,-36.665591,40,OSM,0,,
-9.741704,-37.172380,60,OSM:classe,1,40,
-9.741671,-36.475240,60,OSM:classe,1,60,
-9.741642,-35.885124,60,OSM:classe,1,60,
-9.741596,-36.101074,60,OSM:classe,1,40,
-9.741578,-36.760280,60,OSM:classe,1,40,
-9.741552,-36.665629,60,OSM:classe,1,60,
-9.741532,-36.689353,30,OSM,0,,
-9.741517,-35.885404,60,OSM:classe,1,60,
-9.741408,-36.504009,60,OSM:classe,1,40,
-9.741371,-35.836058,80,OSM,0,,
-9.741359,-35.885737,60,OSM:classe,1,60,
-9.741295,-35.885871,60,OSM:classe,1,60,
-9.741271,-36.806648,60,OSM:classe,1,40,
-9.741196,-36.760280,60,OSM:classe,1,40,
-9.741194,-35.836365,80,OSM,0,,
-9.741186,-37.183123,60,OSM:classe,1,50,
-9.741148,-37.283318,60,OSM:classe,1,40,
-9.741071,-36.644865,60,OSM:classe,1,40,
-9.741060,-35.896015,60,OSM,0,,
-9.741031,-36.670026,40,OSM,0,,
-9.741015,-35.895807,60,OSM:classe,1,40,
-9.740962,-36.655877,60,OSM:classe,1,40,
-9.740933,-36.659433,60,OSM:classe,1,40,
-9.740903,-36.496212,60,OSM:classe,1,60,
-9.740866,-35.894218,60,OSM,0,,
-9.740821,-35.886992,60,OSM:classe,1,60,
-9.740756,-35.883038,60,OSM:classe,1,40,
-9.740718,-36.706682,60,OSM:classe,1,40,
-9.740680,-36.657434,60,OSM:classe,1,40,
-9.740601,-37.433592,60,OSM:classe,1,60,
-9.740601,-35.887495,60,OSM:classe,1,60,
-9.740576,-35.887560,60,OSM:classe,1,60,
-9.740494,-36.679746,40,OSM,0,,
-9.740465,-36.641427,60,OSM,0,,
-9.740426,-36.060602,100,OSM:classe,1,100,
-9.740419,-35.887915,60,OSM:classe,1,60,
-9.740393,-36.479614,60,OSM:classe,1,60,
-9.740355,-36.480270,80,OSM,0,,
-9.740350,-36.494935,80,OSM,0,,
-9.740333,-37.036618,60,OSM:classe,1,40,
-9.740328,-35.888138,60,OSM:classe,1,60,
-9.740323,-36.643938,60,OSM:classe,1,40,
-9.740184,-36.494610,80,OSM,0,,
-9.740171,-36.503329,60,OSM:classe,1,40,
-9.740132,-35.888582,60,OSM:classe,1,60,
-9.740098,-35.909884,80,OSM,0,,
-9.740092,-36.642100,40,OSM:classe,1,40,
-9.740020,-35.888819,60,OSM:classe,1,60,
-9.740011,-36.683411,60,OSM:classe,1,40,
-9.739992,-35.889353,40,OSM:classe,1,40,
-9.739968,-36.642004,40,OSM,0,,
-9.739965,-36.642264,40,OSM:classe,1,40,
-9.739962,-36.662301,60,OSM:classe,1,40,
-9.739939,-36.662288,60,OSM:classe,1,40,
-9.739881,-35.913990,80,OSM,0,,
-9.739839,-35.889373,60,OSM:classe,1,60,
-9.739824,-35.889547,40,OSM:classe,1,40,
-9.739806,-36.468187,60,OSM:classe,1,40,
-9.739801,-36.711068,60,OSM:classe,1,40,
-9.739789,-35.889594,40,OSM,0,,
-9.739775,-36.642503,60,OSM,0,,
-9.739771,-35.889959,40,OSM,0,,
-9.739770,-37.176499,60,OSM:classe,1,40,
-9.739715,-36.741196,60,OSM:classe,1,40,
-9.739689,-36.241466,80,OSM,0,,
-9.739682,-35.889653,60,OSM:classe,1,60,
-9.739665,-36.777378,60,OSM:classe,1,40,
-9.739586,-37.433590,60,OSM:classe,1,60,
-9.739561,-35.889642,40,OSM,0,,
-9.739484,-36.483801,60,OSM:classe,1,60,
-9.739455,-36.484235,80,OSM,0,,
-9.739433,-35.889398,60,OSM:classe,1,60,
-9.739358,-36.661160,60,OSM:classe,1,40,
-9.739220,-36.642874,40,OSM:classe,1,40,
-9.739194,-35.835285,80,OSM,0,,
-9.739147,-35.919360,80,OSM,0,,
-9.739110,-36.497768,60,OSM:classe,1,40,
-9.739056,-36.661791,60,OSM:classe,1,40,
-9.739049,-35.835215,80,OSM,0,,
-9.739042,-36.644651,60,OSM:classe,1,40,
-9.739030,-35.889694,60,OSM:classe,1,60,
-9.739010,-36.643409,40,OSM:classe,1,40,
-9.738994,-37.088466,60,OSM:classe,1,40,
-9.738961,-36.492838,60,OSM:classe,1,40,
-9.738959,-36.049469,60,OSM:classe,1,40,
-9.738955,-36.764212,60,OSM:classe,1,40,
-9.738909,-36.680775,40,OSM,0,,
-9.738874,-36.058430,60,OSM:classe,1,40,
-9.738867,-37.056911,60,OSM:classe,1,40,
-9.738856,-37.084092,60,OSM:classe,1,40,
-9.738785,-36.485779,40,OSM:classe,1,40,
-9.738779,-36.493106,60,OSM:classe,1,40,
-9.738774,-36.502431,60,OSM:classe,1,40,
-9.738743,-36.715461,60,OSM:classe,1,40,
-9.738741,-36.014859,60,OSM:classe,1,40,
-9.738692,-36.754442,60,OSM:classe,1,40,
-9.738682,-36.485381,40,OSM:classe,1,40,
-9.738666,-37.079533,60,OSM:classe,1,40,
-9.738631,-36.104504,60,OSM:classe,1,40,
-9.738624,-36.053986,60,OSM:classe,1,40,
-9.738568,-36.019402,60,OSM:classe,1,40,
-9.738567,-36.492314,60,OSM:classe,1,60,
-9.738541,-37.074973,60,OSM:classe,1,40,
-9.738494,-36.706500,60,OSM:classe,1,40,
-9.738488,-37.061457,60,OSM:classe,1,40,
-9.738482,-37.088621,60,OSM:classe,1,40,
-9.738427,-36.649415,60,OSM:classe,1,40,
-9.738421,-36.059284,60,OSM:classe,1,40,
-9.738415,-36.720006,60,OSM:classe,1,40,
-9.738323,-36.496793,60,OSM:classe,1,40,
-9.738313,-36.502097,60,OSM:classe,1,40,
-9.738282,-36.502203,60,OSM:classe,1,40,
-9.738272,-36.059459,80,OSM,0,,
-9.738243,-37.070508,60,OSM:classe,1,40,
-9.738230,-37.269030,60,OSM:classe,1,40,
-9.738206,-36.487121,80,OSM,0,,
-9.738187,-36.502043,60,OSM:classe,1,40,
-9.738138,-36.502159,60,OSM:classe,1,40,
-9.738132,-36.644195,60,OSM:classe,1,40,
-9.738110,-35.892325,60,OSM:classe,1,40,
-9.738109,-37.066003,60,OSM:classe,1,40,
-9.738057,-36.655173,40,OSM,0,,
-9.737925,-36.488035,60,OSM:classe,1,60,
-9.737893,-36.490854,80,OSM,0,,
-9.737877,-36.494107,60,OSM:classe,1,40,
-9.737863,-36.682397,40,OSM,0,,
-9.737836,-37.180618,60,OSM:classe,1,40,
-9.737828,-36.502091,60,OSM:classe,1,40,
-9.737792,-36.023864,60,OSM:classe,1,40,
-9.737773,-36.494225,60,OSM:classe,1,40,
-9.737689,-36.489881,80,OSM,0,,
-9.737648,-36.657030,40,OSM,0,,
-9.737634,-36.010437,60,OSM:classe,1,40,
-9.737587,-37.180405,60,OSM:classe,1,50,
-9.737552,-36.644889,40,OSM,0,,
-9.737451,-36.045336,60,OSM:classe,1,40,
-9.737438,-36.501863,60,OSM:classe,1,40,
-9.737329,-36.666835,60,OSM:classe,1,50,
-9.737186,-35.885801,60,OSM:classe,1,40,
-9.737137,-36.645441,40,OSM,0,,
-9.737132,-36.707451,60,OSM:classe,1,40,
-9.736999,-36.058434,80,OSM,0,,
-9.736932,-36.058634,80,OSM,0,,
-9.736886,-35.924296,80,OSM,0,,
-9.736884,-36.501563,60,OSM:classe,1,40,
-9.736849,-37.282047,60,OSM:classe,1,40,
-9.736844,-36.499862,60,OSM:classe,1,40,
-9.736841,-36.805997,60,OSM:classe,1,40,
-9.736824,-36.646205,60,OSM,0,,
-9.736813,-35.890770,60,OSM:classe,1,40,
-9.736761,-36.666049,60,OSM:classe,1,50,
-9.736539,-36.500235,60,OSM:classe,1,40,
-9.736527,-36.006015,60,OSM:classe,1,40,
-9.736475,-36.665674,60,OSM:classe,1,50,
-9.736460,-36.774337,60,OSM:classe,1,40,
-9.736321,-36.641761,60,OSM:classe,1,40,
-9.736304,-35.890733,60,OSM:classe,1,40,
-9.736293,-36.659508,60,OSM:classe,1,40,
-9.736114,-37.038187,60,OSM:classe,1,40,
-9.736083,-36.501140,60,OSM:classe,1,40,
-9.736080,-36.501872,60,OSM:classe,1,40,
-9.736072,-36.674325,60,OSM:classe,1,40,
-9.736063,-36.028008,60,OSM:classe,1,40,
-9.736024,-36.674151,40,OSM,0,,
-9.736009,-36.731982,60,OSM:classe,1,40,
-9.735993,-36.736447,60,OSM:classe,1,40,
-9.735986,-36.654866,60,OSM:classe,1,40,
-9.735985,-36.660115,60,OSM:classe,1,40,
-9.735952,-36.681447,60,OSM:classe,1,40,
-9.735934,-36.723721,60,OSM:classe,1,40,
-9.735873,-36.503536,60,OSM:classe,1,40,
-9.735807,-36.501851,60,OSM:classe,1,40,
-9.735691,-36.656719,60,OSM:classe,1,40,
-9.735666,-36.107934,60,OSM:classe,1,40,
-9.735656,-36.467278,60,OSM:classe,1,40,
-9.735639,-37.091458,60,OSM:classe,1,40,
-9.735630,-36.467219,60,OSM:classe,1,40,
-9.735471,-36.766502,60,OSM:classe,1,40,
-9.735461,-36.503771,40,OSM,0,,
-9.735448,-36.648938,40,OSM,0,,
-9.735420,-36.001593,60,OSM:classe,1,40,
-9.735364,-36.658961,60,OSM:classe,1,40,
-9.735329,-36.649175,40,OSM,0,,
-9.735280,-37.433946,60,OSM:classe,1,60,
-9.735248,-36.740668,60,OSM:classe,1,40,
-9.735182,-36.665662,60,OSM:classe,1,50,
-9.735083,-36.649737,60,OSM,0,,
-9.735062,-36.503998,40,OSM,0,,
-9.735060,-36.029823,60,OSM:classe,1,40,
-9.734995,-36.649944,40,OSM,0,,
-9.734944,-35.891516,60,OSM:classe,1,60,
-9.734796,-36.639308,60,OSM:classe,1,40,
-9.734747,-35.997106,60,OSM:classe,1,40,
-9.734719,-36.041718,60,OSM:classe,1,40,
-9.734715,-36.504268,60,OSM:classe,1,40,
-9.734624,-36.727680,60,OSM:classe,1,40,
-9.734571,-37.056286,60,OSM:classe,1,40,
-9.734538,-36.666258,40,OSM:classe,1,40,
-9.734522,-36.732258,60,OSM:classe,1,40,
-9.734511,-36.732203,60,OSM:classe,1,40,
-9.734478,-36.465334,60,OSM:classe,1,40,
-9.734471,-36.651173,40,OSM:classe,1,40,
-9.734454,-35.890941,60,OSM:classe,1,40,
-9.734431,-35.889388,60,OSM:classe,1,40,
-9.734426,-35.995792,60,OSM:classe,1,40,
-9.734386,-36.502772,40,OSM,0,,
-9.734376,-36.755723,60,OSM:classe,1,40,
-9.734338,-35.991418,60,OSM:classe,1,40,
-9.734322,-35.891868,60,OSM:classe,1,60,
-9.734313,-35.928145,80,OSM,0,,
-9.734298,-36.280373,80,OSM,0,,
-9.734268,-36.731659,60,OSM:classe,1,40,
-9.734244,-36.503232,40,OSM,0,,
-9.734179,-36.731416,60,OSM:classe,1,40,
-9.734102,-36.731440,60,OSM:classe,1,40,
-9.734055,-37.267699,60,OSM:classe,1,40,
-9.734053,-36.501655,60,OSM:classe,1,40,
-9.734051,-35.833055,80,OSM,0,,
-9.734048,-36.652410,60,OSM,0,,
-9.733992,-36.278095,80,OSM,0,,
-9.733971,-36.619416,80,OSM,0,,
-9.733963,-36.243900,80,OSM,0,,
-9.733959,-35.833131,80,OSM,0,,
-9.733938,-37.177745,60,OSM:classe,1,50,
-9.733932,-36.652379,60,OSM:classe,1,50,
-9.733863,-35.891324,60,OSM:classe,1,40,
-9.733839,-35.931745,80,OSM,0,,
-9.733802,-36.277147,80,OSM,0,,
-9.733736,-36.730080,60,OSM:classe,1,40,
-9.733733,-36.729938,60,OSM:classe,1,40,
-9.733728,-36.652358,40,OSM:classe,1,40,
-9.733649,-36.654516,60,OSM:classe,1,40,
-9.733628,-36.734197,60,OSM:classe,1,40,
-9.733627,-36.730054,60,OSM:classe,1,40,
-9.733567,-35.891443,60,OSM:classe,1,40,
-9.733549,-35.986927,60,OSM:classe,1,40,
-9.733437,-35.935735,80,OSM,0,,
-9.733372,-36.656359,60,OSM:classe,1,40,
-9.733329,-36.275313,80,OSM,0,,
-9.733295,-36.732276,60,OSM:classe,1,40,
-9.733294,-36.770344,60,OSM:classe,1,40,
-9.733291,-36.033954,60,OSM:classe,1,40,
-9.733273,-36.665881,60,OSM:classe,1,50,
-9.733247,-36.770467,60,OSM:classe,1,40,
-9.733239,-36.244599,80,OSM,0,,
-9.733167,-36.657672,60,OSM:classe,1,40,
-9.733167,-36.654457,60,OSM,0,,
-9.733085,-36.662712,60,OSM:classe,1,40,
-9.733055,-36.658405,60,OSM:classe,1,40,
-9.733019,-36.771400,60,OSM:classe,1,40,
-9.733007,-35.937263,80,OSM,0,,
-9.733002,-36.668074,60,OSM:classe,1,60,
-9.732946,-36.707497,60,OSM:classe,1,40,
-9.732938,-35.892471,60,OSM:classe,1,60,
-9.732931,-37.094756,60,OSM:classe,1,40,
-9.732841,-37.041220,60,OSM:classe,1,40,
-9.732776,-36.659613,60,OSM:classe,1,40,
-9.732760,-35.982435,60,OSM:classe,1,40,
-9.732734,-36.661101,60,OSM:classe,1,40,
-9.732701,-36.111364,60,OSM:classe,1,40,
-9.732693,-37.280307,60,OSM:classe,1,40,
-9.732605,-35.938189,80,OSM,0,,
-9.732592,-35.892688,60,OSM:classe,1,60,
-9.732506,-36.656200,60,OSM:classe,1,40,
-9.732453,-36.506016,60,OSM:classe,1,40,
-9.732417,-36.806660,60,OSM:classe,1,40,
-9.732403,-36.656148,60,OSM:classe,1,40,
-9.732317,-35.832329,80,OSM,0,,
-9.732283,-36.656081,40,OSM:classe,1,40,
-9.732273,-35.832441,80,OSM,0,,
-9.732264,-37.099156,60,OSM:classe,1,40,
-9.732233,-36.678924,60,OSM:classe,1,40,
-9.732212,-36.732152,60,OSM:classe,1,40,
-9.732197,-36.767879,60,OSM:classe,1,40,
-9.732044,-35.939588,80,OSM,0,,
-9.731971,-35.977944,60,OSM:classe,1,40,
-9.731860,-36.766355,60,OSM:classe,1,40,
-9.731846,-36.038209,60,OSM:classe,1,40,
-9.731843,-36.736581,60,OSM:classe,1,40,
-9.731805,-37.103604,60,OSM:classe,1,40,
-9.731724,-36.677837,40,OSM,0,,
-9.731712,-36.246972,80,OSM,0,,
-9.731674,-36.271999,80,OSM,0,,
-9.731649,-36.762077,60,OSM:classe,1,40,
-9.731509,-36.658197,60,OSM,0,,
-9.731487,-37.108121,60,OSM:classe,1,40,
-9.731402,-36.658139,60,OSM,0,,
-9.731396,-35.943309,80,OSM,0,,
-9.731383,-36.658470,60,OSM,0,,
-9.731360,-35.893954,60,OSM:classe,1,60,
-9.731333,-36.678216,40,OSM,0,,
-9.731327,-36.658295,80,OSM,0,,
-9.731284,-36.658391,80,OSM,0,,
-9.731268,-36.636691,60,OSM:classe,1,40,
-9.731182,-35.973452,60,OSM:classe,1,40,
-9.731180,-35.823535,60,OSM:classe,1,40,
-9.731169,-37.432805,60,OSM:classe,1,60,
-9.731160,-36.286915,80,OSM,0,,
-9.731127,-35.822108,60,OSM:classe,1,40,
-9.731062,-36.269450,80,OSM,0,,
-9.731055,-35.892327,60,OSM:classe,1,40,
-9.731008,-35.894356,60,OSM:classe,1,60,
-9.730883,-35.947443,60,OSM:classe,1,40,
-9.730822,-36.678644,40,OSM,0,,
-9.730699,-36.665459,60,OSM:classe,1,50,
-9.730657,-36.678707,60,OSM:classe,1,40,
-9.730520,-36.757767,60,OSM:classe,1,40,
-9.730519,-35.948505,60,OSM:classe,1,40,
-9.730517,-36.678749,40,OSM,0,,
-9.730496,-36.501095,60,OSM:classe,1,40,
-9.730484,-36.773967,60,OSM:classe,1,40,
-9.730465,-36.678965,60,OSM:classe,1,40,
-9.730434,-35.892570,60,OSM:classe,1,40,
-9.730423,-37.174900,60,OSM:classe,1,50,
-9.730393,-35.968961,60,OSM:classe,1,40,
-9.730353,-37.057533,60,OSM:classe,1,40,
-9.730341,-37.044911,60,OSM:classe,1,40,
-9.730310,-35.895117,60,OSM:classe,1,60,
-9.730303,-36.509957,60,OSM:classe,1,40,
-9.730251,-36.740592,60,OSM:classe,1,40,
-9.730141,-36.255288,80,OSM,0,,
-9.730123,-36.259505,80,OSM,0,,
-9.730094,-35.895351,60,OSM:classe,1,40,
-9.730091,-35.892677,60,OSM:classe,1,40,
-9.730061,-35.895388,60,OSM:classe,1,60,
-9.730052,-36.465048,60,OSM:classe,1,40,
-9.729989,-36.755795,60,OSM:classe,1,40,
-9.729871,-36.665494,40,OSM:classe,1,40,
-9.729744,-35.893102,60,OSM:classe,1,40,
-9.729736,-36.114794,60,OSM:classe,1,40,
-9.729674,-35.892824,60,OSM:classe,1,40,
-9.729665,-37.266963,60,OSM:classe,1,40,
-9.729655,-35.964461,60,OSM:classe,1,40,
-9.729641,-36.253278,80,OSM,0,,
-9.729601,-35.892846,60,OSM:classe,1,40,
-9.729592,-36.755728,60,OSM:classe,1,40,
-9.729592,-36.651381,60,OSM:classe,1,50,
-9.729577,-36.663139,40,OSM:classe,1,40,
-9.729552,-36.663655,40,OSM:classe,1,40,
-9.729515,-36.730518,60,OSM:classe,1,40,
-9.729503,-36.250534,80,OSM,0,,
-9.729443,-36.676617,40,OSM,0,,
-9.729440,-36.680058,60,OSM:classe,1,40,
-9.729340,-35.892941,60,OSM:classe,1,40,
-9.729294,-36.665508,40,OSM:classe,1,40,
-9.729205,-36.252150,80,OSM,0,,
-9.729118,-35.959933,60,OSM:classe,1,40,
-9.728999,-35.827316,60,OSM:classe,1,40,
-9.728960,-36.665364,60,OSM:classe,1,50,
-9.728877,-36.293217,80,OSM,0,,
-9.728875,-36.616190,80,OSM,0,,
-9.728796,-36.665855,60,OSM:classe,1,50,
-9.728771,-36.709094,60,OSM:classe,1,40,
-9.728734,-35.955387,60,OSM:classe,1,40,
-9.728703,-36.744672,60,OSM:classe,1,40,
-9.728696,-36.666149,40,OSM:classe,1,40,
-9.728674,-36.669313,60,OSM:classe,1,60,
-9.728648,-35.951442,60,OSM:classe,1,40,
-9.728618,-36.650993,60,OSM:classe,1,50,
-9.728569,-35.817552,60,OSM:classe,1,40,
-9.728568,-36.674472,40,OSM,0,,
-9.728454,-37.279219,60,OSM:classe,1,40,
-9.728450,-36.673677,40,OSM,0,,
-9.728431,-35.951799,60,OSM:classe,1,40,
-9.728392,-36.805418,60,OSM:classe,1,40,
-9.728376,-35.819074,60,OSM:classe,1,40,
-9.728266,-37.111107,60,OSM:classe,1,40,
-9.728254,-36.672388,40,OSM,0,,
-9.728253,-36.770007,60,OSM:classe,1,40,
-9.728125,-35.816790,60,OSM:classe,1,40,
-9.728121,-35.818927,60,OSM:classe,1,40,
-9.727957,-36.667976,40,OSM,0,,
-9.727847,-36.669550,40,OSM,0,,
-9.727812,-35.893482,60,OSM:classe,1,40,
-9.727777,-36.669565,60,OSM:classe,1,60,
-9.727710,-35.818073,60,OSM:classe,1,40,
-9.727621,-36.299847,80,OSM,0,,
-9.727606,-35.893552,60,OSM:classe,1,40,
-9.727567,-36.669419,60,OSM,0,,
-9.727487,-36.669641,80,OSM,0,,
-9.727460,-36.709198,60,OSM:classe,1,40,
-9.727432,-36.669808,80,OSM,0,,
-9.727392,-37.430765,60,OSM:classe,1,60,
-9.727339,-36.634562,60,OSM:classe,1,40,
-9.727338,-36.669665,40,OSM,0,,
-9.727332,-36.614952,80,OSM,0,,
-9.727275,-36.669820,60,OSM,0,,
-9.727273,-36.301766,80,OSM,0,,
-9.727263,-35.830193,40,OSM:classe,1,40,
-9.727228,-36.513154,60,OSM:classe,1,40,
-9.727160,-35.829821,60,OSM:classe,1,40,
-9.727091,-35.829885,40,OSM:classe,1,40,
-9.727061,-35.830110,60,OSM:classe,1,40,
-9.726978,-37.047787,60,OSM:classe,1,40,
-9.726977,-35.898708,60,OSM:classe,1,60,
-9.726937,-36.726910,60,OSM:classe,1,40,
-9.726907,-37.172055,60,OSM:classe,1,50,
-9.726812,-36.776587,60,OSM:classe,1,40,
-9.726788,-35.861164,60,OSM:classe,1,40,
-9.726771,-36.118224,60,OSM:classe,1,40,
-9.726659,-35.893888,30,OSM,0,,
-9.726579,-36.052252,80,OSM,0,,
-9.726578,-36.748466,60,OSM:classe,1,40,
-9.726541,-36.683523,60,OSM:classe,1,40,
-9.726529,-36.753028,60,OSM:classe,1,40,
-9.726261,-35.846264,60,OSM:classe,1,40,
-9.726140,-36.500782,60,OSM:classe,1,40,
-9.726083,-35.829819,80,OSM,0,,
-9.726056,-36.463204,60,OSM:classe,1,40,
-9.726055,-36.051627,80,OSM,0,,
-9.726026,-37.057566,60,OSM:classe,1,40,
-9.725510,-37.268253,60,OSM:classe,1,40,
-9.725503,-35.893926,30,OSM,0,,
-9.725286,-36.752234,60,OSM:classe,1,40,
-9.725094,-37.114227,60,OSM:classe,1,40,
-9.725092,-35.813650,60,OSM:classe,1,40,
-9.724922,-35.849867,60,OSM:classe,1,40,
-9.724859,-35.841930,60,OSM:classe,1,40,
-9.724794,-36.307544,80,OSM,0,,
-9.724624,-36.678983,40,OSM,0,,
-9.724380,-36.649469,60,OSM:classe,1,50,
-9.724354,-36.678843,40,OSM,0,,
-9.724298,-36.679027,40,OSM,0,,
-9.724285,-35.821291,60,OSM:classe,1,40,
-9.724190,-37.278183,60,OSM:classe,1,40,
-9.724152,-36.771308,60,OSM:classe,1,40,
-9.724152,-36.678997,40,OSM,0,,
-9.724103,-37.051225,60,OSM:classe,1,40,
-9.724076,-36.804187,60,OSM:classe,1,40,
-9.724071,-36.649358,60,OSM:classe,1,50,
-9.724047,-35.821407,60,OSM:classe,1,40,
-9.724045,-35.894294,60,OSM:classe,1,40,
-9.724015,-35.857978,60,OSM:classe,1,40,
-9.724000,-36.672947,60,OSM:classe,1,40,
-9.723927,-35.811341,60,OSM:classe,1,40,
-9.723893,-35.902028,60,OSM:classe,1,60,
-9.723837,-36.680370,40,OSM,0,,
-9.723806,-36.121654,60,OSM:classe,1,40,
-9.723781,-36.670713,60,OSM:classe,1,40,
-9.723721,-36.680359,60,OSM,0,,
-9.723701,-36.680869,40,OSM,0,,
-9.723639,-36.681098,40,OSM,0,,
-9.723530,-37.382713,60,OSM:classe,1,40,
-9.723487,-36.779617,60,OSM:classe,1,40,
-9.723455,-36.681841,80,OSM,0,,
-9.723408,-35.828559,80,OSM,0,,
-9.723392,-37.169211,60,OSM:classe,1,50,
-9.723382,-36.680748,40,OSM,0,,
-9.723356,-36.681729,80,OSM,0,,
-9.723314,-36.681071,40,OSM,0,,
-9.723283,-35.828890,80,OSM,0,,
-9.723274,-36.122269,60,OSM:classe,1,40,
-9.723239,-36.310419,80,OSM,0,,
-9.723223,-36.515227,60,OSM:classe,1,40,
-9.723217,-36.314135,80,OSM,0,,
-9.723210,-36.680800,40,OSM,0,,
-9.723065,-36.725163,60,OSM:classe,1,40,
-9.723055,-35.810956,60,OSM:classe,1,40,
-9.723041,-37.431015,60,OSM:classe,1,60,
-9.723023,-35.811538,60,OSM:classe,1,40,
-9.722974,-36.709307,60,OSM:classe,1,40,
-9.722956,-36.503575,60,OSM:classe,1,40,
-9.722886,-36.606258,80,OSM,0,,
-9.722876,-36.680831,60,OSM,0,,
-9.722874,-37.118060,60,OSM:classe,1,40,
-9.722863,-36.634886,60,OSM:classe,1,40,
-9.722851,-35.853814,60,OSM:classe,1,40,
-9.722756,-35.893378,30,OSM,0,,
-9.722733,-36.318933,80,OSM,0,,
-9.722695,-37.381349,60,OSM:classe,1,40,
-9.722501,-36.684714,60,OSM:classe,1,40,
-9.722496,-35.838386,60,OSM:classe,1,40,
-9.722395,-37.122596,60,OSM:classe,1,40,
-9.722331,-37.387109,60,OSM:classe,1,40,
-9.722116,-37.059353,60,OSM:classe,1,40,
-9.722103,-35.828408,80,OSM,0,,
-9.721784,-37.055078,60,OSM:classe,1,40,
-9.721750,-36.462277,60,OSM:classe,1,40,
-9.721671,-37.270532,60,OSM:classe,1,40,
-9.721642,-37.377178,60,OSM:classe,1,40,
-9.721480,-36.749804,60,OSM:classe,1,40,
-9.721350,-35.828109,80,OSM,0,,
-9.721210,-36.656494,60,OSM:classe,1,40,
-9.721198,-35.894511,60,OSM:classe,1,40,
-9.721163,-36.688305,80,OSM,0,,
-9.721128,-37.391505,60,OSM:classe,1,40,
-9.721075,-37.395355,60,OSM:classe,1,40,
-9.721007,-36.721229,60,OSM:classe,1,40,
-9.720831,-36.689658,80,OSM,0,,
-9.720797,-35.893746,30,OSM,0,,
-9.720726,-36.676073,60,OSM:classe,1,40,
-9.720692,-36.518961,60,OSM:classe,1,40,
-9.720673,-37.126519,60,OSM:classe,1,40,
-9.720668,-36.720664,60,OSM:classe,1,40,
-9.720613,-37.399371,60,OSM:classe,1,40,
-9.720556,-35.905032,60,OSM:classe,1,60,
-9.720555,-37.275584,60,OSM:classe,1,40,
-9.720546,-36.648232,60,OSM:classe,1,50,
-9.720530,-35.827379,80,OSM,0,,
-9.720517,-36.125848,60,OSM:classe,1,40,
-9.720441,-37.059349,60,OSM:classe,1,40,
-9.720365,-35.827703,80,OSM,0,,
-9.720271,-35.893660,30,OSM,0,,
-9.720248,-35.808113,60,OSM:classe,1,40,
-9.720123,-36.322067,80,OSM,0,,
-9.720064,-36.782524,60,OSM:classe,1,40,
-9.720049,-35.823495,60,OSM:classe,1,40,
-9.720047,-35.894126,30,OSM,0,,
-9.719957,-37.060120,60,OSM:classe,1,40,
-9.719876,-37.166366,60,OSM:classe,1,50,
-9.719856,-36.802657,60,OSM:classe,1,40,
-9.719746,-36.771619,60,OSM:classe,1,40,
-9.719707,-37.427983,60,OSM:classe,1,60,
-9.719699,-35.893488,30,OSM,0,,
-9.719463,-36.671985,60,OSM:classe,1,40,
-9.719327,-35.823872,60,OSM:classe,1,40,
-9.719295,-35.893965,60,OSM:classe,1,40,
-9.719098,-36.505813,60,OSM:classe,1,40,
-9.719055,-35.808478,60,OSM:classe,1,40,
-9.718971,-36.694880,80,OSM,0,,
-9.718926,-35.808710,60,OSM:classe,1,40,
-9.718924,-36.680068,60,OSM,0,,
-9.718873,-35.808979,60,OSM:classe,1,40,
-9.718790,-37.373904,60,OSM:classe,1,40,
-9.718732,-36.322927,80,OSM,0,,
-9.718488,-36.709442,60,OSM:classe,1,40,
-9.718482,-36.127956,60,OSM:classe,1,40,
-9.718429,-36.634979,60,OSM:classe,1,40,
-9.718349,-35.893577,60,OSM:classe,1,40,
-9.718336,-36.046792,40,OSM:classe,1,40,
-9.718316,-36.697141,40,OSM:classe,1,40,
-9.718208,-36.697474,80,OSM,0,,
-9.718090,-36.696691,40,OSM:classe,1,40,
-9.718080,-36.672370,60,OSM:classe,1,40,
-9.718048,-35.838652,60,OSM:classe,1,40,
-9.717957,-36.522529,60,OSM:classe,1,40,
-9.717953,-36.046943,40,OSM:classe,1,40,
-9.717858,-36.697372,80,OSM,0,,
-9.717842,-37.402506,60,OSM:classe,1,40,
-9.717806,-36.679865,40,OSM,0,,
-9.717658,-36.679027,40,OSM,0,,
-9.717603,-36.698850,80,OSM,0,,
-9.717514,-36.461665,60,OSM:classe,1,40,
-9.717500,-37.272236,60,OSM:classe,1,40,
-9.717451,-36.679200,60,OSM:classe,1,40,
-9.717446,-37.272184,60,OSM:classe,1,40,
-9.717372,-36.645099,60,OSM:classe,1,50,
-9.717270,-36.718021,60,OSM:classe,1,40,
-9.717141,-36.635109,60,OSM:classe,1,40,
-9.717071,-36.462386,60,OSM:classe,1,40,
-9.717017,-36.749779,60,OSM:classe,1,40,
-9.716971,-36.679961,40,OSM,0,,
-9.716946,-36.657942,60,OSM:classe,1,40,
-9.716922,-36.785786,60,OSM:classe,1,40,
-9.716837,-35.825257,60,OSM:classe,1,40,
-9.716729,-35.892808,60,OSM:classe,1,40,
-9.716685,-35.825169,60,OSM:classe,1,40,
-9.716677,-36.680084,60,OSM:classe,1,40,
-9.716674,-36.603111,80,OSM,0,,
-9.716625,-35.825717,60,OSM:classe,1,40,
-9.716602,-35.810445,60,OSM:classe,1,40,
-9.716505,-35.907010,60,OSM:classe,1,60,
-9.716419,-37.424871,60,OSM:classe,1,60,
-9.716323,-36.634771,60,OSM:classe,1,40,
-9.716225,-36.045870,80,OSM,0,,
-9.716215,-37.126137,60,OSM:classe,1,40,
-9.716198,-37.163801,60,OSM:classe,1,50,
-9.716141,-36.637881,60,OSM:classe,1,40,
-9.716056,-37.370369,60,OSM:classe,1,40,
-9.716005,-36.634341,60,OSM:classe,1,40,
-9.715976,-36.602562,80,OSM,0,,
-9.715877,-36.665968,60,OSM:classe,1,40,
-9.715756,-36.800784,60,OSM:classe,1,40,
-9.715733,-35.893615,60,OSM:classe,1,40,
-9.715726,-36.526490,60,OSM:classe,1,40,
-9.715665,-36.680903,40,OSM,0,,
-9.715619,-37.061323,60,OSM:classe,1,40,
-9.715544,-35.892917,60,OSM:classe,1,40,
-9.715412,-35.892110,60,OSM:classe,1,40,
-9.715359,-36.131239,60,OSM:classe,1,40,
-9.715312,-36.771831,60,OSM:classe,1,40,
-9.715287,-35.892070,60,OSM:classe,1,40,
-9.715190,-35.825125,80,OSM,0,,
-9.715110,-36.044821,80,OSM,0,,
-9.714988,-36.681915,40,OSM:classe,1,40,
-9.714925,-35.893912,60,OSM:classe,1,40,
-9.714880,-35.825096,80,OSM,0,,
-9.714864,-36.707205,80,OSM,0,,
-9.714815,-36.044859,80,OSM,0,,
-9.714804,-36.707199,80,OSM,0,,
-9.714788,-36.506796,60,OSM:classe,1,40,
-9.714714,-37.405285,60,OSM:classe,1,40,
-9.714690,-36.466256,60,OSM:classe,1,40,
-9.714556,-36.681946,40,OSM:classe,1,40,
-9.714464,-36.044240,80,OSM,0,,
-9.714304,-36.708715,60,OSM:classe,1,40,
-9.714294,-37.268940,60,OSM:classe,1,40,
-9.714187,-35.824414,80,OSM,0,,
-9.714152,-36.682234,60,OSM,0,,
-9.714147,-36.673490,60,OSM:classe,1,40,
-9.714115,-36.641954,60,OSM:classe,1,50,
-9.714049,-36.714878,60,OSM:classe,1,40,
-9.714006,-36.709806,60,OSM:classe,1,40,
-9.713929,-35.824322,80,OSM,0,,
-9.713843,-35.837232,60,OSM:classe,1,40,
-9.713750,-36.631839,60,OSM:classe,1,40,
-9.713725,-36.798875,60,OSM:classe,1,40,
-9.713693,-37.366736,60,OSM:classe,1,40,
-9.713598,-36.682525,40,OSM:classe,1,40,
-9.713586,-35.823632,80,OSM,0,,
-9.713584,-36.642426,60,OSM:classe,1,40,
-9.713537,-36.788789,60,OSM:classe,1,40,
-9.713428,-35.812421,60,OSM:classe,1,40,
-9.713419,-36.798490,60,OSM:classe,1,40,
-9.713296,-35.895271,60,OSM:classe,1,40,
-9.713282,-36.711961,80,OSM,0,,
-9.713203,-36.135202,60,OSM:classe,1,40,
-9.713143,-36.682558,40,OSM:classe,1,40,
-9.713132,-37.421758,60,OSM:classe,1,60,
-9.713017,-36.713020,60,OSM:classe,1,40,
-9.712947,-36.712947,80,OSM,0,,
-9.712914,-36.714015,80,OSM,0,,
-9.712890,-35.894643,60,OSM:classe,1,40,
-9.712867,-36.712896,60,OSM:classe,1,40,
-9.712864,-36.717450,40,OSM:classe,1,40,
-9.712854,-35.822386,80,OSM,0,,
-9.712783,-36.725968,80,OSM,0,,
-9.712685,-36.725586,80,OSM,0,,
-9.712674,-36.708747,60,OSM:classe,1,40,
-9.712661,-36.042159,80,OSM,0,,
-9.712652,-37.024943,60,OSM:classe,1,40,
-9.712652,-36.737920,80,OSM,0,,
-9.712543,-36.736025,80,OSM,0,,
-9.712537,-36.324489,80,OSM,0,,
-9.712530,-35.895336,60,OSM:classe,1,40,
-9.712529,-36.467587,60,OSM:classe,1,40,
-9.712528,-36.749060,40,OSM:classe,1,40,
-9.712528,-36.658511,60,OSM:classe,1,40,
-9.712521,-36.749872,80,OSM,0,,
-9.712501,-36.717506,80,OSM,0,,
-9.712487,-36.719219,40,OSM:classe,1,40,
-9.712462,-35.821916,60,OSM:classe,1,40,
-9.712453,-35.908988,60,OSM:classe,1,60,
-9.712402,-36.746465,80,OSM,0,,
-9.712334,-36.755774,80,OSM,0,,
-9.712321,-37.264985,60,OSM:classe,1,40,
-9.712298,-36.758316,60,OSM:classe,1,40,
-9.712236,-36.759339,80,OSM,0,,
-9.712179,-36.759246,80,OSM,0,,
-9.712152,-36.749854,80,OSM,0,,
-9.712117,-36.752284,40,OSM:classe,1,40,
-9.711947,-37.162399,60,OSM:classe,1,50,
-9.711889,-36.528462,60,OSM:classe,1,40,
-9.711801,-37.125959,60,OSM:classe,1,40,
-9.711688,-37.362947,60,OSM:classe,1,40,
-9.711663,-35.894898,60,OSM:classe,1,40,
-9.711540,-35.895628,60,OSM:classe,1,40,
-9.711463,-36.711167,60,OSM:classe,1,40,
-9.711457,-36.138901,60,OSM:classe,1,40,
-9.711402,-37.062735,60,OSM:classe,1,40,
-9.711386,-35.894955,60,OSM:classe,1,40,
-9.711381,-36.666000,60,OSM:classe,1,40,
-9.711363,-37.029222,60,OSM:classe,1,40,
-9.711284,-36.629592,60,OSM:classe,1,40,
-9.711196,-37.406666,60,OSM:classe,1,40,
-9.711054,-37.260841,60,OSM:classe,1,40,
-9.711040,-36.792501,60,OSM:classe,1,40,
-9.710952,-36.772540,60,OSM:classe,1,40,
-9.710948,-37.010691,60,OSM:classe,1,40,
-9.710910,-37.020893,60,OSM:classe,1,40,
-9.710713,-36.711990,60,OSM:classe,1,40,
-9.710691,-35.924823,60,OSM:classe,1,60,
-9.710599,-36.794936,60,OSM:classe,1,40,
-9.710593,-36.040845,80,OSM,0,,
-9.710590,-36.639355,60,OSM:classe,1,50,
-9.710542,-36.645741,60,OSM:classe,1,40,
-9.710417,-35.815694,60,OSM:classe,1,40,
-9.710373,-35.834419,60,OSM:classe,1,40,
-9.710338,-36.767048,80,OSM,0,,
-9.710307,-37.162119,60,OSM:classe,1,40,
-9.710297,-36.506930,60,OSM:classe,1,40,
-9.710275,-36.766933,80,OSM,0,,
-9.710146,-37.006345,60,OSM:classe,1,40,
-9.710078,-35.926775,60,OSM:classe,1,60,
-9.710057,-36.591663,80,OSM,0,,
-9.710035,-37.015158,60,OSM:classe,1,40,
-9.709971,-36.666010,60,OSM:classe,1,40,
-9.709924,-36.794090,60,OSM:classe,1,40,
-9.709921,-36.143134,60,OSM:classe,1,40,
-9.709886,-35.920335,60,OSM:classe,1,60,
-9.709844,-37.418646,60,OSM:classe,1,60,
-9.709817,-36.674722,60,OSM:classe,1,40,
-9.709794,-36.674729,60,OSM:classe,1,40,
-9.709730,-37.016652,60,OSM:classe,1,40,
-9.709587,-37.166622,60,OSM:classe,1,40,
-9.709587,-36.038865,80,OSM,0,,
-9.709560,-36.146259,60,OSM:classe,1,40,
-9.709532,-35.816126,60,OSM:classe,1,40,
-9.709430,-35.816356,60,OSM:classe,1,40,
-9.709420,-37.033236,60,OSM:classe,1,40,
-9.709333,-35.895376,60,OSM:classe,1,40,
-9.709237,-35.816285,60,OSM:classe,1,40,
-9.709211,-36.665996,60,OSM:classe,1,40,
-9.709080,-35.915847,60,OSM:classe,1,60,
-9.709000,-36.038208,80,OSM,0,,
-9.708949,-36.150779,60,OSM:classe,1,40,
-9.708929,-36.772777,60,OSM:classe,1,40,
-9.708929,-35.896293,60,OSM:classe,1,40,
-9.708885,-35.896308,60,OSM:classe,1,40,
-9.708867,-37.171126,60,OSM:classe,1,40,
-9.708862,-36.713437,60,OSM:classe,1,40,
-9.708810,-37.361305,60,OSM:classe,1,40,
-9.708797,-36.638404,60,OSM:classe,1,50,
-9.708729,-35.911371,60,OSM:classe,1,60,
-9.708606,-37.064562,60,OSM:classe,1,40,
-9.708563,-37.055483,60,OSM:classe,1,40,
-9.708506,-37.065711,60,OSM:classe,1,40,
-9.708482,-37.037697,60,OSM:classe,1,40,
-9.708439,-36.774756,80,OSM,0,,
-9.708436,-35.823655,60,OSM:classe,1,40,
-9.708371,-36.774619,80,OSM,0,,
-9.708353,-36.508034,60,OSM:classe,1,40,
-9.708342,-37.257316,60,OSM:classe,1,40,
-9.708314,-35.896535,60,OSM:classe,1,40,
-9.708287,-37.060032,60,OSM:classe,1,40,
-9.708212,-36.658491,60,OSM:classe,1,40,
-9.708203,-37.050943,60,OSM:classe,1,40,
-9.708196,-35.896133,60,OSM:classe,1,40,
-9.708168,-36.780454,60,OSM:classe,1,40,
-9.708165,-36.666032,60,OSM:classe,1,40,
-9.708147,-37.175629,60,OSM:classe,1,40,
-9.708125,-36.155256,60,OSM:classe,1,40,
-9.708098,-36.784992,60,OSM:classe,1,40,
-9.708094,-36.590061,80,OSM,0,,
-9.708074,-36.775894,60,OSM:classe,1,40,
-9.708074,-36.468096,60,OSM:classe,1,40,
-9.708072,-36.757929,60,OSM:classe,1,40,
-9.708040,-36.037780,80,OSM,0,,
-9.707867,-37.046480,60,OSM:classe,1,40,
-9.707803,-35.822434,60,OSM:classe,1,40,
-9.707720,-37.218830,60,OSM:classe,1,40,
-9.707656,-37.161108,60,OSM:classe,1,50,
-9.707656,-35.824090,60,OSM:classe,1,40,
-9.707647,-36.789460,60,OSM:classe,1,40,
-9.707634,-35.813299,80,OSM,0,,
-9.707610,-36.789629,60,OSM:classe,1,40,
-9.707593,-36.529808,60,OSM:classe,1,40,
-9.707512,-36.649033,60,OSM:classe,1,40,
-9.707489,-35.813253,80,OSM,0,,
-9.707427,-37.180132,60,OSM:classe,1,40,
-9.707425,-36.658125,60,OSM:classe,1,40,
-9.707406,-37.042107,60,OSM:classe,1,40,
-9.707405,-37.126848,60,OSM:classe,1,40,
-9.707364,-37.068891,60,OSM:classe,1,40,
-9.707338,-36.627852,60,OSM:classe,1,40,
-9.707131,-36.792271,60,OSM:classe,1,40,
-9.707091,-35.896754,60,OSM:classe,1,40,
-9.707088,-36.159352,60,OSM:classe,1,40,
-9.707011,-36.661719,60,OSM:classe,1,40,
-9.706996,-37.415908,60,OSM:classe,1,40,
-9.706958,-36.159624,60,OSM:classe,1,40,
-9.706905,-37.407714,60,OSM:classe,1,40,
-9.706798,-37.221414,60,OSM:classe,1,40,
-9.706785,-35.832134,60,OSM:classe,1,40,
-9.706761,-35.811254,80,OSM,0,,
-9.706707,-37.184635,60,OSM:classe,1,40,
-9.706703,-35.818398,60,OSM:classe,1,40,
-9.706694,-37.411596,60,OSM:classe,1,40,
-9.706662,-37.004364,60,OSM:classe,1,40,
-9.706595,-36.779859,80,OSM,0,,
-9.706556,-37.415534,60,OSM:classe,1,60,
-9.706544,-36.160471,60,OSM:classe,1,40,
-9.706529,-36.636657,60,OSM:classe,1,50,
-9.706464,-35.811475,80,OSM,0,,
-9.706442,-35.929457,60,OSM:classe,1,60,
-9.706298,-36.793936,60,OSM:classe,1,40,
-9.706262,-36.794462,60,OSM:classe,1,40,
-9.706190,-36.328076,80,OSM,0,,
-9.706131,-36.794278,60,OSM:classe,1,40,
-9.706100,-36.161372,60,OSM:classe,1,40,
-9.706016,-36.666064,60,OSM:classe,1,40,
-9.706003,-36.510280,60,OSM:classe,1,40,
-9.705894,-36.510405,60,OSM:classe,1,40,
-9.705841,-36.515328,60,OSM:classe,1,40,
-9.705743,-36.037875,80,OSM,0,,
-9.705547,-36.372193,60,OSM,0,,
-9.705463,-36.675956,60,OSM:classe,1,40,
-9.705419,-36.782657,80,OSM,0,,
-9.705418,-35.809582,80,OSM,0,,
-9.705373,-36.512653,60,OSM:classe,1,40,
-9.705326,-35.808804,80,OSM,0,,
-9.705303,-37.188055,60,OSM:classe,1,40,
-9.705298,-37.358526,60,OSM:classe,1,40,
-9.705261,-36.784371,40,OSM:classe,1,40,
-9.705261,-36.328412,80,OSM,0,,
-9.705218,-36.686782,60,OSM,0,,
-9.705210,-36.796446,60,OSM:classe,1,40,
-9.705204,-35.808595,80,OSM,0,,
-9.705168,-37.225659,60,OSM:classe,1,40,
-9.705099,-37.254425,60,OSM:classe,1,40,
-9.705073,-36.635298,60,OSM:classe,1,40,
-9.705022,-35.899715,60,OSM:classe,1,40,
-9.704937,-36.037669,80,OSM,0,,
-9.704934,-36.715657,60,OSM:classe,1,40,
-9.704866,-37.072539,60,OSM:classe,1,40,
-9.704850,-36.369486,60,OSM,0,,
-9.704707,-37.215943,60,OSM:classe,1,40,
-9.704658,-35.808295,40,OSM:classe,1,40,
-9.704651,-35.809061,40,OSM:classe,1,40,
-9.704552,-35.809048,60,OSM:classe,1,50,
-9.704536,-36.656113,60,OSM:classe,1,40,
-9.704494,-37.192543,60,OSM:classe,1,40,
-9.704410,-35.904039,60,OSM:classe,1,40,
-9.704281,-35.808646,60,OSM:classe,1,50,
-9.704274,-37.231205,60,OSM:classe,1,40,
-9.704270,-36.328404,80,OSM,0,,
-9.704267,-36.787243,80,OSM,0,,
-9.704177,-36.341384,60,OSM,0,,
-9.704122,-36.340460,60,OSM,0,,
-9.704087,-35.807314,80,OSM,0,,
-9.704040,-36.165388,60,OSM:classe,1,40,
-9.704037,-36.469560,60,OSM:classe,1,40,
-9.704027,-36.759887,60,OSM:classe,1,40,
-9.703975,-36.630911,60,OSM:classe,1,40,
-9.703973,-36.328322,80,OSM,0,,
-9.703862,-35.809255,60,OSM:classe,1,50,
-9.703724,-35.806028,80,OSM,0,,
-9.703686,-37.197030,60,OSM:classe,1,40,
-9.703661,-37.235549,60,OSM:classe,1,40,
-9.703645,-37.007638,60,OSM:classe,1,40,
-9.703605,-37.239684,60,OSM:classe,1,40,
-9.703587,-35.829302,60,OSM:classe,1,40,
-9.703584,-36.328160,80,OSM,0,,
-9.703539,-36.344054,60,OSM,0,,
-9.703417,-36.650537,60,OSM:classe,1,40,
-9.703413,-35.806293,80,OSM,0,,
-9.703380,-36.373780,60,OSM,0,,
-9.703378,-37.159741,60,OSM:classe,1,50,
-9.703286,-36.366109,60,OSM,0,,
-9.703271,-36.531065,60,OSM:classe,1,40,
-9.703269,-37.412422,60,OSM:classe,1,60,
-9.703196,-36.327825,80,OSM,0,,
-9.703186,-36.506747,60,OSM:classe,1,40,
-9.703172,-36.626457,60,OSM:classe,1,40,
-9.703109,-37.125620,60,OSM:classe,1,40,
-9.703103,-37.229711,60,OSM:classe,1,40,
-9.702968,-36.374480,60,OSM,0,,
-9.702893,-36.337098,60,OSM,0,,
-9.702878,-37.201518,60,OSM:classe,1,40,
-9.702828,-36.365523,60,OSM,0,,
-9.702805,-35.932140,60,OSM:classe,1,60,
-9.702635,-36.335649,60,OSM,0,,
-9.702617,-36.327273,60,OSM,0,,
-9.702552,-36.035003,80,OSM,0,,
-9.702424,-35.932296,60,OSM:classe,1,40,
-9.702360,-36.346704,60,OSM,0,,
-9.702353,-36.635291,60,OSM:classe,1,50,
-9.702290,-35.810383,60,OSM:classe,1,50,
-9.702266,-36.469738,60,OSM:classe,1,40,
-9.702229,-36.516817,60,OSM:classe,1,40,
-9.702217,-36.330143,60,OSM,0,,
-9.702069,-37.206005,60,OSM:classe,1,40,
-9.702027,-36.793702,80,OSM,0,,
-9.701998,-36.169453,60,OSM:classe,1,40,
-9.701987,-36.374295,60,OSM,0,,
-9.701970,-36.654656,60,OSM:classe,1,40,
-9.701826,-37.355664,60,OSM:classe,1,40,
-9.701812,-35.803264,80,OSM,0,,
-9.701738,-36.350715,60,OSM,0,,
-9.701652,-35.907635,60,OSM:classe,1,40,
-9.701632,-35.825241,60,OSM:classe,1,40,
-9.701591,-37.243716,60,OSM:classe,1,40,
-9.701520,-36.666130,60,OSM:classe,1,40,
-9.701514,-36.033729,80,OSM,0,,
-9.701461,-36.362068,60,OSM,0,,
-9.701433,-36.718469,60,OSM:classe,1,40,
-9.701423,-37.214255,60,OSM:classe,1,40,
-9.701295,-37.210496,60,OSM:classe,1,40,
-9.701273,-36.033440,80,OSM,0,,
-9.701263,-36.585227,80,OSM,0,,
-9.701251,-36.361030,60,OSM,0,,
-9.701244,-36.796340,60,OSM:classe,1,40,
-9.701239,-37.075151,60,OSM:classe,1,40,
-9.701218,-36.364695,60,OSM,0,,
-9.701132,-36.677183,60,OSM:classe,1,40,
-9.701130,-37.252281,60,OSM:classe,1,40,
-9.701125,-35.928288,60,OSM:classe,1,40,
-9.701051,-36.609881,60,OSM:classe,1,40,
-9.701025,-36.363529,60,OSM,0,,
-9.701003,-36.363633,60,OSM,0,,
-9.700985,-36.355074,60,OSM,0,,
-9.700898,-36.623161,60,OSM:classe,1,40,
-9.700892,-37.214254,60,OSM:classe,1,40,
-9.700852,-36.797127,40,OSM,0,,
-9.700767,-36.353460,60,OSM,0,,
-9.700724,-36.360046,60,OSM,0,,
-9.700707,-36.797525,40,OSM,0,,
-9.700678,-36.797219,40,OSM,0,,
-9.700645,-36.605902,60,OSM:classe,1,40,
-9.700615,-36.374648,60,OSM,0,,
-9.700593,-36.797381,40,OSM,0,,
-9.700474,-36.797325,40,OSM,0,,
-9.700370,-36.357956,60,OSM,0,,
-9.700353,-36.614340,60,OSM:classe,1,40,
-9.700351,-36.032449,80,OSM,0,,
-9.700285,-36.618697,60,OSM:classe,1,40,
-9.700206,-36.534141,60,OSM:classe,1,40,
-9.700133,-36.762057,60,OSM:classe,1,40,
-9.700096,-36.799730,80,OSM,0,,
-9.700035,-35.935606,60,OSM:classe,1,60,
-9.700034,-36.503617,60,OSM:classe,1,40,
-9.699982,-35.923889,60,OSM:classe,1,40,
-9.699981,-37.409310,60,OSM:classe,1,60,
-9.699959,-36.584685,60,OSM:classe,1,40,
-9.699801,-36.799599,40,OSM:classe,1,40,
-9.699698,-37.250708,60,OSM:classe,1,40,
-9.699689,-36.652481,60,OSM:classe,1,40,
-9.699669,-36.651305,60,OSM:classe,1,40,
-9.699610,-37.157716,60,OSM:classe,1,50,
-9.699408,-36.584836,60,OSM:classe,1,40,
-9.699391,-36.800648,80,OSM,0,,
-9.699389,-36.032081,80,OSM,0,,
-9.699353,-36.656634,60,OSM:classe,1,40,
-9.699341,-35.911548,60,OSM:classe,1,40,
-9.699310,-36.689762,60,OSM,0,,
-9.699307,-35.916936,60,OSM:classe,1,40,
-9.699301,-36.762519,60,OSM:classe,1,40,
-9.699264,-37.078998,60,OSM:classe,1,40,
-9.699244,-37.006700,60,OSM:classe,1,40,
-9.699134,-36.375799,60,OSM,0,,
-9.699073,-36.172790,60,OSM:classe,1,40,
-9.699050,-37.247471,60,OSM:classe,1,40,
-9.699030,-37.083533,60,OSM:classe,1,40,
-9.698927,-35.779809,80,OSM:classe,1,60,
-9.698919,-36.584280,80,OSM,0,,
-9.698904,-36.722160,60,OSM:classe,1,40,
-9.698883,-35.798416,80,OSM,0,,
-9.698839,-35.779637,80,OSM:classe,1,60,
-9.698831,-37.124330,60,OSM:classe,1,40,
-9.698830,-36.802904,80,OSM,0,,
-9.698787,-35.780281,40,OSM:classe,1,40,
-9.698668,-35.821915,60,OSM:classe,1,40,
-9.698632,-35.938133,60,OSM:classe,1,60,
-9.698619,-35.813018,60,OSM:classe,1,50,
-9.698584,-35.778416,80,OSM:classe,1,60,
-9.698572,-36.584145,80,OSM,0,,
-9.698566,-35.778584,80,OSM:classe,1,60,
-9.698556,-35.916613,60,OSM:classe,1,40,
-9.698458,-35.919959,60,OSM:classe,1,40,
-9.698456,-35.916512,60,OSM:classe,1,40,
-9.698432,-36.585864,60,OSM:classe,1,40,
-9.698368,-37.251860,60,OSM:classe,1,40,
-9.698350,-36.585973,60,OSM:classe,1,40,
-9.698304,-35.781149,40,OSM:classe,1,40,
-9.698274,-36.518891,60,OSM:classe,1,40,
-9.698134,-35.796894,80,OSM,0,,
-9.698126,-35.781558,80,OSM,0,,
-9.698058,-36.660835,60,OSM:classe,1,40,
-9.698015,-35.781512,80,OSM,0,,
-9.698008,-36.634281,60,OSM:classe,1,50,
-9.697861,-35.915785,60,OSM:classe,1,40,
-9.697845,-36.602457,60,OSM:classe,1,40,
-9.697791,-36.470187,60,OSM:classe,1,40,
-9.697739,-37.353908,60,OSM:classe,1,40,
-9.697534,-36.377849,60,OSM,0,,
-9.697513,-36.537708,60,OSM:classe,1,40,
-9.697457,-36.376075,60,OSM,0,,
-9.697392,-36.379561,60,OSM,0,,
-9.697254,-36.760143,60,OSM:classe,1,40,
-9.697170,-36.376309,60,OSM,0,,
-9.697024,-36.666197,60,OSM:classe,1,40,
-9.697002,-37.154000,60,OSM:classe,1,50,
-9.696994,-37.087563,60,OSM:classe,1,40,
-9.696905,-37.255555,60,OSM:classe,1,40,
-9.696901,-35.784031,80,OSM,0,,
-9.696801,-36.678410,60,OSM:classe,1,40,
-9.696766,-35.784606,80,OSM,0,,
-9.696717,-37.342230,60,OSM:classe,1,40,
-9.696712,-35.819299,60,OSM:classe,1,40,
-9.696693,-37.406197,60,OSM:classe,1,60,
-9.696500,-35.776961,40,OSM:classe,1,40,
-9.696446,-36.600077,60,OSM:classe,1,40,
-9.696424,-35.942107,60,OSM:classe,1,60,
-9.696418,-37.214054,60,OSM:classe,1,40,
-9.696375,-35.777188,40,OSM:classe,1,40,
-9.696319,-35.777289,60,OSM:classe,1,40,
-9.696302,-36.810480,80,OSM,0,,
-9.696283,-36.650089,60,OSM:classe,1,40,
-9.696241,-36.383205,60,OSM,0,,
-9.696104,-36.583183,80,OSM,0,,
-9.696084,-36.505475,60,OSM:classe,1,40,
-9.696078,-36.798501,80,OSM,0,,
-9.696057,-36.691298,80,OSM,0,,
-9.696009,-37.248307,60,OSM:classe,1,40,
-9.695961,-37.091939,60,OSM:classe,1,40,
-9.695942,-36.725568,60,OSM:classe,1,40,
-9.695924,-36.812217,80,OSM,0,,
-9.695860,-36.586971,60,OSM:classe,1,40,
-9.695628,-37.341807,60,OSM:classe,1,40,
-9.695593,-36.664492,60,OSM:classe,1,40,
-9.695571,-36.175651,60,OSM:classe,1,40,
-9.695506,-36.032750,80,OSM,0,,
-9.695487,-35.775897,80,OSM:classe,1,60,
-9.695485,-36.664576,60,OSM:classe,1,40,
-9.695440,-36.582699,80,OSM,0,,
-9.695326,-36.320311,80,OSM,0,,
-9.695301,-36.541600,60,OSM:classe,1,40,
-9.695233,-36.798296,80,OSM,0,,
-9.695225,-35.775393,80,OSM:classe,1,60,
-9.695216,-37.096313,60,OSM:classe,1,40,
-9.695215,-37.346530,60,OSM:classe,1,40,
-9.695213,-36.762869,60,OSM:classe,1,40,
-9.694972,-35.778621,60,OSM:classe,1,40,
-9.694964,-37.149947,60,OSM:classe,1,50,
-9.694947,-35.815652,60,OSM:classe,1,50,
-9.694844,-37.005762,60,OSM:classe,1,40,
-9.694838,-36.176250,60,OSM:classe,1,40,
-9.694802,-37.259365,60,OSM:classe,1,40,
-9.694735,-35.778934,60,OSM:classe,1,40,
-9.694701,-36.033268,80,OSM,0,,
-9.694476,-36.521153,60,OSM:classe,1,40,
-9.694474,-36.319503,80,OSM,0,,
-9.694470,-35.789608,80,OSM,0,,
-9.694456,-35.790523,80,OSM,0,,
-9.694405,-36.666324,60,OSM:classe,1,40,
-9.694398,-37.124916,60,OSM:classe,1,40,
-9.694380,-35.789533,80,OSM,0,,
-9.694354,-35.790539,80,OSM,0,,
-9.694154,-37.100745,60,OSM:classe,1,40,
-9.694122,-36.796969,80,OSM,0,,
-9.694064,-36.756942,60,OSM:classe,1,40,
-9.694053,-35.945975,60,OSM:classe,1,60,
-9.693839,-36.633096,60,OSM:classe,1,50,
-9.693775,-36.818056,80,OSM,0,,
-9.693710,-35.816349,60,OSM:classe,1,50,
-9.693630,-37.352281,60,OSM:classe,1,40,
-9.693622,-37.352276,60,OSM:classe,1,40,
-9.693581,-37.263739,60,OSM:classe,1,40,
-9.693553,-35.776192,20,OSM,0,,
-9.693523,-35.816440,60,OSM:classe,1,40,
-9.693406,-37.403085,60,OSM:classe,1,60,
-9.693369,-37.351687,60,OSM:classe,1,40,
-9.693362,-36.469685,60,OSM:classe,1,40,
-9.693314,-36.668559,60,OSM:classe,1,40,
-9.693291,-36.318152,80,OSM,0,,
-9.693268,-36.035454,80,OSM,0,,
-9.693242,-37.351223,60,OSM:classe,1,40,
-9.693130,-36.299845,60,OSM:classe,1,40,
-9.693105,-37.350721,60,OSM:classe,1,40,
-9.693097,-37.348004,60,OSM:classe,1,40,
-9.693096,-37.352780,60,OSM:classe,1,40,
-9.693040,-35.778025,60,OSM:classe,1,40,
-9.693018,-35.816532,60,OSM:classe,1,50,
-9.692958,-36.578266,80,OSM,0,,
-9.692956,-36.597847,60,OSM:classe,1,40,
-9.692917,-35.776103,20,OSM,0,,
-9.692815,-37.349692,60,OSM:classe,1,40,
-9.692811,-35.772803,40,OSM:classe,1,40,
-9.692777,-37.105085,60,OSM:classe,1,40,
-9.692625,-36.312619,80,OSM,0,,
-9.692605,-37.146116,60,OSM:classe,1,50,
-9.692603,-37.245426,60,OSM:classe,1,40,
-9.692575,-36.596321,60,OSM:classe,1,40,
-9.692542,-37.348690,60,OSM:classe,1,40,
-9.692515,-37.348692,60,OSM:classe,1,40,
-9.692508,-36.661510,60,OSM:classe,1,40,
-9.692477,-36.589726,60,OSM:classe,1,40,
-9.692470,-36.679637,60,OSM:classe,1,40,
-9.692468,-36.594092,60,OSM:classe,1,40,
-9.692464,-35.772603,60,OSM:classe,1,40,
-9.692448,-37.212036,60,OSM:classe,1,40,
-9.692434,-36.295809,60,OSM:classe,1,40,
-9.692428,-36.596293,60,OSM:classe,1,40,
-9.692363,-35.772615,80,OSM:classe,1,60,
-9.692355,-36.310621,80,OSM,0,,
-9.692298,-36.507382,60,OSM:classe,1,40,
-9.692230,-37.364533,60,OSM:classe,1,40,
-9.692166,-36.728044,60,OSM:classe,1,40,
-9.692096,-36.649457,60,OSM:classe,1,40,
-9.692078,-35.772135,80,OSM:classe,1,60,
-9.692074,-35.816229,60,OSM:classe,1,50,
-9.692070,-36.304278,60,OSM:classe,1,40,
-9.692000,-36.795945,80,OSM,0,,
-9.691908,-35.815792,60,OSM:classe,1,40,
-9.691892,-36.633164,60,OSM:classe,1,40,
-9.691882,-36.178553,60,OSM:classe,1,40,
-9.691875,-37.352411,60,OSM:classe,1,40,
-9.691830,-36.281305,80,OSM,0,,
-9.691795,-37.356647,60,OSM:classe,1,40,
-9.691753,-36.824705,80,OSM,0,,
-9.691720,-36.305776,60,OSM:classe,1,40,
-9.691687,-36.573975,80,OSM:classe,1,60,
-9.691658,-36.544274,60,OSM:classe,1,40,
-9.691572,-37.339918,60,OSM:classe,1,40,
-9.691526,-36.306729,60,OSM:classe,1,40,
-9.691429,-36.309217,60,OSM,0,,
-9.691424,-36.307494,60,OSM:classe,1,40,
-9.691419,-35.949672,60,OSM:classe,1,60,
-9.691351,-36.825273,80,OSM,0,,
-9.691342,-37.109366,60,OSM:classe,1,40,
-9.691266,-36.036452,80,OSM,0,,
-9.691163,-36.524214,60,OSM:classe,1,40,
-9.691140,-36.392684,60,OSM,0,,
-9.691045,-36.672450,60,OSM:classe,1,40,
-9.690991,-37.368891,60,OSM:classe,1,40,
-9.690914,-37.361120,60,OSM:classe,1,40,
-9.690877,-37.338759,60,OSM:classe,1,40,
-9.690808,-36.673197,60,OSM:classe,1,40,
-9.690781,-37.141992,60,OSM:classe,1,50,
-9.690734,-36.270567,80,OSM,0,,
-9.690693,-36.660513,60,OSM:classe,1,40,
-9.690692,-36.274125,80,OSM,0,,
-9.690661,-35.811688,60,OSM:classe,1,40,
-9.690628,-37.267077,60,OSM:classe,1,40,
-9.690497,-37.004631,60,OSM:classe,1,40,
-9.690331,-36.285234,80,OSM,0,,
-9.690184,-35.774590,60,OSM:classe,1,40,
-9.690168,-36.269654,80,OSM,0,,
-9.690140,-36.285681,60,OSM,0,,
-9.690118,-37.399973,60,OSM:classe,1,60,
-9.690069,-37.113711,60,OSM:classe,1,40,
-9.689964,-37.124393,60,OSM:classe,1,40,
-9.689884,-37.241864,60,OSM:classe,1,40,
-9.689864,-36.033712,80,OSM,0,,
-9.689826,-36.676205,60,OSM:classe,1,40,
-9.689807,-37.387508,60,OSM:classe,1,40,
-9.689759,-36.692002,80,OSM,0,,
-9.689753,-35.769830,40,OSM:classe,1,40,
-9.689645,-36.292748,60,OSM:classe,1,40,
-9.689644,-36.756296,60,OSM:classe,1,40,
-9.689572,-36.306812,60,OSM,0,,
-9.689540,-36.634261,60,OSM:classe,1,50,
-9.689448,-36.467465,60,OSM:classe,1,40,
-9.689443,-37.382973,60,OSM:classe,1,40,
-9.689432,-36.287037,60,OSM,0,,
-9.689432,-36.036521,80,OSM,0,,
-9.689415,-37.137646,60,OSM:classe,1,50,
-9.689239,-35.769334,80,OSM:classe,1,60,
-9.689232,-37.373074,60,OSM:classe,1,40,
-9.689154,-36.034098,80,OSM,0,,
-9.689109,-36.731268,60,OSM:classe,1,40,
-9.689102,-36.570329,80,OSM:classe,1,60,
-9.689045,-35.817429,60,OSM:classe,1,50,
-9.689029,-37.378430,60,OSM:classe,1,40,
-9.688984,-36.649982,60,OSM:classe,1,40,
-9.688968,-36.680614,60,OSM:classe,1,40,
-9.688930,-35.768877,80,OSM:classe,1,60,
-9.688928,-36.832491,80,OSM,0,,
-9.688825,-36.631670,60,OSM:classe,1,40,
-9.688786,-35.953370,60,OSM:classe,1,60,
-9.688756,-37.349576,60,OSM:classe,1,40,
-9.688682,-37.115088,60,OSM:classe,1,40,
-9.688667,-35.772824,60,OSM:classe,1,40,
-9.688639,-37.209811,60,OSM:classe,1,40,
-9.688531,-36.288455,60,OSM:classe,1,40,
-9.688500,-36.547504,60,OSM:classe,1,40,
-9.688451,-35.807765,60,OSM:classe,1,40,
-9.688365,-36.597801,60,OSM:classe,1,40,
-9.688307,-36.795866,80,OSM,0,,
-9.688267,-36.650200,60,OSM:classe,1,40,
-9.688265,-36.835092,40,OSM:classe,1,40,
-9.688216,-36.035324,80,OSM,0,,
-9.688186,-36.649934,60,OSM:classe,1,40,
-9.688139,-36.680864,60,OSM:classe,1,40,
-9.688133,-36.434791,60,OSM:classe,1,40,
-9.688128,-36.305423,60,OSM,0,,
-9.688097,-36.267482,80,OSM,0,,
-9.688076,-36.601629,60,OSM:classe,1,40,
-9.688024,-36.508207,60,OSM:classe,1,40,
-9.688021,-36.442760,60,OSM:classe,1,40,
-9.687956,-36.435210,60,OSM:classe,1,40,
-9.687910,-37.335577,60,OSM:classe,1,40,
-9.687875,-36.447273,60,OSM:classe,1,40,
-9.687852,-36.835111,80,OSM,0,,
-9.687839,-37.270557,60,OSM:classe,1,40,
-9.687711,-36.650408,60,OSM:classe,1,40,
-9.687705,-37.391505,60,OSM:classe,1,40,
-9.687696,-36.036051,80,OSM,0,,
-9.687665,-36.526891,60,OSM:classe,1,40,
-9.687626,-36.631924,60,OSM:classe,1,40,
-9.687610,-36.634338,60,OSM:classe,1,40,
-9.687581,-36.837192,80,OSM,0,,
-9.687541,-36.178758,60,OSM:classe,1,40,
-9.687497,-36.732790,60,OSM:classe,1,40,
-9.687345,-36.836669,40,OSM:classe,1,40,
-9.687339,-36.636870,60,OSM:classe,1,40,
-9.687293,-36.598798,60,OSM:classe,1,40,
-9.687277,-36.451794,60,OSM:classe,1,40,
-9.687239,-36.288753,60,OSM,0,,
-9.687197,-36.663241,60,OSM:classe,1,40,
-9.687169,-36.036072,80,OSM,0,,
-9.687135,-35.771773,60,OSM:classe,1,40,
-9.687099,-37.377090,60,OSM:classe,1,40,
-9.687024,-36.264429,80,OSM,0,,
-9.686978,-37.133844,60,OSM:classe,1,50,
-9.686853,-37.123596,60,OSM:classe,1,40,
-9.686831,-37.396861,60,OSM:classe,1,60,
-9.686806,-37.308671,60,OSM:classe,1,40,
-9.686800,-36.304502,60,OSM,0,,
-9.686798,-37.240459,60,OSM:classe,1,40,
-9.686745,-36.839055,80,OSM,0,,
-9.686730,-36.614207,60,OSM:classe,1,40,
-9.686723,-37.119189,60,OSM:classe,1,40,
-9.686563,-36.430742,60,OSM:classe,1,40,
-9.686542,-36.438754,60,OSM:classe,1,40,
-9.686437,-36.641332,60,OSM:classe,1,40,
-9.686426,-37.274805,60,OSM:classe,1,40,
-9.686408,-35.824859,60,OSM:classe,1,50,
-9.686359,-37.114531,60,OSM:classe,1,40,
-9.686358,-36.634425,60,OSM:classe,1,40,
-9.686330,-37.133136,60,OSM:classe,1,50,
-9.686324,-36.618662,60,OSM:classe,1,40,
-9.686280,-36.566797,80,OSM:classe,1,60,
-9.686246,-36.645827,60,OSM:classe,1,40,
-9.686155,-37.293365,60,OSM:classe,1,40,
-9.686146,-35.957074,100,OSM:classe,1,80,
-9.686119,-37.003611,60,OSM:classe,1,40,
-9.686116,-35.766052,80,OSM:classe,1,60,
-9.686096,-36.627698,60,OSM:classe,1,40,
-9.686039,-36.402163,60,OSM,0,,
-9.686024,-36.456084,60,OSM:classe,1,40,
-9.686002,-35.825467,60,OSM:classe,1,50,
-9.685919,-37.346303,60,OSM:classe,1,40,
-9.685894,-36.627439,60,OSM:classe,1,40,
-9.685815,-35.765588,80,OSM:classe,1,60,
-9.685739,-35.820454,60,OSM:classe,1,50,
-9.685708,-37.312844,60,OSM:classe,1,40,
-9.685674,-37.295538,60,OSM:classe,1,40,
-9.685494,-36.754980,60,OSM:classe,1,40,
-9.685459,-37.207584,60,OSM:classe,1,40,
-9.685447,-37.279258,60,OSM:classe,1,40,
-9.685414,-37.376955,60,OSM:classe,1,40,
-9.685398,-35.804570,60,OSM:classe,1,40,
-9.685393,-36.291405,60,OSM,0,,
-9.685317,-37.207473,60,OSM:classe,1,40,
-9.685266,-36.037182,80,OSM,0,,
-9.685242,-36.466348,60,OSM:classe,1,40,
-9.685241,-36.622960,60,OSM:classe,1,40,
-9.685225,-36.550512,60,OSM:classe,1,40,
-9.685215,-36.037041,80,OSM,0,,
-9.685140,-37.317239,60,OSM:classe,1,40,
-9.685068,-36.634663,60,OSM:classe,1,50,
-9.685044,-37.304554,60,OSM:classe,1,40,
-9.684999,-37.300042,60,OSM:classe,1,40,
-9.684954,-36.681683,60,OSM:classe,1,40,
-9.684932,-36.304656,60,OSM,0,,
-9.684830,-35.826813,60,OSM:classe,1,50,
-9.684817,-35.768001,60,OSM:classe,1,40,
-9.684812,-36.735761,60,OSM:classe,1,40,
-9.684649,-37.321459,60,OSM:classe,1,40,
-9.684647,-36.610263,60,OSM:classe,1,40,
-9.684644,-37.283738,60,OSM:classe,1,40,
-9.684515,-36.299212,40,OSM,0,,
-9.684431,-36.260246,80,OSM,0,,
-9.684407,-36.605849,60,OSM:classe,1,40,
-9.684404,-35.827253,40,OSM:classe,1,40,
-9.684278,-35.767854,60,OSM:classe,1,40,
-9.684256,-36.604035,60,OSM:classe,1,40,
-9.684220,-37.394308,60,OSM:classe,1,40,
-9.684209,-37.288278,60,OSM:classe,1,40,
-9.684158,-36.302558,40,OSM,0,,
-9.684157,-36.562776,80,OSM:classe,1,60,
-9.684086,-35.961129,100,OSM:classe,1,80,
-9.684085,-36.426936,60,OSM:classe,1,40,
-9.684055,-35.827459,60,OSM:classe,1,50,
-9.684020,-36.304444,40,OSM,0,,
-9.684019,-37.122239,60,OSM:classe,1,40,
-9.683986,-36.561892,100,OSM:classe,1,100,
-9.683978,-35.827671,40,OSM:classe,1,40,
-9.683930,-36.304432,60,OSM:classe,1,60,
-9.683816,-37.334994,60,OSM:classe,1,40,
-9.683793,-36.740133,60,OSM:classe,1,40,
-9.683773,-37.292819,60,OSM:classe,1,40,
-9.683765,-37.292907,60,OSM:classe,1,40,
-9.683667,-36.295667,60,OSM,0,,
-9.683623,-36.403153,60,OSM,0,,
-9.683586,-36.508206,60,OSM:classe,1,40,
-9.683543,-37.393748,60,OSM:classe,1,60,
-9.683509,-36.037675,80,OSM,0,,
-9.683501,-36.459816,60,OSM:classe,1,40,
-9.683450,-36.528481,60,OSM:classe,1,40,
-9.683415,-36.665041,60,OSM:classe,1,40,
-9.683410,-36.849679,80,OSM,0,,
-9.683410,-35.768320,60,OSM:classe,1,40,
-9.683401,-36.601560,60,OSM:classe,1,40,
-9.683388,-36.849060,80,OSM,0,,
-9.683364,-36.651441,60,OSM:classe,1,40,
-9.683118,-36.557416,100,OSM:classe,1,100,
-9.683106,-37.394981,60,OSM:classe,1,40,
-9.683049,-36.178970,60,OSM:classe,1,40,
-9.683034,-36.556975,100,OSM:classe,1,100,
-9.683025,-35.828485,60,OSM:classe,1,50,
-9.683018,-36.599515,60,OSM:classe,1,40,
-9.682992,-35.762771,80,OSM:classe,1,60,
-9.682968,-36.556624,100,OSM:classe,1,100,
-9.682956,-36.037571,80,OSM,0,,
-9.682899,-36.556277,100,OSM:classe,1,100,
-9.682816,-37.239834,60,OSM:classe,1,40,
-9.682801,-37.122941,60,OSM:classe,1,40,
-9.682798,-36.556706,40,OSM:classe,1,40,
-9.682701,-35.762296,80,OSM:classe,1,60,
-9.682681,-36.304221,40,OSM,0,,
-9.682524,-36.556655,80,OSM:classe,1,60,
-9.682359,-36.554271,80,OSM:classe,1,60,
-9.682305,-37.343796,60,OSM:classe,1,40,
-9.682278,-36.305790,60,OSM:classe,1,40,
-9.682270,-35.829257,60,OSM:classe,1,50,
-9.682199,-37.125436,60,OSM:classe,1,40,
-9.682157,-36.796869,80,OSM,0,,
-9.682127,-37.113073,60,OSM:classe,1,40,
-9.682068,-36.625092,60,OSM:classe,1,40,
-9.682026,-35.965184,100,OSM:classe,1,80,
-9.681988,-36.250520,80,OSM,0,,
-9.681977,-37.132484,60,OSM:classe,1,50,
-9.681942,-35.829600,60,OSM:classe,1,50,
-9.681882,-36.304044,40,OSM,0,,
-9.681866,-36.553399,60,OSM:classe,1,40,
-9.681818,-36.037773,80,OSM,0,,
-9.681715,-36.599435,60,OSM:classe,1,40,
-9.681709,-37.002737,60,OSM:classe,1,40,
-9.681607,-36.423129,60,OSM:classe,1,40,
-9.681572,-36.460295,60,OSM:classe,1,40,
-9.681457,-37.396369,60,OSM:classe,1,40,
-9.681399,-37.396400,60,OSM:classe,1,40,
-9.681390,-36.037490,80,OSM,0,,
-9.681346,-36.636395,60,OSM:classe,1,50,
-9.681339,-36.743887,60,OSM:classe,1,40,
-9.681277,-36.696245,60,OSM,0,,
-9.681250,-36.599037,60,OSM:classe,1,40,
-9.681210,-37.396187,60,OSM:classe,1,40,
-9.681171,-36.554021,60,OSM:classe,1,40,
-9.681143,-36.754090,60,OSM:classe,1,40,
-9.681114,-37.396774,60,OSM:classe,1,40,
-9.681062,-37.324039,60,OSM:classe,1,40,
-9.681044,-37.207658,60,OSM:classe,1,40,
-9.681034,-35.803753,60,OSM:classe,1,40,
-9.680969,-36.310137,60,OSM:classe,1,40,
-9.680950,-36.745766,60,OSM:classe,1,40,
-9.680918,-37.377026,60,OSM:classe,1,40,
-9.680842,-37.397126,60,OSM:classe,1,40,
-9.680832,-36.405608,60,OSM,0,,
-9.680747,-36.466239,60,OSM:classe,1,40,
-9.680682,-36.412783,60,OSM:classe,1,40,
-9.680634,-36.243356,80,OSM,0,,
-9.680607,-37.397014,60,OSM:classe,1,40,
-9.680596,-36.682805,60,OSM:classe,1,40,
-9.680276,-37.396135,60,OSM:classe,1,40,
-9.680271,-36.748318,60,OSM:classe,1,40,
-9.680257,-36.406254,60,OSM,0,,
-9.680255,-37.390636,60,OSM:classe,1,60,
-9.680193,-36.037439,80,OSM,0,,
-9.680168,-36.242497,80,OSM,0,,
-9.680141,-35.759214,80,OSM:classe,1,60,
-9.680093,-36.462588,60,OSM:classe,1,40,
-9.680088,-35.759132,80,OSM:classe,1,60,
-9.680031,-36.859064,80,OSM,0,,
-9.680028,-36.550370,80,OSM:classe,1,60,
-9.679997,-37.397252,60,OSM:classe,1,40,
-9.679991,-35.759376,80,OSM:classe,1,60,
-9.679966,-35.969238,100,OSM:classe,1,80,
-9.679902,-35.759163,60,OSM:classe,1,60,
-9.679809,-35.765923,60,OSM:classe,1,40,
-9.679802,-36.408969,60,OSM:classe,1,40,
-9.679792,-36.599555,60,OSM:classe,1,40,
-9.679788,-36.665997,60,OSM:classe,1,40,
-9.679657,-37.124649,60,OSM:classe,1,40,
-9.679630,-36.798035,80,OSM,0,,
-9.679608,-36.036957,80,OSM,0,,
-9.679608,-35.759481,60,OSM:classe,1,60,
-9.679584,-35.759400,60,OSM:classe,1,60,
-9.679525,-37.377047,60,OSM:classe,1,40,
-9.679494,-35.758313,80,OSM:classe,1,60,
-9.679484,-37.334129,60,OSM:classe,1,40,
-9.679366,-36.599709,60,OSM:classe,1,40,
-9.679301,-36.559399,60,OSM:classe,1,50,
-9.679258,-36.558935,60,OSM:classe,1,40,
-9.679250,-35.832325,60,OSM:classe,1,50,
-9.679247,-36.507846,60,OSM:classe,1,40,
-9.679238,-36.862166,80,OSM,0,,
-9.679236,-36.530071,60,OSM:classe,1,40,
-9.679227,-37.340820,60,OSM:classe,1,40,
-9.679168,-36.599311,60,OSM:classe,1,40,
-9.679129,-36.419323,60,OSM:classe,1,40,
-9.679117,-35.759641,60,OSM:classe,1,60,
-9.679090,-37.377994,60,OSM:classe,1,40,
-9.679065,-36.599126,60,OSM:classe,1,40,
-9.679049,-37.397360,60,OSM:classe,1,40,
-9.679010,-36.651372,60,OSM:classe,1,40,
-9.678995,-36.304613,40,OSM,0,,
-9.678919,-36.697418,60,OSM,0,,
-9.678864,-36.179171,60,OSM:classe,1,40,
-9.678762,-36.179188,60,OSM:classe,1,40,
-9.678694,-37.112258,60,OSM:classe,1,40,
-9.678646,-36.622248,60,OSM:classe,1,40,
-9.678595,-37.238423,60,OSM:classe,1,40,
-9.678584,-36.798117,80,OSM,0,,
-9.678567,-37.112408,60,OSM:classe,1,40,
-9.678557,-35.802870,60,OSM:classe,1,40,
-9.678553,-35.756915,80,OSM:classe,1,60,
-9.678491,-35.802844,60,OSM:classe,1,40,
-9.678468,-36.600335,60,OSM:classe,1,40,
-9.678415,-36.036633,80,OSM,0,,
-9.678319,-36.313408,60,OSM:classe,1,40,
-9.678237,-35.756448,80,OSM:classe,1,60,
-9.678194,-36.313525,60,OSM:classe,1,40,
-9.678135,-36.036113,80,OSM,0,,
-9.678119,-35.756499,80,OSM:classe,1,60,
-9.678086,-37.327420,60,OSM:classe,1,40,
-9.678032,-36.239989,80,OSM,0,,
-9.677952,-35.756027,80,OSM:classe,1,60,
-9.677938,-36.752082,60,OSM:classe,1,40,
-9.677905,-35.973293,100,OSM:classe,1,80,
-9.677880,-35.802431,60,OSM:classe,1,40,
-9.677874,-37.382381,60,OSM:classe,1,40,
-9.677856,-37.133280,60,OSM:classe,1,50,
-9.677838,-37.133277,60,OSM:classe,1,50,
-9.677808,-35.759921,40,OSM:classe,1,40,
-9.677802,-35.797931,60,OSM:classe,1,40,
-9.677777,-35.802323,60,OSM:classe,1,40,
-9.677696,-36.546470,80,OSM:classe,1,60,
-9.677665,-35.756635,60,OSM:classe,1,40,
-9.677613,-36.596489,60,OSM:classe,1,40,
-9.677548,-37.124246,60,OSM:classe,1,40,
-9.677528,-37.327845,60,OSM:classe,1,40,
-9.677507,-36.406959,60,OSM,0,,
-9.677477,-37.327932,60,OSM:classe,1,40,
-9.677425,-37.439172,60,OSM:classe,1,40,
-9.677423,-37.001404,60,OSM:classe,1,40,
-9.677370,-36.556360,60,OSM:classe,1,40,
-9.677291,-36.239138,80,OSM,0,,
-9.677231,-36.697370,60,OSM,0,,
-9.677219,-36.466081,60,OSM:classe,1,40,
-9.677215,-35.793669,60,OSM:classe,1,40,
-9.677190,-36.666984,60,OSM:classe,1,40,
-9.677156,-36.638000,60,OSM:classe,1,50,
-9.677155,-36.415367,60,OSM:classe,1,40,
-9.677103,-36.238922,80,OSM,0,,
-9.677050,-36.697357,40,OSM,0,,
-9.677048,-36.035627,80,OSM,0,,
-9.677029,-36.338778,60,OSM:classe,1,40,
-9.677009,-37.329116,60,OSM:classe,1,40,
-9.677002,-37.209314,60,OSM:classe,1,40,
-9.676972,-36.697350,40,OSM,0,,
-9.676968,-37.387524,60,OSM:classe,1,60,
-9.676957,-36.304765,40,OSM,0,,
-9.676954,-36.697567,40,OSM:classe,1,40,
-9.676941,-36.745032,60,OSM:classe,1,40,
-9.676913,-37.329026,60,OSM:classe,1,40,
-9.676871,-37.327497,60,OSM:classe,1,40,
-9.676857,-36.341706,60,OSM:classe,1,40,
-9.676833,-37.329447,60,OSM:classe,1,40,
-9.676823,-35.834775,60,OSM:classe,1,50,
-9.676798,-37.417512,60,OSM:classe,1,40,
-9.676792,-36.697794,60,OSM:classe,1,50,
-9.676792,-36.342841,60,OSM:classe,1,40,
-9.676751,-36.697328,40,OSM,0,,
-9.676723,-36.034826,80,OSM,0,,
-9.676674,-36.869068,80,OSM,0,,
-9.676668,-37.413125,60,OSM:classe,1,40,
-9.676620,-37.434790,60,OSM:classe,1,40,
-9.676598,-37.399504,60,OSM:classe,1,40,
-9.676597,-37.328895,60,OSM:classe,1,40,
-9.676582,-36.406970,60,OSM:classe,1,40,
-9.676582,-35.753964,80,OSM:classe,1,60,
-9.676567,-36.035180,40,OSM:classe,1,40,
-9.676539,-35.753900,40,OSM:classe,1,40,
-9.676520,-36.797693,80,OSM,0,,
-9.676517,-36.562312,60,OSM:classe,1,50,
-9.676511,-36.347394,60,OSM:classe,1,40,
-9.676436,-37.443612,60,OSM:classe,1,40,
-9.676361,-36.465588,60,OSM:classe,1,40,
-9.676321,-36.681842,60,OSM:classe,1,40,
-9.676276,-35.763178,60,OSM:classe,1,40,
-9.676227,-36.467273,60,OSM:classe,1,40,
-9.676223,-35.753422,40,OSM,0,,
-9.676206,-35.835401,60,OSM:classe,1,50,
-9.676201,-36.552432,60,OSM:classe,1,40,
-9.676172,-36.334375,60,OSM:classe,1,40,
-9.676157,-37.408914,60,OSM:classe,1,40,
-9.676118,-35.753480,80,OSM:classe,1,60,
-9.676094,-36.638315,60,OSM:classe,1,50,
-9.676062,-37.406336,60,OSM:classe,1,40,
-9.676024,-36.406920,60,OSM,0,,
-9.675958,-37.326629,60,OSM:classe,1,40,
-9.675946,-36.333767,60,OSM:classe,1,40,
-9.675945,-36.602156,60,OSM:classe,1,40,
-9.675926,-35.753179,40,OSM:classe,1,40,
-9.675918,-35.753166,80,OSM:classe,1,60,
-9.675886,-37.328589,60,OSM:classe,1,40,
-9.675883,-37.421978,60,OSM:classe,1,40,
-9.675881,-36.871026,40,OSM:classe,1,40,
-9.675863,-37.326777,60,OSM:classe,1,40,
-9.675775,-36.635314,60,OSM:classe,1,40,
-9.675767,-36.635492,60,OSM:classe,1,40,
-9.675759,-37.124054,60,OSM:classe,1,40,
-9.675754,-36.618809,60,OSM:classe,1,40,
-9.675711,-37.326696,60,OSM:classe,1,40,
-9.675656,-36.872819,40,OSM:classe,1,40,
-9.675617,-35.977193,100,OSM:classe,1,80,
-9.675602,-36.638378,60,OSM:classe,1,40,
-9.675590,-37.426435,60,OSM:classe,1,40,
-9.675570,-37.386180,60,OSM:classe,1,40,
-9.675565,-36.316305,60,OSM:classe,1,40,
-9.675546,-35.836373,60,OSM:classe,1,50,
-9.675545,-35.836464,60,OSM:classe,1,50,
-9.675511,-37.124063,60,OSM:classe,1,40,
-9.675489,-37.332051,60,OSM:classe,1,40,
-9.675454,-37.115653,60,OSM:classe,1,40,
-9.675425,-36.872239,80,OSM,0,,
-9.675403,-36.305324,40,OSM,0,,
-9.675391,-36.506326,60,OSM:classe,1,40,
-9.675384,-35.752230,80,OSM:classe,1,60,
-9.675380,-37.338693,60,OSM:classe,1,40,
-9.675365,-36.542569,80,OSM:classe,1,60,
-9.675274,-35.760701,60,OSM:classe,1,60,
-9.675242,-37.447927,60,OSM:classe,1,40,
-9.675238,-35.836096,60,OSM:classe,1,50,
-9.675232,-35.760714,60,OSM:classe,1,60,
-9.675230,-35.836735,60,OSM:classe,1,50,
-9.675148,-37.326462,60,OSM:classe,1,40,
-9.675130,-37.430724,60,OSM:classe,1,40,
-9.675122,-36.236821,80,OSM,0,,
-9.675114,-36.471637,60,OSM:classe,1,40,
-9.675111,-37.403615,60,OSM:classe,1,40,
-9.675067,-36.874654,80,OSM,0,,
-9.675064,-37.326323,60,OSM:classe,1,40,
-9.675041,-36.305417,40,OSM,0,,
-9.675033,-36.542064,60,OSM:classe,1,40,
-9.675021,-36.531661,60,OSM:classe,1,40,
-9.675011,-37.125763,60,OSM:classe,1,50,
-9.674984,-36.033176,80,OSM,0,,
-9.674921,-35.836456,60,OSM:classe,1,50,
-9.674838,-35.761042,60,OSM:classe,1,60,
-9.674810,-36.305477,80,OSM,0,,
-9.674741,-35.763405,60,OSM:classe,1,40,
-9.674705,-37.333466,60,OSM:classe,1,40,
-9.674705,-36.329383,60,OSM:classe,1,40,
-9.674677,-36.506568,60,OSM:classe,1,40,
-9.674646,-36.652303,60,OSM:classe,1,40,
-9.674623,-37.236285,60,OSM:classe,1,40,
-9.674623,-35.718197,40,OSM:classe,1,40,
-9.674619,-37.127123,60,OSM:classe,1,50,
-9.674616,-36.180799,60,OSM:classe,1,40,
-9.674596,-36.033695,100,OSM:classe,1,80,
-9.674590,-36.351403,60,OSM:classe,1,40,
-9.674582,-36.033718,100,OSM:classe,1,80,
-9.674572,-37.127340,60,OSM:classe,1,40,
-9.674564,-35.719716,60,OSM:classe,1,60,
-9.674545,-36.593411,60,OSM:classe,1,40,
-9.674532,-36.033266,100,OSM:classe,1,80,
-9.674444,-36.506606,60,OSM:classe,1,40,
-9.674386,-36.875999,80,OSM,0,,
-9.674363,-37.327398,60,OSM:classe,1,40,
-9.674254,-37.127817,60,OSM:classe,1,50,
-9.674174,-35.837473,60,OSM:classe,1,50,
-9.674169,-37.127134,60,OSM:classe,1,50,
-9.674146,-35.719780,60,OSM:classe,1,60,
-9.674141,-35.720132,60,OSM:classe,1,60,
-9.674124,-35.717331,60,OSM:classe,1,60,
-9.674113,-36.320621,60,OSM:classe,1,40,
-9.674046,-37.373543,60,OSM:classe,1,50,
-9.674028,-35.718882,60,OSM:classe,1,40,
-9.673972,-37.125813,60,OSM:classe,1,50,
-9.673965,-36.797629,80,OSM,0,,
-9.673911,-35.791185,60,OSM:classe,1,40,
-9.673904,-35.752223,60,OSM:zone,1,50,
-9.673874,-35.757832,60,OSM:classe,1,40,
-9.673826,-36.592668,60,OSM:classe,1,40,
-9.673821,-37.326988,60,OSM:classe,1,40,
-9.673712,-35.763162,60,OSM:classe,1,40,
-9.673692,-37.327049,60,OSM:classe,1,40,
-9.673680,-37.384412,60,OSM:classe,1,60,
-9.673661,-35.749267,30,OSM,0,,
-9.673647,-35.763936,60,OSM:classe,1,60,
-9.673646,-35.764217,60,OSM:classe,1,60,
-9.673645,-35.763160,60,OSM:classe,1,60,
-9.673645,-35.763099,60,OSM:classe,1,50,
-9.673635,-37.327005,60,OSM:classe,1,40,
-9.673635,-36.475835,60,OSM:classe,1,40,
-9.673587,-36.565745,60,OSM:classe,1,50,
-9.673575,-35.764240,60,OSM:classe,1,60,
-9.673574,-35.762930,40,OSM:classe,1,40,
-9.673573,-35.763934,60,OSM:classe,1,60,
-9.673569,-35.763656,40,OSM:classe,1,40,
-9.673568,-35.763133,60,OSM:classe,1,60,
-9.673568,-35.763071,60,OSM:classe,1,60,
-9.673540,-37.131186,60,OSM:classe,1,50,
-9.673531,-35.720897,40,OSM:classe,1,40,
-9.673517,-35.721766,60,OSM:classe,1,60,
-9.673464,-36.324998,60,OSM:classe,1,40,
-9.673463,-35.719339,60,OSM:classe,1,40,
-9.673460,-35.748635,40,OSM,0,,
-9.673449,-37.132038,60,OSM:classe,1,50,
-9.673405,-35.719152,60,OSM:classe,1,40,
-9.673370,-37.132758,60,OSM:classe,1,50,
-9.673362,-37.132541,60,OSM:classe,1,50,
-9.673360,-35.748462,30,OSM,0,,
-9.673357,-35.748691,40,OSM:classe,1,40,
-9.673324,-35.748629,30,OSM,0,,
-9.673322,-37.326549,60,OSM:classe,1,40,
-9.673286,-37.326712,60,OSM:classe,1,40,
-9.673277,-37.326713,60,OSM:classe,1,40,
-9.673249,-37.369054,60,OSM:classe,1,50,
-9.673236,-36.538579,80,OSM:classe,1,60,
-9.673195,-37.368748,80,OSM:classe,1,60,
-9.673191,-36.140059,60,OSM:classe,1,40,
-9.673178,-37.326599,60,OSM:classe,1,40,
-9.673177,-35.762595,60,OSM:classe,1,50,
-9.673163,-37.132713,60,OSM:classe,1,50,
-9.673155,-37.366450,80,OSM:classe,1,60,
-9.673154,-37.366351,80,OSM:classe,1,60,
-9.673143,-36.700383,60,OSM:classe,1,50,
-9.673133,-35.748281,80,OSM:classe,1,60,
-9.673129,-37.132520,60,OSM:classe,1,50,
-9.673127,-35.762458,60,OSM:classe,1,50,
-9.673127,-35.718760,60,OSM:classe,1,40,
-9.673102,-35.762630,60,OSM:classe,1,50,
-9.673090,-37.361790,80,OSM:classe,1,60,
-9.673075,-37.132563,60,OSM:classe,1,50,
-9.673051,-35.762493,60,OSM:classe,1,50,
-9.673049,-37.000347,60,OSM:classe,1,40,
-9.673021,-35.762112,60,OSM:classe,1,50,
-9.673016,-36.031329,40,OSM:classe,1,40,
-9.672994,-35.716781,60,OSM:classe,1,60,
-9.672988,-35.747996,40,OSM:classe,1,40,
-9.672979,-37.211089,60,OSM:classe,1,40,
-9.672953,-35.747926,80,OSM:classe,1,60,
-9.672940,-35.762138,60,OSM:classe,1,50,
-9.672867,-36.635684,60,OSM:classe,1,40,
-9.672840,-35.747699,40,OSM:classe,1,40,
-9.672805,-35.723032,60,OSM:classe,1,60,
-9.672793,-37.117251,60,OSM:classe,1,40,
-9.672771,-37.235768,60,OSM:classe,1,40,
-9.672758,-37.357255,80,OSM:classe,1,60,
-9.672757,-35.838892,60,OSM:classe,1,50,
-9.672753,-36.667309,60,OSM:classe,1,40,
-9.672735,-37.125843,60,OSM:classe,1,50,
-9.672733,-37.377669,60,OSM:classe,1,50,
-9.672723,-35.980685,100,OSM:classe,1,80,
-9.672720,-35.749643,60,OSM:zone,1,50,
-9.672690,-37.132739,80,OSM,0,,
-9.672669,-35.721980,60,OSM:classe,1,40,
-9.672622,-35.760793,60,OSM:classe,1,50,
-9.672607,-36.745240,60,OSM:classe,1,40,
-9.672599,-35.839051,60,OSM:classe,1,50,
-9.672577,-37.337484,60,OSM:classe,1,40,
-9.672556,-35.749994,60,OSM:zone,1,50,
-9.672539,-35.760823,60,OSM:classe,1,50,
-9.672498,-35.725131,60,OSM:classe,1,60,
-9.672439,-35.839211,60,OSM:classe,1,50,
-9.672416,-35.838902,40,OSM:classe,1,40,
-9.672322,-35.720445,60,OSM:classe,1,40,
-9.672312,-35.718021,60,OSM:classe,1,40,
-9.672218,-35.746016,80,OSM:classe,1,60,
-9.672215,-35.718177,60,OSM:classe,1,40,
-9.672195,-35.749290,30,OSM,0,,
-9.672183,-35.719879,60,OSM:classe,1,40,
-9.672175,-35.721431,60,OSM:classe,1,40,
-9.672173,-37.329943,60,OSM:classe,1,50,
-9.672163,-36.306432,80,OSM,0,,
-9.672141,-36.604500,60,OSM:classe,1,40,
-9.672123,-37.353678,60,OSM:classe,1,50,
-9.672089,-36.355194,60,OSM:classe,1,40,
-9.672059,-36.626886,60,OSM:classe,1,40,
-9.672057,-36.629570,60,OSM:classe,1,40,
-9.672050,-36.616542,60,OSM:classe,1,40,
-9.672045,-36.037484,100,OSM:classe,1,80,
-9.672002,-36.798840,80,OSM,0,,
-9.671964,-36.464868,60,OSM:classe,1,40,
-9.671955,-36.626876,60,OSM:classe,1,40,
-9.671950,-35.764987,60,OSM:classe,1,60,
-9.671942,-35.758449,60,OSM:classe,1,40,
-9.671925,-35.790993,60,OSM:classe,1,40,
-9.671918,-35.765184,60,OSM:classe,1,60,
-9.671912,-35.722011,60,OSM:classe,1,40,
-9.671894,-37.329309,60,OSM:classe,1,40,
-9.671854,-35.758478,60,OSM:classe,1,40,
-9.671845,-37.331479,40,OSM:classe,1,40,
-9.671836,-36.534292,80,OSM:classe,1,60,
-9.671835,-37.450584,60,OSM:classe,1,40,
-9.671830,-36.682063,60,OSM:classe,1,40,
-9.671827,-37.382658,60,OSM:classe,1,60,
-9.671801,-37.328920,60,OSM:classe,1,40,
-9.671796,-37.332214,60,OSM:classe,1,50,
-9.671777,-36.639593,60,OSM:classe,1,50,
-9.671752,-37.331871,60,OSM:classe,1,40,
-9.671723,-37.332572,40,OSM:classe,1,40,
-9.671723,-36.552416,60,OSM:classe,1,40,
-9.671679,-35.744232,60,OSM:zone,1,50,
-9.671673,-37.133362,80,OSM,0,,
-9.671636,-35.717736,60,OSM:classe,1,40,
-9.671588,-37.382046,60,OSM:classe,1,50,
-9.671517,-36.234710,80,OSM,0,,
-9.671494,-37.334443,60,OSM:classe,1,50,
-9.671458,-37.329024,60,OSM:classe,1,40,
-9.671456,-35.756839,60,OSM:classe,1,50,
-9.671417,-35.727076,60,OSM:classe,1,60,
-9.671409,-35.716007,60,OSM:classe,1,60,
-9.671375,-35.756863,60,OSM:classe,1,50,
-9.671319,-37.336746,60,OSM:classe,1,50,
-9.671299,-35.719847,60,OSM:classe,1,40,
-9.671275,-37.328890,60,OSM:classe,1,40,
-9.671105,-35.755708,40,OSM:classe,1,40,
-9.671055,-35.715809,60,OSM:classe,1,60,
-9.670993,-35.727612,60,OSM:classe,1,60,
-9.670990,-36.503752,60,OSM:classe,1,40,
-9.670948,-35.727085,60,OSM:classe,1,60,
-9.670928,-35.742493,40,OSM:classe,1,40,
-9.670906,-35.764839,40,OSM:classe,1,40,
-9.670905,-37.658850,60,OSM:classe,1,40,
-9.670895,-36.887141,80,OSM,0,,
-9.670822,-35.727968,60,OSM:classe,1,60,
-9.670806,-36.533250,60,OSM:classe,1,40,
-9.670804,-37.328593,60,OSM:classe,1,40,
-9.670767,-36.479306,60,OSM:classe,1,40,
-9.670763,-36.886846,80,OSM,0,,
-9.670723,-36.234436,80,OSM,0,,
-9.670691,-36.540878,60,OSM:classe,1,40,
-9.670689,-35.727765,40,OSM:classe,1,40,
-9.670689,-35.725844,60,OSM:classe,1,40,
-9.670674,-35.726054,60,OSM:classe,1,40,
-9.670658,-36.182963,60,OSM:classe,1,40,
-9.670658,-35.741664,80,OSM:classe,1,60,
-9.670633,-35.726988,40,OSM:classe,1,40,
-9.670596,-36.616439,60,OSM:classe,1,40,
-9.670583,-35.741767,80,OSM:classe,1,60,
-9.670565,-37.659125,60,OSM:classe,1,40,
-9.670553,-36.611880,60,OSM:classe,1,40,
-9.670525,-37.331192,60,OSM:classe,1,40,
-9.670525,-35.745924,60,OSM:zone,1,50,
-9.670509,-35.715494,60,OSM:classe,1,60,
-9.670507,-35.753727,60,OSM:classe,1,50,
-9.670476,-35.719353,60,OSM:classe,1,40,
-9.670454,-35.740472,80,OSM:classe,1,60,
-9.670433,-35.753748,60,OSM:classe,1,50,
-9.670428,-35.728882,80,OSM:classe,1,60,
-9.670408,-35.726928,60,OSM:classe,1,60,
-9.670381,-35.753575,60,OSM:classe,1,50,
-9.670378,-35.764766,60,OSM:classe,1,60,
-9.670373,-37.340960,60,OSM:classe,1,50,
-9.670370,-35.741849,80,OSM:classe,1,60,
-9.670352,-35.764984,60,OSM:classe,1,60,
-9.670339,-35.727217,60,OSM:classe,1,60,
-9.670324,-36.632424,60,OSM:classe,1,40,
-9.670301,-35.740060,60,OSM:classe,1,40,
-9.670266,-36.652462,60,OSM:classe,1,40,
-9.670260,-35.727662,60,OSM:classe,1,50,
-9.670252,-35.739763,60,OSM:classe,1,40,
-9.670232,-35.716516,60,OSM:classe,1,40,
-9.670224,-37.331012,60,OSM:classe,1,40,
-9.670124,-36.568595,60,OSM:classe,1,50,
-9.670103,-36.502564,60,OSM:classe,1,40,
-9.670097,-35.738853,80,OSM:classe,1,60,
-9.670076,-35.719868,60,OSM:classe,1,40,
-9.670022,-35.728737,40,OSM:classe,1,40,
-9.670012,-36.403953,60,OSM,0,,
-9.669888,-36.040684,100,OSM:classe,1,80,
-9.669869,-35.730944,80,OSM:classe,1,60,
-9.669856,-37.349802,60,OSM:classe,1,50,
-9.669850,-35.731405,60,OSM:zone,1,50,
-9.669841,-36.667598,60,OSM:classe,1,40,
-9.669839,-35.725329,60,OSM:classe,1,40,
-9.669836,-35.735954,60,OSM:zone,1,50,
-9.669835,-35.984180,100,OSM:classe,1,80,
-9.669825,-35.719676,60,OSM:classe,1,40,
-9.669795,-35.730582,80,OSM:classe,1,60,
-9.669784,-36.591117,60,OSM:classe,1,40,
-9.669776,-37.135887,80,OSM,0,,
-9.669771,-36.703376,60,OSM:classe,1,50,
-9.669757,-35.730960,80,OSM:classe,1,60,
-9.669752,-37.331354,60,OSM:classe,1,40,
-9.669702,-36.028419,80,OSM,0,,
-9.669700,-37.136321,80,OSM,0,,
-9.669695,-36.635097,60,OSM:classe,1,40,
-9.669688,-35.725580,60,OSM:classe,1,40,
-9.669676,-35.735513,80,OSM:classe,1,60,
-9.669668,-37.454389,60,OSM:classe,1,40,
-9.669654,-35.719788,60,OSM:classe,1,40,
-9.669651,-35.733364,40,OSM:classe,1,40,
-9.669648,-35.741643,60,OSM:classe,1,40,
-9.669640,-35.717358,60,OSM:classe,1,40,
-9.669621,-35.741730,60,OSM:classe,1,40,
-9.669593,-35.717602,60,OSM:classe,1,40,
-9.669590,-37.136619,80,OSM,0,,
-9.669582,-35.732784,60,OSM,0,,
-9.669574,-35.750588,30,OSM,0,,
-9.669571,-35.741887,80,OSM:classe,1,60,
-9.669561,-35.733290,80,OSM:classe,1,60,
-9.669531,-35.720061,60,OSM:classe,1,40,
-9.669529,-37.135087,80,OSM,0,,
-9.669527,-36.607547,60,OSM:classe,1,40,
-9.669524,-37.657656,60,OSM:classe,1,40,
-9.669519,-37.136190,80,OSM,0,,
-9.669498,-37.136194,80,OSM,0,,
-9.669427,-35.735777,40,OSM:classe,1,40,
-9.669405,-37.136210,80,OSM,0,,
-9.669397,-37.134899,80,OSM,0,,
-9.669385,-35.733119,40,OSM,0,,
-9.669374,-37.345407,60,OSM:classe,1,50,
-9.669335,-35.842358,60,OSM:classe,1,50,
-9.669317,-37.136284,80,OSM,0,,
-9.669310,-35.733205,60,OSM,0,,
-9.669298,-35.842691,40,OSM:classe,1,40,
-9.669296,-37.136508,80,OSM,0,,
-9.669296,-35.717018,60,OSM:classe,1,40,
-9.669274,-35.745495,60,OSM:classe,1,40,
-9.669227,-37.137360,80,OSM,0,,
-9.669206,-35.749360,60,OSM:classe,1,50,
-9.669205,-35.730898,40,OSM,0,,
-9.669168,-37.119783,60,OSM:classe,1,40,
-9.669156,-35.749189,60,OSM:classe,1,50,
-9.669148,-35.842548,60,OSM:classe,1,50,
-9.669143,-36.142045,60,OSM:classe,1,40,
-9.669140,-37.133965,80,OSM,0,,
-9.669128,-35.732632,40,OSM,0,,
-9.669120,-35.741883,60,OSM:classe,1,50,
-9.669111,-35.714518,60,OSM:classe,1,60,
-9.669092,-35.842605,60,OSM:classe,1,50,
-9.669075,-35.749210,60,OSM:classe,1,50,
-9.668996,-37.213023,60,OSM:classe,1,40,
-9.668990,-35.741919,80,OSM:classe,1,60,
-9.668976,-35.714407,60,OSM:classe,1,60,
-9.668958,-37.133841,80,OSM,0,,
-9.668930,-36.045130,100,OSM:classe,1,80,
-9.668905,-35.744143,60,OSM:classe,1,40,
-9.668895,-36.530934,80,OSM:classe,1,60,
-9.668871,-35.842830,60,OSM:classe,1,50,
-9.668822,-35.715525,60,OSM:classe,1,40,
-9.668803,-36.358271,60,OSM:classe,1,40,
-9.668800,-35.742301,60,OSM:classe,1,50,
-9.668799,-36.696605,80,OSM,0,,
-9.668782,-37.235880,60,OSM:classe,1,40,
-9.668775,-36.800234,80,OSM,0,,
-9.668757,-35.748075,40,OSM:classe,1,40,
-9.668695,-35.716324,60,OSM:classe,1,40,
-9.668671,-36.027193,80,OSM,0,,
-9.668632,-35.727119,60,OSM:classe,1,40,
-9.668628,-36.999536,60,OSM:classe,1,40,
-9.668627,-35.726510,60,OSM:classe,1,50,
-9.668620,-37.138735,80,OSM,0,,
-9.668571,-35.747066,60,OSM:classe,1,40,
-9.668563,-35.741894,60,OSM:classe,1,50,
-9.668542,-36.744779,60,OSM:classe,1,40,
-9.668517,-37.379570,60,OSM:classe,1,60,
-9.668501,-35.715283,40,OSM:classe,1,40,
-9.668499,-37.325955,60,OSM:classe,1,40,
-9.668469,-36.465379,60,OSM:classe,1,40,
-9.668430,-35.741034,60,OSM:classe,1,40,
-9.668398,-37.657024,60,OSM:classe,1,40,
-9.668387,-37.332677,60,OSM:classe,1,40,
-9.668387,-35.725283,60,OSM:classe,1,50,
-9.668327,-35.713878,60,OSM:classe,1,60,
-9.668260,-35.764634,60,OSM:classe,1,60,
-9.668245,-35.740151,60,OSM:classe,1,50,
-9.668243,-37.126039,60,OSM:classe,1,50,
-9.668233,-35.745915,60,OSM:classe,1,50,
-9.668227,-35.725923,60,OSM:classe,1,50,
-9.668196,-36.049630,100,OSM:classe,1,80,
-9.668189,-35.745861,60,OSM:classe,1,50,
-9.668179,-35.745934,60,OSM:classe,1,50,
-9.668172,-35.745788,60,OSM:classe,1,40,
-9.668116,-35.757663,60,OSM:classe,1,50,
-9.668111,-36.526464,80,OSM:classe,1,60,
-9.668083,-36.050324,100,OSM:classe,1,80,
-9.668068,-35.713677,60,OSM:classe,1,60,
-9.668046,-35.789383,60,OSM:classe,1,40,
-9.668011,-36.606243,60,OSM:classe,1,40,
-9.667991,-35.757693,60,OSM:classe,1,50,
-9.667965,-35.757697,60,OSM:classe,1,50,
-9.667948,-35.757699,60,OSM:classe,1,50,
-9.667896,-35.713532,30,OSM,0,,
-9.667889,-35.734120,60,OSM,0,,
-9.667884,-35.764388,60,OSM:classe,1,60,
-9.667836,-37.144073,80,OSM,0,,
-9.667796,-37.458530,60,OSM:classe,1,40,
-9.667777,-35.736536,60,OSM:classe,1,40,
-9.667774,-37.213175,60,OSM:classe,1,40,
-9.667688,-35.744014,60,OSM:classe,1,40,
-9.667588,-36.641154,60,OSM:classe,1,50,
-9.667547,-35.736622,60,OSM:classe,1,40,
-9.667502,-35.736647,60,OSM:classe,1,40,
-9.667499,-35.743384,60,OSM:classe,1,50,
-9.667483,-37.655538,60,OSM:classe,1,40,
-9.667480,-36.602362,60,OSM:classe,1,40,
-9.667479,-36.626445,60,OSM:classe,1,40,
-9.667472,-36.683170,60,OSM:classe,1,40,
-9.667470,-36.552237,60,OSM:classe,1,40,
-9.667462,-35.844227,60,OSM:classe,1,50,
-9.667462,-35.743269,60,OSM:classe,1,50,
-9.667375,-35.987998,100,OSM:classe,1,80,
-9.667354,-36.403272,60,OSM,0,,
-9.667331,-36.482243,60,OSM:classe,1,40,
-9.667327,-35.712905,30,OSM,0,,
-9.667319,-35.742776,50,OSM,0,,
-9.667315,-37.213400,60,OSM:classe,1,40,
-9.667304,-35.722652,60,OSM:classe,1,40,
-9.667223,-36.359619,60,OSM:classe,1,40,
-9.667215,-35.725063,60,OSM:classe,1,50,
-9.667212,-37.148409,80,OSM,0,,
-9.667212,-35.722616,60,OSM:classe,1,40,
-9.667198,-35.737143,60,OSM,0,,
-9.667156,-35.725856,60,OSM:classe,1,40,
-9.667139,-36.897694,80,OSM,0,,
-9.667122,-35.726522,60,OSM:classe,1,40,
-9.667117,-35.726712,60,OSM:classe,1,40,
-9.667107,-35.712660,60,OSM:classe,1,60,
-9.667104,-35.725035,60,OSM:classe,1,50,
-9.667103,-35.727056,60,OSM:classe,1,40,
-9.667084,-35.741927,60,OSM,0,,
-9.667082,-35.727548,60,OSM:classe,1,50,
-9.667075,-36.310630,80,OSM,0,,
-9.667028,-35.736817,40,OSM:classe,1,40,
-9.667018,-35.726523,60,OSM:classe,1,40,
-9.667015,-35.726725,60,OSM:classe,1,40,
-9.666998,-35.729365,60,OSM:classe,1,40,
-9.666995,-35.734650,60,OSM,0,,
-9.666991,-35.729508,60,OSM:classe,1,40,
-9.666988,-35.729554,60,OSM:classe,1,40,
-9.666987,-35.727547,60,OSM:classe,1,50,
-9.666945,-35.741217,60,OSM:classe,1,40,
-9.666941,-35.734684,60,OSM,0,,
-9.666930,-36.706909,60,OSM:classe,1,50,
-9.666930,-36.641338,80,OSM:classe,1,60,
-9.666922,-36.750233,60,OSM:classe,1,40,
-9.666914,-36.655090,60,OSM:classe,1,40,
-9.666894,-35.734300,60,OSM:classe,1,40,
-9.666884,-36.745678,60,OSM:classe,1,40,
-9.666883,-35.729374,60,OSM:classe,1,40,
-9.666876,-37.213453,60,OSM:classe,1,40,
-9.666875,-35.729509,60,OSM:classe,1,40,
-9.666873,-35.729559,60,OSM:classe,1,40,
-9.666862,-35.743443,60,OSM:classe,1,40,
-9.666844,-35.714627,60,OSM:classe,1,40,
-9.666838,-35.734053,60,OSM:classe,1,40,
-9.666836,-35.712357,60,OSM:classe,1,60,
-9.666819,-35.712338,60,OSM:classe,1,60,
-9.666810,-36.799948,80,OSM,0,,
-9.666769,-35.734098,60,OSM:classe,1,40,
-9.666752,-35.722645,60,OSM:classe,1,40,
-9.666742,-37.130561,80,OSM,0,,
-9.666738,-37.130784,80,OSM,0,,
-9.666724,-36.899628,80,OSM,0,,
-9.666720,-35.743313,60,OSM:classe,1,40,
-9.666699,-36.185127,60,OSM:classe,1,40,
-9.666695,-36.502533,60,OSM:classe,1,40,
-9.666666,-36.467112,60,OSM:classe,1,40,
-9.666657,-36.233958,80,OSM,0,,
-9.666573,-35.722858,60,OSM:classe,1,40,
-9.666531,-35.739659,40,OSM:classe,1,40,
-9.666504,-35.722686,60,OSM:classe,1,40,
-9.666497,-35.739501,60,OSM,0,,
-9.666492,-35.735915,60,OSM,0,,
-9.666445,-35.738974,60,OSM,0,,
-9.666418,-35.711888,60,OSM:classe,1,60,
-9.666398,-35.724859,60,OSM:classe,1,40,
-9.666388,-36.146027,60,OSM:classe,1,40,
-9.666346,-36.539968,60,OSM:classe,1,40,
-9.666325,-35.711767,60,OSM:classe,1,60,
-9.666315,-35.738789,60,OSM:classe,1,50,
-9.666314,-35.723156,60,OSM:classe,1,40,
-9.666311,-35.723416,60,OSM:classe,1,40,
-9.666284,-36.667404,60,OSM:classe,1,40,
-9.666272,-37.152205,80,OSM,0,,
-9.666179,-37.659152,60,OSM:classe,1,40,
-9.666174,-37.121809,60,OSM:classe,1,40,
-9.666164,-36.754723,60,OSM:classe,1,40,
-9.666160,-35.738577,60,OSM:classe,1,50,
-9.666146,-35.732571,20,OSM,0,,
-9.666146,-35.723130,60,OSM:classe,1,40,
-9.666138,-36.522365,80,OSM:classe,1,60,
-9.666111,-36.616100,60,OSM:classe,1,40,
-9.666063,-35.735217,60,OSM,0,,
-9.666054,-36.570346,60,OSM:classe,1,50,
-9.666041,-37.335397,60,OSM:classe,1,40,
-9.666026,-35.722736,60,OSM:classe,1,40,
-9.665987,-36.694961,80,OSM,0,,
-9.665948,-35.732319,20,OSM,0,,
-9.665919,-35.723138,60,OSM:classe,1,40,
-9.665914,-35.845765,60,OSM:classe,1,50,
-9.665909,-35.711223,60,OSM:classe,1,60,
-9.665874,-35.722877,60,OSM:classe,1,40,
-9.665811,-35.726530,60,OSM:classe,1,40,
-9.665775,-36.403233,60,OSM,0,,
-9.665740,-37.213100,60,OSM:classe,1,40,
-9.665733,-35.757774,60,OSM:classe,1,50,
-9.665727,-35.726743,60,OSM:classe,1,40,
-9.665708,-35.732451,20,OSM,0,,
-9.665701,-35.722732,60,OSM:classe,1,40,
-9.665619,-35.739494,30,OSM,0,,
-9.665581,-36.433829,60,OSM:classe,1,40,
-9.665568,-35.737051,60,OSM:classe,1,50,
-9.665480,-36.590199,60,OSM:classe,1,40,
-9.665471,-36.598284,60,OSM:classe,1,40,
-9.665326,-36.053905,100,OSM:classe,1,80,
-9.665293,-35.743207,60,OSM:classe,1,40,
-9.665270,-35.712109,40,OSM:classe,1,40,
-9.665257,-35.735720,60,OSM,0,,
-9.665207,-37.376483,60,OSM:classe,1,60,
-9.665200,-37.462037,60,OSM:classe,1,40,
-9.665197,-37.159459,80,OSM,0,,
-9.665163,-37.643081,60,OSM:classe,1,40,
-9.665149,-35.726710,60,OSM:classe,1,40,
-9.665131,-35.710193,60,OSM:classe,1,60,
-9.665124,-35.724564,60,OSM:classe,1,40,
-9.665095,-36.144031,60,OSM:classe,1,40,
-9.665064,-35.740403,40,OSM:classe,1,40,
-9.665008,-37.323116,60,OSM:classe,1,40,
-9.665006,-36.641999,60,OSM:classe,1,50,
-9.664981,-35.709933,60,OSM:classe,1,60,
-9.664915,-35.991816,100,OSM:classe,1,80,
-9.664857,-35.846809,80,OSM:classe,1,60,
-9.664853,-35.727734,30,OSM,0,,
-9.664850,-35.712515,60,OSM:classe,1,40,
-9.664817,-37.159718,80,OSM,0,,
-9.664810,-35.727746,60,OSM:classe,1,50,
-9.664746,-35.724260,60,OSM:classe,1,40,
-9.664742,-35.724475,40,OSM:classe,1,40,
-9.664722,-36.105317,60,OSM:classe,1,60,
-9.664721,-36.692744,80,OSM,0,,
-9.664718,-35.739509,30,OSM,0,,
-9.664708,-37.160336,80,OSM,0,,
-9.664677,-35.713394,30,OSM,0,,
-9.664673,-35.727058,30,OSM,0,,
-9.664670,-37.160635,40,OSM:classe,1,40,
-9.664654,-35.697529,50,OSM,0,,
-9.664649,-35.740435,60,OSM:classe,1,40,
-9.664649,-35.697178,50,OSM,0,,
-9.664632,-36.555679,60,OSM:classe,1,40,
-9.664626,-36.798704,80,OSM,0,,
-9.664602,-36.485868,60,OSM:classe,1,40,
-9.664554,-35.741488,60,OSM:classe,1,40,
-9.664522,-37.234526,60,OSM:classe,1,40,
-9.664514,-35.724420,60,OSM:classe,1,40,
-9.664511,-37.653165,60,OSM:classe,1,40,
-9.664509,-35.698380,50,OSM,0,,
-9.664500,-35.742166,80,OSM:classe,1,60,
-9.664483,-35.727962,30,OSM,0,,
-9.664459,-35.742769,50,OSM,0,,
-9.664451,-37.160065,80,OSM,0,,
-9.664446,-35.698688,50,OSM,0,,
-9.664443,-35.697496,50,OSM,0,,
-9.664435,-35.743091,60,OSM:classe,1,40,
-9.664432,-35.743124,60,OSM:classe,1,40,
-9.664416,-35.743284,60,OSM:classe,1,40,
-9.664413,-35.708949,60,OSM:classe,1,60,
-9.664407,-37.163222,80,OSM,0,,
-9.664406,-35.698901,50,OSM,0,,
-9.664402,-35.708930,60,OSM:classe,1,60,
-9.664398,-35.727821,30,OSM,0,,
-9.664371,-36.109864,60,OSM:classe,1,60,
-9.664360,-36.142557,60,OSM:classe,1,40,
-9.664355,-35.695968,50,OSM,0,,
-9.664335,-35.732372,60,OSM,0,,
-9.664296,-35.698333,50,OSM,0,,
-9.664280,-35.745252,60,OSM:classe,1,40,
-9.664221,-36.710550,60,OSM:classe,1,50,
-9.664199,-35.747796,60,OSM:classe,1,40,
-9.664164,-36.999106,60,OSM:classe,1,40,
-9.664163,-35.743421,60,OSM:classe,1,40,
-9.664152,-35.757723,60,OSM:classe,1,50,
-9.664133,-35.708462,60,OSM:classe,1,60,
-9.664123,-36.758761,60,OSM:classe,1,40,
-9.664107,-36.518299,80,OSM:classe,1,60,
-9.664099,-35.747784,60,OSM:classe,1,40,
-9.664076,-36.430038,60,OSM:classe,1,40,
-9.664022,-35.700714,60,OSM:classe,1,60,
-9.664019,-36.114412,60,OSM:classe,1,60,
-9.663982,-36.100831,60,OSM:classe,1,60,
-9.663966,-35.749802,60,OSM:classe,1,40,
-9.663959,-35.749906,60,OSM:classe,1,40,
-9.663936,-35.707775,60,OSM:classe,1,60,
-9.663910,-35.714113,30,OSM,0,,
-9.663908,-35.695695,50,OSM,0,,
-9.663898,-37.639132,60,OSM:classe,1,40,
-9.663897,-35.707623,60,OSM:classe,1,60,
-9.663869,-35.749860,60,OSM:classe,1,40,
-9.663864,-36.141535,60,OSM:classe,1,40,
-9.663839,-36.100206,100,OSM:classe,1,80,
-9.663837,-35.741574,60,OSM:classe,1,40,
-9.663833,-35.706963,60,OSM:classe,1,60,
-9.663829,-35.707109,60,OSM:classe,1,60,
-9.663797,-36.607709,60,OSM:classe,1,40,
-9.663794,-37.126704,60,OSM:classe,1,50,
-9.663780,-35.706565,60,OSM:classe,1,60,
-9.663775,-36.656917,60,OSM:classe,1,40,
-9.663759,-35.764390,60,OSM:classe,1,60,
-9.663746,-35.753061,60,OSM:classe,1,40,
-9.663731,-36.362492,60,OSM:classe,1,40,
-9.663671,-35.788866,60,OSM:classe,1,40,
-9.663667,-36.118959,60,OSM:classe,1,60,
-9.663666,-35.717855,60,OSM:classe,1,40,
-9.663646,-36.137441,60,OSM:classe,1,40,
-9.663610,-35.704242,60,OSM:classe,1,60,
-9.663601,-35.695982,50,OSM,0,,
-9.663589,-36.132892,60,OSM:classe,1,40,
-9.663566,-37.127499,80,OSM,0,,
-9.663551,-37.650714,60,OSM:classe,1,40,
-9.663537,-36.540048,60,OSM:classe,1,40,
-9.663537,-35.706609,40,OSM:classe,1,40,
-9.663522,-37.126745,60,OSM:classe,1,50,
-9.663516,-36.908541,80,OSM,0,,
-9.663466,-35.695713,50,OSM,0,,
-9.663461,-36.138761,60,OSM:classe,1,40,
-9.663457,-36.437794,60,OSM:classe,1,40,
-9.663449,-35.743774,30,OSM,0,,
-9.663448,-36.594294,60,OSM:classe,1,40,
-9.663440,-35.757612,60,OSM:classe,1,40,
-9.663436,-37.168494,80,OSM,0,,
-9.663416,-37.168817,80,OSM,0,,
-9.663410,-35.747405,60,OSM:classe,1,40,
-9.663398,-36.670813,60,OSM:classe,1,40,
-9.663383,-35.758548,60,OSM,0,,
-9.663346,-35.719557,60,OSM:classe,1,40,
-9.663345,-36.428027,60,OSM:classe,1,40,
-9.663315,-36.123506,60,OSM:classe,1,60,
-9.663310,-37.304358,60,OSM:classe,1,40,
-9.663305,-36.404074,60,OSM,0,,
-9.663300,-36.691519,80,OSM,0,,
-9.663292,-35.697051,50,OSM,0,,
-9.663286,-35.728022,60,OSM:classe,1,50,
-9.663257,-35.760183,60,OSM:classe,1,40,
-9.663242,-37.126931,60,OSM:classe,1,50,
-9.663232,-35.757561,60,OSM:classe,1,50,
-9.663228,-37.126974,80,OSM,0,,
-9.663225,-37.126800,80,OSM,0,,
-9.663209,-35.757910,60,OSM:classe,1,40,
-9.663177,-37.647087,60,OSM:classe,1,40,
-9.663169,-37.169357,80,OSM,0,,
-9.663168,-35.758526,60,OSM,0,,
-9.663146,-35.761803,60,OSM,0,,
-9.663143,-37.169116,80,OSM,0,,
-9.663137,-37.127069,80,OSM,0,,
-9.663100,-35.709076,40,OSM:classe,1,40,
-9.663089,-37.126694,80,OSM,0,,
-9.663055,-36.682618,60,OSM:classe,1,40,
-9.663002,-36.626014,60,OSM:classe,1,40,
-9.662966,-37.127072,80,OSM,0,,
-9.662963,-36.128054,60,OSM:classe,1,60,
-9.662960,-37.126711,80,OSM,0,,
-9.662960,-35.762114,60,OSM:classe,1,40,
-9.662935,-35.764733,60,OSM:classe,1,40,
-9.662896,-35.745453,30,OSM,0,,
-9.662880,-36.129132,60,OSM:classe,1,60,
-9.662879,-35.696004,50,OSM,0,,
-9.662872,-37.126980,80,OSM,0,,
-9.662855,-37.126849,80,OSM,0,,
-9.662848,-36.714747,60,OSM:classe,1,50,
-9.662839,-35.725678,60,OSM:classe,1,50,
-9.662833,-37.306582,60,OSM:classe,1,40,
-9.662829,-36.442266,60,OSM:classe,1,40,
-9.662805,-35.696322,60,OSM,0,,
-9.662801,-35.764789,60,OSM:classe,1,40,
-9.662793,-35.751394,60,OSM:classe,1,40,
-9.662790,-35.730197,60,OSM,0,,
-9.662758,-35.696198,60,OSM,0,,
-9.662741,-36.187292,60,OSM:classe,1,40,
-9.662716,-36.715750,60,OSM:classe,1,50,
-9.662716,-35.724041,60,OSM:classe,1,50,
-9.662711,-35.699224,50,OSM,0,,
-9.662700,-36.057004,100,OSM:classe,1,80,
-9.662686,-35.718515,60,OSM:classe,1,40,
-9.662683,-35.757339,60,OSM:classe,1,50,
-9.662675,-35.746304,60,OSM:classe,1,40,
-9.662675,-35.696127,50,OSM,0,,
-9.662660,-37.125596,60,OSM:classe,1,40,
-9.662660,-35.699455,50,OSM,0,,
-9.662659,-36.312014,80,OSM,0,,
-9.662653,-35.728141,60,OSM:classe,1,50,
-9.662648,-35.741688,60,OSM:classe,1,40,
-9.662640,-35.709816,60,OSM:classe,1,40,
-9.662638,-35.696149,50,OSM,0,,
-9.662637,-36.665253,60,OSM:classe,1,40,
-9.662609,-35.727454,60,OSM:classe,1,40,
-9.662585,-36.504008,60,OSM:classe,1,40,
-9.662584,-36.590316,60,OSM:classe,1,40,
-9.662581,-36.446767,60,OSM:classe,1,40,
-9.662570,-37.124512,80,OSM,0,,
-9.662555,-35.729871,60,OSM:classe,1,50,
-9.662552,-36.912115,80,OSM,0,,
-9.662548,-37.300101,60,OSM:classe,1,40,
-9.662529,-36.133533,60,OSM:classe,1,40,
-9.662519,-36.133679,60,OSM:classe,1,60,
-9.662510,-35.746927,60,OSM:classe,1,40,
-9.662497,-36.467496,60,OSM:classe,1,40,
-9.662454,-35.995634,100,OSM:classe,1,80,
-9.662453,-35.728178,60,OSM:classe,1,50,
-9.662451,-37.124538,80,OSM,0,,
-9.662431,-35.700444,50,OSM,0,,
-9.662403,-35.728472,40,OSM:classe,1,40,
-9.662376,-37.308220,60,OSM:classe,1,40,
-9.662371,-35.700711,50,OSM,0,,
-9.662357,-36.021211,80,OSM,0,,
-9.662347,-35.696327,60,OSM:classe,1,60,
-9.662328,-35.726106,60,OSM:classe,1,40,
-9.662318,-35.728200,60,OSM:classe,1,50,
-9.662313,-35.708838,60,OSM,0,,
-9.662262,-35.737477,80,OSM:classe,1,60,
-9.662245,-35.744794,60,OSM:classe,1,40,
-9.662237,-36.136460,60,OSM:classe,1,40,
-9.662215,-35.727610,60,OSM:classe,1,40,
-9.662210,-36.655169,60,OSM:classe,1,40,
-9.662165,-37.335301,60,OSM:classe,1,40,
-9.662153,-35.696432,60,OSM:classe,1,60,
-9.662146,-37.122434,80,OSM,0,,
-9.662139,-35.727799,60,OSM:classe,1,40,
-9.662109,-35.744316,60,OSM:classe,1,40,
-9.662105,-35.759576,50,OSM,0,,
-9.662096,-37.319790,60,OSM:classe,1,40,
-9.662096,-35.755901,60,OSM:classe,1,40,
-9.662087,-35.756029,60,OSM:classe,1,40,
-9.662086,-36.138215,60,OSM:classe,1,60,
-9.662074,-36.138431,60,OSM:classe,1,40,
-9.662060,-35.696483,60,OSM:classe,1,60,
-9.662032,-37.122509,80,OSM,0,,
-9.662032,-36.138625,60,OSM:classe,1,40,
-9.662031,-35.748041,60,OSM,0,,
-9.662014,-35.743940,60,OSM:classe,1,40,
-9.662004,-35.723887,60,OSM:classe,1,50,
-9.662002,-35.726358,60,OSM:classe,1,40,
-9.661981,-35.704686,40,OSM:classe,1,40,
-9.661980,-36.617131,60,OSM:classe,1,40,
-9.661972,-35.704608,50,OSM,0,,
-9.661967,-35.704326,50,OSM,0,,
-9.661951,-36.655972,60,OSM:classe,1,40,
-9.661949,-36.572068,60,OSM:classe,1,50,
-9.661942,-35.757022,60,OSM:classe,1,50,
-9.661937,-37.660574,60,OSM:classe,1,40,
-9.661912,-36.139105,80,OSM,0,,
-9.661901,-35.728944,60,OSM:classe,1,50,
-9.661898,-37.373395,60,OSM:classe,1,60,
-9.661892,-35.743473,60,OSM:classe,1,40,
-9.661883,-35.743449,40,OSM,0,,
-9.661864,-35.743385,60,OSM:classe,1,40,
-9.661849,-36.663795,60,OSM:classe,1,40,
-9.661833,-36.136334,60,OSM:classe,1,40,
-9.661812,-37.120819,60,OSM:classe,1,40,
-9.661775,-35.700338,60,OSM,0,,
-9.661767,-36.645097,60,OSM:classe,1,50,
-9.661766,-35.736413,80,OSM:classe,1,60,
-9.661758,-35.748719,60,OSM:classe,1,40,
-9.661741,-36.514420,80,OSM:classe,1,60,
-9.661718,-37.505643,60,OSM:classe,1,40,
-9.661708,-35.748617,60,OSM,0,,
-9.661698,-36.559057,60,OSM:classe,1,40,
-9.661696,-37.505277,60,OSM:classe,1,40,
-9.661694,-35.706962,60,OSM,0,,
-9.661643,-35.748733,60,OSM,0,,
-9.661635,-37.161086,80,OSM,0,,
-9.661634,-35.849990,80,OSM:classe,1,60,
-9.661630,-35.726360,60,OSM:classe,1,40,
-9.661597,-35.728811,60,OSM,0,,
-9.661593,-35.742493,80,OSM:classe,1,60,
-9.661515,-37.212703,60,OSM:classe,1,40,
-9.661505,-36.720119,60,OSM:classe,1,50,
-9.661476,-37.650706,60,OSM:classe,1,40,
-9.661431,-35.728443,60,OSM,0,,
-9.661428,-36.589201,60,OSM:classe,1,40,
-9.661396,-35.726441,60,OSM:classe,1,40,
-9.661380,-35.705714,60,OSM,0,,
-9.661378,-35.703019,60,OSM,0,,
-9.661361,-35.735063,40,OSM:classe,1,40,
-9.661337,-37.544972,60,OSM:classe,1,40,
-9.661310,-36.690968,60,OSM:classe,1,40,
-9.661299,-37.298496,60,OSM:classe,1,40,
-9.661277,-35.726491,60,OSM:classe,1,40,
-9.661272,-35.743327,40,OSM,0,,
-9.661226,-37.504129,60,OSM:classe,1,40,
-9.661167,-35.735509,80,OSM:classe,1,60,
-9.661146,-36.191153,60,OSM:classe,1,40,
-9.661096,-36.097124,100,OSM:classe,1,80,
-9.661074,-36.234326,80,OSM,0,,
-9.661062,-36.190531,60,OSM:classe,1,40,
-9.661055,-35.740757,60,OSM:classe,1,40,
-9.661039,-35.697068,60,OSM:classe,1,60,
-9.661025,-36.664998,60,OSM:classe,1,40,
-9.660996,-35.748826,40,OSM,0,,
-9.660989,-37.116734,40,OSM:classe,1,40,
-9.660939,-36.136215,60,OSM:classe,1,40,
-9.660906,-37.615745,60,OSM:classe,1,40,
-9.660905,-35.728917,70,OSM,0,,
-9.660900,-35.723621,60,OSM:classe,1,40,
-9.660893,-35.749007,40,OSM,0,,
-9.660892,-37.597768,60,OSM:classe,1,40,
-9.660837,-35.724232,60,OSM:classe,1,40,
-9.660820,-37.117835,80,OSM,0,,
-9.660812,-35.697195,60,OSM:classe,1,60,
-9.660811,-35.731567,70,OSM,0,,
-9.660807,-37.462934,60,OSM:classe,1,40,
-9.660798,-36.671407,60,OSM:classe,1,40,
-9.660796,-35.724958,60,OSM:classe,1,40,
-9.660772,-36.060938,100,OSM:classe,1,80,
-9.660723,-35.731631,40,OSM:classe,1,40,
-9.660714,-35.731702,60,OSM,0,,
-9.660682,-35.749355,40,OSM,0,,
-9.660669,-35.723557,60,OSM:classe,1,40,
-9.660628,-35.731157,60,OSM,0,,
-9.660627,-37.001292,60,OSM:classe,1,40,
-9.660610,-36.065496,100,OSM:classe,1,80,
-9.660610,-35.731004,70,OSM,0,,
-9.660597,-35.710958,60,OSM:classe,1,40,
-9.660593,-35.739271,80,OSM:classe,1,60,
-9.660590,-36.671816,60,OSM:classe,1,40,
-9.660578,-37.549081,60,OSM:classe,1,40,
-9.660566,-35.734514,80,OSM:classe,1,60,
-9.660562,-35.742640,40,OSM,0,,
-9.660551,-36.313620,80,OSM,0,,
-9.660544,-35.732333,70,OSM,0,,
-9.660541,-36.195408,60,OSM:classe,1,40,
-9.660519,-37.636178,60,OSM:classe,1,40,
-9.660517,-35.727103,60,OSM:classe,1,50,
-9.660509,-36.450653,60,OSM:classe,1,40,
-9.660467,-36.759439,60,OSM:classe,1,40,
-9.660466,-36.313689,80,OSM,0,,
-9.660458,-35.742676,60,OSM:classe,1,40,
-9.660455,-35.755901,60,OSM:classe,1,50,
-9.660452,-35.732294,60,OSM,0,,
-9.660449,-36.070054,100,OSM:classe,1,80,
-9.660446,-37.509912,60,OSM:classe,1,40,
-9.660439,-37.611336,60,OSM:classe,1,40,
-9.660438,-35.734357,80,OSM:classe,1,60,
-9.660431,-36.539464,60,OSM:classe,1,40,
-9.660411,-35.749656,40,OSM,0,,
-9.660410,-37.114069,80,OSM,0,,
-9.660403,-36.144524,80,OSM,0,,
-9.660396,-35.697445,60,OSM:classe,1,60,
-9.660381,-36.798158,80,OSM,0,,
-9.660377,-35.725652,60,OSM:classe,1,40,
-9.660345,-36.487273,60,OSM:classe,1,40,
-9.660338,-35.749114,40,OSM,0,,
-9.660329,-37.115119,40,OSM:classe,1,40,
-9.660320,-35.734281,60,OSM:classe,1,50,
-9.660318,-35.726928,60,OSM:classe,1,50,
-9.660303,-37.598215,60,OSM:classe,1,40,
-9.660296,-35.738500,80,OSM:classe,1,60,
-9.660287,-36.074613,100,OSM:classe,1,80,
-9.660244,-37.234756,60,OSM:classe,1,40,
-9.660231,-36.019854,80,OSM,0,,
-9.660196,-35.734007,80,OSM:classe,1,60,
-9.660189,-36.133271,60,OSM:classe,1,40,
-9.660179,-35.721758,60,OSM:classe,1,40,
-9.660164,-35.717197,60,OSM:classe,1,40,
-9.660153,-37.312185,60,OSM:classe,1,40,
-9.660150,-35.712636,60,OSM:classe,1,40,
-9.660144,-35.710850,60,OSM:classe,1,40,
-9.660135,-36.137148,60,OSM:classe,1,40,
-9.660133,-36.649317,60,OSM:classe,1,50,
-9.660088,-35.697618,60,OSM:classe,1,60,
-9.660054,-37.298366,60,OSM:classe,1,40,
-9.660039,-35.734349,60,OSM:classe,1,50,
-9.660031,-35.742005,40,OSM,0,,
-9.660029,-36.145905,80,OSM,0,,
-9.659994,-35.999453,100,OSM:classe,1,80,
-9.659987,-35.749201,40,OSM,0,,
-9.659983,-36.079160,100,OSM:classe,1,80,
-9.659976,-35.729167,70,OSM,0,,
-9.659959,-36.679892,60,OSM:classe,1,40,
-9.659893,-36.919389,80,OSM,0,,
-9.659892,-36.724376,60,OSM:classe,1,50,
-9.659887,-36.364603,60,OSM:classe,1,40,
-9.659868,-35.697743,60,OSM:classe,1,60,
-9.659845,-36.797961,80,OSM,0,,
-9.659836,-35.737755,80,OSM:classe,1,60,
-9.659827,-35.729199,60,OSM,0,,
-9.659824,-35.761378,60,OSM,0,,
-9.659810,-37.606825,60,OSM:classe,1,40,
-9.659810,-35.730329,70,OSM,0,,
-9.659806,-35.737705,60,OSM:classe,1,50,
-9.659804,-36.621098,60,OSM:classe,1,40,
-9.659800,-36.197532,60,OSM:classe,1,40,
-9.659798,-35.730434,60,OSM,0,,
-9.659772,-37.126273,60,OSM:classe,1,40,
-9.659715,-35.732955,70,OSM,0,,
-9.659701,-35.729540,70,OSM,0,,
-9.659689,-35.761318,60,OSM,0,,
-9.659655,-35.732871,60,OSM,0,,
-9.659619,-35.732842,40,OSM:classe,1,40,
-9.659602,-35.729985,60,OSM,0,,
-9.659598,-35.737362,80,OSM:classe,1,60,
-9.659584,-36.156912,80,OSM,0,,
-9.659581,-35.749303,40,OSM,0,,
-9.659567,-35.732963,40,OSM:classe,1,40,
-9.659556,-37.593413,60,OSM:classe,1,40,
-9.659537,-35.765885,60,OSM:classe,1,60,
-9.659536,-36.198332,60,OSM:classe,1,40,
-9.659506,-35.738890,60,OSM:classe,1,40,
-9.659502,-37.499916,60,OSM:classe,1,40,
-9.659499,-35.759212,50,OSM,0,,
-9.659456,-37.618566,60,OSM:classe,1,40,
-9.659441,-36.189757,60,OSM:classe,1,40,
-9.659435,-35.739279,40,OSM:classe,1,40,
-9.659432,-36.690432,80,OSM,0,,
-9.659429,-36.083686,100,OSM:classe,1,80,
-9.659408,-35.733116,60,OSM,0,,
-9.659402,-35.726015,60,OSM:classe,1,50,
-9.659400,-37.316623,60,OSM:classe,1,40,
-9.659400,-35.758073,60,OSM,0,,
-9.659399,-36.314350,80,OSM,0,,
-9.659375,-36.510541,80,OSM:classe,1,60,
-9.659360,-36.607045,60,OSM:classe,1,40,
-9.659342,-35.733048,60,OSM,0,,
-9.659331,-35.759915,30,OSM,0,,
-9.659306,-37.317601,60,OSM:classe,1,40,
-9.659305,-35.707421,40,OSM:classe,1,40,
-9.659293,-35.732832,40,OSM:classe,1,40,
-9.659281,-37.602377,60,OSM:classe,1,40,
-9.659274,-35.758854,60,OSM,0,,
-9.659260,-36.679841,60,OSM:classe,1,40,
-9.659257,-35.741004,60,OSM:classe,1,40,
-9.659252,-35.758421,40,OSM,0,,
-9.659241,-35.758377,60,OSM,0,,
-9.659230,-36.019699,80,OSM,0,,
-9.659225,-35.736764,80,OSM:classe,1,60,
-9.659224,-35.788799,60,OSM:classe,1,40,
-9.659196,-35.721967,60,OSM:classe,1,40,
-9.659192,-36.562844,60,OSM:classe,1,40,
-9.659152,-35.725666,60,OSM:classe,1,40,
-9.659139,-37.215435,60,OSM:classe,1,40,
-9.659042,-36.676704,60,OSM:classe,1,40,
-9.659041,-36.160199,80,OSM,0,,
-9.659033,-35.725811,60,OSM:classe,1,40,
-9.659019,-35.725825,60,OSM:classe,1,40,
-9.659016,-36.427168,60,OSM:classe,1,40,
-9.658978,-37.045822,80,OSM,0,,
-9.658974,-35.736500,80,OSM:classe,1,60,
-9.658954,-37.049880,80,OSM,0,,
-9.658953,-37.049387,40,OSM:classe,1,40,
-9.658946,-37.051045,80,OSM,0,,
-9.658944,-37.051215,80,OSM,0,,
-9.658935,-37.051989,80,OSM,0,,
-9.658923,-35.701986,40,OSM:classe,1,40,
-9.658922,-35.710260,60,OSM:classe,1,40,
-9.658920,-35.702728,40,OSM:classe,1,40,
-9.658919,-35.709505,60,OSM:classe,1,40,
-9.658916,-35.709002,60,OSM:classe,1,40,
-9.658914,-35.708802,60,OSM:classe,1,40,
-9.658914,-35.700252,40,OSM:classe,1,40,
-9.658907,-35.707443,60,OSM:classe,1,40,
-9.658900,-35.707289,60,OSM:classe,1,40,
-9.658894,-35.698398,40,OSM:classe,1,40,
-9.658891,-35.698323,40,OSM:classe,1,40,
-9.658886,-35.698217,60,OSM:classe,1,60,
-9.658885,-35.706546,40,OSM:classe,1,40,
-9.658882,-37.627415,60,OSM:classe,1,40,
-9.658861,-35.706434,60,OSM:classe,1,40,
-9.658859,-37.058991,80,OSM,0,,
-9.658842,-35.705204,60,OSM:classe,1,40,
-9.658813,-37.046784,80,OSM,0,,
-9.658811,-35.736351,80,OSM:classe,1,60,
-9.658796,-35.726022,60,OSM:classe,1,40,
-9.658796,-35.701986,40,OSM:classe,1,40,
-9.658794,-35.700242,40,OSM:classe,1,40,
-9.658788,-35.701492,40,OSM:classe,1,40,
-9.658786,-35.698407,40,OSM:classe,1,40,
-9.658785,-36.199822,60,OSM:classe,1,40,
-9.658785,-35.757847,60,OSM,0,,
-9.658784,-37.044400,80,OSM,0,,
-9.658783,-36.189456,60,OSM:classe,1,40,
-9.658782,-37.065993,80,OSM,0,,
-9.658782,-35.698348,40,OSM:classe,1,40,
-9.658781,-37.000685,60,OSM:classe,1,50,
-9.658775,-35.698251,60,OSM:classe,1,60,
-9.658756,-36.683265,60,OSM:classe,1,40,
-9.658721,-35.759301,30,OSM,0,,
-9.658700,-35.760338,30,OSM,0,,
-9.658673,-37.105704,80,OSM,0,,
-9.658662,-37.078456,80,OSM,0,,
-9.658662,-36.922525,80,OSM,0,,
-9.658661,-35.710251,60,OSM:classe,1,40,
-9.658656,-35.759306,30,OSM,0,,
-9.658647,-35.711513,60,OSM:classe,1,40,
-9.658643,-37.001457,60,OSM:classe,1,40,
-9.658621,-37.044444,80,OSM,0,,
-9.658617,-35.758919,30,OSM,0,,
-9.658610,-37.053087,80,OSM,0,,
-9.658603,-37.050924,80,OSM:classe,1,60,
-9.658588,-37.370308,60,OSM:classe,1,60,
-9.658581,-37.066081,80,OSM,0,,
-9.658575,-37.051694,40,OSM:classe,1,40,
-9.658560,-37.663482,60,OSM:classe,1,40,
-9.658557,-35.716074,60,OSM:classe,1,40,
-9.658546,-36.625361,60,OSM:classe,1,40,
-9.658546,-36.151244,80,OSM,0,,
-9.658542,-37.090919,80,OSM,0,,
-9.658540,-36.454695,60,OSM:classe,1,40,
-9.658530,-37.001897,60,OSM:classe,1,40,
-9.658526,-36.625583,60,OSM:classe,1,40,
-9.658525,-36.652647,60,OSM:classe,1,40,
-9.658509,-36.235126,80,OSM,0,,
-9.658485,-35.734749,60,OSM:classe,1,50,
-9.658467,-35.720634,60,OSM:classe,1,40,
-9.658466,-37.105743,80,OSM,0,,
-9.658457,-37.078518,80,OSM,0,,
-9.658446,-35.722174,60,OSM:classe,1,40,
-9.658444,-36.796506,80,OSM,0,,
-9.658444,-35.754364,60,OSM,0,,
-9.658422,-37.103383,80,OSM,0,,
-9.658419,-35.723047,60,OSM:classe,1,40,
-9.658412,-35.853172,80,OSM:classe,1,60,
-9.658409,-36.469371,60,OSM:classe,1,40,
-9.658381,-36.924603,80,OSM,0,,
-9.658380,-36.404829,60,OSM,0,,
-9.658377,-36.019970,80,OSM,0,,
-9.658355,-37.001943,60,OSM:classe,1,50,
-9.658340,-36.674801,60,OSM:classe,1,40,
-9.658334,-37.090955,80,OSM,0,,
-9.658330,-37.002538,60,OSM:classe,1,40,
-9.658327,-35.723046,60,OSM:classe,1,50,
-9.658324,-36.153885,80,OSM,0,,
-9.658314,-37.541654,60,OSM:classe,1,40,
-9.658309,-36.675507,60,OSM:classe,1,40,
-9.658255,-36.662961,60,OSM:classe,1,40,
-9.658228,-36.796222,80,OSM,0,,
-9.658211,-37.103392,80,OSM,0,,
-9.658199,-36.728594,60,OSM:classe,1,50,
-9.658176,-35.733438,60,OSM,0,,
-9.658172,-36.503882,60,OSM:classe,1,40,
-9.658156,-35.698394,60,OSM:classe,1,60,
-9.658148,-36.152761,80,OSM,0,,
-9.658143,-37.175084,80,OSM,0,,
-9.658114,-37.051024,80,OSM:classe,1,60,
-9.658106,-37.334043,60,OSM:classe,1,40,
-9.658052,-35.760059,60,OSM,0,,
-9.658031,-35.733452,60,OSM,0,,
-9.658018,-35.755064,60,OSM,0,,
-9.658003,-37.003134,60,OSM:classe,1,40,
-9.657998,-35.759994,30,OSM,0,,
-9.657989,-35.760069,30,OSM,0,,
-9.657946,-37.003459,60,OSM:classe,1,50,
-9.657938,-36.407411,60,OSM:classe,1,40,
-9.657932,-37.003648,60,OSM:classe,1,50,
-9.657894,-35.730900,40,OSM,0,,
-9.657858,-35.765992,60,OSM:classe,1,60,
-9.657848,-36.760269,60,OSM:classe,1,40,
-9.657838,-36.094208,100,OSM:classe,1,80,
-9.657833,-36.688178,60,OSM:classe,1,40,
-9.657807,-35.760521,60,OSM,0,,
-9.657780,-35.733431,60,OSM,0,,
-9.657777,-37.495704,60,OSM:classe,1,40,
-9.657775,-36.087799,100,OSM:classe,1,80,
-9.657701,-36.586741,60,OSM:classe,1,40,
-9.657699,-36.234950,80,OSM,0,,
-9.657690,-36.134349,60,OSM:classe,1,40,
-9.657678,-36.573274,60,OSM:classe,1,50,
-9.657663,-36.088255,100,OSM:classe,1,80,
-9.657636,-35.765959,60,OSM:classe,1,60,
-9.657625,-35.725643,60,OSM:classe,1,40,
-9.657616,-35.722319,60,OSM:classe,1,40,
-9.657611,-36.089250,100,OSM:classe,1,80,
-9.657608,-36.166646,80,OSM,0,,
-9.657602,-37.512597,60,OSM:classe,1,40,
-9.657593,-37.623045,60,OSM:classe,1,40,
-9.657590,-36.089739,100,OSM:classe,1,80,
-9.657560,-36.651474,60,OSM:classe,1,40,
-9.657521,-37.005053,60,OSM:classe,1,50,
-9.657515,-35.698454,60,OSM:classe,1,60,
-9.657471,-36.003215,100,OSM:classe,1,80,
-9.657459,-35.722850,60,OSM:classe,1,50,
-9.657406,-37.005454,60,OSM:classe,1,50,
-9.657387,-36.203865,60,OSM:classe,1,40,
-9.657372,-36.926926,80,OSM,0,,
-9.657370,-36.407980,60,OSM:classe,1,40,
-9.657338,-35.758837,30,OSM,0,,
-9.657219,-35.725390,60,OSM:classe,1,40,
-9.657183,-36.625261,60,OSM:classe,1,40,
-9.657159,-35.760029,30,OSM,0,,
-9.657152,-37.621552,60,OSM:classe,1,40,
-9.657146,-35.722562,60,OSM:classe,1,40,
-9.657132,-37.465386,60,OSM:classe,1,40,
-9.657126,-37.050894,60,OSM:classe,1,50,
-9.657082,-35.723007,60,OSM:classe,1,40,
-9.657043,-36.458992,60,OSM:classe,1,40,
-9.657025,-35.710362,60,OSM,0,,
-9.657024,-35.758951,30,OSM,0,,
-9.657024,-35.710235,60,OSM,0,,
-9.657009,-36.506663,80,OSM:classe,1,60,
-9.657001,-35.718146,60,OSM,0,,
-9.656990,-35.758296,30,OSM,0,,
-9.656925,-35.710236,60,OSM,0,,
-9.656907,-36.586259,60,OSM:classe,1,40,
-9.656904,-35.759481,50,OSM,0,,
-9.656896,-36.794092,80,OSM,0,,
-9.656890,-37.551277,60,OSM:classe,1,40,
-9.656876,-35.723068,40,OSM:classe,1,40,
-9.656712,-35.700616,60,OSM:classe,1,40,
-9.656712,-35.699325,40,OSM:classe,1,40,
-9.656710,-35.705177,60,OSM:classe,1,40,
-9.656703,-35.758428,30,OSM,0,,
-9.656700,-35.698538,60,OSM:classe,1,60,
-9.656696,-35.710232,60,OSM:classe,1,40,
-9.656686,-35.706441,60,OSM:classe,1,40,
-9.656683,-37.491280,60,OSM:classe,1,40,
-9.656683,-35.759069,40,OSM,0,,
-9.656654,-37.615389,60,OSM:classe,1,40,
-9.656603,-36.651538,60,OSM:classe,1,50,
-9.656571,-37.540275,60,OSM:classe,1,40,
-9.656551,-36.687240,60,OSM:classe,1,40,
-9.656537,-36.171557,80,OSM,0,,
-9.656536,-37.661961,60,OSM:classe,1,40,
-9.656479,-36.489216,60,OSM:classe,1,40,
-9.656474,-37.590133,60,OSM:classe,1,40,
-9.656466,-35.754959,60,OSM,0,,
-9.656461,-35.750132,40,OSM:classe,1,40,
-9.656394,-37.516667,60,OSM:classe,1,40,
-9.656393,-36.759078,60,OSM:classe,1,40,
-9.656375,-36.793812,80,OSM,0,,
-9.656361,-37.634562,60,OSM:classe,1,40,
-9.656348,-35.749861,60,OSM:classe,1,60,
-9.656347,-36.540119,60,OSM:classe,1,40,
-9.656281,-37.630412,60,OSM:classe,1,40,
-9.656260,-36.315579,80,OSM,0,,
-9.656240,-35.750045,40,OSM:classe,1,40,
-9.656206,-37.486802,60,OSM:classe,1,40,
-9.656194,-35.722818,60,OSM:classe,1,50,
-9.656153,-35.749842,60,OSM:classe,1,60,
-9.656096,-35.698591,60,OSM:classe,1,60,
-9.656026,-37.233560,60,OSM:classe,1,40,
-9.656018,-36.581852,60,OSM:classe,1,40,
-9.656011,-35.748189,40,OSM:classe,1,40,
-9.656005,-36.676601,60,OSM:classe,1,40,
-9.655976,-35.734965,60,OSM,0,,
-9.655959,-36.233634,80,OSM,0,,
-9.655952,-37.177345,80,OSM,0,,
-9.655870,-36.409743,60,OSM:classe,1,40,
-9.655869,-35.756918,30,OSM,0,,
-9.655868,-36.564900,60,OSM:classe,1,40,
-9.655865,-35.765070,60,OSM,0,,
-9.655842,-35.748380,60,OSM:classe,1,60,
-9.655828,-35.752046,60,OSM:classe,1,50,
-9.655828,-35.698616,60,OSM:classe,1,60,
-9.655814,-37.296884,60,OSM:classe,1,40,
-9.655807,-35.752065,60,OSM:classe,1,60,
-9.655799,-35.706446,60,OSM:classe,1,40,
-9.655798,-36.732450,60,OSM:classe,1,50,
-9.655794,-35.705206,60,OSM:classe,1,40,
-9.655789,-36.174267,80,OSM,0,,
-9.655782,-37.555594,60,OSM:classe,1,40,
-9.655747,-37.560148,60,OSM:classe,1,40,
-9.655705,-36.409927,60,OSM:classe,1,40,
-9.655675,-35.751938,60,OSM:classe,1,60,
-9.655674,-36.363791,60,OSM:classe,1,40,
-9.655642,-35.698621,60,OSM:classe,1,60,
-9.655560,-35.756558,30,OSM,0,,
-9.655545,-35.746636,60,OSM:classe,1,60,
-9.655502,-36.463245,60,OSM:classe,1,40,
-9.655497,-37.034269,80,OSM,0,,
-9.655428,-37.127381,60,OSM:classe,1,40,
-9.655395,-35.740606,60,OSM:classe,1,40,
-9.655380,-36.564297,60,OSM:classe,1,40,
-9.655363,-35.744393,60,OSM:classe,1,60,
-9.655334,-37.034313,80,OSM,0,,
-9.655278,-37.367220,60,OSM:classe,1,60,
-9.655241,-35.733221,60,OSM,0,,
-9.655193,-36.005290,100,OSM:classe,1,80,
-9.655191,-37.315779,60,OSM:classe,1,40,
-9.655147,-37.536193,60,OSM:classe,1,40,
-9.655126,-35.710191,60,OSM:classe,1,40,
-9.655109,-35.740065,40,OSM:classe,1,40,
-9.655100,-35.721857,60,OSM:classe,1,50,
-9.655098,-36.760450,60,OSM:classe,1,40,
-9.655098,-35.706438,60,OSM:classe,1,40,
-9.655068,-35.698676,60,OSM:classe,1,60,
-9.655006,-37.008128,60,OSM:classe,1,50,
-9.654992,-35.740774,60,OSM:classe,1,40,
-9.654945,-36.760423,60,OSM:classe,1,40,
-9.654921,-35.742921,60,OSM:classe,1,60,
-9.654900,-36.606563,60,OSM:classe,1,40,
-9.654876,-36.191029,60,OSM:classe,1,40,
-9.654853,-37.214058,60,OSM:classe,1,40,
-9.654843,-36.425901,60,OSM:classe,1,40,
-9.654830,-35.787993,60,OSM:classe,1,40,
-9.654802,-36.467751,60,OSM:classe,1,40,
-9.654743,-36.489477,60,OSM,0,,
-9.654675,-37.482556,60,OSM:classe,1,40,
-9.654642,-36.502784,80,OSM:classe,1,60,
-9.654628,-37.564238,60,OSM:classe,1,40,
-9.654620,-35.732201,40,OSM,0,,
-9.654602,-36.793529,80,OSM,0,,
-9.654602,-35.758030,60,OSM:classe,1,40,
-9.654558,-37.335277,60,OSM:classe,1,40,
-9.654549,-36.676517,60,OSM:classe,1,40,
-9.654491,-36.476726,60,OSM:classe,1,40,
-9.654473,-35.741562,60,OSM:classe,1,60,
-9.654456,-36.651654,60,OSM:classe,1,40,
-9.654454,-37.520656,60,OSM:classe,1,40,
-9.654443,-35.854967,80,OSM:classe,1,60,
-9.654426,-35.753272,60,OSM:classe,1,60,
-9.654420,-36.470912,60,OSM:classe,1,40,
-9.654413,-36.999635,60,OSM:classe,1,50,
-9.654406,-36.472284,60,OSM:classe,1,40,
-9.654375,-35.719531,60,OSM:classe,1,50,
-9.654373,-35.741264,40,OSM:classe,1,40,
-9.654307,-36.502133,60,OSM:classe,1,40,
-9.654303,-35.758290,60,OSM:classe,1,40,
-9.654266,-35.741048,60,OSM:classe,1,40,
-9.654258,-35.753149,40,OSM:classe,1,40,
-9.654241,-35.759551,60,OSM,0,,
-9.654234,-35.758358,60,OSM,0,,
-9.654221,-36.411338,60,OSM:classe,1,40,
-9.654209,-36.937090,80,OSM,0,,
-9.654206,-35.733146,40,OSM:classe,1,40,
-9.654204,-36.577823,60,OSM:classe,1,40,
-9.654178,-36.501924,60,OSM:classe,1,40,
-9.654162,-35.741148,60,OSM:classe,1,60,
-9.654127,-35.761518,40,OSM,0,,
-9.654115,-35.740800,60,OSM:classe,1,60,
-9.654095,-35.761483,40,OSM,0,,
-9.654064,-35.761448,40,OSM,0,,
-9.654053,-37.468702,60,OSM:classe,1,40,
-9.654049,-35.733937,40,OSM:classe,1,40,
-9.654041,-35.698766,60,OSM:classe,1,60,
-9.654033,-35.761414,40,OSM,0,,
-9.654029,-35.761435,40,OSM,0,,
-9.653987,-35.761337,40,OSM,0,,
-9.653975,-35.740539,60,OSM:classe,1,60,
-9.653963,-35.732282,40,OSM,0,,
-9.653962,-35.740887,40,OSM:classe,1,40,
-9.653872,-36.661944,60,OSM:classe,1,40,
-9.653814,-35.740607,60,OSM:classe,1,60,
-9.653813,-35.719874,60,OSM:classe,1,40,
-9.653806,-35.759908,30,OSM,0,,
-9.653806,-35.734006,60,OSM,0,,
-9.653783,-35.740143,40,OSM:classe,1,40,
-9.653761,-36.488414,60,OSM,0,,
-9.653703,-36.316221,80,OSM,0,,
-9.653701,-36.657987,60,OSM:classe,1,50,
-9.653683,-35.763917,60,OSM:classe,1,60,
-9.653661,-36.575204,60,OSM:classe,1,50,
-9.653653,-36.622841,60,OSM:classe,1,40,
-9.653621,-36.938231,80,OSM,0,,
-9.653619,-36.022787,80,OSM,0,,
-9.653592,-36.662285,60,OSM:classe,1,50,
-9.653581,-36.206274,60,OSM:classe,1,40,
-9.653502,-35.735462,40,OSM,0,,
-9.653482,-35.739940,60,OSM:classe,1,60,
-9.653471,-35.738067,60,OSM:classe,1,60,
-9.653463,-35.753584,40,OSM:classe,1,40,
-9.653434,-36.585584,60,OSM:classe,1,40,
-9.653430,-35.759488,30,OSM,0,,
-9.653429,-35.698833,60,OSM:classe,1,60,
-9.653387,-37.568467,60,OSM:classe,1,40,
-9.653387,-35.723003,60,OSM:classe,1,40,
-9.653377,-35.699058,40,OSM:classe,1,40,
-9.653377,-35.698857,60,OSM:classe,1,60,
-9.653375,-35.698810,60,OSM:classe,1,60,
-9.653359,-35.703619,40,OSM:classe,1,40,
-9.653345,-35.705180,60,OSM:classe,1,40,
-9.653340,-35.708180,40,OSM:classe,1,40,
-9.653336,-35.733821,60,OSM,0,,
-9.653323,-35.710153,60,OSM:classe,1,40,
-9.653322,-35.712741,40,OSM:classe,1,40,
-9.653310,-37.633835,60,OSM:classe,1,40,
-9.653273,-35.760343,40,OSM,0,,
-9.653271,-36.793686,80,OSM,0,,
-9.653270,-36.506039,60,OSM:classe,1,40,
-9.653243,-36.653644,60,OSM:classe,1,50,
-9.653237,-35.698870,60,OSM:classe,1,60,
-9.653223,-35.717291,40,OSM:classe,1,40,
-9.653214,-36.656651,60,OSM:classe,1,40,
-9.653187,-37.633981,60,OSM:classe,1,40,
-9.653178,-36.206630,60,OSM:classe,1,40,
-9.653158,-35.717515,60,OSM:classe,1,40,
-9.653135,-35.736884,40,OSM,0,,
-9.653099,-35.737551,60,OSM:classe,1,60,
-9.653056,-36.191381,60,OSM:classe,1,40,
-9.653023,-35.737105,40,OSM,0,,
-9.652971,-36.481019,60,OSM:classe,1,40,
-9.652967,-35.737078,40,OSM,0,,
-9.652930,-35.737028,40,OSM,0,,
-9.652925,-37.181069,80,OSM,0,,
-9.652911,-35.737382,40,OSM,0,,
-9.652905,-36.735917,60,OSM:classe,1,50,
-9.652861,-35.717902,60,OSM:classe,1,50,
-9.652807,-36.684714,60,OSM:classe,1,40,
-9.652756,-37.577272,60,OSM:classe,1,40,
-9.652720,-37.524742,60,OSM:classe,1,40,
-9.652698,-37.572833,60,OSM:classe,1,40,
-9.652667,-37.050305,60,OSM:classe,1,50,
-9.652667,-35.737424,60,OSM:classe,1,60,
-9.652625,-35.706673,60,OSM:classe,1,40,
-9.652625,-35.706426,60,OSM:classe,1,40,
-9.652619,-35.737168,40,OSM,0,,
-9.652542,-37.230675,60,OSM:classe,1,40,
-9.652540,-37.588293,60,OSM:classe,1,40,
-9.652521,-37.532775,60,OSM:classe,1,40,
-9.652339,-35.741227,60,OSM:classe,1,40,
-9.652322,-37.662131,60,OSM:classe,1,40,
-9.652296,-35.718447,60,OSM:classe,1,40,
-9.652276,-36.498905,80,OSM:classe,1,60,
-9.652211,-37.024139,80,OSM,0,,
-9.652180,-35.736769,60,OSM:classe,1,60,
-9.652178,-35.762704,30,OSM,0,,
-9.652164,-35.718293,60,OSM:classe,1,40,
-9.652162,-36.567441,60,OSM:classe,1,40,
-9.652114,-35.733069,60,OSM,0,,
-9.652109,-36.207573,60,OSM:classe,1,40,
-9.652097,-36.498517,60,OSM,0,,
-9.652096,-35.758178,30,OSM,0,,
-9.652069,-36.686931,80,OSM,0,,
-9.652047,-37.024183,80,OSM,0,,
-9.652016,-36.498375,60,OSM,0,,
-9.651987,-35.718713,60,OSM:classe,1,40,
-9.651968,-37.364133,60,OSM:classe,1,60,
-9.651968,-36.539661,60,OSM:classe,1,40,
-9.651957,-35.754436,40,OSM,0,,
-9.651922,-36.650373,60,OSM:classe,1,40,
-9.651920,-36.007839,100,OSM:classe,1,80,
-9.651911,-36.498204,60,OSM,0,,
-9.651900,-37.294747,60,OSM:classe,1,40,
-9.651886,-35.719737,60,OSM:classe,1,40,
-9.651877,-35.736314,40,OSM:classe,1,40,
-9.651840,-36.575018,60,OSM:classe,1,40,
-9.651789,-36.498395,60,OSM,0,,
-9.651762,-36.498397,60,OSM,0,,
-9.651722,-35.753856,60,OSM:classe,1,60,
-9.651625,-35.736143,60,OSM:classe,1,60,
-9.651576,-36.191655,60,OSM:classe,1,40,
-9.651554,-36.491128,60,OSM,0,,
-9.651533,-35.757110,30,OSM,0,,
-9.651506,-35.754475,40,OSM,0,,
-9.651474,-37.017097,80,OSM,0,,
-9.651430,-37.313279,60,OSM:classe,1,40,
-9.651428,-36.362312,60,OSM:classe,1,40,
-9.651375,-35.719305,60,OSM:classe,1,50,
-9.651356,-37.479500,60,OSM:classe,1,40,
-9.651316,-35.755636,50,OSM,0,,
-9.651310,-37.017129,80,OSM,0,,
-9.651302,-35.734778,40,OSM:classe,1,40,
-9.651300,-35.704289,40,OSM:classe,1,40,
-9.651299,-35.705169,60,OSM:classe,1,50,
-9.651289,-35.706676,60,OSM:classe,1,50,
-9.651286,-35.699648,40,OSM:classe,1,40,
-9.651285,-35.710106,60,OSM:classe,1,50,
-9.651285,-35.700608,60,OSM:classe,1,50,
-9.651282,-35.699396,60,OSM:classe,1,50,
-9.651281,-35.710915,60,OSM:classe,1,50,
-9.651280,-35.701596,40,OSM:classe,1,40,
-9.651278,-35.712628,60,OSM:classe,1,50,
-9.651277,-35.716293,60,OSM:classe,1,50,
-9.651277,-35.699323,60,OSM:classe,1,60,
-9.651276,-35.713869,60,OSM:classe,1,50,
-9.651272,-35.715650,60,OSM:classe,1,50,
-9.651269,-35.716804,60,OSM:classe,1,40,
-9.651242,-35.755469,50,OSM,0,,
-9.651223,-35.733108,60,OSM,0,,
-9.651206,-37.528921,60,OSM:classe,1,40,
-9.651196,-35.734741,40,OSM:classe,1,40,
-9.651174,-35.704205,40,OSM:classe,1,40,
-9.651172,-35.733774,60,OSM,0,,
-9.651172,-35.705168,60,OSM:classe,1,50,
-9.651171,-35.756799,30,OSM,0,,
-9.651170,-35.706677,60,OSM:classe,1,50,
-9.651167,-35.704007,60,OSM:classe,1,50,
-9.651162,-35.701439,40,OSM:classe,1,40,
-9.651161,-35.710101,60,OSM:classe,1,50,
-9.651158,-35.711366,60,OSM:classe,1,50,
-9.651155,-35.712626,60,OSM:classe,1,50,
-9.651151,-35.713866,60,OSM:classe,1,50,
-9.651147,-35.715655,60,OSM:classe,1,50,
-9.651147,-35.699446,60,OSM:classe,1,50,
-9.651146,-35.699377,60,OSM:classe,1,60,
-9.651099,-35.757330,30,OSM,0,,
-9.651096,-37.469981,60,OSM:classe,1,40,
-9.651088,-35.734974,40,OSM:classe,1,40,
-9.651072,-36.485144,60,OSM:classe,1,40,
-9.651061,-37.127625,60,OSM:classe,1,40,
-9.651013,-35.757987,50,OSM,0,,
-9.651011,-36.317199,80,OSM,0,,
-9.650994,-35.718973,60,OSM:classe,1,50,
-9.650990,-36.678945,60,OSM:classe,1,40,
-9.650982,-35.754922,40,OSM,0,,
-9.650952,-35.715957,60,OSM:classe,1,50,
-9.650917,-35.761292,60,OSM:classe,1,40,
-9.650905,-37.009998,80,OSM:classe,1,60,
-9.650903,-37.475352,60,OSM:classe,1,40,
-9.650894,-35.755000,40,OSM,0,,
-9.650835,-36.212377,60,OSM:classe,1,40,
-9.650813,-35.734620,40,OSM:classe,1,40,
-9.650809,-36.491722,60,OSM,0,,
-9.650808,-36.212356,60,OSM:classe,1,40,
-9.650807,-35.756812,30,OSM,0,,
-9.650797,-36.228651,80,OSM,0,,
-9.650765,-37.336997,60,OSM:classe,1,40,
-9.650761,-37.010284,80,OSM:classe,1,60,
-9.650744,-36.605508,60,OSM:classe,1,40,
-9.650738,-37.010055,80,OSM,0,,
-9.650692,-37.457905,60,OSM:classe,1,40,
-9.650668,-36.424278,60,OSM:classe,1,40,
-9.650666,-35.758024,30,OSM,0,,
-9.650649,-36.008817,100,OSM:classe,1,80,
-9.650647,-35.699644,10,OSM,0,,
-9.650630,-35.699801,10,OSM,0,,
-9.650574,-37.010075,80,OSM,0,,
-9.650566,-37.212681,60,OSM:classe,1,40,
-9.650562,-35.756432,50,OSM,0,,
-9.650519,-35.699698,10,OSM,0,,
-9.650515,-36.760062,60,OSM:classe,1,40,
-9.650498,-35.787174,60,OSM:classe,1,40,
-9.650480,-35.755215,60,OSM:classe,1,60,
-9.650478,-35.740435,40,OSM,0,,
-9.650474,-37.162024,80,OSM,0,,
-9.650458,-35.735293,40,OSM:classe,1,40,
-9.650440,-36.492018,60,OSM,0,,
-9.650418,-36.210181,60,OSM:classe,1,40,
-9.650403,-35.760839,60,OSM:classe,1,60,
-9.650395,-36.665420,60,OSM:classe,1,50,
-9.650373,-37.470876,60,OSM:classe,1,40,
-9.650353,-36.498152,60,OSM,0,,
-9.650325,-37.580841,60,OSM:classe,1,40,
-9.650315,-36.497528,60,OSM,0,,
-9.650295,-35.699792,60,OSM:classe,1,60,
-9.650292,-35.735060,60,OSM:classe,1,60,
-9.650288,-36.497051,60,OSM,0,,
-9.650277,-36.490602,60,OSM,0,,
-9.650276,-35.758044,50,OSM,0,,
-9.650272,-35.699726,60,OSM:classe,1,60,
-9.650261,-36.496620,60,OSM,0,,
-9.650240,-36.496227,60,OSM,0,,
-9.650220,-35.733517,60,OSM,0,,
-9.650216,-35.733336,60,OSM,0,,
-9.650186,-36.488119,60,OSM:classe,1,40,
-9.650155,-37.226910,60,OSM:classe,1,40,
-9.650086,-36.998550,60,OSM:classe,1,50,
-9.650074,-36.009235,100,OSM:classe,1,80,
-9.650063,-35.856000,80,OSM:classe,1,60,
-9.650055,-36.620558,60,OSM:classe,1,40,
-9.650051,-37.003357,80,OSM,0,,
-9.650038,-36.949577,80,OSM,0,,
-9.649973,-35.739520,40,OSM,0,,
-9.649950,-36.509101,60,OSM:classe,1,40,
-9.649940,-35.756170,40,OSM:classe,1,40,
-9.649926,-36.471077,60,OSM:classe,1,40,
-9.649919,-37.003346,80,OSM,0,,
-9.649910,-36.495027,80,OSM:classe,1,60,
-9.649896,-36.498092,60,OSM,0,,
-9.649893,-36.653580,60,OSM:classe,1,40,
-9.649889,-36.795258,80,OSM,0,,
-9.649888,-35.733593,60,OSM,0,,
-9.649886,-36.485598,60,OSM,0,,
-9.649869,-36.949536,80,OSM,0,,
-9.649855,-35.733409,60,OSM,0,,
-9.649851,-35.758066,30,OSM,0,,
-9.649843,-36.411502,60,OSM:classe,1,40,
-9.649814,-35.733665,60,OSM:classe,1,60,
-9.649806,-36.950322,80,OSM,0,,
-9.649799,-35.720299,60,OSM:classe,1,40,
-9.649790,-35.734288,40,OSM:classe,1,40,
-9.649786,-37.581547,60,OSM:classe,1,40,
-9.649778,-36.571188,60,OSM:classe,1,40,
-9.649778,-36.213193,60,OSM:classe,1,40,
-9.649760,-35.733687,60,OSM:classe,1,60,
-9.649743,-36.213157,60,OSM:classe,1,40,
-9.649738,-36.205377,60,OSM:classe,1,40,
-9.649710,-36.179323,80,OSM,0,,
-9.649707,-35.733300,60,OSM:classe,1,60,
-9.649679,-35.759302,30,OSM,0,,
-9.649677,-37.461967,60,OSM:classe,1,40,
-9.649664,-35.714257,30,OSM,0,,
-9.649651,-35.733317,60,OSM:classe,1,60,
-9.649649,-35.733641,60,OSM,0,,
-9.649631,-36.739044,60,OSM:classe,1,50,
-9.649627,-36.950258,80,OSM,0,,
-9.649620,-35.733458,60,OSM,0,,
-9.649580,-35.711592,60,OSM:classe,1,40,
-9.649553,-35.734204,40,OSM:classe,1,40,
-9.649541,-37.001604,60,OSM,0,,
-9.649539,-35.757587,60,OSM:classe,1,60,
-9.649513,-35.732478,40,OSM:classe,1,40,
-9.649508,-35.758964,30,OSM,0,,
-9.649500,-35.714499,60,OSM:classe,1,40,
-9.649500,-35.700104,60,OSM:classe,1,60,
-9.649499,-35.735773,60,OSM:classe,1,40,
-9.649493,-36.471093,60,OSM:classe,1,40,
-9.649480,-35.759573,60,OSM:classe,1,60,
-9.649477,-35.700050,60,OSM:classe,1,60,
-9.649457,-36.023817,80,OSM,0,,
-9.649437,-35.707033,60,OSM:classe,1,40,
-9.649434,-36.494175,60,OSM,0,,
-9.649430,-35.706698,60,OSM:classe,1,40,
-9.649427,-37.662890,60,OSM:classe,1,40,
-9.649410,-35.732272,60,OSM:classe,1,60,
-9.649404,-37.222413,60,OSM:classe,1,40,
-9.649385,-35.705154,60,OSM:classe,1,40,
-9.649379,-35.714231,30,OSM,0,,
-9.649368,-37.001617,80,OSM,0,,
-9.649354,-36.490194,60,OSM,0,,
-9.649344,-35.732291,60,OSM:classe,1,60,
-9.649320,-35.702041,60,OSM:classe,1,40,
-9.649316,-35.701954,60,OSM:classe,1,40,
-9.649315,-35.758980,60,OSM:classe,1,60,
-9.649258,-35.700204,60,OSM:classe,1,40,
-9.649200,-36.494338,60,OSM,0,,
-9.649181,-36.669777,60,OSM:classe,1,50,
-9.649176,-36.574783,60,OSM:classe,1,50,
-9.649081,-35.731491,60,OSM:classe,1,60,
-9.649066,-36.585175,60,OSM:classe,1,40,
-9.649065,-35.707006,60,OSM:classe,1,40,
-9.649030,-35.731337,40,OSM:classe,1,40,
-9.648974,-36.494805,60,OSM,0,,
-9.648935,-37.585566,60,OSM:classe,1,40,
-9.648925,-36.684936,80,OSM,0,,
-9.648878,-36.795067,80,OSM,0,,
-9.648874,-36.498178,60,OSM,0,,
-9.648871,-36.497745,60,OSM,0,,
-9.648871,-35.719981,60,OSM:classe,1,40,
-9.648867,-36.497435,60,OSM,0,,
-9.648864,-36.497237,60,OSM,0,,
-9.648860,-36.682549,60,OSM:classe,1,40,
-9.648860,-36.496975,60,OSM,0,,
-9.648854,-36.496531,60,OSM,0,,
-9.648854,-36.496053,60,OSM,0,,
-9.648839,-36.493192,60,OSM,0,,
-9.648808,-36.493139,60,OSM,0,,
-9.648760,-37.185574,80,OSM,0,,
-9.648739,-35.730451,60,OSM:classe,1,60,
-9.648678,-37.466405,60,OSM:classe,1,40,
-9.648656,-37.000299,80,OSM,0,,
-9.648640,-37.162895,80,OSM,0,,
-9.648640,-36.496028,60,OSM,0,,
-9.648637,-36.192181,60,OSM:classe,1,40,
-9.648554,-35.733849,60,OSM,0,,
-9.648498,-36.483474,60,OSM,0,,
-9.648489,-36.998449,60,OSM:classe,1,50,
-9.648480,-36.495129,60,OSM,0,,
-9.648428,-35.700409,60,OSM:classe,1,60,
-9.648425,-35.700348,60,OSM:classe,1,60,
-9.648350,-36.647752,60,OSM:classe,1,40,
-9.648347,-37.467954,60,OSM:classe,1,40,
-9.648346,-36.998972,60,OSM,0,,
-9.648318,-36.492339,60,OSM,0,,
-9.648262,-35.713380,60,OSM:classe,1,50,
-9.648252,-37.292088,60,OSM:classe,1,40,
-9.648250,-36.492230,60,OSM:classe,1,40,
-9.648247,-36.492450,60,OSM,0,,
-9.648224,-36.365108,60,OSM:classe,1,40,
-9.648218,-36.674223,60,OSM:classe,1,50,
-9.648208,-37.049716,60,OSM:classe,1,50,
-9.648203,-35.728995,60,OSM:classe,1,60,
-9.648186,-35.742975,60,OSM:classe,1,40,
-9.648155,-35.729016,60,OSM:classe,1,60,
-9.648143,-37.310246,60,OSM:classe,1,40,
-9.648136,-37.361788,60,OSM:classe,1,60,
-9.648112,-36.616445,60,OSM:classe,1,40,
-9.648103,-36.495991,60,OSM,0,,
-9.648082,-36.999235,40,OSM:classe,1,40,
-9.648077,-36.471210,60,OSM:classe,1,40,
-9.648075,-35.733751,60,OSM,0,,
-9.648059,-36.318710,80,OSM,0,,
-9.648034,-36.998275,40,OSM,0,,
-9.648027,-35.743039,60,OSM:classe,1,40,
-9.648001,-36.497859,60,OSM,0,,
-9.647993,-37.218170,60,OSM:classe,1,40,
-9.647984,-36.495409,60,OSM,0,,
-9.647969,-36.207739,60,OSM:classe,1,40,
-9.647948,-35.706964,60,OSM:classe,1,40,
-9.647928,-36.497453,60,OSM,0,,
-9.647872,-36.491981,60,OSM,0,,
-9.647872,-35.712890,30,OSM,0,,
-9.647818,-35.732489,60,OSM:classe,1,40,
-9.647816,-36.794463,80,OSM,0,,
-9.647797,-35.732384,60,OSM:classe,1,40,
-9.647773,-36.649960,60,OSM:classe,1,40,
-9.647746,-36.485070,60,OSM,0,,
-9.647725,-36.214644,60,OSM:classe,1,40,
-9.647707,-37.187053,80,OSM,0,,
-9.647703,-36.493373,60,OSM,0,,
-9.647700,-35.732456,60,OSM:classe,1,40,
-9.647695,-35.700217,60,OSM:classe,1,60,
-9.647689,-36.485413,60,OSM,0,,
-9.647681,-35.700272,60,OSM:classe,1,60,
-9.647680,-36.180977,80,OSM,0,,
-9.647655,-36.998248,60,OSM:classe,1,40,
-9.647606,-37.454885,60,OSM:classe,1,40,
-9.647605,-36.483514,60,OSM,0,,
-9.647599,-36.492433,60,OSM,0,,
-9.647586,-35.715998,60,OSM:classe,1,50,
-9.647585,-36.485565,60,OSM,0,,
-9.647558,-36.521913,60,OSM:classe,1,40,
-9.647538,-36.412116,60,OSM:classe,1,40,
-9.647532,-35.727713,60,OSM:classe,1,60,
-9.647501,-35.727644,60,OSM:classe,1,60,
-9.647499,-36.540167,60,OSM:classe,1,40,
-9.647483,-36.494566,60,OSM,0,,
-9.647483,-35.727730,70,OSM,0,,
-9.647472,-36.997038,40,OSM,0,,
-9.647472,-36.495270,60,OSM,0,,
-9.647462,-36.493830,60,OSM,0,,
-9.647460,-35.715845,60,OSM:classe,1,50,
-9.647442,-36.491236,80,OSM:classe,1,60,
-9.647440,-35.725382,70,OSM,0,,
-9.647413,-36.181195,80,OSM,0,,
-9.647386,-37.584394,60,OSM:classe,1,40,
-9.647381,-36.497077,60,OSM,0,,
-9.647324,-36.996711,40,OSM,0,,
-9.647323,-37.338436,60,OSM:classe,1,40,
-9.647308,-36.494686,60,OSM,0,,
-9.647270,-35.724790,70,OSM,0,,
-9.647237,-35.726609,60,OSM:classe,1,60,
-9.647233,-35.727061,70,OSM,0,,
-9.647223,-35.726295,70,OSM,0,,
-9.647210,-36.496147,60,OSM,0,,
-9.647188,-35.726599,70,OSM,0,,
-9.647187,-35.726633,70,OSM,0,,
-9.647167,-36.424255,60,OSM:classe,1,40,
-9.647162,-36.495846,60,OSM,0,,
-9.647152,-36.483499,60,OSM,0,,
-9.647150,-36.540207,60,OSM:classe,1,40,
-9.647142,-36.997114,40,OSM,0,,
-9.647138,-36.213065,60,OSM:classe,1,40,
-9.647078,-36.491999,60,OSM,0,,
-9.647077,-37.664086,60,OSM:classe,1,40,
-9.646990,-36.487300,60,OSM,0,,
-9.646968,-36.225930,80,OSM,0,,
-9.646959,-37.211540,60,OSM:classe,1,40,
-9.646954,-36.996693,40,OSM,0,,
-9.646905,-35.726600,60,OSM:classe,1,40,
-9.646900,-36.995756,40,OSM:classe,1,40,
-9.646878,-35.726697,60,OSM:classe,1,40,
-9.646831,-36.574422,60,OSM:classe,1,40,
-9.646822,-36.499315,60,OSM,0,,
-9.646822,-36.493680,60,OSM,0,,
-9.646818,-36.497322,60,OSM,0,,
-9.646810,-36.498953,60,OSM,0,,
-9.646802,-36.498667,60,OSM,0,,
-9.646762,-35.734019,60,OSM,0,,
-9.646761,-36.497038,60,OSM,0,,
-9.646759,-36.678537,60,OSM:classe,1,50,
-9.646734,-36.603877,60,OSM:classe,1,40,
-9.646719,-36.494906,60,OSM,0,,
-9.646716,-36.679443,60,OSM:classe,1,40,
-9.646702,-36.644521,60,OSM:classe,1,40,
-9.646702,-36.414465,60,OSM:classe,1,40,
-9.646698,-36.491666,60,OSM,0,,
-9.646695,-36.211981,60,OSM:classe,1,40,
-9.646693,-36.959041,80,OSM,0,,
-9.646664,-36.490890,60,OSM,0,,
-9.646652,-35.733529,60,OSM:classe,1,40,
-9.646650,-36.483542,60,OSM,0,,
-9.646617,-35.736907,60,OSM:classe,1,40,
-9.646591,-37.127388,60,OSM:classe,1,40,
-9.646579,-36.495720,60,OSM,0,,
-9.646571,-35.732676,40,OSM,0,,
-9.646562,-36.490829,60,OSM,0,,
-9.646561,-36.495140,60,OSM,0,,
-9.646549,-36.487089,60,OSM,0,,
-9.646532,-37.215823,60,OSM:classe,1,40,
-9.646522,-36.012031,100,OSM:classe,1,80,
-9.646509,-36.643727,60,OSM:classe,1,40,
-9.646489,-36.495240,60,OSM,0,,
-9.646475,-36.412380,60,OSM:classe,1,40,
-9.646469,-35.732775,60,OSM:classe,1,40,
-9.646416,-36.995389,60,OSM,0,,
-9.646414,-35.734291,60,OSM,0,,
-9.646397,-35.732702,40,OSM,0,,
-9.646388,-36.648192,60,OSM:classe,1,40,
-9.646384,-36.526196,60,OSM:classe,1,40,
-9.646382,-36.681330,60,OSM:classe,1,40,
-9.646362,-35.788761,60,OSM:classe,1,40,
-9.646359,-36.485291,60,OSM,0,,
-9.646358,-36.742171,60,OSM:classe,1,50,
-9.646356,-36.483567,60,OSM,0,,
-9.646348,-36.517683,60,OSM:classe,1,40,
-9.646345,-36.620554,60,OSM:classe,1,40,
-9.646342,-36.485226,60,OSM,0,,
-9.646315,-36.485380,60,OSM,0,,
-9.646312,-36.994454,40,OSM,0,,
-9.646287,-36.960884,80,OSM,0,,
-9.646279,-37.211304,60,OSM:classe,1,40,
-9.646277,-36.761535,60,OSM:classe,1,40,
-9.646247,-36.484358,60,OSM,0,,
-9.646214,-36.495608,60,OSM,0,,
-9.646171,-36.485196,60,OSM,0,,
-9.646145,-36.513149,60,OSM:classe,1,40,
-9.646143,-36.485348,60,OSM,0,,
-9.646138,-36.486882,60,OSM,0,,
-9.646131,-36.485317,60,OSM,0,,
-9.646120,-36.494200,60,OSM,0,,
-9.646045,-36.215751,60,OSM:classe,1,40,
-9.646035,-36.492401,60,OSM,0,,
-9.646028,-35.726674,60,OSM:classe,1,40,
-9.645924,-36.635378,60,OSM:classe,1,40,
-9.645917,-37.338431,60,OSM:classe,1,40,
-9.645915,-36.495223,60,OSM,0,,
-9.645899,-36.483574,60,OSM,0,,
-9.645878,-35.699799,60,OSM:classe,1,60,
-9.645871,-36.490958,60,OSM,0,,
-9.645866,-35.705025,60,OSM:classe,1,40,
-9.645857,-36.495555,60,OSM,0,,
-9.645845,-35.726741,60,OSM:classe,1,40,
-9.645827,-35.711169,60,OSM:classe,1,50,
-9.645820,-36.486774,60,OSM,0,,
-9.645806,-36.495982,60,OSM,0,,
-9.645782,-35.699718,60,OSM:classe,1,60,
-9.645708,-36.490642,60,OSM,0,,
-9.645705,-35.726721,60,OSM:classe,1,40,
-9.645701,-35.726983,60,OSM:classe,1,40,
-9.645700,-35.734438,60,OSM,0,,
-9.645697,-35.726532,60,OSM:classe,1,40,
-9.645683,-35.857032,80,OSM:classe,1,60,
-9.645677,-36.182802,80,OSM,0,,
-9.645660,-36.993501,60,OSM,0,,
-9.645660,-36.582433,60,OSM:classe,1,40,
-9.645643,-36.493208,60,OSM,0,,
-9.645636,-35.726721,60,OSM:classe,1,40,
-9.645628,-36.493491,60,OSM,0,,
-9.645616,-36.497212,60,OSM,0,,
-9.645600,-36.496339,60,OSM,0,,
-9.645592,-36.497775,60,OSM,0,,
-9.645580,-36.509236,60,OSM:classe,1,40,
-9.645577,-35.713415,40,OSM:classe,1,40,
-9.645567,-36.492115,60,OSM,0,,
-9.645566,-36.213640,60,OSM:classe,1,40,
-9.645547,-36.498335,60,OSM,0,,
-9.645544,-35.728404,60,OSM:classe,1,40,
-9.645498,-36.498618,60,OSM,0,,
-9.645497,-36.492065,60,OSM,0,,
-9.645492,-36.496391,60,OSM,0,,
-9.645482,-36.496253,60,OSM,0,,
-9.645476,-36.483562,60,OSM,0,,
-9.645464,-35.710990,40,OSM:classe,1,40,
-9.645457,-37.451002,60,OSM:classe,1,40,
-9.645454,-36.492111,60,OSM,0,,
-9.645453,-35.732862,40,OSM,0,,
-9.645397,-35.699708,60,OSM:classe,1,60,
-9.645390,-36.486685,60,OSM,0,,
-9.645367,-35.699613,60,OSM:classe,1,60,
-9.645357,-36.490581,60,OSM,0,,
-9.645353,-35.710969,40,OSM:classe,1,40,
-9.645350,-36.497201,60,OSM,0,,
-9.645328,-36.491503,60,OSM,0,,
-9.645327,-36.508772,60,OSM:classe,1,40,
-9.645326,-36.497437,60,OSM,0,,
-9.645297,-35.700144,60,OSM:classe,1,60,
-9.645285,-36.368560,60,OSM:classe,1,40,
-9.645282,-35.700811,60,OSM,0,,
-9.645280,-35.700504,60,OSM:classe,1,40,
-9.645278,-35.723073,60,OSM:classe,1,60,
-9.645277,-35.726184,60,OSM:classe,1,40,
-9.645256,-36.499953,60,OSM,0,,
-9.645240,-36.494689,60,OSM,0,,
-9.645239,-35.700991,60,OSM,0,,
-9.645238,-36.485029,60,OSM,0,,
-9.645238,-35.711056,60,OSM:classe,1,60,
-9.645236,-36.491103,60,OSM,0,,
-9.645214,-35.723101,70,OSM,0,,
-9.645211,-36.485195,60,OSM,0,,
-9.645197,-36.495523,60,OSM,0,,
-9.645193,-35.704928,60,OSM:classe,1,40,
-9.645191,-35.705019,60,OSM:classe,1,60,
-9.645188,-35.726270,60,OSM:classe,1,40,
-9.645178,-36.500145,60,OSM,0,,
-9.645178,-36.490337,40,OSM:classe,1,40,
-9.645164,-36.499963,60,OSM,0,,
-9.645162,-36.490068,60,OSM,0,,
-9.645155,-36.498164,60,OSM,0,,
-9.645153,-36.495382,60,OSM,0,,
-9.645142,-36.587051,60,OSM:classe,1,40,
-9.645133,-35.706924,60,OSM:classe,1,40,
-9.645125,-35.699557,60,OSM:classe,1,60,
-9.645124,-36.576108,60,OSM:classe,1,40,
-9.645116,-36.498389,60,OSM,0,,
-9.645107,-36.490475,60,OSM,0,,
-9.645103,-36.490540,60,OSM,0,,
-9.645098,-36.493610,60,OSM,0,,
-9.645049,-35.707060,60,OSM,0,,
-9.645045,-35.707175,60,OSM,0,,
-9.645031,-35.711270,40,OSM:classe,1,40,
-9.645028,-35.708990,60,OSM,0,,
-9.645011,-35.709556,60,OSM:classe,1,50,
-9.645007,-36.497167,60,OSM,0,,
-9.645006,-35.709675,60,OSM:classe,1,50,
-9.644984,-35.738448,60,OSM:classe,1,40,
-9.644982,-35.710023,60,OSM:classe,1,60,
-9.644956,-35.728491,60,OSM:classe,1,40,
-9.644942,-36.681079,60,OSM:classe,1,40,
-9.644939,-36.496641,60,OSM,0,,
-9.644930,-35.711700,60,OSM:classe,1,60,
-9.644929,-36.576166,60,OSM:classe,1,50,
-9.644927,-36.494805,60,OSM,0,,
-9.644919,-36.486663,60,OSM,0,,
-9.644861,-36.484140,60,OSM,0,,
-9.644856,-36.489928,40,OSM:classe,1,40,
-9.644853,-36.639608,60,OSM:classe,1,40,
-9.644828,-36.493716,60,OSM,0,,
-9.644809,-36.536637,60,OSM:classe,1,40,
-9.644802,-37.435062,60,OSM:classe,1,40,
-9.644785,-36.502052,60,OSM,0,,
-9.644743,-36.319905,80,OSM,0,,
-9.644737,-36.492887,60,OSM,0,,
-9.644726,-36.418523,60,OSM:classe,1,40,
-9.644714,-36.502223,60,OSM:classe,1,40,
-9.644709,-36.681402,60,OSM:classe,1,50,
-9.644693,-37.165023,80,OSM:classe,1,60,
-9.644690,-35.712474,40,OSM:classe,1,40,
-9.644688,-35.733451,40,OSM,0,,
-9.644681,-35.699406,60,OSM:classe,1,60,
-9.644569,-35.712351,60,OSM:classe,1,50,
-9.644538,-36.632066,60,OSM:classe,1,40,
-9.644491,-37.307878,60,OSM:classe,1,40,
-9.644477,-36.496916,60,OSM,0,,
-9.644471,-36.496869,60,OSM,0,,
-9.644469,-36.680253,60,OSM:classe,1,40,
-9.644464,-36.490210,60,OSM,0,,
-9.644456,-36.024335,80,OSM,0,,
-9.644455,-36.486789,60,OSM,0,,
-9.644452,-37.340694,60,OSM:classe,1,40,
-9.644452,-37.289651,60,OSM:classe,1,40,
-9.644449,-35.719245,60,OSM:classe,1,40,
-9.644445,-35.713272,60,OSM:classe,1,60,
-9.644424,-36.502875,60,OSM:classe,1,40,
-9.644405,-35.699315,60,OSM:classe,1,60,
-9.644398,-35.713450,40,OSM:classe,1,40,
-9.644395,-36.680408,60,OSM:classe,1,40,
-9.644393,-36.490938,60,OSM,0,,
-9.644393,-35.713249,40,OSM:classe,1,40,
-9.644388,-36.632035,60,OSM:classe,1,40,
-9.644368,-36.490342,60,OSM,0,,
-9.644356,-36.214633,60,OSM:classe,1,40,
-9.644322,-36.489520,60,OSM,0,,
-9.644314,-36.504391,60,OSM:classe,1,40,
-9.644306,-36.487890,60,OSM,0,,
-9.644300,-35.713585,70,OSM,0,,
-9.644246,-36.494206,60,OSM,0,,
-9.644243,-35.743727,40,OSM,0,,
-9.644236,-36.024367,80,OSM,0,,
-9.644217,-36.680607,60,OSM:classe,1,40,
-9.644209,-36.192974,60,OSM:classe,1,40,
-9.644205,-35.714389,60,OSM:classe,1,60,
-9.644203,-35.719147,40,OSM:classe,1,40,
-9.644172,-37.359835,60,OSM:classe,1,60,
-9.644138,-36.496002,60,OSM,0,,
-9.644123,-36.491481,60,OSM,0,,
-9.644102,-37.446776,60,OSM:classe,1,40,
-9.644101,-36.192995,60,OSM:classe,1,40,
-9.644092,-36.495147,60,OSM,0,,
-9.644076,-36.498514,60,OSM,0,,
-9.644072,-36.499697,60,OSM,0,,
-9.644069,-36.214943,60,OSM:classe,1,40,
-9.644044,-35.734563,60,OSM:classe,1,40,
-9.644017,-36.676449,60,OSM:classe,1,40,
-9.643975,-35.721343,70,OSM,0,,
-9.643955,-36.497993,60,OSM,0,,
-9.643947,-35.720154,40,OSM:classe,1,40,
-9.643946,-35.699299,60,OSM:classe,1,60,
-9.643944,-35.718921,60,OSM:classe,1,60,
-9.643940,-35.715045,70,OSM,0,,
-9.643936,-36.488692,80,OSM:classe,1,60,
-9.643935,-35.717352,40,OSM:classe,1,40,
-9.643930,-35.719046,60,OSM:classe,1,50,
-9.643928,-35.719370,40,OSM:classe,1,40,
-9.643926,-35.719125,60,OSM:classe,1,40,
-9.643910,-36.491625,60,OSM,0,,
-9.643904,-35.719036,60,OSM:classe,1,50,
-9.643902,-35.720544,40,OSM:classe,1,40,
-9.643888,-36.488776,60,OSM,0,,
-9.643888,-35.719030,40,OSM:classe,1,40,
-9.643879,-35.718980,40,OSM:classe,1,40,
-9.643875,-36.216862,60,OSM:classe,1,40,
-9.643873,-35.719102,60,OSM:classe,1,50,
-9.643855,-36.497596,60,OSM,0,,
-9.643853,-36.493844,60,OSM,0,,
-9.643852,-35.716754,70,OSM,0,,
-9.643828,-35.720595,70,OSM,0,,
-9.643803,-36.580393,60,OSM:classe,1,40,
-9.643788,-36.216868,60,OSM:classe,1,40,
-9.643777,-35.717246,40,OSM:classe,1,40,
-9.643774,-35.719096,40,OSM:classe,1,40,
-9.643770,-36.685481,80,OSM,0,,
-9.643767,-35.720075,40,OSM:classe,1,40,
-9.643762,-35.699205,60,OSM:classe,1,60,
-9.643760,-36.967824,80,OSM,0,,
-9.643752,-35.718977,60,OSM:classe,1,50,
-9.643751,-35.719045,40,OSM:classe,1,40,
-9.643749,-37.049127,60,OSM:classe,1,50,
-9.643733,-35.718787,40,OSM:classe,1,40,
-9.643726,-35.719037,60,OSM:classe,1,50,
-9.643711,-35.719026,40,OSM:classe,1,40,
-9.643707,-36.422881,60,OSM:classe,1,40,
-9.643699,-35.733702,40,OSM,0,,
-9.643696,-36.497062,60,OSM,0,,
-9.643684,-36.487876,60,OSM,0,,
-9.643649,-36.471874,60,OSM:classe,1,40,
-9.643644,-35.733553,60,OSM:classe,1,40,
-9.643632,-36.534190,60,OSM:classe,1,40,
-9.643631,-36.602146,60,OSM:classe,1,40,
-9.643627,-36.494470,60,OSM,0,,
-9.643625,-36.215669,60,OSM:classe,1,40,
-9.643622,-36.489417,60,OSM,0,,
-9.643620,-36.529643,60,OSM:classe,1,40,
-9.643571,-35.718990,40,OSM:classe,1,40,
-9.643567,-36.623940,60,OSM:classe,1,40,
-9.643556,-36.491453,60,OSM,0,,
-9.643526,-36.486883,60,OSM,0,,
-9.643444,-37.356079,60,OSM:classe,1,40,
-9.643357,-36.491034,60,OSM,0,,
-9.643350,-36.491382,60,OSM,0,,
-9.643230,-35.700437,60,OSM:classe,1,60,
-9.643218,-36.484889,60,OSM,0,,
-9.643188,-36.745399,60,OSM:classe,1,50,
-9.643187,-37.353879,60,OSM:classe,1,40,
-9.643186,-36.484696,60,OSM,0,,
-9.643184,-36.997808,60,OSM:classe,1,40,
-9.643172,-36.484613,60,OSM,0,,
-9.643163,-36.685712,60,OSM:classe,1,50,
-9.643155,-36.484201,80,OSM:classe,1,60,
-9.643126,-36.536076,60,OSM:classe,1,40,
-9.643116,-35.704830,60,OSM:classe,1,60,
-9.643114,-36.493248,60,OSM,0,,
-9.643112,-35.718743,60,OSM:classe,1,50,
-9.643059,-35.739862,60,OSM:classe,1,40,
-9.643054,-36.487990,60,OSM,0,,
-9.643049,-36.970582,40,OSM:classe,1,40,
-9.643041,-36.492507,60,OSM,0,,
-9.643036,-36.014905,100,OSM:classe,1,80,
-9.643031,-36.404580,60,OSM:classe,1,40,
-9.643000,-35.739887,60,OSM:classe,1,40,
-9.643000,-35.733795,60,OSM:classe,1,40,
-9.642994,-36.496954,60,OSM,0,,
-9.642994,-35.705914,60,OSM:classe,1,60,
-9.642983,-36.371264,60,OSM:classe,1,40,
-9.642983,-36.219046,60,OSM:classe,1,40,
-9.642905,-36.210194,60,OSM:classe,1,40,
-9.642902,-35.739791,60,OSM:classe,1,40,
-9.642901,-36.583420,60,OSM:classe,1,40,
-9.642872,-35.707013,60,OSM:classe,1,40,
-9.642871,-37.665698,60,OSM:classe,1,40,
-9.642858,-36.499059,60,OSM,0,,
-9.642848,-37.431011,60,OSM:classe,1,40,
-9.642837,-36.486864,60,OSM,0,,
-9.642831,-36.557875,60,OSM:classe,1,40,
-9.642814,-36.497405,60,OSM,0,,
-9.642806,-36.497098,60,OSM,0,,
-9.642789,-36.685483,60,OSM:classe,1,50,
-9.642784,-36.497310,60,OSM,0,,
-9.642773,-36.685422,60,OSM:classe,1,50,
-9.642771,-36.216106,60,OSM:classe,1,40,
-9.642769,-36.971446,80,OSM,0,,
-9.642761,-36.528929,60,OSM:classe,1,40,
-9.642758,-35.791451,60,OSM:classe,1,40,
-9.642754,-36.986348,80,OSM,0,,
-9.642734,-36.219073,60,OSM:classe,1,40,
-9.642725,-36.672176,60,OSM:classe,1,40,
-9.642717,-36.216134,60,OSM:classe,1,40,
-9.642713,-36.216105,60,OSM:classe,1,40,
-9.642703,-36.371596,60,OSM:classe,1,40,
-9.642686,-36.528814,60,OSM:classe,1,40,
-9.642684,-37.438649,60,OSM:classe,1,40,
-9.642675,-36.970552,80,OSM,0,,
-9.642665,-35.710317,60,OSM:classe,1,60,
-9.642641,-37.349351,60,OSM:classe,1,40,
-9.642617,-35.709735,60,OSM:classe,1,60,
-9.642603,-36.492111,60,OSM,0,,
-9.642570,-36.986434,80,OSM,0,,
-9.642552,-35.733091,60,OSM:classe,1,40,
-9.642525,-36.495873,60,OSM,0,,
-9.642521,-36.590144,60,OSM:classe,1,40,
-9.642517,-36.217105,60,OSM:classe,1,40,
-9.642502,-36.972995,80,OSM,0,,
-9.642494,-36.492465,60,OSM,0,,
-9.642486,-36.483687,60,OSM,0,,
-9.642470,-36.216256,60,OSM:classe,1,40,
-9.642445,-36.484094,60,OSM,0,,
-9.642441,-36.216869,60,OSM:classe,1,40,
-9.642437,-36.492672,60,OSM,0,,
-9.642435,-36.484646,60,OSM,0,,
-9.642428,-37.442574,60,OSM:classe,1,40,
-9.642425,-35.738557,60,OSM:classe,1,40,
-9.642421,-36.484570,60,OSM,0,,
-9.642409,-36.216149,60,OSM:classe,1,40,
-9.642373,-36.479709,80,OSM:classe,1,60,
-9.642338,-35.741675,60,OSM:classe,1,40,
-9.642330,-35.744367,40,OSM,0,,
-9.642263,-35.729986,30,OSM,0,,
-9.642252,-37.414088,60,OSM:classe,1,40,
-9.642219,-35.733142,60,OSM:classe,1,40,
-9.642182,-35.709797,60,OSM:classe,1,60,
-9.642181,-35.730231,30,OSM,0,,
-9.642172,-37.413932,60,OSM:classe,1,40,
-9.642170,-36.977292,40,OSM:classe,1,40,
-9.642160,-35.733064,40,OSM,0,,
-9.642159,-36.972956,80,OSM,0,,
-9.642153,-36.761355,60,OSM:classe,1,40,
-9.642139,-35.733157,60,OSM:classe,1,40,
-9.642138,-36.761425,60,OSM:classe,1,40,
-9.642116,-36.525744,60,OSM:classe,1,40,
-9.642114,-36.413375,60,OSM:classe,1,40,
-9.642113,-37.126971,60,OSM:classe,1,40,
-9.642094,-37.344824,60,OSM:classe,1,40,
-9.642027,-36.497627,60,OSM,0,,
-9.641994,-36.576919,60,OSM:classe,1,40,
-9.641992,-37.209927,60,OSM:classe,1,40,
-9.641963,-36.537765,60,OSM:classe,1,40,
-9.641951,-37.343642,60,OSM:classe,1,40,
-9.641927,-36.496197,60,OSM,0,,
-9.641905,-36.647832,60,OSM:classe,1,40,
-9.641881,-37.426628,60,OSM:classe,1,40,
-9.641879,-35.740424,60,OSM:classe,1,40,
-9.641875,-36.576417,60,OSM:classe,1,50,
-9.641807,-37.355556,60,OSM:classe,1,40,
-9.641797,-36.216496,60,OSM:classe,1,40,
-9.641780,-36.216371,60,OSM:classe,1,40,
-9.641778,-36.541664,60,OSM:classe,1,40,
-9.641768,-35.709295,40,OSM,0,,
-9.641660,-35.740401,60,OSM:classe,1,40,
-9.641659,-36.538519,60,OSM:classe,1,40,
-9.641644,-36.497703,60,OSM,0,,
-9.641593,-35.731830,40,OSM,0,,
-9.641571,-36.189126,80,OSM,0,,
-9.641568,-37.193804,80,OSM,0,,
-9.641559,-37.417893,60,OSM:classe,1,40,
-9.641511,-36.498848,60,OSM,0,,
-9.641486,-36.496735,60,OSM,0,,
-9.641404,-36.216619,60,OSM:classe,1,40,
-9.641395,-36.576507,60,OSM:classe,1,40,
-9.641392,-36.216577,60,OSM:classe,1,40,
-9.641376,-36.408724,60,OSM:classe,1,40,
-9.641344,-36.024807,100,OSM,0,,
-9.641340,-36.216635,60,OSM:classe,1,40,
-9.641331,-35.730913,40,OSM,0,,
-9.641303,-35.858065,80,OSM:classe,1,60,
-9.641255,-35.728824,30,OSM,0,,
-9.641240,-37.422162,60,OSM:classe,1,40,
-9.641239,-36.475300,80,OSM:classe,1,60,
-9.641216,-35.729760,30,OSM,0,,
-9.641171,-36.221130,80,OSM,0,,
-9.641072,-36.562001,60,OSM:classe,1,40,
-9.640956,-36.553937,60,OSM:classe,1,40,
-9.640930,-35.710606,40,OSM,0,,
-9.640875,-37.166367,60,OSM:classe,1,50,
-9.640851,-36.025495,100,OSM,0,,
-9.640843,-35.742447,60,OSM:classe,1,40,
-9.640834,-35.711654,40,OSM,0,,
-9.640765,-37.287095,60,OSM:classe,1,40,
-9.640746,-37.194820,80,OSM,0,,
-9.640730,-36.191011,80,OSM,0,,
-9.640729,-36.760959,60,OSM:classe,1,40,
-9.640695,-36.027121,100,OSM,0,,
-9.640660,-35.717804,60,OSM:classe,1,50,
-9.640644,-35.711871,40,OSM,0,,
-9.640633,-36.025648,100,OSM,0,,
-9.640618,-35.711167,40,OSM,0,,
-9.640603,-36.546030,60,OSM:classe,1,40,
-9.640579,-36.220272,80,OSM,0,,
-9.640567,-36.027055,100,OSM,0,,
-9.640559,-35.728508,60,OSM:classe,1,40,
-9.640533,-35.712650,40,OSM,0,,
-9.640436,-36.472450,60,OSM:classe,1,40,
-9.640416,-36.679891,60,OSM:classe,1,40,
-9.640366,-36.499138,60,OSM,0,,
-9.640341,-36.027558,100,OSM,0,,
-9.640321,-36.630565,60,OSM:classe,1,40,
-9.640280,-36.027869,100,OSM,0,,
-9.640253,-37.306352,60,OSM:classe,1,40,
-9.640246,-36.626967,60,OSM:classe,1,40,
-9.640208,-35.733523,60,OSM:classe,1,40,
-9.640143,-36.748746,60,OSM:classe,1,50,
-9.640131,-37.357835,60,OSM:classe,1,60,
-9.640107,-36.497912,60,OSM,0,,
-9.640090,-36.788392,80,OSM,0,,
-9.640085,-36.599789,60,OSM:classe,1,40,
-9.640056,-36.668656,60,OSM:classe,1,40,
-9.640003,-36.470915,80,OSM:classe,1,60,
-9.639997,-35.732997,60,OSM:classe,1,40,
-9.639954,-37.410816,60,OSM:classe,1,40,
-9.639872,-36.018028,100,OSM:classe,1,80,
-9.639855,-35.700246,60,OSM:classe,1,40,
-9.639829,-37.213413,60,OSM:classe,1,40,
-9.639810,-35.702577,40,OSM,0,,
-9.639778,-36.375061,60,OSM:classe,1,40,
-9.639709,-35.710127,40,OSM,0,,
-9.639687,-35.741728,60,OSM:classe,1,40,
-9.639686,-36.193862,60,OSM:classe,1,40,
-9.639676,-36.220523,60,OSM:classe,1,40,
-9.639586,-35.698445,60,OSM:classe,1,40,
-9.639584,-37.195337,40,OSM:classe,1,40,
-9.639534,-37.217872,60,OSM:classe,1,40,
-9.639431,-37.195855,40,OSM:classe,1,40,
-9.639382,-36.498556,60,OSM,0,,
-9.639369,-35.807424,60,OSM:classe,1,50,
-9.639348,-35.714902,40,OSM,0,,
-9.639321,-36.217245,60,OSM:classe,1,40,
-9.639291,-35.740792,60,OSM:classe,1,40,
-9.639291,-35.700227,60,OSM:classe,1,40,
-9.639290,-37.048539,60,OSM:classe,1,50,
-9.639235,-37.219948,60,OSM:classe,1,40,
-9.639225,-36.628654,60,OSM:classe,1,40,
-9.639207,-36.207646,60,OSM:classe,1,40,
-9.639192,-36.630420,60,OSM:classe,1,40,
-9.639189,-35.705574,60,OSM:classe,1,60,
-9.639179,-35.717710,40,OSM,0,,
-9.639178,-35.735544,60,OSM,0,,
-9.639170,-36.216872,60,OSM:classe,1,40,
-9.639168,-36.550113,60,OSM:classe,1,40,
-9.639139,-36.575114,60,OSM:classe,1,50,
-9.639066,-35.740285,60,OSM:classe,1,40,
-9.639019,-36.018629,100,OSM:classe,1,80,
-9.639017,-35.716266,40,OSM,0,,
-9.639008,-37.208969,60,OSM:classe,1,40,
-9.639006,-35.705349,60,OSM:classe,1,60,
-9.638990,-36.207475,60,OSM:classe,1,40,
-9.638985,-35.732013,50,OSM,0,,
-9.638980,-36.998574,60,OSM:classe,1,40,
-9.638954,-36.592920,60,OSM:classe,1,40,
-9.638947,-35.803666,60,OSM:classe,1,50,
-9.638889,-36.630314,60,OSM:classe,1,40,
-9.638887,-36.599260,60,OSM:classe,1,40,
-9.638876,-35.741905,60,OSM:classe,1,40,
-9.638859,-36.196108,80,OSM,0,,
-9.638841,-35.710632,30,OSM,0,,
-9.638836,-36.028706,100,OSM,0,,
-9.638821,-35.710053,40,OSM,0,,
-9.638783,-36.412450,60,OSM:classe,1,40,
-9.638740,-35.807999,60,OSM:classe,1,50,
-9.638711,-35.702880,40,OSM,0,,
-9.638666,-37.196480,80,OSM,0,,
-9.638658,-36.218091,60,OSM:classe,1,40,
-9.638634,-35.704988,60,OSM:classe,1,60,
-9.638578,-35.700259,60,OSM:classe,1,40,
-9.638565,-35.790816,60,OSM:classe,1,40,
-9.638539,-36.028718,100,OSM,0,,
-9.638525,-35.733660,60,OSM:classe,1,40,
-9.638507,-37.356997,60,OSM:classe,1,40,
-9.638492,-37.666391,60,OSM:classe,1,40,
-9.638479,-36.523756,60,OSM:classe,1,40,
-9.638445,-36.565696,60,OSM:classe,1,40,
-9.638414,-36.664679,60,OSM:classe,1,40,
-9.638407,-36.630143,60,OSM:classe,1,40,
-9.638364,-35.698212,60,OSM:classe,1,40,
-9.638290,-36.466764,80,OSM:classe,1,60,
-9.638207,-35.709329,30,OSM,0,,
-9.638154,-35.735755,60,OSM:classe,1,40,
-9.638136,-36.223705,60,OSM:classe,1,40,
-9.638133,-37.408459,60,OSM:classe,1,40,
-9.638037,-37.224203,60,OSM:classe,1,40,
-9.637977,-36.207810,60,OSM:classe,1,40,
-9.637966,-36.207337,80,OSM,0,,
-9.637956,-36.413633,60,OSM:classe,1,40,
-9.637912,-37.196585,80,OSM,0,,
-9.637909,-35.799306,60,OSM:classe,1,50,
-9.637898,-35.698147,40,OSM:classe,1,40,
-9.637897,-36.629963,60,OSM:classe,1,40,
-9.637893,-36.377295,60,OSM:classe,1,40,
-9.637888,-36.603219,60,OSM:classe,1,40,
-9.637754,-37.209367,60,OSM:classe,1,40,
-9.637719,-37.209297,60,OSM:classe,1,40,
-9.637706,-36.687883,80,OSM,0,,
-9.637699,-36.206067,60,OSM:classe,1,40,
-9.637669,-37.126325,60,OSM:classe,1,40,
-9.637659,-37.240080,60,OSM:classe,1,40,
-9.637585,-35.734083,60,OSM:classe,1,40,
-9.637473,-36.030023,100,OSM,0,,
-9.637433,-36.212669,80,OSM,0,,
-9.637423,-36.647473,60,OSM:classe,1,40,
-9.637367,-35.703651,40,OSM:classe,1,40,
-9.637343,-36.660409,60,OSM:classe,1,40,
-9.637268,-35.791910,60,OSM:classe,1,50,
-9.637267,-35.736105,60,OSM:classe,1,40,
-9.637234,-35.791014,60,OSM:classe,1,40,
-9.637209,-35.791395,60,OSM:classe,1,50,
-9.637197,-35.796133,60,OSM:classe,1,50,
-9.637185,-35.735923,60,OSM,0,,
-9.637160,-37.356364,60,OSM:classe,1,60,
-9.637138,-35.732877,60,OSM:classe,1,40,
-9.637134,-36.629383,60,OSM:classe,1,40,
-9.637085,-35.791045,60,OSM:classe,1,50,
-9.637051,-35.737736,60,OSM:classe,1,40,
-9.637050,-37.235923,60,OSM:classe,1,40,
-9.637011,-36.378345,60,OSM:classe,1,40,
-9.637009,-36.030165,100,OSM,0,,
-9.636958,-36.201428,80,OSM,0,,
-9.636958,-35.703629,60,OSM:classe,1,60,
-9.636923,-35.859098,80,OSM:classe,1,60,
-9.636920,-36.201717,80,OSM,0,,
-9.636916,-36.202033,80,OSM,0,,
-9.636913,-37.356234,40,OSM:classe,1,40,
-9.636883,-37.356491,60,OSM:classe,1,40,
-9.636842,-35.713309,60,OSM:classe,1,50,
-9.636834,-36.605579,60,OSM:classe,1,40,
-9.636793,-37.285263,60,OSM:classe,1,40,
-9.636768,-37.207419,60,OSM:classe,1,40,
-9.636742,-35.713919,60,OSM:classe,1,50,
-9.636741,-36.632076,60,OSM:classe,1,40,
-9.636739,-37.281743,60,OSM:classe,1,40,
-9.636681,-36.030500,100,OSM,0,,
-9.636680,-36.201752,40,OSM:classe,1,40,
-9.636668,-35.795391,60,OSM:classe,1,40,
-9.636648,-36.576485,60,OSM:classe,1,50,
-9.636628,-37.303814,60,OSM:classe,1,40,
-9.636626,-37.167860,60,OSM:classe,1,50,
-9.636603,-36.416355,60,OSM:classe,1,40,
-9.636566,-35.734516,60,OSM,0,,
-9.636528,-36.201687,60,OSM:classe,1,40,
-9.636456,-35.726643,60,OSM:classe,1,40,
-9.636439,-35.715919,60,OSM:classe,1,50,
-9.636412,-35.736276,60,OSM,0,,
-9.636404,-36.751234,60,OSM:classe,1,50,
-9.636404,-35.716945,60,OSM:classe,1,50,
-9.636395,-35.717062,60,OSM:classe,1,50,
-9.636392,-36.759985,60,OSM:classe,1,40,
-9.636389,-36.597431,60,OSM:classe,1,40,
-9.636385,-35.714749,60,OSM:classe,1,50,
-9.636374,-35.714345,60,OSM:classe,1,50,
-9.636372,-36.497394,60,OSM:classe,1,50,
-9.636362,-36.576533,60,OSM:classe,1,40,
-9.636344,-35.736098,60,OSM,0,,
-9.636323,-35.715960,60,OSM:classe,1,50,
-9.636287,-35.718127,60,OSM:classe,1,50,
-9.636279,-35.703128,60,OSM:classe,1,60,
-9.636270,-35.716995,60,OSM:classe,1,50,
-9.636266,-35.791182,60,OSM:classe,1,40,
-9.636264,-35.743221,60,OSM:classe,1,40,
-9.636249,-35.718546,60,OSM:classe,1,40,
-9.636237,-35.726460,60,OSM:classe,1,40,
-9.636225,-35.718695,60,OSM:classe,1,40,
-9.636184,-35.723941,60,OSM:classe,1,40,
-9.636167,-37.244382,60,OSM:classe,1,40,
-9.636158,-35.722986,60,OSM:classe,1,40,
-9.636126,-37.277225,60,OSM:classe,1,40,
-9.636114,-36.628707,60,OSM:classe,1,40,
-9.636111,-36.608359,60,OSM:classe,1,40,
-9.636079,-35.733382,60,OSM,0,,
-9.636057,-35.736347,60,OSM:classe,1,40,
-9.636038,-35.711924,60,OSM:classe,1,50,
-9.636022,-36.608780,60,OSM:classe,1,40,
-9.636021,-36.613312,60,OSM:classe,1,40,
-9.635983,-36.679380,60,OSM:classe,1,40,
-9.635973,-36.574307,60,OSM:classe,1,40,
-9.635946,-35.743426,60,OSM:classe,1,40,
-9.635940,-35.715562,40,OSM:classe,1,40,
-9.635923,-36.220776,60,OSM:classe,1,40,
-9.635882,-35.811468,60,OSM:classe,1,50,
-9.635880,-36.622376,60,OSM:classe,1,40,
-9.635846,-37.302545,60,OSM:classe,1,40,
-9.635825,-36.617839,60,OSM:classe,1,40,
-9.635805,-35.734858,60,OSM:classe,1,40,
-9.635784,-37.205355,60,OSM:classe,1,40,
-9.635784,-36.030356,100,OSM,0,,
-9.635776,-36.030529,100,OSM,0,,
-9.635761,-37.205260,60,OSM:classe,1,40,
-9.635711,-35.702786,60,OSM:classe,1,60,
-9.635695,-35.715959,60,OSM:classe,1,50,
-9.635691,-36.623940,60,OSM:classe,1,40,
-9.635656,-37.205421,60,OSM:classe,1,40,
-9.635653,-35.811984,60,OSM:classe,1,50,
-9.635625,-35.716955,60,OSM:classe,1,50,
-9.635586,-35.702674,60,OSM:classe,1,60,
-9.635533,-36.420670,60,OSM:classe,1,40,
-9.635529,-35.702640,60,OSM:classe,1,60,
-9.635513,-37.272706,60,OSM:classe,1,40,
-9.635498,-36.575244,60,OSM:classe,1,40,
-9.635475,-37.226038,60,OSM:classe,1,40,
-9.635468,-36.569110,60,OSM:classe,1,40,
-9.635463,-37.227415,60,OSM:classe,1,40,
-9.635437,-35.742595,60,OSM:classe,1,40,
-9.635415,-36.463257,80,OSM:classe,1,60,
-9.635376,-35.702895,40,OSM:classe,1,40,
-9.635374,-36.656423,60,OSM:classe,1,40,
-9.635351,-35.702515,60,OSM:classe,1,60,
-9.635334,-37.298290,60,OSM:classe,1,40,
-9.635324,-36.021229,100,OSM:classe,1,80,
-9.635318,-35.733737,60,OSM:classe,1,40,
-9.635313,-36.575153,60,OSM:classe,1,40,
-9.635296,-35.742381,60,OSM:classe,1,40,
-9.635258,-36.595518,60,OSM:classe,1,40,
-9.635235,-37.204124,60,OSM:classe,1,40,
-9.635214,-35.737991,60,OSM:classe,1,40,
-9.635146,-36.634255,60,OSM:classe,1,40,
-9.635138,-35.702383,60,OSM:classe,1,60,
-9.635123,-35.703343,60,OSM:classe,1,50,
-9.635084,-37.408337,60,OSM:classe,1,40,
-9.635051,-37.231933,60,OSM:classe,1,40,
-9.634998,-36.628081,60,OSM:classe,1,40,
-9.634979,-37.197615,80,OSM,0,,
-9.634872,-37.268192,60,OSM:classe,1,40,
-9.634871,-35.748393,40,OSM,0,,
-9.634831,-37.047950,60,OSM:classe,1,50,
-9.634824,-35.744150,60,OSM:classe,1,40,
-9.634789,-37.293762,60,OSM:classe,1,40,
-9.634786,-36.593364,60,OSM:classe,1,40,
-9.634772,-36.780758,80,OSM,0,,
-9.634756,-36.999259,60,OSM:classe,1,40,
-9.634749,-37.289326,60,OSM:classe,1,40,
-9.634664,-36.629185,60,OSM:classe,1,40,
-9.634653,-36.221595,60,OSM:classe,1,40,
-9.634644,-37.197954,80,OSM,0,,
-9.634640,-36.570315,60,OSM:classe,1,40,
-9.634638,-35.738876,60,OSM:classe,1,40,
-9.634627,-35.699814,40,OSM:classe,1,40,
-9.634618,-35.702005,60,OSM:classe,1,60,
-9.634617,-37.205943,60,OSM:classe,1,40,
-9.634586,-35.715818,60,OSM:classe,1,50,
-9.634583,-35.697611,40,OSM:classe,1,40,
-9.634570,-35.859653,80,OSM:classe,1,60,
-9.634568,-35.736470,60,OSM,0,,
-9.634562,-35.707794,60,OSM:classe,1,50,
-9.634556,-37.357574,60,OSM:classe,1,40,
-9.634553,-35.702071,60,OSM:classe,1,60,
-9.634543,-35.736640,60,OSM,0,,
-9.634521,-36.226071,60,OSM:classe,1,40,
-9.634520,-35.736478,60,OSM,0,,
-9.634514,-36.630829,60,OSM:classe,1,40,
-9.634468,-36.522041,60,OSM:classe,1,40,
-9.634410,-36.635364,60,OSM:classe,1,40,
-9.634407,-35.736669,60,OSM,0,,
-9.634392,-35.718101,60,OSM:classe,1,50,
-9.634318,-37.248530,60,OSM:classe,1,40,
-9.634293,-36.021955,100,OSM:classe,1,80,
-9.634252,-37.198097,80,OSM,0,,
-9.634232,-37.263678,60,OSM:classe,1,40,
-9.634166,-35.743097,60,OSM:classe,1,40,
-9.634154,-37.263134,60,OSM:classe,1,40,
-9.634132,-36.648313,60,OSM:classe,1,40,
-9.634103,-37.408433,60,OSM:classe,1,40,
-9.634072,-36.381797,60,OSM:classe,1,40,
-9.634051,-35.730820,60,OSM:classe,1,40,
-9.634012,-37.666039,60,OSM:classe,1,40,
-9.634005,-35.701441,60,OSM:classe,1,40,
-9.633992,-35.701654,60,OSM:classe,1,60,
-9.633991,-36.647197,60,OSM:classe,1,40,
-9.633984,-35.715708,60,OSM:classe,1,50,
-9.633980,-35.730691,60,OSM:classe,1,40,
-9.633976,-37.273082,60,OSM:classe,1,40,
-9.633971,-35.699831,60,OSM:classe,1,40,
-9.633966,-37.198583,80,OSM,0,,
-9.633938,-37.261446,60,OSM:classe,1,40,
-9.633924,-35.697346,60,OSM:classe,1,40,
-9.633917,-37.773936,60,OSM:classe,1,60,
-9.633911,-35.730737,60,OSM:classe,1,40,
-9.633861,-36.689176,80,OSM,0,,
-9.633825,-35.736787,60,OSM,0,,
-9.633806,-35.816143,60,OSM:classe,1,50,
-9.633805,-36.588913,60,OSM:classe,1,40,
-9.633793,-35.736610,60,OSM,0,,
-9.633727,-35.715648,60,OSM:classe,1,50,
-9.633605,-35.743457,60,OSM:classe,1,40,
-9.633556,-37.206490,60,OSM:classe,1,40,
-9.633517,-37.301623,60,OSM:classe,1,40,
-9.633516,-36.752846,60,OSM:classe,1,50,
-9.633438,-36.587245,60,OSM:classe,1,40,
-9.633406,-37.124888,60,OSM:classe,1,40,
-9.633386,-36.424665,60,OSM:classe,1,40,
-9.633337,-37.199966,80,OSM,0,,
-9.633332,-37.199767,80,OSM,0,,
-9.633296,-35.743653,60,OSM:classe,1,40,
-9.633282,-37.226537,60,OSM:classe,1,40,
-9.633239,-36.029393,100,OSM,0,,
-9.633237,-36.582450,60,OSM:classe,1,40,
-9.633187,-36.629849,60,OSM:classe,1,40,
-9.633157,-36.323068,80,OSM,0,,
-9.633152,-36.652582,60,OSM:classe,1,40,
-9.633130,-37.354340,60,OSM:classe,1,60,
-9.633124,-36.577373,60,OSM:classe,1,50,
-9.633111,-36.639649,60,OSM:classe,1,40,
-9.633104,-36.584386,60,OSM:classe,1,40,
-9.633089,-36.580910,60,OSM:classe,1,40,
-9.633001,-36.579919,60,OSM:classe,1,50,
-9.632924,-36.029535,100,OSM,0,,
-9.632917,-35.700938,60,OSM:classe,1,40,
-9.632856,-37.200411,80,OSM,0,,
-9.632836,-37.358479,60,OSM:classe,1,40,
-9.632830,-35.794362,60,OSM:classe,1,40,
-9.632830,-35.701086,60,OSM:zone,1,50,
-9.632792,-37.200322,80,OSM,0,,
-9.632736,-37.252796,60,OSM:classe,1,40,
-9.632683,-36.499501,60,OSM:classe,1,50,
-9.632679,-35.730860,60,OSM:classe,1,40,
-9.632566,-37.200636,80,OSM,0,,
-9.632561,-37.777827,60,OSM:classe,1,60,
-9.632540,-36.459750,80,OSM:classe,1,60,
-9.632530,-36.580953,60,OSM:classe,1,50,
-9.632528,-36.644131,60,OSM:classe,1,40,
-9.632511,-37.200526,80,OSM,0,,
-9.632508,-36.573781,60,OSM:classe,1,40,
-9.632397,-35.700615,60,OSM:classe,1,60,
-9.632377,-37.169352,60,OSM:classe,1,50,
-9.632355,-37.207100,60,OSM:classe,1,40,
-9.632337,-37.201233,40,OSM:classe,1,40,
-9.632291,-36.581169,60,OSM:classe,1,50,
-9.632238,-37.200890,80,OSM,0,,
-9.632179,-36.200879,60,OSM:classe,1,40,
-9.632178,-35.725353,60,OSM:classe,1,40,
-9.632144,-37.257306,60,OSM:classe,1,40,
-9.632140,-35.792732,60,OSM:classe,1,40,
-9.632130,-36.029397,100,OSM,0,,
-9.632126,-37.200983,80,OSM,0,,
-9.632031,-36.760128,60,OSM:classe,1,40,
-9.632007,-36.029623,100,OSM,0,,
-9.632003,-37.782343,60,OSM:classe,1,60,
-9.631981,-37.201135,80,OSM,0,,
-9.631876,-36.778035,80,OSM,0,,
-9.631842,-37.361206,60,OSM:classe,1,40,
-9.631757,-37.201324,80,OSM,0,,
-9.631744,-36.573187,60,OSM:classe,1,40,
-9.631692,-35.726043,30,OSM,0,,
-9.631627,-37.207053,60,OSM:classe,1,40,
-9.631626,-35.726033,30,OSM,0,,
-9.631616,-36.678336,60,OSM:classe,1,40,
-9.631610,-37.207060,60,OSM:classe,1,40,
-9.631601,-36.428812,60,OSM:classe,1,40,
-9.631477,-36.500893,60,OSM:classe,1,40,
-9.631398,-35.700046,60,OSM:classe,1,60,
-9.631345,-37.207170,40,OSM:classe,1,40,
-9.631321,-36.630939,60,OSM:classe,1,40,
-9.631168,-36.433340,60,OSM:classe,1,40,
-9.631133,-36.385249,60,OSM:classe,1,40,
-9.631115,-35.699897,60,OSM:classe,1,60,
-9.631092,-37.207060,80,OSM,0,,
-9.631088,-35.744825,60,OSM:classe,1,40,
-9.631055,-35.699863,60,OSM:classe,1,60,
-9.631044,-37.207235,80,OSM,0,,
-9.631038,-37.206857,80,OSM,0,,
-9.630982,-37.207422,80,OSM,0,,
-9.630896,-35.750057,40,OSM,0,,
-9.630894,-35.723064,60,OSM,0,,
-9.630871,-35.725862,30,OSM,0,,
-9.630867,-35.817792,60,OSM:classe,1,50,
-9.630815,-37.001389,60,OSM:classe,1,40,
-9.630768,-35.794194,60,OSM:classe,1,40,
-9.630767,-35.699687,60,OSM:classe,1,60,
-9.630734,-36.199893,60,OSM:classe,1,40,
-9.630678,-35.737213,60,OSM,0,,
-9.630667,-37.207738,80,OSM,0,,
-9.630608,-36.024569,100,OSM:classe,1,80,
-9.630599,-35.794011,60,OSM:classe,1,40,
-9.630580,-36.227733,60,OSM:classe,1,40,
-9.630570,-35.740739,60,OSM:classe,1,40,
-9.630414,-35.695901,40,OSM:classe,1,40,
-9.630372,-37.047361,60,OSM:classe,1,50,
-9.630361,-37.208277,80,OSM,0,,
-9.630344,-35.715953,60,OSM:classe,1,50,
-9.630339,-35.704007,60,OSM:classe,1,40,
-9.630287,-35.715984,60,OSM:classe,1,50,
-9.630274,-36.521942,60,OSM:classe,1,40,
-9.630268,-35.732198,60,OSM:classe,1,40,
-9.630229,-36.570186,60,OSM:classe,1,40,
-9.630224,-35.721001,40,OSM,0,,
-9.630202,-35.734466,60,OSM:classe,1,40,
-9.630190,-35.860685,80,OSM:classe,1,60,
-9.630173,-35.722971,40,OSM,0,,
-9.630092,-36.775186,80,OSM,0,,
-9.630088,-37.229742,60,OSM:classe,1,40,
-9.630063,-37.406525,60,OSM:classe,1,40,
-9.630039,-37.365363,60,OSM:classe,1,40,
-9.629951,-36.437724,60,OSM:classe,1,40,
-9.629931,-35.695703,40,OSM:classe,1,40,
-9.629891,-37.271991,60,OSM:classe,1,40,
-9.629834,-35.724946,40,OSM,0,,
-9.629782,-36.322912,80,OSM,0,,
-9.629778,-35.699124,60,OSM:classe,1,60,
-9.629764,-36.755333,60,OSM:classe,1,50,
-9.629742,-35.704147,60,OSM:classe,1,40,
-9.629674,-35.733479,60,OSM:classe,1,40,
-9.629662,-36.030319,100,OSM,0,,
-9.629600,-35.819292,80,OSM:classe,1,60,
-9.629581,-35.733330,60,OSM:classe,1,40,
-9.629527,-37.665847,60,OSM:classe,1,40,
-9.629523,-35.741167,60,OSM:classe,1,40,
-9.629453,-37.784086,60,OSM:classe,1,60,
-9.629353,-35.726002,40,OSM,0,,
-9.629286,-36.323229,80,OSM,0,,
-9.629191,-37.123306,60,OSM:classe,1,40,
-9.629181,-35.722797,60,OSM,0,,
-9.629108,-37.302219,60,OSM:classe,1,40,
-9.629101,-37.352317,60,OSM:classe,1,60,
-9.629080,-36.456958,80,OSM:classe,1,60,
-9.629042,-35.704284,60,OSM:classe,1,40,
-9.629023,-35.729147,40,OSM,0,,
-9.628970,-35.704309,60,OSM:classe,1,40,
-9.628953,-35.728272,40,OSM,0,,
-9.628863,-35.707897,60,OSM:classe,1,40,
-9.628794,-36.504551,60,OSM:classe,1,40,
-9.628790,-37.360468,60,OSM:classe,1,40,
-9.628745,-36.573653,60,OSM:classe,1,40,
-9.628741,-37.209188,40,OSM:classe,1,40,
-9.628719,-35.704087,60,OSM:classe,1,40,
-9.628684,-36.583869,60,OSM:classe,1,50,
-9.628642,-36.566141,60,OSM:classe,1,40,
-9.628573,-35.737839,60,OSM,0,,
-9.628558,-35.698429,60,OSM:classe,1,60,
-9.628550,-35.737843,60,OSM,0,,
-9.628524,-36.565690,60,OSM:classe,1,40,
-9.628516,-35.750657,40,OSM,0,,
-9.628460,-35.737681,60,OSM,0,,
-9.628419,-36.199562,60,OSM:classe,1,40,
-9.628397,-35.707913,60,OSM:classe,1,40,
-9.628370,-35.737510,60,OSM:classe,1,60,
-9.628368,-37.369557,60,OSM:classe,1,40,
-9.628341,-36.500534,60,OSM:classe,1,50,
-9.628273,-36.324538,80,OSM,0,,
-9.628234,-35.750062,60,OSM:classe,1,40,
-9.628188,-35.737111,60,OSM:classe,1,60,
-9.628182,-36.441902,60,OSM:classe,1,40,
-9.628144,-36.774684,80,OSM,0,,
-9.628128,-37.170844,60,OSM:classe,1,50,
-9.628123,-35.736964,60,OSM:classe,1,60,
-9.628057,-35.716959,60,OSM:classe,1,40,
-9.628054,-35.750059,40,OSM,0,,
-9.628017,-35.749722,60,OSM:classe,1,40,
-9.627985,-35.719630,60,OSM:classe,1,40,
-9.627982,-35.820278,60,OSM:classe,1,50,
-9.627913,-36.446449,60,OSM:classe,1,40,
-9.627896,-37.209892,40,OSM:classe,1,40,
-9.627868,-35.750930,60,OSM:classe,1,40,
-9.627864,-35.724189,60,OSM:classe,1,40,
-9.627829,-35.736243,60,OSM:classe,1,60,
-9.627819,-36.388043,60,OSM:classe,1,40,
-9.627810,-36.030854,100,OSM,0,,
-9.627776,-36.031080,100,OSM,0,,
-9.627759,-35.724100,60,OSM:classe,1,40,
-9.627737,-37.402693,60,OSM:classe,1,40,
-9.627716,-35.750693,60,OSM:classe,1,40,
-9.627630,-35.723932,60,OSM:classe,1,40,
-9.627565,-36.760033,60,OSM:classe,1,40,
-9.627562,-36.687451,80,OSM,0,,
-9.627561,-35.723616,60,OSM:classe,1,40,
-9.627545,-37.233472,60,OSM:classe,1,40,
-9.627462,-35.750363,40,OSM,0,,
-9.627437,-36.630119,60,OSM:classe,1,40,
-9.627425,-35.751137,60,OSM:classe,1,40,
-9.627366,-36.561283,60,OSM:classe,1,40,
-9.627359,-35.697712,40,OSM:classe,1,40,
-9.627336,-37.373991,60,OSM:classe,1,40,
-9.627319,-35.748363,60,OSM:classe,1,40,
-9.627185,-36.677563,60,OSM:classe,1,40,
-9.627068,-35.717069,60,OSM:classe,1,40,
-9.627038,-35.734406,60,OSM:classe,1,60,
-9.626949,-36.585087,60,OSM:classe,1,50,
-9.626923,-36.027183,100,OSM:classe,1,80,
-9.626915,-35.738153,60,OSM,0,,
-9.626866,-35.737986,40,OSM,0,,
-9.626856,-37.396097,60,OSM:classe,1,40,
-9.626841,-35.697561,40,OSM:classe,1,40,
-9.626798,-35.719317,60,OSM:classe,1,40,
-9.626751,-36.229473,60,OSM:classe,1,40,
-9.626746,-36.519128,60,OSM:classe,1,40,
-9.626733,-35.743063,60,OSM:classe,1,40,
-9.626692,-37.210879,80,OSM,0,,
-9.626666,-37.378500,60,OSM:classe,1,40,
-9.626643,-36.030988,40,OSM:classe,1,40,
-9.626627,-37.398273,60,OSM:classe,1,40,
-9.626583,-35.722306,60,OSM:classe,1,40,
-9.626561,-37.000691,60,OSM:classe,1,40,
-9.626497,-37.780712,60,OSM:classe,1,60,
-9.626402,-35.697092,60,OSM:classe,1,60,
-9.626380,-35.736809,60,OSM:classe,1,40,
-9.626373,-36.229654,60,OSM:classe,1,40,
-9.626370,-36.758324,60,OSM:classe,1,50,
-9.626341,-36.573220,60,OSM:classe,1,40,
-9.626310,-36.027618,100,OSM:classe,1,80,
-9.626284,-37.383043,60,OSM:classe,1,40,
-9.626236,-35.732549,60,OSM:classe,1,60,
-9.626228,-35.694353,40,OSM:classe,1,40,
-9.626182,-35.695793,60,OSM:classe,1,40,
-9.626172,-35.697088,60,OSM:classe,1,60,
-9.626144,-35.738301,60,OSM,0,,
-9.626129,-36.508225,60,OSM:classe,1,40,
-9.626125,-35.736221,60,OSM:classe,1,40,
-9.626116,-36.195942,60,OSM:classe,1,40,
-9.626068,-35.696927,60,OSM:classe,1,60,
-9.626066,-35.716999,60,OSM:classe,1,50,
-9.626052,-35.716999,60,OSM:classe,1,50,
-9.626028,-35.717079,60,OSM:classe,1,50,
-9.626018,-36.325295,80,OSM,0,,
-9.625984,-35.696990,60,OSM:classe,1,60,
-9.625954,-35.697263,40,OSM:classe,1,40,
-9.625949,-37.391823,60,OSM:classe,1,40,
-9.625928,-36.450310,60,OSM:classe,1,40,
-9.625913,-37.046772,60,OSM:classe,1,50,
-9.625858,-35.694196,40,OSM:classe,1,40,
-9.625832,-35.697144,60,OSM:classe,1,60,
-9.625825,-35.701632,40,OSM:classe,1,40,
-9.625810,-35.861717,80,OSM:classe,1,60,
-9.625809,-37.270143,60,OSM:classe,1,40,
-9.625775,-35.731432,60,OSM:classe,1,60,
-9.625767,-35.751771,60,OSM:classe,1,40,
-9.625764,-35.701408,60,OSM:classe,1,60,
-9.625745,-35.696857,40,OSM:classe,1,40,
-9.625744,-35.700141,60,OSM:classe,1,60,
-9.625695,-36.557139,60,OSM:classe,1,40,
-9.625682,-35.700936,60,OSM:classe,1,60,
-9.625671,-35.751805,60,OSM:classe,1,40,
-9.625618,-35.701432,60,OSM:classe,1,60,
-9.625568,-36.760165,60,OSM:classe,1,40,
-9.625540,-37.212232,80,OSM,0,,
-9.625525,-37.387377,60,OSM:classe,1,40,
-9.625525,-36.774349,80,OSM,0,,
-9.625515,-35.751869,60,OSM:classe,1,40,
-9.625505,-35.744784,60,OSM:classe,1,40,
-9.625493,-35.716956,60,OSM:classe,1,50,
-9.625493,-35.716878,60,OSM:classe,1,50,
-9.625482,-37.212122,80,OSM,0,,
-9.625476,-37.384922,60,OSM:classe,1,40,
-9.625398,-37.299864,60,OSM:classe,1,40,
-9.625277,-37.212458,80,OSM,0,,
-9.625256,-35.734268,60,OSM:classe,1,40,
-9.625212,-35.734164,60,OSM:classe,1,40,
-9.625210,-37.212333,80,OSM,0,,
-9.625155,-37.121309,60,OSM:classe,1,40,
-9.625129,-35.696479,60,OSM:classe,1,60,
-9.625071,-37.350293,60,OSM:classe,1,60,
-9.625070,-37.665244,60,OSM:classe,1,40,
-9.625052,-37.755714,60,OSM:classe,1,40,
-9.625048,-36.454938,80,OSM:classe,1,60,
-9.624934,-35.729526,60,OSM:classe,1,40,
-9.624918,-36.515175,60,OSM:classe,1,40,
-9.624798,-35.733186,60,OSM:classe,1,40,
-9.624691,-37.754663,60,OSM:classe,1,40,
-9.624684,-35.823247,60,OSM:classe,1,50,
-9.624677,-37.754572,60,OSM:classe,1,40,
-9.624622,-35.752291,60,OSM:classe,1,40,
-9.624569,-37.361998,60,OSM:classe,1,40,
-9.624491,-37.236817,60,OSM:classe,1,40,
-9.624351,-37.759096,60,OSM:classe,1,40,
-9.624341,-37.759155,30,OSM,0,,
-9.624304,-37.759124,30,OSM,0,,
-9.624289,-36.191804,60,OSM:classe,1,40,
-9.624183,-35.752533,60,OSM:classe,1,40,
-9.624169,-36.760194,60,OSM:classe,1,40,
-9.624081,-35.705210,60,OSM:classe,1,60,
-9.624037,-35.727226,60,OSM:classe,1,60,
-9.624036,-35.741027,30,OSM,0,,
-9.623993,-36.627312,60,OSM:classe,1,40,
-9.623959,-36.030136,100,OSM,0,,
-9.623932,-35.705189,60,OSM:classe,1,60,
-9.623914,-35.716484,40,OSM:classe,1,40,
-9.623909,-36.500619,60,OSM:classe,1,50,
-9.623909,-35.708207,60,OSM:classe,1,40,
-9.623871,-35.738548,40,OSM,0,,
-9.623811,-35.741259,30,OSM,0,,
-9.623787,-35.741301,30,OSM,0,,
-9.623751,-37.171655,60,OSM:classe,1,50,
-9.623743,-36.454286,60,OSM:classe,1,40,
-9.623715,-35.716437,60,OSM:classe,1,50,
-9.623690,-35.737856,60,OSM:classe,1,40,
-9.623686,-35.695481,40,OSM:classe,1,40,
-9.623646,-35.744365,20,OSM,0,,
-9.623641,-35.695780,60,OSM:classe,1,60,
-9.623634,-37.349572,60,OSM:classe,1,60,
-9.623591,-35.695759,60,OSM:classe,1,60,
-9.623531,-35.710750,40,OSM:classe,1,40,
-9.623511,-37.349509,100,OSM:classe,1,80,
-9.623507,-35.695686,60,OSM:classe,1,60,
-9.623501,-36.030042,100,OSM,0,,
-9.623485,-35.695740,60,OSM:classe,1,60,
-9.623483,-37.759954,30,OSM,0,,
-9.623479,-35.709588,60,OSM:classe,1,60,
-9.623469,-36.029660,100,OSM:classe,1,80,
-9.623466,-35.725352,60,OSM:classe,1,60,
-9.623451,-35.751785,60,OSM:classe,1,40,
-9.623442,-36.232481,60,OSM:classe,1,40,
-9.623434,-35.716092,40,OSM:classe,1,40,
-9.623432,-35.708132,60,OSM:classe,1,40,
-9.623418,-35.714149,60,OSM:classe,1,60,
-9.623402,-36.388896,60,OSM:classe,1,40,
-9.623389,-36.029812,100,OSM:classe,1,80,
-9.623387,-35.709618,60,OSM:classe,1,60,
-9.623386,-35.709645,60,OSM:classe,1,60,
-9.623384,-35.698283,50,OSM,0,,
-9.623364,-37.753703,60,OSM:classe,1,40,
-9.623356,-35.710109,60,OSM:classe,1,60,
-9.623320,-36.029745,100,OSM:classe,1,80,
-9.623318,-35.716016,60,OSM:classe,1,60,
-9.623302,-37.266602,60,OSM:classe,1,40,
-9.623289,-35.751734,60,OSM:classe,1,40,
-9.623288,-35.708216,60,OSM:classe,1,40,
-9.623269,-35.752568,60,OSM:classe,1,40,
-9.623252,-36.587683,60,OSM:classe,1,50,
-9.623222,-35.751714,60,OSM:classe,1,40,
-9.623200,-35.714667,60,OSM:classe,1,60,
-9.623166,-35.716086,40,OSM:classe,1,40,
-9.623156,-35.741095,30,OSM,0,,
-9.623155,-35.751544,60,OSM:classe,1,40,
-9.623155,-35.715997,60,OSM:classe,1,60,
-9.623117,-35.717982,60,OSM:classe,1,60,
-9.623105,-35.718128,60,OSM:classe,1,60,
-9.623087,-35.734898,60,OSM:classe,1,40,
-9.623078,-35.751685,60,OSM:classe,1,40,
-9.623069,-35.719286,60,OSM:classe,1,60,
-9.623067,-35.724844,60,OSM:classe,1,60,
-9.623055,-35.735084,60,OSM:classe,1,40,
-9.623055,-35.719571,60,OSM,0,,
-9.623016,-35.734888,60,OSM:classe,1,40,
-9.623013,-35.716218,60,OSM:classe,1,50,
-9.622981,-37.749570,60,OSM:classe,1,40,
-9.622975,-36.761316,60,OSM:classe,1,50,
-9.622970,-35.695456,50,OSM,0,,
-9.622962,-35.744204,20,OSM,0,,
-9.622949,-36.226697,60,OSM:classe,1,40,
-9.622945,-35.716190,60,OSM:classe,1,50,
-9.622938,-35.699010,50,OSM,0,,
-9.622931,-35.723844,60,OSM:classe,1,60,
-9.622904,-35.734403,60,OSM:classe,1,40,
-9.622884,-35.695325,60,OSM:classe,1,60,
-9.622866,-36.511329,60,OSM:classe,1,40,
-9.622827,-36.511378,60,OSM:classe,1,40,
-9.622776,-35.698264,50,OSM,0,,
-9.622771,-35.716121,60,OSM:classe,1,60,
-9.622759,-35.696646,50,OSM,0,,
-9.622753,-36.676789,60,OSM:classe,1,40,
-9.622619,-36.389047,60,OSM:classe,1,40,
-9.622578,-35.724367,60,OSM:classe,1,60,
-9.622577,-35.695982,50,OSM,0,,
-9.622538,-36.029873,100,OSM,0,,
-9.622525,-35.724329,60,OSM:classe,1,60,
-9.622443,-36.030181,100,OSM,0,,
-9.622422,-36.571475,60,OSM:classe,1,40,
-9.622372,-36.761847,60,OSM:classe,1,50,
-9.622369,-35.697852,50,OSM,0,,
-9.622333,-36.999601,60,OSM:classe,1,40,
-9.622310,-37.764976,60,OSM:classe,1,40,
-9.622299,-36.773202,60,OSM:classe,1,40,
-9.622252,-37.781629,60,OSM:classe,1,60,
-9.622206,-36.628478,60,OSM:classe,1,40,
-9.622153,-35.738086,60,OSM:classe,1,40,
-9.621974,-35.730835,60,OSM:classe,1,40,
-9.621826,-36.188095,60,OSM:classe,1,40,
-9.621786,-35.707991,60,OSM:classe,1,40,
-9.621784,-35.862759,80,OSM:classe,1,60,
-9.621740,-37.264756,60,OSM:classe,1,40,
-9.621712,-35.692431,40,OSM:classe,1,40,
-9.621653,-37.240343,60,OSM:classe,1,40,
-9.621580,-35.696289,40,OSM,0,,
-9.621493,-37.297602,60,OSM:classe,1,40,
-9.621454,-37.046183,60,OSM:classe,1,50,
-9.621450,-36.324809,80,OSM,0,,
-9.621416,-36.555854,60,OSM:classe,1,40,
-9.621372,-37.296758,60,OSM:classe,1,40,
-9.621365,-37.753527,60,OSM:classe,1,40,
-9.621323,-35.825789,60,OSM:classe,1,50,
-9.621272,-35.694519,60,OSM:classe,1,60,
-9.621241,-35.697931,50,OSM,0,,
-9.621226,-37.385796,60,OSM:classe,1,40,
-9.621169,-35.756422,60,OSM:classe,1,40,
-9.621126,-37.757597,60,OSM:classe,1,40,
-9.621125,-37.119327,60,OSM:classe,1,40,
-9.621075,-37.759841,60,OSM:classe,1,40,
-9.621017,-36.452917,80,OSM:classe,1,60,
-9.621015,-36.236182,60,OSM:classe,1,40,
-9.620965,-36.223059,60,OSM:classe,1,40,
-9.620952,-35.694282,40,OSM,0,,
-9.620929,-37.766098,60,OSM:classe,1,40,
-9.620867,-35.694399,40,OSM,0,,
-9.620720,-36.771749,60,OSM:classe,1,40,
-9.620712,-35.709442,60,OSM:classe,1,40,
-9.620674,-35.696298,40,OSM,0,,
-9.620662,-37.664460,60,OSM:classe,1,40,
-9.620618,-35.694956,40,OSM,0,,
-9.620568,-35.695588,40,OSM,0,,
-9.620554,-35.696142,40,OSM,0,,
-9.620544,-35.752580,60,OSM:classe,1,40,
-9.620512,-35.752633,60,OSM:classe,1,40,
-9.620498,-37.266716,60,OSM:classe,1,40,
-9.620443,-35.738939,40,OSM,0,,
-9.620441,-35.695851,40,OSM,0,,
-9.620416,-35.694814,40,OSM,0,,
-9.620354,-36.029440,40,OSM:classe,1,40,
-9.620299,-37.385953,60,OSM:classe,1,40,
-9.620263,-35.696829,40,OSM,0,,
-9.620259,-35.694669,40,OSM,0,,
-9.620253,-37.363277,60,OSM:classe,1,40,
-9.620252,-35.758937,60,OSM:classe,1,40,
-9.620247,-37.242314,60,OSM:classe,1,40,
-9.620240,-35.710082,60,OSM:classe,1,40,
-9.620235,-36.763779,60,OSM:classe,1,50,
-9.620230,-35.738326,40,OSM,0,,
-9.620228,-35.694118,40,OSM,0,,
-9.620188,-36.763753,60,OSM:classe,1,50,
-9.620143,-37.757840,60,OSM:classe,1,40,
-9.620107,-35.695481,40,OSM,0,,
-9.620090,-35.695961,40,OSM,0,,
-9.620088,-35.722459,60,OSM:classe,1,60,
-9.620065,-35.735275,60,OSM:classe,1,40,
-9.620025,-37.263609,60,OSM:classe,1,40,
-9.619985,-35.694361,40,OSM,0,,
-9.619944,-35.695743,40,OSM,0,,
-9.619936,-35.695036,40,OSM,0,,
-9.619878,-35.696329,40,OSM,0,,
-9.619797,-35.695940,40,OSM,0,,
-9.619775,-36.767661,60,OSM:classe,1,40,
-9.619758,-35.695354,40,OSM,0,,
-9.619693,-36.588565,60,OSM:classe,1,50,
-9.619650,-35.695872,40,OSM,0,,
-9.619622,-36.514471,60,OSM:classe,1,40,
-9.619544,-37.781643,60,OSM:classe,1,60,
-9.619543,-35.865421,60,OSM:classe,1,50,
-9.619492,-37.347462,100,OSM:classe,1,80,
-9.619444,-35.707433,60,OSM:classe,1,40,
-9.619436,-36.764748,60,OSM:classe,1,50,
-9.619421,-36.500643,60,OSM:classe,1,50,
-9.619386,-36.631954,60,OSM:classe,1,40,
-9.619300,-35.695609,40,OSM,0,,
-9.619260,-37.171429,60,OSM:classe,1,50,
-9.619210,-36.029215,100,OSM,0,,
-9.619191,-35.696287,40,OSM,0,,
-9.619181,-35.692777,60,OSM:classe,1,60,
-9.619169,-35.698118,50,OSM,0,,
-9.619116,-35.711773,60,OSM:classe,1,40,
-9.619096,-35.714014,60,OSM:classe,1,60,
-9.619094,-36.674479,60,OSM:classe,1,40,
-9.619001,-37.270930,60,OSM:classe,1,40,
-9.618965,-37.781648,60,OSM:classe,1,60,
-9.618931,-37.781801,60,OSM:classe,1,40,
-9.618927,-37.272480,60,OSM:classe,1,40,
-9.618882,-37.781468,60,OSM:classe,1,40,
-9.618844,-36.323677,80,OSM,0,,
-9.618834,-36.765488,60,OSM:classe,1,40,
-9.618771,-37.781405,60,OSM:classe,1,40,
-9.618696,-36.029296,100,OSM,0,,
-9.618646,-37.293502,60,OSM:classe,1,40,
-9.618634,-36.684937,80,OSM,0,,
-9.618504,-35.736007,60,OSM:classe,1,40,
-9.618499,-37.299480,60,OSM:classe,1,40,
-9.618486,-35.713445,60,OSM:classe,1,40,
-9.618485,-35.751898,60,OSM:classe,1,40,
-9.618434,-37.781022,40,OSM,0,,
-9.618434,-36.997357,60,OSM:classe,1,40,
-9.618359,-35.735839,40,OSM,0,,
-9.618308,-35.713009,60,OSM:classe,1,40,
-9.618281,-37.781516,60,OSM:classe,1,40,
-9.618277,-36.766200,60,OSM:classe,1,50,
-9.618276,-37.781775,60,OSM:classe,1,40,
-9.618274,-35.698631,50,OSM,0,,
-9.618251,-37.781646,60,OSM:classe,1,60,
-9.618188,-36.389820,60,OSM:classe,1,40,
-9.618049,-36.159429,60,OSM:classe,1,40,
-9.617954,-37.276858,60,OSM:classe,1,40,
-9.617945,-36.571907,60,OSM:classe,1,40,
-9.617909,-36.553224,60,OSM:classe,1,40,
-9.617877,-35.823158,60,OSM:classe,1,50,
-9.617876,-36.769133,60,OSM:classe,1,50,
-9.617852,-35.739235,60,OSM:classe,1,40,
-9.617834,-37.275492,60,OSM:classe,1,40,
-9.617812,-35.690160,40,OSM:classe,1,40,
-9.617804,-37.762355,60,OSM:classe,1,40,
-9.617788,-36.767848,60,OSM:classe,1,40,
-9.617762,-37.765817,40,OSM,0,,
-9.617751,-37.779589,40,OSM,0,,
-9.617741,-35.690119,60,OSM:classe,1,40,
-9.617709,-36.766697,60,OSM:classe,1,50,
-9.617704,-35.738751,60,OSM:classe,1,40,
-9.617673,-37.781653,50,OSM,0,,
-9.617673,-35.762642,60,OSM:classe,1,40,
-9.617661,-35.690061,40,OSM:classe,1,40,
-9.617632,-35.691854,60,OSM:classe,1,60,
-9.617610,-37.278533,60,OSM:classe,1,40,
-9.617575,-37.760260,60,OSM:classe,1,40,
-9.617570,-36.238850,60,OSM:classe,1,40,
-9.617528,-36.773680,60,OSM:classe,1,50,
-9.617510,-35.691688,60,OSM:classe,1,60,
-9.617494,-36.188791,60,OSM:classe,1,40,
-9.617489,-37.259907,60,OSM:classe,1,40,
-9.617452,-35.691749,60,OSM:classe,1,60,
-9.617414,-36.765172,60,OSM:classe,1,40,
-9.617377,-35.691428,40,OSM:classe,1,40,
-9.617301,-36.220615,60,OSM:classe,1,40,
-9.617255,-35.691703,60,OSM:classe,1,40,
-9.617211,-37.384031,60,OSM:classe,1,40,
-9.617208,-37.766692,40,OSM,0,,
-9.617198,-35.737330,60,OSM:classe,1,40,
-9.617161,-37.244706,60,OSM:classe,1,40,
-9.617113,-37.117435,60,OSM:classe,1,40,
-9.617098,-35.739319,40,OSM,0,,
-9.617095,-36.163848,60,OSM:classe,1,40,
-9.616996,-37.045594,60,OSM:classe,1,50,
-9.616986,-36.450896,80,OSM:classe,1,60,
-9.616984,-37.219035,80,OSM,0,,
-9.616983,-35.703665,60,OSM:classe,1,40,
-9.616978,-35.763205,60,OSM:classe,1,40,
-9.616956,-35.755120,60,OSM:classe,1,40,
-9.616947,-35.703561,60,OSM:classe,1,40,
-9.616930,-35.702672,60,OSM:classe,1,40,
-9.616848,-36.323756,80,OSM,0,,
-9.616821,-35.703680,60,OSM:classe,1,40,
-9.616793,-35.712859,60,OSM:classe,1,60,
-9.616771,-35.703643,60,OSM:classe,1,40,
-9.616752,-37.767016,40,OSM,0,,
-9.616685,-37.219486,80,OSM,0,,
-9.616656,-36.156040,60,OSM:classe,1,40,
-9.616623,-35.868890,60,OSM:classe,1,50,
-9.616616,-36.684323,80,OSM,0,,
-9.616552,-35.718966,40,OSM,0,,
-9.616548,-35.718484,40,OSM,0,,
-9.616503,-35.719706,40,OSM,0,,
-9.616500,-37.772677,40,OSM,0,,
-9.616483,-35.737569,60,OSM:classe,1,40,
-9.616467,-36.591478,60,OSM:classe,1,50,
-9.616421,-35.739387,60,OSM,0,,
-9.616407,-37.383698,60,OSM:classe,1,40,
-9.616386,-36.777746,60,OSM:classe,1,50,
-9.616323,-37.282815,60,OSM:classe,1,40,
-9.616166,-37.664530,60,OSM:classe,1,40,
-9.616125,-36.517237,60,OSM:classe,1,40,
-9.616007,-35.713405,60,OSM:classe,1,60,
-9.616004,-36.500093,60,OSM:classe,1,50,
-9.615961,-35.713677,40,OSM,0,,
-9.615936,-37.364556,60,OSM:classe,1,40,
-9.615896,-35.739348,30,OSM,0,,
-9.615887,-35.739656,60,OSM,0,,
-9.615869,-35.737786,60,OSM:classe,1,40,
-9.615816,-35.719162,60,OSM:classe,1,50,
-9.615754,-35.690719,60,OSM:classe,1,40,
-9.615643,-35.690440,60,OSM:classe,1,60,
-9.615585,-36.168068,60,OSM:classe,1,40,
-9.615582,-35.717036,60,OSM:classe,1,60,
-9.615516,-35.717502,60,OSM:classe,1,60,
-9.615502,-35.717690,60,OSM:classe,1,50,
-9.615494,-35.732669,40,OSM,0,,
-9.615474,-37.345416,100,OSM:classe,1,80,
-9.615448,-35.736699,60,OSM:classe,1,50,
-9.615433,-37.290607,60,OSM:classe,1,40,
-9.615423,-35.690485,40,OSM:classe,1,40,
-9.615390,-35.737980,30,OSM,0,,
-9.615380,-36.632983,60,OSM:classe,1,40,
-9.615336,-35.717816,60,OSM:classe,1,50,
-9.615311,-35.690154,60,OSM:classe,1,60,
-9.615296,-35.739725,60,OSM,0,,
-9.615256,-36.169269,60,OSM:classe,1,40,
-9.615246,-35.756115,60,OSM:classe,1,40,
-9.615243,-35.739409,40,OSM:classe,1,40,
-9.615224,-35.736078,60,OSM:classe,1,50,
-9.615155,-35.717568,60,OSM:classe,1,60,
-9.615149,-36.782131,60,OSM:classe,1,50,
-9.615104,-35.732621,60,OSM:classe,1,50,
-9.615103,-35.717500,60,OSM:classe,1,60,
-9.615083,-35.688196,60,OSM:classe,1,40,
-9.615073,-35.689907,40,OSM:classe,1,40,
-9.615067,-35.732204,60,OSM:classe,1,50,
-9.614999,-35.732389,60,OSM:classe,1,50,
-9.614973,-37.762183,60,OSM:classe,1,40,
-9.614934,-37.763380,60,OSM:classe,1,40,
-9.614872,-37.769544,40,OSM,0,,
-9.614867,-35.756800,60,OSM:classe,1,40,
-9.614860,-35.751324,60,OSM:classe,1,40,
-9.614830,-35.731909,60,OSM:classe,1,50,
-9.614816,-36.323308,80,OSM,0,,
-9.614786,-36.674338,60,OSM:classe,1,40,
-9.614769,-37.171203,60,OSM:classe,1,50,
-9.614715,-37.287057,60,OSM:classe,1,40,
-9.614710,-35.689429,40,OSM:classe,1,40,
-9.614679,-35.712411,40,OSM,0,,
-9.614601,-37.767146,40,OSM,0,,
-9.614578,-37.256521,60,OSM:classe,1,40,
-9.614564,-35.710054,60,OSM,0,,
-9.614562,-35.733948,60,OSM:classe,1,50,
-9.614544,-35.820211,60,OSM:classe,1,50,
-9.614524,-35.689606,60,OSM:classe,1,40,
-9.614523,-36.390458,60,OSM:classe,1,40,
-9.614516,-36.185957,60,OSM:classe,1,40,
-9.614512,-35.713501,40,OSM,0,,
-9.614493,-35.689370,60,OSM:classe,1,60,
-9.614484,-35.710468,40,OSM,0,,
-9.614472,-35.711444,40,OSM,0,,
-9.614463,-35.710989,40,OSM,0,,
-9.614460,-35.705428,60,OSM,0,,
-9.614457,-35.731320,60,OSM:classe,1,40,
-9.614456,-36.999127,60,OSM:classe,1,40,
-9.614455,-35.710937,40,OSM,0,,
-9.614385,-35.689186,40,OSM:classe,1,40,
-9.614352,-35.731323,60,OSM:classe,1,50,
-9.614312,-36.999164,60,OSM:classe,1,40,
-9.614304,-35.689228,40,OSM,0,,
-9.614295,-35.718719,60,OSM:classe,1,50,
-9.614288,-35.724380,40,OSM,0,,
-9.614284,-35.719277,40,OSM,0,,
-9.614282,-35.726330,40,OSM:classe,1,40,
-9.614271,-35.711145,40,OSM,0,,
-9.614268,-35.718983,60,OSM:classe,1,40,
-9.614260,-35.689286,40,OSM,0,,
-9.614251,-35.710837,40,OSM,0,,
-9.614219,-35.704774,60,OSM,0,,
-9.614210,-35.729942,40,OSM,0,,
-9.614206,-35.730151,40,OSM,0,,
-9.614204,-35.713117,40,OSM,0,,
-9.614202,-35.718990,60,OSM:classe,1,50,
-9.614200,-35.718914,60,OSM:classe,1,50,
-9.614186,-35.721956,40,OSM:classe,1,40,
-9.614183,-35.721593,60,OSM:classe,1,40,
-9.614182,-35.710888,60,OSM:classe,1,40,
-9.614172,-35.723551,60,OSM:classe,1,50,
-9.614164,-35.704084,60,OSM:classe,1,40,
-9.614154,-35.711037,60,OSM:classe,1,40,
-9.614145,-35.728123,40,OSM:classe,1,40,
-9.614143,-35.728111,60,OSM:classe,1,50,
-9.614133,-35.729946,60,OSM:classe,1,50,
-9.614132,-35.729892,60,OSM:classe,1,50,
-9.614125,-35.729632,40,OSM:classe,1,40,
-9.614117,-35.713352,40,OSM,0,,
-9.614088,-35.713096,40,OSM,0,,
-9.614087,-37.781567,50,OSM,0,,
-9.614076,-35.704556,60,OSM:classe,1,40,
-9.614060,-35.704131,60,OSM:classe,1,40,
-9.614053,-36.552096,60,OSM:classe,1,40,
-9.614039,-35.718932,60,OSM:classe,1,40,
-9.614017,-35.687388,40,OSM:classe,1,40,
-9.614012,-37.299194,60,OSM:classe,1,40,
-9.613989,-36.500462,60,OSM:classe,1,50,
-9.613976,-35.729700,40,OSM,0,,
-9.613973,-35.713272,40,OSM,0,,
-9.613912,-36.786516,60,OSM:classe,1,50,
-9.613881,-35.704318,60,OSM:classe,1,40,
-9.613847,-35.688945,40,OSM,0,,
-9.613843,-35.711092,60,OSM:classe,1,40,
-9.613749,-35.713133,40,OSM,0,,
-9.613726,-35.739723,40,OSM:classe,1,40,
-9.613703,-35.872358,60,OSM:classe,1,50,
-9.613670,-35.712257,40,OSM,0,,
-9.613667,-37.386097,60,OSM:classe,1,40,
-9.613632,-36.153051,60,OSM:classe,1,40,
-9.613612,-37.762042,60,OSM:classe,1,40,
-9.613599,-36.572458,60,OSM:classe,1,40,
-9.613554,-35.739929,40,OSM:classe,1,40,
-9.613474,-35.703956,60,OSM,0,,
-9.613426,-35.766002,60,OSM:classe,1,40,
-9.613404,-35.712714,40,OSM,0,,
-9.613360,-37.767190,40,OSM,0,,
-9.613331,-36.140553,60,OSM:classe,1,40,
-9.613290,-36.237635,60,OSM:classe,1,40,
-9.613287,-36.220232,60,OSM:classe,1,40,
-9.613286,-35.688667,40,OSM,0,,
-9.613196,-35.688538,40,OSM,0,,
-9.613069,-37.246375,60,OSM:classe,1,40,
-9.613066,-35.688470,40,OSM,0,,
-9.613039,-35.688724,40,OSM,0,,
-9.613022,-36.764195,60,OSM:classe,1,40,
-9.612957,-35.688967,40,OSM,0,,
-9.612930,-35.688673,40,OSM,0,,
-9.612918,-35.756513,60,OSM:classe,1,40,
-9.612918,-35.756451,60,OSM:classe,1,40,
-9.612914,-37.380847,60,OSM:classe,1,40,
-9.612863,-36.520094,60,OSM:classe,1,40,
-9.612848,-36.449181,80,OSM:classe,1,60,
-9.612843,-36.172975,60,OSM:classe,1,40,
-9.612784,-36.177641,60,OSM:classe,1,40,
-9.612767,-36.145074,60,OSM:classe,1,40,
-9.612744,-37.761929,60,OSM:classe,1,40,
-9.612725,-36.181774,60,OSM:classe,1,40,
-9.612717,-35.701401,60,OSM:classe,1,40,
-9.612647,-35.686372,40,OSM:classe,1,40,
-9.612643,-36.593616,60,OSM:classe,1,50,
-9.612642,-37.116963,60,OSM:classe,1,40,
-9.612606,-35.703403,60,OSM,0,,
-9.612552,-36.181371,60,OSM:classe,1,40,
-9.612537,-37.045006,60,OSM:classe,1,50,
-9.612529,-35.722706,60,OSM:classe,1,40,
-9.612528,-35.691079,60,OSM,0,,
-9.612468,-35.688143,60,OSM:classe,1,40,
-9.612441,-35.727901,20,OSM,0,,
-9.612428,-35.722687,20,OSM,0,,
-9.612424,-37.763472,60,OSM:classe,1,40,
-9.612379,-37.767233,60,OSM:classe,1,40,
-9.612308,-36.322151,80,OSM,0,,
-9.612255,-35.691424,60,OSM,0,,
-9.612185,-35.722057,20,OSM,0,,
-9.612140,-36.137541,60,OSM:classe,1,40,
-9.612134,-37.761862,60,OSM:classe,1,40,
-9.612029,-35.687946,40,OSM,0,,
-9.612024,-35.722266,20,OSM,0,,
-9.611995,-35.739775,40,OSM:classe,1,40,
-9.611988,-35.722520,20,OSM,0,,
-9.611984,-35.687991,40,OSM,0,,
-9.611949,-35.722678,20,OSM,0,,
-9.611948,-35.722352,20,OSM,0,,
-9.611934,-36.149543,60,OSM:classe,1,40,
-9.611914,-35.724727,20,OSM,0,,
-9.611849,-36.175955,60,OSM:classe,1,40,
-9.611846,-35.720786,60,OSM:classe,1,40,
-9.611840,-36.790479,60,OSM:classe,1,50,
-9.611775,-36.592772,60,OSM:classe,1,50,
-9.611670,-37.664600,60,OSM:classe,1,40,
-9.611637,-35.740235,40,OSM:classe,1,40,
-9.611620,-37.365835,60,OSM:classe,1,40,
-9.611596,-35.687607,60,OSM:classe,1,40,
-9.611592,-35.691701,60,OSM:classe,1,40,
-9.611521,-37.761165,60,OSM:classe,1,40,
-9.611510,-35.728515,20,OSM,0,,
-9.611495,-35.749261,60,OSM:classe,1,40,
-9.611470,-35.819510,60,OSM:classe,1,50,
-9.611456,-37.343369,100,OSM:classe,1,80,
-9.611442,-35.749090,60,OSM:classe,1,40,
-9.611442,-35.739967,40,OSM:classe,1,40,
-9.611402,-35.687420,60,OSM:classe,1,60,
-9.611347,-36.763042,60,OSM:classe,1,40,
-9.611251,-35.691827,60,OSM:classe,1,40,
-9.611250,-35.721301,60,OSM:classe,1,40,
-9.611210,-35.691575,60,OSM:classe,1,40,
-9.611185,-35.719177,60,OSM:classe,1,60,
-9.611177,-35.726399,20,OSM,0,,
-9.611156,-35.691199,60,OSM:classe,1,40,
-9.611143,-35.691052,60,OSM:classe,1,40,
-9.611038,-37.760537,60,OSM:classe,1,40,
-9.611030,-35.719221,60,OSM:classe,1,60,
-9.611001,-35.719336,60,OSM:classe,1,60,
-9.610994,-36.632030,60,OSM:classe,1,40,
-9.610978,-35.721643,20,OSM,0,,
-9.610976,-35.726584,20,OSM,0,,
-9.610950,-35.721621,20,OSM,0,,
-9.610947,-35.686986,60,OSM:classe,1,60,
-9.610941,-35.719285,60,OSM:classe,1,60,
-9.610831,-35.719476,60,OSM:classe,1,60,
-9.610803,-35.725988,20,OSM,0,,
-9.610792,-37.255036,60,OSM:classe,1,40,
-9.610783,-35.875826,60,OSM:classe,1,50,
-9.610773,-35.725953,20,OSM,0,,
-9.610693,-37.323661,60,OSM:classe,1,40,
-9.610632,-35.726138,20,OSM,0,,
-9.610615,-36.675519,60,OSM:classe,1,40,
-9.610572,-35.690385,60,OSM:classe,1,40,
-9.610441,-37.763555,60,OSM:classe,1,40,
-9.610428,-35.739971,40,OSM:classe,1,40,
-9.610395,-35.698870,60,OSM:classe,1,40,
-9.610377,-35.726347,20,OSM,0,,
-9.610323,-35.740100,60,OSM,0,,
-9.610321,-35.686437,60,OSM:classe,1,60,
-9.610314,-37.171352,60,OSM:classe,1,50,
-9.610186,-35.740296,60,OSM,0,,
-9.610159,-35.730098,60,OSM:classe,1,40,
-9.610137,-37.388536,60,OSM:classe,1,40,
-9.610104,-35.757835,60,OSM:classe,1,40,
-9.610097,-35.725185,60,OSM:classe,1,40,
-9.610074,-35.740126,60,OSM,0,,
-9.610065,-35.702402,60,OSM,0,,
-9.610039,-36.390788,60,OSM:classe,1,40,
-9.610030,-35.753532,60,OSM:classe,1,40,
-9.610012,-35.720203,60,OSM:classe,1,60,
-9.609999,-35.725944,20,OSM,0,,
-9.609996,-35.740017,60,OSM:classe,1,40,
-9.609987,-35.753391,60,OSM:classe,1,40,
-9.609965,-36.523502,60,OSM:classe,1,40,
-9.609962,-35.727424,20,OSM,0,,
-9.609962,-35.711130,60,OSM:classe,1,40,
-9.609949,-35.720142,60,OSM:classe,1,60,
-9.609946,-35.720256,60,OSM:classe,1,60,
-9.609928,-35.753911,60,OSM:classe,1,40,
-9.609927,-35.726716,20,OSM,0,,
-9.609920,-37.300726,60,OSM:classe,1,40,
-9.609919,-36.999245,60,OSM:classe,1,40,
-9.609890,-35.720191,60,OSM:classe,1,60,
-9.609870,-35.753831,60,OSM:classe,1,40,
-9.609863,-35.720322,60,OSM:classe,1,60,
-9.609819,-35.754149,60,OSM:classe,1,40,
-9.609819,-35.720256,60,OSM:classe,1,60,
-9.609815,-37.323411,60,OSM:classe,1,40,
-9.609809,-35.754030,60,OSM:classe,1,40,
-9.609783,-35.685933,60,OSM:classe,1,60,
-9.609760,-35.768554,60,OSM:classe,1,40,
-9.609712,-35.726448,20,OSM,0,,
-9.609707,-36.682423,80,OSM,0,,
-9.609704,-35.727636,20,OSM,0,,
-9.609701,-35.711056,60,OSM:classe,1,40,
-9.609673,-36.552279,60,OSM:classe,1,40,
-9.609670,-36.501272,60,OSM:classe,1,50,
-9.609664,-35.711151,60,OSM:classe,1,40,
-9.609621,-35.726990,20,OSM,0,,
-9.609607,-36.221689,60,OSM:classe,1,40,
-9.609603,-35.720510,60,OSM:classe,1,60,
-9.609597,-35.740067,40,OSM:classe,1,40,
-9.609459,-36.794308,60,OSM:classe,1,50,
-9.609382,-37.763598,60,OSM:classe,1,40,
-9.609291,-37.763601,60,OSM:classe,1,40,
-9.609218,-35.727735,20,OSM,0,,
-9.609209,-36.572683,60,OSM:classe,1,40,
-9.609204,-35.698067,60,OSM:classe,1,40,
-9.609148,-35.698474,60,OSM,0,,
-9.609134,-37.761927,60,OSM:classe,1,40,
-9.609118,-36.759089,60,OSM:classe,1,40,
-9.609118,-35.740224,60,OSM,0,,
-9.609104,-35.698480,60,OSM,0,,
-9.609075,-37.247699,60,OSM:classe,1,40,
-9.609073,-35.699463,60,OSM,0,,
-9.609063,-35.728618,20,OSM,0,,
-9.609062,-37.761936,60,OSM:classe,1,40,
-9.609030,-37.327898,60,OSM:classe,1,40,
-9.608988,-37.378671,60,OSM:classe,1,40,
-9.608956,-36.236581,60,OSM:classe,1,40,
-9.608938,-35.724132,30,OSM,0,,
-9.608836,-36.134448,60,OSM:classe,1,40,
-9.608832,-36.592122,60,OSM:classe,1,40,
-9.608831,-35.697415,60,OSM,0,,
-9.608799,-35.697425,60,OSM,0,,
-9.608759,-37.225738,80,OSM,0,,
-9.608727,-35.684850,60,OSM:classe,1,60,
-9.608705,-37.780829,50,OSM,0,,
-9.608678,-36.574628,60,OSM:classe,1,40,
-9.608661,-35.740300,40,OSM:classe,1,40,
-9.608653,-35.723848,60,OSM:classe,1,40,
-9.608618,-37.760594,60,OSM:classe,1,40,
-9.608568,-37.778680,40,OSM,0,,
-9.608561,-35.758166,60,OSM:classe,1,40,
-9.608539,-35.696901,60,OSM,0,,
-9.608483,-37.115386,60,OSM:classe,1,40,
-9.608482,-36.448122,80,OSM:classe,1,60,
-9.608471,-35.701329,60,OSM,0,,
-9.608456,-35.725157,30,OSM,0,,
-9.608432,-37.778599,40,OSM,0,,
-9.608400,-37.777933,40,OSM,0,,
-9.608393,-37.780358,40,OSM,0,,
-9.608380,-35.696651,60,OSM,0,,
-9.608370,-35.713164,60,OSM:classe,1,40,
-9.608342,-37.757513,60,OSM:classe,1,40,
-9.608321,-35.700744,60,OSM,0,,
-9.608314,-37.780774,50,OSM,0,,
-9.608314,-35.707074,60,OSM:classe,1,40,
-9.608302,-37.762093,60,OSM:classe,1,40,
-9.608300,-37.761758,60,OSM:classe,1,40,
-9.608234,-37.780837,60,OSM:classe,1,50,
-9.608216,-37.780340,40,OSM,0,,
-9.608175,-37.780755,60,OSM:classe,1,60,
-9.608169,-35.696289,60,OSM,0,,
-9.608114,-37.780512,40,OSM:classe,1,40,
-9.608113,-37.777242,40,OSM:classe,1,40,
-9.608097,-36.501213,60,OSM:classe,1,40,
-9.608094,-37.226513,80,OSM,0,,
-9.608078,-37.044417,60,OSM:classe,1,50,
-9.608052,-37.777942,40,OSM:classe,1,40,
-9.608011,-35.740594,60,OSM,0,,
-9.607996,-36.569004,60,OSM:classe,1,40,
-9.607969,-35.693214,60,OSM,0,,
-9.607968,-37.368459,60,OSM:classe,1,40,
-9.607942,-37.226634,80,OSM,0,,
-9.607892,-35.758238,60,OSM:classe,1,40,
-9.607886,-37.767431,60,OSM:classe,1,40,
-9.607884,-35.727975,30,OSM,0,,
-9.607881,-36.754744,60,OSM:classe,1,40,
-9.607849,-37.226473,80,OSM,0,,
-9.607832,-35.695541,60,OSM,0,,
-9.607781,-35.753111,30,OSM,0,,
-9.607778,-36.798538,60,OSM:classe,1,50,
-9.607732,-37.763660,60,OSM:classe,1,40,
-9.607721,-37.780697,40,OSM,0,,
-9.607672,-36.027099,100,OSM,0,,
-9.607656,-36.527275,60,OSM:classe,1,40,
-9.607631,-35.740522,60,OSM,0,,
-9.607617,-36.592813,60,OSM:classe,1,50,
-9.607546,-35.694294,60,OSM,0,,
-9.607544,-35.820848,60,OSM:classe,1,50,
-9.607541,-35.737020,60,OSM:classe,1,40,
-9.607498,-36.319466,80,OSM,0,,
-9.607437,-37.341323,100,OSM:classe,1,80,
-9.607424,-35.820833,60,OSM:classe,1,50,
-9.607372,-36.026899,100,OSM,0,,
-9.607358,-35.714290,60,OSM:classe,1,40,
-9.607352,-36.745854,60,OSM:classe,1,40,
-9.607351,-36.564713,60,OSM:classe,1,40,
-9.607328,-35.954579,60,OSM:classe,1,50,
-9.607284,-35.954736,60,OSM:classe,1,50,
-9.607253,-37.665105,60,OSM:classe,1,40,
-9.607248,-37.252286,60,OSM:classe,1,40,
-9.607149,-37.765944,60,OSM:classe,1,40,
-9.606987,-35.951120,60,OSM:classe,1,50,
-9.606975,-35.753571,30,OSM,0,,
-9.606963,-37.331940,60,OSM:classe,1,40,
-9.606957,-36.504290,60,OSM:classe,1,40,
-9.606927,-37.251911,60,OSM:classe,1,40,
-9.606912,-37.766060,60,OSM:classe,1,40,
-9.606906,-36.750372,60,OSM:classe,1,40,
-9.606902,-37.765817,60,OSM:classe,1,50,
-9.606858,-35.754395,30,OSM,0,,
-9.606813,-35.714450,60,OSM:classe,1,40,
-9.606797,-35.722971,30,OSM,0,,
-9.606790,-37.332254,60,OSM:classe,1,40,
-9.606715,-35.722947,60,OSM:classe,1,40,
-9.606693,-36.588483,60,OSM:classe,1,40,
-9.606688,-37.761457,60,OSM:classe,1,40,
-9.606662,-37.774464,40,OSM:classe,1,40,
-9.606657,-35.877147,60,OSM:classe,1,50,
-9.606616,-36.630990,60,OSM:classe,1,40,
-9.606577,-37.332134,60,OSM:classe,1,40,
-9.606577,-36.026857,100,OSM,0,,
-9.606568,-37.761372,60,OSM:classe,1,40,
-9.606515,-35.754839,100,OSM:zone,1,80,
-9.606508,-37.761439,60,OSM:classe,1,40,
-9.606504,-37.773804,40,OSM:classe,1,40,
-9.606483,-35.682836,60,OSM:classe,1,60,
-9.606474,-37.766461,50,OSM,0,,
-9.606431,-37.761402,60,OSM:classe,1,40,
-9.606411,-36.571742,60,OSM:classe,1,40,
-9.606396,-35.741107,60,OSM,0,,
-9.606393,-35.950383,60,OSM:classe,1,50,
-9.606382,-36.741473,60,OSM:classe,1,40,
-9.606378,-37.765459,60,OSM:classe,1,50,
-9.606357,-35.959176,60,OSM:classe,1,50,
-9.606334,-37.390780,60,OSM:classe,1,40,
-9.606304,-35.950393,60,OSM:classe,1,50,
-9.606285,-35.741366,60,OSM,0,,
-9.606258,-35.756445,60,OSM:classe,1,40,
-9.606220,-35.729797,60,OSM:classe,1,40,
-9.606210,-37.766413,50,OSM,0,,
-9.606162,-36.674880,60,OSM:classe,1,40,
-9.606150,-36.026679,60,OSM:classe,1,40,
-9.606116,-37.248354,60,OSM:classe,1,40,
-9.606111,-37.375262,60,OSM:classe,1,40,
-9.606101,-36.740801,60,OSM:classe,1,40,
-9.606100,-37.765580,60,OSM:classe,1,50,
-9.606096,-36.802767,60,OSM:classe,1,50,
-9.606073,-37.770090,40,OSM:classe,1,40,
-9.606067,-35.756450,30,OSM,0,,
-9.606058,-37.766298,60,OSM:classe,1,50,
-9.606037,-35.820784,60,OSM:classe,1,50,
-9.606023,-35.756488,60,OSM:classe,1,40,
-9.605997,-37.302548,60,OSM:classe,1,40,
-9.605986,-35.758994,60,OSM:classe,1,40,
-9.605973,-36.560579,60,OSM:classe,1,40,
-9.605949,-37.172447,60,OSM:classe,1,50,
-9.605935,-37.766035,60,OSM:classe,1,40,
-9.605904,-35.755742,30,OSM,0,,
-9.605891,-35.722313,60,OSM:classe,1,60,
-9.605851,-35.723791,30,OSM,0,,
-9.605844,-37.771921,50,OSM,0,,
-9.605831,-37.248176,60,OSM:classe,1,40,
-9.605815,-37.321455,60,OSM:classe,1,40,
-9.605800,-37.763037,60,OSM:classe,1,40,
-9.605773,-37.766253,60,OSM:classe,1,40,
-9.605760,-36.391540,60,OSM:classe,1,40,
-9.605745,-36.596763,60,OSM:classe,1,50,
-9.605693,-37.770379,60,OSM:classe,1,40,
-9.605671,-36.681196,80,OSM,0,,
-9.605655,-36.026202,100,OSM,0,,
-9.605624,-36.026326,100,OSM,0,,
-9.605623,-35.722454,60,OSM:classe,1,60,
-9.605604,-37.763512,40,OSM:classe,1,40,
-9.605596,-37.771925,50,OSM,0,,
-9.605585,-35.722393,60,OSM:classe,1,60,
-9.605582,-37.763713,60,OSM:classe,1,50,
-9.605557,-37.062680,60,OSM:classe,1,40,
-9.605545,-36.551975,60,OSM:classe,1,40,
-9.605541,-36.319120,80,OSM,0,,
-9.605532,-36.131355,60,OSM:classe,1,40,
-9.605461,-37.760907,60,OSM:classe,1,40,
-9.605453,-36.999703,60,OSM:classe,1,40,
-9.605412,-37.763795,60,OSM:classe,1,50,
-9.605380,-36.551299,60,OSM:classe,1,40,
-9.605377,-35.769571,60,OSM:classe,1,40,
-9.605375,-37.763196,60,OSM:classe,1,40,
-9.605375,-36.222158,60,OSM:classe,1,40,
-9.605355,-35.820964,60,OSM:classe,1,50,
-9.605352,-35.741963,60,OSM,0,,
-9.605351,-36.500280,60,OSM:classe,1,50,
-9.605301,-37.058127,60,OSM:classe,1,40,
-9.605287,-36.556330,60,OSM:classe,1,40,
-9.605276,-35.681986,60,OSM:classe,1,60,
-9.605222,-35.722512,60,OSM:classe,1,60,
-9.605204,-37.763269,60,OSM:classe,1,50,
-9.605157,-37.335124,60,OSM:classe,1,40,
-9.605143,-35.722448,60,OSM:classe,1,40,
-9.605135,-35.715567,60,OSM:classe,1,40,
-9.605129,-37.249676,60,OSM:classe,1,40,
-9.605082,-37.770658,60,OSM:classe,1,40,
-9.605045,-37.053574,60,OSM:classe,1,40,
-9.605039,-36.584329,60,OSM:classe,1,40,
-9.605035,-35.722546,60,OSM:classe,1,60,
-9.605029,-36.577085,60,OSM:classe,1,40,
-9.605022,-35.722254,60,OSM:classe,1,40,
-9.604920,-35.719869,60,OSM:classe,1,40,
-9.604845,-35.742898,60,OSM,0,,
-9.604785,-37.049021,60,OSM:classe,1,40,
-9.604772,-36.236924,60,OSM:classe,1,40,
-9.604753,-37.763490,40,OSM,0,,
-9.604752,-36.395316,60,OSM:classe,1,40,
-9.604751,-36.530679,60,OSM:classe,1,40,
-9.604667,-35.733512,60,OSM:classe,1,40,
-9.604628,-35.821061,60,OSM:classe,1,50,
-9.604619,-35.722605,60,OSM:classe,1,60,
-9.604605,-35.722516,60,OSM:classe,1,60,
-9.604557,-35.722294,60,OSM:classe,1,40,
-9.604533,-37.371278,60,OSM:classe,1,40,
-9.604473,-36.736664,60,OSM:classe,1,40,
-9.604466,-36.807017,60,OSM:classe,1,50,
-9.604420,-35.743041,60,OSM:classe,1,40,
-9.604411,-35.743325,60,OSM,0,,
-9.604351,-36.446483,80,OSM:classe,1,60,
-9.604282,-37.229666,80,OSM,0,,
-9.604272,-37.044490,60,OSM:classe,1,40,
-9.604269,-37.392384,60,OSM:classe,1,40,
-9.604247,-35.719874,60,OSM:classe,1,40,
-9.604215,-35.742917,60,OSM:classe,1,40,
-9.604207,-37.043909,60,OSM:classe,1,40,
-9.604164,-36.600175,60,OSM:classe,1,50,
-9.604152,-37.114175,60,OSM:classe,1,40,
-9.604142,-35.960370,60,OSM:classe,1,50,
-9.604068,-37.370681,60,OSM:classe,1,40,
-9.604068,-35.758228,100,OSM:zone,1,80,
-9.604032,-37.393537,60,OSM:classe,1,40,
-9.603979,-37.248467,60,OSM:classe,1,40,
-9.603940,-35.744439,40,OSM:classe,1,40,
-9.603923,-35.760144,60,OSM:classe,1,40,
-9.603830,-35.821560,60,OSM:classe,1,50,
-9.603823,-36.024069,100,OSM,0,,
-9.603808,-37.394040,60,OSM:classe,1,40,
-9.603778,-36.548649,60,OSM:classe,1,40,
-9.603771,-35.720135,60,OSM:classe,1,40,
-9.603767,-37.317533,60,OSM:classe,1,40,
-9.603766,-35.722043,30,OSM,0,,
-9.603727,-36.018749,100,OSM,0,,
-9.603708,-35.722712,60,OSM:classe,1,60,
-9.603697,-37.767160,60,OSM:classe,1,40,
-9.603674,-35.720271,30,OSM,0,,
-9.603639,-37.254816,60,OSM:classe,1,40,
-9.603630,-37.254606,60,OSM:classe,1,40,
-9.603619,-37.043828,60,OSM:classe,1,50,
-9.603618,-36.735930,60,OSM:classe,1,40,
-9.603598,-35.745965,60,OSM,0,,
-9.603581,-37.767204,60,OSM:classe,1,40,
-9.603577,-35.960388,60,OSM:classe,1,50,
-9.603566,-37.759298,60,OSM:classe,1,40,
-9.603531,-36.018580,100,OSM,0,,
-9.603529,-35.716681,60,OSM:classe,1,40,
-9.603519,-36.023759,100,OSM,0,,
-9.603484,-36.507155,60,OSM:classe,1,40,
-9.603419,-37.339276,100,OSM:classe,1,80,
-9.603377,-35.948078,60,OSM:classe,1,50,
-9.603377,-35.745916,60,OSM,0,,
-9.603375,-36.022695,100,OSM,0,,
-9.603367,-35.716675,60,OSM:classe,1,40,
-9.603333,-37.248847,60,OSM:classe,1,40,
-9.603327,-35.745768,40,OSM:classe,1,40,
-9.603302,-37.248430,60,OSM:classe,1,40,
-9.603297,-36.016890,100,OSM,0,,
-9.603258,-36.022517,100,OSM,0,,
-9.603247,-37.247586,60,OSM:classe,1,40,
-9.603245,-37.247685,60,OSM:classe,1,40,
-9.603206,-37.339233,60,OSM:classe,1,40,
-9.603176,-37.305880,60,OSM:classe,1,40,
-9.603162,-35.729886,20,OSM,0,,
-9.603155,-35.946364,60,OSM:classe,1,50,
-9.603155,-35.721823,60,OSM:classe,1,40,
-9.603152,-37.248986,60,OSM:classe,1,40,
-9.603143,-37.248426,60,OSM:classe,1,40,
-9.603114,-37.246749,60,OSM:classe,1,40,
-9.603098,-37.248951,60,OSM:classe,1,40,
-9.603091,-35.759205,60,OSM:classe,1,40,
-9.603071,-37.758663,60,OSM:classe,1,40,
-9.603044,-36.016805,100,OSM,0,,
-9.603037,-35.759142,60,OSM:classe,1,40,
-9.602997,-37.758663,60,OSM:classe,1,40,
-9.602968,-35.717095,60,OSM:classe,1,40,
-9.602964,-37.665165,60,OSM:classe,1,40,
-9.602941,-37.758483,60,OSM:classe,1,40,
-9.602902,-36.811293,60,OSM:classe,1,50,
-9.602820,-37.758311,60,OSM:classe,1,40,
-9.602807,-35.759282,60,OSM:classe,1,40,
-9.602806,-35.747116,60,OSM,0,,
-9.602799,-35.759355,60,OSM:classe,1,40,
-9.602784,-35.721603,60,OSM:classe,1,40,
-9.602725,-35.747458,60,OSM,0,,
-9.602707,-35.731073,60,OSM:classe,1,40,
-9.602671,-37.780008,40,OSM,0,,
-9.602667,-35.823318,60,OSM:classe,1,50,
-9.602657,-36.580702,60,OSM:classe,1,40,
-9.602595,-35.720044,60,OSM:classe,1,40,
-9.602561,-37.757392,60,OSM:classe,1,40,
-9.602555,-35.680651,60,OSM:classe,1,60,
-9.602546,-36.015562,100,OSM,0,,
-9.602527,-35.770232,60,OSM:classe,1,40,
-9.602517,-36.581021,60,OSM:classe,1,40,
-9.602440,-37.250327,60,OSM:classe,1,40,
-9.602432,-36.015895,100,OSM,0,,
-9.602401,-35.720140,60,OSM:classe,1,40,
-9.602397,-35.719811,60,OSM:classe,1,40,
-9.602391,-35.719383,60,OSM:classe,1,40,
-9.602386,-37.313238,60,OSM:classe,1,40,
-9.602363,-35.730392,20,OSM,0,,
-9.602355,-35.717699,60,OSM:classe,1,40,
-9.602339,-35.718102,60,OSM:classe,1,40,
-9.602308,-35.717641,60,OSM:classe,1,40,
-9.602296,-36.028387,60,OSM:classe,1,40,
-9.602292,-36.319232,80,OSM,0,,
-9.602273,-37.247233,60,OSM:classe,1,40,
-9.602206,-36.630121,60,OSM:classe,1,40,
-9.602206,-35.877791,60,OSM:classe,1,50,
-9.602124,-35.718051,60,OSM:classe,1,40,
-9.602109,-36.604048,60,OSM:classe,1,50,
-9.602014,-36.673507,60,OSM:classe,1,40,
-9.602000,-35.823203,60,OSM:classe,1,50,
-9.601982,-36.224924,60,OSM:classe,1,40,
-9.601919,-37.259013,60,OSM:classe,1,40,
-9.601818,-35.679903,40,OSM:classe,1,40,
-9.601802,-36.534107,60,OSM:classe,1,40,
-9.601797,-35.823121,40,OSM:classe,1,40,
-9.601766,-37.246086,60,OSM:classe,1,40,
-9.601757,-37.246328,60,OSM:classe,1,40,
-9.601734,-35.727700,60,OSM:classe,1,40,
-9.601708,-35.727651,60,OSM:classe,1,40,
-9.601636,-36.129126,60,OSM:classe,1,40,
-9.601560,-37.173198,60,OSM:classe,1,50,
-9.601530,-37.246956,60,OSM:classe,1,40,
-9.601490,-35.748066,60,OSM,0,,
-9.601482,-36.014583,100,OSM,0,,
-9.601481,-37.247036,60,OSM:classe,1,40,
-9.601418,-37.308796,60,OSM:classe,1,40,
-9.601379,-37.764997,60,OSM:classe,1,40,
-9.601362,-35.679763,60,OSM:classe,1,60,
-9.601351,-35.680024,40,OSM:classe,1,40,
-9.601345,-37.308712,60,OSM:classe,1,40,
-9.601339,-36.815569,60,OSM:classe,1,50,
-9.601332,-35.757823,60,OSM:classe,1,40,
-9.601327,-35.757882,60,OSM:classe,1,40,
-9.601306,-37.371410,60,OSM:classe,1,40,
-9.601294,-36.014885,100,OSM,0,,
-9.601264,-36.032558,60,OSM:classe,1,40,
-9.601241,-37.365700,60,OSM:classe,1,40,
-9.601231,-36.057912,60,OSM:classe,1,40,
-9.601229,-36.045173,60,OSM:classe,1,40,
-9.601218,-35.739606,60,OSM:classe,1,40,
-9.601165,-36.049661,60,OSM:classe,1,40,
-9.601102,-35.717755,20,OSM,0,,
-9.601071,-36.999147,60,OSM:classe,1,40,
-9.601052,-36.092068,60,OSM:classe,1,40,
-9.601036,-36.499254,60,OSM:classe,1,50,
-9.601030,-35.717646,20,OSM,0,,
-9.601027,-37.370318,60,OSM:classe,1,40,
-9.601024,-36.062387,60,OSM:classe,1,40,
-9.601010,-37.370220,60,OSM:classe,1,40,
-9.600966,-37.772495,60,OSM:classe,1,40,
-9.600948,-36.604599,60,OSM:classe,1,40,
-9.600928,-37.040875,60,OSM:classe,1,40,
-9.600883,-36.040793,60,OSM:classe,1,40,
-9.600850,-36.318498,80,OSM,0,,
-9.600797,-35.822692,60,OSM:classe,1,40,
-9.600780,-36.679908,80,OSM,0,,
-9.600713,-35.718149,20,OSM,0,,
-9.600629,-36.397054,60,OSM:classe,1,40,
-9.600604,-35.821446,60,OSM:classe,1,50,
-9.600587,-37.753426,60,OSM:classe,1,40,
-9.600580,-35.717235,20,OSM,0,,
-9.600572,-36.235295,60,OSM:classe,1,40,
-9.600488,-37.371536,60,OSM:classe,1,40,
-9.600487,-35.718380,20,OSM,0,,
-9.600447,-35.718414,20,OSM,0,,
-9.600363,-37.371553,60,OSM:classe,1,40,
-9.600345,-35.824399,60,OSM:classe,1,40,
-9.600344,-35.717474,20,OSM,0,,
-9.600288,-37.361338,60,OSM:classe,1,40,
-9.600277,-35.723106,60,OSM:classe,1,60,
-9.600229,-36.087668,60,OSM:classe,1,40,
-9.600170,-37.356873,60,OSM:classe,1,40,
-9.600169,-37.772851,60,OSM:classe,1,40,
-9.600140,-35.723051,60,OSM:classe,1,60,
-9.599999,-37.263134,60,OSM:classe,1,40,
-9.599987,-36.096417,60,OSM:classe,1,40,
-9.599923,-36.445692,80,OSM:classe,1,60,
-9.599902,-35.822485,60,OSM:classe,1,50,
-9.599861,-37.668465,60,OSM:classe,1,40,
-9.599834,-36.546992,60,OSM:classe,1,40,
-9.599781,-35.822409,40,OSM:classe,1,40,
-9.599779,-35.749341,60,OSM,0,,
-9.599776,-36.819845,60,OSM:classe,1,50,
-9.599755,-37.395166,60,OSM:classe,1,40,
-9.599746,-35.961788,60,OSM:classe,1,50,
-9.599742,-36.225676,60,OSM:classe,1,40,
-9.599718,-37.113505,60,OSM:classe,1,40,
-9.599695,-35.830278,60,OSM:classe,1,40,
-9.599695,-35.822479,60,OSM:classe,1,50,
-9.599623,-36.537935,60,OSM:classe,1,40,
-9.599618,-35.723613,60,OSM:classe,1,40,
-9.599617,-36.036560,60,OSM:classe,1,40,
-9.599593,-35.828106,60,OSM:classe,1,40,
-9.599572,-35.826279,60,OSM:classe,1,40,
-9.599568,-37.768965,60,OSM:classe,1,40,
-9.599532,-36.053737,60,OSM:classe,1,40,
-9.599446,-36.128504,60,OSM:classe,1,40,
-9.599420,-35.723223,60,OSM:classe,1,60,
-9.599416,-37.765852,40,OSM,0,,
-9.599400,-37.337229,100,OSM:classe,1,80,
-9.599358,-36.508919,60,OSM:classe,1,40,
-9.599349,-35.770910,60,OSM:classe,1,40,
-9.599347,-35.678495,60,OSM:classe,1,60,
-9.599320,-35.732203,20,OSM,0,,
-9.599313,-37.762924,60,OSM:classe,1,40,
-9.599300,-35.945692,60,OSM:classe,1,50,
-9.599296,-35.678553,60,OSM:classe,1,60,
-9.599286,-37.765907,60,OSM:classe,1,50,
-9.599275,-35.756600,60,OSM:classe,1,40,
-9.599266,-36.317311,80,OSM,0,,
-9.599254,-36.066354,60,OSM:classe,1,40,
-9.599246,-36.734887,60,OSM:classe,1,40,
-9.599243,-35.739759,60,OSM:classe,1,40,
-9.599203,-36.607022,80,OSM:classe,1,60,
-9.599168,-36.540524,60,OSM:classe,1,40,
-9.599160,-37.043239,60,OSM:classe,1,50,
-9.599148,-35.961721,60,OSM:classe,1,50,
-9.599120,-37.399102,60,OSM:classe,1,40,
-9.599111,-36.583390,60,OSM:classe,1,40,
-9.599093,-36.127365,60,OSM:classe,1,40,
-9.599032,-35.732353,20,OSM,0,,
-9.598996,-35.749801,60,OSM,0,,
-9.598964,-37.246061,60,OSM:classe,1,40,
-9.598954,-35.716586,40,OSM,0,,
-9.598882,-36.083556,60,OSM:classe,1,40,
-9.598877,-35.724009,60,OSM:classe,1,40,
-9.598817,-35.954180,50,OSM,0,,
-9.598804,-36.070782,60,OSM:classe,1,40,
-9.598766,-35.733311,20,OSM,0,,
-9.598744,-35.732480,20,OSM,0,,
-9.598739,-37.766160,60,OSM:classe,1,50,
-9.598724,-35.733322,20,OSM,0,,
-9.598723,-35.730924,20,OSM,0,,
-9.598721,-35.733342,20,OSM,0,,
-9.598707,-37.669777,60,OSM:classe,1,40,
-9.598684,-35.715756,20,OSM,0,,
-9.598679,-35.956692,50,OSM,0,,
-9.598660,-35.677989,60,OSM,0,,
-9.598560,-35.732120,20,OSM,0,,
-9.598545,-35.732560,20,OSM,0,,
-9.598537,-35.732691,20,OSM,0,,
-9.598531,-37.234159,80,OSM,0,,
-9.598515,-35.723318,60,OSM:classe,1,60,
-9.598493,-35.834483,60,OSM:classe,1,40,
-9.598454,-36.679213,40,OSM:classe,1,40,
-9.598449,-35.715335,20,OSM,0,,
-9.598414,-36.082823,60,OSM:classe,1,40,
-9.598394,-36.998581,60,OSM:classe,1,40,
-9.598331,-37.267344,60,OSM:classe,1,40,
-9.598323,-37.769555,60,OSM:classe,1,40,
-9.598314,-36.998522,60,OSM:classe,1,40,
-9.598303,-35.771137,60,OSM:classe,1,40,
-9.598303,-35.677569,60,OSM:classe,1,60,
-9.598301,-36.013071,100,OSM,0,,
-9.598285,-35.677666,60,OSM,0,,
-9.598284,-36.824147,60,OSM:classe,1,50,
-9.598255,-35.755245,60,OSM:classe,1,40,
-9.598248,-35.677637,60,OSM:classe,1,60,
-9.598231,-35.678106,60,OSM,0,,
-9.598224,-35.755402,60,OSM:classe,1,40,
-9.598197,-36.099633,60,OSM:classe,1,40,
-9.598180,-35.956818,60,OSM:classe,1,50,
-9.598165,-35.731198,20,OSM,0,,
-9.598161,-35.733659,20,OSM,0,,
-9.598131,-36.679543,80,OSM,0,,
-9.598130,-35.956746,60,OSM:classe,1,50,
-9.598101,-37.245597,60,OSM:classe,1,40,
-9.598065,-37.245704,60,OSM:classe,1,40,
-9.598057,-35.959320,60,OSM:classe,1,50,
-9.598034,-36.400568,60,OSM:classe,1,40,
-9.598022,-37.037425,60,OSM:classe,1,40,
-9.597959,-36.679487,40,OSM:classe,1,40,
-9.597939,-35.723320,40,OSM:classe,1,40,
-9.597938,-35.715304,40,OSM,0,,
-9.597934,-36.671622,60,OSM:classe,1,40,
-9.597933,-35.714190,20,OSM,0,,
-9.597919,-35.960448,60,OSM:classe,1,50,
-9.597845,-36.222586,60,OSM:classe,1,40,
-9.597837,-36.629059,60,OSM:classe,1,40,
-9.597766,-36.601377,60,OSM:classe,1,40,
-9.597754,-35.878435,60,OSM:classe,1,50,
-9.597748,-35.677289,60,OSM:classe,1,60,
-9.597718,-37.306329,60,OSM:classe,1,40,
-9.597715,-35.757666,60,OSM:classe,1,40,
-9.597697,-36.079219,60,OSM:classe,1,40,
-9.597583,-36.234700,60,OSM:classe,1,40,
-9.597576,-35.679033,60,OSM,0,,
-9.597549,-36.012211,100,OSM,0,,
-9.597476,-37.778801,40,OSM,0,,
-9.597464,-36.075058,60,OSM:classe,1,40,
-9.597460,-37.245483,60,OSM:classe,1,40,
-9.597460,-35.957492,60,OSM:classe,1,50,
-9.597388,-37.750253,60,OSM:classe,1,40,
-9.597386,-36.112350,60,OSM:classe,1,40,
-9.597383,-36.111706,60,OSM:classe,1,40,
-9.597377,-36.123191,60,OSM:classe,1,40,
-9.597349,-36.468769,80,OSM,0,,
-9.597346,-36.083652,60,OSM:classe,1,40,
-9.597337,-36.110737,60,OSM:classe,1,40,
-9.597310,-35.952291,60,OSM:classe,1,50,
-9.597304,-35.723391,60,OSM:classe,1,60,
-9.597286,-36.469787,80,OSM,0,,
-9.597265,-36.123016,60,OSM:classe,1,40,
-9.597194,-36.104049,60,OSM:classe,1,40,
-9.597190,-36.584429,60,OSM:classe,1,40,
-9.597174,-35.723406,60,OSM:classe,1,60,
-9.597160,-35.951703,60,OSM:classe,1,50,
-9.597086,-37.172739,60,OSM:classe,1,50,
-9.597073,-35.723425,60,OSM:classe,1,60,
-9.597072,-36.467527,80,OSM,0,,
-9.597066,-36.108584,60,OSM:classe,1,40,
-9.597044,-35.767343,60,OSM:classe,1,40,
-9.597033,-35.823033,60,OSM:classe,1,50,
-9.597001,-36.011845,100,OSM,0,,
-9.596988,-36.537888,60,OSM:classe,1,40,
-9.596959,-37.271643,60,OSM:classe,1,40,
-9.596858,-36.828472,60,OSM:classe,1,50,
-9.596768,-35.723542,60,OSM:classe,1,60,
-9.596763,-37.300883,60,OSM:classe,1,40,
-9.596723,-36.010867,40,OSM:classe,1,40,
-9.596689,-37.775230,60,OSM:classe,1,40,
-9.596671,-35.712740,20,OSM,0,,
-9.596623,-35.944093,60,OSM:classe,1,50,
-9.596611,-37.354688,60,OSM:classe,1,40,
-9.596605,-36.499192,60,OSM:classe,1,50,
-9.596531,-37.305437,60,OSM:classe,1,40,
-9.596500,-36.121235,60,OSM:classe,1,40,
-9.596464,-35.734440,20,OSM,0,,
-9.596458,-37.245071,60,OSM:classe,1,40,
-9.596450,-35.751305,40,OSM:classe,1,40,
-9.596440,-36.007238,100,OSM,0,,
-9.596434,-36.008338,100,OSM,0,,
-9.596341,-36.544120,60,OSM:classe,1,40,
-9.596324,-36.005959,100,OSM,0,,
-9.596270,-37.296393,60,OSM:classe,1,40,
-9.596230,-36.543959,60,OSM:classe,1,40,
-9.596220,-37.244839,60,OSM:classe,1,40,
-9.596198,-35.959805,60,OSM:classe,1,50,
-9.596190,-36.116736,60,OSM:classe,1,40,
-9.596158,-37.033292,60,OSM:classe,1,40,
-9.596121,-37.235914,80,OSM,0,,
-9.596104,-36.544087,60,OSM:classe,1,40,
-9.596087,-36.008258,100,OSM,0,,
-9.596071,-36.007231,100,OSM,0,,
-9.596024,-36.005941,100,OSM,0,,
-9.596013,-35.947293,60,OSM:classe,1,50,
-9.595983,-37.673399,60,OSM:classe,1,40,
-9.595953,-37.244470,60,OSM:classe,1,40,
-9.595933,-36.404600,60,OSM:classe,1,40,
-9.595914,-37.372218,60,OSM:classe,1,40,
-9.595871,-37.760002,60,OSM:classe,1,40,
-9.595833,-36.004933,100,OSM,0,,
-9.595812,-36.444059,80,OSM:classe,1,60,
-9.595678,-35.751278,60,OSM:classe,1,50,
-9.595669,-36.732211,60,OSM:classe,1,40,
-9.595603,-35.737672,60,OSM:classe,1,40,
-9.595588,-35.751868,60,OSM:classe,1,40,
-9.595584,-35.751705,60,OSM,0,,
-9.595570,-36.608457,80,OSM:classe,1,60,
-9.595525,-36.005063,100,OSM,0,,
-9.595520,-35.734731,20,OSM,0,,
-9.595499,-36.511851,60,OSM:classe,1,40,
-9.595490,-35.751203,60,OSM:classe,1,50,
-9.595483,-35.682450,60,OSM,0,,
-9.595432,-35.751826,60,OSM,0,,
-9.595431,-36.832796,60,OSM:classe,1,50,
-9.595406,-36.511095,60,OSM:classe,1,40,
-9.595382,-37.335183,100,OSM:classe,1,80,
-9.595374,-35.713612,40,OSM,0,,
-9.595357,-35.751889,60,OSM,0,,
-9.595351,-35.682384,60,OSM,0,,
-9.595348,-37.114200,60,OSM:classe,1,40,
-9.595333,-35.944681,60,OSM:classe,1,50,
-9.595332,-35.751703,60,OSM,0,,
-9.595317,-36.533871,60,OSM:classe,1,40,
-9.595311,-37.275838,60,OSM:classe,1,40,
-9.595267,-35.751775,60,OSM,0,,
-9.595257,-37.293844,60,OSM:classe,1,40,
-9.595223,-35.751669,40,OSM,0,,
-9.595154,-36.127142,60,OSM:classe,1,40,
-9.595074,-35.751961,60,OSM,0,,
-9.594996,-37.747653,60,OSM:classe,1,40,
-9.594993,-36.531796,60,OSM:classe,1,40,
-9.594970,-35.684742,60,OSM,0,,
-9.594961,-35.943736,40,OSM:classe,1,40,
-9.594917,-37.028909,60,OSM:classe,1,40,
-9.594916,-37.276653,60,OSM:classe,1,40,
-9.594915,-35.752001,40,OSM,0,,
-9.594899,-35.735049,20,OSM,0,,
-9.594885,-35.684614,60,OSM,0,,
-9.594866,-36.477786,80,OSM,0,,
-9.594861,-37.237391,40,OSM:classe,1,40,
-9.594846,-35.752081,40,OSM,0,,
-9.594814,-37.399980,60,OSM:classe,1,40,
-9.594751,-37.042429,60,OSM:classe,1,50,
-9.594743,-35.943433,60,OSM:classe,1,50,
-9.594726,-36.678068,80,OSM,0,,
-9.594703,-36.516245,60,OSM:classe,1,40,
-9.594693,-35.674849,60,OSM:classe,1,60,
-9.594685,-36.678155,80,OSM,0,,
-9.594674,-35.712696,40,OSM,0,,
-9.594646,-37.768049,60,OSM:classe,1,50,
-9.594642,-37.242847,60,OSM:classe,1,40,
-9.594604,-37.772118,60,OSM:classe,1,40,
-9.594584,-36.598154,60,OSM:classe,1,40,
-9.594575,-35.738009,60,OSM:classe,1,40,
-9.594549,-37.775808,40,OSM,0,,
-9.594515,-35.750033,60,OSM:classe,1,50,
-9.594503,-36.511402,60,OSM:classe,1,40,
-9.594482,-35.685174,60,OSM,0,,
-9.594475,-36.315253,80,OSM,0,,
-9.594429,-36.529406,60,OSM:classe,1,40,
-9.594410,-35.749569,60,OSM:classe,1,50,
-9.594396,-35.685065,60,OSM,0,,
-9.594384,-35.822798,60,OSM:classe,1,50,
-9.594364,-35.712801,40,OSM,0,,
-9.594349,-35.749283,60,OSM:classe,1,50,
-9.594343,-36.524911,60,OSM:classe,1,40,
-9.594341,-35.943044,60,OSM:classe,1,50,
-9.594307,-35.767915,60,OSM:classe,1,40,
-9.594270,-36.478562,80,OSM,0,,
-9.594265,-35.753312,60,OSM,0,,
-9.594257,-35.735378,20,OSM,0,,
-9.594250,-35.738070,60,OSM:classe,1,40,
-9.594220,-35.674492,40,OSM:classe,1,40,
-9.594214,-36.220098,60,OSM:classe,1,40,
-9.594145,-35.735175,20,OSM,0,,
-9.594139,-35.962006,60,OSM:classe,1,50,
-9.594113,-37.307013,60,OSM:classe,1,40,
-9.594055,-36.220007,60,OSM:classe,1,40,
-9.594053,-36.587234,60,OSM:classe,1,40,
-9.594044,-35.724360,60,OSM:classe,1,60,
-9.594040,-35.674709,60,OSM:classe,1,60,
-9.594034,-36.677496,80,OSM,0,,
-9.594029,-35.685360,60,OSM:classe,1,40,
-9.594004,-36.837121,60,OSM:classe,1,50,
-9.593985,-35.760214,60,OSM:classe,1,40,
-9.593976,-36.003406,40,OSM:classe,1,40,
-9.593972,-36.508738,60,OSM:classe,1,40,
-9.593970,-35.738226,60,OSM:classe,1,40,
-9.593966,-35.772272,60,OSM:classe,1,40,
-9.593955,-35.738112,60,OSM:classe,1,40,
-9.593951,-36.997689,60,OSM:classe,1,40,
-9.593949,-36.677527,80,OSM,0,,
-9.593929,-35.733805,20,OSM,0,,
-9.593915,-37.238170,30,OSM,0,,
-9.593885,-35.734658,20,OSM,0,,
-9.593850,-35.734593,20,OSM,0,,
-9.593846,-35.724516,60,OSM:classe,1,60,
-9.593832,-36.408632,60,OSM:classe,1,40,
-9.593832,-36.084888,60,OSM:classe,1,40,
-9.593823,-35.724469,60,OSM:classe,1,60,
-9.593809,-36.520432,60,OSM:classe,1,40,
-9.593725,-35.738248,60,OSM:classe,1,40,
-9.593707,-35.749680,60,OSM:classe,1,50,
-9.593696,-35.685212,60,OSM,0,,
-9.593694,-35.738123,60,OSM:classe,1,40,
-9.593571,-35.724606,60,OSM:classe,1,40,
-9.593566,-36.671516,60,OSM:classe,1,40,
-9.593562,-35.734018,20,OSM,0,,
-9.593549,-35.738263,60,OSM:classe,1,40,
-9.593545,-35.749668,60,OSM:classe,1,50,
-9.593540,-35.712805,40,OSM,0,,
-9.593505,-35.733905,20,OSM,0,,
-9.593491,-35.749578,60,OSM:classe,1,50,
-9.593482,-36.627921,60,OSM:classe,1,40,
-9.593478,-35.685332,60,OSM:classe,1,40,
-9.593392,-37.279161,60,OSM:classe,1,40,
-9.593387,-36.002991,100,OSM,0,,
-9.593366,-37.677107,60,OSM:classe,1,40,
-9.593315,-35.724811,60,OSM:classe,1,60,
-9.593303,-35.879080,60,OSM:classe,1,50,
-9.593286,-35.724692,60,OSM:classe,1,40,
-9.593285,-36.235208,60,OSM:classe,1,40,
-9.593269,-37.288011,60,OSM:classe,1,40,
-9.593240,-35.736606,20,OSM,0,,
-9.593235,-35.754732,60,OSM,0,,
-9.593234,-35.724804,60,OSM:classe,1,40,
-9.593203,-37.289571,60,OSM:classe,1,40,
-9.593167,-35.754700,40,OSM,0,,
-9.593130,-37.290975,60,OSM:classe,1,40,
-9.593083,-35.738190,60,OSM:classe,1,40,
-9.593078,-36.504298,60,OSM:classe,1,40,
-9.593060,-36.003092,100,OSM,0,,
-9.593053,-35.736692,20,OSM,0,,
-9.593041,-35.735985,20,OSM,0,,
-9.593037,-37.241000,60,OSM:classe,1,40,
-9.593013,-36.546816,60,OSM:classe,1,40,
-9.592995,-35.736154,20,OSM,0,,
-9.592969,-37.290524,60,OSM:classe,1,40,
-9.592959,-35.736178,20,OSM,0,,
-9.592949,-35.736034,20,OSM,0,,
-9.592945,-35.735791,20,OSM,0,,
-9.592923,-35.736192,20,OSM,0,,
-9.592916,-37.290251,60,OSM:classe,1,40,
-9.592915,-35.736052,20,OSM,0,,
-9.592893,-37.743675,60,OSM:classe,1,40,
-9.592854,-35.685832,60,OSM,0,,
-9.592844,-35.736088,20,OSM,0,,
-9.592843,-36.084341,60,OSM:classe,1,40,
-9.592820,-36.479756,80,OSM,0,,
-9.592794,-35.755321,40,OSM,0,,
-9.592763,-37.239122,30,OSM,0,,
-9.592698,-37.283504,60,OSM:classe,1,40,
-9.592662,-35.738376,60,OSM:classe,1,40,
-9.592658,-37.352921,60,OSM:classe,1,40,
-9.592618,-37.025023,60,OSM:classe,1,40,
-9.592612,-37.172280,60,OSM:classe,1,50,
-9.592578,-36.841446,60,OSM:classe,1,50,
-9.592571,-35.673340,60,OSM:classe,1,60,
-9.592540,-35.735993,20,OSM,0,,
-9.592536,-35.736244,20,OSM,0,,
-9.592511,-35.673401,60,OSM:classe,1,60,
-9.592497,-36.459026,80,OSM,0,,
-9.592487,-35.734273,20,OSM,0,,
-9.592465,-35.755835,40,OSM,0,,
-9.592362,-35.714358,40,OSM,0,,
-9.592352,-35.734746,20,OSM,0,,
-9.592352,-35.725475,60,OSM:classe,1,60,
-9.592334,-36.002757,100,OSM,0,,
-9.592331,-37.240158,60,OSM:classe,1,40,
-9.592325,-35.725420,60,OSM:classe,1,60,
-9.592316,-35.735971,20,OSM,0,,
-9.592275,-37.290958,60,OSM:classe,1,40,
-9.592270,-35.673019,60,OSM:classe,1,60,
-9.592207,-35.673078,60,OSM:classe,1,60,
-9.592184,-36.499899,60,OSM:classe,1,50,
-9.592154,-35.735451,20,OSM,0,,
-9.592145,-37.402223,60,OSM:classe,1,40,
-9.592133,-37.239899,60,OSM:classe,1,40,
-9.592110,-37.239667,40,OSM,0,,
-9.592072,-35.725724,60,OSM:classe,1,60,
-9.592063,-35.756517,40,OSM,0,,
-9.592038,-36.315346,80,OSM,0,,
-9.592033,-37.020668,60,OSM:classe,1,40,
-9.592002,-37.239754,40,OSM,0,,
-9.591990,-35.774321,60,OSM:classe,1,40,
-9.591975,-36.235811,60,OSM:classe,1,40,
-9.591946,-35.911226,40,OSM:classe,1,40,
-9.591901,-37.239832,40,OSM,0,,
-9.591884,-36.235793,60,OSM:classe,1,40,
-9.591850,-35.774674,60,OSM:classe,1,40,
-9.591839,-35.756922,40,OSM,0,,
-9.591826,-36.610941,80,OSM:classe,1,60,
-9.591802,-36.499931,60,OSM:classe,1,40,
-9.591802,-35.774518,60,OSM:classe,1,40,
-9.591779,-37.758180,60,OSM:classe,1,40,
-9.591775,-35.910245,60,OSM:classe,1,60,
-9.591759,-35.736673,60,OSM:classe,1,40,
-9.591751,-35.910941,100,OSM:classe,1,80,
-9.591744,-35.911252,100,OSM:classe,1,80,
-9.591743,-35.911365,100,OSM:classe,1,80,
-9.591724,-35.911720,100,OSM:classe,1,80,
-9.591699,-36.442267,80,OSM:classe,1,60,
-9.591693,-35.912746,100,OSM:classe,1,80,
-9.591689,-36.412613,60,OSM:classe,1,40,
-9.591688,-35.824446,60,OSM:classe,1,50,
-9.591671,-37.239782,60,OSM:classe,1,40,
-9.591667,-36.730163,60,OSM:classe,1,40,
-9.591640,-35.757821,60,OSM:classe,1,40,
-9.591584,-36.590301,60,OSM:classe,1,40,
-9.591584,-36.086529,60,OSM:classe,1,40,
-9.591568,-35.777287,60,OSM:classe,1,40,
-9.591558,-35.917304,100,OSM:classe,1,80,
-9.591514,-36.590437,60,OSM:classe,1,40,
-9.591492,-36.672853,80,OSM,0,,
-9.591471,-36.002419,100,OSM,0,,
-9.591466,-37.372882,60,OSM:classe,1,40,
-9.591428,-36.672911,80,OSM,0,,
-9.591422,-35.921862,100,OSM:classe,1,80,
-9.591398,-35.672099,60,OSM:classe,1,60,
-9.591383,-35.923137,100,OSM:classe,1,80,
-9.591370,-37.771154,60,OSM:classe,1,50,
-9.591366,-35.905710,60,OSM:classe,1,60,
-9.591364,-37.333136,100,OSM:classe,1,80,
-9.591346,-36.002557,100,OSM,0,,
-9.591324,-35.939663,60,OSM:classe,1,50,
-9.591304,-37.116194,60,OSM:classe,1,40,
-9.591291,-37.771917,40,OSM,0,,
-9.591286,-35.762142,60,OSM:classe,1,40,
-9.591271,-35.939605,80,OSM:classe,1,60,
-9.591249,-35.757920,40,OSM,0,,
-9.591243,-35.927695,100,OSM:classe,1,80,
-9.591230,-36.595168,60,OSM:classe,1,40,
-9.591226,-37.771749,40,OSM:classe,1,40,
-9.591151,-36.845771,60,OSM:classe,1,50,
-9.591126,-35.939487,80,OSM:classe,1,60,
-9.591112,-35.939362,80,OSM:classe,1,60,
-9.591106,-36.550904,60,OSM:classe,1,40,
-9.591103,-35.932253,100,OSM:classe,1,80,
-9.591022,-36.125358,60,OSM:classe,1,40,
-9.590988,-36.482740,80,OSM,0,,
-9.590982,-35.781323,60,OSM:classe,1,40,
-9.590981,-35.758382,40,OSM,0,,
-9.590964,-35.936811,100,OSM:classe,1,80,
-9.590962,-37.771567,60,OSM:classe,1,50,
-9.590962,-35.736976,60,OSM:classe,1,40,
-9.590936,-35.766844,60,OSM:classe,1,40,
-9.590922,-35.715010,40,OSM,0,,
-9.590913,-35.938675,100,OSM:classe,1,80,
-9.590911,-35.938816,100,OSM:classe,1,80,
-9.590897,-35.747864,60,OSM:classe,1,50,
-9.590892,-35.939357,100,OSM:classe,1,80,
-9.590891,-35.939381,80,OSM:classe,1,60,
-9.590888,-35.786470,60,OSM:classe,1,40,
-9.590881,-35.939686,60,OSM:classe,1,60,
-9.590851,-35.770405,30,OSM,0,,
-9.590826,-35.747934,60,OSM:classe,1,50,
-9.590797,-37.680850,60,OSM:classe,1,40,
-9.590769,-35.715440,40,OSM,0,,
-9.590749,-35.943865,60,OSM:classe,1,60,
-9.590746,-35.901193,60,OSM:classe,1,60,
-9.590727,-37.040402,60,OSM:classe,1,50,
-9.590645,-36.672262,80,OSM,0,,
-9.590635,-36.532497,60,OSM:classe,1,40,
-9.590618,-37.288342,60,OSM:classe,1,40,
-9.590616,-37.771909,40,OSM,0,,
-9.590605,-35.948423,60,OSM:classe,1,60,
-9.590550,-37.239232,60,OSM:classe,1,40,
-9.590546,-37.309790,60,OSM:classe,1,40,
-9.590492,-35.686631,60,OSM,0,,
-9.590477,-35.769246,30,OSM,0,,
-9.590461,-35.952981,60,OSM:classe,1,60,
-9.590404,-35.735734,60,OSM:classe,1,40,
-9.590401,-35.954778,60,OSM:classe,1,60,
-9.590401,-35.954166,60,OSM:classe,1,60,
-9.590399,-35.954813,60,OSM:classe,1,60,
-9.590369,-35.686515,60,OSM,0,,
-9.590340,-37.291444,60,OSM:classe,1,40,
-9.590330,-35.760030,60,OSM,0,,
-9.590305,-35.759540,40,OSM,0,,
-9.590264,-35.954287,60,OSM:classe,1,60,
-9.590243,-35.954283,60,OSM:classe,1,60,
-9.590242,-35.959371,60,OSM:classe,1,60,
-9.590233,-35.784495,60,OSM:classe,1,40,
-9.590202,-35.786039,60,OSM:classe,1,40,
-9.590175,-35.954081,60,OSM:classe,1,60,
-9.590158,-35.954112,60,OSM:classe,1,60,
-9.590142,-37.740102,60,OSM:classe,1,40,
-9.590125,-35.896676,60,OSM:classe,1,60,
-9.590084,-35.963928,60,OSM:classe,1,60,
-9.590011,-35.784523,60,OSM:classe,1,40,
-9.590011,-35.747028,60,OSM:classe,1,50,
-9.590005,-35.966207,60,OSM:classe,1,60,
-9.589949,-35.760211,60,OSM,0,,
-9.589943,-35.785805,60,OSM:classe,1,40,
-9.589932,-36.221524,60,OSM:classe,1,40,
-9.589928,-35.747098,60,OSM:classe,1,50,
-9.589907,-35.954517,60,OSM:classe,1,60,
-9.589885,-36.082703,60,OSM:classe,1,40,
-9.589855,-35.715884,40,OSM,0,,
-9.589848,-35.970764,60,OSM:classe,1,60,
-9.589748,-35.785513,60,OSM:classe,1,40,
-9.589726,-36.555146,60,OSM:classe,1,40,
-9.589724,-36.850095,60,OSM:classe,1,50,
-9.589697,-37.736106,60,OSM:classe,1,40,
-9.589691,-35.975322,60,OSM:classe,1,60,
-9.589669,-35.760345,40,OSM,0,,
-9.589645,-35.670434,60,OSM:classe,1,60,
-9.589618,-36.996685,60,OSM:classe,1,40,
-9.589504,-35.892160,60,OSM:classe,1,60,
-9.589492,-36.455636,80,OSM:classe,1,60,
-9.589404,-37.241873,40,OSM,0,,
-9.589335,-35.794765,60,OSM:classe,1,40,
-9.589326,-37.017142,60,OSM:classe,1,40,
-9.589322,-35.790221,60,OSM:classe,1,40,
-9.589318,-37.241717,80,OSM,0,,
-9.589318,-36.090468,60,OSM:classe,1,40,
-9.589272,-35.788803,60,OSM:classe,1,40,
-9.589241,-35.728725,60,OSM:classe,1,60,
-9.589189,-36.314569,80,OSM,0,,
-9.589118,-37.732042,60,OSM:classe,1,40,
-9.589115,-36.671509,80,OSM,0,,
-9.589101,-36.671099,60,OSM:classe,1,40,
-9.589088,-35.670245,40,OSM:classe,1,40,
-9.589040,-35.729079,60,OSM:classe,1,60,
-9.589039,-36.121352,60,OSM:classe,1,40,
-9.589016,-36.627529,60,OSM:classe,1,40,
-9.588981,-37.731840,60,OSM:classe,1,40,
-9.588930,-36.484318,80,OSM,0,,
-9.588884,-35.887643,60,OSM:classe,1,60,
-9.588876,-35.669710,40,OSM:classe,1,40,
-9.588855,-37.284698,60,OSM:classe,1,40,
-9.588852,-35.879724,60,OSM:classe,1,50,
-9.588793,-37.350769,60,OSM:classe,1,40,
-9.588542,-37.235782,60,OSM:classe,1,40,
-9.588413,-35.777084,60,OSM:classe,1,40,
-9.588412,-36.002497,100,OSM,0,,
-9.588384,-36.002612,100,OSM,0,,
-9.588383,-36.854448,60,OSM:classe,1,50,
-9.588366,-35.869742,60,OSM:classe,1,60,
-9.588354,-35.865389,60,OSM:classe,1,60,
-9.588344,-35.764277,60,OSM:classe,1,40,
-9.588301,-36.450506,80,OSM:classe,1,60,
-9.588263,-35.883126,60,OSM:classe,1,60,
-9.588260,-36.593585,60,OSM:classe,1,40,
-9.588256,-35.880086,60,OSM:classe,1,60,
-9.588229,-37.684593,60,OSM:classe,1,40,
-9.588204,-35.879521,60,OSM:classe,1,50,
-9.588198,-35.979619,100,OSM:classe,1,80,
-9.588189,-35.777257,60,OSM:classe,1,40,
-9.588175,-35.713522,40,OSM,0,,
-9.588138,-37.171821,60,OSM:classe,1,50,
-9.588009,-37.774556,40,OSM,0,,
-9.588008,-36.613263,80,OSM:classe,1,60,
-9.587984,-36.440072,80,OSM:classe,1,60,
-9.587977,-35.881048,60,OSM:classe,1,60,
-9.587972,-35.745124,60,OSM:classe,1,50,
-9.587971,-35.853593,60,OSM:classe,1,60,
-9.587939,-35.736528,60,OSM:classe,1,40,
-9.587884,-36.499224,60,OSM:classe,1,50,
-9.587882,-37.308407,60,OSM:classe,1,40,
-9.587880,-35.745229,60,OSM:classe,1,50,
-9.587873,-36.671549,60,OSM:classe,1,40,
-9.587864,-35.880189,80,OSM:classe,1,60,
-9.587795,-35.880355,100,OSM:classe,1,80,
-9.587789,-35.879507,60,OSM:classe,1,50,
-9.587755,-35.880150,80,OSM:classe,1,60,
-9.587723,-36.559216,60,OSM:classe,1,40,
-9.587717,-35.879546,60,OSM:classe,1,50,
-9.587693,-37.402863,60,OSM:classe,1,40,
-9.587679,-36.485753,80,OSM,0,,
-9.587667,-36.728187,60,OSM:classe,1,40,
-9.587653,-36.002158,100,OSM,0,,
-9.587650,-35.744672,60,OSM:classe,1,50,
-9.587640,-35.878507,60,OSM:classe,1,60,
-9.587623,-37.118722,60,OSM:classe,1,40,
-9.587610,-35.764768,60,OSM:classe,1,40,
-9.587556,-35.664204,40,OSM,0,,
-9.587541,-35.825653,60,OSM:classe,1,50,
-9.587521,-35.880000,60,OSM:classe,1,50,
-9.587519,-37.756753,60,OSM:classe,1,40,
-9.587482,-36.117073,60,OSM:classe,1,40,
-9.587448,-36.235666,60,OSM:classe,1,40,
-9.587418,-36.002195,100,OSM,0,,
-9.587415,-35.744889,60,OSM:classe,1,50,
-9.587404,-35.980360,100,OSM:classe,1,80,
-9.587381,-35.856908,60,OSM:classe,1,60,
-9.587365,-35.876602,60,OSM:classe,1,60,
-9.587345,-37.331090,100,OSM:classe,1,80,
-9.587304,-35.764057,60,OSM:classe,1,40,
-9.587287,-37.374189,60,OSM:classe,1,40,
-9.587271,-36.593004,60,OSM:classe,1,40,
-9.587257,-35.875829,60,OSM:classe,1,60,
-9.587244,-37.390994,60,OSM:classe,1,40,
-9.587219,-36.412423,60,OSM:classe,1,40,
-9.587200,-37.037588,60,OSM:classe,1,50,
-9.587187,-35.663458,40,OSM,0,,
-9.587185,-35.861438,60,OSM:classe,1,60,
-9.587184,-35.879742,60,OSM:classe,1,60,
-9.587177,-35.762622,60,OSM:classe,1,40,
-9.587173,-35.980781,100,OSM,0,,
-9.587156,-36.446192,80,OSM:classe,1,60,
-9.587147,-35.767881,60,OSM:classe,1,40,
-9.587096,-35.767792,60,OSM:classe,1,40,
-9.587087,-35.844710,100,OSM:classe,1,80,
-9.587077,-35.982706,100,OSM:classe,1,80,
-9.587075,-37.395538,60,OSM:classe,1,40,
-9.587068,-36.858809,60,OSM:classe,1,50,
-9.587063,-35.762418,60,OSM:classe,1,40,
-9.587028,-36.435702,80,OSM:classe,1,60,
-9.587005,-35.873734,60,OSM:classe,1,60,
-9.586982,-37.281085,60,OSM:classe,1,40,
-9.586978,-35.734455,60,OSM:classe,1,40,
-9.586907,-36.454017,80,OSM:classe,1,60,
-9.586880,-35.687733,60,OSM,0,,
-9.586878,-35.978725,100,OSM,0,,
-9.586836,-35.980919,100,OSM,0,,
-9.586806,-36.429986,80,OSM:classe,1,60,
-9.586804,-36.429900,100,OSM:classe,1,100,
-9.586753,-35.849203,100,OSM:classe,1,80,
-9.586741,-36.001343,100,OSM,0,,
-9.586681,-35.687657,60,OSM,0,,
-9.586672,-35.762987,60,OSM,0,,
-9.586670,-35.744154,60,OSM:classe,1,50,
-9.586639,-37.399735,60,OSM:classe,1,40,
-9.586603,-36.001417,100,OSM,0,,
-9.586599,-35.778214,60,OSM:classe,1,40,
-9.586591,-35.979000,100,OSM,0,,
-9.586573,-35.990202,100,OSM,0,,
-9.586535,-36.431169,80,OSM:classe,1,60,
-9.586512,-35.985974,40,OSM:classe,1,40,
-9.586509,-35.667193,60,OSM:classe,1,60,
-9.586460,-35.977625,40,OSM:classe,1,40,
-9.586451,-35.757557,60,OSM:classe,1,40,
-9.586443,-35.825711,60,OSM:classe,1,50,
-9.586438,-35.718932,40,OSM,0,,
-9.586437,-36.093929,60,OSM:classe,1,40,
-9.586427,-36.430402,80,OSM:classe,1,60,
-9.586408,-36.312206,80,OSM,0,,
-9.586402,-35.666977,60,OSM:classe,1,60,
-9.586397,-36.430406,80,OSM:classe,1,60,
-9.586389,-35.878831,60,OSM:classe,1,60,
-9.586377,-36.222108,60,OSM:classe,1,40,
-9.586369,-35.664231,40,OSM,0,,
-9.586347,-35.663819,40,OSM,0,,
-9.586345,-35.732213,60,OSM:classe,1,60,
-9.586343,-35.664465,40,OSM,0,,
-9.586336,-35.990283,100,OSM,0,,
-9.586333,-35.772286,60,OSM:classe,1,40,
-9.586315,-35.732943,40,OSM:classe,1,40,
-9.586253,-35.876254,60,OSM:classe,1,60,
-9.586237,-37.231866,60,OSM:classe,1,40,
-9.586237,-35.957106,60,OSM:classe,1,60,
-9.586196,-35.767100,60,OSM:classe,1,40,
-9.586174,-35.663375,40,OSM,0,,
-9.586153,-36.532524,60,OSM:classe,1,40,
-9.586131,-35.732557,60,OSM:classe,1,60,
-9.586127,-35.797634,60,OSM:classe,1,40,
-9.586111,-35.665830,40,OSM,0,,
-9.586098,-35.732510,40,OSM,0,,
-9.586079,-35.872856,60,OSM:classe,1,40,
-9.586077,-35.666604,60,OSM:classe,1,40,
-9.586070,-35.778362,60,OSM:classe,1,40,
-9.586027,-35.666106,40,OSM,0,,
-9.586007,-36.431305,80,OSM:classe,1,60,
-9.586001,-37.014093,60,OSM:classe,1,40,
-9.585995,-35.757331,60,OSM:classe,1,40,
-9.585986,-35.999716,100,OSM,0,,
-9.585981,-35.976712,100,OSM,0,,
-9.585973,-35.999624,100,OSM,0,,
-9.585949,-37.291554,60,OSM:classe,1,40,
-9.585939,-36.080517,60,OSM:classe,1,40,
-9.585939,-35.763526,60,OSM,0,,
-9.585925,-36.112795,60,OSM:classe,1,40,
-9.585913,-36.430022,80,OSM:classe,1,60,
-9.585908,-36.429962,80,OSM:classe,1,60,
-9.585889,-35.734972,60,OSM:classe,1,40,
-9.585851,-35.977163,100,OSM,0,,
-9.585847,-35.999735,100,OSM,0,,
-9.585835,-35.999648,100,OSM,0,,
-9.585784,-36.489901,80,OSM,0,,
-9.585752,-36.863169,60,OSM:classe,1,50,
-9.585752,-36.312249,80,OSM,0,,
-9.585661,-37.688337,60,OSM:classe,1,40,
-9.585632,-35.778567,60,OSM:classe,1,40,
-9.585623,-36.080263,60,OSM:classe,1,40,
-9.585545,-35.719351,40,OSM,0,,
-9.585529,-35.733170,40,OSM:classe,1,40,
-9.585515,-35.778724,60,OSM:classe,1,40,
-9.585491,-35.664859,40,OSM,0,,
-9.585466,-36.320375,50,OSM,0,,
-9.585459,-36.563156,60,OSM:classe,1,40,
-9.585454,-36.994992,60,OSM:classe,1,40,
-9.585426,-35.778200,60,OSM:classe,1,40,
-9.585418,-36.321158,50,OSM,0,,
-9.585408,-36.427440,100,OSM:classe,1,100,
-9.585362,-36.616717,80,OSM:classe,1,60,
-9.585353,-36.563340,60,OSM:classe,1,40,
-9.585312,-35.763703,60,OSM:classe,1,40,
-9.585300,-35.733490,60,OSM:classe,1,40,
-9.585292,-37.729299,60,OSM:classe,1,40,
-9.585290,-37.399574,60,OSM:classe,1,40,
-9.585281,-35.733429,60,OSM:classe,1,40,
-9.585258,-37.245834,40,OSM:classe,1,40,
-9.585223,-36.492011,40,OSM,0,,
-9.585210,-35.742597,60,OSM:classe,1,50,
-9.585206,-37.348128,60,OSM:classe,1,40,
-9.585174,-37.777029,60,OSM:classe,1,60,
-9.585161,-35.840769,100,OSM:classe,1,80,
-9.585123,-36.433482,80,OSM:classe,1,60,
-9.585109,-36.319548,80,OSM,0,,
-9.585074,-36.492635,60,OSM,0,,
-9.585041,-35.715329,60,OSM:classe,1,40,
-9.585040,-35.777782,60,OSM:classe,1,40,
-9.585028,-35.733694,60,OSM:classe,1,60,
-9.584997,-36.426154,100,OSM:classe,1,100,
-9.584992,-37.390783,60,OSM:classe,1,40,
-9.584982,-35.711049,40,OSM,0,,
-9.584979,-36.442257,80,OSM:classe,1,60,
-9.584976,-35.715292,60,OSM:classe,1,40,
-9.584847,-35.763247,60,OSM:classe,1,40,
-9.584815,-35.764086,60,OSM,0,,
-9.584732,-35.759797,60,OSM:classe,1,40,
-9.584724,-35.734007,40,OSM:classe,1,40,
-9.584715,-35.663228,60,OSM:classe,1,60,
-9.584705,-36.867554,60,OSM:classe,1,50,
-9.584705,-36.109443,60,OSM:classe,1,40,
-9.584608,-35.734039,40,OSM,0,,
-9.584604,-36.079569,60,OSM:classe,1,40,
-9.584595,-37.402750,60,OSM:classe,1,40,
-9.584525,-36.627302,60,OSM:classe,1,40,
-9.584480,-35.689005,60,OSM,0,,
-9.584473,-36.437861,80,OSM:classe,1,60,
-9.584418,-35.716391,60,OSM:classe,1,40,
-9.584386,-36.313021,80,OSM,0,,
-9.584366,-35.721428,40,OSM,0,,
-9.584361,-35.688896,60,OSM,0,,
-9.584347,-35.974837,100,OSM,0,,
-9.584346,-35.768306,60,OSM:classe,1,40,
-9.584346,-35.661609,40,OSM,0,,
-9.584327,-35.975209,100,OSM,0,,
-9.584324,-36.495718,60,OSM,0,,
-9.584284,-35.764457,60,OSM,0,,
-9.584242,-37.277546,60,OSM:classe,1,40,
-9.584186,-35.776189,60,OSM:classe,1,40,
-9.584139,-36.496466,50,OSM,0,,
-9.584080,-36.870177,60,OSM:classe,1,50,
-9.584044,-37.231193,60,OSM:classe,1,40,
-9.584017,-36.496897,50,OSM,0,,
-9.583983,-36.497031,50,OSM,0,,
-9.583941,-37.754119,60,OSM:classe,1,40,
-9.583928,-35.740660,60,OSM:classe,1,50,
-9.583917,-35.775653,60,OSM:classe,1,40,
-9.583880,-36.870345,60,OSM:classe,1,50,
-9.583869,-36.497351,60,OSM,0,,
-9.583863,-35.740662,60,OSM:classe,1,50,
-9.583857,-35.768520,60,OSM:classe,1,40,
-9.583827,-36.725842,60,OSM:classe,1,40,
-9.583811,-37.034591,60,OSM:classe,1,50,
-9.583775,-36.421779,100,OSM:classe,1,100,
-9.583770,-36.620892,80,OSM:classe,1,60,
-9.583764,-36.496752,60,OSM:classe,1,40,
-9.583744,-36.496854,60,OSM:classe,1,40,
-9.583665,-37.171362,60,OSM:classe,1,50,
-9.583651,-36.316865,80,OSM,0,,
-9.583625,-35.739557,60,OSM:classe,1,50,
-9.583619,-35.734680,40,OSM,0,,
-9.583612,-35.710928,40,OSM,0,,
-9.583608,-37.120600,60,OSM:classe,1,40,
-9.583605,-36.309413,60,OSM:classe,1,40,
-9.583602,-35.773485,60,OSM:classe,1,40,
-9.583601,-35.958729,60,OSM:classe,1,60,
-9.583554,-37.309258,60,OSM:classe,1,40,
-9.583536,-35.739568,60,OSM:classe,1,50,
-9.583532,-36.496731,60,OSM:classe,1,40,
-9.583512,-36.577818,60,OSM:classe,1,40,
-9.583496,-35.959045,40,OSM:classe,1,40,
-9.583445,-36.313205,40,OSM,0,,
-9.583395,-36.590961,60,OSM:classe,1,40,
-9.583327,-37.329043,100,OSM:classe,1,80,
-9.583327,-35.958895,60,OSM:classe,1,60,
-9.583319,-36.313280,40,OSM,0,,
-9.583313,-35.715045,40,OSM,0,,
-9.583309,-36.313172,40,OSM,0,,
-9.583307,-35.734907,60,OSM:classe,1,60,
-9.583275,-36.097171,60,OSM:classe,1,40,
-9.583218,-35.761012,60,OSM:classe,1,40,
-9.583217,-35.717040,40,OSM,0,,
-9.583192,-37.692148,60,OSM:classe,1,40,
-9.583187,-35.669782,60,OSM:classe,1,40,
-9.583157,-37.248335,80,OSM,0,,
-9.583131,-35.717723,60,OSM:classe,1,40,
-9.583121,-35.768819,60,OSM:classe,1,40,
-9.583119,-36.313753,80,OSM,0,,
-9.583106,-35.717636,60,OSM:classe,1,40,
-9.583070,-35.959066,60,OSM:classe,1,60,
-9.583064,-35.873422,60,OSM:classe,1,40,
-9.583060,-36.313308,60,OSM,0,,
-9.583060,-36.234792,60,OSM:classe,1,40,
-9.583045,-36.313202,40,OSM,0,,
-9.582988,-36.312829,60,OSM,0,,
-9.582977,-35.828146,60,OSM:classe,1,50,
-9.582891,-37.010812,60,OSM:classe,1,40,
-9.582870,-35.735424,60,OSM:classe,1,50,
-9.582845,-37.374837,60,OSM:classe,1,40,
-9.582814,-36.499072,60,OSM,0,,
-9.582792,-36.311435,60,OSM,0,,
-9.582733,-36.412101,60,OSM:classe,1,40,
-9.582670,-35.832178,60,OSM:classe,1,50,
-9.582642,-35.803586,60,OSM:classe,1,40,
-9.582628,-37.396829,60,OSM:classe,1,40,
-9.582602,-36.671809,80,OSM,0,,
-9.582598,-35.690535,60,OSM,0,,
-9.582507,-35.735570,60,OSM:classe,1,50,
-9.582503,-35.713122,40,OSM,0,,
-9.582493,-36.309579,60,OSM,0,,
-9.582422,-35.660770,40,OSM,0,,
-9.582414,-35.800136,60,OSM:classe,1,40,
-9.582386,-35.735440,60,OSM:classe,1,50,
-9.582319,-35.690805,60,OSM,0,,
-9.582295,-35.761701,60,OSM:classe,1,40,
-9.582267,-36.873354,60,OSM:classe,1,50,
-9.582261,-35.761654,60,OSM:classe,1,40,
-9.582254,-35.802263,40,OSM,0,,
-9.582185,-36.566525,60,OSM:classe,1,40,
-9.582181,-35.804173,60,OSM:classe,1,40,
-9.582180,-36.308873,60,OSM,0,,
-9.582179,-36.221120,60,OSM:classe,1,40,
-9.582166,-36.308216,60,OSM:classe,1,40,
-9.582164,-36.417707,100,OSM:classe,1,100,
-9.582136,-35.801714,40,OSM,0,,
-9.582135,-35.803202,40,OSM,0,,
-9.582019,-36.672003,40,OSM,0,,
-9.582009,-36.872824,60,OSM:classe,1,40,
-9.581993,-35.973741,100,OSM,0,,
-9.581990,-35.960191,40,OSM:classe,1,40,
-9.581980,-35.804496,40,OSM,0,,
-9.581923,-37.726577,60,OSM:classe,1,40,
-9.581872,-35.973483,100,OSM,0,,
-9.581782,-36.106081,60,OSM:classe,1,40,
-9.581775,-35.802433,40,OSM,0,,
-9.581761,-35.803668,40,OSM,0,,
-9.581684,-36.307954,60,OSM:classe,1,40,
-9.581673,-36.532331,60,OSM:classe,1,40,
-9.581643,-36.574341,60,OSM:classe,1,40,
-9.581602,-35.659981,60,OSM:classe,1,60,
-9.581580,-35.801957,40,OSM,0,,
-9.581573,-37.292523,60,OSM:classe,1,40,
-9.581545,-35.804876,40,OSM,0,,
-9.581496,-35.801791,40,OSM,0,,
-9.581483,-37.292825,60,OSM:classe,1,40,
-9.581475,-35.960090,40,OSM:classe,1,40,
-9.581473,-37.346196,60,OSM:classe,1,40,
-9.581454,-35.774386,60,OSM:classe,1,40,
-9.581454,-35.774240,60,OSM:classe,1,40,
-9.581418,-36.331496,80,OSM,0,,
-9.581364,-37.274070,60,OSM:classe,1,40,
-9.581344,-36.308157,60,OSM:classe,1,40,
-9.581332,-35.719958,60,OSM:classe,1,40,
-9.581316,-36.581027,60,OSM:classe,1,40,
-9.581306,-35.774300,60,OSM:classe,1,40,
-9.581272,-35.719895,60,OSM:classe,1,40,
-9.581240,-36.308284,60,OSM:classe,1,40,
-9.581239,-35.735916,60,OSM:classe,1,60,
-9.581210,-35.774247,60,OSM:classe,1,40,
-9.581206,-35.735762,40,OSM:classe,1,40,
-9.581161,-35.691693,60,OSM:classe,1,40,
-9.581155,-36.994147,60,OSM:classe,1,40,
-9.581155,-35.774218,60,OSM:classe,1,40,
-9.581087,-35.774380,60,OSM:classe,1,40,
-9.581073,-35.735772,60,OSM:classe,1,60,
-9.581050,-35.774162,60,OSM:classe,1,40,
-9.581015,-36.073930,60,OSM:classe,1,40,
-9.581011,-36.722426,60,OSM:classe,1,40,
-9.581000,-36.500306,60,OSM,0,,
-9.580992,-36.877727,60,OSM:classe,1,50,
-9.580895,-35.691907,60,OSM,0,,
-9.580879,-35.802080,40,OSM,0,,
-9.580866,-35.839594,100,OSM:classe,1,80,
-9.580857,-37.228319,60,OSM:classe,1,40,
-9.580854,-37.750858,60,OSM:classe,1,40,
-9.580841,-35.757824,60,OSM:classe,1,40,
-9.580828,-37.778141,60,OSM:classe,1,60,
-9.580772,-37.695989,60,OSM:classe,1,40,
-9.580756,-35.773995,60,OSM:classe,1,40,
-9.580703,-35.801436,40,OSM,0,,
-9.580661,-35.805563,40,OSM,0,,
-9.580608,-35.692448,60,OSM,0,,
-9.580514,-37.390365,60,OSM:classe,1,40,
-9.580465,-35.770102,60,OSM:classe,1,40,
-9.580426,-36.077884,60,OSM:classe,1,40,
-9.580421,-37.031595,60,OSM:classe,1,50,
-9.580391,-35.802302,40,OSM,0,,
-9.580369,-35.773782,60,OSM:classe,1,40,
-9.580360,-35.805794,40,OSM,0,,
-9.580349,-37.385808,60,OSM:classe,1,40,
-9.580286,-35.720673,60,OSM:classe,1,40,
-9.580275,-37.383774,60,OSM:classe,1,40,
-9.580215,-36.673311,60,OSM:classe,1,40,
-9.580202,-35.692634,60,OSM:classe,1,40,
-9.580182,-35.835588,80,OSM:classe,1,60,
-9.580157,-35.800183,40,OSM,0,,
-9.580141,-37.402942,60,OSM:classe,1,40,
-9.580116,-37.007249,60,OSM:classe,1,40,
-9.580076,-36.626717,60,OSM:classe,1,40,
-9.580046,-37.297124,60,OSM:classe,1,40,
-9.580042,-37.251510,80,OSM,0,,
-9.579992,-35.698984,30,OSM,0,,
-9.579940,-35.836183,100,OSM:classe,1,80,
-9.579940,-35.835888,80,OSM:classe,1,60,
-9.579925,-37.251383,80,OSM,0,,
-9.579888,-35.802531,40,OSM,0,,
-9.579876,-35.835786,80,OSM:classe,1,60,
-9.579828,-36.881724,80,OSM:classe,1,60,
-9.579820,-35.835954,100,OSM:classe,1,80,
-9.579808,-36.585017,60,OSM:classe,1,40,
-9.579771,-35.835879,100,OSM:classe,1,80,
-9.579738,-35.804937,40,OSM,0,,
-9.579726,-35.774948,60,OSM:classe,1,40,
-9.579717,-36.413881,100,OSM:classe,1,100,
-9.579706,-36.570595,60,OSM:classe,1,40,
-9.579667,-35.757934,60,OSM:classe,1,40,
-9.579621,-35.801903,40,OSM,0,,
-9.579614,-35.774835,60,OSM:classe,1,40,
-9.579543,-35.668076,60,OSM:classe,1,40,
-9.579540,-36.099463,60,OSM:classe,1,40,
-9.579540,-35.835650,100,OSM:classe,1,80,
-9.579533,-36.413592,100,OSM:classe,1,100,
-9.579522,-36.673714,40,OSM,0,,
-9.579494,-35.875384,60,OSM:classe,1,40,
-9.579490,-35.803039,40,OSM,0,,
-9.579478,-36.621651,80,OSM:classe,1,60,
-9.579475,-35.775132,60,OSM:classe,1,40,
-9.579428,-36.413714,40,OSM:classe,1,40,
-9.579405,-36.589660,60,OSM:classe,1,40,
-9.579394,-35.657462,20,OSM,0,,
-9.579390,-36.334543,80,OSM,0,,
-9.579368,-36.413325,80,OSM,0,,
-9.579309,-37.326997,100,OSM:classe,1,80,
-9.579300,-35.754931,60,OSM:classe,1,40,
-9.579295,-36.413796,80,OSM:classe,1,60,
-9.579257,-37.120336,60,OSM:classe,1,40,
-9.579240,-35.961453,60,OSM:classe,1,60,
-9.579234,-35.801148,40,OSM,0,,
-9.579232,-36.569500,60,OSM:classe,1,40,
-9.579207,-36.306087,60,OSM:classe,1,40,
-9.579197,-36.217893,60,OSM:classe,1,40,
-9.579191,-37.170903,60,OSM:classe,1,50,
-9.579184,-36.495570,60,OSM:classe,1,40,
-9.579182,-37.723006,60,OSM:classe,1,40,
-9.579158,-35.698033,30,OSM,0,,
-9.579155,-37.309906,60,OSM:classe,1,40,
-9.579041,-35.835365,100,OSM:classe,1,80,
-9.578998,-35.736556,40,OSM:classe,1,40,
-9.578982,-36.306527,60,OSM:classe,1,40,
-9.578973,-36.621973,80,OSM:classe,1,60,
-9.578972,-35.801887,40,OSM,0,,
-9.578961,-35.801954,40,OSM,0,,
-9.578946,-35.804476,40,OSM,0,,
-9.578931,-36.216934,60,OSM:classe,1,40,
-9.578892,-36.306511,60,OSM:classe,1,40,
-9.578854,-36.589392,60,OSM:classe,1,40,
-9.578727,-35.720563,60,OSM:classe,1,40,
-9.578694,-37.700033,60,OSM:classe,1,40,
-9.578682,-35.807004,60,OSM:classe,1,40,
-9.578677,-36.718710,60,OSM:classe,1,40,
-9.578661,-35.658614,20,OSM,0,,
-9.578644,-35.693122,60,OSM,0,,
-9.578618,-36.677571,60,OSM:classe,1,40,
-9.578615,-36.234904,60,OSM:classe,1,40,
-9.578590,-35.807116,60,OSM:classe,1,40,
-9.578574,-35.801088,40,OSM,0,,
-9.578571,-35.693382,60,OSM,0,,
-9.578568,-35.768761,60,OSM:classe,1,40,
-9.578547,-35.699875,60,OSM,0,,
-9.578545,-36.886095,80,OSM:classe,1,60,
-9.578522,-35.700029,60,OSM,0,,
-9.578516,-35.698355,60,OSM,0,,
-9.578477,-35.700244,60,OSM,0,,
-9.578460,-37.270608,60,OSM:classe,1,40,
-9.578427,-35.699112,60,OSM,0,,
-9.578406,-36.103071,60,OSM:classe,1,40,
-9.578397,-36.871027,60,OSM:classe,1,40,
-9.578382,-37.375394,60,OSM:classe,1,40,
-9.578368,-35.698370,60,OSM,0,,
-9.578339,-36.622437,80,OSM:classe,1,60,
-9.578317,-35.736820,40,OSM:classe,1,40,
-9.578316,-35.800855,40,OSM,0,,
-9.578311,-35.768537,60,OSM:classe,1,40,
-9.578309,-35.657026,60,OSM:classe,1,60,
-9.578279,-35.804492,40,OSM,0,,
-9.578258,-35.700493,60,OSM,0,,
-9.578222,-35.804320,40,OSM,0,,
-9.578221,-35.771250,60,OSM:classe,1,40,
-9.578208,-37.301144,60,OSM:classe,1,40,
-9.578208,-36.307503,60,OSM:classe,1,40,
-9.578200,-37.396321,60,OSM:classe,1,40,
-9.578139,-35.802809,40,OSM,0,,
-9.578056,-35.834916,60,OSM:classe,1,60,
-9.578037,-36.305049,60,OSM,0,,
-9.578030,-36.307808,60,OSM:classe,1,40,
-9.577975,-35.656827,60,OSM:classe,1,40,
-9.577963,-36.673092,40,OSM,0,,
-9.577954,-35.800912,40,OSM,0,,
-9.577904,-35.701401,60,OSM,0,,
-9.577890,-35.808700,60,OSM:classe,1,40,
-9.577797,-35.752015,60,OSM:classe,1,40,
-9.577739,-37.345155,60,OSM:classe,1,40,
-9.577721,-36.501875,30,OSM,0,,
-9.577716,-35.701579,60,OSM,0,,
-9.577713,-35.694767,60,OSM,0,,
-9.577679,-35.801013,40,OSM,0,,
-9.577658,-35.694542,60,OSM,0,,
-9.577657,-35.701204,60,OSM,0,,
-9.577630,-36.308500,60,OSM:classe,1,40,
-9.577629,-37.222583,60,OSM:classe,1,40,
-9.577625,-36.071862,60,OSM:classe,1,40,
-9.577620,-35.767621,60,OSM:classe,1,40,
-9.577592,-35.701690,60,OSM,0,,
-9.577587,-35.753891,60,OSM:classe,1,40,
-9.577576,-35.773036,60,OSM:classe,1,40,
-9.577566,-35.802872,40,OSM,0,,
-9.577519,-35.695600,60,OSM,0,,
-9.577421,-35.801154,40,OSM,0,,
-9.577395,-35.769653,60,OSM:classe,1,40,
-9.577368,-35.695584,60,OSM,0,,
-9.577345,-36.681944,60,OSM:classe,1,40,
-9.577337,-35.769934,60,OSM,0,,
-9.577276,-36.304079,60,OSM,0,,
-9.577264,-36.532735,60,OSM:classe,1,40,
-9.577256,-37.226047,60,OSM:classe,1,40,
-9.577223,-35.701652,60,OSM:classe,1,40,
-9.577220,-35.769784,60,OSM,0,,
-9.577208,-36.502120,60,OSM:classe,1,40,
-9.577206,-35.782549,40,OSM,0,,
-9.577193,-36.303927,60,OSM,0,,
-9.577178,-36.495034,60,OSM:classe,1,40,
-9.577155,-36.409467,80,OSM,0,,
-9.577142,-35.701756,60,OSM,0,,
-9.577109,-37.375553,60,OSM:classe,1,40,
-9.577080,-37.704260,60,OSM:classe,1,40,
-9.577063,-35.737606,60,OSM:classe,1,60,
-9.577062,-35.768035,60,OSM:classe,1,40,
-9.577032,-37.028598,60,OSM:classe,1,50,
-9.577023,-35.737201,40,OSM:classe,1,40,
-9.577020,-35.804406,40,OSM,0,,
-9.577010,-35.833997,60,OSM:classe,1,60,
-9.577006,-35.737306,40,OSM:classe,1,40,
-9.576986,-35.778588,60,OSM:classe,1,40,
-9.576921,-35.801462,40,OSM,0,,
-9.576901,-35.750262,60,OSM:classe,1,40,
-9.576889,-35.737443,60,OSM:classe,1,60,
-9.576888,-35.670827,60,OSM:classe,1,40,
-9.576884,-36.502275,30,OSM,0,,
-9.576839,-36.890276,80,OSM:classe,1,60,
-9.576820,-35.770074,60,OSM,0,,
-9.576807,-35.833564,60,OSM:classe,1,60,
-9.576763,-37.004430,60,OSM:classe,1,40,
-9.576756,-36.993660,60,OSM:classe,1,40,
-9.576753,-35.766409,60,OSM:classe,1,40,
-9.576721,-35.778931,60,OSM:classe,1,40,
-9.576644,-35.770446,60,OSM,0,,
-9.576608,-36.903747,80,OSM:classe,1,60,
-9.576567,-35.740662,40,OSM,0,,
-9.576557,-37.383597,60,OSM:classe,1,40,
-9.576535,-35.808892,60,OSM:classe,1,40,
-9.576533,-37.749677,60,OSM:classe,1,40,
-9.576528,-36.906892,60,OSM:classe,1,50,
-9.576519,-35.768440,60,OSM:classe,1,40,
-9.576466,-35.832820,60,OSM:classe,1,60,
-9.576453,-36.714766,60,OSM:classe,1,40,
-9.576445,-37.779159,60,OSM:classe,1,60,
-9.576428,-36.911451,60,OSM:classe,1,50,
-9.576327,-36.916010,60,OSM:classe,1,50,
-9.576302,-35.781742,60,OSM:classe,1,40,
-9.576294,-35.832446,60,OSM:classe,1,60,
-9.576293,-35.770437,60,OSM,0,,
-9.576282,-37.305201,60,OSM:classe,1,40,
-9.576277,-36.100690,60,OSM:classe,1,40,
-9.576226,-36.920569,60,OSM:classe,1,50,
-9.576226,-36.686361,60,OSM:classe,1,40,
-9.576193,-35.770786,60,OSM,0,,
-9.576178,-36.302088,60,OSM,0,,
-9.576169,-35.766826,60,OSM:classe,1,40,
-9.576159,-35.770529,60,OSM,0,,
-9.576145,-36.100536,60,OSM:classe,1,40,
-9.576132,-36.304372,60,OSM:classe,1,40,
-9.576126,-35.660861,60,OSM:classe,1,40,
-9.576069,-36.899275,80,OSM:classe,1,60,
-9.576064,-35.778449,60,OSM:classe,1,40,
-9.576050,-35.770151,60,OSM:classe,1,40,
-9.576004,-35.802092,40,OSM,0,,
-9.575999,-36.304256,60,OSM:classe,1,40,
-9.575980,-36.898971,80,OSM:classe,1,60,
-9.575928,-37.720015,60,OSM:classe,1,40,
-9.575915,-37.708665,60,OSM:classe,1,40,
-9.575843,-35.872819,60,OSM:classe,1,40,
-9.575837,-36.100170,60,OSM:classe,1,40,
-9.575793,-36.304107,60,OSM:classe,1,40,
-9.575789,-36.498054,60,OSM:classe,1,40,
-9.575781,-36.068765,60,OSM:classe,1,40,
-9.575757,-37.219060,60,OSM:classe,1,40,
-9.575746,-37.403794,60,OSM:classe,1,40,
-9.575729,-36.403042,80,OSM,0,,
-9.575729,-35.771133,60,OSM,0,,
-9.575701,-35.770871,60,OSM,0,,
-9.575678,-35.872640,60,OSM:classe,1,40,
-9.575659,-36.625863,80,OSM:classe,1,60,
-9.575630,-35.786251,60,OSM:classe,1,40,
-9.575601,-35.770949,60,OSM,0,,
-9.575560,-37.000036,60,OSM:classe,1,40,
-9.575489,-36.099754,60,OSM:classe,1,40,
-9.575486,-36.894480,80,OSM:classe,1,60,
-9.575473,-35.749434,60,OSM:classe,1,40,
-9.575465,-35.737951,40,OSM,0,,
-9.575452,-36.502960,80,OSM,0,,
-9.575417,-36.303944,60,OSM:classe,1,40,
-9.575409,-35.963841,60,OSM:classe,1,60,
-9.575392,-36.690766,60,OSM:classe,1,40,
-9.575375,-35.769286,60,OSM:classe,1,40,
-9.575290,-37.324950,100,OSM:classe,1,80,
-9.575151,-35.740395,40,OSM,0,,
-9.575105,-37.121647,60,OSM:classe,1,40,
-9.575098,-35.664917,60,OSM:classe,1,40,
-9.575092,-36.415298,80,OSM:classe,1,60,
-9.575088,-35.666469,60,OSM:classe,1,40,
-9.575071,-36.625762,80,OSM:classe,1,60,
-9.575068,-35.750587,60,OSM:classe,1,40,
-9.575037,-36.710486,60,OSM:classe,1,40,
-9.574989,-36.312176,60,OSM:classe,1,40,
-9.574944,-35.703085,60,OSM,0,,
-9.574889,-36.215891,60,OSM:classe,1,40,
-9.574865,-35.702955,60,OSM,0,,
-9.574859,-37.309833,60,OSM:classe,1,40,
-9.574827,-35.749559,60,OSM:classe,1,40,
-9.574749,-37.713069,60,OSM:classe,1,40,
-9.574733,-36.924588,60,OSM:classe,1,50,
-9.574717,-37.170443,60,OSM:classe,1,50,
-9.574702,-35.739517,40,OSM,0,,
-9.574698,-36.399871,80,OSM,0,,
-9.574578,-37.268474,60,OSM:classe,1,40,
-9.574537,-36.345304,80,OSM,0,,
-9.574533,-35.746469,60,OSM:classe,1,40,
-9.574488,-35.768069,60,OSM:classe,1,40,
-9.574474,-35.720343,60,OSM:classe,1,40,
-9.574428,-36.065363,60,OSM:classe,1,40,
-9.574416,-36.497464,60,OSM:classe,1,40,
-9.574348,-35.738835,40,OSM,0,,
-9.574330,-36.299795,60,OSM:classe,1,40,
-9.574328,-37.257414,80,OSM,0,,
-9.574295,-36.065532,60,OSM:classe,1,40,
-9.574268,-36.924996,60,OSM:classe,1,40,
-9.574265,-36.995672,60,OSM:classe,1,40,
-9.574248,-35.786053,60,OSM:classe,1,40,
-9.574231,-35.703702,60,OSM,0,,
-9.574229,-36.397656,80,OSM,0,,
-9.574225,-37.257302,80,OSM,0,,
-9.574224,-36.235264,60,OSM:classe,1,40,
-9.574206,-37.309240,60,OSM:classe,1,40,
-9.574201,-35.807595,60,OSM:classe,1,40,
-9.574199,-36.869462,60,OSM:classe,1,40,
-9.574194,-35.746900,60,OSM:classe,1,40,
-9.574143,-35.703585,60,OSM,0,,
-9.574055,-35.762761,60,OSM:classe,1,40,
-9.574037,-35.655713,60,OSM:classe,1,60,
-9.574033,-35.724781,60,OSM:classe,1,40,
-9.573996,-37.715908,60,OSM:classe,1,40,
-9.573992,-35.738824,40,OSM,0,,
-9.573959,-36.695086,60,OSM:classe,1,40,
-9.573957,-35.720396,60,OSM:classe,1,40,
-9.573903,-35.655653,60,OSM:classe,1,60,
-9.573839,-35.676476,60,OSM:classe,1,40,
-9.573824,-37.395432,60,OSM:classe,1,40,
-9.573820,-36.496308,60,OSM:classe,1,40,
-9.573802,-35.828699,60,OSM:classe,1,60,
-9.573721,-37.715066,60,OSM:classe,1,40,
-9.573643,-37.025601,60,OSM:classe,1,50,
-9.573629,-35.704820,60,OSM,0,,
-9.573610,-35.828508,50,OSM,0,,
-9.573606,-35.704448,60,OSM,0,,
-9.573534,-35.749870,60,OSM:classe,1,40,
-9.573494,-36.494349,60,OSM:classe,1,40,
-9.573473,-35.742038,60,OSM:classe,1,40,
-9.573427,-35.672030,60,OSM:classe,1,40,
-9.573404,-35.706948,60,OSM:classe,1,40,
-9.573372,-35.670654,60,OSM:classe,1,40,
-9.573342,-36.103269,60,OSM:classe,1,40,
-9.573330,-36.869040,60,OSM:classe,1,40,
-9.573326,-36.296839,60,OSM,0,,
-9.573316,-37.344844,60,OSM:classe,1,40,
-9.573289,-36.992765,60,OSM:classe,1,40,
-9.573257,-35.706722,60,OSM,0,,
-9.573196,-35.739842,60,OSM:classe,1,60,
-9.573184,-36.061275,60,OSM:classe,1,40,
-9.573184,-35.739529,40,OSM:classe,1,40,
-9.573179,-35.707397,40,OSM,0,,
-9.573144,-35.751073,60,OSM:classe,1,40,
-9.573114,-35.740539,60,OSM:classe,1,40,
-9.573104,-36.533763,60,OSM:classe,1,40,
-9.573006,-35.739696,60,OSM:classe,1,60,
-9.572976,-36.347129,80,OSM,0,,
-9.572974,-35.739949,60,OSM:classe,1,40,
-9.572940,-35.706680,60,OSM,0,,
-9.572905,-35.773202,40,OSM,0,,
-9.572871,-35.799640,60,OSM:classe,1,60,
-9.572870,-35.739824,60,OSM:classe,1,60,
-9.572819,-35.707348,40,OSM,0,,
-9.572814,-35.708011,40,OSM,0,,
-9.572804,-37.376773,60,OSM:classe,1,40,
-9.572780,-35.869153,60,OSM:classe,1,40,
-9.572744,-36.991381,60,OSM:classe,1,40,
-9.572658,-36.699451,60,OSM:classe,1,40,
-9.572601,-37.313499,60,OSM:classe,1,40,
-9.572591,-35.771355,60,OSM:classe,1,40,
-9.572446,-35.793235,30,OSM,0,,
-9.572445,-35.773322,60,OSM,0,,
-9.572414,-35.792994,30,OSM,0,,
-9.572399,-35.827274,50,OSM,0,,
-9.572347,-36.928411,60,OSM:classe,1,50,
-9.572326,-36.096531,60,OSM:classe,1,40,
-9.572311,-37.124595,60,OSM:classe,1,40,
-9.572295,-36.395681,80,OSM,0,,
-9.572283,-35.750160,60,OSM:classe,1,40,
-9.572211,-35.788090,30,OSM,0,,
-9.572209,-35.740451,60,OSM:classe,1,60,
-9.572196,-35.868449,60,OSM:classe,1,40,
-9.572195,-36.302914,60,OSM:classe,1,40,
-9.572190,-36.929523,60,OSM:classe,1,50,
-9.572177,-35.788316,30,OSM,0,,
-9.572160,-37.780505,60,OSM:classe,1,60,
-9.572154,-35.740398,40,OSM,0,,
-9.572147,-37.125000,60,OSM:classe,1,40,
-9.572144,-35.788542,30,OSM,0,,
-9.572121,-36.929783,60,OSM:classe,1,50,
-9.572110,-35.788778,30,OSM,0,,
-9.572100,-35.868352,60,OSM:classe,1,40,
-9.572097,-37.748942,60,OSM:classe,1,40,
-9.572097,-37.383015,60,OSM:classe,1,40,
-9.572079,-36.314719,60,OSM:classe,1,40,
-9.572002,-35.711357,60,OSM,0,,
-9.571908,-35.817684,60,OSM,0,,
-9.571905,-35.740722,40,OSM:classe,1,40,
-9.571878,-35.740747,60,OSM:classe,1,60,
-9.571874,-37.216880,60,OSM:classe,1,40,
-9.571874,-37.124352,60,OSM:classe,1,40,
-9.571855,-35.759786,60,OSM:classe,1,40,
-9.571838,-35.819668,60,OSM,0,,
-9.571823,-35.773653,60,OSM,0,,
-9.571775,-35.774049,60,OSM,0,,
-9.571774,-35.821431,60,OSM,0,,
-9.571736,-35.825897,50,OSM,0,,
-9.571735,-35.816685,60,OSM,0,,
-9.571732,-35.740882,40,OSM,0,,
-9.571708,-35.770137,60,OSM:classe,1,40,
-9.571708,-35.751397,60,OSM:classe,1,40,
-9.571682,-35.773916,60,OSM,0,,
-9.571671,-35.791771,30,OSM,0,,
-9.571617,-35.777780,60,OSM:classe,1,40,
-9.571604,-35.720653,60,OSM:classe,1,40,
-9.571578,-35.966229,60,OSM:classe,1,60,
-9.571555,-36.493421,60,OSM:classe,1,40,
-9.571544,-35.792632,30,OSM,0,,
-9.571516,-36.302697,60,OSM:classe,1,40,
-9.571514,-35.792839,30,OSM,0,,
-9.571509,-37.126025,60,OSM:classe,1,40,
-9.571494,-36.707943,60,OSM:classe,1,40,
-9.571477,-35.793093,30,OSM,0,,
-9.571462,-37.711141,60,OSM:classe,1,40,
-9.571446,-35.815695,60,OSM,0,,
-9.571443,-35.750347,60,OSM:classe,1,40,
-9.571393,-37.402878,60,OSM:classe,1,40,
-9.571376,-36.494431,60,OSM:classe,1,40,
-9.571358,-36.703816,60,OSM:classe,1,40,
-9.571302,-36.868368,60,OSM:classe,1,40,
-9.571273,-35.769511,60,OSM:classe,1,40,
-9.571272,-37.322903,100,OSM:classe,1,80,
-9.571215,-36.302534,60,OSM:classe,1,40,
-9.571199,-37.322858,60,OSM:classe,1,40,
-9.571196,-35.787919,30,OSM,0,,
-9.571160,-35.788162,30,OSM,0,,
-9.571137,-35.725756,60,OSM:classe,1,40,
-9.571130,-35.788386,30,OSM,0,,
-9.571102,-37.317795,60,OSM:classe,1,40,
-9.571093,-35.788623,30,OSM,0,,
-9.571079,-35.720861,60,OSM:classe,1,40,
-9.571070,-35.653789,60,OSM:classe,1,60,
-9.571066,-35.748686,60,OSM:classe,1,40,
-9.571062,-36.493136,60,OSM:classe,1,40,
-9.571060,-37.123370,60,OSM:classe,1,40,
-9.571013,-36.493250,60,OSM:classe,1,40,
-9.570998,-36.927952,60,OSM:classe,1,40,
-9.570975,-37.345762,60,OSM:classe,1,40,
-9.570972,-36.391202,80,OSM,0,,
-9.570937,-35.774846,40,OSM,0,,
-9.570865,-36.214638,60,OSM:classe,1,40,
-9.570854,-35.803108,60,OSM:classe,1,60,
-9.570735,-36.414656,80,OSM:classe,1,60,
-9.570721,-37.122111,60,OSM:classe,1,40,
-9.570684,-37.170094,60,OSM:classe,1,40,
-9.570675,-35.721035,60,OSM:classe,1,40,
-9.570641,-35.791624,30,OSM,0,,
-9.570637,-36.625004,80,OSM:classe,1,60,
-9.570635,-37.122180,60,OSM:classe,1,40,
-9.570610,-37.121924,60,OSM:classe,1,40,
-9.570602,-35.777641,60,OSM:classe,1,40,
-9.570532,-37.308616,60,OSM:classe,1,40,
-9.570515,-35.867041,60,OSM:classe,1,40,
-9.570511,-35.792481,30,OSM,0,,
-9.570508,-35.679042,60,OSM:classe,1,40,
-9.570488,-37.326985,60,OSM:classe,1,40,
-9.570486,-35.792702,30,OSM,0,,
-9.570482,-37.174649,60,OSM:classe,1,40,
-9.570459,-35.774803,40,OSM:classe,1,40,
-9.570445,-35.792933,30,OSM,0,,
-9.570365,-37.267131,60,OSM:classe,1,40,
-9.570280,-37.179204,60,OSM:classe,1,40,
-9.570260,-36.707501,60,OSM:classe,1,40,
-9.570258,-35.866858,60,OSM:classe,1,40,
-9.570253,-37.022605,60,OSM:classe,1,50,
-9.570243,-37.169984,60,OSM:classe,1,50,
-9.570236,-35.721173,60,OSM:classe,1,40,
-9.570225,-37.122485,60,OSM:classe,1,40,
-9.570212,-35.813376,60,OSM,0,,
-9.570166,-37.322340,60,OSM:classe,1,60,
-9.570165,-37.117387,60,OSM:classe,1,40,
-9.570163,-37.345437,60,OSM:classe,1,40,
-9.570147,-35.811794,60,OSM,0,,
-9.570134,-36.492977,60,OSM:classe,1,40,
-9.570127,-36.234745,60,OSM:classe,1,40,
-9.570119,-37.213363,60,OSM:classe,1,40,
-9.570088,-37.347410,60,OSM:classe,1,40,
-9.570082,-35.781107,60,OSM:classe,1,40,
-9.570078,-37.183760,60,OSM:classe,1,40,
-9.570060,-35.742300,40,OSM:classe,1,40,
-9.570059,-36.106305,60,OSM:classe,1,40,
-9.570030,-35.744249,60,OSM:classe,1,40,
-9.570019,-36.059898,60,OSM:classe,1,40,
-9.570013,-36.095922,60,OSM:classe,1,40,
-9.569905,-35.807758,60,OSM:classe,1,40,
-9.569876,-37.188315,60,OSM:classe,1,40,
-9.569840,-36.363650,80,OSM,0,,
-9.569835,-37.322171,60,OSM:classe,1,40,
-9.569806,-35.726280,60,OSM:classe,1,40,
-9.569795,-35.785415,60,OSM:classe,1,40,
-9.569792,-35.770621,60,OSM:classe,1,40,
-9.569735,-37.127179,60,OSM:classe,1,40,
-9.569721,-37.112849,60,OSM:classe,1,40,
-9.569700,-36.349637,80,OSM,0,,
-9.569697,-37.339168,60,OSM:classe,1,40,
-9.569677,-35.776831,40,OSM,0,,
-9.569670,-37.343629,60,OSM:classe,1,40,
-9.569660,-35.742658,60,OSM:classe,1,60,
-9.569648,-36.362358,80,OSM,0,,
-9.569644,-35.742594,40,OSM,0,,
-9.569636,-36.092769,60,OSM:classe,1,40,
-9.569577,-35.777489,40,OSM,0,,
-9.569565,-35.753306,60,OSM:classe,1,40,
-9.569554,-37.127252,60,OSM:classe,1,40,
-9.569489,-37.394220,60,OSM:classe,1,40,
-9.569439,-35.796884,60,OSM:classe,1,60,
-9.569434,-37.344007,60,OSM:classe,1,40,
-9.569426,-35.751396,60,OSM:classe,1,40,
-9.569422,-35.761627,60,OSM:classe,1,40,
-9.569405,-35.785615,60,OSM:classe,1,40,
-9.569381,-36.933293,60,OSM:classe,1,50,
-9.569346,-35.761666,60,OSM:classe,1,40,
-9.569316,-36.368016,80,OSM,0,,
-9.569303,-37.349686,60,OSM:classe,1,40,
-9.569291,-36.389583,80,OSM,0,,
-9.569250,-35.775517,60,OSM,0,,
-9.569219,-35.761697,60,OSM:classe,1,40,
-9.569211,-37.331271,60,OSM:classe,1,40,
-9.569209,-35.749189,60,OSM:classe,1,40,
-9.569164,-35.756132,60,OSM:classe,1,40,
-9.569136,-36.988926,60,OSM:classe,1,40,
-9.569104,-36.289080,80,OSM,0,,
-9.569066,-35.970574,100,OSM,0,,
-9.569061,-36.532838,60,OSM:classe,1,40,
-9.569059,-35.775766,60,OSM,0,,
-9.569022,-35.753627,60,OSM:classe,1,40,
-9.569009,-35.775406,60,OSM,0,,
-9.569000,-35.721729,60,OSM:classe,1,40,
-9.568987,-35.753616,60,OSM:classe,1,40,
-9.568976,-35.970398,100,OSM,0,,
-9.568972,-36.928240,60,OSM:classe,1,40,
-9.568964,-35.761880,60,OSM:classe,1,40,
-9.568951,-37.130768,60,OSM:classe,1,40,
-9.568894,-37.131204,60,OSM:classe,1,40,
-9.568821,-36.099755,60,OSM:classe,1,40,
-9.568728,-35.790123,60,OSM:classe,1,40,
-9.568686,-36.388537,80,OSM,0,,
-9.568675,-36.868315,60,OSM:classe,1,40,
-9.568658,-37.127799,60,OSM:classe,1,40,
-9.568655,-37.335120,60,OSM:classe,1,40,
-9.568654,-35.715448,60,OSM,0,,
-9.568625,-37.127786,60,OSM:classe,1,40,
-9.568621,-37.357668,60,OSM:classe,1,40,
-9.568613,-37.263318,80,OSM,0,,
-9.568610,-35.968079,60,OSM:classe,1,60,
-9.568607,-37.378409,60,OSM:classe,1,40,
-9.568596,-35.775999,60,OSM,0,,
-9.568589,-36.868122,60,OSM:classe,1,40,
-9.568570,-35.721898,60,OSM:classe,1,40,
-9.568543,-36.370250,80,OSM,0,,
-9.568541,-35.775889,60,OSM,0,,
-9.568541,-35.743075,60,OSM:classe,1,60,
-9.568524,-37.263222,80,OSM,0,,
-9.568503,-35.784719,40,OSM,0,,
-9.568481,-35.716474,60,OSM,0,,
-9.568453,-36.376269,80,OSM,0,,
-9.568451,-37.108707,60,OSM:classe,1,40,
-9.568299,-37.707907,60,OSM:classe,1,40,
-9.568273,-36.384092,80,OSM,0,,
-9.568264,-37.357408,60,OSM:classe,1,40,
-9.568240,-36.351766,80,OSM,0,,
-9.568226,-36.089005,60,OSM:classe,1,40,
-9.568207,-35.790897,60,OSM:classe,1,40,
-9.568142,-35.722097,60,OSM:classe,1,40,
-9.568064,-36.316658,60,OSM:classe,1,40,
-9.568016,-35.743375,60,OSM:classe,1,60,
-9.567984,-37.353894,60,OSM:classe,1,40,
-9.567955,-37.782122,60,OSM:classe,1,60,
-9.567910,-36.356689,80,OSM,0,,
-9.567816,-35.743529,40,OSM,0,,
-9.567795,-35.754273,60,OSM:classe,1,40,
-9.567789,-35.970755,40,OSM:classe,1,40,
-9.567777,-35.721362,60,OSM:classe,1,40,
-9.567768,-35.969489,40,OSM,0,,
-9.567768,-35.743478,60,OSM:classe,1,60,
-9.567749,-35.720700,60,OSM:classe,1,40,
-9.567691,-37.382136,60,OSM:classe,1,40,
-9.567665,-35.808784,60,OSM:classe,1,60,
-9.567643,-37.748311,60,OSM:classe,1,40,
-9.567621,-35.721049,60,OSM:classe,1,40,
-9.567574,-35.767573,60,OSM:classe,1,40,
-9.567571,-37.127999,60,OSM:classe,1,40,
-9.567565,-35.969060,40,OSM,0,,
-9.567554,-37.127914,60,OSM:classe,1,40,
-9.567550,-37.382104,60,OSM:classe,1,40,
-9.567549,-35.969854,40,OSM,0,,
-9.567512,-35.651053,60,OSM:classe,1,60,
-9.567459,-37.127966,60,OSM:classe,1,40,
-9.567434,-37.401644,60,OSM:classe,1,40,
-9.567429,-35.791949,40,OSM,0,,
-9.567404,-36.667213,80,OSM,0,,
-9.567374,-35.650789,60,OSM:classe,1,60,
-9.567367,-35.748213,60,OSM:classe,1,40,
-9.567360,-36.212262,60,OSM:classe,1,40,
-9.567358,-35.721567,60,OSM:classe,1,40,
-9.567318,-37.135435,60,OSM:classe,1,40,
-9.567305,-36.212215,60,OSM:classe,1,40,
-9.567249,-35.776922,60,OSM,0,,
-9.567245,-37.360709,60,OSM:classe,1,40,
-9.567210,-36.988864,60,OSM:classe,1,40,
-9.567193,-37.379760,60,OSM:classe,1,50,
-9.567160,-35.776779,60,OSM,0,,
-9.567157,-35.968989,40,OSM,0,,
-9.567152,-37.379492,60,OSM:classe,1,50,
-9.567149,-35.792981,60,OSM:classe,1,60,
-9.567125,-37.190489,60,OSM:classe,1,40,
-9.567107,-37.379198,60,OSM:classe,1,40,
-9.567097,-35.807970,60,OSM:classe,1,60,
-9.567088,-35.804839,60,OSM:classe,1,60,
-9.567071,-36.058916,60,OSM:classe,1,40,
-9.567066,-35.681741,60,OSM:classe,1,40,
-9.567065,-35.776639,60,OSM,0,,
-9.567044,-35.969938,40,OSM,0,,
-9.567043,-37.378776,60,OSM:classe,1,40,
-9.567037,-37.095883,60,OSM:classe,1,40,
-9.567035,-36.937184,60,OSM:classe,1,50,
-9.567034,-37.100439,60,OSM:classe,1,40,
-9.567020,-35.650321,60,OSM:classe,1,60,
-9.567008,-35.805016,60,OSM:classe,1,60,
-9.566995,-37.091323,60,OSM:classe,1,40,
-9.566993,-36.048284,60,OSM:classe,1,40,
-9.566992,-35.807820,60,OSM:classe,1,60,
-9.566952,-35.726443,60,OSM:classe,1,40,
-9.566879,-36.051981,60,OSM:classe,1,40,
-9.566864,-37.019608,60,OSM:classe,1,50,
-9.566699,-35.743925,60,OSM:classe,1,60,
-9.566644,-36.624538,60,OSM:classe,1,40,
-9.566643,-36.412765,80,OSM:classe,1,60,
-9.566643,-35.777243,50,OSM,0,,
-9.566624,-35.792317,60,OSM,0,,
-9.566612,-35.776752,40,OSM:classe,1,40,
-9.566606,-35.777564,60,OSM,0,,
-9.566601,-35.781696,40,OSM,0,,
-9.566568,-36.990997,60,OSM:classe,1,40,
-9.566521,-37.391619,60,OSM:classe,1,40,
-9.566521,-35.777718,50,OSM,0,,
-9.566510,-37.265222,60,OSM:classe,1,40,
-9.566486,-37.104943,60,OSM:classe,1,40,
-9.566421,-37.265126,60,OSM:classe,1,40,
-9.566414,-35.791975,60,OSM,0,,
-9.566406,-36.493425,60,OSM:classe,1,40,
-9.566406,-35.776830,50,OSM,0,,
-9.566384,-35.778093,60,OSM,0,,
-9.566376,-35.969472,40,OSM,0,,
-9.566369,-35.968927,40,OSM,0,,
-9.566355,-35.970582,40,OSM,0,,
-9.566295,-36.865286,60,OSM:classe,1,40,
-9.566271,-36.055836,60,OSM:classe,1,40,
-9.566267,-35.776748,60,OSM,0,,
-9.566261,-37.124419,60,OSM:classe,1,40,
-9.566247,-37.307233,60,OSM:classe,1,40,
-9.566208,-36.624701,80,OSM:classe,1,60,
-9.566196,-35.778950,60,OSM,0,,
-9.566187,-35.969894,40,OSM,0,,
-9.566155,-35.865926,60,OSM:classe,1,40,
-9.566150,-37.320288,60,OSM:classe,1,60,
-9.566145,-35.776710,60,OSM,0,,
-9.566142,-35.969612,80,OSM:classe,1,60,
-9.566125,-36.320439,60,OSM:classe,1,40,
-9.566122,-35.778862,60,OSM,0,,
-9.566077,-35.778516,60,OSM,0,,
-9.566069,-36.507499,80,OSM,0,,
-9.566065,-35.777967,50,OSM,0,,
-9.566042,-36.232889,60,OSM:classe,1,40,
-9.566017,-35.776697,50,OSM,0,,
-9.565996,-35.778471,60,OSM,0,,
-9.565938,-35.970776,40,OSM,0,,
-9.565921,-35.780904,40,OSM,0,,
-9.565902,-35.778027,60,OSM:classe,1,50,
-9.565902,-35.744325,60,OSM:classe,1,60,
-9.565891,-36.107800,60,OSM:classe,1,40,
-9.565853,-35.744265,60,OSM:classe,1,60,
-9.565822,-35.968710,40,OSM,0,,
-9.565805,-35.747364,60,OSM:classe,1,40,
-9.565804,-35.781593,40,OSM,0,,
-9.565802,-35.777927,60,OSM,0,,
-9.565784,-37.379977,60,OSM:classe,1,50,
-9.565770,-37.169525,60,OSM:classe,1,50,
-9.565742,-35.969882,80,OSM:classe,1,60,
-9.565708,-35.969613,40,OSM,0,,
-9.565705,-35.779715,60,OSM:classe,1,50,
-9.565697,-35.776400,60,OSM,0,,
-9.565658,-36.044645,60,OSM:classe,1,40,
-9.565656,-35.777367,60,OSM,0,,
-9.565625,-35.782837,40,OSM,0,,
-9.565623,-37.213411,60,OSM:classe,1,40,
-9.565618,-35.777818,50,OSM,0,,
-9.565607,-37.381968,60,OSM:classe,1,40,
-9.565599,-37.194733,60,OSM:classe,1,40,
-9.565578,-35.743972,60,OSM:classe,1,40,
-9.565560,-35.776904,50,OSM,0,,
-9.565545,-35.970007,40,OSM,0,,
-9.565533,-35.970578,40,OSM,0,,
-9.565516,-35.790442,60,OSM,0,,
-9.565484,-35.726045,60,OSM:classe,1,40,
-9.565483,-35.777009,60,OSM,0,,
-9.565475,-35.969083,40,OSM,0,,
-9.565469,-35.723116,60,OSM:classe,1,40,
-9.565447,-35.784037,60,OSM,0,,
-9.565442,-35.776253,60,OSM,0,,
-9.565421,-35.777156,60,OSM,0,,
-9.565412,-35.782613,60,OSM,0,,
-9.565406,-37.387814,60,OSM:classe,1,40,
-9.565406,-35.777445,50,OSM,0,,
-9.565393,-36.628873,60,OSM:classe,1,40,
-9.565380,-36.991531,60,OSM:classe,1,40,
-9.565377,-35.783177,60,OSM,0,,
-9.565365,-37.382010,60,OSM:classe,1,40,
-9.565343,-35.784777,40,OSM,0,,
-9.565321,-35.783512,60,OSM,0,,
-9.565293,-35.764514,60,OSM:classe,1,40,
-9.565291,-35.777970,60,OSM,0,,
-9.565271,-35.783863,60,OSM,0,,
-9.565260,-36.208395,60,OSM:classe,1,40,
-9.565253,-35.782786,60,OSM:classe,1,50,
-9.565238,-35.750332,60,OSM:classe,1,40,
-9.565229,-35.785559,40,OSM,0,,
-9.565147,-35.783471,60,OSM,0,,
-9.565141,-35.784749,60,OSM:classe,1,40,
-9.565120,-36.532678,60,OSM:classe,1,40,
-9.565112,-37.087393,60,OSM:classe,1,40,
-9.565081,-35.785180,60,OSM,0,,
-9.565061,-37.087335,60,OSM:classe,1,40,
-9.565058,-35.786710,40,OSM,0,,
-9.565046,-35.746963,60,OSM:classe,1,40,
-9.565026,-36.044785,60,OSM:classe,1,40,
-9.565018,-35.786998,60,OSM,0,,
-9.565016,-35.778022,60,OSM,0,,
-9.565013,-35.755749,60,OSM:classe,1,40,
-9.565002,-35.789548,60,OSM,0,,
-9.564991,-37.387641,60,OSM:classe,1,40,
-9.564990,-35.777590,60,OSM,0,,
-9.564981,-36.101199,60,OSM:classe,1,40,
-9.564972,-37.266592,80,OSM,0,,
-9.564971,-35.775318,60,OSM,0,,
-9.564963,-35.734583,40,OSM,0,,
-9.564941,-36.494802,60,OSM:classe,1,40,
-9.564926,-35.777897,60,OSM,0,,
-9.564926,-35.647447,60,OSM:classe,1,40,
-9.564893,-35.763913,60,OSM:classe,1,40,
-9.564887,-37.266506,80,OSM,0,,
-9.564881,-36.281321,80,OSM,0,,
-9.564877,-35.777781,60,OSM,0,,
-9.564873,-37.704954,60,OSM:classe,1,40,
-9.564836,-35.970461,40,OSM,0,,
-9.564826,-35.788424,40,OSM,0,,
-9.564807,-35.789063,60,OSM,0,,
-9.564770,-37.139184,60,OSM:classe,1,40,
-9.564768,-35.787293,60,OSM,0,,
-9.564740,-35.787482,60,OSM,0,,
-9.564690,-36.941075,60,OSM:classe,1,50,
-9.564685,-35.788411,60,OSM,0,,
-9.564592,-35.734795,40,OSM,0,,
-9.564591,-36.927450,60,OSM:classe,1,40,
-9.564558,-35.787793,60,OSM,0,,
-9.564557,-35.746874,60,OSM:classe,1,40,
-9.564546,-35.754837,60,OSM:classe,1,40,
-9.564532,-35.969508,40,OSM,0,,
-9.564454,-35.744905,60,OSM:classe,1,60,
-9.564453,-35.745083,60,OSM:classe,1,40,
-9.564447,-36.377815,60,OSM:classe,1,50,
-9.564436,-35.755554,60,OSM:classe,1,40,
-9.564420,-35.744861,60,OSM:classe,1,60,
-9.564401,-37.364112,60,OSM:classe,1,40,
-9.564356,-35.755781,60,OSM:classe,1,40,
-9.564316,-35.646677,60,OSM:classe,1,60,
-9.564230,-37.143696,60,OSM:classe,1,40,
-9.564202,-35.745318,60,OSM:classe,1,40,
-9.564181,-35.969775,40,OSM,0,,
-9.564157,-35.968716,40,OSM:classe,1,40,
-9.564149,-35.970199,40,OSM,0,,
-9.564104,-37.198841,60,OSM:classe,1,40,
-9.564103,-36.087727,60,OSM:classe,1,40,
-9.564100,-35.773289,60,OSM,0,,
-9.563876,-35.745161,60,OSM:classe,1,60,
-9.563869,-35.684752,60,OSM:classe,1,40,
-9.563751,-37.783739,60,OSM:classe,1,60,
-9.563696,-35.778491,60,OSM,0,,
-9.563683,-35.724157,60,OSM:classe,1,40,
-9.563667,-35.692736,60,OSM:classe,1,40,
-9.563655,-35.778407,60,OSM,0,,
-9.563638,-35.734804,40,OSM,0,,
-9.563618,-35.724052,60,OSM:classe,1,40,
-9.563592,-35.746701,20,OSM,0,,
-9.563566,-36.633039,60,OSM:classe,1,40,
-9.563544,-35.747017,20,OSM,0,,
-9.563501,-35.724105,60,OSM:classe,1,40,
-9.563474,-37.016612,60,OSM:classe,1,50,
-9.563386,-35.746663,20,OSM,0,,
-9.563383,-37.399664,60,OSM:classe,1,40,
-9.563382,-35.746101,60,OSM:classe,1,40,
-9.563363,-35.747392,20,OSM,0,,
-9.563336,-35.971388,80,OSM,0,,
-9.563319,-35.746971,20,OSM,0,,
-9.563286,-36.498979,60,OSM:classe,1,40,
-9.563232,-36.990404,60,OSM:classe,1,40,
-9.563230,-35.745382,60,OSM:classe,1,60,
-9.563190,-37.747680,60,OSM:classe,1,40,
-9.563144,-37.380383,40,OSM:classe,1,40,
-9.563137,-36.204557,60,OSM:classe,1,40,
-9.563132,-36.990808,60,OSM:classe,1,40,
-9.563102,-35.761489,60,OSM:classe,1,40,
-9.563051,-37.368400,60,OSM:classe,1,40,
-9.563038,-37.262154,60,OSM:classe,1,40,
-9.562996,-35.741315,60,OSM:classe,1,40,
-9.562987,-35.971606,80,OSM,0,,
-9.562983,-37.128116,60,OSM:classe,1,40,
-9.562924,-35.746570,60,OSM:classe,1,40,
-9.562914,-36.111085,60,OSM:classe,1,40,
-9.562869,-37.384084,60,OSM:classe,1,40,
-9.562868,-35.735023,40,OSM,0,,
-9.562857,-35.649805,60,OSM:classe,1,40,
-9.562761,-35.969107,100,OSM,0,,
-9.562715,-36.988769,60,OSM:classe,1,40,
-9.562707,-37.380183,60,OSM:classe,1,50,
-9.562707,-36.231108,60,OSM:classe,1,40,
-9.562686,-35.968927,100,OSM,0,,
-9.562648,-36.278502,80,OSM,0,,
-9.562641,-36.410726,80,OSM:classe,1,60,
-9.562629,-35.697045,60,OSM:classe,1,40,
-9.562568,-37.169428,60,OSM:classe,1,40,
-9.562537,-36.321964,60,OSM:classe,1,40,
-9.562460,-36.203511,60,OSM:classe,1,40,
-9.562457,-35.745773,60,OSM:classe,1,60,
-9.562443,-37.147805,60,OSM:classe,1,40,
-9.562424,-35.688823,60,OSM:classe,1,40,
-9.562400,-35.745551,60,OSM:classe,1,60,
-9.562377,-36.863269,60,OSM:classe,1,40,
-9.562363,-37.214723,60,OSM:classe,1,40,
-9.562345,-36.944965,60,OSM:classe,1,50,
-9.562304,-35.745834,60,OSM:classe,1,60,
-9.562277,-37.197670,60,OSM:classe,1,40,
-9.562239,-37.379569,60,OSM:classe,1,40,
-9.562229,-35.705361,60,OSM:classe,1,40,
-9.562217,-37.213602,60,OSM:classe,1,40,
-9.562212,-35.867951,60,OSM:classe,1,40,
-9.562211,-35.760252,60,OSM:classe,1,40,
-9.562197,-36.988211,60,OSM:classe,1,40,
-9.562176,-37.213448,60,OSM:classe,1,40,
-9.562170,-36.988757,60,OSM:classe,1,40,
-9.562163,-35.745437,60,OSM:classe,1,60,
-9.562135,-37.318236,60,OSM:classe,1,60,
-9.562074,-36.989187,60,OSM:classe,1,40,
-9.562062,-37.083937,60,OSM:classe,1,40,
-9.562045,-37.219271,60,OSM:classe,1,40,
-9.561987,-36.989616,60,OSM:classe,1,40,
-9.561983,-37.164930,60,OSM:classe,1,40,
-9.561971,-36.626222,80,OSM:classe,1,60,
-9.561957,-37.377552,60,OSM:classe,1,40,
-9.561901,-35.746422,60,OSM:classe,1,40,
-9.561894,-35.745317,60,OSM:classe,1,60,
-9.561892,-37.306170,60,OSM:classe,1,40,
-9.561888,-35.779231,60,OSM,0,,
-9.561869,-37.125148,60,OSM:classe,1,40,
-9.561793,-36.990500,60,OSM:classe,1,40,
-9.561739,-36.637206,60,OSM:classe,1,40,
-9.561647,-35.746029,60,OSM:classe,1,60,
-9.561627,-37.210225,60,OSM:classe,1,40,
-9.561623,-35.745518,40,OSM:classe,1,40,
-9.561610,-35.779690,60,OSM,0,,
-9.561606,-36.991048,60,OSM:classe,1,40,
-9.561575,-35.745483,60,OSM:classe,1,60,
-9.561533,-37.380618,40,OSM:classe,1,40,
-9.561532,-37.701906,60,OSM:classe,1,40,
-9.561531,-35.701166,60,OSM:classe,1,40,
-9.561523,-36.991338,60,OSM:classe,1,40,
-9.561518,-35.745143,40,OSM:classe,1,40,
-9.561488,-36.114809,60,OSM:classe,1,40,
-9.561425,-35.725110,60,OSM:classe,1,40,
-9.561387,-37.205732,60,OSM:classe,1,40,
-9.561355,-37.169850,60,OSM:classe,1,50,
-9.561339,-37.380663,60,OSM:classe,1,50,
-9.561309,-35.779749,60,OSM,0,,
-9.561296,-35.745229,60,OSM:classe,1,60,
-9.561292,-35.868004,60,OSM:classe,1,40,
-9.561276,-36.081162,60,OSM:classe,1,40,
-9.561179,-37.384181,60,OSM:classe,1,40,
-9.561137,-35.643495,60,OSM:classe,1,60,
-9.561111,-35.750911,60,OSM:classe,1,40,
-9.561055,-35.736587,40,OSM,0,,
-9.561028,-35.784132,60,OSM:classe,1,40,
-9.561017,-35.784210,60,OSM:classe,1,40,
-9.561011,-35.724462,60,OSM:classe,1,40,
-9.560981,-35.738079,60,OSM:classe,1,40,
-9.560962,-35.738098,60,OSM:classe,1,40,
-9.560943,-35.758385,60,OSM:classe,1,40,
-9.560935,-37.382794,60,OSM:classe,1,40,
-9.560895,-37.372299,60,OSM:classe,1,40,
-9.560875,-35.725209,60,OSM:classe,1,40,
-9.560865,-37.152001,60,OSM:classe,1,40,
-9.560851,-35.780105,60,OSM,0,,
-9.560838,-35.779734,60,OSM,0,,
-9.560818,-36.863793,60,OSM:classe,1,40,
-9.560811,-35.746464,60,OSM:classe,1,60,
-9.560808,-36.043596,60,OSM:classe,1,40,
-9.560798,-36.532574,60,OSM:classe,1,40,
-9.560724,-35.779789,60,OSM:classe,1,40,
-9.560654,-36.501770,60,OSM:classe,1,40,
-9.560644,-35.753569,60,OSM:classe,1,40,
-9.560628,-35.744475,50,OSM,0,,
-9.560605,-35.744357,50,OSM,0,,
-9.560541,-35.707194,60,OSM:classe,1,40,
-9.560535,-36.101272,60,OSM:classe,1,40,
-9.560532,-35.724660,60,OSM:classe,1,40,
-9.560525,-37.223531,60,OSM:classe,1,40,
-9.560490,-35.724595,60,OSM:classe,1,40,
-9.560443,-37.379683,60,OSM:classe,1,40,
-9.560437,-36.085589,60,OSM:classe,1,40,
-9.560424,-35.788730,60,OSM:classe,1,40,
-9.560402,-35.723482,60,OSM:classe,1,40,
-9.560393,-35.738637,60,OSM:classe,1,40,
-9.560336,-35.779005,60,OSM:classe,1,40,
-9.560334,-36.230400,60,OSM:classe,1,40,
-9.560325,-37.161005,60,OSM:classe,1,40,
-9.560295,-35.724827,60,OSM:classe,1,40,
-9.560263,-35.743997,50,OSM,0,,
-9.560246,-35.724762,60,OSM:classe,1,40,
-9.560231,-36.640657,60,OSM:classe,1,40,
-9.560226,-37.378353,60,OSM:classe,1,40,
-9.560222,-35.744036,50,OSM,0,,
-9.560146,-36.926802,60,OSM:classe,1,40,
-9.560118,-37.156481,60,OSM:classe,1,40,
-9.560117,-35.723642,60,OSM:classe,1,40,
-9.560104,-36.378626,60,OSM:classe,1,50,
-9.560085,-37.013615,60,OSM:classe,1,50,
-9.560078,-35.778219,60,OSM:classe,1,40,
-9.559973,-37.376657,60,OSM:classe,1,40,
-9.559955,-35.723761,60,OSM:classe,1,40,
-9.559912,-36.641372,60,OSM:classe,1,40,
-9.559880,-35.746778,60,OSM:classe,1,60,
-9.559878,-35.746875,60,OSM:classe,1,60,
-9.559836,-36.948741,60,OSM:classe,1,50,
-9.559798,-35.725175,60,OSM:classe,1,40,
-9.559768,-35.764812,60,OSM:classe,1,40,
-9.559719,-35.736783,60,OSM:classe,1,40,
-9.559673,-35.764022,60,OSM:classe,1,40,
-9.559595,-35.652843,60,OSM:classe,1,40,
-9.559546,-37.785356,60,OSM:classe,1,60,
-9.559530,-35.756591,60,OSM:classe,1,40,
-9.559529,-37.271460,80,OSM,0,,
-9.559525,-35.777466,60,OSM:classe,1,40,
-9.559523,-35.764291,60,OSM,0,,
-9.559461,-35.764170,60,OSM:classe,1,60,
-9.559415,-37.259568,60,OSM:classe,1,40,
-9.559406,-35.764209,60,OSM,0,,
-9.559364,-35.763991,60,OSM:classe,1,60,
-9.559243,-35.708880,60,OSM:classe,1,40,
-9.559225,-37.397932,60,OSM:classe,1,40,
-9.559224,-36.320328,60,OSM:classe,1,40,
-9.559188,-36.273100,80,OSM,0,,
-9.559122,-36.077722,60,OSM:classe,1,40,
-9.558988,-36.992354,60,OSM:classe,1,40,
-9.558984,-35.780889,60,OSM,0,,
-9.558895,-36.044876,60,OSM:classe,1,40,
-9.558887,-36.117863,60,OSM:classe,1,40,
-9.558881,-35.763208,60,OSM:classe,1,60,
-9.558832,-37.202070,60,OSM:classe,1,40,
-9.558824,-35.725869,60,OSM:classe,1,40,
-9.558759,-35.780782,60,OSM,0,,
-9.558751,-37.746965,60,OSM:classe,1,40,
-9.558684,-35.755437,60,OSM:classe,1,40,
-9.558653,-36.412790,80,OSM:classe,1,60,
-9.558619,-35.710694,60,OSM:classe,1,40,
-9.558603,-35.775674,60,OSM:classe,1,40,
-9.558597,-37.127575,60,OSM:classe,1,40,
-9.558480,-37.380841,60,OSM:classe,1,50,
-9.558473,-36.201538,60,OSM:classe,1,40,
-9.558443,-35.765503,60,OSM:classe,1,40,
-9.558359,-37.081371,60,OSM:classe,1,40,
-9.558337,-37.698698,60,OSM:classe,1,40,
-9.558162,-35.776708,30,OSM,0,,
-9.558119,-37.316184,60,OSM:classe,1,60,
-9.558079,-35.779516,30,OSM,0,,
-9.557938,-35.761336,60,OSM:classe,1,60,
-9.557935,-37.197615,60,OSM:classe,1,40,
-9.557903,-35.779792,30,OSM,0,,
-9.557830,-37.197047,60,OSM:classe,1,40,
-9.557811,-37.212700,60,OSM:classe,1,40,
-9.557804,-35.726670,60,OSM:classe,1,40,
-9.557796,-36.268307,80,OSM,0,,
-9.557790,-35.781501,60,OSM,0,,
-9.557789,-35.640465,60,OSM:classe,1,60,
-9.557730,-35.741268,50,OSM,0,,
-9.557685,-35.741313,50,OSM,0,,
-9.557637,-36.627440,80,OSM:classe,1,60,
-9.557584,-36.504988,60,OSM:classe,1,40,
-9.557558,-37.225855,60,OSM:classe,1,40,
-9.557553,-37.305121,60,OSM:classe,1,40,
-9.557541,-35.713437,60,OSM:classe,1,40,
-9.557523,-37.225810,60,OSM:classe,1,40,
-9.557522,-35.781409,40,OSM,0,,
-9.557513,-37.124015,60,OSM:classe,1,40,
-9.557512,-37.172206,60,OSM:classe,1,50,
-9.557469,-36.644501,60,OSM:classe,1,40,
-9.557440,-35.781455,60,OSM,0,,
-9.557399,-35.740917,40,OSM:classe,1,40,
-9.557298,-35.759941,60,OSM:classe,1,60,
-9.557211,-37.011027,60,OSM:classe,1,40,
-9.557195,-35.740790,50,OSM,0,,
-9.557171,-37.273426,80,OSM,0,,
-9.557116,-35.777668,30,OSM,0,,
-9.557093,-35.786339,60,OSM:classe,1,40,
-9.557090,-35.777428,30,OSM,0,,
-9.557087,-36.952350,60,OSM:classe,1,50,
-9.557069,-35.777476,30,OSM,0,,
-9.557069,-35.740655,50,OSM,0,,
-9.557039,-35.777323,30,OSM,0,,
-9.557007,-35.777312,30,OSM,0,,
-9.556991,-35.777515,30,OSM,0,,
-9.556973,-35.781915,60,OSM,0,,
-9.556947,-35.777505,30,OSM,0,,
-9.556923,-35.780455,40,OSM,0,,
-9.556901,-35.777365,30,OSM,0,,
-9.556894,-37.381350,60,OSM:classe,1,50,
-9.556890,-35.777412,30,OSM,0,,
-9.556888,-35.781749,60,OSM,0,,
-9.556878,-37.381457,60,OSM:classe,1,40,
-9.556870,-37.381092,60,OSM:classe,1,50,
-9.556866,-35.780139,30,OSM,0,,
-9.556865,-35.867346,60,OSM:classe,1,40,
-9.556844,-36.661334,80,OSM,0,,
-9.556843,-35.777186,30,OSM,0,,
-9.556789,-36.648765,60,OSM:classe,1,40,
-9.556787,-37.383359,60,OSM:classe,1,40,
-9.556786,-36.121824,60,OSM:classe,1,40,
-9.556781,-35.780179,30,OSM,0,,
-9.556734,-35.727584,60,OSM:classe,1,40,
-9.556708,-36.124853,60,OSM:classe,1,40,
-9.556696,-37.010619,60,OSM:classe,1,50,
-9.556688,-37.383342,60,OSM:classe,1,40,
-9.556687,-36.512037,80,OSM,0,,
-9.556657,-35.779736,30,OSM,0,,
-9.556656,-36.129275,60,OSM:classe,1,40,
-9.556650,-35.758671,60,OSM:classe,1,60,
-9.556645,-37.380436,60,OSM:classe,1,50,
-9.556573,-35.779777,30,OSM,0,,
-9.556534,-36.533852,60,OSM:classe,1,40,
-9.556534,-35.782148,60,OSM,0,,
-9.556524,-35.771631,60,OSM:classe,1,40,
-9.556503,-37.037388,60,OSM:classe,1,40,
-9.556488,-36.228434,60,OSM:classe,1,40,
-9.556462,-37.384756,60,OSM:classe,1,40,
-9.556460,-35.779354,30,OSM,0,,
-9.556449,-37.077332,60,OSM:classe,1,40,
-9.556430,-37.384820,60,OSM:classe,1,40,
-9.556426,-37.384747,60,OSM:classe,1,40,
-9.556419,-35.739864,60,OSM:classe,1,40,
-9.556383,-36.376257,60,OSM:classe,1,50,
-9.556375,-35.779396,30,OSM,0,,
-9.556375,-35.728110,60,OSM:classe,1,40,
-9.556363,-35.739914,50,OSM,0,,
-9.556338,-36.323762,60,OSM:classe,1,40,
-9.556299,-36.099889,60,OSM:classe,1,40,
-9.556288,-35.728020,60,OSM:classe,1,40,
-9.556258,-35.778964,30,OSM,0,,
-9.556241,-36.656769,60,OSM:classe,1,40,
-9.556236,-36.989003,60,OSM:classe,1,40,
-9.556211,-37.228605,60,OSM:classe,1,40,
-9.556184,-35.721874,60,OSM:classe,1,40,
-9.556175,-35.779009,30,OSM,0,,
-9.556164,-37.068745,60,OSM:classe,1,40,
-9.556161,-35.975873,80,OSM,0,,
-9.556152,-37.033005,60,OSM:classe,1,40,
-9.556144,-36.074557,60,OSM:classe,1,40,
-9.556005,-35.867140,60,OSM:classe,1,40,
-9.555995,-37.256706,60,OSM:classe,1,40,
-9.555986,-37.015400,60,OSM:classe,1,40,
-9.555975,-37.392100,60,OSM:classe,1,40,
-9.555949,-35.748931,60,OSM:classe,1,60,
-9.555948,-35.749023,60,OSM:classe,1,60,
-9.555893,-35.757275,60,OSM:classe,1,60,
-9.555883,-35.732860,40,OSM,0,,
-9.555866,-37.064209,60,OSM:classe,1,40,
-9.555861,-37.396379,60,OSM:classe,1,40,
-9.555838,-36.639681,60,OSM:classe,1,40,
-9.555812,-35.778101,30,OSM,0,,
-9.555809,-35.781065,40,OSM,0,,
-9.555770,-36.660787,60,OSM:classe,1,40,
-9.555755,-35.777992,30,OSM,0,,
-9.555728,-35.778144,30,OSM,0,,
-9.555725,-36.925999,60,OSM:classe,1,40,
-9.555650,-36.653032,60,OSM:classe,1,40,
-9.555631,-35.733228,40,OSM,0,,
-9.555587,-35.756571,60,OSM:classe,1,40,
-9.555503,-37.050626,60,OSM:classe,1,40,
-9.555492,-37.388089,60,OSM:classe,1,40,
-9.555470,-37.380107,60,OSM:classe,1,50,
-9.555423,-37.059671,60,OSM:classe,1,40,
-9.555406,-37.055156,60,OSM:classe,1,40,
-9.555367,-37.380065,60,OSM:classe,1,50,
-9.555342,-37.786972,60,OSM:classe,1,60,
-9.555338,-35.867651,60,OSM:classe,1,40,
-9.555324,-35.778346,30,OSM,0,,
-9.555321,-35.867794,60,OSM:classe,1,40,
-9.555304,-37.046070,60,OSM:classe,1,40,
-9.555265,-35.778264,30,OSM,0,,
-9.555221,-35.769129,40,OSM,0,,
-9.555208,-35.729250,60,OSM:classe,1,40,
-9.555202,-36.994777,60,OSM:classe,1,40,
-9.555186,-35.769062,40,OSM,0,,
-9.555147,-35.731188,40,OSM,0,,
-9.555125,-35.714831,60,OSM:classe,1,40,
-9.555121,-35.730436,40,OSM,0,,
-9.555102,-37.695533,60,OSM:classe,1,40,
-9.555099,-35.733421,40,OSM,0,,
-9.555076,-35.738424,60,OSM:classe,1,40,
-9.555067,-36.508654,60,OSM:classe,1,40,
-9.555063,-35.738548,50,OSM,0,,
-9.555011,-35.738489,50,OSM,0,,
-9.554911,-35.967063,100,OSM,0,,
-9.554903,-35.967209,100,OSM,0,,
-9.554888,-35.767347,60,OSM:classe,1,40,
-9.554873,-36.199389,60,OSM:classe,1,40,
-9.554832,-37.382997,60,OSM:classe,1,40,
-9.554794,-35.782883,60,OSM,0,,
-9.554793,-37.041543,60,OSM:classe,1,40,
-9.554787,-35.868153,60,OSM:classe,1,40,
-9.554783,-35.735328,30,OSM,0,,
-9.554780,-37.073038,60,OSM:classe,1,40,
-9.554752,-36.266112,80,OSM,0,,
-9.554739,-37.256090,60,OSM:classe,1,40,
-9.554729,-37.073156,60,OSM:classe,1,40,
-9.554725,-35.717917,60,OSM:classe,1,40,
-9.554712,-35.754568,60,OSM:classe,1,60,
-9.554707,-35.715146,60,OSM:classe,1,40,
-9.554657,-35.729781,40,OSM,0,,
-9.554651,-35.734962,30,OSM,0,,
-9.554595,-37.019701,60,OSM:classe,1,40,
-9.554571,-37.232851,60,OSM:classe,1,40,
-9.554568,-37.228145,60,OSM:classe,1,40,
-9.554553,-35.637306,60,OSM:classe,1,60,
-9.554551,-36.045711,60,OSM:classe,1,40,
-9.554517,-35.867077,60,OSM:classe,1,40,
-9.554516,-37.024260,60,OSM:classe,1,40,
-9.554475,-35.778667,30,OSM,0,,
-9.554445,-37.028818,60,OSM:classe,1,40,
-9.554444,-35.767589,60,OSM:classe,1,40,
-9.554424,-35.753360,60,OSM:classe,1,60,
-9.554413,-35.752820,60,OSM:classe,1,60,
-9.554413,-35.752770,60,OSM:classe,1,60,
-9.554403,-35.767510,60,OSM:classe,1,40,
-9.554362,-35.752551,60,OSM:classe,1,60,
-9.554353,-35.733187,40,OSM,0,,
-9.554350,-35.752815,60,OSM:classe,1,60,
-9.554348,-35.752772,60,OSM:classe,1,60,
-9.554346,-35.753032,60,OSM:classe,1,60,
-9.554340,-37.746078,60,OSM:classe,1,40,
-9.554338,-36.955958,60,OSM:classe,1,50,
-9.554301,-36.412765,80,OSM:classe,1,60,
-9.554296,-35.783162,60,OSM,0,,
-9.554276,-35.866830,80,OSM,0,,
-9.554268,-35.735188,30,OSM,0,,
-9.554264,-37.126442,60,OSM:classe,1,40,
-9.554184,-35.752854,60,OSM:classe,1,40,
-9.554151,-35.752771,60,OSM:classe,1,40,
-9.554136,-35.866577,80,OSM,0,,
-9.554113,-35.783268,60,OSM,0,,
-9.554103,-37.314132,60,OSM:classe,1,60,
-9.554091,-36.664858,60,OSM:classe,1,40,
-9.554087,-37.276328,80,OSM,0,,
-9.554081,-37.302306,60,OSM:classe,1,40,
-9.554031,-35.752828,60,OSM:classe,1,40,
-9.553985,-36.139522,60,OSM:classe,1,40,
-9.553906,-35.866185,80,OSM,0,,
-9.553904,-35.732789,40,OSM,0,,
-9.553798,-35.752343,60,OSM:classe,1,40,
-9.553749,-37.211044,60,OSM:classe,1,40,
-9.553718,-37.380049,40,OSM:classe,1,40,
-9.553714,-35.870198,60,OSM:classe,1,40,
-9.553699,-36.629616,80,OSM:classe,1,60,
-9.553698,-35.735517,30,OSM,0,,
-9.553694,-37.174615,60,OSM:classe,1,50,
-9.553653,-37.237438,60,OSM:classe,1,40,
-9.553541,-35.781694,60,OSM:classe,1,40,
-9.553500,-37.380684,80,OSM,0,,
-9.553476,-37.380147,60,OSM:classe,1,50,
-9.553456,-37.379885,60,OSM:classe,1,50,
-9.553450,-37.381791,80,OSM,0,,
-9.553421,-35.773477,30,OSM,0,,
-9.553417,-36.135311,60,OSM:classe,1,40,
-9.553353,-35.729953,60,OSM:classe,1,40,
-9.553346,-36.659613,80,OSM,0,,
-9.553306,-37.007622,60,OSM:classe,1,50,
-9.553255,-37.260301,60,OSM:classe,1,40,
-9.553249,-35.733208,40,OSM,0,,
-9.553244,-36.130804,60,OSM:classe,1,40,
-9.553195,-36.071807,60,OSM:classe,1,40,
-9.553160,-37.383146,60,OSM:classe,1,40,
-9.553159,-35.788546,60,OSM:classe,1,40,
-9.553158,-35.734071,30,OSM,0,,
-9.553136,-37.123194,60,OSM:classe,1,40,
-9.553129,-35.783838,60,OSM,0,,
-9.553080,-35.735014,30,OSM,0,,
-9.553071,-36.143872,60,OSM:classe,1,40,
-9.553052,-35.729954,40,OSM,0,,
-9.553032,-36.414266,80,OSM:classe,1,60,
-9.553032,-35.731698,40,OSM,0,,
-9.553026,-36.195310,60,OSM:classe,1,40,
-9.553008,-35.758010,60,OSM:classe,1,40,
-9.552945,-36.414373,60,OSM:classe,1,50,
-9.552931,-37.237097,60,OSM:classe,1,40,
-9.552923,-35.865133,80,OSM,0,,
-9.552866,-35.758091,60,OSM:classe,1,40,
-9.552828,-35.740024,60,OSM:classe,1,40,
-9.552826,-35.763295,60,OSM:classe,1,40,
-9.552812,-35.770406,30,OSM,0,,
-9.552764,-35.770328,30,OSM,0,,
-9.552719,-37.232302,60,OSM:classe,1,40,
-9.552672,-36.512474,60,OSM:classe,1,40,
-9.552643,-37.385589,80,OSM,0,,
-9.552635,-35.730001,60,OSM:classe,1,40,
-9.552581,-37.368336,80,OSM,0,,
-9.552539,-36.191030,60,OSM:classe,1,40,
-9.552527,-35.768887,30,OSM,0,,
-9.552481,-35.729907,60,OSM:classe,1,40,
-9.552478,-35.735752,50,OSM,0,,
-9.552440,-35.770601,30,OSM,0,,
-9.552408,-35.735784,50,OSM,0,,
-9.552399,-35.735669,50,OSM,0,,
-9.552397,-36.535542,60,OSM:classe,1,40,
-9.552389,-35.770520,30,OSM,0,,
-9.552343,-35.735707,50,OSM,0,,
-9.552335,-35.732393,40,OSM,0,,
-9.552306,-35.763477,60,OSM:classe,1,40,
-9.552291,-36.227048,60,OSM:classe,1,40,
-9.552271,-35.733301,40,OSM,0,,
-9.552203,-37.326711,80,OSM,0,,
-9.552197,-35.784380,60,OSM,0,,
-9.552174,-36.376822,60,OSM:classe,1,50,
-9.552153,-35.774130,30,OSM,0,,
-9.552127,-36.987454,60,OSM:classe,1,40,
-9.552051,-37.326641,80,OSM,0,,
-9.552010,-36.324793,60,OSM:classe,1,40,
-9.551996,-35.770722,40,OSM,0,,
-9.551953,-35.770848,40,OSM,0,,
-9.551911,-35.770766,40,OSM,0,,
-9.551841,-36.100357,60,OSM:classe,1,40,
-9.551767,-35.748355,60,OSM:classe,1,40,
-9.551757,-37.692493,60,OSM:classe,1,40,
-9.551757,-35.755922,60,OSM:classe,1,40,
-9.551716,-35.748253,60,OSM:classe,1,40,
-9.551715,-35.768684,30,OSM,0,,
-9.551679,-37.394745,60,OSM:classe,1,40,
-9.551675,-37.240509,60,OSM:classe,1,40,
-9.551662,-37.355988,80,OSM,0,,
-9.551645,-35.633839,60,OSM:classe,1,60,
-9.551640,-35.965516,100,OSM,0,,
-9.551633,-36.148074,60,OSM:classe,1,40,
-9.551633,-35.758742,60,OSM:classe,1,40,
-9.551630,-37.312868,100,OSM:classe,1,80,
-9.551617,-36.638338,60,OSM:classe,1,40,
-9.551589,-36.959567,60,OSM:classe,1,50,
-9.551535,-35.965729,100,OSM,0,,
-9.551525,-36.262176,80,OSM,0,,
-9.551518,-36.997392,60,OSM:classe,1,40,
-9.551460,-35.777652,60,OSM:classe,1,40,
-9.551428,-35.789517,60,OSM:classe,1,40,
-9.551410,-37.253024,60,OSM:classe,1,40,
-9.551409,-37.789152,60,OSM:classe,1,60,
-9.551405,-36.657041,80,OSM,0,,
-9.551391,-36.152586,60,OSM:classe,1,40,
-9.551363,-37.264397,60,OSM:classe,1,40,
-9.551322,-36.925219,60,OSM:classe,1,40,
-9.551297,-36.166052,60,OSM:classe,1,40,
-9.551163,-35.740806,60,OSM:classe,1,40,
-9.551142,-35.754381,60,OSM:classe,1,40,
-9.551113,-37.312486,80,OSM:classe,1,60,
-9.551071,-35.736490,60,OSM:classe,1,40,
-9.551066,-37.312885,100,OSM:classe,1,80,
-9.551054,-37.299407,60,OSM:classe,1,40,
-9.551050,-36.186947,60,OSM:classe,1,40,
-9.551043,-35.768939,30,OSM,0,,
-9.551010,-36.157104,60,OSM:classe,1,40,
-9.550997,-35.754444,60,OSM:classe,1,40,
-9.550992,-37.312933,100,OSM:classe,1,100,
-9.550934,-36.161641,60,OSM:classe,1,40,
-9.550901,-37.314872,80,OSM,0,,
-9.550866,-35.753841,60,OSM:classe,1,40,
-9.550858,-36.068064,60,OSM:classe,1,40,
-9.550849,-37.313324,80,OSM,0,,
-9.550837,-35.730046,60,OSM:classe,1,40,
-9.550822,-37.314030,80,OSM,0,,
-9.550805,-35.725262,30,OSM,0,,
-9.550764,-35.759243,60,OSM:classe,1,40,
-9.550745,-35.726842,60,OSM:classe,1,40,
-9.550743,-37.343640,80,OSM,0,,
-9.550727,-35.753916,60,OSM:classe,1,40,
-9.550727,-35.727026,60,OSM:classe,1,40,
-9.550722,-35.759161,60,OSM:classe,1,40,
-9.550709,-37.311932,80,OSM:classe,1,60,
-9.550686,-37.244808,60,OSM:classe,1,40,
-9.550622,-35.785551,60,OSM,0,,
-9.550584,-37.312818,100,OSM:classe,1,100,
-9.550582,-35.726650,60,OSM:classe,1,40,
-9.550578,-35.788542,60,OSM:classe,1,40,
-9.550512,-37.209084,60,OSM:classe,1,40,
-9.550510,-37.338079,80,OSM,0,,
-9.550498,-35.733691,50,OSM,0,,
-9.550493,-37.236244,60,OSM:classe,1,40,
-9.550484,-37.310801,80,OSM,0,,
-9.550475,-35.753412,60,OSM:classe,1,40,
-9.550435,-35.733731,50,OSM,0,,
-9.550388,-37.312516,100,OSM:classe,1,100,
-9.550370,-35.733556,50,OSM,0,,
-9.550349,-37.338001,80,OSM,0,,
-9.550309,-37.311782,80,OSM:classe,1,60,
-9.550308,-35.733596,50,OSM,0,,
-9.550305,-35.725159,30,OSM,0,,
-9.550261,-36.667224,60,OSM:classe,1,40,
-9.550255,-35.726207,30,OSM,0,,
-9.550249,-37.396229,80,OSM,0,,
-9.550225,-37.311855,60,OSM:classe,1,60,
-9.550216,-37.249246,60,OSM:classe,1,40,
-9.550208,-35.759444,60,OSM:classe,1,40,
-9.550180,-37.312249,100,OSM:classe,1,100,
-9.550107,-35.726148,60,OSM:classe,1,40,
-9.550104,-36.045096,60,OSM:classe,1,40,
-9.550092,-37.280172,80,OSM,0,,
-9.550000,-36.417818,60,OSM:classe,1,50,
-9.549984,-35.789034,60,OSM:classe,1,40,
-9.549966,-37.125106,60,OSM:classe,1,40,
-9.549951,-35.725352,30,OSM,0,,
-9.549943,-37.745123,60,OSM:classe,1,40,
-9.549917,-37.004625,60,OSM:classe,1,50,
-9.549907,-35.744204,60,OSM:classe,1,40,
-9.549885,-35.744367,60,OSM:classe,1,40,
-9.549877,-37.177024,60,OSM:classe,1,50,
-9.549841,-35.744565,60,OSM:classe,1,40,
-9.549819,-35.964436,100,OSM,0,,
-9.549812,-35.734061,60,OSM:classe,1,40,
-9.549785,-35.744233,60,OSM:classe,1,40,
-9.549784,-35.744445,60,OSM:classe,1,40,
-9.549776,-35.744310,60,OSM:classe,1,40,
-9.549729,-35.751917,60,OSM:classe,1,40,
-9.549668,-37.268249,60,OSM:classe,1,40,
-9.549656,-35.744364,60,OSM:classe,1,40,
-9.549625,-37.280583,40,OSM:classe,1,40,
-9.549622,-35.789326,60,OSM:classe,1,40,
-9.549590,-35.734172,60,OSM:classe,1,40,
-9.549566,-35.785908,60,OSM,0,,
-9.549561,-37.267959,60,OSM:classe,1,40,
-9.549514,-37.302048,80,OSM,0,,
-9.549507,-35.863591,80,OSM,0,,
-9.549456,-37.280345,80,OSM,0,,
-9.549440,-37.311746,80,OSM,0,,
-9.549380,-35.773610,60,OSM:classe,1,40,
-9.549379,-36.629953,80,OSM:classe,1,60,
-9.549342,-36.515465,60,OSM:classe,1,40,
-9.549339,-35.963608,100,OSM,0,,
-9.549338,-35.728523,60,OSM:classe,1,40,
-9.549335,-35.980139,80,OSM,0,,
-9.549283,-35.870104,60,OSM:classe,1,40,
-9.549279,-36.258937,80,OSM,0,,
-9.549173,-36.169224,60,OSM:classe,1,40,
-9.549066,-37.381126,60,OSM:classe,1,50,
-9.549002,-35.630489,60,OSM:classe,1,60,
-9.548993,-36.258164,80,OSM,0,,
-9.548981,-35.728161,60,OSM:classe,1,40,
-9.548960,-37.121607,60,OSM:classe,1,40,
-9.548924,-35.742503,40,OSM,0,,
-9.548903,-35.731954,60,OSM:classe,1,40,
-9.548894,-35.728071,50,OSM,0,,
-9.548882,-36.256167,80,OSM,0,,
-9.548871,-35.863120,80,OSM,0,,
-9.548869,-35.731987,50,OSM,0,,
-9.548859,-35.630306,60,OSM:classe,1,60,
-9.548840,-36.963175,60,OSM:classe,1,50,
-9.548834,-36.535133,60,OSM:classe,1,40,
-9.548833,-35.742116,60,OSM:classe,1,40,
-9.548822,-35.731875,60,OSM:classe,1,40,
-9.548815,-35.720561,60,OSM:classe,1,40,
-9.548814,-35.749783,60,OSM:classe,1,40,
-9.548793,-35.731904,60,OSM:classe,1,60,
-9.548771,-35.732014,50,OSM,0,,
-9.548753,-35.742157,60,OSM:classe,1,40,
-9.548744,-35.630141,60,OSM:classe,1,60,
-9.548729,-35.630556,40,OSM:classe,1,40,
-9.548728,-35.749962,60,OSM:classe,1,40,
-9.548709,-35.742071,60,OSM:classe,1,40,
-9.548667,-35.755106,60,OSM:classe,1,40,
-9.548662,-35.731902,50,OSM,0,,
-9.548621,-35.755029,60,OSM:classe,1,40,
-9.548605,-35.629930,40,OSM:classe,1,40,
-9.548590,-36.535240,60,OSM:classe,1,40,
-9.548555,-35.727727,60,OSM:classe,1,40,
-9.548496,-37.689365,60,OSM:classe,1,40,
-9.548462,-35.734574,60,OSM:classe,1,40,
-9.548416,-35.962555,100,OSM,0,,
-9.548399,-36.326672,60,OSM:classe,1,40,
-9.548356,-36.183420,60,OSM:classe,1,40,
-9.548351,-36.225029,60,OSM:classe,1,40,
-9.548331,-35.737765,60,OSM:classe,1,40,
-9.548252,-37.281563,80,OSM,0,,
-9.548190,-37.205926,60,OSM:classe,1,40,
-9.548168,-35.790554,60,OSM:classe,1,40,
-9.548085,-35.728865,60,OSM:classe,1,40,
-9.548077,-36.378470,60,OSM:classe,1,50,
-9.547985,-36.653672,80,OSM,0,,
-9.547928,-35.748033,20,OSM,0,,
-9.547903,-35.962383,100,OSM,0,,
-9.547892,-35.740483,40,OSM,0,,
-9.547859,-36.179118,60,OSM:classe,1,40,
-9.547854,-37.406869,80,OSM,0,,
-9.547847,-36.986202,60,OSM:classe,1,40,
-9.547834,-37.000006,60,OSM:classe,1,40,
-9.547833,-35.747486,20,OSM,0,,
-9.547814,-35.747812,60,OSM:classe,1,40,
-9.547750,-36.633838,60,OSM:classe,1,40,
-9.547714,-35.786972,60,OSM,0,,
-9.547690,-36.253419,80,OSM,0,,
-9.547675,-37.791692,60,OSM:classe,1,60,
-9.547501,-36.636501,60,OSM:classe,1,40,
-9.547422,-36.100955,60,OSM:classe,1,40,
-9.547324,-37.272099,60,OSM:classe,1,40,
-9.547299,-35.769567,60,OSM:classe,1,40,
-9.547257,-35.735382,60,OSM:classe,1,40,
-9.547222,-35.860432,80,OSM,0,,
-9.547207,-36.330964,60,OSM:classe,1,40,
-9.547198,-35.858575,80,OSM,0,,
-9.547185,-35.752193,60,OSM:classe,1,40,
-9.547180,-35.857744,80,OSM,0,,
-9.547162,-36.519448,60,OSM:classe,1,40,
-9.547120,-37.298253,60,OSM:classe,1,40,
-9.547094,-36.924068,60,OSM:classe,1,40,
-9.547083,-35.738595,60,OSM:classe,1,40,
-9.547042,-36.065765,60,OSM:classe,1,40,
-9.547028,-35.730102,60,OSM:classe,1,60,
-9.547011,-35.738442,40,OSM,0,,
-9.547009,-35.738634,40,OSM,0,,
-9.546983,-35.722868,60,OSM:classe,1,40,
-9.546974,-35.730156,60,OSM:classe,1,40,
-9.546949,-35.730019,60,OSM:classe,1,60,
-9.546944,-35.718662,60,OSM:classe,1,40,
-9.546934,-35.738481,60,OSM:classe,1,40,
-9.546893,-35.730070,50,OSM,0,,
-9.546819,-35.745836,60,OSM:classe,1,40,
-9.546735,-35.761269,60,OSM:classe,1,40,
-9.546674,-35.745906,60,OSM:classe,1,40,
-9.546672,-37.000831,60,OSM:classe,1,40,
-9.546612,-35.751050,60,OSM:classe,1,40,
-9.546594,-36.520282,80,OSM,0,,
-9.546590,-37.237966,60,OSM:classe,1,40,
-9.546527,-37.001629,60,OSM:classe,1,50,
-9.546478,-36.520379,80,OSM,0,,
-9.546447,-35.856681,80,OSM,0,,
-9.546317,-37.001059,40,OSM:classe,1,40,
-9.546312,-35.735687,60,OSM:classe,1,40,
-9.546298,-35.626015,60,OSM:classe,1,60,
-9.546272,-36.420348,60,OSM:classe,1,50,
-9.546245,-35.959343,40,OSM:classe,1,40,
-9.546221,-36.172444,60,OSM:classe,1,40,
-9.546166,-37.001307,60,OSM:classe,1,50,
-9.546126,-37.001278,60,OSM:classe,1,50,
-9.546095,-36.043338,60,OSM:classe,1,40,
-9.546091,-36.966784,60,OSM:classe,1,50,
-9.546059,-37.179433,60,OSM:classe,1,50,
-9.546044,-35.736727,40,OSM,0,,
-9.545985,-36.668366,60,OSM:classe,1,40,
-9.545984,-37.122987,60,OSM:classe,1,40,
-9.545980,-35.867358,60,OSM:classe,1,40,
-9.545896,-35.766860,60,OSM:classe,1,40,
-9.545881,-35.729055,50,OSM,0,,
-9.545862,-35.717572,60,OSM:classe,1,40,
-9.545784,-37.000976,60,OSM:classe,1,50,
-9.545762,-35.959197,40,OSM:classe,1,40,
-9.545734,-35.728773,40,OSM,0,,
-9.545670,-35.728830,50,OSM,0,,
-9.545644,-35.746423,60,OSM:classe,1,40,
-9.545644,-35.728855,40,OSM,0,,
-9.545612,-35.723762,60,OSM:classe,1,40,
-9.545591,-35.736256,40,OSM,0,,
-9.545555,-37.744129,60,OSM:classe,1,40,
-9.545526,-35.729058,40,OSM,0,,
-9.545510,-35.736297,60,OSM:classe,1,40,
-9.545507,-35.729080,40,OSM,0,,
-9.545477,-35.728957,40,OSM,0,,
-9.545470,-35.736128,40,OSM,0,,
-9.545460,-37.417509,80,OSM,0,,
-9.545458,-37.276247,60,OSM:classe,1,40,
-9.545443,-37.295660,80,OSM,0,,
-9.545396,-37.295588,80,OSM,0,,
-9.545389,-35.736174,60,OSM:classe,1,40,
-9.545387,-36.632037,60,OSM:classe,1,50,
-9.545300,-36.043353,60,OSM:classe,1,40,
-9.545300,-36.042848,60,OSM:classe,1,40,
-9.545208,-35.762091,60,OSM:classe,1,40,
-9.545166,-37.381183,60,OSM:classe,1,50,
-9.545152,-37.119311,60,OSM:classe,1,40,
-9.545012,-36.632670,60,OSM:classe,1,40,
-9.544984,-37.686518,60,OSM:classe,1,40,
-9.544919,-35.728055,50,OSM,0,,
-9.544918,-36.334724,60,OSM:classe,1,40,
-9.544754,-35.788695,60,OSM,0,,
-9.544747,-35.957109,100,OSM,0,,
-9.544713,-35.793472,60,OSM:classe,1,40,
-9.544709,-35.788953,50,OSM,0,,
-9.544666,-35.855108,80,OSM,0,,
-9.544647,-36.632500,60,OSM:classe,1,50,
-9.544556,-35.746995,60,OSM:classe,1,40,
-9.544551,-35.746984,60,OSM:classe,1,40,
-9.544454,-35.789112,50,OSM,0,,
-9.544432,-35.788872,60,OSM,0,,
-9.544390,-36.223298,60,OSM:classe,1,40,
-9.544369,-35.727355,60,OSM:classe,1,40,
-9.544317,-35.788666,60,OSM:classe,1,40,
-9.544313,-36.046316,60,OSM:classe,1,40,
-9.544296,-36.536094,60,OSM:classe,1,40,
-9.544289,-35.727406,50,OSM,0,,
-9.544282,-35.735026,60,OSM:classe,1,40,
-9.544213,-35.717570,60,OSM:classe,1,40,
-9.544203,-37.203929,60,OSM:classe,1,40,
-9.544193,-35.854686,80,OSM,0,,
-9.544068,-36.999467,60,OSM:classe,1,50,
-9.544050,-35.622110,60,OSM:classe,1,60,
-9.544046,-36.177031,60,OSM:classe,1,40,
-9.544033,-35.717665,60,OSM:classe,1,40,
-9.543940,-37.794231,60,OSM:classe,1,60,
-9.543940,-35.956641,100,OSM,0,,
-9.543861,-35.734471,40,OSM,0,,
-9.543803,-35.762824,60,OSM:classe,1,40,
-9.543672,-36.378880,60,OSM:classe,1,50,
-9.543668,-36.062750,60,OSM:classe,1,40,
-9.543644,-35.745226,40,OSM,0,,
-9.543611,-35.789582,50,OSM,0,,
-9.543592,-36.175160,60,OSM:classe,1,40,
-9.543534,-37.425684,80,OSM,0,,
-9.543496,-35.754162,60,OSM:classe,1,40,
-9.543437,-35.787047,60,OSM:classe,1,40,
-9.543431,-36.985363,60,OSM:classe,1,40,
-9.543420,-35.758613,60,OSM:classe,1,40,
-9.543372,-36.099109,60,OSM:classe,1,40,
-9.543342,-36.970392,60,OSM:classe,1,50,
-9.543295,-35.787128,60,OSM:classe,1,40,
-9.543250,-37.280179,60,OSM:classe,1,40,
-9.543228,-35.955621,100,OSM,0,,
-9.543206,-35.726159,60,OSM:classe,1,40,
-9.543189,-37.240738,60,OSM:classe,1,40,
-9.543143,-35.726230,60,OSM:classe,1,40,
-9.543136,-36.921935,60,OSM:classe,1,40,
-9.543036,-37.291416,80,OSM,0,,
-9.542905,-35.730543,60,OSM,0,,
-9.542828,-37.291730,80,OSM,0,,
-9.542749,-35.790069,50,OSM,0,,
-9.542748,-35.763377,60,OSM:classe,1,40,
-9.542703,-37.290937,80,OSM,0,,
-9.542633,-35.752418,60,OSM:classe,1,40,
-9.542623,-37.290815,80,OSM,0,,
-9.542552,-36.176604,60,OSM:classe,1,40,
-9.542546,-37.291296,80,OSM,0,,
-9.542540,-35.984412,60,OSM,0,,
-9.542490,-36.422815,60,OSM:classe,1,50,
-9.542489,-36.650189,80,OSM,0,,
-9.542437,-37.291130,80,OSM,0,,
-9.542431,-35.763545,60,OSM:classe,1,40,
-9.542395,-37.795279,60,OSM:classe,1,60,
-9.542356,-36.043719,60,OSM:classe,1,40,
-9.542354,-37.291021,80,OSM,0,,
-9.542348,-35.864669,60,OSM:classe,1,40,
-9.542254,-37.290244,40,OSM:classe,1,40,
-9.542246,-37.291297,60,OSM:classe,1,50,
-9.542209,-37.181756,60,OSM:classe,1,50,
-9.542179,-36.635350,60,OSM:classe,1,40,
-9.542176,-35.864543,60,OSM:classe,1,40,
-9.542143,-36.635494,60,OSM:classe,1,40,
-9.541857,-36.631784,60,OSM:classe,1,50,
-9.541826,-36.616815,60,OSM:classe,1,40,
-9.541816,-35.719890,60,OSM:classe,1,40,
-9.541814,-37.287346,80,OSM,0,,
-9.541762,-35.783345,20,OSM,0,,
-9.541752,-36.669698,60,OSM:classe,1,40,
-9.541740,-37.287265,80,OSM,0,,
-9.541658,-37.121940,60,OSM:classe,1,40,
-9.541631,-35.783219,20,OSM,0,,
-9.541608,-37.433860,80,OSM,0,,
-9.541602,-35.814612,60,OSM:classe,1,40,
-9.541584,-35.759569,60,OSM:classe,1,40,
-9.541505,-35.954658,100,OSM,0,,
-9.541503,-37.683783,60,OSM:classe,1,40,
-9.541474,-36.176107,60,OSM:classe,1,40,
-9.541440,-37.288944,80,OSM,0,,
-9.541431,-37.288056,80,OSM,0,,
-9.541375,-36.617286,60,OSM:classe,1,40,
-9.541310,-37.287936,80,OSM,0,,
-9.541281,-35.783046,60,OSM:classe,1,40,
-9.541258,-35.796389,60,OSM:classe,1,40,
-9.541249,-37.289052,80,OSM,0,,
-9.541243,-35.985222,60,OSM,0,,
-9.541243,-35.731296,60,OSM,0,,
-9.541228,-36.617433,60,OSM:classe,1,40,
-9.541206,-35.790754,60,OSM,0,,
-9.541194,-35.731322,60,OSM,0,,
-9.541189,-35.852030,80,OSM,0,,
-9.541167,-37.743134,60,OSM:classe,1,40,
-9.541148,-35.731343,60,OSM,0,,
-9.541146,-37.284145,60,OSM:classe,1,40,
-9.541137,-35.731767,60,OSM:classe,1,40,
-9.541135,-36.631603,60,OSM:classe,1,40,
-9.541057,-35.731535,60,OSM,0,,
-9.541009,-36.612488,60,OSM:classe,1,40,
-9.540992,-37.443596,80,OSM,0,,
-9.540981,-35.758379,60,OSM:classe,1,40,
-9.540972,-35.731572,60,OSM,0,,
-9.540911,-35.813934,60,OSM:classe,1,40,
-9.540878,-37.118016,60,OSM:classe,1,40,
-9.540833,-35.731509,60,OSM,0,,
-9.540819,-37.380120,60,OSM:classe,1,50,
-9.540767,-36.634917,60,OSM:classe,1,40,
-9.540701,-36.974077,60,OSM:classe,1,50,
-9.540671,-36.996480,60,OSM:classe,1,50,
-9.540594,-36.335010,60,OSM:classe,1,40,
-9.540579,-35.764544,60,OSM:classe,1,40,
-9.540548,-36.634725,60,OSM:classe,1,40,
-9.540497,-36.221151,60,OSM:classe,1,40,
-9.540482,-36.634859,60,OSM:classe,1,40,
-9.540398,-35.791206,60,OSM,0,,
-9.540354,-35.723276,60,OSM:classe,1,40,
-9.540305,-36.621637,60,OSM:classe,1,40,
-9.540293,-35.723327,50,OSM,0,,
-9.540267,-35.723187,60,OSM:classe,1,40,
-9.540202,-35.723237,50,OSM,0,,
-9.540180,-35.781003,60,OSM:classe,1,40,
-9.540177,-35.863071,60,OSM:classe,1,40,
-9.540176,-36.630260,60,OSM:classe,1,40,
-9.540140,-37.293151,60,OSM:classe,1,50,
-9.540093,-35.765085,60,OSM,0,,
-9.540035,-35.732052,60,OSM,0,,
-9.540008,-36.060208,60,OSM:classe,1,40,
-9.540007,-35.731959,80,OSM,0,,
-9.539992,-35.620173,60,OSM:classe,1,60,
-9.539957,-37.306896,80,OSM,0,,
-9.539925,-37.203820,60,OSM:classe,1,40,
-9.539897,-36.640662,40,OSM,0,,
-9.539865,-36.536123,60,OSM:classe,1,40,
-9.539800,-36.626137,60,OSM:classe,1,40,
-9.539773,-36.626268,60,OSM:classe,1,40,
-9.539529,-36.975973,60,OSM:classe,1,50,
-9.539442,-36.638909,60,OSM:classe,1,40,
-9.539438,-35.796968,60,OSM:classe,1,40,
-9.539427,-36.377662,60,OSM:classe,1,50,
-9.539427,-35.722229,60,OSM:classe,1,40,
-9.539377,-35.789365,60,OSM:classe,1,40,
-9.539335,-37.285384,60,OSM:classe,1,40,
-9.539315,-35.765545,60,OSM:classe,1,40,
-9.539285,-36.245918,80,OSM,0,,
-9.539249,-37.452723,80,OSM,0,,
-9.539234,-36.628076,60,OSM:classe,1,40,
-9.539103,-36.099042,60,OSM:classe,1,40,
-9.539064,-35.721770,60,OSM:classe,1,40,
-9.539053,-35.721891,50,OSM,0,,
-9.539050,-37.285839,60,OSM:classe,1,40,
-9.539039,-36.984387,60,OSM:classe,1,40,
-9.539003,-36.637502,60,OSM,0,,
-9.538995,-35.721814,50,OSM,0,,
-9.538980,-35.721651,60,OSM:classe,1,40,
-9.538943,-36.425568,60,OSM:classe,1,50,
-9.538926,-35.754323,60,OSM:classe,1,40,
-9.538917,-36.628596,60,OSM:classe,1,40,
-9.538913,-37.242149,60,OSM:classe,1,40,
-9.538909,-35.721705,50,OSM,0,,
-9.538875,-36.634417,60,OSM:classe,1,40,
-9.538859,-36.425658,60,OSM:classe,1,50,
-9.538843,-36.608681,60,OSM:classe,1,40,
-9.538830,-35.792331,60,OSM,0,,
-9.538828,-36.634549,60,OSM:classe,1,40,
-9.538784,-37.286380,60,OSM:classe,1,40,
-9.538765,-36.921338,60,OSM:classe,1,40,
-9.538722,-35.826510,80,OSM,0,,
-9.538662,-36.045889,60,OSM:classe,1,40,
-9.538658,-37.797814,60,OSM:classe,1,60,
-9.538523,-35.849091,80,OSM,0,,
-9.538406,-35.765851,60,OSM,0,,
-9.538381,-37.293569,60,OSM:classe,1,50,
-9.538291,-37.287794,60,OSM:classe,1,40,
-9.538270,-36.533121,60,OSM:classe,1,40,
-9.538257,-37.293626,60,OSM:classe,1,50,
-9.538249,-35.844756,80,OSM,0,,
-9.538244,-37.293571,60,OSM:classe,1,50,
-9.538225,-35.838968,80,OSM,0,,
-9.538218,-35.787222,60,OSM:classe,1,40,
-9.538047,-35.844326,80,OSM,0,,
-9.538046,-35.832519,80,OSM,0,,
-9.538014,-37.181604,60,OSM:classe,1,50,
-9.538011,-36.416517,60,OSM:classe,1,40,
-9.537962,-37.681090,60,OSM:classe,1,40,
-9.537885,-36.426192,60,OSM:classe,1,40,
-9.537882,-35.848149,80,OSM,0,,
-9.537838,-35.720092,60,OSM:classe,1,40,
-9.537819,-36.977749,60,OSM:classe,1,50,
-9.537808,-35.847924,60,OSM:classe,1,40,
-9.537763,-36.173738,60,OSM:classe,1,40,
-9.537759,-35.847043,80,OSM,0,,
-9.537726,-36.421017,60,OSM:classe,1,40,
-9.537718,-35.847341,80,OSM,0,,
-9.537695,-36.633776,60,OSM:classe,1,40,
-9.537675,-36.636062,60,OSM:classe,1,40,
-9.537643,-36.536064,60,OSM:classe,1,40,
-9.537628,-37.461060,60,OSM:classe,1,50,
-9.537572,-36.604517,60,OSM:classe,1,40,
-9.537557,-35.817751,80,OSM,0,,
-9.537554,-36.630133,60,OSM:classe,1,40,
-9.537550,-36.630604,60,OSM:classe,1,50,
-9.537536,-36.425573,60,OSM:classe,1,40,
-9.537505,-37.461849,80,OSM,0,,
-9.537505,-35.847041,60,OSM:classe,1,40,
-9.537488,-36.671098,60,OSM:classe,1,40,
-9.537430,-35.793113,60,OSM,0,,
-9.537400,-36.640579,60,OSM:classe,1,40,
-9.537389,-35.847453,60,OSM:classe,1,40,
-9.537331,-36.630405,60,OSM:classe,1,40,
-9.537315,-37.289241,60,OSM:classe,1,40,
-9.537273,-36.993493,60,OSM:classe,1,50,
-9.537262,-37.289206,60,OSM:classe,1,40,
-9.537261,-35.815175,60,OSM:classe,1,40,
-9.537256,-36.671189,60,OSM:classe,1,40,
-9.537253,-36.413148,60,OSM:classe,1,40,
-9.537247,-35.815061,60,OSM:classe,1,40,
-9.537239,-37.289289,60,OSM:classe,1,40,
-9.537185,-35.719266,50,OSM,0,,
-9.537162,-37.121867,60,OSM:classe,1,40,
-9.537112,-36.641694,60,OSM:classe,1,40,
-9.537050,-35.846960,60,OSM:classe,1,40,
-9.537015,-37.281743,60,OSM:classe,1,40,
-9.537007,-35.793348,60,OSM,0,,
-9.536963,-35.843407,80,OSM,0,,
-9.536955,-37.200543,60,OSM:classe,1,40,
-9.536895,-36.219365,60,OSM:classe,1,40,
-9.536837,-36.427244,60,OSM:classe,1,50,
-9.536818,-36.535372,60,OSM:classe,1,40,
-9.536801,-35.842765,80,OSM,0,,
-9.536779,-35.860134,60,OSM:classe,1,40,
-9.536778,-37.742140,60,OSM:classe,1,40,
-9.536714,-36.635201,60,OSM,0,,
-9.536675,-36.983862,40,OSM,0,,
-9.536644,-37.294071,60,OSM:classe,1,40,
-9.536610,-37.293956,60,OSM:classe,1,50,
-9.536570,-35.808321,80,OSM,0,,
-9.536557,-36.632299,60,OSM:classe,1,40,
-9.536553,-37.294236,40,OSM:classe,1,40,
-9.536519,-35.809942,60,OSM:classe,1,40,
-9.536483,-36.528603,80,OSM,0,,
-9.536454,-37.277267,60,OSM:classe,1,40,
-9.536424,-37.520883,60,OSM:classe,1,40,
-9.536413,-36.630933,60,OSM:classe,1,40,
-9.536412,-37.117488,60,OSM:classe,1,40,
-9.536339,-37.380128,60,OSM:classe,1,50,
-9.536284,-36.431676,60,OSM:classe,1,50,
-9.536270,-36.058317,60,OSM:classe,1,40,
-9.536266,-36.335406,60,OSM:classe,1,40,
-9.536219,-37.115221,60,OSM:classe,1,40,
-9.536208,-35.783142,60,OSM:classe,1,40,
-9.536200,-37.245505,60,OSM:classe,1,40,
-9.536175,-35.793833,60,OSM,0,,
-9.536173,-37.185668,60,OSM:classe,1,50,
-9.536147,-35.765315,60,OSM:classe,1,40,
-9.536103,-36.646131,60,OSM:classe,1,40,
-9.536056,-35.783224,60,OSM:classe,1,40,
-9.536037,-36.432691,60,OSM:classe,1,50,
-9.536031,-35.951591,100,OSM,0,,
-9.536017,-36.671845,60,OSM:classe,1,40,
-9.536004,-37.294125,40,OSM:classe,1,40,
-9.535964,-36.432756,60,OSM:classe,1,50,
-9.535930,-37.291190,60,OSM:classe,1,40,
-9.535913,-36.984005,40,OSM,0,,
-9.535901,-35.618280,60,OSM:classe,1,60,
-9.535895,-35.766309,60,OSM,0,,
-9.535876,-36.432841,60,OSM:classe,1,50,
-9.535872,-35.803761,60,OSM:classe,1,40,
-9.535814,-35.782784,60,OSM:classe,1,40,
-9.535761,-37.470976,80,OSM,0,,
-9.535683,-35.794123,60,OSM,0,,
-9.535619,-35.799376,60,OSM:classe,1,40,
-9.535585,-36.678633,60,OSM:classe,1,40,
-9.535584,-35.798891,80,OSM,0,,
-9.535484,-35.798271,80,OSM,0,,
-9.535454,-35.782415,60,OSM:classe,1,40,
-9.535378,-36.984208,30,OSM,0,,
-9.535343,-36.985008,30,OSM,0,,
-9.535343,-35.797744,80,OSM,0,,
-9.535292,-36.984232,30,OSM,0,,
-9.535283,-36.433509,60,OSM:classe,1,50,
-9.535219,-35.781710,60,OSM:classe,1,40,
-9.535189,-36.376321,60,OSM:classe,1,50,
-9.535160,-35.950915,100,OSM,0,,
-9.535078,-36.631010,60,OSM:classe,1,50,
-9.535077,-35.782277,60,OSM:classe,1,40,
-9.535068,-36.918857,60,OSM:classe,1,40,
-9.534934,-36.991448,30,OSM,0,,
-9.534920,-37.800349,60,OSM:classe,1,60,
-9.534883,-36.048113,60,OSM:classe,1,40,
-9.534854,-36.100006,60,OSM:classe,1,40,
-9.534849,-36.991374,30,OSM,0,,
-9.534847,-36.650508,60,OSM:classe,1,40,
-9.534834,-36.600900,60,OSM:classe,1,40,
-9.534823,-37.294473,60,OSM:classe,1,50,
-9.534813,-37.294391,60,OSM:classe,1,50,
-9.534713,-37.111027,60,OSM:classe,1,40,
-9.534691,-35.780873,60,OSM:classe,1,40,
-9.534677,-36.981011,60,OSM:classe,1,50,
-9.534666,-35.794720,60,OSM,0,,
-9.534663,-37.273085,60,OSM:classe,1,40,
-9.534605,-35.810139,60,OSM:classe,1,40,
-9.534556,-37.294456,60,OSM:classe,1,50,
-9.534530,-36.987630,60,OSM:classe,1,40,
-9.534497,-35.809165,60,OSM:classe,1,40,
-9.534480,-35.846127,60,OSM:classe,1,40,
-9.534469,-36.634290,60,OSM,0,,
-9.534449,-35.795623,80,OSM,0,,
-9.534383,-35.808167,60,OSM:classe,1,40,
-9.534368,-35.795112,60,OSM,0,,
-9.534293,-36.339337,60,OSM:classe,1,40,
-9.534267,-35.807110,60,OSM:classe,1,40,
-9.534239,-35.989627,80,OSM,0,,
-9.534216,-35.780754,60,OSM:classe,1,40,
-9.534167,-35.795308,60,OSM,0,,
-9.534160,-36.984584,60,OSM:classe,1,40,
-9.534131,-35.780583,60,OSM:classe,1,40,
-9.533945,-35.803975,60,OSM:classe,1,40,
-9.533876,-36.990506,60,OSM:classe,1,50,
-9.533846,-35.780751,60,OSM:classe,1,40,
-9.533842,-37.679633,60,OSM:classe,1,40,
-9.533836,-36.436507,60,OSM:classe,1,50,
-9.533812,-35.780970,60,OSM:classe,1,40,
-9.533807,-36.532965,60,OSM:classe,1,40,
-9.533761,-37.124550,60,OSM:classe,1,40,
-9.533729,-36.436614,60,OSM:classe,1,50,
-9.533728,-35.795287,60,OSM,0,,
-9.533724,-37.197832,60,OSM:classe,1,40,
-9.533621,-36.174152,60,OSM:classe,1,40,
-9.533594,-37.294615,60,OSM:classe,1,50,
-9.533592,-36.990328,60,OSM:classe,1,50,
-9.533592,-36.984795,40,OSM,0,,
-9.533587,-35.950100,100,OSM,0,,
-9.533579,-36.989965,60,OSM:classe,1,50,
-9.533557,-36.984706,40,OSM,0,,
-9.533547,-36.054860,60,OSM:classe,1,40,
-9.533546,-36.675255,60,OSM:classe,1,40,
-9.533540,-36.630927,60,OSM:classe,1,40,
-9.533532,-37.477573,80,OSM,0,,
-9.533480,-36.410680,60,OSM:classe,1,40,
-9.533453,-35.950205,100,OSM,0,,
-9.533439,-36.663861,60,OSM:classe,1,40,
-9.533387,-36.982101,60,OSM:classe,1,40,
-9.533385,-36.987437,60,OSM:classe,1,40,
-9.533352,-36.432881,60,OSM:classe,1,40,
-9.533312,-37.461359,60,OSM:classe,1,50,
-9.533265,-36.985417,60,OSM:classe,1,50,
-9.533258,-36.432883,60,OSM:classe,1,40,
-9.533257,-36.654774,60,OSM:classe,1,40,
-9.533246,-36.216847,60,OSM:classe,1,40,
-9.533233,-36.984953,40,OSM,0,,
-9.533187,-35.795396,60,OSM,0,,
-9.533161,-36.984870,40,OSM,0,,
-9.533103,-36.985009,40,OSM,0,,
-9.533084,-36.659321,60,OSM:classe,1,40,
-9.533082,-36.984900,40,OSM,0,,
-9.532995,-35.949795,100,OSM,0,,
-9.532991,-36.673421,60,OSM:classe,1,40,
-9.532958,-35.949950,100,OSM,0,,
-9.532924,-37.484576,80,OSM,0,,
-9.532920,-36.631063,60,OSM:classe,1,50,
-9.532915,-36.993237,60,OSM:classe,1,40,
-9.532872,-35.781457,60,OSM:classe,1,40,
-9.532768,-35.616212,60,OSM:classe,1,60,
-9.532746,-35.858152,60,OSM:classe,1,40,
-9.532739,-36.596924,60,OSM:classe,1,40,
-9.532735,-36.992064,60,OSM:classe,1,40,
-9.532731,-36.994436,60,OSM:classe,1,40,
-9.532697,-36.985093,40,OSM,0,,
-9.532625,-35.858043,60,OSM:classe,1,40,
-9.532606,-35.768848,60,OSM:classe,1,40,
-9.532588,-35.615771,60,OSM:classe,1,60,
-9.532514,-37.382322,60,OSM:classe,1,50,
-9.532503,-35.795978,60,OSM,0,,
-9.532499,-35.615551,60,OSM:classe,1,40,
-9.532493,-37.247821,60,OSM:classe,1,40,
-9.532478,-35.769307,60,OSM:classe,1,40,
-9.532433,-36.439257,80,OSM:classe,1,60,
-9.532420,-35.795838,60,OSM,0,,
-9.532390,-37.741145,60,OSM:classe,1,40,
-9.532380,-36.672948,60,OSM:classe,1,40,
-9.532365,-37.188093,60,OSM:classe,1,50,
-9.532316,-37.491580,80,OSM,0,,
-9.532311,-36.668272,60,OSM:classe,1,40,
-9.532244,-36.990170,60,OSM:classe,1,50,
-9.532175,-36.989832,60,OSM:classe,1,40,
-9.532175,-35.770246,60,OSM:classe,1,40,
-9.532169,-35.781669,60,OSM:classe,1,40,
-9.532127,-35.769203,60,OSM:classe,1,40,
-9.532126,-37.522155,60,OSM:classe,1,40,
-9.532081,-35.749288,100,OSM,0,,
-9.532071,-37.269462,60,OSM:classe,1,40,
-9.532049,-35.856949,60,OSM:classe,1,40,
-9.532031,-36.673955,60,OSM:classe,1,40,
-9.532026,-36.669374,60,OSM:classe,1,40,
-9.532018,-35.750620,100,OSM,0,,
-9.532004,-36.674121,60,OSM:classe,1,40,
-9.531940,-35.768470,60,OSM:classe,1,40,
-9.531940,-35.766818,60,OSM:classe,1,40,
-9.531930,-37.107460,60,OSM:classe,1,40,
-9.531923,-35.749350,100,OSM,0,,
-9.531917,-36.627708,60,OSM:classe,1,40,
-9.531912,-35.770880,60,OSM:classe,1,40,
-9.531905,-36.532409,60,OSM:classe,1,40,
-9.531899,-36.993801,60,OSM:classe,1,40,
-9.531885,-35.849680,60,OSM:classe,1,40,
-9.531854,-35.748686,100,OSM,0,,
-9.531850,-35.750858,100,OSM,0,,
-9.531831,-36.633702,40,OSM:classe,1,40,
-9.531814,-35.796358,60,OSM,0,,
-9.531719,-35.852010,60,OSM:classe,1,40,
-9.531674,-35.736606,80,OSM,0,,
-9.531671,-35.850399,60,OSM:classe,1,40,
-9.531651,-35.850550,60,OSM:classe,1,40,
-9.531651,-35.770395,60,OSM:classe,1,40,
-9.531640,-35.850633,60,OSM:classe,1,40,
-9.531619,-36.983006,60,OSM:classe,1,50,
-9.531614,-36.983069,60,OSM:classe,1,50,
-9.531613,-36.985303,40,OSM,0,,
-9.531612,-36.983278,60,OSM:classe,1,50,
-9.531611,-35.752170,100,OSM,0,,
-9.531602,-36.433259,60,OSM:classe,1,40,
-9.531588,-35.736558,80,OSM,0,,
-9.531581,-35.767566,60,OSM:classe,1,40,
-9.531573,-35.856211,60,OSM:classe,1,40,
-9.531548,-35.796322,60,OSM,0,,
-9.531531,-37.128402,60,OSM:classe,1,40,
-9.531525,-35.774714,60,OSM:classe,1,40,
-9.531474,-35.796541,60,OSM,0,,
-9.531474,-35.747197,100,OSM,0,,
-9.531442,-35.796383,60,OSM,0,,
-9.531400,-35.774784,60,OSM:classe,1,40,
-9.531391,-36.978452,60,OSM:classe,1,40,
-9.531384,-35.747374,100,OSM,0,,
-9.531359,-36.955396,60,OSM:classe,1,40,
-9.531328,-35.773601,60,OSM:classe,1,40,
-9.531326,-35.772978,60,OSM:classe,1,40,
-9.531267,-36.985366,60,OSM:classe,1,40,
-9.531216,-36.633117,60,OSM,0,,
-9.531197,-36.959628,60,OSM:classe,1,40,
-9.531183,-37.802885,60,OSM:classe,1,60,
-9.531111,-37.509448,80,OSM,0,,
-9.531104,-37.507044,80,OSM,0,,
-9.531086,-37.509905,80,OSM,0,,
-9.531083,-37.295095,60,OSM:classe,1,50,
-9.531051,-35.782430,60,OSM:classe,1,40,
-9.530992,-37.295159,60,OSM:classe,1,50,
-9.530990,-37.511638,80,OSM,0,,
-9.530989,-35.619814,60,OSM:classe,1,40,
-9.530978,-37.295088,60,OSM:classe,1,50,
-9.530958,-37.194368,60,OSM:classe,1,40,
-9.530929,-35.611533,60,OSM:classe,1,60,
-9.530920,-36.213246,60,OSM:classe,1,40,
-9.530919,-36.985428,40,OSM,0,,
-9.530915,-35.785333,60,OSM:classe,1,40,
-9.530913,-36.208964,60,OSM:classe,1,40,
-9.530901,-36.375063,60,OSM:classe,1,50,
-9.530879,-36.238418,80,OSM,0,,
-9.530849,-36.917331,60,OSM:classe,1,40,
-9.530843,-36.674552,60,OSM:classe,1,40,
-9.530764,-35.853139,60,OSM:classe,1,40,
-9.530757,-35.854770,60,OSM:classe,1,40,
-9.530742,-35.785057,60,OSM:classe,1,40,
-9.530706,-35.775143,60,OSM:classe,1,40,
-9.530703,-35.853195,60,OSM:classe,1,40,
-9.530673,-35.858849,60,OSM:classe,1,40,
-9.530645,-36.049329,60,OSM:classe,1,40,
-9.530645,-35.778846,60,OSM:classe,1,40,
-9.530626,-36.439391,80,OSM:classe,1,60,
-9.530536,-35.778434,60,OSM:classe,1,40,
-9.530528,-36.100092,60,OSM:classe,1,40,
-9.530520,-35.778595,60,OSM:classe,1,40,
-9.530475,-37.302046,80,OSM,0,,
-9.530442,-35.948626,100,OSM,0,,
-9.530410,-37.521694,80,OSM,0,,
-9.530403,-36.633774,80,OSM,0,,
-9.530373,-36.633427,60,OSM:classe,1,50,
-9.530343,-37.522539,60,OSM:classe,1,40,
-9.530339,-36.974092,60,OSM:classe,1,40,
-9.530282,-35.782685,60,OSM:classe,1,40,
-9.530279,-36.633497,60,OSM,0,,
-9.530273,-35.948322,100,OSM,0,,
-9.530262,-35.737784,80,OSM,0,,
-9.530260,-35.853599,60,OSM:classe,1,40,
-9.530195,-35.737713,80,OSM,0,,
-9.530189,-35.782777,60,OSM:classe,1,40,
-9.530141,-36.338833,60,OSM:classe,1,40,
-9.530092,-35.782544,60,OSM:classe,1,40,
-9.530053,-35.791962,60,OSM:classe,1,40,
-9.530051,-36.624647,60,OSM:classe,1,40,
-9.530009,-37.544711,80,OSM,0,,
-9.529962,-36.594398,60,OSM:classe,1,40,
-9.529959,-36.237968,80,OSM,0,,
-9.529952,-36.633287,60,OSM:classe,1,50,
-9.529934,-36.963987,60,OSM:classe,1,40,
-9.529919,-36.173673,60,OSM:classe,1,40,
-9.529891,-37.503385,80,OSM,0,,
-9.529881,-35.608855,60,OSM:classe,1,60,
-9.529836,-35.783098,60,OSM:classe,1,40,
-9.529829,-37.531751,80,OSM,0,,
-9.529826,-37.502503,80,OSM,0,,
-9.529821,-35.797542,60,OSM,0,,
-9.529811,-36.633906,60,OSM,0,,
-9.529796,-37.678508,60,OSM:classe,1,40,
-9.529781,-35.783003,60,OSM:classe,1,40,
-9.529762,-35.772575,20,OSM,0,,
-9.529759,-36.204987,60,OSM:classe,1,40,
-9.529754,-37.103486,60,OSM:classe,1,40,
-9.529746,-35.783144,60,OSM:classe,1,40,
-9.529742,-36.634059,80,OSM,0,,
-9.529694,-35.783052,60,OSM:classe,1,40,
-9.529607,-35.775722,60,OSM:classe,1,40,
-9.529588,-36.990150,60,OSM:classe,1,50,
-9.529586,-37.463901,60,OSM:classe,1,50,
-9.529554,-36.968523,60,OSM:classe,1,40,
-9.529545,-35.774333,20,OSM,0,,
-9.529501,-36.054161,60,OSM:classe,1,40,
-9.529495,-36.981575,60,OSM:classe,1,40,
-9.529457,-36.173580,60,OSM:classe,1,40,
-9.529443,-37.265810,60,OSM:classe,1,40,
-9.529443,-36.972591,60,OSM:classe,1,40,
-9.529373,-36.973073,60,OSM:classe,1,40,
-9.529294,-36.410618,60,OSM:classe,1,40,
-9.529281,-36.977593,60,OSM:classe,1,40,
-9.529276,-36.997436,60,OSM:classe,1,40,
-9.529270,-35.738633,80,OSM,0,,
-9.529248,-37.541807,80,OSM,0,,
-9.529219,-36.986119,60,OSM:classe,1,50,
-9.529208,-36.178116,60,OSM:classe,1,40,
-9.529192,-35.737899,80,OSM,0,,
-9.529191,-36.985771,60,OSM:classe,1,50,
-9.529138,-36.951432,60,OSM:classe,1,40,
-9.529058,-36.439539,80,OSM:classe,1,60,
-9.529041,-37.249285,60,OSM:classe,1,40,
-9.528927,-35.786306,60,OSM:classe,1,40,
-9.528925,-37.547983,80,OSM,0,,
-9.528860,-35.947053,100,OSM,0,,
-9.528792,-35.761423,100,OSM,0,,
-9.528730,-35.947128,100,OSM,0,,
-9.528719,-37.551642,80,OSM,0,,
-9.528683,-36.947054,60,OSM:classe,1,40,
-9.528658,-37.384652,60,OSM:classe,1,50,
-9.528610,-35.946750,100,OSM,0,,
-9.528571,-35.762478,100,OSM,0,,
-9.528556,-37.190517,60,OSM:classe,1,50,
-9.528552,-35.742105,100,OSM,0,,
-9.528494,-35.946835,100,OSM,0,,
-9.528487,-35.607986,60,OSM:classe,1,40,
-9.528458,-37.552855,80,OSM,0,,
-9.528401,-35.607825,60,OSM:classe,1,40,
-9.528380,-35.607706,60,OSM:classe,1,40,
-9.528316,-37.131384,60,OSM:classe,1,40,
-9.528273,-35.623406,60,OSM:classe,1,40,
-9.528242,-35.739577,80,OSM,0,,
-9.528236,-35.604881,60,OSM:classe,1,60,
-9.528230,-35.741007,100,OSM,0,,
-9.528193,-36.986091,40,OSM:classe,1,40,
-9.528156,-36.432630,60,OSM:classe,1,40,
-9.528110,-35.788779,60,OSM:classe,1,40,
-9.528078,-35.740155,100,OSM,0,,
-9.528048,-35.798314,60,OSM,0,,
-9.528019,-36.200817,60,OSM:classe,1,40,
-9.527923,-37.740653,60,OSM:classe,1,40,
-9.527872,-36.986236,60,OSM:classe,1,50,
-9.527685,-37.295789,60,OSM:classe,1,50,
-9.527672,-37.295722,60,OSM:classe,1,50,
-9.527591,-35.787013,60,OSM:classe,1,40,
-9.527569,-36.052321,60,OSM:classe,1,40,
-9.527549,-35.739505,80,OSM,0,,
-9.527445,-37.805420,60,OSM:classe,1,60,
-9.527377,-36.635931,80,OSM,0,,
-9.527361,-35.737506,80,OSM,0,,
-9.527340,-35.993962,80,OSM,0,,
-9.527273,-36.942733,60,OSM:classe,1,40,
-9.527245,-35.787370,60,OSM:classe,1,40,
-9.527226,-37.253772,60,OSM:classe,1,40,
-9.527181,-37.252839,60,OSM:classe,1,40,
-9.527176,-36.439537,80,OSM:classe,1,60,
-9.527175,-35.787230,60,OSM:classe,1,40,
-9.527159,-35.624760,60,OSM:classe,1,40,
-9.527140,-37.295894,40,OSM:classe,1,40,
-9.527112,-37.252356,60,OSM:classe,1,40,
-9.527096,-37.261966,60,OSM:classe,1,40,
-9.527055,-37.257471,60,OSM:classe,1,40,
-9.526957,-37.101342,60,OSM:classe,1,40,
-9.526951,-35.737930,80,OSM,0,,
-9.526933,-37.192353,60,OSM:classe,1,40,
-9.526920,-35.944044,100,OSM,0,,
-9.526862,-36.675257,60,OSM:classe,1,40,
-9.526812,-35.777222,60,OSM:classe,1,40,
-9.526704,-36.990057,60,OSM:classe,1,50,
-9.526660,-37.001108,60,OSM:classe,1,40,
-9.526651,-36.986215,60,OSM:classe,1,50,
-9.526551,-35.737211,80,OSM,0,,
-9.526550,-36.181441,60,OSM:classe,1,40,
-9.526543,-35.603711,60,OSM:classe,1,40,
-9.526540,-37.250202,60,OSM:classe,1,40,
-9.526534,-36.374767,60,OSM:classe,1,50,
-9.526529,-35.604060,60,OSM:classe,1,40,
-9.526489,-36.536827,80,OSM,0,,
-9.526446,-35.860354,60,OSM:classe,1,40,
-9.526428,-36.917167,60,OSM:classe,1,40,
-9.526417,-36.101115,60,OSM:classe,1,40,
-9.526389,-37.251066,60,OSM:classe,1,40,
-9.526286,-37.249579,60,OSM:classe,1,40,
-9.526272,-36.237315,80,OSM,0,,
-9.526250,-36.052414,60,OSM:classe,1,40,
-9.526220,-36.338208,60,OSM:classe,1,40,
-9.526192,-36.591934,60,OSM:classe,1,40,
-9.526031,-37.466566,60,OSM:classe,1,50,
-9.525926,-35.736671,80,OSM,0,,
-9.525861,-36.636776,80,OSM,0,,
-9.525813,-36.626025,60,OSM:classe,1,40,
-9.525796,-36.980310,60,OSM:classe,1,40,
-9.525781,-36.675396,60,OSM:classe,1,40,
-9.525734,-35.771989,100,OSM,0,,
-9.525728,-37.676920,60,OSM:classe,1,40,
-9.525708,-36.636906,40,OSM:classe,1,40,
-9.525589,-36.197085,60,OSM:classe,1,40,
-9.525546,-35.942444,80,OSM,0,,
-9.525531,-35.772785,100,OSM,0,,
-9.525348,-37.134684,60,OSM:classe,1,40,
-9.525236,-36.410086,60,OSM:classe,1,40,
-9.525218,-35.773095,100,OSM,0,,
-9.525163,-35.864657,60,OSM:classe,1,40,
-9.525149,-36.236910,80,OSM,0,,
-9.525098,-37.296277,40,OSM:classe,1,40,
-9.525047,-35.774067,60,OSM:classe,1,40,
-9.525038,-35.865106,60,OSM:classe,1,40,
-9.525035,-36.938778,60,OSM:classe,1,40,
-9.524988,-36.173077,60,OSM:classe,1,40,
-9.524790,-36.173086,60,OSM:classe,1,40,
-9.524761,-36.638168,80,OSM,0,,
-9.524748,-37.192942,60,OSM:classe,1,50,
-9.524564,-35.734949,80,OSM,0,,
-9.524533,-35.773938,100,OSM,0,,
-9.524492,-35.602357,60,OSM:classe,1,60,
-9.524205,-37.384384,60,OSM:classe,1,50,
-9.524187,-37.245578,60,OSM:classe,1,40,
-9.524172,-35.860587,60,OSM:classe,1,40,
-9.524136,-37.565072,80,OSM,0,,
-9.523708,-37.807955,60,OSM:classe,1,60,
-9.523700,-35.774327,100,OSM,0,,
-9.523679,-36.989607,60,OSM:classe,1,50,
-9.523626,-37.296562,60,OSM:classe,1,50,
-9.523612,-37.296500,60,OSM:classe,1,50,
-9.523598,-37.241078,60,OSM:classe,1,40,
-9.523517,-36.193066,60,OSM:classe,1,40,
-9.523453,-37.740165,60,OSM:classe,1,40,
-9.523365,-37.004210,60,OSM:classe,1,40,
-9.523316,-36.639539,60,OSM:classe,1,40,
-9.523165,-36.934632,60,OSM:classe,1,40,
-9.523150,-36.184221,60,OSM:classe,1,40,
-9.523118,-37.099871,60,OSM:classe,1,40,
-9.523087,-35.940851,80,OSM,0,,
-9.523073,-37.004485,60,OSM:classe,1,40,
-9.523063,-37.236560,60,OSM:classe,1,40,
-9.522993,-35.774636,100,OSM,0,,
-9.522894,-36.439607,80,OSM:classe,1,60,
-9.522688,-36.930164,60,OSM:classe,1,40,
-9.522680,-36.589087,60,OSM:classe,1,40,
-9.522641,-36.336140,60,OSM:classe,1,40,
-9.522565,-36.977140,60,OSM:classe,1,40,
-9.522542,-37.210706,60,OSM:classe,1,40,
-9.522512,-36.674437,60,OSM:classe,1,40,
-9.522436,-36.170368,60,OSM:classe,1,40,
-9.522371,-36.102956,60,OSM:classe,1,40,
-9.522323,-37.206157,60,OSM:classe,1,40,
-9.522309,-36.922313,60,OSM:classe,1,40,
-9.522305,-37.005884,60,OSM:classe,1,40,
-9.522271,-36.917781,60,OSM:classe,1,40,
-9.522254,-35.774569,100,OSM,0,,
-9.522247,-36.917581,60,OSM:classe,1,40,
-9.522234,-37.296810,60,OSM:classe,1,50,
-9.522232,-36.987055,60,OSM:classe,1,50,
-9.522197,-37.137911,60,OSM:classe,1,40,
-9.522111,-36.406907,60,OSM:classe,1,40,
-9.522077,-36.916015,60,OSM:classe,1,40,
-9.522064,-36.375133,60,OSM:classe,1,50,
-9.522013,-36.925809,60,OSM:classe,1,40,
-9.521941,-36.051530,60,OSM:classe,1,40,
-9.521836,-37.215200,60,OSM:classe,1,40,
-9.521701,-35.867639,60,OSM:classe,1,40,
-9.521601,-35.774626,100,OSM,0,,
-9.521596,-37.467044,60,OSM:classe,1,50,
-9.521579,-36.643611,60,OSM:classe,1,40,
-9.521496,-36.676777,60,OSM:classe,1,40,
-9.521347,-37.232398,60,OSM:classe,1,40,
-9.521329,-36.626366,60,OSM:classe,1,40,
-9.521273,-35.723040,80,OSM,0,,
-9.521257,-37.219721,60,OSM:classe,1,40,
-9.521234,-37.677082,60,OSM:classe,1,40,
-9.521096,-35.801903,60,OSM,0,,
-9.521060,-35.722448,80,OSM,0,,
-9.521055,-35.599429,60,OSM:classe,1,60,
-9.521042,-35.801745,50,OSM,0,,
-9.520992,-37.297196,80,OSM,0,,
-9.520920,-36.188130,60,OSM:classe,1,40,
-9.520905,-37.201873,60,OSM:classe,1,40,
-9.520891,-35.938063,80,OSM,0,,
-9.520874,-37.296975,40,OSM:classe,1,40,
-9.520818,-37.297112,80,OSM,0,,
-9.520789,-37.297097,80,OSM,0,,
-9.520789,-36.375078,60,OSM:classe,1,50,
-9.520768,-36.233120,80,OSM,0,,
-9.520735,-36.189495,60,OSM:classe,1,40,
-9.520682,-37.192371,60,OSM:classe,1,50,
-9.520639,-37.169433,60,OSM:classe,1,40,
-9.520597,-35.727563,80,OSM,0,,
-9.520562,-37.296975,80,OSM,0,,
-9.520528,-37.192313,60,OSM:classe,1,50,
-9.520501,-37.164948,60,OSM:classe,1,40,
-9.520499,-37.575317,80,OSM,0,,
-9.520441,-35.998297,80,OSM,0,,
-9.520428,-35.725951,80,OSM,0,,
-9.520394,-36.642044,80,OSM,0,,
-9.520356,-37.160429,60,OSM:classe,1,40,
-9.520314,-35.592476,25,OSM,0,,
-9.520304,-37.224166,60,OSM:classe,1,40,
-9.520245,-35.722316,80,OSM,0,,
-9.520235,-35.594298,25,OSM,0,,
-9.520231,-36.642064,80,OSM,0,,
-9.520169,-35.592228,25,OSM,0,,
-9.520068,-36.647869,60,OSM:classe,1,40,
-9.519971,-37.810490,60,OSM:classe,1,60,
-9.519803,-37.383766,60,OSM:classe,1,50,
-9.519793,-37.197461,60,OSM:classe,1,40,
-9.519776,-37.096820,60,OSM:classe,1,40,
-9.519765,-37.009599,60,OSM:classe,1,40,
-9.519619,-36.987552,60,OSM:classe,1,50,
-9.519607,-36.987947,60,OSM:classe,1,50,
-9.519510,-36.987795,40,OSM:classe,1,40,
-9.519384,-36.987601,60,OSM:classe,1,50,
-9.519378,-36.987809,60,OSM:classe,1,50,
-9.519365,-36.049628,60,OSM:classe,1,40,
-9.519364,-36.049520,60,OSM:classe,1,40,
-9.519333,-36.973969,60,OSM:classe,1,40,
-9.519321,-37.096182,60,OSM:classe,1,40,
-9.519286,-36.987621,60,OSM:classe,1,50,
-9.519241,-37.193038,60,OSM:classe,1,40,
-9.519210,-35.722814,80,OSM,0,,
-9.519168,-37.228470,60,OSM:classe,1,40,
-9.519168,-36.586239,60,OSM:classe,1,40,
-9.519121,-37.191885,60,OSM:classe,1,50,
-9.519019,-37.739409,60,OSM:classe,1,40,
-9.519013,-35.802914,40,OSM:classe,1,40,
-9.519002,-36.913517,60,OSM:classe,1,40,
-9.518990,-37.191926,60,OSM:classe,1,50,
-9.518975,-37.191804,60,OSM:classe,1,50,
-9.518960,-37.156095,60,OSM:classe,1,40,
-9.518893,-36.167720,60,OSM:classe,1,40,
-9.518860,-36.987723,60,OSM:classe,1,50,
-9.518830,-37.092622,60,OSM:classe,1,40,
-9.518807,-37.092395,60,OSM:classe,1,40,
-9.518757,-36.440652,80,OSM:classe,1,60,
-9.518719,-37.296049,60,OSM:classe,1,50,
-9.518714,-35.803057,50,OSM,0,,
-9.518688,-35.870878,60,OSM:classe,1,40,
-9.518671,-36.102179,60,OSM:classe,1,40,
-9.518658,-36.337607,60,OSM:classe,1,40,
-9.518657,-35.596957,25,OSM,0,,
-9.518603,-37.074865,60,OSM:classe,1,40,
-9.518540,-36.376372,60,OSM:classe,1,50,
-9.518507,-36.672366,60,OSM:classe,1,40,
-9.518487,-37.140421,60,OSM:classe,1,40,
-9.518422,-37.070329,60,OSM:classe,1,40,
-9.518343,-36.643381,80,OSM,0,,
-9.518320,-37.065801,60,OSM:classe,1,40,
-9.518288,-37.079413,60,OSM:classe,1,40,
-9.518268,-37.188832,60,OSM:classe,1,40,
-9.518228,-37.088401,60,OSM:classe,1,40,
-9.518182,-35.591720,25,OSM,0,,
-9.518158,-36.405087,60,OSM:classe,1,40,
-9.518105,-37.083923,60,OSM:classe,1,40,
-9.518064,-37.185703,60,OSM:classe,1,40,
-9.517983,-36.341945,60,OSM:classe,1,40,
-9.517952,-35.773619,100,OSM,0,,
-9.517912,-37.190440,60,OSM:classe,1,40,
-9.517880,-35.596200,60,OSM:classe,1,60,
-9.517877,-37.172674,60,OSM:classe,1,40,
-9.517799,-35.590810,30,OSM,0,,
-9.517760,-36.377439,60,OSM:classe,1,50,
-9.517739,-37.191512,60,OSM:classe,1,50,
-9.517737,-37.382421,60,OSM:classe,1,50,
-9.517722,-37.183718,60,OSM:classe,1,40,
-9.517695,-36.643837,80,OSM,0,,
-9.517649,-36.190742,60,OSM:classe,1,40,
-9.517595,-36.651661,60,OSM:classe,1,40,
-9.517589,-36.230903,80,OSM,0,,
-9.517566,-36.378127,60,OSM:classe,1,50,
-9.517510,-37.189781,60,OSM:classe,1,40,
-9.517299,-36.164081,60,OSM:classe,1,40,
-9.517289,-37.151867,60,OSM:classe,1,40,
-9.517214,-36.000325,60,OSM,0,,
-9.517175,-35.803597,50,OSM,0,,
-9.517124,-37.466923,60,OSM:classe,1,50,
-9.517093,-36.677431,60,OSM:classe,1,40,
-9.517079,-35.724991,80,OSM,0,,
-9.517069,-35.591785,20,OSM,0,,
-9.517065,-36.625024,60,OSM:classe,1,40,
-9.517051,-35.773259,40,OSM:classe,1,40,
-9.516997,-35.591092,20,OSM,0,,
-9.516901,-37.013113,60,OSM:classe,1,40,
-9.516863,-37.585563,80,OSM,0,,
-9.516851,-37.061580,60,OSM:classe,1,40,
-9.516803,-37.677798,60,OSM:classe,1,40,
-9.516767,-35.803974,50,OSM,0,,
-9.516673,-36.582590,60,OSM:classe,1,40,
-9.516658,-37.813483,60,OSM:classe,1,60,
-9.516652,-35.803852,40,OSM:classe,1,40,
-9.516550,-35.804074,40,OSM:classe,1,40,
-9.516494,-36.545051,80,OSM,0,,
-9.516440,-36.988270,60,OSM:classe,1,50,
-9.516433,-36.345833,60,OSM:classe,1,40,
-9.516394,-35.804145,60,OSM,0,,
-9.516384,-35.725392,80,OSM,0,,
-9.516351,-36.229106,80,OSM,0,,
-9.516224,-36.047414,60,OSM:classe,1,40,
-9.516223,-36.346353,60,OSM:classe,1,40,
-9.516216,-35.804061,60,OSM,0,,
-9.516214,-37.299563,60,OSM:classe,1,50,
-9.516173,-37.057354,60,OSM:classe,1,40,
-9.516154,-36.564730,60,OSM:classe,1,40,
-9.516148,-37.176868,60,OSM:classe,1,40,
-9.516127,-37.191532,60,OSM:classe,1,50,
-9.516101,-36.970799,60,OSM:classe,1,40,
-9.516068,-35.773099,100,OSM,0,,
-9.516061,-37.191621,60,OSM:classe,1,50,
-9.516001,-35.591206,30,OSM,0,,
-9.515945,-36.569196,60,OSM:classe,1,40,
-9.515894,-37.181355,60,OSM:classe,1,40,
-9.515868,-36.001166,60,OSM,0,,
-9.515822,-36.347846,60,OSM:classe,1,40,
-9.515820,-36.443373,80,OSM:classe,1,60,
-9.515797,-35.804432,80,OSM:classe,1,60,
-9.515780,-36.229634,60,OSM:classe,1,40,
-9.515738,-36.401338,60,OSM:classe,1,40,
-9.515701,-36.229707,60,OSM:classe,1,40,
-9.515641,-35.725423,80,OSM,0,,
-9.515611,-36.910736,60,OSM:classe,1,40,
-9.515455,-37.053160,60,OSM:classe,1,40,
-9.515382,-36.573688,60,OSM:classe,1,40,
-9.515380,-36.578242,60,OSM:classe,1,40,
-9.515335,-36.578049,60,OSM:classe,1,40,
-9.515248,-36.560418,60,OSM:classe,1,40,
-9.515196,-37.147843,60,OSM:classe,1,40,
-9.515191,-36.001575,50,OSM,0,,
-9.515157,-37.143259,60,OSM:classe,1,40,
-9.515046,-35.873552,60,OSM:classe,1,40,
-9.514957,-36.001721,50,OSM,0,,
-9.514919,-36.623059,60,OSM:classe,1,40,
-9.514901,-36.001758,50,OSM,0,,
-9.514898,-37.192570,60,OSM:classe,1,50,
-9.514858,-36.001548,40,OSM,0,,
-9.514851,-36.655273,60,OSM:classe,1,40,
-9.514819,-36.257317,60,OSM:classe,1,40,
-9.514798,-36.001563,40,OSM,0,,
-9.514774,-36.225805,80,OSM,0,,
-9.514764,-37.147044,60,OSM:classe,1,40,
-9.514758,-36.100131,60,OSM:classe,1,40,
-9.514667,-36.001311,40,OSM,0,,
-9.514656,-36.001921,50,OSM,0,,
-9.514584,-37.738654,60,OSM:classe,1,40,
-9.514555,-35.772573,100,OSM,0,,
-9.514529,-36.380960,60,OSM:classe,1,50,
-9.514501,-36.670295,60,OSM:classe,1,40,
-9.514432,-36.621671,60,OSM:classe,1,40,
-9.514360,-35.933275,80,OSM,0,,
-9.514349,-37.817395,60,OSM:classe,1,60,
-9.514194,-36.193572,60,OSM:classe,1,40,
-9.514162,-35.805445,40,OSM:classe,1,40,
-9.514136,-35.805143,60,OSM:classe,1,50,
-9.514107,-35.724861,80,OSM,0,,
-9.514035,-35.593981,60,OSM:classe,1,60,
-9.513988,-35.772603,100,OSM,0,,
-9.513987,-35.805002,40,OSM:classe,1,40,
-9.513920,-37.145082,60,OSM:classe,1,40,
-9.513858,-36.645023,80,OSM,0,,
-9.513840,-35.805927,60,OSM:classe,1,50,
-9.513806,-36.645132,80,OSM,0,,
-9.513793,-36.250815,60,OSM:classe,1,40,
-9.513713,-35.805659,60,OSM:classe,1,50,
-9.513651,-35.805629,40,OSM:classe,1,40,
-9.513604,-37.145428,60,OSM:classe,1,40,
-9.513602,-37.381626,60,OSM:classe,1,50,
-9.513547,-37.303196,60,OSM:classe,1,50,
-9.513485,-35.805261,40,OSM:classe,1,40,
-9.513406,-37.145951,60,OSM:classe,1,40,
-9.513317,-35.772498,100,OSM,0,,
-9.513312,-37.145842,60,OSM:classe,1,40,
-9.513248,-35.804422,40,OSM:classe,1,40,
-9.513227,-37.049292,60,OSM:classe,1,40,
-9.513138,-37.015561,60,OSM:classe,1,40,
-9.513105,-36.446170,80,OSM:classe,1,60,
-9.513098,-35.998996,80,OSM,0,,
-9.513030,-36.351101,60,OSM:classe,1,40,
-9.512978,-37.145684,60,OSM:classe,1,40,
-9.512960,-36.224182,80,OSM,0,,
-9.512922,-36.163037,60,OSM:classe,1,40,
-9.512819,-35.772678,100,OSM,0,,
-9.512807,-35.931918,80,OSM,0,,
-9.512758,-36.907926,60,OSM:classe,1,40,
-9.512686,-36.658124,60,OSM:classe,1,40,
-9.512673,-37.466564,60,OSM:classe,1,50,
-9.512656,-36.967887,60,OSM:classe,1,40,
-9.512632,-37.677598,60,OSM:classe,1,40,
-9.512611,-36.677697,60,OSM:classe,1,40,
-9.512606,-36.254066,60,OSM:classe,1,40,
-9.512604,-36.625834,60,OSM:classe,1,40,
-9.512544,-36.630393,60,OSM:classe,1,40,
-9.512464,-36.012050,60,OSM:classe,1,40,
-9.512394,-36.378458,60,OSM:classe,1,50,
-9.512235,-36.557091,60,OSM:classe,1,40,
-9.512219,-35.810075,60,OSM:classe,1,50,
-9.512200,-36.658949,60,OSM:classe,1,40,
-9.512154,-35.806018,80,OSM:classe,1,60,
-9.512122,-36.576188,60,OSM:classe,1,40,
-9.512121,-37.044878,60,OSM:classe,1,40,
-9.512073,-37.144943,60,OSM:classe,1,40,
-9.512072,-36.446613,80,OSM:classe,1,60,
-9.512063,-35.772831,100,OSM,0,,
-9.512051,-36.989263,60,OSM:classe,1,50,
-9.511873,-36.048288,60,OSM:classe,1,40,
-9.511850,-36.232061,60,OSM:classe,1,40,
-9.511802,-37.821121,60,OSM:classe,1,60,
-9.511774,-36.634825,60,OSM:classe,1,40,
-9.511754,-36.399289,60,OSM:classe,1,40,
-9.511737,-36.258289,60,OSM:classe,1,40,
-9.511735,-35.806387,80,OSM:classe,1,60,
-9.511688,-35.806242,80,OSM:classe,1,60,
-9.511676,-36.013344,60,OSM:classe,1,40,
-9.511657,-36.899943,60,OSM:classe,1,40,
-9.511654,-35.876527,60,OSM:classe,1,40,
-9.511532,-36.222388,80,OSM,0,,
-9.511473,-37.144301,60,OSM:classe,1,40,
-9.511412,-36.259756,60,OSM:classe,1,40,
-9.511390,-37.195422,60,OSM:classe,1,50,
-9.511385,-36.639266,60,OSM:classe,1,40,
-9.511337,-35.806428,40,OSM:classe,1,40,
-9.511280,-35.725420,80,OSM,0,,
-9.511246,-35.930191,80,OSM,0,,
-9.511228,-36.619021,60,OSM:classe,1,40,
-9.511202,-37.292381,80,OSM,0,,
-9.511176,-36.637456,60,OSM:classe,1,40,
-9.511162,-36.895603,60,OSM:classe,1,40,
-9.511142,-35.806713,40,OSM:classe,1,40,
-9.511131,-35.811584,60,OSM:classe,1,50,
-9.511121,-37.143897,60,OSM:classe,1,40,
-9.511026,-35.773762,100,OSM,0,,
-9.510910,-37.019472,60,OSM:classe,1,40,
-9.510901,-35.980922,60,OSM:classe,1,40,
-9.510882,-36.653947,60,OSM:classe,1,40,
-9.510865,-36.904431,60,OSM:classe,1,40,
-9.510860,-36.646739,80,OSM,0,,
-9.510831,-36.646662,80,OSM,0,,
-9.510747,-36.004858,60,OSM:classe,1,40,
-9.510746,-36.004791,60,OSM:classe,1,40,
-9.510745,-36.004723,60,OSM:classe,1,40,
-9.510697,-36.006581,60,OSM:classe,1,40,
-9.510680,-37.040559,60,OSM:classe,1,40,
-9.510668,-35.773998,100,OSM,0,,
-9.510564,-36.011138,60,OSM:classe,1,40,
-9.510539,-36.098554,60,OSM:classe,1,40,
-9.510495,-36.668224,60,OSM:classe,1,40,
-9.510481,-37.737160,60,OSM:classe,1,40,
-9.510433,-36.904231,60,OSM:classe,1,40,
-9.510364,-35.774824,100,OSM,0,,
-9.510328,-35.807128,80,OSM:classe,1,60,
-9.510284,-35.807019,80,OSM:classe,1,60,
-9.510245,-36.014258,60,OSM,0,,
-9.510209,-35.985371,60,OSM:classe,1,40,
-9.510191,-36.004770,50,OSM,0,,
-9.510149,-36.248507,60,OSM:classe,1,40,
-9.510125,-36.013633,60,OSM,0,,
-9.510117,-35.775205,100,OSM,0,,
-9.510085,-37.596108,80,OSM,0,,
-9.510084,-35.776155,100,OSM,0,,
-9.510082,-36.195245,60,OSM:classe,1,40,
-9.510044,-35.592283,100,OSM:classe,1,80,
-9.509988,-35.726281,80,OSM,0,,
-9.509979,-37.036062,60,OSM:classe,1,40,
-9.509923,-35.779043,100,OSM,0,,
-9.509896,-36.891526,60,OSM:classe,1,40,
-9.509896,-35.989919,60,OSM:classe,1,40,
-9.509895,-36.662864,60,OSM:classe,1,40,
-9.509851,-37.305783,60,OSM:classe,1,50,
-9.509848,-35.592207,60,OSM:classe,1,60,
-9.509841,-35.807375,80,OSM:classe,1,60,
-9.509752,-35.807308,80,OSM:classe,1,60,
-9.509744,-35.779381,100,OSM,0,,
-9.509598,-37.383021,60,OSM:classe,1,50,
-9.509583,-35.994468,60,OSM:classe,1,40,
-9.509545,-36.017345,60,OSM:classe,1,40,
-9.509516,-35.996439,60,OSM:classe,1,40,
-9.509495,-36.012929,60,OSM,0,,
-9.509472,-36.005715,60,OSM,0,,
-9.509350,-36.643139,60,OSM:classe,1,40,
-9.509347,-37.031548,60,OSM:classe,1,40,
-9.509322,-36.011679,60,OSM,0,,
-9.509291,-36.008462,60,OSM,0,,
-9.509261,-36.220527,80,OSM,0,,
-9.509180,-35.927372,60,OSM:classe,1,40,
-9.509161,-37.147975,60,OSM:classe,1,40,
-9.509085,-35.807762,80,OSM:classe,1,60,
-9.509079,-36.649771,60,OSM:classe,1,40,
-9.509059,-36.351454,60,OSM:classe,1,40,
-9.509049,-35.807655,80,OSM:classe,1,60,
-9.509044,-35.807779,80,OSM:classe,1,60,
-9.509021,-36.965202,60,OSM:classe,1,40,
-9.509004,-36.553994,60,OSM:classe,1,40,
-9.508992,-36.646810,60,OSM:classe,1,40,
-9.508922,-35.815172,60,OSM:classe,1,40,
-9.508820,-37.957251,60,OSM:classe,1,40,
-9.508783,-37.023377,60,OSM:classe,1,40,
-9.508758,-35.815457,60,OSM:classe,1,50,
-9.508742,-36.016327,60,OSM,0,,
-9.508720,-36.647681,60,OSM:classe,1,40,
-9.508660,-36.679607,60,OSM:classe,1,40,
-9.508580,-37.145099,60,OSM:classe,1,40,
-9.508562,-35.995757,80,OSM,0,,
-9.508525,-36.010525,60,OSM,0,,
-9.508493,-36.162901,60,OSM:classe,1,40,
-9.508458,-36.218254,80,OSM,0,,
-9.508455,-36.260514,60,OSM:classe,1,40,
-9.508382,-36.646900,80,OSM,0,,
-9.508355,-36.449130,80,OSM:classe,1,60,
-9.508206,-37.466614,60,OSM:classe,1,50,
-9.508199,-35.788012,100,OSM,0,,
-9.508167,-37.678134,60,OSM:classe,1,40,
-9.508164,-35.787618,100,OSM,0,,
-9.508092,-36.020765,60,OSM:classe,1,40,
-9.508083,-36.887374,60,OSM:classe,1,40,
-9.508044,-36.577431,60,OSM:classe,1,40,
-9.508007,-36.377572,60,OSM:classe,1,50,
-9.507949,-37.823405,60,OSM:classe,1,60,
-9.507922,-36.552092,60,OSM:classe,1,40,
-9.507914,-36.874190,60,OSM:classe,1,40,
-9.507881,-37.198273,60,OSM:classe,1,50,
-9.507847,-36.647121,80,OSM,0,,
-9.507838,-36.217395,80,OSM,0,,
-9.507814,-36.233955,60,OSM:classe,1,40,
-9.507812,-36.033149,80,OSM,0,,
-9.507706,-36.021098,60,OSM:classe,1,40,
-9.507607,-35.877574,60,OSM:classe,1,40,
-9.507605,-36.989820,60,OSM:classe,1,50,
-9.507604,-36.244836,60,OSM:classe,1,40,
-9.507559,-36.397864,60,OSM:classe,1,40,
-9.507509,-36.020927,40,OSM:classe,1,40,
-9.507497,-36.021196,60,OSM:classe,1,40,
-9.507476,-36.048356,60,OSM:classe,1,40,
-9.507462,-36.647250,60,OSM:classe,1,40,
-9.507444,-36.020396,60,OSM,0,,
-9.507382,-36.020845,60,OSM,0,,
-9.507364,-36.666598,60,OSM:classe,1,40,
-9.507357,-36.023560,60,OSM,0,,
-9.507354,-36.022737,60,OSM,0,,
-9.507328,-36.878602,60,OSM:classe,1,40,
-9.507328,-36.647210,80,OSM,0,,
-9.507326,-36.021267,60,OSM,0,,
-9.507316,-36.021944,60,OSM,0,,
-9.507311,-36.021521,60,OSM,0,,
-9.507302,-35.995523,80,OSM,0,,
-9.507241,-36.021243,40,OSM:classe,1,40,
-9.507202,-35.832552,60,OSM:classe,1,50,
-9.507192,-37.027619,60,OSM:classe,1,40,
-9.507184,-35.979490,60,OSM:classe,1,40,
-9.507183,-36.032141,80,OSM,0,,
-9.507171,-36.619839,60,OSM:classe,1,40,
-9.507136,-36.020998,60,OSM:classe,1,40,
-9.507043,-36.024219,60,OSM,0,,
-9.507032,-36.619834,60,OSM:classe,1,40,
-9.507028,-35.833698,60,OSM:classe,1,50,
-9.506995,-37.734311,60,OSM:classe,1,40,
-9.506868,-36.883020,60,OSM:classe,1,40,
-9.506864,-36.021715,60,OSM:classe,1,40,
-9.506852,-37.308839,80,OSM:classe,1,60,
-9.506828,-35.924126,100,OSM,0,,
-9.506796,-36.021348,60,OSM:classe,1,40,
-9.506782,-36.553040,60,OSM:classe,1,40,
-9.506687,-36.637184,60,OSM:classe,1,40,
-9.506657,-36.198163,60,OSM:classe,1,40,
-9.506574,-36.961439,60,OSM:classe,1,40,
-9.506500,-36.553275,80,OSM,0,,
-9.506489,-36.666153,60,OSM:classe,1,40,
-9.506435,-36.097132,60,OSM:classe,1,40,
-9.506419,-35.819347,60,OSM:classe,1,50,
-9.506381,-36.019941,60,OSM:classe,1,40,
-9.506327,-36.870719,60,OSM:classe,1,40,
-9.506307,-36.956888,60,OSM:classe,1,40,
-9.506274,-35.815511,60,OSM:classe,1,40,
-9.506135,-35.729350,80,OSM,0,,
-9.506110,-35.589704,60,OSM:classe,1,60,
-9.506101,-36.903069,60,OSM:classe,1,40,
-9.506075,-35.995875,80,OSM,0,,
-9.506074,-35.930668,60,OSM:classe,1,40,
-9.506040,-36.952337,60,OSM:classe,1,40,
-9.505959,-35.796537,100,OSM,0,,
-9.505958,-35.820443,60,OSM:classe,1,50,
-9.505921,-37.384516,60,OSM:classe,1,50,
-9.505843,-35.828206,60,OSM:classe,1,50,
-9.505815,-35.796615,100,OSM,0,,
-9.505680,-35.922884,100,OSM,0,,
-9.505639,-35.835664,60,OSM:classe,1,50,
-9.505629,-36.373808,60,OSM:classe,1,50,
-9.505629,-36.024903,40,OSM,0,,
-9.505598,-35.996240,80,OSM,0,,
-9.505569,-35.922174,100,OSM,0,,
-9.505524,-36.866245,60,OSM:classe,1,40,
-9.505421,-37.142270,60,OSM:classe,1,40,
-9.505276,-36.906713,60,OSM:classe,1,40,
-9.505272,-36.044911,60,OSM:classe,1,40,
-9.505132,-36.025061,40,OSM,0,,
-9.505117,-36.045491,80,OSM,0,,
-9.505110,-36.055412,80,OSM,0,,
-9.505105,-36.616576,60,OSM:classe,1,40,
-9.504996,-36.214976,80,OSM,0,,
-9.504939,-36.670383,60,OSM:classe,1,40,
-9.504934,-36.681969,60,OSM:classe,1,40,
-9.504889,-36.351451,60,OSM:classe,1,40,
-9.504885,-35.809377,80,OSM:classe,1,60,
-9.504880,-35.809501,80,OSM:classe,1,60,
-9.504863,-37.149216,60,OSM:classe,1,40,
-9.504858,-36.052947,80,OSM,0,,
-9.504844,-35.809395,80,OSM:classe,1,60,
-9.504841,-36.031377,80,OSM,0,,
-9.504670,-36.025212,40,OSM,0,,
-9.504657,-35.809593,80,OSM:classe,1,60,
-9.504624,-35.824796,60,OSM:classe,1,50,
-9.504610,-36.046330,80,OSM,0,,
-9.504609,-36.025231,40,OSM,0,,
-9.504561,-36.020651,60,OSM:classe,1,40,
-9.504524,-35.920090,100,OSM,0,,
-9.504481,-36.057480,80,OSM,0,,
-9.504446,-36.259250,60,OSM:classe,1,40,
-9.504423,-36.861867,60,OSM:classe,1,40,
-9.504372,-37.201124,60,OSM:classe,1,50,
-9.504338,-37.956961,60,OSM:classe,1,40,
-9.504337,-36.020472,60,OSM:classe,1,40,
-9.504305,-36.025324,60,OSM:classe,1,40,
-9.504280,-36.242184,60,OSM:classe,1,40,
-9.504211,-36.214805,80,OSM,0,,
-9.504206,-36.450589,80,OSM:classe,1,60,
-9.504200,-37.676319,60,OSM:classe,1,40,
-9.504162,-36.163951,60,OSM:classe,1,40,
-9.504129,-36.022592,60,OSM:classe,1,40,
-9.504100,-37.878892,60,OSM:classe,1,40,
-9.503949,-37.825489,60,OSM:classe,1,60,
-9.503835,-37.465574,60,OSM:classe,1,50,
-9.503739,-36.910990,60,OSM:classe,1,40,
-9.503736,-35.731279,80,OSM,0,,
-9.503732,-36.093526,60,OSM:classe,1,40,
-9.503634,-36.577358,60,OSM:classe,1,40,
-9.503622,-35.917201,100,OSM,0,,
-9.503533,-35.875644,60,OSM:classe,1,40,
-9.503495,-36.059770,80,OSM,0,,
-9.503483,-36.050560,80,OSM,0,,
-9.503441,-36.396297,60,OSM:classe,1,40,
-9.503423,-35.809917,100,OSM,0,,
-9.503354,-36.025633,40,OSM,0,,
-9.503352,-35.908666,100,OSM,0,,
-9.503343,-36.233999,60,OSM:classe,1,40,
-9.503322,-36.240144,60,OSM:classe,1,40,
-9.503308,-37.606654,80,OSM,0,,
-9.503291,-36.235920,60,OSM:classe,1,40,
-9.503260,-36.025661,30,OSM,0,,
-9.503235,-35.913656,40,OSM:classe,1,40,
-9.503223,-35.915095,100,OSM,0,,
-9.503215,-35.916713,100,OSM,0,,
-9.503152,-36.950204,60,OSM:classe,1,40,
-9.503142,-36.989651,60,OSM:classe,1,50,
-9.503139,-36.648791,80,OSM,0,,
-9.503089,-37.830974,60,OSM:classe,1,40,
-9.503058,-37.834871,60,OSM:classe,1,40,
-9.503056,-36.047748,80,OSM,0,,
-9.503013,-36.200591,60,OSM:classe,1,40,
-9.502989,-35.907657,100,OSM,0,,
-9.502968,-35.933965,60,OSM:classe,1,40,
-9.502952,-36.024953,60,OSM:classe,1,40,
-9.502932,-35.908529,100,OSM,0,,
-9.502924,-36.024492,60,OSM:classe,1,40,
-9.502893,-35.978893,60,OSM:classe,1,40,
-9.502885,-35.913246,40,OSM:classe,1,40,
-9.502879,-35.915004,100,OSM,0,,
-9.502878,-36.029277,60,OSM,0,,
-9.502819,-35.809989,100,OSM,0,,
-9.502777,-37.732786,60,OSM:classe,1,40,
-9.502771,-37.201466,60,OSM:classe,1,40,
-9.502715,-37.830221,60,OSM:classe,1,40,
-9.502651,-36.048392,60,OSM,0,,
-9.502609,-36.048937,60,OSM,0,,
-9.502588,-36.023913,60,OSM:classe,1,40,
-9.502586,-36.857785,60,OSM:classe,1,40,
-9.502576,-36.857737,60,OSM:classe,1,40,
-9.502571,-35.809367,100,OSM,0,,
-9.502558,-37.204912,60,OSM:classe,1,50,
-9.502553,-37.836065,60,OSM:classe,1,40,
-9.502545,-35.809761,100,OSM,0,,
-9.502526,-37.836120,60,OSM:classe,1,40,
-9.502518,-36.664019,60,OSM:classe,1,40,
-9.502509,-35.809641,100,OSM,0,,
-9.502487,-37.833588,60,OSM:classe,1,40,
-9.502482,-37.204752,60,OSM:classe,1,40,
-9.502467,-35.809432,100,OSM,0,,
-9.502462,-37.835990,60,OSM:classe,1,40,
-9.502455,-37.832856,60,OSM:classe,1,40,
-9.502432,-36.028947,50,OSM,0,,
-9.502432,-35.810005,100,OSM,0,,
-9.502414,-37.831977,60,OSM:classe,1,40,
-9.502400,-35.906807,100,OSM,0,,
-9.502398,-37.308958,80,OSM:classe,1,60,
-9.502369,-35.587185,60,OSM:classe,1,60,
-9.502363,-36.091019,60,OSM:classe,1,40,
-9.502283,-36.023455,60,OSM:classe,1,40,
-9.502249,-35.810033,100,OSM,0,,
-9.502199,-36.636911,60,OSM:classe,1,40,
-9.502128,-35.906914,100,OSM,0,,
-9.502095,-37.209447,60,OSM:classe,1,50,
-9.502074,-35.810283,100,OSM,0,,
-9.502027,-35.732587,80,OSM,0,,
-9.502021,-36.215040,80,OSM,0,,
-9.502004,-35.838206,60,OSM:classe,1,50,
-9.501991,-36.673805,60,OSM:classe,1,40,
-9.501927,-36.028554,50,OSM,0,,
-9.501902,-37.139675,60,OSM:classe,1,40,
-9.501888,-36.022148,60,OSM:classe,1,40,
-9.501870,-36.915137,60,OSM:classe,1,40,
-9.501851,-36.028496,50,OSM,0,,
-9.501847,-36.371442,60,OSM:classe,1,50,
-9.501838,-35.586872,100,OSM:classe,1,80,
-9.501825,-37.829768,60,OSM:classe,1,40,
-9.501813,-35.816082,60,OSM:classe,1,40,
-9.501797,-36.447618,80,OSM:classe,1,60,
-9.501792,-37.837451,60,OSM:classe,1,40,
-9.501763,-36.614460,60,OSM:classe,1,40,
-9.501698,-36.215074,80,OSM,0,,
-9.501695,-36.026204,50,OSM,0,,
-9.501675,-35.586785,60,OSM:classe,1,60,
-9.501623,-36.856999,60,OSM:classe,1,40,
-9.501605,-37.837562,60,OSM:classe,1,40,
-9.501595,-37.383302,60,OSM:classe,1,50,
-9.501511,-36.354356,60,OSM:classe,1,40,
-9.501506,-35.810654,100,OSM,0,,
-9.501505,-36.028229,50,OSM,0,,
-9.501409,-37.213922,60,OSM:classe,1,50,
-9.501247,-37.288312,80,OSM,0,,
-9.501240,-36.636853,60,OSM:classe,1,40,
-9.501209,-37.835293,60,OSM:classe,1,40,
-9.501169,-36.026699,40,OSM,0,,
-9.501104,-36.027743,40,OSM,0,,
-9.501052,-36.022648,60,OSM:classe,1,40,
-9.500743,-36.024008,60,OSM:classe,1,40,
-9.500702,-36.237554,60,OSM:classe,1,40,
-9.500682,-35.811722,60,OSM:classe,1,40,
-9.500595,-36.681581,60,OSM:classe,1,40,
-9.500559,-37.150485,60,OSM:classe,1,40,
-9.500528,-36.399021,60,OSM:classe,1,40,
-9.500488,-35.811300,80,OSM:classe,1,60,
-9.500453,-35.811316,40,OSM:classe,1,40,
-9.500427,-37.609236,80,OSM,0,,
-9.500420,-37.829726,60,OSM:classe,1,40,
-9.500205,-37.674692,60,OSM:classe,1,40,
-9.500202,-36.856260,60,OSM:classe,1,40,
-9.500194,-36.260079,60,OSM:classe,1,40,
-9.500091,-37.308610,80,OSM:classe,1,60,
-9.500078,-36.215045,80,OSM,0,,
-9.500041,-36.067896,80,OSM,0,,
-9.500026,-36.201244,60,OSM:classe,1,40,
-9.500018,-36.162500,60,OSM:classe,1,40,
-9.499950,-37.827573,60,OSM:classe,1,60,
-9.499945,-37.956028,60,OSM:classe,1,40,
-9.499853,-36.087236,60,OSM:classe,1,40,
-9.499811,-36.677774,60,OSM:classe,1,40,
-9.499702,-37.877940,60,OSM:classe,1,40,
-9.499663,-35.936997,60,OSM:classe,1,40,
-9.499541,-37.204024,60,OSM:classe,1,40,
-9.499528,-36.201331,60,OSM:classe,1,40,
-9.499474,-35.904337,100,OSM,0,,
-9.499450,-35.874917,60,OSM:classe,1,40,
-9.499411,-37.464822,60,OSM:classe,1,50,
-9.499395,-37.204167,60,OSM:classe,1,40,
-9.499315,-37.832916,60,OSM:classe,1,40,
-9.499272,-36.024200,60,OSM:classe,1,40,
-9.499240,-36.358256,60,OSM:classe,1,40,
-9.499236,-36.650386,80,OSM,0,,
-9.499231,-36.577060,60,OSM:classe,1,40,
-9.499222,-35.733802,80,OSM,0,,
-9.499049,-35.978199,60,OSM:classe,1,40,
-9.498989,-35.840956,60,OSM:classe,1,50,
-9.498927,-36.661288,60,OSM:classe,1,40,
-9.498863,-36.002644,80,OSM,0,,
-9.498768,-36.989867,60,OSM:classe,1,50,
-9.498730,-35.841521,60,OSM:classe,1,50,
-9.498708,-36.949506,60,OSM:classe,1,40,
-9.498701,-36.635777,60,OSM:classe,1,40,
-9.498685,-35.841632,60,OSM:classe,1,50,
-9.498623,-35.816579,60,OSM:classe,1,40,
-9.498554,-36.155072,60,OSM:classe,1,40,
-9.498511,-36.449697,80,OSM:classe,1,60,
-9.498481,-37.731449,60,OSM:classe,1,40,
-9.498467,-37.217366,60,OSM:classe,1,50,
-9.498465,-36.024299,60,OSM:classe,1,40,
-9.498421,-36.159184,60,OSM:classe,1,40,
-9.498411,-36.650574,80,OSM,0,,
-9.498393,-37.205104,60,OSM:classe,1,40,
-9.498252,-35.842247,60,OSM:classe,1,50,
-9.498208,-37.137247,60,OSM:classe,1,40,
-9.498151,-37.205312,60,OSM:classe,1,40,
-9.498112,-35.903508,100,OSM,0,,
-9.498058,-36.022785,60,OSM:classe,1,40,
-9.498041,-36.072599,60,OSM:classe,1,40,
-9.497984,-36.213997,80,OSM,0,,
-9.497955,-35.584235,60,OSM:classe,1,60,
-9.497949,-37.380847,60,OSM:classe,1,50,
-9.497889,-35.812152,40,OSM:classe,1,40,
-9.497856,-36.680950,60,OSM:classe,1,40,
-9.497853,-35.813458,60,OSM:classe,1,40,
-9.497780,-36.369677,60,OSM:classe,1,50,
-9.497741,-35.903023,100,OSM,0,,
-9.497723,-35.813515,60,OSM:classe,1,40,
-9.497703,-36.003787,80,OSM,0,,
-9.497673,-36.024432,60,OSM:classe,1,40,
-9.497635,-36.003849,80,OSM,0,,
-9.497611,-36.916027,60,OSM:classe,1,40,
-9.497507,-36.681652,60,OSM:classe,1,40,
-9.497499,-35.735883,80,OSM,0,,
-9.497473,-35.940584,60,OSM:classe,1,40,
-9.497354,-36.614987,60,OSM:classe,1,40,
-9.497337,-35.812363,80,OSM:classe,1,60,
-9.497321,-36.681993,60,OSM:classe,1,40,
-9.497303,-37.837525,60,OSM:classe,1,40,
-9.497286,-36.262631,60,OSM:classe,1,40,
-9.497175,-35.736262,80,OSM,0,,
-9.497040,-36.083687,60,OSM:classe,1,40,
-9.496880,-37.832511,60,OSM:classe,1,40,
-9.496792,-37.671733,60,OSM:classe,1,40,
-9.496773,-36.398653,60,OSM:classe,1,40,
-9.496750,-36.615241,60,OSM:classe,1,40,
-9.496586,-36.076021,80,OSM,0,,
-9.496568,-37.829612,60,OSM:classe,1,40,
-9.496548,-37.152509,60,OSM:classe,1,40,
-9.496505,-36.561499,80,OSM,0,,
-9.496464,-37.840732,60,OSM:classe,1,40,
-9.496435,-36.076377,80,OSM,0,,
-9.496318,-35.813008,80,OSM:classe,1,60,
-9.496169,-36.651064,40,OSM:classe,1,40,
-9.496141,-36.651072,80,OSM,0,,
-9.496126,-36.619744,60,OSM:classe,1,40,
-9.496117,-37.461879,60,OSM:classe,1,50,
-9.496096,-36.005172,80,OSM,0,,
-9.496089,-36.854989,60,OSM:classe,1,40,
-9.496088,-35.902602,100,OSM,0,,
-9.496064,-37.829607,60,OSM:classe,1,40,
-9.496043,-37.832532,60,OSM:classe,1,40,
-9.496015,-36.621515,60,OSM:classe,1,40,
-9.495973,-36.651628,40,OSM:classe,1,40,
-9.495967,-36.621401,60,OSM:classe,1,40,
-9.495950,-37.829657,60,OSM:classe,1,60,
-9.495934,-36.365629,60,OSM:classe,1,50,
-9.495841,-35.877578,60,OSM:classe,1,40,
-9.495802,-36.625987,60,OSM:classe,1,40,
-9.495788,-37.832436,60,OSM:classe,1,40,
-9.495729,-37.309498,80,OSM:classe,1,60,
-9.495716,-36.077489,60,OSM:classe,1,40,
-9.495690,-36.615475,60,OSM:classe,1,40,
-9.495681,-36.078455,80,OSM,0,,
-9.495670,-36.360821,60,OSM:classe,1,40,
-9.495611,-36.633560,60,OSM:classe,1,40,
-9.495608,-36.019493,60,OSM:classe,1,40,
-9.495601,-35.738248,80,OSM,0,,
-9.495599,-36.077379,60,OSM:classe,1,40,
-9.495596,-36.018886,60,OSM:classe,1,40,
-9.495581,-37.829844,60,OSM:classe,1,60,
-9.495578,-36.203330,60,OSM:classe,1,40,
-9.495570,-35.844122,60,OSM:classe,1,50,
-9.495567,-36.080535,60,OSM,0,,
-9.495521,-37.829875,80,OSM:classe,1,60,
-9.495512,-37.220803,60,OSM:classe,1,50,
-9.495492,-37.956170,60,OSM:classe,1,40,
-9.495465,-36.082759,60,OSM:classe,1,40,
-9.495464,-36.630475,60,OSM:classe,1,40,
-9.495451,-37.829559,80,OSM:classe,1,60,
-9.495408,-36.083895,80,OSM,0,,
-9.495374,-37.829618,80,OSM:classe,1,60,
-9.495313,-36.085743,80,OSM,0,,
-9.495305,-37.876989,60,OSM:classe,1,40,
-9.495292,-37.829360,80,OSM,0,,
-9.495256,-36.451567,80,OSM:classe,1,60,
-9.495158,-36.660805,60,OSM:classe,1,40,
-9.495118,-37.832470,60,OSM:classe,1,40,
-9.495052,-35.902143,100,OSM,0,,
-9.495004,-36.633455,60,OSM:classe,1,40,
-9.495003,-36.076582,60,OSM:classe,1,40,
-9.494996,-37.830161,80,OSM,0,,
-9.494980,-36.685864,60,OSM:classe,1,40,
-9.494872,-35.944303,60,OSM:classe,1,40,
-9.494831,-36.075913,60,OSM:classe,1,40,
-9.494766,-36.152862,60,OSM:classe,1,40,
-9.494741,-36.577308,60,OSM:classe,1,40,
-9.494730,-37.134504,60,OSM:classe,1,40,
-9.494713,-35.978160,60,OSM:classe,1,40,
-9.494706,-37.203747,60,OSM:classe,1,40,
-9.494656,-36.098879,80,OSM,0,,
-9.494582,-35.581230,60,OSM:classe,1,60,
-9.494528,-36.365066,60,OSM:classe,1,40,
-9.494450,-36.120224,80,OSM,0,,
-9.494442,-36.206788,60,OSM:classe,1,40,
-9.494440,-35.738838,80,OSM,0,,
-9.494352,-37.844706,60,OSM:classe,1,40,
-9.494346,-37.830486,60,OSM:classe,1,40,
-9.494344,-36.265903,60,OSM:classe,1,40,
-9.494309,-36.990403,60,OSM:classe,1,50,
-9.494265,-36.948809,60,OSM:classe,1,40,
-9.494244,-36.206709,60,OSM:classe,1,40,
-9.494243,-36.137106,80,OSM,0,,
-9.494193,-37.156355,60,OSM:classe,1,40,
-9.494103,-36.116201,80,OSM,0,,
-9.494096,-37.730436,60,OSM:classe,1,40,
-9.494089,-35.608906,20,OSM,0,,
-9.494030,-36.139061,80,OSM,0,,
-9.493998,-36.112016,80,OSM,0,,
-9.493954,-36.014875,60,OSM:classe,1,40,
-9.493935,-36.005942,80,OSM,0,,
-9.493913,-36.071450,60,OSM:classe,1,40,
-9.493867,-36.396520,60,OSM:classe,1,40,
-9.493845,-36.071007,60,OSM:classe,1,40,
-9.493830,-36.679415,60,OSM:classe,1,40,
-9.493773,-36.014646,60,OSM:classe,1,40,
-9.493749,-37.614920,60,OSM:classe,1,40,
-9.493724,-36.652392,80,OSM,0,,
-9.493647,-35.845080,60,OSM:classe,1,50,
-9.493524,-37.825915,80,OSM,0,,
-9.493492,-37.380389,60,OSM:classe,1,50,
-9.493448,-36.124828,80,OSM,0,,
-9.493392,-36.633647,60,OSM:classe,1,40,
-9.493380,-36.140853,80,OSM,0,,
-9.493376,-36.210650,80,OSM,0,,
-9.493293,-36.025463,60,OSM:classe,1,40,
-9.493234,-35.901714,100,OSM,0,,
-9.493190,-36.915310,60,OSM:classe,1,40,
-9.493168,-35.814071,80,OSM:classe,1,60,
-9.493159,-37.669085,60,OSM:classe,1,40,
-9.493070,-35.901893,100,OSM,0,,
-9.492995,-36.577405,60,OSM:classe,1,40,
-9.492927,-35.609829,20,OSM,0,,
-9.492762,-36.853347,60,OSM:classe,1,40,
-9.492727,-35.579360,60,OSM:classe,1,60,
-9.492710,-35.738718,80,OSM,0,,
-9.492557,-37.224239,60,OSM:classe,1,50,
-9.492501,-36.616319,60,OSM:classe,1,40,
-9.492436,-35.880457,60,OSM:classe,1,40,
-9.492359,-35.736423,80,OSM,0,,
-9.492271,-35.901263,100,OSM,0,,
-9.492269,-37.160471,60,OSM:classe,1,40,
-9.492226,-35.735895,80,OSM,0,,
-9.492224,-35.738487,80,OSM,0,,
-9.492149,-35.814715,80,OSM:classe,1,60,
-9.492147,-36.687707,60,OSM:classe,1,40,
-9.492017,-36.366270,80,OSM:classe,1,60,
-9.491985,-36.005840,80,OSM,0,,
-9.491975,-37.789828,80,OSM,0,,
-9.491945,-36.603957,60,OSM:classe,1,40,
-9.491931,-36.653072,60,OSM:classe,1,40,
-9.491928,-36.149421,60,OSM:classe,1,40,
-9.491925,-35.846610,60,OSM:classe,1,50,
-9.491902,-37.460290,60,OSM:classe,1,50,
-9.491830,-36.653215,60,OSM:classe,1,40,
-9.491809,-36.688101,60,OSM:classe,1,40,
-9.491794,-35.901145,100,OSM,0,,
-9.491765,-35.737702,80,OSM,0,,
-9.491747,-36.143349,80,OSM,0,,
-9.491691,-37.782625,80,OSM,0,,
-9.491673,-35.900646,100,OSM,0,,
-9.491567,-36.269394,60,OSM:classe,1,40,
-9.491564,-35.947124,60,OSM:classe,1,40,
-9.491556,-36.449584,80,OSM:classe,1,60,
-9.491508,-36.394163,60,OSM:classe,1,40,
-9.491490,-37.310795,80,OSM:classe,1,60,
-9.491340,-36.616425,60,OSM:classe,1,40,
-9.491292,-37.284242,80,OSM,0,,
-9.491269,-36.655589,60,OSM:classe,1,40,
-9.491241,-36.606985,60,OSM:classe,1,40,
-9.491089,-37.956611,60,OSM:classe,1,40,
-9.491038,-35.610435,20,OSM,0,,
-9.490962,-35.849321,60,OSM:classe,1,50,
-9.490943,-36.642241,60,OSM:classe,1,40,
-9.490907,-37.876037,60,OSM:classe,1,40,
-9.490862,-36.649365,60,OSM:classe,1,40,
-9.490812,-36.637138,60,OSM:classe,1,40,
-9.490809,-37.617426,80,OSM,0,,
-9.490770,-36.599556,60,OSM:classe,1,40,
-9.490768,-37.799009,80,OSM,0,,
-9.490739,-36.660116,60,OSM:classe,1,40,
-9.490669,-36.207598,60,OSM:classe,1,40,
-9.490667,-37.768990,80,OSM,0,,
-9.490632,-36.366766,80,OSM:classe,1,60,
-9.490601,-36.637937,60,OSM:classe,1,40,
-9.490583,-36.633573,60,OSM:classe,1,40,
-9.490540,-36.011552,60,OSM:classe,1,40,
-9.490446,-37.133328,60,OSM:classe,1,40,
-9.490410,-36.596711,60,OSM:classe,1,40,
-9.490403,-35.734463,80,OSM,0,,
-9.490393,-37.203121,60,OSM:classe,1,40,
-9.490392,-36.068103,60,OSM:classe,1,40,
-9.490361,-37.846534,60,OSM:classe,1,40,
-9.490332,-35.978131,60,OSM:classe,1,40,
-9.490311,-36.676584,60,OSM:classe,1,40,
-9.490291,-37.612613,60,OSM:classe,1,40,
-9.490172,-36.611393,60,OSM:classe,1,40,
-9.490073,-36.612861,60,OSM:classe,1,40,
-9.489834,-36.990843,60,OSM:classe,1,50,
-9.489827,-36.595132,60,OSM:classe,1,40,
-9.489821,-36.948111,60,OSM:classe,1,40,
-9.489653,-36.659842,60,OSM:classe,1,40,
-9.489644,-37.755356,80,OSM,0,,
-9.489640,-37.729890,60,OSM:classe,1,40,
-9.489602,-37.227675,60,OSM:classe,1,50,
-9.489581,-35.896715,100,OSM,0,,
-9.489561,-37.808190,80,OSM,0,,
-9.489508,-35.977271,60,OSM:classe,1,40,
-9.489433,-35.576272,60,OSM:classe,1,60,
-9.489376,-35.896754,100,OSM,0,,
-9.489320,-36.661350,60,OSM:classe,1,40,
-9.489312,-36.913249,60,OSM:classe,1,40,
-9.489278,-37.379177,60,OSM:classe,1,50,
-9.489243,-36.582998,60,OSM:classe,1,40,
-9.489230,-35.732163,80,OSM,0,,
-9.489211,-36.582869,60,OSM:classe,1,40,
-9.489186,-36.850723,60,OSM:classe,1,40,
-9.489186,-35.976882,60,OSM:classe,1,40,
-9.489000,-35.815780,80,OSM:classe,1,60,
-9.488923,-35.895841,100,OSM,0,,
-9.488911,-37.163414,60,OSM:classe,1,40,
-9.488891,-36.149492,30,OSM,0,,
-9.488834,-36.025710,60,OSM:classe,1,40,
-9.488816,-36.586300,60,OSM:classe,1,40,
-9.488689,-37.668585,60,OSM:classe,1,40,
-9.488671,-37.818367,80,OSM,0,,
-9.488663,-35.816155,40,OSM:classe,1,40,
-9.488659,-36.654437,80,OSM,0,,
-9.488656,-36.150694,30,OSM,0,,
-9.488644,-35.731813,80,OSM,0,,
-9.488634,-36.149798,30,OSM,0,,
-9.488633,-35.852120,60,OSM:classe,1,60,
-9.488620,-37.741721,80,OSM,0,,
-9.488602,-36.645910,60,OSM:classe,1,40,
-9.488597,-37.314231,80,OSM:classe,1,60,
-9.488557,-36.577977,60,OSM:classe,1,40,
-9.488556,-35.852075,60,OSM:classe,1,60,
-9.488485,-36.590838,60,OSM:classe,1,40,
-9.488472,-37.817922,60,OSM:classe,1,40,
-9.488402,-36.146642,80,OSM,0,,
-9.488376,-35.851350,60,OSM:classe,1,60,
-9.488371,-35.850982,60,OSM:classe,1,60,
-9.488368,-35.895679,100,OSM,0,,
-9.488354,-37.817372,80,OSM,0,,
-9.488340,-36.665799,60,OSM:classe,1,40,
-9.488338,-36.151474,30,OSM,0,,
-9.488327,-36.147000,30,OSM,0,,
-9.488301,-36.146971,40,OSM:classe,1,40,
-9.488242,-37.363505,60,OSM:classe,1,50,
-9.488204,-36.690739,60,OSM:classe,1,40,
-9.488201,-36.064278,60,OSM:classe,1,40,
-9.488169,-36.146833,40,OSM,0,,
-9.488169,-35.851792,60,OSM:classe,1,60,
-9.488137,-37.850328,60,OSM:classe,1,40,
-9.488132,-36.147227,30,OSM,0,,
-9.488039,-36.147678,30,OSM,0,,
-9.487980,-35.816423,80,OSM:classe,1,60,
-9.487970,-35.880995,60,OSM:classe,1,40,
-9.487939,-36.147032,80,OSM,0,,
-9.487912,-37.850254,60,OSM:classe,1,40,
-9.487888,-36.690493,60,OSM:classe,1,40,
-9.487819,-37.730818,60,OSM:classe,1,40,
-9.487787,-36.670315,60,OSM:classe,1,40,
-9.487724,-36.395206,60,OSM:classe,1,40,
-9.487669,-36.008044,60,OSM:classe,1,40,
-9.487633,-37.458969,60,OSM:classe,1,50,
-9.487628,-36.271343,60,OSM:classe,1,40,
-9.487607,-35.816339,60,OSM:classe,1,40,
-9.487597,-37.728087,80,OSM,0,,
-9.487539,-35.895091,100,OSM,0,,
-9.487535,-35.854272,60,OSM:classe,1,60,
-9.487526,-35.853848,60,OSM:classe,1,60,
-9.487519,-35.895309,100,OSM,0,,
-9.487488,-35.949022,60,OSM:classe,1,40,
-9.487478,-36.004210,80,OSM,0,,
-9.487439,-36.204011,80,OSM,0,,
-9.487408,-36.447834,80,OSM:classe,1,60,
-9.487377,-35.853755,60,OSM:classe,1,60,
-9.487314,-35.854108,60,OSM:classe,1,60,
-9.487313,-36.152532,30,OSM,0,,
-9.487230,-36.674833,60,OSM:classe,1,40,
-9.487193,-36.578800,60,OSM:classe,1,40,
-9.487173,-37.201603,60,OSM:classe,1,40,
-9.487108,-35.853309,60,OSM:classe,1,60,
-9.487098,-35.815542,60,OSM:classe,1,40,
-9.487082,-35.855026,60,OSM:classe,1,60,
-9.487073,-36.675171,60,OSM:classe,1,40,
-9.487071,-36.364490,80,OSM:classe,1,60,
-9.487062,-35.853165,60,OSM:classe,1,60,
-9.487006,-35.815564,60,OSM:classe,1,40,
-9.486984,-35.972907,60,OSM:classe,1,40,
-9.486977,-36.004171,60,OSM:classe,1,60,
-9.486940,-35.852815,60,OSM:classe,1,60,
-9.486927,-35.849612,40,OSM:classe,1,40,
-9.486870,-36.615927,60,OSM:classe,1,40,
-9.486865,-35.851328,60,OSM:classe,1,60,
-9.486840,-37.957391,60,OSM:classe,1,40,
-9.486824,-35.849443,60,OSM:classe,1,60,
-9.486823,-35.849631,60,OSM:classe,1,60,
-9.486817,-35.848784,60,OSM:classe,1,60,
-9.486774,-36.686147,60,OSM:classe,1,40,
-9.486773,-35.813930,60,OSM:classe,1,40,
-9.486756,-36.686093,60,OSM:classe,1,40,
-9.486735,-36.577966,60,OSM:classe,1,40,
-9.486724,-37.716946,80,OSM,0,,
-9.486719,-37.367763,60,OSM:classe,1,50,
-9.486703,-37.834485,80,OSM,0,,
-9.486670,-35.855068,60,OSM:classe,1,60,
-9.486661,-35.813955,60,OSM:classe,1,40,
-9.486647,-37.231111,60,OSM:classe,1,50,
-9.486510,-36.569723,80,OSM,0,,
-9.486509,-37.875086,60,OSM:classe,1,40,
-9.486459,-35.855382,60,OSM:classe,1,60,
-9.486362,-35.812114,60,OSM:classe,1,40,
-9.486316,-36.148447,80,OSM,0,,
-9.486289,-36.674832,60,OSM:classe,1,40,
-9.486284,-35.812133,60,OSM:classe,1,40,
-9.486220,-36.847449,60,OSM:classe,1,40,
-9.486193,-37.374336,60,OSM:classe,1,40,
-9.486172,-36.598235,60,OSM:classe,1,40,
-9.486122,-36.632995,60,OSM:classe,1,40,
-9.486098,-37.375012,60,OSM:classe,1,40,
-9.486016,-37.375657,60,OSM:classe,1,40,
-9.485990,-35.808004,60,OSM:classe,1,40,
-9.485985,-36.062243,60,OSM:classe,1,40,
-9.485976,-35.810203,60,OSM:classe,1,40,
-9.485971,-37.133502,60,OSM:classe,1,40,
-9.485946,-36.570186,80,OSM:classe,1,60,
-9.485915,-37.612020,60,OSM:classe,1,40,
-9.485898,-37.377424,60,OSM:classe,1,50,
-9.485874,-35.810231,60,OSM:classe,1,40,
-9.485857,-36.004029,60,OSM:classe,1,40,
-9.485785,-37.377373,60,OSM:classe,1,40,
-9.485785,-35.573607,60,OSM:classe,1,60,
-9.485692,-36.611783,60,OSM:classe,1,40,
-9.485690,-37.360118,60,OSM:classe,1,50,
-9.485645,-35.808600,60,OSM:classe,1,40,
-9.485546,-36.611573,60,OSM:classe,1,40,
-9.485542,-35.808620,60,OSM:classe,1,40,
-9.485497,-36.575133,60,OSM:classe,1,40,
-9.485458,-35.807610,60,OSM:classe,1,40,
-9.485398,-36.602586,60,OSM:classe,1,40,
-9.485391,-37.816406,60,OSM:classe,1,40,
-9.485377,-36.947414,60,OSM:classe,1,40,
-9.485375,-36.679382,60,OSM:classe,1,40,
-9.485367,-35.807624,60,OSM:classe,1,40,
-9.485349,-36.991137,60,OSM:classe,1,50,
-9.485282,-35.857559,60,OSM:classe,1,60,
-9.485277,-37.165968,60,OSM:classe,1,40,
-9.485265,-37.317229,80,OSM:classe,1,60,
-9.485231,-37.371476,60,OSM:classe,1,50,
-9.485166,-35.857391,40,OSM:classe,1,40,
-9.485117,-36.911912,60,OSM:classe,1,40,
-9.485112,-35.847727,60,OSM:classe,1,60,
-9.485103,-35.805983,60,OSM:classe,1,40,
-9.485041,-35.848034,60,OSM:classe,1,60,
-9.485017,-37.377220,60,OSM:classe,1,50,
-9.485011,-35.808209,60,OSM:classe,1,40,
-9.485010,-35.806005,60,OSM:classe,1,40,
-9.484995,-35.857644,60,OSM:classe,1,60,
-9.484992,-36.607099,60,OSM:classe,1,40,
-9.484897,-36.683757,60,OSM:classe,1,40,
-9.484875,-37.961436,60,OSM:classe,1,40,
-9.484867,-37.372478,60,OSM:classe,1,50,
-9.484867,-35.847968,60,OSM:classe,1,60,
-9.484831,-35.817489,80,OSM:classe,1,60,
-9.484720,-35.731552,80,OSM,0,,
-9.484694,-35.894729,100,OSM,0,,
-9.484687,-35.804088,60,OSM:classe,1,40,
-9.484675,-35.952450,60,OSM:classe,1,40,
-9.484598,-37.668126,60,OSM:classe,1,40,
-9.484587,-35.858169,60,OSM:classe,1,60,
-9.484486,-37.373517,60,OSM:classe,1,50,
-9.484482,-36.686759,60,OSM:classe,1,40,
-9.484373,-35.858088,60,OSM:classe,1,40,
-9.484345,-35.894421,100,OSM,0,,
-9.484342,-35.802480,60,OSM:classe,1,40,
-9.484318,-35.858066,60,OSM:classe,1,40,
-9.484317,-35.800381,60,OSM:classe,1,40,
-9.484285,-37.374151,60,OSM:classe,1,50,
-9.484259,-35.858041,60,OSM:classe,1,40,
-9.484257,-35.802496,60,OSM:classe,1,40,
-9.484233,-35.858415,60,OSM:classe,1,60,
-9.484149,-37.706296,80,OSM,0,,
-9.484073,-36.274045,60,OSM:classe,1,40,
-9.484051,-37.198976,60,OSM:classe,1,40,
-9.484047,-37.374127,60,OSM:classe,1,40,
-9.483995,-37.374796,60,OSM:classe,1,50,
-9.483954,-35.800588,60,OSM:classe,1,40,
-9.483935,-37.375441,60,OSM:classe,1,50,
-9.483883,-35.858715,60,OSM:classe,1,60,
-9.483867,-37.376120,60,OSM:classe,1,50,
-9.483815,-37.376801,60,OSM:classe,1,50,
-9.483810,-35.818130,80,OSM:classe,1,60,
-9.483802,-35.800239,60,OSM:classe,1,40,
-9.483740,-36.656210,80,OSM,0,,
-9.483695,-36.397230,60,OSM:classe,1,40,
-9.483692,-37.234548,60,OSM:classe,1,50,
-9.483683,-37.321403,80,OSM:classe,1,60,
-9.483636,-37.848844,60,OSM:classe,1,40,
-9.483557,-35.881701,60,OSM:classe,1,40,
-9.483521,-35.970458,60,OSM:classe,1,40,
-9.483510,-35.860492,60,OSM:classe,1,60,
-9.483469,-35.893981,100,OSM,0,,
-9.483377,-35.956726,60,OSM:classe,1,40,
-9.483375,-36.656431,80,OSM,0,,
-9.483374,-37.965721,60,OSM:classe,1,40,
-9.483351,-35.956886,60,OSM:classe,1,40,
-9.483337,-36.445929,80,OSM:classe,1,60,
-9.483318,-37.335139,60,OSM:classe,1,50,
-9.483315,-35.893560,100,OSM,0,,
-9.483293,-37.459327,60,OSM:classe,1,50,
-9.483267,-37.964146,60,OSM:classe,1,40,
-9.483218,-37.356375,60,OSM:classe,1,50,
-9.483146,-37.339245,60,OSM:classe,1,50,
-9.483091,-37.374044,60,OSM:classe,1,40,
-9.482940,-36.572650,80,OSM:classe,1,60,
-9.482937,-35.844000,60,OSM:classe,1,60,
-9.482919,-36.844666,60,OSM:classe,1,40,
-9.482780,-36.005256,60,OSM:classe,1,60,
-9.482761,-37.377262,60,OSM:classe,1,50,
-9.482748,-36.599365,60,OSM:classe,1,40,
-9.482747,-36.365315,80,OSM:classe,1,60,
-9.482747,-35.892418,100,OSM,0,,
-9.482723,-36.656451,80,OSM,0,,
-9.482719,-37.377772,60,OSM:classe,1,50,
-9.482657,-37.325584,80,OSM:classe,1,60,
-9.482625,-37.334496,80,OSM:classe,1,60,
-9.482588,-35.892441,100,OSM,0,,
-9.482572,-37.379066,60,OSM:classe,1,50,
-9.482532,-37.379419,60,OSM:classe,1,50,
-9.482497,-37.692950,80,OSM,0,,
-9.482465,-35.888578,100,OSM,0,,
-9.482455,-37.330127,80,OSM:classe,1,60,
-9.482448,-35.889577,100,OSM,0,,
-9.482430,-36.615658,60,OSM:classe,1,40,
-9.482422,-37.373978,60,OSM:classe,1,40,
-9.482352,-35.843015,60,OSM:classe,1,60,
-9.482337,-37.381137,60,OSM:classe,1,50,
-9.482203,-37.382298,60,OSM:classe,1,50,
-9.482146,-35.888123,100,OSM,0,,
-9.482128,-37.383031,60,OSM:classe,1,50,
-9.482112,-37.874134,60,OSM:classe,1,40,
-9.482040,-35.571113,60,OSM:classe,1,60,
-9.482007,-36.673655,60,OSM:classe,1,40,
-9.481940,-36.201212,80,OSM,0,,
-9.481934,-36.599759,60,OSM:classe,1,40,
-9.481877,-37.135011,60,OSM:classe,1,40,
-9.481841,-36.153729,80,OSM,0,,
-9.481815,-35.886849,100,OSM,0,,
-9.481756,-35.960890,60,OSM:classe,1,40,
-9.481697,-37.386949,60,OSM:classe,1,50,
-9.481694,-37.852015,60,OSM:classe,1,40,
-9.481649,-35.887071,100,OSM,0,,
-9.481644,-36.632855,60,OSM:classe,1,40,
-9.481608,-37.343529,60,OSM:classe,1,50,
-9.481595,-37.195351,60,OSM:classe,1,40,
-9.481566,-36.062368,60,OSM:classe,1,40,
-9.481543,-37.848151,60,OSM:classe,1,40,
-9.481488,-35.886843,40,OSM:classe,1,40,
-9.481470,-37.611782,60,OSM:classe,1,40,
-9.481452,-37.389100,60,OSM:classe,1,50,
-9.481400,-36.400782,60,OSM:classe,1,40,
-9.481366,-36.200623,80,OSM,0,,
-9.481326,-35.857390,60,OSM:classe,1,40,
-9.481308,-36.276940,60,OSM:classe,1,40,
-9.481288,-37.167300,60,OSM:classe,1,40,
-9.481272,-37.373865,60,OSM:classe,1,40,
-9.481245,-35.732884,80,OSM,0,,
-9.481214,-36.575377,60,OSM:classe,1,40,
-9.481202,-37.815080,60,OSM:classe,1,40,
-9.481190,-37.625617,80,OSM,0,,
-9.481135,-37.352334,60,OSM:classe,1,50,
-9.480934,-36.946716,60,OSM:classe,1,40,
-9.480854,-36.991284,60,OSM:classe,1,50,
-9.480845,-37.679604,40,OSM,0,,
-9.480833,-37.373347,60,OSM:classe,1,40,
-9.480826,-35.886034,100,OSM,0,,
-9.480780,-35.857107,60,OSM:classe,1,40,
-9.480740,-37.969350,60,OSM:classe,1,40,
-9.480737,-37.237984,60,OSM:classe,1,50,
-9.480733,-35.863743,60,OSM:classe,1,60,
-9.480662,-35.819198,80,OSM:classe,1,60,
-9.480634,-36.912163,60,OSM:classe,1,40,
-9.480509,-37.393522,60,OSM:classe,1,50,
-9.480434,-35.868159,60,OSM:classe,1,60,
-9.480307,-37.347866,60,OSM:classe,1,50,
-9.480201,-35.872554,60,OSM:classe,1,60,
-9.480181,-37.668533,60,OSM:classe,1,40,
-9.480178,-37.373008,60,OSM:classe,1,40,
-9.480170,-35.885140,100,OSM,0,,
-9.480154,-37.626973,80,OSM,0,,
-9.480072,-36.687476,60,OSM:classe,1,40,
-9.479980,-35.967746,60,OSM:classe,1,40,
-9.479973,-37.672737,40,OSM,0,,
-9.479934,-35.877040,60,OSM:classe,1,60,
-9.479853,-35.884237,60,OSM:classe,1,40,
-9.479842,-35.884918,60,OSM:classe,1,60,
-9.479840,-35.884273,60,OSM:classe,1,60,
-9.479722,-37.679934,60,OSM:classe,1,40,
-9.479716,-37.628205,80,OSM,0,,
-9.479674,-37.396128,80,OSM:classe,1,60,
-9.479673,-36.197344,80,OSM,0,,
-9.479641,-35.819838,80,OSM:classe,1,60,
-9.479600,-37.961512,60,OSM:classe,1,40,
-9.479571,-35.839499,60,OSM:classe,1,60,
-9.479564,-37.629563,80,OSM,0,,
-9.479549,-37.331189,60,OSM:classe,1,40,
-9.479528,-36.280653,60,OSM:classe,1,40,
-9.479443,-36.575516,80,OSM:classe,1,60,
-9.479439,-37.637983,80,OSM,0,,
-9.479431,-37.400596,80,OSM:classe,1,60,
-9.479410,-35.884970,100,OSM,0,,
-9.479384,-37.668756,60,OSM:classe,1,40,
-9.479377,-36.280757,60,OSM:classe,1,40,
-9.479368,-37.855793,60,OSM:classe,1,40,
-9.479314,-37.646403,80,OSM,0,,
-9.479306,-37.646759,80,OSM,0,,
-9.479267,-37.668754,40,OSM:classe,1,40,
-9.479261,-36.008093,60,OSM:classe,1,60,
-9.479225,-37.372614,60,OSM:classe,1,40,
-9.479176,-37.668990,40,OSM,0,,
-9.479164,-37.655028,80,OSM,0,,
-9.479149,-36.444271,80,OSM:classe,1,60,
-9.479143,-37.668861,60,OSM:classe,1,40,
-9.479125,-37.668785,80,OSM,0,,
-9.479094,-37.668641,80,OSM,0,,
-9.479021,-37.663297,80,OSM,0,,
-9.479017,-37.457950,60,OSM:classe,1,50,
-9.478998,-37.664508,80,OSM,0,,
-9.478878,-35.881430,60,OSM:classe,1,60,
-9.478844,-36.058834,60,OSM:classe,1,40,
-9.478825,-36.842818,60,OSM:classe,1,40,
-9.478817,-37.279134,80,OSM,0,,
-9.478775,-35.964103,60,OSM:classe,1,40,
-9.478771,-36.403712,60,OSM:classe,1,40,
-9.478769,-35.858352,60,OSM:classe,1,40,
-9.478753,-36.618113,60,OSM:classe,1,40,
-9.478645,-35.964713,60,OSM:classe,1,40,
-9.478564,-36.301148,80,OSM:classe,1,60,
-9.478418,-37.170132,60,OSM:classe,1,40,
-9.478411,-37.838809,80,OSM,0,,
-9.478359,-36.656811,80,OSM,0,,
-9.478350,-36.364968,80,OSM:classe,1,60,
-9.478333,-36.656703,80,OSM,0,,
-9.478278,-36.300427,80,OSM:classe,1,60,
-9.478118,-35.569351,60,OSM:classe,1,60,
-9.478097,-35.834404,40,OSM:classe,1,40,
-9.478008,-35.569244,60,OSM:classe,1,60,
-9.477906,-35.835530,60,OSM:classe,1,60,
-9.477806,-36.155865,80,OSM,0,,
-9.477782,-37.241420,60,OSM:classe,1,50,
-9.477778,-36.842796,60,OSM:classe,1,40,
-9.477759,-37.371834,60,OSM:classe,1,40,
-9.477747,-35.568973,60,OSM:classe,1,60,
-9.477714,-37.873183,60,OSM:classe,1,40,
-9.477703,-37.371788,60,OSM:classe,1,40,
-9.477696,-36.601282,60,OSM:classe,1,40,
-9.477654,-37.609762,60,OSM:classe,1,40,
-9.477641,-36.672710,60,OSM:classe,1,40,
-9.477574,-37.812416,60,OSM:classe,1,40,
-9.477444,-36.633411,60,OSM:classe,1,40,
-9.477381,-37.134920,60,OSM:classe,1,40,
-9.477327,-35.883442,100,OSM,0,,
-9.477302,-37.194129,60,OSM:classe,1,40,
-9.477300,-36.296087,60,OSM:classe,1,50,
-9.477269,-37.846733,60,OSM:classe,1,40,
-9.477208,-37.404125,80,OSM:classe,1,60,
-9.477182,-35.568365,60,OSM:classe,1,60,
-9.477096,-37.972008,60,OSM:classe,1,40,
-9.477015,-36.156531,80,OSM,0,,
-9.476985,-35.831213,60,OSM:classe,1,60,
-9.476949,-36.304933,80,OSM:classe,1,60,
-9.476822,-35.856746,60,OSM:classe,1,40,
-9.476616,-36.407608,60,OSM:classe,1,40,
-9.476580,-37.958134,60,OSM:classe,1,40,
-9.476524,-36.295434,60,OSM:classe,1,50,
-9.476493,-35.820907,80,OSM:classe,1,60,
-9.476490,-36.946019,60,OSM:classe,1,40,
-9.476437,-36.283738,60,OSM:classe,1,50,
-9.476418,-36.295282,60,OSM:classe,1,50,
-9.476360,-36.991431,60,OSM:classe,1,50,
-9.476302,-37.328158,60,OSM:classe,1,40,
-9.476187,-35.732929,80,OSM,0,,
-9.476176,-36.912746,60,OSM:classe,1,40,
-9.476070,-36.842107,60,OSM:classe,1,40,
-9.476056,-37.193886,60,OSM:classe,1,40,
-9.476025,-36.292179,60,OSM:classe,1,50,
-9.475996,-36.056500,60,OSM:classe,1,40,
-9.475961,-36.285706,60,OSM:classe,1,50,
-9.475946,-36.578382,80,OSM:classe,1,60,
-9.475903,-37.193277,60,OSM:classe,1,40,
-9.475798,-36.313089,80,OSM:classe,1,60,
-9.475795,-36.686460,60,OSM:classe,1,40,
-9.475768,-35.854265,60,OSM:classe,1,40,
-9.475741,-36.010931,60,OSM:classe,1,60,
-9.475690,-36.286240,60,OSM:classe,1,50,
-9.475564,-37.857721,60,OSM:classe,1,40,
-9.475547,-36.308987,80,OSM:classe,1,60,
-9.475537,-36.192932,80,OSM,0,,
-9.475506,-37.368522,60,OSM:classe,1,40,
-9.475499,-36.411732,60,OSM:classe,1,40,
-9.475472,-35.821545,80,OSM:classe,1,60,
-9.475404,-37.681204,60,OSM:classe,1,40,
-9.475373,-36.293544,60,OSM:classe,1,50,
-9.475314,-35.826981,60,OSM:classe,1,60,
-9.475305,-36.287395,60,OSM:classe,1,50,
-9.475148,-36.290855,60,OSM:classe,1,50,
-9.475050,-36.616112,60,OSM:classe,1,40,
-9.474999,-37.244701,60,OSM:classe,1,40,
-9.474987,-35.566045,60,OSM:classe,1,60,
-9.474984,-36.442895,80,OSM:classe,1,60,
-9.474891,-36.362332,80,OSM:classe,1,60,
-9.474827,-37.244856,60,OSM:classe,1,50,
-9.474806,-37.198029,60,OSM:classe,1,40,
-9.474764,-35.824956,60,OSM:classe,1,60,
-9.474624,-37.188906,60,OSM:classe,1,40,
-9.474551,-37.458159,60,OSM:classe,1,50,
-9.474528,-35.965264,60,OSM:classe,1,40,
-9.474519,-37.458163,60,OSM:classe,1,50,
-9.474461,-35.822265,60,OSM:classe,1,60,
-9.474426,-37.407570,80,OSM:classe,1,60,
-9.474362,-37.171872,60,OSM:classe,1,40,
-9.474350,-37.458186,60,OSM:classe,1,50,
-9.474119,-36.838631,60,OSM:classe,1,40,
-9.474118,-35.822089,60,OSM:classe,1,60,
-9.473977,-36.415868,60,OSM:classe,1,40,
-9.473973,-36.289527,60,OSM:classe,1,50,
-9.473955,-35.732185,80,OSM,0,,
-9.473951,-37.975216,60,OSM:classe,1,40,
-9.473946,-37.607782,60,OSM:classe,1,40,
-9.473899,-37.809799,60,OSM:classe,1,40,
-9.473734,-35.564902,40,OSM:classe,1,40,
-9.473524,-37.133427,60,OSM:classe,1,40,
-9.473458,-36.602806,60,OSM:classe,1,40,
-9.473405,-36.011988,60,OSM:classe,1,60,
-9.473402,-35.564357,40,OSM:classe,1,40,
-9.473323,-37.411989,80,OSM:classe,1,60,
-9.473317,-37.872231,60,OSM:classe,1,40,
-9.473315,-37.955013,60,OSM:classe,1,40,
-9.473223,-36.672100,60,OSM:classe,1,40,
-9.473161,-36.056343,60,OSM:classe,1,40,
-9.473156,-36.686560,60,OSM:classe,1,40,
-9.473097,-37.364766,60,OSM:classe,1,40,
-9.473083,-37.184625,60,OSM:classe,1,40,
-9.473078,-36.633180,60,OSM:classe,1,40,
-9.473071,-36.686399,60,OSM:classe,1,40,
-9.473070,-37.845218,60,OSM:classe,1,40,
-9.473069,-36.316363,80,OSM:classe,1,60,
-9.472967,-36.169290,80,OSM,0,,
-9.472932,-36.835445,60,OSM:classe,1,40,
-9.472867,-36.170434,80,OSM,0,,
-9.472840,-35.732453,80,OSM,0,,
-9.472654,-37.465249,60,OSM:classe,1,40,
-9.472640,-36.426352,80,OSM:classe,1,60,
-9.472620,-37.464160,60,OSM:classe,1,40,
-9.472617,-35.552592,60,OSM:classe,1,40,
-9.472608,-36.281582,60,OSM:classe,1,50,
-9.472584,-37.457935,60,OSM:classe,1,50,
-9.472482,-36.164134,80,OSM,0,,
-9.472479,-37.363422,60,OSM:classe,1,40,
-9.472477,-37.325814,60,OSM:classe,1,40,
-9.472450,-36.581248,80,OSM:classe,1,60,
-9.472325,-35.822615,80,OSM:classe,1,60,
-9.472304,-36.171296,80,OSM,0,,
-9.472299,-35.823038,40,OSM:classe,1,40,
-9.472254,-37.201776,60,OSM:classe,1,40,
-9.472220,-37.416409,80,OSM:classe,1,60,
-9.472197,-35.552000,60,OSM:classe,1,40,
-9.472127,-36.165628,80,OSM,0,,
-9.472118,-37.248047,60,OSM:classe,1,40,
-9.472098,-36.430874,80,OSM:classe,1,60,
-9.472046,-36.945321,60,OSM:classe,1,40,
-9.471880,-37.457701,60,OSM:classe,1,50,
-9.471872,-37.248293,60,OSM:classe,1,50,
-9.471866,-36.991578,60,OSM:classe,1,50,
-9.471834,-37.457688,60,OSM:classe,1,50,
-9.471729,-36.913421,60,OSM:classe,1,40,
-9.471690,-35.562953,60,OSM:classe,1,60,
-9.471665,-36.418715,60,OSM:classe,1,40,
-9.471589,-37.244935,60,OSM:classe,1,40,
-9.471575,-35.852845,60,OSM:classe,1,40,
-9.471564,-35.732410,60,OSM,0,,
-9.471504,-35.880195,100,OSM,0,,
-9.471494,-37.858904,60,OSM:classe,1,40,
-9.471471,-35.880339,100,OSM,0,,
-9.471429,-37.469563,60,OSM:classe,1,40,
-9.471425,-36.359545,80,OSM:classe,1,60,
-9.471364,-37.180421,60,OSM:classe,1,40,
-9.471308,-37.978905,60,OSM:classe,1,40,
-9.471303,-35.823253,80,OSM:classe,1,60,
-9.471296,-35.852623,60,OSM:classe,1,40,
-9.471267,-36.435346,80,OSM:classe,1,60,
-9.471252,-35.550552,60,OSM:classe,1,40,
-9.471184,-36.722191,60,OSM:classe,1,40,
-9.471165,-35.852589,60,OSM:classe,1,40,
-9.471159,-35.550397,60,OSM:classe,1,40,
-9.471117,-37.420828,80,OSM:classe,1,60,
-9.471107,-36.422681,80,OSM:classe,1,60,
-9.471090,-35.553907,60,OSM:classe,1,40,
-9.471085,-37.682475,60,OSM:classe,1,40,
-9.471061,-37.474011,60,OSM:classe,1,40,
-9.471032,-35.732463,60,OSM,0,,
-9.470974,-37.173909,60,OSM:classe,1,40,
-9.470898,-35.879810,100,OSM,0,,
-9.470831,-35.879964,100,OSM,0,,
-9.470794,-36.439766,80,OSM:classe,1,60,
-9.470771,-36.172339,80,OSM,0,,
-9.470764,-37.951356,60,OSM:classe,1,40,
-9.470682,-35.967624,60,OSM:classe,1,40,
-9.470621,-36.615749,60,OSM:classe,1,40,
-9.470576,-36.443419,80,OSM:classe,1,60,
-9.470368,-37.806977,60,OSM:classe,1,40,
-9.470362,-35.732919,40,OSM:classe,1,40,
-9.470337,-35.732605,60,OSM,0,,
-9.470302,-35.823654,40,OSM:classe,1,40,
-9.470297,-36.831982,60,OSM:classe,1,40,
-9.470280,-37.457175,60,OSM:classe,1,50,
-9.470269,-37.205866,60,OSM:classe,1,40,
-9.470234,-37.457162,60,OSM:classe,1,50,
-9.470118,-37.843133,80,OSM,0,,
-9.470014,-37.425248,80,OSM:classe,1,60,
-9.470013,-37.457093,60,OSM:classe,1,50,
-9.470011,-35.732816,40,OSM:classe,1,40,
-9.469943,-37.860813,60,OSM:classe,1,40,
-9.469917,-36.443566,60,OSM:classe,1,40,
-9.469866,-37.130853,60,OSM:classe,1,40,
-9.469853,-37.460587,60,OSM:classe,1,40,
-9.469804,-36.190065,80,OSM,0,,
-9.469665,-36.419579,60,OSM:classe,1,40,
-9.469641,-37.478336,60,OSM:classe,1,40,
-9.469628,-37.606773,60,OSM:classe,1,40,
-9.469599,-37.176289,60,OSM:classe,1,40,
-9.469573,-35.559039,60,OSM:classe,1,40,
-9.469527,-36.057687,60,OSM:classe,1,40,
-9.469504,-36.318564,80,OSM:classe,1,60,
-9.469502,-36.686283,60,OSM:classe,1,40,
-9.469502,-35.559795,60,OSM:classe,1,40,
-9.469491,-37.460191,60,OSM:classe,1,40,
-9.469482,-35.879293,100,OSM,0,,
-9.469474,-36.012848,60,OSM:classe,1,40,
-9.469406,-36.176022,80,OSM,0,,
-9.469298,-35.552327,60,OSM:classe,1,40,
-9.469247,-35.553545,60,OSM:classe,1,40,
-9.469241,-37.175822,60,OSM:classe,1,40,
-9.469220,-36.604330,60,OSM:classe,1,40,
-9.469219,-37.870458,60,OSM:classe,1,40,
-9.469197,-36.725028,60,OSM:classe,1,40,
-9.469148,-35.879068,100,OSM,0,,
-9.469142,-35.733414,60,OSM,0,,
-9.469117,-35.559215,60,OSM:classe,1,60,
-9.469107,-37.457850,60,OSM:classe,1,40,
-9.469102,-35.552137,60,OSM:classe,1,40,
-9.469078,-37.457967,60,OSM:classe,1,40,
-9.469067,-37.176136,60,OSM:classe,1,40,
-9.469057,-35.558100,60,OSM:classe,1,40,
-9.469014,-36.012928,60,OSM:classe,1,60,
-9.468958,-36.671018,60,OSM:classe,1,40,
-9.468953,-36.584114,80,OSM:classe,1,60,
-9.468917,-37.251729,60,OSM:classe,1,50,
-9.468911,-37.429667,80,OSM:classe,1,60,
-9.468874,-35.824020,40,OSM:classe,1,40,
-9.468759,-36.008348,60,OSM:classe,1,40,
-9.468675,-37.844250,60,OSM:classe,1,40,
-9.468654,-37.323566,60,OSM:classe,1,40,
-9.468651,-36.761104,60,OSM:classe,1,40,
-9.468642,-36.419186,80,OSM:classe,1,60,
-9.468621,-37.862370,60,OSM:classe,1,40,
-9.468613,-36.632850,60,OSM:classe,1,40,
-9.468603,-37.459562,60,OSM:classe,1,40,
-9.468545,-36.189145,80,OSM,0,,
-9.468512,-37.362538,60,OSM:classe,1,40,
-9.468453,-36.718643,60,OSM:classe,1,40,
-9.468429,-37.982395,60,OSM:classe,1,40,
-9.468425,-37.241876,60,OSM:classe,1,40,
-9.468326,-35.824463,40,OSM:classe,1,40,
-9.468264,-35.999417,60,OSM:classe,1,40,
-9.468241,-36.729478,60,OSM:classe,1,40,
-9.468234,-36.281518,60,OSM:classe,1,50,
-9.468156,-35.824324,80,OSM:classe,1,60,
-9.468133,-36.733961,60,OSM:classe,1,40,
-9.467868,-36.356876,80,OSM:classe,1,60,
-9.467866,-37.127195,60,OSM:classe,1,40,
-9.467819,-36.003916,60,OSM:classe,1,40,
-9.467808,-37.434087,80,OSM:classe,1,60,
-9.467802,-35.557303,40,OSM,0,,
-9.467700,-35.550736,60,OSM:classe,1,40,
-9.467691,-35.550725,60,OSM:classe,1,40,
-9.467685,-36.187774,80,OSM,0,,
-9.467660,-37.122743,60,OSM:classe,1,40,
-9.467626,-36.828554,60,OSM:classe,1,40,
-9.467602,-37.482388,60,OSM:classe,1,40,
-9.467602,-36.944624,60,OSM:classe,1,40,
-9.467589,-37.173278,60,OSM:classe,1,40,
-9.467458,-35.878921,100,OSM,0,,
-9.467455,-35.734103,80,OSM,0,,
-9.467438,-36.738336,60,OSM:classe,1,40,
-9.467437,-35.879073,100,OSM,0,,
-9.467403,-36.991435,60,OSM:classe,1,50,
-9.467368,-36.742760,60,OSM:classe,1,40,
-9.467365,-36.914466,60,OSM:classe,1,40,
-9.467303,-37.602871,60,OSM:classe,1,40,
-9.467230,-36.178023,80,OSM,0,,
-9.467227,-37.209144,60,OSM:classe,1,40,
-9.467219,-35.549688,60,OSM:classe,1,40,
-9.467206,-37.456179,60,OSM:classe,1,50,
-9.467133,-35.824960,80,OSM:classe,1,60,
-9.466939,-35.852305,60,OSM:classe,1,40,
-9.466859,-37.456947,60,OSM:classe,1,40,
-9.466846,-37.319458,60,OSM:classe,1,40,
-9.466838,-37.457138,60,OSM:classe,1,40,
-9.466835,-35.969985,60,OSM:classe,1,40,
-9.466769,-36.185046,80,OSM,0,,
-9.466767,-37.683745,60,OSM:classe,1,40,
-9.466745,-36.757076,60,OSM:classe,1,40,
-9.466719,-36.183434,80,OSM,0,,
-9.466705,-37.438506,80,OSM:classe,1,60,
-9.466682,-35.734179,80,OSM,0,,
-9.466681,-37.804367,60,OSM:classe,1,40,
-9.466679,-37.951943,60,OSM:classe,1,40,
-9.466668,-36.184180,80,OSM,0,,
-9.466663,-36.184327,80,OSM,0,,
-9.466614,-37.438826,80,OSM:classe,1,60,
-9.466566,-36.061044,60,OSM:classe,1,40,
-9.466552,-36.355753,80,OSM:classe,1,60,
-9.466489,-36.764966,60,OSM:classe,1,40,
-9.466483,-37.857901,60,OSM:classe,1,40,
-9.466422,-36.652960,80,OSM,0,,
-9.466342,-37.274026,80,OSM,0,,
-9.466329,-36.614395,60,OSM:classe,1,40,
-9.466325,-36.184092,40,OSM,0,,
-9.466319,-36.184406,40,OSM,0,,
-9.466259,-37.237897,60,OSM:classe,1,40,
-9.466115,-37.440748,80,OSM:classe,1,60,
-9.466058,-36.652637,80,OSM,0,,
-9.465962,-37.255165,60,OSM:classe,1,50,
-9.465925,-35.995645,60,OSM:classe,1,40,
-9.465886,-37.179168,60,OSM:classe,1,40,
-9.465816,-36.184270,40,OSM,0,,
-9.465739,-35.554263,60,OSM:classe,1,40,
-9.465668,-36.715120,60,OSM:classe,1,40,
-9.465550,-36.444236,60,OSM:classe,1,40,
-9.465456,-36.586980,80,OSM:classe,1,60,
-9.465444,-37.486388,60,OSM:classe,1,40,
-9.465431,-36.319102,80,OSM:classe,1,60,
-9.465374,-35.852169,60,OSM:classe,1,40,
-9.465369,-37.985736,60,OSM:classe,1,40,
-9.465320,-36.278254,60,OSM:classe,1,50,
-9.465296,-36.687062,60,OSM:classe,1,40,
-9.465280,-37.868352,60,OSM:classe,1,40,
-9.465259,-35.544032,60,OSM:classe,1,40,
-9.465173,-36.745502,60,OSM:classe,1,40,
-9.465139,-35.557983,60,OSM:classe,1,40,
-9.464992,-37.864843,60,OSM:classe,1,40,
-9.464988,-35.547176,60,OSM:classe,1,40,
-9.464982,-36.605854,60,OSM:classe,1,40,
-9.464978,-37.598969,60,OSM:classe,1,40,
-9.464971,-37.445157,80,OSM:classe,1,60,
-9.464963,-35.733452,80,OSM,0,,
-9.464935,-35.547123,60,OSM:classe,1,40,
-9.464862,-36.014593,60,OSM:classe,1,60,
-9.464850,-36.825058,60,OSM:classe,1,40,
-9.464839,-37.212751,60,OSM:classe,1,40,
-9.464775,-36.753126,60,OSM:classe,1,40,
-9.464744,-37.233616,60,OSM:classe,1,40,
-9.464680,-36.669644,60,OSM:classe,1,40,
-9.464634,-37.360245,60,OSM:classe,1,40,
-9.464549,-35.991407,60,OSM:classe,1,40,
-9.464492,-36.746155,60,OSM:classe,1,40,
-9.464468,-37.315701,60,OSM:classe,1,40,
-9.464457,-35.551996,40,OSM:classe,1,40,
-9.464431,-35.552021,60,OSM:classe,1,40,
-9.464404,-37.455300,60,OSM:classe,1,50,
-9.464399,-35.552273,40,OSM:classe,1,40,
-9.464353,-36.418666,80,OSM:classe,1,60,
-9.464351,-36.748593,60,OSM:classe,1,40,
-9.464301,-35.552126,60,OSM:classe,1,40,
-9.464132,-37.453704,60,OSM:classe,1,50,
-9.464117,-36.632802,60,OSM:classe,1,40,
-9.464054,-37.455186,60,OSM:classe,1,50,
-9.463994,-37.217220,60,OSM:classe,1,40,
-9.463987,-35.826033,80,OSM:classe,1,60,
-9.463908,-37.230831,60,OSM:classe,1,40,
-9.463836,-35.558490,60,OSM:classe,1,40,
-9.463826,-37.449565,80,OSM:classe,1,60,
-9.463825,-37.490591,60,OSM:classe,1,40,
-9.463564,-37.226286,60,OSM:classe,1,40,
-9.463493,-37.454996,60,OSM:classe,1,50,
-9.463461,-36.768053,60,OSM:classe,1,40,
-9.463459,-37.221746,60,OSM:classe,1,40,
-9.463445,-35.731842,80,OSM,0,,
-9.463362,-35.545389,60,OSM:classe,1,40,
-9.463353,-37.121430,60,OSM:classe,1,40,
-9.463342,-35.550553,40,OSM,0,,
-9.463291,-35.972253,60,OSM:classe,1,40,
-9.463276,-35.826315,40,OSM:classe,1,40,
-9.463265,-37.854740,60,OSM:classe,1,40,
-9.463251,-37.174320,60,OSM:classe,1,40,
-9.463234,-36.943721,60,OSM:classe,1,40,
-9.463233,-37.455496,60,OSM:classe,1,40,
-9.463096,-37.455755,60,OSM:classe,1,40,
-9.463034,-37.801705,60,OSM:classe,1,40,
-9.463014,-36.915599,60,OSM:classe,1,40,
-9.463008,-37.258601,60,OSM:classe,1,50,
-9.462982,-36.990804,60,OSM:classe,1,50,
-9.462964,-35.826668,80,OSM:classe,1,60,
-9.462923,-36.353457,80,OSM:classe,1,60,
-9.462845,-37.182214,60,OSM:classe,1,40,
-9.462647,-35.987383,60,OSM:classe,1,40,
-9.462497,-37.989171,60,OSM:classe,1,40,
-9.462464,-36.061605,60,OSM:classe,1,40,
-9.462455,-37.989462,60,OSM:classe,1,40,
-9.462448,-37.685015,60,OSM:classe,1,40,
-9.462327,-37.456897,60,OSM:classe,1,40,
-9.462311,-37.952739,60,OSM:classe,1,40,
-9.462200,-37.595396,60,OSM:classe,1,40,
-9.462180,-36.712379,60,OSM:classe,1,40,
-9.461959,-36.589846,80,OSM:classe,1,60,
-9.461921,-36.613659,60,OSM:classe,1,40,
-9.461904,-36.648797,80,OSM,0,,
-9.461840,-35.541693,60,OSM:classe,1,40,
-9.461838,-36.648932,80,OSM,0,,
-9.461783,-36.667895,60,OSM:classe,1,40,
-9.461701,-35.983283,60,OSM:classe,1,40,
-9.461680,-36.688740,60,OSM:classe,1,40,
-9.461630,-36.742912,60,OSM:classe,1,40,
-9.461542,-37.312360,60,OSM:classe,1,40,
-9.461507,-37.494421,60,OSM:classe,1,40,
-9.461468,-35.880307,100,OSM,0,,
-9.461420,-35.880143,100,OSM,0,,
-9.461322,-36.017403,60,OSM:classe,1,60,
-9.461318,-36.444655,60,OSM:classe,1,40,
-9.461253,-36.277379,60,OSM:classe,1,50,
-9.461110,-36.319383,80,OSM:classe,1,60,
-9.460995,-36.352858,80,OSM:classe,1,60,
-9.460882,-37.850876,60,OSM:classe,1,40,
-9.460874,-36.823627,60,OSM:classe,1,40,
-9.460843,-36.648345,80,OSM,0,,
-9.460744,-36.607377,60,OSM:classe,1,40,
-9.460707,-36.767663,60,OSM:classe,1,40,
-9.460610,-36.613672,60,OSM:classe,1,40,
-9.460506,-35.730245,80,OSM,0,,
-9.460402,-35.545627,40,OSM,0,,
-9.460319,-35.542033,60,OSM:classe,1,40,
-9.460315,-36.612051,60,OSM:classe,1,40,
-9.460280,-37.359106,60,OSM:classe,1,40,
-9.460277,-35.880323,100,OSM,0,,
-9.460187,-36.417251,60,OSM:classe,1,50,
-9.460180,-35.974930,60,OSM:classe,1,40,
-9.460087,-37.989857,60,OSM:classe,1,40,
-9.460053,-37.262038,60,OSM:classe,1,50,
-9.459939,-35.975856,60,OSM:classe,1,40,
-9.459931,-35.880077,100,OSM,0,,
-9.459919,-37.308178,60,OSM:classe,1,40,
-9.459905,-37.851533,80,OSM,0,,
-9.459858,-37.917421,60,OSM:classe,1,40,
-9.459840,-36.632869,60,OSM:classe,1,40,
-9.459818,-35.827742,80,OSM:classe,1,60,
-9.459813,-37.917381,60,OSM:classe,1,40,
-9.459798,-36.820432,60,OSM:classe,1,40,
-9.459785,-35.539312,60,OSM:classe,1,40,
-9.459763,-35.974916,60,OSM:classe,1,40,
-9.459736,-36.632844,60,OSM:classe,1,40,
-9.459653,-37.453919,60,OSM:classe,1,40,
-9.459643,-37.453326,60,OSM:classe,1,50,
-9.459630,-37.990478,60,OSM:classe,1,40,
-9.459567,-37.173564,60,OSM:classe,1,40,
-9.459560,-37.453880,60,OSM:classe,1,40,
-9.459534,-35.730196,80,OSM,0,,
-9.459422,-36.941304,60,OSM:classe,1,40,
-9.459402,-35.541138,60,OSM:classe,1,40,
-9.459298,-37.592080,60,OSM:classe,1,40,
-9.459241,-37.799290,60,OSM:classe,1,40,
-9.459077,-37.184351,60,OSM:classe,1,40,
-9.459055,-36.709170,60,OSM:classe,1,40,
-9.459047,-37.120118,60,OSM:classe,1,40,
-9.459007,-36.917005,60,OSM:classe,1,40,
-9.458867,-35.879504,100,OSM,0,,
-9.458840,-37.498091,60,OSM:classe,1,40,
-9.458828,-37.918781,60,OSM:classe,1,40,
-9.458795,-35.828375,80,OSM:classe,1,60,
-9.458737,-35.879647,100,OSM,0,,
-9.458719,-36.770379,60,OSM:classe,1,40,
-9.458705,-37.453156,60,OSM:classe,1,40,
-9.458657,-37.453208,60,OSM:classe,1,40,
-9.458633,-37.988193,60,OSM:classe,1,40,
-9.458568,-37.306460,60,OSM:classe,1,40,
-9.458522,-36.740766,60,OSM:classe,1,40,
-9.458486,-36.990755,60,OSM:classe,1,50,
-9.458462,-36.592712,80,OSM:classe,1,60,
-9.458281,-35.537125,60,OSM:classe,1,40,
-9.458275,-36.608158,60,OSM:classe,1,40,
-9.458143,-36.061412,60,OSM:classe,1,40,
-9.458139,-37.457435,60,OSM:classe,1,40,
-9.458135,-35.540778,40,OSM,0,,
-9.458130,-37.686285,60,OSM:classe,1,40,
-9.458064,-36.691136,60,OSM:classe,1,40,
-9.458046,-36.322339,80,OSM:classe,1,60,
-9.457969,-36.665661,60,OSM:classe,1,40,
-9.457862,-36.816441,60,OSM:classe,1,40,
-9.457856,-37.994623,60,OSM:classe,1,40,
-9.457847,-37.952811,60,OSM:classe,1,40,
-9.457792,-36.614548,60,OSM:classe,1,40,
-9.457781,-36.020214,60,OSM:classe,1,60,
-9.457725,-35.540321,60,OSM:classe,1,40,
-9.457721,-35.730522,80,OSM,0,,
-9.457623,-37.305419,60,OSM:classe,1,40,
-9.457405,-36.275298,60,OSM:classe,1,50,
-9.457403,-36.418573,60,OSM:classe,1,50,
-9.457346,-36.323767,80,OSM:classe,1,60,
-9.457322,-35.979077,60,OSM:classe,1,40,
-9.457261,-35.982985,60,OSM:classe,1,40,
-9.457187,-35.539969,40,OSM,0,,
-9.457120,-36.446022,60,OSM:classe,1,40,
-9.457098,-37.265474,60,OSM:classe,1,50,
-9.456969,-36.351329,80,OSM:classe,1,60,
-9.456930,-36.598637,60,OSM:classe,1,40,
-9.456848,-35.829132,40,OSM:classe,1,40,
-9.456847,-37.451122,60,OSM:classe,1,40,
-9.456732,-36.594141,60,OSM:classe,1,40,
-9.456725,-37.270071,60,OSM:classe,1,40,
-9.456714,-35.973175,60,OSM:classe,1,40,
-9.456713,-36.920760,60,OSM:classe,1,40,
-9.456712,-36.603190,60,OSM:classe,1,40,
-9.456669,-36.812053,60,OSM:classe,1,40,
-9.456627,-36.774380,60,OSM:classe,1,40,
-9.456545,-37.914275,60,OSM:classe,1,40,
-9.456514,-37.590093,60,OSM:classe,1,40,
-9.456506,-36.608901,60,OSM:classe,1,40,
-9.456494,-36.607743,60,OSM:classe,1,40,
-9.456196,-37.359731,60,OSM:classe,1,40,
-9.456172,-37.501760,60,OSM:classe,1,40,
-9.456090,-37.922397,60,OSM:classe,1,40,
-9.455895,-37.590692,60,OSM:classe,1,40,
-9.455717,-37.796488,60,OSM:classe,1,40,
-9.455650,-35.829451,80,OSM:classe,1,60,
-9.455534,-36.939027,60,OSM:classe,1,40,
-9.455507,-37.998507,60,OSM:classe,1,40,
-9.455487,-37.171684,60,OSM:classe,1,40,
-9.455433,-35.876441,100,OSM,0,,
-9.455312,-36.418429,60,OSM:classe,1,50,
-9.455296,-37.117762,60,OSM:classe,1,40,
-9.455278,-35.821654,60,OSM:classe,1,40,
-9.455265,-36.632355,60,OSM:classe,1,40,
-9.455228,-36.807784,60,OSM:classe,1,40,
-9.455191,-37.985326,60,OSM:classe,1,40,
-9.455191,-35.876632,100,OSM,0,,
-9.455108,-35.829665,40,OSM:classe,1,40,
-9.454995,-36.327581,80,OSM:classe,1,60,
-9.454966,-36.595578,80,OSM:classe,1,60,
-9.454932,-36.707426,60,OSM:classe,1,40,
-9.454913,-35.729607,80,OSM,0,,
-9.454885,-35.826185,60,OSM:classe,1,40,
-9.454836,-37.274094,60,OSM:classe,1,40,
-9.454766,-37.185638,60,OSM:classe,1,40,
-9.454737,-36.694106,60,OSM:classe,1,40,
-9.454625,-35.830083,80,OSM:classe,1,60,
-9.454577,-37.302066,60,OSM:classe,1,40,
-9.454556,-35.829899,80,OSM:classe,1,60,
-9.454542,-37.514583,60,OSM:classe,1,40,
-9.454504,-36.063911,60,OSM:classe,1,40,
-9.454348,-36.022966,60,OSM:classe,1,60,
-9.454343,-35.830710,60,OSM:classe,1,40,
-9.454340,-36.611985,60,OSM:classe,1,40,
-9.454265,-36.778238,60,OSM:classe,1,40,
-9.454258,-36.739946,60,OSM:classe,1,40,
-9.454238,-35.875329,40,OSM:classe,1,40,
-9.454212,-35.830236,80,OSM:classe,1,60,
-9.454171,-36.778419,60,OSM:classe,1,40,
-9.454136,-35.830080,80,OSM:classe,1,60,
-9.454112,-37.505744,60,OSM:classe,1,40,
-9.454106,-35.729797,80,OSM,0,,
-9.454092,-37.447520,60,OSM:classe,1,40,
-9.454065,-37.510074,60,OSM:classe,1,40,
-9.453989,-36.990706,60,OSM:classe,1,50,
-9.453956,-37.687530,60,OSM:classe,1,40,
-9.453918,-36.357284,60,OSM:classe,1,50,
-9.453867,-37.268918,80,OSM,0,,
-9.453845,-35.536992,100,OSM:classe,1,80,
-9.453788,-37.268485,80,OSM:classe,1,60,
-9.453764,-37.910737,60,OSM:classe,1,40,
-9.453698,-37.456835,60,OSM:classe,1,40,
-9.453640,-36.664621,60,OSM:classe,1,40,
-9.453561,-36.779606,60,OSM:classe,1,40,
-9.453488,-37.268575,40,OSM:classe,1,40,
-9.453480,-38.002576,60,OSM:classe,1,40,
-9.453476,-37.518886,60,OSM:classe,1,40,
-9.453469,-35.874460,100,OSM,0,,
-9.453439,-36.645184,80,OSM,0,,
-9.453418,-37.268737,80,OSM,0,,
-9.453407,-37.952163,60,OSM:classe,1,40,
-9.453372,-36.645038,80,OSM,0,,
-9.453353,-37.926013,60,OSM:classe,1,40,
-9.453229,-36.352857,60,OSM:classe,1,50,
-9.453218,-35.874673,100,OSM,0,,
-9.453182,-36.275024,60,OSM:classe,1,50,
-9.453118,-36.923498,60,OSM:classe,1,40,
-9.453113,-36.447169,60,OSM:classe,1,40,
-9.453105,-36.349582,80,OSM:classe,1,60,
-9.453042,-37.268564,80,OSM,0,,
-9.452721,-35.830844,80,OSM:classe,1,60,
-9.452618,-36.024335,60,OSM:classe,1,60,
-9.452589,-37.523292,60,OSM:classe,1,40,
-9.452566,-37.527820,60,OSM:classe,1,40,
-9.452515,-35.731229,80,OSM,0,,
-9.452496,-36.184306,80,OSM,0,,
-9.452473,-37.298193,60,OSM:classe,1,40,
-9.452362,-37.793521,60,OSM:classe,1,40,
-9.452337,-36.347747,80,OSM:classe,1,60,
-9.452330,-35.972260,60,OSM:classe,1,40,
-9.452268,-36.610425,60,OSM:classe,1,40,
-9.452235,-36.401996,60,OSM:classe,1,50,
-9.452184,-36.397841,60,OSM:classe,1,50,
-9.452055,-37.530405,60,OSM:classe,1,40,
-9.452044,-37.361124,60,OSM:classe,1,40,
-9.451971,-37.443503,60,OSM:classe,1,40,
-9.451951,-35.872002,100,OSM,0,,
-9.451937,-37.531031,60,OSM:classe,1,40,
-9.451877,-37.531819,60,OSM:classe,1,40,
-9.451776,-36.804939,60,OSM:classe,1,40,
-9.451772,-36.936530,60,OSM:classe,1,40,
-9.451755,-35.872089,100,OSM,0,,
-9.451748,-37.589699,60,OSM:classe,1,40,
-9.451665,-36.343240,80,OSM:classe,1,60,
-9.451642,-36.419632,60,OSM:classe,1,50,
-9.451532,-36.394245,60,OSM:classe,1,50,
-9.451528,-37.589669,60,OSM:classe,1,40,
-9.451469,-36.598444,80,OSM:classe,1,60,
-9.451468,-37.188389,60,OSM:classe,1,40,
-9.451413,-36.804481,60,OSM:classe,1,40,
-9.451371,-37.170107,60,OSM:classe,1,40,
-9.451360,-36.610751,60,OSM:classe,1,40,
-9.451294,-37.276422,60,OSM:classe,1,40,
-9.451247,-36.360846,60,OSM:classe,1,50,
-9.451247,-35.820112,60,OSM:classe,1,40,
-9.451230,-36.696588,60,OSM:classe,1,40,
-9.451177,-37.929929,60,OSM:classe,1,40,
-9.451164,-36.329830,80,OSM:classe,1,60,
-9.451074,-37.116833,60,OSM:classe,1,40,
-9.451009,-36.025645,60,OSM:classe,1,60,
-9.450982,-36.025667,60,OSM:classe,1,60,
-9.450947,-36.382471,60,OSM:classe,1,50,
-9.450936,-37.984091,60,OSM:classe,1,40,
-9.450932,-36.737140,60,OSM:classe,1,40,
-9.450931,-35.533619,100,OSM:classe,1,80,
-9.450891,-36.705425,60,OSM:classe,1,40,
-9.450798,-38.006209,60,OSM:classe,1,40,
-9.450781,-36.632458,60,OSM:classe,1,40,
-9.450765,-37.294109,60,OSM:classe,1,40,
-9.450684,-36.782823,60,OSM:classe,1,40,
-9.450681,-36.701569,60,OSM:classe,1,40,
-9.450496,-37.588529,60,OSM:classe,1,40,
-9.450496,-36.776104,60,OSM:classe,1,40,
-9.450451,-37.588923,60,OSM:classe,1,40,
-9.450441,-37.536042,60,OSM:classe,1,40,
-9.450393,-35.732673,80,OSM,0,,
-9.450392,-36.405621,60,OSM:classe,1,50,
-9.450339,-36.065550,60,OSM:classe,1,40,
-9.450337,-36.697318,60,OSM:classe,1,40,
-9.450309,-37.907820,60,OSM:classe,1,40,
-9.450234,-36.378067,60,OSM:classe,1,50,
-9.450211,-36.410116,60,OSM:classe,1,50,
-9.450161,-36.414346,60,OSM:classe,1,50,
-9.450032,-36.365224,60,OSM:classe,1,50,
-9.449961,-35.831773,80,OSM:classe,1,60,
-9.449955,-37.540506,60,OSM:classe,1,40,
-9.449952,-36.389988,60,OSM:classe,1,50,
-9.449931,-37.584090,60,OSM:classe,1,40,
-9.449916,-36.704942,60,OSM:classe,1,40,
-9.449906,-36.386445,60,OSM:classe,1,50,
-9.449879,-36.389829,60,OSM:classe,1,50,
-9.449825,-36.386687,60,OSM:classe,1,50,
-9.449819,-36.808880,60,OSM:classe,1,40,
-9.449734,-36.694171,60,OSM:classe,1,40,
-9.449713,-36.800327,60,OSM:classe,1,40,
-9.449692,-37.859933,80,OSM,0,,
-9.449642,-37.688817,60,OSM:classe,1,40,
-9.449593,-37.192532,60,OSM:classe,1,40,
-9.449563,-36.698613,60,OSM:classe,1,40,
-9.449542,-37.934126,60,OSM:classe,1,40,
-9.449538,-36.990134,60,OSM:classe,1,50,
-9.449531,-36.373722,60,OSM:classe,1,50,
-9.449507,-37.439699,60,OSM:classe,1,40,
-9.449377,-36.643697,80,OSM,0,,
-9.449363,-36.698177,60,OSM:classe,1,40,
-9.449334,-36.698125,60,OSM:classe,1,40,
-9.449304,-37.790182,60,OSM:classe,1,40,
-9.449297,-36.643685,40,OSM:classe,1,40,
-9.449215,-36.339550,80,OSM:classe,1,60,
-9.449212,-37.456519,60,OSM:classe,1,40,
-9.449171,-36.664654,60,OSM:classe,1,40,
-9.449134,-36.273685,60,OSM:classe,1,50,
-9.449080,-36.387337,60,OSM:classe,1,50,
-9.449022,-37.952752,60,OSM:classe,1,40,
-9.448960,-36.644072,40,OSM:classe,1,40,
-9.448958,-36.369489,60,OSM:classe,1,50,
-9.448914,-35.861780,100,OSM,0,,
-9.448895,-36.185497,80,OSM,0,,
-9.448875,-36.924848,60,OSM:classe,1,40,
-9.448839,-36.624202,60,OSM:classe,1,40,
-9.448788,-36.775905,60,OSM:classe,1,40,
-9.448775,-36.447682,60,OSM:classe,1,40,
-9.448769,-36.619726,60,OSM:classe,1,40,
-9.448718,-35.861810,100,OSM,0,,
-9.448650,-37.361761,60,OSM:classe,1,40,
-9.448642,-36.615227,60,OSM:classe,1,40,
-9.448633,-36.796374,60,OSM:classe,1,40,
-9.448621,-38.009903,60,OSM:classe,1,40,
-9.448610,-35.860699,100,OSM,0,,
-9.448557,-36.689772,60,OSM:classe,1,40,
-9.448549,-35.832544,80,OSM:classe,1,60,
-9.448493,-36.625604,60,OSM:classe,1,40,
-9.448421,-36.447780,60,OSM:classe,1,40,
-9.448417,-35.732382,80,OSM,0,,
-9.448379,-35.860638,100,OSM,0,,
-9.448361,-35.859879,100,OSM,0,,
-9.448346,-37.437491,60,OSM:classe,1,40,
-9.448288,-37.157526,60,OSM:classe,1,40,
-9.448269,-35.813221,60,OSM:classe,1,40,
-9.448231,-35.859483,100,OSM,0,,
-9.448226,-35.970754,60,OSM:classe,1,40,
-9.448185,-35.859976,100,OSM,0,,
-9.448183,-37.544565,60,OSM:classe,1,40,
-9.448180,-37.162035,60,OSM:classe,1,40,
-9.448140,-36.610978,60,OSM:classe,1,40,
-9.448080,-35.813499,60,OSM:classe,1,40,
-9.448044,-35.859496,100,OSM,0,,
-9.448040,-37.290722,60,OSM:classe,1,40,
-9.447986,-35.808804,60,OSM:classe,1,40,
-9.447972,-36.601310,80,OSM:classe,1,60,
-9.447904,-37.153206,60,OSM:classe,1,40,
-9.447883,-36.388218,60,OSM:classe,1,50,
-9.447874,-36.643835,80,OSM,0,,
-9.447828,-36.934383,60,OSM:classe,1,40,
-9.447732,-36.335341,80,OSM:classe,1,60,
-9.447689,-36.419468,60,OSM:classe,1,50,
-9.447583,-37.196587,60,OSM:classe,1,40,
-9.447556,-37.433004,60,OSM:classe,1,40,
-9.447548,-35.802955,60,OSM:classe,1,40,
-9.447494,-36.028544,60,OSM:classe,1,60,
-9.447466,-35.856843,100,OSM,0,,
-9.447439,-38.014269,60,OSM:classe,1,40,
-9.447411,-35.732021,80,OSM,0,,
-9.447396,-36.329485,80,OSM:classe,1,60,
-9.447383,-35.804326,60,OSM:classe,1,40,
-9.447363,-36.185711,80,OSM,0,,
-9.447312,-36.629965,60,OSM:classe,1,40,
-9.447257,-37.580426,60,OSM:classe,1,40,
-9.447242,-35.856757,100,OSM,0,,
-9.447178,-35.801018,60,OSM:classe,1,40,
-9.447150,-36.643477,80,OSM,0,,
-9.447137,-36.611396,60,OSM:classe,1,40,
-9.447111,-37.169161,60,OSM:classe,1,40,
-9.447111,-36.068684,60,OSM:classe,1,40,
-9.447097,-35.821594,60,OSM:classe,1,40,
-9.447086,-37.278022,60,OSM:classe,1,40,
-9.447071,-35.845633,100,OSM,0,,
-9.447054,-35.854256,100,OSM,0,,
-9.447020,-37.904711,60,OSM:classe,1,40,
-9.446972,-36.685520,60,OSM:classe,1,40,
-9.446961,-37.166295,60,OSM:classe,1,40,
-9.446945,-35.531509,100,OSM:classe,1,80,
-9.446911,-35.845890,100,OSM,0,,
-9.446866,-35.854493,100,OSM,0,,
-9.446772,-37.282324,60,OSM:classe,1,40,
-9.446765,-37.428516,60,OSM:classe,1,40,
-9.446696,-35.843960,100,OSM,0,,
-9.446661,-37.116363,60,OSM:classe,1,40,
-9.446613,-36.784703,60,OSM:classe,1,40,
-9.446606,-36.735929,60,OSM:classe,1,40,
-9.446520,-37.983299,60,OSM:classe,1,40,
-9.446456,-35.833200,40,OSM:classe,1,40,
-9.446435,-35.816985,60,OSM:classe,1,40,
-9.446409,-36.632795,60,OSM:classe,1,40,
-9.446402,-37.548690,60,OSM:classe,1,40,
-9.446373,-37.786727,60,OSM:classe,1,40,
-9.446358,-38.018653,60,OSM:classe,1,40,
-9.446317,-37.286668,60,OSM:classe,1,40,
-9.446308,-36.414833,60,OSM:classe,1,50,
-9.446282,-35.843216,100,OSM,0,,
-9.446215,-37.936942,60,OSM:classe,1,40,
-9.446137,-36.792725,60,OSM:classe,1,40,
-9.446126,-35.842516,100,OSM,0,,
-9.446113,-35.531069,100,OSM:classe,1,80,
-9.446098,-36.632770,60,OSM:classe,1,40,
-9.446045,-36.612296,60,OSM:classe,1,40,
-9.445951,-37.169172,60,OSM:classe,1,40,
-9.445884,-35.732515,80,OSM,0,,
-9.445786,-35.833465,80,OSM:classe,1,60,
-9.445695,-35.818612,60,OSM:classe,1,40,
-9.445692,-36.809724,60,OSM:classe,1,40,
-9.445663,-37.149540,60,OSM:classe,1,40,
-9.445624,-36.272593,60,OSM:classe,1,50,
-9.445510,-37.424150,60,OSM:classe,1,40,
-9.445452,-35.820672,60,OSM:classe,1,40,
-9.445328,-37.690103,60,OSM:classe,1,40,
-9.445272,-35.841365,100,OSM,0,,
-9.445272,-35.841124,100,OSM,0,,
-9.445265,-35.833875,40,OSM:classe,1,40,
-9.445235,-36.699462,60,OSM:classe,1,40,
-9.445213,-35.822413,60,OSM:classe,1,40,
-9.445157,-37.458101,60,OSM:classe,1,40,
-9.445101,-36.989394,60,OSM:classe,1,50,
-9.445032,-36.681411,60,OSM:classe,1,40,
-9.445022,-36.642919,80,OSM,0,,
-9.444954,-37.576534,60,OSM:classe,1,40,
-9.444927,-36.663354,60,OSM:classe,1,40,
-9.444917,-35.825198,60,OSM:classe,1,40,
-9.444883,-36.643000,80,OSM,0,,
-9.444859,-36.032227,60,OSM:classe,1,60,
-9.444855,-37.553056,60,OSM:classe,1,40,
-9.444821,-37.552668,60,OSM:classe,1,40,
-9.444670,-37.363432,60,OSM:classe,1,40,
-9.444553,-37.941064,60,OSM:classe,1,40,
-9.444549,-37.952563,60,OSM:classe,1,40,
-9.444515,-38.043506,60,OSM:classe,1,40,
-9.444498,-35.732536,40,OSM:classe,1,40,
-9.444477,-36.925799,60,OSM:classe,1,40,
-9.444475,-36.604176,80,OSM:classe,1,60,
-9.444458,-36.788535,60,OSM:classe,1,40,
-9.444440,-35.972707,60,OSM:classe,1,40,
-9.444400,-36.775260,60,OSM:classe,1,40,
-9.444383,-35.829725,60,OSM:classe,1,40,
-9.444377,-35.834244,80,OSM:classe,1,60,
-9.444364,-36.332499,80,OSM:classe,1,60,
-9.444355,-35.834260,40,OSM:classe,1,40,
-9.444193,-37.901588,60,OSM:classe,1,40,
-9.444164,-36.332216,80,OSM:classe,1,60,
-9.444110,-35.732475,60,OSM:classe,1,60,
-9.444054,-35.732466,80,OSM,0,,
-9.444046,-38.018399,60,OSM:classe,1,40,
-9.444037,-36.604533,80,OSM:classe,1,60,
-9.444033,-35.732057,60,OSM:classe,1,60,
-9.444027,-38.037555,60,OSM:classe,1,40,
-9.444016,-35.731934,60,OSM:classe,1,60,
-9.444011,-35.731885,60,OSM:classe,1,60,
-9.444010,-36.448126,60,OSM:classe,1,40,
-9.443998,-35.834188,40,OSM:classe,1,40,
-9.443997,-35.732126,60,OSM:classe,1,60,
-9.443980,-35.732454,60,OSM:classe,1,40,
-9.443960,-35.731431,60,OSM:classe,1,60,
-9.443939,-38.044504,60,OSM:classe,1,40,
-9.443894,-37.198855,60,OSM:classe,1,40,
-9.443881,-37.901559,60,OSM:classe,1,40,
-9.443849,-35.834251,80,OSM:classe,1,60,
-9.443825,-38.036892,60,OSM:classe,1,40,
-9.443758,-37.419954,60,OSM:classe,1,40,
-9.443746,-35.732415,60,OSM:classe,1,40,
-9.443683,-36.331867,80,OSM:classe,1,60,
-9.443605,-37.783135,60,OSM:classe,1,40,
-9.443465,-36.933683,60,OSM:classe,1,40,
-9.443428,-36.677320,60,OSM:classe,1,40,
-9.443402,-36.071261,60,OSM:classe,1,40,
-9.443396,-36.418229,60,OSM:classe,1,50,
-9.443378,-37.419071,60,OSM:classe,1,40,
-9.443214,-38.040702,60,OSM:classe,1,40,
-9.442992,-37.945321,60,OSM:classe,1,40,
-9.442991,-35.838564,100,OSM,0,,
-9.442990,-37.171564,60,OSM:classe,1,40,
-9.442978,-35.838290,100,OSM,0,,
-9.442865,-37.264346,80,OSM,0,,
-9.442859,-37.553930,60,OSM:classe,1,40,
-9.442637,-37.146226,60,OSM:classe,1,40,
-9.442566,-35.837889,40,OSM:classe,1,40,
-9.442519,-36.734426,60,OSM:classe,1,40,
-9.442494,-38.032538,60,OSM:classe,1,40,
-9.442439,-38.017904,60,OSM:classe,1,40,
-9.442294,-37.115277,60,OSM:classe,1,40,
-9.442274,-36.035957,60,OSM:classe,1,60,
-9.442255,-36.422038,60,OSM:classe,1,40,
-9.442144,-37.982322,60,OSM:classe,1,40,
-9.442136,-36.423797,60,OSM:classe,1,40,
-9.442126,-38.017364,60,OSM:classe,1,40,
-9.442102,-36.270744,60,OSM:classe,1,50,
-9.442099,-38.017368,60,OSM:classe,1,40,
-9.442047,-35.729721,60,OSM:classe,1,60,
-9.442031,-36.633768,60,OSM:classe,1,40,
-9.441929,-35.529796,100,OSM:classe,1,80,
-9.441805,-38.022406,60,OSM:classe,1,40,
-9.441802,-36.613746,60,OSM:classe,1,40,
-9.441768,-36.673098,60,OSM:classe,1,40,
-9.441740,-35.836918,40,OSM:classe,1,40,
-9.441717,-35.837261,100,OSM,0,,
-9.441699,-37.573529,60,OSM:classe,1,40,
-9.441668,-38.048438,60,OSM:classe,1,40,
-9.441665,-38.026888,60,OSM:classe,1,40,
-9.441640,-36.701259,60,OSM:classe,1,40,
-9.441614,-36.807976,60,OSM:classe,1,40,
-9.441612,-35.836846,40,OSM:classe,1,40,
-9.441595,-35.837378,100,OSM,0,,
-9.441589,-38.027842,60,OSM:classe,1,40,
-9.441563,-36.435747,60,OSM:classe,1,40,
-9.441525,-38.028154,60,OSM:classe,1,40,
-9.441485,-36.660509,60,OSM:classe,1,40,
-9.441364,-38.049931,60,OSM:classe,1,40,
-9.441337,-38.049794,60,OSM:classe,1,40,
-9.441337,-37.460361,60,OSM:classe,1,40,
-9.441243,-35.837496,40,OSM:classe,1,40,
-9.441133,-35.837417,40,OSM:classe,1,40,
-9.441014,-37.691390,60,OSM:classe,1,40,
-9.440979,-37.949351,60,OSM:classe,1,40,
-9.440868,-36.614592,60,OSM:classe,1,40,
-9.440847,-36.614594,60,OSM:classe,1,40,
-9.440822,-37.174831,60,OSM:classe,1,40,
-9.440765,-36.427941,60,OSM:classe,1,40,
-9.440649,-36.988758,60,OSM:classe,1,50,
-9.440563,-37.415516,60,OSM:classe,1,40,
-9.440531,-36.607387,80,OSM:classe,1,60,
-9.440475,-35.974736,60,OSM:classe,1,40,
-9.440459,-36.730523,60,OSM:classe,1,40,
-9.440437,-37.899415,60,OSM:classe,1,40,
-9.440428,-37.363220,60,OSM:classe,1,40,
-9.440420,-37.953972,60,OSM:classe,1,40,
-9.440419,-38.039835,60,OSM:classe,1,40,
-9.440376,-35.837929,40,OSM:classe,1,40,
-9.440368,-37.780675,60,OSM:classe,1,40,
-9.440151,-36.669231,60,OSM:classe,1,40,
-9.440126,-36.665980,60,OSM:classe,1,40,
-9.440123,-35.836536,100,OSM,0,,
-9.440114,-36.665494,60,OSM:classe,1,40,
-9.440071,-36.926705,60,OSM:classe,1,40,
-9.440071,-35.836689,40,OSM:classe,1,40,
-9.439966,-36.774504,60,OSM:classe,1,40,
-9.439951,-36.774502,60,OSM:classe,1,40,
-9.439907,-36.439720,60,OSM:classe,1,40,
-9.439898,-36.644225,80,OSM,0,,
-9.439893,-35.734150,60,OSM:classe,1,40,
-9.439781,-37.200620,60,OSM:classe,1,40,
-9.439669,-35.974857,60,OSM:classe,1,40,
-9.439659,-36.447197,60,OSM:classe,1,40,
-9.439635,-35.835825,40,OSM:classe,1,40,
-9.439613,-36.039630,60,OSM:classe,1,60,
-9.439604,-36.432025,60,OSM:classe,1,40,
-9.439566,-35.836556,100,OSM,0,,
-9.439534,-36.644152,80,OSM,0,,
-9.439491,-36.073349,60,OSM:classe,1,40,
-9.439479,-37.868333,80,OSM,0,,
-9.439444,-36.330517,80,OSM:classe,1,60,
-9.439402,-37.411339,60,OSM:classe,1,40,
-9.439350,-35.974757,60,OSM:classe,1,40,
-9.439349,-36.644185,80,OSM,0,,
-9.439273,-37.868504,80,OSM,0,,
-9.439264,-38.052715,60,OSM:classe,1,40,
-9.439211,-36.932414,60,OSM:classe,1,40,
-9.439127,-36.726243,60,OSM:classe,1,40,
-9.439119,-37.143645,60,OSM:classe,1,40,
-9.439057,-35.726944,60,OSM:classe,1,60,
-9.439051,-37.174817,60,OSM:classe,1,40,
-9.438934,-37.112495,60,OSM:classe,1,40,
-9.438719,-37.406836,60,OSM:classe,1,40,
-9.438656,-36.661186,60,OSM:classe,1,40,
-9.438568,-37.553658,60,OSM:classe,1,40,
-9.438460,-37.953091,60,OSM:classe,1,40,
-9.438404,-36.717068,60,OSM:classe,1,40,
-9.438395,-37.359336,60,OSM:classe,1,40,
-9.438142,-36.184555,80,OSM,0,,
-9.437995,-37.402337,60,OSM:classe,1,40,
-9.437959,-36.703814,60,OSM:classe,1,40,
-9.437958,-36.717531,60,OSM:classe,1,40,
-9.437931,-36.421914,60,OSM:classe,1,40,
-9.437897,-38.015764,60,OSM:classe,1,40,
-9.437836,-36.443741,60,OSM:classe,1,40,
-9.437783,-36.271221,60,OSM:classe,1,50,
-9.437753,-37.981704,60,OSM:classe,1,40,
-9.437709,-35.836291,100,OSM,0,,
-9.437690,-35.530067,100,OSM:classe,1,80,
-9.437614,-36.633861,60,OSM:classe,1,40,
-9.437570,-35.836457,100,OSM,0,,
-9.437475,-37.572027,60,OSM:classe,1,40,
-9.437356,-37.462400,60,OSM:classe,1,40,
-9.437356,-36.659483,60,OSM:classe,1,40,
-9.437343,-37.178384,60,OSM:classe,1,40,
-9.437270,-37.397838,60,OSM:classe,1,40,
-9.437240,-35.529968,100,OSM:classe,1,80,
-9.437156,-36.807976,60,OSM:classe,1,40,
-9.437101,-35.526236,100,OSM:classe,1,80,
-9.437028,-37.111511,60,OSM:classe,1,40,
-9.437025,-36.610242,80,OSM:classe,1,60,
-9.436993,-38.056649,60,OSM:classe,1,40,
-9.436891,-36.712881,60,OSM:classe,1,40,
-9.436872,-36.043243,60,OSM:classe,1,60,
-9.436814,-37.137497,60,OSM:classe,1,40,
-9.436785,-36.610450,80,OSM:classe,1,60,
-9.436744,-36.610483,80,OSM:classe,1,60,
-9.436721,-37.692715,60,OSM:classe,1,40,
-9.436699,-37.896898,60,OSM:classe,1,40,
-9.436640,-36.270106,80,OSM:classe,1,60,
-9.436639,-36.610273,60,OSM:classe,1,60,
-9.436583,-36.610304,60,OSM:classe,1,60,
-9.436465,-36.610704,80,OSM:classe,1,60,
-9.436453,-35.736760,60,OSM:classe,1,40,
-9.436447,-36.615356,60,OSM:classe,1,40,
-9.436385,-36.610013,60,OSM:classe,1,60,
-9.436322,-37.781489,60,OSM:classe,1,40,
-9.436288,-37.133072,60,OSM:classe,1,40,
-9.436266,-37.141990,60,OSM:classe,1,40,
-9.436260,-35.724122,60,OSM:classe,1,60,
-9.436235,-37.955639,60,OSM:classe,1,40,
-9.436208,-38.038404,60,OSM:classe,1,40,
-9.436208,-37.393423,60,OSM:classe,1,40,
-9.436183,-36.988231,60,OSM:classe,1,50,
-9.436116,-35.836724,100,OSM,0,,
-9.436085,-37.355946,60,OSM:classe,1,40,
-9.436010,-37.119819,60,OSM:classe,1,40,
-9.435909,-38.038198,60,OSM:classe,1,40,
-9.435890,-35.522162,100,OSM:classe,1,80,
-9.435849,-36.327829,80,OSM:classe,1,60,
-9.435781,-37.202687,60,OSM:classe,1,40,
-9.435759,-36.425628,60,OSM:classe,1,40,
-9.435656,-37.174811,60,OSM:classe,1,40,
-9.435646,-36.927520,60,OSM:classe,1,40,
-9.435600,-37.115477,60,OSM:classe,1,40,
-9.435563,-37.956088,60,OSM:classe,1,40,
-9.435540,-36.723747,60,OSM:classe,1,40,
-9.435529,-36.773704,60,OSM:classe,1,40,
-9.435383,-36.642337,80,OSM,0,,
-9.435381,-36.546723,60,OSM:classe,1,40,
-9.435377,-37.124268,60,OSM:classe,1,40,
-9.435271,-36.805694,60,OSM:classe,1,40,
-9.435213,-36.642350,80,OSM,0,,
-9.435211,-37.128766,60,OSM:classe,1,40,
-9.435199,-37.111591,60,OSM:classe,1,40,
-9.435164,-36.447063,60,OSM:classe,1,40,
-9.435063,-36.073270,60,OSM:classe,1,40,
-9.435046,-35.974955,60,OSM:classe,1,40,
-9.435040,-36.719568,60,OSM:classe,1,40,
-9.435032,-36.551127,60,OSM:classe,1,40,
-9.434943,-36.605708,60,OSM:classe,1,60,
-9.434847,-37.696787,60,OSM:classe,1,40,
-9.434839,-37.872239,80,OSM,0,,
-9.434800,-37.389094,60,OSM:classe,1,40,
-9.434743,-36.932435,60,OSM:classe,1,40,
-9.434721,-38.060583,60,OSM:classe,1,40,
-9.434606,-37.554662,60,OSM:classe,1,40,
-9.434593,-36.709163,60,OSM:classe,1,40,
-9.434162,-36.555413,60,OSM:classe,1,40,
-9.434059,-36.640744,80,OSM,0,,
-9.433930,-36.640834,80,OSM,0,,
-9.433916,-36.640552,80,OSM,0,,
-9.433784,-36.640637,80,OSM,0,,
-9.433652,-36.705024,60,OSM:classe,1,40,
-9.433652,-36.601342,60,OSM:classe,1,60,
-9.433632,-38.014322,60,OSM:classe,1,40,
-9.433605,-36.705058,60,OSM:classe,1,40,
-9.433573,-37.569825,60,OSM:classe,1,40,
-9.433526,-36.542589,60,OSM:classe,1,40,
-9.433501,-36.657143,60,OSM:classe,1,40,
-9.433482,-37.464711,60,OSM:classe,1,40,
-9.433391,-37.384766,60,OSM:classe,1,40,
-9.433376,-36.046010,100,OSM:classe,1,80,
-9.433322,-37.982428,60,OSM:classe,1,40,
-9.433276,-37.874279,80,OSM,0,,
-9.433138,-36.633439,60,OSM:classe,1,40,
-9.433136,-36.639354,80,OSM,0,,
-9.433040,-37.171362,60,OSM:classe,1,40,
-9.432983,-37.107750,60,OSM:classe,1,40,
-9.432975,-36.639392,80,OSM,0,,
-9.432962,-36.613562,80,OSM:classe,1,60,
-9.432900,-36.267816,80,OSM:classe,1,60,
-9.432688,-37.260129,80,OSM,0,,
-9.432579,-38.064293,60,OSM:classe,1,40,
-9.432472,-35.519200,100,OSM:classe,1,80,
-9.432399,-37.896966,60,OSM:classe,1,40,
-9.432398,-36.538353,60,OSM:classe,1,40,
-9.432360,-36.596976,60,OSM:classe,1,60,
-9.432273,-37.876619,80,OSM,0,,
-9.432258,-37.103333,60,OSM:classe,1,40,
-9.432253,-37.353919,60,OSM:classe,1,40,
-9.432226,-35.738002,60,OSM:classe,1,40,
-9.432166,-36.616752,60,OSM:classe,1,40,
-9.432096,-36.326002,80,OSM:classe,1,60,
-9.432022,-37.104934,60,OSM:classe,1,40,
-9.432011,-38.039228,60,OSM:classe,1,40,
-9.431988,-36.616801,60,OSM:classe,1,40,
-9.431956,-36.559370,60,OSM:classe,1,40,
-9.431928,-36.534019,60,OSM:classe,1,40,
-9.431910,-35.971689,60,OSM:classe,1,40,
-9.431907,-36.616826,60,OSM:classe,1,40,
-9.431875,-37.203138,60,OSM:classe,1,40,
-9.431848,-35.723798,60,OSM:classe,1,60,
-9.431847,-37.781050,60,OSM:classe,1,40,
-9.431794,-36.988712,60,OSM:classe,1,50,
-9.431776,-36.646549,80,OSM:classe,1,60,
-9.431750,-36.722507,60,OSM:classe,1,40,
-9.431740,-36.426913,60,OSM:classe,1,40,
-9.431681,-36.446847,60,OSM:classe,1,40,
-9.431641,-35.518480,60,OSM:classe,1,60,
-9.431587,-37.694205,60,OSM:classe,1,40,
-9.431563,-36.635219,80,OSM,0,,
-9.431516,-38.068722,60,OSM:classe,1,40,
-9.431491,-37.468349,60,OSM:classe,1,40,
-9.431445,-37.167331,60,OSM:classe,1,40,
-9.431355,-37.957139,60,OSM:classe,1,40,
-9.431310,-36.530604,60,OSM:classe,1,40,
-9.431307,-36.635093,80,OSM,0,,
-9.431243,-37.380769,60,OSM:classe,1,40,
-9.431222,-36.928335,60,OSM:classe,1,40,
-9.431212,-37.162828,60,OSM:classe,1,40,
-9.431196,-36.773810,60,OSM:classe,1,40,
-9.431109,-36.649717,80,OSM:classe,1,60,
-9.431080,-36.721621,60,OSM:classe,1,40,
-9.431068,-36.592610,60,OSM:classe,1,60,
-9.431035,-36.642086,80,OSM:classe,1,60,
-9.431010,-36.649945,80,OSM:classe,1,60,
-9.430984,-36.615176,80,OSM:classe,1,60,
-9.430976,-36.650026,80,OSM:classe,1,60,
-9.430961,-36.806096,60,OSM:classe,1,40,
-9.430891,-37.556086,60,OSM:classe,1,40,
-9.430890,-36.561647,60,OSM:classe,1,40,
-9.430879,-36.615256,80,OSM:classe,1,60,
-9.430864,-36.650279,80,OSM:classe,1,60,
-9.430794,-36.649946,40,OSM:classe,1,40,
-9.430732,-37.882457,80,OSM,0,,
-9.430660,-37.882746,80,OSM,0,,
-9.430654,-36.634366,80,OSM,0,,
-9.430628,-36.073962,60,OSM:classe,1,40,
-9.430529,-36.047669,100,OSM:classe,1,80,
-9.430513,-36.931229,60,OSM:classe,1,40,
-9.430470,-36.721287,60,OSM:classe,1,40,
-9.430464,-36.634177,80,OSM,0,,
-9.430280,-36.708017,60,OSM:classe,1,40,
-9.430136,-37.376416,60,OSM:classe,1,40,
-9.430131,-36.654129,60,OSM:classe,1,40,
-9.430124,-36.634279,80,OSM,0,,
-9.430116,-38.073028,60,OSM:classe,1,40,
-9.430112,-37.566938,60,OSM:classe,1,40,
-9.429777,-36.588244,60,OSM:classe,1,60,
-9.429744,-36.634431,60,OSM:classe,1,60,
-9.429657,-37.350380,60,OSM:classe,1,40,
-9.429568,-36.633883,80,OSM,0,,
-9.429436,-37.158697,60,OSM:classe,1,40,
-9.429374,-36.526843,60,OSM:classe,1,40,
-9.429366,-38.012880,60,OSM:classe,1,40,
-9.429312,-36.633833,40,OSM,0,,
-9.429253,-36.635158,60,OSM:classe,1,60,
-9.429244,-36.181540,80,OSM,0,,
-9.429234,-37.371960,60,OSM:classe,1,40,
-9.429170,-36.633819,40,OSM,0,,
-9.429074,-36.653374,60,OSM:classe,1,40,
-9.429058,-36.637506,60,OSM:classe,1,60,
-9.429049,-36.564373,60,OSM:classe,1,40,
-9.428955,-36.638050,60,OSM:classe,1,60,
-9.428952,-37.472012,60,OSM:classe,1,40,
-9.428920,-36.634411,60,OSM:classe,1,60,
-9.428829,-37.982599,60,OSM:classe,1,40,
-9.428805,-36.637764,80,OSM:classe,1,60,
-9.428732,-35.837927,100,OSM,0,,
-9.428683,-36.633276,60,OSM:classe,1,40,
-9.428614,-36.637402,80,OSM:classe,1,60,
-9.428602,-36.930790,60,OSM:classe,1,40,
-9.428498,-36.637190,80,OSM:classe,1,60,
-9.428471,-36.654138,80,OSM:classe,1,60,
-9.428457,-36.267665,80,OSM:classe,1,60,
-9.428422,-37.559854,60,OSM:classe,1,40,
-9.428361,-36.637713,60,OSM:classe,1,60,
-9.428334,-35.968989,60,OSM:classe,1,40,
-9.428278,-36.633921,60,OSM,0,,
-9.428154,-37.205613,60,OSM:classe,1,40,
-9.428147,-38.077126,60,OSM:classe,1,40,
-9.428086,-37.897584,60,OSM:classe,1,40,
-9.428038,-36.773544,60,OSM:classe,1,40,
-9.427985,-35.515826,60,OSM:classe,1,40,
-9.427977,-37.893263,80,OSM,0,,
-9.427974,-35.739221,60,OSM:classe,1,40,
-9.427909,-37.102578,60,OSM:classe,1,40,
-9.427874,-37.893676,80,OSM,0,,
-9.427826,-37.779146,60,OSM:classe,1,40,
-9.427819,-38.040876,60,OSM:classe,1,40,
-9.427739,-37.367957,60,OSM:classe,1,40,
-9.427680,-36.427025,60,OSM:classe,1,40,
-9.427616,-36.326401,80,OSM:classe,1,60,
-9.427610,-36.618169,60,OSM:classe,1,40,
-9.427575,-35.724986,60,OSM:classe,1,60,
-9.427377,-35.517087,60,OSM:classe,1,60,
-9.427371,-36.618109,80,OSM:classe,1,60,
-9.427310,-36.180815,80,OSM,0,,
-9.427307,-36.988419,60,OSM:classe,1,50,
-9.427279,-36.446970,60,OSM:classe,1,40,
-9.427278,-37.695452,60,OSM:classe,1,40,
-9.427246,-36.585072,60,OSM:classe,1,60,
-9.427208,-37.958792,60,OSM:classe,1,40,
-9.427170,-36.634723,80,OSM:classe,1,60,
-9.427138,-36.634535,60,OSM,0,,
-9.427022,-37.476075,60,OSM:classe,1,40,
-9.426984,-36.634372,80,OSM:classe,1,60,
-9.426949,-36.634546,60,OSM:classe,1,40,
-9.426871,-37.897511,60,OSM:classe,1,40,
-9.426838,-36.050242,100,OSM:classe,1,80,
-9.426822,-38.081479,60,OSM:classe,1,40,
-9.426822,-37.347459,60,OSM:classe,1,40,
-9.426692,-37.564321,60,OSM:classe,1,40,
-9.426685,-36.649601,60,OSM:classe,1,40,
-9.426590,-36.805100,60,OSM:classe,1,40,
-9.426582,-36.649321,60,OSM:classe,1,40,
-9.426544,-36.072655,60,OSM:classe,1,40,
-9.426517,-36.649031,60,OSM:classe,1,40,
-9.426510,-36.568134,60,OSM:classe,1,40,
-9.426502,-37.563963,60,OSM:classe,1,40,
-9.426400,-36.633292,80,OSM:classe,1,60,
-9.426391,-36.710204,60,OSM:classe,1,40,
-9.426269,-36.635425,40,OSM,0,,
-9.426198,-36.769645,60,OSM:classe,1,40,
-9.426139,-36.721167,60,OSM:classe,1,40,
-9.426096,-36.930891,60,OSM:classe,1,40,
-9.426078,-36.657997,80,OSM:classe,1,60,
-9.425968,-36.769184,60,OSM:classe,1,40,
-9.425955,-36.453961,60,OSM:classe,1,40,
-9.425903,-38.091423,60,OSM:classe,1,40,
-9.425853,-36.635998,40,OSM,0,,
-9.425830,-37.156081,60,OSM:classe,1,40,
-9.425829,-36.524840,60,OSM:classe,1,40,
-9.425791,-36.636564,60,OSM:classe,1,60,
-9.425790,-38.090026,60,OSM:classe,1,40,
-9.425780,-38.090080,60,OSM:classe,1,40,
-9.425686,-35.742845,60,OSM:classe,1,40,
-9.425658,-35.742978,60,OSM:classe,1,40,
-9.425627,-37.363975,60,OSM:classe,1,40,
-9.425612,-36.636349,40,OSM,0,,
-9.425565,-36.449759,60,OSM:classe,1,40,
-9.425380,-38.085569,60,OSM:classe,1,40,
-9.425358,-36.636705,40,OSM,0,,
-9.425350,-36.572435,60,OSM:classe,1,40,
-9.425282,-38.092314,60,OSM:classe,1,40,
-9.425208,-38.011165,60,OSM:classe,1,40,
-9.425190,-37.359458,60,OSM:classe,1,40,
-9.425175,-37.903969,80,OSM,0,,
-9.425126,-37.353407,60,OSM:classe,1,40,
-9.424974,-35.744173,60,OSM:classe,1,40,
-9.424876,-36.462321,60,OSM:classe,1,40,
-9.424813,-36.457946,60,OSM:classe,1,40,
-9.424782,-36.457103,60,OSM:classe,1,40,
-9.424701,-37.356479,60,OSM:classe,1,40,
-9.424493,-36.645155,60,OSM:classe,1,40,
-9.424462,-36.764975,60,OSM:classe,1,40,
-9.424454,-35.838926,100,OSM,0,,
-9.424435,-36.637310,40,OSM,0,,
-9.424374,-38.087906,60,OSM:classe,1,40,
-9.424347,-37.982419,60,OSM:classe,1,40,
-9.424344,-36.323655,80,OSM:classe,1,60,
-9.424328,-37.155642,60,OSM:classe,1,40,
-9.424327,-37.347074,60,OSM:classe,1,40,
-9.424326,-37.907268,60,OSM:classe,1,40,
-9.424237,-36.629295,80,OSM:classe,1,60,
-9.424214,-37.206618,60,OSM:classe,1,40,
-9.424158,-36.719904,60,OSM:classe,1,40,
-9.424124,-35.744503,60,OSM:classe,1,40,
-9.424110,-35.513643,60,OSM:classe,1,40,
-9.424109,-36.266548,80,OSM:classe,1,60,
-9.424105,-37.348976,60,OSM:classe,1,40,
-9.424070,-37.776655,60,OSM:classe,1,40,
-9.423955,-37.211062,60,OSM:classe,1,40,
-9.423936,-36.427982,60,OSM:classe,1,40,
-9.423924,-37.479302,60,OSM:classe,1,40,
-9.423913,-35.969585,60,OSM:classe,1,40,
-9.423911,-36.053568,100,OSM:classe,1,80,
-9.423879,-37.220047,60,OSM:classe,1,40,
-9.423864,-36.620961,80,OSM:classe,1,60,
-9.423796,-37.221074,60,OSM:classe,1,40,
-9.423766,-37.346958,60,OSM:classe,1,40,
-9.423754,-37.100897,60,OSM:classe,1,40,
-9.423685,-36.661856,80,OSM:classe,1,60,
-9.423637,-37.229297,60,OSM:classe,1,40,
-9.423631,-36.582662,60,OSM:classe,1,60,
-9.423626,-37.561018,60,OSM:classe,1,40,
-9.423613,-36.576620,60,OSM:classe,1,40,
-9.423592,-36.721088,60,OSM:classe,1,40,
-9.423568,-37.215577,60,OSM:classe,1,40,
-9.423491,-38.040941,60,OSM:classe,1,40,
-9.423380,-35.518829,60,OSM:classe,1,60,
-9.423371,-36.055096,100,OSM:classe,1,80,
-9.423367,-35.726592,60,OSM:classe,1,60,
-9.423281,-36.637218,40,OSM,0,,
-9.423252,-36.760685,60,OSM:classe,1,40,
-9.423196,-37.960738,60,OSM:classe,1,40,
-9.423049,-36.989344,60,OSM:classe,1,50,
-9.422966,-37.696745,60,OSM:classe,1,40,
-9.422951,-37.225210,60,OSM:classe,1,40,
-9.422687,-38.096037,60,OSM:classe,1,40,
-9.422615,-36.323726,80,OSM:classe,1,60,
-9.422549,-36.803461,60,OSM:classe,1,40,
-9.422511,-37.255912,80,OSM,0,,
-9.422477,-37.914261,80,OSM,0,,
-9.422413,-38.083820,60,OSM:classe,1,40,
-9.422381,-35.743401,60,OSM:classe,1,40,
-9.422346,-36.074260,60,OSM:classe,1,40,
-9.422294,-36.756255,60,OSM:classe,1,40,
-9.422232,-37.344987,60,OSM:classe,1,40,
-9.422138,-36.525022,60,OSM:classe,1,40,
-9.422080,-36.580893,60,OSM:classe,1,40,
-9.422079,-37.232829,60,OSM:classe,1,40,
-9.422076,-36.951427,60,OSM:classe,1,40,
-9.422071,-36.465728,60,OSM:classe,1,40,
-9.422044,-38.096439,60,OSM:classe,1,40,
-9.422017,-36.721110,60,OSM:classe,1,40,
-9.422015,-36.767050,60,OSM:classe,1,40,
-9.421998,-36.710892,60,OSM:classe,1,40,
-9.421943,-36.622524,80,OSM:classe,1,60,
-9.421855,-36.059388,100,OSM:classe,1,80,
-9.421844,-36.929737,60,OSM:classe,1,40,
-9.421632,-36.625590,80,OSM:classe,1,60,
-9.421517,-36.425140,60,OSM:classe,1,40,
-9.421415,-37.097151,60,OSM:classe,1,40,
-9.421404,-36.623510,80,OSM:classe,1,60,
-9.421335,-36.578844,60,OSM:classe,1,60,
-9.421314,-36.074480,60,OSM:classe,1,40,
-9.421307,-36.623830,80,OSM:classe,1,60,
-9.421292,-36.665715,80,OSM:classe,1,60,
-9.421100,-36.623451,80,OSM:classe,1,60,
-9.421026,-36.623730,80,OSM:classe,1,60,
-9.421017,-36.583946,60,OSM:classe,1,40,
-9.420974,-36.455144,60,OSM:classe,1,40,
-9.420950,-37.482702,60,OSM:classe,1,40,
-9.420949,-38.009721,60,OSM:classe,1,40,
-9.420918,-36.642428,60,OSM:classe,1,40,
-9.420781,-36.752047,60,OSM:classe,1,40,
-9.420748,-36.268244,80,OSM:classe,1,60,
-9.420666,-36.074652,60,OSM:classe,1,40,
-9.420634,-36.469578,60,OSM:classe,1,40,
-9.420379,-37.153569,60,OSM:classe,1,40,
-9.420339,-36.063679,100,OSM:classe,1,80,
-9.420224,-35.511890,60,OSM:classe,1,40,
-9.420202,-36.623953,60,OSM:classe,1,50,
-9.420189,-37.774466,60,OSM:classe,1,40,
-9.420171,-37.340952,60,OSM:classe,1,40,
-9.420146,-37.558143,60,OSM:classe,1,40,
-9.420043,-38.096863,60,OSM:classe,1,40,
-9.419992,-36.624126,60,OSM:classe,1,50,
-9.419940,-37.981672,60,OSM:classe,1,40,
-9.419937,-37.557927,60,OSM:classe,1,40,
-9.419924,-37.906340,60,OSM:classe,1,40,
-9.419872,-38.080059,60,OSM:classe,1,40,
-9.419837,-35.839883,40,OSM:classe,1,40,
-9.419779,-37.924553,80,OSM,0,,
-9.419755,-35.839564,100,OSM,0,,
-9.419478,-35.970339,60,OSM:classe,1,40,
-9.419465,-36.272420,80,OSM:classe,1,60,
-9.419354,-38.039286,60,OSM:classe,1,40,
-9.419350,-35.520584,60,OSM:classe,1,60,
-9.419255,-36.747858,60,OSM:classe,1,40,
-9.419172,-36.630761,60,OSM:classe,1,40,
-9.419169,-36.473403,60,OSM:classe,1,40,
-9.419161,-36.321091,80,OSM:classe,1,60,
-9.419095,-38.197571,80,OSM,0,,
-9.419090,-35.727990,100,OSM:classe,1,80,
-9.419023,-37.556894,60,OSM:classe,1,40,
-9.419004,-37.962289,60,OSM:classe,1,40,
-9.418900,-36.669574,80,OSM:classe,1,60,
-9.418880,-36.575032,60,OSM:classe,1,60,
-9.418840,-36.990795,60,OSM:classe,1,50,
-9.418837,-37.235869,60,OSM:classe,1,40,
-9.418796,-36.638938,60,OSM:classe,1,40,
-9.418734,-36.587762,60,OSM:classe,1,40,
-9.418711,-36.801146,60,OSM:classe,1,40,
-9.418704,-36.629059,60,OSM:classe,1,40,
-9.418673,-37.094254,60,OSM:classe,1,40,
-9.418654,-37.698037,60,OSM:classe,1,40,
-9.418604,-36.638525,60,OSM:classe,1,40,
-9.418578,-36.629074,60,OSM:classe,1,40,
-9.418403,-36.596252,60,OSM:classe,1,40,
-9.418393,-36.065091,60,OSM:classe,1,60,
-9.418355,-38.058358,60,OSM:classe,1,40,
-9.418293,-35.742039,60,OSM:classe,1,40,
-9.418105,-36.633250,60,OSM:classe,1,40,
-9.417980,-36.712876,60,OSM:classe,1,40,
-9.417893,-36.638505,60,OSM:classe,1,40,
-9.417886,-37.485897,60,OSM:classe,1,40,
-9.417885,-36.768037,60,OSM:classe,1,40,
-9.417865,-36.524354,60,OSM:classe,1,40,
-9.417840,-36.424074,60,OSM:classe,1,40,
-9.417800,-36.636706,60,OSM:classe,1,40,
-9.417786,-38.053913,60,OSM:classe,1,40,
-9.417772,-37.240274,60,OSM:classe,1,40,
-9.417763,-36.636754,60,OSM:classe,1,40,
-9.417758,-36.627757,60,OSM:classe,1,40,
-9.417728,-36.720094,60,OSM:classe,1,40,
-9.417678,-36.928424,60,OSM:classe,1,40,
-9.417673,-38.076196,60,OSM:classe,1,40,
-9.417516,-36.452374,60,OSM:classe,1,40,
-9.417455,-36.627233,60,OSM:classe,1,40,
-9.417412,-37.337434,60,OSM:classe,1,40,
-9.417321,-38.044682,60,OSM:classe,1,40,
-9.417288,-38.044935,60,OSM:classe,1,40,
-9.417255,-36.591903,60,OSM:classe,1,40,
-9.417192,-38.062741,60,OSM:classe,1,40,
-9.417159,-38.062822,60,OSM:classe,1,40,
-9.417128,-36.604516,60,OSM:classe,1,40,
-9.417093,-38.063058,60,OSM:classe,1,40,
-9.417002,-36.635015,60,OSM:classe,1,40,
-9.416980,-36.627109,60,OSM:classe,1,40,
-9.416942,-36.600026,60,OSM:classe,1,40,
-9.416927,-36.317220,80,OSM:classe,1,60,
-9.416892,-35.840052,100,OSM,0,,
-9.416857,-38.049464,60,OSM:classe,1,40,
-9.416844,-37.552911,60,OSM:classe,1,40,
-9.416772,-38.008036,60,OSM:classe,1,40,
-9.416737,-38.040553,60,OSM:classe,1,40,
-9.416731,-36.637971,60,OSM:classe,1,40,
-9.416676,-38.040314,60,OSM:classe,1,40,
-9.416665,-38.040260,60,OSM:classe,1,40,
-9.416570,-36.626930,60,OSM:classe,1,40,
-9.416518,-35.509362,60,OSM:classe,1,40,
-9.416507,-36.673433,80,OSM:classe,1,60,
-9.416495,-36.626991,60,OSM:classe,1,50,
-9.416436,-38.035903,60,OSM:classe,1,40,
-9.416382,-36.571242,60,OSM:classe,1,60,
-9.416274,-37.489960,60,OSM:classe,1,40,
-9.416244,-36.074950,60,OSM:classe,1,40,
-9.416204,-38.067398,60,OSM:classe,1,40,
-9.416197,-36.634734,60,OSM:classe,1,40,
-9.416189,-36.634724,40,OSM,0,,
-9.416179,-38.071941,60,OSM:classe,1,40,
-9.416151,-37.152229,60,OSM:classe,1,40,
-9.416112,-37.772699,60,OSM:classe,1,40,
-9.416104,-36.634647,60,OSM:classe,1,40,
-9.416001,-36.476629,60,OSM:classe,1,40,
-9.415954,-37.243975,60,OSM:classe,1,40,
-9.415804,-36.076022,60,OSM:classe,1,40,
-9.415751,-38.035703,60,OSM:classe,1,40,
-9.415741,-38.035800,60,OSM:classe,1,40,
-9.415679,-36.075699,60,OSM:classe,1,40,
-9.415659,-36.520859,60,OSM:classe,1,40,
-9.415658,-38.035413,60,OSM:classe,1,40,
-9.415626,-36.635742,60,OSM:classe,1,40,
-9.415614,-36.745235,60,OSM:classe,1,40,
-9.415576,-36.627743,60,OSM:classe,1,50,
-9.415572,-38.035083,60,OSM:classe,1,40,
-9.415547,-38.096815,60,OSM:classe,1,40,
-9.415538,-36.272973,80,OSM:classe,1,60,
-9.415525,-37.981080,60,OSM:classe,1,40,
-9.415522,-37.905412,60,OSM:classe,1,40,
-9.415477,-36.075191,60,OSM:classe,1,40,
-9.415357,-37.333453,60,OSM:classe,1,40,
-9.415335,-35.840356,100,OSM,0,,
-9.415159,-36.798631,60,OSM:classe,1,40,
-9.415133,-36.177644,80,OSM,0,,
-9.415043,-35.971092,60,OSM:classe,1,40,
-9.414918,-37.934362,80,OSM,0,,
-9.414907,-35.521258,60,OSM:classe,1,60,
-9.414824,-36.608394,60,OSM:classe,1,40,
-9.414747,-37.963360,60,OSM:classe,1,40,
-9.414736,-35.726853,100,OSM:classe,1,80,
-9.414601,-37.092671,60,OSM:classe,1,40,
-9.414566,-37.549069,60,OSM:classe,1,40,
-9.414540,-36.421211,60,OSM:classe,1,40,
-9.414503,-36.798438,60,OSM:classe,1,40,
-9.414404,-36.449567,60,OSM:classe,1,40,
-9.414390,-36.628700,60,OSM:classe,1,40,
-9.414359,-36.990414,60,OSM:classe,1,50,
-9.414345,-37.329061,60,OSM:classe,1,40,
-9.414342,-37.699329,60,OSM:classe,1,40,
-9.414271,-36.076659,60,OSM:classe,1,40,
-9.414233,-38.030738,60,OSM:classe,1,40,
-9.414187,-36.711991,60,OSM:classe,1,40,
-9.414133,-36.076233,60,OSM:classe,1,40,
-9.414114,-36.677293,80,OSM:classe,1,60,
-9.414059,-36.066041,60,OSM:classe,1,60,
-9.414028,-35.742908,60,OSM:classe,1,40,
-9.414013,-36.524926,60,OSM:classe,1,40,
-9.414013,-36.317322,80,OSM:classe,1,60,
-9.414012,-36.075545,60,OSM:classe,1,40,
-9.413992,-36.766384,60,OSM:classe,1,40,
-9.413895,-36.075580,60,OSM:classe,1,40,
-9.413889,-36.512484,60,OSM:classe,1,40,
-9.413880,-37.324530,60,OSM:classe,1,40,
-9.413879,-36.639486,60,OSM:classe,1,40,
-9.413854,-36.567497,60,OSM:classe,1,60,
-9.413753,-36.516968,60,OSM:classe,1,40,
-9.413748,-36.511770,60,OSM:classe,1,40,
-9.413718,-36.639870,60,OSM:classe,1,40,
-9.413623,-35.840666,100,OSM,0,,
-9.413513,-36.741256,60,OSM:classe,1,40,
-9.413447,-37.247293,60,OSM:classe,1,40,
-9.413419,-36.798036,60,OSM:classe,1,40,
-9.413418,-36.927179,60,OSM:classe,1,40,
-9.413402,-36.718851,60,OSM:classe,1,40,
-9.413388,-36.632925,40,OSM,0,,
-9.413354,-37.769153,60,OSM:classe,1,40,
-9.413337,-36.510257,60,OSM:classe,1,40,
-9.413161,-36.075842,60,OSM:classe,1,40,
-9.412901,-36.076873,60,OSM:classe,1,40,
-9.412791,-35.841129,100,OSM,0,,
-9.412742,-36.612393,60,OSM:classe,1,40,
-9.412639,-36.636081,60,OSM:classe,1,40,
-9.412638,-36.623678,60,OSM:classe,1,40,
-9.412621,-36.479614,60,OSM:classe,1,40,
-9.412560,-38.026512,60,OSM:classe,1,40,
-9.412506,-38.006613,60,OSM:classe,1,40,
-9.412495,-35.504194,60,OSM:classe,1,40,
-9.412472,-38.099131,60,OSM:classe,1,40,
-9.412472,-36.076367,60,OSM:classe,1,40,
-9.412460,-36.070207,60,OSM:classe,1,60,
-9.412451,-36.525598,60,OSM:classe,1,40,
-9.412443,-37.545108,60,OSM:classe,1,40,
-9.412427,-37.492261,60,OSM:classe,1,40,
-9.412422,-36.627648,60,OSM:classe,1,40,
-9.412422,-35.507502,60,OSM:classe,1,40,
-9.412417,-36.076298,60,OSM:classe,1,60,
-9.412335,-37.251695,80,OSM,0,,
-9.412221,-36.077919,60,OSM:classe,1,40,
-9.412196,-36.631667,60,OSM:classe,1,40,
-9.412076,-36.630606,60,OSM:classe,1,50,
-9.412051,-36.632325,60,OSM:classe,1,40,
-9.412043,-37.320416,60,OSM:classe,1,40,
-9.412013,-36.632309,60,OSM:classe,1,50,
-9.411976,-37.150691,60,OSM:classe,1,40,
-9.411962,-36.630701,60,OSM:classe,1,50,
-9.411929,-36.271650,80,OSM:classe,1,60,
-9.411875,-36.680903,80,OSM:classe,1,60,
-9.411837,-36.075668,60,OSM:classe,1,60,
-9.411811,-36.643997,60,OSM:classe,1,40,
-9.411810,-36.630811,60,OSM:classe,1,40,
-9.411786,-36.625200,60,OSM:classe,1,40,
-9.411784,-36.625108,60,OSM:classe,1,40,
-9.411711,-36.625194,60,OSM:classe,1,40,
-9.411699,-37.540715,60,OSM:classe,1,40,
-9.411689,-36.681187,100,OSM:classe,1,100,
-9.411679,-36.627240,60,OSM:classe,1,40,
-9.411632,-36.627216,60,OSM:classe,1,40,
-9.411621,-36.681295,100,OSM:classe,1,100,
-9.411536,-36.633850,60,OSM:classe,1,40,
-9.411489,-36.644692,60,OSM:classe,1,40,
-9.411481,-36.681520,100,OSM:classe,1,100,
-9.411470,-36.681232,40,OSM:classe,1,40,
-9.411444,-35.725993,100,OSM:classe,1,80,
-9.411412,-36.631164,60,OSM:classe,1,40,
-9.411410,-36.420555,60,OSM:classe,1,40,
-9.411401,-36.613936,60,OSM:classe,1,40,
-9.411379,-36.681040,80,OSM:classe,1,60,
-9.411362,-36.614060,60,OSM:classe,1,40,
-9.411361,-36.506245,60,OSM:classe,1,40,
-9.411329,-36.079411,60,OSM:classe,1,60,
-9.411280,-36.737299,60,OSM:classe,1,40,
-9.411217,-37.536190,60,OSM:classe,1,40,
-9.411195,-35.840910,100,OSM,0,,
-9.411194,-37.904761,60,OSM:classe,1,40,
-9.411175,-37.965843,60,OSM:classe,1,40,
-9.411111,-37.980332,60,OSM:classe,1,40,
-9.411104,-37.251183,60,OSM:classe,1,40,
-9.411074,-38.194651,80,OSM,0,,
-9.411066,-37.311705,60,OSM:classe,1,40,
-9.411056,-37.000767,60,OSM:classe,1,40,
-9.411018,-37.316162,60,OSM:classe,1,40,
-9.410997,-36.630203,60,OSM:classe,1,40,
-9.410976,-36.074648,60,OSM:classe,1,60,
-9.410951,-35.519149,60,OSM:classe,1,60,
-9.410945,-36.616167,60,OSM:classe,1,40,
-9.410936,-37.090079,60,OSM:classe,1,40,
-9.410934,-36.630226,60,OSM:classe,1,40,
-9.410932,-36.630156,60,OSM:classe,1,40,
-9.410913,-36.630212,60,OSM:classe,1,40,
-9.410890,-37.765341,60,OSM:classe,1,40,
-9.410784,-36.074386,60,OSM:classe,1,60,
-9.410776,-36.081223,60,OSM:classe,1,40,
-9.410755,-35.745885,60,OSM:classe,1,40,
-9.410731,-36.554870,60,OSM:classe,1,40,
-9.410713,-36.635191,60,OSM:classe,1,50,
-9.410647,-36.084646,60,OSM:classe,1,40,
-9.410631,-36.631893,40,OSM,0,,
-9.410620,-36.552174,60,OSM:classe,1,40,
-9.410609,-35.971845,60,OSM:classe,1,40,
-9.410600,-35.501686,60,OSM:classe,1,40,
-9.410575,-36.626649,60,OSM:classe,1,40,
-9.410502,-36.710664,60,OSM:classe,1,40,
-9.410495,-38.022463,60,OSM:classe,1,40,
-9.410455,-36.174553,80,OSM,0,,
-9.410441,-36.447468,60,OSM:classe,1,40,
-9.410288,-37.255736,60,OSM:classe,1,40,
-9.410272,-37.307378,60,OSM:classe,1,40,
-9.410243,-38.103090,60,OSM:classe,1,40,
-9.410205,-36.082553,60,OSM:classe,1,40,
-9.410139,-37.531534,60,OSM:classe,1,40,
-9.410060,-36.620635,60,OSM:classe,1,40,
-9.410058,-37.944171,80,OSM,0,,
-9.410030,-37.700622,60,OSM:classe,1,40,
-9.410011,-36.315356,60,OSM:classe,1,50,
-9.409958,-36.633120,60,OSM:classe,1,40,
-9.409942,-36.566841,60,OSM:classe,1,60,
-9.409881,-36.645136,60,OSM:classe,1,50,
-9.409879,-36.990032,60,OSM:classe,1,50,
-9.409879,-36.640609,60,OSM:classe,1,50,
-9.409861,-36.677072,60,OSM:classe,1,50,
-9.409813,-37.531914,60,OSM:classe,1,40,
-9.409783,-36.800473,60,OSM:classe,1,40,
-9.409783,-36.637604,60,OSM:classe,1,40,
-9.409716,-36.765499,60,OSM:classe,1,40,
-9.409602,-38.193655,80,OSM,0,,
-9.409499,-37.302990,60,OSM:classe,1,40,
-9.409476,-36.631824,60,OSM:classe,1,40,
-9.409464,-36.639499,60,OSM:classe,1,50,
-9.409411,-36.692456,60,OSM:classe,1,40,
-9.409398,-36.631820,60,OSM:classe,1,40,
-9.409349,-36.502179,60,OSM:classe,1,40,
-9.409312,-36.692955,60,OSM:classe,1,40,
-9.409282,-36.074776,60,OSM:classe,1,40,
-9.409203,-36.733281,60,OSM:classe,1,40,
-9.409175,-38.005668,60,OSM:classe,1,40,
-9.409172,-36.800577,60,OSM:classe,1,40,
-9.409170,-36.634464,60,OSM:classe,1,40,
-9.409134,-36.628508,60,OSM:classe,1,40,
-9.409108,-36.925889,60,OSM:classe,1,40,
-9.409083,-36.638732,60,OSM:classe,1,50,
-9.409077,-37.298474,60,OSM:classe,1,40,
-9.409068,-36.685366,100,OSM:classe,1,100,
-9.409042,-38.005722,60,OSM:classe,1,40,
-9.409039,-36.083308,60,OSM:classe,1,60,
-9.409024,-36.482237,60,OSM:classe,1,40,
-9.409005,-36.638590,60,OSM:classe,1,40,
-9.409002,-36.628692,60,OSM:classe,1,40,
-9.408992,-36.622647,60,OSM:classe,1,40,
-9.408969,-36.628732,60,OSM:classe,1,40,
-9.408968,-36.718380,60,OSM:classe,1,40,
-9.408954,-36.628653,60,OSM:classe,1,40,
-9.408931,-36.646343,60,OSM:classe,1,50,
-9.408920,-37.260077,60,OSM:classe,1,40,
-9.408919,-36.628692,60,OSM:classe,1,40,
-9.408896,-36.556956,60,OSM:classe,1,40,
-9.408880,-38.018230,60,OSM:classe,1,40,
-9.408838,-36.085681,60,OSM:classe,1,40,
-9.408824,-36.628588,60,OSM:classe,1,40,
-9.408806,-36.083542,60,OSM:classe,1,40,
-9.408756,-36.634162,60,OSM:classe,1,40,
-9.408750,-37.148044,60,OSM:classe,1,40,
-9.408713,-37.260740,60,OSM:classe,1,40,
-9.408703,-36.634257,60,OSM:classe,1,40,
-9.408675,-36.646556,60,OSM:classe,1,50,
-9.408596,-36.083512,60,OSM:classe,1,60,
-9.408524,-35.517688,60,OSM:classe,1,60,
-9.408462,-37.761512,60,OSM:classe,1,40,
-9.408426,-36.697424,60,OSM:classe,1,40,
-9.408404,-38.005722,60,OSM:classe,1,40,
-9.408397,-36.527425,60,OSM:classe,1,40,
-9.408394,-37.494249,60,OSM:classe,1,40,
-9.408335,-36.728826,60,OSM:classe,1,40,
-9.408317,-35.499752,60,OSM:classe,1,50,
-9.408316,-36.698031,60,OSM:classe,1,40,
-9.408263,-36.417417,60,OSM:classe,1,40,
-9.408173,-35.506024,60,OSM:classe,1,40,
-9.408167,-38.192086,80,OSM,0,,
-9.408145,-36.548462,60,OSM:classe,1,40,
-9.408022,-36.075977,60,OSM:classe,1,40,
-9.408016,-36.997420,60,OSM:classe,1,40,
-9.408014,-38.107048,60,OSM:classe,1,40,
-9.407977,-36.416818,60,OSM:classe,1,40,
-9.407929,-36.673767,60,OSM:classe,1,50,
-9.407910,-36.497861,60,OSM:classe,1,40,
-9.407909,-36.634408,60,OSM:classe,1,40,
-9.407896,-36.634034,60,OSM:classe,1,40,
-9.407893,-36.633898,60,OSM:classe,1,40,
-9.407891,-37.294102,60,OSM:classe,1,40,
-9.407891,-36.076001,60,OSM:classe,1,40,
-9.407874,-36.633689,60,OSM:classe,1,40,
-9.407867,-36.627887,60,OSM:classe,1,40,
-9.407847,-35.501286,60,OSM:classe,1,50,
-9.407787,-36.632720,60,OSM:classe,1,40,
-9.407785,-36.632686,60,OSM:classe,1,40,
-9.407749,-36.631721,60,OSM:classe,1,40,
-9.407738,-36.631603,60,OSM:classe,1,40,
-9.407728,-35.501259,60,OSM:classe,1,50,
-9.407663,-36.270469,80,OSM:classe,1,60,
-9.407624,-35.840659,100,OSM,0,,
-9.407567,-36.444023,60,OSM:classe,1,40,
-9.407530,-38.013974,60,OSM:classe,1,40,
-9.407486,-36.630563,60,OSM:classe,1,40,
-9.407452,-36.630519,60,OSM:classe,1,40,
-9.407416,-36.631716,60,OSM:classe,1,40,
-9.407396,-37.902502,60,OSM:classe,1,40,
-9.407364,-36.527661,60,OSM:classe,1,40,
-9.407355,-36.075937,60,OSM:classe,1,40,
-9.407351,-36.702471,60,OSM:classe,1,40,
-9.407244,-35.501114,60,OSM:classe,1,50,
-9.407174,-36.688385,60,OSM,0,,
-9.407171,-35.748426,60,OSM:classe,1,40,
-9.407141,-35.501805,60,OSM:classe,1,50,
-9.407128,-35.500192,60,OSM:classe,1,50,
-9.407091,-35.724866,100,OSM:classe,1,80,
-9.407078,-38.190389,80,OSM,0,,
-9.407066,-35.501976,60,OSM:classe,1,50,
-9.407041,-36.631789,60,OSM:classe,1,40,
-9.407017,-37.088072,60,OSM:classe,1,40,
-9.406984,-35.501049,60,OSM:classe,1,50,
-9.406952,-36.688738,60,OSM,0,,
-9.406937,-36.629867,60,OSM:classe,1,40,
-9.406860,-37.528521,60,OSM:classe,1,40,
-9.406852,-37.966798,60,OSM:classe,1,40,
-9.406807,-36.531051,60,OSM:classe,1,40,
-9.406782,-35.502080,60,OSM:classe,1,50,
-9.406776,-36.724555,60,OSM:classe,1,40,
-9.406751,-35.505588,60,OSM:classe,1,40,
-9.406679,-36.689188,60,OSM,0,,
-9.406633,-37.979920,60,OSM:classe,1,40,
-9.406566,-35.516513,60,OSM:classe,1,60,
-9.406550,-36.689043,40,OSM:classe,1,40,
-9.406512,-36.630139,60,OSM:classe,1,40,
-9.406499,-36.564741,60,OSM:classe,1,60,
-9.406460,-36.689544,60,OSM,0,,
-9.406403,-36.709730,60,OSM:classe,1,40,
-9.406396,-36.494352,60,OSM:classe,1,40,
-9.406380,-36.560482,60,OSM:classe,1,40,
-9.406376,-36.413786,60,OSM:classe,1,40,
-9.406375,-36.689212,40,OSM:classe,1,40,
-9.406361,-35.973240,60,OSM:classe,1,40,
-9.406325,-36.134481,60,OSM:classe,1,60,
-9.406200,-36.626207,60,OSM:classe,1,40,
-9.406168,-36.689203,100,OSM:classe,1,80,
-9.406147,-37.144529,60,OSM:classe,1,40,
-9.406123,-36.628852,60,OSM:classe,1,40,
-9.406104,-36.485494,60,OSM:classe,1,40,
-9.406085,-36.535928,60,OSM:classe,1,40,
-9.406050,-36.641241,60,OSM:classe,1,40,
-9.406038,-36.630441,60,OSM:classe,1,40,
-9.406030,-36.313484,60,OSM:classe,1,50,
-9.406008,-36.626466,60,OSM:classe,1,40,
-9.405996,-36.650099,60,OSM:classe,1,50,
-9.405992,-38.110587,60,OSM:classe,1,40,
-9.405971,-35.505702,60,OSM:classe,1,40,
-9.405962,-36.540483,60,OSM:classe,1,40,
-9.405872,-37.290030,60,OSM:classe,1,40,
-9.405830,-36.535161,60,OSM:classe,1,40,
-9.405825,-38.004340,60,OSM:classe,1,40,
-9.405814,-36.489833,60,OSM:classe,1,40,
-9.405778,-35.505679,40,OSM:classe,1,40,
-9.405776,-36.130010,60,OSM:classe,1,60,
-9.405771,-36.629053,60,OSM:classe,1,40,
-9.405765,-36.706736,60,OSM:classe,1,40,
-9.405717,-37.701914,60,OSM:classe,1,40,
-9.405672,-36.763826,60,OSM:classe,1,40,
-9.405672,-36.631489,60,OSM:classe,1,40,
-9.405672,-35.505454,60,OSM:classe,1,50,
-9.405661,-35.505496,60,OSM:classe,1,50,
-9.405633,-36.544724,60,OSM:classe,1,40,
-9.405621,-36.715856,60,OSM:classe,1,40,
-9.405616,-37.758342,60,OSM:classe,1,40,
-9.405591,-35.505697,60,OSM:classe,1,50,
-9.405571,-35.505749,60,OSM:classe,1,50,
-9.405543,-36.631181,60,OSM:classe,1,40,
-9.405485,-35.973624,60,OSM:classe,1,40,
-9.405475,-35.505894,60,OSM:classe,1,50,
-9.405453,-36.419797,60,OSM:classe,1,40,
-9.405451,-35.724707,100,OSM:classe,1,80,
-9.405414,-35.505940,60,OSM:classe,1,50,
-9.405413,-36.631158,60,OSM:classe,1,40,
-9.405398,-36.989651,40,OSM,0,,
-9.405325,-36.802778,60,OSM:classe,1,40,
-9.405323,-36.440395,60,OSM:classe,1,40,
-9.405205,-36.630820,60,OSM:classe,1,40,
-9.405198,-37.953980,80,OSM,0,,
-9.405189,-36.720299,60,OSM:classe,1,40,
-9.405113,-36.128505,60,OSM:classe,1,60,
-9.405092,-37.285575,60,OSM:classe,1,40,
-9.405086,-36.630837,60,OSM:classe,1,40,
-9.405071,-36.708468,60,OSM:classe,1,40,
-9.404995,-35.839870,100,OSM,0,,
-9.404980,-35.840044,100,OSM,0,,
-9.404918,-36.086043,60,OSM:classe,1,60,
-9.404875,-36.924355,60,OSM:classe,1,40,
-9.404755,-36.989401,40,OSM,0,,
-9.404740,-36.989767,40,OSM,0,,
-9.404721,-36.993154,60,OSM,0,,
-9.404720,-36.629261,60,OSM:classe,1,40,
-9.404659,-36.989858,40,OSM,0,,
-9.404657,-36.991260,60,OSM:classe,1,40,
-9.404645,-36.991155,60,OSM:classe,1,40,
-9.404592,-36.990756,50,OSM,0,,
-9.404591,-36.629310,60,OSM:classe,1,40,
-9.404578,-36.989223,40,OSM,0,,
-9.404454,-36.286030,60,OSM:classe,1,50,
-9.404452,-36.989940,50,OSM,0,,
-9.404442,-36.709215,60,OSM:classe,1,40,
-9.404414,-36.994744,60,OSM:classe,1,40,
-9.404388,-36.989578,50,OSM,0,,
-9.404363,-36.994693,60,OSM:classe,1,40,
-9.404326,-36.989189,50,OSM,0,,
-9.404305,-36.138553,60,OSM:classe,1,60,
-9.404289,-37.495901,60,OSM:classe,1,40,
-9.404240,-36.138797,60,OSM:classe,1,60,
-9.404235,-37.260979,60,OSM:classe,1,40,
-9.404221,-36.989897,40,OSM,0,,
-9.404178,-36.988186,60,OSM,0,,
-9.404154,-36.989268,40,OSM,0,,
-9.404123,-36.989698,40,OSM,0,,
-9.404101,-36.989387,40,OSM,0,,
-9.404095,-35.500048,60,OSM:classe,1,50,
-9.404090,-36.410013,60,OSM:classe,1,40,
-9.404070,-36.424133,60,OSM:classe,1,40,
-9.404002,-36.654158,60,OSM:classe,1,50,
-9.403934,-36.989523,60,OSM:classe,1,50,
-9.403933,-36.671881,60,OSM:classe,1,50,
-9.403913,-35.839278,40,OSM:classe,1,40,
-9.403904,-36.302366,60,OSM:classe,1,50,
-9.403901,-36.989522,60,OSM:classe,1,50,
-9.403872,-35.506820,60,OSM:classe,1,50,
-9.403835,-36.995889,60,OSM,0,,
-9.403817,-36.627997,60,OSM:classe,1,40,
-9.403770,-36.290122,60,OSM:classe,1,50,
-9.403734,-36.989509,60,OSM:classe,1,50,
-9.403701,-38.114509,60,OSM:classe,1,40,
-9.403662,-35.839071,100,OSM,0,,
-9.403587,-36.309723,60,OSM:classe,1,50,
-9.403582,-36.298100,60,OSM:classe,1,50,
-9.403544,-38.012319,60,OSM:classe,1,40,
-9.403518,-36.716671,60,OSM:classe,1,40,
-9.403420,-38.012261,60,OSM:classe,1,40,
-9.403379,-36.269532,80,OSM:classe,1,60,
-9.403331,-36.982954,80,OSM,0,,
-9.403330,-36.428542,60,OSM:classe,1,40,
-9.403305,-36.436485,60,OSM:classe,1,40,
-9.403296,-35.749439,60,OSM:classe,1,40,
-9.403268,-37.969541,60,OSM:classe,1,40,
-9.403261,-35.497867,60,OSM:classe,1,40,
-9.403183,-36.077604,60,OSM:classe,1,40,
-9.403152,-36.281798,60,OSM:classe,1,50,
-9.403128,-36.715530,60,OSM:classe,1,40,
-9.403096,-36.981422,80,OSM,0,,
-9.403079,-36.090120,60,OSM:classe,1,60,
-9.403018,-36.980940,80,OSM,0,,
-9.403009,-36.980880,80,OSM,0,,
-9.402960,-36.997058,60,OSM,0,,
-9.402958,-37.901778,60,OSM:classe,1,40,
-9.402945,-36.714786,60,OSM:classe,1,40,
-9.402897,-36.980254,80,OSM,0,,
-9.402802,-35.839746,40,OSM:classe,1,40,
-9.402729,-36.981307,60,OSM:classe,1,50,
-9.402711,-35.514167,60,OSM:classe,1,60,
-9.402710,-36.981441,40,OSM:classe,1,40,
-9.402697,-37.526839,60,OSM:classe,1,40,
-9.402602,-36.563432,60,OSM:classe,1,60,
-9.402551,-37.087914,60,OSM:classe,1,40,
-9.402492,-38.181318,60,OSM:classe,1,40,
-9.402457,-36.982727,60,OSM:classe,1,50,
-9.402446,-36.153305,80,OSM,0,,
-9.402394,-36.432352,60,OSM:classe,1,40,
-9.402350,-36.561311,60,OSM:classe,1,40,
-9.402345,-36.124914,60,OSM:classe,1,60,
-9.402284,-37.282062,60,OSM:classe,1,40,
-9.402258,-36.152424,80,OSM,0,,
-9.402243,-37.264363,60,OSM:classe,1,40,
-9.402229,-37.142518,60,OSM:classe,1,40,
-9.402222,-35.511060,60,OSM:classe,1,50,
-9.402172,-37.979356,60,OSM:classe,1,40,
-9.402146,-36.624283,60,OSM:classe,1,40,
-9.402083,-36.975304,80,OSM,0,,
-9.402066,-36.141004,60,OSM:classe,1,60,
-9.402056,-38.002982,60,OSM:classe,1,40,
-9.402054,-37.281616,60,OSM:classe,1,40,
-9.402025,-38.002268,60,OSM:classe,1,40,
-9.402022,-35.837375,100,OSM,0,,
-9.402001,-35.721784,100,OSM:classe,1,80,
-9.401944,-37.273175,60,OSM:classe,1,40,
-9.401927,-36.991209,60,OSM:classe,1,40,
-9.401893,-36.630379,60,OSM:classe,1,40,
-9.401852,-36.640759,60,OSM:classe,1,40,
-9.401850,-36.156779,80,OSM,0,,
-9.401836,-36.277531,60,OSM:classe,1,50,
-9.401780,-37.268893,60,OSM:classe,1,40,
-9.401770,-36.805565,60,OSM:classe,1,40,
-9.401750,-36.690056,60,OSM:classe,1,60,
-9.401734,-38.002594,60,OSM:classe,1,40,
-9.401714,-36.697131,80,OSM,0,,
-9.401676,-35.513538,60,OSM:classe,1,60,
-9.401675,-38.179728,80,OSM,0,,
-9.401656,-36.711223,60,OSM:classe,1,40,
-9.401600,-36.987202,60,OSM:classe,1,50,
-9.401595,-35.513487,60,OSM:classe,1,60,
-9.401580,-36.294019,60,OSM:classe,1,50,
-9.401553,-37.756461,60,OSM:classe,1,40,
-9.401531,-36.406266,60,OSM:classe,1,40,
-9.401518,-37.499312,60,OSM:classe,1,40,
-9.401512,-36.160953,80,OSM,0,,
-9.401501,-36.657916,60,OSM:classe,1,50,
-9.401501,-35.512913,60,OSM:classe,1,50,
-9.401486,-35.512931,40,OSM:classe,1,40,
-9.401457,-37.277359,60,OSM:classe,1,40,
-9.401433,-35.975600,60,OSM:classe,1,40,
-9.401410,-38.118431,60,OSM:classe,1,40,
-9.401405,-37.703206,60,OSM:classe,1,40,
-9.401387,-36.305748,60,OSM:classe,1,50,
-9.401363,-38.002898,60,OSM:classe,1,40,
-9.401334,-36.624197,60,OSM:classe,1,40,
-9.401331,-36.763309,60,OSM:classe,1,40,
-9.401307,-35.513318,60,OSM:classe,1,60,
-9.401293,-35.496683,60,OSM:classe,1,40,
-9.401265,-36.988821,60,OSM:classe,1,40,
-9.401246,-36.988909,60,OSM:classe,1,50,
-9.401187,-36.668436,60,OSM:classe,1,50,
-9.401172,-36.989250,60,OSM:classe,1,50,
-9.400958,-35.513101,60,OSM:classe,1,60,
-9.400898,-36.659754,60,OSM:classe,1,50,
-9.400893,-36.094094,60,OSM:classe,1,60,
-9.400878,-36.990601,60,OSM:classe,1,40,
-9.400818,-35.836725,100,OSM,0,,
-9.400811,-36.699098,80,OSM,0,,
-9.400804,-36.990945,60,OSM:classe,1,40,
-9.400797,-36.990972,60,OSM:classe,1,40,
-9.400790,-36.991009,60,OSM:classe,1,40,
-9.400677,-35.720662,100,OSM:classe,1,80,
-9.400649,-37.503778,60,OSM:classe,1,40,
-9.400603,-36.169932,80,OSM,0,,
-9.400549,-36.915302,80,OSM,0,,
-9.400541,-35.497265,60,OSM:classe,1,50,
-9.400482,-35.496851,60,OSM:classe,1,40,
-9.400476,-36.404722,60,OSM:classe,1,40,
-9.400445,-35.720293,100,OSM:classe,1,80,
-9.400442,-36.120805,60,OSM:classe,1,60,
-9.400421,-36.661477,60,OSM:classe,1,40,
-9.400419,-36.923746,60,OSM:classe,1,40,
-9.400409,-38.015586,60,OSM:classe,1,40,
-9.400338,-37.963789,80,OSM,0,,
-9.400321,-36.993370,60,OSM:classe,1,50,
-9.400320,-35.512721,60,OSM:classe,1,60,
-9.400295,-35.497362,60,OSM:classe,1,40,
-9.400235,-36.149174,80,OSM,0,,
-9.400230,-36.986840,60,OSM:classe,1,40,
-9.400222,-35.497160,60,OSM:classe,1,40,
-9.400126,-38.015678,60,OSM:classe,1,40,
-9.400113,-37.246548,80,OSM,0,,
-9.400065,-37.972316,60,OSM:classe,1,40,
-9.400059,-37.000012,60,OSM,0,,
-9.400004,-36.925528,80,OSM,0,,
-9.399993,-38.009828,60,OSM:classe,1,40,
-9.399940,-37.246476,80,OSM,0,,
-9.399936,-37.278447,60,OSM:classe,1,40,
-9.399926,-36.988283,60,OSM:classe,1,40,
-9.399862,-36.988559,60,OSM:classe,1,40,
-9.399862,-35.719359,100,OSM:classe,1,80,
-9.399827,-36.711092,60,OSM:classe,1,40,
-9.399792,-36.964998,80,OSM,0,,
-9.399752,-36.664128,60,OSM:classe,1,50,
-9.399715,-36.711841,60,OSM:classe,1,40,
-9.399687,-36.712772,60,OSM:classe,1,40,
-9.399682,-36.713563,60,OSM:classe,1,40,
-9.399681,-36.955250,80,OSM,0,,
-9.399670,-36.144588,60,OSM:classe,1,60,
-9.399573,-36.080210,60,OSM:classe,1,40,
-9.399571,-36.945502,80,OSM,0,,
-9.399555,-36.273777,60,OSM:classe,1,50,
-9.399494,-36.990287,60,OSM:classe,1,40,
-9.399489,-36.934223,60,OSM:classe,1,40,
-9.399460,-36.935753,80,OSM,0,,
-9.399413,-36.990680,60,OSM:classe,1,40,
-9.399412,-36.706576,60,OSM:classe,1,40,
-9.399411,-36.144876,60,OSM:classe,1,40,
-9.399406,-37.508122,60,OSM:classe,1,40,
-9.399405,-36.116370,60,OSM:classe,1,60,
-9.399397,-36.997830,60,OSM:classe,1,50,
-9.399362,-35.750579,60,OSM:classe,1,40,
-9.399318,-37.752777,60,OSM:classe,1,40,
-9.399312,-36.145131,80,OSM,0,,
-9.399282,-36.144779,60,OSM:classe,1,40,
-9.399156,-36.144977,40,OSM:classe,1,40,
-9.399132,-36.164236,80,OSM,0,,
-9.399119,-38.122353,60,OSM:classe,1,40,
-9.399030,-36.098187,60,OSM:classe,1,60,
-9.398986,-36.992740,60,OSM:classe,1,40,
-9.398967,-37.903692,60,OSM:classe,1,40,
-9.398964,-38.017092,60,OSM:classe,1,40,
-9.398956,-36.268950,80,OSM:classe,1,60,
-9.398932,-37.000086,60,OSM:classe,1,40,
-9.398915,-36.400470,60,OSM:classe,1,40,
-9.398864,-36.148912,60,OSM:classe,1,40,
-9.398828,-37.002121,60,OSM,0,,
-9.398814,-36.148767,60,OSM:classe,1,40,
-9.398753,-36.145018,60,OSM:classe,1,40,
-9.398744,-37.002310,60,OSM,0,,
-9.398725,-36.710504,40,OSM,0,,
-9.398722,-36.712069,60,OSM:classe,1,40,
-9.398657,-37.002224,40,OSM:classe,1,40,
-9.398652,-37.002537,60,OSM,0,,
-9.398645,-37.526630,60,OSM:classe,1,40,
-9.398614,-36.640208,60,OSM:classe,1,40,
-9.398597,-36.712032,60,OSM:classe,1,40,
-9.398581,-36.712151,60,OSM:classe,1,40,
-9.398554,-36.563433,60,OSM:classe,1,60,
-9.398533,-37.140331,60,OSM:classe,1,40,
-9.398506,-36.268919,80,OSM:classe,1,60,
-9.398481,-36.711823,40,OSM,0,,
-9.398478,-36.563428,60,OSM:classe,1,40,
-9.398429,-36.712077,40,OSM,0,,
-9.398425,-37.274159,60,OSM:classe,1,40,
-9.398390,-36.712341,40,OSM,0,,
-9.398383,-36.712384,40,OSM,0,,
-9.398325,-36.145225,60,OSM:classe,1,40,
-9.398316,-36.808481,60,OSM:classe,1,40,
-9.398266,-36.640377,60,OSM:classe,1,40,
-9.398250,-36.902433,80,OSM,0,,
-9.398237,-38.182791,60,OSM:classe,1,40,
-9.398187,-37.087074,60,OSM:classe,1,40,
-9.398154,-36.162200,60,OSM:classe,1,40,
-9.398135,-37.999981,60,OSM:classe,1,40,
-9.398128,-36.102653,60,OSM:classe,1,60,
-9.398112,-37.004165,80,OSM,0,,
-9.398106,-36.714088,40,OSM,0,,
-9.398064,-36.145341,60,OSM:classe,1,40,
-9.398037,-36.112312,60,OSM:classe,1,60,
-9.397999,-36.107193,60,OSM:classe,1,60,
-9.397991,-36.147116,60,OSM:classe,1,40,
-9.397959,-36.145683,60,OSM:classe,1,40,
-9.397885,-36.146311,60,OSM:classe,1,40,
-9.397805,-35.715355,100,OSM:classe,1,80,
-9.397782,-36.716078,60,OSM:classe,1,40,
-9.397721,-37.978706,60,OSM:classe,1,40,
-9.397699,-36.111613,60,OSM:classe,1,60,
-9.397525,-36.629536,60,OSM:classe,1,40,
-9.397517,-37.512258,60,OSM:classe,1,40,
-9.397465,-36.168986,80,OSM,0,,
-9.397445,-36.986807,60,OSM:classe,1,40,
-9.397417,-36.718149,60,OSM,0,,
-9.397403,-36.166072,60,OSM:classe,1,40,
-9.397381,-35.977576,60,OSM:classe,1,40,
-9.397337,-37.975793,60,OSM:classe,1,40,
-9.397333,-36.690909,60,OSM:classe,1,60,
-9.397321,-38.018570,60,OSM:classe,1,40,
-9.397286,-35.497484,60,OSM:classe,1,40,
-9.397222,-36.166345,80,OSM,0,,
-9.397184,-36.396313,60,OSM:classe,1,40,
-9.397156,-36.159357,60,OSM:classe,1,40,
-9.397110,-36.150878,60,OSM:classe,1,40,
-9.397093,-37.704499,60,OSM:classe,1,40,
-9.397090,-36.168565,80,OSM,0,,
-9.397049,-36.168858,80,OSM,0,,
-9.396993,-36.166982,80,OSM,0,,
-9.396886,-36.762728,60,OSM:classe,1,40,
-9.396829,-38.126275,60,OSM:classe,1,40,
-9.396824,-37.522462,60,OSM:classe,1,40,
-9.396799,-36.664069,60,OSM:classe,1,40,
-9.396777,-36.168800,80,OSM,0,,
-9.396692,-36.762679,60,OSM:classe,1,40,
-9.396671,-37.269963,60,OSM:classe,1,40,
-9.396604,-37.011484,80,OSM,0,,
-9.396442,-36.664158,60,OSM:classe,1,40,
-9.396432,-36.082745,60,OSM:classe,1,40,
-9.396348,-36.270582,60,OSM:classe,1,50,
-9.396319,-38.019876,60,OSM:classe,1,50,
-9.396271,-38.169067,40,OSM,0,,
-9.396230,-38.007365,60,OSM:classe,1,40,
-9.396207,-38.019993,60,OSM:classe,1,50,
-9.396175,-35.511940,60,OSM:classe,1,60,
-9.396174,-36.564589,60,OSM:classe,1,40,
-9.396152,-38.168835,40,OSM,0,,
-9.396135,-38.168804,40,OSM,0,,
-9.396033,-38.168592,40,OSM,0,,
-9.396016,-36.716690,60,OSM:classe,1,40,
-9.395951,-36.889564,80,OSM,0,,
-9.395840,-35.497263,60,OSM:classe,1,40,
-9.395808,-38.168993,100,OSM:classe,1,100,
-9.395783,-38.168933,100,OSM:classe,1,100,
-9.395732,-36.150981,60,OSM:classe,1,40,
-9.395691,-37.906661,60,OSM:classe,1,40,
-9.395679,-37.750269,60,OSM:classe,1,40,
-9.395649,-36.155063,60,OSM:classe,1,40,
-9.395625,-36.932154,60,OSM:classe,1,40,
-9.395614,-38.169033,110,OSM,0,,
-9.395558,-36.728993,80,OSM,0,,
-9.395478,-37.973598,80,OSM,0,,
-9.395168,-36.392625,60,OSM:classe,1,40,
-9.395151,-38.018956,60,OSM:classe,1,50,
-9.395129,-36.083738,60,OSM:classe,1,40,
-9.395127,-37.137414,60,OSM:classe,1,40,
-9.395014,-36.563686,60,OSM:classe,1,60,
-9.394989,-35.750855,60,OSM:classe,1,40,
-9.394978,-36.268865,80,OSM:classe,1,60,
-9.394914,-37.518341,60,OSM:classe,1,40,
-9.394879,-36.153961,60,OSM:classe,1,40,
-9.394867,-36.268859,40,OSM:classe,1,40,
-9.394819,-36.269062,40,OSM:classe,1,40,
-9.394793,-37.001596,60,OSM:classe,1,40,
-9.394713,-36.268964,80,OSM:classe,1,60,
-9.394656,-37.997934,60,OSM:classe,1,40,
-9.394538,-38.130197,60,OSM:classe,1,40,
-9.394496,-35.838552,100,OSM,0,,
-9.394482,-37.084588,60,OSM:classe,1,40,
-9.394472,-37.997882,60,OSM:classe,1,40,
-9.394444,-35.712402,100,OSM:classe,1,80,
-9.394355,-36.762520,60,OSM:classe,1,40,
-9.394312,-35.836218,100,OSM,0,,
-9.394258,-37.976297,40,OSM:classe,1,40,
-9.394240,-36.152135,60,OSM:classe,1,40,
-9.394202,-37.023112,80,OSM,0,,
-9.394169,-38.021821,60,OSM:classe,1,40,
-9.394138,-36.668030,60,OSM:classe,1,40,
-9.394074,-37.514463,60,OSM:classe,1,40,
-9.394058,-38.021885,60,OSM:classe,1,40,
-9.394023,-36.641853,60,OSM:classe,1,40,
-9.393982,-38.184264,60,OSM:classe,1,40,
-9.393970,-36.809619,60,OSM:classe,1,40,
-9.393871,-35.838294,60,OSM:classe,1,50,
-9.393787,-36.984156,60,OSM:classe,1,40,
-9.393710,-37.908661,60,OSM:classe,1,40,
-9.393699,-36.739837,80,OSM,0,,
-9.393653,-36.876694,80,OSM,0,,
-9.393534,-37.266755,60,OSM:classe,1,40,
-9.393483,-37.978122,60,OSM:classe,1,40,
-9.393405,-36.267187,60,OSM:classe,1,50,
-9.393377,-37.266639,60,OSM:classe,1,40,
-9.393329,-35.979552,60,OSM:classe,1,40,
-9.393293,-36.692788,60,OSM:classe,1,60,
-9.393289,-36.628340,60,OSM:classe,1,40,
-9.393277,-35.838504,60,OSM:classe,1,40,
-9.393271,-37.978056,60,OSM:classe,1,40,
-9.393245,-38.020907,60,OSM:classe,1,40,
-9.393227,-37.984714,60,OSM:classe,1,40,
-9.393203,-37.515386,60,OSM:classe,1,40,
-9.393126,-38.021031,60,OSM:classe,1,40,
-9.393084,-38.016711,60,OSM:classe,1,50,
-9.393045,-38.022086,60,OSM:classe,1,40,
-9.392947,-36.559997,60,OSM:classe,1,60,
-9.392941,-38.004256,60,OSM:classe,1,40,
-9.392837,-38.162225,80,OSM,0,,
-9.392783,-38.020455,60,OSM:classe,1,40,
-9.392781,-37.705791,60,OSM:classe,1,40,
-9.392685,-37.030502,60,OSM:classe,1,40,
-9.392675,-38.022220,60,OSM:classe,1,50,
-9.392663,-38.020580,60,OSM:classe,1,40,
-9.392645,-37.204223,80,OSM,0,,
-9.392597,-37.203439,80,OSM,0,,
-9.392576,-36.153494,60,OSM:classe,1,40,
-9.392574,-36.719390,60,OSM:classe,1,40,
-9.392550,-36.867750,80,OSM,0,,
-9.392526,-36.867465,80,OSM,0,,
-9.392479,-36.153554,60,OSM:classe,1,40,
-9.392459,-35.513091,100,OSM:classe,1,80,
-9.392440,-36.566775,60,OSM:classe,1,40,
-9.392428,-35.708681,100,OSM:classe,1,80,
-9.392344,-35.835822,100,OSM,0,,
-9.392331,-35.513160,100,OSM:classe,1,80,
-9.392322,-36.555581,60,OSM:classe,1,60,
-9.392286,-38.134142,60,OSM:classe,1,40,
-9.392263,-37.202617,80,OSM,0,,
-9.392256,-37.980350,80,OSM,0,,
-9.392243,-37.980375,60,OSM:classe,1,40,
-9.392145,-37.980339,80,OSM,0,,
-9.392139,-38.020066,60,OSM:classe,1,40,
-9.392134,-37.987678,60,OSM:classe,1,40,
-9.392127,-35.836195,100,OSM,0,,
-9.392117,-35.842070,60,OSM:classe,1,40,
-9.392106,-35.836661,40,OSM:classe,1,40,
-9.392017,-37.084964,60,OSM:classe,1,40,
-9.391977,-36.929514,60,OSM:classe,1,40,
-9.391922,-36.855696,80,OSM,0,,
-9.391921,-38.015785,60,OSM:classe,1,50,
-9.391839,-36.750681,60,OSM,0,,
-9.391800,-37.034741,80,OSM,0,,
-9.391729,-35.838996,60,OSM:classe,1,40,
-9.391680,-37.988749,60,OSM:classe,1,40,
-9.391637,-36.983152,60,OSM:classe,1,40,
-9.391611,-37.748786,60,OSM:classe,1,40,
-9.391571,-35.839058,60,OSM:classe,1,40,
-9.391495,-36.263148,60,OSM:classe,1,50,
-9.391452,-37.997281,60,OSM:classe,1,40,
-9.391394,-35.496582,60,OSM:classe,1,40,
-9.391317,-36.843928,80,OSM,0,,
-9.391292,-36.086066,60,OSM:classe,1,40,
-9.391268,-36.671491,60,OSM:classe,1,40,
-9.391248,-36.754042,60,OSM,0,,
-9.391140,-37.998130,60,OSM:classe,1,40,
-9.391025,-37.004023,60,OSM:classe,1,40,
-9.390996,-36.755441,60,OSM,0,,
-9.390909,-37.138291,60,OSM:classe,1,40,
-9.390896,-35.750331,60,OSM:classe,1,40,
-9.390831,-36.393290,60,OSM:classe,1,40,
-9.390738,-36.757057,60,OSM:classe,1,40,
-9.390713,-36.832159,80,OSM,0,,
-9.390658,-36.831550,80,OSM,0,,
-9.390648,-37.910578,60,OSM:classe,1,40,
-9.390638,-35.980865,60,OSM:classe,1,40,
-9.390625,-35.515236,100,OSM:classe,1,80,
-9.390612,-36.639457,60,OSM:classe,1,40,
-9.390590,-36.830928,80,OSM,0,,
-9.390576,-35.844922,60,OSM:classe,1,40,
-9.390547,-37.212460,80,OSM,0,,
-9.390539,-35.836485,60,OSM:classe,1,50,
-9.390531,-37.242435,80,OSM,0,,
-9.390446,-36.831537,80,OSM:classe,1,60,
-9.390358,-38.022136,60,OSM:classe,1,40,
-9.390353,-35.838131,60,OSM:classe,1,40,
-9.390330,-36.831671,80,OSM:classe,1,60,
-9.390275,-35.835050,100,OSM,0,,
-9.390266,-37.264702,60,OSM:classe,1,40,
-9.390243,-36.826330,80,OSM,0,,
-9.390240,-36.825526,80,OSM,0,,
-9.390208,-37.984373,80,OSM,0,,
-9.390187,-37.910788,60,OSM:classe,1,40,
-9.390148,-38.022145,60,OSM:classe,1,40,
-9.390147,-37.984339,80,OSM,0,,
-9.390134,-38.000059,60,OSM:classe,1,40,
-9.390122,-36.818387,80,OSM,0,,
-9.390108,-38.138129,60,OSM:classe,1,40,
-9.390079,-36.831759,80,OSM:classe,1,60,
-9.390073,-38.000163,60,OSM:classe,1,40,
-9.390007,-38.000828,60,OSM:classe,1,40,
-9.390007,-35.497885,60,OSM:classe,1,40,
-9.390002,-35.706192,100,OSM:classe,1,80,
-9.389996,-37.138172,60,OSM:classe,1,40,
-9.389991,-38.000798,60,OSM:classe,1,40,
-9.389964,-38.000741,60,OSM:classe,1,40,
-9.389949,-37.213721,80,OSM,0,,
-9.389937,-38.000688,60,OSM:classe,1,40,
-9.389934,-38.000516,60,OSM:classe,1,40,
-9.389894,-36.761977,60,OSM:classe,1,40,
-9.389887,-35.516140,100,OSM:classe,1,80,
-9.389848,-38.013546,60,OSM:classe,1,50,
-9.389826,-38.000678,60,OSM:classe,1,40,
-9.389805,-38.000655,30,OSM,0,,
-9.389805,-36.762491,60,OSM,0,,
-9.389781,-38.000786,60,OSM:classe,1,40,
-9.389769,-38.000819,30,OSM,0,,
-9.389726,-38.185737,60,OSM:classe,1,40,
-9.389667,-36.808670,80,OSM,0,,
-9.389662,-36.808444,60,OSM:classe,1,40,
-9.389641,-38.155858,80,OSM,0,,
-9.389632,-35.835057,40,OSM:classe,1,40,
-9.389553,-37.090520,60,OSM,0,,
-9.389547,-38.017290,60,OSM:classe,1,40,
-9.389516,-37.089716,60,OSM,0,,
-9.389499,-37.089570,60,OSM,0,,
-9.389484,-36.764460,60,OSM,0,,
-9.389455,-37.092949,60,OSM,0,,
-9.389427,-37.992439,60,OSM:classe,1,40,
-9.389412,-35.701804,100,OSM:classe,1,80,
-9.389400,-36.695069,60,OSM:classe,1,60,
-9.389398,-37.046369,80,OSM,0,,
-9.389372,-38.022144,60,OSM:classe,1,40,
-9.389350,-37.088737,60,OSM,0,,
-9.389309,-37.089628,60,OSM:classe,1,40,
-9.389304,-37.089729,60,OSM:classe,1,40,
-9.389290,-37.096034,60,OSM,0,,
-9.389266,-36.626400,60,OSM:classe,1,40,
-9.389255,-37.986128,60,OSM:classe,1,40,
-9.389212,-36.798953,80,OSM,0,,
-9.389183,-36.765850,80,OSM,0,,
-9.389163,-36.086954,60,OSM:classe,1,40,
-9.389057,-36.552881,60,OSM:classe,1,60,
-9.388998,-37.094789,60,OSM:classe,1,40,
-9.388969,-35.834682,100,OSM,0,,
-9.388924,-37.089707,60,OSM:classe,1,40,
-9.388910,-38.016895,60,OSM:classe,1,40,
-9.388891,-37.087033,60,OSM,0,,
-9.388819,-36.167062,80,OSM,0,,
-9.388791,-37.086701,60,OSM:classe,1,40,
-9.388787,-38.012509,60,OSM:classe,1,50,
-9.388772,-37.093419,60,OSM:classe,1,40,
-9.388758,-36.789236,80,OSM,0,,
-9.388746,-37.107037,80,OSM,0,,
-9.388715,-38.012430,60,OSM:classe,1,50,
-9.388692,-38.012614,60,OSM:classe,1,50,
-9.388687,-37.196892,80,OSM,0,,
-9.388634,-38.000591,30,OSM,0,,
-9.388634,-37.242150,80,OSM,0,,
-9.388613,-38.012536,60,OSM:classe,1,50,
-9.388574,-37.090288,60,OSM:classe,1,40,
-9.388553,-36.568776,60,OSM:classe,1,40,
-9.388533,-37.987719,40,OSM,0,,
-9.388513,-37.091447,60,OSM:classe,1,40,
-9.388477,-37.085636,50,OSM,0,,
-9.388469,-37.707083,60,OSM:classe,1,40,
-9.388469,-36.718497,60,OSM:classe,1,40,
-9.388465,-37.028926,60,OSM:classe,1,40,
-9.388428,-37.089270,60,OSM:classe,1,40,
-9.388406,-36.674896,60,OSM:classe,1,40,
-9.388402,-36.153163,60,OSM:classe,1,40,
-9.388391,-35.834001,100,OSM,0,,
-9.388362,-37.999098,60,OSM:classe,1,40,
-9.388327,-35.698383,100,OSM:classe,1,80,
-9.388277,-37.991899,60,OSM:classe,1,40,
-9.388269,-37.089794,60,OSM:classe,1,40,
-9.388232,-37.087545,60,OSM:classe,1,40,
-9.388207,-37.084722,60,OSM,0,,
-9.388201,-37.118041,80,OSM,0,,
-9.388179,-38.022219,60,OSM:classe,1,50,
-9.388166,-36.927159,60,OSM:classe,1,40,
-9.388143,-37.086857,60,OSM:classe,1,40,
-9.388118,-37.195410,80,OSM,0,,
-9.388088,-35.746784,60,OSM:classe,1,40,
-9.387961,-38.001002,30,OSM,0,,
-9.387920,-37.086929,60,OSM:classe,1,40,
-9.387892,-36.260485,60,OSM:classe,1,50,
-9.387820,-36.550879,100,OSM:classe,1,80,
-9.387819,-37.006844,60,OSM:classe,1,40,
-9.387734,-37.193559,80,OSM,0,,
-9.387707,-36.980955,60,OSM:classe,1,40,
-9.387657,-37.129045,80,OSM,0,,
-9.387586,-36.781046,80,OSM,0,,
-9.387585,-37.181610,80,OSM,0,,
-9.387584,-36.391194,60,OSM:classe,1,40,
-9.387485,-37.985211,60,OSM:classe,1,40,
-9.387437,-37.169661,80,OSM,0,,
-9.387388,-36.755141,60,OSM:classe,1,40,
-9.387373,-38.001063,30,OSM,0,,
-9.387348,-38.019403,60,OSM:classe,1,40,
-9.387288,-37.157712,80,OSM,0,,
-9.387277,-35.838959,60,OSM:classe,1,40,
-9.387203,-36.153602,60,OSM:classe,1,40,
-9.387192,-37.137871,60,OSM:classe,1,40,
-9.387187,-36.636713,60,OSM:classe,1,40,
-9.387173,-37.748160,60,OSM:classe,1,40,
-9.387163,-37.990494,60,OSM:classe,1,40,
-9.387139,-37.145762,60,OSM,0,,
-9.387127,-38.018966,60,OSM:classe,1,40,
-9.387112,-37.140049,80,OSM,0,,
-9.387097,-37.140387,60,OSM:classe,1,40,
-9.386995,-37.057998,80,OSM,0,,
-9.386960,-35.978423,60,OSM:classe,1,40,
-9.386828,-37.089388,60,OSM:classe,1,40,
-9.386741,-37.991344,40,OSM,0,,
-9.386687,-37.995898,30,OSM,0,,
-9.386620,-36.771762,80,OSM,0,,
-9.386571,-37.991684,80,OSM,0,,
-9.386501,-37.262333,60,OSM:classe,1,40,
-9.386434,-37.140216,60,OSM:classe,1,40,
-9.386413,-36.772857,80,OSM,0,,
-9.386411,-37.992697,40,OSM,0,,
-9.386411,-37.992025,40,OSM,0,,
-9.386400,-37.993007,40,OSM,0,,
-9.386396,-38.010173,60,OSM:classe,1,50,
-9.386387,-37.242562,80,OSM,0,,
-9.386384,-37.913114,60,OSM:classe,1,40,
-9.386334,-35.694349,100,OSM:classe,1,80,
-9.386311,-38.014126,60,OSM:classe,1,40,
-9.386283,-38.010268,60,OSM:classe,1,50,
-9.386281,-37.992234,40,OSM,0,,
-9.386202,-35.836856,60,OSM:classe,1,50,
-9.386158,-36.546666,100,OSM:classe,1,80,
-9.386143,-37.077612,60,OSM,0,,
-9.386117,-38.139998,60,OSM:classe,1,40,
-9.386065,-35.518541,100,OSM:classe,1,80,
-9.386064,-36.833811,60,OSM:classe,1,50,
-9.386048,-37.993413,40,OSM,0,,
-9.386044,-35.836917,60,OSM:classe,1,40,
-9.385953,-38.145038,80,OSM,0,,
-9.385904,-37.264925,60,OSM:classe,1,40,
-9.385892,-35.496490,60,OSM:classe,1,40,
-9.385807,-37.984368,60,OSM:classe,1,40,
-9.385798,-36.570941,60,OSM:classe,1,40,
-9.385772,-37.992799,40,OSM,0,,
-9.385680,-38.013723,60,OSM:classe,1,40,
-9.385647,-37.997978,30,OSM,0,,
-9.385623,-37.988523,60,OSM:classe,1,40,
-9.385603,-37.998167,30,OSM,0,,
-9.385586,-37.998049,60,OSM:classe,1,40,
-9.385572,-35.838771,60,OSM:classe,1,40,
-9.385510,-36.088279,60,OSM:classe,1,40,
-9.385490,-37.998021,60,OSM:classe,1,40,
-9.385471,-38.187210,60,OSM:classe,1,40,
-9.385422,-37.998079,30,OSM,0,,
-9.385380,-36.625808,60,OSM:classe,1,40,
-9.385375,-37.269247,60,OSM:classe,1,40,
-9.385337,-37.262093,60,OSM:classe,1,40,
-9.385335,-36.544094,100,OSM:classe,1,80,
-9.385327,-37.995369,40,OSM,0,,
-9.385323,-37.983348,60,OSM:classe,1,40,
-9.385302,-37.010516,60,OSM:classe,1,40,
-9.385294,-36.249099,60,OSM:classe,1,40,
-9.385291,-37.089609,60,OSM:classe,1,40,
-9.385284,-37.089461,60,OSM:classe,1,40,
-9.385271,-37.995533,60,OSM:classe,1,40,
-9.385244,-37.995099,40,OSM,0,,
-9.385234,-37.995605,80,OSM:classe,1,60,
-9.385208,-37.995462,40,OSM,0,,
-9.385193,-36.754612,60,OSM:classe,1,40,
-9.385117,-37.994533,40,OSM:classe,1,40,
-9.385099,-37.994572,40,OSM,0,,
-9.385052,-36.695992,60,OSM:classe,1,60,
-9.385051,-35.974352,60,OSM:classe,1,40,
-9.385015,-35.831717,40,OSM:classe,1,40,
-9.384994,-37.997791,60,OSM:classe,1,40,
-9.384918,-36.257138,60,OSM:classe,1,50,
-9.384916,-36.677580,60,OSM:classe,1,40,
-9.384901,-38.173236,110,OSM,0,,
-9.384901,-36.715726,60,OSM:classe,1,40,
-9.384894,-37.978955,60,OSM:classe,1,40,
-9.384875,-38.022139,60,OSM:classe,1,40,
-9.384702,-37.994104,40,OSM,0,,
-9.384692,-37.997934,60,OSM:classe,1,40,
-9.384669,-37.089659,60,OSM:classe,1,40,
-9.384639,-37.089539,60,OSM:classe,1,40,
-9.384618,-35.530344,100,OSM:classe,1,80,
-9.384612,-36.248531,60,OSM:classe,1,40,
-9.384593,-37.069626,80,OSM,0,,
-9.384578,-37.089296,60,OSM:classe,1,40,
-9.384573,-37.072111,80,OSM,0,,
-9.384449,-38.140642,60,OSM:classe,1,40,
-9.384393,-36.573548,60,OSM:classe,1,40,
-9.384352,-36.715308,60,OSM:classe,1,40,
-9.384350,-37.997873,60,OSM:classe,1,40,
-9.384327,-36.573600,60,OSM:classe,1,40,
-9.384249,-38.002758,30,OSM,0,,
-9.384244,-37.089655,60,OSM:classe,1,40,
-9.384243,-38.016137,60,OSM:classe,1,40,
-9.384212,-35.526898,100,OSM:classe,1,80,
-9.384209,-35.531476,100,OSM:classe,1,80,
-9.384204,-37.273519,60,OSM:classe,1,40,
-9.384195,-37.997781,40,OSM:classe,1,40,
-9.384192,-36.388320,60,OSM:classe,1,40,
-9.384181,-36.925082,60,OSM:classe,1,40,
-9.384157,-37.708376,60,OSM:classe,1,40,
-9.384130,-35.690403,100,OSM:classe,1,80,
-9.384115,-38.016236,60,OSM:classe,1,40,
-9.384107,-37.970057,60,OSM:classe,1,40,
-9.384083,-37.028114,60,OSM:classe,1,40,
-9.384078,-37.998065,60,OSM:classe,1,40,
-9.384063,-35.746389,60,OSM:classe,1,40,
-9.384055,-38.002716,30,OSM,0,,
-9.384049,-37.974534,60,OSM:classe,1,40,
-9.384040,-38.007896,60,OSM:classe,1,50,
-9.384016,-35.522390,100,OSM:classe,1,80,
-9.383970,-36.638871,60,OSM:classe,1,40,
-9.383961,-37.089657,60,OSM:classe,1,40,
-9.383937,-38.007989,60,OSM:classe,1,50,
-9.383682,-38.022217,60,OSM:classe,1,50,
-9.383666,-36.156416,60,OSM:classe,1,40,
-9.383572,-37.998958,40,OSM:classe,1,40,
-9.383568,-36.979408,60,OSM:classe,1,40,
-9.383516,-37.916500,60,OSM:classe,1,40,
-9.383439,-35.659552,100,OSM:classe,1,80,
-9.383417,-38.003394,30,OSM,0,,
-9.383398,-35.836061,60,OSM:classe,1,40,
-9.383300,-37.219758,80,OSM,0,,
-9.383293,-36.643230,60,OSM:classe,1,40,
-9.383289,-38.003321,30,OSM,0,,
-9.383265,-37.999540,40,OSM,0,,
-9.383255,-37.089621,60,OSM:classe,1,40,
-9.383251,-37.999269,60,OSM:classe,1,50,
-9.383251,-37.089650,60,OSM:classe,1,40,
-9.383242,-35.674783,100,OSM:classe,1,80,
-9.383224,-37.746035,60,OSM:classe,1,40,
-9.383178,-37.999378,40,OSM,0,,
-9.383175,-35.688403,100,OSM:classe,1,80,
-9.383158,-36.753765,60,OSM:classe,1,40,
-9.383095,-35.641406,100,OSM:classe,1,80,
-9.383087,-37.999642,40,OSM,0,,
-9.383069,-35.679337,100,OSM:classe,1,80,
-9.383027,-36.239156,60,OSM:classe,1,40,
-9.382956,-37.138150,60,OSM:classe,1,40,
-9.382945,-35.829769,40,OSM:classe,1,40,
-9.382896,-35.683892,100,OSM:classe,1,80,
-9.382817,-37.999505,40,OSM,0,,
-9.382812,-36.244138,60,OSM:classe,1,40,
-9.382769,-36.245149,60,OSM:classe,1,40,
-9.382692,-38.000527,60,OSM:classe,1,50,
-9.382690,-35.644134,100,OSM:classe,1,80,
-9.382679,-35.838716,60,OSM:classe,1,40,
-9.382674,-36.622700,60,OSM:classe,1,40,
-9.382667,-36.253205,60,OSM:classe,1,50,
-9.382664,-35.838474,60,OSM:classe,1,40,
-9.382644,-38.014807,60,OSM:classe,1,40,
-9.382638,-35.670409,100,OSM:classe,1,80,
-9.382630,-36.242310,60,OSM:classe,1,40,
-9.382577,-38.000696,60,OSM:classe,1,50,
-9.382570,-37.965989,60,OSM:classe,1,40,
-9.382523,-37.999310,40,OSM,0,,
-9.382480,-37.260494,60,OSM:classe,1,40,
-9.382440,-35.532179,100,OSM:classe,1,80,
-9.382396,-35.970696,60,OSM:classe,1,40,
-9.382374,-36.543076,100,OSM:classe,1,80,
-9.382305,-35.646249,100,OSM:classe,1,80,
-9.382266,-38.134218,80,OSM,0,,
-9.382260,-38.003663,30,OSM,0,,
-9.382241,-35.655203,100,OSM:classe,1,80,
-9.382190,-35.835227,60,OSM:classe,1,50,
-9.382163,-36.252272,60,OSM:classe,1,40,
-9.382143,-38.003867,30,OSM,0,,
-9.382110,-38.003717,60,OSM:classe,1,40,
-9.382048,-36.835863,60,OSM:classe,1,50,
-9.381998,-37.997480,20,OSM,0,,
-9.381969,-37.093942,60,OSM:classe,1,40,
-9.381935,-38.174188,110,OSM,0,,
-9.381877,-35.494454,60,OSM:classe,1,40,
-9.381844,-37.998640,60,OSM:classe,1,40,
-9.381836,-35.828956,100,OSM,0,,
-9.381793,-35.836135,60,OSM:classe,1,40,
-9.381731,-36.245188,60,OSM:classe,1,40,
-9.381659,-37.136644,60,OSM:classe,1,40,
-9.381612,-37.997382,20,OSM,0,,
-9.381607,-38.004157,60,OSM:classe,1,40,
-9.381555,-35.637156,100,OSM:classe,1,80,
-9.381545,-37.089561,60,OSM:classe,1,40,
-9.381500,-36.163971,80,OSM,0,,
-9.381491,-35.650731,100,OSM:classe,1,80,
-9.381487,-37.012905,60,OSM:classe,1,40,
-9.381396,-36.680394,60,OSM:classe,1,40,
-9.381383,-36.921680,60,OSM:classe,1,40,
-9.381365,-35.663058,100,OSM:classe,1,80,
-9.381335,-37.998149,60,OSM:classe,1,40,
-9.381245,-37.996259,20,OSM,0,,
-9.381216,-38.188683,60,OSM:classe,1,40,
-9.381124,-36.576772,60,OSM:classe,1,40,
-9.381116,-35.839021,60,OSM:classe,1,40,
-9.381107,-36.088926,60,OSM:classe,1,40,
-9.381000,-38.012981,60,OSM:classe,1,40,
-9.380965,-38.004976,30,OSM,0,,
-9.380940,-37.274434,60,OSM:classe,1,40,
-9.380928,-38.004950,60,OSM:classe,1,50,
-9.380865,-38.004906,60,OSM:classe,1,50,
-9.380852,-38.005082,60,OSM:classe,1,50,
-9.380839,-38.004890,60,OSM:classe,1,50,
-9.380810,-38.005054,60,OSM:classe,1,50,
-9.380782,-37.964051,60,OSM:classe,1,40,
-9.380760,-38.005015,60,OSM:classe,1,50,
-9.380733,-38.004995,60,OSM:classe,1,50,
-9.380646,-35.632770,100,OSM:classe,1,80,
-9.380629,-37.122502,60,OSM:classe,1,40,
-9.380612,-36.385570,60,OSM:classe,1,40,
-9.380582,-36.696491,60,OSM:classe,1,60,
-9.380571,-37.098133,60,OSM:classe,1,40,
-9.380500,-36.239829,60,OSM:classe,1,40,
-9.380429,-37.113470,60,OSM:classe,1,40,
-9.380387,-36.713158,60,OSM:classe,1,40,
-9.380379,-38.022134,60,OSM:classe,1,40,
-9.380340,-36.238771,60,OSM:classe,1,40,
-9.380300,-37.962276,60,OSM:classe,1,40,
-9.380256,-36.249397,60,OSM:classe,1,50,
-9.380177,-37.118021,60,OSM:classe,1,40,
-9.380165,-35.666603,100,OSM:classe,1,80,
-9.380158,-37.132498,60,OSM:classe,1,40,
-9.380157,-36.398019,60,OSM:classe,1,40,
-9.380141,-38.000480,60,OSM:classe,1,40,
-9.380128,-36.159229,60,OSM:classe,1,40,
-9.380114,-37.996934,20,OSM,0,,
-9.380077,-37.089079,60,OSM:classe,1,40,
-9.380074,-36.398138,60,OSM:classe,1,40,
-9.380061,-37.919091,60,OSM:classe,1,40,
-9.380030,-38.004452,60,OSM:classe,1,50,
-9.379995,-38.004528,60,OSM:classe,1,50,
-9.379961,-35.747768,60,OSM:classe,1,40,
-9.379923,-36.646103,60,OSM:classe,1,40,
-9.379913,-37.999645,60,OSM:classe,1,40,
-9.379859,-38.004952,60,OSM:classe,1,40,
-9.379848,-37.026601,60,OSM:classe,1,40,
-9.379845,-37.709668,60,OSM:classe,1,40,
-9.379795,-37.109009,60,OSM:classe,1,40,
-9.379745,-38.000684,60,OSM:classe,1,40,
-9.379719,-36.619468,60,OSM:classe,1,40,
-9.379690,-36.700979,60,OSM:classe,1,40,
-9.379660,-37.128569,60,OSM:classe,1,40,
-9.379650,-36.751321,60,OSM:classe,1,40,
-9.379642,-37.128003,60,OSM:classe,1,40,
-9.379641,-35.827746,100,OSM,0,,
-9.379640,-38.000647,60,OSM:classe,1,40,
-9.379633,-37.126808,60,OSM:classe,1,40,
-9.379621,-38.005429,60,OSM:classe,1,40,
-9.379521,-38.011541,60,OSM:classe,1,40,
-9.379510,-38.005672,60,OSM:classe,1,40,
-9.379504,-38.001464,60,OSM:classe,1,40,
-9.379430,-38.000586,60,OSM:classe,1,40,
-9.379421,-36.243146,60,OSM:classe,1,40,
-9.379393,-38.005293,60,OSM:classe,1,40,
-9.379375,-37.257489,60,OSM:classe,1,40,
-9.379309,-36.394228,60,OSM:classe,1,40,
-9.379186,-38.022215,60,OSM:classe,1,50,
-9.379136,-38.002641,60,OSM:classe,1,40,
-9.379130,-36.705429,60,OSM:classe,1,40,
-9.379113,-35.967755,60,OSM:classe,1,40,
-9.379087,-38.000775,60,OSM:classe,1,40,
-9.379081,-36.979364,60,OSM:classe,1,40,
-9.379079,-37.999386,60,OSM:classe,1,40,
-9.379070,-37.102403,60,OSM:classe,1,40,
-9.378999,-37.744479,60,OSM:classe,1,40,
-9.378940,-37.957940,60,OSM:classe,1,40,
-9.378867,-37.995780,60,OSM,0,,
-9.378866,-37.999573,60,OSM:classe,1,40,
-9.378855,-35.534819,100,OSM:classe,1,80,
-9.378834,-36.237034,60,OSM:classe,1,40,
-9.378832,-36.917929,60,OSM:classe,1,40,
-9.378791,-37.999851,60,OSM:classe,1,40,
-9.378789,-37.999630,60,OSM:classe,1,40,
-9.378744,-37.995709,60,OSM,0,,
-9.378709,-37.995753,60,OSM,0,,
-9.378699,-36.580439,60,OSM:classe,1,40,
-9.378679,-35.629487,100,OSM:classe,1,80,
-9.378674,-36.696734,60,OSM:classe,1,40,
-9.378669,-36.236906,60,OSM:classe,1,40,
-9.378616,-37.104611,60,OSM:classe,1,40,
-9.378590,-37.281242,60,OSM:classe,1,40,
-9.378578,-38.123398,80,OSM,0,,
-9.378560,-37.999901,60,OSM:classe,1,40,
-9.378530,-38.123259,80,OSM,0,,
-9.378475,-38.010210,60,OSM:classe,1,40,
-9.378457,-36.163993,80,OSM,0,,
-9.378414,-35.826842,100,OSM,0,,
-9.378357,-36.541290,100,OSM:classe,1,80,
-9.378310,-36.683496,60,OSM:classe,1,40,
-9.378308,-36.236677,60,OSM:classe,1,40,
-9.378307,-35.827017,100,OSM,0,,
-9.378305,-38.004999,60,OSM:classe,1,40,
-9.378293,-38.005385,60,OSM:classe,1,40,
-9.378168,-36.381932,60,OSM:classe,1,40,
-9.378098,-37.255325,60,OSM:classe,1,40,
-9.378092,-38.175011,110,OSM,0,,
-9.378092,-37.995701,60,OSM,0,,
-9.378090,-37.995641,60,OSM,0,,
-9.378033,-36.837914,60,OSM:classe,1,50,
-9.377963,-35.833832,60,OSM:classe,1,50,
-9.377846,-35.492695,60,OSM:classe,1,40,
-9.377845,-36.401700,60,OSM:classe,1,40,
-9.377819,-36.584661,60,OSM:classe,1,40,
-9.377783,-38.006987,60,OSM:classe,1,40,
-9.377640,-37.254683,60,OSM:classe,1,40,
-9.377635,-36.709615,60,OSM:classe,1,40,
-9.377621,-38.009808,60,OSM:classe,1,40,
-9.377607,-36.245714,60,OSM:classe,1,50,
-9.377565,-36.236367,60,OSM:classe,1,40,
-9.377563,-35.835189,60,OSM:classe,1,40,
-9.377539,-38.010169,60,OSM:classe,1,40,
-9.377520,-37.285340,60,OSM:classe,1,40,
-9.377476,-35.841226,60,OSM:classe,1,40,
-9.377466,-37.280557,60,OSM:classe,1,40,
-9.377449,-37.014382,60,OSM:classe,1,40,
-9.377390,-35.537594,100,OSM:classe,1,80,
-9.377336,-37.953726,60,OSM:classe,1,40,
-9.377299,-36.648748,60,OSM:classe,1,40,
-9.377256,-36.245076,60,OSM:classe,1,40,
-9.377195,-38.062814,60,OSM:classe,1,40,
-9.377191,-36.244324,60,OSM:classe,1,40,
-9.377031,-36.236155,60,OSM:classe,1,40,
-9.377027,-35.826585,100,OSM,0,,
-9.377001,-36.244435,60,OSM:classe,1,50,
-9.376985,-37.294226,60,OSM:classe,1,40,
-9.376971,-38.009351,60,OSM:classe,1,40,
-9.376961,-38.190156,60,OSM:classe,1,40,
-9.376935,-36.684185,60,OSM:classe,1,40,
-9.376927,-37.962110,60,OSM:classe,1,40,
-9.376893,-36.090168,60,OSM:classe,1,40,
-9.376858,-36.617424,60,OSM:classe,1,40,
-9.376840,-35.537997,100,OSM:classe,1,80,
-9.376832,-37.276161,60,OSM:classe,1,40,
-9.376777,-35.826765,100,OSM,0,,
-9.376679,-38.058287,60,OSM:classe,1,40,
-9.376677,-37.289723,60,OSM:classe,1,40,
-9.376650,-37.225794,80,OSM,0,,
-9.376638,-37.295027,60,OSM:classe,1,40,
-9.376636,-36.741066,60,OSM:classe,1,40,
-9.376621,-38.010491,60,OSM:classe,1,40,
-9.376603,-36.380399,60,OSM:classe,1,40,
-9.376538,-36.161746,60,OSM:classe,1,40,
-9.376525,-36.712252,60,OSM:classe,1,40,
-9.376521,-36.914066,60,OSM:classe,1,40,
-9.376519,-38.014608,60,OSM:classe,1,40,
-9.376480,-36.592856,60,OSM:classe,1,40,
-9.376474,-35.747689,60,OSM:classe,1,40,
-9.376430,-38.011334,60,OSM:classe,1,40,
-9.376398,-35.747651,60,OSM:classe,1,40,
-9.376390,-37.998613,60,OSM:classe,1,40,
-9.376309,-38.053747,60,OSM:classe,1,40,
-9.376306,-36.380002,60,OSM:classe,1,40,
-9.376285,-38.019118,60,OSM:classe,1,40,
-9.376279,-37.949363,60,OSM:classe,1,40,
-9.376266,-36.164598,80,OSM,0,,
-9.376235,-36.382497,60,OSM:classe,1,40,
-9.376181,-36.245153,60,OSM:classe,1,50,
-9.376112,-36.696990,60,OSM:classe,1,60,
-9.376088,-36.391047,60,OSM:classe,1,40,
-9.376066,-38.049196,60,OSM:classe,1,40,
-9.376057,-37.921082,60,OSM:classe,1,40,
-9.376036,-37.996274,60,OSM,0,,
-9.375994,-36.245368,60,OSM:classe,1,50,
-9.375927,-37.996210,60,OSM,0,,
-9.375886,-38.044643,60,OSM:classe,1,40,
-9.375882,-38.022214,60,OSM:classe,1,50,
-9.375882,-38.022129,60,OSM:classe,1,40,
-9.375866,-38.026414,60,OSM:classe,1,40,
-9.375849,-38.030972,60,OSM:classe,1,40,
-9.375847,-36.718698,60,OSM:classe,1,40,
-9.375831,-38.035529,60,OSM:classe,1,40,
-9.375818,-36.588499,60,OSM:classe,1,40,
-9.375813,-38.040086,60,OSM:classe,1,40,
-9.375809,-37.227943,80,OSM,0,,
-9.375800,-37.087674,60,OSM:classe,1,40,
-9.375789,-36.236289,60,OSM:classe,1,40,
-9.375749,-37.267800,60,OSM:classe,1,40,
-9.375748,-37.024804,60,OSM:classe,1,40,
-9.375697,-36.713125,60,OSM:classe,1,40,
-9.375618,-36.713177,60,OSM:classe,1,40,
-9.375597,-38.114610,80,OSM,0,,
-9.375584,-36.736802,60,OSM:classe,1,40,
-9.375575,-36.749634,60,OSM:classe,1,40,
-9.375559,-35.626870,100,OSM:classe,1,80,
-9.375533,-37.710960,60,OSM:classe,1,40,
-9.375422,-37.247509,80,OSM,0,,
-9.375408,-37.296769,60,OSM:classe,1,40,
-9.375397,-35.826850,100,OSM,0,,
-9.375355,-37.998122,60,OSM:classe,1,40,
-9.375337,-36.714316,60,OSM:classe,1,40,
-9.375325,-36.744751,60,OSM:classe,1,40,
-9.375316,-35.827065,100,OSM,0,,
-9.375310,-35.539056,100,OSM:classe,1,80,
-9.375304,-36.723211,60,OSM:classe,1,40,
-9.375281,-37.129205,60,OSM:classe,1,40,
-9.375268,-38.014837,60,OSM:classe,1,40,
-9.375249,-37.261588,60,OSM:classe,1,40,
-9.375171,-37.261221,60,OSM:classe,1,40,
-9.375150,-36.237102,60,OSM:classe,1,40,
-9.375134,-35.746539,60,OSM:classe,1,40,
-9.375120,-35.967438,60,OSM:classe,1,40,
-9.375107,-36.727764,60,OSM:classe,1,40,
-9.375106,-37.996167,60,OSM,0,,
-9.375094,-37.944972,60,OSM:classe,1,40,
-9.375094,-37.266143,60,OSM:classe,1,40,
-9.375082,-36.405135,60,OSM:classe,1,40,
-9.375079,-38.022192,60,OSM:classe,1,40,
-9.375077,-38.015680,60,OSM:classe,1,40,
-9.375072,-37.996235,60,OSM,0,,
-9.375045,-37.267589,60,OSM:classe,1,40,
-9.374975,-37.742488,60,OSM:classe,1,40,
-9.374974,-36.685207,60,OSM:classe,1,40,
-9.374935,-38.022188,60,OSM:classe,1,40,
-9.374911,-36.732317,60,OSM:classe,1,40,
-9.374852,-37.272082,60,OSM:classe,1,40,
-9.374835,-37.272155,60,OSM:classe,1,40,
-9.374833,-38.020154,60,OSM:classe,1,40,
-9.374809,-36.652238,60,OSM:classe,1,40,
-9.374787,-37.997832,60,OSM:classe,1,40,
-9.374753,-36.243712,60,OSM:classe,1,50,
-9.374747,-37.247477,80,OSM,0,,
-9.374677,-37.942717,60,OSM:classe,1,40,
-9.374656,-38.019262,60,OSM:classe,1,40,
-9.374653,-36.978778,60,OSM:classe,1,40,
-9.374621,-35.832756,60,OSM:classe,1,50,
-9.374588,-36.164354,60,OSM:classe,1,40,
-9.374567,-37.251363,60,OSM:classe,1,40,
-9.374554,-36.243329,60,OSM:classe,1,50,
-9.374510,-36.164168,60,OSM:classe,1,40,
-9.374506,-36.163952,60,OSM:classe,1,40,
-9.374489,-36.539169,100,OSM:classe,1,80,
-9.374488,-36.241479,60,OSM:classe,1,40,
-9.374463,-36.910156,60,OSM:classe,1,40,
-9.374388,-35.827401,100,OSM,0,,
-9.374379,-35.827583,100,OSM,0,,
-9.374317,-36.164295,80,OSM,0,,
-9.374300,-36.376072,60,OSM:classe,1,40,
-9.374270,-36.384156,60,OSM:classe,1,40,
-9.374231,-37.938190,60,OSM:classe,1,40,
-9.374204,-38.066200,60,OSM:classe,1,40,
-9.374127,-36.255572,60,OSM:classe,1,60,
-9.374090,-37.247181,60,OSM:classe,1,40,
-9.374045,-36.241970,60,OSM:classe,1,40,
-9.374018,-36.839966,60,OSM:classe,1,50,
-9.373998,-35.490377,60,OSM:classe,1,40,
-9.373981,-37.995490,60,OSM,0,,
-9.373943,-37.233263,50,OSM,0,,
-9.373937,-37.256867,60,OSM:classe,1,40,
-9.373923,-37.995572,60,OSM,0,,
-9.373914,-36.252546,60,OSM:classe,1,60,
-9.373901,-36.242590,60,OSM:classe,1,40,
-9.373869,-37.995419,60,OSM,0,,
-9.373860,-36.538803,100,OSM:classe,1,80,
-9.373805,-37.995497,80,OSM,0,,
-9.373775,-36.243147,60,OSM:classe,1,50,
-9.373748,-37.246981,80,OSM,0,,
-9.373701,-36.243204,60,OSM:classe,1,50,
-9.373700,-36.243122,60,OSM:classe,1,50,
-9.373580,-36.243440,60,OSM:classe,1,50,
-9.373522,-36.614416,60,OSM:classe,1,40,
-9.373489,-36.256343,60,OSM:classe,1,40,
-9.373421,-37.959256,60,OSM:classe,1,40,
-9.373286,-37.244896,60,OSM:classe,1,40,
-9.373265,-36.387726,60,OSM:classe,1,40,
-9.373211,-37.248376,60,OSM:classe,1,40,
-9.373203,-37.235394,60,OSM,0,,
-9.373182,-37.244701,60,OSM:classe,1,40,
-9.373168,-37.248446,60,OSM:classe,1,40,
-9.373148,-36.233061,60,OSM:classe,1,40,
-9.373046,-37.013458,60,OSM:classe,1,40,
-9.372998,-37.244881,60,OSM:classe,1,40,
-9.372962,-37.300546,60,OSM:classe,1,40,
-9.372944,-37.252422,60,OSM:classe,1,40,
-9.372936,-37.249048,60,OSM:classe,1,40,
-9.372921,-37.249468,60,OSM:classe,1,40,
-9.372916,-37.246540,80,OSM,0,,
-9.372862,-37.920169,60,OSM:classe,1,40,
-9.372857,-37.244487,60,OSM:classe,1,40,
-9.372802,-37.244373,60,OSM:classe,1,40,
-9.372791,-36.402095,60,OSM:classe,1,60,
-9.372700,-38.191631,60,OSM:classe,1,40,
-9.372683,-36.688700,60,OSM:classe,1,40,
-9.372664,-38.105960,80,OSM,0,,
-9.372660,-36.594522,60,OSM:classe,1,40,
-9.372647,-37.933958,60,OSM:classe,1,40,
-9.372636,-38.105873,80,OSM,0,,
-9.372585,-36.227544,60,OSM:classe,1,40,
-9.372525,-36.246807,60,OSM:classe,1,50,
-9.372524,-36.228624,60,OSM:classe,1,40,
-9.372489,-37.126004,60,OSM:classe,1,40,
-9.372489,-36.089714,60,OSM:classe,1,40,
-9.372481,-35.829178,100,OSM,0,,
-9.372468,-37.245271,60,OSM:classe,1,40,
-9.372461,-37.235653,60,OSM:classe,1,40,
-9.372459,-36.248250,60,OSM:classe,1,60,
-9.372452,-37.245640,60,OSM:classe,1,40,
-9.372412,-38.191730,60,OSM:classe,1,40,
-9.372398,-37.246354,80,OSM,0,,
-9.372388,-37.994599,80,OSM,0,,
-9.372368,-37.237586,60,OSM,0,,
-9.372344,-35.829300,100,OSM,0,,
-9.372327,-35.829048,100,OSM,0,,
-9.372228,-38.070265,60,OSM:classe,1,40,
-9.372190,-37.247145,80,OSM,0,,
-9.372189,-35.829163,100,OSM,0,,
-9.372127,-37.247283,80,OSM,0,,
-9.372062,-38.023576,60,OSM:classe,1,50,
-9.372057,-38.031202,60,OSM:classe,1,50,
-9.372018,-36.225975,60,OSM:classe,1,40,
-9.372006,-37.242268,60,OSM:classe,1,40,
-9.371946,-36.695998,60,OSM:classe,1,60,
-9.371928,-36.246918,60,OSM:classe,1,60,
-9.371910,-38.026656,60,OSM:classe,1,50,
-9.371899,-38.024442,60,OSM:classe,1,50,
-9.371882,-36.747542,60,OSM:classe,1,40,
-9.371841,-37.994262,80,OSM,0,,
-9.371597,-36.535539,100,OSM:classe,1,80,
-9.371596,-37.269515,60,OSM:classe,1,40,
-9.371580,-36.374382,60,OSM:classe,1,40,
-9.371580,-35.541601,100,OSM:classe,1,80,
-9.371532,-36.407177,60,OSM:classe,1,40,
-9.371487,-36.747736,60,OSM:classe,1,40,
-9.371475,-36.224280,60,OSM:classe,1,40,
-9.371456,-35.744501,60,OSM:classe,1,40,
-9.371455,-37.240745,60,OSM:classe,1,40,
-9.371448,-37.240638,60,OSM:classe,1,40,
-9.371430,-37.309055,60,OSM:classe,1,40,
-9.371421,-35.626482,100,OSM:classe,1,80,
-9.371409,-37.088181,60,OSM:classe,1,40,
-9.371408,-36.693043,60,OSM:classe,1,40,
-9.371381,-36.908803,60,OSM:classe,1,40,
-9.371359,-36.374915,60,OSM:classe,1,40,
-9.371302,-37.024192,60,OSM:classe,1,40,
-9.371297,-35.829884,100,OSM,0,,
-9.371272,-36.713002,60,OSM:classe,1,40,
-9.371255,-36.375293,60,OSM:classe,1,40,
-9.371247,-35.830290,60,OSM:classe,1,50,
-9.371228,-36.373910,60,OSM:classe,1,40,
-9.371221,-37.712253,60,OSM:classe,1,40,
-9.371178,-36.163912,80,OSM,0,,
-9.371117,-36.654137,60,OSM:classe,1,40,
-9.371071,-37.247885,80,OSM,0,,
-9.371033,-37.304521,60,OSM:classe,1,40,
-9.371023,-36.695398,60,OSM:classe,1,40,
-9.371019,-37.247857,60,OSM:classe,1,40,
-9.370979,-36.243980,60,OSM:classe,1,50,
-9.370977,-37.239286,60,OSM,0,,
-9.370937,-35.968875,60,OSM:classe,1,40,
-9.370912,-37.239196,60,OSM,0,,
-9.370893,-37.239379,60,OSM,0,,
-9.370887,-36.749685,60,OSM:classe,1,40,
-9.370831,-37.239285,60,OSM,0,,
-9.370710,-36.699871,60,OSM:classe,1,40,
-9.370708,-36.747459,60,OSM:classe,1,40,
-9.370661,-36.258350,60,OSM:classe,1,60,
-9.370620,-37.741391,60,OSM:classe,1,40,
-9.370575,-37.239694,60,OSM,0,,
-9.370535,-36.163834,80,OSM,0,,
-9.370514,-37.247650,60,OSM:classe,1,60,
-9.370462,-36.242740,60,OSM:classe,1,50,
-9.370460,-37.919587,60,OSM:classe,1,40,
-9.370442,-35.487613,60,OSM:classe,1,40,
-9.370296,-36.399367,60,OSM:classe,1,60,
-9.370281,-36.977737,60,OSM:classe,1,40,
-9.370251,-36.372499,60,OSM:classe,1,40,
-9.370192,-37.993209,40,OSM:classe,1,40,
-9.370181,-36.242783,60,OSM:classe,1,60,
-9.370143,-37.232098,60,OSM:classe,1,40,
-9.370137,-37.240955,60,OSM,0,,
-9.370088,-36.219945,60,OSM:classe,1,40,
-9.370082,-37.247389,60,OSM:classe,1,60,
-9.370073,-36.242798,60,OSM:classe,1,50,
-9.370030,-37.313278,60,OSM:classe,1,40,
-9.370011,-37.313319,60,OSM:classe,1,40,
-9.370003,-36.842018,60,OSM:classe,1,50,
-9.369937,-36.242815,60,OSM:classe,1,50,
-9.369926,-37.243937,60,OSM:classe,1,40,
-9.369894,-37.247391,80,OSM,0,,
-9.369876,-36.405542,60,OSM:classe,1,60,
-9.369832,-36.372870,60,OSM:classe,1,40,
-9.369830,-37.254106,60,OSM:classe,1,40,
-9.369818,-37.247415,80,OSM,0,,
-9.369775,-37.930459,60,OSM:classe,1,40,
-9.369775,-37.243840,60,OSM,0,,
-9.369771,-36.612448,60,OSM:classe,1,40,
-9.369771,-36.258977,60,OSM:classe,1,60,
-9.369768,-37.243940,60,OSM,0,,
-9.369725,-37.250853,60,OSM:classe,1,40,
-9.369719,-37.255346,60,OSM:classe,1,40,
-9.369692,-36.242857,40,OSM,0,,
-9.369678,-36.254549,60,OSM:classe,1,40,
-9.369661,-37.255706,60,OSM:classe,1,40,
-9.369643,-38.034158,60,OSM:classe,1,50,
-9.369626,-36.532489,100,OSM:classe,1,80,
-9.369551,-37.251205,60,OSM:classe,1,40,
-9.369525,-37.992672,80,OSM,0,,
-9.369485,-37.992727,80,OSM,0,,
-9.369469,-35.831396,40,OSM,0,,
-9.369412,-37.245224,60,OSM,0,,
-9.369390,-35.830874,40,OSM,0,,
-9.369376,-35.843856,80,OSM,0,,
-9.369366,-37.957706,60,OSM:classe,1,40,
-9.369315,-36.241005,60,OSM:classe,1,50,
-9.369256,-36.163777,80,OSM,0,,
-9.369170,-36.159325,60,OSM:classe,1,50,
-9.369158,-35.832069,100,OSM,0,,
-9.369152,-35.845682,80,OSM,0,,
-9.369133,-36.241067,60,OSM:classe,1,50,
-9.369124,-35.543534,100,OSM:classe,1,80,
-9.369070,-38.073399,60,OSM:classe,1,40,
-9.369017,-36.222427,80,OSM,0,,
-9.368969,-35.830731,40,OSM,0,,
-9.368900,-37.265971,60,OSM:classe,1,40,
-9.368888,-36.593456,60,OSM:classe,1,40,
-9.368816,-36.219767,60,OSM:classe,1,40,
-9.368752,-37.230499,60,OSM:classe,1,40,
-9.368732,-37.243301,60,OSM:classe,1,40,
-9.368705,-35.833009,40,OSM,0,,
-9.368678,-37.243247,60,OSM:classe,1,40,
-9.368676,-37.246516,60,OSM,0,,
-9.368624,-37.013955,60,OSM:classe,1,40,
-9.368623,-36.370098,60,OSM:classe,1,40,
-9.368613,-35.830950,40,OSM,0,,
-9.368607,-37.246633,60,OSM,0,,
-9.368594,-38.093974,80,OSM,0,,
-9.368497,-37.246836,60,OSM:classe,1,40,
-9.368495,-36.164194,80,OSM,0,,
-9.368485,-35.831532,60,OSM,0,,
-9.368473,-38.093630,80,OSM,0,,
-9.368414,-36.251869,60,OSM:classe,1,40,
-9.368405,-35.833382,60,OSM,0,,
-9.368403,-35.847276,80,OSM,0,,
-9.368395,-35.549092,100,OSM:classe,1,80,
-9.368380,-37.992009,80,OSM,0,,
-9.368301,-35.834766,60,OSM,0,,
-9.368288,-37.261545,60,OSM:classe,1,40,
-9.368239,-35.544615,100,OSM:classe,1,80,
-9.368225,-37.992019,80,OSM,0,,
-9.368220,-36.693446,60,OSM:classe,1,60,
-9.368208,-36.088750,60,OSM:classe,1,40,
-9.368201,-37.021117,60,OSM:classe,1,40,
-9.368186,-35.838003,80,OSM,0,,
-9.368174,-36.410208,60,OSM:classe,1,40,
-9.368144,-38.193164,60,OSM:classe,1,40,
-9.368142,-36.251210,60,OSM:classe,1,40,
-9.368088,-36.611714,60,OSM:classe,1,40,
-9.368073,-37.125144,60,OSM:classe,1,40,
-9.368056,-36.164833,80,OSM,0,,
-9.368042,-37.260704,60,OSM:classe,1,40,
-9.367964,-36.212314,80,OSM,0,,
-9.367860,-36.372781,60,OSM:classe,1,40,
-9.367745,-36.906190,60,OSM:classe,1,40,
-9.367681,-37.738260,60,OSM:classe,1,40,
-9.367662,-36.702125,60,OSM:classe,1,40,
-9.367640,-36.241047,40,OSM,0,,
-9.367634,-36.752533,60,OSM:classe,1,40,
-9.367556,-35.848230,80,OSM,0,,
-9.367498,-37.248580,60,OSM,0,,
-9.367472,-38.038070,60,OSM:classe,1,50,
-9.367450,-36.237475,60,OSM:classe,1,50,
-9.367371,-36.155201,60,OSM:classe,1,50,
-9.367333,-37.090104,60,OSM:classe,1,40,
-9.367305,-37.919953,60,OSM:classe,1,40,
-9.367295,-36.236934,60,OSM:classe,1,50,
-9.367289,-35.744301,60,OSM:classe,1,40,
-9.367287,-37.991741,40,OSM:classe,1,40,
-9.367250,-35.833567,100,OSM,0,,
-9.367197,-36.208433,80,OSM,0,,
-9.367180,-37.926753,60,OSM:classe,1,40,
-9.367164,-36.714729,60,OSM:classe,1,40,
-9.367127,-35.484540,60,OSM:classe,1,40,
-9.367018,-36.703410,60,OSM:classe,1,40,
-9.367014,-36.655257,60,OSM:classe,1,40,
-9.366981,-35.626669,100,OSM:classe,1,80,
-9.366909,-37.713545,60,OSM:classe,1,40,
-9.366903,-37.245313,60,OSM:classe,1,40,
-9.366901,-35.553211,100,OSM:classe,1,80,
-9.366890,-37.250867,60,OSM,0,,
-9.366869,-36.397371,60,OSM:classe,1,60,
-9.366867,-36.226165,80,OSM,0,,
-9.366840,-37.250933,60,OSM,0,,
-9.366714,-35.970339,60,OSM:classe,1,40,
-9.366706,-37.255572,60,OSM,0,,
-9.366659,-36.408711,60,OSM:classe,1,60,
-9.366598,-37.258528,60,OSM,0,,
-9.366597,-36.419918,60,OSM:classe,1,60,
-9.366572,-36.355147,100,OSM:classe,1,80,
-9.366566,-37.259525,60,OSM,0,,
-9.366519,-36.416124,60,OSM:classe,1,40,
-9.366516,-36.354867,100,OSM:classe,1,80,
-9.366489,-37.260856,60,OSM,0,,
-9.366468,-35.557644,100,OSM:classe,1,80,
-9.366402,-35.833940,100,OSM,0,,
-9.366401,-36.714830,60,OSM:classe,1,40,
-9.366375,-37.261372,60,OSM:classe,1,40,
-9.366329,-36.746742,60,OSM:classe,1,40,
-9.366309,-36.419688,60,OSM:classe,1,40,
-9.366293,-36.341499,100,OSM:classe,1,80,
-9.366260,-37.991412,80,OSM,0,,
-9.366254,-37.261466,60,OSM,0,,
-9.366252,-36.419685,60,OSM:classe,1,60,
-9.366202,-38.086985,80,OSM,0,,
-9.366196,-36.756636,60,OSM:classe,1,40,
-9.366195,-35.849122,80,OSM,0,,
-9.366182,-37.312248,60,OSM:classe,1,40,
-9.366051,-36.240558,40,OSM,0,,
-9.366029,-35.834720,100,OSM,0,,
-9.365988,-36.844069,60,OSM:classe,1,50,
-9.365964,-36.424105,60,OSM:classe,1,60,
-9.365929,-38.076602,60,OSM:classe,1,40,
-9.365922,-36.976639,60,OSM:classe,1,40,
-9.365849,-36.414021,60,OSM:classe,1,40,
-9.365848,-37.991120,80,OSM,0,,
-9.365844,-35.559330,100,OSM:classe,1,80,
-9.365812,-36.392942,60,OSM:classe,1,60,
-9.365768,-38.193962,60,OSM:classe,1,40,
-9.365762,-36.240265,40,OSM,0,,
-9.365736,-36.702359,60,OSM:classe,1,40,
-9.365718,-37.955383,60,OSM:classe,1,40,
-9.365710,-36.240084,100,OSM:classe,1,80,
-9.365702,-36.233149,60,OSM:classe,1,50,
-9.365672,-36.350411,100,OSM:classe,1,80,
-9.365633,-36.232992,100,OSM:classe,1,80,
-9.365619,-37.243642,60,OSM:classe,1,40,
-9.365617,-36.238215,60,OSM:classe,1,60,
-9.365612,-35.559407,100,OSM:classe,1,80,
-9.365602,-38.042123,60,OSM:classe,1,50,
-9.365555,-36.419657,60,OSM:classe,1,60,
-9.365541,-36.531260,100,OSM:classe,1,80,
-9.365520,-36.233359,60,OSM:classe,1,50,
-9.365503,-37.243499,60,OSM:classe,1,40,
-9.365500,-36.233360,100,OSM:classe,1,80,
-9.365499,-37.246192,60,OSM:classe,1,40,
-9.365481,-36.345858,100,OSM:classe,1,80,
-9.365476,-36.368020,60,OSM:classe,1,40,
-9.365422,-36.206353,80,OSM,0,,
-9.365390,-36.233664,60,OSM:classe,1,60,
-9.365339,-36.690038,60,OSM:classe,1,60,
-9.365331,-36.232200,80,OSM,0,,
-9.365323,-36.259646,60,OSM:classe,1,60,
-9.365303,-37.017696,60,OSM:classe,1,40,
-9.365303,-36.608355,60,OSM:classe,1,40,
-9.365289,-36.367525,60,OSM:classe,1,60,
-9.365289,-36.233193,100,OSM:classe,1,80,
-9.365273,-36.367926,60,OSM:classe,1,60,
-9.365227,-36.366152,60,OSM:classe,1,60,
-9.365164,-36.338318,100,OSM:classe,1,80,
-9.365163,-36.428552,60,OSM:classe,1,60,
-9.365154,-38.176991,110,OSM,0,,
-9.365116,-36.594702,60,OSM:classe,1,40,
-9.365039,-36.173069,80,OSM,0,,
-9.364981,-37.228067,60,OSM:classe,1,40,
-9.364936,-38.194308,60,OSM:classe,1,40,
-9.364875,-35.849523,80,OSM,0,,
-9.364834,-37.087443,60,OSM:classe,1,40,
-9.364769,-37.922907,60,OSM:classe,1,40,
-9.364763,-36.713976,60,OSM:classe,1,40,
-9.364761,-36.388511,60,OSM:classe,1,60,
-9.364746,-36.429191,100,OSM:classe,1,80,
-9.364745,-36.253249,60,OSM:classe,1,40,
-9.364736,-38.177370,40,OSM:classe,1,40,
-9.364703,-36.202280,80,OSM,0,,
-9.364701,-36.710750,60,OSM:classe,1,40,
-9.364699,-36.603864,60,OSM:classe,1,40,
-9.364664,-36.760903,60,OSM:classe,1,40,
-9.364648,-36.357758,60,OSM:classe,1,60,
-9.364609,-38.177076,100,OSM:classe,1,100,
-9.364571,-36.086395,60,OSM:classe,1,40,
-9.364445,-37.735401,60,OSM:classe,1,40,
-9.364420,-37.249654,60,OSM:classe,1,40,
-9.364416,-36.383967,60,OSM:classe,1,60,
-9.364352,-37.249570,60,OSM:classe,1,40,
-9.364351,-35.837086,100,OSM,0,,
-9.364313,-37.012767,60,OSM:classe,1,40,
-9.364189,-36.706236,60,OSM:classe,1,40,
-9.364167,-37.247499,60,OSM:classe,1,40,
-9.364166,-36.903502,60,OSM:classe,1,40,
-9.364126,-36.412376,60,OSM:classe,1,60,
-9.364116,-35.481155,60,OSM:classe,1,40,
-9.364071,-36.379423,60,OSM:classe,1,60,
-9.364056,-38.177178,110,OSM,0,,
-9.364012,-36.594027,60,OSM:classe,1,40,
-9.363971,-36.374064,40,OSM:classe,1,40,
-9.363959,-36.718486,60,OSM:classe,1,40,
-9.363936,-37.124280,60,OSM:classe,1,40,
-9.363930,-38.080339,80,OSM,0,,
-9.363864,-36.361827,60,OSM:classe,1,60,
-9.363846,-37.001491,60,OSM:classe,1,40,
-9.363815,-35.624102,100,OSM:classe,1,80,
-9.363739,-36.374596,40,OSM:classe,1,40,
-9.363727,-36.374879,60,OSM:classe,1,60,
-9.363677,-36.374216,60,OSM:classe,1,60,
-9.363676,-35.837386,100,OSM,0,,
-9.363562,-36.152780,60,OSM:classe,1,50,
-9.363488,-35.837850,100,OSM,0,,
-9.363359,-36.198377,80,OSM,0,,
-9.363264,-37.225902,60,OSM:classe,1,40,
-9.363224,-36.765180,60,OSM:classe,1,40,
-9.363214,-36.720348,60,OSM:classe,1,40,
-9.363176,-37.005027,60,OSM:classe,1,40,
-9.363169,-36.416822,60,OSM:classe,1,60,
-9.363126,-37.989468,40,OSM:classe,1,40,
-9.363096,-37.920936,60,OSM:classe,1,40,
-9.363041,-36.720644,60,OSM:classe,1,40,
-9.362986,-35.743623,60,OSM:classe,1,40,
-9.362954,-37.083668,60,OSM:classe,1,40,
-9.362851,-36.185543,80,OSM,0,,
-9.362821,-36.720418,60,OSM:classe,1,40,
-9.362803,-36.197562,80,OSM,0,,
-9.362748,-36.598083,60,OSM:classe,1,40,
-9.362683,-36.192373,80,OSM,0,,
-9.362665,-35.838105,100,OSM,0,,
-9.362619,-36.175356,80,OSM,0,,
-9.362605,-35.971582,60,OSM:classe,1,40,
-9.362597,-37.714837,60,OSM:classe,1,40,
-9.362587,-36.186334,80,OSM,0,,
-9.362586,-36.654876,60,OSM:classe,1,40,
-9.362575,-35.837802,100,OSM,0,,
-9.362564,-36.601255,60,OSM:classe,1,40,
-9.362556,-37.240066,60,OSM:classe,1,40,
-9.362554,-36.262369,60,OSM:classe,1,60,
-9.362523,-36.744676,60,OSM:classe,1,40,
-9.362509,-37.267244,80,OSM,0,,
-9.362504,-36.527898,100,OSM:classe,1,80,
-9.362438,-36.191672,80,OSM,0,,
-9.362425,-36.369843,60,OSM:classe,1,60,
-9.362262,-36.976189,60,OSM:classe,1,40,
-9.362194,-38.045089,60,OSM:classe,1,50,
-9.362060,-36.725023,60,OSM:classe,1,40,
-9.362045,-36.335086,60,OSM:classe,1,60,
-9.361999,-38.197759,60,OSM:classe,1,40,
-9.361955,-36.846086,60,OSM:classe,1,50,
-9.361951,-37.267930,60,OSM:classe,1,40,
-9.361881,-36.184100,80,OSM,0,,
-9.361877,-36.997429,60,OSM:classe,1,40,
-9.361872,-37.250406,60,OSM,0,,
-9.361864,-37.953398,60,OSM:classe,1,40,
-9.361839,-37.919489,60,OSM:classe,1,40,
-9.361839,-36.366989,60,OSM:classe,1,60,
-9.361806,-37.250462,60,OSM,0,,
-9.361790,-37.250391,60,OSM,0,,
-9.361787,-35.561205,100,OSM:classe,1,80,
-9.361785,-36.082986,60,OSM:classe,1,40,
-9.361762,-37.919546,60,OSM:classe,1,40,
-9.361759,-37.312639,60,OSM:classe,1,40,
-9.361758,-37.014927,60,OSM:classe,1,40,
-9.361737,-36.196869,80,OSM,0,,
-9.361693,-36.266817,60,OSM:classe,1,60,
-9.361679,-37.198129,60,OSM:classe,1,40,
-9.361582,-36.687949,60,OSM:classe,1,60,
-9.361558,-36.902068,60,OSM:classe,1,40,
-9.361511,-38.195428,60,OSM:classe,1,40,
-9.361483,-37.221741,60,OSM:classe,1,40,
-9.361337,-36.253873,60,OSM:classe,1,40,
-9.361319,-38.082101,60,OSM:classe,1,40,
-9.361297,-36.601752,60,OSM:classe,1,40,
-9.361188,-36.195113,80,OSM,0,,
-9.361168,-36.187655,80,OSM,0,,
-9.361142,-36.195581,80,OSM,0,,
-9.361115,-37.988405,80,OSM,0,,
-9.361092,-36.729457,60,OSM:classe,1,40,
-9.361086,-37.272090,60,OSM:classe,1,40,
-9.360999,-37.011320,60,OSM:classe,1,40,
-9.360964,-36.190174,80,OSM,0,,
-9.360950,-36.721286,60,OSM:classe,1,40,
-9.360949,-37.202505,60,OSM:classe,1,40,
-9.360931,-37.079837,60,OSM:classe,1,40,
-9.360919,-37.011328,60,OSM:classe,1,40,
-9.360888,-36.741710,60,OSM:classe,1,40,
-9.360840,-36.188614,80,OSM,0,,
-9.360770,-37.988126,80,OSM,0,,
-9.360755,-36.189517,80,OSM,0,,
-9.360722,-35.621006,100,OSM:classe,1,80,
-9.360684,-36.253353,60,OSM:classe,1,40,
-9.360573,-37.250865,60,OSM:classe,1,40,
-9.360572,-37.733318,80,OSM:classe,1,60,
-9.360549,-36.428771,100,OSM:classe,1,80,
-9.360547,-37.193756,60,OSM:classe,1,40,
-9.360479,-36.981308,60,OSM:classe,1,40,
-9.360440,-37.733329,60,OSM:classe,1,40,
-9.360403,-38.070054,80,OSM,0,,
-9.360393,-37.012066,60,OSM:classe,1,40,
-9.360345,-37.008567,60,OSM:classe,1,40,
-9.360313,-35.740763,60,OSM:classe,1,40,
-9.360224,-36.768490,60,OSM:classe,1,40,
-9.360157,-37.251000,60,OSM:classe,1,40,
-9.360086,-35.564835,100,OSM:classe,1,80,
-9.360034,-35.480460,60,OSM:classe,1,40,
-9.360025,-35.850247,80,OSM,0,,
-9.359992,-37.269916,80,OSM,0,,
-9.359978,-36.768848,60,OSM:classe,1,40,
-9.359948,-37.988012,80,OSM,0,,
-9.359929,-36.606023,60,OSM:classe,1,40,
-9.359911,-37.206802,60,OSM:classe,1,40,
-9.359894,-37.122297,60,OSM:classe,1,40,
-9.359894,-35.838137,100,OSM,0,,
-9.359885,-37.010584,60,OSM:classe,1,40,
-9.359801,-37.217539,60,OSM:classe,1,40,
-9.359790,-37.251169,60,OSM,0,,
-9.359774,-37.915565,60,OSM:classe,1,40,
-9.359756,-37.251125,60,OSM,0,,
-9.359752,-36.150359,60,OSM:classe,1,50,
-9.359716,-36.177084,80,OSM,0,,
-9.359617,-37.013244,60,OSM:classe,1,40,
-9.359615,-35.838345,100,OSM,0,,
-9.359590,-36.733752,60,OSM:classe,1,40,
-9.359572,-35.974703,60,OSM:classe,1,40,
-9.359553,-37.950559,60,OSM:classe,1,40,
-9.359539,-36.983135,60,OSM:classe,1,40,
-9.359523,-37.009669,60,OSM:classe,1,40,
-9.359507,-36.252479,60,OSM:classe,1,40,
-9.359468,-36.524537,100,OSM:classe,1,80,
-9.359464,-37.013465,60,OSM:classe,1,40,
-9.359451,-36.182806,80,OSM,0,,
-9.359416,-36.993756,60,OSM:classe,1,40,
-9.359380,-37.949836,60,OSM:classe,1,40,
-9.359364,-37.208940,60,OSM:classe,1,40,
-9.359285,-37.236939,60,OSM:classe,1,40,
-9.359124,-37.949336,60,OSM:classe,1,40,
-9.359091,-37.276164,60,OSM:classe,1,40,
-9.359046,-37.213046,60,OSM:classe,1,40,
-9.359021,-36.182350,80,OSM,0,,
-9.358954,-36.270204,60,OSM:classe,1,60,
-9.358891,-38.201035,60,OSM:classe,1,40,
-9.358859,-37.922995,60,OSM:classe,1,40,
-9.358823,-36.181828,80,OSM,0,,
-9.358814,-36.178574,80,OSM,0,,
-9.358754,-37.236432,60,OSM:classe,1,40,
-9.358601,-36.989523,60,OSM:classe,1,40,
-9.358500,-35.975010,60,OSM:classe,1,40,
-9.358447,-38.209533,60,OSM:classe,1,40,
-9.358436,-35.974968,60,OSM:classe,1,40,
-9.358425,-36.332391,60,OSM:classe,1,60,
-9.358387,-36.656287,60,OSM:classe,1,40,
-9.358379,-37.911258,60,OSM:classe,1,40,
-9.358285,-37.716130,60,OSM:classe,1,40,
-9.358057,-38.046801,60,OSM:classe,1,50,
-9.358048,-35.865668,80,OSM,0,,
-9.358003,-37.248430,60,OSM:classe,1,40,
-9.357952,-37.312627,60,OSM:classe,1,40,
-9.357949,-36.737977,60,OSM:classe,1,40,
-9.357922,-36.848101,60,OSM:classe,1,50,
-9.357855,-35.868004,80,OSM,0,,
-9.357833,-37.950994,60,OSM:classe,1,40,
-9.357830,-36.080943,60,OSM:classe,1,40,
-9.357820,-35.851168,80,OSM,0,,
-9.357698,-35.617634,100,OSM:classe,1,80,
-9.357695,-36.739187,60,OSM:classe,1,40,
-9.357665,-36.772746,60,OSM:classe,1,40,
-9.357528,-35.617440,60,OSM:classe,1,60,
-9.357499,-36.900107,60,OSM:classe,1,40,
-9.357455,-37.247007,60,OSM:classe,1,40,
-9.357421,-35.863138,80,OSM,0,,
-9.357417,-35.837888,100,OSM,0,,
-9.357405,-37.190569,60,OSM:classe,1,40,
-9.357378,-35.564520,100,OSM:classe,1,80,
-9.357321,-37.364693,60,OSM:classe,1,40,
-9.357253,-38.196894,60,OSM:classe,1,40,
-9.357223,-38.083930,60,OSM:classe,1,40,
-9.357202,-36.249657,60,OSM:classe,1,40,
-9.357175,-37.077453,60,OSM:classe,1,40,
-9.357154,-35.564045,100,OSM:classe,1,80,
-9.357107,-36.687635,60,OSM:classe,1,60,
-9.357086,-35.838076,100,OSM,0,,
-9.356965,-37.906840,60,OSM:classe,1,40,
-9.356946,-35.870290,80,OSM,0,,
-9.356927,-37.907068,60,OSM:classe,1,40,
-9.356919,-37.946047,60,OSM:classe,1,40,
-9.356875,-38.059770,80,OSM,0,,
-9.356860,-35.563498,100,OSM:classe,1,80,
-9.356760,-37.906799,60,OSM:classe,1,40,
-9.356734,-37.279813,60,OSM:classe,1,40,
-9.356670,-38.084054,60,OSM:classe,1,40,
-9.356575,-36.608846,60,OSM:classe,1,40,
-9.356558,-37.360691,60,OSM:classe,1,40,
-9.356535,-35.562853,100,OSM:classe,1,80,
-9.356467,-36.721510,60,OSM:classe,1,40,
-9.356433,-37.906732,60,OSM:classe,1,40,
-9.356432,-36.521176,100,OSM:classe,1,80,
-9.356390,-35.837536,100,OSM,0,,
-9.356387,-36.427182,100,OSM:classe,1,80,
-9.356375,-36.147372,60,OSM:classe,1,50,
-9.356360,-36.273045,60,OSM:classe,1,60,
-9.356325,-38.205515,60,OSM:classe,1,40,
-9.356290,-38.205210,60,OSM:classe,1,40,
-9.356269,-36.248530,60,OSM:classe,1,40,
-9.356267,-38.203323,60,OSM:classe,1,40,
-9.356244,-37.906659,60,OSM:classe,1,40,
-9.356199,-38.203724,60,OSM:classe,1,40,
-9.356163,-35.837679,100,OSM,0,,
-9.356152,-35.739935,60,OSM:classe,1,40,
-9.356108,-38.203502,60,OSM:classe,1,40,
-9.356096,-38.205351,60,OSM:classe,1,40,
-9.356081,-35.852881,80,OSM,0,,
-9.356057,-35.971288,60,OSM:classe,1,40,
-9.356031,-38.205345,60,OSM:classe,1,40,
-9.356027,-37.358228,60,OSM:classe,1,40,
-9.356011,-38.204908,60,OSM:classe,1,40,
-9.355954,-35.615685,60,OSM:classe,1,60,
-9.355929,-37.926425,60,OSM:classe,1,40,
-9.355869,-37.272315,60,OSM:classe,1,40,
-9.355824,-37.120603,60,OSM:classe,1,40,
-9.355662,-35.479438,60,OSM:classe,1,40,
-9.355581,-37.905195,60,OSM:classe,1,40,
-9.355556,-37.353743,60,OSM:classe,1,40,
-9.355519,-37.953395,60,OSM:classe,1,40,
-9.355500,-37.014795,60,OSM:classe,1,40,
-9.355381,-36.329037,60,OSM:classe,1,60,
-9.355213,-35.854550,80,OSM,0,,
-9.355121,-35.858679,80,OSM,0,,
-9.355086,-36.776345,60,OSM:classe,1,40,
-9.354968,-36.655810,60,OSM:classe,1,40,
-9.354844,-35.856478,80,OSM,0,,
-9.354706,-37.904034,60,OSM:classe,1,40,
-9.354550,-37.073785,60,OSM:classe,1,40,
-9.354474,-35.558802,100,OSM:classe,1,80,
-9.354469,-37.235214,60,OSM:classe,1,40,
-9.354202,-37.244324,60,OSM:classe,1,40,
-9.354164,-37.903537,60,OSM:classe,1,40,
-9.354118,-38.199684,60,OSM:classe,1,40,
-9.353973,-37.717422,60,OSM:classe,1,40,
-9.353971,-37.349568,60,OSM:classe,1,40,
-9.353889,-36.850116,60,OSM:classe,1,50,
-9.353840,-37.902200,60,OSM:classe,1,40,
-9.353817,-38.048316,80,OSM:classe,1,60,
-9.353750,-37.900840,60,OSM:classe,1,40,
-9.353748,-37.016118,60,OSM:classe,1,40,
-9.353737,-37.311043,60,OSM:classe,1,40,
-9.353720,-37.188195,60,OSM:classe,1,40,
-9.353657,-37.016122,60,OSM:classe,1,40,
-9.353435,-36.080331,60,OSM:classe,1,40,
-9.353414,-37.282474,60,OSM:classe,1,40,
-9.353395,-36.517814,100,OSM:classe,1,80,
-9.353371,-36.898820,60,OSM:classe,1,40,
-9.353353,-37.943334,60,OSM:classe,1,40,
-9.353347,-38.049486,80,OSM,0,,
-9.353301,-36.739010,60,OSM:classe,1,40,
-9.353281,-37.930108,60,OSM:classe,1,40,
-9.353229,-38.049141,60,OSM,0,,
-9.353140,-38.198311,60,OSM:classe,1,40,
-9.353045,-38.048597,60,OSM,0,,
-9.352976,-38.048395,60,OSM,0,,
-9.352963,-36.144413,60,OSM:classe,1,50,
-9.352893,-35.874862,80,OSM,0,,
-9.352815,-36.429583,100,OSM:classe,1,80,
-9.352814,-36.687991,60,OSM:classe,1,60,
-9.352764,-37.332802,60,OSM:classe,1,40,
-9.352749,-37.986716,60,OSM:classe,1,40,
-9.352691,-38.047570,80,OSM,0,,
-9.352635,-37.282992,60,OSM:classe,1,40,
-9.352601,-37.345245,60,OSM:classe,1,40,
-9.352553,-37.269510,60,OSM:classe,1,40,
-9.352503,-36.246254,60,OSM:classe,1,40,
-9.352483,-37.274311,80,OSM,0,,
-9.352378,-38.085305,60,OSM:classe,1,40,
-9.352378,-37.956655,60,OSM:classe,1,40,
-9.352339,-36.609155,60,OSM:classe,1,40,
-9.352336,-36.325684,60,OSM:classe,1,60,
-9.352305,-37.896601,60,OSM:classe,1,40,
-9.352255,-35.476707,60,OSM:classe,1,40,
-9.352128,-38.179241,110,OSM,0,,
-9.352126,-35.969075,60,OSM:classe,1,40,
-9.352121,-37.328313,60,OSM:classe,1,40,
-9.352056,-36.720827,60,OSM:classe,1,40,
-9.352003,-35.613830,60,OSM:classe,1,60,
-9.351958,-37.896490,60,OSM:classe,1,40,
-9.351899,-36.273355,60,OSM:classe,1,60,
-9.351876,-35.740115,60,OSM:classe,1,40,
-9.351842,-37.896484,60,OSM:classe,1,40,
-9.351759,-35.875364,80,OSM,0,,
-9.351723,-37.323806,60,OSM:classe,1,40,
-9.351662,-37.319250,60,OSM:classe,1,40,
-9.351590,-35.833841,100,OSM,0,,
-9.351587,-37.119984,60,OSM:classe,1,40,
-9.351449,-36.777753,60,OSM:classe,1,40,
-9.351439,-37.240807,60,OSM:classe,1,40,
-9.351354,-37.287304,60,OSM:classe,1,40,
-9.351349,-35.613733,60,OSM:classe,1,60,
-9.351314,-37.287388,60,OSM:classe,1,40,
-9.351219,-37.012342,60,OSM:classe,1,40,
-9.351210,-36.657923,60,OSM:classe,1,40,
-9.351192,-35.556063,100,OSM:classe,1,80,
-9.351112,-37.070870,60,OSM:classe,1,40,
-9.351101,-37.318159,60,OSM:classe,1,40,
-9.351039,-35.613691,60,OSM:classe,1,60,
-9.351012,-37.984434,60,OSM:classe,1,40,
-9.350966,-36.895167,60,OSM:classe,1,40,
-9.350895,-37.341084,60,OSM:classe,1,40,
-9.350893,-35.833140,100,OSM,0,,
-9.350891,-37.232502,60,OSM:classe,1,40,
-9.350720,-35.613641,60,OSM:classe,1,60,
-9.350704,-36.066846,60,OSM:classe,1,40,
-9.350574,-35.833255,100,OSM,0,,
-9.350569,-37.940415,60,OSM:classe,1,40,
-9.350563,-38.197215,60,OSM:classe,1,40,
-9.350550,-37.336562,60,OSM:classe,1,40,
-9.350545,-37.936827,60,OSM:classe,1,40,
-9.350480,-37.986459,40,OSM,0,,
-9.350479,-37.986297,40,OSM,0,,
-9.350461,-37.986475,20,OSM,0,,
-9.350451,-37.988734,20,OSM,0,,
-9.350373,-37.313662,60,OSM:classe,1,40,
-9.350350,-37.986482,20,OSM,0,,
-9.350343,-37.988574,20,OSM,0,,
-9.350334,-37.986795,20,OSM,0,,
-9.350316,-37.988587,20,OSM,0,,
-9.350314,-37.986299,80,OSM,0,,
-9.350309,-35.473006,60,OSM:classe,1,40,
-9.350305,-37.986447,40,OSM,0,,
-9.350294,-37.988608,20,OSM,0,,
-9.350048,-36.433086,100,OSM:classe,1,80,
-9.349906,-36.077744,60,OSM:classe,1,40,
-9.349866,-37.290530,60,OSM:classe,1,40,
-9.349856,-36.852132,60,OSM:classe,1,50,
-9.349803,-36.321928,60,OSM:classe,1,60,
-9.349747,-37.986417,40,OSM,0,,
-9.349708,-37.987793,20,OSM,0,,
-9.349661,-37.718715,60,OSM:classe,1,40,
-9.349645,-37.309165,60,OSM:classe,1,40,
-9.349547,-37.188024,60,OSM:classe,1,40,
-9.349511,-37.932900,60,OSM:classe,1,40,
-9.349507,-36.516000,60,OSM:classe,1,60,
-9.349473,-37.987390,20,OSM,0,,
-9.349446,-36.141588,60,OSM:classe,1,50,
-9.349442,-37.987448,20,OSM,0,,
-9.349439,-37.959601,60,OSM:classe,1,40,
-9.349429,-37.932383,60,OSM:classe,1,40,
-9.349423,-37.987294,20,OSM,0,,
-9.349359,-37.987286,20,OSM,0,,
-9.349350,-37.987466,20,OSM,0,,
-9.349306,-37.987322,20,OSM,0,,
-9.349293,-37.987404,20,OSM,0,,
-9.349009,-37.980469,60,OSM:classe,1,40,
-9.348987,-35.875586,80,OSM,0,,
-9.348819,-38.036461,80,OSM,0,,
-9.348808,-36.738843,60,OSM:classe,1,40,
-9.348729,-36.275939,60,OSM:classe,1,60,
-9.348689,-38.049621,60,OSM:classe,1,40,
-9.348685,-37.267298,60,OSM:classe,1,40,
-9.348638,-36.686587,60,OSM:classe,1,60,
-9.348619,-36.781158,60,OSM:classe,1,40,
-9.348583,-35.832910,100,OSM,0,,
-9.348400,-36.610034,60,OSM:classe,1,40,
-9.348390,-35.833138,100,OSM,0,,
-9.348345,-36.245497,60,OSM:classe,1,40,
-9.348338,-35.966633,60,OSM:classe,1,40,
-9.348332,-36.891696,60,OSM:classe,1,40,
-9.348110,-36.063190,60,OSM:classe,1,40,
-9.348078,-36.069577,60,OSM:classe,1,40,
-9.348071,-36.436939,100,OSM:classe,1,80,
-9.348061,-35.738084,60,OSM:classe,1,40,
-9.348028,-38.086065,60,OSM:classe,1,40,
-9.347880,-36.073842,60,OSM:classe,1,40,
-9.347832,-37.122113,60,OSM:classe,1,40,
-9.347812,-37.009367,60,OSM:classe,1,40,
-9.347771,-36.278088,60,OSM:classe,1,60,
-9.347739,-35.876349,80,OSM,0,,
-9.347734,-36.720792,60,OSM:classe,1,40,
-9.347734,-36.017621,60,OSM:classe,1,40,
-9.347606,-36.022070,60,OSM:classe,1,40,
-9.347594,-37.266884,60,OSM:classe,1,40,
-9.347545,-37.239195,60,OSM:classe,1,40,
-9.347459,-37.895529,60,OSM:classe,1,40,
-9.347425,-36.738792,60,OSM:classe,1,40,
-9.347387,-36.798165,60,OSM:classe,1,40,
-9.347386,-38.194305,60,OSM:classe,1,40,
-9.347286,-36.802662,60,OSM:classe,1,40,
-9.347223,-37.976335,60,OSM:classe,1,40,
-9.347214,-37.985943,80,OSM,0,,
-9.347095,-37.230109,60,OSM:classe,1,40,
-9.347061,-36.737878,60,OSM:classe,1,40,
-9.347058,-35.877515,80,OSM,0,,
-9.347009,-35.557663,100,OSM:classe,1,80,
-9.347005,-36.033778,60,OSM:classe,1,40,
-9.346961,-37.069734,60,OSM:classe,1,40,
-9.346941,-36.659134,60,OSM:classe,1,40,
-9.346878,-36.137864,60,OSM:classe,1,50,
-9.346852,-36.513876,60,OSM:classe,1,60,
-9.346660,-37.963184,60,OSM:classe,1,40,
-9.346608,-36.807103,60,OSM:classe,1,40,
-9.346599,-36.013362,60,OSM:classe,1,40,
-9.346566,-36.785105,60,OSM:classe,1,40,
-9.346558,-36.718684,60,OSM:classe,1,40,
-9.346471,-36.793849,60,OSM:classe,1,40,
-9.346406,-37.288314,60,OSM:classe,1,40,
-9.346401,-35.557926,100,OSM:classe,1,80,
-9.346285,-35.612889,60,OSM:classe,1,60,
-9.346267,-36.038271,60,OSM:classe,1,40,
-9.346262,-35.557991,100,OSM:classe,1,80,
-9.346236,-36.789409,60,OSM:classe,1,40,
-9.346048,-37.306792,60,OSM:classe,1,40,
-9.346037,-35.833918,100,OSM,0,,
-9.345965,-35.471830,60,OSM:classe,1,40,
-9.345961,-36.440964,100,OSM:classe,1,80,
-9.345936,-37.985722,40,OSM:classe,1,40,
-9.345873,-35.834176,100,OSM,0,,
-9.345839,-35.612813,100,OSM:classe,1,80,
-9.345823,-36.854147,60,OSM:classe,1,50,
-9.345807,-36.659542,60,OSM:classe,1,40,
-9.345701,-36.321832,60,OSM:classe,1,60,
-9.345674,-36.281641,100,OSM:classe,1,80,
-9.345565,-36.281816,100,OSM:classe,1,80,
-9.345527,-36.281875,100,OSM:classe,1,80,
-9.345489,-36.659642,60,OSM:classe,1,40,
-9.345463,-37.187006,60,OSM:classe,1,40,
-9.345460,-36.888387,60,OSM:classe,1,40,
-9.345432,-36.282010,100,OSM:classe,1,80,
-9.345405,-38.190214,60,OSM:classe,1,40,
-9.345387,-37.239842,60,OSM:classe,1,40,
-9.345373,-36.281821,40,OSM:classe,1,40,
-9.345356,-36.029818,60,OSM:classe,1,40,
-9.345353,-37.124066,60,OSM:classe,1,40,
-9.345349,-37.720007,60,OSM:classe,1,40,
-9.345317,-37.894614,60,OSM:classe,1,40,
-9.345305,-36.042723,60,OSM:classe,1,40,
-9.345275,-36.281730,80,OSM:classe,1,60,
-9.345251,-35.883051,80,OSM,0,,
-9.345182,-36.047255,60,OSM:classe,1,40,
-9.345139,-37.972318,60,OSM:classe,1,40,
-9.345007,-35.833942,100,OSM,0,,
-9.344974,-37.278706,80,OSM,0,,
-9.344946,-38.025352,80,OSM,0,,
-9.344937,-38.052087,60,OSM:classe,1,40,
-9.344782,-35.612256,100,OSM:classe,1,80,
-9.344747,-36.246124,60,OSM:classe,1,40,
-9.344695,-36.811157,60,OSM:classe,1,40,
-9.344689,-35.963979,60,OSM:classe,1,40,
-9.344687,-36.025480,60,OSM:classe,1,40,
-9.344656,-35.834071,100,OSM,0,,
-9.344554,-36.060822,60,OSM:classe,1,40,
-9.344535,-37.891867,60,OSM:classe,1,40,
-9.344420,-37.279177,80,OSM,0,,
-9.344367,-36.611826,60,OSM:classe,1,40,
-9.344364,-36.510775,60,OSM:classe,1,60,
-9.344346,-38.023625,60,OSM:classe,1,40,
-9.344289,-36.687494,60,OSM:classe,1,60,
-9.344258,-36.506675,60,OSM:classe,1,60,
-9.344207,-36.611864,60,OSM:classe,1,40,
-9.344205,-35.833545,100,OSM,0,,
-9.344173,-37.891813,60,OSM:classe,1,40,
-9.344137,-37.893508,60,OSM:classe,1,40,
-9.344113,-37.966840,60,OSM:classe,1,40,
-9.344044,-35.885291,80,OSM,0,,
-9.344041,-35.470757,60,OSM:classe,1,40,
-9.344013,-35.833685,100,OSM,0,,
-9.343997,-36.502126,60,OSM:classe,1,60,
-9.343955,-37.279839,60,OSM:classe,1,40,
-9.343909,-36.284256,100,OSM:classe,1,80,
-9.343823,-37.238387,60,OSM:classe,1,40,
-9.343765,-36.284472,60,OSM:classe,1,60,
-9.343761,-37.269154,60,OSM:classe,1,40,
-9.343735,-35.738351,60,OSM:classe,1,40,
-9.343661,-36.134684,60,OSM:classe,1,50,
-9.343592,-37.968226,60,OSM:classe,1,40,
-9.343579,-38.086022,60,OSM:classe,1,40,
-9.343579,-36.444781,100,OSM:classe,1,80,
-9.343555,-36.815311,60,OSM:classe,1,40,
-9.343494,-37.891682,60,OSM:classe,1,40,
-9.343425,-38.186123,60,OSM:classe,1,40,
-9.343384,-35.466333,60,OSM:classe,1,40,
-9.343207,-36.010390,60,OSM:classe,1,40,
-9.342983,-36.739750,60,OSM:classe,1,40,
-9.342814,-37.126707,60,OSM:classe,1,40,
-9.342747,-37.229936,60,OSM:classe,1,40,
-9.342698,-36.050960,60,OSM:classe,1,40,
-9.342692,-36.611960,60,OSM:classe,1,40,
-9.342582,-37.070240,60,OSM:classe,1,40,
-9.342580,-36.885091,60,OSM:classe,1,40,
-9.342528,-36.671033,60,OSM:classe,1,40,
-9.342443,-37.279550,60,OSM:classe,1,40,
-9.342434,-35.560361,100,OSM:classe,1,80,
-9.342404,-37.279837,60,OSM:classe,1,40,
-9.342381,-35.831550,100,OSM,0,,
-9.342367,-36.717252,60,OSM:classe,1,40,
-9.342237,-36.242770,60,OSM:classe,1,40,
-9.342216,-35.887517,80,OSM,0,,
-9.342213,-38.182420,110,OSM,0,,
-9.342213,-37.242829,60,OSM:classe,1,40,
-9.342182,-37.289665,60,OSM:classe,1,40,
-9.342178,-37.304789,60,OSM:classe,1,40,
-9.342025,-37.891434,60,OSM:classe,1,40,
-9.341997,-37.184111,60,OSM:classe,1,40,
-9.341971,-38.183119,60,OSM:classe,1,40,
-9.341907,-37.282729,80,OSM,0,,
-9.341899,-38.182747,60,OSM:classe,1,40,
-9.341875,-38.182507,80,OSM:classe,1,60,
-9.341810,-35.831437,100,OSM,0,,
-9.341802,-36.321269,60,OSM:classe,1,60,
-9.341790,-36.856163,60,OSM:classe,1,50,
-9.341604,-37.275128,60,OSM:classe,1,40,
-9.341578,-38.182608,80,OSM:classe,1,60,
-9.341506,-35.831028,100,OSM,0,,
-9.341409,-36.288332,60,OSM:classe,1,60,
-9.341399,-36.661217,60,OSM:classe,1,40,
-9.341332,-36.448477,100,OSM:classe,1,80,
-9.341309,-36.661244,60,OSM:classe,1,40,
-9.341278,-37.130921,60,OSM:classe,1,40,
-9.341278,-36.675379,60,OSM:classe,1,40,
-9.341248,-35.964124,60,OSM:classe,1,40,
-9.341199,-38.182742,80,OSM:classe,1,60,
-9.341077,-36.611109,60,OSM:classe,1,40,
-9.341073,-38.014243,80,OSM,0,,
-9.341065,-35.609747,100,OSM:classe,1,80,
-9.341047,-36.058239,60,OSM:classe,1,40,
-9.341037,-37.721299,60,OSM:classe,1,40,
-9.341030,-38.054289,60,OSM:classe,1,40,
-9.341028,-38.014113,80,OSM,0,,
-9.340968,-36.280475,80,OSM:classe,1,60,
-9.340882,-36.054573,60,OSM:classe,1,40,
-9.340766,-38.182892,110,OSM,0,,
-9.340723,-37.984669,80,OSM,0,,
-9.340699,-37.984769,80,OSM,0,,
-9.340642,-37.235344,60,OSM:classe,1,40,
-9.340603,-36.500084,60,OSM:classe,1,60,
-9.340384,-35.964020,60,OSM:classe,1,40,
-9.340321,-35.463059,60,OSM:classe,1,40,
-9.340206,-36.292723,60,OSM:classe,1,60,
-9.340204,-36.007018,60,OSM:classe,1,40,
-9.340074,-35.561977,100,OSM:classe,1,80,
-9.339853,-38.023808,60,OSM:classe,1,40,
-9.339796,-36.687475,60,OSM:classe,1,60,
-9.339765,-36.814850,60,OSM:classe,1,40,
-9.339699,-37.891926,60,OSM:classe,1,40,
-9.339670,-36.297225,60,OSM:classe,1,60,
-9.339597,-37.286036,80,OSM:classe,1,60,
-9.339550,-36.135048,60,OSM:classe,1,50,
-9.339438,-37.269955,60,OSM:classe,1,40,
-9.339426,-37.271180,60,OSM:classe,1,40,
-9.339418,-38.087473,60,OSM:classe,1,40,
-9.339418,-35.738310,60,OSM:classe,1,40,
-9.339382,-36.882296,60,OSM:classe,1,40,
-9.339135,-37.180615,60,OSM:classe,1,40,
-9.339109,-36.318128,60,OSM:classe,1,60,
-9.339107,-36.313571,60,OSM:classe,1,60,
-9.339062,-35.830808,40,OSM:classe,1,40,
-9.338953,-36.135432,60,OSM:classe,1,50,
-9.338938,-36.452251,100,OSM:classe,1,80,
-9.338919,-36.242783,60,OSM:classe,1,40,
-9.338876,-35.742624,60,OSM:classe,1,40,
-9.338862,-37.243993,60,OSM:classe,1,40,
-9.338811,-37.302006,60,OSM:classe,1,40,
-9.338799,-37.134552,60,OSM:classe,1,40,
-9.338771,-36.678630,60,OSM:classe,1,40,
-9.338736,-37.231817,60,OSM:classe,1,40,
-9.338731,-37.289341,60,OSM:classe,1,40,
-9.338718,-36.309159,60,OSM:classe,1,60,
-9.338635,-36.664133,60,OSM:classe,1,40,
-9.338624,-36.135140,60,OSM:classe,1,50,
-9.338598,-36.740759,60,OSM:classe,1,40,
-9.338594,-35.831180,40,OSM:classe,1,40,
-9.338509,-36.134999,60,OSM:classe,1,50,
-9.338460,-35.606103,100,OSM:classe,1,80,
-9.338334,-38.006412,80,OSM,0,,
-9.338319,-36.819116,60,OSM:classe,1,40,
-9.338279,-36.669569,60,OSM:classe,1,40,
-9.338185,-36.301365,60,OSM:classe,1,60,
-9.338158,-37.231867,60,OSM:classe,1,40,
-9.338109,-37.070248,60,OSM:classe,1,40,
-9.337885,-37.288494,60,OSM:classe,1,40,
-9.337883,-36.716923,60,OSM:classe,1,40,
-9.337757,-36.858178,60,OSM:classe,1,50,
-9.337642,-36.613344,60,OSM:classe,1,40,
-9.337518,-35.597917,60,OSM:classe,1,60,
-9.337372,-35.601548,60,OSM:classe,1,40,
-9.337339,-36.130701,60,OSM:classe,1,50,
-9.337311,-35.602457,60,OSM:classe,1,60,
-9.337215,-37.138793,60,OSM:classe,1,40,
-9.337196,-35.603746,100,OSM:classe,1,80,
-9.337126,-36.669333,60,OSM:classe,1,40,
-9.337071,-36.660395,60,OSM:classe,1,40,
-9.337007,-37.143325,60,OSM:classe,1,40,
-9.336999,-37.289756,80,OSM:classe,1,60,
-9.336786,-38.055796,60,OSM:classe,1,40,
-9.336760,-36.280826,80,OSM:classe,1,60,
-9.336725,-37.722592,60,OSM:classe,1,40,
-9.336684,-36.305146,60,OSM:classe,1,60,
-9.336651,-35.564916,100,OSM:classe,1,80,
-9.336593,-35.598261,60,OSM:classe,1,40,
-9.336583,-36.304961,60,OSM:classe,1,60,
-9.336566,-36.126294,60,OSM:classe,1,50,
-9.336533,-36.498860,60,OSM:classe,1,60,
-9.336512,-35.593478,60,OSM:classe,1,60,
-9.336398,-35.460890,60,OSM:classe,1,40,
-9.336324,-35.962720,60,OSM:classe,1,40,
-9.336205,-37.486869,60,OSM:classe,1,40,
-9.336196,-37.147793,60,OSM:classe,1,40,
-9.336167,-37.298322,60,OSM:classe,1,40,
-9.335937,-37.177502,60,OSM:classe,1,40,
-9.335920,-37.245763,60,OSM:classe,1,40,
-9.335879,-35.745480,60,OSM:classe,1,40,
-9.335817,-37.268513,60,OSM:classe,1,40,
-9.335801,-36.006553,60,OSM:classe,1,40,
-9.335702,-35.831021,100,OSM,0,,
-9.335501,-35.830689,100,OSM,0,,
-9.335360,-38.023991,60,OSM:classe,1,40,
-9.335360,-37.891670,60,OSM:classe,1,40,
-9.335339,-36.681222,60,OSM:classe,1,40,
-9.335334,-36.687654,60,OSM:classe,1,60,
-9.335328,-35.595999,60,OSM:classe,1,40,
-9.335284,-35.595924,60,OSM:classe,1,40,
-9.335264,-36.717340,60,OSM:classe,1,40,
-9.335207,-35.595724,60,OSM:classe,1,40,
-9.335050,-36.137406,60,OSM:classe,1,40,
-9.335042,-36.240803,60,OSM:classe,1,40,
-9.334973,-36.821743,60,OSM:classe,1,40,
-9.334969,-38.087287,60,OSM:classe,1,40,
-9.334949,-37.152171,60,OSM:classe,1,40,
-9.334889,-36.882466,60,OSM:classe,1,40,
-9.334844,-36.454006,100,OSM:classe,1,80,
-9.334795,-36.666315,60,OSM:classe,1,40,
-9.334744,-36.685604,60,OSM:classe,1,40,
-9.334711,-36.742393,60,OSM:classe,1,40,
-9.334590,-37.485192,60,OSM:classe,1,40,
-9.334415,-37.230707,60,OSM:classe,1,40,
-9.334401,-37.293475,80,OSM:classe,1,60,
-9.334330,-37.995185,80,OSM,0,,
-9.334275,-36.687581,60,OSM:classe,1,40,
-9.334259,-35.589759,60,OSM:classe,1,60,
-9.334249,-36.122431,60,OSM:classe,1,50,
-9.334207,-35.894719,80,OSM,0,,
-9.333822,-35.959429,60,OSM:classe,1,40,
-9.333762,-36.615183,60,OSM:classe,1,40,
-9.333724,-36.860194,60,OSM:classe,1,50,
-9.333719,-36.496594,60,OSM:classe,1,60,
-9.333685,-37.294522,60,OSM:classe,1,40,
-9.333680,-37.069947,60,OSM:classe,1,40,
-9.333521,-37.490362,60,OSM:classe,1,40,
-9.333444,-36.720729,60,OSM:classe,1,40,
-9.333348,-36.283157,80,OSM:classe,1,60,
-9.333320,-36.615700,60,OSM:classe,1,40,
-9.333297,-37.162797,60,OSM:classe,1,40,
-9.333220,-35.896254,80,OSM,0,,
-9.333165,-36.616684,60,OSM:classe,1,40,
-9.332939,-36.658817,60,OSM:classe,1,40,
-9.332839,-37.163729,60,OSM:classe,1,40,
-9.332733,-36.825539,60,OSM:classe,1,40,
-9.332665,-35.566867,100,OSM:classe,1,80,
-9.332592,-36.621144,60,OSM:classe,1,40,
-9.332449,-38.056661,60,OSM:classe,1,40,
-9.332441,-36.722712,60,OSM:classe,1,40,
-9.332413,-37.723884,60,OSM:classe,1,40,
-9.332290,-37.265988,60,OSM:classe,1,40,
-9.332246,-35.898812,80,OSM,0,,
-9.332201,-36.882172,60,OSM:classe,1,40,
-9.332129,-35.459459,60,OSM:classe,1,40,
-9.332100,-35.899192,80,OSM,0,,
-9.332007,-35.593069,60,OSM:classe,1,40,
-9.331973,-37.159186,60,OSM:classe,1,40,
-9.331881,-36.715385,60,OSM:classe,1,40,
-9.331875,-37.266338,60,OSM:classe,1,40,
-9.331848,-35.829350,100,OSM,0,,
-9.331811,-37.176564,60,OSM:classe,1,40,
-9.331809,-37.247075,60,OSM:classe,1,40,
-9.331803,-37.297194,80,OSM:classe,1,60,
-9.331761,-36.487096,60,OSM:classe,1,60,
-9.331748,-35.829125,100,OSM,0,,
-9.331737,-37.297289,100,OSM:classe,1,100,
-9.331687,-35.746261,60,OSM:classe,1,40,
-9.331666,-35.913131,80,OSM,0,,
-9.331642,-36.490723,60,OSM:classe,1,60,
-9.331634,-37.155008,60,OSM:classe,1,40,
-9.331622,-36.118733,60,OSM:classe,1,50,
-9.331524,-35.914755,80,OSM,0,,
-9.331507,-35.457595,60,OSM:classe,1,40,
-9.331462,-35.586266,60,OSM:classe,1,60,
-9.331379,-36.007299,60,OSM:classe,1,40,
-9.331216,-35.957454,60,OSM:classe,1,40,
-9.331186,-36.877796,60,OSM:classe,1,40,
-9.331174,-37.263103,60,OSM:classe,1,40,
-9.331084,-35.572399,60,OSM:classe,1,60,
-9.331038,-35.567466,100,OSM:classe,1,80,
-9.331016,-36.629127,60,OSM:classe,1,40,
-9.330974,-36.456325,60,OSM:classe,1,60,
-9.330909,-37.891609,60,OSM:classe,1,40,
-9.330908,-35.567845,60,OSM:classe,1,60,
-9.330902,-35.567698,100,OSM:classe,1,80,
-9.330876,-35.567494,100,OSM:classe,1,80,
-9.330870,-38.024200,60,OSM:classe,1,40,
-9.330863,-36.687169,60,OSM:classe,1,60,
-9.330841,-38.086456,60,OSM:classe,1,40,
-9.330836,-35.915769,80,OSM,0,,
-9.330802,-36.744184,60,OSM:classe,1,40,
-9.330788,-36.240847,60,OSM:classe,1,40,
-9.330747,-37.983448,40,OSM,0,,
-9.330699,-35.591272,60,OSM:classe,1,40,
-9.330619,-36.136950,60,OSM:classe,1,40,
-9.330600,-35.567549,100,OSM:classe,1,80,
-9.330581,-37.493794,60,OSM:classe,1,40,
-9.330507,-37.228476,60,OSM:classe,1,40,
-9.330486,-35.453157,60,OSM:classe,1,40,
-9.330436,-35.903711,80,OSM,0,,
-9.330405,-37.299237,100,OSM:classe,1,100,
-9.330404,-36.494083,60,OSM:classe,1,60,
-9.330374,-37.983656,40,OSM,0,,
-9.330368,-37.983277,40,OSM,0,,
-9.330327,-37.983957,60,OSM,0,,
-9.330327,-37.983351,40,OSM,0,,
-9.330312,-36.829064,60,OSM:classe,1,40,
-9.330268,-37.485814,60,OSM:classe,1,40,
-9.330219,-35.906628,80,OSM,0,,
-9.330213,-37.983246,40,OSM,0,,
-9.330204,-37.983603,60,OSM,0,,
-9.330164,-37.983494,60,OSM,0,,
-9.330143,-35.905364,80,OSM,0,,
-9.330140,-35.590359,60,OSM:classe,1,40,
-9.330099,-37.983305,40,OSM,0,,
-9.330068,-37.983216,60,OSM,0,,
-9.329970,-37.982920,40,OSM,0,,
-9.329839,-37.983276,40,OSM,0,,
-9.329757,-37.983193,40,OSM,0,,
-9.329740,-36.655697,60,OSM:classe,1,40,
-9.329692,-36.862209,60,OSM:classe,1,50,
-9.329676,-37.172690,60,OSM:classe,1,40,
-9.329667,-37.983202,80,OSM,0,,
-9.329556,-37.068690,60,OSM:classe,1,40,
-9.329388,-36.458942,60,OSM:classe,1,60,
-9.329371,-35.916868,80,OSM,0,,
-9.329343,-36.744613,60,OSM:classe,1,40,
-9.329248,-37.166178,60,OSM:classe,1,40,
-9.329242,-37.269796,60,OSM:classe,1,40,
-9.329232,-38.059016,60,OSM:classe,1,40,
-9.329142,-35.576305,60,OSM:classe,1,60,
-9.329140,-35.582364,60,OSM:classe,1,60,
-9.329139,-36.723365,60,OSM:classe,1,40,
-9.329052,-37.250438,60,OSM:classe,1,40,
-9.328995,-36.283070,80,OSM:classe,1,60,
-9.328971,-36.013352,60,OSM:classe,1,40,
-9.328906,-36.483607,60,OSM:classe,1,60,
-9.328847,-38.186980,110,OSM,0,,
-9.328814,-37.262912,60,OSM:classe,1,40,
-9.328721,-36.115509,60,OSM:classe,1,50,
-9.328659,-36.483180,60,OSM:classe,1,60,
-9.328594,-35.586220,60,OSM:classe,1,40,
-9.328423,-37.258489,60,OSM:classe,1,40,
-9.328344,-35.917960,80,OSM,0,,
-9.328291,-35.457425,60,OSM:classe,1,40,
-9.328223,-38.187511,40,OSM:classe,1,40,
-9.328197,-36.874515,60,OSM:classe,1,40,
-9.328194,-35.577458,60,OSM:classe,1,60,
-9.328193,-35.449348,60,OSM:classe,1,40,
-9.328150,-38.187199,100,OSM:classe,1,100,
-9.328101,-37.725176,60,OSM:classe,1,40,
-9.328079,-35.748230,60,OSM:classe,1,40,
-9.327986,-37.497502,60,OSM:classe,1,40,
-9.327962,-36.727638,60,OSM:classe,1,40,
-9.327915,-36.630834,60,OSM:classe,1,40,
-9.327875,-37.253979,60,OSM:classe,1,40,
-9.327865,-36.481779,60,OSM:classe,1,60,
-9.327852,-38.187306,110,OSM,0,,
-9.327845,-35.577479,60,OSM:classe,1,40,
-9.327843,-37.302982,100,OSM:classe,1,100,
-9.327823,-36.713797,60,OSM:classe,1,40,
-9.327722,-35.578225,60,OSM:classe,1,60,
-9.327717,-37.303175,100,OSM:classe,1,100,
-9.327664,-35.828240,100,OSM,0,,
-9.327661,-37.303254,100,OSM:classe,1,100,
-9.327598,-35.447607,60,OSM:classe,1,40,
-9.327576,-37.303077,80,OSM:classe,1,60,
-9.327555,-37.303177,80,OSM:classe,1,60,
-9.327554,-37.303417,100,OSM:classe,1,100,
-9.327550,-35.828417,100,OSM,0,,
-9.327508,-35.457529,60,OSM:classe,1,40,
-9.327501,-35.578233,60,OSM:classe,1,40,
-9.327350,-38.060899,60,OSM:classe,1,40,
-9.327330,-36.462737,60,OSM:classe,1,60,
-9.327316,-37.302929,80,OSM:classe,1,60,
-9.327277,-36.732102,60,OSM:classe,1,40,
-9.327239,-35.956008,60,OSM:classe,1,40,
-9.327221,-35.578652,40,OSM:classe,1,40,
-9.327217,-35.567933,60,OSM:classe,1,60,
-9.327138,-36.635254,60,OSM:classe,1,40,
-9.327113,-38.088660,60,OSM:classe,1,40,
-9.326979,-36.007652,60,OSM:classe,1,40,
-9.326973,-35.582041,60,OSM:classe,1,40,
-9.326970,-36.241047,60,OSM:classe,1,40,
-9.326900,-37.482939,60,OSM:classe,1,40,
-9.326887,-36.652289,60,OSM:classe,1,40,
-9.326866,-36.831982,60,OSM:classe,1,40,
-9.326859,-37.169174,60,OSM:classe,1,40,
-9.326834,-37.890448,60,OSM:classe,1,40,
-9.326792,-36.009365,60,OSM:classe,1,40,
-9.326759,-35.579113,60,OSM:classe,1,40,
-9.326690,-35.573407,60,OSM:classe,1,40,
-9.326613,-35.579263,60,OSM:classe,1,40,
-9.326525,-36.137835,60,OSM:classe,1,40,
-9.326500,-37.226458,60,OSM:classe,1,40,
-9.326489,-36.017151,60,OSM:classe,1,40,
-9.326447,-38.024961,60,OSM:classe,1,40,
-9.326413,-36.007370,60,OSM:classe,1,40,
-9.326399,-35.921540,80,OSM,0,,
-9.326371,-36.687009,60,OSM:classe,1,60,
-9.326368,-35.828562,100,OSM,0,,
-9.326342,-35.828363,100,OSM,0,,
-9.326335,-37.305312,100,OSM:classe,1,100,
-9.326237,-36.111943,60,OSM:classe,1,50,
-9.326102,-36.736501,60,OSM:classe,1,40,
-9.325918,-36.742039,60,OSM:classe,1,40,
-9.325890,-37.168184,60,OSM:classe,1,40,
-9.325734,-37.971151,80,OSM,0,,
-9.325643,-35.922520,80,OSM,0,,
-9.325641,-38.065103,60,OSM:classe,1,40,
-9.325617,-37.272416,60,OSM:classe,1,40,
-9.325389,-38.025517,60,OSM:classe,1,40,
-9.325331,-36.863236,60,OSM:classe,1,50,
-9.325261,-37.069995,60,OSM:classe,1,40,
-9.325245,-36.834479,60,OSM:classe,1,40,
-9.325199,-35.570069,60,OSM:classe,1,40,
-9.325173,-36.648174,60,OSM:classe,1,40,
-9.325148,-35.457999,60,OSM:classe,1,40,
-9.325101,-35.569638,60,OSM:classe,1,40,
-9.325022,-35.568518,60,OSM:classe,1,60,
-9.325013,-35.443912,60,OSM:classe,1,40,
-9.324889,-36.478411,60,OSM:classe,1,60,
-9.324881,-38.025388,60,OSM:classe,1,40,
-9.324871,-36.281270,80,OSM:classe,1,60,
-9.324860,-36.021348,60,OSM:classe,1,40,
-9.324843,-35.568564,60,OSM:classe,1,60,
-9.324839,-36.740177,60,OSM:classe,1,40,
-9.324786,-36.021613,60,OSM:classe,1,40,
-9.324734,-38.069286,60,OSM:classe,1,40,
-9.324665,-35.568618,60,OSM:classe,1,60,
-9.324637,-35.568625,60,OSM:classe,1,60,
-9.324527,-35.568655,60,OSM:classe,1,60,
-9.324483,-36.740637,60,OSM:classe,1,40,
-9.324479,-36.714098,60,OSM:classe,1,40,
-9.324421,-35.568696,60,OSM:classe,1,60,
-9.324411,-35.568271,60,OSM:classe,1,50,
-9.324384,-35.568404,40,OSM:classe,1,40,
-9.324369,-36.004099,60,OSM:classe,1,40,
-9.324241,-37.499875,60,OSM:classe,1,40,
-9.324223,-35.567847,60,OSM:classe,1,50,
-9.324207,-36.238260,60,OSM:classe,1,40,
-9.324207,-35.568798,100,OSM:classe,1,80,
-9.324100,-35.750152,60,OSM:classe,1,40,
-9.324046,-36.873076,60,OSM:classe,1,40,
-9.324016,-35.567589,60,OSM:classe,1,50,
-9.323879,-37.309129,100,OSM:classe,1,100,
-9.323865,-37.300008,80,OSM:classe,1,60,
-9.323789,-37.726469,60,OSM:classe,1,40,
-9.323552,-35.953579,60,OSM:classe,1,40,
-9.323368,-35.830139,100,OSM,0,,
-9.323349,-37.964553,80,OSM,0,,
-9.323349,-35.829945,100,OSM,0,,
-9.323314,-36.108872,60,OSM:classe,1,50,
-9.323289,-36.637467,60,OSM:classe,1,40,
-9.323161,-36.464444,60,OSM:classe,1,60,
-9.323156,-35.936433,60,OSM:classe,1,40,
-9.323109,-35.936498,60,OSM:classe,1,40,
-9.323013,-37.223601,60,OSM:classe,1,40,
-9.322992,-35.937490,60,OSM:classe,1,40,
-9.322972,-35.936769,60,OSM:classe,1,40,
-9.322833,-37.275994,60,OSM:classe,1,40,
-9.322832,-35.999825,60,OSM:classe,1,40,
-9.322764,-37.481200,60,OSM:classe,1,40,
-9.322728,-38.089332,60,OSM:classe,1,40,
-9.322704,-37.167699,60,OSM:classe,1,40,
-9.322659,-37.504058,60,OSM:classe,1,40,
-9.322642,-36.838156,60,OSM:classe,1,40,
-9.322631,-38.073284,60,OSM:classe,1,40,
-9.322502,-37.889993,60,OSM:classe,1,40,
-9.322362,-36.139261,60,OSM:classe,1,40,
-9.322210,-35.461144,60,OSM:classe,1,40,
-9.322147,-36.644823,60,OSM:classe,1,40,
-9.322121,-36.744501,60,OSM:classe,1,40,
-9.321990,-36.474971,60,OSM:classe,1,60,
-9.321955,-36.474940,60,OSM:classe,1,60,
-9.321876,-36.686897,60,OSM:classe,1,60,
-9.321866,-36.640371,60,OSM:classe,1,40,
-9.321724,-35.951686,60,OSM:classe,1,40,
-9.321631,-35.440909,60,OSM:classe,1,40,
-9.321589,-35.995552,60,OSM:classe,1,40,
-9.321564,-37.981959,80,OSM,0,,
-9.321462,-36.278394,80,OSM:classe,1,60,
-9.321423,-37.312946,100,OSM:classe,1,100,
-9.321264,-36.474701,40,OSM:classe,1,40,
-9.321216,-36.469539,60,OSM:classe,1,60,
-9.321027,-37.280003,60,OSM:classe,1,40,
-9.320999,-37.313618,100,OSM:classe,1,100,
-9.320965,-37.957955,80,OSM,0,,
-9.320947,-37.069980,60,OSM:classe,1,40,
-9.320925,-38.027357,60,OSM:classe,1,40,
-9.320915,-36.864098,60,OSM:classe,1,50,
-9.320891,-36.474477,40,OSM:classe,1,40,
-9.320843,-38.089547,60,OSM:classe,1,40,
-9.320839,-37.957614,80,OSM,0,,
-9.320744,-35.571702,100,OSM:classe,1,80,
-9.320709,-36.021050,60,OSM:classe,1,40,
-9.320625,-36.467913,60,OSM:classe,1,60,
-9.320576,-35.752799,60,OSM:classe,1,40,
-9.320414,-37.297087,80,OSM:classe,1,60,
-9.320389,-36.473918,60,OSM:classe,1,60,
-9.320358,-35.564938,60,OSM:classe,1,50,
-9.320277,-36.473799,60,OSM:classe,1,60,
-9.320263,-35.564870,60,OSM:classe,1,50,
-9.320227,-36.471098,60,OSM:classe,1,40,
-9.320143,-35.465113,60,OSM:classe,1,40,
-9.320133,-36.473966,60,OSM:classe,1,50,
-9.320092,-36.641395,60,OSM:classe,1,40,
-9.320088,-36.841795,60,OSM:classe,1,40,
-9.319983,-36.713999,60,OSM:classe,1,40,
-9.319969,-38.190142,110,OSM,0,,
-9.319966,-36.473540,60,OSM:classe,1,40,
-9.319943,-35.934191,60,OSM:classe,1,40,
-9.319925,-37.507383,60,OSM:classe,1,40,
-9.319899,-35.934252,60,OSM:classe,1,40,
-9.319883,-35.470595,60,OSM:classe,1,40,
-9.319835,-37.477949,60,OSM:classe,1,40,
-9.319828,-35.934170,60,OSM:classe,1,40,
-9.319804,-36.474036,60,OSM:classe,1,50,
-9.319789,-36.237882,60,OSM:classe,1,40,
-9.319777,-36.470001,60,OSM:classe,1,40,
-9.319764,-36.872233,60,OSM:classe,1,40,
-9.319702,-35.831038,100,OSM,0,,
-9.319636,-38.076563,60,OSM:classe,1,40,
-9.319524,-36.748217,60,OSM:classe,1,40,
-9.319516,-37.221985,60,OSM:classe,1,40,
-9.319508,-36.473193,60,OSM:classe,1,40,
-9.319477,-37.727761,60,OSM:classe,1,40,
-9.319420,-35.933781,60,OSM:classe,1,40,
-9.319363,-36.474151,60,OSM:classe,1,50,
-9.319289,-36.106840,60,OSM:classe,1,50,
-9.319268,-35.564737,60,OSM:classe,1,50,
-9.319226,-35.830895,100,OSM,0,,
-9.319218,-36.472387,60,OSM:classe,1,40,
-9.319211,-35.564524,60,OSM:classe,1,50,
-9.319204,-36.472405,60,OSM:classe,1,40,
-9.319100,-35.466707,60,OSM:classe,1,40,
-9.319067,-36.472931,60,OSM:classe,1,40,
-9.318987,-36.472959,60,OSM:classe,1,40,
-9.318900,-36.472885,60,OSM:classe,1,40,
-9.318768,-37.295694,80,OSM:classe,1,60,
-9.318704,-35.831123,100,OSM,0,,
-9.318605,-37.295561,60,OSM:classe,1,50,
-9.318594,-36.275170,80,OSM:classe,1,60,
-9.318580,-37.317459,100,OSM:classe,1,100,
-9.318554,-36.141479,60,OSM:classe,1,40,
-9.318456,-35.951120,60,OSM:classe,1,40,
-9.318435,-36.019049,60,OSM:classe,1,40,
-9.318432,-37.166292,60,OSM:classe,1,40,
-9.318352,-35.992397,60,OSM:classe,1,40,
-9.318299,-36.474701,60,OSM:classe,1,50,
-9.318240,-36.241860,60,OSM:classe,1,40,
-9.318069,-35.567020,60,OSM:classe,1,40,
-9.318006,-37.889891,60,OSM:classe,1,40,
-9.317993,-37.949529,80,OSM,0,,
-9.317841,-35.563295,60,OSM:classe,1,50,
-9.317738,-36.475106,60,OSM:classe,1,50,
-9.317734,-35.564217,60,OSM:classe,1,50,
-9.317691,-37.473944,60,OSM:classe,1,40,
-9.317652,-35.442097,60,OSM:classe,1,40,
-9.317555,-36.688071,60,OSM:classe,1,60,
-9.317525,-36.752269,60,OSM:classe,1,40,
-9.317456,-35.573301,100,OSM:classe,1,80,
-9.317259,-37.282465,60,OSM:classe,1,40,
-9.317246,-36.475722,40,OSM:classe,1,40,
-9.317245,-35.573217,60,OSM:classe,1,60,
-9.317225,-35.830703,100,OSM,0,,
-9.317122,-35.929814,60,OSM,0,,
-9.317028,-37.067984,60,OSM:classe,1,40,
-9.316849,-36.476150,40,OSM:classe,1,40,
-9.316819,-36.466662,60,OSM:classe,1,40,
-9.316778,-36.755823,60,OSM:classe,1,40,
-9.316615,-36.759771,60,OSM:classe,1,40,
-9.316540,-36.243568,60,OSM:classe,1,40,
-9.316525,-38.027779,60,OSM:classe,1,40,
-9.316501,-37.218732,60,OSM:classe,1,40,
-9.316500,-36.864960,60,OSM:classe,1,50,
-9.316380,-38.089812,60,OSM:classe,1,40,
-9.316289,-35.943068,60,OSM:classe,1,40,
-9.316279,-35.753085,60,OSM:classe,1,40,
-9.316266,-37.510031,60,OSM:classe,1,40,
-9.316242,-36.843634,60,OSM:classe,1,40,
-9.316161,-37.321300,100,OSM:classe,1,100,
-9.316144,-35.930661,60,OSM:classe,1,40,
-9.316124,-35.942769,60,OSM:classe,1,40,
-9.316109,-36.476959,40,OSM:classe,1,40,
-9.315965,-35.943597,60,OSM:classe,1,40,
-9.315964,-38.079112,60,OSM:classe,1,40,
-9.315930,-35.943533,60,OSM:classe,1,40,
-9.315729,-35.988794,60,OSM:classe,1,40,
-9.315714,-35.470279,60,OSM:classe,1,40,
-9.315657,-36.477448,60,OSM:classe,1,50,
-9.315645,-35.562677,60,OSM:classe,1,50,
-9.315620,-36.713423,60,OSM:classe,1,40,
-9.315606,-38.082796,60,OSM:classe,1,40,
-9.315592,-35.470242,60,OSM:classe,1,40,
-9.315408,-36.104579,60,OSM:classe,1,50,
-9.315405,-36.871291,60,OSM:classe,1,40,
-9.315390,-36.142892,60,OSM:classe,1,40,
-9.315289,-35.562405,60,OSM:classe,1,40,
-9.315273,-37.470120,60,OSM:classe,1,40,
-9.315175,-37.729088,60,OSM:classe,1,40,
-9.315147,-37.941443,80,OSM,0,,
-9.315001,-37.292838,60,OSM:classe,1,50,
-9.314983,-35.830616,100,OSM,0,,
-9.314976,-35.563128,60,OSM:classe,1,40,
-9.314876,-35.569962,60,OSM:classe,1,40,
-9.314800,-35.984427,60,OSM:classe,1,40,
-9.314780,-36.021702,60,OSM:classe,1,40,
-9.314691,-37.062602,60,OSM:classe,1,40,
-9.314650,-35.439674,60,OSM:classe,1,40,
-9.314450,-36.463589,60,OSM:classe,1,40,
-9.314434,-36.273973,80,OSM:classe,1,60,
-9.314240,-35.951287,60,OSM:classe,1,40,
-9.314154,-35.951060,60,OSM:classe,1,40,
-9.314140,-37.166091,60,OSM:classe,1,40,
-9.314109,-35.566808,60,OSM:classe,1,40,
-9.314007,-36.462821,60,OSM:classe,1,40,
-9.313944,-35.950481,60,OSM:classe,1,40,
-9.313939,-35.938787,60,OSM:classe,1,40,
-9.313904,-35.566868,60,OSM:classe,1,40,
-9.313842,-35.953077,60,OSM:classe,1,40,
-9.313766,-37.065607,60,OSM:classe,1,40,
-9.313743,-36.481530,60,OSM:classe,1,50,
-9.313742,-37.325141,100,OSM:classe,1,100,
-9.313728,-35.944679,60,OSM:classe,1,40,
-9.313632,-36.847309,60,OSM:classe,1,40,
-9.313630,-37.985317,60,OSM:classe,1,40,
-9.313609,-36.865589,60,OSM:classe,1,40,
-9.313565,-37.889723,60,OSM:classe,1,40,
-9.313565,-35.932864,60,OSM,0,,
-9.313530,-35.950194,60,OSM:classe,1,40,
-9.313528,-36.053097,60,OSM:classe,1,40,
-9.313474,-36.052923,60,OSM:classe,1,40,
-9.313460,-37.980715,80,OSM,0,,
-9.313446,-36.482520,60,OSM:classe,1,50,
-9.313443,-35.571742,60,OSM:classe,1,60,
-9.313388,-36.144321,60,OSM:classe,1,40,
-9.313360,-36.246693,60,OSM:classe,1,40,
-9.313331,-35.571298,60,OSM:classe,1,40,
-9.313281,-37.284539,60,OSM:classe,1,40,
-9.313274,-36.144398,60,OSM:classe,1,40,
-9.313256,-37.981663,60,OSM:classe,1,40,
-9.313255,-36.689405,60,OSM:classe,1,60,
-9.313213,-35.571401,40,OSM:classe,1,40,
-9.313186,-37.466084,60,OSM:classe,1,40,
-9.313175,-36.144466,60,OSM:classe,1,40,
-9.313150,-36.483732,60,OSM:classe,1,50,
-9.313134,-35.571624,60,OSM:classe,1,60,
-9.313051,-35.933354,40,OSM:classe,1,40,
-9.313012,-37.216016,60,OSM:classe,1,40,
-9.312914,-35.949027,60,OSM:classe,1,40,
-9.312881,-35.470730,60,OSM:classe,1,40,
-9.312869,-35.571521,100,OSM:classe,1,80,
-9.312853,-35.934506,60,OSM:classe,1,40,
-9.312849,-37.512973,60,OSM:classe,1,40,
-9.312769,-35.969590,60,OSM:classe,1,40,
-9.312742,-35.416053,60,OSM:classe,1,50,
-9.312652,-36.458549,60,OSM:classe,1,40,
-9.312610,-37.928800,80,OSM,0,,
-9.312536,-35.830066,100,OSM,0,,
-9.312504,-37.980093,80,OSM,0,,
-9.312428,-35.950798,60,OSM:classe,1,40,
-9.312401,-36.760970,60,OSM:classe,1,40,
-9.312365,-35.829605,100,OSM,0,,
-9.312357,-36.760990,60,OSM:classe,1,40,
-9.312338,-35.949501,60,OSM:classe,1,40,
-9.312317,-35.933945,60,OSM:classe,1,40,
-9.312270,-35.473550,60,OSM:classe,1,40,
-9.312268,-35.957346,60,OSM:classe,1,40,
-9.312189,-37.461693,60,OSM:classe,1,40,
-9.312150,-38.088605,60,OSM:classe,1,40,
-9.312102,-38.028034,60,OSM:classe,1,40,
-9.312085,-38.192978,110,OSM,0,,
-9.312084,-36.865822,60,OSM:classe,1,50,
-9.311997,-38.085281,60,OSM:classe,1,40,
-9.311959,-35.981194,60,OSM:classe,1,40,
-9.311927,-36.091949,60,OSM:classe,1,40,
-9.311893,-35.933987,60,OSM,0,,
-9.311868,-35.945486,60,OSM:classe,1,40,
-9.311862,-37.457149,60,OSM:classe,1,40,
-9.311841,-35.752882,60,OSM:classe,1,40,
-9.311839,-35.475128,60,OSM:classe,1,40,
-9.311830,-36.082974,60,OSM:classe,1,40,
-9.311770,-36.441705,60,OSM:classe,1,40,
-9.311684,-36.102573,60,OSM:classe,1,50,
-9.311573,-37.289889,60,OSM:classe,1,50,
-9.311562,-36.056699,60,OSM:classe,1,40,
-9.311534,-37.452604,60,OSM:classe,1,40,
-9.311507,-35.950260,60,OSM:classe,1,40,
-9.311501,-35.946128,60,OSM:classe,1,40,
-9.311495,-35.829468,100,OSM,0,,
-9.311492,-35.562941,60,OSM:classe,1,50,
-9.311411,-36.763734,60,OSM:classe,1,40,
-9.311395,-35.828706,100,OSM,0,,
-9.311388,-36.869310,60,OSM:classe,1,40,
-9.311360,-35.945846,60,OSM:classe,1,40,
-9.311322,-37.328981,100,OSM:classe,1,100,
-9.311306,-35.934768,60,OSM,0,,
-9.311223,-36.078733,60,OSM:classe,1,40,
-9.311185,-36.712925,60,OSM:classe,1,40,
-9.311175,-35.420174,60,OSM:classe,1,50,
-9.311174,-36.024319,60,OSM:classe,1,40,
-9.311171,-35.947165,60,OSM:classe,1,40,
-9.311164,-35.945690,60,OSM:classe,1,40,
-9.311138,-37.433187,60,OSM:classe,1,40,
-9.311102,-36.276862,80,OSM:classe,1,60,
-9.311081,-36.446208,60,OSM:classe,1,40,
-9.311074,-37.439448,60,OSM:classe,1,40,
-9.310954,-37.060295,60,OSM:classe,1,40,
-9.310921,-35.945065,60,OSM:classe,1,40,
-9.310915,-36.447299,60,OSM:classe,1,40,
-9.310904,-36.868996,60,OSM:classe,1,40,
-9.310890,-37.730470,60,OSM:classe,1,40,
-9.310881,-37.432489,60,OSM:classe,1,40,
-9.310859,-35.965568,60,OSM:classe,1,40,
-9.310834,-37.434898,60,OSM:classe,1,40,
-9.310825,-36.708229,60,OSM:classe,1,40,
-9.310820,-36.250220,60,OSM:classe,1,40,
-9.310820,-35.563105,60,OSM:classe,1,50,
-9.310817,-35.828473,100,OSM,0,,
-9.310816,-36.454584,60,OSM:classe,1,40,
-9.310629,-35.946081,60,OSM:classe,1,40,
-9.310581,-35.973352,60,OSM:classe,1,40,
-9.310519,-36.850488,60,OSM:classe,1,40,
-9.310493,-36.142484,60,OSM:classe,1,40,
-9.310435,-37.448239,60,OSM:classe,1,40,
-9.310434,-37.977831,80,OSM,0,,
-9.310430,-38.087831,60,OSM:classe,1,40,
-9.310406,-36.142376,60,OSM:classe,1,40,
-9.310397,-36.095188,60,OSM:classe,1,40,
-9.310385,-37.285422,60,OSM:classe,1,40,
-9.310302,-35.945431,60,OSM:classe,1,40,
-9.310275,-37.432716,60,OSM:classe,1,40,
-9.310252,-35.961057,60,OSM:classe,1,40,
-9.310242,-35.565450,60,OSM:classe,1,40,
-9.310233,-38.088747,60,OSM:classe,1,40,
-9.310226,-36.450766,60,OSM:classe,1,40,
-9.310225,-36.086978,60,OSM:classe,1,40,
-9.310208,-37.168293,60,OSM:classe,1,40,
-9.310176,-36.712725,60,OSM:classe,1,40,
-9.310146,-38.089216,60,OSM:classe,1,40,
-9.310086,-36.487043,60,OSM:classe,1,50,
-9.310079,-36.060429,60,OSM:classe,1,40,
-9.310074,-37.916156,80,OSM,0,,
-9.310069,-36.438628,60,OSM:classe,1,40,
-9.310054,-35.977297,60,OSM:classe,1,40,
-9.310040,-37.285430,60,OSM:classe,1,40,
-9.309971,-35.413035,60,OSM:classe,1,50,
-9.309939,-37.443800,60,OSM:classe,1,40,
-9.309850,-35.477295,60,OSM:classe,1,40,
-9.309828,-37.516153,60,OSM:classe,1,40,
-9.309810,-35.563348,60,OSM:classe,1,40,
-9.309794,-36.139800,60,OSM:classe,1,40,
-9.309731,-38.089472,60,OSM:classe,1,40,
-9.309726,-35.825201,100,OSM,0,,
-9.309722,-35.942673,60,OSM:classe,1,40,
-9.309670,-35.946642,60,OSM:classe,1,40,
-9.309660,-36.088170,60,OSM:classe,1,40,
-9.309634,-35.946561,60,OSM:classe,1,40,
-9.309629,-35.942680,60,OSM:classe,1,40,
-9.309613,-36.767910,60,OSM:classe,1,40,
-9.309580,-36.088385,60,OSM:classe,1,40,
-9.309528,-35.825289,100,OSM,0,,
-9.309518,-35.565437,60,OSM:classe,1,40,
-9.309454,-36.052021,60,OSM:classe,1,40,
-9.309447,-37.986102,60,OSM:classe,1,40,
-9.309432,-35.424296,60,OSM:classe,1,50,
-9.309397,-35.561958,60,OSM:classe,1,40,
-9.309379,-35.942223,60,OSM:classe,1,40,
-9.309331,-37.890728,60,OSM:classe,1,40,
-9.309269,-35.942093,60,OSM:classe,1,40,
-9.309261,-35.561572,60,OSM:classe,1,40,
-9.309232,-37.213675,60,OSM:classe,1,40,
-9.309208,-37.285345,60,OSM:classe,1,40,
-9.309131,-36.691037,60,OSM:classe,1,60,
-9.309041,-35.936810,60,OSM,0,,
-9.309031,-35.942975,60,OSM:classe,1,40,
-9.309000,-35.953605,60,OSM:classe,1,40,
-9.308946,-38.089449,60,OSM:classe,1,40,
-9.308913,-35.953697,60,OSM:classe,1,40,
-9.308903,-37.332822,100,OSM:classe,1,100,
-9.308903,-35.569642,100,OSM:classe,1,80,
-9.308895,-36.075104,60,OSM:classe,1,40,
-9.308877,-38.088814,60,OSM:classe,1,40,
-9.308872,-35.481399,60,OSM:classe,1,40,
-9.308870,-36.099146,60,OSM:classe,1,50,
-9.308818,-36.099050,80,OSM:classe,1,60,
-9.308789,-35.565634,60,OSM:classe,1,40,
-9.308707,-35.937245,60,OSM:classe,1,40,
-9.308634,-36.770035,60,OSM:classe,1,40,
-9.308564,-35.753087,60,OSM:classe,1,40,
-9.308556,-35.482375,60,OSM:classe,1,40,
-9.308539,-36.026565,60,OSM:classe,1,40,
-9.308513,-36.866836,60,OSM:classe,1,40,
-9.308470,-35.558872,60,OSM:classe,1,40,
-9.308469,-35.937583,60,OSM:classe,1,40,
-9.308449,-37.285254,60,OSM:classe,1,40,
-9.308402,-36.866541,60,OSM:classe,1,50,
-9.308389,-37.287150,60,OSM:classe,1,50,
-9.308324,-37.428636,60,OSM:classe,1,40,
-9.308224,-36.866524,60,OSM:classe,1,50,
-9.308121,-36.866441,60,OSM:classe,1,40,
-9.307871,-37.286592,60,OSM:classe,1,50,
-9.307863,-36.866279,60,OSM:classe,1,40,
-9.307863,-35.822511,100,OSM,0,,
-9.307818,-38.028918,60,OSM:classe,1,40,
-9.307811,-37.286685,60,OSM:classe,1,50,
-9.307720,-35.822667,100,OSM,0,,
-9.307680,-36.866128,60,OSM:classe,1,40,
-9.307664,-35.557423,60,OSM:classe,1,40,
-9.307657,-35.936633,60,OSM:classe,1,40,
-9.307537,-37.903513,80,OSM,0,,
-9.307497,-36.865979,60,OSM:classe,1,40,
-9.307490,-37.286308,60,OSM:classe,1,50,
-9.307430,-36.435227,60,OSM:classe,1,40,
-9.307404,-37.286401,60,OSM:classe,1,50,
-9.307360,-35.939703,60,OSM,0,,
-9.307325,-36.865838,60,OSM:classe,1,40,
-9.307321,-35.956771,60,OSM:classe,1,40,
-9.307314,-35.940956,60,OSM:classe,1,40,
-9.307308,-35.409426,60,OSM:classe,1,50,
-9.307230,-36.252723,60,OSM:classe,1,40,
-9.307222,-35.821950,100,OSM,0,,
-9.307156,-36.865699,60,OSM:classe,1,40,
-9.307141,-35.822132,100,OSM,0,,
-9.307043,-36.853066,60,OSM:classe,1,40,
-9.307030,-36.707309,60,OSM:classe,1,40,
-9.307025,-35.568422,60,OSM:classe,1,40,
-9.307022,-36.036750,60,OSM:classe,1,40,
-9.307013,-35.567126,60,OSM:classe,1,40,
-9.306999,-35.940539,40,OSM:classe,1,40,
-9.306981,-38.195499,110,OSM,0,,
-9.306978,-36.865555,60,OSM:classe,1,40,
-9.306907,-36.277855,80,OSM:classe,1,60,
-9.306899,-36.063457,60,OSM:classe,1,40,
-9.306853,-36.136384,60,OSM:classe,1,40,
-9.306824,-35.940895,60,OSM:classe,1,40,
-9.306805,-36.865414,60,OSM:classe,1,40,
-9.306787,-37.284872,60,OSM:classe,1,40,
-9.306747,-35.940589,60,OSM,0,,
-9.306736,-36.041017,60,OSM:classe,1,40,
-9.306725,-35.556081,60,OSM:classe,1,40,
-9.306718,-36.865232,60,OSM:classe,1,40,
-9.306660,-36.865298,60,OSM:classe,1,40,
-9.306640,-36.865217,60,OSM:classe,1,40,
-9.306612,-35.940897,40,OSM:classe,1,40,
-9.306605,-37.731851,60,OSM:classe,1,40,
-9.306599,-35.565267,60,OSM:classe,1,60,
-9.306595,-37.519220,60,OSM:classe,1,40,
-9.306566,-35.564560,60,OSM:classe,1,50,
-9.306557,-35.566342,100,OSM:classe,1,80,
-9.306506,-35.564573,40,OSM:classe,1,40,
-9.306484,-37.336663,100,OSM:classe,1,100,
-9.306408,-36.048803,60,OSM:classe,1,40,
-9.306382,-36.489546,60,OSM:classe,1,50,
-9.306374,-37.285431,60,OSM:classe,1,40,
-9.306339,-35.941779,60,OSM,0,,
-9.306329,-37.170599,60,OSM:classe,1,40,
-9.306266,-37.285679,60,OSM:classe,1,50,
-9.306265,-35.564928,60,OSM:classe,1,60,
-9.306210,-38.085213,60,OSM:classe,1,40,
-9.306174,-37.285536,60,OSM:classe,1,50,
-9.306109,-35.564851,60,OSM:classe,1,60,
-9.306069,-36.132410,60,OSM:classe,1,40,
-9.305938,-36.694244,60,OSM:classe,1,60,
-9.305902,-37.286066,60,OSM:classe,1,40,
-9.305876,-35.426381,60,OSM:classe,1,50,
-9.305846,-37.424833,60,OSM:classe,1,40,
-9.305798,-36.432393,60,OSM:classe,1,40,
-9.305774,-36.773490,60,OSM:classe,1,40,
-9.305742,-36.071972,60,OSM:classe,1,40,
-9.305716,-36.095782,80,OSM:classe,1,60,
-9.305608,-37.284818,60,OSM:classe,1,50,
-9.305590,-36.857379,60,OSM:classe,1,40,
-9.305553,-37.977258,80,OSM,0,,
-9.305537,-36.769470,60,OSM:classe,1,40,
-9.305527,-36.278610,80,OSM:classe,1,60,
-9.305513,-36.029887,60,OSM:classe,1,40,
-9.305469,-36.861809,60,OSM:classe,1,40,
-9.305442,-37.893017,60,OSM:classe,1,40,
-9.305434,-35.564657,60,OSM:classe,1,60,
-9.305412,-37.892867,60,OSM:classe,1,40,
-9.305246,-36.032574,60,OSM:classe,1,40,
-9.305202,-36.067607,60,OSM:classe,1,40,
-9.305149,-37.286642,40,OSM:classe,1,40,
-9.305122,-37.212081,60,OSM:classe,1,40,
-9.305069,-36.859089,60,OSM:classe,1,40,
-9.305051,-36.864090,60,OSM:classe,1,40,
-9.305035,-35.755686,60,OSM:classe,1,40,
-9.305001,-37.890869,80,OSM,0,,
-9.304974,-37.985861,60,OSM:classe,1,40,
-9.304861,-35.405607,60,OSM:classe,1,50,
-9.304811,-35.933243,60,OSM:classe,1,40,
-9.304794,-36.045123,60,OSM:classe,1,40,
-9.304784,-35.933165,60,OSM:classe,1,40,
-9.304771,-37.287190,60,OSM:classe,1,50,
-9.304749,-35.405449,60,OSM:classe,1,50,
-9.304718,-35.405183,40,OSM:classe,1,40,
-9.304603,-35.405234,60,OSM:classe,1,50,
-9.304472,-35.405048,60,OSM:classe,1,50,
-9.304406,-35.960215,60,OSM:classe,1,40,
-9.304315,-37.283496,60,OSM:classe,1,50,
-9.304295,-38.197099,110,OSM,0,,
-9.304295,-35.482202,60,OSM:classe,1,40,
-9.304221,-37.283400,60,OSM:classe,1,40,
-9.304184,-37.283292,60,OSM:classe,1,40,
-9.304132,-37.283332,60,OSM:classe,1,40,
-9.304112,-35.430107,60,OSM:classe,1,50,
-9.304065,-37.340504,100,OSM:classe,1,100,
-9.303983,-37.340633,100,OSM:classe,1,100,
-9.303957,-38.197310,80,OSM:classe,1,60,
-9.303918,-37.420773,60,OSM:classe,1,40,
-9.303913,-37.288632,60,OSM:classe,1,50,
-9.303866,-38.082809,60,OSM:classe,1,40,
-9.303847,-38.197039,40,OSM:classe,1,40,
-9.303821,-38.197402,80,OSM,0,,
-9.303760,-36.863137,60,OSM:classe,1,40,
-9.303759,-37.340987,100,OSM:classe,1,100,
-9.303695,-37.282505,60,OSM:classe,1,40,
-9.303658,-37.282526,60,OSM:classe,1,40,
-9.303641,-35.961149,60,OSM:classe,1,40,
-9.303609,-37.282430,60,OSM:classe,1,40,
-9.303539,-38.081699,60,OSM:classe,1,40,
-9.303407,-36.777361,60,OSM:classe,1,40,
-9.303405,-38.029536,60,OSM:classe,1,40,
-9.303372,-35.558340,60,OSM:classe,1,40,
-9.303365,-36.254821,60,OSM:classe,1,40,
-9.303296,-36.854902,60,OSM:classe,1,40,
-9.303280,-35.564440,60,OSM:classe,1,60,
-9.303000,-36.492510,60,OSM:classe,1,50,
-9.302968,-37.521877,60,OSM:classe,1,40,
-9.302950,-35.483040,60,OSM:classe,1,40,
-9.302934,-35.948605,80,OSM,0,,
-9.302856,-35.558806,60,OSM:classe,1,40,
-9.302842,-36.705765,60,OSM:classe,1,40,
-9.302832,-35.929924,60,OSM:classe,1,40,
-9.302819,-37.282749,60,OSM:classe,1,40,
-9.302744,-36.697452,60,OSM:classe,1,60,
-9.302708,-35.925476,60,OSM:classe,1,40,
-9.302552,-37.975587,80,OSM,0,,
-9.302547,-37.173020,60,OSM:classe,1,40,
-9.302544,-36.863938,60,OSM:classe,1,40,
-9.302493,-36.492899,80,OSM:classe,1,60,
-9.302464,-37.878226,80,OSM,0,,
-9.302379,-36.430879,60,OSM:classe,1,40,
-9.302260,-36.492995,80,OSM:classe,1,60,
-9.302183,-37.292799,60,OSM:classe,1,50,
-9.302166,-37.732333,60,OSM:classe,1,40,
-9.302011,-36.130541,60,OSM:classe,1,40,
-9.301970,-35.402298,60,OSM:classe,1,50,
-9.301839,-36.256435,60,OSM:classe,1,40,
-9.301834,-35.485842,60,OSM:classe,1,40,
-9.301686,-35.433729,60,OSM:classe,1,50,
-9.301662,-36.096411,80,OSM:classe,1,60,
-9.301524,-36.850714,60,OSM:classe,1,40,
-9.301361,-38.077713,60,OSM:classe,1,40,
-9.301340,-37.344828,100,OSM:classe,1,100,
-9.301338,-36.280231,60,OSM:classe,1,50,
-9.301329,-35.821107,100,OSM,0,,
-9.301322,-37.209716,60,OSM:classe,1,40,
-9.301206,-35.757403,60,OSM:classe,1,40,
-9.301132,-36.769617,60,OSM:classe,1,40,
-9.301114,-35.564554,60,OSM:classe,1,60,
-9.301097,-37.988097,60,OSM:classe,1,40,
-9.300948,-35.921371,60,OSM:classe,1,40,
-9.300930,-37.892987,60,OSM:classe,1,40,
-9.300780,-38.032041,60,OSM:classe,1,40,
-9.300719,-36.780727,60,OSM:classe,1,40,
-9.300577,-37.282414,60,OSM:classe,1,40,
-9.300432,-37.279205,60,OSM:classe,1,40,
-9.300328,-35.488380,60,OSM:classe,1,40,
-9.300322,-36.504995,60,OSM:classe,1,40,
-9.300275,-36.702598,60,OSM:classe,1,40,
-9.300209,-36.496314,80,OSM:classe,1,60,
-9.300201,-36.280552,60,OSM:classe,1,40,
-9.300189,-36.846368,60,OSM:classe,1,40,
-9.300049,-37.418565,60,OSM:classe,1,40,
-9.300000,-35.963465,60,OSM:classe,1,40,
-9.299953,-37.061536,60,OSM:classe,1,40,
-9.299928,-37.865582,80,OSM,0,,
-9.299898,-35.963472,60,OSM:classe,1,40,
-9.299697,-35.963451,60,OSM:classe,1,40,
-9.299670,-37.524928,60,OSM:classe,1,40,
-9.299644,-37.176500,60,OSM:classe,1,40,
-9.299543,-35.489418,60,OSM:classe,1,40,
-9.299534,-37.296476,60,OSM:classe,1,50,
-9.299528,-35.955430,80,OSM,0,,
-9.299518,-36.700617,60,OSM:classe,1,60,
-9.299502,-38.081713,60,OSM:classe,1,40,
-9.299400,-38.074048,60,OSM:classe,1,40,
-9.299340,-36.427756,60,OSM:classe,1,40,
-9.299323,-36.500589,60,OSM:classe,1,40,
-9.299236,-35.400941,60,OSM:classe,1,50,
-9.299215,-36.844135,60,OSM:classe,1,40,
-9.299210,-36.509229,60,OSM:classe,1,40,
-9.299178,-36.844037,60,OSM:classe,1,40,
-9.299060,-35.919108,60,OSM:classe,1,40,
-9.298938,-35.564683,60,OSM:classe,1,60,
-9.298920,-37.348669,100,OSM:classe,1,100,
-9.298874,-35.820944,100,OSM,0,,
-9.298874,-35.490313,60,OSM:classe,1,40,
-9.298689,-36.259557,60,OSM:classe,1,40,
-9.298640,-36.701158,60,OSM:classe,1,40,
-9.298592,-35.559208,60,OSM:classe,1,40,
-9.298570,-36.866024,60,OSM:classe,1,40,
-9.298551,-36.129009,60,OSM:classe,1,40,
-9.298550,-35.956594,80,OSM,0,,
-9.298398,-37.991582,60,OSM:classe,1,40,
-9.298272,-36.784501,60,OSM:classe,1,40,
-9.298226,-36.839593,60,OSM:classe,1,40,
-9.298180,-37.971978,80,OSM,0,,
-9.298086,-36.866999,60,OSM:classe,1,40,
-9.298030,-37.180728,60,OSM:classe,1,40,
-9.298004,-35.910995,60,OSM:classe,1,40,
-9.297769,-35.574733,80,OSM:classe,1,60,
-9.297704,-37.207024,60,OSM:classe,1,40,
-9.297670,-37.732351,60,OSM:classe,1,40,
-9.297623,-36.095373,80,OSM:classe,1,60,
-9.297620,-35.957549,60,OSM:classe,1,40,
-9.297557,-35.962105,60,OSM:classe,1,40,
-9.297553,-38.201437,80,OSM,0,,
-9.297549,-35.962679,60,OSM:classe,1,40,
-9.297532,-36.276926,60,OSM:classe,1,40,
-9.297524,-35.434221,60,OSM:classe,1,50,
-9.297417,-35.915261,60,OSM:classe,1,40,
-9.297415,-37.971739,80,OSM,0,,
-9.297391,-37.852938,80,OSM,0,,
-9.297362,-37.852801,80,OSM,0,,
-9.297356,-36.837719,60,OSM:classe,1,40,
-9.297267,-35.957532,80,OSM,0,,
-9.297226,-36.513160,60,OSM:classe,1,40,
-9.297222,-36.281960,60,OSM:classe,1,50,
-9.297186,-35.757032,60,OSM:classe,1,40,
-9.297132,-36.837329,60,OSM:classe,1,40,
-9.297070,-37.528639,60,OSM:classe,1,40,
-9.297028,-36.495583,80,OSM:classe,1,60,
-9.297011,-38.033989,60,OSM:classe,1,40,
-9.296893,-35.570753,80,OSM:classe,1,60,
-9.296826,-36.770929,60,OSM:classe,1,40,
-9.296746,-37.276691,60,OSM:classe,1,40,
-9.296728,-35.570379,60,OSM:classe,1,50,
-9.296700,-37.894433,60,OSM:classe,1,40,
-9.296651,-37.299973,60,OSM:classe,1,50,
-9.296650,-35.820017,40,OSM:classe,1,40,
-9.296646,-37.415695,60,OSM:classe,1,40,
-9.296643,-36.788714,60,OSM:classe,1,40,
-9.296537,-37.185026,60,OSM:classe,1,40,
-9.296511,-38.071746,60,OSM:classe,1,40,
-9.296502,-36.495638,80,OSM:classe,1,60,
-9.296501,-37.352509,100,OSM:classe,1,100,
-9.296349,-35.907049,60,OSM:classe,1,40,
-9.296324,-35.565256,60,OSM:classe,1,40,
-9.296269,-36.424479,60,OSM:classe,1,40,
-9.296223,-35.820320,40,OSM:classe,1,40,
-9.296099,-36.262786,60,OSM:classe,1,40,
-9.296023,-38.034079,60,OSM:classe,1,40,
-9.295979,-35.566859,60,OSM:classe,1,50,
-9.295922,-37.061387,60,OSM:classe,1,40,
-9.295895,-37.275965,60,OSM:classe,1,40,
-9.295891,-37.995158,60,OSM:classe,1,40,
-9.295873,-35.565334,60,OSM:classe,1,60,
-9.295837,-37.845277,80,OSM,0,,
-9.295826,-35.493464,60,OSM:classe,1,40,
-9.295820,-36.870791,60,OSM:classe,1,40,
-9.295792,-35.398966,20,OSM,0,,
-9.295746,-35.565739,60,OSM:classe,1,50,
-9.295746,-35.565656,40,OSM:classe,1,40,
-9.295701,-35.559220,60,OSM:classe,1,40,
-9.295673,-35.565373,60,OSM:classe,1,60,
-9.295637,-35.562846,60,OSM:classe,1,40,
-9.295596,-35.562469,60,OSM:classe,1,40,
-9.295484,-38.034409,60,OSM:classe,1,40,
-9.295422,-35.565421,60,OSM:classe,1,60,
-9.295401,-36.135977,60,OSM:classe,1,40,
-9.295389,-36.793064,60,OSM:classe,1,40,
-9.295386,-35.398631,60,OSM:classe,1,50,
-9.295382,-36.701741,60,OSM:classe,1,60,
-9.295201,-35.565466,100,OSM:classe,1,80,
-9.295158,-37.275243,60,OSM:classe,1,40,
-9.295137,-38.080617,60,OSM:classe,1,40,
-9.295084,-38.037233,60,OSM:classe,1,40,
-9.295070,-35.577041,80,OSM:classe,1,60,
-9.295055,-36.131596,60,OSM:classe,1,40,
-9.294970,-36.517013,60,OSM:classe,1,40,
-9.294901,-35.401018,20,OSM,0,,
-9.294820,-37.971448,80,OSM,0,,
-9.294773,-36.875198,60,OSM:classe,1,40,
-9.294758,-36.496086,80,OSM:classe,1,60,
-9.294743,-37.532539,60,OSM:classe,1,40,
-9.294652,-35.493209,60,OSM:classe,1,40,
-9.294620,-36.273464,60,OSM:classe,1,40,
-9.294540,-35.402594,20,OSM,0,,
-9.294414,-36.834480,60,OSM:classe,1,40,
-9.294327,-37.188936,60,OSM:classe,1,40,
-9.294316,-36.266906,60,OSM:classe,1,40,
-9.294311,-37.837753,80,OSM,0,,
-9.294275,-37.837579,80,OSM,0,,
-9.294247,-36.801728,60,OSM:classe,1,40,
-9.294196,-37.204317,60,OSM:classe,1,40,
-9.294190,-38.067873,60,OSM:classe,1,40,
-9.294081,-37.356350,100,OSM:classe,1,100,
-9.294044,-38.032369,60,OSM:classe,1,40,
-9.293842,-35.758835,60,OSM:classe,1,40,
-9.293823,-35.819485,100,OSM,0,,
-9.293747,-36.797200,60,OSM:classe,1,40,
-9.293737,-37.412247,60,OSM:classe,1,40,
-9.293718,-36.093619,80,OSM:classe,1,60,
-9.293616,-35.819683,100,OSM,0,,
-9.293547,-36.806084,60,OSM:classe,1,40,
-9.293533,-36.284565,60,OSM:classe,1,50,
-9.293456,-35.578781,80,OSM:classe,1,60,
-9.293416,-35.403846,20,OSM,0,,
-9.293350,-36.883218,60,OSM:classe,1,40,
-9.293265,-36.773331,60,OSM:classe,1,40,
-9.293212,-38.047116,60,OSM:classe,1,40,
-9.293190,-37.302842,60,OSM:classe,1,50,
-9.293175,-35.961780,60,OSM:classe,1,40,
-9.293174,-37.732330,60,OSM:classe,1,40,
-9.293084,-35.819432,60,OSM:classe,1,40,
-9.293079,-35.405088,20,OSM,0,,
-9.293046,-35.433817,60,OSM:classe,1,50,
-9.292897,-36.830338,60,OSM:classe,1,40,
-9.292863,-35.583251,80,OSM:classe,1,60,
-9.292856,-35.819297,100,OSM,0,,
-9.292836,-35.818965,100,OSM,0,,
-9.292781,-35.904311,60,OSM:classe,1,40,
-9.292739,-36.270868,60,OSM:classe,1,40,
-9.292631,-36.700304,100,OSM,0,,
-9.292615,-37.063744,60,OSM:classe,1,40,
-9.292573,-38.040883,60,OSM:classe,1,40,
-9.292442,-38.042643,60,OSM:classe,1,40,
-9.292407,-35.556908,60,OSM:classe,1,40,
-9.292393,-38.041446,60,OSM:classe,1,40,
-9.292384,-37.895500,60,OSM:classe,1,40,
-9.292349,-38.051546,60,OSM:classe,1,40,
-9.292223,-36.878932,60,OSM:classe,1,40,
-9.292206,-38.020845,60,OSM:classe,1,40,
-9.292203,-35.817983,100,OSM,0,,
-9.292202,-36.422925,60,OSM:classe,1,40,
-9.292158,-37.536264,60,OSM:classe,1,40,
-9.292130,-37.408071,60,OSM:classe,1,40,
-9.292086,-35.818180,100,OSM,0,,
-9.292073,-37.997564,60,OSM:classe,1,40,
-9.292042,-37.826503,80,OSM,0,,
-9.292024,-37.970161,80,OSM,0,,
-9.291904,-38.036802,60,OSM:classe,1,40,
-9.291868,-36.886741,60,OSM:classe,1,40,
-9.291833,-35.822259,60,OSM:classe,1,40,
-9.291824,-36.520189,60,OSM:classe,1,40,
-9.291793,-35.395958,60,OSM:classe,1,50,
-9.291756,-35.585596,80,OSM:classe,1,60,
-9.291662,-37.360190,100,OSM:classe,1,100,
-9.291630,-36.136876,60,OSM:classe,1,40,
-9.291500,-35.669216,60,OSM:classe,1,50,
-9.291154,-36.698854,100,OSM,0,,
-9.291148,-38.064551,60,OSM:classe,1,40,
-9.291022,-38.081651,60,OSM:classe,1,40,
-9.290922,-37.273965,60,OSM:classe,1,40,
-9.290914,-35.566751,100,OSM:classe,1,80,
-9.290907,-36.498423,80,OSM:classe,1,60,
-9.290888,-37.191246,60,OSM:classe,1,40,
-9.290884,-37.201549,60,OSM:classe,1,40,
-9.290706,-38.055776,60,OSM:classe,1,40,
-9.290680,-38.029432,60,OSM:classe,1,40,
-9.290658,-38.025090,60,OSM:classe,1,40,
-9.290578,-35.587721,80,OSM:classe,1,60,
-9.290527,-35.492306,60,OSM:classe,1,40,
-9.290435,-35.812807,100,OSM,0,,
-9.290409,-38.060292,60,OSM:classe,1,40,
-9.290406,-35.900818,60,OSM:classe,1,40,
-9.290377,-35.807451,100,OSM,0,,
-9.290368,-36.698500,100,OSM,0,,
-9.290289,-35.812900,100,OSM,0,,
-9.290207,-35.807790,100,OSM,0,,
-9.290106,-37.306079,60,OSM:classe,1,50,
-9.290057,-35.806533,100,OSM,0,,
-9.290003,-35.673506,60,OSM:classe,1,50,
-9.290002,-35.665573,60,OSM:classe,1,50,
-9.289988,-35.436386,60,OSM:classe,1,50,
-9.289964,-35.961162,80,OSM,0,,
-9.289959,-38.017149,60,OSM:classe,1,40,
-9.289928,-35.757931,60,OSM:classe,1,40,
-9.289920,-36.540388,60,OSM:classe,1,40,
-9.289891,-35.589976,60,OSM:classe,1,50,
-9.289810,-37.815427,80,OSM,0,,
-9.289795,-36.498744,80,OSM:classe,1,60,
-9.289749,-36.286994,60,OSM:classe,1,50,
-9.289720,-35.806374,100,OSM,0,,
-9.289676,-35.825252,60,OSM:classe,1,40,
-9.289532,-37.539963,60,OSM:classe,1,40,
-9.289469,-37.998433,60,OSM:classe,1,40,
-9.289419,-35.805760,100,OSM,0,,
-9.289311,-36.092716,80,OSM:classe,1,60,
-9.289243,-37.364031,100,OSM:classe,1,100,
-9.289240,-35.593743,60,OSM:classe,1,50,
-9.289195,-37.197414,60,OSM:classe,1,40,
-9.288979,-36.774708,60,OSM:classe,1,40,
-9.288971,-35.963132,60,OSM:classe,1,40,
-9.288964,-36.527262,60,OSM:classe,1,40,
-9.288940,-36.268611,60,OSM:classe,1,40,
-9.288917,-38.040117,60,OSM:classe,1,40,
-9.288744,-36.523178,60,OSM:classe,1,40,
-9.288677,-37.732310,60,OSM:classe,1,40,
-9.288676,-37.405225,60,OSM:classe,1,40,
-9.288644,-36.536027,60,OSM:classe,1,40,
-9.288526,-38.013903,60,OSM:classe,1,40,
-9.288392,-35.392998,60,OSM:classe,1,50,
-9.288370,-37.063278,60,OSM:classe,1,40,
-9.288290,-36.544430,60,OSM:classe,1,40,
-9.288242,-35.961751,60,OSM:classe,1,40,
-9.288241,-38.014308,60,OSM:classe,1,40,
-9.288183,-36.531717,60,OSM:classe,1,40,
-9.288157,-37.896922,60,OSM:classe,1,40,
-9.288149,-36.682364,60,OSM:classe,1,40,
-9.288115,-36.886675,60,OSM:classe,1,40,
-9.288100,-35.555680,60,OSM:classe,1,40,
-9.288036,-36.494622,80,OSM:classe,1,60,
-9.288008,-38.014422,60,OSM:classe,1,40,
-9.287983,-35.437133,60,OSM:classe,1,50,
-9.287901,-35.495896,60,OSM:classe,1,40,
-9.287797,-36.423038,60,OSM:classe,1,40,
-9.287746,-35.677340,60,OSM:classe,1,50,
-9.287742,-35.963681,60,OSM:classe,1,40,
-9.287720,-38.014343,60,OSM:classe,1,40,
-9.287710,-38.012024,60,OSM:classe,1,40,
-9.287676,-36.698353,100,OSM,0,,
-9.287648,-35.696141,60,OSM:classe,1,40,
-9.287632,-37.271243,60,OSM:classe,1,40,
-9.287614,-36.134866,60,OSM:classe,1,40,
-9.287577,-37.804351,80,OSM,0,,
-9.287479,-35.433764,60,OSM:classe,1,40,
-9.287473,-37.309773,60,OSM:classe,1,50,
-9.287389,-36.134791,60,OSM:classe,1,40,
-9.286986,-35.962139,80,OSM,0,,
-9.286871,-35.501392,60,OSM:classe,1,40,
-9.286865,-37.189237,60,OSM:classe,1,40,
-9.286857,-35.568716,100,OSM:classe,1,80,
-9.286823,-37.367872,100,OSM:classe,1,100,
-9.286799,-35.880362,60,OSM:classe,1,40,
-9.286793,-35.505093,60,OSM:classe,1,40,
-9.286778,-37.543565,60,OSM:classe,1,40,
-9.286777,-35.898311,60,OSM:classe,1,40,
-9.286765,-38.014689,60,OSM:classe,1,40,
-9.286738,-38.082994,60,OSM:classe,1,40,
-9.286730,-36.289630,60,OSM:classe,1,50,
-9.286493,-35.684613,60,OSM:classe,1,50,
-9.286447,-36.134397,60,OSM:classe,1,40,
-9.286444,-35.555418,60,OSM:classe,1,50,
-9.286375,-37.059194,60,OSM:classe,1,40,
-9.286301,-35.556311,60,OSM:classe,1,50,
-9.286286,-36.490478,80,OSM:classe,1,60,
-9.286229,-35.556482,60,OSM:classe,1,50,
-9.286225,-36.684849,60,OSM:classe,1,40,
-9.286195,-35.556554,60,OSM:classe,1,50,
-9.286189,-35.688703,60,OSM:classe,1,50,
-9.286150,-35.825916,60,OSM:classe,1,40,
-9.286116,-35.663630,60,OSM:classe,1,50,
-9.286111,-35.879519,60,OSM:classe,1,40,
-9.286105,-35.803196,100,OSM,0,,
-9.286102,-36.094627,80,OSM:classe,1,60,
-9.286060,-35.696132,60,OSM:classe,1,40,
-9.285988,-37.194286,60,OSM:classe,1,40,
-9.285932,-35.852383,60,OSM:classe,1,40,
-9.285912,-37.964855,40,OSM,0,,
-9.285903,-35.879333,60,OSM:classe,1,40,
-9.285844,-35.834680,60,OSM:classe,1,40,
-9.285839,-38.043432,60,OSM:classe,1,40,
-9.285820,-38.007910,60,OSM:classe,1,40,
-9.285791,-35.803245,100,OSM,0,,
-9.285777,-35.861059,60,OSM:classe,1,40,
-9.285742,-37.964709,40,OSM,0,,
-9.285732,-35.509033,60,OSM:classe,1,40,
-9.285697,-35.758478,60,OSM:classe,1,40,
-9.285697,-35.509326,60,OSM:classe,1,40,
-9.285653,-37.964632,40,OSM,0,,
-9.285647,-37.964773,60,OSM:classe,1,50,
-9.285642,-35.509398,60,OSM:classe,1,40,
-9.285640,-35.856808,60,OSM:classe,1,40,
-9.285591,-36.265875,60,OSM:classe,1,40,
-9.285582,-35.878629,60,OSM:classe,1,40,
-9.285551,-37.401978,60,OSM:classe,1,40,
-9.285551,-35.884516,60,OSM:classe,1,40,
-9.285547,-37.964726,60,OSM:classe,1,50,
-9.285483,-37.964486,40,OSM,0,,
-9.285421,-37.964833,60,OSM:classe,1,50,
-9.285369,-35.509754,60,OSM:classe,1,50,
-9.285345,-37.793275,80,OSM,0,,
-9.285319,-35.802878,100,OSM,0,,
-9.285313,-37.964341,80,OSM,0,,
-9.285299,-35.839127,60,OSM:classe,1,40,
-9.285246,-37.999876,60,OSM:classe,1,40,
-9.285239,-35.516846,80,OSM:classe,1,60,
-9.285220,-35.874139,60,OSM:classe,1,40,
-9.285170,-35.512386,60,OSM:classe,1,50,
-9.285126,-35.830264,60,OSM:classe,1,40,
-9.285029,-35.869646,60,OSM:classe,1,40,
-9.284988,-35.848064,60,OSM:classe,1,40,
-9.284966,-36.547389,60,OSM:classe,1,40,
-9.284931,-36.293591,60,OSM:classe,1,50,
-9.284840,-37.313466,60,OSM:classe,1,50,
-9.284836,-35.594514,60,OSM:classe,1,50,
-9.284759,-35.843547,60,OSM:classe,1,40,
-9.284744,-35.693302,60,OSM:classe,1,40,
-9.284695,-36.420823,60,OSM:classe,1,40,
-9.284665,-35.680517,60,OSM:classe,1,50,
-9.284652,-35.497087,60,OSM:classe,1,40,
-9.284596,-35.390556,60,OSM:classe,1,50,
-9.284555,-35.497540,60,OSM:classe,1,40,
-9.284538,-35.433506,60,OSM:classe,1,40,
-9.284525,-36.774896,60,OSM:classe,1,40,
-9.284508,-38.013891,60,OSM:classe,1,40,
-9.284490,-36.697351,100,OSM,0,,
-9.284411,-35.865362,60,OSM:classe,1,40,
-9.284404,-37.371712,100,OSM:classe,1,100,
-9.284383,-35.390466,80,OSM:classe,1,60,
-9.284282,-36.080501,80,OSM:classe,1,60,
-9.284261,-38.003676,60,OSM:classe,1,40,
-9.284233,-35.521249,80,OSM:classe,1,60,
-9.284229,-36.697288,60,OSM:classe,1,40,
-9.284180,-37.732289,60,OSM:classe,1,40,
-9.284148,-38.000637,60,OSM:classe,1,40,
-9.284132,-36.692851,60,OSM:classe,1,40,
-9.284065,-38.047433,60,OSM:classe,1,40,
-9.284064,-36.885094,60,OSM:classe,1,40,
-9.284027,-36.688427,60,OSM:classe,1,40,
-9.283969,-38.013322,60,OSM:classe,1,40,
-9.283938,-35.438552,60,OSM:classe,1,50,
-9.283909,-38.013280,60,OSM:classe,1,40,
-9.283841,-35.693533,60,OSM:classe,1,40,
-9.283779,-36.085028,80,OSM:classe,1,60,
-9.283774,-37.546910,60,OSM:classe,1,40,
-9.283773,-35.888611,60,OSM:classe,1,40,
-9.283747,-37.896582,60,OSM:classe,1,40,
-9.283706,-37.269131,60,OSM:classe,1,40,
-9.283691,-35.692465,60,OSM:classe,1,50,
-9.283659,-35.693343,60,OSM:classe,1,40,
-9.283646,-35.962431,80,OSM,0,,
-9.283559,-35.560077,60,OSM:classe,1,50,
-9.283543,-35.560177,60,OSM:classe,1,50,
-9.283472,-35.692986,60,OSM:classe,1,40,
-9.283402,-35.692809,60,OSM:classe,1,40,
-9.283287,-38.085825,60,OSM:classe,1,40,
-9.283276,-36.089556,80,OSM:classe,1,60,
-9.283232,-36.072246,80,OSM:classe,1,60,
-9.283035,-35.893069,60,OSM:classe,1,40,
-9.282983,-37.190941,60,OSM:classe,1,40,
-9.282976,-36.416698,60,OSM:classe,1,40,
-9.282912,-35.802590,100,OSM,0,,
-9.282876,-35.434003,60,OSM:classe,1,40,
-9.282867,-35.545670,60,OSM:classe,1,50,
-9.282857,-35.897152,60,OSM:classe,1,40,
-9.282777,-35.441903,60,OSM:classe,1,50,
-9.282708,-37.187576,60,OSM:classe,1,40,
-9.282708,-35.525404,80,OSM:classe,1,60,
-9.282663,-35.755690,60,OSM:classe,1,40,
-9.282662,-37.996369,60,OSM:classe,1,40,
-9.282621,-35.802740,100,OSM,0,,
-9.282604,-36.093976,80,OSM:classe,1,60,
-9.282597,-36.487951,80,OSM:classe,1,60,
-9.282583,-35.507452,60,OSM:classe,1,50,
-9.282544,-36.076508,80,OSM:classe,1,60,
-9.282496,-35.567880,100,OSM:classe,1,80,
-9.282483,-35.507401,60,OSM:classe,1,50,
-9.282468,-36.068031,80,OSM:classe,1,60,
-9.282380,-35.553615,60,OSM:classe,1,50,
-9.282370,-36.132572,60,OSM:classe,1,40,
-9.282298,-35.562756,60,OSM:classe,1,50,
-9.282265,-37.317189,60,OSM:classe,1,50,
-9.282217,-36.264069,60,OSM:classe,1,40,
-9.282154,-36.063959,80,OSM:classe,1,60,
-9.282135,-36.063704,60,OSM:classe,1,50,
-9.282122,-35.962817,80,OSM,0,,
-9.282101,-37.399055,60,OSM:classe,1,40,
-9.282085,-35.549971,60,OSM:classe,1,50,
-9.282023,-35.662114,60,OSM:classe,1,50,
-9.281991,-35.802265,100,OSM,0,,
-9.281984,-37.375553,100,OSM:classe,1,100,
-9.281884,-37.967566,60,OSM:classe,1,50,
-9.281797,-38.051313,60,OSM:classe,1,40,
-9.281745,-35.567673,100,OSM:classe,1,80,
-9.281646,-37.376088,100,OSM:classe,1,100,
-9.281644,-35.963044,60,OSM:classe,1,40,
-9.281641,-35.802225,100,OSM,0,,
-9.281575,-37.781920,80,OSM,0,,
-9.281509,-35.563196,40,OSM:classe,1,40,
-9.281413,-36.885041,60,OSM:classe,1,40,
-9.281378,-35.696268,60,OSM:classe,1,50,
-9.281355,-35.542004,60,OSM:classe,1,50,
-9.281348,-35.801482,100,OSM,0,,
-9.281342,-36.412637,60,OSM:classe,1,40,
-9.281288,-35.696545,80,OSM:classe,1,60,
-9.281129,-36.251858,60,OSM:classe,1,40,
-9.281109,-35.567454,60,OSM:classe,1,60,
-9.281095,-35.801452,100,OSM,0,,
-9.281006,-35.529519,80,OSM:classe,1,60,
-9.280977,-35.800243,100,OSM,0,,
-9.280903,-37.321531,60,OSM:classe,1,50,
-9.280882,-35.389072,60,OSM:classe,1,50,
-9.280867,-36.295540,60,OSM:classe,1,50,
-9.280770,-36.256399,60,OSM:classe,1,40,
-9.280682,-36.408591,60,OSM:classe,1,40,
-9.280559,-35.799889,100,OSM,0,,
-9.280552,-35.595125,60,OSM:classe,1,50,
-9.280534,-37.992435,60,OSM:classe,1,40,
-9.280492,-35.799492,100,OSM,0,,
-9.280415,-36.247411,60,OSM:classe,1,40,
-9.280411,-36.260941,60,OSM:classe,1,40,
-9.280336,-37.334419,60,OSM:classe,1,50,
-9.280330,-36.485284,80,OSM:classe,1,60,
-9.280273,-35.452867,80,OSM:classe,1,60,
-9.280265,-35.451182,60,OSM:classe,1,50,
-9.280249,-35.700308,60,OSM:classe,1,50,
-9.280248,-38.015348,60,OSM:classe,1,40,
-9.280206,-35.453057,80,OSM:classe,1,60,
-9.280185,-36.774113,60,OSM:classe,1,40,
-9.280166,-37.549629,60,OSM:classe,1,40,
-9.280163,-36.404253,60,OSM:classe,1,40,
-9.280081,-35.541016,60,OSM:classe,1,50,
-9.279945,-37.325983,60,OSM:classe,1,50,
-9.279827,-37.894475,60,OSM:classe,1,40,
-9.279739,-35.455031,80,OSM:classe,1,60,
-9.279705,-37.732447,60,OSM:classe,1,40,
-9.279616,-38.012374,60,OSM:classe,1,40,
-9.279557,-37.188005,60,OSM:classe,1,40,
-9.279521,-37.270604,60,OSM:classe,1,40,
-9.279296,-35.444673,60,OSM:classe,1,50,
-9.279218,-37.379923,100,OSM:classe,1,100,
-9.279191,-36.130284,60,OSM:classe,1,40,
-9.279148,-37.971176,60,OSM:classe,1,50,
-9.279081,-38.054944,60,OSM:classe,1,40,
-9.279050,-35.964833,80,OSM,0,,
-9.278918,-35.566510,60,OSM:classe,1,60,
-9.278884,-38.085798,60,OSM:classe,1,40,
-9.278764,-37.330150,60,OSM:classe,1,50,
-9.278738,-35.753824,60,OSM:classe,1,40,
-9.278687,-37.185679,60,OSM:classe,1,40,
-9.278641,-35.573615,60,OSM:classe,1,40,
-9.278621,-36.400052,60,OSM:classe,1,40,
-9.278602,-35.533094,80,OSM:classe,1,60,
-9.278480,-37.988389,60,OSM:classe,1,40,
-9.278408,-37.396484,60,OSM:classe,1,40,
-9.278407,-36.695912,100,OSM,0,,
-9.278402,-37.337757,60,OSM:classe,1,50,
-9.278382,-36.380085,60,OSM:classe,1,40,
-9.278354,-35.565551,100,OSM:classe,1,80,
-9.278336,-35.505639,60,OSM:classe,1,50,
-9.278133,-35.536696,80,OSM:classe,1,60,
-9.278114,-35.565008,60,OSM:classe,1,60,
-9.278019,-37.381839,100,OSM:classe,1,100,
-9.278007,-35.563721,80,OSM:classe,1,60,
-9.278004,-35.385687,60,OSM:classe,1,50,
-9.277976,-35.505486,80,OSM:classe,1,60,
-9.277962,-36.384568,60,OSM:classe,1,40,
-9.277912,-35.960567,60,OSM:classe,1,40,
-9.277817,-37.987158,60,OSM:classe,1,40,
-9.277772,-35.563791,80,OSM:classe,1,60,
-9.277763,-37.770505,80,OSM,0,,
-9.277696,-35.564191,100,OSM:classe,1,80,
-9.277679,-35.458806,60,OSM:classe,1,50,
-9.277678,-35.965384,80,OSM,0,,
-9.277655,-35.661060,60,OSM:classe,1,50,
-9.277654,-36.063598,60,OSM:classe,1,50,
-9.277636,-36.389097,60,OSM:classe,1,40,
-9.277627,-35.563710,80,OSM:classe,1,60,
-9.277527,-35.569736,60,OSM:classe,1,40,
-9.277427,-35.563885,100,OSM:classe,1,80,
-9.277426,-35.505194,80,OSM:classe,1,60,
-9.277404,-35.598300,60,OSM:classe,1,50,
-9.277349,-35.505153,80,OSM:classe,1,60,
-9.277081,-35.563625,100,OSM:classe,1,80,
-9.277059,-35.448195,60,OSM:classe,1,50,
-9.277030,-36.392243,60,OSM:classe,1,40,
-9.277017,-36.376291,60,OSM:classe,1,40,
-9.276984,-37.184480,60,OSM:classe,1,40,
-9.276908,-36.244838,60,OSM:classe,1,40,
-9.276887,-37.383634,80,OSM:classe,1,60,
-9.276847,-37.975075,60,OSM:classe,1,50,
-9.276832,-35.538048,80,OSM:classe,1,60,
-9.276800,-35.722333,60,OSM:classe,1,40,
-9.276792,-35.539644,80,OSM:classe,1,60,
-9.276698,-38.018048,60,OSM:classe,1,40,
-9.276624,-36.296847,60,OSM:classe,1,50,
-9.276558,-37.552349,60,OSM:classe,1,40,
-9.276553,-36.396093,60,OSM:classe,1,40,
-9.276467,-37.956793,80,OSM,0,,
-9.276366,-38.058575,60,OSM:classe,1,40,
-9.276358,-35.574647,60,OSM:classe,1,40,
-9.276342,-35.702510,60,OSM:classe,1,50,
-9.276293,-36.694689,100,OSM,0,,
-9.276259,-36.132347,60,OSM:classe,1,40,
-9.276114,-36.371937,60,OSM:classe,1,40,
-9.276087,-36.132271,60,OSM:classe,1,40,
-9.275861,-36.484840,80,OSM:classe,1,60,
-9.275855,-37.893793,60,OSM:classe,1,40,
-9.275826,-35.965542,80,OSM,0,,
-9.275679,-35.576961,60,OSM:classe,1,40,
-9.275596,-37.985181,60,OSM:classe,1,40,
-9.275592,-36.060704,60,OSM:classe,1,40,
-9.275581,-36.694603,100,OSM,0,,
-9.275530,-36.061049,60,OSM:classe,1,40,
-9.275483,-36.055925,60,OSM:classe,1,50,
-9.275364,-38.011085,60,OSM:classe,1,40,
-9.275348,-37.733570,60,OSM:classe,1,40,
-9.275332,-36.060233,60,OSM:classe,1,50,
-9.275324,-35.653336,60,OSM:classe,1,50,
-9.275253,-37.183281,60,OSM:classe,1,40,
-9.275168,-35.382160,60,OSM:classe,1,50,
-9.275163,-35.795026,100,OSM,0,,
-9.275127,-37.271394,60,OSM:classe,1,40,
-9.275097,-35.657864,60,OSM:classe,1,50,
-9.275014,-35.794428,100,OSM,0,,
-9.274984,-35.965387,80,OSM,0,,
-9.274744,-35.726142,60,OSM:classe,1,40,
-9.274603,-35.726246,60,OSM:classe,1,40,
-9.274597,-37.340185,60,OSM:classe,1,50,
-9.274570,-35.752414,60,OSM:classe,1,40,
-9.274528,-38.086868,60,OSM:classe,1,40,
-9.274525,-37.394186,60,OSM:classe,1,40,
-9.274465,-37.387473,80,OSM:classe,1,60,
-9.274463,-35.752378,60,OSM:classe,1,40,
-9.274349,-35.726445,40,OSM:classe,1,40,
-9.274323,-35.601313,60,OSM:classe,1,50,
-9.274317,-35.613787,60,OSM:classe,1,50,
-9.274145,-36.348411,60,OSM:classe,1,40,
-9.274081,-37.184206,60,OSM:classe,1,40,
-9.274040,-35.727081,60,OSM:classe,1,50,
-9.273961,-35.726696,60,OSM:classe,1,50,
-9.273951,-35.958528,60,OSM:classe,1,40,
-9.273950,-37.759089,80,OSM,0,,
-9.273883,-35.726455,60,OSM:classe,1,50,
-9.273848,-36.051879,60,OSM:classe,1,50,
-9.273832,-35.649276,60,OSM:classe,1,50,
-9.273753,-35.731084,60,OSM:classe,1,50,
-9.273730,-36.141244,60,OSM:classe,1,40,
-9.273722,-36.141975,60,OSM:classe,1,40,
-9.273687,-36.142101,60,OSM:classe,1,40,
-9.273681,-37.978311,60,OSM:classe,1,50,
-9.273673,-35.460189,60,OSM:classe,1,50,
-9.273655,-37.978338,60,OSM:classe,1,50,
-9.273653,-36.140520,60,OSM:classe,1,40,
-9.273565,-35.609499,60,OSM:classe,1,50,
-9.273562,-37.181576,60,OSM:classe,1,40,
-9.273495,-35.793073,40,OSM:classe,1,40,
-9.273459,-36.139927,60,OSM:classe,1,40,
-9.273458,-37.897464,60,OSM:classe,1,40,
-9.273436,-36.142199,60,OSM:classe,1,40,
-9.273424,-35.710063,60,OSM:classe,1,50,
-9.273361,-35.705508,60,OSM:classe,1,50,
-9.273359,-36.135594,60,OSM:classe,1,40,
-9.273276,-38.061866,60,OSM:classe,1,40,
-9.273215,-37.917347,60,OSM:classe,1,40,
-9.273152,-36.368697,60,OSM:classe,1,40,
-9.273033,-35.504843,80,OSM:classe,1,60,
-9.272969,-35.793088,40,OSM:classe,1,40,
-9.272951,-37.555069,60,OSM:classe,1,40,
-9.272880,-36.328394,60,OSM:classe,1,40,
-9.272874,-36.246139,60,OSM:classe,1,40,
-9.272870,-35.714545,60,OSM:classe,1,50,
-9.272705,-36.344116,60,OSM:classe,1,40,
-9.272699,-36.352377,60,OSM:classe,1,40,
-9.272682,-35.563874,100,OSM:classe,1,80,
-9.272518,-38.019689,60,OSM:classe,1,40,
-9.272495,-37.980010,60,OSM:classe,1,50,
-9.272452,-35.605087,60,OSM:classe,1,50,
-9.272347,-36.297915,60,OSM:classe,1,50,
-9.272320,-36.062738,60,OSM:classe,1,40,
-9.272194,-36.356900,60,OSM:classe,1,40,
-9.272174,-37.921721,60,OSM:classe,1,40,
-9.272108,-37.913162,60,OSM:classe,1,40,
-9.272043,-37.391311,80,OSM:classe,1,60,
-9.271878,-37.391588,80,OSM:classe,1,60,
-9.271850,-36.297919,60,OSM:classe,1,40,
-9.271847,-36.317877,60,OSM:classe,1,40,
-9.271845,-37.391646,60,OSM:classe,1,40,
-9.271794,-36.144946,60,OSM:classe,1,40,
-9.271760,-35.718960,60,OSM:classe,1,50,
-9.271753,-35.735050,60,OSM:classe,1,50,
-9.271752,-35.964047,80,OSM,0,,
-9.271692,-37.391496,40,OSM:classe,1,40,
-9.271677,-35.578630,60,OSM:classe,1,40,
-9.271668,-37.391878,80,OSM:classe,1,60,
-9.271640,-37.391319,60,OSM:classe,1,50,
-9.271633,-37.950779,80,OSM,0,,
-9.271630,-36.309817,60,OSM:classe,1,40,
-9.271551,-37.316549,60,OSM:classe,1,40,
-9.271506,-37.187845,60,OSM:classe,1,40,
-9.271442,-36.484035,80,OSM:classe,1,60,
-9.271437,-37.983448,60,OSM:classe,1,40,
-9.271435,-35.379993,60,OSM:classe,1,50,
-9.271426,-36.145504,60,OSM:classe,1,40,
-9.271381,-35.954979,60,OSM:classe,1,40,
-9.271377,-35.578667,60,OSM:classe,1,40,
-9.271225,-35.950870,60,OSM:classe,1,40,
-9.271220,-36.340163,60,OSM:classe,1,40,
-9.271190,-37.984370,60,OSM:classe,1,50,
-9.271127,-37.177768,60,OSM:classe,1,40,
-9.271043,-35.616821,60,OSM:classe,1,50,
-9.270997,-36.313926,60,OSM:classe,1,40,
-9.270990,-37.734694,60,OSM:classe,1,40,
-9.270990,-35.463722,60,OSM:classe,1,50,
-9.270983,-38.010340,60,OSM:classe,1,40,
-9.270980,-36.048825,60,OSM:classe,1,50,
-9.270941,-36.360844,60,OSM:classe,1,40,
-9.270811,-37.900897,60,OSM:classe,1,40,
-9.270791,-37.342613,60,OSM:classe,1,50,
-9.270749,-37.988850,60,OSM:classe,1,50,
-9.270728,-37.272180,60,OSM:classe,1,40,
-9.270680,-35.723438,60,OSM:classe,1,50,
-9.270662,-36.365045,60,OSM:classe,1,40,
-9.270650,-35.723375,60,OSM:classe,1,50,
-9.270640,-36.331908,60,OSM:classe,1,40,
-9.270619,-35.578778,60,OSM:classe,1,40,
-9.270342,-36.324924,60,OSM:classe,1,40,
-9.270338,-36.147028,60,OSM:classe,1,40,
-9.270329,-38.065275,60,OSM:classe,1,40,
-9.270329,-36.301887,60,OSM:classe,1,40,
-9.270299,-35.963801,80,OSM,0,,
-9.270287,-37.949801,80,OSM,0,,
-9.270260,-37.558535,60,OSM:classe,1,40,
-9.270137,-37.747674,80,OSM,0,,
-9.270122,-38.087708,60,OSM:classe,1,40,
-9.270080,-35.751419,60,OSM:classe,1,40,
-9.270069,-37.909344,60,OSM:classe,1,40,
-9.269995,-36.306253,60,OSM:classe,1,40,
-9.269908,-35.376081,60,OSM:classe,1,50,
-9.269866,-37.948585,80,OSM,0,,
-9.269767,-35.790163,100,OSM,0,,
-9.269731,-35.647406,60,OSM:classe,1,50,
-9.269536,-35.789364,100,OSM,0,,
-9.269522,-37.905075,60,OSM:classe,1,40,
-9.269444,-35.563691,100,OSM:classe,1,80,
-9.269305,-37.991812,60,OSM:classe,1,50,
-9.269247,-37.395717,80,OSM:classe,1,60,
-9.269194,-37.191744,60,OSM:classe,1,40,
-9.269019,-36.320877,60,OSM:classe,1,40,
-9.268943,-35.788744,100,OSM,0,,
-9.268916,-36.247617,60,OSM:classe,1,40,
-9.268802,-37.387902,60,OSM:classe,1,50,
-9.268780,-35.506240,80,OSM:classe,1,60,
-9.268740,-36.045330,60,OSM:classe,1,50,
-9.268695,-37.924161,60,OSM:classe,1,40,
-9.268619,-36.336568,60,OSM:classe,1,40,
-9.268570,-37.174033,60,OSM:classe,1,40,
-9.268482,-35.947467,60,OSM:classe,1,40,
-9.268463,-35.564803,100,OSM:classe,1,80,
-9.268452,-38.021264,60,OSM:classe,1,40,
-9.268355,-35.738034,60,OSM:classe,1,50,
-9.268348,-37.947103,80,OSM,0,,
-9.268076,-36.332188,60,OSM:classe,1,40,
-9.268073,-36.296791,60,OSM:classe,1,50,
-9.267946,-36.063792,60,OSM:classe,1,40,
-9.267880,-37.196018,60,OSM:classe,1,40,
-9.267786,-37.561227,60,OSM:classe,1,40,
-9.267544,-35.466336,60,OSM:classe,1,50,
-9.267528,-35.619664,60,OSM:classe,1,50,
-9.267328,-36.482355,80,OSM:classe,1,60,
-9.267236,-35.581613,60,OSM:classe,1,40,
-9.267135,-35.782854,100,OSM,0,,
-9.266986,-37.345041,60,OSM:classe,1,50,
-9.266908,-35.782927,100,OSM,0,,
-9.266831,-38.068007,60,OSM:classe,1,40,
-9.266826,-37.399556,80,OSM:classe,1,60,
-9.266815,-38.009213,60,OSM:classe,1,40,
-9.266632,-37.735817,60,OSM:classe,1,40,
-9.266628,-38.021693,60,OSM:classe,1,40,
-9.266619,-35.781961,100,OSM,0,,
-9.266607,-37.270633,60,OSM:classe,1,40,
-9.266573,-35.567375,100,OSM:classe,1,80,
-9.266549,-35.373131,60,OSM:classe,1,50,
-9.266371,-37.735846,40,OSM:classe,1,40,
-9.266367,-37.345420,60,OSM:classe,1,50,
-9.266352,-35.964311,80,OSM,0,,
-9.266324,-37.736259,60,OSM,0,,
-9.266319,-36.146556,60,OSM:classe,1,40,
-9.266315,-37.944237,80,OSM,0,,
-9.266248,-37.995153,60,OSM:classe,1,50,
-9.266224,-37.735968,60,OSM,0,,
-9.266201,-37.735903,60,OSM,0,,
-9.266193,-35.781870,100,OSM,0,,
-9.266158,-37.927266,60,OSM:classe,1,40,
-9.266158,-35.372850,60,OSM:classe,1,50,
-9.266077,-37.735545,60,OSM,0,,
-9.266047,-36.041716,60,OSM:classe,1,50,
-9.265968,-37.384374,60,OSM:classe,1,50,
-9.265950,-37.736049,40,OSM:classe,1,40,
-9.265945,-35.645040,60,OSM:classe,1,50,
-9.265931,-37.735112,60,OSM,0,,
-9.265927,-37.170347,60,OSM:classe,1,40,
-9.265879,-38.089018,60,OSM:classe,1,40,
-9.265748,-37.199856,60,OSM:classe,1,40,
-9.265746,-37.736079,60,OSM:classe,1,50,
-9.265595,-35.751757,60,OSM:classe,1,40,
-9.265484,-35.372425,60,OSM:classe,1,50,
-9.265479,-37.942269,80,OSM,0,,
-9.265466,-35.509243,80,OSM:classe,1,60,
-9.265339,-38.025451,60,OSM:classe,1,40,
-9.265301,-36.250262,60,OSM:classe,1,40,
-9.265218,-35.593088,60,OSM:classe,1,40,
-9.265204,-37.736234,60,OSM:classe,1,50,
-9.265121,-37.564897,60,OSM:classe,1,40,
-9.264978,-35.592367,60,OSM:classe,1,40,
-9.264967,-35.623111,60,OSM:classe,1,50,
-9.264957,-35.741019,60,OSM:classe,1,50,
-9.264754,-37.931543,60,OSM:classe,1,40,
-9.264640,-35.946449,60,OSM:classe,1,40,
-9.264623,-37.931780,60,OSM:classe,1,40,
-9.264607,-35.965250,80,OSM,0,,
-9.264405,-37.403396,80,OSM:classe,1,60,
-9.264394,-35.627630,60,OSM:classe,1,50,
-9.264289,-35.741664,60,OSM:classe,1,50,
-9.264205,-38.013387,60,OSM:classe,1,40,
-9.264125,-38.018566,60,OSM:classe,1,40,
-9.264112,-35.588739,60,OSM:classe,1,40,
-9.264054,-35.632168,60,OSM:classe,1,50,
-9.264029,-37.940701,80,OSM,0,,
-9.264025,-35.469038,60,OSM:classe,1,50,
-9.263896,-37.940563,60,OSM:classe,1,40,
-9.263889,-35.584343,60,OSM:classe,1,40,
-9.263881,-35.636721,60,OSM:classe,1,50,
-9.263787,-38.017922,60,OSM:classe,1,40,
-9.263784,-35.966079,80,OSM,0,,
-9.263708,-35.641274,60,OSM:classe,1,50,
-9.263690,-35.597336,60,OSM:classe,1,40,
-9.263672,-36.479855,80,OSM:classe,1,60,
-9.263646,-36.038000,60,OSM:classe,1,50,
-9.263611,-36.296715,60,OSM:classe,1,50,
-9.263588,-37.604645,60,OSM:classe,1,40,
-9.263571,-36.064845,60,OSM:classe,1,40,
-9.263510,-37.267356,60,OSM:classe,1,40,
-9.263347,-37.939881,40,OSM:classe,1,40,
-9.263249,-38.070706,60,OSM:classe,1,40,
-9.263207,-38.029348,60,OSM:classe,1,40,
-9.263197,-38.029399,60,OSM:classe,1,40,
-9.262973,-37.934620,60,OSM:classe,1,40,
-9.262918,-35.967398,80,OSM,0,,
-9.262907,-36.145398,60,OSM:classe,1,40,
-9.262889,-37.600145,60,OSM:classe,1,40,
-9.262770,-37.381189,60,OSM:classe,1,50,
-9.262607,-38.007762,60,OSM:classe,1,40,
-9.262593,-37.997692,60,OSM:classe,1,50,
-9.262499,-37.935233,60,OSM:classe,1,40,
-9.262489,-38.009365,60,OSM:classe,1,40,
-9.262398,-37.568515,60,OSM:classe,1,40,
-9.262370,-35.745538,60,OSM:classe,1,50,
-9.262367,-37.347433,60,OSM:classe,1,50,
-9.262212,-38.033693,60,OSM:classe,1,40,
-9.262189,-37.595644,60,OSM:classe,1,40,
-9.262149,-38.008941,60,OSM:classe,1,40,
-9.262120,-37.935637,60,OSM:classe,1,40,
-9.262080,-35.567196,100,OSM:classe,1,80,
-9.262075,-37.935572,60,OSM:classe,1,40,
-9.261984,-37.407235,80,OSM:classe,1,60,
-9.261931,-36.034275,60,OSM:classe,1,50,
-9.261918,-35.986262,80,OSM,0,,
-9.261855,-37.201983,60,OSM:classe,1,40,
-9.261843,-37.722745,80,OSM,0,,
-9.261830,-38.090928,60,OSM:classe,1,40,
-9.261735,-35.987357,80,OSM,0,,
-9.261729,-35.369928,60,OSM:classe,1,50,
-9.261658,-37.935827,60,OSM:classe,1,40,
-9.261490,-37.591144,60,OSM:classe,1,40,
-9.261469,-37.936841,60,OSM:classe,1,40,
-9.261465,-37.936696,60,OSM:classe,1,40,
-9.261444,-35.984782,80,OSM,0,,
-9.261396,-35.988011,80,OSM,0,,
-9.261352,-37.936279,60,OSM:classe,1,40,
-9.261333,-37.938206,60,OSM:classe,1,40,
-9.261326,-35.510885,80,OSM:classe,1,60,
-9.261319,-37.936005,60,OSM:classe,1,40,
-9.261314,-37.937471,60,OSM:classe,1,40,
-9.261313,-38.007019,60,OSM:classe,1,40,
-9.261305,-37.936108,60,OSM:classe,1,40,
-9.261282,-35.510888,80,OSM:classe,1,60,
-9.261278,-36.029786,60,OSM:classe,1,50,
-9.261211,-36.002047,60,OSM:classe,1,40,
-9.261129,-35.751370,60,OSM:classe,1,40,
-9.261086,-36.250268,60,OSM:classe,1,40,
-9.261081,-35.600979,60,OSM:classe,1,40,
-9.260876,-37.737470,60,OSM:classe,1,50,
-9.260801,-35.467894,60,OSM:classe,1,50,
-9.260790,-37.586643,60,OSM:classe,1,40,
-9.260781,-37.937563,60,OSM:classe,1,60,
-9.260664,-38.074398,60,OSM:classe,1,40,
-9.260640,-37.998699,60,OSM:classe,1,50,
-9.260462,-35.777316,100,OSM,0,,
-9.260406,-35.988872,80,OSM,0,,
-9.260374,-35.947458,60,OSM:classe,1,40,
-9.260298,-36.142862,60,OSM:classe,1,40,
-9.260031,-37.264638,60,OSM:classe,1,40,
-9.259983,-37.603556,60,OSM:classe,1,40,
-9.259820,-37.582254,60,OSM:classe,1,40,
-9.259700,-35.749022,60,OSM:classe,1,50,
-9.259563,-37.411074,80,OSM:classe,1,60,
-9.259550,-37.935340,60,OSM:classe,1,40,
-9.259527,-37.378037,60,OSM:classe,1,50,
-9.259452,-36.296003,60,OSM:classe,1,50,
-9.259420,-37.935230,60,OSM:classe,1,60,
-9.259275,-36.479801,80,OSM:classe,1,60,
-9.259196,-36.065899,60,OSM:classe,1,40,
-9.259194,-36.296094,60,OSM:classe,1,50,
-9.259101,-37.577757,60,OSM:classe,1,40,
-9.259060,-37.571428,60,OSM:classe,1,40,
-9.258959,-38.030412,60,OSM:classe,1,40,
-9.258843,-38.036680,60,OSM:classe,1,40,
-9.258710,-37.377184,60,OSM:classe,1,50,
-9.258694,-37.999692,60,OSM:classe,1,50,
-9.258523,-38.006222,60,OSM:classe,1,40,
-9.258382,-37.573259,60,OSM:classe,1,40,
-9.258266,-38.006224,60,OSM:classe,1,40,
-9.258225,-35.981740,80,OSM,0,,
-9.258168,-37.571919,60,OSM:classe,1,40,
-9.258071,-37.348778,60,OSM:classe,1,50,
-9.257994,-38.078017,60,OSM:classe,1,40,
-9.257961,-35.604260,60,OSM:classe,1,40,
-9.257859,-35.977659,80,OSM,0,,
-9.257832,-36.004078,60,OSM:classe,1,40,
-9.257754,-37.710378,80,OSM,0,,
-9.257754,-35.367972,60,OSM:classe,1,50,
-9.257725,-36.249432,60,OSM:classe,1,40,
-9.257648,-35.980622,80,OSM,0,,
-9.257596,-37.202549,60,OSM:classe,1,40,
-9.257593,-38.092303,60,OSM:classe,1,40,
-9.257591,-35.367922,60,OSM:classe,1,50,
-9.257587,-35.567017,100,OSM:classe,1,80,
-9.257549,-35.509120,80,OSM:classe,1,60,
-9.257441,-35.979302,80,OSM,0,,
-9.257377,-38.006559,60,OSM:classe,1,40,
-9.257341,-38.047919,60,OSM:classe,1,40,
-9.257326,-35.470238,60,OSM:classe,1,50,
-9.257293,-36.141767,60,OSM:classe,1,40,
-9.257248,-35.474494,60,OSM:classe,1,50,
-9.257142,-37.414913,80,OSM:classe,1,60,
-9.257118,-36.028110,60,OSM:classe,1,50,
-9.257072,-36.298651,60,OSM:classe,1,50,
-9.257007,-38.040734,60,OSM:classe,1,40,
-9.256982,-35.752471,60,OSM:classe,1,40,
-9.256980,-36.002148,60,OSM:classe,1,40,
-9.256936,-36.297743,60,OSM:classe,1,50,
-9.256892,-37.261386,60,OSM:classe,1,40,
-9.256867,-35.752532,60,OSM:classe,1,50,
-9.256663,-35.507115,80,OSM:classe,1,60,
-9.256554,-37.738725,60,OSM:classe,1,50,
-9.256539,-35.949618,60,OSM:classe,1,40,
-9.256499,-38.052104,60,OSM:classe,1,40,
-9.256460,-36.296439,60,OSM:classe,1,50,
-9.256450,-38.082162,60,OSM:classe,1,40,
-9.256426,-38.001465,60,OSM:classe,1,50,
-9.256425,-38.045209,60,OSM:classe,1,40,
-9.256351,-36.296481,60,OSM:classe,1,50,
-9.256234,-35.774319,100,OSM,0,,
-9.256227,-36.301068,60,OSM:classe,1,50,
-9.256056,-37.932207,60,OSM:classe,1,60,
-9.256054,-38.001957,40,OSM:classe,1,40,
-9.255975,-37.204585,60,OSM:classe,1,40,
-9.255941,-37.601890,60,OSM:classe,1,40,
-9.255935,-38.007078,60,OSM:classe,1,40,
-9.255892,-35.478559,60,OSM:classe,1,50,
-9.255734,-38.002352,40,OSM:classe,1,40,
-9.255447,-38.056446,60,OSM:classe,1,40,
-9.255403,-38.002663,60,OSM:classe,1,40,
-9.255383,-35.366788,60,OSM:classe,1,50,
-9.255244,-35.566924,100,OSM:classe,1,80,
-9.255177,-36.478019,80,OSM:classe,1,60,
-9.254921,-38.007511,60,OSM:classe,1,40,
-9.254898,-38.086411,60,OSM:classe,1,40,
-9.254860,-37.374831,60,OSM:classe,1,50,
-9.254841,-35.607541,60,OSM:classe,1,40,
-9.254822,-36.066953,60,OSM:classe,1,40,
-9.254752,-38.007565,60,OSM:classe,1,40,
-9.254721,-37.418753,80,OSM:classe,1,60,
-9.254666,-38.030332,60,OSM:classe,1,40,
-9.254574,-36.301285,60,OSM:classe,1,50,
-9.254316,-35.773118,40,OSM:classe,1,40,
-9.254305,-35.772670,100,OSM,0,,
-9.254215,-36.477002,80,OSM:classe,1,60,
-9.254210,-36.247019,60,OSM:classe,1,40,
-9.254210,-35.503427,80,OSM:classe,1,60,
-9.254208,-38.004123,60,OSM:classe,1,40,
-9.254144,-38.004321,60,OSM:classe,1,50,
-9.254090,-35.772962,100,OSM,0,,
-9.254086,-38.004267,60,OSM:classe,1,50,
-9.254027,-37.208683,60,OSM:classe,1,40,
-9.253900,-36.006165,60,OSM:classe,1,40,
-9.253896,-37.258004,60,OSM:classe,1,40,
-9.253843,-36.143254,60,OSM:classe,1,40,
-9.253775,-37.350124,60,OSM:classe,1,50,
-9.253758,-38.004838,40,OSM:classe,1,40,
-9.253671,-38.006022,60,OSM:classe,1,40,
-9.253666,-37.698010,80,OSM,0,,
-9.253627,-36.025533,60,OSM:classe,1,50,
-9.253572,-38.060241,60,OSM:classe,1,40,
-9.253559,-37.257624,60,OSM:classe,1,40,
-9.253558,-36.300561,60,OSM:classe,1,50,
-9.253166,-38.092078,60,OSM:classe,1,40,
-9.253112,-38.005447,60,OSM:classe,1,40,
-9.253031,-36.240837,60,OSM:classe,1,40,
-9.253021,-38.005794,40,OSM:classe,1,40,
-9.252951,-37.934219,60,OSM:classe,1,40,
-9.252885,-35.754648,60,OSM:classe,1,50,
-9.252820,-35.770543,100,OSM,0,,
-9.252712,-36.001802,60,OSM:classe,1,40,
-9.252656,-38.090310,60,OSM:classe,1,40,
-9.252577,-37.937561,60,OSM:classe,1,40,
-9.252554,-37.258916,60,OSM:classe,1,40,
-9.252477,-37.929896,60,OSM:classe,1,60,
-9.252421,-36.244024,60,OSM:classe,1,40,
-9.252421,-35.949943,60,OSM:classe,1,40,
-9.252359,-35.478197,60,OSM:classe,1,50,
-9.252328,-38.006473,60,OSM:classe,1,50,
-9.252322,-38.064481,60,OSM:classe,1,40,
-9.252300,-37.422592,80,OSM:classe,1,60,
-9.252280,-37.740142,60,OSM:classe,1,50,
-9.252217,-38.006661,60,OSM:classe,1,50,
-9.252041,-37.259345,60,OSM:classe,1,40,
-9.251998,-35.769902,100,OSM,0,,
-9.251988,-37.603361,60,OSM:classe,1,40,
-9.251959,-35.991270,80,OSM,0,,
-9.251944,-38.000561,60,OSM:classe,1,40,
-9.251915,-38.007023,60,OSM:classe,1,50,
-9.251885,-37.212649,60,OSM:classe,1,40,
-9.251809,-37.254023,60,OSM:classe,1,40,
-9.251720,-35.610821,60,OSM:classe,1,40,
-9.251645,-35.364274,60,OSM:classe,1,50,
-9.251583,-37.929332,60,OSM:classe,1,40,
-9.251476,-35.499879,80,OSM:classe,1,60,
-9.251349,-38.007690,60,OSM:classe,1,50,
-9.251241,-36.022022,60,OSM:classe,1,50,
-9.251010,-37.372478,60,OSM:classe,1,50,
-9.250960,-38.092373,60,OSM:classe,1,40,
-9.250840,-35.991810,80,OSM,0,,
-9.250755,-35.999802,60,OSM:classe,1,40,
-9.250753,-35.566690,100,OSM:classe,1,80,
-9.250602,-37.216937,60,OSM:classe,1,40,
-9.250475,-37.249809,60,OSM:classe,1,40,
-9.250473,-37.953265,60,OSM:classe,1,40,
-9.250389,-36.067251,60,OSM:classe,1,40,
-9.250381,-38.068586,60,OSM:classe,1,40,
-9.250323,-36.008484,60,OSM:classe,1,40,
-9.250253,-35.498369,80,OSM:classe,1,60,
-9.250252,-38.030740,60,OSM:classe,1,40,
-9.250199,-35.498324,60,OSM:classe,1,50,
-9.250145,-38.069261,60,OSM:classe,1,40,
-9.250101,-37.941290,60,OSM:classe,1,40,
-9.250055,-37.957679,60,OSM:classe,1,40,
-9.250027,-36.302723,60,OSM:classe,1,50,
-9.249968,-36.019461,60,OSM:classe,1,50,
-9.249952,-35.992708,80,OSM,0,,
-9.249899,-35.759498,100,OSM,0,,
-9.249879,-37.426431,80,OSM:classe,1,60,
-9.249838,-36.477350,60,OSM:classe,1,50,
-9.249805,-37.941552,60,OSM:classe,1,40,
-9.249798,-35.759331,100,OSM,0,,
-9.249776,-36.143374,60,OSM:classe,1,40,
-9.249768,-36.240096,60,OSM:classe,1,40,
-9.249730,-38.011903,60,OSM:classe,1,50,
-9.249728,-35.612916,60,OSM:classe,1,40,
-9.249670,-37.926572,60,OSM:classe,1,60,
-9.249646,-36.018727,60,OSM:classe,1,50,
-9.249617,-36.240039,60,OSM:classe,1,40,
-9.249605,-35.758253,100,OSM,0,,
-9.249577,-37.685643,80,OSM,0,,
-9.249568,-37.997523,60,OSM:classe,1,40,
-9.249527,-36.015979,60,OSM:classe,1,50,
-9.249445,-37.351231,60,OSM:classe,1,50,
-9.249443,-36.012002,60,OSM:classe,1,40,
-9.249436,-35.758189,100,OSM,0,,
-9.249380,-35.761279,100,OSM,0,,
-9.249322,-35.761740,100,OSM,0,,
-9.249318,-37.958743,60,OSM:classe,1,40,
-9.249279,-36.015988,60,OSM:classe,1,50,
-9.249258,-38.077458,60,OSM:classe,1,40,
-9.249076,-37.949110,60,OSM:classe,1,40,
-9.249062,-38.072907,60,OSM:classe,1,40,
-9.249049,-37.944727,60,OSM:classe,1,40,
-9.249016,-38.081989,60,OSM:classe,1,40,
-9.248952,-35.947306,60,OSM:classe,1,40,
-9.248931,-37.245627,60,OSM:classe,1,40,
-9.248911,-36.012191,60,OSM:classe,1,40,
-9.248902,-35.756764,60,OSM:classe,1,50,
-9.248888,-35.757497,100,OSM,0,,
-9.248850,-38.064969,60,OSM:classe,1,40,
-9.248814,-38.086524,60,OSM:classe,1,40,
-9.248694,-36.238904,60,OSM:classe,1,40,
-9.248689,-35.766399,100,OSM,0,,
-9.248665,-35.766171,100,OSM,0,,
-9.248636,-35.757303,100,OSM,0,,
-9.248624,-37.221028,60,OSM:classe,1,40,
-9.248512,-36.015016,60,OSM:classe,1,40,
-9.248511,-36.015660,60,OSM:classe,1,50,
-9.248464,-35.757306,100,OSM,0,,
-9.248432,-35.494513,60,OSM:classe,1,50,
-9.248430,-35.763044,100,OSM,0,,
-9.248342,-35.478190,60,OSM:classe,1,50,
-9.248332,-35.763626,100,OSM,0,,
-9.248316,-36.015599,60,OSM:classe,1,40,
-9.248287,-35.757049,100,OSM,0,,
-9.248223,-35.765109,100,OSM,0,,
-9.248193,-35.362206,60,OSM:classe,1,50,
-9.248174,-36.016202,60,OSM:classe,1,50,
-9.248162,-35.765339,100,OSM,0,,
-9.248141,-35.764242,100,OSM,0,,
-9.248056,-37.978847,60,OSM:classe,1,40,
-9.248047,-35.997789,80,OSM,0,,
-9.248007,-37.741559,60,OSM:classe,1,50,
-9.247989,-37.261321,60,OSM:classe,1,40,
-9.247828,-37.605027,60,OSM:classe,1,40,
-9.247725,-36.016020,60,OSM:classe,1,40,
-9.247722,-35.756821,100,OSM,0,,
-9.247696,-38.090932,60,OSM:classe,1,40,
-9.247689,-35.756917,100,OSM,0,,
-9.247486,-37.369709,60,OSM:classe,1,50,
-9.247459,-37.241360,60,OSM:classe,1,40,
-9.247458,-37.430270,80,OSM:classe,1,60,
-9.247450,-36.015301,60,OSM:classe,1,40,
-9.247388,-36.305420,60,OSM:classe,1,50,
-9.247301,-36.015169,60,OSM:classe,1,40,
-9.247271,-37.929988,60,OSM:classe,1,40,
-9.247216,-38.092584,60,OSM:classe,1,40,
-9.247179,-38.052093,60,OSM:classe,1,40,
-9.247144,-36.305967,80,OSM:classe,1,60,
-9.247113,-37.982477,60,OSM:classe,1,40,
-9.247074,-37.225279,60,OSM:classe,1,40,
-9.247062,-38.093523,60,OSM:classe,1,40,
-9.247057,-37.974880,60,OSM:classe,1,40,
-9.246987,-35.493346,60,OSM:classe,1,50,
-9.246885,-35.493257,60,OSM:classe,1,50,
-9.246883,-35.482004,60,OSM:classe,1,50,
-9.246799,-38.015301,60,OSM:classe,1,50,
-9.246774,-35.999219,60,OSM:classe,1,40,
-9.246721,-37.923309,60,OSM:classe,1,60,
-9.246678,-36.012720,60,OSM:classe,1,40,
-9.246674,-38.060990,60,OSM:classe,1,40,
-9.246440,-37.608712,60,OSM:classe,1,40,
-9.246370,-36.141614,60,OSM:classe,1,40,
-9.246288,-38.047883,60,OSM:classe,1,40,
-9.246263,-35.566457,100,OSM:classe,1,80,
-9.246195,-35.943824,60,OSM:classe,1,40,
-9.246193,-38.056504,60,OSM:classe,1,40,
-9.246174,-37.613256,60,OSM:classe,1,40,
-9.246129,-37.966840,60,OSM:classe,1,40,
-9.246050,-38.030927,60,OSM:classe,1,40,
-9.246034,-37.966704,60,OSM:classe,1,40,
-9.245986,-35.360735,60,OSM:classe,1,50,
-9.245967,-37.941619,60,OSM:classe,1,40,
-9.245954,-36.066543,60,OSM:classe,1,40,
-9.245931,-37.959598,60,OSM:classe,1,40,
-9.245863,-36.000147,80,OSM,0,,
-9.245802,-36.014571,60,OSM:classe,1,50,
-9.245764,-37.995730,60,OSM:classe,1,40,
-9.245762,-37.970832,60,OSM:classe,1,40,
-9.245712,-36.006347,80,OSM,0,,
-9.245566,-35.491975,60,OSM:classe,1,50,
-9.245507,-36.007412,80,OSM,0,,
-9.245489,-37.673276,80,OSM,0,,
-9.245486,-35.756805,100,OSM,0,,
-9.245480,-37.237349,60,OSM:classe,1,40,
-9.245468,-35.614043,60,OSM:classe,1,40,
-9.245448,-36.235828,60,OSM:classe,1,40,
-9.245440,-36.477833,60,OSM:classe,1,50,
-9.245349,-35.486274,60,OSM:classe,1,50,
-9.245317,-35.614055,60,OSM:classe,1,40,
-9.245189,-36.001634,80,OSM,0,,
-9.245116,-36.002992,80,OSM,0,,
-9.245044,-37.229294,60,OSM:classe,1,40,
-9.245037,-37.434110,80,OSM:classe,1,60,
-9.244975,-35.756786,100,OSM,0,,
-9.244949,-37.351166,60,OSM:classe,1,50,
-9.244887,-36.008612,80,OSM,0,,
-9.244698,-35.942525,60,OSM:classe,1,40,
-9.244673,-37.938841,60,OSM:classe,1,40,
-9.244472,-37.366340,60,OSM:classe,1,50,
-9.244472,-36.145400,60,OSM:classe,1,40,
-9.244263,-35.757397,100,OSM,0,,
-9.244080,-38.043920,60,OSM:classe,1,40,
-9.243995,-35.490391,60,OSM:classe,1,50,
-9.243938,-37.263298,60,OSM:classe,1,40,
-9.243910,-37.919893,60,OSM:classe,1,60,
-9.243865,-37.964066,60,OSM:classe,1,40,
-9.243822,-35.359389,60,OSM:classe,1,50,
-9.243733,-37.742976,60,OSM:classe,1,50,
-9.243689,-35.488821,60,OSM:classe,1,50,
-9.243582,-37.919249,60,OSM:classe,1,40,
-9.243532,-36.307976,80,OSM:classe,1,60,
-9.243415,-35.489241,60,OSM:classe,1,50,
-9.243265,-37.983984,60,OSM:classe,1,40,
-9.243213,-35.940306,60,OSM:classe,1,40,
-9.243158,-37.930410,60,OSM:classe,1,40,
-9.243117,-37.616597,60,OSM:classe,1,40,
-9.243043,-38.017743,60,OSM:classe,1,50,
-9.243034,-37.233698,60,OSM:classe,1,40,
-9.242979,-35.758401,100,OSM,0,,
-9.242947,-35.489961,60,OSM:classe,1,50,
-9.242717,-37.233123,60,OSM:classe,1,40,
-9.242616,-37.437949,80,OSM:classe,1,60,
-9.242370,-35.759280,100,OSM,0,,
-9.242365,-36.011102,80,OSM,0,,
-9.242305,-35.564387,100,OSM:classe,1,80,
-9.242121,-35.759532,100,OSM,0,,
-9.242116,-36.068721,60,OSM:classe,1,40,
-9.242113,-36.011345,60,OSM,0,,
-9.242101,-37.915801,60,OSM:classe,1,60,
-9.242051,-37.993428,60,OSM:classe,1,40,
-9.242035,-38.030558,60,OSM:classe,1,40,
-9.241960,-37.930963,60,OSM:classe,1,40,
-9.241953,-35.616994,60,OSM:classe,1,40,
-9.241941,-36.012477,60,OSM:classe,1,50,
-9.241745,-38.027371,60,OSM:classe,1,40,
-9.241714,-37.913416,100,OSM:classe,1,80,
-9.241714,-37.362753,60,OSM:classe,1,50,
-9.241682,-35.761965,100,OSM,0,,
-9.241597,-37.935781,60,OSM:classe,1,40,
-9.241581,-35.761898,100,OSM,0,,
-9.241551,-37.960318,60,OSM:classe,1,40,
-9.241513,-36.012340,60,OSM:classe,1,50,
-9.241502,-36.012429,60,OSM:classe,1,50,
-9.241453,-36.234514,60,OSM:classe,1,40,
-9.241453,-36.012072,50,OSM,0,,
-9.241426,-35.355664,60,OSM:classe,1,50,
-9.241401,-37.660909,80,OSM,0,,
-9.241383,-37.931194,60,OSM:classe,1,40,
-9.241345,-35.488902,60,OSM:classe,1,50,
-9.241300,-36.012317,50,OSM,0,,
-9.241293,-37.986912,60,OSM:classe,1,40,
-9.241213,-35.762786,100,OSM,0,,
-9.241212,-37.910350,100,OSM:classe,1,80,
-9.241178,-36.012654,60,OSM,0,,
-9.241171,-38.040597,60,OSM:classe,1,40,
-9.241131,-35.762698,100,OSM,0,,
-9.241108,-38.018654,60,OSM:classe,1,40,
-9.241045,-36.013680,60,OSM,0,,
-9.240956,-35.354235,60,OSM:classe,1,50,
-9.240927,-38.031820,60,OSM:classe,1,40,
-9.240925,-37.989422,60,OSM:classe,1,40,
-9.240911,-35.563774,100,OSM:classe,1,80,
-9.240888,-38.022948,60,OSM:classe,1,40,
-9.240820,-36.147254,60,OSM:classe,1,40,
-9.240733,-36.015494,80,OSM,0,,
-9.240616,-37.620300,60,OSM:classe,1,40,
-9.240567,-35.763253,100,OSM,0,,
-9.240567,-35.763116,100,OSM,0,,
-9.240469,-37.350984,60,OSM:classe,1,50,
-9.240391,-35.936887,60,OSM:classe,1,40,
-9.240344,-38.036310,60,OSM:classe,1,40,
-9.240314,-37.923635,60,OSM:classe,1,40,
-9.240232,-37.935440,60,OSM:classe,1,40,
-9.240196,-37.441788,80,OSM:classe,1,60,
-9.240191,-35.488447,60,OSM:classe,1,50,
-9.240179,-36.016487,80,OSM,0,,
-9.239959,-37.265327,60,OSM:classe,1,40,
-9.239722,-37.442539,100,OSM:classe,1,100,
-9.239707,-37.230694,60,OSM:classe,1,40,
-9.239621,-37.921238,60,OSM:classe,1,40,
-9.239596,-37.442740,100,OSM:classe,1,100,
-9.239483,-36.308931,80,OSM:classe,1,60,
-9.239460,-37.744393,60,OSM:classe,1,50,
-9.239264,-37.927648,60,OSM:classe,1,40,
-9.239237,-36.017273,80,OSM,0,,
-9.239194,-37.932259,60,OSM:classe,1,40,
-9.239192,-38.019998,60,OSM:classe,1,50,
-9.238911,-36.230869,60,OSM:classe,1,40,
-9.238885,-37.933582,60,OSM:classe,1,40,
-9.238880,-37.624503,60,OSM:classe,1,40,
-9.238868,-37.929117,60,OSM:classe,1,40,
-9.238816,-35.559743,100,OSM:classe,1,80,
-9.238730,-37.359345,60,OSM:classe,1,50,
-9.238714,-35.763719,100,OSM,0,,
-9.238636,-36.071599,60,OSM:classe,1,40,
-9.238627,-37.921952,60,OSM:classe,1,40,
-9.238509,-35.488098,60,OSM:classe,1,50,
-9.238462,-35.619761,60,OSM:classe,1,40,
-9.238432,-37.359005,60,OSM:classe,1,50,
-9.238419,-37.909952,100,OSM:classe,1,80,
-9.238321,-35.351988,60,OSM:classe,1,50,
-9.238187,-35.764186,100,OSM,0,,
-9.237928,-35.764210,100,OSM,0,,
-9.237648,-37.226730,60,OSM:classe,1,40,
-9.237595,-36.148439,60,OSM:classe,1,40,
-9.237312,-37.648541,80,OSM,0,,
-9.237277,-37.357621,60,OSM:classe,1,50,
-9.237174,-37.446578,100,OSM:classe,1,100,
-9.236890,-37.225767,60,OSM:classe,1,40,
-9.236771,-35.934343,60,OSM:classe,1,40,
-9.236740,-37.906532,100,OSM:classe,1,80,
-9.236732,-37.267779,60,OSM:classe,1,40,
-9.236720,-35.555713,100,OSM:classe,1,80,
-9.236615,-36.309308,80,OSM:classe,1,60,
-9.236450,-36.018466,60,OSM:classe,1,40,
-9.236428,-36.227120,60,OSM:classe,1,40,
-9.236382,-35.765913,100,OSM,0,,
-9.236253,-36.018568,80,OSM,0,,
-9.236220,-35.766777,100,OSM,0,,
-9.236200,-37.645362,60,OSM:classe,1,40,
-9.236146,-35.489499,60,OSM:classe,1,50,
-9.236135,-37.349770,60,OSM:classe,1,50,
-9.235941,-37.627889,60,OSM:classe,1,40,
-9.235919,-38.023108,60,OSM:classe,1,50,
-9.235493,-35.491957,60,OSM:classe,1,50,
-9.235486,-36.309778,60,OSM:classe,1,50,
-9.235402,-35.623081,60,OSM:classe,1,40,
-9.235229,-36.074573,60,OSM:classe,1,40,
-9.235168,-37.745747,60,OSM:classe,1,50,
-9.235007,-36.019516,80,OSM,0,,
-9.235002,-37.354420,60,OSM:classe,1,50,
-9.234955,-37.349382,60,OSM:classe,1,40,
-9.234894,-35.632455,60,OSM:classe,1,40,
-9.234839,-35.768510,40,OSM:classe,1,40,
-9.234753,-37.450417,100,OSM:classe,1,100,
-9.234729,-37.349483,40,OSM:classe,1,40,
-9.234659,-37.223356,60,OSM:classe,1,40,
-9.234492,-36.146129,60,OSM:classe,1,40,
-9.234458,-35.349911,60,OSM:classe,1,50,
-9.234252,-36.223342,60,OSM:classe,1,40,
-9.234149,-35.349876,60,OSM:classe,1,50,
-9.234115,-36.020699,80,OSM,0,,
-9.233897,-35.349863,60,OSM:classe,1,50,
-9.233818,-37.349693,60,OSM:classe,1,40,
-9.233789,-37.222495,60,OSM:classe,1,40,
-9.233753,-35.770951,100,OSM,0,,
-9.233527,-37.270039,60,OSM:classe,1,40,
-9.233499,-37.631702,60,OSM:classe,1,40,
-9.233306,-37.349049,60,OSM:classe,1,50,
-9.233224,-37.636174,80,OSM,0,,
-9.233170,-35.771219,100,OSM,0,,
-9.233159,-37.904076,100,OSM:classe,1,80,
-9.233134,-37.221369,60,OSM:classe,1,40,
-9.233114,-36.015762,60,OSM:classe,1,40,
-9.233016,-37.351659,60,OSM:classe,1,50,
-9.233016,-35.625650,60,OSM:classe,1,40,
-9.232926,-35.771710,100,OSM,0,,
-9.232883,-35.932054,60,OSM:classe,1,40,
-9.232826,-37.351192,60,OSM:classe,1,50,
-9.232802,-35.495558,60,OSM:classe,1,50,
-9.232756,-35.555426,100,OSM:classe,1,80,
-9.232344,-37.633638,60,OSM:classe,1,40,
-9.232343,-37.349977,60,OSM:classe,1,50,
-9.232331,-37.454256,100,OSM:classe,1,100,
-9.232167,-38.025126,60,OSM:classe,1,50,
-9.232126,-35.635027,60,OSM:classe,1,40,
-9.232109,-37.349387,60,OSM:classe,1,50,
-9.232045,-36.143372,60,OSM:classe,1,40,
-9.232041,-37.349317,60,OSM:classe,1,50,
-9.232024,-37.644109,60,OSM:classe,1,40,
-9.231940,-37.219748,60,OSM:classe,1,40,
-9.231885,-36.025114,80,OSM,0,,
-9.231823,-36.077546,60,OSM:classe,1,40,
-9.231679,-37.349608,40,OSM:classe,1,40,
-9.231477,-35.629492,60,OSM:classe,1,40,
-9.231443,-37.346130,60,OSM:classe,1,40,
-9.231437,-37.349660,40,OSM:classe,1,40,
-9.231364,-35.629394,60,OSM:classe,1,40,
-9.231141,-36.026000,80,OSM,0,,
-9.231113,-36.309052,60,OSM:classe,1,50,
-9.231103,-37.349712,60,OSM:classe,1,50,
-9.230925,-37.273518,60,OSM:classe,1,40,
-9.230857,-37.346332,60,OSM:classe,1,40,
-9.230814,-37.746886,60,OSM:classe,1,50,
-9.230729,-35.772876,100,OSM,0,,
-9.230687,-35.772710,100,OSM,0,,
-9.230671,-36.012276,60,OSM:classe,1,40,
-9.230341,-37.350354,60,OSM:classe,1,40,
-9.230287,-36.221574,60,OSM:classe,1,40,
-9.230144,-35.497156,60,OSM:classe,1,50,
-9.230040,-35.497213,60,OSM:classe,1,50,
-9.229942,-37.643723,60,OSM:classe,1,40,
-9.229933,-37.341839,60,OSM:classe,1,40,
-9.229910,-37.458094,100,OSM:classe,1,100,
-9.229828,-36.140361,60,OSM:classe,1,40,
-9.229695,-37.901171,100,OSM:classe,1,80,
-9.229654,-35.554487,100,OSM:classe,1,80,
-9.229647,-35.348570,60,OSM:classe,1,50,
-9.229456,-35.774625,100,OSM,0,,
-9.229455,-36.137293,60,OSM:classe,1,40,
-9.229442,-36.026854,80,OSM,0,,
-9.229181,-37.350152,60,OSM:classe,1,50,
-9.229135,-37.623807,80,OSM,0,,
-9.228976,-37.216506,60,OSM:classe,1,40,
-9.228830,-36.008364,60,OSM:classe,1,40,
-9.228794,-35.775197,100,OSM,0,,
-9.228779,-37.276504,60,OSM:classe,1,40,
-9.228693,-35.775054,100,OSM,0,,
-9.228658,-35.636430,60,OSM:classe,1,40,
-9.228504,-37.350751,60,OSM:classe,1,40,
-9.228416,-36.080520,60,OSM:classe,1,40,
-9.228341,-38.027088,60,OSM:classe,1,50,
-9.228221,-37.645560,60,OSM:classe,1,40,
-9.227816,-37.337870,60,OSM:classe,1,40,
-9.227687,-35.500510,60,OSM:classe,1,50,
-9.227563,-35.638287,60,OSM:classe,1,40,
-9.227489,-37.461933,100,OSM:classe,1,100,
-9.227438,-35.638849,60,OSM:classe,1,40,
-9.227250,-35.504965,60,OSM:classe,1,50,
-9.227135,-37.350635,60,OSM:classe,1,50,
-9.226857,-35.558054,100,OSM:classe,1,80,
-9.226843,-36.308363,60,OSM:classe,1,50,
-9.226602,-37.747990,60,OSM:classe,1,40,
-9.226579,-37.649723,60,OSM:classe,1,40,
-9.226520,-36.026975,80,OSM,0,,
-9.226460,-37.748026,60,OSM:classe,1,50,
-9.226401,-37.212783,60,OSM:classe,1,40,
-9.226394,-36.219531,60,OSM:classe,1,40,
-9.226320,-35.345678,60,OSM:classe,1,50,
-9.226230,-37.898556,100,OSM:classe,1,80,
-9.226194,-37.280151,60,OSM:classe,1,40,
-9.225750,-36.138398,60,OSM:classe,1,40,
-9.225588,-37.334123,60,OSM:classe,1,40,
-9.225574,-37.748302,60,OSM:classe,1,50,
-9.225401,-35.507536,60,OSM:classe,1,50,
-9.225347,-36.027314,80,OSM,0,,
-9.225067,-37.465772,100,OSM:classe,1,100,
-9.225047,-37.611440,80,OSM,0,,
-9.224821,-37.610753,80,OSM,0,,
-9.224780,-37.351220,60,OSM:classe,1,50,
-9.224754,-37.653869,60,OSM:classe,1,40,
-9.224737,-37.208678,60,OSM:classe,1,40,
-9.224730,-36.215810,60,OSM:classe,1,40,
-9.224717,-37.751080,60,OSM:classe,1,40,
-9.224582,-35.641661,60,OSM:classe,1,40,
-9.224512,-38.029306,60,OSM:classe,1,50,
-9.224468,-35.776200,100,OSM,0,,
-9.224446,-36.007433,60,OSM:classe,1,40,
-9.224412,-36.027929,80,OSM,0,,
-9.224366,-36.213596,60,OSM:classe,1,40,
-9.224304,-36.081702,60,OSM:classe,1,40,
-9.224162,-37.329811,60,OSM:classe,1,40,
-9.224120,-37.748350,60,OSM:classe,1,50,
-9.224044,-36.007299,60,OSM:classe,1,40,
-9.224028,-36.138482,60,OSM:classe,1,40,
-9.224015,-37.748322,60,OSM:classe,1,50,
-9.223956,-37.351416,60,OSM:classe,1,50,
-9.223883,-35.776433,100,OSM,0,,
-9.223861,-37.744618,60,OSM:classe,1,40,
-9.223674,-37.895218,100,OSM:classe,1,80,
-9.223628,-37.658274,60,OSM:classe,1,40,
-9.223487,-37.746252,60,OSM:classe,1,40,
-9.223424,-37.740274,60,OSM:classe,1,40,
-9.223368,-37.283632,60,OSM:classe,1,40,
-9.223274,-37.750222,60,OSM:classe,1,40,
-9.223236,-37.346920,60,OSM:classe,1,40,
-9.223202,-35.343057,60,OSM:classe,1,50,
-9.223178,-37.747048,60,OSM:classe,1,40,
-9.223038,-36.212067,60,OSM:classe,1,40,
-9.222924,-37.750071,60,OSM:classe,1,40,
-9.222781,-37.747957,60,OSM:classe,1,40,
-9.222738,-36.199805,60,OSM:classe,1,40,
-9.222698,-36.217055,60,OSM:classe,1,40,
-9.222646,-37.469610,100,OSM:classe,1,100,
-9.222629,-36.309650,60,OSM:classe,1,50,
-9.222568,-35.558396,100,OSM:classe,1,80,
-9.222515,-37.342423,60,OSM:classe,1,40,
-9.222506,-35.776025,100,OSM,0,,
-9.222464,-37.662518,60,OSM:classe,1,40,
-9.222419,-36.188323,60,OSM:classe,1,40,
-9.222417,-37.205056,60,OSM:classe,1,40,
-9.222416,-35.776194,100,OSM,0,,
-9.222340,-37.747803,60,OSM:classe,1,50,
-9.222296,-35.510663,60,OSM:classe,1,50,
-9.222257,-37.325701,60,OSM:classe,1,40,
-9.222232,-36.204071,60,OSM:classe,1,40,
-9.222095,-36.192627,60,OSM:classe,1,40,
-9.222063,-36.004662,60,OSM:classe,1,40,
-9.222013,-37.749698,60,OSM:classe,1,40,
-9.221990,-36.208224,60,OSM:classe,1,40,
-9.221957,-35.558518,100,OSM:classe,1,80,
-9.221890,-36.030474,80,OSM,0,,
-9.221888,-37.351560,80,OSM:classe,1,60,
-9.221794,-37.337927,60,OSM:classe,1,40,
-9.221504,-37.600609,80,OSM,0,,
-9.221500,-37.750965,60,OSM:classe,1,40,
-9.221344,-37.666922,60,OSM:classe,1,40,
-9.221073,-37.333430,60,OSM:classe,1,40,
-9.220944,-35.341997,60,OSM:classe,1,50,
-9.220896,-36.184243,60,OSM:classe,1,40,
-9.220851,-36.000403,60,OSM:classe,1,40,
-9.220850,-35.776229,100,OSM,0,,
-9.220722,-36.140752,60,OSM:classe,1,40,
-9.220551,-37.286917,60,OSM:classe,1,40,
-9.220500,-37.201048,60,OSM:classe,1,40,
-9.220352,-37.328934,60,OSM:classe,1,40,
-9.220331,-36.196384,60,OSM:classe,1,40,
-9.220253,-35.776387,100,OSM,0,,
-9.220233,-38.030531,60,OSM:classe,1,50,
-9.220225,-37.473449,100,OSM:classe,1,100,
-9.220186,-36.031485,80,OSM,0,,
-9.219827,-36.081271,60,OSM:classe,1,40,
-9.219819,-37.291395,60,OSM:classe,1,40,
-9.219752,-37.892991,100,OSM:classe,1,80,
-9.219750,-37.321985,60,OSM:classe,1,40,
-9.219631,-37.324437,60,OSM:classe,1,40,
-9.219394,-37.745956,60,OSM:classe,1,40,
-9.219331,-36.180476,60,OSM:classe,1,40,
-9.219200,-35.341733,60,OSM:classe,1,50,
-9.219179,-36.218508,60,OSM:classe,1,40,
-9.219125,-35.341648,60,OSM:classe,1,50,
-9.219101,-36.058019,60,OSM:classe,1,40,
-9.219099,-37.746809,60,OSM:classe,1,40,
-9.219063,-35.775988,40,OSM:classe,1,40,
-9.218911,-37.319940,60,OSM:classe,1,40,
-9.218637,-35.513281,60,OSM:classe,1,50,
-9.218537,-36.310531,60,OSM:classe,1,50,
-9.218439,-35.340784,60,OSM:classe,1,50,
-9.218424,-36.169603,60,OSM:classe,1,40,
-9.218253,-35.556123,100,OSM:classe,1,80,
-9.218190,-37.315444,60,OSM:classe,1,40,
-9.218186,-37.590465,80,OSM,0,,
-9.218184,-37.743187,60,OSM:classe,1,40,
-9.218039,-37.746472,60,OSM:classe,1,50,
-9.217880,-36.032004,80,OSM,0,,
-9.217803,-37.477288,100,OSM:classe,1,100,
-9.217774,-37.295385,60,OSM:classe,1,40,
-9.217763,-36.173724,60,OSM:classe,1,40,
-9.217684,-36.174144,60,OSM:classe,1,40,
-9.217602,-36.165454,60,OSM:classe,1,40,
-9.217573,-37.746332,60,OSM:classe,1,50,
-9.217469,-37.310947,60,OSM:classe,1,40,
-9.217446,-37.197815,60,OSM:classe,1,40,
-9.217402,-37.351871,80,OSM:classe,1,60,
-9.217352,-35.997676,60,OSM:classe,1,40,
-9.217326,-37.665607,60,OSM:classe,1,40,
-9.217311,-36.138444,60,OSM:classe,1,40,
-9.217272,-35.775148,100,OSM,0,,
-9.217253,-35.774830,100,OSM,0,,
-9.216934,-37.296788,60,OSM:classe,1,40,
-9.216893,-37.306725,60,OSM:classe,1,40,
-9.216785,-37.889647,100,OSM:classe,1,80,
-9.216364,-37.739021,60,OSM:classe,1,40,
-9.216238,-37.302398,60,OSM:classe,1,40,
-9.216135,-36.136479,60,OSM:classe,1,40,
-9.215935,-36.220277,60,OSM:classe,1,40,
-9.215899,-36.060043,60,OSM:classe,1,40,
-9.215872,-38.030326,60,OSM:classe,1,50,
-9.215802,-35.774800,40,OSM:classe,1,40,
-9.215726,-36.178327,60,OSM:classe,1,40,
-9.215611,-37.480762,100,OSM:classe,1,100,
-9.215601,-35.338463,60,OSM:classe,1,50,
-9.215566,-36.178047,60,OSM:classe,1,40,
-9.215554,-36.080472,60,OSM:classe,1,40,
-9.215544,-37.298055,60,OSM:classe,1,40,
-9.215398,-36.080486,60,OSM:classe,1,40,
-9.215397,-36.060165,60,OSM:classe,1,40,
-9.215325,-37.481215,100,OSM:classe,1,100,
-9.215282,-36.060197,60,OSM:classe,1,40,
-9.214869,-37.580320,80,OSM,0,,
-9.214819,-35.774932,100,OSM,0,,
-9.214811,-35.775084,100,OSM,0,,
-9.214802,-36.076078,60,OSM:classe,1,40,
-9.214791,-36.062984,60,OSM:classe,1,40,
-9.214787,-37.580064,80,OSM,0,,
-9.214779,-36.308233,60,OSM:classe,1,50,
-9.214626,-35.513496,60,OSM:classe,1,50,
-9.214575,-36.162196,60,OSM:classe,1,40,
-9.214554,-37.294147,60,OSM:classe,1,40,
-9.214544,-37.734856,60,OSM:classe,1,40,
-9.214534,-35.994313,60,OSM:classe,1,40,
-9.214531,-36.072017,60,OSM:classe,1,40,
-9.214323,-36.067467,60,OSM:classe,1,40,
-9.214166,-37.289681,60,OSM:classe,1,40,
-9.213951,-35.555417,100,OSM:classe,1,80,
-9.213700,-35.775260,100,OSM,0,,
-9.213595,-35.775156,100,OSM,0,,
-9.213520,-37.297811,60,OSM:classe,1,40,
-9.213511,-36.138348,60,OSM:classe,1,40,
-9.213454,-37.285183,60,OSM:classe,1,40,
-9.213452,-37.886589,100,OSM:classe,1,80,
-9.213402,-35.513972,60,OSM:classe,1,50,
-9.213236,-37.745513,60,OSM:classe,1,50,
-9.213007,-36.223206,60,OSM:classe,1,40,
-9.212978,-37.665277,60,OSM:classe,1,40,
-9.212922,-37.485066,100,OSM:classe,1,100,
-9.212916,-37.352181,80,OSM:classe,1,60,
-9.212741,-37.280685,60,OSM:classe,1,40,
-9.212723,-37.730690,60,OSM:classe,1,40,
-9.212723,-35.776031,100,OSM,0,,
-9.212653,-35.775940,100,OSM,0,,
-9.212645,-37.573395,110,OSM,0,,
-9.212028,-37.276188,60,OSM:classe,1,40,
-9.212005,-35.335728,60,OSM:classe,1,50,
-9.211869,-35.991250,60,OSM:classe,1,40,
-9.211461,-38.030847,60,OSM:classe,1,50,
-9.211397,-36.159080,60,OSM:classe,1,40,
-9.211315,-37.271690,60,OSM:classe,1,40,
-9.211305,-36.061827,60,OSM:classe,1,40,
-9.210995,-36.157879,60,OSM:classe,1,40,
-9.210969,-36.079700,60,OSM:classe,1,40,
-9.210903,-37.726525,60,OSM:classe,1,40,
-9.210859,-36.158235,60,OSM:classe,1,40,
-9.210603,-37.267192,60,OSM:classe,1,40,
-9.210529,-35.513983,60,OSM:classe,1,50,
-9.210521,-36.155704,60,OSM:classe,1,40,
-9.210519,-37.488916,100,OSM:classe,1,100,
-9.210502,-37.488943,100,OSM:classe,1,100,
-9.210429,-36.307078,60,OSM:classe,1,50,
-9.210425,-37.489069,100,OSM:classe,1,100,
-9.210257,-35.553095,100,OSM:classe,1,80,
-9.210120,-37.883531,100,OSM:classe,1,80,
-9.209967,-36.032354,80,OSM,0,,
-9.209890,-37.262694,60,OSM:classe,1,40,
-9.209865,-37.564898,80,OSM,0,,
-9.209832,-36.140969,60,OSM:classe,1,40,
-9.209556,-37.667105,60,OSM:classe,1,40,
-9.209177,-37.258196,60,OSM:classe,1,40,
-9.209155,-35.552852,100,OSM:classe,1,80,
-9.209057,-36.224081,60,OSM:classe,1,40,
-9.209036,-35.334972,60,OSM:classe,1,50,
-9.208951,-37.746854,60,OSM:classe,1,50,
-9.208917,-35.782291,100,OSM,0,,
-9.208877,-35.782019,100,OSM,0,,
-9.208855,-35.334930,60,OSM:classe,1,50,
-9.208782,-37.882303,60,OSM:classe,1,60,
-9.208516,-36.151627,60,OSM:classe,1,40,
-9.208487,-37.722748,60,OSM:classe,1,40,
-9.208464,-37.253699,60,OSM:classe,1,40,
-9.208429,-37.352492,80,OSM:classe,1,60,
-9.208286,-35.784547,100,OSM,0,,
-9.208094,-35.784622,100,OSM,0,,
-9.208082,-36.160624,60,OSM:classe,1,40,
-9.207980,-37.492892,100,OSM:classe,1,100,
-9.207745,-36.032317,80,OSM,0,,
-9.207710,-35.785393,100,OSM,0,,
-9.207466,-35.991457,60,OSM:classe,1,40,
-9.207280,-35.785511,100,OSM,0,,
-9.207255,-36.060048,60,OSM:classe,1,40,
-9.207121,-36.304631,60,OSM:classe,1,50,
-9.207098,-37.249432,60,OSM:classe,1,40,
-9.207084,-37.556402,80,OSM,0,,
-9.207016,-36.147368,60,OSM:classe,1,40,
-9.206990,-38.031300,60,OSM:classe,1,50,
-9.206979,-35.991592,60,OSM:classe,1,40,
-9.206887,-37.555798,80,OSM,0,,
-9.206783,-37.750662,60,OSM:classe,1,50,
-9.206539,-36.078915,60,OSM:classe,1,40,
-9.206369,-36.078886,60,OSM:classe,1,40,
-9.206211,-35.514721,60,OSM:classe,1,50,
-9.206154,-36.143589,60,OSM:classe,1,40,
-9.205949,-36.031690,80,OSM,0,,
-9.205917,-36.221247,60,OSM:classe,1,40,
-9.205678,-36.302760,60,OSM:classe,1,40,
-9.205606,-37.754986,60,OSM:classe,1,50,
-9.205534,-37.496714,100,OSM:classe,1,100,
-9.205502,-37.245174,60,OSM:classe,1,40,
-9.205454,-37.668851,60,OSM:classe,1,40,
-9.205273,-37.719562,60,OSM:classe,1,40,
-9.205212,-36.078687,60,OSM:classe,1,40,
-9.204983,-35.552762,100,OSM:classe,1,80,
-9.204911,-36.031628,80,OSM,0,,
-9.204749,-37.880289,60,OSM:classe,1,60,
-9.204706,-35.333268,60,OSM:classe,1,50,
-9.204628,-36.292853,60,OSM:classe,1,40,
-9.204236,-35.995038,60,OSM:classe,1,40,
-9.204018,-36.299584,60,OSM:classe,1,40,
-9.203943,-37.352803,80,OSM:classe,1,60,
-9.203905,-37.240915,60,OSM:classe,1,40,
-9.203821,-36.161582,60,OSM:classe,1,40,
-9.203679,-36.302308,60,OSM:classe,1,50,
-9.203612,-37.545720,80,OSM,0,,
-9.203494,-36.296207,60,OSM:classe,1,40,
-9.203126,-37.672447,60,OSM:classe,1,40,
-9.203088,-37.500537,100,OSM:classe,1,100,
-9.203081,-35.787173,100,OSM,0,,
-9.203022,-36.058528,60,OSM:classe,1,40,
-9.202988,-36.141359,60,OSM:classe,1,40,
-9.202980,-35.787390,100,OSM,0,,
-9.202918,-38.033216,60,OSM:classe,1,50,
-9.202794,-35.517500,60,OSM:classe,1,50,
-9.202746,-37.715818,60,OSM:classe,1,40,
-9.202044,-37.757629,60,OSM:classe,1,50,
-9.201944,-36.219799,60,OSM:classe,1,40,
-9.201763,-35.551221,100,OSM:classe,1,80,
-9.201717,-36.289998,60,OSM:classe,1,40,
-9.201571,-36.032681,80,OSM,0,,
-9.201542,-35.332240,60,OSM:classe,1,50,
-9.201463,-35.788465,100,OSM,0,,
-9.201408,-35.788754,100,OSM,0,,
-9.201296,-35.331775,80,OSM:classe,1,60,
-9.201086,-36.289485,60,OSM:classe,1,40,
-9.200902,-35.330939,60,OSM:classe,1,50,
-9.200779,-36.077927,60,OSM:classe,1,40,
-9.200716,-37.878275,60,OSM:classe,1,60,
-9.200692,-37.676266,60,OSM:classe,1,40,
-9.200643,-37.504359,100,OSM:classe,1,100,
-9.200555,-35.788801,100,OSM,0,,
-9.200504,-35.521351,80,OSM:classe,1,60,
-9.200483,-36.032438,80,OSM,0,,
-9.200436,-37.711909,60,OSM:classe,1,40,
-9.200336,-37.535642,80,OSM,0,,
-9.200160,-36.163035,60,OSM:classe,1,40,
-9.200003,-35.995724,60,OSM:classe,1,40,
-9.199975,-35.789026,100,OSM,0,,
-9.199896,-36.300109,60,OSM:classe,1,50,
-9.199765,-36.160705,60,OSM:classe,1,40,
-9.199662,-35.788809,100,OSM,0,,
-9.199646,-37.505917,100,OSM:classe,1,100,
-9.199555,-37.506037,80,OSM:classe,1,60,
-9.199457,-37.353114,80,OSM:classe,1,60,
-9.199341,-36.281951,60,OSM:classe,1,40,
-9.199296,-36.138759,60,OSM:classe,1,40,
-9.199112,-36.285840,60,OSM:classe,1,40,
-9.198926,-36.278411,60,OSM:classe,1,40,
-9.198926,-35.535094,80,OSM:classe,1,60,
-9.198854,-36.057515,60,OSM:classe,1,40,
-9.198745,-35.788527,100,OSM,0,,
-9.198715,-38.034826,60,OSM:classe,1,50,
-9.198624,-35.327065,60,OSM:classe,1,50,
-9.198327,-36.156389,60,OSM:classe,1,40,
-9.198127,-37.708000,60,OSM:classe,1,40,
-9.198021,-35.522875,80,OSM:classe,1,60,
-9.198020,-35.788447,100,OSM,0,,
-9.197804,-36.031195,80,OSM,0,,
-9.197733,-36.220325,60,OSM:classe,1,40,
-9.197691,-35.318410,30,OSM,0,,
-9.197688,-37.757747,60,OSM:classe,1,50,
-9.197663,-35.551953,100,OSM:classe,1,80,
-9.197573,-35.325752,60,OSM:classe,1,50,
-9.197191,-37.679097,60,OSM:classe,1,40,
-9.197122,-35.530921,80,OSM:classe,1,60,
-9.197060,-37.525563,80,OSM,0,,
-9.196986,-35.538741,80,OSM:classe,1,60,
-9.196924,-37.509731,80,OSM:classe,1,60,
-9.196814,-36.152139,60,OSM:classe,1,40,
-9.196683,-37.876261,60,OSM:classe,1,60,
-9.196572,-36.031076,80,OSM,0,,
-9.196565,-36.274581,60,OSM:classe,1,40,
-9.196345,-36.077166,60,OSM:classe,1,40,
-9.196130,-35.787377,100,OSM,0,,
-9.196102,-35.526598,80,OSM:classe,1,60,
-9.196084,-35.787199,100,OSM,0,,
-9.196060,-35.997259,60,OSM:classe,1,40,
-9.196042,-35.324511,60,OSM:classe,1,50,
-9.195818,-37.704092,60,OSM:classe,1,40,
-9.195785,-36.099199,60,OSM:classe,1,40,
-9.195698,-36.136032,60,OSM:classe,1,40,
-9.195624,-36.031367,80,OSM,0,,
-9.195499,-36.300003,60,OSM:classe,1,50,
-9.195344,-36.159325,60,OSM:classe,1,40,
-9.195249,-36.103472,60,OSM:classe,1,40,
-9.195248,-36.270241,60,OSM:classe,1,40,
-9.194971,-37.353425,80,OSM:classe,1,60,
-9.194845,-35.322599,30,OSM,0,,
-9.194705,-36.032142,80,OSM,0,,
-9.194597,-36.058982,60,OSM:classe,1,40,
-9.194481,-38.036360,60,OSM:classe,1,50,
-9.194293,-37.513425,80,OSM:classe,1,60,
-9.194224,-36.221613,60,OSM:classe,1,40,
-9.194174,-35.787222,100,OSM,0,,
-9.194157,-36.149084,60,OSM:classe,1,40,
-9.194021,-37.513807,80,OSM:classe,1,60,
-9.193893,-37.514522,80,OSM:classe,1,60,
-9.193873,-36.095076,60,OSM:classe,1,40,
-9.193871,-37.514946,40,OSM,0,,
-9.193785,-37.515485,40,OSM,0,,
-9.193715,-37.514137,40,OSM,0,,
-9.193699,-37.756231,60,OSM:classe,1,50,
-9.193627,-35.553883,100,OSM:classe,1,80,
-9.193531,-36.107681,60,OSM:classe,1,40,
-9.193509,-37.700183,60,OSM:classe,1,40,
-9.193480,-37.513980,40,OSM,0,,
-9.193462,-36.035103,80,OSM,0,,
-9.193458,-37.515136,40,OSM,0,,
-9.193436,-37.515113,40,OSM,0,,
-9.193402,-37.513977,40,OSM,0,,
-9.193384,-37.681168,60,OSM:classe,1,40,
-9.193146,-37.514719,60,OSM:classe,1,60,
-9.193115,-37.514120,40,OSM,0,,
-9.193102,-36.132594,60,OSM:classe,1,40,
-9.193099,-37.514580,40,OSM,0,,
-9.193094,-37.513334,80,OSM,0,,
-9.193057,-36.144753,60,OSM:classe,1,40,
-9.193044,-36.266342,60,OSM:classe,1,40,
-9.192961,-35.321270,60,OSM:classe,1,50,
-9.192945,-37.515377,60,OSM:classe,1,60,
-9.192650,-37.874246,60,OSM:classe,1,60,
-9.192567,-35.538580,80,OSM:classe,1,60,
-9.192503,-36.112087,60,OSM:classe,1,40,
-9.192450,-37.353598,60,OSM:classe,1,50,
-9.192413,-35.320659,60,OSM:classe,1,50,
-9.192347,-35.787304,100,OSM,0,,
-9.192333,-36.036231,80,OSM,0,,
-9.192325,-35.787149,100,OSM,0,,
-9.192205,-36.140441,60,OSM:classe,1,40,
-9.192071,-36.128259,60,OSM:classe,1,40,
-9.191960,-36.090954,60,OSM:classe,1,40,
-9.191912,-36.076406,60,OSM:classe,1,40,
-9.191860,-35.997902,60,OSM:classe,1,40,
-9.191808,-36.116587,60,OSM:classe,1,40,
-9.191681,-36.298055,60,OSM:classe,1,50,
-9.191476,-36.136052,60,OSM:classe,1,40,
-9.191251,-37.508492,60,OSM:classe,1,40,
-9.191139,-37.696325,60,OSM:classe,1,40,
-9.191114,-36.121088,60,OSM:classe,1,40,
-9.191102,-35.997792,60,OSM:classe,1,40,
-9.191037,-36.160207,60,OSM:classe,1,40,
-9.190653,-36.124075,60,OSM:classe,1,40,
-9.190466,-36.036885,80,OSM,0,,
-9.190431,-36.124513,60,OSM:classe,1,40,
-9.190291,-36.133958,60,OSM:classe,1,40,
-9.190247,-38.037895,60,OSM:classe,1,50,
-9.190223,-36.059347,60,OSM:classe,1,40,
-9.190123,-36.263422,60,OSM:classe,1,40,
-9.190047,-36.086831,60,OSM:classe,1,40,
-9.189945,-36.220937,60,OSM:classe,1,40,
-9.189921,-35.316936,60,OSM:classe,1,50,
-9.189895,-37.518683,60,OSM:classe,1,60,
-9.189800,-36.132518,60,OSM:classe,1,40,
-9.189777,-37.508367,60,OSM:classe,1,40,
-9.189559,-36.129419,60,OSM:classe,1,40,
-9.189490,-36.130411,60,OSM:classe,1,40,
-9.189489,-36.128845,60,OSM:classe,1,40,
-9.189442,-37.502116,80,OSM,0,,
-9.189371,-37.757190,60,OSM:classe,1,50,
-9.189364,-35.555332,100,OSM:classe,1,80,
-9.189169,-37.681717,60,OSM:classe,1,40,
-9.189115,-35.314760,60,OSM:classe,1,50,
-9.188973,-35.540945,80,OSM:classe,1,60,
-9.188821,-36.082685,60,OSM:classe,1,40,
-9.188617,-37.872232,60,OSM:classe,1,60,
-9.188542,-36.260254,60,OSM:classe,1,40,
-9.188347,-36.078313,60,OSM:classe,1,40,
-9.187963,-37.353905,60,OSM:classe,1,50,
-9.187811,-36.161218,60,OSM:classe,1,40,
-9.187767,-37.693313,60,OSM:classe,1,40,
-9.187766,-36.074923,60,OSM:classe,1,40,
-9.187629,-35.996801,60,OSM:classe,1,40,
-9.187596,-36.073907,60,OSM:classe,1,40,
-9.187524,-36.036526,60,OSM,0,,
-9.187217,-36.298257,60,OSM:classe,1,50,
-9.186823,-35.556841,100,OSM:classe,1,80,
-9.186708,-35.556989,100,OSM:classe,1,80,
-9.186610,-35.311234,60,OSM:classe,1,50,
-9.186437,-35.304508,20,OSM,0,,
-9.186435,-37.521592,60,OSM:classe,1,60,
-9.186366,-36.057255,60,OSM:classe,1,40,
-9.186357,-36.256695,60,OSM:classe,1,40,
-9.186340,-36.220781,60,OSM:classe,1,40,
-9.186309,-35.303594,20,OSM,0,,
-9.186288,-35.304029,20,OSM,0,,
-9.186180,-35.784431,100,OSM,0,,
-9.186167,-36.069771,60,OSM:classe,1,40,
-9.186092,-38.039595,60,OSM:classe,1,50,
-9.185992,-36.220022,60,OSM:classe,1,40,
-9.185929,-35.543876,80,OSM:classe,1,60,
-9.185791,-37.490898,80,OSM,0,,
-9.185730,-35.557630,100,OSM:classe,1,80,
-9.185438,-37.759397,60,OSM:classe,1,50,
-9.185384,-35.784258,100,OSM,0,,
-9.185296,-37.507986,60,OSM:classe,1,40,
-9.184988,-35.993849,60,OSM:classe,1,40,
-9.184781,-37.682221,60,OSM:classe,1,40,
-9.184737,-37.869963,60,OSM:classe,1,60,
-9.184721,-36.252631,60,OSM:classe,1,40,
-9.184492,-36.222804,60,OSM:classe,1,40,
-9.184439,-36.224494,60,OSM:classe,1,40,
-9.184394,-37.690300,60,OSM:classe,1,40,
-9.184368,-36.065796,60,OSM:classe,1,40,
-9.184230,-36.036598,60,OSM:classe,1,40,
-9.184219,-36.161802,60,OSM:classe,1,40,
-9.184198,-36.036044,60,OSM:classe,1,40,
-9.183934,-36.038474,60,OSM:classe,1,40,
-9.183866,-35.782742,100,OSM,0,,
-9.183572,-36.300184,60,OSM:classe,1,50,
-9.183477,-37.354212,60,OSM:classe,1,50,
-9.183400,-35.782865,100,OSM,0,,
-9.183126,-36.042912,60,OSM:classe,1,40,
-9.183124,-36.043452,60,OSM:classe,1,40,
-9.182974,-37.524501,60,OSM:classe,1,60,
-9.182879,-35.782208,40,OSM:classe,1,40,
-9.182793,-36.061548,60,OSM:classe,1,40,
-9.182757,-36.054701,60,OSM:classe,1,40,
-9.182651,-36.217043,60,OSM:classe,1,40,
-9.182616,-35.309141,60,OSM:classe,1,50,
-9.182612,-36.035807,60,OSM,0,,
-9.182578,-35.546864,80,OSM:classe,1,60,
-9.182572,-35.555137,100,OSM:classe,1,80,
-9.182432,-36.048176,60,OSM:classe,1,40,
-9.182415,-37.688572,60,OSM:classe,1,40,
-9.182328,-35.782309,40,OSM:classe,1,40,
-9.182253,-38.041966,60,OSM:classe,1,50,
-9.182225,-36.220828,60,OSM:classe,1,40,
-9.182177,-36.052695,60,OSM:classe,1,40,
-9.182139,-37.479680,80,OSM,0,,
-9.182018,-37.683600,60,OSM:classe,1,40,
-9.181795,-36.045018,60,OSM:classe,1,40,
-9.181740,-36.250842,60,OSM:classe,1,40,
-9.181591,-37.761739,60,OSM:classe,1,50,
-9.181573,-36.057209,60,OSM:classe,1,40,
-9.181554,-36.045339,60,OSM:classe,1,40,
-9.181413,-36.045483,60,OSM:classe,1,40,
-9.181367,-35.994665,60,OSM:classe,1,40,
-9.181201,-36.035445,80,OSM,0,,
-9.181131,-37.867242,60,OSM:classe,1,60,
-9.180919,-37.507252,60,OSM:classe,1,40,
-9.180860,-36.160227,60,OSM:classe,1,40,
-9.180672,-36.160508,60,OSM:classe,1,40,
-9.180620,-36.302934,60,OSM:classe,1,50,
-9.180619,-36.219871,60,OSM:classe,1,40,
-9.180102,-35.555164,100,OSM:classe,1,80,
-9.180073,-37.684874,60,OSM:classe,1,40,
-9.179909,-36.220420,60,OSM:classe,1,40,
-9.179845,-37.685013,60,OSM:classe,1,40,
-9.179699,-36.161929,60,OSM:classe,1,40,
-9.179514,-37.527410,60,OSM:classe,1,60,
-9.179476,-36.034400,80,OSM,0,,
-9.179225,-36.214280,60,OSM:classe,1,40,
-9.179163,-36.219939,60,OSM:classe,1,40,
-9.179096,-36.219646,60,OSM:classe,1,40,
-9.178991,-37.354520,60,OSM:classe,1,50,
-9.178956,-37.682099,60,OSM:classe,1,40,
-9.178887,-36.213928,60,OSM:classe,1,40,
-9.178793,-35.548816,80,OSM:classe,1,60,
-9.178488,-37.468462,80,OSM,0,,
-9.178423,-35.307553,60,OSM:classe,1,50,
-9.178416,-38.044341,60,OSM:classe,1,50,
-9.178408,-35.997343,60,OSM:classe,1,40,
-9.178365,-36.215228,60,OSM:classe,1,40,
-9.178348,-36.248240,60,OSM:classe,1,40,
-9.178332,-37.468011,80,OSM,0,,
-9.178150,-36.165692,60,OSM:classe,1,40,
-9.177920,-36.219652,60,OSM:classe,1,40,
-9.177894,-35.551311,100,OSM:classe,1,80,
-9.177525,-37.864522,60,OSM:classe,1,60,
-9.177499,-37.677797,60,OSM:classe,1,40,
-9.177491,-35.549658,80,OSM:classe,1,60,
-9.177447,-37.763243,60,OSM:classe,1,50,
-9.177407,-35.550201,40,OSM:classe,1,40,
-9.177345,-37.358033,60,OSM:classe,1,40,
-9.177306,-35.549986,80,OSM:classe,1,60,
-9.177275,-35.549553,40,OSM:classe,1,40,
-9.177118,-35.549575,80,OSM:classe,1,60,
-9.177066,-35.549993,40,OSM:classe,1,40,
-9.177039,-36.004308,60,OSM:classe,1,40,
-9.176969,-37.505076,60,OSM:classe,1,40,
-9.176835,-35.548937,100,OSM:classe,1,80,
-9.176617,-36.007967,60,OSM:classe,1,40,
-9.176346,-36.301574,60,OSM:classe,1,50,
-9.176240,-37.673425,60,OSM:classe,1,40,
-9.176179,-35.305598,60,OSM:classe,1,50,
-9.176136,-35.999605,60,OSM:classe,1,40,
-9.176074,-36.000256,60,OSM:classe,1,40,
-9.176053,-37.530318,60,OSM:classe,1,60,
-9.175713,-37.530605,100,OSM:classe,1,80,
-9.175705,-36.030219,80,OSM,0,,
-9.175582,-36.167908,60,OSM:classe,1,40,
-9.175561,-36.030053,80,OSM,0,,
-9.175514,-37.530779,60,OSM:classe,1,60,
-9.175200,-37.668997,60,OSM:classe,1,40,
-9.175007,-36.011105,60,OSM:classe,1,40,
-9.174952,-38.047227,60,OSM:classe,1,50,
-9.174851,-36.212192,60,OSM:classe,1,40,
-9.174717,-37.456932,80,OSM,0,,
-9.174504,-37.354827,60,OSM:classe,1,50,
-9.174351,-36.234677,60,OSM:classe,1,40,
-9.173971,-35.303762,60,OSM:classe,1,50,
-9.173918,-37.861801,60,OSM:classe,1,60,
-9.173728,-35.777295,100,OSM,0,,
-9.173670,-35.777455,100,OSM,0,,
-9.173623,-35.546290,100,OSM:classe,1,80,
-9.173510,-37.761227,60,OSM:classe,1,50,
-9.173494,-35.546265,60,OSM:classe,1,60,
-9.173018,-37.502901,60,OSM:classe,1,40,
-9.172919,-37.357872,60,OSM:classe,1,40,
-9.172901,-36.170786,60,OSM:classe,1,40,
-9.172726,-36.208411,60,OSM:classe,1,40,
-9.172672,-37.665411,60,OSM:classe,1,40,
-9.172054,-37.533687,60,OSM:classe,1,60,
-9.171726,-38.050389,60,OSM:classe,1,50,
-9.171622,-35.774843,100,OSM,0,,
-9.171606,-36.025608,80,OSM,0,,
-9.171580,-35.775057,100,OSM,0,,
-9.171326,-36.013721,60,OSM:classe,1,40,
-9.171102,-37.445854,80,OSM,0,,
-9.170824,-37.760334,60,OSM:classe,1,50,
-9.170627,-36.222909,60,OSM:classe,1,50,
-9.170578,-36.223879,60,OSM:classe,1,40,
-9.170530,-36.223758,60,OSM:classe,1,40,
-9.170332,-36.223081,60,OSM:classe,1,50,
-9.170312,-37.859080,60,OSM:classe,1,60,
-9.170269,-36.088147,60,OSM:classe,1,40,
-9.170229,-35.301281,60,OSM:classe,1,50,
-9.170191,-36.223116,60,OSM:classe,1,50,
-9.170166,-36.204935,60,OSM:classe,1,40,
-9.170094,-36.218387,60,OSM:classe,1,50,
-9.170018,-37.355135,60,OSM:classe,1,50,
-9.170012,-37.355184,60,OSM:classe,1,50,
-9.169931,-36.086247,60,OSM:classe,1,40,
-9.169924,-36.217193,60,OSM:classe,1,50,
-9.169869,-37.355145,60,OSM:classe,1,50,
-9.169812,-36.023886,80,OSM,0,,
-9.169796,-36.223201,60,OSM:classe,1,50,
-9.169696,-36.023789,40,OSM,0,,
-9.169652,-37.355409,60,OSM:classe,1,50,
-9.169571,-37.355464,60,OSM:classe,1,50,
-9.169563,-37.355169,40,OSM:classe,1,40,
-9.169431,-36.172706,60,OSM:classe,1,40,
-9.169354,-36.023486,40,OSM,0,,
-9.169273,-36.023417,40,OSM,0,,
-9.169132,-36.023770,40,OSM:classe,1,40,
-9.169068,-35.545463,60,OSM:classe,1,60,
-9.169033,-36.197720,60,OSM:classe,1,50,
-9.169020,-37.662842,60,OSM:classe,1,40,
-9.168957,-36.023135,60,OSM,0,,
-9.168865,-37.363153,30,OSM,0,,
-9.168823,-36.223824,60,OSM:classe,1,50,
-9.168802,-36.017307,60,OSM:classe,1,40,
-9.168737,-36.017467,60,OSM:classe,1,40,
-9.168647,-37.503201,60,OSM:classe,1,40,
-9.168644,-36.061989,60,OSM:classe,1,40,
-9.168593,-37.536595,60,OSM:classe,1,60,
-9.168542,-37.357223,60,OSM:classe,1,40,
-9.168407,-36.202493,60,OSM:classe,1,40,
-9.168136,-36.202385,60,OSM:classe,1,40,
-9.168102,-36.202225,40,OSM:classe,1,40,
-9.168046,-36.213090,60,OSM:classe,1,50,
-9.168026,-36.202429,40,OSM:classe,1,40,
-9.168018,-36.203008,60,OSM:classe,1,50,
-9.168014,-35.774140,100,OSM,0,,
-9.167980,-36.224497,40,OSM:classe,1,40,
-9.167905,-36.202294,60,OSM:classe,1,40,
-9.167852,-36.082597,60,OSM:classe,1,40,
-9.167802,-37.363591,30,OSM,0,,
-9.167787,-36.211842,60,OSM:classe,1,50,
-9.167765,-36.201242,60,OSM:classe,1,50,
-9.167651,-36.224775,40,OSM:classe,1,40,
-9.167574,-36.194079,60,OSM:classe,1,50,
-9.167487,-37.434775,80,OSM,0,,
-9.167474,-35.300516,60,OSM:classe,1,50,
-9.167455,-36.021883,60,OSM,0,,
-9.167424,-36.057912,60,OSM:classe,1,40,
-9.167313,-35.773715,100,OSM,0,,
-9.167103,-36.225224,60,OSM:classe,1,50,
-9.166952,-36.021458,60,OSM:classe,1,40,
-9.166948,-36.036020,60,OSM:classe,1,40,
-9.166897,-36.008559,60,OSM:classe,1,40,
-9.166880,-36.021399,60,OSM,0,,
-9.166861,-36.207384,60,OSM:classe,1,50,
-9.166767,-37.856278,60,OSM:classe,1,60,
-9.166671,-37.759386,60,OSM:classe,1,50,
-9.166623,-36.021185,40,OSM,0,,
-9.166569,-36.021139,40,OSM,0,,
-9.166439,-36.021401,60,OSM:classe,1,50,
-9.166382,-36.021362,60,OSM:classe,1,50,
-9.166280,-36.065652,60,OSM:classe,1,40,
-9.166253,-36.078513,60,OSM:classe,1,40,
-9.166239,-36.021590,60,OSM:classe,1,50,
-9.166120,-36.020784,40,OSM,0,,
-9.165999,-35.544906,60,OSM:classe,1,60,
-9.165870,-37.659643,60,OSM:classe,1,40,
-9.165701,-35.300007,60,OSM:classe,1,50,
-9.165652,-36.174461,60,OSM:classe,1,40,
-9.165568,-37.357465,60,OSM:classe,1,50,
-9.165532,-36.074050,60,OSM:classe,1,40,
-9.165383,-37.355449,60,OSM:classe,1,40,
-9.165237,-36.227586,60,OSM:classe,1,50,
-9.165224,-36.014624,60,OSM:classe,1,40,
-9.165132,-37.539503,60,OSM:classe,1,60,
-9.165120,-35.772664,100,OSM,0,,
-9.164958,-35.772750,100,OSM,0,,
-9.164865,-36.226985,60,OSM:classe,1,50,
-9.164841,-37.355486,60,OSM:classe,1,40,
-9.164809,-36.025826,60,OSM:classe,1,50,
-9.164655,-36.010198,60,OSM:classe,1,40,
-9.164614,-36.026711,60,OSM:classe,1,50,
-9.164547,-36.054577,60,OSM:classe,1,40,
-9.164509,-36.026916,60,OSM:classe,1,50,
-9.164508,-35.544545,60,OSM:classe,1,50,
-9.164440,-36.032218,60,OSM:classe,1,40,
-9.164436,-36.229557,60,OSM:classe,1,50,
-9.164423,-36.032161,60,OSM:classe,1,40,
-9.164399,-36.029777,60,OSM:classe,1,40,
-9.164343,-37.425112,60,OSM:classe,1,40,
-9.164303,-37.424976,40,OSM:classe,1,40,
-9.164269,-36.029768,60,OSM:classe,1,40,
-9.164215,-35.772117,100,OSM,0,,
-9.164205,-37.503911,60,OSM:classe,1,40,
-9.164201,-37.425244,40,OSM:classe,1,40,
-9.164201,-36.030243,60,OSM:classe,1,40,
-9.164181,-37.425164,60,OSM:classe,1,40,
-9.164156,-35.771708,100,OSM,0,,
-9.164151,-36.028342,60,OSM:classe,1,40,
-9.164151,-36.027398,60,OSM:classe,1,50,
-9.164038,-36.191403,60,OSM:classe,1,50,
-9.163973,-37.425254,60,OSM:classe,1,40,
-9.163872,-37.423696,80,OSM,0,,
-9.163593,-37.422788,80,OSM,0,,
-9.163543,-35.769905,100,OSM,0,,
-9.163478,-36.032588,60,OSM:classe,1,40,
-9.163468,-36.034089,60,OSM:classe,1,40,
-9.163281,-37.756430,60,OSM:classe,1,50,
-9.163242,-35.769709,100,OSM,0,,
-9.163239,-37.853455,60,OSM:classe,1,60,
-9.163199,-37.361391,60,OSM:classe,1,40,
-9.163044,-36.067727,60,OSM:classe,1,40,
-9.162743,-36.050511,60,OSM:classe,1,40,
-9.162724,-36.074432,60,OSM:classe,1,40,
-9.162670,-36.071803,60,OSM:classe,1,40,
-9.162504,-36.012424,60,OSM:classe,1,40,
-9.162478,-36.187151,60,OSM:classe,1,50,
-9.162316,-36.176587,60,OSM:classe,1,40,
-9.162226,-35.999290,60,OSM:classe,1,40,
-9.162204,-37.424945,60,OSM:classe,1,40,
-9.162198,-36.032946,60,OSM:classe,1,40,
-9.162182,-36.233490,60,OSM:classe,1,50,
-9.162181,-37.358742,60,OSM:classe,1,40,
-9.162049,-35.546027,60,OSM:classe,1,50,
-9.162034,-36.033094,60,OSM:classe,1,40,
-9.161956,-35.543020,60,OSM:classe,1,60,
-9.161880,-37.657670,60,OSM:classe,1,40,
-9.161829,-36.003009,60,OSM:classe,1,40,
-9.161825,-36.182695,60,OSM:classe,1,50,
-9.161801,-35.297812,60,OSM:classe,1,50,
-9.161771,-37.355987,60,OSM:classe,1,40,
-9.161704,-37.355797,60,OSM:classe,1,40,
-9.161671,-37.542411,60,OSM:classe,1,60,
-9.161561,-36.011873,60,OSM:classe,1,40,
-9.161407,-36.013347,60,OSM:classe,1,40,
-9.161350,-36.033328,60,OSM:classe,1,40,
-9.161347,-37.359035,60,OSM:classe,1,50,
-9.161124,-37.503065,60,OSM:classe,1,40,
-9.161013,-36.016394,60,OSM:classe,1,40,
-9.161005,-35.767782,100,OSM,0,,
-9.160959,-36.007370,60,OSM:classe,1,40,
-9.160956,-37.356367,60,OSM:classe,1,40,
-9.160936,-36.046710,60,OSM:classe,1,40,
-9.160840,-37.356418,60,OSM:classe,1,40,
-9.160816,-35.767444,100,OSM,0,,
-9.160717,-36.032369,60,OSM:classe,1,50,
-9.160687,-36.032291,60,OSM:classe,1,50,
-9.160665,-35.534621,60,OSM:classe,1,60,
-9.160647,-36.033567,60,OSM:classe,1,40,
-9.160626,-36.033509,60,OSM:classe,1,40,
-9.160451,-36.031544,60,OSM:classe,1,50,
-9.160414,-36.029885,60,OSM:classe,1,50,
-9.160336,-37.423795,60,OSM:classe,1,40,
-9.160319,-36.032509,60,OSM:classe,1,40,
-9.160290,-36.032424,60,OSM:classe,1,40,
-9.160236,-35.296979,60,OSM:classe,1,50,
-9.160168,-35.538287,60,OSM:classe,1,40,
-9.160135,-36.178650,60,OSM:classe,1,50,
-9.160117,-35.537957,60,OSM:classe,1,40,
-9.160113,-37.753254,60,OSM:classe,1,50,
-9.160083,-36.237476,60,OSM:classe,1,50,
-9.160074,-35.767243,100,OSM,0,,
-9.160052,-35.538482,60,OSM:classe,1,40,
-9.159988,-37.356678,60,OSM:classe,1,40,
-9.159985,-35.537582,60,OSM:classe,1,40,
-9.159973,-35.530301,60,OSM:classe,1,60,
-9.159968,-37.423360,60,OSM:classe,1,40,
-9.159967,-37.423782,60,OSM:classe,1,40,
-9.159868,-37.426148,60,OSM:classe,1,40,
-9.159866,-36.237956,60,OSM:classe,1,50,
-9.159837,-36.031712,60,OSM:classe,1,50,
-9.159797,-37.356323,60,OSM:classe,1,40,
-9.159760,-36.031731,60,OSM:classe,1,50,
-9.159742,-35.538964,60,OSM:classe,1,60,
-9.159740,-37.411089,80,OSM,0,,
-9.159727,-36.030885,60,OSM:classe,1,50,
-9.159711,-37.850631,60,OSM:classe,1,60,
-9.159690,-35.766988,100,OSM,0,,
-9.159663,-36.031101,60,OSM:classe,1,50,
-9.159663,-35.548027,60,OSM:classe,1,50,
-9.159607,-36.031099,60,OSM:classe,1,50,
-9.159592,-35.536890,60,OSM:classe,1,40,
-9.159545,-37.356996,60,OSM:classe,1,40,
-9.159514,-37.356922,60,OSM:classe,1,40,
-9.159422,-37.356967,60,OSM:classe,1,40,
-9.159359,-35.534749,60,OSM:classe,1,40,
-9.159306,-35.539656,60,OSM:classe,1,60,
-9.159286,-37.425947,60,OSM:classe,1,40,
-9.159155,-37.501265,60,OSM:classe,1,40,
-9.159126,-35.540120,60,OSM:classe,1,60,
-9.159064,-35.534777,60,OSM:classe,1,40,
-9.159022,-35.767104,100,OSM,0,,
-9.158884,-37.357292,60,OSM:classe,1,40,
-9.158865,-37.357250,60,OSM:classe,1,40,
-9.158791,-37.357317,60,OSM:classe,1,40,
-9.158779,-36.014531,60,OSM,0,,
-9.158684,-36.177820,60,OSM:classe,1,40,
-9.158515,-37.354006,60,OSM:classe,1,40,
-9.158407,-37.654833,60,OSM:classe,1,40,
-9.158402,-35.767057,100,OSM,0,,
-9.158227,-35.296452,60,OSM:classe,1,50,
-9.158226,-35.767273,100,OSM,0,,
-9.158211,-37.545319,60,OSM:classe,1,60,
-9.157760,-37.430205,60,OSM:classe,1,40,
-9.157721,-36.043525,60,OSM:classe,1,40,
-9.157623,-36.033329,60,OSM:classe,1,50,
-9.157595,-36.033230,60,OSM:classe,1,50,
-9.157551,-36.033091,60,OSM:classe,1,50,
-9.157534,-36.175317,60,OSM:classe,1,50,
-9.157483,-37.357968,60,OSM:classe,1,40,
-9.157453,-36.032381,60,OSM:classe,1,50,
-9.157175,-36.030005,60,OSM:classe,1,50,
-9.157157,-36.029950,60,OSM:classe,1,50,
-9.157126,-37.360605,60,OSM:classe,1,50,
-9.156930,-37.423368,60,OSM:classe,1,40,
-9.156804,-37.360447,60,OSM:classe,1,40,
-9.156802,-36.032975,60,OSM:classe,1,50,
-9.156785,-36.013503,60,OSM,0,,
-9.156779,-36.028253,60,OSM:classe,1,50,
-9.156773,-35.527450,60,OSM:classe,1,60,
-9.156767,-36.033007,60,OSM:classe,1,50,
-9.156724,-37.360760,60,OSM:classe,1,40,
-9.156697,-37.750302,60,OSM:classe,1,50,
-9.156641,-36.039177,60,OSM:classe,1,40,
-9.156542,-35.534459,60,OSM:classe,1,40,
-9.156423,-35.295968,60,OSM:classe,1,50,
-9.156348,-36.033273,60,OSM:classe,1,50,
-9.156245,-36.013309,60,OSM:classe,1,40,
-9.156242,-36.033545,60,OSM:classe,1,50,
-9.156194,-37.847794,60,OSM:classe,1,60,
-9.156098,-36.031890,60,OSM:classe,1,50,
-9.156077,-36.035327,60,OSM:classe,1,50,
-9.156071,-36.034697,60,OSM:classe,1,50,
-9.156063,-36.034933,60,OSM:classe,1,50,
-9.156034,-36.035427,60,OSM:classe,1,50,
-9.156007,-36.035181,60,OSM:classe,1,50,
-9.155943,-35.550379,60,OSM:classe,1,50,
-9.155919,-36.035209,60,OSM:classe,1,50,
-9.155886,-37.399390,80,OSM,0,,
-9.155882,-35.768923,100,OSM,0,,
-9.155838,-36.035981,60,OSM:classe,1,50,
-9.155755,-36.034945,60,OSM:classe,1,40,
-9.155678,-36.036300,60,OSM:classe,1,40,
-9.155661,-36.036792,60,OSM:classe,1,40,
-9.155628,-35.768853,100,OSM,0,,
-9.155557,-36.036161,60,OSM:classe,1,40,
-9.155550,-36.035036,60,OSM:classe,1,40,
-9.155296,-36.030788,60,OSM:classe,1,50,
-9.155295,-36.030709,60,OSM:classe,1,50,
-9.155256,-36.030723,60,OSM:classe,1,50,
-9.155120,-37.651726,60,OSM:classe,1,40,
-9.155065,-37.358953,60,OSM:classe,1,40,
-9.155032,-35.769280,100,OSM,0,,
-9.155014,-36.024206,60,OSM:classe,1,50,
-9.154918,-35.769096,100,OSM,0,,
-9.154914,-35.296945,60,OSM:classe,1,50,
-9.154829,-37.502509,60,OSM:classe,1,40,
-9.154803,-37.433467,60,OSM:classe,1,40,
-9.154750,-37.548227,60,OSM:classe,1,60,
-9.154703,-35.296677,60,OSM:classe,1,40,
-9.154618,-36.012981,60,OSM,0,,
-9.154573,-35.290004,60,OSM:classe,1,40,
-9.154519,-35.296526,60,OSM:classe,1,40,
-9.154437,-36.023397,60,OSM:classe,1,50,
-9.154413,-36.012961,60,OSM,0,,
-9.154156,-37.746568,60,OSM:classe,1,50,
-9.154123,-36.172838,60,OSM:classe,1,50,
-9.154092,-35.297534,60,OSM:classe,1,40,
-9.154083,-36.009315,60,OSM:classe,1,40,
-9.153841,-35.297134,60,OSM:classe,1,40,
-9.153693,-35.312367,60,OSM:classe,1,50,
-9.153528,-37.361938,60,OSM:classe,1,50,
-9.153444,-37.420856,60,OSM:classe,1,40,
-9.153185,-36.019265,60,OSM:classe,1,50,
-9.153154,-35.531950,60,OSM:classe,1,40,
-9.152995,-35.526966,60,OSM:classe,1,60,
-9.152772,-36.004980,60,OSM:classe,1,40,
-9.152699,-35.530646,60,OSM:classe,1,40,
-9.152698,-37.844928,60,OSM:classe,1,60,
-9.152652,-35.303993,60,OSM:classe,1,50,
-9.152564,-35.288995,60,OSM:classe,1,40,
-9.152477,-35.292064,60,OSM:classe,1,40,
-9.152425,-35.529798,60,OSM:classe,1,40,
-9.152422,-35.308495,60,OSM:classe,1,50,
-9.152363,-37.437140,60,OSM:classe,1,40,
-9.152154,-37.648341,60,OSM:classe,1,40,
-9.152033,-37.387691,80,OSM,0,,
-9.151991,-35.768494,100,OSM,0,,
-9.151965,-36.014964,60,OSM:classe,1,50,
-9.151927,-35.299598,60,OSM:classe,1,50,
-9.151848,-35.768232,100,OSM,0,,
-9.151667,-35.551782,60,OSM:classe,1,50,
-9.151662,-35.524972,60,OSM:classe,1,40,
-9.151626,-35.298972,60,OSM:classe,1,50,
-9.151544,-35.526257,60,OSM:classe,1,40,
-9.151529,-36.013135,60,OSM:classe,1,40,
-9.151456,-35.524641,60,OSM:classe,1,40,
-9.151452,-36.013154,40,OSM,0,,
-9.151431,-36.036446,60,OSM:classe,1,50,
-9.151424,-35.525383,60,OSM:classe,1,40,
-9.151372,-36.013819,60,OSM:classe,1,50,
-9.151301,-36.012332,60,OSM:classe,1,40,
-9.151289,-37.551135,60,OSM:classe,1,60,
-9.151286,-36.013442,60,OSM:classe,1,50,
-9.151211,-36.013451,60,OSM:classe,1,50,
-9.151191,-36.013219,40,OSM,0,,
-9.151112,-36.034874,60,OSM:classe,1,40,
-9.151052,-37.743330,60,OSM:classe,1,50,
-9.150924,-36.010241,60,OSM:classe,1,40,
-9.150903,-36.013311,60,OSM,0,,
-9.150586,-35.523120,60,OSM:classe,1,60,
-9.150544,-35.768955,40,OSM:classe,1,40,
-9.150499,-36.008742,60,OSM:classe,1,40,
-9.150496,-37.503723,60,OSM:classe,1,40,
-9.150484,-36.013457,60,OSM:classe,1,40,
-9.150443,-35.520045,100,OSM:classe,1,80,
-9.150358,-36.170425,60,OSM:classe,1,50,
-9.150314,-35.315030,60,OSM:classe,1,50,
-9.150217,-36.008433,60,OSM:classe,1,40,
-9.149714,-35.769229,100,OSM,0,,
-9.149666,-35.319471,60,OSM:classe,1,50,
-9.149593,-37.440482,60,OSM:classe,1,40,
-9.149592,-37.841639,60,OSM:classe,1,60,
-9.149393,-35.768954,100,OSM,0,,
-9.149369,-37.419080,60,OSM:classe,1,40,
-9.149218,-36.034588,60,OSM:classe,1,40,
-9.149199,-37.363091,60,OSM:classe,1,50,
-9.149176,-36.011560,60,OSM:classe,1,40,
-9.149109,-37.645104,60,OSM:classe,1,40,
-9.148928,-36.006212,60,OSM:classe,1,40,
-9.148918,-36.013999,60,OSM,0,,
-9.148867,-36.010368,60,OSM:classe,1,40,
-9.148715,-35.323730,60,OSM:classe,1,50,
-9.148347,-35.287625,60,OSM:classe,1,40,
-9.148274,-36.005129,60,OSM:classe,1,40,
-9.148208,-37.840145,60,OSM:classe,1,60,
-9.148198,-36.004828,60,OSM:classe,1,40,
-9.148179,-37.375992,80,OSM,0,,
-9.148177,-35.328169,60,OSM:classe,1,50,
-9.148153,-37.840088,60,OSM:classe,1,60,
-9.147891,-37.415385,60,OSM:classe,1,40,
-9.147829,-37.554043,60,OSM:classe,1,60,
-9.147571,-35.517391,100,OSM:classe,1,80,
-9.147528,-36.006066,60,OSM:classe,1,40,
-9.147375,-35.517460,100,OSM:classe,1,80,
-9.147361,-35.552671,60,OSM:classe,1,50,
-9.147343,-37.839218,60,OSM:classe,1,60,
-9.147186,-35.769105,100,OSM,0,,
-9.147064,-37.741366,60,OSM:classe,1,50,
-9.147035,-36.037256,60,OSM:classe,1,50,
-9.146967,-37.444149,60,OSM:classe,1,40,
-9.146927,-35.768732,100,OSM,0,,
-9.146625,-36.002300,60,OSM:classe,1,40,
-9.146624,-37.838201,60,OSM:classe,1,60,
-9.146616,-37.641573,60,OSM:classe,1,40,
-9.146448,-37.838207,60,OSM:classe,1,60,
-9.146435,-35.332323,60,OSM:classe,1,50,
-9.146182,-36.170951,60,OSM:classe,1,50,
-9.146178,-35.769036,100,OSM,0,,
-9.146171,-35.768684,100,OSM,0,,
-9.146169,-36.001525,60,OSM:classe,1,40,
-9.146132,-37.837780,60,OSM:classe,1,60,
-9.146029,-37.504094,60,OSM:classe,1,40,
-9.146026,-36.000855,60,OSM:classe,1,40,
-9.145971,-37.837786,60,OSM:classe,1,60,
-9.145752,-37.505328,60,OSM:classe,1,40,
-9.145542,-37.837404,40,OSM:classe,1,40,
-9.145440,-36.244348,60,OSM:classe,1,50,
-9.145287,-37.509857,60,OSM:classe,1,40,
-9.145091,-35.998056,60,OSM:classe,1,40,
-9.145082,-36.036230,60,OSM:classe,1,40,
-9.145080,-37.836938,60,OSM:classe,1,60,
-9.145037,-35.768698,100,OSM,0,,
-9.145008,-35.998067,60,OSM:classe,1,40,
-9.144983,-37.836857,60,OSM:classe,1,60,
-9.144929,-36.166921,60,OSM:classe,1,50,
-9.144841,-37.448137,60,OSM:classe,1,40,
-9.144800,-37.514382,60,OSM:classe,1,40,
-9.144780,-35.769128,100,OSM,0,,
-9.144758,-37.363804,60,OSM:classe,1,50,
-9.144660,-36.002557,60,OSM:classe,1,40,
-9.144508,-37.363923,60,OSM:classe,1,50,
-9.144426,-37.363880,60,OSM:classe,1,50,
-9.144368,-37.556951,60,OSM:classe,1,60,
-9.144326,-37.364293,60,OSM,0,,
-9.144234,-37.363983,60,OSM,0,,
-9.144180,-37.363792,60,OSM,0,,
-9.144155,-35.768952,60,OSM:classe,1,50,
-9.144074,-36.163081,60,OSM:classe,1,50,
-9.143944,-35.335922,60,OSM:classe,1,50,
-9.143931,-37.557247,60,OSM:classe,1,40,
-9.143916,-35.288311,60,OSM:classe,1,40,
-9.143851,-37.638500,60,OSM:classe,1,40,
-9.143765,-36.063251,60,OSM:classe,1,50,
-9.143695,-35.519990,100,OSM:classe,1,80,
-9.143613,-35.768662,60,OSM:classe,1,50,
-9.143485,-36.059082,60,OSM:classe,1,50,
-9.143428,-37.522816,60,OSM:classe,1,40,
-9.143409,-36.067684,60,OSM:classe,1,50,
-9.143336,-35.550811,60,OSM:classe,1,50,
-9.143283,-37.518432,60,OSM:classe,1,40,
-9.143244,-36.072208,60,OSM:classe,1,50,
-9.143212,-37.364262,60,OSM:classe,1,40,
-9.143120,-37.739211,60,OSM:classe,1,50,
-9.142785,-36.038044,60,OSM:classe,1,50,
-9.142776,-35.998552,60,OSM:classe,1,40,
-9.142690,-36.076712,60,OSM:classe,1,50,
-9.142626,-36.054658,60,OSM:classe,1,50,
-9.142581,-37.452033,60,OSM:classe,1,40,
-9.142569,-36.081265,60,OSM:classe,1,50,
-9.142498,-36.246913,60,OSM:classe,1,50,
-9.142449,-36.085818,60,OSM:classe,1,50,
-9.142352,-36.050112,60,OSM:classe,1,50,
-9.142344,-37.527046,60,OSM:classe,1,40,
-9.142285,-35.765518,60,OSM:classe,1,50,
-9.142254,-37.501700,60,OSM:classe,1,40,
-9.142109,-37.452972,60,OSM:classe,1,40,
-9.142032,-37.833499,60,OSM:classe,1,60,
-9.141963,-37.501577,60,OSM:classe,1,40,
-9.141884,-37.356802,80,OSM,0,,
-9.141781,-36.045596,60,OSM:classe,1,50,
-9.141650,-36.041051,60,OSM:classe,1,50,
-9.141636,-37.541898,60,OSM:classe,1,40,
-9.141632,-36.033486,60,OSM:classe,1,40,
-9.141535,-37.538000,60,OSM:classe,1,40,
-9.141526,-36.033417,60,OSM:classe,1,40,
-9.141267,-37.553634,60,OSM:classe,1,40,
-9.141264,-36.090191,60,OSM:classe,1,50,
-9.141248,-36.251071,60,OSM:classe,1,50,
-9.141111,-35.769902,40,OSM:classe,1,40,
-9.140959,-35.761192,60,OSM:classe,1,50,
-9.140907,-37.559859,60,OSM:classe,1,60,
-9.140868,-35.760731,60,OSM:classe,1,50,
-9.140817,-35.338873,60,OSM:classe,1,50,
-9.140731,-36.094654,60,OSM:classe,1,50,
-9.140575,-37.535050,60,OSM:classe,1,40,
-9.140563,-36.161169,60,OSM:classe,1,50,
-9.140510,-36.161579,60,OSM:classe,1,40,
-9.140503,-36.017059,80,OSM,0,,
-9.140475,-36.099196,60,OSM:classe,1,50,
-9.140388,-35.343308,60,OSM:classe,1,50,
-9.140306,-37.531105,60,OSM:classe,1,40,
-9.140280,-35.770517,100,OSM,0,,
-9.140266,-36.162062,60,OSM:classe,1,40,
-9.140182,-37.504468,60,OSM:classe,1,40,
-9.140016,-37.546103,60,OSM:classe,1,40,
-9.139853,-35.770272,100,OSM,0,,
-9.139755,-35.756353,60,OSM:classe,1,50,
-9.139608,-37.637984,60,OSM:classe,1,40,
-9.139587,-37.349813,80,OSM,0,,
-9.139556,-35.995373,60,OSM:classe,1,40,
-9.139516,-37.736524,60,OSM:classe,1,50,
-9.139456,-37.829776,60,OSM:classe,1,60,
-9.139435,-35.288029,60,OSM:classe,1,40,
-9.139432,-35.548551,60,OSM:classe,1,50,
-9.139423,-37.456624,60,OSM:classe,1,40,
-9.139365,-35.519662,100,OSM:classe,1,80,
-9.138914,-37.503783,60,OSM:classe,1,40,
-9.138912,-37.365583,60,OSM:classe,1,40,
-9.138697,-35.345539,80,OSM:classe,1,60,
-9.138647,-37.550076,60,OSM:classe,1,40,
-9.138524,-36.103142,60,OSM:classe,1,50,
-9.138437,-37.344247,80,OSM,0,,
-9.138349,-36.194986,60,OSM:classe,1,40,
-9.138186,-36.033031,60,OSM:classe,1,40,
-9.138131,-36.018878,80,OSM,0,,
-9.138119,-37.549675,60,OSM:classe,1,40,
-9.138006,-37.333057,80,OSM,0,,
-9.137959,-36.032996,60,OSM:classe,1,40,
-9.137836,-37.330493,60,OSM:classe,1,40,
-9.137738,-35.752301,60,OSM:classe,1,50,
-9.137675,-36.116341,60,OSM:classe,1,50,
-9.137666,-36.186255,60,OSM:classe,1,40,
-9.137608,-36.190535,60,OSM:classe,1,40,
-9.137600,-35.349730,80,OSM:classe,1,60,
-9.137574,-37.321866,80,OSM,0,,
-9.137555,-37.825730,60,OSM:classe,1,60,
-9.137534,-35.350589,80,OSM:classe,1,60,
-9.137446,-37.562767,60,OSM:classe,1,60,
-9.137232,-35.991511,60,OSM:classe,1,40,
-9.137147,-36.158691,60,OSM:classe,1,50,
-9.137143,-37.310676,80,OSM,0,,
-9.137141,-36.164986,60,OSM:classe,1,40,
-9.137114,-36.111827,60,OSM:classe,1,50,
-9.137082,-36.107317,60,OSM:classe,1,50,
-9.137018,-36.032802,60,OSM:classe,1,40,
-9.136830,-36.173509,60,OSM:classe,1,40,
-9.136815,-35.989843,60,OSM:classe,1,40,
-9.136773,-36.020791,80,OSM,0,,
-9.136712,-37.299485,80,OSM,0,,
-9.136607,-37.768310,60,OSM:classe,1,60,
-9.136561,-36.198923,60,OSM:classe,1,40,
-9.136383,-36.169372,60,OSM:classe,1,40,
-9.136295,-35.748644,60,OSM:classe,1,50,
-9.136281,-37.288295,80,OSM,0,,
-9.136251,-36.177809,60,OSM:classe,1,40,
-9.136245,-37.459841,60,OSM:classe,1,40,
-9.136156,-36.182259,60,OSM:classe,1,40,
-9.136151,-35.747194,60,OSM:classe,1,50,
-9.136137,-37.328400,60,OSM:classe,1,40,
-9.136090,-35.747097,60,OSM:classe,1,50,
-9.136070,-37.772604,60,OSM:classe,1,60,
-9.136062,-36.119826,60,OSM:classe,1,50,
-9.136022,-36.022006,80,OSM,0,,
-9.135935,-36.022146,80,OSM,0,,
-9.135901,-35.746786,60,OSM:classe,1,50,
-9.135798,-37.763951,60,OSM:classe,1,60,
-9.135705,-37.368464,60,OSM:classe,1,40,
-9.135670,-35.745904,60,OSM:classe,1,50,
-9.135657,-37.759466,60,OSM:classe,1,60,
-9.135652,-35.358463,80,OSM:classe,1,60,
-9.135635,-35.985495,60,OSM:classe,1,40,
-9.135598,-37.636283,60,OSM:classe,1,40,
-9.135594,-35.745791,60,OSM:classe,1,50,
-9.135453,-35.746185,60,OSM:classe,1,50,
-9.135434,-35.547338,60,OSM:classe,1,50,
-9.135416,-37.755042,60,OSM:classe,1,60,
-9.135290,-35.745175,60,OSM:classe,1,50,
-9.135251,-35.746026,60,OSM:classe,1,50,
-9.135140,-35.286757,60,OSM:classe,1,40,
-9.135083,-35.521025,100,OSM:classe,1,80,
-9.135066,-37.736466,60,OSM:classe,1,50,
-9.135059,-37.776978,60,OSM:classe,1,60,
-9.134929,-35.360004,80,OSM:classe,1,60,
-9.134857,-35.354034,80,OSM:classe,1,60,
-9.134672,-37.822253,60,OSM:classe,1,60,
-9.134461,-37.504415,60,OSM:classe,1,40,
-9.134443,-35.771534,100,OSM,0,,
-9.134299,-37.324320,60,OSM:classe,1,40,
-9.134292,-35.771387,100,OSM,0,,
-9.134290,-37.781264,60,OSM:classe,1,60,
-9.134243,-35.981302,60,OSM:classe,1,40,
-9.134136,-36.025054,80,OSM,0,,
-9.134093,-37.789741,60,OSM:classe,1,60,
-9.133986,-37.565675,60,OSM:classe,1,60,
-9.133759,-37.548886,60,OSM:classe,1,40,
-9.133676,-35.740962,60,OSM:classe,1,50,
-9.133608,-37.794256,60,OSM:classe,1,60,
-9.133598,-36.156071,60,OSM:classe,1,50,
-9.133261,-37.463148,60,OSM:classe,1,40,
-9.133172,-36.030837,60,OSM:classe,1,40,
-9.133147,-35.978950,60,OSM:classe,1,40,
-9.133090,-35.771183,100,OSM,0,,
-9.132987,-36.199047,60,OSM:classe,1,40,
-9.132941,-37.785511,60,OSM:classe,1,60,
-9.132878,-35.771275,100,OSM,0,,
-9.132674,-37.798711,60,OSM:classe,1,60,
-9.132583,-35.974520,60,OSM:classe,1,40,
-9.132429,-35.363763,80,OSM:classe,1,60,
-9.132356,-36.027310,80,OSM,0,,
-9.132235,-36.121397,60,OSM:classe,1,50,
-9.132223,-37.753048,60,OSM:classe,1,60,
-9.132184,-36.147491,60,OSM:classe,1,50,
-9.132137,-37.320350,60,OSM:classe,1,40,
-9.132086,-37.464533,60,OSM:classe,1,40,
-9.132028,-36.148430,60,OSM:classe,1,40,
-9.131743,-36.151954,60,OSM:classe,1,50,
-9.131578,-37.369759,60,OSM:classe,1,40,
-9.131330,-37.803056,60,OSM:classe,1,60,
-9.131316,-37.819262,60,OSM:classe,1,60,
-9.131286,-37.635207,60,OSM:classe,1,40,
-9.131227,-35.548883,80,OSM:classe,1,60,
-9.131225,-36.028495,60,OSM:classe,1,40,
-9.131018,-35.285139,60,OSM:classe,1,40,
-9.130953,-35.367999,80,OSM:classe,1,60,
-9.130857,-37.735403,60,OSM:classe,1,50,
-9.130815,-35.522459,100,OSM:classe,1,80,
-9.130796,-35.737536,60,OSM:classe,1,50,
-9.130771,-37.467194,60,OSM:classe,1,40,
-9.130680,-36.143259,60,OSM:classe,1,50,
-9.130525,-37.568583,60,OSM:classe,1,60,
-9.130224,-37.749064,60,OSM:classe,1,60,
-9.130120,-37.503595,60,OSM:classe,1,40,
-9.130061,-37.316310,60,OSM:classe,1,40,
-9.129977,-37.807399,60,OSM:classe,1,60,
-9.129672,-35.372345,80,OSM:classe,1,60,
-9.129500,-37.548849,60,OSM:classe,1,40,
-9.129261,-37.744743,60,OSM:classe,1,60,
-9.129113,-37.471427,60,OSM:classe,1,40,
-9.128993,-36.124333,60,OSM:classe,1,50,
-9.128930,-35.972436,60,OSM:classe,1,40,
-9.128914,-35.769671,100,OSM,0,,
-9.128891,-35.769809,100,OSM,0,,
-9.128890,-35.550130,80,OSM:classe,1,60,
-9.128688,-36.198050,60,OSM:classe,1,40,
-9.128623,-37.811742,60,OSM:classe,1,60,
-9.128558,-37.816183,60,OSM:classe,1,60,
-9.128494,-35.733745,60,OSM:classe,1,50,
-9.128320,-36.147834,60,OSM:classe,1,40,
-9.128263,-36.139465,60,OSM:classe,1,50,
-9.128079,-36.147733,60,OSM:classe,1,40,
-9.127951,-36.147683,60,OSM:classe,1,40,
-9.127750,-35.769726,40,OSM:classe,1,40,
-9.127561,-37.312533,60,OSM:classe,1,40,
-9.127417,-35.282460,60,OSM:classe,1,40,
-9.127327,-35.730016,60,OSM:classe,1,50,
-9.127310,-36.128149,60,OSM:classe,1,50,
-9.127272,-37.370628,60,OSM:classe,1,40,
-9.127260,-35.730137,60,OSM:classe,1,50,
-9.127064,-37.571491,60,OSM:classe,1,60,
-9.126995,-37.634240,60,OSM:classe,1,40,
-9.126916,-37.475014,60,OSM:classe,1,40,
-9.126546,-35.523892,100,OSM:classe,1,80,
-9.126487,-36.147804,60,OSM:classe,1,40,
-9.126375,-36.143724,60,OSM:classe,1,40,
-9.126364,-37.735243,60,OSM:classe,1,50,
-9.126309,-36.135590,60,OSM:classe,1,50,
-9.126280,-37.545704,60,OSM:classe,1,40,
-9.126099,-37.502839,60,OSM:classe,1,40,
-9.126000,-35.374684,80,OSM:classe,1,60,
-9.125992,-37.741624,60,OSM:classe,1,60,
-9.125935,-35.725973,60,OSM:classe,1,50,
-9.125557,-36.132239,60,OSM:classe,1,50,
-9.125431,-36.195804,60,OSM:classe,1,40,
-9.125404,-37.735225,60,OSM:classe,1,50,
-9.125366,-35.769652,100,OSM,0,,
-9.125270,-35.769467,100,OSM,0,,
-9.125167,-37.631499,60,OSM:classe,1,40,
-9.124870,-37.308884,60,OSM:classe,1,40,
-9.124828,-35.279274,60,OSM:classe,1,40,
-9.124678,-35.550755,80,OSM:classe,1,60,
-9.124567,-37.478898,60,OSM:classe,1,40,
-9.124549,-35.972972,60,OSM:classe,1,40,
-9.124547,-35.376953,80,OSM:classe,1,60,
-9.124400,-37.740125,60,OSM:classe,1,60,
-9.124140,-36.194569,60,OSM:classe,1,40,
-9.124026,-36.140194,60,OSM:classe,1,40,
-9.123886,-36.036028,80,OSM,0,,
-9.123850,-35.768761,100,OSM,0,,
-9.123783,-37.574567,60,OSM:classe,1,60,
-9.123649,-35.768769,100,OSM,0,,
-9.123615,-37.542596,60,OSM:classe,1,40,
-9.123534,-35.722275,60,OSM:classe,1,50,
-9.123304,-36.127457,60,OSM:classe,1,40,
-9.123097,-37.735446,60,OSM:classe,1,60,
-9.123029,-37.735550,60,OSM:classe,1,60,
-9.122985,-37.735435,60,OSM:classe,1,60,
-9.122941,-37.371852,60,OSM:classe,1,40,
-9.122853,-36.131712,60,OSM:classe,1,40,
-9.122778,-37.627827,60,OSM:classe,1,40,
-9.122757,-37.736110,60,OSM:classe,1,60,
-9.122731,-37.576886,60,OSM:classe,1,40,
-9.122705,-35.275318,60,OSM:classe,1,40,
-9.122690,-36.136105,60,OSM:classe,1,40,
-9.122649,-37.735072,60,OSM:classe,1,60,
-9.122615,-37.304945,60,OSM:classe,1,40,
-9.122608,-35.767506,40,OSM:classe,1,40,
-9.122280,-36.148070,60,OSM:classe,1,40,
-9.122278,-35.525326,100,OSM:classe,1,80,
-9.122206,-37.505088,60,OSM:classe,1,40,
-9.122101,-35.380774,80,OSM:classe,1,60,
-9.122059,-37.578762,60,OSM:classe,1,60,
-9.121914,-37.482540,60,OSM:classe,1,40,
-9.121907,-37.572455,60,OSM:classe,1,40,
-9.121555,-37.619372,60,OSM:classe,1,40,
-9.121435,-35.970182,60,OSM:classe,1,40,
-9.121418,-37.623894,60,OSM:classe,1,40,
-9.121303,-35.719098,60,OSM:classe,1,50,
-9.121294,-37.583249,60,OSM:classe,1,60,
-9.121293,-35.551611,80,OSM:classe,1,60,
-9.121092,-37.614899,60,OSM:classe,1,40,
-9.120831,-36.150077,60,OSM:classe,1,40,
-9.120742,-37.300851,60,OSM:classe,1,40,
-9.120572,-35.765347,100,OSM,0,,
-9.120558,-37.728612,60,OSM:classe,1,40,
-9.120528,-37.587737,60,OSM:classe,1,60,
-9.120528,-35.966045,60,OSM:classe,1,40,
-9.120324,-37.539889,60,OSM:classe,1,40,
-9.120271,-35.271809,60,OSM:classe,1,40,
-9.120185,-37.486717,60,OSM:classe,1,40,
-9.120003,-36.195753,60,OSM:classe,1,40,
-9.119805,-35.764888,100,OSM,0,,
-9.119763,-37.592225,60,OSM:classe,1,60,
-9.119684,-37.734682,60,OSM:classe,1,40,
-9.119587,-35.764627,100,OSM,0,,
-9.119387,-35.384377,80,OSM:classe,1,60,
-9.119349,-37.594654,60,OSM:classe,1,60,
-9.119341,-37.733594,60,OSM:classe,1,40,
-9.119259,-37.568870,60,OSM:classe,1,40,
-9.119111,-37.732341,60,OSM:classe,1,60,
-9.119061,-36.199292,60,OSM:classe,1,40,
-9.118963,-36.127158,60,OSM:classe,1,40,
-9.118938,-37.611633,60,OSM:classe,1,40,
-9.118816,-37.731606,60,OSM:classe,1,40,
-9.118737,-37.731406,60,OSM:classe,1,50,
-9.118705,-35.526526,100,OSM:classe,1,80,
-9.118699,-37.598790,60,OSM:classe,1,40,
-9.118630,-37.599150,60,OSM:classe,1,60,
-9.118609,-37.373075,60,OSM:classe,1,40,
-9.118529,-37.599787,60,OSM:classe,1,60,
-9.118504,-35.715686,60,OSM:classe,1,50,
-9.118479,-36.202845,60,OSM:classe,1,40,
-9.118464,-36.152790,60,OSM:classe,1,40,
-9.118406,-37.507506,60,OSM:classe,1,40,
-9.118345,-37.730469,60,OSM:classe,1,60,
-9.118344,-37.730408,60,OSM:classe,1,60,
-9.118339,-35.962077,60,OSM:classe,1,40,
-9.118240,-37.731572,60,OSM:classe,1,50,
-9.118228,-37.698138,100,OSM:classe,1,80,
-9.118116,-37.728549,60,OSM:classe,1,60,
-9.118057,-37.728993,60,OSM:classe,1,60,
-9.118043,-37.724439,60,OSM:classe,1,60,
-9.118011,-37.725816,60,OSM:classe,1,60,
-9.118002,-37.693595,100,OSM:classe,1,80,
-9.117900,-35.554386,80,OSM:classe,1,60,
-9.117851,-37.609687,60,OSM:classe,1,40,
-9.117847,-37.611604,60,OSM:classe,1,40,
-9.117837,-37.730541,60,OSM:classe,1,60,
-9.117835,-35.764315,60,OSM:classe,1,40,
-9.117659,-37.731688,60,OSM:classe,1,40,
-9.117571,-37.734126,60,OSM:classe,1,40,
-9.117561,-37.604234,60,OSM:classe,1,60,
-9.117557,-37.604674,60,OSM:classe,1,40,
-9.117552,-37.719943,100,OSM:classe,1,80,
-9.117539,-37.702572,100,OSM:classe,1,80,
-9.117527,-37.711584,100,OSM:classe,1,80,
-9.117514,-37.604876,60,OSM:classe,1,40,
-9.117511,-37.716136,100,OSM:classe,1,80,
-9.117503,-35.764576,60,OSM:classe,1,40,
-9.117455,-37.732501,60,OSM:classe,1,40,
-9.117434,-35.764244,60,OSM:classe,1,40,
-9.117360,-37.489950,60,OSM:classe,1,40,
-9.117316,-37.707102,100,OSM:classe,1,80,
-9.117311,-37.689098,100,OSM:classe,1,80,
-9.117278,-35.385814,80,OSM:classe,1,60,
-9.117273,-37.733344,60,OSM:classe,1,40,
-9.117216,-37.717833,100,OSM:classe,1,80,
-9.117041,-35.764030,100,OSM,0,,
-9.116946,-37.726098,60,OSM:classe,1,40,
-9.116913,-35.957809,60,OSM:classe,1,40,
-9.116909,-35.390335,80,OSM:classe,1,60,
-9.116888,-37.565023,60,OSM:classe,1,40,
-9.116877,-35.764146,100,OSM,0,,
-9.116830,-37.607595,60,OSM:classe,1,60,
-9.116648,-37.608188,60,OSM:classe,1,60,
-9.116574,-36.123765,60,OSM:classe,1,40,
-9.116511,-37.608660,60,OSM:classe,1,60,
-9.116433,-37.684696,100,OSM:classe,1,80,
-9.116412,-37.730916,60,OSM:classe,1,40,
-9.116339,-37.609291,60,OSM:classe,1,40,
-9.116322,-35.269710,60,OSM:classe,1,40,
-9.116119,-37.730541,60,OSM:classe,1,40,
-9.116096,-37.538559,60,OSM:classe,1,40,
-9.116021,-37.734830,60,OSM:classe,1,50,
-9.115959,-36.115495,60,OSM:classe,1,40,
-9.115865,-37.604612,60,OSM:classe,1,40,
-9.115764,-36.119535,60,OSM:classe,1,40,
-9.115749,-37.725625,60,OSM:classe,1,40,
-9.115609,-37.598346,60,OSM:classe,1,40,
-9.115594,-37.604447,60,OSM:classe,1,40,
-9.115435,-37.728100,60,OSM:classe,1,40,
-9.115417,-36.044746,80,OSM,0,,
-9.115415,-37.539478,60,OSM:classe,1,40,
-9.115372,-35.712869,60,OSM:classe,1,50,
-9.115298,-35.558101,80,OSM:classe,1,60,
-9.115249,-37.613031,60,OSM:classe,1,60,
-9.115225,-37.725932,60,OSM:classe,1,40,
-9.115201,-37.726098,60,OSM:classe,1,40,
-9.115201,-36.205730,60,OSM:classe,1,40,
-9.115122,-35.883093,60,OSM:classe,1,40,
-9.115023,-37.725952,60,OSM:classe,1,40,
-9.114981,-37.604474,60,OSM:classe,1,40,
-9.114941,-37.534973,60,OSM:classe,1,40,
-9.114881,-35.954867,60,OSM:classe,1,40,
-9.114692,-37.552458,60,OSM:classe,1,40,
-9.114679,-35.394212,80,OSM:classe,1,60,
-9.114662,-35.764103,100,OSM,0,,
-9.114649,-37.543945,60,OSM:classe,1,40,
-9.114629,-37.509423,60,OSM:classe,1,40,
-9.114452,-35.525048,100,OSM:classe,1,80,
-9.114429,-37.676266,100,OSM:classe,1,80,
-9.114322,-37.561283,60,OSM:classe,1,40,
-9.114279,-36.153088,60,OSM:classe,1,40,
-9.114278,-37.374298,60,OSM:classe,1,40,
-9.114276,-37.680712,100,OSM:classe,1,80,
-9.114159,-37.556906,60,OSM:classe,1,40,
-9.114159,-36.111322,60,OSM:classe,1,40,
-9.114098,-37.671727,100,OSM:classe,1,80,
-9.114032,-35.764209,100,OSM,0,,
-9.114025,-37.560850,60,OSM:classe,1,40,
-9.113988,-37.617402,60,OSM:classe,1,60,
-9.113568,-35.948234,60,OSM:classe,1,40,
-9.113538,-35.763762,100,OSM,0,,
-9.113526,-37.603652,60,OSM:classe,1,40,
-9.113521,-37.548079,60,OSM:classe,1,40,
-9.113450,-35.951064,60,OSM:classe,1,40,
-9.113431,-35.878936,60,OSM:classe,1,40,
-9.113382,-37.530820,60,OSM:classe,1,40,
-9.113325,-37.491959,60,OSM:classe,1,40,
-9.113325,-35.886556,60,OSM:classe,1,40,
-9.113293,-35.763776,100,OSM,0,,
-9.113290,-37.725797,60,OSM:classe,1,40,
-9.113247,-35.765706,60,OSM:classe,1,40,
-9.113171,-37.594581,60,OSM:classe,1,40,
-9.113064,-35.398374,80,OSM:classe,1,60,
-9.112726,-37.621773,60,OSM:classe,1,60,
-9.112715,-35.709519,60,OSM:classe,1,50,
-9.112571,-37.526340,60,OSM:classe,1,40,
-9.112549,-36.047013,80,OSM,0,,
-9.112430,-35.769939,60,OSM:classe,1,40,
-9.112358,-36.107149,60,OSM:classe,1,40,
-9.112238,-35.560857,80,OSM:classe,1,60,
-9.112180,-35.267965,60,OSM:classe,1,40,
-9.112137,-37.667792,100,OSM:classe,1,80,
-9.112110,-35.402816,80,OSM:classe,1,60,
-9.111958,-35.762496,100,OSM,0,,
-9.111921,-35.945103,60,OSM:classe,1,40,
-9.111918,-35.774276,60,OSM:classe,1,40,
-9.111849,-35.889820,60,OSM:classe,1,40,
-9.111787,-37.735719,60,OSM:classe,1,50,
-9.111706,-35.267735,60,OSM:classe,1,40,
-9.111570,-35.267674,40,OSM:classe,1,40,
-9.111496,-37.521924,60,OSM:classe,1,40,
-9.111465,-37.626145,60,OSM:classe,1,60,
-9.111417,-35.876093,60,OSM:classe,1,40,
-9.111264,-36.207542,60,OSM:classe,1,40,
-9.111253,-36.152513,60,OSM:classe,1,40,
-9.111059,-37.511763,60,OSM:classe,1,40,
-9.111055,-37.739433,60,OSM:classe,1,50,
-9.110889,-35.705366,60,OSM:classe,1,50,
-9.110767,-35.945124,60,OSM:classe,1,40,
-9.110762,-35.905847,60,OSM:classe,1,40,
-9.110759,-37.600161,60,OSM:classe,1,40,
-9.110752,-37.375320,60,OSM:classe,1,40,
-9.110729,-35.941333,60,OSM:classe,1,40,
-9.110720,-35.407147,80,OSM:classe,1,60,
-9.110695,-37.723224,60,OSM:classe,1,40,
-9.110660,-35.901317,60,OSM:classe,1,40,
-9.110580,-35.914007,60,OSM:classe,1,40,
-9.110557,-36.102976,60,OSM:classe,1,40,
-9.110509,-35.917958,60,OSM:classe,1,40,
-9.110415,-37.570111,60,OSM:classe,1,40,
-9.110370,-37.495291,60,OSM:classe,1,40,
-9.110320,-37.595639,60,OSM:classe,1,40,
-9.110277,-35.411194,80,OSM:classe,1,60,
-9.110203,-37.630516,60,OSM:classe,1,60,
-9.110199,-35.523569,100,OSM:classe,1,80,
-9.110198,-37.565562,60,OSM:classe,1,40,
-9.110186,-35.760231,100,OSM,0,,
-9.110114,-35.896797,60,OSM:classe,1,40,
-9.109984,-37.561017,60,OSM:classe,1,40,
-9.109877,-35.700956,60,OSM:classe,1,50,
-9.109820,-37.593748,60,OSM:classe,1,40,
-9.109814,-35.937574,60,OSM:classe,1,40,
-9.109682,-37.574311,60,OSM:classe,1,40,
-9.109544,-37.496401,60,OSM:classe,1,40,
-9.109515,-35.759507,100,OSM,0,,
-9.109487,-35.759656,100,OSM,0,,
-9.109467,-37.664128,100,OSM:classe,1,80,
-9.109434,-35.699376,60,OSM:classe,1,50,
-9.109316,-37.743536,60,OSM:classe,1,50,
-9.109305,-35.931123,60,OSM:classe,1,40,
-9.109253,-35.892332,60,OSM:classe,1,40,
-9.109216,-35.777749,60,OSM:classe,1,40,
-9.109122,-35.909757,60,OSM:classe,1,40,
-9.108991,-37.518371,60,OSM:classe,1,40,
-9.108947,-35.864649,60,OSM:classe,1,40,
-9.108942,-37.634887,60,OSM:classe,1,60,
-9.108902,-35.933657,60,OSM:classe,1,40,
-9.108741,-35.872975,60,OSM:classe,1,40,
-9.108695,-35.657277,60,OSM:classe,1,50,
-9.108638,-37.635939,100,OSM:classe,1,80,
-9.108637,-36.049451,80,OSM,0,,
-9.108624,-36.098884,60,OSM:classe,1,40,
-9.108582,-35.666196,60,OSM:classe,1,50,
-9.108536,-36.210776,60,OSM:classe,1,40,
-9.108490,-35.868649,60,OSM:classe,1,40,
-9.108269,-35.661708,60,OSM:classe,1,50,
-9.108267,-35.921622,60,OSM:classe,1,40,
-9.108187,-37.500444,60,OSM:classe,1,40,
-9.108141,-35.264728,40,OSM:classe,1,40,
-9.108075,-36.154776,60,OSM:classe,1,40,
-9.108016,-35.696249,60,OSM:classe,1,50,
-9.107997,-37.504994,60,OSM:classe,1,40,
-9.107839,-35.561538,80,OSM:classe,1,60,
-9.107820,-37.514085,60,OSM:classe,1,40,
-9.107807,-37.509544,60,OSM:classe,1,40,
-9.107679,-37.590706,60,OSM:classe,1,40,
-9.107668,-37.512876,60,OSM:classe,1,40,
-9.107627,-36.050701,80,OSM,0,,
-9.107368,-37.640307,100,OSM:classe,1,80,
-9.107292,-35.876291,60,OSM:classe,1,40,
-9.107286,-35.784863,60,OSM:classe,1,40,
-9.107226,-37.586217,60,OSM:classe,1,40,
-9.107062,-37.585571,60,OSM:classe,1,40,
-9.106940,-37.720758,60,OSM:classe,1,40,
-9.106858,-37.747241,60,OSM:classe,1,50,
-9.106704,-37.582229,60,OSM:classe,1,40,
-9.106699,-37.577690,60,OSM:classe,1,40,
-9.106429,-37.376572,60,OSM:classe,1,40,
-9.106396,-36.095035,60,OSM:classe,1,40,
-9.106392,-35.861458,60,OSM:classe,1,40,
-9.106290,-35.413066,80,OSM:classe,1,60,
-9.106241,-35.669509,60,OSM:classe,1,50,
-9.106234,-37.660970,100,OSM:classe,1,80,
-9.106219,-35.859142,60,OSM:classe,1,40,
-9.106140,-36.053713,80,OSM,0,,
-9.106133,-35.649744,80,OSM:classe,1,60,
-9.106098,-37.644676,100,OSM:classe,1,80,
-9.106056,-37.576918,60,OSM:classe,1,40,
-9.105995,-35.654116,60,OSM:classe,1,50,
-9.105973,-35.780536,60,OSM:classe,1,40,
-9.105964,-35.854858,60,OSM:classe,1,40,
-9.105945,-35.522091,100,OSM:classe,1,80,
-9.105825,-35.640827,80,OSM:classe,1,60,
-9.105803,-35.645304,80,OSM:classe,1,60,
-9.105756,-35.928762,60,OSM:classe,1,40,
-9.105661,-35.636291,80,OSM:classe,1,60,
-9.105275,-35.850697,60,OSM:classe,1,40,
-9.105260,-36.090629,60,OSM:classe,1,40,
-9.105243,-35.924492,60,OSM:classe,1,40,
-9.105208,-35.788461,60,OSM:classe,1,40,
-9.105204,-35.828628,60,OSM:classe,1,40,
-9.105196,-36.054532,80,OSM,0,,
-9.105157,-37.751315,60,OSM:classe,1,50,
-9.105078,-35.692836,60,OSM:classe,1,50,
-9.104891,-36.055827,60,OSM:classe,1,40,
-9.104873,-36.060356,60,OSM:classe,1,40,
-9.104847,-36.055596,60,OSM:classe,1,40,
-9.104828,-37.649044,100,OSM:classe,1,80,
-9.104728,-36.054785,60,OSM:classe,1,40,
-9.104641,-36.208985,60,OSM:classe,1,40,
-9.104623,-35.261897,40,OSM:classe,1,40,
-9.104363,-35.564353,80,OSM:classe,1,60,
-9.104300,-36.156581,60,OSM:classe,1,40,
-9.104124,-36.086223,60,OSM:classe,1,40,
-9.104009,-36.064819,60,OSM:classe,1,40,
-9.103952,-35.824553,60,OSM:classe,1,40,
-9.103738,-36.055076,80,OSM,0,,
-9.103604,-35.840739,60,OSM:classe,1,40,
-9.103558,-37.653413,100,OSM:classe,1,80,
-9.103547,-35.842263,60,OSM:classe,1,40,
-9.103410,-35.632731,80,OSM:classe,1,60,
-9.103409,-35.836412,60,OSM:classe,1,40,
-9.103377,-35.846813,60,OSM:classe,1,40,
-9.103344,-35.672883,60,OSM:classe,1,50,
-9.103228,-35.817920,60,OSM:classe,1,40,
-9.103192,-35.832292,60,OSM:classe,1,40,
-9.103055,-37.575759,60,OSM:classe,1,40,
-9.103034,-37.718788,60,OSM:classe,1,40,
-9.102987,-36.081817,60,OSM:classe,1,40,
-9.102654,-35.813673,60,OSM:classe,1,40,
-9.102651,-36.069158,60,OSM:classe,1,40,
-9.102640,-37.658242,100,OSM:classe,1,80,
-9.102486,-35.757132,100,OSM,0,,
-9.102444,-37.658121,40,OSM:classe,1,40,
-9.102381,-35.818689,60,OSM:classe,1,40,
-9.102346,-35.575564,80,OSM:classe,1,60,
-9.102312,-37.657696,100,OSM:classe,1,80,
-9.102284,-35.414487,80,OSM:classe,1,60,
-9.102261,-35.689324,60,OSM:classe,1,50,
-9.102228,-35.567701,80,OSM:classe,1,60,
-9.102211,-35.820760,60,OSM:classe,1,40,
-9.102192,-37.658106,100,OSM:classe,1,80,
-9.102141,-35.571404,80,OSM:classe,1,60,
-9.102105,-37.377824,60,OSM:classe,1,40,
-9.102102,-37.658414,100,OSM:classe,1,80,
-9.101895,-36.054991,80,OSM,0,,
-9.101851,-36.077411,60,OSM:classe,1,40,
-9.101833,-36.073622,60,OSM:classe,1,40,
-9.101773,-35.520440,100,OSM:classe,1,80,
-9.101716,-36.160218,60,OSM:classe,1,40,
-9.101666,-36.074853,60,OSM:classe,1,40,
-9.101592,-37.753873,60,OSM:classe,1,50,
-9.101500,-35.628687,80,OSM:classe,1,60,
-9.101491,-36.075596,60,OSM:classe,1,40,
-9.101465,-35.757000,100,OSM,0,,
-9.101415,-37.571621,60,OSM:classe,1,40,
-9.101395,-36.076183,60,OSM:classe,1,40,
-9.101373,-36.076267,60,OSM:classe,1,40,
-9.101079,-35.809690,60,OSM:classe,1,40,
-9.100995,-35.507167,100,OSM:classe,1,80,
-9.100976,-35.506222,100,OSM:classe,1,80,
-9.100945,-35.789332,60,OSM:classe,1,40,
-9.100945,-35.684977,60,OSM:classe,1,50,
-9.100928,-36.209944,60,OSM:classe,1,40,
-9.100849,-35.259492,40,OSM:classe,1,40,
-9.100820,-37.662778,100,OSM:classe,1,80,
-9.100523,-35.680479,60,OSM:classe,1,50,
-9.100440,-35.516114,100,OSM:classe,1,80,
-9.100320,-35.755845,40,OSM:classe,1,40,
-9.100317,-35.511668,100,OSM:classe,1,80,
-9.100304,-35.675953,60,OSM:classe,1,50,
-9.100249,-37.567239,60,OSM:classe,1,40,
-9.100234,-35.581376,80,OSM:classe,1,60,
-9.100050,-35.585903,80,OSM:classe,1,60,
-9.099934,-35.755962,40,OSM:classe,1,40,
-9.099761,-36.054581,80,OSM,0,,
-9.099537,-37.667143,100,OSM:classe,1,80,
-9.099302,-35.577780,80,OSM:classe,1,60,
-9.099115,-35.590272,80,OSM:classe,1,60,
-9.099104,-35.755449,100,OSM,0,,
-9.099045,-37.716699,60,OSM:classe,1,40,
-9.098938,-35.755046,100,OSM,0,,
-9.098809,-35.625067,80,OSM:classe,1,60,
-9.098524,-35.416644,80,OSM:classe,1,60,
-9.098409,-37.563121,60,OSM:classe,1,40,
-9.098276,-36.213279,60,OSM:classe,1,40,
-9.098254,-37.671508,100,OSM:classe,1,80,
-9.098193,-35.624134,80,OSM:classe,1,60,
-9.098023,-36.162709,60,OSM:classe,1,40,
-9.097821,-37.379052,60,OSM:classe,1,40,
-9.097812,-35.594582,80,OSM:classe,1,60,
-9.097700,-35.806991,60,OSM:classe,1,40,
-9.097647,-35.503200,100,OSM:classe,1,80,
-9.097561,-36.077199,60,OSM:classe,1,40,
-9.097209,-37.754413,60,OSM:classe,1,50,
-9.096971,-37.675873,100,OSM:classe,1,80,
-9.096905,-35.602687,80,OSM:classe,1,60,
-9.096902,-35.620382,80,OSM:classe,1,60,
-9.096876,-35.789876,60,OSM:classe,1,40,
-9.096706,-37.558931,60,OSM:classe,1,40,
-9.096609,-35.607008,80,OSM:classe,1,60,
-9.096595,-35.615847,80,OSM:classe,1,60,
-9.096541,-35.258860,40,OSM:classe,1,40,
-9.096115,-35.611427,80,OSM:classe,1,60,
-9.095754,-35.754664,100,OSM,0,,
-9.095694,-35.754459,100,OSM,0,,
-9.095688,-37.680237,100,OSM:classe,1,80,
-9.095670,-36.053453,80,OSM,0,,
-9.095611,-35.598466,80,OSM:classe,1,60,
-9.095395,-36.216427,60,OSM:classe,1,40,
-9.095377,-37.714091,60,OSM:classe,1,40,
-9.095020,-35.754118,100,OSM,0,,
-9.094803,-35.754159,100,OSM,0,,
-9.094589,-35.499901,100,OSM:classe,1,80,
-9.094409,-36.160947,60,OSM:classe,1,40,
-9.094383,-36.080148,60,OSM:classe,1,40,
-9.094362,-35.803969,60,OSM:classe,1,40,
-9.094277,-35.415286,80,OSM:classe,1,60,
-9.094274,-37.555383,60,OSM:classe,1,40,
-9.094191,-35.753192,100,OSM,0,,
-9.094090,-35.753346,100,OSM,0,,
-9.093850,-35.793075,60,OSM:classe,1,40,
-9.093818,-36.084622,60,OSM:classe,1,40,
-9.093798,-37.684362,100,OSM:classe,1,80,
-9.093503,-37.380324,60,OSM:classe,1,40,
-9.092993,-35.750214,100,OSM,0,,
-9.092738,-37.753934,60,OSM:classe,1,50,
-9.092598,-35.795711,60,OSM:classe,1,40,
-9.092468,-35.800042,60,OSM:classe,1,40,
-9.092417,-35.749330,100,OSM,0,,
-9.092109,-35.258768,40,OSM:classe,1,40,
-9.091825,-37.688454,100,OSM:classe,1,80,
-9.091644,-35.748704,80,OSM,0,,
-9.091492,-36.218297,60,OSM:classe,1,40,
-9.091432,-37.712006,60,OSM:classe,1,40,
-9.091372,-36.157821,60,OSM:classe,1,40,
-9.091344,-35.496829,100,OSM:classe,1,80,
-9.091237,-36.051889,80,OSM,0,,
-9.091165,-35.748577,80,OSM,0,,
-9.090916,-36.088022,60,OSM:classe,1,40,
-9.090849,-37.552458,60,OSM:classe,1,40,
-9.090775,-35.417833,80,OSM:classe,1,60,
-9.090039,-35.258087,60,OSM:classe,1,40,
-9.089997,-35.258072,40,OSM:classe,1,40,
-9.089851,-37.692545,100,OSM:classe,1,80,
-9.089736,-35.258110,60,OSM:classe,1,40,
-9.089550,-35.748802,80,OSM,0,,
-9.089234,-35.485486,100,OSM:classe,1,80,
-9.089186,-37.381597,60,OSM:classe,1,40,
-9.088854,-35.257623,40,OSM:classe,1,40,
-9.088823,-35.490012,100,OSM:classe,1,80,
-9.088766,-37.548545,60,OSM:classe,1,40,
-9.088506,-35.748659,80,OSM,0,,
-9.088391,-37.752890,60,OSM:classe,1,50,
-9.088366,-35.257434,40,OSM:classe,1,40,
-9.088269,-35.494532,100,OSM:classe,1,80,
-9.088217,-36.052314,80,OSM,0,,
-9.088172,-35.258338,60,OSM:classe,1,40,
-9.088086,-36.091359,60,OSM:classe,1,40,
-9.088071,-35.258505,60,OSM:classe,1,40,
-9.088036,-37.696710,100,OSM:classe,1,80,
-9.087812,-35.481251,100,OSM:classe,1,80,
-9.087636,-36.155673,60,OSM:classe,1,40,
-9.087575,-37.709957,60,OSM:classe,1,40,
-9.087434,-36.052217,80,OSM,0,,
-9.087401,-35.417587,80,OSM:classe,1,60,
-9.087381,-37.544213,60,OSM:classe,1,40,
-9.087208,-35.258807,60,OSM:classe,1,40,
-9.087185,-36.218540,60,OSM:classe,1,40,
-9.086896,-35.259090,60,OSM:classe,1,40,
-9.086753,-35.476825,100,OSM:classe,1,80,
-9.086308,-37.700914,100,OSM:classe,1,80,
-9.086304,-35.259024,60,OSM:classe,1,60,
-9.086289,-35.259346,40,OSM:classe,1,40,
-9.086220,-35.259134,60,OSM:classe,1,60,
-9.086056,-35.259314,60,OSM:classe,1,60,
-9.085860,-35.259501,60,OSM:classe,1,60,
-9.085852,-35.473056,100,OSM:classe,1,80,
-9.085751,-35.254833,60,OSM:classe,1,60,
-9.084868,-37.382869,60,OSM:classe,1,40,
-9.084829,-36.050737,80,OSM,0,,
-9.084818,-36.222022,60,OSM:classe,1,40,
-9.084677,-37.705152,100,OSM:classe,1,80,
-9.084515,-35.253648,60,OSM:classe,1,60,
-9.084334,-36.089918,60,OSM:classe,1,40,
-9.084281,-37.541109,60,OSM:classe,1,40,
-9.084168,-36.214350,60,OSM:classe,1,40,
-9.084150,-37.707023,100,OSM:classe,1,80,
-9.084147,-37.751388,60,OSM:classe,1,50,
-9.083999,-36.153394,60,OSM:classe,1,40,
-9.083828,-35.417794,80,OSM:classe,1,60,
-9.083757,-36.219471,60,OSM:classe,1,40,
-9.083672,-35.261686,60,OSM:classe,1,60,
-9.083576,-36.218744,60,OSM:classe,1,40,
-9.083369,-35.252354,60,OSM:classe,1,60,
-9.083270,-35.252221,60,OSM:classe,1,60,
-9.082916,-37.711401,100,OSM:classe,1,80,
-9.082502,-35.265874,60,OSM:classe,1,60,
-9.082379,-35.470192,100,OSM:classe,1,80,
-9.082314,-36.211512,60,OSM:classe,1,40,
-9.082030,-35.270403,60,OSM:classe,1,60,
-9.081682,-37.715780,100,OSM:classe,1,80,
-9.081123,-35.416797,80,OSM:classe,1,60,
-9.080955,-36.091596,60,OSM:classe,1,40,
-9.080850,-36.049535,80,OSM,0,,
-9.080595,-37.538559,60,OSM:classe,1,40,
-9.080561,-37.384174,60,OSM:classe,1,40,
-9.080448,-37.720159,100,OSM:classe,1,80,
-9.080437,-35.414201,60,OSM:classe,1,50,
-9.080070,-36.152623,60,OSM:classe,1,40,
-9.079902,-37.749885,60,OSM:classe,1,50,
-9.079510,-35.466719,100,OSM:classe,1,80,
-9.079451,-35.273712,60,OSM:classe,1,60,
-9.079213,-37.724538,100,OSM:classe,1,80,
-9.078993,-36.208595,60,OSM:classe,1,40,
-9.078686,-35.743917,80,OSM,0,,
-9.078567,-36.048180,80,OSM,0,,
-9.078043,-35.281156,60,OSM:classe,1,60,
-9.077979,-37.728917,100,OSM:classe,1,80,
-9.077912,-36.042408,80,OSM,0,,
-9.077877,-35.743884,80,OSM,0,,
-9.077699,-36.040428,80,OSM,0,,
-9.077628,-36.047224,80,OSM,0,,
-9.077296,-36.204406,60,OSM:classe,1,40,
-9.077253,-36.046152,80,OSM,0,,
-9.076942,-35.285337,60,OSM:classe,1,60,
-9.076890,-35.463029,100,OSM:classe,1,80,
-9.076887,-36.093414,60,OSM:classe,1,40,
-9.076851,-36.037812,80,OSM,0,,
-9.076810,-36.149751,60,OSM:classe,1,40,
-9.076745,-37.733295,100,OSM:classe,1,80,
-9.076642,-37.536598,60,OSM:classe,1,40,
-9.076501,-35.277043,60,OSM:classe,1,60,
-9.076360,-35.412392,60,OSM:classe,1,50,
-9.076301,-35.289815,60,OSM:classe,1,60,
-9.076292,-37.385604,60,OSM:classe,1,40,
-9.075897,-35.744610,80,OSM,0,,
-9.075657,-37.748382,60,OSM:classe,1,50,
-9.075511,-37.737674,100,OSM:classe,1,80,
-9.075368,-36.036685,80,OSM,0,,
-9.075358,-36.151856,60,OSM:classe,1,40,
-9.075047,-35.744623,80,OSM,0,,
-9.074986,-35.298413,60,OSM:classe,1,60,
-9.074709,-35.293924,60,OSM:classe,1,60,
-9.074295,-36.036690,80,OSM,0,,
-9.074277,-37.742053,100,OSM:classe,1,80,
-9.074168,-35.459616,100,OSM:classe,1,80,
-9.074121,-35.408547,60,OSM:classe,1,50,
-9.073792,-35.243017,60,OSM:classe,1,60,
-9.073502,-35.302711,60,OSM:classe,1,60,
-9.073447,-36.203415,60,OSM:classe,1,40,
-9.072913,-36.093444,60,OSM:classe,1,40,
-9.072754,-36.155331,60,OSM:classe,1,40,
-9.072319,-37.746050,100,OSM:classe,1,80,
-9.072218,-37.536018,60,OSM:classe,1,40,
-9.072023,-37.387035,60,OSM:classe,1,40,
-9.072018,-35.307009,60,OSM:classe,1,60,
-9.071553,-35.311393,60,OSM:classe,1,60,
-9.071412,-37.746880,60,OSM:classe,1,50,
-9.071221,-35.241800,60,OSM:classe,1,60,
-9.070964,-35.456523,100,OSM:classe,1,80,
-9.070869,-35.405972,60,OSM:classe,1,50,
-9.070794,-35.241643,60,OSM:classe,1,60,
-9.070730,-35.241870,40,OSM:classe,1,40,
-9.070393,-35.241522,60,OSM:classe,1,60,
-9.070290,-35.315021,60,OSM:classe,1,60,
-9.070242,-36.200920,60,OSM:classe,1,40,
-9.069777,-36.152504,60,OSM:classe,1,40,
-9.069739,-37.748281,100,OSM:classe,1,80,
-9.069592,-35.452187,100,OSM:classe,1,80,
-9.069363,-35.742118,80,OSM,0,,
-9.069358,-36.039130,80,OSM,0,,
-9.068766,-36.094950,60,OSM:classe,1,40,
-9.068634,-35.449160,100,OSM:classe,1,80,
-9.068562,-35.241139,60,OSM:classe,1,60,
-9.068230,-35.241342,40,OSM:classe,1,40,
-9.068165,-36.039287,80,OSM,0,,
-9.068150,-35.241190,60,OSM:classe,1,60,
-9.067933,-35.241266,60,OSM:classe,1,60,
-9.067867,-37.534868,60,OSM:classe,1,40,
-9.067754,-37.388465,60,OSM:classe,1,40,
-9.067258,-36.096347,60,OSM:classe,1,40,
-9.067108,-36.038651,80,OSM,0,,
-9.066929,-35.242128,60,OSM:classe,1,60,
-9.066838,-35.376244,60,OSM:classe,1,60,
-9.066835,-35.317827,60,OSM:classe,1,60,
-9.066791,-36.105072,60,OSM:classe,1,40,
-9.066597,-36.100714,60,OSM:classe,1,40,
-9.066563,-35.242644,40,OSM,0,,
-9.066500,-35.404958,80,OSM:classe,1,60,
-9.066443,-36.150028,60,OSM:classe,1,40,
-9.066410,-35.445202,100,OSM:classe,1,80,
-9.066366,-35.371716,60,OSM:classe,1,60,
-9.066356,-35.353127,60,OSM:classe,1,60,
-9.066264,-37.751170,100,OSM:classe,1,80,
-9.066244,-35.404979,80,OSM:classe,1,60,
-9.066174,-36.199244,60,OSM:classe,1,40,
-9.066143,-35.322298,60,OSM:classe,1,60,
-9.065942,-35.243199,40,OSM,0,,
-9.065931,-36.108871,60,OSM:classe,1,40,
-9.065427,-35.367353,60,OSM:classe,1,60,
-9.065389,-36.036009,80,OSM,0,,
-9.065344,-35.243288,40,OSM,0,,
-9.065136,-35.440854,100,OSM:classe,1,80,
-9.064880,-35.330196,60,OSM:classe,1,60,
-9.064871,-35.380151,60,OSM:classe,1,60,
-9.064852,-35.326380,60,OSM:classe,1,60,
-9.064737,-36.035453,80,OSM,0,,
-9.064140,-35.349822,60,OSM:classe,1,60,
-9.064005,-35.436447,100,OSM:classe,1,80,
-9.063655,-36.035272,80,OSM,0,,
-9.063583,-37.533497,60,OSM:classe,1,40,
-9.063485,-37.389896,60,OSM:classe,1,40,
-9.062969,-37.754266,100,OSM:classe,1,80,
-9.062929,-35.338008,60,OSM:classe,1,60,
-9.062763,-35.355842,60,OSM:classe,1,60,
-9.062527,-36.111459,60,OSM:classe,1,40,
-9.062413,-35.730725,80,OSM,0,,
-9.062379,-35.364024,60,OSM:classe,1,60,
-9.062209,-35.346228,60,OSM:classe,1,60,
-9.062176,-35.333715,60,OSM:classe,1,60,
-9.062121,-36.145743,60,OSM:classe,1,40,
-9.062088,-36.149257,60,OSM:classe,1,40,
-9.061936,-35.406281,80,OSM:classe,1,60,
-9.061916,-36.198028,60,OSM:classe,1,40,
-9.061885,-36.134392,60,OSM:classe,1,40,
-9.061837,-35.242096,40,OSM,0,,
-9.061814,-35.383491,60,OSM:classe,1,60,
-9.061630,-36.035730,80,OSM,0,,
-9.061525,-36.143022,60,OSM:classe,1,40,
-9.061467,-36.197698,60,OSM:classe,1,40,
-9.061446,-36.145325,60,OSM:classe,1,40,
-9.061430,-36.138718,60,OSM:classe,1,40,
-9.061376,-35.359784,60,OSM:classe,1,60,
-9.061330,-36.145186,60,OSM:classe,1,40,
-9.061129,-35.726531,80,OSM,0,,
-9.060978,-35.433151,100,OSM:classe,1,80,
-9.060857,-35.342041,60,OSM:classe,1,60,
-9.060644,-35.391567,60,OSM:classe,1,40,
-9.060493,-35.391365,60,OSM:classe,1,40,
-9.060080,-36.195835,60,OSM:classe,1,40,
-9.060055,-35.396081,60,OSM:classe,1,40,
-9.059958,-35.396824,60,OSM:classe,1,40,
-9.059804,-35.391571,60,OSM:classe,1,40,
-9.059702,-37.757395,100,OSM:classe,1,80,
-9.059659,-35.391768,60,OSM:classe,1,40,
-9.059578,-35.405180,80,OSM:classe,1,60,
-9.059573,-36.146942,60,OSM:classe,1,40,
-9.059546,-36.035519,80,OSM,0,,
-9.059542,-35.407334,80,OSM:classe,1,60,
-9.059532,-36.127223,60,OSM:classe,1,40,
-9.059443,-36.130854,60,OSM:classe,1,40,
-9.059394,-36.114483,60,OSM:classe,1,40,
-9.059343,-37.531981,60,OSM:classe,1,40,
-9.059216,-37.391327,60,OSM:classe,1,40,
-9.059028,-35.399579,60,OSM:classe,1,40,
-9.058762,-36.035111,80,OSM,0,,
-9.058595,-35.386638,60,OSM:classe,1,60,
-9.058450,-35.395397,60,OSM:classe,1,40,
-9.058441,-36.121096,60,OSM:classe,1,40,
-9.058388,-36.121130,60,OSM:classe,1,40,
-9.058335,-36.122874,60,OSM:classe,1,40,
-9.058294,-35.395754,60,OSM:classe,1,40,
-9.058233,-36.121230,60,OSM:classe,1,40,
-9.058172,-36.121277,60,OSM:classe,1,40,
-9.058143,-36.192077,60,OSM:classe,1,40,
-9.057953,-35.719094,80,OSM,0,,
-9.057894,-35.391913,60,OSM:classe,1,40,
-9.057838,-35.408152,80,OSM:classe,1,60,
-9.057767,-35.429963,100,OSM:classe,1,80,
-9.057702,-35.394306,60,OSM:classe,1,40,
-9.057700,-35.397349,60,OSM:classe,1,40,
-9.057379,-36.033703,80,OSM,0,,
-9.057293,-36.118396,60,OSM:classe,1,40,
-9.057229,-36.150622,60,OSM:classe,1,40,
-9.057129,-35.408480,80,OSM:classe,1,60,
-9.057000,-36.182605,60,OSM:classe,1,40,
-9.056831,-35.392198,60,OSM:classe,1,40,
-9.056816,-35.408630,60,OSM:classe,1,50,
-9.056803,-36.179254,60,OSM:classe,1,40,
-9.056683,-36.033476,80,OSM,0,,
-9.056436,-37.760525,100,OSM:classe,1,80,
-9.056407,-35.389983,60,OSM:classe,1,40,
-9.056370,-37.392222,60,OSM:classe,1,40,
-9.056303,-35.389707,60,OSM:classe,1,40,
-9.056118,-36.119503,60,OSM:classe,1,40,
-9.056072,-35.392833,60,OSM:classe,1,40,
-9.056058,-35.398488,60,OSM:classe,1,40,
-9.055856,-36.033727,80,OSM,0,,
-9.055818,-35.402847,60,OSM:classe,1,50,
-9.055501,-36.161257,60,OSM:classe,1,40,
-9.055417,-36.188816,60,OSM:classe,1,40,
-9.055281,-35.426377,100,OSM:classe,1,80,
-9.055240,-35.388511,60,OSM:classe,1,40,
-9.055149,-35.400600,60,OSM:classe,1,40,
-9.055128,-36.171994,60,OSM:classe,1,40,
-9.055122,-35.401819,60,OSM:classe,1,50,
-9.055057,-36.167819,60,OSM:classe,1,40,
-9.055031,-35.401511,60,OSM:classe,1,50,
-9.055030,-37.530701,60,OSM:classe,1,40,
-9.054934,-35.401398,60,OSM:classe,1,50,
-9.054772,-36.153363,60,OSM:classe,1,40,
-9.054662,-35.388840,60,OSM:classe,1,60,
-9.054353,-36.175613,60,OSM:classe,1,40,
-9.053885,-35.423912,60,OSM:classe,1,60,
-9.053842,-35.397865,60,OSM:classe,1,40,
-9.053812,-35.394902,60,OSM:classe,1,40,
-9.053748,-36.185628,60,OSM:classe,1,40,
-9.053621,-36.157462,60,OSM:classe,1,40,
-9.053611,-36.165069,60,OSM:classe,1,40,
-9.053518,-35.401540,60,OSM:classe,1,50,
-9.053481,-36.165238,60,OSM:classe,1,40,
-9.053346,-36.165578,60,OSM:classe,1,40,
-9.053261,-35.714058,80,OSM,0,,
-9.053227,-35.411252,60,OSM:classe,1,50,
-9.053169,-37.763654,100,OSM:classe,1,80,
-9.052821,-36.036467,80,OSM,0,,
-9.052763,-35.713560,80,OSM,0,,
-9.052444,-36.118199,60,OSM:classe,1,40,
-9.052407,-35.419612,60,OSM:classe,1,60,
-9.052347,-35.397863,60,OSM:classe,1,40,
-9.051513,-35.394796,60,OSM:classe,1,40,
-9.051031,-35.399695,60,OSM:classe,1,50,
-9.051016,-36.037299,80,OSM,0,,
-9.050929,-35.415311,60,OSM:classe,1,60,
-9.050864,-35.396220,60,OSM:classe,1,40,
-9.050773,-35.397424,60,OSM:classe,1,40,
-9.050697,-35.390989,60,OSM:classe,1,60,
-9.050675,-37.529567,60,OSM:classe,1,40,
-9.050590,-35.414306,60,OSM:classe,1,50,
-9.050207,-36.114743,60,OSM:classe,1,40,
-9.049903,-37.766783,100,OSM:classe,1,80,
-9.049874,-36.037489,80,OSM,0,,
-9.049677,-36.110342,60,OSM:classe,1,40,
-9.049452,-35.411011,60,OSM:classe,1,60,
-9.049102,-35.241572,40,OSM,0,,
-9.048268,-35.407566,100,OSM:classe,1,80,
-9.048255,-35.708970,80,OSM,0,,
-9.048065,-35.406995,60,OSM:classe,1,60,
-9.047633,-35.402637,60,OSM:classe,1,50,
-9.047603,-36.106972,60,OSM:classe,1,40,
-9.047552,-35.241056,40,OSM,0,,
-9.047472,-35.405213,60,OSM:classe,1,60,
-9.047221,-35.402895,60,OSM:classe,1,50,
-9.047108,-35.393608,60,OSM:classe,1,60,
-9.046976,-35.403140,60,OSM:classe,1,50,
-9.046928,-35.402975,60,OSM:classe,1,50,
-9.046883,-35.403545,60,OSM:classe,1,60,
-9.046883,-35.402960,40,OSM:classe,1,40,
-9.046770,-35.403155,60,OSM:classe,1,50,
-9.046740,-35.403171,60,OSM:classe,1,60,
-9.046636,-37.769912,100,OSM:classe,1,80,
-9.046629,-35.402862,60,OSM:classe,1,60,
-9.046428,-35.402264,60,OSM:classe,1,60,
-9.046311,-37.528471,60,OSM:classe,1,40,
-9.045587,-35.397871,60,OSM:classe,1,60,
-9.045134,-36.104311,60,OSM:classe,1,40,
-9.045098,-35.238919,40,OSM,0,,
-9.043866,-35.407846,60,OSM:classe,1,50,
-9.043830,-36.092070,60,OSM:classe,1,40,
-9.043369,-37.773041,100,OSM:classe,1,80,
-9.043258,-36.096429,60,OSM:classe,1,40,
-9.043167,-36.100442,60,OSM:classe,1,40,
-9.042903,-36.087681,60,OSM:classe,1,40,
-9.042840,-36.038195,60,OSM:classe,1,40,
-9.042762,-36.037670,80,OSM,0,,
-9.042418,-36.084668,60,OSM:classe,1,40,
-9.042023,-36.080448,60,OSM:classe,1,40,
-9.041919,-37.527535,60,OSM:classe,1,40,
-9.041755,-35.235875,60,OSM:classe,1,60,
-9.041220,-35.698536,80,OSM,0,,
-9.040912,-36.076594,60,OSM:classe,1,40,
-9.040733,-36.084005,60,OSM:classe,1,40,
-9.040685,-36.084340,60,OSM:classe,1,40,
-9.040682,-36.084182,60,OSM:classe,1,40,
-9.040315,-35.410584,60,OSM:classe,1,50,
-9.040103,-37.776170,100,OSM:classe,1,80,
-9.039435,-35.693286,80,OSM,0,,
-9.039311,-36.038960,60,OSM:classe,1,40,
-9.038710,-36.074942,60,OSM:classe,1,40,
-9.038621,-36.074481,60,OSM:classe,1,40,
-9.038606,-35.690878,80,OSM,0,,
-9.038004,-35.233365,60,OSM:classe,1,60,
-9.037732,-37.526378,60,OSM:classe,1,40,
-9.037081,-36.039141,60,OSM:classe,1,40,
-9.036502,-37.778848,100,OSM:classe,1,80,
-9.036425,-35.412859,60,OSM:classe,1,50,
-9.036314,-35.686700,80,OSM,0,,
-9.035935,-36.039165,60,OSM:classe,1,40,
-9.035821,-36.038149,60,OSM,0,,
-9.035608,-35.685942,80,OSM,0,,
-9.034743,-36.072258,60,OSM:classe,1,40,
-9.034532,-37.523189,60,OSM:classe,1,40,
-9.034400,-36.023380,60,OSM:classe,1,40,
-9.034074,-35.231170,60,OSM:classe,1,60,
-9.034052,-35.684971,80,OSM,0,,
-9.033770,-36.027121,60,OSM:classe,1,40,
-9.033565,-35.684382,100,OSM,0,,
-9.033300,-35.684057,100,OSM,0,,
-9.032768,-36.019363,60,OSM:classe,1,40,
-9.032639,-35.682620,100,OSM,0,,
-9.032622,-37.781149,100,OSM:classe,1,80,
-9.032599,-36.039504,60,OSM:classe,1,40,
-9.032585,-35.682862,100,OSM,0,,
-9.032154,-35.414264,60,OSM:classe,1,50,
-9.031732,-36.030811,60,OSM:classe,1,40,
-9.031576,-35.682112,100,OSM,0,,
-9.031492,-36.015058,60,OSM:classe,1,40,
-9.031484,-35.681891,100,OSM,0,,
-9.031257,-37.520096,60,OSM:classe,1,40,
-9.030418,-36.071456,60,OSM:classe,1,40,
-9.030266,-36.034841,60,OSM:classe,1,40,
-9.029828,-35.229712,60,OSM:classe,1,60,
-9.029593,-35.681498,100,OSM,0,,
-9.029502,-35.681354,100,OSM,0,,
-9.029470,-35.417717,60,OSM:classe,1,50,
-9.028899,-36.011779,60,OSM:classe,1,40,
-9.028879,-36.038628,60,OSM,0,,
-9.028742,-37.783450,100,OSM:classe,1,80,
-9.028438,-36.038890,40,OSM:classe,1,40,
-9.028424,-36.038642,60,OSM,0,,
-9.028340,-36.039284,60,OSM:classe,1,60,
-9.028116,-36.039867,60,OSM:classe,1,40,
-9.027945,-35.681736,100,OSM,0,,
-9.027915,-36.038649,60,OSM,0,,
-9.027904,-37.517139,60,OSM:classe,1,40,
-9.027660,-35.681665,100,OSM,0,,
-9.027627,-36.038634,60,OSM,0,,
-9.027617,-36.008312,60,OSM:classe,1,40,
-9.026391,-36.070251,60,OSM:classe,1,40,
-9.026354,-35.420675,60,OSM:classe,1,50,
-9.026234,-35.682094,100,OSM,0,,
-9.025893,-35.682007,100,OSM,0,,
-9.025579,-35.228288,60,OSM:classe,1,60,
-9.025410,-36.004708,60,OSM:classe,1,40,
-9.025081,-36.042312,60,OSM:classe,1,60,
-9.025032,-35.682022,100,OSM,0,,
-9.024862,-37.785751,100,OSM:classe,1,80,
-9.024845,-35.227353,60,OSM:classe,1,60,
-9.024538,-35.226950,60,OSM:classe,1,60,
-9.024435,-37.514266,60,OSM:classe,1,40,
-9.024248,-36.037886,80,OSM,0,,
-9.024061,-35.681246,100,OSM,0,,
-9.024016,-35.424428,60,OSM:classe,1,50,
-9.023665,-35.225886,60,OSM:classe,1,60,
-9.023481,-36.067171,60,OSM:classe,1,40,
-9.022884,-35.680471,100,OSM,0,,
-9.022768,-36.062707,60,OSM:classe,1,40,
-9.022267,-36.045859,60,OSM:classe,1,60,
-9.021519,-35.679165,100,OSM,0,,
-9.021393,-36.003229,60,OSM:classe,1,40,
-9.020982,-37.788052,100,OSM:classe,1,80,
-9.020566,-35.678728,100,OSM,0,,
-9.020450,-37.512273,60,OSM:classe,1,40,
-9.020110,-36.036672,80,OSM,0,,
-9.020074,-35.678315,100,OSM,0,,
-9.019876,-35.426205,60,OSM:classe,1,50,
-9.019684,-35.678524,100,OSM,0,,
-9.019604,-36.059923,60,OSM:classe,1,40,
-9.019518,-36.036019,80,OSM,0,,
-9.019444,-36.049388,60,OSM:classe,1,60,
-9.019414,-35.225150,60,OSM:classe,1,60,
-9.019331,-35.999581,60,OSM:classe,1,40,
-9.019153,-35.224059,60,OSM:classe,1,40,
-9.018944,-35.225140,60,OSM:classe,1,40,
-9.018550,-35.223823,40,OSM:classe,1,40,
-9.018498,-35.678677,100,OSM,0,,
-9.018479,-35.224083,40,OSM:classe,1,40,
-9.018411,-35.224318,40,OSM:classe,1,40,
-9.018252,-35.225165,40,OSM:classe,1,40,
-9.017967,-35.974976,60,OSM:classe,1,40,
-9.017911,-35.978892,60,OSM:classe,1,40,
-9.017678,-36.032545,80,OSM,0,,
-9.017187,-35.223664,40,OSM:classe,1,40,
-9.017114,-36.032141,80,OSM,0,,
-9.017102,-37.790353,100,OSM:classe,1,80,
-9.016804,-36.056291,60,OSM:classe,1,60,
-9.016782,-36.061662,60,OSM:classe,1,40,
-9.016517,-35.285942,60,OSM:classe,1,40,
-9.016297,-37.510546,60,OSM:classe,1,40,
-9.016162,-36.052442,60,OSM:classe,1,60,
-9.016105,-35.986427,60,OSM:classe,1,40,
-9.016082,-36.052567,60,OSM:classe,1,40,
-9.015950,-35.972398,60,OSM:classe,1,40,
-9.015797,-35.982174,60,OSM:classe,1,40,
-9.015665,-35.998197,60,OSM:classe,1,40,
-9.015620,-35.427544,60,OSM:classe,1,50,
-9.015358,-35.679089,100,OSM,0,,
-9.015291,-35.277478,60,OSM:classe,1,40,
-9.015235,-36.031533,80,OSM,0,,
-9.014996,-35.222633,40,OSM:classe,1,40,
-9.014970,-35.281667,60,OSM:classe,1,40,
-9.014918,-35.225191,60,OSM:classe,1,60,
-9.014816,-35.965734,60,OSM:classe,1,40,
-9.014737,-35.969240,60,OSM:classe,1,40,
-9.014500,-35.221844,40,OSM:classe,1,40,
-9.014328,-35.679361,100,OSM,0,,
-9.013809,-35.990090,60,OSM:classe,1,40,
-9.013794,-36.055144,60,OSM:classe,1,40,
-9.013753,-35.994327,60,OSM:classe,1,40,
-9.013746,-36.055225,60,OSM:classe,1,40,
-9.013676,-35.679008,100,OSM,0,,
-9.013641,-36.059144,60,OSM:classe,1,40,
-9.013624,-36.059111,60,OSM:classe,1,60,
-9.013578,-35.221877,60,OSM:classe,1,40,
-9.013496,-35.428050,60,OSM:classe,1,50,
-9.013222,-37.792654,100,OSM:classe,1,80,
-9.013048,-36.056894,60,OSM:classe,1,40,
-9.013043,-36.057046,60,OSM:classe,1,40,
-9.012898,-36.060757,60,OSM:classe,1,40,
-9.012836,-36.059597,60,OSM:classe,1,60,
-9.012750,-35.222310,60,OSM:classe,1,40,
-9.012676,-36.059673,60,OSM:classe,1,60,
-9.012624,-36.060920,60,OSM:classe,1,40,
-9.012618,-36.059753,60,OSM:classe,1,40,
-9.012537,-35.274057,60,OSM:classe,1,40,
-9.012500,-36.059723,60,OSM:classe,1,40,
-9.012420,-35.221869,60,OSM:classe,1,40,
-9.012337,-36.060833,60,OSM:classe,1,40,
-9.012210,-37.508648,60,OSM:classe,1,40,
-9.012180,-35.225261,60,OSM:classe,1,40,
-9.012166,-36.060988,60,OSM:classe,1,40,
-9.012126,-35.225263,60,OSM:classe,1,40,
-9.012072,-36.057968,60,OSM:classe,1,40,
-9.012031,-36.059998,60,OSM:classe,1,60,
-9.012000,-36.059929,60,OSM:classe,1,40,
-9.011863,-36.057472,60,OSM:classe,1,40,
-9.011792,-35.220870,60,OSM:classe,1,40,
-9.011780,-35.963313,60,OSM:classe,1,40,
-9.011713,-36.060440,60,OSM:classe,1,40,
-9.011635,-36.057576,60,OSM:classe,1,40,
-9.011565,-35.220525,60,OSM:classe,1,40,
-9.011564,-35.232385,60,OSM:classe,1,40,
-9.011376,-35.226522,60,OSM:classe,1,40,
-9.011331,-36.059994,60,OSM:classe,1,40,
-9.011204,-36.056233,60,OSM:classe,1,40,
-9.011115,-36.056274,60,OSM:classe,1,40,
-9.010791,-36.058143,60,OSM:classe,1,40,
-9.010725,-35.219394,40,OSM:classe,1,40,
-9.010632,-36.058870,60,OSM:classe,1,40,
-9.010603,-36.058174,60,OSM:classe,1,40,
-9.010594,-36.054954,60,OSM:classe,1,40,
-9.010497,-36.058188,60,OSM:classe,1,40,
-9.010421,-35.225233,60,OSM:classe,1,60,
-9.010260,-36.061703,60,OSM:classe,1,40,
-9.010085,-36.058061,60,OSM:classe,1,40,
-9.010010,-36.057132,60,OSM:classe,1,40,
-9.009881,-35.219219,60,OSM:classe,1,40,
-9.009852,-35.677414,100,OSM,0,,
-9.009838,-36.056871,60,OSM:classe,1,40,
-9.009796,-35.677228,100,OSM,0,,
-9.009666,-35.270869,60,OSM:classe,1,40,
-9.009629,-35.218612,60,OSM:classe,1,40,
-9.009624,-35.236985,60,OSM:classe,1,40,
-9.009559,-35.236712,60,OSM:classe,1,40,
-9.009518,-35.429287,60,OSM:classe,1,50,
-9.009469,-35.236413,60,OSM:classe,1,40,
-9.009464,-36.062256,60,OSM:classe,1,40,
-9.009424,-35.218880,60,OSM:classe,1,40,
-9.009370,-36.056250,60,OSM:classe,1,40,
-9.009342,-37.794955,100,OSM:classe,1,80,
-9.009317,-36.062339,60,OSM:classe,1,40,
-9.009290,-36.062266,60,OSM:classe,1,40,
-9.009149,-35.218739,40,OSM:classe,1,40,
-9.009119,-35.241007,60,OSM:classe,1,40,
-9.009086,-36.029796,80,OSM,0,,
-9.008690,-36.053565,60,OSM:classe,1,40,
-9.008576,-36.054031,60,OSM:classe,1,40,
-9.008505,-36.057165,60,OSM:classe,1,40,
-9.008496,-36.054007,60,OSM:classe,1,40,
-9.008439,-35.676598,100,OSM,0,,
-9.008370,-35.960406,60,OSM:classe,1,40,
-9.008305,-35.229818,60,OSM:classe,1,40,
-9.008296,-37.506407,60,OSM:classe,1,40,
-9.008245,-35.231642,60,OSM:classe,1,40,
-9.008185,-35.231428,60,OSM:classe,1,40,
-9.008044,-36.055274,60,OSM:classe,1,40,
-9.007981,-36.055413,60,OSM:classe,1,40,
-9.007974,-36.055240,60,OSM:classe,1,40,
-9.007911,-36.055383,60,OSM:classe,1,40,
-9.007710,-36.053377,60,OSM:classe,1,40,
-9.007617,-35.218004,40,OSM:classe,1,40,
-9.007379,-35.217963,40,OSM:classe,1,40,
-9.007370,-36.056523,60,OSM:classe,1,40,
-9.007195,-36.054881,60,OSM:classe,1,40,
-9.007192,-35.676153,100,OSM,0,,
-9.007135,-35.676330,100,OSM,0,,
-9.007077,-35.218212,40,OSM:classe,1,40,
-9.007050,-36.062910,60,OSM:classe,1,40,
-9.007043,-36.056315,60,OSM:classe,1,40,
-9.006979,-36.062847,60,OSM:classe,1,40,
-9.006622,-36.062945,60,OSM:classe,1,40,
-9.006291,-36.058502,60,OSM:classe,1,40,
-9.006279,-36.058852,60,OSM:classe,1,40,
-9.006150,-35.269930,60,OSM:classe,1,40,
-9.006081,-36.063143,60,OSM:classe,1,40,
-9.006068,-35.224718,60,OSM:classe,1,60,
-9.006061,-36.063085,60,OSM:classe,1,40,
-9.005947,-36.063133,60,OSM:classe,1,40,
-9.005779,-35.243907,60,OSM:classe,1,40,
-9.005462,-37.797256,100,OSM:classe,1,80,
-9.005299,-36.029437,80,OSM,0,,
-9.005118,-36.055975,60,OSM:classe,1,40,
-9.005116,-36.056035,60,OSM:classe,1,40,
-9.005105,-35.428880,60,OSM:classe,1,50,
-9.005086,-36.063176,60,OSM:classe,1,40,
-9.005025,-36.063195,60,OSM:classe,1,40,
-9.004959,-36.063238,60,OSM:classe,1,40,
-9.004943,-36.063171,60,OSM:classe,1,40,
-9.004552,-35.248095,60,OSM:classe,1,40,
-9.004540,-35.252501,60,OSM:classe,1,40,
-9.004520,-35.958842,60,OSM:classe,1,40,
-9.004485,-35.252386,60,OSM:classe,1,40,
-9.004395,-36.055994,60,OSM:classe,1,40,
-9.004146,-37.505089,60,OSM:classe,1,40,
-9.003995,-36.055906,60,OSM:classe,1,40,
-9.003990,-35.675781,100,OSM,0,,
-9.003929,-36.055945,60,OSM:classe,1,40,
-9.003869,-36.055984,60,OSM:classe,1,40,
-9.003845,-35.675939,100,OSM,0,,
-9.003669,-35.220572,40,OSM:classe,1,40,
-9.003519,-36.063746,60,OSM:classe,1,40,
-9.003449,-36.063714,60,OSM:classe,1,40,
-9.002450,-36.063808,60,OSM:classe,1,40,
-9.002290,-35.271473,60,OSM:classe,1,40,
-9.002241,-35.222077,40,OSM:classe,1,40,
-9.002205,-35.674791,100,OSM,0,,
-9.002158,-35.222469,40,OSM:classe,1,40,
-9.002079,-35.222175,60,OSM:classe,1,40,
-9.002061,-35.674488,100,OSM,0,,
-9.002006,-35.222104,40,OSM:classe,1,40,
-9.001891,-35.222316,60,OSM:classe,1,60,
-9.001789,-35.222248,60,OSM:classe,1,60,
-9.001603,-37.799594,100,OSM:classe,1,80,
-9.001553,-35.222110,60,OSM:classe,1,60,
-9.001524,-35.254908,60,OSM:classe,1,40,
-9.001257,-35.674555,100,OSM,0,,
-9.001239,-35.674327,100,OSM,0,,
-9.001188,-36.056300,60,OSM:classe,1,40,
-9.000639,-35.429413,60,OSM:classe,1,50,
-9.000627,-35.956961,60,OSM:classe,1,40,
-9.000504,-35.674488,100,OSM,0,,
-9.000495,-36.056025,60,OSM:classe,1,40,
-9.000402,-35.221392,60,OSM:classe,1,60,
-9.000314,-35.674818,100,OSM,0,,
-9.000038,-36.061399,60,OSM:classe,1,40,
-8.999744,-37.504748,60,OSM:classe,1,40,
-8.999240,-35.268626,60,OSM:classe,1,40,
-8.999226,-35.258392,60,OSM:classe,1,40,
-8.999149,-36.029759,80,OSM,0,,
-8.999042,-36.062628,60,OSM:classe,1,40,
-8.998862,-35.218435,100,OSM:classe,1,80,
-8.998359,-36.057261,60,OSM:classe,1,40,
-8.998178,-35.675956,100,OSM,0,,
-8.998136,-35.676196,100,OSM,0,,
-8.997838,-37.802082,100,OSM:classe,1,80,
-8.997227,-35.214194,100,OSM:classe,1,80,
-8.997191,-36.055338,60,OSM:classe,1,40,
-8.996965,-35.213609,100,OSM:classe,1,80,
-8.996895,-35.676028,100,OSM,0,,
-8.996819,-35.676245,100,OSM,0,,
-8.996686,-35.955127,60,OSM:classe,1,40,
-8.996520,-35.212504,100,OSM:classe,1,80,
-8.996325,-36.029163,80,OSM,0,,
-8.996230,-36.055880,60,OSM:classe,1,40,
-8.996214,-35.675724,100,OSM,0,,
-8.996174,-35.429945,60,OSM:classe,1,50,
-8.996135,-35.261260,60,OSM:classe,1,40,
-8.996046,-35.675853,100,OSM,0,,
-8.995900,-37.503722,60,OSM:classe,1,40,
-8.995783,-35.951108,60,OSM:classe,1,40,
-8.995542,-36.065256,60,OSM:classe,1,40,
-8.994844,-35.268431,60,OSM:classe,1,40,
-8.994566,-36.028518,80,OSM,0,,
-8.994504,-35.208495,100,OSM:classe,1,80,
-8.994047,-37.804525,100,OSM:classe,1,80,
-8.993581,-35.264339,60,OSM:classe,1,40,
-8.993439,-36.096275,60,OSM:classe,1,40,
-8.993328,-36.068709,60,OSM:classe,1,40,
-8.993210,-37.500384,60,OSM:classe,1,40,
-8.993004,-37.499866,60,OSM:classe,1,40,
-8.992617,-36.053537,60,OSM:classe,1,40,
-8.992578,-37.498663,60,OSM:classe,1,40,
-8.992297,-35.267964,60,OSM:classe,1,40,
-8.992290,-37.494192,60,OSM:classe,1,40,
-8.992266,-35.948756,60,OSM:classe,1,40,
-8.992172,-35.430422,60,OSM:classe,1,50,
-8.991801,-35.204906,100,OSM:classe,1,80,
-8.991714,-35.672465,100,OSM,0,,
-8.991566,-35.672173,100,OSM,0,,
-8.991127,-37.493099,60,OSM:classe,1,40,
-8.991076,-37.492955,60,OSM:classe,1,40,
-8.990882,-36.027947,80,OSM,0,,
-8.990815,-35.672109,100,OSM,0,,
-8.990716,-37.491995,60,OSM:classe,1,40,
-8.990689,-36.092859,60,OSM:classe,1,40,
-8.990496,-35.202609,60,OSM:classe,1,40,
-8.990265,-35.271105,60,OSM:classe,1,40,
-8.990022,-37.806555,100,OSM:classe,1,80,
-8.989927,-36.070020,60,OSM:classe,1,40,
-8.989252,-35.201182,60,OSM:classe,1,60,
-8.989058,-36.050754,60,OSM:classe,1,40,
-8.988863,-35.946478,60,OSM:classe,1,40,
-8.988577,-36.088840,60,OSM:classe,1,40,
-8.988023,-35.431852,60,OSM:classe,1,50,
-8.987650,-35.671607,100,OSM,0,,
-8.987598,-35.199458,60,OSM:classe,1,60,
-8.987387,-35.671377,100,OSM,0,,
-8.986561,-35.671406,100,OSM,0,,
-8.986557,-35.204476,60,OSM:classe,1,40,
-8.986536,-36.084843,60,OSM:classe,1,40,
-8.986433,-35.671838,100,OSM,0,,
-8.986419,-35.273158,60,OSM:classe,1,40,
-8.985997,-37.808585,100,OSM:classe,1,80,
-8.985939,-36.069816,60,OSM:classe,1,40,
-8.985900,-36.083863,60,OSM:classe,1,40,
-8.985886,-35.671726,100,OSM,0,,
-8.985503,-35.943854,60,OSM:classe,1,40,
-8.985202,-36.049367,60,OSM:classe,1,40,
-8.985201,-35.672359,40,OSM:classe,1,40,
-8.985048,-35.673037,40,OSM:classe,1,40,
-8.984864,-36.080668,60,OSM:classe,1,40,
-8.984611,-37.845387,60,OSM:classe,1,60,
-8.984533,-37.845318,100,OSM:classe,1,80,
-8.984433,-36.049278,60,OSM:classe,1,40,
-8.984375,-35.208019,60,OSM:classe,1,40,
-8.984229,-35.673780,100,OSM,0,,
-8.984189,-35.196565,60,OSM:classe,1,60,
-8.984014,-36.049530,60,OSM:classe,1,40,
-8.983638,-35.432785,60,OSM:classe,1,50,
-8.983287,-35.674219,100,OSM,0,,
-8.983264,-35.673911,100,OSM,0,,
-8.983180,-37.844217,60,OSM:classe,1,60,
-8.983126,-35.275983,60,OSM:classe,1,40,
-8.983036,-36.087339,60,OSM:classe,1,40,
-8.982334,-35.674195,100,OSM,0,,
-8.982332,-36.069310,60,OSM:classe,1,40,
-8.982329,-36.068893,60,OSM:classe,1,40,
-8.982313,-35.673962,100,OSM,0,,
-8.982079,-36.077665,60,OSM:classe,1,40,
-8.982026,-35.941632,60,OSM:classe,1,40,
-8.981972,-37.810614,100,OSM:classe,1,80,
-8.981827,-36.069302,60,OSM:classe,1,40,
-8.981682,-35.193331,60,OSM:classe,1,60,
-8.981486,-35.211210,60,OSM:classe,1,40,
-8.980949,-35.189105,60,OSM:classe,1,60,
-8.980853,-36.052589,60,OSM:classe,1,40,
-8.980816,-35.673400,100,OSM,0,,
-8.980683,-35.673517,100,OSM,0,,
-8.980383,-36.028418,80,OSM,0,,
-8.980072,-35.279030,60,OSM:classe,1,40,
-8.979628,-35.673080,100,OSM,0,,
-8.979627,-35.449480,60,OSM:classe,1,50,
-8.979402,-35.453879,60,OSM:classe,1,50,
-8.979313,-35.448762,60,OSM:classe,1,50,
-8.979187,-35.433359,60,OSM:classe,1,50,
-8.979187,-35.214743,60,OSM:classe,1,40,
-8.979110,-36.089559,60,OSM:classe,1,40,
-8.978924,-35.673275,100,OSM,0,,
-8.978749,-35.673132,100,OSM,0,,
-8.978651,-36.055482,60,OSM:classe,1,40,
-8.978628,-35.185751,100,OSM:classe,1,80,
-8.978418,-36.066945,60,OSM:classe,1,40,
-8.978307,-36.075472,60,OSM:classe,1,40,
-8.978100,-36.061234,60,OSM:classe,1,40,
-8.978083,-35.940198,60,OSM:classe,1,40,
-8.977947,-37.812644,100,OSM:classe,1,80,
-8.977868,-36.027793,80,OSM,0,,
-8.977716,-35.939498,60,OSM:classe,1,40,
-8.977313,-36.060122,60,OSM:classe,1,40,
-8.977257,-36.027379,80,OSM,0,,
-8.977157,-36.059848,60,OSM:classe,1,40,
-8.977051,-35.457171,60,OSM:classe,1,50,
-8.976920,-36.097255,60,OSM:classe,1,40,
-8.976914,-36.059487,60,OSM:classe,1,40,
-8.976873,-36.059297,60,OSM:classe,1,40,
-8.976754,-36.026559,80,OSM,0,,
-8.976685,-36.064549,60,OSM:classe,1,40,
-8.976462,-35.445379,60,OSM:classe,1,50,
-8.976448,-35.281089,60,OSM:classe,1,40,
-8.976422,-36.093030,60,OSM:classe,1,40,
-8.976300,-36.021159,80,OSM,0,,
-8.976228,-36.071476,60,OSM:classe,1,40,
-8.975929,-35.217617,60,OSM:classe,1,40,
-8.975783,-37.813735,100,OSM:classe,1,80,
-8.975771,-36.019721,80,OSM,0,,
-8.975591,-36.064137,60,OSM:classe,1,40,
-8.975545,-36.100682,60,OSM:classe,1,40,
-8.975365,-35.674797,100,OSM,0,,
-8.975314,-35.935781,60,OSM:classe,1,40,
-8.975197,-35.461096,60,OSM:classe,1,50,
-8.974787,-35.434295,60,OSM:classe,1,50,
-8.974785,-35.675286,100,OSM,0,,
-8.974663,-35.218454,60,OSM:classe,1,40,
-8.974626,-35.183972,100,OSM:classe,1,80,
-8.974552,-36.067272,60,OSM:classe,1,40,
-8.974495,-36.018703,80,OSM,0,,
-8.974486,-35.287836,60,OSM:classe,1,40,
-8.973996,-35.465454,80,OSM:classe,1,60,
-8.973980,-35.218788,60,OSM:classe,1,40,
-8.973894,-35.283374,60,OSM:classe,1,40,
-8.973849,-35.675367,100,OSM,0,,
-8.973750,-35.675060,100,OSM,0,,
-8.973641,-36.064932,60,OSM:classe,1,40,
-8.973583,-35.931609,60,OSM:classe,1,40,
-8.973386,-35.291640,60,OSM:classe,1,40,
-8.973317,-36.064422,60,OSM:classe,1,40,
-8.973227,-35.930551,60,OSM:classe,1,40,
-8.972841,-36.064192,60,OSM:classe,1,40,
-8.972817,-35.226012,60,OSM:classe,1,40,
-8.972805,-35.442752,60,OSM:classe,1,50,
-8.972732,-35.928585,60,OSM:classe,1,50,
-8.972675,-35.928652,60,OSM:classe,1,50,
-8.972603,-36.064284,60,OSM:classe,1,40,
-8.972492,-35.442156,60,OSM:classe,1,50,
-8.972409,-35.674649,100,OSM,0,,
-8.972276,-35.441745,60,OSM:classe,1,50,
-8.972275,-35.928307,60,OSM:classe,1,50,
-8.972242,-35.928242,60,OSM:classe,1,50,
-8.972072,-37.836788,60,OSM:classe,1,60,
-8.972037,-35.928046,60,OSM:classe,1,50,
-8.971885,-35.468880,80,OSM:classe,1,60,
-8.971777,-35.230087,60,OSM:classe,1,40,
-8.971759,-37.815765,60,OSM:classe,1,60,
-8.971698,-36.102555,60,OSM:classe,1,40,
-8.971560,-35.221783,60,OSM:classe,1,40,
-8.971177,-35.982871,100,OSM:classe,1,80,
-8.971137,-35.220964,60,OSM:classe,1,40,
-8.971120,-36.061687,60,OSM:classe,1,40,
-8.971120,-36.018019,60,OSM,0,,
-8.970931,-35.978335,60,OSM:classe,1,60,
-8.970803,-36.003670,60,OSM:classe,1,60,
-8.970801,-35.487560,80,OSM:classe,1,60,
-8.970695,-36.017933,60,OSM,0,,
-8.970573,-35.492096,80,OSM:classe,1,60,
-8.970534,-35.973800,60,OSM:classe,1,60,
-8.970512,-35.999161,60,OSM:classe,1,60,
-8.970501,-35.232912,60,OSM:classe,1,40,
-8.970477,-35.985251,100,OSM:classe,1,80,
-8.970427,-35.985364,100,OSM:classe,1,80,
-8.970410,-36.017870,60,OSM,0,,
-8.970387,-35.435232,60,OSM:classe,1,50,
-8.970360,-35.985636,60,OSM:classe,1,60,
-8.970348,-36.017654,60,OSM:classe,1,60,
-8.970300,-36.020190,60,OSM:classe,1,40,
-8.970294,-35.182752,100,OSM:classe,1,80,
-8.970249,-36.018304,60,OSM:classe,1,40,
-8.970244,-36.008178,60,OSM:classe,1,60,
-8.970242,-36.012730,60,OSM:classe,1,60,
-8.970241,-36.017282,60,OSM:classe,1,60,
-8.970195,-36.017976,60,OSM:classe,1,40,
-8.970159,-36.017644,60,OSM:classe,1,60,
-8.970136,-36.021485,60,OSM:classe,1,40,
-8.970126,-36.017668,60,OSM:classe,1,60,
-8.970070,-36.017772,60,OSM,0,,
-8.969982,-35.439839,60,OSM:classe,1,50,
-8.969925,-35.994647,60,OSM:classe,1,60,
-8.969921,-35.483120,80,OSM:classe,1,60,
-8.969820,-36.017699,60,OSM,0,,
-8.969738,-36.026009,60,OSM:classe,1,40,
-8.969703,-35.990122,60,OSM:classe,1,60,
-8.969691,-36.030554,60,OSM:classe,1,40,
-8.969671,-35.969354,60,OSM:classe,1,60,
-8.969666,-36.017654,60,OSM,0,,
-8.969539,-36.066574,60,OSM:classe,1,40,
-8.969525,-36.057542,60,OSM:classe,1,40,
-8.969514,-36.052990,60,OSM:classe,1,40,
-8.969281,-36.035087,60,OSM:classe,1,40,
-8.969266,-35.471449,80,OSM:classe,1,60,
-8.969237,-35.496427,80,OSM:classe,1,60,
-8.969058,-35.292807,60,OSM:classe,1,40,
-8.968769,-35.924919,60,OSM:classe,1,50,
-8.968663,-36.039590,60,OSM:classe,1,40,
-8.968639,-35.478757,80,OSM:classe,1,60,
-8.968606,-36.048544,60,OSM:classe,1,40,
-8.968424,-35.964980,60,OSM:classe,1,60,
-8.968170,-35.672696,100,OSM,0,,
-8.968102,-35.236170,60,OSM:classe,1,40,
-8.968011,-36.104164,60,OSM:classe,1,40,
-8.968011,-36.016743,60,OSM,0,,
-8.967976,-36.044077,60,OSM:classe,1,40,
-8.967833,-35.672755,100,OSM,0,,
-8.967734,-37.817795,60,OSM:classe,1,60,
-8.967730,-35.475661,80,OSM:classe,1,60,
-8.967610,-35.223215,60,OSM:classe,1,40,
-8.967549,-35.500646,80,OSM:classe,1,60,
-8.967177,-35.960606,60,OSM:classe,1,60,
-8.967172,-35.435916,60,OSM:classe,1,50,
-8.967007,-35.436426,60,OSM:classe,1,50,
-8.966985,-36.016764,60,OSM,0,,
-8.966945,-35.436267,60,OSM:classe,1,50,
-8.966819,-35.933969,60,OSM:classe,1,60,
-8.966792,-35.956943,60,OSM:classe,1,60,
-8.966781,-35.436007,60,OSM:classe,1,50,
-8.966524,-35.911161,60,OSM:classe,1,60,
-8.966485,-35.929805,60,OSM:classe,1,60,
-8.966370,-35.952529,60,OSM:classe,1,60,
-8.966323,-35.436120,60,OSM:classe,1,50,
-8.966217,-35.436143,60,OSM:classe,1,50,
-8.966162,-35.915638,60,OSM:classe,1,60,
-8.966109,-36.017451,60,OSM,0,,
-8.966097,-35.921351,60,OSM:classe,1,50,
-8.965963,-35.295988,60,OSM:classe,1,40,
-8.965961,-35.181532,100,OSM:classe,1,80,
-8.965815,-35.242497,60,OSM:classe,1,40,
-8.965811,-36.107938,60,OSM:classe,1,40,
-8.965606,-35.238699,60,OSM:classe,1,40,
-8.965528,-35.817479,60,OSM:classe,1,60,
-8.965364,-35.504530,80,OSM:classe,1,60,
-8.965336,-35.906837,60,OSM:classe,1,60,
-8.965293,-35.821816,60,OSM:classe,1,60,
-8.965161,-36.067610,60,OSM:classe,1,40,
-8.965102,-35.920771,60,OSM:classe,1,50,
-8.965064,-35.925761,60,OSM:classe,1,60,
-8.965057,-35.920634,60,OSM:classe,1,60,
-8.965005,-35.920037,60,OSM:classe,1,60,
-8.964934,-35.921020,60,OSM:classe,1,50,
-8.964662,-35.921248,60,OSM:classe,1,60,
-8.964659,-35.920597,60,OSM:classe,1,40,
-8.964629,-35.920920,60,OSM:classe,1,60,
-8.964589,-35.920811,60,OSM:classe,1,60,
-8.964522,-35.921638,60,OSM:classe,1,60,
-8.964312,-35.920642,60,OSM:classe,1,40,
-8.964101,-35.948609,60,OSM:classe,1,60,
-8.964006,-36.020122,60,OSM,0,,
-8.963870,-36.070923,60,OSM:classe,1,40,
-8.963715,-35.224935,60,OSM:classe,1,40,
-8.963415,-37.819057,60,OSM:classe,1,60,
-8.963406,-35.902730,60,OSM:classe,1,60,
-8.963378,-35.935935,60,OSM:classe,1,60,
-8.963280,-35.813664,60,OSM:classe,1,60,
-8.963183,-35.809439,60,OSM:classe,1,60,
-8.963096,-35.898195,60,OSM:classe,1,60,
-8.963076,-35.508023,80,OSM:classe,1,60,
-8.963033,-35.893647,60,OSM:classe,1,60,
-8.962658,-35.889111,60,OSM:classe,1,60,
-8.962654,-36.110115,60,OSM:classe,1,40,
-8.962621,-35.244586,60,OSM:classe,1,40,
-8.962585,-35.298407,60,OSM:classe,1,40,
-8.962344,-35.945826,60,OSM:classe,1,40,
-8.962322,-35.940130,60,OSM:classe,1,60,
-8.962217,-36.073731,60,OSM:classe,1,40,
-8.962213,-36.020648,60,OSM,0,,
-8.961974,-35.944642,60,OSM:classe,1,60,
-8.961973,-35.436131,60,OSM:classe,1,50,
-8.961629,-35.180312,100,OSM:classe,1,80,
-8.961625,-35.884834,60,OSM:classe,1,60,
-8.961559,-35.920338,60,OSM:classe,1,40,
-8.961422,-35.823675,60,OSM:classe,1,60,
-8.961332,-36.021141,60,OSM,0,,
-8.961285,-36.117219,60,OSM:classe,1,40,
-8.961067,-36.113609,60,OSM:classe,1,40,
-8.960556,-35.806639,60,OSM:classe,1,60,
-8.960126,-35.226636,60,OSM:classe,1,40,
-8.960036,-35.247864,60,OSM:classe,1,40,
-8.959742,-35.247000,60,OSM:classe,1,40,
-8.959722,-36.022664,80,OSM,0,,
-8.959667,-35.949219,60,OSM:classe,1,40,
-8.959537,-35.509480,80,OSM:classe,1,60,
-8.959501,-36.120373,60,OSM:classe,1,40,
-8.959362,-37.833023,60,OSM:classe,1,60,
-8.959092,-37.820311,60,OSM:classe,1,60,
-8.959083,-35.670439,100,OSM,0,,
-8.958679,-35.827034,60,OSM:classe,1,60,
-8.958440,-36.023401,80,OSM,0,,
-8.958368,-35.299811,60,OSM:classe,1,40,
-8.958345,-35.881750,60,OSM:classe,1,60,
-8.958280,-35.917393,60,OSM:classe,1,40,
-8.958199,-35.232286,60,OSM:classe,1,40,
-8.958170,-36.123782,60,OSM:classe,1,40,
-8.958035,-35.228391,60,OSM:classe,1,40,
-8.958011,-35.436813,60,OSM:classe,1,50,
-8.957380,-35.178830,100,OSM:classe,1,80,
-8.957000,-35.299735,60,OSM:classe,1,40,
-8.956779,-36.023916,80,OSM,0,,
-8.956631,-35.913190,60,OSM:classe,1,40,
-8.956469,-35.804741,60,OSM:classe,1,60,
-8.955973,-35.511552,80,OSM:classe,1,60,
-8.955946,-36.126946,60,OSM:classe,1,40,
-8.955834,-35.878179,60,OSM:classe,1,60,
-8.955726,-35.247439,60,OSM:classe,1,40,
-8.955457,-35.296692,60,OSM:classe,1,40,
-8.955321,-35.829768,60,OSM:classe,1,60,
-8.955265,-35.950023,60,OSM:classe,1,40,
-8.955071,-37.831893,60,OSM:classe,1,60,
-8.954897,-35.515972,80,OSM:classe,1,60,
-8.954830,-35.669579,100,OSM,0,,
-8.954769,-37.821564,60,OSM:classe,1,60,
-8.954625,-36.023769,80,OSM,0,,
-8.954452,-35.234678,60,OSM:classe,1,40,
-8.954320,-35.901250,60,OSM:classe,1,40,
-8.954320,-35.874037,60,OSM:classe,1,60,
-8.954117,-36.023953,80,OSM,0,,
-8.954045,-35.896729,60,OSM:classe,1,40,
-8.953760,-35.436456,60,OSM:classe,1,50,
-8.953535,-35.905697,60,OSM:classe,1,40,
-8.953369,-35.910072,60,OSM:classe,1,40,
-8.953150,-35.177284,100,OSM:classe,1,80,
-8.953071,-35.802091,60,OSM:classe,1,60,
-8.953044,-35.516838,80,OSM:classe,1,60,
-8.952549,-35.833309,60,OSM:classe,1,60,
-8.952493,-35.800474,100,OSM:classe,1,80,
-8.952475,-35.869974,60,OSM:classe,1,60,
-8.952374,-36.026050,80,OSM,0,,
-8.952369,-35.892809,60,OSM:classe,1,40,
-8.952038,-35.248818,60,OSM:classe,1,40,
-8.951661,-35.865538,60,OSM:classe,1,60,
-8.951560,-35.888407,60,OSM:classe,1,40,
-8.951449,-35.861131,60,OSM:classe,1,60,
-8.951380,-35.846301,60,OSM:classe,1,60,
-8.951335,-36.026376,80,OSM,0,,
-8.951155,-35.837357,60,OSM:classe,1,60,
-8.951049,-35.296717,60,OSM:classe,1,40,
-8.951048,-35.950486,60,OSM:classe,1,40,
-8.950795,-37.830577,60,OSM:classe,1,60,
-8.950689,-35.841885,60,OSM:classe,1,60,
-8.950328,-37.822086,60,OSM:classe,1,60,
-8.950213,-35.233677,60,OSM:classe,1,40,
-8.950043,-35.850394,60,OSM:classe,1,40,
-8.949997,-35.668182,100,OSM,0,,
-8.949931,-35.850511,60,OSM:classe,1,60,
-8.949917,-35.668367,100,OSM,0,,
-8.949911,-35.797291,100,OSM:classe,1,80,
-8.949877,-35.951788,60,OSM:classe,1,40,
-8.949453,-35.435819,60,OSM:classe,1,50,
-8.949014,-35.667471,100,OSM,0,,
-8.948921,-35.175738,100,OSM:classe,1,80,
-8.948892,-35.952804,60,OSM:classe,1,40,
-8.948775,-35.667605,100,OSM,0,,
-8.948746,-35.518175,80,OSM:classe,1,60,
-8.948733,-35.532032,60,OSM:classe,1,50,
-8.948698,-35.527670,60,OSM:classe,1,50,
-8.948365,-35.518292,80,OSM:classe,1,60,
-8.948280,-35.666312,100,OSM,0,,
-8.948240,-35.858703,60,OSM:classe,1,60,
-8.947995,-35.887483,60,OSM:classe,1,40,
-8.947979,-35.666450,100,OSM,0,,
-8.947962,-35.664859,100,OSM,0,,
-8.947877,-35.854539,60,OSM:classe,1,60,
-8.947831,-35.664047,100,OSM,0,,
-8.947821,-35.667746,60,OSM:classe,1,40,
-8.947765,-35.249289,60,OSM:classe,1,40,
-8.947600,-35.662635,100,OSM,0,,
-8.947437,-35.664024,60,OSM:classe,1,40,
-8.947343,-35.523694,60,OSM:classe,1,50,
-8.947324,-35.295530,60,OSM:classe,1,40,
-8.947254,-35.662756,100,OSM,0,,
-8.947226,-36.024694,80,OSM,0,,
-8.947216,-35.664812,60,OSM:classe,1,40,
-8.947131,-35.847180,60,OSM:classe,1,40,
-8.946960,-35.660854,100,OSM,0,,
-8.946881,-35.660264,100,OSM,0,,
-8.946818,-35.438769,60,OSM:classe,1,50,
-8.946814,-35.536148,60,OSM:classe,1,50,
-8.946781,-37.828539,60,OSM:classe,1,60,
-8.946705,-35.667310,60,OSM:classe,1,40,
-8.946636,-35.667039,60,OSM:classe,1,40,
-8.946497,-35.659859,100,OSM,0,,
-8.946316,-35.232736,60,OSM:classe,1,40,
-8.946094,-35.797035,100,OSM:classe,1,80,
-8.945912,-35.440184,60,OSM:classe,1,50,
-8.945903,-35.843328,60,OSM:classe,1,40,
-8.945894,-35.659019,100,OSM,0,,
-8.945866,-35.843499,60,OSM:classe,1,40,
-8.945833,-37.822181,60,OSM:classe,1,60,
-8.945812,-35.659139,100,OSM,0,,
-8.945707,-35.521717,80,OSM:classe,1,60,
-8.945612,-35.845153,60,OSM:classe,1,40,
-8.945335,-35.846122,60,OSM:classe,1,40,
-8.945233,-35.846013,60,OSM:classe,1,40,
-8.945232,-35.792816,100,OSM:classe,1,80,
-8.944976,-35.839234,60,OSM:classe,1,40,
-8.944713,-36.022453,80,OSM,0,,
-8.944692,-35.174192,40,OSM,0,,
-8.944580,-35.572136,80,OSM:classe,1,60,
-8.944574,-35.569104,80,OSM:classe,1,60,
-8.944528,-35.540042,60,OSM:classe,1,50,
-8.944244,-35.574712,60,OSM:classe,1,50,
-8.943950,-35.886769,60,OSM:classe,1,40,
-8.943777,-35.250753,60,OSM:classe,1,40,
-8.943706,-36.021826,80,OSM,0,,
-8.943650,-35.666046,60,OSM:classe,1,40,
-8.943570,-35.548505,60,OSM:classe,1,50,
-8.943498,-35.567804,80,OSM:classe,1,60,
-8.943412,-35.578746,60,OSM:classe,1,50,
-8.943254,-35.294260,60,OSM:classe,1,40,
-8.943061,-35.544069,60,OSM:classe,1,50,
-8.942779,-35.883817,60,OSM:classe,1,40,
-8.942623,-35.554706,60,OSM:classe,1,50,
-8.942529,-35.554020,60,OSM:classe,1,40,
-8.942487,-37.827429,60,OSM:classe,1,60,
-8.942481,-35.553690,60,OSM:classe,1,50,
-8.942263,-35.586051,60,OSM:classe,1,50,
-8.942257,-35.789426,100,OSM:classe,1,80,
-8.942233,-35.253737,60,OSM:classe,1,40,
-8.942227,-35.233267,60,OSM:classe,1,40,
-8.942159,-35.552631,60,OSM:classe,1,50,
-8.941938,-35.847729,60,OSM:classe,1,40,
-8.941821,-35.439630,60,OSM:classe,1,50,
-8.941752,-35.173045,40,OSM,0,,
-8.941735,-35.587339,60,OSM:classe,1,50,
-8.941446,-35.556772,60,OSM:classe,1,50,
-8.941417,-35.657036,100,OSM,0,,
-8.941337,-37.822276,60,OSM:classe,1,60,
-8.941337,-35.662310,60,OSM:classe,1,40,
-8.941220,-35.657154,100,OSM,0,,
-8.941052,-36.020722,80,OSM,0,,
-8.940934,-35.582044,60,OSM:classe,1,50,
-8.940919,-35.564272,80,OSM:classe,1,60,
-8.940867,-35.588653,80,OSM:classe,1,60,
-8.940686,-35.661057,60,OSM:classe,1,40,
-8.940470,-35.435496,60,OSM:classe,1,50,
-8.940336,-35.236825,60,OSM:classe,1,40,
-8.940202,-35.850823,60,OSM:classe,1,40,
-8.940179,-35.222440,60,OSM:classe,1,40,
-8.940056,-35.560596,60,OSM:classe,1,50,
-8.939880,-35.561873,80,OSM:classe,1,60,
-8.939533,-35.292635,60,OSM:classe,1,40,
-8.939485,-35.656648,100,OSM,0,,
-8.939361,-35.786008,100,OSM:classe,1,80,
-8.939051,-35.656741,100,OSM,0,,
-8.938857,-35.226791,60,OSM:classe,1,40,
-8.938820,-35.881792,60,OSM:classe,1,40,
-8.938798,-35.592629,80,OSM:classe,1,60,
-8.938753,-35.592696,80,OSM:classe,1,60,
-8.938591,-35.657029,60,OSM:classe,1,40,
-8.938461,-35.754705,60,OSM:classe,1,40,
-8.938439,-35.255476,60,OSM:classe,1,40,
-8.938402,-35.554745,60,OSM:classe,1,40,
-8.938237,-35.655595,100,OSM,0,,
-8.938170,-35.218691,60,OSM:classe,1,40,
-8.938115,-37.826437,60,OSM:classe,1,60,
-8.938093,-35.874106,60,OSM:classe,1,40,
-8.938006,-35.655896,100,OSM,0,,
-8.937919,-35.655052,40,OSM:classe,1,40,
-8.937388,-35.654797,40,OSM:classe,1,40,
-8.937317,-36.019968,80,OSM,0,,
-8.937312,-35.239363,60,OSM:classe,1,40,
-8.937105,-35.878262,60,OSM:classe,1,40,
-8.937059,-35.230905,60,OSM:classe,1,40,
-8.936934,-35.869747,60,OSM:classe,1,40,
-8.936918,-35.435339,60,OSM:classe,1,50,
-8.936842,-37.822350,60,OSM:classe,1,60,
-8.936749,-35.652728,100,OSM,0,,
-8.936704,-36.019324,80,OSM,0,,
-8.936562,-35.652875,100,OSM,0,,
-8.936211,-35.785558,100,OSM:classe,1,80,
-8.935977,-35.596124,80,OSM:classe,1,60,
-8.935944,-36.017882,80,OSM,0,,
-8.935878,-35.283252,60,OSM:classe,1,40,
-8.935713,-35.287700,60,OSM:classe,1,40,
-8.935556,-35.645134,100,OSM,0,,
-8.935450,-35.290817,60,OSM:classe,1,40,
-8.935448,-35.645446,100,OSM,0,,
-8.935415,-35.600606,80,OSM:classe,1,60,
-8.935398,-36.017398,80,OSM,0,,
-8.935329,-35.290720,60,OSM:classe,1,40,
-8.935074,-35.644023,100,OSM,0,,
-8.934909,-35.644093,100,OSM,0,,
-8.934399,-35.643271,100,OSM,0,,
-8.934217,-35.256048,60,OSM:classe,1,40,
-8.934080,-35.753964,60,OSM:classe,1,40,
-8.934053,-35.217413,60,OSM:classe,1,40,
-8.934034,-35.555080,60,OSM:classe,1,40,
-8.933993,-35.168113,40,OSM,0,,
-8.933878,-35.604432,80,OSM:classe,1,60,
-8.933785,-35.239847,60,OSM:classe,1,40,
-8.933730,-35.233646,60,OSM:classe,1,40,
-8.933667,-37.826006,60,OSM:classe,1,60,
-8.933406,-35.778167,60,OSM:classe,1,60,
-8.933134,-35.773640,60,OSM:classe,1,60,
-8.932901,-35.786081,100,OSM:classe,1,80,
-8.932692,-35.436561,60,OSM:classe,1,50,
-8.932579,-35.769145,60,OSM:classe,1,60,
-8.932417,-35.234530,60,OSM:classe,1,40,
-8.932347,-37.822207,60,OSM:classe,1,60,
-8.932254,-35.607463,80,OSM:classe,1,60,
-8.932052,-35.436748,60,OSM:classe,1,50,
-8.931995,-35.281402,60,OSM:classe,1,40,
-8.931922,-36.017180,80,OSM,0,,
-8.931683,-35.782358,60,OSM:classe,1,60,
-8.931683,-35.255932,60,OSM:classe,1,40,
-8.931680,-35.641499,100,OSM,0,,
-8.931365,-35.241888,60,OSM:classe,1,40,
-8.931320,-35.236605,60,OSM:classe,1,40,
-8.931320,-35.211854,60,OSM:classe,1,40,
-8.930897,-35.166849,60,OSM:classe,1,40,
-8.930711,-35.166756,40,OSM,0,,
-8.930433,-35.765164,60,OSM:classe,1,60,
-8.930345,-36.015410,80,OSM,0,,
-8.930305,-35.257027,60,OSM:classe,1,40,
-8.930252,-35.253257,60,OSM:classe,1,40,
-8.930229,-35.553854,60,OSM:classe,1,40,
-8.930076,-35.216055,60,OSM:classe,1,40,
-8.929885,-35.611286,80,OSM:classe,1,60,
-8.929829,-35.753916,60,OSM:classe,1,40,
-8.929824,-35.253077,60,OSM:classe,1,40,
-8.929658,-36.015321,80,OSM,0,,
-8.929356,-37.824838,60,OSM:classe,1,60,
-8.928965,-35.249448,60,OSM:classe,1,40,
-8.928875,-35.170914,60,OSM:classe,1,40,
-8.928670,-35.245245,60,OSM:classe,1,40,
-8.928539,-35.209612,60,OSM:classe,1,40,
-8.928476,-35.211399,60,OSM:classe,1,40,
-8.928372,-35.761134,60,OSM:classe,1,60,
-8.928108,-35.615440,80,OSM:classe,1,60,
-8.927997,-35.239548,60,OSM:classe,1,40,
-8.927909,-36.015706,80,OSM,0,,
-8.927862,-37.822401,60,OSM:classe,1,60,
-8.927735,-35.437861,60,OSM:classe,1,50,
-8.927664,-35.268995,60,OSM:classe,1,40,
-8.927635,-35.280884,60,OSM:classe,1,40,
-8.927500,-35.162714,40,OSM,0,,
-8.927494,-35.173689,60,OSM:classe,1,40,
-8.927459,-35.260485,60,OSM:classe,1,40,
-8.927255,-35.638134,100,OSM,0,,
-8.927044,-35.553455,60,OSM:classe,1,40,
-8.927001,-35.553208,60,OSM:classe,1,40,
-8.926982,-35.619840,80,OSM:classe,1,60,
-8.926875,-35.175024,60,OSM:classe,1,40,
-8.926848,-35.756852,60,OSM:classe,1,60,
-8.926756,-35.638204,100,OSM,0,,
-8.926623,-35.207823,60,OSM:classe,1,40,
-8.926616,-35.264780,60,OSM:classe,1,40,
-8.926417,-35.624329,80,OSM:classe,1,60,
-8.926376,-35.273167,60,OSM:classe,1,40,
-8.926231,-35.755112,60,OSM:classe,1,40,
-8.926058,-35.174673,60,OSM:classe,1,40,
-8.926047,-35.637480,100,OSM,0,,
-8.926002,-36.014871,80,OSM,0,,
-8.925971,-35.553435,60,OSM:classe,1,40,
-8.925894,-37.826515,60,OSM:classe,1,60,
-8.925695,-35.752482,60,OSM:classe,1,60,
-8.925637,-35.214407,60,OSM:classe,1,40,
-8.925558,-35.751224,60,OSM:classe,1,60,
-8.925549,-35.750653,60,OSM:classe,1,60,
-8.925514,-35.749837,100,OSM:classe,1,80,
-8.925411,-35.637602,100,OSM,0,,
-8.925225,-35.750892,40,OSM:classe,1,40,
-8.925190,-35.745313,100,OSM:classe,1,80,
-8.925064,-35.160600,40,OSM,0,,
-8.925054,-35.750964,60,OSM:classe,1,40,
-8.924826,-35.628434,80,OSM:classe,1,60,
-8.924256,-35.276743,60,OSM:classe,1,40,
-8.923909,-35.439641,60,OSM:classe,1,50,
-8.923713,-36.015631,80,OSM,0,,
-8.923631,-37.823932,60,OSM:classe,1,60,
-8.923566,-37.830254,60,OSM:classe,1,60,
-8.923416,-35.630864,80,OSM:classe,1,60,
-8.923341,-35.204855,60,OSM:classe,1,40,
-8.923270,-35.280651,60,OSM:classe,1,40,
-8.923124,-35.200758,60,OSM:classe,1,40,
-8.923102,-35.178008,60,OSM:classe,1,40,
-8.922956,-35.631954,80,OSM:classe,1,60,
-8.922874,-35.636514,40,OSM:classe,1,40,
-8.922497,-35.158561,40,OSM,0,,
-8.922416,-35.196740,60,OSM:classe,1,40,
-8.922313,-35.741873,100,OSM:classe,1,80,
-8.921997,-35.179610,60,OSM:classe,1,40,
-8.921886,-35.179778,60,OSM:classe,1,40,
-8.921819,-35.216570,60,OSM:classe,1,40,
-8.921762,-35.554825,60,OSM:classe,1,40,
-8.921628,-35.753820,60,OSM:classe,1,40,
-8.921398,-36.015022,80,OSM,0,,
-8.920937,-35.183911,60,OSM:classe,1,40,
-8.920732,-36.015224,80,OSM,0,,
-8.920537,-35.187785,60,OSM:classe,1,40,
-8.920510,-37.825248,60,OSM:classe,1,60,
-8.920386,-35.635795,80,OSM:classe,1,60,
-8.920375,-35.188377,60,OSM:classe,1,40,
-8.920368,-35.156832,60,OSM:classe,1,60,
-8.920322,-35.442182,60,OSM:classe,1,50,
-8.920310,-35.635525,80,OSM:classe,1,60,
-8.920103,-35.192877,60,OSM:classe,1,40,
-8.919897,-35.278525,60,OSM:classe,1,40,
-8.919478,-35.156138,60,OSM:classe,1,60,
-8.919230,-35.738560,100,OSM:classe,1,80,
-8.918884,-35.155673,60,OSM:classe,1,60,
-8.918514,-35.557460,60,OSM:classe,1,40,
-8.918481,-35.756892,60,OSM:classe,1,40,
-8.918456,-35.218611,60,OSM:classe,1,40,
-8.918383,-35.446185,60,OSM:classe,1,50,
-8.918051,-35.737293,100,OSM:classe,1,80,
-8.917034,-35.732870,60,OSM:classe,1,60,
-8.916472,-35.729976,60,OSM:classe,1,60,
-8.916283,-35.188208,60,OSM:classe,1,40,
-8.916159,-35.277566,60,OSM:classe,1,40,
-8.916096,-35.727986,60,OSM:classe,1,60,
-8.915914,-36.018656,80,OSM,0,,
-8.915464,-35.221601,60,OSM:classe,1,40,
-8.915383,-35.759603,60,OSM:classe,1,40,
-8.915025,-36.018803,80,OSM,0,,
-8.914935,-35.153937,60,OSM:classe,1,60,
-8.914741,-35.723646,60,OSM:classe,1,60,
-8.914545,-35.447916,60,OSM:classe,1,50,
-8.914369,-35.556181,60,OSM:classe,1,40,
-8.914343,-35.725377,60,OSM:classe,1,40,
-8.914238,-35.724366,60,OSM:classe,1,40,
-8.914053,-35.153976,60,OSM:classe,1,60,
-8.913815,-35.633690,100,OSM,0,,
-8.913501,-35.153994,60,OSM,0,,
-8.913415,-35.719301,60,OSM:classe,1,60,
-8.913267,-35.633773,100,OSM,0,,
-8.913218,-35.715790,60,OSM:classe,1,40,
-8.913216,-35.715720,60,OSM:classe,1,40,
-8.913191,-35.714755,60,OSM:classe,1,60,
-8.913138,-35.713681,60,OSM:classe,1,60,
-8.913055,-35.711324,60,OSM:classe,1,60,
-8.912938,-35.725633,60,OSM:classe,1,40,
-8.912904,-35.633634,100,OSM,0,,
-8.912467,-35.153875,60,OSM,0,,
-8.912429,-35.224111,60,OSM:classe,1,40,
-8.912394,-35.706877,60,OSM:classe,1,60,
-8.912192,-35.633970,100,OSM,0,,
-8.912123,-35.189619,60,OSM:classe,1,40,
-8.912093,-35.278826,60,OSM:classe,1,40,
-8.911882,-35.633931,100,OSM,0,,
-8.911875,-35.758825,60,OSM:classe,1,40,
-8.911817,-36.017967,80,OSM,0,,
-8.911434,-35.719969,60,OSM:classe,1,40,
-8.911332,-35.723316,60,OSM:classe,1,40,
-8.910987,-35.721017,60,OSM:classe,1,40,
-8.910714,-35.725970,60,OSM:classe,1,40,
-8.910625,-35.448061,60,OSM:classe,1,50,
-8.910598,-35.702705,60,OSM:classe,1,60,
-8.910452,-35.634661,100,OSM,0,,
-8.910440,-35.634825,100,OSM,0,,
-8.910428,-35.721668,60,OSM:classe,1,40,
-8.910419,-35.557073,60,OSM:classe,1,40,
-8.910122,-35.715681,60,OSM:classe,1,40,
-8.910106,-35.719208,60,OSM:classe,1,40,
-8.910066,-35.724150,60,OSM:classe,1,40,
-8.910033,-35.723893,60,OSM:classe,1,40,
-8.909980,-35.723532,60,OSM:classe,1,40,
-8.909917,-35.717683,60,OSM:classe,1,40,
-8.909730,-35.723880,60,OSM:classe,1,40,
-8.909717,-35.721773,60,OSM:classe,1,40,
-8.909354,-35.719326,60,OSM:classe,1,40,
-8.908253,-35.698835,60,OSM:classe,1,60,
-8.908223,-35.635023,100,OSM,0,,
-8.908195,-35.223711,60,OSM:classe,1,40,
-8.908091,-35.277110,60,OSM:classe,1,40,
-8.908007,-35.634937,100,OSM,0,,
-8.907809,-35.188866,60,OSM:classe,1,40,
-8.907269,-35.555604,60,OSM:classe,1,40,
-8.907172,-35.228605,60,OSM:classe,1,40,
-8.906573,-35.227187,60,OSM:classe,1,40,
-8.906180,-35.447728,60,OSM:classe,1,50,
-8.906102,-35.694859,60,OSM:classe,1,60,
-8.905121,-35.551755,60,OSM:classe,1,40,
-8.904977,-35.637092,100,OSM,0,,
-8.904930,-35.690514,60,OSM:classe,1,60,
-8.904889,-35.636914,100,OSM,0,,
-8.904404,-35.685994,60,OSM:classe,1,60,
-8.904283,-35.551682,60,OSM:classe,1,40,
-8.904163,-35.277479,60,OSM:classe,1,40,
-8.904116,-35.637107,100,OSM,0,,
-8.904091,-35.637389,100,OSM,0,,
-8.903878,-35.681474,60,OSM:classe,1,60,
-8.903865,-35.681360,60,OSM:classe,1,60,
-8.903517,-35.677555,60,OSM:classe,1,60,
-8.903458,-35.189982,60,OSM:classe,1,40,
-8.903133,-35.230214,60,OSM:classe,1,40,
-8.903102,-35.673023,60,OSM:classe,1,60,
-8.902972,-35.637035,100,OSM,0,,
-8.902898,-35.637379,100,OSM,0,,
-8.902659,-35.669123,60,OSM:classe,1,60,
-8.902277,-35.636842,100,OSM,0,,
-8.902146,-35.664601,60,OSM:classe,1,60,
-8.902075,-35.192253,60,OSM:classe,1,40,
-8.902009,-35.646566,60,OSM:classe,1,60,
-8.901977,-35.446169,60,OSM:classe,1,50,
-8.901890,-35.642079,60,OSM:classe,1,60,
-8.901817,-35.637039,100,OSM,0,,
-8.901740,-37.821853,60,OSM:classe,1,40,
-8.901633,-35.660079,60,OSM:classe,1,60,
-8.901621,-35.637546,100,OSM:classe,1,80,
-8.901470,-37.821744,30,OSM,0,,
-8.901391,-37.821445,30,OSM,0,,
-8.901284,-35.636862,100,OSM,0,,
-8.901258,-37.821282,30,OSM,0,,
-8.901208,-37.821400,60,OSM:classe,1,40,
-8.901189,-35.651041,60,OSM:classe,1,60,
-8.901162,-37.821341,30,OSM,0,,
-8.901119,-35.655558,60,OSM:classe,1,60,
-8.900981,-37.821113,60,OSM:classe,1,40,
-8.900834,-35.280515,60,OSM:classe,1,40,
-8.900765,-35.233924,60,OSM:classe,1,40,
-8.900523,-37.821924,60,OSM:classe,1,40,
-8.900247,-35.551881,60,OSM:classe,1,40,
-8.900140,-37.821888,60,OSM:classe,1,40,
-8.900011,-37.822672,60,OSM:classe,1,40,
-8.899877,-37.822424,60,OSM:classe,1,40,
-8.899780,-37.822246,60,OSM:classe,1,40,
-8.899723,-37.822107,60,OSM:classe,1,40,
-8.899639,-35.635828,100,OSM,0,,
-8.899509,-37.821604,60,OSM:classe,1,40,
-8.899501,-35.636147,100,OSM,0,,
-8.898436,-35.550254,60,OSM:classe,1,40,
-8.898171,-35.635138,100,OSM,0,,
-8.898106,-35.446943,60,OSM:classe,1,50,
-8.898037,-37.823050,60,OSM:classe,1,40,
-8.897969,-35.280833,60,OSM:classe,1,40,
-8.897815,-35.237341,60,OSM:classe,1,40,
-8.897236,-37.824516,60,OSM:classe,1,40,
-8.897213,-35.635161,100,OSM,0,,
-8.896849,-37.824876,60,OSM:classe,1,40,
-8.896116,-35.549436,60,OSM:classe,1,40,
-8.896101,-35.279174,60,OSM:classe,1,40,
-8.894832,-35.634788,100,OSM,0,,
-8.894831,-35.450010,60,OSM:classe,1,50,
-8.894696,-35.634599,100,OSM,0,,
-8.894356,-35.239950,60,OSM:classe,1,40,
-8.893994,-35.549879,60,OSM:classe,1,40,
-8.893249,-35.272883,60,OSM:classe,1,40,
-8.892905,-37.826869,60,OSM:classe,1,40,
-8.892199,-35.277113,60,OSM:classe,1,40,
-8.892159,-35.243798,60,OSM:classe,1,40,
-8.891031,-35.209928,60,OSM:classe,1,40,
-8.890597,-35.451406,60,OSM:classe,1,50,
-8.890240,-35.270159,60,OSM:classe,1,40,
-8.890163,-35.214763,60,OSM:classe,1,40,
-8.890030,-35.212718,60,OSM:classe,1,40,
-8.889910,-35.212718,60,OSM:classe,1,40,
-8.889757,-35.633088,100,OSM,0,,
-8.889590,-35.550798,60,OSM:classe,1,40,
-8.888060,-35.452355,60,OSM:classe,1,50,
-8.888029,-35.244982,60,OSM:classe,1,40,
-8.887322,-35.551118,60,OSM:classe,1,40,
-8.886729,-35.627037,60,OSM:classe,1,50,
-8.886250,-35.268579,60,OSM:classe,1,40,
-8.885381,-35.622770,60,OSM:classe,1,50,
-8.885278,-35.242408,60,OSM:classe,1,40,
-8.885159,-35.631540,100,OSM,0,,
-8.884795,-35.630885,60,OSM:classe,1,50,
-8.884683,-35.631198,60,OSM:classe,1,50,
-8.884433,-35.618619,60,OSM:classe,1,50,
-8.884301,-35.631652,100,OSM,0,,
-8.883710,-35.451712,60,OSM:classe,1,50,
-8.882903,-35.550948,60,OSM:classe,1,40,
-8.882071,-35.266937,60,OSM:classe,1,40,
-8.881750,-35.629122,100,OSM,0,,
-8.881018,-35.629425,100,OSM,0,,
-8.880522,-35.616504,60,OSM:classe,1,50,
-8.879697,-35.628903,100,OSM,0,,
-8.879686,-35.629078,100,OSM,0,,
-8.879614,-35.451157,60,OSM:classe,1,50,
-8.879349,-35.629073,100,OSM,0,,
-8.879290,-35.628904,100,OSM,0,,
-8.878518,-35.551268,60,OSM:classe,1,40,
-8.877165,-35.552976,60,OSM:classe,1,40,
-8.876999,-35.613675,60,OSM:classe,1,50,
-8.875788,-35.449596,60,OSM:classe,1,50,
-8.874972,-35.590965,80,OSM:classe,1,60,
-8.874169,-35.555679,60,OSM:classe,1,40,
-8.873646,-35.597616,60,OSM:classe,1,50,
-8.873645,-35.610645,60,OSM:classe,1,50,
-8.873593,-35.595172,60,OSM:classe,1,50,
-8.873246,-35.586902,80,OSM:classe,1,60,
-8.872923,-35.602003,60,OSM:classe,1,50,
-8.872460,-35.606475,60,OSM:classe,1,50,
-8.872253,-35.554784,60,OSM:classe,1,40,
-8.872125,-35.582555,80,OSM:classe,1,60,
-8.871566,-35.448302,60,OSM:classe,1,50,
-8.869111,-35.579486,80,OSM:classe,1,60,
-8.868283,-35.555473,60,OSM:classe,1,40,
-8.867140,-35.447848,60,OSM:classe,1,50,
-8.864984,-35.577989,80,OSM:classe,1,60,
-8.864446,-35.555466,80,OSM:classe,1,60,
-8.864421,-35.556914,60,OSM:classe,1,40,
-8.864156,-35.577299,60,OSM:classe,1,50,
-8.863320,-35.448504,60,OSM:classe,1,50,
-8.862100,-35.558647,80,OSM:classe,1,60,
-8.861701,-35.551939,80,OSM:classe,1,60,
-8.861183,-35.573884,60,OSM:classe,1,50,
-8.861114,-35.540104,80,OSM:classe,1,60,
-8.860799,-35.543843,80,OSM:classe,1,60,
-8.860382,-35.528564,80,OSM:classe,1,60,
-8.860320,-35.544290,80,OSM:classe,1,60,
-8.859402,-35.450279,60,OSM:classe,1,50,
-8.859307,-35.532709,80,OSM:classe,1,60,
-8.859305,-35.517790,80,OSM:classe,1,60,
-8.858951,-35.548460,80,OSM:classe,1,60,
-8.858557,-35.561370,80,OSM:classe,1,60,
-8.858490,-35.536690,80,OSM:classe,1,60,
-8.858247,-35.522114,80,OSM:classe,1,60,
-8.857699,-35.571132,60,OSM:classe,1,50,
-8.857638,-35.525853,80,OSM:classe,1,60,
-8.857024,-35.562240,60,OSM:classe,1,50,
-8.855993,-35.570235,60,OSM:classe,1,50,
-8.855680,-35.515945,80,OSM:classe,1,60,
-8.855115,-35.449949,60,OSM:classe,1,50,
-8.853746,-35.569712,60,OSM:classe,1,50,
-8.853538,-35.564170,60,OSM:classe,1,50,
-8.853405,-35.564288,60,OSM:classe,1,50,
-8.853148,-35.564459,60,OSM:classe,1,50,
-8.853027,-35.473754,80,OSM:classe,1,60,
-8.852849,-35.478226,80,OSM:classe,1,60,
-8.852258,-35.397770,60,OSM:classe,1,40,
-8.851647,-35.472034,60,OSM:classe,1,50,
-8.851351,-35.568435,60,OSM:classe,1,50,
-8.851318,-35.514932,80,OSM:classe,1,60,
-8.851218,-35.568633,60,OSM:classe,1,40,
-8.851098,-35.494728,80,OSM:classe,1,60,
-8.850897,-35.482326,80,OSM:classe,1,60,
-8.850836,-35.451279,60,OSM:classe,1,50,
-8.850748,-35.499247,80,OSM:classe,1,60,
-8.850053,-35.490331,80,OSM:classe,1,60,
-8.849970,-35.565946,60,OSM:classe,1,50,
-8.849868,-35.565962,60,OSM:classe,1,40,
-8.849768,-35.459679,60,OSM:classe,1,40,
-8.849735,-35.485963,80,OSM:classe,1,60,
-8.849558,-35.401404,60,OSM:classe,1,40,
-8.849405,-35.503557,80,OSM:classe,1,60,
-8.849223,-35.567577,60,OSM:classe,1,40,
-8.849020,-35.511141,80,OSM:classe,1,60,
-8.848734,-35.455726,60,OSM:classe,1,40,
-8.848453,-35.567999,60,OSM:classe,1,40,
-8.848352,-35.451386,60,OSM:classe,1,40,
-8.848039,-35.507340,80,OSM:classe,1,60,
-8.847772,-35.470154,60,OSM:classe,1,50,
-8.847104,-35.568390,60,OSM:classe,1,40,
-8.846975,-35.568256,60,OSM:classe,1,40,
-8.846833,-35.462944,60,OSM:classe,1,40,
-8.846499,-35.450754,60,OSM:classe,1,50,
-8.846242,-35.404453,60,OSM:classe,1,40,
-8.845907,-35.463456,60,OSM:classe,1,40,
-8.845194,-35.567454,60,OSM:classe,1,40,
-8.844170,-35.408218,60,OSM:classe,1,40,
-8.843988,-35.467847,60,OSM:classe,1,50,
-8.843845,-35.467681,60,OSM:classe,1,50,
-8.842586,-35.449822,60,OSM:classe,1,50,
-8.842345,-35.449758,60,OSM:classe,1,50,
-8.842178,-35.450788,60,OSM:classe,1,50,
-8.841984,-35.446439,60,OSM:classe,1,40,
-8.841906,-35.464915,60,OSM:classe,1,50,
-8.841791,-35.447502,60,OSM:classe,1,40,
-8.841660,-35.464480,60,OSM:classe,1,40,
-8.841644,-35.447530,60,OSM:classe,1,40,
-8.841559,-35.437810,60,OSM:classe,1,40,
-8.841525,-35.442133,60,OSM:classe,1,40,
-8.841451,-35.455278,60,OSM:classe,1,50,
-8.841427,-35.447572,60,OSM:classe,1,40,
-8.841219,-35.411456,60,OSM:classe,1,40,
-8.840885,-35.457150,60,OSM:classe,1,50,
-8.840837,-35.457233,60,OSM:classe,1,50,
-8.840828,-35.462688,60,OSM:classe,1,50,
-8.840805,-35.567169,60,OSM:classe,1,40,
-8.840801,-35.457201,60,OSM:classe,1,50,
-8.840760,-35.459241,60,OSM:classe,1,50,
-8.840477,-35.433981,60,OSM:classe,1,40,
-8.840027,-35.458153,40,OSM:classe,1,40,
-8.839583,-35.458830,60,OSM:classe,1,50,
-8.839520,-35.458790,60,OSM:classe,1,50,
-8.839481,-35.416328,60,OSM:classe,1,40,
-8.839003,-35.414721,60,OSM:classe,1,40,
-8.838623,-35.424398,60,OSM:classe,1,40,
-8.838036,-35.428116,60,OSM:classe,1,40,
-8.836705,-35.431570,60,OSM:classe,1,40,
-8.836401,-35.566372,60,OSM:classe,1,40,
-8.833404,-35.563218,60,OSM:classe,1,40,
-8.828180,-35.550258,60,OSM:classe,1,40,
-8.825865,-35.547372,60,OSM:classe,1,40,
