lat1,lng1,lat2,lng2,kind
-9.416118,-40.547962,-9.416691,-40.547603,BRIDGE
-9.413277,-40.543303,-9.413401,-40.543187,BRIDGE
-9.410581,-40.540795,-9.410693,-40.540731,BRIDGE
-9.409978,-40.538517,-9.410105,-40.538456,BRIDGE
-9.408472,-40.505060,-9.409511,-40.505294,BRIDGE
-9.408472,-40.505060,-9.407638,-40.504869,BRIDGE
-9.407638,-40.504869,-9.408472,-40.505060,BRIDGE
-9.402551,-40.503713,-9.407638,-40.504869,BRIDGE
-9.402551,-40.503713,-9.402286,-40.503622,BRIDGE
-9.402286,-40.503622,-9.402060,-40.503577,BRIDGE
-9.402278,-40.503705,-9.402551,-40.503713,BRIDGE
-9.402053,-40.503664,-9.402278,-40.503705,BRIDGE
-9.401189,-40.522888,-9.400942,-40.522219,BRIDGE
-9.399620,-40.504551,-9.398533,-40.505091,BRIDGE
-9.398764,-40.505452,-9.399766,-40.504829,BRIDGE
-9.396901,-40.505901,-9.396072,-40.506510,BRIDGE
-9.392762,-40.524960,-9.392680,-40.524793,BRIDGE
-9.392110,-40.525284,-9.392208,-40.525477,BRIDGE
-9.388749,-40.524311,-9.386317,-40.526698,BRIDGE
-9.386389,-40.526773,-9.388807,-40.524377,BRIDGE
-9.386060,-40.526946,-9.385746,-40.527276,BRIDGE
-9.385845,-40.527356,-9.386138,-40.527059,BRIDGE
-9.384076,-40.634928,-9.384213,-40.635007,BRIDGE
-9.384019,-40.598412,-9.384040,-40.598491,BRIDGE
-9.382706,-40.524945,-9.382483,-40.525026,BRIDGE
-9.381398,-40.512615,-9.379460,-40.508457,BRIDGE
-9.380555,-40.510874,-9.381328,-40.512644,BRIDGE
-9.379406,-40.508482,-9.380555,-40.510874,BRIDGE
-9.377761,-40.521425,-9.377596,-40.521512,BRIDGE
-9.376779,-40.614779,-9.377009,-40.614811,BRIDGE
-9.376295,-40.494524,-9.375442,-40.490293,BRIDGE
-9.375765,-40.620117,-9.375791,-40.620113,BRIDGE
-9.375383,-40.490316,-9.376216,-40.494540,BRIDGE
-9.369894,-40.627132,-9.370267,-40.627347,BRIDGE
-9.367504,-40.695999,-9.372383,-40.695638,BRIDGE
-9.366843,-40.605809,-9.366567,-40.605653,BRIDGE
-9.365797,-40.534071,-9.365740,-40.533977,BRIDGE
-9.365133,-40.515689,-9.365071,-40.515507,TUNNEL
-9.364926,-40.515559,-9.364988,-40.515737,TUNNEL
-9.364793,-40.543695,-9.364868,-40.543742,BRIDGE
-9.364667,-40.543218,-9.364566,-40.543278,BRIDGE
-9.364280,-40.535927,-9.364377,-40.535929,BRIDGE
-9.364042,-40.631282,-9.364045,-40.631364,BRIDGE
-9.363683,-40.590200,-9.363614,-40.590444,BRIDGE
-9.363400,-40.541688,-9.363478,-40.541630,BRIDGE
-9.362670,-40.525117,-9.362501,-40.524943,BRIDGE
-9.362430,-40.525029,-9.362598,-40.525193,BRIDGE
-9.361125,-40.449863,-9.361203,-40.449886,BRIDGE
-9.359970,-40.522383,-9.359885,-40.522295,BRIDGE
-9.359782,-40.522331,-9.359895,-40.522443,BRIDGE
-9.359657,-40.494278,-9.359581,-40.494308,BRIDGE
-9.358966,-40.493156,-9.359038,-40.493118,BRIDGE
-9.358468,-40.492247,-9.358538,-40.492206,BRIDGE
-9.358353,-40.491903,-9.358308,-40.491932,BRIDGE
-9.358345,-40.492000,-9.358387,-40.491970,BRIDGE
-9.357104,-40.489448,-9.357029,-40.489485,BRIDGE
-9.356095,-40.474845,-9.356166,-40.474884,BRIDGE
-9.355989,-40.487391,-9.355928,-40.487421,BRIDGE
-9.354559,-40.484752,-9.354504,-40.484779,BRIDGE
-9.354282,-40.676832,-9.354188,-40.676713,BRIDGE
-9.353206,-40.679977,-9.353132,-40.679951,BRIDGE
-9.353094,-40.481358,-9.353051,-40.481286,BRIDGE
-9.352078,-40.630613,-9.352102,-40.630534,BRIDGE
-9.351535,-40.531974,-9.351575,-40.532204,BRIDGE
-9.349535,-40.647521,-9.349601,-40.647298,BRIDGE
-9.339303,-40.711354,-9.339227,-40.711188,BRIDGE
-9.335928,-40.625658,-9.335899,-40.625651,BRIDGE
-9.329373,-40.734239,-9.329342,-40.734122,BRIDGE
-9.327652,-40.628123,-9.327759,-40.628063,BRIDGE
-9.315434,-40.596789,-9.315551,-40.597158,BRIDGE
-9.311338,-40.555377,-9.311178,-40.555169,BRIDGE
-9.307959,-40.486885,-9.307890,-40.486952,BRIDGE
-9.301130,-40.484024,-9.301026,-40.484046,BRIDGE
-9.299188,-40.632934,-9.299191,-40.633079,BRIDGE
-9.299117,-40.495336,-9.299024,-40.495298,BRIDGE
-9.297553,-38.201437,-9.295192,-38.202979,BRIDGE
-9.296613,-40.500589,-9.296536,-40.500554,BRIDGE
-9.294588,-40.431404,-9.294539,-40.431384,BRIDGE
-9.293355,-40.506240,-9.293265,-40.506167,BRIDGE
-9.293087,-40.506155,-9.292902,-40.506146,BRIDGE
-9.293038,-40.464141,-9.292987,-40.464183,BRIDGE
-9.292189,-40.456029,-9.292258,-40.456027,BRIDGE
-9.291526,-40.636314,-9.291256,-40.636388,BRIDGE
-9.284390,-40.630985,-9.284343,-40.631122,BRIDGE
-9.283376,-40.543974,-9.283258,-40.543985,BRIDGE
-9.279314,-40.532973,-9.279227,-40.533021,BRIDGE
-9.278989,-40.565369,-9.278950,-40.565270,BRIDGE
-9.276501,-40.625534,-9.276379,-40.625328,BRIDGE
-9.273797,-40.569538,-9.273910,-40.569376,BRIDGE
-9.273602,-40.619107,-9.273486,-40.619053,BRIDGE
-9.271813,-40.573633,-9.271904,-40.573592,BRIDGE
-9.270999,-37.037378,-9.270969,-37.036785,BRIDGE
-9.267541,-36.504165,-9.267945,-36.503745,BRIDGE
-9.256276,-40.468036,-9.256120,-40.467965,BRIDGE
-9.254646,-38.238262,-9.254270,-38.238526,BRIDGE
-9.253086,-40.407932,-9.253052,-40.407751,BRIDGE
-9.249531,-38.157810,-9.249773,-38.156331,BRIDGE
-9.240822,-40.553117,-9.240852,-40.553211,BRIDGE
-9.236385,-40.619112,-9.236478,-40.619058,BRIDGE
-9.227481,-40.624309,-9.227548,-40.624270,BRIDGE
-9.217979,-40.451185,-9.217677,-40.451180,BRIDGE
-9.217628,-36.567426,-9.217521,-36.567226,BRIDGE
-9.217169,-40.556826,-9.217079,-40.556838,BRIDGE
-9.212367,-38.239216,-9.211882,-38.239176,BRIDGE
-9.202311,-40.567090,-9.202273,-40.567184,BRIDGE
-9.200014,-36.546987,-9.199601,-36.546768,BRIDGE
-9.191963,-38.259534,-9.191703,-38.259776,BRIDGE
-9.187423,-38.251432,-9.187233,-38.251613,BRIDGE
-9.181634,-36.688446,-9.181991,-36.688641,BRIDGE
-9.181522,-40.569554,-9.181568,-40.569614,BRIDGE
-9.177026,-40.634766,-9.177233,-40.634752,BRIDGE
-9.173254,-40.563121,-9.173148,-40.563099,BRIDGE
-9.171026,-36.689386,-9.170854,-36.688699,BRIDGE
-9.169881,-40.555463,-9.169785,-40.555508,BRIDGE
-9.169679,-36.687729,-9.169469,-36.687689,BRIDGE
-9.167285,-36.682576,-9.167655,-36.682291,BRIDGE
-9.156773,-40.553891,-9.156764,-40.553819,BRIDGE
-9.155601,-40.303294,-9.155714,-40.303292,BRIDGE
-9.154161,-38.307261,-9.151910,-38.305941,BRIDGE
-9.152750,-40.325156,-9.152676,-40.325081,BRIDGE
-9.151774,-40.555296,-9.151685,-40.555185,BRIDGE
-9.145886,-36.673282,-9.146014,-36.673333,BRIDGE
-9.138043,-36.330543,-9.138171,-36.330583,BRIDGE
-9.136281,-37.288295,-9.136263,-37.287896,BRIDGE
-9.134776,-37.160861,-9.135063,-37.159025,BRIDGE
-9.133395,-36.874159,-9.133849,-36.874171,BRIDGE
-9.133273,-37.205294,-9.133233,-37.204343,BRIDGE
-9.132870,-36.319494,-9.133334,-36.319388,BRIDGE
-9.132690,-36.326353,-9.132650,-36.326494,BRIDGE
-9.131882,-36.327186,-9.132332,-36.327042,BRIDGE
-9.130709,-36.525962,-9.130645,-36.525740,BRIDGE
-9.130492,-37.120590,-9.130346,-37.120589,TUNNEL
-9.130346,-37.120589,-9.130218,-37.120589,TUNNEL
-9.129333,-36.341093,-9.129418,-36.341225,BRIDGE
-9.124543,-36.339967,-9.124957,-36.339776,BRIDGE
-9.124332,-36.293759,-9.124107,-36.293751,BRIDGE
-9.124109,-36.339508,-9.124320,-36.339213,BRIDGE
-9.121316,-40.551849,-9.121365,-40.551801,BRIDGE
-9.110235,-40.646054,-9.110343,-40.646000,BRIDGE
-9.107819,-40.445319,-9.107943,-40.445327,BRIDGE
-9.101048,-40.533342,-9.100956,-40.533390,BRIDGE
-9.100643,-40.532468,-9.100713,-40.532421,BRIDGE
-9.100364,-40.531310,-9.100437,-40.531281,BRIDGE
-9.099957,-40.529234,-9.099917,-40.529235,BRIDGE
-9.097934,-40.652373,-9.098272,-40.652209,BRIDGE
-9.092631,-36.388715,-9.092096,-36.389048,BRIDGE
-9.091477,-37.159923,-9.091899,-37.158858,BRIDGE
-9.090834,-36.357879,-9.090191,-36.358015,BRIDGE
-9.084196,-36.359378,-9.083870,-36.359419,BRIDGE
-9.080331,-36.462604,-9.080170,-36.462706,BRIDGE
-9.076023,-37.241371,-9.076301,-37.241507,BRIDGE
-9.075613,-36.437875,-9.075540,-36.437698,BRIDGE
-9.074524,-36.554604,-9.074376,-36.554688,BRIDGE
-9.073704,-36.454000,-9.072910,-36.454075,BRIDGE
-9.070879,-40.496020,-9.070795,-40.495985,BRIDGE
-9.070221,-36.404150,-9.070139,-36.404378,BRIDGE
-9.070031,-36.367758,-9.069770,-36.367684,BRIDGE
-9.068927,-36.444027,-9.069069,-36.443908,BRIDGE
-9.068137,-40.499675,-9.068081,-40.499709,BRIDGE
-9.057925,-37.259413,-9.058016,-37.259598,BRIDGE
-9.057840,-36.939458,-9.057763,-36.938833,BRIDGE
-9.054635,-40.508255,-9.054609,-40.508116,BRIDGE
-9.048385,-37.264533,-9.048718,-37.264053,BRIDGE
-9.046583,-36.526084,-9.046516,-36.525735,BRIDGE
-9.045881,-36.650055,-9.045880,-36.649789,BRIDGE
-9.044557,-40.547508,-9.044334,-40.547820,BRIDGE
-9.043077,-36.387656,-9.043310,-36.388045,BRIDGE
-9.039156,-36.533898,-9.038956,-36.533919,BRIDGE
-9.038211,-36.596522,-9.038106,-36.596398,BRIDGE
-9.037455,-36.399439,-9.037616,-36.399503,BRIDGE
-9.025097,-37.911100,-9.025111,-37.911184,BRIDGE
-9.025031,-36.409462,-9.024868,-36.409492,BRIDGE
-9.024463,-36.421213,-9.024353,-36.421213,BRIDGE
-9.023570,-36.429202,-9.023439,-36.429141,BRIDGE
-9.023437,-37.053409,-9.023353,-37.053428,BRIDGE
-9.022268,-37.048306,-9.022025,-37.048155,BRIDGE
-9.020687,-36.441287,-9.020545,-36.441209,BRIDGE
-9.016728,-37.883210,-9.016799,-37.883252,BRIDGE
-9.012108,-36.871938,-9.011984,-36.871774,BRIDGE
-9.011154,-37.879442,-9.011218,-37.879492,BRIDGE
-9.011113,-39.984709,-9.011265,-39.984660,BRIDGE
-9.010420,-39.983371,-9.010640,-39.983309,BRIDGE
-9.006657,-36.350667,-9.006523,-36.350795,BRIDGE
-9.004989,-36.330588,-9.004958,-36.330657,BRIDGE
-9.004426,-36.329969,-9.004255,-36.329826,BRIDGE
-9.004034,-36.327528,-9.003855,-36.327572,BRIDGE
-9.003166,-40.272201,-9.002764,-40.272177,BRIDGE
-9.002086,-36.326557,-9.002049,-36.326443,BRIDGE
-9.000925,-36.325259,-9.000830,-36.325106,BRIDGE
-9.000813,-36.320527,-9.000514,-36.320084,BRIDGE
-8.997970,-36.473616,-8.997940,-36.473484,BRIDGE
-8.996456,-36.849350,-8.996362,-36.849243,BRIDGE
-8.995917,-39.960442,-8.995866,-39.960113,BRIDGE
-8.995848,-38.208922,-8.995777,-38.208846,BRIDGE
-8.995264,-38.215488,-8.994302,-38.215609,BRIDGE
-8.992873,-40.597257,-8.992744,-40.597178,BRIDGE
-8.991019,-40.569108,-8.990928,-40.569330,BRIDGE
-8.990374,-40.595813,-8.990268,-40.595753,BRIDGE
-8.981697,-36.159129,-8.981634,-36.159062,BRIDGE
-8.976593,-36.592121,-8.976487,-36.592118,BRIDGE
-8.972772,-36.393035,-8.972485,-36.393036,BRIDGE
-8.968163,-36.998502,-8.967755,-36.998508,BRIDGE
-8.953360,-36.483729,-8.953322,-36.483675,BRIDGE
-8.950973,-36.601488,-8.950969,-36.601840,BRIDGE
-8.949854,-36.486765,-8.949839,-36.486846,BRIDGE
-8.931108,-36.463434,-8.930976,-36.463815,BRIDGE
-8.927414,-36.491533,-8.927374,-36.491461,BRIDGE
-8.917679,-37.827071,-8.916959,-37.827601,BRIDGE
-8.917496,-36.503393,-8.917493,-36.503345,BRIDGE
-8.917002,-37.827660,-8.917727,-37.827141,BRIDGE
-8.909730,-35.723880,-8.909596,-35.723864,BRIDGE
-8.908551,-39.900476,-8.908656,-39.900436,BRIDGE
-8.908370,-38.417252,-8.908264,-38.417304,BRIDGE
-8.905100,-35.711588,-8.905187,-35.711533,BRIDGE
-8.901965,-37.387298,-8.901874,-37.387264,BRIDGE
-8.897527,-36.098153,-8.897566,-36.098079,BRIDGE
-8.896937,-35.765230,-8.896984,-35.765144,BRIDGE
-8.896516,-35.765319,-8.896657,-35.765246,BRIDGE
-8.896215,-36.519475,-8.896210,-36.519393,BRIDGE
-8.894522,-36.622382,-8.894489,-36.622262,BRIDGE
-8.894409,-36.096190,-8.894348,-36.096246,BRIDGE
-8.894103,-35.668618,-8.894259,-35.668541,BRIDGE
-8.893714,-37.706313,-8.893667,-37.706347,BRIDGE
-8.892853,-36.524278,-8.892907,-36.524214,BRIDGE
-8.891061,-36.192709,-8.890833,-36.192704,BRIDGE
-8.888067,-36.512392,-8.888009,-36.512335,BRIDGE
-8.886624,-35.197235,-8.886641,-35.197277,BRIDGE
-8.886475,-35.172608,-8.886532,-35.172773,BRIDGE
-8.885957,-35.193120,-8.886006,-35.193324,BRIDGE
-8.885405,-35.185850,-8.885484,-35.185951,BRIDGE
-8.884967,-36.090202,-8.885013,-36.090152,BRIDGE
-8.884658,-35.242534,-8.884583,-35.242543,BRIDGE
-8.884218,-36.176277,-8.884326,-36.176281,BRIDGE
-8.883719,-36.182767,-8.883726,-36.182598,BRIDGE
-8.882028,-36.218363,-8.881848,-36.218229,BRIDGE
-8.880410,-35.266292,-8.880622,-35.266382,BRIDGE
-8.879290,-35.628904,-8.878908,-35.628914,BRIDGE
-8.879155,-36.367841,-8.879234,-36.367332,BRIDGE
-8.878937,-35.629076,-8.879349,-35.629073,BRIDGE
-8.877876,-36.395235,-8.877837,-36.395096,BRIDGE
-8.876862,-36.507515,-8.876727,-36.507088,BRIDGE
-8.876358,-36.473181,-8.876095,-36.472794,BRIDGE
-8.875451,-35.629212,-8.875151,-35.629283,BRIDGE
-8.875276,-35.629407,-8.875603,-35.629323,BRIDGE
-8.873579,-40.602326,-8.873499,-40.602355,BRIDGE
-8.869953,-36.215961,-8.869815,-36.216050,BRIDGE
-8.866533,-40.007035,-8.866442,-40.006883,BRIDGE
-8.865022,-40.730249,-8.864916,-40.730156,BRIDGE
-8.864667,-36.462809,-8.864334,-36.462934,BRIDGE
-8.854746,-36.030103,-8.854445,-36.030154,BRIDGE
-8.853409,-37.769430,-8.853337,-37.769392,BRIDGE
-8.852242,-37.752717,-8.852263,-37.752806,BRIDGE
-8.850781,-37.785939,-8.850344,-37.784831,BRIDGE
-8.848510,-37.790984,-8.848472,-37.790960,BRIDGE
-8.848052,-35.633268,-8.847712,-35.633204,BRIDGE
-8.847687,-36.939676,-8.847123,-36.939622,BRIDGE
-8.847678,-35.633350,-8.848034,-35.633420,BRIDGE
-8.845197,-37.753155,-8.845490,-37.752846,BRIDGE
-8.839987,-37.786538,-8.839916,-37.786481,BRIDGE
-8.839035,-35.835210,-8.839006,-35.835119,BRIDGE
-8.837457,-37.705138,-8.837461,-37.705056,BRIDGE
-8.836796,-35.275856,-8.837022,-35.275816,BRIDGE
-8.835971,-37.707705,-8.835582,-37.707757,BRIDGE
-8.835958,-36.037367,-8.835501,-36.037476,BRIDGE
-8.835102,-36.045778,-8.834970,-36.045565,BRIDGE
-8.834374,-37.774270,-8.834276,-37.774362,BRIDGE
-8.833760,-36.001722,-8.833394,-36.001889,BRIDGE
-8.831537,-35.561858,-8.831313,-35.561785,BRIDGE
-8.831317,-36.014908,-8.831635,-36.014976,BRIDGE
-8.829801,-36.015467,-8.829772,-36.015395,BRIDGE
-8.829772,-36.458592,-8.829629,-36.458862,BRIDGE
-8.829561,-35.817956,-8.829515,-35.817889,BRIDGE
-8.829311,-36.025083,-8.829396,-36.025056,BRIDGE
-8.828943,-36.303192,-8.829183,-36.303103,BRIDGE
-8.826909,-36.017490,-8.827000,-36.017261,BRIDGE
-8.825115,-40.824400,-8.825174,-40.824372,BRIDGE
-8.823985,-35.939772,-8.824186,-35.939578,BRIDGE
-8.823899,-35.951445,-8.823618,-35.951412,BRIDGE
-8.823272,-37.603234,-8.823262,-37.603184,BRIDGE
-8.819727,-36.017188,-8.819645,-36.016720,BRIDGE
-8.819320,-35.715260,-8.819233,-35.715322,BRIDGE
-8.819144,-37.586097,-8.819180,-37.586021,BRIDGE
-8.819112,-35.715523,-8.819103,-35.715601,BRIDGE
-8.818919,-35.397010,-8.818856,-35.396715,BRIDGE
-8.816974,-35.517127,-8.816768,-35.517049,BRIDGE
-8.816070,-35.933768,-8.816232,-35.933697,BRIDGE
-8.815896,-35.196897,-8.815700,-35.197015,BRIDGE
-8.815489,-40.825749,-8.815516,-40.825656,BRIDGE
-8.815320,-35.199388,-8.815488,-35.199444,BRIDGE
-8.814561,-35.193957,-8.814440,-35.194264,BRIDGE
-8.814457,-35.213448,-8.814527,-35.213503,BRIDGE
-8.814348,-35.195441,-8.814635,-35.195499,BRIDGE
-8.813916,-36.286565,-8.813863,-36.286619,BRIDGE
-8.813673,-35.196802,-8.813948,-35.196868,BRIDGE
-8.812389,-35.196375,-8.811773,-35.194374,BRIDGE
-8.811872,-36.318408,-8.811930,-36.318861,BRIDGE
-8.811404,-35.183354,-8.812578,-35.182876,BRIDGE
-8.810821,-35.207535,-8.810742,-35.207719,BRIDGE
-8.810773,-37.431550,-8.810718,-37.431611,BRIDGE
-8.810007,-40.828106,-8.810038,-40.828182,BRIDGE
-8.809841,-40.828259,-8.809818,-40.828180,BRIDGE
-8.809562,-35.623319,-8.808953,-35.622834,BRIDGE
-8.808878,-35.622966,-8.809491,-35.623482,BRIDGE
-8.808465,-36.024154,-8.808495,-36.024056,BRIDGE
-8.807870,-35.201344,-8.809102,-35.201055,BRIDGE
-8.806798,-36.482290,-8.806515,-36.482276,BRIDGE
-8.805857,-39.821106,-8.805904,-39.821117,BRIDGE
-8.805715,-39.821479,-8.805686,-39.821444,BRIDGE
-8.802746,-36.041129,-8.802663,-36.041138,BRIDGE
-8.802141,-35.879090,-8.802762,-35.878931,BRIDGE
-8.801746,-36.447495,-8.801650,-36.447417,BRIDGE
-8.801235,-36.325246,-8.801286,-36.325444,BRIDGE
-8.797677,-36.437883,-8.797546,-36.437823,BRIDGE
-8.796245,-36.485069,-8.796122,-36.485105,BRIDGE
-8.795549,-36.322975,-8.795525,-36.322894,BRIDGE
-8.795379,-36.484070,-8.795355,-36.483992,BRIDGE
-8.794846,-36.495693,-8.794978,-36.495600,BRIDGE
-8.794134,-36.420273,-8.794220,-36.420184,BRIDGE
-8.793374,-36.294063,-8.793379,-36.294107,BRIDGE
-8.792576,-36.279889,-8.792613,-36.279976,BRIDGE
-8.791031,-36.465629,-8.791046,-36.465582,BRIDGE
-8.790138,-37.700145,-8.790259,-37.700030,BRIDGE
-8.789804,-37.056541,-8.790164,-37.056268,BRIDGE
-8.789802,-36.471205,-8.789803,-36.471120,BRIDGE
-8.789066,-36.355075,-8.788804,-36.355225,BRIDGE
-8.787213,-36.453269,-8.787186,-36.453190,BRIDGE
-8.786623,-36.453356,-8.786585,-36.453279,BRIDGE
-8.786536,-35.278596,-8.787450,-35.278098,BRIDGE
-8.786497,-36.462991,-8.786568,-36.463037,BRIDGE
-8.785584,-36.496322,-8.785517,-36.496273,BRIDGE
-8.785549,-35.811378,-8.785190,-35.811406,BRIDGE
-8.785020,-36.425982,-8.785079,-36.425894,BRIDGE
-8.784057,-36.352356,-8.784026,-36.352278,BRIDGE
-8.783767,-36.367778,-8.783733,-36.367737,BRIDGE
-8.783525,-38.369794,-8.783488,-38.369880,BRIDGE
-8.783451,-36.430009,-8.783387,-36.429989,BRIDGE
-8.783132,-36.429361,-8.783129,-36.429314,BRIDGE
-8.782900,-36.275738,-8.782843,-36.275849,BRIDGE
-8.782611,-36.465329,-8.782538,-36.465282,BRIDGE
-8.780383,-36.415064,-8.780288,-36.415007,BRIDGE
-8.780101,-36.415108,-8.780081,-36.415039,BRIDGE
-8.779971,-36.339192,-8.779913,-36.339252,BRIDGE
-8.779914,-36.438288,-8.779842,-36.438247,BRIDGE
-8.779436,-35.811028,-8.779701,-35.810514,BRIDGE
-8.779371,-36.499429,-8.779338,-36.499400,BRIDGE
-8.779102,-36.498461,-8.779083,-36.498386,BRIDGE
-8.779038,-36.498319,-8.778990,-36.498287,BRIDGE
-8.778873,-38.340294,-8.778318,-38.340989,BRIDGE
-8.777590,-36.258584,-8.777550,-36.258548,BRIDGE
-8.777464,-40.882096,-8.777982,-40.881799,BRIDGE
-8.776722,-35.115458,-8.776938,-35.115454,BRIDGE
-8.776383,-36.483124,-8.776399,-36.483049,BRIDGE
-8.776354,-36.296138,-8.776389,-36.296212,BRIDGE
-8.775042,-36.508424,-8.774993,-36.508359,BRIDGE
-8.774234,-38.522725,-8.774293,-38.522659,BRIDGE
-8.774033,-36.489352,-8.774048,-36.489464,BRIDGE
-8.772058,-36.486272,-8.772008,-36.486294,BRIDGE
-8.771821,-36.408859,-8.771864,-36.408929,BRIDGE
-8.770277,-35.814585,-8.770532,-35.814023,BRIDGE
-8.769807,-36.383040,-8.769734,-36.382998,BRIDGE
-8.769541,-36.421316,-8.769471,-36.421272,BRIDGE
-8.769180,-36.480618,-8.769134,-36.480595,BRIDGE
-8.769158,-35.317212,-8.769263,-35.317263,BRIDGE
-8.769076,-36.404384,-8.769041,-36.404436,BRIDGE
-8.768504,-36.492756,-8.768423,-36.492743,BRIDGE
-8.768381,-35.451942,-8.768645,-35.451788,BRIDGE
-8.768373,-36.436302,-8.768367,-36.436175,BRIDGE
-8.767078,-35.316050,-8.767174,-35.316109,BRIDGE
-8.766557,-36.412873,-8.766645,-36.412873,BRIDGE
-8.766413,-36.428884,-8.766489,-36.428856,BRIDGE
-8.765709,-36.515424,-8.765731,-36.515490,BRIDGE
-8.764309,-36.479723,-8.764228,-36.479739,BRIDGE
-8.764193,-36.445310,-8.764106,-36.445344,BRIDGE
-8.763084,-36.361813,-8.763030,-36.361876,BRIDGE
-8.762216,-36.362064,-8.762024,-36.362092,BRIDGE
-8.762194,-36.276256,-8.762156,-36.276228,BRIDGE
-8.761697,-36.485588,-8.761684,-36.485523,BRIDGE
-8.761586,-36.279335,-8.761654,-36.279283,BRIDGE
-8.761541,-35.605421,-8.761511,-35.605010,BRIDGE
-8.761376,-35.604981,-8.761389,-35.605410,BRIDGE
-8.761251,-36.385591,-8.761233,-36.385537,BRIDGE
-8.760336,-36.487583,-8.760262,-36.487572,BRIDGE
-8.760172,-36.295617,-8.760062,-36.295614,BRIDGE
-8.759680,-35.853328,-8.759733,-35.853476,BRIDGE
-8.759434,-36.267193,-8.759439,-36.267254,BRIDGE
-8.758690,-36.301867,-8.758697,-36.301949,BRIDGE
-8.758688,-36.389524,-8.758649,-36.389645,BRIDGE
-8.758379,-36.448132,-8.758358,-36.448047,BRIDGE
-8.758304,-35.110652,-8.758243,-35.110784,BRIDGE
-8.758288,-35.110799,-8.758304,-35.110652,BRIDGE
-8.757138,-36.510226,-8.757207,-36.510272,BRIDGE
-8.756684,-36.432495,-8.756792,-36.432442,BRIDGE
-8.756520,-36.430638,-8.756536,-36.430754,BRIDGE
-8.756005,-37.674767,-8.756285,-37.674755,BRIDGE
-8.755585,-37.338010,-8.755461,-37.338069,BRIDGE
-8.754846,-38.393916,-8.754525,-38.394603,BRIDGE
-8.754459,-35.812553,-8.754119,-35.812199,BRIDGE
-8.753731,-36.426218,-8.753693,-36.426128,BRIDGE
-8.753426,-35.584571,-8.753496,-35.584459,BRIDGE
-8.753352,-36.381098,-8.753419,-36.381165,BRIDGE
-8.753316,-36.376544,-8.753117,-36.376495,BRIDGE
-8.753006,-36.423668,-8.753017,-36.423613,BRIDGE
-8.752608,-36.364443,-8.752602,-36.364569,BRIDGE
-8.750541,-36.295739,-8.750630,-36.295739,BRIDGE
-8.750319,-35.450099,-8.750125,-35.451124,BRIDGE
-8.750160,-35.826984,-8.750159,-35.827155,BRIDGE
-8.749496,-35.333902,-8.749657,-35.333898,BRIDGE
-8.749139,-36.372455,-8.749073,-36.372503,BRIDGE
-8.748904,-36.450040,-8.748945,-36.450002,BRIDGE
-8.748789,-35.814411,-8.748167,-35.815210,BRIDGE
-8.748390,-36.431280,-8.748528,-36.431271,BRIDGE
-8.748281,-36.418194,-8.748105,-36.418185,BRIDGE
-8.747954,-35.489600,-8.747804,-35.489594,BRIDGE
-8.747590,-36.288820,-8.747518,-36.288881,BRIDGE
-8.747568,-35.497926,-8.747547,-35.498024,BRIDGE
-8.747178,-40.723692,-8.747488,-40.724184,BRIDGE
-8.746846,-36.431394,-8.746958,-36.431388,BRIDGE
-8.746599,-36.443935,-8.746647,-36.443846,BRIDGE
-8.746301,-36.503345,-8.746398,-36.503396,BRIDGE
-8.745430,-36.379710,-8.745405,-36.379794,BRIDGE
-8.745217,-35.339614,-8.745360,-35.339547,BRIDGE
-8.745161,-36.488901,-8.745220,-36.488813,BRIDGE
-8.744872,-36.331186,-8.744751,-36.331264,BRIDGE
-8.744751,-36.331264,-8.744680,-36.331303,BRIDGE
-8.744713,-36.463054,-8.744789,-36.463026,BRIDGE
-8.744502,-37.693260,-8.744533,-37.693240,BRIDGE
-8.744275,-36.501862,-8.744303,-36.501950,BRIDGE
-8.744192,-36.501598,-8.744204,-36.501643,BRIDGE
-8.744055,-36.334596,-8.743976,-36.334566,BRIDGE
-8.741058,-36.322298,-8.741126,-36.322322,BRIDGE
-8.740504,-38.960028,-8.740355,-38.960050,BRIDGE
-8.740370,-36.363460,-8.740447,-36.363433,BRIDGE
-8.739849,-35.128899,-8.739842,-35.128798,BRIDGE
-8.739020,-36.424145,-8.738962,-36.424203,BRIDGE
-8.738474,-36.412970,-8.738433,-36.412941,BRIDGE
-8.737457,-36.276311,-8.737434,-36.276390,BRIDGE
-8.736947,-38.934100,-8.736880,-38.933970,BRIDGE
-8.736728,-38.341373,-8.736862,-38.341261,BRIDGE
-8.736541,-36.395856,-8.736579,-36.395931,BRIDGE
-8.736210,-36.461047,-8.736130,-36.461059,BRIDGE
-8.735801,-38.931883,-8.735701,-38.931687,BRIDGE
-8.735285,-38.452236,-8.735268,-38.452516,BRIDGE
-8.735261,-36.285343,-8.735319,-36.285349,BRIDGE
-8.735140,-36.494282,-8.735039,-36.494251,BRIDGE
-8.732911,-35.797214,-8.732613,-35.797349,BRIDGE
-8.731089,-36.489660,-8.731122,-36.489624,BRIDGE
-8.730468,-36.492307,-8.730466,-36.492399,BRIDGE
-8.730273,-36.357874,-8.730232,-36.357903,BRIDGE
-8.729752,-36.431679,-8.729833,-36.431671,BRIDGE
-8.729443,-36.355792,-8.729421,-36.355733,BRIDGE
-8.728601,-36.451044,-8.728527,-36.451030,BRIDGE
-8.727833,-38.916458,-8.727741,-38.916285,BRIDGE
-8.727770,-37.632619,-8.727783,-37.632355,BRIDGE
-8.727087,-36.343045,-8.727081,-36.342961,BRIDGE
-8.726969,-40.925057,-8.726695,-40.924949,BRIDGE
-8.726059,-36.493761,-8.726012,-36.493810,BRIDGE
-8.725388,-36.479810,-8.725453,-36.479858,BRIDGE
-8.724170,-36.387273,-8.724162,-36.387361,BRIDGE
-8.723328,-36.135973,-8.723250,-36.136017,BRIDGE
-8.723250,-36.400593,-8.723178,-36.400620,BRIDGE
-8.722979,-36.296515,-8.723274,-36.296438,BRIDGE
-8.722920,-36.296525,-8.722979,-36.296515,BRIDGE
-8.722034,-36.309298,-8.722116,-36.309318,BRIDGE
-8.720893,-36.450769,-8.720845,-36.450752,BRIDGE
-8.720805,-39.773679,-8.719435,-39.772701,BRIDGE
-8.720573,-36.356644,-8.720531,-36.356568,BRIDGE
-8.720545,-36.127720,-8.720514,-36.127763,BRIDGE
-8.720008,-37.656063,-8.720130,-37.655580,BRIDGE
-8.719924,-36.270535,-8.719788,-36.270562,BRIDGE
-8.719859,-36.464149,-8.719914,-36.464083,BRIDGE
-8.719625,-36.279653,-8.719556,-36.279642,BRIDGE
-8.719498,-36.354982,-8.719445,-36.354918,BRIDGE
-8.719426,-36.302423,-8.719376,-36.302352,BRIDGE
-8.719170,-38.899687,-8.719062,-38.899485,BRIDGE
-8.719104,-36.435509,-8.719026,-36.435530,BRIDGE
-8.719099,-38.496133,-8.718902,-38.496395,BRIDGE
-8.718692,-36.378666,-8.718686,-36.378750,BRIDGE
-8.718662,-36.435738,-8.718599,-36.435792,BRIDGE
-8.718114,-36.344559,-8.717974,-36.344513,BRIDGE
-8.717599,-36.263017,-8.717943,-36.262900,BRIDGE
-8.717491,-36.462651,-8.717549,-36.462593,BRIDGE
-8.717342,-36.337094,-8.717341,-36.337024,BRIDGE
-8.716513,-37.674947,-8.716524,-37.674893,BRIDGE
-8.715586,-36.348758,-8.715540,-36.348688,BRIDGE
-8.715115,-38.891856,-8.715018,-38.891671,BRIDGE
-8.714135,-36.461900,-8.714118,-36.462086,BRIDGE
-8.713081,-36.410192,-8.713088,-36.410139,BRIDGE
-8.713073,-36.377393,-8.713154,-36.377394,BRIDGE
-8.712591,-36.369476,-8.712616,-36.369392,BRIDGE
-8.712427,-36.310184,-8.712528,-36.310223,BRIDGE
-8.710950,-36.343277,-8.710908,-36.343248,BRIDGE
-8.710715,-35.781988,-8.710443,-35.782373,BRIDGE
-8.710299,-38.882640,-8.710145,-38.882347,BRIDGE
-8.709898,-38.508590,-8.709750,-38.508798,BRIDGE
-8.707014,-36.308567,-8.707096,-36.308594,BRIDGE
-8.706746,-35.341418,-8.707140,-35.341609,BRIDGE
-8.706051,-35.764049,-8.705742,-35.763723,BRIDGE
-8.705822,-38.872785,-8.705755,-38.872594,BRIDGE
-8.705373,-36.313749,-8.705323,-36.313749,BRIDGE
-8.705360,-36.372237,-8.705291,-36.372216,BRIDGE
-8.705267,-38.871231,-8.705211,-38.871068,BRIDGE
-8.705160,-36.426301,-8.705174,-36.426217,BRIDGE
-8.704927,-36.391946,-8.704847,-36.391927,BRIDGE
-8.704872,-36.407531,-8.704790,-36.407474,BRIDGE
-8.702656,-36.291479,-8.702726,-36.291399,BRIDGE
-8.701693,-36.405474,-8.701631,-36.405421,BRIDGE
-8.701598,-36.361308,-8.701605,-36.361128,BRIDGE
-8.701595,-36.361387,-8.701598,-36.361308,BRIDGE
-8.700746,-36.279359,-8.700764,-36.279276,BRIDGE
-8.698797,-36.419862,-8.698649,-36.419916,BRIDGE
-8.698655,-36.248550,-8.698733,-36.248323,BRIDGE
-8.698529,-39.040913,-8.698517,-39.039532,BRIDGE
-8.698452,-35.105295,-8.696943,-35.104125,BRIDGE
-8.697910,-35.489446,-8.697437,-35.489580,BRIDGE
-8.696830,-36.361738,-8.696714,-36.361734,BRIDGE
-8.694299,-36.435313,-8.694243,-36.435381,BRIDGE
-8.694070,-36.402274,-8.694036,-36.402231,BRIDGE
-8.692996,-36.271740,-8.692851,-36.271779,BRIDGE
-8.692660,-36.362044,-8.692662,-36.361963,BRIDGE
-8.692448,-36.271889,-8.692262,-36.271934,BRIDGE
-8.692124,-36.383417,-8.692156,-36.383360,BRIDGE
-8.691175,-36.276148,-8.691359,-36.276216,BRIDGE
-8.690164,-37.680770,-8.690109,-37.680767,BRIDGE
-8.689664,-36.445872,-8.689668,-36.445785,BRIDGE
-8.688676,-36.441790,-8.688667,-36.441884,BRIDGE
-8.688671,-35.600122,-8.688338,-35.599397,BRIDGE
-8.688500,-36.288243,-8.688391,-36.288196,BRIDGE
-8.688261,-35.599423,-8.688603,-35.600172,BRIDGE
-8.687894,-36.662127,-8.687871,-36.662009,BRIDGE
-8.687080,-36.448515,-8.687045,-36.448546,BRIDGE
-8.686236,-35.586472,-8.686172,-35.586062,BRIDGE
-8.686078,-36.239433,-8.686191,-36.239429,BRIDGE
-8.686031,-35.586061,-8.686096,-35.586494,BRIDGE
-8.685949,-36.324382,-8.685762,-36.324341,BRIDGE
-8.685140,-36.399343,-8.685035,-36.399357,BRIDGE
-8.682919,-35.585092,-8.682137,-35.585295,BRIDGE
-8.682864,-38.807722,-8.682927,-38.807904,BRIDGE
-8.682679,-35.527610,-8.682064,-35.527764,BRIDGE
-8.682651,-36.289192,-8.682768,-36.289296,BRIDGE
-8.681892,-36.262344,-8.681790,-36.262308,BRIDGE
-8.681855,-36.455524,-8.681926,-36.455564,BRIDGE
-8.680016,-36.405115,-8.679952,-36.405063,BRIDGE
-8.679884,-35.577539,-8.678476,-35.577244,BRIDGE
-8.679789,-38.268259,-8.679985,-38.268133,BRIDGE
-8.679737,-36.430341,-8.679749,-36.430293,BRIDGE
-8.679692,-36.440426,-8.679607,-36.440415,BRIDGE
-8.679224,-36.368672,-8.679304,-36.368654,BRIDGE
-8.678987,-35.723439,-8.678361,-35.723796,BRIDGE
-8.678780,-37.656005,-8.678805,-37.656150,BRIDGE
-8.678463,-38.795202,-8.678515,-38.795348,BRIDGE
-8.678450,-35.577406,-8.679854,-35.577697,BRIDGE
-8.677980,-38.793849,-8.678044,-38.794023,BRIDGE
-8.677918,-40.956991,-8.677962,-40.956922,BRIDGE
-8.677492,-37.647573,-8.678780,-37.656005,BRIDGE
-8.677344,-36.360340,-8.677339,-36.360272,BRIDGE
-8.677193,-36.264617,-8.677133,-36.264724,BRIDGE
-8.676707,-36.419264,-8.676734,-36.419182,BRIDGE
-8.676203,-36.229904,-8.676190,-36.229988,BRIDGE
-8.675268,-36.449954,-8.675308,-36.449881,BRIDGE
-8.674861,-36.360313,-8.674808,-36.360308,BRIDGE
-8.673318,-36.423837,-8.673317,-36.423786,BRIDGE
-8.673195,-36.275125,-8.673264,-36.275073,BRIDGE
-8.673117,-35.718787,-8.673110,-35.718678,TUNNEL
-8.672374,-35.719697,-8.671850,-35.719929,BRIDGE
-8.672331,-36.438934,-8.672390,-36.438990,BRIDGE
-8.672033,-35.724640,-8.671622,-35.724803,BRIDGE
-8.671879,-36.360275,-8.671620,-36.360299,BRIDGE
-8.670915,-36.272431,-8.670844,-36.272345,BRIDGE
-8.670844,-36.385470,-8.670863,-36.385554,BRIDGE
-8.670025,-36.381800,-8.670043,-36.381881,BRIDGE
-8.669350,-36.266942,-8.669421,-36.266892,BRIDGE
-8.668964,-36.251379,-8.668945,-36.251465,BRIDGE
-8.668307,-35.717493,-8.668713,-35.717159,BRIDGE
-8.668142,-36.431613,-8.668212,-36.431694,BRIDGE
-8.667336,-36.430091,-8.667262,-36.430113,BRIDGE
-8.666952,-36.432641,-8.666892,-36.432586,BRIDGE
-8.665783,-36.394213,-8.665867,-36.394222,BRIDGE
-8.665766,-36.366897,-8.665836,-36.366903,BRIDGE
-8.665762,-36.431309,-8.665829,-36.431244,BRIDGE
-8.665421,-36.383580,-8.665484,-36.383527,BRIDGE
-8.664995,-36.359510,-8.665016,-36.359629,BRIDGE
-8.664785,-36.390891,-8.664703,-36.390889,BRIDGE
-8.664147,-36.366536,-8.664149,-36.366425,BRIDGE
-8.663702,-36.012096,-8.663590,-36.012364,BRIDGE
-8.661502,-36.014516,-8.661769,-36.014487,BRIDGE
-8.661311,-35.158757,-8.661190,-35.158862,BRIDGE
-8.660935,-36.321285,-8.661001,-36.321344,BRIDGE
-8.660917,-36.966969,-8.661133,-36.966689,BRIDGE
-8.660722,-35.637943,-8.660345,-35.638103,BRIDGE
-8.659777,-36.320984,-8.659818,-36.320898,BRIDGE
-8.659547,-35.156047,-8.659856,-35.156128,BRIDGE
-8.659249,-35.148879,-8.659129,-35.148714,BRIDGE
-8.658922,-35.152524,-8.658732,-35.152524,BRIDGE
-8.656446,-36.383865,-8.656370,-36.383815,BRIDGE
-8.656284,-36.377614,-8.656370,-36.377604,BRIDGE
-8.655604,-35.259624,-8.655414,-35.259109,BRIDGE
-8.653742,-40.215463,-8.653266,-40.215852,BRIDGE
-8.651206,-36.409779,-8.651215,-36.409697,BRIDGE
-8.649370,-35.541648,-8.649361,-35.541697,BRIDGE
-8.649313,-35.541757,-8.649238,-35.541787,BRIDGE
-8.649183,-35.541800,-8.649102,-35.541816,BRIDGE
-8.649176,-35.210838,-8.648821,-35.211486,BRIDGE
-8.648622,-35.541914,-8.648386,-35.541962,BRIDGE
-8.648157,-35.812600,-8.648340,-35.812686,BRIDGE
-8.647789,-35.532669,-8.647716,-35.532705,BRIDGE
-8.647425,-36.306365,-8.647548,-36.306541,BRIDGE
-8.647068,-38.705094,-8.647212,-38.705498,BRIDGE
-8.646869,-36.015018,-8.647364,-36.014907,BRIDGE
-8.646752,-35.268006,-8.646315,-35.268110,BRIDGE
-8.646694,-35.542351,-8.646360,-35.542429,BRIDGE
-8.645775,-36.378532,-8.645833,-36.378474,BRIDGE
-8.644955,-36.386801,-8.644988,-36.386677,BRIDGE
-8.644924,-35.909059,-8.644918,-35.909115,BRIDGE
-8.644883,-36.384538,-8.644890,-36.384430,BRIDGE
-8.644131,-35.542949,-8.644021,-35.542975,BRIDGE
-8.643909,-35.561076,-8.643478,-35.560971,BRIDGE
-8.643845,-36.373069,-8.643904,-36.373049,BRIDGE
-8.643648,-35.902909,-8.643419,-35.902871,BRIDGE
-8.643481,-35.561108,-8.643958,-35.561230,BRIDGE
-8.643356,-35.284732,-8.643590,-35.285132,BRIDGE
-8.642967,-38.693299,-8.643065,-38.693567,BRIDGE
-8.642782,-35.545549,-8.642776,-35.545631,BRIDGE
-8.642468,-40.075389,-8.642128,-40.074879,BRIDGE
-8.642369,-36.310139,-8.642506,-36.310178,BRIDGE
-8.642253,-35.551040,-8.642200,-35.551175,BRIDGE
-8.641854,-36.346719,-8.641850,-36.346687,TUNNEL
-8.641541,-35.081628,-8.641551,-35.081560,BRIDGE
-8.641118,-36.311291,-8.641200,-36.311355,BRIDGE
-8.641027,-35.545208,-8.640962,-35.545264,BRIDGE
-8.640777,-35.539558,-8.640750,-35.539618,BRIDGE
-8.640534,-35.903453,-8.640534,-35.903375,BRIDGE
-8.640444,-35.539105,-8.640506,-35.539167,BRIDGE
-8.640240,-35.538900,-8.640297,-35.538958,BRIDGE
-8.640065,-35.618657,-8.640155,-35.617869,BRIDGE
-8.639577,-36.015421,-8.640091,-36.015408,BRIDGE
-8.639537,-41.139433,-8.639618,-41.139433,BRIDGE
-8.638645,-35.560371,-8.638233,-35.560377,BRIDGE
-8.638062,-36.292458,-8.638036,-36.292373,BRIDGE
-8.637903,-35.560859,-8.638208,-35.560847,BRIDGE
-8.637889,-36.364591,-8.637927,-36.364520,BRIDGE
-8.637878,-35.069657,-8.638048,-35.069446,BRIDGE
-8.637204,-35.305633,-8.637410,-35.305882,BRIDGE
-8.636619,-35.537592,-8.636675,-35.537664,BRIDGE
-8.635986,-40.235473,-8.635860,-40.235921,BRIDGE
-8.635674,-35.529843,-8.635765,-35.529770,BRIDGE
-8.634529,-35.560953,-8.634617,-35.560952,BRIDGE
-8.634409,-38.555833,-8.632930,-38.555827,BRIDGE
-8.633814,-35.532891,-8.633757,-35.532954,BRIDGE
-8.632836,-35.565280,-8.632811,-35.565345,BRIDGE
-8.632578,-35.567689,-8.632534,-35.567746,BRIDGE
-8.631502,-35.531240,-8.631419,-35.531237,BRIDGE
-8.631398,-35.515872,-8.631336,-35.515794,BRIDGE
-8.630923,-35.539582,-8.630818,-35.539712,BRIDGE
-8.630230,-35.521164,-8.630443,-35.521038,BRIDGE
-8.629847,-35.121341,-8.629849,-35.121285,BRIDGE
-8.629391,-36.010963,-8.629587,-36.011381,BRIDGE
-8.628982,-35.559180,-8.628899,-35.559147,BRIDGE
-8.628954,-35.559403,-8.629038,-35.559441,BRIDGE
-8.628222,-35.521217,-8.628194,-35.521155,BRIDGE
-8.626901,-36.347903,-8.626963,-36.347887,BRIDGE
-8.626885,-35.520600,-8.626834,-35.520655,BRIDGE
-8.626841,-35.557918,-8.626773,-35.557863,BRIDGE
-8.626628,-35.557931,-8.626691,-35.557984,BRIDGE
-8.626183,-35.520575,-8.626197,-35.520659,BRIDGE
-8.626024,-39.244801,-8.627761,-39.246713,BRIDGE
-8.625216,-35.841313,-8.624953,-35.841337,BRIDGE
-8.625180,-35.519892,-8.625220,-35.519847,BRIDGE
-8.624858,-35.841020,-8.624808,-35.841100,BRIDGE
-8.624638,-36.299204,-8.624612,-36.299274,BRIDGE
-8.623780,-36.301378,-8.623929,-36.301420,BRIDGE
-8.623629,-35.517145,-8.623565,-35.517146,BRIDGE
-8.623483,-35.516911,-8.623455,-35.516855,BRIDGE
-8.623128,-35.513273,-8.623047,-35.513284,BRIDGE
-8.621806,-39.657931,-8.621696,-39.657783,BRIDGE
-8.620677,-35.865908,-8.620749,-35.865958,BRIDGE
-8.620056,-38.627020,-8.619883,-38.626504,BRIDGE
-8.618742,-37.670509,-8.618752,-37.670564,BRIDGE
-8.618183,-38.501257,-8.618286,-38.501160,BRIDGE
-8.617302,-35.849540,-8.617287,-35.849680,BRIDGE
-8.617296,-40.118374,-8.617715,-40.118026,BRIDGE
-8.615331,-35.314827,-8.615069,-35.315824,BRIDGE
-8.611445,-35.546360,-8.611359,-35.546306,BRIDGE
-8.611196,-35.546342,-8.611285,-35.546394,BRIDGE
-8.611129,-35.966016,-8.611474,-35.966222,BRIDGE
-8.610445,-35.854684,-8.610074,-35.854984,BRIDGE
-8.609370,-35.545222,-8.609454,-35.545294,BRIDGE
-8.608373,-35.543038,-8.608299,-35.543081,BRIDGE
-8.608215,-35.542900,-8.608265,-35.542856,BRIDGE
-8.608202,-38.576564,-8.608588,-38.574453,BRIDGE
-8.607990,-35.952276,-8.608132,-35.952179,BRIDGE
-8.607897,-35.542857,-8.607952,-35.542937,BRIDGE
-8.607405,-35.554281,-8.607324,-35.554427,BRIDGE
-8.606981,-35.538288,-8.607049,-35.538247,BRIDGE
-8.606336,-35.950285,-8.605965,-35.950376,BRIDGE
-8.606065,-39.705389,-8.605901,-39.705329,BRIDGE
-8.605988,-35.950466,-8.606354,-35.950370,BRIDGE
-8.605629,-35.539550,-8.605570,-35.539488,BRIDGE
-8.605202,-35.539104,-8.605145,-35.539043,BRIDGE
-8.605158,-38.574415,-8.605111,-38.574365,BRIDGE
-8.605153,-36.855769,-8.605007,-36.855848,BRIDGE
-8.605024,-38.580463,-8.604900,-38.580375,BRIDGE
-8.604691,-35.539120,-8.604757,-35.539196,BRIDGE
-8.604349,-38.571247,-8.605902,-38.570591,BRIDGE
-8.602366,-35.532420,-8.602318,-35.532352,BRIDGE
-8.602068,-35.532632,-8.602122,-35.532694,BRIDGE
-8.598796,-35.528829,-8.598734,-35.528771,BRIDGE
-8.598303,-35.528983,-8.598372,-35.529050,BRIDGE
-8.598236,-35.532296,-8.598290,-35.532235,BRIDGE
-8.597796,-35.556905,-8.597695,-35.556950,BRIDGE
-8.597592,-36.859687,-8.597498,-36.859738,BRIDGE
-8.597463,-38.577793,-8.597402,-38.577748,BRIDGE
-8.597339,-38.577845,-8.597401,-38.577888,BRIDGE
-8.597276,-38.458914,-8.597261,-38.458755,BRIDGE
-8.597232,-35.112352,-8.597274,-35.112385,BRIDGE
-8.596944,-35.418563,-8.597057,-35.418587,BRIDGE
-8.596884,-35.379599,-8.596418,-35.379879,BRIDGE
-8.595755,-35.154528,-8.595757,-35.154638,BRIDGE
-8.595462,-35.448096,-8.595545,-35.448174,BRIDGE
-8.594163,-35.766468,-8.593567,-35.765713,BRIDGE
-8.592676,-35.520630,-8.592602,-35.520418,BRIDGE
-8.592472,-35.520443,-8.592525,-35.520615,BRIDGE
-8.591633,-35.240886,-8.591487,-35.241000,BRIDGE
-8.590207,-35.565015,-8.590147,-35.565074,BRIDGE
-8.590000,-38.574548,-8.590076,-38.574522,BRIDGE
-8.589824,-35.552456,-8.589811,-35.552413,BRIDGE
-8.588776,-35.544668,-8.588767,-35.544750,BRIDGE
-8.588567,-35.549057,-8.588621,-35.548991,BRIDGE
-8.588531,-35.572512,-8.588596,-35.572562,BRIDGE
-8.586905,-35.666173,-8.587374,-35.666802,BRIDGE
-8.586160,-35.388577,-8.586621,-35.388969,BRIDGE
-8.585905,-35.121139,-8.586196,-35.120472,BRIDGE
-8.584733,-39.586282,-8.581907,-39.584598,BRIDGE
-8.581797,-35.571605,-8.581587,-35.571773,BRIDGE
-8.581443,-35.542847,-8.581515,-35.542888,BRIDGE
-8.581285,-35.127633,-8.581168,-35.127748,TUNNEL
-8.580383,-35.542820,-8.580511,-35.542827,BRIDGE
-8.580177,-35.572943,-8.580023,-35.573073,BRIDGE
-8.580064,-35.574962,-8.580058,-35.575042,BRIDGE
-8.579715,-36.761778,-8.579532,-36.762014,BRIDGE
-8.579512,-36.873265,-8.579400,-36.873326,BRIDGE
-8.579372,-35.129733,-8.579960,-35.129178,TUNNEL
-8.579044,-35.573421,-8.579014,-35.573385,BRIDGE
-8.579014,-35.573385,-8.578960,-35.573321,BRIDGE
-8.578890,-35.107101,-8.579754,-35.107171,BRIDGE
-8.578412,-35.129148,-8.578239,-35.128988,BRIDGE
-8.578077,-35.563612,-8.578156,-35.563515,BRIDGE
-8.578026,-35.563703,-8.578055,-35.563638,BRIDGE
-8.577108,-35.568955,-8.577188,-35.568941,BRIDGE
-8.576052,-36.064816,-8.576205,-36.064886,BRIDGE
-8.576021,-35.571157,-8.575977,-35.570978,BRIDGE
-8.574926,-35.565674,-8.574969,-35.565764,BRIDGE
-8.571395,-35.564324,-8.571530,-35.564411,BRIDGE
-8.570598,-35.565486,-8.570546,-35.565444,BRIDGE
-8.570194,-35.091634,-8.570196,-35.091964,BRIDGE
-8.569730,-36.872483,-8.569475,-36.872491,BRIDGE
-8.569219,-35.560918,-8.569291,-35.560950,BRIDGE
-8.569060,-35.949684,-8.569182,-35.949723,BRIDGE
-8.567527,-35.406387,-8.567316,-35.406294,BRIDGE
-8.566242,-35.557598,-8.566277,-35.557651,BRIDGE
-8.566204,-35.557544,-8.566242,-35.557598,BRIDGE
-8.565560,-35.394210,-8.565108,-35.394460,BRIDGE
-8.565294,-37.665662,-8.565198,-37.665456,BRIDGE
-8.565198,-37.665456,-8.565104,-37.665250,BRIDGE
-8.564815,-35.555741,-8.564870,-35.555803,BRIDGE
-8.563656,-35.557640,-8.563648,-35.557575,BRIDGE
-8.563101,-35.554004,-8.563125,-35.554047,BRIDGE
-8.562218,-35.558681,-8.562280,-35.558737,BRIDGE
-8.561588,-35.553831,-8.561754,-35.553803,BRIDGE
-8.560265,-35.827944,-8.560436,-35.828861,BRIDGE
-8.559997,-35.430873,-8.559722,-35.430710,BRIDGE
-8.559787,-36.367310,-8.560171,-36.367292,BRIDGE
-8.558429,-35.473814,-8.558544,-35.473917,BRIDGE
-8.557182,-36.896188,-8.556908,-36.896444,BRIDGE
-8.554872,-35.394603,-8.554750,-35.394588,BRIDGE
-8.554107,-35.396792,-8.554070,-35.396690,BRIDGE
-8.553674,-35.396910,-8.553693,-35.396992,BRIDGE
-8.553668,-36.072130,-8.553628,-36.072251,BRIDGE
-8.553355,-35.470374,-8.553303,-35.470380,BRIDGE
-8.552291,-37.681438,-8.552331,-37.681482,BRIDGE
-8.551537,-35.106993,-8.551473,-35.107011,BRIDGE
-8.550481,-35.445277,-8.550485,-35.444475,BRIDGE
-8.550338,-35.444578,-8.550338,-35.445223,BRIDGE
-8.549876,-37.679885,-8.550061,-37.680143,BRIDGE
-8.548334,-35.534704,-8.548428,-35.534671,BRIDGE
-8.548304,-35.322532,-8.548418,-35.322475,BRIDGE
-8.548227,-35.538200,-8.548182,-35.538150,BRIDGE
-8.548173,-35.538141,-8.548113,-35.538085,BRIDGE
-8.547204,-35.536149,-8.547429,-35.535895,BRIDGE
-8.545576,-35.535109,-8.545508,-35.535065,BRIDGE
-8.544709,-35.144949,-8.544629,-35.144900,BRIDGE
-8.543457,-35.018680,-8.543635,-35.018605,BRIDGE
-8.542821,-35.510694,-8.542880,-35.510634,BRIDGE
-8.542164,-35.530822,-8.542076,-35.530721,BRIDGE
-8.542118,-35.477645,-8.542066,-35.477678,BRIDGE
-8.541313,-35.842637,-8.540853,-35.842567,BRIDGE
-8.541305,-35.081234,-8.541624,-35.081171,BRIDGE
-8.541173,-35.528848,-8.541165,-35.528667,BRIDGE
-8.540603,-39.241523,-8.541380,-39.239983,BRIDGE
-8.540218,-35.527689,-8.539819,-35.527566,BRIDGE
-8.539896,-37.667789,-8.540021,-37.667793,BRIDGE
-8.538298,-35.525563,-8.538241,-35.525504,BRIDGE
-8.538222,-37.675721,-8.538180,-37.675755,BRIDGE
-8.537658,-35.066000,-8.537543,-35.065839,BRIDGE
-8.537444,-35.086495,-8.537480,-35.086449,BRIDGE
-8.536668,-37.673072,-8.536824,-37.673212,BRIDGE
-8.535603,-35.563641,-8.535533,-35.563599,BRIDGE
-8.535560,-35.522154,-8.535485,-35.522069,BRIDGE
-8.535507,-35.563217,-8.535564,-35.563150,BRIDGE
-8.535105,-35.384309,-8.534965,-35.384078,BRIDGE
-8.534768,-35.382703,-8.534829,-35.382577,BRIDGE
-8.534735,-39.221619,-8.535589,-39.221904,BRIDGE
-8.534412,-35.521070,-8.534368,-35.521026,BRIDGE
-8.533256,-35.861064,-8.532984,-35.860649,BRIDGE
-8.533062,-35.519680,-8.533023,-35.519606,BRIDGE
-8.532948,-35.518975,-8.533070,-35.518771,BRIDGE
-8.532919,-35.519412,-8.532893,-35.519080,BRIDGE
-8.532783,-37.694261,-8.533404,-37.694650,BRIDGE
-8.531609,-39.576622,-8.531636,-39.576576,BRIDGE
-8.531581,-35.516316,-8.531529,-35.516249,BRIDGE
-8.531075,-35.546814,-8.531151,-35.546784,BRIDGE
-8.530913,-36.402723,-8.530924,-36.402279,BRIDGE
-8.529082,-39.592793,-8.529124,-39.592819,BRIDGE
-8.528963,-36.199218,-8.529026,-36.199191,BRIDGE
-8.528862,-35.543288,-8.528904,-35.543364,BRIDGE
-8.527906,-35.512764,-8.527796,-35.512724,BRIDGE
-8.527771,-35.582134,-8.527673,-35.582121,BRIDGE
-8.527090,-35.538893,-8.527129,-35.538974,BRIDGE
-8.526862,-38.167161,-8.526968,-38.166424,BRIDGE
-8.525853,-36.437661,-8.525987,-36.437550,BRIDGE
-8.525742,-37.797082,-8.525780,-37.797254,BRIDGE
-8.525473,-35.091211,-8.525275,-35.091235,BRIDGE
-8.525450,-36.437221,-8.525493,-36.437162,BRIDGE
-8.524350,-39.497715,-8.524195,-39.497439,BRIDGE
-8.524217,-35.534313,-8.524262,-35.534382,BRIDGE
-8.523964,-35.533357,-8.523968,-35.533444,BRIDGE
-8.523021,-35.531556,-8.523070,-35.531642,BRIDGE
-8.522829,-35.508674,-8.522773,-35.508797,BRIDGE
-8.521902,-35.581493,-8.521821,-35.581478,BRIDGE
-8.521793,-41.006405,-8.522173,-41.006277,BRIDGE
-8.521685,-35.389377,-8.521025,-35.389531,BRIDGE
-8.521090,-35.389653,-8.521683,-35.389520,BRIDGE
-8.520894,-35.528884,-8.520935,-35.528955,BRIDGE
-8.520846,-39.280791,-8.520903,-39.280682,BRIDGE
-8.519935,-39.304459,-8.519879,-39.304359,BRIDGE
-8.519514,-36.419119,-8.519374,-36.418704,BRIDGE
-8.519115,-39.309092,-8.520335,-39.310464,BRIDGE
-8.518543,-36.450413,-8.518391,-36.450545,BRIDGE
-8.518467,-36.441861,-8.518511,-36.441944,BRIDGE
-8.518021,-36.445429,-8.517662,-36.445479,BRIDGE
-8.518010,-35.143962,-8.518026,-35.143899,BRIDGE
-8.517933,-35.543271,-8.517806,-35.543123,BRIDGE
-8.517259,-39.305988,-8.517195,-39.305885,BRIDGE
-8.517021,-35.542043,-8.516975,-35.541975,BRIDGE
-8.516450,-41.002368,-8.516751,-41.001576,BRIDGE
-8.515887,-35.525319,-8.515951,-35.525409,BRIDGE
-8.515855,-39.748952,-8.515717,-39.749121,BRIDGE
-8.515797,-35.090728,-8.516165,-35.090065,BRIDGE
-8.515532,-35.093620,-8.515263,-35.093708,BRIDGE
-8.515370,-35.539577,-8.515337,-35.539502,BRIDGE
-8.514998,-35.546649,-8.515111,-35.546627,BRIDGE
-8.514496,-35.546354,-8.514561,-35.546436,BRIDGE
-8.514481,-40.394428,-8.514280,-40.394649,BRIDGE
-8.513879,-35.373558,-8.513926,-35.373324,BRIDGE
-8.513740,-40.420294,-8.513952,-40.420525,BRIDGE
-8.513566,-35.501876,-8.513379,-35.501702,BRIDGE
-8.512604,-35.535561,-8.512542,-35.535503,BRIDGE
-8.512245,-35.372989,-8.512392,-35.372761,BRIDGE
-8.512185,-39.298404,-8.512221,-39.298288,BRIDGE
-8.511975,-36.437856,-8.512460,-36.437466,BRIDGE
-8.511143,-39.302864,-8.511031,-39.302808,BRIDGE
-8.511111,-35.549832,-8.511023,-35.549816,BRIDGE
-8.511071,-35.532746,-8.511045,-35.532659,BRIDGE
-8.510798,-39.302692,-8.510862,-39.302504,BRIDGE
-8.509949,-39.305293,-8.509988,-39.305180,BRIDGE
-8.509878,-35.943816,-8.510554,-35.943529,BRIDGE
-8.509736,-35.888262,-8.509195,-35.887930,BRIDGE
-8.508987,-40.415331,-8.509190,-40.415627,BRIDGE
-8.507950,-39.468531,-8.507792,-39.468249,BRIDGE
-8.507857,-35.516773,-8.507807,-35.516707,BRIDGE
-8.507769,-39.304617,-8.507716,-39.304749,BRIDGE
-8.507741,-35.516745,-8.507836,-35.516778,BRIDGE
-8.507671,-35.527105,-8.507657,-35.527014,BRIDGE
-8.506941,-35.401457,-8.506797,-35.401578,BRIDGE
-8.506884,-35.516843,-8.507052,-35.516798,BRIDGE
-8.506690,-39.305046,-8.506685,-39.304964,BRIDGE
-8.504898,-35.517044,-8.505031,-35.517029,BRIDGE
-8.504489,-35.573726,-8.504451,-35.573667,BRIDGE
-8.504347,-35.488465,-8.504310,-35.488400,BRIDGE
-8.504322,-39.308239,-8.504210,-39.308177,BRIDGE
-8.503526,-39.325030,-8.503568,-39.324907,BRIDGE
-8.503383,-35.516282,-8.503734,-35.516476,BRIDGE
-8.501626,-35.571287,-8.501583,-35.571291,BRIDGE
-8.501242,-39.752623,-8.501240,-39.752471,BRIDGE
-8.500140,-36.090286,-8.500090,-36.089978,BRIDGE
-8.499921,-36.254051,-8.499766,-36.253949,BRIDGE
-8.499909,-35.370934,-8.500031,-35.370752,BRIDGE
-8.498696,-35.372796,-8.498882,-35.372523,BRIDGE
-8.498520,-35.543365,-8.498467,-35.543301,BRIDGE
-8.497749,-35.093910,-8.497542,-35.093795,BRIDGE
-8.497694,-35.927674,-8.497952,-35.927482,BRIDGE
-8.497424,-35.891830,-8.497680,-35.891714,BRIDGE
-8.497305,-35.915966,-8.497495,-35.915664,BRIDGE
-8.495228,-35.502440,-8.495185,-35.502362,BRIDGE
-8.495208,-35.530613,-8.495330,-35.530604,BRIDGE
-8.494583,-35.892091,-8.494461,-35.891765,BRIDGE
-8.494478,-35.490348,-8.494091,-35.489943,BRIDGE
-8.493692,-40.984229,-8.493781,-40.984494,BRIDGE
-8.493593,-35.947409,-8.494631,-35.947646,BRIDGE
-8.493589,-35.376886,-8.493253,-35.376437,BRIDGE
-8.493157,-35.376559,-8.493459,-35.376958,BRIDGE
-8.492211,-35.104031,-8.491802,-35.104183,BRIDGE
-8.490294,-36.161239,-8.490341,-36.161307,BRIDGE
-8.490291,-36.070367,-8.490564,-36.069974,BRIDGE
-8.488307,-36.231079,-8.488060,-36.230790,BRIDGE
-8.488199,-36.252593,-8.488334,-36.252592,BRIDGE
-8.485933,-36.233569,-8.486108,-36.233879,BRIDGE
-8.485361,-35.505666,-8.485441,-35.505701,BRIDGE
-8.484261,-39.432319,-8.484233,-39.432208,BRIDGE
-8.483412,-36.238367,-8.483654,-36.238108,BRIDGE
-8.483363,-35.931230,-8.483518,-35.931345,BRIDGE
-8.482103,-36.059613,-8.482261,-36.059206,BRIDGE
-8.481188,-40.886283,-8.481388,-40.886432,BRIDGE
-8.480130,-36.027492,-8.480459,-36.027907,BRIDGE
-8.479676,-36.230092,-8.479848,-36.230214,BRIDGE
-8.479610,-36.192485,-8.479662,-36.192551,BRIDGE
-8.478823,-35.503253,-8.478900,-35.503302,BRIDGE
-8.475539,-35.943726,-8.475803,-35.943807,BRIDGE
-8.475509,-35.543893,-8.475218,-35.543786,BRIDGE
-8.472211,-39.264472,-8.472547,-39.264473,BRIDGE
-8.470993,-41.013511,-8.471099,-41.013513,BRIDGE
-8.467109,-35.402182,-8.467279,-35.401842,BRIDGE
-8.466036,-36.443336,-8.466284,-36.443406,BRIDGE
-8.464087,-35.367834,-8.463664,-35.367555,BRIDGE
-8.463598,-35.367662,-8.463980,-35.367916,BRIDGE
-8.461596,-35.947656,-8.461740,-35.947840,BRIDGE
-8.460331,-35.466091,-8.460429,-35.466248,BRIDGE
-8.459156,-39.852921,-8.458949,-39.852714,BRIDGE
-8.459056,-36.203161,-8.459138,-36.203258,BRIDGE
-8.458241,-35.499280,-8.458306,-35.499228,BRIDGE
-8.457511,-40.812402,-8.457720,-40.812623,BRIDGE
-8.457199,-35.361603,-8.456803,-35.361141,BRIDGE
-8.457164,-34.992214,-8.457692,-34.991628,BRIDGE
-8.456753,-35.361283,-8.457099,-35.361684,BRIDGE
-8.454639,-35.531519,-8.454564,-35.531472,BRIDGE
-8.454550,-39.673547,-8.454651,-39.673704,BRIDGE
-8.453322,-35.554830,-8.453320,-35.555045,BRIDGE
-8.452369,-36.098577,-8.451971,-36.098486,BRIDGE
-8.450589,-37.467527,-8.450623,-37.467606,BRIDGE
-8.449760,-39.404843,-8.449352,-39.404860,BRIDGE
-8.449519,-35.963838,-8.449617,-35.964054,BRIDGE
-8.448809,-39.263595,-8.448296,-39.263306,BRIDGE
-8.445835,-40.772113,-8.445966,-40.772456,BRIDGE
-8.444665,-35.965251,-8.444615,-35.965106,BRIDGE
-8.444272,-35.485155,-8.444355,-35.485143,BRIDGE
-8.444070,-35.163031,-8.444027,-35.162941,BRIDGE
-8.443608,-35.346685,-8.443545,-35.346771,BRIDGE
-8.442425,-35.345457,-8.442397,-35.345430,BRIDGE
-8.438197,-36.217442,-8.438165,-36.217488,BRIDGE
-8.435606,-35.810677,-8.435459,-35.810797,BRIDGE
-8.435157,-37.412657,-8.435136,-37.412562,BRIDGE
-8.431476,-35.656102,-8.431555,-35.656224,BRIDGE
-8.429760,-35.346744,-8.429703,-35.346745,BRIDGE
-8.429639,-40.373908,-8.428977,-40.373568,BRIDGE
-8.428183,-39.387920,-8.427954,-39.388094,BRIDGE
-8.427895,-35.975754,-8.427912,-35.975834,BRIDGE
-8.427455,-37.057886,-8.427297,-37.057690,BRIDGE
-8.427221,-35.754329,-8.427221,-35.754285,BRIDGE
-8.426214,-35.654836,-8.426255,-35.654767,BRIDGE
-8.425587,-35.020491,-8.424601,-35.020444,BRIDGE
-8.424593,-35.020550,-8.425602,-35.020589,BRIDGE
-8.422926,-35.019774,-8.422839,-35.019656,BRIDGE
-8.422730,-35.019738,-8.422824,-35.019846,BRIDGE
-8.422010,-35.831536,-8.421891,-35.831688,BRIDGE
-8.421876,-35.655283,-8.421898,-35.655132,BRIDGE
-8.421769,-37.078933,-8.421667,-37.078813,BRIDGE
-8.420756,-36.221317,-8.420815,-36.221260,BRIDGE
-8.419681,-35.661113,-8.419833,-35.661439,BRIDGE
-8.419605,-35.750348,-8.419609,-35.750402,BRIDGE
-8.419303,-37.024512,-8.419220,-37.024598,BRIDGE
-8.419289,-35.663031,-8.419109,-35.663039,BRIDGE
-8.419279,-37.024671,-8.419360,-37.024589,BRIDGE
-8.418507,-35.617227,-8.418394,-35.617216,BRIDGE
-8.418408,-35.965176,-8.418652,-35.965050,BRIDGE
-8.418172,-35.072893,-8.418116,-35.073069,BRIDGE
-8.417542,-35.983808,-8.417594,-35.983857,BRIDGE
-8.416084,-37.180160,-8.415665,-37.180419,BRIDGE
-8.415900,-35.401246,-8.416089,-35.401078,BRIDGE
-8.414770,-37.104528,-8.414594,-37.104566,BRIDGE
-8.414609,-37.104609,-8.414780,-37.104572,BRIDGE
-8.414083,-35.745170,-8.414168,-35.745150,BRIDGE
-8.414037,-35.074116,-8.414115,-35.074258,BRIDGE
-8.413055,-35.710059,-8.412995,-35.710002,BRIDGE
-8.412536,-36.734352,-8.412446,-36.734310,BRIDGE
-8.412396,-35.985669,-8.412458,-35.985599,BRIDGE
-8.410171,-35.513745,-8.410054,-35.513727,BRIDGE
-8.409938,-35.069695,-8.409730,-35.069640,BRIDGE
-8.409858,-35.011735,-8.409410,-35.011736,BRIDGE
-8.409501,-35.070016,-8.409650,-35.070089,BRIDGE
-8.409493,-37.138734,-8.409407,-37.138394,BRIDGE
-8.409409,-35.011834,-8.409870,-35.011836,BRIDGE
-8.409169,-37.163762,-8.409210,-37.163302,BRIDGE
-8.408799,-35.635077,-8.408329,-35.634988,BRIDGE
-8.408247,-35.062816,-8.408211,-35.062841,BRIDGE
-8.407892,-35.991878,-8.407846,-35.991843,BRIDGE
-8.405186,-36.814429,-8.405170,-36.814341,BRIDGE
-8.405150,-36.814538,-8.405252,-36.814510,TUNNEL
-8.404822,-35.066639,-8.405162,-35.067091,BRIDGE
-8.404069,-35.451826,-8.404143,-35.451809,BRIDGE
-8.403924,-35.638589,-8.404253,-35.638924,BRIDGE
-8.403836,-36.907762,-8.403691,-36.907505,BRIDGE
-8.403805,-35.718336,-8.403861,-35.718336,BRIDGE
-8.403795,-36.814979,-8.403760,-36.814905,BRIDGE
-8.403741,-36.477594,-8.403729,-36.477544,BRIDGE
-8.403455,-36.895358,-8.403029,-36.895501,BRIDGE
-8.402642,-35.591690,-8.402668,-35.591646,BRIDGE
-8.402550,-36.486225,-8.402013,-36.486320,BRIDGE
-8.402247,-37.072134,-8.402465,-37.072112,BRIDGE
-8.400868,-35.066663,-8.400858,-35.066743,BRIDGE
-8.400711,-36.874338,-8.400979,-36.874014,BRIDGE
-8.399061,-35.694028,-8.399118,-35.693983,BRIDGE
-8.397858,-35.118966,-8.397890,-35.119054,BRIDGE
-8.397380,-35.058769,-8.397295,-35.058766,BRIDGE
-8.396613,-35.059132,-8.396573,-35.059061,BRIDGE
-8.396099,-35.093879,-8.396302,-35.093429,BRIDGE
-8.395992,-35.008232,-8.396091,-35.007761,BRIDGE
-8.395804,-35.007792,-8.395748,-35.008099,BRIDGE
-8.395489,-40.181505,-8.395491,-40.181401,BRIDGE
-8.395470,-36.833563,-8.395642,-36.833504,BRIDGE
-8.394930,-35.613126,-8.395037,-35.613160,BRIDGE
-8.394733,-36.833733,-8.394905,-36.833696,BRIDGE
-8.390810,-35.072924,-8.390779,-35.072848,BRIDGE
-8.389376,-36.463319,-8.389329,-36.463315,BRIDGE
-8.388396,-35.990563,-8.388277,-35.990484,BRIDGE
-8.386782,-36.423353,-8.386150,-36.423549,BRIDGE
-8.386488,-36.722565,-8.386352,-36.722510,BRIDGE
-8.385535,-37.876817,-8.385598,-37.876487,BRIDGE
-8.385392,-35.086119,-8.385498,-35.086097,BRIDGE
-8.384270,-36.739154,-8.384143,-36.738902,BRIDGE
-8.383761,-35.453396,-8.383650,-35.453327,BRIDGE
-8.378682,-35.739577,-8.378704,-35.739392,BRIDGE
-8.378133,-35.242390,-8.378202,-35.242324,BRIDGE
-8.377547,-35.673642,-8.377594,-35.673584,BRIDGE
-8.375847,-36.732545,-8.375767,-36.732562,BRIDGE
-8.375399,-35.189379,-8.375898,-35.189621,BRIDGE
-8.374594,-35.283289,-8.375032,-35.283336,BRIDGE
-8.374302,-35.036224,-8.374040,-35.036444,BRIDGE
-8.374101,-35.036525,-8.374375,-35.036306,BRIDGE
-8.373480,-35.237797,-8.373370,-35.237856,BRIDGE
-8.372867,-36.222682,-8.372862,-36.222764,BRIDGE
-8.372314,-35.233246,-8.371716,-35.232377,BRIDGE
-8.371798,-35.233095,-8.372363,-35.232699,TUNNEL
-8.371667,-35.232513,-8.372203,-35.233276,BRIDGE
-8.370786,-35.235146,-8.370876,-35.235130,BRIDGE
-8.370636,-35.137787,-8.370152,-35.138062,BRIDGE
-8.370630,-36.218569,-8.370710,-36.218561,BRIDGE
-8.370291,-35.465528,-8.370546,-35.465710,BRIDGE
-8.369466,-36.669599,-8.369478,-36.669517,BRIDGE
-8.369181,-38.611882,-8.369475,-38.611765,BRIDGE
-8.369062,-35.231761,-8.369119,-35.231666,BRIDGE
-8.367783,-35.325131,-8.367544,-35.325233,BRIDGE
-8.365982,-36.559778,-8.366415,-36.559794,BRIDGE
-8.365553,-36.562872,-8.365412,-36.562536,BRIDGE
-8.365375,-36.719796,-8.365296,-36.719815,BRIDGE
-8.364823,-39.306674,-8.364466,-39.305708,BRIDGE
-8.364450,-36.716720,-8.364378,-36.716758,BRIDGE
-8.364282,-36.570277,-8.364274,-36.570121,BRIDGE
-8.364050,-35.236655,-8.364544,-35.236592,BRIDGE
-8.363893,-35.218677,-8.363690,-35.218157,BRIDGE
-8.363464,-35.218247,-8.363741,-35.218744,BRIDGE
-8.363322,-35.227076,-8.363404,-35.227233,BRIDGE
-8.363241,-35.007423,-8.362876,-35.007407,BRIDGE
-8.363053,-35.023948,-8.362967,-35.023860,BRIDGE
-8.362912,-35.023979,-8.362971,-35.024035,BRIDGE
-8.362872,-35.007510,-8.363255,-35.007536,BRIDGE
-8.362597,-36.566084,-8.362582,-36.566199,BRIDGE
-8.362229,-36.685078,-8.362003,-36.685081,BRIDGE
-8.361719,-35.022672,-8.361138,-35.022081,BRIDGE
-8.361702,-35.007167,-8.361372,-35.007074,BRIDGE
-8.361297,-35.007154,-8.361612,-35.007245,BRIDGE
-8.361194,-35.018452,-8.360941,-35.018831,BRIDGE
-8.361071,-35.018902,-8.361314,-35.018523,BRIDGE
-8.361012,-36.693121,-8.360960,-36.693111,BRIDGE
-8.360865,-34.975225,-8.358154,-34.974856,BRIDGE
-8.360768,-35.705256,-8.360770,-35.705145,BRIDGE
-8.360281,-36.694359,-8.360314,-36.694373,BRIDGE
-8.360063,-36.705875,-8.360144,-36.705872,BRIDGE
-8.359750,-35.761117,-8.359706,-35.761123,TUNNEL
-8.359745,-36.700176,-8.359809,-36.700158,BRIDGE
-8.359723,-35.761189,-8.359761,-35.761169,TUNNEL
-8.358558,-35.019686,-8.358118,-35.019400,BRIDGE
-8.358139,-35.012852,-8.358023,-35.013125,BRIDGE
-8.358133,-34.974939,-8.360850,-34.975316,BRIDGE
-8.357881,-37.849732,-8.357750,-37.849409,BRIDGE
-8.357741,-35.315165,-8.357619,-35.315097,BRIDGE
-8.357643,-35.005929,-8.357226,-35.005784,BRIDGE
-8.357499,-36.531640,-8.357480,-36.531330,BRIDGE
-8.357213,-35.005924,-8.357578,-35.006049,BRIDGE
-8.355489,-35.394859,-8.355408,-35.394755,BRIDGE
-8.354495,-36.694747,-8.354572,-36.694735,BRIDGE
-8.354308,-36.693894,-8.354409,-36.693866,BRIDGE
-8.354115,-36.693497,-8.354186,-36.693491,BRIDGE
-8.353708,-36.691956,-8.353791,-36.691930,BRIDGE
-8.353524,-36.688835,-8.353721,-36.688769,BRIDGE
-8.353516,-36.691097,-8.353614,-36.691077,BRIDGE
-8.352956,-35.765737,-8.353030,-35.765702,BRIDGE
-8.349782,-35.041030,-8.349577,-35.041039,BRIDGE
-8.349615,-35.045879,-8.349608,-35.045971,BRIDGE
-8.349528,-35.349955,-8.349711,-35.350037,BRIDGE
-8.349497,-34.960116,-8.349438,-34.960060,BRIDGE
-8.348399,-35.046429,-8.348334,-35.046433,BRIDGE
-8.348083,-35.654870,-8.348047,-35.654888,BRIDGE
-8.347778,-35.354204,-8.347990,-35.354176,BRIDGE
-8.347178,-35.352550,-8.347185,-35.352391,BRIDGE
-8.346964,-35.359448,-8.347052,-35.359365,BRIDGE
-8.346716,-35.347509,-8.346569,-35.347390,BRIDGE
-8.345822,-35.366304,-8.345889,-35.366302,BRIDGE
-8.344338,-35.282427,-8.344311,-35.282344,BRIDGE
-8.344220,-35.003767,-8.343951,-35.003567,BRIDGE
-8.343591,-35.003922,-8.343869,-35.004104,BRIDGE
-8.343200,-36.401209,-8.342761,-36.401219,BRIDGE
-8.342453,-35.700099,-8.342530,-35.700117,BRIDGE
-8.342372,-34.951374,-8.342480,-34.951424,BRIDGE
-8.342318,-34.964478,-8.342340,-34.964355,BRIDGE
-8.342011,-34.951967,-8.342098,-34.951990,BRIDGE
-8.341878,-34.952255,-8.341983,-34.952289,BRIDGE
-8.341321,-34.952987,-8.341242,-34.952916,BRIDGE
-8.341167,-34.963952,-8.341296,-34.964039,BRIDGE
-8.339971,-36.333131,-8.339975,-36.332899,BRIDGE
-8.339645,-34.955188,-8.339518,-34.955163,BRIDGE
-8.339465,-36.425811,-8.339274,-36.425851,BRIDGE
-8.339428,-36.418696,-8.339618,-36.418599,BRIDGE
-8.338952,-36.365700,-8.338950,-36.365556,BRIDGE
-8.338562,-36.413525,-8.338454,-36.413616,BRIDGE
-8.338299,-37.802365,-8.338085,-37.802303,BRIDGE
-8.338277,-34.953071,-8.338341,-34.953028,BRIDGE
-8.338250,-35.699491,-8.338298,-35.699532,BRIDGE
-8.337719,-36.428489,-8.337810,-36.428155,BRIDGE
-8.337626,-36.428157,-8.337559,-36.428442,BRIDGE
-8.336659,-36.410797,-8.336848,-36.410870,BRIDGE
-8.335257,-36.424738,-8.335229,-36.424854,BRIDGE
-8.334430,-36.424381,-8.334439,-36.424556,BRIDGE
-8.334397,-38.048089,-8.335037,-38.047892,BRIDGE
-8.334350,-35.814808,-8.334362,-35.814841,BRIDGE
-8.334094,-38.047287,-8.334694,-38.046828,BRIDGE
-8.333940,-36.136432,-8.332341,-36.140105,BRIDGE
-8.332964,-35.350968,-8.332658,-35.351086,BRIDGE
-8.332896,-36.129881,-8.330804,-36.125011,BRIDGE
-8.332453,-36.140152,-8.334037,-36.136478,BRIDGE
-8.331673,-39.347766,-8.331547,-39.347389,BRIDGE
-8.331502,-34.999827,-8.331418,-34.999827,BRIDGE
-8.331351,-34.999994,-8.331435,-34.999994,BRIDGE
-8.331154,-36.138856,-8.331271,-36.138817,BRIDGE
-8.330889,-37.782146,-8.330754,-37.782192,BRIDGE
-8.330674,-36.125138,-8.332800,-36.129924,BRIDGE
-8.329907,-36.135703,-8.329765,-36.135809,BRIDGE
-8.329851,-36.621674,-8.330450,-36.621794,BRIDGE
-8.329402,-36.146312,-8.329841,-36.146800,BRIDGE
-8.329230,-36.127292,-8.329422,-36.127204,BRIDGE
-8.328609,-35.009482,-8.328530,-35.009462,BRIDGE
-8.328523,-35.009582,-8.328602,-35.009602,BRIDGE
-8.328018,-35.646563,-8.327998,-35.646506,BRIDGE
-8.327402,-34.953623,-8.327321,-34.953615,BRIDGE
-8.327316,-34.953682,-8.327396,-34.953690,BRIDGE
-8.327284,-35.543859,-8.326831,-35.543918,BRIDGE
-8.327182,-36.123761,-8.327212,-36.123613,BRIDGE
-8.326882,-34.952299,-8.326881,-34.952344,BRIDGE
-8.326332,-36.611652,-8.326694,-36.611589,BRIDGE
-8.325598,-35.705357,-8.325536,-35.705287,BRIDGE
-8.325596,-35.005554,-8.325513,-35.005209,BRIDGE
-8.324891,-39.346381,-8.325600,-39.346832,BRIDGE
-8.324885,-36.137065,-8.324580,-36.136781,BRIDGE
-8.324117,-34.953363,-8.324121,-34.953430,BRIDGE
-8.323249,-35.708374,-8.323283,-35.708395,BRIDGE
-8.323051,-36.612282,-8.322966,-36.611941,BRIDGE
-8.321999,-35.732762,-8.322024,-35.732784,BRIDGE
-8.321366,-34.953812,-8.321349,-34.953731,BRIDGE
-8.321363,-36.423926,-8.321266,-36.424207,BRIDGE
-8.321263,-34.953756,-8.321281,-34.953836,BRIDGE
-8.321161,-38.410638,-8.320856,-38.410741,BRIDGE
-8.320627,-34.954084,-8.320638,-34.954165,BRIDGE
-8.320387,-35.090510,-8.320268,-35.090495,BRIDGE
-8.320101,-35.572865,-8.320158,-35.572946,BRIDGE
-8.320023,-35.091070,-8.320096,-35.091190,BRIDGE
-8.319962,-36.071896,-8.319991,-36.072145,BRIDGE
-8.319012,-34.954851,-8.318937,-34.954820,BRIDGE
-8.318511,-34.955378,-8.318590,-34.955410,BRIDGE
-8.318477,-35.096549,-8.318450,-35.096431,BRIDGE
-8.318123,-35.088060,-8.318192,-35.088171,BRIDGE
-8.317994,-35.108582,-8.317698,-35.108178,BRIDGE
-8.317604,-35.108383,-8.317897,-35.108752,BRIDGE
-8.317520,-34.956401,-8.317675,-34.956468,BRIDGE
-8.317353,-35.354243,-8.317285,-35.354003,BRIDGE
-8.317312,-36.291656,-8.317051,-36.291650,BRIDGE
-8.317131,-34.949316,-8.317163,-34.949240,BRIDGE
-8.317050,-34.999035,-8.316210,-34.999024,BRIDGE
-8.316817,-35.104917,-8.316825,-35.104794,BRIDGE
-8.316809,-34.959809,-8.316891,-34.959807,BRIDGE
-8.316794,-38.412152,-8.316118,-38.412390,BRIDGE
-8.316491,-34.999136,-8.317061,-34.999136,BRIDGE
-8.315821,-36.166885,-8.315794,-36.166986,BRIDGE
-8.314525,-36.620291,-8.314274,-36.619862,BRIDGE
-8.313629,-36.221210,-8.313532,-36.221224,BRIDGE
-8.313044,-36.214983,-8.313015,-36.215060,BRIDGE
-8.310631,-36.937237,-8.310149,-36.937552,BRIDGE
-8.309445,-36.026576,-8.308984,-36.026701,TUNNEL
-8.309341,-36.026977,-8.309215,-36.026517,BRIDGE
-8.309085,-36.026554,-8.309236,-36.027056,BRIDGE
-8.309006,-36.026799,-8.309485,-36.026667,TUNNEL
-8.307696,-35.942520,-8.307157,-35.942619,TUNNEL
-8.307656,-35.072152,-8.307756,-35.072027,BRIDGE
-8.307180,-35.942724,-8.307733,-35.942615,TUNNEL
-8.307074,-35.019582,-8.306892,-35.019693,BRIDGE
-8.306969,-35.019791,-8.307141,-35.019678,BRIDGE
-8.306850,-37.759054,-8.306634,-37.759090,BRIDGE
-8.306263,-35.965477,-8.305332,-35.964599,BRIDGE
-8.305421,-36.076748,-8.305772,-36.076768,BRIDGE
-8.305013,-36.011043,-8.304632,-36.011131,TUNNEL
-8.304501,-35.025307,-8.304617,-35.025227,BRIDGE
-8.304297,-35.970951,-8.303821,-35.972989,BRIDGE
-8.303944,-35.972993,-8.304428,-35.970971,BRIDGE
-8.303820,-36.019111,-8.303558,-36.019013,BRIDGE
-8.302919,-36.010676,-8.302511,-36.010503,BRIDGE
-8.302107,-36.619678,-8.302073,-36.619303,BRIDGE
-8.300327,-35.987624,-8.299921,-35.989098,BRIDGE
-8.300127,-35.989149,-8.300544,-35.987485,BRIDGE
-8.300048,-35.068352,-8.299735,-35.068126,BRIDGE
-8.299673,-35.068268,-8.299983,-35.068488,BRIDGE
-8.299579,-35.983362,-8.299593,-35.983219,BRIDGE
-8.298103,-35.019457,-8.297999,-35.019485,BRIDGE
-8.297923,-35.992488,-8.297921,-35.992932,BRIDGE
-8.297256,-35.034234,-8.297292,-35.034214,BRIDGE
-8.297207,-35.983820,-8.297126,-35.983812,BRIDGE
-8.297034,-35.025158,-8.296938,-35.025186,BRIDGE
-8.296769,-35.025640,-8.296878,-35.025628,BRIDGE
-8.296409,-35.980419,-8.296322,-35.980437,BRIDGE
-8.295954,-35.027112,-8.296046,-35.027134,BRIDGE
-8.295847,-35.980275,-8.295837,-35.980192,BRIDGE
-8.295196,-35.028993,-8.295115,-35.028956,BRIDGE
-8.294925,-35.029379,-8.295003,-35.029418,BRIDGE
-8.294581,-35.979908,-8.294583,-35.979729,BRIDGE
-8.294527,-35.030384,-8.294596,-35.030421,BRIDGE
-8.294172,-35.056737,-8.293949,-35.056589,BRIDGE
-8.293871,-35.056716,-8.294101,-35.056861,BRIDGE
-8.293273,-35.978337,-8.293881,-35.978311,BRIDGE
-8.293178,-35.231923,-8.293043,-35.232161,BRIDGE
-8.293150,-40.248391,-8.293086,-40.248426,BRIDGE
-8.292302,-35.981756,-8.292599,-35.982014,BRIDGE
-8.292011,-35.956892,-8.291644,-35.957122,BRIDGE
-8.291097,-35.968244,-8.291462,-35.968419,BRIDGE
-8.291052,-35.985006,-8.290520,-35.984813,BRIDGE
-8.291018,-35.985097,-8.290500,-35.984929,BRIDGE
-8.290788,-35.966415,-8.290476,-35.966656,BRIDGE
-8.290569,-35.985132,-8.290987,-35.985284,BRIDGE
-8.290397,-35.985182,-8.290969,-35.985368,BRIDGE
-8.290282,-35.974530,-8.290249,-35.974938,BRIDGE
-8.290167,-40.343071,-8.289868,-40.342992,BRIDGE
-8.289291,-40.455904,-8.289272,-40.455776,BRIDGE
-8.288412,-35.984256,-8.287976,-35.984099,BRIDGE
-8.288401,-35.972428,-8.288099,-35.972475,BRIDGE
-8.287932,-35.984220,-8.288366,-35.984372,BRIDGE
-8.287859,-35.964346,-8.287714,-35.964758,BRIDGE
-8.287785,-35.964777,-8.287933,-35.964378,BRIDGE
-8.287411,-35.989039,-8.287353,-35.989234,BRIDGE
-8.287029,-35.034261,-8.286853,-35.034438,BRIDGE
-8.287002,-35.033951,-8.286916,-35.033971,BRIDGE
-8.286971,-35.036249,-8.286911,-35.036280,BRIDGE
-8.286933,-35.025473,-8.286976,-35.025459,BRIDGE
-8.286740,-35.935830,-8.285967,-35.935480,BRIDGE
-8.286458,-35.040432,-8.286727,-35.040115,BRIDGE
-8.285763,-35.023969,-8.285780,-35.024023,BRIDGE
-8.285528,-35.988041,-8.285573,-35.987867,BRIDGE
-8.284863,-36.633219,-8.284439,-36.633079,BRIDGE
-8.284622,-35.987481,-8.284574,-35.987643,BRIDGE
-8.284213,-35.486400,-8.284181,-35.486475,BRIDGE
-8.284158,-35.024433,-8.284175,-35.024484,BRIDGE
-8.284031,-35.977692,-8.284431,-35.977904,BRIDGE
-8.284015,-35.011974,-8.283996,-35.011980,TUNNEL
-8.283650,-35.953304,-8.283642,-35.953396,BRIDGE
-8.283593,-35.024677,-8.283561,-35.024573,BRIDGE
-8.283588,-35.961616,-8.282984,-35.961869,BRIDGE
-8.283473,-35.024594,-8.283502,-35.024699,BRIDGE
-8.283288,-35.158383,-8.282824,-35.158548,BRIDGE
-8.283161,-35.976315,-8.283652,-35.976680,BRIDGE
-8.283000,-35.963148,-8.283072,-35.963245,BRIDGE
-8.282920,-35.029173,-8.282511,-35.029291,BRIDGE
-8.282890,-35.057754,-8.282623,-35.057631,BRIDGE
-8.282883,-37.270390,-8.283352,-37.270403,BRIDGE
-8.282811,-35.485889,-8.282864,-35.485844,BRIDGE
-8.282810,-35.994991,-8.282808,-35.995052,BRIDGE
-8.282799,-35.986735,-8.282560,-35.986691,BRIDGE
-8.282730,-35.981618,-8.281732,-35.981199,BRIDGE
-8.282559,-35.057777,-8.282825,-35.057892,BRIDGE
-8.282512,-35.029388,-8.282975,-35.029258,BRIDGE
-8.282253,-34.952556,-8.282032,-34.952241,TUNNEL
-8.282233,-35.953938,-8.282240,-35.954089,BRIDGE
-8.282094,-35.982708,-8.282083,-35.982833,BRIDGE
-8.282018,-35.057275,-8.281478,-35.056877,BRIDGE
-8.281714,-35.981332,-8.282710,-35.981741,BRIDGE
-8.281381,-35.057014,-8.281953,-35.057419,BRIDGE
-8.281227,-35.485238,-8.281232,-35.485180,BRIDGE
-8.281134,-37.741417,-8.280962,-37.741559,BRIDGE
-8.281134,-35.954434,-8.281109,-35.954529,BRIDGE
-8.281072,-35.982912,-8.281071,-35.982784,BRIDGE
-8.281020,-35.963725,-8.280993,-35.963594,BRIDGE
-8.280798,-35.025367,-8.280817,-35.025405,BRIDGE
-8.280689,-35.017016,-8.280751,-35.017032,BRIDGE
-8.280421,-35.014741,-8.280381,-35.014602,BRIDGE
-8.280317,-35.014771,-8.280375,-35.014753,BRIDGE
-8.280236,-35.029955,-8.279662,-35.030108,BRIDGE
-8.280236,-35.014648,-8.280275,-35.014783,BRIDGE
-8.280217,-35.939655,-8.280484,-35.940073,BRIDGE
-8.279796,-35.148559,-8.279932,-35.148273,BRIDGE
-8.279786,-35.965423,-8.279831,-35.965494,BRIDGE
-8.279693,-35.030203,-8.280260,-35.030069,BRIDGE
-8.279573,-38.033553,-8.279432,-38.033517,BRIDGE
-8.279423,-35.966056,-8.279305,-35.966015,BRIDGE
-8.279176,-35.062773,-8.278758,-35.063191,BRIDGE
-8.279148,-35.996697,-8.279120,-35.997032,BRIDGE
-8.279127,-35.022949,-8.279193,-35.022904,BRIDGE
-8.278995,-35.151448,-8.278999,-35.151360,BRIDGE
-8.278931,-35.063249,-8.279200,-35.062995,BRIDGE
-8.278580,-35.983552,-8.278447,-35.983457,BRIDGE
-8.278483,-35.966525,-8.278510,-35.966645,BRIDGE
-8.278205,-35.030169,-8.279477,-35.030257,BRIDGE
-8.277971,-35.249767,-8.277919,-35.249736,BRIDGE
-8.277513,-35.984565,-8.277367,-35.984418,BRIDGE
-8.277490,-35.981723,-8.274674,-35.982112,BRIDGE
-8.277475,-38.031926,-8.277556,-38.031821,BRIDGE
-8.277399,-35.022521,-8.277386,-35.022641,BRIDGE
-8.277140,-35.966693,-8.277161,-35.966523,BRIDGE
-8.276217,-35.366419,-8.276050,-35.366284,BRIDGE
-8.275935,-35.966482,-8.276029,-35.966550,BRIDGE
-8.275846,-35.998204,-8.275699,-35.997976,BRIDGE
-8.275432,-35.027573,-8.274937,-35.027105,BRIDGE
-8.275420,-35.133279,-8.275282,-35.133221,BRIDGE
-8.275384,-35.985336,-8.275456,-35.985095,BRIDGE
-8.275326,-35.985054,-8.275251,-35.985264,BRIDGE
-8.275262,-35.479923,-8.275340,-35.479941,BRIDGE
-8.274855,-35.027194,-8.275332,-35.027667,BRIDGE
-8.274356,-35.964504,-8.274272,-35.964561,BRIDGE
-8.274148,-35.964816,-8.274194,-35.964882,BRIDGE
-8.273965,-35.966481,-8.273961,-35.966409,BRIDGE
-8.273932,-38.038451,-8.273814,-38.038266,BRIDGE
-8.273561,-35.012113,-8.273647,-35.012089,BRIDGE
-8.273521,-35.963484,-8.273604,-35.963422,BRIDGE
-8.272949,-35.982255,-8.277511,-35.981841,BRIDGE
-8.272857,-35.962816,-8.272887,-35.962789,BRIDGE
-8.272550,-35.021852,-8.272322,-35.021707,BRIDGE
-8.272436,-35.010720,-8.272296,-35.010852,BRIDGE
-8.272093,-35.962169,-8.272054,-35.962201,BRIDGE
-8.272036,-35.983702,-8.271891,-35.983821,BRIDGE
-8.272020,-35.139878,-8.272004,-35.139958,BRIDGE
-8.271059,-35.961751,-8.271116,-35.961708,BRIDGE
-8.271015,-35.020772,-8.270627,-35.020528,BRIDGE
-8.270561,-35.960934,-8.270512,-35.960972,BRIDGE
-8.269890,-34.997301,-8.269217,-34.997318,BRIDGE
-8.269625,-35.470044,-8.269662,-35.470117,BRIDGE
-8.269353,-35.154711,-8.269281,-35.154686,BRIDGE
-8.269233,-34.997414,-8.269890,-34.997389,BRIDGE
-8.269136,-35.958943,-8.269070,-35.958938,BRIDGE
-8.269081,-35.959457,-8.269034,-35.959454,BRIDGE
-8.268763,-39.850801,-8.268310,-39.850198,BRIDGE
-8.268350,-35.984044,-8.268430,-35.984210,BRIDGE
-8.268189,-35.153181,-8.268159,-35.153105,BRIDGE
-8.267681,-35.007670,-8.267679,-35.006478,BRIDGE
-8.267539,-35.006462,-8.267530,-35.007670,BRIDGE
-8.267404,-35.978828,-8.266921,-35.978510,BRIDGE
-8.266865,-35.978633,-8.267402,-35.978977,BRIDGE
-8.266707,-35.986747,-8.266727,-35.986549,BRIDGE
-8.265887,-35.970557,-8.265897,-35.970511,BRIDGE
-8.265202,-34.999295,-8.264565,-34.999885,BRIDGE
-8.265104,-35.973925,-8.265011,-35.973944,BRIDGE
-8.265056,-35.971030,-8.265158,-35.971011,BRIDGE
-8.264912,-35.973395,-8.265045,-35.973385,BRIDGE
-8.264624,-34.999975,-8.265270,-34.999361,BRIDGE
-8.264245,-35.253162,-8.264168,-35.253206,BRIDGE
-8.263977,-35.958582,-8.263963,-35.958659,BRIDGE
-8.262160,-37.739550,-8.262293,-37.739220,BRIDGE
-8.261357,-35.002825,-8.260545,-35.003551,BRIDGE
-8.261099,-38.055187,-8.260901,-38.055141,BRIDGE
-8.260617,-35.003661,-8.261439,-35.002904,BRIDGE
-8.259007,-35.012937,-8.258671,-35.012673,BRIDGE
-8.258843,-40.379331,-8.258826,-40.378633,BRIDGE
-8.258625,-35.012818,-8.258911,-35.013058,BRIDGE
-8.256360,-35.014995,-8.256571,-35.015084,BRIDGE
-8.253085,-35.449994,-8.253546,-35.449624,BRIDGE
-8.252595,-35.145766,-8.252437,-35.145757,BRIDGE
-8.251963,-35.005911,-8.251757,-35.006011,BRIDGE
-8.251801,-35.026481,-8.251701,-35.026180,BRIDGE
-8.251788,-35.006110,-8.252019,-35.005991,BRIDGE
-8.251586,-35.026242,-8.251679,-35.026536,BRIDGE
-8.251093,-34.991721,-8.251015,-34.991742,BRIDGE
-8.251044,-34.985471,-8.251099,-34.985392,BRIDGE
-8.250967,-35.014298,-8.250842,-35.013862,BRIDGE
-8.250731,-35.014037,-8.250842,-35.014440,BRIDGE
-8.250718,-35.006606,-8.250426,-35.006797,BRIDGE
-8.250609,-35.769058,-8.250553,-35.768991,BRIDGE
-8.250453,-35.006914,-8.250783,-35.006714,BRIDGE
-8.250016,-35.770259,-8.249987,-35.770180,BRIDGE
-8.248973,-35.007579,-8.248521,-35.007790,BRIDGE
-8.248804,-34.982941,-8.248803,-34.982844,BRIDGE
-8.248727,-35.007960,-8.249036,-35.007762,BRIDGE
-8.248673,-35.017217,-8.248607,-35.017344,BRIDGE
-8.248587,-37.269381,-8.248883,-37.269384,BRIDGE
-8.247825,-35.146859,-8.247789,-35.146785,BRIDGE
-8.247754,-35.759080,-8.247559,-35.758808,BRIDGE
-8.247552,-35.770059,-8.247489,-35.769997,BRIDGE
-8.247451,-35.758908,-8.247925,-35.759569,BRIDGE
-8.247298,-34.979745,-8.247307,-34.979664,BRIDGE
-8.247003,-34.982560,-8.247042,-34.982473,BRIDGE
-8.246855,-34.979661,-8.246873,-34.979584,BRIDGE
-8.246852,-34.973424,-8.246923,-34.973388,TUNNEL
-8.245726,-38.467799,-8.245219,-38.468202,BRIDGE
-8.245621,-35.788111,-8.245598,-35.786982,BRIDGE
-8.245359,-39.486097,-8.245453,-39.486095,BRIDGE
-8.244725,-34.982935,-8.244765,-34.982977,BRIDGE
-8.243808,-34.986363,-8.243817,-34.986286,BRIDGE
-8.243657,-40.339689,-8.243738,-40.339687,BRIDGE
-8.243562,-34.986249,-8.243589,-34.986286,BRIDGE
-8.243432,-34.985307,-8.243347,-34.985302,BRIDGE
-8.243409,-35.473172,-8.243586,-35.473416,BRIDGE
-8.243121,-35.034439,-8.243337,-35.034283,BRIDGE
-8.242754,-34.937822,-8.240399,-34.939477,BRIDGE
-8.242624,-35.032469,-8.242610,-35.032558,BRIDGE
-8.242595,-35.264805,-8.242942,-35.264586,BRIDGE
-8.242418,-35.462682,-8.242417,-35.462767,BRIDGE
-8.242084,-40.322771,-8.242002,-40.322493,BRIDGE
-8.241984,-35.468294,-8.241916,-35.468206,BRIDGE
-8.241912,-35.462936,-8.242059,-35.462897,BRIDGE
-8.241817,-34.976981,-8.241983,-34.977020,BRIDGE
-8.241682,-34.977596,-8.241846,-34.977632,BRIDGE
-8.241522,-35.262741,-8.241528,-35.262659,BRIDGE
-8.241454,-35.052157,-8.241689,-35.052459,BRIDGE
-8.241084,-39.338238,-8.241477,-39.337573,BRIDGE
-8.240972,-35.027369,-8.240964,-35.027428,BRIDGE
-8.240484,-40.327967,-8.240425,-40.328023,BRIDGE
-8.240468,-40.328073,-8.240517,-40.328026,BRIDGE
-8.240421,-34.939503,-8.242773,-34.937858,BRIDGE
-8.239785,-35.031651,-8.239768,-35.031631,BRIDGE
-8.238442,-40.333487,-8.238234,-40.333533,BRIDGE
-8.237941,-35.742078,-8.237917,-35.741822,BRIDGE
-8.237780,-35.741880,-8.237811,-35.742091,BRIDGE
-8.237217,-34.937144,-8.237575,-34.937334,BRIDGE
-8.237212,-39.893433,-8.237135,-39.893433,BRIDGE
-8.236888,-34.982075,-8.236491,-34.981605,BRIDGE
-8.236041,-40.299457,-8.235990,-40.299386,BRIDGE
-8.235977,-35.759544,-8.235464,-35.759787,BRIDGE
-8.235751,-34.986643,-8.235744,-34.986675,BRIDGE
-8.235215,-35.467626,-8.235271,-35.467670,BRIDGE
-8.234842,-35.499186,-8.235001,-35.499354,BRIDGE
-8.234738,-34.987331,-8.234732,-34.987298,BRIDGE
-8.234549,-34.987419,-8.234598,-34.987466,BRIDGE
-8.234509,-35.099528,-8.234438,-35.099524,BRIDGE
-8.234205,-35.753042,-8.233836,-35.753165,BRIDGE
-8.233983,-34.995146,-8.234108,-34.995110,BRIDGE
-8.233247,-40.290238,-8.233177,-40.289983,BRIDGE
-8.232798,-35.464576,-8.232852,-35.464638,BRIDGE
-8.232169,-34.988167,-8.232134,-34.988241,BRIDGE
-8.231606,-35.159481,-8.231774,-35.159325,BRIDGE
-8.230989,-34.997038,-8.230756,-34.996869,BRIDGE
-8.230691,-34.996995,-8.230915,-34.997157,BRIDGE
-8.229826,-34.973706,-8.229197,-34.973158,BRIDGE
-8.229364,-35.750106,-8.229270,-35.750547,BRIDGE
-8.229135,-34.972430,-8.228468,-34.971609,BRIDGE
-8.228749,-34.995405,-8.228238,-34.995038,BRIDGE
-8.228165,-34.995163,-8.228664,-34.995519,BRIDGE
-8.228067,-35.291869,-8.227988,-35.292137,BRIDGE
-8.227777,-35.547401,-8.227982,-35.547332,BRIDGE
-8.226548,-35.508004,-8.226583,-35.508364,BRIDGE
-8.226021,-35.284337,-8.226010,-35.284417,BRIDGE
-8.226019,-35.274922,-8.226122,-35.275107,BRIDGE
-8.225999,-35.181526,-8.225935,-35.181402,BRIDGE
-8.225912,-35.580849,-8.226100,-35.581094,BRIDGE
-8.225520,-35.984723,-8.225559,-35.984718,BRIDGE
-8.225428,-35.984353,-8.225465,-35.984340,BRIDGE
-8.225388,-35.985283,-8.225329,-35.985266,BRIDGE
-8.225349,-34.936589,-8.225299,-34.936926,BRIDGE
-8.225345,-35.738962,-8.225411,-35.738949,BRIDGE
-8.225233,-35.738905,-8.225219,-35.738816,BRIDGE
-8.223921,-35.749562,-8.223856,-35.749541,BRIDGE
-8.223841,-35.284911,-8.223835,-35.284826,BRIDGE
-8.223719,-35.276287,-8.223769,-35.276359,BRIDGE
-8.223021,-34.950917,-8.222990,-34.951102,BRIDGE
-8.223004,-35.565990,-8.223112,-35.565842,BRIDGE
-8.222067,-35.713769,-8.221982,-35.713672,BRIDGE
-8.221628,-34.959117,-8.221599,-34.959325,BRIDGE
-8.221525,-34.951638,-8.221610,-34.951662,BRIDGE
-8.221297,-35.553201,-8.221419,-35.553116,BRIDGE
-8.220857,-34.969479,-8.220786,-34.969520,BRIDGE
-8.220595,-34.953329,-8.220682,-34.953354,BRIDGE
-8.220344,-35.258581,-8.220342,-35.258511,BRIDGE
-8.220319,-34.953818,-8.220285,-34.953739,BRIDGE
-8.220193,-35.453204,-8.220149,-35.453135,BRIDGE
-8.219615,-34.954371,-8.219581,-34.954288,BRIDGE
-8.218746,-35.926176,-8.218660,-35.926027,BRIDGE
-8.218207,-34.938455,-8.218339,-34.938473,BRIDGE
-8.217987,-35.351485,-8.218063,-35.351515,BRIDGE
-8.216812,-35.283688,-8.216813,-35.283622,BRIDGE
-8.216640,-34.940292,-8.216533,-34.940067,BRIDGE
-8.216509,-34.960059,-8.216527,-34.959955,BRIDGE
-8.215760,-34.959851,-8.215749,-34.959900,BRIDGE
-8.214863,-35.281745,-8.214863,-35.281667,BRIDGE
-8.214742,-35.632737,-8.214698,-35.632353,BRIDGE
-8.214567,-35.632437,-8.214602,-35.632767,BRIDGE
-8.213703,-35.688605,-8.213807,-35.688364,BRIDGE
-8.213150,-34.986485,-8.212848,-34.986369,BRIDGE
-8.212896,-35.619512,-8.212808,-35.619249,BRIDGE
-8.212822,-34.986505,-8.213078,-34.986609,BRIDGE
-8.212686,-35.619367,-8.212769,-35.619595,BRIDGE
-8.209497,-35.554494,-8.209669,-35.555022,BRIDGE
-8.208873,-35.671434,-8.209191,-35.671412,BRIDGE
-8.208476,-35.608952,-8.208270,-35.608469,BRIDGE
-8.208151,-35.608545,-8.208345,-35.608997,BRIDGE
-8.206722,-40.256146,-8.206563,-40.256006,BRIDGE
-8.206058,-35.629139,-8.206271,-35.629009,BRIDGE
-8.205055,-35.565304,-8.205071,-35.565046,BRIDGE
-8.201696,-34.936627,-8.201771,-34.936634,BRIDGE
-8.201623,-35.566349,-8.201956,-35.566748,BRIDGE
-8.201316,-35.573952,-8.201899,-35.573780,BRIDGE
-8.201045,-35.571197,-8.200663,-35.571382,BRIDGE
-8.200434,-34.935054,-8.200469,-34.935047,BRIDGE
-8.194922,-35.562118,-8.194896,-35.561930,BRIDGE
-8.194792,-35.561964,-8.194806,-35.562118,BRIDGE
-8.194343,-34.930449,-8.194251,-34.930441,BRIDGE
-8.193794,-35.542190,-8.193897,-35.541738,BRIDGE
-8.193743,-35.541713,-8.193669,-35.542035,BRIDGE
-8.193550,-34.931766,-8.193627,-34.931780,BRIDGE
-8.193303,-34.934509,-8.193164,-34.934493,BRIDGE
-8.193302,-34.932435,-8.193364,-34.932437,BRIDGE
-8.193207,-34.933111,-8.193319,-34.933115,BRIDGE
-8.193151,-34.937243,-8.193068,-34.937246,BRIDGE
-8.193115,-34.935187,-8.193196,-34.935187,BRIDGE
-8.193113,-34.938524,-8.193024,-34.938522,BRIDGE
-8.193095,-34.937942,-8.193051,-34.937943,BRIDGE
-8.193008,-39.265231,-8.193123,-39.265173,BRIDGE
-8.192978,-34.935810,-8.193047,-34.935874,BRIDGE
-8.191944,-39.396093,-8.191402,-39.396203,BRIDGE
-8.191377,-36.701251,-8.191294,-36.701299,BRIDGE
-8.191052,-37.978719,-8.191019,-37.978839,BRIDGE
-8.189463,-34.931621,-8.189395,-34.931623,BRIDGE
-8.189350,-34.932218,-8.189411,-34.932225,BRIDGE
-8.189279,-34.932544,-8.189363,-34.932553,BRIDGE
-8.187801,-36.703297,-8.187789,-36.703407,BRIDGE
-8.187373,-36.703331,-8.187396,-36.703227,BRIDGE
-8.187332,-34.957460,-8.187407,-34.957078,BRIDGE
-8.187024,-36.700099,-8.186903,-36.700077,BRIDGE
-8.186907,-34.933780,-8.186956,-34.933881,BRIDGE
-8.186636,-35.614986,-8.186566,-35.615068,BRIDGE
-8.186577,-34.934692,-8.186664,-34.934713,BRIDGE
-8.186495,-34.971550,-8.186327,-34.971348,BRIDGE
-8.186283,-34.936516,-8.186433,-34.936517,BRIDGE
-8.186258,-34.971490,-8.186436,-34.971699,BRIDGE
-8.186004,-36.702840,-8.186067,-36.702705,BRIDGE
-8.185996,-34.937833,-8.186129,-34.937833,BRIDGE
-8.184877,-34.939077,-8.184995,-34.938976,BRIDGE
-8.184798,-39.227370,-8.184907,-39.227734,BRIDGE
-8.183649,-39.311418,-8.183256,-39.311513,BRIDGE
-8.181698,-34.961448,-8.178889,-34.956776,BRIDGE
-8.181023,-39.734006,-8.180656,-39.733521,BRIDGE
-8.180173,-34.932910,-8.180264,-34.932829,BRIDGE
-8.179679,-34.935597,-8.179629,-34.935486,BRIDGE
-8.179180,-34.936266,-8.179081,-34.936335,BRIDGE
-8.178819,-34.956943,-8.181568,-34.961518,BRIDGE
-8.178494,-35.193543,-8.178521,-35.193651,BRIDGE
-8.178359,-34.936819,-8.178340,-34.936829,BRIDGE
-8.178284,-34.936764,-8.178311,-34.936855,BRIDGE
-8.176697,-34.944192,-8.175020,-34.942575,BRIDGE
-8.176694,-35.261553,-8.176882,-35.261698,BRIDGE
-8.176518,-35.486983,-8.178900,-35.489516,TUNNEL
-8.176309,-34.927877,-8.176373,-34.927766,BRIDGE
-8.176111,-35.252984,-8.175824,-35.252662,BRIDGE
-8.176010,-39.306740,-8.176246,-39.306951,BRIDGE
-8.174915,-34.942691,-8.176582,-34.944312,BRIDGE
-8.173361,-34.923417,-8.173276,-34.923514,BRIDGE
-8.173026,-35.279577,-8.172975,-35.279525,BRIDGE
-8.172100,-34.938577,-8.171344,-34.939346,BRIDGE
-8.171469,-34.920494,-8.171602,-34.920523,BRIDGE
-8.171344,-34.939346,-8.171359,-34.939329,BRIDGE
-8.171314,-34.918075,-8.171425,-34.917964,BRIDGE
-8.171179,-34.916306,-8.170753,-34.916519,TUNNEL
-8.171116,-34.936551,-8.171194,-34.936635,BRIDGE
-8.170430,-34.937459,-8.168374,-34.937634,BRIDGE
-8.169808,-34.927428,-8.169876,-34.927326,BRIDGE
-8.169587,-34.927110,-8.169674,-34.926983,BRIDGE
-8.169470,-34.926617,-8.169559,-34.926488,BRIDGE
-8.169308,-34.926263,-8.169370,-34.926192,BRIDGE
-8.169089,-34.925574,-8.169140,-34.925558,BRIDGE
-8.168988,-34.924904,-8.169029,-34.924864,BRIDGE
-8.168859,-34.924342,-8.168935,-34.924293,BRIDGE
-8.168728,-34.924037,-8.168790,-34.924003,BRIDGE
-8.168614,-34.923701,-8.168687,-34.923707,BRIDGE
-8.168613,-34.923464,-8.168562,-34.923512,BRIDGE
-8.168603,-34.916660,-8.168673,-34.916495,BRIDGE
-8.168503,-34.922927,-8.168591,-34.922829,BRIDGE
-8.168224,-34.922625,-8.168251,-34.922579,BRIDGE
-8.167998,-35.977265,-8.167777,-35.977428,BRIDGE
-8.167908,-40.234664,-8.167789,-40.234501,BRIDGE
-8.167906,-34.922440,-8.167946,-34.922378,BRIDGE
-8.167866,-35.977533,-8.168070,-35.977384,BRIDGE
-8.167415,-35.453916,-8.166297,-35.457978,BRIDGE
-8.167322,-35.008833,-8.167305,-35.008997,BRIDGE
-8.166870,-39.106534,-8.167235,-39.106429,BRIDGE
-8.166358,-35.005636,-8.166393,-35.005685,BRIDGE
-8.166293,-34.921977,-8.166453,-34.921895,BRIDGE
-8.165841,-34.915820,-8.165893,-34.915655,BRIDGE
-8.165728,-34.918439,-8.165810,-34.918463,BRIDGE
-8.165699,-34.918418,-8.165784,-34.918420,BRIDGE
-8.165696,-34.918387,-8.165786,-34.918382,BRIDGE
-8.165687,-36.151794,-8.165724,-36.151762,BRIDGE
-8.165622,-35.282370,-8.165563,-35.282427,BRIDGE
-8.165510,-34.927985,-8.165575,-34.928065,BRIDGE
-8.165138,-34.915383,-8.165081,-34.915549,BRIDGE
-8.164955,-34.921010,-8.165094,-34.921056,BRIDGE
-8.163935,-36.158122,-8.163926,-36.158249,BRIDGE
-8.163931,-37.607278,-8.164345,-37.607261,BRIDGE
-8.163334,-35.225710,-8.163334,-35.225768,BRIDGE
-8.163313,-36.145371,-8.163224,-36.145557,BRIDGE
-8.163052,-37.957312,-8.163007,-37.957243,BRIDGE
-8.162278,-34.920532,-8.162319,-34.920375,BRIDGE
-8.162067,-34.929934,-8.159433,-34.927363,BRIDGE
-8.161800,-35.179511,-8.161687,-35.179547,BRIDGE
-8.161303,-37.954688,-8.161247,-37.954603,BRIDGE
-8.161113,-34.992382,-8.160939,-34.992588,BRIDGE
-8.161046,-34.939523,-8.161068,-34.939522,BRIDGE
-8.160856,-34.937933,-8.160893,-34.937927,BRIDGE
-8.160405,-34.936401,-8.160457,-34.936329,BRIDGE
-8.160372,-34.934458,-8.160343,-34.934439,BRIDGE
-8.160130,-34.928306,-8.161929,-34.930080,BRIDGE
-8.160000,-34.969928,-8.159989,-34.969897,BRIDGE
-8.159965,-34.936938,-8.159988,-34.936916,BRIDGE
-8.159852,-34.979075,-8.159766,-34.978628,BRIDGE
-8.159501,-34.932117,-8.159513,-34.932069,BRIDGE
-8.159492,-34.976689,-8.159384,-34.976104,BRIDGE
-8.159433,-34.927363,-8.157738,-34.925268,BRIDGE
-8.159397,-34.979947,-8.159430,-34.980120,BRIDGE
-8.159345,-34.970439,-8.159402,-34.970492,BRIDGE
-8.159195,-37.523868,-8.159400,-37.523761,BRIDGE
-8.158838,-34.913081,-8.158818,-34.913159,BRIDGE
-8.158499,-34.975531,-8.158572,-34.975906,BRIDGE
-8.157981,-34.936595,-8.157989,-34.936554,BRIDGE
-8.157633,-34.925422,-8.160130,-34.928306,BRIDGE
-8.157617,-34.971235,-8.157634,-34.971317,TUNNEL
-8.156740,-35.229624,-8.156677,-35.229641,BRIDGE
-8.156143,-35.423530,-8.156231,-35.423780,BRIDGE
-8.156011,-39.215700,-8.155830,-39.215378,BRIDGE
-8.155445,-35.425420,-8.155384,-35.425348,BRIDGE
-8.154919,-34.949902,-8.154817,-34.950371,BRIDGE
-8.154844,-34.911291,-8.154900,-34.911172,BRIDGE
-8.154321,-34.959894,-8.154368,-34.960057,BRIDGE
-8.154282,-34.936408,-8.154162,-34.936392,BRIDGE
-8.154101,-34.919956,-8.154231,-34.919772,TUNNEL
-8.154046,-34.936877,-8.154138,-34.936943,BRIDGE
-8.153882,-34.936143,-8.153945,-34.936059,BRIDGE
-8.152124,-34.935209,-8.152263,-34.935118,BRIDGE
-8.152068,-34.935216,-8.151965,-34.935099,BRIDGE
-8.151842,-34.952395,-8.151899,-34.952328,BRIDGE
-8.151358,-34.917043,-8.151394,-34.917000,BRIDGE
-8.151160,-35.397793,-8.151003,-35.397753,BRIDGE
-8.151117,-39.290478,-8.151760,-39.290557,BRIDGE
-8.150864,-34.916626,-8.150896,-34.916589,BRIDGE
-8.150596,-34.916324,-8.150569,-34.916356,BRIDGE
-8.150553,-34.909277,-8.150596,-34.909160,BRIDGE
-8.149791,-34.962968,-8.149942,-34.962908,BRIDGE
-8.149777,-34.919391,-8.149853,-34.918933,BRIDGE
-8.149581,-35.218288,-8.149636,-35.218410,BRIDGE
-8.149317,-34.932868,-8.149272,-34.932858,BRIDGE
-8.148015,-35.216198,-8.148192,-35.216118,BRIDGE
-8.147801,-35.397501,-8.148010,-35.397659,BRIDGE
-8.147304,-35.405527,-8.147969,-35.405324,BRIDGE
-8.147130,-35.397539,-8.147099,-35.397096,BRIDGE
-8.146980,-35.397115,-8.147015,-35.397539,BRIDGE
-8.145454,-35.524152,-8.145281,-35.524174,BRIDGE
-8.144678,-35.057551,-8.144743,-35.057529,BRIDGE
-8.144620,-34.967558,-8.144698,-34.967777,BRIDGE
-8.144345,-34.906522,-8.144431,-34.906352,BRIDGE
-8.144313,-34.915689,-8.144472,-34.915737,BRIDGE
-8.143763,-34.917062,-8.143659,-34.916994,BRIDGE
-8.143742,-35.310549,-8.143622,-35.309922,BRIDGE
-8.143578,-34.914658,-8.143617,-34.914564,BRIDGE
-8.143469,-35.309928,-8.143589,-35.310569,BRIDGE
-8.143428,-34.905948,-8.143370,-34.906090,BRIDGE
-8.143325,-35.394665,-8.143105,-35.394796,BRIDGE
-8.143282,-34.917962,-8.143093,-34.917929,BRIDGE
-8.143253,-34.917681,-8.143362,-34.917741,BRIDGE
-8.143076,-34.962026,-8.142986,-34.962116,BRIDGE
-8.143038,-34.918087,-8.143203,-34.918119,BRIDGE
-8.142620,-35.390344,-8.142591,-35.390267,BRIDGE
-8.142241,-34.917403,-8.141990,-34.918342,TUNNEL
-8.142187,-34.919893,-8.142407,-34.919801,BRIDGE
-8.142082,-34.918361,-8.142327,-34.917429,TUNNEL
-8.141875,-35.863249,-8.141844,-35.863210,BRIDGE
-8.141798,-35.392865,-8.141706,-35.393000,BRIDGE
-8.141780,-34.912010,-8.141855,-34.911856,BRIDGE
-8.141523,-34.924086,-8.141365,-34.924077,BRIDGE
-8.141466,-37.470804,-8.142034,-37.470330,BRIDGE
-8.141209,-35.052958,-8.141285,-35.052912,BRIDGE
-8.141204,-34.933668,-8.141307,-34.933759,BRIDGE
-8.141015,-34.911355,-8.140926,-34.911551,BRIDGE
-8.139777,-34.934935,-8.139881,-34.935050,BRIDGE
-8.139389,-34.935496,-8.139283,-34.935364,BRIDGE
-8.139371,-34.967640,-8.139319,-34.967620,BRIDGE
-8.138581,-34.903987,-8.138503,-34.904232,BRIDGE
-8.138553,-35.399316,-8.138736,-35.399200,BRIDGE
-8.138478,-35.271653,-8.138545,-35.271640,BRIDGE
-8.138442,-34.966733,-8.138387,-34.966671,BRIDGE
-8.138415,-35.857611,-8.138341,-35.857454,BRIDGE
-8.138130,-35.332369,-8.137943,-35.332743,BRIDGE
-8.138056,-35.332804,-8.138276,-35.332338,BRIDGE
-8.137945,-35.298039,-8.138217,-35.297921,TUNNEL
-8.137665,-34.940248,-8.137721,-34.940242,BRIDGE
-8.137576,-34.938873,-8.137521,-34.938871,BRIDGE
-8.137553,-34.908459,-8.137505,-34.908183,BRIDGE
-8.137410,-34.938318,-8.137440,-34.938280,BRIDGE
-8.137220,-35.043980,-8.137276,-35.044107,BRIDGE
-8.137088,-34.937649,-8.137003,-34.937702,BRIDGE
-8.136949,-34.956571,-8.136978,-34.956478,BRIDGE
-8.136514,-34.903563,-8.136572,-34.903389,BRIDGE
-8.136401,-34.954579,-8.136220,-34.954620,BRIDGE
-8.136294,-37.475161,-8.136549,-37.474943,BRIDGE
-8.136213,-40.287330,-8.136292,-40.287310,BRIDGE
-8.135958,-35.041223,-8.136009,-35.041308,BRIDGE
-8.135821,-34.908552,-8.135746,-34.908255,BRIDGE
-8.135721,-36.286639,-8.135650,-36.286825,BRIDGE
-8.135498,-35.387398,-8.135461,-35.387275,BRIDGE
-8.135410,-34.916958,-8.135971,-34.916240,BRIDGE
-8.135300,-34.957359,-8.135305,-34.957260,BRIDGE
-8.135291,-35.035029,-8.135270,-35.034885,BRIDGE
-8.134995,-35.856415,-8.134756,-35.856423,BRIDGE
-8.134953,-35.039420,-8.135021,-35.039531,BRIDGE
-8.134853,-37.490303,-8.134931,-37.489841,BRIDGE
-8.134480,-35.308652,-8.134543,-35.308723,BRIDGE
-8.134385,-35.036883,-8.134338,-35.036914,BRIDGE
-8.134334,-35.860293,-8.134375,-35.860285,BRIDGE
-8.134250,-35.859084,-8.134309,-35.859088,BRIDGE
-8.134068,-35.848122,-8.133875,-35.847706,BRIDGE
-8.133849,-34.984905,-8.134063,-34.984930,BRIDGE
-8.133698,-35.854029,-8.133649,-35.854021,BRIDGE
-8.133604,-36.312831,-8.133624,-36.312961,BRIDGE
-8.132967,-34.902731,-8.132921,-34.902604,BRIDGE
-8.132928,-34.948763,-8.132966,-34.948735,BRIDGE
-8.132774,-34.910876,-8.132807,-34.911105,BRIDGE
-8.132770,-34.981910,-8.132753,-34.981830,BRIDGE
-8.132605,-35.414912,-8.132719,-35.414874,BRIDGE
-8.132548,-34.917486,-8.132656,-34.916938,BRIDGE
-8.132321,-34.948371,-8.132261,-34.948302,BRIDGE
-8.131728,-34.902548,-8.131666,-34.902746,BRIDGE
-8.131445,-35.415962,-8.131517,-35.415848,BRIDGE
-8.130802,-35.019223,-8.130750,-35.019117,BRIDGE
-8.130653,-34.948524,-8.130674,-34.948426,BRIDGE
-8.130646,-34.991424,-8.130573,-34.991184,BRIDGE
-8.130638,-34.991086,-8.130703,-34.991047,BRIDGE
-8.130637,-34.915461,-8.130392,-34.915376,BRIDGE
-8.130608,-35.018155,-8.130690,-35.018114,BRIDGE
-8.130581,-34.917237,-8.130328,-34.918155,BRIDGE
-8.130392,-34.915376,-8.130668,-34.916274,BRIDGE
-8.130328,-34.918155,-8.132548,-34.917486,BRIDGE
-8.129889,-34.956490,-8.129866,-34.956546,BRIDGE
-8.129732,-34.958624,-8.129761,-34.958499,BRIDGE
-8.129085,-35.351507,-8.128535,-35.351347,BRIDGE
-8.128996,-35.282131,-8.128035,-35.281631,BRIDGE
-8.128705,-35.010236,-8.128538,-35.010306,BRIDGE
-8.128511,-34.901735,-8.129106,-34.902021,BRIDGE
-8.128071,-39.625970,-8.127815,-39.625948,BRIDGE
-8.127699,-37.451030,-8.127996,-37.451191,BRIDGE
-8.127564,-34.992734,-8.127714,-34.992636,BRIDGE
-8.127159,-37.218969,-8.127283,-37.218513,BRIDGE
-8.126950,-34.960605,-8.126937,-34.960538,BRIDGE
-8.126878,-34.993508,-8.126924,-34.993508,BRIDGE
-8.126748,-34.910091,-8.126690,-34.909851,BRIDGE
-8.126429,-34.960761,-8.126414,-34.960707,BRIDGE
-8.126009,-34.950109,-8.126006,-34.950049,BRIDGE
-8.125387,-35.296197,-8.125651,-35.295826,BRIDGE
-8.125242,-34.960584,-8.125263,-34.960513,BRIDGE
-8.124933,-34.909627,-8.122201,-34.909335,TUNNEL
-8.124452,-34.901573,-8.124476,-34.901443,BRIDGE
-8.124355,-34.950299,-8.124349,-34.950168,BRIDGE
-8.123359,-34.901359,-8.123339,-34.901505,BRIDGE
-8.123315,-34.912603,-8.124088,-34.909410,BRIDGE
-8.123275,-34.911361,-8.123713,-34.909995,BRIDGE
-8.123177,-34.909140,-8.123240,-34.910015,BRIDGE
-8.123161,-34.912826,-8.122718,-34.914922,BRIDGE
-8.123147,-34.911902,-8.122718,-34.914922,BRIDGE
-8.123147,-34.911902,-8.122736,-34.914057,BRIDGE
-8.123108,-34.914127,-8.123315,-34.912603,BRIDGE
-8.123070,-34.909189,-8.123147,-34.911902,BRIDGE
-8.122866,-35.294505,-8.122824,-35.293663,BRIDGE
-8.122858,-35.354998,-8.123059,-35.354774,BRIDGE
-8.122786,-34.915172,-8.123206,-34.912832,BRIDGE
-8.122786,-34.915172,-8.123315,-34.912603,BRIDGE
-8.122734,-34.915406,-8.122786,-34.915172,BRIDGE
-8.122718,-34.914922,-8.122640,-34.915332,BRIDGE
-8.122517,-34.950325,-8.122526,-34.950455,BRIDGE
-8.122445,-35.005992,-8.122324,-35.005972,BRIDGE
-8.122246,-34.909880,-8.124496,-34.909963,TUNNEL
-8.122128,-35.284267,-8.122043,-35.284311,BRIDGE
-8.122083,-34.921789,-8.122090,-34.921808,BRIDGE
-8.122019,-35.263129,-8.121967,-35.263107,BRIDGE
-8.121563,-34.909450,-8.121564,-34.909712,BRIDGE
-8.121467,-35.041679,-8.121458,-35.041741,BRIDGE
-8.121354,-34.901364,-8.121370,-34.901193,BRIDGE
-8.121226,-35.097016,-8.121411,-35.097043,BRIDGE
-8.121088,-34.934071,-8.121180,-34.934066,BRIDGE
-8.120933,-34.935609,-8.120870,-34.935562,BRIDGE
-8.120929,-35.317806,-8.120976,-35.317875,BRIDGE
-8.120031,-35.321292,-8.119866,-35.320858,BRIDGE
-8.119787,-35.288174,-8.120308,-35.288097,BRIDGE
-8.119655,-34.906609,-8.119804,-34.906630,BRIDGE
-8.119585,-35.106111,-8.119385,-35.106065,BRIDGE
-8.119518,-34.942883,-8.119082,-34.942998,BRIDGE
-8.119447,-34.901236,-8.119493,-34.901060,BRIDGE
-8.119243,-35.297993,-8.119206,-35.297932,BRIDGE
-8.119173,-34.943145,-8.119588,-34.943024,BRIDGE
-8.119130,-34.937507,-8.119035,-34.937644,BRIDGE
-8.118947,-37.215767,-8.118827,-37.216191,BRIDGE
-8.118822,-34.902528,-8.119183,-34.902510,BRIDGE
-8.118687,-35.046461,-8.118663,-35.046536,BRIDGE
-8.118491,-34.937667,-8.118430,-34.937757,BRIDGE
-8.118411,-34.903111,-8.118822,-34.902528,BRIDGE
-8.118226,-35.232348,-8.118065,-35.233025,BRIDGE
-8.118064,-35.233294,-8.118339,-35.232527,BRIDGE
-8.117914,-35.262600,-8.118225,-35.262403,BRIDGE
-8.117821,-34.994681,-8.117848,-34.994623,BRIDGE
-8.117502,-34.900879,-8.117429,-34.901033,BRIDGE
-8.117440,-35.108406,-8.117333,-35.108373,BRIDGE
-8.117344,-35.313928,-8.117284,-35.313649,BRIDGE
-8.116975,-35.513547,-8.116967,-35.513505,BRIDGE
-8.116680,-35.296883,-8.116635,-35.296841,BRIDGE
-8.116635,-35.296841,-8.116545,-35.296763,BRIDGE
-8.116592,-39.220509,-8.116774,-39.220149,BRIDGE
-8.116236,-34.902161,-8.116126,-34.902113,TUNNEL
-8.116126,-34.902113,-8.116191,-34.901981,TUNNEL
-8.116102,-34.938659,-8.116039,-34.938621,BRIDGE
-8.116022,-34.978279,-8.115878,-34.978192,BRIDGE
-8.115965,-35.268428,-8.115978,-35.268345,BRIDGE
-8.115940,-35.030736,-8.116186,-35.030743,BRIDGE
-8.115806,-35.120472,-8.116053,-35.120559,BRIDGE
-8.115294,-34.900643,-8.115367,-34.900502,BRIDGE
-8.115120,-35.059238,-8.115102,-35.059119,BRIDGE
-8.115061,-34.900438,-8.112604,-34.900140,BRIDGE
-8.114680,-39.138953,-8.114631,-39.139070,BRIDGE
-8.114665,-35.124553,-8.114028,-35.124801,BRIDGE
-8.114499,-35.022773,-8.114130,-35.022828,BRIDGE
-8.114339,-34.902688,-8.114231,-34.902894,BRIDGE
-8.114300,-35.024824,-8.113995,-35.024767,BRIDGE
-8.114179,-34.902870,-8.114296,-34.902639,BRIDGE
-8.114133,-35.283316,-8.114162,-35.282960,BRIDGE
-8.113988,-34.902445,-8.112618,-34.901824,BRIDGE
-8.113931,-35.017448,-8.114180,-35.017398,BRIDGE
-8.113909,-35.129974,-8.114021,-35.129476,BRIDGE
-8.113877,-35.129474,-8.113777,-35.129967,BRIDGE
-8.113860,-34.940702,-8.113782,-34.940699,BRIDGE
-8.113840,-34.941162,-8.113782,-34.941161,BRIDGE
-8.113813,-35.007232,-8.113326,-35.007206,BRIDGE
-8.113751,-34.941594,-8.113811,-34.941599,BRIDGE
-8.113742,-34.942964,-8.113680,-34.942965,BRIDGE
-8.113722,-34.942051,-8.113793,-34.942049,BRIDGE
-8.113711,-34.942503,-8.113767,-34.942502,BRIDGE
-8.113648,-34.943414,-8.113717,-34.943416,BRIDGE
-8.113595,-35.014992,-8.113309,-35.015018,BRIDGE
-8.113572,-34.943850,-8.113629,-34.943851,BRIDGE
-8.113482,-38.727203,-8.114162,-38.727201,BRIDGE
-8.113414,-34.944316,-8.113449,-34.944318,BRIDGE
-8.113340,-34.900166,-8.113226,-34.900373,BRIDGE
-8.113308,-34.944699,-8.113348,-34.944704,BRIDGE
-8.113089,-34.946218,-8.113072,-34.946210,BRIDGE
-8.113055,-34.945768,-8.113023,-34.945778,BRIDGE
-8.112911,-35.007179,-8.112650,-35.007170,BRIDGE
-8.112618,-34.901824,-8.112098,-34.901568,BRIDGE
-8.112610,-34.902157,-8.115248,-34.903826,BRIDGE
-8.112609,-34.901664,-8.112496,-34.901907,BRIDGE
-8.112604,-34.900140,-8.111418,-34.900000,BRIDGE
-8.112505,-34.901486,-8.112320,-34.901538,BRIDGE
-8.112320,-34.901538,-8.111108,-34.900732,BRIDGE
-8.112146,-35.289751,-8.112108,-35.290245,BRIDGE
-8.112098,-34.901568,-8.109249,-34.898784,BRIDGE
-8.111870,-35.013509,-8.111886,-35.013838,BRIDGE
-8.111424,-35.835648,-8.111387,-35.835556,BRIDGE
-8.111268,-35.016269,-8.110964,-35.016301,BRIDGE
-8.111093,-34.994481,-8.110952,-34.994262,BRIDGE
-8.110806,-34.994024,-8.110711,-34.993866,BRIDGE
-8.110732,-35.008646,-8.110715,-35.008807,BRIDGE
-8.110711,-34.993866,-8.110668,-34.993795,BRIDGE
-8.110629,-34.900608,-8.112145,-34.901688,BRIDGE
-8.110322,-34.899509,-8.109655,-34.899060,BRIDGE
-8.110314,-34.936778,-8.110367,-34.936842,BRIDGE
-8.109883,-34.899515,-8.112610,-34.902157,BRIDGE
-8.109883,-34.899515,-8.115025,-34.900597,BRIDGE
-8.109756,-34.995869,-8.109950,-34.996058,BRIDGE
-8.109655,-34.899060,-8.109249,-34.898784,BRIDGE
-8.109540,-36.020745,-8.109443,-36.020909,BRIDGE
-8.109414,-35.011406,-8.109313,-35.011339,BRIDGE
-8.109308,-34.994414,-8.109254,-34.994357,BRIDGE
-8.109285,-34.916090,-8.109310,-34.916016,BRIDGE
-8.109249,-34.898784,-8.107707,-34.894261,BRIDGE
-8.109044,-35.192032,-8.107649,-35.185980,BRIDGE
-8.108856,-34.999544,-8.108662,-34.999296,BRIDGE
-8.108636,-34.999344,-8.108816,-34.999568,BRIDGE
-8.108568,-34.994812,-8.108571,-34.994954,BRIDGE
-8.108555,-36.020265,-8.108819,-36.020008,BRIDGE
-8.108498,-36.019649,-8.108227,-36.019919,BRIDGE
-8.108344,-35.012436,-8.108391,-35.012514,BRIDGE
-8.107987,-34.897304,-8.107858,-34.897383,BRIDGE
-8.107984,-34.916041,-8.107957,-34.916010,BRIDGE
-8.107940,-34.931414,-8.108045,-34.931416,BRIDGE
-8.107840,-34.930999,-8.108052,-34.930977,BRIDGE
-8.107837,-35.012969,-8.107763,-35.012972,BRIDGE
-8.107827,-34.894639,-8.107920,-34.894430,BRIDGE
-8.107752,-34.930669,-8.107887,-34.930651,BRIDGE
-8.107707,-34.894261,-8.105422,-34.891557,BRIDGE
-8.107660,-34.996682,-8.107626,-34.996610,BRIDGE
-8.107629,-34.930223,-8.107810,-34.930178,BRIDGE
-8.107628,-39.635659,-8.107496,-39.635480,BRIDGE
-8.107618,-35.186193,-8.109024,-35.192453,BRIDGE
-8.107477,-35.003442,-8.107870,-35.003359,BRIDGE
-8.106582,-34.924564,-8.106592,-34.924641,BRIDGE
-8.106547,-35.271477,-8.106640,-35.271473,BRIDGE
-8.105767,-35.018805,-8.105639,-35.018563,BRIDGE
-8.105760,-35.005393,-8.105777,-35.005469,BRIDGE
-8.105422,-34.891557,-8.104561,-34.890802,BRIDGE
-8.105201,-34.891770,-8.109883,-34.899515,BRIDGE
-8.105201,-34.891770,-8.105422,-34.891557,BRIDGE
-8.105178,-35.014274,-8.105149,-35.014190,BRIDGE
-8.104591,-34.890971,-8.105201,-34.891770,BRIDGE
-8.104561,-34.890802,-8.099772,-34.889478,BRIDGE
-8.104359,-34.935091,-8.104377,-34.935276,BRIDGE
-8.103871,-34.917363,-8.103826,-34.917515,BRIDGE
-8.103608,-38.359875,-8.103483,-38.359736,BRIDGE
-8.102961,-34.915079,-8.103005,-34.915084,BRIDGE
-8.102840,-34.914766,-8.102829,-34.914741,BRIDGE
-8.102730,-40.562834,-8.102701,-40.562754,BRIDGE
-8.102718,-34.889327,-8.104591,-34.890971,BRIDGE
-8.102661,-34.936083,-8.102655,-34.936130,BRIDGE
-8.102648,-35.836097,-8.102674,-35.836144,BRIDGE
-8.102560,-34.927785,-8.102221,-34.927829,BRIDGE
-8.102255,-34.927963,-8.102573,-34.927922,BRIDGE
-8.101946,-35.274007,-8.101518,-35.274207,BRIDGE
-8.101534,-34.914527,-8.101581,-34.914536,BRIDGE
-8.101416,-40.106535,-8.101124,-40.106283,BRIDGE
-8.101354,-34.936034,-8.101362,-34.936118,BRIDGE
-8.101317,-34.917044,-8.101371,-34.917170,BRIDGE
-8.100977,-34.968782,-8.101189,-34.968685,BRIDGE
-8.100899,-37.213994,-8.101345,-37.213938,BRIDGE
-8.100819,-39.590958,-8.100967,-39.591103,TUNNEL
-8.100566,-35.519145,-8.100570,-35.519016,BRIDGE
-8.099799,-34.889458,-8.099605,-34.889980,BRIDGE
-8.099772,-34.889478,-8.099125,-34.890137,BRIDGE
-8.099687,-39.570475,-8.099624,-39.570485,TUNNEL
-8.099628,-39.603831,-8.099894,-39.603849,TUNNEL
-8.099272,-35.260834,-8.099661,-35.260884,BRIDGE
-8.099125,-34.890137,-8.097215,-34.890731,BRIDGE
-8.099087,-34.936770,-8.099091,-34.936680,BRIDGE
-8.097660,-34.936810,-8.097654,-34.936725,BRIDGE
-8.097296,-37.213632,-8.097726,-37.213763,BRIDGE
-8.097216,-34.890809,-8.102284,-34.889282,BRIDGE
-8.096549,-34.937377,-8.096554,-34.937514,BRIDGE
-8.096420,-35.018644,-8.096456,-35.018704,BRIDGE
-8.096090,-34.919575,-8.094387,-34.921828,BRIDGE
-8.096007,-34.966426,-8.096081,-34.966341,BRIDGE
-8.095521,-39.124873,-8.096408,-39.124844,BRIDGE
-8.095493,-34.965595,-8.095415,-34.965640,BRIDGE
-8.095223,-36.223020,-8.095348,-36.222965,BRIDGE
-8.095176,-34.965305,-8.095234,-34.965277,BRIDGE
-8.094852,-34.948502,-8.094656,-34.948371,BRIDGE
-8.094605,-34.964216,-8.094668,-34.964171,BRIDGE
-8.094567,-34.948523,-8.094736,-34.948641,BRIDGE
-8.094541,-35.039272,-8.094483,-35.038798,BRIDGE
-8.094334,-35.038801,-8.094375,-35.039317,BRIDGE
-8.094329,-35.037380,-8.094281,-35.036686,BRIDGE
-8.094136,-35.036693,-8.094213,-35.037380,BRIDGE
-8.093821,-34.916556,-8.093965,-34.916549,BRIDGE
-8.093694,-34.962997,-8.093710,-34.962975,BRIDGE
-8.093675,-34.963027,-8.093694,-34.962997,BRIDGE
-8.093236,-39.590411,-8.092673,-39.591181,BRIDGE
-8.093118,-34.918064,-8.093312,-34.918127,BRIDGE
-8.092975,-34.948442,-8.093118,-34.948489,BRIDGE
-8.092946,-34.959483,-8.092892,-34.959499,BRIDGE
-8.092940,-34.960916,-8.092877,-34.960872,BRIDGE
-8.092800,-34.961688,-8.092901,-34.961611,BRIDGE
-8.092594,-34.952517,-8.092344,-34.952358,BRIDGE
-8.092564,-34.946867,-8.092339,-34.947410,BRIDGE
-8.092219,-35.022841,-8.092166,-35.022779,BRIDGE
-8.092194,-39.587888,-8.091794,-39.588758,BRIDGE
-8.092025,-34.923133,-8.092085,-34.923183,BRIDGE
-8.091753,-37.587234,-8.091830,-37.586297,BRIDGE
-8.091498,-40.219943,-8.091421,-40.219974,BRIDGE
-8.091380,-34.924450,-8.091317,-34.924409,BRIDGE
-8.091310,-37.286932,-8.090897,-37.286887,BRIDGE
-8.091173,-35.023881,-8.091079,-35.023901,BRIDGE
-8.091100,-34.894186,-8.088853,-34.891616,BRIDGE
-8.091041,-34.957756,-8.090967,-34.957479,BRIDGE
-8.090822,-34.961390,-8.090731,-34.961211,BRIDGE
-8.090576,-34.925202,-8.090667,-34.925083,BRIDGE
-8.090573,-34.907472,-8.090516,-34.907712,TUNNEL
-8.090523,-34.925211,-8.090661,-34.925230,BRIDGE
-8.090510,-35.024217,-8.090502,-35.023843,BRIDGE
-8.090349,-35.023866,-8.090352,-35.024240,BRIDGE
-8.089868,-34.946687,-8.089138,-34.946717,BRIDGE
-8.089585,-34.926414,-8.089459,-34.926450,BRIDGE
-8.089520,-39.394799,-8.089778,-39.394744,TUNNEL
-8.089458,-35.024424,-8.089460,-35.024360,BRIDGE
-8.089453,-37.644868,-8.089569,-37.644630,BRIDGE
-8.089357,-34.962245,-8.089156,-34.962244,BRIDGE
-8.089166,-34.946888,-8.089866,-34.946863,BRIDGE
-8.089113,-34.969638,-8.089153,-34.969537,BRIDGE
-8.089036,-34.951000,-8.089607,-34.950753,BRIDGE
-8.089007,-34.927594,-8.088915,-34.927490,BRIDGE
-8.088895,-39.431481,-8.088953,-39.430891,BRIDGE
-8.088853,-34.891616,-8.088286,-34.889930,BRIDGE
-8.088819,-34.891706,-8.091066,-34.894259,BRIDGE
-8.088578,-37.213850,-8.088746,-37.214116,BRIDGE
-8.088571,-34.928014,-8.088518,-34.927965,BRIDGE
-8.088551,-34.965144,-8.088356,-34.965162,BRIDGE
-8.088159,-34.891482,-8.088819,-34.891706,BRIDGE
-8.088154,-34.971770,-8.088223,-34.971682,BRIDGE
-8.088098,-34.928399,-8.088039,-34.928327,BRIDGE
-8.087909,-39.440234,-8.087751,-39.440249,BRIDGE
-8.087674,-37.780883,-8.087845,-37.780591,BRIDGE
-8.087156,-34.930565,-8.086778,-34.930945,BRIDGE
-8.087105,-34.984618,-8.087039,-34.984683,BRIDGE
-8.086970,-34.888279,-8.085537,-34.886775,TUNNEL
-8.086885,-34.902408,-8.086032,-34.904153,BRIDGE
-8.086840,-34.931038,-8.087232,-34.930666,BRIDGE
-8.086788,-35.025222,-8.086750,-35.025145,BRIDGE
-8.086778,-34.930945,-8.086255,-34.931413,BRIDGE
-8.086613,-34.941786,-8.086529,-34.941881,TUNNEL
-8.086486,-39.126576,-8.087063,-39.126420,BRIDGE
-8.086314,-34.931499,-8.086840,-34.931038,BRIDGE
-8.086135,-35.080266,-8.086152,-35.080064,BRIDGE
-8.086124,-35.090059,-8.086236,-35.090084,BRIDGE
-8.085830,-34.983288,-8.085774,-34.983345,BRIDGE
-8.085427,-40.503669,-8.085346,-40.503640,BRIDGE
-8.085393,-39.603449,-8.085239,-39.603796,BRIDGE
-8.085384,-34.890621,-8.086289,-34.891006,BRIDGE
-8.085381,-35.025643,-8.085437,-35.025680,BRIDGE
-8.085334,-34.940562,-8.085266,-34.940440,BRIDGE
-8.085250,-34.973014,-8.085444,-34.972867,BRIDGE
-8.085003,-35.025573,-8.084964,-35.025501,BRIDGE
-8.084863,-34.932051,-8.084608,-34.932156,BRIDGE
-8.084835,-34.890331,-8.085504,-34.891941,BRIDGE
-8.084835,-34.890331,-8.085752,-34.890671,BRIDGE
-8.084643,-34.932247,-8.084899,-34.932139,BRIDGE
-8.084600,-35.510174,-8.084463,-35.510314,BRIDGE
-8.084511,-35.025838,-8.084474,-35.025765,BRIDGE
-8.084328,-40.418719,-8.084286,-40.418872,BRIDGE
-8.084243,-34.906924,-8.083262,-34.906699,BRIDGE
-8.084009,-37.278136,-8.083069,-37.279091,BRIDGE
-8.083825,-34.888243,-8.080838,-34.891095,BRIDGE
-8.083724,-34.888229,-8.080791,-34.891037,BRIDGE
-8.083656,-34.925299,-8.083756,-34.925462,BRIDGE
-8.083391,-40.217734,-8.082743,-40.217425,BRIDGE
-8.083245,-34.906794,-8.084222,-34.907030,BRIDGE
-8.083028,-34.978956,-8.082688,-34.979091,BRIDGE
-8.083026,-34.941595,-8.083129,-34.941675,BRIDGE
-8.082981,-37.535829,-8.082976,-37.535646,BRIDGE
-8.082976,-34.934063,-8.082908,-34.933845,BRIDGE
-8.082756,-34.952067,-8.082870,-34.952016,BRIDGE
-8.082751,-34.890839,-8.084835,-34.890331,BRIDGE
-8.082751,-34.890839,-8.084513,-34.889274,BRIDGE
-8.082671,-34.908850,-8.083875,-34.909121,BRIDGE
-8.082489,-34.995915,-8.082274,-34.995578,BRIDGE
-8.082144,-34.995687,-8.082346,-34.996019,BRIDGE
-8.082038,-34.951309,-8.082057,-34.951254,BRIDGE
-8.081958,-35.035158,-8.081932,-35.035092,BRIDGE
-8.081797,-39.399785,-8.081508,-39.398658,BRIDGE
-8.081788,-34.942292,-8.081738,-34.942179,BRIDGE
-8.081704,-37.472618,-8.081708,-37.472388,BRIDGE
-8.081642,-37.266657,-8.082208,-37.266537,BRIDGE
-8.081641,-39.066152,-8.081566,-39.066110,BRIDGE
-8.081521,-37.381489,-8.082021,-37.381605,BRIDGE
-8.081334,-34.892031,-8.082751,-34.890839,BRIDGE
-8.081019,-39.400606,-8.080743,-39.399562,BRIDGE
-8.080991,-34.921017,-8.080994,-34.921037,BRIDGE
-8.080942,-37.430384,-8.080936,-37.430193,BRIDGE
-8.080588,-34.942530,-8.081103,-34.943729,BRIDGE
-8.080567,-34.990858,-8.080972,-34.990991,BRIDGE
-8.080131,-34.991712,-8.079842,-34.990341,BRIDGE
-8.080033,-34.981006,-8.079951,-34.981062,BRIDGE
-8.079998,-34.942870,-8.079958,-34.942814,BRIDGE
-8.079906,-34.942822,-8.079900,-34.942851,BRIDGE
-8.079773,-34.902258,-8.079537,-34.901524,BRIDGE
-8.079731,-34.990393,-8.080023,-34.991739,BRIDGE
-8.079695,-34.978884,-8.079764,-34.978830,BRIDGE
-8.079517,-34.896650,-8.079501,-34.896578,TUNNEL
-8.079396,-34.902273,-8.079241,-34.901817,BRIDGE
-8.079295,-34.901788,-8.079468,-34.902258,BRIDGE
-8.079233,-34.944770,-8.079348,-34.944784,BRIDGE
-8.078882,-34.892002,-8.076835,-34.892668,BRIDGE
-8.078864,-34.946055,-8.078969,-34.946075,BRIDGE
-8.078758,-34.997840,-8.078823,-34.997822,BRIDGE
-8.078610,-34.931686,-8.078157,-34.931491,BRIDGE
-8.078445,-34.902009,-8.078754,-34.902806,BRIDGE
-8.078346,-34.972495,-8.078123,-34.972462,BRIDGE
-8.078119,-34.931615,-8.078566,-34.931806,BRIDGE
-8.078101,-36.439258,-8.077603,-36.439790,BRIDGE
-8.078004,-34.934887,-8.078094,-34.934799,BRIDGE
-8.077943,-34.979537,-8.077611,-34.977657,BRIDGE
-8.077937,-35.839767,-8.077882,-35.839672,BRIDGE
-8.077826,-34.934598,-8.077669,-34.934708,BRIDGE
-8.077717,-34.934788,-8.077873,-34.934688,BRIDGE
-8.077660,-34.941695,-8.077745,-34.941657,BRIDGE
-8.077525,-37.215076,-8.077555,-37.214663,BRIDGE
-8.077523,-35.074031,-8.077432,-35.074075,BRIDGE
-8.077502,-34.977686,-8.077838,-34.979557,BRIDGE
-8.077357,-34.906179,-8.077167,-34.906341,TUNNEL
-8.077306,-34.892630,-8.078909,-34.892106,BRIDGE
-8.077182,-34.931531,-8.077176,-34.931624,BRIDGE
-8.077122,-34.891776,-8.076835,-34.892668,BRIDGE
-8.077003,-34.934609,-8.077007,-34.934748,BRIDGE
-8.076934,-34.939829,-8.076824,-34.939874,BRIDGE
-8.076925,-34.935722,-8.076827,-34.935597,BRIDGE
-8.076835,-34.892668,-8.075657,-34.893053,BRIDGE
-8.076717,-34.937380,-8.076592,-34.937334,BRIDGE
-8.076357,-34.947557,-8.076302,-34.947589,BRIDGE
-8.076206,-34.991921,-8.076195,-34.991839,BRIDGE
-8.075929,-34.932256,-8.075905,-34.932235,BRIDGE
-8.075892,-34.893226,-8.079035,-34.892964,BRIDGE
-8.075717,-34.935638,-8.074708,-34.937905,BRIDGE
-8.075657,-34.893053,-8.070992,-34.895611,BRIDGE
-8.075657,-34.893053,-8.074410,-34.893374,BRIDGE
-8.075393,-34.981023,-8.075615,-34.980980,BRIDGE
-8.075357,-34.893312,-8.077306,-34.892630,BRIDGE
-8.075357,-34.893312,-8.075892,-34.893226,BRIDGE
-8.075226,-34.992311,-8.072235,-34.991660,BRIDGE
-8.075192,-34.941337,-8.074990,-34.944359,BRIDGE
-8.075095,-34.944364,-8.075318,-34.941340,BRIDGE
-8.074956,-34.991318,-8.074936,-34.991399,BRIDGE
-8.074686,-34.936180,-8.074615,-34.936008,BRIDGE
-8.074532,-34.936040,-8.074605,-34.936217,BRIDGE
-8.074460,-35.084840,-8.074639,-35.084799,BRIDGE
-8.074454,-34.913020,-8.074325,-34.913059,BRIDGE
-8.074410,-34.893374,-8.073094,-34.893099,BRIDGE
-8.074291,-34.916495,-8.074191,-34.916467,BRIDGE
-8.074228,-34.918347,-8.074117,-34.918341,BRIDGE
-8.073937,-34.910941,-8.073974,-34.910841,BRIDGE
-8.073641,-34.881915,-8.072048,-34.879162,BRIDGE
-8.073286,-34.894017,-8.075692,-34.893842,BRIDGE
-8.073132,-34.921870,-8.073236,-34.921895,BRIDGE
-8.073130,-37.367884,-8.073607,-37.368539,BRIDGE
-8.072829,-39.672682,-8.072712,-39.672567,TUNNEL
-8.072756,-39.269883,-8.072940,-39.269929,BRIDGE
-8.072571,-34.924148,-8.072661,-34.924144,BRIDGE
-8.072417,-34.909254,-8.072551,-34.909230,BRIDGE
-8.072389,-34.900678,-8.072242,-34.900694,BRIDGE
-8.072212,-34.991760,-8.075234,-34.992391,BRIDGE
-8.072081,-34.907938,-8.071971,-34.907956,BRIDGE
-8.072036,-34.890630,-8.069150,-34.890650,BRIDGE
-8.071989,-34.879106,-8.071900,-34.880180,BRIDGE
-8.071908,-34.879406,-8.071953,-34.879365,BRIDGE
-8.071900,-34.880180,-8.073566,-34.881934,BRIDGE
-8.071751,-34.986263,-8.071663,-34.986206,BRIDGE
-8.071707,-35.033826,-8.071690,-35.033822,BRIDGE
-8.071663,-34.986206,-8.071600,-34.986193,BRIDGE
-8.071555,-34.902313,-8.071603,-34.902361,BRIDGE
-8.071495,-39.122642,-8.071403,-39.122634,BRIDGE
-8.071233,-34.880642,-8.071900,-34.880180,BRIDGE
-8.071223,-37.257135,-8.070933,-37.257483,BRIDGE
-8.071169,-34.938841,-8.071001,-34.938864,BRIDGE
-8.071047,-34.895722,-8.075357,-34.893312,BRIDGE
-8.070675,-39.124177,-8.070790,-39.124315,BRIDGE
-8.070205,-34.937472,-8.070160,-34.937375,BRIDGE
-8.070100,-39.172713,-8.070208,-39.172318,BRIDGE
-8.069724,-34.896413,-8.065848,-34.896998,BRIDGE
-8.069706,-34.941718,-8.067513,-34.939999,BRIDGE
-8.069600,-39.124955,-8.069545,-39.124892,BRIDGE
-8.069553,-34.989191,-8.069548,-34.989297,BRIDGE
-8.069534,-34.875036,-8.069490,-34.875118,TUNNEL
-8.069534,-34.875036,-8.069640,-34.875188,TUNNEL
-8.069230,-35.093668,-8.069184,-35.093622,BRIDGE
-8.069163,-39.239766,-8.069020,-39.239791,TUNNEL
-8.069156,-34.890721,-8.072036,-34.890688,BRIDGE
-8.069029,-34.874791,-8.069534,-34.875036,TUNNEL
-8.068856,-34.919930,-8.068838,-34.920002,BRIDGE
-8.068357,-39.129145,-8.068241,-39.129204,BRIDGE
-8.068353,-39.125977,-8.068485,-39.125948,BRIDGE
-8.068304,-39.126729,-8.068200,-39.126727,BRIDGE
-8.068247,-39.128261,-8.068370,-39.128217,BRIDGE
-8.068227,-39.127681,-8.068298,-39.127669,BRIDGE
-8.068068,-35.971303,-8.067832,-35.971302,BRIDGE
-8.068048,-34.874551,-8.066636,-34.873461,BRIDGE
-8.068025,-34.900188,-8.067218,-34.900886,BRIDGE
-8.068021,-34.938447,-8.068091,-34.938457,BRIDGE
-8.068014,-34.939709,-8.068031,-34.939711,BRIDGE
-8.067918,-34.944936,-8.066278,-34.940893,BRIDGE
-8.067861,-34.961535,-8.067894,-34.961081,BRIDGE
-8.067554,-39.219503,-8.067462,-39.219520,TUNNEL
-8.067416,-34.940327,-8.067771,-34.940718,BRIDGE
-8.067153,-34.991605,-8.066974,-34.991577,BRIDGE
-8.066813,-35.147331,-8.066810,-35.147153,BRIDGE
-8.066589,-34.873515,-8.067997,-34.874615,BRIDGE
-8.066583,-34.897948,-8.066603,-34.897778,BRIDGE
-8.066156,-34.940998,-8.067791,-34.944942,BRIDGE
-8.065855,-34.897139,-8.069752,-34.896536,BRIDGE
-8.065743,-34.943486,-8.063062,-34.944185,BRIDGE
-8.065651,-34.884447,-8.064838,-34.884997,BRIDGE
-8.065591,-34.991362,-8.065385,-34.991331,BRIDGE
-8.065440,-34.908078,-8.065308,-34.908060,BRIDGE
-8.065323,-34.942809,-8.065085,-34.942755,BRIDGE
-8.065098,-34.908996,-8.065202,-34.908983,BRIDGE
-8.065082,-34.963045,-8.065181,-34.963249,BRIDGE
-8.064932,-34.909182,-8.065086,-34.909152,BRIDGE
-8.064774,-34.897461,-8.065092,-34.897320,BRIDGE
-8.064649,-34.990260,-8.064651,-34.989846,BRIDGE
-8.064568,-34.941805,-8.064561,-34.941559,BRIDGE
-8.064557,-34.989849,-8.064555,-34.990260,BRIDGE
-8.064493,-34.904326,-8.064458,-34.904258,BRIDGE
-8.064234,-34.942174,-8.066578,-34.942965,BRIDGE
-8.064069,-34.876143,-8.063778,-34.874514,BRIDGE
-8.063966,-37.251022,-8.063921,-37.251116,BRIDGE
-8.063948,-34.912041,-8.063819,-34.912001,BRIDGE
-8.063780,-34.983378,-8.063282,-34.981563,BRIDGE
-8.063452,-34.882382,-8.063806,-34.881082,BRIDGE
-8.063304,-34.913348,-8.063381,-34.913371,BRIDGE
-8.063052,-34.879238,-8.063111,-34.879273,TUNNEL
-8.062952,-34.937166,-8.062888,-34.937262,BRIDGE
-8.062574,-34.880550,-8.062055,-34.881485,BRIDGE
-8.062491,-34.943320,-8.062541,-34.943352,BRIDGE
-8.062449,-34.897405,-8.062453,-34.897666,BRIDGE
-8.062393,-34.897424,-8.062337,-34.897683,BRIDGE
-8.062375,-34.936803,-8.062337,-34.936862,BRIDGE
-8.062347,-34.873979,-8.061633,-34.876417,BRIDGE
-8.062138,-34.881530,-8.062653,-34.880599,BRIDGE
-8.062095,-34.943795,-8.062031,-34.943747,BRIDGE
-8.062085,-34.901378,-8.061283,-34.901273,TUNNEL
-8.061970,-39.208426,-8.061958,-39.208326,BRIDGE
-8.061848,-34.900378,-8.061712,-34.901145,BRIDGE
-8.061831,-34.885655,-8.060947,-34.885481,TUNNEL
-8.061793,-34.901144,-8.061941,-34.900385,BRIDGE
-8.061658,-34.944203,-8.061570,-34.944193,BRIDGE
-8.061526,-39.169580,-8.061518,-39.169848,BRIDGE
-8.060653,-34.996069,-8.060801,-34.996129,BRIDGE
-8.060052,-34.887757,-8.060020,-34.887617,TUNNEL
-8.060020,-34.887617,-8.059626,-34.887697,TUNNEL
-8.059933,-39.102915,-8.059900,-39.102352,BRIDGE
-8.059872,-34.905306,-8.059653,-34.904935,TUNNEL
-8.059808,-34.905376,-8.058828,-34.905677,TUNNEL
-8.059626,-34.887697,-8.060020,-34.887617,TUNNEL
-8.059587,-34.879867,-8.060271,-34.878793,BRIDGE
-8.059537,-34.935790,-8.059508,-34.935878,BRIDGE
-8.059102,-35.059346,-8.059068,-35.059460,BRIDGE
-8.059067,-34.909774,-8.059136,-34.909796,BRIDGE
-8.058909,-34.898039,-8.058886,-34.897836,BRIDGE
-8.058746,-38.700990,-8.058881,-38.700999,BRIDGE
-8.058738,-35.058881,-8.058789,-35.058964,BRIDGE
-8.058469,-35.112713,-8.058410,-35.112738,BRIDGE
-8.058421,-35.033022,-8.058364,-35.032946,BRIDGE
-8.058378,-35.111705,-8.058419,-35.111749,BRIDGE
-8.058212,-34.901823,-8.057629,-34.900944,BRIDGE
-8.057878,-34.910650,-8.057941,-34.910723,BRIDGE
-8.057628,-34.935228,-8.057618,-34.935253,BRIDGE
-8.057591,-34.900977,-8.058165,-34.901847,BRIDGE
-8.057576,-35.057633,-8.057672,-35.057757,BRIDGE
-8.057509,-34.935311,-8.057448,-34.935271,BRIDGE
-8.057394,-39.058351,-8.057719,-39.058393,BRIDGE
-8.056694,-34.898020,-8.056662,-34.897791,BRIDGE
-8.056604,-34.897792,-8.056640,-34.898023,BRIDGE
-8.056349,-34.935842,-8.056365,-34.935910,BRIDGE
-8.056330,-35.034404,-8.056471,-35.034615,BRIDGE
-8.056317,-35.576911,-8.056377,-35.576963,BRIDGE
-8.056311,-34.914220,-8.056258,-34.914192,BRIDGE
-8.056171,-34.914710,-8.056109,-34.914680,BRIDGE
-8.055927,-34.915373,-8.055876,-34.915366,BRIDGE
-8.055696,-34.909020,-8.058559,-34.909607,TUNNEL
-8.055113,-35.059519,-8.055129,-35.059704,BRIDGE
-8.054665,-35.059103,-8.054747,-35.059101,BRIDGE
-8.054548,-38.700642,-8.054674,-38.700652,BRIDGE
-8.054254,-34.946269,-8.050329,-34.945718,BRIDGE
-8.053738,-34.897660,-8.054280,-34.897610,TUNNEL
-8.053479,-34.896422,-8.053399,-34.896567,BRIDGE
-8.053442,-34.896398,-8.053316,-34.896502,BRIDGE
-8.053036,-34.897058,-8.053738,-34.897660,TUNNEL
-8.053000,-34.904095,-8.053043,-34.904542,BRIDGE
-8.052948,-34.903679,-8.053000,-34.904095,BRIDGE
-8.052482,-34.955448,-8.052667,-34.955502,BRIDGE
-8.052375,-34.895909,-8.052489,-34.895720,BRIDGE
-8.052049,-34.950121,-8.052063,-34.949889,BRIDGE
-8.052029,-34.898445,-8.051891,-34.898404,TUNNEL
-8.051585,-34.949846,-8.051559,-34.950077,BRIDGE
-8.051514,-34.895002,-8.051352,-34.895196,BRIDGE
-8.051067,-34.972725,-8.051100,-34.972769,BRIDGE
-8.050987,-39.699604,-8.050892,-39.699553,TUNNEL
-8.050937,-34.872558,-8.050161,-34.873541,BRIDGE
-8.050319,-34.945841,-8.054235,-34.946407,BRIDGE
-8.050224,-34.873590,-8.050982,-34.872603,BRIDGE
-8.049911,-37.319430,-8.049676,-37.319555,BRIDGE
-8.049633,-34.944148,-8.049470,-34.944138,BRIDGE
-8.049537,-34.945433,-8.049356,-34.945397,BRIDGE
-8.049497,-34.945534,-8.049339,-34.945498,BRIDGE
-8.049326,-34.945612,-8.049480,-34.945645,BRIDGE
-8.049303,-34.945683,-8.049458,-34.945720,BRIDGE
-8.048725,-34.892802,-8.048634,-34.892974,BRIDGE
-8.048389,-34.919220,-8.048446,-34.919113,BRIDGE
-8.048291,-34.946928,-8.048170,-34.946915,BRIDGE
-8.047820,-35.018921,-8.047777,-35.018846,BRIDGE
-8.047186,-34.918644,-8.047126,-34.918763,BRIDGE
-8.047169,-34.891871,-8.047310,-34.891684,BRIDGE
-8.047059,-34.936020,-8.046882,-34.936005,BRIDGE
-8.046988,-34.932918,-8.046823,-34.932915,BRIDGE
-8.046931,-34.940468,-8.047132,-34.940524,BRIDGE
-8.046882,-34.936098,-8.047069,-34.936134,BRIDGE
-8.046683,-34.891107,-8.044367,-34.888492,BRIDGE
-8.046462,-35.009324,-8.044089,-35.012964,BRIDGE
-8.046309,-34.918403,-8.046224,-34.918411,BRIDGE
-8.046064,-34.918427,-8.045947,-34.918450,BRIDGE
-8.045611,-34.904087,-8.045398,-34.903129,BRIDGE
-8.045352,-34.903136,-8.045568,-34.904089,BRIDGE
-8.045170,-34.889978,-8.044924,-34.889997,BRIDGE
-8.045047,-35.558546,-8.045096,-35.558609,BRIDGE
-8.045032,-35.669053,-8.044991,-35.669047,BRIDGE
-8.045004,-34.931083,-8.045098,-34.930914,BRIDGE
-8.044990,-34.890062,-8.045189,-34.890047,BRIDGE
-8.044969,-34.930821,-8.044846,-34.931041,BRIDGE
-8.044805,-34.918126,-8.044836,-34.918007,BRIDGE
-8.044256,-35.012944,-8.046543,-35.009430,BRIDGE
-8.044249,-39.573377,-8.044622,-39.573321,BRIDGE
-8.044070,-34.888607,-8.046267,-34.891224,BRIDGE
-8.043788,-34.887355,-8.043578,-34.887448,BRIDGE
-8.043765,-35.556207,-8.043845,-35.556213,BRIDGE
-8.043540,-34.887353,-8.043739,-34.887259,BRIDGE
-8.043195,-34.883851,-8.041461,-34.885684,BRIDGE
-8.043069,-34.931262,-8.042979,-34.931207,BRIDGE
-8.042296,-39.447079,-8.042261,-39.447255,BRIDGE
-8.042200,-34.994680,-8.041665,-34.993310,BRIDGE
-8.041958,-39.832842,-8.042245,-39.832907,BRIDGE
-8.041686,-40.166556,-8.041605,-40.166514,BRIDGE
-8.041665,-34.993310,-8.041300,-34.992360,BRIDGE
-8.041572,-34.885673,-8.043275,-34.883902,BRIDGE
-8.041393,-34.931900,-8.041445,-34.931809,BRIDGE
-8.041173,-34.992411,-8.042056,-34.994653,BRIDGE
-8.041157,-34.881725,-8.040987,-34.881808,BRIDGE
-8.041051,-34.930084,-8.040947,-34.930040,BRIDGE
-8.040983,-34.929142,-8.041143,-34.929136,BRIDGE
-8.040947,-34.881715,-8.041110,-34.881634,BRIDGE
-8.040403,-34.927633,-8.040319,-34.927787,BRIDGE
-8.040330,-34.909271,-8.040134,-34.909362,BRIDGE
-8.040248,-34.909257,-8.039997,-34.909363,BRIDGE
-8.040233,-34.942278,-8.037713,-34.941595,BRIDGE
-8.040190,-34.932420,-8.040314,-34.932474,BRIDGE
-8.040150,-35.554149,-8.040168,-35.554071,BRIDGE
-8.039780,-34.878765,-8.039600,-34.878839,BRIDGE
-8.039630,-34.878915,-8.039811,-34.878841,BRIDGE
-8.039587,-34.934618,-8.039489,-34.934575,BRIDGE
-8.039353,-38.046851,-8.039199,-38.046335,BRIDGE
-8.039006,-34.936103,-8.039100,-34.936138,BRIDGE
-8.039001,-34.909374,-8.036503,-34.910049,BRIDGE
-8.038991,-37.246568,-8.038698,-37.246522,BRIDGE
-8.038821,-34.936961,-8.038727,-34.936907,BRIDGE
-8.038451,-35.553413,-8.038437,-35.553335,BRIDGE
-8.038351,-34.880447,-8.038373,-34.880498,BRIDGE
-8.038253,-38.123364,-8.038327,-38.123361,BRIDGE
-8.038070,-39.730806,-8.037967,-39.730766,TUNNEL
-8.037847,-34.992546,-8.037299,-34.992972,BRIDGE
-8.037683,-34.941695,-8.040182,-34.942390,BRIDGE
-8.037631,-34.898768,-8.037526,-34.898859,BRIDGE
-8.037523,-37.279306,-8.037163,-37.279588,BRIDGE
-8.037518,-34.880882,-8.037596,-34.881030,BRIDGE
-8.037421,-34.881168,-8.037343,-34.881028,BRIDGE
-8.036831,-34.871484,-8.036846,-34.871112,BRIDGE
-8.036811,-34.869318,-8.036616,-34.869168,BRIDGE
-8.036776,-34.872090,-8.035088,-34.868685,BRIDGE
-8.036687,-34.929152,-8.036782,-34.929177,BRIDGE
-8.036551,-34.910321,-8.039038,-34.909473,BRIDGE
-8.036503,-34.910049,-8.036357,-34.909758,BRIDGE
-8.036503,-34.910049,-8.036233,-34.909790,BRIDGE
-8.036437,-34.986875,-8.036378,-34.986843,BRIDGE
-8.036335,-34.871309,-8.036209,-34.871489,BRIDGE
-8.036009,-34.870804,-8.036292,-34.870808,BRIDGE
-8.035935,-35.027584,-8.035948,-35.027633,BRIDGE
-8.035781,-39.190883,-8.035706,-39.190904,TUNNEL
-8.035733,-34.868318,-8.035715,-34.868346,TUNNEL
-8.035573,-37.245815,-8.035380,-37.245751,BRIDGE
-8.035248,-36.052283,-8.034897,-36.052343,BRIDGE
-8.034938,-36.052475,-8.035207,-36.052424,BRIDGE
-8.034621,-37.303554,-8.035039,-37.303635,BRIDGE
-8.034515,-35.063066,-8.034494,-35.063029,BRIDGE
-8.034503,-34.988953,-8.034539,-34.988996,BRIDGE
-8.034414,-34.955176,-8.034489,-34.955204,BRIDGE
-8.034370,-36.048798,-8.034311,-36.048690,BRIDGE
-8.034278,-34.977074,-8.034264,-34.977009,BRIDGE
-8.034184,-37.303590,-8.034049,-37.303659,BRIDGE
-8.034102,-37.303482,-8.033981,-37.303539,BRIDGE
-8.034100,-34.989826,-8.034145,-34.989959,TUNNEL
-8.034071,-34.886569,-8.034161,-34.886495,BRIDGE
-8.033921,-34.995316,-8.033618,-34.995676,BRIDGE
-8.033857,-34.995268,-8.033618,-34.995676,BRIDGE
-8.033848,-34.977154,-8.033832,-34.977072,BRIDGE
-8.033779,-34.978028,-8.033844,-34.978015,BRIDGE
-8.033618,-34.995676,-8.034074,-34.995275,BRIDGE
-8.033612,-35.551625,-8.033547,-35.551672,BRIDGE
-8.033385,-34.979144,-8.033409,-34.979063,BRIDGE
-8.033170,-34.988819,-8.033083,-34.988813,BRIDGE
-8.033099,-34.891385,-8.033162,-34.891338,BRIDGE
-8.033000,-37.260683,-8.033086,-37.260821,BRIDGE
-8.032621,-34.890473,-8.032592,-34.890490,BRIDGE
-8.032592,-34.890490,-8.032554,-34.890505,BRIDGE
-8.032509,-34.961485,-8.032659,-34.961260,BRIDGE
-8.032454,-38.210060,-8.032409,-38.209945,BRIDGE
-8.032259,-34.991726,-8.032177,-34.991655,BRIDGE
-8.032112,-35.094146,-8.032080,-35.094119,BRIDGE
-8.031916,-34.991722,-8.031908,-34.991801,BRIDGE
-8.031828,-34.996170,-8.033618,-34.995676,BRIDGE
-8.031757,-34.991388,-8.031528,-34.991264,TUNNEL
-8.031726,-37.270989,-8.032321,-37.270981,BRIDGE
-8.031573,-34.870863,-8.031424,-34.870293,TUNNEL
-8.031569,-34.992105,-8.031505,-34.992153,BRIDGE
-8.031144,-34.898324,-8.031016,-34.898450,BRIDGE
-8.031134,-34.955854,-8.030323,-34.957335,BRIDGE
-8.031133,-34.898471,-8.031200,-34.898396,BRIDGE
-8.031109,-34.930442,-8.027930,-34.928986,BRIDGE
-8.031007,-39.170203,-8.030910,-39.170219,TUNNEL
-8.030484,-37.242536,-8.030309,-37.242386,BRIDGE
-8.030475,-34.957433,-8.031268,-34.955944,BRIDGE
-8.029660,-34.889799,-8.029654,-34.889747,BRIDGE
-8.029654,-34.889747,-8.029651,-34.889717,BRIDGE
-8.029173,-40.273660,-8.029160,-40.273264,BRIDGE
-8.029157,-35.550410,-8.029190,-35.550337,BRIDGE
-8.028805,-38.216338,-8.028917,-38.216257,BRIDGE
-8.028752,-34.994798,-8.028867,-34.994720,BRIDGE
-8.028536,-34.863878,-8.030079,-34.865614,BRIDGE
-8.028508,-34.994276,-8.028572,-34.994240,BRIDGE
-8.028252,-34.895058,-8.028241,-34.894824,BRIDGE
-8.028028,-34.892920,-8.027845,-34.892947,BRIDGE
-8.027953,-34.942961,-8.027045,-34.942902,BRIDGE
-8.027933,-35.391843,-8.027894,-35.391942,BRIDGE
-8.027924,-34.929061,-8.031090,-34.930522,BRIDGE
-8.027841,-34.889277,-8.027833,-34.889199,BRIDGE
-8.027742,-34.889838,-8.027616,-34.889874,BRIDGE
-8.027536,-35.551036,-8.027587,-35.551097,BRIDGE
-8.027340,-34.908473,-8.027177,-34.908440,BRIDGE
-8.027271,-34.993981,-8.027249,-34.993935,TUNNEL
-8.027262,-34.909610,-8.027211,-34.909593,BRIDGE
-8.027249,-34.993935,-8.027173,-34.993782,TUNNEL
-8.027173,-34.993782,-8.027106,-34.993663,TUNNEL
-8.027052,-34.943020,-8.027951,-34.943066,BRIDGE
-8.026934,-34.911840,-8.026828,-34.911823,BRIDGE
-8.026882,-34.912531,-8.026758,-34.912494,BRIDGE
-8.026829,-34.897891,-8.026704,-34.897825,BRIDGE
-8.026663,-34.996557,-8.026704,-34.996629,BRIDGE
-8.026649,-34.897960,-8.026776,-34.898023,BRIDGE
-8.026533,-34.906781,-8.026377,-34.906752,BRIDGE
-8.026226,-34.905364,-8.026078,-34.905593,BRIDGE
-8.026134,-34.905700,-8.026298,-34.905447,BRIDGE
-8.026122,-34.905504,-8.026281,-34.905248,BRIDGE
-8.026114,-34.905757,-8.026298,-34.905447,BRIDGE
-8.026054,-37.238954,-8.025809,-37.238790,BRIDGE
-8.025938,-34.861553,-8.025541,-34.861260,BRIDGE
-8.025872,-34.913294,-8.025757,-34.913255,BRIDGE
-8.025726,-35.143736,-8.025728,-35.143654,BRIDGE
-8.025540,-34.997277,-8.025405,-34.997300,BRIDGE
-8.025474,-34.861339,-8.025879,-34.861662,BRIDGE
-8.025461,-37.249257,-8.025224,-37.249353,BRIDGE
-8.025391,-35.000984,-8.025485,-35.001006,BRIDGE
-8.025244,-34.998657,-8.025187,-34.998661,BRIDGE
-8.025127,-35.630247,-8.025365,-35.630212,BRIDGE
-8.024988,-35.159801,-8.024746,-35.160023,BRIDGE
-8.024617,-34.882876,-8.024299,-34.882940,BRIDGE
-8.024585,-39.144451,-8.024967,-39.144356,BRIDGE
-8.024558,-34.886889,-8.024481,-34.886861,BRIDGE
-8.024507,-34.862905,-8.024226,-34.862698,BRIDGE
-8.024493,-34.862924,-8.024214,-34.862716,BRIDGE
-8.024323,-34.883008,-8.024642,-34.882940,BRIDGE
-8.024302,-35.003194,-8.024354,-35.003273,BRIDGE
-8.024242,-34.887516,-8.024292,-34.887534,BRIDGE
-8.024191,-34.994800,-8.024129,-34.994836,BRIDGE
-8.024186,-34.862755,-8.024469,-34.862958,BRIDGE
-8.024168,-34.862779,-8.024449,-34.862987,BRIDGE
-8.024134,-34.994166,-8.024192,-34.994131,BRIDGE
-8.023868,-34.993699,-8.023938,-34.993657,BRIDGE
-8.023809,-34.914824,-8.023707,-34.914756,BRIDGE
-8.023782,-34.863209,-8.023817,-34.863166,BRIDGE
-8.023614,-35.016835,-8.023573,-35.016878,BRIDGE
-8.023408,-34.878227,-8.023427,-34.878289,BRIDGE
-8.023402,-35.046405,-8.023373,-35.046328,BRIDGE
-8.023368,-35.004638,-8.023330,-35.004537,BRIDGE
-8.023243,-34.942711,-8.022870,-34.942692,BRIDGE
-8.022971,-34.898760,-8.022923,-34.898808,BRIDGE
-8.022932,-36.471573,-8.022643,-36.471927,BRIDGE
-8.022878,-35.004950,-8.022847,-35.004874,BRIDGE
-8.022874,-35.619658,-8.022907,-35.619648,BRIDGE
-8.022866,-34.942808,-8.023238,-34.942826,BRIDGE
-8.022752,-34.900704,-8.022682,-34.900661,BRIDGE
-8.022688,-38.222965,-8.022754,-38.222934,BRIDGE
-8.022667,-35.023227,-8.022533,-35.023348,BRIDGE
-8.022629,-34.916218,-8.022549,-34.916173,BRIDGE
-8.022595,-39.857914,-8.022544,-39.857491,BRIDGE
-8.022504,-34.971782,-8.022580,-34.971705,BRIDGE
-8.022477,-35.043620,-8.022428,-35.043507,BRIDGE
-8.022266,-34.955688,-8.022792,-34.955831,BRIDGE
-8.022242,-34.901987,-8.022288,-34.901971,BRIDGE
-8.022176,-34.878622,-8.022399,-34.878514,BRIDGE
-8.022074,-35.140010,-8.022078,-35.140186,BRIDGE
-8.021955,-39.769063,-8.022111,-39.769131,TUNNEL
-8.021711,-35.788734,-8.021615,-35.788608,BRIDGE
-8.021642,-34.897759,-8.021621,-34.897856,BRIDGE
-8.021591,-36.049848,-8.021279,-36.050030,BRIDGE
-8.021479,-34.970927,-8.021384,-34.971021,BRIDGE
-8.021475,-34.861367,-8.016474,-34.860127,BRIDGE
-8.021449,-34.861321,-8.016485,-34.860072,BRIDGE
-8.021154,-34.904917,-8.021081,-34.904881,BRIDGE
-8.021085,-34.883115,-8.021140,-34.883121,BRIDGE
-8.020921,-34.897422,-8.020880,-34.897481,BRIDGE
-8.020548,-34.987383,-8.020608,-34.987386,BRIDGE
-8.020486,-34.933962,-8.019029,-34.933359,BRIDGE
-8.020412,-34.907314,-8.020337,-34.907282,BRIDGE
-8.020396,-34.853917,-8.020141,-34.854339,BRIDGE
-8.020349,-34.854132,-8.020446,-34.853963,BRIDGE
-8.020329,-34.984668,-8.020290,-34.984675,BRIDGE
-8.020176,-34.896593,-8.020115,-34.896650,BRIDGE
-8.020169,-34.874549,-8.020069,-34.875117,BRIDGE
-8.020096,-34.873399,-8.020421,-34.873497,BRIDGE
-8.019769,-35.040712,-8.019744,-35.040630,BRIDGE
-8.019747,-34.965473,-8.019925,-34.965550,BRIDGE
-8.019713,-34.854265,-8.019796,-34.854477,BRIDGE
-8.019517,-39.144912,-8.019566,-39.144632,TUNNEL
-8.019383,-34.858522,-8.019404,-34.858445,BRIDGE
-8.019368,-34.895621,-8.019319,-34.895721,BRIDGE
-8.019305,-34.858414,-8.019284,-34.858491,BRIDGE
-8.018387,-34.983775,-8.018288,-34.983745,BRIDGE
-8.018274,-35.006195,-8.018132,-35.006128,BRIDGE
-8.018271,-34.895875,-8.018218,-34.895809,BRIDGE
-8.018140,-36.086654,-8.018647,-36.086883,BRIDGE
-8.018130,-34.969506,-8.018170,-34.969539,BRIDGE
-8.017727,-34.887972,-8.017633,-34.887948,BRIDGE
-8.017599,-36.052550,-8.017881,-36.052577,BRIDGE
-8.017471,-34.868662,-8.017518,-34.868690,BRIDGE
-8.017400,-34.983447,-8.017386,-34.983389,BRIDGE
-8.017260,-34.969912,-8.017298,-34.969944,BRIDGE
-8.017235,-34.896491,-8.017269,-34.896542,BRIDGE
-8.017174,-34.983550,-8.017121,-34.983428,BRIDGE
-8.017167,-34.941077,-8.016749,-34.940778,BRIDGE
-8.017043,-34.858146,-8.017068,-34.858267,BRIDGE
-8.016977,-34.951480,-8.017035,-34.951538,BRIDGE
-8.016954,-34.896732,-8.016931,-34.896663,BRIDGE
-8.016939,-34.970841,-8.017006,-34.970911,BRIDGE
-8.016791,-38.259954,-8.016412,-38.259507,BRIDGE
-8.016660,-34.940865,-8.017090,-34.941167,BRIDGE
-8.016626,-40.278426,-8.016715,-40.278500,BRIDGE
-8.016507,-34.860256,-8.021304,-34.861445,BRIDGE
-8.016494,-34.860314,-8.021327,-34.861499,BRIDGE
-8.016298,-34.971595,-8.016328,-34.971644,BRIDGE
-8.016275,-34.896789,-8.016275,-34.896737,BRIDGE
-8.016084,-35.133303,-8.016216,-35.133332,BRIDGE
-8.015912,-35.133333,-8.015862,-35.133403,BRIDGE
-8.015830,-34.962711,-8.015785,-34.962566,BRIDGE
-8.015800,-35.087807,-8.015844,-35.087765,BRIDGE
-8.015630,-34.962784,-8.015588,-34.962554,BRIDGE
-8.015241,-35.005051,-8.015276,-35.005011,BRIDGE
-8.015063,-39.765233,-8.014808,-39.765823,BRIDGE
-8.014882,-34.896829,-8.014882,-34.896794,BRIDGE
-8.014817,-34.969872,-8.014936,-34.970000,BRIDGE
-8.014742,-34.976314,-8.014676,-34.976339,BRIDGE
-8.014675,-34.976874,-8.014722,-34.977020,BRIDGE
-8.014671,-34.976487,-8.014745,-34.976494,BRIDGE
-8.014192,-34.897490,-8.014272,-34.897458,BRIDGE
-8.014046,-34.898185,-8.014100,-34.898217,BRIDGE
-8.013664,-34.896641,-8.013617,-34.896675,BRIDGE
-8.013599,-35.300058,-8.013648,-35.300078,BRIDGE
-8.013563,-34.900514,-8.013611,-34.900530,BRIDGE
-8.013406,-34.896459,-8.013442,-34.896432,BRIDGE
-8.013343,-35.484305,-8.013217,-35.484140,BRIDGE
-8.013343,-35.016897,-8.013429,-35.016845,BRIDGE
-8.013208,-34.896137,-8.013179,-34.896159,BRIDGE
-8.013203,-38.572623,-8.013214,-38.572798,BRIDGE
-8.013176,-34.901171,-8.013273,-34.901150,BRIDGE
-8.013017,-34.901385,-8.013038,-34.901397,BRIDGE
-8.012992,-34.972463,-8.012890,-34.972409,BRIDGE
-8.012964,-34.901480,-8.013005,-34.901506,BRIDGE
-8.012890,-34.972409,-8.012781,-34.972359,BRIDGE
-8.012745,-38.211574,-8.012875,-38.211258,BRIDGE
-8.012619,-35.204313,-8.012661,-35.204267,BRIDGE
-8.012577,-35.041609,-8.012571,-35.041570,BRIDGE
-8.012481,-34.859116,-8.012287,-34.859059,BRIDGE
-8.012406,-34.859170,-8.011961,-34.859065,BRIDGE
-8.012302,-36.057205,-8.011206,-36.057494,BRIDGE
-8.012159,-35.013957,-8.012240,-35.013956,BRIDGE
-8.011962,-34.859091,-8.012382,-34.859187,BRIDGE
-8.011954,-34.895082,-8.011918,-34.895125,BRIDGE
-8.011935,-34.859130,-8.012332,-34.859226,BRIDGE
-8.011921,-35.695888,-8.011936,-35.695863,BRIDGE
-8.011730,-35.013489,-8.011782,-35.013546,BRIDGE
-8.011702,-34.971179,-8.011681,-34.971153,BRIDGE
-8.011591,-35.703877,-8.011547,-35.703815,BRIDGE
-8.011222,-34.971680,-8.011145,-34.971648,BRIDGE
-8.011185,-34.894621,-8.011207,-34.894596,BRIDGE
-8.010960,-34.859938,-8.010817,-34.859743,BRIDGE
-8.010730,-35.291960,-8.010782,-35.291913,BRIDGE
-8.010535,-35.351518,-8.010556,-35.351607,BRIDGE
-8.010215,-36.100464,-8.010341,-36.100186,BRIDGE
-8.009997,-35.008998,-8.009982,-35.008949,BRIDGE
-8.009946,-34.915126,-8.009985,-34.915099,BRIDGE
-8.009742,-35.010337,-8.009656,-35.010346,BRIDGE
-8.009545,-35.009832,-8.009468,-35.009859,BRIDGE
-8.009232,-34.859000,-8.009171,-34.859075,TUNNEL
-8.009222,-34.937464,-8.008784,-34.937511,BRIDGE
-8.008875,-34.887620,-8.008947,-34.887593,BRIDGE
-8.008787,-34.937669,-8.009244,-34.937627,BRIDGE
-8.008471,-35.012051,-8.008404,-35.012084,BRIDGE
-8.008380,-34.963403,-8.008393,-34.963397,BRIDGE
-8.008267,-34.886718,-8.008329,-34.886689,BRIDGE
-8.008114,-35.042717,-8.008085,-35.042637,BRIDGE
-8.008061,-35.012060,-8.007996,-35.012011,BRIDGE
-8.008059,-35.073808,-8.007901,-35.073817,BRIDGE
-8.008020,-38.306002,-8.007477,-38.305928,BRIDGE
-8.007934,-34.881303,-8.007905,-34.881346,BRIDGE
-8.007893,-40.297682,-8.007452,-40.297599,BRIDGE
-8.007805,-36.050574,-8.007662,-36.050407,BRIDGE
-8.007549,-34.885678,-8.007603,-34.885656,BRIDGE
-8.007417,-34.978018,-8.007147,-34.977928,BRIDGE
-8.007339,-35.036942,-8.007325,-35.036856,BRIDGE
-8.007309,-34.907081,-8.007445,-34.907080,BRIDGE
-8.006923,-34.887227,-8.006888,-34.887280,BRIDGE
-8.006899,-35.111343,-8.006976,-35.111154,BRIDGE
-8.006692,-35.116295,-8.006685,-35.116098,BRIDGE
-8.006419,-40.171231,-8.006426,-40.171157,BRIDGE
-8.006367,-34.903355,-8.006227,-34.903472,BRIDGE
-8.006287,-38.603133,-8.006340,-38.604028,BRIDGE
-8.006281,-35.068011,-8.006361,-35.067991,BRIDGE
-8.006269,-35.044263,-8.006051,-35.044448,BRIDGE
-8.006262,-35.042232,-8.006308,-35.042165,BRIDGE
-8.006164,-35.044568,-8.006377,-35.044389,BRIDGE
-8.006116,-38.314816,-8.006133,-38.314711,BRIDGE
-8.006116,-34.886337,-8.005612,-34.885924,BRIDGE
-8.006012,-38.966563,-8.005988,-38.966025,BRIDGE
-8.005986,-35.603056,-8.006007,-35.602982,BRIDGE
-8.005500,-35.002274,-8.005529,-35.002197,BRIDGE
-8.005446,-35.040126,-8.005376,-35.040099,BRIDGE
-8.005367,-34.885305,-8.005367,-34.885180,BRIDGE
-8.005294,-35.039562,-8.005379,-35.039597,BRIDGE
-8.005293,-34.885323,-8.005394,-34.885115,BRIDGE
-8.005273,-34.885135,-8.005188,-34.885337,BRIDGE
-8.005115,-34.885126,-8.004761,-34.885227,BRIDGE
-8.005057,-34.884132,-8.004994,-34.884141,BRIDGE
-8.004905,-34.885371,-8.004793,-34.885271,BRIDGE
-8.004789,-35.022778,-8.004319,-35.021666,BRIDGE
-8.004782,-34.883461,-8.004672,-34.883393,BRIDGE
-8.004781,-34.885274,-8.004861,-34.885385,BRIDGE
-8.004515,-36.015175,-8.004211,-36.015316,BRIDGE
-8.004381,-34.914437,-8.004578,-34.914459,BRIDGE
-8.004354,-34.888975,-8.004234,-34.888896,BRIDGE
-8.004243,-35.143343,-8.003947,-35.143646,BRIDGE
-8.003834,-34.900523,-8.003800,-34.900629,BRIDGE
-8.003800,-34.900629,-8.003773,-34.900726,BRIDGE
-8.003613,-34.974960,-8.003620,-34.975044,BRIDGE
-8.003479,-35.022189,-8.003631,-35.022878,BRIDGE
-8.003386,-34.998420,-8.003287,-34.998382,BRIDGE
-8.003017,-35.051334,-8.003150,-35.050863,BRIDGE
-8.003012,-35.050824,-8.002888,-35.051291,BRIDGE
-8.002666,-34.886930,-8.002515,-34.886764,BRIDGE
-8.002336,-34.865894,-8.002511,-34.865862,BRIDGE
-8.002258,-34.898809,-8.002174,-34.899084,BRIDGE
-8.002182,-35.022476,-8.002212,-35.022416,BRIDGE
-8.002171,-34.962344,-8.002204,-34.962418,BRIDGE
-8.001988,-34.994515,-8.002044,-34.994504,BRIDGE
-8.001987,-34.896764,-8.002108,-34.896917,BRIDGE
-8.001880,-35.042890,-8.001663,-35.042836,BRIDGE
-8.001687,-35.019987,-8.001700,-35.019935,BRIDGE
-8.001641,-34.918977,-8.001513,-34.918901,BRIDGE
-8.001565,-35.198523,-8.001591,-35.198469,BRIDGE
-8.001103,-38.428455,-8.001152,-38.428941,BRIDGE
-8.000620,-34.847297,-8.000575,-34.847409,BRIDGE
-8.000420,-34.901594,-8.000513,-34.901620,BRIDGE
-8.000364,-35.047329,-8.000427,-35.047566,BRIDGE
-8.000096,-34.855931,-7.997661,-34.855312,BRIDGE
-7.999960,-35.045685,-8.000099,-35.046246,BRIDGE
-7.999957,-34.902108,-8.000003,-34.902040,BRIDGE
-7.999873,-35.018449,-7.999955,-35.018440,BRIDGE
-7.999806,-34.905157,-7.999766,-34.905228,BRIDGE
-7.999804,-34.984718,-7.999788,-34.984663,BRIDGE
-7.999782,-35.035776,-7.997178,-35.035593,BRIDGE
-7.999756,-34.855583,-7.997700,-34.855093,BRIDGE
-7.999519,-38.244418,-8.000554,-38.244398,BRIDGE
-7.999497,-34.921542,-7.999549,-34.921619,BRIDGE
-7.999460,-34.993632,-7.999380,-34.993643,BRIDGE
-7.999378,-34.903230,-7.999446,-34.903278,BRIDGE
-7.999286,-38.378863,-7.999242,-38.378973,BRIDGE
-7.999231,-34.890214,-7.999120,-34.890152,BRIDGE
-7.999142,-34.846680,-7.999197,-34.846557,BRIDGE
-7.998601,-40.310100,-7.998791,-40.310619,BRIDGE
-7.998477,-34.921676,-7.998754,-34.921408,BRIDGE
-7.998274,-34.853770,-7.998208,-34.853777,BRIDGE
-7.998219,-34.853431,-7.998304,-34.853463,BRIDGE
-7.997860,-35.023212,-7.997814,-35.023141,BRIDGE
-7.997837,-34.892903,-7.997920,-34.892975,BRIDGE
-7.997711,-35.380769,-7.997602,-35.380822,BRIDGE
-7.997578,-34.871383,-7.997681,-34.871435,BRIDGE
-7.997342,-35.036874,-7.997200,-35.036833,BRIDGE
-7.997330,-34.956470,-7.997384,-34.956531,BRIDGE
-7.997197,-38.620764,-7.997147,-38.620841,BRIDGE
-7.996494,-35.289387,-7.996582,-35.289360,BRIDGE
-7.996399,-35.037652,-7.996457,-35.037754,BRIDGE
-7.996095,-34.955452,-7.996150,-34.955392,BRIDGE
-7.995889,-35.037971,-7.995915,-35.038040,BRIDGE
-7.995835,-34.894523,-7.995816,-34.894462,BRIDGE
-7.995525,-39.135084,-7.995222,-39.135221,BRIDGE
-7.995505,-35.025186,-7.995534,-35.025109,BRIDGE
-7.995394,-34.845148,-7.995471,-34.844985,BRIDGE
-7.995307,-34.982628,-7.995272,-34.982678,BRIDGE
-7.995277,-35.038636,-7.995170,-35.038625,BRIDGE
-7.995266,-35.392711,-7.995327,-35.392708,BRIDGE
-7.994963,-35.038065,-7.994926,-35.038097,BRIDGE
-7.994794,-35.179525,-7.994870,-35.179495,BRIDGE
-7.994449,-34.953078,-7.994501,-34.953142,BRIDGE
-7.994193,-34.939509,-7.994138,-34.939579,BRIDGE
-7.994019,-34.866979,-7.994061,-34.866919,BRIDGE
-7.993929,-34.925500,-7.993868,-34.925353,BRIDGE
-7.993897,-38.301268,-7.995077,-38.301915,BRIDGE
-7.993477,-35.036471,-7.993377,-35.036483,BRIDGE
-7.993411,-34.941116,-7.993384,-34.941194,BRIDGE
-7.993166,-34.948838,-7.993184,-34.948918,BRIDGE
-7.993055,-34.894590,-7.993080,-34.894667,BRIDGE
-7.992795,-34.946993,-7.992811,-34.947074,BRIDGE
-7.992738,-34.865909,-7.992810,-34.865820,BRIDGE
-7.992731,-34.981913,-7.992754,-34.981847,BRIDGE
-7.992587,-34.937093,-7.992462,-34.936592,TUNNEL
-7.992570,-34.981909,-7.992578,-34.981883,BRIDGE
-7.992543,-35.930303,-7.993326,-35.930513,BRIDGE
-7.992497,-34.935974,-7.992451,-34.936068,BRIDGE
-7.992383,-34.936025,-7.992323,-34.935933,BRIDGE
-7.992287,-34.982242,-7.992222,-34.982193,BRIDGE
-7.992194,-34.865249,-7.992218,-34.865239,BRIDGE
-7.992173,-35.187650,-7.992253,-35.187640,BRIDGE
-7.991832,-34.911075,-7.992002,-34.911049,BRIDGE
-7.991772,-34.855010,-7.989178,-34.855431,BRIDGE
-7.991756,-34.962410,-7.991784,-34.962442,BRIDGE
-7.991720,-38.312502,-7.991553,-38.312262,BRIDGE
-7.991625,-36.494101,-7.991254,-36.494002,BRIDGE
-7.991535,-34.928190,-7.991474,-34.928112,BRIDGE
-7.991378,-34.982494,-7.991398,-34.982463,BRIDGE
-7.991210,-34.851282,-7.991128,-34.851284,BRIDGE
-7.990966,-35.049304,-7.990938,-35.049425,BRIDGE
-7.990787,-34.844988,-7.990715,-34.845149,BRIDGE
-7.990760,-34.849367,-7.990679,-34.849384,BRIDGE
-7.990720,-34.913344,-7.990557,-34.913287,BRIDGE
-7.990376,-34.849126,-7.990318,-34.849193,BRIDGE
-7.990242,-34.915201,-7.990208,-34.915240,BRIDGE
-7.989932,-35.048193,-7.989977,-35.048141,BRIDGE
-7.989874,-34.857331,-7.989739,-34.857342,BRIDGE
-7.989838,-34.859228,-7.989994,-34.859235,BRIDGE
-7.989826,-34.859376,-7.989815,-34.859241,BRIDGE
-7.989724,-34.934727,-7.989610,-34.934826,BRIDGE
-7.989681,-35.049139,-7.989780,-35.049264,BRIDGE
-7.989524,-36.257322,-7.989451,-36.257326,BRIDGE
-7.989369,-35.301174,-7.989428,-35.301008,BRIDGE
-7.989175,-34.855513,-7.992023,-34.855077,BRIDGE
-7.989158,-34.898614,-7.989218,-34.898649,BRIDGE
-7.988892,-35.046369,-7.988970,-35.046301,BRIDGE
-7.988846,-35.958873,-7.988937,-35.958546,BRIDGE
-7.988799,-36.498155,-7.988963,-36.498232,BRIDGE
-7.988741,-34.917003,-7.988702,-34.917075,BRIDGE
-7.988632,-34.915940,-7.988764,-34.916045,BRIDGE
-7.988630,-35.046009,-7.988691,-35.045959,BRIDGE
-7.988605,-35.049975,-7.988734,-35.050146,BRIDGE
-7.988421,-35.247295,-7.988537,-35.247051,BRIDGE
-7.988368,-34.933833,-7.988380,-34.933689,BRIDGE
-7.988324,-34.929608,-7.988206,-34.929493,BRIDGE
-7.988003,-34.848234,-7.988010,-34.848174,BRIDGE
-7.987907,-34.860452,-7.988004,-34.860547,BRIDGE
-7.987544,-34.931525,-7.987689,-34.931511,BRIDGE
-7.987540,-34.932666,-7.987740,-34.932520,BRIDGE
-7.987452,-34.934091,-7.987465,-34.934089,BRIDGE
-7.987366,-40.306012,-7.987300,-40.306138,BRIDGE
-7.987228,-34.916673,-7.987219,-34.916720,BRIDGE
-7.987227,-35.367749,-7.987251,-35.367749,BRIDGE
-7.986775,-34.847840,-7.986846,-34.847679,BRIDGE
-7.986621,-34.844683,-7.986567,-34.844795,BRIDGE
-7.986359,-37.220372,-7.986144,-37.220259,BRIDGE
-7.986238,-34.902501,-7.986191,-34.902467,BRIDGE
-7.986144,-37.220259,-7.985899,-37.220131,BRIDGE
-7.986077,-35.051063,-7.986141,-35.051150,BRIDGE
-7.985525,-35.360811,-7.985564,-35.360809,BRIDGE
-7.985263,-38.272570,-7.985319,-38.272293,BRIDGE
-7.984918,-36.247301,-7.985093,-36.247281,BRIDGE
-7.984773,-38.275036,-7.984801,-38.274895,BRIDGE
-7.984508,-38.276397,-7.984529,-38.276282,BRIDGE
-7.984449,-35.034797,-7.984388,-35.034851,BRIDGE
-7.984422,-37.219722,-7.984695,-37.220036,BRIDGE
-7.984362,-37.219314,-7.983657,-37.218942,BRIDGE
-7.984334,-34.843174,-7.984286,-34.843352,BRIDGE
-7.984304,-35.051465,-7.984214,-35.051531,BRIDGE
-7.984235,-34.916247,-7.984231,-34.916145,BRIDGE
-7.984188,-39.124498,-7.984468,-39.124255,BRIDGE
-7.983864,-37.218704,-7.983998,-37.218640,BRIDGE
-7.983761,-34.843914,-7.983289,-34.844410,BRIDGE
-7.983447,-34.845140,-7.983561,-34.844901,BRIDGE
-7.983390,-34.842788,-7.983300,-34.842550,BRIDGE
-7.983040,-35.169748,-7.983092,-35.169786,BRIDGE
-7.982884,-39.840519,-7.982784,-39.840753,BRIDGE
-7.982704,-38.318861,-7.982959,-38.319328,BRIDGE
-7.982232,-34.849035,-7.981735,-34.848963,BRIDGE
-7.982173,-38.296136,-7.982195,-38.296308,BRIDGE
-7.982135,-34.853007,-7.982217,-34.853866,BRIDGE
-7.982036,-38.289170,-7.981977,-38.289470,BRIDGE
-7.981952,-38.303410,-7.981827,-38.303722,BRIDGE
-7.981898,-35.454358,-7.981865,-35.454425,BRIDGE
-7.981874,-35.077702,-7.981070,-35.077059,BRIDGE
-7.981664,-35.989965,-7.981699,-35.989822,BRIDGE
-7.981657,-35.580667,-7.981880,-35.580641,BRIDGE
-7.981472,-35.106143,-7.981447,-35.106064,BRIDGE
-7.981461,-35.057518,-7.981632,-35.057640,TUNNEL
-7.981296,-35.104186,-7.981253,-35.104104,BRIDGE
-7.980902,-35.342934,-7.981372,-35.342508,BRIDGE
-7.980704,-35.071368,-7.980735,-35.071293,BRIDGE
-7.980645,-34.855000,-7.980617,-34.854878,BRIDGE
-7.980546,-34.919141,-7.980507,-34.919066,BRIDGE
-7.979515,-34.837176,-7.979333,-34.837568,BRIDGE
-7.979486,-38.939540,-7.979580,-38.939541,TUNNEL
-7.978853,-37.213160,-7.979205,-37.212850,BRIDGE
-7.978398,-34.849292,-7.978367,-34.849369,BRIDGE
-7.978288,-35.996697,-7.978434,-35.996402,BRIDGE
-7.978071,-34.837100,-7.978224,-34.836764,BRIDGE
-7.978069,-39.851781,-7.977973,-39.852006,BRIDGE
-7.977913,-36.419171,-7.978124,-36.419416,BRIDGE
-7.977780,-35.078907,-7.977843,-35.078958,BRIDGE
-7.977509,-35.083653,-7.976922,-35.084031,BRIDGE
-7.977496,-35.227225,-7.977605,-35.227277,BRIDGE
-7.977460,-37.209576,-7.977356,-37.209788,BRIDGE
-7.977393,-34.920257,-7.977403,-34.920321,BRIDGE
-7.977291,-34.849741,-7.977353,-34.849795,BRIDGE
-7.977002,-35.084152,-7.977423,-35.083877,BRIDGE
-7.976994,-35.003869,-7.977070,-35.003904,BRIDGE
-7.976641,-34.925245,-7.976517,-34.924951,BRIDGE
-7.976366,-34.867875,-7.976420,-34.867859,BRIDGE
-7.976350,-34.925015,-7.976479,-34.925335,BRIDGE
-7.976278,-37.212295,-7.976053,-37.212175,BRIDGE
-7.976191,-34.870687,-7.976241,-34.870721,BRIDGE
-7.975462,-34.866163,-7.975552,-34.866123,BRIDGE
-7.975304,-39.878414,-7.975179,-39.878360,TUNNEL
-7.975231,-35.080411,-7.975315,-35.080266,BRIDGE
-7.975038,-38.981168,-7.975167,-38.981223,BRIDGE
-7.974346,-35.451266,-7.974395,-35.451247,BRIDGE
-7.974177,-34.926419,-7.974122,-34.926590,BRIDGE
-7.973102,-35.293376,-7.972861,-35.293382,BRIDGE
-7.972920,-34.864363,-7.972868,-34.864226,BRIDGE
-7.971014,-34.865781,-7.970817,-34.865876,BRIDGE
-7.970919,-34.865969,-7.970793,-34.866028,BRIDGE
-7.970756,-34.866174,-7.970916,-34.866098,BRIDGE
-7.970349,-35.335440,-7.970320,-35.335452,BRIDGE
-7.970236,-35.249923,-7.970157,-35.249926,BRIDGE
-7.969432,-34.844460,-7.969438,-34.844392,BRIDGE
-7.969307,-34.867510,-7.969368,-34.867531,BRIDGE
-7.969217,-36.179186,-7.969216,-36.179363,BRIDGE
-7.968613,-34.833475,-7.968546,-34.833645,BRIDGE
-7.968485,-35.559963,-7.968583,-35.559787,BRIDGE
-7.967872,-34.846436,-7.967751,-34.846437,BRIDGE
-7.967787,-35.329000,-7.967769,-35.328972,BRIDGE
-7.967572,-34.853313,-7.967612,-34.853320,BRIDGE
-7.967562,-35.332840,-7.967585,-35.332846,BRIDGE
-7.967423,-34.856866,-7.967557,-34.856828,BRIDGE
-7.967384,-38.662886,-7.967262,-38.663168,BRIDGE
-7.967328,-34.855267,-7.967394,-34.855261,BRIDGE
-7.966969,-34.978941,-7.966992,-34.978913,BRIDGE
-7.966807,-34.994815,-7.966745,-34.994738,BRIDGE
-7.966780,-39.134734,-7.966893,-39.134734,BRIDGE
-7.966266,-34.873867,-7.966363,-34.873982,BRIDGE
-7.965957,-35.092142,-7.965515,-35.092348,BRIDGE
-7.965699,-35.092467,-7.966082,-35.092289,BRIDGE
-7.965691,-35.088058,-7.964531,-35.088875,BRIDGE
-7.965077,-34.986565,-7.965183,-34.986598,BRIDGE
-7.963546,-35.728277,-7.963501,-35.728290,BRIDGE
-7.963236,-35.731117,-7.963189,-35.731072,BRIDGE
-7.962977,-34.842119,-7.962892,-34.842225,BRIDGE
-7.962660,-36.317079,-7.962600,-36.317184,BRIDGE
-7.962423,-36.205106,-7.963049,-36.206008,BRIDGE
-7.962391,-39.290129,-7.962158,-39.290337,BRIDGE
-7.961113,-39.911180,-7.961221,-39.911237,TUNNEL
-7.961003,-34.840485,-7.960968,-34.840599,BRIDGE
-7.960775,-36.200740,-7.961304,-36.200593,BRIDGE
-7.960353,-36.208341,-7.960443,-36.208370,BRIDGE
-7.960312,-36.126129,-7.960156,-36.126278,BRIDGE
-7.960304,-36.126355,-7.960424,-36.126232,BRIDGE
-7.959576,-34.830683,-7.958553,-34.830739,BRIDGE
-7.959320,-35.027262,-7.959346,-35.027365,BRIDGE
-7.959317,-34.966496,-7.959294,-34.966416,BRIDGE
-7.959120,-38.178379,-7.959405,-38.178658,BRIDGE
-7.958533,-36.216484,-7.959358,-36.216484,BRIDGE
-7.958456,-35.027089,-7.958445,-35.027024,BRIDGE
-7.958388,-34.968110,-7.958474,-34.968092,BRIDGE
-7.958121,-34.970628,-7.958281,-34.970606,BRIDGE
-7.958085,-35.028159,-7.957960,-35.028131,BRIDGE
-7.957791,-34.830736,-7.957373,-34.830762,BRIDGE
-7.957701,-35.558206,-7.957747,-35.558173,BRIDGE
-7.957389,-35.025250,-7.957449,-35.025239,BRIDGE
-7.957385,-36.199468,-7.957500,-36.199764,BRIDGE
-7.957381,-34.830846,-7.957794,-34.830822,BRIDGE
-7.957273,-34.853597,-7.957161,-34.853535,BRIDGE
-7.956654,-34.876620,-7.956609,-34.876518,BRIDGE
-7.955757,-35.038307,-7.955843,-35.038257,BRIDGE
-7.955718,-36.220646,-7.955846,-36.220644,BRIDGE
-7.954968,-37.202886,-7.954846,-37.202960,BRIDGE
-7.954928,-36.128183,-7.954479,-36.128122,BRIDGE
-7.954613,-35.086016,-7.954538,-35.085984,BRIDGE
-7.954602,-34.877759,-7.954615,-34.877680,BRIDGE
-7.954496,-36.128269,-7.954932,-36.128342,BRIDGE
-7.954410,-36.228012,-7.955163,-36.228715,BRIDGE
-7.953988,-36.198608,-7.953795,-36.198857,BRIDGE
-7.953901,-36.198924,-7.954100,-36.198682,BRIDGE
-7.953790,-35.393050,-7.953720,-35.392990,BRIDGE
-7.953628,-34.975686,-7.953617,-34.975621,BRIDGE
-7.953534,-34.923589,-7.953522,-34.923671,BRIDGE
-7.953400,-39.910138,-7.953037,-39.910997,BRIDGE
-7.953359,-38.262844,-7.953145,-38.262650,BRIDGE
-7.953283,-34.974622,-7.953226,-34.974606,BRIDGE
-7.953057,-35.394729,-7.953097,-35.394587,BRIDGE
-7.952409,-36.364251,-7.952684,-36.364234,BRIDGE
-7.952212,-34.877228,-7.952221,-34.877296,BRIDGE
-7.951928,-37.484035,-7.951870,-37.484161,BRIDGE
-7.951625,-34.877475,-7.951609,-34.877407,BRIDGE
-7.951029,-35.557934,-7.950940,-35.557954,BRIDGE
-7.950709,-34.896661,-7.950739,-34.896600,BRIDGE
-7.950544,-36.198059,-7.950457,-36.198062,BRIDGE
-7.950448,-36.199813,-7.950448,-36.199927,BRIDGE
-7.950417,-35.502754,-7.950399,-35.502730,BRIDGE
-7.950092,-35.075862,-7.950010,-35.075849,BRIDGE
-7.949809,-34.877688,-7.949634,-34.876888,BRIDGE
-7.949660,-34.895441,-7.949569,-34.895467,BRIDGE
-7.948815,-35.740480,-7.948812,-35.740274,BRIDGE
-7.947731,-35.003031,-7.947705,-35.002977,BRIDGE
-7.947653,-35.064722,-7.947587,-35.064584,BRIDGE
-7.947570,-35.002929,-7.947512,-35.002919,BRIDGE
-7.947170,-35.002439,-7.947133,-35.002366,BRIDGE
-7.946833,-35.544363,-7.946167,-35.544311,BRIDGE
-7.946071,-34.904795,-7.945907,-34.904724,BRIDGE
-7.945997,-34.834980,-7.945935,-34.835084,BRIDGE
-7.945817,-34.904842,-7.945988,-34.904922,BRIDGE
-7.945479,-36.270389,-7.945392,-36.270759,BRIDGE
-7.945392,-35.026919,-7.945336,-35.026932,BRIDGE
-7.945314,-35.076413,-7.945234,-35.076449,BRIDGE
-7.945297,-35.027080,-7.945375,-35.027053,BRIDGE
-7.945174,-35.554962,-7.945256,-35.554864,BRIDGE
-7.944790,-36.224610,-7.944798,-36.224471,BRIDGE
-7.944706,-37.487398,-7.944568,-37.487459,BRIDGE
-7.944667,-35.117927,-7.944507,-35.118361,BRIDGE
-7.944627,-35.118372,-7.944767,-35.117972,BRIDGE
-7.944477,-34.909991,-7.944299,-34.910063,BRIDGE
-7.944405,-35.397010,-7.944413,-35.396915,BRIDGE
-7.944154,-35.504441,-7.944098,-35.504483,BRIDGE
-7.944021,-34.896250,-7.943806,-34.896294,BRIDGE
-7.943664,-34.904239,-7.943521,-34.904214,BRIDGE
-7.943595,-35.655326,-7.943901,-35.655416,BRIDGE
-7.943524,-34.902938,-7.943617,-34.902943,BRIDGE
-7.943510,-34.904348,-7.943739,-34.904384,BRIDGE
-7.943488,-35.654936,-7.943516,-35.655124,BRIDGE
-7.943457,-35.077235,-7.943382,-35.077267,BRIDGE
-7.943365,-36.374075,-7.943445,-36.374485,BRIDGE
-7.942519,-34.854701,-7.942341,-34.854709,BRIDGE
-7.942490,-34.832660,-7.942506,-34.832553,BRIDGE
-7.942404,-38.148492,-7.941237,-38.149425,BRIDGE
-7.942329,-35.599123,-7.942291,-35.599390,BRIDGE
-7.942283,-36.225889,-7.942226,-36.225871,BRIDGE
-7.942215,-39.085244,-7.942223,-39.085794,BRIDGE
-7.942105,-35.633888,-7.942194,-35.633870,BRIDGE
-7.941794,-34.948382,-7.941761,-34.948438,BRIDGE
-7.941700,-35.564827,-7.942023,-35.564714,BRIDGE
-7.941441,-35.634013,-7.941631,-35.633980,BRIDGE
-7.941389,-35.628620,-7.940737,-35.628385,BRIDGE
-7.941383,-35.029807,-7.941319,-35.029760,BRIDGE
-7.941299,-34.854757,-7.941087,-34.854765,BRIDGE
-7.941256,-34.899465,-7.941204,-34.899374,BRIDGE
-7.940854,-34.824972,-7.940665,-34.824964,BRIDGE
-7.940572,-35.028132,-7.940609,-35.028043,BRIDGE
-7.940560,-34.826535,-7.940477,-34.826518,BRIDGE
-7.940425,-34.827172,-7.940375,-34.827163,BRIDGE
-7.940412,-35.636292,-7.940336,-35.636462,BRIDGE
-7.940237,-40.332118,-7.940204,-40.332083,BRIDGE
-7.940228,-35.556947,-7.940348,-35.557004,BRIDGE
-7.940049,-34.829067,-7.940088,-34.829074,BRIDGE
-7.939722,-34.831005,-7.939763,-34.831014,BRIDGE
-7.939557,-35.387227,-7.939886,-35.386860,BRIDGE
-7.939434,-34.887729,-7.939477,-34.887625,BRIDGE
-7.938944,-34.891310,-7.938876,-34.891344,BRIDGE
-7.938667,-34.876067,-7.938676,-34.875986,BRIDGE
-7.938505,-34.890513,-7.938558,-34.890420,BRIDGE
-7.938378,-34.863955,-7.938184,-34.863903,BRIDGE
-7.938160,-34.864012,-7.938344,-34.864063,BRIDGE
-7.938143,-34.888013,-7.938126,-34.887970,BRIDGE
-7.938020,-34.875943,-7.938046,-34.875894,BRIDGE
-7.937828,-34.901078,-7.937825,-34.901136,BRIDGE
-7.937647,-34.875745,-7.937642,-34.875870,BRIDGE
-7.937544,-34.886226,-7.937672,-34.886118,BRIDGE
-7.937479,-34.879119,-7.938057,-34.881147,BRIDGE
-7.937408,-34.881904,-7.937226,-34.882027,BRIDGE
-7.937237,-35.079326,-7.937154,-35.079349,BRIDGE
-7.936915,-34.901520,-7.936915,-34.901395,BRIDGE
-7.936840,-34.881016,-7.936634,-34.881235,BRIDGE
-7.936755,-34.880919,-7.936553,-34.881125,BRIDGE
-7.936708,-34.881297,-7.936925,-34.881076,BRIDGE
-7.936427,-34.882583,-7.936284,-34.882678,BRIDGE
-7.936411,-34.990841,-7.936212,-34.990789,BRIDGE
-7.936010,-34.882006,-7.935818,-34.882242,BRIDGE
-7.935908,-34.881899,-7.935704,-34.882138,BRIDGE
-7.935875,-34.882286,-7.936066,-34.882055,BRIDGE
-7.935680,-39.132607,-7.935380,-39.132829,BRIDGE
-7.934746,-34.855108,-7.934647,-34.855011,BRIDGE
-7.934019,-35.130734,-7.933840,-35.131063,BRIDGE
-7.933960,-35.131158,-7.934152,-35.130811,BRIDGE
-7.933629,-34.858487,-7.933535,-34.858394,BRIDGE
-7.933567,-34.853961,-7.933500,-34.853892,BRIDGE
-7.933514,-34.858451,-7.933606,-34.858544,BRIDGE
-7.933445,-35.522457,-7.932789,-35.522074,BRIDGE
-7.932421,-34.854592,-7.932361,-34.854495,BRIDGE
-7.931436,-34.854628,-7.931354,-34.854709,BRIDGE
-7.931082,-34.861028,-7.930990,-34.860959,BRIDGE
-7.930654,-34.861452,-7.930579,-34.861396,BRIDGE
-7.930309,-34.861769,-7.930232,-34.861711,BRIDGE
-7.930308,-34.853107,-7.930205,-34.853177,BRIDGE
-7.929935,-34.862045,-7.929848,-34.861981,BRIDGE
-7.929567,-34.862328,-7.929438,-34.862229,BRIDGE
-7.929175,-34.898580,-7.928870,-34.898906,BRIDGE
-7.929158,-35.142647,-7.928995,-35.142993,BRIDGE
-7.929154,-35.143025,-7.929303,-35.142695,BRIDGE
-7.929078,-40.108238,-7.929154,-40.108277,BRIDGE
-7.929043,-34.862570,-7.928978,-34.862531,BRIDGE
-7.928837,-35.825736,-7.928524,-35.825593,BRIDGE
-7.928781,-35.372001,-7.928748,-35.371925,BRIDGE
-7.928721,-40.084706,-7.928788,-40.084706,TUNNEL
-7.928695,-34.862820,-7.928631,-34.862678,BRIDGE
-7.928075,-40.038855,-7.927981,-40.038853,TUNNEL
-7.927129,-34.856982,-7.927032,-34.857075,BRIDGE
-7.924850,-35.045146,-7.924765,-35.045108,BRIDGE
-7.924679,-35.005955,-7.924804,-35.005958,BRIDGE
-7.924427,-34.835172,-7.924484,-34.835008,BRIDGE
-7.924378,-34.827048,-7.924362,-34.827139,BRIDGE
-7.923307,-34.826924,-7.923327,-34.826807,BRIDGE
-7.923284,-35.043922,-7.923217,-35.043955,BRIDGE
-7.923169,-35.413744,-7.923356,-35.413733,BRIDGE
-7.922626,-34.824407,-7.922604,-34.824515,BRIDGE
-7.922602,-34.840044,-7.922513,-34.840199,BRIDGE
-7.921641,-34.823744,-7.921677,-34.823615,BRIDGE
-7.921483,-35.497927,-7.921223,-35.497655,BRIDGE
-7.921462,-34.893933,-7.921008,-34.893458,BRIDGE
-7.921221,-34.849984,-7.921087,-34.850020,BRIDGE
-7.921221,-34.849984,-7.921026,-34.849964,BRIDGE
-7.921161,-34.850111,-7.921221,-34.849984,BRIDGE
-7.921041,-35.410457,-7.921958,-35.409884,BRIDGE
-7.920918,-35.368590,-7.920978,-35.368525,BRIDGE
-7.920852,-34.893591,-7.921543,-34.894315,BRIDGE
-7.920845,-38.091759,-7.920675,-38.091788,BRIDGE
-7.920763,-34.822961,-7.920766,-34.823073,BRIDGE
-7.920750,-35.087225,-7.920689,-35.087279,BRIDGE
-7.919393,-34.822472,-7.919382,-34.822636,BRIDGE
-7.918804,-35.364774,-7.918774,-35.364718,BRIDGE
-7.918460,-34.821901,-7.918464,-34.821818,BRIDGE
-7.918341,-34.895998,-7.918051,-34.896221,BRIDGE
-7.918287,-34.896359,-7.918481,-34.896216,BRIDGE
-7.917767,-34.821569,-7.917765,-34.821632,BRIDGE
-7.917390,-35.166523,-7.917503,-35.166281,BRIDGE
-7.917344,-35.166224,-7.917247,-35.166426,BRIDGE
-7.917255,-34.900287,-7.917234,-34.899988,BRIDGE
-7.916239,-34.907948,-7.916114,-34.907854,BRIDGE
-7.915976,-35.088727,-7.915965,-35.088806,BRIDGE
-7.915883,-40.080745,-7.915913,-40.080659,BRIDGE
-7.915759,-39.363378,-7.915507,-39.364209,BRIDGE
-7.915103,-40.100994,-7.915290,-40.101090,BRIDGE
-7.914159,-34.903695,-7.914247,-34.903697,BRIDGE
-7.913652,-34.842646,-7.913664,-34.842462,BRIDGE
-7.913468,-34.904772,-7.913469,-34.904897,BRIDGE
-7.913262,-40.184214,-7.913336,-40.184249,BRIDGE
-7.913175,-35.096486,-7.913209,-35.096484,BRIDGE
-7.912944,-40.185812,-7.912830,-40.185788,TUNNEL
-7.912379,-34.887560,-7.912307,-34.887360,BRIDGE
-7.911271,-34.830799,-7.911272,-34.830925,BRIDGE
-7.911223,-34.883680,-7.911223,-34.883585,BRIDGE
-7.911092,-34.883423,-7.911013,-34.883390,BRIDGE
-7.911076,-34.919511,-7.911034,-34.919509,BRIDGE
-7.910516,-34.830902,-7.910528,-34.830966,BRIDGE
-7.910112,-35.681138,-7.910085,-35.680974,BRIDGE
-7.909976,-35.099367,-7.910006,-35.099454,BRIDGE
-7.909766,-34.830948,-7.909728,-34.830868,BRIDGE
-7.909391,-35.119422,-7.909828,-35.119062,BRIDGE
-7.909106,-34.929576,-7.909113,-34.929609,BRIDGE
-7.908949,-34.844093,-7.908660,-34.844046,BRIDGE
-7.908776,-34.903899,-7.908860,-34.903980,BRIDGE
-7.908379,-34.902961,-7.908321,-34.903092,BRIDGE
-7.907362,-35.116065,-7.907386,-35.116175,BRIDGE
-7.907242,-34.828441,-7.907287,-34.828548,BRIDGE
-7.905896,-39.118818,-7.906000,-39.118598,BRIDGE
-7.905620,-35.173274,-7.905199,-35.173279,BRIDGE
-7.905577,-34.826131,-7.905506,-34.826165,BRIDGE
-7.905200,-35.173387,-7.905606,-35.173384,BRIDGE
-7.904913,-38.096576,-7.904645,-38.096140,BRIDGE
-7.903978,-40.371689,-7.903897,-40.371694,BRIDGE
-7.902351,-34.839032,-7.902351,-34.839084,BRIDGE
-7.901040,-34.839107,-7.901041,-34.839197,BRIDGE
-7.900677,-35.626899,-7.900618,-35.626927,BRIDGE
-7.900426,-34.831073,-7.900429,-34.831142,BRIDGE
-7.900402,-34.839234,-7.900395,-34.839144,BRIDGE
-7.899804,-34.839156,-7.899752,-34.839248,BRIDGE
-7.899794,-34.830633,-7.899785,-34.830780,BRIDGE
-7.899462,-35.153231,-7.898526,-35.153139,BRIDGE
-7.899239,-34.838853,-7.899186,-34.838947,BRIDGE
-7.899105,-34.830225,-7.899104,-34.830094,BRIDGE
-7.898674,-34.838533,-7.898620,-34.838625,BRIDGE
-7.898472,-34.828349,-7.898325,-34.828353,BRIDGE
-7.898275,-35.176129,-7.898372,-35.176068,BRIDGE
-7.898093,-34.838202,-7.898046,-34.838285,BRIDGE
-7.898056,-35.175877,-7.898090,-35.175826,BRIDGE
-7.897973,-34.827774,-7.897963,-34.827929,BRIDGE
-7.897488,-34.837874,-7.897438,-34.837964,BRIDGE
-7.897222,-35.172996,-7.896820,-35.173006,BRIDGE
-7.896943,-34.837542,-7.896900,-34.837633,BRIDGE
-7.896827,-35.173106,-7.897221,-35.173090,BRIDGE
-7.896822,-35.174160,-7.896874,-35.174080,BRIDGE
-7.896350,-34.837217,-7.896298,-34.837318,BRIDGE
-7.896346,-35.965169,-7.896249,-35.964785,BRIDGE
-7.895786,-34.836901,-7.895735,-34.836989,BRIDGE
-7.895453,-35.173163,-7.894250,-35.173299,BRIDGE
-7.895222,-34.836576,-7.895163,-34.836675,BRIDGE
-7.894823,-34.826014,-7.894827,-34.825895,BRIDGE
-7.894644,-35.178471,-7.894207,-35.178415,BRIDGE
-7.894272,-35.173435,-7.895460,-35.173284,BRIDGE
-7.893926,-34.825807,-7.893929,-34.825681,BRIDGE
-7.893820,-35.181737,-7.892303,-35.181401,BRIDGE
-7.893751,-35.173386,-7.893520,-35.173454,BRIDGE
-7.893632,-35.051056,-7.893698,-35.051104,BRIDGE
-7.893518,-35.173654,-7.893783,-35.173535,BRIDGE
-7.893460,-35.157742,-7.893294,-35.157879,BRIDGE
-7.892674,-40.094654,-7.892727,-40.094592,BRIDGE
-7.891637,-34.824984,-7.891636,-34.824867,BRIDGE
-7.890641,-35.273252,-7.890651,-35.273195,BRIDGE
-7.890387,-35.056701,-7.890452,-35.056651,BRIDGE
-7.890357,-35.056423,-7.890296,-35.056378,BRIDGE
-7.890267,-40.264807,-7.890355,-40.264820,TUNNEL
-7.889378,-34.824714,-7.889378,-34.824802,BRIDGE
-7.889180,-35.253945,-7.889169,-35.253728,BRIDGE
-7.888384,-35.199741,-7.888470,-35.199631,BRIDGE
-7.888135,-35.238736,-7.889326,-35.239102,BRIDGE
-7.887969,-35.212449,-7.888371,-35.212248,BRIDGE
-7.887864,-35.462385,-7.887732,-35.462258,BRIDGE
-7.887582,-35.461670,-7.887865,-35.461294,BRIDGE
-7.886706,-35.241202,-7.886837,-35.242036,BRIDGE
-7.886553,-34.910858,-7.886507,-34.910894,BRIDGE
-7.886479,-35.238189,-7.886770,-35.238286,BRIDGE
-7.886406,-35.058311,-7.886443,-35.058074,BRIDGE
-7.886296,-35.163750,-7.886242,-35.163662,BRIDGE
-7.886208,-34.904259,-7.885889,-34.904305,BRIDGE
-7.886179,-34.904118,-7.885883,-34.904162,BRIDGE
-7.885911,-35.058561,-7.885766,-35.058130,BRIDGE
-7.885896,-34.904467,-7.886166,-34.904422,BRIDGE
-7.885315,-35.159606,-7.885269,-35.159601,BRIDGE
-7.884963,-35.059277,-7.884797,-35.059324,BRIDGE
-7.884796,-35.476453,-7.884896,-35.476358,BRIDGE
-7.884360,-35.278166,-7.884851,-35.278679,BRIDGE
-7.883005,-35.612062,-7.883067,-35.612057,BRIDGE
-7.882742,-35.656771,-7.882880,-35.656787,BRIDGE
-7.881420,-35.457521,-7.882712,-35.456652,BRIDGE
-7.880528,-35.183280,-7.880276,-35.183406,BRIDGE
-7.880344,-35.183535,-7.880596,-35.183411,BRIDGE
-7.880278,-35.327673,-7.879945,-35.327419,BRIDGE
-7.879916,-35.444279,-7.879935,-35.444303,BRIDGE
-7.879838,-35.057732,-7.879737,-35.057728,BRIDGE
-7.879023,-35.451028,-7.879567,-35.450718,BRIDGE
-7.878864,-35.447107,-7.878898,-35.447083,BRIDGE
-7.878584,-35.446720,-7.878631,-35.446674,BRIDGE
-7.876015,-35.445973,-7.877024,-35.445253,BRIDGE
-7.873565,-38.054580,-7.873530,-38.054709,TUNNEL
-7.873351,-35.284146,-7.873705,-35.284238,BRIDGE
-7.873030,-35.443626,-7.872963,-35.443541,BRIDGE
-7.872853,-35.443607,-7.872930,-35.443696,BRIDGE
-7.872685,-35.444795,-7.872740,-35.444832,BRIDGE
-7.872490,-35.287391,-7.872425,-35.287371,BRIDGE
-7.871405,-35.289076,-7.871594,-35.289082,BRIDGE
-7.871350,-35.656477,-7.871277,-35.656510,BRIDGE
-7.871194,-34.835023,-7.869614,-34.835587,BRIDGE
-7.869879,-35.291138,-7.869812,-35.291152,BRIDGE
-7.869642,-35.090532,-7.869713,-35.090682,BRIDGE
-7.868407,-37.973309,-7.869082,-37.973068,BRIDGE
-7.867158,-37.372696,-7.867076,-37.372695,BRIDGE
-7.866710,-35.302941,-7.866646,-35.302939,BRIDGE
-7.866554,-34.877030,-7.866528,-34.876894,BRIDGE
-7.865806,-35.766880,-7.865803,-35.767011,BRIDGE
-7.864864,-35.257017,-7.864895,-35.257118,BRIDGE
-7.864864,-35.206195,-7.864558,-35.206362,BRIDGE
-7.864617,-35.206493,-7.864923,-35.206316,BRIDGE
-7.864500,-35.321886,-7.863021,-35.322116,BRIDGE
-7.864386,-35.431203,-7.864222,-35.430903,BRIDGE
-7.864286,-35.766322,-7.864284,-35.766120,BRIDGE
-7.863814,-35.766030,-7.863813,-35.766188,BRIDGE
-7.863576,-35.435066,-7.863577,-35.435009,BRIDGE
-7.861759,-35.537440,-7.861720,-35.537427,BRIDGE
-7.861542,-37.980022,-7.861615,-37.979846,BRIDGE
-7.860851,-35.191280,-7.860881,-35.191333,BRIDGE
-7.860358,-34.916970,-7.860428,-34.916988,BRIDGE
-7.859775,-37.976732,-7.859913,-37.976583,BRIDGE
-7.859496,-35.390941,-7.859648,-35.390991,BRIDGE
-7.859358,-39.091905,-7.859521,-39.091550,BRIDGE
-7.859308,-34.879158,-7.859206,-34.879160,BRIDGE
-7.859165,-37.980775,-7.859161,-37.980405,BRIDGE
-7.857539,-38.765362,-7.857843,-38.765056,BRIDGE
-7.857396,-35.258576,-7.857404,-35.258716,BRIDGE
-7.856823,-37.372667,-7.856753,-37.372666,BRIDGE
-7.856242,-40.341941,-7.856965,-40.341771,BRIDGE
-7.855540,-35.395952,-7.855010,-35.395406,BRIDGE
-7.854828,-35.260197,-7.854828,-35.260125,BRIDGE
-7.854708,-34.884809,-7.854672,-34.884740,BRIDGE
-7.854321,-35.224058,-7.854028,-35.224683,BRIDGE
-7.854182,-35.224689,-7.854428,-35.224165,BRIDGE
-7.853334,-40.336636,-7.853302,-40.336539,BRIDGE
-7.850587,-35.231944,-7.850453,-35.232223,BRIDGE
-7.850521,-35.232263,-7.850664,-35.231979,BRIDGE
-7.850338,-34.898101,-7.850357,-34.898064,BRIDGE
-7.850297,-37.372644,-7.850024,-37.372640,BRIDGE
-7.849786,-34.886111,-7.849707,-34.886000,BRIDGE
-7.849785,-35.096352,-7.850083,-35.095897,BRIDGE
-7.847145,-38.090950,-7.847111,-38.090818,BRIDGE
-7.845842,-34.908330,-7.845769,-34.908310,BRIDGE
-7.844123,-40.130433,-7.843858,-40.130786,BRIDGE
-7.843984,-34.916506,-7.843903,-34.916696,BRIDGE
-7.843946,-38.094303,-7.843888,-38.094239,BRIDGE
-7.843838,-35.698002,-7.843840,-35.697506,BRIDGE
-7.843288,-35.756498,-7.843422,-35.756351,BRIDGE
-7.843258,-35.750926,-7.843422,-35.750583,BRIDGE
-7.842732,-34.934626,-7.842766,-34.934665,BRIDGE
-7.842456,-34.926450,-7.842554,-34.926416,BRIDGE
-7.841143,-35.751993,-7.841354,-35.751986,BRIDGE
-7.839803,-40.479298,-7.839892,-40.479313,BRIDGE
-7.838813,-35.188530,-7.838877,-35.188576,BRIDGE
-7.836379,-38.103866,-7.836249,-38.103944,BRIDGE
-7.835247,-34.912461,-7.834848,-34.912410,BRIDGE
-7.835051,-35.754255,-7.835102,-35.754131,BRIDGE
-7.834980,-35.197651,-7.835044,-35.197709,BRIDGE
-7.834932,-34.913097,-7.835383,-34.912980,BRIDGE
-7.834693,-35.766652,-7.834580,-35.766652,BRIDGE
-7.834680,-35.765742,-7.834582,-35.765742,BRIDGE
-7.834641,-35.764465,-7.834498,-35.764689,BRIDGE
-7.834373,-34.928938,-7.834414,-34.928976,BRIDGE
-7.833783,-34.912685,-7.833496,-34.912929,BRIDGE
-7.832604,-34.907329,-7.832658,-34.907251,BRIDGE
-7.831525,-37.514865,-7.831773,-37.514711,BRIDGE
-7.831174,-35.707437,-7.831173,-35.707400,BRIDGE
-7.830820,-35.100673,-7.830805,-35.100588,BRIDGE
-7.829513,-34.916446,-7.829460,-34.916604,BRIDGE
-7.828426,-35.357042,-7.828646,-35.356974,BRIDGE
-7.828374,-35.468670,-7.828508,-35.468410,BRIDGE
-7.828179,-34.916338,-7.828060,-34.915899,BRIDGE
-7.827945,-35.751734,-7.827775,-35.751607,BRIDGE
-7.827614,-35.398502,-7.827828,-35.398512,BRIDGE
-7.827488,-34.916272,-7.827370,-34.915833,BRIDGE
-7.827379,-34.909520,-7.827367,-34.909485,TUNNEL
-7.827312,-35.457754,-7.827052,-35.457882,BRIDGE
-7.826565,-38.115890,-7.826577,-38.116022,TUNNEL
-7.826274,-34.916560,-7.826190,-34.916187,BRIDGE
-7.826051,-35.271678,-7.825883,-35.271605,BRIDGE
-7.825452,-35.473946,-7.825583,-35.473724,BRIDGE
-7.825172,-34.917148,-7.825162,-34.917051,BRIDGE
-7.825056,-35.742727,-7.824887,-35.742170,BRIDGE
-7.824921,-35.740111,-7.824893,-35.740017,BRIDGE
-7.824664,-35.271982,-7.824438,-35.272405,BRIDGE
-7.824007,-35.328279,-7.824312,-35.328206,BRIDGE
-7.823099,-34.937183,-7.823072,-34.937203,BRIDGE
-7.822769,-35.466604,-7.822823,-35.466572,BRIDGE
-7.822513,-34.846429,-7.822669,-34.846589,BRIDGE
-7.821754,-35.357295,-7.821674,-35.357237,BRIDGE
-7.821668,-35.414242,-7.821377,-35.414141,BRIDGE
-7.820259,-34.923136,-7.820183,-34.923071,BRIDGE
-7.819642,-34.911323,-7.819357,-34.911319,BRIDGE
-7.819345,-35.294981,-7.819307,-35.295316,BRIDGE
-7.818281,-35.565869,-7.818066,-35.565696,BRIDGE
-7.817824,-40.308487,-7.817173,-40.308025,BRIDGE
-7.817221,-35.869756,-7.817184,-35.869724,BRIDGE
-7.817212,-37.370129,-7.817124,-37.370109,BRIDGE
-7.816810,-35.016252,-7.816551,-35.016405,BRIDGE
-7.816724,-34.912509,-7.816603,-34.912585,BRIDGE
-7.816659,-35.015895,-7.816239,-35.016137,BRIDGE
-7.816430,-35.708858,-7.816394,-35.708802,BRIDGE
-7.816294,-40.167117,-7.816051,-40.167435,BRIDGE
-7.816156,-35.420694,-7.816296,-35.420666,BRIDGE
-7.816082,-36.099165,-7.815992,-36.099183,BRIDGE
-7.814818,-35.187553,-7.814911,-35.187535,BRIDGE
-7.813780,-35.859108,-7.813804,-35.859121,BRIDGE
-7.813320,-39.144588,-7.813488,-39.144339,BRIDGE
-7.813114,-35.823074,-7.812918,-35.823094,BRIDGE
-7.810587,-34.908781,-7.810551,-34.908631,BRIDGE
-7.810441,-35.191848,-7.810672,-35.191736,BRIDGE
-7.810373,-35.149338,-7.810631,-35.149295,BRIDGE
-7.810152,-35.503801,-7.810224,-35.503604,BRIDGE
-7.809888,-35.833409,-7.809818,-35.833365,BRIDGE
-7.809733,-35.778792,-7.809795,-35.778725,BRIDGE
-7.809356,-37.836254,-7.809176,-37.835871,BRIDGE
-7.808638,-35.785241,-7.808384,-35.785223,BRIDGE
-7.808391,-37.794034,-7.809117,-37.793618,BRIDGE
-7.808058,-34.922817,-7.807931,-34.922973,BRIDGE
-7.808040,-34.923056,-7.808156,-34.922916,BRIDGE
-7.806115,-35.240518,-7.806039,-35.240321,BRIDGE
-7.805858,-39.975788,-7.806037,-39.976052,BRIDGE
-7.804073,-38.019871,-7.803744,-38.019948,BRIDGE
-7.803809,-35.241334,-7.803767,-35.241204,BRIDGE
-7.802756,-35.288690,-7.802736,-35.288812,BRIDGE
-7.802482,-35.241562,-7.802537,-35.241431,BRIDGE
-7.802245,-35.519583,-7.802229,-35.519354,BRIDGE
-7.801948,-35.241664,-7.801989,-35.241581,BRIDGE
-7.801928,-35.256488,-7.801898,-35.256450,BRIDGE
-7.800456,-35.242941,-7.800352,-35.242860,BRIDGE
-7.799266,-35.585917,-7.799243,-35.586263,BRIDGE
-7.798504,-37.810466,-7.798495,-37.809986,BRIDGE
-7.798243,-35.244051,-7.798240,-35.243894,BRIDGE
-7.796629,-35.740345,-7.796661,-35.740341,BRIDGE
-7.796589,-35.208985,-7.796595,-35.208933,BRIDGE
-7.796550,-35.590262,-7.796352,-35.590010,BRIDGE
-7.795947,-35.588011,-7.796143,-35.587821,BRIDGE
-7.795225,-35.235224,-7.795129,-35.234989,BRIDGE
-7.794702,-35.746549,-7.794675,-35.746502,BRIDGE
-7.794701,-35.746269,-7.794765,-35.746268,BRIDGE
-7.793421,-35.593621,-7.794119,-35.593337,BRIDGE
-7.793181,-35.242212,-7.793327,-35.242227,BRIDGE
-7.792199,-35.598526,-7.791910,-35.598060,BRIDGE
-7.789084,-38.020950,-7.788826,-38.021079,BRIDGE
-7.789004,-37.786105,-7.788663,-37.785870,BRIDGE
-7.787697,-39.944767,-7.787883,-39.945016,BRIDGE
-7.787263,-35.194160,-7.787310,-35.194104,BRIDGE
-7.786245,-39.942743,-7.786360,-39.942906,BRIDGE
-7.785654,-35.080539,-7.785677,-35.080619,BRIDGE
-7.785141,-35.059949,-7.785139,-35.059988,BRIDGE
-7.783896,-35.273476,-7.783773,-35.273585,BRIDGE
-7.783471,-39.934082,-7.783538,-39.933984,BRIDGE
-7.782504,-35.225455,-7.782469,-35.225472,BRIDGE
-7.781606,-39.753045,-7.785542,-39.744839,BRIDGE
-7.780592,-35.616523,-7.780655,-35.616539,BRIDGE
-7.774428,-35.623861,-7.774421,-35.624164,BRIDGE
-7.774099,-34.891148,-7.773926,-34.887579,BRIDGE
-7.773044,-37.623036,-7.772959,-37.623143,BRIDGE
-7.773003,-40.261113,-7.773080,-40.261083,BRIDGE
-7.771273,-37.359285,-7.770993,-37.359222,BRIDGE
-7.770364,-40.370479,-7.770357,-40.370568,BRIDGE
-7.769375,-35.065763,-7.769292,-35.065763,BRIDGE
-7.769356,-40.258697,-7.769671,-40.258587,BRIDGE
-7.769262,-35.208078,-7.769196,-35.208157,BRIDGE
-7.768792,-37.479247,-7.768952,-37.479703,BRIDGE
-7.766928,-37.606435,-7.766983,-37.606234,BRIDGE
-7.764992,-34.831319,-7.765099,-34.831416,BRIDGE
-7.764409,-34.834678,-7.764427,-34.834640,BRIDGE
-7.763772,-34.834353,-7.763795,-34.834377,BRIDGE
-7.762287,-34.834183,-7.762342,-34.834129,BRIDGE
-7.758527,-34.937661,-7.758521,-34.937880,BRIDGE
-7.758341,-34.935745,-7.758167,-34.935775,BRIDGE
-7.758179,-34.935957,-7.758365,-34.935943,BRIDGE
-7.757482,-35.180528,-7.757508,-35.180455,BRIDGE
-7.757308,-34.935863,-7.756886,-34.935892,BRIDGE
-7.756916,-34.936020,-7.757310,-34.935995,BRIDGE
-7.754231,-35.725856,-7.753948,-35.725809,BRIDGE
-7.753117,-35.232665,-7.753552,-35.232737,BRIDGE
-7.752759,-34.830528,-7.752769,-34.830497,BRIDGE
-7.752747,-37.626389,-7.752749,-37.626289,BRIDGE
-7.752619,-37.648952,-7.752108,-37.648176,BRIDGE
-7.752605,-37.630188,-7.752613,-37.629923,BRIDGE
-7.750788,-35.230441,-7.750955,-35.230169,BRIDGE
-7.750519,-37.683178,-7.750662,-37.683226,BRIDGE
-7.749805,-35.227674,-7.749568,-35.227346,BRIDGE
-7.749312,-37.641390,-7.749681,-37.640554,BRIDGE
-7.748697,-34.828431,-7.748760,-34.828397,BRIDGE
-7.747621,-37.633786,-7.747494,-37.633611,BRIDGE
-7.747579,-37.486880,-7.747590,-37.486285,BRIDGE
-7.747523,-34.831308,-7.747479,-34.831309,BRIDGE
-7.747522,-34.830754,-7.747468,-34.830751,BRIDGE
-7.747443,-37.633648,-7.747572,-37.633825,BRIDGE
-7.745689,-37.630861,-7.745616,-37.630725,BRIDGE
-7.745615,-34.828589,-7.745626,-34.828524,BRIDGE
-7.745564,-37.630768,-7.745637,-37.630897,BRIDGE
-7.745411,-34.827052,-7.745409,-34.827115,BRIDGE
-7.745196,-39.529727,-7.745036,-39.529724,BRIDGE
-7.743434,-34.826439,-7.743433,-34.826379,BRIDGE
-7.742906,-37.642729,-7.742758,-37.641835,BRIDGE
-7.741381,-35.173779,-7.741107,-35.173349,BRIDGE
-7.737731,-35.644800,-7.737669,-35.644967,BRIDGE
-7.737679,-37.689622,-7.737515,-37.689398,BRIDGE
-7.736828,-37.643130,-7.736900,-37.642931,BRIDGE
-7.736505,-35.215902,-7.736405,-35.215901,BRIDGE
-7.736474,-34.825688,-7.736651,-34.825531,BRIDGE
-7.736141,-34.825371,-7.736140,-34.825476,BRIDGE
-7.736010,-35.212306,-7.736062,-35.212238,BRIDGE
-7.735787,-37.503442,-7.735907,-37.503556,BRIDGE
-7.735665,-37.689771,-7.735593,-37.689683,BRIDGE
-7.735059,-35.197559,-7.735076,-35.197457,BRIDGE
-7.734831,-35.228675,-7.734940,-35.228650,BRIDGE
-7.728524,-35.169272,-7.728507,-35.169398,BRIDGE
-7.726604,-37.515545,-7.726216,-37.515124,BRIDGE
-7.726445,-35.672923,-7.726446,-35.672860,BRIDGE
-7.721831,-37.534550,-7.722003,-37.534845,BRIDGE
-7.721772,-35.144272,-7.721886,-35.143832,BRIDGE
-7.720747,-39.556688,-7.720743,-39.556475,BRIDGE
-7.719644,-35.050869,-7.719613,-35.050901,BRIDGE
-7.718161,-35.238104,-7.717759,-35.237978,BRIDGE
-7.717122,-39.613121,-7.716812,-39.612237,BRIDGE
-7.712646,-37.553508,-7.712793,-37.553369,BRIDGE
-7.712198,-35.190136,-7.712177,-35.190094,BRIDGE
-7.711582,-34.963965,-7.711674,-34.963918,BRIDGE
-7.711030,-40.489054,-7.710985,-40.488972,BRIDGE
-7.710627,-37.519360,-7.710797,-37.519859,BRIDGE
-7.709291,-35.170321,-7.709100,-35.170607,BRIDGE
-7.708138,-39.613042,-7.707935,-39.612853,BRIDGE
-7.707067,-35.117761,-7.707039,-35.117772,BRIDGE
-7.705619,-35.673454,-7.705680,-35.673780,BRIDGE
-7.704098,-40.558373,-7.704175,-40.558401,BRIDGE
-7.704052,-34.937006,-7.704177,-34.937223,BRIDGE
-7.703975,-34.843580,-7.704060,-34.843566,BRIDGE
-7.702783,-35.671514,-7.702713,-35.671519,BRIDGE
-7.699388,-35.161119,-7.699524,-35.160950,BRIDGE
-7.696377,-34.881801,-7.696440,-34.881703,BRIDGE
-7.694496,-34.925327,-7.694604,-34.925118,BRIDGE
-7.694280,-35.090227,-7.694195,-35.090147,BRIDGE
-7.692041,-35.090649,-7.692180,-35.090804,BRIDGE
-7.691017,-34.922143,-7.690317,-34.922196,BRIDGE
-7.690403,-34.922320,-7.690961,-34.922277,BRIDGE
-7.689659,-40.547419,-7.689722,-40.547478,BRIDGE
-7.689402,-35.112958,-7.689076,-35.113093,BRIDGE
-7.688846,-34.925949,-7.688879,-34.926009,BRIDGE
-7.687107,-34.916981,-7.687317,-34.916906,BRIDGE
-7.686087,-35.030119,-7.686111,-35.030072,BRIDGE
-7.685593,-34.867935,-7.685592,-34.867851,BRIDGE
-7.680840,-37.684127,-7.680601,-37.684234,BRIDGE
-7.680837,-35.404431,-7.680901,-35.404444,BRIDGE
-7.680741,-35.158774,-7.680699,-35.158830,BRIDGE
-7.680478,-35.124656,-7.680028,-35.124627,BRIDGE
-7.679155,-35.169440,-7.679225,-35.169446,BRIDGE
-7.677107,-35.160767,-7.677026,-35.160766,BRIDGE
-7.675110,-37.682473,-7.674944,-37.681890,BRIDGE
-7.674873,-37.681910,-7.675033,-37.682491,BRIDGE
-7.673266,-35.092033,-7.673248,-35.092069,BRIDGE
-7.670687,-35.385328,-7.670471,-35.385269,BRIDGE
-7.670422,-35.385593,-7.670368,-35.385562,BRIDGE
-7.668890,-35.113841,-7.668929,-35.113914,BRIDGE
-7.668770,-35.121544,-7.668792,-35.121680,BRIDGE
-7.668172,-34.933503,-7.667917,-34.933035,BRIDGE
-7.667827,-34.933069,-7.668093,-34.933543,BRIDGE
-7.667181,-35.113584,-7.667792,-35.113185,BRIDGE
-7.666473,-40.530377,-7.666545,-40.530415,BRIDGE
-7.661545,-34.952004,-7.661672,-34.952055,BRIDGE
-7.659549,-35.325926,-7.659513,-35.325837,BRIDGE
-7.658085,-35.320727,-7.658085,-35.320645,BRIDGE
-7.657829,-37.333363,-7.657618,-37.333319,BRIDGE
-7.657676,-35.484532,-7.657657,-35.484660,BRIDGE
-7.657621,-35.320721,-7.657622,-35.320645,BRIDGE
-7.657486,-35.324914,-7.657479,-35.324828,BRIDGE
-7.657186,-35.371818,-7.657209,-35.371464,BRIDGE
-7.656613,-35.478602,-7.656679,-35.478747,BRIDGE
-7.655953,-35.476512,-7.655867,-35.476349,BRIDGE
-7.655552,-35.429599,-7.655785,-35.429395,BRIDGE
-7.655009,-35.482198,-7.655051,-35.482387,BRIDGE
-7.654784,-35.021444,-7.654939,-35.021430,BRIDGE
-7.654663,-37.344545,-7.654593,-37.344346,BRIDGE
-7.654642,-34.961616,-7.654718,-34.961643,BRIDGE
-7.654516,-35.324076,-7.654465,-35.324124,BRIDGE
-7.654129,-35.017432,-7.654128,-35.017497,BRIDGE
-7.654049,-35.089813,-7.654068,-35.089754,BRIDGE
-7.654035,-35.356051,-7.654141,-35.356058,BRIDGE
-7.653366,-35.474665,-7.653120,-35.474843,BRIDGE
-7.653354,-35.313890,-7.653261,-35.313927,BRIDGE
-7.653315,-35.431247,-7.652954,-35.431311,BRIDGE
-7.653038,-35.006426,-7.653043,-35.006508,BRIDGE
-7.652784,-35.468018,-7.652610,-35.467929,BRIDGE
-7.652676,-35.364541,-7.652483,-35.364464,BRIDGE
-7.652047,-35.327411,-7.652079,-35.327446,BRIDGE
-7.651052,-40.412355,-7.651105,-40.412321,BRIDGE
-7.650828,-34.985882,-7.650941,-34.985914,BRIDGE
-7.650681,-35.320373,-7.650604,-35.320563,BRIDGE
-7.650317,-37.701303,-7.650445,-37.701378,BRIDGE
-7.648907,-35.035726,-7.648860,-35.035730,BRIDGE
-7.643742,-39.616568,-7.643690,-39.617020,BRIDGE
-7.643540,-35.103642,-7.643741,-35.103626,BRIDGE
-7.641610,-34.876229,-7.642448,-34.877523,BRIDGE
-7.639092,-39.545983,-7.638939,-39.546148,BRIDGE
-7.635184,-35.253356,-7.635206,-35.253277,BRIDGE
-7.634160,-40.166238,-7.634209,-40.166170,BRIDGE
-7.628217,-34.966175,-7.627527,-34.965185,BRIDGE
-7.627448,-37.326455,-7.627348,-37.326433,BRIDGE
-7.627448,-34.965254,-7.628132,-34.966243,BRIDGE
-7.623148,-34.858904,-7.622633,-34.858615,BRIDGE
-7.622317,-37.548878,-7.622111,-37.548750,BRIDGE
-7.621520,-35.125561,-7.621291,-35.125545,BRIDGE
-7.621294,-35.124878,-7.621399,-35.124946,BRIDGE
-7.621012,-40.430422,-7.621036,-40.430451,BRIDGE
-7.620366,-37.323529,-7.620291,-37.323473,BRIDGE
-7.619064,-40.432389,-7.619060,-40.432283,BRIDGE
-7.618518,-34.960112,-7.618584,-34.960384,TUNNEL
-7.617420,-35.240091,-7.617653,-35.240249,BRIDGE
-7.615102,-35.107981,-7.615074,-35.107952,BRIDGE
-7.614112,-35.239541,-7.614244,-35.239495,BRIDGE
-7.613176,-34.974600,-7.612565,-34.973399,BRIDGE
-7.612509,-35.064452,-7.612710,-35.064122,BRIDGE
-7.612486,-34.973455,-7.613085,-34.974647,BRIDGE
-7.611986,-39.702275,-7.611923,-39.702332,BRIDGE
-7.609177,-34.976151,-7.608914,-34.975611,TUNNEL
-7.608099,-35.092940,-7.608060,-35.092909,BRIDGE
-7.606920,-37.313470,-7.606689,-37.313300,BRIDGE
-7.604924,-34.898214,-7.605199,-34.898344,BRIDGE
-7.598876,-35.214528,-7.599016,-35.214222,BRIDGE
-7.598833,-37.313634,-7.599146,-37.313321,BRIDGE
-7.598573,-34.886970,-7.598627,-34.886906,BRIDGE
-7.598509,-37.543931,-7.598588,-37.543539,BRIDGE
-7.597729,-35.042869,-7.597923,-35.042514,BRIDGE
-7.595850,-37.540755,-7.595736,-37.540739,BRIDGE
-7.595715,-37.540816,-7.595819,-37.540831,BRIDGE
-7.595266,-37.539439,-7.595118,-37.539497,BRIDGE
-7.593758,-37.538338,-7.593771,-37.538227,BRIDGE
-7.591041,-39.639148,-7.590988,-39.638780,BRIDGE
-7.590456,-37.545133,-7.590482,-37.545531,BRIDGE
-7.590019,-35.495171,-7.589968,-35.495200,BRIDGE
-7.589850,-35.493392,-7.589870,-35.493477,BRIDGE
-7.589712,-35.494429,-7.589630,-35.494449,BRIDGE
-7.589206,-39.630162,-7.589181,-39.629708,BRIDGE
-7.588817,-35.492333,-7.588740,-35.492356,BRIDGE
-7.586742,-35.021448,-7.586921,-35.021430,BRIDGE
-7.585587,-37.285473,-7.585390,-37.285469,BRIDGE
-7.584877,-37.272669,-7.584942,-37.272552,BRIDGE
-7.583634,-34.997133,-7.583431,-34.997175,BRIDGE
-7.579762,-35.174355,-7.579922,-35.174278,BRIDGE
-7.579657,-34.988165,-7.579174,-34.988229,BRIDGE
-7.579209,-34.988360,-7.579745,-34.988284,BRIDGE
-7.578358,-34.996992,-7.579102,-34.996952,BRIDGE
-7.576417,-40.494151,-7.576422,-40.494068,BRIDGE
-7.573683,-34.933659,-7.573615,-34.933711,BRIDGE
-7.573641,-34.988934,-7.572466,-34.989072,BRIDGE
-7.573635,-40.494969,-7.573740,-40.494991,BRIDGE
-7.573361,-37.535553,-7.573583,-37.535365,BRIDGE
-7.573067,-40.497162,-7.572993,-40.497145,BRIDGE
-7.572441,-34.989213,-7.573632,-34.989061,BRIDGE
-7.572147,-39.615665,-7.572537,-39.615441,BRIDGE
-7.571794,-40.500588,-7.571726,-40.500566,BRIDGE
-7.570433,-39.695266,-7.570434,-39.695183,BRIDGE
-7.568959,-35.258491,-7.568893,-35.258579,BRIDGE
-7.568795,-35.312355,-7.568582,-35.312161,BRIDGE
-7.567953,-35.312898,-7.567919,-35.312794,BRIDGE
-7.566957,-34.859035,-7.566605,-34.858436,BRIDGE
-7.566647,-35.328669,-7.566781,-35.328497,BRIDGE
-7.566408,-34.989640,-7.566007,-34.990254,BRIDGE
-7.565714,-35.125069,-7.565791,-35.124875,BRIDGE
-7.563864,-34.949378,-7.563722,-34.949350,BRIDGE
-7.562934,-39.742656,-7.563009,-39.742689,BRIDGE
-7.561992,-35.455605,-7.561962,-35.455372,BRIDGE
-7.561755,-35.452509,-7.561820,-35.452173,BRIDGE
-7.561457,-35.442654,-7.561615,-35.442409,BRIDGE
-7.560546,-34.872188,-7.560227,-34.872145,BRIDGE
-7.559742,-39.700975,-7.559739,-39.701072,BRIDGE
-7.559621,-35.445410,-7.559755,-35.445196,BRIDGE
-7.558685,-35.117240,-7.558011,-35.117272,BRIDGE
-7.558642,-35.450544,-7.558502,-35.450658,BRIDGE
-7.558162,-34.886519,-7.558460,-34.886582,BRIDGE
-7.557923,-34.867243,-7.557966,-34.866919,BRIDGE
-7.557438,-34.990651,-7.556602,-34.990763,BRIDGE
-7.556531,-34.991207,-7.557115,-34.991136,BRIDGE
-7.555768,-39.743942,-7.555847,-39.743959,BRIDGE
-7.555270,-34.998138,-7.555619,-34.998373,BRIDGE
-7.554622,-35.008046,-7.554585,-35.008130,BRIDGE
-7.554160,-34.861705,-7.553905,-34.861671,BRIDGE
-7.553844,-35.008502,-7.553948,-35.008585,BRIDGE
-7.553497,-35.281077,-7.553310,-35.281104,BRIDGE
-7.551386,-35.407509,-7.551643,-35.407444,BRIDGE
-7.550204,-35.251788,-7.550200,-35.251742,BRIDGE
-7.550183,-35.276219,-7.550522,-35.276172,BRIDGE
-7.549461,-39.628029,-7.549895,-39.627913,BRIDGE
-7.547115,-35.264579,-7.547217,-35.264392,BRIDGE
-7.544755,-37.271065,-7.544752,-37.271479,BRIDGE
-7.543784,-39.751219,-7.543750,-39.751204,BRIDGE
-7.543756,-35.067844,-7.543328,-35.068347,BRIDGE
-7.543311,-39.636606,-7.543345,-39.636532,BRIDGE
-7.541905,-37.273430,-7.541717,-37.273411,BRIDGE
-7.541253,-39.658247,-7.541204,-39.658172,BRIDGE
-7.540183,-34.991304,-7.539383,-34.991306,BRIDGE
-7.539542,-34.991456,-7.540086,-34.991451,BRIDGE
-7.538207,-34.961660,-7.538152,-34.961643,BRIDGE
-7.536286,-39.797865,-7.536980,-39.798159,BRIDGE
-7.535929,-34.991306,-7.535761,-34.991301,BRIDGE
-7.535707,-34.991446,-7.535870,-34.991452,BRIDGE
-7.535629,-39.706327,-7.535633,-39.706245,BRIDGE
-7.534975,-34.997855,-7.535365,-34.997853,BRIDGE
-7.533765,-35.117953,-7.532892,-35.117662,BRIDGE
-7.530055,-35.250079,-7.529617,-35.249677,BRIDGE
-7.524749,-39.703648,-7.524732,-39.703556,BRIDGE
-7.524270,-35.235026,-7.524228,-35.234955,BRIDGE
-7.523679,-35.210162,-7.523355,-35.210187,BRIDGE
-7.523556,-35.239503,-7.523483,-35.239460,BRIDGE
-7.521696,-35.211423,-7.521663,-35.211463,BRIDGE
-7.520164,-39.720783,-7.520244,-39.720820,BRIDGE
-7.518766,-35.304857,-7.518195,-35.304692,BRIDGE
-7.518438,-35.228293,-7.518360,-35.228252,BRIDGE
-7.518124,-35.228130,-7.518083,-35.228112,BRIDGE
-7.518088,-35.309673,-7.518460,-35.309559,BRIDGE
-7.517658,-39.733323,-7.517726,-39.733359,BRIDGE
-7.517448,-35.304478,-7.517381,-35.304457,BRIDGE
-7.517142,-35.315545,-7.516472,-35.315820,BRIDGE
-7.516076,-39.710936,-7.516095,-39.710763,BRIDGE
-7.515145,-35.243119,-7.515165,-35.243182,BRIDGE
-7.514591,-35.232257,-7.514633,-35.232305,BRIDGE
-7.514566,-34.983948,-7.514380,-34.983815,TUNNEL
-7.514413,-34.983585,-7.514683,-34.983212,BRIDGE
-7.513225,-35.230859,-7.513292,-35.230905,BRIDGE
-7.513041,-35.326927,-7.512717,-35.326989,BRIDGE
-7.511596,-35.320803,-7.511418,-35.320372,BRIDGE
-7.510541,-35.324841,-7.510615,-35.324604,BRIDGE
-7.508989,-35.325499,-7.508994,-35.325582,BRIDGE
-7.507905,-39.719937,-7.508056,-39.720073,BRIDGE
-7.501717,-35.169877,-7.502005,-35.169564,BRIDGE
-7.500511,-35.323490,-7.500430,-35.323595,BRIDGE
-7.500158,-35.246746,-7.500237,-35.246714,BRIDGE
-7.499934,-39.805929,-7.500011,-39.806112,BRIDGE
-7.495739,-35.373332,-7.495804,-35.373292,BRIDGE
-7.494023,-35.375181,-7.494127,-35.375043,BRIDGE
-7.492400,-35.163759,-7.492165,-35.163664,BRIDGE
-7.491687,-35.326705,-7.491645,-35.326773,BRIDGE
-7.488747,-37.272166,-7.488742,-37.271847,BRIDGE
-7.486978,-35.328876,-7.486923,-35.328937,BRIDGE
-7.484248,-39.747321,-7.484399,-39.747087,BRIDGE
-7.481598,-37.273872,-7.481241,-37.273760,BRIDGE
-7.480463,-35.333388,-7.480122,-35.333610,BRIDGE
-7.480076,-37.272808,-7.480434,-37.272386,BRIDGE
-7.479961,-37.278294,-7.479873,-37.278133,BRIDGE
-7.479815,-37.277925,-7.479873,-37.278133,BRIDGE
-7.477416,-35.006634,-7.477438,-35.006698,BRIDGE
-7.476106,-35.001871,-7.476129,-35.001926,BRIDGE
-7.475897,-39.740754,-7.475986,-39.740720,BRIDGE
-7.475274,-37.272275,-7.475255,-37.272136,BRIDGE
-7.474248,-34.996470,-7.474278,-34.996528,BRIDGE
-7.472928,-37.272578,-7.472929,-37.272488,BRIDGE
-7.471633,-37.279598,-7.471687,-37.279394,BRIDGE
-7.471175,-37.272822,-7.471191,-37.272707,BRIDGE
-7.470767,-35.038354,-7.470838,-35.038297,BRIDGE
-7.470137,-37.272532,-7.470109,-37.272653,BRIDGE
-7.467908,-35.057531,-7.467880,-35.057492,BRIDGE
-7.467533,-37.272028,-7.467594,-37.271733,BRIDGE
-7.464588,-34.990270,-7.465037,-34.990274,BRIDGE
-7.464541,-34.993074,-7.464280,-34.993109,BRIDGE
-7.462065,-35.068576,-7.462017,-35.068503,BRIDGE
-7.461869,-35.075698,-7.461898,-35.075650,BRIDGE
-7.458609,-39.748254,-7.458693,-39.748234,BRIDGE
-7.451942,-35.226134,-7.451937,-35.226040,BRIDGE
-7.440500,-35.034457,-7.440535,-35.034520,BRIDGE
-7.421977,-35.073943,-7.421846,-35.073948,BRIDGE
-7.416893,-35.257542,-7.416879,-35.257491,BRIDGE
-7.414577,-35.261526,-7.414415,-35.261547,BRIDGE
-7.411520,-35.302884,-7.411505,-35.302990,BRIDGE
-7.409843,-35.266754,-7.409870,-35.266801,BRIDGE
-7.403713,-35.273675,-7.403522,-35.273604,BRIDGE
-7.383376,-37.190334,-7.383017,-37.190208,BRIDGE
-7.379096,-35.242165,-7.379045,-35.242177,BRIDGE
-7.379009,-37.185941,-7.378980,-37.186082,BRIDGE
-7.378592,-35.238450,-7.378497,-35.238485,BRIDGE
-7.378582,-35.239348,-7.378428,-35.239399,BRIDGE
-7.377295,-37.201522,-7.377246,-37.201458,BRIDGE
