<?xml version="1.0" encoding="UTF-8"?>
<gpx version="1.1" creator="Pardal" xmlns="http://www.topografix.com/GPX/1/1">
<metadata><name>Pardal — radares — SP</name><desc>Pardal — © colaboradores do OpenStreetMap (ODbL 1.0) e fontes abertas listadas no README</desc></metadata>
<wpt lat="-25.056361" lon="-48.555666"><name>Radar 60 km/h</name><desc>Fonte: ANTT</desc><type>FIXED</type></wpt>
<wpt lat="-25.056192" lon="-48.555555"><name>Radar 60 km/h</name><desc>Fonte: OSM</desc><type>FIXED</type></wpt>
<wpt lat="-25.055900" lon="-48.555543"><name>Radar</name><desc>Fonte: OSM</desc><type>FIXED</type></wpt>
<wpt lat="-25.048071" lon="-48.553378"><name>Radar</name><desc>Fonte: OSM</desc><type>FIXED</type></wpt>
<wpt lat="-25.032453" lon="-48.534225"><name>Radar</name><desc>Fonte: OSM</desc><type>FIXED</type></wpt>
<wpt lat="-25.015160" lon="-48.509317"><name>Radar 60 km/h</name><desc>Fonte: OSM</desc><type>FIXED</type></wpt>
<wpt lat="-25.014861" lon="-48.509222"><name>Radar 60 km/h</name><desc>Fonte: ANTT</desc><type>FIXED</type></wpt>
<wpt lat="-25.014830" lon="-48.509209"><name>Radar</name><desc>Fonte: OSM</desc><type>FIXED</type></wpt>
<wpt lat="-24.967138" lon="-48.472277"><name>Radar 60 km/h</name><desc>Fonte: ANTT</desc><type>FIXED</type></wpt>
<wpt lat="-24.966998" lon="-48.472667"><name>Radar 60 km/h</name><desc>Fonte: OSM</desc><type>FIXED</type></wpt>
<wpt lat="-24.966250" lon="-48.434861"><name>Radar 60 km/h</name><desc>Fonte: ANTT</desc><type>FIXED</type></wpt>
<wpt lat="-24.966240" lon="-48.435155"><name>Radar 60 km/h</name><desc>Fonte: OSM</desc><type>FIXED</type></wpt>
<wpt lat="-24.966233" lon="-48.435133"><name>Radar</name><desc>Fonte: OSM</desc><type>FIXED</type></wpt>
<wpt lat="-24.959992" lon="-48.465828"><name>Radar 60 km/h</name><desc>Fonte: OSM</desc><type>FIXED</type></wpt>
<wpt lat="-24.959554" lon="-48.465589"><name>Radar</name><desc>Fonte: OSM</desc><type>FIXED</type></wpt>
<wpt lat="-24.956045" lon="-48.462401"><name>Radar 60 km/h</name><desc>Fonte: OSM</desc><type>FIXED</type></wpt>
<wpt lat="-24.955333" lon="-48.448633"><name>Radar 60 km/h</name><desc>Fonte: ANTT</desc><type>FIXED</type></wpt>
<wpt lat="-24.953715" lon="-48.447986"><name>Radar</name><desc>Fonte: OSM</desc><type>FIXED</type></wpt>
<wpt lat="-24.953584" lon="-48.448167"><name>Radar 60 km/h</name><desc>Fonte: OSM</desc><type>FIXED</type></wpt>
<wpt lat="-24.950136" lon="-48.424067"><name>Radar</name><desc>Fonte: OSM</desc><type>FIXED</type></wpt>
<wpt lat="-24.946973" lon="-48.428831"><name>Radar 60 km/h</name><desc>Fonte: OSM</desc><type>FIXED</type></wpt>
<wpt lat="-24.940048" lon="-48.304076"><name>Radar 110 km/h</name><desc>Fonte: OSM</desc><type>FIXED</type></wpt>
<wpt lat="-24.916600" lon="-48.256619"><name>Radar 80 km/h</name><desc>Fonte: OSM</desc><type>FIXED</type></wpt>
<wpt lat="-24.865833" lon="-48.211194"><name>Radar 60 km/h</name><desc>Fonte: ANTT</desc><type>FIXED</type></wpt>
<wpt lat="-24.865427" lon="-48.211452"><name>Radar 60 km/h</name><desc>Fonte: OSM</desc><type>FIXED</type></wpt>
<wpt lat="-24.861185" lon="-48.213555"><name>Radar</name><desc>Fonte: OSM</desc><type>FIXED</type></wpt>
<wpt lat="-24.860452" lon="-48.212508"><name>Radar</name><desc>Fonte: OSM</desc><type>FIXED</type></wpt>
<wpt lat="-24.860200" lon="-48.211908"><name>Radar 60 km/h</name><desc>Fonte: ANTT</desc><type>FIXED</type></wpt>
<wpt lat="-24.858307" lon="-48.211517"><name>Radar</name><desc>Fonte: OSM</desc><type>FIXED</type></wpt>
<wpt lat="-24.857951" lon="-48.211725"><name>Radar</name><desc>Fonte: OSM</desc><type>FIXED</type></wpt>
<wpt lat="-24.857862" lon="-48.211924"><name>Radar 60 km/h</name><desc>Fonte: ANTT</desc><type>FIXED</type></wpt>
<wpt lat="-24.849046" lon="-48.213019"><name>Radar 60 km/h</name><desc>Fonte: OSM</desc><type>FIXED</type></wpt>
<wpt lat="-24.845431" lon="-48.212331"><name>Radar</name><desc>Fonte: OSM</desc><type>FIXED</type></wpt>
<wpt lat="-24.845417" lon="-48.212305"><name>Radar 60 km/h</name><desc>Fonte: ANTT</desc><type>FIXED</type></wpt>
<wpt lat="-24.835413" lon="-48.222758"><name>Radar 60 km/h</name><desc>Fonte: ANTT</desc><type>FIXED</type></wpt>
<wpt lat="-24.834009" lon="-48.222413"><name>Radar</name><desc>Fonte: OSM</desc><type>FIXED</type></wpt>
<wpt lat="-24.833547" lon="-48.214689"><name>Radar</name><desc>Fonte: OSM</desc><type>FIXED</type></wpt>
<wpt lat="-24.784210" lon="-48.179543"><name>Radar 60 km/h</name><desc>Fonte: ANTT</desc><type>FIXED</type></wpt>
<wpt lat="-24.783412" lon="-48.178489"><name>Radar</name><desc>Fonte: OSM</desc><type>FIXED</type></wpt>
<wpt lat="-24.780818" lon="-47.665404"><name>Radar de trecho 40 km/h</name><desc>Fonte: OSM</desc><type>SECTION</type></wpt>
<wpt lat="-24.780711" lon="-47.665214"><name>Radar</name><desc>Fonte: DER-SP</desc><type>FIXED</type></wpt>
<wpt lat="-24.780513" lon="-47.664990"><name>Radar 40 km/h</name><desc>Fonte: OSM</desc><type>FIXED</type></wpt>
<wpt lat="-24.780320" lon="-47.664728"><name>Radar 40 km/h</name><desc>Fonte: OSM</desc><type>FIXED</type></wpt>
<wpt lat="-24.779798" lon="-47.664017"><name>Radar de trecho 40 km/h</name><desc>Fonte: OSM</desc><type>SECTION</type></wpt>
<wpt lat="-24.777089" lon="-48.210971"><name>Radar 60 km/h</name><desc>Fonte: ANTT</desc><type>FIXED</type></wpt>
<wpt lat="-24.776857" lon="-48.210839"><name>Radar</name><desc>Fonte: OSM</desc><type>FIXED</type></wpt>
<wpt lat="-24.733140" lon="-47.823248"><name>Radar</name><desc>Fonte: DER-SP</desc><type>FIXED</type></wpt>
<wpt lat="-24.730019" lon="-48.105177"><name>Radar</name><desc>Fonte: OSM</desc><type>FIXED</type></wpt>
<wpt lat="-24.729839" lon="-48.105653"><name>Radar 80 km/h</name><desc>Fonte: ANTT</desc><type>FIXED</type></wpt>
<wpt lat="-24.676112" lon="-47.553819"><name>Radar</name><desc>Fonte: DER-SP</desc><type>FIXED</type></wpt>
<wpt lat="-24.667224" lon="-47.908030"><name>Radar</name><desc>Fonte: DER-SP</desc><type>FIXED</type></wpt>
<wpt lat="-24.651785" lon="-47.512202"><name>Radar</name><desc>Fonte: DER-SP</desc><type>FIXED</type></wpt>
<wpt lat="-24.649216" lon="-48.038240"><name>Radar</name><desc>Fonte: DER-SP</desc><type>FIXED</type></wpt>
<wpt lat="-24.641728" lon="-47.505209"><name>Radar</name><desc>Fonte: DER-SP</desc><type>FIXED</type></wpt>
<wpt lat="-24.626910" lon="-48.049654"><name>Radar</name><desc>Fonte: DER-SP</desc><type>FIXED</type></wpt>
<wpt lat="-24.626521" lon="-47.880274"><name>Radar</name><desc>Fonte: DER-SP</desc><type>FIXED</type></wpt>
<wpt lat="-24.610797" lon="-48.992330"><name>Radar</name><desc>Fonte: DER-SP</desc><type>FIXED</type></wpt>
<wpt lat="-24.600642" lon="-48.361038"><name>Radar</name><desc>Fonte: DER-SP</desc><type>FIXED</type></wpt>
<wpt lat="-24.595301" lon="-48.099905"><name>Radar</name><desc>Fonte: DER-SP</desc><type>FIXED</type></wpt>
<wpt lat="-24.580590" lon="-48.107723"><name>Radar</name><desc>Fonte: DER-SP</desc><type>FIXED</type></wpt>
<wpt lat="-24.575450" lon="-47.552287"><name>Radar</name><desc>Fonte: DER-SP</desc><type>FIXED</type></wpt>
<wpt lat="-24.564827" lon="-48.151041"><name>Radar</name><desc>Fonte: DER-SP</desc><type>FIXED</type></wpt>
<wpt lat="-24.547118" lon="-47.862895"><name>Radar</name><desc>Fonte: OSM</desc><type>FIXED</type></wpt>
<wpt lat="-24.546466" lon="-47.862360"><name>Radar</name><desc>Fonte: OSM</desc><type>FIXED</type></wpt>
<wpt lat="-24.540136" lon="-47.859999"><name>Radar</name><desc>Fonte: OSM</desc><type>FIXED</type></wpt>
<wpt lat="-24.539787" lon="-47.859879"><name>Radar</name><desc>Fonte: OSM</desc><type>FIXED</type></wpt>
<wpt lat="-24.510190" lon="-47.559544"><name>Radar</name><desc>Fonte: DER-SP</desc><type>FIXED</type></wpt>
<wpt lat="-24.492924" lon="-47.857979"><name>Radar</name><desc>Fonte: DER-SP</desc><type>FIXED</type></wpt>
<wpt lat="-24.469542" lon="-47.550333"><name>Radar</name><desc>Fonte: DER-SP</desc><type>FIXED</type></wpt>
<wpt lat="-24.458246" lon="-48.734653"><name>Radar</name><desc>Fonte: DER-SP</desc><type>FIXED</type></wpt>
<wpt lat="-24.457327" lon="-47.814192"><name>Radar</name><desc>Fonte: OSM</desc><type>FIXED</type></wpt>
<wpt lat="-24.456580" lon="-47.813959"><name>Radar</name><desc>Fonte: OSM</desc><type>FIXED</type></wpt>
<wpt lat="-24.423477" lon="-48.673239"><name>Radar</name><desc>Fonte: DER-SP</desc><type>FIXED</type></wpt>
<wpt lat="-24.422123" lon="-47.776561"><name>Radar</name><desc>Fonte: OSM</desc><type>FIXED</type></wpt>
<wpt lat="-24.422072" lon="-47.776418"><name>Radar</name><desc>Fonte: OSM</desc><type>FIXED</type></wpt>
<wpt lat="-24.421799" lon="-47.543732"><name>Radar</name><desc>Fonte: DER-SP</desc><type>FIXED</type></wpt>
<wpt lat="-24.379068" lon="-47.518535"><name>Radar</name><desc>Fonte: DER-SP</desc><type>FIXED</type></wpt>
<wpt lat="-24.366178" lon="-48.630331"><name>Radar</name><desc>Fonte: DER-SP</desc><type>FIXED</type></wpt>
<wpt lat="-24.363994" lon="-47.492961"><name>Radar</name><desc>Fonte: DER-SP</desc><type>FIXED</type></wpt>
<wpt lat="-24.355632" lon="-47.499601"><name>Radar</name><desc>Fonte: DER-SP</desc><type>FIXED</type></wpt>
<wpt lat="-24.297452" lon="-47.110354"><name>Radar</name><desc>Fonte: DER-SP</desc><type>FIXED</type></wpt>
<wpt lat="-24.297385" lon="-47.073245"><name>Radar 50 km/h</name><desc>Fonte: OSM</desc><type>FIXED</type></wpt>
<wpt lat="-24.285298" lon="-47.440656"><name>Radar</name><desc>Fonte: OSM</desc><type>FIXED</type></wpt>
<wpt lat="-24.285227" lon="-47.440313"><name>Radar</name><desc>Fonte: OSM</desc><type>FIXED</type></wpt>
<wpt lat="-24.285192" lon="-47.440209"><name>Radar</name><desc>Fonte: OSM</desc><type>FIXED</type></wpt>
<wpt lat="-24.283964" lon="-47.196926"><name>Radar 80 km/h</name><desc>Fonte: OSM</desc><type>FIXED</type></wpt>
<wpt lat="-24.269255" lon="-47.397694"><name>Radar</name><desc>Fonte: OSM</desc><type>FIXED</type></wpt>
<wpt lat="-24.269180" lon="-47.397514"><name>Radar</name><desc>Fonte: OSM</desc><type>FIXED</type></wpt>
<wpt lat="-24.267602" lon="-47.393696"><name>Radar</name><desc>Fonte: OSM</desc><type>FIXED</type></wpt>
<wpt lat="-24.259052" lon="-47.367504"><name>Radar</name><desc>Fonte: DER-SP</desc><type>FIXED</type></wpt>
<wpt lat="-24.249840" lon="-48.766432"><name>Radar</name><desc>Fonte: DER-SP</desc><type>FIXED</type></wpt>
<wpt lat="-24.183606" lon="-47.928006"><name>Radar</name><desc>Fonte: DER-SP</desc><type>FIXED</type></wpt>
<wpt lat="-24.169474" lon="-47.968449"><name>Radar</name><desc>Fonte: DER-SP</desc><type>FIXED</type></wpt>
<wpt lat="-24.168931" lon="-47.337509"><name>Radar</name><desc>Fonte: OSM</desc><type>FIXED</type></wpt>
<wpt lat="-24.168451" lon="-47.336935"><name>Radar</name><desc>Fonte: OSM</desc><type>FIXED</type></wpt>
<wpt lat="-24.149457" lon="-48.477552"><name>Radar</name><desc>Fonte: DER-SP</desc><type>FIXED</type></wpt>
<wpt lat="-24.143401" lon="-47.989819"><name>Radar</name><desc>Fonte: DER-SP</desc><type>FIXED</type></wpt>
<wpt lat="-24.140642" lon="-47.272471"><name>Radar</name><desc>Fonte: OSM</desc><type>FIXED</type></wpt>
<wpt lat="-24.139754" lon="-47.272879"><name>Radar</name><desc>Fonte: OSM</desc><type>FIXED</type></wpt>
<wpt lat="-24.133500" lon="-47.271888"><name>Radar 60 km/h</name><desc>Fonte: ANTT</desc><type>FIXED</type></wpt>
<wpt lat="-24.127088" lon="-48.450013"><name>Radar</name><desc>Fonte: DER-SP</desc><type>FIXED</type></wpt>
<wpt lat="-24.126355" lon="-47.271901"><name>Radar</name><desc>Fonte: OSM</desc><type>FIXED</type></wpt>
<wpt lat="-24.124944" lon="-47.271521"><name>Radar</name><desc>Fonte: OSM</desc><type>FIXED</type></wpt>
<wpt lat="-24.121754" lon="-47.270379"><name>Radar</name><desc>Fonte: OSM</desc><type>FIXED</type></wpt>
<wpt lat="-24.121722" lon="-47.270444"><name>Radar 60 km/h</name><desc>Fonte: ANTT</desc><type>FIXED</type></wpt>
<wpt lat="-24.121682" lon="-47.270282"><name>Radar</name><desc>Fonte: OSM</desc><type>FIXED</type></wpt>
<wpt lat="-24.116107" lon="-47.268861"><name>Radar</name><desc>Fonte: OSM</desc><type>FIXED</type></wpt>
<wpt lat="-24.114885" lon="-47.269805"><name>Radar</name><desc>Fonte: OSM</desc><type>FIXED</type></wpt>
<wpt lat="-24.114708" lon="-47.269810"><name>Radar</name><desc>Fonte: OSM</desc><type>FIXED</type></wpt>
<wpt lat="-24.114589" lon="-47.269818"><name>Radar</name><desc>Fonte: OSM</desc><type>FIXED</type></wpt>
<wpt lat="-24.112737" lon="-47.268777"><name>Radar</name><desc>Fonte: OSM</desc><type>FIXED</type></wpt>
<wpt lat="-24.111842" lon="-47.268738"><name>Radar</name><desc>Fonte: OSM</desc><type>FIXED</type></wpt>
<wpt lat="-24.110813" lon="-47.268303"><name>Radar</name><desc>Fonte: OSM</desc><type>FIXED</type></wpt>
<wpt lat="-24.110208" lon="-47.268158"><name>Radar</name><desc>Fonte: OSM</desc><type>FIXED</type></wpt>
<wpt lat="-24.108691" lon="-47.265139"><name>Radar</name><desc>Fonte: OSM</desc><type>FIXED</type></wpt>
<wpt lat="-24.108687" lon="-47.265241"><name>Radar</name><desc>Fonte: OSM</desc><type>FIXED</type></wpt>
<wpt lat="-24.102306" lon="-47.259000"><name>Radar 60 km/h</name><desc>Fonte: ANTT</desc><type>FIXED</type></wpt>
<wpt lat="-24.101654" lon="-47.258643"><name>Radar</name><desc>Fonte: OSM</desc><type>FIXED</type></wpt>
<wpt lat="-24.100237" lon="-48.821844"><name>Radar</name><desc>Fonte: DER-SP</desc><type>FIXED</type></wpt>
<wpt lat="-24.098955" lon="-47.257610"><name>Radar</name><desc>Fonte: OSM</desc><type>FIXED</type></wpt>
<wpt lat="-24.098310" lon="-47.257384"><name>Radar</name><desc>Fonte: OSM</desc><type>FIXED</type></wpt>
<wpt lat="-24.095111" lon="-47.256472"><name>Radar 60 km/h</name><desc>Fonte: ANTT</desc><type>FIXED</type></wpt>
<wpt lat="-24.094959" lon="-47.256201"><name>Radar</name><desc>Fonte: OSM</desc><type>FIXED</type></wpt>
<wpt lat="-24.094891" lon="-47.256177"><name>Radar</name><desc>Fonte: OSM</desc><type>FIXED</type></wpt>
<wpt lat="-24.093932" lon="-46.623995"><name>Radar 80 km/h</name><desc>Fonte: OSM</desc><type>FIXED</type></wpt>
<wpt lat="-24.092286" lon="-47.256188"><name>Radar</name><desc>Fonte: OSM</desc><type>FIXED</type></wpt>
<wpt lat="-24.083886" lon="-46.603487"><name>Radar 80 km/h</name><desc>Fonte: OSM</desc><type>FIXED</type></wpt>
<wpt lat="-24.083801" lon="-46.603542"><name>Radar 80 km/h</name><desc>Fonte: OSM</desc><type>FIXED</type></wpt>
<wpt lat="-24.073394" lon="-48.362916"><name>Radar</name><desc>Fonte: DER-SP</desc><type>FIXED</type></wpt>
<wpt lat="-24.073261" lon="-48.362638"><name>Radar 60 km/h</name><desc>Fonte: OSM</desc><type>FIXED</type></wpt>
<wpt lat="-24.071049" lon="-46.579636"><name>Radar 80 km/h</name><desc>Fonte: OSM</desc><type>FIXED</type></wpt>
<wpt lat="-24.068611" lon="-47.239957"><name>Radar</name><desc>Fonte: OSM</desc><type>FIXED</type></wpt>
<wpt lat="-24.068595" lon="-47.239934"><name>Radar</name><desc>Fonte: OSM</desc><type>FIXED</type></wpt>
<wpt lat="-24.064432" lon="-47.233170"><name>Radar</name><desc>Fonte: OSM</desc><type>FIXED</type></wpt>
<wpt lat="-24.064400" lon="-49.043800"><name>Radar</name><desc>Fonte: DER-SP</desc><type>FIXED</type></wpt>
<wpt lat="-24.064373" lon="-47.233012"><name>Radar</name><desc>Fonte: OSM</desc><type>FIXED</type></wpt>
<wpt lat="-24.064167" lon="-47.231666"><name>Radar 60 km/h</name><desc>Fonte: ANTT</desc><type>FIXED</type></wpt>
<wpt lat="-24.059148" lon="-47.218734"><name>Radar</name><desc>Fonte: OSM</desc><type>FIXED</type></wpt>
<wpt lat="-24.058763" lon="-47.218106"><name>Radar</name><desc>Fonte: OSM</desc><type>FIXED</type></wpt>
<wpt lat="-24.054153" lon="-47.216674"><name>Radar</name><desc>Fonte: OSM</desc><type>FIXED</type></wpt>
<wpt lat="-24.054151" lon="-47.216624"><name>Radar</name><desc>Fonte: OSM</desc><type>FIXED</type></wpt>
<wpt lat="-24.054122" lon="-47.216526"><name>Radar</name><desc>Fonte: OSM</desc><type>FIXED</type></wpt>
<wpt lat="-24.053433" lon="-47.213558"><name>Radar</name><desc>Fonte: OSM</desc><type>FIXED</type></wpt>
<wpt lat="-24.051573" lon="-47.203907"><name>Radar</name><desc>Fonte: OSM</desc><type>FIXED</type></wpt>
<wpt lat="-24.051526" lon="-47.204005"><name>Radar</name><desc>Fonte: OSM</desc><type>FIXED</type></wpt>
<wpt lat="-24.051504" lon="-47.205221"><name>Radar</name><desc>Fonte: OSM</desc><type>FIXED</type></wpt>
<wpt lat="-24.049566" lon="-46.539945"><name>Radar 60 km/h</name><desc>Fonte: OSM</desc><type>FIXED</type></wpt>
<wpt lat="-24.047748" lon="-47.198087"><name>Radar</name><desc>Fonte: OSM</desc><type>FIXED</type></wpt>
<wpt lat="-24.047598" lon="-47.197987"><name>Radar</name><desc>Fonte: OSM</desc><type>FIXED</type></wpt>
<wpt lat="-24.044576" lon="-48.379744"><name>Radar 60 km/h</name><desc>Fonte: OSM</desc><type>FIXED</type></wpt>
<wpt lat="-24.038076" lon="-46.518370"><name>Radar 80 km/h</name><desc>Fonte: OSM</desc><type>FIXED</type></wpt>
<wpt lat="-24.038030" lon="-48.346417"><name>Radar 60 km/h</name><desc>Fonte: OSM</desc><type>FIXED</type></wpt>
<wpt lat="-24.037993" lon="-48.346560"><name>Radar</name><desc>Fonte: DER-SP</desc><type>FIXED</type></wpt>
<wpt lat="-24.037046" lon="-47.188819"><name>Radar</name><desc>Fonte: OSM</desc><type>FIXED</type></wpt>
<wpt lat="-24.036865" lon="-47.188545"><name>Radar</name><desc>Fonte: OSM</desc><type>FIXED</type></wpt>
<wpt lat="-24.036410" lon="-46.515245"><name>Radar 80 km/h</name><desc>Fonte: OSM</desc><type>FIXED</type></wpt>
<wpt lat="-24.032644" lon="-46.508718"><name>Radar 40 km/h</name><desc>Fonte: OSM</desc><type>FIXED</type></wpt>
<wpt lat="-24.030467" lon="-47.178346"><name>Radar</name><desc>Fonte: OSM</desc><type>FIXED</type></wpt>
<wpt lat="-24.028330" lon="-46.500422"><name>Radar 60 km/h</name><desc>Fonte: OSM</desc><type>FIXED</type></wpt>
<wpt lat="-24.026433" lon="-46.496492"><name>Radar 80 km/h</name><desc>Fonte: OSM</desc><type>FIXED</type></wpt>
<wpt lat="-24.019754" lon="-48.353553"><name>Radar 60 km/h</name><desc>Fonte: OSM</desc><type>FIXED</type></wpt>
<wpt lat="-24.017805" lon="-48.351265"><name>Radar 60 km/h</name><desc>Fonte: OSM</desc><type>FIXED</type></wpt>
<wpt lat="-24.009944" lon="-46.441363"><name>Radar 80 km/h</name><desc>Fonte: OSM</desc><type>FIXED</type></wpt>
<wpt lat="-24.009872" lon="-46.441399"><name>Radar 80 km/h</name><desc>Fonte: OSM</desc><type>FIXED</type></wpt>
<wpt lat="-24.008725" lon="-47.160535"><name>Radar</name><desc>Fonte: OSM</desc><type>FIXED</type></wpt>
<wpt lat="-24.007017" lon="-47.159449"><name>Radar</name><desc>Fonte: OSM</desc><type>FIXED</type></wpt>
<wpt lat="-24.006014" lon="-47.158920"><name>Radar</name><desc>Fonte: OSM</desc><type>FIXED</type></wpt>
<wpt lat="-24.005714" lon="-47.158803"><name>Radar</name><desc>Fonte: OSM</desc><type>FIXED</type></wpt>
<wpt lat="-24.003138" lon="-46.422923"><name>Radar 80 km/h</name><desc>Fonte: OSM</desc><type>FIXED</type></wpt>
<wpt lat="-23.995558" lon="-49.322675"><name>Radar</name><desc>Fonte: DER-SP</desc><type>FIXED</type></wpt>
<wpt lat="-23.993689" lon="-46.405662"><name>Radar 60 km/h</name><desc>Fonte: OSM</desc><type>FIXED</type></wpt>
<wpt lat="-23.992720" lon="-48.347870"><name>Radar 40 km/h</name><desc>Fonte: OSM</desc><type>FIXED</type></wpt>
<wpt lat="-23.990144" lon="-46.263154"><name>Radar 40 km/h</name><desc>Fonte: OSM</desc><type>FIXED</type></wpt>
<wpt lat="-23.985107" lon="-46.264564"><name>Radar 40 km/h</name><desc>Fonte: OSM</desc><type>FIXED</type></wpt>
<wpt lat="-23.984527" lon="-46.267130"><name>Radar 30 km/h</name><desc>Fonte: OSM</desc><type>FIXED</type></wpt>
<wpt lat="-23.984173" lon="-46.309151"><name>Radar 50 km/h</name><desc>Fonte: OSM</desc><type>FIXED</type></wpt>
<wpt lat="-23.984105" lon="-46.309028"><name>Radar 50 km/h</name><desc>Fonte: OSM</desc><type>FIXED</type></wpt>
<wpt lat="-23.984042" lon="-46.309004"><name>Avanço de sinal</name><desc>Fonte: OSM</desc><type>RED_LIGHT</type></wpt>
<wpt lat="-23.983921" lon="-46.309281"><name>Avanço de sinal</name><desc>Fonte: OSM</desc><type>RED_LIGHT</type></wpt>
<wpt lat="-23.983299" lon="-46.267841"><name>Radar 40 km/h</name><desc>Fonte: OSM</desc><type>FIXED</type></wpt>
<wpt lat="-23.981540" lon="-46.266000"><name>Radar</name><desc>Fonte: DER-SP</desc><type>FIXED</type></wpt>
<wpt lat="-23.980953" lon="-46.312178"><name>Radar 50 km/h</name><desc>Fonte: OSM</desc><type>FIXED</type></wpt>
<wpt lat="-23.980229" lon="-46.312681"><name>Radar 50 km/h</name><desc>Fonte: OSM</desc><type>FIXED</type></wpt>
<wpt lat="-23.980100" lon="-46.266440"><name>Radar</name><desc>Fonte: DER-SP</desc><type>FIXED</type></wpt>
<wpt lat="-23.977760" lon="-48.320263"><name>Radar 100 km/h</name><desc>Fonte: OSM</desc><type>FIXED</type></wpt>
<wpt lat="-23.976599" lon="-48.319952"><name>Radar 100 km/h</name><desc>Fonte: OSM</desc><type>FIXED</type></wpt>
<wpt lat="-23.970918" lon="-46.328961"><name>Radar 50 km/h</name><desc>Fonte: OSM</desc><type>FIXED</type></wpt>
<wpt lat="-23.970883" lon="-46.328459"><name>Radar 50 km/h</name><desc>Fonte: OSM</desc><type>FIXED</type></wpt>
<wpt lat="-23.969433" lon="-46.363231"><name>Radar 50 km/h</name><desc>Fonte: OSM</desc><type>FIXED</type></wpt>
<wpt lat="-23.969310" lon="-46.363414"><name>Radar 50 km/h</name><desc>Fonte: OSM</desc><type>FIXED</type></wpt>
<wpt lat="-23.969019" lon="-46.335082"><name>Radar 50 km/h</name><desc>Fonte: OSM</desc><type>FIXED</type></wpt>
<wpt lat="-23.968606" lon="-46.272399"><name>Radar 40 km/h</name><desc>Fonte: OSM</desc><type>FIXED</type></wpt>
<wpt lat="-23.968453" lon="-46.352459"><name>Radar 50 km/h</name><desc>Fonte: OSM</desc><type>FIXED</type></wpt>
<wpt lat="-23.968437" lon="-46.339262"><name>Radar 50 km/h</name><desc>Fonte: OSM</desc><type>FIXED</type></wpt>
<wpt lat="-23.968303" lon="-46.338932"><name>Radar 50 km/h</name><desc>Fonte: OSM</desc><type>FIXED</type></wpt>
<wpt lat="-23.968196" lon="-46.351601"><name>Radar 50 km/h</name><desc>Fonte: OSM</desc><type>FIXED</type></wpt>
<wpt lat="-23.968040" lon="-46.345244"><name>Radar 50 km/h</name><desc>Fonte: OSM</desc><type>FIXED</type></wpt>
<wpt lat="-23.967888" lon="-46.345291"><name>Radar 50 km/h</name><desc>Fonte: OSM</desc><type>FIXED</type></wpt>
<wpt lat="-23.961255" lon="-46.277273"><name>Radar</name><desc>Fonte: OSM</desc><type>FIXED</type></wpt>
<wpt lat="-23.956887" lon="-46.350566"><name>Radar 40 km/h</name><desc>Fonte: OSM</desc><type>FIXED</type></wpt>
<wpt lat="-23.956603" lon="-48.023602"><name>Radar</name><desc>Fonte: DER-SP</desc><type>FIXED</type></wpt>
<wpt lat="-23.956098" lon="-46.351546"><name>Radar 40 km/h</name><desc>Fonte: OSM</desc><type>FIXED</type></wpt>
<wpt lat="-23.947875" lon="-46.174553"><name>Radar</name><desc>Fonte: DER-SP</desc><type>FIXED</type></wpt>
<wpt lat="-23.945956" lon="-46.416680"><name>Radar 80 km/h</name><desc>Fonte: OSM</desc><type>FIXED</type></wpt>
<wpt lat="-23.940653" lon="-46.420714"><name>Radar 80 km/h</name><desc>Fonte: OSM</desc><type>FIXED</type></wpt>
<wpt lat="-23.939460" lon="-46.280990"><name>Radar</name><desc>Fonte: DER-SP</desc><type>FIXED</type></wpt>
<wpt lat="-23.939266" lon="-46.421777"><name>Radar 80 km/h</name><desc>Fonte: OSM</desc><type>FIXED</type></wpt>
<wpt lat="-23.939200" lon="-46.422150"><name>Radar</name><desc>Fonte: DER-SP</desc><type>FIXED</type></wpt>
<wpt lat="-23.934100" lon="-48.748200"><name>Radar</name><desc>Fonte: DER-SP</desc><type>FIXED</type></wpt>
<wpt lat="-23.932730" lon="-46.427290"><name>Radar</name><desc>Fonte: DER-SP</desc><type>FIXED</type></wpt>
<wpt lat="-23.932386" lon="-46.427288"><name>Radar 80 km/h</name><desc>Fonte: OSM</desc><type>FIXED</type></wpt>
<wpt lat="-23.928841" lon="-46.430353"><name>Radar 80 km/h</name><desc>Fonte: OSM</desc><type>FIXED</type></wpt>
<wpt lat="-23.928639" lon="-46.364316"><name>Radar</name><desc>Fonte: DER-SP</desc><type>FIXED</type></wpt>
<wpt lat="-23.917343" lon="-46.529742"><name>Radar 80 km/h</name><desc>Fonte: OSM</desc><type>FIXED</type></wpt>
<wpt lat="-23.917137" lon="-46.853980"><name>Radar</name><desc>Fonte: DER-SP</desc><type>FIXED</type></wpt>
<wpt lat="-23.916639" lon="-46.522830"><name>Radar 100 km/h</name><desc>Fonte: OSM</desc><type>FIXED</type></wpt>
<wpt lat="-23.916000" lon="-46.522000"><name>Radar</name><desc>Fonte: DER-SP</desc><type>FIXED</type></wpt>
<wpt lat="-23.912900" lon="-46.290810"><name>Radar</name><desc>Fonte: DER-SP</desc><type>FIXED</type></wpt>
<wpt lat="-23.911761" lon="-46.557834"><name>Radar</name><desc>Fonte: OSM</desc><type>FIXED</type></wpt>
<wpt lat="-23.902029" lon="-46.463974"><name>Radar</name><desc>Fonte: DER-SP</desc><type>FIXED</type></wpt>
<wpt lat="-23.901839" lon="-46.464524"><name>Radar 80 km/h</name><desc>Fonte: OSM</desc><type>FIXED</type></wpt>
<wpt lat="-23.899085" lon="-46.474312"><name>Radar 80 km/h</name><desc>Fonte: OSM</desc><type>FIXED</type></wpt>
<wpt lat="-23.899075" lon="-46.470105"><name>Radar 80 km/h</name><desc>Fonte: OSM</desc><type>FIXED</type></wpt>
<wpt lat="-23.899000" lon="-46.466000"><name>Radar</name><desc>Fonte: DER-SP</desc><type>FIXED</type></wpt>
<wpt lat="-23.898790" lon="-46.561967"><name>Radar</name><desc>Fonte: DER-SP</desc><type>FIXED</type></wpt>
<wpt lat="-23.898689" lon="-46.561944"><name>Radar 100 km/h</name><desc>Fonte: OSM</desc><type>FIXED</type></wpt>
<wpt lat="-23.898490" lon="-46.509367"><name>Radar</name><desc>Fonte: OSM</desc><type>FIXED</type></wpt>
<wpt lat="-23.896000" lon="-46.505000"><name>Radar</name><desc>Fonte: DER-SP</desc><type>FIXED</type></wpt>
<wpt lat="-23.895587" lon="-46.563374"><name>Radar 100 km/h</name><desc>Fonte: OSM</desc><type>FIXED</type></wpt>
<wpt lat="-23.895000" lon="-46.562000"><name>Radar</name><desc>Fonte: DER-SP</desc><type>FIXED</type></wpt>
<wpt lat="-23.893937" lon="-48.010720"><name>Radar</name><desc>Fonte: DER-SP</desc><type>FIXED</type></wpt>
<wpt lat="-23.893774" lon="-48.010588"><name>Radar 60 km/h</name><desc>Fonte: OSM</desc><type>FIXED</type></wpt>
<wpt lat="-23.892103" lon="-49.139373"><name>Radar</name><desc>Fonte: DER-SP</desc><type>FIXED</type></wpt>
<wpt lat="-23.892000" lon="-46.472000"><name>Radar</name><desc>Fonte: DER-SP</desc><type>FIXED</type></wpt>
<wpt lat="-23.890000" lon="-46.491000"><name>Radar</name><desc>Fonte: DER-SP</desc><type>FIXED</type></wpt>
<wpt lat="-23.887660" lon="-49.139328"><name>Radar</name><desc>Fonte: DER-SP</desc><type>FIXED</type></wpt>
<wpt lat="-23.886551" lon="-48.011344"><name>Radar 60 km/h</name><desc>Fonte: OSM</desc><type>FIXED</type></wpt>
<wpt lat="-23.886544" lon="-48.011334"><name>Radar</name><desc>Fonte: DER-SP</desc><type>FIXED</type></wpt>
<wpt lat="-23.886000" lon="-46.501000"><name>Radar</name><desc>Fonte: DER-SP</desc><type>FIXED</type></wpt>
<wpt lat="-23.886000" lon="-46.485000"><name>Radar</name><desc>Fonte: DER-SP</desc><type>FIXED</type></wpt>
<wpt lat="-23.884709" lon="-46.479324"><name>Radar</name><desc>Fonte: DER-SP</desc><type>FIXED</type></wpt>
<wpt lat="-23.884038" lon="-46.500867"><name>Radar 80 km/h</name><desc>Fonte: OSM</desc><type>FIXED</type></wpt>
<wpt lat="-23.884000" lon="-46.478000"><name>Radar</name><desc>Fonte: DER-SP</desc><type>FIXED</type></wpt>
<wpt lat="-23.882238" lon="-46.488452"><name>Radar 80 km/h</name><desc>Fonte: OSM</desc><type>FIXED</type></wpt>
<wpt lat="-23.882000" lon="-46.459000"><name>Radar</name><desc>Fonte: DER-SP</desc><type>FIXED</type></wpt>
<wpt lat="-23.880210" lon="-46.450392"><name>Radar</name><desc>Fonte: DER-SP</desc><type>FIXED</type></wpt>
<wpt lat="-23.880000" lon="-46.519000"><name>Radar</name><desc>Fonte: DER-SP</desc><type>FIXED</type></wpt>
<wpt lat="-23.878459" lon="-46.487849"><name>Radar</name><desc>Fonte: DER-SP</desc><type>FIXED</type></wpt>
<wpt lat="-23.878000" lon="-46.452000"><name>Radar</name><desc>Fonte: DER-SP</desc><type>FIXED</type></wpt>
<wpt lat="-23.877000" lon="-46.487000"><name>Radar</name><desc>Fonte: DER-SP</desc><type>FIXED</type></wpt>
<wpt lat="-23.876784" lon="-46.325878"><name>Radar 60 km/h</name><desc>Fonte: OSM</desc><type>FIXED</type></wpt>
<wpt lat="-23.876769" lon="-46.325887"><name>Radar</name><desc>Fonte: DER-SP</desc><type>FIXED</type></wpt>
<wpt lat="-23.876720" lon="-46.325854"><name>Radar</name><desc>Fonte: DER-SP</desc><type>FIXED</type></wpt>
<wpt lat="-23.873651" lon="-46.339489"><name>Radar</name><desc>Fonte: DER-SP</desc><type>FIXED</type></wpt>
<wpt lat="-23.873620" lon="-46.339506"><name>Radar 60 km/h</name><desc>Fonte: OSM</desc><type>FIXED</type></wpt>
<wpt lat="-23.873618" lon="-46.492042"><name>Radar</name><desc>Fonte: DER-SP</desc><type>FIXED</type></wpt>
<wpt lat="-23.873000" lon="-46.339000"><name>Radar</name><desc>Fonte: DER-SP</desc><type>FIXED</type></wpt>
<wpt lat="-23.870565" lon="-46.572005"><name>Radar 120 km/h</name><desc>Fonte: OSM</desc><type>FIXED</type></wpt>
<wpt lat="-23.870496" lon="-46.571954"><name>Radar</name><desc>Fonte: DER-SP</desc><type>FIXED</type></wpt>
<wpt lat="-23.870000" lon="-46.490000"><name>Radar</name><desc>Fonte: DER-SP</desc><type>FIXED</type></wpt>
<wpt lat="-23.867000" lon="-46.572000"><name>Radar</name><desc>Fonte: DER-SP</desc><type>FIXED</type></wpt>
<wpt lat="-23.866637" lon="-46.494949"><name>Radar</name><desc>Fonte: DER-SP</desc><type>FIXED</type></wpt>
<wpt lat="-23.859050" lon="-46.351700"><name>Radar</name><desc>Fonte: DER-SP</desc><type>FIXED</type></wpt>
<wpt lat="-23.858850" lon="-46.352600"><name>Radar</name><desc>Fonte: DER-SP</desc><type>FIXED</type></wpt>
<wpt lat="-23.856502" lon="-46.941331"><name>Radar</name><desc>Fonte: OSM</desc><type>FIXED</type></wpt>
<wpt lat="-23.856190" lon="-46.824097"><name>Radar</name><desc>Fonte: DER-SP</desc><type>FIXED</type></wpt>
<wpt lat="-23.848585" lon="-48.030646"><name>Radar</name><desc>Fonte: DER-SP</desc><type>FIXED</type></wpt>
<wpt lat="-23.848462" lon="-48.030807"><name>Radar 60 km/h</name><desc>Fonte: OSM</desc><type>FIXED</type></wpt>
<wpt lat="-23.843906" lon="-46.935027"><name>Radar</name><desc>Fonte: OSM</desc><type>FIXED</type></wpt>
<wpt lat="-23.837917" lon="-46.930805"><name>Radar 80 km/h</name><desc>Fonte: ANTT</desc><type>FIXED</type></wpt>
<wpt lat="-23.837604" lon="-46.930653"><name>Radar</name><desc>Fonte: OSM</desc><type>FIXED</type></wpt>
<wpt lat="-23.837210" lon="-46.930536"><name>Radar</name><desc>Fonte: OSM</desc><type>FIXED</type></wpt>
<wpt lat="-23.832753" lon="-48.171003"><name>Radar</name><desc>Fonte: DER-SP</desc><type>FIXED</type></wpt>
<wpt lat="-23.828931" lon="-45.493749"><name>Radar</name><desc>Fonte: DER-SP</desc><type>FIXED</type></wpt>
<wpt lat="-23.827900" lon="-48.168600"><name>Radar</name><desc>Fonte: DER-SP</desc><type>FIXED</type></wpt>
<wpt lat="-23.827537" lon="-47.457268"><name>Radar 80 km/h</name><desc>Fonte: OSM</desc><type>FIXED</type></wpt>
<wpt lat="-23.823678" lon="-46.458903"><name>Radar</name><desc>Fonte: DER-SP</desc><type>FIXED</type></wpt>
<wpt lat="-23.819257" lon="-45.409061"><name>Radar 60 km/h</name><desc>Fonte: OSM</desc><type>FIXED</type></wpt>
<wpt lat="-23.817648" lon="-46.477346"><name>Radar</name><desc>Fonte: DER-SP</desc><type>FIXED</type></wpt>
<wpt lat="-23.817147" lon="-45.459899"><name>Radar 60 km/h</name><desc>Fonte: OSM</desc><type>FIXED</type></wpt>
<wpt lat="-23.817098" lon="-45.459781"><name>Radar</name><desc>Fonte: DER-SP</desc><type>FIXED</type></wpt>
<wpt lat="-23.816232" lon="-45.464183"><name>Radar</name><desc>Fonte: DER-SP</desc><type>FIXED</type></wpt>
<wpt lat="-23.815836" lon="-45.464226"><name>Radar 40 km/h</name><desc>Fonte: OSM</desc><type>FIXED</type></wpt>
<wpt lat="-23.814102" lon="-45.529661"><name>Radar 40 km/h</name><desc>Fonte: OSM</desc><type>FIXED</type></wpt>
<wpt lat="-23.813885" lon="-45.529984"><name>Radar</name><desc>Fonte: DER-SP</desc><type>FIXED</type></wpt>
<wpt lat="-23.808087" lon="-45.407064"><name>Radar 30 km/h</name><desc>Fonte: OSM</desc><type>FIXED</type></wpt>
<wpt lat="-23.807558" lon="-46.680121"><name>Radar</name><desc>Fonte: OSM</desc><type>FIXED</type></wpt>
<wpt lat="-23.802731" lon="-46.734428"><name>Radar 100 km/h</name><desc>Fonte: OSM</desc><type>FIXED</type></wpt>
<wpt lat="-23.802137" lon="-46.826945"><name>Radar</name><desc>Fonte: DER-SP</desc><type>FIXED</type></wpt>
<wpt lat="-23.801596" lon="-46.057980"><name>Radar 40 km/h</name><desc>Fonte: OSM</desc><type>FIXED</type></wpt>
<wpt lat="-23.800751" lon="-46.668630"><name>Radar 100 km/h</name><desc>Fonte: OSM</desc><type>FIXED</type></wpt>
<wpt lat="-23.800340" lon="-46.668300"><name>Radar</name><desc>Fonte: DER-SP</desc><type>FIXED</type></wpt>
<wpt lat="-23.800245" lon="-46.668246"><name>Radar</name><desc>Fonte: DER-SP</desc><type>FIXED</type></wpt>
<wpt lat="-23.799149" lon="-45.401845"><name>Radar 60 km/h</name><desc>Fonte: OSM</desc><type>FIXED</type></wpt>
<wpt lat="-23.799010" lon="-46.744320"><name>Radar</name><desc>Fonte: DER-SP</desc><type>FIXED</type></wpt>
<wpt lat="-23.798907" lon="-46.744553"><name>Radar 100 km/h</name><desc>Fonte: OSM</desc><type>FIXED</type></wpt>
<wpt lat="-23.798466" lon="-45.542336"><name>Radar</name><desc>Fonte: DER-SP</desc><type>FIXED</type></wpt>
<wpt lat="-23.798255" lon="-46.745308"><name>Radar</name><desc>Fonte: DER-SP</desc><type>FIXED</type></wpt>
<wpt lat="-23.798193" lon="-46.817148"><name>Radar</name><desc>Fonte: DER-SP</desc><type>FIXED</type></wpt>
<wpt lat="-23.797076" lon="-46.815676"><name>Radar</name><desc>Fonte: DER-SP</desc><type>FIXED</type></wpt>
<wpt lat="-23.794218" lon="-45.400194"><name>Radar 60 km/h</name><desc>Fonte: OSM</desc><type>FIXED</type></wpt>
<wpt lat="-23.793639" lon="-46.915250"><name>Radar 60 km/h</name><desc>Fonte: ANTT</desc><type>FIXED</type></wpt>
<wpt lat="-23.793401" lon="-46.915308"><name>Radar</name><desc>Fonte: OSM</desc><type>FIXED</type></wpt>
<wpt lat="-23.793366" lon="-46.915298"><name>Radar</name><desc>Fonte: OSM</desc><type>FIXED</type></wpt>
<wpt lat="-23.791878" lon="-45.399340"><name>Radar 60 km/h</name><desc>Fonte: OSM</desc><type>FIXED</type></wpt>
<wpt lat="-23.791843" lon="-45.399403"><name>Radar 60 km/h</name><desc>Fonte: OSM</desc><type>FIXED</type></wpt>
<wpt lat="-23.791546" lon="-45.559556"><name>Radar 40 km/h</name><desc>Fonte: OSM</desc><type>FIXED</type></wpt>
<wpt lat="-23.791507" lon="-45.559736"><name>Radar 40 km/h</name><desc>Fonte: OSM</desc><type>FIXED</type></wpt>
<wpt lat="-23.790904" lon="-45.398954"><name>Radar 60 km/h</name><desc>Fonte: OSM</desc><type>FIXED</type></wpt>
<wpt lat="-23.790642" lon="-45.398826"><name>Radar 60 km/h</name><desc>Fonte: OSM</desc><type>FIXED</type></wpt>
<wpt lat="-23.790369" lon="-45.565944"><name>Radar</name><desc>Fonte: DER-SP</desc><type>FIXED</type></wpt>
<wpt lat="-23.790209" lon="-45.583434"><name>Radar 60 km/h</name><desc>Fonte: OSM</desc><type>FIXED</type></wpt>
<wpt lat="-23.790183" lon="-45.574728"><name>Radar 40 km/h</name><desc>Fonte: OSM</desc><type>FIXED</type></wpt>
<wpt lat="-23.790180" lon="-45.574505"><name>Radar 40 km/h</name><desc>Fonte: OSM</desc><type>FIXED</type></wpt>
<wpt lat="-23.788815" lon="-45.585654"><name>Radar 50 km/h</name><desc>Fonte: OSM</desc><type>FIXED</type></wpt>
<wpt lat="-23.788657" lon="-45.585775"><name>Radar</name><desc>Fonte: DER-SP</desc><type>FIXED</type></wpt>
<wpt lat="-23.788041" lon="-46.506718"><name>Radar</name><desc>Fonte: DER-SP</desc><type>FIXED</type></wpt>
<wpt lat="-23.787624" lon="-45.588902"><name>Radar 50 km/h</name><desc>Fonte: OSM</desc><type>FIXED</type></wpt>
<wpt lat="-23.787567" lon="-46.506815"><name>Radar de trecho 40 km/h</name><desc>Fonte: OSM</desc><type>SECTION</type></wpt>
<wpt lat="-23.787389" lon="-45.589124"><name>Radar</name><desc>Fonte: DER-SP</desc><type>FIXED</type></wpt>
<wpt lat="-23.787317" lon="-46.506963"><name>Radar de trecho 40 km/h</name><desc>Fonte: OSM</desc><type>SECTION</type></wpt>
<wpt lat="-23.784808" lon="-46.762409"><name>Radar 60 km/h</name><desc>Fonte: OSM</desc><type>FIXED</type></wpt>
<wpt lat="-23.784548" lon="-46.524889"><name>Radar</name><desc>Fonte: DER-SP</desc><type>FIXED</type></wpt>
<wpt lat="-23.784235" lon="-45.623052"><name>Radar 40 km/h</name><desc>Fonte: OSM</desc><type>FIXED</type></wpt>
<wpt lat="-23.784208" lon="-46.531720"><name>Radar</name><desc>Fonte: OSM</desc><type>FIXED</type></wpt>
<wpt lat="-23.784169" lon="-46.531927"><name>Radar</name><desc>Fonte: OSM</desc><type>FIXED</type></wpt>
<wpt lat="-23.783790" lon="-46.525790"><name>Radar</name><desc>Fonte: DER-SP</desc><type>FIXED</type></wpt>
<wpt lat="-23.783335" lon="-45.630696"><name>Radar</name><desc>Fonte: DER-SP</desc><type>FIXED</type></wpt>
<wpt lat="-23.782773" lon="-45.634505"><name>Radar 40 km/h</name><desc>Fonte: OSM</desc><type>FIXED</type></wpt>
<wpt lat="-23.782034" lon="-46.834082"><name>Radar</name><desc>Fonte: DER-SP</desc><type>FIXED</type></wpt>
<wpt lat="-23.781933" lon="-46.506647"><name>Radar</name><desc>Fonte: DER-SP</desc><type>FIXED</type></wpt>
<wpt lat="-23.781928" lon="-45.607280"><name>Radar</name><desc>Fonte: DER-SP</desc><type>FIXED</type></wpt>
<wpt lat="-23.781874" lon="-46.488957"><name>Radar</name><desc>Fonte: DER-SP</desc><type>FIXED</type></wpt>
<wpt lat="-23.781000" lon="-46.526000"><name>Radar</name><desc>Fonte: DER-SP</desc><type>FIXED</type></wpt>
<wpt lat="-23.779458" lon="-46.507891"><name>Radar de trecho 40 km/h</name><desc>Fonte: OSM</desc><type>SECTION</type></wpt>
<wpt lat="-23.779187" lon="-46.508564"><name>Radar de trecho 40 km/h</name><desc>Fonte: OSM</desc><type>SECTION</type></wpt>
<wpt lat="-23.778272" lon="-45.400895"><name>Radar 60 km/h</name><desc>Fonte: OSM</desc><type>FIXED</type></wpt>
<wpt lat="-23.777870" lon="-45.967203"><name>Radar</name><desc>Fonte: DER-SP</desc><type>FIXED</type></wpt>
<wpt lat="-23.777586" lon="-46.523775"><name>Radar 40 km/h</name><desc>Fonte: OSM</desc><type>FIXED</type></wpt>
<wpt lat="-23.777580" lon="-46.524084"><name>Radar de trecho 40 km/h</name><desc>Fonte: OSM</desc><type>SECTION</type></wpt>
<wpt lat="-23.777515" lon="-46.523786"><name>Radar 40 km/h</name><desc>Fonte: OSM</desc><type>FIXED</type></wpt>
<wpt lat="-23.777511" lon="-46.523686"><name>Radar de trecho 40 km/h</name><desc>Fonte: OSM</desc><type>SECTION</type></wpt>
<wpt lat="-23.774481" lon="-46.530214"><name>Radar 60 km/h</name><desc>Fonte: OSM</desc><type>FIXED</type></wpt>
<wpt lat="-23.774302" lon="-46.530419"><name>Radar de trecho 60 km/h</name><desc>Fonte: OSM</desc><type>SECTION</type></wpt>
<wpt lat="-23.773269" lon="-46.328039"><name>Radar</name><desc>Fonte: DER-SP</desc><type>FIXED</type></wpt>
<wpt lat="-23.772789" lon="-46.365645"><name>Radar</name><desc>Fonte: DER-SP</desc><type>FIXED</type></wpt>
<wpt lat="-23.770840" lon="-45.638729"><name>Radar 40 km/h</name><desc>Fonte: OSM</desc><type>FIXED</type></wpt>
<wpt lat="-23.770770" lon="-45.638830"><name>Radar</name><desc>Fonte: DER-SP</desc><type>FIXED</type></wpt>
<wpt lat="-23.770345" lon="-45.639161"><name>Radar 40 km/h</name><desc>Fonte: OSM</desc><type>FIXED</type></wpt>
<wpt lat="-23.765896" lon="-46.908019"><name>Radar</name><desc>Fonte: OSM</desc><type>FIXED</type></wpt>
<wpt lat="-23.765827" lon="-45.406911"><name>Radar 60 km/h</name><desc>Fonte: OSM</desc><type>FIXED</type></wpt>
<wpt lat="-23.764359" lon="-46.464135"><name>Radar</name><desc>Fonte: DER-SP</desc><type>FIXED</type></wpt>
<wpt lat="-23.764337" lon="-46.537102"><name>Radar</name><desc>Fonte: DER-SP</desc><type>FIXED</type></wpt>
<wpt lat="-23.763270" lon="-46.543400"><name>Radar</name><desc>Fonte: DER-SP</desc><type>FIXED</type></wpt>
<wpt lat="-23.763203" lon="-46.772156"><name>Radar 80 km/h</name><desc>Fonte: OSM</desc><type>FIXED</type></wpt>
<wpt lat="-23.762028" lon="-46.905207"><name>Radar</name><desc>Fonte: OSM</desc><type>FIXED</type></wpt>
<wpt lat="-23.759525" lon="-45.412217"><name>Radar 40 km/h</name><desc>Fonte: OSM</desc><type>FIXED</type></wpt>
<wpt lat="-23.759523" lon="-45.412297"><name>Radar 40 km/h</name><desc>Fonte: OSM</desc><type>FIXED</type></wpt>
<wpt lat="-23.758526" lon="-45.722899"><name>Radar 40 km/h</name><desc>Fonte: OSM</desc><type>FIXED</type></wpt>
<wpt lat="-23.758289" lon="-45.723186"><name>Radar</name><desc>Fonte: DER-SP</desc><type>FIXED</type></wpt>
<wpt lat="-23.758045" lon="-45.723549"><name>Radar 40 km/h</name><desc>Fonte: OSM</desc><type>FIXED</type></wpt>
<wpt lat="-23.757988" lon="-46.544111"><name>Radar</name><desc>Fonte: OSM</desc><type>FIXED</type></wpt>
<wpt lat="-23.757299" lon="-46.583698"><name>Radar 50 km/h</name><desc>Fonte: OSM</desc><type>FIXED</type></wpt>
<wpt lat="-23.756958" lon="-46.039289"><name>Radar</name><desc>Fonte: DER-SP</desc><type>FIXED</type></wpt>
<wpt lat="-23.756950" lon="-46.566990"><name>Radar</name><desc>Fonte: DER-SP</desc><type>FIXED</type></wpt>
<wpt lat="-23.756317" lon="-45.850390"><name>Radar 40 km/h</name><desc>Fonte: OSM</desc><type>FIXED</type></wpt>
<wpt lat="-23.756202" lon="-45.849659"><name>Radar</name><desc>Fonte: DER-SP</desc><type>FIXED</type></wpt>
<wpt lat="-23.756018" lon="-46.577927"><name>Radar 40 km/h</name><desc>Fonte: OSM</desc><type>FIXED</type></wpt>
<wpt lat="-23.755851" lon="-45.878212"><name>Radar</name><desc>Fonte: DER-SP</desc><type>FIXED</type></wpt>
<wpt lat="-23.755689" lon="-46.577217"><name>Radar 40 km/h</name><desc>Fonte: OSM</desc><type>FIXED</type></wpt>
<wpt lat="-23.755163" lon="-45.815584"><name>Radar</name><desc>Fonte: DER-SP</desc><type>FIXED</type></wpt>
<wpt lat="-23.754930" lon="-46.839185"><name>Radar</name><desc>Fonte: DER-SP</desc><type>FIXED</type></wpt>
<wpt lat="-23.754464" lon="-45.825170"><name>Radar</name><desc>Fonte: DER-SP</desc><type>FIXED</type></wpt>
<wpt lat="-23.754427" lon="-45.825321"><name>Radar 40 km/h</name><desc>Fonte: OSM</desc><type>FIXED</type></wpt>
<wpt lat="-23.754397" lon="-45.825102"><name>Radar 40 km/h</name><desc>Fonte: OSM</desc><type>FIXED</type></wpt>
<wpt lat="-23.754179" lon="-46.594308"><name>Radar</name><desc>Fonte: DER-SP</desc><type>FIXED</type></wpt>
<wpt lat="-23.753966" lon="-46.594405"><name>Radar 120 km/h</name><desc>Fonte: OSM</desc><type>FIXED</type></wpt>
<wpt lat="-23.753808" lon="-46.789277"><name>Radar 40 km/h</name><desc>Fonte: OSM</desc><type>FIXED</type></wpt>
<wpt lat="-23.753651" lon="-46.789416"><name>Radar 40 km/h</name><desc>Fonte: OSM</desc><type>FIXED</type></wpt>
<wpt lat="-23.753639" lon="-46.797670"><name>Radar</name><desc>Fonte: DER-SP</desc><type>FIXED</type></wpt>
<wpt lat="-23.753468" lon="-46.798036"><name>Radar 100 km/h</name><desc>Fonte: OSM</desc><type>FIXED</type></wpt>
<wpt lat="-23.753456" lon="-46.397110"><name>Radar</name><desc>Fonte: DER-SP</desc><type>FIXED</type></wpt>
<wpt lat="-23.753450" lon="-46.797880"><name>Radar</name><desc>Fonte: DER-SP</desc><type>FIXED</type></wpt>
<wpt lat="-23.753354" lon="-46.688394"><name>Radar 50 km/h</name><desc>Fonte: OSM</desc><type>FIXED</type></wpt>
<wpt lat="-23.753307" lon="-46.688343"><name>Radar 50 km/h</name><desc>Fonte: OSM</desc><type>FIXED</type></wpt>
<wpt lat="-23.750839" lon="-45.726078"><name>Radar</name><desc>Fonte: DER-SP</desc><type>FIXED</type></wpt>
<wpt lat="-23.750731" lon="-46.571043"><name>Radar 50 km/h</name><desc>Fonte: OSM</desc><type>FIXED</type></wpt>
<wpt lat="-23.750663" lon="-46.571086"><name>Radar 50 km/h</name><desc>Fonte: OSM</desc><type>FIXED</type></wpt>
<wpt lat="-23.748755" lon="-45.410531"><name>Radar 40 km/h</name><desc>Fonte: OSM</desc><type>FIXED</type></wpt>
<wpt lat="-23.748566" lon="-45.410333"><name>Radar</name><desc>Fonte: DER-SP</desc><type>FIXED</type></wpt>
<wpt lat="-23.746017" lon="-46.612650"><name>Radar 40 km/h</name><desc>Fonte: OSM</desc><type>FIXED</type></wpt>
<wpt lat="-23.745785" lon="-46.612374"><name>Radar 40 km/h</name><desc>Fonte: OSM</desc><type>FIXED</type></wpt>
<wpt lat="-23.745662" lon="-46.792966"><name>Radar</name><desc>Fonte: DER-SP</desc><type>FIXED</type></wpt>
<wpt lat="-23.744174" lon="-46.690830"><name>Radar 50 km/h</name><desc>Fonte: OSM</desc><type>FIXED</type></wpt>
<wpt lat="-23.743080" lon="-46.812777"><name>Radar 100 km/h</name><desc>Fonte: OSM</desc><type>FIXED</type></wpt>
<wpt lat="-23.742489" lon="-45.732284"><name>Radar</name><desc>Fonte: DER-SP</desc><type>FIXED</type></wpt>
<wpt lat="-23.742356" lon="-45.731803"><name>Radar 60 km/h</name><desc>Fonte: OSM</desc><type>FIXED</type></wpt>
<wpt lat="-23.741633" lon="-46.588219"><name>Radar 50 km/h</name><desc>Fonte: OSM</desc><type>FIXED</type></wpt>
<wpt lat="-23.739892" lon="-46.441460"><name>Radar</name><desc>Fonte: DER-SP</desc><type>FIXED</type></wpt>
<wpt lat="-23.739000" lon="-46.599000"><name>Radar</name><desc>Fonte: DER-SP</desc><type>FIXED</type></wpt>
<wpt lat="-23.736784" lon="-46.844483"><name>Radar</name><desc>Fonte: DER-SP</desc><type>FIXED</type></wpt>
<wpt lat="-23.734474" lon="-46.579612"><name>Radar 40 km/h</name><desc>Fonte: OSM</desc><type>FIXED</type></wpt>
<wpt lat="-23.733608" lon="-46.409896"><name>Radar</name><desc>Fonte: DER-SP</desc><type>FIXED</type></wpt>
<wpt lat="-23.731096" lon="-46.568963"><name>Radar 40 km/h</name><desc>Fonte: OSM</desc><type>FIXED</type></wpt>
<wpt lat="-23.730890" lon="-46.568782"><name>Radar 40 km/h</name><desc>Fonte: OSM</desc><type>FIXED</type></wpt>
<wpt lat="-23.730785" lon="-46.495684"><name>Radar 40 km/h</name><desc>Fonte: OSM</desc><type>FIXED</type></wpt>
<wpt lat="-23.730292" lon="-46.606190"><name>Radar 120 km/h</name><desc>Fonte: OSM</desc><type>FIXED</type></wpt>
<wpt lat="-23.730080" lon="-46.844841"><name>Radar</name><desc>Fonte: DER-SP</desc><type>FIXED</type></wpt>
<wpt lat="-23.729151" lon="-46.547693"><name>Radar 60 km/h</name><desc>Fonte: OSM</desc><type>FIXED</type></wpt>
<wpt lat="-23.729151" lon="-46.547572"><name>Radar 50 km/h</name><desc>Fonte: OSM</desc><type>FIXED</type></wpt>
<wpt lat="-23.727927" lon="-46.420793"><name>Radar</name><desc>Fonte: DER-SP</desc><type>FIXED</type></wpt>
<wpt lat="-23.727871" lon="-46.548605"><name>Radar 60 km/h</name><desc>Fonte: OSM</desc><type>FIXED</type></wpt>
<wpt lat="-23.727852" lon="-46.548498"><name>Radar</name><desc>Fonte: OSM</desc><type>FIXED</type></wpt>
<wpt lat="-23.727795" lon="-46.548538"><name>Radar 60 km/h</name><desc>Fonte: OSM</desc><type>FIXED</type></wpt>
<wpt lat="-23.726733" lon="-45.416813"><name>Radar 60 km/h</name><desc>Fonte: OSM</desc><type>FIXED</type></wpt>
<wpt lat="-23.726652" lon="-45.416914"><name>Radar 60 km/h</name><desc>Fonte: OSM</desc><type>FIXED</type></wpt>
<wpt lat="-23.725863" lon="-45.436013"><name>Radar 40 km/h</name><desc>Fonte: OSM</desc><type>FIXED</type></wpt>
<wpt lat="-23.725768" lon="-45.436143"><name>Radar 40 km/h</name><desc>Fonte: OSM</desc><type>FIXED</type></wpt>
<wpt lat="-23.725271" lon="-45.421800"><name>Radar</name><desc>Fonte: DER-SP</desc><type>FIXED</type></wpt>
<wpt lat="-23.725231" lon="-46.807096"><name>Radar</name><desc>Fonte: DER-SP</desc><type>FIXED</type></wpt>
<wpt lat="-23.723871" lon="-46.555849"><name>Avanço de sinal</name><desc>Fonte: OSM</desc><type>RED_LIGHT</type></wpt>
<wpt lat="-23.723735" lon="-46.524319"><name>Radar 30 km/h</name><desc>Fonte: OSM</desc><type>FIXED</type></wpt>
<wpt lat="-23.723673" lon="-46.555655"><name>Radar 40 km/h</name><desc>Fonte: OSM</desc><type>FIXED</type></wpt>
<wpt lat="-23.723619" lon="-46.524262"><name>Radar 30 km/h</name><desc>Fonte: OSM</desc><type>FIXED</type></wpt>
<wpt lat="-23.722920" lon="-46.550213"><name>Radar</name><desc>Fonte: OSM</desc><type>FIXED</type></wpt>
<wpt lat="-23.722885" lon="-46.550229"><name>Avanço de sinal</name><desc>Fonte: OSM</desc><type>RED_LIGHT</type></wpt>
<wpt lat="-23.722000" lon="-46.807000"><name>Radar</name><desc>Fonte: DER-SP</desc><type>FIXED</type></wpt>
<wpt lat="-23.721738" lon="-46.547993"><name>Radar 50 km/h</name><desc>Fonte: OSM</desc><type>FIXED</type></wpt>
<wpt lat="-23.721689" lon="-46.547920"><name>Avanço de sinal</name><desc>Fonte: OSM</desc><type>RED_LIGHT</type></wpt>
<wpt lat="-23.719067" lon="-46.560460"><name>Radar 50 km/h</name><desc>Fonte: OSM</desc><type>FIXED</type></wpt>
<wpt lat="-23.717635" lon="-46.811024"><name>Radar</name><desc>Fonte: DER-SP</desc><type>FIXED</type></wpt>
<wpt lat="-23.717427" lon="-46.573371"><name>Radar 60 km/h</name><desc>Fonte: OSM</desc><type>FIXED</type></wpt>
<wpt lat="-23.717419" lon="-46.573371"><name>Radar</name><desc>Fonte: OSM</desc><type>FIXED</type></wpt>
<wpt lat="-23.717260" lon="-46.811470"><name>Radar</name><desc>Fonte: DER-SP</desc><type>FIXED</type></wpt>
<wpt lat="-23.717129" lon="-46.811646"><name>Radar 100 km/h</name><desc>Fonte: OSM</desc><type>FIXED</type></wpt>
<wpt lat="-23.717110" lon="-46.551829"><name>Radar 50 km/h</name><desc>Fonte: OSM</desc><type>FIXED</type></wpt>
<wpt lat="-23.716275" lon="-46.852220"><name>Radar 50 km/h</name><desc>Fonte: OSM</desc><type>FIXED</type></wpt>
<wpt lat="-23.715458" lon="-46.533179"><name>Radar 50 km/h</name><desc>Fonte: OSM</desc><type>FIXED</type></wpt>
<wpt lat="-23.715152" lon="-46.533067"><name>Radar 50 km/h</name><desc>Fonte: OSM</desc><type>FIXED</type></wpt>
<wpt lat="-23.714837" lon="-46.865814"><name>Radar</name><desc>Fonte: DER-SP</desc><type>FIXED</type></wpt>
<wpt lat="-23.712782" lon="-46.552845"><name>Radar</name><desc>Fonte: OSM</desc><type>FIXED</type></wpt>
<wpt lat="-23.712768" lon="-46.552847"><name>Avanço de sinal</name><desc>Fonte: OSM</desc><type>RED_LIGHT</type></wpt>
<wpt lat="-23.712689" lon="-46.710048"><name>Radar 50 km/h</name><desc>Fonte: OSM</desc><type>FIXED</type></wpt>
<wpt lat="-23.712545" lon="-46.709909"><name>Radar 50 km/h</name><desc>Fonte: OSM</desc><type>FIXED</type></wpt>
<wpt lat="-23.711640" lon="-46.574072"><name>Radar</name><desc>Fonte: OSM</desc><type>FIXED</type></wpt>
<wpt lat="-23.711576" lon="-46.568779"><name>Radar 50 km/h</name><desc>Fonte: OSM</desc><type>FIXED</type></wpt>
<wpt lat="-23.711573" lon="-46.573884"><name>Radar</name><desc>Fonte: OSM</desc><type>FIXED</type></wpt>
<wpt lat="-23.711495" lon="-49.474785"><name>Radar</name><desc>Fonte: DER-SP</desc><type>FIXED</type></wpt>
<wpt lat="-23.711471" lon="-46.566121"><name>Radar 50 km/h</name><desc>Fonte: OSM</desc><type>FIXED</type></wpt>
<wpt lat="-23.711464" lon="-46.569377"><name>Avanço de sinal</name><desc>Fonte: OSM</desc><type>RED_LIGHT</type></wpt>
<wpt lat="-23.711430" lon="-46.568443"><name>Radar 50 km/h</name><desc>Fonte: OSM</desc><type>FIXED</type></wpt>
<wpt lat="-23.711365" lon="-47.406978"><name>Radar 50 km/h</name><desc>Fonte: OSM</desc><type>FIXED</type></wpt>
<wpt lat="-23.711178" lon="-46.565649"><name>Radar 50 km/h</name><desc>Fonte: OSM</desc><type>FIXED</type></wpt>
<wpt lat="-23.711168" lon="-46.870635"><name>Radar 30 km/h</name><desc>Fonte: OSM</desc><type>FIXED</type></wpt>
<wpt lat="-23.711025" lon="-46.530134"><name>Radar 50 km/h</name><desc>Fonte: OSM</desc><type>FIXED</type></wpt>
<wpt lat="-23.710907" lon="-46.530289"><name>Radar 50 km/h</name><desc>Fonte: OSM</desc><type>FIXED</type></wpt>
<wpt lat="-23.710635" lon="-47.417013"><name>Radar 40 km/h</name><desc>Fonte: OSM</desc><type>FIXED</type></wpt>
<wpt lat="-23.710330" lon="-47.417654"><name>Radar 40 km/h</name><desc>Fonte: OSM</desc><type>FIXED</type></wpt>
<wpt lat="-23.709358" lon="-49.507495"><name>Radar</name><desc>Fonte: DER-SP</desc><type>FIXED</type></wpt>
<wpt lat="-23.709067" lon="-46.390107"><name>Radar</name><desc>Fonte: DER-SP</desc><type>FIXED</type></wpt>
<wpt lat="-23.708583" lon="-46.432056"><name>Radar</name><desc>Fonte: DER-SP</desc><type>FIXED</type></wpt>
<wpt lat="-23.708550" lon="-46.432230"><name>Radar</name><desc>Fonte: DER-SP</desc><type>FIXED</type></wpt>
<wpt lat="-23.708329" lon="-46.596014"><name>Radar 40 km/h</name><desc>Fonte: OSM</desc><type>FIXED</type></wpt>
<wpt lat="-23.708158" lon="-46.595773"><name>Radar 40 km/h</name><desc>Fonte: OSM</desc><type>FIXED</type></wpt>
<wpt lat="-23.707455" lon="-46.521613"><name>Avanço de sinal</name><desc>Fonte: OSM</desc><type>RED_LIGHT</type></wpt>
<wpt lat="-23.707378" lon="-46.521583"><name>Radar 40 km/h</name><desc>Fonte: OSM</desc><type>FIXED</type></wpt>
<wpt lat="-23.707219" lon="-46.521634"><name>Avanço de sinal 40 km/h</name><desc>Fonte: OSM</desc><type>RED_LIGHT</type></wpt>
<wpt lat="-23.707087" lon="-46.521649"><name>Avanço de sinal</name><desc>Fonte: OSM</desc><type>RED_LIGHT</type></wpt>
<wpt lat="-23.706800" lon="-46.535633"><name>Radar 40 km/h</name><desc>Fonte: OSM</desc><type>FIXED</type></wpt>
<wpt lat="-23.706236" lon="-46.549387"><name>Radar 40 km/h</name><desc>Fonte: OSM</desc><type>FIXED</type></wpt>
<wpt lat="-23.706102" lon="-46.549939"><name>Radar 40 km/h</name><desc>Fonte: OSM</desc><type>FIXED</type></wpt>
<wpt lat="-23.705733" lon="-46.520689"><name>Avanço de sinal</name><desc>Fonte: OSM</desc><type>RED_LIGHT</type></wpt>
<wpt lat="-23.705699" lon="-46.520399"><name>Radar 40 km/h</name><desc>Fonte: OSM</desc><type>FIXED</type></wpt>
<wpt lat="-23.705657" lon="-46.558012"><name>Avanço de sinal</name><desc>Fonte: OSM</desc><type>RED_LIGHT</type></wpt>
<wpt lat="-23.705630" lon="-46.520541"><name>Radar 40 km/h</name><desc>Fonte: OSM</desc><type>FIXED</type></wpt>
<wpt lat="-23.705619" lon="-46.520438"><name>Avanço de sinal</name><desc>Fonte: OSM</desc><type>RED_LIGHT</type></wpt>
<wpt lat="-23.705188" lon="-49.468019"><name>Radar</name><desc>Fonte: DER-SP</desc><type>FIXED</type></wpt>
<wpt lat="-23.705094" lon="-47.434407"><name>Radar 60 km/h</name><desc>Fonte: OSM</desc><type>FIXED</type></wpt>
<wpt lat="-23.705077" lon="-47.437441"><name>Radar 60 km/h</name><desc>Fonte: OSM</desc><type>FIXED</type></wpt>
<wpt lat="-23.704745" lon="-46.556560"><name>Avanço de sinal</name><desc>Fonte: OSM</desc><type>RED_LIGHT</type></wpt>
<wpt lat="-23.704203" lon="-49.466363"><name>Radar</name><desc>Fonte: DER-SP</desc><type>FIXED</type></wpt>
<wpt lat="-23.704181" lon="-49.466248"><name>Radar</name><desc>Fonte: DER-SP</desc><type>FIXED</type></wpt>
<wpt lat="-23.704145" lon="-46.555392"><name>Avanço de sinal</name><desc>Fonte: OSM</desc><type>RED_LIGHT</type></wpt>
<wpt lat="-23.703958" lon="-46.517835"><name>Radar de trecho 50 km/h</name><desc>Fonte: OSM</desc><type>SECTION</type></wpt>
<wpt lat="-23.703945" lon="-46.517793"><name>Radar 50 km/h</name><desc>Fonte: OSM</desc><type>FIXED</type></wpt>
<wpt lat="-23.703928" lon="-46.382912"><name>Radar</name><desc>Fonte: DER-SP</desc><type>FIXED</type></wpt>
<wpt lat="-23.702989" lon="-46.544151"><name>Radar</name><desc>Fonte: OSM</desc><type>FIXED</type></wpt>
<wpt lat="-23.701419" lon="-46.701400"><name>Radar 50 km/h</name><desc>Fonte: OSM</desc><type>FIXED</type></wpt>
<wpt lat="-23.701407" lon="-46.701461"><name>Radar 50 km/h</name><desc>Fonte: OSM</desc><type>FIXED</type></wpt>
<wpt lat="-23.701140" lon="-46.814165"><name>Radar 100 km/h</name><desc>Fonte: OSM</desc><type>FIXED</type></wpt>
<wpt lat="-23.700292" lon="-46.590345"><name>Avanço de sinal</name><desc>Fonte: OSM</desc><type>RED_LIGHT</type></wpt>
<wpt lat="-23.700242" lon="-46.563336"><name>Radar 40 km/h</name><desc>Fonte: OSM</desc><type>FIXED</type></wpt>
<wpt lat="-23.700006" lon="-46.590258"><name>Radar 40 km/h</name><desc>Fonte: OSM</desc><type>FIXED</type></wpt>
<wpt lat="-23.699973" lon="-46.563541"><name>Radar 40 km/h</name><desc>Fonte: OSM</desc><type>FIXED</type></wpt>
<wpt lat="-23.699960" lon="-46.867813"><name>Radar</name><desc>Fonte: OSM</desc><type>FIXED</type></wpt>
<wpt lat="-23.699638" lon="-46.590120"><name>Radar 40 km/h</name><desc>Fonte: OSM</desc><type>FIXED</type></wpt>
<wpt lat="-23.699336" lon="-46.548794"><name>Radar 40 km/h</name><desc>Fonte: OSM</desc><type>FIXED</type></wpt>
<wpt lat="-23.699229" lon="-46.590007"><name>Avanço de sinal</name><desc>Fonte: OSM</desc><type>RED_LIGHT</type></wpt>
<wpt lat="-23.699102" lon="-46.866857"><name>Radar</name><desc>Fonte: OSM</desc><type>FIXED</type></wpt>
<wpt lat="-23.699006" lon="-46.866766"><name>Radar</name><desc>Fonte: OSM</desc><type>FIXED</type></wpt>
<wpt lat="-23.698933" lon="-46.549321"><name>Radar de trecho 30 km/h</name><desc>Fonte: OSM</desc><type>SECTION</type></wpt>
<wpt lat="-23.698796" lon="-46.549469"><name>Radar de trecho 30 km/h</name><desc>Fonte: OSM</desc><type>SECTION</type></wpt>
<wpt lat="-23.698691" lon="-46.561804"><name>Radar 90 km/h</name><desc>Fonte: OSM</desc><type>FIXED</type></wpt>
<wpt lat="-23.698601" lon="-45.439208"><name>Radar 60 km/h</name><desc>Fonte: OSM</desc><type>FIXED</type></wpt>
<wpt lat="-23.698563" lon="-45.439113"><name>Radar 60 km/h</name><desc>Fonte: OSM</desc><type>FIXED</type></wpt>
<wpt lat="-23.698383" lon="-46.826415"><name>Radar</name><desc>Fonte: DER-SP</desc><type>FIXED</type></wpt>
<wpt lat="-23.698350" lon="-46.866529"><name>Radar</name><desc>Fonte: OSM</desc><type>FIXED</type></wpt>
<wpt lat="-23.697903" lon="-46.577768"><name>Avanço de sinal</name><desc>Fonte: OSM</desc><type>RED_LIGHT</type></wpt>
<wpt lat="-23.697852" lon="-46.577786"><name>Radar</name><desc>Fonte: OSM</desc><type>FIXED</type></wpt>
<wpt lat="-23.697558" lon="-46.479674"><name>Radar</name><desc>Fonte: OSM</desc><type>FIXED</type></wpt>
<wpt lat="-23.697367" lon="-46.479672"><name>Radar</name><desc>Fonte: OSM</desc><type>FIXED</type></wpt>
<wpt lat="-23.697200" lon="-46.561616"><name>Radar 40 km/h</name><desc>Fonte: OSM</desc><type>FIXED</type></wpt>
<wpt lat="-23.696387" lon="-46.715051"><name>Radar</name><desc>Fonte: OSM</desc><type>FIXED</type></wpt>
<wpt lat="-23.696172" lon="-46.714842"><name>Radar 50 km/h</name><desc>Fonte: OSM</desc><type>FIXED</type></wpt>
<wpt lat="-23.696026" lon="-46.715036"><name>Radar 50 km/h</name><desc>Fonte: OSM</desc><type>FIXED</type></wpt>
<wpt lat="-23.695657" lon="-46.563138"><name>Radar 80 km/h</name><desc>Fonte: OSM</desc><type>FIXED</type></wpt>
<wpt lat="-23.695262" lon="-46.552884"><name>Radar 60 km/h</name><desc>Fonte: OSM</desc><type>FIXED</type></wpt>
<wpt lat="-23.695250" lon="-46.553100"><name>Radar 60 km/h</name><desc>Fonte: OSM</desc><type>FIXED</type></wpt>
<wpt lat="-23.694336" lon="-46.568239"><name>Avanço de sinal</name><desc>Fonte: OSM</desc><type>RED_LIGHT</type></wpt>
<wpt lat="-23.693639" lon="-46.567976"><name>Radar 40 km/h</name><desc>Fonte: OSM</desc><type>FIXED</type></wpt>
<wpt lat="-23.693505" lon="-46.568016"><name>Avanço de sinal</name><desc>Fonte: OSM</desc><type>RED_LIGHT</type></wpt>
<wpt lat="-23.693484" lon="-46.568009"><name>Radar 40 km/h</name><desc>Fonte: OSM</desc><type>FIXED</type></wpt>
<wpt lat="-23.693376" lon="-46.701603"><name>Radar 40 km/h</name><desc>Fonte: OSM</desc><type>FIXED</type></wpt>
<wpt lat="-23.693376" lon="-46.701552"><name>Radar 40 km/h</name><desc>Fonte: OSM</desc><type>FIXED</type></wpt>
<wpt lat="-23.692376" lon="-46.507157"><name>Radar 50 km/h</name><desc>Fonte: OSM</desc><type>FIXED</type></wpt>
<wpt lat="-23.692220" lon="-46.448899"><name>Radar 60 km/h</name><desc>Fonte: OSM</desc><type>FIXED</type></wpt>
<wpt lat="-23.691991" lon="-46.566591"><name>Radar 40 km/h</name><desc>Fonte: OSM</desc><type>FIXED</type></wpt>
<wpt lat="-23.691601" lon="-46.587615"><name>Radar</name><desc>Fonte: OSM</desc><type>FIXED</type></wpt>
<wpt lat="-23.691114" lon="-46.472970"><name>Radar de trecho 70 km/h</name><desc>Fonte: OSM</desc><type>SECTION</type></wpt>
<wpt lat="-23.690720" lon="-46.472478"><name>Radar 70 km/h</name><desc>Fonte: OSM</desc><type>FIXED</type></wpt>
<wpt lat="-23.690673" lon="-49.522840"><name>Radar</name><desc>Fonte: DER-SP</desc><type>FIXED</type></wpt>
<wpt lat="-23.690553" lon="-46.577495"><name>Radar 50 km/h</name><desc>Fonte: OSM</desc><type>FIXED</type></wpt>
<wpt lat="-23.690450" lon="-46.559230"><name>Radar 60 km/h</name><desc>Fonte: OSM</desc><type>FIXED</type></wpt>
<wpt lat="-23.690418" lon="-46.561213"><name>Radar 40 km/h</name><desc>Fonte: OSM</desc><type>FIXED</type></wpt>
<wpt lat="-23.690358" lon="-46.521870"><name>Radar 30 km/h</name><desc>Fonte: OSM</desc><type>FIXED</type></wpt>
<wpt lat="-23.690267" lon="-46.521971"><name>Radar 30 km/h</name><desc>Fonte: OSM</desc><type>FIXED</type></wpt>
<wpt lat="-23.689814" lon="-46.552381"><name>Radar 40 km/h</name><desc>Fonte: OSM</desc><type>FIXED</type></wpt>
<wpt lat="-23.689569" lon="-46.697527"><name>Radar 50 km/h</name><desc>Fonte: OSM</desc><type>FIXED</type></wpt>
<wpt lat="-23.689435" lon="-46.546537"><name>Radar 40 km/h</name><desc>Fonte: OSM</desc><type>FIXED</type></wpt>
<wpt lat="-23.688999" lon="-46.546328"><name>Radar 40 km/h</name><desc>Fonte: OSM</desc><type>FIXED</type></wpt>
<wpt lat="-23.688935" lon="-46.551167"><name>Radar 50 km/h</name><desc>Fonte: OSM</desc><type>FIXED</type></wpt>
<wpt lat="-23.688859" lon="-46.550982"><name>Radar 50 km/h</name><desc>Fonte: OSM</desc><type>FIXED</type></wpt>
<wpt lat="-23.688680" lon="-46.855708"><name>Radar 40 km/h</name><desc>Fonte: OSM</desc><type>FIXED</type></wpt>
<wpt lat="-23.688499" lon="-46.855787"><name>Radar 40 km/h</name><desc>Fonte: OSM</desc><type>FIXED</type></wpt>
<wpt lat="-23.688244" lon="-46.619237"><name>Radar</name><desc>Fonte: OSM</desc><type>FIXED</type></wpt>
<wpt lat="-23.687784" lon="-46.771871"><name>Radar 50 km/h</name><desc>Fonte: OSM</desc><type>FIXED</type></wpt>
<wpt lat="-23.687751" lon="-46.386287"><name>Radar</name><desc>Fonte: DER-SP</desc><type>FIXED</type></wpt>
<wpt lat="-23.687704" lon="-46.771993"><name>Radar 50 km/h</name><desc>Fonte: OSM</desc><type>FIXED</type></wpt>
<wpt lat="-23.687633" lon="-46.452122"><name>Radar 60 km/h</name><desc>Fonte: OSM</desc><type>FIXED</type></wpt>
<wpt lat="-23.685616" lon="-46.600161"><name>Radar</name><desc>Fonte: OSM</desc><type>FIXED</type></wpt>
<wpt lat="-23.685616" lon="-46.545340"><name>Radar 40 km/h</name><desc>Fonte: OSM</desc><type>FIXED</type></wpt>
<wpt lat="-23.685376" lon="-46.617357"><name>Radar 50 km/h</name><desc>Fonte: OSM</desc><type>FIXED</type></wpt>
<wpt lat="-23.685067" lon="-46.627308"><name>Radar 50 km/h</name><desc>Fonte: OSM</desc><type>FIXED</type></wpt>
<wpt lat="-23.684780" lon="-46.547201"><name>Radar 60 km/h</name><desc>Fonte: OSM</desc><type>FIXED</type></wpt>
<wpt lat="-23.684739" lon="-46.547147"><name>Avanço de sinal</name><desc>Fonte: OSM</desc><type>RED_LIGHT</type></wpt>
<wpt lat="-23.684481" lon="-46.607928"><name>Radar 50 km/h</name><desc>Fonte: OSM</desc><type>FIXED</type></wpt>
<wpt lat="-23.684453" lon="-46.547192"><name>Avanço de sinal</name><desc>Fonte: OSM</desc><type>RED_LIGHT</type></wpt>
<wpt lat="-23.684396" lon="-46.547098"><name>Radar 60 km/h</name><desc>Fonte: OSM</desc><type>FIXED</type></wpt>
<wpt lat="-23.684191" lon="-46.632777"><name>Radar 50 km/h</name><desc>Fonte: OSM</desc><type>FIXED</type></wpt>
<wpt lat="-23.684146" lon="-47.020634"><name>Radar 40 km/h</name><desc>Fonte: OSM</desc><type>FIXED</type></wpt>
<wpt lat="-23.683223" lon="-46.690610"><name>Radar 50 km/h</name><desc>Fonte: OSM</desc><type>FIXED</type></wpt>
<wpt lat="-23.682225" lon="-46.767420"><name>Radar 50 km/h</name><desc>Fonte: OSM</desc><type>FIXED</type></wpt>
<wpt lat="-23.682007" lon="-46.542961"><name>Radar 60 km/h</name><desc>Fonte: OSM</desc><type>FIXED</type></wpt>
<wpt lat="-23.681385" lon="-46.554625"><name>Radar 50 km/h</name><desc>Fonte: OSM</desc><type>FIXED</type></wpt>
<wpt lat="-23.681250" lon="-46.554743"><name>Radar 50 km/h</name><desc>Fonte: OSM</desc><type>FIXED</type></wpt>
<wpt lat="-23.681092" lon="-46.505132"><name>Radar 50 km/h</name><desc>Fonte: OSM</desc><type>FIXED</type></wpt>
<wpt lat="-23.680868" lon="-46.713307"><name>Radar</name><desc>Fonte: OSM</desc><type>FIXED</type></wpt>
<wpt lat="-23.680774" lon="-46.505443"><name>Radar 50 km/h</name><desc>Fonte: OSM</desc><type>FIXED</type></wpt>
<wpt lat="-23.680465" lon="-46.687583"><name>Radar 50 km/h</name><desc>Fonte: OSM</desc><type>FIXED</type></wpt>
<wpt lat="-23.679521" lon="-46.824130"><name>Radar 100 km/h</name><desc>Fonte: OSM</desc><type>FIXED</type></wpt>
<wpt lat="-23.678855" lon="-46.763229"><name>Radar 50 km/h</name><desc>Fonte: OSM</desc><type>FIXED</type></wpt>
<wpt lat="-23.678797" lon="-46.592767"><name>Radar 60 km/h</name><desc>Fonte: OSM</desc><type>FIXED</type></wpt>
<wpt lat="-23.678737" lon="-46.706877"><name>Radar 50 km/h</name><desc>Fonte: OSM</desc><type>FIXED</type></wpt>
<wpt lat="-23.678710" lon="-46.706810"><name>Radar 50 km/h</name><desc>Fonte: OSM</desc><type>FIXED</type></wpt>
<wpt lat="-23.678436" lon="-46.776987"><name>Radar 40 km/h</name><desc>Fonte: OSM</desc><type>FIXED</type></wpt>
<wpt lat="-23.678375" lon="-46.772334"><name>Radar 40 km/h</name><desc>Fonte: OSM</desc><type>FIXED</type></wpt>
<wpt lat="-23.678361" lon="-46.777018"><name>Radar 40 km/h</name><desc>Fonte: OSM</desc><type>FIXED</type></wpt>
<wpt lat="-23.678320" lon="-46.772292"><name>Radar 40 km/h</name><desc>Fonte: OSM</desc><type>FIXED</type></wpt>
<wpt lat="-23.677873" lon="-46.469638"><name>Radar 60 km/h</name><desc>Fonte: OSM</desc><type>FIXED</type></wpt>
<wpt lat="-23.677362" lon="-46.351692"><name>Radar 40 km/h</name><desc>Fonte: OSM</desc><type>FIXED</type></wpt>
<wpt lat="-23.677223" lon="-46.351572"><name>Radar</name><desc>Fonte: DER-SP</desc><type>FIXED</type></wpt>
<wpt lat="-23.677212" lon="-46.351635"><name>Radar 40 km/h</name><desc>Fonte: OSM</desc><type>FIXED</type></wpt>
<wpt lat="-23.676770" lon="-46.589472"><name>Radar 60 km/h</name><desc>Fonte: OSM</desc><type>FIXED</type></wpt>
<wpt lat="-23.676690" lon="-46.399440"><name>Radar</name><desc>Fonte: DER-SP</desc><type>FIXED</type></wpt>
<wpt lat="-23.676667" lon="-46.399333"><name>Radar</name><desc>Fonte: DER-SP</desc><type>FIXED</type></wpt>
<wpt lat="-23.676217" lon="-46.641901"><name>Radar 50 km/h</name><desc>Fonte: OSM</desc><type>FIXED</type></wpt>
<wpt lat="-23.676056" lon="-46.642133"><name>Radar 50 km/h</name><desc>Fonte: OSM</desc><type>FIXED</type></wpt>
<wpt lat="-23.675009" lon="-46.801235"><name>Radar 30 km/h</name><desc>Fonte: OSM</desc><type>FIXED</type></wpt>
<wpt lat="-23.674955" lon="-46.801191"><name>Radar 30 km/h</name><desc>Fonte: OSM</desc><type>FIXED</type></wpt>
<wpt lat="-23.674633" lon="-46.712262"><name>Radar</name><desc>Fonte: OSM</desc><type>FIXED</type></wpt>
<wpt lat="-23.674486" lon="-46.712253"><name>Radar 50 km/h</name><desc>Fonte: OSM</desc><type>FIXED</type></wpt>
<wpt lat="-23.674477" lon="-46.712433"><name>Radar 50 km/h</name><desc>Fonte: OSM</desc><type>FIXED</type></wpt>
<wpt lat="-23.673495" lon="-47.014894"><name>Radar 60 km/h</name><desc>Fonte: OSM</desc><type>FIXED</type></wpt>
<wpt lat="-23.673398" lon="-47.014979"><name>Radar 60 km/h</name><desc>Fonte: OSM</desc><type>FIXED</type></wpt>
<wpt lat="-23.672998" lon="-46.744189"><name>Radar 50 km/h</name><desc>Fonte: OSM</desc><type>FIXED</type></wpt>
<wpt lat="-23.672698" lon="-46.581461"><name>Radar</name><desc>Fonte: OSM</desc><type>FIXED</type></wpt>
<wpt lat="-23.672641" lon="-46.190147"><name>Radar</name><desc>Fonte: DER-SP</desc><type>FIXED</type></wpt>
<wpt lat="-23.672553" lon="-46.581565"><name>Radar 60 km/h</name><desc>Fonte: OSM</desc><type>FIXED</type></wpt>
<wpt lat="-23.672515" lon="-46.743274"><name>Radar 50 km/h</name><desc>Fonte: OSM</desc><type>FIXED</type></wpt>
<wpt lat="-23.672288" lon="-46.710133"><name>Radar 40 km/h</name><desc>Fonte: OSM</desc><type>FIXED</type></wpt>
<wpt lat="-23.672262" lon="-46.710055"><name>Radar 40 km/h</name><desc>Fonte: OSM</desc><type>FIXED</type></wpt>
<wpt lat="-23.671420" lon="-45.468030"><name>Radar</name><desc>Fonte: DER-SP</desc><type>FIXED</type></wpt>
<wpt lat="-23.671187" lon="-45.467970"><name>Radar 80 km/h</name><desc>Fonte: OSM</desc><type>FIXED</type></wpt>
<wpt lat="-23.671041" lon="-46.227674"><name>Radar</name><desc>Fonte: DER-SP</desc><type>FIXED</type></wpt>
<wpt lat="-23.670691" lon="-46.496521"><name>Radar 50 km/h</name><desc>Fonte: OSM</desc><type>FIXED</type></wpt>
<wpt lat="-23.670456" lon="-46.496852"><name>Radar 50 km/h</name><desc>Fonte: OSM</desc><type>FIXED</type></wpt>
<wpt lat="-23.670161" lon="-46.737820"><name>Radar 50 km/h</name><desc>Fonte: OSM</desc><type>FIXED</type></wpt>
<wpt lat="-23.670042" lon="-46.737871"><name>Radar 50 km/h</name><desc>Fonte: OSM</desc><type>FIXED</type></wpt>
<wpt lat="-23.669251" lon="-46.553462"><name>Radar 50 km/h</name><desc>Fonte: OSM</desc><type>FIXED</type></wpt>
<wpt lat="-23.669185" lon="-46.553629"><name>Radar 40 km/h</name><desc>Fonte: OSM</desc><type>FIXED</type></wpt>
<wpt lat="-23.669155" lon="-46.424374"><name>Radar 50 km/h</name><desc>Fonte: OSM</desc><type>FIXED</type></wpt>
<wpt lat="-23.669073" lon="-46.553499"><name>Radar 50 km/h</name><desc>Fonte: OSM</desc><type>FIXED</type></wpt>
<wpt lat="-23.668598" lon="-46.636021"><name>Radar 50 km/h</name><desc>Fonte: OSM</desc><type>FIXED</type></wpt>
<wpt lat="-23.668488" lon="-46.567823"><name>Radar 50 km/h</name><desc>Fonte: OSM</desc><type>FIXED</type></wpt>
<wpt lat="-23.668450" lon="-46.635826"><name>Radar 50 km/h</name><desc>Fonte: OSM</desc><type>FIXED</type></wpt>
<wpt lat="-23.668443" lon="-46.567987"><name>Radar 50 km/h</name><desc>Fonte: OSM</desc><type>FIXED</type></wpt>
<wpt lat="-23.667916" lon="-46.823857"><name>Radar</name><desc>Fonte: OSM</desc><type>FIXED</type></wpt>
<wpt lat="-23.667824" lon="-46.462975"><name>Radar 50 km/h</name><desc>Fonte: OSM</desc><type>FIXED</type></wpt>
<wpt lat="-23.667823" lon="-46.427050"><name>Radar 50 km/h</name><desc>Fonte: OSM</desc><type>FIXED</type></wpt>
<wpt lat="-23.667800" lon="-46.427304"><name>Radar 50 km/h</name><desc>Fonte: OSM</desc><type>FIXED</type></wpt>
<wpt lat="-23.667303" lon="-45.465370"><name>Radar 80 km/h</name><desc>Fonte: OSM</desc><type>FIXED</type></wpt>
<wpt lat="-23.667166" lon="-46.725257"><name>Radar 50 km/h</name><desc>Fonte: OSM</desc><type>FIXED</type></wpt>
<wpt lat="-23.667045" lon="-46.725480"><name>Radar 50 km/h</name><desc>Fonte: OSM</desc><type>FIXED</type></wpt>
<wpt lat="-23.666824" lon="-45.465088"><name>Radar</name><desc>Fonte: DER-SP</desc><type>FIXED</type></wpt>
<wpt lat="-23.666674" lon="-46.654981"><name>Radar 50 km/h</name><desc>Fonte: OSM</desc><type>FIXED</type></wpt>
<wpt lat="-23.666306" lon="-46.394861"><name>Radar</name><desc>Fonte: DER-SP</desc><type>FIXED</type></wpt>
<wpt lat="-23.666290" lon="-46.394680"><name>Radar</name><desc>Fonte: DER-SP</desc><type>FIXED</type></wpt>
<wpt lat="-23.666227" lon="-46.520705"><name>Radar 60 km/h</name><desc>Fonte: OSM</desc><type>FIXED</type></wpt>
<wpt lat="-23.666153" lon="-46.656518"><name>Radar 50 km/h</name><desc>Fonte: OSM</desc><type>FIXED</type></wpt>
<wpt lat="-23.666100" lon="-47.008765"><name>Radar 60 km/h</name><desc>Fonte: OSM</desc><type>FIXED</type></wpt>
<wpt lat="-23.666017" lon="-47.008827"><name>Radar 60 km/h</name><desc>Fonte: OSM</desc><type>FIXED</type></wpt>
<wpt lat="-23.665775" lon="-46.571028"><name>Radar 40 km/h</name><desc>Fonte: OSM</desc><type>FIXED</type></wpt>
<wpt lat="-23.665681" lon="-46.440315"><name>Radar 50 km/h</name><desc>Fonte: OSM</desc><type>FIXED</type></wpt>
<wpt lat="-23.665577" lon="-46.517532"><name>Radar 60 km/h</name><desc>Fonte: OSM</desc><type>FIXED</type></wpt>
<wpt lat="-23.665534" lon="-46.430744"><name>Radar 50 km/h</name><desc>Fonte: OSM</desc><type>FIXED</type></wpt>
<wpt lat="-23.665494" lon="-46.517571"><name>Radar 60 km/h</name><desc>Fonte: OSM</desc><type>FIXED</type></wpt>
<wpt lat="-23.665310" lon="-46.438094"><name>Radar 50 km/h</name><desc>Fonte: OSM</desc><type>FIXED</type></wpt>
<wpt lat="-23.665147" lon="-46.516919"><name>Radar 60 km/h</name><desc>Fonte: OSM</desc><type>FIXED</type></wpt>
<wpt lat="-23.665066" lon="-46.516969"><name>Radar 60 km/h</name><desc>Fonte: OSM</desc><type>FIXED</type></wpt>
<wpt lat="-23.665049" lon="-46.799128"><name>Radar 40 km/h</name><desc>Fonte: OSM</desc><type>FIXED</type></wpt>
<wpt lat="-23.664862" lon="-46.432711"><name>Radar</name><desc>Fonte: OSM</desc><type>FIXED</type></wpt>
<wpt lat="-23.664452" lon="-46.632905"><name>Radar 110 km/h</name><desc>Fonte: OSM</desc><type>FIXED</type></wpt>
<wpt lat="-23.663314" lon="-47.008058"><name>Radar 60 km/h</name><desc>Fonte: OSM</desc><type>FIXED</type></wpt>
<wpt lat="-23.662856" lon="-46.632739"><name>Radar</name><desc>Fonte: DER-SP</desc><type>FIXED</type></wpt>
<wpt lat="-23.662463" lon="-46.561923"><name>Radar 60 km/h</name><desc>Fonte: OSM</desc><type>FIXED</type></wpt>
<wpt lat="-23.662408" lon="-46.561969"><name>Radar 60 km/h</name><desc>Fonte: OSM</desc><type>FIXED</type></wpt>
<wpt lat="-23.661868" lon="-46.338008"><name>Radar</name><desc>Fonte: DER-SP</desc><type>FIXED</type></wpt>
<wpt lat="-23.661802" lon="-46.337996"><name>Radar</name><desc>Fonte: DER-SP</desc><type>FIXED</type></wpt>
<wpt lat="-23.661403" lon="-46.679420"><name>Radar 50 km/h</name><desc>Fonte: OSM</desc><type>FIXED</type></wpt>
<wpt lat="-23.661168" lon="-46.526141"><name>Avanço de sinal</name><desc>Fonte: OSM</desc><type>RED_LIGHT</type></wpt>
<wpt lat="-23.660883" lon="-46.570506"><name>Radar 50 km/h</name><desc>Fonte: OSM</desc><type>FIXED</type></wpt>
<wpt lat="-23.660399" lon="-47.449735"><name>Radar 80 km/h</name><desc>Fonte: OSM</desc><type>FIXED</type></wpt>
<wpt lat="-23.660275" lon="-47.006321"><name>Radar 60 km/h</name><desc>Fonte: OSM</desc><type>FIXED</type></wpt>
<wpt lat="-23.659999" lon="-47.450069"><name>Radar 80 km/h</name><desc>Fonte: OSM</desc><type>FIXED</type></wpt>
<wpt lat="-23.658537" lon="-46.203061"><name>Radar</name><desc>Fonte: DER-SP</desc><type>FIXED</type></wpt>
<wpt lat="-23.658534" lon="-46.635857"><name>Radar 50 km/h</name><desc>Fonte: OSM</desc><type>FIXED</type></wpt>
<wpt lat="-23.658432" lon="-46.663595"><name>Radar 50 km/h</name><desc>Fonte: OSM</desc><type>FIXED</type></wpt>
<wpt lat="-23.658286" lon="-46.663923"><name>Radar 50 km/h</name><desc>Fonte: OSM</desc><type>FIXED</type></wpt>
<wpt lat="-23.658006" lon="-46.374814"><name>Radar</name><desc>Fonte: DER-SP</desc><type>FIXED</type></wpt>
<wpt lat="-23.657791" lon="-46.636064"><name>Radar 50 km/h</name><desc>Fonte: OSM</desc><type>FIXED</type></wpt>
<wpt lat="-23.657514" lon="-46.485646"><name>Radar 60 km/h</name><desc>Fonte: OSM</desc><type>FIXED</type></wpt>
<wpt lat="-23.657169" lon="-46.330761"><name>Radar</name><desc>Fonte: DER-SP</desc><type>FIXED</type></wpt>
<wpt lat="-23.656929" lon="-47.453001"><name>Radar 60 km/h</name><desc>Fonte: OSM</desc><type>FIXED</type></wpt>
<wpt lat="-23.656833" lon="-46.717736"><name>Radar 60 km/h</name><desc>Fonte: OSM</desc><type>FIXED</type></wpt>
<wpt lat="-23.656444" lon="-46.498465"><name>Radar 60 km/h</name><desc>Fonte: OSM</desc><type>FIXED</type></wpt>
<wpt lat="-23.656337" lon="-46.715478"><name>Radar 30 km/h</name><desc>Fonte: OSM</desc><type>FIXED</type></wpt>
<wpt lat="-23.656081" lon="-46.201236"><name>Radar</name><desc>Fonte: DER-SP</desc><type>FIXED</type></wpt>
<wpt lat="-23.655987" lon="-46.735862"><name>Radar 40 km/h</name><desc>Fonte: OSM</desc><type>FIXED</type></wpt>
<wpt lat="-23.655980" lon="-46.547499"><name>Radar 40 km/h</name><desc>Fonte: OSM</desc><type>FIXED</type></wpt>
<wpt lat="-23.655934" lon="-46.547408"><name>Radar 40 km/h</name><desc>Fonte: OSM</desc><type>FIXED</type></wpt>
<wpt lat="-23.653835" lon="-46.759585"><name>Radar 50 km/h</name><desc>Fonte: OSM</desc><type>FIXED</type></wpt>
<wpt lat="-23.653765" lon="-46.759719"><name>Radar 50 km/h</name><desc>Fonte: OSM</desc><type>FIXED</type></wpt>
<wpt lat="-23.652707" lon="-46.548679"><name>Radar 60 km/h</name><desc>Fonte: OSM</desc><type>FIXED</type></wpt>
<wpt lat="-23.652385" lon="-46.814982"><name>Radar 40 km/h</name><desc>Fonte: OSM</desc><type>FIXED</type></wpt>
<wpt lat="-23.652040" lon="-46.516205"><name>Radar 60 km/h</name><desc>Fonte: OSM</desc><type>FIXED</type></wpt>
<wpt lat="-23.650918" lon="-46.669749"><name>Radar 50 km/h</name><desc>Fonte: OSM</desc><type>FIXED</type></wpt>
<wpt lat="-23.650238" lon="-45.459213"><name>Radar</name><desc>Fonte: OSM</desc><type>FIXED</type></wpt>
<wpt lat="-23.650070" lon="-46.567187"><name>Radar 50 km/h</name><desc>Fonte: OSM</desc><type>FIXED</type></wpt>
<wpt lat="-23.649952" lon="-46.325568"><name>Radar</name><desc>Fonte: DER-SP</desc><type>FIXED</type></wpt>
<wpt lat="-23.649913" lon="-46.845432"><name>Radar</name><desc>Fonte: OSM</desc><type>FIXED</type></wpt>
<wpt lat="-23.649846" lon="-46.845352"><name>Radar</name><desc>Fonte: OSM</desc><type>FIXED</type></wpt>
<wpt lat="-23.649799" lon="-46.845252"><name>Radar</name><desc>Fonte: OSM</desc><type>FIXED</type></wpt>
<wpt lat="-23.649694" lon="-45.432722"><name>Radar 60 km/h</name><desc>Fonte: OSM</desc><type>FIXED</type></wpt>
<wpt lat="-23.649688" lon="-45.432804"><name>Radar 60 km/h</name><desc>Fonte: OSM</desc><type>FIXED</type></wpt>
<wpt lat="-23.649678" lon="-46.724501"><name>Radar 90 km/h</name><desc>Fonte: OSM</desc><type>FIXED</type></wpt>
<wpt lat="-23.649583" lon="-46.642635"><name>Radar 40 km/h</name><desc>Fonte: OSM</desc><type>FIXED</type></wpt>
<wpt lat="-23.649553" lon="-46.751672"><name>Radar 50 km/h</name><desc>Fonte: OSM</desc><type>FIXED</type></wpt>
<wpt lat="-23.649537" lon="-46.642654"><name>Radar 40 km/h</name><desc>Fonte: OSM</desc><type>FIXED</type></wpt>
<wpt lat="-23.649119" lon="-46.676536"><name>Radar 50 km/h</name><desc>Fonte: OSM</desc><type>FIXED</type></wpt>
<wpt lat="-23.648710" lon="-46.749999"><name>Radar 50 km/h</name><desc>Fonte: OSM</desc><type>FIXED</type></wpt>
<wpt lat="-23.648689" lon="-46.844285"><name>Radar</name><desc>Fonte: OSM</desc><type>FIXED</type></wpt>
<wpt lat="-23.647357" lon="-46.632140"><name>Radar 70 km/h</name><desc>Fonte: OSM</desc><type>FIXED</type></wpt>
<wpt lat="-23.646934" lon="-46.488861"><name>Radar 60 km/h</name><desc>Fonte: OSM</desc><type>FIXED</type></wpt>
<wpt lat="-23.646625" lon="-46.631578"><name>Radar 70 km/h</name><desc>Fonte: OSM</desc><type>FIXED</type></wpt>
<wpt lat="-23.645868" lon="-46.710445"><name>Radar 50 km/h</name><desc>Fonte: OSM</desc><type>FIXED</type></wpt>
<wpt lat="-23.645821" lon="-46.710248"><name>Radar 50 km/h</name><desc>Fonte: OSM</desc><type>FIXED</type></wpt>
<wpt lat="-23.645538" lon="-46.606995"><name>Radar 40 km/h</name><desc>Fonte: OSM</desc><type>FIXED</type></wpt>
<wpt lat="-23.645475" lon="-46.606960"><name>Radar 40 km/h</name><desc>Fonte: OSM</desc><type>FIXED</type></wpt>
<wpt lat="-23.645217" lon="-46.581732"><name>Radar 30 km/h</name><desc>Fonte: OSM</desc><type>FIXED</type></wpt>
<wpt lat="-23.645109" lon="-46.581910"><name>Radar 30 km/h</name><desc>Fonte: OSM</desc><type>FIXED</type></wpt>
<wpt lat="-23.645036" lon="-46.750042"><name>Radar 50 km/h</name><desc>Fonte: OSM</desc><type>FIXED</type></wpt>
<wpt lat="-23.644801" lon="-45.459353"><name>Radar</name><desc>Fonte: OSM</desc><type>FIXED</type></wpt>
<wpt lat="-23.644247" lon="-46.748704"><name>Radar 50 km/h</name><desc>Fonte: OSM</desc><type>FIXED</type></wpt>
<wpt lat="-23.644153" lon="-46.322635"><name>Radar</name><desc>Fonte: DER-SP</desc><type>FIXED</type></wpt>
<wpt lat="-23.642318" lon="-46.843902"><name>Radar 60 km/h</name><desc>Fonte: OSM</desc><type>FIXED</type></wpt>
<wpt lat="-23.641760" lon="-46.842961"><name>Radar 60 km/h</name><desc>Fonte: OSM</desc><type>FIXED</type></wpt>
<wpt lat="-23.641113" lon="-46.673351"><name>Radar 50 km/h</name><desc>Fonte: OSM</desc><type>FIXED</type></wpt>
<wpt lat="-23.640866" lon="-46.673603"><name>Radar 50 km/h</name><desc>Fonte: OSM</desc><type>FIXED</type></wpt>
<wpt lat="-23.639504" lon="-46.673387"><name>Radar 50 km/h</name><desc>Fonte: OSM</desc><type>FIXED</type></wpt>
<wpt lat="-23.638595" lon="-46.583921"><name>Radar 60 km/h</name><desc>Fonte: OSM</desc><type>FIXED</type></wpt>
<wpt lat="-23.638389" lon="-46.592750"><name>Radar</name><desc>Fonte: DER-SP</desc><type>FIXED</type></wpt>
<wpt lat="-23.638254" lon="-46.592155"><name>Radar 70 km/h</name><desc>Fonte: OSM</desc><type>FIXED</type></wpt>
<wpt lat="-23.638222" lon="-46.393309"><name>Radar</name><desc>Fonte: DER-SP</desc><type>FIXED</type></wpt>
<wpt lat="-23.638104" lon="-46.593570"><name>Radar 90 km/h</name><desc>Fonte: OSM</desc><type>FIXED</type></wpt>
<wpt lat="-23.637981" lon="-46.593337"><name>Radar</name><desc>Fonte: DER-SP</desc><type>FIXED</type></wpt>
<wpt lat="-23.637837" lon="-46.721326"><name>Radar 90 km/h</name><desc>Fonte: OSM</desc><type>FIXED</type></wpt>
<wpt lat="-23.637726" lon="-46.833598"><name>Radar 40 km/h</name><desc>Fonte: OSM</desc><type>FIXED</type></wpt>
<wpt lat="-23.637156" lon="-46.720385"><name>Radar 60 km/h</name><desc>Fonte: OSM</desc><type>FIXED</type></wpt>
<wpt lat="-23.637093" lon="-46.693912"><name>Radar 50 km/h</name><desc>Fonte: OSM</desc><type>FIXED</type></wpt>
<wpt lat="-23.637059" lon="-46.693733"><name>Radar 50 km/h</name><desc>Fonte: OSM</desc><type>FIXED</type></wpt>
<wpt lat="-23.635548" lon="-46.499565"><name>Radar 30 km/h</name><desc>Fonte: OSM</desc><type>FIXED</type></wpt>
<wpt lat="-23.635418" lon="-46.499840"><name>Radar 30 km/h</name><desc>Fonte: OSM</desc><type>FIXED</type></wpt>
<wpt lat="-23.635000" lon="-46.594000"><name>Radar</name><desc>Fonte: DER-SP</desc><type>FIXED</type></wpt>
<wpt lat="-23.634431" lon="-45.462299"><name>Radar</name><desc>Fonte: OSM</desc><type>FIXED</type></wpt>
<wpt lat="-23.634070" lon="-46.579528"><name>Radar 50 km/h</name><desc>Fonte: OSM</desc><type>FIXED</type></wpt>
<wpt lat="-23.633920" lon="-46.774564"><name>Radar</name><desc>Fonte: OSM</desc><type>FIXED</type></wpt>
<wpt lat="-23.633554" lon="-46.324484"><name>Radar 40 km/h</name><desc>Fonte: OSM</desc><type>FIXED</type></wpt>
<wpt lat="-23.633457" lon="-46.324588"><name>Radar 40 km/h</name><desc>Fonte: OSM</desc><type>FIXED</type></wpt>
<wpt lat="-23.633247" lon="-46.324563"><name>Radar</name><desc>Fonte: DER-SP</desc><type>FIXED</type></wpt>
<wpt lat="-23.632901" lon="-46.643315"><name>Radar</name><desc>Fonte: OSM</desc><type>FIXED</type></wpt>
<wpt lat="-23.632569" lon="-46.537145"><name>Radar 60 km/h</name><desc>Fonte: OSM</desc><type>FIXED</type></wpt>
<wpt lat="-23.632173" lon="-46.682170"><name>Radar 50 km/h</name><desc>Fonte: OSM</desc><type>FIXED</type></wpt>
<wpt lat="-23.632139" lon="-46.681898"><name>Radar 50 km/h</name><desc>Fonte: OSM</desc><type>FIXED</type></wpt>
<wpt lat="-23.631729" lon="-46.537895"><name>Radar 60 km/h</name><desc>Fonte: OSM</desc><type>FIXED</type></wpt>
<wpt lat="-23.631140" lon="-46.523880"><name>Radar 40 km/h</name><desc>Fonte: OSM</desc><type>FIXED</type></wpt>
<wpt lat="-23.631106" lon="-46.523896"><name>Radar 40 km/h</name><desc>Fonte: OSM</desc><type>FIXED</type></wpt>
<wpt lat="-23.630935" lon="-46.596379"><name>Radar 70 km/h</name><desc>Fonte: OSM</desc><type>FIXED</type></wpt>
<wpt lat="-23.630437" lon="-46.770548"><name>Radar 50 km/h</name><desc>Fonte: OSM</desc><type>FIXED</type></wpt>
<wpt lat="-23.630365" lon="-46.770374"><name>Radar 50 km/h</name><desc>Fonte: OSM</desc><type>FIXED</type></wpt>
<wpt lat="-23.630354" lon="-46.716901"><name>Radar 90 km/h</name><desc>Fonte: OSM</desc><type>FIXED</type></wpt>
<wpt lat="-23.630180" lon="-46.618123"><name>Radar 40 km/h</name><desc>Fonte: OSM</desc><type>FIXED</type></wpt>
<wpt lat="-23.630165" lon="-46.618079"><name>Radar 40 km/h</name><desc>Fonte: OSM</desc><type>FIXED</type></wpt>
<wpt lat="-23.629796" lon="-46.986855"><name>Radar 60 km/h</name><desc>Fonte: OSM</desc><type>FIXED</type></wpt>
<wpt lat="-23.629446" lon="-46.637549"><name>Radar 50 km/h</name><desc>Fonte: OSM</desc><type>FIXED</type></wpt>
<wpt lat="-23.629309" lon="-46.640907"><name>Radar 50 km/h</name><desc>Fonte: OSM</desc><type>FIXED</type></wpt>
<wpt lat="-23.628993" lon="-46.539329"><name>Radar de trecho 60 km/h</name><desc>Fonte: OSM</desc><type>SECTION</type></wpt>
<wpt lat="-23.628767" lon="-46.539402"><name>Radar</name><desc>Fonte: OSM</desc><type>FIXED</type></wpt>
<wpt lat="-23.628572" lon="-46.625101"><name>Radar 50 km/h</name><desc>Fonte: OSM</desc><type>FIXED</type></wpt>
<wpt lat="-23.628478" lon="-46.625505"><name>Radar 50 km/h</name><desc>Fonte: OSM</desc><type>FIXED</type></wpt>
<wpt lat="-23.628222" lon="-46.688598"><name>Radar 50 km/h</name><desc>Fonte: OSM</desc><type>FIXED</type></wpt>
<wpt lat="-23.626993" lon="-46.484352"><name>Radar 60 km/h</name><desc>Fonte: OSM</desc><type>FIXED</type></wpt>
<wpt lat="-23.626705" lon="-46.616919"><name>Radar 50 km/h</name><desc>Fonte: OSM</desc><type>FIXED</type></wpt>
<wpt lat="-23.626700" lon="-46.598240"><name>Radar</name><desc>Fonte: DER-SP</desc><type>FIXED</type></wpt>
<wpt lat="-23.626645" lon="-46.633871"><name>Radar 50 km/h</name><desc>Fonte: OSM</desc><type>FIXED</type></wpt>
<wpt lat="-23.626534" lon="-46.598278"><name>Radar de trecho 70 km/h</name><desc>Fonte: OSM</desc><type>SECTION</type></wpt>
<wpt lat="-23.626470" lon="-46.617032"><name>Radar 50 km/h</name><desc>Fonte: OSM</desc><type>FIXED</type></wpt>
<wpt lat="-23.626231" lon="-46.598452"><name>Radar 70 km/h</name><desc>Fonte: OSM</desc><type>FIXED</type></wpt>
<wpt lat="-23.626160" lon="-46.981851"><name>Radar 40 km/h</name><desc>Fonte: OSM</desc><type>FIXED</type></wpt>
<wpt lat="-23.626067" lon="-46.501409"><name>Radar 50 km/h</name><desc>Fonte: OSM</desc><type>FIXED</type></wpt>
<wpt lat="-23.626030" lon="-46.981747"><name>Radar 40 km/h</name><desc>Fonte: OSM</desc><type>FIXED</type></wpt>
<wpt lat="-23.625917" lon="-46.629262"><name>Radar 50 km/h</name><desc>Fonte: OSM</desc><type>FIXED</type></wpt>
<wpt lat="-23.625884" lon="-46.619299"><name>Radar 40 km/h</name><desc>Fonte: OSM</desc><type>FIXED</type></wpt>
<wpt lat="-23.625816" lon="-46.501208"><name>Radar 50 km/h</name><desc>Fonte: OSM</desc><type>FIXED</type></wpt>
<wpt lat="-23.625484" lon="-46.628840"><name>Radar 50 km/h</name><desc>Fonte: OSM</desc><type>FIXED</type></wpt>
<wpt lat="-23.625331" lon="-46.619329"><name>Radar 50 km/h</name><desc>Fonte: OSM</desc><type>FIXED</type></wpt>
<wpt lat="-23.625179" lon="-46.450545"><name>Radar 50 km/h</name><desc>Fonte: OSM</desc><type>FIXED</type></wpt>
<wpt lat="-23.624895" lon="-46.682170"><name>Radar 50 km/h</name><desc>Fonte: OSM</desc><type>FIXED</type></wpt>
<wpt lat="-23.624830" lon="-46.682280"><name>Radar 50 km/h</name><desc>Fonte: OSM</desc><type>FIXED</type></wpt>
<wpt lat="-23.624772" lon="-46.487084"><name>Radar 50 km/h</name><desc>Fonte: OSM</desc><type>FIXED</type></wpt>
<wpt lat="-23.624654" lon="-46.203732"><name>Radar</name><desc>Fonte: DER-SP</desc><type>FIXED</type></wpt>
<wpt lat="-23.624546" lon="-46.706749"><name>Radar 70 km/h</name><desc>Fonte: OSM</desc><type>FIXED</type></wpt>
<wpt lat="-23.624530" lon="-46.486090"><name>Radar 50 km/h</name><desc>Fonte: OSM</desc><type>FIXED</type></wpt>
<wpt lat="-23.624469" lon="-46.705638"><name>Radar 60 km/h</name><desc>Fonte: OSM</desc><type>FIXED</type></wpt>
<wpt lat="-23.624246" lon="-46.737358"><name>Radar 50 km/h</name><desc>Fonte: OSM</desc><type>FIXED</type></wpt>
<wpt lat="-23.623032" lon="-46.651593"><name>Radar 50 km/h</name><desc>Fonte: OSM</desc><type>FIXED</type></wpt>
<wpt lat="-23.622467" lon="-46.697295"><name>Radar 50 km/h</name><desc>Fonte: OSM</desc><type>FIXED</type></wpt>
<wpt lat="-23.622379" lon="-46.640142"><name>Radar 50 km/h</name><desc>Fonte: OSM</desc><type>FIXED</type></wpt>
<wpt lat="-23.622374" lon="-46.697161"><name>Radar 50 km/h</name><desc>Fonte: OSM</desc><type>FIXED</type></wpt>
<wpt lat="-23.622209" lon="-46.759201"><name>Radar 40 km/h</name><desc>Fonte: OSM</desc><type>FIXED</type></wpt>
<wpt lat="-23.622137" lon="-46.759200"><name>Radar 40 km/h</name><desc>Fonte: OSM</desc><type>FIXED</type></wpt>
<wpt lat="-23.622096" lon="-46.653313"><name>Radar 50 km/h</name><desc>Fonte: OSM</desc><type>FIXED</type></wpt>
<wpt lat="-23.622015" lon="-46.465718"><name>Radar 50 km/h</name><desc>Fonte: OSM</desc><type>FIXED</type></wpt>
<wpt lat="-23.621890" lon="-49.276570"><name>Radar</name><desc>Fonte: DER-SP</desc><type>FIXED</type></wpt>
<wpt lat="-23.621887" lon="-49.276565"><name>Radar</name><desc>Fonte: DER-SP</desc><type>FIXED</type></wpt>
<wpt lat="-23.621547" lon="-49.276697"><name>Radar</name><desc>Fonte: DER-SP</desc><type>FIXED</type></wpt>
<wpt lat="-23.621502" lon="-46.503429"><name>Radar 40 km/h</name><desc>Fonte: OSM</desc><type>FIXED</type></wpt>
<wpt lat="-23.621479" lon="-46.503471"><name>Radar 40 km/h</name><desc>Fonte: OSM</desc><type>FIXED</type></wpt>
<wpt lat="-23.621101" lon="-46.647248"><name>Radar 50 km/h</name><desc>Fonte: OSM</desc><type>FIXED</type></wpt>
<wpt lat="-23.621042" lon="-46.449000"><name>Radar 50 km/h</name><desc>Fonte: OSM</desc><type>FIXED</type></wpt>
<wpt lat="-23.621024" lon="-46.647155"><name>Radar 50 km/h</name><desc>Fonte: OSM</desc><type>FIXED</type></wpt>
<wpt lat="-23.620570" lon="-46.523310"><name>Radar 50 km/h</name><desc>Fonte: OSM</desc><type>FIXED</type></wpt>
<wpt lat="-23.620521" lon="-46.805849"><name>Radar 40 km/h</name><desc>Fonte: OSM</desc><type>FIXED</type></wpt>
<wpt lat="-23.620251" lon="-46.789267"><name>Radar 40 km/h</name><desc>Fonte: OSM</desc><type>FIXED</type></wpt>
<wpt lat="-23.619943" lon="-46.553522"><name>Radar 50 km/h</name><desc>Fonte: OSM</desc><type>FIXED</type></wpt>
<wpt lat="-23.619587" lon="-45.429954"><name>Radar</name><desc>Fonte: DER-SP</desc><type>FIXED</type></wpt>
<wpt lat="-23.618924" lon="-46.785981"><name>Radar 50 km/h</name><desc>Fonte: OSM</desc><type>FIXED</type></wpt>
<wpt lat="-23.618905" lon="-46.785922"><name>Radar 50 km/h</name><desc>Fonte: OSM</desc><type>FIXED</type></wpt>
<wpt lat="-23.618655" lon="-46.771847"><name>Radar 40 km/h</name><desc>Fonte: OSM</desc><type>FIXED</type></wpt>
<wpt lat="-23.618625" lon="-46.542499"><name>Radar 60 km/h</name><desc>Fonte: OSM</desc><type>FIXED</type></wpt>
<wpt lat="-23.618344" lon="-46.973776"><name>Radar 60 km/h</name><desc>Fonte: OSM</desc><type>FIXED</type></wpt>
<wpt lat="-23.618233" lon="-46.624212"><name>Radar 40 km/h</name><desc>Fonte: OSM</desc><type>FIXED</type></wpt>
<wpt lat="-23.618131" lon="-46.624517"><name>Radar 40 km/h</name><desc>Fonte: OSM</desc><type>FIXED</type></wpt>
<wpt lat="-23.617952" lon="-46.543031"><name>Radar</name><desc>Fonte: OSM</desc><type>FIXED</type></wpt>
<wpt lat="-23.617736" lon="-46.701578"><name>Radar 90 km/h</name><desc>Fonte: OSM</desc><type>FIXED</type></wpt>
<wpt lat="-23.617707" lon="-46.522735"><name>Radar 50 km/h</name><desc>Fonte: OSM</desc><type>FIXED</type></wpt>
<wpt lat="-23.617599" lon="-46.661662"><name>Radar 50 km/h</name><desc>Fonte: OSM</desc><type>FIXED</type></wpt>
<wpt lat="-23.617573" lon="-46.661645"><name>Radar 50 km/h</name><desc>Fonte: OSM</desc><type>FIXED</type></wpt>
<wpt lat="-23.617553" lon="-46.661632"><name>Radar 50 km/h</name><desc>Fonte: OSM</desc><type>FIXED</type></wpt>
<wpt lat="-23.617530" lon="-46.661619"><name>Radar 50 km/h</name><desc>Fonte: OSM</desc><type>FIXED</type></wpt>
<wpt lat="-23.617508" lon="-46.661604"><name>Radar 50 km/h</name><desc>Fonte: OSM</desc><type>FIXED</type></wpt>
<wpt lat="-23.616980" lon="-46.601771"><name>Radar 50 km/h</name><desc>Fonte: OSM</desc><type>FIXED</type></wpt>
<wpt lat="-23.616700" lon="-46.740801"><name>Radar 40 km/h</name><desc>Fonte: OSM</desc><type>FIXED</type></wpt>
<wpt lat="-23.616656" lon="-46.735418"><name>Radar 40 km/h</name><desc>Fonte: OSM</desc><type>FIXED</type></wpt>
<wpt lat="-23.616620" lon="-46.556969"><name>Radar 60 km/h</name><desc>Fonte: OSM</desc><type>FIXED</type></wpt>
<wpt lat="-23.616505" lon="-46.563913"><name>Radar 60 km/h</name><desc>Fonte: OSM</desc><type>FIXED</type></wpt>
<wpt lat="-23.616467" lon="-46.557820"><name>Radar 60 km/h</name><desc>Fonte: OSM</desc><type>FIXED</type></wpt>
<wpt lat="-23.616376" lon="-46.563902"><name>Radar 60 km/h</name><desc>Fonte: OSM</desc><type>FIXED</type></wpt>
<wpt lat="-23.616275" lon="-46.663511"><name>Radar 40 km/h</name><desc>Fonte: OSM</desc><type>FIXED</type></wpt>
<wpt lat="-23.616198" lon="-45.431274"><name>Radar</name><desc>Fonte: DER-SP</desc><type>FIXED</type></wpt>
<wpt lat="-23.615692" lon="-45.431044"><name>Radar</name><desc>Fonte: DER-SP</desc><type>FIXED</type></wpt>
<wpt lat="-23.615547" lon="-46.627270"><name>Radar 50 km/h</name><desc>Fonte: OSM</desc><type>FIXED</type></wpt>
<wpt lat="-23.615436" lon="-46.969455"><name>Radar</name><desc>Fonte: DER-SP</desc><type>FIXED</type></wpt>
<wpt lat="-23.615348" lon="-46.969659"><name>Radar 60 km/h</name><desc>Fonte: OSM</desc><type>FIXED</type></wpt>
<wpt lat="-23.615297" lon="-46.605502"><name>Radar 40 km/h</name><desc>Fonte: OSM</desc><type>FIXED</type></wpt>
<wpt lat="-23.615230" lon="-46.605506"><name>Radar 40 km/h</name><desc>Fonte: OSM</desc><type>FIXED</type></wpt>
<wpt lat="-23.614912" lon="-46.638359"><name>Radar 50 km/h</name><desc>Fonte: OSM</desc><type>FIXED</type></wpt>
<wpt lat="-23.614529" lon="-46.638414"><name>Radar 50 km/h</name><desc>Fonte: OSM</desc><type>FIXED</type></wpt>
<wpt lat="-23.614386" lon="-46.470915"><name>Radar 50 km/h</name><desc>Fonte: OSM</desc><type>FIXED</type></wpt>
<wpt lat="-23.613948" lon="-46.658404"><name>Radar 60 km/h</name><desc>Fonte: OSM</desc><type>FIXED</type></wpt>
<wpt lat="-23.613358" lon="-46.957772"><name>Radar</name><desc>Fonte: DER-SP</desc><type>FIXED</type></wpt>
<wpt lat="-23.613350" lon="-46.700944"><name>Radar 60 km/h</name><desc>Fonte: OSM</desc><type>FIXED</type></wpt>
<wpt lat="-23.612898" lon="-46.491108"><name>Radar 50 km/h</name><desc>Fonte: OSM</desc><type>FIXED</type></wpt>
<wpt lat="-23.612703" lon="-46.957374"><name>Radar</name><desc>Fonte: DER-SP</desc><type>FIXED</type></wpt>
<wpt lat="-23.612440" lon="-45.430610"><name>Radar</name><desc>Fonte: DER-SP</desc><type>FIXED</type></wpt>
<wpt lat="-23.612410" lon="-45.430560"><name>Radar</name><desc>Fonte: DER-SP</desc><type>FIXED</type></wpt>
<wpt lat="-23.612351" lon="-45.430613"><name>Radar 50 km/h</name><desc>Fonte: OSM</desc><type>FIXED</type></wpt>
<wpt lat="-23.612336" lon="-46.656859"><name>Radar</name><desc>Fonte: OSM</desc><type>FIXED</type></wpt>
<wpt lat="-23.612322" lon="-46.473220"><name>Radar 50 km/h</name><desc>Fonte: OSM</desc><type>FIXED</type></wpt>
<wpt lat="-23.612166" lon="-46.987017"><name>Radar</name><desc>Fonte: DER-SP</desc><type>FIXED</type></wpt>
<wpt lat="-23.612062" lon="-46.783633"><name>Radar 40 km/h</name><desc>Fonte: OSM</desc><type>FIXED</type></wpt>
<wpt lat="-23.611569" lon="-46.669803"><name>Radar 50 km/h</name><desc>Fonte: OSM</desc><type>FIXED</type></wpt>
<wpt lat="-23.611491" lon="-46.581651"><name>Radar 50 km/h</name><desc>Fonte: OSM</desc><type>FIXED</type></wpt>
<wpt lat="-23.611278" lon="-46.313248"><name>Radar</name><desc>Fonte: DER-SP</desc><type>FIXED</type></wpt>
<wpt lat="-23.611159" lon="-46.767693"><name>Radar 40 km/h</name><desc>Fonte: OSM</desc><type>FIXED</type></wpt>
<wpt lat="-23.610441" lon="-46.645539"><name>Radar 50 km/h</name><desc>Fonte: OSM</desc><type>FIXED</type></wpt>
<wpt lat="-23.610185" lon="-46.655049"><name>Radar 60 km/h</name><desc>Fonte: OSM</desc><type>FIXED</type></wpt>
<wpt lat="-23.609837" lon="-46.675380"><name>Radar 50 km/h</name><desc>Fonte: OSM</desc><type>FIXED</type></wpt>
<wpt lat="-23.609654" lon="-46.675701"><name>Radar 50 km/h</name><desc>Fonte: OSM</desc><type>FIXED</type></wpt>
<wpt lat="-23.609408" lon="-46.652094"><name>Radar 50 km/h</name><desc>Fonte: OSM</desc><type>FIXED</type></wpt>
<wpt lat="-23.609101" lon="-46.654247"><name>Radar 50 km/h</name><desc>Fonte: OSM</desc><type>FIXED</type></wpt>
<wpt lat="-23.609017" lon="-46.667200"><name>Radar 50 km/h</name><desc>Fonte: OSM</desc><type>FIXED</type></wpt>
<wpt lat="-23.608995" lon="-46.652152"><name>Radar 50 km/h</name><desc>Fonte: OSM</desc><type>FIXED</type></wpt>
<wpt lat="-23.608320" lon="-46.725831"><name>Radar 50 km/h</name><desc>Fonte: OSM</desc><type>FIXED</type></wpt>
<wpt lat="-23.608298" lon="-46.725871"><name>Radar 50 km/h</name><desc>Fonte: OSM</desc><type>FIXED</type></wpt>
<wpt lat="-23.608267" lon="-46.579580"><name>Radar 60 km/h</name><desc>Fonte: OSM</desc><type>FIXED</type></wpt>
<wpt lat="-23.607711" lon="-46.605789"><name>Radar 50 km/h</name><desc>Fonte: OSM</desc><type>FIXED</type></wpt>
<wpt lat="-23.607644" lon="-46.255205"><name>Radar</name><desc>Fonte: DER-SP</desc><type>FIXED</type></wpt>
<wpt lat="-23.607570" lon="-46.605972"><name>Radar 50 km/h</name><desc>Fonte: OSM</desc><type>FIXED</type></wpt>
<wpt lat="-23.607460" lon="-46.697245"><name>Radar 60 km/h</name><desc>Fonte: OSM</desc><type>FIXED</type></wpt>
<wpt lat="-23.607251" lon="-46.697432"><name>Radar 90 km/h</name><desc>Fonte: OSM</desc><type>FIXED</type></wpt>
<wpt lat="-23.606919" lon="-46.814120"><name>Radar 100 km/h</name><desc>Fonte: OSM</desc><type>FIXED</type></wpt>
<wpt lat="-23.606897" lon="-46.579320"><name>Radar 60 km/h</name><desc>Fonte: OSM</desc><type>FIXED</type></wpt>
<wpt lat="-23.606502" lon="-46.814005"><name>Radar</name><desc>Fonte: OSM</desc><type>FIXED</type></wpt>
<wpt lat="-23.606475" lon="-46.593690"><name>Radar 50 km/h</name><desc>Fonte: OSM</desc><type>FIXED</type></wpt>
<wpt lat="-23.606162" lon="-46.750246"><name>Radar 50 km/h</name><desc>Fonte: OSM</desc><type>FIXED</type></wpt>
<wpt lat="-23.605978" lon="-46.668146"><name>Radar 40 km/h</name><desc>Fonte: OSM</desc><type>FIXED</type></wpt>
<wpt lat="-23.605523" lon="-46.659428"><name>Radar 40 km/h</name><desc>Fonte: OSM</desc><type>FIXED</type></wpt>
<wpt lat="-23.605453" lon="-46.698821"><name>Radar 90 km/h</name><desc>Fonte: OSM</desc><type>FIXED</type></wpt>
<wpt lat="-23.605043" lon="-46.657464"><name>Radar 40 km/h</name><desc>Fonte: OSM</desc><type>FIXED</type></wpt>
<wpt lat="-23.604736" lon="-46.625943"><name>Radar 50 km/h</name><desc>Fonte: OSM</desc><type>FIXED</type></wpt>
<wpt lat="-23.604318" lon="-46.301764"><name>Radar</name><desc>Fonte: DER-SP</desc><type>FIXED</type></wpt>
<wpt lat="-23.603987" lon="-46.712343"><name>Radar 50 km/h</name><desc>Fonte: OSM</desc><type>FIXED</type></wpt>
<wpt lat="-23.603977" lon="-46.643965"><name>Radar 40 km/h</name><desc>Fonte: OSM</desc><type>FIXED</type></wpt>
<wpt lat="-23.603952" lon="-46.636813"><name>Radar</name><desc>Fonte: OSM</desc><type>FIXED</type></wpt>
<wpt lat="-23.603414" lon="-46.651318"><name>Radar 60 km/h</name><desc>Fonte: OSM</desc><type>FIXED</type></wpt>
<wpt lat="-23.603351" lon="-45.350225"><name>Radar 60 km/h</name><desc>Fonte: OSM</desc><type>FIXED</type></wpt>
<wpt lat="-23.603275" lon="-46.765916"><name>Radar 40 km/h</name><desc>Fonte: OSM</desc><type>FIXED</type></wpt>
<wpt lat="-23.603266" lon="-46.765855"><name>Radar 40 km/h</name><desc>Fonte: OSM</desc><type>FIXED</type></wpt>
<wpt lat="-23.603198" lon="-46.559387"><name>Radar 40 km/h</name><desc>Fonte: OSM</desc><type>FIXED</type></wpt>
<wpt lat="-23.602689" lon="-46.482521"><name>Radar 50 km/h</name><desc>Fonte: OSM</desc><type>FIXED</type></wpt>
<wpt lat="-23.602347" lon="-46.309402"><name>Radar</name><desc>Fonte: DER-SP</desc><type>FIXED</type></wpt>
<wpt lat="-23.602286" lon="-46.602644"><name>Radar 50 km/h</name><desc>Fonte: OSM</desc><type>FIXED</type></wpt>
<wpt lat="-23.602254" lon="-46.482757"><name>Radar 50 km/h</name><desc>Fonte: OSM</desc><type>FIXED</type></wpt>
<wpt lat="-23.602159" lon="-46.660977"><name>Radar 50 km/h</name><desc>Fonte: OSM</desc><type>FIXED</type></wpt>
<wpt lat="-23.601878" lon="-46.605679"><name>Radar 40 km/h</name><desc>Fonte: OSM</desc><type>FIXED</type></wpt>
<wpt lat="-23.601870" lon="-46.660492"><name>Radar 50 km/h</name><desc>Fonte: OSM</desc><type>FIXED</type></wpt>
<wpt lat="-23.601614" lon="-46.938193"><name>Radar 80 km/h</name><desc>Fonte: OSM</desc><type>FIXED</type></wpt>
<wpt lat="-23.601512" lon="-46.938061"><name>Radar 30 km/h</name><desc>Fonte: OSM</desc><type>FIXED</type></wpt>
<wpt lat="-23.601178" lon="-46.717150"><name>Radar 50 km/h</name><desc>Fonte: OSM</desc><type>FIXED</type></wpt>
<wpt lat="-23.601099" lon="-45.449664"><name>Radar</name><desc>Fonte: DER-SP</desc><type>FIXED</type></wpt>
<wpt lat="-23.600721" lon="-46.577163"><name>Radar 60 km/h</name><desc>Fonte: OSM</desc><type>FIXED</type></wpt>
<wpt lat="-23.600668" lon="-46.658244"><name>Radar 50 km/h</name><desc>Fonte: OSM</desc><type>FIXED</type></wpt>
<wpt lat="-23.600365" lon="-46.658427"><name>Radar 50 km/h</name><desc>Fonte: OSM</desc><type>FIXED</type></wpt>
<wpt lat="-23.600308" lon="-46.884356"><name>Radar 90 km/h</name><desc>Fonte: OSM</desc><type>FIXED</type></wpt>
<wpt lat="-23.600227" lon="-46.570872"><name>Radar 40 km/h</name><desc>Fonte: OSM</desc><type>FIXED</type></wpt>
<wpt lat="-23.599997" lon="-46.636757"><name>Radar 50 km/h</name><desc>Fonte: OSM</desc><type>FIXED</type></wpt>
<wpt lat="-23.599539" lon="-46.896682"><name>Radar 90 km/h</name><desc>Fonte: OSM</desc><type>FIXED</type></wpt>
<wpt lat="-23.599503" lon="-46.529211"><name>Radar 50 km/h</name><desc>Fonte: OSM</desc><type>FIXED</type></wpt>
<wpt lat="-23.599454" lon="-46.686030"><name>Radar 50 km/h</name><desc>Fonte: OSM</desc><type>FIXED</type></wpt>
<wpt lat="-23.599401" lon="-46.685511"><name>Radar 50 km/h</name><desc>Fonte: OSM</desc><type>FIXED</type></wpt>
<wpt lat="-23.599353" lon="-46.530502"><name>Radar 50 km/h</name><desc>Fonte: OSM</desc><type>FIXED</type></wpt>
<wpt lat="-23.599346" lon="-46.685963"><name>Radar 50 km/h</name><desc>Fonte: OSM</desc><type>FIXED</type></wpt>
<wpt lat="-23.599134" lon="-46.579362"><name>Radar 50 km/h</name><desc>Fonte: OSM</desc><type>FIXED</type></wpt>
<wpt lat="-23.599110" lon="-46.685826"><name>Radar 50 km/h</name><desc>Fonte: OSM</desc><type>FIXED</type></wpt>
<wpt lat="-23.598648" lon="-46.468288"><name>Radar 50 km/h</name><desc>Fonte: OSM</desc><type>FIXED</type></wpt>
<wpt lat="-23.598602" lon="-46.597446"><name>Radar 50 km/h</name><desc>Fonte: OSM</desc><type>FIXED</type></wpt>
<wpt lat="-23.598447" lon="-46.553276"><name>Radar 40 km/h</name><desc>Fonte: OSM</desc><type>FIXED</type></wpt>
<wpt lat="-23.598120" lon="-46.522412"><name>Radar 40 km/h</name><desc>Fonte: OSM</desc><type>FIXED</type></wpt>
<wpt lat="-23.598003" lon="-46.650602"><name>Avanço de sinal</name><desc>Fonte: OSM</desc><type>RED_LIGHT</type></wpt>
<wpt lat="-23.597982" lon="-46.651110"><name>Radar 50 km/h</name><desc>Fonte: OSM</desc><type>FIXED</type></wpt>
<wpt lat="-23.597974" lon="-46.747200"><name>Radar 50 km/h</name><desc>Fonte: OSM</desc><type>FIXED</type></wpt>
<wpt lat="-23.597819" lon="-46.650519"><name>Radar</name><desc>Fonte: OSM</desc><type>FIXED</type></wpt>
<wpt lat="-23.597788" lon="-46.675554"><name>Radar 50 km/h</name><desc>Fonte: OSM</desc><type>FIXED</type></wpt>
<wpt lat="-23.597773" lon="-46.650351"><name>Avanço de sinal</name><desc>Fonte: OSM</desc><type>RED_LIGHT</type></wpt>
<wpt lat="-23.597715" lon="-46.444624"><name>Radar 40 km/h</name><desc>Fonte: OSM</desc><type>FIXED</type></wpt>
<wpt lat="-23.597708" lon="-46.444788"><name>Radar 50 km/h</name><desc>Fonte: OSM</desc><type>FIXED</type></wpt>
<wpt lat="-23.597620" lon="-46.678211"><name>Radar 50 km/h</name><desc>Fonte: OSM</desc><type>FIXED</type></wpt>
<wpt lat="-23.597518" lon="-46.541091"><name>Radar de trecho 40 km/h</name><desc>Fonte: OSM</desc><type>SECTION</type></wpt>
<wpt lat="-23.597495" lon="-46.507855"><name>Radar 40 km/h</name><desc>Fonte: OSM</desc><type>FIXED</type></wpt>
<wpt lat="-23.597392" lon="-46.650896"><name>Radar 60 km/h</name><desc>Fonte: OSM</desc><type>FIXED</type></wpt>
<wpt lat="-23.597379" lon="-46.541282"><name>Radar 40 km/h</name><desc>Fonte: OSM</desc><type>FIXED</type></wpt>
<wpt lat="-23.597339" lon="-46.541225"><name>Radar 40 km/h</name><desc>Fonte: OSM</desc><type>FIXED</type></wpt>
<wpt lat="-23.597324" lon="-46.530720"><name>Radar 40 km/h</name><desc>Fonte: OSM</desc><type>FIXED</type></wpt>
<wpt lat="-23.597272" lon="-46.541361"><name>Radar de trecho 40 km/h</name><desc>Fonte: OSM</desc><type>SECTION</type></wpt>
<wpt lat="-23.597260" lon="-46.530666"><name>Radar 40 km/h</name><desc>Fonte: OSM</desc><type>FIXED</type></wpt>
<wpt lat="-23.596429" lon="-46.636562"><name>Radar 50 km/h</name><desc>Fonte: OSM</desc><type>FIXED</type></wpt>
<wpt lat="-23.596401" lon="-46.713671"><name>Radar 50 km/h</name><desc>Fonte: OSM</desc><type>FIXED</type></wpt>
<wpt lat="-23.596182" lon="-46.650460"><name>Radar 50 km/h</name><desc>Fonte: OSM</desc><type>FIXED</type></wpt>
<wpt lat="-23.596153" lon="-46.609779"><name>Radar 50 km/h</name><desc>Fonte: OSM</desc><type>FIXED</type></wpt>
<wpt lat="-23.595881" lon="-46.679978"><name>Radar 50 km/h</name><desc>Fonte: OSM</desc><type>FIXED</type></wpt>
<wpt lat="-23.595472" lon="-46.621773"><name>Radar 50 km/h</name><desc>Fonte: OSM</desc><type>FIXED</type></wpt>
<wpt lat="-23.595390" lon="-46.864433"><name>Radar 50 km/h</name><desc>Fonte: OSM</desc><type>FIXED</type></wpt>
<wpt lat="-23.595223" lon="-46.715787"><name>Radar 50 km/h</name><desc>Fonte: OSM</desc><type>FIXED</type></wpt>
<wpt lat="-23.595138" lon="-46.672999"><name>Radar 50 km/h</name><desc>Fonte: OSM</desc><type>FIXED</type></wpt>
<wpt lat="-23.595068" lon="-46.621164"><name>Radar 50 km/h</name><desc>Fonte: OSM</desc><type>FIXED</type></wpt>
<wpt lat="-23.595040" lon="-46.631899"><name>Radar 40 km/h</name><desc>Fonte: OSM</desc><type>FIXED</type></wpt>
<wpt lat="-23.594689" lon="-46.664756"><name>Radar 50 km/h</name><desc>Fonte: OSM</desc><type>FIXED</type></wpt>
<wpt lat="-23.594116" lon="-46.661159"><name>Radar 40 km/h</name><desc>Fonte: OSM</desc><type>FIXED</type></wpt>
<wpt lat="-23.594075" lon="-46.661175"><name>Radar 40 km/h</name><desc>Fonte: OSM</desc><type>FIXED</type></wpt>
<wpt lat="-23.593514" lon="-46.694353"><name>Radar 70 km/h</name><desc>Fonte: OSM</desc><type>FIXED</type></wpt>
<wpt lat="-23.593307" lon="-46.584114"><name>Radar 50 km/h</name><desc>Fonte: OSM</desc><type>FIXED</type></wpt>
<wpt lat="-23.593176" lon="-46.467918"><name>Radar 50 km/h</name><desc>Fonte: OSM</desc><type>FIXED</type></wpt>
<wpt lat="-23.592898" lon="-46.647629"><name>Radar 50 km/h</name><desc>Fonte: OSM</desc><type>FIXED</type></wpt>
<wpt lat="-23.592557" lon="-46.471334"><name>Radar 50 km/h</name><desc>Fonte: OSM</desc><type>FIXED</type></wpt>
<wpt lat="-23.591218" lon="-46.694746"><name>Radar 50 km/h</name><desc>Fonte: OSM</desc><type>FIXED</type></wpt>
<wpt lat="-23.590736" lon="-46.681224"><name>Radar 50 km/h</name><desc>Fonte: OSM</desc><type>FIXED</type></wpt>
<wpt lat="-23.590541" lon="-46.306711"><name>Radar 40 km/h</name><desc>Fonte: OSM</desc><type>FIXED</type></wpt>
<wpt lat="-23.590487" lon="-46.572282"><name>Radar 40 km/h</name><desc>Fonte: OSM</desc><type>FIXED</type></wpt>
<wpt lat="-23.590485" lon="-46.306660"><name>Radar</name><desc>Fonte: DER-SP</desc><type>FIXED</type></wpt>
<wpt lat="-23.590468" lon="-46.306646"><name>Radar 40 km/h</name><desc>Fonte: OSM</desc><type>FIXED</type></wpt>
<wpt lat="-23.590383" lon="-46.680604"><name>Radar 50 km/h</name><desc>Fonte: OSM</desc><type>FIXED</type></wpt>
<wpt lat="-23.590379" lon="-46.681248"><name>Radar 50 km/h</name><desc>Fonte: OSM</desc><type>FIXED</type></wpt>
<wpt lat="-23.590183" lon="-46.810227"><name>Radar</name><desc>Fonte: DER-SP</desc><type>FIXED</type></wpt>
<wpt lat="-23.590070" lon="-46.735712"><name>Radar 50 km/h</name><desc>Fonte: OSM</desc><type>FIXED</type></wpt>
<wpt lat="-23.590046" lon="-47.060260"><name>Radar</name><desc>Fonte: DER-SP</desc><type>FIXED</type></wpt>
<wpt lat="-23.590000" lon="-47.059444"><name>Radar</name><desc>Fonte: DER-SP</desc><type>FIXED</type></wpt>
<wpt lat="-23.589848" lon="-46.701906"><name>Radar 50 km/h</name><desc>Fonte: OSM</desc><type>FIXED</type></wpt>
<wpt lat="-23.589744" lon="-45.439864"><name>Radar</name><desc>Fonte: DER-SP</desc><type>FIXED</type></wpt>
<wpt lat="-23.589415" lon="-46.734486"><name>Radar 50 km/h</name><desc>Fonte: OSM</desc><type>FIXED</type></wpt>
<wpt lat="-23.589259" lon="-46.610573"><name>Radar 50 km/h</name><desc>Fonte: OSM</desc><type>FIXED</type></wpt>
<wpt lat="-23.589189" lon="-46.509971"><name>Radar 40 km/h</name><desc>Fonte: OSM</desc><type>FIXED</type></wpt>
<wpt lat="-23.589099" lon="-45.333874"><name>Radar 60 km/h</name><desc>Fonte: OSM</desc><type>FIXED</type></wpt>
<wpt lat="-23.588925" lon="-46.597862"><name>Radar 50 km/h</name><desc>Fonte: OSM</desc><type>FIXED</type></wpt>
<wpt lat="-23.587783" lon="-45.456158"><name>Radar</name><desc>Fonte: DER-SP</desc><type>FIXED</type></wpt>
<wpt lat="-23.587717" lon="-46.634548"><name>Radar 50 km/h</name><desc>Fonte: OSM</desc><type>FIXED</type></wpt>
<wpt lat="-23.587717" lon="-46.442932"><name>Radar 50 km/h</name><desc>Fonte: OSM</desc><type>FIXED</type></wpt>
<wpt lat="-23.587689" lon="-46.921135"><name>Radar</name><desc>Fonte: OSM</desc><type>FIXED</type></wpt>
<wpt lat="-23.587681" lon="-46.921354"><name>Radar</name><desc>Fonte: OSM</desc><type>FIXED</type></wpt>
<wpt lat="-23.587322" lon="-46.592086"><name>Radar 50 km/h</name><desc>Fonte: OSM</desc><type>FIXED</type></wpt>
<wpt lat="-23.587231" lon="-46.516382"><name>Radar 40 km/h</name><desc>Fonte: OSM</desc><type>FIXED</type></wpt>
<wpt lat="-23.587165" lon="-46.516372"><name>Radar 40 km/h</name><desc>Fonte: OSM</desc><type>FIXED</type></wpt>
<wpt lat="-23.587025" lon="-46.308179"><name>Radar 40 km/h</name><desc>Fonte: OSM</desc><type>FIXED</type></wpt>
<wpt lat="-23.586988" lon="-46.308174"><name>Radar</name><desc>Fonte: DER-SP</desc><type>FIXED</type></wpt>
<wpt lat="-23.586978" lon="-46.308114"><name>Radar 40 km/h</name><desc>Fonte: OSM</desc><type>FIXED</type></wpt>
<wpt lat="-23.586933" lon="-45.447461"><name>Radar</name><desc>Fonte: DER-SP</desc><type>FIXED</type></wpt>
<wpt lat="-23.586802" lon="-46.534534"><name>Radar 40 km/h</name><desc>Fonte: OSM</desc><type>FIXED</type></wpt>
<wpt lat="-23.586738" lon="-46.724193"><name>Radar 50 km/h</name><desc>Fonte: OSM</desc><type>FIXED</type></wpt>
<wpt lat="-23.586738" lon="-46.693431"><name>Radar 50 km/h</name><desc>Fonte: OSM</desc><type>FIXED</type></wpt>
<wpt lat="-23.586606" lon="-46.693497"><name>Radar 50 km/h</name><desc>Fonte: OSM</desc><type>FIXED</type></wpt>
<wpt lat="-23.586605" lon="-46.654142"><name>Radar 50 km/h</name><desc>Fonte: OSM</desc><type>FIXED</type></wpt>
<wpt lat="-23.586540" lon="-46.635342"><name>Radar 50 km/h</name><desc>Fonte: OSM</desc><type>FIXED</type></wpt>
<wpt lat="-23.586428" lon="-45.447536"><name>Radar</name><desc>Fonte: DER-SP</desc><type>FIXED</type></wpt>
<wpt lat="-23.586382" lon="-46.690623"><name>Radar 60 km/h</name><desc>Fonte: OSM</desc><type>FIXED</type></wpt>
<wpt lat="-23.585667" lon="-46.667533"><name>Radar</name><desc>Fonte: OSM</desc><type>FIXED</type></wpt>
<wpt lat="-23.584556" lon="-46.682242"><name>Radar 40 km/h</name><desc>Fonte: OSM</desc><type>FIXED</type></wpt>
<wpt lat="-23.584267" lon="-46.577750"><name>Radar 50 km/h</name><desc>Fonte: OSM</desc><type>FIXED</type></wpt>
<wpt lat="-23.584257" lon="-46.673415"><name>Radar 40 km/h</name><desc>Fonte: OSM</desc><type>FIXED</type></wpt>
<wpt lat="-23.584100" lon="-46.784170"><name>Radar</name><desc>Fonte: OSM</desc><type>FIXED</type></wpt>
<wpt lat="-23.584082" lon="-46.613535"><name>Radar 40 km/h</name><desc>Fonte: OSM</desc><type>FIXED</type></wpt>
<wpt lat="-23.583912" lon="-46.575821"><name>Radar 50 km/h</name><desc>Fonte: OSM</desc><type>FIXED</type></wpt>
<wpt lat="-23.583803" lon="-46.678315"><name>Radar 40 km/h</name><desc>Fonte: OSM</desc><type>FIXED</type></wpt>
<wpt lat="-23.583745" lon="-46.769031"><name>Radar 90 km/h</name><desc>Fonte: OSM</desc><type>FIXED</type></wpt>
<wpt lat="-23.583599" lon="-46.778926"><name>Radar 90 km/h</name><desc>Fonte: OSM</desc><type>FIXED</type></wpt>
<wpt lat="-23.583581" lon="-46.534862"><name>Radar 50 km/h</name><desc>Fonte: OSM</desc><type>FIXED</type></wpt>
<wpt lat="-23.583099" lon="-46.714454"><name>Radar 50 km/h</name><desc>Fonte: OSM</desc><type>FIXED</type></wpt>
<wpt lat="-23.583080" lon="-46.652708"><name>Radar 50 km/h</name><desc>Fonte: OSM</desc><type>FIXED</type></wpt>
<wpt lat="-23.583022" lon="-46.749678"><name>Radar 40 km/h</name><desc>Fonte: OSM</desc><type>FIXED</type></wpt>
<wpt lat="-23.582913" lon="-46.693776"><name>Radar 90 km/h</name><desc>Fonte: OSM</desc><type>FIXED</type></wpt>
<wpt lat="-23.582636" lon="-46.713710"><name>Radar 50 km/h</name><desc>Fonte: OSM</desc><type>FIXED</type></wpt>
<wpt lat="-23.582524" lon="-46.442034"><name>Radar 50 km/h</name><desc>Fonte: OSM</desc><type>FIXED</type></wpt>
<wpt lat="-23.582375" lon="-46.599811"><name>Radar 50 km/h</name><desc>Fonte: OSM</desc><type>FIXED</type></wpt>
<wpt lat="-23.582262" lon="-46.561643"><name>Radar 50 km/h</name><desc>Fonte: OSM</desc><type>FIXED</type></wpt>
<wpt lat="-23.582237" lon="-46.491514"><name>Radar 50 km/h</name><desc>Fonte: OSM</desc><type>FIXED</type></wpt>
<wpt lat="-23.582064" lon="-46.561898"><name>Radar 50 km/h</name><desc>Fonte: OSM</desc><type>FIXED</type></wpt>
<wpt lat="-23.581872" lon="-46.666294"><name>Radar 50 km/h</name><desc>Fonte: OSM</desc><type>FIXED</type></wpt>
<wpt lat="-23.581510" lon="-45.326676"><name>Radar</name><desc>Fonte: OSM</desc><type>FIXED</type></wpt>
<wpt lat="-23.581370" lon="-46.658385"><name>Radar 50 km/h</name><desc>Fonte: OSM</desc><type>FIXED</type></wpt>
<wpt lat="-23.581356" lon="-46.585009"><name>Radar 40 km/h</name><desc>Fonte: OSM</desc><type>FIXED</type></wpt>
<wpt lat="-23.581311" lon="-45.326472"><name>Radar</name><desc>Fonte: DER-SP</desc><type>FIXED</type></wpt>
<wpt lat="-23.581053" lon="-46.649429"><name>Radar 60 km/h</name><desc>Fonte: OSM</desc><type>FIXED</type></wpt>
<wpt lat="-23.580928" lon="-46.649534"><name>Radar 60 km/h</name><desc>Fonte: OSM</desc><type>FIXED</type></wpt>
<wpt lat="-23.580745" lon="-46.586803"><name>Radar 50 km/h</name><desc>Fonte: OSM</desc><type>FIXED</type></wpt>
<wpt lat="-23.580421" lon="-46.681175"><name>Radar 50 km/h</name><desc>Fonte: OSM</desc><type>FIXED</type></wpt>
<wpt lat="-23.580318" lon="-46.661913"><name>Radar 50 km/h</name><desc>Fonte: OSM</desc><type>FIXED</type></wpt>
<wpt lat="-23.580214" lon="-46.487058"><name>Radar 50 km/h</name><desc>Fonte: OSM</desc><type>FIXED</type></wpt>
<wpt lat="-23.580146" lon="-46.661991"><name>Radar 50 km/h</name><desc>Fonte: OSM</desc><type>FIXED</type></wpt>
<wpt lat="-23.580087" lon="-46.487041"><name>Radar 50 km/h</name><desc>Fonte: OSM</desc><type>FIXED</type></wpt>
<wpt lat="-23.580031" lon="-46.616857"><name>Radar 40 km/h</name><desc>Fonte: OSM</desc><type>FIXED</type></wpt>
<wpt lat="-23.579990" lon="-46.616819"><name>Radar 40 km/h</name><desc>Fonte: OSM</desc><type>FIXED</type></wpt>
<wpt lat="-23.579923" lon="-46.617001"><name>Radar de trecho 40 km/h</name><desc>Fonte: OSM</desc><type>SECTION</type></wpt>
<wpt lat="-23.579909" lon="-46.492657"><name>Radar 50 km/h</name><desc>Fonte: OSM</desc><type>FIXED</type></wpt>
<wpt lat="-23.579904" lon="-46.639478"><name>Radar 50 km/h</name><desc>Fonte: OSM</desc><type>FIXED</type></wpt>
<wpt lat="-23.579772" lon="-46.572084"><name>Radar 50 km/h</name><desc>Fonte: OSM</desc><type>FIXED</type></wpt>
<wpt lat="-23.579466" lon="-46.639754"><name>Avanço de sinal</name><desc>Fonte: OSM</desc><type>RED_LIGHT</type></wpt>
<wpt lat="-23.579353" lon="-47.061037"><name>Radar</name><desc>Fonte: DER-SP</desc><type>FIXED</type></wpt>
<wpt lat="-23.579316" lon="-47.060939"><name>Radar</name><desc>Fonte: DER-SP</desc><type>FIXED</type></wpt>
<wpt lat="-23.579245" lon="-46.624143"><name>Radar 50 km/h</name><desc>Fonte: OSM</desc><type>FIXED</type></wpt>
<wpt lat="-23.579220" lon="-45.471810"><name>Radar</name><desc>Fonte: DER-SP</desc><type>FIXED</type></wpt>
<wpt lat="-23.579193" lon="-46.572066"><name>Radar 50 km/h</name><desc>Fonte: OSM</desc><type>FIXED</type></wpt>
<wpt lat="-23.579181" lon="-46.572147"><name>Radar 50 km/h</name><desc>Fonte: OSM</desc><type>FIXED</type></wpt>
<wpt lat="-23.578979" lon="-46.497081"><name>Radar 50 km/h</name><desc>Fonte: OSM</desc><type>FIXED</type></wpt>
<wpt lat="-23.578797" lon="-46.685869"><name>Radar 50 km/h</name><desc>Fonte: OSM</desc><type>FIXED</type></wpt>
<wpt lat="-23.578353" lon="-46.443065"><name>Radar 30 km/h</name><desc>Fonte: OSM</desc><type>FIXED</type></wpt>
<wpt lat="-23.578341" lon="-46.443289"><name>Radar 30 km/h</name><desc>Fonte: OSM</desc><type>FIXED</type></wpt>
<wpt lat="-23.578269" lon="-46.662673"><name>Radar 50 km/h</name><desc>Fonte: OSM</desc><type>FIXED</type></wpt>
<wpt lat="-23.578187" lon="-46.662556"><name>Radar 50 km/h</name><desc>Fonte: OSM</desc><type>FIXED</type></wpt>
<wpt lat="-23.577772" lon="-46.766653"><name>Radar 50 km/h</name><desc>Fonte: OSM</desc><type>FIXED</type></wpt>
<wpt lat="-23.577566" lon="-46.708188"><name>Radar 50 km/h</name><desc>Fonte: OSM</desc><type>FIXED</type></wpt>
<wpt lat="-23.577554" lon="-46.625332"><name>Radar 50 km/h</name><desc>Fonte: OSM</desc><type>FIXED</type></wpt>
<wpt lat="-23.576071" lon="-46.720770"><name>Radar 60 km/h</name><desc>Fonte: OSM</desc><type>FIXED</type></wpt>
<wpt lat="-23.575946" lon="-46.690188"><name>Radar 40 km/h</name><desc>Fonte: OSM</desc><type>FIXED</type></wpt>
<wpt lat="-23.575870" lon="-46.304471"><name>Radar</name><desc>Fonte: DER-SP</desc><type>FIXED</type></wpt>
<wpt lat="-23.575571" lon="-46.187839"><name>Radar 50 km/h</name><desc>Fonte: OSM</desc><type>FIXED</type></wpt>
<wpt lat="-23.575373" lon="-46.644841"><name>Radar 40 km/h</name><desc>Fonte: OSM</desc><type>FIXED</type></wpt>
<wpt lat="-23.575296" lon="-46.529146"><name>Radar 40 km/h</name><desc>Fonte: OSM</desc><type>FIXED</type></wpt>
<wpt lat="-23.575184" lon="-46.765558"><name>Radar 50 km/h</name><desc>Fonte: OSM</desc><type>FIXED</type></wpt>
<wpt lat="-23.574981" lon="-46.699036"><name>Radar 90 km/h</name><desc>Fonte: OSM</desc><type>FIXED</type></wpt>
<wpt lat="-23.574894" lon="-46.502889"><name>Radar 50 km/h</name><desc>Fonte: OSM</desc><type>FIXED</type></wpt>
<wpt lat="-23.574880" lon="-46.668453"><name>Radar 50 km/h</name><desc>Fonte: OSM</desc><type>FIXED</type></wpt>
<wpt lat="-23.574831" lon="-46.696697"><name>Radar 60 km/h</name><desc>Fonte: OSM</desc><type>FIXED</type></wpt>
<wpt lat="-23.574709" lon="-45.486686"><name>Radar</name><desc>Fonte: DER-SP</desc><type>FIXED</type></wpt>
<wpt lat="-23.574674" lon="-46.667960"><name>Radar 50 km/h</name><desc>Fonte: OSM</desc><type>FIXED</type></wpt>
<wpt lat="-23.574545" lon="-45.486953"><name>Radar 80 km/h</name><desc>Fonte: OSM</desc><type>FIXED</type></wpt>
<wpt lat="-23.574540" lon="-45.486910"><name>Radar</name><desc>Fonte: DER-SP</desc><type>FIXED</type></wpt>
<wpt lat="-23.574508" lon="-45.486829"><name>Radar 80 km/h</name><desc>Fonte: OSM</desc><type>FIXED</type></wpt>
<wpt lat="-23.574480" lon="-45.486840"><name>Radar</name><desc>Fonte: DER-SP</desc><type>FIXED</type></wpt>
<wpt lat="-23.574351" lon="-46.587354"><name>Radar 50 km/h</name><desc>Fonte: OSM</desc><type>FIXED</type></wpt>
<wpt lat="-23.573766" lon="-46.537799"><name>Radar 40 km/h</name><desc>Fonte: OSM</desc><type>FIXED</type></wpt>
<wpt lat="-23.573521" lon="-46.610812"><name>Radar 50 km/h</name><desc>Fonte: OSM</desc><type>FIXED</type></wpt>
<wpt lat="-23.573517" lon="-46.610712"><name>Radar 50 km/h</name><desc>Fonte: OSM</desc><type>FIXED</type></wpt>
<wpt lat="-23.573471" lon="-46.611003"><name>Radar 50 km/h</name><desc>Fonte: OSM</desc><type>FIXED</type></wpt>
<wpt lat="-23.573461" lon="-46.610904"><name>Radar 50 km/h</name><desc>Fonte: OSM</desc><type>FIXED</type></wpt>
<wpt lat="-23.573227" lon="-46.192518"><name>Radar 50 km/h</name><desc>Fonte: OSM</desc><type>FIXED</type></wpt>
<wpt lat="-23.573223" lon="-46.737368"><name>Radar 50 km/h</name><desc>Fonte: OSM</desc><type>FIXED</type></wpt>
<wpt lat="-23.573165" lon="-46.192406"><name>Radar 50 km/h</name><desc>Fonte: OSM</desc><type>FIXED</type></wpt>
<wpt lat="-23.573109" lon="-46.644990"><name>Radar</name><desc>Fonte: OSM</desc><type>FIXED</type></wpt>
<wpt lat="-23.572799" lon="-46.704505"><name>Radar 50 km/h</name><desc>Fonte: OSM</desc><type>FIXED</type></wpt>
<wpt lat="-23.572679" lon="-46.499764"><name>Radar 40 km/h</name><desc>Fonte: OSM</desc><type>FIXED</type></wpt>
<wpt lat="-23.572622" lon="-46.499750"><name>Radar 40 km/h</name><desc>Fonte: OSM</desc><type>FIXED</type></wpt>
<wpt lat="-23.572585" lon="-46.540853"><name>Radar 40 km/h</name><desc>Fonte: OSM</desc><type>FIXED</type></wpt>
<wpt lat="-23.572531" lon="-46.699943"><name>Radar 60 km/h</name><desc>Fonte: OSM</desc><type>FIXED</type></wpt>
<wpt lat="-23.572436" lon="-46.504481"><name>Radar 50 km/h</name><desc>Fonte: OSM</desc><type>FIXED</type></wpt>
<wpt lat="-23.572325" lon="-46.603914"><name>Radar 50 km/h</name><desc>Fonte: OSM</desc><type>FIXED</type></wpt>
<wpt lat="-23.572324" lon="-46.700020"><name>Radar 60 km/h</name><desc>Fonte: OSM</desc><type>FIXED</type></wpt>
<wpt lat="-23.572133" lon="-46.641934"><name>Radar 40 km/h</name><desc>Fonte: OSM</desc><type>FIXED</type></wpt>
<wpt lat="-23.572063" lon="-46.587601"><name>Radar 50 km/h</name><desc>Fonte: OSM</desc><type>FIXED</type></wpt>
<wpt lat="-23.572044" lon="-46.604335"><name>Radar 50 km/h</name><desc>Fonte: OSM</desc><type>FIXED</type></wpt>
<wpt lat="-23.572025" lon="-46.645501"><name>Radar</name><desc>Fonte: OSM</desc><type>FIXED</type></wpt>
<wpt lat="-23.572009" lon="-46.255078"><name>Radar</name><desc>Fonte: DER-SP</desc><type>FIXED</type></wpt>
<wpt lat="-23.572000" lon="-46.581642"><name>Radar 40 km/h</name><desc>Fonte: OSM</desc><type>FIXED</type></wpt>
<wpt lat="-23.571936" lon="-46.924905"><name>Radar</name><desc>Fonte: OSM</desc><type>FIXED</type></wpt>
<wpt lat="-23.571503" lon="-46.572980"><name>Radar 50 km/h</name><desc>Fonte: OSM</desc><type>FIXED</type></wpt>
<wpt lat="-23.571186" lon="-46.719803"><name>Radar de trecho 50 km/h</name><desc>Fonte: OSM</desc><type>SECTION</type></wpt>
<wpt lat="-23.571115" lon="-46.719636"><name>Radar 50 km/h</name><desc>Fonte: OSM</desc><type>FIXED</type></wpt>
<wpt lat="-23.571004" lon="-46.646822"><name>Radar</name><desc>Fonte: OSM</desc><type>FIXED</type></wpt>
<wpt lat="-23.570843" lon="-46.675754"><name>Radar 50 km/h</name><desc>Fonte: OSM</desc><type>FIXED</type></wpt>
<wpt lat="-23.570636" lon="-46.740306"><name>Radar 50 km/h</name><desc>Fonte: OSM</desc><type>FIXED</type></wpt>
<wpt lat="-23.570465" lon="-46.698214"><name>Radar 50 km/h</name><desc>Fonte: OSM</desc><type>FIXED</type></wpt>
<wpt lat="-23.570411" lon="-46.647595"><name>Radar</name><desc>Fonte: OSM</desc><type>FIXED</type></wpt>
<wpt lat="-23.570367" lon="-46.529764"><name>Radar 50 km/h</name><desc>Fonte: OSM</desc><type>FIXED</type></wpt>
<wpt lat="-23.570284" lon="-46.717971"><name>Radar 50 km/h</name><desc>Fonte: OSM</desc><type>FIXED</type></wpt>
<wpt lat="-23.570198" lon="-46.529442"><name>Radar 50 km/h</name><desc>Fonte: OSM</desc><type>FIXED</type></wpt>
<wpt lat="-23.570002" lon="-46.573657"><name>Radar 50 km/h</name><desc>Fonte: OSM</desc><type>FIXED</type></wpt>
<wpt lat="-23.569868" lon="-46.648297"><name>Radar</name><desc>Fonte: OSM</desc><type>FIXED</type></wpt>
<wpt lat="-23.569558" lon="-46.039318"><name>Radar 40 km/h</name><desc>Fonte: OSM</desc><type>FIXED</type></wpt>
<wpt lat="-23.569531" lon="-46.039643"><name>Radar 40 km/h</name><desc>Fonte: OSM</desc><type>FIXED</type></wpt>
<wpt lat="-23.569468" lon="-46.039641"><name>Radar</name><desc>Fonte: DER-SP</desc><type>FIXED</type></wpt>
<wpt lat="-23.569298" lon="-46.672178"><name>Radar 50 km/h</name><desc>Fonte: OSM</desc><type>FIXED</type></wpt>
<wpt lat="-23.569207" lon="-46.661198"><name>Radar 50 km/h</name><desc>Fonte: OSM</desc><type>FIXED</type></wpt>
<wpt lat="-23.569200" lon="-46.068042"><name>Radar</name><desc>Fonte: DER-SP</desc><type>FIXED</type></wpt>
<wpt lat="-23.569194" lon="-46.671765"><name>Radar 50 km/h</name><desc>Fonte: OSM</desc><type>FIXED</type></wpt>
<wpt lat="-23.569167" lon="-46.622053"><name>Radar 50 km/h</name><desc>Fonte: OSM</desc><type>FIXED</type></wpt>
<wpt lat="-23.568524" lon="-46.757397"><name>Radar 50 km/h</name><desc>Fonte: OSM</desc><type>FIXED</type></wpt>
<wpt lat="-23.568073" lon="-46.757337"><name>Radar 50 km/h</name><desc>Fonte: OSM</desc><type>FIXED</type></wpt>
<wpt lat="-23.568060" lon="-46.596152"><name>Radar 40 km/h</name><desc>Fonte: OSM</desc><type>FIXED</type></wpt>
<wpt lat="-23.568034" lon="-46.692852"><name>Radar 50 km/h</name><desc>Fonte: OSM</desc><type>FIXED</type></wpt>
<wpt lat="-23.568002" lon="-46.692629"><name>Radar 50 km/h</name><desc>Fonte: OSM</desc><type>FIXED</type></wpt>
<wpt lat="-23.567957" lon="-46.462541"><name>Radar 40 km/h</name><desc>Fonte: OSM</desc><type>FIXED</type></wpt>
<wpt lat="-23.567845" lon="-46.462549"><name>Radar 40 km/h</name><desc>Fonte: OSM</desc><type>FIXED</type></wpt>
<wpt lat="-23.567598" lon="-46.695279"><name>Radar 50 km/h</name><desc>Fonte: OSM</desc><type>FIXED</type></wpt>
<wpt lat="-23.567368" lon="-46.683576"><name>Radar 50 km/h</name><desc>Fonte: OSM</desc><type>FIXED</type></wpt>
<wpt lat="-23.567366" lon="-46.683909"><name>Radar 50 km/h</name><desc>Fonte: OSM</desc><type>FIXED</type></wpt>
<wpt lat="-23.567236" lon="-46.659105"><name>Radar 50 km/h</name><desc>Fonte: OSM</desc><type>FIXED</type></wpt>
<wpt lat="-23.567034" lon="-46.668446"><name>Radar 40 km/h</name><desc>Fonte: OSM</desc><type>FIXED</type></wpt>
<wpt lat="-23.567004" lon="-46.651833"><name>Radar</name><desc>Fonte: OSM</desc><type>FIXED</type></wpt>
<wpt lat="-23.566991" lon="-46.688997"><name>Radar 40 km/h</name><desc>Fonte: OSM</desc><type>FIXED</type></wpt>
<wpt lat="-23.566822" lon="-46.818079"><name>Radar 100 km/h</name><desc>Fonte: OSM</desc><type>FIXED</type></wpt>
<wpt lat="-23.566694" lon="-46.709791"><name>Radar 50 km/h</name><desc>Fonte: OSM</desc><type>FIXED</type></wpt>
<wpt lat="-23.566437" lon="-46.709848"><name>Radar 50 km/h</name><desc>Fonte: OSM</desc><type>FIXED</type></wpt>
<wpt lat="-23.566340" lon="-46.650705"><name>Radar 50 km/h</name><desc>Fonte: OSM</desc><type>FIXED</type></wpt>
<wpt lat="-23.566221" lon="-46.086182"><name>Radar</name><desc>Fonte: DER-SP</desc><type>FIXED</type></wpt>
<wpt lat="-23.566016" lon="-46.636698"><name>Radar 40 km/h</name><desc>Fonte: OSM</desc><type>FIXED</type></wpt>
<wpt lat="-23.565422" lon="-46.682328"><name>Radar 50 km/h</name><desc>Fonte: OSM</desc><type>FIXED</type></wpt>
<wpt lat="-23.565385" lon="-46.697893"><name>Radar 40 km/h</name><desc>Fonte: OSM</desc><type>FIXED</type></wpt>
<wpt lat="-23.565237" lon="-46.690474"><name>Radar 50 km/h</name><desc>Fonte: OSM</desc><type>FIXED</type></wpt>
<wpt lat="-23.565191" lon="-46.690393"><name>Radar 50 km/h</name><desc>Fonte: OSM</desc><type>FIXED</type></wpt>
<wpt lat="-23.565184" lon="-46.654091"><name>Radar</name><desc>Fonte: OSM</desc><type>FIXED</type></wpt>
<wpt lat="-23.565003" lon="-46.754856"><name>Radar 50 km/h</name><desc>Fonte: OSM</desc><type>FIXED</type></wpt>
<wpt lat="-23.564716" lon="-46.649450"><name>Radar 40 km/h</name><desc>Fonte: OSM</desc><type>FIXED</type></wpt>
<wpt lat="-23.564681" lon="-46.677392"><name>Radar 50 km/h</name><desc>Fonte: OSM</desc><type>FIXED</type></wpt>
<wpt lat="-23.564370" lon="-46.655015"><name>Radar 40 km/h</name><desc>Fonte: OSM</desc><type>FIXED</type></wpt>
<wpt lat="-23.564148" lon="-46.596477"><name>Radar 50 km/h</name><desc>Fonte: OSM</desc><type>FIXED</type></wpt>
<wpt lat="-23.564076" lon="-46.703478"><name>Radar 60 km/h</name><desc>Fonte: OSM</desc><type>FIXED</type></wpt>
<wpt lat="-23.563963" lon="-46.678258"><name>Radar 50 km/h</name><desc>Fonte: OSM</desc><type>FIXED</type></wpt>
<wpt lat="-23.563888" lon="-46.668106"><name>Radar 40 km/h</name><desc>Fonte: OSM</desc><type>FIXED</type></wpt>
<wpt lat="-23.563637" lon="-46.611316"><name>Radar 50 km/h</name><desc>Fonte: OSM</desc><type>FIXED</type></wpt>
<wpt lat="-23.563427" lon="-46.653979"><name>Radar 50 km/h</name><desc>Fonte: OSM</desc><type>FIXED</type></wpt>
<wpt lat="-23.563266" lon="-46.331973"><name>Radar 30 km/h</name><desc>Fonte: OSM</desc><type>FIXED</type></wpt>
<wpt lat="-23.563183" lon="-46.508594"><name>Radar 50 km/h</name><desc>Fonte: OSM</desc><type>FIXED</type></wpt>
<wpt lat="-23.563179" lon="-46.332098"><name>Radar 30 km/h</name><desc>Fonte: OSM</desc><type>FIXED</type></wpt>
<wpt lat="-23.563119" lon="-47.449061"><name>Radar</name><desc>Fonte: DER-SP</desc><type>FIXED</type></wpt>
<wpt lat="-23.562458" lon="-46.681644"><name>Radar 40 km/h</name><desc>Fonte: OSM</desc><type>FIXED</type></wpt>
<wpt lat="-23.562368" lon="-46.641647"><name>Radar 40 km/h</name><desc>Fonte: OSM</desc><type>FIXED</type></wpt>
<wpt lat="-23.562295" lon="-46.639952"><name>Radar 60 km/h</name><desc>Fonte: OSM</desc><type>FIXED</type></wpt>
<wpt lat="-23.562210" lon="-46.640269"><name>Radar 60 km/h</name><desc>Fonte: OSM</desc><type>FIXED</type></wpt>
<wpt lat="-23.561918" lon="-46.576309"><name>Radar 50 km/h</name><desc>Fonte: OSM</desc><type>FIXED</type></wpt>
<wpt lat="-23.561741" lon="-46.783276"><name>Radar 50 km/h</name><desc>Fonte: OSM</desc><type>FIXED</type></wpt>
<wpt lat="-23.561679" lon="-46.658168"><name>Radar</name><desc>Fonte: OSM</desc><type>FIXED</type></wpt>
<wpt lat="-23.561635" lon="-46.445846"><name>Radar 50 km/h</name><desc>Fonte: OSM</desc><type>FIXED</type></wpt>
<wpt lat="-23.561618" lon="-46.711965"><name>Radar 50 km/h</name><desc>Fonte: OSM</desc><type>FIXED</type></wpt>
<wpt lat="-23.561488" lon="-46.626750"><name>Radar 50 km/h</name><desc>Fonte: OSM</desc><type>FIXED</type></wpt>
<wpt lat="-23.561319" lon="-46.445983"><name>Radar 50 km/h</name><desc>Fonte: OSM</desc><type>FIXED</type></wpt>
<wpt lat="-23.560896" lon="-46.687098"><name>Radar 50 km/h</name><desc>Fonte: OSM</desc><type>FIXED</type></wpt>
<wpt lat="-23.560878" lon="-46.645864"><name>Radar 50 km/h</name><desc>Fonte: OSM</desc><type>FIXED</type></wpt>
<wpt lat="-23.560750" lon="-45.255694"><name>Radar</name><desc>Fonte: OSM</desc><type>FIXED</type></wpt>
<wpt lat="-23.560567" lon="-45.255398"><name>Radar</name><desc>Fonte: DER-SP</desc><type>FIXED</type></wpt>
<wpt lat="-23.560532" lon="-46.191450"><name>Radar 60 km/h</name><desc>Fonte: OSM</desc><type>FIXED</type></wpt>
<wpt lat="-23.560441" lon="-46.519506"><name>Radar 50 km/h</name><desc>Fonte: OSM</desc><type>FIXED</type></wpt>
<wpt lat="-23.560390" lon="-46.519452"><name>Radar 50 km/h</name><desc>Fonte: OSM</desc><type>FIXED</type></wpt>
<wpt lat="-23.560365" lon="-46.682175"><name>Radar 50 km/h</name><desc>Fonte: OSM</desc><type>FIXED</type></wpt>
<wpt lat="-23.560036" lon="-46.696236"><name>Radar 40 km/h</name><desc>Fonte: OSM</desc><type>FIXED</type></wpt>
<wpt lat="-23.559539" lon="-46.670083"><name>Radar 50 km/h</name><desc>Fonte: OSM</desc><type>FIXED</type></wpt>
<wpt lat="-23.559519" lon="-46.670051"><name>Radar</name><desc>Fonte: OSM</desc><type>FIXED</type></wpt>
<wpt lat="-23.559474" lon="-46.670254"><name>Radar 50 km/h</name><desc>Fonte: OSM</desc><type>FIXED</type></wpt>
<wpt lat="-23.559273" lon="-46.664901"><name>Radar 40 km/h</name><desc>Fonte: OSM</desc><type>FIXED</type></wpt>
<wpt lat="-23.559088" lon="-46.654036"><name>Radar 50 km/h</name><desc>Fonte: OSM</desc><type>FIXED</type></wpt>
<wpt lat="-23.559047" lon="-46.144608"><name>Radar</name><desc>Fonte: DER-SP</desc><type>FIXED</type></wpt>
<wpt lat="-23.558985" lon="-46.654193"><name>Radar</name><desc>Fonte: OSM</desc><type>FIXED</type></wpt>
<wpt lat="-23.558884" lon="-46.654120"><name>Radar 50 km/h</name><desc>Fonte: OSM</desc><type>FIXED</type></wpt>
<wpt lat="-23.558813" lon="-47.836410"><name>Radar</name><desc>Fonte: DER-SP</desc><type>FIXED</type></wpt>
<wpt lat="-23.558700" lon="-47.836200"><name>Radar</name><desc>Fonte: DER-SP</desc><type>FIXED</type></wpt>
<wpt lat="-23.558659" lon="-47.836040"><name>Radar 100 km/h</name><desc>Fonte: OSM</desc><type>FIXED</type></wpt>
<wpt lat="-23.558633" lon="-46.660739"><name>Radar 50 km/h</name><desc>Fonte: OSM</desc><type>FIXED</type></wpt>
<wpt lat="-23.558587" lon="-46.615839"><name>Radar 50 km/h</name><desc>Fonte: OSM</desc><type>FIXED</type></wpt>
<wpt lat="-23.558367" lon="-46.799864"><name>Radar 60 km/h</name><desc>Fonte: OSM</desc><type>FIXED</type></wpt>
<wpt lat="-23.558346" lon="-46.615508"><name>Radar 50 km/h</name><desc>Fonte: OSM</desc><type>FIXED</type></wpt>
<wpt lat="-23.558139" lon="-46.748181"><name>Radar 50 km/h</name><desc>Fonte: OSM</desc><type>FIXED</type></wpt>
<wpt lat="-23.558029" lon="-46.662302"><name>Radar</name><desc>Fonte: OSM</desc><type>FIXED</type></wpt>
<wpt lat="-23.557903" lon="-46.515285"><name>Radar 50 km/h</name><desc>Fonte: OSM</desc><type>FIXED</type></wpt>
<wpt lat="-23.557886" lon="-46.711023"><name>Radar 90 km/h</name><desc>Fonte: OSM</desc><type>FIXED</type></wpt>
<wpt lat="-23.557461" lon="-46.711380"><name>Radar 60 km/h</name><desc>Fonte: OSM</desc><type>FIXED</type></wpt>
<wpt lat="-23.557350" lon="-46.711328"><name>Radar 60 km/h</name><desc>Fonte: OSM</desc><type>FIXED</type></wpt>
<wpt lat="-23.556949" lon="-46.707269"><name>Radar 50 km/h</name><desc>Fonte: OSM</desc><type>FIXED</type></wpt>
<wpt lat="-23.556705" lon="-46.600315"><name>Radar 50 km/h</name><desc>Fonte: OSM</desc><type>FIXED</type></wpt>
<wpt lat="-23.556660" lon="-46.637919"><name>Radar 60 km/h</name><desc>Fonte: OSM</desc><type>FIXED</type></wpt>
<wpt lat="-23.556558" lon="-46.660233"><name>Radar 40 km/h</name><desc>Fonte: OSM</desc><type>FIXED</type></wpt>
<wpt lat="-23.556430" lon="-46.449834"><name>Radar 40 km/h</name><desc>Fonte: OSM</desc><type>FIXED</type></wpt>
<wpt lat="-23.556298" lon="-46.717651"><name>Radar 90 km/h</name><desc>Fonte: OSM</desc><type>FIXED</type></wpt>
<wpt lat="-23.556200" lon="-46.637589"><name>Radar 50 km/h</name><desc>Fonte: OSM</desc><type>FIXED</type></wpt>
<wpt lat="-23.556150" lon="-46.389030"><name>Radar 40 km/h</name><desc>Fonte: OSM</desc><type>FIXED</type></wpt>
<wpt lat="-23.556103" lon="-46.768368"><name>Radar 40 km/h</name><desc>Fonte: OSM</desc><type>FIXED</type></wpt>
<wpt lat="-23.556088" lon="-46.388753"><name>Radar 40 km/h</name><desc>Fonte: OSM</desc><type>FIXED</type></wpt>
<wpt lat="-23.556068" lon="-46.637589"><name>Radar 50 km/h</name><desc>Fonte: OSM</desc><type>FIXED</type></wpt>
<wpt lat="-23.555696" lon="-46.681830"><name>Radar 50 km/h</name><desc>Fonte: OSM</desc><type>FIXED</type></wpt>
<wpt lat="-23.555642" lon="-46.768673"><name>Radar 40 km/h</name><desc>Fonte: OSM</desc><type>FIXED</type></wpt>
<wpt lat="-23.555352" lon="-46.516885"><name>Radar 50 km/h</name><desc>Fonte: OSM</desc><type>FIXED</type></wpt>
<wpt lat="-23.555309" lon="-46.516784"><name>Radar 50 km/h</name><desc>Fonte: OSM</desc><type>FIXED</type></wpt>
<wpt lat="-23.555145" lon="-47.793606"><name>Radar 100 km/h</name><desc>Fonte: OSM</desc><type>FIXED</type></wpt>
<wpt lat="-23.554966" lon="-46.634280"><name>Radar 40 km/h</name><desc>Fonte: OSM</desc><type>FIXED</type></wpt>
<wpt lat="-23.554769" lon="-46.668894"><name>Radar 50 km/h</name><desc>Fonte: OSM</desc><type>FIXED</type></wpt>
<wpt lat="-23.554741" lon="-46.383357"><name>Radar 40 km/h</name><desc>Fonte: OSM</desc><type>FIXED</type></wpt>
<wpt lat="-23.554583" lon="-46.648769"><name>Radar 50 km/h</name><desc>Fonte: OSM</desc><type>FIXED</type></wpt>
<wpt lat="-23.554483" lon="-46.680504"><name>Radar 50 km/h</name><desc>Fonte: OSM</desc><type>FIXED</type></wpt>
<wpt lat="-23.554339" lon="-46.435168"><name>Radar 40 km/h</name><desc>Fonte: OSM</desc><type>FIXED</type></wpt>
<wpt lat="-23.554333" lon="-47.107085"><name>Radar</name><desc>Fonte: DER-SP</desc><type>FIXED</type></wpt>
<wpt lat="-23.554264" lon="-46.676087"><name>Radar 50 km/h</name><desc>Fonte: OSM</desc><type>FIXED</type></wpt>
<wpt lat="-23.553939" lon="-47.106725"><name>Radar</name><desc>Fonte: DER-SP</desc><type>FIXED</type></wpt>
<wpt lat="-23.553853" lon="-47.116280"><name>Radar</name><desc>Fonte: DER-SP</desc><type>FIXED</type></wpt>
<wpt lat="-23.553424" lon="-46.779411"><name>Radar 50 km/h</name><desc>Fonte: OSM</desc><type>FIXED</type></wpt>
<wpt lat="-23.553290" lon="-45.250128"><name>Radar</name><desc>Fonte: DER-SP</desc><type>FIXED</type></wpt>
<wpt lat="-23.553111" lon="-46.673402"><name>Radar 50 km/h</name><desc>Fonte: OSM</desc><type>FIXED</type></wpt>
<wpt lat="-23.553034" lon="-46.898344"><name>Radar</name><desc>Fonte: DER-SP</desc><type>FIXED</type></wpt>
<wpt lat="-23.553020" lon="-46.602854"><name>Radar 50 km/h</name><desc>Fonte: OSM</desc><type>FIXED</type></wpt>
<wpt lat="-23.552599" lon="-46.618698"><name>Radar 50 km/h</name><desc>Fonte: OSM</desc><type>FIXED</type></wpt>
<wpt lat="-23.552587" lon="-46.741665"><name>Radar 50 km/h</name><desc>Fonte: OSM</desc><type>FIXED</type></wpt>
<wpt lat="-23.552565" lon="-46.638023"><name>Radar 50 km/h</name><desc>Fonte: OSM</desc><type>FIXED</type></wpt>
<wpt lat="-23.552525" lon="-46.148458"><name>Radar</name><desc>Fonte: DER-SP</desc><type>FIXED</type></wpt>
<wpt lat="-23.552471" lon="-46.819751"><name>Radar 100 km/h</name><desc>Fonte: OSM</desc><type>FIXED</type></wpt>
<wpt lat="-23.552446" lon="-46.618517"><name>Radar 50 km/h</name><desc>Fonte: OSM</desc><type>FIXED</type></wpt>
<wpt lat="-23.552375" lon="-46.618440"><name>Radar 50 km/h</name><desc>Fonte: OSM</desc><type>FIXED</type></wpt>
<wpt lat="-23.551966" lon="-46.206653"><name>Radar 50 km/h</name><desc>Fonte: OSM</desc><type>FIXED</type></wpt>
<wpt lat="-23.551797" lon="-46.741052"><name>Radar 50 km/h</name><desc>Fonte: OSM</desc><type>FIXED</type></wpt>
<wpt lat="-23.551738" lon="-46.206435"><name>Radar 50 km/h</name><desc>Fonte: OSM</desc><type>FIXED</type></wpt>
<wpt lat="-23.551561" lon="-46.944091"><name>Radar 40 km/h</name><desc>Fonte: OSM</desc><type>FIXED</type></wpt>
<wpt lat="-23.551476" lon="-46.711166"><name>Radar 50 km/h</name><desc>Fonte: OSM</desc><type>FIXED</type></wpt>
<wpt lat="-23.551432" lon="-46.490626"><name>Radar 40 km/h</name><desc>Fonte: OSM</desc><type>FIXED</type></wpt>
<wpt lat="-23.550752" lon="-46.675213"><name>Radar 40 km/h</name><desc>Fonte: OSM</desc><type>FIXED</type></wpt>
<wpt lat="-23.550359" lon="-46.445028"><name>Radar 40 km/h</name><desc>Fonte: OSM</desc><type>FIXED</type></wpt>
<wpt lat="-23.550093" lon="-45.604394"><name>Radar</name><desc>Fonte: DER-SP</desc><type>FIXED</type></wpt>
<wpt lat="-23.550085" lon="-46.534088"><name>Radar 50 km/h</name><desc>Fonte: OSM</desc><type>FIXED</type></wpt>
<wpt lat="-23.550081" lon="-46.445089"><name>Radar 40 km/h</name><desc>Fonte: OSM</desc><type>FIXED</type></wpt>
<wpt lat="-23.550038" lon="-46.534374"><name>Radar 50 km/h</name><desc>Fonte: OSM</desc><type>FIXED</type></wpt>
<wpt lat="-23.549929" lon="-46.666040"><name>Radar 40 km/h</name><desc>Fonte: OSM</desc><type>FIXED</type></wpt>
<wpt lat="-23.549721" lon="-46.682639"><name>Radar 50 km/h</name><desc>Fonte: OSM</desc><type>FIXED</type></wpt>
<wpt lat="-23.549698" lon="-46.680824"><name>Radar 50 km/h</name><desc>Fonte: OSM</desc><type>FIXED</type></wpt>
<wpt lat="-23.549694" lon="-46.378610"><name>Radar 40 km/h</name><desc>Fonte: OSM</desc><type>FIXED</type></wpt>
<wpt lat="-23.549681" lon="-46.642119"><name>Radar 50 km/h</name><desc>Fonte: OSM</desc><type>FIXED</type></wpt>
<wpt lat="-23.549678" lon="-46.642369"><name>Radar 50 km/h</name><desc>Fonte: OSM</desc><type>FIXED</type></wpt>
<wpt lat="-23.549678" lon="-46.578647"><name>Radar 50 km/h</name><desc>Fonte: OSM</desc><type>FIXED</type></wpt>
<wpt lat="-23.549625" lon="-46.605041"><name>Radar 50 km/h</name><desc>Fonte: OSM</desc><type>FIXED</type></wpt>
<wpt lat="-23.549619" lon="-45.966880"><name>Radar 40 km/h</name><desc>Fonte: OSM</desc><type>FIXED</type></wpt>
<wpt lat="-23.549616" lon="-46.578467"><name>Radar 50 km/h</name><desc>Fonte: OSM</desc><type>FIXED</type></wpt>
<wpt lat="-23.549563" lon="-46.605109"><name>Avanço de sinal</name><desc>Fonte: OSM</desc><type>RED_LIGHT</type></wpt>
<wpt lat="-23.549558" lon="-46.579090"><name>Radar 50 km/h</name><desc>Fonte: OSM</desc><type>FIXED</type></wpt>
<wpt lat="-23.549557" lon="-46.835201"><name>Radar 40 km/h</name><desc>Fonte: OSM</desc><type>FIXED</type></wpt>
<wpt lat="-23.549541" lon="-45.966867"><name>Radar 40 km/h</name><desc>Fonte: OSM</desc><type>FIXED</type></wpt>
<wpt lat="-23.549495" lon="-46.581144"><name>Radar 40 km/h</name><desc>Fonte: OSM</desc><type>FIXED</type></wpt>
<wpt lat="-23.549464" lon="-46.581099"><name>Radar 40 km/h</name><desc>Fonte: OSM</desc><type>FIXED</type></wpt>
<wpt lat="-23.549429" lon="-46.920094"><name>Radar</name><desc>Fonte: DER-SP</desc><type>FIXED</type></wpt>
<wpt lat="-23.549416" lon="-46.653211"><name>Radar 50 km/h</name><desc>Fonte: OSM</desc><type>FIXED</type></wpt>
<wpt lat="-23.549162" lon="-46.579029"><name>Radar 50 km/h</name><desc>Fonte: OSM</desc><type>FIXED</type></wpt>
<wpt lat="-23.549114" lon="-46.525173"><name>Radar 50 km/h</name><desc>Fonte: OSM</desc><type>FIXED</type></wpt>
<wpt lat="-23.549055" lon="-46.525053"><name>Radar 50 km/h</name><desc>Fonte: OSM</desc><type>FIXED</type></wpt>
<wpt lat="-23.548624" lon="-46.714783"><name>Radar 50 km/h</name><desc>Fonte: OSM</desc><type>FIXED</type></wpt>
<wpt lat="-23.548565" lon="-46.710362"><name>Radar 40 km/h</name><desc>Fonte: OSM</desc><type>FIXED</type></wpt>
<wpt lat="-23.548362" lon="-46.650140"><name>Radar 50 km/h</name><desc>Fonte: OSM</desc><type>FIXED</type></wpt>
<wpt lat="-23.548106" lon="-46.657382"><name>Radar 40 km/h</name><desc>Fonte: OSM</desc><type>FIXED</type></wpt>
<wpt lat="-23.547998" lon="-46.304197"><name>Radar 50 km/h</name><desc>Fonte: OSM</desc><type>FIXED</type></wpt>
<wpt lat="-23.547956" lon="-46.602443"><name>Radar</name><desc>Fonte: OSM</desc><type>FIXED</type></wpt>
<wpt lat="-23.547898" lon="-46.602461"><name>Avanço de sinal</name><desc>Fonte: OSM</desc><type>RED_LIGHT</type></wpt>
<wpt lat="-23.547878" lon="-46.761050"><name>Radar 60 km/h</name><desc>Fonte: OSM</desc><type>FIXED</type></wpt>
<wpt lat="-23.547864" lon="-46.525763"><name>Radar 50 km/h</name><desc>Fonte: OSM</desc><type>FIXED</type></wpt>
<wpt lat="-23.547843" lon="-46.602532"><name>Radar</name><desc>Fonte: OSM</desc><type>FIXED</type></wpt>
<wpt lat="-23.547808" lon="-46.602544"><name>Avanço de sinal</name><desc>Fonte: OSM</desc><type>RED_LIGHT</type></wpt>
<wpt lat="-23.547783" lon="-46.525666"><name>Radar 50 km/h</name><desc>Fonte: OSM</desc><type>FIXED</type></wpt>
<wpt lat="-23.547740" lon="-46.642637"><name>Radar 50 km/h</name><desc>Fonte: OSM</desc><type>FIXED</type></wpt>
<wpt lat="-23.547676" lon="-45.240957"><name>Radar 80 km/h</name><desc>Fonte: OSM</desc><type>FIXED</type></wpt>
<wpt lat="-23.547452" lon="-46.303689"><name>Radar 50 km/h</name><desc>Fonte: OSM</desc><type>FIXED</type></wpt>
<wpt lat="-23.547435" lon="-46.774938"><name>Radar 50 km/h</name><desc>Fonte: OSM</desc><type>FIXED</type></wpt>
<wpt lat="-23.547105" lon="-46.676984"><name>Radar 50 km/h</name><desc>Fonte: OSM</desc><type>FIXED</type></wpt>
<wpt lat="-23.547084" lon="-46.647530"><name>Radar 50 km/h</name><desc>Fonte: OSM</desc><type>FIXED</type></wpt>
<wpt lat="-23.547070" lon="-47.058667"><name>Radar</name><desc>Fonte: DER-SP</desc><type>FIXED</type></wpt>
<wpt lat="-23.546923" lon="-46.676748"><name>Radar 50 km/h</name><desc>Fonte: OSM</desc><type>FIXED</type></wpt>
<wpt lat="-23.546888" lon="-46.599743"><name>Radar 40 km/h</name><desc>Fonte: OSM</desc><type>FIXED</type></wpt>
<wpt lat="-23.546851" lon="-46.317528"><name>Radar 40 km/h</name><desc>Fonte: OSM</desc><type>FIXED</type></wpt>
<wpt lat="-23.546051" lon="-46.382924"><name>Radar 40 km/h</name><desc>Fonte: OSM</desc><type>FIXED</type></wpt>
<wpt lat="-23.545905" lon="-46.750699"><name>Radar 40 km/h</name><desc>Fonte: OSM</desc><type>FIXED</type></wpt>
<wpt lat="-23.545223" lon="-46.692552"><name>Radar 50 km/h</name><desc>Fonte: OSM</desc><type>FIXED</type></wpt>
<wpt lat="-23.545072" lon="-46.574418"><name>Radar 40 km/h</name><desc>Fonte: OSM</desc><type>FIXED</type></wpt>
<wpt lat="-23.544884" lon="-46.691013"><name>Radar 50 km/h</name><desc>Fonte: OSM</desc><type>FIXED</type></wpt>
<wpt lat="-23.544841" lon="-46.693154"><name>Radar 50 km/h</name><desc>Fonte: OSM</desc><type>FIXED</type></wpt>
<wpt lat="-23.544606" lon="-46.593494"><name>Radar 50 km/h</name><desc>Fonte: OSM</desc><type>FIXED</type></wpt>
<wpt lat="-23.544547" lon="-46.447161"><name>Radar 50 km/h</name><desc>Fonte: OSM</desc><type>FIXED</type></wpt>
<wpt lat="-23.544515" lon="-46.685226"><name>Radar 40 km/h</name><desc>Fonte: OSM</desc><type>FIXED</type></wpt>
<wpt lat="-23.544495" lon="-46.593587"><name>Radar 50 km/h</name><desc>Fonte: OSM</desc><type>FIXED</type></wpt>
<wpt lat="-23.543904" lon="-46.530705"><name>Radar 50 km/h</name><desc>Fonte: OSM</desc><type>FIXED</type></wpt>
<wpt lat="-23.543798" lon="-46.530655"><name>Radar 50 km/h</name><desc>Fonte: OSM</desc><type>FIXED</type></wpt>
<wpt lat="-23.543669" lon="-46.732287"><name>Radar 50 km/h</name><desc>Fonte: OSM</desc><type>FIXED</type></wpt>
<wpt lat="-23.543498" lon="-46.470450"><name>Radar 50 km/h</name><desc>Fonte: OSM</desc><type>FIXED</type></wpt>
<wpt lat="-23.543470" lon="-46.725311"><name>Radar 50 km/h</name><desc>Fonte: OSM</desc><type>FIXED</type></wpt>
<wpt lat="-23.543443" lon="-46.732270"><name>Radar 50 km/h</name><desc>Fonte: OSM</desc><type>FIXED</type></wpt>
<wpt lat="-23.543337" lon="-46.959495"><name>Radar</name><desc>Fonte: DER-SP</desc><type>FIXED</type></wpt>
<wpt lat="-23.543198" lon="-46.665553"><name>Radar</name><desc>Fonte: OSM</desc><type>FIXED</type></wpt>
<wpt lat="-23.543137" lon="-46.586042"><name>Radar 50 km/h</name><desc>Fonte: OSM</desc><type>FIXED</type></wpt>
<wpt lat="-23.543015" lon="-46.706904"><name>Radar 40 km/h</name><desc>Fonte: OSM</desc><type>FIXED</type></wpt>
<wpt lat="-23.542927" lon="-46.726676"><name>Radar 50 km/h</name><desc>Fonte: OSM</desc><type>FIXED</type></wpt>
<wpt lat="-23.542490" lon="-46.765686"><name>Radar 50 km/h</name><desc>Fonte: OSM</desc><type>FIXED</type></wpt>
<wpt lat="-23.542483" lon="-46.640010"><name>Radar 40 km/h</name><desc>Fonte: OSM</desc><type>FIXED</type></wpt>
<wpt lat="-23.542451" lon="-46.765893"><name>Radar 50 km/h</name><desc>Fonte: OSM</desc><type>FIXED</type></wpt>
<wpt lat="-23.542361" lon="-46.243567"><name>Radar 40 km/h</name><desc>Fonte: OSM</desc><type>FIXED</type></wpt>
<wpt lat="-23.542342" lon="-46.647640"><name>Radar 50 km/h</name><desc>Fonte: OSM</desc><type>FIXED</type></wpt>
<wpt lat="-23.542339" lon="-46.711637"><name>Radar 50 km/h</name><desc>Fonte: OSM</desc><type>FIXED</type></wpt>
<wpt lat="-23.542326" lon="-46.711571"><name>Radar 50 km/h</name><desc>Fonte: OSM</desc><type>FIXED</type></wpt>
<wpt lat="-23.542316" lon="-46.183203"><name>Radar 40 km/h</name><desc>Fonte: OSM</desc><type>FIXED</type></wpt>
<wpt lat="-23.542257" lon="-46.243379"><name>Radar 40 km/h</name><desc>Fonte: OSM</desc><type>FIXED</type></wpt>
<wpt lat="-23.542168" lon="-46.183125"><name>Radar 40 km/h</name><desc>Fonte: OSM</desc><type>FIXED</type></wpt>
<wpt lat="-23.542156" lon="-46.647841"><name>Radar 50 km/h</name><desc>Fonte: OSM</desc><type>FIXED</type></wpt>
<wpt lat="-23.542133" lon="-46.418607"><name>Radar 40 km/h</name><desc>Fonte: OSM</desc><type>FIXED</type></wpt>
<wpt lat="-23.542085" lon="-46.153719"><name>Radar</name><desc>Fonte: DER-SP</desc><type>FIXED</type></wpt>
<wpt lat="-23.542058" lon="-46.719034"><name>Radar 50 km/h</name><desc>Fonte: OSM</desc><type>FIXED</type></wpt>
<wpt lat="-23.541976" lon="-45.940064"><name>Radar</name><desc>Fonte: DER-SP</desc><type>FIXED</type></wpt>
<wpt lat="-23.541810" lon="-46.286968"><name>Radar 60 km/h</name><desc>Fonte: OSM</desc><type>FIXED</type></wpt>
<wpt lat="-23.541777" lon="-46.628228"><name>Radar 50 km/h</name><desc>Fonte: OSM</desc><type>FIXED</type></wpt>
<wpt lat="-23.541732" lon="-46.481435"><name>Radar 50 km/h</name><desc>Fonte: OSM</desc><type>FIXED</type></wpt>
<wpt lat="-23.541723" lon="-46.286880"><name>Radar 60 km/h</name><desc>Fonte: OSM</desc><type>FIXED</type></wpt>
<wpt lat="-23.541702" lon="-46.628193"><name>Avanço de sinal</name><desc>Fonte: OSM</desc><type>RED_LIGHT</type></wpt>
<wpt lat="-23.541652" lon="-46.663482"><name>Radar 40 km/h</name><desc>Fonte: OSM</desc><type>FIXED</type></wpt>
<wpt lat="-23.541637" lon="-46.719231"><name>Radar 50 km/h</name><desc>Fonte: OSM</desc><type>FIXED</type></wpt>
<wpt lat="-23.541637" lon="-46.481368"><name>Radar 50 km/h</name><desc>Fonte: OSM</desc><type>FIXED</type></wpt>
<wpt lat="-23.540903" lon="-46.613247"><name>Radar 40 km/h</name><desc>Fonte: OSM</desc><type>FIXED</type></wpt>
<wpt lat="-23.540758" lon="-46.638090"><name>Radar 50 km/h</name><desc>Fonte: OSM</desc><type>FIXED</type></wpt>
<wpt lat="-23.540661" lon="-46.638174"><name>Radar 50 km/h</name><desc>Fonte: OSM</desc><type>FIXED</type></wpt>
<wpt lat="-23.540615" lon="-46.632419"><name>Radar 40 km/h</name><desc>Fonte: OSM</desc><type>FIXED</type></wpt>
<wpt lat="-23.540490" lon="-46.575305"><name>Radar 50 km/h</name><desc>Fonte: OSM</desc><type>FIXED</type></wpt>
<wpt lat="-23.540456" lon="-46.629241"><name>Radar 50 km/h</name><desc>Fonte: OSM</desc><type>FIXED</type></wpt>
<wpt lat="-23.540387" lon="-46.629324"><name>Avanço de sinal</name><desc>Fonte: OSM</desc><type>RED_LIGHT</type></wpt>
<wpt lat="-23.540331" lon="-47.032923"><name>Radar</name><desc>Fonte: DER-SP</desc><type>FIXED</type></wpt>
<wpt lat="-23.540299" lon="-46.467494"><name>Radar 50 km/h</name><desc>Fonte: OSM</desc><type>FIXED</type></wpt>
<wpt lat="-23.540289" lon="-46.467294"><name>Radar 50 km/h</name><desc>Fonte: OSM</desc><type>FIXED</type></wpt>
<wpt lat="-23.540163" lon="-46.769481"><name>Radar 50 km/h</name><desc>Fonte: OSM</desc><type>FIXED</type></wpt>
<wpt lat="-23.540059" lon="-46.769292"><name>Radar 50 km/h</name><desc>Fonte: OSM</desc><type>FIXED</type></wpt>
<wpt lat="-23.540056" lon="-46.742370"><name>Radar 60 km/h</name><desc>Fonte: OSM</desc><type>FIXED</type></wpt>
<wpt lat="-23.539607" lon="-46.646383"><name>Radar 50 km/h</name><desc>Fonte: OSM</desc><type>FIXED</type></wpt>
<wpt lat="-23.539603" lon="-46.742562"><name>Radar 90 km/h</name><desc>Fonte: OSM</desc><type>FIXED</type></wpt>
<wpt lat="-23.539521" lon="-46.632349"><name>Radar 50 km/h</name><desc>Fonte: OSM</desc><type>FIXED</type></wpt>
<wpt lat="-23.539306" lon="-46.482763"><name>Radar 40 km/h</name><desc>Fonte: OSM</desc><type>FIXED</type></wpt>
<wpt lat="-23.539174" lon="-46.482647"><name>Radar 40 km/h</name><desc>Fonte: OSM</desc><type>FIXED</type></wpt>
<wpt lat="-23.538959" lon="-46.606404"><name>Radar 40 km/h</name><desc>Fonte: OSM</desc><type>FIXED</type></wpt>
<wpt lat="-23.538948" lon="-46.697524"><name>Radar 40 km/h</name><desc>Fonte: OSM</desc><type>FIXED</type></wpt>
<wpt lat="-23.538948" lon="-46.697457"><name>Radar 40 km/h</name><desc>Fonte: OSM</desc><type>FIXED</type></wpt>
<wpt lat="-23.538657" lon="-46.565482"><name>Radar 50 km/h</name><desc>Fonte: OSM</desc><type>FIXED</type></wpt>
<wpt lat="-23.538546" lon="-46.565508"><name>Radar 50 km/h</name><desc>Fonte: OSM</desc><type>FIXED</type></wpt>
<wpt lat="-23.538454" lon="-46.730334"><name>Radar 50 km/h</name><desc>Fonte: OSM</desc><type>FIXED</type></wpt>
<wpt lat="-23.538269" lon="-46.634715"><name>Radar 40 km/h</name><desc>Fonte: OSM</desc><type>FIXED</type></wpt>
<wpt lat="-23.538064" lon="-46.708589"><name>Radar 40 km/h</name><desc>Fonte: OSM</desc><type>FIXED</type></wpt>
<wpt lat="-23.538041" lon="-46.456198"><name>Radar 50 km/h</name><desc>Fonte: OSM</desc><type>FIXED</type></wpt>
<wpt lat="-23.537451" lon="-46.690081"><name>Radar 50 km/h</name><desc>Fonte: OSM</desc><type>FIXED</type></wpt>
<wpt lat="-23.537219" lon="-46.722459"><name>Radar 50 km/h</name><desc>Fonte: OSM</desc><type>FIXED</type></wpt>
<wpt lat="-23.537129" lon="-46.654396"><name>Radar 50 km/h</name><desc>Fonte: OSM</desc><type>FIXED</type></wpt>
<wpt lat="-23.537118" lon="-46.593370"><name>Radar 40 km/h</name><desc>Fonte: OSM</desc><type>FIXED</type></wpt>
<wpt lat="-23.537102" lon="-46.722440"><name>Radar 50 km/h</name><desc>Fonte: OSM</desc><type>FIXED</type></wpt>
<wpt lat="-23.537078" lon="-46.689945"><name>Radar 50 km/h</name><desc>Fonte: OSM</desc><type>FIXED</type></wpt>
<wpt lat="-23.537055" lon="-46.219066"><name>Radar 40 km/h</name><desc>Fonte: OSM</desc><type>FIXED</type></wpt>
<wpt lat="-23.537033" lon="-46.592496"><name>Radar 40 km/h</name><desc>Fonte: OSM</desc><type>FIXED</type></wpt>
<wpt lat="-23.537024" lon="-46.386182"><name>Radar</name><desc>Fonte: OSM</desc><type>FIXED</type></wpt>
<wpt lat="-23.536968" lon="-46.788098"><name>Radar 60 km/h</name><desc>Fonte: OSM</desc><type>FIXED</type></wpt>
<wpt lat="-23.536711" lon="-46.633722"><name>Radar 50 km/h</name><desc>Fonte: OSM</desc><type>FIXED</type></wpt>
<wpt lat="-23.536529" lon="-46.732479"><name>Radar 50 km/h</name><desc>Fonte: OSM</desc><type>FIXED</type></wpt>
<wpt lat="-23.536462" lon="-46.607434"><name>Radar 40 km/h</name><desc>Fonte: OSM</desc><type>FIXED</type></wpt>
<wpt lat="-23.536286" lon="-46.686372"><name>Radar 40 km/h</name><desc>Fonte: OSM</desc><type>FIXED</type></wpt>
<wpt lat="-23.536280" lon="-46.403459"><name>Radar 40 km/h</name><desc>Fonte: OSM</desc><type>FIXED</type></wpt>
<wpt lat="-23.536217" lon="-47.008537"><name>Radar</name><desc>Fonte: DER-SP</desc><type>FIXED</type></wpt>
<wpt lat="-23.536125" lon="-46.323577"><name>Radar</name><desc>Fonte: OSM</desc><type>FIXED</type></wpt>
<wpt lat="-23.536057" lon="-46.323772"><name>Radar 40 km/h</name><desc>Fonte: OSM</desc><type>FIXED</type></wpt>
<wpt lat="-23.536027" lon="-46.553155"><name>Radar 50 km/h</name><desc>Fonte: OSM</desc><type>FIXED</type></wpt>
<wpt lat="-23.536024" lon="-46.642902"><name>Radar 50 km/h</name><desc>Fonte: OSM</desc><type>FIXED</type></wpt>
<wpt lat="-23.536022" lon="-46.416906"><name>Radar 40 km/h</name><desc>Fonte: OSM</desc><type>FIXED</type></wpt>
<wpt lat="-23.535832" lon="-46.717799"><name>Radar 40 km/h</name><desc>Fonte: OSM</desc><type>FIXED</type></wpt>
<wpt lat="-23.535760" lon="-46.652209"><name>Radar 50 km/h</name><desc>Fonte: OSM</desc><type>FIXED</type></wpt>
<wpt lat="-23.535732" lon="-47.497131"><name>Radar</name><desc>Fonte: DER-SP</desc><type>FIXED</type></wpt>
<wpt lat="-23.535718" lon="-46.493339"><name>Radar 50 km/h</name><desc>Fonte: OSM</desc><type>FIXED</type></wpt>
<wpt lat="-23.535676" lon="-46.552449"><name>Radar 50 km/h</name><desc>Fonte: OSM</desc><type>FIXED</type></wpt>
<wpt lat="-23.535595" lon="-47.497016"><name>Radar 70 km/h</name><desc>Fonte: OSM</desc><type>FIXED</type></wpt>
<wpt lat="-23.535582" lon="-46.493685"><name>Radar 50 km/h</name><desc>Fonte: OSM</desc><type>FIXED</type></wpt>
<wpt lat="-23.535549" lon="-47.497092"><name>Radar</name><desc>Fonte: DER-SP</desc><type>FIXED</type></wpt>
<wpt lat="-23.535494" lon="-46.662795"><name>Radar 50 km/h</name><desc>Fonte: OSM</desc><type>FIXED</type></wpt>
<wpt lat="-23.535386" lon="-46.582768"><name>Radar 50 km/h</name><desc>Fonte: OSM</desc><type>FIXED</type></wpt>
<wpt lat="-23.535366" lon="-46.582657"><name>Radar 50 km/h</name><desc>Fonte: OSM</desc><type>FIXED</type></wpt>
<wpt lat="-23.535244" lon="-46.219343"><name>Radar 40 km/h</name><desc>Fonte: OSM</desc><type>FIXED</type></wpt>
<wpt lat="-23.535189" lon="-46.583076"><name>Radar 50 km/h</name><desc>Fonte: OSM</desc><type>FIXED</type></wpt>
<wpt lat="-23.535172" lon="-46.582953"><name>Radar 50 km/h</name><desc>Fonte: OSM</desc><type>FIXED</type></wpt>
<wpt lat="-23.535068" lon="-46.818044"><name>Radar 100 km/h</name><desc>Fonte: OSM</desc><type>FIXED</type></wpt>
<wpt lat="-23.534645" lon="-46.746086"><name>Radar 90 km/h</name><desc>Fonte: OSM</desc><type>FIXED</type></wpt>
<wpt lat="-23.534541" lon="-46.625071"><name>Avanço de sinal</name><desc>Fonte: OSM</desc><type>RED_LIGHT</type></wpt>
<wpt lat="-23.534471" lon="-46.625057"><name>Radar 50 km/h</name><desc>Fonte: OSM</desc><type>FIXED</type></wpt>
<wpt lat="-23.534470" lon="-46.602571"><name>Radar 40 km/h</name><desc>Fonte: OSM</desc><type>FIXED</type></wpt>
<wpt lat="-23.534427" lon="-46.768825"><name>Radar 60 km/h</name><desc>Fonte: OSM</desc><type>FIXED</type></wpt>
<wpt lat="-23.534293" lon="-46.768760"><name>Radar 60 km/h</name><desc>Fonte: OSM</desc><type>FIXED</type></wpt>
<wpt lat="-23.534141" lon="-46.661954"><name>Radar 50 km/h</name><desc>Fonte: OSM</desc><type>FIXED</type></wpt>
<wpt lat="-23.533787" lon="-45.905095"><name>Radar</name><desc>Fonte: DER-SP</desc><type>FIXED</type></wpt>
<wpt lat="-23.533558" lon="-46.459475"><name>Radar 40 km/h</name><desc>Fonte: OSM</desc><type>FIXED</type></wpt>
<wpt lat="-23.533551" lon="-46.459641"><name>Radar 40 km/h</name><desc>Fonte: OSM</desc><type>FIXED</type></wpt>
<wpt lat="-23.533508" lon="-47.451014"><name>Radar 40 km/h</name><desc>Fonte: OSM</desc><type>FIXED</type></wpt>
<wpt lat="-23.533474" lon="-46.664950"><name>Radar 40 km/h</name><desc>Fonte: OSM</desc><type>FIXED</type></wpt>
<wpt lat="-23.533434" lon="-46.772830"><name>Radar 60 km/h</name><desc>Fonte: OSM</desc><type>FIXED</type></wpt>
<wpt lat="-23.533382" lon="-46.539897"><name>Radar 50 km/h</name><desc>Fonte: OSM</desc><type>FIXED</type></wpt>
<wpt lat="-23.533186" lon="-47.450755"><name>Radar 40 km/h</name><desc>Fonte: OSM</desc><type>FIXED</type></wpt>
<wpt lat="-23.533068" lon="-46.209820"><name>Radar 50 km/h</name><desc>Fonte: OSM</desc><type>FIXED</type></wpt>
<wpt lat="-23.532754" lon="-46.448139"><name>Radar de trecho 40 km/h</name><desc>Fonte: OSM</desc><type>SECTION</type></wpt>
<wpt lat="-23.532704" lon="-46.448070"><name>Radar 40 km/h</name><desc>Fonte: OSM</desc><type>FIXED</type></wpt>
<wpt lat="-23.532660" lon="-46.448105"><name>Radar 40 km/h</name><desc>Fonte: OSM</desc><type>FIXED</type></wpt>
<wpt lat="-23.532628" lon="-46.448047"><name>Radar de trecho 40 km/h</name><desc>Fonte: OSM</desc><type>SECTION</type></wpt>
<wpt lat="-23.532546" lon="-47.503653"><name>Radar 60 km/h</name><desc>Fonte: OSM</desc><type>FIXED</type></wpt>
<wpt lat="-23.532545" lon="-46.632283"><name>Radar 50 km/h</name><desc>Fonte: OSM</desc><type>FIXED</type></wpt>
<wpt lat="-23.532537" lon="-46.632317"><name>Avanço de sinal</name><desc>Fonte: OSM</desc><type>RED_LIGHT</type></wpt>
<wpt lat="-23.532482" lon="-47.503782"><name>Radar 60 km/h</name><desc>Fonte: OSM</desc><type>FIXED</type></wpt>
<wpt lat="-23.532355" lon="-47.450907"><name>Radar 40 km/h</name><desc>Fonte: OSM</desc><type>FIXED</type></wpt>
<wpt lat="-23.532015" lon="-46.658544"><name>Radar 50 km/h</name><desc>Fonte: OSM</desc><type>FIXED</type></wpt>
<wpt lat="-23.531925" lon="-46.626080"><name>Radar 50 km/h</name><desc>Fonte: OSM</desc><type>FIXED</type></wpt>
<wpt lat="-23.531777" lon="-46.801812"><name>Radar 60 km/h</name><desc>Fonte: OSM</desc><type>FIXED</type></wpt>
<wpt lat="-23.531730" lon="-46.193574"><name>Radar 40 km/h</name><desc>Fonte: OSM</desc><type>FIXED</type></wpt>
<wpt lat="-23.531637" lon="-46.193578"><name>Radar 40 km/h</name><desc>Fonte: OSM</desc><type>FIXED</type></wpt>
<wpt lat="-23.531491" lon="-46.789580"><name>Radar 50 km/h</name><desc>Fonte: OSM</desc><type>FIXED</type></wpt>
<wpt lat="-23.531490" lon="-47.489378"><name>Radar 60 km/h</name><desc>Fonte: OSM</desc><type>FIXED</type></wpt>
<wpt lat="-23.531459" lon="-47.489218"><name>Radar 60 km/h</name><desc>Fonte: OSM</desc><type>FIXED</type></wpt>
<wpt lat="-23.531410" lon="-47.630520"><name>Radar 80 km/h</name><desc>Fonte: OSM</desc><type>FIXED</type></wpt>
<wpt lat="-23.531392" lon="-46.533632"><name>Radar 50 km/h</name><desc>Fonte: OSM</desc><type>FIXED</type></wpt>
<wpt lat="-23.531245" lon="-46.520495"><name>Radar 50 km/h</name><desc>Fonte: OSM</desc><type>FIXED</type></wpt>
<wpt lat="-23.531200" lon="-47.630200"><name>Radar</name><desc>Fonte: DER-SP</desc><type>FIXED</type></wpt>
<wpt lat="-23.531187" lon="-46.637516"><name>Radar 40 km/h</name><desc>Fonte: OSM</desc><type>FIXED</type></wpt>
<wpt lat="-23.530891" lon="-46.365910"><name>Radar 40 km/h</name><desc>Fonte: OSM</desc><type>FIXED</type></wpt>
<wpt lat="-23.530720" lon="-46.639186"><name>Radar 40 km/h</name><desc>Fonte: OSM</desc><type>FIXED</type></wpt>
<wpt lat="-23.530604" lon="-46.625722"><name>Radar 50 km/h</name><desc>Fonte: OSM</desc><type>FIXED</type></wpt>
<wpt lat="-23.530601" lon="-46.556577"><name>Radar 40 km/h</name><desc>Fonte: OSM</desc><type>FIXED</type></wpt>
<wpt lat="-23.530490" lon="-45.538480"><name>Radar</name><desc>Fonte: DER-SP</desc><type>FIXED</type></wpt>
<wpt lat="-23.530480" lon="-45.538483"><name>Radar 80 km/h</name><desc>Fonte: OSM</desc><type>FIXED</type></wpt>
<wpt lat="-23.530470" lon="-45.538440"><name>Radar</name><desc>Fonte: DER-SP</desc><type>FIXED</type></wpt>
<wpt lat="-23.530431" lon="-46.518350"><name>Radar 50 km/h</name><desc>Fonte: OSM</desc><type>FIXED</type></wpt>
<wpt lat="-23.530371" lon="-46.447981"><name>Radar 50 km/h</name><desc>Fonte: OSM</desc><type>FIXED</type></wpt>
<wpt lat="-23.530310" lon="-46.448082"><name>Radar 50 km/h</name><desc>Fonte: OSM</desc><type>FIXED</type></wpt>
<wpt lat="-23.530117" lon="-46.594510"><name>Radar 60 km/h</name><desc>Fonte: OSM</desc><type>FIXED</type></wpt>
<wpt lat="-23.530000" lon="-47.230278"><name>Radar</name><desc>Fonte: DER-SP</desc><type>FIXED</type></wpt>
<wpt lat="-23.529659" lon="-46.667990"><name>Radar 50 km/h</name><desc>Fonte: OSM</desc><type>FIXED</type></wpt>
<wpt lat="-23.529655" lon="-46.667765"><name>Radar 50 km/h</name><desc>Fonte: OSM</desc><type>FIXED</type></wpt>
<wpt lat="-23.529456" lon="-47.727884"><name>Radar</name><desc>Fonte: DER-SP</desc><type>FIXED</type></wpt>
<wpt lat="-23.529449" lon="-47.489701"><name>Radar 60 km/h</name><desc>Fonte: OSM</desc><type>FIXED</type></wpt>
<wpt lat="-23.529358" lon="-47.727958"><name>Radar 60 km/h</name><desc>Fonte: OSM</desc><type>FIXED</type></wpt>
<wpt lat="-23.529343" lon="-46.738796"><name>Radar 50 km/h</name><desc>Fonte: OSM</desc><type>FIXED</type></wpt>
<wpt lat="-23.529005" lon="-47.489959"><name>Radar 60 km/h</name><desc>Fonte: OSM</desc><type>FIXED</type></wpt>
<wpt lat="-23.528986" lon="-46.456947"><name>Radar 50 km/h</name><desc>Fonte: OSM</desc><type>FIXED</type></wpt>
<wpt lat="-23.528723" lon="-46.725101"><name>Radar 40 km/h</name><desc>Fonte: OSM</desc><type>FIXED</type></wpt>
<wpt lat="-23.528676" lon="-46.594894"><name>Radar 90 km/h</name><desc>Fonte: OSM</desc><type>FIXED</type></wpt>
<wpt lat="-23.528390" lon="-46.595254"><name>Radar</name><desc>Fonte: OSM</desc><type>FIXED</type></wpt>
<wpt lat="-23.528196" lon="-46.474198"><name>Radar 40 km/h</name><desc>Fonte: OSM</desc><type>FIXED</type></wpt>
<wpt lat="-23.528178" lon="-46.474344"><name>Radar 40 km/h</name><desc>Fonte: OSM</desc><type>FIXED</type></wpt>
<wpt lat="-23.528171" lon="-46.691594"><name>Radar 40 km/h</name><desc>Fonte: OSM</desc><type>FIXED</type></wpt>
<wpt lat="-23.528063" lon="-46.733537"><name>Radar 40 km/h</name><desc>Fonte: OSM</desc><type>FIXED</type></wpt>
<wpt lat="-23.528027" lon="-46.551870"><name>Radar 40 km/h</name><desc>Fonte: OSM</desc><type>FIXED</type></wpt>
<wpt lat="-23.528007" lon="-46.700769"><name>Radar 40 km/h</name><desc>Fonte: OSM</desc><type>FIXED</type></wpt>
<wpt lat="-23.527995" lon="-46.733710"><name>Radar 40 km/h</name><desc>Fonte: OSM</desc><type>FIXED</type></wpt>
<wpt lat="-23.527490" lon="-46.501098"><name>Radar 40 km/h</name><desc>Fonte: OSM</desc><type>FIXED</type></wpt>
<wpt lat="-23.527483" lon="-47.465230"><name>Radar 60 km/h</name><desc>Fonte: OSM</desc><type>FIXED</type></wpt>
<wpt lat="-23.527375" lon="-46.625370"><name>Radar 50 km/h</name><desc>Fonte: OSM</desc><type>FIXED</type></wpt>
<wpt lat="-23.527285" lon="-47.500437"><name>Radar 60 km/h</name><desc>Fonte: OSM</desc><type>FIXED</type></wpt>
<wpt lat="-23.527237" lon="-47.452617"><name>Radar 90 km/h</name><desc>Fonte: OSM</desc><type>FIXED</type></wpt>
<wpt lat="-23.527184" lon="-47.452142"><name>Radar</name><desc>Fonte: DER-SP</desc><type>FIXED</type></wpt>
<wpt lat="-23.527159" lon="-46.564844"><name>Radar 60 km/h</name><desc>Fonte: OSM</desc><type>FIXED</type></wpt>
<wpt lat="-23.527045" lon="-46.791639"><name>Radar 50 km/h</name><desc>Fonte: OSM</desc><type>FIXED</type></wpt>
<wpt lat="-23.527013" lon="-46.682778"><name>Radar 50 km/h</name><desc>Fonte: OSM</desc><type>FIXED</type></wpt>
<wpt lat="-23.527003" lon="-46.682634"><name>Radar 50 km/h</name><desc>Fonte: OSM</desc><type>FIXED</type></wpt>
<wpt lat="-23.527000" lon="-46.598853"><name>Radar 70 km/h</name><desc>Fonte: OSM</desc><type>FIXED</type></wpt>
<wpt lat="-23.526907" lon="-46.599167"><name>Radar 60 km/h</name><desc>Fonte: OSM</desc><type>FIXED</type></wpt>
<wpt lat="-23.526906" lon="-46.598715"><name>Radar 90 km/h</name><desc>Fonte: OSM</desc><type>FIXED</type></wpt>
<wpt lat="-23.526897" lon="-45.822215"><name>Radar</name><desc>Fonte: DER-SP</desc><type>FIXED</type></wpt>
<wpt lat="-23.526858" lon="-46.595684"><name>Radar 70 km/h</name><desc>Fonte: OSM</desc><type>FIXED</type></wpt>
<wpt lat="-23.526787" lon="-46.222929"><name>Radar 60 km/h</name><desc>Fonte: OSM</desc><type>FIXED</type></wpt>
<wpt lat="-23.526756" lon="-46.595633"><name>Radar 60 km/h</name><desc>Fonte: OSM</desc><type>FIXED</type></wpt>
<wpt lat="-23.526740" lon="-46.570902"><name>Radar 90 km/h</name><desc>Fonte: OSM</desc><type>FIXED</type></wpt>
<wpt lat="-23.526650" lon="-47.440863"><name>Radar</name><desc>Fonte: OSM</desc><type>FIXED</type></wpt>
<wpt lat="-23.526648" lon="-46.595643"><name>Radar 60 km/h</name><desc>Fonte: OSM</desc><type>FIXED</type></wpt>
<wpt lat="-23.526615" lon="-47.440734"><name>Radar</name><desc>Fonte: OSM</desc><type>FIXED</type></wpt>
<wpt lat="-23.526597" lon="-46.222934"><name>Radar 60 km/h</name><desc>Fonte: OSM</desc><type>FIXED</type></wpt>
<wpt lat="-23.526524" lon="-46.682132"><name>Radar 50 km/h</name><desc>Fonte: OSM</desc><type>FIXED</type></wpt>
<wpt lat="-23.526353" lon="-46.630960"><name>Radar 50 km/h</name><desc>Fonte: OSM</desc><type>FIXED</type></wpt>
<wpt lat="-23.526335" lon="-46.631020"><name>Radar 50 km/h</name><desc>Fonte: OSM</desc><type>FIXED</type></wpt>
<wpt lat="-23.526135" lon="-46.676688"><name>Radar 50 km/h</name><desc>Fonte: OSM</desc><type>FIXED</type></wpt>
<wpt lat="-23.526045" lon="-46.676421"><name>Radar 50 km/h</name><desc>Fonte: OSM</desc><type>FIXED</type></wpt>
<wpt lat="-23.526012" lon="-46.773583"><name>Radar 60 km/h</name><desc>Fonte: OSM</desc><type>FIXED</type></wpt>
<wpt lat="-23.525935" lon="-46.773885"><name>Radar 60 km/h</name><desc>Fonte: OSM</desc><type>FIXED</type></wpt>
<wpt lat="-23.525777" lon="-46.631174"><name>Radar 50 km/h</name><desc>Fonte: OSM</desc><type>FIXED</type></wpt>
<wpt lat="-23.525768" lon="-46.631275"><name>Radar 50 km/h</name><desc>Fonte: OSM</desc><type>FIXED</type></wpt>
<wpt lat="-23.525699" lon="-46.706896"><name>Radar 40 km/h</name><desc>Fonte: OSM</desc><type>FIXED</type></wpt>
<wpt lat="-23.525615" lon="-46.905715"><name>Radar</name><desc>Fonte: DER-SP</desc><type>FIXED</type></wpt>
<wpt lat="-23.525592" lon="-46.801486"><name>Radar 50 km/h</name><desc>Fonte: OSM</desc><type>FIXED</type></wpt>
<wpt lat="-23.525313" lon="-46.614318"><name>Radar 40 km/h</name><desc>Fonte: OSM</desc><type>FIXED</type></wpt>
<wpt lat="-23.525240" lon="-46.435543"><name>Radar 50 km/h</name><desc>Fonte: OSM</desc><type>FIXED</type></wpt>
<wpt lat="-23.524975" lon="-46.691663"><name>Radar 50 km/h</name><desc>Fonte: OSM</desc><type>FIXED</type></wpt>
<wpt lat="-23.524934" lon="-46.698257"><name>Radar 50 km/h</name><desc>Fonte: OSM</desc><type>FIXED</type></wpt>
<wpt lat="-23.524913" lon="-46.435384"><name>Radar 50 km/h</name><desc>Fonte: OSM</desc><type>FIXED</type></wpt>
<wpt lat="-23.524869" lon="-46.802759"><name>Radar 50 km/h</name><desc>Fonte: OSM</desc><type>FIXED</type></wpt>
<wpt lat="-23.524624" lon="-46.707384"><name>Radar 50 km/h</name><desc>Fonte: OSM</desc><type>FIXED</type></wpt>
<wpt lat="-23.524584" lon="-46.811911"><name>Radar 50 km/h</name><desc>Fonte: OSM</desc><type>FIXED</type></wpt>
<wpt lat="-23.524560" lon="-47.464911"><name>Radar 60 km/h</name><desc>Fonte: OSM</desc><type>FIXED</type></wpt>
<wpt lat="-23.524444" lon="-46.630462"><name>Avanço de sinal 50 km/h</name><desc>Fonte: OSM</desc><type>RED_LIGHT</type></wpt>
<wpt lat="-23.524304" lon="-46.683719"><name>Radar 50 km/h</name><desc>Fonte: OSM</desc><type>FIXED</type></wpt>
<wpt lat="-23.524076" lon="-46.415734"><name>Radar 40 km/h</name><desc>Fonte: OSM</desc><type>FIXED</type></wpt>
<wpt lat="-23.523934" lon="-46.701904"><name>Radar 40 km/h</name><desc>Fonte: OSM</desc><type>FIXED</type></wpt>
<wpt lat="-23.523820" lon="-47.498281"><name>Radar 50 km/h</name><desc>Fonte: OSM</desc><type>FIXED</type></wpt>
<wpt lat="-23.523567" lon="-46.605145"><name>Radar 60 km/h</name><desc>Fonte: OSM</desc><type>FIXED</type></wpt>
<wpt lat="-23.523565" lon="-46.325223"><name>Radar 60 km/h</name><desc>Fonte: OSM</desc><type>FIXED</type></wpt>
<wpt lat="-23.523503" lon="-46.325164"><name>Radar 60 km/h</name><desc>Fonte: OSM</desc><type>FIXED</type></wpt>
<wpt lat="-23.523409" lon="-46.611488"><name>Radar 90 km/h</name><desc>Fonte: OSM</desc><type>FIXED</type></wpt>
<wpt lat="-23.523321" lon="-46.777219"><name>Radar 60 km/h</name><desc>Fonte: OSM</desc><type>FIXED</type></wpt>
<wpt lat="-23.523314" lon="-46.565030"><name>Radar 90 km/h</name><desc>Fonte: OSM</desc><type>FIXED</type></wpt>
<wpt lat="-23.523306" lon="-46.650344"><name>Avanço de sinal</name><desc>Fonte: OSM</desc><type>RED_LIGHT</type></wpt>
<wpt lat="-23.523294" lon="-46.650350"><name>Radar 50 km/h</name><desc>Fonte: OSM</desc><type>FIXED</type></wpt>
<wpt lat="-23.523151" lon="-46.687350"><name>Radar 50 km/h</name><desc>Fonte: OSM</desc><type>FIXED</type></wpt>
<wpt lat="-23.523102" lon="-46.650997"><name>Radar 50 km/h</name><desc>Fonte: OSM</desc><type>FIXED</type></wpt>
<wpt lat="-23.523101" lon="-46.650931"><name>Avanço de sinal</name><desc>Fonte: OSM</desc><type>RED_LIGHT</type></wpt>
<wpt lat="-23.523024" lon="-46.565043"><name>Radar 60 km/h</name><desc>Fonte: OSM</desc><type>FIXED</type></wpt>
<wpt lat="-23.523019" lon="-46.456796"><name>Radar 50 km/h</name><desc>Fonte: OSM</desc><type>FIXED</type></wpt>
<wpt lat="-23.522891" lon="-46.625479"><name>Radar</name><desc>Fonte: OSM</desc><type>FIXED</type></wpt>
<wpt lat="-23.522869" lon="-46.659488"><name>Radar 50 km/h</name><desc>Fonte: OSM</desc><type>FIXED</type></wpt>
<wpt lat="-23.522765" lon="-46.658363"><name>Radar 50 km/h</name><desc>Fonte: OSM</desc><type>FIXED</type></wpt>
<wpt lat="-23.522272" lon="-46.540220"><name>Radar 40 km/h</name><desc>Fonte: OSM</desc><type>FIXED</type></wpt>
<wpt lat="-23.522214" lon="-46.740847"><name>Radar 50 km/h</name><desc>Fonte: OSM</desc><type>FIXED</type></wpt>
<wpt lat="-23.522213" lon="-46.540240"><name>Radar 40 km/h</name><desc>Fonte: OSM</desc><type>FIXED</type></wpt>
<wpt lat="-23.522119" lon="-46.827068"><name>Radar 50 km/h</name><desc>Fonte: OSM</desc><type>FIXED</type></wpt>
<wpt lat="-23.522119" lon="-46.826543"><name>Radar 50 km/h</name><desc>Fonte: OSM</desc><type>FIXED</type></wpt>
<wpt lat="-23.522030" lon="-46.664038"><name>Radar 50 km/h</name><desc>Fonte: OSM</desc><type>FIXED</type></wpt>
<wpt lat="-23.522022" lon="-46.651312"><name>Radar 50 km/h</name><desc>Fonte: OSM</desc><type>FIXED</type></wpt>
<wpt lat="-23.521976" lon="-46.526840"><name>Radar 50 km/h</name><desc>Fonte: OSM</desc><type>FIXED</type></wpt>
<wpt lat="-23.521829" lon="-46.668089"><name>Radar 50 km/h</name><desc>Fonte: OSM</desc><type>FIXED</type></wpt>
<wpt lat="-23.521467" lon="-46.525717"><name>Radar 50 km/h</name><desc>Fonte: OSM</desc><type>FIXED</type></wpt>
<wpt lat="-23.521424" lon="-46.195994"><name>Radar 40 km/h</name><desc>Fonte: OSM</desc><type>FIXED</type></wpt>
<wpt lat="-23.521356" lon="-46.784045"><name>Radar 60 km/h</name><desc>Fonte: OSM</desc><type>FIXED</type></wpt>
<wpt lat="-23.521120" lon="-46.829416"><name>Radar 50 km/h</name><desc>Fonte: OSM</desc><type>FIXED</type></wpt>
<wpt lat="-23.521040" lon="-46.932847"><name>Radar 60 km/h</name><desc>Fonte: OSM</desc><type>FIXED</type></wpt>
<wpt lat="-23.520820" lon="-46.613647"><name>Radar 90 km/h</name><desc>Fonte: OSM</desc><type>FIXED</type></wpt>
<wpt lat="-23.520791" lon="-46.679181"><name>Radar 50 km/h</name><desc>Fonte: OSM</desc><type>FIXED</type></wpt>
<wpt lat="-23.520779" lon="-46.679321"><name>Radar 50 km/h</name><desc>Fonte: OSM</desc><type>FIXED</type></wpt>
<wpt lat="-23.520712" lon="-46.613560"><name>Radar 70 km/h</name><desc>Fonte: OSM</desc><type>FIXED</type></wpt>
<wpt lat="-23.520629" lon="-46.197192"><name>Radar 40 km/h</name><desc>Fonte: OSM</desc><type>FIXED</type></wpt>
<wpt lat="-23.520605" lon="-46.506359"><name>Radar 50 km/h</name><desc>Fonte: OSM</desc><type>FIXED</type></wpt>
<wpt lat="-23.520598" lon="-47.482234"><name>Radar 50 km/h</name><desc>Fonte: OSM</desc><type>FIXED</type></wpt>
<wpt lat="-23.520597" lon="-46.613468"><name>Radar 60 km/h</name><desc>Fonte: OSM</desc><type>FIXED</type></wpt>
<wpt lat="-23.520494" lon="-47.490940"><name>Radar 60 km/h</name><desc>Fonte: OSM</desc><type>FIXED</type></wpt>
<wpt lat="-23.520482" lon="-46.777913"><name>Radar</name><desc>Fonte: DER-SP</desc><type>FIXED</type></wpt>
<wpt lat="-23.520251" lon="-46.744829"><name>Radar 40 km/h</name><desc>Fonte: OSM</desc><type>FIXED</type></wpt>
<wpt lat="-23.519713" lon="-46.828952"><name>Radar 40 km/h</name><desc>Fonte: OSM</desc><type>FIXED</type></wpt>
<wpt lat="-23.519651" lon="-46.723131"><name>Radar 50 km/h</name><desc>Fonte: OSM</desc><type>FIXED</type></wpt>
<wpt lat="-23.519625" lon="-46.509991"><name>Radar 50 km/h</name><desc>Fonte: OSM</desc><type>FIXED</type></wpt>
<wpt lat="-23.519565" lon="-46.723079"><name>Radar 50 km/h</name><desc>Fonte: OSM</desc><type>FIXED</type></wpt>
<wpt lat="-23.519546" lon="-46.667304"><name>Radar 50 km/h</name><desc>Fonte: OSM</desc><type>FIXED</type></wpt>
<wpt lat="-23.519508" lon="-46.554998"><name>Radar 60 km/h</name><desc>Fonte: OSM</desc><type>FIXED</type></wpt>
<wpt lat="-23.519447" lon="-46.788322"><name>Radar 50 km/h</name><desc>Fonte: OSM</desc><type>FIXED</type></wpt>
<wpt lat="-23.519384" lon="-46.674855"><name>Radar 50 km/h</name><desc>Fonte: OSM</desc><type>FIXED</type></wpt>
<wpt lat="-23.519335" lon="-46.674477"><name>Radar 50 km/h</name><desc>Fonte: OSM</desc><type>FIXED</type></wpt>
<wpt lat="-23.519293" lon="-46.636777"><name>Radar 70 km/h</name><desc>Fonte: OSM</desc><type>FIXED</type></wpt>
<wpt lat="-23.519279" lon="-46.555197"><name>Radar 90 km/h</name><desc>Fonte: OSM</desc><type>FIXED</type></wpt>
<wpt lat="-23.519245" lon="-46.709626"><name>Radar 40 km/h</name><desc>Fonte: OSM</desc><type>FIXED</type></wpt>
<wpt lat="-23.519158" lon="-46.560723"><name>Radar 50 km/h</name><desc>Fonte: OSM</desc><type>FIXED</type></wpt>
<wpt lat="-23.519133" lon="-46.560738"><name>Avanço de sinal</name><desc>Fonte: OSM</desc><type>RED_LIGHT</type></wpt>
<wpt lat="-23.519104" lon="-46.475871"><name>Radar 50 km/h</name><desc>Fonte: OSM</desc><type>FIXED</type></wpt>
<wpt lat="-23.519091" lon="-46.560954"><name>Avanço de sinal</name><desc>Fonte: OSM</desc><type>RED_LIGHT</type></wpt>
<wpt lat="-23.519063" lon="-46.560970"><name>Radar 50 km/h</name><desc>Fonte: OSM</desc><type>FIXED</type></wpt>
<wpt lat="-23.519028" lon="-45.202610"><name>Radar</name><desc>Fonte: OSM</desc><type>FIXED</type></wpt>
<wpt lat="-23.518989" lon="-46.747114"><name>Radar 60 km/h</name><desc>Fonte: OSM</desc><type>FIXED</type></wpt>
<wpt lat="-23.518835" lon="-45.544695"><name>Radar</name><desc>Fonte: DER-SP</desc><type>FIXED</type></wpt>
<wpt lat="-23.518827" lon="-45.202088"><name>Radar</name><desc>Fonte: DER-SP</desc><type>FIXED</type></wpt>
<wpt lat="-23.518731" lon="-46.945057"><name>Radar</name><desc>Fonte: DER-SP</desc><type>FIXED</type></wpt>
<wpt lat="-23.518721" lon="-46.944842"><name>Radar 100 km/h</name><desc>Fonte: OSM</desc><type>FIXED</type></wpt>
<wpt lat="-23.518578" lon="-46.736007"><name>Radar 60 km/h</name><desc>Fonte: OSM</desc><type>FIXED</type></wpt>
<wpt lat="-23.518480" lon="-46.736004"><name>Radar 70 km/h</name><desc>Fonte: OSM</desc><type>FIXED</type></wpt>
<wpt lat="-23.518470" lon="-46.474786"><name>Radar 50 km/h</name><desc>Fonte: OSM</desc><type>FIXED</type></wpt>
<wpt lat="-23.518436" lon="-46.523521"><name>Radar 50 km/h</name><desc>Fonte: OSM</desc><type>FIXED</type></wpt>
<wpt lat="-23.518368" lon="-46.777156"><name>Radar</name><desc>Fonte: DER-SP</desc><type>FIXED</type></wpt>
<wpt lat="-23.518345" lon="-46.589607"><name>Radar 50 km/h</name><desc>Fonte: OSM</desc><type>FIXED</type></wpt>
<wpt lat="-23.518298" lon="-46.629593"><name>Radar 50 km/h</name><desc>Fonte: OSM</desc><type>FIXED</type></wpt>
<wpt lat="-23.518284" lon="-46.646759"><name>Radar 90 km/h</name><desc>Fonte: OSM</desc><type>FIXED</type></wpt>
<wpt lat="-23.518231" lon="-46.736179"><name>Radar 90 km/h</name><desc>Fonte: OSM</desc><type>FIXED</type></wpt>
<wpt lat="-23.518162" lon="-46.589657"><name>Radar 50 km/h</name><desc>Fonte: OSM</desc><type>FIXED</type></wpt>
<wpt lat="-23.518039" lon="-46.650640"><name>Radar 60 km/h</name><desc>Fonte: OSM</desc><type>FIXED</type></wpt>
<wpt lat="-23.517539" lon="-46.479922"><name>Radar 50 km/h</name><desc>Fonte: OSM</desc><type>FIXED</type></wpt>
<wpt lat="-23.517424" lon="-46.814270"><name>Radar</name><desc>Fonte: DER-SP</desc><type>FIXED</type></wpt>
<wpt lat="-23.517395" lon="-46.645857"><name>Radar 90 km/h</name><desc>Fonte: OSM</desc><type>FIXED</type></wpt>
<wpt lat="-23.517246" lon="-46.736367"><name>Radar</name><desc>Fonte: OSM</desc><type>FIXED</type></wpt>
<wpt lat="-23.517245" lon="-46.845911"><name>Radar 50 km/h</name><desc>Fonte: OSM</desc><type>FIXED</type></wpt>
<wpt lat="-23.517225" lon="-46.645688"><name>Radar 70 km/h</name><desc>Fonte: OSM</desc><type>FIXED</type></wpt>
<wpt lat="-23.517156" lon="-46.845946"><name>Radar 50 km/h</name><desc>Fonte: OSM</desc><type>FIXED</type></wpt>
<wpt lat="-23.516980" lon="-46.959774"><name>Radar</name><desc>Fonte: DER-SP</desc><type>FIXED</type></wpt>
<wpt lat="-23.516966" lon="-46.959678"><name>Radar 120 km/h</name><desc>Fonte: OSM</desc><type>FIXED</type></wpt>
<wpt lat="-23.516879" lon="-46.584508"><name>Radar 50 km/h</name><desc>Fonte: OSM</desc><type>FIXED</type></wpt>
<wpt lat="-23.516878" lon="-46.647602"><name>Radar 60 km/h</name><desc>Fonte: OSM</desc><type>FIXED</type></wpt>
<wpt lat="-23.516845" lon="-46.939594"><name>Radar</name><desc>Fonte: DER-SP</desc><type>FIXED</type></wpt>
<wpt lat="-23.516842" lon="-46.732200"><name>Radar 60 km/h</name><desc>Fonte: OSM</desc><type>FIXED</type></wpt>
<wpt lat="-23.516768" lon="-46.959805"><name>Radar</name><desc>Fonte: DER-SP</desc><type>FIXED</type></wpt>
<wpt lat="-23.516654" lon="-46.960272"><name>Radar</name><desc>Fonte: DER-SP</desc><type>FIXED</type></wpt>
<wpt lat="-23.516607" lon="-46.654163"><name>Radar</name><desc>Fonte: OSM</desc><type>FIXED</type></wpt>
<wpt lat="-23.515917" lon="-46.687396"><name>Radar 50 km/h</name><desc>Fonte: OSM</desc><type>FIXED</type></wpt>
<wpt lat="-23.515835" lon="-46.594972"><name>Radar 50 km/h</name><desc>Fonte: OSM</desc><type>FIXED</type></wpt>
<wpt lat="-23.515647" lon="-46.644684"><name>Radar 40 km/h</name><desc>Fonte: OSM</desc><type>FIXED</type></wpt>
<wpt lat="-23.515635" lon="-46.687807"><name>Radar 50 km/h</name><desc>Fonte: OSM</desc><type>FIXED</type></wpt>
<wpt lat="-23.515619" lon="-46.476589"><name>Radar 50 km/h</name><desc>Fonte: OSM</desc><type>FIXED</type></wpt>
<wpt lat="-23.515550" lon="-46.647257"><name>Radar 40 km/h</name><desc>Fonte: OSM</desc><type>FIXED</type></wpt>
<wpt lat="-23.515504" lon="-46.595195"><name>Radar 50 km/h</name><desc>Fonte: OSM</desc><type>FIXED</type></wpt>
<wpt lat="-23.515493" lon="-47.315959"><name>Radar</name><desc>Fonte: DER-SP</desc><type>FIXED</type></wpt>
<wpt lat="-23.515429" lon="-46.835868"><name>Radar 50 km/h</name><desc>Fonte: OSM</desc><type>FIXED</type></wpt>
<wpt lat="-23.515410" lon="-46.695772"><name>Radar 50 km/h</name><desc>Fonte: OSM</desc><type>FIXED</type></wpt>
<wpt lat="-23.515368" lon="-46.661626"><name>Radar 90 km/h</name><desc>Fonte: OSM</desc><type>FIXED</type></wpt>
<wpt lat="-23.515348" lon="-47.315804"><name>Radar</name><desc>Fonte: OSM</desc><type>FIXED</type></wpt>
<wpt lat="-23.515263" lon="-46.624989"><name>Radar 50 km/h</name><desc>Fonte: OSM</desc><type>FIXED</type></wpt>
<wpt lat="-23.515253" lon="-46.625242"><name>Radar 50 km/h</name><desc>Fonte: OSM</desc><type>FIXED</type></wpt>
<wpt lat="-23.515249" lon="-46.694753"><name>Radar 50 km/h</name><desc>Fonte: OSM</desc><type>FIXED</type></wpt>
<wpt lat="-23.515166" lon="-46.926245"><name>Radar</name><desc>Fonte: DER-SP</desc><type>FIXED</type></wpt>
<wpt lat="-23.515083" lon="-46.661834"><name>Radar 70 km/h</name><desc>Fonte: OSM</desc><type>FIXED</type></wpt>
<wpt lat="-23.515051" lon="-46.532232"><name>Radar 50 km/h</name><desc>Fonte: OSM</desc><type>FIXED</type></wpt>
<wpt lat="-23.514993" lon="-47.579115"><name>Radar 110 km/h</name><desc>Fonte: OSM</desc><type>FIXED</type></wpt>
<wpt lat="-23.514949" lon="-46.498314"><name>Radar 50 km/h</name><desc>Fonte: OSM</desc><type>FIXED</type></wpt>
<wpt lat="-23.514871" lon="-46.661805"><name>Radar 60 km/h</name><desc>Fonte: OSM</desc><type>FIXED</type></wpt>
<wpt lat="-23.514845" lon="-46.676969"><name>Radar 60 km/h</name><desc>Fonte: OSM</desc><type>FIXED</type></wpt>
<wpt lat="-23.514636" lon="-46.519784"><name>Radar 50 km/h</name><desc>Fonte: OSM</desc><type>FIXED</type></wpt>
<wpt lat="-23.514596" lon="-46.677242"><name>Radar 70 km/h</name><desc>Fonte: OSM</desc><type>FIXED</type></wpt>
<wpt lat="-23.514538" lon="-47.496976"><name>Radar 50 km/h</name><desc>Fonte: OSM</desc><type>FIXED</type></wpt>
<wpt lat="-23.514395" lon="-46.535220"><name>Radar 50 km/h</name><desc>Fonte: OSM</desc><type>FIXED</type></wpt>
<wpt lat="-23.514356" lon="-46.677588"><name>Radar 90 km/h</name><desc>Fonte: OSM</desc><type>FIXED</type></wpt>
<wpt lat="-23.514350" lon="-46.788160"><name>Radar 50 km/h</name><desc>Fonte: OSM</desc><type>FIXED</type></wpt>
<wpt lat="-23.514276" lon="-46.788421"><name>Radar 60 km/h</name><desc>Fonte: OSM</desc><type>FIXED</type></wpt>
<wpt lat="-23.514166" lon="-46.654515"><name>Radar 50 km/h</name><desc>Fonte: OSM</desc><type>FIXED</type></wpt>
<wpt lat="-23.514151" lon="-47.493239"><name>Radar 60 km/h</name><desc>Fonte: OSM</desc><type>FIXED</type></wpt>
<wpt lat="-23.514129" lon="-46.833121"><name>Radar 50 km/h</name><desc>Fonte: OSM</desc><type>FIXED</type></wpt>
<wpt lat="-23.514115" lon="-46.494286"><name>Radar 50 km/h</name><desc>Fonte: OSM</desc><type>FIXED</type></wpt>
<wpt lat="-23.513859" lon="-46.671099"><name>Radar 70 km/h</name><desc>Fonte: OSM</desc><type>FIXED</type></wpt>
<wpt lat="-23.513691" lon="-46.671067"><name>Radar 60 km/h</name><desc>Fonte: OSM</desc><type>FIXED</type></wpt>
<wpt lat="-23.513676" lon="-46.674810"><name>Radar 90 km/h</name><desc>Fonte: OSM</desc><type>FIXED</type></wpt>
<wpt lat="-23.513611" lon="-46.675320"><name>Radar</name><desc>Fonte: OSM</desc><type>FIXED</type></wpt>
<wpt lat="-23.513457" lon="-46.425976"><name>Radar 50 km/h</name><desc>Fonte: OSM</desc><type>FIXED</type></wpt>
<wpt lat="-23.513335" lon="-47.496649"><name>Radar 50 km/h</name><desc>Fonte: OSM</desc><type>FIXED</type></wpt>
<wpt lat="-23.513234" lon="-46.525897"><name>Radar 50 km/h</name><desc>Fonte: OSM</desc><type>FIXED</type></wpt>
<wpt lat="-23.513191" lon="-46.722253"><name>Radar 60 km/h</name><desc>Fonte: OSM</desc><type>FIXED</type></wpt>
<wpt lat="-23.513166" lon="-46.426614"><name>Radar 50 km/h</name><desc>Fonte: OSM</desc><type>FIXED</type></wpt>
<wpt lat="-23.513103" lon="-46.675792"><name>Radar 60 km/h</name><desc>Fonte: OSM</desc><type>FIXED</type></wpt>
<wpt lat="-23.513008" lon="-46.724615"><name>Radar 90 km/h</name><desc>Fonte: OSM</desc><type>FIXED</type></wpt>
<wpt lat="-23.512851" lon="-47.516473"><name>Radar 50 km/h</name><desc>Fonte: OSM</desc><type>FIXED</type></wpt>
<wpt lat="-23.512633" lon="-47.495000"><name>Radar</name><desc>Fonte: OSM</desc><type>FIXED</type></wpt>
<wpt lat="-23.511834" lon="-46.606077"><name>Radar 50 km/h</name><desc>Fonte: OSM</desc><type>FIXED</type></wpt>
<wpt lat="-23.511492" lon="-47.498807"><name>Radar 50 km/h</name><desc>Fonte: OSM</desc><type>FIXED</type></wpt>
<wpt lat="-23.511448" lon="-47.488866"><name>Radar 60 km/h</name><desc>Fonte: OSM</desc><type>FIXED</type></wpt>
<wpt lat="-23.511418" lon="-47.333531"><name>Radar</name><desc>Fonte: DER-SP</desc><type>FIXED</type></wpt>
<wpt lat="-23.511252" lon="-46.705543"><name>Radar 50 km/h</name><desc>Fonte: OSM</desc><type>FIXED</type></wpt>
<wpt lat="-23.511244" lon="-46.705362"><name>Radar 50 km/h</name><desc>Fonte: OSM</desc><type>FIXED</type></wpt>
<wpt lat="-23.511062" lon="-46.329838"><name>Radar 50 km/h</name><desc>Fonte: OSM</desc><type>FIXED</type></wpt>
<wpt lat="-23.511020" lon="-46.606013"><name>Radar 50 km/h</name><desc>Fonte: OSM</desc><type>FIXED</type></wpt>
<wpt lat="-23.510957" lon="-47.517842"><name>Radar 50 km/h</name><desc>Fonte: OSM</desc><type>FIXED</type></wpt>
<wpt lat="-23.510890" lon="-47.548427"><name>Radar 110 km/h</name><desc>Fonte: OSM</desc><type>FIXED</type></wpt>
<wpt lat="-23.510867" lon="-46.913754"><name>Radar</name><desc>Fonte: DER-SP</desc><type>FIXED</type></wpt>
<wpt lat="-23.510836" lon="-47.500074"><name>Radar 50 km/h</name><desc>Fonte: OSM</desc><type>FIXED</type></wpt>
<wpt lat="-23.510821" lon="-46.913674"><name>Radar 100 km/h</name><desc>Fonte: OSM</desc><type>FIXED</type></wpt>
<wpt lat="-23.510738" lon="-47.548616"><name>Radar</name><desc>Fonte: DER-SP</desc><type>FIXED</type></wpt>
<wpt lat="-23.510671" lon="-46.507943"><name>Radar 50 km/h</name><desc>Fonte: OSM</desc><type>FIXED</type></wpt>
<wpt lat="-23.510526" lon="-46.808225"><name>Radar 40 km/h</name><desc>Fonte: OSM</desc><type>FIXED</type></wpt>
<wpt lat="-23.510502" lon="-46.808284"><name>Radar</name><desc>Fonte: DER-SP</desc><type>FIXED</type></wpt>
<wpt lat="-23.510492" lon="-47.420305"><name>Radar</name><desc>Fonte: DER-SP</desc><type>FIXED</type></wpt>
<wpt lat="-23.510448" lon="-46.574169"><name>Radar 110 km/h</name><desc>Fonte: OSM</desc><type>FIXED</type></wpt>
<wpt lat="-23.510387" lon="-46.504419"><name>Radar 50 km/h</name><desc>Fonte: OSM</desc><type>FIXED</type></wpt>
<wpt lat="-23.510327" lon="-46.911675"><name>Radar</name><desc>Fonte: DER-SP</desc><type>FIXED</type></wpt>
<wpt lat="-23.510299" lon="-46.665973"><name>Radar 50 km/h</name><desc>Fonte: OSM</desc><type>FIXED</type></wpt>
<wpt lat="-23.510284" lon="-46.573941"><name>Radar 110 km/h</name><desc>Fonte: ANTT</desc><type>FIXED</type></wpt>
<wpt lat="-23.510206" lon="-46.666092"><name>Radar 50 km/h</name><desc>Fonte: OSM</desc><type>FIXED</type></wpt>
<wpt lat="-23.509657" lon="-46.670767"><name>Avanço de sinal</name><desc>Fonte: OSM</desc><type>RED_LIGHT</type></wpt>
<wpt lat="-23.509650" lon="-46.670670"><name>Radar</name><desc>Fonte: OSM</desc><type>FIXED</type></wpt>
<wpt lat="-23.509622" lon="-46.670765"><name>Radar 50 km/h</name><desc>Fonte: OSM</desc><type>FIXED</type></wpt>
<wpt lat="-23.509501" lon="-46.587606"><name>Radar 40 km/h</name><desc>Fonte: OSM</desc><type>FIXED</type></wpt>
<wpt lat="-23.509423" lon="-46.546652"><name>Radar 50 km/h</name><desc>Fonte: OSM</desc><type>FIXED</type></wpt>
<wpt lat="-23.509357" lon="-46.710904"><name>Radar 60 km/h</name><desc>Fonte: OSM</desc><type>FIXED</type></wpt>
<wpt lat="-23.509354" lon="-46.691598"><name>Radar 70 km/h</name><desc>Fonte: OSM</desc><type>FIXED</type></wpt>
<wpt lat="-23.509351" lon="-46.587551"><name>Radar 40 km/h</name><desc>Fonte: OSM</desc><type>FIXED</type></wpt>
<wpt lat="-23.509285" lon="-46.706777"><name>Radar 90 km/h</name><desc>Fonte: OSM</desc><type>FIXED</type></wpt>
<wpt lat="-23.509259" lon="-46.549628"><name>Radar 50 km/h</name><desc>Fonte: OSM</desc><type>FIXED</type></wpt>
<wpt lat="-23.509190" lon="-46.691534"><name>Radar 90 km/h</name><desc>Fonte: OSM</desc><type>FIXED</type></wpt>
<wpt lat="-23.508330" lon="-46.732628"><name>Radar 50 km/h</name><desc>Fonte: OSM</desc><type>FIXED</type></wpt>
<wpt lat="-23.508184" lon="-46.580499"><name>Radar 40 km/h</name><desc>Fonte: OSM</desc><type>FIXED</type></wpt>
<wpt lat="-23.508139" lon="-46.750759"><name>Radar 40 km/h</name><desc>Fonte: OSM</desc><type>FIXED</type></wpt>
<wpt lat="-23.508139" lon="-46.580541"><name>Radar 40 km/h</name><desc>Fonte: OSM</desc><type>FIXED</type></wpt>
<wpt lat="-23.508071" lon="-46.750655"><name>Radar 40 km/h</name><desc>Fonte: OSM</desc><type>FIXED</type></wpt>
<wpt lat="-23.507609" lon="-46.713729"><name>Radar 70 km/h</name><desc>Fonte: OSM</desc><type>FIXED</type></wpt>
<wpt lat="-23.507566" lon="-46.698693"><name>Radar 90 km/h</name><desc>Fonte: OSM</desc><type>FIXED</type></wpt>
<wpt lat="-23.507546" lon="-46.740361"><name>Radar 50 km/h</name><desc>Fonte: OSM</desc><type>FIXED</type></wpt>
<wpt lat="-23.507412" lon="-46.746290"><name>Radar</name><desc>Fonte: DER-SP</desc><type>FIXED</type></wpt>
<wpt lat="-23.507319" lon="-46.698445"><name>Radar 70 km/h</name><desc>Fonte: OSM</desc><type>FIXED</type></wpt>
<wpt lat="-23.507127" lon="-46.698469"><name>Radar 60 km/h</name><desc>Fonte: OSM</desc><type>FIXED</type></wpt>
<wpt lat="-23.507085" lon="-46.646572"><name>Radar 50 km/h</name><desc>Fonte: OSM</desc><type>FIXED</type></wpt>
<wpt lat="-23.506876" lon="-46.646824"><name>Radar 50 km/h</name><desc>Fonte: OSM</desc><type>FIXED</type></wpt>
<wpt lat="-23.506569" lon="-46.615263"><name>Radar 50 km/h</name><desc>Fonte: OSM</desc><type>FIXED</type></wpt>
<wpt lat="-23.506490" lon="-46.615365"><name>Radar 50 km/h</name><desc>Fonte: OSM</desc><type>FIXED</type></wpt>
<wpt lat="-23.506460" lon="-46.788658"><name>Radar 60 km/h</name><desc>Fonte: OSM</desc><type>FIXED</type></wpt>
<wpt lat="-23.506315" lon="-46.788768"><name>Radar 60 km/h</name><desc>Fonte: OSM</desc><type>FIXED</type></wpt>
<wpt lat="-23.506303" lon="-46.531353"><name>Radar 40 km/h</name><desc>Fonte: OSM</desc><type>FIXED</type></wpt>
<wpt lat="-23.506185" lon="-46.667376"><name>Radar 40 km/h</name><desc>Fonte: OSM</desc><type>FIXED</type></wpt>
<wpt lat="-23.505995" lon="-46.717492"><name>Radar 50 km/h</name><desc>Fonte: OSM</desc><type>FIXED</type></wpt>
<wpt lat="-23.505979" lon="-46.523476"><name>Radar 50 km/h</name><desc>Fonte: OSM</desc><type>FIXED</type></wpt>
<wpt lat="-23.505600" lon="-46.217388"><name>Radar 40 km/h</name><desc>Fonte: OSM</desc><type>FIXED</type></wpt>
<wpt lat="-23.505462" lon="-47.491327"><name>Radar 50 km/h</name><desc>Fonte: OSM</desc><type>FIXED</type></wpt>
<wpt lat="-23.505158" lon="-46.558874"><name>Radar 60 km/h</name><desc>Fonte: OSM</desc><type>FIXED</type></wpt>
<wpt lat="-23.505135" lon="-46.558683"><name>Radar 60 km/h</name><desc>Fonte: OSM</desc><type>FIXED</type></wpt>
<wpt lat="-23.504569" lon="-46.718381"><name>Radar 50 km/h</name><desc>Fonte: OSM</desc><type>FIXED</type></wpt>
<wpt lat="-23.504477" lon="-47.506650"><name>Radar 50 km/h</name><desc>Fonte: OSM</desc><type>FIXED</type></wpt>
<wpt lat="-23.504384" lon="-46.865828"><name>Radar</name><desc>Fonte: DER-SP</desc><type>FIXED</type></wpt>
<wpt lat="-23.504113" lon="-46.551990"><name>Radar 50 km/h</name><desc>Fonte: OSM</desc><type>FIXED</type></wpt>
<wpt lat="-23.504095" lon="-46.554057"><name>Radar 50 km/h</name><desc>Fonte: OSM</desc><type>FIXED</type></wpt>
<wpt lat="-23.503978" lon="-46.631279"><name>Radar 50 km/h</name><desc>Fonte: OSM</desc><type>FIXED</type></wpt>
<wpt lat="-23.503960" lon="-46.624928"><name>Radar 40 km/h</name><desc>Fonte: OSM</desc><type>FIXED</type></wpt>
<wpt lat="-23.503835" lon="-46.630583"><name>Radar 50 km/h</name><desc>Fonte: OSM</desc><type>FIXED</type></wpt>
<wpt lat="-23.503766" lon="-46.222381"><name>Radar 60 km/h</name><desc>Fonte: OSM</desc><type>FIXED</type></wpt>
<wpt lat="-23.503675" lon="-46.603459"><name>Radar 50 km/h</name><desc>Fonte: OSM</desc><type>FIXED</type></wpt>
<wpt lat="-23.503191" lon="-46.619791"><name>Radar 50 km/h</name><desc>Fonte: OSM</desc><type>FIXED</type></wpt>
<wpt lat="-23.503105" lon="-46.609652"><name>Radar 40 km/h</name><desc>Fonte: OSM</desc><type>FIXED</type></wpt>
<wpt lat="-23.502999" lon="-46.666828"><name>Radar 50 km/h</name><desc>Fonte: OSM</desc><type>FIXED</type></wpt>
<wpt lat="-23.502924" lon="-47.452627"><name>Radar 50 km/h</name><desc>Fonte: OSM</desc><type>FIXED</type></wpt>
<wpt lat="-23.502525" lon="-46.618164"><name>Radar 50 km/h</name><desc>Fonte: OSM</desc><type>FIXED</type></wpt>
<wpt lat="-23.502463" lon="-46.458600"><name>Radar 50 km/h</name><desc>Fonte: OSM</desc><type>FIXED</type></wpt>
<wpt lat="-23.502334" lon="-47.627213"><name>Radar 60 km/h</name><desc>Fonte: OSM</desc><type>FIXED</type></wpt>
<wpt lat="-23.502333" lon="-45.669388"><name>Radar 110 km/h</name><desc>Fonte: ANTT</desc><type>FIXED</type></wpt>
<wpt lat="-23.502248" lon="-46.458472"><name>Radar 50 km/h</name><desc>Fonte: OSM</desc><type>FIXED</type></wpt>
<wpt lat="-23.502083" lon="-46.678411"><name>Radar 40 km/h</name><desc>Fonte: OSM</desc><type>FIXED</type></wpt>
<wpt lat="-23.501977" lon="-47.500722"><name>Radar 50 km/h</name><desc>Fonte: OSM</desc><type>FIXED</type></wpt>
<wpt lat="-23.501695" lon="-46.709475"><name>Radar 50 km/h</name><desc>Fonte: OSM</desc><type>FIXED</type></wpt>
<wpt lat="-23.501318" lon="-46.391899"><name>Radar 40 km/h</name><desc>Fonte: OSM</desc><type>FIXED</type></wpt>
<wpt lat="-23.501304" lon="-47.629191"><name>Radar</name><desc>Fonte: DER-SP</desc><type>FIXED</type></wpt>
<wpt lat="-23.501299" lon="-46.391816"><name>Radar 40 km/h</name><desc>Fonte: OSM</desc><type>FIXED</type></wpt>
<wpt lat="-23.501219" lon="-46.637714"><name>Radar 40 km/h</name><desc>Fonte: OSM</desc><type>FIXED</type></wpt>
<wpt lat="-23.501201" lon="-46.538951"><name>Radar 100 km/h</name><desc>Fonte: OSM</desc><type>FIXED</type></wpt>
<wpt lat="-23.500459" lon="-46.752574"><name>Radar 40 km/h</name><desc>Fonte: OSM</desc><type>FIXED</type></wpt>
<wpt lat="-23.500356" lon="-46.706459"><name>Radar 50 km/h</name><desc>Fonte: OSM</desc><type>FIXED</type></wpt>
<wpt lat="-23.500228" lon="-46.629018"><name>Radar 50 km/h</name><desc>Fonte: OSM</desc><type>FIXED</type></wpt>
<wpt lat="-23.500203" lon="-46.630402"><name>Radar 50 km/h</name><desc>Fonte: OSM</desc><type>FIXED</type></wpt>
<wpt lat="-23.500061" lon="-46.622351"><name>Radar 40 km/h</name><desc>Fonte: OSM</desc><type>FIXED</type></wpt>
<wpt lat="-23.500037" lon="-46.524678"><name>Radar 50 km/h</name><desc>Fonte: OSM</desc><type>FIXED</type></wpt>
<wpt lat="-23.499860" lon="-46.608279"><name>Radar 40 km/h</name><desc>Fonte: OSM</desc><type>FIXED</type></wpt>
<wpt lat="-23.499671" lon="-46.523047"><name>Radar 50 km/h</name><desc>Fonte: OSM</desc><type>FIXED</type></wpt>
<wpt lat="-23.499670" lon="-46.598694"><name>Radar 40 km/h</name><desc>Fonte: OSM</desc><type>FIXED</type></wpt>
<wpt lat="-23.499645" lon="-46.598748"><name>Radar 40 km/h</name><desc>Fonte: OSM</desc><type>FIXED</type></wpt>
<wpt lat="-23.499267" lon="-46.587742"><name>Radar 40 km/h</name><desc>Fonte: OSM</desc><type>FIXED</type></wpt>
<wpt lat="-23.499105" lon="-46.487371"><name>Radar</name><desc>Fonte: OSM</desc><type>FIXED</type></wpt>
<wpt lat="-23.499039" lon="-46.685407"><name>Radar 50 km/h</name><desc>Fonte: OSM</desc><type>FIXED</type></wpt>
<wpt lat="-23.498977" lon="-46.587523"><name>Radar 40 km/h</name><desc>Fonte: OSM</desc><type>FIXED</type></wpt>
<wpt lat="-23.498774" lon="-46.685647"><name>Radar 50 km/h</name><desc>Fonte: OSM</desc><type>FIXED</type></wpt>
<wpt lat="-23.498487" lon="-46.625694"><name>Radar 50 km/h</name><desc>Fonte: OSM</desc><type>FIXED</type></wpt>
<wpt lat="-23.498390" lon="-46.607516"><name>Radar 40 km/h</name><desc>Fonte: OSM</desc><type>FIXED</type></wpt>
<wpt lat="-23.498355" lon="-46.607221"><name>Radar 40 km/h</name><desc>Fonte: OSM</desc><type>FIXED</type></wpt>
<wpt lat="-23.497925" lon="-46.615760"><name>Radar 40 km/h</name><desc>Fonte: OSM</desc><type>FIXED</type></wpt>
<wpt lat="-23.497307" lon="-46.612279"><name>Radar 50 km/h</name><desc>Fonte: OSM</desc><type>FIXED</type></wpt>
<wpt lat="-23.497041" lon="-46.612362"><name>Radar 50 km/h</name><desc>Fonte: OSM</desc><type>FIXED</type></wpt>
<wpt lat="-23.497027" lon="-46.630982"><name>Radar 40 km/h</name><desc>Fonte: OSM</desc><type>FIXED</type></wpt>
<wpt lat="-23.496371" lon="-46.507034"><name>Radar 40 km/h</name><desc>Fonte: OSM</desc><type>FIXED</type></wpt>
<wpt lat="-23.496162" lon="-47.641964"><name>Radar</name><desc>Fonte: DER-SP</desc><type>FIXED</type></wpt>
<wpt lat="-23.496100" lon="-47.642720"><name>Radar 60 km/h</name><desc>Fonte: OSM</desc><type>FIXED</type></wpt>
<wpt lat="-23.495915" lon="-46.662026"><name>Radar 50 km/h</name><desc>Fonte: OSM</desc><type>FIXED</type></wpt>
<wpt lat="-23.495898" lon="-46.708101"><name>Radar 50 km/h</name><desc>Fonte: OSM</desc><type>FIXED</type></wpt>
<wpt lat="-23.494985" lon="-46.437495"><name>Radar 40 km/h</name><desc>Fonte: OSM</desc><type>FIXED</type></wpt>
<wpt lat="-23.494962" lon="-46.581111"><name>Radar 40 km/h</name><desc>Fonte: OSM</desc><type>FIXED</type></wpt>
<wpt lat="-23.494927" lon="-46.581620"><name>Radar 40 km/h</name><desc>Fonte: OSM</desc><type>FIXED</type></wpt>
<wpt lat="-23.494742" lon="-46.624559"><name>Radar 50 km/h</name><desc>Fonte: OSM</desc><type>FIXED</type></wpt>
<wpt lat="-23.494735" lon="-47.554532"><name>Radar 30 km/h</name><desc>Fonte: OSM</desc><type>FIXED</type></wpt>
<wpt lat="-23.494645" lon="-46.414065"><name>Radar 50 km/h</name><desc>Fonte: OSM</desc><type>FIXED</type></wpt>
<wpt lat="-23.494638" lon="-47.482637"><name>Radar 50 km/h</name><desc>Fonte: OSM</desc><type>FIXED</type></wpt>
<wpt lat="-23.494493" lon="-47.482985"><name>Radar 50 km/h</name><desc>Fonte: OSM</desc><type>FIXED</type></wpt>
<wpt lat="-23.494352" lon="-47.448155"><name>Radar 70 km/h</name><desc>Fonte: OSM</desc><type>FIXED</type></wpt>
<wpt lat="-23.494090" lon="-47.403288"><name>Radar 70 km/h</name><desc>Fonte: OSM</desc><type>FIXED</type></wpt>
<wpt lat="-23.494079" lon="-46.731067"><name>Radar 40 km/h</name><desc>Fonte: OSM</desc><type>FIXED</type></wpt>
<wpt lat="-23.494044" lon="-46.731003"><name>Radar 40 km/h</name><desc>Fonte: OSM</desc><type>FIXED</type></wpt>
<wpt lat="-23.494005" lon="-46.591829"><name>Radar 40 km/h</name><desc>Fonte: OSM</desc><type>FIXED</type></wpt>
<wpt lat="-23.493862" lon="-47.467892"><name>Radar 50 km/h</name><desc>Fonte: OSM</desc><type>FIXED</type></wpt>
<wpt lat="-23.493838" lon="-46.417279"><name>Radar 40 km/h</name><desc>Fonte: OSM</desc><type>FIXED</type></wpt>
<wpt lat="-23.493750" lon="-47.447386"><name>Radar 70 km/h</name><desc>Fonte: OSM</desc><type>FIXED</type></wpt>
<wpt lat="-23.493740" lon="-46.622979"><name>Radar 40 km/h</name><desc>Fonte: OSM</desc><type>FIXED</type></wpt>
<wpt lat="-23.493594" lon="-46.552641"><name>Radar 90 km/h</name><desc>Fonte: ANTT</desc><type>FIXED</type></wpt>
<wpt lat="-23.493440" lon="-47.409269"><name>Radar 60 km/h</name><desc>Fonte: OSM</desc><type>FIXED</type></wpt>
<wpt lat="-23.493358" lon="-47.409208"><name>Radar 60 km/h</name><desc>Fonte: OSM</desc><type>FIXED</type></wpt>
<wpt lat="-23.493258" lon="-46.551955"><name>Radar 90 km/h</name><desc>Fonte: OSM</desc><type>FIXED</type></wpt>
<wpt lat="-23.492781" lon="-48.176940"><name>Radar</name><desc>Fonte: DER-SP</desc><type>FIXED</type></wpt>
<wpt lat="-23.492242" lon="-46.810824"><name>Radar 100 km/h</name><desc>Fonte: OSM</desc><type>FIXED</type></wpt>
<wpt lat="-23.492035" lon="-47.741543"><name>Radar 60 km/h</name><desc>Fonte: OSM</desc><type>FIXED</type></wpt>
<wpt lat="-23.491831" lon="-46.853123"><name>Radar</name><desc>Fonte: OSM</desc><type>FIXED</type></wpt>
<wpt lat="-23.491724" lon="-47.741465"><name>Radar</name><desc>Fonte: DER-SP</desc><type>FIXED</type></wpt>
<wpt lat="-23.491533" lon="-46.655911"><name>Radar 50 km/h</name><desc>Fonte: OSM</desc><type>FIXED</type></wpt>
<wpt lat="-23.491261" lon="-47.432571"><name>Radar 60 km/h</name><desc>Fonte: OSM</desc><type>FIXED</type></wpt>
<wpt lat="-23.491091" lon="-45.164905"><name>Radar 80 km/h</name><desc>Fonte: OSM</desc><type>FIXED</type></wpt>
<wpt lat="-23.490957" lon="-46.709914"><name>Radar 50 km/h</name><desc>Fonte: OSM</desc><type>FIXED</type></wpt>
<wpt lat="-23.490758" lon="-46.610656"><name>Radar 50 km/h</name><desc>Fonte: OSM</desc><type>FIXED</type></wpt>
<wpt lat="-23.490733" lon="-46.610453"><name>Radar 50 km/h</name><desc>Fonte: OSM</desc><type>FIXED</type></wpt>
<wpt lat="-23.490622" lon="-46.750563"><name>Radar 50 km/h</name><desc>Fonte: OSM</desc><type>FIXED</type></wpt>
<wpt lat="-23.490613" lon="-46.753113"><name>Radar 40 km/h</name><desc>Fonte: OSM</desc><type>FIXED</type></wpt>
<wpt lat="-23.490412" lon="-46.463259"><name>Radar 50 km/h</name><desc>Fonte: OSM</desc><type>FIXED</type></wpt>
<wpt lat="-23.490039" lon="-46.463383"><name>Radar 50 km/h</name><desc>Fonte: OSM</desc><type>FIXED</type></wpt>
<wpt lat="-23.489585" lon="-46.717285"><name>Radar 50 km/h</name><desc>Fonte: OSM</desc><type>FIXED</type></wpt>
<wpt lat="-23.489229" lon="-47.421453"><name>Radar 70 km/h</name><desc>Fonte: OSM</desc><type>FIXED</type></wpt>
<wpt lat="-23.489067" lon="-47.421343"><name>Radar 70 km/h</name><desc>Fonte: OSM</desc><type>FIXED</type></wpt>
<wpt lat="-23.488975" lon="-46.364207"><name>Radar</name><desc>Fonte: OSM</desc><type>FIXED</type></wpt>
<wpt lat="-23.488763" lon="-46.881513"><name>Radar 60 km/h</name><desc>Fonte: OSM</desc><type>FIXED</type></wpt>
<wpt lat="-23.488544" lon="-45.574647"><name>Radar 80 km/h</name><desc>Fonte: OSM</desc><type>FIXED</type></wpt>
<wpt lat="-23.488494" lon="-46.881128"><name>Radar 40 km/h</name><desc>Fonte: OSM</desc><type>FIXED</type></wpt>
<wpt lat="-23.488254" lon="-46.881343"><name>Radar 60 km/h</name><desc>Fonte: OSM</desc><type>FIXED</type></wpt>
<wpt lat="-23.488060" lon="-46.675847"><name>Radar 40 km/h</name><desc>Fonte: OSM</desc><type>FIXED</type></wpt>
<wpt lat="-23.487963" lon="-46.479478"><name>Radar 40 km/h</name><desc>Fonte: OSM</desc><type>FIXED</type></wpt>
<wpt lat="-23.487867" lon="-47.741194"><name>Radar</name><desc>Fonte: DER-SP</desc><type>FIXED</type></wpt>
<wpt lat="-23.487412" lon="-47.741204"><name>Radar 60 km/h</name><desc>Fonte: OSM</desc><type>FIXED</type></wpt>
<wpt lat="-23.487407" lon="-47.741492"><name>Radar 60 km/h</name><desc>Fonte: OSM</desc><type>FIXED</type></wpt>
<wpt lat="-23.487258" lon="-46.626735"><name>Radar 40 km/h</name><desc>Fonte: OSM</desc><type>FIXED</type></wpt>
<wpt lat="-23.487195" lon="-46.646168"><name>Radar 50 km/h</name><desc>Fonte: OSM</desc><type>FIXED</type></wpt>
<wpt lat="-23.487191" lon="-46.646634"><name>Radar 50 km/h</name><desc>Fonte: OSM</desc><type>FIXED</type></wpt>
<wpt lat="-23.486598" lon="-46.453021"><name>Radar 50 km/h</name><desc>Fonte: OSM</desc><type>FIXED</type></wpt>
<wpt lat="-23.486363" lon="-46.452835"><name>Radar 50 km/h</name><desc>Fonte: OSM</desc><type>FIXED</type></wpt>
<wpt lat="-23.486114" lon="-46.549260"><name>Radar 50 km/h</name><desc>Fonte: OSM</desc><type>FIXED</type></wpt>
<wpt lat="-23.485998" lon="-46.991687"><name>Radar</name><desc>Fonte: DER-SP</desc><type>FIXED</type></wpt>
<wpt lat="-23.485922" lon="-46.681081"><name>Radar 50 km/h</name><desc>Fonte: OSM</desc><type>FIXED</type></wpt>
<wpt lat="-23.485760" lon="-46.681384"><name>Radar 50 km/h</name><desc>Fonte: OSM</desc><type>FIXED</type></wpt>
<wpt lat="-23.485653" lon="-46.739961"><name>Radar 50 km/h</name><desc>Fonte: OSM</desc><type>FIXED</type></wpt>
<wpt lat="-23.485632" lon="-46.740112"><name>Radar 50 km/h</name><desc>Fonte: OSM</desc><type>FIXED</type></wpt>
<wpt lat="-23.485367" lon="-47.450562"><name>Radar</name><desc>Fonte: OSM</desc><type>FIXED</type></wpt>
<wpt lat="-23.485211" lon="-46.583030"><name>Radar 40 km/h</name><desc>Fonte: OSM</desc><type>FIXED</type></wpt>
<wpt lat="-23.484723" lon="-46.723037"><name>Radar 50 km/h</name><desc>Fonte: OSM</desc><type>FIXED</type></wpt>
<wpt lat="-23.484614" lon="-46.723149"><name>Radar 50 km/h</name><desc>Fonte: OSM</desc><type>FIXED</type></wpt>
<wpt lat="-23.484445" lon="-46.607623"><name>Radar 50 km/h</name><desc>Fonte: OSM</desc><type>FIXED</type></wpt>
<wpt lat="-23.484437" lon="-46.538725"><name>Radar 110 km/h</name><desc>Fonte: OSM</desc><type>FIXED</type></wpt>
<wpt lat="-23.484114" lon="-46.993295"><name>Radar de trecho 120 km/h</name><desc>Fonte: OSM</desc><type>SECTION</type></wpt>
<wpt lat="-23.484090" lon="-46.538325"><name>Radar 110 km/h</name><desc>Fonte: ANTT</desc><type>FIXED</type></wpt>
<wpt lat="-23.484045" lon="-46.538374"><name>Radar 110 km/h</name><desc>Fonte: ANTT</desc><type>FIXED</type></wpt>
<wpt lat="-23.484007" lon="-46.538365"><name>Radar 110 km/h</name><desc>Fonte: OSM</desc><type>FIXED</type></wpt>
<wpt lat="-23.483972" lon="-46.538453"><name>Radar 90 km/h</name><desc>Fonte: ANTT</desc><type>FIXED</type></wpt>
<wpt lat="-23.483728" lon="-46.602977"><name>Radar 40 km/h</name><desc>Fonte: OSM</desc><type>FIXED</type></wpt>
<wpt lat="-23.483700" lon="-46.538115"><name>Radar 90 km/h</name><desc>Fonte: OSM</desc><type>FIXED</type></wpt>
<wpt lat="-23.483633" lon="-46.579734"><name>Radar 40 km/h</name><desc>Fonte: OSM</desc><type>FIXED</type></wpt>
<wpt lat="-23.483615" lon="-46.579690"><name>Radar 40 km/h</name><desc>Fonte: OSM</desc><type>FIXED</type></wpt>
<wpt lat="-23.483398" lon="-46.993962"><name>Radar 120 km/h</name><desc>Fonte: OSM</desc><type>FIXED</type></wpt>
<wpt lat="-23.483078" lon="-46.645906"><name>Radar 40 km/h</name><desc>Fonte: OSM</desc><type>FIXED</type></wpt>
<wpt lat="-23.482998" lon="-46.646143"><name>Radar 40 km/h</name><desc>Fonte: OSM</desc><type>FIXED</type></wpt>
<wpt lat="-23.482174" lon="-46.604824"><name>Radar 50 km/h</name><desc>Fonte: OSM</desc><type>FIXED</type></wpt>
<wpt lat="-23.482053" lon="-46.858351"><name>Radar 60 km/h</name><desc>Fonte: OSM</desc><type>FIXED</type></wpt>
<wpt lat="-23.481805" lon="-46.887867"><name>Radar</name><desc>Fonte: DER-SP</desc><type>FIXED</type></wpt>
<wpt lat="-23.481660" lon="-46.592753"><name>Radar 40 km/h</name><desc>Fonte: OSM</desc><type>FIXED</type></wpt>
<wpt lat="-23.481616" lon="-46.592739"><name>Radar 40 km/h</name><desc>Fonte: OSM</desc><type>FIXED</type></wpt>
<wpt lat="-23.480696" lon="-46.673929"><name>Radar 50 km/h</name><desc>Fonte: OSM</desc><type>FIXED</type></wpt>
<wpt lat="-23.480567" lon="-46.632108"><name>Radar 40 km/h</name><desc>Fonte: OSM</desc><type>FIXED</type></wpt>
<wpt lat="-23.480480" lon="-46.567109"><name>Radar 40 km/h</name><desc>Fonte: OSM</desc><type>FIXED</type></wpt>
<wpt lat="-23.480325" lon="-46.567256"><name>Radar 40 km/h</name><desc>Fonte: OSM</desc><type>FIXED</type></wpt>
<wpt lat="-23.480316" lon="-46.632293"><name>Radar 40 km/h</name><desc>Fonte: OSM</desc><type>FIXED</type></wpt>
<wpt lat="-23.480065" lon="-46.649866"><name>Radar 40 km/h</name><desc>Fonte: OSM</desc><type>FIXED</type></wpt>
<wpt lat="-23.480037" lon="-46.649828"><name>Radar 40 km/h</name><desc>Fonte: OSM</desc><type>FIXED</type></wpt>
<wpt lat="-23.480018" lon="-47.467388"><name>Radar 40 km/h</name><desc>Fonte: OSM</desc><type>FIXED</type></wpt>
<wpt lat="-23.479988" lon="-46.447129"><name>Radar 100 km/h</name><desc>Fonte: OSM</desc><type>FIXED</type></wpt>
<wpt lat="-23.479949" lon="-46.469442"><name>Radar 90 km/h</name><desc>Fonte: OSM</desc><type>FIXED</type></wpt>
<wpt lat="-23.479905" lon="-46.673356"><name>Radar 50 km/h</name><desc>Fonte: OSM</desc><type>FIXED</type></wpt>
<wpt lat="-23.479830" lon="-49.150708"><name>Radar</name><desc>Fonte: DER-SP</desc><type>FIXED</type></wpt>
<wpt lat="-23.479827" lon="-49.150642"><name>Radar</name><desc>Fonte: DER-SP</desc><type>FIXED</type></wpt>
<wpt lat="-23.479810" lon="-49.150770"><name>Radar</name><desc>Fonte: DER-SP</desc><type>FIXED</type></wpt>
<wpt lat="-23.479810" lon="-46.469301"><name>Radar 80 km/h</name><desc>Fonte: OSM</desc><type>FIXED</type></wpt>
<wpt lat="-23.479563" lon="-46.707848"><name>Radar 50 km/h</name><desc>Fonte: OSM</desc><type>FIXED</type></wpt>
<wpt lat="-23.479478" lon="-46.707692"><name>Radar 50 km/h</name><desc>Fonte: OSM</desc><type>FIXED</type></wpt>
<wpt lat="-23.479343" lon="-46.662129"><name>Radar 40 km/h</name><desc>Fonte: OSM</desc><type>FIXED</type></wpt>
<wpt lat="-23.479000" lon="-46.877500"><name>Radar 60 km/h</name><desc>Fonte: OSM</desc><type>FIXED</type></wpt>
<wpt lat="-23.478959" lon="-47.421844"><name>Radar</name><desc>Fonte: OSM</desc><type>FIXED</type></wpt>
<wpt lat="-23.478912" lon="-47.421691"><name>Radar 60 km/h</name><desc>Fonte: OSM</desc><type>FIXED</type></wpt>
<wpt lat="-23.478777" lon="-46.889581"><name>Radar</name><desc>Fonte: DER-SP</desc><type>FIXED</type></wpt>
<wpt lat="-23.478722" lon="-46.877775"><name>Radar 60 km/h</name><desc>Fonte: OSM</desc><type>FIXED</type></wpt>
<wpt lat="-23.478571" lon="-46.471637"><name>Radar</name><desc>Fonte: OSM</desc><type>FIXED</type></wpt>
<wpt lat="-23.478470" lon="-47.467211"><name>Radar 50 km/h</name><desc>Fonte: OSM</desc><type>FIXED</type></wpt>
<wpt lat="-23.478345" lon="-47.463542"><name>Radar 40 km/h</name><desc>Fonte: OSM</desc><type>FIXED</type></wpt>
<wpt lat="-23.477605" lon="-46.671355"><name>Radar 50 km/h</name><desc>Fonte: OSM</desc><type>FIXED</type></wpt>
<wpt lat="-23.477596" lon="-47.461838"><name>Radar 40 km/h</name><desc>Fonte: OSM</desc><type>FIXED</type></wpt>
<wpt lat="-23.477518" lon="-46.326717"><name>Radar 40 km/h</name><desc>Fonte: OSM</desc><type>FIXED</type></wpt>
<wpt lat="-23.477298" lon="-47.686727"><name>Radar 60 km/h</name><desc>Fonte: OSM</desc><type>FIXED</type></wpt>
<wpt lat="-23.477216" lon="-47.686781"><name>Radar</name><desc>Fonte: DER-SP</desc><type>FIXED</type></wpt>
<wpt lat="-23.477146" lon="-46.327019"><name>Radar 40 km/h</name><desc>Fonte: OSM</desc><type>FIXED</type></wpt>
<wpt lat="-23.477004" lon="-47.463919"><name>Radar 50 km/h</name><desc>Fonte: OSM</desc><type>FIXED</type></wpt>
<wpt lat="-23.476957" lon="-46.620310"><name>Radar 50 km/h</name><desc>Fonte: OSM</desc><type>FIXED</type></wpt>
<wpt lat="-23.476171" lon="-46.529482"><name>Radar 50 km/h</name><desc>Fonte: OSM</desc><type>FIXED</type></wpt>
<wpt lat="-23.476128" lon="-46.529382"><name>Radar 50 km/h</name><desc>Fonte: OSM</desc><type>FIXED</type></wpt>
<wpt lat="-23.476110" lon="-46.858599"><name>Radar 60 km/h</name><desc>Fonte: OSM</desc><type>FIXED</type></wpt>
<wpt lat="-23.475999" lon="-46.600203"><name>Radar 50 km/h</name><desc>Fonte: OSM</desc><type>FIXED</type></wpt>
<wpt lat="-23.475875" lon="-46.612095"><name>Radar 40 km/h</name><desc>Fonte: OSM</desc><type>FIXED</type></wpt>
<wpt lat="-23.475694" lon="-47.504908"><name>Radar 40 km/h</name><desc>Fonte: OSM</desc><type>FIXED</type></wpt>
<wpt lat="-23.475345" lon="-46.753583"><name>Radar 50 km/h</name><desc>Fonte: OSM</desc><type>FIXED</type></wpt>
<wpt lat="-23.474770" lon="-47.459246"><name>Radar 50 km/h</name><desc>Fonte: OSM</desc><type>FIXED</type></wpt>
<wpt lat="-23.474718" lon="-47.457609"><name>Radar 40 km/h</name><desc>Fonte: OSM</desc><type>FIXED</type></wpt>
<wpt lat="-23.474653" lon="-46.745562"><name>Radar 120 km/h</name><desc>Fonte: OSM</desc><type>FIXED</type></wpt>
<wpt lat="-23.474526" lon="-46.754312"><name>Radar 50 km/h</name><desc>Fonte: OSM</desc><type>FIXED</type></wpt>
<wpt lat="-23.474387" lon="-46.865945"><name>Radar 60 km/h</name><desc>Fonte: OSM</desc><type>FIXED</type></wpt>
<wpt lat="-23.473522" lon="-47.700088"><name>Radar</name><desc>Fonte: DER-SP</desc><type>FIXED</type></wpt>
<wpt lat="-23.473506" lon="-46.495968"><name>Radar 100 km/h</name><desc>Fonte: OSM</desc><type>FIXED</type></wpt>
<wpt lat="-23.473418" lon="-47.700190"><name>Radar 60 km/h</name><desc>Fonte: OSM</desc><type>FIXED</type></wpt>
<wpt lat="-23.473115" lon="-46.775174"><name>Radar 40 km/h</name><desc>Fonte: OSM</desc><type>FIXED</type></wpt>
<wpt lat="-23.472337" lon="-46.840979"><name>Radar</name><desc>Fonte: OSM</desc><type>FIXED</type></wpt>
<wpt lat="-23.472233" lon="-47.429526"><name>Radar</name><desc>Fonte: DER-SP</desc><type>FIXED</type></wpt>
<wpt lat="-23.472228" lon="-46.500990"><name>Radar 90 km/h</name><desc>Fonte: OSM</desc><type>FIXED</type></wpt>
<wpt lat="-23.472129" lon="-47.429280"><name>Radar 90 km/h</name><desc>Fonte: OSM</desc><type>FIXED</type></wpt>
<wpt lat="-23.471716" lon="-46.841285"><name>Radar</name><desc>Fonte: OSM</desc><type>FIXED</type></wpt>
<wpt lat="-23.471689" lon="-46.870502"><name>Radar 60 km/h</name><desc>Fonte: OSM</desc><type>FIXED</type></wpt>
<wpt lat="-23.471334" lon="-46.640783"><name>Radar 40 km/h</name><desc>Fonte: OSM</desc><type>FIXED</type></wpt>
<wpt lat="-23.471326" lon="-46.871021"><name>Radar 40 km/h</name><desc>Fonte: OSM</desc><type>FIXED</type></wpt>
<wpt lat="-23.471193" lon="-46.518593"><name>Radar 50 km/h</name><desc>Fonte: OSM</desc><type>FIXED</type></wpt>
<wpt lat="-23.471106" lon="-46.871345"><name>Radar 60 km/h</name><desc>Fonte: OSM</desc><type>FIXED</type></wpt>
<wpt lat="-23.471021" lon="-46.518624"><name>Radar 50 km/h</name><desc>Fonte: OSM</desc><type>FIXED</type></wpt>
<wpt lat="-23.470963" lon="-46.545902"><name>Radar 50 km/h</name><desc>Fonte: OSM</desc><type>FIXED</type></wpt>
<wpt lat="-23.470081" lon="-46.545585"><name>Radar 50 km/h</name><desc>Fonte: OSM</desc><type>FIXED</type></wpt>
<wpt lat="-23.470000" lon="-46.779145"><name>Radar</name><desc>Fonte: DER-SP</desc><type>FIXED</type></wpt>
<wpt lat="-23.469969" lon="-46.617038"><name>Radar 50 km/h</name><desc>Fonte: OSM</desc><type>FIXED</type></wpt>
<wpt lat="-23.469514" lon="-46.520248"><name>Radar 60 km/h</name><desc>Fonte: OSM</desc><type>FIXED</type></wpt>
<wpt lat="-23.469456" lon="-47.449946"><name>Radar 50 km/h</name><desc>Fonte: OSM</desc><type>FIXED</type></wpt>
<wpt lat="-23.469381" lon="-47.451321"><name>Radar 50 km/h</name><desc>Fonte: OSM</desc><type>FIXED</type></wpt>
<wpt lat="-23.469306" lon="-46.520650"><name>Radar 60 km/h</name><desc>Fonte: OSM</desc><type>FIXED</type></wpt>
<wpt lat="-23.469266" lon="-47.447478"><name>Radar 60 km/h</name><desc>Fonte: OSM</desc><type>FIXED</type></wpt>
<wpt lat="-23.469253" lon="-47.447446"><name>Radar 60 km/h</name><desc>Fonte: OSM</desc><type>FIXED</type></wpt>
<wpt lat="-23.469236" lon="-46.396214"><name>Radar 100 km/h</name><desc>Fonte: OSM</desc><type>FIXED</type></wpt>
<wpt lat="-23.469087" lon="-47.018110"><name>Radar</name><desc>Fonte: DER-SP</desc><type>FIXED</type></wpt>
<wpt lat="-23.469077" lon="-46.897965"><name>Radar</name><desc>Fonte: DER-SP</desc><type>FIXED</type></wpt>
<wpt lat="-23.469021" lon="-47.440286"><name>Radar 50 km/h</name><desc>Fonte: OSM</desc><type>FIXED</type></wpt>
<wpt lat="-23.468828" lon="-46.113003"><name>Radar</name><desc>Fonte: DER-SP</desc><type>FIXED</type></wpt>
<wpt lat="-23.468531" lon="-46.516185"><name>Radar 50 km/h</name><desc>Fonte: OSM</desc><type>FIXED</type></wpt>
<wpt lat="-23.468518" lon="-46.643786"><name>Radar 40 km/h</name><desc>Fonte: OSM</desc><type>FIXED</type></wpt>
<wpt lat="-23.468142" lon="-46.421380"><name>Radar 110 km/h</name><desc>Fonte: OSM</desc><type>FIXED</type></wpt>
<wpt lat="-23.468125" lon="-46.421274"><name>Radar</name><desc>Fonte: DER-SP</desc><type>FIXED</type></wpt>
<wpt lat="-23.468000" lon="-46.422700"><name>Radar</name><desc>Fonte: DER-SP</desc><type>FIXED</type></wpt>
<wpt lat="-23.467600" lon="-49.134541"><name>Radar</name><desc>Fonte: DER-SP</desc><type>FIXED</type></wpt>
<wpt lat="-23.467543" lon="-47.440761"><name>Radar 50 km/h</name><desc>Fonte: OSM</desc><type>FIXED</type></wpt>
<wpt lat="-23.467364" lon="-49.134600"><name>Radar</name><desc>Fonte: DER-SP</desc><type>FIXED</type></wpt>
<wpt lat="-23.467117" lon="-49.134020"><name>Radar</name><desc>Fonte: DER-SP</desc><type>FIXED</type></wpt>
<wpt lat="-23.466990" lon="-46.523722"><name>Radar 60 km/h</name><desc>Fonte: OSM</desc><type>FIXED</type></wpt>
<wpt lat="-23.466926" lon="-46.524022"><name>Radar 60 km/h</name><desc>Fonte: OSM</desc><type>FIXED</type></wpt>
<wpt lat="-23.466786" lon="-46.750306"><name>Radar</name><desc>Fonte: OSM</desc><type>FIXED</type></wpt>
<wpt lat="-23.466602" lon="-46.546433"><name>Radar 50 km/h</name><desc>Fonte: OSM</desc><type>FIXED</type></wpt>
<wpt lat="-23.466443" lon="-46.535131"><name>Radar 50 km/h</name><desc>Fonte: OSM</desc><type>FIXED</type></wpt>
<wpt lat="-23.466115" lon="-46.503560"><name>Radar 50 km/h</name><desc>Fonte: OSM</desc><type>FIXED</type></wpt>
<wpt lat="-23.466093" lon="-46.546722"><name>Radar 50 km/h</name><desc>Fonte: OSM</desc><type>FIXED</type></wpt>
<wpt lat="-23.465997" lon="-46.503679"><name>Radar 50 km/h</name><desc>Fonte: OSM</desc><type>FIXED</type></wpt>
<wpt lat="-23.465936" lon="-46.383958"><name>Radar 100 km/h</name><desc>Fonte: OSM</desc><type>FIXED</type></wpt>
<wpt lat="-23.465866" lon="-46.751074"><name>Radar</name><desc>Fonte: OSM</desc><type>FIXED</type></wpt>
<wpt lat="-23.465642" lon="-46.751177"><name>Radar</name><desc>Fonte: OSM</desc><type>FIXED</type></wpt>
<wpt lat="-23.465361" lon="-46.530290"><name>Radar 50 km/h</name><desc>Fonte: OSM</desc><type>FIXED</type></wpt>
<wpt lat="-23.465246" lon="-46.499640"><name>Radar 90 km/h</name><desc>Fonte: ANTT</desc><type>FIXED</type></wpt>
<wpt lat="-23.465214" lon="-46.665723"><name>Radar 50 km/h</name><desc>Fonte: OSM</desc><type>FIXED</type></wpt>
<wpt lat="-23.465163" lon="-46.335972"><name>Radar 40 km/h</name><desc>Fonte: OSM</desc><type>FIXED</type></wpt>
<wpt lat="-23.465125" lon="-46.335899"><name>Radar 40 km/h</name><desc>Fonte: OSM</desc><type>FIXED</type></wpt>
<wpt lat="-23.465108" lon="-46.665767"><name>Radar 50 km/h</name><desc>Fonte: OSM</desc><type>FIXED</type></wpt>
<wpt lat="-23.465052" lon="-46.498933"><name>Radar 90 km/h</name><desc>Fonte: OSM</desc><type>FIXED</type></wpt>
<wpt lat="-23.464916" lon="-46.599779"><name>Radar 40 km/h</name><desc>Fonte: OSM</desc><type>FIXED</type></wpt>
<wpt lat="-23.464832" lon="-46.599696"><name>Radar 40 km/h</name><desc>Fonte: OSM</desc><type>FIXED</type></wpt>
<wpt lat="-23.464373" lon="-46.506544"><name>Radar 50 km/h</name><desc>Fonte: OSM</desc><type>FIXED</type></wpt>
<wpt lat="-23.464357" lon="-47.452376"><name>Radar 60 km/h</name><desc>Fonte: OSM</desc><type>FIXED</type></wpt>
<wpt lat="-23.464288" lon="-47.431078"><name>Radar 60 km/h</name><desc>Fonte: OSM</desc><type>FIXED</type></wpt>
<wpt lat="-23.463466" lon="-46.541026"><name>Radar 50 km/h</name><desc>Fonte: OSM</desc><type>FIXED</type></wpt>
<wpt lat="-23.463465" lon="-46.526964"><name>Radar 60 km/h</name><desc>Fonte: OSM</desc><type>FIXED</type></wpt>
<wpt lat="-23.463181" lon="-46.527231"><name>Radar 60 km/h</name><desc>Fonte: OSM</desc><type>FIXED</type></wpt>
<wpt lat="-23.463130" lon="-46.526927"><name>Radar 50 km/h</name><desc>Fonte: OSM</desc><type>FIXED</type></wpt>
<wpt lat="-23.463060" lon="-47.434264"><name>Radar 60 km/h</name><desc>Fonte: OSM</desc><type>FIXED</type></wpt>
<wpt lat="-23.462589" lon="-46.654107"><name>Radar 50 km/h</name><desc>Fonte: OSM</desc><type>FIXED</type></wpt>
<wpt lat="-23.461944" lon="-46.650850"><name>Radar 40 km/h</name><desc>Fonte: OSM</desc><type>FIXED</type></wpt>
<wpt lat="-23.461312" lon="-46.684119"><name>Radar 40 km/h</name><desc>Fonte: OSM</desc><type>FIXED</type></wpt>
<wpt lat="-23.461003" lon="-47.435799"><name>Radar 60 km/h</name><desc>Fonte: OSM</desc><type>FIXED</type></wpt>
<wpt lat="-23.460358" lon="-46.642498"><name>Radar 40 km/h</name><desc>Fonte: OSM</desc><type>FIXED</type></wpt>
<wpt lat="-23.460300" lon="-46.643186"><name>Radar 40 km/h</name><desc>Fonte: OSM</desc><type>FIXED</type></wpt>
<wpt lat="-23.460150" lon="-46.511173"><name>Radar 40 km/h</name><desc>Fonte: OSM</desc><type>FIXED</type></wpt>
<wpt lat="-23.460132" lon="-46.511259"><name>Radar 40 km/h</name><desc>Fonte: OSM</desc><type>FIXED</type></wpt>
<wpt lat="-23.460039" lon="-46.908983"><name>Radar</name><desc>Fonte: DER-SP</desc><type>FIXED</type></wpt>
<wpt lat="-23.459351" lon="-47.451886"><name>Radar 60 km/h</name><desc>Fonte: OSM</desc><type>FIXED</type></wpt>
<wpt lat="-23.459320" lon="-46.344610"><name>Radar</name><desc>Fonte: DER-SP</desc><type>FIXED</type></wpt>
<wpt lat="-23.459318" lon="-46.438627"><name>Radar 50 km/h</name><desc>Fonte: OSM</desc><type>FIXED</type></wpt>
<wpt lat="-23.459250" lon="-46.344667"><name>Radar</name><desc>Fonte: DER-SP</desc><type>FIXED</type></wpt>
<wpt lat="-23.459017" lon="-46.446298"><name>Radar 50 km/h</name><desc>Fonte: OSM</desc><type>FIXED</type></wpt>
<wpt lat="-23.458908" lon="-46.483360"><name>Radar 90 km/h</name><desc>Fonte: ANTT</desc><type>FIXED</type></wpt>
<wpt lat="-23.458767" lon="-46.494342"><name>Radar 50 km/h</name><desc>Fonte: OSM</desc><type>FIXED</type></wpt>
<wpt lat="-23.458700" lon="-46.347060"><name>Radar</name><desc>Fonte: DER-SP</desc><type>FIXED</type></wpt>
<wpt lat="-23.458667" lon="-46.347167"><name>Radar</name><desc>Fonte: DER-SP</desc><type>FIXED</type></wpt>
<wpt lat="-23.458539" lon="-46.482689"><name>Radar 90 km/h</name><desc>Fonte: OSM</desc><type>FIXED</type></wpt>
<wpt lat="-23.458319" lon="-46.913272"><name>Radar</name><desc>Fonte: DER-SP</desc><type>FIXED</type></wpt>
<wpt lat="-23.458260" lon="-46.494172"><name>Radar 50 km/h</name><desc>Fonte: OSM</desc><type>FIXED</type></wpt>
<wpt lat="-23.458219" lon="-46.537416"><name>Radar 50 km/h</name><desc>Fonte: OSM</desc><type>FIXED</type></wpt>
<wpt lat="-23.458182" lon="-46.447790"><name>Radar 40 km/h</name><desc>Fonte: OSM</desc><type>FIXED</type></wpt>
<wpt lat="-23.458045" lon="-46.568073"><name>Radar 50 km/h</name><desc>Fonte: OSM</desc><type>FIXED</type></wpt>
<wpt lat="-23.457506" lon="-46.510028"><name>Radar 40 km/h</name><desc>Fonte: OSM</desc><type>FIXED</type></wpt>
<wpt lat="-23.457460" lon="-46.567286"><name>Radar 50 km/h</name><desc>Fonte: OSM</desc><type>FIXED</type></wpt>
<wpt lat="-23.457255" lon="-47.439038"><name>Radar 60 km/h</name><desc>Fonte: OSM</desc><type>FIXED</type></wpt>
<wpt lat="-23.457199" lon="-46.509812"><name>Radar 40 km/h</name><desc>Fonte: OSM</desc><type>FIXED</type></wpt>
<wpt lat="-23.456996" lon="-46.600208"><name>Radar 40 km/h</name><desc>Fonte: OSM</desc><type>FIXED</type></wpt>
<wpt lat="-23.456962" lon="-46.600553"><name>Radar 40 km/h</name><desc>Fonte: OSM</desc><type>FIXED</type></wpt>
<wpt lat="-23.456575" lon="-46.637123"><name>Radar</name><desc>Fonte: OSM</desc><type>FIXED</type></wpt>
<wpt lat="-23.456537" lon="-47.451843"><name>Radar 60 km/h</name><desc>Fonte: OSM</desc><type>FIXED</type></wpt>
<wpt lat="-23.456241" lon="-46.246118"><name>Radar 80 km/h</name><desc>Fonte: OSM</desc><type>FIXED</type></wpt>
<wpt lat="-23.456218" lon="-46.246018"><name>Radar 80 km/h</name><desc>Fonte: OSM</desc><type>FIXED</type></wpt>
<wpt lat="-23.455943" lon="-47.464983"><name>Radar 40 km/h</name><desc>Fonte: OSM</desc><type>FIXED</type></wpt>
<wpt lat="-23.455261" lon="-47.463853"><name>Radar 40 km/h</name><desc>Fonte: OSM</desc><type>FIXED</type></wpt>
<wpt lat="-23.455028" lon="-47.477339"><name>Radar 50 km/h</name><desc>Fonte: OSM</desc><type>FIXED</type></wpt>
<wpt lat="-23.454769" lon="-47.474704"><name>Radar 50 km/h</name><desc>Fonte: OSM</desc><type>FIXED</type></wpt>
<wpt lat="-23.454286" lon="-47.445571"><name>Radar 60 km/h</name><desc>Fonte: OSM</desc><type>FIXED</type></wpt>
<wpt lat="-23.454198" lon="-47.473174"><name>Radar 50 km/h</name><desc>Fonte: OSM</desc><type>FIXED</type></wpt>
<wpt lat="-23.454105" lon="-47.445232"><name>Radar 60 km/h</name><desc>Fonte: OSM</desc><type>FIXED</type></wpt>
<wpt lat="-23.453592" lon="-47.484350"><name>Radar 50 km/h</name><desc>Fonte: OSM</desc><type>FIXED</type></wpt>
<wpt lat="-23.453290" lon="-49.397330"><name>Radar</name><desc>Fonte: DER-SP</desc><type>FIXED</type></wpt>
<wpt lat="-23.453259" lon="-46.914888"><name>Radar</name><desc>Fonte: DER-SP</desc><type>FIXED</type></wpt>
<wpt lat="-23.453074" lon="-47.455237"><name>Radar 60 km/h</name><desc>Fonte: OSM</desc><type>FIXED</type></wpt>
<wpt lat="-23.453015" lon="-47.509495"><name>Radar 50 km/h</name><desc>Fonte: OSM</desc><type>FIXED</type></wpt>
<wpt lat="-23.452810" lon="-47.456061"><name>Radar 60 km/h</name><desc>Fonte: OSM</desc><type>FIXED</type></wpt>
<wpt lat="-23.452789" lon="-46.517473"><name>Radar 50 km/h</name><desc>Fonte: OSM</desc><type>FIXED</type></wpt>
<wpt lat="-23.452728" lon="-45.074835"><name>Radar</name><desc>Fonte: OSM</desc><type>FIXED</type></wpt>
<wpt lat="-23.452705" lon="-47.458613"><name>Radar 60 km/h</name><desc>Fonte: OSM</desc><type>FIXED</type></wpt>
<wpt lat="-23.452695" lon="-45.074811"><name>Radar 40 km/h</name><desc>Fonte: ANTT</desc><type>FIXED</type></wpt>
<wpt lat="-23.452593" lon="-47.458424"><name>Radar 40 km/h</name><desc>Fonte: OSM</desc><type>FIXED</type></wpt>
<wpt lat="-23.452495" lon="-47.458245"><name>Radar 60 km/h</name><desc>Fonte: OSM</desc><type>FIXED</type></wpt>
<wpt lat="-23.452265" lon="-47.511458"><name>Radar 50 km/h</name><desc>Fonte: OSM</desc><type>FIXED</type></wpt>
<wpt lat="-23.452036" lon="-47.472933"><name>Radar 50 km/h</name><desc>Fonte: OSM</desc><type>FIXED</type></wpt>
<wpt lat="-23.451518" lon="-46.246488"><name>Radar</name><desc>Fonte: DER-SP</desc><type>FIXED</type></wpt>
<wpt lat="-23.451334" lon="-46.493335"><name>Radar 60 km/h</name><desc>Fonte: OSM</desc><type>FIXED</type></wpt>
<wpt lat="-23.449890" lon="-46.493662"><name>Radar 60 km/h</name><desc>Fonte: OSM</desc><type>FIXED</type></wpt>
<wpt lat="-23.449147" lon="-46.721585"><name>Radar 50 km/h</name><desc>Fonte: OSM</desc><type>FIXED</type></wpt>
<wpt lat="-23.449121" lon="-46.721509"><name>Radar 50 km/h</name><desc>Fonte: OSM</desc><type>FIXED</type></wpt>
<wpt lat="-23.448980" lon="-46.548473"><name>Radar 50 km/h</name><desc>Fonte: OSM</desc><type>FIXED</type></wpt>
<wpt lat="-23.448105" lon="-46.702684"><name>Radar 40 km/h</name><desc>Fonte: OSM</desc><type>FIXED</type></wpt>
<wpt lat="-23.447412" lon="-47.953252"><name>Radar 110 km/h</name><desc>Fonte: OSM</desc><type>FIXED</type></wpt>
<wpt lat="-23.447400" lon="-47.953300"><name>Radar</name><desc>Fonte: DER-SP</desc><type>FIXED</type></wpt>
<wpt lat="-23.447233" lon="-46.535326"><name>Radar 50 km/h</name><desc>Fonte: OSM</desc><type>FIXED</type></wpt>
<wpt lat="-23.446716" lon="-47.386614"><name>Radar</name><desc>Fonte: DER-SP</desc><type>FIXED</type></wpt>
<wpt lat="-23.446000" lon="-46.321100"><name>Radar</name><desc>Fonte: DER-SP</desc><type>FIXED</type></wpt>
<wpt lat="-23.445618" lon="-47.386603"><name>Radar 60 km/h</name><desc>Fonte: OSM</desc><type>FIXED</type></wpt>
<wpt lat="-23.445382" lon="-47.492430"><name>Radar 50 km/h</name><desc>Fonte: OSM</desc><type>FIXED</type></wpt>
<wpt lat="-23.445170" lon="-47.439175"><name>Radar 60 km/h</name><desc>Fonte: OSM</desc><type>FIXED</type></wpt>
<wpt lat="-23.445083" lon="-47.439042"><name>Radar 60 km/h</name><desc>Fonte: OSM</desc><type>FIXED</type></wpt>
<wpt lat="-23.444122" lon="-46.311679"><name>Radar 120 km/h</name><desc>Fonte: OSM</desc><type>FIXED</type></wpt>
<wpt lat="-23.444100" lon="-46.311685"><name>Radar</name><desc>Fonte: DER-SP</desc><type>FIXED</type></wpt>
<wpt lat="-23.442168" lon="-46.713051"><name>Radar 40 km/h</name><desc>Fonte: OSM</desc><type>FIXED</type></wpt>
<wpt lat="-23.442135" lon="-46.713105"><name>Radar 40 km/h</name><desc>Fonte: OSM</desc><type>FIXED</type></wpt>
<wpt lat="-23.441220" lon="-45.611390"><name>Radar</name><desc>Fonte: DER-SP</desc><type>FIXED</type></wpt>
<wpt lat="-23.441117" lon="-47.515051"><name>Radar</name><desc>Fonte: DER-SP</desc><type>FIXED</type></wpt>
<wpt lat="-23.441093" lon="-45.611434"><name>Radar 80 km/h</name><desc>Fonte: OSM</desc><type>FIXED</type></wpt>
<wpt lat="-23.441080" lon="-45.611440"><name>Radar</name><desc>Fonte: DER-SP</desc><type>FIXED</type></wpt>
<wpt lat="-23.441022" lon="-47.515186"><name>Radar 60 km/h</name><desc>Fonte: OSM</desc><type>FIXED</type></wpt>
<wpt lat="-23.440116" lon="-45.087368"><name>Radar 40 km/h</name><desc>Fonte: ANTT</desc><type>FIXED</type></wpt>
<wpt lat="-23.439830" lon="-45.087480"><name>Radar</name><desc>Fonte: OSM</desc><type>FIXED</type></wpt>
<wpt lat="-23.439476" lon="-46.721362"><name>Radar 50 km/h</name><desc>Fonte: OSM</desc><type>FIXED</type></wpt>
<wpt lat="-23.439462" lon="-46.721281"><name>Radar 50 km/h</name><desc>Fonte: OSM</desc><type>FIXED</type></wpt>
<wpt lat="-23.439313" lon="-46.769053"><name>Radar 100 km/h</name><desc>Fonte: OSM</desc><type>FIXED</type></wpt>
<wpt lat="-23.439181" lon="-47.516031"><name>Radar</name><desc>Fonte: OSM</desc><type>FIXED</type></wpt>
<wpt lat="-23.437738" lon="-46.432452"><name>Radar</name><desc>Fonte: OSM</desc><type>FIXED</type></wpt>
<wpt lat="-23.437684" lon="-46.432245"><name>Radar</name><desc>Fonte: OSM</desc><type>FIXED</type></wpt>
<wpt lat="-23.437676" lon="-47.512860"><name>Radar 50 km/h</name><desc>Fonte: OSM</desc><type>FIXED</type></wpt>
<wpt lat="-23.437330" lon="-46.431185"><name>Radar 90 km/h</name><desc>Fonte: OSM</desc><type>FIXED</type></wpt>
<wpt lat="-23.437234" lon="-46.431252"><name>Radar 110 km/h</name><desc>Fonte: OSM</desc><type>FIXED</type></wpt>
<wpt lat="-23.437119" lon="-47.512391"><name>Radar 50 km/h</name><desc>Fonte: OSM</desc><type>FIXED</type></wpt>
<wpt lat="-23.436585" lon="-47.505619"><name>Radar 50 km/h</name><desc>Fonte: OSM</desc><type>FIXED</type></wpt>
<wpt lat="-23.436497" lon="-46.432900"><name>Radar 40 km/h</name><desc>Fonte: OSM</desc><type>FIXED</type></wpt>
<wpt lat="-23.436477" lon="-46.432786"><name>Radar 40 km/h</name><desc>Fonte: OSM</desc><type>FIXED</type></wpt>
<wpt lat="-23.436331" lon="-46.921955"><name>Radar</name><desc>Fonte: DER-SP</desc><type>FIXED</type></wpt>
<wpt lat="-23.436170" lon="-47.090229"><name>Radar 120 km/h</name><desc>Fonte: OSM</desc><type>FIXED</type></wpt>
<wpt lat="-23.436151" lon="-46.398174"><name>Radar 50 km/h</name><desc>Fonte: OSM</desc><type>FIXED</type></wpt>
<wpt lat="-23.436097" lon="-47.508129"><name>Radar 50 km/h</name><desc>Fonte: OSM</desc><type>FIXED</type></wpt>
<wpt lat="-23.436086" lon="-47.090392"><name>Radar</name><desc>Fonte: DER-SP</desc><type>FIXED</type></wpt>
<wpt lat="-23.436046" lon="-46.495672"><name>Radar 60 km/h</name><desc>Fonte: OSM</desc><type>FIXED</type></wpt>
<wpt lat="-23.435983" lon="-47.508157"><name>Radar 50 km/h</name><desc>Fonte: OSM</desc><type>FIXED</type></wpt>
<wpt lat="-23.435821" lon="-46.494876"><name>Radar 60 km/h</name><desc>Fonte: OSM</desc><type>FIXED</type></wpt>
<wpt lat="-23.435603" lon="-46.537453"><name>Radar</name><desc>Fonte: OSM</desc><type>FIXED</type></wpt>
<wpt lat="-23.435253" lon="-46.537370"><name>Radar</name><desc>Fonte: OSM</desc><type>FIXED</type></wpt>
<wpt lat="-23.434850" lon="-46.762142"><name>Radar 100 km/h</name><desc>Fonte: OSM</desc><type>FIXED</type></wpt>
<wpt lat="-23.434192" lon="-45.069682"><name>Radar 30 km/h</name><desc>Fonte: OSM</desc><type>FIXED</type></wpt>
<wpt lat="-23.434183" lon="-45.069768"><name>Radar 30 km/h</name><desc>Fonte: OSM</desc><type>FIXED</type></wpt>
<wpt lat="-23.434085" lon="-46.411984"><name>Radar 50 km/h</name><desc>Fonte: OSM</desc><type>FIXED</type></wpt>
<wpt lat="-23.433348" lon="-46.931846"><name>Radar</name><desc>Fonte: DER-SP</desc><type>FIXED</type></wpt>
<wpt lat="-23.432878" lon="-46.406664"><name>Radar 50 km/h</name><desc>Fonte: OSM</desc><type>FIXED</type></wpt>
<wpt lat="-23.432585" lon="-47.516119"><name>Radar 50 km/h</name><desc>Fonte: OSM</desc><type>FIXED</type></wpt>
<wpt lat="-23.432331" lon="-47.516120"><name>Radar</name><desc>Fonte: DER-SP</desc><type>FIXED</type></wpt>
<wpt lat="-23.430653" lon="-47.399452"><name>Radar 60 km/h</name><desc>Fonte: OSM</desc><type>FIXED</type></wpt>
<wpt lat="-23.430376" lon="-46.557193"><name>Radar 50 km/h</name><desc>Fonte: OSM</desc><type>FIXED</type></wpt>
<wpt lat="-23.430223" lon="-46.556966"><name>Radar 50 km/h</name><desc>Fonte: OSM</desc><type>FIXED</type></wpt>
<wpt lat="-23.429775" lon="-46.656649"><name>Radar 20 km/h</name><desc>Fonte: OSM</desc><type>FIXED</type></wpt>
<wpt lat="-23.429738" lon="-46.062064"><name>Radar</name><desc>Fonte: DER-SP</desc><type>FIXED</type></wpt>
<wpt lat="-23.429535" lon="-47.507680"><name>Radar 50 km/h</name><desc>Fonte: OSM</desc><type>FIXED</type></wpt>
<wpt lat="-23.427949" lon="-46.406453"><name>Radar 50 km/h</name><desc>Fonte: OSM</desc><type>FIXED</type></wpt>
<wpt lat="-23.427937" lon="-46.406294"><name>Radar 40 km/h</name><desc>Fonte: OSM</desc><type>FIXED</type></wpt>
<wpt lat="-23.427579" lon="-46.406778"><name>Radar 40 km/h</name><desc>Fonte: OSM</desc><type>FIXED</type></wpt>
<wpt lat="-23.426644" lon="-46.280072"><name>Radar</name><desc>Fonte: DER-SP</desc><type>FIXED</type></wpt>
<wpt lat="-23.426028" lon="-46.404565"><name>Radar</name><desc>Fonte: OSM</desc><type>FIXED</type></wpt>
<wpt lat="-23.425878" lon="-45.077354"><name>Radar 40 km/h</name><desc>Fonte: ANTT</desc><type>FIXED</type></wpt>
<wpt lat="-23.425793" lon="-45.077134"><name>Radar 110 km/h</name><desc>Fonte: ANTT</desc><type>FIXED</type></wpt>
<wpt lat="-23.425762" lon="-45.077206"><name>Radar</name><desc>Fonte: OSM</desc><type>FIXED</type></wpt>
<wpt lat="-23.425276" lon="-46.029955"><name>Radar 30 km/h</name><desc>Fonte: OSM</desc><type>FIXED</type></wpt>
<wpt lat="-23.424466" lon="-46.407637"><name>Radar 40 km/h</name><desc>Fonte: OSM</desc><type>FIXED</type></wpt>
<wpt lat="-23.423426" lon="-47.406524"><name>Radar 60 km/h</name><desc>Fonte: OSM</desc><type>FIXED</type></wpt>
<wpt lat="-23.423349" lon="-49.099785"><name>Radar</name><desc>Fonte: DER-SP</desc><type>FIXED</type></wpt>
<wpt lat="-23.423348" lon="-47.408127"><name>Radar 60 km/h</name><desc>Fonte: OSM</desc><type>FIXED</type></wpt>
<wpt lat="-23.422975" lon="-47.152752"><name>Radar 120 km/h</name><desc>Fonte: OSM</desc><type>FIXED</type></wpt>
<wpt lat="-23.421892" lon="-46.030269"><name>Radar 30 km/h</name><desc>Fonte: OSM</desc><type>FIXED</type></wpt>
<wpt lat="-23.421849" lon="-46.564397"><name>Radar</name><desc>Fonte: DER-SP</desc><type>FIXED</type></wpt>
<wpt lat="-23.421421" lon="-46.016049"><name>Radar</name><desc>Fonte: OSM</desc><type>FIXED</type></wpt>
<wpt lat="-23.421149" lon="-46.016284"><name>Radar</name><desc>Fonte: OSM</desc><type>FIXED</type></wpt>
<wpt lat="-23.420410" lon="-47.192520"><name>Radar</name><desc>Fonte: DER-SP</desc><type>FIXED</type></wpt>
<wpt lat="-23.419808" lon="-46.204979"><name>Radar 120 km/h</name><desc>Fonte: OSM</desc><type>FIXED</type></wpt>
<wpt lat="-23.419793" lon="-46.204991"><name>Radar</name><desc>Fonte: DER-SP</desc><type>FIXED</type></wpt>
<wpt lat="-23.419700" lon="-46.205000"><name>Radar</name><desc>Fonte: DER-SP</desc><type>FIXED</type></wpt>
<wpt lat="-23.419068" lon="-46.408429"><name>Radar 50 km/h</name><desc>Fonte: OSM</desc><type>FIXED</type></wpt>
<wpt lat="-23.417921" lon="-46.378144"><name>Radar 90 km/h</name><desc>Fonte: OSM</desc><type>FIXED</type></wpt>
<wpt lat="-23.417570" lon="-46.361200"><name>Radar</name><desc>Fonte: DER-SP</desc><type>FIXED</type></wpt>
<wpt lat="-23.417136" lon="-46.363344"><name>Radar 30 km/h</name><desc>Fonte: OSM</desc><type>FIXED</type></wpt>
<wpt lat="-23.414306" lon="-47.343841"><name>Radar</name><desc>Fonte: DER-SP</desc><type>FIXED</type></wpt>
<wpt lat="-23.414137" lon="-47.343960"><name>Radar</name><desc>Fonte: DER-SP</desc><type>FIXED</type></wpt>
<wpt lat="-23.414016" lon="-47.270135"><name>Radar</name><desc>Fonte: OSM</desc><type>FIXED</type></wpt>
<wpt lat="-23.413748" lon="-47.270705"><name>Radar</name><desc>Fonte: DER-SP</desc><type>FIXED</type></wpt>
<wpt lat="-23.413681" lon="-46.031339"><name>Radar</name><desc>Fonte: OSM</desc><type>FIXED</type></wpt>
<wpt lat="-23.413381" lon="-47.342986"><name>Radar 110 km/h</name><desc>Fonte: OSM</desc><type>FIXED</type></wpt>
<wpt lat="-23.413214" lon="-46.950475"><name>Radar</name><desc>Fonte: DER-SP</desc><type>FIXED</type></wpt>
<wpt lat="-23.412801" lon="-46.732506"><name>Radar 50 km/h</name><desc>Fonte: OSM</desc><type>FIXED</type></wpt>
<wpt lat="-23.412573" lon="-46.310760"><name>Radar 40 km/h</name><desc>Fonte: OSM</desc><type>FIXED</type></wpt>
<wpt lat="-23.411845" lon="-46.824254"><name>Radar 30 km/h</name><desc>Fonte: OSM</desc><type>FIXED</type></wpt>
<wpt lat="-23.411388" lon="-45.066462"><name>Radar 40 km/h</name><desc>Fonte: OSM</desc><type>FIXED</type></wpt>
<wpt lat="-23.410871" lon="-46.825161"><name>Radar 30 km/h</name><desc>Fonte: OSM</desc><type>FIXED</type></wpt>
<wpt lat="-23.410423" lon="-46.776216"><name>Radar 50 km/h</name><desc>Fonte: OSM</desc><type>FIXED</type></wpt>
<wpt lat="-23.409680" lon="-46.971326"><name>Radar</name><desc>Fonte: DER-SP</desc><type>FIXED</type></wpt>
<wpt lat="-23.409511" lon="-46.342875"><name>Radar 110 km/h</name><desc>Fonte: OSM</desc><type>FIXED</type></wpt>
<wpt lat="-23.409483" lon="-46.342533"><name>Radar 110 km/h</name><desc>Fonte: ANTT</desc><type>FIXED</type></wpt>
<wpt lat="-23.408874" lon="-46.958123"><name>Radar</name><desc>Fonte: DER-SP</desc><type>FIXED</type></wpt>
<wpt lat="-23.408810" lon="-47.306288"><name>Radar</name><desc>Fonte: OSM</desc><type>FIXED</type></wpt>
<wpt lat="-23.408173" lon="-46.852221"><name>Radar 50 km/h</name><desc>Fonte: OSM</desc><type>FIXED</type></wpt>
<wpt lat="-23.408163" lon="-46.365587"><name>Radar 60 km/h</name><desc>Fonte: OSM</desc><type>FIXED</type></wpt>
<wpt lat="-23.408040" lon="-46.338476"><name>Radar</name><desc>Fonte: OSM</desc><type>FIXED</type></wpt>
<wpt lat="-23.407902" lon="-46.338207"><name>Radar</name><desc>Fonte: OSM</desc><type>FIXED</type></wpt>
<wpt lat="-23.407846" lon="-46.338119"><name>Radar</name><desc>Fonte: OSM</desc><type>FIXED</type></wpt>
<wpt lat="-23.407714" lon="-46.365756"><name>Radar 60 km/h</name><desc>Fonte: OSM</desc><type>FIXED</type></wpt>
<wpt lat="-23.406768" lon="-46.580180"><name>Radar 80 km/h</name><desc>Fonte: OSM</desc><type>FIXED</type></wpt>
<wpt lat="-23.406616" lon="-46.755502"><name>Radar 40 km/h</name><desc>Fonte: OSM</desc><type>FIXED</type></wpt>
<wpt lat="-23.406467" lon="-46.367685"><name>Radar</name><desc>Fonte: DER-SP</desc><type>FIXED</type></wpt>
<wpt lat="-23.406292" lon="-46.755419"><name>Radar 40 km/h</name><desc>Fonte: OSM</desc><type>FIXED</type></wpt>
<wpt lat="-23.405761" lon="-46.330032"><name>Radar 60 km/h</name><desc>Fonte: OSM</desc><type>FIXED</type></wpt>
<wpt lat="-23.405670" lon="-46.367919"><name>Radar 100 km/h</name><desc>Fonte: OSM</desc><type>FIXED</type></wpt>
<wpt lat="-23.405274" lon="-46.329866"><name>Radar 60 km/h</name><desc>Fonte: OSM</desc><type>FIXED</type></wpt>
<wpt lat="-23.404039" lon="-47.314219"><name>Radar</name><desc>Fonte: OSM</desc><type>FIXED</type></wpt>
<wpt lat="-23.403977" lon="-47.314545"><name>Radar</name><desc>Fonte: DER-SP</desc><type>FIXED</type></wpt>
<wpt lat="-23.403245" lon="-47.337454"><name>Radar</name><desc>Fonte: DER-SP</desc><type>FIXED</type></wpt>
<wpt lat="-23.402876" lon="-46.317192"><name>Radar 40 km/h</name><desc>Fonte: OSM</desc><type>FIXED</type></wpt>
<wpt lat="-23.402463" lon="-46.726419"><name>Radar 50 km/h</name><desc>Fonte: OSM</desc><type>FIXED</type></wpt>
<wpt lat="-23.402180" lon="-49.092410"><name>Radar</name><desc>Fonte: DER-SP</desc><type>FIXED</type></wpt>
<wpt lat="-23.401489" lon="-46.310494"><name>Radar</name><desc>Fonte: OSM</desc><type>FIXED</type></wpt>
<wpt lat="-23.401447" lon="-46.310269"><name>Radar</name><desc>Fonte: OSM</desc><type>FIXED</type></wpt>
<wpt lat="-23.401351" lon="-46.575830"><name>Radar 80 km/h</name><desc>Fonte: OSM</desc><type>FIXED</type></wpt>
<wpt lat="-23.401335" lon="-46.575964"><name>Radar 80 km/h</name><desc>Fonte: ANTT</desc><type>FIXED</type></wpt>
<wpt lat="-23.400849" lon="-46.344958"><name>Radar 60 km/h</name><desc>Fonte: OSM</desc><type>FIXED</type></wpt>
<wpt lat="-23.400733" lon="-45.119307"><name>Radar</name><desc>Fonte: DER-SP</desc><type>FIXED</type></wpt>
<wpt lat="-23.400593" lon="-46.345023"><name>Radar 60 km/h</name><desc>Fonte: OSM</desc><type>FIXED</type></wpt>
<wpt lat="-23.400391" lon="-46.354432"><name>Radar 60 km/h</name><desc>Fonte: OSM</desc><type>FIXED</type></wpt>
<wpt lat="-23.400347" lon="-46.768051"><name>Radar 120 km/h</name><desc>Fonte: OSM</desc><type>FIXED</type></wpt>
<wpt lat="-23.400334" lon="-46.767683"><name>Radar 120 km/h</name><desc>Fonte: OSM</desc><type>FIXED</type></wpt>
<wpt lat="-23.398374" lon="-46.717879"><name>Radar 40 km/h</name><desc>Fonte: OSM</desc><type>FIXED</type></wpt>
<wpt lat="-23.398322" lon="-46.717796"><name>Radar 40 km/h</name><desc>Fonte: OSM</desc><type>FIXED</type></wpt>
<wpt lat="-23.398212" lon="-47.374623"><name>Radar 30 km/h</name><desc>Fonte: OSM</desc><type>FIXED</type></wpt>
<wpt lat="-23.398051" lon="-46.333083"><name>Radar 60 km/h</name><desc>Fonte: OSM</desc><type>FIXED</type></wpt>
<wpt lat="-23.398035" lon="-46.296290"><name>Radar 80 km/h</name><desc>Fonte: OSM</desc><type>FIXED</type></wpt>
<wpt lat="-23.397994" lon="-46.296136"><name>Radar 80 km/h</name><desc>Fonte: ANTT</desc><type>FIXED</type></wpt>
<wpt lat="-23.397925" lon="-46.333448"><name>Radar 60 km/h</name><desc>Fonte: OSM</desc><type>FIXED</type></wpt>
<wpt lat="-23.397584" lon="-46.306001"><name>Radar 40 km/h</name><desc>Fonte: OSM</desc><type>FIXED</type></wpt>
<wpt lat="-23.397180" lon="-46.719629"><name>Radar 40 km/h</name><desc>Fonte: OSM</desc><type>FIXED</type></wpt>
<wpt lat="-23.396939" lon="-46.719793"><name>Radar 40 km/h</name><desc>Fonte: OSM</desc><type>FIXED</type></wpt>
<wpt lat="-23.396891" lon="-46.719769"><name>Radar</name><desc>Fonte: DER-SP</desc><type>FIXED</type></wpt>
<wpt lat="-23.395851" lon="-46.051274"><name>Radar 60 km/h</name><desc>Fonte: OSM</desc><type>FIXED</type></wpt>
<wpt lat="-23.392871" lon="-45.009283"><name>Radar 60 km/h</name><desc>Fonte: OSM</desc><type>FIXED</type></wpt>
<wpt lat="-23.392756" lon="-45.009061"><name>Radar 60 km/h</name><desc>Fonte: ANTT</desc><type>FIXED</type></wpt>
<wpt lat="-23.391591" lon="-46.409190"><name>Radar</name><desc>Fonte: DER-SP</desc><type>FIXED</type></wpt>
<wpt lat="-23.391583" lon="-46.409090"><name>Radar 100 km/h</name><desc>Fonte: OSM</desc><type>FIXED</type></wpt>
<wpt lat="-23.391352" lon="-46.728493"><name>Radar</name><desc>Fonte: DER-SP</desc><type>FIXED</type></wpt>
<wpt lat="-23.391157" lon="-46.317279"><name>Radar 50 km/h</name><desc>Fonte: OSM</desc><type>FIXED</type></wpt>
<wpt lat="-23.390960" lon="-46.406927"><name>Radar</name><desc>Fonte: DER-SP</desc><type>FIXED</type></wpt>
<wpt lat="-23.390954" lon="-46.406579"><name>Radar 100 km/h</name><desc>Fonte: OSM</desc><type>FIXED</type></wpt>
<wpt lat="-23.390948" lon="-49.093649"><name>Radar</name><desc>Fonte: DER-SP</desc><type>FIXED</type></wpt>
<wpt lat="-23.390553" lon="-49.549465"><name>Radar 60 km/h</name><desc>Fonte: OSM</desc><type>FIXED</type></wpt>
<wpt lat="-23.390530" lon="-49.552560"><name>Radar</name><desc>Fonte: DER-SP</desc><type>FIXED</type></wpt>
<wpt lat="-23.390497" lon="-45.655893"><name>Radar</name><desc>Fonte: DER-SP</desc><type>FIXED</type></wpt>
<wpt lat="-23.390445" lon="-49.093703"><name>Radar</name><desc>Fonte: DER-SP</desc><type>FIXED</type></wpt>
<wpt lat="-23.389108" lon="-47.776584"><name>Radar</name><desc>Fonte: DER-SP</desc><type>FIXED</type></wpt>
<wpt lat="-23.387856" lon="-46.569243"><name>Radar 80 km/h</name><desc>Fonte: OSM</desc><type>FIXED</type></wpt>
<wpt lat="-23.387687" lon="-46.569328"><name>Radar 80 km/h</name><desc>Fonte: ANTT</desc><type>FIXED</type></wpt>
<wpt lat="-23.385326" lon="-46.732669"><name>Radar 60 km/h</name><desc>Fonte: OSM</desc><type>FIXED</type></wpt>
<wpt lat="-23.385267" lon="-46.732810"><name>Radar</name><desc>Fonte: DER-SP</desc><type>FIXED</type></wpt>
<wpt lat="-23.384716" lon="-46.564797"><name>Radar 80 km/h</name><desc>Fonte: OSM</desc><type>FIXED</type></wpt>
<wpt lat="-23.384708" lon="-46.564716"><name>Radar 80 km/h</name><desc>Fonte: ANTT</desc><type>FIXED</type></wpt>
<wpt lat="-23.384073" lon="-47.473970"><name>Radar 50 km/h</name><desc>Fonte: OSM</desc><type>FIXED</type></wpt>
<wpt lat="-23.383742" lon="-48.025738"><name>Radar</name><desc>Fonte: DER-SP</desc><type>FIXED</type></wpt>
<wpt lat="-23.381121" lon="-46.259854"><name>Radar</name><desc>Fonte: OSM</desc><type>FIXED</type></wpt>
<wpt lat="-23.380924" lon="-46.259553"><name>Radar</name><desc>Fonte: OSM</desc><type>FIXED</type></wpt>
<wpt lat="-23.380871" lon="-46.259474"><name>Radar</name><desc>Fonte: OSM</desc><type>FIXED</type></wpt>
<wpt lat="-23.380658" lon="-46.258903"><name>Radar</name><desc>Fonte: OSM</desc><type>FIXED</type></wpt>
<wpt lat="-23.380635" lon="-46.259116"><name>Radar</name><desc>Fonte: OSM</desc><type>FIXED</type></wpt>
<wpt lat="-23.380229" lon="-45.157317"><name>Radar</name><desc>Fonte: DER-SP</desc><type>FIXED</type></wpt>
<wpt lat="-23.379146" lon="-46.313954"><name>Radar 40 km/h</name><desc>Fonte: OSM</desc><type>FIXED</type></wpt>
<wpt lat="-23.378978" lon="-46.313975"><name>Radar 40 km/h</name><desc>Fonte: OSM</desc><type>FIXED</type></wpt>
<wpt lat="-23.378829" lon="-46.256134"><name>Radar 110 km/h</name><desc>Fonte: OSM</desc><type>FIXED</type></wpt>
<wpt lat="-23.377089" lon="-46.250830"><name>Radar</name><desc>Fonte: OSM</desc><type>FIXED</type></wpt>
<wpt lat="-23.377050" lon="-46.250603"><name>Radar</name><desc>Fonte: OSM</desc><type>FIXED</type></wpt>
<wpt lat="-23.376876" lon="-46.249147"><name>Radar 80 km/h</name><desc>Fonte: ANTT</desc><type>FIXED</type></wpt>
<wpt lat="-23.373925" lon="-46.749358"><name>Radar 60 km/h</name><desc>Fonte: OSM</desc><type>FIXED</type></wpt>
<wpt lat="-23.373680" lon="-46.749402"><name>Radar</name><desc>Fonte: DER-SP</desc><type>FIXED</type></wpt>
<wpt lat="-23.373410" lon="-47.528654"><name>Radar</name><desc>Fonte: DER-SP</desc><type>FIXED</type></wpt>
<wpt lat="-23.372864" lon="-47.798005"><name>Radar</name><desc>Fonte: DER-SP</desc><type>FIXED</type></wpt>
<wpt lat="-23.372534" lon="-46.310220"><name>Radar 50 km/h</name><desc>Fonte: OSM</desc><type>FIXED</type></wpt>
<wpt lat="-23.371935" lon="-47.321281"><name>Radar</name><desc>Fonte: DER-SP</desc><type>FIXED</type></wpt>
<wpt lat="-23.370969" lon="-46.045071"><name>Radar</name><desc>Fonte: DER-SP</desc><type>FIXED</type></wpt>
<wpt lat="-23.370892" lon="-47.315828"><name>Radar</name><desc>Fonte: DER-SP</desc><type>FIXED</type></wpt>
<wpt lat="-23.370631" lon="-46.136145"><name>Radar</name><desc>Fonte: OSM</desc><type>FIXED</type></wpt>
<wpt lat="-23.368836" lon="-46.554098"><name>Radar 80 km/h</name><desc>Fonte: OSM</desc><type>FIXED</type></wpt>
<wpt lat="-23.368741" lon="-46.554044"><name>Radar 80 km/h</name><desc>Fonte: ANTT</desc><type>FIXED</type></wpt>
<wpt lat="-23.367528" lon="-47.533881"><name>Radar</name><desc>Fonte: DER-SP</desc><type>FIXED</type></wpt>
<wpt lat="-23.364938" lon="-47.842565"><name>Radar 40 km/h</name><desc>Fonte: OSM</desc><type>FIXED</type></wpt>
<wpt lat="-23.364226" lon="-45.139321"><name>Radar</name><desc>Fonte: DER-SP</desc><type>FIXED</type></wpt>
<wpt lat="-23.364177" lon="-45.690748"><name>Radar 80 km/h</name><desc>Fonte: OSM</desc><type>FIXED</type></wpt>
<wpt lat="-23.364110" lon="-45.690930"><name>Radar</name><desc>Fonte: DER-SP</desc><type>FIXED</type></wpt>
<wpt lat="-23.363750" lon="-46.127834"><name>Radar 120 km/h</name><desc>Fonte: OSM</desc><type>FIXED</type></wpt>
<wpt lat="-23.363282" lon="-46.751795"><name>Radar</name><desc>Fonte: DER-SP</desc><type>FIXED</type></wpt>
<wpt lat="-23.362855" lon="-46.263089"><name>Radar</name><desc>Fonte: DER-SP</desc><type>FIXED</type></wpt>
<wpt lat="-23.362835" lon="-47.308530"><name>Radar</name><desc>Fonte: DER-SP</desc><type>FIXED</type></wpt>
<wpt lat="-23.361693" lon="-46.848376"><name>Radar 80 km/h</name><desc>Fonte: OSM</desc><type>FIXED</type></wpt>
<wpt lat="-23.359716" lon="-46.077341"><name>Radar 120 km/h</name><desc>Fonte: OSM</desc><type>FIXED</type></wpt>
<wpt lat="-23.359661" lon="-46.077358"><name>Radar</name><desc>Fonte: DER-SP</desc><type>FIXED</type></wpt>
<wpt lat="-23.359597" lon="-47.883561"><name>Radar 50 km/h</name><desc>Fonte: OSM</desc><type>FIXED</type></wpt>
<wpt lat="-23.359369" lon="-47.881588"><name>Radar 50 km/h</name><desc>Fonte: OSM</desc><type>FIXED</type></wpt>
<wpt lat="-23.359153" lon="-45.202844"><name>Radar</name><desc>Fonte: DER-SP</desc><type>FIXED</type></wpt>
<wpt lat="-23.358902" lon="-46.121279"><name>Radar 120 km/h</name><desc>Fonte: OSM</desc><type>FIXED</type></wpt>
<wpt lat="-23.358791" lon="-47.878026"><name>Radar 50 km/h</name><desc>Fonte: OSM</desc><type>FIXED</type></wpt>
<wpt lat="-23.358654" lon="-47.877867"><name>Radar 50 km/h</name><desc>Fonte: OSM</desc><type>FIXED</type></wpt>
<wpt lat="-23.357790" lon="-46.155571"><name>Radar</name><desc>Fonte: OSM</desc><type>FIXED</type></wpt>
<wpt lat="-23.357699" lon="-46.155440"><name>Radar</name><desc>Fonte: OSM</desc><type>FIXED</type></wpt>
<wpt lat="-23.356963" lon="-47.871514"><name>Radar 50 km/h</name><desc>Fonte: OSM</desc><type>FIXED</type></wpt>
<wpt lat="-23.356248" lon="-47.807829"><name>Radar 80 km/h</name><desc>Fonte: OSM</desc><type>FIXED</type></wpt>
<wpt lat="-23.356190" lon="-47.808268"><name>Radar</name><desc>Fonte: DER-SP</desc><type>FIXED</type></wpt>
<wpt lat="-23.354511" lon="-46.877506"><name>Radar 30 km/h</name><desc>Fonte: OSM</desc><type>FIXED</type></wpt>
<wpt lat="-23.354478" lon="-46.877542"><name>Radar 30 km/h</name><desc>Fonte: OSM</desc><type>FIXED</type></wpt>
<wpt lat="-23.354005" lon="-47.859953"><name>Radar 50 km/h</name><desc>Fonte: OSM</desc><type>FIXED</type></wpt>
<wpt lat="-23.353256" lon="-47.308348"><name>Radar</name><desc>Fonte: DER-SP</desc><type>FIXED</type></wpt>
<wpt lat="-23.352122" lon="-46.186541"><name>Radar 110 km/h</name><desc>Fonte: OSM</desc><type>FIXED</type></wpt>
<wpt lat="-23.351369" lon="-46.744379"><name>Radar</name><desc>Fonte: DER-SP</desc><type>FIXED</type></wpt>
<wpt lat="-23.351234" lon="-47.822147"><name>Radar 30 km/h</name><desc>Fonte: OSM</desc><type>FIXED</type></wpt>
<wpt lat="-23.351201" lon="-47.822255"><name>Radar 30 km/h</name><desc>Fonte: OSM</desc><type>FIXED</type></wpt>
<wpt lat="-23.350441" lon="-47.515730"><name>Radar</name><desc>Fonte: OSM</desc><type>FIXED</type></wpt>
<wpt lat="-23.350232" lon="-47.516077"><name>Radar</name><desc>Fonte: DER-SP</desc><type>FIXED</type></wpt>
<wpt lat="-23.350153" lon="-47.516216"><name>Radar</name><desc>Fonte: DER-SP</desc><type>FIXED</type></wpt>
<wpt lat="-23.349188" lon="-46.556532"><name>Radar 80 km/h</name><desc>Fonte: ANTT</desc><type>FIXED</type></wpt>
<wpt lat="-23.349136" lon="-46.556236"><name>Radar 80 km/h</name><desc>Fonte: OSM</desc><type>FIXED</type></wpt>
<wpt lat="-23.348558" lon="-46.201135"><name>Radar</name><desc>Fonte: DER-SP</desc><type>FIXED</type></wpt>
<wpt lat="-23.348486" lon="-45.708917"><name>Radar 80 km/h</name><desc>Fonte: OSM</desc><type>FIXED</type></wpt>
<wpt lat="-23.347285" lon="-45.709698"><name>Radar 60 km/h</name><desc>Fonte: OSM</desc><type>FIXED</type></wpt>
<wpt lat="-23.347250" lon="-45.709720"><name>Radar</name><desc>Fonte: DER-SP</desc><type>FIXED</type></wpt>
<wpt lat="-23.345416" lon="-46.426871"><name>Radar</name><desc>Fonte: DER-SP</desc><type>FIXED</type></wpt>
<wpt lat="-23.342303" lon="-45.968103"><name>Radar 120 km/h</name><desc>Fonte: OSM</desc><type>FIXED</type></wpt>
<wpt lat="-23.342080" lon="-45.967869"><name>Radar 120 km/h</name><desc>Fonte: OSM</desc><type>FIXED</type></wpt>
<wpt lat="-23.340211" lon="-46.061506"><name>Radar 70 km/h</name><desc>Fonte: OSM</desc><type>FIXED</type></wpt>
<wpt lat="-23.340097" lon="-46.150720"><name>Radar</name><desc>Fonte: OSM</desc><type>FIXED</type></wpt>
<wpt lat="-23.340038" lon="-46.061563"><name>Radar 60 km/h</name><desc>Fonte: OSM</desc><type>FIXED</type></wpt>
<wpt lat="-23.339888" lon="-46.738168"><name>Radar</name><desc>Fonte: DER-SP</desc><type>FIXED</type></wpt>
<wpt lat="-23.339320" lon="-46.061863"><name>Radar</name><desc>Fonte: DER-SP</desc><type>FIXED</type></wpt>
<wpt lat="-23.337840" lon="-46.024037"><name>Radar</name><desc>Fonte: DER-SP</desc><type>FIXED</type></wpt>
<wpt lat="-23.337703" lon="-46.658720"><name>Radar</name><desc>Fonte: DER-SP</desc><type>FIXED</type></wpt>
<wpt lat="-23.335615" lon="-46.001549"><name>Radar 40 km/h</name><desc>Fonte: OSM</desc><type>FIXED</type></wpt>
<wpt lat="-23.335614" lon="-46.001473"><name>Radar 40 km/h</name><desc>Fonte: OSM</desc><type>FIXED</type></wpt>
<wpt lat="-23.335228" lon="-45.480327"><name>Radar</name><desc>Fonte: DER-SP</desc><type>FIXED</type></wpt>
<wpt lat="-23.334684" lon="-46.720504"><name>Radar</name><desc>Fonte: DER-SP</desc><type>FIXED</type></wpt>
<wpt lat="-23.334254" lon="-46.141197"><name>Radar</name><desc>Fonte: OSM</desc><type>FIXED</type></wpt>
<wpt lat="-23.334211" lon="-46.746560"><name>Radar</name><desc>Fonte: DER-SP</desc><type>FIXED</type></wpt>
<wpt lat="-23.334124" lon="-46.746689"><name>Radar 40 km/h</name><desc>Fonte: OSM</desc><type>FIXED</type></wpt>
<wpt lat="-23.334115" lon="-46.673692"><name>Radar</name><desc>Fonte: DER-SP</desc><type>FIXED</type></wpt>
<wpt lat="-23.334086" lon="-46.746584"><name>Radar 40 km/h</name><desc>Fonte: OSM</desc><type>FIXED</type></wpt>
<wpt lat="-23.333255" lon="-46.823939"><name>Radar</name><desc>Fonte: DER-SP</desc><type>FIXED</type></wpt>
<wpt lat="-23.331865" lon="-46.622108"><name>Radar</name><desc>Fonte: DER-SP</desc><type>FIXED</type></wpt>
<wpt lat="-23.331773" lon="-46.136385"><name>Radar</name><desc>Fonte: OSM</desc><type>FIXED</type></wpt>
<wpt lat="-23.331685" lon="-46.716613"><name>Radar</name><desc>Fonte: DER-SP</desc><type>FIXED</type></wpt>
<wpt lat="-23.331677" lon="-46.716600"><name>Radar 40 km/h</name><desc>Fonte: OSM</desc><type>FIXED</type></wpt>
<wpt lat="-23.331634" lon="-46.716641"><name>Radar 40 km/h</name><desc>Fonte: OSM</desc><type>FIXED</type></wpt>
<wpt lat="-23.330783" lon="-46.701277"><name>Radar</name><desc>Fonte: DER-SP</desc><type>FIXED</type></wpt>
<wpt lat="-23.330100" lon="-47.847000"><name>Radar</name><desc>Fonte: DER-SP</desc><type>FIXED</type></wpt>
<wpt lat="-23.329600" lon="-45.923100"><name>Radar</name><desc>Fonte: DER-SP</desc><type>FIXED</type></wpt>
<wpt lat="-23.329422" lon="-46.131810"><name>Radar</name><desc>Fonte: OSM</desc><type>FIXED</type></wpt>
<wpt lat="-23.328064" lon="-46.751022"><name>Radar</name><desc>Fonte: DER-SP</desc><type>FIXED</type></wpt>
<wpt lat="-23.328034" lon="-46.751006"><name>Radar 40 km/h</name><desc>Fonte: OSM</desc><type>FIXED</type></wpt>
<wpt lat="-23.327982" lon="-46.750925"><name>Radar 40 km/h</name><desc>Fonte: OSM</desc><type>FIXED</type></wpt>
<wpt lat="-23.327579" lon="-45.996763"><name>Radar 60 km/h</name><desc>Fonte: OSM</desc><type>FIXED</type></wpt>
<wpt lat="-23.327358" lon="-45.996635"><name>Radar 60 km/h</name><desc>Fonte: OSM</desc><type>FIXED</type></wpt>
<wpt lat="-23.327093" lon="-45.996487"><name>Radar</name><desc>Fonte: DER-SP</desc><type>FIXED</type></wpt>
<wpt lat="-23.325958" lon="-46.751961"><name>Radar</name><desc>Fonte: DER-SP</desc><type>FIXED</type></wpt>
<wpt lat="-23.325879" lon="-46.752091"><name>Radar de trecho 40 km/h</name><desc>Fonte: OSM</desc><type>SECTION</type></wpt>
<wpt lat="-23.324747" lon="-46.123413"><name>Radar</name><desc>Fonte: OSM</desc><type>FIXED</type></wpt>
<wpt lat="-23.324557" lon="-46.123146"><name>Radar</name><desc>Fonte: OSM</desc><type>FIXED</type></wpt>
<wpt lat="-23.324403" lon="-45.915583"><name>Radar</name><desc>Fonte: DER-SP</desc><type>FIXED</type></wpt>
<wpt lat="-23.324337" lon="-45.915489"><name>Radar 120 km/h</name><desc>Fonte: OSM</desc><type>FIXED</type></wpt>
<wpt lat="-23.323896" lon="-46.122749"><name>Radar 30 km/h</name><desc>Fonte: OSM</desc><type>FIXED</type></wpt>
<wpt lat="-23.323751" lon="-46.122875"><name>Radar 30 km/h</name><desc>Fonte: OSM</desc><type>FIXED</type></wpt>
<wpt lat="-23.323231" lon="-46.120405"><name>Radar</name><desc>Fonte: OSM</desc><type>FIXED</type></wpt>
<wpt lat="-23.323017" lon="-46.120196"><name>Radar</name><desc>Fonte: OSM</desc><type>FIXED</type></wpt>
<wpt lat="-23.322625" lon="-46.070903"><name>Radar</name><desc>Fonte: DER-SP</desc><type>FIXED</type></wpt>
<wpt lat="-23.322592" lon="-47.300459"><name>Radar</name><desc>Fonte: DER-SP</desc><type>FIXED</type></wpt>
<wpt lat="-23.322289" lon="-45.743087"><name>Radar 80 km/h</name><desc>Fonte: OSM</desc><type>FIXED</type></wpt>
<wpt lat="-23.321819" lon="-46.113106"><name>Radar</name><desc>Fonte: OSM</desc><type>FIXED</type></wpt>
<wpt lat="-23.321753" lon="-45.112395"><name>Radar 110 km/h</name><desc>Fonte: ANTT</desc><type>FIXED</type></wpt>
<wpt lat="-23.321462" lon="-46.111842"><name>Radar</name><desc>Fonte: OSM</desc><type>FIXED</type></wpt>
<wpt lat="-23.319947" lon="-45.990412"><name>Radar</name><desc>Fonte: DER-SP</desc><type>FIXED</type></wpt>
<wpt lat="-23.319827" lon="-46.753624"><name>Radar</name><desc>Fonte: DER-SP</desc><type>FIXED</type></wpt>
<wpt lat="-23.319789" lon="-47.327920"><name>Radar 110 km/h</name><desc>Fonte: OSM</desc><type>FIXED</type></wpt>
<wpt lat="-23.319357" lon="-46.087490"><name>Radar</name><desc>Fonte: OSM</desc><type>FIXED</type></wpt>
<wpt lat="-23.316834" lon="-46.583448"><name>Radar</name><desc>Fonte: OSM</desc><type>FIXED</type></wpt>
<wpt lat="-23.316438" lon="-46.754278"><name>Radar</name><desc>Fonte: DER-SP</desc><type>FIXED</type></wpt>
<wpt lat="-23.315608" lon="-47.302143"><name>Radar</name><desc>Fonte: DER-SP</desc><type>FIXED</type></wpt>
<wpt lat="-23.315398" lon="-46.074410"><name>Radar 100 km/h</name><desc>Fonte: OSM</desc><type>FIXED</type></wpt>
<wpt lat="-23.315293" lon="-46.072705"><name>Radar 100 km/h</name><desc>Fonte: OSM</desc><type>FIXED</type></wpt>
<wpt lat="-23.315197" lon="-46.071966"><name>Radar</name><desc>Fonte: OSM</desc><type>FIXED</type></wpt>
<wpt lat="-23.314380" lon="-49.470029"><name>Radar 60 km/h</name><desc>Fonte: OSM</desc><type>FIXED</type></wpt>
<wpt lat="-23.313520" lon="-46.824829"><name>Radar</name><desc>Fonte: OSM</desc><type>FIXED</type></wpt>
<wpt lat="-23.313432" lon="-46.824902"><name>Radar</name><desc>Fonte: OSM</desc><type>FIXED</type></wpt>
<wpt lat="-23.312602" lon="-46.817793"><name>Radar</name><desc>Fonte: DER-SP</desc><type>FIXED</type></wpt>
<wpt lat="-23.311808" lon="-46.577773"><name>Radar</name><desc>Fonte: DER-SP</desc><type>FIXED</type></wpt>
<wpt lat="-23.310652" lon="-45.934019"><name>Radar</name><desc>Fonte: DER-SP</desc><type>FIXED</type></wpt>
<wpt lat="-23.309793" lon="-45.941288"><name>Radar</name><desc>Fonte: DER-SP</desc><type>FIXED</type></wpt>
<wpt lat="-23.309596" lon="-45.941370"><name>Radar 50 km/h</name><desc>Fonte: OSM</desc><type>FIXED</type></wpt>
<wpt lat="-23.309522" lon="-45.941543"><name>Radar 50 km/h</name><desc>Fonte: OSM</desc><type>FIXED</type></wpt>
<wpt lat="-23.309499" lon="-47.796568"><name>Radar 80 km/h</name><desc>Fonte: OSM</desc><type>FIXED</type></wpt>
<wpt lat="-23.309320" lon="-45.766220"><name>Radar</name><desc>Fonte: DER-SP</desc><type>FIXED</type></wpt>
<wpt lat="-23.309150" lon="-45.766340"><name>Radar</name><desc>Fonte: DER-SP</desc><type>FIXED</type></wpt>
<wpt lat="-23.309101" lon="-45.766278"><name>Radar 80 km/h</name><desc>Fonte: OSM</desc><type>FIXED</type></wpt>
<wpt lat="-23.308995" lon="-45.977404"><name>Radar 40 km/h</name><desc>Fonte: OSM</desc><type>FIXED</type></wpt>
<wpt lat="-23.308792" lon="-45.977213"><name>Radar 40 km/h</name><desc>Fonte: OSM</desc><type>FIXED</type></wpt>
<wpt lat="-23.307388" lon="-45.975302"><name>Radar 40 km/h</name><desc>Fonte: OSM</desc><type>FIXED</type></wpt>
<wpt lat="-23.306734" lon="-46.568349"><name>Radar</name><desc>Fonte: DER-SP</desc><type>FIXED</type></wpt>
<wpt lat="-23.305295" lon="-45.974207"><name>Radar 40 km/h</name><desc>Fonte: OSM</desc><type>FIXED</type></wpt>
<wpt lat="-23.305250" lon="-46.760477"><name>Radar</name><desc>Fonte: DER-SP</desc><type>FIXED</type></wpt>
<wpt lat="-23.304791" lon="-45.974339"><name>Radar 40 km/h</name><desc>Fonte: OSM</desc><type>FIXED</type></wpt>
<wpt lat="-23.303650" lon="-46.811113"><name>Radar 60 km/h</name><desc>Fonte: OSM</desc><type>FIXED</type></wpt>
<wpt lat="-23.303594" lon="-46.811165"><name>Radar 60 km/h</name><desc>Fonte: OSM</desc><type>FIXED</type></wpt>
<wpt lat="-23.303061" lon="-46.810768"><name>Radar</name><desc>Fonte: DER-SP</desc><type>FIXED</type></wpt>
<wpt lat="-23.301606" lon="-45.958642"><name>Radar 40 km/h</name><desc>Fonte: OSM</desc><type>FIXED</type></wpt>
<wpt lat="-23.300632" lon="-46.754953"><name>Radar</name><desc>Fonte: DER-SP</desc><type>FIXED</type></wpt>
<wpt lat="-23.299292" lon="-47.146027"><name>Radar</name><desc>Fonte: DER-SP</desc><type>FIXED</type></wpt>
<wpt lat="-23.298417" lon="-46.780137"><name>Radar</name><desc>Fonte: DER-SP</desc><type>FIXED</type></wpt>
<wpt lat="-23.296770" lon="-46.737183"><name>Radar 40 km/h</name><desc>Fonte: OSM</desc><type>FIXED</type></wpt>
<wpt lat="-23.296687" lon="-46.737246"><name>Radar 40 km/h</name><desc>Fonte: OSM</desc><type>FIXED</type></wpt>
<wpt lat="-23.296231" lon="-45.954446"><name>Avanço de sinal</name><desc>Fonte: OSM</desc><type>RED_LIGHT</type></wpt>
<wpt lat="-23.293521" lon="-47.696146"><name>Radar 40 km/h</name><desc>Fonte: OSM</desc><type>FIXED</type></wpt>
<wpt lat="-23.292773" lon="-45.956138"><name>Avanço de sinal</name><desc>Fonte: OSM</desc><type>RED_LIGHT</type></wpt>
<wpt lat="-23.292105" lon="-46.788015"><name>Radar</name><desc>Fonte: DER-SP</desc><type>FIXED</type></wpt>
<wpt lat="-23.292017" lon="-45.518242"><name>Radar</name><desc>Fonte: DER-SP</desc><type>FIXED</type></wpt>
<wpt lat="-23.289138" lon="-46.587920"><name>Radar 80 km/h</name><desc>Fonte: ANTT</desc><type>FIXED</type></wpt>
<wpt lat="-23.288977" lon="-46.587779"><name>Radar 80 km/h</name><desc>Fonte: OSM</desc><type>FIXED</type></wpt>
<wpt lat="-23.288568" lon="-46.232340"><name>Radar</name><desc>Fonte: DER-SP</desc><type>FIXED</type></wpt>
<wpt lat="-23.287976" lon="-47.528352"><name>Radar 80 km/h</name><desc>Fonte: OSM</desc><type>FIXED</type></wpt>
<wpt lat="-23.287915" lon="-47.681469"><name>Radar 40 km/h</name><desc>Fonte: OSM</desc><type>FIXED</type></wpt>
<wpt lat="-23.287804" lon="-47.528272"><name>Radar</name><desc>Fonte: DER-SP</desc><type>FIXED</type></wpt>
<wpt lat="-23.287528" lon="-45.993608"><name>Radar</name><desc>Fonte: OSM</desc><type>FIXED</type></wpt>
<wpt lat="-23.287517" lon="-45.993596"><name>Radar 110 km/h</name><desc>Fonte: ANTT</desc><type>FIXED</type></wpt>
<wpt lat="-23.287422" lon="-47.653413"><name>Radar 50 km/h</name><desc>Fonte: OSM</desc><type>FIXED</type></wpt>
<wpt lat="-23.287400" lon="-45.993408"><name>Radar</name><desc>Fonte: OSM</desc><type>FIXED</type></wpt>
<wpt lat="-23.287333" lon="-47.653338"><name>Radar 50 km/h</name><desc>Fonte: OSM</desc><type>FIXED</type></wpt>
<wpt lat="-23.287294" lon="-47.644960"><name>Radar</name><desc>Fonte: OSM</desc><type>FIXED</type></wpt>
<wpt lat="-23.287266" lon="-45.954506"><name>Avanço de sinal</name><desc>Fonte: OSM</desc><type>RED_LIGHT</type></wpt>
<wpt lat="-23.285723" lon="-47.655421"><name>Radar 50 km/h</name><desc>Fonte: OSM</desc><type>FIXED</type></wpt>
<wpt lat="-23.285457" lon="-47.292122"><name>Radar</name><desc>Fonte: DER-SP</desc><type>FIXED</type></wpt>
<wpt lat="-23.284465" lon="-46.847783"><name>Radar</name><desc>Fonte: DER-SP</desc><type>FIXED</type></wpt>
<wpt lat="-23.284427" lon="-46.847704"><name>Radar 120 km/h</name><desc>Fonte: OSM</desc><type>FIXED</type></wpt>
<wpt lat="-23.284400" lon="-46.847600"><name>Radar</name><desc>Fonte: DER-SP</desc><type>FIXED</type></wpt>
<wpt lat="-23.283800" lon="-45.860300"><name>Radar</name><desc>Fonte: DER-SP</desc><type>FIXED</type></wpt>
<wpt lat="-23.283650" lon="-47.792877"><name>Radar</name><desc>Fonte: DER-SP</desc><type>FIXED</type></wpt>
<wpt lat="-23.283644" lon="-47.793017"><name>Radar</name><desc>Fonte: OSM</desc><type>FIXED</type></wpt>
<wpt lat="-23.283630" lon="-47.792940"><name>Radar</name><desc>Fonte: DER-SP</desc><type>FIXED</type></wpt>
<wpt lat="-23.283004" lon="-47.659366"><name>Radar 40 km/h</name><desc>Fonte: OSM</desc><type>FIXED</type></wpt>
<wpt lat="-23.281952" lon="-46.804794"><name>Radar</name><desc>Fonte: DER-SP</desc><type>FIXED</type></wpt>
<wpt lat="-23.279428" lon="-46.239359"><name>Radar</name><desc>Fonte: DER-SP</desc><type>FIXED</type></wpt>
<wpt lat="-23.277939" lon="-45.845148"><name>Radar 120 km/h</name><desc>Fonte: OSM</desc><type>FIXED</type></wpt>
<wpt lat="-23.277866" lon="-45.852066"><name>Radar 120 km/h</name><desc>Fonte: OSM</desc><type>FIXED</type></wpt>
<wpt lat="-23.276769" lon="-47.680312"><name>Radar 40 km/h</name><desc>Fonte: OSM</desc><type>FIXED</type></wpt>
<wpt lat="-23.276613" lon="-47.695033"><name>Radar</name><desc>Fonte: DER-SP</desc><type>FIXED</type></wpt>
<wpt lat="-23.276145" lon="-45.842294"><name>Radar 120 km/h</name><desc>Fonte: OSM</desc><type>FIXED</type></wpt>
<wpt lat="-23.274715" lon="-45.973861"><name>Radar 110 km/h</name><desc>Fonte: OSM</desc><type>FIXED</type></wpt>
<wpt lat="-23.271290" lon="-45.918488"><name>Radar</name><desc>Fonte: DER-SP</desc><type>FIXED</type></wpt>
<wpt lat="-23.270914" lon="-47.681037"><name>Radar 60 km/h</name><desc>Fonte: OSM</desc><type>FIXED</type></wpt>
<wpt lat="-23.270772" lon="-47.680824"><name>Radar 60 km/h</name><desc>Fonte: OSM</desc><type>FIXED</type></wpt>
<wpt lat="-23.270328" lon="-45.966871"><name>Radar 110 km/h</name><desc>Fonte: OSM</desc><type>FIXED</type></wpt>
<wpt lat="-23.269202" lon="-45.950427"><name>Avanço de sinal</name><desc>Fonte: OSM</desc><type>RED_LIGHT</type></wpt>
<wpt lat="-23.268480" lon="-45.950481"><name>Avanço de sinal</name><desc>Fonte: OSM</desc><type>RED_LIGHT</type></wpt>
<wpt lat="-23.266741" lon="-46.815521"><name>Radar</name><desc>Fonte: DER-SP</desc><type>FIXED</type></wpt>
<wpt lat="-23.266698" lon="-45.961183"><name>Radar 110 km/h</name><desc>Fonte: OSM</desc><type>FIXED</type></wpt>
<wpt lat="-23.265753" lon="-48.146285"><name>Radar 80 km/h</name><desc>Fonte: OSM</desc><type>FIXED</type></wpt>
<wpt lat="-23.265698" lon="-48.146458"><name>Radar</name><desc>Fonte: DER-SP</desc><type>FIXED</type></wpt>
<wpt lat="-23.265697" lon="-46.797535"><name>Radar</name><desc>Fonte: DER-SP</desc><type>FIXED</type></wpt>
<wpt lat="-23.265647" lon="-45.929483"><name>Radar</name><desc>Fonte: DER-SP</desc><type>FIXED</type></wpt>
<wpt lat="-23.264090" lon="-45.950195"><name>Radar</name><desc>Fonte: OSM</desc><type>FIXED</type></wpt>
<wpt lat="-23.261252" lon="-47.931602"><name>Radar</name><desc>Fonte: DER-SP</desc><type>FIXED</type></wpt>
<wpt lat="-23.259587" lon="-48.138325"><name>Radar</name><desc>Fonte: DER-SP</desc><type>FIXED</type></wpt>
<wpt lat="-23.258807" lon="-48.137645"><name>Radar 80 km/h</name><desc>Fonte: OSM</desc><type>FIXED</type></wpt>
<wpt lat="-23.257892" lon="-47.168477"><name>Radar</name><desc>Fonte: DER-SP</desc><type>FIXED</type></wpt>
<wpt lat="-23.257788" lon="-47.166997"><name>Radar</name><desc>Fonte: DER-SP</desc><type>FIXED</type></wpt>
<wpt lat="-23.256581" lon="-46.089261"><name>Radar 100 km/h</name><desc>Fonte: OSM</desc><type>FIXED</type></wpt>
<wpt lat="-23.256455" lon="-46.089198"><name>Radar</name><desc>Fonte: DER-SP</desc><type>FIXED</type></wpt>
<wpt lat="-23.255900" lon="-48.991900"><name>Radar</name><desc>Fonte: DER-SP</desc><type>FIXED</type></wpt>
<wpt lat="-23.254167" lon="-47.348611"><name>Radar</name><desc>Fonte: DER-SP</desc><type>FIXED</type></wpt>
<wpt lat="-23.253742" lon="-45.296310"><name>Radar</name><desc>Fonte: DER-SP</desc><type>FIXED</type></wpt>
<wpt lat="-23.252112" lon="-45.938697"><name>Radar 80 km/h</name><desc>Fonte: OSM</desc><type>FIXED</type></wpt>
<wpt lat="-23.252101" lon="-45.938377"><name>Radar 80 km/h</name><desc>Fonte: OSM</desc><type>FIXED</type></wpt>
<wpt lat="-23.250076" lon="-47.366239"><name>Radar 80 km/h</name><desc>Fonte: OSM</desc><type>FIXED</type></wpt>
<wpt lat="-23.250023" lon="-47.366300"><name>Radar</name><desc>Fonte: DER-SP</desc><type>FIXED</type></wpt>
<wpt lat="-23.249671" lon="-46.106980"><name>Radar 110 km/h</name><desc>Fonte: OSM</desc><type>FIXED</type></wpt>
<wpt lat="-23.249475" lon="-46.107193"><name>Radar</name><desc>Fonte: DER-SP</desc><type>FIXED</type></wpt>
<wpt lat="-23.249315" lon="-47.222282"><name>Radar</name><desc>Fonte: DER-SP</desc><type>FIXED</type></wpt>
<wpt lat="-23.249180" lon="-47.367265"><name>Radar 80 km/h</name><desc>Fonte: OSM</desc><type>FIXED</type></wpt>
<wpt lat="-23.249124" lon="-47.223253"><name>Radar</name><desc>Fonte: DER-SP</desc><type>FIXED</type></wpt>
<wpt lat="-23.249116" lon="-47.367298"><name>Radar</name><desc>Fonte: DER-SP</desc><type>FIXED</type></wpt>
<wpt lat="-23.248484" lon="-46.790209"><name>Radar</name><desc>Fonte: DER-SP</desc><type>FIXED</type></wpt>
<wpt lat="-23.248411" lon="-46.790231"><name>Radar 80 km/h</name><desc>Fonte: OSM</desc><type>FIXED</type></wpt>
<wpt lat="-23.247716" lon="-47.306393"><name>Radar 40 km/h</name><desc>Fonte: OSM</desc><type>FIXED</type></wpt>
<wpt lat="-23.246724" lon="-47.306731"><name>Radar 40 km/h</name><desc>Fonte: OSM</desc><type>FIXED</type></wpt>
<wpt lat="-23.244709" lon="-45.907327"><name>Radar 50 km/h</name><desc>Fonte: OSM</desc><type>FIXED</type></wpt>
<wpt lat="-23.244030" lon="-47.306940"><name>Radar</name><desc>Fonte: DER-SP</desc><type>FIXED</type></wpt>
<wpt lat="-23.242355" lon="-46.827718"><name>Radar</name><desc>Fonte: DER-SP</desc><type>FIXED</type></wpt>
<wpt lat="-23.239444" lon="-47.306236"><name>Radar</name><desc>Fonte: DER-SP</desc><type>FIXED</type></wpt>
<wpt lat="-23.238910" lon="-49.426540"><name>Radar</name><desc>Fonte: DER-SP</desc><type>FIXED</type></wpt>
<wpt lat="-23.238019" lon="-45.919475"><name>Radar 100 km/h</name><desc>Fonte: OSM</desc><type>FIXED</type></wpt>
<wpt lat="-23.237903" lon="-45.919601"><name>Radar 100 km/h</name><desc>Fonte: OSM</desc><type>FIXED</type></wpt>
<wpt lat="-23.237070" lon="-46.124888"><name>Radar</name><desc>Fonte: OSM</desc><type>FIXED</type></wpt>
<wpt lat="-23.235357" lon="-45.884674"><name>Radar 50 km/h</name><desc>Fonte: OSM</desc><type>FIXED</type></wpt>
<wpt lat="-23.232157" lon="-45.918785"><name>Radar 50 km/h</name><desc>Fonte: OSM</desc><type>FIXED</type></wpt>
<wpt lat="-23.229833" lon="-47.518683"><name>Radar 50 km/h</name><desc>Fonte: OSM</desc><type>FIXED</type></wpt>
<wpt lat="-23.228702" lon="-45.313562"><name>Radar</name><desc>Fonte: DER-SP</desc><type>FIXED</type></wpt>
<wpt lat="-23.228614" lon="-45.909990"><name>Radar 70 km/h</name><desc>Fonte: OSM</desc><type>FIXED</type></wpt>
<wpt lat="-23.228595" lon="-45.727756"><name>Radar 110 km/h</name><desc>Fonte: ANTT</desc><type>FIXED</type></wpt>
<wpt lat="-23.228529" lon="-45.871930"><name>Radar</name><desc>Fonte: OSM</desc><type>FIXED</type></wpt>
<wpt lat="-23.227856" lon="-46.407335"><name>Radar</name><desc>Fonte: DER-SP</desc><type>FIXED</type></wpt>
<wpt lat="-23.227812" lon="-47.518928"><name>Radar 50 km/h</name><desc>Fonte: OSM</desc><type>FIXED</type></wpt>
<wpt lat="-23.225307" lon="-45.313727"><name>Radar 40 km/h</name><desc>Fonte: OSM</desc><type>FIXED</type></wpt>
<wpt lat="-23.222384" lon="-45.902207"><name>Radar 70 km/h</name><desc>Fonte: OSM</desc><type>FIXED</type></wpt>
<wpt lat="-23.221471" lon="-45.911149"><name>Radar 60 km/h</name><desc>Fonte: OSM</desc><type>FIXED</type></wpt>
<wpt lat="-23.221374" lon="-46.879062"><name>Radar 100 km/h</name><desc>Fonte: OSM</desc><type>FIXED</type></wpt>
<wpt lat="-23.221335" lon="-46.879051"><name>Radar</name><desc>Fonte: DER-SP</desc><type>FIXED</type></wpt>
<wpt lat="-23.221319" lon="-45.911207"><name>Radar 60 km/h</name><desc>Fonte: OSM</desc><type>FIXED</type></wpt>
<wpt lat="-23.220713" lon="-46.880242"><name>Radar</name><desc>Fonte: DER-SP</desc><type>FIXED</type></wpt>
<wpt lat="-23.219820" lon="-47.303735"><name>Radar</name><desc>Fonte: OSM</desc><type>FIXED</type></wpt>
<wpt lat="-23.219780" lon="-49.249720"><name>Radar</name><desc>Fonte: DER-SP</desc><type>FIXED</type></wpt>
<wpt lat="-23.218869" lon="-46.881537"><name>Radar</name><desc>Fonte: DER-SP</desc><type>FIXED</type></wpt>
<wpt lat="-23.214226" lon="-46.165982"><name>Radar</name><desc>Fonte: DER-SP</desc><type>FIXED</type></wpt>
<wpt lat="-23.213100" lon="-47.296624"><name>Radar</name><desc>Fonte: DER-SP</desc><type>FIXED</type></wpt>
<wpt lat="-23.212366" lon="-48.070734"><name>Radar</name><desc>Fonte: DER-SP</desc><type>FIXED</type></wpt>
<wpt lat="-23.211420" lon="-49.372940"><name>Radar</name><desc>Fonte: DER-SP</desc><type>FIXED</type></wpt>
<wpt lat="-23.208305" lon="-45.887484"><name>Radar 100 km/h</name><desc>Fonte: OSM</desc><type>FIXED</type></wpt>
<wpt lat="-23.208217" lon="-45.887550"><name>Radar 100 km/h</name><desc>Fonte: OSM</desc><type>FIXED</type></wpt>
<wpt lat="-23.208122" lon="-45.887650"><name>Radar 100 km/h</name><desc>Fonte: OSM</desc><type>FIXED</type></wpt>
<wpt lat="-23.207933" lon="-45.908118"><name>Radar</name><desc>Fonte: OSM</desc><type>FIXED</type></wpt>
<wpt lat="-23.207826" lon="-45.422963"><name>Radar</name><desc>Fonte: DER-SP</desc><type>FIXED</type></wpt>
<wpt lat="-23.207798" lon="-45.423040"><name>Radar</name><desc>Fonte: OSM</desc><type>FIXED</type></wpt>
<wpt lat="-23.207710" lon="-45.422621"><name>Radar</name><desc>Fonte: OSM</desc><type>FIXED</type></wpt>
<wpt lat="-23.206541" lon="-45.904992"><name>Radar 50 km/h</name><desc>Fonte: OSM</desc><type>FIXED</type></wpt>
<wpt lat="-23.203690" lon="-45.882728"><name>Radar 110 km/h</name><desc>Fonte: ANTT</desc><type>FIXED</type></wpt>
<wpt lat="-23.203606" lon="-45.904512"><name>Radar 50 km/h</name><desc>Fonte: OSM</desc><type>FIXED</type></wpt>
<wpt lat="-23.203588" lon="-48.209332"><name>Radar</name><desc>Fonte: DER-SP</desc><type>FIXED</type></wpt>
<wpt lat="-23.203531" lon="-48.209249"><name>Radar</name><desc>Fonte: OSM</desc><type>FIXED</type></wpt>
<wpt lat="-23.203500" lon="-48.209400"><name>Radar</name><desc>Fonte: DER-SP</desc><type>FIXED</type></wpt>
<wpt lat="-23.199457" lon="-46.796708"><name>Radar</name><desc>Fonte: DER-SP</desc><type>FIXED</type></wpt>
<wpt lat="-23.199294" lon="-45.436114"><name>Radar</name><desc>Fonte: OSM</desc><type>FIXED</type></wpt>
<wpt lat="-23.199108" lon="-45.436418"><name>Radar</name><desc>Fonte: DER-SP</desc><type>FIXED</type></wpt>
<wpt lat="-23.199043" lon="-45.436548"><name>Radar</name><desc>Fonte: OSM</desc><type>FIXED</type></wpt>
<wpt lat="-23.197184" lon="-46.183996"><name>Radar</name><desc>Fonte: OSM</desc><type>FIXED</type></wpt>
<wpt lat="-23.196315" lon="-45.467952"><name>Radar</name><desc>Fonte: DER-SP</desc><type>FIXED</type></wpt>
<wpt lat="-23.195283" lon="-46.886219"><name>Radar 50 km/h</name><desc>Fonte: OSM</desc><type>FIXED</type></wpt>
<wpt lat="-23.194728" lon="-47.532369"><name>Radar</name><desc>Fonte: OSM</desc><type>FIXED</type></wpt>
<wpt lat="-23.194111" lon="-45.885498"><name>Radar 50 km/h</name><desc>Fonte: OSM</desc><type>FIXED</type></wpt>
<wpt lat="-23.194087" lon="-45.885594"><name>Radar</name><desc>Fonte: OSM</desc><type>FIXED</type></wpt>
<wpt lat="-23.194019" lon="-48.235728"><name>Radar 120 km/h</name><desc>Fonte: OSM</desc><type>FIXED</type></wpt>
<wpt lat="-23.193900" lon="-48.235800"><name>Radar</name><desc>Fonte: DER-SP</desc><type>FIXED</type></wpt>
<wpt lat="-23.193875" lon="-48.235869"><name>Radar</name><desc>Fonte: DER-SP</desc><type>FIXED</type></wpt>
<wpt lat="-23.190973" lon="-46.989221"><name>Radar</name><desc>Fonte: DER-SP</desc><type>FIXED</type></wpt>
<wpt lat="-23.187935" lon="-46.932452"><name>Radar</name><desc>Fonte: OSM</desc><type>FIXED</type></wpt>
<wpt lat="-23.187897" lon="-46.932464"><name>Radar</name><desc>Fonte: OSM</desc><type>FIXED</type></wpt>
<wpt lat="-23.187038" lon="-47.523517"><name>Radar 30 km/h</name><desc>Fonte: OSM</desc><type>FIXED</type></wpt>
<wpt lat="-23.186485" lon="-45.882475"><name>Radar</name><desc>Fonte: OSM</desc><type>FIXED</type></wpt>
<wpt lat="-23.179606" lon="-45.840094"><name>Radar 110 km/h</name><desc>Fonte: OSM</desc><type>FIXED</type></wpt>
<wpt lat="-23.179530" lon="-47.290570"><name>Radar</name><desc>Fonte: DER-SP</desc><type>FIXED</type></wpt>
<wpt lat="-23.179142" lon="-45.839451"><name>Radar 110 km/h</name><desc>Fonte: OSM</desc><type>FIXED</type></wpt>
<wpt lat="-23.178622" lon="-46.317344"><name>Radar 110 km/h</name><desc>Fonte: OSM</desc><type>FIXED</type></wpt>
<wpt lat="-23.178573" lon="-46.317455"><name>Radar</name><desc>Fonte: DER-SP</desc><type>FIXED</type></wpt>
<wpt lat="-23.177947" lon="-46.977899"><name>Radar</name><desc>Fonte: DER-SP</desc><type>FIXED</type></wpt>
<wpt lat="-23.177941" lon="-47.287318"><name>Radar</name><desc>Fonte: OSM</desc><type>FIXED</type></wpt>
<wpt lat="-23.177903" lon="-46.978145"><name>Radar</name><desc>Fonte: DER-SP</desc><type>FIXED</type></wpt>
<wpt lat="-23.177871" lon="-45.286375"><name>Radar</name><desc>Fonte: DER-SP</desc><type>FIXED</type></wpt>
<wpt lat="-23.177710" lon="-46.915464"><name>Radar</name><desc>Fonte: DER-SP</desc><type>FIXED</type></wpt>
<wpt lat="-23.175203" lon="-46.774157"><name>Radar</name><desc>Fonte: DER-SP</desc><type>FIXED</type></wpt>
<wpt lat="-23.174544" lon="-47.328812"><name>Radar</name><desc>Fonte: OSM</desc><type>FIXED</type></wpt>
<wpt lat="-23.173847" lon="-45.828910"><name>Radar</name><desc>Fonte: OSM</desc><type>FIXED</type></wpt>
<wpt lat="-23.173843" lon="-45.828901"><name>Radar</name><desc>Fonte: OSM</desc><type>FIXED</type></wpt>
<wpt lat="-23.173340" lon="-49.384190"><name>Radar</name><desc>Fonte: DER-SP</desc><type>FIXED</type></wpt>
<wpt lat="-23.172701" lon="-45.890859"><name>Radar 50 km/h</name><desc>Fonte: OSM</desc><type>FIXED</type></wpt>
<wpt lat="-23.172560" lon="-46.993772"><name>Radar 60 km/h</name><desc>Fonte: OSM</desc><type>FIXED</type></wpt>
<wpt lat="-23.172299" lon="-46.994459"><name>Radar</name><desc>Fonte: DER-SP</desc><type>FIXED</type></wpt>
<wpt lat="-23.171436" lon="-45.593561"><name>Radar 110 km/h</name><desc>Fonte: ANTT</desc><type>FIXED</type></wpt>
<wpt lat="-23.170386" lon="-46.436470"><name>Radar</name><desc>Fonte: OSM</desc><type>FIXED</type></wpt>
<wpt lat="-23.169897" lon="-47.269452"><name>Radar 50 km/h</name><desc>Fonte: OSM</desc><type>FIXED</type></wpt>
<wpt lat="-23.169332" lon="-46.241610"><name>Radar</name><desc>Fonte: DER-SP</desc><type>FIXED</type></wpt>
<wpt lat="-23.169317" lon="-46.241507"><name>Radar 100 km/h</name><desc>Fonte: OSM</desc><type>FIXED</type></wpt>
<wpt lat="-23.166077" lon="-45.892663"><name>Radar 50 km/h</name><desc>Fonte: OSM</desc><type>FIXED</type></wpt>
<wpt lat="-23.164546" lon="-45.894280"><name>Radar 50 km/h</name><desc>Fonte: OSM</desc><type>FIXED</type></wpt>
<wpt lat="-23.162723" lon="-47.016667"><name>Radar 60 km/h</name><desc>Fonte: OSM</desc><type>FIXED</type></wpt>
<wpt lat="-23.162577" lon="-47.017285"><name>Radar</name><desc>Fonte: DER-SP</desc><type>FIXED</type></wpt>
<wpt lat="-23.162548" lon="-46.947406"><name>Radar 120 km/h</name><desc>Fonte: OSM</desc><type>FIXED</type></wpt>
<wpt lat="-23.161900" lon="-46.946300"><name>Radar</name><desc>Fonte: DER-SP</desc><type>FIXED</type></wpt>
<wpt lat="-23.161630" lon="-46.949400"><name>Radar</name><desc>Fonte: DER-SP</desc><type>FIXED</type></wpt>
<wpt lat="-23.159644" lon="-45.894090"><name>Radar</name><desc>Fonte: OSM</desc><type>FIXED</type></wpt>
<wpt lat="-23.157673" lon="-47.038664"><name>Radar 60 km/h</name><desc>Fonte: OSM</desc><type>FIXED</type></wpt>
<wpt lat="-23.155834" lon="-47.044907"><name>Radar 60 km/h</name><desc>Fonte: OSM</desc><type>FIXED</type></wpt>
<wpt lat="-23.155803" lon="-47.044983"><name>Radar</name><desc>Fonte: DER-SP</desc><type>FIXED</type></wpt>
<wpt lat="-23.155698" lon="-47.045074"><name>Radar 60 km/h</name><desc>Fonte: OSM</desc><type>FIXED</type></wpt>
<wpt lat="-23.155683" lon="-45.791592"><name>Radar 60 km/h</name><desc>Fonte: OSM</desc><type>FIXED</type></wpt>
<wpt lat="-23.155334" lon="-45.791737"><name>Radar</name><desc>Fonte: OSM</desc><type>FIXED</type></wpt>
<wpt lat="-23.155277" lon="-45.791623"><name>Radar</name><desc>Fonte: OSM</desc><type>FIXED</type></wpt>
<wpt lat="-23.155194" lon="-45.791455"><name>Radar 100 km/h</name><desc>Fonte: OSM</desc><type>FIXED</type></wpt>
<wpt lat="-23.155111" lon="-45.791501"><name>Radar 110 km/h</name><desc>Fonte: OSM</desc><type>FIXED</type></wpt>
<wpt lat="-23.154100" lon="-46.957500"><name>Radar</name><desc>Fonte: DER-SP</desc><type>FIXED</type></wpt>
<wpt lat="-23.153980" lon="-46.956820"><name>Radar</name><desc>Fonte: DER-SP</desc><type>FIXED</type></wpt>
<wpt lat="-23.153959" lon="-46.880071"><name>Radar</name><desc>Fonte: DER-SP</desc><type>FIXED</type></wpt>
<wpt lat="-23.153737" lon="-47.257397"><name>Radar</name><desc>Fonte: DER-SP</desc><type>FIXED</type></wpt>
<wpt lat="-23.153701" lon="-46.957275"><name>Radar</name><desc>Fonte: OSM</desc><type>FIXED</type></wpt>
<wpt lat="-23.152395" lon="-47.319212"><name>Radar</name><desc>Fonte: OSM</desc><type>FIXED</type></wpt>
<wpt lat="-23.150193" lon="-46.933316"><name>Radar 30 km/h</name><desc>Fonte: OSM</desc><type>FIXED</type></wpt>
<wpt lat="-23.149518" lon="-46.930928"><name>Radar 30 km/h</name><desc>Fonte: OSM</desc><type>FIXED</type></wpt>
<wpt lat="-23.148332" lon="-47.253388"><name>Radar</name><desc>Fonte: DER-SP</desc><type>FIXED</type></wpt>
<wpt lat="-23.143377" lon="-48.415708"><name>Radar 120 km/h</name><desc>Fonte: OSM</desc><type>FIXED</type></wpt>
<wpt lat="-23.141246" lon="-47.733169"><name>Radar</name><desc>Fonte: DER-SP</desc><type>FIXED</type></wpt>
<wpt lat="-23.141172" lon="-47.732922"><name>Radar</name><desc>Fonte: DER-SP</desc><type>FIXED</type></wpt>
<wpt lat="-23.138648" lon="-48.440567"><name>Radar 120 km/h</name><desc>Fonte: OSM</desc><type>FIXED</type></wpt>
<wpt lat="-23.138600" lon="-48.440400"><name>Radar</name><desc>Fonte: DER-SP</desc><type>FIXED</type></wpt>
<wpt lat="-23.138580" lon="-47.357601"><name>Radar</name><desc>Fonte: DER-SP</desc><type>FIXED</type></wpt>
<wpt lat="-23.138190" lon="-46.741095"><name>Radar</name><desc>Fonte: DER-SP</desc><type>FIXED</type></wpt>
<wpt lat="-23.134110" lon="-46.922340"><name>Radar</name><desc>Fonte: DER-SP</desc><type>FIXED</type></wpt>
<wpt lat="-23.133893" lon="-46.922269"><name>Radar</name><desc>Fonte: DER-SP</desc><type>FIXED</type></wpt>
<wpt lat="-23.133772" lon="-45.908759"><name>Radar</name><desc>Fonte: DER-SP</desc><type>FIXED</type></wpt>
<wpt lat="-23.133679" lon="-45.908805"><name>Radar 50 km/h</name><desc>Fonte: OSM</desc><type>FIXED</type></wpt>
<wpt lat="-23.133668" lon="-45.908720"><name>Radar 50 km/h</name><desc>Fonte: OSM</desc><type>FIXED</type></wpt>
<wpt lat="-23.127122" lon="-45.752106"><name>Radar 40 km/h</name><desc>Fonte: OSM</desc><type>FIXED</type></wpt>
<wpt lat="-23.123076" lon="-45.728090"><name>Radar 110 km/h</name><desc>Fonte: OSM</desc><type>FIXED</type></wpt>
<wpt lat="-23.123042" lon="-45.727769"><name>Radar 110 km/h</name><desc>Fonte: OSM</desc><type>FIXED</type></wpt>
<wpt lat="-23.122859" lon="-45.727756"><name>Radar 110 km/h</name><desc>Fonte: ANTT</desc><type>FIXED</type></wpt>
<wpt lat="-23.122675" lon="-45.727244"><name>Radar 110 km/h</name><desc>Fonte: ANTT</desc><type>FIXED</type></wpt>
<wpt lat="-23.122603" lon="-45.727277"><name>Radar 110 km/h</name><desc>Fonte: ANTT</desc><type>FIXED</type></wpt>
<wpt lat="-23.118943" lon="-47.228035"><name>Radar</name><desc>Fonte: OSM</desc><type>FIXED</type></wpt>
<wpt lat="-23.117678" lon="-47.723675"><name>Radar</name><desc>Fonte: DER-SP</desc><type>FIXED</type></wpt>
<wpt lat="-23.117330" lon="-47.731604"><name>Radar 60 km/h</name><desc>Fonte: OSM</desc><type>FIXED</type></wpt>
<wpt lat="-23.117205" lon="-47.732162"><name>Radar</name><desc>Fonte: DER-SP</desc><type>FIXED</type></wpt>
<wpt lat="-23.117148" lon="-46.571876"><name>Radar 40 km/h</name><desc>Fonte: OSM</desc><type>FIXED</type></wpt>
<wpt lat="-23.116659" lon="-46.571939"><name>Radar 40 km/h</name><desc>Fonte: OSM</desc><type>FIXED</type></wpt>
<wpt lat="-23.115446" lon="-47.214436"><name>Radar</name><desc>Fonte: DER-SP</desc><type>FIXED</type></wpt>
<wpt lat="-23.111400" lon="-46.942100"><name>Radar</name><desc>Fonte: DER-SP</desc><type>FIXED</type></wpt>
<wpt lat="-23.111155" lon="-47.209285"><name>Radar</name><desc>Fonte: DER-SP</desc><type>FIXED</type></wpt>
<wpt lat="-23.110331" lon="-47.230078"><name>Radar 40 km/h</name><desc>Fonte: OSM</desc><type>FIXED</type></wpt>
<wpt lat="-23.110278" lon="-45.644562"><name>Radar</name><desc>Fonte: OSM</desc><type>FIXED</type></wpt>
<wpt lat="-23.109265" lon="-46.469308"><name>Radar 60 km/h</name><desc>Fonte: OSM</desc><type>FIXED</type></wpt>
<wpt lat="-23.109237" lon="-46.469149"><name>Radar</name><desc>Fonte: DER-SP</desc><type>FIXED</type></wpt>
<wpt lat="-23.109075" lon="-47.230820"><name>Radar 40 km/h</name><desc>Fonte: OSM</desc><type>FIXED</type></wpt>
<wpt lat="-23.108544" lon="-45.524190"><name>Radar</name><desc>Fonte: OSM</desc><type>FIXED</type></wpt>
<wpt lat="-23.108282" lon="-45.524709"><name>Radar</name><desc>Fonte: DER-SP</desc><type>FIXED</type></wpt>
<wpt lat="-23.108236" lon="-45.524773"><name>Radar</name><desc>Fonte: OSM</desc><type>FIXED</type></wpt>
<wpt lat="-23.106645" lon="-45.697681"><name>Radar 80 km/h</name><desc>Fonte: OSM</desc><type>FIXED</type></wpt>
<wpt lat="-23.106562" lon="-45.697707"><name>Radar 80 km/h</name><desc>Fonte: OSM</desc><type>FIXED</type></wpt>
<wpt lat="-23.106247" lon="-45.696427"><name>Radar</name><desc>Fonte: OSM</desc><type>FIXED</type></wpt>
<wpt lat="-23.105917" lon="-47.764256"><name>Radar</name><desc>Fonte: DER-SP</desc><type>FIXED</type></wpt>
<wpt lat="-23.105791" lon="-45.696587"><name>Radar</name><desc>Fonte: OSM</desc><type>FIXED</type></wpt>
<wpt lat="-23.105294" lon="-47.764537"><name>Radar 60 km/h</name><desc>Fonte: OSM</desc><type>FIXED</type></wpt>
<wpt lat="-23.101290" lon="-45.918249"><name>Radar</name><desc>Fonte: DER-SP</desc><type>FIXED</type></wpt>
<wpt lat="-23.100796" lon="-45.918404"><name>Radar 50 km/h</name><desc>Fonte: OSM</desc><type>FIXED</type></wpt>
<wpt lat="-23.100144" lon="-46.566229"><name>Radar</name><desc>Fonte: OSM</desc><type>FIXED</type></wpt>
<wpt lat="-23.099382" lon="-46.449525"><name>Radar</name><desc>Fonte: DER-SP</desc><type>FIXED</type></wpt>
<wpt lat="-23.096598" lon="-45.195188"><name>Radar</name><desc>Fonte: DER-SP</desc><type>FIXED</type></wpt>
<wpt lat="-23.096571" lon="-45.920307"><name>Radar 50 km/h</name><desc>Fonte: OSM</desc><type>FIXED</type></wpt>
<wpt lat="-23.096236" lon="-47.186860"><name>Radar 50 km/h</name><desc>Fonte: OSM</desc><type>FIXED</type></wpt>
<wpt lat="-23.096179" lon="-47.186991"><name>Radar 50 km/h</name><desc>Fonte: OSM</desc><type>FIXED</type></wpt>
<wpt lat="-23.095564" lon="-46.572489"><name>Radar 100 km/h</name><desc>Fonte: OSM</desc><type>FIXED</type></wpt>
<wpt lat="-23.095185" lon="-47.225606"><name>Radar 40 km/h</name><desc>Fonte: OSM</desc><type>FIXED</type></wpt>
<wpt lat="-23.092963" lon="-45.614131"><name>Radar 60 km/h</name><desc>Fonte: OSM</desc><type>FIXED</type></wpt>
<wpt lat="-23.092697" lon="-47.228233"><name>Radar 60 km/h</name><desc>Fonte: OSM</desc><type>FIXED</type></wpt>
<wpt lat="-23.092678" lon="-46.961028"><name>Radar</name><desc>Fonte: DER-SP</desc><type>FIXED</type></wpt>
<wpt lat="-23.090700" lon="-48.937600"><name>Radar</name><desc>Fonte: DER-SP</desc><type>FIXED</type></wpt>
<wpt lat="-23.090647" lon="-48.937519"><name>Radar</name><desc>Fonte: DER-SP</desc><type>FIXED</type></wpt>
<wpt lat="-23.088437" lon="-46.414109"><name>Radar</name><desc>Fonte: DER-SP</desc><type>FIXED</type></wpt>
<wpt lat="-23.088271" lon="-46.413856"><name>Radar 40 km/h</name><desc>Fonte: OSM</desc><type>FIXED</type></wpt>
<wpt lat="-23.087971" lon="-46.413866"><name>Radar</name><desc>Fonte: DER-SP</desc><type>FIXED</type></wpt>
<wpt lat="-23.087832" lon="-46.930729"><name>Radar</name><desc>Fonte: DER-SP</desc><type>FIXED</type></wpt>
<wpt lat="-23.087782" lon="-46.846901"><name>Radar</name><desc>Fonte: DER-SP</desc><type>FIXED</type></wpt>
<wpt lat="-23.087721" lon="-46.930757"><name>Radar 60 km/h</name><desc>Fonte: OSM</desc><type>FIXED</type></wpt>
<wpt lat="-23.086967" lon="-45.543181"><name>Radar</name><desc>Fonte: OSM</desc><type>FIXED</type></wpt>
<wpt lat="-23.086762" lon="-45.543212"><name>Radar</name><desc>Fonte: DER-SP</desc><type>FIXED</type></wpt>
<wpt lat="-23.083418" lon="-46.977421"><name>Radar 100 km/h</name><desc>Fonte: OSM</desc><type>FIXED</type></wpt>
<wpt lat="-23.083340" lon="-46.977433"><name>Radar</name><desc>Fonte: DER-SP</desc><type>FIXED</type></wpt>
<wpt lat="-23.082450" lon="-48.606470"><name>Radar</name><desc>Fonte: DER-SP</desc><type>FIXED</type></wpt>
<wpt lat="-23.081244" lon="-46.917520"><name>Radar 80 km/h</name><desc>Fonte: OSM</desc><type>FIXED</type></wpt>
<wpt lat="-23.081241" lon="-46.917431"><name>Radar</name><desc>Fonte: DER-SP</desc><type>FIXED</type></wpt>
<wpt lat="-23.080147" lon="-44.965362"><name>Radar</name><desc>Fonte: DER-SP</desc><type>FIXED</type></wpt>
<wpt lat="-23.079923" lon="-46.701567"><name>Radar</name><desc>Fonte: DER-SP</desc><type>FIXED</type></wpt>
<wpt lat="-23.079522" lon="-47.219913"><name>Radar 40 km/h</name><desc>Fonte: OSM</desc><type>FIXED</type></wpt>
<wpt lat="-23.078547" lon="-47.219649"><name>Radar 60 km/h</name><desc>Fonte: OSM</desc><type>FIXED</type></wpt>
<wpt lat="-23.074302" lon="-47.234775"><name>Radar</name><desc>Fonte: OSM</desc><type>FIXED</type></wpt>
<wpt lat="-23.071523" lon="-47.812631"><name>Radar de trecho 80 km/h</name><desc>Fonte: OSM</desc><type>SECTION</type></wpt>
<wpt lat="-23.071220" lon="-47.812800"><name>Radar</name><desc>Fonte: DER-SP</desc><type>FIXED</type></wpt>
<wpt lat="-23.071195" lon="-47.812690"><name>Radar 80 km/h</name><desc>Fonte: OSM</desc><type>FIXED</type></wpt>
<wpt lat="-23.070971" lon="-47.813065"><name>Radar</name><desc>Fonte: DER-SP</desc><type>FIXED</type></wpt>
<wpt lat="-23.070769" lon="-45.662979"><name>Radar</name><desc>Fonte: DER-SP</desc><type>FIXED</type></wpt>
<wpt lat="-23.066230" lon="-46.375262"><name>Radar 40 km/h</name><desc>Fonte: OSM</desc><type>FIXED</type></wpt>
<wpt lat="-23.066062" lon="-46.375232"><name>Radar</name><desc>Fonte: DER-SP</desc><type>FIXED</type></wpt>
<wpt lat="-23.065166" lon="-45.631830"><name>Radar 110 km/h</name><desc>Fonte: OSM</desc><type>FIXED</type></wpt>
<wpt lat="-23.065096" lon="-45.631884"><name>Radar 110 km/h</name><desc>Fonte: OSM</desc><type>FIXED</type></wpt>
<wpt lat="-23.062931" lon="-46.902498"><name>Radar</name><desc>Fonte: DER-SP</desc><type>FIXED</type></wpt>
<wpt lat="-23.059753" lon="-46.950477"><name>Radar</name><desc>Fonte: DER-SP</desc><type>FIXED</type></wpt>
<wpt lat="-23.058383" lon="-48.241552"><name>Radar</name><desc>Fonte: DER-SP</desc><type>FIXED</type></wpt>
<wpt lat="-23.057960" lon="-49.620980"><name>Radar</name><desc>Fonte: DER-SP</desc><type>FIXED</type></wpt>
<wpt lat="-23.057804" lon="-49.621001"><name>Radar 40 km/h</name><desc>Fonte: OSM</desc><type>FIXED</type></wpt>
<wpt lat="-23.056933" lon="-45.558295"><name>Radar 60 km/h</name><desc>Fonte: OSM</desc><type>FIXED</type></wpt>
<wpt lat="-23.056811" lon="-45.558177"><name>Radar 60 km/h</name><desc>Fonte: OSM</desc><type>FIXED</type></wpt>
<wpt lat="-23.054516" lon="-45.610744"><name>Radar 110 km/h</name><desc>Fonte: OSM</desc><type>FIXED</type></wpt>
<wpt lat="-23.054514" lon="-45.610683"><name>Radar 110 km/h</name><desc>Fonte: ANTT</desc><type>FIXED</type></wpt>
<wpt lat="-23.052733" lon="-45.606043"><name>Radar</name><desc>Fonte: OSM</desc><type>FIXED</type></wpt>
<wpt lat="-23.050620" lon="-47.077320"><name>Radar</name><desc>Fonte: DER-SP</desc><type>FIXED</type></wpt>
<wpt lat="-23.050366" lon="-47.141751"><name>Radar 110 km/h</name><desc>Fonte: OSM</desc><type>FIXED</type></wpt>
<wpt lat="-23.050003" lon="-46.876157"><name>Radar</name><desc>Fonte: DER-SP</desc><type>FIXED</type></wpt>
<wpt lat="-23.049140" lon="-49.144760"><name>Radar</name><desc>Fonte: DER-SP</desc><type>FIXED</type></wpt>
<wpt lat="-23.048400" lon="-49.623570"><name>Radar</name><desc>Fonte: DER-SP</desc><type>FIXED</type></wpt>
<wpt lat="-23.048150" lon="-49.701878"><name>Radar 60 km/h</name><desc>Fonte: OSM</desc><type>FIXED</type></wpt>
<wpt lat="-23.047315" lon="-45.626563"><name>Radar</name><desc>Fonte: DER-SP</desc><type>FIXED</type></wpt>
<wpt lat="-23.047007" lon="-45.626871"><name>Radar 100 km/h</name><desc>Fonte: OSM</desc><type>FIXED</type></wpt>
<wpt lat="-23.046918" lon="-45.626754"><name>Radar 100 km/h</name><desc>Fonte: OSM</desc><type>FIXED</type></wpt>
<wpt lat="-23.046601" lon="-46.985013"><name>Radar</name><desc>Fonte: DER-SP</desc><type>FIXED</type></wpt>
<wpt lat="-23.044128" lon="-47.847036"><name>Radar 60 km/h</name><desc>Fonte: OSM</desc><type>FIXED</type></wpt>
<wpt lat="-23.043767" lon="-45.582292"><name>Radar 60 km/h</name><desc>Fonte: OSM</desc><type>FIXED</type></wpt>
<wpt lat="-23.041348" lon="-47.064673"><name>Radar 120 km/h</name><desc>Fonte: OSM</desc><type>FIXED</type></wpt>
<wpt lat="-23.041003" lon="-47.064473"><name>Radar 110 km/h</name><desc>Fonte: OSM</desc><type>FIXED</type></wpt>
<wpt lat="-23.040850" lon="-45.569870"><name>Radar 60 km/h</name><desc>Fonte: OSM</desc><type>FIXED</type></wpt>
<wpt lat="-23.040826" lon="-46.984314"><name>Radar 40 km/h</name><desc>Fonte: OSM</desc><type>FIXED</type></wpt>
<wpt lat="-23.040294" lon="-45.571987"><name>Radar</name><desc>Fonte: OSM</desc><type>FIXED</type></wpt>
<wpt lat="-23.039967" lon="-46.984865"><name>Radar 40 km/h</name><desc>Fonte: OSM</desc><type>FIXED</type></wpt>
<wpt lat="-23.039702" lon="-46.979793"><name>Radar de trecho 50 km/h</name><desc>Fonte: OSM</desc><type>SECTION</type></wpt>
<wpt lat="-23.038388" lon="-45.568975"><name>Radar 50 km/h</name><desc>Fonte: OSM</desc><type>FIXED</type></wpt>
<wpt lat="-23.038319" lon="-45.582763"><name>Radar</name><desc>Fonte: OSM</desc><type>FIXED</type></wpt>
<wpt lat="-23.038296" lon="-45.559683"><name>Radar 100 km/h</name><desc>Fonte: OSM</desc><type>FIXED</type></wpt>
<wpt lat="-23.038169" lon="-46.970142"><name>Radar 50 km/h</name><desc>Fonte: OSM</desc><type>FIXED</type></wpt>
<wpt lat="-23.037903" lon="-45.557214"><name>Radar 40 km/h</name><desc>Fonte: OSM</desc><type>FIXED</type></wpt>
<wpt lat="-23.037885" lon="-46.970150"><name>Radar 50 km/h</name><desc>Fonte: OSM</desc><type>FIXED</type></wpt>
<wpt lat="-23.037634" lon="-46.687856"><name>Radar</name><desc>Fonte: DER-SP</desc><type>FIXED</type></wpt>
<wpt lat="-23.037469" lon="-45.559244"><name>Radar</name><desc>Fonte: OSM</desc><type>FIXED</type></wpt>
<wpt lat="-23.037004" lon="-46.976456"><name>Radar 40 km/h</name><desc>Fonte: OSM</desc><type>FIXED</type></wpt>
<wpt lat="-23.036760" lon="-45.598958"><name>Radar 50 km/h</name><desc>Fonte: OSM</desc><type>FIXED</type></wpt>
<wpt lat="-23.036696" lon="-46.976981"><name>Radar 40 km/h</name><desc>Fonte: OSM</desc><type>FIXED</type></wpt>
<wpt lat="-23.036269" lon="-46.985980"><name>Radar 50 km/h</name><desc>Fonte: OSM</desc><type>FIXED</type></wpt>
<wpt lat="-23.036211" lon="-46.975955"><name>Radar 40 km/h</name><desc>Fonte: OSM</desc><type>FIXED</type></wpt>
<wpt lat="-23.036094" lon="-46.711889"><name>Radar</name><desc>Fonte: OSM</desc><type>FIXED</type></wpt>
<wpt lat="-23.036073" lon="-46.711425"><name>Radar</name><desc>Fonte: DER-SP</desc><type>FIXED</type></wpt>
<wpt lat="-23.035857" lon="-46.986183"><name>Radar 50 km/h</name><desc>Fonte: OSM</desc><type>FIXED</type></wpt>
<wpt lat="-23.034622" lon="-45.579392"><name>Radar</name><desc>Fonte: OSM</desc><type>FIXED</type></wpt>
<wpt lat="-23.033348" lon="-46.979576"><name>Radar 60 km/h</name><desc>Fonte: OSM</desc><type>FIXED</type></wpt>
<wpt lat="-23.031576" lon="-45.568565"><name>Radar 50 km/h</name><desc>Fonte: OSM</desc><type>FIXED</type></wpt>
<wpt lat="-23.030781" lon="-45.593607"><name>Radar 50 km/h</name><desc>Fonte: OSM</desc><type>FIXED</type></wpt>
<wpt lat="-23.030754" lon="-45.593523"><name>Radar 50 km/h</name><desc>Fonte: OSM</desc><type>FIXED</type></wpt>
<wpt lat="-23.030292" lon="-46.968130"><name>Radar 40 km/h</name><desc>Fonte: OSM</desc><type>FIXED</type></wpt>
<wpt lat="-23.030129" lon="-45.558344"><name>Radar 40 km/h</name><desc>Fonte: OSM</desc><type>FIXED</type></wpt>
<wpt lat="-23.028917" lon="-45.575570"><name>Radar</name><desc>Fonte: OSM</desc><type>FIXED</type></wpt>
<wpt lat="-23.026975" lon="-46.991238"><name>Radar 50 km/h</name><desc>Fonte: OSM</desc><type>FIXED</type></wpt>
<wpt lat="-23.026950" lon="-45.568303"><name>Radar</name><desc>Fonte: OSM</desc><type>FIXED</type></wpt>
<wpt lat="-23.026309" lon="-47.994786"><name>Radar</name><desc>Fonte: DER-SP</desc><type>FIXED</type></wpt>
<wpt lat="-23.025447" lon="-45.540895"><name>Radar</name><desc>Fonte: OSM</desc><type>FIXED</type></wpt>
<wpt lat="-23.025387" lon="-45.517843"><name>Radar 50 km/h</name><desc>Fonte: OSM</desc><type>FIXED</type></wpt>
<wpt lat="-23.025326" lon="-45.540608"><name>Radar 100 km/h</name><desc>Fonte: ANTT</desc><type>FIXED</type></wpt>
<wpt lat="-23.025108" lon="-45.564078"><name>Radar 50 km/h</name><desc>Fonte: OSM</desc><type>FIXED</type></wpt>
<wpt lat="-23.024922" lon="-45.563802"><name>Radar</name><desc>Fonte: OSM</desc><type>FIXED</type></wpt>
<wpt lat="-23.024860" lon="-46.958886"><name>Radar 60 km/h</name><desc>Fonte: OSM</desc><type>FIXED</type></wpt>
<wpt lat="-23.024569" lon="-45.565873"><name>Radar</name><desc>Fonte: OSM</desc><type>FIXED</type></wpt>
<wpt lat="-23.024528" lon="-45.573587"><name>Radar</name><desc>Fonte: OSM</desc><type>FIXED</type></wpt>
<wpt lat="-23.024520" lon="-45.573506"><name>Radar</name><desc>Fonte: OSM</desc><type>FIXED</type></wpt>
<wpt lat="-23.024396" lon="-46.982464"><name>Radar 60 km/h</name><desc>Fonte: OSM</desc><type>FIXED</type></wpt>
<wpt lat="-23.024059" lon="-48.663107"><name>Radar 120 km/h</name><desc>Fonte: OSM</desc><type>FIXED</type></wpt>
<wpt lat="-23.023471" lon="-45.571344"><name>Radar 40 km/h</name><desc>Fonte: OSM</desc><type>FIXED</type></wpt>
<wpt lat="-23.023100" lon="-48.663700"><name>Radar</name><desc>Fonte: DER-SP</desc><type>FIXED</type></wpt>
<wpt lat="-23.023052" lon="-45.561743"><name>Radar</name><desc>Fonte: OSM</desc><type>FIXED</type></wpt>
<wpt lat="-23.023027" lon="-45.571257"><name>Radar 40 km/h</name><desc>Fonte: OSM</desc><type>FIXED</type></wpt>
<wpt lat="-23.022331" lon="-45.546644"><name>Radar 50 km/h</name><desc>Fonte: OSM</desc><type>FIXED</type></wpt>
<wpt lat="-23.022108" lon="-45.542919"><name>Radar 50 km/h</name><desc>Fonte: OSM</desc><type>FIXED</type></wpt>
<wpt lat="-23.022067" lon="-45.557167"><name>Radar</name><desc>Fonte: OSM</desc><type>FIXED</type></wpt>
<wpt lat="-23.022054" lon="-45.554790"><name>Radar 50 km/h</name><desc>Fonte: OSM</desc><type>FIXED</type></wpt>
<wpt lat="-23.022026" lon="-45.543032"><name>Radar 50 km/h</name><desc>Fonte: OSM</desc><type>FIXED</type></wpt>
<wpt lat="-23.020739" lon="-47.000962"><name>Radar 50 km/h</name><desc>Fonte: OSM</desc><type>FIXED</type></wpt>
<wpt lat="-23.020038" lon="-45.555296"><name>Radar</name><desc>Fonte: OSM</desc><type>FIXED</type></wpt>
<wpt lat="-23.019935" lon="-45.552573"><name>Radar 50 km/h</name><desc>Fonte: OSM</desc><type>FIXED</type></wpt>
<wpt lat="-23.019312" lon="-45.552596"><name>Radar</name><desc>Fonte: OSM</desc><type>FIXED</type></wpt>
<wpt lat="-23.016980" lon="-45.529657"><name>Radar</name><desc>Fonte: OSM</desc><type>FIXED</type></wpt>
<wpt lat="-23.015604" lon="-45.567310"><name>Radar 40 km/h</name><desc>Fonte: OSM</desc><type>FIXED</type></wpt>
<wpt lat="-23.014019" lon="-45.550188"><name>Radar 50 km/h</name><desc>Fonte: OSM</desc><type>FIXED</type></wpt>
<wpt lat="-23.013937" lon="-45.523783"><name>Radar</name><desc>Fonte: OSM</desc><type>FIXED</type></wpt>
<wpt lat="-23.013842" lon="-45.641224"><name>Radar</name><desc>Fonte: OSM</desc><type>FIXED</type></wpt>
<wpt lat="-23.013472" lon="-47.117420"><name>Radar 110 km/h</name><desc>Fonte: OSM</desc><type>FIXED</type></wpt>
<wpt lat="-23.013327" lon="-45.523768"><name>Radar 100 km/h</name><desc>Fonte: ANTT</desc><type>FIXED</type></wpt>
<wpt lat="-23.013140" lon="-47.117277"><name>Radar</name><desc>Fonte: DER-SP</desc><type>FIXED</type></wpt>
<wpt lat="-23.013120" lon="-45.523463"><name>Radar 100 km/h</name><desc>Fonte: OSM</desc><type>FIXED</type></wpt>
<wpt lat="-23.013016" lon="-45.523252"><name>Radar 110 km/h</name><desc>Fonte: ANTT</desc><type>FIXED</type></wpt>
<wpt lat="-23.012657" lon="-45.641168"><name>Radar</name><desc>Fonte: DER-SP</desc><type>FIXED</type></wpt>
<wpt lat="-23.010902" lon="-47.090184"><name>Radar</name><desc>Fonte: OSM</desc><type>FIXED</type></wpt>
<wpt lat="-23.010549" lon="-47.000422"><name>Radar de trecho 40 km/h</name><desc>Fonte: OSM</desc><type>SECTION</type></wpt>
<wpt lat="-23.009430" lon="-46.996357"><name>Radar de trecho 40 km/h</name><desc>Fonte: OSM</desc><type>SECTION</type></wpt>
<wpt lat="-23.009314" lon="-46.995929"><name>Radar de trecho 40 km/h</name><desc>Fonte: OSM</desc><type>SECTION</type></wpt>
<wpt lat="-23.009257" lon="-45.544978"><name>Radar</name><desc>Fonte: OSM</desc><type>FIXED</type></wpt>
<wpt lat="-23.008748" lon="-46.987873"><name>Radar 60 km/h</name><desc>Fonte: OSM</desc><type>FIXED</type></wpt>
<wpt lat="-23.006965" lon="-47.001888"><name>Radar</name><desc>Fonte: DER-SP</desc><type>FIXED</type></wpt>
<wpt lat="-23.006011" lon="-45.553492"><name>Radar 50 km/h</name><desc>Fonte: OSM</desc><type>FIXED</type></wpt>
<wpt lat="-23.004504" lon="-47.097111"><name>Radar</name><desc>Fonte: OSM</desc><type>FIXED</type></wpt>
<wpt lat="-23.004313" lon="-46.771384"><name>Radar 110 km/h</name><desc>Fonte: OSM</desc><type>FIXED</type></wpt>
<wpt lat="-23.004209" lon="-46.771562"><name>Radar</name><desc>Fonte: DER-SP</desc><type>FIXED</type></wpt>
<wpt lat="-23.003163" lon="-47.010896"><name>Radar</name><desc>Fonte: DER-SP</desc><type>FIXED</type></wpt>
<wpt lat="-23.002900" lon="-47.111834"><name>Radar</name><desc>Fonte: DER-SP</desc><type>FIXED</type></wpt>
<wpt lat="-23.002780" lon="-47.111704"><name>Radar</name><desc>Fonte: DER-SP</desc><type>FIXED</type></wpt>
<wpt lat="-23.002751" lon="-49.872845"><name>Radar 40 km/h</name><desc>Fonte: OSM</desc><type>FIXED</type></wpt>
<wpt lat="-23.002742" lon="-49.872853"><name>Radar 40 km/h</name><desc>Fonte: OSM</desc><type>FIXED</type></wpt>
<wpt lat="-23.002666" lon="-47.111743"><name>Radar 110 km/h</name><desc>Fonte: OSM</desc><type>FIXED</type></wpt>
<wpt lat="-22.998967" lon="-47.477246"><name>Radar</name><desc>Fonte: DER-SP</desc><type>FIXED</type></wpt>
<wpt lat="-22.996777" lon="-45.044639"><name>Radar</name><desc>Fonte: OSM</desc><type>FIXED</type></wpt>
<wpt lat="-22.996530" lon="-45.044605"><name>Radar</name><desc>Fonte: DER-SP</desc><type>FIXED</type></wpt>
<wpt lat="-22.996219" lon="-45.044365"><name>Radar</name><desc>Fonte: OSM</desc><type>FIXED</type></wpt>
<wpt lat="-22.995209" lon="-45.490319"><name>Radar 110 km/h</name><desc>Fonte: OSM</desc><type>FIXED</type></wpt>
<wpt lat="-22.994656" lon="-45.488948"><name>Radar 110 km/h</name><desc>Fonte: OSM</desc><type>FIXED</type></wpt>
<wpt lat="-22.989606" lon="-45.515880"><name>Radar 60 km/h</name><desc>Fonte: OSM</desc><type>FIXED</type></wpt>
<wpt lat="-22.989496" lon="-45.515765"><name>Radar 60 km/h</name><desc>Fonte: OSM</desc><type>FIXED</type></wpt>
<wpt lat="-22.987612" lon="-47.106962"><name>Radar</name><desc>Fonte: DER-SP</desc><type>FIXED</type></wpt>
<wpt lat="-22.986327" lon="-46.521512"><name>Radar 60 km/h</name><desc>Fonte: OSM</desc><type>FIXED</type></wpt>
<wpt lat="-22.986215" lon="-47.003244"><name>Radar 60 km/h</name><desc>Fonte: OSM</desc><type>FIXED</type></wpt>
<wpt lat="-22.986211" lon="-47.003162"><name>Radar 60 km/h</name><desc>Fonte: OSM</desc><type>FIXED</type></wpt>
<wpt lat="-22.985802" lon="-45.558886"><name>Radar 50 km/h</name><desc>Fonte: OSM</desc><type>FIXED</type></wpt>
<wpt lat="-22.983263" lon="-46.783465"><name>Radar</name><desc>Fonte: DER-SP</desc><type>FIXED</type></wpt>
<wpt lat="-22.979778" lon="-46.990282"><name>Radar 60 km/h</name><desc>Fonte: OSM</desc><type>FIXED</type></wpt>
<wpt lat="-22.978769" lon="-46.763031"><name>Radar</name><desc>Fonte: DER-SP</desc><type>FIXED</type></wpt>
<wpt lat="-22.976347" lon="-46.731370"><name>Radar</name><desc>Fonte: DER-SP</desc><type>FIXED</type></wpt>
<wpt lat="-22.973987" lon="-46.827040"><name>Radar</name><desc>Fonte: DER-SP</desc><type>FIXED</type></wpt>
<wpt lat="-22.973524" lon="-45.511132"><name>Radar 60 km/h</name><desc>Fonte: OSM</desc><type>FIXED</type></wpt>
<wpt lat="-22.973496" lon="-45.511169"><name>Radar</name><desc>Fonte: DER-SP</desc><type>FIXED</type></wpt>
<wpt lat="-22.972869" lon="-46.543149"><name>Radar 30 km/h</name><desc>Fonte: OSM</desc><type>FIXED</type></wpt>
<wpt lat="-22.970522" lon="-46.535761"><name>Radar de trecho 60 km/h</name><desc>Fonte: OSM</desc><type>SECTION</type></wpt>
<wpt lat="-22.970407" lon="-48.190448"><name>Radar</name><desc>Fonte: DER-SP</desc><type>FIXED</type></wpt>
<wpt lat="-22.970332" lon="-46.535946"><name>Radar 60 km/h</name><desc>Fonte: OSM</desc><type>FIXED</type></wpt>
<wpt lat="-22.970263" lon="-47.101543"><name>Radar</name><desc>Fonte: DER-SP</desc><type>FIXED</type></wpt>
<wpt lat="-22.969124" lon="-47.064820"><name>Radar de trecho 50 km/h</name><desc>Fonte: OSM</desc><type>SECTION</type></wpt>
<wpt lat="-22.969118" lon="-46.568319"><name>Radar</name><desc>Fonte: DER-SP</desc><type>FIXED</type></wpt>
<wpt lat="-22.967687" lon="-46.543859"><name>Radar 50 km/h</name><desc>Fonte: OSM</desc><type>FIXED</type></wpt>
<wpt lat="-22.967648" lon="-45.461934"><name>Radar</name><desc>Fonte: DER-SP</desc><type>FIXED</type></wpt>
<wpt lat="-22.967257" lon="-46.544173"><name>Radar 50 km/h</name><desc>Fonte: OSM</desc><type>FIXED</type></wpt>
<wpt lat="-22.966276" lon="-46.995107"><name>Radar 50 km/h</name><desc>Fonte: OSM</desc><type>FIXED</type></wpt>
<wpt lat="-22.965298" lon="-47.120250"><name>Radar</name><desc>Fonte: OSM</desc><type>FIXED</type></wpt>
<wpt lat="-22.964812" lon="-47.120579"><name>Radar</name><desc>Fonte: DER-SP</desc><type>FIXED</type></wpt>
<wpt lat="-22.964605" lon="-46.989918"><name>Radar</name><desc>Fonte: OSM</desc><type>FIXED</type></wpt>
<wpt lat="-22.963520" lon="-45.461947"><name>Radar</name><desc>Fonte: DER-SP</desc><type>FIXED</type></wpt>
<wpt lat="-22.962822" lon="-45.636236"><name>Radar 50 km/h</name><desc>Fonte: OSM</desc><type>FIXED</type></wpt>
<wpt lat="-22.962607" lon="-45.635875"><name>Radar</name><desc>Fonte: DER-SP</desc><type>FIXED</type></wpt>
<wpt lat="-22.962317" lon="-45.635456"><name>Radar 50 km/h</name><desc>Fonte: OSM</desc><type>FIXED</type></wpt>
<wpt lat="-22.961518" lon="-45.423216"><name>Radar 110 km/h</name><desc>Fonte: OSM</desc><type>FIXED</type></wpt>
<wpt lat="-22.961510" lon="-45.423330"><name>Radar 110 km/h</name><desc>Fonte: ANTT</desc><type>FIXED</type></wpt>
<wpt lat="-22.961480" lon="-45.423261"><name>Radar 110 km/h</name><desc>Fonte: ANTT</desc><type>FIXED</type></wpt>
<wpt lat="-22.959669" lon="-46.976482"><name>Radar 40 km/h</name><desc>Fonte: OSM</desc><type>FIXED</type></wpt>
<wpt lat="-22.958071" lon="-45.838952"><name>Radar 30 km/h</name><desc>Fonte: OSM</desc><type>FIXED</type></wpt>
<wpt lat="-22.956320" lon="-49.626980"><name>Radar</name><desc>Fonte: DER-SP</desc><type>FIXED</type></wpt>
<wpt lat="-22.955243" lon="-45.623217"><name>Radar</name><desc>Fonte: DER-SP</desc><type>FIXED</type></wpt>
<wpt lat="-22.955004" lon="-45.623178"><name>Radar</name><desc>Fonte: OSM</desc><type>FIXED</type></wpt>
<wpt lat="-22.954435" lon="-46.860004"><name>Radar</name><desc>Fonte: DER-SP</desc><type>FIXED</type></wpt>
<wpt lat="-22.952717" lon="-45.405459"><name>Radar 110 km/h</name><desc>Fonte: OSM</desc><type>FIXED</type></wpt>
<wpt lat="-22.952545" lon="-45.405246"><name>Radar 110 km/h</name><desc>Fonte: ANTT</desc><type>FIXED</type></wpt>
<wpt lat="-22.948966" lon="-46.867895"><name>Radar</name><desc>Fonte: OSM</desc><type>FIXED</type></wpt>
<wpt lat="-22.947171" lon="-47.028199"><name>Radar</name><desc>Fonte: DER-SP</desc><type>FIXED</type></wpt>
<wpt lat="-22.945030" lon="-45.576543"><name>Radar 60 km/h</name><desc>Fonte: OSM</desc><type>FIXED</type></wpt>
<wpt lat="-22.944785" lon="-46.653268"><name>Radar</name><desc>Fonte: DER-SP</desc><type>FIXED</type></wpt>
<wpt lat="-22.944114" lon="-48.371805"><name>Radar</name><desc>Fonte: DER-SP</desc><type>FIXED</type></wpt>
<wpt lat="-22.943286" lon="-45.579050"><name>Radar</name><desc>Fonte: DER-SP</desc><type>FIXED</type></wpt>
<wpt lat="-22.941304" lon="-45.421913"><name>Radar</name><desc>Fonte: OSM</desc><type>FIXED</type></wpt>
<wpt lat="-22.941180" lon="-45.422384"><name>Radar</name><desc>Fonte: DER-SP</desc><type>FIXED</type></wpt>
<wpt lat="-22.938874" lon="-47.155448"><name>Radar</name><desc>Fonte: OSM</desc><type>FIXED</type></wpt>
<wpt lat="-22.938792" lon="-47.155237"><name>Radar</name><desc>Fonte: OSM</desc><type>FIXED</type></wpt>
<wpt lat="-22.938285" lon="-45.429346"><name>Radar</name><desc>Fonte: OSM</desc><type>FIXED</type></wpt>
<wpt lat="-22.938257" lon="-45.429586"><name>Radar</name><desc>Fonte: DER-SP</desc><type>FIXED</type></wpt>
<wpt lat="-22.937770" lon="-46.556616"><name>Radar</name><desc>Fonte: DER-SP</desc><type>FIXED</type></wpt>
<wpt lat="-22.935288" lon="-45.437205"><name>Radar</name><desc>Fonte: OSM</desc><type>FIXED</type></wpt>
<wpt lat="-22.935131" lon="-45.437657"><name>Radar</name><desc>Fonte: DER-SP</desc><type>FIXED</type></wpt>
<wpt lat="-22.934413" lon="-46.973276"><name>Radar</name><desc>Fonte: DER-SP</desc><type>FIXED</type></wpt>
<wpt lat="-22.934348" lon="-48.360366"><name>Radar</name><desc>Fonte: DER-SP</desc><type>FIXED</type></wpt>
<wpt lat="-22.934137" lon="-46.510724"><name>Radar</name><desc>Fonte: OSM</desc><type>FIXED</type></wpt>
<wpt lat="-22.934010" lon="-48.358310"><name>Radar</name><desc>Fonte: DER-SP</desc><type>FIXED</type></wpt>
<wpt lat="-22.934000" lon="-46.511099"><name>Radar</name><desc>Fonte: DER-SP</desc><type>FIXED</type></wpt>
<wpt lat="-22.933790" lon="-49.625650"><name>Radar</name><desc>Fonte: DER-SP</desc><type>FIXED</type></wpt>
<wpt lat="-22.931932" lon="-46.971983"><name>Radar</name><desc>Fonte: DER-SP</desc><type>FIXED</type></wpt>
<wpt lat="-22.931461" lon="-46.920485"><name>Radar</name><desc>Fonte: DER-SP</desc><type>FIXED</type></wpt>
<wpt lat="-22.929299" lon="-47.069581"><name>Radar 70 km/h</name><desc>Fonte: OSM</desc><type>FIXED</type></wpt>
<wpt lat="-22.927730" lon="-47.011175"><name>Radar</name><desc>Fonte: DER-SP</desc><type>FIXED</type></wpt>
<wpt lat="-22.927327" lon="-47.255490"><name>Radar</name><desc>Fonte: DER-SP</desc><type>FIXED</type></wpt>
<wpt lat="-22.927315" lon="-47.011228"><name>Radar</name><desc>Fonte: OSM</desc><type>FIXED</type></wpt>
<wpt lat="-22.927248" lon="-47.255230"><name>Radar 80 km/h</name><desc>Fonte: OSM</desc><type>FIXED</type></wpt>
<wpt lat="-22.927172" lon="-47.255345"><name>Radar 80 km/h</name><desc>Fonte: OSM</desc><type>FIXED</type></wpt>
<wpt lat="-22.927110" lon="-47.255260"><name>Radar</name><desc>Fonte: DER-SP</desc><type>FIXED</type></wpt>
<wpt lat="-22.926687" lon="-47.254526"><name>Radar</name><desc>Fonte: DER-SP</desc><type>FIXED</type></wpt>
<wpt lat="-22.926388" lon="-48.789166"><name>Radar</name><desc>Fonte: DER-SP</desc><type>FIXED</type></wpt>
<wpt lat="-22.925840" lon="-47.254060"><name>Radar</name><desc>Fonte: DER-SP</desc><type>FIXED</type></wpt>
<wpt lat="-22.925711" lon="-49.905254"><name>Radar 60 km/h</name><desc>Fonte: OSM</desc><type>FIXED</type></wpt>
<wpt lat="-22.924755" lon="-45.826305"><name>Radar</name><desc>Fonte: DER-SP</desc><type>FIXED</type></wpt>
<wpt lat="-22.923653" lon="-47.066874"><name>Radar 70 km/h</name><desc>Fonte: OSM</desc><type>FIXED</type></wpt>
<wpt lat="-22.923629" lon="-47.066957"><name>Radar 70 km/h</name><desc>Fonte: OSM</desc><type>FIXED</type></wpt>
<wpt lat="-22.921508" lon="-45.095641"><name>Radar</name><desc>Fonte: DER-SP</desc><type>FIXED</type></wpt>
<wpt lat="-22.921483" lon="-45.095929"><name>Radar</name><desc>Fonte: OSM</desc><type>FIXED</type></wpt>
<wpt lat="-22.921479" lon="-45.095482"><name>Radar</name><desc>Fonte: OSM</desc><type>FIXED</type></wpt>
<wpt lat="-22.921147" lon="-47.092478"><name>Radar</name><desc>Fonte: DER-SP</desc><type>FIXED</type></wpt>
<wpt lat="-22.921139" lon="-47.092504"><name>Radar 100 km/h</name><desc>Fonte: OSM</desc><type>FIXED</type></wpt>
<wpt lat="-22.921060" lon="-47.092534"><name>Radar</name><desc>Fonte: DER-SP</desc><type>FIXED</type></wpt>
<wpt lat="-22.921059" lon="-47.092506"><name>Radar</name><desc>Fonte: DER-SP</desc><type>FIXED</type></wpt>
<wpt lat="-22.921000" lon="-47.092500"><name>Radar</name><desc>Fonte: DER-SP</desc><type>FIXED</type></wpt>
<wpt lat="-22.920220" lon="-48.465400"><name>Radar</name><desc>Fonte: DER-SP</desc><type>FIXED</type></wpt>
<wpt lat="-22.919732" lon="-47.065613"><name>Radar 60 km/h</name><desc>Fonte: OSM</desc><type>FIXED</type></wpt>
<wpt lat="-22.919508" lon="-47.065665"><name>Radar 60 km/h</name><desc>Fonte: OSM</desc><type>FIXED</type></wpt>
<wpt lat="-22.917787" lon="-47.061713"><name>Radar 60 km/h</name><desc>Fonte: OSM</desc><type>FIXED</type></wpt>
<wpt lat="-22.915740" lon="-48.448100"><name>Radar</name><desc>Fonte: DER-SP</desc><type>FIXED</type></wpt>
<wpt lat="-22.915195" lon="-48.447856"><name>Radar 60 km/h</name><desc>Fonte: OSM</desc><type>FIXED</type></wpt>
<wpt lat="-22.914988" lon="-47.059146"><name>Radar 70 km/h</name><desc>Fonte: OSM</desc><type>FIXED</type></wpt>
<wpt lat="-22.914320" lon="-49.624520"><name>Radar</name><desc>Fonte: DER-SP</desc><type>FIXED</type></wpt>
<wpt lat="-22.913594" lon="-45.348244"><name>Radar</name><desc>Fonte: DER-SP</desc><type>FIXED</type></wpt>
<wpt lat="-22.913444" lon="-46.426698"><name>Radar 100 km/h</name><desc>Fonte: OSM</desc><type>FIXED</type></wpt>
<wpt lat="-22.912695" lon="-46.957303"><name>Radar</name><desc>Fonte: OSM</desc><type>FIXED</type></wpt>
<wpt lat="-22.912445" lon="-46.956831"><name>Radar</name><desc>Fonte: DER-SP</desc><type>FIXED</type></wpt>
<wpt lat="-22.911123" lon="-47.057019"><name>Radar 70 km/h</name><desc>Fonte: OSM</desc><type>FIXED</type></wpt>
<wpt lat="-22.910777" lon="-47.045034"><name>Radar 60 km/h</name><desc>Fonte: OSM</desc><type>FIXED</type></wpt>
<wpt lat="-22.910626" lon="-47.056742"><name>Radar 50 km/h</name><desc>Fonte: OSM</desc><type>FIXED</type></wpt>
<wpt lat="-22.910293" lon="-46.546438"><name>Radar</name><desc>Fonte: DER-SP</desc><type>FIXED</type></wpt>
<wpt lat="-22.909426" lon="-49.772551"><name>Radar</name><desc>Fonte: DER-SP</desc><type>FIXED</type></wpt>
<wpt lat="-22.909377" lon="-49.772228"><name>Radar 110 km/h</name><desc>Fonte: OSM</desc><type>FIXED</type></wpt>
<wpt lat="-22.908810" lon="-47.215510"><name>Radar</name><desc>Fonte: DER-SP</desc><type>FIXED</type></wpt>
<wpt lat="-22.908751" lon="-47.215868"><name>Radar</name><desc>Fonte: DER-SP</desc><type>FIXED</type></wpt>
<wpt lat="-22.908745" lon="-47.215421"><name>Radar 80 km/h</name><desc>Fonte: OSM</desc><type>FIXED</type></wpt>
<wpt lat="-22.906152" lon="-47.039694"><name>Radar 60 km/h</name><desc>Fonte: OSM</desc><type>FIXED</type></wpt>
<wpt lat="-22.905582" lon="-47.009108"><name>Radar 100 km/h</name><desc>Fonte: OSM</desc><type>FIXED</type></wpt>
<wpt lat="-22.905384" lon="-47.009031"><name>Radar</name><desc>Fonte: DER-SP</desc><type>FIXED</type></wpt>
<wpt lat="-22.905334" lon="-47.050521"><name>Radar 60 km/h</name><desc>Fonte: OSM</desc><type>FIXED</type></wpt>
<wpt lat="-22.902896" lon="-47.046609"><name>Radar 60 km/h</name><desc>Fonte: OSM</desc><type>FIXED</type></wpt>
<wpt lat="-22.902790" lon="-47.047921"><name>Radar 60 km/h</name><desc>Fonte: OSM</desc><type>FIXED</type></wpt>
<wpt lat="-22.902649" lon="-50.779982"><name>Radar</name><desc>Fonte: DER-SP</desc><type>FIXED</type></wpt>
<wpt lat="-22.902528" lon="-45.482405"><name>Radar</name><desc>Fonte: OSM</desc><type>FIXED</type></wpt>
<wpt lat="-22.902436" lon="-50.255833"><name>Radar</name><desc>Fonte: DER-SP</desc><type>FIXED</type></wpt>
<wpt lat="-22.902387" lon="-50.779806"><name>Radar</name><desc>Fonte: DER-SP</desc><type>FIXED</type></wpt>
<wpt lat="-22.902030" lon="-49.617940"><name>Radar</name><desc>Fonte: DER-SP</desc><type>FIXED</type></wpt>
<wpt lat="-22.901340" lon="-46.985758"><name>Radar</name><desc>Fonte: OSM</desc><type>FIXED</type></wpt>
<wpt lat="-22.901303" lon="-46.985500"><name>Radar</name><desc>Fonte: DER-SP</desc><type>FIXED</type></wpt>
<wpt lat="-22.900451" lon="-47.058135"><name>Radar</name><desc>Fonte: OSM</desc><type>FIXED</type></wpt>
<wpt lat="-22.899843" lon="-47.047626"><name>Radar 60 km/h</name><desc>Fonte: OSM</desc><type>FIXED</type></wpt>
<wpt lat="-22.899675" lon="-45.302658"><name>Radar 110 km/h</name><desc>Fonte: OSM</desc><type>FIXED</type></wpt>
<wpt lat="-22.898935" lon="-47.000534"><name>Radar</name><desc>Fonte: DER-SP</desc><type>FIXED</type></wpt>
<wpt lat="-22.898855" lon="-47.000773"><name>Radar</name><desc>Fonte: OSM</desc><type>FIXED</type></wpt>
<wpt lat="-22.898468" lon="-48.447981"><name>Radar</name><desc>Fonte: OSM</desc><type>FIXED</type></wpt>
<wpt lat="-22.898392" lon="-48.448043"><name>Radar</name><desc>Fonte: OSM</desc><type>FIXED</type></wpt>
<wpt lat="-22.897817" lon="-48.764139"><name>Radar</name><desc>Fonte: DER-SP</desc><type>FIXED</type></wpt>
<wpt lat="-22.897639" lon="-48.764389"><name>Radar</name><desc>Fonte: DER-SP</desc><type>FIXED</type></wpt>
<wpt lat="-22.894381" lon="-47.047232"><name>Radar 60 km/h</name><desc>Fonte: OSM</desc><type>FIXED</type></wpt>
<wpt lat="-22.894023" lon="-45.392332"><name>Radar</name><desc>Fonte: DER-SP</desc><type>FIXED</type></wpt>
<wpt lat="-22.894004" lon="-47.047502"><name>Radar 60 km/h</name><desc>Fonte: OSM</desc><type>FIXED</type></wpt>
<wpt lat="-22.893109" lon="-47.128404"><name>Radar</name><desc>Fonte: DER-SP</desc><type>FIXED</type></wpt>
<wpt lat="-22.892690" lon="-48.478340"><name>Radar</name><desc>Fonte: DER-SP</desc><type>FIXED</type></wpt>
<wpt lat="-22.892345" lon="-47.047217"><name>Radar 60 km/h</name><desc>Fonte: OSM</desc><type>FIXED</type></wpt>
<wpt lat="-22.892039" lon="-45.291589"><name>Radar 80 km/h</name><desc>Fonte: OSM</desc><type>FIXED</type></wpt>
<wpt lat="-22.891683" lon="-45.291255"><name>Radar 80 km/h</name><desc>Fonte: OSM</desc><type>FIXED</type></wpt>
<wpt lat="-22.891621" lon="-45.324568"><name>Radar</name><desc>Fonte: DER-SP</desc><type>FIXED</type></wpt>
<wpt lat="-22.890720" lon="-48.474920"><name>Radar</name><desc>Fonte: DER-SP</desc><type>FIXED</type></wpt>
<wpt lat="-22.890151" lon="-45.379515"><name>Radar</name><desc>Fonte: DER-SP</desc><type>FIXED</type></wpt>
<wpt lat="-22.889035" lon="-48.458815"><name>Radar</name><desc>Fonte: DER-SP</desc><type>FIXED</type></wpt>
<wpt lat="-22.888771" lon="-48.458684"><name>Radar</name><desc>Fonte: DER-SP</desc><type>FIXED</type></wpt>
<wpt lat="-22.888644" lon="-46.607085"><name>Radar</name><desc>Fonte: DER-SP</desc><type>FIXED</type></wpt>
<wpt lat="-22.887265" lon="-45.540987"><name>Radar</name><desc>Fonte: DER-SP</desc><type>FIXED</type></wpt>
<wpt lat="-22.887259" lon="-45.540870"><name>Radar</name><desc>Fonte: OSM</desc><type>FIXED</type></wpt>
<wpt lat="-22.886570" lon="-49.608170"><name>Radar</name><desc>Fonte: DER-SP</desc><type>FIXED</type></wpt>
<wpt lat="-22.886472" lon="-49.645143"><name>Radar</name><desc>Fonte: DER-SP</desc><type>FIXED</type></wpt>
<wpt lat="-22.886249" lon="-47.044439"><name>Radar 60 km/h</name><desc>Fonte: OSM</desc><type>FIXED</type></wpt>
<wpt lat="-22.884920" lon="-49.646000"><name>Radar</name><desc>Fonte: DER-SP</desc><type>FIXED</type></wpt>
<wpt lat="-22.884732" lon="-47.044201"><name>Radar 60 km/h</name><desc>Fonte: OSM</desc><type>FIXED</type></wpt>
<wpt lat="-22.884703" lon="-49.646111"><name>Radar 60 km/h</name><desc>Fonte: OSM</desc><type>FIXED</type></wpt>
<wpt lat="-22.882180" lon="-48.485860"><name>Radar</name><desc>Fonte: DER-SP</desc><type>FIXED</type></wpt>
<wpt lat="-22.881603" lon="-50.689843"><name>Radar</name><desc>Fonte: DER-SP</desc><type>FIXED</type></wpt>
<wpt lat="-22.879796" lon="-48.473216"><name>Radar 80 km/h</name><desc>Fonte: OSM</desc><type>FIXED</type></wpt>
<wpt lat="-22.879722" lon="-48.473289"><name>Radar</name><desc>Fonte: DER-SP</desc><type>FIXED</type></wpt>
<wpt lat="-22.879067" lon="-45.274326"><name>Radar 110 km/h</name><desc>Fonte: OSM</desc><type>FIXED</type></wpt>
<wpt lat="-22.878988" lon="-45.274363"><name>Radar 110 km/h</name><desc>Fonte: OSM</desc><type>FIXED</type></wpt>
<wpt lat="-22.878679" lon="-47.063081"><name>Radar 50 km/h</name><desc>Fonte: OSM</desc><type>FIXED</type></wpt>
<wpt lat="-22.877217" lon="-47.056496"><name>Radar 50 km/h</name><desc>Fonte: OSM</desc><type>FIXED</type></wpt>
<wpt lat="-22.876703" lon="-47.053098"><name>Radar 50 km/h</name><desc>Fonte: OSM</desc><type>FIXED</type></wpt>
<wpt lat="-22.876217" lon="-47.061091"><name>Radar 50 km/h</name><desc>Fonte: OSM</desc><type>FIXED</type></wpt>
<wpt lat="-22.875750" lon="-47.049441"><name>Radar 50 km/h</name><desc>Fonte: OSM</desc><type>FIXED</type></wpt>
<wpt lat="-22.874532" lon="-45.258419"><name>Radar</name><desc>Fonte: OSM</desc><type>FIXED</type></wpt>
<wpt lat="-22.873912" lon="-45.173431"><name>Radar</name><desc>Fonte: OSM</desc><type>FIXED</type></wpt>
<wpt lat="-22.873822" lon="-49.972213"><name>Radar</name><desc>Fonte: DER-SP</desc><type>FIXED</type></wpt>
<wpt lat="-22.873579" lon="-47.061752"><name>Radar 50 km/h</name><desc>Fonte: OSM</desc><type>FIXED</type></wpt>
<wpt lat="-22.873402" lon="-47.053463"><name>Radar 50 km/h</name><desc>Fonte: OSM</desc><type>FIXED</type></wpt>
<wpt lat="-22.872879" lon="-47.057884"><name>Radar 50 km/h</name><desc>Fonte: OSM</desc><type>FIXED</type></wpt>
<wpt lat="-22.872857" lon="-47.050964"><name>Radar 50 km/h</name><desc>Fonte: OSM</desc><type>FIXED</type></wpt>
<wpt lat="-22.872822" lon="-47.058331"><name>Radar 50 km/h</name><desc>Fonte: OSM</desc><type>FIXED</type></wpt>
<wpt lat="-22.872453" lon="-49.234075"><name>Radar</name><desc>Fonte: DER-SP</desc><type>FIXED</type></wpt>
<wpt lat="-22.871786" lon="-47.266232"><name>Radar</name><desc>Fonte: DER-SP</desc><type>FIXED</type></wpt>
<wpt lat="-22.870800" lon="-47.266100"><name>Radar</name><desc>Fonte: DER-SP</desc><type>FIXED</type></wpt>
<wpt lat="-22.869758" lon="-47.129265"><name>Radar</name><desc>Fonte: DER-SP</desc><type>FIXED</type></wpt>
<wpt lat="-22.868597" lon="-45.256657"><name>Radar</name><desc>Fonte: DNIT</desc><type>FIXED</type></wpt>
<wpt lat="-22.868349" lon="-45.256527"><name>Radar</name><desc>Fonte: DNIT</desc><type>FIXED</type></wpt>
<wpt lat="-22.868088" lon="-47.044359"><name>Radar</name><desc>Fonte: DER-SP</desc><type>FIXED</type></wpt>
<wpt lat="-22.866961" lon="-47.133884"><name>Radar</name><desc>Fonte: DER-SP</desc><type>FIXED</type></wpt>
<wpt lat="-22.865017" lon="-45.595798"><name>Radar</name><desc>Fonte: OSM</desc><type>FIXED</type></wpt>
<wpt lat="-22.864610" lon="-45.255205"><name>Radar</name><desc>Fonte: DNIT</desc><type>FIXED</type></wpt>
<wpt lat="-22.864500" lon="-46.789802"><name>Radar</name><desc>Fonte: DER-SP</desc><type>FIXED</type></wpt>
<wpt lat="-22.863434" lon="-45.255713"><name>Radar</name><desc>Fonte: DNIT</desc><type>FIXED</type></wpt>
<wpt lat="-22.862563" lon="-47.139160"><name>Radar 100 km/h</name><desc>Fonte: OSM</desc><type>FIXED</type></wpt>
<wpt lat="-22.862526" lon="-49.227454"><name>Radar</name><desc>Fonte: DER-SP</desc><type>FIXED</type></wpt>
<wpt lat="-22.862497" lon="-47.138787"><name>Radar 100 km/h</name><desc>Fonte: OSM</desc><type>FIXED</type></wpt>
<wpt lat="-22.862425" lon="-47.138747"><name>Radar</name><desc>Fonte: DER-SP</desc><type>FIXED</type></wpt>
<wpt lat="-22.862328" lon="-47.139359"><name>Radar</name><desc>Fonte: DER-SP</desc><type>FIXED</type></wpt>
<wpt lat="-22.860796" lon="-45.254090"><name>Radar</name><desc>Fonte: DNIT</desc><type>FIXED</type></wpt>
<wpt lat="-22.860427" lon="-45.253881"><name>Radar</name><desc>Fonte: DNIT</desc><type>FIXED</type></wpt>
<wpt lat="-22.860420" lon="-45.621511"><name>Radar</name><desc>Fonte: OSM</desc><type>FIXED</type></wpt>
<wpt lat="-22.860013" lon="-45.621797"><name>Radar</name><desc>Fonte: DER-SP</desc><type>FIXED</type></wpt>
<wpt lat="-22.859745" lon="-45.621972"><name>Radar 60 km/h</name><desc>Fonte: OSM</desc><type>FIXED</type></wpt>
<wpt lat="-22.859196" lon="-47.146240"><name>Radar</name><desc>Fonte: OSM</desc><type>FIXED</type></wpt>
<wpt lat="-22.859186" lon="-45.611772"><name>Radar 60 km/h</name><desc>Fonte: OSM</desc><type>FIXED</type></wpt>
<wpt lat="-22.859148" lon="-47.072282"><name>Radar</name><desc>Fonte: DER-SP</desc><type>FIXED</type></wpt>
<wpt lat="-22.858420" lon="-45.233043"><name>Radar 60 km/h</name><desc>Fonte: OSM</desc><type>FIXED</type></wpt>
<wpt lat="-22.858321" lon="-45.249257"><name>Radar</name><desc>Fonte: DNIT</desc><type>FIXED</type></wpt>
<wpt lat="-22.858157" lon="-45.232958"><name>Radar 60 km/h</name><desc>Fonte: OSM</desc><type>FIXED</type></wpt>
<wpt lat="-22.857820" lon="-45.247863"><name>Radar</name><desc>Fonte: DNIT</desc><type>FIXED</type></wpt>
<wpt lat="-22.855219" lon="-47.049640"><name>Radar 40 km/h</name><desc>Fonte: OSM</desc><type>FIXED</type></wpt>
<wpt lat="-22.855132" lon="-45.243455"><name>Radar</name><desc>Fonte: DNIT</desc><type>FIXED</type></wpt>
<wpt lat="-22.854836" lon="-45.243089"><name>Radar</name><desc>Fonte: DNIT</desc><type>FIXED</type></wpt>
<wpt lat="-22.852415" lon="-45.239011"><name>Radar</name><desc>Fonte: DNIT</desc><type>FIXED</type></wpt>
<wpt lat="-22.850087" lon="-47.028454"><name>Radar 100 km/h</name><desc>Fonte: OSM</desc><type>FIXED</type></wpt>
<wpt lat="-22.849971" lon="-47.028499"><name>Radar</name><desc>Fonte: DER-SP</desc><type>FIXED</type></wpt>
<wpt lat="-22.849746" lon="-47.160206"><name>Radar 100 km/h</name><desc>Fonte: OSM</desc><type>FIXED</type></wpt>
<wpt lat="-22.849721" lon="-47.076845"><name>Radar</name><desc>Fonte: DER-SP</desc><type>FIXED</type></wpt>
<wpt lat="-22.849588" lon="-47.160062"><name>Radar 100 km/h</name><desc>Fonte: OSM</desc><type>FIXED</type></wpt>
<wpt lat="-22.849460" lon="-47.160727"><name>Radar</name><desc>Fonte: DER-SP</desc><type>FIXED</type></wpt>
<wpt lat="-22.849298" lon="-47.042026"><name>Radar</name><desc>Fonte: DER-SP</desc><type>FIXED</type></wpt>
<wpt lat="-22.849160" lon="-47.160560"><name>Radar</name><desc>Fonte: DER-SP</desc><type>FIXED</type></wpt>
<wpt lat="-22.849104" lon="-45.231637"><name>Radar</name><desc>Fonte: DNIT</desc><type>FIXED</type></wpt>
<wpt lat="-22.848078" lon="-45.231636"><name>Radar</name><desc>Fonte: DNIT</desc><type>FIXED</type></wpt>
<wpt lat="-22.847129" lon="-45.233223"><name>Radar</name><desc>Fonte: DNIT</desc><type>FIXED</type></wpt>
<wpt lat="-22.847013" lon="-45.232336"><name>Radar</name><desc>Fonte: DNIT</desc><type>FIXED</type></wpt>
<wpt lat="-22.846068" lon="-45.615597"><name>Radar</name><desc>Fonte: DER-SP</desc><type>FIXED</type></wpt>
<wpt lat="-22.846011" lon="-45.615862"><name>Radar 40 km/h</name><desc>Fonte: OSM</desc><type>FIXED</type></wpt>
<wpt lat="-22.844706" lon="-47.081201"><name>Radar</name><desc>Fonte: DER-SP</desc><type>FIXED</type></wpt>
<wpt lat="-22.843480" lon="-47.047474"><name>Radar 100 km/h</name><desc>Fonte: OSM</desc><type>FIXED</type></wpt>
<wpt lat="-22.843409" lon="-47.047454"><name>Radar</name><desc>Fonte: DER-SP</desc><type>FIXED</type></wpt>
<wpt lat="-22.843230" lon="-45.224667"><name>Radar 100 km/h</name><desc>Fonte: ANTT</desc><type>FIXED</type></wpt>
<wpt lat="-22.842587" lon="-45.224316"><name>Radar 100 km/h</name><desc>Fonte: OSM</desc><type>FIXED</type></wpt>
<wpt lat="-22.842088" lon="-47.168686"><name>Radar</name><desc>Fonte: DER-SP</desc><type>FIXED</type></wpt>
<wpt lat="-22.842075" lon="-47.168205"><name>Radar</name><desc>Fonte: DER-SP</desc><type>FIXED</type></wpt>
<wpt lat="-22.841858" lon="-50.511206"><name>Radar</name><desc>Fonte: DER-SP</desc><type>FIXED</type></wpt>
<wpt lat="-22.841644" lon="-47.168992"><name>Radar</name><desc>Fonte: OSM</desc><type>FIXED</type></wpt>
<wpt lat="-22.841185" lon="-47.169092"><name>Radar</name><desc>Fonte: OSM</desc><type>FIXED</type></wpt>
<wpt lat="-22.838005" lon="-45.180994"><name>Radar</name><desc>Fonte: OSM</desc><type>FIXED</type></wpt>
<wpt lat="-22.837800" lon="-45.181166"><name>Radar</name><desc>Fonte: DER-SP</desc><type>FIXED</type></wpt>
<wpt lat="-22.837519" lon="-45.181234"><name>Radar</name><desc>Fonte: OSM</desc><type>FIXED</type></wpt>
<wpt lat="-22.837388" lon="-46.554075"><name>Radar 60 km/h</name><desc>Fonte: OSM</desc><type>FIXED</type></wpt>
<wpt lat="-22.835792" lon="-45.220319"><name>Radar 100 km/h</name><desc>Fonte: OSM</desc><type>FIXED</type></wpt>
<wpt lat="-22.835630" lon="-45.220051"><name>Radar 100 km/h</name><desc>Fonte: ANTT</desc><type>FIXED</type></wpt>
<wpt lat="-22.828123" lon="-45.638649"><name>Radar</name><desc>Fonte: OSM</desc><type>FIXED</type></wpt>
<wpt lat="-22.828003" lon="-45.642592"><name>Radar 50 km/h</name><desc>Fonte: OSM</desc><type>FIXED</type></wpt>
<wpt lat="-22.827871" lon="-45.637085"><name>Radar</name><desc>Fonte: OSM</desc><type>FIXED</type></wpt>
<wpt lat="-22.827690" lon="-45.637020"><name>Radar</name><desc>Fonte: DER-SP</desc><type>FIXED</type></wpt>
<wpt lat="-22.827665" lon="-45.207209"><name>Radar</name><desc>Fonte: OSM</desc><type>FIXED</type></wpt>
<wpt lat="-22.827574" lon="-45.206995"><name>Radar 100 km/h</name><desc>Fonte: OSM</desc><type>FIXED</type></wpt>
<wpt lat="-22.827008" lon="-45.205728"><name>Radar</name><desc>Fonte: OSM</desc><type>FIXED</type></wpt>
<wpt lat="-22.826940" lon="-45.210114"><name>Radar 50 km/h</name><desc>Fonte: OSM</desc><type>FIXED</type></wpt>
<wpt lat="-22.826348" lon="-45.718998"><name>Radar</name><desc>Fonte: DER-SP</desc><type>FIXED</type></wpt>
<wpt lat="-22.826308" lon="-45.719315"><name>Radar</name><desc>Fonte: OSM</desc><type>FIXED</type></wpt>
<wpt lat="-22.826247" lon="-45.718647"><name>Radar</name><desc>Fonte: OSM</desc><type>FIXED</type></wpt>
<wpt lat="-22.826037" lon="-45.657228"><name>Radar</name><desc>Fonte: OSM</desc><type>FIXED</type></wpt>
<wpt lat="-22.826036" lon="-45.657197"><name>Radar 30 km/h</name><desc>Fonte: OSM</desc><type>FIXED</type></wpt>
<wpt lat="-22.825748" lon="-45.630096"><name>Radar</name><desc>Fonte: OSM</desc><type>FIXED</type></wpt>
<wpt lat="-22.825665" lon="-45.660036"><name>Radar</name><desc>Fonte: OSM</desc><type>FIXED</type></wpt>
<wpt lat="-22.825070" lon="-47.188158"><name>Radar 100 km/h</name><desc>Fonte: OSM</desc><type>FIXED</type></wpt>
<wpt lat="-22.824800" lon="-47.188500"><name>Radar</name><desc>Fonte: DER-SP</desc><type>FIXED</type></wpt>
<wpt lat="-22.824722" lon="-47.188333"><name>Radar</name><desc>Fonte: DER-SP</desc><type>FIXED</type></wpt>
<wpt lat="-22.823909" lon="-49.550023"><name>Radar 110 km/h</name><desc>Fonte: OSM</desc><type>FIXED</type></wpt>
<wpt lat="-22.823037" lon="-45.674608"><name>Radar 40 km/h</name><desc>Fonte: OSM</desc><type>FIXED</type></wpt>
<wpt lat="-22.822720" lon="-45.674000"><name>Radar</name><desc>Fonte: OSM</desc><type>FIXED</type></wpt>
<wpt lat="-22.821874" lon="-45.196989"><name>Radar 100 km/h</name><desc>Fonte: ANTT</desc><type>FIXED</type></wpt>
<wpt lat="-22.821801" lon="-45.196731"><name>Radar 100 km/h</name><desc>Fonte: ANTT</desc><type>FIXED</type></wpt>
<wpt lat="-22.821730" lon="-45.197064"><name>Radar 100 km/h</name><desc>Fonte: OSM</desc><type>FIXED</type></wpt>
<wpt lat="-22.818819" lon="-47.576285"><name>Radar</name><desc>Fonte: DER-SP</desc><type>FIXED</type></wpt>
<wpt lat="-22.817500" lon="-47.202700"><name>Radar</name><desc>Fonte: DER-SP</desc><type>FIXED</type></wpt>
<wpt lat="-22.817449" lon="-47.202644"><name>Radar</name><desc>Fonte: DER-SP</desc><type>FIXED</type></wpt>
<wpt lat="-22.817364" lon="-47.203002"><name>Radar 100 km/h</name><desc>Fonte: OSM</desc><type>FIXED</type></wpt>
<wpt lat="-22.817099" lon="-45.181560"><name>Radar</name><desc>Fonte: OSM</desc><type>FIXED</type></wpt>
<wpt lat="-22.816309" lon="-45.180843"><name>Radar</name><desc>Fonte: OSM</desc><type>FIXED</type></wpt>
<wpt lat="-22.815752" lon="-47.035839"><name>Radar</name><desc>Fonte: OSM</desc><type>FIXED</type></wpt>
<wpt lat="-22.815343" lon="-47.035741"><name>Radar</name><desc>Fonte: DER-SP</desc><type>FIXED</type></wpt>
<wpt lat="-22.815138" lon="-47.035967"><name>Radar</name><desc>Fonte: DER-SP</desc><type>FIXED</type></wpt>
<wpt lat="-22.814714" lon="-47.021795"><name>Radar 60 km/h</name><desc>Fonte: OSM</desc><type>FIXED</type></wpt>
<wpt lat="-22.814363" lon="-47.035628"><name>Radar</name><desc>Fonte: OSM</desc><type>FIXED</type></wpt>
<wpt lat="-22.812031" lon="-47.034735"><name>Radar</name><desc>Fonte: OSM</desc><type>FIXED</type></wpt>
<wpt lat="-22.809215" lon="-47.214470"><name>Radar</name><desc>Fonte: OSM</desc><type>FIXED</type></wpt>
<wpt lat="-22.808975" lon="-47.186469"><name>Radar</name><desc>Fonte: DER-SP</desc><type>FIXED</type></wpt>
<wpt lat="-22.804782" lon="-47.243915"><name>Radar</name><desc>Fonte: DER-SP</desc><type>FIXED</type></wpt>
<wpt lat="-22.804325" lon="-46.523905"><name>Radar</name><desc>Fonte: DER-SP</desc><type>FIXED</type></wpt>
<wpt lat="-22.799372" lon="-47.235738"><name>Radar</name><desc>Fonte: DER-SP</desc><type>FIXED</type></wpt>
<wpt lat="-22.798267" lon="-47.437739"><name>Radar</name><desc>Fonte: DER-SP</desc><type>FIXED</type></wpt>
<wpt lat="-22.794972" lon="-49.522427"><name>Radar 110 km/h</name><desc>Fonte: OSM</desc><type>FIXED</type></wpt>
<wpt lat="-22.792749" lon="-45.163592"><name>Radar 110 km/h</name><desc>Fonte: OSM</desc><type>FIXED</type></wpt>
<wpt lat="-22.792345" lon="-45.163017"><name>Radar 110 km/h</name><desc>Fonte: ANTT</desc><type>FIXED</type></wpt>
<wpt lat="-22.791890" lon="-50.207670"><name>Radar</name><desc>Fonte: DER-SP</desc><type>FIXED</type></wpt>
<wpt lat="-22.783000" lon="-47.433800"><name>Radar</name><desc>Fonte: DER-SP</desc><type>FIXED</type></wpt>
<wpt lat="-22.782470" lon="-47.433460"><name>Radar</name><desc>Fonte: DER-SP</desc><type>FIXED</type></wpt>
<wpt lat="-22.781880" lon="-46.573433"><name>Radar 60 km/h</name><desc>Fonte: OSM</desc><type>FIXED</type></wpt>
<wpt lat="-22.780949" lon="-46.757888"><name>Radar</name><desc>Fonte: DER-SP</desc><type>FIXED</type></wpt>
<wpt lat="-22.777094" lon="-45.612863"><name>Radar 40 km/h</name><desc>Fonte: OSM</desc><type>FIXED</type></wpt>
<wpt lat="-22.777066" lon="-45.153003"><name>Radar</name><desc>Fonte: OSM</desc><type>FIXED</type></wpt>
<wpt lat="-22.777030" lon="-45.612470"><name>Radar</name><desc>Fonte: DER-SP</desc><type>FIXED</type></wpt>
<wpt lat="-22.776476" lon="-45.152757"><name>Radar</name><desc>Fonte: OSM</desc><type>FIXED</type></wpt>
<wpt lat="-22.772590" lon="-47.423129"><name>Radar</name><desc>Fonte: DER-SP</desc><type>FIXED</type></wpt>
<wpt lat="-22.772400" lon="-49.500780"><name>Radar</name><desc>Fonte: DER-SP</desc><type>FIXED</type></wpt>
<wpt lat="-22.772366" lon="-49.500720"><name>Radar 110 km/h</name><desc>Fonte: OSM</desc><type>FIXED</type></wpt>
<wpt lat="-22.772223" lon="-46.560607"><name>Radar</name><desc>Fonte: DER-SP</desc><type>FIXED</type></wpt>
<wpt lat="-22.772221" lon="-49.500738"><name>Radar</name><desc>Fonte: DER-SP</desc><type>FIXED</type></wpt>
<wpt lat="-22.770290" lon="-47.421996"><name>Radar</name><desc>Fonte: DER-SP</desc><type>FIXED</type></wpt>
<wpt lat="-22.768910" lon="-48.550430"><name>Radar</name><desc>Fonte: DER-SP</desc><type>FIXED</type></wpt>
<wpt lat="-22.768822" lon="-47.302847"><name>Radar</name><desc>Fonte: DER-SP</desc><type>FIXED</type></wpt>
<wpt lat="-22.766345" lon="-47.418320"><name>Radar</name><desc>Fonte: DER-SP</desc><type>FIXED</type></wpt>
<wpt lat="-22.766121" lon="-47.315862"><name>Radar</name><desc>Fonte: DER-SP</desc><type>FIXED</type></wpt>
<wpt lat="-22.765282" lon="-45.147393"><name>Radar</name><desc>Fonte: OSM</desc><type>FIXED</type></wpt>
<wpt lat="-22.765033" lon="-45.147260"><name>Radar</name><desc>Fonte: DER-SP</desc><type>FIXED</type></wpt>
<wpt lat="-22.764780" lon="-45.147055"><name>Radar</name><desc>Fonte: OSM</desc><type>FIXED</type></wpt>
<wpt lat="-22.764728" lon="-45.147020"><name>Radar</name><desc>Fonte: OSM</desc><type>FIXED</type></wpt>
<wpt lat="-22.764226" lon="-47.387746"><name>Radar</name><desc>Fonte: DER-SP</desc><type>FIXED</type></wpt>
<wpt lat="-22.764000" lon="-50.604700"><name>Radar</name><desc>Fonte: DER-SP</desc><type>FIXED</type></wpt>
<wpt lat="-22.763667" lon="-47.378361"><name>Radar</name><desc>Fonte: DER-SP</desc><type>FIXED</type></wpt>
<wpt lat="-22.762080" lon="-47.356742"><name>Radar</name><desc>Fonte: DER-SP</desc><type>FIXED</type></wpt>
<wpt lat="-22.762017" lon="-47.355922"><name>Radar</name><desc>Fonte: DER-SP</desc><type>FIXED</type></wpt>
<wpt lat="-22.760004" lon="-47.326374"><name>Radar</name><desc>Fonte: DER-SP</desc><type>FIXED</type></wpt>
<wpt lat="-22.759122" lon="-47.319678"><name>Radar</name><desc>Fonte: DER-SP</desc><type>FIXED</type></wpt>
<wpt lat="-22.757619" lon="-45.114540"><name>Radar 110 km/h</name><desc>Fonte: OSM</desc><type>FIXED</type></wpt>
<wpt lat="-22.757362" lon="-47.473426"><name>Radar</name><desc>Fonte: DER-SP</desc><type>FIXED</type></wpt>
<wpt lat="-22.757284" lon="-45.114169"><name>Radar 110 km/h</name><desc>Fonte: ANTT</desc><type>FIXED</type></wpt>
<wpt lat="-22.757204" lon="-47.401468"><name>Radar 50 km/h</name><desc>Fonte: OSM</desc><type>FIXED</type></wpt>
<wpt lat="-22.757087" lon="-47.431162"><name>Radar</name><desc>Fonte: DER-SP</desc><type>FIXED</type></wpt>
<wpt lat="-22.757021" lon="-47.431124"><name>Radar 60 km/h</name><desc>Fonte: OSM</desc><type>FIXED</type></wpt>
<wpt lat="-22.756693" lon="-47.310343"><name>Radar</name><desc>Fonte: DER-SP</desc><type>FIXED</type></wpt>
<wpt lat="-22.754858" lon="-47.264149"><name>Radar</name><desc>Fonte: DER-SP</desc><type>FIXED</type></wpt>
<wpt lat="-22.754711" lon="-45.139169"><name>Radar</name><desc>Fonte: OSM</desc><type>FIXED</type></wpt>
<wpt lat="-22.753760" lon="-45.138693"><name>Radar</name><desc>Fonte: OSM</desc><type>FIXED</type></wpt>
<wpt lat="-22.753687" lon="-45.138600"><name>Radar</name><desc>Fonte: DER-SP</desc><type>FIXED</type></wpt>
<wpt lat="-22.753282" lon="-45.138457"><name>Radar</name><desc>Fonte: OSM</desc><type>FIXED</type></wpt>
<wpt lat="-22.752132" lon="-47.020362"><name>Radar</name><desc>Fonte: DER-SP</desc><type>FIXED</type></wpt>
<wpt lat="-22.751380" lon="-48.482040"><name>Radar</name><desc>Fonte: DER-SP</desc><type>FIXED</type></wpt>
<wpt lat="-22.750420" lon="-47.598440"><name>Radar</name><desc>Fonte: DER-SP</desc><type>FIXED</type></wpt>
<wpt lat="-22.750215" lon="-47.598760"><name>Radar</name><desc>Fonte: DER-SP</desc><type>FIXED</type></wpt>
<wpt lat="-22.749838" lon="-45.106071"><name>Radar 40 km/h</name><desc>Fonte: OSM</desc><type>FIXED</type></wpt>
<wpt lat="-22.749801" lon="-45.105995"><name>Radar 40 km/h</name><desc>Fonte: OSM</desc><type>FIXED</type></wpt>
<wpt lat="-22.749342" lon="-50.185464"><name>Radar 110 km/h</name><desc>Fonte: OSM</desc><type>FIXED</type></wpt>
<wpt lat="-22.749267" lon="-50.185598"><name>Radar</name><desc>Fonte: DER-SP</desc><type>FIXED</type></wpt>
<wpt lat="-22.748583" lon="-45.136161"><name>Radar</name><desc>Fonte: OSM</desc><type>FIXED</type></wpt>
<wpt lat="-22.748565" lon="-47.156951"><name>Radar</name><desc>Fonte: DER-SP</desc><type>FIXED</type></wpt>
<wpt lat="-22.744698" lon="-47.710444"><name>Radar</name><desc>Fonte: DER-SP</desc><type>FIXED</type></wpt>
<wpt lat="-22.743974" lon="-47.268121"><name>Radar</name><desc>Fonte: DER-SP</desc><type>FIXED</type></wpt>
<wpt lat="-22.743045" lon="-47.268918"><name>Radar</name><desc>Fonte: OSM</desc><type>FIXED</type></wpt>
<wpt lat="-22.743000" lon="-47.267200"><name>Radar</name><desc>Fonte: DER-SP</desc><type>FIXED</type></wpt>
<wpt lat="-22.742293" lon="-47.579685"><name>Radar</name><desc>Fonte: DER-SP</desc><type>FIXED</type></wpt>
<wpt lat="-22.742123" lon="-47.667537"><name>Radar 50 km/h</name><desc>Fonte: OSM</desc><type>FIXED</type></wpt>
<wpt lat="-22.741429" lon="-47.576188"><name>Radar</name><desc>Fonte: DER-SP</desc><type>FIXED</type></wpt>
<wpt lat="-22.740114" lon="-47.472991"><name>Radar</name><desc>Fonte: DER-SP</desc><type>FIXED</type></wpt>
<wpt lat="-22.739364" lon="-47.588593"><name>Radar</name><desc>Fonte: DER-SP</desc><type>FIXED</type></wpt>
<wpt lat="-22.739213" lon="-50.371425"><name>Radar</name><desc>Fonte: DER-SP</desc><type>FIXED</type></wpt>
<wpt lat="-22.739187" lon="-46.906655"><name>Radar 40 km/h</name><desc>Fonte: OSM</desc><type>FIXED</type></wpt>
<wpt lat="-22.738483" lon="-47.592186"><name>Radar</name><desc>Fonte: DER-SP</desc><type>FIXED</type></wpt>
<wpt lat="-22.738087" lon="-47.156815"><name>Radar</name><desc>Fonte: DER-SP</desc><type>FIXED</type></wpt>
<wpt lat="-22.737331" lon="-46.905020"><name>Radar 40 km/h</name><desc>Fonte: OSM</desc><type>FIXED</type></wpt>
<wpt lat="-22.736739" lon="-47.540643"><name>Radar</name><desc>Fonte: DER-SP</desc><type>FIXED</type></wpt>
<wpt lat="-22.735336" lon="-47.639447"><name>Radar</name><desc>Fonte: OSM</desc><type>FIXED</type></wpt>
<wpt lat="-22.735019" lon="-46.564357"><name>Radar</name><desc>Fonte: DER-SP</desc><type>FIXED</type></wpt>
<wpt lat="-22.734703" lon="-46.869626"><name>Radar</name><desc>Fonte: DER-SP</desc><type>FIXED</type></wpt>
<wpt lat="-22.734203" lon="-45.097879"><name>Radar</name><desc>Fonte: DNIT</desc><type>FIXED</type></wpt>
<wpt lat="-22.733754" lon="-47.536810"><name>Radar</name><desc>Fonte: DER-SP</desc><type>FIXED</type></wpt>
<wpt lat="-22.733747" lon="-45.098124"><name>Radar 40 km/h</name><desc>Fonte: OSM</desc><type>FIXED</type></wpt>
<wpt lat="-22.733638" lon="-47.326428"><name>Radar</name><desc>Fonte: OSM</desc><type>FIXED</type></wpt>
<wpt lat="-22.733117" lon="-45.570703"><name>Radar 50 km/h</name><desc>Fonte: OSM</desc><type>FIXED</type></wpt>
<wpt lat="-22.732931" lon="-47.312446"><name>Radar</name><desc>Fonte: OSM</desc><type>FIXED</type></wpt>
<wpt lat="-22.732434" lon="-49.461005"><name>Radar 40 km/h</name><desc>Fonte: OSM</desc><type>FIXED</type></wpt>
<wpt lat="-22.730934" lon="-45.099888"><name>Radar 40 km/h</name><desc>Fonte: OSM</desc><type>FIXED</type></wpt>
<wpt lat="-22.730634" lon="-47.302295"><name>Radar</name><desc>Fonte: OSM</desc><type>FIXED</type></wpt>
<wpt lat="-22.730560" lon="-47.302323"><name>Radar</name><desc>Fonte: OSM</desc><type>FIXED</type></wpt>
<wpt lat="-22.730523" lon="-45.100116"><name>Radar</name><desc>Fonte: DNIT</desc><type>FIXED</type></wpt>
<wpt lat="-22.728706" lon="-47.295163"><name>Radar</name><desc>Fonte: OSM</desc><type>FIXED</type></wpt>
<wpt lat="-22.728472" lon="-47.294640"><name>Radar</name><desc>Fonte: OSM</desc><type>FIXED</type></wpt>
<wpt lat="-22.726495" lon="-47.559491"><name>Radar</name><desc>Fonte: DER-SP</desc><type>FIXED</type></wpt>
<wpt lat="-22.726310" lon="-48.439510"><name>Radar</name><desc>Fonte: DER-SP</desc><type>FIXED</type></wpt>
<wpt lat="-22.725748" lon="-45.580257"><name>Radar</name><desc>Fonte: OSM</desc><type>FIXED</type></wpt>
<wpt lat="-22.725621" lon="-45.579215"><name>Radar</name><desc>Fonte: OSM</desc><type>FIXED</type></wpt>
<wpt lat="-22.724124" lon="-45.104124"><name>Radar</name><desc>Fonte: OSM</desc><type>FIXED</type></wpt>
<wpt lat="-22.724121" lon="-45.104064"><name>Radar</name><desc>Fonte: DNIT</desc><type>FIXED</type></wpt>
<wpt lat="-22.723861" lon="-45.104289"><name>Radar 60 km/h</name><desc>Fonte: OSM</desc><type>FIXED</type></wpt>
<wpt lat="-22.723129" lon="-50.549176"><name>Radar 100 km/h</name><desc>Fonte: OSM</desc><type>FIXED</type></wpt>
<wpt lat="-22.723100" lon="-50.549200"><name>Radar</name><desc>Fonte: DER-SP</desc><type>FIXED</type></wpt>
<wpt lat="-22.722483" lon="-45.574594"><name>Radar</name><desc>Fonte: OSM</desc><type>FIXED</type></wpt>
<wpt lat="-22.721188" lon="-50.546794"><name>Radar</name><desc>Fonte: DER-SP</desc><type>FIXED</type></wpt>
<wpt lat="-22.720995" lon="-47.614062"><name>Radar 90 km/h</name><desc>Fonte: OSM</desc><type>FIXED</type></wpt>
<wpt lat="-22.720978" lon="-46.789159"><name>Radar</name><desc>Fonte: DER-SP</desc><type>FIXED</type></wpt>
<wpt lat="-22.720813" lon="-47.614052"><name>Radar 90 km/h</name><desc>Fonte: OSM</desc><type>FIXED</type></wpt>
<wpt lat="-22.720329" lon="-45.573812"><name>Radar</name><desc>Fonte: OSM</desc><type>FIXED</type></wpt>
<wpt lat="-22.720215" lon="-46.933057"><name>Radar</name><desc>Fonte: DER-SP</desc><type>FIXED</type></wpt>
<wpt lat="-22.720152" lon="-50.243053"><name>Radar 110 km/h</name><desc>Fonte: OSM</desc><type>FIXED</type></wpt>
<wpt lat="-22.720080" lon="-50.243070"><name>Radar</name><desc>Fonte: DER-SP</desc><type>FIXED</type></wpt>
<wpt lat="-22.720071" lon="-45.106650"><name>Radar 60 km/h</name><desc>Fonte: OSM</desc><type>FIXED</type></wpt>
<wpt lat="-22.719959" lon="-45.106805"><name>Radar</name><desc>Fonte: DNIT</desc><type>FIXED</type></wpt>
<wpt lat="-22.719943" lon="-50.243170"><name>Radar</name><desc>Fonte: DER-SP</desc><type>FIXED</type></wpt>
<wpt lat="-22.719883" lon="-47.646119"><name>Radar 50 km/h</name><desc>Fonte: OSM</desc><type>FIXED</type></wpt>
<wpt lat="-22.719470" lon="-46.807242"><name>Radar</name><desc>Fonte: DER-SP</desc><type>FIXED</type></wpt>
<wpt lat="-22.718758" lon="-46.939183"><name>Radar</name><desc>Fonte: DER-SP</desc><type>FIXED</type></wpt>
<wpt lat="-22.716839" lon="-45.727959"><name>Radar</name><desc>Fonte: OSM</desc><type>FIXED</type></wpt>
<wpt lat="-22.716750" lon="-45.727813"><name>Radar</name><desc>Fonte: DER-SP</desc><type>FIXED</type></wpt>
<wpt lat="-22.716461" lon="-45.727651"><name>Radar</name><desc>Fonte: OSM</desc><type>FIXED</type></wpt>
<wpt lat="-22.709319" lon="-46.835403"><name>Radar</name><desc>Fonte: DER-SP</desc><type>FIXED</type></wpt>
<wpt lat="-22.706523" lon="-46.965941"><name>Radar</name><desc>Fonte: DER-SP</desc><type>FIXED</type></wpt>
<wpt lat="-22.704623" lon="-47.454904"><name>Radar</name><desc>Fonte: DER-SP</desc><type>FIXED</type></wpt>
<wpt lat="-22.703286" lon="-47.013054"><name>Radar</name><desc>Fonte: OSM</desc><type>FIXED</type></wpt>
<wpt lat="-22.703201" lon="-46.768943"><name>Avanço de sinal</name><desc>Fonte: OSM</desc><type>RED_LIGHT</type></wpt>
<wpt lat="-22.702863" lon="-46.769146"><name>Avanço de sinal</name><desc>Fonte: OSM</desc><type>RED_LIGHT</type></wpt>
<wpt lat="-22.702466" lon="-47.013269"><name>Radar</name><desc>Fonte: DER-SP</desc><type>FIXED</type></wpt>
<wpt lat="-22.702149" lon="-47.013040"><name>Radar</name><desc>Fonte: DER-SP</desc><type>FIXED</type></wpt>
<wpt lat="-22.702032" lon="-47.013252"><name>Radar</name><desc>Fonte: OSM</desc><type>FIXED</type></wpt>
<wpt lat="-22.701383" lon="-47.305459"><name>Radar</name><desc>Fonte: DER-SP</desc><type>FIXED</type></wpt>
<wpt lat="-22.700505" lon="-47.147385"><name>Radar</name><desc>Fonte: DER-SP</desc><type>FIXED</type></wpt>
<wpt lat="-22.697620" lon="-45.737217"><name>Radar 60 km/h</name><desc>Fonte: OSM</desc><type>FIXED</type></wpt>
<wpt lat="-22.696500" lon="-45.121300"><name>Radar</name><desc>Fonte: DNIT</desc><type>FIXED</type></wpt>
<wpt lat="-22.696310" lon="-45.121465"><name>Radar 60 km/h</name><desc>Fonte: OSM</desc><type>FIXED</type></wpt>
<wpt lat="-22.694646" lon="-46.972357"><name>Radar</name><desc>Fonte: DER-SP</desc><type>FIXED</type></wpt>
<wpt lat="-22.692403" lon="-45.737929"><name>Radar 60 km/h</name><desc>Fonte: OSM</desc><type>FIXED</type></wpt>
<wpt lat="-22.689228" lon="-47.667617"><name>Radar</name><desc>Fonte: DER-SP</desc><type>FIXED</type></wpt>
<wpt lat="-22.689009" lon="-47.667499"><name>Radar</name><desc>Fonte: DER-SP</desc><type>FIXED</type></wpt>
<wpt lat="-22.686498" lon="-47.671831"><name>Radar</name><desc>Fonte: DER-SP</desc><type>FIXED</type></wpt>
<wpt lat="-22.686279" lon="-47.671707"><name>Radar</name><desc>Fonte: DER-SP</desc><type>FIXED</type></wpt>
<wpt lat="-22.683961" lon="-47.683611"><name>Radar</name><desc>Fonte: DER-SP</desc><type>FIXED</type></wpt>
<wpt lat="-22.683953" lon="-47.682128"><name>Radar</name><desc>Fonte: DER-SP</desc><type>FIXED</type></wpt>
<wpt lat="-22.682033" lon="-47.692117"><name>Radar</name><desc>Fonte: DER-SP</desc><type>FIXED</type></wpt>
<wpt lat="-22.681630" lon="-48.255110"><name>Radar</name><desc>Fonte: DER-SP</desc><type>FIXED</type></wpt>
<wpt lat="-22.680923" lon="-46.741562"><name>Radar</name><desc>Fonte: DER-SP</desc><type>FIXED</type></wpt>
<wpt lat="-22.678971" lon="-46.778021"><name>Radar</name><desc>Fonte: DER-SP</desc><type>FIXED</type></wpt>
<wpt lat="-22.676856" lon="-47.727931"><name>Radar</name><desc>Fonte: DER-SP</desc><type>FIXED</type></wpt>
<wpt lat="-22.676803" lon="-47.728102"><name>Radar</name><desc>Fonte: DER-SP</desc><type>FIXED</type></wpt>
<wpt lat="-22.674411" lon="-47.770169"><name>Radar</name><desc>Fonte: DER-SP</desc><type>FIXED</type></wpt>
<wpt lat="-22.673393" lon="-47.752052"><name>Radar</name><desc>Fonte: DER-SP</desc><type>FIXED</type></wpt>
<wpt lat="-22.672040" lon="-44.995861"><name>Radar 110 km/h</name><desc>Fonte: ANTT</desc><type>FIXED</type></wpt>
<wpt lat="-22.671890" lon="-44.995530"><name>Radar 110 km/h</name><desc>Fonte: ANTT</desc><type>FIXED</type></wpt>
<wpt lat="-22.671744" lon="-44.995622"><name>Radar 110 km/h</name><desc>Fonte: OSM</desc><type>FIXED</type></wpt>
<wpt lat="-22.671100" lon="-50.480100"><name>Radar</name><desc>Fonte: DER-SP</desc><type>FIXED</type></wpt>
<wpt lat="-22.667460" lon="-50.473850"><name>Radar</name><desc>Fonte: DER-SP</desc><type>FIXED</type></wpt>
<wpt lat="-22.667402" lon="-50.473915"><name>Radar 80 km/h</name><desc>Fonte: OSM</desc><type>FIXED</type></wpt>
<wpt lat="-22.662980" lon="-47.608650"><name>Radar</name><desc>Fonte: DER-SP</desc><type>FIXED</type></wpt>
<wpt lat="-22.662975" lon="-47.608653"><name>Radar</name><desc>Fonte: DER-SP</desc><type>FIXED</type></wpt>
<wpt lat="-22.660999" lon="-50.359737"><name>Radar 110 km/h</name><desc>Fonte: OSM</desc><type>FIXED</type></wpt>
<wpt lat="-22.656701" lon="-44.933595"><name>Radar</name><desc>Fonte: DER-SP</desc><type>FIXED</type></wpt>
<wpt lat="-22.648425" lon="-47.807413"><name>Radar 40 km/h</name><desc>Fonte: OSM</desc><type>FIXED</type></wpt>
<wpt lat="-22.648276" lon="-47.809824"><name>Radar</name><desc>Fonte: DER-SP</desc><type>FIXED</type></wpt>
<wpt lat="-22.648252" lon="-47.807342"><name>Radar 40 km/h</name><desc>Fonte: OSM</desc><type>FIXED</type></wpt>
<wpt lat="-22.648236" lon="-47.807538"><name>Radar</name><desc>Fonte: DER-SP</desc><type>FIXED</type></wpt>
<wpt lat="-22.648207" lon="-47.806776"><name>Radar</name><desc>Fonte: DER-SP</desc><type>FIXED</type></wpt>
<wpt lat="-22.648172" lon="-47.807028"><name>Radar 40 km/h</name><desc>Fonte: OSM</desc><type>FIXED</type></wpt>
<wpt lat="-22.648059" lon="-47.806996"><name>Radar 40 km/h</name><desc>Fonte: OSM</desc><type>FIXED</type></wpt>
<wpt lat="-22.640675" lon="-50.437739"><name>Radar 60 km/h</name><desc>Fonte: OSM</desc><type>FIXED</type></wpt>
<wpt lat="-22.640659" lon="-50.437752"><name>Radar</name><desc>Fonte: DER-SP</desc><type>FIXED</type></wpt>
<wpt lat="-22.640659" lon="-50.437479"><name>Radar</name><desc>Fonte: DER-SP</desc><type>FIXED</type></wpt>
<wpt lat="-22.640554" lon="-46.730037"><name>Radar</name><desc>Fonte: DER-SP</desc><type>FIXED</type></wpt>
<wpt lat="-22.638035" lon="-50.412759"><name>Radar 60 km/h</name><desc>Fonte: OSM</desc><type>FIXED</type></wpt>
<wpt lat="-22.637954" lon="-50.412754"><name>Radar 60 km/h</name><desc>Fonte: OSM</desc><type>FIXED</type></wpt>
<wpt lat="-22.637888" lon="-50.403215"><name>Radar</name><desc>Fonte: DER-SP</desc><type>FIXED</type></wpt>
<wpt lat="-22.637091" lon="-50.402499"><name>Radar 60 km/h</name><desc>Fonte: OSM</desc><type>FIXED</type></wpt>
<wpt lat="-22.635538" lon="-44.973777"><name>Radar</name><desc>Fonte: OSM</desc><type>FIXED</type></wpt>
<wpt lat="-22.635376" lon="-50.453677"><name>Radar 110 km/h</name><desc>Fonte: OSM</desc><type>FIXED</type></wpt>
<wpt lat="-22.635300" lon="-50.453680"><name>Radar</name><desc>Fonte: DER-SP</desc><type>FIXED</type></wpt>
<wpt lat="-22.635260" lon="-50.453664"><name>Radar</name><desc>Fonte: DER-SP</desc><type>FIXED</type></wpt>
<wpt lat="-22.635160" lon="-44.973871"><name>Radar</name><desc>Fonte: DER-SP</desc><type>FIXED</type></wpt>
<wpt lat="-22.629144" lon="-46.534265"><name>Radar</name><desc>Fonte: DER-SP</desc><type>FIXED</type></wpt>
<wpt lat="-22.628769" lon="-47.277668"><name>Radar</name><desc>Fonte: DER-SP</desc><type>FIXED</type></wpt>
<wpt lat="-22.627188" lon="-48.749457"><name>Radar</name><desc>Fonte: DER-SP</desc><type>FIXED</type></wpt>
<wpt lat="-22.624533" lon="-44.912904"><name>Radar 80 km/h</name><desc>Fonte: ANTT</desc><type>FIXED</type></wpt>
<wpt lat="-22.624377" lon="-44.912786"><name>Radar 80 km/h</name><desc>Fonte: ANTT</desc><type>FIXED</type></wpt>
<wpt lat="-22.624243" lon="-45.161684"><name>Radar</name><desc>Fonte: DNIT</desc><type>FIXED</type></wpt>
<wpt lat="-22.623897" lon="-45.161628"><name>Radar</name><desc>Fonte: OSM</desc><type>FIXED</type></wpt>
<wpt lat="-22.621919" lon="-44.909544"><name>Radar 80 km/h</name><desc>Fonte: ANTT</desc><type>FIXED</type></wpt>
<wpt lat="-22.620059" lon="-45.165120"><name>Radar</name><desc>Fonte: OSM</desc><type>FIXED</type></wpt>
<wpt lat="-22.619727" lon="-51.742186"><name>Radar 30 km/h</name><desc>Fonte: OSM</desc><type>FIXED</type></wpt>
<wpt lat="-22.615869" lon="-51.240296"><name>Radar 80 km/h</name><desc>Fonte: OSM</desc><type>FIXED</type></wpt>
<wpt lat="-22.615858" lon="-51.240125"><name>Radar</name><desc>Fonte: DER-SP</desc><type>FIXED</type></wpt>
<wpt lat="-22.612924" lon="-45.112645"><name>Radar</name><desc>Fonte: DER-SP</desc><type>FIXED</type></wpt>
<wpt lat="-22.607523" lon="-46.526267"><name>Radar</name><desc>Fonte: DER-SP</desc><type>FIXED</type></wpt>
<wpt lat="-22.606752" lon="-47.714761"><name>Radar</name><desc>Fonte: DER-SP</desc><type>FIXED</type></wpt>
<wpt lat="-22.606751" lon="-47.717361"><name>Radar</name><desc>Fonte: DER-SP</desc><type>FIXED</type></wpt>
<wpt lat="-22.606612" lon="-47.714653"><name>Radar 40 km/h</name><desc>Fonte: OSM</desc><type>FIXED</type></wpt>
<wpt lat="-22.606610" lon="-47.714756"><name>Radar 40 km/h</name><desc>Fonte: OSM</desc><type>FIXED</type></wpt>
<wpt lat="-22.606487" lon="-47.094386"><name>Radar</name><desc>Fonte: DER-SP</desc><type>FIXED</type></wpt>
<wpt lat="-22.606389" lon="-47.714944"><name>Radar 40 km/h</name><desc>Fonte: OSM</desc><type>FIXED</type></wpt>
<wpt lat="-22.606386" lon="-47.715045"><name>Radar 40 km/h</name><desc>Fonte: OSM</desc><type>FIXED</type></wpt>
<wpt lat="-22.606171" lon="-47.714938"><name>Radar</name><desc>Fonte: DER-SP</desc><type>FIXED</type></wpt>
<wpt lat="-22.604303" lon="-50.871024"><name>Radar</name><desc>Fonte: DER-SP</desc><type>FIXED</type></wpt>
<wpt lat="-22.599943" lon="-45.006991"><name>Radar</name><desc>Fonte: DER-SP</desc><type>FIXED</type></wpt>
<wpt lat="-22.598152" lon="-44.998327"><name>Radar</name><desc>Fonte: DER-SP</desc><type>FIXED</type></wpt>
<wpt lat="-22.592132" lon="-44.970354"><name>Radar</name><desc>Fonte: OSM</desc><type>FIXED</type></wpt>
<wpt lat="-22.590394" lon="-47.368769"><name>Radar 40 km/h</name><desc>Fonte: OSM</desc><type>FIXED</type></wpt>
<wpt lat="-22.586761" lon="-47.148472"><name>Radar</name><desc>Fonte: DER-SP</desc><type>FIXED</type></wpt>
<wpt lat="-22.585307" lon="-47.380218"><name>Radar</name><desc>Fonte: OSM</desc><type>FIXED</type></wpt>
<wpt lat="-22.585135" lon="-44.879861"><name>Radar 80 km/h</name><desc>Fonte: OSM</desc><type>FIXED</type></wpt>
<wpt lat="-22.585081" lon="-44.879807"><name>Radar 80 km/h</name><desc>Fonte: ANTT</desc><type>FIXED</type></wpt>
<wpt lat="-22.584896" lon="-48.798383"><name>Radar 80 km/h</name><desc>Fonte: OSM</desc><type>FIXED</type></wpt>
<wpt lat="-22.584717" lon="-48.798919"><name>Radar 80 km/h</name><desc>Fonte: OSM</desc><type>FIXED</type></wpt>
<wpt lat="-22.584608" lon="-48.799207"><name>Radar</name><desc>Fonte: DER-SP</desc><type>FIXED</type></wpt>
<wpt lat="-22.584226" lon="-44.981472"><name>Radar</name><desc>Fonte: DER-SP</desc><type>FIXED</type></wpt>
<wpt lat="-22.583743" lon="-44.982371"><name>Radar</name><desc>Fonte: OSM</desc><type>FIXED</type></wpt>
<wpt lat="-22.583416" lon="-44.982819"><name>Radar</name><desc>Fonte: OSM</desc><type>FIXED</type></wpt>
<wpt lat="-22.578200" lon="-48.792710"><name>Radar</name><desc>Fonte: DER-SP</desc><type>FIXED</type></wpt>
<wpt lat="-22.577025" lon="-47.530522"><name>Radar</name><desc>Fonte: DER-SP</desc><type>FIXED</type></wpt>
<wpt lat="-22.575617" lon="-47.491362"><name>Radar 80 km/h</name><desc>Fonte: OSM</desc><type>FIXED</type></wpt>
<wpt lat="-22.575528" lon="-47.491064"><name>Radar</name><desc>Fonte: DER-SP</desc><type>FIXED</type></wpt>
<wpt lat="-22.572734" lon="-47.474571"><name>Radar</name><desc>Fonte: DER-SP</desc><type>FIXED</type></wpt>
<wpt lat="-22.572521" lon="-44.994417"><name>Radar</name><desc>Fonte: OSM</desc><type>FIXED</type></wpt>
<wpt lat="-22.572376" lon="-50.517479"><name>Radar 40 km/h</name><desc>Fonte: OSM</desc><type>FIXED</type></wpt>
<wpt lat="-22.572359" lon="-50.517055"><name>Radar</name><desc>Fonte: DER-SP</desc><type>FIXED</type></wpt>
<wpt lat="-22.572356" lon="-50.517115"><name>Radar 40 km/h</name><desc>Fonte: OSM</desc><type>FIXED</type></wpt>
<wpt lat="-22.572337" lon="-44.994556"><name>Radar</name><desc>Fonte: DER-SP</desc><type>FIXED</type></wpt>
<wpt lat="-22.572288" lon="-50.517358"><name>Radar 40 km/h</name><desc>Fonte: OSM</desc><type>FIXED</type></wpt>
<wpt lat="-22.572262" lon="-50.517016"><name>Radar 40 km/h</name><desc>Fonte: OSM</desc><type>FIXED</type></wpt>
<wpt lat="-22.572257" lon="-50.517537"><name>Radar</name><desc>Fonte: DER-SP</desc><type>FIXED</type></wpt>
<wpt lat="-22.571303" lon="-46.668747"><name>Radar</name><desc>Fonte: DER-SP</desc><type>FIXED</type></wpt>
<wpt lat="-22.571264" lon="-50.521067"><name>Radar</name><desc>Fonte: DER-SP</desc><type>FIXED</type></wpt>
<wpt lat="-22.571140" lon="-47.410015"><name>Radar 40 km/h</name><desc>Fonte: OSM</desc><type>FIXED</type></wpt>
<wpt lat="-22.570833" lon="-47.409838"><name>Radar 40 km/h</name><desc>Fonte: OSM</desc><type>FIXED</type></wpt>
<wpt lat="-22.566398" lon="-44.940573"><name>Radar</name><desc>Fonte: DER-SP</desc><type>FIXED</type></wpt>
<wpt lat="-22.566217" lon="-47.911042"><name>Radar</name><desc>Fonte: DER-SP</desc><type>FIXED</type></wpt>
<wpt lat="-22.565300" lon="-47.431700"><name>Radar</name><desc>Fonte: DER-SP</desc><type>FIXED</type></wpt>
<wpt lat="-22.565212" lon="-47.431555"><name>Radar 80 km/h</name><desc>Fonte: OSM</desc><type>FIXED</type></wpt>
<wpt lat="-22.565095" lon="-48.062148"><name>Radar 40 km/h</name><desc>Fonte: OSM</desc><type>FIXED</type></wpt>
<wpt lat="-22.565022" lon="-48.062469"><name>Radar</name><desc>Fonte: DER-SP</desc><type>FIXED</type></wpt>
<wpt lat="-22.565018" lon="-48.062509"><name>Radar</name><desc>Fonte: DER-SP</desc><type>FIXED</type></wpt>
<wpt lat="-22.565000" lon="-48.062151"><name>Radar 40 km/h</name><desc>Fonte: OSM</desc><type>FIXED</type></wpt>
<wpt lat="-22.564878" lon="-48.065236"><name>Radar</name><desc>Fonte: DER-SP</desc><type>FIXED</type></wpt>
<wpt lat="-22.564833" lon="-48.061859"><name>Radar 40 km/h</name><desc>Fonte: OSM</desc><type>FIXED</type></wpt>
<wpt lat="-22.564766" lon="-47.000517"><name>Radar</name><desc>Fonte: OSM</desc><type>FIXED</type></wpt>
<wpt lat="-22.564746" lon="-48.061877"><name>Radar 40 km/h</name><desc>Fonte: OSM</desc><type>FIXED</type></wpt>
<wpt lat="-22.564738" lon="-48.061536"><name>Radar</name><desc>Fonte: DER-SP</desc><type>FIXED</type></wpt>
<wpt lat="-22.562165" lon="-47.000311"><name>Radar</name><desc>Fonte: OSM</desc><type>FIXED</type></wpt>
<wpt lat="-22.555395" lon="-46.583843"><name>Radar</name><desc>Fonte: DER-SP</desc><type>FIXED</type></wpt>
<wpt lat="-22.550879" lon="-47.379260"><name>Radar 40 km/h</name><desc>Fonte: OSM</desc><type>FIXED</type></wpt>
<wpt lat="-22.550277" lon="-52.235694"><name>Radar</name><desc>Fonte: DER-SP</desc><type>FIXED</type></wpt>
<wpt lat="-22.547861" lon="-52.860776"><name>Radar</name><desc>Fonte: DER-SP</desc><type>FIXED</type></wpt>
<wpt lat="-22.544950" lon="-52.248583"><name>Radar</name><desc>Fonte: DER-SP</desc><type>FIXED</type></wpt>
<wpt lat="-22.544907" lon="-52.248539"><name>Radar</name><desc>Fonte: OSM</desc><type>FIXED</type></wpt>
<wpt lat="-22.536281" lon="-52.269573"><name>Radar</name><desc>Fonte: DER-SP</desc><type>FIXED</type></wpt>
<wpt lat="-22.536139" lon="-52.269819"><name>Radar 70 km/h</name><desc>Fonte: OSM</desc><type>FIXED</type></wpt>
<wpt lat="-22.527536" lon="-52.291497"><name>Radar</name><desc>Fonte: DER-SP</desc><type>FIXED</type></wpt>
<wpt lat="-22.527533" lon="-52.291409"><name>Radar</name><desc>Fonte: OSM</desc><type>FIXED</type></wpt>
<wpt lat="-22.524300" lon="-48.720780"><name>Radar</name><desc>Fonte: DER-SP</desc><type>FIXED</type></wpt>
<wpt lat="-22.523374" lon="-52.918112"><name>Radar</name><desc>Fonte: OSM</desc><type>FIXED</type></wpt>
<wpt lat="-22.518100" lon="-48.720100"><name>Radar</name><desc>Fonte: DER-SP</desc><type>FIXED</type></wpt>
<wpt lat="-22.517664" lon="-48.202075"><name>Radar</name><desc>Fonte: DER-SP</desc><type>FIXED</type></wpt>
<wpt lat="-22.517447" lon="-52.945687"><name>Radar</name><desc>Fonte: DER-SP</desc><type>FIXED</type></wpt>
<wpt lat="-22.517436" lon="-52.327280"><name>Radar</name><desc>Fonte: DER-SP</desc><type>FIXED</type></wpt>
<wpt lat="-22.517359" lon="-52.327451"><name>Radar 70 km/h</name><desc>Fonte: OSM</desc><type>FIXED</type></wpt>
<wpt lat="-22.517273" lon="-52.327618"><name>Radar</name><desc>Fonte: OSM</desc><type>FIXED</type></wpt>
<wpt lat="-22.515902" lon="-47.394730"><name>Radar</name><desc>Fonte: OSM</desc><type>FIXED</type></wpt>
<wpt lat="-22.515457" lon="-52.340712"><name>Radar</name><desc>Fonte: DER-SP</desc><type>FIXED</type></wpt>
<wpt lat="-22.515389" lon="-52.340744"><name>Radar</name><desc>Fonte: OSM</desc><type>FIXED</type></wpt>
<wpt lat="-22.514071" lon="-45.016853"><name>Radar</name><desc>Fonte: OSM</desc><type>FIXED</type></wpt>
<wpt lat="-22.514067" lon="-45.016865"><name>Radar</name><desc>Fonte: DER-SP</desc><type>FIXED</type></wpt>
<wpt lat="-22.502938" lon="-52.466161"><name>Radar</name><desc>Fonte: DER-SP</desc><type>FIXED</type></wpt>
<wpt lat="-22.502922" lon="-52.464953"><name>Radar</name><desc>Fonte: OSM</desc><type>FIXED</type></wpt>
<wpt lat="-22.502529" lon="-52.474648"><name>Radar</name><desc>Fonte: OSM</desc><type>FIXED</type></wpt>
<wpt lat="-22.501987" lon="-48.542528"><name>Radar 60 km/h</name><desc>Fonte: OSM</desc><type>FIXED</type></wpt>
<wpt lat="-22.501950" lon="-48.542502"><name>Radar 60 km/h</name><desc>Fonte: OSM</desc><type>FIXED</type></wpt>
<wpt lat="-22.501851" lon="-48.542611"><name>Radar 60 km/h</name><desc>Fonte: OSM</desc><type>FIXED</type></wpt>
<wpt lat="-22.500912" lon="-52.489820"><name>Radar</name><desc>Fonte: DER-SP</desc><type>FIXED</type></wpt>
<wpt lat="-22.500847" lon="-48.544696"><name>Radar 50 km/h</name><desc>Fonte: OSM</desc><type>FIXED</type></wpt>
<wpt lat="-22.500756" lon="-48.544722"><name>Radar 50 km/h</name><desc>Fonte: OSM</desc><type>FIXED</type></wpt>
<wpt lat="-22.500750" lon="-48.546460"><name>Radar</name><desc>Fonte: DER-SP</desc><type>FIXED</type></wpt>
<wpt lat="-22.500736" lon="-52.490465"><name>Radar</name><desc>Fonte: OSM</desc><type>FIXED</type></wpt>
<wpt lat="-22.495787" lon="-48.571680"><name>Radar</name><desc>Fonte: OSM</desc><type>FIXED</type></wpt>
<wpt lat="-22.495759" lon="-49.314972"><name>Radar</name><desc>Fonte: DER-SP</desc><type>FIXED</type></wpt>
<wpt lat="-22.495759" lon="-48.571554"><name>Radar</name><desc>Fonte: OSM</desc><type>FIXED</type></wpt>
<wpt lat="-22.495482" lon="-49.312491"><name>Radar</name><desc>Fonte: DER-SP</desc><type>FIXED</type></wpt>
<wpt lat="-22.495425" lon="-49.312561"><name>Radar 40 km/h</name><desc>Fonte: OSM</desc><type>FIXED</type></wpt>
<wpt lat="-22.495400" lon="-49.312474"><name>Radar 40 km/h</name><desc>Fonte: OSM</desc><type>FIXED</type></wpt>
<wpt lat="-22.495347" lon="-49.312861"><name>Radar 40 km/h</name><desc>Fonte: OSM</desc><type>FIXED</type></wpt>
<wpt lat="-22.495307" lon="-49.312799"><name>Radar 40 km/h</name><desc>Fonte: OSM</desc><type>FIXED</type></wpt>
<wpt lat="-22.495223" lon="-49.312895"><name>Radar</name><desc>Fonte: DER-SP</desc><type>FIXED</type></wpt>
<wpt lat="-22.494550" lon="-48.539490"><name>Radar</name><desc>Fonte: DER-SP</desc><type>FIXED</type></wpt>
<wpt lat="-22.488225" lon="-45.013410"><name>Radar</name><desc>Fonte: OSM</desc><type>FIXED</type></wpt>
<wpt lat="-22.488088" lon="-45.013661"><name>Radar</name><desc>Fonte: DER-SP</desc><type>FIXED</type></wpt>
<wpt lat="-22.487550" lon="-46.633374"><name>Radar 50 km/h</name><desc>Fonte: OSM</desc><type>FIXED</type></wpt>
<wpt lat="-22.485552" lon="-52.138216"><name>Radar</name><desc>Fonte: DER-SP</desc><type>FIXED</type></wpt>
<wpt lat="-22.485518" lon="-52.615802"><name>Radar</name><desc>Fonte: DER-SP</desc><type>FIXED</type></wpt>
<wpt lat="-22.485465" lon="-52.616254"><name>Radar</name><desc>Fonte: OSM</desc><type>FIXED</type></wpt>
<wpt lat="-22.485370" lon="-52.138193"><name>Radar 100 km/h</name><desc>Fonte: OSM</desc><type>FIXED</type></wpt>
<wpt lat="-22.485307" lon="-52.138160"><name>Radar</name><desc>Fonte: OSM</desc><type>FIXED</type></wpt>
<wpt lat="-22.484764" lon="-52.955981"><name>Radar</name><desc>Fonte: DER-SP</desc><type>FIXED</type></wpt>
<wpt lat="-22.484413" lon="-50.924121"><name>Radar</name><desc>Fonte: DER-SP</desc><type>FIXED</type></wpt>
<wpt lat="-22.484361" lon="-50.923865"><name>Radar</name><desc>Fonte: DER-SP</desc><type>FIXED</type></wpt>
<wpt lat="-22.482100" lon="-48.543370"><name>Radar</name><desc>Fonte: DER-SP</desc><type>FIXED</type></wpt>
<wpt lat="-22.481246" lon="-46.636038"><name>Radar 50 km/h</name><desc>Fonte: OSM</desc><type>FIXED</type></wpt>
<wpt lat="-22.480853" lon="-47.471862"><name>Radar 110 km/h</name><desc>Fonte: OSM</desc><type>FIXED</type></wpt>
<wpt lat="-22.480503" lon="-47.474028"><name>Radar</name><desc>Fonte: DER-SP</desc><type>FIXED</type></wpt>
<wpt lat="-22.480459" lon="-47.474025"><name>Radar 110 km/h</name><desc>Fonte: OSM</desc><type>FIXED</type></wpt>
<wpt lat="-22.480186" lon="-47.459136"><name>Radar 50 km/h</name><desc>Fonte: OSM</desc><type>FIXED</type></wpt>
<wpt lat="-22.480114" lon="-47.459130"><name>Radar 50 km/h</name><desc>Fonte: OSM</desc><type>FIXED</type></wpt>
<wpt lat="-22.479637" lon="-46.636020"><name>Radar 50 km/h</name><desc>Fonte: OSM</desc><type>FIXED</type></wpt>
<wpt lat="-22.478894" lon="-47.478303"><name>Radar</name><desc>Fonte: DER-SP</desc><type>FIXED</type></wpt>
<wpt lat="-22.478853" lon="-47.478404"><name>Radar 110 km/h</name><desc>Fonte: OSM</desc><type>FIXED</type></wpt>
<wpt lat="-22.474148" lon="-48.549741"><name>Radar</name><desc>Fonte: DER-SP</desc><type>FIXED</type></wpt>
<wpt lat="-22.473374" lon="-46.624848"><name>Radar 50 km/h</name><desc>Fonte: OSM</desc><type>FIXED</type></wpt>
<wpt lat="-22.470989" lon="-47.504558"><name>Radar</name><desc>Fonte: DER-SP</desc><type>FIXED</type></wpt>
<wpt lat="-22.470978" lon="-47.504365"><name>Radar 110 km/h</name><desc>Fonte: OSM</desc><type>FIXED</type></wpt>
<wpt lat="-22.469420" lon="-48.553251"><name>Radar</name><desc>Fonte: DER-SP</desc><type>FIXED</type></wpt>
<wpt lat="-22.469419" lon="-48.553222"><name>Radar</name><desc>Fonte: DER-SP</desc><type>FIXED</type></wpt>
<wpt lat="-22.469026" lon="-48.553360"><name>Radar</name><desc>Fonte: OSM</desc><type>FIXED</type></wpt>
<wpt lat="-22.467694" lon="-47.511472"><name>Radar</name><desc>Fonte: DER-SP</desc><type>FIXED</type></wpt>
<wpt lat="-22.467641" lon="-47.511569"><name>Radar 110 km/h</name><desc>Fonte: OSM</desc><type>FIXED</type></wpt>
<wpt lat="-22.460583" lon="-49.337839"><name>Radar</name><desc>Fonte: DER-SP</desc><type>FIXED</type></wpt>
<wpt lat="-22.460494" lon="-46.790302"><name>Radar</name><desc>Fonte: DER-SP</desc><type>FIXED</type></wpt>
<wpt lat="-22.458905" lon="-46.590618"><name>Radar</name><desc>Fonte: DER-SP</desc><type>FIXED</type></wpt>
<wpt lat="-22.455979" lon="-47.398939"><name>Radar</name><desc>Fonte: DER-SP</desc><type>FIXED</type></wpt>
<wpt lat="-22.455918" lon="-47.398975"><name>Radar 110 km/h</name><desc>Fonte: OSM</desc><type>FIXED</type></wpt>
<wpt lat="-22.455641" lon="-49.343313"><name>Radar</name><desc>Fonte: DER-SP</desc><type>FIXED</type></wpt>
<wpt lat="-22.455597" lon="-49.343375"><name>Radar</name><desc>Fonte: DER-SP</desc><type>FIXED</type></wpt>
<wpt lat="-22.454334" lon="-47.522838"><name>Radar</name><desc>Fonte: DER-SP</desc><type>FIXED</type></wpt>
<wpt lat="-22.453710" lon="-47.553310"><name>Radar 110 km/h</name><desc>Fonte: OSM</desc><type>FIXED</type></wpt>
<wpt lat="-22.451949" lon="-48.563130"><name>Radar</name><desc>Fonte: DER-SP</desc><type>FIXED</type></wpt>
<wpt lat="-22.448702" lon="-47.537414"><name>Radar</name><desc>Fonte: DER-SP</desc><type>FIXED</type></wpt>
<wpt lat="-22.442986" lon="-48.563586"><name>Radar</name><desc>Fonte: DER-SP</desc><type>FIXED</type></wpt>
<wpt lat="-22.441996" lon="-46.985371"><name>Radar</name><desc>Fonte: DER-SP</desc><type>FIXED</type></wpt>
<wpt lat="-22.441949" lon="-46.985315"><name>Radar</name><desc>Fonte: DER-SP</desc><type>FIXED</type></wpt>
<wpt lat="-22.440408" lon="-50.585102"><name>Radar</name><desc>Fonte: DER-SP</desc><type>FIXED</type></wpt>
<wpt lat="-22.439546" lon="-50.585434"><name>Radar</name><desc>Fonte: DER-SP</desc><type>FIXED</type></wpt>
<wpt lat="-22.438159" lon="-47.568371"><name>Radar</name><desc>Fonte: OSM</desc><type>FIXED</type></wpt>
<wpt lat="-22.437443" lon="-51.648020"><name>Radar</name><desc>Fonte: DER-SP</desc><type>FIXED</type></wpt>
<wpt lat="-22.430785" lon="-47.572249"><name>Radar 90 km/h</name><desc>Fonte: OSM</desc><type>FIXED</type></wpt>
<wpt lat="-22.430744" lon="-47.572112"><name>Radar</name><desc>Fonte: DER-SP</desc><type>FIXED</type></wpt>
<wpt lat="-22.428892" lon="-49.514731"><name>Radar</name><desc>Fonte: DER-SP</desc><type>FIXED</type></wpt>
<wpt lat="-22.428368" lon="-50.209295"><name>Radar 60 km/h</name><desc>Fonte: OSM</desc><type>FIXED</type></wpt>
<wpt lat="-22.428361" lon="-50.209417"><name>Radar</name><desc>Fonte: DER-SP</desc><type>FIXED</type></wpt>
<wpt lat="-22.427744" lon="-50.589786"><name>Radar</name><desc>Fonte: DER-SP</desc><type>FIXED</type></wpt>
<wpt lat="-22.427640" lon="-50.589788"><name>Radar</name><desc>Fonte: DER-SP</desc><type>FIXED</type></wpt>
<wpt lat="-22.426246" lon="-47.574307"><name>Radar 90 km/h</name><desc>Fonte: OSM</desc><type>FIXED</type></wpt>
<wpt lat="-22.426163" lon="-47.574616"><name>Radar</name><desc>Fonte: OSM</desc><type>FIXED</type></wpt>
<wpt lat="-22.422664" lon="-49.389233"><name>Radar</name><desc>Fonte: DER-SP</desc><type>FIXED</type></wpt>
<wpt lat="-22.422523" lon="-49.387995"><name>Radar</name><desc>Fonte: DER-SP</desc><type>FIXED</type></wpt>
<wpt lat="-22.421047" lon="-49.001387"><name>Radar 110 km/h</name><desc>Fonte: OSM</desc><type>FIXED</type></wpt>
<wpt lat="-22.421040" lon="-49.001365"><name>Radar</name><desc>Fonte: DER-SP</desc><type>FIXED</type></wpt>
<wpt lat="-22.420960" lon="-49.001650"><name>Radar</name><desc>Fonte: DER-SP</desc><type>FIXED</type></wpt>
<wpt lat="-22.419560" lon="-49.392304"><name>Radar</name><desc>Fonte: DER-SP</desc><type>FIXED</type></wpt>
<wpt lat="-22.418683" lon="-49.392036"><name>Radar</name><desc>Fonte: DER-SP</desc><type>FIXED</type></wpt>
<wpt lat="-22.417489" lon="-47.568214"><name>Radar 50 km/h</name><desc>Fonte: OSM</desc><type>FIXED</type></wpt>
<wpt lat="-22.417221" lon="-47.568428"><name>Radar 50 km/h</name><desc>Fonte: OSM</desc><type>FIXED</type></wpt>
<wpt lat="-22.414402" lon="-47.581249"><name>Radar 90 km/h</name><desc>Fonte: OSM</desc><type>FIXED</type></wpt>
<wpt lat="-22.410911" lon="-47.583844"><name>Radar</name><desc>Fonte: DER-SP</desc><type>FIXED</type></wpt>
<wpt lat="-22.410418" lon="-47.566414"><name>Radar 60 km/h</name><desc>Fonte: OSM</desc><type>FIXED</type></wpt>
<wpt lat="-22.410201" lon="-47.566240"><name>Radar</name><desc>Fonte: OSM</desc><type>FIXED</type></wpt>
<wpt lat="-22.409671" lon="-47.571435"><name>Radar 50 km/h</name><desc>Fonte: OSM</desc><type>FIXED</type></wpt>
<wpt lat="-22.409435" lon="-47.571632"><name>Radar 50 km/h</name><desc>Fonte: OSM</desc><type>FIXED</type></wpt>
<wpt lat="-22.408537" lon="-48.563525"><name>Radar</name><desc>Fonte: DER-SP</desc><type>FIXED</type></wpt>
<wpt lat="-22.408334" lon="-48.564022"><name>Radar 40 km/h</name><desc>Fonte: OSM</desc><type>FIXED</type></wpt>
<wpt lat="-22.408317" lon="-48.564294"><name>Radar</name><desc>Fonte: DER-SP</desc><type>FIXED</type></wpt>
<wpt lat="-22.408255" lon="-48.564287"><name>Radar 40 km/h</name><desc>Fonte: OSM</desc><type>FIXED</type></wpt>
<wpt lat="-22.407047" lon="-47.587444"><name>Radar</name><desc>Fonte: DER-SP</desc><type>FIXED</type></wpt>
<wpt lat="-22.407016" lon="-47.587593"><name>Radar 90 km/h</name><desc>Fonte: OSM</desc><type>FIXED</type></wpt>
<wpt lat="-22.406753" lon="-47.676275"><name>Radar</name><desc>Fonte: DER-SP</desc><type>FIXED</type></wpt>
<wpt lat="-22.406631" lon="-47.676244"><name>Radar 60 km/h</name><desc>Fonte: OSM</desc><type>FIXED</type></wpt>
<wpt lat="-22.406204" lon="-47.676208"><name>Radar</name><desc>Fonte: DER-SP</desc><type>FIXED</type></wpt>
<wpt lat="-22.405933" lon="-47.599214"><name>Radar</name><desc>Fonte: DER-SP</desc><type>FIXED</type></wpt>
<wpt lat="-22.405703" lon="-47.564817"><name>Radar 60 km/h</name><desc>Fonte: OSM</desc><type>FIXED</type></wpt>
<wpt lat="-22.405481" lon="-48.261589"><name>Radar</name><desc>Fonte: DER-SP</desc><type>FIXED</type></wpt>
<wpt lat="-22.405382" lon="-46.844406"><name>Radar</name><desc>Fonte: DER-SP</desc><type>FIXED</type></wpt>
<wpt lat="-22.405196" lon="-48.261813"><name>Radar 40 km/h</name><desc>Fonte: OSM</desc><type>FIXED</type></wpt>
<wpt lat="-22.405136" lon="-48.262095"><name>Radar</name><desc>Fonte: DER-SP</desc><type>FIXED</type></wpt>
<wpt lat="-22.405114" lon="-48.261790"><name>Radar 40 km/h</name><desc>Fonte: OSM</desc><type>FIXED</type></wpt>
<wpt lat="-22.405038" lon="-48.261547"><name>Radar 40 km/h</name><desc>Fonte: OSM</desc><type>FIXED</type></wpt>
<wpt lat="-22.404951" lon="-48.261537"><name>Radar 40 km/h</name><desc>Fonte: OSM</desc><type>FIXED</type></wpt>
<wpt lat="-22.404898" lon="-47.565102"><name>Radar 60 km/h</name><desc>Fonte: OSM</desc><type>FIXED</type></wpt>
<wpt lat="-22.404794" lon="-47.565116"><name>Radar</name><desc>Fonte: OSM</desc><type>FIXED</type></wpt>
<wpt lat="-22.404210" lon="-47.585666"><name>Radar 50 km/h</name><desc>Fonte: OSM</desc><type>FIXED</type></wpt>
<wpt lat="-22.404128" lon="-47.597161"><name>Radar</name><desc>Fonte: DER-SP</desc><type>FIXED</type></wpt>
<wpt lat="-22.403727" lon="-48.463478"><name>Radar</name><desc>Fonte: DER-SP</desc><type>FIXED</type></wpt>
<wpt lat="-22.403378" lon="-47.586203"><name>Radar 50 km/h</name><desc>Fonte: OSM</desc><type>FIXED</type></wpt>
<wpt lat="-22.403338" lon="-48.462182"><name>Radar</name><desc>Fonte: DER-SP</desc><type>FIXED</type></wpt>
<wpt lat="-22.402583" lon="-48.459744"><name>Radar</name><desc>Fonte: DER-SP</desc><type>FIXED</type></wpt>
<wpt lat="-22.402511" lon="-48.459378"><name>Radar</name><desc>Fonte: DER-SP</desc><type>FIXED</type></wpt>
<wpt lat="-22.401200" lon="-47.389400"><name>Radar</name><desc>Fonte: DER-SP</desc><type>FIXED</type></wpt>
<wpt lat="-22.400878" lon="-47.389536"><name>Radar 110 km/h</name><desc>Fonte: OSM</desc><type>FIXED</type></wpt>
<wpt lat="-22.399677" lon="-46.812467"><name>Radar</name><desc>Fonte: DER-SP</desc><type>FIXED</type></wpt>
<wpt lat="-22.398820" lon="-50.601230"><name>Radar</name><desc>Fonte: DER-SP</desc><type>FIXED</type></wpt>
<wpt lat="-22.398406" lon="-49.016539"><name>Radar</name><desc>Fonte: DER-SP</desc><type>FIXED</type></wpt>
<wpt lat="-22.398047" lon="-50.198981"><name>Radar</name><desc>Fonte: DER-SP</desc><type>FIXED</type></wpt>
<wpt lat="-22.397965" lon="-50.199033"><name>Radar 60 km/h</name><desc>Fonte: OSM</desc><type>FIXED</type></wpt>
<wpt lat="-22.397958" lon="-50.199015"><name>Radar</name><desc>Fonte: DER-SP</desc><type>FIXED</type></wpt>
<wpt lat="-22.395140" lon="-49.018740"><name>Radar</name><desc>Fonte: DER-SP</desc><type>FIXED</type></wpt>
<wpt lat="-22.395004" lon="-49.018849"><name>Radar 110 km/h</name><desc>Fonte: OSM</desc><type>FIXED</type></wpt>
<wpt lat="-22.394750" lon="-48.433069"><name>Radar</name><desc>Fonte: DER-SP</desc><type>FIXED</type></wpt>
<wpt lat="-22.394701" lon="-46.974425"><name>Radar</name><desc>Fonte: DER-SP</desc><type>FIXED</type></wpt>
<wpt lat="-22.394700" lon="-46.747400"><name>Radar</name><desc>Fonte: DER-SP</desc><type>FIXED</type></wpt>
<wpt lat="-22.394699" lon="-46.747354"><name>Radar</name><desc>Fonte: DER-SP</desc><type>FIXED</type></wpt>
<wpt lat="-22.394673" lon="-46.972223"><name>Radar</name><desc>Fonte: DER-SP</desc><type>FIXED</type></wpt>
<wpt lat="-22.394617" lon="-46.972239"><name>Radar 110 km/h</name><desc>Fonte: OSM</desc><type>FIXED</type></wpt>
<wpt lat="-22.394419" lon="-46.972434"><name>Radar 110 km/h</name><desc>Fonte: OSM</desc><type>FIXED</type></wpt>
<wpt lat="-22.393643" lon="-47.568931"><name>Radar</name><desc>Fonte: OSM</desc><type>FIXED</type></wpt>
<wpt lat="-22.392333" lon="-47.555887"><name>Radar 40 km/h</name><desc>Fonte: OSM</desc><type>FIXED</type></wpt>
<wpt lat="-22.392258" lon="-47.585762"><name>Radar 30 km/h</name><desc>Fonte: OSM</desc><type>FIXED</type></wpt>
<wpt lat="-22.388500" lon="-46.742800"><name>Radar</name><desc>Fonte: DER-SP</desc><type>FIXED</type></wpt>
<wpt lat="-22.387138" lon="-47.606319"><name>Radar</name><desc>Fonte: OSM</desc><type>FIXED</type></wpt>
<wpt lat="-22.386821" lon="-47.583544"><name>Radar 40 km/h</name><desc>Fonte: OSM</desc><type>FIXED</type></wpt>
<wpt lat="-22.386211" lon="-47.572665"><name>Radar 40 km/h</name><desc>Fonte: OSM</desc><type>FIXED</type></wpt>
<wpt lat="-22.385856" lon="-47.572839"><name>Radar 40 km/h</name><desc>Fonte: OSM</desc><type>FIXED</type></wpt>
<wpt lat="-22.384719" lon="-47.551496"><name>Radar 30 km/h</name><desc>Fonte: OSM</desc><type>FIXED</type></wpt>
<wpt lat="-22.380926" lon="-51.299976"><name>Radar</name><desc>Fonte: DER-SP</desc><type>FIXED</type></wpt>
<wpt lat="-22.380877" lon="-47.589912"><name>Radar 30 km/h</name><desc>Fonte: OSM</desc><type>FIXED</type></wpt>
<wpt lat="-22.380769" lon="-48.568546"><name>Radar</name><desc>Fonte: DER-SP</desc><type>FIXED</type></wpt>
<wpt lat="-22.380671" lon="-47.357289"><name>Radar 40 km/h</name><desc>Fonte: OSM</desc><type>FIXED</type></wpt>
<wpt lat="-22.380243" lon="-47.613413"><name>Radar 90 km/h</name><desc>Fonte: OSM</desc><type>FIXED</type></wpt>
<wpt lat="-22.380203" lon="-47.613350"><name>Radar</name><desc>Fonte: DER-SP</desc><type>FIXED</type></wpt>
<wpt lat="-22.377163" lon="-47.581364"><name>Radar 30 km/h</name><desc>Fonte: OSM</desc><type>FIXED</type></wpt>
<wpt lat="-22.375014" lon="-47.554694"><name>Radar</name><desc>Fonte: OSM</desc><type>FIXED</type></wpt>
<wpt lat="-22.374088" lon="-47.620685"><name>Radar 40 km/h</name><desc>Fonte: OSM</desc><type>FIXED</type></wpt>
<wpt lat="-22.374034" lon="-47.623005"><name>Radar</name><desc>Fonte: DER-SP</desc><type>FIXED</type></wpt>
<wpt lat="-22.374000" lon="-47.395100"><name>Radar</name><desc>Fonte: DER-SP</desc><type>FIXED</type></wpt>
<wpt lat="-22.374000" lon="-47.394300"><name>Radar</name><desc>Fonte: DER-SP</desc><type>FIXED</type></wpt>
<wpt lat="-22.373976" lon="-47.620565"><name>Radar 40 km/h</name><desc>Fonte: OSM</desc><type>FIXED</type></wpt>
<wpt lat="-22.373952" lon="-47.620742"><name>Radar</name><desc>Fonte: DER-SP</desc><type>FIXED</type></wpt>
<wpt lat="-22.373878" lon="-47.394425"><name>Radar 110 km/h</name><desc>Fonte: OSM</desc><type>FIXED</type></wpt>
<wpt lat="-22.373842" lon="-47.620424"><name>Radar 40 km/h</name><desc>Fonte: OSM</desc><type>FIXED</type></wpt>
<wpt lat="-22.373695" lon="-47.620571"><name>Radar</name><desc>Fonte: DER-SP</desc><type>FIXED</type></wpt>
<wpt lat="-22.372550" lon="-47.621900"><name>Radar</name><desc>Fonte: DER-SP</desc><type>FIXED</type></wpt>
<wpt lat="-22.372469" lon="-47.622006"><name>Radar 40 km/h</name><desc>Fonte: OSM</desc><type>FIXED</type></wpt>
<wpt lat="-22.372325" lon="-47.621885"><name>Radar 40 km/h</name><desc>Fonte: OSM</desc><type>FIXED</type></wpt>
<wpt lat="-22.372317" lon="-47.621653"><name>Radar</name><desc>Fonte: DER-SP</desc><type>FIXED</type></wpt>
<wpt lat="-22.372249" lon="-47.621779"><name>Radar 40 km/h</name><desc>Fonte: OSM</desc><type>FIXED</type></wpt>
<wpt lat="-22.372223" lon="-47.624586"><name>Radar</name><desc>Fonte: DER-SP</desc><type>FIXED</type></wpt>
<wpt lat="-22.371775" lon="-49.068714"><name>Radar 60 km/h</name><desc>Fonte: OSM</desc><type>FIXED</type></wpt>
<wpt lat="-22.368311" lon="-47.626759"><name>Radar 80 km/h</name><desc>Fonte: OSM</desc><type>FIXED</type></wpt>
<wpt lat="-22.367811" lon="-47.627397"><name>Radar</name><desc>Fonte: DER-SP</desc><type>FIXED</type></wpt>
<wpt lat="-22.367650" lon="-48.570920"><name>Radar</name><desc>Fonte: DER-SP</desc><type>FIXED</type></wpt>
<wpt lat="-22.367338" lon="-48.570901"><name>Radar 60 km/h</name><desc>Fonte: OSM</desc><type>FIXED</type></wpt>
<wpt lat="-22.366924" lon="-52.078617"><name>Radar</name><desc>Fonte: OSM</desc><type>FIXED</type></wpt>
<wpt lat="-22.366370" lon="-48.571042"><name>Radar</name><desc>Fonte: DER-SP</desc><type>FIXED</type></wpt>
<wpt lat="-22.365172" lon="-49.043436"><name>Radar</name><desc>Fonte: DER-SP</desc><type>FIXED</type></wpt>
<wpt lat="-22.364143" lon="-46.969790"><name>Radar</name><desc>Fonte: DER-SP</desc><type>FIXED</type></wpt>
<wpt lat="-22.364025" lon="-51.579421"><name>Radar</name><desc>Fonte: DER-SP</desc><type>FIXED</type></wpt>
<wpt lat="-22.364013" lon="-49.065324"><name>Radar 60 km/h</name><desc>Fonte: OSM</desc><type>FIXED</type></wpt>
<wpt lat="-22.363865" lon="-46.970024"><name>Radar</name><desc>Fonte: DER-SP</desc><type>FIXED</type></wpt>
<wpt lat="-22.363803" lon="-51.292724"><name>Radar</name><desc>Fonte: DER-SP</desc><type>FIXED</type></wpt>
<wpt lat="-22.363663" lon="-46.969785"><name>Radar 110 km/h</name><desc>Fonte: OSM</desc><type>FIXED</type></wpt>
<wpt lat="-22.363637" lon="-46.970005"><name>Radar 110 km/h</name><desc>Fonte: OSM</desc><type>FIXED</type></wpt>
<wpt lat="-22.363561" lon="-51.578527"><name>Radar</name><desc>Fonte: OSM</desc><type>FIXED</type></wpt>
<wpt lat="-22.362316" lon="-52.077099"><name>Radar 100 km/h</name><desc>Fonte: OSM</desc><type>FIXED</type></wpt>
<wpt lat="-22.362189" lon="-47.383610"><name>Radar</name><desc>Fonte: OSM</desc><type>FIXED</type></wpt>
<wpt lat="-22.360451" lon="-48.572016"><name>Radar</name><desc>Fonte: DER-SP</desc><type>FIXED</type></wpt>
<wpt lat="-22.360187" lon="-47.392360"><name>Radar</name><desc>Fonte: OSM</desc><type>FIXED</type></wpt>
<wpt lat="-22.359081" lon="-47.393755"><name>Radar 60 km/h</name><desc>Fonte: OSM</desc><type>FIXED</type></wpt>
<wpt lat="-22.358975" lon="-46.868696"><name>Radar</name><desc>Fonte: DER-SP</desc><type>FIXED</type></wpt>
<wpt lat="-22.355786" lon="-49.042718"><name>Radar</name><desc>Fonte: DER-SP</desc><type>FIXED</type></wpt>
<wpt lat="-22.355774" lon="-49.042797"><name>Radar 80 km/h</name><desc>Fonte: OSM</desc><type>FIXED</type></wpt>
<wpt lat="-22.352560" lon="-48.753900"><name>Radar</name><desc>Fonte: DER-SP</desc><type>FIXED</type></wpt>
<wpt lat="-22.349138" lon="-49.082736"><name>Radar 50 km/h</name><desc>Fonte: OSM</desc><type>FIXED</type></wpt>
<wpt lat="-22.347772" lon="-46.953262"><name>Radar 90 km/h</name><desc>Fonte: OSM</desc><type>FIXED</type></wpt>
<wpt lat="-22.347293" lon="-46.952816"><name>Radar 90 km/h</name><desc>Fonte: OSM</desc><type>FIXED</type></wpt>
<wpt lat="-22.347281" lon="-50.961351"><name>Radar</name><desc>Fonte: DER-SP</desc><type>FIXED</type></wpt>
<wpt lat="-22.347015" lon="-46.952194"><name>Radar</name><desc>Fonte: DER-SP</desc><type>FIXED</type></wpt>
<wpt lat="-22.346917" lon="-46.952355"><name>Radar</name><desc>Fonte: DER-SP</desc><type>FIXED</type></wpt>
<wpt lat="-22.345744" lon="-49.285991"><name>Radar</name><desc>Fonte: DER-SP</desc><type>FIXED</type></wpt>
<wpt lat="-22.345701" lon="-49.286155"><name>Radar 40 km/h</name><desc>Fonte: OSM</desc><type>FIXED</type></wpt>
<wpt lat="-22.345669" lon="-49.286055"><name>Radar 40 km/h</name><desc>Fonte: OSM</desc><type>FIXED</type></wpt>
<wpt lat="-22.345662" lon="-49.286440"><name>Radar 40 km/h</name><desc>Fonte: OSM</desc><type>FIXED</type></wpt>
<wpt lat="-22.345600" lon="-49.286369"><name>Radar 40 km/h</name><desc>Fonte: OSM</desc><type>FIXED</type></wpt>
<wpt lat="-22.345477" lon="-49.286587"><name>Radar</name><desc>Fonte: DER-SP</desc><type>FIXED</type></wpt>
<wpt lat="-22.345067" lon="-49.289577"><name>Radar</name><desc>Fonte: DER-SP</desc><type>FIXED</type></wpt>
<wpt lat="-22.343923" lon="-48.109369"><name>Radar</name><desc>Fonte: DER-SP</desc><type>FIXED</type></wpt>
<wpt lat="-22.342778" lon="-48.110219"><name>Radar</name><desc>Fonte: DER-SP</desc><type>FIXED</type></wpt>
<wpt lat="-22.339842" lon="-48.397310"><name>Radar</name><desc>Fonte: DER-SP</desc><type>FIXED</type></wpt>
<wpt lat="-22.338538" lon="-50.144496"><name>Radar</name><desc>Fonte: DER-SP</desc><type>FIXED</type></wpt>
<wpt lat="-22.338532" lon="-50.144500"><name>Radar 60 km/h</name><desc>Fonte: OSM</desc><type>FIXED</type></wpt>
<wpt lat="-22.338383" lon="-48.397247"><name>Radar</name><desc>Fonte: DER-SP</desc><type>FIXED</type></wpt>
<wpt lat="-22.337567" lon="-48.881131"><name>Radar</name><desc>Fonte: DER-SP</desc><type>FIXED</type></wpt>
<wpt lat="-22.337423" lon="-47.390740"><name>Radar 110 km/h</name><desc>Fonte: OSM</desc><type>FIXED</type></wpt>
<wpt lat="-22.337367" lon="-48.795990"><name>Radar 110 km/h</name><desc>Fonte: OSM</desc><type>FIXED</type></wpt>
<wpt lat="-22.337000" lon="-47.390500"><name>Radar</name><desc>Fonte: DER-SP</desc><type>FIXED</type></wpt>
<wpt lat="-22.336787" lon="-50.139446"><name>Radar 60 km/h</name><desc>Fonte: OSM</desc><type>FIXED</type></wpt>
<wpt lat="-22.336411" lon="-46.937851"><name>Radar 90 km/h</name><desc>Fonte: OSM</desc><type>FIXED</type></wpt>
<wpt lat="-22.332286" lon="-46.932877"><name>Radar</name><desc>Fonte: DER-SP</desc><type>FIXED</type></wpt>
<wpt lat="-22.332020" lon="-48.795845"><name>Radar</name><desc>Fonte: DER-SP</desc><type>FIXED</type></wpt>
<wpt lat="-22.331522" lon="-50.955381"><name>Radar</name><desc>Fonte: DER-SP</desc><type>FIXED</type></wpt>
<wpt lat="-22.331017" lon="-50.120054"><name>Radar</name><desc>Fonte: DER-SP</desc><type>FIXED</type></wpt>
<wpt lat="-22.330789" lon="-50.119803"><name>Radar</name><desc>Fonte: DER-SP</desc><type>FIXED</type></wpt>
<wpt lat="-22.330625" lon="-49.050405"><name>Radar 80 km/h</name><desc>Fonte: OSM</desc><type>FIXED</type></wpt>
<wpt lat="-22.330533" lon="-49.050350"><name>Radar</name><desc>Fonte: DER-SP</desc><type>FIXED</type></wpt>
<wpt lat="-22.328255" lon="-48.796136"><name>Radar</name><desc>Fonte: DER-SP</desc><type>FIXED</type></wpt>
<wpt lat="-22.327644" lon="-49.113339"><name>Radar</name><desc>Fonte: DER-SP</desc><type>FIXED</type></wpt>
<wpt lat="-22.325326" lon="-48.572455"><name>Radar 60 km/h</name><desc>Fonte: OSM</desc><type>FIXED</type></wpt>
<wpt lat="-22.323970" lon="-47.656509"><name>Radar 110 km/h</name><desc>Fonte: OSM</desc><type>FIXED</type></wpt>
<wpt lat="-22.323953" lon="-47.656597"><name>Radar</name><desc>Fonte: DER-SP</desc><type>FIXED</type></wpt>
<wpt lat="-22.323653" lon="-48.796489"><name>Radar</name><desc>Fonte: DER-SP</desc><type>FIXED</type></wpt>
<wpt lat="-22.323603" lon="-48.796477"><name>Radar 60 km/h</name><desc>Fonte: OSM</desc><type>FIXED</type></wpt>
<wpt lat="-22.323528" lon="-48.732514"><name>Radar</name><desc>Fonte: DER-SP</desc><type>FIXED</type></wpt>
<wpt lat="-22.321570" lon="-50.282650"><name>Radar</name><desc>Fonte: DER-SP</desc><type>FIXED</type></wpt>
<wpt lat="-22.320172" lon="-48.977380"><name>Radar</name><desc>Fonte: DER-SP</desc><type>FIXED</type></wpt>
<wpt lat="-22.320027" lon="-49.053548"><name>Radar 80 km/h</name><desc>Fonte: OSM</desc><type>FIXED</type></wpt>
<wpt lat="-22.319967" lon="-49.053633"><name>Radar</name><desc>Fonte: DER-SP</desc><type>FIXED</type></wpt>
<wpt lat="-22.318866" lon="-51.208516"><name>Radar</name><desc>Fonte: DER-SP</desc><type>FIXED</type></wpt>
<wpt lat="-22.318647" lon="-51.208921"><name>Radar 110 km/h</name><desc>Fonte: OSM</desc><type>FIXED</type></wpt>
<wpt lat="-22.318626" lon="-48.725655"><name>Radar</name><desc>Fonte: DER-SP</desc><type>FIXED</type></wpt>
<wpt lat="-22.318556" lon="-51.208828"><name>Radar 110 km/h</name><desc>Fonte: OSM</desc><type>FIXED</type></wpt>
<wpt lat="-22.318514" lon="-48.725476"><name>Radar 40 km/h</name><desc>Fonte: OSM</desc><type>FIXED</type></wpt>
<wpt lat="-22.318423" lon="-48.725552"><name>Radar 40 km/h</name><desc>Fonte: OSM</desc><type>FIXED</type></wpt>
<wpt lat="-22.318317" lon="-48.728064"><name>Radar</name><desc>Fonte: DER-SP</desc><type>FIXED</type></wpt>
<wpt lat="-22.318217" lon="-52.063453"><name>Radar</name><desc>Fonte: DER-SP</desc><type>FIXED</type></wpt>
<wpt lat="-22.318140" lon="-48.725425"><name>Radar 40 km/h</name><desc>Fonte: OSM</desc><type>FIXED</type></wpt>
<wpt lat="-22.318062" lon="-48.725493"><name>Radar 40 km/h</name><desc>Fonte: OSM</desc><type>FIXED</type></wpt>
<wpt lat="-22.317976" lon="-48.725306"><name>Radar</name><desc>Fonte: DER-SP</desc><type>FIXED</type></wpt>
<wpt lat="-22.316703" lon="-48.996078"><name>Radar</name><desc>Fonte: DER-SP</desc><type>FIXED</type></wpt>
<wpt lat="-22.315458" lon="-49.493261"><name>Radar</name><desc>Fonte: DER-SP</desc><type>FIXED</type></wpt>
<wpt lat="-22.315388" lon="-49.493249"><name>Radar 110 km/h</name><desc>Fonte: OSM</desc><type>FIXED</type></wpt>
<wpt lat="-22.314376" lon="-49.036638"><name>Radar 60 km/h</name><desc>Fonte: OSM</desc><type>FIXED</type></wpt>
<wpt lat="-22.314198" lon="-49.036342"><name>Radar 60 km/h</name><desc>Fonte: OSM</desc><type>FIXED</type></wpt>
<wpt lat="-22.312929" lon="-50.074299"><name>Radar</name><desc>Fonte: DER-SP</desc><type>FIXED</type></wpt>
<wpt lat="-22.312573" lon="-50.073814"><name>Radar 80 km/h</name><desc>Fonte: OSM</desc><type>FIXED</type></wpt>
<wpt lat="-22.312160" lon="-48.574370"><name>Radar</name><desc>Fonte: DER-SP</desc><type>FIXED</type></wpt>
<wpt lat="-22.311872" lon="-48.574410"><name>Radar 90 km/h</name><desc>Fonte: OSM</desc><type>FIXED</type></wpt>
<wpt lat="-22.311856" lon="-48.574427"><name>Radar</name><desc>Fonte: DER-SP</desc><type>FIXED</type></wpt>
<wpt lat="-22.311850" lon="-48.574307"><name>Radar 90 km/h</name><desc>Fonte: OSM</desc><type>FIXED</type></wpt>
<wpt lat="-22.311244" lon="-49.056325"><name>Radar 80 km/h</name><desc>Fonte: OSM</desc><type>FIXED</type></wpt>
<wpt lat="-22.311217" lon="-49.056300"><name>Radar</name><desc>Fonte: DER-SP</desc><type>FIXED</type></wpt>
<wpt lat="-22.310436" lon="-49.000097"><name>Radar</name><desc>Fonte: DER-SP</desc><type>FIXED</type></wpt>
<wpt lat="-22.309995" lon="-49.000549"><name>Radar</name><desc>Fonte: DER-SP</desc><type>FIXED</type></wpt>
<wpt lat="-22.309892" lon="-49.018381"><name>Radar</name><desc>Fonte: DER-SP</desc><type>FIXED</type></wpt>
<wpt lat="-22.309367" lon="-48.688914"><name>Radar</name><desc>Fonte: DER-SP</desc><type>FIXED</type></wpt>
<wpt lat="-22.308377" lon="-49.011863"><name>Radar</name><desc>Fonte: DER-SP</desc><type>FIXED</type></wpt>
<wpt lat="-22.307911" lon="-48.666339"><name>Radar</name><desc>Fonte: DER-SP</desc><type>FIXED</type></wpt>
<wpt lat="-22.307903" lon="-51.539479"><name>Radar</name><desc>Fonte: DER-SP</desc><type>FIXED</type></wpt>
<wpt lat="-22.307647" lon="-49.008847"><name>Radar</name><desc>Fonte: DER-SP</desc><type>FIXED</type></wpt>
<wpt lat="-22.305880" lon="-51.538190"><name>Radar</name><desc>Fonte: OSM</desc><type>FIXED</type></wpt>
<wpt lat="-22.305481" lon="-49.079074"><name>Radar 50 km/h</name><desc>Fonte: OSM</desc><type>FIXED</type></wpt>
<wpt lat="-22.305365" lon="-49.071546"><name>Radar 60 km/h</name><desc>Fonte: OSM</desc><type>FIXED</type></wpt>
<wpt lat="-22.305045" lon="-49.071302"><name>Radar 60 km/h</name><desc>Fonte: OSM</desc><type>FIXED</type></wpt>
<wpt lat="-22.303300" lon="-49.062028"><name>Radar 80 km/h</name><desc>Fonte: OSM</desc><type>FIXED</type></wpt>
<wpt lat="-22.303096" lon="-49.062193"><name>Radar</name><desc>Fonte: DER-SP</desc><type>FIXED</type></wpt>
<wpt lat="-22.302857" lon="-50.045670"><name>Radar 80 km/h</name><desc>Fonte: OSM</desc><type>FIXED</type></wpt>
<wpt lat="-22.302800" lon="-50.045636"><name>Radar</name><desc>Fonte: DER-SP</desc><type>FIXED</type></wpt>
<wpt lat="-22.302649" lon="-50.052509"><name>Radar</name><desc>Fonte: DER-SP</desc><type>FIXED</type></wpt>
<wpt lat="-22.302601" lon="-50.052489"><name>Radar 80 km/h</name><desc>Fonte: OSM</desc><type>FIXED</type></wpt>
<wpt lat="-22.297356" lon="-47.673366"><name>Radar</name><desc>Fonte: DER-SP</desc><type>FIXED</type></wpt>
<wpt lat="-22.297286" lon="-47.673331"><name>Radar</name><desc>Fonte: DER-SP</desc><type>FIXED</type></wpt>
<wpt lat="-22.296680" lon="-47.545397"><name>Radar 60 km/h</name><desc>Fonte: OSM</desc><type>FIXED</type></wpt>
<wpt lat="-22.294583" lon="-50.709139"><name>Radar</name><desc>Fonte: DER-SP</desc><type>FIXED</type></wpt>
<wpt lat="-22.289258" lon="-49.070489"><name>Radar</name><desc>Fonte: DER-SP</desc><type>FIXED</type></wpt>
<wpt lat="-22.287869" lon="-48.577678"><name>Radar</name><desc>Fonte: DER-SP</desc><type>FIXED</type></wpt>
<wpt lat="-22.287560" lon="-50.010430"><name>Radar 60 km/h</name><desc>Fonte: OSM</desc><type>FIXED</type></wpt>
<wpt lat="-22.285841" lon="-51.975978"><name>Radar</name><desc>Fonte: OSM</desc><type>FIXED</type></wpt>
<wpt lat="-22.284543" lon="-51.972958"><name>Radar</name><desc>Fonte: DER-SP</desc><type>FIXED</type></wpt>
<wpt lat="-22.284472" lon="-47.680122"><name>Radar</name><desc>Fonte: DER-SP</desc><type>FIXED</type></wpt>
<wpt lat="-22.284203" lon="-47.550204"><name>Radar 60 km/h</name><desc>Fonte: OSM</desc><type>FIXED</type></wpt>
<wpt lat="-22.284162" lon="-47.680287"><name>Radar</name><desc>Fonte: OSM</desc><type>FIXED</type></wpt>
<wpt lat="-22.284036" lon="-48.575583"><name>Radar</name><desc>Fonte: DER-SP</desc><type>FIXED</type></wpt>
<wpt lat="-22.281366" lon="-47.682040"><name>Radar</name><desc>Fonte: DER-SP</desc><type>FIXED</type></wpt>
<wpt lat="-22.281364" lon="-47.682037"><name>Radar 90 km/h</name><desc>Fonte: OSM</desc><type>FIXED</type></wpt>
<wpt lat="-22.281289" lon="-47.682028"><name>Radar</name><desc>Fonte: DER-SP</desc><type>FIXED</type></wpt>
<wpt lat="-22.280662" lon="-51.699544"><name>Radar</name><desc>Fonte: DER-SP</desc><type>FIXED</type></wpt>
<wpt lat="-22.279735" lon="-46.974141"><name>Radar</name><desc>Fonte: DER-SP</desc><type>FIXED</type></wpt>
<wpt lat="-22.279695" lon="-46.973882"><name>Radar</name><desc>Fonte: DER-SP</desc><type>FIXED</type></wpt>
<wpt lat="-22.278139" lon="-47.687035"><name>Radar 80 km/h</name><desc>Fonte: OSM</desc><type>FIXED</type></wpt>
<wpt lat="-22.277300" lon="-47.696061"><name>Radar</name><desc>Fonte: DER-SP</desc><type>FIXED</type></wpt>
<wpt lat="-22.277219" lon="-47.695994"><name>Radar 80 km/h</name><desc>Fonte: OSM</desc><type>FIXED</type></wpt>
<wpt lat="-22.277169" lon="-47.696125"><name>Radar</name><desc>Fonte: DER-SP</desc><type>FIXED</type></wpt>
<wpt lat="-22.275714" lon="-48.564533"><name>Radar</name><desc>Fonte: DER-SP</desc><type>FIXED</type></wpt>
<wpt lat="-22.275698" lon="-48.564545"><name>Radar 90 km/h</name><desc>Fonte: OSM</desc><type>FIXED</type></wpt>
<wpt lat="-22.273411" lon="-47.700722"><name>Radar</name><desc>Fonte: DER-SP</desc><type>FIXED</type></wpt>
<wpt lat="-22.273395" lon="-47.700692"><name>Radar 80 km/h</name><desc>Fonte: OSM</desc><type>FIXED</type></wpt>
<wpt lat="-22.270860" lon="-51.296258"><name>Radar 110 km/h</name><desc>Fonte: OSM</desc><type>FIXED</type></wpt>
<wpt lat="-22.270743" lon="-51.296419"><name>Radar</name><desc>Fonte: DER-SP</desc><type>FIXED</type></wpt>
<wpt lat="-22.267619" lon="-47.704014"><name>Radar</name><desc>Fonte: OSM</desc><type>FIXED</type></wpt>
<wpt lat="-22.267547" lon="-48.501772"><name>Radar</name><desc>Fonte: DER-SP</desc><type>FIXED</type></wpt>
<wpt lat="-22.264633" lon="-47.703771"><name>Radar</name><desc>Fonte: OSM</desc><type>FIXED</type></wpt>
<wpt lat="-22.264025" lon="-47.902658"><name>Radar 40 km/h</name><desc>Fonte: OSM</desc><type>FIXED</type></wpt>
<wpt lat="-22.263998" lon="-47.902847"><name>Radar</name><desc>Fonte: DER-SP</desc><type>FIXED</type></wpt>
<wpt lat="-22.263937" lon="-47.902677"><name>Radar 40 km/h</name><desc>Fonte: OSM</desc><type>FIXED</type></wpt>
<wpt lat="-22.263842" lon="-47.905042"><name>Radar</name><desc>Fonte: DER-SP</desc><type>FIXED</type></wpt>
<wpt lat="-22.263719" lon="-47.902344"><name>Radar 40 km/h</name><desc>Fonte: OSM</desc><type>FIXED</type></wpt>
<wpt lat="-22.263664" lon="-47.902099"><name>Radar</name><desc>Fonte: DER-SP</desc><type>FIXED</type></wpt>
<wpt lat="-22.263623" lon="-47.902349"><name>Radar 40 km/h</name><desc>Fonte: OSM</desc><type>FIXED</type></wpt>
<wpt lat="-22.262442" lon="-50.703778"><name>Radar</name><desc>Fonte: DER-SP</desc><type>FIXED</type></wpt>
<wpt lat="-22.261323" lon="-47.703499"><name>Radar</name><desc>Fonte: OSM</desc><type>FIXED</type></wpt>
<wpt lat="-22.259458" lon="-50.709139"><name>Radar</name><desc>Fonte: DER-SP</desc><type>FIXED</type></wpt>
<wpt lat="-22.256955" lon="-47.703147"><name>Radar</name><desc>Fonte: OSM</desc><type>FIXED</type></wpt>
<wpt lat="-22.256050" lon="-48.557420"><name>Radar</name><desc>Fonte: DER-SP</desc><type>FIXED</type></wpt>
<wpt lat="-22.256021" lon="-48.243551"><name>Radar</name><desc>Fonte: DER-SP</desc><type>FIXED</type></wpt>
<wpt lat="-22.256019" lon="-48.243670"><name>Radar 40 km/h</name><desc>Fonte: OSM</desc><type>FIXED</type></wpt>
<wpt lat="-22.256001" lon="-48.244074"><name>Radar 40 km/h</name><desc>Fonte: OSM</desc><type>FIXED</type></wpt>
<wpt lat="-22.255989" lon="-48.243562"><name>Radar 40 km/h</name><desc>Fonte: OSM</desc><type>FIXED</type></wpt>
<wpt lat="-22.255956" lon="-48.246383"><name>Radar</name><desc>Fonte: DER-SP</desc><type>FIXED</type></wpt>
<wpt lat="-22.255940" lon="-48.243994"><name>Radar 40 km/h</name><desc>Fonte: OSM</desc><type>FIXED</type></wpt>
<wpt lat="-22.255813" lon="-48.244174"><name>Radar</name><desc>Fonte: DER-SP</desc><type>FIXED</type></wpt>
<wpt lat="-22.248690" lon="-49.984860"><name>Radar</name><desc>Fonte: DER-SP</desc><type>FIXED</type></wpt>
<wpt lat="-22.247831" lon="-48.352832"><name>Radar</name><desc>Fonte: DER-SP</desc><type>FIXED</type></wpt>
<wpt lat="-22.241464" lon="-49.627617"><name>Radar 110 km/h</name><desc>Fonte: OSM</desc><type>FIXED</type></wpt>
<wpt lat="-22.240926" lon="-49.977126"><name>Radar</name><desc>Fonte: DER-SP</desc><type>FIXED</type></wpt>
<wpt lat="-22.238510" lon="-48.537836"><name>Radar 100 km/h</name><desc>Fonte: OSM</desc><type>FIXED</type></wpt>
<wpt lat="-22.238443" lon="-48.537929"><name>Radar 100 km/h</name><desc>Fonte: OSM</desc><type>FIXED</type></wpt>
<wpt lat="-22.237555" lon="-49.973791"><name>Radar</name><desc>Fonte: DER-SP</desc><type>FIXED</type></wpt>
<wpt lat="-22.237504" lon="-49.974105"><name>Radar</name><desc>Fonte: DER-SP</desc><type>FIXED</type></wpt>
<wpt lat="-22.235677" lon="-48.535660"><name>Radar</name><desc>Fonte: DER-SP</desc><type>FIXED</type></wpt>
<wpt lat="-22.235519" lon="-49.972408"><name>Radar</name><desc>Fonte: DER-SP</desc><type>FIXED</type></wpt>
<wpt lat="-22.235443" lon="-49.940320"><name>Radar 50 km/h</name><desc>Fonte: OSM</desc><type>FIXED</type></wpt>
<wpt lat="-22.235364" lon="-49.972351"><name>Radar</name><desc>Fonte: DER-SP</desc><type>FIXED</type></wpt>
<wpt lat="-22.235196" lon="-48.535890"><name>Radar</name><desc>Fonte: DER-SP</desc><type>FIXED</type></wpt>
<wpt lat="-22.235195" lon="-49.972144"><name>Radar 40 km/h</name><desc>Fonte: OSM</desc><type>FIXED</type></wpt>
<wpt lat="-22.234401" lon="-49.644299"><name>Radar</name><desc>Fonte: DER-SP</desc><type>FIXED</type></wpt>
<wpt lat="-22.232953" lon="-49.969253"><name>Radar</name><desc>Fonte: DER-SP</desc><type>FIXED</type></wpt>
<wpt lat="-22.232762" lon="-49.818115"><name>Radar 110 km/h</name><desc>Fonte: OSM</desc><type>FIXED</type></wpt>
<wpt lat="-22.232733" lon="-49.818317"><name>Radar</name><desc>Fonte: DER-SP</desc><type>FIXED</type></wpt>
<wpt lat="-22.232586" lon="-49.925758"><name>Radar</name><desc>Fonte: DER-SP</desc><type>FIXED</type></wpt>
<wpt lat="-22.232415" lon="-49.925123"><name>Radar 80 km/h</name><desc>Fonte: OSM</desc><type>FIXED</type></wpt>
<wpt lat="-22.231537" lon="-48.531535"><name>Radar</name><desc>Fonte: DER-SP</desc><type>FIXED</type></wpt>
<wpt lat="-22.231354" lon="-48.531481"><name>Radar</name><desc>Fonte: DER-SP</desc><type>FIXED</type></wpt>
<wpt lat="-22.230800" lon="-49.953132"><name>Radar 80 km/h</name><desc>Fonte: OSM</desc><type>FIXED</type></wpt>
<wpt lat="-22.230697" lon="-49.916743"><name>Radar</name><desc>Fonte: DER-SP</desc><type>FIXED</type></wpt>
<wpt lat="-22.230644" lon="-49.916814"><name>Radar</name><desc>Fonte: DER-SP</desc><type>FIXED</type></wpt>
<wpt lat="-22.230617" lon="-49.916618"><name>Radar 80 km/h</name><desc>Fonte: OSM</desc><type>FIXED</type></wpt>
<wpt lat="-22.230611" lon="-49.954142"><name>Radar</name><desc>Fonte: DER-SP</desc><type>FIXED</type></wpt>
<wpt lat="-22.230258" lon="-49.915069"><name>Radar</name><desc>Fonte: DER-SP</desc><type>FIXED</type></wpt>
<wpt lat="-22.229775" lon="-49.955219"><name>Radar</name><desc>Fonte: DER-SP</desc><type>FIXED</type></wpt>
<wpt lat="-22.229654" lon="-49.944159"><name>Radar 50 km/h</name><desc>Fonte: OSM</desc><type>FIXED</type></wpt>
<wpt lat="-22.228901" lon="-49.961546"><name>Radar 80 km/h</name><desc>Fonte: OSM</desc><type>FIXED</type></wpt>
<wpt lat="-22.228846" lon="-49.931243"><name>Radar 40 km/h</name><desc>Fonte: OSM</desc><type>FIXED</type></wpt>
<wpt lat="-22.228825" lon="-49.963553"><name>Radar</name><desc>Fonte: DER-SP</desc><type>FIXED</type></wpt>
<wpt lat="-22.228764" lon="-49.936636"><name>Radar</name><desc>Fonte: DER-SP</desc><type>FIXED</type></wpt>
<wpt lat="-22.228668" lon="-49.936586"><name>Radar 80 km/h</name><desc>Fonte: OSM</desc><type>FIXED</type></wpt>
<wpt lat="-22.228047" lon="-49.943997"><name>Radar</name><desc>Fonte: DER-SP</desc><type>FIXED</type></wpt>
<wpt lat="-22.227821" lon="-49.943443"><name>Radar 80 km/h</name><desc>Fonte: OSM</desc><type>FIXED</type></wpt>
<wpt lat="-22.227646" lon="-49.931958"><name>Radar 40 km/h</name><desc>Fonte: OSM</desc><type>FIXED</type></wpt>
<wpt lat="-22.226006" lon="-50.915515"><name>Radar</name><desc>Fonte: DER-SP</desc><type>FIXED</type></wpt>
<wpt lat="-22.224991" lon="-49.891665"><name>Radar</name><desc>Fonte: DER-SP</desc><type>FIXED</type></wpt>
<wpt lat="-22.224733" lon="-49.890400"><name>Radar</name><desc>Fonte: DER-SP</desc><type>FIXED</type></wpt>
<wpt lat="-22.224202" lon="-49.934065"><name>Radar 40 km/h</name><desc>Fonte: OSM</desc><type>FIXED</type></wpt>
<wpt lat="-22.224127" lon="-49.933983"><name>Radar 40 km/h</name><desc>Fonte: OSM</desc><type>FIXED</type></wpt>
<wpt lat="-22.223684" lon="-49.935887"><name>Radar 50 km/h</name><desc>Fonte: OSM</desc><type>FIXED</type></wpt>
<wpt lat="-22.223624" lon="-49.935851"><name>Radar 50 km/h</name><desc>Fonte: OSM</desc><type>FIXED</type></wpt>
<wpt lat="-22.222927" lon="-49.955769"><name>Radar 40 km/h</name><desc>Fonte: OSM</desc><type>FIXED</type></wpt>
<wpt lat="-22.222688" lon="-49.955333"><name>Radar 40 km/h</name><desc>Fonte: OSM</desc><type>FIXED</type></wpt>
<wpt lat="-22.221662" lon="-49.951984"><name>Radar 40 km/h</name><desc>Fonte: OSM</desc><type>FIXED</type></wpt>
<wpt lat="-22.221475" lon="-49.951789"><name>Radar 40 km/h</name><desc>Fonte: OSM</desc><type>FIXED</type></wpt>
<wpt lat="-22.221407" lon="-49.966517"><name>Radar</name><desc>Fonte: DER-SP</desc><type>FIXED</type></wpt>
<wpt lat="-22.221403" lon="-49.966532"><name>Radar 80 km/h</name><desc>Fonte: OSM</desc><type>FIXED</type></wpt>
<wpt lat="-22.221122" lon="-47.761772"><name>Radar</name><desc>Fonte: DER-SP</desc><type>FIXED</type></wpt>
<wpt lat="-22.221034" lon="-47.761946"><name>Radar 110 km/h</name><desc>Fonte: OSM</desc><type>FIXED</type></wpt>
<wpt lat="-22.220592" lon="-49.165998"><name>Radar</name><desc>Fonte: DER-SP</desc><type>FIXED</type></wpt>
<wpt lat="-22.220498" lon="-49.165994"><name>Radar 110 km/h</name><desc>Fonte: OSM</desc><type>FIXED</type></wpt>
<wpt lat="-22.220269" lon="-49.870467"><name>Radar</name><desc>Fonte: DER-SP</desc><type>FIXED</type></wpt>
<wpt lat="-22.218825" lon="-49.863353"><name>Radar</name><desc>Fonte: DER-SP</desc><type>FIXED</type></wpt>
<wpt lat="-22.218710" lon="-51.021048"><name>Radar 40 km/h</name><desc>Fonte: OSM</desc><type>FIXED</type></wpt>
<wpt lat="-22.218672" lon="-51.020707"><name>Radar 40 km/h</name><desc>Fonte: OSM</desc><type>FIXED</type></wpt>
<wpt lat="-22.218653" lon="-51.020696"><name>Radar</name><desc>Fonte: DER-SP</desc><type>FIXED</type></wpt>
<wpt lat="-22.218651" lon="-51.023808"><name>Radar</name><desc>Fonte: DER-SP</desc><type>FIXED</type></wpt>
<wpt lat="-22.218634" lon="-51.020988"><name>Radar 40 km/h</name><desc>Fonte: OSM</desc><type>FIXED</type></wpt>
<wpt lat="-22.218622" lon="-51.021072"><name>Radar</name><desc>Fonte: DER-SP</desc><type>FIXED</type></wpt>
<wpt lat="-22.218593" lon="-51.020646"><name>Radar 40 km/h</name><desc>Fonte: OSM</desc><type>FIXED</type></wpt>
<wpt lat="-22.218442" lon="-49.836547"><name>Radar</name><desc>Fonte: DER-SP</desc><type>FIXED</type></wpt>
<wpt lat="-22.218253" lon="-49.836936"><name>Radar</name><desc>Fonte: DER-SP</desc><type>FIXED</type></wpt>
<wpt lat="-22.217723" lon="-49.948724"><name>Radar 40 km/h</name><desc>Fonte: OSM</desc><type>FIXED</type></wpt>
<wpt lat="-22.217520" lon="-49.948766"><name>Radar 40 km/h</name><desc>Fonte: OSM</desc><type>FIXED</type></wpt>
<wpt lat="-22.217220" lon="-51.346670"><name>Radar</name><desc>Fonte: DER-SP</desc><type>FIXED</type></wpt>
<wpt lat="-22.217177" lon="-51.346680"><name>Radar</name><desc>Fonte: DER-SP</desc><type>FIXED</type></wpt>
<wpt lat="-22.217133" lon="-51.346776"><name>Radar 110 km/h</name><desc>Fonte: OSM</desc><type>FIXED</type></wpt>
<wpt lat="-22.217117" lon="-51.346752"><name>Radar</name><desc>Fonte: OSM</desc><type>FIXED</type></wpt>
<wpt lat="-22.217047" lon="-49.919444"><name>Radar 50 km/h</name><desc>Fonte: OSM</desc><type>FIXED</type></wpt>
<wpt lat="-22.217022" lon="-49.919329"><name>Radar 50 km/h</name><desc>Fonte: OSM</desc><type>FIXED</type></wpt>
<wpt lat="-22.216453" lon="-49.852692"><name>Radar</name><desc>Fonte: DER-SP</desc><type>FIXED</type></wpt>
<wpt lat="-22.214129" lon="-49.742820"><name>Radar</name><desc>Fonte: DER-SP</desc><type>FIXED</type></wpt>
<wpt lat="-22.214079" lon="-49.742571"><name>Radar 40 km/h</name><desc>Fonte: OSM</desc><type>FIXED</type></wpt>
<wpt lat="-22.213966" lon="-49.742617"><name>Radar 40 km/h</name><desc>Fonte: OSM</desc><type>FIXED</type></wpt>
<wpt lat="-22.213756" lon="-49.745469"><name>Radar</name><desc>Fonte: DER-SP</desc><type>FIXED</type></wpt>
<wpt lat="-22.213693" lon="-49.742376"><name>Radar 40 km/h</name><desc>Fonte: OSM</desc><type>FIXED</type></wpt>
<wpt lat="-22.213560" lon="-49.742137"><name>Radar</name><desc>Fonte: DER-SP</desc><type>FIXED</type></wpt>
<wpt lat="-22.213554" lon="-49.742379"><name>Radar 40 km/h</name><desc>Fonte: OSM</desc><type>FIXED</type></wpt>
<wpt lat="-22.212308" lon="-49.947215"><name>Radar 40 km/h</name><desc>Fonte: OSM</desc><type>FIXED</type></wpt>
<wpt lat="-22.211720" lon="-50.910169"><name>Radar</name><desc>Fonte: DER-SP</desc><type>FIXED</type></wpt>
<wpt lat="-22.210822" lon="-49.956169"><name>Radar 40 km/h</name><desc>Fonte: OSM</desc><type>FIXED</type></wpt>
<wpt lat="-22.209357" lon="-49.963146"><name>Radar 80 km/h</name><desc>Fonte: OSM</desc><type>FIXED</type></wpt>
<wpt lat="-22.209343" lon="-49.963099"><name>Radar</name><desc>Fonte: DER-SP</desc><type>FIXED</type></wpt>
<wpt lat="-22.209252" lon="-49.963009"><name>Radar</name><desc>Fonte: DER-SP</desc><type>FIXED</type></wpt>
<wpt lat="-22.205950" lon="-49.040510"><name>Radar</name><desc>Fonte: DER-SP</desc><type>FIXED</type></wpt>
<wpt lat="-22.202798" lon="-49.964132"><name>Radar</name><desc>Fonte: DER-SP</desc><type>FIXED</type></wpt>
<wpt lat="-22.202755" lon="-49.964160"><name>Radar 80 km/h</name><desc>Fonte: OSM</desc><type>FIXED</type></wpt>
<wpt lat="-22.202603" lon="-49.964347"><name>Radar</name><desc>Fonte: DER-SP</desc><type>FIXED</type></wpt>
<wpt lat="-22.199685" lon="-49.957553"><name>Radar 40 km/h</name><desc>Fonte: OSM</desc><type>FIXED</type></wpt>
<wpt lat="-22.199231" lon="-49.930528"><name>Radar 50 km/h</name><desc>Fonte: OSM</desc><type>FIXED</type></wpt>
<wpt lat="-22.198320" lon="-51.123048"><name>Radar</name><desc>Fonte: DER-SP</desc><type>FIXED</type></wpt>
<wpt lat="-22.196380" lon="-49.037930"><name>Radar</name><desc>Fonte: DER-SP</desc><type>FIXED</type></wpt>
<wpt lat="-22.193600" lon="-48.624030"><name>Radar</name><desc>Fonte: DER-SP</desc><type>FIXED</type></wpt>
<wpt lat="-22.193072" lon="-48.781300"><name>Radar</name><desc>Fonte: DER-SP</desc><type>FIXED</type></wpt>
<wpt lat="-22.192998" lon="-48.781261"><name>Radar</name><desc>Fonte: DER-SP</desc><type>FIXED</type></wpt>
<wpt lat="-22.191931" lon="-49.959267"><name>Radar 40 km/h</name><desc>Fonte: OSM</desc><type>FIXED</type></wpt>
<wpt lat="-22.189146" lon="-47.865063"><name>Radar</name><desc>Fonte: DER-SP</desc><type>FIXED</type></wpt>
<wpt lat="-22.187638" lon="-49.968988"><name>Radar 80 km/h</name><desc>Fonte: OSM</desc><type>FIXED</type></wpt>
<wpt lat="-22.183188" lon="-49.962944"><name>Radar 50 km/h</name><desc>Fonte: OSM</desc><type>FIXED</type></wpt>
<wpt lat="-22.178186" lon="-49.972558"><name>Radar</name><desc>Fonte: DER-SP</desc><type>FIXED</type></wpt>
<wpt lat="-22.175518" lon="-49.969773"><name>Radar</name><desc>Fonte: DER-SP</desc><type>FIXED</type></wpt>
<wpt lat="-22.175072" lon="-51.373072"><name>Radar 80 km/h</name><desc>Fonte: OSM</desc><type>FIXED</type></wpt>
<wpt lat="-22.174110" lon="-49.969035"><name>Radar 60 km/h</name><desc>Fonte: OSM</desc><type>FIXED</type></wpt>
<wpt lat="-22.173502" lon="-49.968544"><name>Radar 60 km/h</name><desc>Fonte: OSM</desc><type>FIXED</type></wpt>
<wpt lat="-22.173329" lon="-49.968676"><name>Radar</name><desc>Fonte: DER-SP</desc><type>FIXED</type></wpt>
<wpt lat="-22.171789" lon="-49.967640"><name>Radar 80 km/h</name><desc>Fonte: OSM</desc><type>FIXED</type></wpt>
<wpt lat="-22.171772" lon="-49.967662"><name>Radar</name><desc>Fonte: DER-SP</desc><type>FIXED</type></wpt>
<wpt lat="-22.171595" lon="-49.967302"><name>Radar</name><desc>Fonte: DER-SP</desc><type>FIXED</type></wpt>
<wpt lat="-22.168148" lon="-46.740167"><name>Radar</name><desc>Fonte: DER-SP</desc><type>FIXED</type></wpt>
<wpt lat="-22.166222" lon="-51.320592"><name>Radar</name><desc>Fonte: DER-SP</desc><type>FIXED</type></wpt>
<wpt lat="-22.164789" lon="-46.736683"><name>Radar</name><desc>Fonte: DER-SP</desc><type>FIXED</type></wpt>
<wpt lat="-22.164557" lon="-51.382743"><name>Radar 90 km/h</name><desc>Fonte: OSM</desc><type>FIXED</type></wpt>
<wpt lat="-22.161252" lon="-51.435779"><name>Radar</name><desc>Fonte: DER-SP</desc><type>FIXED</type></wpt>
<wpt lat="-22.160563" lon="-49.249135"><name>Radar</name><desc>Fonte: DER-SP</desc><type>FIXED</type></wpt>
<wpt lat="-22.160445" lon="-49.249155"><name>Radar 110 km/h</name><desc>Fonte: OSM</desc><type>FIXED</type></wpt>
<wpt lat="-22.159658" lon="-51.394807"><name>Radar</name><desc>Fonte: DER-SP</desc><type>FIXED</type></wpt>
<wpt lat="-22.159621" lon="-51.381728"><name>Radar 90 km/h</name><desc>Fonte: OSM</desc><type>FIXED</type></wpt>
<wpt lat="-22.159582" lon="-51.381606"><name>Radar 90 km/h</name><desc>Fonte: OSM</desc><type>FIXED</type></wpt>
<wpt lat="-22.159371" lon="-51.394744"><name>Radar 90 km/h</name><desc>Fonte: OSM</desc><type>FIXED</type></wpt>
<wpt lat="-22.159368" lon="-51.394714"><name>Radar</name><desc>Fonte: OSM</desc><type>FIXED</type></wpt>
<wpt lat="-22.159310" lon="-49.998805"><name>Radar de trecho 60 km/h</name><desc>Fonte: OSM</desc><type>SECTION</type></wpt>
<wpt lat="-22.157301" lon="-50.874709"><name>Radar</name><desc>Fonte: DER-SP</desc><type>FIXED</type></wpt>
<wpt lat="-22.153869" lon="-51.274678"><name>Radar</name><desc>Fonte: DER-SP</desc><type>FIXED</type></wpt>
<wpt lat="-22.152849" lon="-51.271635"><name>Radar</name><desc>Fonte: DER-SP</desc><type>FIXED</type></wpt>
<wpt lat="-22.152839" lon="-51.271858"><name>Radar</name><desc>Fonte: DER-SP</desc><type>FIXED</type></wpt>
<wpt lat="-22.152839" lon="-48.750860"><name>Radar</name><desc>Fonte: OSM</desc><type>FIXED</type></wpt>
<wpt lat="-22.149400" lon="-51.419550"><name>Radar 60 km/h</name><desc>Fonte: OSM</desc><type>FIXED</type></wpt>
<wpt lat="-22.149323" lon="-51.419639"><name>Radar 60 km/h</name><desc>Fonte: OSM</desc><type>FIXED</type></wpt>
<wpt lat="-22.148658" lon="-51.934114"><name>Radar 100 km/h</name><desc>Fonte: OSM</desc><type>FIXED</type></wpt>
<wpt lat="-22.148591" lon="-51.934125"><name>Radar</name><desc>Fonte: DER-SP</desc><type>FIXED</type></wpt>
<wpt lat="-22.147170" lon="-49.953540"><name>Radar</name><desc>Fonte: DER-SP</desc><type>FIXED</type></wpt>
<wpt lat="-22.145978" lon="-51.245950"><name>Radar</name><desc>Fonte: DER-SP</desc><type>FIXED</type></wpt>
<wpt lat="-22.145511" lon="-48.746747"><name>Radar</name><desc>Fonte: DER-SP</desc><type>FIXED</type></wpt>
<wpt lat="-22.145381" lon="-48.746350"><name>Radar</name><desc>Fonte: DER-SP</desc><type>FIXED</type></wpt>
<wpt lat="-22.145260" lon="-49.951580"><name>Radar</name><desc>Fonte: DER-SP</desc><type>FIXED</type></wpt>
<wpt lat="-22.145240" lon="-51.400551"><name>Radar</name><desc>Fonte: DER-SP</desc><type>FIXED</type></wpt>
<wpt lat="-22.145237" lon="-51.400614"><name>Radar 90 km/h</name><desc>Fonte: OSM</desc><type>FIXED</type></wpt>
<wpt lat="-22.144984" lon="-48.747602"><name>Radar 60 km/h</name><desc>Fonte: OSM</desc><type>FIXED</type></wpt>
<wpt lat="-22.143723" lon="-51.237131"><name>Radar 40 km/h</name><desc>Fonte: OSM</desc><type>FIXED</type></wpt>
<wpt lat="-22.143699" lon="-51.237237"><name>Radar</name><desc>Fonte: DER-SP</desc><type>FIXED</type></wpt>
<wpt lat="-22.143536" lon="-51.237163"><name>Radar 40 km/h</name><desc>Fonte: OSM</desc><type>FIXED</type></wpt>
<wpt lat="-22.143476" lon="-51.239280"><name>Radar</name><desc>Fonte: DER-SP</desc><type>FIXED</type></wpt>
<wpt lat="-22.143345" lon="-51.236987"><name>Radar 40 km/h</name><desc>Fonte: OSM</desc><type>FIXED</type></wpt>
<wpt lat="-22.143223" lon="-51.236938"><name>Radar</name><desc>Fonte: DER-SP</desc><type>FIXED</type></wpt>
<wpt lat="-22.143178" lon="-51.394116"><name>Radar 60 km/h</name><desc>Fonte: OSM</desc><type>FIXED</type></wpt>
<wpt lat="-22.143168" lon="-51.237029"><name>Radar 40 km/h</name><desc>Fonte: OSM</desc><type>FIXED</type></wpt>
<wpt lat="-22.141559" lon="-51.398713"><name>Radar 60 km/h</name><desc>Fonte: OSM</desc><type>FIXED</type></wpt>
<wpt lat="-22.141525" lon="-51.398829"><name>Radar 60 km/h</name><desc>Fonte: OSM</desc><type>FIXED</type></wpt>
<wpt lat="-22.141272" lon="-50.112567"><name>Radar 40 km/h</name><desc>Fonte: OSM</desc><type>FIXED</type></wpt>
<wpt lat="-22.141228" lon="-50.112430"><name>Radar 40 km/h</name><desc>Fonte: OSM</desc><type>FIXED</type></wpt>
<wpt lat="-22.141197" lon="-50.111955"><name>Radar</name><desc>Fonte: DER-SP</desc><type>FIXED</type></wpt>
<wpt lat="-22.141151" lon="-50.112155"><name>Radar 40 km/h</name><desc>Fonte: OSM</desc><type>FIXED</type></wpt>
<wpt lat="-22.141121" lon="-50.112837"><name>Radar</name><desc>Fonte: DER-SP</desc><type>FIXED</type></wpt>
<wpt lat="-22.141120" lon="-50.112056"><name>Radar 40 km/h</name><desc>Fonte: OSM</desc><type>FIXED</type></wpt>
<wpt lat="-22.141095" lon="-50.115517"><name>Radar</name><desc>Fonte: DER-SP</desc><type>FIXED</type></wpt>
<wpt lat="-22.140715" lon="-51.393440"><name>Radar 60 km/h</name><desc>Fonte: OSM</desc><type>FIXED</type></wpt>
<wpt lat="-22.138935" lon="-51.397276"><name>Radar 60 km/h</name><desc>Fonte: OSM</desc><type>FIXED</type></wpt>
<wpt lat="-22.138402" lon="-51.391114"><name>Radar 60 km/h</name><desc>Fonte: OSM</desc><type>FIXED</type></wpt>
<wpt lat="-22.138104" lon="-51.406132"><name>Radar 60 km/h</name><desc>Fonte: OSM</desc><type>FIXED</type></wpt>
<wpt lat="-22.138063" lon="-51.406209"><name>Radar 60 km/h</name><desc>Fonte: OSM</desc><type>FIXED</type></wpt>
<wpt lat="-22.137895" lon="-51.390871"><name>Radar 60 km/h</name><desc>Fonte: OSM</desc><type>FIXED</type></wpt>
<wpt lat="-22.137377" lon="-47.662048"><name>Radar</name><desc>Fonte: DER-SP</desc><type>FIXED</type></wpt>
<wpt lat="-22.135834" lon="-49.495010"><name>Radar</name><desc>Fonte: DER-SP</desc><type>FIXED</type></wpt>
<wpt lat="-22.134180" lon="-49.564105"><name>Radar</name><desc>Fonte: DER-SP</desc><type>FIXED</type></wpt>
<wpt lat="-22.133808" lon="-51.396440"><name>Radar 60 km/h</name><desc>Fonte: OSM</desc><type>FIXED</type></wpt>
<wpt lat="-22.133718" lon="-51.384330"><name>Radar 60 km/h</name><desc>Fonte: OSM</desc><type>FIXED</type></wpt>
<wpt lat="-22.133623" lon="-51.384333"><name>Radar 60 km/h</name><desc>Fonte: OSM</desc><type>FIXED</type></wpt>
<wpt lat="-22.131584" lon="-47.454279"><name>Radar</name><desc>Fonte: DER-SP</desc><type>FIXED</type></wpt>
<wpt lat="-22.131312" lon="-47.651096"><name>Radar</name><desc>Fonte: DER-SP</desc><type>FIXED</type></wpt>
<wpt lat="-22.131288" lon="-51.452193"><name>Radar</name><desc>Fonte: DER-SP</desc><type>FIXED</type></wpt>
<wpt lat="-22.130570" lon="-48.675730"><name>Radar</name><desc>Fonte: DER-SP</desc><type>FIXED</type></wpt>
<wpt lat="-22.130370" lon="-51.386959"><name>Radar 60 km/h</name><desc>Fonte: OSM</desc><type>FIXED</type></wpt>
<wpt lat="-22.130291" lon="-51.431693"><name>Radar 60 km/h</name><desc>Fonte: OSM</desc><type>FIXED</type></wpt>
<wpt lat="-22.130202" lon="-51.431746"><name>Radar 60 km/h</name><desc>Fonte: OSM</desc><type>FIXED</type></wpt>
<wpt lat="-22.129589" lon="-51.425518"><name>Radar</name><desc>Fonte: OSM</desc><type>FIXED</type></wpt>
<wpt lat="-22.129356" lon="-51.392035"><name>Radar 60 km/h</name><desc>Fonte: OSM</desc><type>FIXED</type></wpt>
<wpt lat="-22.129223" lon="-47.807635"><name>Radar</name><desc>Fonte: DER-SP</desc><type>FIXED</type></wpt>
<wpt lat="-22.129047" lon="-47.808439"><name>Radar 40 km/h</name><desc>Fonte: OSM</desc><type>FIXED</type></wpt>
<wpt lat="-22.129046" lon="-51.391979"><name>Radar 60 km/h</name><desc>Fonte: OSM</desc><type>FIXED</type></wpt>
<wpt lat="-22.129042" lon="-47.810639"><name>Radar</name><desc>Fonte: DER-SP</desc><type>FIXED</type></wpt>
<wpt lat="-22.128996" lon="-47.807812"><name>Radar 40 km/h</name><desc>Fonte: OSM</desc><type>FIXED</type></wpt>
<wpt lat="-22.128975" lon="-47.808281"><name>Radar 40 km/h</name><desc>Fonte: OSM</desc><type>FIXED</type></wpt>
<wpt lat="-22.128941" lon="-47.807685"><name>Radar 40 km/h</name><desc>Fonte: OSM</desc><type>FIXED</type></wpt>
<wpt lat="-22.128767" lon="-47.808538"><name>Radar</name><desc>Fonte: DER-SP</desc><type>FIXED</type></wpt>
<wpt lat="-22.128508" lon="-48.735653"><name>Radar</name><desc>Fonte: DER-SP</desc><type>FIXED</type></wpt>
<wpt lat="-22.128014" lon="-51.182572"><name>Radar</name><desc>Fonte: DER-SP</desc><type>FIXED</type></wpt>
<wpt lat="-22.127920" lon="-49.937190"><name>Radar</name><desc>Fonte: DER-SP</desc><type>FIXED</type></wpt>
<wpt lat="-22.126492" lon="-51.384859"><name>Radar 60 km/h</name><desc>Fonte: OSM</desc><type>FIXED</type></wpt>
<wpt lat="-22.125912" lon="-49.518208"><name>Radar</name><desc>Fonte: DER-SP</desc><type>FIXED</type></wpt>
<wpt lat="-22.124831" lon="-51.424283"><name>Radar</name><desc>Fonte: OSM</desc><type>FIXED</type></wpt>
<wpt lat="-22.124808" lon="-51.177783"><name>Radar</name><desc>Fonte: DER-SP</desc><type>FIXED</type></wpt>
<wpt lat="-22.124680" lon="-51.433380"><name>Radar</name><desc>Fonte: DER-SP</desc><type>FIXED</type></wpt>
<wpt lat="-22.124664" lon="-51.433391"><name>Radar</name><desc>Fonte: DER-SP</desc><type>FIXED</type></wpt>
<wpt lat="-22.124588" lon="-51.433361"><name>Radar</name><desc>Fonte: OSM</desc><type>FIXED</type></wpt>
<wpt lat="-22.124557" lon="-51.433345"><name>Radar 90 km/h</name><desc>Fonte: OSM</desc><type>FIXED</type></wpt>
<wpt lat="-22.123976" lon="-51.423479"><name>Radar</name><desc>Fonte: OSM</desc><type>FIXED</type></wpt>
<wpt lat="-22.123137" lon="-51.393470"><name>Radar 50 km/h</name><desc>Fonte: OSM</desc><type>FIXED</type></wpt>
<wpt lat="-22.123126" lon="-51.393744"><name>Radar 50 km/h</name><desc>Fonte: OSM</desc><type>FIXED</type></wpt>
<wpt lat="-22.122853" lon="-46.685256"><name>Radar</name><desc>Fonte: DER-SP</desc><type>FIXED</type></wpt>
<wpt lat="-22.121747" lon="-46.683941"><name>Radar</name><desc>Fonte: DER-SP</desc><type>FIXED</type></wpt>
<wpt lat="-22.120988" lon="-51.387432"><name>Radar 60 km/h</name><desc>Fonte: OSM</desc><type>FIXED</type></wpt>
<wpt lat="-22.120879" lon="-51.398251"><name>Radar 60 km/h</name><desc>Fonte: OSM</desc><type>FIXED</type></wpt>
<wpt lat="-22.120847" lon="-51.387182"><name>Radar 60 km/h</name><desc>Fonte: OSM</desc><type>FIXED</type></wpt>
<wpt lat="-22.120756" lon="-51.387591"><name>Radar 60 km/h</name><desc>Fonte: OSM</desc><type>FIXED</type></wpt>
<wpt lat="-22.120752" lon="-51.398773"><name>Radar 60 km/h</name><desc>Fonte: OSM</desc><type>FIXED</type></wpt>
<wpt lat="-22.120651" lon="-51.387360"><name>Radar 60 km/h</name><desc>Fonte: OSM</desc><type>FIXED</type></wpt>
<wpt lat="-22.119147" lon="-51.390833"><name>Radar 60 km/h</name><desc>Fonte: OSM</desc><type>FIXED</type></wpt>
<wpt lat="-22.119054" lon="-51.391236"><name>Radar 60 km/h</name><desc>Fonte: OSM</desc><type>FIXED</type></wpt>
<wpt lat="-22.118487" lon="-51.403624"><name>Radar</name><desc>Fonte: OSM</desc><type>FIXED</type></wpt>
<wpt lat="-22.118317" lon="-51.403948"><name>Radar 60 km/h</name><desc>Fonte: OSM</desc><type>FIXED</type></wpt>
<wpt lat="-22.116995" lon="-51.395386"><name>Radar 60 km/h</name><desc>Fonte: OSM</desc><type>FIXED</type></wpt>
<wpt lat="-22.114962" lon="-51.447720"><name>Radar</name><desc>Fonte: OSM</desc><type>FIXED</type></wpt>
<wpt lat="-22.113622" lon="-51.383563"><name>Radar 60 km/h</name><desc>Fonte: OSM</desc><type>FIXED</type></wpt>
<wpt lat="-22.112856" lon="-51.451096"><name>Radar</name><desc>Fonte: OSM</desc><type>FIXED</type></wpt>
<wpt lat="-22.107833" lon="-48.306611"><name>Radar</name><desc>Fonte: DER-SP</desc><type>FIXED</type></wpt>
<wpt lat="-22.107594" lon="-48.307248"><name>Radar 60 km/h</name><desc>Fonte: OSM</desc><type>FIXED</type></wpt>
<wpt lat="-22.102890" lon="-48.455250"><name>Radar</name><desc>Fonte: DER-SP</desc><type>FIXED</type></wpt>
<wpt lat="-22.102470" lon="-48.455604"><name>Radar</name><desc>Fonte: DER-SP</desc><type>FIXED</type></wpt>
<wpt lat="-22.102083" lon="-47.414589"><name>Radar</name><desc>Fonte: OSM</desc><type>FIXED</type></wpt>
<wpt lat="-22.101898" lon="-47.414652"><name>Radar</name><desc>Fonte: OSM</desc><type>FIXED</type></wpt>
<wpt lat="-22.101500" lon="-47.414700"><name>Radar</name><desc>Fonte: DER-SP</desc><type>FIXED</type></wpt>
<wpt lat="-22.099053" lon="-51.143542"><name>Radar</name><desc>Fonte: DER-SP</desc><type>FIXED</type></wpt>
<wpt lat="-22.098795" lon="-51.459574"><name>Radar</name><desc>Fonte: DER-SP</desc><type>FIXED</type></wpt>
<wpt lat="-22.097425" lon="-51.458856"><name>Radar</name><desc>Fonte: DER-SP</desc><type>FIXED</type></wpt>
<wpt lat="-22.096674" lon="-51.395419"><name>Radar 60 km/h</name><desc>Fonte: OSM</desc><type>FIXED</type></wpt>
<wpt lat="-22.096613" lon="-47.878291"><name>Radar</name><desc>Fonte: DER-SP</desc><type>FIXED</type></wpt>
<wpt lat="-22.096591" lon="-51.395415"><name>Radar 60 km/h</name><desc>Fonte: OSM</desc><type>FIXED</type></wpt>
<wpt lat="-22.095000" lon="-47.416000"><name>Radar</name><desc>Fonte: DER-SP</desc><type>FIXED</type></wpt>
<wpt lat="-22.094231" lon="-47.417494"><name>Radar</name><desc>Fonte: OSM</desc><type>FIXED</type></wpt>
<wpt lat="-22.092590" lon="-48.740399"><name>Radar</name><desc>Fonte: DER-SP</desc><type>FIXED</type></wpt>
<wpt lat="-22.092278" lon="-48.740892"><name>Radar</name><desc>Fonte: DER-SP</desc><type>FIXED</type></wpt>
<wpt lat="-22.092246" lon="-48.740893"><name>Radar 50 km/h</name><desc>Fonte: OSM</desc><type>FIXED</type></wpt>
<wpt lat="-22.091117" lon="-49.909589"><name>Radar</name><desc>Fonte: DER-SP</desc><type>FIXED</type></wpt>
<wpt lat="-22.090922" lon="-51.439158"><name>Radar 60 km/h</name><desc>Fonte: OSM</desc><type>FIXED</type></wpt>
<wpt lat="-22.090854" lon="-49.909446"><name>Radar</name><desc>Fonte: DER-SP</desc><type>FIXED</type></wpt>
<wpt lat="-22.090830" lon="-51.439098"><name>Radar 60 km/h</name><desc>Fonte: OSM</desc><type>FIXED</type></wpt>
<wpt lat="-22.073490" lon="-49.024070"><name>Radar</name><desc>Fonte: DER-SP</desc><type>FIXED</type></wpt>
<wpt lat="-22.068430" lon="-48.727630"><name>Radar</name><desc>Fonte: DER-SP</desc><type>FIXED</type></wpt>
<wpt lat="-22.067272" lon="-46.982056"><name>Radar</name><desc>Fonte: DER-SP</desc><type>FIXED</type></wpt>
<wpt lat="-22.067181" lon="-51.520139"><name>Radar 110 km/h</name><desc>Fonte: OSM</desc><type>FIXED</type></wpt>
<wpt lat="-22.066982" lon="-51.520367"><name>Radar</name><desc>Fonte: DER-SP</desc><type>FIXED</type></wpt>
<wpt lat="-22.066177" lon="-46.968265"><name>Radar</name><desc>Fonte: OSM</desc><type>FIXED</type></wpt>
<wpt lat="-22.065959" lon="-46.967876"><name>Radar</name><desc>Fonte: DER-SP</desc><type>FIXED</type></wpt>
<wpt lat="-22.065932" lon="-46.967956"><name>Radar</name><desc>Fonte: DER-SP</desc><type>FIXED</type></wpt>
<wpt lat="-22.065887" lon="-46.967897"><name>Radar</name><desc>Fonte: DER-SP</desc><type>FIXED</type></wpt>
<wpt lat="-22.065778" lon="-46.967743"><name>Radar</name><desc>Fonte: DER-SP</desc><type>FIXED</type></wpt>
<wpt lat="-22.064234" lon="-47.888961"><name>Radar</name><desc>Fonte: DER-SP</desc><type>FIXED</type></wpt>
<wpt lat="-22.064103" lon="-47.888487"><name>Radar 50 km/h</name><desc>Fonte: OSM</desc><type>FIXED</type></wpt>
<wpt lat="-22.061611" lon="-48.092306"><name>Radar</name><desc>Fonte: DER-SP</desc><type>FIXED</type></wpt>
<wpt lat="-22.061582" lon="-48.092521"><name>Radar 80 km/h</name><desc>Fonte: OSM</desc><type>FIXED</type></wpt>
<wpt lat="-22.055201" lon="-51.432559"><name>Radar</name><desc>Fonte: DER-SP</desc><type>FIXED</type></wpt>
<wpt lat="-22.055135" lon="-47.000249"><name>Radar</name><desc>Fonte: DER-SP</desc><type>FIXED</type></wpt>
<wpt lat="-22.053250" lon="-48.983630"><name>Radar</name><desc>Fonte: DER-SP</desc><type>FIXED</type></wpt>
<wpt lat="-22.048710" lon="-47.429789"><name>Radar 110 km/h</name><desc>Fonte: OSM</desc><type>FIXED</type></wpt>
<wpt lat="-22.048200" lon="-47.430000"><name>Radar</name><desc>Fonte: DER-SP</desc><type>FIXED</type></wpt>
<wpt lat="-22.044549" lon="-48.415433"><name>Radar</name><desc>Fonte: DER-SP</desc><type>FIXED</type></wpt>
<wpt lat="-22.044215" lon="-51.557195"><name>Radar 100 km/h</name><desc>Fonte: OSM</desc><type>FIXED</type></wpt>
<wpt lat="-22.043805" lon="-48.415040"><name>Radar</name><desc>Fonte: DER-SP</desc><type>FIXED</type></wpt>
<wpt lat="-22.039759" lon="-47.861571"><name>Radar 90 km/h</name><desc>Fonte: OSM</desc><type>FIXED</type></wpt>
<wpt lat="-22.039625" lon="-47.861478"><name>Radar</name><desc>Fonte: DER-SP</desc><type>FIXED</type></wpt>
<wpt lat="-22.035352" lon="-47.866137"><name>Radar 60 km/h</name><desc>Fonte: OSM</desc><type>FIXED</type></wpt>
<wpt lat="-22.034030" lon="-49.019410"><name>Radar</name><desc>Fonte: DER-SP</desc><type>FIXED</type></wpt>
<wpt lat="-22.027582" lon="-48.403011"><name>Radar</name><desc>Fonte: DER-SP</desc><type>FIXED</type></wpt>
<wpt lat="-22.027411" lon="-48.403222"><name>Radar</name><desc>Fonte: DER-SP</desc><type>FIXED</type></wpt>
<wpt lat="-22.025801" lon="-49.789314"><name>Radar</name><desc>Fonte: DER-SP</desc><type>FIXED</type></wpt>
<wpt lat="-22.023057" lon="-49.784737"><name>Radar</name><desc>Fonte: DER-SP</desc><type>FIXED</type></wpt>
<wpt lat="-22.012475" lon="-47.437453"><name>Radar 40 km/h</name><desc>Fonte: OSM</desc><type>FIXED</type></wpt>
<wpt lat="-22.012353" lon="-47.437407"><name>Radar 40 km/h</name><desc>Fonte: OSM</desc><type>FIXED</type></wpt>
<wpt lat="-22.012231" lon="-47.914749"><name>Radar 60 km/h</name><desc>Fonte: OSM</desc><type>FIXED</type></wpt>
<wpt lat="-22.010440" lon="-47.414174"><name>Radar 40 km/h</name><desc>Fonte: OSM</desc><type>FIXED</type></wpt>
<wpt lat="-22.010374" lon="-47.407628"><name>Radar</name><desc>Fonte: DER-SP</desc><type>FIXED</type></wpt>
<wpt lat="-22.010277" lon="-51.618492"><name>Radar</name><desc>Fonte: OSM</desc><type>FIXED</type></wpt>
<wpt lat="-22.006207" lon="-47.919778"><name>Radar 60 km/h</name><desc>Fonte: OSM</desc><type>FIXED</type></wpt>
<wpt lat="-22.006018" lon="-47.431821"><name>Radar 40 km/h</name><desc>Fonte: OSM</desc><type>FIXED</type></wpt>
<wpt lat="-22.005053" lon="-47.432148"><name>Radar 40 km/h</name><desc>Fonte: OSM</desc><type>FIXED</type></wpt>
<wpt lat="-21.999750" lon="-47.872133"><name>Radar</name><desc>Fonte: OSM</desc><type>FIXED</type></wpt>
<wpt lat="-21.998268" lon="-47.873985"><name>Radar</name><desc>Fonte: OSM</desc><type>FIXED</type></wpt>
<wpt lat="-21.997549" lon="-47.436929"><name>Radar 40 km/h</name><desc>Fonte: OSM</desc><type>FIXED</type></wpt>
<wpt lat="-21.997462" lon="-47.436953"><name>Radar 40 km/h</name><desc>Fonte: OSM</desc><type>FIXED</type></wpt>
<wpt lat="-21.996571" lon="-47.890989"><name>Radar 50 km/h</name><desc>Fonte: OSM</desc><type>FIXED</type></wpt>
<wpt lat="-21.994800" lon="-47.444000"><name>Radar</name><desc>Fonte: DER-SP</desc><type>FIXED</type></wpt>
<wpt lat="-21.994110" lon="-46.805977"><name>Radar</name><desc>Fonte: DER-SP</desc><type>FIXED</type></wpt>
<wpt lat="-21.993132" lon="-47.447644"><name>Radar 110 km/h</name><desc>Fonte: OSM</desc><type>FIXED</type></wpt>
<wpt lat="-21.990456" lon="-47.887333"><name>Radar</name><desc>Fonte: DER-SP</desc><type>FIXED</type></wpt>
<wpt lat="-21.990447" lon="-47.887371"><name>Radar 90 km/h</name><desc>Fonte: OSM</desc><type>FIXED</type></wpt>
<wpt lat="-21.988981" lon="-48.377183"><name>Radar</name><desc>Fonte: DER-SP</desc><type>FIXED</type></wpt>
<wpt lat="-21.988236" lon="-48.374913"><name>Radar</name><desc>Fonte: DER-SP</desc><type>FIXED</type></wpt>
<wpt lat="-21.987957" lon="-48.374664"><name>Radar</name><desc>Fonte: OSM</desc><type>FIXED</type></wpt>
<wpt lat="-21.987939" lon="-48.374629"><name>Radar</name><desc>Fonte: DER-SP</desc><type>FIXED</type></wpt>
<wpt lat="-21.984616" lon="-51.386900"><name>Radar 60 km/h</name><desc>Fonte: OSM</desc><type>FIXED</type></wpt>
<wpt lat="-21.984563" lon="-51.386860"><name>Radar</name><desc>Fonte: DER-SP</desc><type>FIXED</type></wpt>
<wpt lat="-21.982560" lon="-48.780040"><name>Radar</name><desc>Fonte: DER-SP</desc><type>FIXED</type></wpt>
<wpt lat="-21.980744" lon="-47.412185"><name>Radar</name><desc>Fonte: DER-SP</desc><type>FIXED</type></wpt>
<wpt lat="-21.980040" lon="-48.781200"><name>Radar</name><desc>Fonte: DER-SP</desc><type>FIXED</type></wpt>
<wpt lat="-21.975791" lon="-47.933952"><name>Radar 110 km/h</name><desc>Fonte: OSM</desc><type>FIXED</type></wpt>
<wpt lat="-21.975674" lon="-47.934110"><name>Radar</name><desc>Fonte: DER-SP</desc><type>FIXED</type></wpt>
<wpt lat="-21.975236" lon="-47.888810"><name>Radar 80 km/h</name><desc>Fonte: OSM</desc><type>FIXED</type></wpt>
<wpt lat="-21.975227" lon="-47.888742"><name>Radar 80 km/h</name><desc>Fonte: OSM</desc><type>FIXED</type></wpt>
<wpt lat="-21.975224" lon="-47.888692"><name>Radar</name><desc>Fonte: DER-SP</desc><type>FIXED</type></wpt>
<wpt lat="-21.960862" lon="-50.959844"><name>Radar</name><desc>Fonte: DER-SP</desc><type>FIXED</type></wpt>
<wpt lat="-21.959822" lon="-50.738525"><name>Radar</name><desc>Fonte: DER-SP</desc><type>FIXED</type></wpt>
<wpt lat="-21.959540" lon="-50.955340"><name>Radar</name><desc>Fonte: DER-SP</desc><type>FIXED</type></wpt>
<wpt lat="-21.959492" lon="-50.955242"><name>Radar 40 km/h</name><desc>Fonte: OSM</desc><type>FIXED</type></wpt>
<wpt lat="-21.959426" lon="-50.955314"><name>Radar 40 km/h</name><desc>Fonte: OSM</desc><type>FIXED</type></wpt>
<wpt lat="-21.959142" lon="-50.955202"><name>Radar</name><desc>Fonte: DER-SP</desc><type>FIXED</type></wpt>
<wpt lat="-21.959128" lon="-50.955217"><name>Radar 40 km/h</name><desc>Fonte: OSM</desc><type>FIXED</type></wpt>
<wpt lat="-21.959041" lon="-50.955268"><name>Radar 40 km/h</name><desc>Fonte: OSM</desc><type>FIXED</type></wpt>
<wpt lat="-21.956672" lon="-50.479231"><name>Radar</name><desc>Fonte: DER-SP</desc><type>FIXED</type></wpt>
<wpt lat="-21.956537" lon="-50.479838"><name>Radar 60 km/h</name><desc>Fonte: OSM</desc><type>FIXED</type></wpt>
<wpt lat="-21.956173" lon="-50.481950"><name>Radar 60 km/h</name><desc>Fonte: OSM</desc><type>FIXED</type></wpt>
<wpt lat="-21.955875" lon="-50.483542"><name>Radar</name><desc>Fonte: DER-SP</desc><type>FIXED</type></wpt>
<wpt lat="-21.955192" lon="-50.487564"><name>Radar</name><desc>Fonte: DER-SP</desc><type>FIXED</type></wpt>
<wpt lat="-21.954826" lon="-50.489817"><name>Radar 60 km/h</name><desc>Fonte: OSM</desc><type>FIXED</type></wpt>
<wpt lat="-21.954274" lon="-50.492530"><name>Radar 60 km/h</name><desc>Fonte: OSM</desc><type>FIXED</type></wpt>
<wpt lat="-21.954261" lon="-50.492644"><name>Radar</name><desc>Fonte: DER-SP</desc><type>FIXED</type></wpt>
<wpt lat="-21.954252" lon="-50.492473"><name>Radar</name><desc>Fonte: DER-SP</desc><type>FIXED</type></wpt>
<wpt lat="-21.952474" lon="-50.498829"><name>Radar 60 km/h</name><desc>Fonte: OSM</desc><type>FIXED</type></wpt>
<wpt lat="-21.949892" lon="-50.507419"><name>Radar</name><desc>Fonte: DER-SP</desc><type>FIXED</type></wpt>
<wpt lat="-21.948612" lon="-50.512244"><name>Radar 60 km/h</name><desc>Fonte: OSM</desc><type>FIXED</type></wpt>
<wpt lat="-21.948354" lon="-47.379589"><name>Radar</name><desc>Fonte: DER-SP</desc><type>FIXED</type></wpt>
<wpt lat="-21.945619" lon="-50.522583"><name>Radar</name><desc>Fonte: DER-SP</desc><type>FIXED</type></wpt>
<wpt lat="-21.942780" lon="-48.337660"><name>Radar</name><desc>Fonte: DER-SP</desc><type>FIXED</type></wpt>
<wpt lat="-21.942380" lon="-48.337460"><name>Radar</name><desc>Fonte: DER-SP</desc><type>FIXED</type></wpt>
<wpt lat="-21.940980" lon="-48.336570"><name>Radar</name><desc>Fonte: DER-SP</desc><type>FIXED</type></wpt>
<wpt lat="-21.940950" lon="-48.336450"><name>Radar</name><desc>Fonte: DER-SP</desc><type>FIXED</type></wpt>
<wpt lat="-21.938036" lon="-50.530156"><name>Radar</name><desc>Fonte: DER-SP</desc><type>FIXED</type></wpt>
<wpt lat="-21.937927" lon="-50.530288"><name>Radar</name><desc>Fonte: DER-SP</desc><type>FIXED</type></wpt>
<wpt lat="-21.937773" lon="-50.530300"><name>Radar 60 km/h</name><desc>Fonte: OSM</desc><type>FIXED</type></wpt>
<wpt lat="-21.929671" lon="-50.717884"><name>Radar</name><desc>Fonte: DER-SP</desc><type>FIXED</type></wpt>
<wpt lat="-21.928389" lon="-51.765877"><name>Radar</name><desc>Fonte: OSM</desc><type>FIXED</type></wpt>
<wpt lat="-21.903191" lon="-51.814636"><name>Radar</name><desc>Fonte: OSM</desc><type>FIXED</type></wpt>
<wpt lat="-21.897140" lon="-51.832394"><name>Radar</name><desc>Fonte: OSM</desc><type>FIXED</type></wpt>
<wpt lat="-21.896897" lon="-51.833068"><name>Radar 110 km/h</name><desc>Fonte: OSM</desc><type>FIXED</type></wpt>
<wpt lat="-21.895678" lon="-50.704325"><name>Radar</name><desc>Fonte: DER-SP</desc><type>FIXED</type></wpt>
<wpt lat="-21.895550" lon="-48.813560"><name>Radar</name><desc>Fonte: DER-SP</desc><type>FIXED</type></wpt>
<wpt lat="-21.894750" lon="-49.214140"><name>Radar</name><desc>Fonte: DER-SP</desc><type>FIXED</type></wpt>
<wpt lat="-21.894470" lon="-49.029590"><name>Radar</name><desc>Fonte: DER-SP</desc><type>FIXED</type></wpt>
<wpt lat="-21.894440" lon="-49.029220"><name>Radar</name><desc>Fonte: DER-SP</desc><type>FIXED</type></wpt>
<wpt lat="-21.894392" lon="-49.029576"><name>Radar 60 km/h</name><desc>Fonte: OSM</desc><type>FIXED</type></wpt>
<wpt lat="-21.889674" lon="-51.830676"><name>Radar 60 km/h</name><desc>Fonte: OSM</desc><type>FIXED</type></wpt>
<wpt lat="-21.889615" lon="-51.830616"><name>Radar</name><desc>Fonte: DER-SP</desc><type>FIXED</type></wpt>
<wpt lat="-21.889238" lon="-51.855095"><name>Radar</name><desc>Fonte: OSM</desc><type>FIXED</type></wpt>
<wpt lat="-21.888320" lon="-49.232910"><name>Radar</name><desc>Fonte: DER-SP</desc><type>FIXED</type></wpt>
<wpt lat="-21.887228" lon="-51.840492"><name>Radar 40 km/h</name><desc>Fonte: OSM</desc><type>FIXED</type></wpt>
<wpt lat="-21.883561" lon="-48.085406"><name>Radar</name><desc>Fonte: DER-SP</desc><type>FIXED</type></wpt>
<wpt lat="-21.883501" lon="-48.085285"><name>Radar</name><desc>Fonte: DER-SP</desc><type>FIXED</type></wpt>
<wpt lat="-21.883463" lon="-48.085529"><name>Radar 80 km/h</name><desc>Fonte: OSM</desc><type>FIXED</type></wpt>
<wpt lat="-21.882969" lon="-51.827282"><name>Radar 100 km/h</name><desc>Fonte: OSM</desc><type>FIXED</type></wpt>
<wpt lat="-21.881692" lon="-50.652914"><name>Radar</name><desc>Fonte: DER-SP</desc><type>FIXED</type></wpt>
<wpt lat="-21.878197" lon="-51.844153"><name>Radar 40 km/h</name><desc>Fonte: OSM</desc><type>FIXED</type></wpt>
<wpt lat="-21.878169" lon="-51.844077"><name>Radar 40 km/h</name><desc>Fonte: OSM</desc><type>FIXED</type></wpt>
<wpt lat="-21.877683" lon="-48.091678"><name>Radar</name><desc>Fonte: OSM</desc><type>FIXED</type></wpt>
<wpt lat="-21.876431" lon="-48.095178"><name>Radar</name><desc>Fonte: DER-SP</desc><type>FIXED</type></wpt>
<wpt lat="-21.876426" lon="-48.095221"><name>Radar 80 km/h</name><desc>Fonte: OSM</desc><type>FIXED</type></wpt>
<wpt lat="-21.876307" lon="-48.095246"><name>Radar</name><desc>Fonte: DER-SP</desc><type>FIXED</type></wpt>
<wpt lat="-21.864989" lon="-50.691114"><name>Radar</name><desc>Fonte: DER-SP</desc><type>FIXED</type></wpt>
<wpt lat="-21.864836" lon="-50.691350"><name>Radar</name><desc>Fonte: DER-SP</desc><type>FIXED</type></wpt>
<wpt lat="-21.864464" lon="-50.692181"><name>Radar 100 km/h</name><desc>Fonte: OSM</desc><type>FIXED</type></wpt>
<wpt lat="-21.863635" lon="-50.693920"><name>Radar</name><desc>Fonte: DER-SP</desc><type>FIXED</type></wpt>
<wpt lat="-21.863344" lon="-50.694819"><name>Radar</name><desc>Fonte: DER-SP</desc><type>FIXED</type></wpt>
<wpt lat="-21.863000" lon="-47.491000"><name>Radar</name><desc>Fonte: DER-SP</desc><type>FIXED</type></wpt>
<wpt lat="-21.859994" lon="-51.410151"><name>Radar</name><desc>Fonte: DER-SP</desc><type>FIXED</type></wpt>
<wpt lat="-21.858117" lon="-47.493419"><name>Radar 110 km/h</name><desc>Fonte: OSM</desc><type>FIXED</type></wpt>
<wpt lat="-21.857702" lon="-48.123773"><name>Radar</name><desc>Fonte: OSM</desc><type>FIXED</type></wpt>
<wpt lat="-21.855694" lon="-51.992580"><name>Radar</name><desc>Fonte: OSM</desc><type>FIXED</type></wpt>
<wpt lat="-21.852710" lon="-47.508225"><name>Radar</name><desc>Fonte: OSM</desc><type>FIXED</type></wpt>
<wpt lat="-21.852700" lon="-47.508300"><name>Radar</name><desc>Fonte: DER-SP</desc><type>FIXED</type></wpt>
<wpt lat="-21.844031" lon="-46.707594"><name>Radar</name><desc>Fonte: DER-SP</desc><type>FIXED</type></wpt>
<wpt lat="-21.842888" lon="-46.883645"><name>Radar</name><desc>Fonte: DER-SP</desc><type>FIXED</type></wpt>
<wpt lat="-21.842080" lon="-50.720943"><name>Radar</name><desc>Fonte: DER-SP</desc><type>FIXED</type></wpt>
<wpt lat="-21.842046" lon="-50.721435"><name>Radar 40 km/h</name><desc>Fonte: OSM</desc><type>FIXED</type></wpt>
<wpt lat="-21.842021" lon="-50.721141"><name>Radar 40 km/h</name><desc>Fonte: OSM</desc><type>FIXED</type></wpt>
<wpt lat="-21.841992" lon="-50.721103"><name>Radar 40 km/h</name><desc>Fonte: OSM</desc><type>FIXED</type></wpt>
<wpt lat="-21.841970" lon="-50.721378"><name>Radar 40 km/h</name><desc>Fonte: OSM</desc><type>FIXED</type></wpt>
<wpt lat="-21.841828" lon="-50.721591"><name>Radar</name><desc>Fonte: DER-SP</desc><type>FIXED</type></wpt>
<wpt lat="-21.841283" lon="-46.906932"><name>Radar</name><desc>Fonte: DER-SP</desc><type>FIXED</type></wpt>
<wpt lat="-21.841207" lon="-46.906910"><name>Radar</name><desc>Fonte: DER-SP</desc><type>FIXED</type></wpt>
<wpt lat="-21.841157" lon="-46.737789"><name>Radar</name><desc>Fonte: DER-SP</desc><type>FIXED</type></wpt>
<wpt lat="-21.840948" lon="-50.725303"><name>Radar</name><desc>Fonte: DER-SP</desc><type>FIXED</type></wpt>
<wpt lat="-21.828360" lon="-46.943244"><name>Radar</name><desc>Fonte: DER-SP</desc><type>FIXED</type></wpt>
<wpt lat="-21.828301" lon="-46.943220"><name>Radar</name><desc>Fonte: DER-SP</desc><type>FIXED</type></wpt>
<wpt lat="-21.826458" lon="-48.220855"><name>Radar</name><desc>Fonte: DER-SP</desc><type>FIXED</type></wpt>
<wpt lat="-21.825608" lon="-46.877352"><name>Radar</name><desc>Fonte: DER-SP</desc><type>FIXED</type></wpt>
<wpt lat="-21.821577" lon="-47.907569"><name>Radar</name><desc>Fonte: DER-SP</desc><type>FIXED</type></wpt>
<wpt lat="-21.821378" lon="-47.907542"><name>Radar</name><desc>Fonte: DER-SP</desc><type>FIXED</type></wpt>
<wpt lat="-21.819055" lon="-48.177412"><name>Radar 90 km/h</name><desc>Fonte: OSM</desc><type>FIXED</type></wpt>
<wpt lat="-21.818927" lon="-48.177520"><name>Radar</name><desc>Fonte: DER-SP</desc><type>FIXED</type></wpt>
<wpt lat="-21.816075" lon="-48.181496"><name>Radar</name><desc>Fonte: DER-SP</desc><type>FIXED</type></wpt>
<wpt lat="-21.814298" lon="-48.166200"><name>Radar 100 km/h</name><desc>Fonte: OSM</desc><type>FIXED</type></wpt>
<wpt lat="-21.812733" lon="-48.157374"><name>Radar 100 km/h</name><desc>Fonte: OSM</desc><type>FIXED</type></wpt>
<wpt lat="-21.812710" lon="-48.157389"><name>Radar</name><desc>Fonte: DER-SP</desc><type>FIXED</type></wpt>
<wpt lat="-21.811425" lon="-48.155555"><name>Radar 100 km/h</name><desc>Fonte: OSM</desc><type>FIXED</type></wpt>
<wpt lat="-21.809000" lon="-52.098843"><name>Radar</name><desc>Fonte: OSM</desc><type>FIXED</type></wpt>
<wpt lat="-21.807892" lon="-46.835728"><name>Radar</name><desc>Fonte: DER-SP</desc><type>FIXED</type></wpt>
<wpt lat="-21.807189" lon="-47.183670"><name>Radar</name><desc>Fonte: OSM</desc><type>FIXED</type></wpt>
<wpt lat="-21.807100" lon="-47.183800"><name>Radar</name><desc>Fonte: DER-SP</desc><type>FIXED</type></wpt>
<wpt lat="-21.806382" lon="-48.195340"><name>Radar</name><desc>Fonte: OSM</desc><type>FIXED</type></wpt>
<wpt lat="-21.804523" lon="-48.164805"><name>Radar 50 km/h</name><desc>Fonte: OSM</desc><type>FIXED</type></wpt>
<wpt lat="-21.802729" lon="-46.825901"><name>Radar</name><desc>Fonte: DER-SP</desc><type>FIXED</type></wpt>
<wpt lat="-21.800143" lon="-48.143845"><name>Radar 100 km/h</name><desc>Fonte: OSM</desc><type>FIXED</type></wpt>
<wpt lat="-21.799135" lon="-48.205360"><name>Radar 90 km/h</name><desc>Fonte: OSM</desc><type>FIXED</type></wpt>
<wpt lat="-21.798242" lon="-48.206732"><name>Radar</name><desc>Fonte: DER-SP</desc><type>FIXED</type></wpt>
<wpt lat="-21.793281" lon="-48.131732"><name>Radar 100 km/h</name><desc>Fonte: OSM</desc><type>FIXED</type></wpt>
<wpt lat="-21.789595" lon="-48.831555"><name>Radar</name><desc>Fonte: DER-SP</desc><type>FIXED</type></wpt>
<wpt lat="-21.786563" lon="-48.782924"><name>Radar 100 km/h</name><desc>Fonte: OSM</desc><type>FIXED</type></wpt>
<wpt lat="-21.785783" lon="-48.204745"><name>Radar 60 km/h</name><desc>Fonte: OSM</desc><type>FIXED</type></wpt>
<wpt lat="-21.785777" lon="-48.237460"><name>Radar 80 km/h</name><desc>Fonte: OSM</desc><type>FIXED</type></wpt>
<wpt lat="-21.784961" lon="-48.202149"><name>Radar 60 km/h</name><desc>Fonte: OSM</desc><type>FIXED</type></wpt>
<wpt lat="-21.782500" lon="-48.113333"><name>Radar</name><desc>Fonte: DER-SP</desc><type>FIXED</type></wpt>
<wpt lat="-21.780786" lon="-48.846915"><name>Radar</name><desc>Fonte: DER-SP</desc><type>FIXED</type></wpt>
<wpt lat="-21.778971" lon="-48.169449"><name>Radar 70 km/h</name><desc>Fonte: OSM</desc><type>FIXED</type></wpt>
<wpt lat="-21.777074" lon="-48.177082"><name>Radar 50 km/h</name><desc>Fonte: OSM</desc><type>FIXED</type></wpt>
<wpt lat="-21.773279" lon="-48.166520"><name>Radar 70 km/h</name><desc>Fonte: OSM</desc><type>FIXED</type></wpt>
<wpt lat="-21.772858" lon="-48.097160"><name>Radar 100 km/h</name><desc>Fonte: OSM</desc><type>FIXED</type></wpt>
<wpt lat="-21.768556" lon="-48.161911"><name>Radar 50 km/h</name><desc>Fonte: OSM</desc><type>FIXED</type></wpt>
<wpt lat="-21.766682" lon="-48.868616"><name>Radar</name><desc>Fonte: DER-SP</desc><type>FIXED</type></wpt>
<wpt lat="-21.764154" lon="-50.908565"><name>Radar 60 km/h</name><desc>Fonte: OSM</desc><type>FIXED</type></wpt>
<wpt lat="-21.764086" lon="-50.908603"><name>Radar</name><desc>Fonte: DER-SP</desc><type>FIXED</type></wpt>
<wpt lat="-21.764076" lon="-50.908603"><name>Radar</name><desc>Fonte: DER-SP</desc><type>FIXED</type></wpt>
<wpt lat="-21.763944" lon="-50.911522"><name>Radar</name><desc>Fonte: DER-SP</desc><type>FIXED</type></wpt>
<wpt lat="-21.763822" lon="-50.911514"><name>Radar 60 km/h</name><desc>Fonte: OSM</desc><type>FIXED</type></wpt>
<wpt lat="-21.763662" lon="-48.139635"><name>Radar 50 km/h</name><desc>Fonte: OSM</desc><type>FIXED</type></wpt>
<wpt lat="-21.762411" lon="-48.175135"><name>Radar 50 km/h</name><desc>Fonte: OSM</desc><type>FIXED</type></wpt>
<wpt lat="-21.760737" lon="-48.141738"><name>Radar 70 km/h</name><desc>Fonte: OSM</desc><type>FIXED</type></wpt>
<wpt lat="-21.760694" lon="-48.141818"><name>Radar 70 km/h</name><desc>Fonte: OSM</desc><type>FIXED</type></wpt>
<wpt lat="-21.760417" lon="-48.990596"><name>Radar 40 km/h</name><desc>Fonte: OSM</desc><type>FIXED</type></wpt>
<wpt lat="-21.755198" lon="-50.952292"><name>Radar 100 km/h</name><desc>Fonte: OSM</desc><type>FIXED</type></wpt>
<wpt lat="-21.755028" lon="-50.952597"><name>Radar</name><desc>Fonte: DER-SP</desc><type>FIXED</type></wpt>
<wpt lat="-21.754338" lon="-48.993339"><name>Radar 40 km/h</name><desc>Fonte: OSM</desc><type>FIXED</type></wpt>
<wpt lat="-21.753362" lon="-48.261822"><name>Radar 40 km/h</name><desc>Fonte: OSM</desc><type>FIXED</type></wpt>
<wpt lat="-21.753158" lon="-48.261685"><name>Radar</name><desc>Fonte: DER-SP</desc><type>FIXED</type></wpt>
<wpt lat="-21.753140" lon="-48.261410"><name>Radar</name><desc>Fonte: DER-SP</desc><type>FIXED</type></wpt>
<wpt lat="-21.752995" lon="-48.261604"><name>Radar 40 km/h</name><desc>Fonte: OSM</desc><type>FIXED</type></wpt>
<wpt lat="-21.747972" lon="-48.183893"><name>Radar 60 km/h</name><desc>Fonte: OSM</desc><type>FIXED</type></wpt>
<wpt lat="-21.740880" lon="-46.978425"><name>Radar 60 km/h</name><desc>Fonte: OSM</desc><type>FIXED</type></wpt>
<wpt lat="-21.740816" lon="-46.978215"><name>Radar</name><desc>Fonte: DER-SP</desc><type>FIXED</type></wpt>
<wpt lat="-21.740750" lon="-46.978257"><name>Radar</name><desc>Fonte: DER-SP</desc><type>FIXED</type></wpt>
<wpt lat="-21.739704" lon="-48.447787"><name>Radar</name><desc>Fonte: DER-SP</desc><type>FIXED</type></wpt>
<wpt lat="-21.734484" lon="-50.984453"><name>Radar</name><desc>Fonte: DER-SP</desc><type>FIXED</type></wpt>
<wpt lat="-21.734081" lon="-50.981877"><name>Radar</name><desc>Fonte: DER-SP</desc><type>FIXED</type></wpt>
<wpt lat="-21.733860" lon="-50.982394"><name>Radar 40 km/h</name><desc>Fonte: OSM</desc><type>FIXED</type></wpt>
<wpt lat="-21.733780" lon="-50.982307"><name>Radar 40 km/h</name><desc>Fonte: OSM</desc><type>FIXED</type></wpt>
<wpt lat="-21.733763" lon="-50.982016"><name>Radar 40 km/h</name><desc>Fonte: OSM</desc><type>FIXED</type></wpt>
<wpt lat="-21.733691" lon="-50.981979"><name>Radar 40 km/h</name><desc>Fonte: OSM</desc><type>FIXED</type></wpt>
<wpt lat="-21.733643" lon="-50.982556"><name>Radar</name><desc>Fonte: DER-SP</desc><type>FIXED</type></wpt>
<wpt lat="-21.730478" lon="-48.346442"><name>Radar</name><desc>Fonte: DER-SP</desc><type>FIXED</type></wpt>
<wpt lat="-21.730460" lon="-47.280427"><name>Radar</name><desc>Fonte: DER-SP</desc><type>FIXED</type></wpt>
<wpt lat="-21.727976" lon="-47.586195"><name>Radar</name><desc>Fonte: DER-SP</desc><type>FIXED</type></wpt>
<wpt lat="-21.727617" lon="-47.586298"><name>Radar</name><desc>Fonte: DER-SP</desc><type>FIXED</type></wpt>
<wpt lat="-21.726890" lon="-47.586527"><name>Radar</name><desc>Fonte: OSM</desc><type>FIXED</type></wpt>
<wpt lat="-21.726456" lon="-48.101290"><name>Radar</name><desc>Fonte: DER-SP</desc><type>FIXED</type></wpt>
<wpt lat="-21.726456" lon="-48.101040"><name>Radar</name><desc>Fonte: DER-SP</desc><type>FIXED</type></wpt>
<wpt lat="-21.726381" lon="-48.101148"><name>Radar 50 km/h</name><desc>Fonte: OSM</desc><type>FIXED</type></wpt>
<wpt lat="-21.725045" lon="-48.193106"><name>Radar 70 km/h</name><desc>Fonte: OSM</desc><type>FIXED</type></wpt>
<wpt lat="-21.722256" lon="-49.384167"><name>Radar 60 km/h</name><desc>Fonte: OSM</desc><type>FIXED</type></wpt>
<wpt lat="-21.719656" lon="-49.381171"><name>Radar 80 km/h</name><desc>Fonte: OSM</desc><type>FIXED</type></wpt>
<wpt lat="-21.712695" lon="-48.978867"><name>Radar</name><desc>Fonte: DER-SP</desc><type>FIXED</type></wpt>
<wpt lat="-21.711432" lon="-50.721336"><name>Radar</name><desc>Fonte: DER-SP</desc><type>FIXED</type></wpt>
<wpt lat="-21.711390" lon="-50.721152"><name>Radar 100 km/h</name><desc>Fonte: OSM</desc><type>FIXED</type></wpt>
<wpt lat="-21.709355" lon="-49.805760"><name>Radar 80 km/h</name><desc>Fonte: OSM</desc><type>FIXED</type></wpt>
<wpt lat="-21.703118" lon="-47.595207"><name>Radar</name><desc>Fonte: DER-SP</desc><type>FIXED</type></wpt>
<wpt lat="-21.702851" lon="-47.595379"><name>Radar</name><desc>Fonte: DER-SP</desc><type>FIXED</type></wpt>
<wpt lat="-21.702092" lon="-47.595636"><name>Radar</name><desc>Fonte: OSM</desc><type>FIXED</type></wpt>
<wpt lat="-21.698731" lon="-48.327795"><name>Radar 110 km/h</name><desc>Fonte: OSM</desc><type>FIXED</type></wpt>
<wpt lat="-21.698699" lon="-48.327743"><name>Radar</name><desc>Fonte: DER-SP</desc><type>FIXED</type></wpt>
<wpt lat="-21.694736" lon="-49.751476"><name>Radar</name><desc>Fonte: DER-SP</desc><type>FIXED</type></wpt>
<wpt lat="-21.692218" lon="-47.598832"><name>Radar</name><desc>Fonte: OSM</desc><type>FIXED</type></wpt>
<wpt lat="-21.691437" lon="-47.599534"><name>Radar</name><desc>Fonte: OSM</desc><type>FIXED</type></wpt>
<wpt lat="-21.684057" lon="-47.602211"><name>Radar</name><desc>Fonte: OSM</desc><type>FIXED</type></wpt>
<wpt lat="-21.676089" lon="-48.355210"><name>Radar</name><desc>Fonte: OSM</desc><type>FIXED</type></wpt>
<wpt lat="-21.672145" lon="-46.856878"><name>Radar</name><desc>Fonte: DER-SP</desc><type>FIXED</type></wpt>
<wpt lat="-21.662126" lon="-49.304686"><name>Radar</name><desc>Fonte: DER-SP</desc><type>FIXED</type></wpt>
<wpt lat="-21.661871" lon="-49.304476"><name>Radar</name><desc>Fonte: DER-SP</desc><type>FIXED</type></wpt>
<wpt lat="-21.659969" lon="-46.725856"><name>Radar</name><desc>Fonte: DER-SP</desc><type>FIXED</type></wpt>
<wpt lat="-21.658636" lon="-47.608675"><name>Radar</name><desc>Fonte: DER-SP</desc><type>FIXED</type></wpt>
<wpt lat="-21.658373" lon="-47.609306"><name>Radar</name><desc>Fonte: DER-SP</desc><type>FIXED</type></wpt>
<wpt lat="-21.655411" lon="-49.761011"><name>Radar</name><desc>Fonte: DER-SP</desc><type>FIXED</type></wpt>
<wpt lat="-21.654392" lon="-49.289465"><name>Radar 60 km/h</name><desc>Fonte: OSM</desc><type>FIXED</type></wpt>
<wpt lat="-21.653800" lon="-49.806731"><name>Radar 110 km/h</name><desc>Fonte: OSM</desc><type>FIXED</type></wpt>
<wpt lat="-21.653750" lon="-49.806700"><name>Radar</name><desc>Fonte: DER-SP</desc><type>FIXED</type></wpt>
<wpt lat="-21.649695" lon="-51.087055"><name>Radar 60 km/h</name><desc>Fonte: OSM</desc><type>FIXED</type></wpt>
<wpt lat="-21.649589" lon="-51.087100"><name>Radar</name><desc>Fonte: DER-SP</desc><type>FIXED</type></wpt>
<wpt lat="-21.647064" lon="-49.735952"><name>Radar</name><desc>Fonte: DER-SP</desc><type>FIXED</type></wpt>
<wpt lat="-21.646883" lon="-51.092625"><name>Radar</name><desc>Fonte: DER-SP</desc><type>FIXED</type></wpt>
<wpt lat="-21.646828" lon="-51.092571"><name>Radar</name><desc>Fonte: OSM</desc><type>FIXED</type></wpt>
<wpt lat="-21.646729" lon="-51.092701"><name>Radar</name><desc>Fonte: DER-SP</desc><type>FIXED</type></wpt>
<wpt lat="-21.642222" lon="-49.268611"><name>Radar</name><desc>Fonte: DER-SP</desc><type>FIXED</type></wpt>
<wpt lat="-21.642198" lon="-50.499939"><name>Radar 60 km/h</name><desc>Fonte: OSM</desc><type>FIXED</type></wpt>
<wpt lat="-21.642146" lon="-50.499989"><name>Radar</name><desc>Fonte: DER-SP</desc><type>FIXED</type></wpt>
<wpt lat="-21.642138" lon="-49.268672"><name>Radar 60 km/h</name><desc>Fonte: OSM</desc><type>FIXED</type></wpt>
<wpt lat="-21.642022" lon="-49.824137"><name>Radar</name><desc>Fonte: DER-SP</desc><type>FIXED</type></wpt>
<wpt lat="-21.632111" lon="-48.832333"><name>Radar</name><desc>Fonte: DER-SP</desc><type>FIXED</type></wpt>
<wpt lat="-21.627685" lon="-48.383196"><name>Radar</name><desc>Fonte: DER-SP</desc><type>FIXED</type></wpt>
<wpt lat="-21.623934" lon="-51.712711"><name>Radar</name><desc>Fonte: DER-SP</desc><type>FIXED</type></wpt>
<wpt lat="-21.623901" lon="-51.712767"><name>Radar 60 km/h</name><desc>Fonte: OSM</desc><type>FIXED</type></wpt>
<wpt lat="-21.622710" lon="-49.852760"><name>Radar</name><desc>Fonte: DER-SP</desc><type>FIXED</type></wpt>
<wpt lat="-21.618464" lon="-49.092429"><name>Radar 60 km/h</name><desc>Fonte: OSM</desc><type>FIXED</type></wpt>
<wpt lat="-21.617102" lon="-51.711026"><name>Radar 80 km/h</name><desc>Fonte: OSM</desc><type>FIXED</type></wpt>
<wpt lat="-21.615884" lon="-51.710644"><name>Radar 80 km/h</name><desc>Fonte: OSM</desc><type>FIXED</type></wpt>
<wpt lat="-21.607442" lon="-51.704681"><name>Radar 100 km/h</name><desc>Fonte: OSM</desc><type>FIXED</type></wpt>
<wpt lat="-21.607390" lon="-51.704544"><name>Radar</name><desc>Fonte: DER-SP</desc><type>FIXED</type></wpt>
<wpt lat="-21.606096" lon="-46.932129"><name>Radar</name><desc>Fonte: DER-SP</desc><type>FIXED</type></wpt>
<wpt lat="-21.603722" lon="-46.916803"><name>Radar</name><desc>Fonte: DER-SP</desc><type>FIXED</type></wpt>
<wpt lat="-21.602936" lon="-48.334978"><name>Radar</name><desc>Fonte: DER-SP</desc><type>FIXED</type></wpt>
<wpt lat="-21.601489" lon="-46.908495"><name>Radar</name><desc>Fonte: DER-SP</desc><type>FIXED</type></wpt>
<wpt lat="-21.589180" lon="-47.005920"><name>Radar</name><desc>Fonte: DER-SP</desc><type>FIXED</type></wpt>
<wpt lat="-21.572248" lon="-47.948711"><name>Radar</name><desc>Fonte: DER-SP</desc><type>FIXED</type></wpt>
<wpt lat="-21.572159" lon="-47.948953"><name>Radar</name><desc>Fonte: DER-SP</desc><type>FIXED</type></wpt>
<wpt lat="-21.571863" lon="-47.948531"><name>Radar</name><desc>Fonte: DER-SP</desc><type>FIXED</type></wpt>
<wpt lat="-21.571720" lon="-47.948660"><name>Radar</name><desc>Fonte: DER-SP</desc><type>FIXED</type></wpt>
<wpt lat="-21.569850" lon="-51.204087"><name>Radar 80 km/h</name><desc>Fonte: OSM</desc><type>FIXED</type></wpt>
<wpt lat="-21.569803" lon="-51.204058"><name>Radar</name><desc>Fonte: DER-SP</desc><type>FIXED</type></wpt>
<wpt lat="-21.567656" lon="-51.208394"><name>Radar</name><desc>Fonte: DER-SP</desc><type>FIXED</type></wpt>
<wpt lat="-21.567605" lon="-51.208392"><name>Radar</name><desc>Fonte: DER-SP</desc><type>FIXED</type></wpt>
<wpt lat="-21.567599" lon="-51.208319"><name>Radar 80 km/h</name><desc>Fonte: OSM</desc><type>FIXED</type></wpt>
<wpt lat="-21.557580" lon="-48.333080"><name>Radar</name><desc>Fonte: DER-SP</desc><type>FIXED</type></wpt>
<wpt lat="-21.553053" lon="-48.332648"><name>Radar</name><desc>Fonte: DER-SP</desc><type>FIXED</type></wpt>
<wpt lat="-21.548615" lon="-47.694224"><name>Radar</name><desc>Fonte: DER-SP</desc><type>FIXED</type></wpt>
<wpt lat="-21.546251" lon="-51.312889"><name>Radar</name><desc>Fonte: DER-SP</desc><type>FIXED</type></wpt>
<wpt lat="-21.545972" lon="-51.311918"><name>Radar 40 km/h</name><desc>Fonte: OSM</desc><type>FIXED</type></wpt>
<wpt lat="-21.545889" lon="-51.311875"><name>Radar 40 km/h</name><desc>Fonte: OSM</desc><type>FIXED</type></wpt>
<wpt lat="-21.545838" lon="-51.311384"><name>Radar</name><desc>Fonte: DER-SP</desc><type>FIXED</type></wpt>
<wpt lat="-21.545834" lon="-51.312117"><name>Radar</name><desc>Fonte: DER-SP</desc><type>FIXED</type></wpt>
<wpt lat="-21.545800" lon="-51.311556"><name>Radar 40 km/h</name><desc>Fonte: OSM</desc><type>FIXED</type></wpt>
<wpt lat="-21.545690" lon="-51.311489"><name>Radar 40 km/h</name><desc>Fonte: OSM</desc><type>FIXED</type></wpt>
<wpt lat="-21.535019" lon="-49.667011"><name>Radar</name><desc>Fonte: DER-SP</desc><type>FIXED</type></wpt>
<wpt lat="-21.533828" lon="-48.736289"><name>Radar</name><desc>Fonte: DER-SP</desc><type>FIXED</type></wpt>
<wpt lat="-21.533725" lon="-48.736089"><name>Radar</name><desc>Fonte: DER-SP</desc><type>FIXED</type></wpt>
<wpt lat="-21.533179" lon="-47.930986"><name>Radar 110 km/h</name><desc>Fonte: OSM</desc><type>FIXED</type></wpt>
<wpt lat="-21.533172" lon="-47.931017"><name>Radar</name><desc>Fonte: DER-SP</desc><type>FIXED</type></wpt>
<wpt lat="-21.533091" lon="-47.930842"><name>Radar</name><desc>Fonte: DER-SP</desc><type>FIXED</type></wpt>
<wpt lat="-21.526372" lon="-48.525039"><name>Radar</name><desc>Fonte: DER-SP</desc><type>FIXED</type></wpt>
<wpt lat="-21.526123" lon="-48.525540"><name>Radar 110 km/h</name><desc>Fonte: OSM</desc><type>FIXED</type></wpt>
<wpt lat="-21.523386" lon="-51.378281"><name>Radar</name><desc>Fonte: DER-SP</desc><type>FIXED</type></wpt>
<wpt lat="-21.523310" lon="-51.378470"><name>Radar 60 km/h</name><desc>Fonte: OSM</desc><type>FIXED</type></wpt>
<wpt lat="-21.522753" lon="-48.688872"><name>Radar</name><desc>Fonte: DER-SP</desc><type>FIXED</type></wpt>
<wpt lat="-21.522531" lon="-48.688578"><name>Radar</name><desc>Fonte: DER-SP</desc><type>FIXED</type></wpt>
<wpt lat="-21.518696" lon="-51.387078"><name>Radar</name><desc>Fonte: DER-SP</desc><type>FIXED</type></wpt>
<wpt lat="-21.518249" lon="-51.387864"><name>Radar 60 km/h</name><desc>Fonte: OSM</desc><type>FIXED</type></wpt>
<wpt lat="-21.517615" lon="-50.005270"><name>Radar</name><desc>Fonte: DER-SP</desc><type>FIXED</type></wpt>
<wpt lat="-21.501478" lon="-47.735963"><name>Radar</name><desc>Fonte: DER-SP</desc><type>FIXED</type></wpt>
<wpt lat="-21.493911" lon="-47.529628"><name>Radar</name><desc>Fonte: DER-SP</desc><type>FIXED</type></wpt>
<wpt lat="-21.489200" lon="-51.439771"><name>Radar 60 km/h</name><desc>Fonte: OSM</desc><type>FIXED</type></wpt>
<wpt lat="-21.489192" lon="-51.439678"><name>Radar</name><desc>Fonte: DER-SP</desc><type>FIXED</type></wpt>
<wpt lat="-21.488083" lon="-51.444069"><name>Radar</name><desc>Fonte: DER-SP</desc><type>FIXED</type></wpt>
<wpt lat="-21.488082" lon="-51.443997"><name>Radar 60 km/h</name><desc>Fonte: OSM</desc><type>FIXED</type></wpt>
<wpt lat="-21.481624" lon="-50.072347"><name>Radar</name><desc>Fonte: DER-SP</desc><type>FIXED</type></wpt>
<wpt lat="-21.480725" lon="-48.591334"><name>Radar 110 km/h</name><desc>Fonte: OSM</desc><type>FIXED</type></wpt>
<wpt lat="-21.480357" lon="-49.228295"><name>Radar</name><desc>Fonte: DER-SP</desc><type>FIXED</type></wpt>
<wpt lat="-21.480284" lon="-49.228466"><name>Radar 60 km/h</name><desc>Fonte: OSM</desc><type>FIXED</type></wpt>
<wpt lat="-21.477429" lon="-49.231193"><name>Radar</name><desc>Fonte: DER-SP</desc><type>FIXED</type></wpt>
<wpt lat="-21.477274" lon="-46.773717"><name>Radar</name><desc>Fonte: DER-SP</desc><type>FIXED</type></wpt>
<wpt lat="-21.476475" lon="-51.517031"><name>Radar</name><desc>Fonte: DER-SP</desc><type>FIXED</type></wpt>
<wpt lat="-21.476344" lon="-51.516916"><name>Radar 60 km/h</name><desc>Fonte: OSM</desc><type>FIXED</type></wpt>
<wpt lat="-21.475563" lon="-51.512205"><name>Radar 60 km/h</name><desc>Fonte: OSM</desc><type>FIXED</type></wpt>
<wpt lat="-21.475528" lon="-51.512072"><name>Radar</name><desc>Fonte: DER-SP</desc><type>FIXED</type></wpt>
<wpt lat="-21.468608" lon="-49.239977"><name>Radar 60 km/h</name><desc>Fonte: OSM</desc><type>FIXED</type></wpt>
<wpt lat="-21.464006" lon="-51.551657"><name>Radar 60 km/h</name><desc>Fonte: OSM</desc><type>FIXED</type></wpt>
<wpt lat="-21.463386" lon="-51.553014"><name>Radar</name><desc>Fonte: DER-SP</desc><type>FIXED</type></wpt>
<wpt lat="-21.462704" lon="-48.617046"><name>Radar 110 km/h</name><desc>Fonte: OSM</desc><type>FIXED</type></wpt>
<wpt lat="-21.461200" lon="-51.558294"><name>Radar</name><desc>Fonte: DER-SP</desc><type>FIXED</type></wpt>
<wpt lat="-21.461099" lon="-51.558287"><name>Radar 80 km/h</name><desc>Fonte: OSM</desc><type>FIXED</type></wpt>
<wpt lat="-21.455396" lon="-51.571276"><name>Radar</name><desc>Fonte: OSM</desc><type>FIXED</type></wpt>
<wpt lat="-21.455303" lon="-51.571314"><name>Radar</name><desc>Fonte: DER-SP</desc><type>FIXED</type></wpt>
<wpt lat="-21.452159" lon="-51.620735"><name>Radar</name><desc>Fonte: DER-SP</desc><type>FIXED</type></wpt>
<wpt lat="-21.451581" lon="-51.580203"><name>Radar</name><desc>Fonte: DER-SP</desc><type>FIXED</type></wpt>
<wpt lat="-21.451353" lon="-51.580505"><name>Radar 100 km/h</name><desc>Fonte: OSM</desc><type>FIXED</type></wpt>
<wpt lat="-21.446304" lon="-51.618786"><name>Radar 100 km/h</name><desc>Fonte: OSM</desc><type>FIXED</type></wpt>
<wpt lat="-21.444179" lon="-48.537841"><name>Radar</name><desc>Fonte: DER-SP</desc><type>FIXED</type></wpt>
<wpt lat="-21.442981" lon="-48.535972"><name>Radar</name><desc>Fonte: DER-SP</desc><type>FIXED</type></wpt>
<wpt lat="-21.435950" lon="-48.607000"><name>Radar</name><desc>Fonte: DER-SP</desc><type>FIXED</type></wpt>
<wpt lat="-21.435700" lon="-48.606800"><name>Radar</name><desc>Fonte: DER-SP</desc><type>FIXED</type></wpt>
<wpt lat="-21.432464" lon="-48.515561"><name>Radar</name><desc>Fonte: DER-SP</desc><type>FIXED</type></wpt>
<wpt lat="-21.432378" lon="-48.515619"><name>Radar</name><desc>Fonte: DER-SP</desc><type>FIXED</type></wpt>
<wpt lat="-21.422054" lon="-47.658205"><name>Radar</name><desc>Fonte: OSM</desc><type>FIXED</type></wpt>
<wpt lat="-21.422053" lon="-48.495800"><name>Radar</name><desc>Fonte: DER-SP</desc><type>FIXED</type></wpt>
<wpt lat="-21.421646" lon="-47.658514"><name>Radar</name><desc>Fonte: OSM</desc><type>FIXED</type></wpt>
<wpt lat="-21.421171" lon="-50.091839"><name>Radar</name><desc>Fonte: DER-SP</desc><type>FIXED</type></wpt>
<wpt lat="-21.421062" lon="-47.658933"><name>Radar</name><desc>Fonte: DER-SP</desc><type>FIXED</type></wpt>
<wpt lat="-21.420467" lon="-47.659420"><name>Radar</name><desc>Fonte: DER-SP</desc><type>FIXED</type></wpt>
<wpt lat="-21.420156" lon="-48.493183"><name>Radar</name><desc>Fonte: DER-SP</desc><type>FIXED</type></wpt>
<wpt lat="-21.415476" lon="-47.663710"><name>Radar</name><desc>Fonte: DER-SP</desc><type>FIXED</type></wpt>
<wpt lat="-21.415284" lon="-47.663302"><name>Radar</name><desc>Fonte: DER-SP</desc><type>FIXED</type></wpt>
<wpt lat="-21.414333" lon="-47.663973"><name>Radar</name><desc>Fonte: DER-SP</desc><type>FIXED</type></wpt>
<wpt lat="-21.389649" lon="-47.221255"><name>Radar</name><desc>Fonte: DER-SP</desc><type>FIXED</type></wpt>
<wpt lat="-21.383161" lon="-48.731503"><name>Radar</name><desc>Fonte: DER-SP</desc><type>FIXED</type></wpt>
<wpt lat="-21.383138" lon="-48.731667"><name>Radar 40 km/h</name><desc>Fonte: OSM</desc><type>FIXED</type></wpt>
<wpt lat="-21.382991" lon="-48.731342"><name>Radar 40 km/h</name><desc>Fonte: OSM</desc><type>FIXED</type></wpt>
<wpt lat="-21.382740" lon="-48.731350"><name>Radar</name><desc>Fonte: DER-SP</desc><type>FIXED</type></wpt>
<wpt lat="-21.381538" lon="-51.676319"><name>Radar 60 km/h</name><desc>Fonte: OSM</desc><type>FIXED</type></wpt>
<wpt lat="-21.381517" lon="-51.676208"><name>Radar</name><desc>Fonte: DER-SP</desc><type>FIXED</type></wpt>
<wpt lat="-21.381444" lon="-51.676401"><name>Radar</name><desc>Fonte: DER-SP</desc><type>FIXED</type></wpt>
<wpt lat="-21.380130" lon="-48.736457"><name>Radar</name><desc>Fonte: OSM</desc><type>FIXED</type></wpt>
<wpt lat="-21.378831" lon="-51.681361"><name>Radar</name><desc>Fonte: DER-SP</desc><type>FIXED</type></wpt>
<wpt lat="-21.378791" lon="-51.681316"><name>Radar 60 km/h</name><desc>Fonte: OSM</desc><type>FIXED</type></wpt>
<wpt lat="-21.375408" lon="-48.323956"><name>Radar</name><desc>Fonte: DER-SP</desc><type>FIXED</type></wpt>
<wpt lat="-21.371852" lon="-48.047905"><name>Radar</name><desc>Fonte: DER-SP</desc><type>FIXED</type></wpt>
<wpt lat="-21.365548" lon="-48.261228"><name>Radar</name><desc>Fonte: DER-SP</desc><type>FIXED</type></wpt>
<wpt lat="-21.361578" lon="-51.715775"><name>Radar</name><desc>Fonte: DER-SP</desc><type>FIXED</type></wpt>
<wpt lat="-21.361380" lon="-51.713191"><name>Radar 40 km/h</name><desc>Fonte: OSM</desc><type>FIXED</type></wpt>
<wpt lat="-21.361345" lon="-51.712853"><name>Radar 40 km/h</name><desc>Fonte: OSM</desc><type>FIXED</type></wpt>
<wpt lat="-21.361325" lon="-51.712779"><name>Radar</name><desc>Fonte: DER-SP</desc><type>FIXED</type></wpt>
<wpt lat="-21.361313" lon="-51.713110"><name>Radar 40 km/h</name><desc>Fonte: OSM</desc><type>FIXED</type></wpt>
<wpt lat="-21.361280" lon="-51.712787"><name>Radar 40 km/h</name><desc>Fonte: OSM</desc><type>FIXED</type></wpt>
<wpt lat="-21.351780" lon="-51.567590"><name>Radar</name><desc>Fonte: DER-SP</desc><type>FIXED</type></wpt>
<wpt lat="-21.349761" lon="-51.566532"><name>Radar 100 km/h</name><desc>Fonte: OSM</desc><type>FIXED</type></wpt>
<wpt lat="-21.338431" lon="-47.753190"><name>Radar</name><desc>Fonte: DER-SP</desc><type>FIXED</type></wpt>
<wpt lat="-21.338140" lon="-47.754263"><name>Radar</name><desc>Fonte: DER-SP</desc><type>FIXED</type></wpt>
<wpt lat="-21.335678" lon="-47.257745"><name>Radar</name><desc>Fonte: DER-SP</desc><type>FIXED</type></wpt>
<wpt lat="-21.327211" lon="-48.121806"><name>Radar</name><desc>Fonte: DER-SP</desc><type>FIXED</type></wpt>
<wpt lat="-21.327002" lon="-48.122232"><name>Radar 100 km/h</name><desc>Fonte: OSM</desc><type>FIXED</type></wpt>
<wpt lat="-21.324362" lon="-48.047858"><name>Radar 90 km/h</name><desc>Fonte: OSM</desc><type>FIXED</type></wpt>
<wpt lat="-21.324008" lon="-48.047519"><name>Radar</name><desc>Fonte: DER-SP</desc><type>FIXED</type></wpt>
<wpt lat="-21.320050" lon="-47.733027"><name>Radar</name><desc>Fonte: OSM</desc><type>FIXED</type></wpt>
<wpt lat="-21.319914" lon="-47.733091"><name>Radar</name><desc>Fonte: OSM</desc><type>FIXED</type></wpt>
<wpt lat="-21.319200" lon="-47.733500"><name>Radar</name><desc>Fonte: DER-SP</desc><type>FIXED</type></wpt>
<wpt lat="-21.319061" lon="-47.733397"><name>Radar</name><desc>Fonte: DER-SP</desc><type>FIXED</type></wpt>
<wpt lat="-21.313786" lon="-48.166653"><name>Radar</name><desc>Fonte: DER-SP</desc><type>FIXED</type></wpt>
<wpt lat="-21.313767" lon="-48.166894"><name>Radar 100 km/h</name><desc>Fonte: OSM</desc><type>FIXED</type></wpt>
<wpt lat="-21.309504" lon="-49.045219"><name>Radar</name><desc>Fonte: DER-SP</desc><type>FIXED</type></wpt>
<wpt lat="-21.304622" lon="-50.364063"><name>Radar 110 km/h</name><desc>Fonte: OSM</desc><type>FIXED</type></wpt>
<wpt lat="-21.304559" lon="-50.364016"><name>Radar</name><desc>Fonte: DER-SP</desc><type>FIXED</type></wpt>
<wpt lat="-21.300445" lon="-50.368863"><name>Radar 110 km/h</name><desc>Fonte: OSM</desc><type>FIXED</type></wpt>
<wpt lat="-21.300298" lon="-50.369066"><name>Radar</name><desc>Fonte: DER-SP</desc><type>FIXED</type></wpt>
<wpt lat="-21.299641" lon="-50.367576"><name>Radar</name><desc>Fonte: DER-SP</desc><type>FIXED</type></wpt>
<wpt lat="-21.285470" lon="-48.332595"><name>Radar 110 km/h</name><desc>Fonte: OSM</desc><type>FIXED</type></wpt>
<wpt lat="-21.285467" lon="-48.332483"><name>Radar</name><desc>Fonte: DER-SP</desc><type>FIXED</type></wpt>
<wpt lat="-21.284183" lon="-47.346150"><name>Radar</name><desc>Fonte: DER-SP</desc><type>FIXED</type></wpt>
<wpt lat="-21.284146" lon="-47.346375"><name>Radar 100 km/h</name><desc>Fonte: OSM</desc><type>FIXED</type></wpt>
<wpt lat="-21.284063" lon="-47.346207"><name>Radar 100 km/h</name><desc>Fonte: OSM</desc><type>FIXED</type></wpt>
<wpt lat="-21.283983" lon="-48.251883"><name>Radar</name><desc>Fonte: DER-SP</desc><type>FIXED</type></wpt>
<wpt lat="-21.283956" lon="-48.251800"><name>Radar 100 km/h</name><desc>Fonte: OSM</desc><type>FIXED</type></wpt>
<wpt lat="-21.278857" lon="-48.314879"><name>Radar 110 km/h</name><desc>Fonte: OSM</desc><type>FIXED</type></wpt>
<wpt lat="-21.278818" lon="-48.314952"><name>Radar</name><desc>Fonte: DER-SP</desc><type>FIXED</type></wpt>
<wpt lat="-21.275478" lon="-47.329007"><name>Radar 100 km/h</name><desc>Fonte: OSM</desc><type>FIXED</type></wpt>
<wpt lat="-21.275400" lon="-47.753929"><name>Radar</name><desc>Fonte: OSM</desc><type>FIXED</type></wpt>
<wpt lat="-21.275025" lon="-51.335790"><name>Radar</name><desc>Fonte: DER-SP</desc><type>FIXED</type></wpt>
<wpt lat="-21.274950" lon="-47.754182"><name>Radar</name><desc>Fonte: DER-SP</desc><type>FIXED</type></wpt>
<wpt lat="-21.274829" lon="-47.754186"><name>Radar</name><desc>Fonte: DER-SP</desc><type>FIXED</type></wpt>
<wpt lat="-21.271778" lon="-48.297872"><name>Radar</name><desc>Fonte: DER-SP</desc><type>FIXED</type></wpt>
<wpt lat="-21.271342" lon="-48.297176"><name>Radar 110 km/h</name><desc>Fonte: OSM</desc><type>FIXED</type></wpt>
<wpt lat="-21.269206" lon="-48.293958"><name>Radar</name><desc>Fonte: DER-SP</desc><type>FIXED</type></wpt>
<wpt lat="-21.268777" lon="-48.293334"><name>Radar 110 km/h</name><desc>Fonte: OSM</desc><type>FIXED</type></wpt>
<wpt lat="-21.266637" lon="-47.755787"><name>Radar 90 km/h</name><desc>Fonte: OSM</desc><type>FIXED</type></wpt>
<wpt lat="-21.263132" lon="-47.754898"><name>Radar</name><desc>Fonte: OSM</desc><type>FIXED</type></wpt>
<wpt lat="-21.262443" lon="-47.754737"><name>Radar</name><desc>Fonte: DER-SP</desc><type>FIXED</type></wpt>
<wpt lat="-21.262395" lon="-47.754705"><name>Radar 90 km/h</name><desc>Fonte: OSM</desc><type>FIXED</type></wpt>
<wpt lat="-21.262349" lon="-48.466911"><name>Radar 60 km/h</name><desc>Fonte: OSM</desc><type>FIXED</type></wpt>
<wpt lat="-21.262337" lon="-48.467477"><name>Radar</name><desc>Fonte: DER-SP</desc><type>FIXED</type></wpt>
<wpt lat="-21.262218" lon="-50.411339"><name>Radar 110 km/h</name><desc>Fonte: OSM</desc><type>FIXED</type></wpt>
<wpt lat="-21.262008" lon="-47.754617"><name>Radar</name><desc>Fonte: DER-SP</desc><type>FIXED</type></wpt>
<wpt lat="-21.261253" lon="-51.713281"><name>Radar</name><desc>Fonte: DER-SP</desc><type>FIXED</type></wpt>
<wpt lat="-21.254721" lon="-47.754712"><name>Radar</name><desc>Fonte: OSM</desc><type>FIXED</type></wpt>
<wpt lat="-21.253973" lon="-47.754882"><name>Radar 90 km/h</name><desc>Fonte: OSM</desc><type>FIXED</type></wpt>
<wpt lat="-21.253800" lon="-47.755000"><name>Radar</name><desc>Fonte: DER-SP</desc><type>FIXED</type></wpt>
<wpt lat="-21.253611" lon="-47.754722"><name>Radar</name><desc>Fonte: DER-SP</desc><type>FIXED</type></wpt>
<wpt lat="-21.252956" lon="-48.550829"><name>Radar 60 km/h</name><desc>Fonte: OSM</desc><type>FIXED</type></wpt>
<wpt lat="-21.252900" lon="-48.550900"><name>Radar</name><desc>Fonte: DER-SP</desc><type>FIXED</type></wpt>
<wpt lat="-21.249990" lon="-48.349512"><name>Radar</name><desc>Fonte: DER-SP</desc><type>FIXED</type></wpt>
<wpt lat="-21.249649" lon="-48.556294"><name>Radar 40 km/h</name><desc>Fonte: OSM</desc><type>FIXED</type></wpt>
<wpt lat="-21.249507" lon="-48.556442"><name>Radar</name><desc>Fonte: DER-SP</desc><type>FIXED</type></wpt>
<wpt lat="-21.249329" lon="-48.557083"><name>Radar 40 km/h</name><desc>Fonte: OSM</desc><type>FIXED</type></wpt>
<wpt lat="-21.243992" lon="-50.431726"><name>Radar</name><desc>Fonte: DER-SP</desc><type>FIXED</type></wpt>
<wpt lat="-21.243915" lon="-50.431811"><name>Radar 80 km/h</name><desc>Fonte: OSM</desc><type>FIXED</type></wpt>
<wpt lat="-21.241952" lon="-47.819151"><name>Radar</name><desc>Fonte: DER-SP</desc><type>FIXED</type></wpt>
<wpt lat="-21.241705" lon="-47.819116"><name>Radar</name><desc>Fonte: DER-SP</desc><type>FIXED</type></wpt>
<wpt lat="-21.241549" lon="-47.819166"><name>Radar 90 km/h</name><desc>Fonte: OSM</desc><type>FIXED</type></wpt>
<wpt lat="-21.239944" lon="-48.353692"><name>Radar</name><desc>Fonte: DER-SP</desc><type>FIXED</type></wpt>
<wpt lat="-21.238636" lon="-50.437977"><name>Radar 80 km/h</name><desc>Fonte: OSM</desc><type>FIXED</type></wpt>
<wpt lat="-21.238633" lon="-50.437917"><name>Radar</name><desc>Fonte: DER-SP</desc><type>FIXED</type></wpt>
<wpt lat="-21.237769" lon="-48.354017"><name>Radar</name><desc>Fonte: DER-SP</desc><type>FIXED</type></wpt>
<wpt lat="-21.236216" lon="-49.942596"><name>Radar 60 km/h</name><desc>Fonte: OSM</desc><type>FIXED</type></wpt>
<wpt lat="-21.235675" lon="-50.409198"><name>Radar</name><desc>Fonte: DER-SP</desc><type>FIXED</type></wpt>
<wpt lat="-21.235333" lon="-50.409166"><name>Radar</name><desc>Fonte: DER-SP</desc><type>FIXED</type></wpt>
<wpt lat="-21.235058" lon="-47.818878"><name>Radar</name><desc>Fonte: DER-SP</desc><type>FIXED</type></wpt>
<wpt lat="-21.234799" lon="-47.818769"><name>Radar</name><desc>Fonte: DER-SP</desc><type>FIXED</type></wpt>
<wpt lat="-21.234790" lon="-47.818779"><name>Radar 90 km/h</name><desc>Fonte: OSM</desc><type>FIXED</type></wpt>
<wpt lat="-21.231994" lon="-51.502293"><name>Radar</name><desc>Fonte: DER-SP</desc><type>FIXED</type></wpt>
<wpt lat="-21.231902" lon="-51.502266"><name>Radar 100 km/h</name><desc>Fonte: OSM</desc><type>FIXED</type></wpt>
<wpt lat="-21.231459" lon="-47.780117"><name>Radar</name><desc>Fonte: DER-SP</desc><type>FIXED</type></wpt>
<wpt lat="-21.231448" lon="-47.780176"><name>Radar</name><desc>Fonte: DER-SP</desc><type>FIXED</type></wpt>
<wpt lat="-21.231420" lon="-47.780148"><name>Radar</name><desc>Fonte: DER-SP</desc><type>FIXED</type></wpt>
<wpt lat="-21.231168" lon="-47.780266"><name>Radar 90 km/h</name><desc>Fonte: OSM</desc><type>FIXED</type></wpt>
<wpt lat="-21.229371" lon="-47.759397"><name>Radar</name><desc>Fonte: OSM</desc><type>FIXED</type></wpt>
<wpt lat="-21.228967" lon="-47.759388"><name>Radar</name><desc>Fonte: DER-SP</desc><type>FIXED</type></wpt>
<wpt lat="-21.228816" lon="-47.759276"><name>Radar</name><desc>Fonte: DER-SP</desc><type>FIXED</type></wpt>
<wpt lat="-21.228784" lon="-47.759581"><name>Radar 90 km/h</name><desc>Fonte: OSM</desc><type>FIXED</type></wpt>
<wpt lat="-21.226856" lon="-47.767945"><name>Radar 70 km/h</name><desc>Fonte: OSM</desc><type>FIXED</type></wpt>
<wpt lat="-21.225997" lon="-50.437002"><name>Radar 60 km/h</name><desc>Fonte: OSM</desc><type>FIXED</type></wpt>
<wpt lat="-21.224995" lon="-47.807858"><name>Radar</name><desc>Fonte: DER-SP</desc><type>FIXED</type></wpt>
<wpt lat="-21.224867" lon="-47.807958"><name>Radar 90 km/h</name><desc>Fonte: OSM</desc><type>FIXED</type></wpt>
<wpt lat="-21.224865" lon="-47.807895"><name>Radar</name><desc>Fonte: DER-SP</desc><type>FIXED</type></wpt>
<wpt lat="-21.224437" lon="-48.915297"><name>Radar 110 km/h</name><desc>Fonte: OSM</desc><type>FIXED</type></wpt>
<wpt lat="-21.224321" lon="-48.915661"><name>Radar 110 km/h</name><desc>Fonte: OSM</desc><type>FIXED</type></wpt>
<wpt lat="-21.223820" lon="-47.800750"><name>Radar</name><desc>Fonte: DER-SP</desc><type>FIXED</type></wpt>
<wpt lat="-21.223765" lon="-47.800620"><name>Radar 90 km/h</name><desc>Fonte: OSM</desc><type>FIXED</type></wpt>
<wpt lat="-21.223759" lon="-47.800701"><name>Radar</name><desc>Fonte: DER-SP</desc><type>FIXED</type></wpt>
<wpt lat="-21.223364" lon="-47.776666"><name>Radar 90 km/h</name><desc>Fonte: OSM</desc><type>FIXED</type></wpt>
<wpt lat="-21.221872" lon="-47.781771"><name>Radar</name><desc>Fonte: DER-SP</desc><type>FIXED</type></wpt>
<wpt lat="-21.221814" lon="-47.781861"><name>Radar</name><desc>Fonte: DER-SP</desc><type>FIXED</type></wpt>
<wpt lat="-21.221777" lon="-47.781967"><name>Radar 80 km/h</name><desc>Fonte: OSM</desc><type>FIXED</type></wpt>
<wpt lat="-21.219462" lon="-47.770757"><name>Radar 70 km/h</name><desc>Fonte: OSM</desc><type>FIXED</type></wpt>
<wpt lat="-21.219334" lon="-47.828590"><name>Radar</name><desc>Fonte: DER-SP</desc><type>FIXED</type></wpt>
<wpt lat="-21.219093" lon="-47.828886"><name>Radar</name><desc>Fonte: DER-SP</desc><type>FIXED</type></wpt>
<wpt lat="-21.219053" lon="-47.829004"><name>Radar 90 km/h</name><desc>Fonte: OSM</desc><type>FIXED</type></wpt>
<wpt lat="-21.215228" lon="-51.493278"><name>Radar</name><desc>Fonte: DER-SP</desc><type>FIXED</type></wpt>
<wpt lat="-21.214685" lon="-47.773077"><name>Radar</name><desc>Fonte: DER-SP</desc><type>FIXED</type></wpt>
<wpt lat="-21.214613" lon="-47.772933"><name>Radar</name><desc>Fonte: DER-SP</desc><type>FIXED</type></wpt>
<wpt lat="-21.213540" lon="-47.842020"><name>Radar</name><desc>Fonte: DER-SP</desc><type>FIXED</type></wpt>
<wpt lat="-21.213533" lon="-47.842270"><name>Radar</name><desc>Fonte: DER-SP</desc><type>FIXED</type></wpt>
<wpt lat="-21.213371" lon="-47.842268"><name>Radar 90 km/h</name><desc>Fonte: OSM</desc><type>FIXED</type></wpt>
<wpt lat="-21.212652" lon="-47.843738"><name>Radar</name><desc>Fonte: DER-SP</desc><type>FIXED</type></wpt>
<wpt lat="-21.212585" lon="-47.843721"><name>Radar 90 km/h</name><desc>Fonte: OSM</desc><type>FIXED</type></wpt>
<wpt lat="-21.211438" lon="-47.908783"><name>Radar 60 km/h</name><desc>Fonte: OSM</desc><type>FIXED</type></wpt>
<wpt lat="-21.211229" lon="-47.908093"><name>Radar</name><desc>Fonte: DER-SP</desc><type>FIXED</type></wpt>
<wpt lat="-21.210921" lon="-47.758642"><name>Radar</name><desc>Fonte: DER-SP</desc><type>FIXED</type></wpt>
<wpt lat="-21.210402" lon="-47.849118"><name>Radar</name><desc>Fonte: DER-SP</desc><type>FIXED</type></wpt>
<wpt lat="-21.209320" lon="-47.756700"><name>Radar</name><desc>Fonte: DER-SP</desc><type>FIXED</type></wpt>
<wpt lat="-21.209242" lon="-47.758569"><name>Radar 90 km/h</name><desc>Fonte: OSM</desc><type>FIXED</type></wpt>
<wpt lat="-21.208661" lon="-47.758523"><name>Radar</name><desc>Fonte: DER-SP</desc><type>FIXED</type></wpt>
<wpt lat="-21.207934" lon="-50.424434"><name>Radar 60 km/h</name><desc>Fonte: OSM</desc><type>FIXED</type></wpt>
<wpt lat="-21.207247" lon="-47.661580"><name>Radar</name><desc>Fonte: DER-SP</desc><type>FIXED</type></wpt>
<wpt lat="-21.207239" lon="-47.756531"><name>Radar</name><desc>Fonte: DER-SP</desc><type>FIXED</type></wpt>
<wpt lat="-21.207132" lon="-47.661578"><name>Radar</name><desc>Fonte: DER-SP</desc><type>FIXED</type></wpt>
<wpt lat="-21.206868" lon="-50.479058"><name>Radar 80 km/h</name><desc>Fonte: OSM</desc><type>FIXED</type></wpt>
<wpt lat="-21.206783" lon="-50.479067"><name>Radar</name><desc>Fonte: DER-SP</desc><type>FIXED</type></wpt>
<wpt lat="-21.206014" lon="-47.758596"><name>Radar 60 km/h</name><desc>Fonte: OSM</desc><type>FIXED</type></wpt>
<wpt lat="-21.205970" lon="-47.758620"><name>Radar</name><desc>Fonte: DER-SP</desc><type>FIXED</type></wpt>
<wpt lat="-21.205853" lon="-47.894635"><name>Radar</name><desc>Fonte: DER-SP</desc><type>FIXED</type></wpt>
<wpt lat="-21.205413" lon="-48.184093"><name>Radar 110 km/h</name><desc>Fonte: OSM</desc><type>FIXED</type></wpt>
<wpt lat="-21.205306" lon="-48.184064"><name>Radar</name><desc>Fonte: DER-SP</desc><type>FIXED</type></wpt>
<wpt lat="-21.204529" lon="-47.760905"><name>Radar</name><desc>Fonte: DER-SP</desc><type>FIXED</type></wpt>
<wpt lat="-21.204500" lon="-47.761900"><name>Radar</name><desc>Fonte: DER-SP</desc><type>FIXED</type></wpt>
<wpt lat="-21.204477" lon="-47.760897"><name>Radar 70 km/h</name><desc>Fonte: OSM</desc><type>FIXED</type></wpt>
<wpt lat="-21.203457" lon="-47.758112"><name>Radar 90 km/h</name><desc>Fonte: OSM</desc><type>FIXED</type></wpt>
<wpt lat="-21.203250" lon="-47.758083"><name>Radar</name><desc>Fonte: DER-SP</desc><type>FIXED</type></wpt>
<wpt lat="-21.202553" lon="-48.937964"><name>Radar</name><desc>Fonte: DER-SP</desc><type>FIXED</type></wpt>
<wpt lat="-21.202537" lon="-48.938080"><name>Radar 110 km/h</name><desc>Fonte: OSM</desc><type>FIXED</type></wpt>
<wpt lat="-21.201883" lon="-47.764350"><name>Radar 70 km/h</name><desc>Fonte: OSM</desc><type>FIXED</type></wpt>
<wpt lat="-21.199420" lon="-47.873410"><name>Radar</name><desc>Fonte: DER-SP</desc><type>FIXED</type></wpt>
<wpt lat="-21.199358" lon="-47.873654"><name>Radar 90 km/h</name><desc>Fonte: OSM</desc><type>FIXED</type></wpt>
<wpt lat="-21.199272" lon="-47.873798"><name>Radar</name><desc>Fonte: DER-SP</desc><type>FIXED</type></wpt>
<wpt lat="-21.193455" lon="-47.776419"><name>Radar</name><desc>Fonte: DER-SP</desc><type>FIXED</type></wpt>
<wpt lat="-21.193363" lon="-47.776416"><name>Radar</name><desc>Fonte: DER-SP</desc><type>FIXED</type></wpt>
<wpt lat="-21.193334" lon="-47.776233"><name>Radar</name><desc>Fonte: DER-SP</desc><type>FIXED</type></wpt>
<wpt lat="-21.193250" lon="-47.776185"><name>Radar</name><desc>Fonte: DER-SP</desc><type>FIXED</type></wpt>
<wpt lat="-21.192266" lon="-47.885394"><name>Radar 110 km/h</name><desc>Fonte: OSM</desc><type>FIXED</type></wpt>
<wpt lat="-21.191701" lon="-50.469651"><name>Radar</name><desc>Fonte: DER-SP</desc><type>FIXED</type></wpt>
<wpt lat="-21.191655" lon="-47.885757"><name>Radar</name><desc>Fonte: DER-SP</desc><type>FIXED</type></wpt>
<wpt lat="-21.191290" lon="-47.886070"><name>Radar</name><desc>Fonte: DER-SP</desc><type>FIXED</type></wpt>
<wpt lat="-21.189132" lon="-47.865022"><name>Radar</name><desc>Fonte: DER-SP</desc><type>FIXED</type></wpt>
<wpt lat="-21.182789" lon="-47.757041"><name>Radar</name><desc>Fonte: DER-SP</desc><type>FIXED</type></wpt>
<wpt lat="-21.182762" lon="-47.757023"><name>Radar 90 km/h</name><desc>Fonte: OSM</desc><type>FIXED</type></wpt>
<wpt lat="-21.182705" lon="-47.756978"><name>Radar</name><desc>Fonte: DER-SP</desc><type>FIXED</type></wpt>
<wpt lat="-21.179863" lon="-47.756864"><name>Radar</name><desc>Fonte: OSM</desc><type>FIXED</type></wpt>
<wpt lat="-21.179816" lon="-47.757021"><name>Radar</name><desc>Fonte: OSM</desc><type>FIXED</type></wpt>
<wpt lat="-21.179123" lon="-48.129132"><name>Radar 110 km/h</name><desc>Fonte: OSM</desc><type>FIXED</type></wpt>
<wpt lat="-21.178190" lon="-47.841720"><name>Radar</name><desc>Fonte: DER-SP</desc><type>FIXED</type></wpt>
<wpt lat="-21.178073" lon="-47.841888"><name>Radar</name><desc>Fonte: DER-SP</desc><type>FIXED</type></wpt>
<wpt lat="-21.178048" lon="-47.841844"><name>Radar</name><desc>Fonte: OSM</desc><type>FIXED</type></wpt>
<wpt lat="-21.178033" lon="-48.127750"><name>Radar</name><desc>Fonte: DER-SP</desc><type>FIXED</type></wpt>
<wpt lat="-21.173725" lon="-48.117569"><name>Radar</name><desc>Fonte: DER-SP</desc><type>FIXED</type></wpt>
<wpt lat="-21.172750" lon="-47.860269"><name>Radar 100 km/h</name><desc>Fonte: OSM</desc><type>FIXED</type></wpt>
<wpt lat="-21.172730" lon="-47.860147"><name>Radar</name><desc>Fonte: OSM</desc><type>FIXED</type></wpt>
<wpt lat="-21.172724" lon="-47.860526"><name>Radar</name><desc>Fonte: DER-SP</desc><type>FIXED</type></wpt>
<wpt lat="-21.171778" lon="-50.465725"><name>Radar</name><desc>Fonte: DER-SP</desc><type>FIXED</type></wpt>
<wpt lat="-21.171028" lon="-48.045644"><name>Radar</name><desc>Fonte: DER-SP</desc><type>FIXED</type></wpt>
<wpt lat="-21.168825" lon="-48.376103"><name>Radar</name><desc>Fonte: DER-SP</desc><type>FIXED</type></wpt>
<wpt lat="-21.167647" lon="-48.017524"><name>Radar</name><desc>Fonte: DER-SP</desc><type>FIXED</type></wpt>
<wpt lat="-21.167641" lon="-47.914241"><name>Radar</name><desc>Fonte: DER-SP</desc><type>FIXED</type></wpt>
<wpt lat="-21.167293" lon="-47.914578"><name>Radar</name><desc>Fonte: DER-SP</desc><type>FIXED</type></wpt>
<wpt lat="-21.166809" lon="-47.914357"><name>Radar</name><desc>Fonte: DER-SP</desc><type>FIXED</type></wpt>
<wpt lat="-21.165372" lon="-48.000518"><name>Radar 110 km/h</name><desc>Fonte: OSM</desc><type>FIXED</type></wpt>
<wpt lat="-21.164925" lon="-47.996812"><name>Radar 110 km/h</name><desc>Fonte: OSM</desc><type>FIXED</type></wpt>
<wpt lat="-21.164184" lon="-47.991409"><name>Radar</name><desc>Fonte: DER-SP</desc><type>FIXED</type></wpt>
<wpt lat="-21.163675" lon="-47.755114"><name>Radar</name><desc>Fonte: DER-SP</desc><type>FIXED</type></wpt>
<wpt lat="-21.162880" lon="-47.947290"><name>Radar</name><desc>Fonte: DER-SP</desc><type>FIXED</type></wpt>
<wpt lat="-21.162785" lon="-47.946146"><name>Radar 110 km/h</name><desc>Fonte: OSM</desc><type>FIXED</type></wpt>
<wpt lat="-21.162277" lon="-47.972745"><name>Radar</name><desc>Fonte: DER-SP</desc><type>FIXED</type></wpt>
<wpt lat="-21.162154" lon="-47.972678"><name>Radar</name><desc>Fonte: DER-SP</desc><type>FIXED</type></wpt>
<wpt lat="-21.161385" lon="-47.954605"><name>Radar 110 km/h</name><desc>Fonte: OSM</desc><type>FIXED</type></wpt>
<wpt lat="-21.161283" lon="-47.955210"><name>Radar</name><desc>Fonte: DER-SP</desc><type>FIXED</type></wpt>
<wpt lat="-21.159268" lon="-47.756406"><name>Radar 90 km/h</name><desc>Fonte: OSM</desc><type>FIXED</type></wpt>
<wpt lat="-21.159268" lon="-47.756259"><name>Radar 90 km/h</name><desc>Fonte: OSM</desc><type>FIXED</type></wpt>
<wpt lat="-21.153038" lon="-47.991672"><name>Radar</name><desc>Fonte: DER-SP</desc><type>FIXED</type></wpt>
<wpt lat="-21.152478" lon="-47.991820"><name>Radar 70 km/h</name><desc>Fonte: OSM</desc><type>FIXED</type></wpt>
<wpt lat="-21.150869" lon="-48.998485"><name>Radar</name><desc>Fonte: OSM</desc><type>FIXED</type></wpt>
<wpt lat="-21.150023" lon="-47.757980"><name>Radar</name><desc>Fonte: DER-SP</desc><type>FIXED</type></wpt>
<wpt lat="-21.149714" lon="-47.993597"><name>Radar 70 km/h</name><desc>Fonte: OSM</desc><type>FIXED</type></wpt>
<wpt lat="-21.149702" lon="-47.994001"><name>Radar</name><desc>Fonte: DER-SP</desc><type>FIXED</type></wpt>
<wpt lat="-21.149580" lon="-47.758040"><name>Radar</name><desc>Fonte: DER-SP</desc><type>FIXED</type></wpt>
<wpt lat="-21.143206" lon="-47.872467"><name>Radar</name><desc>Fonte: DER-SP</desc><type>FIXED</type></wpt>
<wpt lat="-21.143102" lon="-47.872325"><name>Radar</name><desc>Fonte: DER-SP</desc><type>FIXED</type></wpt>
<wpt lat="-21.137503" lon="-47.762747"><name>Radar</name><desc>Fonte: DER-SP</desc><type>FIXED</type></wpt>
<wpt lat="-21.137277" lon="-47.762961"><name>Radar</name><desc>Fonte: DER-SP</desc><type>FIXED</type></wpt>
<wpt lat="-21.131666" lon="-49.015870"><name>Radar 80 km/h</name><desc>Fonte: OSM</desc><type>FIXED</type></wpt>
<wpt lat="-21.126374" lon="-48.389966"><name>Radar</name><desc>Fonte: DER-SP</desc><type>FIXED</type></wpt>
<wpt lat="-21.124381" lon="-48.390363"><name>Radar</name><desc>Fonte: DER-SP</desc><type>FIXED</type></wpt>
<wpt lat="-21.123539" lon="-51.463289"><name>Radar</name><desc>Fonte: DER-SP</desc><type>FIXED</type></wpt>
<wpt lat="-21.121355" lon="-47.786074"><name>Radar</name><desc>Fonte: DER-SP</desc><type>FIXED</type></wpt>
<wpt lat="-21.121314" lon="-47.786490"><name>Radar</name><desc>Fonte: DER-SP</desc><type>FIXED</type></wpt>
<wpt lat="-21.120890" lon="-47.834070"><name>Radar</name><desc>Fonte: DER-SP</desc><type>FIXED</type></wpt>
<wpt lat="-21.120622" lon="-47.833890"><name>Radar</name><desc>Fonte: DER-SP</desc><type>FIXED</type></wpt>
<wpt lat="-21.118698" lon="-47.830526"><name>Radar</name><desc>Fonte: DER-SP</desc><type>FIXED</type></wpt>
<wpt lat="-21.118278" lon="-47.830047"><name>Radar</name><desc>Fonte: OSM</desc><type>FIXED</type></wpt>
<wpt lat="-21.117852" lon="-50.213021"><name>Radar 80 km/h</name><desc>Fonte: OSM</desc><type>FIXED</type></wpt>
<wpt lat="-21.117464" lon="-49.041272"><name>Radar</name><desc>Fonte: DER-SP</desc><type>FIXED</type></wpt>
<wpt lat="-21.106914" lon="-49.669081"><name>Radar</name><desc>Fonte: DER-SP</desc><type>FIXED</type></wpt>
<wpt lat="-21.106515" lon="-47.809387"><name>Radar</name><desc>Fonte: DER-SP</desc><type>FIXED</type></wpt>
<wpt lat="-21.106494" lon="-47.809625"><name>Radar</name><desc>Fonte: DER-SP</desc><type>FIXED</type></wpt>
<wpt lat="-21.106222" lon="-47.768817"><name>Radar</name><desc>Fonte: DER-SP</desc><type>FIXED</type></wpt>
<wpt lat="-21.106201" lon="-47.768894"><name>Radar</name><desc>Fonte: DER-SP</desc><type>FIXED</type></wpt>
<wpt lat="-21.105807" lon="-47.785297"><name>Radar 110 km/h</name><desc>Fonte: OSM</desc><type>FIXED</type></wpt>
<wpt lat="-21.105661" lon="-47.785617"><name>Radar</name><desc>Fonte: DER-SP</desc><type>FIXED</type></wpt>
<wpt lat="-21.105460" lon="-47.785240"><name>Radar</name><desc>Fonte: DER-SP</desc><type>FIXED</type></wpt>
<wpt lat="-21.104204" lon="-47.806087"><name>Radar</name><desc>Fonte: DER-SP</desc><type>FIXED</type></wpt>
<wpt lat="-21.103862" lon="-47.805427"><name>Radar</name><desc>Fonte: DER-SP</desc><type>FIXED</type></wpt>
<wpt lat="-21.103861" lon="-49.059515"><name>Radar</name><desc>Fonte: OSM</desc><type>FIXED</type></wpt>
<wpt lat="-21.103655" lon="-47.805058"><name>Radar</name><desc>Fonte: OSM</desc><type>FIXED</type></wpt>
<wpt lat="-21.101727" lon="-47.788225"><name>Radar</name><desc>Fonte: OSM</desc><type>FIXED</type></wpt>
<wpt lat="-21.101153" lon="-47.788557"><name>Radar</name><desc>Fonte: DER-SP</desc><type>FIXED</type></wpt>
<wpt lat="-21.101104" lon="-47.788428"><name>Radar</name><desc>Fonte: OSM</desc><type>FIXED</type></wpt>
<wpt lat="-21.101090" lon="-47.788530"><name>Radar</name><desc>Fonte: DER-SP</desc><type>FIXED</type></wpt>
<wpt lat="-21.096237" lon="-49.795246"><name>Radar</name><desc>Fonte: DER-SP</desc><type>FIXED</type></wpt>
<wpt lat="-21.095100" lon="-48.676300"><name>Radar</name><desc>Fonte: DER-SP</desc><type>FIXED</type></wpt>
<wpt lat="-21.094688" lon="-47.753226"><name>Radar</name><desc>Fonte: DER-SP</desc><type>FIXED</type></wpt>
<wpt lat="-21.094345" lon="-47.752351"><name>Radar</name><desc>Fonte: OSM</desc><type>FIXED</type></wpt>
<wpt lat="-21.093067" lon="-49.073028"><name>Radar</name><desc>Fonte: DER-SP</desc><type>FIXED</type></wpt>
<wpt lat="-21.092113" lon="-48.870247"><name>Radar 100 km/h</name><desc>Fonte: OSM</desc><type>FIXED</type></wpt>
<wpt lat="-21.092000" lon="-48.869400"><name>Radar</name><desc>Fonte: DER-SP</desc><type>FIXED</type></wpt>
<wpt lat="-21.082644" lon="-47.727660"><name>Radar</name><desc>Fonte: DER-SP</desc><type>FIXED</type></wpt>
<wpt lat="-21.082620" lon="-47.727650"><name>Radar</name><desc>Fonte: DER-SP</desc><type>FIXED</type></wpt>
<wpt lat="-21.082535" lon="-47.727467"><name>Radar</name><desc>Fonte: DER-SP</desc><type>FIXED</type></wpt>
<wpt lat="-21.082241" lon="-47.726660"><name>Radar</name><desc>Fonte: OSM</desc><type>FIXED</type></wpt>
<wpt lat="-21.072002" lon="-49.249940"><name>Radar</name><desc>Fonte: DER-SP</desc><type>FIXED</type></wpt>
<wpt lat="-21.071680" lon="-47.810310"><name>Radar</name><desc>Fonte: DER-SP</desc><type>FIXED</type></wpt>
<wpt lat="-21.071668" lon="-47.810513"><name>Radar</name><desc>Fonte: DER-SP</desc><type>FIXED</type></wpt>
<wpt lat="-21.071406" lon="-47.810621"><name>Radar 110 km/h</name><desc>Fonte: OSM</desc><type>FIXED</type></wpt>
<wpt lat="-21.068399" lon="-48.408482"><name>Radar</name><desc>Fonte: DER-SP</desc><type>FIXED</type></wpt>
<wpt lat="-21.068209" lon="-49.105084"><name>Radar</name><desc>Fonte: DER-SP</desc><type>FIXED</type></wpt>
<wpt lat="-21.068090" lon="-49.105490"><name>Radar</name><desc>Fonte: DER-SP</desc><type>FIXED</type></wpt>
<wpt lat="-21.065543" lon="-48.709268"><name>Radar</name><desc>Fonte: OSM</desc><type>FIXED</type></wpt>
<wpt lat="-21.065278" lon="-48.708723"><name>Radar</name><desc>Fonte: DER-SP</desc><type>FIXED</type></wpt>
<wpt lat="-21.065218" lon="-48.708106"><name>Radar 40 km/h</name><desc>Fonte: OSM</desc><type>FIXED</type></wpt>
<wpt lat="-21.055262" lon="-47.685503"><name>Radar</name><desc>Fonte: DER-SP</desc><type>FIXED</type></wpt>
<wpt lat="-21.055000" lon="-47.685000"><name>Radar</name><desc>Fonte: DER-SP</desc><type>FIXED</type></wpt>
<wpt lat="-21.054995" lon="-47.684899"><name>Radar</name><desc>Fonte: OSM</desc><type>FIXED</type></wpt>
<wpt lat="-21.050990" lon="-47.824740"><name>Radar</name><desc>Fonte: DER-SP</desc><type>FIXED</type></wpt>
<wpt lat="-21.050551" lon="-47.825178"><name>Radar</name><desc>Fonte: DER-SP</desc><type>FIXED</type></wpt>
<wpt lat="-21.050409" lon="-47.825139"><name>Radar 110 km/h</name><desc>Fonte: OSM</desc><type>FIXED</type></wpt>
<wpt lat="-21.041800" lon="-48.632400"><name>Radar</name><desc>Fonte: DER-SP</desc><type>FIXED</type></wpt>
<wpt lat="-21.041746" lon="-48.632326"><name>Radar 100 km/h</name><desc>Fonte: OSM</desc><type>FIXED</type></wpt>
<wpt lat="-21.041427" lon="-49.698256"><name>Radar</name><desc>Fonte: DER-SP</desc><type>FIXED</type></wpt>
<wpt lat="-21.041214" lon="-49.698099"><name>Radar 60 km/h</name><desc>Fonte: OSM</desc><type>FIXED</type></wpt>
<wpt lat="-21.039488" lon="-49.694615"><name>Radar 60 km/h</name><desc>Fonte: OSM</desc><type>FIXED</type></wpt>
<wpt lat="-21.039371" lon="-49.694464"><name>Radar</name><desc>Fonte: DER-SP</desc><type>FIXED</type></wpt>
<wpt lat="-21.029338" lon="-47.298837"><name>Radar</name><desc>Fonte: DER-SP</desc><type>FIXED</type></wpt>
<wpt lat="-21.028078" lon="-48.153195"><name>Radar 110 km/h</name><desc>Fonte: OSM</desc><type>FIXED</type></wpt>
<wpt lat="-21.025321" lon="-47.256739"><name>Radar</name><desc>Fonte: DER-SP</desc><type>FIXED</type></wpt>
<wpt lat="-21.018722" lon="-48.424553"><name>Radar</name><desc>Fonte: DER-SP</desc><type>FIXED</type></wpt>
<wpt lat="-21.013575" lon="-47.664353"><name>Radar</name><desc>Fonte: DER-SP</desc><type>FIXED</type></wpt>
<wpt lat="-21.012817" lon="-47.664026"><name>Radar</name><desc>Fonte: OSM</desc><type>FIXED</type></wpt>
<wpt lat="-21.009336" lon="-48.176583"><name>Radar</name><desc>Fonte: DER-SP</desc><type>FIXED</type></wpt>
<wpt lat="-21.009332" lon="-48.176900"><name>Radar</name><desc>Fonte: DER-SP</desc><type>FIXED</type></wpt>
<wpt lat="-20.997333" lon="-49.197397"><name>Radar</name><desc>Fonte: OSM</desc><type>FIXED</type></wpt>
<wpt lat="-20.995880" lon="-48.221847"><name>Radar</name><desc>Fonte: DER-SP</desc><type>FIXED</type></wpt>
<wpt lat="-20.995770" lon="-48.222180"><name>Radar</name><desc>Fonte: DER-SP</desc><type>FIXED</type></wpt>
<wpt lat="-20.992912" lon="-49.202725"><name>Radar 110 km/h</name><desc>Fonte: OSM</desc><type>FIXED</type></wpt>
<wpt lat="-20.992911" lon="-49.202714"><name>Radar</name><desc>Fonte: DER-SP</desc><type>FIXED</type></wpt>
<wpt lat="-20.991400" lon="-51.213400"><name>Radar</name><desc>Fonte: DER-SP</desc><type>FIXED</type></wpt>
<wpt lat="-20.955987" lon="-49.555233"><name>Radar 80 km/h</name><desc>Fonte: OSM</desc><type>FIXED</type></wpt>
<wpt lat="-20.944447" lon="-47.633985"><name>Radar</name><desc>Fonte: DER-SP</desc><type>FIXED</type></wpt>
<wpt lat="-20.944318" lon="-47.634299"><name>Radar</name><desc>Fonte: DER-SP</desc><type>FIXED</type></wpt>
<wpt lat="-20.943316" lon="-47.633378"><name>Radar</name><desc>Fonte: DER-SP</desc><type>FIXED</type></wpt>
<wpt lat="-20.942803" lon="-47.633701"><name>Radar</name><desc>Fonte: DER-SP</desc><type>FIXED</type></wpt>
<wpt lat="-20.938603" lon="-49.265560"><name>Radar</name><desc>Fonte: OSM</desc><type>FIXED</type></wpt>
<wpt lat="-20.920649" lon="-48.538729"><name>Radar</name><desc>Fonte: DER-SP</desc><type>FIXED</type></wpt>
<wpt lat="-20.918500" lon="-48.456800"><name>Radar</name><desc>Fonte: DER-SP</desc><type>FIXED</type></wpt>
<wpt lat="-20.914790" lon="-49.286568"><name>Radar 110 km/h</name><desc>Fonte: OSM</desc><type>FIXED</type></wpt>
<wpt lat="-20.914686" lon="-49.286622"><name>Radar</name><desc>Fonte: DER-SP</desc><type>FIXED</type></wpt>
<wpt lat="-20.910200" lon="-48.459900"><name>Radar</name><desc>Fonte: DER-SP</desc><type>FIXED</type></wpt>
<wpt lat="-20.909261" lon="-47.593168"><name>Radar</name><desc>Fonte: DER-SP</desc><type>FIXED</type></wpt>
<wpt lat="-20.897318" lon="-49.302089"><name>Radar</name><desc>Fonte: DER-SP</desc><type>FIXED</type></wpt>
<wpt lat="-20.897197" lon="-49.302517"><name>Radar</name><desc>Fonte: DER-SP</desc><type>FIXED</type></wpt>
<wpt lat="-20.896977" lon="-49.302444"><name>Radar 110 km/h</name><desc>Fonte: OSM</desc><type>FIXED</type></wpt>
<wpt lat="-20.896974" lon="-49.302766"><name>Radar 110 km/h</name><desc>Fonte: OSM</desc><type>FIXED</type></wpt>
<wpt lat="-20.894985" lon="-47.636872"><name>Radar</name><desc>Fonte: DER-SP</desc><type>FIXED</type></wpt>
<wpt lat="-20.890158" lon="-48.641350"><name>Radar</name><desc>Fonte: DER-SP</desc><type>FIXED</type></wpt>
<wpt lat="-20.884850" lon="-51.366550"><name>Radar</name><desc>Fonte: DER-SP</desc><type>FIXED</type></wpt>
<wpt lat="-20.884787" lon="-51.366458"><name>Radar 110 km/h</name><desc>Fonte: OSM</desc><type>FIXED</type></wpt>
<wpt lat="-20.883781" lon="-48.665605"><name>Radar</name><desc>Fonte: DER-SP</desc><type>FIXED</type></wpt>
<wpt lat="-20.858785" lon="-49.315292"><name>Radar 60 km/h</name><desc>Fonte: OSM</desc><type>FIXED</type></wpt>
<wpt lat="-20.852362" lon="-49.413327"><name>Radar 60 km/h</name><desc>Fonte: OSM</desc><type>FIXED</type></wpt>
<wpt lat="-20.851001" lon="-47.895337"><name>Radar</name><desc>Fonte: DER-SP</desc><type>FIXED</type></wpt>
<wpt lat="-20.850805" lon="-47.895737"><name>Radar</name><desc>Fonte: DER-SP</desc><type>FIXED</type></wpt>
<wpt lat="-20.849555" lon="-49.412371"><name>Radar 60 km/h</name><desc>Fonte: OSM</desc><type>FIXED</type></wpt>
<wpt lat="-20.847828" lon="-49.375337"><name>Radar 80 km/h</name><desc>Fonte: OSM</desc><type>FIXED</type></wpt>
<wpt lat="-20.846779" lon="-49.411732"><name>Radar 60 km/h</name><desc>Fonte: OSM</desc><type>FIXED</type></wpt>
<wpt lat="-20.844489" lon="-49.397582"><name>Radar 60 km/h</name><desc>Fonte: OSM</desc><type>FIXED</type></wpt>
<wpt lat="-20.844474" lon="-49.387063"><name>Radar 60 km/h</name><desc>Fonte: OSM</desc><type>FIXED</type></wpt>
<wpt lat="-20.844058" lon="-49.396820"><name>Radar 60 km/h</name><desc>Fonte: OSM</desc><type>FIXED</type></wpt>
<wpt lat="-20.844006" lon="-49.386271"><name>Radar 60 km/h</name><desc>Fonte: OSM</desc><type>FIXED</type></wpt>
<wpt lat="-20.843779" lon="-49.412282"><name>Radar 60 km/h</name><desc>Fonte: OSM</desc><type>FIXED</type></wpt>
<wpt lat="-20.843312" lon="-49.409502"><name>Radar 60 km/h</name><desc>Fonte: OSM</desc><type>FIXED</type></wpt>
<wpt lat="-20.843269" lon="-49.407759"><name>Radar 60 km/h</name><desc>Fonte: OSM</desc><type>FIXED</type></wpt>
<wpt lat="-20.843230" lon="-49.350379"><name>Radar 90 km/h</name><desc>Fonte: OSM</desc><type>FIXED</type></wpt>
<wpt lat="-20.843086" lon="-49.410953"><name>Radar</name><desc>Fonte: OSM</desc><type>FIXED</type></wpt>
<wpt lat="-20.843019" lon="-49.350519"><name>Radar</name><desc>Fonte: DER-SP</desc><type>FIXED</type></wpt>
<wpt lat="-20.836796" lon="-49.371105"><name>Radar 60 km/h</name><desc>Fonte: OSM</desc><type>FIXED</type></wpt>
<wpt lat="-20.833000" lon="-49.406228"><name>Radar 40 km/h</name><desc>Fonte: OSM</desc><type>FIXED</type></wpt>
<wpt lat="-20.828856" lon="-49.351299"><name>Radar 50 km/h</name><desc>Fonte: OSM</desc><type>FIXED</type></wpt>
<wpt lat="-20.828293" lon="-49.396357"><name>Radar 40 km/h</name><desc>Fonte: OSM</desc><type>FIXED</type></wpt>
<wpt lat="-20.827930" lon="-49.396229"><name>Radar 40 km/h</name><desc>Fonte: OSM</desc><type>FIXED</type></wpt>
<wpt lat="-20.827390" lon="-49.351344"><name>Radar 50 km/h</name><desc>Fonte: OSM</desc><type>FIXED</type></wpt>
<wpt lat="-20.826568" lon="-49.365871"><name>Radar</name><desc>Fonte: DER-SP</desc><type>FIXED</type></wpt>
<wpt lat="-20.825942" lon="-49.373645"><name>Radar 50 km/h</name><desc>Fonte: OSM</desc><type>FIXED</type></wpt>
<wpt lat="-20.825613" lon="-49.347241"><name>Radar 40 km/h</name><desc>Fonte: OSM</desc><type>FIXED</type></wpt>
<wpt lat="-20.824989" lon="-49.348639"><name>Radar 40 km/h</name><desc>Fonte: OSM</desc><type>FIXED</type></wpt>
<wpt lat="-20.824975" lon="-49.401595"><name>Radar 50 km/h</name><desc>Fonte: OSM</desc><type>FIXED</type></wpt>
<wpt lat="-20.824238" lon="-49.385550"><name>Radar 60 km/h</name><desc>Fonte: OSM</desc><type>FIXED</type></wpt>
<wpt lat="-20.823959" lon="-49.385729"><name>Radar 60 km/h</name><desc>Fonte: OSM</desc><type>FIXED</type></wpt>
<wpt lat="-20.823838" lon="-49.389889"><name>Radar 60 km/h</name><desc>Fonte: OSM</desc><type>FIXED</type></wpt>
<wpt lat="-20.823526" lon="-49.376116"><name>Radar</name><desc>Fonte: DER-SP</desc><type>FIXED</type></wpt>
<wpt lat="-20.823453" lon="-49.376123"><name>Radar 90 km/h</name><desc>Fonte: OSM</desc><type>FIXED</type></wpt>
<wpt lat="-20.823387" lon="-49.376060"><name>Radar</name><desc>Fonte: DER-SP</desc><type>FIXED</type></wpt>
<wpt lat="-20.823026" lon="-49.396451"><name>Radar 60 km/h</name><desc>Fonte: OSM</desc><type>FIXED</type></wpt>
<wpt lat="-20.822893" lon="-49.384900"><name>Radar 60 km/h</name><desc>Fonte: OSM</desc><type>FIXED</type></wpt>
<wpt lat="-20.822253" lon="-49.384321"><name>Radar 60 km/h</name><desc>Fonte: OSM</desc><type>FIXED</type></wpt>
<wpt lat="-20.821812" lon="-49.377941"><name>Radar 50 km/h</name><desc>Fonte: OSM</desc><type>FIXED</type></wpt>
<wpt lat="-20.820803" lon="-49.429650"><name>Radar 90 km/h</name><desc>Fonte: OSM</desc><type>FIXED</type></wpt>
<wpt lat="-20.820604" lon="-49.345356"><name>Radar 60 km/h</name><desc>Fonte: OSM</desc><type>FIXED</type></wpt>
<wpt lat="-20.819744" lon="-49.414929"><name>Radar 60 km/h</name><desc>Fonte: OSM</desc><type>FIXED</type></wpt>
<wpt lat="-20.819666" lon="-49.397760"><name>Radar 60 km/h</name><desc>Fonte: OSM</desc><type>FIXED</type></wpt>
<wpt lat="-20.818535" lon="-49.346431"><name>Radar 60 km/h</name><desc>Fonte: OSM</desc><type>FIXED</type></wpt>
<wpt lat="-20.818181" lon="-49.381934"><name>Radar</name><desc>Fonte: OSM</desc><type>FIXED</type></wpt>
<wpt lat="-20.815804" lon="-49.449619"><name>Radar 90 km/h</name><desc>Fonte: OSM</desc><type>FIXED</type></wpt>
<wpt lat="-20.815758" lon="-49.449703"><name>Radar</name><desc>Fonte: DER-SP</desc><type>FIXED</type></wpt>
<wpt lat="-20.814824" lon="-49.374237"><name>Radar 40 km/h</name><desc>Fonte: OSM</desc><type>FIXED</type></wpt>
<wpt lat="-20.814799" lon="-49.377040"><name>Radar 40 km/h</name><desc>Fonte: OSM</desc><type>FIXED</type></wpt>
<wpt lat="-20.812907" lon="-49.376545"><name>Radar</name><desc>Fonte: OSM</desc><type>FIXED</type></wpt>
<wpt lat="-20.812686" lon="-49.356714"><name>Radar 80 km/h</name><desc>Fonte: OSM</desc><type>FIXED</type></wpt>
<wpt lat="-20.812628" lon="-49.433877"><name>Radar 60 km/h</name><desc>Fonte: OSM</desc><type>FIXED</type></wpt>
<wpt lat="-20.812532" lon="-49.367589"><name>Radar 40 km/h</name><desc>Fonte: OSM</desc><type>FIXED</type></wpt>
<wpt lat="-20.812398" lon="-49.356655"><name>Radar 80 km/h</name><desc>Fonte: ANTT</desc><type>FIXED</type></wpt>
<wpt lat="-20.811984" lon="-49.340446"><name>Radar 60 km/h</name><desc>Fonte: OSM</desc><type>FIXED</type></wpt>
<wpt lat="-20.811678" lon="-49.404575"><name>Radar 40 km/h</name><desc>Fonte: OSM</desc><type>FIXED</type></wpt>
<wpt lat="-20.811181" lon="-49.387794"><name>Radar 40 km/h</name><desc>Fonte: OSM</desc><type>FIXED</type></wpt>
<wpt lat="-20.811005" lon="-49.393785"><name>Radar 50 km/h</name><desc>Fonte: OSM</desc><type>FIXED</type></wpt>
<wpt lat="-20.810433" lon="-49.379767"><name>Radar 20 km/h</name><desc>Fonte: OSM</desc><type>FIXED</type></wpt>
<wpt lat="-20.810211" lon="-49.431644"><name>Radar 60 km/h</name><desc>Fonte: OSM</desc><type>FIXED</type></wpt>
<wpt lat="-20.808980" lon="-49.374730"><name>Radar 40 km/h</name><desc>Fonte: OSM</desc><type>FIXED</type></wpt>
<wpt lat="-20.808330" lon="-49.346840"><name>Radar 50 km/h</name><desc>Fonte: OSM</desc><type>FIXED</type></wpt>
<wpt lat="-20.808328" lon="-49.346130"><name>Radar 50 km/h</name><desc>Fonte: OSM</desc><type>FIXED</type></wpt>
<wpt lat="-20.807817" lon="-49.506568"><name>Radar</name><desc>Fonte: DER-SP</desc><type>FIXED</type></wpt>
<wpt lat="-20.806806" lon="-49.365741"><name>Radar</name><desc>Fonte: OSM</desc><type>FIXED</type></wpt>
<wpt lat="-20.806020" lon="-49.375122"><name>Radar 50 km/h</name><desc>Fonte: OSM</desc><type>FIXED</type></wpt>
<wpt lat="-20.805885" lon="-48.800892"><name>Radar 60 km/h</name><desc>Fonte: OSM</desc><type>FIXED</type></wpt>
<wpt lat="-20.805883" lon="-48.800770"><name>Radar</name><desc>Fonte: DER-SP</desc><type>FIXED</type></wpt>
<wpt lat="-20.805876" lon="-48.800953"><name>Radar</name><desc>Fonte: DER-SP</desc><type>FIXED</type></wpt>
<wpt lat="-20.805839" lon="-48.800792"><name>Radar 60 km/h</name><desc>Fonte: OSM</desc><type>FIXED</type></wpt>
<wpt lat="-20.805387" lon="-49.343782"><name>Radar 60 km/h</name><desc>Fonte: OSM</desc><type>FIXED</type></wpt>
<wpt lat="-20.804899" lon="-49.403917"><name>Radar 50 km/h</name><desc>Fonte: OSM</desc><type>FIXED</type></wpt>
<wpt lat="-20.804268" lon="-49.376520"><name>Radar 40 km/h</name><desc>Fonte: OSM</desc><type>FIXED</type></wpt>
<wpt lat="-20.803700" lon="-51.555300"><name>Radar</name><desc>Fonte: DER-SP</desc><type>FIXED</type></wpt>
<wpt lat="-20.802763" lon="-49.546792"><name>Radar</name><desc>Fonte: DER-SP</desc><type>FIXED</type></wpt>
<wpt lat="-20.802658" lon="-49.546697"><name>Radar 80 km/h</name><desc>Fonte: OSM</desc><type>FIXED</type></wpt>
<wpt lat="-20.802649" lon="-49.546726"><name>Radar 80 km/h</name><desc>Fonte: OSM</desc><type>FIXED</type></wpt>
<wpt lat="-20.802620" lon="-49.429596"><name>Radar 60 km/h</name><desc>Fonte: OSM</desc><type>FIXED</type></wpt>
<wpt lat="-20.802255" lon="-49.372448"><name>Radar 50 km/h</name><desc>Fonte: OSM</desc><type>FIXED</type></wpt>
<wpt lat="-20.801987" lon="-49.350339"><name>Radar 80 km/h</name><desc>Fonte: OSM</desc><type>FIXED</type></wpt>
<wpt lat="-20.801833" lon="-49.349801"><name>Radar</name><desc>Fonte: DER-SP</desc><type>FIXED</type></wpt>
<wpt lat="-20.801757" lon="-49.349812"><name>Radar 80 km/h</name><desc>Fonte: OSM</desc><type>FIXED</type></wpt>
<wpt lat="-20.799799" lon="-49.409467"><name>Radar 50 km/h</name><desc>Fonte: OSM</desc><type>FIXED</type></wpt>
<wpt lat="-20.799712" lon="-49.377816"><name>Radar 60 km/h</name><desc>Fonte: OSM</desc><type>FIXED</type></wpt>
<wpt lat="-20.798499" lon="-49.394269"><name>Radar 50 km/h</name><desc>Fonte: OSM</desc><type>FIXED</type></wpt>
<wpt lat="-20.797253" lon="-49.355186"><name>Radar 80 km/h</name><desc>Fonte: ANTT</desc><type>FIXED</type></wpt>
<wpt lat="-20.793381" lon="-51.570417"><name>Radar 110 km/h</name><desc>Fonte: OSM</desc><type>FIXED</type></wpt>
<wpt lat="-20.793252" lon="-51.570284"><name>Radar 110 km/h</name><desc>Fonte: OSM</desc><type>FIXED</type></wpt>
<wpt lat="-20.791838" lon="-49.351005"><name>Radar 40 km/h</name><desc>Fonte: OSM</desc><type>FIXED</type></wpt>
<wpt lat="-20.791074" lon="-49.376182"><name>Radar 60 km/h</name><desc>Fonte: OSM</desc><type>FIXED</type></wpt>
<wpt lat="-20.787884" lon="-49.387525"><name>Radar 60 km/h</name><desc>Fonte: OSM</desc><type>FIXED</type></wpt>
<wpt lat="-20.786786" lon="-49.390593"><name>Radar 40 km/h</name><desc>Fonte: OSM</desc><type>FIXED</type></wpt>
<wpt lat="-20.785959" lon="-49.385259"><name>Radar 60 km/h</name><desc>Fonte: OSM</desc><type>FIXED</type></wpt>
<wpt lat="-20.783151" lon="-49.368584"><name>Radar 40 km/h</name><desc>Fonte: OSM</desc><type>FIXED</type></wpt>
<wpt lat="-20.782097" lon="-49.343177"><name>Radar 40 km/h</name><desc>Fonte: OSM</desc><type>FIXED</type></wpt>
<wpt lat="-20.781759" lon="-49.342765"><name>Radar 40 km/h</name><desc>Fonte: OSM</desc><type>FIXED</type></wpt>
<wpt lat="-20.778663" lon="-49.402911"><name>Radar 40 km/h</name><desc>Fonte: OSM</desc><type>FIXED</type></wpt>
<wpt lat="-20.778151" lon="-49.344375"><name>Radar 60 km/h</name><desc>Fonte: OSM</desc><type>FIXED</type></wpt>
<wpt lat="-20.777449" lon="-49.345647"><name>Radar 50 km/h</name><desc>Fonte: OSM</desc><type>FIXED</type></wpt>
<wpt lat="-20.776836" lon="-49.724224"><name>Radar</name><desc>Fonte: DER-SP</desc><type>FIXED</type></wpt>
<wpt lat="-20.776812" lon="-49.399341"><name>Radar 60 km/h</name><desc>Fonte: OSM</desc><type>FIXED</type></wpt>
<wpt lat="-20.776466" lon="-49.399568"><name>Radar 60 km/h</name><desc>Fonte: OSM</desc><type>FIXED</type></wpt>
<wpt lat="-20.775301" lon="-49.411743"><name>Radar 40 km/h</name><desc>Fonte: OSM</desc><type>FIXED</type></wpt>
<wpt lat="-20.774931" lon="-49.397415"><name>Radar 60 km/h</name><desc>Fonte: OSM</desc><type>FIXED</type></wpt>
<wpt lat="-20.774764" lon="-49.385413"><name>Radar 50 km/h</name><desc>Fonte: OSM</desc><type>FIXED</type></wpt>
<wpt lat="-20.773300" lon="-49.350927"><name>Radar 50 km/h</name><desc>Fonte: OSM</desc><type>FIXED</type></wpt>
<wpt lat="-20.771431" lon="-49.352072"><name>Radar 40 km/h</name><desc>Fonte: OSM</desc><type>FIXED</type></wpt>
<wpt lat="-20.770482" lon="-49.215190"><name>Radar</name><desc>Fonte: DER-SP</desc><type>FIXED</type></wpt>
<wpt lat="-20.770363" lon="-49.360120"><name>Radar 60 km/h</name><desc>Fonte: OSM</desc><type>FIXED</type></wpt>
<wpt lat="-20.769940" lon="-49.359811"><name>Radar 60 km/h</name><desc>Fonte: OSM</desc><type>FIXED</type></wpt>
<wpt lat="-20.768609" lon="-49.330635"><name>Radar 40 km/h</name><desc>Fonte: OSM</desc><type>FIXED</type></wpt>
<wpt lat="-20.768134" lon="-49.355072"><name>Radar 60 km/h</name><desc>Fonte: OSM</desc><type>FIXED</type></wpt>
<wpt lat="-20.764327" lon="-49.378475"><name>Radar</name><desc>Fonte: OSM</desc><type>FIXED</type></wpt>
<wpt lat="-20.763888" lon="-49.362339"><name>Radar 40 km/h</name><desc>Fonte: OSM</desc><type>FIXED</type></wpt>
<wpt lat="-20.763862" lon="-49.362953"><name>Radar 40 km/h</name><desc>Fonte: OSM</desc><type>FIXED</type></wpt>
<wpt lat="-20.763180" lon="-49.377055"><name>Radar</name><desc>Fonte: OSM</desc><type>FIXED</type></wpt>
<wpt lat="-20.762547" lon="-47.820592"><name>Radar</name><desc>Fonte: DER-SP</desc><type>FIXED</type></wpt>
<wpt lat="-20.761775" lon="-49.694992"><name>Radar</name><desc>Fonte: DER-SP</desc><type>FIXED</type></wpt>
<wpt lat="-20.761738" lon="-49.694662"><name>Radar 80 km/h</name><desc>Fonte: OSM</desc><type>FIXED</type></wpt>
<wpt lat="-20.761687" lon="-49.694819"><name>Radar 80 km/h</name><desc>Fonte: OSM</desc><type>FIXED</type></wpt>
<wpt lat="-20.753993" lon="-47.892802"><name>Radar</name><desc>Fonte: DER-SP</desc><type>FIXED</type></wpt>
<wpt lat="-20.753230" lon="-47.892680"><name>Radar</name><desc>Fonte: DER-SP</desc><type>FIXED</type></wpt>
<wpt lat="-20.751353" lon="-49.138683"><name>Radar</name><desc>Fonte: DER-SP</desc><type>FIXED</type></wpt>
<wpt lat="-20.742390" lon="-47.743241"><name>Radar 40 km/h</name><desc>Fonte: OSM</desc><type>FIXED</type></wpt>
<wpt lat="-20.741496" lon="-49.098912"><name>Radar</name><desc>Fonte: DER-SP</desc><type>FIXED</type></wpt>
<wpt lat="-20.739202" lon="-49.572439"><name>Radar</name><desc>Fonte: DER-SP</desc><type>FIXED</type></wpt>
<wpt lat="-20.736728" lon="-49.698997"><name>Radar</name><desc>Fonte: DER-SP</desc><type>FIXED</type></wpt>
<wpt lat="-20.734997" lon="-47.894016"><name>Radar</name><desc>Fonte: DER-SP</desc><type>FIXED</type></wpt>
<wpt lat="-20.732962" lon="-48.648525"><name>Radar</name><desc>Fonte: DER-SP</desc><type>FIXED</type></wpt>
<wpt lat="-20.725459" lon="-48.027524"><name>Radar</name><desc>Fonte: DER-SP</desc><type>FIXED</type></wpt>
<wpt lat="-20.723701" lon="-49.026352"><name>Radar</name><desc>Fonte: DER-SP</desc><type>FIXED</type></wpt>
<wpt lat="-20.722583" lon="-47.893436"><name>Radar</name><desc>Fonte: DER-SP</desc><type>FIXED</type></wpt>
<wpt lat="-20.715961" lon="-48.997333"><name>Radar</name><desc>Fonte: DER-SP</desc><type>FIXED</type></wpt>
<wpt lat="-20.715581" lon="-48.054936"><name>Radar</name><desc>Fonte: DER-SP</desc><type>FIXED</type></wpt>
<wpt lat="-20.714276" lon="-47.506089"><name>Radar</name><desc>Fonte: DER-SP</desc><type>FIXED</type></wpt>
<wpt lat="-20.714195" lon="-47.506272"><name>Radar</name><desc>Fonte: DER-SP</desc><type>FIXED</type></wpt>
<wpt lat="-20.714001" lon="-47.506264"><name>Radar</name><desc>Fonte: DER-SP</desc><type>FIXED</type></wpt>
<wpt lat="-20.704794" lon="-48.518253"><name>Radar</name><desc>Fonte: DER-SP</desc><type>FIXED</type></wpt>
<wpt lat="-20.701674" lon="-48.941410"><name>Radar</name><desc>Fonte: DER-SP</desc><type>FIXED</type></wpt>
<wpt lat="-20.697900" lon="-47.891670"><name>Radar</name><desc>Fonte: DER-SP</desc><type>FIXED</type></wpt>
<wpt lat="-20.695699" lon="-50.047754"><name>Radar</name><desc>Fonte: DER-SP</desc><type>FIXED</type></wpt>
<wpt lat="-20.693821" lon="-47.889758"><name>Radar</name><desc>Fonte: DER-SP</desc><type>FIXED</type></wpt>
<wpt lat="-20.690179" lon="-48.536219"><name>Radar 40 km/h</name><desc>Fonte: OSM</desc><type>FIXED</type></wpt>
<wpt lat="-20.688645" lon="-48.536622"><name>Radar</name><desc>Fonte: DER-SP</desc><type>FIXED</type></wpt>
<wpt lat="-20.687583" lon="-48.537397"><name>Radar 40 km/h</name><desc>Fonte: OSM</desc><type>FIXED</type></wpt>
<wpt lat="-20.681870" lon="-50.548494"><name>Radar</name><desc>Fonte: DER-SP</desc><type>FIXED</type></wpt>
<wpt lat="-20.649192" lon="-51.444954"><name>Radar</name><desc>Fonte: DER-SP</desc><type>FIXED</type></wpt>
<wpt lat="-20.631270" lon="-49.657249"><name>Radar</name><desc>Fonte: DER-SP</desc><type>FIXED</type></wpt>
<wpt lat="-20.630221" lon="-48.800095"><name>Radar</name><desc>Fonte: DER-SP</desc><type>FIXED</type></wpt>
<wpt lat="-20.621175" lon="-47.177370"><name>Radar</name><desc>Fonte: DER-SP</desc><type>FIXED</type></wpt>
<wpt lat="-20.620335" lon="-47.280532"><name>Radar</name><desc>Fonte: DER-SP</desc><type>FIXED</type></wpt>
<wpt lat="-20.620308" lon="-47.281306"><name>Radar 100 km/h</name><desc>Fonte: OSM</desc><type>FIXED</type></wpt>
<wpt lat="-20.620219" lon="-47.280771"><name>Radar</name><desc>Fonte: DER-SP</desc><type>FIXED</type></wpt>
<wpt lat="-20.616365" lon="-49.668198"><name>Radar</name><desc>Fonte: DER-SP</desc><type>FIXED</type></wpt>
<wpt lat="-20.615734" lon="-48.760020"><name>Radar</name><desc>Fonte: DER-SP</desc><type>FIXED</type></wpt>
<wpt lat="-20.614543" lon="-49.669098"><name>Radar</name><desc>Fonte: DER-SP</desc><type>FIXED</type></wpt>
<wpt lat="-20.600900" lon="-47.883230"><name>Radar</name><desc>Fonte: DER-SP</desc><type>FIXED</type></wpt>
<wpt lat="-20.600720" lon="-47.883269"><name>Radar 110 km/h</name><desc>Fonte: OSM</desc><type>FIXED</type></wpt>
<wpt lat="-20.600643" lon="-47.883253"><name>Radar</name><desc>Fonte: DER-SP</desc><type>FIXED</type></wpt>
<wpt lat="-20.583997" lon="-48.962612"><name>Radar</name><desc>Fonte: DER-SP</desc><type>FIXED</type></wpt>
<wpt lat="-20.579834" lon="-47.427574"><name>Radar 110 km/h</name><desc>Fonte: OSM</desc><type>FIXED</type></wpt>
<wpt lat="-20.579755" lon="-47.427671"><name>Radar 110 km/h</name><desc>Fonte: OSM</desc><type>FIXED</type></wpt>
<wpt lat="-20.577700" lon="-51.131599"><name>Radar</name><desc>Fonte: DER-SP</desc><type>FIXED</type></wpt>
<wpt lat="-20.572374" lon="-47.380113"><name>Radar</name><desc>Fonte: OSM</desc><type>FIXED</type></wpt>
<wpt lat="-20.572252" lon="-47.381024"><name>Radar</name><desc>Fonte: DER-SP</desc><type>FIXED</type></wpt>
<wpt lat="-20.572241" lon="-47.380939"><name>Radar</name><desc>Fonte: DER-SP</desc><type>FIXED</type></wpt>
<wpt lat="-20.568683" lon="-47.403091"><name>Radar</name><desc>Fonte: OSM</desc><type>FIXED</type></wpt>
<wpt lat="-20.568589" lon="-47.403659"><name>Radar</name><desc>Fonte: DER-SP</desc><type>FIXED</type></wpt>
<wpt lat="-20.568486" lon="-47.404080"><name>Radar</name><desc>Fonte: DER-SP</desc><type>FIXED</type></wpt>
<wpt lat="-20.563870" lon="-47.418366"><name>Radar</name><desc>Fonte: OSM</desc><type>FIXED</type></wpt>
<wpt lat="-20.561670" lon="-47.615390"><name>Radar</name><desc>Fonte: DER-SP</desc><type>FIXED</type></wpt>
<wpt lat="-20.557530" lon="-47.863517"><name>Radar</name><desc>Fonte: DER-SP</desc><type>FIXED</type></wpt>
<wpt lat="-20.557440" lon="-47.863510"><name>Radar</name><desc>Fonte: DER-SP</desc><type>FIXED</type></wpt>
<wpt lat="-20.553885" lon="-48.582129"><name>Radar 40 km/h</name><desc>Fonte: OSM</desc><type>FIXED</type></wpt>
<wpt lat="-20.553829" lon="-48.582217"><name>Radar 40 km/h</name><desc>Fonte: OSM</desc><type>FIXED</type></wpt>
<wpt lat="-20.548997" lon="-47.413947"><name>Radar</name><desc>Fonte: DER-SP</desc><type>FIXED</type></wpt>
<wpt lat="-20.548940" lon="-47.414008"><name>Radar</name><desc>Fonte: DER-SP</desc><type>FIXED</type></wpt>
<wpt lat="-20.548818" lon="-48.630174"><name>Radar</name><desc>Fonte: DER-SP</desc><type>FIXED</type></wpt>
<wpt lat="-20.545719" lon="-48.624752"><name>Radar</name><desc>Fonte: DER-SP</desc><type>FIXED</type></wpt>
<wpt lat="-20.542967" lon="-49.330419"><name>Radar 60 km/h</name><desc>Fonte: ANTT</desc><type>FIXED</type></wpt>
<wpt lat="-20.542762" lon="-49.330451"><name>Radar</name><desc>Fonte: OSM</desc><type>FIXED</type></wpt>
<wpt lat="-20.542604" lon="-49.330461"><name>Radar 60 km/h</name><desc>Fonte: OSM</desc><type>FIXED</type></wpt>
<wpt lat="-20.539969" lon="-47.421168"><name>Radar</name><desc>Fonte: DER-SP</desc><type>FIXED</type></wpt>
<wpt lat="-20.526207" lon="-47.841951"><name>Radar</name><desc>Fonte: DER-SP</desc><type>FIXED</type></wpt>
<wpt lat="-20.525970" lon="-47.841780"><name>Radar</name><desc>Fonte: DER-SP</desc><type>FIXED</type></wpt>
<wpt lat="-20.522560" lon="-47.839440"><name>Radar</name><desc>Fonte: DER-SP</desc><type>FIXED</type></wpt>
<wpt lat="-20.522513" lon="-47.839588"><name>Radar</name><desc>Fonte: DER-SP</desc><type>FIXED</type></wpt>
<wpt lat="-20.518276" lon="-47.417258"><name>Radar</name><desc>Fonte: DER-SP</desc><type>FIXED</type></wpt>
<wpt lat="-20.515423" lon="-47.836583"><name>Radar</name><desc>Fonte: DER-SP</desc><type>FIXED</type></wpt>
<wpt lat="-20.492280" lon="-49.311577"><name>Radar</name><desc>Fonte: OSM</desc><type>FIXED</type></wpt>
<wpt lat="-20.492060" lon="-47.991591"><name>Radar</name><desc>Fonte: DER-SP</desc><type>FIXED</type></wpt>
<wpt lat="-20.490405" lon="-49.793971"><name>Radar</name><desc>Fonte: DER-SP</desc><type>FIXED</type></wpt>
<wpt lat="-20.489897" lon="-49.309064"><name>Radar</name><desc>Fonte: OSM</desc><type>FIXED</type></wpt>
<wpt lat="-20.463368" lon="-47.415058"><name>Radar</name><desc>Fonte: DER-SP</desc><type>FIXED</type></wpt>
<wpt lat="-20.462592" lon="-47.415120"><name>Radar</name><desc>Fonte: DER-SP</desc><type>FIXED</type></wpt>
<wpt lat="-20.447905" lon="-48.451476"><name>Radar</name><desc>Fonte: DER-SP</desc><type>FIXED</type></wpt>
<wpt lat="-20.445785" lon="-48.219607"><name>Radar</name><desc>Fonte: DER-SP</desc><type>FIXED</type></wpt>
<wpt lat="-20.437003" lon="-47.421734"><name>Radar</name><desc>Fonte: DER-SP</desc><type>FIXED</type></wpt>
<wpt lat="-20.425383" lon="-49.108134"><name>Radar</name><desc>Fonte: DER-SP</desc><type>FIXED</type></wpt>
<wpt lat="-20.421998" lon="-49.948817"><name>Radar</name><desc>Fonte: DER-SP</desc><type>FIXED</type></wpt>
<wpt lat="-20.414773" lon="-49.994771"><name>Radar</name><desc>Fonte: DER-SP</desc><type>FIXED</type></wpt>
<wpt lat="-20.407818" lon="-49.976904"><name>Radar 50 km/h</name><desc>Fonte: OSM</desc><type>FIXED</type></wpt>
<wpt lat="-20.405423" lon="-49.977415"><name>Radar 50 km/h</name><desc>Fonte: OSM</desc><type>FIXED</type></wpt>
<wpt lat="-20.404014" lon="-49.977483"><name>Radar 50 km/h</name><desc>Fonte: OSM</desc><type>FIXED</type></wpt>
<wpt lat="-20.399063" lon="-49.995145"><name>Radar</name><desc>Fonte: DER-SP</desc><type>FIXED</type></wpt>
<wpt lat="-20.392214" lon="-49.443245"><name>Radar</name><desc>Fonte: DER-SP</desc><type>FIXED</type></wpt>
<wpt lat="-20.380800" lon="-47.813317"><name>Radar 40 km/h</name><desc>Fonte: OSM</desc><type>FIXED</type></wpt>
<wpt lat="-20.380757" lon="-47.444650"><name>Radar</name><desc>Fonte: DER-SP</desc><type>FIXED</type></wpt>
<wpt lat="-20.380286" lon="-47.813370"><name>Radar</name><desc>Fonte: DER-SP</desc><type>FIXED</type></wpt>
<wpt lat="-20.379655" lon="-47.813895"><name>Radar</name><desc>Fonte: DER-SP</desc><type>FIXED</type></wpt>
<wpt lat="-20.379584" lon="-47.813763"><name>Radar 40 km/h</name><desc>Fonte: OSM</desc><type>FIXED</type></wpt>
<wpt lat="-20.335019" lon="-48.300041"><name>Radar</name><desc>Fonte: DER-SP</desc><type>FIXED</type></wpt>
<wpt lat="-20.310712" lon="-47.413970"><name>Radar</name><desc>Fonte: DER-SP</desc><type>FIXED</type></wpt>
<wpt lat="-20.307444" lon="-49.731255"><name>Radar</name><desc>Fonte: DER-SP</desc><type>FIXED</type></wpt>
<wpt lat="-20.304811" lon="-50.503767"><name>Radar</name><desc>Fonte: DER-SP</desc><type>FIXED</type></wpt>
<wpt lat="-20.303377" lon="-48.665559"><name>Radar</name><desc>Fonte: DER-SP</desc><type>FIXED</type></wpt>
<wpt lat="-20.287095" lon="-47.797524"><name>Radar</name><desc>Fonte: DER-SP</desc><type>FIXED</type></wpt>
<wpt lat="-20.286948" lon="-47.797471"><name>Radar 110 km/h</name><desc>Fonte: OSM</desc><type>FIXED</type></wpt>
<wpt lat="-20.276450" lon="-47.797630"><name>Radar</name><desc>Fonte: DER-SP</desc><type>FIXED</type></wpt>
<wpt lat="-20.276171" lon="-47.797708"><name>Radar 110 km/h</name><desc>Fonte: OSM</desc><type>FIXED</type></wpt>
<wpt lat="-20.275090" lon="-50.241630"><name>Radar 50 km/h</name><desc>Fonte: OSM</desc><type>FIXED</type></wpt>
<wpt lat="-20.272807" lon="-50.245100"><name>Radar</name><desc>Fonte: DER-SP</desc><type>FIXED</type></wpt>
<wpt lat="-20.272565" lon="-50.492024"><name>Radar</name><desc>Fonte: DER-SP</desc><type>FIXED</type></wpt>
<wpt lat="-20.271522" lon="-50.291002"><name>Radar</name><desc>Fonte: DER-SP</desc><type>FIXED</type></wpt>
<wpt lat="-20.271319" lon="-50.264394"><name>Radar</name><desc>Fonte: DER-SP</desc><type>FIXED</type></wpt>
<wpt lat="-20.264933" lon="-50.529391"><name>Radar</name><desc>Fonte: DER-SP</desc><type>FIXED</type></wpt>
<wpt lat="-20.250056" lon="-48.677017"><name>Radar</name><desc>Fonte: DER-SP</desc><type>FIXED</type></wpt>
<wpt lat="-20.239539" lon="-48.122842"><name>Radar</name><desc>Fonte: DER-SP</desc><type>FIXED</type></wpt>
<wpt lat="-20.239501" lon="-48.122646"><name>Radar 60 km/h</name><desc>Fonte: OSM</desc><type>FIXED</type></wpt>
<wpt lat="-20.220904" lon="-47.468475"><name>Radar</name><desc>Fonte: DER-SP</desc><type>FIXED</type></wpt>
<wpt lat="-20.212759" lon="-50.904539"><name>Radar</name><desc>Fonte: DER-SP</desc><type>FIXED</type></wpt>
<wpt lat="-20.192100" lon="-50.920200"><name>Radar</name><desc>Fonte: DER-SP</desc><type>FIXED</type></wpt>
<wpt lat="-20.188910" lon="-50.932378"><name>Radar</name><desc>Fonte: DER-SP</desc><type>FIXED</type></wpt>
<wpt lat="-20.187107" lon="-50.940300"><name>Radar</name><desc>Fonte: DER-SP</desc><type>FIXED</type></wpt>
<wpt lat="-20.184936" lon="-47.995805"><name>Radar</name><desc>Fonte: DER-SP</desc><type>FIXED</type></wpt>
<wpt lat="-20.171802" lon="-47.464523"><name>Radar</name><desc>Fonte: DER-SP</desc><type>FIXED</type></wpt>
<wpt lat="-20.170969" lon="-50.949837"><name>Radar</name><desc>Fonte: DER-SP</desc><type>FIXED</type></wpt>
<wpt lat="-20.166665" lon="-48.690262"><name>Radar</name><desc>Fonte: DER-SP</desc><type>FIXED</type></wpt>
<wpt lat="-20.121482" lon="-47.466757"><name>Radar</name><desc>Fonte: DER-SP</desc><type>FIXED</type></wpt>
<wpt lat="-20.110274" lon="-47.462587"><name>Radar 60 km/h</name><desc>Fonte: OSM</desc><type>FIXED</type></wpt>
<wpt lat="-20.102400" lon="-49.908400"><name>Radar</name><desc>Fonte: DER-SP</desc><type>FIXED</type></wpt>
<wpt lat="-20.092793" lon="-49.924222"><name>Radar</name><desc>Fonte: DER-SP</desc><type>FIXED</type></wpt>
<wpt lat="-20.084100" lon="-47.789900"><name>Radar</name><desc>Fonte: DER-SP</desc><type>FIXED</type></wpt>
<wpt lat="-20.066078" lon="-47.789002"><name>Radar</name><desc>Fonte: DER-SP</desc><type>FIXED</type></wpt>
<wpt lat="-20.066041" lon="-47.789023"><name>Radar 110 km/h</name><desc>Fonte: OSM</desc><type>FIXED</type></wpt>
<wpt lat="-20.054559" lon="-47.786493"><name>Radar</name><desc>Fonte: DER-SP</desc><type>FIXED</type></wpt>
<wpt lat="-20.053840" lon="-47.786570"><name>Radar</name><desc>Fonte: DER-SP</desc><type>FIXED</type></wpt>
<wpt lat="-20.040685" lon="-48.234169"><name>Radar</name><desc>Fonte: DER-SP</desc><type>FIXED</type></wpt>
<wpt lat="-20.030993" lon="-48.235644"><name>Radar 60 km/h</name><desc>Fonte: OSM</desc><type>FIXED</type></wpt>
</gpx>