<?xml version="1.0" encoding="UTF-8"?>
<kml xmlns="http://www.opengis.net/kml/2.2"><Document>
<name>Pardal — radares — SP</name>
<description>Pardal — © colaboradores do OpenStreetMap (ODbL 1.0) e fontes abertas listadas no README</description>
<Folder><name>Radares de velocidade</name>
<Placemark><name>Radar 60 km/h</name><description>Fonte: ANTT · sentido 184° (sul)</description><Point><coordinates>-48.555666,-25.056361,0</coordinates></Point></Placemark>
<Placemark><name>Radar 60 km/h</name><description>Fonte: OSM</description><Point><coordinates>-48.555555,-25.056192,0</coordinates></Point></Placemark>
<Placemark><name>Radar</name><description>Fonte: OSM</description><Point><coordinates>-48.555543,-25.055900,0</coordinates></Point></Placemark>
<Placemark><name>Radar</name><description>Fonte: OSM</description><Point><coordinates>-48.553378,-25.048071,0</coordinates></Point></Placemark>
<Placemark><name>Radar</name><description>Fonte: OSM</description><Point><coordinates>-48.534225,-25.032453,0</coordinates></Point></Placemark>
<Placemark><name>Radar 60 km/h</name><description>Fonte: OSM</description><Point><coordinates>-48.509317,-25.015160,0</coordinates></Point></Placemark>
<Placemark><name>Radar 60 km/h</name><description>Fonte: ANTT · sentido 200° (sul)</description><Point><coordinates>-48.509222,-25.014861,0</coordinates></Point></Placemark>
<Placemark><name>Radar</name><description>Fonte: OSM</description><Point><coordinates>-48.509209,-25.014830,0</coordinates></Point></Placemark>
<Placemark><name>Radar 60 km/h</name><description>Fonte: ANTT</description><Point><coordinates>-48.472277,-24.967138,0</coordinates></Point></Placemark>
<Placemark><name>Radar 60 km/h</name><description>Fonte: OSM</description><Point><coordinates>-48.472667,-24.966998,0</coordinates></Point></Placemark>
<Placemark><name>Radar 60 km/h</name><description>Fonte: ANTT</description><Point><coordinates>-48.434861,-24.966250,0</coordinates></Point></Placemark>
<Placemark><name>Radar 60 km/h</name><description>Fonte: OSM</description><Point><coordinates>-48.435155,-24.966240,0</coordinates></Point></Placemark>
<Placemark><name>Radar</name><description>Fonte: OSM</description><Point><coordinates>-48.435133,-24.966233,0</coordinates></Point></Placemark>
<Placemark><name>Radar 60 km/h</name><description>Fonte: OSM</description><Point><coordinates>-48.465828,-24.959992,0</coordinates></Point></Placemark>
<Placemark><name>Radar</name><description>Fonte: OSM</description><Point><coordinates>-48.465589,-24.959554,0</coordinates></Point></Placemark>
<Placemark><name>Radar 60 km/h</name><description>Fonte: OSM</description><Point><coordinates>-48.462401,-24.956045,0</coordinates></Point></Placemark>
<Placemark><name>Radar 60 km/h</name><description>Fonte: ANTT</description><Point><coordinates>-48.448633,-24.955333,0</coordinates></Point></Placemark>
<Placemark><name>Radar</name><description>Fonte: OSM</description><Point><coordinates>-48.447986,-24.953715,0</coordinates></Point></Placemark>
<Placemark><name>Radar 60 km/h</name><description>Fonte: OSM</description><Point><coordinates>-48.448167,-24.953584,0</coordinates></Point></Placemark>
<Placemark><name>Radar</name><description>Fonte: OSM</description><Point><coordinates>-48.424067,-24.950136,0</coordinates></Point></Placemark>
<Placemark><name>Radar 60 km/h</name><description>Fonte: OSM</description><Point><coordinates>-48.428831,-24.946973,0</coordinates></Point></Placemark>
<Placemark><name>Radar 110 km/h</name><description>Fonte: OSM</description><Point><coordinates>-48.304076,-24.940048,0</coordinates></Point></Placemark>
<Placemark><name>Radar 80 km/h</name><description>Fonte: OSM</description><Point><coordinates>-48.256619,-24.916600,0</coordinates></Point></Placemark>
<Placemark><name>Radar 60 km/h</name><description>Fonte: ANTT</description><Point><coordinates>-48.211194,-24.865833,0</coordinates></Point></Placemark>
<Placemark><name>Radar 60 km/h</name><description>Fonte: OSM</description><Point><coordinates>-48.211452,-24.865427,0</coordinates></Point></Placemark>
<Placemark><name>Radar</name><description>Fonte: OSM</description><Point><coordinates>-48.213555,-24.861185,0</coordinates></Point></Placemark>
<Placemark><name>Radar</name><description>Fonte: OSM</description><Point><coordinates>-48.212508,-24.860452,0</coordinates></Point></Placemark>
<Placemark><name>Radar 60 km/h</name><description>Fonte: ANTT</description><Point><coordinates>-48.211908,-24.860200,0</coordinates></Point></Placemark>
<Placemark><name>Radar</name><description>Fonte: OSM</description><Point><coordinates>-48.211517,-24.858307,0</coordinates></Point></Placemark>
<Placemark><name>Radar</name><description>Fonte: OSM</description><Point><coordinates>-48.211725,-24.857951,0</coordinates></Point></Placemark>
<Placemark><name>Radar 60 km/h</name><description>Fonte: ANTT</description><Point><coordinates>-48.211924,-24.857862,0</coordinates></Point></Placemark>
<Placemark><name>Radar 60 km/h</name><description>Fonte: OSM</description><Point><coordinates>-48.213019,-24.849046,0</coordinates></Point></Placemark>
<Placemark><name>Radar</name><description>Fonte: OSM</description><Point><coordinates>-48.212331,-24.845431,0</coordinates></Point></Placemark>
<Placemark><name>Radar 60 km/h</name><description>Fonte: ANTT</description><Point><coordinates>-48.212305,-24.845417,0</coordinates></Point></Placemark>
<Placemark><name>Radar 60 km/h</name><description>Fonte: ANTT · sentido 178° (sul)</description><Point><coordinates>-48.222758,-24.835413,0</coordinates></Point></Placemark>
<Placemark><name>Radar</name><description>Fonte: OSM</description><Point><coordinates>-48.222413,-24.834009,0</coordinates></Point></Placemark>
<Placemark><name>Radar</name><description>Fonte: OSM</description><Point><coordinates>-48.214689,-24.833547,0</coordinates></Point></Placemark>
<Placemark><name>Radar 60 km/h</name><description>Fonte: ANTT · sentido 232° (sudoeste)</description><Point><coordinates>-48.179543,-24.784210,0</coordinates></Point></Placemark>
<Placemark><name>Radar</name><description>Fonte: OSM</description><Point><coordinates>-48.178489,-24.783412,0</coordinates></Point></Placemark>
<Placemark><name>Radar</name><description>Fonte: DER-SP</description><Point><coordinates>-47.665214,-24.780711,0</coordinates></Point></Placemark>
<Placemark><name>Radar 40 km/h</name><description>Fonte: OSM</description><Point><coordinates>-47.664990,-24.780513,0</coordinates></Point></Placemark>
<Placemark><name>Radar 40 km/h</name><description>Fonte: OSM</description><Point><coordinates>-47.664728,-24.780320,0</coordinates></Point></Placemark>
<Placemark><name>Radar 60 km/h</name><description>Fonte: ANTT · sentido 218° (sudoeste)</description><Point><coordinates>-48.210971,-24.777089,0</coordinates></Point></Placemark>
<Placemark><name>Radar</name><description>Fonte: OSM</description><Point><coordinates>-48.210839,-24.776857,0</coordinates></Point></Placemark>
<Placemark><name>Radar</name><description>Fonte: DER-SP</description><Point><coordinates>-47.823248,-24.733140,0</coordinates></Point></Placemark>
<Placemark><name>Radar</name><description>Fonte: OSM</description><Point><coordinates>-48.105177,-24.730019,0</coordinates></Point></Placemark>
<Placemark><name>Radar 80 km/h</name><description>Fonte: ANTT · sentido 278° (oeste)</description><Point><coordinates>-48.105653,-24.729839,0</coordinates></Point></Placemark>
<Placemark><name>Radar</name><description>Fonte: DER-SP</description><Point><coordinates>-47.553819,-24.676112,0</coordinates></Point></Placemark>
<Placemark><name>Radar</name><description>Fonte: DER-SP</description><Point><coordinates>-47.908030,-24.667224,0</coordinates></Point></Placemark>
<Placemark><name>Radar</name><description>Fonte: DER-SP</description><Point><coordinates>-47.512202,-24.651785,0</coordinates></Point></Placemark>
<Placemark><name>Radar</name><description>Fonte: DER-SP</description><Point><coordinates>-48.038240,-24.649216,0</coordinates></Point></Placemark>
<Placemark><name>Radar</name><description>Fonte: DER-SP</description><Point><coordinates>-47.505209,-24.641728,0</coordinates></Point></Placemark>
<Placemark><name>Radar</name><description>Fonte: DER-SP</description><Point><coordinates>-48.049654,-24.626910,0</coordinates></Point></Placemark>
<Placemark><name>Radar</name><description>Fonte: DER-SP</description><Point><coordinates>-47.880274,-24.626521,0</coordinates></Point></Placemark>
<Placemark><name>Radar</name><description>Fonte: DER-SP</description><Point><coordinates>-48.992330,-24.610797,0</coordinates></Point></Placemark>
<Placemark><name>Radar</name><description>Fonte: DER-SP</description><Point><coordinates>-48.361038,-24.600642,0</coordinates></Point></Placemark>
<Placemark><name>Radar</name><description>Fonte: DER-SP</description><Point><coordinates>-48.099905,-24.595301,0</coordinates></Point></Placemark>
<Placemark><name>Radar</name><description>Fonte: DER-SP</description><Point><coordinates>-48.107723,-24.580590,0</coordinates></Point></Placemark>
<Placemark><name>Radar</name><description>Fonte: DER-SP</description><Point><coordinates>-47.552287,-24.575450,0</coordinates></Point></Placemark>
<Placemark><name>Radar</name><description>Fonte: DER-SP</description><Point><coordinates>-48.151041,-24.564827,0</coordinates></Point></Placemark>
<Placemark><name>Radar</name><description>Fonte: OSM</description><Point><coordinates>-47.862895,-24.547118,0</coordinates></Point></Placemark>
<Placemark><name>Radar</name><description>Fonte: OSM</description><Point><coordinates>-47.862360,-24.546466,0</coordinates></Point></Placemark>
<Placemark><name>Radar</name><description>Fonte: OSM</description><Point><coordinates>-47.859999,-24.540136,0</coordinates></Point></Placemark>
<Placemark><name>Radar</name><description>Fonte: OSM</description><Point><coordinates>-47.859879,-24.539787,0</coordinates></Point></Placemark>
<Placemark><name>Radar</name><description>Fonte: DER-SP</description><Point><coordinates>-47.559544,-24.510190,0</coordinates></Point></Placemark>
<Placemark><name>Radar</name><description>Fonte: DER-SP</description><Point><coordinates>-47.857979,-24.492924,0</coordinates></Point></Placemark>
<Placemark><name>Radar</name><description>Fonte: DER-SP</description><Point><coordinates>-47.550333,-24.469542,0</coordinates></Point></Placemark>
<Placemark><name>Radar</name><description>Fonte: DER-SP</description><Point><coordinates>-48.734653,-24.458246,0</coordinates></Point></Placemark>
<Placemark><name>Radar</name><description>Fonte: OSM</description><Point><coordinates>-47.814192,-24.457327,0</coordinates></Point></Placemark>
<Placemark><name>Radar</name><description>Fonte: OSM</description><Point><coordinates>-47.813959,-24.456580,0</coordinates></Point></Placemark>
<Placemark><name>Radar</name><description>Fonte: DER-SP</description><Point><coordinates>-48.673239,-24.423477,0</coordinates></Point></Placemark>
<Placemark><name>Radar</name><description>Fonte: OSM</description><Point><coordinates>-47.776561,-24.422123,0</coordinates></Point></Placemark>
<Placemark><name>Radar</name><description>Fonte: OSM</description><Point><coordinates>-47.776418,-24.422072,0</coordinates></Point></Placemark>
<Placemark><name>Radar</name><description>Fonte: DER-SP</description><Point><coordinates>-47.543732,-24.421799,0</coordinates></Point></Placemark>
<Placemark><name>Radar</name><description>Fonte: DER-SP</description><Point><coordinates>-47.518535,-24.379068,0</coordinates></Point></Placemark>
<Placemark><name>Radar</name><description>Fonte: DER-SP</description><Point><coordinates>-48.630331,-24.366178,0</coordinates></Point></Placemark>
<Placemark><name>Radar</name><description>Fonte: DER-SP</description><Point><coordinates>-47.492961,-24.363994,0</coordinates></Point></Placemark>
<Placemark><name>Radar</name><description>Fonte: DER-SP</description><Point><coordinates>-47.499601,-24.355632,0</coordinates></Point></Placemark>
<Placemark><name>Radar</name><description>Fonte: DER-SP · sentido 268° (oeste)</description><Point><coordinates>-47.110354,-24.297452,0</coordinates></Point></Placemark>
<Placemark><name>Radar 50 km/h</name><description>Fonte: OSM</description><Point><coordinates>-47.073245,-24.297385,0</coordinates></Point></Placemark>
<Placemark><name>Radar</name><description>Fonte: OSM</description><Point><coordinates>-47.440656,-24.285298,0</coordinates></Point></Placemark>
<Placemark><name>Radar</name><description>Fonte: OSM</description><Point><coordinates>-47.440313,-24.285227,0</coordinates></Point></Placemark>
<Placemark><name>Radar</name><description>Fonte: OSM</description><Point><coordinates>-47.440209,-24.285192,0</coordinates></Point></Placemark>
<Placemark><name>Radar 80 km/h</name><description>Fonte: OSM</description><Point><coordinates>-47.196926,-24.283964,0</coordinates></Point></Placemark>
<Placemark><name>Radar</name><description>Fonte: OSM</description><Point><coordinates>-47.397694,-24.269255,0</coordinates></Point></Placemark>
<Placemark><name>Radar</name><description>Fonte: OSM</description><Point><coordinates>-47.397514,-24.269180,0</coordinates></Point></Placemark>
<Placemark><name>Radar</name><description>Fonte: OSM</description><Point><coordinates>-47.393696,-24.267602,0</coordinates></Point></Placemark>
<Placemark><name>Radar</name><description>Fonte: DER-SP · sentido 133° (sudeste)</description><Point><coordinates>-47.367504,-24.259052,0</coordinates></Point></Placemark>
<Placemark><name>Radar</name><description>Fonte: DER-SP</description><Point><coordinates>-48.766432,-24.249840,0</coordinates></Point></Placemark>
<Placemark><name>Radar</name><description>Fonte: DER-SP</description><Point><coordinates>-47.928006,-24.183606,0</coordinates></Point></Placemark>
<Placemark><name>Radar</name><description>Fonte: DER-SP</description><Point><coordinates>-47.968449,-24.169474,0</coordinates></Point></Placemark>
<Placemark><name>Radar</name><description>Fonte: OSM</description><Point><coordinates>-47.337509,-24.168931,0</coordinates></Point></Placemark>
<Placemark><name>Radar</name><description>Fonte: OSM</description><Point><coordinates>-47.336935,-24.168451,0</coordinates></Point></Placemark>
<Placemark><name>Radar</name><description>Fonte: DER-SP</description><Point><coordinates>-48.477552,-24.149457,0</coordinates></Point></Placemark>
<Placemark><name>Radar</name><description>Fonte: DER-SP</description><Point><coordinates>-47.989819,-24.143401,0</coordinates></Point></Placemark>
<Placemark><name>Radar</name><description>Fonte: OSM</description><Point><coordinates>-47.272471,-24.140642,0</coordinates></Point></Placemark>
<Placemark><name>Radar</name><description>Fonte: OSM</description><Point><coordinates>-47.272879,-24.139754,0</coordinates></Point></Placemark>
<Placemark><name>Radar 60 km/h</name><description>Fonte: ANTT · sentido 197° (sul)</description><Point><coordinates>-47.271888,-24.133500,0</coordinates></Point></Placemark>
<Placemark><name>Radar</name><description>Fonte: DER-SP</description><Point><coordinates>-48.450013,-24.127088,0</coordinates></Point></Placemark>
<Placemark><name>Radar</name><description>Fonte: OSM</description><Point><coordinates>-47.271901,-24.126355,0</coordinates></Point></Placemark>
<Placemark><name>Radar</name><description>Fonte: OSM</description><Point><coordinates>-47.271521,-24.124944,0</coordinates></Point></Placemark>
<Placemark><name>Radar</name><description>Fonte: OSM</description><Point><coordinates>-47.270379,-24.121754,0</coordinates></Point></Placemark>
<Placemark><name>Radar 60 km/h</name><description>Fonte: ANTT · sentido 231° (sudoeste)</description><Point><coordinates>-47.270444,-24.121722,0</coordinates></Point></Placemark>
<Placemark><name>Radar</name><description>Fonte: OSM</description><Point><coordinates>-47.270282,-24.121682,0</coordinates></Point></Placemark>
<Placemark><name>Radar</name><description>Fonte: OSM</description><Point><coordinates>-47.268861,-24.116107,0</coordinates></Point></Placemark>
<Placemark><name>Radar</name><description>Fonte: OSM</description><Point><coordinates>-47.269805,-24.114885,0</coordinates></Point></Placemark>
<Placemark><name>Radar</name><description>Fonte: OSM</description><Point><coordinates>-47.269810,-24.114708,0</coordinates></Point></Placemark>
<Placemark><name>Radar</name><description>Fonte: OSM</description><Point><coordinates>-47.269818,-24.114589,0</coordinates></Point></Placemark>
<Placemark><name>Radar</name><description>Fonte: OSM</description><Point><coordinates>-47.268777,-24.112737,0</coordinates></Point></Placemark>
<Placemark><name>Radar</name><description>Fonte: OSM</description><Point><coordinates>-47.268738,-24.111842,0</coordinates></Point></Placemark>
<Placemark><name>Radar</name><description>Fonte: OSM</description><Point><coordinates>-47.268303,-24.110813,0</coordinates></Point></Placemark>
<Placemark><name>Radar</name><description>Fonte: OSM</description><Point><coordinates>-47.268158,-24.110208,0</coordinates></Point></Placemark>
<Placemark><name>Radar</name><description>Fonte: OSM</description><Point><coordinates>-47.265139,-24.108691,0</coordinates></Point></Placemark>
<Placemark><name>Radar</name><description>Fonte: OSM</description><Point><coordinates>-47.265241,-24.108687,0</coordinates></Point></Placemark>
<Placemark><name>Radar 60 km/h</name><description>Fonte: ANTT · sentido 273° (oeste)</description><Point><coordinates>-47.259000,-24.102306,0</coordinates></Point></Placemark>
<Placemark><name>Radar</name><description>Fonte: OSM</description><Point><coordinates>-47.258643,-24.101654,0</coordinates></Point></Placemark>
<Placemark><name>Radar</name><description>Fonte: DER-SP</description><Point><coordinates>-48.821844,-24.100237,0</coordinates></Point></Placemark>
<Placemark><name>Radar</name><description>Fonte: OSM</description><Point><coordinates>-47.257610,-24.098955,0</coordinates></Point></Placemark>
<Placemark><name>Radar</name><description>Fonte: OSM</description><Point><coordinates>-47.257384,-24.098310,0</coordinates></Point></Placemark>
<Placemark><name>Radar 60 km/h</name><description>Fonte: ANTT · sentido 175° (sul)</description><Point><coordinates>-47.256472,-24.095111,0</coordinates></Point></Placemark>
<Placemark><name>Radar</name><description>Fonte: OSM</description><Point><coordinates>-47.256201,-24.094959,0</coordinates></Point></Placemark>
<Placemark><name>Radar</name><description>Fonte: OSM</description><Point><coordinates>-47.256177,-24.094891,0</coordinates></Point></Placemark>
<Placemark><name>Radar 80 km/h</name><description>Fonte: OSM</description><Point><coordinates>-46.623995,-24.093932,0</coordinates></Point></Placemark>
<Placemark><name>Radar</name><description>Fonte: OSM</description><Point><coordinates>-47.256188,-24.092286,0</coordinates></Point></Placemark>
<Placemark><name>Radar 80 km/h</name><description>Fonte: OSM</description><Point><coordinates>-46.603487,-24.083886,0</coordinates></Point></Placemark>
<Placemark><name>Radar 80 km/h</name><description>Fonte: OSM</description><Point><coordinates>-46.603542,-24.083801,0</coordinates></Point></Placemark>
<Placemark><name>Radar</name><description>Fonte: DER-SP</description><Point><coordinates>-48.362916,-24.073394,0</coordinates></Point></Placemark>
<Placemark><name>Radar 60 km/h</name><description>Fonte: OSM</description><Point><coordinates>-48.362638,-24.073261,0</coordinates></Point></Placemark>
<Placemark><name>Radar 80 km/h</name><description>Fonte: OSM</description><Point><coordinates>-46.579636,-24.071049,0</coordinates></Point></Placemark>
<Placemark><name>Radar</name><description>Fonte: OSM</description><Point><coordinates>-47.239957,-24.068611,0</coordinates></Point></Placemark>
<Placemark><name>Radar</name><description>Fonte: OSM</description><Point><coordinates>-47.239934,-24.068595,0</coordinates></Point></Placemark>
<Placemark><name>Radar</name><description>Fonte: OSM</description><Point><coordinates>-47.233170,-24.064432,0</coordinates></Point></Placemark>
<Placemark><name>Radar</name><description>Fonte: DER-SP · sentido 256° (oeste)</description><Point><coordinates>-49.043800,-24.064400,0</coordinates></Point></Placemark>
<Placemark><name>Radar</name><description>Fonte: OSM</description><Point><coordinates>-47.233012,-24.064373,0</coordinates></Point></Placemark>
<Placemark><name>Radar 60 km/h</name><description>Fonte: ANTT · sentido 248° (oeste)</description><Point><coordinates>-47.231666,-24.064167,0</coordinates></Point></Placemark>
<Placemark><name>Radar</name><description>Fonte: OSM</description><Point><coordinates>-47.218734,-24.059148,0</coordinates></Point></Placemark>
<Placemark><name>Radar</name><description>Fonte: OSM</description><Point><coordinates>-47.218106,-24.058763,0</coordinates></Point></Placemark>
<Placemark><name>Radar</name><description>Fonte: OSM</description><Point><coordinates>-47.216674,-24.054153,0</coordinates></Point></Placemark>
<Placemark><name>Radar</name><description>Fonte: OSM</description><Point><coordinates>-47.216624,-24.054151,0</coordinates></Point></Placemark>
<Placemark><name>Radar</name><description>Fonte: OSM</description><Point><coordinates>-47.216526,-24.054122,0</coordinates></Point></Placemark>
<Placemark><name>Radar</name><description>Fonte: OSM</description><Point><coordinates>-47.213558,-24.053433,0</coordinates></Point></Placemark>
<Placemark><name>Radar</name><description>Fonte: OSM</description><Point><coordinates>-47.203907,-24.051573,0</coordinates></Point></Placemark>
<Placemark><name>Radar</name><description>Fonte: OSM</description><Point><coordinates>-47.204005,-24.051526,0</coordinates></Point></Placemark>
<Placemark><name>Radar</name><description>Fonte: OSM</description><Point><coordinates>-47.205221,-24.051504,0</coordinates></Point></Placemark>
<Placemark><name>Radar 60 km/h</name><description>Fonte: OSM</description><Point><coordinates>-46.539945,-24.049566,0</coordinates></Point></Placemark>
<Placemark><name>Radar</name><description>Fonte: OSM</description><Point><coordinates>-47.198087,-24.047748,0</coordinates></Point></Placemark>
<Placemark><name>Radar</name><description>Fonte: OSM</description><Point><coordinates>-47.197987,-24.047598,0</coordinates></Point></Placemark>
<Placemark><name>Radar 60 km/h</name><description>Fonte: OSM</description><Point><coordinates>-48.379744,-24.044576,0</coordinates></Point></Placemark>
<Placemark><name>Radar 80 km/h</name><description>Fonte: OSM</description><Point><coordinates>-46.518370,-24.038076,0</coordinates></Point></Placemark>
<Placemark><name>Radar 60 km/h</name><description>Fonte: OSM</description><Point><coordinates>-48.346417,-24.038030,0</coordinates></Point></Placemark>
<Placemark><name>Radar</name><description>Fonte: DER-SP</description><Point><coordinates>-48.346560,-24.037993,0</coordinates></Point></Placemark>
<Placemark><name>Radar</name><description>Fonte: OSM</description><Point><coordinates>-47.188819,-24.037046,0</coordinates></Point></Placemark>
<Placemark><name>Radar</name><description>Fonte: OSM</description><Point><coordinates>-47.188545,-24.036865,0</coordinates></Point></Placemark>
<Placemark><name>Radar 80 km/h</name><description>Fonte: OSM</description><Point><coordinates>-46.515245,-24.036410,0</coordinates></Point></Placemark>
<Placemark><name>Radar 40 km/h</name><description>Fonte: OSM</description><Point><coordinates>-46.508718,-24.032644,0</coordinates></Point></Placemark>
<Placemark><name>Radar</name><description>Fonte: OSM</description><Point><coordinates>-47.178346,-24.030467,0</coordinates></Point></Placemark>
<Placemark><name>Radar 60 km/h</name><description>Fonte: OSM</description><Point><coordinates>-46.500422,-24.028330,0</coordinates></Point></Placemark>
<Placemark><name>Radar 80 km/h</name><description>Fonte: OSM</description><Point><coordinates>-46.496492,-24.026433,0</coordinates></Point></Placemark>
<Placemark><name>Radar 60 km/h</name><description>Fonte: OSM</description><Point><coordinates>-48.353553,-24.019754,0</coordinates></Point></Placemark>
<Placemark><name>Radar 60 km/h</name><description>Fonte: OSM</description><Point><coordinates>-48.351265,-24.017805,0</coordinates></Point></Placemark>
<Placemark><name>Radar 80 km/h</name><description>Fonte: OSM</description><Point><coordinates>-46.441363,-24.009944,0</coordinates></Point></Placemark>
<Placemark><name>Radar 80 km/h</name><description>Fonte: OSM</description><Point><coordinates>-46.441399,-24.009872,0</coordinates></Point></Placemark>
<Placemark><name>Radar</name><description>Fonte: OSM</description><Point><coordinates>-47.160535,-24.008725,0</coordinates></Point></Placemark>
<Placemark><name>Radar</name><description>Fonte: OSM</description><Point><coordinates>-47.159449,-24.007017,0</coordinates></Point></Placemark>
<Placemark><name>Radar</name><description>Fonte: OSM</description><Point><coordinates>-47.158920,-24.006014,0</coordinates></Point></Placemark>
<Placemark><name>Radar</name><description>Fonte: OSM</description><Point><coordinates>-47.158803,-24.005714,0</coordinates></Point></Placemark>
<Placemark><name>Radar 80 km/h</name><description>Fonte: OSM</description><Point><coordinates>-46.422923,-24.003138,0</coordinates></Point></Placemark>
<Placemark><name>Radar</name><description>Fonte: DER-SP</description><Point><coordinates>-49.322675,-23.995558,0</coordinates></Point></Placemark>
<Placemark><name>Radar 60 km/h</name><description>Fonte: OSM</description><Point><coordinates>-46.405662,-23.993689,0</coordinates></Point></Placemark>
<Placemark><name>Radar 40 km/h</name><description>Fonte: OSM</description><Point><coordinates>-48.347870,-23.992720,0</coordinates></Point></Placemark>
<Placemark><name>Radar 40 km/h</name><description>Fonte: OSM</description><Point><coordinates>-46.263154,-23.990144,0</coordinates></Point></Placemark>
<Placemark><name>Radar 40 km/h</name><description>Fonte: OSM</description><Point><coordinates>-46.264564,-23.985107,0</coordinates></Point></Placemark>
<Placemark><name>Radar 30 km/h</name><description>Fonte: OSM</description><Point><coordinates>-46.267130,-23.984527,0</coordinates></Point></Placemark>
<Placemark><name>Radar 50 km/h</name><description>Fonte: OSM</description><Point><coordinates>-46.309151,-23.984173,0</coordinates></Point></Placemark>
<Placemark><name>Radar 50 km/h</name><description>Fonte: OSM</description><Point><coordinates>-46.309028,-23.984105,0</coordinates></Point></Placemark>
<Placemark><name>Radar 40 km/h</name><description>Fonte: OSM</description><Point><coordinates>-46.267841,-23.983299,0</coordinates></Point></Placemark>
<Placemark><name>Radar</name><description>Fonte: DER-SP · sentido 342° (norte)</description><Point><coordinates>-46.266000,-23.981540,0</coordinates></Point></Placemark>
<Placemark><name>Radar 50 km/h</name><description>Fonte: OSM</description><Point><coordinates>-46.312178,-23.980953,0</coordinates></Point></Placemark>
<Placemark><name>Radar 50 km/h</name><description>Fonte: OSM</description><Point><coordinates>-46.312681,-23.980229,0</coordinates></Point></Placemark>
<Placemark><name>Radar</name><description>Fonte: DER-SP · sentido 161° (sul)</description><Point><coordinates>-46.266440,-23.980100,0</coordinates></Point></Placemark>
<Placemark><name>Radar 100 km/h</name><description>Fonte: OSM</description><Point><coordinates>-48.320263,-23.977760,0</coordinates></Point></Placemark>
<Placemark><name>Radar 100 km/h</name><description>Fonte: OSM</description><Point><coordinates>-48.319952,-23.976599,0</coordinates></Point></Placemark>
<Placemark><name>Radar 50 km/h</name><description>Fonte: OSM</description><Point><coordinates>-46.328961,-23.970918,0</coordinates></Point></Placemark>
<Placemark><name>Radar 50 km/h</name><description>Fonte: OSM</description><Point><coordinates>-46.328459,-23.970883,0</coordinates></Point></Placemark>
<Placemark><name>Radar 50 km/h</name><description>Fonte: OSM</description><Point><coordinates>-46.363231,-23.969433,0</coordinates></Point></Placemark>
<Placemark><name>Radar 50 km/h</name><description>Fonte: OSM</description><Point><coordinates>-46.363414,-23.969310,0</coordinates></Point></Placemark>
<Placemark><name>Radar 50 km/h</name><description>Fonte: OSM</description><Point><coordinates>-46.335082,-23.969019,0</coordinates></Point></Placemark>
<Placemark><name>Radar 40 km/h</name><description>Fonte: OSM</description><Point><coordinates>-46.272399,-23.968606,0</coordinates></Point></Placemark>
<Placemark><name>Radar 50 km/h</name><description>Fonte: OSM</description><Point><coordinates>-46.352459,-23.968453,0</coordinates></Point></Placemark>
<Placemark><name>Radar 50 km/h</name><description>Fonte: OSM</description><Point><coordinates>-46.339262,-23.968437,0</coordinates></Point></Placemark>
<Placemark><name>Radar 50 km/h</name><description>Fonte: OSM</description><Point><coordinates>-46.338932,-23.968303,0</coordinates></Point></Placemark>
<Placemark><name>Radar 50 km/h</name><description>Fonte: OSM</description><Point><coordinates>-46.351601,-23.968196,0</coordinates></Point></Placemark>
<Placemark><name>Radar 50 km/h</name><description>Fonte: OSM</description><Point><coordinates>-46.345244,-23.968040,0</coordinates></Point></Placemark>
<Placemark><name>Radar 50 km/h</name><description>Fonte: OSM</description><Point><coordinates>-46.345291,-23.967888,0</coordinates></Point></Placemark>
<Placemark><name>Radar</name><description>Fonte: OSM</description><Point><coordinates>-46.277273,-23.961255,0</coordinates></Point></Placemark>
<Placemark><name>Radar 40 km/h</name><description>Fonte: OSM</description><Point><coordinates>-46.350566,-23.956887,0</coordinates></Point></Placemark>
<Placemark><name>Radar</name><description>Fonte: DER-SP</description><Point><coordinates>-48.023602,-23.956603,0</coordinates></Point></Placemark>
<Placemark><name>Radar 40 km/h</name><description>Fonte: OSM</description><Point><coordinates>-46.351546,-23.956098,0</coordinates></Point></Placemark>
<Placemark><name>Radar</name><description>Fonte: DER-SP</description><Point><coordinates>-46.174553,-23.947875,0</coordinates></Point></Placemark>
<Placemark><name>Radar 80 km/h</name><description>Fonte: OSM</description><Point><coordinates>-46.416680,-23.945956,0</coordinates></Point></Placemark>
<Placemark><name>Radar 80 km/h</name><description>Fonte: OSM</description><Point><coordinates>-46.420714,-23.940653,0</coordinates></Point></Placemark>
<Placemark><name>Radar</name><description>Fonte: DER-SP</description><Point><coordinates>-46.280990,-23.939460,0</coordinates></Point></Placemark>
<Placemark><name>Radar 80 km/h</name><description>Fonte: OSM</description><Point><coordinates>-46.421777,-23.939266,0</coordinates></Point></Placemark>
<Placemark><name>Radar</name><description>Fonte: DER-SP · sentido 323° (noroeste)</description><Point><coordinates>-46.422150,-23.939200,0</coordinates></Point></Placemark>
<Placemark><name>Radar</name><description>Fonte: DER-SP · sentido 276° (oeste)</description><Point><coordinates>-48.748200,-23.934100,0</coordinates></Point></Placemark>
<Placemark><name>Radar</name><description>Fonte: DER-SP · sentido 145° (sudeste)</description><Point><coordinates>-46.427290,-23.932730,0</coordinates></Point></Placemark>
<Placemark><name>Radar 80 km/h</name><description>Fonte: OSM</description><Point><coordinates>-46.427288,-23.932386,0</coordinates></Point></Placemark>
<Placemark><name>Radar 80 km/h</name><description>Fonte: OSM</description><Point><coordinates>-46.430353,-23.928841,0</coordinates></Point></Placemark>
<Placemark><name>Radar</name><description>Fonte: DER-SP · sentido 99° (leste)</description><Point><coordinates>-46.364316,-23.928639,0</coordinates></Point></Placemark>
<Placemark><name>Radar 80 km/h</name><description>Fonte: OSM</description><Point><coordinates>-46.529742,-23.917343,0</coordinates></Point></Placemark>
<Placemark><name>Radar</name><description>Fonte: DER-SP</description><Point><coordinates>-46.853980,-23.917137,0</coordinates></Point></Placemark>
<Placemark><name>Radar 100 km/h</name><description>Fonte: OSM</description><Point><coordinates>-46.522830,-23.916639,0</coordinates></Point></Placemark>
<Placemark><name>Radar</name><description>Fonte: DER-SP · sentido 230° (sudoeste)</description><Point><coordinates>-46.522000,-23.916000,0</coordinates></Point></Placemark>
<Placemark><name>Radar</name><description>Fonte: DER-SP · sentido 145° (sudeste)</description><Point><coordinates>-46.290810,-23.912900,0</coordinates></Point></Placemark>
<Placemark><name>Radar</name><description>Fonte: OSM</description><Point><coordinates>-46.557834,-23.911761,0</coordinates></Point></Placemark>
<Placemark><name>Radar</name><description>Fonte: DER-SP · sentido 110° (leste)</description><Point><coordinates>-46.463974,-23.902029,0</coordinates></Point></Placemark>
<Placemark><name>Radar 80 km/h</name><description>Fonte: OSM</description><Point><coordinates>-46.464524,-23.901839,0</coordinates></Point></Placemark>
<Placemark><name>Radar 80 km/h</name><description>Fonte: OSM</description><Point><coordinates>-46.474312,-23.899085,0</coordinates></Point></Placemark>
<Placemark><name>Radar 80 km/h</name><description>Fonte: OSM</description><Point><coordinates>-46.470105,-23.899075,0</coordinates></Point></Placemark>
<Placemark><name>Radar</name><description>Fonte: DER-SP</description><Point><coordinates>-46.466000,-23.899000,0</coordinates></Point></Placemark>
<Placemark><name>Radar</name><description>Fonte: DER-SP · sentido 343° (norte)</description><Point><coordinates>-46.561967,-23.898790,0</coordinates></Point></Placemark>
<Placemark><name>Radar 100 km/h</name><description>Fonte: OSM</description><Point><coordinates>-46.561944,-23.898689,0</coordinates></Point></Placemark>
<Placemark><name>Radar</name><description>Fonte: OSM</description><Point><coordinates>-46.509367,-23.898490,0</coordinates></Point></Placemark>
<Placemark><name>Radar</name><description>Fonte: DER-SP</description><Point><coordinates>-46.505000,-23.896000,0</coordinates></Point></Placemark>
<Placemark><name>Radar 100 km/h</name><description>Fonte: OSM</description><Point><coordinates>-46.563374,-23.895587,0</coordinates></Point></Placemark>
<Placemark><name>Radar</name><description>Fonte: DER-SP</description><Point><coordinates>-46.562000,-23.895000,0</coordinates></Point></Placemark>
<Placemark><name>Radar</name><description>Fonte: DER-SP</description><Point><coordinates>-48.010720,-23.893937,0</coordinates></Point></Placemark>
<Placemark><name>Radar 60 km/h</name><description>Fonte: OSM</description><Point><coordinates>-48.010588,-23.893774,0</coordinates></Point></Placemark>
<Placemark><name>Radar</name><description>Fonte: DER-SP</description><Point><coordinates>-49.139373,-23.892103,0</coordinates></Point></Placemark>
<Placemark><name>Radar</name><description>Fonte: DER-SP · sentido 242° (sudoeste)</description><Point><coordinates>-46.472000,-23.892000,0</coordinates></Point></Placemark>
<Placemark><name>Radar</name><description>Fonte: DER-SP</description><Point><coordinates>-46.491000,-23.890000,0</coordinates></Point></Placemark>
<Placemark><name>Radar</name><description>Fonte: DER-SP</description><Point><coordinates>-49.139328,-23.887660,0</coordinates></Point></Placemark>
<Placemark><name>Radar 60 km/h</name><description>Fonte: OSM</description><Point><coordinates>-48.011344,-23.886551,0</coordinates></Point></Placemark>
<Placemark><name>Radar</name><description>Fonte: DER-SP</description><Point><coordinates>-48.011334,-23.886544,0</coordinates></Point></Placemark>
<Placemark><name>Radar</name><description>Fonte: DER-SP</description><Point><coordinates>-46.501000,-23.886000,0</coordinates></Point></Placemark>
<Placemark><name>Radar</name><description>Fonte: DER-SP</description><Point><coordinates>-46.485000,-23.886000,0</coordinates></Point></Placemark>
<Placemark><name>Radar</name><description>Fonte: DER-SP</description><Point><coordinates>-46.479324,-23.884709,0</coordinates></Point></Placemark>
<Placemark><name>Radar 80 km/h</name><description>Fonte: OSM</description><Point><coordinates>-46.500867,-23.884038,0</coordinates></Point></Placemark>
<Placemark><name>Radar</name><description>Fonte: DER-SP · sentido 268° (oeste)</description><Point><coordinates>-46.478000,-23.884000,0</coordinates></Point></Placemark>
<Placemark><name>Radar 80 km/h</name><description>Fonte: OSM</description><Point><coordinates>-46.488452,-23.882238,0</coordinates></Point></Placemark>
<Placemark><name>Radar</name><description>Fonte: DER-SP · sentido 225° (sudoeste)</description><Point><coordinates>-46.459000,-23.882000,0</coordinates></Point></Placemark>
<Placemark><name>Radar</name><description>Fonte: DER-SP · sentido 132° (sudeste)</description><Point><coordinates>-46.450392,-23.880210,0</coordinates></Point></Placemark>
<Placemark><name>Radar</name><description>Fonte: DER-SP · sentido 51° (nordeste)</description><Point><coordinates>-46.519000,-23.880000,0</coordinates></Point></Placemark>
<Placemark><name>Radar</name><description>Fonte: DER-SP · sentido 185° (sul)</description><Point><coordinates>-46.487849,-23.878459,0</coordinates></Point></Placemark>
<Placemark><name>Radar</name><description>Fonte: DER-SP</description><Point><coordinates>-46.452000,-23.878000,0</coordinates></Point></Placemark>
<Placemark><name>Radar</name><description>Fonte: DER-SP</description><Point><coordinates>-46.487000,-23.877000,0</coordinates></Point></Placemark>
<Placemark><name>Radar 60 km/h</name><description>Fonte: OSM</description><Point><coordinates>-46.325878,-23.876784,0</coordinates></Point></Placemark>
<Placemark><name>Radar</name><description>Fonte: DER-SP · sentido 77° (leste)</description><Point><coordinates>-46.325887,-23.876769,0</coordinates></Point></Placemark>
<Placemark><name>Radar</name><description>Fonte: DER-SP · sentido 77° (leste)</description><Point><coordinates>-46.325854,-23.876720,0</coordinates></Point></Placemark>
<Placemark><name>Radar</name><description>Fonte: DER-SP · sentido 247° (sudoeste)</description><Point><coordinates>-46.339489,-23.873651,0</coordinates></Point></Placemark>
<Placemark><name>Radar 60 km/h</name><description>Fonte: OSM</description><Point><coordinates>-46.339506,-23.873620,0</coordinates></Point></Placemark>
<Placemark><name>Radar</name><description>Fonte: DER-SP · sentido 262° (oeste)</description><Point><coordinates>-46.492042,-23.873618,0</coordinates></Point></Placemark>
<Placemark><name>Radar</name><description>Fonte: DER-SP</description><Point><coordinates>-46.339000,-23.873000,0</coordinates></Point></Placemark>
<Placemark><name>Radar 120 km/h</name><description>Fonte: OSM</description><Point><coordinates>-46.572005,-23.870565,0</coordinates></Point></Placemark>
<Placemark><name>Radar</name><description>Fonte: DER-SP · sentido 163° (sul)</description><Point><coordinates>-46.571954,-23.870496,0</coordinates></Point></Placemark>
<Placemark><name>Radar</name><description>Fonte: DER-SP</description><Point><coordinates>-46.490000,-23.870000,0</coordinates></Point></Placemark>
<Placemark><name>Radar</name><description>Fonte: DER-SP</description><Point><coordinates>-46.572000,-23.867000,0</coordinates></Point></Placemark>
<Placemark><name>Radar</name><description>Fonte: DER-SP · sentido 153° (sudeste)</description><Point><coordinates>-46.494949,-23.866637,0</coordinates></Point></Placemark>
<Placemark><name>Radar</name><description>Fonte: DER-SP · sentido 312° (noroeste)</description><Point><coordinates>-46.351700,-23.859050,0</coordinates></Point></Placemark>
<Placemark><name>Radar</name><description>Fonte: DER-SP · sentido 130° (sudeste)</description><Point><coordinates>-46.352600,-23.858850,0</coordinates></Point></Placemark>
<Placemark><name>Radar</name><description>Fonte: OSM</description><Point><coordinates>-46.941331,-23.856502,0</coordinates></Point></Placemark>
<Placemark><name>Radar</name><description>Fonte: DER-SP</description><Point><coordinates>-46.824097,-23.856190,0</coordinates></Point></Placemark>
<Placemark><name>Radar</name><description>Fonte: DER-SP</description><Point><coordinates>-48.030646,-23.848585,0</coordinates></Point></Placemark>
<Placemark><name>Radar 60 km/h</name><description>Fonte: OSM</description><Point><coordinates>-48.030807,-23.848462,0</coordinates></Point></Placemark>
<Placemark><name>Radar</name><description>Fonte: OSM</description><Point><coordinates>-46.935027,-23.843906,0</coordinates></Point></Placemark>
<Placemark><name>Radar 80 km/h</name><description>Fonte: ANTT · sentido 200° (sul)</description><Point><coordinates>-46.930805,-23.837917,0</coordinates></Point></Placemark>
<Placemark><name>Radar</name><description>Fonte: OSM</description><Point><coordinates>-46.930653,-23.837604,0</coordinates></Point></Placemark>
<Placemark><name>Radar</name><description>Fonte: OSM</description><Point><coordinates>-46.930536,-23.837210,0</coordinates></Point></Placemark>
<Placemark><name>Radar</name><description>Fonte: DER-SP · sentido 211° (sudoeste)</description><Point><coordinates>-48.171003,-23.832753,0</coordinates></Point></Placemark>
<Placemark><name>Radar</name><description>Fonte: DER-SP</description><Point><coordinates>-45.493749,-23.828931,0</coordinates></Point></Placemark>
<Placemark><name>Radar</name><description>Fonte: DER-SP · sentido 189° (sul)</description><Point><coordinates>-48.168600,-23.827900,0</coordinates></Point></Placemark>
<Placemark><name>Radar 80 km/h</name><description>Fonte: OSM</description><Point><coordinates>-47.457268,-23.827537,0</coordinates></Point></Placemark>
<Placemark><name>Radar</name><description>Fonte: DER-SP</description><Point><coordinates>-46.458903,-23.823678,0</coordinates></Point></Placemark>
<Placemark><name>Radar 60 km/h</name><description>Fonte: OSM</description><Point><coordinates>-45.409061,-23.819257,0</coordinates></Point></Placemark>
<Placemark><name>Radar</name><description>Fonte: DER-SP</description><Point><coordinates>-46.477346,-23.817648,0</coordinates></Point></Placemark>
<Placemark><name>Radar 60 km/h</name><description>Fonte: OSM</description><Point><coordinates>-45.459899,-23.817147,0</coordinates></Point></Placemark>
<Placemark><name>Radar</name><description>Fonte: DER-SP</description><Point><coordinates>-45.459781,-23.817098,0</coordinates></Point></Placemark>
<Placemark><name>Radar</name><description>Fonte: DER-SP</description><Point><coordinates>-45.464183,-23.816232,0</coordinates></Point></Placemark>
<Placemark><name>Radar 40 km/h</name><description>Fonte: OSM</description><Point><coordinates>-45.464226,-23.815836,0</coordinates></Point></Placemark>
<Placemark><name>Radar 40 km/h</name><description>Fonte: OSM</description><Point><coordinates>-45.529661,-23.814102,0</coordinates></Point></Placemark>
<Placemark><name>Radar</name><description>Fonte: DER-SP</description><Point><coordinates>-45.529984,-23.813885,0</coordinates></Point></Placemark>
<Placemark><name>Radar 30 km/h</name><description>Fonte: OSM</description><Point><coordinates>-45.407064,-23.808087,0</coordinates></Point></Placemark>
<Placemark><name>Radar</name><description>Fonte: OSM</description><Point><coordinates>-46.680121,-23.807558,0</coordinates></Point></Placemark>
<Placemark><name>Radar 100 km/h</name><description>Fonte: OSM</description><Point><coordinates>-46.734428,-23.802731,0</coordinates></Point></Placemark>
<Placemark><name>Radar</name><description>Fonte: DER-SP</description><Point><coordinates>-46.826945,-23.802137,0</coordinates></Point></Placemark>
<Placemark><name>Radar 40 km/h</name><description>Fonte: OSM</description><Point><coordinates>-46.057980,-23.801596,0</coordinates></Point></Placemark>
<Placemark><name>Radar 100 km/h</name><description>Fonte: OSM</description><Point><coordinates>-46.668630,-23.800751,0</coordinates></Point></Placemark>
<Placemark><name>Radar</name><description>Fonte: DER-SP · sentido 215° (sudoeste)</description><Point><coordinates>-46.668300,-23.800340,0</coordinates></Point></Placemark>
<Placemark><name>Radar</name><description>Fonte: DER-SP</description><Point><coordinates>-46.668246,-23.800245,0</coordinates></Point></Placemark>
<Placemark><name>Radar 60 km/h</name><description>Fonte: OSM</description><Point><coordinates>-45.401845,-23.799149,0</coordinates></Point></Placemark>
<Placemark><name>Radar</name><description>Fonte: DER-SP · sentido 116° (sudeste)</description><Point><coordinates>-46.744320,-23.799010,0</coordinates></Point></Placemark>
<Placemark><name>Radar 100 km/h</name><description>Fonte: OSM</description><Point><coordinates>-46.744553,-23.798907,0</coordinates></Point></Placemark>
<Placemark><name>Radar</name><description>Fonte: DER-SP</description><Point><coordinates>-45.542336,-23.798466,0</coordinates></Point></Placemark>
<Placemark><name>Radar</name><description>Fonte: DER-SP</description><Point><coordinates>-46.745308,-23.798255,0</coordinates></Point></Placemark>
<Placemark><name>Radar</name><description>Fonte: DER-SP</description><Point><coordinates>-46.817148,-23.798193,0</coordinates></Point></Placemark>
<Placemark><name>Radar</name><description>Fonte: DER-SP</description><Point><coordinates>-46.815676,-23.797076,0</coordinates></Point></Placemark>
<Placemark><name>Radar 60 km/h</name><description>Fonte: OSM</description><Point><coordinates>-45.400194,-23.794218,0</coordinates></Point></Placemark>
<Placemark><name>Radar 60 km/h</name><description>Fonte: ANTT · sentido 190° (sul)</description><Point><coordinates>-46.915250,-23.793639,0</coordinates></Point></Placemark>
<Placemark><name>Radar</name><description>Fonte: OSM</description><Point><coordinates>-46.915308,-23.793401,0</coordinates></Point></Placemark>
<Placemark><name>Radar</name><description>Fonte: OSM</description><Point><coordinates>-46.915298,-23.793366,0</coordinates></Point></Placemark>
<Placemark><name>Radar 60 km/h</name><description>Fonte: OSM</description><Point><coordinates>-45.399340,-23.791878,0</coordinates></Point></Placemark>
<Placemark><name>Radar 60 km/h</name><description>Fonte: OSM</description><Point><coordinates>-45.399403,-23.791843,0</coordinates></Point></Placemark>
<Placemark><name>Radar 40 km/h</name><description>Fonte: OSM</description><Point><coordinates>-45.559556,-23.791546,0</coordinates></Point></Placemark>
<Placemark><name>Radar 40 km/h</name><description>Fonte: OSM</description><Point><coordinates>-45.559736,-23.791507,0</coordinates></Point></Placemark>
<Placemark><name>Radar 60 km/h</name><description>Fonte: OSM</description><Point><coordinates>-45.398954,-23.790904,0</coordinates></Point></Placemark>
<Placemark><name>Radar 60 km/h</name><description>Fonte: OSM</description><Point><coordinates>-45.398826,-23.790642,0</coordinates></Point></Placemark>
<Placemark><name>Radar</name><description>Fonte: DER-SP</description><Point><coordinates>-45.565944,-23.790369,0</coordinates></Point></Placemark>
<Placemark><name>Radar 60 km/h</name><description>Fonte: OSM</description><Point><coordinates>-45.583434,-23.790209,0</coordinates></Point></Placemark>
<Placemark><name>Radar 40 km/h</name><description>Fonte: OSM</description><Point><coordinates>-45.574728,-23.790183,0</coordinates></Point></Placemark>
<Placemark><name>Radar 40 km/h</name><description>Fonte: OSM</description><Point><coordinates>-45.574505,-23.790180,0</coordinates></Point></Placemark>
<Placemark><name>Radar 50 km/h</name><description>Fonte: OSM</description><Point><coordinates>-45.585654,-23.788815,0</coordinates></Point></Placemark>
<Placemark><name>Radar</name><description>Fonte: DER-SP</description><Point><coordinates>-45.585775,-23.788657,0</coordinates></Point></Placemark>
<Placemark><name>Radar</name><description>Fonte: DER-SP</description><Point><coordinates>-46.506718,-23.788041,0</coordinates></Point></Placemark>
<Placemark><name>Radar 50 km/h</name><description>Fonte: OSM</description><Point><coordinates>-45.588902,-23.787624,0</coordinates></Point></Placemark>
<Placemark><name>Radar</name><description>Fonte: DER-SP</description><Point><coordinates>-45.589124,-23.787389,0</coordinates></Point></Placemark>
<Placemark><name>Radar 60 km/h</name><description>Fonte: OSM</description><Point><coordinates>-46.762409,-23.784808,0</coordinates></Point></Placemark>
<Placemark><name>Radar</name><description>Fonte: DER-SP · sentido 314° (noroeste)</description><Point><coordinates>-46.524889,-23.784548,0</coordinates></Point></Placemark>
<Placemark><name>Radar 40 km/h</name><description>Fonte: OSM</description><Point><coordinates>-45.623052,-23.784235,0</coordinates></Point></Placemark>
<Placemark><name>Radar</name><description>Fonte: OSM</description><Point><coordinates>-46.531720,-23.784208,0</coordinates></Point></Placemark>
<Placemark><name>Radar</name><description>Fonte: OSM</description><Point><coordinates>-46.531927,-23.784169,0</coordinates></Point></Placemark>
<Placemark><name>Radar</name><description>Fonte: DER-SP · sentido 137° (sudeste)</description><Point><coordinates>-46.525790,-23.783790,0</coordinates></Point></Placemark>
<Placemark><name>Radar</name><description>Fonte: DER-SP</description><Point><coordinates>-45.630696,-23.783335,0</coordinates></Point></Placemark>
<Placemark><name>Radar 40 km/h</name><description>Fonte: OSM</description><Point><coordinates>-45.634505,-23.782773,0</coordinates></Point></Placemark>
<Placemark><name>Radar</name><description>Fonte: DER-SP</description><Point><coordinates>-46.834082,-23.782034,0</coordinates></Point></Placemark>
<Placemark><name>Radar</name><description>Fonte: DER-SP</description><Point><coordinates>-46.506647,-23.781933,0</coordinates></Point></Placemark>
<Placemark><name>Radar</name><description>Fonte: DER-SP</description><Point><coordinates>-45.607280,-23.781928,0</coordinates></Point></Placemark>
<Placemark><name>Radar</name><description>Fonte: DER-SP</description><Point><coordinates>-46.488957,-23.781874,0</coordinates></Point></Placemark>
<Placemark><name>Radar</name><description>Fonte: DER-SP</description><Point><coordinates>-46.526000,-23.781000,0</coordinates></Point></Placemark>
<Placemark><name>Radar 60 km/h</name><description>Fonte: OSM</description><Point><coordinates>-45.400895,-23.778272,0</coordinates></Point></Placemark>
<Placemark><name>Radar</name><description>Fonte: DER-SP</description><Point><coordinates>-45.967203,-23.777870,0</coordinates></Point></Placemark>
<Placemark><name>Radar 40 km/h</name><description>Fonte: OSM</description><Point><coordinates>-46.523775,-23.777586,0</coordinates></Point></Placemark>
<Placemark><name>Radar 40 km/h</name><description>Fonte: OSM</description><Point><coordinates>-46.523786,-23.777515,0</coordinates></Point></Placemark>
<Placemark><name>Radar 60 km/h</name><description>Fonte: OSM</description><Point><coordinates>-46.530214,-23.774481,0</coordinates></Point></Placemark>
<Placemark><name>Radar</name><description>Fonte: DER-SP</description><Point><coordinates>-46.328039,-23.773269,0</coordinates></Point></Placemark>
<Placemark><name>Radar</name><description>Fonte: DER-SP</description><Point><coordinates>-46.365645,-23.772789,0</coordinates></Point></Placemark>
<Placemark><name>Radar 40 km/h</name><description>Fonte: OSM</description><Point><coordinates>-45.638729,-23.770840,0</coordinates></Point></Placemark>
<Placemark><name>Radar</name><description>Fonte: DER-SP</description><Point><coordinates>-45.638830,-23.770770,0</coordinates></Point></Placemark>
<Placemark><name>Radar 40 km/h</name><description>Fonte: OSM</description><Point><coordinates>-45.639161,-23.770345,0</coordinates></Point></Placemark>
<Placemark><name>Radar</name><description>Fonte: OSM</description><Point><coordinates>-46.908019,-23.765896,0</coordinates></Point></Placemark>
<Placemark><name>Radar 60 km/h</name><description>Fonte: OSM</description><Point><coordinates>-45.406911,-23.765827,0</coordinates></Point></Placemark>
<Placemark><name>Radar</name><description>Fonte: DER-SP</description><Point><coordinates>-46.464135,-23.764359,0</coordinates></Point></Placemark>
<Placemark><name>Radar</name><description>Fonte: DER-SP</description><Point><coordinates>-46.537102,-23.764337,0</coordinates></Point></Placemark>
<Placemark><name>Radar</name><description>Fonte: DER-SP · sentido 280° (oeste)</description><Point><coordinates>-46.543400,-23.763270,0</coordinates></Point></Placemark>
<Placemark><name>Radar 80 km/h</name><description>Fonte: OSM</description><Point><coordinates>-46.772156,-23.763203,0</coordinates></Point></Placemark>
<Placemark><name>Radar</name><description>Fonte: OSM</description><Point><coordinates>-46.905207,-23.762028,0</coordinates></Point></Placemark>
<Placemark><name>Radar 40 km/h</name><description>Fonte: OSM</description><Point><coordinates>-45.412217,-23.759525,0</coordinates></Point></Placemark>
<Placemark><name>Radar 40 km/h</name><description>Fonte: OSM</description><Point><coordinates>-45.412297,-23.759523,0</coordinates></Point></Placemark>
<Placemark><name>Radar 40 km/h</name><description>Fonte: OSM</description><Point><coordinates>-45.722899,-23.758526,0</coordinates></Point></Placemark>
<Placemark><name>Radar</name><description>Fonte: DER-SP</description><Point><coordinates>-45.723186,-23.758289,0</coordinates></Point></Placemark>
<Placemark><name>Radar 40 km/h</name><description>Fonte: OSM</description><Point><coordinates>-45.723549,-23.758045,0</coordinates></Point></Placemark>
<Placemark><name>Radar</name><description>Fonte: OSM</description><Point><coordinates>-46.544111,-23.757988,0</coordinates></Point></Placemark>
<Placemark><name>Radar 50 km/h</name><description>Fonte: OSM</description><Point><coordinates>-46.583698,-23.757299,0</coordinates></Point></Placemark>
<Placemark><name>Radar</name><description>Fonte: DER-SP · sentido 164° (sul)</description><Point><coordinates>-46.039289,-23.756958,0</coordinates></Point></Placemark>
<Placemark><name>Radar</name><description>Fonte: DER-SP · sentido 254° (oeste)</description><Point><coordinates>-46.566990,-23.756950,0</coordinates></Point></Placemark>
<Placemark><name>Radar 40 km/h</name><description>Fonte: OSM</description><Point><coordinates>-45.850390,-23.756317,0</coordinates></Point></Placemark>
<Placemark><name>Radar</name><description>Fonte: DER-SP</description><Point><coordinates>-45.849659,-23.756202,0</coordinates></Point></Placemark>
<Placemark><name>Radar 40 km/h</name><description>Fonte: OSM</description><Point><coordinates>-46.577927,-23.756018,0</coordinates></Point></Placemark>
<Placemark><name>Radar</name><description>Fonte: DER-SP</description><Point><coordinates>-45.878212,-23.755851,0</coordinates></Point></Placemark>
<Placemark><name>Radar 40 km/h</name><description>Fonte: OSM</description><Point><coordinates>-46.577217,-23.755689,0</coordinates></Point></Placemark>
<Placemark><name>Radar</name><description>Fonte: DER-SP</description><Point><coordinates>-45.815584,-23.755163,0</coordinates></Point></Placemark>
<Placemark><name>Radar</name><description>Fonte: DER-SP</description><Point><coordinates>-46.839185,-23.754930,0</coordinates></Point></Placemark>
<Placemark><name>Radar</name><description>Fonte: DER-SP</description><Point><coordinates>-45.825170,-23.754464,0</coordinates></Point></Placemark>
<Placemark><name>Radar 40 km/h</name><description>Fonte: OSM</description><Point><coordinates>-45.825321,-23.754427,0</coordinates></Point></Placemark>
<Placemark><name>Radar 40 km/h</name><description>Fonte: OSM</description><Point><coordinates>-45.825102,-23.754397,0</coordinates></Point></Placemark>
<Placemark><name>Radar</name><description>Fonte: DER-SP · sentido 160° (sul)</description><Point><coordinates>-46.594308,-23.754179,0</coordinates></Point></Placemark>
<Placemark><name>Radar 120 km/h</name><description>Fonte: OSM</description><Point><coordinates>-46.594405,-23.753966,0</coordinates></Point></Placemark>
<Placemark><name>Radar 40 km/h</name><description>Fonte: OSM</description><Point><coordinates>-46.789277,-23.753808,0</coordinates></Point></Placemark>
<Placemark><name>Radar 40 km/h</name><description>Fonte: OSM</description><Point><coordinates>-46.789416,-23.753651,0</coordinates></Point></Placemark>
<Placemark><name>Radar</name><description>Fonte: DER-SP</description><Point><coordinates>-46.797670,-23.753639,0</coordinates></Point></Placemark>
<Placemark><name>Radar 100 km/h</name><description>Fonte: OSM</description><Point><coordinates>-46.798036,-23.753468,0</coordinates></Point></Placemark>
<Placemark><name>Radar</name><description>Fonte: DER-SP</description><Point><coordinates>-46.397110,-23.753456,0</coordinates></Point></Placemark>
<Placemark><name>Radar</name><description>Fonte: DER-SP · sentido 115° (sudeste)</description><Point><coordinates>-46.797880,-23.753450,0</coordinates></Point></Placemark>
<Placemark><name>Radar 50 km/h</name><description>Fonte: OSM</description><Point><coordinates>-46.688394,-23.753354,0</coordinates></Point></Placemark>
<Placemark><name>Radar 50 km/h</name><description>Fonte: OSM</description><Point><coordinates>-46.688343,-23.753307,0</coordinates></Point></Placemark>
<Placemark><name>Radar</name><description>Fonte: DER-SP</description><Point><coordinates>-45.726078,-23.750839,0</coordinates></Point></Placemark>
<Placemark><name>Radar 50 km/h</name><description>Fonte: OSM</description><Point><coordinates>-46.571043,-23.750731,0</coordinates></Point></Placemark>
<Placemark><name>Radar 50 km/h</name><description>Fonte: OSM</description><Point><coordinates>-46.571086,-23.750663,0</coordinates></Point></Placemark>
<Placemark><name>Radar 40 km/h</name><description>Fonte: OSM</description><Point><coordinates>-45.410531,-23.748755,0</coordinates></Point></Placemark>
<Placemark><name>Radar</name><description>Fonte: DER-SP</description><Point><coordinates>-45.410333,-23.748566,0</coordinates></Point></Placemark>
<Placemark><name>Radar 40 km/h</name><description>Fonte: OSM</description><Point><coordinates>-46.612650,-23.746017,0</coordinates></Point></Placemark>
<Placemark><name>Radar 40 km/h</name><description>Fonte: OSM</description><Point><coordinates>-46.612374,-23.745785,0</coordinates></Point></Placemark>
<Placemark><name>Radar</name><description>Fonte: DER-SP</description><Point><coordinates>-46.792966,-23.745662,0</coordinates></Point></Placemark>
<Placemark><name>Radar 50 km/h</name><description>Fonte: OSM</description><Point><coordinates>-46.690830,-23.744174,0</coordinates></Point></Placemark>
<Placemark><name>Radar 100 km/h</name><description>Fonte: OSM</description><Point><coordinates>-46.812777,-23.743080,0</coordinates></Point></Placemark>
<Placemark><name>Radar</name><description>Fonte: DER-SP</description><Point><coordinates>-45.732284,-23.742489,0</coordinates></Point></Placemark>
<Placemark><name>Radar 60 km/h</name><description>Fonte: OSM</description><Point><coordinates>-45.731803,-23.742356,0</coordinates></Point></Placemark>
<Placemark><name>Radar 50 km/h</name><description>Fonte: OSM</description><Point><coordinates>-46.588219,-23.741633,0</coordinates></Point></Placemark>
<Placemark><name>Radar</name><description>Fonte: DER-SP</description><Point><coordinates>-46.441460,-23.739892,0</coordinates></Point></Placemark>
<Placemark><name>Radar</name><description>Fonte: DER-SP</description><Point><coordinates>-46.599000,-23.739000,0</coordinates></Point></Placemark>
<Placemark><name>Radar</name><description>Fonte: DER-SP</description><Point><coordinates>-46.844483,-23.736784,0</coordinates></Point></Placemark>
<Placemark><name>Radar 40 km/h</name><description>Fonte: OSM</description><Point><coordinates>-46.579612,-23.734474,0</coordinates></Point></Placemark>
<Placemark><name>Radar</name><description>Fonte: DER-SP</description><Point><coordinates>-46.409896,-23.733608,0</coordinates></Point></Placemark>
<Placemark><name>Radar 40 km/h</name><description>Fonte: OSM</description><Point><coordinates>-46.568963,-23.731096,0</coordinates></Point></Placemark>
<Placemark><name>Radar 40 km/h</name><description>Fonte: OSM</description><Point><coordinates>-46.568782,-23.730890,0</coordinates></Point></Placemark>
<Placemark><name>Radar 40 km/h</name><description>Fonte: OSM</description><Point><coordinates>-46.495684,-23.730785,0</coordinates></Point></Placemark>
<Placemark><name>Radar 120 km/h</name><description>Fonte: OSM</description><Point><coordinates>-46.606190,-23.730292,0</coordinates></Point></Placemark>
<Placemark><name>Radar</name><description>Fonte: DER-SP</description><Point><coordinates>-46.844841,-23.730080,0</coordinates></Point></Placemark>
<Placemark><name>Radar 60 km/h</name><description>Fonte: OSM</description><Point><coordinates>-46.547693,-23.729151,0</coordinates></Point></Placemark>
<Placemark><name>Radar 50 km/h</name><description>Fonte: OSM</description><Point><coordinates>-46.547572,-23.729151,0</coordinates></Point></Placemark>
<Placemark><name>Radar</name><description>Fonte: DER-SP</description><Point><coordinates>-46.420793,-23.727927,0</coordinates></Point></Placemark>
<Placemark><name>Radar 60 km/h</name><description>Fonte: OSM</description><Point><coordinates>-46.548605,-23.727871,0</coordinates></Point></Placemark>
<Placemark><name>Radar</name><description>Fonte: OSM</description><Point><coordinates>-46.548498,-23.727852,0</coordinates></Point></Placemark>
<Placemark><name>Radar 60 km/h</name><description>Fonte: OSM</description><Point><coordinates>-46.548538,-23.727795,0</coordinates></Point></Placemark>
<Placemark><name>Radar 60 km/h</name><description>Fonte: OSM</description><Point><coordinates>-45.416813,-23.726733,0</coordinates></Point></Placemark>
<Placemark><name>Radar 60 km/h</name><description>Fonte: OSM</description><Point><coordinates>-45.416914,-23.726652,0</coordinates></Point></Placemark>
<Placemark><name>Radar 40 km/h</name><description>Fonte: OSM</description><Point><coordinates>-45.436013,-23.725863,0</coordinates></Point></Placemark>
<Placemark><name>Radar 40 km/h</name><description>Fonte: OSM</description><Point><coordinates>-45.436143,-23.725768,0</coordinates></Point></Placemark>
<Placemark><name>Radar</name><description>Fonte: DER-SP</description><Point><coordinates>-45.421800,-23.725271,0</coordinates></Point></Placemark>
<Placemark><name>Radar</name><description>Fonte: DER-SP</description><Point><coordinates>-46.807096,-23.725231,0</coordinates></Point></Placemark>
<Placemark><name>Radar 30 km/h</name><description>Fonte: OSM</description><Point><coordinates>-46.524319,-23.723735,0</coordinates></Point></Placemark>
<Placemark><name>Radar 40 km/h</name><description>Fonte: OSM</description><Point><coordinates>-46.555655,-23.723673,0</coordinates></Point></Placemark>
<Placemark><name>Radar 30 km/h</name><description>Fonte: OSM</description><Point><coordinates>-46.524262,-23.723619,0</coordinates></Point></Placemark>
<Placemark><name>Radar</name><description>Fonte: OSM</description><Point><coordinates>-46.550213,-23.722920,0</coordinates></Point></Placemark>
<Placemark><name>Radar</name><description>Fonte: DER-SP</description><Point><coordinates>-46.807000,-23.722000,0</coordinates></Point></Placemark>
<Placemark><name>Radar 50 km/h</name><description>Fonte: OSM</description><Point><coordinates>-46.547993,-23.721738,0</coordinates></Point></Placemark>
<Placemark><name>Radar 50 km/h</name><description>Fonte: OSM</description><Point><coordinates>-46.560460,-23.719067,0</coordinates></Point></Placemark>
<Placemark><name>Radar</name><description>Fonte: DER-SP</description><Point><coordinates>-46.811024,-23.717635,0</coordinates></Point></Placemark>
<Placemark><name>Radar 60 km/h</name><description>Fonte: OSM</description><Point><coordinates>-46.573371,-23.717427,0</coordinates></Point></Placemark>
<Placemark><name>Radar</name><description>Fonte: OSM</description><Point><coordinates>-46.573371,-23.717419,0</coordinates></Point></Placemark>
<Placemark><name>Radar</name><description>Fonte: DER-SP · sentido 138° (sudeste)</description><Point><coordinates>-46.811470,-23.717260,0</coordinates></Point></Placemark>
<Placemark><name>Radar 100 km/h</name><description>Fonte: OSM</description><Point><coordinates>-46.811646,-23.717129,0</coordinates></Point></Placemark>
<Placemark><name>Radar 50 km/h</name><description>Fonte: OSM</description><Point><coordinates>-46.551829,-23.717110,0</coordinates></Point></Placemark>
<Placemark><name>Radar 50 km/h</name><description>Fonte: OSM</description><Point><coordinates>-46.852220,-23.716275,0</coordinates></Point></Placemark>
<Placemark><name>Radar 50 km/h</name><description>Fonte: OSM</description><Point><coordinates>-46.533179,-23.715458,0</coordinates></Point></Placemark>
<Placemark><name>Radar 50 km/h</name><description>Fonte: OSM</description><Point><coordinates>-46.533067,-23.715152,0</coordinates></Point></Placemark>
<Placemark><name>Radar</name><description>Fonte: DER-SP</description><Point><coordinates>-46.865814,-23.714837,0</coordinates></Point></Placemark>
<Placemark><name>Radar</name><description>Fonte: OSM</description><Point><coordinates>-46.552845,-23.712782,0</coordinates></Point></Placemark>
<Placemark><name>Radar 50 km/h</name><description>Fonte: OSM</description><Point><coordinates>-46.710048,-23.712689,0</coordinates></Point></Placemark>
<Placemark><name>Radar 50 km/h</name><description>Fonte: OSM</description><Point><coordinates>-46.709909,-23.712545,0</coordinates></Point></Placemark>
<Placemark><name>Radar</name><description>Fonte: OSM</description><Point><coordinates>-46.574072,-23.711640,0</coordinates></Point></Placemark>
<Placemark><name>Radar 50 km/h</name><description>Fonte: OSM</description><Point><coordinates>-46.568779,-23.711576,0</coordinates></Point></Placemark>
<Placemark><name>Radar</name><description>Fonte: OSM</description><Point><coordinates>-46.573884,-23.711573,0</coordinates></Point></Placemark>
<Placemark><name>Radar</name><description>Fonte: DER-SP · sentido 305° (noroeste)</description><Point><coordinates>-49.474785,-23.711495,0</coordinates></Point></Placemark>
<Placemark><name>Radar 50 km/h</name><description>Fonte: OSM</description><Point><coordinates>-46.566121,-23.711471,0</coordinates></Point></Placemark>
<Placemark><name>Radar 50 km/h</name><description>Fonte: OSM</description><Point><coordinates>-46.568443,-23.711430,0</coordinates></Point></Placemark>
<Placemark><name>Radar 50 km/h</name><description>Fonte: OSM</description><Point><coordinates>-47.406978,-23.711365,0</coordinates></Point></Placemark>
<Placemark><name>Radar 50 km/h</name><description>Fonte: OSM</description><Point><coordinates>-46.565649,-23.711178,0</coordinates></Point></Placemark>
<Placemark><name>Radar 30 km/h</name><description>Fonte: OSM</description><Point><coordinates>-46.870635,-23.711168,0</coordinates></Point></Placemark>
<Placemark><name>Radar 50 km/h</name><description>Fonte: OSM</description><Point><coordinates>-46.530134,-23.711025,0</coordinates></Point></Placemark>
<Placemark><name>Radar 50 km/h</name><description>Fonte: OSM</description><Point><coordinates>-46.530289,-23.710907,0</coordinates></Point></Placemark>
<Placemark><name>Radar 40 km/h</name><description>Fonte: OSM</description><Point><coordinates>-47.417013,-23.710635,0</coordinates></Point></Placemark>
<Placemark><name>Radar 40 km/h</name><description>Fonte: OSM</description><Point><coordinates>-47.417654,-23.710330,0</coordinates></Point></Placemark>
<Placemark><name>Radar</name><description>Fonte: DER-SP · sentido 126° (sudeste)</description><Point><coordinates>-49.507495,-23.709358,0</coordinates></Point></Placemark>
<Placemark><name>Radar</name><description>Fonte: DER-SP</description><Point><coordinates>-46.390107,-23.709067,0</coordinates></Point></Placemark>
<Placemark><name>Radar</name><description>Fonte: DER-SP</description><Point><coordinates>-46.432056,-23.708583,0</coordinates></Point></Placemark>
<Placemark><name>Radar</name><description>Fonte: DER-SP · sentido 223° (sudoeste)</description><Point><coordinates>-46.432230,-23.708550,0</coordinates></Point></Placemark>
<Placemark><name>Radar 40 km/h</name><description>Fonte: OSM</description><Point><coordinates>-46.596014,-23.708329,0</coordinates></Point></Placemark>
<Placemark><name>Radar 40 km/h</name><description>Fonte: OSM</description><Point><coordinates>-46.595773,-23.708158,0</coordinates></Point></Placemark>
<Placemark><name>Radar 40 km/h</name><description>Fonte: OSM</description><Point><coordinates>-46.521583,-23.707378,0</coordinates></Point></Placemark>
<Placemark><name>Radar 40 km/h</name><description>Fonte: OSM</description><Point><coordinates>-46.535633,-23.706800,0</coordinates></Point></Placemark>
<Placemark><name>Radar 40 km/h</name><description>Fonte: OSM</description><Point><coordinates>-46.549387,-23.706236,0</coordinates></Point></Placemark>
<Placemark><name>Radar 40 km/h</name><description>Fonte: OSM</description><Point><coordinates>-46.549939,-23.706102,0</coordinates></Point></Placemark>
<Placemark><name>Radar 40 km/h</name><description>Fonte: OSM</description><Point><coordinates>-46.520399,-23.705699,0</coordinates></Point></Placemark>
<Placemark><name>Radar 40 km/h</name><description>Fonte: OSM</description><Point><coordinates>-46.520541,-23.705630,0</coordinates></Point></Placemark>
<Placemark><name>Radar</name><description>Fonte: DER-SP · sentido 56° (nordeste)</description><Point><coordinates>-49.468019,-23.705188,0</coordinates></Point></Placemark>
<Placemark><name>Radar 60 km/h</name><description>Fonte: OSM</description><Point><coordinates>-47.434407,-23.705094,0</coordinates></Point></Placemark>
<Placemark><name>Radar 60 km/h</name><description>Fonte: OSM</description><Point><coordinates>-47.437441,-23.705077,0</coordinates></Point></Placemark>
<Placemark><name>Radar</name><description>Fonte: DER-SP · sentido 257° (oeste)</description><Point><coordinates>-49.466363,-23.704203,0</coordinates></Point></Placemark>
<Placemark><name>Radar</name><description>Fonte: DER-SP · sentido 239° (sudoeste)</description><Point><coordinates>-49.466248,-23.704181,0</coordinates></Point></Placemark>
<Placemark><name>Radar 50 km/h</name><description>Fonte: OSM</description><Point><coordinates>-46.517793,-23.703945,0</coordinates></Point></Placemark>
<Placemark><name>Radar</name><description>Fonte: DER-SP</description><Point><coordinates>-46.382912,-23.703928,0</coordinates></Point></Placemark>
<Placemark><name>Radar</name><description>Fonte: OSM</description><Point><coordinates>-46.544151,-23.702989,0</coordinates></Point></Placemark>
<Placemark><name>Radar 50 km/h</name><description>Fonte: OSM</description><Point><coordinates>-46.701400,-23.701419,0</coordinates></Point></Placemark>
<Placemark><name>Radar 50 km/h</name><description>Fonte: OSM</description><Point><coordinates>-46.701461,-23.701407,0</coordinates></Point></Placemark>
<Placemark><name>Radar 100 km/h</name><description>Fonte: OSM</description><Point><coordinates>-46.814165,-23.701140,0</coordinates></Point></Placemark>
<Placemark><name>Radar 40 km/h</name><description>Fonte: OSM</description><Point><coordinates>-46.563336,-23.700242,0</coordinates></Point></Placemark>
<Placemark><name>Radar 40 km/h</name><description>Fonte: OSM</description><Point><coordinates>-46.590258,-23.700006,0</coordinates></Point></Placemark>
<Placemark><name>Radar 40 km/h</name><description>Fonte: OSM</description><Point><coordinates>-46.563541,-23.699973,0</coordinates></Point></Placemark>
<Placemark><name>Radar</name><description>Fonte: OSM</description><Point><coordinates>-46.867813,-23.699960,0</coordinates></Point></Placemark>
<Placemark><name>Radar 40 km/h</name><description>Fonte: OSM</description><Point><coordinates>-46.590120,-23.699638,0</coordinates></Point></Placemark>
<Placemark><name>Radar 40 km/h</name><description>Fonte: OSM</description><Point><coordinates>-46.548794,-23.699336,0</coordinates></Point></Placemark>
<Placemark><name>Radar</name><description>Fonte: OSM</description><Point><coordinates>-46.866857,-23.699102,0</coordinates></Point></Placemark>
<Placemark><name>Radar</name><description>Fonte: OSM</description><Point><coordinates>-46.866766,-23.699006,0</coordinates></Point></Placemark>
<Placemark><name>Radar 90 km/h</name><description>Fonte: OSM</description><Point><coordinates>-46.561804,-23.698691,0</coordinates></Point></Placemark>
<Placemark><name>Radar 60 km/h</name><description>Fonte: OSM</description><Point><coordinates>-45.439208,-23.698601,0</coordinates></Point></Placemark>
<Placemark><name>Radar 60 km/h</name><description>Fonte: OSM</description><Point><coordinates>-45.439113,-23.698563,0</coordinates></Point></Placemark>
<Placemark><name>Radar</name><description>Fonte: DER-SP</description><Point><coordinates>-46.826415,-23.698383,0</coordinates></Point></Placemark>
<Placemark><name>Radar</name><description>Fonte: OSM</description><Point><coordinates>-46.866529,-23.698350,0</coordinates></Point></Placemark>
<Placemark><name>Radar</name><description>Fonte: OSM</description><Point><coordinates>-46.577786,-23.697852,0</coordinates></Point></Placemark>
<Placemark><name>Radar</name><description>Fonte: OSM</description><Point><coordinates>-46.479674,-23.697558,0</coordinates></Point></Placemark>
<Placemark><name>Radar</name><description>Fonte: OSM</description><Point><coordinates>-46.479672,-23.697367,0</coordinates></Point></Placemark>
<Placemark><name>Radar 40 km/h</name><description>Fonte: OSM</description><Point><coordinates>-46.561616,-23.697200,0</coordinates></Point></Placemark>
<Placemark><name>Radar</name><description>Fonte: OSM</description><Point><coordinates>-46.715051,-23.696387,0</coordinates></Point></Placemark>
<Placemark><name>Radar 50 km/h</name><description>Fonte: OSM</description><Point><coordinates>-46.714842,-23.696172,0</coordinates></Point></Placemark>
<Placemark><name>Radar 50 km/h</name><description>Fonte: OSM</description><Point><coordinates>-46.715036,-23.696026,0</coordinates></Point></Placemark>
<Placemark><name>Radar 80 km/h</name><description>Fonte: OSM</description><Point><coordinates>-46.563138,-23.695657,0</coordinates></Point></Placemark>
<Placemark><name>Radar 60 km/h</name><description>Fonte: OSM</description><Point><coordinates>-46.552884,-23.695262,0</coordinates></Point></Placemark>
<Placemark><name>Radar 60 km/h</name><description>Fonte: OSM</description><Point><coordinates>-46.553100,-23.695250,0</coordinates></Point></Placemark>
<Placemark><name>Radar 40 km/h</name><description>Fonte: OSM</description><Point><coordinates>-46.567976,-23.693639,0</coordinates></Point></Placemark>
<Placemark><name>Radar 40 km/h</name><description>Fonte: OSM</description><Point><coordinates>-46.568009,-23.693484,0</coordinates></Point></Placemark>
<Placemark><name>Radar 40 km/h</name><description>Fonte: OSM</description><Point><coordinates>-46.701603,-23.693376,0</coordinates></Point></Placemark>
<Placemark><name>Radar 40 km/h</name><description>Fonte: OSM</description><Point><coordinates>-46.701552,-23.693376,0</coordinates></Point></Placemark>
<Placemark><name>Radar 50 km/h</name><description>Fonte: OSM</description><Point><coordinates>-46.507157,-23.692376,0</coordinates></Point></Placemark>
<Placemark><name>Radar 60 km/h</name><description>Fonte: OSM</description><Point><coordinates>-46.448899,-23.692220,0</coordinates></Point></Placemark>
<Placemark><name>Radar 40 km/h</name><description>Fonte: OSM</description><Point><coordinates>-46.566591,-23.691991,0</coordinates></Point></Placemark>
<Placemark><name>Radar</name><description>Fonte: OSM</description><Point><coordinates>-46.587615,-23.691601,0</coordinates></Point></Placemark>
<Placemark><name>Radar 70 km/h</name><description>Fonte: OSM</description><Point><coordinates>-46.472478,-23.690720,0</coordinates></Point></Placemark>
<Placemark><name>Radar</name><description>Fonte: DER-SP · sentido 346° (norte)</description><Point><coordinates>-49.522840,-23.690673,0</coordinates></Point></Placemark>
<Placemark><name>Radar 50 km/h</name><description>Fonte: OSM</description><Point><coordinates>-46.577495,-23.690553,0</coordinates></Point></Placemark>
<Placemark><name>Radar 60 km/h</name><description>Fonte: OSM</description><Point><coordinates>-46.559230,-23.690450,0</coordinates></Point></Placemark>
<Placemark><name>Radar 40 km/h</name><description>Fonte: OSM</description><Point><coordinates>-46.561213,-23.690418,0</coordinates></Point></Placemark>
<Placemark><name>Radar 30 km/h</name><description>Fonte: OSM</description><Point><coordinates>-46.521870,-23.690358,0</coordinates></Point></Placemark>
<Placemark><name>Radar 30 km/h</name><description>Fonte: OSM</description><Point><coordinates>-46.521971,-23.690267,0</coordinates></Point></Placemark>
<Placemark><name>Radar 40 km/h</name><description>Fonte: OSM</description><Point><coordinates>-46.552381,-23.689814,0</coordinates></Point></Placemark>
<Placemark><name>Radar 50 km/h</name><description>Fonte: OSM</description><Point><coordinates>-46.697527,-23.689569,0</coordinates></Point></Placemark>
<Placemark><name>Radar 40 km/h</name><description>Fonte: OSM</description><Point><coordinates>-46.546537,-23.689435,0</coordinates></Point></Placemark>
<Placemark><name>Radar 40 km/h</name><description>Fonte: OSM</description><Point><coordinates>-46.546328,-23.688999,0</coordinates></Point></Placemark>
<Placemark><name>Radar 50 km/h</name><description>Fonte: OSM</description><Point><coordinates>-46.551167,-23.688935,0</coordinates></Point></Placemark>
<Placemark><name>Radar 50 km/h</name><description>Fonte: OSM</description><Point><coordinates>-46.550982,-23.688859,0</coordinates></Point></Placemark>
<Placemark><name>Radar 40 km/h</name><description>Fonte: OSM</description><Point><coordinates>-46.855708,-23.688680,0</coordinates></Point></Placemark>
<Placemark><name>Radar 40 km/h</name><description>Fonte: OSM</description><Point><coordinates>-46.855787,-23.688499,0</coordinates></Point></Placemark>
<Placemark><name>Radar</name><description>Fonte: OSM</description><Point><coordinates>-46.619237,-23.688244,0</coordinates></Point></Placemark>
<Placemark><name>Radar 50 km/h</name><description>Fonte: OSM</description><Point><coordinates>-46.771871,-23.687784,0</coordinates></Point></Placemark>
<Placemark><name>Radar</name><description>Fonte: DER-SP</description><Point><coordinates>-46.386287,-23.687751,0</coordinates></Point></Placemark>
<Placemark><name>Radar 50 km/h</name><description>Fonte: OSM</description><Point><coordinates>-46.771993,-23.687704,0</coordinates></Point></Placemark>
<Placemark><name>Radar 60 km/h</name><description>Fonte: OSM</description><Point><coordinates>-46.452122,-23.687633,0</coordinates></Point></Placemark>
<Placemark><name>Radar</name><description>Fonte: OSM</description><Point><coordinates>-46.600161,-23.685616,0</coordinates></Point></Placemark>
<Placemark><name>Radar 40 km/h</name><description>Fonte: OSM</description><Point><coordinates>-46.545340,-23.685616,0</coordinates></Point></Placemark>
<Placemark><name>Radar 50 km/h</name><description>Fonte: OSM</description><Point><coordinates>-46.617357,-23.685376,0</coordinates></Point></Placemark>
<Placemark><name>Radar 50 km/h</name><description>Fonte: OSM</description><Point><coordinates>-46.627308,-23.685067,0</coordinates></Point></Placemark>
<Placemark><name>Radar 60 km/h</name><description>Fonte: OSM</description><Point><coordinates>-46.547201,-23.684780,0</coordinates></Point></Placemark>
<Placemark><name>Radar 50 km/h</name><description>Fonte: OSM</description><Point><coordinates>-46.607928,-23.684481,0</coordinates></Point></Placemark>
<Placemark><name>Radar 60 km/h</name><description>Fonte: OSM</description><Point><coordinates>-46.547098,-23.684396,0</coordinates></Point></Placemark>
<Placemark><name>Radar 50 km/h</name><description>Fonte: OSM</description><Point><coordinates>-46.632777,-23.684191,0</coordinates></Point></Placemark>
<Placemark><name>Radar 40 km/h</name><description>Fonte: OSM</description><Point><coordinates>-47.020634,-23.684146,0</coordinates></Point></Placemark>
<Placemark><name>Radar 50 km/h</name><description>Fonte: OSM</description><Point><coordinates>-46.690610,-23.683223,0</coordinates></Point></Placemark>
<Placemark><name>Radar 50 km/h</name><description>Fonte: OSM</description><Point><coordinates>-46.767420,-23.682225,0</coordinates></Point></Placemark>
<Placemark><name>Radar 60 km/h</name><description>Fonte: OSM</description><Point><coordinates>-46.542961,-23.682007,0</coordinates></Point></Placemark>
<Placemark><name>Radar 50 km/h</name><description>Fonte: OSM</description><Point><coordinates>-46.554625,-23.681385,0</coordinates></Point></Placemark>
<Placemark><name>Radar 50 km/h</name><description>Fonte: OSM</description><Point><coordinates>-46.554743,-23.681250,0</coordinates></Point></Placemark>
<Placemark><name>Radar 50 km/h</name><description>Fonte: OSM</description><Point><coordinates>-46.505132,-23.681092,0</coordinates></Point></Placemark>
<Placemark><name>Radar</name><description>Fonte: OSM</description><Point><coordinates>-46.713307,-23.680868,0</coordinates></Point></Placemark>
<Placemark><name>Radar 50 km/h</name><description>Fonte: OSM</description><Point><coordinates>-46.505443,-23.680774,0</coordinates></Point></Placemark>
<Placemark><name>Radar 50 km/h</name><description>Fonte: OSM</description><Point><coordinates>-46.687583,-23.680465,0</coordinates></Point></Placemark>
<Placemark><name>Radar 100 km/h</name><description>Fonte: OSM</description><Point><coordinates>-46.824130,-23.679521,0</coordinates></Point></Placemark>
<Placemark><name>Radar 50 km/h</name><description>Fonte: OSM</description><Point><coordinates>-46.763229,-23.678855,0</coordinates></Point></Placemark>
<Placemark><name>Radar 60 km/h</name><description>Fonte: OSM</description><Point><coordinates>-46.592767,-23.678797,0</coordinates></Point></Placemark>
<Placemark><name>Radar 50 km/h</name><description>Fonte: OSM</description><Point><coordinates>-46.706877,-23.678737,0</coordinates></Point></Placemark>
<Placemark><name>Radar 50 km/h</name><description>Fonte: OSM</description><Point><coordinates>-46.706810,-23.678710,0</coordinates></Point></Placemark>
<Placemark><name>Radar 40 km/h</name><description>Fonte: OSM</description><Point><coordinates>-46.776987,-23.678436,0</coordinates></Point></Placemark>
<Placemark><name>Radar 40 km/h</name><description>Fonte: OSM</description><Point><coordinates>-46.772334,-23.678375,0</coordinates></Point></Placemark>
<Placemark><name>Radar 40 km/h</name><description>Fonte: OSM</description><Point><coordinates>-46.777018,-23.678361,0</coordinates></Point></Placemark>
<Placemark><name>Radar 40 km/h</name><description>Fonte: OSM</description><Point><coordinates>-46.772292,-23.678320,0</coordinates></Point></Placemark>
<Placemark><name>Radar 60 km/h</name><description>Fonte: OSM</description><Point><coordinates>-46.469638,-23.677873,0</coordinates></Point></Placemark>
<Placemark><name>Radar 40 km/h</name><description>Fonte: OSM</description><Point><coordinates>-46.351692,-23.677362,0</coordinates></Point></Placemark>
<Placemark><name>Radar</name><description>Fonte: DER-SP</description><Point><coordinates>-46.351572,-23.677223,0</coordinates></Point></Placemark>
<Placemark><name>Radar 40 km/h</name><description>Fonte: OSM</description><Point><coordinates>-46.351635,-23.677212,0</coordinates></Point></Placemark>
<Placemark><name>Radar 60 km/h</name><description>Fonte: OSM</description><Point><coordinates>-46.589472,-23.676770,0</coordinates></Point></Placemark>
<Placemark><name>Radar</name><description>Fonte: DER-SP · sentido 203° (sudoeste)</description><Point><coordinates>-46.399440,-23.676690,0</coordinates></Point></Placemark>
<Placemark><name>Radar</name><description>Fonte: DER-SP</description><Point><coordinates>-46.399333,-23.676667,0</coordinates></Point></Placemark>
<Placemark><name>Radar 50 km/h</name><description>Fonte: OSM</description><Point><coordinates>-46.641901,-23.676217,0</coordinates></Point></Placemark>
<Placemark><name>Radar 50 km/h</name><description>Fonte: OSM</description><Point><coordinates>-46.642133,-23.676056,0</coordinates></Point></Placemark>
<Placemark><name>Radar 30 km/h</name><description>Fonte: OSM</description><Point><coordinates>-46.801235,-23.675009,0</coordinates></Point></Placemark>
<Placemark><name>Radar 30 km/h</name><description>Fonte: OSM</description><Point><coordinates>-46.801191,-23.674955,0</coordinates></Point></Placemark>
<Placemark><name>Radar</name><description>Fonte: OSM</description><Point><coordinates>-46.712262,-23.674633,0</coordinates></Point></Placemark>
<Placemark><name>Radar 50 km/h</name><description>Fonte: OSM</description><Point><coordinates>-46.712253,-23.674486,0</coordinates></Point></Placemark>
<Placemark><name>Radar 50 km/h</name><description>Fonte: OSM</description><Point><coordinates>-46.712433,-23.674477,0</coordinates></Point></Placemark>
<Placemark><name>Radar 60 km/h</name><description>Fonte: OSM</description><Point><coordinates>-47.014894,-23.673495,0</coordinates></Point></Placemark>
<Placemark><name>Radar 60 km/h</name><description>Fonte: OSM</description><Point><coordinates>-47.014979,-23.673398,0</coordinates></Point></Placemark>
<Placemark><name>Radar 50 km/h</name><description>Fonte: OSM</description><Point><coordinates>-46.744189,-23.672998,0</coordinates></Point></Placemark>
<Placemark><name>Radar</name><description>Fonte: OSM</description><Point><coordinates>-46.581461,-23.672698,0</coordinates></Point></Placemark>
<Placemark><name>Radar</name><description>Fonte: DER-SP</description><Point><coordinates>-46.190147,-23.672641,0</coordinates></Point></Placemark>
<Placemark><name>Radar 60 km/h</name><description>Fonte: OSM</description><Point><coordinates>-46.581565,-23.672553,0</coordinates></Point></Placemark>
<Placemark><name>Radar 50 km/h</name><description>Fonte: OSM</description><Point><coordinates>-46.743274,-23.672515,0</coordinates></Point></Placemark>
<Placemark><name>Radar 40 km/h</name><description>Fonte: OSM</description><Point><coordinates>-46.710133,-23.672288,0</coordinates></Point></Placemark>
<Placemark><name>Radar 40 km/h</name><description>Fonte: OSM</description><Point><coordinates>-46.710055,-23.672262,0</coordinates></Point></Placemark>
<Placemark><name>Radar</name><description>Fonte: DER-SP · sentido 32° (nordeste)</description><Point><coordinates>-45.468030,-23.671420,0</coordinates></Point></Placemark>
<Placemark><name>Radar 80 km/h</name><description>Fonte: OSM</description><Point><coordinates>-45.467970,-23.671187,0</coordinates></Point></Placemark>
<Placemark><name>Radar</name><description>Fonte: DER-SP</description><Point><coordinates>-46.227674,-23.671041,0</coordinates></Point></Placemark>
<Placemark><name>Radar 50 km/h</name><description>Fonte: OSM</description><Point><coordinates>-46.496521,-23.670691,0</coordinates></Point></Placemark>
<Placemark><name>Radar 50 km/h</name><description>Fonte: OSM</description><Point><coordinates>-46.496852,-23.670456,0</coordinates></Point></Placemark>
<Placemark><name>Radar 50 km/h</name><description>Fonte: OSM</description><Point><coordinates>-46.737820,-23.670161,0</coordinates></Point></Placemark>
<Placemark><name>Radar 50 km/h</name><description>Fonte: OSM</description><Point><coordinates>-46.737871,-23.670042,0</coordinates></Point></Placemark>
<Placemark><name>Radar 50 km/h</name><description>Fonte: OSM</description><Point><coordinates>-46.553462,-23.669251,0</coordinates></Point></Placemark>
<Placemark><name>Radar 40 km/h</name><description>Fonte: OSM</description><Point><coordinates>-46.553629,-23.669185,0</coordinates></Point></Placemark>
<Placemark><name>Radar 50 km/h</name><description>Fonte: OSM</description><Point><coordinates>-46.424374,-23.669155,0</coordinates></Point></Placemark>
<Placemark><name>Radar 50 km/h</name><description>Fonte: OSM</description><Point><coordinates>-46.553499,-23.669073,0</coordinates></Point></Placemark>
<Placemark><name>Radar 50 km/h</name><description>Fonte: OSM</description><Point><coordinates>-46.636021,-23.668598,0</coordinates></Point></Placemark>
<Placemark><name>Radar 50 km/h</name><description>Fonte: OSM</description><Point><coordinates>-46.567823,-23.668488,0</coordinates></Point></Placemark>
<Placemark><name>Radar 50 km/h</name><description>Fonte: OSM</description><Point><coordinates>-46.635826,-23.668450,0</coordinates></Point></Placemark>
<Placemark><name>Radar 50 km/h</name><description>Fonte: OSM</description><Point><coordinates>-46.567987,-23.668443,0</coordinates></Point></Placemark>
<Placemark><name>Radar</name><description>Fonte: OSM</description><Point><coordinates>-46.823857,-23.667916,0</coordinates></Point></Placemark>
<Placemark><name>Radar 50 km/h</name><description>Fonte: OSM</description><Point><coordinates>-46.462975,-23.667824,0</coordinates></Point></Placemark>
<Placemark><name>Radar 50 km/h</name><description>Fonte: OSM</description><Point><coordinates>-46.427050,-23.667823,0</coordinates></Point></Placemark>
<Placemark><name>Radar 50 km/h</name><description>Fonte: OSM</description><Point><coordinates>-46.427304,-23.667800,0</coordinates></Point></Placemark>
<Placemark><name>Radar 80 km/h</name><description>Fonte: OSM</description><Point><coordinates>-45.465370,-23.667303,0</coordinates></Point></Placemark>
<Placemark><name>Radar 50 km/h</name><description>Fonte: OSM</description><Point><coordinates>-46.725257,-23.667166,0</coordinates></Point></Placemark>
<Placemark><name>Radar 50 km/h</name><description>Fonte: OSM</description><Point><coordinates>-46.725480,-23.667045,0</coordinates></Point></Placemark>
<Placemark><name>Radar</name><description>Fonte: DER-SP · sentido 194° (sul)</description><Point><coordinates>-45.465088,-23.666824,0</coordinates></Point></Placemark>
<Placemark><name>Radar 50 km/h</name><description>Fonte: OSM</description><Point><coordinates>-46.654981,-23.666674,0</coordinates></Point></Placemark>
<Placemark><name>Radar</name><description>Fonte: DER-SP</description><Point><coordinates>-46.394861,-23.666306,0</coordinates></Point></Placemark>
<Placemark><name>Radar</name><description>Fonte: DER-SP · sentido 16° (norte)</description><Point><coordinates>-46.394680,-23.666290,0</coordinates></Point></Placemark>
<Placemark><name>Radar 60 km/h</name><description>Fonte: OSM</description><Point><coordinates>-46.520705,-23.666227,0</coordinates></Point></Placemark>
<Placemark><name>Radar 50 km/h</name><description>Fonte: OSM</description><Point><coordinates>-46.656518,-23.666153,0</coordinates></Point></Placemark>
<Placemark><name>Radar 60 km/h</name><description>Fonte: OSM</description><Point><coordinates>-47.008765,-23.666100,0</coordinates></Point></Placemark>
<Placemark><name>Radar 60 km/h</name><description>Fonte: OSM</description><Point><coordinates>-47.008827,-23.666017,0</coordinates></Point></Placemark>
<Placemark><name>Radar 40 km/h</name><description>Fonte: OSM</description><Point><coordinates>-46.571028,-23.665775,0</coordinates></Point></Placemark>
<Placemark><name>Radar 50 km/h</name><description>Fonte: OSM</description><Point><coordinates>-46.440315,-23.665681,0</coordinates></Point></Placemark>
<Placemark><name>Radar 60 km/h</name><description>Fonte: OSM</description><Point><coordinates>-46.517532,-23.665577,0</coordinates></Point></Placemark>
<Placemark><name>Radar 50 km/h</name><description>Fonte: OSM</description><Point><coordinates>-46.430744,-23.665534,0</coordinates></Point></Placemark>
<Placemark><name>Radar 60 km/h</name><description>Fonte: OSM</description><Point><coordinates>-46.517571,-23.665494,0</coordinates></Point></Placemark>
<Placemark><name>Radar 50 km/h</name><description>Fonte: OSM</description><Point><coordinates>-46.438094,-23.665310,0</coordinates></Point></Placemark>
<Placemark><name>Radar 60 km/h</name><description>Fonte: OSM</description><Point><coordinates>-46.516919,-23.665147,0</coordinates></Point></Placemark>
<Placemark><name>Radar 60 km/h</name><description>Fonte: OSM</description><Point><coordinates>-46.516969,-23.665066,0</coordinates></Point></Placemark>
<Placemark><name>Radar 40 km/h</name><description>Fonte: OSM</description><Point><coordinates>-46.799128,-23.665049,0</coordinates></Point></Placemark>
<Placemark><name>Radar</name><description>Fonte: OSM</description><Point><coordinates>-46.432711,-23.664862,0</coordinates></Point></Placemark>
<Placemark><name>Radar 110 km/h</name><description>Fonte: OSM</description><Point><coordinates>-46.632905,-23.664452,0</coordinates></Point></Placemark>
<Placemark><name>Radar 60 km/h</name><description>Fonte: OSM</description><Point><coordinates>-47.008058,-23.663314,0</coordinates></Point></Placemark>
<Placemark><name>Radar</name><description>Fonte: DER-SP · sentido 354° (norte)</description><Point><coordinates>-46.632739,-23.662856,0</coordinates></Point></Placemark>
<Placemark><name>Radar 60 km/h</name><description>Fonte: OSM</description><Point><coordinates>-46.561923,-23.662463,0</coordinates></Point></Placemark>
<Placemark><name>Radar 60 km/h</name><description>Fonte: OSM</description><Point><coordinates>-46.561969,-23.662408,0</coordinates></Point></Placemark>
<Placemark><name>Radar</name><description>Fonte: DER-SP</description><Point><coordinates>-46.338008,-23.661868,0</coordinates></Point></Placemark>
<Placemark><name>Radar</name><description>Fonte: DER-SP</description><Point><coordinates>-46.337996,-23.661802,0</coordinates></Point></Placemark>
<Placemark><name>Radar 50 km/h</name><description>Fonte: OSM</description><Point><coordinates>-46.679420,-23.661403,0</coordinates></Point></Placemark>
<Placemark><name>Radar 50 km/h</name><description>Fonte: OSM</description><Point><coordinates>-46.570506,-23.660883,0</coordinates></Point></Placemark>
<Placemark><name>Radar 80 km/h</name><description>Fonte: OSM</description><Point><coordinates>-47.449735,-23.660399,0</coordinates></Point></Placemark>
<Placemark><name>Radar 60 km/h</name><description>Fonte: OSM</description><Point><coordinates>-47.006321,-23.660275,0</coordinates></Point></Placemark>
<Placemark><name>Radar 80 km/h</name><description>Fonte: OSM</description><Point><coordinates>-47.450069,-23.659999,0</coordinates></Point></Placemark>
<Placemark><name>Radar</name><description>Fonte: DER-SP</description><Point><coordinates>-46.203061,-23.658537,0</coordinates></Point></Placemark>
<Placemark><name>Radar 50 km/h</name><description>Fonte: OSM</description><Point><coordinates>-46.635857,-23.658534,0</coordinates></Point></Placemark>
<Placemark><name>Radar 50 km/h</name><description>Fonte: OSM</description><Point><coordinates>-46.663595,-23.658432,0</coordinates></Point></Placemark>
<Placemark><name>Radar 50 km/h</name><description>Fonte: OSM</description><Point><coordinates>-46.663923,-23.658286,0</coordinates></Point></Placemark>
<Placemark><name>Radar</name><description>Fonte: DER-SP</description><Point><coordinates>-46.374814,-23.658006,0</coordinates></Point></Placemark>
<Placemark><name>Radar 50 km/h</name><description>Fonte: OSM</description><Point><coordinates>-46.636064,-23.657791,0</coordinates></Point></Placemark>
<Placemark><name>Radar 60 km/h</name><description>Fonte: OSM</description><Point><coordinates>-46.485646,-23.657514,0</coordinates></Point></Placemark>
<Placemark><name>Radar</name><description>Fonte: DER-SP</description><Point><coordinates>-46.330761,-23.657169,0</coordinates></Point></Placemark>
<Placemark><name>Radar 60 km/h</name><description>Fonte: OSM</description><Point><coordinates>-47.453001,-23.656929,0</coordinates></Point></Placemark>
<Placemark><name>Radar 60 km/h</name><description>Fonte: OSM</description><Point><coordinates>-46.717736,-23.656833,0</coordinates></Point></Placemark>
<Placemark><name>Radar 60 km/h</name><description>Fonte: OSM</description><Point><coordinates>-46.498465,-23.656444,0</coordinates></Point></Placemark>
<Placemark><name>Radar 30 km/h</name><description>Fonte: OSM</description><Point><coordinates>-46.715478,-23.656337,0</coordinates></Point></Placemark>
<Placemark><name>Radar</name><description>Fonte: DER-SP</description><Point><coordinates>-46.201236,-23.656081,0</coordinates></Point></Placemark>
<Placemark><name>Radar 40 km/h</name><description>Fonte: OSM</description><Point><coordinates>-46.735862,-23.655987,0</coordinates></Point></Placemark>
<Placemark><name>Radar 40 km/h</name><description>Fonte: OSM</description><Point><coordinates>-46.547499,-23.655980,0</coordinates></Point></Placemark>
<Placemark><name>Radar 40 km/h</name><description>Fonte: OSM</description><Point><coordinates>-46.547408,-23.655934,0</coordinates></Point></Placemark>
<Placemark><name>Radar 50 km/h</name><description>Fonte: OSM</description><Point><coordinates>-46.759585,-23.653835,0</coordinates></Point></Placemark>
<Placemark><name>Radar 50 km/h</name><description>Fonte: OSM</description><Point><coordinates>-46.759719,-23.653765,0</coordinates></Point></Placemark>
<Placemark><name>Radar 60 km/h</name><description>Fonte: OSM</description><Point><coordinates>-46.548679,-23.652707,0</coordinates></Point></Placemark>
<Placemark><name>Radar 40 km/h</name><description>Fonte: OSM</description><Point><coordinates>-46.814982,-23.652385,0</coordinates></Point></Placemark>
<Placemark><name>Radar 60 km/h</name><description>Fonte: OSM</description><Point><coordinates>-46.516205,-23.652040,0</coordinates></Point></Placemark>
<Placemark><name>Radar 50 km/h</name><description>Fonte: OSM</description><Point><coordinates>-46.669749,-23.650918,0</coordinates></Point></Placemark>
<Placemark><name>Radar</name><description>Fonte: OSM</description><Point><coordinates>-45.459213,-23.650238,0</coordinates></Point></Placemark>
<Placemark><name>Radar 50 km/h</name><description>Fonte: OSM</description><Point><coordinates>-46.567187,-23.650070,0</coordinates></Point></Placemark>
<Placemark><name>Radar</name><description>Fonte: DER-SP</description><Point><coordinates>-46.325568,-23.649952,0</coordinates></Point></Placemark>
<Placemark><name>Radar</name><description>Fonte: OSM</description><Point><coordinates>-46.845432,-23.649913,0</coordinates></Point></Placemark>
<Placemark><name>Radar</name><description>Fonte: OSM</description><Point><coordinates>-46.845352,-23.649846,0</coordinates></Point></Placemark>
<Placemark><name>Radar</name><description>Fonte: OSM</description><Point><coordinates>-46.845252,-23.649799,0</coordinates></Point></Placemark>
<Placemark><name>Radar 60 km/h</name><description>Fonte: OSM</description><Point><coordinates>-45.432722,-23.649694,0</coordinates></Point></Placemark>
<Placemark><name>Radar 60 km/h</name><description>Fonte: OSM</description><Point><coordinates>-45.432804,-23.649688,0</coordinates></Point></Placemark>
<Placemark><name>Radar 90 km/h</name><description>Fonte: OSM</description><Point><coordinates>-46.724501,-23.649678,0</coordinates></Point></Placemark>
<Placemark><name>Radar 40 km/h</name><description>Fonte: OSM</description><Point><coordinates>-46.642635,-23.649583,0</coordinates></Point></Placemark>
<Placemark><name>Radar 50 km/h</name><description>Fonte: OSM</description><Point><coordinates>-46.751672,-23.649553,0</coordinates></Point></Placemark>
<Placemark><name>Radar 40 km/h</name><description>Fonte: OSM</description><Point><coordinates>-46.642654,-23.649537,0</coordinates></Point></Placemark>
<Placemark><name>Radar 50 km/h</name><description>Fonte: OSM</description><Point><coordinates>-46.676536,-23.649119,0</coordinates></Point></Placemark>
<Placemark><name>Radar 50 km/h</name><description>Fonte: OSM</description><Point><coordinates>-46.749999,-23.648710,0</coordinates></Point></Placemark>
<Placemark><name>Radar</name><description>Fonte: OSM</description><Point><coordinates>-46.844285,-23.648689,0</coordinates></Point></Placemark>
<Placemark><name>Radar 70 km/h</name><description>Fonte: OSM</description><Point><coordinates>-46.632140,-23.647357,0</coordinates></Point></Placemark>
<Placemark><name>Radar 60 km/h</name><description>Fonte: OSM</description><Point><coordinates>-46.488861,-23.646934,0</coordinates></Point></Placemark>
<Placemark><name>Radar 70 km/h</name><description>Fonte: OSM</description><Point><coordinates>-46.631578,-23.646625,0</coordinates></Point></Placemark>
<Placemark><name>Radar 50 km/h</name><description>Fonte: OSM</description><Point><coordinates>-46.710445,-23.645868,0</coordinates></Point></Placemark>
<Placemark><name>Radar 50 km/h</name><description>Fonte: OSM</description><Point><coordinates>-46.710248,-23.645821,0</coordinates></Point></Placemark>
<Placemark><name>Radar 40 km/h</name><description>Fonte: OSM</description><Point><coordinates>-46.606995,-23.645538,0</coordinates></Point></Placemark>
<Placemark><name>Radar 40 km/h</name><description>Fonte: OSM</description><Point><coordinates>-46.606960,-23.645475,0</coordinates></Point></Placemark>
<Placemark><name>Radar 30 km/h</name><description>Fonte: OSM</description><Point><coordinates>-46.581732,-23.645217,0</coordinates></Point></Placemark>
<Placemark><name>Radar 30 km/h</name><description>Fonte: OSM</description><Point><coordinates>-46.581910,-23.645109,0</coordinates></Point></Placemark>
<Placemark><name>Radar 50 km/h</name><description>Fonte: OSM</description><Point><coordinates>-46.750042,-23.645036,0</coordinates></Point></Placemark>
<Placemark><name>Radar</name><description>Fonte: OSM</description><Point><coordinates>-45.459353,-23.644801,0</coordinates></Point></Placemark>
<Placemark><name>Radar 50 km/h</name><description>Fonte: OSM</description><Point><coordinates>-46.748704,-23.644247,0</coordinates></Point></Placemark>
<Placemark><name>Radar</name><description>Fonte: DER-SP</description><Point><coordinates>-46.322635,-23.644153,0</coordinates></Point></Placemark>
<Placemark><name>Radar 60 km/h</name><description>Fonte: OSM</description><Point><coordinates>-46.843902,-23.642318,0</coordinates></Point></Placemark>
<Placemark><name>Radar 60 km/h</name><description>Fonte: OSM</description><Point><coordinates>-46.842961,-23.641760,0</coordinates></Point></Placemark>
<Placemark><name>Radar 50 km/h</name><description>Fonte: OSM</description><Point><coordinates>-46.673351,-23.641113,0</coordinates></Point></Placemark>
<Placemark><name>Radar 50 km/h</name><description>Fonte: OSM</description><Point><coordinates>-46.673603,-23.640866,0</coordinates></Point></Placemark>
<Placemark><name>Radar 50 km/h</name><description>Fonte: OSM</description><Point><coordinates>-46.673387,-23.639504,0</coordinates></Point></Placemark>
<Placemark><name>Radar 60 km/h</name><description>Fonte: OSM</description><Point><coordinates>-46.583921,-23.638595,0</coordinates></Point></Placemark>
<Placemark><name>Radar</name><description>Fonte: DER-SP · sentido 310° (noroeste)</description><Point><coordinates>-46.592750,-23.638389,0</coordinates></Point></Placemark>
<Placemark><name>Radar 70 km/h</name><description>Fonte: OSM</description><Point><coordinates>-46.592155,-23.638254,0</coordinates></Point></Placemark>
<Placemark><name>Radar</name><description>Fonte: DER-SP</description><Point><coordinates>-46.393309,-23.638222,0</coordinates></Point></Placemark>
<Placemark><name>Radar 90 km/h</name><description>Fonte: OSM</description><Point><coordinates>-46.593570,-23.638104,0</coordinates></Point></Placemark>
<Placemark><name>Radar</name><description>Fonte: DER-SP · sentido 130° (sudeste)</description><Point><coordinates>-46.593337,-23.637981,0</coordinates></Point></Placemark>
<Placemark><name>Radar 90 km/h</name><description>Fonte: OSM</description><Point><coordinates>-46.721326,-23.637837,0</coordinates></Point></Placemark>
<Placemark><name>Radar 40 km/h</name><description>Fonte: OSM</description><Point><coordinates>-46.833598,-23.637726,0</coordinates></Point></Placemark>
<Placemark><name>Radar 60 km/h</name><description>Fonte: OSM</description><Point><coordinates>-46.720385,-23.637156,0</coordinates></Point></Placemark>
<Placemark><name>Radar 50 km/h</name><description>Fonte: OSM</description><Point><coordinates>-46.693912,-23.637093,0</coordinates></Point></Placemark>
<Placemark><name>Radar 50 km/h</name><description>Fonte: OSM</description><Point><coordinates>-46.693733,-23.637059,0</coordinates></Point></Placemark>
<Placemark><name>Radar 30 km/h</name><description>Fonte: OSM</description><Point><coordinates>-46.499565,-23.635548,0</coordinates></Point></Placemark>
<Placemark><name>Radar 30 km/h</name><description>Fonte: OSM</description><Point><coordinates>-46.499840,-23.635418,0</coordinates></Point></Placemark>
<Placemark><name>Radar</name><description>Fonte: DER-SP</description><Point><coordinates>-46.594000,-23.635000,0</coordinates></Point></Placemark>
<Placemark><name>Radar</name><description>Fonte: OSM</description><Point><coordinates>-45.462299,-23.634431,0</coordinates></Point></Placemark>
<Placemark><name>Radar 50 km/h</name><description>Fonte: OSM</description><Point><coordinates>-46.579528,-23.634070,0</coordinates></Point></Placemark>
<Placemark><name>Radar</name><description>Fonte: OSM</description><Point><coordinates>-46.774564,-23.633920,0</coordinates></Point></Placemark>
<Placemark><name>Radar 40 km/h</name><description>Fonte: OSM</description><Point><coordinates>-46.324484,-23.633554,0</coordinates></Point></Placemark>
<Placemark><name>Radar 40 km/h</name><description>Fonte: OSM</description><Point><coordinates>-46.324588,-23.633457,0</coordinates></Point></Placemark>
<Placemark><name>Radar</name><description>Fonte: DER-SP</description><Point><coordinates>-46.324563,-23.633247,0</coordinates></Point></Placemark>
<Placemark><name>Radar</name><description>Fonte: OSM</description><Point><coordinates>-46.643315,-23.632901,0</coordinates></Point></Placemark>
<Placemark><name>Radar 60 km/h</name><description>Fonte: OSM</description><Point><coordinates>-46.537145,-23.632569,0</coordinates></Point></Placemark>
<Placemark><name>Radar 50 km/h</name><description>Fonte: OSM</description><Point><coordinates>-46.682170,-23.632173,0</coordinates></Point></Placemark>
<Placemark><name>Radar 50 km/h</name><description>Fonte: OSM</description><Point><coordinates>-46.681898,-23.632139,0</coordinates></Point></Placemark>
<Placemark><name>Radar 60 km/h</name><description>Fonte: OSM</description><Point><coordinates>-46.537895,-23.631729,0</coordinates></Point></Placemark>
<Placemark><name>Radar 40 km/h</name><description>Fonte: OSM</description><Point><coordinates>-46.523880,-23.631140,0</coordinates></Point></Placemark>
<Placemark><name>Radar 40 km/h</name><description>Fonte: OSM</description><Point><coordinates>-46.523896,-23.631106,0</coordinates></Point></Placemark>
<Placemark><name>Radar 70 km/h</name><description>Fonte: OSM</description><Point><coordinates>-46.596379,-23.630935,0</coordinates></Point></Placemark>
<Placemark><name>Radar 50 km/h</name><description>Fonte: OSM</description><Point><coordinates>-46.770548,-23.630437,0</coordinates></Point></Placemark>
<Placemark><name>Radar 50 km/h</name><description>Fonte: OSM</description><Point><coordinates>-46.770374,-23.630365,0</coordinates></Point></Placemark>
<Placemark><name>Radar 90 km/h</name><description>Fonte: OSM</description><Point><coordinates>-46.716901,-23.630354,0</coordinates></Point></Placemark>
<Placemark><name>Radar 40 km/h</name><description>Fonte: OSM</description><Point><coordinates>-46.618123,-23.630180,0</coordinates></Point></Placemark>
<Placemark><name>Radar 40 km/h</name><description>Fonte: OSM</description><Point><coordinates>-46.618079,-23.630165,0</coordinates></Point></Placemark>
<Placemark><name>Radar 60 km/h</name><description>Fonte: OSM</description><Point><coordinates>-46.986855,-23.629796,0</coordinates></Point></Placemark>
<Placemark><name>Radar 50 km/h</name><description>Fonte: OSM</description><Point><coordinates>-46.637549,-23.629446,0</coordinates></Point></Placemark>
<Placemark><name>Radar 50 km/h</name><description>Fonte: OSM</description><Point><coordinates>-46.640907,-23.629309,0</coordinates></Point></Placemark>
<Placemark><name>Radar</name><description>Fonte: OSM</description><Point><coordinates>-46.539402,-23.628767,0</coordinates></Point></Placemark>
<Placemark><name>Radar 50 km/h</name><description>Fonte: OSM</description><Point><coordinates>-46.625101,-23.628572,0</coordinates></Point></Placemark>
<Placemark><name>Radar 50 km/h</name><description>Fonte: OSM</description><Point><coordinates>-46.625505,-23.628478,0</coordinates></Point></Placemark>
<Placemark><name>Radar 50 km/h</name><description>Fonte: OSM</description><Point><coordinates>-46.688598,-23.628222,0</coordinates></Point></Placemark>
<Placemark><name>Radar 60 km/h</name><description>Fonte: OSM</description><Point><coordinates>-46.484352,-23.626993,0</coordinates></Point></Placemark>
<Placemark><name>Radar 50 km/h</name><description>Fonte: OSM</description><Point><coordinates>-46.616919,-23.626705,0</coordinates></Point></Placemark>
<Placemark><name>Radar</name><description>Fonte: DER-SP · sentido 331° (noroeste)</description><Point><coordinates>-46.598240,-23.626700,0</coordinates></Point></Placemark>
<Placemark><name>Radar 50 km/h</name><description>Fonte: OSM</description><Point><coordinates>-46.633871,-23.626645,0</coordinates></Point></Placemark>
<Placemark><name>Radar 50 km/h</name><description>Fonte: OSM</description><Point><coordinates>-46.617032,-23.626470,0</coordinates></Point></Placemark>
<Placemark><name>Radar 70 km/h</name><description>Fonte: OSM</description><Point><coordinates>-46.598452,-23.626231,0</coordinates></Point></Placemark>
<Placemark><name>Radar 40 km/h</name><description>Fonte: OSM</description><Point><coordinates>-46.981851,-23.626160,0</coordinates></Point></Placemark>
<Placemark><name>Radar 50 km/h</name><description>Fonte: OSM</description><Point><coordinates>-46.501409,-23.626067,0</coordinates></Point></Placemark>
<Placemark><name>Radar 40 km/h</name><description>Fonte: OSM</description><Point><coordinates>-46.981747,-23.626030,0</coordinates></Point></Placemark>
<Placemark><name>Radar 50 km/h</name><description>Fonte: OSM</description><Point><coordinates>-46.629262,-23.625917,0</coordinates></Point></Placemark>
<Placemark><name>Radar 40 km/h</name><description>Fonte: OSM</description><Point><coordinates>-46.619299,-23.625884,0</coordinates></Point></Placemark>
<Placemark><name>Radar 50 km/h</name><description>Fonte: OSM</description><Point><coordinates>-46.501208,-23.625816,0</coordinates></Point></Placemark>
<Placemark><name>Radar 50 km/h</name><description>Fonte: OSM</description><Point><coordinates>-46.628840,-23.625484,0</coordinates></Point></Placemark>
<Placemark><name>Radar 50 km/h</name><description>Fonte: OSM</description><Point><coordinates>-46.619329,-23.625331,0</coordinates></Point></Placemark>
<Placemark><name>Radar 50 km/h</name><description>Fonte: OSM</description><Point><coordinates>-46.450545,-23.625179,0</coordinates></Point></Placemark>
<Placemark><name>Radar 50 km/h</name><description>Fonte: OSM</description><Point><coordinates>-46.682170,-23.624895,0</coordinates></Point></Placemark>
<Placemark><name>Radar 50 km/h</name><description>Fonte: OSM</description><Point><coordinates>-46.682280,-23.624830,0</coordinates></Point></Placemark>
<Placemark><name>Radar 50 km/h</name><description>Fonte: OSM</description><Point><coordinates>-46.487084,-23.624772,0</coordinates></Point></Placemark>
<Placemark><name>Radar</name><description>Fonte: DER-SP</description><Point><coordinates>-46.203732,-23.624654,0</coordinates></Point></Placemark>
<Placemark><name>Radar 70 km/h</name><description>Fonte: OSM</description><Point><coordinates>-46.706749,-23.624546,0</coordinates></Point></Placemark>
<Placemark><name>Radar 50 km/h</name><description>Fonte: OSM</description><Point><coordinates>-46.486090,-23.624530,0</coordinates></Point></Placemark>
<Placemark><name>Radar 60 km/h</name><description>Fonte: OSM</description><Point><coordinates>-46.705638,-23.624469,0</coordinates></Point></Placemark>
<Placemark><name>Radar 50 km/h</name><description>Fonte: OSM</description><Point><coordinates>-46.737358,-23.624246,0</coordinates></Point></Placemark>
<Placemark><name>Radar 50 km/h</name><description>Fonte: OSM</description><Point><coordinates>-46.651593,-23.623032,0</coordinates></Point></Placemark>
<Placemark><name>Radar 50 km/h</name><description>Fonte: OSM</description><Point><coordinates>-46.697295,-23.622467,0</coordinates></Point></Placemark>
<Placemark><name>Radar 50 km/h</name><description>Fonte: OSM</description><Point><coordinates>-46.640142,-23.622379,0</coordinates></Point></Placemark>
<Placemark><name>Radar 50 km/h</name><description>Fonte: OSM</description><Point><coordinates>-46.697161,-23.622374,0</coordinates></Point></Placemark>
<Placemark><name>Radar 40 km/h</name><description>Fonte: OSM</description><Point><coordinates>-46.759201,-23.622209,0</coordinates></Point></Placemark>
<Placemark><name>Radar 40 km/h</name><description>Fonte: OSM</description><Point><coordinates>-46.759200,-23.622137,0</coordinates></Point></Placemark>
<Placemark><name>Radar 50 km/h</name><description>Fonte: OSM</description><Point><coordinates>-46.653313,-23.622096,0</coordinates></Point></Placemark>
<Placemark><name>Radar 50 km/h</name><description>Fonte: OSM</description><Point><coordinates>-46.465718,-23.622015,0</coordinates></Point></Placemark>
<Placemark><name>Radar</name><description>Fonte: DER-SP · sentido 32° (nordeste)</description><Point><coordinates>-49.276570,-23.621890,0</coordinates></Point></Placemark>
<Placemark><name>Radar</name><description>Fonte: DER-SP</description><Point><coordinates>-49.276565,-23.621887,0</coordinates></Point></Placemark>
<Placemark><name>Radar</name><description>Fonte: DER-SP</description><Point><coordinates>-49.276697,-23.621547,0</coordinates></Point></Placemark>
<Placemark><name>Radar 40 km/h</name><description>Fonte: OSM</description><Point><coordinates>-46.503429,-23.621502,0</coordinates></Point></Placemark>
<Placemark><name>Radar 40 km/h</name><description>Fonte: OSM</description><Point><coordinates>-46.503471,-23.621479,0</coordinates></Point></Placemark>
<Placemark><name>Radar 50 km/h</name><description>Fonte: OSM</description><Point><coordinates>-46.647248,-23.621101,0</coordinates></Point></Placemark>
<Placemark><name>Radar 50 km/h</name><description>Fonte: OSM</description><Point><coordinates>-46.449000,-23.621042,0</coordinates></Point></Placemark>
<Placemark><name>Radar 50 km/h</name><description>Fonte: OSM</description><Point><coordinates>-46.647155,-23.621024,0</coordinates></Point></Placemark>
<Placemark><name>Radar 50 km/h</name><description>Fonte: OSM</description><Point><coordinates>-46.523310,-23.620570,0</coordinates></Point></Placemark>
<Placemark><name>Radar 40 km/h</name><description>Fonte: OSM</description><Point><coordinates>-46.805849,-23.620521,0</coordinates></Point></Placemark>
<Placemark><name>Radar 40 km/h</name><description>Fonte: OSM</description><Point><coordinates>-46.789267,-23.620251,0</coordinates></Point></Placemark>
<Placemark><name>Radar 50 km/h</name><description>Fonte: OSM</description><Point><coordinates>-46.553522,-23.619943,0</coordinates></Point></Placemark>
<Placemark><name>Radar</name><description>Fonte: DER-SP · sentido 143° (sudeste)</description><Point><coordinates>-45.429954,-23.619587,0</coordinates></Point></Placemark>
<Placemark><name>Radar 50 km/h</name><description>Fonte: OSM</description><Point><coordinates>-46.785981,-23.618924,0</coordinates></Point></Placemark>
<Placemark><name>Radar 50 km/h</name><description>Fonte: OSM</description><Point><coordinates>-46.785922,-23.618905,0</coordinates></Point></Placemark>
<Placemark><name>Radar 40 km/h</name><description>Fonte: OSM</description><Point><coordinates>-46.771847,-23.618655,0</coordinates></Point></Placemark>
<Placemark><name>Radar 60 km/h</name><description>Fonte: OSM</description><Point><coordinates>-46.542499,-23.618625,0</coordinates></Point></Placemark>
<Placemark><name>Radar 60 km/h</name><description>Fonte: OSM</description><Point><coordinates>-46.973776,-23.618344,0</coordinates></Point></Placemark>
<Placemark><name>Radar 40 km/h</name><description>Fonte: OSM</description><Point><coordinates>-46.624212,-23.618233,0</coordinates></Point></Placemark>
<Placemark><name>Radar 40 km/h</name><description>Fonte: OSM</description><Point><coordinates>-46.624517,-23.618131,0</coordinates></Point></Placemark>
<Placemark><name>Radar</name><description>Fonte: OSM</description><Point><coordinates>-46.543031,-23.617952,0</coordinates></Point></Placemark>
<Placemark><name>Radar 90 km/h</name><description>Fonte: OSM</description><Point><coordinates>-46.701578,-23.617736,0</coordinates></Point></Placemark>
<Placemark><name>Radar 50 km/h</name><description>Fonte: OSM</description><Point><coordinates>-46.522735,-23.617707,0</coordinates></Point></Placemark>
<Placemark><name>Radar 50 km/h</name><description>Fonte: OSM</description><Point><coordinates>-46.661662,-23.617599,0</coordinates></Point></Placemark>
<Placemark><name>Radar 50 km/h</name><description>Fonte: OSM</description><Point><coordinates>-46.661645,-23.617573,0</coordinates></Point></Placemark>
<Placemark><name>Radar 50 km/h</name><description>Fonte: OSM</description><Point><coordinates>-46.661632,-23.617553,0</coordinates></Point></Placemark>
<Placemark><name>Radar 50 km/h</name><description>Fonte: OSM</description><Point><coordinates>-46.661619,-23.617530,0</coordinates></Point></Placemark>
<Placemark><name>Radar 50 km/h</name><description>Fonte: OSM</description><Point><coordinates>-46.661604,-23.617508,0</coordinates></Point></Placemark>
<Placemark><name>Radar 50 km/h</name><description>Fonte: OSM</description><Point><coordinates>-46.601771,-23.616980,0</coordinates></Point></Placemark>
<Placemark><name>Radar 40 km/h</name><description>Fonte: OSM</description><Point><coordinates>-46.740801,-23.616700,0</coordinates></Point></Placemark>
<Placemark><name>Radar 40 km/h</name><description>Fonte: OSM</description><Point><coordinates>-46.735418,-23.616656,0</coordinates></Point></Placemark>
<Placemark><name>Radar 60 km/h</name><description>Fonte: OSM</description><Point><coordinates>-46.556969,-23.616620,0</coordinates></Point></Placemark>
<Placemark><name>Radar 60 km/h</name><description>Fonte: OSM</description><Point><coordinates>-46.563913,-23.616505,0</coordinates></Point></Placemark>
<Placemark><name>Radar 60 km/h</name><description>Fonte: OSM</description><Point><coordinates>-46.557820,-23.616467,0</coordinates></Point></Placemark>
<Placemark><name>Radar 60 km/h</name><description>Fonte: OSM</description><Point><coordinates>-46.563902,-23.616376,0</coordinates></Point></Placemark>
<Placemark><name>Radar 40 km/h</name><description>Fonte: OSM</description><Point><coordinates>-46.663511,-23.616275,0</coordinates></Point></Placemark>
<Placemark><name>Radar</name><description>Fonte: DER-SP · sentido 184° (sul)</description><Point><coordinates>-45.431274,-23.616198,0</coordinates></Point></Placemark>
<Placemark><name>Radar</name><description>Fonte: DER-SP · sentido 185° (sul)</description><Point><coordinates>-45.431044,-23.615692,0</coordinates></Point></Placemark>
<Placemark><name>Radar 50 km/h</name><description>Fonte: OSM</description><Point><coordinates>-46.627270,-23.615547,0</coordinates></Point></Placemark>
<Placemark><name>Radar</name><description>Fonte: DER-SP · sentido 99° (leste)</description><Point><coordinates>-46.969455,-23.615436,0</coordinates></Point></Placemark>
<Placemark><name>Radar 60 km/h</name><description>Fonte: OSM</description><Point><coordinates>-46.969659,-23.615348,0</coordinates></Point></Placemark>
<Placemark><name>Radar 40 km/h</name><description>Fonte: OSM</description><Point><coordinates>-46.605502,-23.615297,0</coordinates></Point></Placemark>
<Placemark><name>Radar 40 km/h</name><description>Fonte: OSM</description><Point><coordinates>-46.605506,-23.615230,0</coordinates></Point></Placemark>
<Placemark><name>Radar 50 km/h</name><description>Fonte: OSM</description><Point><coordinates>-46.638359,-23.614912,0</coordinates></Point></Placemark>
<Placemark><name>Radar 50 km/h</name><description>Fonte: OSM</description><Point><coordinates>-46.638414,-23.614529,0</coordinates></Point></Placemark>
<Placemark><name>Radar 50 km/h</name><description>Fonte: OSM</description><Point><coordinates>-46.470915,-23.614386,0</coordinates></Point></Placemark>
<Placemark><name>Radar 60 km/h</name><description>Fonte: OSM</description><Point><coordinates>-46.658404,-23.613948,0</coordinates></Point></Placemark>
<Placemark><name>Radar</name><description>Fonte: DER-SP · sentido 49° (nordeste)</description><Point><coordinates>-46.957772,-23.613358,0</coordinates></Point></Placemark>
<Placemark><name>Radar 60 km/h</name><description>Fonte: OSM</description><Point><coordinates>-46.700944,-23.613350,0</coordinates></Point></Placemark>
<Placemark><name>Radar 50 km/h</name><description>Fonte: OSM</description><Point><coordinates>-46.491108,-23.612898,0</coordinates></Point></Placemark>
<Placemark><name>Radar</name><description>Fonte: DER-SP · sentido 226° (sudoeste)</description><Point><coordinates>-46.957374,-23.612703,0</coordinates></Point></Placemark>
<Placemark><name>Radar</name><description>Fonte: DER-SP</description><Point><coordinates>-45.430610,-23.612440,0</coordinates></Point></Placemark>
<Placemark><name>Radar</name><description>Fonte: DER-SP</description><Point><coordinates>-45.430560,-23.612410,0</coordinates></Point></Placemark>
<Placemark><name>Radar 50 km/h</name><description>Fonte: OSM</description><Point><coordinates>-45.430613,-23.612351,0</coordinates></Point></Placemark>
<Placemark><name>Radar</name><description>Fonte: OSM</description><Point><coordinates>-46.656859,-23.612336,0</coordinates></Point></Placemark>
<Placemark><name>Radar 50 km/h</name><description>Fonte: OSM</description><Point><coordinates>-46.473220,-23.612322,0</coordinates></Point></Placemark>
<Placemark><name>Radar</name><description>Fonte: DER-SP · sentido 253° (oeste)</description><Point><coordinates>-46.987017,-23.612166,0</coordinates></Point></Placemark>
<Placemark><name>Radar 40 km/h</name><description>Fonte: OSM</description><Point><coordinates>-46.783633,-23.612062,0</coordinates></Point></Placemark>
<Placemark><name>Radar 50 km/h</name><description>Fonte: OSM</description><Point><coordinates>-46.669803,-23.611569,0</coordinates></Point></Placemark>
<Placemark><name>Radar 50 km/h</name><description>Fonte: OSM</description><Point><coordinates>-46.581651,-23.611491,0</coordinates></Point></Placemark>
<Placemark><name>Radar</name><description>Fonte: DER-SP</description><Point><coordinates>-46.313248,-23.611278,0</coordinates></Point></Placemark>
<Placemark><name>Radar 40 km/h</name><description>Fonte: OSM</description><Point><coordinates>-46.767693,-23.611159,0</coordinates></Point></Placemark>
<Placemark><name>Radar 50 km/h</name><description>Fonte: OSM</description><Point><coordinates>-46.645539,-23.610441,0</coordinates></Point></Placemark>
<Placemark><name>Radar 60 km/h</name><description>Fonte: OSM</description><Point><coordinates>-46.655049,-23.610185,0</coordinates></Point></Placemark>
<Placemark><name>Radar 50 km/h</name><description>Fonte: OSM</description><Point><coordinates>-46.675380,-23.609837,0</coordinates></Point></Placemark>
<Placemark><name>Radar 50 km/h</name><description>Fonte: OSM</description><Point><coordinates>-46.675701,-23.609654,0</coordinates></Point></Placemark>
<Placemark><name>Radar 50 km/h</name><description>Fonte: OSM</description><Point><coordinates>-46.652094,-23.609408,0</coordinates></Point></Placemark>
<Placemark><name>Radar 50 km/h</name><description>Fonte: OSM</description><Point><coordinates>-46.654247,-23.609101,0</coordinates></Point></Placemark>
<Placemark><name>Radar 50 km/h</name><description>Fonte: OSM</description><Point><coordinates>-46.667200,-23.609017,0</coordinates></Point></Placemark>
<Placemark><name>Radar 50 km/h</name><description>Fonte: OSM</description><Point><coordinates>-46.652152,-23.608995,0</coordinates></Point></Placemark>
<Placemark><name>Radar 50 km/h</name><description>Fonte: OSM</description><Point><coordinates>-46.725831,-23.608320,0</coordinates></Point></Placemark>
<Placemark><name>Radar 50 km/h</name><description>Fonte: OSM</description><Point><coordinates>-46.725871,-23.608298,0</coordinates></Point></Placemark>
<Placemark><name>Radar 60 km/h</name><description>Fonte: OSM</description><Point><coordinates>-46.579580,-23.608267,0</coordinates></Point></Placemark>
<Placemark><name>Radar 50 km/h</name><description>Fonte: OSM</description><Point><coordinates>-46.605789,-23.607711,0</coordinates></Point></Placemark>
<Placemark><name>Radar</name><description>Fonte: DER-SP</description><Point><coordinates>-46.255205,-23.607644,0</coordinates></Point></Placemark>
<Placemark><name>Radar 50 km/h</name><description>Fonte: OSM</description><Point><coordinates>-46.605972,-23.607570,0</coordinates></Point></Placemark>
<Placemark><name>Radar 60 km/h</name><description>Fonte: OSM</description><Point><coordinates>-46.697245,-23.607460,0</coordinates></Point></Placemark>
<Placemark><name>Radar 90 km/h</name><description>Fonte: OSM</description><Point><coordinates>-46.697432,-23.607251,0</coordinates></Point></Placemark>
<Placemark><name>Radar 100 km/h</name><description>Fonte: OSM</description><Point><coordinates>-46.814120,-23.606919,0</coordinates></Point></Placemark>
<Placemark><name>Radar 60 km/h</name><description>Fonte: OSM</description><Point><coordinates>-46.579320,-23.606897,0</coordinates></Point></Placemark>
<Placemark><name>Radar</name><description>Fonte: OSM</description><Point><coordinates>-46.814005,-23.606502,0</coordinates></Point></Placemark>
<Placemark><name>Radar 50 km/h</name><description>Fonte: OSM</description><Point><coordinates>-46.593690,-23.606475,0</coordinates></Point></Placemark>
<Placemark><name>Radar 50 km/h</name><description>Fonte: OSM</description><Point><coordinates>-46.750246,-23.606162,0</coordinates></Point></Placemark>
<Placemark><name>Radar 40 km/h</name><description>Fonte: OSM</description><Point><coordinates>-46.668146,-23.605978,0</coordinates></Point></Placemark>
<Placemark><name>Radar 40 km/h</name><description>Fonte: OSM</description><Point><coordinates>-46.659428,-23.605523,0</coordinates></Point></Placemark>
<Placemark><name>Radar 90 km/h</name><description>Fonte: OSM</description><Point><coordinates>-46.698821,-23.605453,0</coordinates></Point></Placemark>
<Placemark><name>Radar 40 km/h</name><description>Fonte: OSM</description><Point><coordinates>-46.657464,-23.605043,0</coordinates></Point></Placemark>
<Placemark><name>Radar 50 km/h</name><description>Fonte: OSM</description><Point><coordinates>-46.625943,-23.604736,0</coordinates></Point></Placemark>
<Placemark><name>Radar</name><description>Fonte: DER-SP</description><Point><coordinates>-46.301764,-23.604318,0</coordinates></Point></Placemark>
<Placemark><name>Radar 50 km/h</name><description>Fonte: OSM</description><Point><coordinates>-46.712343,-23.603987,0</coordinates></Point></Placemark>
<Placemark><name>Radar 40 km/h</name><description>Fonte: OSM</description><Point><coordinates>-46.643965,-23.603977,0</coordinates></Point></Placemark>
<Placemark><name>Radar</name><description>Fonte: OSM</description><Point><coordinates>-46.636813,-23.603952,0</coordinates></Point></Placemark>
<Placemark><name>Radar 60 km/h</name><description>Fonte: OSM</description><Point><coordinates>-46.651318,-23.603414,0</coordinates></Point></Placemark>
<Placemark><name>Radar 60 km/h</name><description>Fonte: OSM</description><Point><coordinates>-45.350225,-23.603351,0</coordinates></Point></Placemark>
<Placemark><name>Radar 40 km/h</name><description>Fonte: OSM</description><Point><coordinates>-46.765916,-23.603275,0</coordinates></Point></Placemark>
<Placemark><name>Radar 40 km/h</name><description>Fonte: OSM</description><Point><coordinates>-46.765855,-23.603266,0</coordinates></Point></Placemark>
<Placemark><name>Radar 40 km/h</name><description>Fonte: OSM</description><Point><coordinates>-46.559387,-23.603198,0</coordinates></Point></Placemark>
<Placemark><name>Radar 50 km/h</name><description>Fonte: OSM</description><Point><coordinates>-46.482521,-23.602689,0</coordinates></Point></Placemark>
<Placemark><name>Radar</name><description>Fonte: DER-SP</description><Point><coordinates>-46.309402,-23.602347,0</coordinates></Point></Placemark>
<Placemark><name>Radar 50 km/h</name><description>Fonte: OSM</description><Point><coordinates>-46.602644,-23.602286,0</coordinates></Point></Placemark>
<Placemark><name>Radar 50 km/h</name><description>Fonte: OSM</description><Point><coordinates>-46.482757,-23.602254,0</coordinates></Point></Placemark>
<Placemark><name>Radar 50 km/h</name><description>Fonte: OSM</description><Point><coordinates>-46.660977,-23.602159,0</coordinates></Point></Placemark>
<Placemark><name>Radar 40 km/h</name><description>Fonte: OSM</description><Point><coordinates>-46.605679,-23.601878,0</coordinates></Point></Placemark>
<Placemark><name>Radar 50 km/h</name><description>Fonte: OSM</description><Point><coordinates>-46.660492,-23.601870,0</coordinates></Point></Placemark>
<Placemark><name>Radar 80 km/h</name><description>Fonte: OSM</description><Point><coordinates>-46.938193,-23.601614,0</coordinates></Point></Placemark>
<Placemark><name>Radar 30 km/h</name><description>Fonte: OSM</description><Point><coordinates>-46.938061,-23.601512,0</coordinates></Point></Placemark>
<Placemark><name>Radar 50 km/h</name><description>Fonte: OSM</description><Point><coordinates>-46.717150,-23.601178,0</coordinates></Point></Placemark>
<Placemark><name>Radar</name><description>Fonte: DER-SP · sentido 173° (sul)</description><Point><coordinates>-45.449664,-23.601099,0</coordinates></Point></Placemark>
<Placemark><name>Radar 60 km/h</name><description>Fonte: OSM</description><Point><coordinates>-46.577163,-23.600721,0</coordinates></Point></Placemark>
<Placemark><name>Radar 50 km/h</name><description>Fonte: OSM</description><Point><coordinates>-46.658244,-23.600668,0</coordinates></Point></Placemark>
<Placemark><name>Radar 50 km/h</name><description>Fonte: OSM</description><Point><coordinates>-46.658427,-23.600365,0</coordinates></Point></Placemark>
<Placemark><name>Radar 90 km/h</name><description>Fonte: OSM</description><Point><coordinates>-46.884356,-23.600308,0</coordinates></Point></Placemark>
<Placemark><name>Radar 40 km/h</name><description>Fonte: OSM</description><Point><coordinates>-46.570872,-23.600227,0</coordinates></Point></Placemark>
<Placemark><name>Radar 50 km/h</name><description>Fonte: OSM</description><Point><coordinates>-46.636757,-23.599997,0</coordinates></Point></Placemark>
<Placemark><name>Radar 90 km/h</name><description>Fonte: OSM</description><Point><coordinates>-46.896682,-23.599539,0</coordinates></Point></Placemark>
<Placemark><name>Radar 50 km/h</name><description>Fonte: OSM</description><Point><coordinates>-46.529211,-23.599503,0</coordinates></Point></Placemark>
<Placemark><name>Radar 50 km/h</name><description>Fonte: OSM</description><Point><coordinates>-46.686030,-23.599454,0</coordinates></Point></Placemark>
<Placemark><name>Radar 50 km/h</name><description>Fonte: OSM</description><Point><coordinates>-46.685511,-23.599401,0</coordinates></Point></Placemark>
<Placemark><name>Radar 50 km/h</name><description>Fonte: OSM</description><Point><coordinates>-46.530502,-23.599353,0</coordinates></Point></Placemark>
<Placemark><name>Radar 50 km/h</name><description>Fonte: OSM</description><Point><coordinates>-46.685963,-23.599346,0</coordinates></Point></Placemark>
<Placemark><name>Radar 50 km/h</name><description>Fonte: OSM</description><Point><coordinates>-46.579362,-23.599134,0</coordinates></Point></Placemark>
<Placemark><name>Radar 50 km/h</name><description>Fonte: OSM</description><Point><coordinates>-46.685826,-23.599110,0</coordinates></Point></Placemark>
<Placemark><name>Radar 50 km/h</name><description>Fonte: OSM</description><Point><coordinates>-46.468288,-23.598648,0</coordinates></Point></Placemark>
<Placemark><name>Radar 50 km/h</name><description>Fonte: OSM</description><Point><coordinates>-46.597446,-23.598602,0</coordinates></Point></Placemark>
<Placemark><name>Radar 40 km/h</name><description>Fonte: OSM</description><Point><coordinates>-46.553276,-23.598447,0</coordinates></Point></Placemark>
<Placemark><name>Radar 40 km/h</name><description>Fonte: OSM</description><Point><coordinates>-46.522412,-23.598120,0</coordinates></Point></Placemark>
<Placemark><name>Radar 50 km/h</name><description>Fonte: OSM</description><Point><coordinates>-46.651110,-23.597982,0</coordinates></Point></Placemark>
<Placemark><name>Radar 50 km/h</name><description>Fonte: OSM</description><Point><coordinates>-46.747200,-23.597974,0</coordinates></Point></Placemark>
<Placemark><name>Radar</name><description>Fonte: OSM</description><Point><coordinates>-46.650519,-23.597819,0</coordinates></Point></Placemark>
<Placemark><name>Radar 50 km/h</name><description>Fonte: OSM</description><Point><coordinates>-46.675554,-23.597788,0</coordinates></Point></Placemark>
<Placemark><name>Radar 40 km/h</name><description>Fonte: OSM</description><Point><coordinates>-46.444624,-23.597715,0</coordinates></Point></Placemark>
<Placemark><name>Radar 50 km/h</name><description>Fonte: OSM</description><Point><coordinates>-46.444788,-23.597708,0</coordinates></Point></Placemark>
<Placemark><name>Radar 50 km/h</name><description>Fonte: OSM</description><Point><coordinates>-46.678211,-23.597620,0</coordinates></Point></Placemark>
<Placemark><name>Radar 40 km/h</name><description>Fonte: OSM</description><Point><coordinates>-46.507855,-23.597495,0</coordinates></Point></Placemark>
<Placemark><name>Radar 60 km/h</name><description>Fonte: OSM</description><Point><coordinates>-46.650896,-23.597392,0</coordinates></Point></Placemark>
<Placemark><name>Radar 40 km/h</name><description>Fonte: OSM</description><Point><coordinates>-46.541282,-23.597379,0</coordinates></Point></Placemark>
<Placemark><name>Radar 40 km/h</name><description>Fonte: OSM</description><Point><coordinates>-46.541225,-23.597339,0</coordinates></Point></Placemark>
<Placemark><name>Radar 40 km/h</name><description>Fonte: OSM</description><Point><coordinates>-46.530720,-23.597324,0</coordinates></Point></Placemark>
<Placemark><name>Radar 40 km/h</name><description>Fonte: OSM</description><Point><coordinates>-46.530666,-23.597260,0</coordinates></Point></Placemark>
<Placemark><name>Radar 50 km/h</name><description>Fonte: OSM</description><Point><coordinates>-46.636562,-23.596429,0</coordinates></Point></Placemark>
<Placemark><name>Radar 50 km/h</name><description>Fonte: OSM</description><Point><coordinates>-46.713671,-23.596401,0</coordinates></Point></Placemark>
<Placemark><name>Radar 50 km/h</name><description>Fonte: OSM</description><Point><coordinates>-46.650460,-23.596182,0</coordinates></Point></Placemark>
<Placemark><name>Radar 50 km/h</name><description>Fonte: OSM</description><Point><coordinates>-46.609779,-23.596153,0</coordinates></Point></Placemark>
<Placemark><name>Radar 50 km/h</name><description>Fonte: OSM</description><Point><coordinates>-46.679978,-23.595881,0</coordinates></Point></Placemark>
<Placemark><name>Radar 50 km/h</name><description>Fonte: OSM</description><Point><coordinates>-46.621773,-23.595472,0</coordinates></Point></Placemark>
<Placemark><name>Radar 50 km/h</name><description>Fonte: OSM</description><Point><coordinates>-46.864433,-23.595390,0</coordinates></Point></Placemark>
<Placemark><name>Radar 50 km/h</name><description>Fonte: OSM</description><Point><coordinates>-46.715787,-23.595223,0</coordinates></Point></Placemark>
<Placemark><name>Radar 50 km/h</name><description>Fonte: OSM</description><Point><coordinates>-46.672999,-23.595138,0</coordinates></Point></Placemark>
<Placemark><name>Radar 50 km/h</name><description>Fonte: OSM</description><Point><coordinates>-46.621164,-23.595068,0</coordinates></Point></Placemark>
<Placemark><name>Radar 40 km/h</name><description>Fonte: OSM</description><Point><coordinates>-46.631899,-23.595040,0</coordinates></Point></Placemark>
<Placemark><name>Radar 50 km/h</name><description>Fonte: OSM</description><Point><coordinates>-46.664756,-23.594689,0</coordinates></Point></Placemark>
<Placemark><name>Radar 40 km/h</name><description>Fonte: OSM</description><Point><coordinates>-46.661159,-23.594116,0</coordinates></Point></Placemark>
<Placemark><name>Radar 40 km/h</name><description>Fonte: OSM</description><Point><coordinates>-46.661175,-23.594075,0</coordinates></Point></Placemark>
<Placemark><name>Radar 70 km/h</name><description>Fonte: OSM</description><Point><coordinates>-46.694353,-23.593514,0</coordinates></Point></Placemark>
<Placemark><name>Radar 50 km/h</name><description>Fonte: OSM</description><Point><coordinates>-46.584114,-23.593307,0</coordinates></Point></Placemark>
<Placemark><name>Radar 50 km/h</name><description>Fonte: OSM</description><Point><coordinates>-46.467918,-23.593176,0</coordinates></Point></Placemark>
<Placemark><name>Radar 50 km/h</name><description>Fonte: OSM</description><Point><coordinates>-46.647629,-23.592898,0</coordinates></Point></Placemark>
<Placemark><name>Radar 50 km/h</name><description>Fonte: OSM</description><Point><coordinates>-46.471334,-23.592557,0</coordinates></Point></Placemark>
<Placemark><name>Radar 50 km/h</name><description>Fonte: OSM</description><Point><coordinates>-46.694746,-23.591218,0</coordinates></Point></Placemark>
<Placemark><name>Radar 50 km/h</name><description>Fonte: OSM</description><Point><coordinates>-46.681224,-23.590736,0</coordinates></Point></Placemark>
<Placemark><name>Radar 40 km/h</name><description>Fonte: OSM</description><Point><coordinates>-46.306711,-23.590541,0</coordinates></Point></Placemark>
<Placemark><name>Radar 40 km/h</name><description>Fonte: OSM</description><Point><coordinates>-46.572282,-23.590487,0</coordinates></Point></Placemark>
<Placemark><name>Radar</name><description>Fonte: DER-SP</description><Point><coordinates>-46.306660,-23.590485,0</coordinates></Point></Placemark>
<Placemark><name>Radar 40 km/h</name><description>Fonte: OSM</description><Point><coordinates>-46.306646,-23.590468,0</coordinates></Point></Placemark>
<Placemark><name>Radar 50 km/h</name><description>Fonte: OSM</description><Point><coordinates>-46.680604,-23.590383,0</coordinates></Point></Placemark>
<Placemark><name>Radar 50 km/h</name><description>Fonte: OSM</description><Point><coordinates>-46.681248,-23.590379,0</coordinates></Point></Placemark>
<Placemark><name>Radar</name><description>Fonte: DER-SP</description><Point><coordinates>-46.810227,-23.590183,0</coordinates></Point></Placemark>
<Placemark><name>Radar 50 km/h</name><description>Fonte: OSM</description><Point><coordinates>-46.735712,-23.590070,0</coordinates></Point></Placemark>
<Placemark><name>Radar</name><description>Fonte: DER-SP · sentido 134° (sudeste)</description><Point><coordinates>-47.060260,-23.590046,0</coordinates></Point></Placemark>
<Placemark><name>Radar</name><description>Fonte: DER-SP</description><Point><coordinates>-47.059444,-23.590000,0</coordinates></Point></Placemark>
<Placemark><name>Radar 50 km/h</name><description>Fonte: OSM</description><Point><coordinates>-46.701906,-23.589848,0</coordinates></Point></Placemark>
<Placemark><name>Radar</name><description>Fonte: DER-SP · sentido 96° (leste)</description><Point><coordinates>-45.439864,-23.589744,0</coordinates></Point></Placemark>
<Placemark><name>Radar 50 km/h</name><description>Fonte: OSM</description><Point><coordinates>-46.734486,-23.589415,0</coordinates></Point></Placemark>
<Placemark><name>Radar 50 km/h</name><description>Fonte: OSM</description><Point><coordinates>-46.610573,-23.589259,0</coordinates></Point></Placemark>
<Placemark><name>Radar 40 km/h</name><description>Fonte: OSM</description><Point><coordinates>-46.509971,-23.589189,0</coordinates></Point></Placemark>
<Placemark><name>Radar 60 km/h</name><description>Fonte: OSM</description><Point><coordinates>-45.333874,-23.589099,0</coordinates></Point></Placemark>
<Placemark><name>Radar 50 km/h</name><description>Fonte: OSM</description><Point><coordinates>-46.597862,-23.588925,0</coordinates></Point></Placemark>
<Placemark><name>Radar</name><description>Fonte: DER-SP · sentido 178° (sul)</description><Point><coordinates>-45.456158,-23.587783,0</coordinates></Point></Placemark>
<Placemark><name>Radar 50 km/h</name><description>Fonte: OSM</description><Point><coordinates>-46.634548,-23.587717,0</coordinates></Point></Placemark>
<Placemark><name>Radar 50 km/h</name><description>Fonte: OSM</description><Point><coordinates>-46.442932,-23.587717,0</coordinates></Point></Placemark>
<Placemark><name>Radar</name><description>Fonte: OSM</description><Point><coordinates>-46.921135,-23.587689,0</coordinates></Point></Placemark>
<Placemark><name>Radar</name><description>Fonte: OSM</description><Point><coordinates>-46.921354,-23.587681,0</coordinates></Point></Placemark>
<Placemark><name>Radar 50 km/h</name><description>Fonte: OSM</description><Point><coordinates>-46.592086,-23.587322,0</coordinates></Point></Placemark>
<Placemark><name>Radar 40 km/h</name><description>Fonte: OSM</description><Point><coordinates>-46.516382,-23.587231,0</coordinates></Point></Placemark>
<Placemark><name>Radar 40 km/h</name><description>Fonte: OSM</description><Point><coordinates>-46.516372,-23.587165,0</coordinates></Point></Placemark>
<Placemark><name>Radar 40 km/h</name><description>Fonte: OSM</description><Point><coordinates>-46.308179,-23.587025,0</coordinates></Point></Placemark>
<Placemark><name>Radar</name><description>Fonte: DER-SP</description><Point><coordinates>-46.308174,-23.586988,0</coordinates></Point></Placemark>
<Placemark><name>Radar 40 km/h</name><description>Fonte: OSM</description><Point><coordinates>-46.308114,-23.586978,0</coordinates></Point></Placemark>
<Placemark><name>Radar</name><description>Fonte: DER-SP</description><Point><coordinates>-45.447461,-23.586933,0</coordinates></Point></Placemark>
<Placemark><name>Radar 40 km/h</name><description>Fonte: OSM</description><Point><coordinates>-46.534534,-23.586802,0</coordinates></Point></Placemark>
<Placemark><name>Radar 50 km/h</name><description>Fonte: OSM</description><Point><coordinates>-46.724193,-23.586738,0</coordinates></Point></Placemark>
<Placemark><name>Radar 50 km/h</name><description>Fonte: OSM</description><Point><coordinates>-46.693431,-23.586738,0</coordinates></Point></Placemark>
<Placemark><name>Radar 50 km/h</name><description>Fonte: OSM</description><Point><coordinates>-46.693497,-23.586606,0</coordinates></Point></Placemark>
<Placemark><name>Radar 50 km/h</name><description>Fonte: OSM</description><Point><coordinates>-46.654142,-23.586605,0</coordinates></Point></Placemark>
<Placemark><name>Radar 50 km/h</name><description>Fonte: OSM</description><Point><coordinates>-46.635342,-23.586540,0</coordinates></Point></Placemark>
<Placemark><name>Radar</name><description>Fonte: DER-SP · sentido 98° (leste)</description><Point><coordinates>-45.447536,-23.586428,0</coordinates></Point></Placemark>
<Placemark><name>Radar 60 km/h</name><description>Fonte: OSM</description><Point><coordinates>-46.690623,-23.586382,0</coordinates></Point></Placemark>
<Placemark><name>Radar</name><description>Fonte: OSM</description><Point><coordinates>-46.667533,-23.585667,0</coordinates></Point></Placemark>
<Placemark><name>Radar 40 km/h</name><description>Fonte: OSM</description><Point><coordinates>-46.682242,-23.584556,0</coordinates></Point></Placemark>
<Placemark><name>Radar 50 km/h</name><description>Fonte: OSM</description><Point><coordinates>-46.577750,-23.584267,0</coordinates></Point></Placemark>
<Placemark><name>Radar 40 km/h</name><description>Fonte: OSM</description><Point><coordinates>-46.673415,-23.584257,0</coordinates></Point></Placemark>
<Placemark><name>Radar</name><description>Fonte: OSM</description><Point><coordinates>-46.784170,-23.584100,0</coordinates></Point></Placemark>
<Placemark><name>Radar 40 km/h</name><description>Fonte: OSM</description><Point><coordinates>-46.613535,-23.584082,0</coordinates></Point></Placemark>
<Placemark><name>Radar 50 km/h</name><description>Fonte: OSM</description><Point><coordinates>-46.575821,-23.583912,0</coordinates></Point></Placemark>
<Placemark><name>Radar 40 km/h</name><description>Fonte: OSM</description><Point><coordinates>-46.678315,-23.583803,0</coordinates></Point></Placemark>
<Placemark><name>Radar 90 km/h</name><description>Fonte: OSM</description><Point><coordinates>-46.769031,-23.583745,0</coordinates></Point></Placemark>
<Placemark><name>Radar 90 km/h</name><description>Fonte: OSM</description><Point><coordinates>-46.778926,-23.583599,0</coordinates></Point></Placemark>
<Placemark><name>Radar 50 km/h</name><description>Fonte: OSM</description><Point><coordinates>-46.534862,-23.583581,0</coordinates></Point></Placemark>
<Placemark><name>Radar 50 km/h</name><description>Fonte: OSM</description><Point><coordinates>-46.714454,-23.583099,0</coordinates></Point></Placemark>
<Placemark><name>Radar 50 km/h</name><description>Fonte: OSM</description><Point><coordinates>-46.652708,-23.583080,0</coordinates></Point></Placemark>
<Placemark><name>Radar 40 km/h</name><description>Fonte: OSM</description><Point><coordinates>-46.749678,-23.583022,0</coordinates></Point></Placemark>
<Placemark><name>Radar 90 km/h</name><description>Fonte: OSM</description><Point><coordinates>-46.693776,-23.582913,0</coordinates></Point></Placemark>
<Placemark><name>Radar 50 km/h</name><description>Fonte: OSM</description><Point><coordinates>-46.713710,-23.582636,0</coordinates></Point></Placemark>
<Placemark><name>Radar 50 km/h</name><description>Fonte: OSM</description><Point><coordinates>-46.442034,-23.582524,0</coordinates></Point></Placemark>
<Placemark><name>Radar 50 km/h</name><description>Fonte: OSM</description><Point><coordinates>-46.599811,-23.582375,0</coordinates></Point></Placemark>
<Placemark><name>Radar 50 km/h</name><description>Fonte: OSM</description><Point><coordinates>-46.561643,-23.582262,0</coordinates></Point></Placemark>
<Placemark><name>Radar 50 km/h</name><description>Fonte: OSM</description><Point><coordinates>-46.491514,-23.582237,0</coordinates></Point></Placemark>
<Placemark><name>Radar 50 km/h</name><description>Fonte: OSM</description><Point><coordinates>-46.561898,-23.582064,0</coordinates></Point></Placemark>
<Placemark><name>Radar 50 km/h</name><description>Fonte: OSM</description><Point><coordinates>-46.666294,-23.581872,0</coordinates></Point></Placemark>
<Placemark><name>Radar</name><description>Fonte: OSM</description><Point><coordinates>-45.326676,-23.581510,0</coordinates></Point></Placemark>
<Placemark><name>Radar 50 km/h</name><description>Fonte: OSM</description><Point><coordinates>-46.658385,-23.581370,0</coordinates></Point></Placemark>
<Placemark><name>Radar 40 km/h</name><description>Fonte: OSM</description><Point><coordinates>-46.585009,-23.581356,0</coordinates></Point></Placemark>
<Placemark><name>Radar</name><description>Fonte: DER-SP</description><Point><coordinates>-45.326472,-23.581311,0</coordinates></Point></Placemark>
<Placemark><name>Radar 60 km/h</name><description>Fonte: OSM</description><Point><coordinates>-46.649429,-23.581053,0</coordinates></Point></Placemark>
<Placemark><name>Radar 60 km/h</name><description>Fonte: OSM</description><Point><coordinates>-46.649534,-23.580928,0</coordinates></Point></Placemark>
<Placemark><name>Radar 50 km/h</name><description>Fonte: OSM</description><Point><coordinates>-46.586803,-23.580745,0</coordinates></Point></Placemark>
<Placemark><name>Radar 50 km/h</name><description>Fonte: OSM</description><Point><coordinates>-46.681175,-23.580421,0</coordinates></Point></Placemark>
<Placemark><name>Radar 50 km/h</name><description>Fonte: OSM</description><Point><coordinates>-46.661913,-23.580318,0</coordinates></Point></Placemark>
<Placemark><name>Radar 50 km/h</name><description>Fonte: OSM</description><Point><coordinates>-46.487058,-23.580214,0</coordinates></Point></Placemark>
<Placemark><name>Radar 50 km/h</name><description>Fonte: OSM</description><Point><coordinates>-46.661991,-23.580146,0</coordinates></Point></Placemark>
<Placemark><name>Radar 50 km/h</name><description>Fonte: OSM</description><Point><coordinates>-46.487041,-23.580087,0</coordinates></Point></Placemark>
<Placemark><name>Radar 40 km/h</name><description>Fonte: OSM</description><Point><coordinates>-46.616857,-23.580031,0</coordinates></Point></Placemark>
<Placemark><name>Radar 40 km/h</name><description>Fonte: OSM</description><Point><coordinates>-46.616819,-23.579990,0</coordinates></Point></Placemark>
<Placemark><name>Radar 50 km/h</name><description>Fonte: OSM</description><Point><coordinates>-46.492657,-23.579909,0</coordinates></Point></Placemark>
<Placemark><name>Radar 50 km/h</name><description>Fonte: OSM</description><Point><coordinates>-46.639478,-23.579904,0</coordinates></Point></Placemark>
<Placemark><name>Radar 50 km/h</name><description>Fonte: OSM</description><Point><coordinates>-46.572084,-23.579772,0</coordinates></Point></Placemark>
<Placemark><name>Radar</name><description>Fonte: DER-SP · sentido 122° (sudeste)</description><Point><coordinates>-47.061037,-23.579353,0</coordinates></Point></Placemark>
<Placemark><name>Radar</name><description>Fonte: DER-SP · sentido 122° (sudeste)</description><Point><coordinates>-47.060939,-23.579316,0</coordinates></Point></Placemark>
<Placemark><name>Radar 50 km/h</name><description>Fonte: OSM</description><Point><coordinates>-46.624143,-23.579245,0</coordinates></Point></Placemark>
<Placemark><name>Radar</name><description>Fonte: DER-SP</description><Point><coordinates>-45.471810,-23.579220,0</coordinates></Point></Placemark>
<Placemark><name>Radar 50 km/h</name><description>Fonte: OSM</description><Point><coordinates>-46.572066,-23.579193,0</coordinates></Point></Placemark>
<Placemark><name>Radar 50 km/h</name><description>Fonte: OSM</description><Point><coordinates>-46.572147,-23.579181,0</coordinates></Point></Placemark>
<Placemark><name>Radar 50 km/h</name><description>Fonte: OSM</description><Point><coordinates>-46.497081,-23.578979,0</coordinates></Point></Placemark>
<Placemark><name>Radar 50 km/h</name><description>Fonte: OSM</description><Point><coordinates>-46.685869,-23.578797,0</coordinates></Point></Placemark>
<Placemark><name>Radar 30 km/h</name><description>Fonte: OSM</description><Point><coordinates>-46.443065,-23.578353,0</coordinates></Point></Placemark>
<Placemark><name>Radar 30 km/h</name><description>Fonte: OSM</description><Point><coordinates>-46.443289,-23.578341,0</coordinates></Point></Placemark>
<Placemark><name>Radar 50 km/h</name><description>Fonte: OSM</description><Point><coordinates>-46.662673,-23.578269,0</coordinates></Point></Placemark>
<Placemark><name>Radar 50 km/h</name><description>Fonte: OSM</description><Point><coordinates>-46.662556,-23.578187,0</coordinates></Point></Placemark>
<Placemark><name>Radar 50 km/h</name><description>Fonte: OSM</description><Point><coordinates>-46.766653,-23.577772,0</coordinates></Point></Placemark>
<Placemark><name>Radar 50 km/h</name><description>Fonte: OSM</description><Point><coordinates>-46.708188,-23.577566,0</coordinates></Point></Placemark>
<Placemark><name>Radar 50 km/h</name><description>Fonte: OSM</description><Point><coordinates>-46.625332,-23.577554,0</coordinates></Point></Placemark>
<Placemark><name>Radar 60 km/h</name><description>Fonte: OSM</description><Point><coordinates>-46.720770,-23.576071,0</coordinates></Point></Placemark>
<Placemark><name>Radar 40 km/h</name><description>Fonte: OSM</description><Point><coordinates>-46.690188,-23.575946,0</coordinates></Point></Placemark>
<Placemark><name>Radar</name><description>Fonte: DER-SP</description><Point><coordinates>-46.304471,-23.575870,0</coordinates></Point></Placemark>
<Placemark><name>Radar 50 km/h</name><description>Fonte: OSM</description><Point><coordinates>-46.187839,-23.575571,0</coordinates></Point></Placemark>
<Placemark><name>Radar 40 km/h</name><description>Fonte: OSM</description><Point><coordinates>-46.644841,-23.575373,0</coordinates></Point></Placemark>
<Placemark><name>Radar 40 km/h</name><description>Fonte: OSM</description><Point><coordinates>-46.529146,-23.575296,0</coordinates></Point></Placemark>
<Placemark><name>Radar 50 km/h</name><description>Fonte: OSM</description><Point><coordinates>-46.765558,-23.575184,0</coordinates></Point></Placemark>
<Placemark><name>Radar 90 km/h</name><description>Fonte: OSM</description><Point><coordinates>-46.699036,-23.574981,0</coordinates></Point></Placemark>
<Placemark><name>Radar 50 km/h</name><description>Fonte: OSM</description><Point><coordinates>-46.502889,-23.574894,0</coordinates></Point></Placemark>
<Placemark><name>Radar 50 km/h</name><description>Fonte: OSM</description><Point><coordinates>-46.668453,-23.574880,0</coordinates></Point></Placemark>
<Placemark><name>Radar 60 km/h</name><description>Fonte: OSM</description><Point><coordinates>-46.696697,-23.574831,0</coordinates></Point></Placemark>
<Placemark><name>Radar</name><description>Fonte: DER-SP · sentido 323° (noroeste)</description><Point><coordinates>-45.486686,-23.574709,0</coordinates></Point></Placemark>
<Placemark><name>Radar 50 km/h</name><description>Fonte: OSM</description><Point><coordinates>-46.667960,-23.574674,0</coordinates></Point></Placemark>
<Placemark><name>Radar 80 km/h</name><description>Fonte: OSM</description><Point><coordinates>-45.486953,-23.574545,0</coordinates></Point></Placemark>
<Placemark><name>Radar</name><description>Fonte: DER-SP · sentido 143° (sudeste)</description><Point><coordinates>-45.486910,-23.574540,0</coordinates></Point></Placemark>
<Placemark><name>Radar 80 km/h</name><description>Fonte: OSM</description><Point><coordinates>-45.486829,-23.574508,0</coordinates></Point></Placemark>
<Placemark><name>Radar</name><description>Fonte: DER-SP · sentido 323° (noroeste)</description><Point><coordinates>-45.486840,-23.574480,0</coordinates></Point></Placemark>
<Placemark><name>Radar 50 km/h</name><description>Fonte: OSM</description><Point><coordinates>-46.587354,-23.574351,0</coordinates></Point></Placemark>
<Placemark><name>Radar 40 km/h</name><description>Fonte: OSM</description><Point><coordinates>-46.537799,-23.573766,0</coordinates></Point></Placemark>
<Placemark><name>Radar 50 km/h</name><description>Fonte: OSM</description><Point><coordinates>-46.610812,-23.573521,0</coordinates></Point></Placemark>
<Placemark><name>Radar 50 km/h</name><description>Fonte: OSM</description><Point><coordinates>-46.610712,-23.573517,0</coordinates></Point></Placemark>
<Placemark><name>Radar 50 km/h</name><description>Fonte: OSM</description><Point><coordinates>-46.611003,-23.573471,0</coordinates></Point></Placemark>
<Placemark><name>Radar 50 km/h</name><description>Fonte: OSM</description><Point><coordinates>-46.610904,-23.573461,0</coordinates></Point></Placemark>
<Placemark><name>Radar 50 km/h</name><description>Fonte: OSM</description><Point><coordinates>-46.192518,-23.573227,0</coordinates></Point></Placemark>
<Placemark><name>Radar 50 km/h</name><description>Fonte: OSM</description><Point><coordinates>-46.737368,-23.573223,0</coordinates></Point></Placemark>
<Placemark><name>Radar 50 km/h</name><description>Fonte: OSM</description><Point><coordinates>-46.192406,-23.573165,0</coordinates></Point></Placemark>
<Placemark><name>Radar</name><description>Fonte: OSM</description><Point><coordinates>-46.644990,-23.573109,0</coordinates></Point></Placemark>
<Placemark><name>Radar 50 km/h</name><description>Fonte: OSM</description><Point><coordinates>-46.704505,-23.572799,0</coordinates></Point></Placemark>
<Placemark><name>Radar 40 km/h</name><description>Fonte: OSM</description><Point><coordinates>-46.499764,-23.572679,0</coordinates></Point></Placemark>
<Placemark><name>Radar 40 km/h</name><description>Fonte: OSM</description><Point><coordinates>-46.499750,-23.572622,0</coordinates></Point></Placemark>
<Placemark><name>Radar 40 km/h</name><description>Fonte: OSM</description><Point><coordinates>-46.540853,-23.572585,0</coordinates></Point></Placemark>
<Placemark><name>Radar 60 km/h</name><description>Fonte: OSM</description><Point><coordinates>-46.699943,-23.572531,0</coordinates></Point></Placemark>
<Placemark><name>Radar 50 km/h</name><description>Fonte: OSM</description><Point><coordinates>-46.504481,-23.572436,0</coordinates></Point></Placemark>
<Placemark><name>Radar 50 km/h</name><description>Fonte: OSM</description><Point><coordinates>-46.603914,-23.572325,0</coordinates></Point></Placemark>
<Placemark><name>Radar 60 km/h</name><description>Fonte: OSM</description><Point><coordinates>-46.700020,-23.572324,0</coordinates></Point></Placemark>
<Placemark><name>Radar 40 km/h</name><description>Fonte: OSM</description><Point><coordinates>-46.641934,-23.572133,0</coordinates></Point></Placemark>
<Placemark><name>Radar 50 km/h</name><description>Fonte: OSM</description><Point><coordinates>-46.587601,-23.572063,0</coordinates></Point></Placemark>
<Placemark><name>Radar 50 km/h</name><description>Fonte: OSM</description><Point><coordinates>-46.604335,-23.572044,0</coordinates></Point></Placemark>
<Placemark><name>Radar</name><description>Fonte: OSM</description><Point><coordinates>-46.645501,-23.572025,0</coordinates></Point></Placemark>
<Placemark><name>Radar</name><description>Fonte: DER-SP</description><Point><coordinates>-46.255078,-23.572009,0</coordinates></Point></Placemark>
<Placemark><name>Radar 40 km/h</name><description>Fonte: OSM</description><Point><coordinates>-46.581642,-23.572000,0</coordinates></Point></Placemark>
<Placemark><name>Radar</name><description>Fonte: OSM</description><Point><coordinates>-46.924905,-23.571936,0</coordinates></Point></Placemark>
<Placemark><name>Radar 50 km/h</name><description>Fonte: OSM</description><Point><coordinates>-46.572980,-23.571503,0</coordinates></Point></Placemark>
<Placemark><name>Radar 50 km/h</name><description>Fonte: OSM</description><Point><coordinates>-46.719636,-23.571115,0</coordinates></Point></Placemark>
<Placemark><name>Radar</name><description>Fonte: OSM</description><Point><coordinates>-46.646822,-23.571004,0</coordinates></Point></Placemark>
<Placemark><name>Radar 50 km/h</name><description>Fonte: OSM</description><Point><coordinates>-46.675754,-23.570843,0</coordinates></Point></Placemark>
<Placemark><name>Radar 50 km/h</name><description>Fonte: OSM</description><Point><coordinates>-46.740306,-23.570636,0</coordinates></Point></Placemark>
<Placemark><name>Radar 50 km/h</name><description>Fonte: OSM</description><Point><coordinates>-46.698214,-23.570465,0</coordinates></Point></Placemark>
<Placemark><name>Radar</name><description>Fonte: OSM</description><Point><coordinates>-46.647595,-23.570411,0</coordinates></Point></Placemark>
<Placemark><name>Radar 50 km/h</name><description>Fonte: OSM</description><Point><coordinates>-46.529764,-23.570367,0</coordinates></Point></Placemark>
<Placemark><name>Radar 50 km/h</name><description>Fonte: OSM</description><Point><coordinates>-46.717971,-23.570284,0</coordinates></Point></Placemark>
<Placemark><name>Radar 50 km/h</name><description>Fonte: OSM</description><Point><coordinates>-46.529442,-23.570198,0</coordinates></Point></Placemark>
<Placemark><name>Radar 50 km/h</name><description>Fonte: OSM</description><Point><coordinates>-46.573657,-23.570002,0</coordinates></Point></Placemark>
<Placemark><name>Radar</name><description>Fonte: OSM</description><Point><coordinates>-46.648297,-23.569868,0</coordinates></Point></Placemark>
<Placemark><name>Radar 40 km/h</name><description>Fonte: OSM</description><Point><coordinates>-46.039318,-23.569558,0</coordinates></Point></Placemark>
<Placemark><name>Radar 40 km/h</name><description>Fonte: OSM</description><Point><coordinates>-46.039643,-23.569531,0</coordinates></Point></Placemark>
<Placemark><name>Radar</name><description>Fonte: DER-SP</description><Point><coordinates>-46.039641,-23.569468,0</coordinates></Point></Placemark>
<Placemark><name>Radar 50 km/h</name><description>Fonte: OSM</description><Point><coordinates>-46.672178,-23.569298,0</coordinates></Point></Placemark>
<Placemark><name>Radar 50 km/h</name><description>Fonte: OSM</description><Point><coordinates>-46.661198,-23.569207,0</coordinates></Point></Placemark>
<Placemark><name>Radar</name><description>Fonte: DER-SP</description><Point><coordinates>-46.068042,-23.569200,0</coordinates></Point></Placemark>
<Placemark><name>Radar 50 km/h</name><description>Fonte: OSM</description><Point><coordinates>-46.671765,-23.569194,0</coordinates></Point></Placemark>
<Placemark><name>Radar 50 km/h</name><description>Fonte: OSM</description><Point><coordinates>-46.622053,-23.569167,0</coordinates></Point></Placemark>
<Placemark><name>Radar 50 km/h</name><description>Fonte: OSM</description><Point><coordinates>-46.757397,-23.568524,0</coordinates></Point></Placemark>
<Placemark><name>Radar 50 km/h</name><description>Fonte: OSM</description><Point><coordinates>-46.757337,-23.568073,0</coordinates></Point></Placemark>
<Placemark><name>Radar 40 km/h</name><description>Fonte: OSM</description><Point><coordinates>-46.596152,-23.568060,0</coordinates></Point></Placemark>
<Placemark><name>Radar 50 km/h</name><description>Fonte: OSM</description><Point><coordinates>-46.692852,-23.568034,0</coordinates></Point></Placemark>
<Placemark><name>Radar 50 km/h</name><description>Fonte: OSM</description><Point><coordinates>-46.692629,-23.568002,0</coordinates></Point></Placemark>
<Placemark><name>Radar 40 km/h</name><description>Fonte: OSM</description><Point><coordinates>-46.462541,-23.567957,0</coordinates></Point></Placemark>
<Placemark><name>Radar 40 km/h</name><description>Fonte: OSM</description><Point><coordinates>-46.462549,-23.567845,0</coordinates></Point></Placemark>
<Placemark><name>Radar 50 km/h</name><description>Fonte: OSM</description><Point><coordinates>-46.695279,-23.567598,0</coordinates></Point></Placemark>
<Placemark><name>Radar 50 km/h</name><description>Fonte: OSM</description><Point><coordinates>-46.683576,-23.567368,0</coordinates></Point></Placemark>
<Placemark><name>Radar 50 km/h</name><description>Fonte: OSM</description><Point><coordinates>-46.683909,-23.567366,0</coordinates></Point></Placemark>
<Placemark><name>Radar 50 km/h</name><description>Fonte: OSM</description><Point><coordinates>-46.659105,-23.567236,0</coordinates></Point></Placemark>
<Placemark><name>Radar 40 km/h</name><description>Fonte: OSM</description><Point><coordinates>-46.668446,-23.567034,0</coordinates></Point></Placemark>
<Placemark><name>Radar</name><description>Fonte: OSM</description><Point><coordinates>-46.651833,-23.567004,0</coordinates></Point></Placemark>
<Placemark><name>Radar 40 km/h</name><description>Fonte: OSM</description><Point><coordinates>-46.688997,-23.566991,0</coordinates></Point></Placemark>
<Placemark><name>Radar 100 km/h</name><description>Fonte: OSM</description><Point><coordinates>-46.818079,-23.566822,0</coordinates></Point></Placemark>
<Placemark><name>Radar 50 km/h</name><description>Fonte: OSM</description><Point><coordinates>-46.709791,-23.566694,0</coordinates></Point></Placemark>
<Placemark><name>Radar 50 km/h</name><description>Fonte: OSM</description><Point><coordinates>-46.709848,-23.566437,0</coordinates></Point></Placemark>
<Placemark><name>Radar 50 km/h</name><description>Fonte: OSM</description><Point><coordinates>-46.650705,-23.566340,0</coordinates></Point></Placemark>
<Placemark><name>Radar</name><description>Fonte: DER-SP</description><Point><coordinates>-46.086182,-23.566221,0</coordinates></Point></Placemark>
<Placemark><name>Radar 40 km/h</name><description>Fonte: OSM</description><Point><coordinates>-46.636698,-23.566016,0</coordinates></Point></Placemark>
<Placemark><name>Radar 50 km/h</name><description>Fonte: OSM</description><Point><coordinates>-46.682328,-23.565422,0</coordinates></Point></Placemark>
<Placemark><name>Radar 40 km/h</name><description>Fonte: OSM</description><Point><coordinates>-46.697893,-23.565385,0</coordinates></Point></Placemark>
<Placemark><name>Radar 50 km/h</name><description>Fonte: OSM</description><Point><coordinates>-46.690474,-23.565237,0</coordinates></Point></Placemark>
<Placemark><name>Radar 50 km/h</name><description>Fonte: OSM</description><Point><coordinates>-46.690393,-23.565191,0</coordinates></Point></Placemark>
<Placemark><name>Radar</name><description>Fonte: OSM</description><Point><coordinates>-46.654091,-23.565184,0</coordinates></Point></Placemark>
<Placemark><name>Radar 50 km/h</name><description>Fonte: OSM</description><Point><coordinates>-46.754856,-23.565003,0</coordinates></Point></Placemark>
<Placemark><name>Radar 40 km/h</name><description>Fonte: OSM</description><Point><coordinates>-46.649450,-23.564716,0</coordinates></Point></Placemark>
<Placemark><name>Radar 50 km/h</name><description>Fonte: OSM</description><Point><coordinates>-46.677392,-23.564681,0</coordinates></Point></Placemark>
<Placemark><name>Radar 40 km/h</name><description>Fonte: OSM</description><Point><coordinates>-46.655015,-23.564370,0</coordinates></Point></Placemark>
<Placemark><name>Radar 50 km/h</name><description>Fonte: OSM</description><Point><coordinates>-46.596477,-23.564148,0</coordinates></Point></Placemark>
<Placemark><name>Radar 60 km/h</name><description>Fonte: OSM</description><Point><coordinates>-46.703478,-23.564076,0</coordinates></Point></Placemark>
<Placemark><name>Radar 50 km/h</name><description>Fonte: OSM</description><Point><coordinates>-46.678258,-23.563963,0</coordinates></Point></Placemark>
<Placemark><name>Radar 40 km/h</name><description>Fonte: OSM</description><Point><coordinates>-46.668106,-23.563888,0</coordinates></Point></Placemark>
<Placemark><name>Radar 50 km/h</name><description>Fonte: OSM</description><Point><coordinates>-46.611316,-23.563637,0</coordinates></Point></Placemark>
<Placemark><name>Radar 50 km/h</name><description>Fonte: OSM</description><Point><coordinates>-46.653979,-23.563427,0</coordinates></Point></Placemark>
<Placemark><name>Radar 30 km/h</name><description>Fonte: OSM</description><Point><coordinates>-46.331973,-23.563266,0</coordinates></Point></Placemark>
<Placemark><name>Radar 50 km/h</name><description>Fonte: OSM</description><Point><coordinates>-46.508594,-23.563183,0</coordinates></Point></Placemark>
<Placemark><name>Radar 30 km/h</name><description>Fonte: OSM</description><Point><coordinates>-46.332098,-23.563179,0</coordinates></Point></Placemark>
<Placemark><name>Radar</name><description>Fonte: DER-SP · sentido 40° (nordeste)</description><Point><coordinates>-47.449061,-23.563119,0</coordinates></Point></Placemark>
<Placemark><name>Radar 40 km/h</name><description>Fonte: OSM</description><Point><coordinates>-46.681644,-23.562458,0</coordinates></Point></Placemark>
<Placemark><name>Radar 40 km/h</name><description>Fonte: OSM</description><Point><coordinates>-46.641647,-23.562368,0</coordinates></Point></Placemark>
<Placemark><name>Radar 60 km/h</name><description>Fonte: OSM</description><Point><coordinates>-46.639952,-23.562295,0</coordinates></Point></Placemark>
<Placemark><name>Radar 60 km/h</name><description>Fonte: OSM</description><Point><coordinates>-46.640269,-23.562210,0</coordinates></Point></Placemark>
<Placemark><name>Radar 50 km/h</name><description>Fonte: OSM</description><Point><coordinates>-46.576309,-23.561918,0</coordinates></Point></Placemark>
<Placemark><name>Radar 50 km/h</name><description>Fonte: OSM</description><Point><coordinates>-46.783276,-23.561741,0</coordinates></Point></Placemark>
<Placemark><name>Radar</name><description>Fonte: OSM</description><Point><coordinates>-46.658168,-23.561679,0</coordinates></Point></Placemark>
<Placemark><name>Radar 50 km/h</name><description>Fonte: OSM</description><Point><coordinates>-46.445846,-23.561635,0</coordinates></Point></Placemark>
<Placemark><name>Radar 50 km/h</name><description>Fonte: OSM</description><Point><coordinates>-46.711965,-23.561618,0</coordinates></Point></Placemark>
<Placemark><name>Radar 50 km/h</name><description>Fonte: OSM</description><Point><coordinates>-46.626750,-23.561488,0</coordinates></Point></Placemark>
<Placemark><name>Radar 50 km/h</name><description>Fonte: OSM</description><Point><coordinates>-46.445983,-23.561319,0</coordinates></Point></Placemark>
<Placemark><name>Radar 50 km/h</name><description>Fonte: OSM</description><Point><coordinates>-46.687098,-23.560896,0</coordinates></Point></Placemark>
<Placemark><name>Radar 50 km/h</name><description>Fonte: OSM</description><Point><coordinates>-46.645864,-23.560878,0</coordinates></Point></Placemark>
<Placemark><name>Radar</name><description>Fonte: OSM</description><Point><coordinates>-45.255694,-23.560750,0</coordinates></Point></Placemark>
<Placemark><name>Radar</name><description>Fonte: DER-SP</description><Point><coordinates>-45.255398,-23.560567,0</coordinates></Point></Placemark>
<Placemark><name>Radar 60 km/h</name><description>Fonte: OSM</description><Point><coordinates>-46.191450,-23.560532,0</coordinates></Point></Placemark>
<Placemark><name>Radar 50 km/h</name><description>Fonte: OSM</description><Point><coordinates>-46.519506,-23.560441,0</coordinates></Point></Placemark>
<Placemark><name>Radar 50 km/h</name><description>Fonte: OSM</description><Point><coordinates>-46.519452,-23.560390,0</coordinates></Point></Placemark>
<Placemark><name>Radar 50 km/h</name><description>Fonte: OSM</description><Point><coordinates>-46.682175,-23.560365,0</coordinates></Point></Placemark>
<Placemark><name>Radar 40 km/h</name><description>Fonte: OSM</description><Point><coordinates>-46.696236,-23.560036,0</coordinates></Point></Placemark>
<Placemark><name>Radar 50 km/h</name><description>Fonte: OSM</description><Point><coordinates>-46.670083,-23.559539,0</coordinates></Point></Placemark>
<Placemark><name>Radar</name><description>Fonte: OSM</description><Point><coordinates>-46.670051,-23.559519,0</coordinates></Point></Placemark>
<Placemark><name>Radar 50 km/h</name><description>Fonte: OSM</description><Point><coordinates>-46.670254,-23.559474,0</coordinates></Point></Placemark>
<Placemark><name>Radar 40 km/h</name><description>Fonte: OSM</description><Point><coordinates>-46.664901,-23.559273,0</coordinates></Point></Placemark>
<Placemark><name>Radar 50 km/h</name><description>Fonte: OSM</description><Point><coordinates>-46.654036,-23.559088,0</coordinates></Point></Placemark>
<Placemark><name>Radar</name><description>Fonte: DER-SP</description><Point><coordinates>-46.144608,-23.559047,0</coordinates></Point></Placemark>
<Placemark><name>Radar</name><description>Fonte: OSM</description><Point><coordinates>-46.654193,-23.558985,0</coordinates></Point></Placemark>
<Placemark><name>Radar 50 km/h</name><description>Fonte: OSM</description><Point><coordinates>-46.654120,-23.558884,0</coordinates></Point></Placemark>
<Placemark><name>Radar</name><description>Fonte: DER-SP · sentido 68° (leste)</description><Point><coordinates>-47.836410,-23.558813,0</coordinates></Point></Placemark>
<Placemark><name>Radar</name><description>Fonte: DER-SP · sentido 68° (leste)</description><Point><coordinates>-47.836200,-23.558700,0</coordinates></Point></Placemark>
<Placemark><name>Radar 100 km/h</name><description>Fonte: OSM</description><Point><coordinates>-47.836040,-23.558659,0</coordinates></Point></Placemark>
<Placemark><name>Radar 50 km/h</name><description>Fonte: OSM</description><Point><coordinates>-46.660739,-23.558633,0</coordinates></Point></Placemark>
<Placemark><name>Radar 50 km/h</name><description>Fonte: OSM</description><Point><coordinates>-46.615839,-23.558587,0</coordinates></Point></Placemark>
<Placemark><name>Radar 60 km/h</name><description>Fonte: OSM</description><Point><coordinates>-46.799864,-23.558367,0</coordinates></Point></Placemark>
<Placemark><name>Radar 50 km/h</name><description>Fonte: OSM</description><Point><coordinates>-46.615508,-23.558346,0</coordinates></Point></Placemark>
<Placemark><name>Radar 50 km/h</name><description>Fonte: OSM</description><Point><coordinates>-46.748181,-23.558139,0</coordinates></Point></Placemark>
<Placemark><name>Radar</name><description>Fonte: OSM</description><Point><coordinates>-46.662302,-23.558029,0</coordinates></Point></Placemark>
<Placemark><name>Radar 50 km/h</name><description>Fonte: OSM</description><Point><coordinates>-46.515285,-23.557903,0</coordinates></Point></Placemark>
<Placemark><name>Radar 90 km/h</name><description>Fonte: OSM</description><Point><coordinates>-46.711023,-23.557886,0</coordinates></Point></Placemark>
<Placemark><name>Radar 60 km/h</name><description>Fonte: OSM</description><Point><coordinates>-46.711380,-23.557461,0</coordinates></Point></Placemark>
<Placemark><name>Radar 60 km/h</name><description>Fonte: OSM</description><Point><coordinates>-46.711328,-23.557350,0</coordinates></Point></Placemark>
<Placemark><name>Radar 50 km/h</name><description>Fonte: OSM</description><Point><coordinates>-46.707269,-23.556949,0</coordinates></Point></Placemark>
<Placemark><name>Radar 50 km/h</name><description>Fonte: OSM</description><Point><coordinates>-46.600315,-23.556705,0</coordinates></Point></Placemark>
<Placemark><name>Radar 60 km/h</name><description>Fonte: OSM</description><Point><coordinates>-46.637919,-23.556660,0</coordinates></Point></Placemark>
<Placemark><name>Radar 40 km/h</name><description>Fonte: OSM</description><Point><coordinates>-46.660233,-23.556558,0</coordinates></Point></Placemark>
<Placemark><name>Radar 40 km/h</name><description>Fonte: OSM</description><Point><coordinates>-46.449834,-23.556430,0</coordinates></Point></Placemark>
<Placemark><name>Radar 90 km/h</name><description>Fonte: OSM</description><Point><coordinates>-46.717651,-23.556298,0</coordinates></Point></Placemark>
<Placemark><name>Radar 50 km/h</name><description>Fonte: OSM</description><Point><coordinates>-46.637589,-23.556200,0</coordinates></Point></Placemark>
<Placemark><name>Radar 40 km/h</name><description>Fonte: OSM</description><Point><coordinates>-46.389030,-23.556150,0</coordinates></Point></Placemark>
<Placemark><name>Radar 40 km/h</name><description>Fonte: OSM</description><Point><coordinates>-46.768368,-23.556103,0</coordinates></Point></Placemark>
<Placemark><name>Radar 40 km/h</name><description>Fonte: OSM</description><Point><coordinates>-46.388753,-23.556088,0</coordinates></Point></Placemark>
<Placemark><name>Radar 50 km/h</name><description>Fonte: OSM</description><Point><coordinates>-46.637589,-23.556068,0</coordinates></Point></Placemark>
<Placemark><name>Radar 50 km/h</name><description>Fonte: OSM</description><Point><coordinates>-46.681830,-23.555696,0</coordinates></Point></Placemark>
<Placemark><name>Radar 40 km/h</name><description>Fonte: OSM</description><Point><coordinates>-46.768673,-23.555642,0</coordinates></Point></Placemark>
<Placemark><name>Radar 50 km/h</name><description>Fonte: OSM</description><Point><coordinates>-46.516885,-23.555352,0</coordinates></Point></Placemark>
<Placemark><name>Radar 50 km/h</name><description>Fonte: OSM</description><Point><coordinates>-46.516784,-23.555309,0</coordinates></Point></Placemark>
<Placemark><name>Radar 100 km/h</name><description>Fonte: OSM</description><Point><coordinates>-47.793606,-23.555145,0</coordinates></Point></Placemark>
<Placemark><name>Radar 40 km/h</name><description>Fonte: OSM</description><Point><coordinates>-46.634280,-23.554966,0</coordinates></Point></Placemark>
<Placemark><name>Radar 50 km/h</name><description>Fonte: OSM</description><Point><coordinates>-46.668894,-23.554769,0</coordinates></Point></Placemark>
<Placemark><name>Radar 40 km/h</name><description>Fonte: OSM</description><Point><coordinates>-46.383357,-23.554741,0</coordinates></Point></Placemark>
<Placemark><name>Radar 50 km/h</name><description>Fonte: OSM</description><Point><coordinates>-46.648769,-23.554583,0</coordinates></Point></Placemark>
<Placemark><name>Radar 50 km/h</name><description>Fonte: OSM</description><Point><coordinates>-46.680504,-23.554483,0</coordinates></Point></Placemark>
<Placemark><name>Radar 40 km/h</name><description>Fonte: OSM</description><Point><coordinates>-46.435168,-23.554339,0</coordinates></Point></Placemark>
<Placemark><name>Radar</name><description>Fonte: DER-SP · sentido 67° (nordeste)</description><Point><coordinates>-47.107085,-23.554333,0</coordinates></Point></Placemark>
<Placemark><name>Radar 50 km/h</name><description>Fonte: OSM</description><Point><coordinates>-46.676087,-23.554264,0</coordinates></Point></Placemark>
<Placemark><name>Radar</name><description>Fonte: DER-SP · sentido 247° (sudoeste)</description><Point><coordinates>-47.106725,-23.553939,0</coordinates></Point></Placemark>
<Placemark><name>Radar</name><description>Fonte: DER-SP · sentido 316° (noroeste)</description><Point><coordinates>-47.116280,-23.553853,0</coordinates></Point></Placemark>
<Placemark><name>Radar 50 km/h</name><description>Fonte: OSM</description><Point><coordinates>-46.779411,-23.553424,0</coordinates></Point></Placemark>
<Placemark><name>Radar</name><description>Fonte: DER-SP</description><Point><coordinates>-45.250128,-23.553290,0</coordinates></Point></Placemark>
<Placemark><name>Radar 50 km/h</name><description>Fonte: OSM</description><Point><coordinates>-46.673402,-23.553111,0</coordinates></Point></Placemark>
<Placemark><name>Radar</name><description>Fonte: DER-SP</description><Point><coordinates>-46.898344,-23.553034,0</coordinates></Point></Placemark>
<Placemark><name>Radar 50 km/h</name><description>Fonte: OSM</description><Point><coordinates>-46.602854,-23.553020,0</coordinates></Point></Placemark>
<Placemark><name>Radar 50 km/h</name><description>Fonte: OSM</description><Point><coordinates>-46.618698,-23.552599,0</coordinates></Point></Placemark>
<Placemark><name>Radar 50 km/h</name><description>Fonte: OSM</description><Point><coordinates>-46.741665,-23.552587,0</coordinates></Point></Placemark>
<Placemark><name>Radar 50 km/h</name><description>Fonte: OSM</description><Point><coordinates>-46.638023,-23.552565,0</coordinates></Point></Placemark>
<Placemark><name>Radar</name><description>Fonte: DER-SP</description><Point><coordinates>-46.148458,-23.552525,0</coordinates></Point></Placemark>
<Placemark><name>Radar 100 km/h</name><description>Fonte: OSM</description><Point><coordinates>-46.819751,-23.552471,0</coordinates></Point></Placemark>
<Placemark><name>Radar 50 km/h</name><description>Fonte: OSM</description><Point><coordinates>-46.618517,-23.552446,0</coordinates></Point></Placemark>
<Placemark><name>Radar 50 km/h</name><description>Fonte: OSM</description><Point><coordinates>-46.618440,-23.552375,0</coordinates></Point></Placemark>
<Placemark><name>Radar 50 km/h</name><description>Fonte: OSM</description><Point><coordinates>-46.206653,-23.551966,0</coordinates></Point></Placemark>
<Placemark><name>Radar 50 km/h</name><description>Fonte: OSM</description><Point><coordinates>-46.741052,-23.551797,0</coordinates></Point></Placemark>
<Placemark><name>Radar 50 km/h</name><description>Fonte: OSM</description><Point><coordinates>-46.206435,-23.551738,0</coordinates></Point></Placemark>
<Placemark><name>Radar 40 km/h</name><description>Fonte: OSM</description><Point><coordinates>-46.944091,-23.551561,0</coordinates></Point></Placemark>
<Placemark><name>Radar 50 km/h</name><description>Fonte: OSM</description><Point><coordinates>-46.711166,-23.551476,0</coordinates></Point></Placemark>
<Placemark><name>Radar 40 km/h</name><description>Fonte: OSM</description><Point><coordinates>-46.490626,-23.551432,0</coordinates></Point></Placemark>
<Placemark><name>Radar 40 km/h</name><description>Fonte: OSM</description><Point><coordinates>-46.675213,-23.550752,0</coordinates></Point></Placemark>
<Placemark><name>Radar 40 km/h</name><description>Fonte: OSM</description><Point><coordinates>-46.445028,-23.550359,0</coordinates></Point></Placemark>
<Placemark><name>Radar</name><description>Fonte: DER-SP</description><Point><coordinates>-45.604394,-23.550093,0</coordinates></Point></Placemark>
<Placemark><name>Radar 50 km/h</name><description>Fonte: OSM</description><Point><coordinates>-46.534088,-23.550085,0</coordinates></Point></Placemark>
<Placemark><name>Radar 40 km/h</name><description>Fonte: OSM</description><Point><coordinates>-46.445089,-23.550081,0</coordinates></Point></Placemark>
<Placemark><name>Radar 50 km/h</name><description>Fonte: OSM</description><Point><coordinates>-46.534374,-23.550038,0</coordinates></Point></Placemark>
<Placemark><name>Radar 40 km/h</name><description>Fonte: OSM</description><Point><coordinates>-46.666040,-23.549929,0</coordinates></Point></Placemark>
<Placemark><name>Radar 50 km/h</name><description>Fonte: OSM</description><Point><coordinates>-46.682639,-23.549721,0</coordinates></Point></Placemark>
<Placemark><name>Radar 50 km/h</name><description>Fonte: OSM</description><Point><coordinates>-46.680824,-23.549698,0</coordinates></Point></Placemark>
<Placemark><name>Radar 40 km/h</name><description>Fonte: OSM</description><Point><coordinates>-46.378610,-23.549694,0</coordinates></Point></Placemark>
<Placemark><name>Radar 50 km/h</name><description>Fonte: OSM</description><Point><coordinates>-46.642119,-23.549681,0</coordinates></Point></Placemark>
<Placemark><name>Radar 50 km/h</name><description>Fonte: OSM</description><Point><coordinates>-46.642369,-23.549678,0</coordinates></Point></Placemark>
<Placemark><name>Radar 50 km/h</name><description>Fonte: OSM</description><Point><coordinates>-46.578647,-23.549678,0</coordinates></Point></Placemark>
<Placemark><name>Radar 50 km/h</name><description>Fonte: OSM</description><Point><coordinates>-46.605041,-23.549625,0</coordinates></Point></Placemark>
<Placemark><name>Radar 40 km/h</name><description>Fonte: OSM</description><Point><coordinates>-45.966880,-23.549619,0</coordinates></Point></Placemark>
<Placemark><name>Radar 50 km/h</name><description>Fonte: OSM</description><Point><coordinates>-46.578467,-23.549616,0</coordinates></Point></Placemark>
<Placemark><name>Radar 50 km/h</name><description>Fonte: OSM</description><Point><coordinates>-46.579090,-23.549558,0</coordinates></Point></Placemark>
<Placemark><name>Radar 40 km/h</name><description>Fonte: OSM</description><Point><coordinates>-46.835201,-23.549557,0</coordinates></Point></Placemark>
<Placemark><name>Radar 40 km/h</name><description>Fonte: OSM</description><Point><coordinates>-45.966867,-23.549541,0</coordinates></Point></Placemark>
<Placemark><name>Radar 40 km/h</name><description>Fonte: OSM</description><Point><coordinates>-46.581144,-23.549495,0</coordinates></Point></Placemark>
<Placemark><name>Radar 40 km/h</name><description>Fonte: OSM</description><Point><coordinates>-46.581099,-23.549464,0</coordinates></Point></Placemark>
<Placemark><name>Radar</name><description>Fonte: DER-SP</description><Point><coordinates>-46.920094,-23.549429,0</coordinates></Point></Placemark>
<Placemark><name>Radar 50 km/h</name><description>Fonte: OSM</description><Point><coordinates>-46.653211,-23.549416,0</coordinates></Point></Placemark>
<Placemark><name>Radar 50 km/h</name><description>Fonte: OSM</description><Point><coordinates>-46.579029,-23.549162,0</coordinates></Point></Placemark>
<Placemark><name>Radar 50 km/h</name><description>Fonte: OSM</description><Point><coordinates>-46.525173,-23.549114,0</coordinates></Point></Placemark>
<Placemark><name>Radar 50 km/h</name><description>Fonte: OSM</description><Point><coordinates>-46.525053,-23.549055,0</coordinates></Point></Placemark>
<Placemark><name>Radar 50 km/h</name><description>Fonte: OSM</description><Point><coordinates>-46.714783,-23.548624,0</coordinates></Point></Placemark>
<Placemark><name>Radar 40 km/h</name><description>Fonte: OSM</description><Point><coordinates>-46.710362,-23.548565,0</coordinates></Point></Placemark>
<Placemark><name>Radar 50 km/h</name><description>Fonte: OSM</description><Point><coordinates>-46.650140,-23.548362,0</coordinates></Point></Placemark>
<Placemark><name>Radar 40 km/h</name><description>Fonte: OSM</description><Point><coordinates>-46.657382,-23.548106,0</coordinates></Point></Placemark>
<Placemark><name>Radar 50 km/h</name><description>Fonte: OSM</description><Point><coordinates>-46.304197,-23.547998,0</coordinates></Point></Placemark>
<Placemark><name>Radar</name><description>Fonte: OSM</description><Point><coordinates>-46.602443,-23.547956,0</coordinates></Point></Placemark>
<Placemark><name>Radar 60 km/h</name><description>Fonte: OSM</description><Point><coordinates>-46.761050,-23.547878,0</coordinates></Point></Placemark>
<Placemark><name>Radar 50 km/h</name><description>Fonte: OSM</description><Point><coordinates>-46.525763,-23.547864,0</coordinates></Point></Placemark>
<Placemark><name>Radar</name><description>Fonte: OSM</description><Point><coordinates>-46.602532,-23.547843,0</coordinates></Point></Placemark>
<Placemark><name>Radar 50 km/h</name><description>Fonte: OSM</description><Point><coordinates>-46.525666,-23.547783,0</coordinates></Point></Placemark>
<Placemark><name>Radar 50 km/h</name><description>Fonte: OSM</description><Point><coordinates>-46.642637,-23.547740,0</coordinates></Point></Placemark>
<Placemark><name>Radar 80 km/h</name><description>Fonte: OSM</description><Point><coordinates>-45.240957,-23.547676,0</coordinates></Point></Placemark>
<Placemark><name>Radar 50 km/h</name><description>Fonte: OSM</description><Point><coordinates>-46.303689,-23.547452,0</coordinates></Point></Placemark>
<Placemark><name>Radar 50 km/h</name><description>Fonte: OSM</description><Point><coordinates>-46.774938,-23.547435,0</coordinates></Point></Placemark>
<Placemark><name>Radar 50 km/h</name><description>Fonte: OSM</description><Point><coordinates>-46.676984,-23.547105,0</coordinates></Point></Placemark>
<Placemark><name>Radar 50 km/h</name><description>Fonte: OSM</description><Point><coordinates>-46.647530,-23.547084,0</coordinates></Point></Placemark>
<Placemark><name>Radar</name><description>Fonte: DER-SP</description><Point><coordinates>-47.058667,-23.547070,0</coordinates></Point></Placemark>
<Placemark><name>Radar 50 km/h</name><description>Fonte: OSM</description><Point><coordinates>-46.676748,-23.546923,0</coordinates></Point></Placemark>
<Placemark><name>Radar 40 km/h</name><description>Fonte: OSM</description><Point><coordinates>-46.599743,-23.546888,0</coordinates></Point></Placemark>
<Placemark><name>Radar 40 km/h</name><description>Fonte: OSM</description><Point><coordinates>-46.317528,-23.546851,0</coordinates></Point></Placemark>
<Placemark><name>Radar 40 km/h</name><description>Fonte: OSM</description><Point><coordinates>-46.382924,-23.546051,0</coordinates></Point></Placemark>
<Placemark><name>Radar 40 km/h</name><description>Fonte: OSM</description><Point><coordinates>-46.750699,-23.545905,0</coordinates></Point></Placemark>
<Placemark><name>Radar 50 km/h</name><description>Fonte: OSM</description><Point><coordinates>-46.692552,-23.545223,0</coordinates></Point></Placemark>
<Placemark><name>Radar 40 km/h</name><description>Fonte: OSM</description><Point><coordinates>-46.574418,-23.545072,0</coordinates></Point></Placemark>
<Placemark><name>Radar 50 km/h</name><description>Fonte: OSM</description><Point><coordinates>-46.691013,-23.544884,0</coordinates></Point></Placemark>
<Placemark><name>Radar 50 km/h</name><description>Fonte: OSM</description><Point><coordinates>-46.693154,-23.544841,0</coordinates></Point></Placemark>
<Placemark><name>Radar 50 km/h</name><description>Fonte: OSM</description><Point><coordinates>-46.593494,-23.544606,0</coordinates></Point></Placemark>
<Placemark><name>Radar 50 km/h</name><description>Fonte: OSM</description><Point><coordinates>-46.447161,-23.544547,0</coordinates></Point></Placemark>
<Placemark><name>Radar 40 km/h</name><description>Fonte: OSM</description><Point><coordinates>-46.685226,-23.544515,0</coordinates></Point></Placemark>
<Placemark><name>Radar 50 km/h</name><description>Fonte: OSM</description><Point><coordinates>-46.593587,-23.544495,0</coordinates></Point></Placemark>
<Placemark><name>Radar 50 km/h</name><description>Fonte: OSM</description><Point><coordinates>-46.530705,-23.543904,0</coordinates></Point></Placemark>
<Placemark><name>Radar 50 km/h</name><description>Fonte: OSM</description><Point><coordinates>-46.530655,-23.543798,0</coordinates></Point></Placemark>
<Placemark><name>Radar 50 km/h</name><description>Fonte: OSM</description><Point><coordinates>-46.732287,-23.543669,0</coordinates></Point></Placemark>
<Placemark><name>Radar 50 km/h</name><description>Fonte: OSM</description><Point><coordinates>-46.470450,-23.543498,0</coordinates></Point></Placemark>
<Placemark><name>Radar 50 km/h</name><description>Fonte: OSM</description><Point><coordinates>-46.725311,-23.543470,0</coordinates></Point></Placemark>
<Placemark><name>Radar 50 km/h</name><description>Fonte: OSM</description><Point><coordinates>-46.732270,-23.543443,0</coordinates></Point></Placemark>
<Placemark><name>Radar</name><description>Fonte: DER-SP</description><Point><coordinates>-46.959495,-23.543337,0</coordinates></Point></Placemark>
<Placemark><name>Radar</name><description>Fonte: OSM</description><Point><coordinates>-46.665553,-23.543198,0</coordinates></Point></Placemark>
<Placemark><name>Radar 50 km/h</name><description>Fonte: OSM</description><Point><coordinates>-46.586042,-23.543137,0</coordinates></Point></Placemark>
<Placemark><name>Radar 40 km/h</name><description>Fonte: OSM</description><Point><coordinates>-46.706904,-23.543015,0</coordinates></Point></Placemark>
<Placemark><name>Radar 50 km/h</name><description>Fonte: OSM</description><Point><coordinates>-46.726676,-23.542927,0</coordinates></Point></Placemark>
<Placemark><name>Radar 50 km/h</name><description>Fonte: OSM</description><Point><coordinates>-46.765686,-23.542490,0</coordinates></Point></Placemark>
<Placemark><name>Radar 40 km/h</name><description>Fonte: OSM</description><Point><coordinates>-46.640010,-23.542483,0</coordinates></Point></Placemark>
<Placemark><name>Radar 50 km/h</name><description>Fonte: OSM</description><Point><coordinates>-46.765893,-23.542451,0</coordinates></Point></Placemark>
<Placemark><name>Radar 40 km/h</name><description>Fonte: OSM</description><Point><coordinates>-46.243567,-23.542361,0</coordinates></Point></Placemark>
<Placemark><name>Radar 50 km/h</name><description>Fonte: OSM</description><Point><coordinates>-46.647640,-23.542342,0</coordinates></Point></Placemark>
<Placemark><name>Radar 50 km/h</name><description>Fonte: OSM</description><Point><coordinates>-46.711637,-23.542339,0</coordinates></Point></Placemark>
<Placemark><name>Radar 50 km/h</name><description>Fonte: OSM</description><Point><coordinates>-46.711571,-23.542326,0</coordinates></Point></Placemark>
<Placemark><name>Radar 40 km/h</name><description>Fonte: OSM</description><Point><coordinates>-46.183203,-23.542316,0</coordinates></Point></Placemark>
<Placemark><name>Radar 40 km/h</name><description>Fonte: OSM</description><Point><coordinates>-46.243379,-23.542257,0</coordinates></Point></Placemark>
<Placemark><name>Radar 40 km/h</name><description>Fonte: OSM</description><Point><coordinates>-46.183125,-23.542168,0</coordinates></Point></Placemark>
<Placemark><name>Radar 50 km/h</name><description>Fonte: OSM</description><Point><coordinates>-46.647841,-23.542156,0</coordinates></Point></Placemark>
<Placemark><name>Radar 40 km/h</name><description>Fonte: OSM</description><Point><coordinates>-46.418607,-23.542133,0</coordinates></Point></Placemark>
<Placemark><name>Radar</name><description>Fonte: DER-SP</description><Point><coordinates>-46.153719,-23.542085,0</coordinates></Point></Placemark>
<Placemark><name>Radar 50 km/h</name><description>Fonte: OSM</description><Point><coordinates>-46.719034,-23.542058,0</coordinates></Point></Placemark>
<Placemark><name>Radar</name><description>Fonte: DER-SP</description><Point><coordinates>-45.940064,-23.541976,0</coordinates></Point></Placemark>
<Placemark><name>Radar 60 km/h</name><description>Fonte: OSM</description><Point><coordinates>-46.286968,-23.541810,0</coordinates></Point></Placemark>
<Placemark><name>Radar 50 km/h</name><description>Fonte: OSM</description><Point><coordinates>-46.628228,-23.541777,0</coordinates></Point></Placemark>
<Placemark><name>Radar 50 km/h</name><description>Fonte: OSM</description><Point><coordinates>-46.481435,-23.541732,0</coordinates></Point></Placemark>
<Placemark><name>Radar 60 km/h</name><description>Fonte: OSM</description><Point><coordinates>-46.286880,-23.541723,0</coordinates></Point></Placemark>
<Placemark><name>Radar 40 km/h</name><description>Fonte: OSM</description><Point><coordinates>-46.663482,-23.541652,0</coordinates></Point></Placemark>
<Placemark><name>Radar 50 km/h</name><description>Fonte: OSM</description><Point><coordinates>-46.719231,-23.541637,0</coordinates></Point></Placemark>
<Placemark><name>Radar 50 km/h</name><description>Fonte: OSM</description><Point><coordinates>-46.481368,-23.541637,0</coordinates></Point></Placemark>
<Placemark><name>Radar 40 km/h</name><description>Fonte: OSM</description><Point><coordinates>-46.613247,-23.540903,0</coordinates></Point></Placemark>
<Placemark><name>Radar 50 km/h</name><description>Fonte: OSM</description><Point><coordinates>-46.638090,-23.540758,0</coordinates></Point></Placemark>
<Placemark><name>Radar 50 km/h</name><description>Fonte: OSM</description><Point><coordinates>-46.638174,-23.540661,0</coordinates></Point></Placemark>
<Placemark><name>Radar 40 km/h</name><description>Fonte: OSM</description><Point><coordinates>-46.632419,-23.540615,0</coordinates></Point></Placemark>
<Placemark><name>Radar 50 km/h</name><description>Fonte: OSM</description><Point><coordinates>-46.575305,-23.540490,0</coordinates></Point></Placemark>
<Placemark><name>Radar 50 km/h</name><description>Fonte: OSM</description><Point><coordinates>-46.629241,-23.540456,0</coordinates></Point></Placemark>
<Placemark><name>Radar</name><description>Fonte: DER-SP</description><Point><coordinates>-47.032923,-23.540331,0</coordinates></Point></Placemark>
<Placemark><name>Radar 50 km/h</name><description>Fonte: OSM</description><Point><coordinates>-46.467494,-23.540299,0</coordinates></Point></Placemark>
<Placemark><name>Radar 50 km/h</name><description>Fonte: OSM</description><Point><coordinates>-46.467294,-23.540289,0</coordinates></Point></Placemark>
<Placemark><name>Radar 50 km/h</name><description>Fonte: OSM</description><Point><coordinates>-46.769481,-23.540163,0</coordinates></Point></Placemark>
<Placemark><name>Radar 50 km/h</name><description>Fonte: OSM</description><Point><coordinates>-46.769292,-23.540059,0</coordinates></Point></Placemark>
<Placemark><name>Radar 60 km/h</name><description>Fonte: OSM</description><Point><coordinates>-46.742370,-23.540056,0</coordinates></Point></Placemark>
<Placemark><name>Radar 50 km/h</name><description>Fonte: OSM</description><Point><coordinates>-46.646383,-23.539607,0</coordinates></Point></Placemark>
<Placemark><name>Radar 90 km/h</name><description>Fonte: OSM</description><Point><coordinates>-46.742562,-23.539603,0</coordinates></Point></Placemark>
<Placemark><name>Radar 50 km/h</name><description>Fonte: OSM</description><Point><coordinates>-46.632349,-23.539521,0</coordinates></Point></Placemark>
<Placemark><name>Radar 40 km/h</name><description>Fonte: OSM</description><Point><coordinates>-46.482763,-23.539306,0</coordinates></Point></Placemark>
<Placemark><name>Radar 40 km/h</name><description>Fonte: OSM</description><Point><coordinates>-46.482647,-23.539174,0</coordinates></Point></Placemark>
<Placemark><name>Radar 40 km/h</name><description>Fonte: OSM</description><Point><coordinates>-46.606404,-23.538959,0</coordinates></Point></Placemark>
<Placemark><name>Radar 40 km/h</name><description>Fonte: OSM</description><Point><coordinates>-46.697524,-23.538948,0</coordinates></Point></Placemark>
<Placemark><name>Radar 40 km/h</name><description>Fonte: OSM</description><Point><coordinates>-46.697457,-23.538948,0</coordinates></Point></Placemark>
<Placemark><name>Radar 50 km/h</name><description>Fonte: OSM</description><Point><coordinates>-46.565482,-23.538657,0</coordinates></Point></Placemark>
<Placemark><name>Radar 50 km/h</name><description>Fonte: OSM</description><Point><coordinates>-46.565508,-23.538546,0</coordinates></Point></Placemark>
<Placemark><name>Radar 50 km/h</name><description>Fonte: OSM</description><Point><coordinates>-46.730334,-23.538454,0</coordinates></Point></Placemark>
<Placemark><name>Radar 40 km/h</name><description>Fonte: OSM</description><Point><coordinates>-46.634715,-23.538269,0</coordinates></Point></Placemark>
<Placemark><name>Radar 40 km/h</name><description>Fonte: OSM</description><Point><coordinates>-46.708589,-23.538064,0</coordinates></Point></Placemark>
<Placemark><name>Radar 50 km/h</name><description>Fonte: OSM</description><Point><coordinates>-46.456198,-23.538041,0</coordinates></Point></Placemark>
<Placemark><name>Radar 50 km/h</name><description>Fonte: OSM</description><Point><coordinates>-46.690081,-23.537451,0</coordinates></Point></Placemark>
<Placemark><name>Radar 50 km/h</name><description>Fonte: OSM</description><Point><coordinates>-46.722459,-23.537219,0</coordinates></Point></Placemark>
<Placemark><name>Radar 50 km/h</name><description>Fonte: OSM</description><Point><coordinates>-46.654396,-23.537129,0</coordinates></Point></Placemark>
<Placemark><name>Radar 40 km/h</name><description>Fonte: OSM</description><Point><coordinates>-46.593370,-23.537118,0</coordinates></Point></Placemark>
<Placemark><name>Radar 50 km/h</name><description>Fonte: OSM</description><Point><coordinates>-46.722440,-23.537102,0</coordinates></Point></Placemark>
<Placemark><name>Radar 50 km/h</name><description>Fonte: OSM</description><Point><coordinates>-46.689945,-23.537078,0</coordinates></Point></Placemark>
<Placemark><name>Radar 40 km/h</name><description>Fonte: OSM</description><Point><coordinates>-46.219066,-23.537055,0</coordinates></Point></Placemark>
<Placemark><name>Radar 40 km/h</name><description>Fonte: OSM</description><Point><coordinates>-46.592496,-23.537033,0</coordinates></Point></Placemark>
<Placemark><name>Radar</name><description>Fonte: OSM</description><Point><coordinates>-46.386182,-23.537024,0</coordinates></Point></Placemark>
<Placemark><name>Radar 60 km/h</name><description>Fonte: OSM</description><Point><coordinates>-46.788098,-23.536968,0</coordinates></Point></Placemark>
<Placemark><name>Radar 50 km/h</name><description>Fonte: OSM</description><Point><coordinates>-46.633722,-23.536711,0</coordinates></Point></Placemark>
<Placemark><name>Radar 50 km/h</name><description>Fonte: OSM</description><Point><coordinates>-46.732479,-23.536529,0</coordinates></Point></Placemark>
<Placemark><name>Radar 40 km/h</name><description>Fonte: OSM</description><Point><coordinates>-46.607434,-23.536462,0</coordinates></Point></Placemark>
<Placemark><name>Radar 40 km/h</name><description>Fonte: OSM</description><Point><coordinates>-46.686372,-23.536286,0</coordinates></Point></Placemark>
<Placemark><name>Radar 40 km/h</name><description>Fonte: OSM</description><Point><coordinates>-46.403459,-23.536280,0</coordinates></Point></Placemark>
<Placemark><name>Radar</name><description>Fonte: DER-SP</description><Point><coordinates>-47.008537,-23.536217,0</coordinates></Point></Placemark>
<Placemark><name>Radar</name><description>Fonte: OSM</description><Point><coordinates>-46.323577,-23.536125,0</coordinates></Point></Placemark>
<Placemark><name>Radar 40 km/h</name><description>Fonte: OSM</description><Point><coordinates>-46.323772,-23.536057,0</coordinates></Point></Placemark>
<Placemark><name>Radar 50 km/h</name><description>Fonte: OSM</description><Point><coordinates>-46.553155,-23.536027,0</coordinates></Point></Placemark>
<Placemark><name>Radar 50 km/h</name><description>Fonte: OSM</description><Point><coordinates>-46.642902,-23.536024,0</coordinates></Point></Placemark>
<Placemark><name>Radar 40 km/h</name><description>Fonte: OSM</description><Point><coordinates>-46.416906,-23.536022,0</coordinates></Point></Placemark>
<Placemark><name>Radar 40 km/h</name><description>Fonte: OSM</description><Point><coordinates>-46.717799,-23.535832,0</coordinates></Point></Placemark>
<Placemark><name>Radar 50 km/h</name><description>Fonte: OSM</description><Point><coordinates>-46.652209,-23.535760,0</coordinates></Point></Placemark>
<Placemark><name>Radar</name><description>Fonte: DER-SP · sentido 258° (oeste)</description><Point><coordinates>-47.497131,-23.535732,0</coordinates></Point></Placemark>
<Placemark><name>Radar 50 km/h</name><description>Fonte: OSM</description><Point><coordinates>-46.493339,-23.535718,0</coordinates></Point></Placemark>
<Placemark><name>Radar 50 km/h</name><description>Fonte: OSM</description><Point><coordinates>-46.552449,-23.535676,0</coordinates></Point></Placemark>
<Placemark><name>Radar 70 km/h</name><description>Fonte: OSM</description><Point><coordinates>-47.497016,-23.535595,0</coordinates></Point></Placemark>
<Placemark><name>Radar 50 km/h</name><description>Fonte: OSM</description><Point><coordinates>-46.493685,-23.535582,0</coordinates></Point></Placemark>
<Placemark><name>Radar</name><description>Fonte: DER-SP · sentido 258° (oeste)</description><Point><coordinates>-47.497092,-23.535549,0</coordinates></Point></Placemark>
<Placemark><name>Radar 50 km/h</name><description>Fonte: OSM</description><Point><coordinates>-46.662795,-23.535494,0</coordinates></Point></Placemark>
<Placemark><name>Radar 50 km/h</name><description>Fonte: OSM</description><Point><coordinates>-46.582768,-23.535386,0</coordinates></Point></Placemark>
<Placemark><name>Radar 50 km/h</name><description>Fonte: OSM</description><Point><coordinates>-46.582657,-23.535366,0</coordinates></Point></Placemark>
<Placemark><name>Radar 40 km/h</name><description>Fonte: OSM</description><Point><coordinates>-46.219343,-23.535244,0</coordinates></Point></Placemark>
<Placemark><name>Radar 50 km/h</name><description>Fonte: OSM</description><Point><coordinates>-46.583076,-23.535189,0</coordinates></Point></Placemark>
<Placemark><name>Radar 50 km/h</name><description>Fonte: OSM</description><Point><coordinates>-46.582953,-23.535172,0</coordinates></Point></Placemark>
<Placemark><name>Radar 100 km/h</name><description>Fonte: OSM</description><Point><coordinates>-46.818044,-23.535068,0</coordinates></Point></Placemark>
<Placemark><name>Radar 90 km/h</name><description>Fonte: OSM</description><Point><coordinates>-46.746086,-23.534645,0</coordinates></Point></Placemark>
<Placemark><name>Radar 50 km/h</name><description>Fonte: OSM</description><Point><coordinates>-46.625057,-23.534471,0</coordinates></Point></Placemark>
<Placemark><name>Radar 40 km/h</name><description>Fonte: OSM</description><Point><coordinates>-46.602571,-23.534470,0</coordinates></Point></Placemark>
<Placemark><name>Radar 60 km/h</name><description>Fonte: OSM</description><Point><coordinates>-46.768825,-23.534427,0</coordinates></Point></Placemark>
<Placemark><name>Radar 60 km/h</name><description>Fonte: OSM</description><Point><coordinates>-46.768760,-23.534293,0</coordinates></Point></Placemark>
<Placemark><name>Radar 50 km/h</name><description>Fonte: OSM</description><Point><coordinates>-46.661954,-23.534141,0</coordinates></Point></Placemark>
<Placemark><name>Radar</name><description>Fonte: DER-SP</description><Point><coordinates>-45.905095,-23.533787,0</coordinates></Point></Placemark>
<Placemark><name>Radar 40 km/h</name><description>Fonte: OSM</description><Point><coordinates>-46.459475,-23.533558,0</coordinates></Point></Placemark>
<Placemark><name>Radar 40 km/h</name><description>Fonte: OSM</description><Point><coordinates>-46.459641,-23.533551,0</coordinates></Point></Placemark>
<Placemark><name>Radar 40 km/h</name><description>Fonte: OSM</description><Point><coordinates>-47.451014,-23.533508,0</coordinates></Point></Placemark>
<Placemark><name>Radar 40 km/h</name><description>Fonte: OSM</description><Point><coordinates>-46.664950,-23.533474,0</coordinates></Point></Placemark>
<Placemark><name>Radar 60 km/h</name><description>Fonte: OSM</description><Point><coordinates>-46.772830,-23.533434,0</coordinates></Point></Placemark>
<Placemark><name>Radar 50 km/h</name><description>Fonte: OSM</description><Point><coordinates>-46.539897,-23.533382,0</coordinates></Point></Placemark>
<Placemark><name>Radar 40 km/h</name><description>Fonte: OSM</description><Point><coordinates>-47.450755,-23.533186,0</coordinates></Point></Placemark>
<Placemark><name>Radar 50 km/h</name><description>Fonte: OSM</description><Point><coordinates>-46.209820,-23.533068,0</coordinates></Point></Placemark>
<Placemark><name>Radar 40 km/h</name><description>Fonte: OSM</description><Point><coordinates>-46.448070,-23.532704,0</coordinates></Point></Placemark>
<Placemark><name>Radar 40 km/h</name><description>Fonte: OSM</description><Point><coordinates>-46.448105,-23.532660,0</coordinates></Point></Placemark>
<Placemark><name>Radar 60 km/h</name><description>Fonte: OSM</description><Point><coordinates>-47.503653,-23.532546,0</coordinates></Point></Placemark>
<Placemark><name>Radar 50 km/h</name><description>Fonte: OSM</description><Point><coordinates>-46.632283,-23.532545,0</coordinates></Point></Placemark>
<Placemark><name>Radar 60 km/h</name><description>Fonte: OSM</description><Point><coordinates>-47.503782,-23.532482,0</coordinates></Point></Placemark>
<Placemark><name>Radar 40 km/h</name><description>Fonte: OSM</description><Point><coordinates>-47.450907,-23.532355,0</coordinates></Point></Placemark>
<Placemark><name>Radar 50 km/h</name><description>Fonte: OSM</description><Point><coordinates>-46.658544,-23.532015,0</coordinates></Point></Placemark>
<Placemark><name>Radar 50 km/h</name><description>Fonte: OSM</description><Point><coordinates>-46.626080,-23.531925,0</coordinates></Point></Placemark>
<Placemark><name>Radar 60 km/h</name><description>Fonte: OSM</description><Point><coordinates>-46.801812,-23.531777,0</coordinates></Point></Placemark>
<Placemark><name>Radar 40 km/h</name><description>Fonte: OSM</description><Point><coordinates>-46.193574,-23.531730,0</coordinates></Point></Placemark>
<Placemark><name>Radar 40 km/h</name><description>Fonte: OSM</description><Point><coordinates>-46.193578,-23.531637,0</coordinates></Point></Placemark>
<Placemark><name>Radar 50 km/h</name><description>Fonte: OSM</description><Point><coordinates>-46.789580,-23.531491,0</coordinates></Point></Placemark>
<Placemark><name>Radar 60 km/h</name><description>Fonte: OSM</description><Point><coordinates>-47.489378,-23.531490,0</coordinates></Point></Placemark>
<Placemark><name>Radar 60 km/h</name><description>Fonte: OSM</description><Point><coordinates>-47.489218,-23.531459,0</coordinates></Point></Placemark>
<Placemark><name>Radar 80 km/h</name><description>Fonte: OSM</description><Point><coordinates>-47.630520,-23.531410,0</coordinates></Point></Placemark>
<Placemark><name>Radar 50 km/h</name><description>Fonte: OSM</description><Point><coordinates>-46.533632,-23.531392,0</coordinates></Point></Placemark>
<Placemark><name>Radar 50 km/h</name><description>Fonte: OSM</description><Point><coordinates>-46.520495,-23.531245,0</coordinates></Point></Placemark>
<Placemark><name>Radar</name><description>Fonte: DER-SP · sentido 237° (sudoeste)</description><Point><coordinates>-47.630200,-23.531200,0</coordinates></Point></Placemark>
<Placemark><name>Radar 40 km/h</name><description>Fonte: OSM</description><Point><coordinates>-46.637516,-23.531187,0</coordinates></Point></Placemark>
<Placemark><name>Radar 40 km/h</name><description>Fonte: OSM</description><Point><coordinates>-46.365910,-23.530891,0</coordinates></Point></Placemark>
<Placemark><name>Radar 40 km/h</name><description>Fonte: OSM</description><Point><coordinates>-46.639186,-23.530720,0</coordinates></Point></Placemark>
<Placemark><name>Radar 50 km/h</name><description>Fonte: OSM</description><Point><coordinates>-46.625722,-23.530604,0</coordinates></Point></Placemark>
<Placemark><name>Radar 40 km/h</name><description>Fonte: OSM</description><Point><coordinates>-46.556577,-23.530601,0</coordinates></Point></Placemark>
<Placemark><name>Radar</name><description>Fonte: DER-SP · sentido 11° (norte)</description><Point><coordinates>-45.538480,-23.530490,0</coordinates></Point></Placemark>
<Placemark><name>Radar 80 km/h</name><description>Fonte: OSM</description><Point><coordinates>-45.538483,-23.530480,0</coordinates></Point></Placemark>
<Placemark><name>Radar</name><description>Fonte: DER-SP · sentido 11° (norte)</description><Point><coordinates>-45.538440,-23.530470,0</coordinates></Point></Placemark>
<Placemark><name>Radar 50 km/h</name><description>Fonte: OSM</description><Point><coordinates>-46.518350,-23.530431,0</coordinates></Point></Placemark>
<Placemark><name>Radar 50 km/h</name><description>Fonte: OSM</description><Point><coordinates>-46.447981,-23.530371,0</coordinates></Point></Placemark>
<Placemark><name>Radar 50 km/h</name><description>Fonte: OSM</description><Point><coordinates>-46.448082,-23.530310,0</coordinates></Point></Placemark>
<Placemark><name>Radar 60 km/h</name><description>Fonte: OSM</description><Point><coordinates>-46.594510,-23.530117,0</coordinates></Point></Placemark>
<Placemark><name>Radar</name><description>Fonte: DER-SP · sentido 270° (oeste)</description><Point><coordinates>-47.230278,-23.530000,0</coordinates></Point></Placemark>
<Placemark><name>Radar 50 km/h</name><description>Fonte: OSM</description><Point><coordinates>-46.667990,-23.529659,0</coordinates></Point></Placemark>
<Placemark><name>Radar 50 km/h</name><description>Fonte: OSM</description><Point><coordinates>-46.667765,-23.529655,0</coordinates></Point></Placemark>
<Placemark><name>Radar</name><description>Fonte: DER-SP</description><Point><coordinates>-47.727884,-23.529456,0</coordinates></Point></Placemark>
<Placemark><name>Radar 60 km/h</name><description>Fonte: OSM</description><Point><coordinates>-47.489701,-23.529449,0</coordinates></Point></Placemark>
<Placemark><name>Radar 60 km/h</name><description>Fonte: OSM</description><Point><coordinates>-47.727958,-23.529358,0</coordinates></Point></Placemark>
<Placemark><name>Radar 50 km/h</name><description>Fonte: OSM</description><Point><coordinates>-46.738796,-23.529343,0</coordinates></Point></Placemark>
<Placemark><name>Radar 60 km/h</name><description>Fonte: OSM</description><Point><coordinates>-47.489959,-23.529005,0</coordinates></Point></Placemark>
<Placemark><name>Radar 50 km/h</name><description>Fonte: OSM</description><Point><coordinates>-46.456947,-23.528986,0</coordinates></Point></Placemark>
<Placemark><name>Radar 40 km/h</name><description>Fonte: OSM</description><Point><coordinates>-46.725101,-23.528723,0</coordinates></Point></Placemark>
<Placemark><name>Radar 90 km/h</name><description>Fonte: OSM</description><Point><coordinates>-46.594894,-23.528676,0</coordinates></Point></Placemark>
<Placemark><name>Radar</name><description>Fonte: OSM</description><Point><coordinates>-46.595254,-23.528390,0</coordinates></Point></Placemark>
<Placemark><name>Radar 40 km/h</name><description>Fonte: OSM</description><Point><coordinates>-46.474198,-23.528196,0</coordinates></Point></Placemark>
<Placemark><name>Radar 40 km/h</name><description>Fonte: OSM</description><Point><coordinates>-46.474344,-23.528178,0</coordinates></Point></Placemark>
<Placemark><name>Radar 40 km/h</name><description>Fonte: OSM</description><Point><coordinates>-46.691594,-23.528171,0</coordinates></Point></Placemark>
<Placemark><name>Radar 40 km/h</name><description>Fonte: OSM</description><Point><coordinates>-46.733537,-23.528063,0</coordinates></Point></Placemark>
<Placemark><name>Radar 40 km/h</name><description>Fonte: OSM</description><Point><coordinates>-46.551870,-23.528027,0</coordinates></Point></Placemark>
<Placemark><name>Radar 40 km/h</name><description>Fonte: OSM</description><Point><coordinates>-46.700769,-23.528007,0</coordinates></Point></Placemark>
<Placemark><name>Radar 40 km/h</name><description>Fonte: OSM</description><Point><coordinates>-46.733710,-23.527995,0</coordinates></Point></Placemark>
<Placemark><name>Radar 40 km/h</name><description>Fonte: OSM</description><Point><coordinates>-46.501098,-23.527490,0</coordinates></Point></Placemark>
<Placemark><name>Radar 60 km/h</name><description>Fonte: OSM</description><Point><coordinates>-47.465230,-23.527483,0</coordinates></Point></Placemark>
<Placemark><name>Radar 50 km/h</name><description>Fonte: OSM</description><Point><coordinates>-46.625370,-23.527375,0</coordinates></Point></Placemark>
<Placemark><name>Radar 60 km/h</name><description>Fonte: OSM</description><Point><coordinates>-47.500437,-23.527285,0</coordinates></Point></Placemark>
<Placemark><name>Radar 90 km/h</name><description>Fonte: OSM</description><Point><coordinates>-47.452617,-23.527237,0</coordinates></Point></Placemark>
<Placemark><name>Radar</name><description>Fonte: DER-SP · sentido 78° (leste)</description><Point><coordinates>-47.452142,-23.527184,0</coordinates></Point></Placemark>
<Placemark><name>Radar 60 km/h</name><description>Fonte: OSM</description><Point><coordinates>-46.564844,-23.527159,0</coordinates></Point></Placemark>
<Placemark><name>Radar 50 km/h</name><description>Fonte: OSM</description><Point><coordinates>-46.791639,-23.527045,0</coordinates></Point></Placemark>
<Placemark><name>Radar 50 km/h</name><description>Fonte: OSM</description><Point><coordinates>-46.682778,-23.527013,0</coordinates></Point></Placemark>
<Placemark><name>Radar 50 km/h</name><description>Fonte: OSM</description><Point><coordinates>-46.682634,-23.527003,0</coordinates></Point></Placemark>
<Placemark><name>Radar 70 km/h</name><description>Fonte: OSM</description><Point><coordinates>-46.598853,-23.527000,0</coordinates></Point></Placemark>
<Placemark><name>Radar 60 km/h</name><description>Fonte: OSM</description><Point><coordinates>-46.599167,-23.526907,0</coordinates></Point></Placemark>
<Placemark><name>Radar 90 km/h</name><description>Fonte: OSM</description><Point><coordinates>-46.598715,-23.526906,0</coordinates></Point></Placemark>
<Placemark><name>Radar</name><description>Fonte: DER-SP</description><Point><coordinates>-45.822215,-23.526897,0</coordinates></Point></Placemark>
<Placemark><name>Radar 70 km/h</name><description>Fonte: OSM</description><Point><coordinates>-46.595684,-23.526858,0</coordinates></Point></Placemark>
<Placemark><name>Radar 60 km/h</name><description>Fonte: OSM</description><Point><coordinates>-46.222929,-23.526787,0</coordinates></Point></Placemark>
<Placemark><name>Radar 60 km/h</name><description>Fonte: OSM</description><Point><coordinates>-46.595633,-23.526756,0</coordinates></Point></Placemark>
<Placemark><name>Radar 90 km/h</name><description>Fonte: OSM</description><Point><coordinates>-46.570902,-23.526740,0</coordinates></Point></Placemark>
<Placemark><name>Radar</name><description>Fonte: OSM</description><Point><coordinates>-47.440863,-23.526650,0</coordinates></Point></Placemark>
<Placemark><name>Radar 60 km/h</name><description>Fonte: OSM</description><Point><coordinates>-46.595643,-23.526648,0</coordinates></Point></Placemark>
<Placemark><name>Radar</name><description>Fonte: OSM</description><Point><coordinates>-47.440734,-23.526615,0</coordinates></Point></Placemark>
<Placemark><name>Radar 60 km/h</name><description>Fonte: OSM</description><Point><coordinates>-46.222934,-23.526597,0</coordinates></Point></Placemark>
<Placemark><name>Radar 50 km/h</name><description>Fonte: OSM</description><Point><coordinates>-46.682132,-23.526524,0</coordinates></Point></Placemark>
<Placemark><name>Radar 50 km/h</name><description>Fonte: OSM</description><Point><coordinates>-46.630960,-23.526353,0</coordinates></Point></Placemark>
<Placemark><name>Radar 50 km/h</name><description>Fonte: OSM</description><Point><coordinates>-46.631020,-23.526335,0</coordinates></Point></Placemark>
<Placemark><name>Radar 50 km/h</name><description>Fonte: OSM</description><Point><coordinates>-46.676688,-23.526135,0</coordinates></Point></Placemark>
<Placemark><name>Radar 50 km/h</name><description>Fonte: OSM</description><Point><coordinates>-46.676421,-23.526045,0</coordinates></Point></Placemark>
<Placemark><name>Radar 60 km/h</name><description>Fonte: OSM</description><Point><coordinates>-46.773583,-23.526012,0</coordinates></Point></Placemark>
<Placemark><name>Radar 60 km/h</name><description>Fonte: OSM</description><Point><coordinates>-46.773885,-23.525935,0</coordinates></Point></Placemark>
<Placemark><name>Radar 50 km/h</name><description>Fonte: OSM</description><Point><coordinates>-46.631174,-23.525777,0</coordinates></Point></Placemark>
<Placemark><name>Radar 50 km/h</name><description>Fonte: OSM</description><Point><coordinates>-46.631275,-23.525768,0</coordinates></Point></Placemark>
<Placemark><name>Radar 40 km/h</name><description>Fonte: OSM</description><Point><coordinates>-46.706896,-23.525699,0</coordinates></Point></Placemark>
<Placemark><name>Radar</name><description>Fonte: DER-SP</description><Point><coordinates>-46.905715,-23.525615,0</coordinates></Point></Placemark>
<Placemark><name>Radar 50 km/h</name><description>Fonte: OSM</description><Point><coordinates>-46.801486,-23.525592,0</coordinates></Point></Placemark>
<Placemark><name>Radar 40 km/h</name><description>Fonte: OSM</description><Point><coordinates>-46.614318,-23.525313,0</coordinates></Point></Placemark>
<Placemark><name>Radar 50 km/h</name><description>Fonte: OSM</description><Point><coordinates>-46.435543,-23.525240,0</coordinates></Point></Placemark>
<Placemark><name>Radar 50 km/h</name><description>Fonte: OSM</description><Point><coordinates>-46.691663,-23.524975,0</coordinates></Point></Placemark>
<Placemark><name>Radar 50 km/h</name><description>Fonte: OSM</description><Point><coordinates>-46.698257,-23.524934,0</coordinates></Point></Placemark>
<Placemark><name>Radar 50 km/h</name><description>Fonte: OSM</description><Point><coordinates>-46.435384,-23.524913,0</coordinates></Point></Placemark>
<Placemark><name>Radar 50 km/h</name><description>Fonte: OSM</description><Point><coordinates>-46.802759,-23.524869,0</coordinates></Point></Placemark>
<Placemark><name>Radar 50 km/h</name><description>Fonte: OSM</description><Point><coordinates>-46.707384,-23.524624,0</coordinates></Point></Placemark>
<Placemark><name>Radar 50 km/h</name><description>Fonte: OSM</description><Point><coordinates>-46.811911,-23.524584,0</coordinates></Point></Placemark>
<Placemark><name>Radar 60 km/h</name><description>Fonte: OSM</description><Point><coordinates>-47.464911,-23.524560,0</coordinates></Point></Placemark>
<Placemark><name>Radar 50 km/h</name><description>Fonte: OSM</description><Point><coordinates>-46.683719,-23.524304,0</coordinates></Point></Placemark>
<Placemark><name>Radar 40 km/h</name><description>Fonte: OSM</description><Point><coordinates>-46.415734,-23.524076,0</coordinates></Point></Placemark>
<Placemark><name>Radar 40 km/h</name><description>Fonte: OSM</description><Point><coordinates>-46.701904,-23.523934,0</coordinates></Point></Placemark>
<Placemark><name>Radar 50 km/h</name><description>Fonte: OSM</description><Point><coordinates>-47.498281,-23.523820,0</coordinates></Point></Placemark>
<Placemark><name>Radar 60 km/h</name><description>Fonte: OSM</description><Point><coordinates>-46.605145,-23.523567,0</coordinates></Point></Placemark>
<Placemark><name>Radar 60 km/h</name><description>Fonte: OSM</description><Point><coordinates>-46.325223,-23.523565,0</coordinates></Point></Placemark>
<Placemark><name>Radar 60 km/h</name><description>Fonte: OSM</description><Point><coordinates>-46.325164,-23.523503,0</coordinates></Point></Placemark>
<Placemark><name>Radar 90 km/h</name><description>Fonte: OSM</description><Point><coordinates>-46.611488,-23.523409,0</coordinates></Point></Placemark>
<Placemark><name>Radar 60 km/h</name><description>Fonte: OSM</description><Point><coordinates>-46.777219,-23.523321,0</coordinates></Point></Placemark>
<Placemark><name>Radar 90 km/h</name><description>Fonte: OSM</description><Point><coordinates>-46.565030,-23.523314,0</coordinates></Point></Placemark>
<Placemark><name>Radar 50 km/h</name><description>Fonte: OSM</description><Point><coordinates>-46.650350,-23.523294,0</coordinates></Point></Placemark>
<Placemark><name>Radar 50 km/h</name><description>Fonte: OSM</description><Point><coordinates>-46.687350,-23.523151,0</coordinates></Point></Placemark>
<Placemark><name>Radar 50 km/h</name><description>Fonte: OSM</description><Point><coordinates>-46.650997,-23.523102,0</coordinates></Point></Placemark>
<Placemark><name>Radar 60 km/h</name><description>Fonte: OSM</description><Point><coordinates>-46.565043,-23.523024,0</coordinates></Point></Placemark>
<Placemark><name>Radar 50 km/h</name><description>Fonte: OSM</description><Point><coordinates>-46.456796,-23.523019,0</coordinates></Point></Placemark>
<Placemark><name>Radar</name><description>Fonte: OSM</description><Point><coordinates>-46.625479,-23.522891,0</coordinates></Point></Placemark>
<Placemark><name>Radar 50 km/h</name><description>Fonte: OSM</description><Point><coordinates>-46.659488,-23.522869,0</coordinates></Point></Placemark>
<Placemark><name>Radar 50 km/h</name><description>Fonte: OSM</description><Point><coordinates>-46.658363,-23.522765,0</coordinates></Point></Placemark>
<Placemark><name>Radar 40 km/h</name><description>Fonte: OSM</description><Point><coordinates>-46.540220,-23.522272,0</coordinates></Point></Placemark>
<Placemark><name>Radar 50 km/h</name><description>Fonte: OSM</description><Point><coordinates>-46.740847,-23.522214,0</coordinates></Point></Placemark>
<Placemark><name>Radar 40 km/h</name><description>Fonte: OSM</description><Point><coordinates>-46.540240,-23.522213,0</coordinates></Point></Placemark>
<Placemark><name>Radar 50 km/h</name><description>Fonte: OSM</description><Point><coordinates>-46.827068,-23.522119,0</coordinates></Point></Placemark>
<Placemark><name>Radar 50 km/h</name><description>Fonte: OSM</description><Point><coordinates>-46.826543,-23.522119,0</coordinates></Point></Placemark>
<Placemark><name>Radar 50 km/h</name><description>Fonte: OSM</description><Point><coordinates>-46.664038,-23.522030,0</coordinates></Point></Placemark>
<Placemark><name>Radar 50 km/h</name><description>Fonte: OSM</description><Point><coordinates>-46.651312,-23.522022,0</coordinates></Point></Placemark>
<Placemark><name>Radar 50 km/h</name><description>Fonte: OSM</description><Point><coordinates>-46.526840,-23.521976,0</coordinates></Point></Placemark>
<Placemark><name>Radar 50 km/h</name><description>Fonte: OSM</description><Point><coordinates>-46.668089,-23.521829,0</coordinates></Point></Placemark>
<Placemark><name>Radar 50 km/h</name><description>Fonte: OSM</description><Point><coordinates>-46.525717,-23.521467,0</coordinates></Point></Placemark>
<Placemark><name>Radar 40 km/h</name><description>Fonte: OSM</description><Point><coordinates>-46.195994,-23.521424,0</coordinates></Point></Placemark>
<Placemark><name>Radar 60 km/h</name><description>Fonte: OSM</description><Point><coordinates>-46.784045,-23.521356,0</coordinates></Point></Placemark>
<Placemark><name>Radar 50 km/h</name><description>Fonte: OSM</description><Point><coordinates>-46.829416,-23.521120,0</coordinates></Point></Placemark>
<Placemark><name>Radar 60 km/h</name><description>Fonte: OSM</description><Point><coordinates>-46.932847,-23.521040,0</coordinates></Point></Placemark>
<Placemark><name>Radar 90 km/h</name><description>Fonte: OSM</description><Point><coordinates>-46.613647,-23.520820,0</coordinates></Point></Placemark>
<Placemark><name>Radar 50 km/h</name><description>Fonte: OSM</description><Point><coordinates>-46.679181,-23.520791,0</coordinates></Point></Placemark>
<Placemark><name>Radar 50 km/h</name><description>Fonte: OSM</description><Point><coordinates>-46.679321,-23.520779,0</coordinates></Point></Placemark>
<Placemark><name>Radar 70 km/h</name><description>Fonte: OSM</description><Point><coordinates>-46.613560,-23.520712,0</coordinates></Point></Placemark>
<Placemark><name>Radar 40 km/h</name><description>Fonte: OSM</description><Point><coordinates>-46.197192,-23.520629,0</coordinates></Point></Placemark>
<Placemark><name>Radar 50 km/h</name><description>Fonte: OSM</description><Point><coordinates>-46.506359,-23.520605,0</coordinates></Point></Placemark>
<Placemark><name>Radar 50 km/h</name><description>Fonte: OSM</description><Point><coordinates>-47.482234,-23.520598,0</coordinates></Point></Placemark>
<Placemark><name>Radar 60 km/h</name><description>Fonte: OSM</description><Point><coordinates>-46.613468,-23.520597,0</coordinates></Point></Placemark>
<Placemark><name>Radar 60 km/h</name><description>Fonte: OSM</description><Point><coordinates>-47.490940,-23.520494,0</coordinates></Point></Placemark>
<Placemark><name>Radar</name><description>Fonte: DER-SP · sentido 98° (leste)</description><Point><coordinates>-46.777913,-23.520482,0</coordinates></Point></Placemark>
<Placemark><name>Radar 40 km/h</name><description>Fonte: OSM</description><Point><coordinates>-46.744829,-23.520251,0</coordinates></Point></Placemark>
<Placemark><name>Radar 40 km/h</name><description>Fonte: OSM</description><Point><coordinates>-46.828952,-23.519713,0</coordinates></Point></Placemark>
<Placemark><name>Radar 50 km/h</name><description>Fonte: OSM</description><Point><coordinates>-46.723131,-23.519651,0</coordinates></Point></Placemark>
<Placemark><name>Radar 50 km/h</name><description>Fonte: OSM</description><Point><coordinates>-46.509991,-23.519625,0</coordinates></Point></Placemark>
<Placemark><name>Radar 50 km/h</name><description>Fonte: OSM</description><Point><coordinates>-46.723079,-23.519565,0</coordinates></Point></Placemark>
<Placemark><name>Radar 50 km/h</name><description>Fonte: OSM</description><Point><coordinates>-46.667304,-23.519546,0</coordinates></Point></Placemark>
<Placemark><name>Radar 60 km/h</name><description>Fonte: OSM</description><Point><coordinates>-46.554998,-23.519508,0</coordinates></Point></Placemark>
<Placemark><name>Radar 50 km/h</name><description>Fonte: OSM</description><Point><coordinates>-46.788322,-23.519447,0</coordinates></Point></Placemark>
<Placemark><name>Radar 50 km/h</name><description>Fonte: OSM</description><Point><coordinates>-46.674855,-23.519384,0</coordinates></Point></Placemark>
<Placemark><name>Radar 50 km/h</name><description>Fonte: OSM</description><Point><coordinates>-46.674477,-23.519335,0</coordinates></Point></Placemark>
<Placemark><name>Radar 70 km/h</name><description>Fonte: OSM</description><Point><coordinates>-46.636777,-23.519293,0</coordinates></Point></Placemark>
<Placemark><name>Radar 90 km/h</name><description>Fonte: OSM</description><Point><coordinates>-46.555197,-23.519279,0</coordinates></Point></Placemark>
<Placemark><name>Radar 40 km/h</name><description>Fonte: OSM</description><Point><coordinates>-46.709626,-23.519245,0</coordinates></Point></Placemark>
<Placemark><name>Radar 50 km/h</name><description>Fonte: OSM</description><Point><coordinates>-46.560723,-23.519158,0</coordinates></Point></Placemark>
<Placemark><name>Radar 50 km/h</name><description>Fonte: OSM</description><Point><coordinates>-46.475871,-23.519104,0</coordinates></Point></Placemark>
<Placemark><name>Radar 50 km/h</name><description>Fonte: OSM</description><Point><coordinates>-46.560970,-23.519063,0</coordinates></Point></Placemark>
<Placemark><name>Radar</name><description>Fonte: OSM</description><Point><coordinates>-45.202610,-23.519028,0</coordinates></Point></Placemark>
<Placemark><name>Radar 60 km/h</name><description>Fonte: OSM</description><Point><coordinates>-46.747114,-23.518989,0</coordinates></Point></Placemark>
<Placemark><name>Radar</name><description>Fonte: DER-SP</description><Point><coordinates>-45.544695,-23.518835,0</coordinates></Point></Placemark>
<Placemark><name>Radar</name><description>Fonte: DER-SP</description><Point><coordinates>-45.202088,-23.518827,0</coordinates></Point></Placemark>
<Placemark><name>Radar</name><description>Fonte: DER-SP · sentido 82° (leste)</description><Point><coordinates>-46.945057,-23.518731,0</coordinates></Point></Placemark>
<Placemark><name>Radar 100 km/h</name><description>Fonte: OSM</description><Point><coordinates>-46.944842,-23.518721,0</coordinates></Point></Placemark>
<Placemark><name>Radar 60 km/h</name><description>Fonte: OSM</description><Point><coordinates>-46.736007,-23.518578,0</coordinates></Point></Placemark>
<Placemark><name>Radar 70 km/h</name><description>Fonte: OSM</description><Point><coordinates>-46.736004,-23.518480,0</coordinates></Point></Placemark>
<Placemark><name>Radar 50 km/h</name><description>Fonte: OSM</description><Point><coordinates>-46.474786,-23.518470,0</coordinates></Point></Placemark>
<Placemark><name>Radar 50 km/h</name><description>Fonte: OSM</description><Point><coordinates>-46.523521,-23.518436,0</coordinates></Point></Placemark>
<Placemark><name>Radar</name><description>Fonte: DER-SP</description><Point><coordinates>-46.777156,-23.518368,0</coordinates></Point></Placemark>
<Placemark><name>Radar 50 km/h</name><description>Fonte: OSM</description><Point><coordinates>-46.589607,-23.518345,0</coordinates></Point></Placemark>
<Placemark><name>Radar 50 km/h</name><description>Fonte: OSM</description><Point><coordinates>-46.629593,-23.518298,0</coordinates></Point></Placemark>
<Placemark><name>Radar 90 km/h</name><description>Fonte: OSM</description><Point><coordinates>-46.646759,-23.518284,0</coordinates></Point></Placemark>
<Placemark><name>Radar 90 km/h</name><description>Fonte: OSM</description><Point><coordinates>-46.736179,-23.518231,0</coordinates></Point></Placemark>
<Placemark><name>Radar 50 km/h</name><description>Fonte: OSM</description><Point><coordinates>-46.589657,-23.518162,0</coordinates></Point></Placemark>
<Placemark><name>Radar 60 km/h</name><description>Fonte: OSM</description><Point><coordinates>-46.650640,-23.518039,0</coordinates></Point></Placemark>
<Placemark><name>Radar 50 km/h</name><description>Fonte: OSM</description><Point><coordinates>-46.479922,-23.517539,0</coordinates></Point></Placemark>
<Placemark><name>Radar</name><description>Fonte: DER-SP · sentido 277° (oeste)</description><Point><coordinates>-46.814270,-23.517424,0</coordinates></Point></Placemark>
<Placemark><name>Radar 90 km/h</name><description>Fonte: OSM</description><Point><coordinates>-46.645857,-23.517395,0</coordinates></Point></Placemark>
<Placemark><name>Radar</name><description>Fonte: OSM</description><Point><coordinates>-46.736367,-23.517246,0</coordinates></Point></Placemark>
<Placemark><name>Radar 50 km/h</name><description>Fonte: OSM</description><Point><coordinates>-46.845911,-23.517245,0</coordinates></Point></Placemark>
<Placemark><name>Radar 70 km/h</name><description>Fonte: OSM</description><Point><coordinates>-46.645688,-23.517225,0</coordinates></Point></Placemark>
<Placemark><name>Radar 50 km/h</name><description>Fonte: OSM</description><Point><coordinates>-46.845946,-23.517156,0</coordinates></Point></Placemark>
<Placemark><name>Radar</name><description>Fonte: DER-SP · sentido 294° (noroeste)</description><Point><coordinates>-46.959774,-23.516980,0</coordinates></Point></Placemark>
<Placemark><name>Radar 120 km/h</name><description>Fonte: OSM</description><Point><coordinates>-46.959678,-23.516966,0</coordinates></Point></Placemark>
<Placemark><name>Radar 50 km/h</name><description>Fonte: OSM</description><Point><coordinates>-46.584508,-23.516879,0</coordinates></Point></Placemark>
<Placemark><name>Radar 60 km/h</name><description>Fonte: OSM</description><Point><coordinates>-46.647602,-23.516878,0</coordinates></Point></Placemark>
<Placemark><name>Radar</name><description>Fonte: DER-SP</description><Point><coordinates>-46.939594,-23.516845,0</coordinates></Point></Placemark>
<Placemark><name>Radar 60 km/h</name><description>Fonte: OSM</description><Point><coordinates>-46.732200,-23.516842,0</coordinates></Point></Placemark>
<Placemark><name>Radar</name><description>Fonte: DER-SP · sentido 294° (noroeste)</description><Point><coordinates>-46.959805,-23.516768,0</coordinates></Point></Placemark>
<Placemark><name>Radar</name><description>Fonte: DER-SP · sentido 302° (noroeste)</description><Point><coordinates>-46.960272,-23.516654,0</coordinates></Point></Placemark>
<Placemark><name>Radar</name><description>Fonte: OSM</description><Point><coordinates>-46.654163,-23.516607,0</coordinates></Point></Placemark>
<Placemark><name>Radar 50 km/h</name><description>Fonte: OSM</description><Point><coordinates>-46.687396,-23.515917,0</coordinates></Point></Placemark>
<Placemark><name>Radar 50 km/h</name><description>Fonte: OSM</description><Point><coordinates>-46.594972,-23.515835,0</coordinates></Point></Placemark>
<Placemark><name>Radar 40 km/h</name><description>Fonte: OSM</description><Point><coordinates>-46.644684,-23.515647,0</coordinates></Point></Placemark>
<Placemark><name>Radar 50 km/h</name><description>Fonte: OSM</description><Point><coordinates>-46.687807,-23.515635,0</coordinates></Point></Placemark>
<Placemark><name>Radar 50 km/h</name><description>Fonte: OSM</description><Point><coordinates>-46.476589,-23.515619,0</coordinates></Point></Placemark>
<Placemark><name>Radar 40 km/h</name><description>Fonte: OSM</description><Point><coordinates>-46.647257,-23.515550,0</coordinates></Point></Placemark>
<Placemark><name>Radar 50 km/h</name><description>Fonte: OSM</description><Point><coordinates>-46.595195,-23.515504,0</coordinates></Point></Placemark>
<Placemark><name>Radar</name><description>Fonte: DER-SP · sentido 67° (nordeste)</description><Point><coordinates>-47.315959,-23.515493,0</coordinates></Point></Placemark>
<Placemark><name>Radar 50 km/h</name><description>Fonte: OSM</description><Point><coordinates>-46.835868,-23.515429,0</coordinates></Point></Placemark>
<Placemark><name>Radar 50 km/h</name><description>Fonte: OSM</description><Point><coordinates>-46.695772,-23.515410,0</coordinates></Point></Placemark>
<Placemark><name>Radar 90 km/h</name><description>Fonte: OSM</description><Point><coordinates>-46.661626,-23.515368,0</coordinates></Point></Placemark>
<Placemark><name>Radar</name><description>Fonte: OSM</description><Point><coordinates>-47.315804,-23.515348,0</coordinates></Point></Placemark>
<Placemark><name>Radar 50 km/h</name><description>Fonte: OSM</description><Point><coordinates>-46.624989,-23.515263,0</coordinates></Point></Placemark>
<Placemark><name>Radar 50 km/h</name><description>Fonte: OSM</description><Point><coordinates>-46.625242,-23.515253,0</coordinates></Point></Placemark>
<Placemark><name>Radar 50 km/h</name><description>Fonte: OSM</description><Point><coordinates>-46.694753,-23.515249,0</coordinates></Point></Placemark>
<Placemark><name>Radar</name><description>Fonte: DER-SP · sentido 265° (oeste)</description><Point><coordinates>-46.926245,-23.515166,0</coordinates></Point></Placemark>
<Placemark><name>Radar 70 km/h</name><description>Fonte: OSM</description><Point><coordinates>-46.661834,-23.515083,0</coordinates></Point></Placemark>
<Placemark><name>Radar 50 km/h</name><description>Fonte: OSM</description><Point><coordinates>-46.532232,-23.515051,0</coordinates></Point></Placemark>
<Placemark><name>Radar 110 km/h</name><description>Fonte: OSM</description><Point><coordinates>-47.579115,-23.514993,0</coordinates></Point></Placemark>
<Placemark><name>Radar 50 km/h</name><description>Fonte: OSM</description><Point><coordinates>-46.498314,-23.514949,0</coordinates></Point></Placemark>
<Placemark><name>Radar 60 km/h</name><description>Fonte: OSM</description><Point><coordinates>-46.661805,-23.514871,0</coordinates></Point></Placemark>
<Placemark><name>Radar 60 km/h</name><description>Fonte: OSM</description><Point><coordinates>-46.676969,-23.514845,0</coordinates></Point></Placemark>
<Placemark><name>Radar 50 km/h</name><description>Fonte: OSM</description><Point><coordinates>-46.519784,-23.514636,0</coordinates></Point></Placemark>
<Placemark><name>Radar 70 km/h</name><description>Fonte: OSM</description><Point><coordinates>-46.677242,-23.514596,0</coordinates></Point></Placemark>
<Placemark><name>Radar 50 km/h</name><description>Fonte: OSM</description><Point><coordinates>-47.496976,-23.514538,0</coordinates></Point></Placemark>
<Placemark><name>Radar 50 km/h</name><description>Fonte: OSM</description><Point><coordinates>-46.535220,-23.514395,0</coordinates></Point></Placemark>
<Placemark><name>Radar 90 km/h</name><description>Fonte: OSM</description><Point><coordinates>-46.677588,-23.514356,0</coordinates></Point></Placemark>
<Placemark><name>Radar 50 km/h</name><description>Fonte: OSM</description><Point><coordinates>-46.788160,-23.514350,0</coordinates></Point></Placemark>
<Placemark><name>Radar 60 km/h</name><description>Fonte: OSM</description><Point><coordinates>-46.788421,-23.514276,0</coordinates></Point></Placemark>
<Placemark><name>Radar 50 km/h</name><description>Fonte: OSM</description><Point><coordinates>-46.654515,-23.514166,0</coordinates></Point></Placemark>
<Placemark><name>Radar 60 km/h</name><description>Fonte: OSM</description><Point><coordinates>-47.493239,-23.514151,0</coordinates></Point></Placemark>
<Placemark><name>Radar 50 km/h</name><description>Fonte: OSM</description><Point><coordinates>-46.833121,-23.514129,0</coordinates></Point></Placemark>
<Placemark><name>Radar 50 km/h</name><description>Fonte: OSM</description><Point><coordinates>-46.494286,-23.514115,0</coordinates></Point></Placemark>
<Placemark><name>Radar 70 km/h</name><description>Fonte: OSM</description><Point><coordinates>-46.671099,-23.513859,0</coordinates></Point></Placemark>
<Placemark><name>Radar 60 km/h</name><description>Fonte: OSM</description><Point><coordinates>-46.671067,-23.513691,0</coordinates></Point></Placemark>
<Placemark><name>Radar 90 km/h</name><description>Fonte: OSM</description><Point><coordinates>-46.674810,-23.513676,0</coordinates></Point></Placemark>
<Placemark><name>Radar</name><description>Fonte: OSM</description><Point><coordinates>-46.675320,-23.513611,0</coordinates></Point></Placemark>
<Placemark><name>Radar 50 km/h</name><description>Fonte: OSM</description><Point><coordinates>-46.425976,-23.513457,0</coordinates></Point></Placemark>
<Placemark><name>Radar 50 km/h</name><description>Fonte: OSM</description><Point><coordinates>-47.496649,-23.513335,0</coordinates></Point></Placemark>
<Placemark><name>Radar 50 km/h</name><description>Fonte: OSM</description><Point><coordinates>-46.525897,-23.513234,0</coordinates></Point></Placemark>
<Placemark><name>Radar 60 km/h</name><description>Fonte: OSM</description><Point><coordinates>-46.722253,-23.513191,0</coordinates></Point></Placemark>
<Placemark><name>Radar 50 km/h</name><description>Fonte: OSM</description><Point><coordinates>-46.426614,-23.513166,0</coordinates></Point></Placemark>
<Placemark><name>Radar 60 km/h</name><description>Fonte: OSM</description><Point><coordinates>-46.675792,-23.513103,0</coordinates></Point></Placemark>
<Placemark><name>Radar 90 km/h</name><description>Fonte: OSM</description><Point><coordinates>-46.724615,-23.513008,0</coordinates></Point></Placemark>
<Placemark><name>Radar 50 km/h</name><description>Fonte: OSM</description><Point><coordinates>-47.516473,-23.512851,0</coordinates></Point></Placemark>
<Placemark><name>Radar</name><description>Fonte: OSM</description><Point><coordinates>-47.495000,-23.512633,0</coordinates></Point></Placemark>
<Placemark><name>Radar 50 km/h</name><description>Fonte: OSM</description><Point><coordinates>-46.606077,-23.511834,0</coordinates></Point></Placemark>
<Placemark><name>Radar 50 km/h</name><description>Fonte: OSM</description><Point><coordinates>-47.498807,-23.511492,0</coordinates></Point></Placemark>
<Placemark><name>Radar 60 km/h</name><description>Fonte: OSM</description><Point><coordinates>-47.488866,-23.511448,0</coordinates></Point></Placemark>
<Placemark><name>Radar</name><description>Fonte: DER-SP · sentido 297° (noroeste)</description><Point><coordinates>-47.333531,-23.511418,0</coordinates></Point></Placemark>
<Placemark><name>Radar 50 km/h</name><description>Fonte: OSM</description><Point><coordinates>-46.705543,-23.511252,0</coordinates></Point></Placemark>
<Placemark><name>Radar 50 km/h</name><description>Fonte: OSM</description><Point><coordinates>-46.705362,-23.511244,0</coordinates></Point></Placemark>
<Placemark><name>Radar 50 km/h</name><description>Fonte: OSM</description><Point><coordinates>-46.329838,-23.511062,0</coordinates></Point></Placemark>
<Placemark><name>Radar 50 km/h</name><description>Fonte: OSM</description><Point><coordinates>-46.606013,-23.511020,0</coordinates></Point></Placemark>
<Placemark><name>Radar 50 km/h</name><description>Fonte: OSM</description><Point><coordinates>-47.517842,-23.510957,0</coordinates></Point></Placemark>
<Placemark><name>Radar 110 km/h</name><description>Fonte: OSM</description><Point><coordinates>-47.548427,-23.510890,0</coordinates></Point></Placemark>
<Placemark><name>Radar</name><description>Fonte: DER-SP · sentido 252° (oeste)</description><Point><coordinates>-46.913754,-23.510867,0</coordinates></Point></Placemark>
<Placemark><name>Radar 50 km/h</name><description>Fonte: OSM</description><Point><coordinates>-47.500074,-23.510836,0</coordinates></Point></Placemark>
<Placemark><name>Radar 100 km/h</name><description>Fonte: OSM</description><Point><coordinates>-46.913674,-23.510821,0</coordinates></Point></Placemark>
<Placemark><name>Radar</name><description>Fonte: DER-SP · sentido 110° (leste)</description><Point><coordinates>-47.548616,-23.510738,0</coordinates></Point></Placemark>
<Placemark><name>Radar 50 km/h</name><description>Fonte: OSM</description><Point><coordinates>-46.507943,-23.510671,0</coordinates></Point></Placemark>
<Placemark><name>Radar 40 km/h</name><description>Fonte: OSM</description><Point><coordinates>-46.808225,-23.510526,0</coordinates></Point></Placemark>
<Placemark><name>Radar</name><description>Fonte: DER-SP · sentido 215° (sudoeste)</description><Point><coordinates>-46.808284,-23.510502,0</coordinates></Point></Placemark>
<Placemark><name>Radar</name><description>Fonte: DER-SP · sentido 226° (sudoeste)</description><Point><coordinates>-47.420305,-23.510492,0</coordinates></Point></Placemark>
<Placemark><name>Radar 110 km/h</name><description>Fonte: OSM</description><Point><coordinates>-46.574169,-23.510448,0</coordinates></Point></Placemark>
<Placemark><name>Radar 50 km/h</name><description>Fonte: OSM</description><Point><coordinates>-46.504419,-23.510387,0</coordinates></Point></Placemark>
<Placemark><name>Radar</name><description>Fonte: DER-SP · sentido 253° (oeste)</description><Point><coordinates>-46.911675,-23.510327,0</coordinates></Point></Placemark>
<Placemark><name>Radar 50 km/h</name><description>Fonte: OSM</description><Point><coordinates>-46.665973,-23.510299,0</coordinates></Point></Placemark>
<Placemark><name>Radar 110 km/h</name><description>Fonte: ANTT · sentido 221° (sudoeste)</description><Point><coordinates>-46.573941,-23.510284,0</coordinates></Point></Placemark>
<Placemark><name>Radar 50 km/h</name><description>Fonte: OSM</description><Point><coordinates>-46.666092,-23.510206,0</coordinates></Point></Placemark>
<Placemark><name>Radar</name><description>Fonte: OSM</description><Point><coordinates>-46.670670,-23.509650,0</coordinates></Point></Placemark>
<Placemark><name>Radar 50 km/h</name><description>Fonte: OSM</description><Point><coordinates>-46.670765,-23.509622,0</coordinates></Point></Placemark>
<Placemark><name>Radar 40 km/h</name><description>Fonte: OSM</description><Point><coordinates>-46.587606,-23.509501,0</coordinates></Point></Placemark>
<Placemark><name>Radar 50 km/h</name><description>Fonte: OSM</description><Point><coordinates>-46.546652,-23.509423,0</coordinates></Point></Placemark>
<Placemark><name>Radar 60 km/h</name><description>Fonte: OSM</description><Point><coordinates>-46.710904,-23.509357,0</coordinates></Point></Placemark>
<Placemark><name>Radar 70 km/h</name><description>Fonte: OSM</description><Point><coordinates>-46.691598,-23.509354,0</coordinates></Point></Placemark>
<Placemark><name>Radar 40 km/h</name><description>Fonte: OSM</description><Point><coordinates>-46.587551,-23.509351,0</coordinates></Point></Placemark>
<Placemark><name>Radar 90 km/h</name><description>Fonte: OSM</description><Point><coordinates>-46.706777,-23.509285,0</coordinates></Point></Placemark>
<Placemark><name>Radar 50 km/h</name><description>Fonte: OSM</description><Point><coordinates>-46.549628,-23.509259,0</coordinates></Point></Placemark>
<Placemark><name>Radar 90 km/h</name><description>Fonte: OSM</description><Point><coordinates>-46.691534,-23.509190,0</coordinates></Point></Placemark>
<Placemark><name>Radar 50 km/h</name><description>Fonte: OSM</description><Point><coordinates>-46.732628,-23.508330,0</coordinates></Point></Placemark>
<Placemark><name>Radar 40 km/h</name><description>Fonte: OSM</description><Point><coordinates>-46.580499,-23.508184,0</coordinates></Point></Placemark>
<Placemark><name>Radar 40 km/h</name><description>Fonte: OSM</description><Point><coordinates>-46.750759,-23.508139,0</coordinates></Point></Placemark>
<Placemark><name>Radar 40 km/h</name><description>Fonte: OSM</description><Point><coordinates>-46.580541,-23.508139,0</coordinates></Point></Placemark>
<Placemark><name>Radar 40 km/h</name><description>Fonte: OSM</description><Point><coordinates>-46.750655,-23.508071,0</coordinates></Point></Placemark>
<Placemark><name>Radar 70 km/h</name><description>Fonte: OSM</description><Point><coordinates>-46.713729,-23.507609,0</coordinates></Point></Placemark>
<Placemark><name>Radar 90 km/h</name><description>Fonte: OSM</description><Point><coordinates>-46.698693,-23.507566,0</coordinates></Point></Placemark>
<Placemark><name>Radar 50 km/h</name><description>Fonte: OSM</description><Point><coordinates>-46.740361,-23.507546,0</coordinates></Point></Placemark>
<Placemark><name>Radar</name><description>Fonte: DER-SP · sentido 275° (oeste)</description><Point><coordinates>-46.746290,-23.507412,0</coordinates></Point></Placemark>
<Placemark><name>Radar 70 km/h</name><description>Fonte: OSM</description><Point><coordinates>-46.698445,-23.507319,0</coordinates></Point></Placemark>
<Placemark><name>Radar 60 km/h</name><description>Fonte: OSM</description><Point><coordinates>-46.698469,-23.507127,0</coordinates></Point></Placemark>
<Placemark><name>Radar 50 km/h</name><description>Fonte: OSM</description><Point><coordinates>-46.646572,-23.507085,0</coordinates></Point></Placemark>
<Placemark><name>Radar 50 km/h</name><description>Fonte: OSM</description><Point><coordinates>-46.646824,-23.506876,0</coordinates></Point></Placemark>
<Placemark><name>Radar 50 km/h</name><description>Fonte: OSM</description><Point><coordinates>-46.615263,-23.506569,0</coordinates></Point></Placemark>
<Placemark><name>Radar 50 km/h</name><description>Fonte: OSM</description><Point><coordinates>-46.615365,-23.506490,0</coordinates></Point></Placemark>
<Placemark><name>Radar 60 km/h</name><description>Fonte: OSM</description><Point><coordinates>-46.788658,-23.506460,0</coordinates></Point></Placemark>
<Placemark><name>Radar 60 km/h</name><description>Fonte: OSM</description><Point><coordinates>-46.788768,-23.506315,0</coordinates></Point></Placemark>
<Placemark><name>Radar 40 km/h</name><description>Fonte: OSM</description><Point><coordinates>-46.531353,-23.506303,0</coordinates></Point></Placemark>
<Placemark><name>Radar 40 km/h</name><description>Fonte: OSM</description><Point><coordinates>-46.667376,-23.506185,0</coordinates></Point></Placemark>
<Placemark><name>Radar 50 km/h</name><description>Fonte: OSM</description><Point><coordinates>-46.717492,-23.505995,0</coordinates></Point></Placemark>
<Placemark><name>Radar 50 km/h</name><description>Fonte: OSM</description><Point><coordinates>-46.523476,-23.505979,0</coordinates></Point></Placemark>
<Placemark><name>Radar 40 km/h</name><description>Fonte: OSM</description><Point><coordinates>-46.217388,-23.505600,0</coordinates></Point></Placemark>
<Placemark><name>Radar 50 km/h</name><description>Fonte: OSM</description><Point><coordinates>-47.491327,-23.505462,0</coordinates></Point></Placemark>
<Placemark><name>Radar 60 km/h</name><description>Fonte: OSM</description><Point><coordinates>-46.558874,-23.505158,0</coordinates></Point></Placemark>
<Placemark><name>Radar 60 km/h</name><description>Fonte: OSM</description><Point><coordinates>-46.558683,-23.505135,0</coordinates></Point></Placemark>
<Placemark><name>Radar 50 km/h</name><description>Fonte: OSM</description><Point><coordinates>-46.718381,-23.504569,0</coordinates></Point></Placemark>
<Placemark><name>Radar 50 km/h</name><description>Fonte: OSM</description><Point><coordinates>-47.506650,-23.504477,0</coordinates></Point></Placemark>
<Placemark><name>Radar</name><description>Fonte: DER-SP · sentido 89° (leste)</description><Point><coordinates>-46.865828,-23.504384,0</coordinates></Point></Placemark>
<Placemark><name>Radar 50 km/h</name><description>Fonte: OSM</description><Point><coordinates>-46.551990,-23.504113,0</coordinates></Point></Placemark>
<Placemark><name>Radar 50 km/h</name><description>Fonte: OSM</description><Point><coordinates>-46.554057,-23.504095,0</coordinates></Point></Placemark>
<Placemark><name>Radar 50 km/h</name><description>Fonte: OSM</description><Point><coordinates>-46.631279,-23.503978,0</coordinates></Point></Placemark>
<Placemark><name>Radar 40 km/h</name><description>Fonte: OSM</description><Point><coordinates>-46.624928,-23.503960,0</coordinates></Point></Placemark>
<Placemark><name>Radar 50 km/h</name><description>Fonte: OSM</description><Point><coordinates>-46.630583,-23.503835,0</coordinates></Point></Placemark>
<Placemark><name>Radar 60 km/h</name><description>Fonte: OSM</description><Point><coordinates>-46.222381,-23.503766,0</coordinates></Point></Placemark>
<Placemark><name>Radar 50 km/h</name><description>Fonte: OSM</description><Point><coordinates>-46.603459,-23.503675,0</coordinates></Point></Placemark>
<Placemark><name>Radar 50 km/h</name><description>Fonte: OSM</description><Point><coordinates>-46.619791,-23.503191,0</coordinates></Point></Placemark>
<Placemark><name>Radar 40 km/h</name><description>Fonte: OSM</description><Point><coordinates>-46.609652,-23.503105,0</coordinates></Point></Placemark>
<Placemark><name>Radar 50 km/h</name><description>Fonte: OSM</description><Point><coordinates>-46.666828,-23.502999,0</coordinates></Point></Placemark>
<Placemark><name>Radar 50 km/h</name><description>Fonte: OSM</description><Point><coordinates>-47.452627,-23.502924,0</coordinates></Point></Placemark>
<Placemark><name>Radar 50 km/h</name><description>Fonte: OSM</description><Point><coordinates>-46.618164,-23.502525,0</coordinates></Point></Placemark>
<Placemark><name>Radar 50 km/h</name><description>Fonte: OSM</description><Point><coordinates>-46.458600,-23.502463,0</coordinates></Point></Placemark>
<Placemark><name>Radar 60 km/h</name><description>Fonte: OSM</description><Point><coordinates>-47.627213,-23.502334,0</coordinates></Point></Placemark>
<Placemark><name>Radar 110 km/h</name><description>Fonte: ANTT</description><Point><coordinates>-45.669388,-23.502333,0</coordinates></Point></Placemark>
<Placemark><name>Radar 50 km/h</name><description>Fonte: OSM</description><Point><coordinates>-46.458472,-23.502248,0</coordinates></Point></Placemark>
<Placemark><name>Radar 40 km/h</name><description>Fonte: OSM</description><Point><coordinates>-46.678411,-23.502083,0</coordinates></Point></Placemark>
<Placemark><name>Radar 50 km/h</name><description>Fonte: OSM</description><Point><coordinates>-47.500722,-23.501977,0</coordinates></Point></Placemark>
<Placemark><name>Radar 50 km/h</name><description>Fonte: OSM</description><Point><coordinates>-46.709475,-23.501695,0</coordinates></Point></Placemark>
<Placemark><name>Radar 40 km/h</name><description>Fonte: OSM</description><Point><coordinates>-46.391899,-23.501318,0</coordinates></Point></Placemark>
<Placemark><name>Radar</name><description>Fonte: DER-SP</description><Point><coordinates>-47.629191,-23.501304,0</coordinates></Point></Placemark>
<Placemark><name>Radar 40 km/h</name><description>Fonte: OSM</description><Point><coordinates>-46.391816,-23.501299,0</coordinates></Point></Placemark>
<Placemark><name>Radar 40 km/h</name><description>Fonte: OSM</description><Point><coordinates>-46.637714,-23.501219,0</coordinates></Point></Placemark>
<Placemark><name>Radar 100 km/h</name><description>Fonte: OSM</description><Point><coordinates>-46.538951,-23.501201,0</coordinates></Point></Placemark>
<Placemark><name>Radar 40 km/h</name><description>Fonte: OSM</description><Point><coordinates>-46.752574,-23.500459,0</coordinates></Point></Placemark>
<Placemark><name>Radar 50 km/h</name><description>Fonte: OSM</description><Point><coordinates>-46.706459,-23.500356,0</coordinates></Point></Placemark>
<Placemark><name>Radar 50 km/h</name><description>Fonte: OSM</description><Point><coordinates>-46.629018,-23.500228,0</coordinates></Point></Placemark>
<Placemark><name>Radar 50 km/h</name><description>Fonte: OSM</description><Point><coordinates>-46.630402,-23.500203,0</coordinates></Point></Placemark>
<Placemark><name>Radar 40 km/h</name><description>Fonte: OSM</description><Point><coordinates>-46.622351,-23.500061,0</coordinates></Point></Placemark>
<Placemark><name>Radar 50 km/h</name><description>Fonte: OSM</description><Point><coordinates>-46.524678,-23.500037,0</coordinates></Point></Placemark>
<Placemark><name>Radar 40 km/h</name><description>Fonte: OSM</description><Point><coordinates>-46.608279,-23.499860,0</coordinates></Point></Placemark>
<Placemark><name>Radar 50 km/h</name><description>Fonte: OSM</description><Point><coordinates>-46.523047,-23.499671,0</coordinates></Point></Placemark>
<Placemark><name>Radar 40 km/h</name><description>Fonte: OSM</description><Point><coordinates>-46.598694,-23.499670,0</coordinates></Point></Placemark>
<Placemark><name>Radar 40 km/h</name><description>Fonte: OSM</description><Point><coordinates>-46.598748,-23.499645,0</coordinates></Point></Placemark>
<Placemark><name>Radar 40 km/h</name><description>Fonte: OSM</description><Point><coordinates>-46.587742,-23.499267,0</coordinates></Point></Placemark>
<Placemark><name>Radar</name><description>Fonte: OSM</description><Point><coordinates>-46.487371,-23.499105,0</coordinates></Point></Placemark>
<Placemark><name>Radar 50 km/h</name><description>Fonte: OSM</description><Point><coordinates>-46.685407,-23.499039,0</coordinates></Point></Placemark>
<Placemark><name>Radar 40 km/h</name><description>Fonte: OSM</description><Point><coordinates>-46.587523,-23.498977,0</coordinates></Point></Placemark>
<Placemark><name>Radar 50 km/h</name><description>Fonte: OSM</description><Point><coordinates>-46.685647,-23.498774,0</coordinates></Point></Placemark>
<Placemark><name>Radar 50 km/h</name><description>Fonte: OSM</description><Point><coordinates>-46.625694,-23.498487,0</coordinates></Point></Placemark>
<Placemark><name>Radar 40 km/h</name><description>Fonte: OSM</description><Point><coordinates>-46.607516,-23.498390,0</coordinates></Point></Placemark>
<Placemark><name>Radar 40 km/h</name><description>Fonte: OSM</description><Point><coordinates>-46.607221,-23.498355,0</coordinates></Point></Placemark>
<Placemark><name>Radar 40 km/h</name><description>Fonte: OSM</description><Point><coordinates>-46.615760,-23.497925,0</coordinates></Point></Placemark>
<Placemark><name>Radar 50 km/h</name><description>Fonte: OSM</description><Point><coordinates>-46.612279,-23.497307,0</coordinates></Point></Placemark>
<Placemark><name>Radar 50 km/h</name><description>Fonte: OSM</description><Point><coordinates>-46.612362,-23.497041,0</coordinates></Point></Placemark>
<Placemark><name>Radar 40 km/h</name><description>Fonte: OSM</description><Point><coordinates>-46.630982,-23.497027,0</coordinates></Point></Placemark>
<Placemark><name>Radar 40 km/h</name><description>Fonte: OSM</description><Point><coordinates>-46.507034,-23.496371,0</coordinates></Point></Placemark>
<Placemark><name>Radar</name><description>Fonte: DER-SP</description><Point><coordinates>-47.641964,-23.496162,0</coordinates></Point></Placemark>
<Placemark><name>Radar 60 km/h</name><description>Fonte: OSM</description><Point><coordinates>-47.642720,-23.496100,0</coordinates></Point></Placemark>
<Placemark><name>Radar 50 km/h</name><description>Fonte: OSM</description><Point><coordinates>-46.662026,-23.495915,0</coordinates></Point></Placemark>
<Placemark><name>Radar 50 km/h</name><description>Fonte: OSM</description><Point><coordinates>-46.708101,-23.495898,0</coordinates></Point></Placemark>
<Placemark><name>Radar 40 km/h</name><description>Fonte: OSM</description><Point><coordinates>-46.437495,-23.494985,0</coordinates></Point></Placemark>
<Placemark><name>Radar 40 km/h</name><description>Fonte: OSM</description><Point><coordinates>-46.581111,-23.494962,0</coordinates></Point></Placemark>
<Placemark><name>Radar 40 km/h</name><description>Fonte: OSM</description><Point><coordinates>-46.581620,-23.494927,0</coordinates></Point></Placemark>
<Placemark><name>Radar 50 km/h</name><description>Fonte: OSM</description><Point><coordinates>-46.624559,-23.494742,0</coordinates></Point></Placemark>
<Placemark><name>Radar 30 km/h</name><description>Fonte: OSM</description><Point><coordinates>-47.554532,-23.494735,0</coordinates></Point></Placemark>
<Placemark><name>Radar 50 km/h</name><description>Fonte: OSM</description><Point><coordinates>-46.414065,-23.494645,0</coordinates></Point></Placemark>
<Placemark><name>Radar 50 km/h</name><description>Fonte: OSM</description><Point><coordinates>-47.482637,-23.494638,0</coordinates></Point></Placemark>
<Placemark><name>Radar 50 km/h</name><description>Fonte: OSM</description><Point><coordinates>-47.482985,-23.494493,0</coordinates></Point></Placemark>
<Placemark><name>Radar 70 km/h</name><description>Fonte: OSM</description><Point><coordinates>-47.448155,-23.494352,0</coordinates></Point></Placemark>
<Placemark><name>Radar 70 km/h</name><description>Fonte: OSM</description><Point><coordinates>-47.403288,-23.494090,0</coordinates></Point></Placemark>
<Placemark><name>Radar 40 km/h</name><description>Fonte: OSM</description><Point><coordinates>-46.731067,-23.494079,0</coordinates></Point></Placemark>
<Placemark><name>Radar 40 km/h</name><description>Fonte: OSM</description><Point><coordinates>-46.731003,-23.494044,0</coordinates></Point></Placemark>
<Placemark><name>Radar 40 km/h</name><description>Fonte: OSM</description><Point><coordinates>-46.591829,-23.494005,0</coordinates></Point></Placemark>
<Placemark><name>Radar 50 km/h</name><description>Fonte: OSM</description><Point><coordinates>-47.467892,-23.493862,0</coordinates></Point></Placemark>
<Placemark><name>Radar 40 km/h</name><description>Fonte: OSM</description><Point><coordinates>-46.417279,-23.493838,0</coordinates></Point></Placemark>
<Placemark><name>Radar 70 km/h</name><description>Fonte: OSM</description><Point><coordinates>-47.447386,-23.493750,0</coordinates></Point></Placemark>
<Placemark><name>Radar 40 km/h</name><description>Fonte: OSM</description><Point><coordinates>-46.622979,-23.493740,0</coordinates></Point></Placemark>
<Placemark><name>Radar 90 km/h</name><description>Fonte: ANTT · sentido 51° (nordeste)</description><Point><coordinates>-46.552641,-23.493594,0</coordinates></Point></Placemark>
<Placemark><name>Radar 60 km/h</name><description>Fonte: OSM</description><Point><coordinates>-47.409269,-23.493440,0</coordinates></Point></Placemark>
<Placemark><name>Radar 60 km/h</name><description>Fonte: OSM</description><Point><coordinates>-47.409208,-23.493358,0</coordinates></Point></Placemark>
<Placemark><name>Radar 90 km/h</name><description>Fonte: OSM</description><Point><coordinates>-46.551955,-23.493258,0</coordinates></Point></Placemark>
<Placemark><name>Radar</name><description>Fonte: DER-SP</description><Point><coordinates>-48.176940,-23.492781,0</coordinates></Point></Placemark>
<Placemark><name>Radar 100 km/h</name><description>Fonte: OSM</description><Point><coordinates>-46.810824,-23.492242,0</coordinates></Point></Placemark>
<Placemark><name>Radar 60 km/h</name><description>Fonte: OSM</description><Point><coordinates>-47.741543,-23.492035,0</coordinates></Point></Placemark>
<Placemark><name>Radar</name><description>Fonte: OSM</description><Point><coordinates>-46.853123,-23.491831,0</coordinates></Point></Placemark>
<Placemark><name>Radar</name><description>Fonte: DER-SP</description><Point><coordinates>-47.741465,-23.491724,0</coordinates></Point></Placemark>
<Placemark><name>Radar 50 km/h</name><description>Fonte: OSM</description><Point><coordinates>-46.655911,-23.491533,0</coordinates></Point></Placemark>
<Placemark><name>Radar 60 km/h</name><description>Fonte: OSM</description><Point><coordinates>-47.432571,-23.491261,0</coordinates></Point></Placemark>
<Placemark><name>Radar 80 km/h</name><description>Fonte: OSM</description><Point><coordinates>-45.164905,-23.491091,0</coordinates></Point></Placemark>
<Placemark><name>Radar 50 km/h</name><description>Fonte: OSM</description><Point><coordinates>-46.709914,-23.490957,0</coordinates></Point></Placemark>
<Placemark><name>Radar 50 km/h</name><description>Fonte: OSM</description><Point><coordinates>-46.610656,-23.490758,0</coordinates></Point></Placemark>
<Placemark><name>Radar 50 km/h</name><description>Fonte: OSM</description><Point><coordinates>-46.610453,-23.490733,0</coordinates></Point></Placemark>
<Placemark><name>Radar 50 km/h</name><description>Fonte: OSM</description><Point><coordinates>-46.750563,-23.490622,0</coordinates></Point></Placemark>
<Placemark><name>Radar 40 km/h</name><description>Fonte: OSM</description><Point><coordinates>-46.753113,-23.490613,0</coordinates></Point></Placemark>
<Placemark><name>Radar 50 km/h</name><description>Fonte: OSM</description><Point><coordinates>-46.463259,-23.490412,0</coordinates></Point></Placemark>
<Placemark><name>Radar 50 km/h</name><description>Fonte: OSM</description><Point><coordinates>-46.463383,-23.490039,0</coordinates></Point></Placemark>
<Placemark><name>Radar 50 km/h</name><description>Fonte: OSM</description><Point><coordinates>-46.717285,-23.489585,0</coordinates></Point></Placemark>
<Placemark><name>Radar 70 km/h</name><description>Fonte: OSM</description><Point><coordinates>-47.421453,-23.489229,0</coordinates></Point></Placemark>
<Placemark><name>Radar 70 km/h</name><description>Fonte: OSM</description><Point><coordinates>-47.421343,-23.489067,0</coordinates></Point></Placemark>
<Placemark><name>Radar</name><description>Fonte: OSM</description><Point><coordinates>-46.364207,-23.488975,0</coordinates></Point></Placemark>
<Placemark><name>Radar 60 km/h</name><description>Fonte: OSM</description><Point><coordinates>-46.881513,-23.488763,0</coordinates></Point></Placemark>
<Placemark><name>Radar 80 km/h</name><description>Fonte: OSM</description><Point><coordinates>-45.574647,-23.488544,0</coordinates></Point></Placemark>
<Placemark><name>Radar 40 km/h</name><description>Fonte: OSM</description><Point><coordinates>-46.881128,-23.488494,0</coordinates></Point></Placemark>
<Placemark><name>Radar 60 km/h</name><description>Fonte: OSM</description><Point><coordinates>-46.881343,-23.488254,0</coordinates></Point></Placemark>
<Placemark><name>Radar 40 km/h</name><description>Fonte: OSM</description><Point><coordinates>-46.675847,-23.488060,0</coordinates></Point></Placemark>
<Placemark><name>Radar 40 km/h</name><description>Fonte: OSM</description><Point><coordinates>-46.479478,-23.487963,0</coordinates></Point></Placemark>
<Placemark><name>Radar</name><description>Fonte: DER-SP</description><Point><coordinates>-47.741194,-23.487867,0</coordinates></Point></Placemark>
<Placemark><name>Radar 60 km/h</name><description>Fonte: OSM</description><Point><coordinates>-47.741204,-23.487412,0</coordinates></Point></Placemark>
<Placemark><name>Radar 60 km/h</name><description>Fonte: OSM</description><Point><coordinates>-47.741492,-23.487407,0</coordinates></Point></Placemark>
<Placemark><name>Radar 40 km/h</name><description>Fonte: OSM</description><Point><coordinates>-46.626735,-23.487258,0</coordinates></Point></Placemark>
<Placemark><name>Radar 50 km/h</name><description>Fonte: OSM</description><Point><coordinates>-46.646168,-23.487195,0</coordinates></Point></Placemark>
<Placemark><name>Radar 50 km/h</name><description>Fonte: OSM</description><Point><coordinates>-46.646634,-23.487191,0</coordinates></Point></Placemark>
<Placemark><name>Radar 50 km/h</name><description>Fonte: OSM</description><Point><coordinates>-46.453021,-23.486598,0</coordinates></Point></Placemark>
<Placemark><name>Radar 50 km/h</name><description>Fonte: OSM</description><Point><coordinates>-46.452835,-23.486363,0</coordinates></Point></Placemark>
<Placemark><name>Radar 50 km/h</name><description>Fonte: OSM</description><Point><coordinates>-46.549260,-23.486114,0</coordinates></Point></Placemark>
<Placemark><name>Radar</name><description>Fonte: DER-SP · sentido 325° (noroeste)</description><Point><coordinates>-46.991687,-23.485998,0</coordinates></Point></Placemark>
<Placemark><name>Radar 50 km/h</name><description>Fonte: OSM</description><Point><coordinates>-46.681081,-23.485922,0</coordinates></Point></Placemark>
<Placemark><name>Radar 50 km/h</name><description>Fonte: OSM</description><Point><coordinates>-46.681384,-23.485760,0</coordinates></Point></Placemark>
<Placemark><name>Radar 50 km/h</name><description>Fonte: OSM</description><Point><coordinates>-46.739961,-23.485653,0</coordinates></Point></Placemark>
<Placemark><name>Radar 50 km/h</name><description>Fonte: OSM</description><Point><coordinates>-46.740112,-23.485632,0</coordinates></Point></Placemark>
<Placemark><name>Radar</name><description>Fonte: OSM</description><Point><coordinates>-47.450562,-23.485367,0</coordinates></Point></Placemark>
<Placemark><name>Radar 40 km/h</name><description>Fonte: OSM</description><Point><coordinates>-46.583030,-23.485211,0</coordinates></Point></Placemark>
<Placemark><name>Radar 50 km/h</name><description>Fonte: OSM</description><Point><coordinates>-46.723037,-23.484723,0</coordinates></Point></Placemark>
<Placemark><name>Radar 50 km/h</name><description>Fonte: OSM</description><Point><coordinates>-46.723149,-23.484614,0</coordinates></Point></Placemark>
<Placemark><name>Radar 50 km/h</name><description>Fonte: OSM</description><Point><coordinates>-46.607623,-23.484445,0</coordinates></Point></Placemark>
<Placemark><name>Radar 110 km/h</name><description>Fonte: OSM</description><Point><coordinates>-46.538725,-23.484437,0</coordinates></Point></Placemark>
<Placemark><name>Radar 110 km/h</name><description>Fonte: ANTT · sentido 55° (nordeste)</description><Point><coordinates>-46.538325,-23.484090,0</coordinates></Point></Placemark>
<Placemark><name>Radar 110 km/h</name><description>Fonte: ANTT · sentido 235° (sudoeste)</description><Point><coordinates>-46.538374,-23.484045,0</coordinates></Point></Placemark>
<Placemark><name>Radar 110 km/h</name><description>Fonte: OSM</description><Point><coordinates>-46.538365,-23.484007,0</coordinates></Point></Placemark>
<Placemark><name>Radar 90 km/h</name><description>Fonte: ANTT · sentido 235° (sudoeste)</description><Point><coordinates>-46.538453,-23.483972,0</coordinates></Point></Placemark>
<Placemark><name>Radar 40 km/h</name><description>Fonte: OSM</description><Point><coordinates>-46.602977,-23.483728,0</coordinates></Point></Placemark>
<Placemark><name>Radar 90 km/h</name><description>Fonte: OSM</description><Point><coordinates>-46.538115,-23.483700,0</coordinates></Point></Placemark>
<Placemark><name>Radar 40 km/h</name><description>Fonte: OSM</description><Point><coordinates>-46.579734,-23.483633,0</coordinates></Point></Placemark>
<Placemark><name>Radar 40 km/h</name><description>Fonte: OSM</description><Point><coordinates>-46.579690,-23.483615,0</coordinates></Point></Placemark>
<Placemark><name>Radar 120 km/h</name><description>Fonte: OSM</description><Point><coordinates>-46.993962,-23.483398,0</coordinates></Point></Placemark>
<Placemark><name>Radar 40 km/h</name><description>Fonte: OSM</description><Point><coordinates>-46.645906,-23.483078,0</coordinates></Point></Placemark>
<Placemark><name>Radar 40 km/h</name><description>Fonte: OSM</description><Point><coordinates>-46.646143,-23.482998,0</coordinates></Point></Placemark>
<Placemark><name>Radar 50 km/h</name><description>Fonte: OSM</description><Point><coordinates>-46.604824,-23.482174,0</coordinates></Point></Placemark>
<Placemark><name>Radar 60 km/h</name><description>Fonte: OSM</description><Point><coordinates>-46.858351,-23.482053,0</coordinates></Point></Placemark>
<Placemark><name>Radar</name><description>Fonte: DER-SP · sentido 104° (leste)</description><Point><coordinates>-46.887867,-23.481805,0</coordinates></Point></Placemark>
<Placemark><name>Radar 40 km/h</name><description>Fonte: OSM</description><Point><coordinates>-46.592753,-23.481660,0</coordinates></Point></Placemark>
<Placemark><name>Radar 40 km/h</name><description>Fonte: OSM</description><Point><coordinates>-46.592739,-23.481616,0</coordinates></Point></Placemark>
<Placemark><name>Radar 50 km/h</name><description>Fonte: OSM</description><Point><coordinates>-46.673929,-23.480696,0</coordinates></Point></Placemark>
<Placemark><name>Radar 40 km/h</name><description>Fonte: OSM</description><Point><coordinates>-46.632108,-23.480567,0</coordinates></Point></Placemark>
<Placemark><name>Radar 40 km/h</name><description>Fonte: OSM</description><Point><coordinates>-46.567109,-23.480480,0</coordinates></Point></Placemark>
<Placemark><name>Radar 40 km/h</name><description>Fonte: OSM</description><Point><coordinates>-46.567256,-23.480325,0</coordinates></Point></Placemark>
<Placemark><name>Radar 40 km/h</name><description>Fonte: OSM</description><Point><coordinates>-46.632293,-23.480316,0</coordinates></Point></Placemark>
<Placemark><name>Radar 40 km/h</name><description>Fonte: OSM</description><Point><coordinates>-46.649866,-23.480065,0</coordinates></Point></Placemark>
<Placemark><name>Radar 40 km/h</name><description>Fonte: OSM</description><Point><coordinates>-46.649828,-23.480037,0</coordinates></Point></Placemark>
<Placemark><name>Radar 40 km/h</name><description>Fonte: OSM</description><Point><coordinates>-47.467388,-23.480018,0</coordinates></Point></Placemark>
<Placemark><name>Radar 100 km/h</name><description>Fonte: OSM</description><Point><coordinates>-46.447129,-23.479988,0</coordinates></Point></Placemark>
<Placemark><name>Radar 90 km/h</name><description>Fonte: OSM</description><Point><coordinates>-46.469442,-23.479949,0</coordinates></Point></Placemark>
<Placemark><name>Radar 50 km/h</name><description>Fonte: OSM</description><Point><coordinates>-46.673356,-23.479905,0</coordinates></Point></Placemark>
<Placemark><name>Radar</name><description>Fonte: DER-SP · sentido 230° (sudoeste)</description><Point><coordinates>-49.150708,-23.479830,0</coordinates></Point></Placemark>
<Placemark><name>Radar</name><description>Fonte: DER-SP · sentido 230° (sudoeste)</description><Point><coordinates>-49.150642,-23.479827,0</coordinates></Point></Placemark>
<Placemark><name>Radar</name><description>Fonte: DER-SP · sentido 50° (nordeste)</description><Point><coordinates>-49.150770,-23.479810,0</coordinates></Point></Placemark>
<Placemark><name>Radar 80 km/h</name><description>Fonte: OSM</description><Point><coordinates>-46.469301,-23.479810,0</coordinates></Point></Placemark>
<Placemark><name>Radar 50 km/h</name><description>Fonte: OSM</description><Point><coordinates>-46.707848,-23.479563,0</coordinates></Point></Placemark>
<Placemark><name>Radar 50 km/h</name><description>Fonte: OSM</description><Point><coordinates>-46.707692,-23.479478,0</coordinates></Point></Placemark>
<Placemark><name>Radar 40 km/h</name><description>Fonte: OSM</description><Point><coordinates>-46.662129,-23.479343,0</coordinates></Point></Placemark>
<Placemark><name>Radar 60 km/h</name><description>Fonte: OSM</description><Point><coordinates>-46.877500,-23.479000,0</coordinates></Point></Placemark>
<Placemark><name>Radar</name><description>Fonte: OSM</description><Point><coordinates>-47.421844,-23.478959,0</coordinates></Point></Placemark>
<Placemark><name>Radar 60 km/h</name><description>Fonte: OSM</description><Point><coordinates>-47.421691,-23.478912,0</coordinates></Point></Placemark>
<Placemark><name>Radar</name><description>Fonte: DER-SP</description><Point><coordinates>-46.889581,-23.478777,0</coordinates></Point></Placemark>
<Placemark><name>Radar 60 km/h</name><description>Fonte: OSM</description><Point><coordinates>-46.877775,-23.478722,0</coordinates></Point></Placemark>
<Placemark><name>Radar</name><description>Fonte: OSM</description><Point><coordinates>-46.471637,-23.478571,0</coordinates></Point></Placemark>
<Placemark><name>Radar 50 km/h</name><description>Fonte: OSM</description><Point><coordinates>-47.467211,-23.478470,0</coordinates></Point></Placemark>
<Placemark><name>Radar 40 km/h</name><description>Fonte: OSM</description><Point><coordinates>-47.463542,-23.478345,0</coordinates></Point></Placemark>
<Placemark><name>Radar 50 km/h</name><description>Fonte: OSM</description><Point><coordinates>-46.671355,-23.477605,0</coordinates></Point></Placemark>
<Placemark><name>Radar 40 km/h</name><description>Fonte: OSM</description><Point><coordinates>-47.461838,-23.477596,0</coordinates></Point></Placemark>
<Placemark><name>Radar 40 km/h</name><description>Fonte: OSM</description><Point><coordinates>-46.326717,-23.477518,0</coordinates></Point></Placemark>
<Placemark><name>Radar 60 km/h</name><description>Fonte: OSM</description><Point><coordinates>-47.686727,-23.477298,0</coordinates></Point></Placemark>
<Placemark><name>Radar</name><description>Fonte: DER-SP</description><Point><coordinates>-47.686781,-23.477216,0</coordinates></Point></Placemark>
<Placemark><name>Radar 40 km/h</name><description>Fonte: OSM</description><Point><coordinates>-46.327019,-23.477146,0</coordinates></Point></Placemark>
<Placemark><name>Radar 50 km/h</name><description>Fonte: OSM</description><Point><coordinates>-47.463919,-23.477004,0</coordinates></Point></Placemark>
<Placemark><name>Radar 50 km/h</name><description>Fonte: OSM</description><Point><coordinates>-46.620310,-23.476957,0</coordinates></Point></Placemark>
<Placemark><name>Radar 50 km/h</name><description>Fonte: OSM</description><Point><coordinates>-46.529482,-23.476171,0</coordinates></Point></Placemark>
<Placemark><name>Radar 50 km/h</name><description>Fonte: OSM</description><Point><coordinates>-46.529382,-23.476128,0</coordinates></Point></Placemark>
<Placemark><name>Radar 60 km/h</name><description>Fonte: OSM</description><Point><coordinates>-46.858599,-23.476110,0</coordinates></Point></Placemark>
<Placemark><name>Radar 50 km/h</name><description>Fonte: OSM</description><Point><coordinates>-46.600203,-23.475999,0</coordinates></Point></Placemark>
<Placemark><name>Radar 40 km/h</name><description>Fonte: OSM</description><Point><coordinates>-46.612095,-23.475875,0</coordinates></Point></Placemark>
<Placemark><name>Radar 40 km/h</name><description>Fonte: OSM</description><Point><coordinates>-47.504908,-23.475694,0</coordinates></Point></Placemark>
<Placemark><name>Radar 50 km/h</name><description>Fonte: OSM</description><Point><coordinates>-46.753583,-23.475345,0</coordinates></Point></Placemark>
<Placemark><name>Radar 50 km/h</name><description>Fonte: OSM</description><Point><coordinates>-47.459246,-23.474770,0</coordinates></Point></Placemark>
<Placemark><name>Radar 40 km/h</name><description>Fonte: OSM</description><Point><coordinates>-47.457609,-23.474718,0</coordinates></Point></Placemark>
<Placemark><name>Radar 120 km/h</name><description>Fonte: OSM</description><Point><coordinates>-46.745562,-23.474653,0</coordinates></Point></Placemark>
<Placemark><name>Radar 50 km/h</name><description>Fonte: OSM</description><Point><coordinates>-46.754312,-23.474526,0</coordinates></Point></Placemark>
<Placemark><name>Radar 60 km/h</name><description>Fonte: OSM</description><Point><coordinates>-46.865945,-23.474387,0</coordinates></Point></Placemark>
<Placemark><name>Radar</name><description>Fonte: DER-SP</description><Point><coordinates>-47.700088,-23.473522,0</coordinates></Point></Placemark>
<Placemark><name>Radar 100 km/h</name><description>Fonte: OSM</description><Point><coordinates>-46.495968,-23.473506,0</coordinates></Point></Placemark>
<Placemark><name>Radar 60 km/h</name><description>Fonte: OSM</description><Point><coordinates>-47.700190,-23.473418,0</coordinates></Point></Placemark>
<Placemark><name>Radar 40 km/h</name><description>Fonte: OSM</description><Point><coordinates>-46.775174,-23.473115,0</coordinates></Point></Placemark>
<Placemark><name>Radar</name><description>Fonte: OSM</description><Point><coordinates>-46.840979,-23.472337,0</coordinates></Point></Placemark>
<Placemark><name>Radar</name><description>Fonte: DER-SP · sentido 238° (sudoeste)</description><Point><coordinates>-47.429526,-23.472233,0</coordinates></Point></Placemark>
<Placemark><name>Radar 90 km/h</name><description>Fonte: OSM</description><Point><coordinates>-46.500990,-23.472228,0</coordinates></Point></Placemark>
<Placemark><name>Radar 90 km/h</name><description>Fonte: OSM</description><Point><coordinates>-47.429280,-23.472129,0</coordinates></Point></Placemark>
<Placemark><name>Radar</name><description>Fonte: OSM</description><Point><coordinates>-46.841285,-23.471716,0</coordinates></Point></Placemark>
<Placemark><name>Radar 60 km/h</name><description>Fonte: OSM</description><Point><coordinates>-46.870502,-23.471689,0</coordinates></Point></Placemark>
<Placemark><name>Radar 40 km/h</name><description>Fonte: OSM</description><Point><coordinates>-46.640783,-23.471334,0</coordinates></Point></Placemark>
<Placemark><name>Radar 40 km/h</name><description>Fonte: OSM</description><Point><coordinates>-46.871021,-23.471326,0</coordinates></Point></Placemark>
<Placemark><name>Radar 50 km/h</name><description>Fonte: OSM</description><Point><coordinates>-46.518593,-23.471193,0</coordinates></Point></Placemark>
<Placemark><name>Radar 60 km/h</name><description>Fonte: OSM</description><Point><coordinates>-46.871345,-23.471106,0</coordinates></Point></Placemark>
<Placemark><name>Radar 50 km/h</name><description>Fonte: OSM</description><Point><coordinates>-46.518624,-23.471021,0</coordinates></Point></Placemark>
<Placemark><name>Radar 50 km/h</name><description>Fonte: OSM</description><Point><coordinates>-46.545902,-23.470963,0</coordinates></Point></Placemark>
<Placemark><name>Radar 50 km/h</name><description>Fonte: OSM</description><Point><coordinates>-46.545585,-23.470081,0</coordinates></Point></Placemark>
<Placemark><name>Radar</name><description>Fonte: DER-SP · sentido 175° (sul)</description><Point><coordinates>-46.779145,-23.470000,0</coordinates></Point></Placemark>
<Placemark><name>Radar 50 km/h</name><description>Fonte: OSM</description><Point><coordinates>-46.617038,-23.469969,0</coordinates></Point></Placemark>
<Placemark><name>Radar 60 km/h</name><description>Fonte: OSM</description><Point><coordinates>-46.520248,-23.469514,0</coordinates></Point></Placemark>
<Placemark><name>Radar 50 km/h</name><description>Fonte: OSM</description><Point><coordinates>-47.449946,-23.469456,0</coordinates></Point></Placemark>
<Placemark><name>Radar 50 km/h</name><description>Fonte: OSM</description><Point><coordinates>-47.451321,-23.469381,0</coordinates></Point></Placemark>
<Placemark><name>Radar 60 km/h</name><description>Fonte: OSM</description><Point><coordinates>-46.520650,-23.469306,0</coordinates></Point></Placemark>
<Placemark><name>Radar 60 km/h</name><description>Fonte: OSM</description><Point><coordinates>-47.447478,-23.469266,0</coordinates></Point></Placemark>
<Placemark><name>Radar 60 km/h</name><description>Fonte: OSM</description><Point><coordinates>-47.447446,-23.469253,0</coordinates></Point></Placemark>
<Placemark><name>Radar 100 km/h</name><description>Fonte: OSM</description><Point><coordinates>-46.396214,-23.469236,0</coordinates></Point></Placemark>
<Placemark><name>Radar</name><description>Fonte: DER-SP · sentido 287° (oeste)</description><Point><coordinates>-47.018110,-23.469087,0</coordinates></Point></Placemark>
<Placemark><name>Radar</name><description>Fonte: DER-SP</description><Point><coordinates>-46.897965,-23.469077,0</coordinates></Point></Placemark>
<Placemark><name>Radar 50 km/h</name><description>Fonte: OSM</description><Point><coordinates>-47.440286,-23.469021,0</coordinates></Point></Placemark>
<Placemark><name>Radar</name><description>Fonte: DER-SP</description><Point><coordinates>-46.113003,-23.468828,0</coordinates></Point></Placemark>
<Placemark><name>Radar 50 km/h</name><description>Fonte: OSM</description><Point><coordinates>-46.516185,-23.468531,0</coordinates></Point></Placemark>
<Placemark><name>Radar 40 km/h</name><description>Fonte: OSM</description><Point><coordinates>-46.643786,-23.468518,0</coordinates></Point></Placemark>
<Placemark><name>Radar 110 km/h</name><description>Fonte: OSM</description><Point><coordinates>-46.421380,-23.468142,0</coordinates></Point></Placemark>
<Placemark><name>Radar</name><description>Fonte: DER-SP · sentido 268° (oeste)</description><Point><coordinates>-46.421274,-23.468125,0</coordinates></Point></Placemark>
<Placemark><name>Radar</name><description>Fonte: DER-SP · sentido 271° (oeste)</description><Point><coordinates>-46.422700,-23.468000,0</coordinates></Point></Placemark>
<Placemark><name>Radar</name><description>Fonte: DER-SP · sentido 230° (sudoeste)</description><Point><coordinates>-49.134541,-23.467600,0</coordinates></Point></Placemark>
<Placemark><name>Radar 50 km/h</name><description>Fonte: OSM</description><Point><coordinates>-47.440761,-23.467543,0</coordinates></Point></Placemark>
<Placemark><name>Radar</name><description>Fonte: DER-SP</description><Point><coordinates>-49.134600,-23.467364,0</coordinates></Point></Placemark>
<Placemark><name>Radar</name><description>Fonte: DER-SP · sentido 50° (nordeste)</description><Point><coordinates>-49.134020,-23.467117,0</coordinates></Point></Placemark>
<Placemark><name>Radar 60 km/h</name><description>Fonte: OSM</description><Point><coordinates>-46.523722,-23.466990,0</coordinates></Point></Placemark>
<Placemark><name>Radar 60 km/h</name><description>Fonte: OSM</description><Point><coordinates>-46.524022,-23.466926,0</coordinates></Point></Placemark>
<Placemark><name>Radar</name><description>Fonte: OSM</description><Point><coordinates>-46.750306,-23.466786,0</coordinates></Point></Placemark>
<Placemark><name>Radar 50 km/h</name><description>Fonte: OSM</description><Point><coordinates>-46.546433,-23.466602,0</coordinates></Point></Placemark>
<Placemark><name>Radar 50 km/h</name><description>Fonte: OSM</description><Point><coordinates>-46.535131,-23.466443,0</coordinates></Point></Placemark>
<Placemark><name>Radar 50 km/h</name><description>Fonte: OSM</description><Point><coordinates>-46.503560,-23.466115,0</coordinates></Point></Placemark>
<Placemark><name>Radar 50 km/h</name><description>Fonte: OSM</description><Point><coordinates>-46.546722,-23.466093,0</coordinates></Point></Placemark>
<Placemark><name>Radar 50 km/h</name><description>Fonte: OSM</description><Point><coordinates>-46.503679,-23.465997,0</coordinates></Point></Placemark>
<Placemark><name>Radar 100 km/h</name><description>Fonte: OSM</description><Point><coordinates>-46.383958,-23.465936,0</coordinates></Point></Placemark>
<Placemark><name>Radar</name><description>Fonte: OSM</description><Point><coordinates>-46.751074,-23.465866,0</coordinates></Point></Placemark>
<Placemark><name>Radar</name><description>Fonte: OSM</description><Point><coordinates>-46.751177,-23.465642,0</coordinates></Point></Placemark>
<Placemark><name>Radar 50 km/h</name><description>Fonte: OSM</description><Point><coordinates>-46.530290,-23.465361,0</coordinates></Point></Placemark>
<Placemark><name>Radar 90 km/h</name><description>Fonte: ANTT · sentido 69° (leste)</description><Point><coordinates>-46.499640,-23.465246,0</coordinates></Point></Placemark>
<Placemark><name>Radar 50 km/h</name><description>Fonte: OSM</description><Point><coordinates>-46.665723,-23.465214,0</coordinates></Point></Placemark>
<Placemark><name>Radar 40 km/h</name><description>Fonte: OSM</description><Point><coordinates>-46.335972,-23.465163,0</coordinates></Point></Placemark>
<Placemark><name>Radar 40 km/h</name><description>Fonte: OSM</description><Point><coordinates>-46.335899,-23.465125,0</coordinates></Point></Placemark>
<Placemark><name>Radar 50 km/h</name><description>Fonte: OSM</description><Point><coordinates>-46.665767,-23.465108,0</coordinates></Point></Placemark>
<Placemark><name>Radar 90 km/h</name><description>Fonte: OSM</description><Point><coordinates>-46.498933,-23.465052,0</coordinates></Point></Placemark>
<Placemark><name>Radar 40 km/h</name><description>Fonte: OSM</description><Point><coordinates>-46.599779,-23.464916,0</coordinates></Point></Placemark>
<Placemark><name>Radar 40 km/h</name><description>Fonte: OSM</description><Point><coordinates>-46.599696,-23.464832,0</coordinates></Point></Placemark>
<Placemark><name>Radar 50 km/h</name><description>Fonte: OSM</description><Point><coordinates>-46.506544,-23.464373,0</coordinates></Point></Placemark>
<Placemark><name>Radar 60 km/h</name><description>Fonte: OSM</description><Point><coordinates>-47.452376,-23.464357,0</coordinates></Point></Placemark>
<Placemark><name>Radar 60 km/h</name><description>Fonte: OSM</description><Point><coordinates>-47.431078,-23.464288,0</coordinates></Point></Placemark>
<Placemark><name>Radar 50 km/h</name><description>Fonte: OSM</description><Point><coordinates>-46.541026,-23.463466,0</coordinates></Point></Placemark>
<Placemark><name>Radar 60 km/h</name><description>Fonte: OSM</description><Point><coordinates>-46.526964,-23.463465,0</coordinates></Point></Placemark>
<Placemark><name>Radar 60 km/h</name><description>Fonte: OSM</description><Point><coordinates>-46.527231,-23.463181,0</coordinates></Point></Placemark>
<Placemark><name>Radar 50 km/h</name><description>Fonte: OSM</description><Point><coordinates>-46.526927,-23.463130,0</coordinates></Point></Placemark>
<Placemark><name>Radar 60 km/h</name><description>Fonte: OSM</description><Point><coordinates>-47.434264,-23.463060,0</coordinates></Point></Placemark>
<Placemark><name>Radar 50 km/h</name><description>Fonte: OSM</description><Point><coordinates>-46.654107,-23.462589,0</coordinates></Point></Placemark>
<Placemark><name>Radar 40 km/h</name><description>Fonte: OSM</description><Point><coordinates>-46.650850,-23.461944,0</coordinates></Point></Placemark>
<Placemark><name>Radar 40 km/h</name><description>Fonte: OSM</description><Point><coordinates>-46.684119,-23.461312,0</coordinates></Point></Placemark>
<Placemark><name>Radar 60 km/h</name><description>Fonte: OSM</description><Point><coordinates>-47.435799,-23.461003,0</coordinates></Point></Placemark>
<Placemark><name>Radar 40 km/h</name><description>Fonte: OSM</description><Point><coordinates>-46.642498,-23.460358,0</coordinates></Point></Placemark>
<Placemark><name>Radar 40 km/h</name><description>Fonte: OSM</description><Point><coordinates>-46.643186,-23.460300,0</coordinates></Point></Placemark>
<Placemark><name>Radar 40 km/h</name><description>Fonte: OSM</description><Point><coordinates>-46.511173,-23.460150,0</coordinates></Point></Placemark>
<Placemark><name>Radar 40 km/h</name><description>Fonte: OSM</description><Point><coordinates>-46.511259,-23.460132,0</coordinates></Point></Placemark>
<Placemark><name>Radar</name><description>Fonte: DER-SP · sentido 133° (sudeste)</description><Point><coordinates>-46.908983,-23.460039,0</coordinates></Point></Placemark>
<Placemark><name>Radar 60 km/h</name><description>Fonte: OSM</description><Point><coordinates>-47.451886,-23.459351,0</coordinates></Point></Placemark>
<Placemark><name>Radar</name><description>Fonte: DER-SP · sentido 255° (oeste)</description><Point><coordinates>-46.344610,-23.459320,0</coordinates></Point></Placemark>
<Placemark><name>Radar 50 km/h</name><description>Fonte: OSM</description><Point><coordinates>-46.438627,-23.459318,0</coordinates></Point></Placemark>
<Placemark><name>Radar</name><description>Fonte: DER-SP · sentido 255° (oeste)</description><Point><coordinates>-46.344667,-23.459250,0</coordinates></Point></Placemark>
<Placemark><name>Radar 50 km/h</name><description>Fonte: OSM</description><Point><coordinates>-46.446298,-23.459017,0</coordinates></Point></Placemark>
<Placemark><name>Radar 90 km/h</name><description>Fonte: ANTT · sentido 247° (sudoeste)</description><Point><coordinates>-46.483360,-23.458908,0</coordinates></Point></Placemark>
<Placemark><name>Radar 50 km/h</name><description>Fonte: OSM</description><Point><coordinates>-46.494342,-23.458767,0</coordinates></Point></Placemark>
<Placemark><name>Radar</name><description>Fonte: DER-SP · sentido 72° (leste)</description><Point><coordinates>-46.347060,-23.458700,0</coordinates></Point></Placemark>
<Placemark><name>Radar</name><description>Fonte: DER-SP · sentido 72° (leste)</description><Point><coordinates>-46.347167,-23.458667,0</coordinates></Point></Placemark>
<Placemark><name>Radar 90 km/h</name><description>Fonte: OSM</description><Point><coordinates>-46.482689,-23.458539,0</coordinates></Point></Placemark>
<Placemark><name>Radar</name><description>Fonte: DER-SP</description><Point><coordinates>-46.913272,-23.458319,0</coordinates></Point></Placemark>
<Placemark><name>Radar 50 km/h</name><description>Fonte: OSM</description><Point><coordinates>-46.494172,-23.458260,0</coordinates></Point></Placemark>
<Placemark><name>Radar 50 km/h</name><description>Fonte: OSM</description><Point><coordinates>-46.537416,-23.458219,0</coordinates></Point></Placemark>
<Placemark><name>Radar 40 km/h</name><description>Fonte: OSM</description><Point><coordinates>-46.447790,-23.458182,0</coordinates></Point></Placemark>
<Placemark><name>Radar 50 km/h</name><description>Fonte: OSM</description><Point><coordinates>-46.568073,-23.458045,0</coordinates></Point></Placemark>
<Placemark><name>Radar 40 km/h</name><description>Fonte: OSM</description><Point><coordinates>-46.510028,-23.457506,0</coordinates></Point></Placemark>
<Placemark><name>Radar 50 km/h</name><description>Fonte: OSM</description><Point><coordinates>-46.567286,-23.457460,0</coordinates></Point></Placemark>
<Placemark><name>Radar 60 km/h</name><description>Fonte: OSM</description><Point><coordinates>-47.439038,-23.457255,0</coordinates></Point></Placemark>
<Placemark><name>Radar 40 km/h</name><description>Fonte: OSM</description><Point><coordinates>-46.509812,-23.457199,0</coordinates></Point></Placemark>
<Placemark><name>Radar 40 km/h</name><description>Fonte: OSM</description><Point><coordinates>-46.600208,-23.456996,0</coordinates></Point></Placemark>
<Placemark><name>Radar 40 km/h</name><description>Fonte: OSM</description><Point><coordinates>-46.600553,-23.456962,0</coordinates></Point></Placemark>
<Placemark><name>Radar</name><description>Fonte: OSM</description><Point><coordinates>-46.637123,-23.456575,0</coordinates></Point></Placemark>
<Placemark><name>Radar 60 km/h</name><description>Fonte: OSM</description><Point><coordinates>-47.451843,-23.456537,0</coordinates></Point></Placemark>
<Placemark><name>Radar 80 km/h</name><description>Fonte: OSM</description><Point><coordinates>-46.246118,-23.456241,0</coordinates></Point></Placemark>
<Placemark><name>Radar 80 km/h</name><description>Fonte: OSM</description><Point><coordinates>-46.246018,-23.456218,0</coordinates></Point></Placemark>
<Placemark><name>Radar 40 km/h</name><description>Fonte: OSM</description><Point><coordinates>-47.464983,-23.455943,0</coordinates></Point></Placemark>
<Placemark><name>Radar 40 km/h</name><description>Fonte: OSM</description><Point><coordinates>-47.463853,-23.455261,0</coordinates></Point></Placemark>
<Placemark><name>Radar 50 km/h</name><description>Fonte: OSM</description><Point><coordinates>-47.477339,-23.455028,0</coordinates></Point></Placemark>
<Placemark><name>Radar 50 km/h</name><description>Fonte: OSM</description><Point><coordinates>-47.474704,-23.454769,0</coordinates></Point></Placemark>
<Placemark><name>Radar 60 km/h</name><description>Fonte: OSM</description><Point><coordinates>-47.445571,-23.454286,0</coordinates></Point></Placemark>
<Placemark><name>Radar 50 km/h</name><description>Fonte: OSM</description><Point><coordinates>-47.473174,-23.454198,0</coordinates></Point></Placemark>
<Placemark><name>Radar 60 km/h</name><description>Fonte: OSM</description><Point><coordinates>-47.445232,-23.454105,0</coordinates></Point></Placemark>
<Placemark><name>Radar 50 km/h</name><description>Fonte: OSM</description><Point><coordinates>-47.484350,-23.453592,0</coordinates></Point></Placemark>
<Placemark><name>Radar</name><description>Fonte: DER-SP</description><Point><coordinates>-49.397330,-23.453290,0</coordinates></Point></Placemark>
<Placemark><name>Radar</name><description>Fonte: DER-SP</description><Point><coordinates>-46.914888,-23.453259,0</coordinates></Point></Placemark>
<Placemark><name>Radar 60 km/h</name><description>Fonte: OSM</description><Point><coordinates>-47.455237,-23.453074,0</coordinates></Point></Placemark>
<Placemark><name>Radar 50 km/h</name><description>Fonte: OSM</description><Point><coordinates>-47.509495,-23.453015,0</coordinates></Point></Placemark>
<Placemark><name>Radar 60 km/h</name><description>Fonte: OSM</description><Point><coordinates>-47.456061,-23.452810,0</coordinates></Point></Placemark>
<Placemark><name>Radar 50 km/h</name><description>Fonte: OSM</description><Point><coordinates>-46.517473,-23.452789,0</coordinates></Point></Placemark>
<Placemark><name>Radar</name><description>Fonte: OSM</description><Point><coordinates>-45.074835,-23.452728,0</coordinates></Point></Placemark>
<Placemark><name>Radar 60 km/h</name><description>Fonte: OSM</description><Point><coordinates>-47.458613,-23.452705,0</coordinates></Point></Placemark>
<Placemark><name>Radar 40 km/h</name><description>Fonte: ANTT · sentido 316° (noroeste)</description><Point><coordinates>-45.074811,-23.452695,0</coordinates></Point></Placemark>
<Placemark><name>Radar 40 km/h</name><description>Fonte: OSM</description><Point><coordinates>-47.458424,-23.452593,0</coordinates></Point></Placemark>
<Placemark><name>Radar 60 km/h</name><description>Fonte: OSM</description><Point><coordinates>-47.458245,-23.452495,0</coordinates></Point></Placemark>
<Placemark><name>Radar 50 km/h</name><description>Fonte: OSM</description><Point><coordinates>-47.511458,-23.452265,0</coordinates></Point></Placemark>
<Placemark><name>Radar 50 km/h</name><description>Fonte: OSM</description><Point><coordinates>-47.472933,-23.452036,0</coordinates></Point></Placemark>
<Placemark><name>Radar</name><description>Fonte: DER-SP · sentido 347° (norte)</description><Point><coordinates>-46.246488,-23.451518,0</coordinates></Point></Placemark>
<Placemark><name>Radar 60 km/h</name><description>Fonte: OSM</description><Point><coordinates>-46.493335,-23.451334,0</coordinates></Point></Placemark>
<Placemark><name>Radar 60 km/h</name><description>Fonte: OSM</description><Point><coordinates>-46.493662,-23.449890,0</coordinates></Point></Placemark>
<Placemark><name>Radar 50 km/h</name><description>Fonte: OSM</description><Point><coordinates>-46.721585,-23.449147,0</coordinates></Point></Placemark>
<Placemark><name>Radar 50 km/h</name><description>Fonte: OSM</description><Point><coordinates>-46.721509,-23.449121,0</coordinates></Point></Placemark>
<Placemark><name>Radar 50 km/h</name><description>Fonte: OSM</description><Point><coordinates>-46.548473,-23.448980,0</coordinates></Point></Placemark>
<Placemark><name>Radar 40 km/h</name><description>Fonte: OSM</description><Point><coordinates>-46.702684,-23.448105,0</coordinates></Point></Placemark>
<Placemark><name>Radar 110 km/h</name><description>Fonte: OSM</description><Point><coordinates>-47.953252,-23.447412,0</coordinates></Point></Placemark>
<Placemark><name>Radar</name><description>Fonte: DER-SP · sentido 220° (sudoeste)</description><Point><coordinates>-47.953300,-23.447400,0</coordinates></Point></Placemark>
<Placemark><name>Radar 50 km/h</name><description>Fonte: OSM</description><Point><coordinates>-46.535326,-23.447233,0</coordinates></Point></Placemark>
<Placemark><name>Radar</name><description>Fonte: DER-SP · sentido 356° (norte)</description><Point><coordinates>-47.386614,-23.446716,0</coordinates></Point></Placemark>
<Placemark><name>Radar</name><description>Fonte: DER-SP · sentido 257° (oeste)</description><Point><coordinates>-46.321100,-23.446000,0</coordinates></Point></Placemark>
<Placemark><name>Radar 60 km/h</name><description>Fonte: OSM</description><Point><coordinates>-47.386603,-23.445618,0</coordinates></Point></Placemark>
<Placemark><name>Radar 50 km/h</name><description>Fonte: OSM</description><Point><coordinates>-47.492430,-23.445382,0</coordinates></Point></Placemark>
<Placemark><name>Radar 60 km/h</name><description>Fonte: OSM</description><Point><coordinates>-47.439175,-23.445170,0</coordinates></Point></Placemark>
<Placemark><name>Radar 60 km/h</name><description>Fonte: OSM</description><Point><coordinates>-47.439042,-23.445083,0</coordinates></Point></Placemark>
<Placemark><name>Radar 120 km/h</name><description>Fonte: OSM</description><Point><coordinates>-46.311679,-23.444122,0</coordinates></Point></Placemark>
<Placemark><name>Radar</name><description>Fonte: DER-SP · sentido 257° (oeste)</description><Point><coordinates>-46.311685,-23.444100,0</coordinates></Point></Placemark>
<Placemark><name>Radar 40 km/h</name><description>Fonte: OSM</description><Point><coordinates>-46.713051,-23.442168,0</coordinates></Point></Placemark>
<Placemark><name>Radar 40 km/h</name><description>Fonte: OSM</description><Point><coordinates>-46.713105,-23.442135,0</coordinates></Point></Placemark>
<Placemark><name>Radar</name><description>Fonte: DER-SP · sentido 151° (sudeste)</description><Point><coordinates>-45.611390,-23.441220,0</coordinates></Point></Placemark>
<Placemark><name>Radar</name><description>Fonte: DER-SP · sentido 346° (norte)</description><Point><coordinates>-47.515051,-23.441117,0</coordinates></Point></Placemark>
<Placemark><name>Radar 80 km/h</name><description>Fonte: OSM</description><Point><coordinates>-45.611434,-23.441093,0</coordinates></Point></Placemark>
<Placemark><name>Radar</name><description>Fonte: DER-SP · sentido 151° (sudeste)</description><Point><coordinates>-45.611440,-23.441080,0</coordinates></Point></Placemark>
<Placemark><name>Radar 60 km/h</name><description>Fonte: OSM</description><Point><coordinates>-47.515186,-23.441022,0</coordinates></Point></Placemark>
<Placemark><name>Radar 40 km/h</name><description>Fonte: ANTT · sentido 158° (sul)</description><Point><coordinates>-45.087368,-23.440116,0</coordinates></Point></Placemark>
<Placemark><name>Radar</name><description>Fonte: OSM</description><Point><coordinates>-45.087480,-23.439830,0</coordinates></Point></Placemark>
<Placemark><name>Radar 50 km/h</name><description>Fonte: OSM</description><Point><coordinates>-46.721362,-23.439476,0</coordinates></Point></Placemark>
<Placemark><name>Radar 50 km/h</name><description>Fonte: OSM</description><Point><coordinates>-46.721281,-23.439462,0</coordinates></Point></Placemark>
<Placemark><name>Radar 100 km/h</name><description>Fonte: OSM</description><Point><coordinates>-46.769053,-23.439313,0</coordinates></Point></Placemark>
<Placemark><name>Radar</name><description>Fonte: OSM</description><Point><coordinates>-47.516031,-23.439181,0</coordinates></Point></Placemark>
<Placemark><name>Radar</name><description>Fonte: OSM</description><Point><coordinates>-46.432452,-23.437738,0</coordinates></Point></Placemark>
<Placemark><name>Radar</name><description>Fonte: OSM</description><Point><coordinates>-46.432245,-23.437684,0</coordinates></Point></Placemark>
<Placemark><name>Radar 50 km/h</name><description>Fonte: OSM</description><Point><coordinates>-47.512860,-23.437676,0</coordinates></Point></Placemark>
<Placemark><name>Radar 90 km/h</name><description>Fonte: OSM</description><Point><coordinates>-46.431185,-23.437330,0</coordinates></Point></Placemark>
<Placemark><name>Radar 110 km/h</name><description>Fonte: OSM</description><Point><coordinates>-46.431252,-23.437234,0</coordinates></Point></Placemark>
<Placemark><name>Radar 50 km/h</name><description>Fonte: OSM</description><Point><coordinates>-47.512391,-23.437119,0</coordinates></Point></Placemark>
<Placemark><name>Radar 50 km/h</name><description>Fonte: OSM</description><Point><coordinates>-47.505619,-23.436585,0</coordinates></Point></Placemark>
<Placemark><name>Radar 40 km/h</name><description>Fonte: OSM</description><Point><coordinates>-46.432900,-23.436497,0</coordinates></Point></Placemark>
<Placemark><name>Radar 40 km/h</name><description>Fonte: OSM</description><Point><coordinates>-46.432786,-23.436477,0</coordinates></Point></Placemark>
<Placemark><name>Radar</name><description>Fonte: DER-SP</description><Point><coordinates>-46.921955,-23.436331,0</coordinates></Point></Placemark>
<Placemark><name>Radar 120 km/h</name><description>Fonte: OSM</description><Point><coordinates>-47.090229,-23.436170,0</coordinates></Point></Placemark>
<Placemark><name>Radar 50 km/h</name><description>Fonte: OSM</description><Point><coordinates>-46.398174,-23.436151,0</coordinates></Point></Placemark>
<Placemark><name>Radar 50 km/h</name><description>Fonte: OSM</description><Point><coordinates>-47.508129,-23.436097,0</coordinates></Point></Placemark>
<Placemark><name>Radar</name><description>Fonte: DER-SP · sentido 270° (oeste)</description><Point><coordinates>-47.090392,-23.436086,0</coordinates></Point></Placemark>
<Placemark><name>Radar 60 km/h</name><description>Fonte: OSM</description><Point><coordinates>-46.495672,-23.436046,0</coordinates></Point></Placemark>
<Placemark><name>Radar 50 km/h</name><description>Fonte: OSM</description><Point><coordinates>-47.508157,-23.435983,0</coordinates></Point></Placemark>
<Placemark><name>Radar 60 km/h</name><description>Fonte: OSM</description><Point><coordinates>-46.494876,-23.435821,0</coordinates></Point></Placemark>
<Placemark><name>Radar</name><description>Fonte: OSM</description><Point><coordinates>-46.537453,-23.435603,0</coordinates></Point></Placemark>
<Placemark><name>Radar</name><description>Fonte: OSM</description><Point><coordinates>-46.537370,-23.435253,0</coordinates></Point></Placemark>
<Placemark><name>Radar 100 km/h</name><description>Fonte: OSM</description><Point><coordinates>-46.762142,-23.434850,0</coordinates></Point></Placemark>
<Placemark><name>Radar 30 km/h</name><description>Fonte: OSM</description><Point><coordinates>-45.069682,-23.434192,0</coordinates></Point></Placemark>
<Placemark><name>Radar 30 km/h</name><description>Fonte: OSM</description><Point><coordinates>-45.069768,-23.434183,0</coordinates></Point></Placemark>
<Placemark><name>Radar 50 km/h</name><description>Fonte: OSM</description><Point><coordinates>-46.411984,-23.434085,0</coordinates></Point></Placemark>
<Placemark><name>Radar</name><description>Fonte: DER-SP</description><Point><coordinates>-46.931846,-23.433348,0</coordinates></Point></Placemark>
<Placemark><name>Radar 50 km/h</name><description>Fonte: OSM</description><Point><coordinates>-46.406664,-23.432878,0</coordinates></Point></Placemark>
<Placemark><name>Radar 50 km/h</name><description>Fonte: OSM</description><Point><coordinates>-47.516119,-23.432585,0</coordinates></Point></Placemark>
<Placemark><name>Radar</name><description>Fonte: DER-SP</description><Point><coordinates>-47.516120,-23.432331,0</coordinates></Point></Placemark>
<Placemark><name>Radar 60 km/h</name><description>Fonte: OSM</description><Point><coordinates>-47.399452,-23.430653,0</coordinates></Point></Placemark>
<Placemark><name>Radar 50 km/h</name><description>Fonte: OSM</description><Point><coordinates>-46.557193,-23.430376,0</coordinates></Point></Placemark>
<Placemark><name>Radar 50 km/h</name><description>Fonte: OSM</description><Point><coordinates>-46.556966,-23.430223,0</coordinates></Point></Placemark>
<Placemark><name>Radar 20 km/h</name><description>Fonte: OSM</description><Point><coordinates>-46.656649,-23.429775,0</coordinates></Point></Placemark>
<Placemark><name>Radar</name><description>Fonte: DER-SP</description><Point><coordinates>-46.062064,-23.429738,0</coordinates></Point></Placemark>
<Placemark><name>Radar 50 km/h</name><description>Fonte: OSM</description><Point><coordinates>-47.507680,-23.429535,0</coordinates></Point></Placemark>
<Placemark><name>Radar 50 km/h</name><description>Fonte: OSM</description><Point><coordinates>-46.406453,-23.427949,0</coordinates></Point></Placemark>
<Placemark><name>Radar 40 km/h</name><description>Fonte: OSM</description><Point><coordinates>-46.406294,-23.427937,0</coordinates></Point></Placemark>
<Placemark><name>Radar 40 km/h</name><description>Fonte: OSM</description><Point><coordinates>-46.406778,-23.427579,0</coordinates></Point></Placemark>
<Placemark><name>Radar</name><description>Fonte: DER-SP · sentido 308° (noroeste)</description><Point><coordinates>-46.280072,-23.426644,0</coordinates></Point></Placemark>
<Placemark><name>Radar</name><description>Fonte: OSM</description><Point><coordinates>-46.404565,-23.426028,0</coordinates></Point></Placemark>
<Placemark><name>Radar 40 km/h</name><description>Fonte: ANTT</description><Point><coordinates>-45.077354,-23.425878,0</coordinates></Point></Placemark>
<Placemark><name>Radar 110 km/h</name><description>Fonte: ANTT · sentido 50° (nordeste)</description><Point><coordinates>-45.077134,-23.425793,0</coordinates></Point></Placemark>
<Placemark><name>Radar</name><description>Fonte: OSM</description><Point><coordinates>-45.077206,-23.425762,0</coordinates></Point></Placemark>
<Placemark><name>Radar 30 km/h</name><description>Fonte: OSM</description><Point><coordinates>-46.029955,-23.425276,0</coordinates></Point></Placemark>
<Placemark><name>Radar 40 km/h</name><description>Fonte: OSM</description><Point><coordinates>-46.407637,-23.424466,0</coordinates></Point></Placemark>
<Placemark><name>Radar 60 km/h</name><description>Fonte: OSM</description><Point><coordinates>-47.406524,-23.423426,0</coordinates></Point></Placemark>
<Placemark><name>Radar</name><description>Fonte: DER-SP · sentido 34° (nordeste)</description><Point><coordinates>-49.099785,-23.423349,0</coordinates></Point></Placemark>
<Placemark><name>Radar 60 km/h</name><description>Fonte: OSM</description><Point><coordinates>-47.408127,-23.423348,0</coordinates></Point></Placemark>
<Placemark><name>Radar 120 km/h</name><description>Fonte: OSM</description><Point><coordinates>-47.152752,-23.422975,0</coordinates></Point></Placemark>
<Placemark><name>Radar 30 km/h</name><description>Fonte: OSM</description><Point><coordinates>-46.030269,-23.421892,0</coordinates></Point></Placemark>
<Placemark><name>Radar</name><description>Fonte: DER-SP · sentido 263° (oeste)</description><Point><coordinates>-46.564397,-23.421849,0</coordinates></Point></Placemark>
<Placemark><name>Radar</name><description>Fonte: OSM</description><Point><coordinates>-46.016049,-23.421421,0</coordinates></Point></Placemark>
<Placemark><name>Radar</name><description>Fonte: OSM</description><Point><coordinates>-46.016284,-23.421149,0</coordinates></Point></Placemark>
<Placemark><name>Radar</name><description>Fonte: DER-SP · sentido 94° (leste)</description><Point><coordinates>-47.192520,-23.420410,0</coordinates></Point></Placemark>
<Placemark><name>Radar 120 km/h</name><description>Fonte: OSM</description><Point><coordinates>-46.204979,-23.419808,0</coordinates></Point></Placemark>
<Placemark><name>Radar</name><description>Fonte: DER-SP · sentido 227° (sudoeste)</description><Point><coordinates>-46.204991,-23.419793,0</coordinates></Point></Placemark>
<Placemark><name>Radar</name><description>Fonte: DER-SP · sentido 227° (sudoeste)</description><Point><coordinates>-46.205000,-23.419700,0</coordinates></Point></Placemark>
<Placemark><name>Radar 50 km/h</name><description>Fonte: OSM</description><Point><coordinates>-46.408429,-23.419068,0</coordinates></Point></Placemark>
<Placemark><name>Radar 90 km/h</name><description>Fonte: OSM</description><Point><coordinates>-46.378144,-23.417921,0</coordinates></Point></Placemark>
<Placemark><name>Radar</name><description>Fonte: DER-SP · sentido 142° (sudeste)</description><Point><coordinates>-46.361200,-23.417570,0</coordinates></Point></Placemark>
<Placemark><name>Radar 30 km/h</name><description>Fonte: OSM</description><Point><coordinates>-46.363344,-23.417136,0</coordinates></Point></Placemark>
<Placemark><name>Radar</name><description>Fonte: DER-SP · sentido 42° (nordeste)</description><Point><coordinates>-47.343841,-23.414306,0</coordinates></Point></Placemark>
<Placemark><name>Radar</name><description>Fonte: DER-SP · sentido 42° (nordeste)</description><Point><coordinates>-47.343960,-23.414137,0</coordinates></Point></Placemark>
<Placemark><name>Radar</name><description>Fonte: OSM</description><Point><coordinates>-47.270135,-23.414016,0</coordinates></Point></Placemark>
<Placemark><name>Radar</name><description>Fonte: DER-SP · sentido 292° (oeste)</description><Point><coordinates>-47.270705,-23.413748,0</coordinates></Point></Placemark>
<Placemark><name>Radar</name><description>Fonte: OSM</description><Point><coordinates>-46.031339,-23.413681,0</coordinates></Point></Placemark>
<Placemark><name>Radar 110 km/h</name><description>Fonte: OSM</description><Point><coordinates>-47.342986,-23.413381,0</coordinates></Point></Placemark>
<Placemark><name>Radar</name><description>Fonte: DER-SP</description><Point><coordinates>-46.950475,-23.413214,0</coordinates></Point></Placemark>
<Placemark><name>Radar 50 km/h</name><description>Fonte: OSM</description><Point><coordinates>-46.732506,-23.412801,0</coordinates></Point></Placemark>
<Placemark><name>Radar 40 km/h</name><description>Fonte: OSM</description><Point><coordinates>-46.310760,-23.412573,0</coordinates></Point></Placemark>
<Placemark><name>Radar 30 km/h</name><description>Fonte: OSM</description><Point><coordinates>-46.824254,-23.411845,0</coordinates></Point></Placemark>
<Placemark><name>Radar 40 km/h</name><description>Fonte: OSM</description><Point><coordinates>-45.066462,-23.411388,0</coordinates></Point></Placemark>
<Placemark><name>Radar 30 km/h</name><description>Fonte: OSM</description><Point><coordinates>-46.825161,-23.410871,0</coordinates></Point></Placemark>
<Placemark><name>Radar 50 km/h</name><description>Fonte: OSM</description><Point><coordinates>-46.776216,-23.410423,0</coordinates></Point></Placemark>
<Placemark><name>Radar</name><description>Fonte: DER-SP</description><Point><coordinates>-46.971326,-23.409680,0</coordinates></Point></Placemark>
<Placemark><name>Radar 110 km/h</name><description>Fonte: OSM</description><Point><coordinates>-46.342875,-23.409511,0</coordinates></Point></Placemark>
<Placemark><name>Radar 110 km/h</name><description>Fonte: ANTT · sentido 255° (oeste)</description><Point><coordinates>-46.342533,-23.409483,0</coordinates></Point></Placemark>
<Placemark><name>Radar</name><description>Fonte: DER-SP</description><Point><coordinates>-46.958123,-23.408874,0</coordinates></Point></Placemark>
<Placemark><name>Radar</name><description>Fonte: OSM</description><Point><coordinates>-47.306288,-23.408810,0</coordinates></Point></Placemark>
<Placemark><name>Radar 50 km/h</name><description>Fonte: OSM</description><Point><coordinates>-46.852221,-23.408173,0</coordinates></Point></Placemark>
<Placemark><name>Radar 60 km/h</name><description>Fonte: OSM</description><Point><coordinates>-46.365587,-23.408163,0</coordinates></Point></Placemark>
<Placemark><name>Radar</name><description>Fonte: OSM</description><Point><coordinates>-46.338476,-23.408040,0</coordinates></Point></Placemark>
<Placemark><name>Radar</name><description>Fonte: OSM</description><Point><coordinates>-46.338207,-23.407902,0</coordinates></Point></Placemark>
<Placemark><name>Radar</name><description>Fonte: OSM</description><Point><coordinates>-46.338119,-23.407846,0</coordinates></Point></Placemark>
<Placemark><name>Radar 60 km/h</name><description>Fonte: OSM</description><Point><coordinates>-46.365756,-23.407714,0</coordinates></Point></Placemark>
<Placemark><name>Radar 80 km/h</name><description>Fonte: OSM</description><Point><coordinates>-46.580180,-23.406768,0</coordinates></Point></Placemark>
<Placemark><name>Radar 40 km/h</name><description>Fonte: OSM</description><Point><coordinates>-46.755502,-23.406616,0</coordinates></Point></Placemark>
<Placemark><name>Radar</name><description>Fonte: DER-SP · sentido 163° (sul)</description><Point><coordinates>-46.367685,-23.406467,0</coordinates></Point></Placemark>
<Placemark><name>Radar 40 km/h</name><description>Fonte: OSM</description><Point><coordinates>-46.755419,-23.406292,0</coordinates></Point></Placemark>
<Placemark><name>Radar 60 km/h</name><description>Fonte: OSM</description><Point><coordinates>-46.330032,-23.405761,0</coordinates></Point></Placemark>
<Placemark><name>Radar 100 km/h</name><description>Fonte: OSM</description><Point><coordinates>-46.367919,-23.405670,0</coordinates></Point></Placemark>
<Placemark><name>Radar 60 km/h</name><description>Fonte: OSM</description><Point><coordinates>-46.329866,-23.405274,0</coordinates></Point></Placemark>
<Placemark><name>Radar</name><description>Fonte: OSM</description><Point><coordinates>-47.314219,-23.404039,0</coordinates></Point></Placemark>
<Placemark><name>Radar</name><description>Fonte: DER-SP · sentido 279° (oeste)</description><Point><coordinates>-47.314545,-23.403977,0</coordinates></Point></Placemark>
<Placemark><name>Radar</name><description>Fonte: DER-SP</description><Point><coordinates>-47.337454,-23.403245,0</coordinates></Point></Placemark>
<Placemark><name>Radar 40 km/h</name><description>Fonte: OSM</description><Point><coordinates>-46.317192,-23.402876,0</coordinates></Point></Placemark>
<Placemark><name>Radar 50 km/h</name><description>Fonte: OSM</description><Point><coordinates>-46.726419,-23.402463,0</coordinates></Point></Placemark>
<Placemark><name>Radar</name><description>Fonte: DER-SP</description><Point><coordinates>-49.092410,-23.402180,0</coordinates></Point></Placemark>
<Placemark><name>Radar</name><description>Fonte: OSM</description><Point><coordinates>-46.310494,-23.401489,0</coordinates></Point></Placemark>
<Placemark><name>Radar</name><description>Fonte: OSM</description><Point><coordinates>-46.310269,-23.401447,0</coordinates></Point></Placemark>
<Placemark><name>Radar 80 km/h</name><description>Fonte: OSM</description><Point><coordinates>-46.575830,-23.401351,0</coordinates></Point></Placemark>
<Placemark><name>Radar 80 km/h</name><description>Fonte: ANTT · sentido 151° (sudeste)</description><Point><coordinates>-46.575964,-23.401335,0</coordinates></Point></Placemark>
<Placemark><name>Radar 60 km/h</name><description>Fonte: OSM</description><Point><coordinates>-46.344958,-23.400849,0</coordinates></Point></Placemark>
<Placemark><name>Radar</name><description>Fonte: DER-SP</description><Point><coordinates>-45.119307,-23.400733,0</coordinates></Point></Placemark>
<Placemark><name>Radar 60 km/h</name><description>Fonte: OSM</description><Point><coordinates>-46.345023,-23.400593,0</coordinates></Point></Placemark>
<Placemark><name>Radar 60 km/h</name><description>Fonte: OSM</description><Point><coordinates>-46.354432,-23.400391,0</coordinates></Point></Placemark>
<Placemark><name>Radar 120 km/h</name><description>Fonte: OSM</description><Point><coordinates>-46.768051,-23.400347,0</coordinates></Point></Placemark>
<Placemark><name>Radar 120 km/h</name><description>Fonte: OSM</description><Point><coordinates>-46.767683,-23.400334,0</coordinates></Point></Placemark>
<Placemark><name>Radar 40 km/h</name><description>Fonte: OSM</description><Point><coordinates>-46.717879,-23.398374,0</coordinates></Point></Placemark>
<Placemark><name>Radar 40 km/h</name><description>Fonte: OSM</description><Point><coordinates>-46.717796,-23.398322,0</coordinates></Point></Placemark>
<Placemark><name>Radar 30 km/h</name><description>Fonte: OSM</description><Point><coordinates>-47.374623,-23.398212,0</coordinates></Point></Placemark>
<Placemark><name>Radar 60 km/h</name><description>Fonte: OSM</description><Point><coordinates>-46.333083,-23.398051,0</coordinates></Point></Placemark>
<Placemark><name>Radar 80 km/h</name><description>Fonte: OSM</description><Point><coordinates>-46.296290,-23.398035,0</coordinates></Point></Placemark>
<Placemark><name>Radar 80 km/h</name><description>Fonte: ANTT · sentido 85° (leste)</description><Point><coordinates>-46.296136,-23.397994,0</coordinates></Point></Placemark>
<Placemark><name>Radar 60 km/h</name><description>Fonte: OSM</description><Point><coordinates>-46.333448,-23.397925,0</coordinates></Point></Placemark>
<Placemark><name>Radar 40 km/h</name><description>Fonte: OSM</description><Point><coordinates>-46.306001,-23.397584,0</coordinates></Point></Placemark>
<Placemark><name>Radar 40 km/h</name><description>Fonte: OSM</description><Point><coordinates>-46.719629,-23.397180,0</coordinates></Point></Placemark>
<Placemark><name>Radar 40 km/h</name><description>Fonte: OSM</description><Point><coordinates>-46.719793,-23.396939,0</coordinates></Point></Placemark>
<Placemark><name>Radar</name><description>Fonte: DER-SP</description><Point><coordinates>-46.719769,-23.396891,0</coordinates></Point></Placemark>
<Placemark><name>Radar 60 km/h</name><description>Fonte: OSM</description><Point><coordinates>-46.051274,-23.395851,0</coordinates></Point></Placemark>
<Placemark><name>Radar 60 km/h</name><description>Fonte: OSM</description><Point><coordinates>-45.009283,-23.392871,0</coordinates></Point></Placemark>
<Placemark><name>Radar 60 km/h</name><description>Fonte: ANTT · sentido 244° (sudoeste)</description><Point><coordinates>-45.009061,-23.392756,0</coordinates></Point></Placemark>
<Placemark><name>Radar</name><description>Fonte: DER-SP · sentido 78° (leste)</description><Point><coordinates>-46.409190,-23.391591,0</coordinates></Point></Placemark>
<Placemark><name>Radar 100 km/h</name><description>Fonte: OSM</description><Point><coordinates>-46.409090,-23.391583,0</coordinates></Point></Placemark>
<Placemark><name>Radar</name><description>Fonte: DER-SP</description><Point><coordinates>-46.728493,-23.391352,0</coordinates></Point></Placemark>
<Placemark><name>Radar 50 km/h</name><description>Fonte: OSM</description><Point><coordinates>-46.317279,-23.391157,0</coordinates></Point></Placemark>
<Placemark><name>Radar</name><description>Fonte: DER-SP · sentido 263° (oeste)</description><Point><coordinates>-46.406927,-23.390960,0</coordinates></Point></Placemark>
<Placemark><name>Radar 100 km/h</name><description>Fonte: OSM</description><Point><coordinates>-46.406579,-23.390954,0</coordinates></Point></Placemark>
<Placemark><name>Radar</name><description>Fonte: DER-SP · sentido 173° (sul)</description><Point><coordinates>-49.093649,-23.390948,0</coordinates></Point></Placemark>
<Placemark><name>Radar 60 km/h</name><description>Fonte: OSM</description><Point><coordinates>-49.549465,-23.390553,0</coordinates></Point></Placemark>
<Placemark><name>Radar</name><description>Fonte: DER-SP</description><Point><coordinates>-49.552560,-23.390530,0</coordinates></Point></Placemark>
<Placemark><name>Radar</name><description>Fonte: DER-SP</description><Point><coordinates>-45.655893,-23.390497,0</coordinates></Point></Placemark>
<Placemark><name>Radar</name><description>Fonte: DER-SP · sentido 173° (sul)</description><Point><coordinates>-49.093703,-23.390445,0</coordinates></Point></Placemark>
<Placemark><name>Radar</name><description>Fonte: DER-SP</description><Point><coordinates>-47.776584,-23.389108,0</coordinates></Point></Placemark>
<Placemark><name>Radar 80 km/h</name><description>Fonte: OSM</description><Point><coordinates>-46.569243,-23.387856,0</coordinates></Point></Placemark>
<Placemark><name>Radar 80 km/h</name><description>Fonte: ANTT · sentido 355° (norte)</description><Point><coordinates>-46.569328,-23.387687,0</coordinates></Point></Placemark>
<Placemark><name>Radar 60 km/h</name><description>Fonte: OSM</description><Point><coordinates>-46.732669,-23.385326,0</coordinates></Point></Placemark>
<Placemark><name>Radar</name><description>Fonte: DER-SP</description><Point><coordinates>-46.732810,-23.385267,0</coordinates></Point></Placemark>
<Placemark><name>Radar 80 km/h</name><description>Fonte: OSM</description><Point><coordinates>-46.564797,-23.384716,0</coordinates></Point></Placemark>
<Placemark><name>Radar 80 km/h</name><description>Fonte: ANTT · sentido 175° (sul)</description><Point><coordinates>-46.564716,-23.384708,0</coordinates></Point></Placemark>
<Placemark><name>Radar 50 km/h</name><description>Fonte: OSM</description><Point><coordinates>-47.473970,-23.384073,0</coordinates></Point></Placemark>
<Placemark><name>Radar</name><description>Fonte: DER-SP</description><Point><coordinates>-48.025738,-23.383742,0</coordinates></Point></Placemark>
<Placemark><name>Radar</name><description>Fonte: OSM</description><Point><coordinates>-46.259854,-23.381121,0</coordinates></Point></Placemark>
<Placemark><name>Radar</name><description>Fonte: OSM</description><Point><coordinates>-46.259553,-23.380924,0</coordinates></Point></Placemark>
<Placemark><name>Radar</name><description>Fonte: OSM</description><Point><coordinates>-46.259474,-23.380871,0</coordinates></Point></Placemark>
<Placemark><name>Radar</name><description>Fonte: OSM</description><Point><coordinates>-46.258903,-23.380658,0</coordinates></Point></Placemark>
<Placemark><name>Radar</name><description>Fonte: OSM</description><Point><coordinates>-46.259116,-23.380635,0</coordinates></Point></Placemark>
<Placemark><name>Radar</name><description>Fonte: DER-SP</description><Point><coordinates>-45.157317,-23.380229,0</coordinates></Point></Placemark>
<Placemark><name>Radar 40 km/h</name><description>Fonte: OSM</description><Point><coordinates>-46.313954,-23.379146,0</coordinates></Point></Placemark>
<Placemark><name>Radar 40 km/h</name><description>Fonte: OSM</description><Point><coordinates>-46.313975,-23.378978,0</coordinates></Point></Placemark>
<Placemark><name>Radar 110 km/h</name><description>Fonte: OSM</description><Point><coordinates>-46.256134,-23.378829,0</coordinates></Point></Placemark>
<Placemark><name>Radar</name><description>Fonte: OSM</description><Point><coordinates>-46.250830,-23.377089,0</coordinates></Point></Placemark>
<Placemark><name>Radar</name><description>Fonte: OSM</description><Point><coordinates>-46.250603,-23.377050,0</coordinates></Point></Placemark>
<Placemark><name>Radar 80 km/h</name><description>Fonte: ANTT · sentido 77° (leste)</description><Point><coordinates>-46.249147,-23.376876,0</coordinates></Point></Placemark>
<Placemark><name>Radar 60 km/h</name><description>Fonte: OSM</description><Point><coordinates>-46.749358,-23.373925,0</coordinates></Point></Placemark>
<Placemark><name>Radar</name><description>Fonte: DER-SP</description><Point><coordinates>-46.749402,-23.373680,0</coordinates></Point></Placemark>
<Placemark><name>Radar</name><description>Fonte: DER-SP</description><Point><coordinates>-47.528654,-23.373410,0</coordinates></Point></Placemark>
<Placemark><name>Radar</name><description>Fonte: DER-SP · sentido 310° (noroeste)</description><Point><coordinates>-47.798005,-23.372864,0</coordinates></Point></Placemark>
<Placemark><name>Radar 50 km/h</name><description>Fonte: OSM</description><Point><coordinates>-46.310220,-23.372534,0</coordinates></Point></Placemark>
<Placemark><name>Radar</name><description>Fonte: DER-SP · sentido 85° (leste)</description><Point><coordinates>-47.321281,-23.371935,0</coordinates></Point></Placemark>
<Placemark><name>Radar</name><description>Fonte: DER-SP</description><Point><coordinates>-46.045071,-23.370969,0</coordinates></Point></Placemark>
<Placemark><name>Radar</name><description>Fonte: DER-SP · sentido 239° (sudoeste)</description><Point><coordinates>-47.315828,-23.370892,0</coordinates></Point></Placemark>
<Placemark><name>Radar</name><description>Fonte: OSM</description><Point><coordinates>-46.136145,-23.370631,0</coordinates></Point></Placemark>
<Placemark><name>Radar 80 km/h</name><description>Fonte: OSM</description><Point><coordinates>-46.554098,-23.368836,0</coordinates></Point></Placemark>
<Placemark><name>Radar 80 km/h</name><description>Fonte: ANTT · sentido 63° (nordeste)</description><Point><coordinates>-46.554044,-23.368741,0</coordinates></Point></Placemark>
<Placemark><name>Radar</name><description>Fonte: DER-SP</description><Point><coordinates>-47.533881,-23.367528,0</coordinates></Point></Placemark>
<Placemark><name>Radar 40 km/h</name><description>Fonte: OSM</description><Point><coordinates>-47.842565,-23.364938,0</coordinates></Point></Placemark>
<Placemark><name>Radar</name><description>Fonte: DER-SP</description><Point><coordinates>-45.139321,-23.364226,0</coordinates></Point></Placemark>
<Placemark><name>Radar 80 km/h</name><description>Fonte: OSM</description><Point><coordinates>-45.690748,-23.364177,0</coordinates></Point></Placemark>
<Placemark><name>Radar</name><description>Fonte: DER-SP · sentido 114° (sudeste)</description><Point><coordinates>-45.690930,-23.364110,0</coordinates></Point></Placemark>
<Placemark><name>Radar 120 km/h</name><description>Fonte: OSM</description><Point><coordinates>-46.127834,-23.363750,0</coordinates></Point></Placemark>
<Placemark><name>Radar</name><description>Fonte: DER-SP</description><Point><coordinates>-46.751795,-23.363282,0</coordinates></Point></Placemark>
<Placemark><name>Radar</name><description>Fonte: DER-SP</description><Point><coordinates>-46.263089,-23.362855,0</coordinates></Point></Placemark>
<Placemark><name>Radar</name><description>Fonte: DER-SP · sentido 36° (nordeste)</description><Point><coordinates>-47.308530,-23.362835,0</coordinates></Point></Placemark>
<Placemark><name>Radar 80 km/h</name><description>Fonte: OSM</description><Point><coordinates>-46.848376,-23.361693,0</coordinates></Point></Placemark>
<Placemark><name>Radar 120 km/h</name><description>Fonte: OSM</description><Point><coordinates>-46.077341,-23.359716,0</coordinates></Point></Placemark>
<Placemark><name>Radar</name><description>Fonte: DER-SP · sentido 259° (oeste)</description><Point><coordinates>-46.077358,-23.359661,0</coordinates></Point></Placemark>
<Placemark><name>Radar 50 km/h</name><description>Fonte: OSM</description><Point><coordinates>-47.883561,-23.359597,0</coordinates></Point></Placemark>
<Placemark><name>Radar 50 km/h</name><description>Fonte: OSM</description><Point><coordinates>-47.881588,-23.359369,0</coordinates></Point></Placemark>
<Placemark><name>Radar</name><description>Fonte: DER-SP</description><Point><coordinates>-45.202844,-23.359153,0</coordinates></Point></Placemark>
<Placemark><name>Radar 120 km/h</name><description>Fonte: OSM</description><Point><coordinates>-46.121279,-23.358902,0</coordinates></Point></Placemark>
<Placemark><name>Radar 50 km/h</name><description>Fonte: OSM</description><Point><coordinates>-47.878026,-23.358791,0</coordinates></Point></Placemark>
<Placemark><name>Radar 50 km/h</name><description>Fonte: OSM</description><Point><coordinates>-47.877867,-23.358654,0</coordinates></Point></Placemark>
<Placemark><name>Radar</name><description>Fonte: OSM</description><Point><coordinates>-46.155571,-23.357790,0</coordinates></Point></Placemark>
<Placemark><name>Radar</name><description>Fonte: OSM</description><Point><coordinates>-46.155440,-23.357699,0</coordinates></Point></Placemark>
<Placemark><name>Radar 50 km/h</name><description>Fonte: OSM</description><Point><coordinates>-47.871514,-23.356963,0</coordinates></Point></Placemark>
<Placemark><name>Radar 80 km/h</name><description>Fonte: OSM</description><Point><coordinates>-47.807829,-23.356248,0</coordinates></Point></Placemark>
<Placemark><name>Radar</name><description>Fonte: DER-SP · sentido 103° (leste)</description><Point><coordinates>-47.808268,-23.356190,0</coordinates></Point></Placemark>
<Placemark><name>Radar 30 km/h</name><description>Fonte: OSM</description><Point><coordinates>-46.877506,-23.354511,0</coordinates></Point></Placemark>
<Placemark><name>Radar 30 km/h</name><description>Fonte: OSM</description><Point><coordinates>-46.877542,-23.354478,0</coordinates></Point></Placemark>
<Placemark><name>Radar 50 km/h</name><description>Fonte: OSM</description><Point><coordinates>-47.859953,-23.354005,0</coordinates></Point></Placemark>
<Placemark><name>Radar</name><description>Fonte: DER-SP</description><Point><coordinates>-47.308348,-23.353256,0</coordinates></Point></Placemark>
<Placemark><name>Radar 110 km/h</name><description>Fonte: OSM</description><Point><coordinates>-46.186541,-23.352122,0</coordinates></Point></Placemark>
<Placemark><name>Radar</name><description>Fonte: DER-SP</description><Point><coordinates>-46.744379,-23.351369,0</coordinates></Point></Placemark>
<Placemark><name>Radar 30 km/h</name><description>Fonte: OSM</description><Point><coordinates>-47.822147,-23.351234,0</coordinates></Point></Placemark>
<Placemark><name>Radar 30 km/h</name><description>Fonte: OSM</description><Point><coordinates>-47.822255,-23.351201,0</coordinates></Point></Placemark>
<Placemark><name>Radar</name><description>Fonte: OSM</description><Point><coordinates>-47.515730,-23.350441,0</coordinates></Point></Placemark>
<Placemark><name>Radar</name><description>Fonte: DER-SP · sentido 296° (noroeste)</description><Point><coordinates>-47.516077,-23.350232,0</coordinates></Point></Placemark>
<Placemark><name>Radar</name><description>Fonte: DER-SP · sentido 296° (noroeste)</description><Point><coordinates>-47.516216,-23.350153,0</coordinates></Point></Placemark>
<Placemark><name>Radar 80 km/h</name><description>Fonte: ANTT · sentido 251° (oeste)</description><Point><coordinates>-46.556532,-23.349188,0</coordinates></Point></Placemark>
<Placemark><name>Radar 80 km/h</name><description>Fonte: OSM</description><Point><coordinates>-46.556236,-23.349136,0</coordinates></Point></Placemark>
<Placemark><name>Radar</name><description>Fonte: DER-SP</description><Point><coordinates>-46.201135,-23.348558,0</coordinates></Point></Placemark>
<Placemark><name>Radar 80 km/h</name><description>Fonte: OSM</description><Point><coordinates>-45.708917,-23.348486,0</coordinates></Point></Placemark>
<Placemark><name>Radar 60 km/h</name><description>Fonte: OSM</description><Point><coordinates>-45.709698,-23.347285,0</coordinates></Point></Placemark>
<Placemark><name>Radar</name><description>Fonte: DER-SP · sentido 133° (sudeste)</description><Point><coordinates>-45.709720,-23.347250,0</coordinates></Point></Placemark>
<Placemark><name>Radar</name><description>Fonte: DER-SP</description><Point><coordinates>-46.426871,-23.345416,0</coordinates></Point></Placemark>
<Placemark><name>Radar 120 km/h</name><description>Fonte: OSM</description><Point><coordinates>-45.968103,-23.342303,0</coordinates></Point></Placemark>
<Placemark><name>Radar 120 km/h</name><description>Fonte: OSM</description><Point><coordinates>-45.967869,-23.342080,0</coordinates></Point></Placemark>
<Placemark><name>Radar 70 km/h</name><description>Fonte: OSM</description><Point><coordinates>-46.061506,-23.340211,0</coordinates></Point></Placemark>
<Placemark><name>Radar</name><description>Fonte: OSM</description><Point><coordinates>-46.150720,-23.340097,0</coordinates></Point></Placemark>
<Placemark><name>Radar 60 km/h</name><description>Fonte: OSM</description><Point><coordinates>-46.061563,-23.340038,0</coordinates></Point></Placemark>
<Placemark><name>Radar</name><description>Fonte: DER-SP</description><Point><coordinates>-46.738168,-23.339888,0</coordinates></Point></Placemark>
<Placemark><name>Radar</name><description>Fonte: DER-SP</description><Point><coordinates>-46.061863,-23.339320,0</coordinates></Point></Placemark>
<Placemark><name>Radar</name><description>Fonte: DER-SP · sentido 164° (sul)</description><Point><coordinates>-46.024037,-23.337840,0</coordinates></Point></Placemark>
<Placemark><name>Radar</name><description>Fonte: DER-SP</description><Point><coordinates>-46.658720,-23.337703,0</coordinates></Point></Placemark>
<Placemark><name>Radar 40 km/h</name><description>Fonte: OSM</description><Point><coordinates>-46.001549,-23.335615,0</coordinates></Point></Placemark>
<Placemark><name>Radar 40 km/h</name><description>Fonte: OSM</description><Point><coordinates>-46.001473,-23.335614,0</coordinates></Point></Placemark>
<Placemark><name>Radar</name><description>Fonte: DER-SP</description><Point><coordinates>-45.480327,-23.335228,0</coordinates></Point></Placemark>
<Placemark><name>Radar</name><description>Fonte: DER-SP</description><Point><coordinates>-46.720504,-23.334684,0</coordinates></Point></Placemark>
<Placemark><name>Radar</name><description>Fonte: OSM</description><Point><coordinates>-46.141197,-23.334254,0</coordinates></Point></Placemark>
<Placemark><name>Radar</name><description>Fonte: DER-SP</description><Point><coordinates>-46.746560,-23.334211,0</coordinates></Point></Placemark>
<Placemark><name>Radar 40 km/h</name><description>Fonte: OSM</description><Point><coordinates>-46.746689,-23.334124,0</coordinates></Point></Placemark>
<Placemark><name>Radar</name><description>Fonte: DER-SP</description><Point><coordinates>-46.673692,-23.334115,0</coordinates></Point></Placemark>
<Placemark><name>Radar 40 km/h</name><description>Fonte: OSM</description><Point><coordinates>-46.746584,-23.334086,0</coordinates></Point></Placemark>
<Placemark><name>Radar</name><description>Fonte: DER-SP</description><Point><coordinates>-46.823939,-23.333255,0</coordinates></Point></Placemark>
<Placemark><name>Radar</name><description>Fonte: DER-SP</description><Point><coordinates>-46.622108,-23.331865,0</coordinates></Point></Placemark>
<Placemark><name>Radar</name><description>Fonte: OSM</description><Point><coordinates>-46.136385,-23.331773,0</coordinates></Point></Placemark>
<Placemark><name>Radar</name><description>Fonte: DER-SP</description><Point><coordinates>-46.716613,-23.331685,0</coordinates></Point></Placemark>
<Placemark><name>Radar 40 km/h</name><description>Fonte: OSM</description><Point><coordinates>-46.716600,-23.331677,0</coordinates></Point></Placemark>
<Placemark><name>Radar 40 km/h</name><description>Fonte: OSM</description><Point><coordinates>-46.716641,-23.331634,0</coordinates></Point></Placemark>
<Placemark><name>Radar</name><description>Fonte: DER-SP</description><Point><coordinates>-46.701277,-23.330783,0</coordinates></Point></Placemark>
<Placemark><name>Radar</name><description>Fonte: DER-SP</description><Point><coordinates>-47.847000,-23.330100,0</coordinates></Point></Placemark>
<Placemark><name>Radar</name><description>Fonte: DER-SP · sentido 220° (sudoeste)</description><Point><coordinates>-45.923100,-23.329600,0</coordinates></Point></Placemark>
<Placemark><name>Radar</name><description>Fonte: OSM</description><Point><coordinates>-46.131810,-23.329422,0</coordinates></Point></Placemark>
<Placemark><name>Radar</name><description>Fonte: DER-SP</description><Point><coordinates>-46.751022,-23.328064,0</coordinates></Point></Placemark>
<Placemark><name>Radar 40 km/h</name><description>Fonte: OSM</description><Point><coordinates>-46.751006,-23.328034,0</coordinates></Point></Placemark>
<Placemark><name>Radar 40 km/h</name><description>Fonte: OSM</description><Point><coordinates>-46.750925,-23.327982,0</coordinates></Point></Placemark>
<Placemark><name>Radar 60 km/h</name><description>Fonte: OSM</description><Point><coordinates>-45.996763,-23.327579,0</coordinates></Point></Placemark>
<Placemark><name>Radar 60 km/h</name><description>Fonte: OSM</description><Point><coordinates>-45.996635,-23.327358,0</coordinates></Point></Placemark>
<Placemark><name>Radar</name><description>Fonte: DER-SP</description><Point><coordinates>-45.996487,-23.327093,0</coordinates></Point></Placemark>
<Placemark><name>Radar</name><description>Fonte: DER-SP</description><Point><coordinates>-46.751961,-23.325958,0</coordinates></Point></Placemark>
<Placemark><name>Radar</name><description>Fonte: OSM</description><Point><coordinates>-46.123413,-23.324747,0</coordinates></Point></Placemark>
<Placemark><name>Radar</name><description>Fonte: OSM</description><Point><coordinates>-46.123146,-23.324557,0</coordinates></Point></Placemark>
<Placemark><name>Radar</name><description>Fonte: DER-SP · sentido 218° (sudoeste)</description><Point><coordinates>-45.915583,-23.324403,0</coordinates></Point></Placemark>
<Placemark><name>Radar 120 km/h</name><description>Fonte: OSM</description><Point><coordinates>-45.915489,-23.324337,0</coordinates></Point></Placemark>
<Placemark><name>Radar 30 km/h</name><description>Fonte: OSM</description><Point><coordinates>-46.122749,-23.323896,0</coordinates></Point></Placemark>
<Placemark><name>Radar 30 km/h</name><description>Fonte: OSM</description><Point><coordinates>-46.122875,-23.323751,0</coordinates></Point></Placemark>
<Placemark><name>Radar</name><description>Fonte: OSM</description><Point><coordinates>-46.120405,-23.323231,0</coordinates></Point></Placemark>
<Placemark><name>Radar</name><description>Fonte: OSM</description><Point><coordinates>-46.120196,-23.323017,0</coordinates></Point></Placemark>
<Placemark><name>Radar</name><description>Fonte: DER-SP</description><Point><coordinates>-46.070903,-23.322625,0</coordinates></Point></Placemark>
<Placemark><name>Radar</name><description>Fonte: DER-SP · sentido 7° (norte)</description><Point><coordinates>-47.300459,-23.322592,0</coordinates></Point></Placemark>
<Placemark><name>Radar 80 km/h</name><description>Fonte: OSM</description><Point><coordinates>-45.743087,-23.322289,0</coordinates></Point></Placemark>
<Placemark><name>Radar</name><description>Fonte: OSM</description><Point><coordinates>-46.113106,-23.321819,0</coordinates></Point></Placemark>
<Placemark><name>Radar 110 km/h</name><description>Fonte: ANTT</description><Point><coordinates>-45.112395,-23.321753,0</coordinates></Point></Placemark>
<Placemark><name>Radar</name><description>Fonte: OSM</description><Point><coordinates>-46.111842,-23.321462,0</coordinates></Point></Placemark>
<Placemark><name>Radar</name><description>Fonte: DER-SP</description><Point><coordinates>-45.990412,-23.319947,0</coordinates></Point></Placemark>
<Placemark><name>Radar</name><description>Fonte: DER-SP</description><Point><coordinates>-46.753624,-23.319827,0</coordinates></Point></Placemark>
<Placemark><name>Radar 110 km/h</name><description>Fonte: OSM</description><Point><coordinates>-47.327920,-23.319789,0</coordinates></Point></Placemark>
<Placemark><name>Radar</name><description>Fonte: OSM</description><Point><coordinates>-46.087490,-23.319357,0</coordinates></Point></Placemark>
<Placemark><name>Radar</name><description>Fonte: OSM</description><Point><coordinates>-46.583448,-23.316834,0</coordinates></Point></Placemark>
<Placemark><name>Radar</name><description>Fonte: DER-SP · sentido 300° (noroeste)</description><Point><coordinates>-46.754278,-23.316438,0</coordinates></Point></Placemark>
<Placemark><name>Radar</name><description>Fonte: DER-SP · sentido 156° (sudeste)</description><Point><coordinates>-47.302143,-23.315608,0</coordinates></Point></Placemark>
<Placemark><name>Radar 100 km/h</name><description>Fonte: OSM</description><Point><coordinates>-46.074410,-23.315398,0</coordinates></Point></Placemark>
<Placemark><name>Radar 100 km/h</name><description>Fonte: OSM</description><Point><coordinates>-46.072705,-23.315293,0</coordinates></Point></Placemark>
<Placemark><name>Radar</name><description>Fonte: OSM</description><Point><coordinates>-46.071966,-23.315197,0</coordinates></Point></Placemark>
<Placemark><name>Radar 60 km/h</name><description>Fonte: OSM</description><Point><coordinates>-49.470029,-23.314380,0</coordinates></Point></Placemark>
<Placemark><name>Radar</name><description>Fonte: OSM</description><Point><coordinates>-46.824829,-23.313520,0</coordinates></Point></Placemark>
<Placemark><name>Radar</name><description>Fonte: OSM</description><Point><coordinates>-46.824902,-23.313432,0</coordinates></Point></Placemark>
<Placemark><name>Radar</name><description>Fonte: DER-SP</description><Point><coordinates>-46.817793,-23.312602,0</coordinates></Point></Placemark>
<Placemark><name>Radar</name><description>Fonte: DER-SP</description><Point><coordinates>-46.577773,-23.311808,0</coordinates></Point></Placemark>
<Placemark><name>Radar</name><description>Fonte: DER-SP</description><Point><coordinates>-45.934019,-23.310652,0</coordinates></Point></Placemark>
<Placemark><name>Radar</name><description>Fonte: DER-SP</description><Point><coordinates>-45.941288,-23.309793,0</coordinates></Point></Placemark>
<Placemark><name>Radar 50 km/h</name><description>Fonte: OSM</description><Point><coordinates>-45.941370,-23.309596,0</coordinates></Point></Placemark>
<Placemark><name>Radar 50 km/h</name><description>Fonte: OSM</description><Point><coordinates>-45.941543,-23.309522,0</coordinates></Point></Placemark>
<Placemark><name>Radar 80 km/h</name><description>Fonte: OSM</description><Point><coordinates>-47.796568,-23.309499,0</coordinates></Point></Placemark>
<Placemark><name>Radar</name><description>Fonte: DER-SP · sentido 152° (sudeste)</description><Point><coordinates>-45.766220,-23.309320,0</coordinates></Point></Placemark>
<Placemark><name>Radar</name><description>Fonte: DER-SP · sentido 152° (sudeste)</description><Point><coordinates>-45.766340,-23.309150,0</coordinates></Point></Placemark>
<Placemark><name>Radar 80 km/h</name><description>Fonte: OSM</description><Point><coordinates>-45.766278,-23.309101,0</coordinates></Point></Placemark>
<Placemark><name>Radar 40 km/h</name><description>Fonte: OSM</description><Point><coordinates>-45.977404,-23.308995,0</coordinates></Point></Placemark>
<Placemark><name>Radar 40 km/h</name><description>Fonte: OSM</description><Point><coordinates>-45.977213,-23.308792,0</coordinates></Point></Placemark>
<Placemark><name>Radar 40 km/h</name><description>Fonte: OSM</description><Point><coordinates>-45.975302,-23.307388,0</coordinates></Point></Placemark>
<Placemark><name>Radar</name><description>Fonte: DER-SP</description><Point><coordinates>-46.568349,-23.306734,0</coordinates></Point></Placemark>
<Placemark><name>Radar 40 km/h</name><description>Fonte: OSM</description><Point><coordinates>-45.974207,-23.305295,0</coordinates></Point></Placemark>
<Placemark><name>Radar</name><description>Fonte: DER-SP · sentido 334° (noroeste)</description><Point><coordinates>-46.760477,-23.305250,0</coordinates></Point></Placemark>
<Placemark><name>Radar 40 km/h</name><description>Fonte: OSM</description><Point><coordinates>-45.974339,-23.304791,0</coordinates></Point></Placemark>
<Placemark><name>Radar 60 km/h</name><description>Fonte: OSM</description><Point><coordinates>-46.811113,-23.303650,0</coordinates></Point></Placemark>
<Placemark><name>Radar 60 km/h</name><description>Fonte: OSM</description><Point><coordinates>-46.811165,-23.303594,0</coordinates></Point></Placemark>
<Placemark><name>Radar</name><description>Fonte: DER-SP</description><Point><coordinates>-46.810768,-23.303061,0</coordinates></Point></Placemark>
<Placemark><name>Radar 40 km/h</name><description>Fonte: OSM</description><Point><coordinates>-45.958642,-23.301606,0</coordinates></Point></Placemark>
<Placemark><name>Radar</name><description>Fonte: DER-SP</description><Point><coordinates>-46.754953,-23.300632,0</coordinates></Point></Placemark>
<Placemark><name>Radar</name><description>Fonte: DER-SP</description><Point><coordinates>-47.146027,-23.299292,0</coordinates></Point></Placemark>
<Placemark><name>Radar</name><description>Fonte: DER-SP</description><Point><coordinates>-46.780137,-23.298417,0</coordinates></Point></Placemark>
<Placemark><name>Radar 40 km/h</name><description>Fonte: OSM</description><Point><coordinates>-46.737183,-23.296770,0</coordinates></Point></Placemark>
<Placemark><name>Radar 40 km/h</name><description>Fonte: OSM</description><Point><coordinates>-46.737246,-23.296687,0</coordinates></Point></Placemark>
<Placemark><name>Radar 40 km/h</name><description>Fonte: OSM</description><Point><coordinates>-47.696146,-23.293521,0</coordinates></Point></Placemark>
<Placemark><name>Radar</name><description>Fonte: DER-SP</description><Point><coordinates>-46.788015,-23.292105,0</coordinates></Point></Placemark>
<Placemark><name>Radar</name><description>Fonte: DER-SP</description><Point><coordinates>-45.518242,-23.292017,0</coordinates></Point></Placemark>
<Placemark><name>Radar 80 km/h</name><description>Fonte: ANTT · sentido 132° (sudeste)</description><Point><coordinates>-46.587920,-23.289138,0</coordinates></Point></Placemark>
<Placemark><name>Radar 80 km/h</name><description>Fonte: OSM</description><Point><coordinates>-46.587779,-23.288977,0</coordinates></Point></Placemark>
<Placemark><name>Radar</name><description>Fonte: DER-SP</description><Point><coordinates>-46.232340,-23.288568,0</coordinates></Point></Placemark>
<Placemark><name>Radar 80 km/h</name><description>Fonte: OSM</description><Point><coordinates>-47.528352,-23.287976,0</coordinates></Point></Placemark>
<Placemark><name>Radar 40 km/h</name><description>Fonte: OSM</description><Point><coordinates>-47.681469,-23.287915,0</coordinates></Point></Placemark>
<Placemark><name>Radar</name><description>Fonte: DER-SP</description><Point><coordinates>-47.528272,-23.287804,0</coordinates></Point></Placemark>
<Placemark><name>Radar</name><description>Fonte: OSM</description><Point><coordinates>-45.993608,-23.287528,0</coordinates></Point></Placemark>
<Placemark><name>Radar 110 km/h</name><description>Fonte: ANTT · sentido 55° (nordeste)</description><Point><coordinates>-45.993596,-23.287517,0</coordinates></Point></Placemark>
<Placemark><name>Radar 50 km/h</name><description>Fonte: OSM</description><Point><coordinates>-47.653413,-23.287422,0</coordinates></Point></Placemark>
<Placemark><name>Radar</name><description>Fonte: OSM</description><Point><coordinates>-45.993408,-23.287400,0</coordinates></Point></Placemark>
<Placemark><name>Radar 50 km/h</name><description>Fonte: OSM</description><Point><coordinates>-47.653338,-23.287333,0</coordinates></Point></Placemark>
<Placemark><name>Radar</name><description>Fonte: OSM</description><Point><coordinates>-47.644960,-23.287294,0</coordinates></Point></Placemark>
<Placemark><name>Radar 50 km/h</name><description>Fonte: OSM</description><Point><coordinates>-47.655421,-23.285723,0</coordinates></Point></Placemark>
<Placemark><name>Radar</name><description>Fonte: DER-SP · sentido 18° (norte)</description><Point><coordinates>-47.292122,-23.285457,0</coordinates></Point></Placemark>
<Placemark><name>Radar</name><description>Fonte: DER-SP · sentido 354° (norte)</description><Point><coordinates>-46.847783,-23.284465,0</coordinates></Point></Placemark>
<Placemark><name>Radar 120 km/h</name><description>Fonte: OSM</description><Point><coordinates>-46.847704,-23.284427,0</coordinates></Point></Placemark>
<Placemark><name>Radar</name><description>Fonte: DER-SP · sentido 354° (norte)</description><Point><coordinates>-46.847600,-23.284400,0</coordinates></Point></Placemark>
<Placemark><name>Radar</name><description>Fonte: DER-SP · sentido 53° (nordeste)</description><Point><coordinates>-45.860300,-23.283800,0</coordinates></Point></Placemark>
<Placemark><name>Radar</name><description>Fonte: DER-SP · sentido 92° (leste)</description><Point><coordinates>-47.792877,-23.283650,0</coordinates></Point></Placemark>
<Placemark><name>Radar</name><description>Fonte: OSM</description><Point><coordinates>-47.793017,-23.283644,0</coordinates></Point></Placemark>
<Placemark><name>Radar</name><description>Fonte: DER-SP · sentido 92° (leste)</description><Point><coordinates>-47.792940,-23.283630,0</coordinates></Point></Placemark>
<Placemark><name>Radar 40 km/h</name><description>Fonte: OSM</description><Point><coordinates>-47.659366,-23.283004,0</coordinates></Point></Placemark>
<Placemark><name>Radar</name><description>Fonte: DER-SP</description><Point><coordinates>-46.804794,-23.281952,0</coordinates></Point></Placemark>
<Placemark><name>Radar</name><description>Fonte: DER-SP</description><Point><coordinates>-46.239359,-23.279428,0</coordinates></Point></Placemark>
<Placemark><name>Radar 120 km/h</name><description>Fonte: OSM</description><Point><coordinates>-45.845148,-23.277939,0</coordinates></Point></Placemark>
<Placemark><name>Radar 120 km/h</name><description>Fonte: OSM</description><Point><coordinates>-45.852066,-23.277866,0</coordinates></Point></Placemark>
<Placemark><name>Radar 40 km/h</name><description>Fonte: OSM</description><Point><coordinates>-47.680312,-23.276769,0</coordinates></Point></Placemark>
<Placemark><name>Radar</name><description>Fonte: DER-SP</description><Point><coordinates>-47.695033,-23.276613,0</coordinates></Point></Placemark>
<Placemark><name>Radar 120 km/h</name><description>Fonte: OSM</description><Point><coordinates>-45.842294,-23.276145,0</coordinates></Point></Placemark>
<Placemark><name>Radar 110 km/h</name><description>Fonte: OSM</description><Point><coordinates>-45.973861,-23.274715,0</coordinates></Point></Placemark>
<Placemark><name>Radar</name><description>Fonte: DER-SP</description><Point><coordinates>-45.918488,-23.271290,0</coordinates></Point></Placemark>
<Placemark><name>Radar 60 km/h</name><description>Fonte: OSM</description><Point><coordinates>-47.681037,-23.270914,0</coordinates></Point></Placemark>
<Placemark><name>Radar 60 km/h</name><description>Fonte: OSM</description><Point><coordinates>-47.680824,-23.270772,0</coordinates></Point></Placemark>
<Placemark><name>Radar 110 km/h</name><description>Fonte: OSM</description><Point><coordinates>-45.966871,-23.270328,0</coordinates></Point></Placemark>
<Placemark><name>Radar</name><description>Fonte: DER-SP</description><Point><coordinates>-46.815521,-23.266741,0</coordinates></Point></Placemark>
<Placemark><name>Radar 110 km/h</name><description>Fonte: OSM</description><Point><coordinates>-45.961183,-23.266698,0</coordinates></Point></Placemark>
<Placemark><name>Radar 80 km/h</name><description>Fonte: OSM</description><Point><coordinates>-48.146285,-23.265753,0</coordinates></Point></Placemark>
<Placemark><name>Radar</name><description>Fonte: DER-SP</description><Point><coordinates>-48.146458,-23.265698,0</coordinates></Point></Placemark>
<Placemark><name>Radar</name><description>Fonte: DER-SP</description><Point><coordinates>-46.797535,-23.265697,0</coordinates></Point></Placemark>
<Placemark><name>Radar</name><description>Fonte: DER-SP</description><Point><coordinates>-45.929483,-23.265647,0</coordinates></Point></Placemark>
<Placemark><name>Radar</name><description>Fonte: OSM</description><Point><coordinates>-45.950195,-23.264090,0</coordinates></Point></Placemark>
<Placemark><name>Radar</name><description>Fonte: DER-SP</description><Point><coordinates>-47.931602,-23.261252,0</coordinates></Point></Placemark>
<Placemark><name>Radar</name><description>Fonte: DER-SP</description><Point><coordinates>-48.138325,-23.259587,0</coordinates></Point></Placemark>
<Placemark><name>Radar 80 km/h</name><description>Fonte: OSM</description><Point><coordinates>-48.137645,-23.258807,0</coordinates></Point></Placemark>
<Placemark><name>Radar</name><description>Fonte: DER-SP · sentido 92° (leste)</description><Point><coordinates>-47.168477,-23.257892,0</coordinates></Point></Placemark>
<Placemark><name>Radar</name><description>Fonte: DER-SP · sentido 266° (oeste)</description><Point><coordinates>-47.166997,-23.257788,0</coordinates></Point></Placemark>
<Placemark><name>Radar 100 km/h</name><description>Fonte: OSM</description><Point><coordinates>-46.089261,-23.256581,0</coordinates></Point></Placemark>
<Placemark><name>Radar</name><description>Fonte: DER-SP · sentido 222° (sudoeste)</description><Point><coordinates>-46.089198,-23.256455,0</coordinates></Point></Placemark>
<Placemark><name>Radar</name><description>Fonte: DER-SP · sentido 233° (sudoeste)</description><Point><coordinates>-48.991900,-23.255900,0</coordinates></Point></Placemark>
<Placemark><name>Radar</name><description>Fonte: DER-SP</description><Point><coordinates>-47.348611,-23.254167,0</coordinates></Point></Placemark>
<Placemark><name>Radar</name><description>Fonte: DER-SP</description><Point><coordinates>-45.296310,-23.253742,0</coordinates></Point></Placemark>
<Placemark><name>Radar 80 km/h</name><description>Fonte: OSM</description><Point><coordinates>-45.938697,-23.252112,0</coordinates></Point></Placemark>
<Placemark><name>Radar 80 km/h</name><description>Fonte: OSM</description><Point><coordinates>-45.938377,-23.252101,0</coordinates></Point></Placemark>
<Placemark><name>Radar 80 km/h</name><description>Fonte: OSM</description><Point><coordinates>-47.366239,-23.250076,0</coordinates></Point></Placemark>
<Placemark><name>Radar</name><description>Fonte: DER-SP · sentido 319° (noroeste)</description><Point><coordinates>-47.366300,-23.250023,0</coordinates></Point></Placemark>
<Placemark><name>Radar 110 km/h</name><description>Fonte: OSM</description><Point><coordinates>-46.106980,-23.249671,0</coordinates></Point></Placemark>
<Placemark><name>Radar</name><description>Fonte: DER-SP · sentido 130° (sudeste)</description><Point><coordinates>-46.107193,-23.249475,0</coordinates></Point></Placemark>
<Placemark><name>Radar</name><description>Fonte: DER-SP · sentido 282° (oeste)</description><Point><coordinates>-47.222282,-23.249315,0</coordinates></Point></Placemark>
<Placemark><name>Radar 80 km/h</name><description>Fonte: OSM</description><Point><coordinates>-47.367265,-23.249180,0</coordinates></Point></Placemark>
<Placemark><name>Radar</name><description>Fonte: DER-SP · sentido 269° (oeste)</description><Point><coordinates>-47.223253,-23.249124,0</coordinates></Point></Placemark>
<Placemark><name>Radar</name><description>Fonte: DER-SP · sentido 142° (sudeste)</description><Point><coordinates>-47.367298,-23.249116,0</coordinates></Point></Placemark>
<Placemark><name>Radar</name><description>Fonte: DER-SP</description><Point><coordinates>-46.790209,-23.248484,0</coordinates></Point></Placemark>
<Placemark><name>Radar 80 km/h</name><description>Fonte: OSM</description><Point><coordinates>-46.790231,-23.248411,0</coordinates></Point></Placemark>
<Placemark><name>Radar 40 km/h</name><description>Fonte: OSM</description><Point><coordinates>-47.306393,-23.247716,0</coordinates></Point></Placemark>
<Placemark><name>Radar 40 km/h</name><description>Fonte: OSM</description><Point><coordinates>-47.306731,-23.246724,0</coordinates></Point></Placemark>
<Placemark><name>Radar 50 km/h</name><description>Fonte: OSM</description><Point><coordinates>-45.907327,-23.244709,0</coordinates></Point></Placemark>
<Placemark><name>Radar</name><description>Fonte: DER-SP · sentido 1° (norte)</description><Point><coordinates>-47.306940,-23.244030,0</coordinates></Point></Placemark>
<Placemark><name>Radar</name><description>Fonte: DER-SP</description><Point><coordinates>-46.827718,-23.242355,0</coordinates></Point></Placemark>
<Placemark><name>Radar</name><description>Fonte: DER-SP · sentido 187° (sul)</description><Point><coordinates>-47.306236,-23.239444,0</coordinates></Point></Placemark>
<Placemark><name>Radar</name><description>Fonte: DER-SP</description><Point><coordinates>-49.426540,-23.238910,0</coordinates></Point></Placemark>
<Placemark><name>Radar 100 km/h</name><description>Fonte: OSM</description><Point><coordinates>-45.919475,-23.238019,0</coordinates></Point></Placemark>
<Placemark><name>Radar 100 km/h</name><description>Fonte: OSM</description><Point><coordinates>-45.919601,-23.237903,0</coordinates></Point></Placemark>
<Placemark><name>Radar</name><description>Fonte: OSM</description><Point><coordinates>-46.124888,-23.237070,0</coordinates></Point></Placemark>
<Placemark><name>Radar 50 km/h</name><description>Fonte: OSM</description><Point><coordinates>-45.884674,-23.235357,0</coordinates></Point></Placemark>
<Placemark><name>Radar 50 km/h</name><description>Fonte: OSM</description><Point><coordinates>-45.918785,-23.232157,0</coordinates></Point></Placemark>
<Placemark><name>Radar 50 km/h</name><description>Fonte: OSM</description><Point><coordinates>-47.518683,-23.229833,0</coordinates></Point></Placemark>
<Placemark><name>Radar</name><description>Fonte: DER-SP</description><Point><coordinates>-45.313562,-23.228702,0</coordinates></Point></Placemark>
<Placemark><name>Radar 70 km/h</name><description>Fonte: OSM</description><Point><coordinates>-45.909990,-23.228614,0</coordinates></Point></Placemark>
<Placemark><name>Radar 110 km/h</name><description>Fonte: ANTT</description><Point><coordinates>-45.727756,-23.228595,0</coordinates></Point></Placemark>
<Placemark><name>Radar</name><description>Fonte: OSM</description><Point><coordinates>-45.871930,-23.228529,0</coordinates></Point></Placemark>
<Placemark><name>Radar</name><description>Fonte: DER-SP</description><Point><coordinates>-46.407335,-23.227856,0</coordinates></Point></Placemark>
<Placemark><name>Radar 50 km/h</name><description>Fonte: OSM</description><Point><coordinates>-47.518928,-23.227812,0</coordinates></Point></Placemark>
<Placemark><name>Radar 40 km/h</name><description>Fonte: OSM</description><Point><coordinates>-45.313727,-23.225307,0</coordinates></Point></Placemark>
<Placemark><name>Radar 70 km/h</name><description>Fonte: OSM</description><Point><coordinates>-45.902207,-23.222384,0</coordinates></Point></Placemark>
<Placemark><name>Radar 60 km/h</name><description>Fonte: OSM</description><Point><coordinates>-45.911149,-23.221471,0</coordinates></Point></Placemark>
<Placemark><name>Radar 100 km/h</name><description>Fonte: OSM</description><Point><coordinates>-46.879062,-23.221374,0</coordinates></Point></Placemark>
<Placemark><name>Radar</name><description>Fonte: DER-SP · sentido 317° (noroeste)</description><Point><coordinates>-46.879051,-23.221335,0</coordinates></Point></Placemark>
<Placemark><name>Radar 60 km/h</name><description>Fonte: OSM</description><Point><coordinates>-45.911207,-23.221319,0</coordinates></Point></Placemark>
<Placemark><name>Radar</name><description>Fonte: DER-SP · sentido 142° (sudeste)</description><Point><coordinates>-46.880242,-23.220713,0</coordinates></Point></Placemark>
<Placemark><name>Radar</name><description>Fonte: OSM</description><Point><coordinates>-47.303735,-23.219820,0</coordinates></Point></Placemark>
<Placemark><name>Radar</name><description>Fonte: DER-SP</description><Point><coordinates>-49.249720,-23.219780,0</coordinates></Point></Placemark>
<Placemark><name>Radar</name><description>Fonte: DER-SP · sentido 141° (sudeste)</description><Point><coordinates>-46.881537,-23.218869,0</coordinates></Point></Placemark>
<Placemark><name>Radar</name><description>Fonte: DER-SP</description><Point><coordinates>-46.165982,-23.214226,0</coordinates></Point></Placemark>
<Placemark><name>Radar</name><description>Fonte: DER-SP · sentido 22° (norte)</description><Point><coordinates>-47.296624,-23.213100,0</coordinates></Point></Placemark>
<Placemark><name>Radar</name><description>Fonte: DER-SP</description><Point><coordinates>-48.070734,-23.212366,0</coordinates></Point></Placemark>
<Placemark><name>Radar</name><description>Fonte: DER-SP</description><Point><coordinates>-49.372940,-23.211420,0</coordinates></Point></Placemark>
<Placemark><name>Radar 100 km/h</name><description>Fonte: OSM</description><Point><coordinates>-45.887484,-23.208305,0</coordinates></Point></Placemark>
<Placemark><name>Radar 100 km/h</name><description>Fonte: OSM</description><Point><coordinates>-45.887550,-23.208217,0</coordinates></Point></Placemark>
<Placemark><name>Radar 100 km/h</name><description>Fonte: OSM</description><Point><coordinates>-45.887650,-23.208122,0</coordinates></Point></Placemark>
<Placemark><name>Radar</name><description>Fonte: OSM</description><Point><coordinates>-45.908118,-23.207933,0</coordinates></Point></Placemark>
<Placemark><name>Radar</name><description>Fonte: DER-SP</description><Point><coordinates>-45.422963,-23.207826,0</coordinates></Point></Placemark>
<Placemark><name>Radar</name><description>Fonte: OSM</description><Point><coordinates>-45.423040,-23.207798,0</coordinates></Point></Placemark>
<Placemark><name>Radar</name><description>Fonte: OSM</description><Point><coordinates>-45.422621,-23.207710,0</coordinates></Point></Placemark>
<Placemark><name>Radar 50 km/h</name><description>Fonte: OSM</description><Point><coordinates>-45.904992,-23.206541,0</coordinates></Point></Placemark>
<Placemark><name>Radar 110 km/h</name><description>Fonte: ANTT</description><Point><coordinates>-45.882728,-23.203690,0</coordinates></Point></Placemark>
<Placemark><name>Radar 50 km/h</name><description>Fonte: OSM</description><Point><coordinates>-45.904512,-23.203606,0</coordinates></Point></Placemark>
<Placemark><name>Radar</name><description>Fonte: DER-SP · sentido 309° (noroeste)</description><Point><coordinates>-48.209332,-23.203588,0</coordinates></Point></Placemark>
<Placemark><name>Radar</name><description>Fonte: OSM</description><Point><coordinates>-48.209249,-23.203531,0</coordinates></Point></Placemark>
<Placemark><name>Radar</name><description>Fonte: DER-SP · sentido 309° (noroeste)</description><Point><coordinates>-48.209400,-23.203500,0</coordinates></Point></Placemark>
<Placemark><name>Radar</name><description>Fonte: DER-SP</description><Point><coordinates>-46.796708,-23.199457,0</coordinates></Point></Placemark>
<Placemark><name>Radar</name><description>Fonte: OSM</description><Point><coordinates>-45.436114,-23.199294,0</coordinates></Point></Placemark>
<Placemark><name>Radar</name><description>Fonte: DER-SP</description><Point><coordinates>-45.436418,-23.199108,0</coordinates></Point></Placemark>
<Placemark><name>Radar</name><description>Fonte: OSM</description><Point><coordinates>-45.436548,-23.199043,0</coordinates></Point></Placemark>
<Placemark><name>Radar</name><description>Fonte: OSM</description><Point><coordinates>-46.183996,-23.197184,0</coordinates></Point></Placemark>
<Placemark><name>Radar</name><description>Fonte: DER-SP</description><Point><coordinates>-45.467952,-23.196315,0</coordinates></Point></Placemark>
<Placemark><name>Radar 50 km/h</name><description>Fonte: OSM</description><Point><coordinates>-46.886219,-23.195283,0</coordinates></Point></Placemark>
<Placemark><name>Radar</name><description>Fonte: OSM</description><Point><coordinates>-47.532369,-23.194728,0</coordinates></Point></Placemark>
<Placemark><name>Radar 50 km/h</name><description>Fonte: OSM</description><Point><coordinates>-45.885498,-23.194111,0</coordinates></Point></Placemark>
<Placemark><name>Radar</name><description>Fonte: OSM</description><Point><coordinates>-45.885594,-23.194087,0</coordinates></Point></Placemark>
<Placemark><name>Radar 120 km/h</name><description>Fonte: OSM</description><Point><coordinates>-48.235728,-23.194019,0</coordinates></Point></Placemark>
<Placemark><name>Radar</name><description>Fonte: DER-SP · sentido 94° (leste)</description><Point><coordinates>-48.235800,-23.193900,0</coordinates></Point></Placemark>
<Placemark><name>Radar</name><description>Fonte: DER-SP · sentido 94° (leste)</description><Point><coordinates>-48.235869,-23.193875,0</coordinates></Point></Placemark>
<Placemark><name>Radar</name><description>Fonte: DER-SP · sentido 229° (sudoeste)</description><Point><coordinates>-46.989221,-23.190973,0</coordinates></Point></Placemark>
<Placemark><name>Radar</name><description>Fonte: OSM</description><Point><coordinates>-46.932452,-23.187935,0</coordinates></Point></Placemark>
<Placemark><name>Radar</name><description>Fonte: OSM</description><Point><coordinates>-46.932464,-23.187897,0</coordinates></Point></Placemark>
<Placemark><name>Radar 30 km/h</name><description>Fonte: OSM</description><Point><coordinates>-47.523517,-23.187038,0</coordinates></Point></Placemark>
<Placemark><name>Radar</name><description>Fonte: OSM</description><Point><coordinates>-45.882475,-23.186485,0</coordinates></Point></Placemark>
<Placemark><name>Radar 110 km/h</name><description>Fonte: OSM</description><Point><coordinates>-45.840094,-23.179606,0</coordinates></Point></Placemark>
<Placemark><name>Radar</name><description>Fonte: DER-SP · sentido 272° (oeste)</description><Point><coordinates>-47.290570,-23.179530,0</coordinates></Point></Placemark>
<Placemark><name>Radar 110 km/h</name><description>Fonte: OSM</description><Point><coordinates>-45.839451,-23.179142,0</coordinates></Point></Placemark>
<Placemark><name>Radar 110 km/h</name><description>Fonte: OSM</description><Point><coordinates>-46.317344,-23.178622,0</coordinates></Point></Placemark>
<Placemark><name>Radar</name><description>Fonte: DER-SP · sentido 261° (oeste)</description><Point><coordinates>-46.317455,-23.178573,0</coordinates></Point></Placemark>
<Placemark><name>Radar</name><description>Fonte: DER-SP · sentido 110° (leste)</description><Point><coordinates>-46.977899,-23.177947,0</coordinates></Point></Placemark>
<Placemark><name>Radar</name><description>Fonte: OSM</description><Point><coordinates>-47.287318,-23.177941,0</coordinates></Point></Placemark>
<Placemark><name>Radar</name><description>Fonte: DER-SP · sentido 289° (oeste)</description><Point><coordinates>-46.978145,-23.177903,0</coordinates></Point></Placemark>
<Placemark><name>Radar</name><description>Fonte: DER-SP</description><Point><coordinates>-45.286375,-23.177871,0</coordinates></Point></Placemark>
<Placemark><name>Radar</name><description>Fonte: DER-SP · sentido 309° (noroeste)</description><Point><coordinates>-46.915464,-23.177710,0</coordinates></Point></Placemark>
<Placemark><name>Radar</name><description>Fonte: DER-SP</description><Point><coordinates>-46.774157,-23.175203,0</coordinates></Point></Placemark>
<Placemark><name>Radar</name><description>Fonte: OSM</description><Point><coordinates>-47.328812,-23.174544,0</coordinates></Point></Placemark>
<Placemark><name>Radar</name><description>Fonte: OSM</description><Point><coordinates>-45.828910,-23.173847,0</coordinates></Point></Placemark>
<Placemark><name>Radar</name><description>Fonte: OSM</description><Point><coordinates>-45.828901,-23.173843,0</coordinates></Point></Placemark>
<Placemark><name>Radar</name><description>Fonte: DER-SP</description><Point><coordinates>-49.384190,-23.173340,0</coordinates></Point></Placemark>
<Placemark><name>Radar 50 km/h</name><description>Fonte: OSM</description><Point><coordinates>-45.890859,-23.172701,0</coordinates></Point></Placemark>
<Placemark><name>Radar 60 km/h</name><description>Fonte: OSM</description><Point><coordinates>-46.993772,-23.172560,0</coordinates></Point></Placemark>
<Placemark><name>Radar</name><description>Fonte: DER-SP · sentido 110° (leste)</description><Point><coordinates>-46.994459,-23.172299,0</coordinates></Point></Placemark>
<Placemark><name>Radar 110 km/h</name><description>Fonte: ANTT</description><Point><coordinates>-45.593561,-23.171436,0</coordinates></Point></Placemark>
<Placemark><name>Radar</name><description>Fonte: OSM</description><Point><coordinates>-46.436470,-23.170386,0</coordinates></Point></Placemark>
<Placemark><name>Radar 50 km/h</name><description>Fonte: OSM</description><Point><coordinates>-47.269452,-23.169897,0</coordinates></Point></Placemark>
<Placemark><name>Radar</name><description>Fonte: DER-SP · sentido 230° (sudoeste)</description><Point><coordinates>-46.241610,-23.169332,0</coordinates></Point></Placemark>
<Placemark><name>Radar 100 km/h</name><description>Fonte: OSM</description><Point><coordinates>-46.241507,-23.169317,0</coordinates></Point></Placemark>
<Placemark><name>Radar 50 km/h</name><description>Fonte: OSM</description><Point><coordinates>-45.892663,-23.166077,0</coordinates></Point></Placemark>
<Placemark><name>Radar 50 km/h</name><description>Fonte: OSM</description><Point><coordinates>-45.894280,-23.164546,0</coordinates></Point></Placemark>
<Placemark><name>Radar 60 km/h</name><description>Fonte: OSM</description><Point><coordinates>-47.016667,-23.162723,0</coordinates></Point></Placemark>
<Placemark><name>Radar</name><description>Fonte: DER-SP · sentido 283° (oeste)</description><Point><coordinates>-47.017285,-23.162577,0</coordinates></Point></Placemark>
<Placemark><name>Radar 120 km/h</name><description>Fonte: OSM</description><Point><coordinates>-46.947406,-23.162548,0</coordinates></Point></Placemark>
<Placemark><name>Radar</name><description>Fonte: DER-SP</description><Point><coordinates>-46.946300,-23.161900,0</coordinates></Point></Placemark>
<Placemark><name>Radar</name><description>Fonte: DER-SP</description><Point><coordinates>-46.949400,-23.161630,0</coordinates></Point></Placemark>
<Placemark><name>Radar</name><description>Fonte: OSM</description><Point><coordinates>-45.894090,-23.159644,0</coordinates></Point></Placemark>
<Placemark><name>Radar 60 km/h</name><description>Fonte: OSM</description><Point><coordinates>-47.038664,-23.157673,0</coordinates></Point></Placemark>
<Placemark><name>Radar 60 km/h</name><description>Fonte: OSM</description><Point><coordinates>-47.044907,-23.155834,0</coordinates></Point></Placemark>
<Placemark><name>Radar</name><description>Fonte: DER-SP</description><Point><coordinates>-47.044983,-23.155803,0</coordinates></Point></Placemark>
<Placemark><name>Radar 60 km/h</name><description>Fonte: OSM</description><Point><coordinates>-47.045074,-23.155698,0</coordinates></Point></Placemark>
<Placemark><name>Radar 60 km/h</name><description>Fonte: OSM</description><Point><coordinates>-45.791592,-23.155683,0</coordinates></Point></Placemark>
<Placemark><name>Radar</name><description>Fonte: OSM</description><Point><coordinates>-45.791737,-23.155334,0</coordinates></Point></Placemark>
<Placemark><name>Radar</name><description>Fonte: OSM</description><Point><coordinates>-45.791623,-23.155277,0</coordinates></Point></Placemark>
<Placemark><name>Radar 100 km/h</name><description>Fonte: OSM</description><Point><coordinates>-45.791455,-23.155194,0</coordinates></Point></Placemark>
<Placemark><name>Radar 110 km/h</name><description>Fonte: OSM</description><Point><coordinates>-45.791501,-23.155111,0</coordinates></Point></Placemark>
<Placemark><name>Radar</name><description>Fonte: DER-SP</description><Point><coordinates>-46.957500,-23.154100,0</coordinates></Point></Placemark>
<Placemark><name>Radar</name><description>Fonte: DER-SP · sentido 140° (sudeste)</description><Point><coordinates>-46.956820,-23.153980,0</coordinates></Point></Placemark>
<Placemark><name>Radar</name><description>Fonte: DER-SP · sentido 77° (leste)</description><Point><coordinates>-46.880071,-23.153959,0</coordinates></Point></Placemark>
<Placemark><name>Radar</name><description>Fonte: DER-SP · sentido 36° (nordeste)</description><Point><coordinates>-47.257397,-23.153737,0</coordinates></Point></Placemark>
<Placemark><name>Radar</name><description>Fonte: OSM</description><Point><coordinates>-46.957275,-23.153701,0</coordinates></Point></Placemark>
<Placemark><name>Radar</name><description>Fonte: OSM</description><Point><coordinates>-47.319212,-23.152395,0</coordinates></Point></Placemark>
<Placemark><name>Radar 30 km/h</name><description>Fonte: OSM</description><Point><coordinates>-46.933316,-23.150193,0</coordinates></Point></Placemark>
<Placemark><name>Radar 30 km/h</name><description>Fonte: OSM</description><Point><coordinates>-46.930928,-23.149518,0</coordinates></Point></Placemark>
<Placemark><name>Radar</name><description>Fonte: DER-SP · sentido 217° (sudoeste)</description><Point><coordinates>-47.253388,-23.148332,0</coordinates></Point></Placemark>
<Placemark><name>Radar 120 km/h</name><description>Fonte: OSM</description><Point><coordinates>-48.415708,-23.143377,0</coordinates></Point></Placemark>
<Placemark><name>Radar</name><description>Fonte: DER-SP · sentido 28° (nordeste)</description><Point><coordinates>-47.733169,-23.141246,0</coordinates></Point></Placemark>
<Placemark><name>Radar</name><description>Fonte: DER-SP · sentido 28° (nordeste)</description><Point><coordinates>-47.732922,-23.141172,0</coordinates></Point></Placemark>
<Placemark><name>Radar 120 km/h</name><description>Fonte: OSM</description><Point><coordinates>-48.440567,-23.138648,0</coordinates></Point></Placemark>
<Placemark><name>Radar</name><description>Fonte: DER-SP · sentido 104° (leste)</description><Point><coordinates>-48.440400,-23.138600,0</coordinates></Point></Placemark>
<Placemark><name>Radar</name><description>Fonte: DER-SP · sentido 142° (sudeste)</description><Point><coordinates>-47.357601,-23.138580,0</coordinates></Point></Placemark>
<Placemark><name>Radar</name><description>Fonte: DER-SP</description><Point><coordinates>-46.741095,-23.138190,0</coordinates></Point></Placemark>
<Placemark><name>Radar</name><description>Fonte: DER-SP · sentido 166° (sul)</description><Point><coordinates>-46.922340,-23.134110,0</coordinates></Point></Placemark>
<Placemark><name>Radar</name><description>Fonte: DER-SP · sentido 0° (norte)</description><Point><coordinates>-46.922269,-23.133893,0</coordinates></Point></Placemark>
<Placemark><name>Radar</name><description>Fonte: DER-SP</description><Point><coordinates>-45.908759,-23.133772,0</coordinates></Point></Placemark>
<Placemark><name>Radar 50 km/h</name><description>Fonte: OSM</description><Point><coordinates>-45.908805,-23.133679,0</coordinates></Point></Placemark>
<Placemark><name>Radar 50 km/h</name><description>Fonte: OSM</description><Point><coordinates>-45.908720,-23.133668,0</coordinates></Point></Placemark>
<Placemark><name>Radar 40 km/h</name><description>Fonte: OSM</description><Point><coordinates>-45.752106,-23.127122,0</coordinates></Point></Placemark>
<Placemark><name>Radar 110 km/h</name><description>Fonte: OSM</description><Point><coordinates>-45.728090,-23.123076,0</coordinates></Point></Placemark>
<Placemark><name>Radar 110 km/h</name><description>Fonte: OSM</description><Point><coordinates>-45.727769,-23.123042,0</coordinates></Point></Placemark>
<Placemark><name>Radar 110 km/h</name><description>Fonte: ANTT · sentido 241° (sudoeste)</description><Point><coordinates>-45.727756,-23.122859,0</coordinates></Point></Placemark>
<Placemark><name>Radar 110 km/h</name><description>Fonte: ANTT · sentido 61° (nordeste)</description><Point><coordinates>-45.727244,-23.122675,0</coordinates></Point></Placemark>
<Placemark><name>Radar 110 km/h</name><description>Fonte: ANTT · sentido 241° (sudoeste)</description><Point><coordinates>-45.727277,-23.122603,0</coordinates></Point></Placemark>
<Placemark><name>Radar</name><description>Fonte: OSM</description><Point><coordinates>-47.228035,-23.118943,0</coordinates></Point></Placemark>
<Placemark><name>Radar</name><description>Fonte: DER-SP · sentido 286° (oeste)</description><Point><coordinates>-47.723675,-23.117678,0</coordinates></Point></Placemark>
<Placemark><name>Radar 60 km/h</name><description>Fonte: OSM</description><Point><coordinates>-47.731604,-23.117330,0</coordinates></Point></Placemark>
<Placemark><name>Radar</name><description>Fonte: DER-SP · sentido 111° (leste)</description><Point><coordinates>-47.732162,-23.117205,0</coordinates></Point></Placemark>
<Placemark><name>Radar 40 km/h</name><description>Fonte: OSM</description><Point><coordinates>-46.571876,-23.117148,0</coordinates></Point></Placemark>
<Placemark><name>Radar 40 km/h</name><description>Fonte: OSM</description><Point><coordinates>-46.571939,-23.116659,0</coordinates></Point></Placemark>
<Placemark><name>Radar</name><description>Fonte: DER-SP · sentido 49° (nordeste)</description><Point><coordinates>-47.214436,-23.115446,0</coordinates></Point></Placemark>
<Placemark><name>Radar</name><description>Fonte: DER-SP</description><Point><coordinates>-46.942100,-23.111400,0</coordinates></Point></Placemark>
<Placemark><name>Radar</name><description>Fonte: DER-SP · sentido 229° (sudoeste)</description><Point><coordinates>-47.209285,-23.111155,0</coordinates></Point></Placemark>
<Placemark><name>Radar 40 km/h</name><description>Fonte: OSM</description><Point><coordinates>-47.230078,-23.110331,0</coordinates></Point></Placemark>
<Placemark><name>Radar</name><description>Fonte: OSM</description><Point><coordinates>-45.644562,-23.110278,0</coordinates></Point></Placemark>
<Placemark><name>Radar 60 km/h</name><description>Fonte: OSM</description><Point><coordinates>-46.469308,-23.109265,0</coordinates></Point></Placemark>
<Placemark><name>Radar</name><description>Fonte: DER-SP</description><Point><coordinates>-46.469149,-23.109237,0</coordinates></Point></Placemark>
<Placemark><name>Radar 40 km/h</name><description>Fonte: OSM</description><Point><coordinates>-47.230820,-23.109075,0</coordinates></Point></Placemark>
<Placemark><name>Radar</name><description>Fonte: OSM</description><Point><coordinates>-45.524190,-23.108544,0</coordinates></Point></Placemark>
<Placemark><name>Radar</name><description>Fonte: DER-SP</description><Point><coordinates>-45.524709,-23.108282,0</coordinates></Point></Placemark>
<Placemark><name>Radar</name><description>Fonte: OSM</description><Point><coordinates>-45.524773,-23.108236,0</coordinates></Point></Placemark>
<Placemark><name>Radar 80 km/h</name><description>Fonte: OSM</description><Point><coordinates>-45.697681,-23.106645,0</coordinates></Point></Placemark>
<Placemark><name>Radar 80 km/h</name><description>Fonte: OSM</description><Point><coordinates>-45.697707,-23.106562,0</coordinates></Point></Placemark>
<Placemark><name>Radar</name><description>Fonte: OSM</description><Point><coordinates>-45.696427,-23.106247,0</coordinates></Point></Placemark>
<Placemark><name>Radar</name><description>Fonte: DER-SP</description><Point><coordinates>-47.764256,-23.105917,0</coordinates></Point></Placemark>
<Placemark><name>Radar</name><description>Fonte: OSM</description><Point><coordinates>-45.696587,-23.105791,0</coordinates></Point></Placemark>
<Placemark><name>Radar 60 km/h</name><description>Fonte: OSM</description><Point><coordinates>-47.764537,-23.105294,0</coordinates></Point></Placemark>
<Placemark><name>Radar</name><description>Fonte: DER-SP</description><Point><coordinates>-45.918249,-23.101290,0</coordinates></Point></Placemark>
<Placemark><name>Radar 50 km/h</name><description>Fonte: OSM</description><Point><coordinates>-45.918404,-23.100796,0</coordinates></Point></Placemark>
<Placemark><name>Radar</name><description>Fonte: OSM</description><Point><coordinates>-46.566229,-23.100144,0</coordinates></Point></Placemark>
<Placemark><name>Radar</name><description>Fonte: DER-SP</description><Point><coordinates>-46.449525,-23.099382,0</coordinates></Point></Placemark>
<Placemark><name>Radar</name><description>Fonte: DER-SP</description><Point><coordinates>-45.195188,-23.096598,0</coordinates></Point></Placemark>
<Placemark><name>Radar 50 km/h</name><description>Fonte: OSM</description><Point><coordinates>-45.920307,-23.096571,0</coordinates></Point></Placemark>
<Placemark><name>Radar 50 km/h</name><description>Fonte: OSM</description><Point><coordinates>-47.186860,-23.096236,0</coordinates></Point></Placemark>
<Placemark><name>Radar 50 km/h</name><description>Fonte: OSM</description><Point><coordinates>-47.186991,-23.096179,0</coordinates></Point></Placemark>
<Placemark><name>Radar 100 km/h</name><description>Fonte: OSM</description><Point><coordinates>-46.572489,-23.095564,0</coordinates></Point></Placemark>
<Placemark><name>Radar 40 km/h</name><description>Fonte: OSM</description><Point><coordinates>-47.225606,-23.095185,0</coordinates></Point></Placemark>
<Placemark><name>Radar 60 km/h</name><description>Fonte: OSM</description><Point><coordinates>-45.614131,-23.092963,0</coordinates></Point></Placemark>
<Placemark><name>Radar 60 km/h</name><description>Fonte: OSM</description><Point><coordinates>-47.228233,-23.092697,0</coordinates></Point></Placemark>
<Placemark><name>Radar</name><description>Fonte: DER-SP · sentido 245° (sudoeste)</description><Point><coordinates>-46.961028,-23.092678,0</coordinates></Point></Placemark>
<Placemark><name>Radar</name><description>Fonte: DER-SP · sentido 202° (sul)</description><Point><coordinates>-48.937600,-23.090700,0</coordinates></Point></Placemark>
<Placemark><name>Radar</name><description>Fonte: DER-SP · sentido 202° (sul)</description><Point><coordinates>-48.937519,-23.090647,0</coordinates></Point></Placemark>
<Placemark><name>Radar</name><description>Fonte: DER-SP · sentido 57° (nordeste)</description><Point><coordinates>-46.414109,-23.088437,0</coordinates></Point></Placemark>
<Placemark><name>Radar 40 km/h</name><description>Fonte: OSM</description><Point><coordinates>-46.413856,-23.088271,0</coordinates></Point></Placemark>
<Placemark><name>Radar</name><description>Fonte: DER-SP · sentido 237° (sudoeste)</description><Point><coordinates>-46.413866,-23.087971,0</coordinates></Point></Placemark>
<Placemark><name>Radar</name><description>Fonte: DER-SP · sentido 62° (nordeste)</description><Point><coordinates>-46.930729,-23.087832,0</coordinates></Point></Placemark>
<Placemark><name>Radar</name><description>Fonte: DER-SP · sentido 7° (norte)</description><Point><coordinates>-46.846901,-23.087782,0</coordinates></Point></Placemark>
<Placemark><name>Radar 60 km/h</name><description>Fonte: OSM</description><Point><coordinates>-46.930757,-23.087721,0</coordinates></Point></Placemark>
<Placemark><name>Radar</name><description>Fonte: OSM</description><Point><coordinates>-45.543181,-23.086967,0</coordinates></Point></Placemark>
<Placemark><name>Radar</name><description>Fonte: DER-SP</description><Point><coordinates>-45.543212,-23.086762,0</coordinates></Point></Placemark>
<Placemark><name>Radar 100 km/h</name><description>Fonte: OSM</description><Point><coordinates>-46.977421,-23.083418,0</coordinates></Point></Placemark>
<Placemark><name>Radar</name><description>Fonte: DER-SP · sentido 148° (sudeste)</description><Point><coordinates>-46.977433,-23.083340,0</coordinates></Point></Placemark>
<Placemark><name>Radar</name><description>Fonte: DER-SP</description><Point><coordinates>-48.606470,-23.082450,0</coordinates></Point></Placemark>
<Placemark><name>Radar 80 km/h</name><description>Fonte: OSM</description><Point><coordinates>-46.917520,-23.081244,0</coordinates></Point></Placemark>
<Placemark><name>Radar</name><description>Fonte: DER-SP · sentido 273° (oeste)</description><Point><coordinates>-46.917431,-23.081241,0</coordinates></Point></Placemark>
<Placemark><name>Radar</name><description>Fonte: DER-SP</description><Point><coordinates>-44.965362,-23.080147,0</coordinates></Point></Placemark>
<Placemark><name>Radar</name><description>Fonte: DER-SP</description><Point><coordinates>-46.701567,-23.079923,0</coordinates></Point></Placemark>
<Placemark><name>Radar 40 km/h</name><description>Fonte: OSM</description><Point><coordinates>-47.219913,-23.079522,0</coordinates></Point></Placemark>
<Placemark><name>Radar 60 km/h</name><description>Fonte: OSM</description><Point><coordinates>-47.219649,-23.078547,0</coordinates></Point></Placemark>
<Placemark><name>Radar</name><description>Fonte: OSM</description><Point><coordinates>-47.234775,-23.074302,0</coordinates></Point></Placemark>
<Placemark><name>Radar</name><description>Fonte: DER-SP · sentido 326° (noroeste)</description><Point><coordinates>-47.812800,-23.071220,0</coordinates></Point></Placemark>
<Placemark><name>Radar 80 km/h</name><description>Fonte: OSM</description><Point><coordinates>-47.812690,-23.071195,0</coordinates></Point></Placemark>
<Placemark><name>Radar</name><description>Fonte: DER-SP · sentido 322° (noroeste)</description><Point><coordinates>-47.813065,-23.070971,0</coordinates></Point></Placemark>
<Placemark><name>Radar</name><description>Fonte: DER-SP</description><Point><coordinates>-45.662979,-23.070769,0</coordinates></Point></Placemark>
<Placemark><name>Radar 40 km/h</name><description>Fonte: OSM</description><Point><coordinates>-46.375262,-23.066230,0</coordinates></Point></Placemark>
<Placemark><name>Radar</name><description>Fonte: DER-SP</description><Point><coordinates>-46.375232,-23.066062,0</coordinates></Point></Placemark>
<Placemark><name>Radar 110 km/h</name><description>Fonte: OSM</description><Point><coordinates>-45.631830,-23.065166,0</coordinates></Point></Placemark>
<Placemark><name>Radar 110 km/h</name><description>Fonte: OSM</description><Point><coordinates>-45.631884,-23.065096,0</coordinates></Point></Placemark>
<Placemark><name>Radar</name><description>Fonte: DER-SP</description><Point><coordinates>-46.902498,-23.062931,0</coordinates></Point></Placemark>
<Placemark><name>Radar</name><description>Fonte: DER-SP</description><Point><coordinates>-46.950477,-23.059753,0</coordinates></Point></Placemark>
<Placemark><name>Radar</name><description>Fonte: DER-SP</description><Point><coordinates>-48.241552,-23.058383,0</coordinates></Point></Placemark>
<Placemark><name>Radar</name><description>Fonte: DER-SP</description><Point><coordinates>-49.620980,-23.057960,0</coordinates></Point></Placemark>
<Placemark><name>Radar 40 km/h</name><description>Fonte: OSM</description><Point><coordinates>-49.621001,-23.057804,0</coordinates></Point></Placemark>
<Placemark><name>Radar 60 km/h</name><description>Fonte: OSM</description><Point><coordinates>-45.558295,-23.056933,0</coordinates></Point></Placemark>
<Placemark><name>Radar 60 km/h</name><description>Fonte: OSM</description><Point><coordinates>-45.558177,-23.056811,0</coordinates></Point></Placemark>
<Placemark><name>Radar 110 km/h</name><description>Fonte: OSM</description><Point><coordinates>-45.610744,-23.054516,0</coordinates></Point></Placemark>
<Placemark><name>Radar 110 km/h</name><description>Fonte: ANTT · sentido 242° (sudoeste)</description><Point><coordinates>-45.610683,-23.054514,0</coordinates></Point></Placemark>
<Placemark><name>Radar</name><description>Fonte: OSM</description><Point><coordinates>-45.606043,-23.052733,0</coordinates></Point></Placemark>
<Placemark><name>Radar</name><description>Fonte: DER-SP</description><Point><coordinates>-47.077320,-23.050620,0</coordinates></Point></Placemark>
<Placemark><name>Radar 110 km/h</name><description>Fonte: OSM</description><Point><coordinates>-47.141751,-23.050366,0</coordinates></Point></Placemark>
<Placemark><name>Radar</name><description>Fonte: DER-SP · sentido 259° (oeste)</description><Point><coordinates>-46.876157,-23.050003,0</coordinates></Point></Placemark>
<Placemark><name>Radar</name><description>Fonte: DER-SP</description><Point><coordinates>-49.144760,-23.049140,0</coordinates></Point></Placemark>
<Placemark><name>Radar</name><description>Fonte: DER-SP</description><Point><coordinates>-49.623570,-23.048400,0</coordinates></Point></Placemark>
<Placemark><name>Radar 60 km/h</name><description>Fonte: OSM</description><Point><coordinates>-49.701878,-23.048150,0</coordinates></Point></Placemark>
<Placemark><name>Radar</name><description>Fonte: DER-SP</description><Point><coordinates>-45.626563,-23.047315,0</coordinates></Point></Placemark>
<Placemark><name>Radar 100 km/h</name><description>Fonte: OSM</description><Point><coordinates>-45.626871,-23.047007,0</coordinates></Point></Placemark>
<Placemark><name>Radar 100 km/h</name><description>Fonte: OSM</description><Point><coordinates>-45.626754,-23.046918,0</coordinates></Point></Placemark>
<Placemark><name>Radar</name><description>Fonte: DER-SP · sentido 182° (sul)</description><Point><coordinates>-46.985013,-23.046601,0</coordinates></Point></Placemark>
<Placemark><name>Radar 60 km/h</name><description>Fonte: OSM</description><Point><coordinates>-47.847036,-23.044128,0</coordinates></Point></Placemark>
<Placemark><name>Radar 60 km/h</name><description>Fonte: OSM</description><Point><coordinates>-45.582292,-23.043767,0</coordinates></Point></Placemark>
<Placemark><name>Radar 120 km/h</name><description>Fonte: OSM</description><Point><coordinates>-47.064673,-23.041348,0</coordinates></Point></Placemark>
<Placemark><name>Radar 110 km/h</name><description>Fonte: OSM</description><Point><coordinates>-47.064473,-23.041003,0</coordinates></Point></Placemark>
<Placemark><name>Radar 60 km/h</name><description>Fonte: OSM</description><Point><coordinates>-45.569870,-23.040850,0</coordinates></Point></Placemark>
<Placemark><name>Radar 40 km/h</name><description>Fonte: OSM</description><Point><coordinates>-46.984314,-23.040826,0</coordinates></Point></Placemark>
<Placemark><name>Radar</name><description>Fonte: OSM</description><Point><coordinates>-45.571987,-23.040294,0</coordinates></Point></Placemark>
<Placemark><name>Radar 40 km/h</name><description>Fonte: OSM</description><Point><coordinates>-46.984865,-23.039967,0</coordinates></Point></Placemark>
<Placemark><name>Radar 50 km/h</name><description>Fonte: OSM</description><Point><coordinates>-45.568975,-23.038388,0</coordinates></Point></Placemark>
<Placemark><name>Radar</name><description>Fonte: OSM</description><Point><coordinates>-45.582763,-23.038319,0</coordinates></Point></Placemark>
<Placemark><name>Radar 100 km/h</name><description>Fonte: OSM</description><Point><coordinates>-45.559683,-23.038296,0</coordinates></Point></Placemark>
<Placemark><name>Radar 50 km/h</name><description>Fonte: OSM</description><Point><coordinates>-46.970142,-23.038169,0</coordinates></Point></Placemark>
<Placemark><name>Radar 40 km/h</name><description>Fonte: OSM</description><Point><coordinates>-45.557214,-23.037903,0</coordinates></Point></Placemark>
<Placemark><name>Radar 50 km/h</name><description>Fonte: OSM</description><Point><coordinates>-46.970150,-23.037885,0</coordinates></Point></Placemark>
<Placemark><name>Radar</name><description>Fonte: DER-SP · sentido 99° (leste)</description><Point><coordinates>-46.687856,-23.037634,0</coordinates></Point></Placemark>
<Placemark><name>Radar</name><description>Fonte: OSM</description><Point><coordinates>-45.559244,-23.037469,0</coordinates></Point></Placemark>
<Placemark><name>Radar 40 km/h</name><description>Fonte: OSM</description><Point><coordinates>-46.976456,-23.037004,0</coordinates></Point></Placemark>
<Placemark><name>Radar 50 km/h</name><description>Fonte: OSM</description><Point><coordinates>-45.598958,-23.036760,0</coordinates></Point></Placemark>
<Placemark><name>Radar 40 km/h</name><description>Fonte: OSM</description><Point><coordinates>-46.976981,-23.036696,0</coordinates></Point></Placemark>
<Placemark><name>Radar 50 km/h</name><description>Fonte: OSM</description><Point><coordinates>-46.985980,-23.036269,0</coordinates></Point></Placemark>
<Placemark><name>Radar 40 km/h</name><description>Fonte: OSM</description><Point><coordinates>-46.975955,-23.036211,0</coordinates></Point></Placemark>
<Placemark><name>Radar</name><description>Fonte: OSM</description><Point><coordinates>-46.711889,-23.036094,0</coordinates></Point></Placemark>
<Placemark><name>Radar</name><description>Fonte: DER-SP · sentido 99° (leste)</description><Point><coordinates>-46.711425,-23.036073,0</coordinates></Point></Placemark>
<Placemark><name>Radar 50 km/h</name><description>Fonte: OSM</description><Point><coordinates>-46.986183,-23.035857,0</coordinates></Point></Placemark>
<Placemark><name>Radar</name><description>Fonte: OSM</description><Point><coordinates>-45.579392,-23.034622,0</coordinates></Point></Placemark>
<Placemark><name>Radar 60 km/h</name><description>Fonte: OSM</description><Point><coordinates>-46.979576,-23.033348,0</coordinates></Point></Placemark>
<Placemark><name>Radar 50 km/h</name><description>Fonte: OSM</description><Point><coordinates>-45.568565,-23.031576,0</coordinates></Point></Placemark>
<Placemark><name>Radar 50 km/h</name><description>Fonte: OSM</description><Point><coordinates>-45.593607,-23.030781,0</coordinates></Point></Placemark>
<Placemark><name>Radar 50 km/h</name><description>Fonte: OSM</description><Point><coordinates>-45.593523,-23.030754,0</coordinates></Point></Placemark>
<Placemark><name>Radar 40 km/h</name><description>Fonte: OSM</description><Point><coordinates>-46.968130,-23.030292,0</coordinates></Point></Placemark>
<Placemark><name>Radar 40 km/h</name><description>Fonte: OSM</description><Point><coordinates>-45.558344,-23.030129,0</coordinates></Point></Placemark>
<Placemark><name>Radar</name><description>Fonte: OSM</description><Point><coordinates>-45.575570,-23.028917,0</coordinates></Point></Placemark>
<Placemark><name>Radar 50 km/h</name><description>Fonte: OSM</description><Point><coordinates>-46.991238,-23.026975,0</coordinates></Point></Placemark>
<Placemark><name>Radar</name><description>Fonte: OSM</description><Point><coordinates>-45.568303,-23.026950,0</coordinates></Point></Placemark>
<Placemark><name>Radar</name><description>Fonte: DER-SP · sentido 93° (leste)</description><Point><coordinates>-47.994786,-23.026309,0</coordinates></Point></Placemark>
<Placemark><name>Radar</name><description>Fonte: OSM</description><Point><coordinates>-45.540895,-23.025447,0</coordinates></Point></Placemark>
<Placemark><name>Radar 50 km/h</name><description>Fonte: OSM</description><Point><coordinates>-45.517843,-23.025387,0</coordinates></Point></Placemark>
<Placemark><name>Radar 100 km/h</name><description>Fonte: ANTT · sentido 232° (sudoeste)</description><Point><coordinates>-45.540608,-23.025326,0</coordinates></Point></Placemark>
<Placemark><name>Radar 50 km/h</name><description>Fonte: OSM</description><Point><coordinates>-45.564078,-23.025108,0</coordinates></Point></Placemark>
<Placemark><name>Radar</name><description>Fonte: OSM</description><Point><coordinates>-45.563802,-23.024922,0</coordinates></Point></Placemark>
<Placemark><name>Radar 60 km/h</name><description>Fonte: OSM</description><Point><coordinates>-46.958886,-23.024860,0</coordinates></Point></Placemark>
<Placemark><name>Radar</name><description>Fonte: OSM</description><Point><coordinates>-45.565873,-23.024569,0</coordinates></Point></Placemark>
<Placemark><name>Radar</name><description>Fonte: OSM</description><Point><coordinates>-45.573587,-23.024528,0</coordinates></Point></Placemark>
<Placemark><name>Radar</name><description>Fonte: OSM</description><Point><coordinates>-45.573506,-23.024520,0</coordinates></Point></Placemark>
<Placemark><name>Radar 60 km/h</name><description>Fonte: OSM</description><Point><coordinates>-46.982464,-23.024396,0</coordinates></Point></Placemark>
<Placemark><name>Radar 120 km/h</name><description>Fonte: OSM</description><Point><coordinates>-48.663107,-23.024059,0</coordinates></Point></Placemark>
<Placemark><name>Radar 40 km/h</name><description>Fonte: OSM</description><Point><coordinates>-45.571344,-23.023471,0</coordinates></Point></Placemark>
<Placemark><name>Radar</name><description>Fonte: DER-SP</description><Point><coordinates>-48.663700,-23.023100,0</coordinates></Point></Placemark>
<Placemark><name>Radar</name><description>Fonte: OSM</description><Point><coordinates>-45.561743,-23.023052,0</coordinates></Point></Placemark>
<Placemark><name>Radar 40 km/h</name><description>Fonte: OSM</description><Point><coordinates>-45.571257,-23.023027,0</coordinates></Point></Placemark>
<Placemark><name>Radar 50 km/h</name><description>Fonte: OSM</description><Point><coordinates>-45.546644,-23.022331,0</coordinates></Point></Placemark>
<Placemark><name>Radar 50 km/h</name><description>Fonte: OSM</description><Point><coordinates>-45.542919,-23.022108,0</coordinates></Point></Placemark>
<Placemark><name>Radar</name><description>Fonte: OSM</description><Point><coordinates>-45.557167,-23.022067,0</coordinates></Point></Placemark>
<Placemark><name>Radar 50 km/h</name><description>Fonte: OSM</description><Point><coordinates>-45.554790,-23.022054,0</coordinates></Point></Placemark>
<Placemark><name>Radar 50 km/h</name><description>Fonte: OSM</description><Point><coordinates>-45.543032,-23.022026,0</coordinates></Point></Placemark>
<Placemark><name>Radar 50 km/h</name><description>Fonte: OSM</description><Point><coordinates>-47.000962,-23.020739,0</coordinates></Point></Placemark>
<Placemark><name>Radar</name><description>Fonte: OSM</description><Point><coordinates>-45.555296,-23.020038,0</coordinates></Point></Placemark>
<Placemark><name>Radar 50 km/h</name><description>Fonte: OSM</description><Point><coordinates>-45.552573,-23.019935,0</coordinates></Point></Placemark>
<Placemark><name>Radar</name><description>Fonte: OSM</description><Point><coordinates>-45.552596,-23.019312,0</coordinates></Point></Placemark>
<Placemark><name>Radar</name><description>Fonte: OSM</description><Point><coordinates>-45.529657,-23.016980,0</coordinates></Point></Placemark>
<Placemark><name>Radar 40 km/h</name><description>Fonte: OSM</description><Point><coordinates>-45.567310,-23.015604,0</coordinates></Point></Placemark>
<Placemark><name>Radar 50 km/h</name><description>Fonte: OSM</description><Point><coordinates>-45.550188,-23.014019,0</coordinates></Point></Placemark>
<Placemark><name>Radar</name><description>Fonte: OSM</description><Point><coordinates>-45.523783,-23.013937,0</coordinates></Point></Placemark>
<Placemark><name>Radar</name><description>Fonte: OSM</description><Point><coordinates>-45.641224,-23.013842,0</coordinates></Point></Placemark>
<Placemark><name>Radar 110 km/h</name><description>Fonte: OSM</description><Point><coordinates>-47.117420,-23.013472,0</coordinates></Point></Placemark>
<Placemark><name>Radar 100 km/h</name><description>Fonte: ANTT · sentido 52° (nordeste)</description><Point><coordinates>-45.523768,-23.013327,0</coordinates></Point></Placemark>
<Placemark><name>Radar</name><description>Fonte: DER-SP · sentido 206° (sudoeste)</description><Point><coordinates>-47.117277,-23.013140,0</coordinates></Point></Placemark>
<Placemark><name>Radar 100 km/h</name><description>Fonte: OSM</description><Point><coordinates>-45.523463,-23.013120,0</coordinates></Point></Placemark>
<Placemark><name>Radar 110 km/h</name><description>Fonte: ANTT · sentido 52° (nordeste)</description><Point><coordinates>-45.523252,-23.013016,0</coordinates></Point></Placemark>
<Placemark><name>Radar</name><description>Fonte: DER-SP</description><Point><coordinates>-45.641168,-23.012657,0</coordinates></Point></Placemark>
<Placemark><name>Radar</name><description>Fonte: OSM</description><Point><coordinates>-47.090184,-23.010902,0</coordinates></Point></Placemark>
<Placemark><name>Radar</name><description>Fonte: OSM</description><Point><coordinates>-45.544978,-23.009257,0</coordinates></Point></Placemark>
<Placemark><name>Radar 60 km/h</name><description>Fonte: OSM</description><Point><coordinates>-46.987873,-23.008748,0</coordinates></Point></Placemark>
<Placemark><name>Radar</name><description>Fonte: DER-SP</description><Point><coordinates>-47.001888,-23.006965,0</coordinates></Point></Placemark>
<Placemark><name>Radar 50 km/h</name><description>Fonte: OSM</description><Point><coordinates>-45.553492,-23.006011,0</coordinates></Point></Placemark>
<Placemark><name>Radar</name><description>Fonte: OSM</description><Point><coordinates>-47.097111,-23.004504,0</coordinates></Point></Placemark>
<Placemark><name>Radar 110 km/h</name><description>Fonte: OSM</description><Point><coordinates>-46.771384,-23.004313,0</coordinates></Point></Placemark>
<Placemark><name>Radar</name><description>Fonte: DER-SP · sentido 105° (leste)</description><Point><coordinates>-46.771562,-23.004209,0</coordinates></Point></Placemark>
<Placemark><name>Radar</name><description>Fonte: DER-SP · sentido 18° (norte)</description><Point><coordinates>-47.010896,-23.003163,0</coordinates></Point></Placemark>
<Placemark><name>Radar</name><description>Fonte: DER-SP · sentido 22° (norte)</description><Point><coordinates>-47.111834,-23.002900,0</coordinates></Point></Placemark>
<Placemark><name>Radar</name><description>Fonte: DER-SP · sentido 22° (norte)</description><Point><coordinates>-47.111704,-23.002780,0</coordinates></Point></Placemark>
<Placemark><name>Radar 40 km/h</name><description>Fonte: OSM</description><Point><coordinates>-49.872845,-23.002751,0</coordinates></Point></Placemark>
<Placemark><name>Radar 40 km/h</name><description>Fonte: OSM</description><Point><coordinates>-49.872853,-23.002742,0</coordinates></Point></Placemark>
<Placemark><name>Radar 110 km/h</name><description>Fonte: OSM</description><Point><coordinates>-47.111743,-23.002666,0</coordinates></Point></Placemark>
<Placemark><name>Radar</name><description>Fonte: DER-SP</description><Point><coordinates>-47.477246,-22.998967,0</coordinates></Point></Placemark>
<Placemark><name>Radar</name><description>Fonte: OSM</description><Point><coordinates>-45.044639,-22.996777,0</coordinates></Point></Placemark>
<Placemark><name>Radar</name><description>Fonte: DER-SP</description><Point><coordinates>-45.044605,-22.996530,0</coordinates></Point></Placemark>
<Placemark><name>Radar</name><description>Fonte: OSM</description><Point><coordinates>-45.044365,-22.996219,0</coordinates></Point></Placemark>
<Placemark><name>Radar 110 km/h</name><description>Fonte: OSM</description><Point><coordinates>-45.490319,-22.995209,0</coordinates></Point></Placemark>
<Placemark><name>Radar 110 km/h</name><description>Fonte: OSM</description><Point><coordinates>-45.488948,-22.994656,0</coordinates></Point></Placemark>
<Placemark><name>Radar 60 km/h</name><description>Fonte: OSM</description><Point><coordinates>-45.515880,-22.989606,0</coordinates></Point></Placemark>
<Placemark><name>Radar 60 km/h</name><description>Fonte: OSM</description><Point><coordinates>-45.515765,-22.989496,0</coordinates></Point></Placemark>
<Placemark><name>Radar</name><description>Fonte: DER-SP · sentido 199° (sul)</description><Point><coordinates>-47.106962,-22.987612,0</coordinates></Point></Placemark>
<Placemark><name>Radar 60 km/h</name><description>Fonte: OSM</description><Point><coordinates>-46.521512,-22.986327,0</coordinates></Point></Placemark>
<Placemark><name>Radar 60 km/h</name><description>Fonte: OSM</description><Point><coordinates>-47.003244,-22.986215,0</coordinates></Point></Placemark>
<Placemark><name>Radar 60 km/h</name><description>Fonte: OSM</description><Point><coordinates>-47.003162,-22.986211,0</coordinates></Point></Placemark>
<Placemark><name>Radar 50 km/h</name><description>Fonte: OSM</description><Point><coordinates>-45.558886,-22.985802,0</coordinates></Point></Placemark>
<Placemark><name>Radar</name><description>Fonte: DER-SP</description><Point><coordinates>-46.783465,-22.983263,0</coordinates></Point></Placemark>
<Placemark><name>Radar 60 km/h</name><description>Fonte: OSM</description><Point><coordinates>-46.990282,-22.979778,0</coordinates></Point></Placemark>
<Placemark><name>Radar</name><description>Fonte: DER-SP</description><Point><coordinates>-46.763031,-22.978769,0</coordinates></Point></Placemark>
<Placemark><name>Radar</name><description>Fonte: DER-SP</description><Point><coordinates>-46.731370,-22.976347,0</coordinates></Point></Placemark>
<Placemark><name>Radar</name><description>Fonte: DER-SP</description><Point><coordinates>-46.827040,-22.973987,0</coordinates></Point></Placemark>
<Placemark><name>Radar 60 km/h</name><description>Fonte: OSM</description><Point><coordinates>-45.511132,-22.973524,0</coordinates></Point></Placemark>
<Placemark><name>Radar</name><description>Fonte: DER-SP</description><Point><coordinates>-45.511169,-22.973496,0</coordinates></Point></Placemark>
<Placemark><name>Radar 30 km/h</name><description>Fonte: OSM</description><Point><coordinates>-46.543149,-22.972869,0</coordinates></Point></Placemark>
<Placemark><name>Radar</name><description>Fonte: DER-SP</description><Point><coordinates>-48.190448,-22.970407,0</coordinates></Point></Placemark>
<Placemark><name>Radar 60 km/h</name><description>Fonte: OSM</description><Point><coordinates>-46.535946,-22.970332,0</coordinates></Point></Placemark>
<Placemark><name>Radar</name><description>Fonte: DER-SP · sentido 18° (norte)</description><Point><coordinates>-47.101543,-22.970263,0</coordinates></Point></Placemark>
<Placemark><name>Radar</name><description>Fonte: DER-SP · sentido 81° (leste)</description><Point><coordinates>-46.568319,-22.969118,0</coordinates></Point></Placemark>
<Placemark><name>Radar 50 km/h</name><description>Fonte: OSM</description><Point><coordinates>-46.543859,-22.967687,0</coordinates></Point></Placemark>
<Placemark><name>Radar</name><description>Fonte: DER-SP</description><Point><coordinates>-45.461934,-22.967648,0</coordinates></Point></Placemark>
<Placemark><name>Radar 50 km/h</name><description>Fonte: OSM</description><Point><coordinates>-46.544173,-22.967257,0</coordinates></Point></Placemark>
<Placemark><name>Radar 50 km/h</name><description>Fonte: OSM</description><Point><coordinates>-46.995107,-22.966276,0</coordinates></Point></Placemark>
<Placemark><name>Radar</name><description>Fonte: OSM</description><Point><coordinates>-47.120250,-22.965298,0</coordinates></Point></Placemark>
<Placemark><name>Radar</name><description>Fonte: DER-SP · sentido 322° (noroeste)</description><Point><coordinates>-47.120579,-22.964812,0</coordinates></Point></Placemark>
<Placemark><name>Radar</name><description>Fonte: OSM</description><Point><coordinates>-46.989918,-22.964605,0</coordinates></Point></Placemark>
<Placemark><name>Radar</name><description>Fonte: DER-SP</description><Point><coordinates>-45.461947,-22.963520,0</coordinates></Point></Placemark>
<Placemark><name>Radar 50 km/h</name><description>Fonte: OSM</description><Point><coordinates>-45.636236,-22.962822,0</coordinates></Point></Placemark>
<Placemark><name>Radar</name><description>Fonte: DER-SP</description><Point><coordinates>-45.635875,-22.962607,0</coordinates></Point></Placemark>
<Placemark><name>Radar 50 km/h</name><description>Fonte: OSM</description><Point><coordinates>-45.635456,-22.962317,0</coordinates></Point></Placemark>
<Placemark><name>Radar 110 km/h</name><description>Fonte: OSM</description><Point><coordinates>-45.423216,-22.961518,0</coordinates></Point></Placemark>
<Placemark><name>Radar 110 km/h</name><description>Fonte: ANTT · sentido 61° (nordeste)</description><Point><coordinates>-45.423330,-22.961510,0</coordinates></Point></Placemark>
<Placemark><name>Radar 110 km/h</name><description>Fonte: ANTT · sentido 241° (sudoeste)</description><Point><coordinates>-45.423261,-22.961480,0</coordinates></Point></Placemark>
<Placemark><name>Radar 40 km/h</name><description>Fonte: OSM</description><Point><coordinates>-46.976482,-22.959669,0</coordinates></Point></Placemark>
<Placemark><name>Radar 30 km/h</name><description>Fonte: OSM</description><Point><coordinates>-45.838952,-22.958071,0</coordinates></Point></Placemark>
<Placemark><name>Radar</name><description>Fonte: DER-SP</description><Point><coordinates>-49.626980,-22.956320,0</coordinates></Point></Placemark>
<Placemark><name>Radar</name><description>Fonte: DER-SP</description><Point><coordinates>-45.623217,-22.955243,0</coordinates></Point></Placemark>
<Placemark><name>Radar</name><description>Fonte: OSM</description><Point><coordinates>-45.623178,-22.955004,0</coordinates></Point></Placemark>
<Placemark><name>Radar</name><description>Fonte: DER-SP · sentido 122° (sudeste)</description><Point><coordinates>-46.860004,-22.954435,0</coordinates></Point></Placemark>
<Placemark><name>Radar 110 km/h</name><description>Fonte: OSM</description><Point><coordinates>-45.405459,-22.952717,0</coordinates></Point></Placemark>
<Placemark><name>Radar 110 km/h</name><description>Fonte: ANTT · sentido 61° (nordeste)</description><Point><coordinates>-45.405246,-22.952545,0</coordinates></Point></Placemark>
<Placemark><name>Radar</name><description>Fonte: OSM</description><Point><coordinates>-46.867895,-22.948966,0</coordinates></Point></Placemark>
<Placemark><name>Radar</name><description>Fonte: DER-SP · sentido 314° (noroeste)</description><Point><coordinates>-47.028199,-22.947171,0</coordinates></Point></Placemark>
<Placemark><name>Radar 60 km/h</name><description>Fonte: OSM</description><Point><coordinates>-45.576543,-22.945030,0</coordinates></Point></Placemark>
<Placemark><name>Radar</name><description>Fonte: DER-SP</description><Point><coordinates>-46.653268,-22.944785,0</coordinates></Point></Placemark>
<Placemark><name>Radar</name><description>Fonte: DER-SP · sentido 81° (leste)</description><Point><coordinates>-48.371805,-22.944114,0</coordinates></Point></Placemark>
<Placemark><name>Radar</name><description>Fonte: DER-SP</description><Point><coordinates>-45.579050,-22.943286,0</coordinates></Point></Placemark>
<Placemark><name>Radar</name><description>Fonte: OSM</description><Point><coordinates>-45.421913,-22.941304,0</coordinates></Point></Placemark>
<Placemark><name>Radar</name><description>Fonte: DER-SP</description><Point><coordinates>-45.422384,-22.941180,0</coordinates></Point></Placemark>
<Placemark><name>Radar</name><description>Fonte: OSM</description><Point><coordinates>-47.155448,-22.938874,0</coordinates></Point></Placemark>
<Placemark><name>Radar</name><description>Fonte: OSM</description><Point><coordinates>-47.155237,-22.938792,0</coordinates></Point></Placemark>
<Placemark><name>Radar</name><description>Fonte: OSM</description><Point><coordinates>-45.429346,-22.938285,0</coordinates></Point></Placemark>
<Placemark><name>Radar</name><description>Fonte: DER-SP</description><Point><coordinates>-45.429586,-22.938257,0</coordinates></Point></Placemark>
<Placemark><name>Radar</name><description>Fonte: DER-SP</description><Point><coordinates>-46.556616,-22.937770,0</coordinates></Point></Placemark>
<Placemark><name>Radar</name><description>Fonte: OSM</description><Point><coordinates>-45.437205,-22.935288,0</coordinates></Point></Placemark>
<Placemark><name>Radar</name><description>Fonte: DER-SP</description><Point><coordinates>-45.437657,-22.935131,0</coordinates></Point></Placemark>
<Placemark><name>Radar</name><description>Fonte: DER-SP</description><Point><coordinates>-46.973276,-22.934413,0</coordinates></Point></Placemark>
<Placemark><name>Radar</name><description>Fonte: DER-SP · sentido 136° (sudeste)</description><Point><coordinates>-48.360366,-22.934348,0</coordinates></Point></Placemark>
<Placemark><name>Radar</name><description>Fonte: OSM</description><Point><coordinates>-46.510724,-22.934137,0</coordinates></Point></Placemark>
<Placemark><name>Radar</name><description>Fonte: DER-SP · sentido 51° (nordeste)</description><Point><coordinates>-48.358310,-22.934010,0</coordinates></Point></Placemark>
<Placemark><name>Radar</name><description>Fonte: DER-SP</description><Point><coordinates>-46.511099,-22.934000,0</coordinates></Point></Placemark>
<Placemark><name>Radar</name><description>Fonte: DER-SP</description><Point><coordinates>-49.625650,-22.933790,0</coordinates></Point></Placemark>
<Placemark><name>Radar</name><description>Fonte: DER-SP</description><Point><coordinates>-46.971983,-22.931932,0</coordinates></Point></Placemark>
<Placemark><name>Radar</name><description>Fonte: DER-SP · sentido 70° (leste)</description><Point><coordinates>-46.920485,-22.931461,0</coordinates></Point></Placemark>
<Placemark><name>Radar 70 km/h</name><description>Fonte: OSM</description><Point><coordinates>-47.069581,-22.929299,0</coordinates></Point></Placemark>
<Placemark><name>Radar</name><description>Fonte: DER-SP · sentido 4° (norte)</description><Point><coordinates>-47.011175,-22.927730,0</coordinates></Point></Placemark>
<Placemark><name>Radar</name><description>Fonte: DER-SP · sentido 216° (sudoeste)</description><Point><coordinates>-47.255490,-22.927327,0</coordinates></Point></Placemark>
<Placemark><name>Radar</name><description>Fonte: OSM</description><Point><coordinates>-47.011228,-22.927315,0</coordinates></Point></Placemark>
<Placemark><name>Radar 80 km/h</name><description>Fonte: OSM</description><Point><coordinates>-47.255230,-22.927248,0</coordinates></Point></Placemark>
<Placemark><name>Radar 80 km/h</name><description>Fonte: OSM</description><Point><coordinates>-47.255345,-22.927172,0</coordinates></Point></Placemark>
<Placemark><name>Radar</name><description>Fonte: DER-SP · sentido 219° (sudoeste)</description><Point><coordinates>-47.255260,-22.927110,0</coordinates></Point></Placemark>
<Placemark><name>Radar</name><description>Fonte: DER-SP · sentido 39° (nordeste)</description><Point><coordinates>-47.254526,-22.926687,0</coordinates></Point></Placemark>
<Placemark><name>Radar</name><description>Fonte: DER-SP · sentido 219° (sudoeste)</description><Point><coordinates>-48.789166,-22.926388,0</coordinates></Point></Placemark>
<Placemark><name>Radar</name><description>Fonte: DER-SP · sentido 38° (nordeste)</description><Point><coordinates>-47.254060,-22.925840,0</coordinates></Point></Placemark>
<Placemark><name>Radar 60 km/h</name><description>Fonte: OSM</description><Point><coordinates>-49.905254,-22.925711,0</coordinates></Point></Placemark>
<Placemark><name>Radar</name><description>Fonte: DER-SP</description><Point><coordinates>-45.826305,-22.924755,0</coordinates></Point></Placemark>
<Placemark><name>Radar 70 km/h</name><description>Fonte: OSM</description><Point><coordinates>-47.066874,-22.923653,0</coordinates></Point></Placemark>
<Placemark><name>Radar 70 km/h</name><description>Fonte: OSM</description><Point><coordinates>-47.066957,-22.923629,0</coordinates></Point></Placemark>
<Placemark><name>Radar</name><description>Fonte: DER-SP</description><Point><coordinates>-45.095641,-22.921508,0</coordinates></Point></Placemark>
<Placemark><name>Radar</name><description>Fonte: OSM</description><Point><coordinates>-45.095929,-22.921483,0</coordinates></Point></Placemark>
<Placemark><name>Radar</name><description>Fonte: OSM</description><Point><coordinates>-45.095482,-22.921479,0</coordinates></Point></Placemark>
<Placemark><name>Radar</name><description>Fonte: DER-SP · sentido 311° (noroeste)</description><Point><coordinates>-47.092478,-22.921147,0</coordinates></Point></Placemark>
<Placemark><name>Radar 100 km/h</name><description>Fonte: OSM</description><Point><coordinates>-47.092504,-22.921139,0</coordinates></Point></Placemark>
<Placemark><name>Radar</name><description>Fonte: DER-SP · sentido 311° (noroeste)</description><Point><coordinates>-47.092534,-22.921060,0</coordinates></Point></Placemark>
<Placemark><name>Radar</name><description>Fonte: DER-SP · sentido 311° (noroeste)</description><Point><coordinates>-47.092506,-22.921059,0</coordinates></Point></Placemark>
<Placemark><name>Radar</name><description>Fonte: DER-SP · sentido 310° (noroeste)</description><Point><coordinates>-47.092500,-22.921000,0</coordinates></Point></Placemark>
<Placemark><name>Radar</name><description>Fonte: DER-SP · sentido 34° (nordeste)</description><Point><coordinates>-48.465400,-22.920220,0</coordinates></Point></Placemark>
<Placemark><name>Radar 60 km/h</name><description>Fonte: OSM</description><Point><coordinates>-47.065613,-22.919732,0</coordinates></Point></Placemark>
<Placemark><name>Radar 60 km/h</name><description>Fonte: OSM</description><Point><coordinates>-47.065665,-22.919508,0</coordinates></Point></Placemark>
<Placemark><name>Radar 60 km/h</name><description>Fonte: OSM</description><Point><coordinates>-47.061713,-22.917787,0</coordinates></Point></Placemark>
<Placemark><name>Radar</name><description>Fonte: DER-SP · sentido 200° (sul)</description><Point><coordinates>-48.448100,-22.915740,0</coordinates></Point></Placemark>
<Placemark><name>Radar 60 km/h</name><description>Fonte: OSM</description><Point><coordinates>-48.447856,-22.915195,0</coordinates></Point></Placemark>
<Placemark><name>Radar 70 km/h</name><description>Fonte: OSM</description><Point><coordinates>-47.059146,-22.914988,0</coordinates></Point></Placemark>
<Placemark><name>Radar</name><description>Fonte: DER-SP</description><Point><coordinates>-49.624520,-22.914320,0</coordinates></Point></Placemark>
<Placemark><name>Radar</name><description>Fonte: DER-SP</description><Point><coordinates>-45.348244,-22.913594,0</coordinates></Point></Placemark>
<Placemark><name>Radar 100 km/h</name><description>Fonte: OSM</description><Point><coordinates>-46.426698,-22.913444,0</coordinates></Point></Placemark>
<Placemark><name>Radar</name><description>Fonte: OSM</description><Point><coordinates>-46.957303,-22.912695,0</coordinates></Point></Placemark>
<Placemark><name>Radar</name><description>Fonte: DER-SP · sentido 258° (oeste)</description><Point><coordinates>-46.956831,-22.912445,0</coordinates></Point></Placemark>
<Placemark><name>Radar 70 km/h</name><description>Fonte: OSM</description><Point><coordinates>-47.057019,-22.911123,0</coordinates></Point></Placemark>
<Placemark><name>Radar 60 km/h</name><description>Fonte: OSM</description><Point><coordinates>-47.045034,-22.910777,0</coordinates></Point></Placemark>
<Placemark><name>Radar 50 km/h</name><description>Fonte: OSM</description><Point><coordinates>-47.056742,-22.910626,0</coordinates></Point></Placemark>
<Placemark><name>Radar</name><description>Fonte: DER-SP</description><Point><coordinates>-46.546438,-22.910293,0</coordinates></Point></Placemark>
<Placemark><name>Radar</name><description>Fonte: DER-SP · sentido 257° (oeste)</description><Point><coordinates>-49.772551,-22.909426,0</coordinates></Point></Placemark>
<Placemark><name>Radar 110 km/h</name><description>Fonte: OSM</description><Point><coordinates>-49.772228,-22.909377,0</coordinates></Point></Placemark>
<Placemark><name>Radar</name><description>Fonte: DER-SP · sentido 120° (sudeste)</description><Point><coordinates>-47.215510,-22.908810,0</coordinates></Point></Placemark>
<Placemark><name>Radar</name><description>Fonte: DER-SP · sentido 120° (sudeste)</description><Point><coordinates>-47.215868,-22.908751,0</coordinates></Point></Placemark>
<Placemark><name>Radar 80 km/h</name><description>Fonte: OSM</description><Point><coordinates>-47.215421,-22.908745,0</coordinates></Point></Placemark>
<Placemark><name>Radar 60 km/h</name><description>Fonte: OSM</description><Point><coordinates>-47.039694,-22.906152,0</coordinates></Point></Placemark>
<Placemark><name>Radar 100 km/h</name><description>Fonte: OSM</description><Point><coordinates>-47.009108,-22.905582,0</coordinates></Point></Placemark>
<Placemark><name>Radar</name><description>Fonte: DER-SP · sentido 17° (norte)</description><Point><coordinates>-47.009031,-22.905384,0</coordinates></Point></Placemark>
<Placemark><name>Radar 60 km/h</name><description>Fonte: OSM</description><Point><coordinates>-47.050521,-22.905334,0</coordinates></Point></Placemark>
<Placemark><name>Radar 60 km/h</name><description>Fonte: OSM</description><Point><coordinates>-47.046609,-22.902896,0</coordinates></Point></Placemark>
<Placemark><name>Radar 60 km/h</name><description>Fonte: OSM</description><Point><coordinates>-47.047921,-22.902790,0</coordinates></Point></Placemark>
<Placemark><name>Radar</name><description>Fonte: DER-SP · sentido 67° (nordeste)</description><Point><coordinates>-50.779982,-22.902649,0</coordinates></Point></Placemark>
<Placemark><name>Radar</name><description>Fonte: OSM</description><Point><coordinates>-45.482405,-22.902528,0</coordinates></Point></Placemark>
<Placemark><name>Radar</name><description>Fonte: DER-SP</description><Point><coordinates>-50.255833,-22.902436,0</coordinates></Point></Placemark>
<Placemark><name>Radar</name><description>Fonte: DER-SP · sentido 245° (sudoeste)</description><Point><coordinates>-50.779806,-22.902387,0</coordinates></Point></Placemark>
<Placemark><name>Radar</name><description>Fonte: DER-SP</description><Point><coordinates>-49.617940,-22.902030,0</coordinates></Point></Placemark>
<Placemark><name>Radar</name><description>Fonte: OSM</description><Point><coordinates>-46.985758,-22.901340,0</coordinates></Point></Placemark>
<Placemark><name>Radar</name><description>Fonte: DER-SP · sentido 105° (leste)</description><Point><coordinates>-46.985500,-22.901303,0</coordinates></Point></Placemark>
<Placemark><name>Radar</name><description>Fonte: OSM</description><Point><coordinates>-47.058135,-22.900451,0</coordinates></Point></Placemark>
<Placemark><name>Radar 60 km/h</name><description>Fonte: OSM</description><Point><coordinates>-47.047626,-22.899843,0</coordinates></Point></Placemark>
<Placemark><name>Radar 110 km/h</name><description>Fonte: OSM</description><Point><coordinates>-45.302658,-22.899675,0</coordinates></Point></Placemark>
<Placemark><name>Radar</name><description>Fonte: DER-SP · sentido 288° (oeste)</description><Point><coordinates>-47.000534,-22.898935,0</coordinates></Point></Placemark>
<Placemark><name>Radar</name><description>Fonte: OSM</description><Point><coordinates>-47.000773,-22.898855,0</coordinates></Point></Placemark>
<Placemark><name>Radar</name><description>Fonte: OSM</description><Point><coordinates>-48.447981,-22.898468,0</coordinates></Point></Placemark>
<Placemark><name>Radar</name><description>Fonte: OSM</description><Point><coordinates>-48.448043,-22.898392,0</coordinates></Point></Placemark>
<Placemark><name>Radar</name><description>Fonte: DER-SP · sentido 23° (nordeste)</description><Point><coordinates>-48.764139,-22.897817,0</coordinates></Point></Placemark>
<Placemark><name>Radar</name><description>Fonte: DER-SP</description><Point><coordinates>-48.764389,-22.897639,0</coordinates></Point></Placemark>
<Placemark><name>Radar 60 km/h</name><description>Fonte: OSM</description><Point><coordinates>-47.047232,-22.894381,0</coordinates></Point></Placemark>
<Placemark><name>Radar</name><description>Fonte: DER-SP</description><Point><coordinates>-45.392332,-22.894023,0</coordinates></Point></Placemark>
<Placemark><name>Radar 60 km/h</name><description>Fonte: OSM</description><Point><coordinates>-47.047502,-22.894004,0</coordinates></Point></Placemark>
<Placemark><name>Radar</name><description>Fonte: DER-SP · sentido 81° (leste)</description><Point><coordinates>-47.128404,-22.893109,0</coordinates></Point></Placemark>
<Placemark><name>Radar</name><description>Fonte: DER-SP · sentido 69° (leste)</description><Point><coordinates>-48.478340,-22.892690,0</coordinates></Point></Placemark>
<Placemark><name>Radar 60 km/h</name><description>Fonte: OSM</description><Point><coordinates>-47.047217,-22.892345,0</coordinates></Point></Placemark>
<Placemark><name>Radar 80 km/h</name><description>Fonte: OSM</description><Point><coordinates>-45.291589,-22.892039,0</coordinates></Point></Placemark>
<Placemark><name>Radar 80 km/h</name><description>Fonte: OSM</description><Point><coordinates>-45.291255,-22.891683,0</coordinates></Point></Placemark>
<Placemark><name>Radar</name><description>Fonte: DER-SP</description><Point><coordinates>-45.324568,-22.891621,0</coordinates></Point></Placemark>
<Placemark><name>Radar</name><description>Fonte: DER-SP · sentido 239° (sudoeste)</description><Point><coordinates>-48.474920,-22.890720,0</coordinates></Point></Placemark>
<Placemark><name>Radar</name><description>Fonte: DER-SP</description><Point><coordinates>-45.379515,-22.890151,0</coordinates></Point></Placemark>
<Placemark><name>Radar</name><description>Fonte: DER-SP · sentido 162° (sul)</description><Point><coordinates>-48.458815,-22.889035,0</coordinates></Point></Placemark>
<Placemark><name>Radar</name><description>Fonte: DER-SP · sentido 347° (norte)</description><Point><coordinates>-48.458684,-22.888771,0</coordinates></Point></Placemark>
<Placemark><name>Radar</name><description>Fonte: DER-SP</description><Point><coordinates>-46.607085,-22.888644,0</coordinates></Point></Placemark>
<Placemark><name>Radar</name><description>Fonte: DER-SP</description><Point><coordinates>-45.540987,-22.887265,0</coordinates></Point></Placemark>
<Placemark><name>Radar</name><description>Fonte: OSM</description><Point><coordinates>-45.540870,-22.887259,0</coordinates></Point></Placemark>
<Placemark><name>Radar</name><description>Fonte: DER-SP</description><Point><coordinates>-49.608170,-22.886570,0</coordinates></Point></Placemark>
<Placemark><name>Radar</name><description>Fonte: DER-SP</description><Point><coordinates>-49.645143,-22.886472,0</coordinates></Point></Placemark>
<Placemark><name>Radar 60 km/h</name><description>Fonte: OSM</description><Point><coordinates>-47.044439,-22.886249,0</coordinates></Point></Placemark>
<Placemark><name>Radar</name><description>Fonte: DER-SP</description><Point><coordinates>-49.646000,-22.884920,0</coordinates></Point></Placemark>
<Placemark><name>Radar 60 km/h</name><description>Fonte: OSM</description><Point><coordinates>-47.044201,-22.884732,0</coordinates></Point></Placemark>
<Placemark><name>Radar 60 km/h</name><description>Fonte: OSM</description><Point><coordinates>-49.646111,-22.884703,0</coordinates></Point></Placemark>
<Placemark><name>Radar</name><description>Fonte: DER-SP · sentido 31° (nordeste)</description><Point><coordinates>-48.485860,-22.882180,0</coordinates></Point></Placemark>
<Placemark><name>Radar</name><description>Fonte: DER-SP</description><Point><coordinates>-50.689843,-22.881603,0</coordinates></Point></Placemark>
<Placemark><name>Radar 80 km/h</name><description>Fonte: OSM</description><Point><coordinates>-48.473216,-22.879796,0</coordinates></Point></Placemark>
<Placemark><name>Radar</name><description>Fonte: DER-SP · sentido 95° (leste)</description><Point><coordinates>-48.473289,-22.879722,0</coordinates></Point></Placemark>
<Placemark><name>Radar 110 km/h</name><description>Fonte: OSM</description><Point><coordinates>-45.274326,-22.879067,0</coordinates></Point></Placemark>
<Placemark><name>Radar 110 km/h</name><description>Fonte: OSM</description><Point><coordinates>-45.274363,-22.878988,0</coordinates></Point></Placemark>
<Placemark><name>Radar 50 km/h</name><description>Fonte: OSM</description><Point><coordinates>-47.063081,-22.878679,0</coordinates></Point></Placemark>
<Placemark><name>Radar 50 km/h</name><description>Fonte: OSM</description><Point><coordinates>-47.056496,-22.877217,0</coordinates></Point></Placemark>
<Placemark><name>Radar 50 km/h</name><description>Fonte: OSM</description><Point><coordinates>-47.053098,-22.876703,0</coordinates></Point></Placemark>
<Placemark><name>Radar 50 km/h</name><description>Fonte: OSM</description><Point><coordinates>-47.061091,-22.876217,0</coordinates></Point></Placemark>
<Placemark><name>Radar 50 km/h</name><description>Fonte: OSM</description><Point><coordinates>-47.049441,-22.875750,0</coordinates></Point></Placemark>
<Placemark><name>Radar</name><description>Fonte: OSM</description><Point><coordinates>-45.258419,-22.874532,0</coordinates></Point></Placemark>
<Placemark><name>Radar</name><description>Fonte: OSM</description><Point><coordinates>-45.173431,-22.873912,0</coordinates></Point></Placemark>
<Placemark><name>Radar</name><description>Fonte: DER-SP · sentido 144° (sudeste)</description><Point><coordinates>-49.972213,-22.873822,0</coordinates></Point></Placemark>
<Placemark><name>Radar 50 km/h</name><description>Fonte: OSM</description><Point><coordinates>-47.061752,-22.873579,0</coordinates></Point></Placemark>
<Placemark><name>Radar 50 km/h</name><description>Fonte: OSM</description><Point><coordinates>-47.053463,-22.873402,0</coordinates></Point></Placemark>
<Placemark><name>Radar 50 km/h</name><description>Fonte: OSM</description><Point><coordinates>-47.057884,-22.872879,0</coordinates></Point></Placemark>
<Placemark><name>Radar 50 km/h</name><description>Fonte: OSM</description><Point><coordinates>-47.050964,-22.872857,0</coordinates></Point></Placemark>
<Placemark><name>Radar 50 km/h</name><description>Fonte: OSM</description><Point><coordinates>-47.058331,-22.872822,0</coordinates></Point></Placemark>
<Placemark><name>Radar</name><description>Fonte: DER-SP</description><Point><coordinates>-49.234075,-22.872453,0</coordinates></Point></Placemark>
<Placemark><name>Radar</name><description>Fonte: DER-SP · sentido 272° (oeste)</description><Point><coordinates>-47.266232,-22.871786,0</coordinates></Point></Placemark>
<Placemark><name>Radar</name><description>Fonte: DER-SP</description><Point><coordinates>-47.266100,-22.870800,0</coordinates></Point></Placemark>
<Placemark><name>Radar</name><description>Fonte: DER-SP · sentido 313° (noroeste)</description><Point><coordinates>-47.129265,-22.869758,0</coordinates></Point></Placemark>
<Placemark><name>Radar</name><description>Fonte: DNIT · sentido 22° (norte)</description><Point><coordinates>-45.256657,-22.868597,0</coordinates></Point></Placemark>
<Placemark><name>Radar</name><description>Fonte: DNIT · sentido 205° (sudoeste)</description><Point><coordinates>-45.256527,-22.868349,0</coordinates></Point></Placemark>
<Placemark><name>Radar</name><description>Fonte: DER-SP</description><Point><coordinates>-47.044359,-22.868088,0</coordinates></Point></Placemark>
<Placemark><name>Radar</name><description>Fonte: DER-SP · sentido 151° (sudeste)</description><Point><coordinates>-47.133884,-22.866961,0</coordinates></Point></Placemark>
<Placemark><name>Radar</name><description>Fonte: OSM</description><Point><coordinates>-45.595798,-22.865017,0</coordinates></Point></Placemark>
<Placemark><name>Radar</name><description>Fonte: DNIT · sentido 347° (norte)</description><Point><coordinates>-45.255205,-22.864610,0</coordinates></Point></Placemark>
<Placemark><name>Radar</name><description>Fonte: DER-SP</description><Point><coordinates>-46.789802,-22.864500,0</coordinates></Point></Placemark>
<Placemark><name>Radar</name><description>Fonte: DNIT · sentido 174° (sul)</description><Point><coordinates>-45.255713,-22.863434,0</coordinates></Point></Placemark>
<Placemark><name>Radar 100 km/h</name><description>Fonte: OSM</description><Point><coordinates>-47.139160,-22.862563,0</coordinates></Point></Placemark>
<Placemark><name>Radar</name><description>Fonte: DER-SP</description><Point><coordinates>-49.227454,-22.862526,0</coordinates></Point></Placemark>
<Placemark><name>Radar 100 km/h</name><description>Fonte: OSM</description><Point><coordinates>-47.138787,-22.862497,0</coordinates></Point></Placemark>
<Placemark><name>Radar</name><description>Fonte: DER-SP · sentido 302° (noroeste)</description><Point><coordinates>-47.138747,-22.862425,0</coordinates></Point></Placemark>
<Placemark><name>Radar</name><description>Fonte: DER-SP · sentido 124° (sudeste)</description><Point><coordinates>-47.139359,-22.862328,0</coordinates></Point></Placemark>
<Placemark><name>Radar</name><description>Fonte: DNIT · sentido 45° (nordeste)</description><Point><coordinates>-45.254090,-22.860796,0</coordinates></Point></Placemark>
<Placemark><name>Radar</name><description>Fonte: DNIT · sentido 237° (sudoeste)</description><Point><coordinates>-45.253881,-22.860427,0</coordinates></Point></Placemark>
<Placemark><name>Radar</name><description>Fonte: OSM</description><Point><coordinates>-45.621511,-22.860420,0</coordinates></Point></Placemark>
<Placemark><name>Radar</name><description>Fonte: DER-SP</description><Point><coordinates>-45.621797,-22.860013,0</coordinates></Point></Placemark>
<Placemark><name>Radar 60 km/h</name><description>Fonte: OSM</description><Point><coordinates>-45.621972,-22.859745,0</coordinates></Point></Placemark>
<Placemark><name>Radar</name><description>Fonte: OSM</description><Point><coordinates>-47.146240,-22.859196,0</coordinates></Point></Placemark>
<Placemark><name>Radar 60 km/h</name><description>Fonte: OSM</description><Point><coordinates>-45.611772,-22.859186,0</coordinates></Point></Placemark>
<Placemark><name>Radar</name><description>Fonte: DER-SP · sentido 157° (sudeste)</description><Point><coordinates>-47.072282,-22.859148,0</coordinates></Point></Placemark>
<Placemark><name>Radar 60 km/h</name><description>Fonte: OSM</description><Point><coordinates>-45.233043,-22.858420,0</coordinates></Point></Placemark>
<Placemark><name>Radar</name><description>Fonte: DNIT · sentido 90° (leste)</description><Point><coordinates>-45.249257,-22.858321,0</coordinates></Point></Placemark>
<Placemark><name>Radar 60 km/h</name><description>Fonte: OSM</description><Point><coordinates>-45.232958,-22.858157,0</coordinates></Point></Placemark>
<Placemark><name>Radar</name><description>Fonte: DNIT · sentido 257° (oeste)</description><Point><coordinates>-45.247863,-22.857820,0</coordinates></Point></Placemark>
<Placemark><name>Radar 40 km/h</name><description>Fonte: OSM</description><Point><coordinates>-47.049640,-22.855219,0</coordinates></Point></Placemark>
<Placemark><name>Radar</name><description>Fonte: DNIT · sentido 45° (nordeste)</description><Point><coordinates>-45.243455,-22.855132,0</coordinates></Point></Placemark>
<Placemark><name>Radar</name><description>Fonte: DNIT · sentido 239° (sudoeste)</description><Point><coordinates>-45.243089,-22.854836,0</coordinates></Point></Placemark>
<Placemark><name>Radar</name><description>Fonte: DNIT · sentido 22° (norte)</description><Point><coordinates>-45.239011,-22.852415,0</coordinates></Point></Placemark>
<Placemark><name>Radar 100 km/h</name><description>Fonte: OSM</description><Point><coordinates>-47.028454,-22.850087,0</coordinates></Point></Placemark>
<Placemark><name>Radar</name><description>Fonte: DER-SP · sentido 310° (noroeste)</description><Point><coordinates>-47.028499,-22.849971,0</coordinates></Point></Placemark>
<Placemark><name>Radar 100 km/h</name><description>Fonte: OSM</description><Point><coordinates>-47.160206,-22.849746,0</coordinates></Point></Placemark>
<Placemark><name>Radar</name><description>Fonte: DER-SP · sentido 334° (noroeste)</description><Point><coordinates>-47.076845,-22.849721,0</coordinates></Point></Placemark>
<Placemark><name>Radar 100 km/h</name><description>Fonte: OSM</description><Point><coordinates>-47.160062,-22.849588,0</coordinates></Point></Placemark>
<Placemark><name>Radar</name><description>Fonte: DER-SP · sentido 308° (noroeste)</description><Point><coordinates>-47.160727,-22.849460,0</coordinates></Point></Placemark>
<Placemark><name>Radar</name><description>Fonte: DER-SP · sentido 17° (norte)</description><Point><coordinates>-47.042026,-22.849298,0</coordinates></Point></Placemark>
<Placemark><name>Radar</name><description>Fonte: DER-SP · sentido 243° (sudoeste)</description><Point><coordinates>-47.160560,-22.849160,0</coordinates></Point></Placemark>
<Placemark><name>Radar</name><description>Fonte: DNIT · sentido 9° (norte)</description><Point><coordinates>-45.231637,-22.849104,0</coordinates></Point></Placemark>
<Placemark><name>Radar</name><description>Fonte: DNIT · sentido 186° (sul)</description><Point><coordinates>-45.231636,-22.848078,0</coordinates></Point></Placemark>
<Placemark><name>Radar</name><description>Fonte: DNIT · sentido 78° (leste)</description><Point><coordinates>-45.233223,-22.847129,0</coordinates></Point></Placemark>
<Placemark><name>Radar</name><description>Fonte: DNIT · sentido 262° (oeste)</description><Point><coordinates>-45.232336,-22.847013,0</coordinates></Point></Placemark>
<Placemark><name>Radar</name><description>Fonte: DER-SP</description><Point><coordinates>-45.615597,-22.846068,0</coordinates></Point></Placemark>
<Placemark><name>Radar 40 km/h</name><description>Fonte: OSM</description><Point><coordinates>-45.615862,-22.846011,0</coordinates></Point></Placemark>
<Placemark><name>Radar</name><description>Fonte: DER-SP · sentido 220° (sudoeste)</description><Point><coordinates>-47.081201,-22.844706,0</coordinates></Point></Placemark>
<Placemark><name>Radar 100 km/h</name><description>Fonte: OSM</description><Point><coordinates>-47.047474,-22.843480,0</coordinates></Point></Placemark>
<Placemark><name>Radar</name><description>Fonte: DER-SP · sentido 107° (leste)</description><Point><coordinates>-47.047454,-22.843409,0</coordinates></Point></Placemark>
<Placemark><name>Radar 100 km/h</name><description>Fonte: ANTT · sentido 23° (nordeste)</description><Point><coordinates>-45.224667,-22.843230,0</coordinates></Point></Placemark>
<Placemark><name>Radar 100 km/h</name><description>Fonte: OSM</description><Point><coordinates>-45.224316,-22.842587,0</coordinates></Point></Placemark>
<Placemark><name>Radar</name><description>Fonte: DER-SP · sentido 140° (sudeste)</description><Point><coordinates>-47.168686,-22.842088,0</coordinates></Point></Placemark>
<Placemark><name>Radar</name><description>Fonte: DER-SP · sentido 319° (noroeste)</description><Point><coordinates>-47.168205,-22.842075,0</coordinates></Point></Placemark>
<Placemark><name>Radar</name><description>Fonte: DER-SP</description><Point><coordinates>-50.511206,-22.841858,0</coordinates></Point></Placemark>
<Placemark><name>Radar</name><description>Fonte: OSM</description><Point><coordinates>-47.168992,-22.841644,0</coordinates></Point></Placemark>
<Placemark><name>Radar</name><description>Fonte: OSM</description><Point><coordinates>-47.169092,-22.841185,0</coordinates></Point></Placemark>
<Placemark><name>Radar</name><description>Fonte: OSM</description><Point><coordinates>-45.180994,-22.838005,0</coordinates></Point></Placemark>
<Placemark><name>Radar</name><description>Fonte: DER-SP</description><Point><coordinates>-45.181166,-22.837800,0</coordinates></Point></Placemark>
<Placemark><name>Radar</name><description>Fonte: OSM</description><Point><coordinates>-45.181234,-22.837519,0</coordinates></Point></Placemark>
<Placemark><name>Radar 60 km/h</name><description>Fonte: OSM</description><Point><coordinates>-46.554075,-22.837388,0</coordinates></Point></Placemark>
<Placemark><name>Radar 100 km/h</name><description>Fonte: OSM</description><Point><coordinates>-45.220319,-22.835792,0</coordinates></Point></Placemark>
<Placemark><name>Radar 100 km/h</name><description>Fonte: ANTT · sentido 230° (sudoeste)</description><Point><coordinates>-45.220051,-22.835630,0</coordinates></Point></Placemark>
<Placemark><name>Radar</name><description>Fonte: OSM</description><Point><coordinates>-45.638649,-22.828123,0</coordinates></Point></Placemark>
<Placemark><name>Radar 50 km/h</name><description>Fonte: OSM</description><Point><coordinates>-45.642592,-22.828003,0</coordinates></Point></Placemark>
<Placemark><name>Radar</name><description>Fonte: OSM</description><Point><coordinates>-45.637085,-22.827871,0</coordinates></Point></Placemark>
<Placemark><name>Radar</name><description>Fonte: DER-SP</description><Point><coordinates>-45.637020,-22.827690,0</coordinates></Point></Placemark>
<Placemark><name>Radar</name><description>Fonte: OSM</description><Point><coordinates>-45.207209,-22.827665,0</coordinates></Point></Placemark>
<Placemark><name>Radar 100 km/h</name><description>Fonte: OSM</description><Point><coordinates>-45.206995,-22.827574,0</coordinates></Point></Placemark>
<Placemark><name>Radar</name><description>Fonte: OSM</description><Point><coordinates>-45.205728,-22.827008,0</coordinates></Point></Placemark>
<Placemark><name>Radar 50 km/h</name><description>Fonte: OSM</description><Point><coordinates>-45.210114,-22.826940,0</coordinates></Point></Placemark>
<Placemark><name>Radar</name><description>Fonte: DER-SP</description><Point><coordinates>-45.718998,-22.826348,0</coordinates></Point></Placemark>
<Placemark><name>Radar</name><description>Fonte: OSM</description><Point><coordinates>-45.719315,-22.826308,0</coordinates></Point></Placemark>
<Placemark><name>Radar</name><description>Fonte: OSM</description><Point><coordinates>-45.718647,-22.826247,0</coordinates></Point></Placemark>
<Placemark><name>Radar</name><description>Fonte: OSM</description><Point><coordinates>-45.657228,-22.826037,0</coordinates></Point></Placemark>
<Placemark><name>Radar 30 km/h</name><description>Fonte: OSM</description><Point><coordinates>-45.657197,-22.826036,0</coordinates></Point></Placemark>
<Placemark><name>Radar</name><description>Fonte: OSM</description><Point><coordinates>-45.630096,-22.825748,0</coordinates></Point></Placemark>
<Placemark><name>Radar</name><description>Fonte: OSM</description><Point><coordinates>-45.660036,-22.825665,0</coordinates></Point></Placemark>
<Placemark><name>Radar 100 km/h</name><description>Fonte: OSM</description><Point><coordinates>-47.188158,-22.825070,0</coordinates></Point></Placemark>
<Placemark><name>Radar</name><description>Fonte: DER-SP · sentido 300° (noroeste)</description><Point><coordinates>-47.188500,-22.824800,0</coordinates></Point></Placemark>
<Placemark><name>Radar</name><description>Fonte: DER-SP · sentido 300° (noroeste)</description><Point><coordinates>-47.188333,-22.824722,0</coordinates></Point></Placemark>
<Placemark><name>Radar 110 km/h</name><description>Fonte: OSM</description><Point><coordinates>-49.550023,-22.823909,0</coordinates></Point></Placemark>
<Placemark><name>Radar 40 km/h</name><description>Fonte: OSM</description><Point><coordinates>-45.674608,-22.823037,0</coordinates></Point></Placemark>
<Placemark><name>Radar</name><description>Fonte: OSM</description><Point><coordinates>-45.674000,-22.822720,0</coordinates></Point></Placemark>
<Placemark><name>Radar 100 km/h</name><description>Fonte: ANTT · sentido 114° (sudeste)</description><Point><coordinates>-45.196989,-22.821874,0</coordinates></Point></Placemark>
<Placemark><name>Radar 100 km/h</name><description>Fonte: ANTT · sentido 114° (sudeste)</description><Point><coordinates>-45.196731,-22.821801,0</coordinates></Point></Placemark>
<Placemark><name>Radar 100 km/h</name><description>Fonte: OSM</description><Point><coordinates>-45.197064,-22.821730,0</coordinates></Point></Placemark>
<Placemark><name>Radar</name><description>Fonte: DER-SP · sentido 188° (sul)</description><Point><coordinates>-47.576285,-22.818819,0</coordinates></Point></Placemark>
<Placemark><name>Radar</name><description>Fonte: DER-SP · sentido 121° (sudeste)</description><Point><coordinates>-47.202700,-22.817500,0</coordinates></Point></Placemark>
<Placemark><name>Radar</name><description>Fonte: DER-SP · sentido 121° (sudeste)</description><Point><coordinates>-47.202644,-22.817449,0</coordinates></Point></Placemark>
<Placemark><name>Radar 100 km/h</name><description>Fonte: OSM</description><Point><coordinates>-47.203002,-22.817364,0</coordinates></Point></Placemark>
<Placemark><name>Radar</name><description>Fonte: OSM</description><Point><coordinates>-45.181560,-22.817099,0</coordinates></Point></Placemark>
<Placemark><name>Radar</name><description>Fonte: OSM</description><Point><coordinates>-45.180843,-22.816309,0</coordinates></Point></Placemark>
<Placemark><name>Radar</name><description>Fonte: OSM</description><Point><coordinates>-47.035839,-22.815752,0</coordinates></Point></Placemark>
<Placemark><name>Radar</name><description>Fonte: DER-SP · sentido 16° (norte)</description><Point><coordinates>-47.035741,-22.815343,0</coordinates></Point></Placemark>
<Placemark><name>Radar</name><description>Fonte: DER-SP · sentido 209° (sudoeste)</description><Point><coordinates>-47.035967,-22.815138,0</coordinates></Point></Placemark>
<Placemark><name>Radar 60 km/h</name><description>Fonte: OSM</description><Point><coordinates>-47.021795,-22.814714,0</coordinates></Point></Placemark>
<Placemark><name>Radar</name><description>Fonte: OSM</description><Point><coordinates>-47.035628,-22.814363,0</coordinates></Point></Placemark>
<Placemark><name>Radar</name><description>Fonte: OSM</description><Point><coordinates>-47.034735,-22.812031,0</coordinates></Point></Placemark>
<Placemark><name>Radar</name><description>Fonte: OSM</description><Point><coordinates>-47.214470,-22.809215,0</coordinates></Point></Placemark>
<Placemark><name>Radar</name><description>Fonte: DER-SP</description><Point><coordinates>-47.186469,-22.808975,0</coordinates></Point></Placemark>
<Placemark><name>Radar</name><description>Fonte: DER-SP · sentido 271° (oeste)</description><Point><coordinates>-47.243915,-22.804782,0</coordinates></Point></Placemark>
<Placemark><name>Radar</name><description>Fonte: DER-SP</description><Point><coordinates>-46.523905,-22.804325,0</coordinates></Point></Placemark>
<Placemark><name>Radar</name><description>Fonte: DER-SP</description><Point><coordinates>-47.235738,-22.799372,0</coordinates></Point></Placemark>
<Placemark><name>Radar</name><description>Fonte: DER-SP</description><Point><coordinates>-47.437739,-22.798267,0</coordinates></Point></Placemark>
<Placemark><name>Radar 110 km/h</name><description>Fonte: OSM</description><Point><coordinates>-49.522427,-22.794972,0</coordinates></Point></Placemark>
<Placemark><name>Radar 110 km/h</name><description>Fonte: OSM</description><Point><coordinates>-45.163592,-22.792749,0</coordinates></Point></Placemark>
<Placemark><name>Radar 110 km/h</name><description>Fonte: ANTT · sentido 231° (sudoeste)</description><Point><coordinates>-45.163017,-22.792345,0</coordinates></Point></Placemark>
<Placemark><name>Radar</name><description>Fonte: DER-SP</description><Point><coordinates>-50.207670,-22.791890,0</coordinates></Point></Placemark>
<Placemark><name>Radar</name><description>Fonte: DER-SP</description><Point><coordinates>-47.433800,-22.783000,0</coordinates></Point></Placemark>
<Placemark><name>Radar</name><description>Fonte: DER-SP · sentido 122° (sudeste)</description><Point><coordinates>-47.433460,-22.782470,0</coordinates></Point></Placemark>
<Placemark><name>Radar 60 km/h</name><description>Fonte: OSM</description><Point><coordinates>-46.573433,-22.781880,0</coordinates></Point></Placemark>
<Placemark><name>Radar</name><description>Fonte: DER-SP</description><Point><coordinates>-46.757888,-22.780949,0</coordinates></Point></Placemark>
<Placemark><name>Radar 40 km/h</name><description>Fonte: OSM</description><Point><coordinates>-45.612863,-22.777094,0</coordinates></Point></Placemark>
<Placemark><name>Radar</name><description>Fonte: OSM</description><Point><coordinates>-45.153003,-22.777066,0</coordinates></Point></Placemark>
<Placemark><name>Radar</name><description>Fonte: DER-SP</description><Point><coordinates>-45.612470,-22.777030,0</coordinates></Point></Placemark>
<Placemark><name>Radar</name><description>Fonte: OSM</description><Point><coordinates>-45.152757,-22.776476,0</coordinates></Point></Placemark>
<Placemark><name>Radar</name><description>Fonte: DER-SP · sentido 26° (nordeste)</description><Point><coordinates>-47.423129,-22.772590,0</coordinates></Point></Placemark>
<Placemark><name>Radar</name><description>Fonte: DER-SP · sentido 221° (sudoeste)</description><Point><coordinates>-49.500780,-22.772400,0</coordinates></Point></Placemark>
<Placemark><name>Radar 110 km/h</name><description>Fonte: OSM</description><Point><coordinates>-49.500720,-22.772366,0</coordinates></Point></Placemark>
<Placemark><name>Radar</name><description>Fonte: DER-SP</description><Point><coordinates>-46.560607,-22.772223,0</coordinates></Point></Placemark>
<Placemark><name>Radar</name><description>Fonte: DER-SP · sentido 221° (sudoeste)</description><Point><coordinates>-49.500738,-22.772221,0</coordinates></Point></Placemark>
<Placemark><name>Radar</name><description>Fonte: DER-SP · sentido 207° (sudoeste)</description><Point><coordinates>-47.421996,-22.770290,0</coordinates></Point></Placemark>
<Placemark><name>Radar</name><description>Fonte: DER-SP</description><Point><coordinates>-48.550430,-22.768910,0</coordinates></Point></Placemark>
<Placemark><name>Radar</name><description>Fonte: DER-SP · sentido 120° (sudeste)</description><Point><coordinates>-47.302847,-22.768822,0</coordinates></Point></Placemark>
<Placemark><name>Radar</name><description>Fonte: DER-SP · sentido 265° (oeste)</description><Point><coordinates>-47.418320,-22.766345,0</coordinates></Point></Placemark>
<Placemark><name>Radar</name><description>Fonte: DER-SP · sentido 293° (noroeste)</description><Point><coordinates>-47.315862,-22.766121,0</coordinates></Point></Placemark>
<Placemark><name>Radar</name><description>Fonte: OSM</description><Point><coordinates>-45.147393,-22.765282,0</coordinates></Point></Placemark>
<Placemark><name>Radar</name><description>Fonte: DER-SP</description><Point><coordinates>-45.147260,-22.765033,0</coordinates></Point></Placemark>
<Placemark><name>Radar</name><description>Fonte: OSM</description><Point><coordinates>-45.147055,-22.764780,0</coordinates></Point></Placemark>
<Placemark><name>Radar</name><description>Fonte: OSM</description><Point><coordinates>-45.147020,-22.764728,0</coordinates></Point></Placemark>
<Placemark><name>Radar</name><description>Fonte: DER-SP · sentido 265° (oeste)</description><Point><coordinates>-47.387746,-22.764226,0</coordinates></Point></Placemark>
<Placemark><name>Radar</name><description>Fonte: DER-SP · sentido 230° (sudoeste)</description><Point><coordinates>-50.604700,-22.764000,0</coordinates></Point></Placemark>
<Placemark><name>Radar</name><description>Fonte: DER-SP · sentido 87° (leste)</description><Point><coordinates>-47.378361,-22.763667,0</coordinates></Point></Placemark>
<Placemark><name>Radar</name><description>Fonte: DER-SP · sentido 85° (leste)</description><Point><coordinates>-47.356742,-22.762080,0</coordinates></Point></Placemark>
<Placemark><name>Radar</name><description>Fonte: DER-SP · sentido 265° (oeste)</description><Point><coordinates>-47.355922,-22.762017,0</coordinates></Point></Placemark>
<Placemark><name>Radar</name><description>Fonte: DER-SP · sentido 86° (leste)</description><Point><coordinates>-47.326374,-22.760004,0</coordinates></Point></Placemark>
<Placemark><name>Radar</name><description>Fonte: DER-SP · sentido 261° (oeste)</description><Point><coordinates>-47.319678,-22.759122,0</coordinates></Point></Placemark>
<Placemark><name>Radar 110 km/h</name><description>Fonte: OSM</description><Point><coordinates>-45.114540,-22.757619,0</coordinates></Point></Placemark>
<Placemark><name>Radar</name><description>Fonte: DER-SP</description><Point><coordinates>-47.473426,-22.757362,0</coordinates></Point></Placemark>
<Placemark><name>Radar 110 km/h</name><description>Fonte: ANTT · sentido 52° (nordeste)</description><Point><coordinates>-45.114169,-22.757284,0</coordinates></Point></Placemark>
<Placemark><name>Radar 50 km/h</name><description>Fonte: OSM</description><Point><coordinates>-47.401468,-22.757204,0</coordinates></Point></Placemark>
<Placemark><name>Radar</name><description>Fonte: DER-SP · sentido 20° (norte)</description><Point><coordinates>-47.431162,-22.757087,0</coordinates></Point></Placemark>
<Placemark><name>Radar 60 km/h</name><description>Fonte: OSM</description><Point><coordinates>-47.431124,-22.757021,0</coordinates></Point></Placemark>
<Placemark><name>Radar</name><description>Fonte: DER-SP · sentido 253° (oeste)</description><Point><coordinates>-47.310343,-22.756693,0</coordinates></Point></Placemark>
<Placemark><name>Radar</name><description>Fonte: DER-SP · sentido 94° (leste)</description><Point><coordinates>-47.264149,-22.754858,0</coordinates></Point></Placemark>
<Placemark><name>Radar</name><description>Fonte: OSM</description><Point><coordinates>-45.139169,-22.754711,0</coordinates></Point></Placemark>
<Placemark><name>Radar</name><description>Fonte: OSM</description><Point><coordinates>-45.138693,-22.753760,0</coordinates></Point></Placemark>
<Placemark><name>Radar</name><description>Fonte: DER-SP</description><Point><coordinates>-45.138600,-22.753687,0</coordinates></Point></Placemark>
<Placemark><name>Radar</name><description>Fonte: OSM</description><Point><coordinates>-45.138457,-22.753282,0</coordinates></Point></Placemark>
<Placemark><name>Radar</name><description>Fonte: DER-SP · sentido 5° (norte)</description><Point><coordinates>-47.020362,-22.752132,0</coordinates></Point></Placemark>
<Placemark><name>Radar</name><description>Fonte: DER-SP</description><Point><coordinates>-48.482040,-22.751380,0</coordinates></Point></Placemark>
<Placemark><name>Radar</name><description>Fonte: DER-SP · sentido 348° (norte)</description><Point><coordinates>-47.598440,-22.750420,0</coordinates></Point></Placemark>
<Placemark><name>Radar</name><description>Fonte: DER-SP · sentido 348° (norte)</description><Point><coordinates>-47.598760,-22.750215,0</coordinates></Point></Placemark>
<Placemark><name>Radar 40 km/h</name><description>Fonte: OSM</description><Point><coordinates>-45.106071,-22.749838,0</coordinates></Point></Placemark>
<Placemark><name>Radar 40 km/h</name><description>Fonte: OSM</description><Point><coordinates>-45.105995,-22.749801,0</coordinates></Point></Placemark>
<Placemark><name>Radar 110 km/h</name><description>Fonte: OSM</description><Point><coordinates>-50.185464,-22.749342,0</coordinates></Point></Placemark>
<Placemark><name>Radar</name><description>Fonte: DER-SP · sentido 118° (sudeste)</description><Point><coordinates>-50.185598,-22.749267,0</coordinates></Point></Placemark>
<Placemark><name>Radar</name><description>Fonte: OSM</description><Point><coordinates>-45.136161,-22.748583,0</coordinates></Point></Placemark>
<Placemark><name>Radar</name><description>Fonte: DER-SP · sentido 318° (noroeste)</description><Point><coordinates>-47.156951,-22.748565,0</coordinates></Point></Placemark>
<Placemark><name>Radar</name><description>Fonte: DER-SP</description><Point><coordinates>-47.710444,-22.744698,0</coordinates></Point></Placemark>
<Placemark><name>Radar</name><description>Fonte: DER-SP · sentido 316° (noroeste)</description><Point><coordinates>-47.268121,-22.743974,0</coordinates></Point></Placemark>
<Placemark><name>Radar</name><description>Fonte: OSM</description><Point><coordinates>-47.268918,-22.743045,0</coordinates></Point></Placemark>
<Placemark><name>Radar</name><description>Fonte: DER-SP</description><Point><coordinates>-47.267200,-22.743000,0</coordinates></Point></Placemark>
<Placemark><name>Radar</name><description>Fonte: DER-SP</description><Point><coordinates>-47.579685,-22.742293,0</coordinates></Point></Placemark>
<Placemark><name>Radar 50 km/h</name><description>Fonte: OSM</description><Point><coordinates>-47.667537,-22.742123,0</coordinates></Point></Placemark>
<Placemark><name>Radar</name><description>Fonte: DER-SP</description><Point><coordinates>-47.576188,-22.741429,0</coordinates></Point></Placemark>
<Placemark><name>Radar</name><description>Fonte: DER-SP</description><Point><coordinates>-47.472991,-22.740114,0</coordinates></Point></Placemark>
<Placemark><name>Radar</name><description>Fonte: DER-SP</description><Point><coordinates>-47.588593,-22.739364,0</coordinates></Point></Placemark>
<Placemark><name>Radar</name><description>Fonte: DER-SP</description><Point><coordinates>-50.371425,-22.739213,0</coordinates></Point></Placemark>
<Placemark><name>Radar 40 km/h</name><description>Fonte: OSM</description><Point><coordinates>-46.906655,-22.739187,0</coordinates></Point></Placemark>
<Placemark><name>Radar</name><description>Fonte: DER-SP</description><Point><coordinates>-47.592186,-22.738483,0</coordinates></Point></Placemark>
<Placemark><name>Radar</name><description>Fonte: DER-SP · sentido 220° (sudoeste)</description><Point><coordinates>-47.156815,-22.738087,0</coordinates></Point></Placemark>
<Placemark><name>Radar 40 km/h</name><description>Fonte: OSM</description><Point><coordinates>-46.905020,-22.737331,0</coordinates></Point></Placemark>
<Placemark><name>Radar</name><description>Fonte: DER-SP</description><Point><coordinates>-47.540643,-22.736739,0</coordinates></Point></Placemark>
<Placemark><name>Radar</name><description>Fonte: OSM</description><Point><coordinates>-47.639447,-22.735336,0</coordinates></Point></Placemark>
<Placemark><name>Radar</name><description>Fonte: DER-SP</description><Point><coordinates>-46.564357,-22.735019,0</coordinates></Point></Placemark>
<Placemark><name>Radar</name><description>Fonte: DER-SP</description><Point><coordinates>-46.869626,-22.734703,0</coordinates></Point></Placemark>
<Placemark><name>Radar</name><description>Fonte: DNIT</description><Point><coordinates>-45.097879,-22.734203,0</coordinates></Point></Placemark>
<Placemark><name>Radar</name><description>Fonte: DER-SP</description><Point><coordinates>-47.536810,-22.733754,0</coordinates></Point></Placemark>
<Placemark><name>Radar 40 km/h</name><description>Fonte: OSM</description><Point><coordinates>-45.098124,-22.733747,0</coordinates></Point></Placemark>
<Placemark><name>Radar</name><description>Fonte: OSM</description><Point><coordinates>-47.326428,-22.733638,0</coordinates></Point></Placemark>
<Placemark><name>Radar 50 km/h</name><description>Fonte: OSM</description><Point><coordinates>-45.570703,-22.733117,0</coordinates></Point></Placemark>
<Placemark><name>Radar</name><description>Fonte: OSM</description><Point><coordinates>-47.312446,-22.732931,0</coordinates></Point></Placemark>
<Placemark><name>Radar 40 km/h</name><description>Fonte: OSM</description><Point><coordinates>-49.461005,-22.732434,0</coordinates></Point></Placemark>
<Placemark><name>Radar 40 km/h</name><description>Fonte: OSM</description><Point><coordinates>-45.099888,-22.730934,0</coordinates></Point></Placemark>
<Placemark><name>Radar</name><description>Fonte: OSM</description><Point><coordinates>-47.302295,-22.730634,0</coordinates></Point></Placemark>
<Placemark><name>Radar</name><description>Fonte: OSM</description><Point><coordinates>-47.302323,-22.730560,0</coordinates></Point></Placemark>
<Placemark><name>Radar</name><description>Fonte: DNIT</description><Point><coordinates>-45.100116,-22.730523,0</coordinates></Point></Placemark>
<Placemark><name>Radar</name><description>Fonte: OSM</description><Point><coordinates>-47.295163,-22.728706,0</coordinates></Point></Placemark>
<Placemark><name>Radar</name><description>Fonte: OSM</description><Point><coordinates>-47.294640,-22.728472,0</coordinates></Point></Placemark>
<Placemark><name>Radar</name><description>Fonte: DER-SP</description><Point><coordinates>-47.559491,-22.726495,0</coordinates></Point></Placemark>
<Placemark><name>Radar</name><description>Fonte: DER-SP</description><Point><coordinates>-48.439510,-22.726310,0</coordinates></Point></Placemark>
<Placemark><name>Radar</name><description>Fonte: OSM</description><Point><coordinates>-45.580257,-22.725748,0</coordinates></Point></Placemark>
<Placemark><name>Radar</name><description>Fonte: OSM</description><Point><coordinates>-45.579215,-22.725621,0</coordinates></Point></Placemark>
<Placemark><name>Radar</name><description>Fonte: OSM</description><Point><coordinates>-45.104124,-22.724124,0</coordinates></Point></Placemark>
<Placemark><name>Radar</name><description>Fonte: DNIT</description><Point><coordinates>-45.104064,-22.724121,0</coordinates></Point></Placemark>
<Placemark><name>Radar 60 km/h</name><description>Fonte: OSM</description><Point><coordinates>-45.104289,-22.723861,0</coordinates></Point></Placemark>
<Placemark><name>Radar 100 km/h</name><description>Fonte: OSM</description><Point><coordinates>-50.549176,-22.723129,0</coordinates></Point></Placemark>
<Placemark><name>Radar</name><description>Fonte: DER-SP · sentido 51° (nordeste)</description><Point><coordinates>-50.549200,-22.723100,0</coordinates></Point></Placemark>
<Placemark><name>Radar</name><description>Fonte: OSM</description><Point><coordinates>-45.574594,-22.722483,0</coordinates></Point></Placemark>
<Placemark><name>Radar</name><description>Fonte: DER-SP · sentido 232° (sudoeste)</description><Point><coordinates>-50.546794,-22.721188,0</coordinates></Point></Placemark>
<Placemark><name>Radar 90 km/h</name><description>Fonte: OSM</description><Point><coordinates>-47.614062,-22.720995,0</coordinates></Point></Placemark>
<Placemark><name>Radar</name><description>Fonte: DER-SP · sentido 78° (leste)</description><Point><coordinates>-46.789159,-22.720978,0</coordinates></Point></Placemark>
<Placemark><name>Radar 90 km/h</name><description>Fonte: OSM</description><Point><coordinates>-47.614052,-22.720813,0</coordinates></Point></Placemark>
<Placemark><name>Radar</name><description>Fonte: OSM</description><Point><coordinates>-45.573812,-22.720329,0</coordinates></Point></Placemark>
<Placemark><name>Radar</name><description>Fonte: DER-SP · sentido 194° (sul)</description><Point><coordinates>-46.933057,-22.720215,0</coordinates></Point></Placemark>
<Placemark><name>Radar 110 km/h</name><description>Fonte: OSM</description><Point><coordinates>-50.243053,-22.720152,0</coordinates></Point></Placemark>
<Placemark><name>Radar</name><description>Fonte: DER-SP · sentido 299° (noroeste)</description><Point><coordinates>-50.243070,-22.720080,0</coordinates></Point></Placemark>
<Placemark><name>Radar 60 km/h</name><description>Fonte: OSM</description><Point><coordinates>-45.106650,-22.720071,0</coordinates></Point></Placemark>
<Placemark><name>Radar</name><description>Fonte: DNIT</description><Point><coordinates>-45.106805,-22.719959,0</coordinates></Point></Placemark>
<Placemark><name>Radar</name><description>Fonte: DER-SP · sentido 299° (noroeste)</description><Point><coordinates>-50.243170,-22.719943,0</coordinates></Point></Placemark>
<Placemark><name>Radar 50 km/h</name><description>Fonte: OSM</description><Point><coordinates>-47.646119,-22.719883,0</coordinates></Point></Placemark>
<Placemark><name>Radar</name><description>Fonte: DER-SP</description><Point><coordinates>-46.807242,-22.719470,0</coordinates></Point></Placemark>
<Placemark><name>Radar</name><description>Fonte: DER-SP · sentido 53° (nordeste)</description><Point><coordinates>-46.939183,-22.718758,0</coordinates></Point></Placemark>
<Placemark><name>Radar</name><description>Fonte: OSM</description><Point><coordinates>-45.727959,-22.716839,0</coordinates></Point></Placemark>
<Placemark><name>Radar</name><description>Fonte: DER-SP</description><Point><coordinates>-45.727813,-22.716750,0</coordinates></Point></Placemark>
<Placemark><name>Radar</name><description>Fonte: OSM</description><Point><coordinates>-45.727651,-22.716461,0</coordinates></Point></Placemark>
<Placemark><name>Radar</name><description>Fonte: DER-SP · sentido 284° (oeste)</description><Point><coordinates>-46.835403,-22.709319,0</coordinates></Point></Placemark>
<Placemark><name>Radar</name><description>Fonte: DER-SP · sentido 283° (oeste)</description><Point><coordinates>-46.965941,-22.706523,0</coordinates></Point></Placemark>
<Placemark><name>Radar</name><description>Fonte: DER-SP</description><Point><coordinates>-47.454904,-22.704623,0</coordinates></Point></Placemark>
<Placemark><name>Radar</name><description>Fonte: OSM</description><Point><coordinates>-47.013054,-22.703286,0</coordinates></Point></Placemark>
<Placemark><name>Radar</name><description>Fonte: DER-SP · sentido 182° (sul)</description><Point><coordinates>-47.013269,-22.702466,0</coordinates></Point></Placemark>
<Placemark><name>Radar</name><description>Fonte: DER-SP · sentido 2° (norte)</description><Point><coordinates>-47.013040,-22.702149,0</coordinates></Point></Placemark>
<Placemark><name>Radar</name><description>Fonte: OSM</description><Point><coordinates>-47.013252,-22.702032,0</coordinates></Point></Placemark>
<Placemark><name>Radar</name><description>Fonte: DER-SP · sentido 323° (noroeste)</description><Point><coordinates>-47.305459,-22.701383,0</coordinates></Point></Placemark>
<Placemark><name>Radar</name><description>Fonte: DER-SP · sentido 325° (noroeste)</description><Point><coordinates>-47.147385,-22.700505,0</coordinates></Point></Placemark>
<Placemark><name>Radar 60 km/h</name><description>Fonte: OSM</description><Point><coordinates>-45.737217,-22.697620,0</coordinates></Point></Placemark>
<Placemark><name>Radar</name><description>Fonte: DNIT</description><Point><coordinates>-45.121300,-22.696500,0</coordinates></Point></Placemark>
<Placemark><name>Radar 60 km/h</name><description>Fonte: OSM</description><Point><coordinates>-45.121465,-22.696310,0</coordinates></Point></Placemark>
<Placemark><name>Radar</name><description>Fonte: DER-SP</description><Point><coordinates>-46.972357,-22.694646,0</coordinates></Point></Placemark>
<Placemark><name>Radar 60 km/h</name><description>Fonte: OSM</description><Point><coordinates>-45.737929,-22.692403,0</coordinates></Point></Placemark>
<Placemark><name>Radar</name><description>Fonte: DER-SP · sentido 138° (sudeste)</description><Point><coordinates>-47.667617,-22.689228,0</coordinates></Point></Placemark>
<Placemark><name>Radar</name><description>Fonte: DER-SP · sentido 317° (noroeste)</description><Point><coordinates>-47.667499,-22.689009,0</coordinates></Point></Placemark>
<Placemark><name>Radar</name><description>Fonte: DER-SP · sentido 113° (sudeste)</description><Point><coordinates>-47.671831,-22.686498,0</coordinates></Point></Placemark>
<Placemark><name>Radar</name><description>Fonte: DER-SP · sentido 292° (oeste)</description><Point><coordinates>-47.671707,-22.686279,0</coordinates></Point></Placemark>
<Placemark><name>Radar</name><description>Fonte: DER-SP · sentido 103° (leste)</description><Point><coordinates>-47.683611,-22.683961,0</coordinates></Point></Placemark>
<Placemark><name>Radar</name><description>Fonte: DER-SP · sentido 283° (oeste)</description><Point><coordinates>-47.682128,-22.683953,0</coordinates></Point></Placemark>
<Placemark><name>Radar</name><description>Fonte: DER-SP · sentido 103° (leste)</description><Point><coordinates>-47.692117,-22.682033,0</coordinates></Point></Placemark>
<Placemark><name>Radar</name><description>Fonte: DER-SP</description><Point><coordinates>-48.255110,-22.681630,0</coordinates></Point></Placemark>
<Placemark><name>Radar</name><description>Fonte: DER-SP</description><Point><coordinates>-46.741562,-22.680923,0</coordinates></Point></Placemark>
<Placemark><name>Radar</name><description>Fonte: DER-SP</description><Point><coordinates>-46.778021,-22.678971,0</coordinates></Point></Placemark>
<Placemark><name>Radar</name><description>Fonte: DER-SP · sentido 98° (leste)</description><Point><coordinates>-47.727931,-22.676856,0</coordinates></Point></Placemark>
<Placemark><name>Radar</name><description>Fonte: DER-SP · sentido 98° (leste)</description><Point><coordinates>-47.728102,-22.676803,0</coordinates></Point></Placemark>
<Placemark><name>Radar</name><description>Fonte: DER-SP · sentido 136° (sudeste)</description><Point><coordinates>-47.770169,-22.674411,0</coordinates></Point></Placemark>
<Placemark><name>Radar</name><description>Fonte: DER-SP · sentido 278° (oeste)</description><Point><coordinates>-47.752052,-22.673393,0</coordinates></Point></Placemark>
<Placemark><name>Radar 110 km/h</name><description>Fonte: ANTT · sentido 29° (nordeste)</description><Point><coordinates>-44.995861,-22.672040,0</coordinates></Point></Placemark>
<Placemark><name>Radar 110 km/h</name><description>Fonte: ANTT · sentido 30° (nordeste)</description><Point><coordinates>-44.995530,-22.671890,0</coordinates></Point></Placemark>
<Placemark><name>Radar 110 km/h</name><description>Fonte: OSM</description><Point><coordinates>-44.995622,-22.671744,0</coordinates></Point></Placemark>
<Placemark><name>Radar</name><description>Fonte: DER-SP · sentido 164° (sul)</description><Point><coordinates>-50.480100,-22.671100,0</coordinates></Point></Placemark>
<Placemark><name>Radar</name><description>Fonte: DER-SP · sentido 231° (sudoeste)</description><Point><coordinates>-50.473850,-22.667460,0</coordinates></Point></Placemark>
<Placemark><name>Radar 80 km/h</name><description>Fonte: OSM</description><Point><coordinates>-50.473915,-22.667402,0</coordinates></Point></Placemark>
<Placemark><name>Radar</name><description>Fonte: DER-SP · sentido 323° (noroeste)</description><Point><coordinates>-47.608650,-22.662980,0</coordinates></Point></Placemark>
<Placemark><name>Radar</name><description>Fonte: DER-SP · sentido 323° (noroeste)</description><Point><coordinates>-47.608653,-22.662975,0</coordinates></Point></Placemark>
<Placemark><name>Radar 110 km/h</name><description>Fonte: OSM</description><Point><coordinates>-50.359737,-22.660999,0</coordinates></Point></Placemark>
<Placemark><name>Radar</name><description>Fonte: DER-SP</description><Point><coordinates>-44.933595,-22.656701,0</coordinates></Point></Placemark>
<Placemark><name>Radar 40 km/h</name><description>Fonte: OSM</description><Point><coordinates>-47.807413,-22.648425,0</coordinates></Point></Placemark>
<Placemark><name>Radar</name><description>Fonte: DER-SP</description><Point><coordinates>-47.809824,-22.648276,0</coordinates></Point></Placemark>
<Placemark><name>Radar 40 km/h</name><description>Fonte: OSM</description><Point><coordinates>-47.807342,-22.648252,0</coordinates></Point></Placemark>
<Placemark><name>Radar</name><description>Fonte: DER-SP · sentido 284° (oeste)</description><Point><coordinates>-47.807538,-22.648236,0</coordinates></Point></Placemark>
<Placemark><name>Radar</name><description>Fonte: DER-SP · sentido 107° (leste)</description><Point><coordinates>-47.806776,-22.648207,0</coordinates></Point></Placemark>
<Placemark><name>Radar 40 km/h</name><description>Fonte: OSM</description><Point><coordinates>-47.807028,-22.648172,0</coordinates></Point></Placemark>
<Placemark><name>Radar 40 km/h</name><description>Fonte: OSM</description><Point><coordinates>-47.806996,-22.648059,0</coordinates></Point></Placemark>
<Placemark><name>Radar 60 km/h</name><description>Fonte: OSM</description><Point><coordinates>-50.437739,-22.640675,0</coordinates></Point></Placemark>
<Placemark><name>Radar</name><description>Fonte: DER-SP · sentido 52° (nordeste)</description><Point><coordinates>-50.437752,-22.640659,0</coordinates></Point></Placemark>
<Placemark><name>Radar</name><description>Fonte: DER-SP · sentido 52° (nordeste)</description><Point><coordinates>-50.437479,-22.640659,0</coordinates></Point></Placemark>
<Placemark><name>Radar</name><description>Fonte: DER-SP</description><Point><coordinates>-46.730037,-22.640554,0</coordinates></Point></Placemark>
<Placemark><name>Radar 60 km/h</name><description>Fonte: OSM</description><Point><coordinates>-50.412759,-22.638035,0</coordinates></Point></Placemark>
<Placemark><name>Radar 60 km/h</name><description>Fonte: OSM</description><Point><coordinates>-50.412754,-22.637954,0</coordinates></Point></Placemark>
<Placemark><name>Radar</name><description>Fonte: DER-SP · sentido 43° (nordeste)</description><Point><coordinates>-50.403215,-22.637888,0</coordinates></Point></Placemark>
<Placemark><name>Radar 60 km/h</name><description>Fonte: OSM</description><Point><coordinates>-50.402499,-22.637091,0</coordinates></Point></Placemark>
<Placemark><name>Radar</name><description>Fonte: OSM</description><Point><coordinates>-44.973777,-22.635538,0</coordinates></Point></Placemark>
<Placemark><name>Radar 110 km/h</name><description>Fonte: OSM</description><Point><coordinates>-50.453677,-22.635376,0</coordinates></Point></Placemark>
<Placemark><name>Radar</name><description>Fonte: DER-SP · sentido 273° (oeste)</description><Point><coordinates>-50.453680,-22.635300,0</coordinates></Point></Placemark>
<Placemark><name>Radar</name><description>Fonte: DER-SP · sentido 274° (oeste)</description><Point><coordinates>-50.453664,-22.635260,0</coordinates></Point></Placemark>
<Placemark><name>Radar</name><description>Fonte: DER-SP</description><Point><coordinates>-44.973871,-22.635160,0</coordinates></Point></Placemark>
<Placemark><name>Radar</name><description>Fonte: DER-SP</description><Point><coordinates>-46.534265,-22.629144,0</coordinates></Point></Placemark>
<Placemark><name>Radar</name><description>Fonte: DER-SP</description><Point><coordinates>-47.277668,-22.628769,0</coordinates></Point></Placemark>
<Placemark><name>Radar</name><description>Fonte: DER-SP · sentido 311° (noroeste)</description><Point><coordinates>-48.749457,-22.627188,0</coordinates></Point></Placemark>
<Placemark><name>Radar 80 km/h</name><description>Fonte: ANTT · sentido 86° (leste)</description><Point><coordinates>-44.912904,-22.624533,0</coordinates></Point></Placemark>
<Placemark><name>Radar 80 km/h</name><description>Fonte: ANTT · sentido 87° (leste)</description><Point><coordinates>-44.912786,-22.624377,0</coordinates></Point></Placemark>
<Placemark><name>Radar</name><description>Fonte: DNIT</description><Point><coordinates>-45.161684,-22.624243,0</coordinates></Point></Placemark>
<Placemark><name>Radar</name><description>Fonte: OSM</description><Point><coordinates>-45.161628,-22.623897,0</coordinates></Point></Placemark>
<Placemark><name>Radar 80 km/h</name><description>Fonte: ANTT · sentido 195° (sul)</description><Point><coordinates>-44.909544,-22.621919,0</coordinates></Point></Placemark>
<Placemark><name>Radar</name><description>Fonte: OSM</description><Point><coordinates>-45.165120,-22.620059,0</coordinates></Point></Placemark>
<Placemark><name>Radar 30 km/h</name><description>Fonte: OSM</description><Point><coordinates>-51.742186,-22.619727,0</coordinates></Point></Placemark>
<Placemark><name>Radar 80 km/h</name><description>Fonte: OSM</description><Point><coordinates>-51.240296,-22.615869,0</coordinates></Point></Placemark>
<Placemark><name>Radar</name><description>Fonte: DER-SP</description><Point><coordinates>-51.240125,-22.615858,0</coordinates></Point></Placemark>
<Placemark><name>Radar</name><description>Fonte: DER-SP</description><Point><coordinates>-45.112645,-22.612924,0</coordinates></Point></Placemark>
<Placemark><name>Radar</name><description>Fonte: DER-SP</description><Point><coordinates>-46.526267,-22.607523,0</coordinates></Point></Placemark>
<Placemark><name>Radar</name><description>Fonte: DER-SP · sentido 1° (norte)</description><Point><coordinates>-47.714761,-22.606752,0</coordinates></Point></Placemark>
<Placemark><name>Radar</name><description>Fonte: DER-SP</description><Point><coordinates>-47.717361,-22.606751,0</coordinates></Point></Placemark>
<Placemark><name>Radar 40 km/h</name><description>Fonte: OSM</description><Point><coordinates>-47.714653,-22.606612,0</coordinates></Point></Placemark>
<Placemark><name>Radar 40 km/h</name><description>Fonte: OSM</description><Point><coordinates>-47.714756,-22.606610,0</coordinates></Point></Placemark>
<Placemark><name>Radar</name><description>Fonte: DER-SP</description><Point><coordinates>-47.094386,-22.606487,0</coordinates></Point></Placemark>
<Placemark><name>Radar 40 km/h</name><description>Fonte: OSM</description><Point><coordinates>-47.714944,-22.606389,0</coordinates></Point></Placemark>
<Placemark><name>Radar 40 km/h</name><description>Fonte: OSM</description><Point><coordinates>-47.715045,-22.606386,0</coordinates></Point></Placemark>
<Placemark><name>Radar</name><description>Fonte: DER-SP · sentido 183° (sul)</description><Point><coordinates>-47.714938,-22.606171,0</coordinates></Point></Placemark>
<Placemark><name>Radar</name><description>Fonte: DER-SP</description><Point><coordinates>-50.871024,-22.604303,0</coordinates></Point></Placemark>
<Placemark><name>Radar</name><description>Fonte: DER-SP</description><Point><coordinates>-45.006991,-22.599943,0</coordinates></Point></Placemark>
<Placemark><name>Radar</name><description>Fonte: DER-SP</description><Point><coordinates>-44.998327,-22.598152,0</coordinates></Point></Placemark>
<Placemark><name>Radar</name><description>Fonte: OSM</description><Point><coordinates>-44.970354,-22.592132,0</coordinates></Point></Placemark>
<Placemark><name>Radar 40 km/h</name><description>Fonte: OSM</description><Point><coordinates>-47.368769,-22.590394,0</coordinates></Point></Placemark>
<Placemark><name>Radar</name><description>Fonte: DER-SP</description><Point><coordinates>-47.148472,-22.586761,0</coordinates></Point></Placemark>
<Placemark><name>Radar</name><description>Fonte: OSM</description><Point><coordinates>-47.380218,-22.585307,0</coordinates></Point></Placemark>
<Placemark><name>Radar 80 km/h</name><description>Fonte: OSM</description><Point><coordinates>-44.879861,-22.585135,0</coordinates></Point></Placemark>
<Placemark><name>Radar 80 km/h</name><description>Fonte: ANTT · sentido 76° (leste)</description><Point><coordinates>-44.879807,-22.585081,0</coordinates></Point></Placemark>
<Placemark><name>Radar 80 km/h</name><description>Fonte: OSM</description><Point><coordinates>-48.798383,-22.584896,0</coordinates></Point></Placemark>
<Placemark><name>Radar 80 km/h</name><description>Fonte: OSM</description><Point><coordinates>-48.798919,-22.584717,0</coordinates></Point></Placemark>
<Placemark><name>Radar</name><description>Fonte: DER-SP · sentido 128° (sudeste)</description><Point><coordinates>-48.799207,-22.584608,0</coordinates></Point></Placemark>
<Placemark><name>Radar</name><description>Fonte: DER-SP</description><Point><coordinates>-44.981472,-22.584226,0</coordinates></Point></Placemark>
<Placemark><name>Radar</name><description>Fonte: OSM</description><Point><coordinates>-44.982371,-22.583743,0</coordinates></Point></Placemark>
<Placemark><name>Radar</name><description>Fonte: OSM</description><Point><coordinates>-44.982819,-22.583416,0</coordinates></Point></Placemark>
<Placemark><name>Radar</name><description>Fonte: DER-SP</description><Point><coordinates>-48.792710,-22.578200,0</coordinates></Point></Placemark>
<Placemark><name>Radar</name><description>Fonte: DER-SP</description><Point><coordinates>-47.530522,-22.577025,0</coordinates></Point></Placemark>
<Placemark><name>Radar 80 km/h</name><description>Fonte: OSM</description><Point><coordinates>-47.491362,-22.575617,0</coordinates></Point></Placemark>
<Placemark><name>Radar</name><description>Fonte: DER-SP</description><Point><coordinates>-47.491064,-22.575528,0</coordinates></Point></Placemark>
<Placemark><name>Radar</name><description>Fonte: DER-SP</description><Point><coordinates>-47.474571,-22.572734,0</coordinates></Point></Placemark>
<Placemark><name>Radar</name><description>Fonte: OSM</description><Point><coordinates>-44.994417,-22.572521,0</coordinates></Point></Placemark>
<Placemark><name>Radar 40 km/h</name><description>Fonte: OSM</description><Point><coordinates>-50.517479,-22.572376,0</coordinates></Point></Placemark>
<Placemark><name>Radar</name><description>Fonte: DER-SP · sentido 132° (sudeste)</description><Point><coordinates>-50.517055,-22.572359,0</coordinates></Point></Placemark>
<Placemark><name>Radar 40 km/h</name><description>Fonte: OSM</description><Point><coordinates>-50.517115,-22.572356,0</coordinates></Point></Placemark>
<Placemark><name>Radar</name><description>Fonte: DER-SP</description><Point><coordinates>-44.994556,-22.572337,0</coordinates></Point></Placemark>
<Placemark><name>Radar 40 km/h</name><description>Fonte: OSM</description><Point><coordinates>-50.517358,-22.572288,0</coordinates></Point></Placemark>
<Placemark><name>Radar 40 km/h</name><description>Fonte: OSM</description><Point><coordinates>-50.517016,-22.572262,0</coordinates></Point></Placemark>
<Placemark><name>Radar</name><description>Fonte: DER-SP · sentido 313° (noroeste)</description><Point><coordinates>-50.517537,-22.572257,0</coordinates></Point></Placemark>
<Placemark><name>Radar</name><description>Fonte: DER-SP</description><Point><coordinates>-46.668747,-22.571303,0</coordinates></Point></Placemark>
<Placemark><name>Radar</name><description>Fonte: DER-SP</description><Point><coordinates>-50.521067,-22.571264,0</coordinates></Point></Placemark>
<Placemark><name>Radar 40 km/h</name><description>Fonte: OSM</description><Point><coordinates>-47.410015,-22.571140,0</coordinates></Point></Placemark>
<Placemark><name>Radar 40 km/h</name><description>Fonte: OSM</description><Point><coordinates>-47.409838,-22.570833,0</coordinates></Point></Placemark>
<Placemark><name>Radar</name><description>Fonte: DER-SP</description><Point><coordinates>-44.940573,-22.566398,0</coordinates></Point></Placemark>
<Placemark><name>Radar</name><description>Fonte: DER-SP</description><Point><coordinates>-47.911042,-22.566217,0</coordinates></Point></Placemark>
<Placemark><name>Radar</name><description>Fonte: DER-SP · sentido 253° (oeste)</description><Point><coordinates>-47.431700,-22.565300,0</coordinates></Point></Placemark>
<Placemark><name>Radar 80 km/h</name><description>Fonte: OSM</description><Point><coordinates>-47.431555,-22.565212,0</coordinates></Point></Placemark>
<Placemark><name>Radar 40 km/h</name><description>Fonte: OSM</description><Point><coordinates>-48.062148,-22.565095,0</coordinates></Point></Placemark>
<Placemark><name>Radar</name><description>Fonte: DER-SP · sentido 265° (oeste)</description><Point><coordinates>-48.062469,-22.565022,0</coordinates></Point></Placemark>
<Placemark><name>Radar</name><description>Fonte: DER-SP · sentido 265° (oeste)</description><Point><coordinates>-48.062509,-22.565018,0</coordinates></Point></Placemark>
<Placemark><name>Radar 40 km/h</name><description>Fonte: OSM</description><Point><coordinates>-48.062151,-22.565000,0</coordinates></Point></Placemark>
<Placemark><name>Radar</name><description>Fonte: DER-SP</description><Point><coordinates>-48.065236,-22.564878,0</coordinates></Point></Placemark>
<Placemark><name>Radar 40 km/h</name><description>Fonte: OSM</description><Point><coordinates>-48.061859,-22.564833,0</coordinates></Point></Placemark>
<Placemark><name>Radar</name><description>Fonte: OSM</description><Point><coordinates>-47.000517,-22.564766,0</coordinates></Point></Placemark>
<Placemark><name>Radar 40 km/h</name><description>Fonte: OSM</description><Point><coordinates>-48.061877,-22.564746,0</coordinates></Point></Placemark>
<Placemark><name>Radar</name><description>Fonte: DER-SP · sentido 81° (leste)</description><Point><coordinates>-48.061536,-22.564738,0</coordinates></Point></Placemark>
<Placemark><name>Radar</name><description>Fonte: OSM</description><Point><coordinates>-47.000311,-22.562165,0</coordinates></Point></Placemark>
<Placemark><name>Radar</name><description>Fonte: DER-SP</description><Point><coordinates>-46.583843,-22.555395,0</coordinates></Point></Placemark>
<Placemark><name>Radar 40 km/h</name><description>Fonte: OSM</description><Point><coordinates>-47.379260,-22.550879,0</coordinates></Point></Placemark>
<Placemark><name>Radar</name><description>Fonte: DER-SP</description><Point><coordinates>-52.235694,-22.550277,0</coordinates></Point></Placemark>
<Placemark><name>Radar</name><description>Fonte: DER-SP</description><Point><coordinates>-52.860776,-22.547861,0</coordinates></Point></Placemark>
<Placemark><name>Radar</name><description>Fonte: DER-SP</description><Point><coordinates>-52.248583,-22.544950,0</coordinates></Point></Placemark>
<Placemark><name>Radar</name><description>Fonte: OSM</description><Point><coordinates>-52.248539,-22.544907,0</coordinates></Point></Placemark>
<Placemark><name>Radar</name><description>Fonte: DER-SP</description><Point><coordinates>-52.269573,-22.536281,0</coordinates></Point></Placemark>
<Placemark><name>Radar 70 km/h</name><description>Fonte: OSM</description><Point><coordinates>-52.269819,-22.536139,0</coordinates></Point></Placemark>
<Placemark><name>Radar</name><description>Fonte: DER-SP</description><Point><coordinates>-52.291497,-22.527536,0</coordinates></Point></Placemark>
<Placemark><name>Radar</name><description>Fonte: OSM</description><Point><coordinates>-52.291409,-22.527533,0</coordinates></Point></Placemark>
<Placemark><name>Radar</name><description>Fonte: DER-SP · sentido 10° (norte)</description><Point><coordinates>-48.720780,-22.524300,0</coordinates></Point></Placemark>
<Placemark><name>Radar</name><description>Fonte: OSM</description><Point><coordinates>-52.918112,-22.523374,0</coordinates></Point></Placemark>
<Placemark><name>Radar</name><description>Fonte: DER-SP · sentido 188° (sul)</description><Point><coordinates>-48.720100,-22.518100,0</coordinates></Point></Placemark>
<Placemark><name>Radar</name><description>Fonte: DER-SP</description><Point><coordinates>-48.202075,-22.517664,0</coordinates></Point></Placemark>
<Placemark><name>Radar</name><description>Fonte: DER-SP</description><Point><coordinates>-52.945687,-22.517447,0</coordinates></Point></Placemark>
<Placemark><name>Radar</name><description>Fonte: DER-SP</description><Point><coordinates>-52.327280,-22.517436,0</coordinates></Point></Placemark>
<Placemark><name>Radar 70 km/h</name><description>Fonte: OSM</description><Point><coordinates>-52.327451,-22.517359,0</coordinates></Point></Placemark>
<Placemark><name>Radar</name><description>Fonte: OSM</description><Point><coordinates>-52.327618,-22.517273,0</coordinates></Point></Placemark>
<Placemark><name>Radar</name><description>Fonte: OSM</description><Point><coordinates>-47.394730,-22.515902,0</coordinates></Point></Placemark>
<Placemark><name>Radar</name><description>Fonte: DER-SP</description><Point><coordinates>-52.340712,-22.515457,0</coordinates></Point></Placemark>
<Placemark><name>Radar</name><description>Fonte: OSM</description><Point><coordinates>-52.340744,-22.515389,0</coordinates></Point></Placemark>
<Placemark><name>Radar</name><description>Fonte: OSM</description><Point><coordinates>-45.016853,-22.514071,0</coordinates></Point></Placemark>
<Placemark><name>Radar</name><description>Fonte: DER-SP</description><Point><coordinates>-45.016865,-22.514067,0</coordinates></Point></Placemark>
<Placemark><name>Radar</name><description>Fonte: DER-SP</description><Point><coordinates>-52.466161,-22.502938,0</coordinates></Point></Placemark>
<Placemark><name>Radar</name><description>Fonte: OSM</description><Point><coordinates>-52.464953,-22.502922,0</coordinates></Point></Placemark>
<Placemark><name>Radar</name><description>Fonte: OSM</description><Point><coordinates>-52.474648,-22.502529,0</coordinates></Point></Placemark>
<Placemark><name>Radar 60 km/h</name><description>Fonte: OSM</description><Point><coordinates>-48.542528,-22.501987,0</coordinates></Point></Placemark>
<Placemark><name>Radar 60 km/h</name><description>Fonte: OSM</description><Point><coordinates>-48.542502,-22.501950,0</coordinates></Point></Placemark>
<Placemark><name>Radar 60 km/h</name><description>Fonte: OSM</description><Point><coordinates>-48.542611,-22.501851,0</coordinates></Point></Placemark>
<Placemark><name>Radar</name><description>Fonte: DER-SP</description><Point><coordinates>-52.489820,-22.500912,0</coordinates></Point></Placemark>
<Placemark><name>Radar 50 km/h</name><description>Fonte: OSM</description><Point><coordinates>-48.544696,-22.500847,0</coordinates></Point></Placemark>
<Placemark><name>Radar 50 km/h</name><description>Fonte: OSM</description><Point><coordinates>-48.544722,-22.500756,0</coordinates></Point></Placemark>
<Placemark><name>Radar</name><description>Fonte: DER-SP · sentido 105° (leste)</description><Point><coordinates>-48.546460,-22.500750,0</coordinates></Point></Placemark>
<Placemark><name>Radar</name><description>Fonte: OSM</description><Point><coordinates>-52.490465,-22.500736,0</coordinates></Point></Placemark>
<Placemark><name>Radar</name><description>Fonte: OSM</description><Point><coordinates>-48.571680,-22.495787,0</coordinates></Point></Placemark>
<Placemark><name>Radar</name><description>Fonte: DER-SP</description><Point><coordinates>-49.314972,-22.495759,0</coordinates></Point></Placemark>
<Placemark><name>Radar</name><description>Fonte: OSM</description><Point><coordinates>-48.571554,-22.495759,0</coordinates></Point></Placemark>
<Placemark><name>Radar</name><description>Fonte: DER-SP · sentido 147° (sudeste)</description><Point><coordinates>-49.312491,-22.495482,0</coordinates></Point></Placemark>
<Placemark><name>Radar 40 km/h</name><description>Fonte: OSM</description><Point><coordinates>-49.312561,-22.495425,0</coordinates></Point></Placemark>
<Placemark><name>Radar 40 km/h</name><description>Fonte: OSM</description><Point><coordinates>-49.312474,-22.495400,0</coordinates></Point></Placemark>
<Placemark><name>Radar 40 km/h</name><description>Fonte: OSM</description><Point><coordinates>-49.312861,-22.495347,0</coordinates></Point></Placemark>
<Placemark><name>Radar 40 km/h</name><description>Fonte: OSM</description><Point><coordinates>-49.312799,-22.495307,0</coordinates></Point></Placemark>
<Placemark><name>Radar</name><description>Fonte: DER-SP · sentido 330° (noroeste)</description><Point><coordinates>-49.312895,-22.495223,0</coordinates></Point></Placemark>
<Placemark><name>Radar</name><description>Fonte: DER-SP · sentido 173° (sul)</description><Point><coordinates>-48.539490,-22.494550,0</coordinates></Point></Placemark>
<Placemark><name>Radar</name><description>Fonte: OSM</description><Point><coordinates>-45.013410,-22.488225,0</coordinates></Point></Placemark>
<Placemark><name>Radar</name><description>Fonte: DER-SP</description><Point><coordinates>-45.013661,-22.488088,0</coordinates></Point></Placemark>
<Placemark><name>Radar 50 km/h</name><description>Fonte: OSM</description><Point><coordinates>-46.633374,-22.487550,0</coordinates></Point></Placemark>
<Placemark><name>Radar</name><description>Fonte: DER-SP</description><Point><coordinates>-52.138216,-22.485552,0</coordinates></Point></Placemark>
<Placemark><name>Radar</name><description>Fonte: DER-SP</description><Point><coordinates>-52.615802,-22.485518,0</coordinates></Point></Placemark>
<Placemark><name>Radar</name><description>Fonte: OSM</description><Point><coordinates>-52.616254,-22.485465,0</coordinates></Point></Placemark>
<Placemark><name>Radar 100 km/h</name><description>Fonte: OSM</description><Point><coordinates>-52.138193,-22.485370,0</coordinates></Point></Placemark>
<Placemark><name>Radar</name><description>Fonte: OSM</description><Point><coordinates>-52.138160,-22.485307,0</coordinates></Point></Placemark>
<Placemark><name>Radar</name><description>Fonte: DER-SP</description><Point><coordinates>-52.955981,-22.484764,0</coordinates></Point></Placemark>
<Placemark><name>Radar</name><description>Fonte: DER-SP · sentido 122° (sudeste)</description><Point><coordinates>-50.924121,-22.484413,0</coordinates></Point></Placemark>
<Placemark><name>Radar</name><description>Fonte: DER-SP · sentido 302° (noroeste)</description><Point><coordinates>-50.923865,-22.484361,0</coordinates></Point></Placemark>
<Placemark><name>Radar</name><description>Fonte: DER-SP · sentido 359° (norte)</description><Point><coordinates>-48.543370,-22.482100,0</coordinates></Point></Placemark>
<Placemark><name>Radar 50 km/h</name><description>Fonte: OSM</description><Point><coordinates>-46.636038,-22.481246,0</coordinates></Point></Placemark>
<Placemark><name>Radar 110 km/h</name><description>Fonte: OSM</description><Point><coordinates>-47.471862,-22.480853,0</coordinates></Point></Placemark>
<Placemark><name>Radar</name><description>Fonte: DER-SP · sentido 108° (leste)</description><Point><coordinates>-47.474028,-22.480503,0</coordinates></Point></Placemark>
<Placemark><name>Radar 110 km/h</name><description>Fonte: OSM</description><Point><coordinates>-47.474025,-22.480459,0</coordinates></Point></Placemark>
<Placemark><name>Radar 50 km/h</name><description>Fonte: OSM</description><Point><coordinates>-47.459136,-22.480186,0</coordinates></Point></Placemark>
<Placemark><name>Radar 50 km/h</name><description>Fonte: OSM</description><Point><coordinates>-47.459130,-22.480114,0</coordinates></Point></Placemark>
<Placemark><name>Radar 50 km/h</name><description>Fonte: OSM</description><Point><coordinates>-46.636020,-22.479637,0</coordinates></Point></Placemark>
<Placemark><name>Radar</name><description>Fonte: DER-SP · sentido 288° (oeste)</description><Point><coordinates>-47.478303,-22.478894,0</coordinates></Point></Placemark>
<Placemark><name>Radar 110 km/h</name><description>Fonte: OSM</description><Point><coordinates>-47.478404,-22.478853,0</coordinates></Point></Placemark>
<Placemark><name>Radar</name><description>Fonte: DER-SP · sentido 136° (sudeste)</description><Point><coordinates>-48.549741,-22.474148,0</coordinates></Point></Placemark>
<Placemark><name>Radar 50 km/h</name><description>Fonte: OSM</description><Point><coordinates>-46.624848,-22.473374,0</coordinates></Point></Placemark>
<Placemark><name>Radar</name><description>Fonte: DER-SP · sentido 116° (sudeste)</description><Point><coordinates>-47.504558,-22.470989,0</coordinates></Point></Placemark>
<Placemark><name>Radar 110 km/h</name><description>Fonte: OSM</description><Point><coordinates>-47.504365,-22.470978,0</coordinates></Point></Placemark>
<Placemark><name>Radar</name><description>Fonte: DER-SP · sentido 156° (sudeste)</description><Point><coordinates>-48.553251,-22.469420,0</coordinates></Point></Placemark>
<Placemark><name>Radar</name><description>Fonte: DER-SP · sentido 336° (noroeste)</description><Point><coordinates>-48.553222,-22.469419,0</coordinates></Point></Placemark>
<Placemark><name>Radar</name><description>Fonte: OSM</description><Point><coordinates>-48.553360,-22.469026,0</coordinates></Point></Placemark>
<Placemark><name>Radar</name><description>Fonte: DER-SP · sentido 295° (noroeste)</description><Point><coordinates>-47.511472,-22.467694,0</coordinates></Point></Placemark>
<Placemark><name>Radar 110 km/h</name><description>Fonte: OSM</description><Point><coordinates>-47.511569,-22.467641,0</coordinates></Point></Placemark>
<Placemark><name>Radar</name><description>Fonte: DER-SP</description><Point><coordinates>-49.337839,-22.460583,0</coordinates></Point></Placemark>
<Placemark><name>Radar</name><description>Fonte: DER-SP</description><Point><coordinates>-46.790302,-22.460494,0</coordinates></Point></Placemark>
<Placemark><name>Radar</name><description>Fonte: DER-SP</description><Point><coordinates>-46.590618,-22.458905,0</coordinates></Point></Placemark>
<Placemark><name>Radar</name><description>Fonte: DER-SP · sentido 181° (sul)</description><Point><coordinates>-47.398939,-22.455979,0</coordinates></Point></Placemark>
<Placemark><name>Radar 110 km/h</name><description>Fonte: OSM</description><Point><coordinates>-47.398975,-22.455918,0</coordinates></Point></Placemark>
<Placemark><name>Radar</name><description>Fonte: DER-SP</description><Point><coordinates>-49.343313,-22.455641,0</coordinates></Point></Placemark>
<Placemark><name>Radar</name><description>Fonte: DER-SP</description><Point><coordinates>-49.343375,-22.455597,0</coordinates></Point></Placemark>
<Placemark><name>Radar</name><description>Fonte: DER-SP</description><Point><coordinates>-47.522838,-22.454334,0</coordinates></Point></Placemark>
<Placemark><name>Radar 110 km/h</name><description>Fonte: OSM</description><Point><coordinates>-47.553310,-22.453710,0</coordinates></Point></Placemark>
<Placemark><name>Radar</name><description>Fonte: DER-SP · sentido 168° (sul)</description><Point><coordinates>-48.563130,-22.451949,0</coordinates></Point></Placemark>
<Placemark><name>Radar</name><description>Fonte: DER-SP</description><Point><coordinates>-47.537414,-22.448702,0</coordinates></Point></Placemark>
<Placemark><name>Radar</name><description>Fonte: DER-SP · sentido 180° (sul)</description><Point><coordinates>-48.563586,-22.442986,0</coordinates></Point></Placemark>
<Placemark><name>Radar</name><description>Fonte: DER-SP · sentido 164° (sul)</description><Point><coordinates>-46.985371,-22.441996,0</coordinates></Point></Placemark>
<Placemark><name>Radar</name><description>Fonte: DER-SP · sentido 164° (sul)</description><Point><coordinates>-46.985315,-22.441949,0</coordinates></Point></Placemark>
<Placemark><name>Radar</name><description>Fonte: DER-SP</description><Point><coordinates>-50.585102,-22.440408,0</coordinates></Point></Placemark>
<Placemark><name>Radar</name><description>Fonte: DER-SP</description><Point><coordinates>-50.585434,-22.439546,0</coordinates></Point></Placemark>
<Placemark><name>Radar</name><description>Fonte: OSM</description><Point><coordinates>-47.568371,-22.438159,0</coordinates></Point></Placemark>
<Placemark><name>Radar</name><description>Fonte: DER-SP</description><Point><coordinates>-51.648020,-22.437443,0</coordinates></Point></Placemark>
<Placemark><name>Radar 90 km/h</name><description>Fonte: OSM</description><Point><coordinates>-47.572249,-22.430785,0</coordinates></Point></Placemark>
<Placemark><name>Radar</name><description>Fonte: DER-SP · sentido 155° (sudeste)</description><Point><coordinates>-47.572112,-22.430744,0</coordinates></Point></Placemark>
<Placemark><name>Radar</name><description>Fonte: DER-SP</description><Point><coordinates>-49.514731,-22.428892,0</coordinates></Point></Placemark>
<Placemark><name>Radar 60 km/h</name><description>Fonte: OSM</description><Point><coordinates>-50.209295,-22.428368,0</coordinates></Point></Placemark>
<Placemark><name>Radar</name><description>Fonte: DER-SP · sentido 192° (sul)</description><Point><coordinates>-50.209417,-22.428361,0</coordinates></Point></Placemark>
<Placemark><name>Radar</name><description>Fonte: DER-SP</description><Point><coordinates>-50.589786,-22.427744,0</coordinates></Point></Placemark>
<Placemark><name>Radar</name><description>Fonte: DER-SP</description><Point><coordinates>-50.589788,-22.427640,0</coordinates></Point></Placemark>
<Placemark><name>Radar 90 km/h</name><description>Fonte: OSM</description><Point><coordinates>-47.574307,-22.426246,0</coordinates></Point></Placemark>
<Placemark><name>Radar</name><description>Fonte: OSM</description><Point><coordinates>-47.574616,-22.426163,0</coordinates></Point></Placemark>
<Placemark><name>Radar</name><description>Fonte: DER-SP</description><Point><coordinates>-49.389233,-22.422664,0</coordinates></Point></Placemark>
<Placemark><name>Radar</name><description>Fonte: DER-SP</description><Point><coordinates>-49.387995,-22.422523,0</coordinates></Point></Placemark>
<Placemark><name>Radar 110 km/h</name><description>Fonte: OSM</description><Point><coordinates>-49.001387,-22.421047,0</coordinates></Point></Placemark>
<Placemark><name>Radar</name><description>Fonte: DER-SP · sentido 148° (sudeste)</description><Point><coordinates>-49.001365,-22.421040,0</coordinates></Point></Placemark>
<Placemark><name>Radar</name><description>Fonte: DER-SP · sentido 148° (sudeste)</description><Point><coordinates>-49.001650,-22.420960,0</coordinates></Point></Placemark>
<Placemark><name>Radar</name><description>Fonte: DER-SP</description><Point><coordinates>-49.392304,-22.419560,0</coordinates></Point></Placemark>
<Placemark><name>Radar</name><description>Fonte: DER-SP</description><Point><coordinates>-49.392036,-22.418683,0</coordinates></Point></Placemark>
<Placemark><name>Radar 50 km/h</name><description>Fonte: OSM</description><Point><coordinates>-47.568214,-22.417489,0</coordinates></Point></Placemark>
<Placemark><name>Radar 50 km/h</name><description>Fonte: OSM</description><Point><coordinates>-47.568428,-22.417221,0</coordinates></Point></Placemark>
<Placemark><name>Radar 90 km/h</name><description>Fonte: OSM</description><Point><coordinates>-47.581249,-22.414402,0</coordinates></Point></Placemark>
<Placemark><name>Radar</name><description>Fonte: DER-SP · sentido 321° (noroeste)</description><Point><coordinates>-47.583844,-22.410911,0</coordinates></Point></Placemark>
<Placemark><name>Radar 60 km/h</name><description>Fonte: OSM</description><Point><coordinates>-47.566414,-22.410418,0</coordinates></Point></Placemark>
<Placemark><name>Radar</name><description>Fonte: OSM</description><Point><coordinates>-47.566240,-22.410201,0</coordinates></Point></Placemark>
<Placemark><name>Radar 50 km/h</name><description>Fonte: OSM</description><Point><coordinates>-47.571435,-22.409671,0</coordinates></Point></Placemark>
<Placemark><name>Radar 50 km/h</name><description>Fonte: OSM</description><Point><coordinates>-47.571632,-22.409435,0</coordinates></Point></Placemark>
<Placemark><name>Radar</name><description>Fonte: DER-SP · sentido 4° (norte)</description><Point><coordinates>-48.563525,-22.408537,0</coordinates></Point></Placemark>
<Placemark><name>Radar 40 km/h</name><description>Fonte: OSM</description><Point><coordinates>-48.564022,-22.408334,0</coordinates></Point></Placemark>
<Placemark><name>Radar</name><description>Fonte: DER-SP</description><Point><coordinates>-48.564294,-22.408317,0</coordinates></Point></Placemark>
<Placemark><name>Radar 40 km/h</name><description>Fonte: OSM</description><Point><coordinates>-48.564287,-22.408255,0</coordinates></Point></Placemark>
<Placemark><name>Radar</name><description>Fonte: DER-SP · sentido 141° (sudeste)</description><Point><coordinates>-47.587444,-22.407047,0</coordinates></Point></Placemark>
<Placemark><name>Radar 90 km/h</name><description>Fonte: OSM</description><Point><coordinates>-47.587593,-22.407016,0</coordinates></Point></Placemark>
<Placemark><name>Radar</name><description>Fonte: DER-SP</description><Point><coordinates>-47.676275,-22.406753,0</coordinates></Point></Placemark>
<Placemark><name>Radar 60 km/h</name><description>Fonte: OSM</description><Point><coordinates>-47.676244,-22.406631,0</coordinates></Point></Placemark>
<Placemark><name>Radar</name><description>Fonte: DER-SP</description><Point><coordinates>-47.676208,-22.406204,0</coordinates></Point></Placemark>
<Placemark><name>Radar</name><description>Fonte: DER-SP</description><Point><coordinates>-47.599214,-22.405933,0</coordinates></Point></Placemark>
<Placemark><name>Radar 60 km/h</name><description>Fonte: OSM</description><Point><coordinates>-47.564817,-22.405703,0</coordinates></Point></Placemark>
<Placemark><name>Radar</name><description>Fonte: DER-SP · sentido 94° (leste)</description><Point><coordinates>-48.261589,-22.405481,0</coordinates></Point></Placemark>
<Placemark><name>Radar</name><description>Fonte: DER-SP · sentido 145° (sudeste)</description><Point><coordinates>-46.844406,-22.405382,0</coordinates></Point></Placemark>
<Placemark><name>Radar 40 km/h</name><description>Fonte: OSM</description><Point><coordinates>-48.261813,-22.405196,0</coordinates></Point></Placemark>
<Placemark><name>Radar</name><description>Fonte: DER-SP · sentido 96° (leste)</description><Point><coordinates>-48.262095,-22.405136,0</coordinates></Point></Placemark>
<Placemark><name>Radar 40 km/h</name><description>Fonte: OSM</description><Point><coordinates>-48.261790,-22.405114,0</coordinates></Point></Placemark>
<Placemark><name>Radar 40 km/h</name><description>Fonte: OSM</description><Point><coordinates>-48.261547,-22.405038,0</coordinates></Point></Placemark>
<Placemark><name>Radar 40 km/h</name><description>Fonte: OSM</description><Point><coordinates>-48.261537,-22.404951,0</coordinates></Point></Placemark>
<Placemark><name>Radar 60 km/h</name><description>Fonte: OSM</description><Point><coordinates>-47.565102,-22.404898,0</coordinates></Point></Placemark>
<Placemark><name>Radar</name><description>Fonte: OSM</description><Point><coordinates>-47.565116,-22.404794,0</coordinates></Point></Placemark>
<Placemark><name>Radar 50 km/h</name><description>Fonte: OSM</description><Point><coordinates>-47.585666,-22.404210,0</coordinates></Point></Placemark>
<Placemark><name>Radar</name><description>Fonte: DER-SP</description><Point><coordinates>-47.597161,-22.404128,0</coordinates></Point></Placemark>
<Placemark><name>Radar</name><description>Fonte: DER-SP</description><Point><coordinates>-48.463478,-22.403727,0</coordinates></Point></Placemark>
<Placemark><name>Radar 50 km/h</name><description>Fonte: OSM</description><Point><coordinates>-47.586203,-22.403378,0</coordinates></Point></Placemark>
<Placemark><name>Radar</name><description>Fonte: DER-SP</description><Point><coordinates>-48.462182,-22.403338,0</coordinates></Point></Placemark>
<Placemark><name>Radar</name><description>Fonte: DER-SP · sentido 72° (leste)</description><Point><coordinates>-48.459744,-22.402583,0</coordinates></Point></Placemark>
<Placemark><name>Radar</name><description>Fonte: DER-SP · sentido 251° (oeste)</description><Point><coordinates>-48.459378,-22.402511,0</coordinates></Point></Placemark>
<Placemark><name>Radar</name><description>Fonte: DER-SP · sentido 1° (norte)</description><Point><coordinates>-47.389400,-22.401200,0</coordinates></Point></Placemark>
<Placemark><name>Radar 110 km/h</name><description>Fonte: OSM</description><Point><coordinates>-47.389536,-22.400878,0</coordinates></Point></Placemark>
<Placemark><name>Radar</name><description>Fonte: DER-SP</description><Point><coordinates>-46.812467,-22.399677,0</coordinates></Point></Placemark>
<Placemark><name>Radar</name><description>Fonte: DER-SP</description><Point><coordinates>-50.601230,-22.398820,0</coordinates></Point></Placemark>
<Placemark><name>Radar</name><description>Fonte: DER-SP · sentido 328° (noroeste)</description><Point><coordinates>-49.016539,-22.398406,0</coordinates></Point></Placemark>
<Placemark><name>Radar</name><description>Fonte: DER-SP · sentido 32° (nordeste)</description><Point><coordinates>-50.198981,-22.398047,0</coordinates></Point></Placemark>
<Placemark><name>Radar 60 km/h</name><description>Fonte: OSM</description><Point><coordinates>-50.199033,-22.397965,0</coordinates></Point></Placemark>
<Placemark><name>Radar</name><description>Fonte: DER-SP · sentido 32° (nordeste)</description><Point><coordinates>-50.199015,-22.397958,0</coordinates></Point></Placemark>
<Placemark><name>Radar</name><description>Fonte: DER-SP · sentido 328° (noroeste)</description><Point><coordinates>-49.018740,-22.395140,0</coordinates></Point></Placemark>
<Placemark><name>Radar 110 km/h</name><description>Fonte: OSM</description><Point><coordinates>-49.018849,-22.395004,0</coordinates></Point></Placemark>
<Placemark><name>Radar</name><description>Fonte: DER-SP</description><Point><coordinates>-48.433069,-22.394750,0</coordinates></Point></Placemark>
<Placemark><name>Radar</name><description>Fonte: DER-SP</description><Point><coordinates>-46.974425,-22.394701,0</coordinates></Point></Placemark>
<Placemark><name>Radar</name><description>Fonte: DER-SP</description><Point><coordinates>-46.747400,-22.394700,0</coordinates></Point></Placemark>
<Placemark><name>Radar</name><description>Fonte: DER-SP</description><Point><coordinates>-46.747354,-22.394699,0</coordinates></Point></Placemark>
<Placemark><name>Radar</name><description>Fonte: DER-SP · sentido 7° (norte)</description><Point><coordinates>-46.972223,-22.394673,0</coordinates></Point></Placemark>
<Placemark><name>Radar 110 km/h</name><description>Fonte: OSM</description><Point><coordinates>-46.972239,-22.394617,0</coordinates></Point></Placemark>
<Placemark><name>Radar 110 km/h</name><description>Fonte: OSM</description><Point><coordinates>-46.972434,-22.394419,0</coordinates></Point></Placemark>
<Placemark><name>Radar</name><description>Fonte: OSM</description><Point><coordinates>-47.568931,-22.393643,0</coordinates></Point></Placemark>
<Placemark><name>Radar 40 km/h</name><description>Fonte: OSM</description><Point><coordinates>-47.555887,-22.392333,0</coordinates></Point></Placemark>
<Placemark><name>Radar 30 km/h</name><description>Fonte: OSM</description><Point><coordinates>-47.585762,-22.392258,0</coordinates></Point></Placemark>
<Placemark><name>Radar</name><description>Fonte: DER-SP · sentido 204° (sudoeste)</description><Point><coordinates>-46.742800,-22.388500,0</coordinates></Point></Placemark>
<Placemark><name>Radar</name><description>Fonte: OSM</description><Point><coordinates>-47.606319,-22.387138,0</coordinates></Point></Placemark>
<Placemark><name>Radar 40 km/h</name><description>Fonte: OSM</description><Point><coordinates>-47.583544,-22.386821,0</coordinates></Point></Placemark>
<Placemark><name>Radar 40 km/h</name><description>Fonte: OSM</description><Point><coordinates>-47.572665,-22.386211,0</coordinates></Point></Placemark>
<Placemark><name>Radar 40 km/h</name><description>Fonte: OSM</description><Point><coordinates>-47.572839,-22.385856,0</coordinates></Point></Placemark>
<Placemark><name>Radar 30 km/h</name><description>Fonte: OSM</description><Point><coordinates>-47.551496,-22.384719,0</coordinates></Point></Placemark>
<Placemark><name>Radar</name><description>Fonte: DER-SP</description><Point><coordinates>-51.299976,-22.380926,0</coordinates></Point></Placemark>
<Placemark><name>Radar 30 km/h</name><description>Fonte: OSM</description><Point><coordinates>-47.589912,-22.380877,0</coordinates></Point></Placemark>
<Placemark><name>Radar</name><description>Fonte: DER-SP · sentido 351° (norte)</description><Point><coordinates>-48.568546,-22.380769,0</coordinates></Point></Placemark>
<Placemark><name>Radar 40 km/h</name><description>Fonte: OSM</description><Point><coordinates>-47.357289,-22.380671,0</coordinates></Point></Placemark>
<Placemark><name>Radar 90 km/h</name><description>Fonte: OSM</description><Point><coordinates>-47.613413,-22.380243,0</coordinates></Point></Placemark>
<Placemark><name>Radar</name><description>Fonte: DER-SP · sentido 315° (noroeste)</description><Point><coordinates>-47.613350,-22.380203,0</coordinates></Point></Placemark>
<Placemark><name>Radar 30 km/h</name><description>Fonte: OSM</description><Point><coordinates>-47.581364,-22.377163,0</coordinates></Point></Placemark>
<Placemark><name>Radar</name><description>Fonte: OSM</description><Point><coordinates>-47.554694,-22.375014,0</coordinates></Point></Placemark>
<Placemark><name>Radar 40 km/h</name><description>Fonte: OSM</description><Point><coordinates>-47.620685,-22.374088,0</coordinates></Point></Placemark>
<Placemark><name>Radar</name><description>Fonte: DER-SP</description><Point><coordinates>-47.623005,-22.374034,0</coordinates></Point></Placemark>
<Placemark><name>Radar</name><description>Fonte: DER-SP</description><Point><coordinates>-47.395100,-22.374000,0</coordinates></Point></Placemark>
<Placemark><name>Radar</name><description>Fonte: DER-SP · sentido 353° (norte)</description><Point><coordinates>-47.394300,-22.374000,0</coordinates></Point></Placemark>
<Placemark><name>Radar 40 km/h</name><description>Fonte: OSM</description><Point><coordinates>-47.620565,-22.373976,0</coordinates></Point></Placemark>
<Placemark><name>Radar</name><description>Fonte: DER-SP · sentido 136° (sudeste)</description><Point><coordinates>-47.620742,-22.373952,0</coordinates></Point></Placemark>
<Placemark><name>Radar 110 km/h</name><description>Fonte: OSM</description><Point><coordinates>-47.394425,-22.373878,0</coordinates></Point></Placemark>
<Placemark><name>Radar 40 km/h</name><description>Fonte: OSM</description><Point><coordinates>-47.620424,-22.373842,0</coordinates></Point></Placemark>
<Placemark><name>Radar</name><description>Fonte: DER-SP · sentido 134° (sudeste)</description><Point><coordinates>-47.620571,-22.373695,0</coordinates></Point></Placemark>
<Placemark><name>Radar</name><description>Fonte: DER-SP · sentido 313° (noroeste)</description><Point><coordinates>-47.621900,-22.372550,0</coordinates></Point></Placemark>
<Placemark><name>Radar 40 km/h</name><description>Fonte: OSM</description><Point><coordinates>-47.622006,-22.372469,0</coordinates></Point></Placemark>
<Placemark><name>Radar 40 km/h</name><description>Fonte: OSM</description><Point><coordinates>-47.621885,-22.372325,0</coordinates></Point></Placemark>
<Placemark><name>Radar</name><description>Fonte: DER-SP · sentido 317° (noroeste)</description><Point><coordinates>-47.621653,-22.372317,0</coordinates></Point></Placemark>
<Placemark><name>Radar 40 km/h</name><description>Fonte: OSM</description><Point><coordinates>-47.621779,-22.372249,0</coordinates></Point></Placemark>
<Placemark><name>Radar</name><description>Fonte: DER-SP</description><Point><coordinates>-47.624586,-22.372223,0</coordinates></Point></Placemark>
<Placemark><name>Radar 60 km/h</name><description>Fonte: OSM</description><Point><coordinates>-49.068714,-22.371775,0</coordinates></Point></Placemark>
<Placemark><name>Radar 80 km/h</name><description>Fonte: OSM</description><Point><coordinates>-47.626759,-22.368311,0</coordinates></Point></Placemark>
<Placemark><name>Radar</name><description>Fonte: DER-SP · sentido 135° (sudeste)</description><Point><coordinates>-47.627397,-22.367811,0</coordinates></Point></Placemark>
<Placemark><name>Radar</name><description>Fonte: DER-SP · sentido 172° (sul)</description><Point><coordinates>-48.570920,-22.367650,0</coordinates></Point></Placemark>
<Placemark><name>Radar 60 km/h</name><description>Fonte: OSM</description><Point><coordinates>-48.570901,-22.367338,0</coordinates></Point></Placemark>
<Placemark><name>Radar</name><description>Fonte: OSM</description><Point><coordinates>-52.078617,-22.366924,0</coordinates></Point></Placemark>
<Placemark><name>Radar</name><description>Fonte: DER-SP · sentido 172° (sul)</description><Point><coordinates>-48.571042,-22.366370,0</coordinates></Point></Placemark>
<Placemark><name>Radar</name><description>Fonte: DER-SP</description><Point><coordinates>-49.043436,-22.365172,0</coordinates></Point></Placemark>
<Placemark><name>Radar</name><description>Fonte: DER-SP · sentido 4° (norte)</description><Point><coordinates>-46.969790,-22.364143,0</coordinates></Point></Placemark>
<Placemark><name>Radar</name><description>Fonte: DER-SP</description><Point><coordinates>-51.579421,-22.364025,0</coordinates></Point></Placemark>
<Placemark><name>Radar 60 km/h</name><description>Fonte: OSM</description><Point><coordinates>-49.065324,-22.364013,0</coordinates></Point></Placemark>
<Placemark><name>Radar</name><description>Fonte: DER-SP · sentido 186° (sul)</description><Point><coordinates>-46.970024,-22.363865,0</coordinates></Point></Placemark>
<Placemark><name>Radar</name><description>Fonte: DER-SP</description><Point><coordinates>-51.292724,-22.363803,0</coordinates></Point></Placemark>
<Placemark><name>Radar 110 km/h</name><description>Fonte: OSM</description><Point><coordinates>-46.969785,-22.363663,0</coordinates></Point></Placemark>
<Placemark><name>Radar 110 km/h</name><description>Fonte: OSM</description><Point><coordinates>-46.970005,-22.363637,0</coordinates></Point></Placemark>
<Placemark><name>Radar</name><description>Fonte: OSM</description><Point><coordinates>-51.578527,-22.363561,0</coordinates></Point></Placemark>
<Placemark><name>Radar 100 km/h</name><description>Fonte: OSM</description><Point><coordinates>-52.077099,-22.362316,0</coordinates></Point></Placemark>
<Placemark><name>Radar</name><description>Fonte: OSM</description><Point><coordinates>-47.383610,-22.362189,0</coordinates></Point></Placemark>
<Placemark><name>Radar</name><description>Fonte: DER-SP · sentido 351° (norte)</description><Point><coordinates>-48.572016,-22.360451,0</coordinates></Point></Placemark>
<Placemark><name>Radar</name><description>Fonte: OSM</description><Point><coordinates>-47.392360,-22.360187,0</coordinates></Point></Placemark>
<Placemark><name>Radar 60 km/h</name><description>Fonte: OSM</description><Point><coordinates>-47.393755,-22.359081,0</coordinates></Point></Placemark>
<Placemark><name>Radar</name><description>Fonte: DER-SP</description><Point><coordinates>-46.868696,-22.358975,0</coordinates></Point></Placemark>
<Placemark><name>Radar</name><description>Fonte: DER-SP · sentido 344° (norte)</description><Point><coordinates>-49.042718,-22.355786,0</coordinates></Point></Placemark>
<Placemark><name>Radar 80 km/h</name><description>Fonte: OSM</description><Point><coordinates>-49.042797,-22.355774,0</coordinates></Point></Placemark>
<Placemark><name>Radar</name><description>Fonte: DER-SP</description><Point><coordinates>-48.753900,-22.352560,0</coordinates></Point></Placemark>
<Placemark><name>Radar 50 km/h</name><description>Fonte: OSM</description><Point><coordinates>-49.082736,-22.349138,0</coordinates></Point></Placemark>
<Placemark><name>Radar 90 km/h</name><description>Fonte: OSM</description><Point><coordinates>-46.953262,-22.347772,0</coordinates></Point></Placemark>
<Placemark><name>Radar 90 km/h</name><description>Fonte: OSM</description><Point><coordinates>-46.952816,-22.347293,0</coordinates></Point></Placemark>
<Placemark><name>Radar</name><description>Fonte: DER-SP</description><Point><coordinates>-50.961351,-22.347281,0</coordinates></Point></Placemark>
<Placemark><name>Radar</name><description>Fonte: DER-SP · sentido 51° (nordeste)</description><Point><coordinates>-46.952194,-22.347015,0</coordinates></Point></Placemark>
<Placemark><name>Radar</name><description>Fonte: DER-SP · sentido 231° (sudoeste)</description><Point><coordinates>-46.952355,-22.346917,0</coordinates></Point></Placemark>
<Placemark><name>Radar</name><description>Fonte: DER-SP · sentido 142° (sudeste)</description><Point><coordinates>-49.285991,-22.345744,0</coordinates></Point></Placemark>
<Placemark><name>Radar 40 km/h</name><description>Fonte: OSM</description><Point><coordinates>-49.286155,-22.345701,0</coordinates></Point></Placemark>
<Placemark><name>Radar 40 km/h</name><description>Fonte: OSM</description><Point><coordinates>-49.286055,-22.345669,0</coordinates></Point></Placemark>
<Placemark><name>Radar 40 km/h</name><description>Fonte: OSM</description><Point><coordinates>-49.286440,-22.345662,0</coordinates></Point></Placemark>
<Placemark><name>Radar 40 km/h</name><description>Fonte: OSM</description><Point><coordinates>-49.286369,-22.345600,0</coordinates></Point></Placemark>
<Placemark><name>Radar</name><description>Fonte: DER-SP · sentido 320° (noroeste)</description><Point><coordinates>-49.286587,-22.345477,0</coordinates></Point></Placemark>
<Placemark><name>Radar</name><description>Fonte: DER-SP</description><Point><coordinates>-49.289577,-22.345067,0</coordinates></Point></Placemark>
<Placemark><name>Radar</name><description>Fonte: DER-SP</description><Point><coordinates>-48.109369,-22.343923,0</coordinates></Point></Placemark>
<Placemark><name>Radar</name><description>Fonte: DER-SP</description><Point><coordinates>-48.110219,-22.342778,0</coordinates></Point></Placemark>
<Placemark><name>Radar</name><description>Fonte: DER-SP</description><Point><coordinates>-48.397310,-22.339842,0</coordinates></Point></Placemark>
<Placemark><name>Radar</name><description>Fonte: DER-SP · sentido 41° (nordeste)</description><Point><coordinates>-50.144496,-22.338538,0</coordinates></Point></Placemark>
<Placemark><name>Radar 60 km/h</name><description>Fonte: OSM</description><Point><coordinates>-50.144500,-22.338532,0</coordinates></Point></Placemark>
<Placemark><name>Radar</name><description>Fonte: DER-SP</description><Point><coordinates>-48.397247,-22.338383,0</coordinates></Point></Placemark>
<Placemark><name>Radar</name><description>Fonte: DER-SP · sentido 281° (oeste)</description><Point><coordinates>-48.881131,-22.337567,0</coordinates></Point></Placemark>
<Placemark><name>Radar 110 km/h</name><description>Fonte: OSM</description><Point><coordinates>-47.390740,-22.337423,0</coordinates></Point></Placemark>
<Placemark><name>Radar 110 km/h</name><description>Fonte: OSM</description><Point><coordinates>-48.795990,-22.337367,0</coordinates></Point></Placemark>
<Placemark><name>Radar</name><description>Fonte: DER-SP · sentido 202° (sul)</description><Point><coordinates>-47.390500,-22.337000,0</coordinates></Point></Placemark>
<Placemark><name>Radar 60 km/h</name><description>Fonte: OSM</description><Point><coordinates>-50.139446,-22.336787,0</coordinates></Point></Placemark>
<Placemark><name>Radar 90 km/h</name><description>Fonte: OSM</description><Point><coordinates>-46.937851,-22.336411,0</coordinates></Point></Placemark>
<Placemark><name>Radar</name><description>Fonte: DER-SP · sentido 37° (nordeste)</description><Point><coordinates>-46.932877,-22.332286,0</coordinates></Point></Placemark>
<Placemark><name>Radar</name><description>Fonte: DER-SP</description><Point><coordinates>-48.795845,-22.332020,0</coordinates></Point></Placemark>
<Placemark><name>Radar</name><description>Fonte: DER-SP</description><Point><coordinates>-50.955381,-22.331522,0</coordinates></Point></Placemark>
<Placemark><name>Radar</name><description>Fonte: DER-SP · sentido 80° (leste)</description><Point><coordinates>-50.120054,-22.331017,0</coordinates></Point></Placemark>
<Placemark><name>Radar</name><description>Fonte: DER-SP · sentido 256° (oeste)</description><Point><coordinates>-50.119803,-22.330789,0</coordinates></Point></Placemark>
<Placemark><name>Radar 80 km/h</name><description>Fonte: OSM</description><Point><coordinates>-49.050405,-22.330625,0</coordinates></Point></Placemark>
<Placemark><name>Radar</name><description>Fonte: DER-SP · sentido 344° (norte)</description><Point><coordinates>-49.050350,-22.330533,0</coordinates></Point></Placemark>
<Placemark><name>Radar</name><description>Fonte: DER-SP</description><Point><coordinates>-48.796136,-22.328255,0</coordinates></Point></Placemark>
<Placemark><name>Radar</name><description>Fonte: DER-SP</description><Point><coordinates>-49.113339,-22.327644,0</coordinates></Point></Placemark>
<Placemark><name>Radar 60 km/h</name><description>Fonte: OSM</description><Point><coordinates>-48.572455,-22.325326,0</coordinates></Point></Placemark>
<Placemark><name>Radar 110 km/h</name><description>Fonte: OSM</description><Point><coordinates>-47.656509,-22.323970,0</coordinates></Point></Placemark>
<Placemark><name>Radar</name><description>Fonte: DER-SP · sentido 188° (sul)</description><Point><coordinates>-47.656597,-22.323953,0</coordinates></Point></Placemark>
<Placemark><name>Radar</name><description>Fonte: DER-SP</description><Point><coordinates>-48.796489,-22.323653,0</coordinates></Point></Placemark>
<Placemark><name>Radar 60 km/h</name><description>Fonte: OSM</description><Point><coordinates>-48.796477,-22.323603,0</coordinates></Point></Placemark>
<Placemark><name>Radar</name><description>Fonte: DER-SP · sentido 53° (nordeste)</description><Point><coordinates>-48.732514,-22.323528,0</coordinates></Point></Placemark>
<Placemark><name>Radar</name><description>Fonte: DER-SP</description><Point><coordinates>-50.282650,-22.321570,0</coordinates></Point></Placemark>
<Placemark><name>Radar</name><description>Fonte: DER-SP · sentido 100° (leste)</description><Point><coordinates>-48.977380,-22.320172,0</coordinates></Point></Placemark>
<Placemark><name>Radar 80 km/h</name><description>Fonte: OSM</description><Point><coordinates>-49.053548,-22.320027,0</coordinates></Point></Placemark>
<Placemark><name>Radar</name><description>Fonte: DER-SP · sentido 347° (norte)</description><Point><coordinates>-49.053633,-22.319967,0</coordinates></Point></Placemark>
<Placemark><name>Radar</name><description>Fonte: DER-SP · sentido 303° (noroeste)</description><Point><coordinates>-51.208516,-22.318866,0</coordinates></Point></Placemark>
<Placemark><name>Radar 110 km/h</name><description>Fonte: OSM</description><Point><coordinates>-51.208921,-22.318647,0</coordinates></Point></Placemark>
<Placemark><name>Radar</name><description>Fonte: DER-SP · sentido 229° (sudoeste)</description><Point><coordinates>-48.725655,-22.318626,0</coordinates></Point></Placemark>
<Placemark><name>Radar 110 km/h</name><description>Fonte: OSM</description><Point><coordinates>-51.208828,-22.318556,0</coordinates></Point></Placemark>
<Placemark><name>Radar 40 km/h</name><description>Fonte: OSM</description><Point><coordinates>-48.725476,-22.318514,0</coordinates></Point></Placemark>
<Placemark><name>Radar 40 km/h</name><description>Fonte: OSM</description><Point><coordinates>-48.725552,-22.318423,0</coordinates></Point></Placemark>
<Placemark><name>Radar</name><description>Fonte: DER-SP</description><Point><coordinates>-48.728064,-22.318317,0</coordinates></Point></Placemark>
<Placemark><name>Radar</name><description>Fonte: DER-SP</description><Point><coordinates>-52.063453,-22.318217,0</coordinates></Point></Placemark>
<Placemark><name>Radar 40 km/h</name><description>Fonte: OSM</description><Point><coordinates>-48.725425,-22.318140,0</coordinates></Point></Placemark>
<Placemark><name>Radar 40 km/h</name><description>Fonte: OSM</description><Point><coordinates>-48.725493,-22.318062,0</coordinates></Point></Placemark>
<Placemark><name>Radar</name><description>Fonte: DER-SP · sentido 51° (nordeste)</description><Point><coordinates>-48.725306,-22.317976,0</coordinates></Point></Placemark>
<Placemark><name>Radar</name><description>Fonte: DER-SP</description><Point><coordinates>-48.996078,-22.316703,0</coordinates></Point></Placemark>
<Placemark><name>Radar</name><description>Fonte: DER-SP · sentido 165° (sul)</description><Point><coordinates>-49.493261,-22.315458,0</coordinates></Point></Placemark>
<Placemark><name>Radar 110 km/h</name><description>Fonte: OSM</description><Point><coordinates>-49.493249,-22.315388,0</coordinates></Point></Placemark>
<Placemark><name>Radar 60 km/h</name><description>Fonte: OSM</description><Point><coordinates>-49.036638,-22.314376,0</coordinates></Point></Placemark>
<Placemark><name>Radar 60 km/h</name><description>Fonte: OSM</description><Point><coordinates>-49.036342,-22.314198,0</coordinates></Point></Placemark>
<Placemark><name>Radar</name><description>Fonte: DER-SP · sentido 235° (sudoeste)</description><Point><coordinates>-50.074299,-22.312929,0</coordinates></Point></Placemark>
<Placemark><name>Radar 80 km/h</name><description>Fonte: OSM</description><Point><coordinates>-50.073814,-22.312573,0</coordinates></Point></Placemark>
<Placemark><name>Radar</name><description>Fonte: DER-SP</description><Point><coordinates>-48.574370,-22.312160,0</coordinates></Point></Placemark>
<Placemark><name>Radar 90 km/h</name><description>Fonte: OSM</description><Point><coordinates>-48.574410,-22.311872,0</coordinates></Point></Placemark>
<Placemark><name>Radar</name><description>Fonte: DER-SP</description><Point><coordinates>-48.574427,-22.311856,0</coordinates></Point></Placemark>
<Placemark><name>Radar 90 km/h</name><description>Fonte: OSM</description><Point><coordinates>-48.574307,-22.311850,0</coordinates></Point></Placemark>
<Placemark><name>Radar 80 km/h</name><description>Fonte: OSM</description><Point><coordinates>-49.056325,-22.311244,0</coordinates></Point></Placemark>
<Placemark><name>Radar</name><description>Fonte: DER-SP · sentido 160° (sul)</description><Point><coordinates>-49.056300,-22.311217,0</coordinates></Point></Placemark>
<Placemark><name>Radar</name><description>Fonte: DER-SP · sentido 314° (noroeste)</description><Point><coordinates>-49.000097,-22.310436,0</coordinates></Point></Placemark>
<Placemark><name>Radar</name><description>Fonte: DER-SP · sentido 314° (noroeste)</description><Point><coordinates>-49.000549,-22.309995,0</coordinates></Point></Placemark>
<Placemark><name>Radar</name><description>Fonte: DER-SP · sentido 75° (leste)</description><Point><coordinates>-49.018381,-22.309892,0</coordinates></Point></Placemark>
<Placemark><name>Radar</name><description>Fonte: DER-SP · sentido 86° (leste)</description><Point><coordinates>-48.688914,-22.309367,0</coordinates></Point></Placemark>
<Placemark><name>Radar</name><description>Fonte: DER-SP · sentido 255° (oeste)</description><Point><coordinates>-49.011863,-22.308377,0</coordinates></Point></Placemark>
<Placemark><name>Radar</name><description>Fonte: DER-SP · sentido 267° (oeste)</description><Point><coordinates>-48.666339,-22.307911,0</coordinates></Point></Placemark>
<Placemark><name>Radar</name><description>Fonte: DER-SP</description><Point><coordinates>-51.539479,-22.307903,0</coordinates></Point></Placemark>
<Placemark><name>Radar</name><description>Fonte: DER-SP · sentido 255° (oeste)</description><Point><coordinates>-49.008847,-22.307647,0</coordinates></Point></Placemark>
<Placemark><name>Radar</name><description>Fonte: OSM</description><Point><coordinates>-51.538190,-22.305880,0</coordinates></Point></Placemark>
<Placemark><name>Radar 50 km/h</name><description>Fonte: OSM</description><Point><coordinates>-49.079074,-22.305481,0</coordinates></Point></Placemark>
<Placemark><name>Radar 60 km/h</name><description>Fonte: OSM</description><Point><coordinates>-49.071546,-22.305365,0</coordinates></Point></Placemark>
<Placemark><name>Radar 60 km/h</name><description>Fonte: OSM</description><Point><coordinates>-49.071302,-22.305045,0</coordinates></Point></Placemark>
<Placemark><name>Radar 80 km/h</name><description>Fonte: OSM</description><Point><coordinates>-49.062028,-22.303300,0</coordinates></Point></Placemark>
<Placemark><name>Radar</name><description>Fonte: DER-SP · sentido 140° (sudeste)</description><Point><coordinates>-49.062193,-22.303096,0</coordinates></Point></Placemark>
<Placemark><name>Radar 80 km/h</name><description>Fonte: OSM</description><Point><coordinates>-50.045670,-22.302857,0</coordinates></Point></Placemark>
<Placemark><name>Radar</name><description>Fonte: DER-SP · sentido 71° (leste)</description><Point><coordinates>-50.045636,-22.302800,0</coordinates></Point></Placemark>
<Placemark><name>Radar</name><description>Fonte: DER-SP · sentido 112° (leste)</description><Point><coordinates>-50.052509,-22.302649,0</coordinates></Point></Placemark>
<Placemark><name>Radar 80 km/h</name><description>Fonte: OSM</description><Point><coordinates>-50.052489,-22.302601,0</coordinates></Point></Placemark>
<Placemark><name>Radar</name><description>Fonte: DER-SP · sentido 328° (noroeste)</description><Point><coordinates>-47.673366,-22.297356,0</coordinates></Point></Placemark>
<Placemark><name>Radar</name><description>Fonte: DER-SP · sentido 328° (noroeste)</description><Point><coordinates>-47.673331,-22.297286,0</coordinates></Point></Placemark>
<Placemark><name>Radar 60 km/h</name><description>Fonte: OSM</description><Point><coordinates>-47.545397,-22.296680,0</coordinates></Point></Placemark>
<Placemark><name>Radar</name><description>Fonte: DER-SP</description><Point><coordinates>-50.709139,-22.294583,0</coordinates></Point></Placemark>
<Placemark><name>Radar</name><description>Fonte: DER-SP · sentido 199° (sul)</description><Point><coordinates>-49.070489,-22.289258,0</coordinates></Point></Placemark>
<Placemark><name>Radar</name><description>Fonte: DER-SP · sentido 6° (norte)</description><Point><coordinates>-48.577678,-22.287869,0</coordinates></Point></Placemark>
<Placemark><name>Radar 60 km/h</name><description>Fonte: OSM</description><Point><coordinates>-50.010430,-22.287560,0</coordinates></Point></Placemark>
<Placemark><name>Radar</name><description>Fonte: OSM</description><Point><coordinates>-51.975978,-22.285841,0</coordinates></Point></Placemark>
<Placemark><name>Radar</name><description>Fonte: DER-SP</description><Point><coordinates>-51.972958,-22.284543,0</coordinates></Point></Placemark>
<Placemark><name>Radar</name><description>Fonte: DER-SP · sentido 146° (sudeste)</description><Point><coordinates>-47.680122,-22.284472,0</coordinates></Point></Placemark>
<Placemark><name>Radar 60 km/h</name><description>Fonte: OSM</description><Point><coordinates>-47.550204,-22.284203,0</coordinates></Point></Placemark>
<Placemark><name>Radar</name><description>Fonte: OSM</description><Point><coordinates>-47.680287,-22.284162,0</coordinates></Point></Placemark>
<Placemark><name>Radar</name><description>Fonte: DER-SP · sentido 250° (oeste)</description><Point><coordinates>-48.575583,-22.284036,0</coordinates></Point></Placemark>
<Placemark><name>Radar</name><description>Fonte: DER-SP · sentido 327° (noroeste)</description><Point><coordinates>-47.682040,-22.281366,0</coordinates></Point></Placemark>
<Placemark><name>Radar 90 km/h</name><description>Fonte: OSM</description><Point><coordinates>-47.682037,-22.281364,0</coordinates></Point></Placemark>
<Placemark><name>Radar</name><description>Fonte: DER-SP · sentido 327° (noroeste)</description><Point><coordinates>-47.682028,-22.281289,0</coordinates></Point></Placemark>
<Placemark><name>Radar</name><description>Fonte: DER-SP</description><Point><coordinates>-51.699544,-22.280662,0</coordinates></Point></Placemark>
<Placemark><name>Radar</name><description>Fonte: DER-SP · sentido 164° (sul)</description><Point><coordinates>-46.974141,-22.279735,0</coordinates></Point></Placemark>
<Placemark><name>Radar</name><description>Fonte: DER-SP · sentido 344° (norte)</description><Point><coordinates>-46.973882,-22.279695,0</coordinates></Point></Placemark>
<Placemark><name>Radar 80 km/h</name><description>Fonte: OSM</description><Point><coordinates>-47.687035,-22.278139,0</coordinates></Point></Placemark>
<Placemark><name>Radar</name><description>Fonte: DER-SP · sentido 117° (sudeste)</description><Point><coordinates>-47.696061,-22.277300,0</coordinates></Point></Placemark>
<Placemark><name>Radar 80 km/h</name><description>Fonte: OSM</description><Point><coordinates>-47.695994,-22.277219,0</coordinates></Point></Placemark>
<Placemark><name>Radar</name><description>Fonte: DER-SP · sentido 128° (sudeste)</description><Point><coordinates>-47.696125,-22.277169,0</coordinates></Point></Placemark>
<Placemark><name>Radar</name><description>Fonte: DER-SP · sentido 214° (sudoeste)</description><Point><coordinates>-48.564533,-22.275714,0</coordinates></Point></Placemark>
<Placemark><name>Radar 90 km/h</name><description>Fonte: OSM</description><Point><coordinates>-48.564545,-22.275698,0</coordinates></Point></Placemark>
<Placemark><name>Radar</name><description>Fonte: DER-SP · sentido 140° (sudeste)</description><Point><coordinates>-47.700722,-22.273411,0</coordinates></Point></Placemark>
<Placemark><name>Radar 80 km/h</name><description>Fonte: OSM</description><Point><coordinates>-47.700692,-22.273395,0</coordinates></Point></Placemark>
<Placemark><name>Radar 110 km/h</name><description>Fonte: OSM</description><Point><coordinates>-51.296258,-22.270860,0</coordinates></Point></Placemark>
<Placemark><name>Radar</name><description>Fonte: DER-SP · sentido 130° (sudeste)</description><Point><coordinates>-51.296419,-22.270743,0</coordinates></Point></Placemark>
<Placemark><name>Radar</name><description>Fonte: OSM</description><Point><coordinates>-47.704014,-22.267619,0</coordinates></Point></Placemark>
<Placemark><name>Radar</name><description>Fonte: DER-SP · sentido 98° (leste)</description><Point><coordinates>-48.501772,-22.267547,0</coordinates></Point></Placemark>
<Placemark><name>Radar</name><description>Fonte: OSM</description><Point><coordinates>-47.703771,-22.264633,0</coordinates></Point></Placemark>
<Placemark><name>Radar 40 km/h</name><description>Fonte: OSM</description><Point><coordinates>-47.902658,-22.264025,0</coordinates></Point></Placemark>
<Placemark><name>Radar</name><description>Fonte: DER-SP · sentido 81° (leste)</description><Point><coordinates>-47.902847,-22.263998,0</coordinates></Point></Placemark>
<Placemark><name>Radar 40 km/h</name><description>Fonte: OSM</description><Point><coordinates>-47.902677,-22.263937,0</coordinates></Point></Placemark>
<Placemark><name>Radar</name><description>Fonte: DER-SP</description><Point><coordinates>-47.905042,-22.263842,0</coordinates></Point></Placemark>
<Placemark><name>Radar 40 km/h</name><description>Fonte: OSM</description><Point><coordinates>-47.902344,-22.263719,0</coordinates></Point></Placemark>
<Placemark><name>Radar</name><description>Fonte: DER-SP · sentido 257° (oeste)</description><Point><coordinates>-47.902099,-22.263664,0</coordinates></Point></Placemark>
<Placemark><name>Radar 40 km/h</name><description>Fonte: OSM</description><Point><coordinates>-47.902349,-22.263623,0</coordinates></Point></Placemark>
<Placemark><name>Radar</name><description>Fonte: DER-SP</description><Point><coordinates>-50.703778,-22.262442,0</coordinates></Point></Placemark>
<Placemark><name>Radar</name><description>Fonte: OSM</description><Point><coordinates>-47.703499,-22.261323,0</coordinates></Point></Placemark>
<Placemark><name>Radar</name><description>Fonte: DER-SP · sentido 92° (leste)</description><Point><coordinates>-50.709139,-22.259458,0</coordinates></Point></Placemark>
<Placemark><name>Radar</name><description>Fonte: OSM</description><Point><coordinates>-47.703147,-22.256955,0</coordinates></Point></Placemark>
<Placemark><name>Radar</name><description>Fonte: DER-SP</description><Point><coordinates>-48.557420,-22.256050,0</coordinates></Point></Placemark>
<Placemark><name>Radar</name><description>Fonte: DER-SP · sentido 319° (noroeste)</description><Point><coordinates>-48.243551,-22.256021,0</coordinates></Point></Placemark>
<Placemark><name>Radar 40 km/h</name><description>Fonte: OSM</description><Point><coordinates>-48.243670,-22.256019,0</coordinates></Point></Placemark>
<Placemark><name>Radar 40 km/h</name><description>Fonte: OSM</description><Point><coordinates>-48.244074,-22.256001,0</coordinates></Point></Placemark>
<Placemark><name>Radar 40 km/h</name><description>Fonte: OSM</description><Point><coordinates>-48.243562,-22.255989,0</coordinates></Point></Placemark>
<Placemark><name>Radar</name><description>Fonte: DER-SP</description><Point><coordinates>-48.246383,-22.255956,0</coordinates></Point></Placemark>
<Placemark><name>Radar 40 km/h</name><description>Fonte: OSM</description><Point><coordinates>-48.243994,-22.255940,0</coordinates></Point></Placemark>
<Placemark><name>Radar</name><description>Fonte: DER-SP · sentido 134° (sudeste)</description><Point><coordinates>-48.244174,-22.255813,0</coordinates></Point></Placemark>
<Placemark><name>Radar</name><description>Fonte: DER-SP · sentido 223° (sudoeste)</description><Point><coordinates>-49.984860,-22.248690,0</coordinates></Point></Placemark>
<Placemark><name>Radar</name><description>Fonte: DER-SP · sentido 38° (nordeste)</description><Point><coordinates>-48.352832,-22.247831,0</coordinates></Point></Placemark>
<Placemark><name>Radar 110 km/h</name><description>Fonte: OSM</description><Point><coordinates>-49.627617,-22.241464,0</coordinates></Point></Placemark>
<Placemark><name>Radar</name><description>Fonte: DER-SP · sentido 43° (nordeste)</description><Point><coordinates>-49.977126,-22.240926,0</coordinates></Point></Placemark>
<Placemark><name>Radar 100 km/h</name><description>Fonte: OSM</description><Point><coordinates>-48.537836,-22.238510,0</coordinates></Point></Placemark>
<Placemark><name>Radar 100 km/h</name><description>Fonte: OSM</description><Point><coordinates>-48.537929,-22.238443,0</coordinates></Point></Placemark>
<Placemark><name>Radar</name><description>Fonte: DER-SP · sentido 45° (nordeste)</description><Point><coordinates>-49.973791,-22.237555,0</coordinates></Point></Placemark>
<Placemark><name>Radar</name><description>Fonte: DER-SP · sentido 213° (sudoeste)</description><Point><coordinates>-49.974105,-22.237504,0</coordinates></Point></Placemark>
<Placemark><name>Radar</name><description>Fonte: DER-SP · sentido 34° (nordeste)</description><Point><coordinates>-48.535660,-22.235677,0</coordinates></Point></Placemark>
<Placemark><name>Radar</name><description>Fonte: DER-SP · sentido 36° (nordeste)</description><Point><coordinates>-49.972408,-22.235519,0</coordinates></Point></Placemark>
<Placemark><name>Radar 50 km/h</name><description>Fonte: OSM</description><Point><coordinates>-49.940320,-22.235443,0</coordinates></Point></Placemark>
<Placemark><name>Radar</name><description>Fonte: DER-SP · sentido 49° (nordeste)</description><Point><coordinates>-49.972351,-22.235364,0</coordinates></Point></Placemark>
<Placemark><name>Radar</name><description>Fonte: DER-SP · sentido 34° (nordeste)</description><Point><coordinates>-48.535890,-22.235196,0</coordinates></Point></Placemark>
<Placemark><name>Radar 40 km/h</name><description>Fonte: OSM</description><Point><coordinates>-49.972144,-22.235195,0</coordinates></Point></Placemark>
<Placemark><name>Radar</name><description>Fonte: DER-SP · sentido 326° (noroeste)</description><Point><coordinates>-49.644299,-22.234401,0</coordinates></Point></Placemark>
<Placemark><name>Radar</name><description>Fonte: DER-SP · sentido 223° (sudoeste)</description><Point><coordinates>-49.969253,-22.232953,0</coordinates></Point></Placemark>
<Placemark><name>Radar 110 km/h</name><description>Fonte: OSM</description><Point><coordinates>-49.818115,-22.232762,0</coordinates></Point></Placemark>
<Placemark><name>Radar</name><description>Fonte: DER-SP · sentido 123° (sudeste)</description><Point><coordinates>-49.818317,-22.232733,0</coordinates></Point></Placemark>
<Placemark><name>Radar</name><description>Fonte: DER-SP · sentido 263° (oeste)</description><Point><coordinates>-49.925758,-22.232586,0</coordinates></Point></Placemark>
<Placemark><name>Radar 80 km/h</name><description>Fonte: OSM</description><Point><coordinates>-49.925123,-22.232415,0</coordinates></Point></Placemark>
<Placemark><name>Radar</name><description>Fonte: DER-SP · sentido 229° (sudoeste)</description><Point><coordinates>-48.531535,-22.231537,0</coordinates></Point></Placemark>
<Placemark><name>Radar</name><description>Fonte: DER-SP · sentido 229° (sudoeste)</description><Point><coordinates>-48.531481,-22.231354,0</coordinates></Point></Placemark>
<Placemark><name>Radar 80 km/h</name><description>Fonte: OSM</description><Point><coordinates>-49.953132,-22.230800,0</coordinates></Point></Placemark>
<Placemark><name>Radar</name><description>Fonte: DER-SP · sentido 77° (leste)</description><Point><coordinates>-49.916743,-22.230697,0</coordinates></Point></Placemark>
<Placemark><name>Radar</name><description>Fonte: DER-SP · sentido 77° (leste)</description><Point><coordinates>-49.916814,-22.230644,0</coordinates></Point></Placemark>
<Placemark><name>Radar 80 km/h</name><description>Fonte: OSM</description><Point><coordinates>-49.916618,-22.230617,0</coordinates></Point></Placemark>
<Placemark><name>Radar</name><description>Fonte: DER-SP · sentido 298° (noroeste)</description><Point><coordinates>-49.954142,-22.230611,0</coordinates></Point></Placemark>
<Placemark><name>Radar</name><description>Fonte: DER-SP · sentido 257° (oeste)</description><Point><coordinates>-49.915069,-22.230258,0</coordinates></Point></Placemark>
<Placemark><name>Radar</name><description>Fonte: DER-SP · sentido 307° (noroeste)</description><Point><coordinates>-49.955219,-22.229775,0</coordinates></Point></Placemark>
<Placemark><name>Radar 50 km/h</name><description>Fonte: OSM</description><Point><coordinates>-49.944159,-22.229654,0</coordinates></Point></Placemark>
<Placemark><name>Radar 80 km/h</name><description>Fonte: OSM</description><Point><coordinates>-49.961546,-22.228901,0</coordinates></Point></Placemark>
<Placemark><name>Radar 40 km/h</name><description>Fonte: OSM</description><Point><coordinates>-49.931243,-22.228846,0</coordinates></Point></Placemark>
<Placemark><name>Radar</name><description>Fonte: DER-SP · sentido 87° (leste)</description><Point><coordinates>-49.963553,-22.228825,0</coordinates></Point></Placemark>
<Placemark><name>Radar</name><description>Fonte: DER-SP · sentido 300° (noroeste)</description><Point><coordinates>-49.936636,-22.228764,0</coordinates></Point></Placemark>
<Placemark><name>Radar 80 km/h</name><description>Fonte: OSM</description><Point><coordinates>-49.936586,-22.228668,0</coordinates></Point></Placemark>
<Placemark><name>Radar</name><description>Fonte: DER-SP</description><Point><coordinates>-49.943997,-22.228047,0</coordinates></Point></Placemark>
<Placemark><name>Radar 80 km/h</name><description>Fonte: OSM</description><Point><coordinates>-49.943443,-22.227821,0</coordinates></Point></Placemark>
<Placemark><name>Radar 40 km/h</name><description>Fonte: OSM</description><Point><coordinates>-49.931958,-22.227646,0</coordinates></Point></Placemark>
<Placemark><name>Radar</name><description>Fonte: DER-SP</description><Point><coordinates>-50.915515,-22.226006,0</coordinates></Point></Placemark>
<Placemark><name>Radar</name><description>Fonte: DER-SP · sentido 256° (oeste)</description><Point><coordinates>-49.891665,-22.224991,0</coordinates></Point></Placemark>
<Placemark><name>Radar</name><description>Fonte: DER-SP · sentido 257° (oeste)</description><Point><coordinates>-49.890400,-22.224733,0</coordinates></Point></Placemark>
<Placemark><name>Radar 40 km/h</name><description>Fonte: OSM</description><Point><coordinates>-49.934065,-22.224202,0</coordinates></Point></Placemark>
<Placemark><name>Radar 40 km/h</name><description>Fonte: OSM</description><Point><coordinates>-49.933983,-22.224127,0</coordinates></Point></Placemark>
<Placemark><name>Radar 50 km/h</name><description>Fonte: OSM</description><Point><coordinates>-49.935887,-22.223684,0</coordinates></Point></Placemark>
<Placemark><name>Radar 50 km/h</name><description>Fonte: OSM</description><Point><coordinates>-49.935851,-22.223624,0</coordinates></Point></Placemark>
<Placemark><name>Radar 40 km/h</name><description>Fonte: OSM</description><Point><coordinates>-49.955769,-22.222927,0</coordinates></Point></Placemark>
<Placemark><name>Radar 40 km/h</name><description>Fonte: OSM</description><Point><coordinates>-49.955333,-22.222688,0</coordinates></Point></Placemark>
<Placemark><name>Radar 40 km/h</name><description>Fonte: OSM</description><Point><coordinates>-49.951984,-22.221662,0</coordinates></Point></Placemark>
<Placemark><name>Radar 40 km/h</name><description>Fonte: OSM</description><Point><coordinates>-49.951789,-22.221475,0</coordinates></Point></Placemark>
<Placemark><name>Radar</name><description>Fonte: DER-SP · sentido 200° (sul)</description><Point><coordinates>-49.966517,-22.221407,0</coordinates></Point></Placemark>
<Placemark><name>Radar 80 km/h</name><description>Fonte: OSM</description><Point><coordinates>-49.966532,-22.221403,0</coordinates></Point></Placemark>
<Placemark><name>Radar</name><description>Fonte: DER-SP · sentido 301° (noroeste)</description><Point><coordinates>-47.761772,-22.221122,0</coordinates></Point></Placemark>
<Placemark><name>Radar 110 km/h</name><description>Fonte: OSM</description><Point><coordinates>-47.761946,-22.221034,0</coordinates></Point></Placemark>
<Placemark><name>Radar</name><description>Fonte: DER-SP · sentido 323° (noroeste)</description><Point><coordinates>-49.165998,-22.220592,0</coordinates></Point></Placemark>
<Placemark><name>Radar 110 km/h</name><description>Fonte: OSM</description><Point><coordinates>-49.165994,-22.220498,0</coordinates></Point></Placemark>
<Placemark><name>Radar</name><description>Fonte: DER-SP · sentido 257° (oeste)</description><Point><coordinates>-49.870467,-22.220269,0</coordinates></Point></Placemark>
<Placemark><name>Radar</name><description>Fonte: DER-SP · sentido 77° (leste)</description><Point><coordinates>-49.863353,-22.218825,0</coordinates></Point></Placemark>
<Placemark><name>Radar 40 km/h</name><description>Fonte: OSM</description><Point><coordinates>-51.021048,-22.218710,0</coordinates></Point></Placemark>
<Placemark><name>Radar 40 km/h</name><description>Fonte: OSM</description><Point><coordinates>-51.020707,-22.218672,0</coordinates></Point></Placemark>
<Placemark><name>Radar</name><description>Fonte: DER-SP · sentido 301° (noroeste)</description><Point><coordinates>-51.020696,-22.218653,0</coordinates></Point></Placemark>
<Placemark><name>Radar</name><description>Fonte: DER-SP</description><Point><coordinates>-51.023808,-22.218651,0</coordinates></Point></Placemark>
<Placemark><name>Radar 40 km/h</name><description>Fonte: OSM</description><Point><coordinates>-51.020988,-22.218634,0</coordinates></Point></Placemark>
<Placemark><name>Radar</name><description>Fonte: DER-SP · sentido 117° (sudeste)</description><Point><coordinates>-51.021072,-22.218622,0</coordinates></Point></Placemark>
<Placemark><name>Radar 40 km/h</name><description>Fonte: OSM</description><Point><coordinates>-51.020646,-22.218593,0</coordinates></Point></Placemark>
<Placemark><name>Radar</name><description>Fonte: DER-SP · sentido 309° (noroeste)</description><Point><coordinates>-49.836547,-22.218442,0</coordinates></Point></Placemark>
<Placemark><name>Radar</name><description>Fonte: DER-SP · sentido 309° (noroeste)</description><Point><coordinates>-49.836936,-22.218253,0</coordinates></Point></Placemark>
<Placemark><name>Radar 40 km/h</name><description>Fonte: OSM</description><Point><coordinates>-49.948724,-22.217723,0</coordinates></Point></Placemark>
<Placemark><name>Radar 40 km/h</name><description>Fonte: OSM</description><Point><coordinates>-49.948766,-22.217520,0</coordinates></Point></Placemark>
<Placemark><name>Radar</name><description>Fonte: DER-SP · sentido 336° (noroeste)</description><Point><coordinates>-51.346670,-22.217220,0</coordinates></Point></Placemark>
<Placemark><name>Radar</name><description>Fonte: DER-SP · sentido 334° (noroeste)</description><Point><coordinates>-51.346680,-22.217177,0</coordinates></Point></Placemark>
<Placemark><name>Radar 110 km/h</name><description>Fonte: OSM</description><Point><coordinates>-51.346776,-22.217133,0</coordinates></Point></Placemark>
<Placemark><name>Radar</name><description>Fonte: OSM</description><Point><coordinates>-51.346752,-22.217117,0</coordinates></Point></Placemark>
<Placemark><name>Radar 50 km/h</name><description>Fonte: OSM</description><Point><coordinates>-49.919444,-22.217047,0</coordinates></Point></Placemark>
<Placemark><name>Radar 50 km/h</name><description>Fonte: OSM</description><Point><coordinates>-49.919329,-22.217022,0</coordinates></Point></Placemark>
<Placemark><name>Radar</name><description>Fonte: DER-SP · sentido 76° (leste)</description><Point><coordinates>-49.852692,-22.216453,0</coordinates></Point></Placemark>
<Placemark><name>Radar</name><description>Fonte: DER-SP · sentido 255° (oeste)</description><Point><coordinates>-49.742820,-22.214129,0</coordinates></Point></Placemark>
<Placemark><name>Radar 40 km/h</name><description>Fonte: OSM</description><Point><coordinates>-49.742571,-22.214079,0</coordinates></Point></Placemark>
<Placemark><name>Radar 40 km/h</name><description>Fonte: OSM</description><Point><coordinates>-49.742617,-22.213966,0</coordinates></Point></Placemark>
<Placemark><name>Radar</name><description>Fonte: DER-SP</description><Point><coordinates>-49.745469,-22.213756,0</coordinates></Point></Placemark>
<Placemark><name>Radar 40 km/h</name><description>Fonte: OSM</description><Point><coordinates>-49.742376,-22.213693,0</coordinates></Point></Placemark>
<Placemark><name>Radar</name><description>Fonte: DER-SP · sentido 68° (leste)</description><Point><coordinates>-49.742137,-22.213560,0</coordinates></Point></Placemark>
<Placemark><name>Radar 40 km/h</name><description>Fonte: OSM</description><Point><coordinates>-49.742379,-22.213554,0</coordinates></Point></Placemark>
<Placemark><name>Radar 40 km/h</name><description>Fonte: OSM</description><Point><coordinates>-49.947215,-22.212308,0</coordinates></Point></Placemark>
<Placemark><name>Radar</name><description>Fonte: DER-SP</description><Point><coordinates>-50.910169,-22.211720,0</coordinates></Point></Placemark>
<Placemark><name>Radar 40 km/h</name><description>Fonte: OSM</description><Point><coordinates>-49.956169,-22.210822,0</coordinates></Point></Placemark>
<Placemark><name>Radar 80 km/h</name><description>Fonte: OSM</description><Point><coordinates>-49.963146,-22.209357,0</coordinates></Point></Placemark>
<Placemark><name>Radar</name><description>Fonte: DER-SP · sentido 179° (sul)</description><Point><coordinates>-49.963099,-22.209343,0</coordinates></Point></Placemark>
<Placemark><name>Radar</name><description>Fonte: DER-SP · sentido 9° (norte)</description><Point><coordinates>-49.963009,-22.209252,0</coordinates></Point></Placemark>
<Placemark><name>Radar</name><description>Fonte: DER-SP · sentido 32° (nordeste)</description><Point><coordinates>-49.040510,-22.205950,0</coordinates></Point></Placemark>
<Placemark><name>Radar</name><description>Fonte: DER-SP · sentido 349° (norte)</description><Point><coordinates>-49.964132,-22.202798,0</coordinates></Point></Placemark>
<Placemark><name>Radar 80 km/h</name><description>Fonte: OSM</description><Point><coordinates>-49.964160,-22.202755,0</coordinates></Point></Placemark>
<Placemark><name>Radar</name><description>Fonte: DER-SP · sentido 349° (norte)</description><Point><coordinates>-49.964347,-22.202603,0</coordinates></Point></Placemark>
<Placemark><name>Radar 40 km/h</name><description>Fonte: OSM</description><Point><coordinates>-49.957553,-22.199685,0</coordinates></Point></Placemark>
<Placemark><name>Radar 50 km/h</name><description>Fonte: OSM</description><Point><coordinates>-49.930528,-22.199231,0</coordinates></Point></Placemark>
<Placemark><name>Radar</name><description>Fonte: DER-SP</description><Point><coordinates>-51.123048,-22.198320,0</coordinates></Point></Placemark>
<Placemark><name>Radar</name><description>Fonte: DER-SP · sentido 187° (sul)</description><Point><coordinates>-49.037930,-22.196380,0</coordinates></Point></Placemark>
<Placemark><name>Radar</name><description>Fonte: DER-SP</description><Point><coordinates>-48.624030,-22.193600,0</coordinates></Point></Placemark>
<Placemark><name>Radar</name><description>Fonte: DER-SP</description><Point><coordinates>-48.781300,-22.193072,0</coordinates></Point></Placemark>
<Placemark><name>Radar</name><description>Fonte: DER-SP</description><Point><coordinates>-48.781261,-22.192998,0</coordinates></Point></Placemark>
<Placemark><name>Radar 40 km/h</name><description>Fonte: OSM</description><Point><coordinates>-49.959267,-22.191931,0</coordinates></Point></Placemark>
<Placemark><name>Radar</name><description>Fonte: DER-SP</description><Point><coordinates>-47.865063,-22.189146,0</coordinates></Point></Placemark>
<Placemark><name>Radar 80 km/h</name><description>Fonte: OSM</description><Point><coordinates>-49.968988,-22.187638,0</coordinates></Point></Placemark>
<Placemark><name>Radar 50 km/h</name><description>Fonte: OSM</description><Point><coordinates>-49.962944,-22.183188,0</coordinates></Point></Placemark>
<Placemark><name>Radar</name><description>Fonte: DER-SP · sentido 121° (sudeste)</description><Point><coordinates>-49.972558,-22.178186,0</coordinates></Point></Placemark>
<Placemark><name>Radar</name><description>Fonte: DER-SP · sentido 210° (sudoeste)</description><Point><coordinates>-49.969773,-22.175518,0</coordinates></Point></Placemark>
<Placemark><name>Radar 80 km/h</name><description>Fonte: OSM</description><Point><coordinates>-51.373072,-22.175072,0</coordinates></Point></Placemark>
<Placemark><name>Radar 60 km/h</name><description>Fonte: OSM</description><Point><coordinates>-49.969035,-22.174110,0</coordinates></Point></Placemark>
<Placemark><name>Radar 60 km/h</name><description>Fonte: OSM</description><Point><coordinates>-49.968544,-22.173502,0</coordinates></Point></Placemark>
<Placemark><name>Radar</name><description>Fonte: DER-SP · sentido 209° (sudoeste)</description><Point><coordinates>-49.968676,-22.173329,0</coordinates></Point></Placemark>
<Placemark><name>Radar 80 km/h</name><description>Fonte: OSM</description><Point><coordinates>-49.967640,-22.171789,0</coordinates></Point></Placemark>
<Placemark><name>Radar</name><description>Fonte: DER-SP · sentido 29° (nordeste)</description><Point><coordinates>-49.967662,-22.171772,0</coordinates></Point></Placemark>
<Placemark><name>Radar</name><description>Fonte: DER-SP · sentido 29° (nordeste)</description><Point><coordinates>-49.967302,-22.171595,0</coordinates></Point></Placemark>
<Placemark><name>Radar</name><description>Fonte: DER-SP · sentido 51° (nordeste)</description><Point><coordinates>-46.740167,-22.168148,0</coordinates></Point></Placemark>
<Placemark><name>Radar</name><description>Fonte: DER-SP · sentido 253° (oeste)</description><Point><coordinates>-51.320592,-22.166222,0</coordinates></Point></Placemark>
<Placemark><name>Radar</name><description>Fonte: DER-SP · sentido 236° (sudoeste)</description><Point><coordinates>-46.736683,-22.164789,0</coordinates></Point></Placemark>
<Placemark><name>Radar 90 km/h</name><description>Fonte: OSM</description><Point><coordinates>-51.382743,-22.164557,0</coordinates></Point></Placemark>
<Placemark><name>Radar</name><description>Fonte: DER-SP</description><Point><coordinates>-51.435779,-22.161252,0</coordinates></Point></Placemark>
<Placemark><name>Radar</name><description>Fonte: DER-SP · sentido 308° (noroeste)</description><Point><coordinates>-49.249135,-22.160563,0</coordinates></Point></Placemark>
<Placemark><name>Radar 110 km/h</name><description>Fonte: OSM</description><Point><coordinates>-49.249155,-22.160445,0</coordinates></Point></Placemark>
<Placemark><name>Radar</name><description>Fonte: DER-SP</description><Point><coordinates>-51.394807,-22.159658,0</coordinates></Point></Placemark>
<Placemark><name>Radar 90 km/h</name><description>Fonte: OSM</description><Point><coordinates>-51.381728,-22.159621,0</coordinates></Point></Placemark>
<Placemark><name>Radar 90 km/h</name><description>Fonte: OSM</description><Point><coordinates>-51.381606,-22.159582,0</coordinates></Point></Placemark>
<Placemark><name>Radar 90 km/h</name><description>Fonte: OSM</description><Point><coordinates>-51.394744,-22.159371,0</coordinates></Point></Placemark>
<Placemark><name>Radar</name><description>Fonte: OSM</description><Point><coordinates>-51.394714,-22.159368,0</coordinates></Point></Placemark>
<Placemark><name>Radar</name><description>Fonte: DER-SP</description><Point><coordinates>-50.874709,-22.157301,0</coordinates></Point></Placemark>
<Placemark><name>Radar</name><description>Fonte: DER-SP · sentido 73° (leste)</description><Point><coordinates>-51.274678,-22.153869,0</coordinates></Point></Placemark>
<Placemark><name>Radar</name><description>Fonte: DER-SP · sentido 254° (oeste)</description><Point><coordinates>-51.271635,-22.152849,0</coordinates></Point></Placemark>
<Placemark><name>Radar</name><description>Fonte: DER-SP · sentido 254° (oeste)</description><Point><coordinates>-51.271858,-22.152839,0</coordinates></Point></Placemark>
<Placemark><name>Radar</name><description>Fonte: OSM</description><Point><coordinates>-48.750860,-22.152839,0</coordinates></Point></Placemark>
<Placemark><name>Radar 60 km/h</name><description>Fonte: OSM</description><Point><coordinates>-51.419550,-22.149400,0</coordinates></Point></Placemark>
<Placemark><name>Radar 60 km/h</name><description>Fonte: OSM</description><Point><coordinates>-51.419639,-22.149323,0</coordinates></Point></Placemark>
<Placemark><name>Radar 100 km/h</name><description>Fonte: OSM</description><Point><coordinates>-51.934114,-22.148658,0</coordinates></Point></Placemark>
<Placemark><name>Radar</name><description>Fonte: DER-SP</description><Point><coordinates>-51.934125,-22.148591,0</coordinates></Point></Placemark>
<Placemark><name>Radar</name><description>Fonte: DER-SP</description><Point><coordinates>-49.953540,-22.147170,0</coordinates></Point></Placemark>
<Placemark><name>Radar</name><description>Fonte: DER-SP · sentido 75° (leste)</description><Point><coordinates>-51.245950,-22.145978,0</coordinates></Point></Placemark>
<Placemark><name>Radar</name><description>Fonte: DER-SP</description><Point><coordinates>-48.746747,-22.145511,0</coordinates></Point></Placemark>
<Placemark><name>Radar</name><description>Fonte: DER-SP</description><Point><coordinates>-48.746350,-22.145381,0</coordinates></Point></Placemark>
<Placemark><name>Radar</name><description>Fonte: DER-SP · sentido 209° (sudoeste)</description><Point><coordinates>-49.951580,-22.145260,0</coordinates></Point></Placemark>
<Placemark><name>Radar</name><description>Fonte: DER-SP · sentido 292° (oeste)</description><Point><coordinates>-51.400551,-22.145240,0</coordinates></Point></Placemark>
<Placemark><name>Radar 90 km/h</name><description>Fonte: OSM</description><Point><coordinates>-51.400614,-22.145237,0</coordinates></Point></Placemark>
<Placemark><name>Radar 60 km/h</name><description>Fonte: OSM</description><Point><coordinates>-48.747602,-22.144984,0</coordinates></Point></Placemark>
<Placemark><name>Radar 40 km/h</name><description>Fonte: OSM</description><Point><coordinates>-51.237131,-22.143723,0</coordinates></Point></Placemark>
<Placemark><name>Radar</name><description>Fonte: DER-SP · sentido 76° (leste)</description><Point><coordinates>-51.237237,-22.143699,0</coordinates></Point></Placemark>
<Placemark><name>Radar 40 km/h</name><description>Fonte: OSM</description><Point><coordinates>-51.237163,-22.143536,0</coordinates></Point></Placemark>
<Placemark><name>Radar</name><description>Fonte: DER-SP</description><Point><coordinates>-51.239280,-22.143476,0</coordinates></Point></Placemark>
<Placemark><name>Radar 40 km/h</name><description>Fonte: OSM</description><Point><coordinates>-51.236987,-22.143345,0</coordinates></Point></Placemark>
<Placemark><name>Radar</name><description>Fonte: DER-SP · sentido 254° (oeste)</description><Point><coordinates>-51.236938,-22.143223,0</coordinates></Point></Placemark>
<Placemark><name>Radar 60 km/h</name><description>Fonte: OSM</description><Point><coordinates>-51.394116,-22.143178,0</coordinates></Point></Placemark>
<Placemark><name>Radar 40 km/h</name><description>Fonte: OSM</description><Point><coordinates>-51.237029,-22.143168,0</coordinates></Point></Placemark>
<Placemark><name>Radar 60 km/h</name><description>Fonte: OSM</description><Point><coordinates>-51.398713,-22.141559,0</coordinates></Point></Placemark>
<Placemark><name>Radar 60 km/h</name><description>Fonte: OSM</description><Point><coordinates>-51.398829,-22.141525,0</coordinates></Point></Placemark>
<Placemark><name>Radar 40 km/h</name><description>Fonte: OSM</description><Point><coordinates>-50.112567,-22.141272,0</coordinates></Point></Placemark>
<Placemark><name>Radar 40 km/h</name><description>Fonte: OSM</description><Point><coordinates>-50.112430,-22.141228,0</coordinates></Point></Placemark>
<Placemark><name>Radar</name><description>Fonte: DER-SP · sentido 294° (noroeste)</description><Point><coordinates>-50.111955,-22.141197,0</coordinates></Point></Placemark>
<Placemark><name>Radar 40 km/h</name><description>Fonte: OSM</description><Point><coordinates>-50.112155,-22.141151,0</coordinates></Point></Placemark>
<Placemark><name>Radar</name><description>Fonte: DER-SP · sentido 124° (sudeste)</description><Point><coordinates>-50.112837,-22.141121,0</coordinates></Point></Placemark>
<Placemark><name>Radar 40 km/h</name><description>Fonte: OSM</description><Point><coordinates>-50.112056,-22.141120,0</coordinates></Point></Placemark>
<Placemark><name>Radar</name><description>Fonte: DER-SP</description><Point><coordinates>-50.115517,-22.141095,0</coordinates></Point></Placemark>
<Placemark><name>Radar 60 km/h</name><description>Fonte: OSM</description><Point><coordinates>-51.393440,-22.140715,0</coordinates></Point></Placemark>
<Placemark><name>Radar 60 km/h</name><description>Fonte: OSM</description><Point><coordinates>-51.397276,-22.138935,0</coordinates></Point></Placemark>
<Placemark><name>Radar 60 km/h</name><description>Fonte: OSM</description><Point><coordinates>-51.391114,-22.138402,0</coordinates></Point></Placemark>
<Placemark><name>Radar 60 km/h</name><description>Fonte: OSM</description><Point><coordinates>-51.406132,-22.138104,0</coordinates></Point></Placemark>
<Placemark><name>Radar 60 km/h</name><description>Fonte: OSM</description><Point><coordinates>-51.406209,-22.138063,0</coordinates></Point></Placemark>
<Placemark><name>Radar 60 km/h</name><description>Fonte: OSM</description><Point><coordinates>-51.390871,-22.137895,0</coordinates></Point></Placemark>
<Placemark><name>Radar</name><description>Fonte: DER-SP</description><Point><coordinates>-47.662048,-22.137377,0</coordinates></Point></Placemark>
<Placemark><name>Radar</name><description>Fonte: DER-SP</description><Point><coordinates>-49.495010,-22.135834,0</coordinates></Point></Placemark>
<Placemark><name>Radar</name><description>Fonte: DER-SP</description><Point><coordinates>-49.564105,-22.134180,0</coordinates></Point></Placemark>
<Placemark><name>Radar 60 km/h</name><description>Fonte: OSM</description><Point><coordinates>-51.396440,-22.133808,0</coordinates></Point></Placemark>
<Placemark><name>Radar 60 km/h</name><description>Fonte: OSM</description><Point><coordinates>-51.384330,-22.133718,0</coordinates></Point></Placemark>
<Placemark><name>Radar 60 km/h</name><description>Fonte: OSM</description><Point><coordinates>-51.384333,-22.133623,0</coordinates></Point></Placemark>
<Placemark><name>Radar</name><description>Fonte: DER-SP</description><Point><coordinates>-47.454279,-22.131584,0</coordinates></Point></Placemark>
<Placemark><name>Radar</name><description>Fonte: DER-SP</description><Point><coordinates>-47.651096,-22.131312,0</coordinates></Point></Placemark>
<Placemark><name>Radar</name><description>Fonte: DER-SP</description><Point><coordinates>-51.452193,-22.131288,0</coordinates></Point></Placemark>
<Placemark><name>Radar</name><description>Fonte: DER-SP</description><Point><coordinates>-48.675730,-22.130570,0</coordinates></Point></Placemark>
<Placemark><name>Radar 60 km/h</name><description>Fonte: OSM</description><Point><coordinates>-51.386959,-22.130370,0</coordinates></Point></Placemark>
<Placemark><name>Radar 60 km/h</name><description>Fonte: OSM</description><Point><coordinates>-51.431693,-22.130291,0</coordinates></Point></Placemark>
<Placemark><name>Radar 60 km/h</name><description>Fonte: OSM</description><Point><coordinates>-51.431746,-22.130202,0</coordinates></Point></Placemark>
<Placemark><name>Radar</name><description>Fonte: OSM</description><Point><coordinates>-51.425518,-22.129589,0</coordinates></Point></Placemark>
<Placemark><name>Radar 60 km/h</name><description>Fonte: OSM</description><Point><coordinates>-51.392035,-22.129356,0</coordinates></Point></Placemark>
<Placemark><name>Radar</name><description>Fonte: DER-SP · sentido 332° (noroeste)</description><Point><coordinates>-47.807635,-22.129223,0</coordinates></Point></Placemark>
<Placemark><name>Radar 40 km/h</name><description>Fonte: OSM</description><Point><coordinates>-47.808439,-22.129047,0</coordinates></Point></Placemark>
<Placemark><name>Radar 60 km/h</name><description>Fonte: OSM</description><Point><coordinates>-51.391979,-22.129046,0</coordinates></Point></Placemark>
<Placemark><name>Radar</name><description>Fonte: DER-SP</description><Point><coordinates>-47.810639,-22.129042,0</coordinates></Point></Placemark>
<Placemark><name>Radar 40 km/h</name><description>Fonte: OSM</description><Point><coordinates>-47.807812,-22.128996,0</coordinates></Point></Placemark>
<Placemark><name>Radar 40 km/h</name><description>Fonte: OSM</description><Point><coordinates>-47.808281,-22.128975,0</coordinates></Point></Placemark>
<Placemark><name>Radar 40 km/h</name><description>Fonte: OSM</description><Point><coordinates>-47.807685,-22.128941,0</coordinates></Point></Placemark>
<Placemark><name>Radar</name><description>Fonte: DER-SP · sentido 151° (sudeste)</description><Point><coordinates>-47.808538,-22.128767,0</coordinates></Point></Placemark>
<Placemark><name>Radar</name><description>Fonte: DER-SP</description><Point><coordinates>-48.735653,-22.128508,0</coordinates></Point></Placemark>
<Placemark><name>Radar</name><description>Fonte: DER-SP · sentido 238° (sudoeste)</description><Point><coordinates>-51.182572,-22.128014,0</coordinates></Point></Placemark>
<Placemark><name>Radar</name><description>Fonte: DER-SP · sentido 55° (nordeste)</description><Point><coordinates>-49.937190,-22.127920,0</coordinates></Point></Placemark>
<Placemark><name>Radar 60 km/h</name><description>Fonte: OSM</description><Point><coordinates>-51.384859,-22.126492,0</coordinates></Point></Placemark>
<Placemark><name>Radar</name><description>Fonte: DER-SP</description><Point><coordinates>-49.518208,-22.125912,0</coordinates></Point></Placemark>
<Placemark><name>Radar</name><description>Fonte: OSM</description><Point><coordinates>-51.424283,-22.124831,0</coordinates></Point></Placemark>
<Placemark><name>Radar</name><description>Fonte: DER-SP · sentido 51° (nordeste)</description><Point><coordinates>-51.177783,-22.124808,0</coordinates></Point></Placemark>
<Placemark><name>Radar</name><description>Fonte: DER-SP · sentido 113° (sudeste)</description><Point><coordinates>-51.433380,-22.124680,0</coordinates></Point></Placemark>
<Placemark><name>Radar</name><description>Fonte: DER-SP · sentido 113° (sudeste)</description><Point><coordinates>-51.433391,-22.124664,0</coordinates></Point></Placemark>
<Placemark><name>Radar</name><description>Fonte: OSM</description><Point><coordinates>-51.433361,-22.124588,0</coordinates></Point></Placemark>
<Placemark><name>Radar 90 km/h</name><description>Fonte: OSM</description><Point><coordinates>-51.433345,-22.124557,0</coordinates></Point></Placemark>
<Placemark><name>Radar</name><description>Fonte: OSM</description><Point><coordinates>-51.423479,-22.123976,0</coordinates></Point></Placemark>
<Placemark><name>Radar 50 km/h</name><description>Fonte: OSM</description><Point><coordinates>-51.393470,-22.123137,0</coordinates></Point></Placemark>
<Placemark><name>Radar 50 km/h</name><description>Fonte: OSM</description><Point><coordinates>-51.393744,-22.123126,0</coordinates></Point></Placemark>
<Placemark><name>Radar</name><description>Fonte: DER-SP · sentido 63° (nordeste)</description><Point><coordinates>-46.685256,-22.122853,0</coordinates></Point></Placemark>
<Placemark><name>Radar</name><description>Fonte: DER-SP · sentido 247° (sudoeste)</description><Point><coordinates>-46.683941,-22.121747,0</coordinates></Point></Placemark>
<Placemark><name>Radar 60 km/h</name><description>Fonte: OSM</description><Point><coordinates>-51.387432,-22.120988,0</coordinates></Point></Placemark>
<Placemark><name>Radar 60 km/h</name><description>Fonte: OSM</description><Point><coordinates>-51.398251,-22.120879,0</coordinates></Point></Placemark>
<Placemark><name>Radar 60 km/h</name><description>Fonte: OSM</description><Point><coordinates>-51.387182,-22.120847,0</coordinates></Point></Placemark>
<Placemark><name>Radar 60 km/h</name><description>Fonte: OSM</description><Point><coordinates>-51.387591,-22.120756,0</coordinates></Point></Placemark>
<Placemark><name>Radar 60 km/h</name><description>Fonte: OSM</description><Point><coordinates>-51.398773,-22.120752,0</coordinates></Point></Placemark>
<Placemark><name>Radar 60 km/h</name><description>Fonte: OSM</description><Point><coordinates>-51.387360,-22.120651,0</coordinates></Point></Placemark>
<Placemark><name>Radar 60 km/h</name><description>Fonte: OSM</description><Point><coordinates>-51.390833,-22.119147,0</coordinates></Point></Placemark>
<Placemark><name>Radar 60 km/h</name><description>Fonte: OSM</description><Point><coordinates>-51.391236,-22.119054,0</coordinates></Point></Placemark>
<Placemark><name>Radar</name><description>Fonte: OSM</description><Point><coordinates>-51.403624,-22.118487,0</coordinates></Point></Placemark>
<Placemark><name>Radar 60 km/h</name><description>Fonte: OSM</description><Point><coordinates>-51.403948,-22.118317,0</coordinates></Point></Placemark>
<Placemark><name>Radar 60 km/h</name><description>Fonte: OSM</description><Point><coordinates>-51.395386,-22.116995,0</coordinates></Point></Placemark>
<Placemark><name>Radar</name><description>Fonte: OSM</description><Point><coordinates>-51.447720,-22.114962,0</coordinates></Point></Placemark>
<Placemark><name>Radar 60 km/h</name><description>Fonte: OSM</description><Point><coordinates>-51.383563,-22.113622,0</coordinates></Point></Placemark>
<Placemark><name>Radar</name><description>Fonte: OSM</description><Point><coordinates>-51.451096,-22.112856,0</coordinates></Point></Placemark>
<Placemark><name>Radar</name><description>Fonte: DER-SP</description><Point><coordinates>-48.306611,-22.107833,0</coordinates></Point></Placemark>
<Placemark><name>Radar 60 km/h</name><description>Fonte: OSM</description><Point><coordinates>-48.307248,-22.107594,0</coordinates></Point></Placemark>
<Placemark><name>Radar</name><description>Fonte: DER-SP · sentido 0° (norte)</description><Point><coordinates>-48.455250,-22.102890,0</coordinates></Point></Placemark>
<Placemark><name>Radar</name><description>Fonte: DER-SP · sentido 1° (norte)</description><Point><coordinates>-48.455604,-22.102470,0</coordinates></Point></Placemark>
<Placemark><name>Radar</name><description>Fonte: OSM</description><Point><coordinates>-47.414589,-22.102083,0</coordinates></Point></Placemark>
<Placemark><name>Radar</name><description>Fonte: OSM</description><Point><coordinates>-47.414652,-22.101898,0</coordinates></Point></Placemark>
<Placemark><name>Radar</name><description>Fonte: DER-SP · sentido 343° (norte)</description><Point><coordinates>-47.414700,-22.101500,0</coordinates></Point></Placemark>
<Placemark><name>Radar</name><description>Fonte: DER-SP</description><Point><coordinates>-51.143542,-22.099053,0</coordinates></Point></Placemark>
<Placemark><name>Radar</name><description>Fonte: DER-SP</description><Point><coordinates>-51.459574,-22.098795,0</coordinates></Point></Placemark>
<Placemark><name>Radar</name><description>Fonte: DER-SP</description><Point><coordinates>-51.458856,-22.097425,0</coordinates></Point></Placemark>
<Placemark><name>Radar 60 km/h</name><description>Fonte: OSM</description><Point><coordinates>-51.395419,-22.096674,0</coordinates></Point></Placemark>
<Placemark><name>Radar</name><description>Fonte: DER-SP</description><Point><coordinates>-47.878291,-22.096613,0</coordinates></Point></Placemark>
<Placemark><name>Radar 60 km/h</name><description>Fonte: OSM</description><Point><coordinates>-51.395415,-22.096591,0</coordinates></Point></Placemark>
<Placemark><name>Radar</name><description>Fonte: DER-SP</description><Point><coordinates>-47.416000,-22.095000,0</coordinates></Point></Placemark>
<Placemark><name>Radar</name><description>Fonte: OSM</description><Point><coordinates>-47.417494,-22.094231,0</coordinates></Point></Placemark>
<Placemark><name>Radar</name><description>Fonte: DER-SP</description><Point><coordinates>-48.740399,-22.092590,0</coordinates></Point></Placemark>
<Placemark><name>Radar</name><description>Fonte: DER-SP</description><Point><coordinates>-48.740892,-22.092278,0</coordinates></Point></Placemark>
<Placemark><name>Radar 50 km/h</name><description>Fonte: OSM</description><Point><coordinates>-48.740893,-22.092246,0</coordinates></Point></Placemark>
<Placemark><name>Radar</name><description>Fonte: DER-SP · sentido 61° (nordeste)</description><Point><coordinates>-49.909589,-22.091117,0</coordinates></Point></Placemark>
<Placemark><name>Radar 60 km/h</name><description>Fonte: OSM</description><Point><coordinates>-51.439158,-22.090922,0</coordinates></Point></Placemark>
<Placemark><name>Radar</name><description>Fonte: DER-SP · sentido 244° (sudoeste)</description><Point><coordinates>-49.909446,-22.090854,0</coordinates></Point></Placemark>
<Placemark><name>Radar 60 km/h</name><description>Fonte: OSM</description><Point><coordinates>-51.439098,-22.090830,0</coordinates></Point></Placemark>
<Placemark><name>Radar</name><description>Fonte: DER-SP</description><Point><coordinates>-49.024070,-22.073490,0</coordinates></Point></Placemark>
<Placemark><name>Radar</name><description>Fonte: DER-SP</description><Point><coordinates>-48.727630,-22.068430,0</coordinates></Point></Placemark>
<Placemark><name>Radar</name><description>Fonte: DER-SP · sentido 127° (sudeste)</description><Point><coordinates>-46.982056,-22.067272,0</coordinates></Point></Placemark>
<Placemark><name>Radar 110 km/h</name><description>Fonte: OSM</description><Point><coordinates>-51.520139,-22.067181,0</coordinates></Point></Placemark>
<Placemark><name>Radar</name><description>Fonte: DER-SP · sentido 305° (noroeste)</description><Point><coordinates>-51.520367,-22.066982,0</coordinates></Point></Placemark>
<Placemark><name>Radar</name><description>Fonte: OSM</description><Point><coordinates>-46.968265,-22.066177,0</coordinates></Point></Placemark>
<Placemark><name>Radar</name><description>Fonte: DER-SP · sentido 61° (nordeste)</description><Point><coordinates>-46.967876,-22.065959,0</coordinates></Point></Placemark>
<Placemark><name>Radar</name><description>Fonte: DER-SP · sentido 59° (nordeste)</description><Point><coordinates>-46.967956,-22.065932,0</coordinates></Point></Placemark>
<Placemark><name>Radar</name><description>Fonte: DER-SP · sentido 239° (sudoeste)</description><Point><coordinates>-46.967897,-22.065887,0</coordinates></Point></Placemark>
<Placemark><name>Radar</name><description>Fonte: DER-SP · sentido 239° (sudoeste)</description><Point><coordinates>-46.967743,-22.065778,0</coordinates></Point></Placemark>
<Placemark><name>Radar</name><description>Fonte: DER-SP · sentido 259° (oeste)</description><Point><coordinates>-47.888961,-22.064234,0</coordinates></Point></Placemark>
<Placemark><name>Radar 50 km/h</name><description>Fonte: OSM</description><Point><coordinates>-47.888487,-22.064103,0</coordinates></Point></Placemark>
<Placemark><name>Radar</name><description>Fonte: DER-SP</description><Point><coordinates>-48.092306,-22.061611,0</coordinates></Point></Placemark>
<Placemark><name>Radar 80 km/h</name><description>Fonte: OSM</description><Point><coordinates>-48.092521,-22.061582,0</coordinates></Point></Placemark>
<Placemark><name>Radar</name><description>Fonte: DER-SP</description><Point><coordinates>-51.432559,-22.055201,0</coordinates></Point></Placemark>
<Placemark><name>Radar</name><description>Fonte: DER-SP</description><Point><coordinates>-47.000249,-22.055135,0</coordinates></Point></Placemark>
<Placemark><name>Radar</name><description>Fonte: DER-SP</description><Point><coordinates>-48.983630,-22.053250,0</coordinates></Point></Placemark>
<Placemark><name>Radar 110 km/h</name><description>Fonte: OSM</description><Point><coordinates>-47.429789,-22.048710,0</coordinates></Point></Placemark>
<Placemark><name>Radar</name><description>Fonte: DER-SP · sentido 167° (sul)</description><Point><coordinates>-47.430000,-22.048200,0</coordinates></Point></Placemark>
<Placemark><name>Radar</name><description>Fonte: DER-SP · sentido 214° (sudoeste)</description><Point><coordinates>-48.415433,-22.044549,0</coordinates></Point></Placemark>
<Placemark><name>Radar 100 km/h</name><description>Fonte: OSM</description><Point><coordinates>-51.557195,-22.044215,0</coordinates></Point></Placemark>
<Placemark><name>Radar</name><description>Fonte: DER-SP · sentido 214° (sudoeste)</description><Point><coordinates>-48.415040,-22.043805,0</coordinates></Point></Placemark>
<Placemark><name>Radar 90 km/h</name><description>Fonte: OSM</description><Point><coordinates>-47.861571,-22.039759,0</coordinates></Point></Placemark>
<Placemark><name>Radar</name><description>Fonte: DER-SP · sentido 10° (norte)</description><Point><coordinates>-47.861478,-22.039625,0</coordinates></Point></Placemark>
<Placemark><name>Radar 60 km/h</name><description>Fonte: OSM</description><Point><coordinates>-47.866137,-22.035352,0</coordinates></Point></Placemark>
<Placemark><name>Radar</name><description>Fonte: DER-SP</description><Point><coordinates>-49.019410,-22.034030,0</coordinates></Point></Placemark>
<Placemark><name>Radar</name><description>Fonte: DER-SP</description><Point><coordinates>-48.403011,-22.027582,0</coordinates></Point></Placemark>
<Placemark><name>Radar</name><description>Fonte: DER-SP</description><Point><coordinates>-48.403222,-22.027411,0</coordinates></Point></Placemark>
<Placemark><name>Radar</name><description>Fonte: DER-SP · sentido 239° (sudoeste)</description><Point><coordinates>-49.789314,-22.025801,0</coordinates></Point></Placemark>
<Placemark><name>Radar</name><description>Fonte: DER-SP · sentido 59° (nordeste)</description><Point><coordinates>-49.784737,-22.023057,0</coordinates></Point></Placemark>
<Placemark><name>Radar 40 km/h</name><description>Fonte: OSM</description><Point><coordinates>-47.437453,-22.012475,0</coordinates></Point></Placemark>
<Placemark><name>Radar 40 km/h</name><description>Fonte: OSM</description><Point><coordinates>-47.437407,-22.012353,0</coordinates></Point></Placemark>
<Placemark><name>Radar 60 km/h</name><description>Fonte: OSM</description><Point><coordinates>-47.914749,-22.012231,0</coordinates></Point></Placemark>
<Placemark><name>Radar 40 km/h</name><description>Fonte: OSM</description><Point><coordinates>-47.414174,-22.010440,0</coordinates></Point></Placemark>
<Placemark><name>Radar</name><description>Fonte: DER-SP</description><Point><coordinates>-47.407628,-22.010374,0</coordinates></Point></Placemark>
<Placemark><name>Radar</name><description>Fonte: OSM</description><Point><coordinates>-51.618492,-22.010277,0</coordinates></Point></Placemark>
<Placemark><name>Radar 60 km/h</name><description>Fonte: OSM</description><Point><coordinates>-47.919778,-22.006207,0</coordinates></Point></Placemark>
<Placemark><name>Radar 40 km/h</name><description>Fonte: OSM</description><Point><coordinates>-47.431821,-22.006018,0</coordinates></Point></Placemark>
<Placemark><name>Radar 40 km/h</name><description>Fonte: OSM</description><Point><coordinates>-47.432148,-22.005053,0</coordinates></Point></Placemark>
<Placemark><name>Radar</name><description>Fonte: OSM</description><Point><coordinates>-47.872133,-21.999750,0</coordinates></Point></Placemark>
<Placemark><name>Radar</name><description>Fonte: OSM</description><Point><coordinates>-47.873985,-21.998268,0</coordinates></Point></Placemark>
<Placemark><name>Radar 40 km/h</name><description>Fonte: OSM</description><Point><coordinates>-47.436929,-21.997549,0</coordinates></Point></Placemark>
<Placemark><name>Radar 40 km/h</name><description>Fonte: OSM</description><Point><coordinates>-47.436953,-21.997462,0</coordinates></Point></Placemark>
<Placemark><name>Radar 50 km/h</name><description>Fonte: OSM</description><Point><coordinates>-47.890989,-21.996571,0</coordinates></Point></Placemark>
<Placemark><name>Radar</name><description>Fonte: DER-SP</description><Point><coordinates>-47.444000,-21.994800,0</coordinates></Point></Placemark>
<Placemark><name>Radar</name><description>Fonte: DER-SP · sentido 238° (sudoeste)</description><Point><coordinates>-46.805977,-21.994110,0</coordinates></Point></Placemark>
<Placemark><name>Radar 110 km/h</name><description>Fonte: OSM</description><Point><coordinates>-47.447644,-21.993132,0</coordinates></Point></Placemark>
<Placemark><name>Radar</name><description>Fonte: DER-SP · sentido 288° (oeste)</description><Point><coordinates>-47.887333,-21.990456,0</coordinates></Point></Placemark>
<Placemark><name>Radar 90 km/h</name><description>Fonte: OSM</description><Point><coordinates>-47.887371,-21.990447,0</coordinates></Point></Placemark>
<Placemark><name>Radar</name><description>Fonte: DER-SP · sentido 86° (leste)</description><Point><coordinates>-48.377183,-21.988981,0</coordinates></Point></Placemark>
<Placemark><name>Radar</name><description>Fonte: DER-SP</description><Point><coordinates>-48.374913,-21.988236,0</coordinates></Point></Placemark>
<Placemark><name>Radar</name><description>Fonte: OSM</description><Point><coordinates>-48.374664,-21.987957,0</coordinates></Point></Placemark>
<Placemark><name>Radar</name><description>Fonte: DER-SP · sentido 217° (sudoeste)</description><Point><coordinates>-48.374629,-21.987939,0</coordinates></Point></Placemark>
<Placemark><name>Radar 60 km/h</name><description>Fonte: OSM</description><Point><coordinates>-51.386900,-21.984616,0</coordinates></Point></Placemark>
<Placemark><name>Radar</name><description>Fonte: DER-SP</description><Point><coordinates>-51.386860,-21.984563,0</coordinates></Point></Placemark>
<Placemark><name>Radar</name><description>Fonte: DER-SP</description><Point><coordinates>-48.780040,-21.982560,0</coordinates></Point></Placemark>
<Placemark><name>Radar</name><description>Fonte: DER-SP</description><Point><coordinates>-47.412185,-21.980744,0</coordinates></Point></Placemark>
<Placemark><name>Radar</name><description>Fonte: DER-SP</description><Point><coordinates>-48.781200,-21.980040,0</coordinates></Point></Placemark>
<Placemark><name>Radar 110 km/h</name><description>Fonte: OSM</description><Point><coordinates>-47.933952,-21.975791,0</coordinates></Point></Placemark>
<Placemark><name>Radar</name><description>Fonte: DER-SP · sentido 289° (oeste)</description><Point><coordinates>-47.934110,-21.975674,0</coordinates></Point></Placemark>
<Placemark><name>Radar 80 km/h</name><description>Fonte: OSM</description><Point><coordinates>-47.888810,-21.975236,0</coordinates></Point></Placemark>
<Placemark><name>Radar 80 km/h</name><description>Fonte: OSM</description><Point><coordinates>-47.888742,-21.975227,0</coordinates></Point></Placemark>
<Placemark><name>Radar</name><description>Fonte: DER-SP · sentido 170° (sul)</description><Point><coordinates>-47.888692,-21.975224,0</coordinates></Point></Placemark>
<Placemark><name>Radar</name><description>Fonte: DER-SP</description><Point><coordinates>-50.959844,-21.960862,0</coordinates></Point></Placemark>
<Placemark><name>Radar</name><description>Fonte: DER-SP</description><Point><coordinates>-50.738525,-21.959822,0</coordinates></Point></Placemark>
<Placemark><name>Radar</name><description>Fonte: DER-SP · sentido 58° (nordeste)</description><Point><coordinates>-50.955340,-21.959540,0</coordinates></Point></Placemark>
<Placemark><name>Radar 40 km/h</name><description>Fonte: OSM</description><Point><coordinates>-50.955242,-21.959492,0</coordinates></Point></Placemark>
<Placemark><name>Radar 40 km/h</name><description>Fonte: OSM</description><Point><coordinates>-50.955314,-21.959426,0</coordinates></Point></Placemark>
<Placemark><name>Radar</name><description>Fonte: DER-SP · sentido 238° (sudoeste)</description><Point><coordinates>-50.955202,-21.959142,0</coordinates></Point></Placemark>
<Placemark><name>Radar 40 km/h</name><description>Fonte: OSM</description><Point><coordinates>-50.955217,-21.959128,0</coordinates></Point></Placemark>
<Placemark><name>Radar 40 km/h</name><description>Fonte: OSM</description><Point><coordinates>-50.955268,-21.959041,0</coordinates></Point></Placemark>
<Placemark><name>Radar</name><description>Fonte: DER-SP · sentido 101° (leste)</description><Point><coordinates>-50.479231,-21.956672,0</coordinates></Point></Placemark>
<Placemark><name>Radar 60 km/h</name><description>Fonte: OSM</description><Point><coordinates>-50.479838,-21.956537,0</coordinates></Point></Placemark>
<Placemark><name>Radar 60 km/h</name><description>Fonte: OSM</description><Point><coordinates>-50.481950,-21.956173,0</coordinates></Point></Placemark>
<Placemark><name>Radar</name><description>Fonte: DER-SP · sentido 280° (oeste)</description><Point><coordinates>-50.483542,-21.955875,0</coordinates></Point></Placemark>
<Placemark><name>Radar</name><description>Fonte: DER-SP · sentido 101° (leste)</description><Point><coordinates>-50.487564,-21.955192,0</coordinates></Point></Placemark>
<Placemark><name>Radar 60 km/h</name><description>Fonte: OSM</description><Point><coordinates>-50.489817,-21.954826,0</coordinates></Point></Placemark>
<Placemark><name>Radar 60 km/h</name><description>Fonte: OSM</description><Point><coordinates>-50.492530,-21.954274,0</coordinates></Point></Placemark>
<Placemark><name>Radar</name><description>Fonte: DER-SP · sentido 287° (oeste)</description><Point><coordinates>-50.492644,-21.954261,0</coordinates></Point></Placemark>
<Placemark><name>Radar</name><description>Fonte: DER-SP</description><Point><coordinates>-50.492473,-21.954252,0</coordinates></Point></Placemark>
<Placemark><name>Radar 60 km/h</name><description>Fonte: OSM</description><Point><coordinates>-50.498829,-21.952474,0</coordinates></Point></Placemark>
<Placemark><name>Radar</name><description>Fonte: DER-SP · sentido 102° (leste)</description><Point><coordinates>-50.507419,-21.949892,0</coordinates></Point></Placemark>
<Placemark><name>Radar 60 km/h</name><description>Fonte: OSM</description><Point><coordinates>-50.512244,-21.948612,0</coordinates></Point></Placemark>
<Placemark><name>Radar</name><description>Fonte: DER-SP</description><Point><coordinates>-47.379589,-21.948354,0</coordinates></Point></Placemark>
<Placemark><name>Radar</name><description>Fonte: DER-SP · sentido 107° (leste)</description><Point><coordinates>-50.522583,-21.945619,0</coordinates></Point></Placemark>
<Placemark><name>Radar</name><description>Fonte: DER-SP · sentido 41° (nordeste)</description><Point><coordinates>-48.337660,-21.942780,0</coordinates></Point></Placemark>
<Placemark><name>Radar</name><description>Fonte: DER-SP · sentido 41° (nordeste)</description><Point><coordinates>-48.337460,-21.942380,0</coordinates></Point></Placemark>
<Placemark><name>Radar</name><description>Fonte: DER-SP · sentido 216° (sudoeste)</description><Point><coordinates>-48.336570,-21.940980,0</coordinates></Point></Placemark>
<Placemark><name>Radar</name><description>Fonte: DER-SP · sentido 217° (sudoeste)</description><Point><coordinates>-48.336450,-21.940950,0</coordinates></Point></Placemark>
<Placemark><name>Radar</name><description>Fonte: DER-SP</description><Point><coordinates>-50.530156,-21.938036,0</coordinates></Point></Placemark>
<Placemark><name>Radar</name><description>Fonte: DER-SP</description><Point><coordinates>-50.530288,-21.937927,0</coordinates></Point></Placemark>
<Placemark><name>Radar 60 km/h</name><description>Fonte: OSM</description><Point><coordinates>-50.530300,-21.937773,0</coordinates></Point></Placemark>
<Placemark><name>Radar</name><description>Fonte: DER-SP</description><Point><coordinates>-50.717884,-21.929671,0</coordinates></Point></Placemark>
<Placemark><name>Radar</name><description>Fonte: OSM</description><Point><coordinates>-51.765877,-21.928389,0</coordinates></Point></Placemark>
<Placemark><name>Radar</name><description>Fonte: OSM</description><Point><coordinates>-51.814636,-21.903191,0</coordinates></Point></Placemark>
<Placemark><name>Radar</name><description>Fonte: OSM</description><Point><coordinates>-51.832394,-21.897140,0</coordinates></Point></Placemark>
<Placemark><name>Radar 110 km/h</name><description>Fonte: OSM</description><Point><coordinates>-51.833068,-21.896897,0</coordinates></Point></Placemark>
<Placemark><name>Radar</name><description>Fonte: DER-SP</description><Point><coordinates>-50.704325,-21.895678,0</coordinates></Point></Placemark>
<Placemark><name>Radar</name><description>Fonte: DER-SP</description><Point><coordinates>-48.813560,-21.895550,0</coordinates></Point></Placemark>
<Placemark><name>Radar</name><description>Fonte: DER-SP</description><Point><coordinates>-49.214140,-21.894750,0</coordinates></Point></Placemark>
<Placemark><name>Radar</name><description>Fonte: DER-SP · sentido 172° (sul)</description><Point><coordinates>-49.029590,-21.894470,0</coordinates></Point></Placemark>
<Placemark><name>Radar</name><description>Fonte: DER-SP · sentido 350° (norte)</description><Point><coordinates>-49.029220,-21.894440,0</coordinates></Point></Placemark>
<Placemark><name>Radar 60 km/h</name><description>Fonte: OSM</description><Point><coordinates>-49.029576,-21.894392,0</coordinates></Point></Placemark>
<Placemark><name>Radar 60 km/h</name><description>Fonte: OSM</description><Point><coordinates>-51.830676,-21.889674,0</coordinates></Point></Placemark>
<Placemark><name>Radar</name><description>Fonte: DER-SP</description><Point><coordinates>-51.830616,-21.889615,0</coordinates></Point></Placemark>
<Placemark><name>Radar</name><description>Fonte: OSM</description><Point><coordinates>-51.855095,-21.889238,0</coordinates></Point></Placemark>
<Placemark><name>Radar</name><description>Fonte: DER-SP</description><Point><coordinates>-49.232910,-21.888320,0</coordinates></Point></Placemark>
<Placemark><name>Radar 40 km/h</name><description>Fonte: OSM</description><Point><coordinates>-51.840492,-21.887228,0</coordinates></Point></Placemark>
<Placemark><name>Radar</name><description>Fonte: DER-SP · sentido 308° (noroeste)</description><Point><coordinates>-48.085406,-21.883561,0</coordinates></Point></Placemark>
<Placemark><name>Radar</name><description>Fonte: DER-SP · sentido 308° (noroeste)</description><Point><coordinates>-48.085285,-21.883501,0</coordinates></Point></Placemark>
<Placemark><name>Radar 80 km/h</name><description>Fonte: OSM</description><Point><coordinates>-48.085529,-21.883463,0</coordinates></Point></Placemark>
<Placemark><name>Radar 100 km/h</name><description>Fonte: OSM</description><Point><coordinates>-51.827282,-21.882969,0</coordinates></Point></Placemark>
<Placemark><name>Radar</name><description>Fonte: DER-SP · sentido 295° (noroeste)</description><Point><coordinates>-50.652914,-21.881692,0</coordinates></Point></Placemark>
<Placemark><name>Radar 40 km/h</name><description>Fonte: OSM</description><Point><coordinates>-51.844153,-21.878197,0</coordinates></Point></Placemark>
<Placemark><name>Radar 40 km/h</name><description>Fonte: OSM</description><Point><coordinates>-51.844077,-21.878169,0</coordinates></Point></Placemark>
<Placemark><name>Radar</name><description>Fonte: OSM</description><Point><coordinates>-48.091678,-21.877683,0</coordinates></Point></Placemark>
<Placemark><name>Radar</name><description>Fonte: DER-SP · sentido 100° (leste)</description><Point><coordinates>-48.095178,-21.876431,0</coordinates></Point></Placemark>
<Placemark><name>Radar 80 km/h</name><description>Fonte: OSM</description><Point><coordinates>-48.095221,-21.876426,0</coordinates></Point></Placemark>
<Placemark><name>Radar</name><description>Fonte: DER-SP · sentido 100° (leste)</description><Point><coordinates>-48.095246,-21.876307,0</coordinates></Point></Placemark>
<Placemark><name>Radar</name><description>Fonte: DER-SP · sentido 295° (noroeste)</description><Point><coordinates>-50.691114,-21.864989,0</coordinates></Point></Placemark>
<Placemark><name>Radar</name><description>Fonte: DER-SP · sentido 295° (noroeste)</description><Point><coordinates>-50.691350,-21.864836,0</coordinates></Point></Placemark>
<Placemark><name>Radar 100 km/h</name><description>Fonte: OSM</description><Point><coordinates>-50.692181,-21.864464,0</coordinates></Point></Placemark>
<Placemark><name>Radar</name><description>Fonte: DER-SP · sentido 116° (sudeste)</description><Point><coordinates>-50.693920,-21.863635,0</coordinates></Point></Placemark>
<Placemark><name>Radar</name><description>Fonte: DER-SP · sentido 121° (sudeste)</description><Point><coordinates>-50.694819,-21.863344,0</coordinates></Point></Placemark>
<Placemark><name>Radar</name><description>Fonte: DER-SP · sentido 343° (norte)</description><Point><coordinates>-47.491000,-21.863000,0</coordinates></Point></Placemark>
<Placemark><name>Radar</name><description>Fonte: DER-SP</description><Point><coordinates>-51.410151,-21.859994,0</coordinates></Point></Placemark>
<Placemark><name>Radar 110 km/h</name><description>Fonte: OSM</description><Point><coordinates>-47.493419,-21.858117,0</coordinates></Point></Placemark>
<Placemark><name>Radar</name><description>Fonte: OSM</description><Point><coordinates>-48.123773,-21.857702,0</coordinates></Point></Placemark>
<Placemark><name>Radar</name><description>Fonte: OSM</description><Point><coordinates>-51.992580,-21.855694,0</coordinates></Point></Placemark>
<Placemark><name>Radar</name><description>Fonte: OSM</description><Point><coordinates>-47.508225,-21.852710,0</coordinates></Point></Placemark>
<Placemark><name>Radar</name><description>Fonte: DER-SP · sentido 57° (nordeste)</description><Point><coordinates>-47.508300,-21.852700,0</coordinates></Point></Placemark>
<Placemark><name>Radar</name><description>Fonte: DER-SP</description><Point><coordinates>-46.707594,-21.844031,0</coordinates></Point></Placemark>
<Placemark><name>Radar</name><description>Fonte: DER-SP</description><Point><coordinates>-46.883645,-21.842888,0</coordinates></Point></Placemark>
<Placemark><name>Radar</name><description>Fonte: DER-SP · sentido 126° (sudeste)</description><Point><coordinates>-50.720943,-21.842080,0</coordinates></Point></Placemark>
<Placemark><name>Radar 40 km/h</name><description>Fonte: OSM</description><Point><coordinates>-50.721435,-21.842046,0</coordinates></Point></Placemark>
<Placemark><name>Radar 40 km/h</name><description>Fonte: OSM</description><Point><coordinates>-50.721141,-21.842021,0</coordinates></Point></Placemark>
<Placemark><name>Radar 40 km/h</name><description>Fonte: OSM</description><Point><coordinates>-50.721103,-21.841992,0</coordinates></Point></Placemark>
<Placemark><name>Radar 40 km/h</name><description>Fonte: OSM</description><Point><coordinates>-50.721378,-21.841970,0</coordinates></Point></Placemark>
<Placemark><name>Radar</name><description>Fonte: DER-SP · sentido 309° (noroeste)</description><Point><coordinates>-50.721591,-21.841828,0</coordinates></Point></Placemark>
<Placemark><name>Radar</name><description>Fonte: DER-SP · sentido 112° (leste)</description><Point><coordinates>-46.906932,-21.841283,0</coordinates></Point></Placemark>
<Placemark><name>Radar</name><description>Fonte: DER-SP · sentido 292° (oeste)</description><Point><coordinates>-46.906910,-21.841207,0</coordinates></Point></Placemark>
<Placemark><name>Radar</name><description>Fonte: DER-SP</description><Point><coordinates>-46.737789,-21.841157,0</coordinates></Point></Placemark>
<Placemark><name>Radar</name><description>Fonte: DER-SP</description><Point><coordinates>-50.725303,-21.840948,0</coordinates></Point></Placemark>
<Placemark><name>Radar</name><description>Fonte: DER-SP · sentido 110° (leste)</description><Point><coordinates>-46.943244,-21.828360,0</coordinates></Point></Placemark>
<Placemark><name>Radar</name><description>Fonte: DER-SP · sentido 290° (oeste)</description><Point><coordinates>-46.943220,-21.828301,0</coordinates></Point></Placemark>
<Placemark><name>Radar</name><description>Fonte: DER-SP · sentido 233° (sudoeste)</description><Point><coordinates>-48.220855,-21.826458,0</coordinates></Point></Placemark>
<Placemark><name>Radar</name><description>Fonte: DER-SP</description><Point><coordinates>-46.877352,-21.825608,0</coordinates></Point></Placemark>
<Placemark><name>Radar</name><description>Fonte: DER-SP</description><Point><coordinates>-47.907569,-21.821577,0</coordinates></Point></Placemark>
<Placemark><name>Radar</name><description>Fonte: DER-SP</description><Point><coordinates>-47.907542,-21.821378,0</coordinates></Point></Placemark>
<Placemark><name>Radar 90 km/h</name><description>Fonte: OSM</description><Point><coordinates>-48.177412,-21.819055,0</coordinates></Point></Placemark>
<Placemark><name>Radar</name><description>Fonte: DER-SP · sentido 29° (nordeste)</description><Point><coordinates>-48.177520,-21.818927,0</coordinates></Point></Placemark>
<Placemark><name>Radar</name><description>Fonte: DER-SP · sentido 308° (noroeste)</description><Point><coordinates>-48.181496,-21.816075,0</coordinates></Point></Placemark>
<Placemark><name>Radar 100 km/h</name><description>Fonte: OSM</description><Point><coordinates>-48.166200,-21.814298,0</coordinates></Point></Placemark>
<Placemark><name>Radar 100 km/h</name><description>Fonte: OSM</description><Point><coordinates>-48.157374,-21.812733,0</coordinates></Point></Placemark>
<Placemark><name>Radar</name><description>Fonte: DER-SP · sentido 254° (oeste)</description><Point><coordinates>-48.157389,-21.812710,0</coordinates></Point></Placemark>
<Placemark><name>Radar 100 km/h</name><description>Fonte: OSM</description><Point><coordinates>-48.155555,-21.811425,0</coordinates></Point></Placemark>
<Placemark><name>Radar</name><description>Fonte: OSM</description><Point><coordinates>-52.098843,-21.809000,0</coordinates></Point></Placemark>
<Placemark><name>Radar</name><description>Fonte: DER-SP</description><Point><coordinates>-46.835728,-21.807892,0</coordinates></Point></Placemark>
<Placemark><name>Radar</name><description>Fonte: OSM</description><Point><coordinates>-47.183670,-21.807189,0</coordinates></Point></Placemark>
<Placemark><name>Radar</name><description>Fonte: DER-SP · sentido 265° (oeste)</description><Point><coordinates>-47.183800,-21.807100,0</coordinates></Point></Placemark>
<Placemark><name>Radar</name><description>Fonte: OSM</description><Point><coordinates>-48.195340,-21.806382,0</coordinates></Point></Placemark>
<Placemark><name>Radar 50 km/h</name><description>Fonte: OSM</description><Point><coordinates>-48.164805,-21.804523,0</coordinates></Point></Placemark>
<Placemark><name>Radar</name><description>Fonte: DER-SP</description><Point><coordinates>-46.825901,-21.802729,0</coordinates></Point></Placemark>
<Placemark><name>Radar 100 km/h</name><description>Fonte: OSM</description><Point><coordinates>-48.143845,-21.800143,0</coordinates></Point></Placemark>
<Placemark><name>Radar 90 km/h</name><description>Fonte: OSM</description><Point><coordinates>-48.205360,-21.799135,0</coordinates></Point></Placemark>
<Placemark><name>Radar</name><description>Fonte: DER-SP · sentido 128° (sudeste)</description><Point><coordinates>-48.206732,-21.798242,0</coordinates></Point></Placemark>
<Placemark><name>Radar 100 km/h</name><description>Fonte: OSM</description><Point><coordinates>-48.131732,-21.793281,0</coordinates></Point></Placemark>
<Placemark><name>Radar</name><description>Fonte: DER-SP</description><Point><coordinates>-48.831555,-21.789595,0</coordinates></Point></Placemark>
<Placemark><name>Radar 100 km/h</name><description>Fonte: OSM</description><Point><coordinates>-48.782924,-21.786563,0</coordinates></Point></Placemark>
<Placemark><name>Radar 60 km/h</name><description>Fonte: OSM</description><Point><coordinates>-48.204745,-21.785783,0</coordinates></Point></Placemark>
<Placemark><name>Radar 80 km/h</name><description>Fonte: OSM</description><Point><coordinates>-48.237460,-21.785777,0</coordinates></Point></Placemark>
<Placemark><name>Radar 60 km/h</name><description>Fonte: OSM</description><Point><coordinates>-48.202149,-21.784961,0</coordinates></Point></Placemark>
<Placemark><name>Radar</name><description>Fonte: DER-SP · sentido 238° (sudoeste)</description><Point><coordinates>-48.113333,-21.782500,0</coordinates></Point></Placemark>
<Placemark><name>Radar</name><description>Fonte: DER-SP</description><Point><coordinates>-48.846915,-21.780786,0</coordinates></Point></Placemark>
<Placemark><name>Radar 70 km/h</name><description>Fonte: OSM</description><Point><coordinates>-48.169449,-21.778971,0</coordinates></Point></Placemark>
<Placemark><name>Radar 50 km/h</name><description>Fonte: OSM</description><Point><coordinates>-48.177082,-21.777074,0</coordinates></Point></Placemark>
<Placemark><name>Radar 70 km/h</name><description>Fonte: OSM</description><Point><coordinates>-48.166520,-21.773279,0</coordinates></Point></Placemark>
<Placemark><name>Radar 100 km/h</name><description>Fonte: OSM</description><Point><coordinates>-48.097160,-21.772858,0</coordinates></Point></Placemark>
<Placemark><name>Radar 50 km/h</name><description>Fonte: OSM</description><Point><coordinates>-48.161911,-21.768556,0</coordinates></Point></Placemark>
<Placemark><name>Radar</name><description>Fonte: DER-SP</description><Point><coordinates>-48.868616,-21.766682,0</coordinates></Point></Placemark>
<Placemark><name>Radar 60 km/h</name><description>Fonte: OSM</description><Point><coordinates>-50.908565,-21.764154,0</coordinates></Point></Placemark>
<Placemark><name>Radar</name><description>Fonte: DER-SP</description><Point><coordinates>-50.908603,-21.764086,0</coordinates></Point></Placemark>
<Placemark><name>Radar</name><description>Fonte: DER-SP</description><Point><coordinates>-50.908603,-21.764076,0</coordinates></Point></Placemark>
<Placemark><name>Radar</name><description>Fonte: DER-SP</description><Point><coordinates>-50.911522,-21.763944,0</coordinates></Point></Placemark>
<Placemark><name>Radar 60 km/h</name><description>Fonte: OSM</description><Point><coordinates>-50.911514,-21.763822,0</coordinates></Point></Placemark>
<Placemark><name>Radar 50 km/h</name><description>Fonte: OSM</description><Point><coordinates>-48.139635,-21.763662,0</coordinates></Point></Placemark>
<Placemark><name>Radar 50 km/h</name><description>Fonte: OSM</description><Point><coordinates>-48.175135,-21.762411,0</coordinates></Point></Placemark>
<Placemark><name>Radar 70 km/h</name><description>Fonte: OSM</description><Point><coordinates>-48.141738,-21.760737,0</coordinates></Point></Placemark>
<Placemark><name>Radar 70 km/h</name><description>Fonte: OSM</description><Point><coordinates>-48.141818,-21.760694,0</coordinates></Point></Placemark>
<Placemark><name>Radar 40 km/h</name><description>Fonte: OSM</description><Point><coordinates>-48.990596,-21.760417,0</coordinates></Point></Placemark>
<Placemark><name>Radar 100 km/h</name><description>Fonte: OSM</description><Point><coordinates>-50.952292,-21.755198,0</coordinates></Point></Placemark>
<Placemark><name>Radar</name><description>Fonte: DER-SP</description><Point><coordinates>-50.952597,-21.755028,0</coordinates></Point></Placemark>
<Placemark><name>Radar 40 km/h</name><description>Fonte: OSM</description><Point><coordinates>-48.993339,-21.754338,0</coordinates></Point></Placemark>
<Placemark><name>Radar 40 km/h</name><description>Fonte: OSM</description><Point><coordinates>-48.261822,-21.753362,0</coordinates></Point></Placemark>
<Placemark><name>Radar</name><description>Fonte: DER-SP</description><Point><coordinates>-48.261685,-21.753158,0</coordinates></Point></Placemark>
<Placemark><name>Radar</name><description>Fonte: DER-SP · sentido 313° (noroeste)</description><Point><coordinates>-48.261410,-21.753140,0</coordinates></Point></Placemark>
<Placemark><name>Radar 40 km/h</name><description>Fonte: OSM</description><Point><coordinates>-48.261604,-21.752995,0</coordinates></Point></Placemark>
<Placemark><name>Radar 60 km/h</name><description>Fonte: OSM</description><Point><coordinates>-48.183893,-21.747972,0</coordinates></Point></Placemark>
<Placemark><name>Radar 60 km/h</name><description>Fonte: OSM</description><Point><coordinates>-46.978425,-21.740880,0</coordinates></Point></Placemark>
<Placemark><name>Radar</name><description>Fonte: DER-SP · sentido 55° (nordeste)</description><Point><coordinates>-46.978215,-21.740816,0</coordinates></Point></Placemark>
<Placemark><name>Radar</name><description>Fonte: DER-SP · sentido 235° (sudoeste)</description><Point><coordinates>-46.978257,-21.740750,0</coordinates></Point></Placemark>
<Placemark><name>Radar</name><description>Fonte: DER-SP</description><Point><coordinates>-48.447787,-21.739704,0</coordinates></Point></Placemark>
<Placemark><name>Radar</name><description>Fonte: DER-SP</description><Point><coordinates>-50.984453,-21.734484,0</coordinates></Point></Placemark>
<Placemark><name>Radar</name><description>Fonte: DER-SP · sentido 310° (noroeste)</description><Point><coordinates>-50.981877,-21.734081,0</coordinates></Point></Placemark>
<Placemark><name>Radar 40 km/h</name><description>Fonte: OSM</description><Point><coordinates>-50.982394,-21.733860,0</coordinates></Point></Placemark>
<Placemark><name>Radar 40 km/h</name><description>Fonte: OSM</description><Point><coordinates>-50.982307,-21.733780,0</coordinates></Point></Placemark>
<Placemark><name>Radar 40 km/h</name><description>Fonte: OSM</description><Point><coordinates>-50.982016,-21.733763,0</coordinates></Point></Placemark>
<Placemark><name>Radar 40 km/h</name><description>Fonte: OSM</description><Point><coordinates>-50.981979,-21.733691,0</coordinates></Point></Placemark>
<Placemark><name>Radar</name><description>Fonte: DER-SP · sentido 125° (sudeste)</description><Point><coordinates>-50.982556,-21.733643,0</coordinates></Point></Placemark>
<Placemark><name>Radar</name><description>Fonte: DER-SP</description><Point><coordinates>-48.346442,-21.730478,0</coordinates></Point></Placemark>
<Placemark><name>Radar</name><description>Fonte: DER-SP</description><Point><coordinates>-47.280427,-21.730460,0</coordinates></Point></Placemark>
<Placemark><name>Radar</name><description>Fonte: DER-SP · sentido 162° (sul)</description><Point><coordinates>-47.586195,-21.727976,0</coordinates></Point></Placemark>
<Placemark><name>Radar</name><description>Fonte: DER-SP · sentido 162° (sul)</description><Point><coordinates>-47.586298,-21.727617,0</coordinates></Point></Placemark>
<Placemark><name>Radar</name><description>Fonte: OSM</description><Point><coordinates>-47.586527,-21.726890,0</coordinates></Point></Placemark>
<Placemark><name>Radar</name><description>Fonte: DER-SP · sentido 186° (sul)</description><Point><coordinates>-48.101290,-21.726456,0</coordinates></Point></Placemark>
<Placemark><name>Radar</name><description>Fonte: DER-SP · sentido 6° (norte)</description><Point><coordinates>-48.101040,-21.726456,0</coordinates></Point></Placemark>
<Placemark><name>Radar 50 km/h</name><description>Fonte: OSM</description><Point><coordinates>-48.101148,-21.726381,0</coordinates></Point></Placemark>
<Placemark><name>Radar 70 km/h</name><description>Fonte: OSM</description><Point><coordinates>-48.193106,-21.725045,0</coordinates></Point></Placemark>
<Placemark><name>Radar 60 km/h</name><description>Fonte: OSM</description><Point><coordinates>-49.384167,-21.722256,0</coordinates></Point></Placemark>
<Placemark><name>Radar 80 km/h</name><description>Fonte: OSM</description><Point><coordinates>-49.381171,-21.719656,0</coordinates></Point></Placemark>
<Placemark><name>Radar</name><description>Fonte: DER-SP</description><Point><coordinates>-48.978867,-21.712695,0</coordinates></Point></Placemark>
<Placemark><name>Radar</name><description>Fonte: DER-SP</description><Point><coordinates>-50.721336,-21.711432,0</coordinates></Point></Placemark>
<Placemark><name>Radar 100 km/h</name><description>Fonte: OSM</description><Point><coordinates>-50.721152,-21.711390,0</coordinates></Point></Placemark>
<Placemark><name>Radar 80 km/h</name><description>Fonte: OSM</description><Point><coordinates>-49.805760,-21.709355,0</coordinates></Point></Placemark>
<Placemark><name>Radar</name><description>Fonte: DER-SP · sentido 161° (sul)</description><Point><coordinates>-47.595207,-21.703118,0</coordinates></Point></Placemark>
<Placemark><name>Radar</name><description>Fonte: DER-SP · sentido 161° (sul)</description><Point><coordinates>-47.595379,-21.702851,0</coordinates></Point></Placemark>
<Placemark><name>Radar</name><description>Fonte: OSM</description><Point><coordinates>-47.595636,-21.702092,0</coordinates></Point></Placemark>
<Placemark><name>Radar 110 km/h</name><description>Fonte: OSM</description><Point><coordinates>-48.327795,-21.698731,0</coordinates></Point></Placemark>
<Placemark><name>Radar</name><description>Fonte: DER-SP · sentido 313° (noroeste)</description><Point><coordinates>-48.327743,-21.698699,0</coordinates></Point></Placemark>
<Placemark><name>Radar</name><description>Fonte: DER-SP · sentido 312° (noroeste)</description><Point><coordinates>-49.751476,-21.694736,0</coordinates></Point></Placemark>
<Placemark><name>Radar</name><description>Fonte: OSM</description><Point><coordinates>-47.598832,-21.692218,0</coordinates></Point></Placemark>
<Placemark><name>Radar</name><description>Fonte: OSM</description><Point><coordinates>-47.599534,-21.691437,0</coordinates></Point></Placemark>
<Placemark><name>Radar</name><description>Fonte: OSM</description><Point><coordinates>-47.602211,-21.684057,0</coordinates></Point></Placemark>
<Placemark><name>Radar</name><description>Fonte: OSM</description><Point><coordinates>-48.355210,-21.676089,0</coordinates></Point></Placemark>
<Placemark><name>Radar</name><description>Fonte: DER-SP</description><Point><coordinates>-46.856878,-21.672145,0</coordinates></Point></Placemark>
<Placemark><name>Radar</name><description>Fonte: DER-SP · sentido 67° (nordeste)</description><Point><coordinates>-49.304686,-21.662126,0</coordinates></Point></Placemark>
<Placemark><name>Radar</name><description>Fonte: DER-SP · sentido 249° (oeste)</description><Point><coordinates>-49.304476,-21.661871,0</coordinates></Point></Placemark>
<Placemark><name>Radar</name><description>Fonte: DER-SP</description><Point><coordinates>-46.725856,-21.659969,0</coordinates></Point></Placemark>
<Placemark><name>Radar</name><description>Fonte: DER-SP · sentido 354° (norte)</description><Point><coordinates>-47.608675,-21.658636,0</coordinates></Point></Placemark>
<Placemark><name>Radar</name><description>Fonte: DER-SP · sentido 171° (sul)</description><Point><coordinates>-47.609306,-21.658373,0</coordinates></Point></Placemark>
<Placemark><name>Radar</name><description>Fonte: DER-SP</description><Point><coordinates>-49.761011,-21.655411,0</coordinates></Point></Placemark>
<Placemark><name>Radar 60 km/h</name><description>Fonte: OSM</description><Point><coordinates>-49.289465,-21.654392,0</coordinates></Point></Placemark>
<Placemark><name>Radar 110 km/h</name><description>Fonte: OSM</description><Point><coordinates>-49.806731,-21.653800,0</coordinates></Point></Placemark>
<Placemark><name>Radar</name><description>Fonte: DER-SP · sentido 307° (noroeste)</description><Point><coordinates>-49.806700,-21.653750,0</coordinates></Point></Placemark>
<Placemark><name>Radar 60 km/h</name><description>Fonte: OSM</description><Point><coordinates>-51.087055,-21.649695,0</coordinates></Point></Placemark>
<Placemark><name>Radar</name><description>Fonte: DER-SP · sentido 302° (noroeste)</description><Point><coordinates>-51.087100,-21.649589,0</coordinates></Point></Placemark>
<Placemark><name>Radar</name><description>Fonte: DER-SP</description><Point><coordinates>-49.735952,-21.647064,0</coordinates></Point></Placemark>
<Placemark><name>Radar</name><description>Fonte: DER-SP · sentido 120° (sudeste)</description><Point><coordinates>-51.092625,-21.646883,0</coordinates></Point></Placemark>
<Placemark><name>Radar</name><description>Fonte: OSM</description><Point><coordinates>-51.092571,-21.646828,0</coordinates></Point></Placemark>
<Placemark><name>Radar</name><description>Fonte: DER-SP · sentido 120° (sudeste)</description><Point><coordinates>-51.092701,-21.646729,0</coordinates></Point></Placemark>
<Placemark><name>Radar</name><description>Fonte: DER-SP · sentido 238° (sudoeste)</description><Point><coordinates>-49.268611,-21.642222,0</coordinates></Point></Placemark>
<Placemark><name>Radar 60 km/h</name><description>Fonte: OSM</description><Point><coordinates>-50.499939,-21.642198,0</coordinates></Point></Placemark>
<Placemark><name>Radar</name><description>Fonte: DER-SP</description><Point><coordinates>-50.499989,-21.642146,0</coordinates></Point></Placemark>
<Placemark><name>Radar 60 km/h</name><description>Fonte: OSM</description><Point><coordinates>-49.268672,-21.642138,0</coordinates></Point></Placemark>
<Placemark><name>Radar</name><description>Fonte: DER-SP · sentido 127° (sudeste)</description><Point><coordinates>-49.824137,-21.642022,0</coordinates></Point></Placemark>
<Placemark><name>Radar</name><description>Fonte: DER-SP</description><Point><coordinates>-48.832333,-21.632111,0</coordinates></Point></Placemark>
<Placemark><name>Radar</name><description>Fonte: DER-SP</description><Point><coordinates>-48.383196,-21.627685,0</coordinates></Point></Placemark>
<Placemark><name>Radar</name><description>Fonte: DER-SP</description><Point><coordinates>-51.712711,-21.623934,0</coordinates></Point></Placemark>
<Placemark><name>Radar 60 km/h</name><description>Fonte: OSM</description><Point><coordinates>-51.712767,-21.623901,0</coordinates></Point></Placemark>
<Placemark><name>Radar</name><description>Fonte: DER-SP</description><Point><coordinates>-49.852760,-21.622710,0</coordinates></Point></Placemark>
<Placemark><name>Radar 60 km/h</name><description>Fonte: OSM</description><Point><coordinates>-49.092429,-21.618464,0</coordinates></Point></Placemark>
<Placemark><name>Radar 80 km/h</name><description>Fonte: OSM</description><Point><coordinates>-51.711026,-21.617102,0</coordinates></Point></Placemark>
<Placemark><name>Radar 80 km/h</name><description>Fonte: OSM</description><Point><coordinates>-51.710644,-21.615884,0</coordinates></Point></Placemark>
<Placemark><name>Radar 100 km/h</name><description>Fonte: OSM</description><Point><coordinates>-51.704681,-21.607442,0</coordinates></Point></Placemark>
<Placemark><name>Radar</name><description>Fonte: DER-SP</description><Point><coordinates>-51.704544,-21.607390,0</coordinates></Point></Placemark>
<Placemark><name>Radar</name><description>Fonte: DER-SP</description><Point><coordinates>-46.932129,-21.606096,0</coordinates></Point></Placemark>
<Placemark><name>Radar</name><description>Fonte: DER-SP</description><Point><coordinates>-46.916803,-21.603722,0</coordinates></Point></Placemark>
<Placemark><name>Radar</name><description>Fonte: DER-SP · sentido 183° (sul)</description><Point><coordinates>-48.334978,-21.602936,0</coordinates></Point></Placemark>
<Placemark><name>Radar</name><description>Fonte: DER-SP · sentido 273° (oeste)</description><Point><coordinates>-46.908495,-21.601489,0</coordinates></Point></Placemark>
<Placemark><name>Radar</name><description>Fonte: DER-SP</description><Point><coordinates>-47.005920,-21.589180,0</coordinates></Point></Placemark>
<Placemark><name>Radar</name><description>Fonte: DER-SP · sentido 13° (norte)</description><Point><coordinates>-47.948711,-21.572248,0</coordinates></Point></Placemark>
<Placemark><name>Radar</name><description>Fonte: DER-SP · sentido 190° (sul)</description><Point><coordinates>-47.948953,-21.572159,0</coordinates></Point></Placemark>
<Placemark><name>Radar</name><description>Fonte: DER-SP · sentido 190° (sul)</description><Point><coordinates>-47.948531,-21.571863,0</coordinates></Point></Placemark>
<Placemark><name>Radar</name><description>Fonte: DER-SP · sentido 18° (norte)</description><Point><coordinates>-47.948660,-21.571720,0</coordinates></Point></Placemark>
<Placemark><name>Radar 80 km/h</name><description>Fonte: OSM</description><Point><coordinates>-51.204087,-21.569850,0</coordinates></Point></Placemark>
<Placemark><name>Radar</name><description>Fonte: DER-SP · sentido 300° (noroeste)</description><Point><coordinates>-51.204058,-21.569803,0</coordinates></Point></Placemark>
<Placemark><name>Radar</name><description>Fonte: DER-SP · sentido 120° (sudeste)</description><Point><coordinates>-51.208394,-21.567656,0</coordinates></Point></Placemark>
<Placemark><name>Radar</name><description>Fonte: DER-SP · sentido 120° (sudeste)</description><Point><coordinates>-51.208392,-21.567605,0</coordinates></Point></Placemark>
<Placemark><name>Radar 80 km/h</name><description>Fonte: OSM</description><Point><coordinates>-51.208319,-21.567599,0</coordinates></Point></Placemark>
<Placemark><name>Radar</name><description>Fonte: DER-SP · sentido 181° (sul)</description><Point><coordinates>-48.333080,-21.557580,0</coordinates></Point></Placemark>
<Placemark><name>Radar</name><description>Fonte: DER-SP · sentido 183° (sul)</description><Point><coordinates>-48.332648,-21.553053,0</coordinates></Point></Placemark>
<Placemark><name>Radar</name><description>Fonte: DER-SP</description><Point><coordinates>-47.694224,-21.548615,0</coordinates></Point></Placemark>
<Placemark><name>Radar</name><description>Fonte: DER-SP</description><Point><coordinates>-51.312889,-21.546251,0</coordinates></Point></Placemark>
<Placemark><name>Radar 40 km/h</name><description>Fonte: OSM</description><Point><coordinates>-51.311918,-21.545972,0</coordinates></Point></Placemark>
<Placemark><name>Radar 40 km/h</name><description>Fonte: OSM</description><Point><coordinates>-51.311875,-21.545889,0</coordinates></Point></Placemark>
<Placemark><name>Radar</name><description>Fonte: DER-SP · sentido 284° (oeste)</description><Point><coordinates>-51.311384,-21.545838,0</coordinates></Point></Placemark>
<Placemark><name>Radar</name><description>Fonte: DER-SP · sentido 106° (leste)</description><Point><coordinates>-51.312117,-21.545834,0</coordinates></Point></Placemark>
<Placemark><name>Radar 40 km/h</name><description>Fonte: OSM</description><Point><coordinates>-51.311556,-21.545800,0</coordinates></Point></Placemark>
<Placemark><name>Radar 40 km/h</name><description>Fonte: OSM</description><Point><coordinates>-51.311489,-21.545690,0</coordinates></Point></Placemark>
<Placemark><name>Radar</name><description>Fonte: DER-SP</description><Point><coordinates>-49.667011,-21.535019,0</coordinates></Point></Placemark>
<Placemark><name>Radar</name><description>Fonte: DER-SP · sentido 258° (oeste)</description><Point><coordinates>-48.736289,-21.533828,0</coordinates></Point></Placemark>
<Placemark><name>Radar</name><description>Fonte: DER-SP</description><Point><coordinates>-48.736089,-21.533725,0</coordinates></Point></Placemark>
<Placemark><name>Radar 110 km/h</name><description>Fonte: OSM</description><Point><coordinates>-47.930986,-21.533179,0</coordinates></Point></Placemark>
<Placemark><name>Radar</name><description>Fonte: DER-SP · sentido 204° (sudoeste)</description><Point><coordinates>-47.931017,-21.533172,0</coordinates></Point></Placemark>
<Placemark><name>Radar</name><description>Fonte: DER-SP · sentido 204° (sudoeste)</description><Point><coordinates>-47.930842,-21.533091,0</coordinates></Point></Placemark>
<Placemark><name>Radar</name><description>Fonte: DER-SP · sentido 126° (sudeste)</description><Point><coordinates>-48.525039,-21.526372,0</coordinates></Point></Placemark>
<Placemark><name>Radar 110 km/h</name><description>Fonte: OSM</description><Point><coordinates>-48.525540,-21.526123,0</coordinates></Point></Placemark>
<Placemark><name>Radar</name><description>Fonte: DER-SP · sentido 300° (noroeste)</description><Point><coordinates>-51.378281,-21.523386,0</coordinates></Point></Placemark>
<Placemark><name>Radar 60 km/h</name><description>Fonte: OSM</description><Point><coordinates>-51.378470,-21.523310,0</coordinates></Point></Placemark>
<Placemark><name>Radar</name><description>Fonte: DER-SP · sentido 240° (sudoeste)</description><Point><coordinates>-48.688872,-21.522753,0</coordinates></Point></Placemark>
<Placemark><name>Radar</name><description>Fonte: DER-SP · sentido 60° (nordeste)</description><Point><coordinates>-48.688578,-21.522531,0</coordinates></Point></Placemark>
<Placemark><name>Radar</name><description>Fonte: DER-SP · sentido 120° (sudeste)</description><Point><coordinates>-51.387078,-21.518696,0</coordinates></Point></Placemark>
<Placemark><name>Radar 60 km/h</name><description>Fonte: OSM</description><Point><coordinates>-51.387864,-21.518249,0</coordinates></Point></Placemark>
<Placemark><name>Radar</name><description>Fonte: DER-SP · sentido 122° (sudeste)</description><Point><coordinates>-50.005270,-21.517615,0</coordinates></Point></Placemark>
<Placemark><name>Radar</name><description>Fonte: DER-SP</description><Point><coordinates>-47.735963,-21.501478,0</coordinates></Point></Placemark>
<Placemark><name>Radar</name><description>Fonte: DER-SP</description><Point><coordinates>-47.529628,-21.493911,0</coordinates></Point></Placemark>
<Placemark><name>Radar 60 km/h</name><description>Fonte: OSM</description><Point><coordinates>-51.439771,-21.489200,0</coordinates></Point></Placemark>
<Placemark><name>Radar</name><description>Fonte: DER-SP · sentido 308° (noroeste)</description><Point><coordinates>-51.439678,-21.489192,0</coordinates></Point></Placemark>
<Placemark><name>Radar</name><description>Fonte: DER-SP · sentido 114° (sudeste)</description><Point><coordinates>-51.444069,-21.488083,0</coordinates></Point></Placemark>
<Placemark><name>Radar 60 km/h</name><description>Fonte: OSM</description><Point><coordinates>-51.443997,-21.488082,0</coordinates></Point></Placemark>
<Placemark><name>Radar</name><description>Fonte: DER-SP · sentido 119° (sudeste)</description><Point><coordinates>-50.072347,-21.481624,0</coordinates></Point></Placemark>
<Placemark><name>Radar 110 km/h</name><description>Fonte: OSM</description><Point><coordinates>-48.591334,-21.480725,0</coordinates></Point></Placemark>
<Placemark><name>Radar</name><description>Fonte: DER-SP</description><Point><coordinates>-49.228295,-21.480357,0</coordinates></Point></Placemark>
<Placemark><name>Radar 60 km/h</name><description>Fonte: OSM</description><Point><coordinates>-49.228466,-21.480284,0</coordinates></Point></Placemark>
<Placemark><name>Radar</name><description>Fonte: DER-SP</description><Point><coordinates>-49.231193,-21.477429,0</coordinates></Point></Placemark>
<Placemark><name>Radar</name><description>Fonte: DER-SP</description><Point><coordinates>-46.773717,-21.477274,0</coordinates></Point></Placemark>
<Placemark><name>Radar</name><description>Fonte: DER-SP · sentido 81° (leste)</description><Point><coordinates>-51.517031,-21.476475,0</coordinates></Point></Placemark>
<Placemark><name>Radar 60 km/h</name><description>Fonte: OSM</description><Point><coordinates>-51.516916,-21.476344,0</coordinates></Point></Placemark>
<Placemark><name>Radar 60 km/h</name><description>Fonte: OSM</description><Point><coordinates>-51.512205,-21.475563,0</coordinates></Point></Placemark>
<Placemark><name>Radar</name><description>Fonte: DER-SP · sentido 261° (oeste)</description><Point><coordinates>-51.512072,-21.475528,0</coordinates></Point></Placemark>
<Placemark><name>Radar 60 km/h</name><description>Fonte: OSM</description><Point><coordinates>-49.239977,-21.468608,0</coordinates></Point></Placemark>
<Placemark><name>Radar 60 km/h</name><description>Fonte: OSM</description><Point><coordinates>-51.551657,-21.464006,0</coordinates></Point></Placemark>
<Placemark><name>Radar</name><description>Fonte: DER-SP · sentido 302° (noroeste)</description><Point><coordinates>-51.553014,-21.463386,0</coordinates></Point></Placemark>
<Placemark><name>Radar 110 km/h</name><description>Fonte: OSM</description><Point><coordinates>-48.617046,-21.462704,0</coordinates></Point></Placemark>
<Placemark><name>Radar</name><description>Fonte: DER-SP · sentido 115° (sudeste)</description><Point><coordinates>-51.558294,-21.461200,0</coordinates></Point></Placemark>
<Placemark><name>Radar 80 km/h</name><description>Fonte: OSM</description><Point><coordinates>-51.558287,-21.461099,0</coordinates></Point></Placemark>
<Placemark><name>Radar</name><description>Fonte: OSM</description><Point><coordinates>-51.571276,-21.455396,0</coordinates></Point></Placemark>
<Placemark><name>Radar</name><description>Fonte: DER-SP · sentido 295° (noroeste)</description><Point><coordinates>-51.571314,-21.455303,0</coordinates></Point></Placemark>
<Placemark><name>Radar</name><description>Fonte: DER-SP</description><Point><coordinates>-51.620735,-21.452159,0</coordinates></Point></Placemark>
<Placemark><name>Radar</name><description>Fonte: DER-SP · sentido 115° (sudeste)</description><Point><coordinates>-51.580203,-21.451581,0</coordinates></Point></Placemark>
<Placemark><name>Radar 100 km/h</name><description>Fonte: OSM</description><Point><coordinates>-51.580505,-21.451353,0</coordinates></Point></Placemark>
<Placemark><name>Radar 100 km/h</name><description>Fonte: OSM</description><Point><coordinates>-51.618786,-21.446304,0</coordinates></Point></Placemark>
<Placemark><name>Radar</name><description>Fonte: DER-SP · sentido 61° (nordeste)</description><Point><coordinates>-48.537841,-21.444179,0</coordinates></Point></Placemark>
<Placemark><name>Radar</name><description>Fonte: DER-SP · sentido 239° (sudoeste)</description><Point><coordinates>-48.535972,-21.442981,0</coordinates></Point></Placemark>
<Placemark><name>Radar</name><description>Fonte: DER-SP</description><Point><coordinates>-48.607000,-21.435950,0</coordinates></Point></Placemark>
<Placemark><name>Radar</name><description>Fonte: DER-SP</description><Point><coordinates>-48.606800,-21.435700,0</coordinates></Point></Placemark>
<Placemark><name>Radar</name><description>Fonte: DER-SP · sentido 241° (sudoeste)</description><Point><coordinates>-48.515561,-21.432464,0</coordinates></Point></Placemark>
<Placemark><name>Radar</name><description>Fonte: DER-SP · sentido 61° (nordeste)</description><Point><coordinates>-48.515619,-21.432378,0</coordinates></Point></Placemark>
<Placemark><name>Radar</name><description>Fonte: OSM</description><Point><coordinates>-47.658205,-21.422054,0</coordinates></Point></Placemark>
<Placemark><name>Radar</name><description>Fonte: DER-SP · sentido 56° (nordeste)</description><Point><coordinates>-48.495800,-21.422053,0</coordinates></Point></Placemark>
<Placemark><name>Radar</name><description>Fonte: OSM</description><Point><coordinates>-47.658514,-21.421646,0</coordinates></Point></Placemark>
<Placemark><name>Radar</name><description>Fonte: DER-SP</description><Point><coordinates>-50.091839,-21.421171,0</coordinates></Point></Placemark>
<Placemark><name>Radar</name><description>Fonte: DER-SP · sentido 325° (noroeste)</description><Point><coordinates>-47.658933,-21.421062,0</coordinates></Point></Placemark>
<Placemark><name>Radar</name><description>Fonte: DER-SP · sentido 324° (noroeste)</description><Point><coordinates>-47.659420,-21.420467,0</coordinates></Point></Placemark>
<Placemark><name>Radar</name><description>Fonte: DER-SP · sentido 232° (sudoeste)</description><Point><coordinates>-48.493183,-21.420156,0</coordinates></Point></Placemark>
<Placemark><name>Radar</name><description>Fonte: DER-SP · sentido 142° (sudeste)</description><Point><coordinates>-47.663710,-21.415476,0</coordinates></Point></Placemark>
<Placemark><name>Radar</name><description>Fonte: DER-SP · sentido 335° (noroeste)</description><Point><coordinates>-47.663302,-21.415284,0</coordinates></Point></Placemark>
<Placemark><name>Radar</name><description>Fonte: DER-SP · sentido 324° (noroeste)</description><Point><coordinates>-47.663973,-21.414333,0</coordinates></Point></Placemark>
<Placemark><name>Radar</name><description>Fonte: DER-SP</description><Point><coordinates>-47.221255,-21.389649,0</coordinates></Point></Placemark>
<Placemark><name>Radar</name><description>Fonte: DER-SP</description><Point><coordinates>-48.731503,-21.383161,0</coordinates></Point></Placemark>
<Placemark><name>Radar 40 km/h</name><description>Fonte: OSM</description><Point><coordinates>-48.731667,-21.383138,0</coordinates></Point></Placemark>
<Placemark><name>Radar 40 km/h</name><description>Fonte: OSM</description><Point><coordinates>-48.731342,-21.382991,0</coordinates></Point></Placemark>
<Placemark><name>Radar</name><description>Fonte: DER-SP · sentido 305° (noroeste)</description><Point><coordinates>-48.731350,-21.382740,0</coordinates></Point></Placemark>
<Placemark><name>Radar 60 km/h</name><description>Fonte: OSM</description><Point><coordinates>-51.676319,-21.381538,0</coordinates></Point></Placemark>
<Placemark><name>Radar</name><description>Fonte: DER-SP · sentido 300° (noroeste)</description><Point><coordinates>-51.676208,-21.381517,0</coordinates></Point></Placemark>
<Placemark><name>Radar</name><description>Fonte: DER-SP · sentido 301° (noroeste)</description><Point><coordinates>-51.676401,-21.381444,0</coordinates></Point></Placemark>
<Placemark><name>Radar</name><description>Fonte: OSM</description><Point><coordinates>-48.736457,-21.380130,0</coordinates></Point></Placemark>
<Placemark><name>Radar</name><description>Fonte: DER-SP · sentido 130° (sudeste)</description><Point><coordinates>-51.681361,-21.378831,0</coordinates></Point></Placemark>
<Placemark><name>Radar 60 km/h</name><description>Fonte: OSM</description><Point><coordinates>-51.681316,-21.378791,0</coordinates></Point></Placemark>
<Placemark><name>Radar</name><description>Fonte: DER-SP · sentido 2° (norte)</description><Point><coordinates>-48.323956,-21.375408,0</coordinates></Point></Placemark>
<Placemark><name>Radar</name><description>Fonte: DER-SP</description><Point><coordinates>-48.047905,-21.371852,0</coordinates></Point></Placemark>
<Placemark><name>Radar</name><description>Fonte: DER-SP</description><Point><coordinates>-48.261228,-21.365548,0</coordinates></Point></Placemark>
<Placemark><name>Radar</name><description>Fonte: DER-SP</description><Point><coordinates>-51.715775,-21.361578,0</coordinates></Point></Placemark>
<Placemark><name>Radar 40 km/h</name><description>Fonte: OSM</description><Point><coordinates>-51.713191,-21.361380,0</coordinates></Point></Placemark>
<Placemark><name>Radar 40 km/h</name><description>Fonte: OSM</description><Point><coordinates>-51.712853,-21.361345,0</coordinates></Point></Placemark>
<Placemark><name>Radar</name><description>Fonte: DER-SP · sentido 301° (noroeste)</description><Point><coordinates>-51.712779,-21.361325,0</coordinates></Point></Placemark>
<Placemark><name>Radar 40 km/h</name><description>Fonte: OSM</description><Point><coordinates>-51.713110,-21.361313,0</coordinates></Point></Placemark>
<Placemark><name>Radar 40 km/h</name><description>Fonte: OSM</description><Point><coordinates>-51.712787,-21.361280,0</coordinates></Point></Placemark>
<Placemark><name>Radar</name><description>Fonte: DER-SP</description><Point><coordinates>-51.567590,-21.351780,0</coordinates></Point></Placemark>
<Placemark><name>Radar 100 km/h</name><description>Fonte: OSM</description><Point><coordinates>-51.566532,-21.349761,0</coordinates></Point></Placemark>
<Placemark><name>Radar</name><description>Fonte: DER-SP · sentido 302° (noroeste)</description><Point><coordinates>-47.753190,-21.338431,0</coordinates></Point></Placemark>
<Placemark><name>Radar</name><description>Fonte: DER-SP · sentido 122° (sudeste)</description><Point><coordinates>-47.754263,-21.338140,0</coordinates></Point></Placemark>
<Placemark><name>Radar</name><description>Fonte: DER-SP</description><Point><coordinates>-47.257745,-21.335678,0</coordinates></Point></Placemark>
<Placemark><name>Radar</name><description>Fonte: DER-SP</description><Point><coordinates>-48.121806,-21.327211,0</coordinates></Point></Placemark>
<Placemark><name>Radar 100 km/h</name><description>Fonte: OSM</description><Point><coordinates>-48.122232,-21.327002,0</coordinates></Point></Placemark>
<Placemark><name>Radar 90 km/h</name><description>Fonte: OSM</description><Point><coordinates>-48.047858,-21.324362,0</coordinates></Point></Placemark>
<Placemark><name>Radar</name><description>Fonte: DER-SP</description><Point><coordinates>-48.047519,-21.324008,0</coordinates></Point></Placemark>
<Placemark><name>Radar</name><description>Fonte: OSM</description><Point><coordinates>-47.733027,-21.320050,0</coordinates></Point></Placemark>
<Placemark><name>Radar</name><description>Fonte: OSM</description><Point><coordinates>-47.733091,-21.319914,0</coordinates></Point></Placemark>
<Placemark><name>Radar</name><description>Fonte: DER-SP · sentido 336° (noroeste)</description><Point><coordinates>-47.733500,-21.319200,0</coordinates></Point></Placemark>
<Placemark><name>Radar</name><description>Fonte: DER-SP · sentido 336° (noroeste)</description><Point><coordinates>-47.733397,-21.319061,0</coordinates></Point></Placemark>
<Placemark><name>Radar</name><description>Fonte: DER-SP</description><Point><coordinates>-48.166653,-21.313786,0</coordinates></Point></Placemark>
<Placemark><name>Radar 100 km/h</name><description>Fonte: OSM</description><Point><coordinates>-48.166894,-21.313767,0</coordinates></Point></Placemark>
<Placemark><name>Radar</name><description>Fonte: DER-SP · sentido 200° (sul)</description><Point><coordinates>-49.045219,-21.309504,0</coordinates></Point></Placemark>
<Placemark><name>Radar 110 km/h</name><description>Fonte: OSM</description><Point><coordinates>-50.364063,-21.304622,0</coordinates></Point></Placemark>
<Placemark><name>Radar</name><description>Fonte: DER-SP · sentido 314° (noroeste)</description><Point><coordinates>-50.364016,-21.304559,0</coordinates></Point></Placemark>
<Placemark><name>Radar 110 km/h</name><description>Fonte: OSM</description><Point><coordinates>-50.368863,-21.300445,0</coordinates></Point></Placemark>
<Placemark><name>Radar</name><description>Fonte: DER-SP · sentido 316° (noroeste)</description><Point><coordinates>-50.369066,-21.300298,0</coordinates></Point></Placemark>
<Placemark><name>Radar</name><description>Fonte: DER-SP</description><Point><coordinates>-50.367576,-21.299641,0</coordinates></Point></Placemark>
<Placemark><name>Radar 110 km/h</name><description>Fonte: OSM</description><Point><coordinates>-48.332595,-21.285470,0</coordinates></Point></Placemark>
<Placemark><name>Radar</name><description>Fonte: DER-SP · sentido 69° (leste)</description><Point><coordinates>-48.332483,-21.285467,0</coordinates></Point></Placemark>
<Placemark><name>Radar</name><description>Fonte: DER-SP</description><Point><coordinates>-47.346150,-21.284183,0</coordinates></Point></Placemark>
<Placemark><name>Radar 100 km/h</name><description>Fonte: OSM</description><Point><coordinates>-47.346375,-21.284146,0</coordinates></Point></Placemark>
<Placemark><name>Radar 100 km/h</name><description>Fonte: OSM</description><Point><coordinates>-47.346207,-21.284063,0</coordinates></Point></Placemark>
<Placemark><name>Radar</name><description>Fonte: DER-SP</description><Point><coordinates>-48.251883,-21.283983,0</coordinates></Point></Placemark>
<Placemark><name>Radar 100 km/h</name><description>Fonte: OSM</description><Point><coordinates>-48.251800,-21.283956,0</coordinates></Point></Placemark>
<Placemark><name>Radar 110 km/h</name><description>Fonte: OSM</description><Point><coordinates>-48.314879,-21.278857,0</coordinates></Point></Placemark>
<Placemark><name>Radar</name><description>Fonte: DER-SP · sentido 249° (oeste)</description><Point><coordinates>-48.314952,-21.278818,0</coordinates></Point></Placemark>
<Placemark><name>Radar 100 km/h</name><description>Fonte: OSM</description><Point><coordinates>-47.329007,-21.275478,0</coordinates></Point></Placemark>
<Placemark><name>Radar</name><description>Fonte: OSM</description><Point><coordinates>-47.753929,-21.275400,0</coordinates></Point></Placemark>
<Placemark><name>Radar</name><description>Fonte: DER-SP</description><Point><coordinates>-51.335790,-21.275025,0</coordinates></Point></Placemark>
<Placemark><name>Radar</name><description>Fonte: DER-SP · sentido 337° (noroeste)</description><Point><coordinates>-47.754182,-21.274950,0</coordinates></Point></Placemark>
<Placemark><name>Radar</name><description>Fonte: DER-SP · sentido 337° (noroeste)</description><Point><coordinates>-47.754186,-21.274829,0</coordinates></Point></Placemark>
<Placemark><name>Radar</name><description>Fonte: DER-SP · sentido 60° (nordeste)</description><Point><coordinates>-48.297872,-21.271778,0</coordinates></Point></Placemark>
<Placemark><name>Radar 110 km/h</name><description>Fonte: OSM</description><Point><coordinates>-48.297176,-21.271342,0</coordinates></Point></Placemark>
<Placemark><name>Radar</name><description>Fonte: DER-SP · sentido 235° (sudoeste)</description><Point><coordinates>-48.293958,-21.269206,0</coordinates></Point></Placemark>
<Placemark><name>Radar 110 km/h</name><description>Fonte: OSM</description><Point><coordinates>-48.293334,-21.268777,0</coordinates></Point></Placemark>
<Placemark><name>Radar 90 km/h</name><description>Fonte: OSM</description><Point><coordinates>-47.755787,-21.266637,0</coordinates></Point></Placemark>
<Placemark><name>Radar</name><description>Fonte: OSM</description><Point><coordinates>-47.754898,-21.263132,0</coordinates></Point></Placemark>
<Placemark><name>Radar</name><description>Fonte: DER-SP · sentido 14° (norte)</description><Point><coordinates>-47.754737,-21.262443,0</coordinates></Point></Placemark>
<Placemark><name>Radar 90 km/h</name><description>Fonte: OSM</description><Point><coordinates>-47.754705,-21.262395,0</coordinates></Point></Placemark>
<Placemark><name>Radar 60 km/h</name><description>Fonte: OSM</description><Point><coordinates>-48.466911,-21.262349,0</coordinates></Point></Placemark>
<Placemark><name>Radar</name><description>Fonte: DER-SP</description><Point><coordinates>-48.467477,-21.262337,0</coordinates></Point></Placemark>
<Placemark><name>Radar 110 km/h</name><description>Fonte: OSM</description><Point><coordinates>-50.411339,-21.262218,0</coordinates></Point></Placemark>
<Placemark><name>Radar</name><description>Fonte: DER-SP · sentido 13° (norte)</description><Point><coordinates>-47.754617,-21.262008,0</coordinates></Point></Placemark>
<Placemark><name>Radar</name><description>Fonte: DER-SP</description><Point><coordinates>-51.713281,-21.261253,0</coordinates></Point></Placemark>
<Placemark><name>Radar</name><description>Fonte: OSM</description><Point><coordinates>-47.754712,-21.254721,0</coordinates></Point></Placemark>
<Placemark><name>Radar 90 km/h</name><description>Fonte: OSM</description><Point><coordinates>-47.754882,-21.253973,0</coordinates></Point></Placemark>
<Placemark><name>Radar</name><description>Fonte: DER-SP · sentido 348° (norte)</description><Point><coordinates>-47.755000,-21.253800,0</coordinates></Point></Placemark>
<Placemark><name>Radar</name><description>Fonte: DER-SP · sentido 348° (norte)</description><Point><coordinates>-47.754722,-21.253611,0</coordinates></Point></Placemark>
<Placemark><name>Radar 60 km/h</name><description>Fonte: OSM</description><Point><coordinates>-48.550829,-21.252956,0</coordinates></Point></Placemark>
<Placemark><name>Radar</name><description>Fonte: DER-SP · sentido 302° (noroeste)</description><Point><coordinates>-48.550900,-21.252900,0</coordinates></Point></Placemark>
<Placemark><name>Radar</name><description>Fonte: DER-SP · sentido 157° (sudeste)</description><Point><coordinates>-48.349512,-21.249990,0</coordinates></Point></Placemark>
<Placemark><name>Radar 40 km/h</name><description>Fonte: OSM</description><Point><coordinates>-48.556294,-21.249649,0</coordinates></Point></Placemark>
<Placemark><name>Radar</name><description>Fonte: DER-SP</description><Point><coordinates>-48.556442,-21.249507,0</coordinates></Point></Placemark>
<Placemark><name>Radar 40 km/h</name><description>Fonte: OSM</description><Point><coordinates>-48.557083,-21.249329,0</coordinates></Point></Placemark>
<Placemark><name>Radar</name><description>Fonte: DER-SP · sentido 314° (noroeste)</description><Point><coordinates>-50.431726,-21.243992,0</coordinates></Point></Placemark>
<Placemark><name>Radar 80 km/h</name><description>Fonte: OSM</description><Point><coordinates>-50.431811,-21.243915,0</coordinates></Point></Placemark>
<Placemark><name>Radar</name><description>Fonte: DER-SP · sentido 2° (norte)</description><Point><coordinates>-47.819151,-21.241952,0</coordinates></Point></Placemark>
<Placemark><name>Radar</name><description>Fonte: DER-SP · sentido 2° (norte)</description><Point><coordinates>-47.819116,-21.241705,0</coordinates></Point></Placemark>
<Placemark><name>Radar 90 km/h</name><description>Fonte: OSM</description><Point><coordinates>-47.819166,-21.241549,0</coordinates></Point></Placemark>
<Placemark><name>Radar</name><description>Fonte: DER-SP · sentido 161° (sul)</description><Point><coordinates>-48.353692,-21.239944,0</coordinates></Point></Placemark>
<Placemark><name>Radar 80 km/h</name><description>Fonte: OSM</description><Point><coordinates>-50.437977,-21.238636,0</coordinates></Point></Placemark>
<Placemark><name>Radar</name><description>Fonte: DER-SP · sentido 135° (sudeste)</description><Point><coordinates>-50.437917,-21.238633,0</coordinates></Point></Placemark>
<Placemark><name>Radar</name><description>Fonte: DER-SP · sentido 342° (norte)</description><Point><coordinates>-48.354017,-21.237769,0</coordinates></Point></Placemark>
<Placemark><name>Radar 60 km/h</name><description>Fonte: OSM</description><Point><coordinates>-49.942596,-21.236216,0</coordinates></Point></Placemark>
<Placemark><name>Radar</name><description>Fonte: DER-SP · sentido 139° (sudeste)</description><Point><coordinates>-50.409198,-21.235675,0</coordinates></Point></Placemark>
<Placemark><name>Radar</name><description>Fonte: DER-SP · sentido 319° (noroeste)</description><Point><coordinates>-50.409166,-21.235333,0</coordinates></Point></Placemark>
<Placemark><name>Radar</name><description>Fonte: DER-SP · sentido 189° (sul)</description><Point><coordinates>-47.818878,-21.235058,0</coordinates></Point></Placemark>
<Placemark><name>Radar</name><description>Fonte: DER-SP · sentido 189° (sul)</description><Point><coordinates>-47.818769,-21.234799,0</coordinates></Point></Placemark>
<Placemark><name>Radar 90 km/h</name><description>Fonte: OSM</description><Point><coordinates>-47.818779,-21.234790,0</coordinates></Point></Placemark>
<Placemark><name>Radar</name><description>Fonte: DER-SP</description><Point><coordinates>-51.502293,-21.231994,0</coordinates></Point></Placemark>
<Placemark><name>Radar 100 km/h</name><description>Fonte: OSM</description><Point><coordinates>-51.502266,-21.231902,0</coordinates></Point></Placemark>
<Placemark><name>Radar</name><description>Fonte: DER-SP · sentido 22° (norte)</description><Point><coordinates>-47.780117,-21.231459,0</coordinates></Point></Placemark>
<Placemark><name>Radar</name><description>Fonte: DER-SP · sentido 22° (norte)</description><Point><coordinates>-47.780176,-21.231448,0</coordinates></Point></Placemark>
<Placemark><name>Radar</name><description>Fonte: DER-SP · sentido 22° (norte)</description><Point><coordinates>-47.780148,-21.231420,0</coordinates></Point></Placemark>
<Placemark><name>Radar 90 km/h</name><description>Fonte: OSM</description><Point><coordinates>-47.780266,-21.231168,0</coordinates></Point></Placemark>
<Placemark><name>Radar</name><description>Fonte: OSM</description><Point><coordinates>-47.759397,-21.229371,0</coordinates></Point></Placemark>
<Placemark><name>Radar</name><description>Fonte: DER-SP · sentido 3° (norte)</description><Point><coordinates>-47.759388,-21.228967,0</coordinates></Point></Placemark>
<Placemark><name>Radar</name><description>Fonte: DER-SP · sentido 3° (norte)</description><Point><coordinates>-47.759276,-21.228816,0</coordinates></Point></Placemark>
<Placemark><name>Radar 90 km/h</name><description>Fonte: OSM</description><Point><coordinates>-47.759581,-21.228784,0</coordinates></Point></Placemark>
<Placemark><name>Radar 70 km/h</name><description>Fonte: OSM</description><Point><coordinates>-47.767945,-21.226856,0</coordinates></Point></Placemark>
<Placemark><name>Radar 60 km/h</name><description>Fonte: OSM</description><Point><coordinates>-50.437002,-21.225997,0</coordinates></Point></Placemark>
<Placemark><name>Radar</name><description>Fonte: DER-SP · sentido 265° (oeste)</description><Point><coordinates>-47.807858,-21.224995,0</coordinates></Point></Placemark>
<Placemark><name>Radar 90 km/h</name><description>Fonte: OSM</description><Point><coordinates>-47.807958,-21.224867,0</coordinates></Point></Placemark>
<Placemark><name>Radar</name><description>Fonte: DER-SP · sentido 265° (oeste)</description><Point><coordinates>-47.807895,-21.224865,0</coordinates></Point></Placemark>
<Placemark><name>Radar 110 km/h</name><description>Fonte: OSM</description><Point><coordinates>-48.915297,-21.224437,0</coordinates></Point></Placemark>
<Placemark><name>Radar 110 km/h</name><description>Fonte: OSM</description><Point><coordinates>-48.915661,-21.224321,0</coordinates></Point></Placemark>
<Placemark><name>Radar</name><description>Fonte: DER-SP · sentido 79° (leste)</description><Point><coordinates>-47.800750,-21.223820,0</coordinates></Point></Placemark>
<Placemark><name>Radar 90 km/h</name><description>Fonte: OSM</description><Point><coordinates>-47.800620,-21.223765,0</coordinates></Point></Placemark>
<Placemark><name>Radar</name><description>Fonte: DER-SP · sentido 79° (leste)</description><Point><coordinates>-47.800701,-21.223759,0</coordinates></Point></Placemark>
<Placemark><name>Radar 90 km/h</name><description>Fonte: OSM</description><Point><coordinates>-47.776666,-21.223364,0</coordinates></Point></Placemark>
<Placemark><name>Radar</name><description>Fonte: DER-SP · sentido 100° (leste)</description><Point><coordinates>-47.781771,-21.221872,0</coordinates></Point></Placemark>
<Placemark><name>Radar</name><description>Fonte: DER-SP · sentido 100° (leste)</description><Point><coordinates>-47.781861,-21.221814,0</coordinates></Point></Placemark>
<Placemark><name>Radar 80 km/h</name><description>Fonte: OSM</description><Point><coordinates>-47.781967,-21.221777,0</coordinates></Point></Placemark>
<Placemark><name>Radar 70 km/h</name><description>Fonte: OSM</description><Point><coordinates>-47.770757,-21.219462,0</coordinates></Point></Placemark>
<Placemark><name>Radar</name><description>Fonte: DER-SP · sentido 294° (noroeste)</description><Point><coordinates>-47.828590,-21.219334,0</coordinates></Point></Placemark>
<Placemark><name>Radar</name><description>Fonte: DER-SP · sentido 294° (noroeste)</description><Point><coordinates>-47.828886,-21.219093,0</coordinates></Point></Placemark>
<Placemark><name>Radar 90 km/h</name><description>Fonte: OSM</description><Point><coordinates>-47.829004,-21.219053,0</coordinates></Point></Placemark>
<Placemark><name>Radar</name><description>Fonte: DER-SP</description><Point><coordinates>-51.493278,-21.215228,0</coordinates></Point></Placemark>
<Placemark><name>Radar</name><description>Fonte: DER-SP · sentido 202° (sul)</description><Point><coordinates>-47.773077,-21.214685,0</coordinates></Point></Placemark>
<Placemark><name>Radar</name><description>Fonte: DER-SP · sentido 202° (sul)</description><Point><coordinates>-47.772933,-21.214613,0</coordinates></Point></Placemark>
<Placemark><name>Radar</name><description>Fonte: DER-SP · sentido 115° (sudeste)</description><Point><coordinates>-47.842020,-21.213540,0</coordinates></Point></Placemark>
<Placemark><name>Radar</name><description>Fonte: DER-SP · sentido 115° (sudeste)</description><Point><coordinates>-47.842270,-21.213533,0</coordinates></Point></Placemark>
<Placemark><name>Radar 90 km/h</name><description>Fonte: OSM</description><Point><coordinates>-47.842268,-21.213371,0</coordinates></Point></Placemark>
<Placemark><name>Radar</name><description>Fonte: DER-SP · sentido 295° (noroeste)</description><Point><coordinates>-47.843738,-21.212652,0</coordinates></Point></Placemark>
<Placemark><name>Radar 90 km/h</name><description>Fonte: OSM</description><Point><coordinates>-47.843721,-21.212585,0</coordinates></Point></Placemark>
<Placemark><name>Radar 60 km/h</name><description>Fonte: OSM</description><Point><coordinates>-47.908783,-21.211438,0</coordinates></Point></Placemark>
<Placemark><name>Radar</name><description>Fonte: DER-SP</description><Point><coordinates>-47.908093,-21.211229,0</coordinates></Point></Placemark>
<Placemark><name>Radar</name><description>Fonte: DER-SP · sentido 183° (sul)</description><Point><coordinates>-47.758642,-21.210921,0</coordinates></Point></Placemark>
<Placemark><name>Radar</name><description>Fonte: DER-SP · sentido 118° (sudeste)</description><Point><coordinates>-47.849118,-21.210402,0</coordinates></Point></Placemark>
<Placemark><name>Radar</name><description>Fonte: DER-SP</description><Point><coordinates>-47.756700,-21.209320,0</coordinates></Point></Placemark>
<Placemark><name>Radar 90 km/h</name><description>Fonte: OSM</description><Point><coordinates>-47.758569,-21.209242,0</coordinates></Point></Placemark>
<Placemark><name>Radar</name><description>Fonte: DER-SP · sentido 183° (sul)</description><Point><coordinates>-47.758523,-21.208661,0</coordinates></Point></Placemark>
<Placemark><name>Radar 60 km/h</name><description>Fonte: OSM</description><Point><coordinates>-50.424434,-21.207934,0</coordinates></Point></Placemark>
<Placemark><name>Radar</name><description>Fonte: DER-SP · sentido 85° (leste)</description><Point><coordinates>-47.661580,-21.207247,0</coordinates></Point></Placemark>
<Placemark><name>Radar</name><description>Fonte: DER-SP</description><Point><coordinates>-47.756531,-21.207239,0</coordinates></Point></Placemark>
<Placemark><name>Radar</name><description>Fonte: DER-SP · sentido 265° (oeste)</description><Point><coordinates>-47.661578,-21.207132,0</coordinates></Point></Placemark>
<Placemark><name>Radar 80 km/h</name><description>Fonte: OSM</description><Point><coordinates>-50.479058,-21.206868,0</coordinates></Point></Placemark>
<Placemark><name>Radar</name><description>Fonte: DER-SP</description><Point><coordinates>-50.479067,-21.206783,0</coordinates></Point></Placemark>
<Placemark><name>Radar 60 km/h</name><description>Fonte: OSM</description><Point><coordinates>-47.758596,-21.206014,0</coordinates></Point></Placemark>
<Placemark><name>Radar</name><description>Fonte: DER-SP · sentido 184° (sul)</description><Point><coordinates>-47.758620,-21.205970,0</coordinates></Point></Placemark>
<Placemark><name>Radar</name><description>Fonte: DER-SP</description><Point><coordinates>-47.894635,-21.205853,0</coordinates></Point></Placemark>
<Placemark><name>Radar 110 km/h</name><description>Fonte: OSM</description><Point><coordinates>-48.184093,-21.205413,0</coordinates></Point></Placemark>
<Placemark><name>Radar</name><description>Fonte: DER-SP · sentido 259° (oeste)</description><Point><coordinates>-48.184064,-21.205306,0</coordinates></Point></Placemark>
<Placemark><name>Radar</name><description>Fonte: DER-SP · sentido 127° (sudeste)</description><Point><coordinates>-47.760905,-21.204529,0</coordinates></Point></Placemark>
<Placemark><name>Radar</name><description>Fonte: DER-SP</description><Point><coordinates>-47.761900,-21.204500,0</coordinates></Point></Placemark>
<Placemark><name>Radar 70 km/h</name><description>Fonte: OSM</description><Point><coordinates>-47.760897,-21.204477,0</coordinates></Point></Placemark>
<Placemark><name>Radar 90 km/h</name><description>Fonte: OSM</description><Point><coordinates>-47.758112,-21.203457,0</coordinates></Point></Placemark>
<Placemark><name>Radar</name><description>Fonte: DER-SP · sentido 3° (norte)</description><Point><coordinates>-47.758083,-21.203250,0</coordinates></Point></Placemark>
<Placemark><name>Radar</name><description>Fonte: DER-SP · sentido 316° (noroeste)</description><Point><coordinates>-48.937964,-21.202553,0</coordinates></Point></Placemark>
<Placemark><name>Radar 110 km/h</name><description>Fonte: OSM</description><Point><coordinates>-48.938080,-21.202537,0</coordinates></Point></Placemark>
<Placemark><name>Radar 70 km/h</name><description>Fonte: OSM</description><Point><coordinates>-47.764350,-21.201883,0</coordinates></Point></Placemark>
<Placemark><name>Radar</name><description>Fonte: DER-SP · sentido 296° (noroeste)</description><Point><coordinates>-47.873410,-21.199420,0</coordinates></Point></Placemark>
<Placemark><name>Radar 90 km/h</name><description>Fonte: OSM</description><Point><coordinates>-47.873654,-21.199358,0</coordinates></Point></Placemark>
<Placemark><name>Radar</name><description>Fonte: DER-SP · sentido 294° (noroeste)</description><Point><coordinates>-47.873798,-21.199272,0</coordinates></Point></Placemark>
<Placemark><name>Radar</name><description>Fonte: DER-SP · sentido 128° (sudeste)</description><Point><coordinates>-47.776419,-21.193455,0</coordinates></Point></Placemark>
<Placemark><name>Radar</name><description>Fonte: DER-SP · sentido 128° (sudeste)</description><Point><coordinates>-47.776416,-21.193363,0</coordinates></Point></Placemark>
<Placemark><name>Radar</name><description>Fonte: DER-SP · sentido 308° (noroeste)</description><Point><coordinates>-47.776233,-21.193334,0</coordinates></Point></Placemark>
<Placemark><name>Radar</name><description>Fonte: DER-SP · sentido 308° (noroeste)</description><Point><coordinates>-47.776185,-21.193250,0</coordinates></Point></Placemark>
<Placemark><name>Radar 110 km/h</name><description>Fonte: OSM</description><Point><coordinates>-47.885394,-21.192266,0</coordinates></Point></Placemark>
<Placemark><name>Radar</name><description>Fonte: DER-SP</description><Point><coordinates>-50.469651,-21.191701,0</coordinates></Point></Placemark>
<Placemark><name>Radar</name><description>Fonte: DER-SP · sentido 150° (sudeste)</description><Point><coordinates>-47.885757,-21.191655,0</coordinates></Point></Placemark>
<Placemark><name>Radar</name><description>Fonte: DER-SP · sentido 150° (sudeste)</description><Point><coordinates>-47.886070,-21.191290,0</coordinates></Point></Placemark>
<Placemark><name>Radar</name><description>Fonte: DER-SP · sentido 39° (nordeste)</description><Point><coordinates>-47.865022,-21.189132,0</coordinates></Point></Placemark>
<Placemark><name>Radar</name><description>Fonte: DER-SP · sentido 3° (norte)</description><Point><coordinates>-47.757041,-21.182789,0</coordinates></Point></Placemark>
<Placemark><name>Radar 90 km/h</name><description>Fonte: OSM</description><Point><coordinates>-47.757023,-21.182762,0</coordinates></Point></Placemark>
<Placemark><name>Radar</name><description>Fonte: DER-SP · sentido 3° (norte)</description><Point><coordinates>-47.756978,-21.182705,0</coordinates></Point></Placemark>
<Placemark><name>Radar</name><description>Fonte: OSM</description><Point><coordinates>-47.756864,-21.179863,0</coordinates></Point></Placemark>
<Placemark><name>Radar</name><description>Fonte: OSM</description><Point><coordinates>-47.757021,-21.179816,0</coordinates></Point></Placemark>
<Placemark><name>Radar 110 km/h</name><description>Fonte: OSM</description><Point><coordinates>-48.129132,-21.179123,0</coordinates></Point></Placemark>
<Placemark><name>Radar</name><description>Fonte: DER-SP · sentido 111° (leste)</description><Point><coordinates>-47.841720,-21.178190,0</coordinates></Point></Placemark>
<Placemark><name>Radar</name><description>Fonte: DER-SP · sentido 110° (leste)</description><Point><coordinates>-47.841888,-21.178073,0</coordinates></Point></Placemark>
<Placemark><name>Radar</name><description>Fonte: OSM</description><Point><coordinates>-47.841844,-21.178048,0</coordinates></Point></Placemark>
<Placemark><name>Radar</name><description>Fonte: DER-SP · sentido 44° (nordeste)</description><Point><coordinates>-48.127750,-21.178033,0</coordinates></Point></Placemark>
<Placemark><name>Radar</name><description>Fonte: DER-SP · sentido 270° (oeste)</description><Point><coordinates>-48.117569,-21.173725,0</coordinates></Point></Placemark>
<Placemark><name>Radar 100 km/h</name><description>Fonte: OSM</description><Point><coordinates>-47.860269,-21.172750,0</coordinates></Point></Placemark>
<Placemark><name>Radar</name><description>Fonte: OSM</description><Point><coordinates>-47.860147,-21.172730,0</coordinates></Point></Placemark>
<Placemark><name>Radar</name><description>Fonte: DER-SP · sentido 123° (sudeste)</description><Point><coordinates>-47.860526,-21.172724,0</coordinates></Point></Placemark>
<Placemark><name>Radar</name><description>Fonte: DER-SP · sentido 190° (sul)</description><Point><coordinates>-50.465725,-21.171778,0</coordinates></Point></Placemark>
<Placemark><name>Radar</name><description>Fonte: DER-SP · sentido 82° (leste)</description><Point><coordinates>-48.045644,-21.171028,0</coordinates></Point></Placemark>
<Placemark><name>Radar</name><description>Fonte: DER-SP · sentido 343° (norte)</description><Point><coordinates>-48.376103,-21.168825,0</coordinates></Point></Placemark>
<Placemark><name>Radar</name><description>Fonte: DER-SP · sentido 83° (leste)</description><Point><coordinates>-48.017524,-21.167647,0</coordinates></Point></Placemark>
<Placemark><name>Radar</name><description>Fonte: DER-SP</description><Point><coordinates>-47.914241,-21.167641,0</coordinates></Point></Placemark>
<Placemark><name>Radar</name><description>Fonte: DER-SP · sentido 89° (leste)</description><Point><coordinates>-47.914578,-21.167293,0</coordinates></Point></Placemark>
<Placemark><name>Radar</name><description>Fonte: DER-SP · sentido 268° (oeste)</description><Point><coordinates>-47.914357,-21.166809,0</coordinates></Point></Placemark>
<Placemark><name>Radar 110 km/h</name><description>Fonte: OSM</description><Point><coordinates>-48.000518,-21.165372,0</coordinates></Point></Placemark>
<Placemark><name>Radar 110 km/h</name><description>Fonte: OSM</description><Point><coordinates>-47.996812,-21.164925,0</coordinates></Point></Placemark>
<Placemark><name>Radar</name><description>Fonte: DER-SP · sentido 83° (leste)</description><Point><coordinates>-47.991409,-21.164184,0</coordinates></Point></Placemark>
<Placemark><name>Radar</name><description>Fonte: DER-SP</description><Point><coordinates>-47.755114,-21.163675,0</coordinates></Point></Placemark>
<Placemark><name>Radar</name><description>Fonte: DER-SP · sentido 280° (oeste)</description><Point><coordinates>-47.947290,-21.162880,0</coordinates></Point></Placemark>
<Placemark><name>Radar 110 km/h</name><description>Fonte: OSM</description><Point><coordinates>-47.946146,-21.162785,0</coordinates></Point></Placemark>
<Placemark><name>Radar</name><description>Fonte: DER-SP · sentido 81° (leste)</description><Point><coordinates>-47.972745,-21.162277,0</coordinates></Point></Placemark>
<Placemark><name>Radar</name><description>Fonte: DER-SP · sentido 83° (leste)</description><Point><coordinates>-47.972678,-21.162154,0</coordinates></Point></Placemark>
<Placemark><name>Radar 110 km/h</name><description>Fonte: OSM</description><Point><coordinates>-47.954605,-21.161385,0</coordinates></Point></Placemark>
<Placemark><name>Radar</name><description>Fonte: DER-SP · sentido 280° (oeste)</description><Point><coordinates>-47.955210,-21.161283,0</coordinates></Point></Placemark>
<Placemark><name>Radar 90 km/h</name><description>Fonte: OSM</description><Point><coordinates>-47.756406,-21.159268,0</coordinates></Point></Placemark>
<Placemark><name>Radar 90 km/h</name><description>Fonte: OSM</description><Point><coordinates>-47.756259,-21.159268,0</coordinates></Point></Placemark>
<Placemark><name>Radar</name><description>Fonte: DER-SP · sentido 353° (norte)</description><Point><coordinates>-47.991672,-21.153038,0</coordinates></Point></Placemark>
<Placemark><name>Radar 70 km/h</name><description>Fonte: OSM</description><Point><coordinates>-47.991820,-21.152478,0</coordinates></Point></Placemark>
<Placemark><name>Radar</name><description>Fonte: OSM</description><Point><coordinates>-48.998485,-21.150869,0</coordinates></Point></Placemark>
<Placemark><name>Radar</name><description>Fonte: DER-SP · sentido 166° (sul)</description><Point><coordinates>-47.757980,-21.150023,0</coordinates></Point></Placemark>
<Placemark><name>Radar 70 km/h</name><description>Fonte: OSM</description><Point><coordinates>-47.993597,-21.149714,0</coordinates></Point></Placemark>
<Placemark><name>Radar</name><description>Fonte: DER-SP · sentido 103° (leste)</description><Point><coordinates>-47.994001,-21.149702,0</coordinates></Point></Placemark>
<Placemark><name>Radar</name><description>Fonte: DER-SP · sentido 108° (leste)</description><Point><coordinates>-47.758040,-21.149580,0</coordinates></Point></Placemark>
<Placemark><name>Radar</name><description>Fonte: DER-SP · sentido 58° (nordeste)</description><Point><coordinates>-47.872467,-21.143206,0</coordinates></Point></Placemark>
<Placemark><name>Radar</name><description>Fonte: DER-SP · sentido 58° (nordeste)</description><Point><coordinates>-47.872325,-21.143102,0</coordinates></Point></Placemark>
<Placemark><name>Radar</name><description>Fonte: DER-SP · sentido 332° (noroeste)</description><Point><coordinates>-47.762747,-21.137503,0</coordinates></Point></Placemark>
<Placemark><name>Radar</name><description>Fonte: DER-SP · sentido 332° (noroeste)</description><Point><coordinates>-47.762961,-21.137277,0</coordinates></Point></Placemark>
<Placemark><name>Radar 80 km/h</name><description>Fonte: OSM</description><Point><coordinates>-49.015870,-21.131666,0</coordinates></Point></Placemark>
<Placemark><name>Radar</name><description>Fonte: DER-SP</description><Point><coordinates>-48.389966,-21.126374,0</coordinates></Point></Placemark>
<Placemark><name>Radar</name><description>Fonte: DER-SP</description><Point><coordinates>-48.390363,-21.124381,0</coordinates></Point></Placemark>
<Placemark><name>Radar</name><description>Fonte: DER-SP</description><Point><coordinates>-51.463289,-21.123539,0</coordinates></Point></Placemark>
<Placemark><name>Radar</name><description>Fonte: DER-SP · sentido 286° (oeste)</description><Point><coordinates>-47.786074,-21.121355,0</coordinates></Point></Placemark>
<Placemark><name>Radar</name><description>Fonte: DER-SP · sentido 181° (sul)</description><Point><coordinates>-47.786490,-21.121314,0</coordinates></Point></Placemark>
<Placemark><name>Radar</name><description>Fonte: DER-SP · sentido 66° (nordeste)</description><Point><coordinates>-47.834070,-21.120890,0</coordinates></Point></Placemark>
<Placemark><name>Radar</name><description>Fonte: DER-SP · sentido 57° (nordeste)</description><Point><coordinates>-47.833890,-21.120622,0</coordinates></Point></Placemark>
<Placemark><name>Radar</name><description>Fonte: DER-SP · sentido 238° (sudoeste)</description><Point><coordinates>-47.830526,-21.118698,0</coordinates></Point></Placemark>
<Placemark><name>Radar</name><description>Fonte: OSM</description><Point><coordinates>-47.830047,-21.118278,0</coordinates></Point></Placemark>
<Placemark><name>Radar 80 km/h</name><description>Fonte: OSM</description><Point><coordinates>-50.213021,-21.117852,0</coordinates></Point></Placemark>
<Placemark><name>Radar</name><description>Fonte: DER-SP · sentido 310° (noroeste)</description><Point><coordinates>-49.041272,-21.117464,0</coordinates></Point></Placemark>
<Placemark><name>Radar</name><description>Fonte: DER-SP</description><Point><coordinates>-49.669081,-21.106914,0</coordinates></Point></Placemark>
<Placemark><name>Radar</name><description>Fonte: DER-SP · sentido 56° (nordeste)</description><Point><coordinates>-47.809387,-21.106515,0</coordinates></Point></Placemark>
<Placemark><name>Radar</name><description>Fonte: DER-SP · sentido 58° (nordeste)</description><Point><coordinates>-47.809625,-21.106494,0</coordinates></Point></Placemark>
<Placemark><name>Radar</name><description>Fonte: DER-SP · sentido 35° (nordeste)</description><Point><coordinates>-47.768817,-21.106222,0</coordinates></Point></Placemark>
<Placemark><name>Radar</name><description>Fonte: DER-SP · sentido 35° (nordeste)</description><Point><coordinates>-47.768894,-21.106201,0</coordinates></Point></Placemark>
<Placemark><name>Radar 110 km/h</name><description>Fonte: OSM</description><Point><coordinates>-47.785297,-21.105807,0</coordinates></Point></Placemark>
<Placemark><name>Radar</name><description>Fonte: DER-SP · sentido 140° (sudeste)</description><Point><coordinates>-47.785617,-21.105661,0</coordinates></Point></Placemark>
<Placemark><name>Radar</name><description>Fonte: DER-SP · sentido 146° (sudeste)</description><Point><coordinates>-47.785240,-21.105460,0</coordinates></Point></Placemark>
<Placemark><name>Radar</name><description>Fonte: DER-SP · sentido 238° (sudoeste)</description><Point><coordinates>-47.806087,-21.104204,0</coordinates></Point></Placemark>
<Placemark><name>Radar</name><description>Fonte: DER-SP · sentido 238° (sudoeste)</description><Point><coordinates>-47.805427,-21.103862,0</coordinates></Point></Placemark>
<Placemark><name>Radar</name><description>Fonte: OSM</description><Point><coordinates>-49.059515,-21.103861,0</coordinates></Point></Placemark>
<Placemark><name>Radar</name><description>Fonte: OSM</description><Point><coordinates>-47.805058,-21.103655,0</coordinates></Point></Placemark>
<Placemark><name>Radar</name><description>Fonte: OSM</description><Point><coordinates>-47.788225,-21.101727,0</coordinates></Point></Placemark>
<Placemark><name>Radar</name><description>Fonte: DER-SP · sentido 326° (noroeste)</description><Point><coordinates>-47.788557,-21.101153,0</coordinates></Point></Placemark>
<Placemark><name>Radar</name><description>Fonte: OSM</description><Point><coordinates>-47.788428,-21.101104,0</coordinates></Point></Placemark>
<Placemark><name>Radar</name><description>Fonte: DER-SP · sentido 326° (noroeste)</description><Point><coordinates>-47.788530,-21.101090,0</coordinates></Point></Placemark>
<Placemark><name>Radar</name><description>Fonte: DER-SP</description><Point><coordinates>-49.795246,-21.096237,0</coordinates></Point></Placemark>
<Placemark><name>Radar</name><description>Fonte: DER-SP · sentido 154° (sudeste)</description><Point><coordinates>-48.676300,-21.095100,0</coordinates></Point></Placemark>
<Placemark><name>Radar</name><description>Fonte: DER-SP · sentido 241° (sudoeste)</description><Point><coordinates>-47.753226,-21.094688,0</coordinates></Point></Placemark>
<Placemark><name>Radar</name><description>Fonte: OSM</description><Point><coordinates>-47.752351,-21.094345,0</coordinates></Point></Placemark>
<Placemark><name>Radar</name><description>Fonte: DER-SP · sentido 310° (noroeste)</description><Point><coordinates>-49.073028,-21.093067,0</coordinates></Point></Placemark>
<Placemark><name>Radar 100 km/h</name><description>Fonte: OSM</description><Point><coordinates>-48.870247,-21.092113,0</coordinates></Point></Placemark>
<Placemark><name>Radar</name><description>Fonte: DER-SP · sentido 80° (leste)</description><Point><coordinates>-48.869400,-21.092000,0</coordinates></Point></Placemark>
<Placemark><name>Radar</name><description>Fonte: DER-SP · sentido 243° (sudoeste)</description><Point><coordinates>-47.727660,-21.082644,0</coordinates></Point></Placemark>
<Placemark><name>Radar</name><description>Fonte: DER-SP · sentido 243° (sudoeste)</description><Point><coordinates>-47.727650,-21.082620,0</coordinates></Point></Placemark>
<Placemark><name>Radar</name><description>Fonte: DER-SP · sentido 243° (sudoeste)</description><Point><coordinates>-47.727467,-21.082535,0</coordinates></Point></Placemark>
<Placemark><name>Radar</name><description>Fonte: OSM</description><Point><coordinates>-47.726660,-21.082241,0</coordinates></Point></Placemark>
<Placemark><name>Radar</name><description>Fonte: DER-SP</description><Point><coordinates>-49.249940,-21.072002,0</coordinates></Point></Placemark>
<Placemark><name>Radar</name><description>Fonte: DER-SP · sentido 322° (noroeste)</description><Point><coordinates>-47.810310,-21.071680,0</coordinates></Point></Placemark>
<Placemark><name>Radar</name><description>Fonte: DER-SP · sentido 322° (noroeste)</description><Point><coordinates>-47.810513,-21.071668,0</coordinates></Point></Placemark>
<Placemark><name>Radar 110 km/h</name><description>Fonte: OSM</description><Point><coordinates>-47.810621,-21.071406,0</coordinates></Point></Placemark>
<Placemark><name>Radar</name><description>Fonte: DER-SP · sentido 343° (norte)</description><Point><coordinates>-48.408482,-21.068399,0</coordinates></Point></Placemark>
<Placemark><name>Radar</name><description>Fonte: DER-SP</description><Point><coordinates>-49.105084,-21.068209,0</coordinates></Point></Placemark>
<Placemark><name>Radar</name><description>Fonte: DER-SP</description><Point><coordinates>-49.105490,-21.068090,0</coordinates></Point></Placemark>
<Placemark><name>Radar</name><description>Fonte: OSM</description><Point><coordinates>-48.709268,-21.065543,0</coordinates></Point></Placemark>
<Placemark><name>Radar</name><description>Fonte: DER-SP</description><Point><coordinates>-48.708723,-21.065278,0</coordinates></Point></Placemark>
<Placemark><name>Radar 40 km/h</name><description>Fonte: OSM</description><Point><coordinates>-48.708106,-21.065218,0</coordinates></Point></Placemark>
<Placemark><name>Radar</name><description>Fonte: DER-SP · sentido 248° (oeste)</description><Point><coordinates>-47.685503,-21.055262,0</coordinates></Point></Placemark>
<Placemark><name>Radar</name><description>Fonte: DER-SP · sentido 245° (sudoeste)</description><Point><coordinates>-47.685000,-21.055000,0</coordinates></Point></Placemark>
<Placemark><name>Radar</name><description>Fonte: OSM</description><Point><coordinates>-47.684899,-21.054995,0</coordinates></Point></Placemark>
<Placemark><name>Radar</name><description>Fonte: DER-SP · sentido 335° (noroeste)</description><Point><coordinates>-47.824740,-21.050990,0</coordinates></Point></Placemark>
<Placemark><name>Radar</name><description>Fonte: DER-SP · sentido 335° (noroeste)</description><Point><coordinates>-47.825178,-21.050551,0</coordinates></Point></Placemark>
<Placemark><name>Radar 110 km/h</name><description>Fonte: OSM</description><Point><coordinates>-47.825139,-21.050409,0</coordinates></Point></Placemark>
<Placemark><name>Radar</name><description>Fonte: DER-SP · sentido 250° (oeste)</description><Point><coordinates>-48.632400,-21.041800,0</coordinates></Point></Placemark>
<Placemark><name>Radar 100 km/h</name><description>Fonte: OSM</description><Point><coordinates>-48.632326,-21.041746,0</coordinates></Point></Placemark>
<Placemark><name>Radar</name><description>Fonte: DER-SP · sentido 238° (sudoeste)</description><Point><coordinates>-49.698256,-21.041427,0</coordinates></Point></Placemark>
<Placemark><name>Radar 60 km/h</name><description>Fonte: OSM</description><Point><coordinates>-49.698099,-21.041214,0</coordinates></Point></Placemark>
<Placemark><name>Radar 60 km/h</name><description>Fonte: OSM</description><Point><coordinates>-49.694615,-21.039488,0</coordinates></Point></Placemark>
<Placemark><name>Radar</name><description>Fonte: DER-SP · sentido 59° (nordeste)</description><Point><coordinates>-49.694464,-21.039371,0</coordinates></Point></Placemark>
<Placemark><name>Radar</name><description>Fonte: DER-SP</description><Point><coordinates>-47.298837,-21.029338,0</coordinates></Point></Placemark>
<Placemark><name>Radar 110 km/h</name><description>Fonte: OSM</description><Point><coordinates>-48.153195,-21.028078,0</coordinates></Point></Placemark>
<Placemark><name>Radar</name><description>Fonte: DER-SP</description><Point><coordinates>-47.256739,-21.025321,0</coordinates></Point></Placemark>
<Placemark><name>Radar</name><description>Fonte: DER-SP · sentido 343° (norte)</description><Point><coordinates>-48.424553,-21.018722,0</coordinates></Point></Placemark>
<Placemark><name>Radar</name><description>Fonte: DER-SP · sentido 202° (sul)</description><Point><coordinates>-47.664353,-21.013575,0</coordinates></Point></Placemark>
<Placemark><name>Radar</name><description>Fonte: OSM</description><Point><coordinates>-47.664026,-21.012817,0</coordinates></Point></Placemark>
<Placemark><name>Radar</name><description>Fonte: DER-SP · sentido 312° (noroeste)</description><Point><coordinates>-48.176583,-21.009336,0</coordinates></Point></Placemark>
<Placemark><name>Radar</name><description>Fonte: DER-SP · sentido 131° (sudeste)</description><Point><coordinates>-48.176900,-21.009332,0</coordinates></Point></Placemark>
<Placemark><name>Radar</name><description>Fonte: OSM</description><Point><coordinates>-49.197397,-20.997333,0</coordinates></Point></Placemark>
<Placemark><name>Radar</name><description>Fonte: DER-SP · sentido 107° (leste)</description><Point><coordinates>-48.221847,-20.995880,0</coordinates></Point></Placemark>
<Placemark><name>Radar</name><description>Fonte: DER-SP · sentido 107° (leste)</description><Point><coordinates>-48.222180,-20.995770,0</coordinates></Point></Placemark>
<Placemark><name>Radar 110 km/h</name><description>Fonte: OSM</description><Point><coordinates>-49.202725,-20.992912,0</coordinates></Point></Placemark>
<Placemark><name>Radar</name><description>Fonte: DER-SP · sentido 312° (noroeste)</description><Point><coordinates>-49.202714,-20.992911,0</coordinates></Point></Placemark>
<Placemark><name>Radar</name><description>Fonte: DER-SP · sentido 124° (sudeste)</description><Point><coordinates>-51.213400,-20.991400,0</coordinates></Point></Placemark>
<Placemark><name>Radar 80 km/h</name><description>Fonte: OSM</description><Point><coordinates>-49.555233,-20.955987,0</coordinates></Point></Placemark>
<Placemark><name>Radar</name><description>Fonte: DER-SP · sentido 23° (nordeste)</description><Point><coordinates>-47.633985,-20.944447,0</coordinates></Point></Placemark>
<Placemark><name>Radar</name><description>Fonte: DER-SP · sentido 202° (sul)</description><Point><coordinates>-47.634299,-20.944318,0</coordinates></Point></Placemark>
<Placemark><name>Radar</name><description>Fonte: DER-SP · sentido 24° (nordeste)</description><Point><coordinates>-47.633378,-20.943316,0</coordinates></Point></Placemark>
<Placemark><name>Radar</name><description>Fonte: DER-SP · sentido 203° (sudoeste)</description><Point><coordinates>-47.633701,-20.942803,0</coordinates></Point></Placemark>
<Placemark><name>Radar</name><description>Fonte: OSM</description><Point><coordinates>-49.265560,-20.938603,0</coordinates></Point></Placemark>
<Placemark><name>Radar</name><description>Fonte: DER-SP</description><Point><coordinates>-48.538729,-20.920649,0</coordinates></Point></Placemark>
<Placemark><name>Radar</name><description>Fonte: DER-SP · sentido 343° (norte)</description><Point><coordinates>-48.456800,-20.918500,0</coordinates></Point></Placemark>
<Placemark><name>Radar 110 km/h</name><description>Fonte: OSM</description><Point><coordinates>-49.286568,-20.914790,0</coordinates></Point></Placemark>
<Placemark><name>Radar</name><description>Fonte: DER-SP · sentido 320° (noroeste)</description><Point><coordinates>-49.286622,-20.914686,0</coordinates></Point></Placemark>
<Placemark><name>Radar</name><description>Fonte: DER-SP · sentido 163° (sul)</description><Point><coordinates>-48.459900,-20.910200,0</coordinates></Point></Placemark>
<Placemark><name>Radar</name><description>Fonte: DER-SP</description><Point><coordinates>-47.593168,-20.909261,0</coordinates></Point></Placemark>
<Placemark><name>Radar</name><description>Fonte: DER-SP · sentido 320° (noroeste)</description><Point><coordinates>-49.302089,-20.897318,0</coordinates></Point></Placemark>
<Placemark><name>Radar</name><description>Fonte: DER-SP · sentido 140° (sudeste)</description><Point><coordinates>-49.302517,-20.897197,0</coordinates></Point></Placemark>
<Placemark><name>Radar 110 km/h</name><description>Fonte: OSM</description><Point><coordinates>-49.302444,-20.896977,0</coordinates></Point></Placemark>
<Placemark><name>Radar 110 km/h</name><description>Fonte: OSM</description><Point><coordinates>-49.302766,-20.896974,0</coordinates></Point></Placemark>
<Placemark><name>Radar</name><description>Fonte: DER-SP</description><Point><coordinates>-47.636872,-20.894985,0</coordinates></Point></Placemark>
<Placemark><name>Radar</name><description>Fonte: DER-SP</description><Point><coordinates>-48.641350,-20.890158,0</coordinates></Point></Placemark>
<Placemark><name>Radar</name><description>Fonte: DER-SP · sentido 119° (sudeste)</description><Point><coordinates>-51.366550,-20.884850,0</coordinates></Point></Placemark>
<Placemark><name>Radar 110 km/h</name><description>Fonte: OSM</description><Point><coordinates>-51.366458,-20.884787,0</coordinates></Point></Placemark>
<Placemark><name>Radar</name><description>Fonte: DER-SP</description><Point><coordinates>-48.665605,-20.883781,0</coordinates></Point></Placemark>
<Placemark><name>Radar 60 km/h</name><description>Fonte: OSM</description><Point><coordinates>-49.315292,-20.858785,0</coordinates></Point></Placemark>
<Placemark><name>Radar 60 km/h</name><description>Fonte: OSM</description><Point><coordinates>-49.413327,-20.852362,0</coordinates></Point></Placemark>
<Placemark><name>Radar</name><description>Fonte: DER-SP · sentido 4° (norte)</description><Point><coordinates>-47.895337,-20.851001,0</coordinates></Point></Placemark>
<Placemark><name>Radar</name><description>Fonte: DER-SP · sentido 185° (sul)</description><Point><coordinates>-47.895737,-20.850805,0</coordinates></Point></Placemark>
<Placemark><name>Radar 60 km/h</name><description>Fonte: OSM</description><Point><coordinates>-49.412371,-20.849555,0</coordinates></Point></Placemark>
<Placemark><name>Radar 80 km/h</name><description>Fonte: OSM</description><Point><coordinates>-49.375337,-20.847828,0</coordinates></Point></Placemark>
<Placemark><name>Radar 60 km/h</name><description>Fonte: OSM</description><Point><coordinates>-49.411732,-20.846779,0</coordinates></Point></Placemark>
<Placemark><name>Radar 60 km/h</name><description>Fonte: OSM</description><Point><coordinates>-49.397582,-20.844489,0</coordinates></Point></Placemark>
<Placemark><name>Radar 60 km/h</name><description>Fonte: OSM</description><Point><coordinates>-49.387063,-20.844474,0</coordinates></Point></Placemark>
<Placemark><name>Radar 60 km/h</name><description>Fonte: OSM</description><Point><coordinates>-49.396820,-20.844058,0</coordinates></Point></Placemark>
<Placemark><name>Radar 60 km/h</name><description>Fonte: OSM</description><Point><coordinates>-49.386271,-20.844006,0</coordinates></Point></Placemark>
<Placemark><name>Radar 60 km/h</name><description>Fonte: OSM</description><Point><coordinates>-49.412282,-20.843779,0</coordinates></Point></Placemark>
<Placemark><name>Radar 60 km/h</name><description>Fonte: OSM</description><Point><coordinates>-49.409502,-20.843312,0</coordinates></Point></Placemark>
<Placemark><name>Radar 60 km/h</name><description>Fonte: OSM</description><Point><coordinates>-49.407759,-20.843269,0</coordinates></Point></Placemark>
<Placemark><name>Radar 90 km/h</name><description>Fonte: OSM</description><Point><coordinates>-49.350379,-20.843230,0</coordinates></Point></Placemark>
<Placemark><name>Radar</name><description>Fonte: OSM</description><Point><coordinates>-49.410953,-20.843086,0</coordinates></Point></Placemark>
<Placemark><name>Radar</name><description>Fonte: DER-SP · sentido 319° (noroeste)</description><Point><coordinates>-49.350519,-20.843019,0</coordinates></Point></Placemark>
<Placemark><name>Radar 60 km/h</name><description>Fonte: OSM</description><Point><coordinates>-49.371105,-20.836796,0</coordinates></Point></Placemark>
<Placemark><name>Radar 40 km/h</name><description>Fonte: OSM</description><Point><coordinates>-49.406228,-20.833000,0</coordinates></Point></Placemark>
<Placemark><name>Radar 50 km/h</name><description>Fonte: OSM</description><Point><coordinates>-49.351299,-20.828856,0</coordinates></Point></Placemark>
<Placemark><name>Radar 40 km/h</name><description>Fonte: OSM</description><Point><coordinates>-49.396357,-20.828293,0</coordinates></Point></Placemark>
<Placemark><name>Radar 40 km/h</name><description>Fonte: OSM</description><Point><coordinates>-49.396229,-20.827930,0</coordinates></Point></Placemark>
<Placemark><name>Radar 50 km/h</name><description>Fonte: OSM</description><Point><coordinates>-49.351344,-20.827390,0</coordinates></Point></Placemark>
<Placemark><name>Radar</name><description>Fonte: DER-SP · sentido 126° (sudeste)</description><Point><coordinates>-49.365871,-20.826568,0</coordinates></Point></Placemark>
<Placemark><name>Radar 50 km/h</name><description>Fonte: OSM</description><Point><coordinates>-49.373645,-20.825942,0</coordinates></Point></Placemark>
<Placemark><name>Radar 40 km/h</name><description>Fonte: OSM</description><Point><coordinates>-49.347241,-20.825613,0</coordinates></Point></Placemark>
<Placemark><name>Radar 40 km/h</name><description>Fonte: OSM</description><Point><coordinates>-49.348639,-20.824989,0</coordinates></Point></Placemark>
<Placemark><name>Radar 50 km/h</name><description>Fonte: OSM</description><Point><coordinates>-49.401595,-20.824975,0</coordinates></Point></Placemark>
<Placemark><name>Radar 60 km/h</name><description>Fonte: OSM</description><Point><coordinates>-49.385550,-20.824238,0</coordinates></Point></Placemark>
<Placemark><name>Radar 60 km/h</name><description>Fonte: OSM</description><Point><coordinates>-49.385729,-20.823959,0</coordinates></Point></Placemark>
<Placemark><name>Radar 60 km/h</name><description>Fonte: OSM</description><Point><coordinates>-49.389889,-20.823838,0</coordinates></Point></Placemark>
<Placemark><name>Radar</name><description>Fonte: DER-SP · sentido 271° (oeste)</description><Point><coordinates>-49.376116,-20.823526,0</coordinates></Point></Placemark>
<Placemark><name>Radar 90 km/h</name><description>Fonte: OSM</description><Point><coordinates>-49.376123,-20.823453,0</coordinates></Point></Placemark>
<Placemark><name>Radar</name><description>Fonte: DER-SP · sentido 271° (oeste)</description><Point><coordinates>-49.376060,-20.823387,0</coordinates></Point></Placemark>
<Placemark><name>Radar 60 km/h</name><description>Fonte: OSM</description><Point><coordinates>-49.396451,-20.823026,0</coordinates></Point></Placemark>
<Placemark><name>Radar 60 km/h</name><description>Fonte: OSM</description><Point><coordinates>-49.384900,-20.822893,0</coordinates></Point></Placemark>
<Placemark><name>Radar 60 km/h</name><description>Fonte: OSM</description><Point><coordinates>-49.384321,-20.822253,0</coordinates></Point></Placemark>
<Placemark><name>Radar 50 km/h</name><description>Fonte: OSM</description><Point><coordinates>-49.377941,-20.821812,0</coordinates></Point></Placemark>
<Placemark><name>Radar 90 km/h</name><description>Fonte: OSM</description><Point><coordinates>-49.429650,-20.820803,0</coordinates></Point></Placemark>
<Placemark><name>Radar 60 km/h</name><description>Fonte: OSM</description><Point><coordinates>-49.345356,-20.820604,0</coordinates></Point></Placemark>
<Placemark><name>Radar 60 km/h</name><description>Fonte: OSM</description><Point><coordinates>-49.414929,-20.819744,0</coordinates></Point></Placemark>
<Placemark><name>Radar 60 km/h</name><description>Fonte: OSM</description><Point><coordinates>-49.397760,-20.819666,0</coordinates></Point></Placemark>
<Placemark><name>Radar 60 km/h</name><description>Fonte: OSM</description><Point><coordinates>-49.346431,-20.818535,0</coordinates></Point></Placemark>
<Placemark><name>Radar</name><description>Fonte: OSM</description><Point><coordinates>-49.381934,-20.818181,0</coordinates></Point></Placemark>
<Placemark><name>Radar 90 km/h</name><description>Fonte: OSM</description><Point><coordinates>-49.449619,-20.815804,0</coordinates></Point></Placemark>
<Placemark><name>Radar</name><description>Fonte: DER-SP · sentido 273° (oeste)</description><Point><coordinates>-49.449703,-20.815758,0</coordinates></Point></Placemark>
<Placemark><name>Radar 40 km/h</name><description>Fonte: OSM</description><Point><coordinates>-49.374237,-20.814824,0</coordinates></Point></Placemark>
<Placemark><name>Radar 40 km/h</name><description>Fonte: OSM</description><Point><coordinates>-49.377040,-20.814799,0</coordinates></Point></Placemark>
<Placemark><name>Radar</name><description>Fonte: OSM</description><Point><coordinates>-49.376545,-20.812907,0</coordinates></Point></Placemark>
<Placemark><name>Radar 80 km/h</name><description>Fonte: OSM</description><Point><coordinates>-49.356714,-20.812686,0</coordinates></Point></Placemark>
<Placemark><name>Radar 60 km/h</name><description>Fonte: OSM</description><Point><coordinates>-49.433877,-20.812628,0</coordinates></Point></Placemark>
<Placemark><name>Radar 40 km/h</name><description>Fonte: OSM</description><Point><coordinates>-49.367589,-20.812532,0</coordinates></Point></Placemark>
<Placemark><name>Radar 80 km/h</name><description>Fonte: ANTT · sentido 5° (norte)</description><Point><coordinates>-49.356655,-20.812398,0</coordinates></Point></Placemark>
<Placemark><name>Radar 60 km/h</name><description>Fonte: OSM</description><Point><coordinates>-49.340446,-20.811984,0</coordinates></Point></Placemark>
<Placemark><name>Radar 40 km/h</name><description>Fonte: OSM</description><Point><coordinates>-49.404575,-20.811678,0</coordinates></Point></Placemark>
<Placemark><name>Radar 40 km/h</name><description>Fonte: OSM</description><Point><coordinates>-49.387794,-20.811181,0</coordinates></Point></Placemark>
<Placemark><name>Radar 50 km/h</name><description>Fonte: OSM</description><Point><coordinates>-49.393785,-20.811005,0</coordinates></Point></Placemark>
<Placemark><name>Radar 20 km/h</name><description>Fonte: OSM</description><Point><coordinates>-49.379767,-20.810433,0</coordinates></Point></Placemark>
<Placemark><name>Radar 60 km/h</name><description>Fonte: OSM</description><Point><coordinates>-49.431644,-20.810211,0</coordinates></Point></Placemark>
<Placemark><name>Radar 40 km/h</name><description>Fonte: OSM</description><Point><coordinates>-49.374730,-20.808980,0</coordinates></Point></Placemark>
<Placemark><name>Radar 50 km/h</name><description>Fonte: OSM</description><Point><coordinates>-49.346840,-20.808330,0</coordinates></Point></Placemark>
<Placemark><name>Radar 50 km/h</name><description>Fonte: OSM</description><Point><coordinates>-49.346130,-20.808328,0</coordinates></Point></Placemark>
<Placemark><name>Radar</name><description>Fonte: DER-SP · sentido 281° (oeste)</description><Point><coordinates>-49.506568,-20.807817,0</coordinates></Point></Placemark>
<Placemark><name>Radar</name><description>Fonte: OSM</description><Point><coordinates>-49.365741,-20.806806,0</coordinates></Point></Placemark>
<Placemark><name>Radar 50 km/h</name><description>Fonte: OSM</description><Point><coordinates>-49.375122,-20.806020,0</coordinates></Point></Placemark>
<Placemark><name>Radar 60 km/h</name><description>Fonte: OSM</description><Point><coordinates>-48.800892,-20.805885,0</coordinates></Point></Placemark>
<Placemark><name>Radar</name><description>Fonte: DER-SP · sentido 329° (noroeste)</description><Point><coordinates>-48.800770,-20.805883,0</coordinates></Point></Placemark>
<Placemark><name>Radar</name><description>Fonte: DER-SP · sentido 149° (sudeste)</description><Point><coordinates>-48.800953,-20.805876,0</coordinates></Point></Placemark>
<Placemark><name>Radar 60 km/h</name><description>Fonte: OSM</description><Point><coordinates>-48.800792,-20.805839,0</coordinates></Point></Placemark>
<Placemark><name>Radar 60 km/h</name><description>Fonte: OSM</description><Point><coordinates>-49.343782,-20.805387,0</coordinates></Point></Placemark>
<Placemark><name>Radar 50 km/h</name><description>Fonte: OSM</description><Point><coordinates>-49.403917,-20.804899,0</coordinates></Point></Placemark>
<Placemark><name>Radar 40 km/h</name><description>Fonte: OSM</description><Point><coordinates>-49.376520,-20.804268,0</coordinates></Point></Placemark>
<Placemark><name>Radar</name><description>Fonte: DER-SP · sentido 126° (sudeste)</description><Point><coordinates>-51.555300,-20.803700,0</coordinates></Point></Placemark>
<Placemark><name>Radar</name><description>Fonte: DER-SP</description><Point><coordinates>-49.546792,-20.802763,0</coordinates></Point></Placemark>
<Placemark><name>Radar 80 km/h</name><description>Fonte: OSM</description><Point><coordinates>-49.546697,-20.802658,0</coordinates></Point></Placemark>
<Placemark><name>Radar 80 km/h</name><description>Fonte: OSM</description><Point><coordinates>-49.546726,-20.802649,0</coordinates></Point></Placemark>
<Placemark><name>Radar 60 km/h</name><description>Fonte: OSM</description><Point><coordinates>-49.429596,-20.802620,0</coordinates></Point></Placemark>
<Placemark><name>Radar 50 km/h</name><description>Fonte: OSM</description><Point><coordinates>-49.372448,-20.802255,0</coordinates></Point></Placemark>
<Placemark><name>Radar 80 km/h</name><description>Fonte: OSM</description><Point><coordinates>-49.350339,-20.801987,0</coordinates></Point></Placemark>
<Placemark><name>Radar</name><description>Fonte: DER-SP</description><Point><coordinates>-49.349801,-20.801833,0</coordinates></Point></Placemark>
<Placemark><name>Radar 80 km/h</name><description>Fonte: OSM</description><Point><coordinates>-49.349812,-20.801757,0</coordinates></Point></Placemark>
<Placemark><name>Radar 50 km/h</name><description>Fonte: OSM</description><Point><coordinates>-49.409467,-20.799799,0</coordinates></Point></Placemark>
<Placemark><name>Radar 60 km/h</name><description>Fonte: OSM</description><Point><coordinates>-49.377816,-20.799712,0</coordinates></Point></Placemark>
<Placemark><name>Radar 50 km/h</name><description>Fonte: OSM</description><Point><coordinates>-49.394269,-20.798499,0</coordinates></Point></Placemark>
<Placemark><name>Radar 80 km/h</name><description>Fonte: ANTT · sentido 186° (sul)</description><Point><coordinates>-49.355186,-20.797253,0</coordinates></Point></Placemark>
<Placemark><name>Radar 110 km/h</name><description>Fonte: OSM</description><Point><coordinates>-51.570417,-20.793381,0</coordinates></Point></Placemark>
<Placemark><name>Radar 110 km/h</name><description>Fonte: OSM</description><Point><coordinates>-51.570284,-20.793252,0</coordinates></Point></Placemark>
<Placemark><name>Radar 40 km/h</name><description>Fonte: OSM</description><Point><coordinates>-49.351005,-20.791838,0</coordinates></Point></Placemark>
<Placemark><name>Radar 60 km/h</name><description>Fonte: OSM</description><Point><coordinates>-49.376182,-20.791074,0</coordinates></Point></Placemark>
<Placemark><name>Radar 60 km/h</name><description>Fonte: OSM</description><Point><coordinates>-49.387525,-20.787884,0</coordinates></Point></Placemark>
<Placemark><name>Radar 40 km/h</name><description>Fonte: OSM</description><Point><coordinates>-49.390593,-20.786786,0</coordinates></Point></Placemark>
<Placemark><name>Radar 60 km/h</name><description>Fonte: OSM</description><Point><coordinates>-49.385259,-20.785959,0</coordinates></Point></Placemark>
<Placemark><name>Radar 40 km/h</name><description>Fonte: OSM</description><Point><coordinates>-49.368584,-20.783151,0</coordinates></Point></Placemark>
<Placemark><name>Radar 40 km/h</name><description>Fonte: OSM</description><Point><coordinates>-49.343177,-20.782097,0</coordinates></Point></Placemark>
<Placemark><name>Radar 40 km/h</name><description>Fonte: OSM</description><Point><coordinates>-49.342765,-20.781759,0</coordinates></Point></Placemark>
<Placemark><name>Radar 40 km/h</name><description>Fonte: OSM</description><Point><coordinates>-49.402911,-20.778663,0</coordinates></Point></Placemark>
<Placemark><name>Radar 60 km/h</name><description>Fonte: OSM</description><Point><coordinates>-49.344375,-20.778151,0</coordinates></Point></Placemark>
<Placemark><name>Radar 50 km/h</name><description>Fonte: OSM</description><Point><coordinates>-49.345647,-20.777449,0</coordinates></Point></Placemark>
<Placemark><name>Radar</name><description>Fonte: DER-SP</description><Point><coordinates>-49.724224,-20.776836,0</coordinates></Point></Placemark>
<Placemark><name>Radar 60 km/h</name><description>Fonte: OSM</description><Point><coordinates>-49.399341,-20.776812,0</coordinates></Point></Placemark>
<Placemark><name>Radar 60 km/h</name><description>Fonte: OSM</description><Point><coordinates>-49.399568,-20.776466,0</coordinates></Point></Placemark>
<Placemark><name>Radar 40 km/h</name><description>Fonte: OSM</description><Point><coordinates>-49.411743,-20.775301,0</coordinates></Point></Placemark>
<Placemark><name>Radar 60 km/h</name><description>Fonte: OSM</description><Point><coordinates>-49.397415,-20.774931,0</coordinates></Point></Placemark>
<Placemark><name>Radar 50 km/h</name><description>Fonte: OSM</description><Point><coordinates>-49.385413,-20.774764,0</coordinates></Point></Placemark>
<Placemark><name>Radar 50 km/h</name><description>Fonte: OSM</description><Point><coordinates>-49.350927,-20.773300,0</coordinates></Point></Placemark>
<Placemark><name>Radar 40 km/h</name><description>Fonte: OSM</description><Point><coordinates>-49.352072,-20.771431,0</coordinates></Point></Placemark>
<Placemark><name>Radar</name><description>Fonte: DER-SP</description><Point><coordinates>-49.215190,-20.770482,0</coordinates></Point></Placemark>
<Placemark><name>Radar 60 km/h</name><description>Fonte: OSM</description><Point><coordinates>-49.360120,-20.770363,0</coordinates></Point></Placemark>
<Placemark><name>Radar 60 km/h</name><description>Fonte: OSM</description><Point><coordinates>-49.359811,-20.769940,0</coordinates></Point></Placemark>
<Placemark><name>Radar 40 km/h</name><description>Fonte: OSM</description><Point><coordinates>-49.330635,-20.768609,0</coordinates></Point></Placemark>
<Placemark><name>Radar 60 km/h</name><description>Fonte: OSM</description><Point><coordinates>-49.355072,-20.768134,0</coordinates></Point></Placemark>
<Placemark><name>Radar</name><description>Fonte: OSM</description><Point><coordinates>-49.378475,-20.764327,0</coordinates></Point></Placemark>
<Placemark><name>Radar 40 km/h</name><description>Fonte: OSM</description><Point><coordinates>-49.362339,-20.763888,0</coordinates></Point></Placemark>
<Placemark><name>Radar 40 km/h</name><description>Fonte: OSM</description><Point><coordinates>-49.362953,-20.763862,0</coordinates></Point></Placemark>
<Placemark><name>Radar</name><description>Fonte: OSM</description><Point><coordinates>-49.377055,-20.763180,0</coordinates></Point></Placemark>
<Placemark><name>Radar</name><description>Fonte: DER-SP</description><Point><coordinates>-47.820592,-20.762547,0</coordinates></Point></Placemark>
<Placemark><name>Radar</name><description>Fonte: DER-SP</description><Point><coordinates>-49.694992,-20.761775,0</coordinates></Point></Placemark>
<Placemark><name>Radar 80 km/h</name><description>Fonte: OSM</description><Point><coordinates>-49.694662,-20.761738,0</coordinates></Point></Placemark>
<Placemark><name>Radar 80 km/h</name><description>Fonte: OSM</description><Point><coordinates>-49.694819,-20.761687,0</coordinates></Point></Placemark>
<Placemark><name>Radar</name><description>Fonte: DER-SP · sentido 176° (sul)</description><Point><coordinates>-47.892802,-20.753993,0</coordinates></Point></Placemark>
<Placemark><name>Radar</name><description>Fonte: DER-SP · sentido 176° (sul)</description><Point><coordinates>-47.892680,-20.753230,0</coordinates></Point></Placemark>
<Placemark><name>Radar</name><description>Fonte: DER-SP</description><Point><coordinates>-49.138683,-20.751353,0</coordinates></Point></Placemark>
<Placemark><name>Radar 40 km/h</name><description>Fonte: OSM</description><Point><coordinates>-47.743241,-20.742390,0</coordinates></Point></Placemark>
<Placemark><name>Radar</name><description>Fonte: DER-SP</description><Point><coordinates>-49.098912,-20.741496,0</coordinates></Point></Placemark>
<Placemark><name>Radar</name><description>Fonte: DER-SP · sentido 144° (sudeste)</description><Point><coordinates>-49.572439,-20.739202,0</coordinates></Point></Placemark>
<Placemark><name>Radar</name><description>Fonte: DER-SP</description><Point><coordinates>-49.698997,-20.736728,0</coordinates></Point></Placemark>
<Placemark><name>Radar</name><description>Fonte: DER-SP · sentido 359° (norte)</description><Point><coordinates>-47.894016,-20.734997,0</coordinates></Point></Placemark>
<Placemark><name>Radar</name><description>Fonte: DER-SP</description><Point><coordinates>-48.648525,-20.732962,0</coordinates></Point></Placemark>
<Placemark><name>Radar</name><description>Fonte: DER-SP</description><Point><coordinates>-48.027524,-20.725459,0</coordinates></Point></Placemark>
<Placemark><name>Radar</name><description>Fonte: DER-SP</description><Point><coordinates>-49.026352,-20.723701,0</coordinates></Point></Placemark>
<Placemark><name>Radar</name><description>Fonte: DER-SP · sentido 183° (sul)</description><Point><coordinates>-47.893436,-20.722583,0</coordinates></Point></Placemark>
<Placemark><name>Radar</name><description>Fonte: DER-SP</description><Point><coordinates>-48.997333,-20.715961,0</coordinates></Point></Placemark>
<Placemark><name>Radar</name><description>Fonte: DER-SP</description><Point><coordinates>-48.054936,-20.715581,0</coordinates></Point></Placemark>
<Placemark><name>Radar</name><description>Fonte: DER-SP · sentido 20° (norte)</description><Point><coordinates>-47.506089,-20.714276,0</coordinates></Point></Placemark>
<Placemark><name>Radar</name><description>Fonte: DER-SP · sentido 198° (sul)</description><Point><coordinates>-47.506272,-20.714195,0</coordinates></Point></Placemark>
<Placemark><name>Radar</name><description>Fonte: DER-SP</description><Point><coordinates>-47.506264,-20.714001,0</coordinates></Point></Placemark>
<Placemark><name>Radar</name><description>Fonte: DER-SP</description><Point><coordinates>-48.518253,-20.704794,0</coordinates></Point></Placemark>
<Placemark><name>Radar</name><description>Fonte: DER-SP</description><Point><coordinates>-48.941410,-20.701674,0</coordinates></Point></Placemark>
<Placemark><name>Radar</name><description>Fonte: DER-SP · sentido 166° (sul)</description><Point><coordinates>-47.891670,-20.697900,0</coordinates></Point></Placemark>
<Placemark><name>Radar</name><description>Fonte: DER-SP</description><Point><coordinates>-50.047754,-20.695699,0</coordinates></Point></Placemark>
<Placemark><name>Radar</name><description>Fonte: DER-SP · sentido 193° (sul)</description><Point><coordinates>-47.889758,-20.693821,0</coordinates></Point></Placemark>
<Placemark><name>Radar 40 km/h</name><description>Fonte: OSM</description><Point><coordinates>-48.536219,-20.690179,0</coordinates></Point></Placemark>
<Placemark><name>Radar</name><description>Fonte: DER-SP</description><Point><coordinates>-48.536622,-20.688645,0</coordinates></Point></Placemark>
<Placemark><name>Radar 40 km/h</name><description>Fonte: OSM</description><Point><coordinates>-48.537397,-20.687583,0</coordinates></Point></Placemark>
<Placemark><name>Radar</name><description>Fonte: DER-SP · sentido 351° (norte)</description><Point><coordinates>-50.548494,-20.681870,0</coordinates></Point></Placemark>
<Placemark><name>Radar</name><description>Fonte: DER-SP</description><Point><coordinates>-51.444954,-20.649192,0</coordinates></Point></Placemark>
<Placemark><name>Radar</name><description>Fonte: DER-SP</description><Point><coordinates>-49.657249,-20.631270,0</coordinates></Point></Placemark>
<Placemark><name>Radar</name><description>Fonte: DER-SP</description><Point><coordinates>-48.800095,-20.630221,0</coordinates></Point></Placemark>
<Placemark><name>Radar</name><description>Fonte: DER-SP</description><Point><coordinates>-47.177370,-20.621175,0</coordinates></Point></Placemark>
<Placemark><name>Radar</name><description>Fonte: DER-SP · sentido 273° (oeste)</description><Point><coordinates>-47.280532,-20.620335,0</coordinates></Point></Placemark>
<Placemark><name>Radar 100 km/h</name><description>Fonte: OSM</description><Point><coordinates>-47.281306,-20.620308,0</coordinates></Point></Placemark>
<Placemark><name>Radar</name><description>Fonte: DER-SP · sentido 270° (oeste)</description><Point><coordinates>-47.280771,-20.620219,0</coordinates></Point></Placemark>
<Placemark><name>Radar</name><description>Fonte: DER-SP · sentido 338° (norte)</description><Point><coordinates>-49.668198,-20.616365,0</coordinates></Point></Placemark>
<Placemark><name>Radar</name><description>Fonte: DER-SP</description><Point><coordinates>-48.760020,-20.615734,0</coordinates></Point></Placemark>
<Placemark><name>Radar</name><description>Fonte: DER-SP · sentido 155° (sudeste)</description><Point><coordinates>-49.669098,-20.614543,0</coordinates></Point></Placemark>
<Placemark><name>Radar</name><description>Fonte: DER-SP · sentido 8° (norte)</description><Point><coordinates>-47.883230,-20.600900,0</coordinates></Point></Placemark>
<Placemark><name>Radar 110 km/h</name><description>Fonte: OSM</description><Point><coordinates>-47.883269,-20.600720,0</coordinates></Point></Placemark>
<Placemark><name>Radar</name><description>Fonte: DER-SP · sentido 8° (norte)</description><Point><coordinates>-47.883253,-20.600643,0</coordinates></Point></Placemark>
<Placemark><name>Radar</name><description>Fonte: DER-SP</description><Point><coordinates>-48.962612,-20.583997,0</coordinates></Point></Placemark>
<Placemark><name>Radar 110 km/h</name><description>Fonte: OSM</description><Point><coordinates>-47.427574,-20.579834,0</coordinates></Point></Placemark>
<Placemark><name>Radar 110 km/h</name><description>Fonte: OSM</description><Point><coordinates>-47.427671,-20.579755,0</coordinates></Point></Placemark>
<Placemark><name>Radar</name><description>Fonte: DER-SP</description><Point><coordinates>-51.131599,-20.577700,0</coordinates></Point></Placemark>
<Placemark><name>Radar</name><description>Fonte: OSM</description><Point><coordinates>-47.380113,-20.572374,0</coordinates></Point></Placemark>
<Placemark><name>Radar</name><description>Fonte: DER-SP · sentido 279° (oeste)</description><Point><coordinates>-47.381024,-20.572252,0</coordinates></Point></Placemark>
<Placemark><name>Radar</name><description>Fonte: DER-SP · sentido 279° (oeste)</description><Point><coordinates>-47.380939,-20.572241,0</coordinates></Point></Placemark>
<Placemark><name>Radar</name><description>Fonte: OSM</description><Point><coordinates>-47.403091,-20.568683,0</coordinates></Point></Placemark>
<Placemark><name>Radar</name><description>Fonte: DER-SP · sentido 285° (oeste)</description><Point><coordinates>-47.403659,-20.568589,0</coordinates></Point></Placemark>
<Placemark><name>Radar</name><description>Fonte: DER-SP · sentido 287° (oeste)</description><Point><coordinates>-47.404080,-20.568486,0</coordinates></Point></Placemark>
<Placemark><name>Radar</name><description>Fonte: OSM</description><Point><coordinates>-47.418366,-20.563870,0</coordinates></Point></Placemark>
<Placemark><name>Radar</name><description>Fonte: DER-SP</description><Point><coordinates>-47.615390,-20.561670,0</coordinates></Point></Placemark>
<Placemark><name>Radar</name><description>Fonte: DER-SP · sentido 25° (nordeste)</description><Point><coordinates>-47.863517,-20.557530,0</coordinates></Point></Placemark>
<Placemark><name>Radar</name><description>Fonte: DER-SP · sentido 25° (nordeste)</description><Point><coordinates>-47.863510,-20.557440,0</coordinates></Point></Placemark>
<Placemark><name>Radar 40 km/h</name><description>Fonte: OSM</description><Point><coordinates>-48.582129,-20.553885,0</coordinates></Point></Placemark>
<Placemark><name>Radar 40 km/h</name><description>Fonte: OSM</description><Point><coordinates>-48.582217,-20.553829,0</coordinates></Point></Placemark>
<Placemark><name>Radar</name><description>Fonte: DER-SP · sentido 142° (sudeste)</description><Point><coordinates>-47.413947,-20.548997,0</coordinates></Point></Placemark>
<Placemark><name>Radar</name><description>Fonte: DER-SP · sentido 142° (sudeste)</description><Point><coordinates>-47.414008,-20.548940,0</coordinates></Point></Placemark>
<Placemark><name>Radar</name><description>Fonte: DER-SP</description><Point><coordinates>-48.630174,-20.548818,0</coordinates></Point></Placemark>
<Placemark><name>Radar</name><description>Fonte: DER-SP · sentido 240° (sudoeste)</description><Point><coordinates>-48.624752,-20.545719,0</coordinates></Point></Placemark>
<Placemark><name>Radar 60 km/h</name><description>Fonte: ANTT · sentido 358° (norte)</description><Point><coordinates>-49.330419,-20.542967,0</coordinates></Point></Placemark>
<Placemark><name>Radar</name><description>Fonte: OSM</description><Point><coordinates>-49.330451,-20.542762,0</coordinates></Point></Placemark>
<Placemark><name>Radar 60 km/h</name><description>Fonte: OSM</description><Point><coordinates>-49.330461,-20.542604,0</coordinates></Point></Placemark>
<Placemark><name>Radar</name><description>Fonte: DER-SP · sentido 322° (noroeste)</description><Point><coordinates>-47.421168,-20.539969,0</coordinates></Point></Placemark>
<Placemark><name>Radar</name><description>Fonte: DER-SP · sentido 215° (sudoeste)</description><Point><coordinates>-47.841951,-20.526207,0</coordinates></Point></Placemark>
<Placemark><name>Radar</name><description>Fonte: DER-SP · sentido 213° (sudoeste)</description><Point><coordinates>-47.841780,-20.525970,0</coordinates></Point></Placemark>
<Placemark><name>Radar</name><description>Fonte: DER-SP · sentido 25° (nordeste)</description><Point><coordinates>-47.839440,-20.522560,0</coordinates></Point></Placemark>
<Placemark><name>Radar</name><description>Fonte: DER-SP · sentido 25° (nordeste)</description><Point><coordinates>-47.839588,-20.522513,0</coordinates></Point></Placemark>
<Placemark><name>Radar</name><description>Fonte: DER-SP · sentido 206° (sudoeste)</description><Point><coordinates>-47.417258,-20.518276,0</coordinates></Point></Placemark>
<Placemark><name>Radar</name><description>Fonte: DER-SP · sentido 198° (sul)</description><Point><coordinates>-47.836583,-20.515423,0</coordinates></Point></Placemark>
<Placemark><name>Radar</name><description>Fonte: OSM</description><Point><coordinates>-49.311577,-20.492280,0</coordinates></Point></Placemark>
<Placemark><name>Radar</name><description>Fonte: DER-SP</description><Point><coordinates>-47.991591,-20.492060,0</coordinates></Point></Placemark>
<Placemark><name>Radar</name><description>Fonte: DER-SP · sentido 305° (noroeste)</description><Point><coordinates>-49.793971,-20.490405,0</coordinates></Point></Placemark>
<Placemark><name>Radar</name><description>Fonte: OSM</description><Point><coordinates>-49.309064,-20.489897,0</coordinates></Point></Placemark>
<Placemark><name>Radar</name><description>Fonte: DER-SP · sentido 166° (sul)</description><Point><coordinates>-47.415058,-20.463368,0</coordinates></Point></Placemark>
<Placemark><name>Radar</name><description>Fonte: DER-SP · sentido 346° (norte)</description><Point><coordinates>-47.415120,-20.462592,0</coordinates></Point></Placemark>
<Placemark><name>Radar</name><description>Fonte: DER-SP</description><Point><coordinates>-48.451476,-20.447905,0</coordinates></Point></Placemark>
<Placemark><name>Radar</name><description>Fonte: DER-SP</description><Point><coordinates>-48.219607,-20.445785,0</coordinates></Point></Placemark>
<Placemark><name>Radar</name><description>Fonte: DER-SP · sentido 347° (norte)</description><Point><coordinates>-47.421734,-20.437003,0</coordinates></Point></Placemark>
<Placemark><name>Radar</name><description>Fonte: DER-SP</description><Point><coordinates>-49.108134,-20.425383,0</coordinates></Point></Placemark>
<Placemark><name>Radar</name><description>Fonte: DER-SP</description><Point><coordinates>-49.948817,-20.421998,0</coordinates></Point></Placemark>
<Placemark><name>Radar</name><description>Fonte: DER-SP</description><Point><coordinates>-49.994771,-20.414773,0</coordinates></Point></Placemark>
<Placemark><name>Radar 50 km/h</name><description>Fonte: OSM</description><Point><coordinates>-49.976904,-20.407818,0</coordinates></Point></Placemark>
<Placemark><name>Radar 50 km/h</name><description>Fonte: OSM</description><Point><coordinates>-49.977415,-20.405423,0</coordinates></Point></Placemark>
<Placemark><name>Radar 50 km/h</name><description>Fonte: OSM</description><Point><coordinates>-49.977483,-20.404014,0</coordinates></Point></Placemark>
<Placemark><name>Radar</name><description>Fonte: DER-SP</description><Point><coordinates>-49.995145,-20.399063,0</coordinates></Point></Placemark>
<Placemark><name>Radar</name><description>Fonte: DER-SP</description><Point><coordinates>-49.443245,-20.392214,0</coordinates></Point></Placemark>
<Placemark><name>Radar 40 km/h</name><description>Fonte: OSM</description><Point><coordinates>-47.813317,-20.380800,0</coordinates></Point></Placemark>
<Placemark><name>Radar</name><description>Fonte: DER-SP</description><Point><coordinates>-47.444650,-20.380757,0</coordinates></Point></Placemark>
<Placemark><name>Radar</name><description>Fonte: DER-SP · sentido 3° (norte)</description><Point><coordinates>-47.813370,-20.380286,0</coordinates></Point></Placemark>
<Placemark><name>Radar</name><description>Fonte: DER-SP · sentido 177° (sul)</description><Point><coordinates>-47.813895,-20.379655,0</coordinates></Point></Placemark>
<Placemark><name>Radar 40 km/h</name><description>Fonte: OSM</description><Point><coordinates>-47.813763,-20.379584,0</coordinates></Point></Placemark>
<Placemark><name>Radar</name><description>Fonte: DER-SP</description><Point><coordinates>-48.300041,-20.335019,0</coordinates></Point></Placemark>
<Placemark><name>Radar</name><description>Fonte: DER-SP</description><Point><coordinates>-47.413970,-20.310712,0</coordinates></Point></Placemark>
<Placemark><name>Radar</name><description>Fonte: DER-SP</description><Point><coordinates>-49.731255,-20.307444,0</coordinates></Point></Placemark>
<Placemark><name>Radar</name><description>Fonte: DER-SP</description><Point><coordinates>-50.503767,-20.304811,0</coordinates></Point></Placemark>
<Placemark><name>Radar</name><description>Fonte: DER-SP</description><Point><coordinates>-48.665559,-20.303377,0</coordinates></Point></Placemark>
<Placemark><name>Radar</name><description>Fonte: DER-SP · sentido 5° (norte)</description><Point><coordinates>-47.797524,-20.287095,0</coordinates></Point></Placemark>
<Placemark><name>Radar 110 km/h</name><description>Fonte: OSM</description><Point><coordinates>-47.797471,-20.286948,0</coordinates></Point></Placemark>
<Placemark><name>Radar</name><description>Fonte: DER-SP · sentido 176° (sul)</description><Point><coordinates>-47.797630,-20.276450,0</coordinates></Point></Placemark>
<Placemark><name>Radar 110 km/h</name><description>Fonte: OSM</description><Point><coordinates>-47.797708,-20.276171,0</coordinates></Point></Placemark>
<Placemark><name>Radar 50 km/h</name><description>Fonte: OSM</description><Point><coordinates>-50.241630,-20.275090,0</coordinates></Point></Placemark>
<Placemark><name>Radar</name><description>Fonte: DER-SP</description><Point><coordinates>-50.245100,-20.272807,0</coordinates></Point></Placemark>
<Placemark><name>Radar</name><description>Fonte: DER-SP</description><Point><coordinates>-50.492024,-20.272565,0</coordinates></Point></Placemark>
<Placemark><name>Radar</name><description>Fonte: DER-SP · sentido 92° (leste)</description><Point><coordinates>-50.291002,-20.271522,0</coordinates></Point></Placemark>
<Placemark><name>Radar</name><description>Fonte: DER-SP</description><Point><coordinates>-50.264394,-20.271319,0</coordinates></Point></Placemark>
<Placemark><name>Radar</name><description>Fonte: DER-SP</description><Point><coordinates>-50.529391,-20.264933,0</coordinates></Point></Placemark>
<Placemark><name>Radar</name><description>Fonte: DER-SP</description><Point><coordinates>-48.677017,-20.250056,0</coordinates></Point></Placemark>
<Placemark><name>Radar</name><description>Fonte: DER-SP</description><Point><coordinates>-48.122842,-20.239539,0</coordinates></Point></Placemark>
<Placemark><name>Radar 60 km/h</name><description>Fonte: OSM</description><Point><coordinates>-48.122646,-20.239501,0</coordinates></Point></Placemark>
<Placemark><name>Radar</name><description>Fonte: DER-SP</description><Point><coordinates>-47.468475,-20.220904,0</coordinates></Point></Placemark>
<Placemark><name>Radar</name><description>Fonte: DER-SP</description><Point><coordinates>-50.904539,-20.212759,0</coordinates></Point></Placemark>
<Placemark><name>Radar</name><description>Fonte: DER-SP · sentido 292° (oeste)</description><Point><coordinates>-50.920200,-20.192100,0</coordinates></Point></Placemark>
<Placemark><name>Radar</name><description>Fonte: DER-SP · sentido 103° (leste)</description><Point><coordinates>-50.932378,-20.188910,0</coordinates></Point></Placemark>
<Placemark><name>Radar</name><description>Fonte: DER-SP · sentido 283° (oeste)</description><Point><coordinates>-50.940300,-20.187107,0</coordinates></Point></Placemark>
<Placemark><name>Radar</name><description>Fonte: DER-SP</description><Point><coordinates>-47.995805,-20.184936,0</coordinates></Point></Placemark>
<Placemark><name>Radar</name><description>Fonte: DER-SP</description><Point><coordinates>-47.464523,-20.171802,0</coordinates></Point></Placemark>
<Placemark><name>Radar</name><description>Fonte: DER-SP · sentido 6° (norte)</description><Point><coordinates>-50.949837,-20.170969,0</coordinates></Point></Placemark>
<Placemark><name>Radar</name><description>Fonte: DER-SP</description><Point><coordinates>-48.690262,-20.166665,0</coordinates></Point></Placemark>
<Placemark><name>Radar</name><description>Fonte: DER-SP</description><Point><coordinates>-47.466757,-20.121482,0</coordinates></Point></Placemark>
<Placemark><name>Radar 60 km/h</name><description>Fonte: OSM</description><Point><coordinates>-47.462587,-20.110274,0</coordinates></Point></Placemark>
<Placemark><name>Radar</name><description>Fonte: DER-SP</description><Point><coordinates>-49.908400,-20.102400,0</coordinates></Point></Placemark>
<Placemark><name>Radar</name><description>Fonte: DER-SP</description><Point><coordinates>-49.924222,-20.092793,0</coordinates></Point></Placemark>
<Placemark><name>Radar</name><description>Fonte: DER-SP</description><Point><coordinates>-47.789900,-20.084100,0</coordinates></Point></Placemark>
<Placemark><name>Radar</name><description>Fonte: DER-SP · sentido 173° (sul)</description><Point><coordinates>-47.789002,-20.066078,0</coordinates></Point></Placemark>
<Placemark><name>Radar 110 km/h</name><description>Fonte: OSM</description><Point><coordinates>-47.789023,-20.066041,0</coordinates></Point></Placemark>
<Placemark><name>Radar</name><description>Fonte: DER-SP · sentido 214° (sudoeste)</description><Point><coordinates>-47.786493,-20.054559,0</coordinates></Point></Placemark>
<Placemark><name>Radar</name><description>Fonte: DER-SP · sentido 216° (sudoeste)</description><Point><coordinates>-47.786570,-20.053840,0</coordinates></Point></Placemark>
<Placemark><name>Radar</name><description>Fonte: DER-SP</description><Point><coordinates>-48.234169,-20.040685,0</coordinates></Point></Placemark>
<Placemark><name>Radar 60 km/h</name><description>Fonte: OSM</description><Point><coordinates>-48.235644,-20.030993,0</coordinates></Point></Placemark>
</Folder>
<Folder><name>Radares de trecho</name>
<Placemark><name>Radar de trecho 40 km/h</name><description>Fonte: OSM</description><Point><coordinates>-47.665404,-24.780818,0</coordinates></Point></Placemark>
<Placemark><name>Radar de trecho 40 km/h</name><description>Fonte: OSM</description><Point><coordinates>-47.664017,-24.779798,0</coordinates></Point></Placemark>
<Placemark><name>Radar de trecho 40 km/h</name><description>Fonte: OSM</description><Point><coordinates>-46.506815,-23.787567,0</coordinates></Point></Placemark>
<Placemark><name>Radar de trecho 40 km/h</name><description>Fonte: OSM</description><Point><coordinates>-46.506963,-23.787317,0</coordinates></Point></Placemark>
<Placemark><name>Radar de trecho 40 km/h</name><description>Fonte: OSM</description><Point><coordinates>-46.507891,-23.779458,0</coordinates></Point></Placemark>
<Placemark><name>Radar de trecho 40 km/h</name><description>Fonte: OSM</description><Point><coordinates>-46.508564,-23.779187,0</coordinates></Point></Placemark>
<Placemark><name>Radar de trecho 40 km/h</name><description>Fonte: OSM</description><Point><coordinates>-46.524084,-23.777580,0</coordinates></Point></Placemark>
<Placemark><name>Radar de trecho 40 km/h</name><description>Fonte: OSM</description><Point><coordinates>-46.523686,-23.777511,0</coordinates></Point></Placemark>
<Placemark><name>Radar de trecho 60 km/h</name><description>Fonte: OSM</description><Point><coordinates>-46.530419,-23.774302,0</coordinates></Point></Placemark>
<Placemark><name>Radar de trecho 50 km/h</name><description>Fonte: OSM</description><Point><coordinates>-46.517835,-23.703958,0</coordinates></Point></Placemark>
<Placemark><name>Radar de trecho 30 km/h</name><description>Fonte: OSM</description><Point><coordinates>-46.549321,-23.698933,0</coordinates></Point></Placemark>
<Placemark><name>Radar de trecho 30 km/h</name><description>Fonte: OSM</description><Point><coordinates>-46.549469,-23.698796,0</coordinates></Point></Placemark>
<Placemark><name>Radar de trecho 70 km/h</name><description>Fonte: OSM</description><Point><coordinates>-46.472970,-23.691114,0</coordinates></Point></Placemark>
<Placemark><name>Radar de trecho 60 km/h</name><description>Fonte: OSM</description><Point><coordinates>-46.539329,-23.628993,0</coordinates></Point></Placemark>
<Placemark><name>Radar de trecho 70 km/h</name><description>Fonte: OSM</description><Point><coordinates>-46.598278,-23.626534,0</coordinates></Point></Placemark>
<Placemark><name>Radar de trecho 40 km/h</name><description>Fonte: OSM</description><Point><coordinates>-46.541091,-23.597518,0</coordinates></Point></Placemark>
<Placemark><name>Radar de trecho 40 km/h</name><description>Fonte: OSM</description><Point><coordinates>-46.541361,-23.597272,0</coordinates></Point></Placemark>
<Placemark><name>Radar de trecho 40 km/h</name><description>Fonte: OSM</description><Point><coordinates>-46.617001,-23.579923,0</coordinates></Point></Placemark>
<Placemark><name>Radar de trecho 50 km/h</name><description>Fonte: OSM</description><Point><coordinates>-46.719803,-23.571186,0</coordinates></Point></Placemark>
<Placemark><name>Radar de trecho 40 km/h</name><description>Fonte: OSM</description><Point><coordinates>-46.448139,-23.532754,0</coordinates></Point></Placemark>
<Placemark><name>Radar de trecho 40 km/h</name><description>Fonte: OSM</description><Point><coordinates>-46.448047,-23.532628,0</coordinates></Point></Placemark>
<Placemark><name>Radar de trecho 120 km/h</name><description>Fonte: OSM</description><Point><coordinates>-46.993295,-23.484114,0</coordinates></Point></Placemark>
<Placemark><name>Radar de trecho 40 km/h</name><description>Fonte: OSM</description><Point><coordinates>-46.752091,-23.325879,0</coordinates></Point></Placemark>
<Placemark><name>Radar de trecho 80 km/h</name><description>Fonte: OSM</description><Point><coordinates>-47.812631,-23.071523,0</coordinates></Point></Placemark>
<Placemark><name>Radar de trecho 50 km/h</name><description>Fonte: OSM</description><Point><coordinates>-46.979793,-23.039702,0</coordinates></Point></Placemark>
<Placemark><name>Radar de trecho 40 km/h</name><description>Fonte: OSM</description><Point><coordinates>-47.000422,-23.010549,0</coordinates></Point></Placemark>
<Placemark><name>Radar de trecho 40 km/h</name><description>Fonte: OSM</description><Point><coordinates>-46.996357,-23.009430,0</coordinates></Point></Placemark>
<Placemark><name>Radar de trecho 40 km/h</name><description>Fonte: OSM</description><Point><coordinates>-46.995929,-23.009314,0</coordinates></Point></Placemark>
<Placemark><name>Radar de trecho 60 km/h</name><description>Fonte: OSM</description><Point><coordinates>-46.535761,-22.970522,0</coordinates></Point></Placemark>
<Placemark><name>Radar de trecho 50 km/h</name><description>Fonte: OSM</description><Point><coordinates>-47.064820,-22.969124,0</coordinates></Point></Placemark>
<Placemark><name>Radar de trecho 60 km/h</name><description>Fonte: OSM</description><Point><coordinates>-49.998805,-22.159310,0</coordinates></Point></Placemark>
</Folder>
<Folder><name>Avanço de sinal vermelho</name>
<Placemark><name>Avanço de sinal</name><description>Fonte: OSM</description><Point><coordinates>-46.309004,-23.984042,0</coordinates></Point></Placemark>
<Placemark><name>Avanço de sinal</name><description>Fonte: OSM</description><Point><coordinates>-46.309281,-23.983921,0</coordinates></Point></Placemark>
<Placemark><name>Avanço de sinal</name><description>Fonte: OSM</description><Point><coordinates>-46.555849,-23.723871,0</coordinates></Point></Placemark>
<Placemark><name>Avanço de sinal</name><description>Fonte: OSM</description><Point><coordinates>-46.550229,-23.722885,0</coordinates></Point></Placemark>
<Placemark><name>Avanço de sinal</name><description>Fonte: OSM</description><Point><coordinates>-46.547920,-23.721689,0</coordinates></Point></Placemark>
<Placemark><name>Avanço de sinal</name><description>Fonte: OSM</description><Point><coordinates>-46.552847,-23.712768,0</coordinates></Point></Placemark>
<Placemark><name>Avanço de sinal</name><description>Fonte: OSM</description><Point><coordinates>-46.569377,-23.711464,0</coordinates></Point></Placemark>
<Placemark><name>Avanço de sinal</name><description>Fonte: OSM</description><Point><coordinates>-46.521613,-23.707455,0</coordinates></Point></Placemark>
<Placemark><name>Avanço de sinal 40 km/h</name><description>Fonte: OSM</description><Point><coordinates>-46.521634,-23.707219,0</coordinates></Point></Placemark>
<Placemark><name>Avanço de sinal</name><description>Fonte: OSM</description><Point><coordinates>-46.521649,-23.707087,0</coordinates></Point></Placemark>
<Placemark><name>Avanço de sinal</name><description>Fonte: OSM</description><Point><coordinates>-46.520689,-23.705733,0</coordinates></Point></Placemark>
<Placemark><name>Avanço de sinal</name><description>Fonte: OSM</description><Point><coordinates>-46.558012,-23.705657,0</coordinates></Point></Placemark>
<Placemark><name>Avanço de sinal</name><description>Fonte: OSM</description><Point><coordinates>-46.520438,-23.705619,0</coordinates></Point></Placemark>
<Placemark><name>Avanço de sinal</name><description>Fonte: OSM</description><Point><coordinates>-46.556560,-23.704745,0</coordinates></Point></Placemark>
<Placemark><name>Avanço de sinal</name><description>Fonte: OSM</description><Point><coordinates>-46.555392,-23.704145,0</coordinates></Point></Placemark>
<Placemark><name>Avanço de sinal</name><description>Fonte: OSM</description><Point><coordinates>-46.590345,-23.700292,0</coordinates></Point></Placemark>
<Placemark><name>Avanço de sinal</name><description>Fonte: OSM</description><Point><coordinates>-46.590007,-23.699229,0</coordinates></Point></Placemark>
<Placemark><name>Avanço de sinal</name><description>Fonte: OSM</description><Point><coordinates>-46.577768,-23.697903,0</coordinates></Point></Placemark>
<Placemark><name>Avanço de sinal</name><description>Fonte: OSM</description><Point><coordinates>-46.568239,-23.694336,0</coordinates></Point></Placemark>
<Placemark><name>Avanço de sinal</name><description>Fonte: OSM</description><Point><coordinates>-46.568016,-23.693505,0</coordinates></Point></Placemark>
<Placemark><name>Avanço de sinal</name><description>Fonte: OSM</description><Point><coordinates>-46.547147,-23.684739,0</coordinates></Point></Placemark>
<Placemark><name>Avanço de sinal</name><description>Fonte: OSM</description><Point><coordinates>-46.547192,-23.684453,0</coordinates></Point></Placemark>
<Placemark><name>Avanço de sinal</name><description>Fonte: OSM</description><Point><coordinates>-46.526141,-23.661168,0</coordinates></Point></Placemark>
<Placemark><name>Avanço de sinal</name><description>Fonte: OSM</description><Point><coordinates>-46.650602,-23.598003,0</coordinates></Point></Placemark>
<Placemark><name>Avanço de sinal</name><description>Fonte: OSM</description><Point><coordinates>-46.650351,-23.597773,0</coordinates></Point></Placemark>
<Placemark><name>Avanço de sinal</name><description>Fonte: OSM</description><Point><coordinates>-46.639754,-23.579466,0</coordinates></Point></Placemark>
<Placemark><name>Avanço de sinal</name><description>Fonte: OSM</description><Point><coordinates>-46.605109,-23.549563,0</coordinates></Point></Placemark>
<Placemark><name>Avanço de sinal</name><description>Fonte: OSM</description><Point><coordinates>-46.602461,-23.547898,0</coordinates></Point></Placemark>
<Placemark><name>Avanço de sinal</name><description>Fonte: OSM</description><Point><coordinates>-46.602544,-23.547808,0</coordinates></Point></Placemark>
<Placemark><name>Avanço de sinal</name><description>Fonte: OSM</description><Point><coordinates>-46.628193,-23.541702,0</coordinates></Point></Placemark>
<Placemark><name>Avanço de sinal</name><description>Fonte: OSM</description><Point><coordinates>-46.629324,-23.540387,0</coordinates></Point></Placemark>
<Placemark><name>Avanço de sinal</name><description>Fonte: OSM</description><Point><coordinates>-46.625071,-23.534541,0</coordinates></Point></Placemark>
<Placemark><name>Avanço de sinal</name><description>Fonte: OSM</description><Point><coordinates>-46.632317,-23.532537,0</coordinates></Point></Placemark>
<Placemark><name>Avanço de sinal 50 km/h</name><description>Fonte: OSM</description><Point><coordinates>-46.630462,-23.524444,0</coordinates></Point></Placemark>
<Placemark><name>Avanço de sinal</name><description>Fonte: OSM</description><Point><coordinates>-46.650344,-23.523306,0</coordinates></Point></Placemark>
<Placemark><name>Avanço de sinal</name><description>Fonte: OSM</description><Point><coordinates>-46.650931,-23.523101,0</coordinates></Point></Placemark>
<Placemark><name>Avanço de sinal</name><description>Fonte: OSM</description><Point><coordinates>-46.560738,-23.519133,0</coordinates></Point></Placemark>
<Placemark><name>Avanço de sinal</name><description>Fonte: OSM</description><Point><coordinates>-46.560954,-23.519091,0</coordinates></Point></Placemark>
<Placemark><name>Avanço de sinal</name><description>Fonte: OSM</description><Point><coordinates>-46.670767,-23.509657,0</coordinates></Point></Placemark>
<Placemark><name>Avanço de sinal</name><description>Fonte: OSM</description><Point><coordinates>-45.954446,-23.296231,0</coordinates></Point></Placemark>
<Placemark><name>Avanço de sinal</name><description>Fonte: OSM</description><Point><coordinates>-45.956138,-23.292773,0</coordinates></Point></Placemark>
<Placemark><name>Avanço de sinal</name><description>Fonte: OSM</description><Point><coordinates>-45.954506,-23.287266,0</coordinates></Point></Placemark>
<Placemark><name>Avanço de sinal</name><description>Fonte: OSM</description><Point><coordinates>-45.950427,-23.269202,0</coordinates></Point></Placemark>
<Placemark><name>Avanço de sinal</name><description>Fonte: OSM</description><Point><coordinates>-45.950481,-23.268480,0</coordinates></Point></Placemark>
<Placemark><name>Avanço de sinal</name><description>Fonte: OSM</description><Point><coordinates>-46.768943,-22.703201,0</coordinates></Point></Placemark>
<Placemark><name>Avanço de sinal</name><description>Fonte: OSM</description><Point><coordinates>-46.769146,-22.702863,0</coordinates></Point></Placemark>
</Folder>
</Document></kml>