lat1,lng1,lat2,lng2,kind
-19.368191,-51.004125,-19.368136,-51.004190,BRIDGE
-19.308040,-51.089623,-19.306978,-51.089616,BRIDGE
-19.267863,-51.247585,-19.267859,-51.248377,BRIDGE
-19.262914,-51.026302,-19.262861,-51.026237,BRIDGE
-19.220208,-50.918870,-19.221203,-50.918745,BRIDGE
-19.203730,-50.890492,-19.203629,-50.890550,BRIDGE
-19.185565,-51.405997,-19.185145,-51.405695,BRIDGE
-19.142346,-50.754604,-19.143220,-50.753754,BRIDGE
-19.140880,-51.535762,-19.139570,-51.536177,BRIDGE
-19.140637,-50.750332,-19.142135,-50.750334,BRIDGE
-19.098127,-51.559243,-19.098013,-51.559144,BRIDGE
-19.090896,-51.618620,-19.091025,-51.618915,BRIDGE
-19.075593,-51.767808,-19.075550,-51.768011,BRIDGE
-19.075170,-50.545344,-19.075226,-50.545409,BRIDGE
-19.067216,-50.549254,-19.067239,-50.549337,BRIDGE
-19.060661,-50.659041,-19.060610,-50.659107,BRIDGE
-19.052889,-51.769174,-19.052793,-51.769163,BRIDGE
-19.044191,-50.500562,-19.043365,-50.503514,BRIDGE
-19.040505,-51.823731,-19.040402,-51.823844,BRIDGE
-19.037102,-51.499926,-19.036714,-51.499945,BRIDGE
-19.035963,-51.780339,-19.035858,-51.780325,BRIDGE
-19.035817,-50.526696,-19.035909,-50.526665,BRIDGE
-19.029940,-50.669285,-19.029952,-50.669370,BRIDGE
-19.024539,-51.287370,-19.024424,-51.287413,BRIDGE
-19.014242,-50.684390,-19.014625,-50.684798,BRIDGE
-19.013494,-50.683584,-19.013728,-50.683864,BRIDGE
-19.012952,-50.635601,-19.013035,-50.635576,BRIDGE
-19.011230,-50.545822,-19.010804,-50.546400,BRIDGE
-19.002133,-50.638943,-19.002208,-50.638910,BRIDGE
-18.999811,-50.607638,-18.999752,-50.607698,BRIDGE
-18.987855,-50.576699,-18.987634,-50.577057,BRIDGE
-18.976638,-51.929168,-18.977474,-51.929054,BRIDGE
-18.923289,-50.636166,-18.923268,-50.636257,BRIDGE
-18.901771,-51.015402,-18.901812,-51.013917,BRIDGE
-18.897323,-51.428719,-18.896758,-51.427772,BRIDGE
-18.883012,-52.103863,-18.883124,-52.103735,BRIDGE
-18.860887,-50.842712,-18.860924,-50.842796,BRIDGE
-18.855840,-50.636155,-18.856212,-50.636296,BRIDGE
-18.855044,-50.836817,-18.854960,-50.837074,BRIDGE
-18.829832,-52.279137,-18.829669,-52.279370,BRIDGE
-18.809523,-51.553334,-18.809490,-51.553059,BRIDGE
-18.792864,-50.616315,-18.793248,-50.616405,BRIDGE
-18.788713,-52.375085,-18.788601,-52.374908,BRIDGE
-18.783311,-51.298502,-18.783204,-51.298549,BRIDGE
-18.772959,-51.340578,-18.772812,-51.340728,BRIDGE
-18.772462,-51.348942,-18.772583,-51.348959,BRIDGE
-18.767012,-50.945898,-18.766805,-50.946013,BRIDGE
-18.764476,-50.640463,-18.764506,-50.640376,BRIDGE
-18.758498,-50.602274,-18.759103,-50.602845,BRIDGE
-18.751817,-51.596324,-18.751881,-51.596165,BRIDGE
-18.743415,-50.573056,-18.743458,-50.572982,BRIDGE
-18.741085,-50.629910,-18.741082,-50.629790,BRIDGE
-18.739256,-50.581133,-18.739550,-50.581479,BRIDGE
-18.738616,-51.178001,-18.738512,-51.177969,BRIDGE
-18.733902,-51.003811,-18.732639,-51.002186,BRIDGE
-18.733698,-51.177828,-18.733635,-51.177983,BRIDGE
-18.733302,-51.247419,-18.730358,-51.244953,BRIDGE
-18.732832,-51.179755,-18.732783,-51.179874,BRIDGE
-18.730906,-50.579416,-18.730974,-50.579360,BRIDGE
-18.730749,-50.564940,-18.730749,-50.565025,BRIDGE
-18.725596,-50.587553,-18.725611,-50.587515,BRIDGE
-18.719713,-50.689419,-18.719717,-50.689255,BRIDGE
-18.714818,-50.393693,-18.714875,-50.393752,BRIDGE
-18.712989,-50.777956,-18.712893,-50.778069,BRIDGE
-18.710262,-51.841776,-18.710085,-51.842142,BRIDGE
-18.709705,-50.572792,-18.709691,-50.572879,BRIDGE
-18.706189,-51.918248,-18.706359,-51.918149,BRIDGE
-18.696999,-51.843229,-18.696241,-51.843180,BRIDGE
-18.691814,-50.465486,-18.692020,-50.465720,BRIDGE
-18.688661,-52.621721,-18.688447,-52.621744,BRIDGE
-18.686889,-50.736151,-18.686958,-50.736101,BRIDGE
-18.686557,-50.719046,-18.686607,-50.718987,BRIDGE
-18.683677,-50.764604,-18.683655,-50.764667,BRIDGE
-18.682887,-50.587652,-18.682892,-50.587627,BRIDGE
-18.681021,-50.760461,-18.681263,-50.760638,BRIDGE
-18.678369,-50.690773,-18.678315,-50.690695,BRIDGE
-18.673748,-52.798205,-18.673512,-52.798108,BRIDGE
-18.672828,-50.383941,-18.672949,-50.383948,BRIDGE
-18.666337,-50.765722,-18.666383,-50.765591,BRIDGE
-18.662579,-50.762839,-18.662637,-50.762825,BRIDGE
-18.656563,-50.617948,-18.656585,-50.617926,BRIDGE
-18.649514,-50.635612,-18.649553,-50.635562,BRIDGE
-18.649152,-50.398804,-18.649158,-50.398754,BRIDGE
-18.639489,-50.831118,-18.639513,-50.830991,BRIDGE
-18.639227,-51.110916,-18.638975,-51.110835,BRIDGE
-18.636137,-50.633824,-18.636183,-50.633820,BRIDGE
-18.635268,-51.435657,-18.635150,-51.435739,BRIDGE
-18.631606,-50.782199,-18.631540,-50.781909,BRIDGE
-18.629255,-50.652240,-18.629319,-50.652174,BRIDGE
-18.626500,-50.453368,-18.626517,-50.453245,BRIDGE
-18.624128,-50.626832,-18.624049,-50.626852,BRIDGE
-18.622424,-50.490516,-18.622256,-50.490553,BRIDGE
-18.622198,-51.427810,-18.622164,-51.427866,BRIDGE
-18.622002,-50.662876,-18.622056,-50.662846,BRIDGE
-18.619959,-51.007989,-18.619890,-51.007957,BRIDGE
-18.619821,-50.409888,-18.619880,-50.409800,BRIDGE
-18.615799,-50.532764,-18.615779,-50.532705,BRIDGE
-18.615451,-50.865482,-18.615424,-50.865594,BRIDGE
-18.610013,-50.440751,-18.610377,-50.440850,BRIDGE
-18.609422,-50.801954,-18.609458,-50.801890,BRIDGE
-18.607918,-50.506315,-18.607794,-50.506358,BRIDGE
-18.607593,-50.671565,-18.607664,-50.671523,BRIDGE
-18.606642,-50.858141,-18.606696,-50.858068,BRIDGE
-18.602890,-50.352411,-18.602896,-50.352317,BRIDGE
-18.602664,-50.433505,-18.602728,-50.433437,BRIDGE
-18.597000,-50.325004,-18.596950,-50.325119,BRIDGE
-18.596707,-51.373081,-18.596651,-51.373130,BRIDGE
-18.593593,-50.438497,-18.594111,-50.438490,BRIDGE
-18.587348,-50.388428,-18.587366,-50.388385,BRIDGE
-18.585109,-50.519463,-18.585066,-50.519623,BRIDGE
-18.584223,-50.434300,-18.584183,-50.434478,BRIDGE
-18.583660,-50.530893,-18.583537,-50.530938,BRIDGE
-18.580036,-52.098585,-18.580404,-52.098275,BRIDGE
-18.579940,-51.452510,-18.579940,-51.452841,BRIDGE
-18.575036,-51.473412,-18.575437,-51.473586,BRIDGE
-18.574100,-50.508990,-18.574262,-50.508847,BRIDGE
-18.571495,-51.508507,-18.571590,-51.508655,BRIDGE
-18.569411,-52.044247,-18.569507,-52.044143,BRIDGE
-18.566528,-50.425093,-18.566468,-50.425023,BRIDGE
-18.565237,-51.129704,-18.565074,-51.129839,BRIDGE
-18.562158,-50.790087,-18.561989,-50.789621,BRIDGE
-18.561329,-52.485521,-18.561401,-52.485368,BRIDGE
-18.556098,-51.125949,-18.554105,-51.124367,BRIDGE
-18.550506,-52.736857,-18.550350,-52.736829,BRIDGE
-18.546064,-52.630372,-18.545523,-52.630400,BRIDGE
-18.545841,-50.545906,-18.545949,-50.545832,BRIDGE
-18.545284,-50.940017,-18.545358,-50.939976,BRIDGE
-18.544689,-50.636271,-18.544659,-50.636351,BRIDGE
-18.540129,-50.799915,-18.539993,-50.799934,BRIDGE
-18.540028,-50.480438,-18.539973,-50.480581,BRIDGE
-18.539607,-50.767884,-18.539538,-50.767838,BRIDGE
-18.538225,-51.172517,-18.538187,-51.172592,BRIDGE
-18.537716,-50.631225,-18.537634,-50.631051,BRIDGE
-18.537570,-50.630747,-18.537541,-50.630657,BRIDGE
-18.535045,-50.444372,-18.535731,-50.444222,BRIDGE
-18.532037,-50.567418,-18.532130,-50.567373,BRIDGE
-18.529248,-50.802920,-18.529167,-50.802913,BRIDGE
-18.529160,-51.172038,-18.528815,-51.172307,BRIDGE
-18.528878,-50.466867,-18.528923,-50.467166,BRIDGE
-18.528406,-50.751177,-18.528373,-50.751096,BRIDGE
-18.527479,-52.776955,-18.527372,-52.776989,BRIDGE
-18.527125,-52.786968,-18.527232,-52.786933,BRIDGE
-18.526885,-52.741919,-18.526823,-52.741848,BRIDGE
-18.525863,-51.192120,-18.525794,-51.192041,BRIDGE
-18.523171,-50.661277,-18.523229,-50.661243,BRIDGE
-18.521435,-50.776867,-18.521446,-50.776929,BRIDGE
-18.518959,-52.477307,-18.519047,-52.477422,BRIDGE
-18.516009,-49.755275,-18.516001,-49.754999,BRIDGE
-18.514667,-50.426661,-18.514755,-50.426538,BRIDGE
-18.514134,-50.637386,-18.514053,-50.637368,BRIDGE
-18.513419,-52.093193,-18.512745,-52.093574,BRIDGE
-18.512244,-50.783653,-18.512176,-50.783727,BRIDGE
-18.510321,-50.775678,-18.510264,-50.775613,BRIDGE
-18.509182,-51.113810,-18.509075,-51.113820,BRIDGE
-18.507885,-50.626443,-18.507866,-50.626526,BRIDGE
-18.507328,-51.569335,-18.506982,-51.569138,BRIDGE
-18.506911,-50.663881,-18.506944,-50.663917,BRIDGE
-18.505592,-50.774508,-18.505475,-50.774509,BRIDGE
-18.497502,-50.534034,-18.497908,-50.534443,BRIDGE
-18.496279,-50.782221,-18.496217,-50.782085,BRIDGE
-18.495732,-51.156912,-18.495808,-51.156856,BRIDGE
-18.489570,-50.309846,-18.489633,-50.309815,BRIDGE
-18.489440,-50.414397,-18.489368,-50.414445,BRIDGE
-18.488621,-50.994952,-18.488608,-50.994718,BRIDGE
-18.486613,-50.552028,-18.486555,-50.552101,BRIDGE
-18.483293,-50.039541,-18.481546,-50.035460,BRIDGE
-18.482957,-50.802102,-18.482987,-50.802022,BRIDGE
-18.481417,-50.694272,-18.481465,-50.694363,BRIDGE
-18.480627,-49.639204,-18.480498,-49.638968,BRIDGE
-18.477362,-49.616007,-18.477333,-49.614621,BRIDGE
-18.476895,-51.136411,-18.476819,-51.136237,BRIDGE
-18.476166,-51.137362,-18.476079,-51.137411,BRIDGE
-18.475823,-50.628089,-18.475908,-50.628103,BRIDGE
-18.473849,-50.855713,-18.473806,-50.855745,BRIDGE
-18.472908,-50.751413,-18.472877,-50.751336,BRIDGE
-18.472508,-49.237564,-18.472507,-49.237474,BRIDGE
-18.469681,-50.459562,-18.469604,-50.459554,BRIDGE
-18.468858,-50.742528,-18.468529,-50.741813,BRIDGE
-18.467481,-50.453852,-18.467369,-50.453947,BRIDGE
-18.467459,-49.244188,-18.467512,-49.244173,BRIDGE
-18.467419,-50.454022,-18.467535,-50.453924,BRIDGE
-18.466997,-51.633981,-18.466953,-51.633711,BRIDGE
-18.462130,-51.231802,-18.462049,-51.231788,BRIDGE
-18.460422,-50.417902,-18.460469,-50.417974,BRIDGE
-18.459067,-50.320511,-18.459013,-50.320511,BRIDGE
-18.458743,-49.930194,-18.458788,-49.930286,BRIDGE
-18.457481,-50.470130,-18.457470,-50.469859,BRIDGE
-18.457058,-51.787141,-18.457013,-51.787043,BRIDGE
-18.456231,-49.223811,-18.456306,-49.223791,BRIDGE
-18.455198,-50.316227,-18.455281,-50.315596,BRIDGE
-18.453307,-49.234132,-18.453375,-49.234179,BRIDGE
-18.451460,-51.155163,-18.451345,-51.155188,BRIDGE
-18.450141,-50.892936,-18.450154,-50.892851,BRIDGE
-18.447004,-51.285369,-18.446536,-51.285023,BRIDGE
-18.446688,-50.794049,-18.446678,-50.794135,BRIDGE
-18.445403,-50.463281,-18.445328,-50.463505,BRIDGE
-18.445390,-50.463532,-18.445470,-50.463309,BRIDGE
-18.445250,-50.897706,-18.445032,-50.897500,BRIDGE
-18.445004,-50.907373,-18.445085,-50.907369,BRIDGE
-18.442246,-51.718039,-18.442000,-51.717978,BRIDGE
-18.442195,-50.665890,-18.442238,-50.665800,BRIDGE
-18.440678,-51.224293,-18.440600,-51.224244,BRIDGE
-18.437878,-50.457204,-18.437725,-50.457256,BRIDGE
-18.436947,-50.433179,-18.436908,-50.433109,BRIDGE
-18.436862,-50.735332,-18.436855,-50.735408,BRIDGE
-18.436291,-50.666582,-18.435927,-50.666219,BRIDGE
-18.434292,-50.575241,-18.434272,-50.574989,BRIDGE
-18.429636,-51.183466,-18.429517,-51.183509,BRIDGE
-18.429550,-51.540799,-18.429655,-51.540532,BRIDGE
-18.429099,-49.223066,-18.428978,-49.223090,BRIDGE
-18.427497,-49.221055,-18.427665,-49.221029,BRIDGE
-18.427228,-49.220580,-18.427322,-49.220604,BRIDGE
-18.426624,-49.219694,-18.426747,-49.219731,BRIDGE
-18.426513,-49.217444,-18.426399,-49.217424,BRIDGE
-18.426492,-49.219665,-18.426624,-49.219694,BRIDGE
-18.426392,-49.217474,-18.426497,-49.217501,BRIDGE
-18.425939,-49.205752,-18.427060,-49.206770,BRIDGE
-18.425729,-50.355110,-18.425905,-50.355515,BRIDGE
-18.425473,-49.294140,-18.425408,-49.294089,BRIDGE
-18.424929,-49.214681,-18.425056,-49.214661,BRIDGE
-18.424899,-49.214682,-18.424929,-49.214681,BRIDGE
-18.424685,-48.065735,-18.424397,-48.067468,BRIDGE
-18.424632,-50.759058,-18.424558,-50.759152,BRIDGE
-18.424586,-48.067479,-18.424875,-48.065823,BRIDGE
-18.422924,-51.524579,-18.423181,-51.524575,BRIDGE
-18.421474,-50.676282,-18.421440,-50.676414,BRIDGE
-18.421007,-50.791104,-18.420895,-50.791186,BRIDGE
-18.419629,-50.439192,-18.419589,-50.439298,BRIDGE
-18.419511,-48.108438,-18.419573,-48.108364,TUNNEL
-18.417440,-50.775190,-18.417301,-50.775147,BRIDGE
-18.416606,-49.194386,-18.417831,-49.194484,BRIDGE
-18.414592,-50.406758,-18.414548,-50.406843,BRIDGE
-18.412429,-49.533337,-18.412283,-49.533489,BRIDGE
-18.410851,-48.082150,-18.410686,-48.082733,BRIDGE
-18.410798,-48.082743,-18.410948,-48.082185,BRIDGE
-18.407932,-49.635140,-18.407984,-49.635225,BRIDGE
-18.407396,-51.030972,-18.407361,-51.031070,BRIDGE
-18.406054,-49.199829,-18.405646,-49.200186,BRIDGE
-18.405810,-49.200285,-18.406217,-49.199919,BRIDGE
-18.405737,-48.078835,-18.405264,-48.078135,BRIDGE
-18.405728,-51.238706,-18.405677,-51.238773,BRIDGE
-18.405209,-48.078269,-18.405652,-48.078940,BRIDGE
-18.404209,-52.533425,-18.404489,-52.533426,BRIDGE
-18.402940,-50.542111,-18.403035,-50.542131,BRIDGE
-18.402592,-52.686889,-18.402649,-52.686978,BRIDGE
-18.400786,-52.684051,-18.400941,-52.684285,BRIDGE
-18.400425,-49.202861,-18.400013,-49.202993,BRIDGE
-18.400190,-50.400253,-18.400204,-50.400349,BRIDGE
-18.400119,-49.203170,-18.400487,-49.203050,BRIDGE
-18.398872,-50.497250,-18.398927,-50.497179,BRIDGE
-18.397941,-50.650088,-18.397897,-50.650016,BRIDGE
-18.396197,-49.211629,-18.396120,-49.211514,BRIDGE
-18.394078,-49.290122,-18.394484,-49.290394,TUNNEL
-18.393679,-50.653454,-18.393594,-50.653419,BRIDGE
-18.393443,-49.212129,-18.393403,-49.211988,BRIDGE
-18.393243,-49.211987,-18.393282,-49.212125,BRIDGE
-18.390406,-51.243645,-18.390287,-51.243634,BRIDGE
-18.389642,-51.193939,-18.389526,-51.193969,BRIDGE
-18.385876,-52.595791,-18.385645,-52.595525,BRIDGE
-18.385785,-50.659778,-18.385773,-50.659969,BRIDGE
-18.381808,-50.588448,-18.381715,-50.588561,BRIDGE
-18.380698,-50.587575,-18.380752,-50.587709,BRIDGE
-18.378878,-50.856890,-18.378753,-50.856797,BRIDGE
-18.375742,-50.690829,-18.375627,-50.691002,BRIDGE
-18.375611,-50.601908,-18.375581,-50.602016,BRIDGE
-18.375203,-52.016074,-18.374650,-52.015178,BRIDGE
-18.373587,-50.553342,-18.373513,-50.553386,BRIDGE
-18.372953,-48.083525,-18.372979,-48.083418,TUNNEL
-18.372195,-50.594685,-18.372200,-50.594594,BRIDGE
-18.365229,-49.158780,-18.365059,-49.158339,BRIDGE
-18.358443,-49.216454,-18.357903,-49.216633,BRIDGE
-18.357938,-49.216849,-18.358480,-49.216681,BRIDGE
-18.357123,-50.550437,-18.357025,-50.550413,BRIDGE
-18.356988,-52.639797,-18.356650,-52.639316,BRIDGE
-18.353397,-50.769883,-18.353338,-50.770027,BRIDGE
-18.352779,-50.419323,-18.353149,-50.419324,BRIDGE
-18.352218,-51.830316,-18.352170,-51.830247,BRIDGE
-18.350330,-49.839499,-18.350327,-49.839279,BRIDGE
-18.349220,-49.601894,-18.349268,-49.601260,BRIDGE
-18.348328,-49.393016,-18.348474,-49.392762,BRIDGE
-18.347224,-50.805347,-18.347223,-50.805516,BRIDGE
-18.345401,-48.100611,-18.345548,-48.100765,TUNNEL
-18.345187,-50.742793,-18.345138,-50.742861,BRIDGE
-18.344360,-51.846521,-18.344317,-51.846449,BRIDGE
-18.343138,-49.421764,-18.343263,-49.420983,BRIDGE
-18.340882,-48.210976,-18.339996,-48.210243,BRIDGE
-18.340572,-50.832994,-18.340491,-50.833096,BRIDGE
-18.339981,-51.656878,-18.340444,-51.656441,BRIDGE
-18.336918,-48.057341,-18.336885,-48.057463,BRIDGE
-18.334438,-50.145536,-18.334364,-50.145626,BRIDGE
-18.331128,-50.931204,-18.331061,-50.931174,BRIDGE
-18.331039,-50.845792,-18.331070,-50.845903,BRIDGE
-18.329576,-48.108914,-18.329606,-48.108807,TUNNEL
-18.329484,-50.168759,-18.329446,-50.168809,BRIDGE
-18.328967,-51.967111,-18.328889,-51.967198,BRIDGE
-18.328673,-48.564673,-18.324552,-48.563916,BRIDGE
-18.328576,-48.222376,-18.328667,-48.222333,BRIDGE
-18.324552,-48.563916,-18.323548,-48.563749,BRIDGE
-18.323548,-48.563749,-18.318359,-48.562941,BRIDGE
-18.323399,-50.141490,-18.323518,-50.141528,BRIDGE
-18.320669,-51.949535,-18.320739,-51.949491,BRIDGE
-18.319508,-48.158587,-18.319211,-48.158909,BRIDGE
-18.318532,-48.146930,-18.318478,-48.147175,BRIDGE
-18.312797,-49.787522,-18.312963,-49.787720,BRIDGE
-18.311539,-48.365047,-18.311463,-48.365010,BRIDGE
-18.311516,-52.534366,-18.311641,-52.534590,BRIDGE
-18.310811,-48.352006,-18.310792,-48.351935,BRIDGE
-18.309058,-49.170191,-18.309336,-49.170350,BRIDGE
-18.308968,-51.966027,-18.308975,-51.966111,BRIDGE
-18.306819,-51.966206,-18.306772,-51.966126,BRIDGE
-18.302521,-48.013020,-18.302768,-48.012605,BRIDGE
-18.301909,-49.580068,-18.301713,-49.578444,BRIDGE
-18.301504,-51.146930,-18.300974,-51.147184,BRIDGE
-18.296273,-50.860717,-18.296147,-50.860553,BRIDGE
-18.291792,-50.880324,-18.291836,-50.880253,BRIDGE
-18.290756,-50.848654,-18.290689,-50.848717,BRIDGE
-18.288695,-49.755535,-18.288778,-49.755404,BRIDGE
-18.284425,-50.893005,-18.284368,-50.893065,BRIDGE
-18.284142,-51.665556,-18.284203,-51.665500,BRIDGE
-18.278872,-49.735909,-18.278941,-49.735832,BRIDGE
-18.274898,-51.672257,-18.275084,-51.672428,BRIDGE
-18.272279,-50.428877,-18.272716,-50.428790,BRIDGE
-18.271051,-48.523399,-18.271044,-48.523265,BRIDGE
-18.269852,-48.145978,-18.269739,-48.146107,BRIDGE
-18.269501,-50.573963,-18.269513,-50.574032,BRIDGE
-18.269130,-50.583615,-18.269154,-50.583701,BRIDGE
-18.266625,-50.507132,-18.266712,-50.507074,BRIDGE
-18.263492,-50.598799,-18.263564,-50.598754,BRIDGE
-18.261998,-48.311932,-18.261257,-48.312097,BRIDGE
-18.261390,-52.888378,-18.261307,-52.888426,BRIDGE
-18.261307,-52.888426,-18.261005,-52.888601,BRIDGE
-18.260308,-50.144842,-18.260356,-50.144764,BRIDGE
-18.258392,-50.344994,-18.258318,-50.345033,BRIDGE
-18.257636,-50.447243,-18.257629,-50.447355,BRIDGE
-18.254497,-50.548806,-18.254503,-50.548722,BRIDGE
-18.251656,-50.555217,-18.251807,-50.555307,BRIDGE
-18.250258,-50.357017,-18.250227,-50.357100,BRIDGE
-18.246519,-48.562223,-18.246152,-48.562100,BRIDGE
-18.245357,-49.700883,-18.245419,-49.700664,TUNNEL
-18.242468,-49.208562,-18.242403,-49.208892,BRIDGE
-18.241875,-51.142980,-18.242170,-51.143118,BRIDGE
-18.240197,-50.361185,-18.240177,-50.361273,BRIDGE
-18.238554,-50.887644,-18.238412,-50.887840,BRIDGE
-18.237710,-50.700921,-18.237779,-50.700969,BRIDGE
-18.235333,-50.133879,-18.235239,-50.133876,BRIDGE
-18.231964,-47.871107,-18.231987,-47.871535,BRIDGE
-18.229582,-50.332521,-18.229676,-50.332457,BRIDGE
-18.227134,-50.532763,-18.227132,-50.532547,BRIDGE
-18.227049,-52.638181,-18.226538,-52.638632,BRIDGE
-18.222900,-51.476086,-18.223930,-51.476144,BRIDGE
-18.222678,-48.528985,-18.222466,-48.529074,BRIDGE
-18.222575,-50.273052,-18.222650,-50.273060,BRIDGE
-18.221841,-50.206786,-18.221619,-50.206810,BRIDGE
-18.218431,-50.246477,-18.218524,-50.246461,BRIDGE
-18.217180,-48.359923,-18.217121,-48.360090,BRIDGE
-18.215879,-47.568236,-18.213984,-47.569009,BRIDGE
-18.212697,-49.753571,-18.212998,-49.753082,BRIDGE
-18.211330,-48.390918,-18.211105,-48.391161,BRIDGE
-18.209801,-48.422319,-18.209846,-48.422394,BRIDGE
-18.202198,-50.572354,-18.202413,-50.572770,BRIDGE
-18.200891,-50.174416,-18.201027,-50.174316,BRIDGE
-18.199173,-51.328863,-18.199127,-51.328938,BRIDGE
-18.198478,-50.892422,-18.198397,-50.892654,BRIDGE
-18.197547,-47.957063,-18.197271,-47.956923,BRIDGE
-18.197235,-47.957004,-18.197515,-47.957145,BRIDGE
-18.197129,-50.432118,-18.197492,-50.432026,BRIDGE
-18.196093,-51.110647,-18.195757,-51.110811,BRIDGE
-18.195380,-47.709711,-18.195292,-47.709687,BRIDGE
-18.194483,-48.019932,-18.194721,-48.020275,BRIDGE
-18.193928,-52.082018,-18.193123,-52.081861,BRIDGE
-18.193762,-48.017784,-18.193869,-48.018025,BRIDGE
-18.190080,-50.750531,-18.189999,-50.750521,BRIDGE
-18.189699,-48.215549,-18.189490,-48.215483,BRIDGE
-18.186939,-50.694749,-18.187004,-50.694793,BRIDGE
-18.186315,-50.652490,-18.186599,-50.652642,BRIDGE
-18.185878,-52.459425,-18.185921,-52.459350,BRIDGE
-18.184069,-48.214712,-18.184039,-48.214638,BRIDGE
-18.183155,-48.212963,-18.183090,-48.212879,BRIDGE
-18.182911,-48.227569,-18.182954,-48.227638,BRIDGE
-18.181993,-47.941112,-18.181553,-47.941209,BRIDGE
-18.181600,-47.941301,-18.182046,-47.941200,BRIDGE
-18.181555,-49.717230,-18.181459,-49.717284,BRIDGE
-18.180460,-47.938862,-18.180124,-47.938887,BRIDGE
-18.180406,-47.957323,-18.180459,-47.957223,BRIDGE
-18.180329,-47.957157,-18.180286,-47.957235,BRIDGE
-18.180176,-47.938965,-18.180524,-47.938960,BRIDGE
-18.179735,-47.994799,-18.179337,-47.995021,BRIDGE
-18.177481,-51.571181,-18.177622,-51.571130,BRIDGE
-18.176475,-52.444850,-18.176399,-52.444819,BRIDGE
-18.176428,-50.989659,-18.176459,-50.989576,BRIDGE
-18.174167,-51.263469,-18.174111,-51.263408,BRIDGE
-18.172540,-47.954809,-18.172577,-47.954692,BRIDGE
-18.172376,-50.811588,-18.172511,-50.811156,BRIDGE
-18.172207,-47.954527,-18.172153,-47.954663,BRIDGE
-18.171429,-50.928263,-18.171545,-50.928105,BRIDGE
-18.169934,-50.612340,-18.170107,-50.612447,BRIDGE
-18.169852,-50.811853,-18.169536,-50.811416,BRIDGE
-18.169687,-47.920116,-18.169556,-47.919871,BRIDGE
-18.169469,-47.919919,-18.169592,-47.920161,BRIDGE
-18.166836,-48.407707,-18.166975,-48.407863,BRIDGE
-18.166785,-51.626384,-18.166860,-51.626226,BRIDGE
-18.165688,-51.582285,-18.165843,-51.582113,BRIDGE
-18.164256,-48.743928,-18.164177,-48.743929,BRIDGE
-18.162615,-47.908900,-18.162209,-47.908740,BRIDGE
-18.162182,-47.908833,-18.162580,-47.909001,BRIDGE
-18.161164,-51.433340,-18.160943,-51.433568,BRIDGE
-18.160489,-47.512009,-18.160337,-47.511763,BRIDGE
-18.158462,-49.313476,-18.158490,-49.313374,BRIDGE
-18.157717,-47.908048,-18.157372,-47.908006,BRIDGE
-18.157364,-47.908119,-18.157716,-47.908161,BRIDGE
-18.156205,-47.556676,-18.156271,-47.556452,BRIDGE
-18.153558,-47.946464,-18.153409,-47.946213,BRIDGE
-18.152545,-47.946707,-18.152668,-47.946958,BRIDGE
-18.149981,-50.968147,-18.150031,-50.968075,BRIDGE
-18.146817,-48.862400,-18.146548,-48.857949,BRIDGE
-18.146738,-51.912168,-18.146822,-51.912062,BRIDGE
-18.146669,-50.619959,-18.146772,-50.620100,BRIDGE
-18.146012,-49.287739,-18.145437,-49.287823,BRIDGE
-18.145451,-49.288025,-18.145929,-49.287952,BRIDGE
-18.144033,-48.884079,-18.143876,-48.884037,BRIDGE
-18.141232,-51.905034,-18.140941,-51.905020,BRIDGE
-18.140356,-48.092099,-18.140515,-48.092855,BRIDGE
-18.139492,-47.819906,-18.139392,-47.819612,BRIDGE
-18.139328,-47.819648,-18.139431,-47.819932,BRIDGE
-18.135106,-47.905122,-18.134435,-47.905029,BRIDGE
-18.134590,-47.905257,-18.135178,-47.905317,BRIDGE
-18.133453,-49.988929,-18.133550,-49.988662,BRIDGE
-18.130217,-47.820960,-18.130000,-47.820890,BRIDGE
-18.130143,-49.969143,-18.129941,-49.969426,BRIDGE
-18.129369,-48.193370,-18.129544,-48.193446,BRIDGE
-18.129235,-49.221715,-18.129263,-49.221547,BRIDGE
-18.125860,-49.892596,-18.125985,-49.892674,BRIDGE
-18.124660,-47.747288,-18.124748,-47.747312,BRIDGE
-18.124239,-51.157835,-18.123967,-51.157626,BRIDGE
-18.122411,-48.855477,-18.122381,-48.855579,BRIDGE
-18.117527,-48.293141,-18.117354,-48.292953,BRIDGE
-18.117412,-47.621461,-18.117707,-47.620979,BRIDGE
-18.113014,-49.796880,-18.113299,-49.796855,BRIDGE
-18.110070,-47.888433,-18.109775,-47.888828,BRIDGE
-18.109903,-47.370554,-18.109851,-47.370448,BRIDGE
-18.109823,-47.888876,-18.110121,-47.888487,BRIDGE
-18.108029,-50.031395,-18.107739,-50.031467,BRIDGE
-18.104374,-47.693084,-18.105114,-47.692247,BRIDGE
-18.104319,-49.729503,-18.102384,-49.729915,BRIDGE
-18.103662,-50.067776,-18.104046,-50.066758,BRIDGE
-18.102884,-51.488826,-18.102775,-51.488933,BRIDGE
-18.101725,-48.315531,-18.101749,-48.315654,BRIDGE
-18.101661,-47.673184,-18.101709,-47.673253,BRIDGE
-18.101151,-50.073119,-18.101289,-50.072857,BRIDGE
-18.098700,-49.731497,-18.097660,-49.731808,BRIDGE
-18.096645,-51.494443,-18.096577,-51.494395,BRIDGE
-18.096280,-47.697715,-18.096123,-47.697759,BRIDGE
-18.092736,-48.095102,-18.092735,-48.094988,TUNNEL
-18.091314,-49.832375,-18.091090,-49.832541,BRIDGE
-18.089693,-51.498416,-18.089781,-51.498577,BRIDGE
-18.088120,-50.589366,-18.088035,-50.589554,BRIDGE
-18.085220,-51.621782,-18.087066,-51.622082,BRIDGE
-18.084967,-51.416667,-18.084838,-51.416610,BRIDGE
-18.078310,-48.714456,-18.078357,-48.714308,BRIDGE
-18.075110,-50.220795,-18.075400,-50.220740,BRIDGE
-18.074140,-50.139709,-18.074270,-50.139464,BRIDGE
-18.073536,-48.216676,-18.073052,-48.216956,BRIDGE
-18.072198,-50.172892,-18.071073,-50.172170,BRIDGE
-18.070836,-47.689489,-18.070530,-47.689439,BRIDGE
-18.070590,-47.864126,-18.070062,-47.864089,BRIDGE
-18.070007,-47.864316,-18.070550,-47.864358,BRIDGE
-18.068645,-48.604531,-18.065715,-48.604147,BRIDGE
-18.067961,-50.553730,-18.067631,-50.554051,BRIDGE
-18.067178,-48.760682,-18.067045,-48.760731,BRIDGE
-18.066764,-50.513040,-18.067129,-50.512924,BRIDGE
-18.066558,-47.732987,-18.066501,-47.733135,BRIDGE
-18.064980,-48.602411,-18.066275,-48.600737,BRIDGE
-18.064236,-50.479938,-18.064581,-50.479861,BRIDGE
-18.064021,-51.018217,-18.064528,-51.017809,BRIDGE
-18.063819,-50.159934,-18.063979,-50.159635,BRIDGE
-18.062316,-48.036851,-18.062697,-48.037242,BRIDGE
-18.060947,-49.197027,-18.060988,-49.196970,BRIDGE
-18.057780,-49.215272,-18.057498,-49.215252,BRIDGE
-18.056546,-47.765271,-18.056538,-47.765183,BRIDGE
-18.056518,-47.706676,-18.056694,-47.706694,BRIDGE
-18.053405,-48.194901,-18.053302,-48.194884,BRIDGE
-18.052761,-49.178151,-18.052716,-49.178080,BRIDGE
-18.050896,-50.615032,-18.051576,-50.615000,BRIDGE
-18.049716,-50.198647,-18.049545,-50.197370,BRIDGE
-18.047442,-48.248713,-18.047771,-48.248700,BRIDGE
-18.047397,-50.842794,-18.047507,-50.842773,BRIDGE
-18.047144,-47.896219,-18.047110,-47.896298,BRIDGE
-18.047111,-49.267973,-18.046736,-49.267917,BRIDGE
-18.046730,-49.268033,-18.047131,-49.268099,BRIDGE
-18.042648,-48.671369,-18.042279,-48.671411,BRIDGE
-18.042233,-49.172902,-18.042344,-49.172965,BRIDGE
-18.040626,-52.428436,-18.040592,-52.428252,BRIDGE
-18.038179,-48.812570,-18.038053,-48.812682,BRIDGE
-18.034713,-48.080080,-18.034901,-48.079920,BRIDGE
-18.033967,-47.781214,-18.033950,-47.781125,BRIDGE
-18.032375,-50.793373,-18.032429,-50.793464,BRIDGE
-18.029362,-50.315255,-18.029449,-50.314948,TUNNEL
-18.029160,-49.878227,-18.029064,-49.878416,BRIDGE
-18.025568,-47.564836,-18.025534,-47.564762,BRIDGE
-18.024861,-51.088835,-18.024857,-51.088749,BRIDGE
-18.018278,-48.190151,-18.018180,-48.189998,BRIDGE
-18.017270,-50.830443,-18.017361,-50.830408,BRIDGE
-18.015156,-50.771360,-18.015161,-50.771529,BRIDGE
-18.014733,-51.012411,-18.014636,-51.012496,BRIDGE
-18.014337,-51.948121,-18.014406,-51.948075,BRIDGE
-18.014245,-50.761203,-18.014238,-50.761291,BRIDGE
-18.012473,-47.811395,-18.012825,-47.810950,BRIDGE
-18.008772,-48.622902,-18.008363,-48.623203,BRIDGE
-18.006186,-49.262307,-18.006105,-49.262313,BRIDGE
-18.006089,-49.262456,-18.006170,-49.262451,BRIDGE
-18.002897,-48.116849,-18.002928,-48.116928,TUNNEL
-17.998244,-48.095087,-17.998203,-48.095478,BRIDGE
-17.998172,-48.225112,-17.998146,-48.224730,BRIDGE
-17.997305,-48.248961,-17.997438,-48.249024,BRIDGE
-17.996788,-51.000878,-17.996684,-51.000883,BRIDGE
-17.992200,-47.603859,-17.992121,-47.603885,BRIDGE
-17.990785,-48.861449,-17.989728,-48.862022,BRIDGE
-17.986496,-51.794875,-17.986856,-51.794962,BRIDGE
-17.985828,-51.216218,-17.985547,-51.216446,BRIDGE
-17.985521,-47.763830,-17.985631,-47.763821,BRIDGE
-17.985019,-48.932538,-17.984906,-48.932489,BRIDGE
-17.984325,-47.760179,-17.984300,-47.760095,BRIDGE
-17.984062,-48.119672,-17.983811,-48.119305,BRIDGE
-17.983505,-51.192445,-17.983587,-51.192499,BRIDGE
-17.983039,-50.995508,-17.983019,-50.995421,BRIDGE
-17.981831,-47.755597,-17.981889,-47.755648,BRIDGE
-17.981566,-48.222216,-17.981639,-48.222243,BRIDGE
-17.977978,-50.999809,-17.977899,-50.999828,BRIDGE
-17.975610,-49.700495,-17.975720,-49.700109,BRIDGE
-17.973307,-50.951939,-17.973461,-50.951873,BRIDGE
-17.972746,-48.177718,-17.973200,-48.177315,BRIDGE
-17.971119,-50.561798,-17.971249,-50.561731,BRIDGE
-17.970178,-50.884479,-17.970322,-50.884366,TUNNEL
-17.966124,-48.631783,-17.965968,-48.631780,BRIDGE
-17.965314,-50.341698,-17.965659,-50.341315,BRIDGE
-17.964594,-50.334208,-17.965520,-50.335603,BRIDGE
-17.960647,-47.559867,-17.960682,-47.559980,BRIDGE
-17.960273,-51.619125,-17.959744,-51.619496,BRIDGE
-17.959494,-48.589312,-17.959429,-48.589236,BRIDGE
-17.953612,-50.282398,-17.954232,-50.280298,BRIDGE
-17.952840,-52.279573,-17.953348,-52.279221,BRIDGE
-17.951551,-49.809751,-17.951633,-49.809085,BRIDGE
-17.947445,-51.168140,-17.947493,-51.168237,BRIDGE
-17.942902,-51.850906,-17.942683,-51.851327,BRIDGE
-17.941716,-51.171988,-17.941716,-51.172146,BRIDGE
-17.941096,-49.490372,-17.940686,-49.490201,BRIDGE
-17.940020,-47.741099,-17.939998,-47.741012,BRIDGE
-17.939720,-47.486196,-17.940071,-47.485647,BRIDGE
-17.936254,-48.684139,-17.936138,-48.684121,BRIDGE
-17.935701,-47.362045,-17.935653,-47.361917,BRIDGE
-17.935343,-51.120999,-17.935310,-51.121078,BRIDGE
-17.930539,-49.497844,-17.930541,-49.497899,BRIDGE
-17.928595,-49.456622,-17.928666,-49.455631,BRIDGE
-17.926997,-51.886285,-17.926701,-51.886000,BRIDGE
-17.926869,-47.565207,-17.926910,-47.565258,BRIDGE
-17.920305,-51.732778,-17.920252,-51.732180,BRIDGE
-17.920125,-51.732204,-17.920186,-51.732809,BRIDGE
-17.920082,-50.819679,-17.920387,-50.819701,BRIDGE
-17.919575,-47.788360,-17.919152,-47.788601,BRIDGE
-17.919455,-51.750440,-17.918592,-51.751388,BRIDGE
-17.919266,-47.788784,-17.919662,-47.788564,BRIDGE
-17.918729,-51.751434,-17.919617,-51.750492,BRIDGE
-17.916875,-51.694203,-17.916466,-51.693640,BRIDGE
-17.916796,-50.984662,-17.916725,-50.984612,BRIDGE
-17.916370,-51.693686,-17.916784,-51.694279,BRIDGE
-17.916111,-48.450568,-17.916181,-48.450773,BRIDGE
-17.915464,-48.060202,-17.915200,-48.060441,BRIDGE
-17.915202,-51.762717,-17.913778,-51.768033,BRIDGE
-17.915081,-48.450960,-17.915098,-48.450875,BRIDGE
-17.914403,-48.456398,-17.914417,-48.456313,BRIDGE
-17.913839,-51.768092,-17.915326,-51.762709,BRIDGE
-17.913195,-48.317468,-17.913133,-48.317523,BRIDGE
-17.913066,-48.085386,-17.912302,-48.085437,BRIDGE
-17.912537,-51.729767,-17.912588,-51.729626,BRIDGE
-17.912022,-48.664355,-17.911550,-48.664190,BRIDGE
-17.911901,-47.920903,-17.911514,-47.920688,BRIDGE
-17.910548,-48.933427,-17.910561,-48.933678,BRIDGE
-17.908930,-48.520199,-17.908924,-48.520162,BRIDGE
-17.908653,-51.729316,-17.908592,-51.729256,BRIDGE
-17.908502,-51.729288,-17.908600,-51.729379,BRIDGE
-17.908026,-51.155709,-17.907991,-51.155790,BRIDGE
-17.907796,-48.174896,-17.907981,-48.174788,BRIDGE
-17.905989,-51.726985,-17.906248,-51.726699,BRIDGE
-17.905094,-48.237862,-17.905018,-48.237894,BRIDGE
-17.904328,-51.934803,-17.904222,-51.934782,BRIDGE
-17.903905,-51.718711,-17.903741,-51.718926,BRIDGE
-17.903682,-51.167599,-17.903660,-51.167665,BRIDGE
-17.901846,-48.236232,-17.901794,-48.236158,BRIDGE
-17.900589,-51.717113,-17.900485,-51.717233,BRIDGE
-17.900485,-51.717233,-17.900421,-51.717308,BRIDGE
-17.897935,-51.762355,-17.895935,-51.762810,BRIDGE
-17.897330,-51.715624,-17.897245,-51.715767,BRIDGE
-17.897127,-51.723347,-17.897062,-51.723303,BRIDGE
-17.896378,-51.724460,-17.896316,-51.724418,BRIDGE
-17.895897,-51.763027,-17.898010,-51.762595,BRIDGE
-17.895503,-51.714467,-17.895414,-51.714601,BRIDGE
-17.891503,-47.671802,-17.887362,-47.669291,BRIDGE
-17.890606,-51.711677,-17.890647,-51.711615,BRIDGE
-17.890569,-51.711742,-17.890606,-51.711677,BRIDGE
-17.889875,-47.357819,-17.889787,-47.357747,BRIDGE
-17.889249,-48.342515,-17.889133,-48.342421,BRIDGE
-17.888951,-51.709850,-17.888891,-51.709926,BRIDGE
-17.888891,-51.709926,-17.888829,-51.710012,BRIDGE
-17.888325,-50.969152,-17.887955,-50.968952,BRIDGE
-17.888194,-51.050603,-17.888261,-51.050660,BRIDGE
-17.887751,-51.277130,-17.888074,-51.276972,BRIDGE
-17.887180,-50.464044,-17.887642,-50.463485,BRIDGE
-17.885463,-48.249459,-17.885459,-48.249373,BRIDGE
-17.884188,-51.706284,-17.884210,-51.706202,BRIDGE
-17.883283,-51.672561,-17.883176,-51.672499,BRIDGE
-17.881787,-51.705298,-17.881729,-51.705494,BRIDGE
-17.880530,-51.705376,-17.880365,-51.705172,BRIDGE
-17.880419,-47.731040,-17.880366,-47.731138,BRIDGE
-17.880311,-51.705234,-17.880445,-51.705374,BRIDGE
-17.879410,-51.706776,-17.879302,-51.706703,BRIDGE
-17.877804,-51.709874,-17.877668,-51.709796,BRIDGE
-17.877318,-51.710455,-17.877439,-51.710532,BRIDGE
-17.877307,-52.318227,-17.876919,-52.317317,BRIDGE
-17.877281,-50.552019,-17.876664,-50.552312,BRIDGE
-17.877280,-51.704931,-17.877226,-51.704866,BRIDGE
-17.877226,-51.704866,-17.877184,-51.704814,BRIDGE
-17.877180,-51.711612,-17.877057,-51.711535,BRIDGE
-17.875558,-50.719800,-17.875660,-50.718973,BRIDGE
-17.874518,-50.836861,-17.874613,-50.836735,BRIDGE
-17.870741,-51.717563,-17.870673,-51.717511,BRIDGE
-17.870673,-51.717511,-17.870608,-51.717454,BRIDGE
-17.870316,-48.274798,-17.870397,-48.274788,BRIDGE
-17.869201,-51.072259,-17.869352,-51.072384,BRIDGE
-17.868506,-48.935345,-17.868534,-48.935503,TUNNEL
-17.867309,-51.719725,-17.867177,-51.719471,BRIDGE
-17.866932,-50.987960,-17.866978,-50.988124,BRIDGE
-17.864516,-50.609236,-17.864245,-50.609546,BRIDGE
-17.859342,-48.341561,-17.859310,-48.341639,BRIDGE
-17.858431,-52.005838,-17.858413,-52.005724,BRIDGE
-17.855467,-51.726212,-17.855437,-51.726107,BRIDGE
-17.855437,-51.726107,-17.855399,-51.725973,BRIDGE
-17.854715,-48.360471,-17.854803,-48.360467,BRIDGE
-17.852714,-51.988471,-17.852922,-51.988506,BRIDGE
-17.850552,-52.019069,-17.850532,-52.018968,BRIDGE
-17.848063,-51.839900,-17.848185,-51.839794,BRIDGE
-17.844742,-50.656811,-17.844974,-50.656444,BRIDGE
-17.843812,-51.172474,-17.843727,-51.172466,BRIDGE
-17.843342,-48.841344,-17.843420,-48.840923,BRIDGE
-17.839685,-47.463928,-17.839525,-47.463993,BRIDGE
-17.837759,-51.417964,-17.837709,-51.417534,BRIDGE
-17.837626,-50.242283,-17.837167,-50.241054,BRIDGE
-17.837546,-51.417629,-17.837614,-51.418181,BRIDGE
-17.836498,-52.722369,-17.836661,-52.722651,BRIDGE
-17.835811,-48.594800,-17.835832,-48.594778,BRIDGE
-17.834151,-50.930247,-17.834310,-50.930179,BRIDGE
-17.831359,-47.431785,-17.831414,-47.432097,BRIDGE
-17.829946,-47.924489,-17.829843,-47.924346,BRIDGE
-17.829702,-47.773376,-17.829676,-47.772804,BRIDGE
-17.829548,-50.982010,-17.829640,-50.981947,BRIDGE
-17.827682,-52.595822,-17.827588,-52.595774,BRIDGE
-17.825890,-50.920316,-17.825731,-50.920484,BRIDGE
-17.824535,-50.644044,-17.824230,-50.644017,BRIDGE
-17.824375,-50.919789,-17.824133,-50.919282,BRIDGE
-17.823950,-50.919343,-17.824216,-50.919898,BRIDGE
-17.823582,-50.418749,-17.823416,-50.417471,BRIDGE
-17.823123,-51.309189,-17.822948,-51.308941,BRIDGE
-17.822779,-51.309047,-17.822975,-51.309323,BRIDGE
-17.822334,-51.001067,-17.822401,-51.000711,BRIDGE
-17.822249,-51.000654,-17.822161,-51.001054,BRIDGE
-17.820639,-50.575138,-17.820148,-50.575179,BRIDGE
-17.819949,-52.579652,-17.820141,-52.579402,BRIDGE
-17.819326,-50.631470,-17.819663,-50.631298,BRIDGE
-17.818473,-50.941102,-17.818372,-50.940872,BRIDGE
-17.818281,-50.940899,-17.818396,-50.941137,BRIDGE
-17.817843,-48.592099,-17.818001,-48.591970,BRIDGE
-17.817658,-50.927124,-17.817764,-50.927219,BRIDGE
-17.817526,-50.964341,-17.817222,-50.964186,TUNNEL
-17.817187,-50.964292,-17.817471,-50.964427,TUNNEL
-17.814664,-50.962812,-17.814554,-50.962708,TUNNEL
-17.814518,-50.962758,-17.814630,-50.962866,TUNNEL
-17.813895,-50.931456,-17.813635,-50.931604,TUNNEL
-17.813655,-50.931654,-17.813922,-50.931512,TUNNEL
-17.813059,-48.592032,-17.813300,-48.592072,BRIDGE
-17.812597,-50.929372,-17.812327,-50.929027,BRIDGE
-17.812219,-50.929104,-17.812496,-50.929452,BRIDGE
-17.811753,-50.626443,-17.811839,-50.625861,BRIDGE
-17.808565,-48.348322,-17.808388,-48.348266,BRIDGE
-17.808244,-48.362189,-17.808405,-48.361918,BRIDGE
-17.808136,-50.595898,-17.808058,-50.595777,BRIDGE
-17.808006,-50.595934,-17.808083,-50.596047,BRIDGE
-17.807724,-50.932930,-17.807520,-50.932777,BRIDGE
-17.807415,-50.932851,-17.807634,-50.933009,BRIDGE
-17.807018,-52.065725,-17.806881,-52.065546,BRIDGE
-17.805972,-50.933160,-17.806065,-50.933006,BRIDGE
-17.805616,-50.935458,-17.805468,-50.935327,BRIDGE
-17.805487,-50.932704,-17.805433,-50.932792,BRIDGE
-17.805435,-50.935372,-17.805591,-50.935511,BRIDGE
-17.804219,-49.904162,-17.804266,-49.904299,BRIDGE
-17.803893,-50.921410,-17.803534,-50.921077,BRIDGE
-17.803797,-50.937479,-17.803989,-50.937590,BRIDGE
-17.803408,-50.921156,-17.803778,-50.921475,BRIDGE
-17.803228,-50.605973,-17.802981,-50.606019,BRIDGE
-17.802981,-50.930611,-17.803120,-50.930535,BRIDGE
-17.802410,-51.791554,-17.803045,-51.791219,BRIDGE
-17.802296,-50.929387,-17.802222,-50.929488,BRIDGE
-17.800325,-50.927818,-17.800383,-50.927732,BRIDGE
-17.800227,-50.629401,-17.800607,-50.629074,TUNNEL
-17.800069,-47.941881,-17.800068,-47.941454,BRIDGE
-17.798828,-50.926806,-17.798745,-50.926896,BRIDGE
-17.797967,-50.957214,-17.797844,-50.957179,BRIDGE
-17.797706,-50.957313,-17.797976,-50.957376,BRIDGE
-17.797566,-50.926293,-17.797654,-50.926130,BRIDGE
-17.797109,-50.914853,-17.796783,-50.914481,BRIDGE
-17.796617,-50.914634,-17.796938,-50.915016,BRIDGE
-17.796276,-50.158188,-17.797419,-50.159240,BRIDGE
-17.795407,-50.938231,-17.795433,-50.938378,BRIDGE
-17.795196,-48.308257,-17.795286,-48.308261,BRIDGE
-17.792510,-51.736008,-17.792493,-51.736092,BRIDGE
-17.790865,-52.427912,-17.790661,-52.427293,BRIDGE
-17.789606,-48.616302,-17.789264,-48.616243,BRIDGE
-17.789248,-48.616323,-17.789571,-48.616383,BRIDGE
-17.788481,-50.941205,-17.788543,-50.941260,BRIDGE
-17.788246,-50.936621,-17.788130,-50.936683,BRIDGE
-17.787169,-51.459099,-17.787174,-51.458853,BRIDGE
-17.787119,-50.903297,-17.787454,-50.902955,BRIDGE
-17.786230,-50.901510,-17.785884,-50.901856,BRIDGE
-17.785347,-50.934662,-17.785268,-50.934767,BRIDGE
-17.784897,-47.351613,-17.785322,-47.351409,BRIDGE
-17.784588,-50.945877,-17.784462,-50.945758,BRIDGE
-17.782083,-50.438702,-17.781989,-50.439845,BRIDGE
-17.780983,-50.959133,-17.780907,-50.959122,BRIDGE
-17.780067,-50.934331,-17.780099,-50.934520,BRIDGE
-17.779485,-48.785033,-17.779471,-48.784757,BRIDGE
-17.779479,-51.199119,-17.779341,-51.198962,BRIDGE
-17.776038,-50.934519,-17.776036,-50.934631,BRIDGE
-17.775931,-48.773954,-17.775993,-48.773763,BRIDGE
-17.774935,-53.094553,-17.775000,-53.094605,BRIDGE
-17.774723,-53.160187,-17.774719,-53.159878,BRIDGE
-17.773204,-48.913716,-17.773400,-48.913480,BRIDGE
-17.771754,-51.726676,-17.771679,-51.726718,BRIDGE
-17.771162,-48.323408,-17.771308,-48.323287,BRIDGE
-17.768906,-48.175074,-17.768903,-48.175023,BRIDGE
-17.762642,-50.956549,-17.762682,-50.956638,BRIDGE
-17.760560,-52.349442,-17.760677,-52.349588,BRIDGE
-17.760555,-52.506580,-17.760677,-52.506816,BRIDGE
-17.758308,-51.134884,-17.758455,-51.134867,BRIDGE
-17.757083,-50.904470,-17.756807,-50.904512,BRIDGE
-17.756837,-50.904654,-17.757148,-50.904614,BRIDGE
-17.753241,-50.895176,-17.753419,-50.894898,BRIDGE
-17.751195,-48.294477,-17.751193,-48.294548,BRIDGE
-17.751049,-48.102443,-17.751387,-48.102395,BRIDGE
-17.749793,-49.512751,-17.749576,-49.512654,BRIDGE
-17.748886,-50.896055,-17.748810,-50.896004,BRIDGE
-17.748267,-49.473398,-17.747946,-49.473423,BRIDGE
-17.741611,-49.829091,-17.741625,-49.829052,BRIDGE
-17.741163,-48.091236,-17.740951,-48.091941,BRIDGE
-17.739776,-47.732276,-17.739988,-47.731786,BRIDGE
-17.739153,-47.500605,-17.739230,-47.500237,BRIDGE
-17.737141,-51.700239,-17.737098,-51.700340,BRIDGE
-17.736248,-48.600020,-17.736061,-48.599944,BRIDGE
-17.736221,-48.168542,-17.735860,-48.169352,BRIDGE
-17.736018,-48.600027,-17.736200,-48.600102,BRIDGE
-17.735500,-48.329316,-17.735957,-48.329949,BRIDGE
-17.733581,-50.452105,-17.733496,-50.451710,BRIDGE
-17.733364,-48.625613,-17.733607,-48.625482,BRIDGE
-17.733054,-48.624377,-17.732622,-48.624390,BRIDGE
-17.732805,-48.617545,-17.732777,-48.617711,BRIDGE
-17.731585,-48.165231,-17.731724,-48.165236,BRIDGE
-17.730450,-48.172059,-17.730512,-48.171938,TUNNEL
-17.730395,-47.418615,-17.730423,-47.417617,BRIDGE
-17.728516,-48.553499,-17.728585,-48.554050,BRIDGE
-17.728042,-48.330178,-17.727992,-48.330027,BRIDGE
-17.727462,-49.154185,-17.727445,-49.154679,BRIDGE
-17.727364,-48.157966,-17.727319,-48.158062,BRIDGE
-17.725933,-48.167156,-17.725967,-48.166960,BRIDGE
-17.725864,-48.156528,-17.725925,-48.156470,BRIDGE
-17.724179,-48.632334,-17.724110,-48.632459,TUNNEL
-17.723317,-48.155085,-17.723303,-48.155155,BRIDGE
-17.723058,-48.165811,-17.723010,-48.165985,BRIDGE
-17.722613,-48.169910,-17.722588,-48.170206,BRIDGE
-17.721247,-48.838147,-17.721328,-48.838638,BRIDGE
-17.720963,-48.153875,-17.721006,-48.153759,BRIDGE
-17.720693,-48.165491,-17.720735,-48.165319,BRIDGE
-17.720665,-48.165304,-17.720624,-48.165467,BRIDGE
-17.719959,-50.502288,-17.719877,-50.502290,BRIDGE
-17.718101,-48.166887,-17.718250,-48.167045,BRIDGE
-17.718025,-48.164842,-17.718218,-48.164787,BRIDGE
-17.717684,-48.162206,-17.717809,-48.162074,BRIDGE
-17.717123,-48.161268,-17.717027,-48.161435,BRIDGE
-17.716769,-48.238370,-17.716696,-48.238409,BRIDGE
-17.714033,-50.259867,-17.714028,-50.259964,BRIDGE
-17.713867,-48.496058,-17.711571,-48.497382,BRIDGE
-17.712176,-50.265786,-17.712127,-50.265883,BRIDGE
-17.711361,-51.777683,-17.711438,-51.777657,BRIDGE
-17.711128,-48.151726,-17.711062,-48.151881,BRIDGE
-17.704606,-49.486856,-17.704569,-49.486895,BRIDGE
-17.702571,-49.470596,-17.702657,-49.470850,BRIDGE
-17.702217,-47.675617,-17.702325,-47.675548,BRIDGE
-17.701979,-49.385291,-17.702096,-49.385387,BRIDGE
-17.701339,-50.465906,-17.699785,-50.465492,BRIDGE
-17.700952,-48.554870,-17.700986,-48.554724,BRIDGE
-17.699814,-49.155447,-17.699802,-49.154957,BRIDGE
-17.699793,-48.243884,-17.699825,-48.243806,BRIDGE
-17.699762,-49.487347,-17.699713,-49.487333,BRIDGE
-17.699700,-49.154972,-17.699717,-49.155424,BRIDGE
-17.699546,-48.708022,-17.700298,-48.708451,BRIDGE
-17.698799,-50.475095,-17.698873,-50.475063,BRIDGE
-17.698724,-47.338521,-17.698864,-47.338534,BRIDGE
-17.697482,-49.503228,-17.697478,-49.503328,BRIDGE
-17.695790,-51.247519,-17.695754,-51.247632,BRIDGE
-17.695746,-50.912591,-17.695933,-50.912517,BRIDGE
-17.694987,-49.506575,-17.694956,-49.506667,BRIDGE
-17.694710,-51.585490,-17.694821,-51.585192,BRIDGE
-17.693223,-50.400906,-17.693281,-50.400847,BRIDGE
-17.692450,-48.581906,-17.692628,-48.581485,BRIDGE
-17.691328,-47.455423,-17.691256,-47.455745,BRIDGE
-17.691303,-50.887602,-17.691198,-50.887626,BRIDGE
-17.687210,-48.677557,-17.687126,-48.677502,BRIDGE
-17.686759,-51.287173,-17.686782,-51.287286,BRIDGE
-17.686254,-51.288676,-17.686172,-51.288667,BRIDGE
-17.685183,-50.402058,-17.685220,-50.402135,BRIDGE
-17.684627,-51.286714,-17.684650,-51.286619,BRIDGE
-17.684280,-48.803791,-17.684129,-48.803717,BRIDGE
-17.678853,-49.215388,-17.678778,-49.215384,BRIDGE
-17.678760,-48.365327,-17.678976,-48.365097,BRIDGE
-17.677405,-49.540075,-17.677460,-49.539905,BRIDGE
-17.675988,-49.320253,-17.676088,-49.320238,BRIDGE
-17.675893,-51.039949,-17.676197,-51.039796,BRIDGE
-17.673834,-50.873723,-17.673820,-50.873677,BRIDGE
-17.673085,-51.714047,-17.673093,-51.713928,BRIDGE
-17.672168,-48.095070,-17.672356,-48.095678,BRIDGE
-17.669480,-50.853278,-17.669335,-50.853368,BRIDGE
-17.666525,-50.846505,-17.666380,-50.846414,BRIDGE
-17.665596,-49.288467,-17.665592,-49.288571,BRIDGE
-17.664541,-49.295176,-17.664552,-49.295263,BRIDGE
-17.662784,-50.831770,-17.662706,-50.831785,BRIDGE
-17.661935,-50.283935,-17.662069,-50.283812,TUNNEL
-17.661053,-50.829099,-17.660839,-50.828978,BRIDGE
-17.659417,-50.479730,-17.659406,-50.479217,BRIDGE
-17.659299,-48.355571,-17.659158,-48.355544,BRIDGE
-17.658794,-47.943277,-17.659084,-47.943684,BRIDGE
-17.658636,-51.904317,-17.658556,-51.904202,BRIDGE
-17.656119,-48.887432,-17.656430,-48.887700,BRIDGE
-17.655878,-49.485881,-17.655832,-49.485844,BRIDGE
-17.653079,-52.390438,-17.652851,-52.390117,BRIDGE
-17.651030,-51.745477,-17.650962,-51.745525,BRIDGE
-17.648049,-48.420635,-17.648086,-48.420711,BRIDGE
-17.645239,-47.758995,-17.644988,-47.759306,BRIDGE
-17.645136,-47.759462,-17.645418,-47.759103,BRIDGE
-17.644533,-48.386164,-17.644609,-48.386134,BRIDGE
-17.644119,-52.563888,-17.643843,-52.564074,BRIDGE
-17.641579,-52.556371,-17.641548,-52.556598,BRIDGE
-17.640529,-47.781339,-17.640382,-47.781350,BRIDGE
-17.640394,-47.781424,-17.640545,-47.781404,BRIDGE
-17.639540,-50.173303,-17.639727,-50.172697,BRIDGE
-17.638742,-52.023224,-17.638849,-52.023382,BRIDGE
-17.637408,-48.558674,-17.637275,-48.558391,BRIDGE
-17.636727,-49.430128,-17.636871,-49.430278,BRIDGE
-17.636644,-52.912378,-17.636558,-52.912311,BRIDGE
-17.635867,-48.354535,-17.635948,-48.354528,BRIDGE
-17.635147,-49.612104,-17.634987,-49.612093,BRIDGE
-17.632910,-48.367488,-17.632866,-48.367536,BRIDGE
-17.629853,-50.187984,-17.629979,-50.187962,TUNNEL
-17.628035,-52.384387,-17.627868,-52.384833,BRIDGE
-17.627721,-47.772315,-17.627341,-47.771625,TUNNEL
-17.626077,-51.737334,-17.626119,-51.737261,BRIDGE
-17.624966,-48.336062,-17.624986,-48.335980,BRIDGE
-17.624439,-51.061585,-17.624120,-51.061833,BRIDGE
-17.624365,-51.125724,-17.624425,-51.125782,BRIDGE
-17.620628,-50.789950,-17.620807,-50.789731,BRIDGE
-17.620320,-49.689121,-17.620539,-49.689189,BRIDGE
-17.616867,-49.423923,-17.617085,-49.423864,BRIDGE
-17.615535,-50.543307,-17.614840,-50.541923,BRIDGE
-17.614466,-49.906999,-17.612956,-49.907442,BRIDGE
-17.611125,-49.412685,-17.611154,-49.412599,BRIDGE
-17.610452,-51.610563,-17.610577,-51.610401,BRIDGE
-17.608829,-49.696193,-17.608879,-49.696520,BRIDGE
-17.608741,-52.005816,-17.609046,-52.007183,BRIDGE
-17.604273,-48.282564,-17.604321,-48.282490,BRIDGE
-17.599007,-51.275646,-17.598956,-51.275543,BRIDGE
-17.599000,-49.421045,-17.598980,-49.421181,BRIDGE
-17.597933,-49.654531,-17.597839,-49.654507,BRIDGE
-17.597538,-47.801169,-17.596929,-47.800555,BRIDGE
-17.596065,-48.574467,-17.596080,-48.574545,BRIDGE
-17.595912,-52.585675,-17.595837,-52.584958,BRIDGE
-17.592294,-51.122652,-17.592320,-51.122571,BRIDGE
-17.591154,-51.478758,-17.591202,-51.478793,BRIDGE
-17.590667,-52.599291,-17.590667,-52.598912,BRIDGE
-17.587710,-51.115329,-17.587695,-51.115258,BRIDGE
-17.586907,-52.633769,-17.586771,-52.633328,BRIDGE
-17.586888,-51.175948,-17.586880,-51.176170,BRIDGE
-17.585924,-50.778141,-17.585812,-50.778216,BRIDGE
-17.583647,-51.196284,-17.583638,-51.196200,BRIDGE
-17.583459,-50.949101,-17.582976,-50.949382,BRIDGE
-17.583436,-51.314146,-17.583541,-51.314380,BRIDGE
-17.582775,-51.089821,-17.582480,-51.089875,BRIDGE
-17.582628,-52.503964,-17.582143,-52.504178,BRIDGE
-17.580124,-48.495255,-17.579749,-48.494747,BRIDGE
-17.579744,-52.911252,-17.579815,-52.911210,BRIDGE
-17.579481,-47.479053,-17.579629,-47.478906,BRIDGE
-17.579328,-52.893833,-17.579199,-52.893781,BRIDGE
-17.578492,-48.585873,-17.578417,-48.585924,BRIDGE
-17.578350,-52.565711,-17.578186,-52.565768,BRIDGE
-17.578221,-52.565852,-17.578424,-52.565779,BRIDGE
-17.578113,-52.602758,-17.578074,-52.602518,BRIDGE
-17.578018,-51.554590,-17.577925,-51.554556,BRIDGE
-17.576511,-51.553976,-17.576248,-51.553876,BRIDGE
-17.575045,-51.217674,-17.575121,-51.217703,BRIDGE
-17.574661,-52.562478,-17.574594,-52.562321,BRIDGE
-17.574539,-52.558735,-17.574835,-52.558571,BRIDGE
-17.574169,-51.466938,-17.574163,-51.466866,BRIDGE
-17.573812,-52.872753,-17.573745,-52.872737,BRIDGE
-17.573768,-50.755591,-17.573962,-50.755630,BRIDGE
-17.573721,-52.554942,-17.574047,-52.554862,BRIDGE
-17.573549,-52.562360,-17.573522,-52.562246,BRIDGE
-17.572963,-48.957744,-17.572989,-48.957920,BRIDGE
-17.572634,-52.551809,-17.572882,-52.551709,BRIDGE
-17.572227,-52.562635,-17.572193,-52.562523,BRIDGE
-17.571958,-52.550286,-17.572192,-52.550177,BRIDGE
-17.571593,-52.088754,-17.571584,-52.088839,BRIDGE
-17.571272,-52.350099,-17.571158,-52.350131,BRIDGE
-17.571133,-52.562861,-17.571101,-52.562755,BRIDGE
-17.570331,-52.563045,-17.570272,-52.562874,BRIDGE
-17.569437,-52.637386,-17.569358,-52.637363,BRIDGE
-17.568613,-48.583289,-17.568570,-48.583217,BRIDGE
-17.568594,-48.245728,-17.568664,-48.245675,BRIDGE
-17.567467,-49.434566,-17.567277,-49.434707,BRIDGE
-17.566936,-50.168003,-17.567143,-50.167750,BRIDGE
-17.566781,-52.541567,-17.567062,-52.541461,BRIDGE
-17.566600,-52.545416,-17.566672,-52.545626,BRIDGE
-17.566391,-52.540684,-17.566556,-52.540620,BRIDGE
-17.566350,-47.704868,-17.567012,-47.704975,BRIDGE
-17.566255,-52.858816,-17.566196,-52.858840,BRIDGE
-17.565780,-52.097455,-17.565717,-52.097396,BRIDGE
-17.565316,-52.545641,-17.565288,-52.545411,BRIDGE
-17.563560,-52.544894,-17.563625,-52.545126,BRIDGE
-17.562814,-52.544802,-17.562774,-52.544659,BRIDGE
-17.562653,-52.854451,-17.562643,-52.854367,BRIDGE
-17.562054,-52.544646,-17.562025,-52.544527,BRIDGE
-17.561367,-52.544585,-17.561336,-52.544476,BRIDGE
-17.561304,-48.990159,-17.561320,-48.990076,BRIDGE
-17.561248,-52.544467,-17.561276,-52.544572,BRIDGE
-17.560516,-49.017351,-17.560437,-49.017331,BRIDGE
-17.559369,-52.543746,-17.559399,-52.543881,BRIDGE
-17.556665,-52.348467,-17.556536,-52.348447,BRIDGE
-17.556357,-51.004679,-17.556177,-51.004809,BRIDGE
-17.556271,-52.973850,-17.556406,-52.974175,BRIDGE
-17.555775,-49.419893,-17.555810,-49.419732,BRIDGE
-17.553806,-49.029378,-17.553792,-49.029562,BRIDGE
-17.551235,-49.439462,-17.550889,-49.439448,BRIDGE
-17.548636,-49.433988,-17.548703,-49.433844,BRIDGE
-17.548040,-52.784377,-17.548097,-52.784316,BRIDGE
-17.547494,-51.687939,-17.547411,-51.687797,BRIDGE
-17.547273,-50.581512,-17.547351,-50.581537,BRIDGE
-17.546816,-48.915895,-17.546918,-48.915757,BRIDGE
-17.546074,-50.169055,-17.545941,-50.169436,BRIDGE
-17.544453,-50.891914,-17.544347,-50.892121,BRIDGE
-17.543602,-52.225253,-17.543692,-52.225164,BRIDGE
-17.542727,-50.557444,-17.541887,-50.559216,BRIDGE
-17.541999,-50.559263,-17.542857,-50.557519,BRIDGE
-17.541431,-52.588431,-17.541326,-52.588496,BRIDGE
-17.540259,-49.725590,-17.540304,-49.725637,BRIDGE
-17.539839,-48.918602,-17.539876,-48.918680,BRIDGE
-17.538992,-52.153157,-17.538937,-52.153095,BRIDGE
-17.538451,-51.620352,-17.538473,-51.620419,BRIDGE
-17.535428,-49.385497,-17.535626,-49.385314,BRIDGE
-17.534901,-48.725821,-17.534571,-48.725936,BRIDGE
-17.534697,-49.492217,-17.534594,-49.492185,BRIDGE
-17.534640,-48.726085,-17.534864,-48.726014,BRIDGE
-17.534238,-50.202977,-17.534286,-50.203394,BRIDGE
-17.532397,-52.664962,-17.532397,-52.665080,BRIDGE
-17.532321,-49.443147,-17.532098,-49.443213,BRIDGE
-17.530736,-49.455033,-17.530628,-49.455020,BRIDGE
-17.529394,-50.754236,-17.529500,-50.754282,BRIDGE
-17.528692,-51.621519,-17.528676,-51.621441,BRIDGE
-17.526286,-49.703502,-17.526330,-49.703577,BRIDGE
-17.526070,-48.235187,-17.526053,-48.235336,TUNNEL
-17.525503,-51.123019,-17.525583,-51.123161,BRIDGE
-17.524939,-49.215342,-17.524567,-49.215375,BRIDGE
-17.524571,-49.215501,-17.524961,-49.215466,BRIDGE
-17.524067,-52.726751,-17.524181,-52.726629,BRIDGE
-17.523377,-48.855070,-17.523464,-48.855077,BRIDGE
-17.522529,-49.462566,-17.522316,-49.462380,BRIDGE
-17.521333,-51.443946,-17.521246,-51.443870,BRIDGE
-17.521108,-48.918796,-17.521147,-48.918719,BRIDGE
-17.520728,-48.882152,-17.520809,-48.882165,BRIDGE
-17.520089,-52.460763,-17.520055,-52.460685,BRIDGE
-17.519954,-49.215828,-17.519404,-49.215901,BRIDGE
-17.519870,-52.254775,-17.519784,-52.254768,BRIDGE
-17.519515,-49.590425,-17.519880,-49.590482,BRIDGE
-17.519360,-49.216039,-17.519958,-49.215977,BRIDGE
-17.518828,-49.257950,-17.518859,-49.257778,BRIDGE
-17.517528,-52.174421,-17.517515,-52.174309,BRIDGE
-17.516263,-49.431916,-17.516237,-49.431629,BRIDGE
-17.515525,-49.001531,-17.515444,-49.001523,BRIDGE
-17.514929,-49.589035,-17.515030,-49.588787,BRIDGE
-17.511701,-50.178916,-17.512259,-50.178951,BRIDGE
-17.511386,-49.560388,-17.511313,-49.560372,BRIDGE
-17.510401,-49.208621,-17.510462,-49.208597,BRIDGE
-17.509500,-48.766861,-17.509546,-48.767039,BRIDGE
-17.507852,-49.303785,-17.508500,-49.303305,BRIDGE
-17.507463,-52.538540,-17.507142,-52.538693,BRIDGE
-17.506816,-50.729822,-17.506847,-50.729937,BRIDGE
-17.505889,-49.177218,-17.505987,-49.177152,BRIDGE
-17.504462,-49.117974,-17.504543,-49.117980,BRIDGE
-17.502809,-52.198418,-17.502684,-52.198392,BRIDGE
-17.500831,-50.709707,-17.500913,-50.709829,BRIDGE
-17.500630,-50.853331,-17.500735,-50.853199,BRIDGE
-17.500428,-52.423677,-17.500504,-52.423657,BRIDGE
-17.499953,-47.616784,-17.500506,-47.616852,BRIDGE
-17.498594,-51.024492,-17.498654,-51.024478,BRIDGE
-17.497747,-49.668035,-17.497708,-49.668425,BRIDGE
-17.497707,-50.937488,-17.497584,-50.937585,BRIDGE
-17.495770,-50.039850,-17.496126,-50.040237,BRIDGE
-17.493043,-48.188640,-17.492683,-48.189005,BRIDGE
-17.492004,-50.582020,-17.491601,-50.582004,BRIDGE
-17.491163,-50.700815,-17.491129,-50.701047,BRIDGE
-17.489439,-50.830643,-17.489569,-50.830931,BRIDGE
-17.488922,-51.849257,-17.488896,-51.849085,BRIDGE
-17.487696,-48.348116,-17.487653,-48.348352,BRIDGE
-17.486701,-50.069728,-17.487178,-50.070425,BRIDGE
-17.486610,-49.114435,-17.486634,-49.114518,BRIDGE
-17.484335,-48.357458,-17.484383,-48.358079,BRIDGE
-17.482733,-50.649722,-17.482901,-50.650013,BRIDGE
-17.479791,-48.524175,-17.479755,-48.524177,BRIDGE
-17.477806,-50.682525,-17.477592,-50.682425,BRIDGE
-17.476218,-52.037136,-17.475972,-52.037344,BRIDGE
-17.475284,-49.105720,-17.475336,-49.105785,BRIDGE
-17.472542,-48.837626,-17.472479,-48.837573,BRIDGE
-17.467326,-52.435636,-17.467385,-52.435577,BRIDGE
-17.466629,-52.460395,-17.466650,-52.460313,BRIDGE
-17.466287,-48.878009,-17.466062,-48.878068,BRIDGE
-17.464103,-50.809598,-17.463832,-50.809754,BRIDGE
-17.461557,-52.812299,-17.461317,-52.812518,BRIDGE
-17.457454,-49.615614,-17.457795,-49.615453,BRIDGE
-17.456061,-49.218224,-17.456025,-49.218145,BRIDGE
-17.451170,-50.876341,-17.451083,-50.876094,BRIDGE
-17.449208,-52.680910,-17.448970,-52.680924,BRIDGE
-17.448879,-48.966586,-17.449122,-48.966789,BRIDGE
-17.448382,-47.804153,-17.448288,-47.804451,TUNNEL
-17.448377,-47.804484,-17.448482,-47.804169,TUNNEL
-17.447536,-50.746520,-17.447228,-50.746626,BRIDGE
-17.446176,-49.229797,-17.445235,-49.230295,BRIDGE
-17.445306,-49.230473,-17.446228,-49.229956,BRIDGE
-17.444158,-49.970670,-17.444197,-49.970670,BRIDGE
-17.442104,-49.767896,-17.442197,-49.767907,BRIDGE
-17.442061,-52.426484,-17.441985,-52.426527,BRIDGE
-17.441741,-48.744228,-17.441571,-48.744179,BRIDGE
-17.441104,-51.172869,-17.440752,-51.173061,BRIDGE
-17.439629,-48.985848,-17.439586,-48.985942,BRIDGE
-17.439560,-49.952857,-17.439700,-49.952800,BRIDGE
-17.439324,-48.175290,-17.439176,-48.175140,BRIDGE
-17.438967,-49.631315,-17.439910,-49.630637,BRIDGE
-17.437899,-49.904361,-17.437611,-49.904320,BRIDGE
-17.437552,-49.885779,-17.437698,-49.885688,BRIDGE
-17.436459,-49.818016,-17.436558,-49.817991,BRIDGE
-17.435562,-52.608191,-17.435353,-52.608751,BRIDGE
-17.432934,-49.928286,-17.433070,-49.928192,BRIDGE
-17.431728,-49.938244,-17.431731,-49.938114,BRIDGE
-17.431398,-52.187325,-17.431183,-52.187367,BRIDGE
-17.429874,-50.820764,-17.429655,-50.820585,BRIDGE
-17.427837,-53.049384,-17.428149,-53.049538,BRIDGE
-17.425581,-50.946920,-17.425432,-50.946974,BRIDGE
-17.425539,-52.803217,-17.425283,-52.803227,BRIDGE
-17.425086,-50.947214,-17.424969,-50.947336,BRIDGE
-17.424989,-52.733727,-17.424888,-52.733482,BRIDGE
-17.424479,-50.052615,-17.424100,-50.053299,BRIDGE
-17.421352,-52.602927,-17.421375,-52.602985,BRIDGE
-17.420616,-50.526902,-17.420392,-50.527090,BRIDGE
-17.419168,-52.908943,-17.419034,-52.908973,BRIDGE
-17.418264,-51.766794,-17.418216,-51.766725,BRIDGE
-17.416066,-50.807241,-17.415921,-50.807154,BRIDGE
-17.416004,-48.371995,-17.415509,-48.371812,BRIDGE
-17.415561,-48.724774,-17.415448,-48.724647,BRIDGE
-17.412365,-48.808253,-17.412471,-48.808271,BRIDGE
-17.411788,-52.603391,-17.411735,-52.603273,BRIDGE
-17.411494,-52.115883,-17.411698,-52.115828,BRIDGE
-17.410165,-47.786379,-17.409882,-47.785717,BRIDGE
-17.409694,-47.785758,-17.409983,-47.786438,BRIDGE
-17.407967,-48.807245,-17.408063,-48.807268,BRIDGE
-17.407680,-51.075281,-17.407746,-51.075105,BRIDGE
-17.406735,-52.530791,-17.406606,-52.530754,BRIDGE
-17.404995,-50.795782,-17.405177,-50.795642,BRIDGE
-17.403956,-49.166521,-17.403971,-49.166604,BRIDGE
-17.403595,-52.556480,-17.403680,-52.556467,BRIDGE
-17.400781,-50.389158,-17.400559,-50.388939,BRIDGE
-17.400493,-50.389053,-17.400681,-50.389243,BRIDGE
-17.399031,-52.659841,-17.399045,-52.661370,BRIDGE
-17.398878,-49.678738,-17.399013,-49.678640,BRIDGE
-17.398777,-49.782907,-17.398961,-49.782700,BRIDGE
-17.396793,-49.974477,-17.396715,-49.974523,BRIDGE
-17.394832,-50.383278,-17.394324,-50.382772,BRIDGE
-17.394273,-50.382889,-17.394727,-50.383330,BRIDGE
-17.392400,-49.128472,-17.392322,-49.128447,BRIDGE
-17.390055,-49.379940,-17.390318,-49.379854,BRIDGE
-17.389851,-49.575943,-17.389999,-49.575797,BRIDGE
-17.389256,-49.216775,-17.389174,-49.217512,BRIDGE
-17.387594,-49.865747,-17.387653,-49.865613,BRIDGE
-17.386845,-50.848923,-17.386853,-50.849008,BRIDGE
-17.384410,-49.970896,-17.384286,-49.970818,BRIDGE
-17.383247,-49.616725,-17.383001,-49.616768,BRIDGE
-17.383237,-50.558425,-17.383230,-50.558531,BRIDGE
-17.381144,-49.149906,-17.381224,-49.149915,BRIDGE
-17.380961,-49.952864,-17.381028,-49.952817,BRIDGE
-17.379599,-48.843448,-17.379669,-48.843405,BRIDGE
-17.379070,-49.861584,-17.379289,-49.861169,BRIDGE
-17.378872,-49.334058,-17.378969,-49.334098,BRIDGE
-17.377439,-47.519840,-17.377814,-47.520739,BRIDGE
-17.374735,-48.246011,-17.374261,-48.245995,BRIDGE
-17.373737,-53.092435,-17.373748,-53.092909,BRIDGE
-17.373083,-50.776307,-17.373220,-50.776466,BRIDGE
-17.372724,-51.304701,-17.372613,-51.304817,BRIDGE
-17.370959,-48.067200,-17.370879,-48.067195,BRIDGE
-17.370121,-53.059650,-17.370203,-53.059654,BRIDGE
-17.369576,-49.274692,-17.369712,-49.274592,BRIDGE
-17.368925,-48.249375,-17.368784,-48.249636,BRIDGE
-17.368330,-52.699552,-17.368445,-52.699590,BRIDGE
-17.365504,-53.090099,-17.365490,-53.090024,BRIDGE
-17.363593,-51.376944,-17.363523,-51.376998,BRIDGE
-17.363364,-52.722919,-17.363369,-52.723011,BRIDGE
-17.362872,-52.724635,-17.362748,-52.724591,BRIDGE
-17.361020,-48.250429,-17.359958,-48.248855,BRIDGE
-17.360987,-52.961484,-17.360906,-52.961470,BRIDGE
-17.360822,-51.256338,-17.360902,-51.256354,BRIDGE
-17.359452,-51.181490,-17.358782,-51.181834,BRIDGE
-17.358293,-49.392651,-17.358654,-49.392313,BRIDGE
-17.357324,-52.822405,-17.357192,-52.822750,BRIDGE
-17.356004,-49.366311,-17.355924,-49.366324,BRIDGE
-17.355306,-48.157442,-17.355169,-48.157247,BRIDGE
-17.355097,-50.023052,-17.355165,-50.022648,BRIDGE
-17.354058,-52.974504,-17.353986,-52.974546,BRIDGE
-17.354017,-49.327424,-17.354105,-49.327168,BRIDGE
-17.354002,-51.239738,-17.354046,-51.239667,BRIDGE
-17.351919,-52.817507,-17.351564,-52.817542,BRIDGE
-17.351638,-52.824928,-17.351281,-52.824958,BRIDGE
-17.349840,-47.982172,-17.349758,-47.982177,BRIDGE
-17.348063,-49.567925,-17.348094,-49.567773,BRIDGE
-17.347886,-47.490909,-17.347494,-47.490721,BRIDGE
-17.343197,-48.906816,-17.342927,-48.907482,BRIDGE
-17.343121,-50.821225,-17.343107,-50.821313,BRIDGE
-17.342771,-49.339855,-17.342843,-49.339816,BRIDGE
-17.342430,-50.996840,-17.342246,-50.996505,BRIDGE
-17.342334,-52.316963,-17.342582,-52.317333,BRIDGE
-17.341858,-50.418917,-17.341985,-50.418746,BRIDGE
-17.340451,-51.458990,-17.340356,-51.458930,BRIDGE
-17.339782,-49.940097,-17.339766,-49.939966,BRIDGE
-17.338841,-52.495944,-17.338959,-52.495947,BRIDGE
-17.337237,-49.933196,-17.337110,-49.933185,BRIDGE
-17.335745,-53.200568,-17.335825,-53.200466,BRIDGE
-17.335370,-51.034435,-17.335144,-51.034423,BRIDGE
-17.334544,-49.401014,-17.334816,-49.401258,BRIDGE
-17.334191,-49.545561,-17.334020,-49.545642,BRIDGE
-17.333983,-50.483709,-17.333862,-50.483835,BRIDGE
-17.333717,-50.695711,-17.333623,-50.695822,BRIDGE
-17.333679,-52.403479,-17.333539,-52.403401,BRIDGE
-17.333271,-48.486648,-17.333362,-48.486640,BRIDGE
-17.332468,-49.001726,-17.332487,-49.001803,BRIDGE
-17.332326,-50.059355,-17.332351,-50.059436,BRIDGE
-17.331263,-50.767388,-17.331416,-50.767485,BRIDGE
-17.329924,-48.601554,-17.329621,-48.601131,BRIDGE
-17.328986,-51.295898,-17.329105,-51.296059,BRIDGE
-17.327679,-52.452908,-17.327580,-52.452941,BRIDGE
-17.326601,-49.897691,-17.326511,-49.897502,BRIDGE
-17.326427,-48.082155,-17.326410,-48.082072,BRIDGE
-17.325503,-50.681225,-17.325844,-50.682668,BRIDGE
-17.323390,-49.421211,-17.323472,-49.421211,BRIDGE
-17.320898,-50.714469,-17.320952,-50.714260,BRIDGE
-17.320294,-50.826559,-17.320285,-50.826620,BRIDGE
-17.319568,-50.007886,-17.319469,-50.008193,BRIDGE
-17.319150,-48.957234,-17.319242,-48.957734,BRIDGE
-17.318740,-53.211877,-17.318466,-53.212086,BRIDGE
-17.318589,-50.566937,-17.318388,-50.566874,BRIDGE
-17.315300,-52.886521,-17.315380,-52.886502,BRIDGE
-17.315131,-49.406928,-17.315184,-49.406993,BRIDGE
-17.311097,-47.500581,-17.311145,-47.500667,BRIDGE
-17.310921,-49.573703,-17.311028,-49.573821,BRIDGE
-17.309370,-51.025852,-17.309338,-51.025942,BRIDGE
-17.309277,-49.919430,-17.309179,-49.919529,BRIDGE
-17.302263,-47.568345,-17.302371,-47.568300,BRIDGE
-17.301278,-50.086744,-17.301358,-50.086760,BRIDGE
-17.300251,-50.801931,-17.300158,-50.801978,BRIDGE
-17.300206,-50.187379,-17.300103,-50.187068,BRIDGE
-17.297830,-48.061946,-17.297752,-48.061920,BRIDGE
-17.297337,-48.681117,-17.297327,-48.681365,BRIDGE
-17.296908,-50.097806,-17.296801,-50.097813,BRIDGE
-17.296867,-49.608314,-17.296526,-49.608510,BRIDGE
-17.296255,-50.174323,-17.296304,-50.174087,BRIDGE
-17.296220,-50.097866,-17.296097,-50.097871,BRIDGE
-17.295530,-47.756880,-17.294736,-47.756899,BRIDGE
-17.294852,-49.376292,-17.294785,-49.376242,BRIDGE
-17.294746,-48.532667,-17.295071,-48.533038,BRIDGE
-17.294734,-47.757116,-17.295463,-47.757090,BRIDGE
-17.291280,-50.550511,-17.291235,-50.550572,BRIDGE
-17.290120,-49.385750,-17.290180,-49.385809,BRIDGE
-17.289138,-51.558940,-17.289218,-51.558925,BRIDGE
-17.287823,-49.389235,-17.287903,-49.389264,BRIDGE
-17.287594,-50.686202,-17.287380,-50.686291,BRIDGE
-17.287093,-49.579124,-17.287005,-49.579380,BRIDGE
-17.284682,-48.201517,-17.284159,-48.201297,BRIDGE
-17.282038,-48.612276,-17.282017,-48.612170,BRIDGE
-17.280871,-47.760487,-17.280389,-47.760760,BRIDGE
-17.280487,-47.760991,-17.281002,-47.760663,BRIDGE
-17.280178,-51.690253,-17.280168,-51.690398,BRIDGE
-17.278784,-50.153109,-17.279014,-50.153189,BRIDGE
-17.278495,-49.312196,-17.278686,-49.312185,BRIDGE
-17.278393,-49.623650,-17.277778,-49.624295,BRIDGE
-17.277106,-50.766360,-17.276824,-50.766341,BRIDGE
-17.276030,-50.583060,-17.275983,-50.583129,BRIDGE
-17.275596,-49.358869,-17.275306,-49.358551,BRIDGE
-17.275016,-50.147148,-17.274985,-50.146982,BRIDGE
-17.274846,-50.245245,-17.274752,-50.244644,BRIDGE
-17.274527,-50.244698,-17.274628,-50.245271,BRIDGE
-17.273307,-50.120655,-17.273366,-50.120534,TUNNEL
-17.272681,-50.121660,-17.272816,-50.121439,BRIDGE
-17.271432,-49.046002,-17.271329,-49.046089,BRIDGE
-17.270357,-49.370690,-17.270292,-49.370652,BRIDGE
-17.269756,-47.613983,-17.269825,-47.613939,BRIDGE
-17.268891,-48.745356,-17.268824,-48.745293,BRIDGE
-17.268485,-47.801090,-17.268582,-47.801210,BRIDGE
-17.264558,-49.972829,-17.264235,-49.972786,BRIDGE
-17.264545,-50.736521,-17.264907,-50.736254,BRIDGE
-17.264406,-52.090547,-17.264247,-52.090688,BRIDGE
-17.263437,-48.892621,-17.263355,-48.892626,BRIDGE
-17.262640,-49.498086,-17.262983,-49.497968,BRIDGE
-17.261258,-48.589548,-17.261003,-48.590288,BRIDGE
-17.260650,-49.317337,-17.260805,-49.317357,BRIDGE
-17.259392,-48.022300,-17.259379,-48.022384,BRIDGE
-17.258461,-49.388074,-17.258325,-49.388001,BRIDGE
-17.258132,-49.057159,-17.257719,-49.057505,BRIDGE
-17.257628,-49.276582,-17.257274,-49.276143,BRIDGE
-17.255539,-50.065474,-17.255478,-50.065418,BRIDGE
-17.255242,-50.075621,-17.255258,-50.075540,BRIDGE
-17.253345,-50.151462,-17.253332,-50.151366,BRIDGE
-17.253326,-53.143578,-17.254187,-53.143305,BRIDGE
-17.250685,-48.587655,-17.251032,-48.587394,BRIDGE
-17.250182,-49.241876,-17.250204,-49.241532,BRIDGE
-17.250116,-49.056175,-17.250178,-49.056235,BRIDGE
-17.250012,-51.808983,-17.249963,-51.809147,BRIDGE
-17.249624,-49.241494,-17.249601,-49.241831,BRIDGE
-17.248315,-50.059138,-17.248339,-50.059057,BRIDGE
-17.247278,-51.882894,-17.247662,-51.883069,BRIDGE
-17.246969,-49.034604,-17.246909,-49.034624,BRIDGE
-17.243636,-50.541162,-17.243697,-50.541107,BRIDGE
-17.241648,-50.015913,-17.241676,-50.016213,BRIDGE
-17.239878,-51.795307,-17.239753,-51.795221,BRIDGE
-17.239789,-48.912010,-17.240070,-48.912352,BRIDGE
-17.239655,-49.678568,-17.239693,-49.678781,BRIDGE
-17.239017,-50.062438,-17.239097,-50.062448,BRIDGE
-17.238971,-49.776096,-17.238986,-49.776259,BRIDGE
-17.236983,-50.144913,-17.236924,-50.144819,BRIDGE
-17.235832,-50.153441,-17.235981,-50.153441,BRIDGE
-17.234744,-52.573919,-17.234977,-52.574321,BRIDGE
-17.231477,-51.524209,-17.231613,-51.524071,BRIDGE
-17.231282,-49.412588,-17.231348,-49.412638,BRIDGE
-17.229889,-52.589660,-17.229614,-52.589711,BRIDGE
-17.229740,-49.316966,-17.229518,-49.316807,BRIDGE
-17.229242,-49.039299,-17.229166,-49.039265,BRIDGE
-17.228522,-49.965343,-17.228253,-49.965418,BRIDGE
-17.228193,-50.647407,-17.228227,-50.647294,BRIDGE
-17.227781,-52.732462,-17.227419,-52.732737,BRIDGE
-17.227260,-49.303002,-17.227223,-49.302924,BRIDGE
-17.227056,-48.949592,-17.227072,-48.949509,BRIDGE
-17.225792,-48.586501,-17.225835,-48.586371,BRIDGE
-17.223932,-50.582235,-17.223908,-50.582415,BRIDGE
-17.221991,-49.076078,-17.221945,-49.076012,BRIDGE
-17.220917,-49.547267,-17.221142,-49.547093,BRIDGE
-17.219486,-52.720266,-17.219743,-52.720714,BRIDGE
-17.217983,-49.748685,-17.218043,-49.748744,BRIDGE
-17.217627,-50.477139,-17.217548,-50.477100,BRIDGE
-17.217306,-51.218644,-17.217326,-51.218562,BRIDGE
-17.216673,-52.927510,-17.216667,-52.927730,BRIDGE
-17.215130,-48.848285,-17.215211,-48.848286,BRIDGE
-17.213193,-49.392705,-17.213184,-49.392598,BRIDGE
-17.212693,-49.397008,-17.212607,-49.396885,BRIDGE
-17.212382,-50.668946,-17.212358,-50.668846,BRIDGE
-17.211871,-49.064007,-17.211908,-49.063928,BRIDGE
-17.209112,-47.745359,-17.208213,-47.747233,BRIDGE
-17.208273,-47.747271,-17.209204,-47.745277,BRIDGE
-17.207047,-49.706182,-17.206613,-49.705726,BRIDGE
-17.206404,-49.457212,-17.206346,-49.457374,BRIDGE
-17.206151,-50.106052,-17.206139,-50.105453,BRIDGE
-17.206017,-51.647198,-17.205885,-51.647234,BRIDGE
-17.205949,-50.105443,-17.205961,-50.106022,BRIDGE
-17.205792,-51.251796,-17.205890,-51.251750,BRIDGE
-17.205440,-48.624551,-17.205394,-48.624427,BRIDGE
-17.205016,-49.249840,-17.204968,-49.249891,BRIDGE
-17.204917,-49.060971,-17.204994,-49.060997,BRIDGE
-17.203962,-48.979958,-17.204000,-48.980036,BRIDGE
-17.203769,-50.065215,-17.203709,-50.065258,BRIDGE
-17.202928,-48.872782,-17.202909,-48.872678,BRIDGE
-17.202381,-52.663758,-17.202377,-52.663844,BRIDGE
-17.201966,-49.406357,-17.201890,-49.406293,BRIDGE
-17.201389,-49.060516,-17.201452,-49.060462,BRIDGE
-17.200153,-51.156635,-17.199760,-51.156595,BRIDGE
-17.200057,-48.943888,-17.200132,-48.943857,BRIDGE
-17.199920,-49.118468,-17.199738,-49.119603,BRIDGE
-17.199368,-49.048125,-17.199327,-49.048199,BRIDGE
-17.198710,-48.943978,-17.198690,-48.944061,BRIDGE
-17.196327,-48.869283,-17.196365,-48.869210,BRIDGE
-17.195370,-48.971610,-17.195322,-48.971530,BRIDGE
-17.191625,-49.993562,-17.191561,-49.993618,BRIDGE
-17.191088,-50.616489,-17.191261,-50.616567,BRIDGE
-17.190164,-48.903339,-17.190124,-48.903413,BRIDGE
-17.188343,-48.317911,-17.188552,-48.317422,BRIDGE
-17.186514,-49.082331,-17.186476,-49.082256,BRIDGE
-17.185750,-49.080002,-17.185758,-49.079916,BRIDGE
-17.183782,-49.743036,-17.183862,-49.743024,BRIDGE
-17.183105,-49.724375,-17.183147,-49.724299,BRIDGE
-17.182488,-47.590037,-17.182512,-47.590345,BRIDGE
-17.181831,-51.741630,-17.181939,-51.741818,BRIDGE
-17.181462,-51.766934,-17.181554,-51.767058,BRIDGE
-17.180985,-48.896129,-17.180977,-48.896043,BRIDGE
-17.179905,-49.888244,-17.179990,-49.888244,BRIDGE
-17.178509,-52.474525,-17.178590,-52.474488,BRIDGE
-17.177938,-51.981854,-17.177736,-51.982045,BRIDGE
-17.177585,-50.131283,-17.177496,-50.131184,BRIDGE
-17.177407,-48.947255,-17.177407,-48.947348,BRIDGE
-17.177060,-49.977021,-17.176731,-49.977050,BRIDGE
-17.176498,-49.210260,-17.176244,-49.210280,BRIDGE
-17.176261,-49.210429,-17.176508,-49.210411,BRIDGE
-17.175656,-49.886938,-17.175663,-49.886853,BRIDGE
-17.175013,-50.980387,-17.174967,-50.980460,BRIDGE
-17.173517,-50.847500,-17.173203,-50.847015,BRIDGE
-17.173100,-48.938396,-17.172961,-48.938288,BRIDGE
-17.172297,-50.612740,-17.172260,-50.612756,BRIDGE
-17.172244,-48.726317,-17.171954,-48.726699,BRIDGE
-17.170543,-48.848962,-17.170490,-48.848842,BRIDGE
-17.169602,-52.479871,-17.169612,-52.479785,BRIDGE
-17.168157,-48.680499,-17.168554,-48.680652,BRIDGE
-17.167186,-50.852366,-17.167130,-50.852287,BRIDGE
-17.166036,-48.873299,-17.166115,-48.873281,BRIDGE
-17.165976,-50.832034,-17.165932,-50.831930,BRIDGE
-17.165237,-50.859166,-17.165178,-50.859089,BRIDGE
-17.164920,-50.381359,-17.164782,-50.381305,BRIDGE
-17.164219,-49.340221,-17.164252,-49.340143,BRIDGE
-17.162080,-49.438902,-17.162017,-49.438847,BRIDGE
-17.161250,-52.653537,-17.161524,-52.653439,BRIDGE
-17.160185,-51.159504,-17.159842,-51.159467,BRIDGE
-17.159577,-48.679146,-17.160009,-48.679181,BRIDGE
-17.158736,-47.923839,-17.159290,-47.923715,BRIDGE
-17.158463,-49.237814,-17.158359,-49.237775,BRIDGE
-17.156265,-49.337261,-17.156302,-49.337186,BRIDGE
-17.155466,-48.940125,-17.155464,-48.940040,BRIDGE
-17.154474,-51.227604,-17.154582,-51.227585,BRIDGE
-17.153842,-50.361144,-17.153890,-50.361093,BRIDGE
-17.153764,-49.049676,-17.153836,-49.049718,BRIDGE
-17.152472,-48.646291,-17.152201,-48.646163,BRIDGE
-17.151340,-49.360049,-17.151329,-49.359958,BRIDGE
-17.150781,-49.743962,-17.150864,-49.744023,BRIDGE
-17.148276,-48.137335,-17.148721,-48.136380,BRIDGE
-17.148259,-49.017400,-17.148294,-49.017537,BRIDGE
-17.147557,-49.443047,-17.147514,-49.442976,BRIDGE
-17.147439,-49.043692,-17.147437,-49.043606,BRIDGE
-17.147380,-49.215298,-17.146906,-49.215287,BRIDGE
-17.146945,-48.218767,-17.147207,-48.218749,BRIDGE
-17.146880,-49.215478,-17.147337,-49.215491,BRIDGE
-17.146311,-50.466679,-17.146286,-50.466750,BRIDGE
-17.145970,-48.917708,-17.146016,-48.917713,BRIDGE
-17.144683,-50.059959,-17.144759,-50.060059,BRIDGE
-17.143303,-50.913893,-17.143252,-50.913888,BRIDGE
-17.143216,-49.679199,-17.143398,-49.679925,BRIDGE
-17.143199,-49.331821,-17.143239,-49.331780,BRIDGE
-17.142107,-50.095244,-17.142101,-50.095099,TUNNEL
-17.137861,-49.993167,-17.138116,-49.993013,BRIDGE
-17.137676,-49.769131,-17.137745,-49.769139,BRIDGE
-17.137363,-50.095576,-17.137475,-50.095566,BRIDGE
-17.137241,-49.032173,-17.137315,-49.032139,BRIDGE
-17.136712,-49.315568,-17.136539,-49.315641,BRIDGE
-17.134594,-49.985987,-17.134289,-49.986176,BRIDGE
-17.133887,-51.741040,-17.133960,-51.741262,BRIDGE
-17.132922,-51.187170,-17.133086,-51.187124,BRIDGE
-17.132503,-51.046781,-17.132611,-51.046569,BRIDGE
-17.131625,-49.626520,-17.131695,-49.626391,BRIDGE
-17.130759,-51.737088,-17.130926,-51.737037,BRIDGE
-17.130323,-50.031681,-17.130278,-50.031609,BRIDGE
-17.130141,-47.607891,-17.130319,-47.607884,BRIDGE
-17.129435,-49.212653,-17.129353,-49.212623,BRIDGE
-17.128870,-49.406907,-17.128908,-49.406982,BRIDGE
-17.128223,-48.932974,-17.127667,-48.933167,BRIDGE
-17.127542,-53.039369,-17.127666,-53.039407,BRIDGE
-17.127493,-50.638624,-17.127315,-50.638015,BRIDGE
-17.126156,-49.342560,-17.126206,-49.342487,BRIDGE
-17.125590,-49.026013,-17.125640,-49.025880,BRIDGE
-17.125396,-50.131899,-17.125566,-50.131740,BRIDGE
-17.124435,-50.472718,-17.124532,-50.472935,BRIDGE
-17.124401,-48.911482,-17.124446,-48.911408,BRIDGE
-17.124117,-51.131610,-17.124003,-51.131840,BRIDGE
-17.124057,-50.656127,-17.124003,-50.656141,BRIDGE
-17.122105,-48.667803,-17.122686,-48.667886,BRIDGE
-17.121705,-49.343640,-17.121944,-49.343372,BRIDGE
-17.121474,-50.124183,-17.121386,-50.124246,BRIDGE
-17.121068,-51.670506,-17.121084,-51.670577,BRIDGE
-17.118309,-49.405987,-17.118422,-49.405916,BRIDGE
-17.117791,-49.204288,-17.117769,-49.204156,BRIDGE
-17.116504,-50.683542,-17.116356,-50.683466,BRIDGE
-17.115191,-48.685932,-17.115128,-48.686030,BRIDGE
-17.114440,-49.368797,-17.114496,-49.368678,BRIDGE
-17.113922,-49.117880,-17.113986,-49.118350,BRIDGE
-17.112176,-50.090418,-17.112176,-50.090624,TUNNEL
-17.112104,-50.382082,-17.112189,-50.382043,BRIDGE
-17.111858,-49.365319,-17.111750,-49.365286,BRIDGE
-17.111500,-49.046399,-17.111568,-49.046446,BRIDGE
-17.110886,-50.209144,-17.111099,-50.208759,BRIDGE
-17.110861,-47.949082,-17.110784,-47.949055,BRIDGE
-17.110061,-49.624786,-17.110132,-49.624912,BRIDGE
-17.109905,-49.681375,-17.109853,-49.681440,BRIDGE
-17.109789,-51.703119,-17.109726,-51.703225,BRIDGE
-17.109036,-50.315539,-17.109290,-50.315304,BRIDGE
-17.108454,-49.920006,-17.108538,-49.919997,BRIDGE
-17.107751,-49.400563,-17.107831,-49.400556,BRIDGE
-17.107671,-49.404111,-17.107303,-49.404117,BRIDGE
-17.103186,-52.956644,-17.103104,-52.957841,BRIDGE
-17.100818,-47.296059,-17.100647,-47.295882,BRIDGE
-17.098157,-49.616691,-17.098398,-49.616434,BRIDGE
-17.097669,-47.995185,-17.097921,-47.995480,BRIDGE
-17.097290,-52.637539,-17.097149,-52.637233,BRIDGE
-17.096711,-47.943554,-17.096645,-47.943607,BRIDGE
-17.096279,-48.731445,-17.096026,-48.731430,BRIDGE
-17.096253,-48.859608,-17.095900,-48.859879,BRIDGE
-17.096222,-51.720894,-17.096162,-51.720978,BRIDGE
-17.095464,-50.384923,-17.095563,-50.384916,BRIDGE
-17.094611,-51.961626,-17.094622,-51.961534,BRIDGE
-17.092587,-49.298522,-17.092581,-49.298436,BRIDGE
-17.092070,-49.693165,-17.091957,-49.693187,BRIDGE
-17.091980,-51.754471,-17.092188,-51.754474,BRIDGE
-17.091963,-50.948769,-17.091854,-50.948815,BRIDGE
-17.090971,-51.752081,-17.090895,-51.752296,BRIDGE
-17.089456,-49.043385,-17.089489,-49.043463,BRIDGE
-17.089260,-50.948512,-17.089312,-50.948303,BRIDGE
-17.088371,-47.729933,-17.088191,-47.729628,BRIDGE
-17.088340,-48.585487,-17.088342,-48.585285,BRIDGE
-17.088236,-47.729556,-17.088426,-47.729891,BRIDGE
-17.088190,-49.975375,-17.088801,-49.975329,BRIDGE
-17.088126,-49.934360,-17.088203,-49.934385,BRIDGE
-17.087984,-52.507793,-17.088363,-52.507863,BRIDGE
-17.087830,-52.403814,-17.087973,-52.404227,BRIDGE
-17.087231,-49.030688,-17.087253,-49.030770,BRIDGE
-17.086949,-49.039922,-17.086868,-49.039923,BRIDGE
-17.086319,-50.070533,-17.085740,-50.071392,BRIDGE
-17.086036,-48.717882,-17.085995,-48.717805,BRIDGE
-17.085786,-49.949511,-17.085720,-49.949460,BRIDGE
-17.085440,-52.505785,-17.085376,-52.505837,BRIDGE
-17.084236,-48.893830,-17.083900,-48.894204,BRIDGE
-17.083825,-50.934318,-17.083974,-50.934243,BRIDGE
-17.083044,-49.701243,-17.082961,-49.701279,BRIDGE
-17.081984,-49.338065,-17.081730,-49.337803,BRIDGE
-17.081713,-52.548570,-17.082041,-52.548457,BRIDGE
-17.081150,-50.092579,-17.081037,-50.092509,BRIDGE
-17.081103,-49.587419,-17.081182,-49.587536,BRIDGE
-17.080873,-50.289039,-17.081107,-50.288635,BRIDGE
-17.080867,-52.551180,-17.080738,-52.551150,BRIDGE
-17.080414,-51.760812,-17.080375,-51.760908,BRIDGE
-17.079571,-48.866664,-17.079630,-48.866606,BRIDGE
-17.078218,-48.678443,-17.078320,-48.678481,BRIDGE
-17.077341,-50.082575,-17.077316,-50.082655,BRIDGE
-17.076933,-49.632976,-17.076950,-49.633061,BRIDGE
-17.076610,-50.079573,-17.076667,-50.079736,BRIDGE
-17.075392,-49.117026,-17.075369,-49.116898,BRIDGE
-17.072851,-51.944303,-17.072895,-51.944416,BRIDGE
-17.072816,-52.462390,-17.072867,-52.462454,BRIDGE
-17.072392,-49.948743,-17.072426,-49.948697,BRIDGE
-17.072214,-50.116178,-17.072067,-50.116180,BRIDGE
-17.072127,-50.107200,-17.072336,-50.107276,BRIDGE
-17.071553,-49.223855,-17.071456,-49.223869,BRIDGE
-17.071453,-49.224058,-17.071562,-49.224039,BRIDGE
-17.071212,-49.705088,-17.071149,-49.705143,BRIDGE
-17.067650,-49.221415,-17.067723,-49.221191,BRIDGE
-17.067438,-49.695210,-17.067365,-49.695175,BRIDGE
-17.066939,-47.881273,-17.066874,-47.881160,BRIDGE
-17.066603,-49.821800,-17.066580,-49.821591,BRIDGE
-17.065596,-49.694983,-17.065555,-49.695054,BRIDGE
-17.061782,-50.128948,-17.061948,-50.128931,BRIDGE
-17.060479,-49.922489,-17.060560,-49.922502,BRIDGE
-17.059667,-50.577490,-17.059723,-50.577292,BRIDGE
-17.059460,-50.130369,-17.059136,-50.130614,BRIDGE
-17.057974,-50.076644,-17.058185,-50.076429,BRIDGE
-17.057374,-52.622500,-17.057374,-52.622800,BRIDGE
-17.057056,-49.235600,-17.057014,-49.235495,BRIDGE
-17.054131,-51.917779,-17.054087,-51.917921,BRIDGE
-17.053880,-48.674583,-17.054072,-48.674212,BRIDGE
-17.053727,-48.264527,-17.053761,-48.264706,BRIDGE
-17.052542,-48.554285,-17.052474,-48.554716,BRIDGE
-17.051158,-51.362629,-17.051872,-51.362511,BRIDGE
-17.050705,-49.973292,-17.050638,-49.973343,BRIDGE
-17.049194,-48.165410,-17.049319,-48.165688,BRIDGE
-17.048323,-48.938135,-17.047775,-48.938584,BRIDGE
-17.047800,-51.811766,-17.047439,-51.811958,BRIDGE
-17.046838,-49.896149,-17.046863,-49.896066,BRIDGE
-17.046313,-52.697616,-17.046239,-52.697661,BRIDGE
-17.045431,-52.793819,-17.045587,-52.793801,BRIDGE
-17.045398,-49.574619,-17.045345,-49.574464,BRIDGE
-17.045261,-52.679685,-17.045223,-52.679764,BRIDGE
-17.044871,-48.936973,-17.044886,-48.936807,BRIDGE
-17.044593,-50.139880,-17.044241,-50.140098,BRIDGE
-17.044486,-49.619444,-17.044435,-49.619279,BRIDGE
-17.043232,-51.556542,-17.043147,-51.556161,BRIDGE
-17.042927,-52.350331,-17.042838,-52.349907,BRIDGE
-17.042741,-50.316511,-17.043005,-50.316692,BRIDGE
-17.042025,-47.937016,-17.041902,-47.936819,BRIDGE
-17.041174,-49.559927,-17.041535,-49.560031,BRIDGE
-17.039661,-50.339493,-17.039580,-50.339509,BRIDGE
-17.039382,-47.943301,-17.040347,-47.942928,BRIDGE
-17.038848,-47.946183,-17.038993,-47.946092,BRIDGE
-17.038461,-50.148126,-17.038457,-50.147771,BRIDGE
-17.037117,-52.111855,-17.037259,-52.111963,BRIDGE
-17.036745,-52.800894,-17.036872,-52.800854,BRIDGE
-17.036396,-49.034069,-17.036307,-49.034064,BRIDGE
-17.035993,-48.511123,-17.035794,-48.511466,BRIDGE
-17.035518,-48.193804,-17.035373,-48.193638,BRIDGE
-17.034848,-48.127905,-17.035010,-48.128195,BRIDGE
-17.034694,-47.163523,-17.034516,-47.160884,BRIDGE
-17.033488,-51.084805,-17.033560,-51.084763,BRIDGE
-17.032252,-47.368486,-17.032553,-47.368593,BRIDGE
-17.031239,-48.486793,-17.031220,-48.486923,BRIDGE
-17.029759,-50.048733,-17.029727,-50.048646,BRIDGE
-17.029682,-50.362658,-17.029637,-50.362728,BRIDGE
-17.029609,-49.924131,-17.029671,-49.924066,BRIDGE
-17.028422,-48.295321,-17.028593,-48.295406,BRIDGE
-17.027113,-48.680830,-17.027099,-48.680720,BRIDGE
-17.026796,-49.123519,-17.026710,-49.123328,BRIDGE
-17.025273,-52.831943,-17.025755,-52.833037,BRIDGE
-17.022618,-49.691823,-17.022513,-49.691739,BRIDGE
-17.022464,-52.621885,-17.022255,-52.621790,BRIDGE
-17.022188,-50.066504,-17.021945,-50.066205,BRIDGE
-17.022120,-48.309400,-17.022411,-48.309442,BRIDGE
-17.021975,-50.488652,-17.021922,-50.488587,BRIDGE
-17.021711,-52.094662,-17.021780,-52.094864,BRIDGE
-17.019423,-48.885167,-17.019472,-48.885150,BRIDGE
-17.019067,-50.061031,-17.019097,-50.060948,BRIDGE
-17.017806,-50.401978,-17.017871,-50.401922,BRIDGE
-17.017485,-49.094460,-17.017409,-49.094231,BRIDGE
-17.016758,-52.087351,-17.016950,-52.087391,BRIDGE
-17.015922,-51.201006,-17.015604,-51.200754,BRIDGE
-17.015528,-49.081971,-17.015890,-49.081285,BRIDGE
-17.013507,-51.274534,-17.013442,-51.274585,BRIDGE
-17.012826,-51.008266,-17.012694,-51.008154,BRIDGE
-17.007503,-50.408218,-17.007570,-50.408170,BRIDGE
-17.006986,-49.084886,-17.006221,-49.084500,BRIDGE
-17.004362,-48.347291,-17.004327,-48.346862,BRIDGE
-17.004136,-50.372983,-17.004177,-50.372907,BRIDGE
-17.002713,-49.115345,-17.002705,-49.115230,BRIDGE
-17.001439,-49.102967,-17.001224,-49.102854,BRIDGE
-17.000968,-49.130923,-17.000809,-49.130747,BRIDGE
-17.000868,-49.921457,-17.000924,-49.921371,BRIDGE
-17.000272,-52.648195,-17.000287,-52.648112,BRIDGE
-16.999037,-50.410144,-16.999117,-50.410125,BRIDGE
-16.998409,-47.162579,-16.998167,-47.162520,BRIDGE
-16.997901,-50.410494,-16.998082,-50.410422,BRIDGE
-16.996257,-47.276937,-16.996224,-47.277114,BRIDGE
-16.994647,-50.400292,-16.994617,-50.400213,BRIDGE
-16.992572,-50.428311,-16.992514,-50.428251,BRIDGE
-16.992270,-50.011306,-16.992341,-50.011263,BRIDGE
-16.992177,-50.227305,-16.991905,-50.227404,BRIDGE
-16.992166,-49.160866,-16.992121,-49.160986,BRIDGE
-16.992050,-49.201139,-16.992275,-49.201171,BRIDGE
-16.991906,-49.904363,-16.991982,-49.904314,BRIDGE
-16.991174,-49.158629,-16.991016,-49.158668,BRIDGE
-16.991091,-49.907011,-16.991047,-49.906935,BRIDGE
-16.991022,-49.144742,-16.990851,-49.144763,BRIDGE
-16.990998,-51.170781,-16.990750,-51.170793,BRIDGE
-16.990861,-50.580815,-16.990859,-50.580722,BRIDGE
-16.988435,-50.403103,-16.988489,-50.403167,BRIDGE
-16.988298,-50.245644,-16.988367,-50.245660,BRIDGE
-16.987223,-49.870495,-16.987242,-49.870410,BRIDGE
-16.986834,-49.152295,-16.986788,-49.152155,BRIDGE
-16.986391,-51.253557,-16.986455,-51.253504,BRIDGE
-16.984578,-48.909733,-16.984751,-48.909425,BRIDGE
-16.984318,-50.023440,-16.984348,-50.023519,BRIDGE
-16.984013,-51.267451,-16.984105,-51.267415,BRIDGE
-16.983074,-48.127780,-16.983073,-48.127665,BRIDGE
-16.982402,-50.022139,-16.982477,-50.022108,BRIDGE
-16.982238,-52.829722,-16.982157,-52.829714,BRIDGE
-16.981998,-52.757386,-16.982041,-52.757459,BRIDGE
-16.981591,-49.011314,-16.981638,-49.011429,BRIDGE
-16.981541,-48.910815,-16.981568,-48.910485,BRIDGE
-16.981531,-49.019699,-16.981159,-49.019882,BRIDGE
-16.981168,-49.747432,-16.980985,-49.747193,BRIDGE
-16.980985,-49.747193,-16.980515,-49.746570,BRIDGE
-16.980874,-48.725653,-16.980840,-48.725576,BRIDGE
-16.980833,-49.747342,-16.981028,-49.747598,BRIDGE
-16.980339,-49.746690,-16.980833,-49.747342,BRIDGE
-16.979204,-49.773295,-16.979322,-49.773313,BRIDGE
-16.979184,-49.065916,-16.979182,-49.065790,BRIDGE
-16.979049,-52.962431,-16.978926,-52.962772,BRIDGE
-16.978881,-51.848640,-16.978913,-51.848504,BRIDGE
-16.978587,-48.956145,-16.978604,-48.956228,BRIDGE
-16.977681,-49.920275,-16.977719,-49.920200,BRIDGE
-16.976923,-49.002885,-16.976974,-49.003043,BRIDGE
-16.975691,-48.956239,-16.975672,-48.956319,BRIDGE
-16.974234,-50.277587,-16.974094,-50.278601,BRIDGE
-16.973426,-49.972718,-16.973509,-49.972697,BRIDGE
-16.972635,-48.956468,-16.972624,-48.956177,BRIDGE
-16.971757,-49.163571,-16.972049,-49.163511,BRIDGE
-16.971395,-48.084783,-16.970906,-48.085641,BRIDGE
-16.970585,-47.264863,-16.970999,-47.264567,BRIDGE
-16.970187,-49.092197,-16.969875,-49.092292,BRIDGE
-16.970015,-50.347364,-16.970038,-50.347692,BRIDGE
-16.969719,-50.001604,-16.969760,-50.001686,BRIDGE
-16.969311,-51.814566,-16.969285,-51.814621,BRIDGE
-16.968836,-47.741372,-16.968880,-47.740845,BRIDGE
-16.968829,-47.740850,-16.968793,-47.741335,BRIDGE
-16.967747,-49.233321,-16.967605,-49.233095,BRIDGE
-16.967364,-48.557837,-16.967706,-48.557501,BRIDGE
-16.966482,-52.620708,-16.967600,-52.620306,BRIDGE
-16.966135,-49.234173,-16.966320,-49.234448,BRIDGE
-16.965700,-48.956612,-16.965732,-48.956423,BRIDGE
-16.964794,-51.812253,-16.964785,-51.812360,BRIDGE
-16.963248,-48.145695,-16.963458,-48.145711,BRIDGE
-16.962686,-51.812042,-16.962684,-51.812107,BRIDGE
-16.962256,-49.043171,-16.962149,-49.043133,BRIDGE
-16.961756,-51.812221,-16.961753,-51.812127,BRIDGE
-16.961740,-49.181427,-16.961750,-49.181442,BRIDGE
-16.960163,-52.804640,-16.960112,-52.804573,BRIDGE
-16.959471,-51.812590,-16.959478,-51.812699,BRIDGE
-16.958705,-50.407905,-16.958626,-50.407696,BRIDGE
-16.957831,-51.813169,-16.957828,-51.813063,BRIDGE
-16.957527,-49.367246,-16.957547,-49.366948,BRIDGE
-16.957242,-48.952962,-16.957171,-48.953003,BRIDGE
-16.955506,-50.436985,-16.955548,-50.436913,BRIDGE
-16.955485,-50.436877,-16.955445,-50.436951,BRIDGE
-16.954784,-48.161889,-16.954813,-48.161795,BRIDGE
-16.954538,-47.561064,-16.954413,-47.561142,BRIDGE
-16.954202,-48.177828,-16.954317,-48.177942,BRIDGE
-16.953506,-51.814975,-16.953500,-51.814767,BRIDGE
-16.953043,-50.374031,-16.952917,-50.374022,BRIDGE
-16.952066,-51.805320,-16.952157,-51.805332,BRIDGE
-16.951852,-52.625036,-16.951934,-52.625020,BRIDGE
-16.950536,-49.148471,-16.950416,-49.148336,BRIDGE
-16.950529,-48.535971,-16.950521,-48.535905,BRIDGE
-16.950236,-48.200295,-16.950041,-48.200107,BRIDGE
-16.948940,-49.116261,-16.948810,-49.116264,BRIDGE
-16.947166,-48.581921,-16.947195,-48.581352,BRIDGE
-16.947153,-47.309027,-16.947679,-47.308656,BRIDGE
-16.947117,-50.440418,-16.947069,-50.440325,BRIDGE
-16.947012,-50.440368,-16.947055,-50.440447,BRIDGE
-16.946897,-51.824554,-16.947418,-51.824550,BRIDGE
-16.946212,-50.447102,-16.946189,-50.447052,BRIDGE
-16.946205,-50.447164,-16.945995,-50.447230,BRIDGE
-16.946127,-50.439771,-16.946091,-50.439638,BRIDGE
-16.945886,-50.447373,-16.946017,-50.447341,BRIDGE
-16.941765,-50.037044,-16.941757,-50.036937,TUNNEL
-16.940875,-49.049634,-16.940997,-49.049733,BRIDGE
-16.938532,-51.324261,-16.938857,-51.324093,BRIDGE
-16.937488,-49.159871,-16.937390,-49.159712,BRIDGE
-16.936427,-48.217605,-16.936536,-48.217449,BRIDGE
-16.934846,-51.781886,-16.934764,-51.781374,BRIDGE
-16.931338,-51.820288,-16.931526,-51.820934,BRIDGE
-16.927384,-47.652273,-16.927204,-47.651948,BRIDGE
-16.926906,-47.705807,-16.926794,-47.705656,BRIDGE
-16.926628,-47.705791,-16.926727,-47.705935,BRIDGE
-16.925547,-49.365903,-16.925519,-49.365310,BRIDGE
-16.924113,-51.813420,-16.924191,-51.813388,BRIDGE
-16.923142,-50.062570,-16.923053,-50.062521,BRIDGE
-16.922871,-47.396239,-16.922872,-47.396096,BRIDGE
-16.921545,-48.857904,-16.921551,-48.857735,BRIDGE
-16.917554,-50.773047,-16.917698,-50.772892,BRIDGE
-16.917439,-47.713205,-16.917518,-47.713185,BRIDGE
-16.916467,-49.105005,-16.916291,-49.105046,BRIDGE
-16.916402,-47.409088,-16.916261,-47.409015,BRIDGE
-16.915519,-51.491113,-16.915553,-51.491231,BRIDGE
-16.915482,-47.708771,-16.915594,-47.708750,BRIDGE
-16.912898,-51.486220,-16.912950,-51.486312,BRIDGE
-16.907485,-48.592257,-16.907578,-48.592430,BRIDGE
-16.907402,-52.161631,-16.907214,-52.161587,BRIDGE
-16.905844,-50.028306,-16.905865,-50.028253,BRIDGE
-16.905710,-51.442026,-16.905846,-51.442152,BRIDGE
-16.903592,-51.493514,-16.903428,-51.493651,BRIDGE
-16.903417,-52.186600,-16.903538,-52.186380,BRIDGE
-16.898133,-49.636639,-16.897779,-49.636309,BRIDGE
-16.897849,-48.889176,-16.897793,-48.889051,BRIDGE
-16.897769,-49.636605,-16.897986,-49.636806,BRIDGE
-16.897467,-48.262190,-16.897444,-48.262060,BRIDGE
-16.897258,-50.039604,-16.897370,-50.038714,BRIDGE
-16.897152,-47.223117,-16.897245,-47.223008,BRIDGE
-16.896001,-49.020378,-16.896133,-49.020413,BRIDGE
-16.892421,-50.021255,-16.892467,-50.021181,BRIDGE
-16.891684,-49.864494,-16.891726,-49.864452,BRIDGE
-16.891627,-48.670572,-16.891687,-48.670628,BRIDGE
-16.890922,-49.581197,-16.891351,-49.581174,BRIDGE
-16.890368,-51.518920,-16.890247,-51.518885,BRIDGE
-16.890099,-49.718987,-16.889907,-49.719066,BRIDGE
-16.890034,-51.011587,-16.889955,-51.011654,BRIDGE
-16.889803,-48.042681,-16.889880,-48.042599,BRIDGE
-16.889236,-49.527151,-16.889117,-49.527040,BRIDGE
-16.886838,-49.000262,-16.886251,-49.000413,BRIDGE
-16.886293,-49.000598,-16.886882,-49.000441,BRIDGE
-16.885300,-49.716075,-16.885329,-49.715898,BRIDGE
-16.884843,-49.141956,-16.885113,-49.142016,BRIDGE
-16.882653,-47.377923,-16.882797,-47.378097,BRIDGE
-16.881375,-50.224553,-16.881468,-50.224513,BRIDGE
-16.880773,-48.435918,-16.880887,-48.435733,BRIDGE
-16.880174,-48.949952,-16.880172,-48.949836,BRIDGE
-16.878784,-48.599796,-16.878653,-48.599584,BRIDGE
-16.877917,-49.373826,-16.877854,-49.373698,BRIDGE
-16.877462,-50.629914,-16.877491,-50.629824,BRIDGE
-16.877345,-48.695156,-16.877259,-48.695177,BRIDGE
-16.874799,-48.856653,-16.874942,-48.856667,BRIDGE
-16.874049,-49.684321,-16.874158,-49.684232,BRIDGE
-16.872763,-50.161113,-16.872954,-50.161166,BRIDGE
-16.872484,-51.882028,-16.872884,-51.881647,BRIDGE
-16.871145,-47.232625,-16.871056,-47.232545,BRIDGE
-16.870580,-51.153286,-16.870683,-51.153171,BRIDGE
-16.869877,-48.955942,-16.869828,-48.955848,BRIDGE
-16.867492,-50.203358,-16.867408,-50.203396,BRIDGE
-16.866871,-52.199760,-16.866980,-52.199829,BRIDGE
-16.866491,-47.678021,-16.866283,-47.677997,BRIDGE
-16.866259,-47.678187,-16.866479,-47.678210,BRIDGE
-16.863024,-49.209035,-16.862787,-49.209158,BRIDGE
-16.862870,-49.016664,-16.862353,-49.016950,BRIDGE
-16.862827,-50.028806,-16.862894,-50.028750,BRIDGE
-16.862724,-49.649310,-16.862823,-49.649198,BRIDGE
-16.862414,-49.017061,-16.862896,-49.016792,BRIDGE
-16.860051,-47.358289,-16.859658,-47.358230,BRIDGE
-16.859825,-52.093349,-16.859827,-52.093259,BRIDGE
-16.859160,-49.231814,-16.859287,-49.231863,BRIDGE
-16.858199,-49.227042,-16.858091,-49.227097,BRIDGE
-16.858054,-48.963557,-16.857981,-48.963526,BRIDGE
-16.857361,-49.803750,-16.857387,-49.803831,BRIDGE
-16.856547,-49.339852,-16.856606,-49.339714,BRIDGE
-16.855187,-49.966369,-16.855217,-49.966285,BRIDGE
-16.853603,-51.665273,-16.853455,-51.664884,BRIDGE
-16.852725,-49.518800,-16.852785,-49.518842,BRIDGE
-16.852186,-49.013448,-16.852153,-49.013364,BRIDGE
-16.849722,-49.916844,-16.849334,-49.917043,TUNNEL
-16.849690,-48.082117,-16.850286,-48.081192,BRIDGE
-16.848957,-50.005200,-16.849103,-50.005337,BRIDGE
-16.845945,-51.780355,-16.846397,-51.780394,BRIDGE
-16.840594,-48.876338,-16.840503,-48.876229,BRIDGE
-16.839684,-49.228110,-16.839820,-49.227973,BRIDGE
-16.838783,-50.350326,-16.838816,-50.350618,BRIDGE
-16.838769,-48.629455,-16.838981,-48.629419,BRIDGE
-16.837036,-49.376389,-16.836801,-49.376488,BRIDGE
-16.836851,-49.376624,-16.837073,-49.376522,BRIDGE
-16.835895,-49.877289,-16.835958,-49.877218,BRIDGE
-16.834561,-48.995841,-16.834578,-48.995773,BRIDGE
-16.834315,-49.735222,-16.834691,-49.735026,BRIDGE
-16.834310,-50.571908,-16.834307,-50.571994,BRIDGE
-16.834086,-49.527119,-16.834182,-49.526665,BRIDGE
-16.833526,-49.282371,-16.833631,-49.282387,BRIDGE
-16.833184,-48.989268,-16.833265,-48.989256,BRIDGE
-16.833088,-49.606970,-16.833017,-49.607197,BRIDGE
-16.832783,-49.540019,-16.832990,-49.539633,BRIDGE
-16.831858,-49.384191,-16.831815,-49.383953,BRIDGE
-16.831704,-49.968291,-16.831706,-49.968202,BRIDGE
-16.831034,-49.538402,-16.830696,-49.538894,BRIDGE
-16.829821,-50.028756,-16.829687,-50.028691,BRIDGE
-16.829238,-50.558170,-16.829433,-50.557995,BRIDGE
-16.828857,-48.987483,-16.828910,-48.987430,BRIDGE
-16.827669,-49.522958,-16.827486,-49.522965,BRIDGE
-16.826550,-48.664585,-16.826239,-48.664417,BRIDGE
-16.826075,-48.880202,-16.826033,-48.880171,BRIDGE
-16.824945,-49.714440,-16.824821,-49.714478,BRIDGE
-16.824774,-49.373108,-16.824547,-49.373332,BRIDGE
-16.823309,-49.371369,-16.823083,-49.371597,BRIDGE
-16.823259,-49.862471,-16.823246,-49.862544,BRIDGE
-16.819553,-49.052292,-16.819181,-49.052784,BRIDGE
-16.819364,-47.445695,-16.819179,-47.445687,BRIDGE
-16.819293,-49.052839,-16.819636,-49.052462,BRIDGE
-16.818802,-50.739976,-16.818676,-50.739766,BRIDGE
-16.818421,-49.240540,-16.818128,-49.240496,BRIDGE
-16.818116,-49.240602,-16.818391,-49.240655,BRIDGE
-16.814439,-49.270606,-16.814306,-49.270635,BRIDGE
-16.813353,-48.343761,-16.813501,-48.343632,BRIDGE
-16.811922,-49.264626,-16.811215,-49.264725,BRIDGE
-16.811633,-50.039263,-16.811544,-50.039291,BRIDGE
-16.811571,-51.952432,-16.811998,-51.951964,BRIDGE
-16.809160,-48.368375,-16.809225,-48.368299,BRIDGE
-16.808820,-49.313794,-16.808874,-49.313734,BRIDGE
-16.807563,-50.282369,-16.807319,-50.282895,BRIDGE
-16.806590,-52.204955,-16.806462,-52.204907,BRIDGE
-16.805854,-52.768461,-16.805946,-52.768406,BRIDGE
-16.804761,-49.058691,-16.804321,-49.059340,BRIDGE
-16.804606,-49.598277,-16.804546,-49.598027,BRIDGE
-16.804411,-49.059404,-16.804809,-49.058826,BRIDGE
-16.802212,-49.675111,-16.802415,-49.675009,BRIDGE
-16.801716,-50.480436,-16.801613,-50.480461,BRIDGE
-16.801560,-50.271129,-16.801610,-50.271167,BRIDGE
-16.799514,-49.920423,-16.799462,-49.920210,BRIDGE
-16.799512,-49.252606,-16.799570,-49.252515,BRIDGE
-16.799484,-49.252492,-16.799438,-49.252566,BRIDGE
-16.798981,-49.920560,-16.799008,-49.920555,BRIDGE
-16.798956,-49.920567,-16.798981,-49.920560,BRIDGE
-16.798925,-49.920575,-16.798956,-49.920567,BRIDGE
-16.797470,-51.320293,-16.797505,-51.320011,BRIDGE
-16.797456,-48.456210,-16.797819,-48.456058,BRIDGE
-16.797011,-49.287916,-16.797014,-49.288056,BRIDGE
-16.796993,-49.709154,-16.797034,-49.709158,BRIDGE
-16.796524,-49.185929,-16.796460,-49.185986,BRIDGE
-16.796249,-47.647114,-16.796153,-47.647006,BRIDGE
-16.796034,-47.647124,-16.796142,-47.647245,BRIDGE
-16.795616,-48.699026,-16.795536,-48.699012,BRIDGE
-16.794717,-51.323533,-16.794971,-51.323598,BRIDGE
-16.794242,-49.775796,-16.794683,-49.776487,BRIDGE
-16.792424,-49.278787,-16.792116,-49.278720,BRIDGE
-16.792064,-49.278819,-16.792410,-49.278885,BRIDGE
-16.791636,-49.037864,-16.791599,-49.037794,BRIDGE
-16.791476,-49.167397,-16.791697,-49.167630,BRIDGE
-16.790869,-49.159131,-16.790738,-49.158722,BRIDGE
-16.788159,-49.246994,-16.787958,-49.247613,BRIDGE
-16.787958,-49.247613,-16.787932,-49.247694,BRIDGE
-16.787932,-49.247694,-16.787675,-49.248481,BRIDGE
-16.787779,-49.237499,-16.787314,-49.237460,BRIDGE
-16.787768,-49.237626,-16.787280,-49.237582,BRIDGE
-16.787684,-49.294484,-16.787385,-49.294561,BRIDGE
-16.787388,-49.237715,-16.787763,-49.237745,BRIDGE
-16.787365,-49.237891,-16.787746,-49.237927,BRIDGE
-16.786613,-49.251301,-16.786644,-49.250873,BRIDGE
-16.786199,-49.250813,-16.786161,-49.251253,BRIDGE
-16.783636,-49.588680,-16.783316,-49.588725,BRIDGE
-16.783072,-49.982710,-16.783024,-49.982807,BRIDGE
-16.782738,-49.277136,-16.782768,-49.277028,BRIDGE
-16.782684,-50.037017,-16.782685,-50.036884,BRIDGE
-16.782377,-49.276885,-16.782324,-49.277070,BRIDGE
-16.781031,-49.245131,-16.780700,-49.245298,BRIDGE
-16.779602,-49.060727,-16.779452,-49.060713,BRIDGE
-16.779326,-50.423009,-16.779252,-50.422934,BRIDGE
-16.778541,-49.262661,-16.778227,-49.262513,BRIDGE
-16.778154,-49.262798,-16.778441,-49.262938,BRIDGE
-16.777883,-48.674378,-16.777921,-48.674299,BRIDGE
-16.777875,-49.024935,-16.777728,-49.025013,BRIDGE
-16.777294,-51.845470,-16.777306,-51.845284,BRIDGE
-16.776356,-49.671249,-16.776256,-49.671181,BRIDGE
-16.773837,-52.833516,-16.773814,-52.832914,BRIDGE
-16.773462,-49.274958,-16.773238,-49.274903,BRIDGE
-16.773364,-47.621581,-16.773066,-47.621351,BRIDGE
-16.773218,-49.274997,-16.773448,-49.275058,BRIDGE
-16.773020,-47.621447,-16.773318,-47.621677,BRIDGE
-16.771469,-49.288407,-16.771351,-49.288356,BRIDGE
-16.771302,-49.288474,-16.771430,-49.288513,BRIDGE
-16.771013,-50.285139,-16.770993,-50.285326,BRIDGE
-16.770732,-49.225623,-16.770434,-49.225754,BRIDGE
-16.770465,-49.225910,-16.770776,-49.225764,BRIDGE
-16.769105,-49.290768,-16.768730,-49.290687,BRIDGE
-16.768697,-49.290881,-16.769079,-49.290970,BRIDGE
-16.768418,-51.634405,-16.768558,-51.634580,BRIDGE
-16.768028,-50.041196,-16.767791,-50.041280,BRIDGE
-16.766967,-49.239774,-16.766904,-49.239247,BRIDGE
-16.766845,-49.239257,-16.766910,-49.239778,BRIDGE
-16.766512,-49.349653,-16.765213,-49.348731,TUNNEL
-16.766034,-52.829801,-16.766300,-52.830881,BRIDGE
-16.765646,-49.215232,-16.765583,-49.215113,BRIDGE
-16.765501,-49.348723,-16.766337,-49.349323,TUNNEL
-16.765135,-52.294680,-16.765126,-52.294597,BRIDGE
-16.765132,-49.348818,-16.766467,-49.349734,TUNNEL
-16.764571,-49.612821,-16.764602,-49.612905,BRIDGE
-16.763772,-52.791055,-16.763887,-52.791178,BRIDGE
-16.762188,-49.681179,-16.762271,-49.681176,BRIDGE
-16.762178,-48.865039,-16.762182,-48.864961,BRIDGE
-16.760403,-47.611411,-16.760216,-47.611266,BRIDGE
-16.760400,-50.035612,-16.760334,-50.035644,BRIDGE
-16.760160,-47.611343,-16.760351,-47.611494,BRIDGE
-16.760097,-49.474161,-16.760019,-49.474175,BRIDGE
-16.759671,-49.686450,-16.759536,-49.686195,BRIDGE
-16.757680,-49.057433,-16.757639,-49.057088,BRIDGE
-16.757361,-49.687945,-16.757221,-49.687895,BRIDGE
-16.757358,-48.864629,-16.757437,-48.864666,BRIDGE
-16.757213,-50.443712,-16.757092,-50.443838,BRIDGE
-16.756848,-50.144843,-16.756905,-50.144744,BRIDGE
-16.756453,-47.824863,-16.756569,-47.824826,BRIDGE
-16.756310,-49.439165,-16.755822,-49.439313,BRIDGE
-16.756060,-49.440189,-16.756531,-49.440024,BRIDGE
-16.754607,-49.665045,-16.754455,-49.664872,BRIDGE
-16.754460,-47.604607,-16.754185,-47.604198,BRIDGE
-16.754276,-50.325457,-16.754392,-50.325396,BRIDGE
-16.754175,-49.337795,-16.754279,-49.337684,BRIDGE
-16.754084,-49.707344,-16.754270,-49.707247,BRIDGE
-16.753850,-49.337221,-16.753742,-49.337342,BRIDGE
-16.753584,-48.683000,-16.753612,-48.683081,BRIDGE
-16.753512,-49.717460,-16.753639,-49.717418,BRIDGE
-16.752973,-52.765804,-16.753141,-52.765947,BRIDGE
-16.751429,-49.243465,-16.751343,-49.243622,BRIDGE
-16.751336,-48.510680,-16.751247,-48.510312,BRIDGE
-16.751118,-50.491914,-16.751335,-50.491804,BRIDGE
-16.751010,-49.668475,-16.750946,-49.668390,BRIDGE
-16.750371,-50.010240,-16.750267,-50.010218,BRIDGE
-16.750282,-48.683453,-16.750298,-48.683536,BRIDGE
-16.748590,-49.674762,-16.748439,-49.674819,BRIDGE
-16.746837,-49.680404,-16.746868,-49.680496,BRIDGE
-16.746297,-50.468578,-16.746255,-50.468810,BRIDGE
-16.745404,-49.135680,-16.745010,-49.136028,BRIDGE
-16.745296,-50.002290,-16.745250,-50.002532,BRIDGE
-16.745094,-49.136179,-16.745491,-49.135793,BRIDGE
-16.744479,-50.774690,-16.744044,-50.774647,BRIDGE
-16.742493,-48.721653,-16.742344,-48.721632,BRIDGE
-16.742300,-49.678918,-16.742189,-49.678998,BRIDGE
-16.741595,-49.142883,-16.741330,-49.144062,BRIDGE
-16.741444,-49.144122,-16.741727,-49.142938,BRIDGE
-16.740569,-51.267920,-16.740728,-51.267955,BRIDGE
-16.739292,-48.657643,-16.739291,-48.657785,BRIDGE
-16.739184,-49.607128,-16.739233,-49.607061,BRIDGE
-16.738161,-49.355394,-16.738066,-49.355634,BRIDGE
-16.738043,-49.214796,-16.738091,-49.214726,BRIDGE
-16.738029,-49.355430,-16.737923,-49.355679,BRIDGE
-16.737804,-49.353063,-16.738004,-49.353106,BRIDGE
-16.736486,-49.488107,-16.736429,-49.488151,BRIDGE
-16.735933,-49.116609,-16.735901,-49.116688,BRIDGE
-16.735711,-51.515072,-16.735531,-51.514721,BRIDGE
-16.735317,-49.259549,-16.734896,-49.259778,TUNNEL
-16.734920,-49.259811,-16.735338,-49.259588,TUNNEL
-16.733948,-48.175172,-16.734472,-48.174507,BRIDGE
-16.733369,-49.322404,-16.733276,-49.321727,BRIDGE
-16.733221,-49.399451,-16.733472,-49.399286,TUNNEL
-16.731989,-50.438901,-16.732056,-50.438826,BRIDGE
-16.731305,-49.070483,-16.731365,-49.070813,BRIDGE
-16.729918,-49.055267,-16.729751,-49.055456,BRIDGE
-16.729160,-51.485633,-16.728939,-51.485258,BRIDGE
-16.729060,-48.715367,-16.728974,-48.715238,BRIDGE
-16.728797,-49.242327,-16.728432,-49.242079,BRIDGE
-16.728402,-49.242186,-16.728764,-49.242432,BRIDGE
-16.727961,-49.592928,-16.727788,-49.592647,BRIDGE
-16.727225,-48.959063,-16.727329,-48.958888,BRIDGE
-16.726853,-48.530480,-16.726886,-48.530395,BRIDGE
-16.726824,-49.311253,-16.726818,-49.311169,BRIDGE
-16.725341,-49.254288,-16.725422,-49.254270,BRIDGE
-16.725117,-49.107339,-16.725190,-49.107301,BRIDGE
-16.724939,-49.240446,-16.724603,-49.240317,BRIDGE
-16.724674,-49.292567,-16.724530,-49.292543,BRIDGE
-16.724214,-49.240289,-16.724951,-49.240572,BRIDGE
-16.724058,-49.105279,-16.724115,-49.105219,BRIDGE
-16.724040,-49.105142,-16.723986,-49.105205,BRIDGE
-16.724016,-49.285176,-16.723730,-49.285340,BRIDGE
-16.724015,-50.161407,-16.723865,-50.161478,BRIDGE
-16.723775,-49.285433,-16.724100,-49.285245,BRIDGE
-16.723664,-49.277753,-16.723518,-49.277747,BRIDGE
-16.722688,-49.835416,-16.722544,-49.835181,BRIDGE
-16.722687,-49.845895,-16.722502,-49.846162,BRIDGE
-16.722093,-49.848142,-16.722181,-49.848330,BRIDGE
-16.721895,-49.374231,-16.722370,-49.373946,BRIDGE
-16.721830,-49.372997,-16.721355,-49.373283,BRIDGE
-16.721160,-52.325895,-16.720942,-52.325786,BRIDGE
-16.720926,-48.529436,-16.720942,-48.529522,BRIDGE
-16.720873,-48.940856,-16.720946,-48.940728,BRIDGE
-16.719794,-49.193028,-16.719455,-49.192652,TUNNEL
-16.719786,-49.103415,-16.719727,-49.103355,BRIDGE
-16.719717,-49.100474,-16.719623,-49.100529,BRIDGE
-16.719674,-49.103439,-16.719734,-49.103496,BRIDGE
-16.718434,-50.493970,-16.718656,-50.494160,BRIDGE
-16.718319,-49.087564,-16.718134,-49.087574,BRIDGE
-16.718242,-49.237293,-16.717834,-49.237851,TUNNEL
-16.718137,-49.087680,-16.718300,-49.087667,BRIDGE
-16.718013,-49.088574,-16.717676,-49.088596,BRIDGE
-16.717999,-48.954971,-16.717916,-48.954862,BRIDGE
-16.717994,-49.294729,-16.717921,-49.294314,BRIDGE
-16.717953,-49.246387,-16.717926,-49.246575,BRIDGE
-16.717880,-49.237894,-16.718300,-49.237327,TUNNEL
-16.717790,-49.294346,-16.717867,-49.294786,BRIDGE
-16.717628,-49.052520,-16.717289,-49.052211,BRIDGE
-16.715855,-52.325251,-16.715088,-52.326661,BRIDGE
-16.715517,-49.202308,-16.715192,-49.202212,BRIDGE
-16.715170,-49.202302,-16.715498,-49.202391,BRIDGE
-16.715092,-49.051984,-16.714858,-49.052251,BRIDGE
-16.715003,-48.528145,-16.714977,-48.528225,BRIDGE
-16.714361,-49.263732,-16.713479,-49.263778,TUNNEL
-16.713992,-49.264391,-16.713953,-49.263268,BRIDGE
-16.713897,-49.263262,-16.713936,-49.264399,BRIDGE
-16.713473,-49.263821,-16.714361,-49.263785,TUNNEL
-16.713102,-49.244446,-16.712781,-49.244875,BRIDGE
-16.712912,-52.139719,-16.712237,-52.138971,BRIDGE
-16.712900,-49.244905,-16.713220,-49.244462,BRIDGE
-16.712671,-49.356966,-16.712222,-49.357248,BRIDGE
-16.712574,-49.180604,-16.712054,-49.180310,BRIDGE
-16.712265,-49.357326,-16.712717,-49.357032,BRIDGE
-16.712018,-49.180385,-16.712532,-49.180675,BRIDGE
-16.711092,-49.098635,-16.711010,-49.098442,BRIDGE
-16.710607,-49.063969,-16.710617,-49.064268,BRIDGE
-16.710352,-49.244280,-16.710311,-49.243640,BRIDGE
-16.710348,-49.296064,-16.710248,-49.295524,BRIDGE
-16.710205,-50.474297,-16.710379,-50.474161,BRIDGE
-16.710144,-49.295543,-16.710246,-49.296069,BRIDGE
-16.709938,-49.231078,-16.709608,-49.230952,BRIDGE
-16.709724,-49.814979,-16.709598,-49.814667,BRIDGE
-16.709605,-48.647140,-16.709663,-48.647198,BRIDGE
-16.709516,-49.231099,-16.709927,-49.231249,BRIDGE
-16.708206,-49.236315,-16.707858,-49.236167,TUNNEL
-16.708095,-49.176201,-16.707887,-49.176110,BRIDGE
-16.707944,-49.236281,-16.708030,-49.236168,BRIDGE
-16.707937,-49.236094,-16.707855,-49.236208,BRIDGE
-16.707867,-49.176171,-16.708059,-49.176258,BRIDGE
-16.707858,-49.236167,-16.708212,-49.236455,TUNNEL
-16.707319,-49.747561,-16.707651,-49.747274,BRIDGE
-16.704991,-49.276243,-16.704838,-49.276026,BRIDGE
-16.704790,-49.276133,-16.704938,-49.276341,BRIDGE
-16.704698,-51.201976,-16.704608,-51.202022,BRIDGE
-16.703677,-49.342333,-16.703989,-49.342149,TUNNEL
-16.703608,-49.750146,-16.703669,-49.749980,BRIDGE
-16.703244,-49.979710,-16.703143,-49.979822,BRIDGE
-16.702665,-49.243448,-16.701174,-49.245483,BRIDGE
-16.702330,-49.244311,-16.702149,-49.244046,BRIDGE
-16.702299,-49.244155,-16.702491,-49.243885,BRIDGE
-16.702226,-49.295401,-16.701954,-49.294742,BRIDGE
-16.701943,-49.061935,-16.701728,-49.061601,BRIDGE
-16.701851,-49.294761,-16.702124,-49.295407,BRIDGE
-16.701787,-49.244151,-16.701763,-49.244442,BRIDGE
-16.701459,-49.335365,-16.699297,-49.331745,BRIDGE
-16.701235,-49.245490,-16.702807,-49.243374,BRIDGE
-16.701034,-49.347530,-16.700907,-49.347780,BRIDGE
-16.701023,-50.391601,-16.700982,-50.391645,BRIDGE
-16.700283,-49.042994,-16.700201,-49.042856,BRIDGE
-16.699456,-50.836818,-16.699465,-50.836443,BRIDGE
-16.699220,-49.331836,-16.701408,-49.335609,BRIDGE
-16.699014,-49.235817,-16.698657,-49.235759,TUNNEL
-16.698740,-49.237485,-16.698366,-49.237434,TUNNEL
-16.697872,-49.252611,-16.697923,-49.252308,BRIDGE
-16.697430,-49.753714,-16.697539,-49.753750,BRIDGE
-16.697213,-49.252142,-16.697133,-49.252406,BRIDGE
-16.696672,-49.193492,-16.697038,-49.193965,BRIDGE
-16.695408,-49.244302,-16.694642,-49.243718,BRIDGE
-16.695277,-49.282564,-16.695152,-49.282384,BRIDGE
-16.695198,-49.292822,-16.695231,-49.292601,BRIDGE
-16.695125,-49.292587,-16.695094,-49.292803,BRIDGE
-16.695069,-49.282451,-16.695195,-49.282638,BRIDGE
-16.694783,-49.231784,-16.694151,-49.231911,BRIDGE
-16.694567,-50.258173,-16.694567,-50.258072,BRIDGE
-16.694261,-49.244566,-16.694509,-49.244657,BRIDGE
-16.694172,-49.232026,-16.694814,-49.231904,BRIDGE
-16.694018,-49.074406,-16.693936,-49.074038,BRIDGE
-16.693053,-48.301402,-16.692914,-48.301260,BRIDGE
-16.692642,-49.319127,-16.692519,-49.319194,BRIDGE
-16.692626,-49.319636,-16.692764,-49.319635,BRIDGE
-16.692315,-51.921714,-16.692379,-51.921800,BRIDGE
-16.691896,-48.231145,-16.691960,-48.231427,BRIDGE
-16.691607,-51.916348,-16.691611,-51.916135,BRIDGE
-16.691405,-49.262324,-16.691454,-49.262206,BRIDGE
-16.691374,-49.262376,-16.691405,-49.262324,BRIDGE
-16.690918,-49.261938,-16.690905,-49.261964,BRIDGE
-16.690905,-49.261964,-16.690834,-49.262103,BRIDGE
-16.689858,-49.291243,-16.689689,-49.291214,BRIDGE
-16.689727,-49.341978,-16.689741,-49.341707,BRIDGE
-16.689567,-51.822537,-16.689585,-51.822859,BRIDGE
-16.688778,-49.291905,-16.688723,-49.291607,BRIDGE
-16.688460,-52.417272,-16.688412,-52.417673,BRIDGE
-16.687675,-49.029103,-16.687770,-49.029129,BRIDGE
-16.687267,-49.184809,-16.687103,-49.185265,BRIDGE
-16.687261,-49.185332,-16.687421,-49.184862,BRIDGE
-16.687043,-50.705397,-16.687008,-50.705321,BRIDGE
-16.686798,-49.233108,-16.686795,-49.233757,BRIDGE
-16.686443,-49.245301,-16.686067,-49.245877,BRIDGE
-16.686285,-49.245737,-16.686623,-49.245172,BRIDGE
-16.686253,-49.072496,-16.686203,-49.072260,BRIDGE
-16.685501,-51.140546,-16.685685,-51.140684,BRIDGE
-16.685448,-49.246308,-16.684596,-49.245580,BRIDGE
-16.685038,-49.292248,-16.685013,-49.292088,BRIDGE
-16.684891,-49.292109,-16.684915,-49.292258,BRIDGE
-16.684821,-49.245866,-16.685368,-49.246349,BRIDGE
-16.684150,-50.462553,-16.684388,-50.462683,BRIDGE
-16.683685,-50.463529,-16.683817,-50.463600,BRIDGE
-16.683390,-49.140002,-16.683959,-49.139224,BRIDGE
-16.682919,-50.461363,-16.683025,-50.461179,BRIDGE
-16.681640,-49.353107,-16.681546,-49.353121,BRIDGE
-16.681439,-49.196756,-16.681089,-49.197094,BRIDGE
-16.680537,-51.188798,-16.680437,-51.188798,BRIDGE
-16.680470,-51.512058,-16.680568,-51.512165,BRIDGE
-16.680360,-48.521665,-16.680335,-48.521746,BRIDGE
-16.680336,-49.691349,-16.680305,-49.691586,BRIDGE
-16.680335,-49.340750,-16.680189,-49.340742,BRIDGE
-16.680204,-49.245393,-16.680263,-49.245602,TUNNEL
-16.678722,-49.249283,-16.678393,-49.249387,TUNNEL
-16.678702,-49.249530,-16.678625,-49.249271,BRIDGE
-16.678480,-49.249311,-16.678557,-49.249571,BRIDGE
-16.678445,-49.249553,-16.678772,-49.249457,TUNNEL
-16.676240,-49.295568,-16.676105,-49.295508,BRIDGE
-16.676185,-49.202610,-16.676060,-49.202609,BRIDGE
-16.676073,-49.202742,-16.676233,-49.202738,BRIDGE
-16.676070,-49.295600,-16.676203,-49.295671,BRIDGE
-16.675746,-49.199919,-16.675434,-49.199934,BRIDGE
-16.675513,-49.301099,-16.675451,-49.301157,BRIDGE
-16.675225,-49.250100,-16.675087,-49.249643,BRIDGE
-16.674996,-49.196446,-16.674594,-49.197221,BRIDGE
-16.674703,-49.197267,-16.675122,-49.196494,BRIDGE
-16.674644,-49.320611,-16.674706,-49.320235,BRIDGE
-16.674622,-49.320199,-16.674562,-49.320585,BRIDGE
-16.674340,-49.329516,-16.674057,-49.329640,BRIDGE
-16.674225,-49.297180,-16.674250,-49.297025,BRIDGE
-16.674149,-49.297043,-16.674125,-49.297196,BRIDGE
-16.674111,-49.329777,-16.674388,-49.329657,BRIDGE
-16.672844,-50.442024,-16.672956,-50.441983,BRIDGE
-16.672686,-49.250416,-16.672543,-49.249919,BRIDGE
-16.672424,-49.249934,-16.672580,-49.250451,BRIDGE
-16.672313,-51.136932,-16.672218,-51.137038,BRIDGE
-16.671087,-49.048517,-16.671105,-49.048434,BRIDGE
-16.670624,-49.275750,-16.670452,-49.275886,BRIDGE
-16.670606,-49.227502,-16.669437,-49.226880,BRIDGE
-16.670507,-49.275965,-16.670697,-49.275816,BRIDGE
-16.670301,-49.297359,-16.670149,-49.297871,BRIDGE
-16.670288,-49.297906,-16.670441,-49.297394,BRIDGE
-16.669658,-51.230409,-16.669549,-51.230434,BRIDGE
-16.669528,-50.531913,-16.669739,-50.531781,BRIDGE
-16.669417,-49.226958,-16.670576,-49.227578,BRIDGE
-16.669257,-49.314761,-16.669160,-49.314735,BRIDGE
-16.669186,-49.868711,-16.669094,-49.868769,BRIDGE
-16.669134,-49.314832,-16.669231,-49.314883,BRIDGE
-16.668688,-49.316893,-16.668788,-49.316517,BRIDGE
-16.668674,-49.316494,-16.668582,-49.316863,BRIDGE
-16.668645,-49.740536,-16.668766,-49.740527,BRIDGE
-16.668134,-49.473123,-16.668156,-49.473198,BRIDGE
-16.667990,-51.154617,-16.668000,-51.154704,BRIDGE
-16.667633,-49.253285,-16.664975,-49.252631,TUNNEL
-16.667500,-49.273595,-16.667321,-49.273756,BRIDGE
-16.667167,-49.271052,-16.667109,-49.270914,BRIDGE
-16.667010,-49.270962,-16.667074,-49.271119,BRIDGE
-16.666964,-49.271097,-16.667227,-49.271005,TUNNEL
-16.666888,-49.297449,-16.666769,-49.297795,BRIDGE
-16.665544,-49.168420,-16.665624,-49.168519,BRIDGE
-16.665460,-49.315965,-16.665556,-49.315614,BRIDGE
-16.665437,-49.315582,-16.665406,-49.315693,BRIDGE
-16.665406,-49.315693,-16.665340,-49.315925,BRIDGE
-16.664952,-49.252693,-16.667611,-49.253352,TUNNEL
-16.664850,-49.175530,-16.664891,-49.175406,BRIDGE
-16.664184,-49.218029,-16.664497,-49.217523,BRIDGE
-16.664181,-49.279723,-16.664031,-49.279497,BRIDGE
-16.664029,-49.252379,-16.662810,-49.252098,BRIDGE
-16.663994,-49.296822,-16.663988,-49.297027,BRIDGE
-16.662792,-49.252150,-16.663990,-49.252445,BRIDGE
-16.662112,-49.297067,-16.662014,-49.297322,BRIDGE
-16.661898,-49.253045,-16.661727,-49.252442,BRIDGE
-16.661829,-49.267673,-16.662040,-49.267514,BRIDGE
-16.661612,-49.252482,-16.661758,-49.253012,BRIDGE
-16.660929,-49.486590,-16.660425,-49.486870,BRIDGE
-16.660842,-49.253352,-16.660662,-49.252726,BRIDGE
-16.660824,-49.252956,-16.660536,-49.253020,TUNNEL
-16.660819,-49.266161,-16.660610,-49.266368,BRIDGE
-16.660745,-51.064204,-16.660637,-51.064391,BRIDGE
-16.660620,-49.253182,-16.660895,-49.253119,TUNNEL
-16.660566,-49.252749,-16.660756,-49.253400,BRIDGE
-16.660509,-49.329316,-16.660417,-49.329218,BRIDGE
-16.660137,-52.378545,-16.659970,-52.378741,BRIDGE
-16.659844,-49.329639,-16.659851,-49.329739,BRIDGE
-16.659837,-48.267587,-16.659974,-48.267828,BRIDGE
-16.659751,-49.220573,-16.659524,-49.220417,BRIDGE
-16.659748,-49.329712,-16.660517,-49.329209,TUNNEL
-16.659607,-49.311192,-16.659444,-49.311561,BRIDGE
-16.659565,-49.221011,-16.659709,-49.220309,TUNNEL
-16.659491,-49.220538,-16.659725,-49.220697,BRIDGE
-16.659246,-49.259083,-16.659326,-49.259059,TUNNEL
-16.659167,-49.247160,-16.658907,-49.247244,BRIDGE
-16.658939,-49.247372,-16.659210,-49.247286,BRIDGE
-16.658934,-49.087622,-16.658860,-49.087604,BRIDGE
-16.658865,-49.367886,-16.659217,-49.367921,TUNNEL
-16.658361,-49.286773,-16.658632,-49.287198,BRIDGE
-16.657918,-49.295422,-16.657981,-49.295304,BRIDGE
-16.657839,-49.255515,-16.657566,-49.255052,BRIDGE
-16.657838,-49.295562,-16.657918,-49.295422,BRIDGE
-16.657589,-49.295088,-16.657481,-49.295415,BRIDGE
-16.657357,-49.207613,-16.656995,-49.207240,BRIDGE
-16.657317,-50.428808,-16.657094,-50.428791,BRIDGE
-16.656945,-49.207327,-16.657284,-49.207676,BRIDGE
-16.655704,-49.979057,-16.655566,-49.978979,BRIDGE
-16.655602,-49.290092,-16.655473,-49.290040,BRIDGE
-16.655473,-49.290040,-16.655311,-49.289974,BRIDGE
-16.654379,-49.045042,-16.654370,-49.045133,BRIDGE
-16.654152,-49.331461,-16.653982,-49.331251,BRIDGE
-16.654124,-49.169120,-16.654154,-49.168943,BRIDGE
-16.653695,-49.294600,-16.653432,-49.294477,BRIDGE
-16.653621,-49.331558,-16.653796,-49.331778,BRIDGE
-16.653459,-49.216928,-16.652473,-49.216367,BRIDGE
-16.653458,-49.262567,-16.653523,-49.262760,BRIDGE
-16.653383,-49.260644,-16.653125,-49.261226,BRIDGE
-16.653223,-49.298702,-16.653561,-49.298852,BRIDGE
-16.652683,-51.513264,-16.652517,-51.513322,BRIDGE
-16.652582,-49.501664,-16.652700,-49.501695,BRIDGE
-16.652421,-49.216457,-16.653410,-49.217002,BRIDGE
-16.652421,-50.386548,-16.652363,-50.386524,BRIDGE
-16.652415,-49.143256,-16.652415,-49.143168,BRIDGE
-16.651624,-50.889231,-16.651928,-50.888923,BRIDGE
-16.651526,-49.284694,-16.651273,-49.284984,BRIDGE
-16.650321,-50.533736,-16.650238,-50.533725,BRIDGE
-16.649731,-49.274375,-16.649849,-49.274314,BRIDGE
-16.649713,-50.531145,-16.649574,-50.531338,BRIDGE
-16.649616,-49.274442,-16.649731,-49.274375,BRIDGE
-16.649345,-51.261437,-16.648497,-51.260216,BRIDGE
-16.648484,-49.262070,-16.648425,-49.261810,BRIDGE
-16.648395,-49.242579,-16.647934,-49.242258,BRIDGE
-16.648009,-50.524494,-16.647921,-50.524667,BRIDGE
-16.647920,-49.242402,-16.648397,-49.242707,BRIDGE
-16.647070,-49.523943,-16.647362,-49.523871,BRIDGE
-16.645968,-50.488272,-16.645880,-50.488624,BRIDGE
-16.645756,-49.210851,-16.645449,-49.211015,BRIDGE
-16.645675,-49.481946,-16.645549,-49.479109,BRIDGE
-16.645569,-49.813109,-16.645457,-49.813146,BRIDGE
-16.645539,-49.211075,-16.645854,-49.210925,BRIDGE
-16.645456,-49.479124,-16.645592,-49.481957,BRIDGE
-16.644320,-50.783942,-16.644536,-50.783791,BRIDGE
-16.644173,-48.358421,-16.644904,-48.358296,BRIDGE
-16.644079,-49.267117,-16.643626,-49.267224,BRIDGE
-16.643752,-50.799891,-16.643923,-50.799737,BRIDGE
-16.643676,-49.267472,-16.644451,-49.267304,BRIDGE
-16.642164,-49.257021,-16.641967,-49.256570,BRIDGE
-16.641895,-49.256610,-16.642099,-49.257052,BRIDGE
-16.641513,-49.093211,-16.641474,-49.093137,BRIDGE
-16.641286,-50.331459,-16.641292,-50.331534,BRIDGE
-16.640364,-50.825795,-16.640760,-50.826264,BRIDGE
-16.638874,-49.330735,-16.638708,-49.330917,BRIDGE
-16.637960,-49.472068,-16.638019,-49.471966,BRIDGE
-16.637229,-50.273682,-16.637245,-50.273602,BRIDGE
-16.636710,-51.060577,-16.636599,-51.060831,BRIDGE
-16.634506,-48.344284,-16.634633,-48.344059,BRIDGE
-16.634163,-50.605110,-16.634017,-50.605156,BRIDGE
-16.634153,-50.251425,-16.634158,-50.251325,BRIDGE
-16.633339,-52.430213,-16.633236,-52.430465,BRIDGE
-16.633290,-47.797056,-16.633593,-47.797084,BRIDGE
-16.633251,-49.306634,-16.633091,-49.306659,BRIDGE
-16.633207,-49.283965,-16.632874,-49.284191,BRIDGE
-16.633191,-49.469838,-16.633138,-49.469753,BRIDGE
-16.632631,-49.226288,-16.632182,-49.227108,TUNNEL
-16.631628,-49.279496,-16.631497,-49.279072,TUNNEL
-16.631158,-50.612325,-16.631123,-50.612290,BRIDGE
-16.630352,-49.273180,-16.627463,-49.273765,BRIDGE
-16.630058,-49.273095,-16.629851,-49.273452,TUNNEL
-16.629897,-49.276633,-16.629707,-49.276402,TUNNEL
-16.629309,-49.279009,-16.629187,-49.278818,TUNNEL
-16.628605,-50.622916,-16.628526,-50.622937,BRIDGE
-16.628255,-49.270680,-16.628138,-49.270084,BRIDGE
-16.628040,-49.270096,-16.628150,-49.270702,BRIDGE
-16.627586,-49.240572,-16.627794,-49.240321,BRIDGE
-16.627554,-50.651174,-16.627523,-50.651331,BRIDGE
-16.627490,-49.273890,-16.630352,-49.273296,BRIDGE
-16.627435,-48.895179,-16.627284,-48.894595,BRIDGE
-16.626938,-50.235813,-16.626976,-50.235758,BRIDGE
-16.626807,-50.855969,-16.626441,-50.855821,BRIDGE
-16.626448,-49.262310,-16.626260,-49.262145,TUNNEL
-16.626315,-49.262082,-16.626337,-49.262518,BRIDGE
-16.625096,-49.408731,-16.624921,-49.408734,BRIDGE
-16.623936,-50.422278,-16.624059,-50.422310,BRIDGE
-16.623033,-49.243839,-16.622798,-49.243890,BRIDGE
-16.622962,-49.244687,-16.623203,-49.244604,BRIDGE
-16.622176,-49.239989,-16.622093,-49.239592,BRIDGE
-16.621991,-49.239618,-16.622070,-49.240015,BRIDGE
-16.621703,-50.649428,-16.621831,-50.649471,BRIDGE
-16.621337,-48.339976,-16.621217,-48.339773,BRIDGE
-16.620836,-48.877139,-16.620753,-48.876908,BRIDGE
-16.620663,-50.130043,-16.620950,-50.129772,BRIDGE
-16.620620,-52.614967,-16.620773,-52.615147,BRIDGE
-16.620058,-50.523442,-16.619849,-50.523725,BRIDGE
-16.619936,-49.051263,-16.619739,-49.051017,BRIDGE
-16.619380,-49.206353,-16.619169,-49.206348,BRIDGE
-16.619367,-49.601273,-16.619438,-49.601638,BRIDGE
-16.619149,-49.206462,-16.619351,-49.206467,BRIDGE
-16.618925,-49.344404,-16.618884,-49.344416,BRIDGE
-16.618309,-50.258004,-16.618306,-50.257919,BRIDGE
-16.617765,-51.915843,-16.617975,-51.916111,BRIDGE
-16.616664,-49.906459,-16.616283,-49.906250,BRIDGE
-16.616627,-50.512410,-16.616368,-50.512640,BRIDGE
-16.616605,-50.690262,-16.616489,-50.690319,BRIDGE
-16.615962,-49.224275,-16.615908,-49.224212,BRIDGE
-16.615697,-49.813436,-16.615816,-49.813361,BRIDGE
-16.614341,-49.729513,-16.614219,-49.729863,BRIDGE
-16.614341,-49.003341,-16.614380,-49.002819,BRIDGE
-16.614267,-52.100226,-16.614159,-52.100503,BRIDGE
-16.613835,-50.422603,-16.613830,-50.422688,BRIDGE
-16.613417,-52.060831,-16.613333,-52.061000,BRIDGE
-16.613103,-48.360261,-16.613194,-48.360118,BRIDGE
-16.612178,-49.093586,-16.612115,-49.093327,BRIDGE
-16.611919,-49.093382,-16.611988,-49.093641,BRIDGE
-16.611335,-51.297384,-16.611168,-51.297314,BRIDGE
-16.610837,-48.858576,-16.610732,-48.858512,BRIDGE
-16.610702,-48.279136,-16.610880,-48.279194,BRIDGE
-16.609867,-49.282983,-16.610394,-49.283030,BRIDGE
-16.609324,-48.399153,-16.609442,-48.398933,BRIDGE
-16.608501,-47.479021,-16.608597,-47.478921,BRIDGE
-16.608149,-49.710253,-16.608230,-49.710251,BRIDGE
-16.606745,-49.516830,-16.606827,-49.516697,BRIDGE
-16.606246,-50.088464,-16.606303,-50.088421,BRIDGE
-16.605462,-49.718728,-16.605417,-49.718657,BRIDGE
-16.604165,-51.108157,-16.604233,-51.107936,BRIDGE
-16.603328,-49.634284,-16.603320,-49.634537,BRIDGE
-16.602811,-49.572654,-16.602978,-49.572689,BRIDGE
-16.601434,-48.500496,-16.601270,-48.500439,BRIDGE
-16.600189,-49.372704,-16.600255,-49.372763,BRIDGE
-16.598431,-50.188073,-16.598523,-50.188394,BRIDGE
-16.598038,-48.278647,-16.598081,-48.278407,BRIDGE
-16.596822,-50.399550,-16.596805,-50.399468,BRIDGE
-16.596320,-50.239357,-16.596417,-50.239611,BRIDGE
-16.596203,-51.040409,-16.596208,-51.040500,BRIDGE
-16.595770,-51.791715,-16.596073,-51.792013,BRIDGE
-16.595387,-49.373561,-16.595310,-49.373641,BRIDGE
-16.595310,-49.373844,-16.595362,-49.373789,BRIDGE
-16.593261,-51.399828,-16.593225,-51.399645,BRIDGE
-16.593065,-49.712544,-16.592987,-49.712500,BRIDGE
-16.593040,-50.033093,-16.593103,-50.033030,BRIDGE
-16.591777,-48.537776,-16.591532,-48.537381,BRIDGE
-16.590383,-49.869724,-16.590445,-49.870063,BRIDGE
-16.589945,-50.168236,-16.589810,-50.168240,BRIDGE
-16.589765,-50.436637,-16.589730,-50.436555,BRIDGE
-16.589328,-47.779149,-16.589896,-47.778830,BRIDGE
-16.588414,-48.554795,-16.588211,-48.554748,BRIDGE
-16.588192,-50.768077,-16.588289,-50.768296,BRIDGE
-16.587997,-49.900170,-16.587971,-49.900272,BRIDGE
-16.587758,-50.733297,-16.587667,-50.733449,BRIDGE
-16.587209,-50.381309,-16.587244,-50.381343,BRIDGE
-16.585670,-50.765459,-16.585657,-50.765411,BRIDGE
-16.585357,-50.756555,-16.585172,-50.756288,BRIDGE
-16.585328,-51.845964,-16.585296,-51.846273,BRIDGE
-16.584835,-49.867560,-16.584730,-49.867829,BRIDGE
-16.584419,-50.761328,-16.584480,-50.761247,BRIDGE
-16.584416,-50.413713,-16.584411,-50.413797,BRIDGE
-16.584406,-49.832594,-16.584397,-49.832679,BRIDGE
-16.584057,-49.621947,-16.584085,-49.621867,BRIDGE
-16.584051,-50.381172,-16.584113,-50.381135,BRIDGE
-16.581979,-47.891231,-16.581957,-47.891361,BRIDGE
-16.581842,-50.790251,-16.581649,-50.790451,BRIDGE
-16.581363,-49.680936,-16.581368,-49.680846,BRIDGE
-16.581138,-49.621194,-16.581195,-49.621130,BRIDGE
-16.580934,-49.894633,-16.580956,-49.894542,BRIDGE
-16.580338,-50.756509,-16.580347,-50.756411,BRIDGE
-16.579864,-49.731025,-16.579724,-49.730999,BRIDGE
-16.576997,-48.330118,-16.577066,-48.330495,BRIDGE
-16.576536,-49.684831,-16.576516,-49.684655,BRIDGE
-16.575648,-49.357118,-16.575562,-49.357299,BRIDGE
-16.575199,-47.814445,-16.575234,-47.814504,BRIDGE
-16.574568,-50.724016,-16.574476,-50.724260,BRIDGE
-16.573097,-48.331439,-16.573170,-48.331631,BRIDGE
-16.572220,-49.727985,-16.572225,-49.728248,BRIDGE
-16.571979,-52.153462,-16.572025,-52.153709,BRIDGE
-16.571611,-49.662263,-16.571393,-49.662013,BRIDGE
-16.571029,-48.169733,-16.571138,-48.169739,BRIDGE
-16.570593,-49.334793,-16.570366,-49.334816,BRIDGE
-16.570023,-49.352083,-16.570066,-49.352005,BRIDGE
-16.569852,-48.345240,-16.570065,-48.345177,BRIDGE
-16.569839,-51.024592,-16.569798,-51.024520,BRIDGE
-16.568127,-49.331330,-16.568118,-49.331194,BRIDGE
-16.568033,-48.378346,-16.568121,-48.378193,BRIDGE
-16.567090,-50.312243,-16.566830,-50.312626,BRIDGE
-16.566707,-50.725351,-16.566627,-50.725337,BRIDGE
-16.566261,-50.629632,-16.566224,-50.629557,BRIDGE
-16.565129,-50.810198,-16.565421,-50.810390,BRIDGE
-16.563858,-51.854425,-16.563720,-51.854460,BRIDGE
-16.561074,-50.535467,-16.561422,-50.535170,BRIDGE
-16.560342,-50.507837,-16.560441,-50.507939,BRIDGE
-16.559799,-50.830971,-16.560079,-50.830796,BRIDGE
-16.559647,-52.467167,-16.560653,-52.467921,BRIDGE
-16.559281,-49.816465,-16.559203,-49.816502,BRIDGE
-16.558235,-50.716400,-16.558318,-50.716411,BRIDGE
-16.557453,-50.730933,-16.557464,-50.731017,BRIDGE
-16.557211,-50.755486,-16.557225,-50.755558,BRIDGE
-16.556272,-51.133033,-16.555980,-51.132812,BRIDGE
-16.555208,-49.841612,-16.555112,-49.841676,BRIDGE
-16.555112,-50.710879,-16.555190,-50.710783,BRIDGE
-16.554830,-50.753991,-16.554875,-50.754063,BRIDGE
-16.553768,-47.812414,-16.553768,-47.812217,TUNNEL
-16.553569,-48.439845,-16.553451,-48.439392,BRIDGE
-16.553481,-49.621055,-16.553555,-49.621077,BRIDGE
-16.552430,-50.662500,-16.552490,-50.662545,BRIDGE
-16.551874,-48.367385,-16.551995,-48.367412,BRIDGE
-16.551836,-48.419948,-16.551914,-48.419804,BRIDGE
-16.549923,-50.246975,-16.549968,-50.247095,BRIDGE
-16.548581,-49.647122,-16.548619,-49.647042,BRIDGE
-16.548522,-51.573167,-16.548484,-51.573085,BRIDGE
-16.547400,-50.744284,-16.547428,-50.744365,BRIDGE
-16.547314,-50.564487,-16.547575,-50.564546,BRIDGE
-16.546632,-50.456388,-16.546501,-50.456686,BRIDGE
-16.545701,-49.003311,-16.545698,-49.003268,BRIDGE
-16.544946,-50.492127,-16.544814,-50.492388,BRIDGE
-16.543642,-50.735318,-16.543562,-50.735171,BRIDGE
-16.542632,-52.634890,-16.542632,-52.635473,BRIDGE
-16.541310,-49.149555,-16.539099,-49.149160,BRIDGE
-16.539467,-50.111232,-16.539368,-50.111240,BRIDGE
-16.539446,-49.709499,-16.539762,-49.709292,BRIDGE
-16.539164,-50.357245,-16.538989,-50.357814,BRIDGE
-16.539153,-49.149346,-16.541195,-49.149973,BRIDGE
-16.538707,-50.351637,-16.538631,-50.351563,BRIDGE
-16.538152,-48.607255,-16.538010,-48.607079,BRIDGE
-16.538012,-51.479707,-16.538291,-51.479819,BRIDGE
-16.537748,-49.828910,-16.537780,-49.828834,BRIDGE
-16.537448,-50.559577,-16.537475,-50.559946,BRIDGE
-16.537049,-51.203474,-16.536882,-51.203530,BRIDGE
-16.536964,-50.361157,-16.536995,-50.361235,BRIDGE
-16.536298,-47.798964,-16.537958,-47.798345,BRIDGE
-16.536115,-50.410052,-16.536151,-50.410128,BRIDGE
-16.536109,-50.445504,-16.536045,-50.445557,BRIDGE
-16.536104,-51.479314,-16.536895,-51.479630,BRIDGE
-16.535995,-47.780664,-16.535867,-47.780564,BRIDGE
-16.535941,-51.854423,-16.535811,-51.854330,BRIDGE
-16.535839,-47.722610,-16.535623,-47.722584,BRIDGE
-16.535389,-49.930387,-16.535317,-49.930484,BRIDGE
-16.534976,-50.742493,-16.535121,-50.742489,BRIDGE
-16.534939,-50.384649,-16.535024,-50.384667,BRIDGE
-16.534669,-48.993469,-16.534735,-48.993466,BRIDGE
-16.534510,-50.364504,-16.534748,-50.364551,BRIDGE
-16.534157,-48.602000,-16.534033,-48.601847,BRIDGE
-16.532034,-48.997032,-16.531929,-48.997019,BRIDGE
-16.531915,-50.369190,-16.532041,-50.369198,BRIDGE
-16.531439,-50.376455,-16.531506,-50.376526,BRIDGE
-16.531429,-48.967139,-16.531498,-48.967094,BRIDGE
-16.531121,-50.396639,-16.531229,-50.396949,BRIDGE
-16.530313,-50.366987,-16.530340,-50.366907,BRIDGE
-16.530283,-49.305980,-16.530330,-49.305952,BRIDGE
-16.529584,-48.994839,-16.529666,-48.994841,BRIDGE
-16.529074,-50.744581,-16.528994,-50.744604,BRIDGE
-16.528579,-50.799065,-16.528508,-50.798923,BRIDGE
-16.527873,-48.509390,-16.527217,-48.509060,BRIDGE
-16.527716,-50.366858,-16.527763,-50.366788,BRIDGE
-16.526297,-49.093723,-16.526300,-49.093669,BRIDGE
-16.525398,-52.157893,-16.525221,-52.157730,BRIDGE
-16.525084,-50.365923,-16.525074,-50.365838,BRIDGE
-16.524680,-47.819865,-16.524280,-47.819525,BRIDGE
-16.524537,-48.997130,-16.524455,-48.997072,BRIDGE
-16.524311,-51.220997,-16.523937,-51.220695,BRIDGE
-16.523405,-50.389324,-16.523488,-50.389316,BRIDGE
-16.521061,-50.385609,-16.521002,-50.385668,BRIDGE
-16.520004,-48.641568,-16.520505,-48.641736,BRIDGE
-16.519840,-48.400325,-16.519920,-48.400341,BRIDGE
-16.519829,-50.378000,-16.519886,-50.377938,BRIDGE
-16.519819,-50.377836,-16.519768,-50.377904,BRIDGE
-16.519322,-50.383169,-16.519360,-50.383190,BRIDGE
-16.518874,-50.627639,-16.518637,-50.628015,BRIDGE
-16.518514,-49.124319,-16.516561,-49.121980,BRIDGE
-16.516529,-51.436626,-16.516614,-51.436244,BRIDGE
-16.516408,-49.122081,-16.518362,-49.124430,BRIDGE
-16.516206,-50.382630,-16.516256,-50.382561,BRIDGE
-16.516165,-50.382516,-16.516115,-50.382583,BRIDGE
-16.515335,-49.263466,-16.515405,-49.263021,BRIDGE
-16.514619,-48.437514,-16.514506,-48.437587,BRIDGE
-16.514583,-50.381813,-16.514631,-50.381743,BRIDGE
-16.514183,-49.709555,-16.514126,-49.709510,BRIDGE
-16.513692,-50.996310,-16.513473,-50.995903,BRIDGE
-16.512394,-50.436248,-16.512473,-50.436269,BRIDGE
-16.511954,-52.171398,-16.511877,-52.171521,BRIDGE
-16.511443,-48.430258,-16.511485,-48.430167,BRIDGE
-16.509978,-50.933706,-16.509673,-50.933698,BRIDGE
-16.509352,-51.210470,-16.508933,-51.210670,BRIDGE
-16.508646,-50.865786,-16.508729,-50.865783,BRIDGE
-16.508580,-49.948029,-16.508696,-49.948021,BRIDGE
-16.508284,-48.969698,-16.508289,-48.969608,BRIDGE
-16.507072,-50.714428,-16.507315,-50.714338,BRIDGE
-16.507061,-51.435751,-16.506227,-51.436164,BRIDGE
-16.506870,-50.016197,-16.507017,-50.016175,BRIDGE
-16.506467,-50.741645,-16.506539,-50.741589,BRIDGE
-16.505484,-48.425575,-16.505309,-48.425913,BRIDGE
-16.504972,-48.435643,-16.504962,-48.435482,BRIDGE
-16.504369,-50.951768,-16.504288,-50.951768,BRIDGE
-16.503518,-50.743192,-16.503594,-50.743156,BRIDGE
-16.503446,-52.500041,-16.503524,-52.500040,BRIDGE
-16.502551,-50.925346,-16.502459,-50.925322,BRIDGE
-16.501936,-49.572936,-16.501932,-49.573377,BRIDGE
-16.501896,-49.002135,-16.501899,-49.002046,BRIDGE
-16.501686,-49.681394,-16.501490,-49.681319,BRIDGE
-16.501562,-50.456139,-16.501485,-50.456131,BRIDGE
-16.500886,-50.744250,-16.500958,-50.744208,BRIDGE
-16.500450,-50.962669,-16.500458,-50.962802,BRIDGE
-16.500179,-49.961714,-16.500064,-49.961679,BRIDGE
-16.499590,-50.485548,-16.499478,-50.485504,BRIDGE
-16.498946,-50.227234,-16.498883,-50.227257,BRIDGE
-16.498887,-50.966898,-16.498823,-50.966959,BRIDGE
-16.498375,-49.519862,-16.498412,-49.519928,BRIDGE
-16.496519,-49.636914,-16.496397,-49.637020,BRIDGE
-16.496341,-50.784810,-16.496279,-50.784865,BRIDGE
-16.494883,-51.771092,-16.494953,-51.770896,BRIDGE
-16.494528,-52.400658,-16.494415,-52.400467,BRIDGE
-16.494126,-49.617609,-16.494138,-49.617875,BRIDGE
-16.493938,-50.692970,-16.493761,-50.692857,BRIDGE
-16.493915,-50.912915,-16.493976,-50.912868,BRIDGE
-16.491820,-50.364234,-16.491768,-50.364192,BRIDGE
-16.491768,-49.610788,-16.491558,-49.610748,BRIDGE
-16.490380,-49.442977,-16.490889,-49.442720,BRIDGE
-16.488937,-49.861619,-16.488855,-49.861680,BRIDGE
-16.486898,-50.886183,-16.487009,-50.885995,BRIDGE
-16.486646,-50.887160,-16.486681,-50.887079,BRIDGE
-16.486384,-48.435594,-16.486396,-48.435499,BRIDGE
-16.486338,-48.794256,-16.486259,-48.794265,BRIDGE
-16.485776,-51.634624,-16.485829,-51.634587,BRIDGE
-16.485390,-50.602807,-16.485482,-50.603040,BRIDGE
-16.481422,-51.613843,-16.481377,-51.613759,BRIDGE
-16.481170,-50.828490,-16.481175,-50.828271,BRIDGE
-16.481011,-51.035476,-16.481394,-51.035301,BRIDGE
-16.480913,-49.933379,-16.480949,-49.933140,BRIDGE
-16.480484,-50.749741,-16.480740,-50.749843,BRIDGE
-16.479862,-50.708015,-16.479926,-50.707929,BRIDGE
-16.479755,-50.491000,-16.480041,-50.490562,BRIDGE
-16.478568,-48.813639,-16.478668,-48.813625,BRIDGE
-16.477729,-50.188919,-16.477611,-50.188943,BRIDGE
-16.477656,-51.638480,-16.477771,-51.638379,BRIDGE
-16.477474,-50.379886,-16.477391,-50.379947,BRIDGE
-16.476780,-50.424705,-16.476750,-50.424588,BRIDGE
-16.475906,-50.748416,-16.475830,-50.748373,BRIDGE
-16.475837,-51.085644,-16.475875,-51.085865,BRIDGE
-16.475757,-51.106871,-16.475757,-51.106789,BRIDGE
-16.475538,-50.925639,-16.475606,-50.925592,BRIDGE
-16.474525,-51.266066,-16.474860,-51.266056,BRIDGE
-16.473468,-49.112381,-16.473559,-49.112036,BRIDGE
-16.472768,-49.495975,-16.472637,-49.495959,BRIDGE
-16.472565,-48.464876,-16.472570,-48.464500,BRIDGE
-16.471980,-51.086675,-16.471946,-51.086574,BRIDGE
-16.471213,-50.112070,-16.471224,-50.111898,BRIDGE
-16.470985,-51.513063,-16.471100,-51.513254,BRIDGE
-16.470922,-49.104314,-16.470987,-49.104181,BRIDGE
-16.469922,-49.080881,-16.469868,-49.080917,BRIDGE
-16.469566,-50.674329,-16.469212,-50.674593,BRIDGE
-16.467778,-51.165902,-16.467958,-51.165994,BRIDGE
-16.466615,-50.425766,-16.466626,-50.425583,BRIDGE
-16.466577,-49.051961,-16.466524,-49.051963,BRIDGE
-16.466557,-50.712064,-16.466887,-50.712040,BRIDGE
-16.465420,-49.943829,-16.465426,-49.944201,BRIDGE
-16.464819,-48.781425,-16.464805,-48.781342,BRIDGE
-16.464270,-51.230584,-16.464350,-51.230585,BRIDGE
-16.462450,-50.679647,-16.462126,-50.679893,BRIDGE
-16.462324,-50.546444,-16.462392,-50.546104,BRIDGE
-16.462270,-50.158800,-16.462311,-50.158896,BRIDGE
-16.461770,-50.092508,-16.461739,-50.092717,BRIDGE
-16.461170,-50.414708,-16.461121,-50.414654,BRIDGE
-16.459610,-51.153549,-16.459702,-51.153376,BRIDGE
-16.458692,-51.433514,-16.458772,-51.433697,BRIDGE
-16.457765,-50.940393,-16.457842,-50.940354,BRIDGE
-16.457758,-52.509536,-16.457735,-52.509398,BRIDGE
-16.457556,-49.945525,-16.457409,-49.945780,BRIDGE
-16.457030,-50.437015,-16.457282,-50.437149,BRIDGE
-16.457003,-49.983066,-16.456888,-49.983115,BRIDGE
-16.456509,-51.638436,-16.456550,-51.638396,BRIDGE
-16.455582,-49.952868,-16.455222,-49.952854,BRIDGE
-16.455365,-49.016220,-16.455332,-49.016140,BRIDGE
-16.454737,-49.961664,-16.454590,-49.961697,BRIDGE
-16.454361,-51.662491,-16.454577,-51.662861,BRIDGE
-16.454126,-51.202150,-16.454104,-51.202256,BRIDGE
-16.453859,-51.225786,-16.453906,-51.225648,BRIDGE
-16.453747,-50.856941,-16.453739,-50.857022,BRIDGE
-16.453381,-49.484599,-16.453408,-49.484716,BRIDGE
-16.453357,-49.310936,-16.453339,-49.310881,TUNNEL
-16.453272,-49.310909,-16.453291,-49.310963,TUNNEL
-16.452997,-49.970289,-16.452887,-49.970203,BRIDGE
-16.451875,-48.632377,-16.451905,-48.632335,BRIDGE
-16.450930,-51.175362,-16.450938,-51.175450,BRIDGE
-16.450205,-51.134076,-16.450077,-51.133997,BRIDGE
-16.450116,-50.386385,-16.450392,-50.386452,BRIDGE
-16.449437,-50.363501,-16.449642,-50.363603,BRIDGE
-16.448459,-51.137477,-16.448528,-51.137521,BRIDGE
-16.448286,-48.487022,-16.448215,-48.486945,BRIDGE
-16.448078,-49.945750,-16.448072,-49.945668,BRIDGE
-16.447098,-49.927137,-16.447098,-49.927309,BRIDGE
-16.445933,-50.316423,-16.446016,-50.316343,BRIDGE
-16.445552,-50.402790,-16.445574,-50.402748,BRIDGE
-16.445085,-50.708617,-16.445016,-50.708568,BRIDGE
-16.444613,-50.856092,-16.444660,-50.856248,BRIDGE
-16.444042,-50.899770,-16.443961,-50.899779,BRIDGE
-16.443620,-51.128793,-16.443525,-51.128809,BRIDGE
-16.442167,-49.605141,-16.442062,-49.605203,BRIDGE
-16.441509,-51.275029,-16.441627,-51.274989,BRIDGE
-16.441447,-51.125936,-16.441515,-51.125855,BRIDGE
-16.440898,-51.125269,-16.440841,-51.125334,BRIDGE
-16.440343,-50.998648,-16.440060,-50.998761,BRIDGE
-16.440143,-51.124500,-16.440069,-51.124567,BRIDGE
-16.439877,-51.251811,-16.439908,-51.251754,BRIDGE
-16.439377,-51.123695,-16.439301,-51.123776,BRIDGE
-16.438633,-51.122890,-16.438557,-51.122963,BRIDGE
-16.438514,-49.106364,-16.438592,-49.106392,BRIDGE
-16.438502,-51.130397,-16.438542,-51.130161,BRIDGE
-16.437894,-51.122063,-16.437977,-51.121980,BRIDGE
-16.437258,-49.946815,-16.436825,-49.946616,BRIDGE
-16.437139,-51.121033,-16.437208,-51.120970,BRIDGE
-16.436582,-51.785294,-16.436713,-51.785806,BRIDGE
-16.436476,-49.684049,-16.436300,-49.684069,BRIDGE
-16.435591,-51.368508,-16.435364,-51.368381,BRIDGE
-16.434911,-50.907450,-16.434724,-50.907586,BRIDGE
-16.434840,-51.118601,-16.434912,-51.118544,BRIDGE
-16.434617,-50.944919,-16.434529,-50.945051,BRIDGE
-16.434277,-49.793769,-16.434123,-49.793777,BRIDGE
-16.434197,-49.529665,-16.434324,-49.529479,BRIDGE
-16.433709,-51.117682,-16.433766,-51.117611,BRIDGE
-16.433554,-49.395483,-16.433442,-49.395334,BRIDGE
-16.433136,-51.280701,-16.433097,-51.280780,BRIDGE
-16.432300,-51.131040,-16.432160,-51.131486,BRIDGE
-16.431833,-51.818279,-16.430518,-51.819122,BRIDGE
-16.431776,-50.357164,-16.431860,-50.357333,BRIDGE
-16.430968,-48.073537,-16.430978,-48.073439,BRIDGE
-16.430361,-51.113332,-16.430255,-51.113353,BRIDGE
-16.430279,-51.111101,-16.430334,-51.111164,BRIDGE
-16.429872,-48.772957,-16.429907,-48.773033,BRIDGE
-16.429144,-50.462147,-16.428938,-50.462265,BRIDGE
-16.428439,-51.268043,-16.428446,-51.267973,BRIDGE
-16.427628,-49.112590,-16.427646,-49.112207,BRIDGE
-16.425474,-49.352967,-16.425283,-49.352373,BRIDGE
-16.425382,-49.902575,-16.425235,-49.902695,BRIDGE
-16.425355,-51.066439,-16.425281,-51.066382,BRIDGE
-16.425013,-50.351801,-16.425315,-50.351836,BRIDGE
-16.424999,-50.962750,-16.424576,-50.962266,BRIDGE
-16.424270,-51.223194,-16.424192,-51.223123,BRIDGE
-16.424198,-51.271950,-16.424163,-51.271871,BRIDGE
-16.423949,-51.162439,-16.423908,-51.162366,BRIDGE
-16.423706,-51.257038,-16.423677,-51.257160,BRIDGE
-16.423700,-51.106403,-16.423718,-51.106487,BRIDGE
-16.422410,-50.182296,-16.422346,-50.182246,BRIDGE
-16.421256,-50.914275,-16.421155,-50.914139,BRIDGE
-16.421246,-49.347550,-16.420927,-49.347678,BRIDGE
-16.420992,-51.519077,-16.421127,-51.518924,BRIDGE
-16.420337,-49.719538,-16.420838,-49.719717,BRIDGE
-16.419986,-51.525272,-16.420053,-51.525155,BRIDGE
-16.419278,-51.234240,-16.419535,-51.234106,BRIDGE
-16.417850,-51.793484,-16.418106,-51.793496,BRIDGE
-16.417101,-50.704602,-16.417090,-50.704859,BRIDGE
-16.416616,-47.796208,-16.416664,-47.796148,BRIDGE
-16.415621,-50.207303,-16.416007,-50.207778,BRIDGE
-16.415153,-48.024730,-16.415098,-48.024608,BRIDGE
-16.415115,-49.214531,-16.415544,-49.214920,BRIDGE
-16.414090,-50.159259,-16.414162,-50.158594,BRIDGE
-16.413654,-48.778519,-16.413656,-48.778604,BRIDGE
-16.412619,-51.241431,-16.412663,-51.241723,BRIDGE
-16.412285,-50.681754,-16.412238,-50.681073,BRIDGE
-16.412068,-51.328626,-16.412024,-51.328556,BRIDGE
-16.411726,-47.801932,-16.411798,-47.802469,BRIDGE
-16.411210,-47.433874,-16.411000,-47.433764,BRIDGE
-16.410779,-51.215849,-16.410894,-51.215820,BRIDGE
-16.409610,-51.825088,-16.410325,-51.823650,BRIDGE
-16.408378,-51.068702,-16.408343,-51.068742,BRIDGE
-16.407759,-52.175944,-16.407611,-52.176115,BRIDGE
-16.406050,-47.999807,-16.406336,-47.999879,BRIDGE
-16.405982,-51.247181,-16.405938,-51.247108,BRIDGE
-16.404369,-51.104123,-16.404349,-51.104039,BRIDGE
-16.403986,-49.213455,-16.404146,-49.213552,BRIDGE
-16.403467,-51.559351,-16.403410,-51.559463,BRIDGE
-16.401731,-48.908295,-16.401787,-48.908222,TUNNEL
-16.401705,-48.908154,-16.401649,-48.908231,TUNNEL
-16.401447,-48.225336,-16.401339,-48.225366,BRIDGE
-16.400256,-51.233501,-16.400189,-51.233559,BRIDGE
-16.400014,-51.037305,-16.399933,-51.037315,BRIDGE
-16.399901,-49.629659,-16.399687,-49.629906,BRIDGE
-16.398935,-50.679570,-16.398931,-50.679808,BRIDGE
-16.396535,-48.081379,-16.396663,-48.081312,BRIDGE
-16.396463,-47.884853,-16.396346,-47.884756,BRIDGE
-16.396222,-48.963724,-16.394705,-48.961324,BRIDGE
-16.396150,-50.194285,-16.395922,-50.194176,BRIDGE
-16.394960,-49.726165,-16.395125,-49.726162,BRIDGE
-16.394801,-51.283987,-16.394847,-51.283959,BRIDGE
-16.394613,-48.961384,-16.396098,-48.963806,BRIDGE
-16.392309,-48.198881,-16.392459,-48.198768,BRIDGE
-16.389917,-50.303831,-16.390151,-50.303875,BRIDGE
-16.389555,-52.002221,-16.389571,-52.002476,BRIDGE
-16.389391,-49.335890,-16.389465,-49.335958,TUNNEL
-16.388321,-49.334933,-16.388533,-49.335131,BRIDGE
-16.388319,-49.454514,-16.388298,-49.454300,BRIDGE
-16.387182,-51.781134,-16.387099,-51.781121,BRIDGE
-16.386678,-47.709674,-16.386573,-47.709597,BRIDGE
-16.385893,-49.100738,-16.385713,-49.101056,BRIDGE
-16.385543,-52.443821,-16.385565,-52.443770,BRIDGE
-16.385282,-51.564391,-16.385517,-51.564540,BRIDGE
-16.384714,-49.091227,-16.384601,-49.091110,BRIDGE
-16.384470,-48.278478,-16.384456,-48.278586,BRIDGE
-16.383078,-51.107812,-16.383109,-51.107732,BRIDGE
-16.382794,-49.658223,-16.382618,-49.658553,BRIDGE
-16.381436,-50.116980,-16.381538,-50.116964,BRIDGE
-16.380851,-47.415356,-16.380952,-47.415259,BRIDGE
-16.379456,-51.559118,-16.379689,-51.559349,BRIDGE
-16.379172,-48.950520,-16.379355,-48.950704,BRIDGE
-16.378111,-50.399569,-16.377954,-50.399676,BRIDGE
-16.377982,-50.097607,-16.378039,-50.097722,BRIDGE
-16.374857,-48.308229,-16.374843,-48.308620,BRIDGE
-16.374245,-51.959083,-16.374288,-51.959227,BRIDGE
-16.374009,-49.696358,-16.374006,-49.696237,BRIDGE
-16.373689,-47.445618,-16.373833,-47.445670,BRIDGE
-16.373221,-50.295735,-16.373258,-50.295660,BRIDGE
-16.372854,-51.296824,-16.372594,-51.297160,BRIDGE
-16.372629,-48.074787,-16.373553,-48.075411,BRIDGE
-16.371673,-48.310326,-16.371417,-48.310172,BRIDGE
-16.371487,-51.798001,-16.371541,-51.798163,BRIDGE
-16.371285,-51.032086,-16.371467,-51.032233,BRIDGE
-16.371203,-52.438308,-16.370850,-52.438267,BRIDGE
-16.370851,-49.328560,-16.370807,-49.328818,BRIDGE
-16.370733,-51.449669,-16.370959,-51.449702,BRIDGE
-16.370254,-51.105611,-16.370179,-51.105578,BRIDGE
-16.369371,-50.457737,-16.368967,-50.457976,BRIDGE
-16.368180,-49.870057,-16.368032,-49.869703,BRIDGE
-16.367296,-49.986992,-16.367251,-49.987124,BRIDGE
-16.366754,-49.657655,-16.366793,-49.657607,BRIDGE
-16.366297,-50.419264,-16.366225,-50.419339,BRIDGE
-16.365514,-51.305993,-16.365276,-51.306294,BRIDGE
-16.364284,-49.323508,-16.363955,-49.323923,BRIDGE
-16.362379,-51.442685,-16.362500,-51.442448,BRIDGE
-16.361910,-49.326430,-16.361658,-49.326732,BRIDGE
-16.360489,-50.276773,-16.360502,-50.276857,BRIDGE
-16.359724,-48.254474,-16.359602,-48.254570,BRIDGE
-16.359327,-50.916077,-16.359392,-50.916152,BRIDGE
-16.359099,-49.308970,-16.358907,-49.308914,BRIDGE
-16.356123,-48.946540,-16.356431,-48.946682,BRIDGE
-16.354902,-48.929887,-16.353981,-48.928149,BRIDGE
-16.354705,-49.688128,-16.354559,-49.688338,BRIDGE
-16.353845,-52.158835,-16.353994,-52.158914,BRIDGE
-16.353836,-48.928175,-16.354863,-48.930032,BRIDGE
-16.352078,-48.330756,-16.351735,-48.330595,BRIDGE
-16.351748,-48.334143,-16.351828,-48.334011,BRIDGE
-16.351176,-49.846985,-16.351150,-49.846919,BRIDGE
-16.349613,-49.728000,-16.349704,-49.727750,BRIDGE
-16.348825,-48.344157,-16.348865,-48.344016,BRIDGE
-16.348385,-49.416837,-16.348338,-49.417028,BRIDGE
-16.348196,-51.189560,-16.348235,-51.189677,BRIDGE
-16.348035,-48.949882,-16.347803,-48.949497,BRIDGE
-16.348020,-50.407227,-16.347943,-50.407306,BRIDGE
-16.347439,-49.716887,-16.347377,-49.716953,BRIDGE
-16.346798,-49.123402,-16.346816,-49.123313,BRIDGE
-16.346402,-49.747997,-16.346451,-49.748027,BRIDGE
-16.346235,-49.494910,-16.346277,-49.495183,BRIDGE
-16.345920,-49.746431,-16.345839,-49.746355,BRIDGE
-16.345622,-52.157564,-16.345851,-52.157472,BRIDGE
-16.345431,-49.979796,-16.345365,-49.979730,BRIDGE
-16.341535,-49.325067,-16.341504,-49.324777,BRIDGE
-16.341403,-48.951083,-16.341384,-48.950929,BRIDGE
-16.340865,-49.117971,-16.340944,-49.117945,BRIDGE
-16.340753,-52.092774,-16.341011,-52.092664,BRIDGE
-16.340686,-50.955757,-16.340737,-50.956179,BRIDGE
-16.340040,-47.906825,-16.340139,-47.906911,BRIDGE
-16.339899,-48.922866,-16.339545,-48.922790,BRIDGE
-16.339502,-48.922917,-16.339885,-48.923006,BRIDGE
-16.339084,-48.863418,-16.339179,-48.863377,BRIDGE
-16.338449,-49.127809,-16.338382,-49.127742,BRIDGE
-16.338193,-49.296241,-16.338386,-49.296140,BRIDGE
-16.337822,-50.501120,-16.337192,-50.501659,BRIDGE
-16.337353,-49.261971,-16.337053,-49.261841,BRIDGE
-16.337224,-48.961251,-16.337331,-48.961201,BRIDGE
-16.337172,-49.753977,-16.337241,-49.753796,BRIDGE
-16.337002,-49.262041,-16.337290,-49.262163,BRIDGE
-16.336276,-50.216760,-16.336212,-50.216666,BRIDGE
-16.335878,-49.083920,-16.335954,-49.083959,BRIDGE
-16.335429,-52.149482,-16.335918,-52.149535,BRIDGE
-16.334953,-48.951960,-16.333444,-48.951590,BRIDGE
-16.334893,-48.957492,-16.335138,-48.957520,BRIDGE
-16.334750,-49.142827,-16.334831,-49.142845,BRIDGE
-16.334737,-48.909037,-16.335008,-48.908830,BRIDGE
-16.334155,-52.152004,-16.334264,-52.152118,BRIDGE
-16.333716,-49.173040,-16.333778,-49.173094,BRIDGE
-16.333686,-49.169870,-16.333697,-49.169958,BRIDGE
-16.333429,-48.951651,-16.334930,-48.952032,BRIDGE
-16.332905,-47.440028,-16.332977,-47.440066,BRIDGE
-16.332679,-48.932584,-16.332659,-48.932479,BRIDGE
-16.331648,-48.951846,-16.331598,-48.951938,BRIDGE
-16.331440,-49.484452,-16.331071,-49.484353,BRIDGE
-16.330420,-49.541076,-16.330427,-49.541222,BRIDGE
-16.329935,-48.950340,-16.326790,-48.949087,BRIDGE
-16.329357,-49.725880,-16.329583,-49.725991,BRIDGE
-16.329061,-48.085348,-16.329164,-48.085525,BRIDGE
-16.328770,-49.755272,-16.328669,-49.755314,BRIDGE
-16.328601,-49.243386,-16.328768,-49.243398,BRIDGE
-16.327452,-49.981864,-16.327172,-49.982147,BRIDGE
-16.327264,-48.588670,-16.327047,-48.588680,BRIDGE
-16.326769,-48.949130,-16.329891,-48.950403,BRIDGE
-16.326164,-49.076236,-16.326186,-49.076314,BRIDGE
-16.326131,-51.360294,-16.325981,-51.360643,BRIDGE
-16.325996,-48.967284,-16.326006,-48.967134,BRIDGE
-16.325733,-48.922083,-16.325246,-48.922064,BRIDGE
-16.325308,-48.922232,-16.325665,-48.922241,BRIDGE
-16.325022,-49.098265,-16.324970,-49.098261,BRIDGE
-16.324764,-48.948165,-16.324378,-48.947999,BRIDGE
-16.324755,-48.948535,-16.324741,-48.948304,BRIDGE
-16.324565,-48.948222,-16.324929,-48.948382,BRIDGE
-16.324297,-49.540138,-16.324381,-49.540028,BRIDGE
-16.324280,-48.949822,-16.324463,-48.949554,TUNNEL
-16.323845,-49.231156,-16.323914,-49.231063,BRIDGE
-16.323514,-48.957127,-16.322731,-48.957130,TUNNEL
-16.323308,-50.991786,-16.323224,-50.991775,BRIDGE
-16.322818,-48.957142,-16.322796,-48.955879,TUNNEL
-16.322759,-50.303893,-16.322762,-50.303828,BRIDGE
-16.322692,-50.225195,-16.322770,-50.225181,BRIDGE
-16.322552,-49.040117,-16.322495,-49.040031,BRIDGE
-16.322400,-48.951225,-16.322380,-48.951134,BRIDGE
-16.322266,-48.951185,-16.322292,-48.951291,BRIDGE
-16.321643,-48.943002,-16.321471,-48.943280,BRIDGE
-16.321583,-50.792987,-16.322581,-50.793602,BRIDGE
-16.321556,-48.943323,-16.321725,-48.943048,BRIDGE
-16.321443,-48.947027,-16.321511,-48.946847,BRIDGE
-16.321247,-48.946759,-16.321207,-48.946959,BRIDGE
-16.321243,-49.100178,-16.321063,-49.099939,BRIDGE
-16.320896,-48.935898,-16.320939,-48.935815,BRIDGE
-16.320632,-48.951965,-16.320559,-48.951859,BRIDGE
-16.320350,-50.256374,-16.320382,-50.256452,BRIDGE
-16.319991,-49.497124,-16.320066,-49.497051,BRIDGE
-16.319919,-49.079918,-16.319921,-49.079832,BRIDGE
-16.319205,-48.952225,-16.319066,-48.952136,BRIDGE
-16.319198,-48.954375,-16.319232,-48.954203,BRIDGE
-16.318870,-48.954113,-16.318820,-48.954278,BRIDGE
-16.318695,-49.019221,-16.318353,-49.019237,BRIDGE
-16.317349,-49.313185,-16.317202,-49.312885,BRIDGE
-16.316578,-51.739526,-16.316738,-51.739790,BRIDGE
-16.316273,-49.117920,-16.316390,-49.117883,BRIDGE
-16.315956,-50.135899,-16.315848,-50.136289,BRIDGE
-16.313795,-49.026129,-16.313613,-49.026005,BRIDGE
-16.313093,-51.392536,-16.312974,-51.392844,BRIDGE
-16.312399,-51.427328,-16.312206,-51.427225,BRIDGE
-16.312224,-49.218618,-16.312074,-49.218916,BRIDGE
-16.311005,-51.669668,-16.310776,-51.669672,BRIDGE
-16.310849,-49.081319,-16.310902,-49.081384,BRIDGE
-16.310679,-50.573815,-16.310600,-50.573819,BRIDGE
-16.309806,-49.210350,-16.309872,-49.210400,BRIDGE
-16.309480,-48.952591,-16.309462,-48.952500,BRIDGE
-16.308528,-50.896154,-16.308840,-50.896780,BRIDGE
-16.308236,-49.461649,-16.308248,-49.461497,BRIDGE
-16.308056,-51.479817,-16.308048,-51.480072,BRIDGE
-16.308023,-52.046941,-16.308241,-52.047225,BRIDGE
-16.306818,-48.923844,-16.306479,-48.923952,BRIDGE
-16.306550,-48.924118,-16.306917,-48.923996,BRIDGE
-16.306185,-49.186007,-16.306171,-49.185918,BRIDGE
-16.304742,-51.413256,-16.304609,-51.413590,BRIDGE
-16.303971,-49.083600,-16.303743,-49.083644,BRIDGE
-16.303746,-51.467747,-16.304499,-51.468732,BRIDGE
-16.303728,-49.085321,-16.304021,-49.084964,BRIDGE
-16.303701,-49.207732,-16.304026,-49.207827,BRIDGE
-16.303174,-51.450660,-16.303201,-51.450911,BRIDGE
-16.303139,-50.421072,-16.303515,-50.421093,BRIDGE
-16.302500,-48.925525,-16.302339,-48.925295,BRIDGE
-16.302252,-48.925333,-16.302420,-48.925575,BRIDGE
-16.302215,-48.086669,-16.302349,-48.086958,BRIDGE
-16.301665,-49.103182,-16.301862,-49.103538,BRIDGE
-16.301292,-50.781586,-16.301417,-50.781563,BRIDGE
-16.300763,-50.321760,-16.300716,-50.321829,BRIDGE
-16.298814,-50.353807,-16.299305,-50.353854,BRIDGE
-16.298043,-50.551785,-16.297791,-50.551849,BRIDGE
-16.297386,-50.549889,-16.297155,-50.549967,BRIDGE
-16.297178,-48.804872,-16.296996,-48.804518,BRIDGE
-16.296915,-48.804598,-16.297093,-48.804956,BRIDGE
-16.295646,-50.114762,-16.295792,-50.114559,BRIDGE
-16.294576,-50.556502,-16.294401,-50.556593,BRIDGE
-16.293635,-51.972125,-16.294352,-51.971310,BRIDGE
-16.293244,-49.059979,-16.293290,-49.060036,BRIDGE
-16.292779,-49.200980,-16.292852,-49.200943,BRIDGE
-16.292579,-49.292083,-16.292626,-49.292013,BRIDGE
-16.291563,-50.109583,-16.291664,-50.109667,BRIDGE
-16.290381,-48.829161,-16.290536,-48.829309,BRIDGE
-16.289578,-50.937695,-16.289534,-50.937760,BRIDGE
-16.287993,-50.304110,-16.288054,-50.304106,BRIDGE
-16.287724,-50.289572,-16.287649,-50.289542,BRIDGE
-16.287412,-49.514424,-16.287440,-49.514512,BRIDGE
-16.286747,-48.943442,-16.286584,-48.943940,BRIDGE
-16.286714,-48.943956,-16.286882,-48.943426,BRIDGE
-16.285632,-49.286620,-16.285470,-49.286839,BRIDGE
-16.285548,-49.286909,-16.285706,-49.286692,BRIDGE
-16.284962,-50.099426,-16.284871,-50.099346,BRIDGE
-16.284804,-48.845782,-16.284652,-48.845624,BRIDGE
-16.282770,-48.956620,-16.282803,-48.956521,BRIDGE
-16.282678,-51.514172,-16.282622,-51.514214,BRIDGE
-16.282563,-48.956603,-16.282626,-48.956408,BRIDGE
-16.282509,-48.956320,-16.282422,-48.956565,BRIDGE
-16.282125,-50.276405,-16.282094,-50.276484,BRIDGE
-16.281943,-51.133039,-16.281865,-51.133075,BRIDGE
-16.281575,-50.523154,-16.281889,-50.523342,BRIDGE
-16.281384,-50.593443,-16.281417,-50.593412,BRIDGE
-16.280736,-49.910722,-16.280920,-49.910857,BRIDGE
-16.278164,-49.748891,-16.278444,-49.748975,BRIDGE
-16.276202,-48.136776,-16.276141,-48.136789,BRIDGE
-16.275663,-49.272353,-16.275738,-49.272317,BRIDGE
-16.274885,-49.092849,-16.275123,-49.092626,BRIDGE
-16.273392,-48.773655,-16.273154,-48.773224,BRIDGE
-16.273043,-48.773253,-16.273316,-48.773734,BRIDGE
-16.272172,-48.940330,-16.271752,-48.940233,BRIDGE
-16.272140,-48.973048,-16.271866,-48.973466,BRIDGE
-16.271989,-48.973555,-16.272258,-48.973123,BRIDGE
-16.271137,-49.279672,-16.271030,-49.279724,TUNNEL
-16.270952,-48.137055,-16.270977,-48.137133,BRIDGE
-16.270668,-49.209575,-16.270781,-49.209501,BRIDGE
-16.270167,-50.491584,-16.270097,-50.491510,BRIDGE
-16.269493,-51.247565,-16.269783,-51.247222,BRIDGE
-16.268371,-49.261237,-16.268544,-49.260960,BRIDGE
-16.268090,-49.278248,-16.268002,-49.278116,TUNNEL
-16.264948,-52.528434,-16.265343,-52.528476,BRIDGE
-16.264692,-50.316243,-16.264792,-50.316262,BRIDGE
-16.264550,-47.948452,-16.264548,-47.948686,BRIDGE
-16.262183,-47.788945,-16.262396,-47.788576,BRIDGE
-16.262108,-50.268894,-16.262287,-50.268840,BRIDGE
-16.261774,-48.065632,-16.261723,-48.065073,BRIDGE
-16.261604,-48.045882,-16.261379,-48.045215,BRIDGE
-16.261149,-47.791734,-16.261141,-47.791463,BRIDGE
-16.261001,-47.947837,-16.260985,-47.947716,BRIDGE
-16.257641,-50.264604,-16.257676,-50.264686,BRIDGE
-16.255798,-49.453364,-16.255938,-49.453227,BRIDGE
-16.255791,-47.947930,-16.255797,-47.947769,BRIDGE
-16.255711,-50.795846,-16.255904,-50.795618,BRIDGE
-16.254921,-51.662518,-16.255066,-51.662486,BRIDGE
-16.249421,-49.370363,-16.249531,-49.370225,BRIDGE
-16.249382,-49.359822,-16.249560,-49.359961,BRIDGE
-16.248845,-47.938930,-16.249004,-47.939028,BRIDGE
-16.247508,-49.197708,-16.247593,-49.197627,BRIDGE
-16.247211,-48.040304,-16.247390,-48.040183,BRIDGE
-16.246001,-48.010255,-16.245917,-48.010430,BRIDGE
-16.245285,-49.529922,-16.245235,-49.529831,BRIDGE
-16.245199,-49.119918,-16.245163,-49.119787,BRIDGE
-16.242016,-49.412977,-16.242025,-49.412893,BRIDGE
-16.241262,-50.498183,-16.242102,-50.498166,BRIDGE
-16.237069,-49.005529,-16.236696,-49.005712,BRIDGE
-16.236762,-49.005879,-16.237136,-49.005706,BRIDGE
-16.234729,-49.535170,-16.234642,-49.535179,BRIDGE
-16.233296,-49.451664,-16.233184,-49.451575,BRIDGE
-16.233272,-49.448180,-16.233329,-49.448112,BRIDGE
-16.231947,-49.269737,-16.231976,-49.269816,BRIDGE
-16.229856,-47.922871,-16.229913,-47.922634,BRIDGE
-16.229667,-48.034620,-16.229760,-48.034044,BRIDGE
-16.228492,-47.984426,-16.228407,-47.984552,BRIDGE
-16.228108,-51.264828,-16.228505,-51.264627,BRIDGE
-16.228066,-49.372108,-16.228145,-49.372123,BRIDGE
-16.226197,-49.259015,-16.226109,-49.258939,BRIDGE
-16.226035,-49.452935,-16.225983,-49.452813,BRIDGE
-16.225592,-47.790989,-16.225633,-47.791089,BRIDGE
-16.224136,-47.845734,-16.223925,-47.845350,TUNNEL
-16.224063,-50.304061,-16.224292,-50.304058,BRIDGE
-16.223418,-47.840829,-16.223462,-47.840674,BRIDGE
-16.223212,-50.305250,-16.223508,-50.305705,BRIDGE
-16.222997,-49.238151,-16.223070,-49.238016,BRIDGE
-16.219346,-49.278259,-16.219319,-49.278165,BRIDGE
-16.217884,-50.294361,-16.217582,-50.294633,BRIDGE
-16.216804,-51.850670,-16.216767,-51.850454,BRIDGE
-16.216549,-52.177149,-16.216446,-52.177070,BRIDGE
-16.212507,-49.423742,-16.212402,-49.423624,BRIDGE
-16.212187,-50.716632,-16.212286,-50.716536,BRIDGE
-16.211217,-49.458402,-16.211189,-49.458213,BRIDGE
-16.210147,-48.680169,-16.210220,-48.680038,BRIDGE
-16.209076,-50.484394,-16.209151,-50.484443,BRIDGE
-16.208202,-52.214367,-16.208234,-52.214488,BRIDGE
-16.208053,-49.229936,-16.208174,-49.230122,BRIDGE
-16.207788,-49.741577,-16.207564,-49.741764,BRIDGE
-16.206192,-49.887467,-16.206073,-49.887405,BRIDGE
-16.205889,-49.594179,-16.205873,-49.594064,BRIDGE
-16.203721,-49.312295,-16.203490,-49.312425,BRIDGE
-16.203415,-49.312731,-16.203745,-49.312535,BRIDGE
-16.200555,-49.457886,-16.200486,-49.457802,BRIDGE
-16.200273,-49.876772,-16.200209,-49.876673,BRIDGE
-16.198697,-50.720609,-16.198724,-50.720505,BRIDGE
-16.197616,-47.804301,-16.197683,-47.804405,BRIDGE
-16.197360,-51.739223,-16.197486,-51.739155,BRIDGE
-16.196737,-49.606460,-16.196619,-49.606486,BRIDGE
-16.196321,-49.605330,-16.195989,-49.605517,BRIDGE
-16.196057,-49.605590,-16.196363,-49.605425,BRIDGE
-16.194408,-52.546928,-16.194785,-52.546857,BRIDGE
-16.193568,-48.023688,-16.193580,-48.023801,BRIDGE
-16.192223,-52.550939,-16.192125,-52.549559,BRIDGE
-16.190644,-49.034913,-16.190132,-49.035607,BRIDGE
-16.190224,-49.035730,-16.190753,-49.035025,BRIDGE
-16.189551,-49.439562,-16.189414,-49.439502,BRIDGE
-16.188993,-49.291168,-16.188999,-49.291304,BRIDGE
-16.185279,-47.565457,-16.185199,-47.565202,BRIDGE
-16.184959,-49.539118,-16.184949,-49.539161,BRIDGE
-16.183004,-49.301084,-16.182900,-49.300947,BRIDGE
-16.180379,-48.969664,-16.180233,-48.969757,BRIDGE
-16.180337,-47.950222,-16.180329,-47.950501,BRIDGE
-16.179577,-49.368915,-16.179577,-49.368999,BRIDGE
-16.177884,-49.368428,-16.177960,-49.368395,BRIDGE
-16.177149,-49.329319,-16.177271,-49.329490,TUNNEL
-16.177004,-47.500515,-16.177004,-47.500942,BRIDGE
-16.176492,-49.394405,-16.176456,-49.394486,BRIDGE
-16.175195,-50.985447,-16.175169,-50.985680,BRIDGE
-16.175128,-49.339264,-16.175271,-49.339393,BRIDGE
-16.175090,-50.294981,-16.175299,-50.295205,BRIDGE
-16.174264,-49.477289,-16.173924,-49.477294,BRIDGE
-16.171922,-50.954167,-16.173044,-50.954415,BRIDGE
-16.170155,-49.326203,-16.170153,-49.326118,BRIDGE
-16.167001,-48.129478,-16.166770,-48.129673,BRIDGE
-16.166748,-49.390108,-16.166740,-49.390193,BRIDGE
-16.166066,-48.881001,-16.166010,-48.881065,BRIDGE
-16.166043,-48.013948,-16.166030,-48.013706,BRIDGE
-16.164917,-50.109887,-16.165121,-50.109703,BRIDGE
-16.164827,-50.275841,-16.165163,-50.276282,BRIDGE
-16.164332,-48.779233,-16.164474,-48.779111,BRIDGE
-16.163981,-49.475299,-16.163639,-49.474904,BRIDGE
-16.162846,-48.599948,-16.162645,-48.600135,BRIDGE
-16.162170,-50.723233,-16.162211,-50.723305,BRIDGE
-16.161733,-49.332742,-16.161702,-49.332595,BRIDGE
-16.161647,-49.400577,-16.161655,-49.400484,BRIDGE
-16.161208,-49.238623,-16.161192,-49.238540,BRIDGE
-16.160313,-49.886214,-16.160326,-49.886306,BRIDGE
-16.159385,-47.948388,-16.159509,-47.948528,BRIDGE
-16.158241,-48.839615,-16.158321,-48.839733,BRIDGE
-16.157898,-50.388518,-16.157230,-50.389164,BRIDGE
-16.157687,-49.467821,-16.157407,-49.467480,BRIDGE
-16.157278,-49.243369,-16.157557,-49.243234,BRIDGE
-16.154692,-50.208236,-16.154633,-50.208152,BRIDGE
-16.154162,-49.373184,-16.154243,-49.373192,BRIDGE
-16.153972,-48.514968,-16.154165,-48.514962,BRIDGE
-16.153323,-49.891090,-16.153422,-49.891034,BRIDGE
-16.153049,-47.907075,-16.152876,-47.906603,BRIDGE
-16.152988,-48.676399,-16.152932,-48.676462,BRIDGE
-16.151387,-50.072041,-16.151415,-50.072331,BRIDGE
-16.150660,-50.083945,-16.150869,-50.084079,BRIDGE
-16.149890,-48.144680,-16.149901,-48.144351,BRIDGE
-16.149800,-49.342597,-16.149369,-49.342608,BRIDGE
-16.149364,-49.342787,-16.149698,-49.342783,BRIDGE
-16.149146,-48.048015,-16.149179,-48.048104,BRIDGE
-16.148674,-48.652632,-16.148761,-48.652112,BRIDGE
-16.147202,-48.725647,-16.147766,-48.725915,BRIDGE
-16.146830,-48.605651,-16.146387,-48.604615,BRIDGE
-16.146277,-50.852126,-16.146297,-50.852044,BRIDGE
-16.146274,-48.604729,-16.146670,-48.605658,BRIDGE
-16.145780,-51.568843,-16.145699,-51.568830,BRIDGE
-16.144583,-49.377899,-16.144523,-49.377917,BRIDGE
-16.144478,-50.855134,-16.144558,-50.855145,BRIDGE
-16.144088,-52.361229,-16.144218,-52.360807,BRIDGE
-16.144081,-49.418341,-16.144158,-49.418364,BRIDGE
-16.143053,-49.417049,-16.143132,-49.417009,BRIDGE
-16.142730,-50.828440,-16.142736,-50.828356,BRIDGE
-16.142367,-49.259551,-16.142299,-49.259462,BRIDGE
-16.142359,-50.210043,-16.142296,-50.210095,BRIDGE
-16.141865,-48.614419,-16.141895,-48.613809,BRIDGE
-16.141349,-51.091645,-16.140908,-51.092109,BRIDGE
-16.140632,-50.241655,-16.140917,-50.242403,BRIDGE
-16.140394,-50.675657,-16.140384,-50.675741,BRIDGE
-16.138333,-49.348265,-16.138403,-49.348350,BRIDGE
-16.137902,-48.891514,-16.137664,-48.891573,BRIDGE
-16.136971,-49.048112,-16.137375,-49.048069,BRIDGE
-16.136217,-50.710193,-16.136136,-50.710196,BRIDGE
-16.135996,-47.460435,-16.136133,-47.460562,BRIDGE
-16.135049,-49.363369,-16.135199,-49.363391,BRIDGE
-16.134030,-49.438103,-16.133936,-49.438153,BRIDGE
-16.133896,-48.730580,-16.133824,-48.730395,BRIDGE
-16.133437,-49.201231,-16.133525,-49.201241,BRIDGE
-16.133405,-49.773340,-16.133438,-49.773100,BRIDGE
-16.131401,-49.433004,-16.131433,-49.433086,BRIDGE
-16.130741,-48.795191,-16.130921,-48.794977,BRIDGE
-16.129789,-48.733371,-16.129758,-48.733640,BRIDGE
-16.129093,-49.202116,-16.129175,-49.202097,BRIDGE
-16.129053,-50.193651,-16.129102,-50.193582,BRIDGE
-16.128953,-52.356104,-16.129091,-52.356243,BRIDGE
-16.128244,-50.370903,-16.128158,-50.371009,BRIDGE
-16.128189,-48.134621,-16.128148,-48.134543,BRIDGE
-16.127817,-49.319240,-16.127851,-49.319189,BRIDGE
-16.126922,-49.430130,-16.126850,-49.430170,BRIDGE
-16.126432,-49.266157,-16.126488,-49.266220,BRIDGE
-16.126423,-49.265025,-16.126574,-49.264907,BRIDGE
-16.126129,-49.338445,-16.126123,-49.338355,BRIDGE
-16.125365,-47.977249,-16.125415,-47.977181,BRIDGE
-16.125350,-50.543097,-16.125472,-50.543278,BRIDGE
-16.125341,-49.419746,-16.125359,-49.419854,BRIDGE
-16.125268,-48.849109,-16.125196,-48.849036,BRIDGE
-16.123711,-49.771832,-16.123660,-49.771741,BRIDGE
-16.123121,-47.976583,-16.123131,-47.976698,BRIDGE
-16.122413,-49.423561,-16.122557,-49.423564,BRIDGE
-16.122222,-49.253386,-16.122186,-49.253465,BRIDGE
-16.122178,-48.282106,-16.122676,-48.282047,BRIDGE
-16.122134,-49.453853,-16.122111,-49.453934,BRIDGE
-16.122045,-49.273034,-16.122114,-49.273086,BRIDGE
-16.121087,-48.811384,-16.120836,-48.811419,BRIDGE
-16.119513,-50.036445,-16.119480,-50.036281,BRIDGE
-16.117849,-49.260302,-16.117801,-49.260369,BRIDGE
-16.116912,-49.319949,-16.116901,-49.319859,BRIDGE
-16.116729,-48.891298,-16.116713,-48.891443,BRIDGE
-16.115994,-49.418358,-16.116069,-49.418391,BRIDGE
-16.114595,-50.196798,-16.114652,-50.196864,BRIDGE
-16.113964,-51.421512,-16.114044,-51.421662,BRIDGE
-16.113680,-49.879595,-16.113711,-49.879352,BRIDGE
-16.113069,-49.341378,-16.113146,-49.341422,BRIDGE
-16.112344,-48.559579,-16.112076,-48.560003,BRIDGE
-16.112276,-47.720922,-16.112358,-47.720897,BRIDGE
-16.112196,-48.560057,-16.112437,-48.559696,BRIDGE
-16.111670,-49.419508,-16.111762,-49.419397,BRIDGE
-16.111658,-51.038145,-16.111617,-51.038251,BRIDGE
-16.111328,-48.274674,-16.112025,-48.274292,BRIDGE
-16.111024,-48.351689,-16.111080,-48.350809,BRIDGE
-16.110898,-48.350893,-16.110844,-48.351691,BRIDGE
-16.110660,-50.012878,-16.110598,-50.012904,BRIDGE
-16.110514,-49.340545,-16.110584,-49.340591,BRIDGE
-16.110252,-49.340947,-16.110253,-49.341020,BRIDGE
-16.109269,-48.876847,-16.109105,-48.876550,BRIDGE
-16.108319,-48.151101,-16.108300,-48.151384,BRIDGE
-16.108234,-49.030852,-16.109049,-49.031001,BRIDGE
-16.107974,-47.938714,-16.108041,-47.938572,BRIDGE
-16.107527,-49.602922,-16.107411,-49.602881,BRIDGE
-16.106687,-50.135698,-16.106906,-50.135939,BRIDGE
-16.105990,-50.199405,-16.105996,-50.199319,BRIDGE
-16.105380,-49.406819,-16.105399,-49.406917,BRIDGE
-16.105081,-49.177486,-16.105117,-49.177534,BRIDGE
-16.105063,-48.066848,-16.105005,-48.066732,BRIDGE
-16.103815,-48.355599,-16.103995,-48.355305,BRIDGE
-16.103805,-50.018930,-16.103703,-50.018978,BRIDGE
-16.103493,-51.193620,-16.103344,-51.193466,BRIDGE
-16.103257,-48.016663,-16.103236,-48.016511,BRIDGE
-16.102982,-47.975769,-16.102661,-47.975977,BRIDGE
-16.102788,-47.976110,-16.103105,-47.975905,BRIDGE
-16.102524,-49.213762,-16.102591,-49.213681,BRIDGE
-16.102221,-49.215846,-16.102281,-49.215783,BRIDGE
-16.102039,-50.792777,-16.102121,-50.792774,BRIDGE
-16.101883,-48.460332,-16.101934,-48.459862,BRIDGE
-16.101778,-48.459885,-16.101734,-48.460263,BRIDGE
-16.100969,-49.362231,-16.100956,-49.362642,BRIDGE
-16.100830,-49.414096,-16.100843,-49.414219,BRIDGE
-16.100203,-48.274287,-16.100376,-48.274457,BRIDGE
-16.099616,-50.185825,-16.099696,-50.185787,BRIDGE
-16.099146,-48.988507,-16.099092,-48.988609,BRIDGE
-16.099136,-49.362220,-16.099115,-49.362083,TUNNEL
-16.098097,-50.751803,-16.098116,-50.751888,BRIDGE
-16.097458,-48.272071,-16.097652,-48.272082,BRIDGE
-16.097114,-49.706044,-16.097184,-49.705697,BRIDGE
-16.097024,-49.705648,-16.096957,-49.705971,BRIDGE
-16.096661,-51.769476,-16.096670,-51.769586,BRIDGE
-16.095877,-49.272606,-16.095978,-49.272332,BRIDGE
-16.095136,-49.333224,-16.095107,-49.333145,BRIDGE
-16.095052,-49.400327,-16.095123,-49.400390,BRIDGE
-16.094678,-49.461825,-16.094724,-49.461755,BRIDGE
-16.093563,-49.337368,-16.093500,-49.337372,BRIDGE
-16.093236,-48.280289,-16.092782,-48.279897,BRIDGE
-16.092997,-49.815747,-16.092925,-49.815873,BRIDGE
-16.092962,-47.985584,-16.092625,-47.985416,BRIDGE
-16.092718,-48.280078,-16.093059,-48.280379,BRIDGE
-16.092217,-50.683381,-16.092119,-50.682673,BRIDGE
-16.091802,-51.756052,-16.091802,-51.755974,BRIDGE
-16.090417,-48.275630,-16.089993,-48.274661,BRIDGE
-16.089837,-48.274738,-16.090371,-48.276054,BRIDGE
-16.088706,-48.030557,-16.088829,-48.030485,BRIDGE
-16.088207,-49.297729,-16.088172,-49.297629,BRIDGE
-16.087710,-49.487126,-16.087743,-49.487043,BRIDGE
-16.087617,-49.399348,-16.087667,-49.399567,BRIDGE
-16.087226,-49.237780,-16.087312,-49.237910,BRIDGE
-16.086114,-49.454028,-16.086116,-49.454116,BRIDGE
-16.085483,-48.739109,-16.085169,-48.739026,BRIDGE
-16.084785,-47.833943,-16.084522,-47.833561,BRIDGE
-16.084731,-49.149587,-16.084725,-49.149494,BRIDGE
-16.083993,-48.050787,-16.084072,-48.050810,BRIDGE
-16.083877,-49.259751,-16.083826,-49.259817,BRIDGE
-16.082350,-47.986498,-16.081978,-47.986442,BRIDGE
-16.081979,-47.986797,-16.083372,-47.987108,BRIDGE
-16.081945,-47.986618,-16.082305,-47.986672,BRIDGE
-16.081928,-48.659941,-16.081715,-48.659798,BRIDGE
-16.081735,-49.271273,-16.081737,-49.271377,BRIDGE
-16.080414,-49.397541,-16.080314,-49.397699,BRIDGE
-16.080224,-49.437717,-16.080153,-49.437793,BRIDGE
-16.079062,-49.800787,-16.079194,-49.800888,BRIDGE
-16.078117,-49.254825,-16.078151,-49.254700,BRIDGE
-16.075576,-49.149862,-16.075527,-49.149930,BRIDGE
-16.075542,-49.491830,-16.075463,-49.491809,BRIDGE
-16.074413,-49.110563,-16.074447,-49.110768,BRIDGE
-16.073945,-48.006449,-16.073920,-48.007122,BRIDGE
-16.073896,-49.357453,-16.074055,-49.357343,BRIDGE
-16.073786,-49.439116,-16.073561,-49.439317,BRIDGE
-16.072706,-49.373000,-16.072773,-49.372948,BRIDGE
-16.072698,-49.490534,-16.072781,-49.490566,BRIDGE
-16.072556,-49.228031,-16.072418,-49.228026,BRIDGE
-16.070840,-49.227818,-16.070715,-49.227827,BRIDGE
-16.070782,-49.123990,-16.070726,-49.123851,BRIDGE
-16.069942,-47.966529,-16.069905,-47.966384,BRIDGE
-16.069931,-52.122401,-16.069947,-52.122486,BRIDGE
-16.069403,-49.227879,-16.069448,-49.227694,BRIDGE
-16.068855,-47.978104,-16.068667,-47.977671,BRIDGE
-16.068208,-50.661535,-16.068275,-50.661476,BRIDGE
-16.068170,-49.287097,-16.068027,-49.287091,BRIDGE
-16.067732,-51.201856,-16.067243,-51.202575,BRIDGE
-16.065442,-49.300569,-16.065445,-49.300485,BRIDGE
-16.064531,-49.115635,-16.064456,-49.115594,BRIDGE
-16.064450,-50.781442,-16.064382,-50.781397,BRIDGE
-16.063893,-48.617305,-16.063972,-48.617346,BRIDGE
-16.062382,-49.293924,-16.062224,-49.293757,BRIDGE
-16.062285,-49.296994,-16.062084,-49.297013,BRIDGE
-16.061727,-49.484494,-16.061727,-49.484410,BRIDGE
-16.060789,-49.613391,-16.060745,-49.613281,BRIDGE
-16.060434,-47.964291,-16.060508,-47.964218,BRIDGE
-16.060194,-49.180848,-16.060204,-49.180730,BRIDGE
-16.059492,-49.351708,-16.059527,-49.351543,BRIDGE
-16.059323,-50.705576,-16.059588,-50.705364,BRIDGE
-16.058825,-50.778347,-16.058836,-50.778260,BRIDGE
-16.056794,-49.126832,-16.056728,-49.126883,BRIDGE
-16.055730,-51.525495,-16.055333,-51.525332,BRIDGE
-16.055494,-49.315481,-16.055470,-49.315546,BRIDGE
-16.055137,-49.363987,-16.055011,-49.364168,BRIDGE
-16.054633,-50.608396,-16.054330,-50.608659,BRIDGE
-16.054564,-49.128561,-16.054496,-49.128608,BRIDGE
-16.054035,-50.737342,-16.054083,-50.737273,BRIDGE
-16.052966,-49.130370,-16.052839,-49.130422,BRIDGE
-16.052919,-48.144880,-16.053041,-48.145015,BRIDGE
-16.051827,-49.227045,-16.051791,-49.227014,BRIDGE
-16.051171,-49.366502,-16.051104,-49.366551,BRIDGE
-16.050424,-49.534911,-16.050084,-49.535157,BRIDGE
-16.050316,-48.140369,-16.050497,-48.140283,BRIDGE
-16.049670,-49.335775,-16.049659,-49.335848,BRIDGE
-16.049644,-49.484294,-16.049688,-49.484365,BRIDGE
-16.049221,-49.608121,-16.049190,-49.608287,BRIDGE
-16.049184,-52.093516,-16.049301,-52.093453,BRIDGE
-16.049000,-49.291604,-16.048915,-49.291702,BRIDGE
-16.048376,-49.338800,-16.048414,-49.338839,BRIDGE
-16.048369,-50.685893,-16.048418,-50.685820,BRIDGE
-16.048130,-48.506724,-16.048040,-48.506466,BRIDGE
-16.047335,-49.303306,-16.047302,-49.303444,BRIDGE
-16.046548,-50.560829,-16.046583,-50.561153,BRIDGE
-16.045954,-52.073279,-16.045857,-52.073194,BRIDGE
-16.044438,-51.263415,-16.044398,-51.263828,BRIDGE
-16.042024,-51.287371,-16.042004,-51.287551,BRIDGE
-16.041625,-50.691774,-16.041738,-50.691892,BRIDGE
-16.041212,-49.299854,-16.041271,-49.299759,BRIDGE
-16.041209,-48.691290,-16.041089,-48.690948,BRIDGE
-16.040297,-51.298288,-16.040222,-51.298656,BRIDGE
-16.038347,-49.258692,-16.038283,-49.258755,BRIDGE
-16.037939,-49.366266,-16.038019,-49.366281,BRIDGE
-16.037655,-50.619788,-16.037490,-50.619697,BRIDGE
-16.037571,-50.690509,-16.037723,-50.690950,BRIDGE
-16.037017,-49.082520,-16.037304,-49.082313,BRIDGE
-16.036443,-49.147192,-16.036361,-49.147196,BRIDGE
-16.036169,-48.621994,-16.036108,-48.621872,BRIDGE
-16.036148,-49.348274,-16.036103,-49.348201,BRIDGE
-16.035890,-49.409728,-16.035813,-49.409694,BRIDGE
-16.034518,-49.753592,-16.034577,-49.753659,BRIDGE
-16.032496,-49.595361,-16.032439,-49.595216,BRIDGE
-16.032348,-49.879825,-16.032364,-49.879741,BRIDGE
-16.030822,-49.303928,-16.030527,-49.303791,BRIDGE
-16.030430,-49.303954,-16.030731,-49.304100,BRIDGE
-16.029596,-49.068342,-16.030252,-49.068300,BRIDGE
-16.029420,-50.716448,-16.029159,-50.716637,BRIDGE
-16.028693,-49.307968,-16.028772,-49.307946,BRIDGE
-16.027518,-48.785154,-16.027431,-48.785249,BRIDGE
-16.027061,-49.375369,-16.027138,-49.375341,BRIDGE
-16.026896,-49.375431,-16.026944,-49.375413,BRIDGE
-16.026277,-49.262018,-16.026269,-49.261932,BRIDGE
-16.025866,-49.044315,-16.025606,-49.044149,BRIDGE
-16.024505,-50.607479,-16.024462,-50.607400,BRIDGE
-16.023827,-49.813424,-16.023627,-49.813911,BRIDGE
-16.023753,-49.813969,-16.023912,-49.813533,BRIDGE
-16.023138,-49.349474,-16.023011,-49.349440,BRIDGE
-16.023004,-49.099998,-16.023221,-49.100121,BRIDGE
-16.021781,-49.813407,-16.021667,-49.813165,BRIDGE
-16.020126,-49.846939,-16.020136,-49.846851,BRIDGE
-16.019952,-49.846909,-16.019942,-49.846997,BRIDGE
-16.018163,-49.321350,-16.018210,-49.321275,BRIDGE
-16.017400,-49.118398,-16.017474,-49.118279,BRIDGE
-16.017337,-49.865203,-16.017186,-49.865755,BRIDGE
-16.017335,-49.865793,-16.017491,-49.865244,BRIDGE
-16.016051,-49.401895,-16.015958,-49.401662,BRIDGE
-16.015664,-49.311211,-16.015580,-49.311163,BRIDGE
-16.013654,-49.118541,-16.013860,-49.118231,BRIDGE
-16.013388,-49.301927,-16.013303,-49.301921,BRIDGE
-16.013053,-49.906869,-16.013063,-49.906785,BRIDGE
-16.012936,-48.273011,-16.012856,-48.273106,BRIDGE
-16.012850,-49.906800,-16.012840,-49.906884,BRIDGE
-16.011328,-49.378759,-16.011386,-49.378694,BRIDGE
-16.010546,-49.287798,-16.010547,-49.287713,BRIDGE
-16.010210,-48.631698,-16.010184,-48.631574,BRIDGE
-16.010016,-49.587826,-16.010006,-49.588359,BRIDGE
-16.009882,-49.597196,-16.009878,-49.597464,BRIDGE
-16.008770,-49.294646,-16.008354,-49.294592,BRIDGE
-16.008334,-49.294806,-16.008717,-49.294840,BRIDGE
-16.007721,-49.953750,-16.007731,-49.953664,BRIDGE
-16.007644,-49.197440,-16.007594,-49.197343,BRIDGE
-16.005647,-49.288339,-16.005602,-49.288269,BRIDGE
-16.005570,-49.998652,-16.005589,-49.998431,BRIDGE
-16.005409,-49.998771,-16.005450,-49.998392,BRIDGE
-16.005299,-49.998369,-16.005256,-49.998748,BRIDGE
-16.005131,-49.125070,-16.005005,-49.125025,BRIDGE
-16.003908,-49.471879,-16.003925,-49.471791,BRIDGE
-16.000809,-50.116190,-16.000880,-50.116230,BRIDGE
-15.999605,-49.746757,-15.999997,-49.747799,BRIDGE
-15.998548,-48.547089,-15.998518,-48.546968,BRIDGE
-15.998390,-48.488204,-15.998218,-48.488168,BRIDGE
-15.997769,-50.000890,-15.997923,-50.000871,BRIDGE
-15.997554,-49.384435,-15.997509,-49.384299,BRIDGE
-15.994402,-50.187223,-15.994553,-50.187339,BRIDGE
-15.990828,-49.300413,-15.990676,-49.300195,BRIDGE
-15.990823,-49.043558,-15.990725,-49.043753,BRIDGE
-15.989354,-50.771360,-15.989463,-50.771677,BRIDGE
-15.984225,-52.281911,-15.984510,-52.281867,BRIDGE
-15.983774,-51.168682,-15.983652,-51.168573,BRIDGE
-15.982634,-48.583056,-15.982655,-48.582847,BRIDGE
-15.981439,-49.470701,-15.981533,-49.470662,BRIDGE
-15.977709,-49.355360,-15.977763,-49.355378,BRIDGE
-15.977208,-48.406729,-15.977428,-48.406694,BRIDGE
-15.976370,-49.309832,-15.976399,-49.309465,BRIDGE
-15.972266,-49.466572,-15.972298,-49.466760,BRIDGE
-15.971456,-49.311188,-15.971363,-49.311088,BRIDGE
-15.967585,-49.357998,-15.967704,-49.358244,BRIDGE
-15.967424,-50.816405,-15.967592,-50.816288,BRIDGE
-15.963585,-51.205058,-15.963552,-51.204903,BRIDGE
-15.963493,-48.414297,-15.963708,-48.414487,BRIDGE
-15.962072,-49.177809,-15.961792,-49.177661,BRIDGE
-15.959363,-48.754704,-15.959323,-48.754767,BRIDGE
-15.958794,-49.850560,-15.959129,-49.850241,BRIDGE
-15.958548,-50.774672,-15.958501,-50.774631,BRIDGE
-15.957645,-48.268340,-15.957650,-48.268288,BRIDGE
-15.957121,-49.321808,-15.957017,-49.321775,BRIDGE
-15.957029,-48.349312,-15.957078,-48.349409,BRIDGE
-15.956850,-48.278537,-15.957099,-48.278542,BRIDGE
-15.955555,-50.130403,-15.955258,-50.130283,BRIDGE
-15.955233,-50.130510,-15.955640,-50.130658,BRIDGE
-15.954704,-48.712437,-15.954772,-48.712497,BRIDGE
-15.954283,-48.261076,-15.954214,-48.261065,BRIDGE
-15.954256,-48.466633,-15.954227,-48.466491,BRIDGE
-15.954214,-48.261065,-15.954042,-48.261034,BRIDGE
-15.953467,-50.128360,-15.953394,-50.128396,BRIDGE
-15.953357,-48.263427,-15.953720,-48.263533,BRIDGE
-15.952819,-47.315714,-15.952937,-47.315489,BRIDGE
-15.952800,-48.265917,-15.952975,-48.265948,BRIDGE
-15.952711,-48.272475,-15.952822,-48.272444,BRIDGE
-15.952029,-48.272000,-15.952042,-48.271769,BRIDGE
-15.951964,-48.271791,-15.951948,-48.272042,BRIDGE
-15.951937,-48.658905,-15.951901,-48.658832,BRIDGE
-15.951728,-52.210741,-15.951942,-52.211535,BRIDGE
-15.951363,-49.388881,-15.951297,-49.388904,BRIDGE
-15.950942,-50.147453,-15.950295,-50.148197,BRIDGE
-15.950525,-50.155459,-15.950432,-50.155293,BRIDGE
-15.947793,-49.277391,-15.947710,-49.277373,BRIDGE
-15.945773,-50.634811,-15.946500,-50.635246,BRIDGE
-15.945212,-48.278713,-15.945152,-48.278705,BRIDGE
-15.945099,-48.278803,-15.945184,-48.278815,BRIDGE
-15.942881,-48.253046,-15.942969,-48.252585,BRIDGE
-15.942133,-49.355433,-15.942208,-49.355891,BRIDGE
-15.941711,-50.896888,-15.941780,-50.896941,BRIDGE
-15.941387,-50.133207,-15.941274,-50.132801,BRIDGE
-15.941386,-50.826470,-15.941463,-50.826443,BRIDGE
-15.940620,-50.979506,-15.940587,-50.979425,BRIDGE
-15.940351,-48.785915,-15.940347,-48.785999,BRIDGE
-15.939426,-49.228074,-15.939466,-49.228046,BRIDGE
-15.939202,-49.350059,-15.939225,-49.349903,BRIDGE
-15.938793,-48.259283,-15.938886,-48.259277,BRIDGE
-15.938456,-51.190984,-15.938316,-51.190609,BRIDGE
-15.938360,-50.134276,-15.938082,-50.134325,BRIDGE
-15.937358,-48.650366,-15.937231,-48.650362,TUNNEL
-15.937095,-50.811376,-15.937050,-50.811300,BRIDGE
-15.936616,-48.287583,-15.936663,-48.287704,BRIDGE
-15.935281,-50.792158,-15.935327,-50.792230,BRIDGE
-15.935072,-50.817924,-15.935129,-50.817864,BRIDGE
-15.934712,-49.214108,-15.934786,-49.214083,BRIDGE
-15.934605,-50.165830,-15.934025,-50.166120,BRIDGE
-15.934586,-52.264672,-15.936107,-52.262990,BRIDGE
-15.933601,-50.546522,-15.933268,-50.546700,BRIDGE
-15.933574,-50.143391,-15.933352,-50.143502,BRIDGE
-15.933491,-50.150478,-15.933841,-50.151276,BRIDGE
-15.933166,-50.142708,-15.933350,-50.142734,BRIDGE
-15.933038,-50.141503,-15.933219,-50.141451,BRIDGE
-15.932773,-50.228335,-15.932858,-50.228512,BRIDGE
-15.932720,-49.451394,-15.933054,-49.451148,BRIDGE
-15.932622,-48.629069,-15.932733,-48.629868,BRIDGE
-15.932439,-50.139997,-15.932267,-50.139998,BRIDGE
-15.931937,-50.782390,-15.931994,-50.782449,BRIDGE
-15.931200,-51.329847,-15.930541,-51.327607,BRIDGE
-15.930763,-49.329394,-15.930856,-49.329979,BRIDGE
-15.930149,-50.138383,-15.929948,-50.138211,BRIDGE
-15.929988,-49.295292,-15.930063,-49.295325,BRIDGE
-15.929474,-50.537991,-15.929354,-50.537779,BRIDGE
-15.928521,-48.629148,-15.928448,-48.629338,BRIDGE
-15.927978,-49.262549,-15.927988,-49.262462,BRIDGE
-15.926977,-48.805108,-15.926804,-48.804560,BRIDGE
-15.926487,-51.323754,-15.926910,-51.323729,BRIDGE
-15.926022,-50.803478,-15.925840,-50.803492,BRIDGE
-15.925060,-49.596118,-15.925003,-49.596325,BRIDGE
-15.923409,-48.804279,-15.923595,-48.804292,BRIDGE
-15.922267,-51.956119,-15.922369,-51.956109,BRIDGE
-15.921890,-51.984789,-15.921975,-51.984463,BRIDGE
-15.921645,-49.300954,-15.921635,-49.301244,BRIDGE
-15.921353,-50.856936,-15.921330,-50.857105,BRIDGE
-15.921328,-49.616940,-15.921183,-49.617011,BRIDGE
-15.920818,-48.806908,-15.921038,-48.807257,BRIDGE
-15.920542,-50.867170,-15.920594,-50.867112,BRIDGE
-15.920541,-51.317780,-15.920748,-51.317951,BRIDGE
-15.919932,-48.813592,-15.919908,-48.813497,BRIDGE
-15.917166,-51.316119,-15.917082,-51.316126,BRIDGE
-15.916536,-49.318703,-15.916561,-49.318965,BRIDGE
-15.916242,-50.904374,-15.916218,-50.904454,BRIDGE
-15.915748,-49.592435,-15.916063,-49.592907,BRIDGE
-15.915496,-51.099937,-15.915567,-51.099896,BRIDGE
-15.914254,-48.558190,-15.914107,-48.558279,BRIDGE
-15.912606,-49.612017,-15.912649,-49.611839,BRIDGE
-15.912210,-50.104822,-15.912239,-50.104608,BRIDGE
-15.911790,-48.301282,-15.911615,-48.301396,BRIDGE
-15.911578,-50.902203,-15.911557,-50.902289,BRIDGE
-15.910981,-50.522613,-15.911050,-50.522595,BRIDGE
-15.910957,-48.277368,-15.910791,-48.277519,BRIDGE
-15.909438,-52.093807,-15.909438,-52.093513,BRIDGE
-15.908895,-49.561338,-15.908787,-49.561577,BRIDGE
-15.907070,-50.106373,-15.907091,-50.106152,BRIDGE
-15.907033,-52.227807,-15.907001,-52.227688,BRIDGE
-15.906420,-48.427607,-15.906865,-48.427673,BRIDGE
-15.905102,-49.608496,-15.905335,-49.608468,BRIDGE
-15.904829,-50.243143,-15.904761,-50.242993,BRIDGE
-15.904013,-50.243067,-15.903986,-50.243465,BRIDGE
-15.903502,-50.115436,-15.903201,-50.115088,BRIDGE
-15.902216,-48.453904,-15.902167,-48.454023,BRIDGE
-15.901660,-49.742590,-15.901604,-49.742530,BRIDGE
-15.901565,-50.315473,-15.901778,-50.315376,BRIDGE
-15.901250,-50.853343,-15.901258,-50.853428,BRIDGE
-15.899578,-48.794902,-15.899484,-48.794548,BRIDGE
-15.899573,-49.594334,-15.899629,-49.594416,BRIDGE
-15.899391,-48.308262,-15.899189,-48.308087,BRIDGE
-15.897043,-51.647252,-15.897117,-51.647217,BRIDGE
-15.896901,-50.437695,-15.896227,-50.438900,BRIDGE
-15.896899,-50.387424,-15.896911,-50.387508,BRIDGE
-15.896187,-50.548179,-15.896140,-50.548266,BRIDGE
-15.895572,-51.111580,-15.895541,-51.111673,BRIDGE
-15.895539,-52.255929,-15.895682,-52.253800,BRIDGE
-15.895513,-52.015843,-15.895420,-52.015732,BRIDGE
-15.895330,-50.313866,-15.895616,-50.314400,BRIDGE
-15.895049,-50.868628,-15.895178,-50.868632,BRIDGE
-15.894883,-50.446723,-15.894875,-50.446991,BRIDGE
-15.894679,-49.196265,-15.894527,-49.196091,BRIDGE
-15.893983,-50.460015,-15.893942,-50.460088,BRIDGE
-15.893578,-49.492896,-15.893781,-49.493424,BRIDGE
-15.893531,-49.542326,-15.893696,-49.542340,BRIDGE
-15.893428,-49.507640,-15.893165,-49.508525,BRIDGE
-15.892860,-49.490694,-15.893007,-49.491142,BRIDGE
-15.892621,-49.237767,-15.892872,-49.237589,BRIDGE
-15.891666,-51.267171,-15.891587,-51.267191,BRIDGE
-15.891039,-48.409237,-15.891152,-48.409397,BRIDGE
-15.890917,-48.796609,-15.890725,-48.796660,BRIDGE
-15.890834,-51.779285,-15.890830,-51.779193,BRIDGE
-15.890106,-51.853412,-15.890444,-51.851533,BRIDGE
-15.889919,-50.867332,-15.889897,-50.867251,BRIDGE
-15.889610,-49.791635,-15.889290,-49.791498,BRIDGE
-15.889151,-50.615130,-15.890018,-50.615317,BRIDGE
-15.888581,-50.987769,-15.888632,-50.987841,BRIDGE
-15.887228,-50.444581,-15.887163,-50.444625,BRIDGE
-15.886347,-49.795401,-15.886530,-49.794889,BRIDGE
-15.884932,-51.055122,-15.884947,-51.054875,BRIDGE
-15.882197,-50.999291,-15.882187,-50.998954,BRIDGE
-15.881701,-50.864499,-15.881678,-50.864416,BRIDGE
-15.881554,-51.099389,-15.881484,-51.099418,BRIDGE
-15.881361,-48.490247,-15.881236,-48.490031,BRIDGE
-15.880615,-49.429843,-15.880724,-49.430125,BRIDGE
-15.877891,-50.883987,-15.877970,-50.883329,BRIDGE
-15.877072,-47.244462,-15.877323,-47.244541,BRIDGE
-15.874539,-50.862016,-15.874481,-50.861624,BRIDGE
-15.874319,-50.861655,-15.874373,-50.862019,BRIDGE
-15.872094,-48.876815,-15.872018,-48.876781,BRIDGE
-15.871695,-51.336266,-15.871615,-51.336278,BRIDGE
-15.870963,-49.415501,-15.871026,-49.415624,BRIDGE
-15.869679,-50.837063,-15.869612,-50.837015,BRIDGE
-15.867917,-48.513764,-15.868125,-48.513844,BRIDGE
-15.867835,-51.650507,-15.866888,-51.649160,BRIDGE
-15.866058,-49.778123,-15.866027,-49.778059,BRIDGE
-15.865805,-48.953647,-15.865659,-48.953723,TUNNEL
-15.865712,-48.953856,-15.865861,-48.953786,TUNNEL
-15.865305,-50.854076,-15.865241,-50.853983,BRIDGE
-15.865028,-48.958736,-15.865004,-48.958794,BRIDGE
-15.864576,-50.862974,-15.864556,-50.863234,BRIDGE
-15.864163,-50.872707,-15.864120,-50.872909,BRIDGE
-15.863890,-50.785159,-15.863803,-50.784821,BRIDGE
-15.862873,-50.923323,-15.862812,-50.923201,BRIDGE
-15.862819,-50.866043,-15.862651,-50.865811,BRIDGE
-15.862059,-49.456018,-15.862366,-49.456611,BRIDGE
-15.861925,-48.603655,-15.862139,-48.603642,BRIDGE
-15.861604,-48.960315,-15.861656,-48.960221,BRIDGE
-15.860359,-51.243922,-15.860756,-51.244138,BRIDGE
-15.860129,-51.002066,-15.860164,-51.001990,BRIDGE
-15.859932,-48.961506,-15.859883,-48.961504,BRIDGE
-15.859883,-48.961504,-15.859857,-48.961471,BRIDGE
-15.858878,-50.930454,-15.858781,-50.930394,BRIDGE
-15.858838,-50.860334,-15.858757,-50.860325,BRIDGE
-15.858727,-49.389625,-15.858585,-49.389878,BRIDGE
-15.858668,-49.795455,-15.858461,-49.795651,BRIDGE
-15.858627,-48.962868,-15.858667,-48.962881,BRIDGE
-15.858586,-48.962859,-15.858627,-48.962868,BRIDGE
-15.858055,-51.287979,-15.857978,-51.288003,BRIDGE
-15.857575,-50.940601,-15.857576,-50.940686,BRIDGE
-15.857467,-51.404902,-15.857435,-51.404821,BRIDGE
-15.856676,-50.985038,-15.856753,-50.985013,BRIDGE
-15.856290,-51.108677,-15.856378,-51.108680,BRIDGE
-15.854388,-51.201885,-15.854425,-51.201804,BRIDGE
-15.854256,-49.615454,-15.854498,-49.615421,BRIDGE
-15.853697,-48.964623,-15.853740,-48.964695,BRIDGE
-15.853097,-50.869736,-15.853027,-50.869784,BRIDGE
-15.851818,-50.865842,-15.851574,-50.865645,BRIDGE
-15.851683,-50.911081,-15.851720,-50.911209,BRIDGE
-15.851022,-48.967724,-15.850944,-48.967700,BRIDGE
-15.850934,-49.457896,-15.851125,-49.458033,BRIDGE
-15.849612,-48.959215,-15.849711,-48.958857,BRIDGE
-15.849481,-50.765373,-15.849349,-50.765380,BRIDGE
-15.849176,-49.267958,-15.849251,-49.267920,TUNNEL
-15.848952,-48.963664,-15.848522,-48.963490,BRIDGE
-15.848208,-51.111132,-15.848287,-51.111152,BRIDGE
-15.848022,-51.027465,-15.848060,-51.027540,BRIDGE
-15.846466,-48.921935,-15.846389,-48.921742,BRIDGE
-15.844867,-48.926165,-15.844708,-48.926393,BRIDGE
-15.843464,-51.342274,-15.843542,-51.342251,BRIDGE
-15.842394,-49.345533,-15.842370,-49.346035,BRIDGE
-15.842083,-50.568805,-15.842049,-50.568920,BRIDGE
-15.840798,-48.996967,-15.840641,-48.997366,BRIDGE
-15.839346,-50.907897,-15.839275,-50.907949,BRIDGE
-15.838294,-50.512246,-15.838325,-50.512324,BRIDGE
-15.837246,-51.291862,-15.837246,-51.291773,BRIDGE
-15.836779,-50.300721,-15.837155,-50.300823,BRIDGE
-15.836306,-49.414834,-15.836437,-49.414920,BRIDGE
-15.836140,-50.851521,-15.836219,-50.851594,BRIDGE
-15.832749,-51.068054,-15.832674,-51.068087,BRIDGE
-15.832731,-51.317445,-15.832614,-51.317500,BRIDGE
-15.830520,-50.212496,-15.830440,-50.212511,BRIDGE
-15.830412,-49.248132,-15.830239,-49.248786,BRIDGE
-15.830153,-50.123791,-15.830170,-50.123873,BRIDGE
-15.827818,-48.487663,-15.827946,-48.487442,BRIDGE
-15.825295,-47.146608,-15.825369,-47.146644,BRIDGE
-15.823726,-48.778390,-15.823324,-48.778379,BRIDGE
-15.821188,-50.921878,-15.821083,-50.921821,BRIDGE
-15.820637,-46.978022,-15.821566,-46.979411,BRIDGE
-15.820049,-51.021427,-15.820025,-51.021581,BRIDGE
-15.819893,-51.100912,-15.819967,-51.100953,BRIDGE
-15.818675,-51.184012,-15.818750,-51.184046,BRIDGE
-15.818378,-50.836953,-15.818258,-50.836830,BRIDGE
-15.817709,-51.349063,-15.817719,-51.348978,BRIDGE
-15.817163,-50.628543,-15.816895,-50.627956,BRIDGE
-15.815180,-50.799801,-15.815068,-50.799741,BRIDGE
-15.814907,-51.075874,-15.814665,-51.075962,BRIDGE
-15.814727,-51.337892,-15.814678,-51.337967,BRIDGE
-15.814120,-50.859998,-15.813999,-50.860004,BRIDGE
-15.813799,-51.017410,-15.813865,-51.017459,BRIDGE
-15.812427,-48.548835,-15.812355,-48.548737,BRIDGE
-15.812389,-49.436055,-15.812530,-49.436325,BRIDGE
-15.810469,-49.825268,-15.810064,-49.824520,BRIDGE
-15.809196,-51.046787,-15.809180,-51.046869,BRIDGE
-15.808162,-51.358985,-15.808141,-51.359069,BRIDGE
-15.804422,-50.811208,-15.804405,-50.811123,BRIDGE
-15.803045,-51.400560,-15.803023,-51.400677,BRIDGE
-15.802233,-50.896176,-15.802236,-50.896261,BRIDGE
-15.801759,-50.808290,-15.801678,-50.808273,BRIDGE
-15.801741,-50.307248,-15.801997,-50.307401,BRIDGE
-15.799030,-49.576299,-15.798927,-49.576523,BRIDGE
-15.798672,-48.634147,-15.798647,-48.634050,BRIDGE
-15.798003,-50.517750,-15.798009,-50.517665,BRIDGE
-15.796569,-51.315269,-15.796566,-51.315368,BRIDGE
-15.795149,-51.154424,-15.795433,-51.154504,BRIDGE
-15.793648,-50.824456,-15.793565,-50.824452,BRIDGE
-15.793608,-49.080695,-15.793629,-49.080778,BRIDGE
-15.793071,-49.358809,-15.793151,-49.358796,BRIDGE
-15.792326,-49.153367,-15.792423,-49.153412,BRIDGE
-15.791900,-50.148649,-15.792243,-50.148897,BRIDGE
-15.790885,-50.520550,-15.790812,-50.520514,BRIDGE
-15.789980,-50.864697,-15.789697,-50.864807,BRIDGE
-15.789946,-48.545311,-15.790227,-48.545343,BRIDGE
-15.789496,-50.841500,-15.789557,-50.841499,BRIDGE
-15.789414,-49.361187,-15.789462,-49.361184,BRIDGE
-15.789274,-50.958830,-15.789256,-50.958915,BRIDGE
-15.789262,-49.154510,-15.789333,-49.154521,BRIDGE
-15.789248,-47.228214,-15.789315,-47.228105,BRIDGE
-15.788885,-49.592944,-15.788719,-49.592937,BRIDGE
-15.788570,-48.776810,-15.788345,-48.777235,BRIDGE
-15.788315,-50.171314,-15.788346,-50.171394,BRIDGE
-15.787933,-49.155413,-15.788139,-49.155209,BRIDGE
-15.787925,-48.569519,-15.788050,-48.569393,BRIDGE
-15.787428,-48.262691,-15.787334,-48.262813,BRIDGE
-15.787372,-49.361198,-15.787453,-49.361191,BRIDGE
-15.787263,-50.131576,-15.786573,-50.131460,BRIDGE
-15.786751,-51.194702,-15.786720,-51.194591,BRIDGE
-15.784975,-49.257503,-15.785181,-49.257259,BRIDGE
-15.784900,-48.560399,-15.784722,-48.560536,BRIDGE
-15.784075,-48.449499,-15.784072,-48.449364,BRIDGE
-15.784065,-48.232137,-15.783599,-48.232581,BRIDGE
-15.783706,-48.232745,-15.784241,-48.232254,BRIDGE
-15.783306,-50.164438,-15.783240,-50.164384,BRIDGE
-15.782899,-50.799405,-15.783001,-50.799454,BRIDGE
-15.782471,-51.013276,-15.782374,-51.013378,BRIDGE
-15.781639,-50.923936,-15.781554,-50.924005,BRIDGE
-15.781182,-49.372359,-15.781101,-49.372080,BRIDGE
-15.779811,-50.530643,-15.779758,-50.530579,BRIDGE
-15.779356,-49.368401,-15.779565,-49.368637,BRIDGE
-15.778785,-49.156754,-15.778885,-49.156700,BRIDGE
-15.776647,-48.310676,-15.776779,-48.310685,BRIDGE
-15.776043,-51.036490,-15.776421,-51.036891,BRIDGE
-15.775607,-48.302314,-15.775697,-48.302245,BRIDGE
-15.775437,-49.189187,-15.775410,-49.189417,BRIDGE
-15.775028,-49.174622,-15.775187,-49.174573,BRIDGE
-15.774857,-49.190505,-15.774811,-49.190637,BRIDGE
-15.773696,-50.601570,-15.773603,-50.601549,BRIDGE
-15.773663,-49.154122,-15.773876,-49.154132,BRIDGE
-15.773074,-49.172942,-15.773117,-49.172859,BRIDGE
-15.771304,-49.364395,-15.771183,-49.364370,BRIDGE
-15.771280,-48.461275,-15.771478,-48.461773,BRIDGE
-15.767838,-50.465563,-15.767893,-50.465708,BRIDGE
-15.767837,-48.662094,-15.767791,-48.662062,BRIDGE
-15.766489,-48.657881,-15.766582,-48.657872,BRIDGE
-15.766135,-48.676251,-15.766240,-48.676241,BRIDGE
-15.765812,-49.167265,-15.765856,-49.167352,BRIDGE
-15.765371,-51.108484,-15.765297,-51.108574,BRIDGE
-15.764848,-48.575584,-15.764772,-48.575428,BRIDGE
-15.764264,-48.227055,-15.764111,-48.227000,BRIDGE
-15.763630,-51.132650,-15.763647,-51.132854,BRIDGE
-15.763401,-49.163621,-15.763460,-49.163757,BRIDGE
-15.763376,-49.163798,-15.763310,-49.163684,BRIDGE
-15.763060,-51.098532,-15.762958,-51.098573,BRIDGE
-15.762652,-49.553040,-15.762741,-49.551685,BRIDGE
-15.762559,-50.474058,-15.762618,-50.473712,BRIDGE
-15.762362,-48.640880,-15.762319,-48.641027,BRIDGE
-15.761947,-49.354876,-15.761816,-49.354691,BRIDGE
-15.761094,-49.155795,-15.761080,-49.155679,BRIDGE
-15.760848,-49.643721,-15.760783,-49.643722,BRIDGE
-15.760146,-49.203437,-15.759995,-49.203479,BRIDGE
-15.760004,-51.405017,-15.760044,-51.405091,BRIDGE
-15.759544,-49.878135,-15.759253,-49.877915,BRIDGE
-15.759543,-49.650329,-15.759551,-49.650266,BRIDGE
-15.758107,-51.114563,-15.758031,-51.114613,BRIDGE
-15.757574,-48.609949,-15.757542,-48.610089,BRIDGE
-15.755109,-48.256805,-15.754928,-48.256967,BRIDGE
-15.755032,-48.257088,-15.755207,-48.256928,BRIDGE
-15.754441,-49.215967,-15.754334,-49.215961,BRIDGE
-15.753645,-49.235980,-15.753502,-49.235917,BRIDGE
-15.753503,-50.812838,-15.753733,-50.812968,BRIDGE
-15.752193,-51.201977,-15.752299,-51.202270,BRIDGE
-15.750785,-50.168397,-15.750558,-50.168741,BRIDGE
-15.749448,-48.350943,-15.748762,-48.351568,BRIDGE
-15.746530,-51.188426,-15.746924,-51.188994,BRIDGE
-15.746519,-51.211743,-15.746059,-51.211649,BRIDGE
-15.746343,-49.363184,-15.746783,-49.362529,BRIDGE
-15.746155,-49.647126,-15.746204,-49.647029,BRIDGE
-15.743464,-50.994438,-15.743368,-50.994571,BRIDGE
-15.742192,-49.492722,-15.742131,-49.492556,BRIDGE
-15.739860,-50.809660,-15.739942,-50.809729,BRIDGE
-15.739023,-50.578122,-15.739021,-50.577965,BRIDGE
-15.738810,-51.080289,-15.736750,-51.078889,BRIDGE
-15.737722,-51.220864,-15.737985,-51.220918,BRIDGE
-15.737126,-51.220503,-15.737264,-51.220569,BRIDGE
-15.734958,-51.762784,-15.735073,-51.762605,BRIDGE
-15.733868,-51.008634,-15.733292,-51.009053,BRIDGE
-15.732930,-51.462248,-15.732773,-51.462192,BRIDGE
-15.731540,-50.592611,-15.730789,-50.593046,BRIDGE
-15.730739,-50.215363,-15.730896,-50.215139,BRIDGE
-15.730332,-49.460240,-15.730146,-49.459771,BRIDGE
-15.729532,-51.232687,-15.729529,-51.233741,BRIDGE
-15.728839,-49.353475,-15.729124,-49.353456,BRIDGE
-15.728466,-48.340766,-15.728532,-48.340993,BRIDGE
-15.728424,-50.219567,-15.728417,-50.219468,BRIDGE
-15.725913,-51.371573,-15.725994,-51.371569,BRIDGE
-15.725468,-48.314994,-15.725477,-48.314909,BRIDGE
-15.725008,-47.311550,-15.725140,-47.311526,BRIDGE
-15.724550,-49.318362,-15.723916,-49.318040,BRIDGE
-15.724182,-48.345075,-15.724309,-48.345097,BRIDGE
-15.723658,-50.811565,-15.723719,-50.811676,BRIDGE
-15.722266,-49.400931,-15.722264,-49.400622,BRIDGE
-15.720481,-50.889895,-15.720141,-50.890032,BRIDGE
-15.720227,-51.066425,-15.720348,-51.066264,BRIDGE
-15.719210,-50.810831,-15.719396,-50.810731,BRIDGE
-15.718070,-50.333835,-15.718136,-50.333785,BRIDGE
-15.716323,-49.731724,-15.716372,-49.731732,BRIDGE
-15.715249,-50.201796,-15.715281,-50.202041,BRIDGE
-15.714757,-49.812857,-15.714654,-49.812755,BRIDGE
-15.713905,-49.535873,-15.714039,-49.535999,BRIDGE
-15.713511,-49.330026,-15.714375,-49.329875,BRIDGE
-15.713476,-50.575473,-15.713411,-50.575408,BRIDGE
-15.712993,-49.735316,-15.712997,-49.735215,BRIDGE
-15.712189,-48.669539,-15.712331,-48.669568,BRIDGE
-15.712060,-50.212948,-15.712072,-50.212863,BRIDGE
-15.711768,-49.826640,-15.711101,-49.826785,BRIDGE
-15.707714,-51.031051,-15.707643,-51.031098,BRIDGE
-15.707252,-50.346958,-15.707339,-50.346967,BRIDGE
-15.706963,-49.041337,-15.706848,-49.041373,BRIDGE
-15.706836,-49.358724,-15.707569,-49.358872,BRIDGE
-15.705375,-46.878903,-15.705674,-46.879229,BRIDGE
-15.704613,-50.194686,-15.704323,-50.194819,BRIDGE
-15.699969,-49.057376,-15.699789,-49.057206,BRIDGE
-15.699787,-51.187733,-15.699697,-51.187462,BRIDGE
-15.699516,-50.202310,-15.699528,-50.202227,BRIDGE
-15.699261,-48.418381,-15.699503,-48.417950,BRIDGE
-15.698369,-49.233275,-15.698470,-49.233235,BRIDGE
-15.693255,-50.348910,-15.693369,-50.348805,BRIDGE
-15.683941,-51.059182,-15.683893,-51.059527,BRIDGE
-15.677547,-48.238265,-15.677435,-48.238521,BRIDGE
-15.675530,-51.248201,-15.675478,-51.248290,BRIDGE
-15.672253,-49.304141,-15.672049,-49.304161,BRIDGE
-15.669233,-50.086587,-15.669105,-50.086709,BRIDGE
-15.668550,-50.594599,-15.668213,-50.594523,BRIDGE
-15.668245,-47.258165,-15.668417,-47.258120,BRIDGE
-15.666028,-49.792533,-15.665970,-49.792470,BRIDGE
-15.664652,-50.039836,-15.665073,-50.039849,BRIDGE
-15.661793,-50.675686,-15.661856,-50.675601,BRIDGE
-15.659718,-46.953733,-15.659848,-46.953561,BRIDGE
-15.659453,-50.463794,-15.659518,-50.463766,BRIDGE
-15.644205,-50.493109,-15.644286,-50.493119,BRIDGE
-15.643874,-48.507267,-15.644072,-48.507453,BRIDGE
-15.643424,-49.108881,-15.643160,-49.109014,BRIDGE
-15.642880,-50.825278,-15.642783,-50.825205,BRIDGE
-15.642690,-50.282829,-15.642455,-50.282712,BRIDGE
-15.641956,-50.807927,-15.641566,-50.808011,BRIDGE
-15.640857,-50.241412,-15.641025,-50.241509,BRIDGE
-15.639310,-48.386267,-15.639410,-48.386375,BRIDGE
-15.639222,-50.652627,-15.639361,-50.652611,BRIDGE
-15.638919,-48.991129,-15.638787,-48.990925,BRIDGE
-15.638649,-50.399112,-15.638605,-50.398895,BRIDGE
-15.637729,-50.026971,-15.637743,-50.027252,BRIDGE
-15.637294,-50.030860,-15.637450,-50.030939,BRIDGE
-15.637026,-50.005496,-15.636921,-50.005364,BRIDGE
-15.636121,-50.228354,-15.635859,-50.228505,BRIDGE
-15.633760,-49.927420,-15.633938,-49.927344,BRIDGE
-15.633752,-49.926247,-15.633650,-49.926104,BRIDGE
-15.633393,-50.061212,-15.633457,-50.061153,BRIDGE
-15.632203,-50.275583,-15.632195,-50.275406,BRIDGE
-15.631587,-51.434563,-15.631601,-51.434647,BRIDGE
-15.629287,-49.924715,-15.629417,-49.924710,BRIDGE
-15.627888,-49.081823,-15.627111,-49.081614,BRIDGE
-15.627649,-50.489201,-15.627872,-50.489063,BRIDGE
-15.627261,-47.278582,-15.627334,-47.278632,BRIDGE
-15.626974,-50.026807,-15.627072,-50.027266,BRIDGE
-15.623742,-49.296808,-15.623452,-49.296654,BRIDGE
-15.623663,-50.509931,-15.623736,-50.509894,BRIDGE
-15.620645,-46.917007,-15.620516,-46.917404,BRIDGE
-15.620211,-51.331891,-15.620073,-51.332042,BRIDGE
-15.620053,-51.268672,-15.620092,-51.268747,BRIDGE
-15.619909,-51.276264,-15.619849,-51.276320,BRIDGE
-15.619596,-50.945650,-15.619371,-50.944880,BRIDGE
-15.618448,-50.929290,-15.618263,-50.929357,BRIDGE
-15.617578,-50.055823,-15.617532,-50.055892,BRIDGE
-15.617132,-47.211681,-15.617251,-47.211654,BRIDGE
-15.617008,-49.683904,-15.617240,-49.684143,BRIDGE
-15.616721,-46.882579,-15.616333,-46.882420,BRIDGE
-15.616128,-50.939662,-15.616074,-50.939596,BRIDGE
-15.615509,-50.558792,-15.615522,-50.558707,BRIDGE
-15.614116,-50.385355,-15.614087,-50.385435,BRIDGE
-15.613576,-48.378694,-15.613152,-48.378655,BRIDGE
-15.611668,-51.539110,-15.611726,-51.539008,BRIDGE
-15.608145,-47.225278,-15.608277,-47.225187,BRIDGE
-15.607029,-48.216723,-15.607878,-48.216715,BRIDGE
-15.605498,-50.977390,-15.605422,-50.977253,BRIDGE
-15.601043,-51.044144,-15.601100,-51.044012,BRIDGE
-15.600405,-50.042247,-15.600278,-50.042298,BRIDGE
-15.600394,-49.023955,-15.600729,-49.024189,BRIDGE
-15.600344,-50.678607,-15.600383,-50.678517,BRIDGE
-15.600160,-50.254328,-15.599756,-50.254552,BRIDGE
-15.599886,-51.038013,-15.599709,-51.037789,BRIDGE
-15.597144,-50.343789,-15.597136,-50.343890,BRIDGE
-15.597008,-50.624781,-15.597323,-50.624895,BRIDGE
-15.596119,-49.023346,-15.595868,-49.023453,BRIDGE
-15.592985,-50.020797,-15.592877,-50.020642,BRIDGE
-15.592441,-50.498099,-15.592032,-50.497907,BRIDGE
-15.590367,-50.608413,-15.589776,-50.608828,BRIDGE
-15.590203,-50.694473,-15.590295,-50.694479,BRIDGE
-15.590183,-50.414763,-15.590250,-50.414809,BRIDGE
-15.589851,-47.080374,-15.589973,-47.080431,BRIDGE
-15.589820,-50.026123,-15.589882,-50.026068,BRIDGE
-15.589524,-50.213050,-15.589208,-50.213210,BRIDGE
-15.587466,-50.023663,-15.587336,-50.023600,BRIDGE
-15.585669,-47.126068,-15.585582,-47.126149,BRIDGE
-15.585346,-49.960164,-15.585948,-49.960145,BRIDGE
-15.585243,-50.002353,-15.585051,-50.002073,BRIDGE
-15.582235,-50.268881,-15.581884,-50.269154,BRIDGE
-15.581756,-47.343595,-15.581683,-47.343274,BRIDGE
-15.581502,-47.343413,-15.581563,-47.343647,BRIDGE
-15.581322,-49.038739,-15.581318,-49.038680,BRIDGE
-15.580780,-47.339120,-15.580396,-47.339199,BRIDGE
-15.580500,-47.339681,-15.580872,-47.339594,BRIDGE
-15.578484,-49.670456,-15.578729,-49.670657,BRIDGE
-15.578292,-49.888232,-15.578230,-49.888448,BRIDGE
-15.578232,-51.255904,-15.578338,-51.255961,BRIDGE
-15.578103,-50.012149,-15.578144,-50.011907,BRIDGE
-15.576977,-50.012217,-15.577099,-50.012333,BRIDGE
-15.575818,-50.417723,-15.575647,-50.417689,BRIDGE
-15.575735,-50.002838,-15.575746,-50.002770,BRIDGE
-15.575591,-47.171412,-15.575551,-47.171504,BRIDGE
-15.574367,-47.298638,-15.574401,-47.298673,TUNNEL
-15.573235,-49.019302,-15.573427,-49.019330,BRIDGE
-15.572846,-49.936176,-15.572649,-49.936377,BRIDGE
-15.572155,-49.947184,-15.571964,-49.947011,BRIDGE
-15.570365,-50.365986,-15.570312,-50.366052,BRIDGE
-15.569569,-49.975556,-15.569555,-49.975370,BRIDGE
-15.569553,-48.710634,-15.569434,-48.710774,BRIDGE
-15.568636,-49.409747,-15.568432,-49.409472,BRIDGE
-15.567850,-50.938354,-15.567746,-50.938297,BRIDGE
-15.567774,-51.730033,-15.567777,-51.729691,BRIDGE
-15.564262,-50.001714,-15.564261,-50.001628,BRIDGE
-15.564108,-50.712003,-15.564157,-50.711917,BRIDGE
-15.564054,-49.233454,-15.563776,-49.233409,BRIDGE
-15.563547,-50.966276,-15.563489,-50.966335,BRIDGE
-15.560281,-51.341544,-15.560303,-51.341627,BRIDGE
-15.558832,-50.384245,-15.558761,-50.384296,BRIDGE
-15.556871,-50.009146,-15.556952,-50.009155,BRIDGE
-15.556727,-50.283895,-15.556434,-50.284153,BRIDGE
-15.554718,-50.721517,-15.554857,-50.721450,BRIDGE
-15.554555,-50.557525,-15.554529,-50.557445,BRIDGE
-15.551930,-50.549452,-15.551914,-50.549366,BRIDGE
-15.550676,-49.933969,-15.550552,-49.933760,BRIDGE
-15.550212,-50.532078,-15.550145,-50.532028,BRIDGE
-15.550164,-48.752800,-15.550262,-48.752976,BRIDGE
-15.549545,-49.431569,-15.550130,-49.431167,BRIDGE
-15.548414,-49.404358,-15.548485,-49.404226,BRIDGE
-15.548115,-49.811498,-15.548046,-49.811180,BRIDGE
-15.546262,-48.585920,-15.545949,-48.585552,BRIDGE
-15.545519,-47.303578,-15.545356,-47.303517,BRIDGE
-15.545392,-49.551388,-15.545585,-49.551345,BRIDGE
-15.545319,-47.303604,-15.545493,-47.303656,BRIDGE
-15.545086,-47.334977,-15.545090,-47.335097,BRIDGE
-15.545029,-50.452494,-15.545010,-50.452576,BRIDGE
-15.543730,-50.405022,-15.543696,-50.405100,BRIDGE
-15.543619,-47.334323,-15.543629,-47.334268,BRIDGE
-15.543069,-47.305493,-15.543182,-47.305573,BRIDGE
-15.541363,-49.436778,-15.541370,-49.436601,BRIDGE
-15.536088,-50.391116,-15.536002,-50.391092,BRIDGE
-15.535955,-51.381990,-15.535758,-51.382126,BRIDGE
-15.535188,-49.726127,-15.535589,-49.726341,BRIDGE
-15.533967,-50.090566,-15.534100,-50.090564,BRIDGE
-15.533552,-50.377277,-15.533466,-50.377304,BRIDGE
-15.533309,-50.518862,-15.533281,-50.519280,BRIDGE
-15.533109,-47.319527,-15.533407,-47.319731,BRIDGE
-15.528185,-50.505646,-15.528075,-50.505528,BRIDGE
-15.527381,-50.295198,-15.526961,-50.295367,BRIDGE
-15.525535,-50.994942,-15.525298,-50.995081,BRIDGE
-15.522757,-49.226942,-15.521843,-49.226415,BRIDGE
-15.522726,-50.520878,-15.522659,-50.520925,BRIDGE
-15.520962,-49.486912,-15.520989,-49.486869,BRIDGE
-15.520782,-46.975316,-15.520886,-46.975586,BRIDGE
-15.512616,-49.494397,-15.513228,-49.494572,BRIDGE
-15.512252,-48.955242,-15.512211,-48.955345,BRIDGE
-15.511315,-50.043964,-15.511174,-50.044335,BRIDGE
-15.510242,-48.410910,-15.510322,-48.411162,BRIDGE
-15.509239,-48.315562,-15.508948,-48.315454,BRIDGE
-15.505842,-49.573715,-15.505704,-49.574383,BRIDGE
-15.505324,-50.190017,-15.505370,-50.189858,BRIDGE
-15.501845,-47.976287,-15.501622,-47.976440,BRIDGE
-15.501225,-49.211691,-15.500999,-49.211370,BRIDGE
-15.501200,-49.690443,-15.501373,-49.690696,BRIDGE
-15.498941,-50.188574,-15.498903,-50.188523,BRIDGE
-15.496883,-47.827244,-15.496805,-47.826995,BRIDGE
-15.496584,-49.406003,-15.496465,-49.405964,BRIDGE
-15.496346,-49.684451,-15.496263,-49.684361,BRIDGE
-15.496286,-49.691616,-15.496766,-49.691104,BRIDGE
-15.495308,-48.278856,-15.495314,-48.278643,BRIDGE
-15.491088,-47.687973,-15.490952,-47.687796,BRIDGE
-15.490626,-50.295831,-15.490623,-50.295995,BRIDGE
-15.490016,-49.521855,-15.490017,-49.522662,BRIDGE
-15.489474,-48.618595,-15.488796,-48.618670,BRIDGE
-15.489364,-50.041917,-15.489219,-50.041722,BRIDGE
-15.488770,-50.105262,-15.488945,-50.105199,BRIDGE
-15.488648,-48.377913,-15.488080,-48.377967,BRIDGE
-15.488546,-50.507221,-15.488471,-50.507253,BRIDGE
-15.488188,-49.192867,-15.487867,-49.192509,BRIDGE
-15.484860,-51.231933,-15.484472,-51.231855,BRIDGE
-15.483693,-50.329048,-15.483509,-50.329282,BRIDGE
-15.482449,-49.117640,-15.482173,-49.117760,BRIDGE
-15.482312,-48.312587,-15.482421,-48.312792,BRIDGE
-15.481920,-49.443378,-15.481959,-49.443072,BRIDGE
-15.481840,-48.048420,-15.481760,-48.048651,BRIDGE
-15.481801,-50.147570,-15.481652,-50.147560,BRIDGE
-15.481389,-51.311856,-15.481375,-51.311938,BRIDGE
-15.481299,-51.312394,-15.481274,-51.312539,BRIDGE
-15.478991,-51.477178,-15.479013,-51.477479,BRIDGE
-15.477392,-48.954150,-15.477591,-48.953953,BRIDGE
-15.477204,-48.092410,-15.477053,-48.092340,BRIDGE
-15.477146,-50.049012,-15.476999,-50.048930,BRIDGE
-15.477113,-48.476284,-15.477090,-48.476065,BRIDGE
-15.475545,-50.318247,-15.475814,-50.318383,BRIDGE
-15.475204,-48.533127,-15.475006,-48.533016,BRIDGE
-15.473199,-48.352495,-15.473109,-48.352494,BRIDGE
-15.470500,-51.206221,-15.470627,-51.206006,BRIDGE
-15.468442,-47.601495,-15.467825,-47.601804,BRIDGE
-15.467861,-47.601888,-15.468475,-47.601574,BRIDGE
-15.465427,-49.903241,-15.465336,-49.903176,BRIDGE
-15.464794,-51.537681,-15.464737,-51.537509,BRIDGE
-15.462903,-49.428637,-15.463216,-49.428489,BRIDGE
-15.462029,-50.117990,-15.462120,-50.117918,BRIDGE
-15.461991,-50.100202,-15.461860,-50.100299,BRIDGE
-15.461089,-47.641848,-15.461107,-47.641761,BRIDGE
-15.458724,-49.366868,-15.458941,-49.366884,BRIDGE
-15.457892,-50.723117,-15.457848,-50.723045,BRIDGE
-15.457427,-49.174147,-15.457162,-49.174108,BRIDGE
-15.457006,-51.024988,-15.456948,-51.024929,BRIDGE
-15.456522,-49.502577,-15.456840,-49.502459,BRIDGE
-15.455517,-49.689562,-15.455871,-49.689793,BRIDGE
-15.454805,-47.981267,-15.455179,-47.981015,BRIDGE
-15.452701,-49.782368,-15.452764,-49.782316,BRIDGE
-15.451822,-50.026194,-15.451796,-50.026033,BRIDGE
-15.451502,-51.542692,-15.451472,-51.542531,BRIDGE
-15.449084,-49.706235,-15.449231,-49.706241,BRIDGE
-15.449050,-47.967672,-15.448759,-47.967681,BRIDGE
-15.447850,-50.751304,-15.447801,-50.751237,BRIDGE
-15.446656,-49.821024,-15.446712,-49.820963,BRIDGE
-15.446593,-50.053359,-15.446595,-50.053262,BRIDGE
-15.445394,-47.139271,-15.445299,-47.139333,BRIDGE
-15.445136,-50.745426,-15.444750,-50.745667,BRIDGE
-15.443670,-50.377445,-15.443756,-50.377559,BRIDGE
-15.442167,-47.290602,-15.442358,-47.290588,BRIDGE
-15.441952,-50.073369,-15.442046,-50.073361,BRIDGE
-15.441887,-50.127368,-15.441984,-50.127476,BRIDGE
-15.441529,-50.355408,-15.441258,-50.355164,BRIDGE
-15.439837,-50.355628,-15.439717,-50.355576,BRIDGE
-15.437801,-49.509548,-15.438190,-49.509405,BRIDGE
-15.437387,-49.777185,-15.437445,-49.777245,BRIDGE
-15.436685,-51.056553,-15.436659,-51.056524,BRIDGE
-15.435831,-48.634365,-15.435757,-48.634431,BRIDGE
-15.431371,-49.759095,-15.431534,-49.759007,BRIDGE
-15.430001,-49.777627,-15.430005,-49.777541,BRIDGE
-15.429282,-49.812495,-15.429221,-49.812440,BRIDGE
-15.429267,-50.373367,-15.428418,-50.373739,BRIDGE
-15.428259,-50.740831,-15.428245,-50.740748,BRIDGE
-15.427875,-49.811421,-15.427802,-49.811384,BRIDGE
-15.427821,-47.275211,-15.428037,-47.275069,BRIDGE
-15.427062,-50.318921,-15.427007,-50.318968,BRIDGE
-15.425962,-50.106900,-15.425944,-50.106790,BRIDGE
-15.425401,-51.072055,-15.425264,-51.072046,BRIDGE
-15.424633,-49.791711,-15.424670,-49.791634,BRIDGE
-15.422638,-49.860900,-15.422546,-49.860806,BRIDGE
-15.422135,-48.197566,-15.421845,-48.197701,BRIDGE
-15.421724,-49.975728,-15.422122,-49.975288,BRIDGE
-15.420027,-50.734394,-15.420055,-50.734315,BRIDGE
-15.418072,-49.805915,-15.418105,-49.805839,BRIDGE
-15.416027,-49.778532,-15.416085,-49.778476,BRIDGE
-15.416014,-47.631526,-15.416095,-47.631501,BRIDGE
-15.415873,-50.052190,-15.415962,-50.052166,BRIDGE
-15.412456,-48.200537,-15.412076,-48.200513,BRIDGE
-15.410802,-49.418566,-15.410980,-49.418714,BRIDGE
-15.409619,-48.516208,-15.409437,-48.516049,BRIDGE
-15.409470,-49.783888,-15.409521,-49.783847,BRIDGE
-15.409222,-49.838352,-15.409214,-49.838269,BRIDGE
-15.408443,-48.485582,-15.407983,-48.485461,BRIDGE
-15.406122,-48.208659,-15.406092,-48.208559,BRIDGE
-15.405843,-49.787679,-15.405889,-49.787606,BRIDGE
-15.405254,-49.931654,-15.404460,-49.931676,BRIDGE
-15.403062,-49.750217,-15.403026,-49.750175,BRIDGE
-15.398979,-47.650620,-15.399063,-47.650714,BRIDGE
-15.398904,-49.886266,-15.398857,-49.886191,BRIDGE
-15.397688,-49.828408,-15.397732,-49.828332,BRIDGE
-15.396760,-50.295186,-15.396701,-50.295042,BRIDGE
-15.395763,-49.860989,-15.395690,-49.860998,BRIDGE
-15.395548,-48.635356,-15.395200,-48.635537,BRIDGE
-15.393338,-50.714233,-15.393363,-50.714148,BRIDGE
-15.392247,-48.233975,-15.392480,-48.233831,BRIDGE
-15.390460,-49.828732,-15.390457,-49.828821,BRIDGE
-15.389962,-50.388722,-15.389776,-50.388899,BRIDGE
-15.389882,-49.833483,-15.389902,-49.833402,BRIDGE
-15.389250,-51.211689,-15.388905,-51.211604,BRIDGE
-15.388894,-49.598014,-15.388910,-49.597189,BRIDGE
-15.388434,-49.781386,-15.388471,-49.781359,BRIDGE
-15.387424,-49.550761,-15.387820,-49.550544,BRIDGE
-15.386873,-48.280214,-15.386855,-48.280028,BRIDGE
-15.385838,-49.407137,-15.385992,-49.407144,TUNNEL
-15.381943,-49.780347,-15.382017,-49.780296,BRIDGE
-15.377932,-51.239459,-15.377913,-51.239541,BRIDGE
-15.376842,-48.227893,-15.377056,-48.227911,BRIDGE
-15.376712,-48.218291,-15.376605,-48.218177,BRIDGE
-15.371017,-48.218911,-15.370516,-48.219169,BRIDGE
-15.370773,-50.295198,-15.371021,-50.295432,BRIDGE
-15.368205,-49.989920,-15.367831,-49.990234,BRIDGE
-15.365820,-49.710600,-15.365447,-49.710675,BRIDGE
-15.363993,-49.922142,-15.363884,-49.921977,BRIDGE
-15.363707,-49.866817,-15.363548,-49.866511,BRIDGE
-15.362311,-48.063229,-15.362215,-48.063403,BRIDGE
-15.361186,-49.610229,-15.360694,-49.610095,BRIDGE
-15.360394,-49.699625,-15.360981,-49.699650,BRIDGE
-15.360166,-49.701526,-15.360591,-49.701456,BRIDGE
-15.358986,-49.193027,-15.359067,-49.193058,BRIDGE
-15.358676,-47.444884,-15.358723,-47.444805,BRIDGE
-15.356036,-50.375863,-15.355723,-50.375799,BRIDGE
-15.354598,-49.691741,-15.354611,-49.692165,BRIDGE
-15.354187,-49.814281,-15.354377,-49.814485,BRIDGE
-15.353645,-49.509125,-15.353726,-49.509102,BRIDGE
-15.353568,-49.508193,-15.353674,-49.508166,BRIDGE
-15.351957,-48.230961,-15.351606,-48.231065,BRIDGE
-15.347779,-50.408171,-15.347123,-50.408625,BRIDGE
-15.347228,-49.813243,-15.347242,-49.812776,BRIDGE
-15.342670,-47.121312,-15.342238,-47.121558,BRIDGE
-15.331464,-49.067756,-15.331311,-49.068213,BRIDGE
-15.327428,-49.354955,-15.327988,-49.355200,BRIDGE
-15.325606,-49.667052,-15.325657,-49.667120,BRIDGE
-15.324505,-47.423671,-15.324207,-47.424132,BRIDGE
-15.322965,-51.293635,-15.323081,-51.293453,BRIDGE
-15.320037,-49.571862,-15.319926,-49.572259,BRIDGE
-15.319001,-49.386312,-15.318913,-49.386340,BRIDGE
-15.318082,-49.031965,-15.318132,-49.032057,BRIDGE
-15.315164,-47.254762,-15.315255,-47.254778,BRIDGE
-15.314717,-49.587817,-15.313610,-49.590290,BRIDGE
-15.314488,-49.588700,-15.314691,-49.589529,BRIDGE
-15.313646,-50.442975,-15.313320,-50.442996,BRIDGE
-15.313117,-51.356417,-15.313036,-51.356546,BRIDGE
-15.312103,-50.069702,-15.311992,-50.069903,BRIDGE
-15.309557,-51.226321,-15.309389,-51.226563,BRIDGE
-15.309396,-49.589123,-15.309496,-49.589242,BRIDGE
-15.308988,-50.167321,-15.309105,-50.167136,BRIDGE
-15.307260,-49.592817,-15.307165,-49.592574,BRIDGE
-15.306610,-49.101318,-15.306582,-49.100916,BRIDGE
-15.305541,-49.616649,-15.305632,-49.616689,BRIDGE
-15.305005,-49.608708,-15.304844,-49.608867,BRIDGE
-15.304268,-49.606370,-15.304077,-49.606467,BRIDGE
-15.303958,-49.596137,-15.303675,-49.596033,BRIDGE
-15.303173,-47.446249,-15.303081,-47.446333,BRIDGE
-15.301540,-49.599518,-15.301353,-49.599488,BRIDGE
-15.300650,-51.391634,-15.300412,-51.391925,BRIDGE
-15.300252,-49.405751,-15.300254,-49.406003,BRIDGE
-15.298428,-49.344513,-15.298351,-49.344463,BRIDGE
-15.297728,-49.712444,-15.297614,-49.712392,BRIDGE
-15.297716,-50.061205,-15.297608,-50.061328,BRIDGE
-15.297258,-47.392671,-15.297070,-47.392430,BRIDGE
-15.296662,-49.123606,-15.296778,-49.123435,BRIDGE
-15.296207,-48.238458,-15.295991,-48.238725,BRIDGE
-15.293666,-49.117171,-15.293330,-49.117168,BRIDGE
-15.293105,-49.317148,-15.293024,-49.317176,BRIDGE
-15.288502,-50.469726,-15.288237,-50.469940,BRIDGE
-15.284085,-47.686473,-15.284280,-47.686091,BRIDGE
-15.280356,-51.571165,-15.280371,-51.571252,BRIDGE
-15.271573,-50.363287,-15.271992,-50.363520,BRIDGE
-15.271113,-47.552308,-15.270889,-47.552475,BRIDGE
-15.268739,-49.891282,-15.268688,-49.891238,BRIDGE
-15.266521,-47.466655,-15.266396,-47.466668,BRIDGE
-15.266358,-47.690176,-15.266411,-47.690313,BRIDGE
-15.264324,-50.616669,-15.263884,-50.616213,BRIDGE
-15.257670,-50.045181,-15.257430,-50.045169,BRIDGE
-15.255280,-48.932364,-15.255021,-48.932626,BRIDGE
-15.253004,-48.536845,-15.252971,-48.536866,BRIDGE
-15.248810,-49.012247,-15.248514,-49.012023,BRIDGE
-15.248778,-48.223038,-15.248951,-48.222617,BRIDGE
-15.248742,-47.466614,-15.248545,-47.466581,BRIDGE
-15.247918,-48.198086,-15.248008,-48.197960,BRIDGE
-15.246718,-48.022008,-15.246980,-48.022182,BRIDGE
-15.245616,-47.350307,-15.245435,-47.350156,BRIDGE
-15.244799,-49.564306,-15.244878,-49.564282,BRIDGE
-15.242966,-51.174781,-15.242387,-51.175765,BRIDGE
-15.241592,-47.469924,-15.241459,-47.469922,BRIDGE
-15.240950,-49.565690,-15.241024,-49.565656,BRIDGE
-15.240774,-50.031082,-15.240686,-50.030954,BRIDGE
-15.236174,-48.604684,-15.236258,-48.604583,BRIDGE
-15.231091,-48.328250,-15.230793,-48.328036,BRIDGE
-15.226659,-49.562004,-15.226732,-49.561966,BRIDGE
-15.222882,-49.591987,-15.222967,-49.591922,BRIDGE
-15.221161,-50.010249,-15.221042,-50.010103,BRIDGE
-15.217398,-48.318483,-15.217270,-48.318389,BRIDGE
-15.215432,-49.560094,-15.215826,-49.560319,BRIDGE
-15.214788,-48.584309,-15.214780,-48.585858,BRIDGE
-15.214484,-49.586416,-15.214732,-49.586083,BRIDGE
-15.211922,-50.004684,-15.211619,-50.004643,BRIDGE
-15.204525,-47.472801,-15.204314,-47.472830,BRIDGE
-15.197653,-49.656409,-15.197547,-49.656330,BRIDGE
-15.194566,-48.326217,-15.194592,-48.326324,BRIDGE
-15.190543,-49.318250,-15.190462,-49.318265,BRIDGE
-15.189947,-47.757390,-15.189902,-47.757199,BRIDGE
-15.189525,-49.822598,-15.189465,-49.822729,BRIDGE
-15.189059,-47.591229,-15.188981,-47.591252,BRIDGE
-15.188271,-49.257968,-15.188267,-49.257884,BRIDGE
-15.187314,-48.673941,-15.187201,-48.673981,BRIDGE
-15.186690,-49.558637,-15.186770,-49.558618,BRIDGE
-15.186061,-49.503928,-15.186105,-49.503394,BRIDGE
-15.183907,-49.289602,-15.183894,-49.289515,BRIDGE
-15.182515,-49.602720,-15.182797,-49.603135,BRIDGE
-15.181427,-49.598694,-15.181521,-49.598658,BRIDGE
-15.179400,-49.545016,-15.180973,-49.544982,BRIDGE
-15.178799,-48.702897,-15.178687,-48.702894,BRIDGE
-15.177767,-49.633509,-15.177748,-49.633430,BRIDGE
-15.174952,-49.706912,-15.175088,-49.706947,BRIDGE
-15.174611,-49.924090,-15.174694,-49.924265,BRIDGE
-15.173813,-49.720306,-15.173794,-49.720391,BRIDGE
-15.173744,-49.242073,-15.173711,-49.242157,BRIDGE
-15.173701,-51.157659,-15.172899,-51.156289,BRIDGE
-15.172788,-48.277068,-15.172956,-48.277106,BRIDGE
-15.172063,-48.282404,-15.172025,-48.282564,BRIDGE
-15.171700,-49.749128,-15.171705,-49.749212,BRIDGE
-15.171077,-48.229726,-15.170868,-48.229272,BRIDGE
-15.169559,-49.914601,-15.169571,-49.914472,BRIDGE
-15.168933,-49.688770,-15.168996,-49.688721,BRIDGE
-15.168009,-48.909453,-15.168013,-48.909052,BRIDGE
-15.167590,-48.702412,-15.167316,-48.702406,BRIDGE
-15.167160,-48.281796,-15.167176,-48.281726,BRIDGE
-15.166871,-49.667659,-15.166740,-49.667665,BRIDGE
-15.165847,-49.650509,-15.165674,-49.650574,BRIDGE
-15.164994,-48.321031,-15.164956,-48.320905,BRIDGE
-15.163977,-47.162652,-15.163825,-47.162803,BRIDGE
-15.161949,-49.787436,-15.161952,-49.787751,BRIDGE
-15.160286,-49.303092,-15.160275,-49.303007,BRIDGE
-15.159950,-48.294716,-15.160030,-48.294596,BRIDGE
-15.159353,-49.115970,-15.158799,-49.115809,BRIDGE
-15.157379,-48.319650,-15.157176,-48.320203,BRIDGE
-15.156085,-51.240065,-15.155872,-51.240233,BRIDGE
-15.152742,-49.841775,-15.153093,-49.842065,BRIDGE
-15.145291,-49.504869,-15.145223,-49.505047,BRIDGE
-15.138989,-50.590085,-15.138604,-50.590473,BRIDGE
-15.137191,-49.712490,-15.137130,-49.712513,BRIDGE
-15.134804,-49.281394,-15.134493,-49.281249,BRIDGE
-15.130151,-49.279421,-15.129578,-49.279190,BRIDGE
-15.128142,-49.820605,-15.127704,-49.820871,BRIDGE
-15.127995,-48.195748,-15.127976,-48.195812,BRIDGE
-15.127178,-49.071148,-15.126999,-49.070982,BRIDGE
-15.126465,-48.835774,-15.126233,-48.835841,BRIDGE
-15.123890,-49.312201,-15.123952,-49.312128,BRIDGE
-15.122858,-47.125614,-15.122521,-47.125598,BRIDGE
-15.118232,-48.262550,-15.119195,-48.263179,BRIDGE
-15.118077,-47.142434,-15.117785,-47.142499,BRIDGE
-15.115141,-48.926804,-15.115272,-48.926894,BRIDGE
-15.114483,-49.316719,-15.114400,-49.316717,BRIDGE
-15.103745,-48.237654,-15.103729,-48.238025,BRIDGE
-15.103738,-46.999391,-15.103629,-46.999376,BRIDGE
-15.103646,-47.024988,-15.103698,-47.024928,BRIDGE
-15.102134,-49.640767,-15.102569,-49.640453,BRIDGE
-15.100872,-49.345938,-15.100817,-49.345785,BRIDGE
-15.092321,-48.855054,-15.091995,-48.855212,BRIDGE
-15.090239,-49.877957,-15.089923,-49.877820,BRIDGE
-15.087290,-48.931362,-15.087331,-48.931292,BRIDGE
-15.087155,-49.287321,-15.087338,-49.286849,BRIDGE
-15.084222,-49.837144,-15.084609,-49.837278,BRIDGE
-15.083950,-49.684537,-15.083950,-49.684396,BRIDGE
-15.079350,-48.459943,-15.079383,-48.460195,BRIDGE
-15.078624,-48.079083,-15.078685,-48.078835,BRIDGE
-15.074248,-47.688665,-15.074097,-47.688628,BRIDGE
-15.069679,-49.875700,-15.069752,-49.875785,BRIDGE
-15.067902,-47.390996,-15.067778,-47.390444,BRIDGE
-15.067108,-49.896244,-15.067115,-49.896090,BRIDGE
-15.064401,-47.777695,-15.064718,-47.777204,BRIDGE
-15.064272,-47.461025,-15.064508,-47.461057,BRIDGE
-15.063337,-49.425686,-15.063705,-49.426173,BRIDGE
-15.062439,-48.903677,-15.062088,-48.903622,BRIDGE
-15.060453,-49.425380,-15.060573,-49.425175,BRIDGE
-15.059963,-49.262316,-15.059838,-49.262350,BRIDGE
-15.058834,-49.840179,-15.059053,-49.840318,BRIDGE
-15.057939,-48.164663,-15.057885,-48.164800,BRIDGE
-15.057679,-49.361225,-15.057635,-49.361089,BRIDGE
-15.057143,-47.922083,-15.057002,-47.922329,BRIDGE
-15.055167,-49.898812,-15.055233,-49.898800,BRIDGE
-15.053160,-48.883104,-15.053045,-48.883225,BRIDGE
-15.052020,-49.653422,-15.052276,-49.653282,BRIDGE
-15.051157,-49.876610,-15.051091,-49.876492,BRIDGE
-15.037351,-49.110196,-15.036981,-49.110146,BRIDGE
-15.029102,-47.870154,-15.029023,-47.870127,BRIDGE
-15.028734,-47.873050,-15.028731,-47.873265,BRIDGE
-15.027206,-48.705781,-15.027147,-48.705722,BRIDGE
-15.026344,-48.793456,-15.026317,-48.793620,BRIDGE
-15.021647,-49.445820,-15.021533,-49.446046,BRIDGE
-15.020831,-51.301614,-15.018798,-51.294937,BRIDGE
-15.019789,-48.374995,-15.019821,-48.375328,BRIDGE
-15.019611,-49.152553,-15.019570,-49.152858,BRIDGE
-15.018705,-49.579094,-15.017575,-49.579185,BRIDGE
-15.014932,-49.579942,-15.015010,-49.579811,BRIDGE
-15.014659,-49.580100,-15.014674,-49.579955,BRIDGE
-15.008420,-49.890664,-15.008475,-49.890693,BRIDGE
-15.004857,-48.443300,-15.004830,-48.443181,BRIDGE
-15.001623,-49.411985,-15.002277,-49.412433,BRIDGE
-15.000787,-50.589188,-15.000340,-50.589011,BRIDGE
-15.000417,-48.416241,-15.000605,-48.416236,BRIDGE
-14.999071,-48.724546,-14.999053,-48.724296,BRIDGE
-14.998650,-50.235479,-14.998453,-50.236852,BRIDGE
-14.995949,-50.819352,-14.996066,-50.820518,BRIDGE
-14.994457,-50.805187,-14.994532,-50.805885,BRIDGE
-14.994349,-48.697753,-14.994406,-48.697497,BRIDGE
-14.994212,-49.867647,-14.994126,-49.867559,BRIDGE
-14.993578,-50.796596,-14.993634,-50.797172,BRIDGE
-14.993191,-47.458593,-14.993489,-47.458540,BRIDGE
-14.992090,-47.026596,-14.991643,-47.026282,BRIDGE
-14.991975,-48.422036,-14.991919,-48.421818,BRIDGE
-14.989752,-49.531953,-14.989193,-49.531891,BRIDGE
-14.989380,-46.566623,-14.989361,-46.566540,BRIDGE
-14.989007,-47.923972,-14.988980,-47.923463,BRIDGE
-14.984301,-48.924400,-14.984060,-48.924757,BRIDGE
-14.983663,-49.888573,-14.983794,-49.888485,BRIDGE
-14.983029,-49.860777,-14.982629,-49.860802,BRIDGE
-14.982192,-50.581157,-14.981638,-50.581114,BRIDGE
-14.980267,-50.886180,-14.979942,-50.886743,BRIDGE
-14.980253,-48.913176,-14.980522,-48.913023,BRIDGE
-14.979003,-48.675250,-14.978243,-48.674643,BRIDGE
-14.977565,-49.274680,-14.977684,-49.274672,BRIDGE
-14.977244,-48.915195,-14.977403,-48.915065,BRIDGE
-14.970408,-46.569900,-14.970272,-46.569812,BRIDGE
-14.970227,-51.009884,-14.970125,-51.010184,BRIDGE
-14.969791,-49.526224,-14.969544,-49.526355,BRIDGE
-14.964865,-50.234833,-14.964684,-50.234559,BRIDGE
-14.963099,-50.309818,-14.963387,-50.309240,BRIDGE
-14.960149,-48.317744,-14.960206,-48.317868,BRIDGE
-14.950272,-47.599206,-14.949992,-47.599122,BRIDGE
-14.948949,-48.638964,-14.948860,-48.639025,BRIDGE
-14.948630,-48.531170,-14.948664,-48.531257,BRIDGE
-14.948382,-49.068518,-14.948263,-49.068498,BRIDGE
-14.946176,-49.574326,-14.946198,-49.574245,BRIDGE
-14.945917,-49.547433,-14.945572,-49.547437,BRIDGE
-14.920398,-50.306396,-14.920221,-50.305887,BRIDGE
-14.918280,-49.180406,-14.918429,-49.180129,BRIDGE
-14.916406,-50.522278,-14.916414,-50.522464,BRIDGE
-14.914565,-46.947702,-14.914450,-46.947380,BRIDGE
-14.914109,-50.037206,-14.914074,-50.036970,BRIDGE
-14.905931,-49.251303,-14.905936,-49.250964,BRIDGE
-14.898924,-49.547970,-14.898680,-49.547978,BRIDGE
-14.896758,-47.583037,-14.895980,-47.582800,BRIDGE
-14.893938,-47.574461,-14.894006,-47.574373,BRIDGE
-14.876867,-48.768675,-14.877500,-48.768503,BRIDGE
-14.874636,-47.564250,-14.874801,-47.564302,BRIDGE
-14.869561,-50.900222,-14.869562,-50.900016,BRIDGE
-14.857139,-47.572113,-14.856726,-47.572069,BRIDGE
-14.848558,-48.638728,-14.848270,-48.638713,BRIDGE
-14.845195,-47.565179,-14.845090,-47.564959,BRIDGE
-14.840235,-50.004594,-14.840841,-50.004562,BRIDGE
-14.830038,-50.535305,-14.829650,-50.535049,BRIDGE
-14.828977,-47.558654,-14.829058,-47.558764,BRIDGE
-14.826113,-47.587381,-14.825947,-47.587347,BRIDGE
-14.817983,-49.310861,-14.817787,-49.310743,BRIDGE
-14.816884,-49.358777,-14.816391,-49.358801,BRIDGE
-14.815964,-49.294748,-14.816483,-49.295089,BRIDGE
-14.808852,-49.362314,-14.808804,-49.362102,BRIDGE
-14.807645,-46.257305,-14.807693,-46.257371,BRIDGE
-14.806825,-46.252756,-14.806693,-46.252850,BRIDGE
-14.806820,-49.746659,-14.806739,-49.746878,BRIDGE
-14.801157,-46.704532,-14.800883,-46.704338,BRIDGE
-14.799458,-47.550535,-14.799444,-47.550344,BRIDGE
-14.797406,-47.539768,-14.797304,-47.539688,BRIDGE
-14.789911,-46.288168,-14.789841,-46.288300,BRIDGE
-14.789262,-48.631397,-14.788869,-48.631318,BRIDGE
-14.788406,-49.742842,-14.788135,-49.743059,BRIDGE
-14.786449,-46.246771,-14.786114,-46.246381,BRIDGE
-14.786230,-49.903912,-14.786368,-49.904033,BRIDGE
-14.784953,-49.365728,-14.785124,-49.365521,BRIDGE
-14.780985,-49.569624,-14.780666,-49.569699,BRIDGE
-14.780301,-49.558799,-14.780232,-49.558995,BRIDGE
-14.780062,-46.307694,-14.780167,-46.307692,BRIDGE
-14.768937,-46.663845,-14.769018,-46.663847,BRIDGE
-14.765350,-48.623392,-14.765022,-48.623337,BRIDGE
-14.761650,-49.378690,-14.761930,-49.378744,BRIDGE
-14.760082,-49.535908,-14.759934,-49.536008,BRIDGE
-14.758014,-46.669142,-14.757754,-46.668608,BRIDGE
-14.757989,-49.525259,-14.758062,-49.525630,BRIDGE
-14.757749,-50.014583,-14.757993,-50.014588,BRIDGE
-14.755269,-50.270002,-14.755505,-50.270184,BRIDGE
-14.751537,-50.016584,-14.751801,-50.016519,BRIDGE
-14.751145,-50.436902,-14.751648,-50.437674,BRIDGE
-14.745161,-50.018102,-14.745351,-50.018131,BRIDGE
-14.744697,-49.069395,-14.742254,-49.069345,BRIDGE
-14.742385,-49.531576,-14.742464,-49.531649,BRIDGE
-14.739792,-50.571137,-14.739874,-50.571154,BRIDGE
-14.737098,-49.700959,-14.737010,-49.700854,BRIDGE
-14.735433,-49.183203,-14.735344,-49.183075,BRIDGE
-14.733670,-48.613813,-14.733592,-48.613779,BRIDGE
-14.732282,-49.418682,-14.732303,-49.418451,BRIDGE
-14.732017,-46.247121,-14.731920,-46.246913,BRIDGE
-14.731520,-46.238102,-14.731189,-46.238073,BRIDGE
-14.731413,-49.705623,-14.731477,-49.705255,BRIDGE
-14.731108,-47.542928,-14.730869,-47.542631,BRIDGE
-14.730430,-46.976311,-14.730417,-46.976160,BRIDGE
-14.728332,-49.702058,-14.727968,-49.702165,BRIDGE
-14.727680,-49.715073,-14.727632,-49.715139,BRIDGE
-14.726845,-50.922586,-14.727696,-50.922114,BRIDGE
-14.723840,-49.232448,-14.723999,-49.232569,BRIDGE
-14.720400,-49.465725,-14.720246,-49.465698,BRIDGE
-14.719606,-49.466927,-14.719595,-49.467211,BRIDGE
-14.718632,-49.397208,-14.718440,-49.397026,BRIDGE
-14.718149,-49.477015,-14.718245,-49.476813,BRIDGE
-14.716050,-49.758759,-14.715886,-49.759048,BRIDGE
-14.713558,-49.485608,-14.713496,-49.485718,BRIDGE
-14.707563,-49.827278,-14.707994,-49.827274,BRIDGE
-14.706583,-47.497181,-14.706423,-47.497093,BRIDGE
-14.701988,-49.709488,-14.701838,-49.709547,BRIDGE
-14.699434,-50.010313,-14.699689,-50.010441,BRIDGE
-14.696667,-47.502749,-14.696654,-47.502908,BRIDGE
-14.696207,-49.818405,-14.696366,-49.818478,BRIDGE
-14.695436,-49.376837,-14.695439,-49.376574,BRIDGE
-14.691438,-49.360382,-14.691267,-49.360322,BRIDGE
-14.690853,-49.592882,-14.690967,-49.593026,BRIDGE
-14.689870,-50.184846,-14.690251,-50.184621,BRIDGE
-14.687884,-49.593014,-14.687408,-49.593138,BRIDGE
-14.682691,-50.571282,-14.682652,-50.571317,BRIDGE
-14.682137,-49.358493,-14.681750,-49.358338,BRIDGE
-14.678395,-48.592938,-14.677881,-48.592722,BRIDGE
-14.675248,-50.625638,-14.675809,-50.625540,BRIDGE
-14.672067,-49.723308,-14.671917,-49.723446,BRIDGE
-14.668024,-47.516072,-14.667740,-47.516009,BRIDGE
-14.660823,-47.526912,-14.661075,-47.526807,BRIDGE
-14.658252,-49.159595,-14.658012,-49.159926,BRIDGE
-14.658058,-50.628301,-14.658062,-50.628380,BRIDGE
-14.658005,-49.906562,-14.657942,-49.907069,BRIDGE
-14.657621,-47.298040,-14.657815,-47.298112,BRIDGE
-14.656062,-50.128657,-14.655890,-50.128475,BRIDGE
-14.650017,-50.521080,-14.648730,-50.520708,BRIDGE
-14.647633,-47.510021,-14.647394,-47.509727,BRIDGE
-14.646490,-49.745754,-14.646391,-49.745793,BRIDGE
-14.646206,-50.025284,-14.646367,-50.025202,BRIDGE
-14.643538,-49.565866,-14.643474,-49.565608,BRIDGE
-14.635209,-46.984839,-14.635278,-46.984880,BRIDGE
-14.627686,-47.260087,-14.627714,-47.259910,BRIDGE
-14.625815,-50.670970,-14.625832,-50.671025,BRIDGE
-14.625767,-49.114586,-14.625917,-49.114479,BRIDGE
-14.621943,-46.192461,-14.621784,-46.192440,BRIDGE
-14.620598,-46.193559,-14.620656,-46.193608,BRIDGE
-14.616479,-47.498992,-14.615914,-47.498849,BRIDGE
-14.616147,-48.738209,-14.616896,-48.738812,BRIDGE
-14.616024,-48.111016,-14.616135,-48.111041,BRIDGE
-14.615044,-47.686691,-14.615270,-47.686837,BRIDGE
-14.614082,-47.706467,-14.614010,-47.706565,BRIDGE
-14.613605,-49.930936,-14.613392,-49.930926,BRIDGE
-14.610217,-47.635523,-14.610207,-47.635423,BRIDGE
-14.608842,-48.478973,-14.608686,-48.478645,BRIDGE
-14.608085,-49.598711,-14.608178,-49.598740,BRIDGE
-14.605599,-50.021731,-14.605723,-50.021727,BRIDGE
-14.603739,-47.510437,-14.603635,-47.510545,BRIDGE
-14.603555,-49.776126,-14.603324,-49.776160,BRIDGE
-14.602835,-49.120434,-14.603007,-49.120474,BRIDGE
-14.601005,-49.280403,-14.601276,-49.280462,BRIDGE
-14.595218,-49.378348,-14.594994,-49.378486,BRIDGE
-14.590845,-49.251490,-14.590945,-49.251467,BRIDGE
-14.590675,-48.954402,-14.590904,-48.954510,BRIDGE
-14.581890,-48.174653,-14.581695,-48.174608,BRIDGE
-14.580379,-49.553912,-14.580200,-49.554474,BRIDGE
-14.575490,-49.366422,-14.575516,-49.366229,BRIDGE
-14.573302,-49.208976,-14.573260,-49.209225,BRIDGE
-14.572276,-50.501369,-14.572192,-50.501338,BRIDGE
-14.571184,-49.992369,-14.571179,-49.992520,BRIDGE
-14.568540,-49.984912,-14.568509,-49.985036,BRIDGE
-14.566508,-47.082216,-14.566689,-47.082420,BRIDGE
-14.566468,-46.113130,-14.566385,-46.112707,BRIDGE
-14.562309,-49.541603,-14.562126,-49.541586,BRIDGE
-14.560639,-49.968700,-14.560517,-49.968789,BRIDGE
-14.553912,-49.896421,-14.553943,-49.896319,BRIDGE
-14.545741,-49.966656,-14.545797,-49.966684,BRIDGE
-14.545059,-49.855363,-14.545114,-49.855419,BRIDGE
-14.544585,-49.968830,-14.544476,-49.968839,BRIDGE
-14.541485,-50.035650,-14.541579,-50.035635,BRIDGE
-14.539547,-49.015885,-14.534674,-49.013642,BRIDGE
-14.538885,-46.093623,-14.538383,-46.093595,BRIDGE
-14.538329,-49.964332,-14.538785,-49.964812,BRIDGE
-14.538198,-49.964616,-14.538371,-49.964852,BRIDGE
-14.537287,-49.962171,-14.537412,-49.962295,BRIDGE
-14.536957,-48.541055,-14.536591,-48.540580,BRIDGE
-14.536727,-49.962704,-14.536853,-49.962838,BRIDGE
-14.536540,-49.525038,-14.536466,-49.524976,BRIDGE
-14.535273,-50.036673,-14.534917,-50.036963,BRIDGE
-14.533275,-46.540259,-14.532843,-46.539884,BRIDGE
-14.530617,-49.749860,-14.530284,-49.749663,BRIDGE
-14.529369,-50.521621,-14.529400,-50.521487,BRIDGE
-14.528743,-49.151354,-14.528597,-49.151331,BRIDGE
-14.528647,-47.979199,-14.528717,-47.979017,BRIDGE
-14.528486,-49.141806,-14.528464,-49.141924,BRIDGE
-14.526681,-49.148212,-14.526556,-49.148426,BRIDGE
-14.525827,-49.109760,-14.525863,-49.109611,BRIDGE
-14.525070,-49.145298,-14.525105,-49.145066,BRIDGE
-14.525052,-49.145058,-14.525017,-49.145290,BRIDGE
-14.524838,-48.524692,-14.524785,-48.524628,BRIDGE
-14.522635,-49.157668,-14.522502,-49.157566,BRIDGE
-14.522619,-49.187528,-14.522490,-49.187813,BRIDGE
-14.522465,-49.157634,-14.522591,-49.157733,BRIDGE
-14.522459,-49.144387,-14.522497,-49.144186,BRIDGE
-14.521602,-49.144103,-14.521644,-49.143888,BRIDGE
-14.521598,-46.106569,-14.521356,-46.106765,BRIDGE
-14.521327,-48.935724,-14.521144,-48.935495,BRIDGE
-14.521178,-47.908638,-14.521237,-47.908913,BRIDGE
-14.520657,-49.143947,-14.520688,-49.143749,BRIDGE
-14.519821,-49.144497,-14.519896,-49.144050,BRIDGE
-14.518686,-49.143578,-14.518660,-49.143772,BRIDGE
-14.516825,-49.142922,-14.516960,-49.142708,BRIDGE
-14.515095,-49.157140,-14.515017,-49.157221,BRIDGE
-14.514376,-49.141891,-14.514307,-49.142113,BRIDGE
-14.514257,-49.230391,-14.514162,-49.230595,BRIDGE
-14.511793,-47.279164,-14.511971,-47.279179,BRIDGE
-14.511419,-49.242353,-14.511555,-49.242459,BRIDGE
-14.510478,-48.734659,-14.510712,-48.734208,BRIDGE
-14.509150,-49.137527,-14.509270,-49.137333,BRIDGE
-14.504283,-49.148781,-14.503751,-49.148962,BRIDGE
-14.503590,-49.240296,-14.503452,-49.240259,BRIDGE
-14.503542,-49.149314,-14.504474,-49.149069,BRIDGE
-14.501061,-47.448142,-14.500889,-47.448228,BRIDGE
-14.500940,-49.712332,-14.500787,-49.712092,BRIDGE
-14.498712,-49.470086,-14.498833,-49.470097,BRIDGE
-14.495898,-50.529366,-14.495876,-50.529531,BRIDGE
-14.494634,-49.485788,-14.494592,-49.485603,BRIDGE
-14.492263,-49.159629,-14.492199,-49.159633,BRIDGE
-14.490839,-46.103563,-14.490806,-46.103415,BRIDGE
-14.489841,-50.481652,-14.489241,-50.481311,BRIDGE
-14.485798,-48.039861,-14.485881,-48.039590,BRIDGE
-14.485252,-46.384865,-14.485317,-46.384650,BRIDGE
-14.476642,-46.491215,-14.476147,-46.490793,BRIDGE
-14.476085,-48.459678,-14.476279,-48.459646,BRIDGE
-14.476054,-48.168498,-14.475994,-48.168998,BRIDGE
-14.472149,-48.452522,-14.472272,-48.452338,BRIDGE
-14.470994,-48.551206,-14.471104,-48.551106,BRIDGE
-14.469831,-47.738188,-14.469765,-47.737939,BRIDGE
-14.469385,-48.753830,-14.469579,-48.753930,BRIDGE
-14.469088,-48.549586,-14.469013,-48.549328,BRIDGE
-14.468661,-48.553542,-14.468862,-48.553505,BRIDGE
-14.468654,-48.449025,-14.468775,-48.448903,BRIDGE
-14.467515,-48.448639,-14.467496,-48.448526,BRIDGE
-14.464247,-48.553781,-14.463819,-48.553162,BRIDGE
-14.463478,-49.472987,-14.463388,-49.473101,BRIDGE
-14.462017,-47.005832,-14.461768,-47.005694,BRIDGE
-14.457305,-46.860717,-14.456830,-46.860086,BRIDGE
-14.456881,-48.398700,-14.456986,-48.398605,BRIDGE
-14.456259,-47.046775,-14.456585,-47.045931,BRIDGE
-14.456041,-46.437564,-14.456229,-46.436925,BRIDGE
-14.454509,-48.231775,-14.454690,-48.231203,BRIDGE
-14.453434,-48.257216,-14.453408,-48.256974,BRIDGE
-14.453379,-47.266343,-14.453686,-47.266236,BRIDGE
-14.450626,-48.533084,-14.450437,-48.533102,BRIDGE
-14.449686,-48.355419,-14.449671,-48.355119,BRIDGE
-14.449517,-48.390109,-14.449593,-48.389512,BRIDGE
-14.448490,-48.334908,-14.448504,-48.334637,BRIDGE
-14.447877,-48.088792,-14.447136,-48.088433,BRIDGE
-14.442696,-48.114502,-14.441941,-48.113041,BRIDGE
-14.440271,-49.709911,-14.440760,-49.710520,BRIDGE
-14.432395,-49.703947,-14.432615,-49.704077,BRIDGE
-14.430888,-49.706149,-14.430636,-49.706062,BRIDGE
-14.429104,-47.507435,-14.428720,-47.507672,BRIDGE
-14.427532,-49.406864,-14.427452,-49.407094,BRIDGE
-14.422395,-50.794462,-14.422296,-50.794443,BRIDGE
-14.421613,-49.129010,-14.421700,-49.129082,BRIDGE
-14.420860,-48.601230,-14.420601,-48.601145,BRIDGE
-14.420489,-48.736231,-14.420404,-48.736052,BRIDGE
-14.417640,-48.826435,-14.417652,-48.826565,BRIDGE
-14.417489,-48.330101,-14.417332,-48.330046,BRIDGE
-14.413837,-50.323484,-14.414051,-50.323554,BRIDGE
-14.411766,-50.104414,-14.411686,-50.104581,BRIDGE
-14.408059,-49.392901,-14.407979,-49.392736,BRIDGE
-14.407619,-50.998501,-14.409113,-50.993251,BRIDGE
-14.403047,-48.728217,-14.402985,-48.728327,BRIDGE
-14.391905,-49.104569,-14.391986,-49.104563,BRIDGE
-14.390927,-50.492253,-14.390735,-50.492278,BRIDGE
-14.389746,-50.641909,-14.389598,-50.641761,BRIDGE
-14.389551,-48.354285,-14.389351,-48.354286,BRIDGE
-14.389404,-49.604976,-14.389680,-49.605919,BRIDGE
-14.381284,-50.766323,-14.381484,-50.766309,BRIDGE
-14.380821,-48.807417,-14.380606,-48.807349,BRIDGE
-14.377923,-50.951328,-14.378186,-50.951806,BRIDGE
-14.364300,-50.702952,-14.364648,-50.703506,BRIDGE
-14.352313,-48.811138,-14.352585,-48.811294,BRIDGE
-14.350720,-50.468382,-14.350709,-50.468476,BRIDGE
-14.350270,-49.913666,-14.349607,-49.913621,BRIDGE
-14.350009,-48.432671,-14.349804,-48.433003,BRIDGE
-14.346866,-49.764569,-14.347017,-49.764564,BRIDGE
-14.341644,-49.694920,-14.340947,-49.694762,BRIDGE
-14.340419,-47.438229,-14.340218,-47.438302,BRIDGE
-14.339230,-50.766166,-14.338302,-50.769382,BRIDGE
-14.334594,-48.129625,-14.334476,-48.129758,BRIDGE
-14.324001,-49.427643,-14.324072,-49.427685,BRIDGE
-14.323139,-48.610337,-14.323179,-48.609897,BRIDGE
-14.316808,-49.428245,-14.316878,-49.428201,BRIDGE
-14.312057,-49.401138,-14.312011,-49.400894,BRIDGE
-14.310388,-49.448683,-14.310330,-49.448623,BRIDGE
-14.306341,-49.424902,-14.306313,-49.424981,BRIDGE
-14.305809,-46.634350,-14.305474,-46.634486,BRIDGE
-14.305491,-46.933424,-14.305057,-46.932698,BRIDGE
-14.305370,-46.181362,-14.302969,-46.180177,BRIDGE
-14.303750,-49.875264,-14.303707,-49.874882,BRIDGE
-14.301998,-49.418397,-14.302385,-49.418498,BRIDGE
-14.298889,-47.626618,-14.298753,-47.626749,BRIDGE
-14.296880,-48.148657,-14.296422,-48.148601,BRIDGE
-14.290186,-49.275313,-14.290178,-49.275948,BRIDGE
-14.289639,-49.129918,-14.289626,-49.129831,BRIDGE
-14.287510,-49.349504,-14.287523,-49.349892,BRIDGE
-14.285098,-49.426706,-14.285038,-49.426672,BRIDGE
-14.283850,-49.483714,-14.283795,-49.483777,BRIDGE
-14.283010,-49.251325,-14.283330,-49.251508,BRIDGE
-14.280269,-46.163509,-14.280193,-46.163288,BRIDGE
-14.280260,-48.974900,-14.280403,-48.974835,BRIDGE
-14.278181,-48.331963,-14.277856,-48.331956,BRIDGE
-14.274138,-49.324030,-14.274041,-49.324061,BRIDGE
-14.272693,-49.363774,-14.272719,-49.363866,BRIDGE
-14.270255,-46.157338,-14.270142,-46.157348,BRIDGE
-14.264691,-49.468271,-14.264685,-49.468351,BRIDGE
-14.263716,-49.327097,-14.263671,-49.327028,BRIDGE
-14.263690,-47.502982,-14.263463,-47.502826,BRIDGE
-14.261171,-49.925494,-14.261375,-49.925439,BRIDGE
-14.260788,-47.394639,-14.260927,-47.394571,BRIDGE
-14.260463,-49.232688,-14.260428,-49.232567,BRIDGE
-14.259401,-49.329278,-14.258678,-49.329494,BRIDGE
-14.258736,-49.319122,-14.258672,-49.319060,BRIDGE
-14.257233,-48.334632,-14.256843,-48.334777,BRIDGE
-14.257131,-49.318163,-14.257056,-49.318119,BRIDGE
-14.257093,-49.391415,-14.257483,-49.391362,BRIDGE
-14.248692,-46.191727,-14.248572,-46.191507,BRIDGE
-14.245968,-49.770958,-14.246295,-49.771119,BRIDGE
-14.244647,-50.084851,-14.244703,-50.084968,BRIDGE
-14.244211,-49.360792,-14.244314,-49.360761,BRIDGE
-14.237747,-47.885423,-14.237622,-47.885560,BRIDGE
-14.226342,-46.541517,-14.226173,-46.541743,BRIDGE
-14.224420,-49.291819,-14.224278,-49.291909,BRIDGE
-14.218359,-47.924691,-14.218614,-47.924560,BRIDGE
-14.216252,-48.458636,-14.216202,-48.458616,BRIDGE
-14.213507,-49.446000,-14.213495,-49.446085,BRIDGE
-14.194666,-49.328219,-14.194702,-49.328185,BRIDGE
-14.191465,-48.087254,-14.190200,-48.086533,BRIDGE
-14.191278,-49.662686,-14.191140,-49.662776,BRIDGE
-14.189971,-49.127482,-14.190408,-49.127549,BRIDGE
-14.188980,-49.415843,-14.188968,-49.415760,BRIDGE
-14.187195,-48.324952,-14.186945,-48.322785,BRIDGE
-14.186950,-48.336235,-14.186398,-48.336214,BRIDGE
-14.185118,-50.378263,-14.184040,-50.377554,BRIDGE
-14.184723,-49.434673,-14.184751,-49.434594,BRIDGE
-14.184338,-49.435943,-14.184362,-49.435861,BRIDGE
-14.182265,-47.643963,-14.182327,-47.643909,BRIDGE
-14.181460,-48.479625,-14.181297,-48.479369,BRIDGE
-14.180665,-50.320623,-14.180191,-50.320980,BRIDGE
-14.180614,-48.355080,-14.180748,-48.355043,BRIDGE
-14.180497,-49.332716,-14.180519,-49.332799,BRIDGE
-14.179690,-47.672283,-14.179608,-47.672298,BRIDGE
-14.179627,-49.551411,-14.179409,-49.551638,BRIDGE
-14.176977,-49.327296,-14.177017,-49.327370,BRIDGE
-14.174028,-49.332936,-14.174082,-49.332858,BRIDGE
-14.168654,-47.633074,-14.168682,-47.633181,BRIDGE
-14.167337,-47.616724,-14.167334,-47.616819,BRIDGE
-14.163555,-49.536573,-14.163792,-49.536773,BRIDGE
-14.163037,-49.332685,-14.162988,-49.332599,BRIDGE
-14.162162,-47.631945,-14.162455,-47.631715,BRIDGE
-14.161801,-49.126888,-14.161808,-49.127002,BRIDGE
-14.161754,-47.630997,-14.161814,-47.630959,BRIDGE
-14.160525,-49.478640,-14.160853,-49.478122,BRIDGE
-14.160027,-49.368651,-14.160027,-49.368710,BRIDGE
-14.159809,-48.341362,-14.159744,-48.341488,TUNNEL
-14.159788,-48.341526,-14.159861,-48.341392,TUNNEL
-14.159744,-48.341488,-14.159675,-48.341623,TUNNEL
-14.159720,-48.341650,-14.159788,-48.341526,TUNNEL
-14.158143,-49.378599,-14.158115,-49.378679,BRIDGE
-14.157542,-47.593911,-14.157550,-47.593601,BRIDGE
-14.156354,-49.329765,-14.156249,-49.329668,BRIDGE
-14.153922,-49.439999,-14.153898,-49.440080,BRIDGE
-14.152697,-49.321870,-14.152748,-49.321829,BRIDGE
-14.150134,-49.385932,-14.150258,-49.385809,BRIDGE
-14.150038,-48.091629,-14.150118,-48.091802,BRIDGE
-14.149556,-49.479393,-14.149535,-49.479312,BRIDGE
-14.148921,-48.083408,-14.148718,-48.083455,BRIDGE
-14.146355,-48.076935,-14.146553,-48.077055,BRIDGE
-14.137476,-47.506170,-14.137531,-47.506083,BRIDGE
-14.134284,-47.504011,-14.134179,-47.503944,BRIDGE
-14.129770,-47.640048,-14.129732,-47.640175,BRIDGE
-14.123607,-47.913707,-14.123602,-47.912966,BRIDGE
-14.122342,-48.906884,-14.122379,-48.906723,BRIDGE
-14.118778,-49.361671,-14.119052,-49.361298,BRIDGE
-14.115939,-47.499724,-14.115824,-47.499499,BRIDGE
-14.114251,-46.309093,-14.114105,-46.309024,BRIDGE
-14.110771,-49.406640,-14.110698,-49.406677,BRIDGE
-14.109285,-49.444055,-14.109204,-49.444058,BRIDGE
-14.107992,-49.197433,-14.107994,-49.198009,BRIDGE
-14.103546,-47.490178,-14.103690,-47.490122,BRIDGE
-14.092958,-48.976852,-14.093015,-48.977046,BRIDGE
-14.091473,-49.008925,-14.091238,-49.008785,BRIDGE
-14.088878,-50.061590,-14.088791,-50.061363,BRIDGE
-14.088010,-47.126502,-14.087600,-47.126175,BRIDGE
-14.080334,-47.473414,-14.080426,-47.473332,BRIDGE
-14.076900,-48.901134,-14.076880,-48.901004,BRIDGE
-14.073438,-47.468948,-14.073425,-47.469079,BRIDGE
-14.067057,-47.464979,-14.067278,-47.464885,BRIDGE
-14.057592,-49.606608,-14.057640,-49.606705,BRIDGE
-14.057036,-48.031465,-14.057135,-48.031729,BRIDGE
-14.053061,-49.649723,-14.052939,-49.649924,BRIDGE
-14.048013,-46.840678,-14.046985,-46.842109,BRIDGE
-14.045684,-49.555153,-14.045903,-49.554788,BRIDGE
-14.044950,-49.189095,-14.045113,-49.189311,BRIDGE
-14.031365,-48.823866,-14.031319,-48.823614,BRIDGE
-14.017781,-46.506981,-14.017774,-46.507228,BRIDGE
-14.017447,-46.505530,-14.017574,-46.505632,BRIDGE
-14.012100,-46.506404,-14.011465,-46.506468,BRIDGE
-14.011266,-46.504883,-14.011526,-46.504846,BRIDGE
-14.008296,-47.862539,-14.008082,-47.862496,BRIDGE
-14.005564,-49.665315,-14.005698,-49.664739,BRIDGE
-14.004794,-47.840682,-14.004753,-47.840628,BRIDGE
-14.000871,-48.730438,-14.000663,-48.730151,BRIDGE
-13.991556,-47.006769,-13.991448,-47.006638,BRIDGE
-13.990521,-49.804600,-13.989924,-49.804629,BRIDGE
-13.988900,-47.928845,-13.989219,-47.929519,BRIDGE
-13.988532,-49.196642,-13.988472,-49.196750,BRIDGE
-13.982965,-49.707812,-13.983564,-49.707163,BRIDGE
-13.978525,-46.980182,-13.978395,-46.980342,BRIDGE
-13.976007,-49.158328,-13.975823,-49.158196,BRIDGE
-13.967618,-50.056889,-13.967548,-50.056790,BRIDGE
-13.967317,-50.056432,-13.967236,-50.056310,BRIDGE
-13.967158,-48.029857,-13.967093,-48.029576,BRIDGE
-13.962324,-46.985007,-13.962068,-46.984914,BRIDGE
-13.952619,-50.349467,-13.952633,-50.349615,BRIDGE
-13.952609,-48.625591,-13.952684,-48.625627,BRIDGE
-13.947557,-49.590819,-13.947371,-49.591326,BRIDGE
-13.945767,-50.374173,-13.945933,-50.374146,BRIDGE
-13.940908,-47.707057,-13.941279,-47.707288,BRIDGE
-13.940258,-46.476960,-13.940411,-46.477068,BRIDGE
-13.936110,-46.481800,-13.936272,-46.481609,BRIDGE
-13.932453,-46.637473,-13.932180,-46.636968,BRIDGE
-13.928123,-46.644036,-13.928409,-46.643768,BRIDGE
-13.913632,-50.529412,-13.912901,-50.530909,BRIDGE
-13.912273,-50.744408,-13.912188,-50.744337,BRIDGE
-13.910314,-49.780468,-13.910939,-49.780218,BRIDGE
-13.910314,-48.604969,-13.910479,-48.604973,BRIDGE
-13.904983,-48.076397,-13.905067,-48.076290,BRIDGE
-13.904731,-48.076042,-13.904859,-48.075896,BRIDGE
-13.889867,-49.023752,-13.889813,-49.024040,BRIDGE
-13.885986,-47.634434,-13.886137,-47.634525,BRIDGE
-13.884956,-48.606441,-13.885044,-48.606385,BRIDGE
-13.883470,-48.197075,-13.883298,-48.196807,BRIDGE
-13.882605,-47.711348,-13.882855,-47.711793,BRIDGE
-13.878919,-50.257177,-13.878912,-50.256991,BRIDGE
-13.874185,-47.253900,-13.873988,-47.253950,BRIDGE
-13.872654,-50.768477,-13.872797,-50.768431,BRIDGE
-13.863360,-47.268654,-13.863529,-47.268317,BRIDGE
-13.861005,-47.569934,-13.860928,-47.569902,BRIDGE
-13.856053,-47.600387,-13.855820,-47.600246,BRIDGE
-13.855965,-46.457194,-13.855847,-46.457173,BRIDGE
-13.854590,-48.652279,-13.854536,-48.652192,BRIDGE
-13.852268,-47.318655,-13.851836,-47.318152,BRIDGE
-13.849299,-47.842753,-13.849440,-47.842570,BRIDGE
-13.841583,-48.295859,-13.841319,-48.296749,BRIDGE
-13.841463,-49.412472,-13.841299,-49.412397,BRIDGE
-13.838194,-47.681238,-13.838304,-47.681356,BRIDGE
-13.838168,-46.321053,-13.838215,-46.321137,BRIDGE
-13.827058,-47.588144,-13.827021,-47.588455,BRIDGE
-13.825278,-49.157523,-13.825177,-49.157066,BRIDGE
-13.821843,-47.446906,-13.820878,-47.447171,BRIDGE
-13.811475,-47.434072,-13.811163,-47.434303,BRIDGE
-13.811336,-48.525312,-13.811415,-48.525339,BRIDGE
-13.810114,-47.455483,-13.810198,-47.455436,BRIDGE
-13.809672,-46.649592,-13.809198,-46.649571,BRIDGE
-13.801499,-49.772891,-13.801577,-49.773033,BRIDGE
-13.799904,-47.459689,-13.800019,-47.459648,BRIDGE
-13.795302,-46.324689,-13.795211,-46.324547,BRIDGE
-13.791646,-49.722929,-13.791836,-49.722851,BRIDGE
-13.789218,-50.295073,-13.789272,-50.295118,BRIDGE
-13.782968,-47.259752,-13.783042,-47.259627,BRIDGE
-13.780048,-49.203399,-13.780280,-49.203048,BRIDGE
-13.778933,-47.624564,-13.778748,-47.624849,BRIDGE
-13.778587,-47.421929,-13.779215,-47.423086,BRIDGE
-13.774582,-50.265624,-13.774557,-50.266510,BRIDGE
-13.773446,-47.677343,-13.773288,-47.677295,BRIDGE
-13.769727,-49.714533,-13.769966,-49.714827,BRIDGE
-13.766922,-50.495383,-13.766831,-50.495329,BRIDGE
-13.760513,-47.244728,-13.760873,-47.245013,BRIDGE
-13.759271,-48.145516,-13.763658,-48.144557,BRIDGE
-13.752647,-49.737717,-13.752143,-49.737130,BRIDGE
-13.751162,-49.540277,-13.751182,-49.539794,BRIDGE
-13.744813,-49.868059,-13.744784,-49.868150,BRIDGE
-13.742746,-47.670700,-13.742538,-47.670770,BRIDGE
-13.741960,-49.747596,-13.741910,-49.747424,BRIDGE
-13.740886,-47.669732,-13.740745,-47.669554,BRIDGE
-13.739751,-47.228741,-13.739619,-47.228737,BRIDGE
-13.733948,-47.638829,-13.733792,-47.639150,BRIDGE
-13.732471,-48.990178,-13.732485,-48.989984,BRIDGE
-13.720624,-48.710231,-13.720646,-48.709834,BRIDGE
-13.717993,-49.872631,-13.718074,-49.872631,BRIDGE
-13.710947,-49.355215,-13.710804,-49.355181,BRIDGE
-13.706755,-48.557388,-13.706841,-48.557500,BRIDGE
-13.706660,-47.236571,-13.707164,-47.236557,BRIDGE
-13.704080,-49.890743,-13.704000,-49.890729,BRIDGE
-13.703569,-48.674756,-13.703271,-48.674626,BRIDGE
-13.693804,-49.931181,-13.694099,-49.930846,BRIDGE
-13.693544,-46.573827,-13.693479,-46.573738,BRIDGE
-13.691713,-49.863877,-13.691922,-49.863683,BRIDGE
-13.691593,-49.239947,-13.691589,-49.239986,BRIDGE
-13.684525,-46.563908,-13.684331,-46.563724,BRIDGE
-13.683033,-49.481778,-13.683098,-49.481896,BRIDGE
-13.682138,-46.561620,-13.681978,-46.561484,BRIDGE
-13.681688,-46.565923,-13.681992,-46.566144,BRIDGE
-13.678467,-47.423789,-13.678701,-47.423762,BRIDGE
-13.678290,-47.472906,-13.678177,-47.472915,BRIDGE
-13.666056,-48.156126,-13.666574,-48.155024,BRIDGE
-13.663862,-48.930174,-13.663970,-48.929450,BRIDGE
-13.660798,-49.838713,-13.660857,-49.838729,BRIDGE
-13.660645,-49.838624,-13.660798,-49.838713,BRIDGE
-13.658731,-48.882500,-13.658553,-48.882517,BRIDGE
-13.656925,-48.890812,-13.656769,-48.890460,BRIDGE
-13.644625,-47.824781,-13.644628,-47.824984,BRIDGE
-13.639038,-47.217840,-13.639305,-47.218038,BRIDGE
-13.636821,-49.575406,-13.636835,-49.575552,BRIDGE
-13.622186,-46.609374,-13.622108,-46.609348,BRIDGE
-13.618612,-47.205697,-13.618863,-47.205871,BRIDGE
-13.614699,-47.222929,-13.614473,-47.222679,BRIDGE
-13.614557,-47.066666,-13.614282,-47.067000,BRIDGE
-13.606340,-46.636710,-13.606444,-46.636916,BRIDGE
-13.602994,-46.511882,-13.602892,-46.511831,BRIDGE
-13.600970,-47.191210,-13.601183,-47.191458,BRIDGE
-13.599482,-47.013256,-13.599349,-47.013289,BRIDGE
-13.597781,-48.324091,-13.597734,-48.323695,BRIDGE
-13.592616,-48.811231,-13.592334,-48.810928,BRIDGE
-13.583484,-47.626406,-13.583584,-47.626493,BRIDGE
-13.582939,-49.201703,-13.583453,-49.201819,BRIDGE
-13.578250,-48.435325,-13.578724,-48.435207,BRIDGE
-13.574438,-47.184420,-13.574780,-47.184435,BRIDGE
-13.566929,-48.072263,-13.566952,-48.072458,BRIDGE
-13.562109,-48.748097,-13.562008,-48.747988,BRIDGE
-13.558518,-48.426251,-13.558536,-48.426670,BRIDGE
-13.557986,-47.181301,-13.558253,-47.181366,BRIDGE
-13.552962,-49.086174,-13.553119,-49.085253,BRIDGE
-13.552344,-50.309472,-13.550212,-50.309050,BRIDGE
-13.551920,-49.092536,-13.551994,-49.092080,BRIDGE
-13.551887,-46.469719,-13.551517,-46.469409,BRIDGE
-13.551186,-48.563431,-13.551248,-48.563760,BRIDGE
-13.551183,-48.237987,-13.551213,-48.238307,BRIDGE
-13.550699,-46.465455,-13.550765,-46.465351,BRIDGE
-13.550434,-48.234530,-13.550515,-48.234897,BRIDGE
-13.549926,-49.752209,-13.550410,-49.752580,BRIDGE
-13.548467,-50.183579,-13.548300,-50.183172,BRIDGE
-13.545416,-48.225987,-13.545527,-48.225863,BRIDGE
-13.544518,-48.256955,-13.544379,-48.256751,BRIDGE
-13.542580,-48.549764,-13.542647,-48.549988,BRIDGE
-13.540270,-48.608113,-13.540119,-48.608322,BRIDGE
-13.539960,-48.765010,-13.539748,-48.764626,BRIDGE
-13.538725,-50.249939,-13.538808,-50.249910,BRIDGE
-13.534635,-48.211180,-13.534820,-48.211041,BRIDGE
-13.527616,-50.387882,-13.527567,-50.387821,BRIDGE
-13.525320,-48.198381,-13.525247,-48.198059,BRIDGE
-13.524338,-50.459120,-13.524247,-50.459130,BRIDGE
-13.521598,-50.314721,-13.521503,-50.314910,BRIDGE
-13.521464,-48.731664,-13.521652,-48.731780,BRIDGE
-13.515390,-50.279077,-13.515376,-50.278998,BRIDGE
-13.513952,-50.102509,-13.512425,-50.102924,BRIDGE
-13.513936,-50.191570,-13.513950,-50.191682,BRIDGE
-13.512139,-50.258612,-13.512109,-50.258487,BRIDGE
-13.509870,-48.738172,-13.510099,-48.737904,BRIDGE
-13.507787,-48.361964,-13.507455,-48.362307,BRIDGE
-13.506478,-48.690805,-13.506676,-48.691045,BRIDGE
-13.504016,-48.735437,-13.504193,-48.735593,BRIDGE
-13.502156,-48.211773,-13.502150,-48.211620,BRIDGE
-13.502071,-48.211603,-13.502070,-48.211790,BRIDGE
-13.498984,-50.303360,-13.498977,-50.303313,BRIDGE
-13.497101,-50.301921,-13.496750,-50.302013,BRIDGE
-13.496732,-48.740473,-13.496086,-48.740105,BRIDGE
-13.495353,-50.422652,-13.495392,-50.422690,BRIDGE
-13.494697,-47.552521,-13.494665,-47.552587,BRIDGE
-13.486598,-47.200012,-13.486712,-47.200339,BRIDGE
-13.484432,-50.204659,-13.484281,-50.204706,BRIDGE
-13.483755,-47.940726,-13.483719,-47.940506,BRIDGE
-13.481832,-50.153049,-13.481850,-50.153141,BRIDGE
-13.478398,-50.212391,-13.478402,-50.212464,BRIDGE
-13.472131,-46.575188,-13.472512,-46.575123,BRIDGE
-13.467001,-46.381025,-13.466866,-46.381003,BRIDGE
-13.466584,-49.965714,-13.466532,-49.965663,BRIDGE
-13.461970,-50.045980,-13.462007,-50.045961,BRIDGE
-13.460243,-50.419950,-13.460260,-50.420006,BRIDGE
-13.459698,-50.131631,-13.459698,-50.131678,BRIDGE
-13.459577,-49.932176,-13.459659,-49.932130,BRIDGE
-13.458670,-50.424522,-13.458606,-50.424503,BRIDGE
-13.447252,-50.014489,-13.447242,-50.014447,BRIDGE
-13.445490,-50.237646,-13.445506,-50.237692,BRIDGE
-13.444722,-46.327066,-13.444576,-46.327160,BRIDGE
-13.443838,-48.711847,-13.443223,-48.711788,BRIDGE
-13.443215,-50.468889,-13.443200,-50.468838,BRIDGE
-13.442931,-49.155954,-13.442867,-49.155965,BRIDGE
-13.438941,-49.161223,-13.438950,-49.161406,BRIDGE
-13.437303,-50.161283,-13.437370,-50.161395,BRIDGE
-13.435223,-50.489428,-13.435245,-50.489231,BRIDGE
-13.431285,-48.208480,-13.431087,-48.208424,BRIDGE
-13.430547,-50.135853,-13.430583,-50.135975,BRIDGE
-13.426793,-48.046332,-13.427048,-48.046196,BRIDGE
-13.425936,-50.011409,-13.426002,-50.011348,BRIDGE
-13.423172,-47.138707,-13.423954,-47.140847,BRIDGE
-13.421832,-49.114560,-13.421574,-49.114371,BRIDGE
-13.416986,-49.162221,-13.416864,-49.161844,BRIDGE
-13.415608,-50.442573,-13.415528,-50.442619,BRIDGE
-13.413225,-50.251748,-13.413266,-50.251735,BRIDGE
-13.412969,-49.883176,-13.413180,-49.883045,BRIDGE
-13.409579,-50.026688,-13.409515,-50.026693,BRIDGE
-13.407962,-50.562696,-13.407980,-50.562671,BRIDGE
-13.407778,-48.701384,-13.407487,-48.701206,BRIDGE
-13.407759,-48.990124,-13.407934,-48.989809,BRIDGE
-13.406754,-50.253796,-13.406812,-50.253790,BRIDGE
-13.404041,-50.108682,-13.403947,-50.108637,BRIDGE
-13.403635,-48.998228,-13.404214,-48.997042,BRIDGE
-13.400674,-46.321617,-13.399041,-46.321180,BRIDGE
-13.399183,-46.481699,-13.399220,-46.481640,BRIDGE
-13.398454,-50.039816,-13.398569,-50.039916,BRIDGE
-13.397155,-46.325948,-13.397509,-46.324936,BRIDGE
-13.396858,-48.148017,-13.396543,-48.145712,BRIDGE
-13.393581,-49.803050,-13.393580,-49.802938,BRIDGE
-13.392183,-48.470544,-13.392025,-48.470570,BRIDGE
-13.391241,-50.454620,-13.391198,-50.454573,BRIDGE
-13.388451,-46.381914,-13.388406,-46.382199,BRIDGE
-13.387757,-46.287838,-13.386744,-46.288115,BRIDGE
-13.387097,-50.451465,-13.387040,-50.451419,BRIDGE
-13.381982,-48.906150,-13.381376,-48.905225,BRIDGE
-13.381199,-50.344334,-13.381225,-50.344339,BRIDGE
-13.380430,-48.695802,-13.379884,-48.695781,BRIDGE
-13.380324,-49.609445,-13.380585,-49.609626,BRIDGE
-13.379790,-49.290450,-13.379959,-49.290255,BRIDGE
-13.376698,-49.938327,-13.376760,-49.938312,BRIDGE
-13.372915,-50.426826,-13.372924,-50.426744,BRIDGE
-13.366848,-48.870843,-13.366787,-48.870752,BRIDGE
-13.366704,-48.405389,-13.366938,-48.405056,BRIDGE
-13.366269,-50.125825,-13.366308,-50.125688,BRIDGE
-13.363406,-48.319653,-13.363332,-48.319882,BRIDGE
-13.361992,-48.391173,-13.362004,-48.391382,BRIDGE
-13.358667,-49.325514,-13.358690,-49.325035,BRIDGE
-13.353920,-49.330243,-13.353813,-49.330216,BRIDGE
-13.353496,-47.045338,-13.353710,-47.045640,BRIDGE
-13.352749,-50.321524,-13.352819,-50.321480,BRIDGE
-13.352304,-49.857960,-13.352263,-49.857736,BRIDGE
-13.348071,-50.298718,-13.348149,-50.298777,BRIDGE
-13.345332,-48.898110,-13.345208,-48.898110,BRIDGE
-13.345147,-46.787219,-13.345185,-46.787135,BRIDGE
-13.341208,-50.254979,-13.341151,-50.254925,BRIDGE
-13.341204,-48.686660,-13.340835,-48.686687,BRIDGE
-13.339841,-48.306602,-13.340006,-48.306543,BRIDGE
-13.338765,-50.434209,-13.338798,-50.434231,BRIDGE
-13.336370,-50.250942,-13.336316,-50.250967,BRIDGE
-13.335700,-49.099112,-13.335427,-49.099160,BRIDGE
-13.333696,-49.120435,-13.333777,-49.120446,BRIDGE
-13.328973,-47.245771,-13.328699,-47.245858,BRIDGE
-13.327849,-47.016289,-13.327924,-47.016660,BRIDGE
-13.327165,-50.581090,-13.327194,-50.581127,BRIDGE
-13.326115,-50.269230,-13.326088,-50.269260,BRIDGE
-13.324772,-50.045507,-13.324851,-50.045599,BRIDGE
-13.324390,-50.256953,-13.324347,-50.256977,BRIDGE
-13.323222,-46.121147,-13.323005,-46.120868,BRIDGE
-13.322836,-50.491617,-13.322884,-50.491660,BRIDGE
-13.322087,-50.385111,-13.322129,-50.385140,BRIDGE
-13.321625,-50.415488,-13.321647,-50.415536,BRIDGE
-13.320778,-50.043881,-13.320828,-50.043786,BRIDGE
-13.319284,-50.109391,-13.319358,-50.109374,BRIDGE
-13.318010,-46.898543,-13.317841,-46.898634,BRIDGE
-13.311683,-50.039958,-13.311826,-50.040065,BRIDGE
-13.310671,-50.281877,-13.310652,-50.281878,BRIDGE
-13.310347,-50.560409,-13.310377,-50.560446,BRIDGE
-13.309718,-46.719898,-13.309739,-46.719979,BRIDGE
-13.309498,-50.280679,-13.309487,-50.280712,BRIDGE
-13.309032,-49.848429,-13.309071,-49.848458,BRIDGE
-13.306380,-46.703861,-13.306439,-46.704470,BRIDGE
-13.305823,-50.480299,-13.306000,-50.480187,BRIDGE
-13.305037,-46.381841,-13.304795,-46.382015,BRIDGE
-13.304989,-49.698372,-13.305064,-49.698214,BRIDGE
-13.304918,-50.410025,-13.304869,-50.410023,BRIDGE
-13.304192,-49.832820,-13.304229,-49.832730,BRIDGE
-13.301852,-49.909998,-13.301814,-49.910014,BRIDGE
-13.301656,-49.842294,-13.301606,-49.842252,BRIDGE
-13.298068,-50.377580,-13.298106,-50.377639,BRIDGE
-13.297503,-46.391518,-13.297393,-46.391931,BRIDGE
-13.293172,-50.338132,-13.293173,-50.338180,BRIDGE
-13.292640,-50.554565,-13.292687,-50.554680,BRIDGE
-13.292456,-48.096865,-13.292753,-48.096731,BRIDGE
-13.291712,-50.121568,-13.291740,-50.121607,BRIDGE
-13.291546,-49.871513,-13.291466,-49.871468,BRIDGE
-13.290887,-46.591596,-13.290939,-46.592004,BRIDGE
-13.288699,-49.141561,-13.288753,-49.141451,BRIDGE
-13.288424,-50.208518,-13.288398,-50.208544,BRIDGE
-13.287999,-50.037067,-13.288038,-50.037065,BRIDGE
-13.287522,-46.716121,-13.287593,-46.716080,BRIDGE
-13.286466,-50.359738,-13.286383,-50.359585,BRIDGE
-13.285528,-49.211852,-13.285572,-49.212118,BRIDGE
-13.285041,-50.183700,-13.284855,-50.183443,BRIDGE
-13.284797,-50.183543,-13.284977,-50.183799,BRIDGE
-13.284492,-48.475318,-13.284262,-48.475404,BRIDGE
-13.284140,-49.868680,-13.284069,-49.868637,BRIDGE
-13.282938,-48.480027,-13.283002,-48.480196,BRIDGE
-13.282820,-50.349479,-13.282839,-50.349425,BRIDGE
-13.282668,-48.464827,-13.282526,-48.464545,BRIDGE
-13.279238,-49.983308,-13.279620,-49.982775,BRIDGE
-13.278102,-50.065889,-13.278169,-50.065884,BRIDGE
-13.275771,-49.525544,-13.276273,-49.525704,BRIDGE
-13.270960,-49.870424,-13.271038,-49.870355,BRIDGE
-13.269327,-50.168123,-13.269413,-50.167997,BRIDGE
-13.268961,-49.823412,-13.268766,-49.823037,BRIDGE
-13.268698,-50.366926,-13.268640,-50.366915,BRIDGE
-13.268651,-50.163786,-13.268529,-50.163846,BRIDGE
-13.267301,-48.521252,-13.267651,-48.521193,BRIDGE
-13.265380,-48.519071,-13.265494,-48.519250,BRIDGE
-13.265220,-46.954687,-13.265421,-46.954887,BRIDGE
-13.265065,-50.215523,-13.265093,-50.215446,BRIDGE
-13.264342,-48.515725,-13.264523,-48.515925,BRIDGE
-13.261871,-50.503000,-13.261837,-50.502982,BRIDGE
-13.259814,-49.135355,-13.259893,-49.135328,BRIDGE
-13.259713,-50.231317,-13.259738,-50.231241,BRIDGE
-13.257674,-46.382223,-13.257544,-46.382120,BRIDGE
-13.255657,-50.215601,-13.255720,-50.215632,BRIDGE
-13.255427,-50.243176,-13.255474,-50.243115,BRIDGE
-13.252301,-49.683854,-13.252325,-49.683660,BRIDGE
-13.252083,-49.964813,-13.252145,-49.964781,BRIDGE
-13.251803,-46.861158,-13.251864,-46.861476,BRIDGE
-13.249933,-49.966814,-13.249982,-49.966689,BRIDGE
-13.249624,-49.475372,-13.249740,-49.475027,BRIDGE
-13.249449,-46.748003,-13.249392,-46.747636,BRIDGE
-13.245381,-50.000735,-13.245342,-50.000678,BRIDGE
-13.243987,-50.040765,-13.243901,-50.040753,BRIDGE
-13.242479,-46.838083,-13.242284,-46.838442,BRIDGE
-13.240711,-50.202826,-13.240629,-50.202937,BRIDGE
-13.240543,-50.064206,-13.240469,-50.064185,BRIDGE
-13.240524,-50.043025,-13.240502,-50.042950,BRIDGE
-13.236900,-50.271582,-13.236852,-50.271563,BRIDGE
-13.236783,-50.270019,-13.236809,-50.269980,BRIDGE
-13.236591,-50.334204,-13.236591,-50.334174,BRIDGE
-13.234306,-50.157510,-13.234232,-50.157458,BRIDGE
-13.233784,-48.201893,-13.234003,-48.201496,BRIDGE
-13.232290,-50.301325,-13.232354,-50.301330,BRIDGE
-13.228617,-50.264346,-13.228573,-50.264346,BRIDGE
-13.227559,-49.476992,-13.227419,-49.476864,BRIDGE
-13.225927,-49.818866,-13.225959,-49.819037,BRIDGE
-13.223414,-50.016840,-13.223478,-50.016912,BRIDGE
-13.223361,-50.062351,-13.223292,-50.062347,BRIDGE
-13.220431,-46.628824,-13.220534,-46.628831,BRIDGE
-13.211006,-50.594064,-13.205483,-50.586412,BRIDGE
-13.209126,-50.138049,-13.209201,-50.138064,BRIDGE
-13.207253,-50.189794,-13.207128,-50.189848,BRIDGE
-13.206939,-49.134247,-13.206897,-49.134502,BRIDGE
-13.206560,-50.037399,-13.206604,-50.037464,BRIDGE
-13.205539,-50.159637,-13.205552,-50.159581,BRIDGE
-13.203434,-50.177828,-13.203416,-50.177852,BRIDGE
-13.203297,-49.156243,-13.203933,-49.155870,BRIDGE
-13.200516,-50.160728,-13.200659,-50.160744,BRIDGE
-13.200121,-49.963331,-13.200060,-49.963397,BRIDGE
-13.200070,-50.248392,-13.200018,-50.248439,BRIDGE
-13.198282,-50.452965,-13.198262,-50.452913,BRIDGE
-13.196241,-46.649310,-13.196234,-46.649202,BRIDGE
-13.195643,-50.117166,-13.195631,-50.117125,BRIDGE
-13.193857,-49.952866,-13.193934,-49.952877,BRIDGE
-13.189178,-50.420355,-13.189224,-50.420392,BRIDGE
-13.188168,-50.153769,-13.188190,-50.153688,BRIDGE
-13.186665,-50.117582,-13.186643,-50.117608,BRIDGE
-13.185946,-49.975141,-13.185873,-49.975114,BRIDGE
-13.184123,-49.944102,-13.183953,-49.943959,BRIDGE
-13.182566,-50.169171,-13.182553,-50.169221,BRIDGE
-13.180413,-49.899431,-13.180469,-49.899473,BRIDGE
-13.179623,-50.166671,-13.179587,-50.166686,BRIDGE
-13.177599,-50.177431,-13.177584,-50.177480,BRIDGE
-13.171326,-49.149977,-13.171307,-49.149755,BRIDGE
-13.165534,-49.887314,-13.165552,-49.887164,BRIDGE
-13.159453,-50.068629,-13.159503,-50.068647,BRIDGE
-13.156825,-49.969425,-13.156721,-49.969332,BRIDGE
-13.153970,-50.409623,-13.154145,-50.409589,BRIDGE
-13.148262,-50.217881,-13.148268,-50.217832,BRIDGE
-13.146013,-50.273897,-13.145951,-50.273908,BRIDGE
-13.142167,-50.234987,-13.142191,-50.234975,BRIDGE
-13.140871,-50.179521,-13.140856,-50.179433,BRIDGE
-13.135129,-46.403103,-13.135050,-46.403103,BRIDGE
-13.132259,-50.239644,-13.132284,-50.239681,BRIDGE
-13.128875,-50.099241,-13.128979,-50.099209,BRIDGE
-13.122268,-50.191010,-13.122160,-50.190980,BRIDGE
-13.122031,-49.184637,-13.121708,-49.184493,BRIDGE
-13.119873,-48.607704,-13.119269,-48.607730,BRIDGE
-13.119089,-50.189604,-13.119038,-50.189581,BRIDGE
-13.113360,-50.264294,-13.113402,-50.264279,BRIDGE
-13.112793,-49.902404,-13.112773,-49.902320,BRIDGE
-13.109576,-50.102065,-13.109836,-50.102132,BRIDGE
-13.108140,-50.270249,-13.108016,-50.270168,BRIDGE
-13.100595,-46.750626,-13.101064,-46.750574,BRIDGE
-13.094887,-48.824991,-13.094951,-48.824922,BRIDGE
-13.089178,-50.049013,-13.089260,-50.049031,BRIDGE
-13.088635,-48.594750,-13.088149,-48.594447,BRIDGE
-13.085946,-50.206047,-13.086005,-50.206050,BRIDGE
-13.079824,-50.101039,-13.079878,-50.101092,BRIDGE
-13.078599,-49.991482,-13.078603,-49.991335,BRIDGE
-13.073376,-49.994471,-13.073346,-49.994546,BRIDGE
-13.069009,-50.182752,-13.068953,-50.182774,BRIDGE
-13.068601,-49.894976,-13.068640,-49.894908,BRIDGE
-13.068596,-50.352826,-13.068705,-50.352972,BRIDGE
-13.064531,-50.034635,-13.064539,-50.034734,BRIDGE
-13.063304,-46.749586,-13.063828,-46.749393,BRIDGE
-13.061912,-49.994759,-13.061911,-49.994837,BRIDGE
-13.060831,-46.617334,-13.060680,-46.617464,BRIDGE
-13.052904,-50.106323,-13.052899,-50.106228,BRIDGE
-13.048729,-49.983275,-13.048761,-49.983268,BRIDGE
-13.044873,-50.373521,-13.044951,-50.373489,BRIDGE
-13.044693,-50.445983,-13.044111,-50.444979,BRIDGE
-13.044568,-50.446080,-13.043974,-50.445075,BRIDGE
-13.040985,-50.247173,-13.040930,-50.247212,BRIDGE
-13.034987,-50.398563,-13.034869,-50.398610,BRIDGE
-13.032285,-50.110822,-13.032272,-50.110750,BRIDGE
-13.028780,-50.255223,-13.028754,-50.255301,BRIDGE
-13.027782,-49.913162,-13.027853,-49.913104,BRIDGE
-13.025776,-48.955631,-13.025703,-48.955572,BRIDGE
-13.024492,-50.055873,-13.024468,-50.055828,BRIDGE
-13.020663,-50.489555,-13.020467,-50.489874,BRIDGE
-13.020393,-50.489352,-13.020186,-50.489688,BRIDGE
-13.020330,-50.489798,-13.020539,-50.489458,BRIDGE
-13.020264,-50.490383,-13.019794,-50.490079,BRIDGE
-13.017962,-46.828896,-13.018071,-46.828606,BRIDGE
-13.017862,-46.829197,-13.017962,-46.828896,BRIDGE
-13.014999,-49.944647,-13.015113,-49.944682,BRIDGE
-13.012732,-49.993796,-13.012774,-49.993787,BRIDGE
-13.011904,-50.043041,-13.011860,-50.042897,BRIDGE
-13.011788,-50.090730,-13.011788,-50.090599,BRIDGE
-13.004871,-50.063819,-13.004900,-50.063838,BRIDGE
-13.003387,-46.357176,-13.003442,-46.357331,BRIDGE
-13.003078,-50.331830,-13.003037,-50.331747,BRIDGE
-13.002909,-50.331901,-13.002873,-50.331829,BRIDGE
-12.996317,-49.999754,-12.996347,-49.999829,BRIDGE
-12.996061,-49.945220,-12.996230,-49.945205,BRIDGE
-12.994229,-50.150997,-12.994257,-50.150960,BRIDGE
-12.989280,-49.966675,-12.989212,-49.966653,BRIDGE
-12.988803,-50.442201,-12.989496,-50.441148,BRIDGE
-12.988704,-49.950931,-12.988680,-49.950978,BRIDGE
-12.979724,-50.480265,-12.979259,-50.480143,BRIDGE
-12.979217,-50.480303,-12.979674,-50.480423,BRIDGE
-12.979183,-50.480466,-12.979631,-50.480584,BRIDGE
-12.978886,-50.138463,-12.978874,-50.138599,BRIDGE
-12.978443,-50.480414,-12.978590,-50.479855,BRIDGE
-12.969190,-49.955763,-12.969345,-49.955800,BRIDGE
-12.964936,-50.499532,-12.965190,-50.499141,BRIDGE
-12.959684,-49.928570,-12.959747,-49.928584,BRIDGE
-12.956808,-49.978338,-12.956926,-49.978372,BRIDGE
-12.940934,-50.121594,-12.940937,-50.121621,BRIDGE
-12.939051,-50.137968,-12.939027,-50.138176,BRIDGE
-12.938975,-50.140358,-12.939025,-50.140694,BRIDGE
-12.935982,-50.023075,-12.936018,-50.023125,BRIDGE
-12.919591,-48.843192,-12.918522,-48.842322,BRIDGE
-12.914075,-50.131988,-12.914082,-50.131922,BRIDGE
-12.911144,-50.153394,-12.911181,-50.153078,BRIDGE
-12.902107,-50.417026,-12.902218,-50.416048,BRIDGE
-12.894829,-50.174162,-12.894935,-50.174408,BRIDGE
-12.893693,-50.452816,-12.893266,-50.453206,BRIDGE
-12.875528,-48.798010,-12.875156,-48.798008,BRIDGE
-12.866569,-50.224868,-12.866923,-50.225285,BRIDGE
-12.840710,-50.371549,-12.840625,-50.371414,BRIDGE
-12.834840,-50.380392,-12.835026,-50.380339,BRIDGE
-12.821286,-50.305315,-12.820915,-50.304998,BRIDGE
-12.808359,-50.484316,-12.808480,-50.484611,BRIDGE
