<?xml version="1.0" encoding="UTF-8"?>
<kml xmlns="http://www.opengis.net/kml/2.2"><Document>
<name>Pardal — radares — GO</name>
<description>Pardal — © colaboradores do OpenStreetMap (ODbL 1.0) e fontes abertas listadas no README</description>
<Folder><name>Radares de velocidade</name>
<Placemark><name>Radar 40 km/h</name><description>Fonte: DER-GO</description><Point><coordinates>-51.725472,-19.100026,0</coordinates></Point></Placemark>
<Placemark><name>Radar 40 km/h</name><description>Fonte: DER-GO</description><Point><coordinates>-51.725382,-19.099712,0</coordinates></Point></Placemark>
<Placemark><name>Radar 40 km/h</name><description>Fonte: DER-GO</description><Point><coordinates>-51.551850,-19.070896,0</coordinates></Point></Placemark>
<Placemark><name>Radar 40 km/h</name><description>Fonte: DER-GO</description><Point><coordinates>-51.534476,-19.070689,0</coordinates></Point></Placemark>
<Placemark><name>Radar 50 km/h</name><description>Fonte: ANTT</description><Point><coordinates>-50.542701,-19.013493,0</coordinates></Point></Placemark>
<Placemark><name>Radar 40 km/h</name><description>Fonte: DER-GO</description><Point><coordinates>-50.672190,-19.010910,0</coordinates></Point></Placemark>
<Placemark><name>Radar 60 km/h</name><description>Fonte: ANTT</description><Point><coordinates>-50.554056,-19.005163,0</coordinates></Point></Placemark>
<Placemark><name>Radar 40 km/h</name><description>Fonte: DER-GO</description><Point><coordinates>-51.925610,-18.964436,0</coordinates></Point></Placemark>
<Placemark><name>Radar 60 km/h</name><description>Fonte: DER-GO</description><Point><coordinates>-50.661340,-18.905075,0</coordinates></Point></Placemark>
<Placemark><name>Radar 80 km/h</name><description>Fonte: ANTT</description><Point><coordinates>-50.725629,-18.895130,0</coordinates></Point></Placemark>
<Placemark><name>Radar 40 km/h</name><description>Fonte: DER-GO</description><Point><coordinates>-51.347627,-18.761294,0</coordinates></Point></Placemark>
<Placemark><name>Radar 80 km/h</name><description>Fonte: ANTT</description><Point><coordinates>-50.932331,-18.757252,0</coordinates></Point></Placemark>
<Placemark><name>Radar 80 km/h</name><description>Fonte: ANTT</description><Point><coordinates>-50.973194,-18.692943,0</coordinates></Point></Placemark>
<Placemark><name>Radar 40 km/h</name><description>Fonte: DER-GO</description><Point><coordinates>-52.622915,-18.669808,0</coordinates></Point></Placemark>
<Placemark><name>Radar 40 km/h</name><description>Fonte: DER-GO</description><Point><coordinates>-52.623172,-18.667381,0</coordinates></Point></Placemark>
<Placemark><name>Radar 40 km/h</name><description>Fonte: DER-GO</description><Point><coordinates>-51.135800,-18.575900,0</coordinates></Point></Placemark>
<Placemark><name>Radar 60 km/h</name><description>Fonte: DER-GO</description><Point><coordinates>-51.126360,-18.556807,0</coordinates></Point></Placemark>
<Placemark><name>Radar 40 km/h</name><description>Fonte: DER-GO</description><Point><coordinates>-51.079273,-18.512167,0</coordinates></Point></Placemark>
<Placemark><name>Radar 40 km/h</name><description>Fonte: DER-GO</description><Point><coordinates>-51.077567,-18.510542,0</coordinates></Point></Placemark>
<Placemark><name>Radar 60 km/h</name><description>Fonte: DER-GO</description><Point><coordinates>-49.465884,-18.485527,0</coordinates></Point></Placemark>
<Placemark><name>Radar 60 km/h</name><description>Fonte: DER-GO</description><Point><coordinates>-50.427296,-18.474584,0</coordinates></Point></Placemark>
<Placemark><name>Radar 40 km/h</name><description>Fonte: DER-GO</description><Point><coordinates>-50.451540,-18.465280,0</coordinates></Point></Placemark>
<Placemark><name>Radar 60 km/h</name><description>Fonte: DER-GO</description><Point><coordinates>-50.422960,-18.459080,0</coordinates></Point></Placemark>
<Placemark><name>Radar 40 km/h</name><description>Fonte: DER-GO</description><Point><coordinates>-50.459090,-18.457930,0</coordinates></Point></Placemark>
<Placemark><name>Radar 40 km/h</name><description>Fonte: DER-GO</description><Point><coordinates>-50.410025,-18.445380,0</coordinates></Point></Placemark>
<Placemark><name>Radar 40 km/h</name><description>Fonte: DER-GO</description><Point><coordinates>-50.413738,-18.443692,0</coordinates></Point></Placemark>
<Placemark><name>Radar 80 km/h</name><description>Fonte: ANTT</description><Point><coordinates>-51.096512,-18.414519,0</coordinates></Point></Placemark>
<Placemark><name>Radar 50 km/h</name><description>Fonte: OSM</description><Point><coordinates>-49.243202,-18.412865,0</coordinates></Point></Placemark>
<Placemark><name>Radar 40 km/h</name><description>Fonte: OSM</description><Point><coordinates>-49.248772,-18.411024,0</coordinates></Point></Placemark>
<Placemark><name>Radar 50 km/h</name><description>Fonte: OSM</description><Point><coordinates>-49.248922,-18.410840,0</coordinates></Point></Placemark>
<Placemark><name>Radar 80 km/h</name><description>Fonte: OSM</description><Point><coordinates>-49.196892,-18.409815,0</coordinates></Point></Placemark>
<Placemark><name>Radar 50 km/h</name><description>Fonte: OSM</description><Point><coordinates>-49.252040,-18.409762,0</coordinates></Point></Placemark>
<Placemark><name>Radar 50 km/h</name><description>Fonte: OSM</description><Point><coordinates>-49.251997,-18.409628,0</coordinates></Point></Placemark>
<Placemark><name>Radar 80 km/h</name><description>Fonte: ANTT</description><Point><coordinates>-51.105432,-18.403368,0</coordinates></Point></Placemark>
<Placemark><name>Radar 50 km/h</name><description>Fonte: ANTT</description><Point><coordinates>-49.295753,-18.396322,0</coordinates></Point></Placemark>
<Placemark><name>Radar 40 km/h</name><description>Fonte: DER-GO</description><Point><coordinates>-52.666095,-18.393274,0</coordinates></Point></Placemark>
<Placemark><name>Radar 40 km/h</name><description>Fonte: DER-GO</description><Point><coordinates>-52.666764,-18.392840,0</coordinates></Point></Placemark>
<Placemark><name>Radar 60 km/h</name><description>Fonte: ANTT</description><Point><coordinates>-48.055494,-18.369914,0</coordinates></Point></Placemark>
<Placemark><name>Radar 80 km/h</name><description>Fonte: ANTT</description><Point><coordinates>-51.119269,-18.359134,0</coordinates></Point></Placemark>
<Placemark><name>Radar 40 km/h</name><description>Fonte: DER-GO</description><Point><coordinates>-47.782264,-18.351862,0</coordinates></Point></Placemark>
<Placemark><name>Radar 40 km/h</name><description>Fonte: DER-GO</description><Point><coordinates>-47.782561,-18.351703,0</coordinates></Point></Placemark>
<Placemark><name>Radar 60 km/h</name><description>Fonte: DER-GO</description><Point><coordinates>-47.790392,-18.337774,0</coordinates></Point></Placemark>
<Placemark><name>Radar 40 km/h</name><description>Fonte: DER-GO</description><Point><coordinates>-48.562880,-18.317916,0</coordinates></Point></Placemark>
<Placemark><name>Radar 80 km/h</name><description>Fonte: ANTT</description><Point><coordinates>-51.165266,-18.290596,0</coordinates></Point></Placemark>
<Placemark><name>Radar</name><description>Fonte: OSM</description><Point><coordinates>-49.251288,-18.252529,0</coordinates></Point></Placemark>
<Placemark><name>Radar 40 km/h</name><description>Fonte: DER-GO</description><Point><coordinates>-47.844509,-18.237992,0</coordinates></Point></Placemark>
<Placemark><name>Radar 80 km/h</name><description>Fonte: DER-GO</description><Point><coordinates>-47.910387,-18.217107,0</coordinates></Point></Placemark>
<Placemark><name>Radar 60 km/h</name><description>Fonte: DER-GO</description><Point><coordinates>-47.925572,-18.208776,0</coordinates></Point></Placemark>
<Placemark><name>Radar 40 km/h</name><description>Fonte: DER-GO</description><Point><coordinates>-47.934440,-18.198490,0</coordinates></Point></Placemark>
<Placemark><name>Radar 40 km/h</name><description>Fonte: DER-GO</description><Point><coordinates>-47.934730,-18.197660,0</coordinates></Point></Placemark>
<Placemark><name>Radar 40 km/h</name><description>Fonte: DER-GO</description><Point><coordinates>-47.937670,-18.185815,0</coordinates></Point></Placemark>
<Placemark><name>Radar 60 km/h</name><description>Fonte: ANTT</description><Point><coordinates>-47.944238,-18.183850,0</coordinates></Point></Placemark>
<Placemark><name>Radar 60 km/h</name><description>Fonte: ANTT</description><Point><coordinates>-47.933682,-18.176581,0</coordinates></Point></Placemark>
<Placemark><name>Radar 60 km/h</name><description>Fonte: ANTT</description><Point><coordinates>-47.925259,-18.172243,0</coordinates></Point></Placemark>
<Placemark><name>Radar 60 km/h</name><description>Fonte: OSM</description><Point><coordinates>-47.925289,-18.172144,0</coordinates></Point></Placemark>
<Placemark><name>Radar 40 km/h</name><description>Fonte: DER-GO</description><Point><coordinates>-47.970606,-18.169861,0</coordinates></Point></Placemark>
<Placemark><name>Radar 40 km/h</name><description>Fonte: DER-GO</description><Point><coordinates>-47.967960,-18.169670,0</coordinates></Point></Placemark>
<Placemark><name>Radar 40 km/h</name><description>Fonte: DER-GO</description><Point><coordinates>-48.562453,-18.154641,0</coordinates></Point></Placemark>
<Placemark><name>Radar 40 km/h</name><description>Fonte: DER-GO</description><Point><coordinates>-48.562703,-18.151270,0</coordinates></Point></Placemark>
<Placemark><name>Radar 60 km/h</name><description>Fonte: DER-GO</description><Point><coordinates>-48.852432,-18.146186,0</coordinates></Point></Placemark>
<Placemark><name>Radar 80 km/h</name><description>Fonte: DER-GO</description><Point><coordinates>-51.904923,-18.139630,0</coordinates></Point></Placemark>
<Placemark><name>Radar 40 km/h</name><description>Fonte: DER-GO</description><Point><coordinates>-48.089330,-18.138730,0</coordinates></Point></Placemark>
<Placemark><name>Radar 40 km/h</name><description>Fonte: DER-GO</description><Point><coordinates>-48.088740,-18.138450,0</coordinates></Point></Placemark>
<Placemark><name>Radar 60 km/h</name><description>Fonte: DER-GO</description><Point><coordinates>-48.950108,-18.137914,0</coordinates></Point></Placemark>
<Placemark><name>Radar 40 km/h</name><description>Fonte: DER-GO</description><Point><coordinates>-48.563116,-18.137877,0</coordinates></Point></Placemark>
<Placemark><name>Radar 40 km/h</name><description>Fonte: DER-GO</description><Point><coordinates>-48.564258,-18.137192,0</coordinates></Point></Placemark>
<Placemark><name>Radar 80 km/h</name><description>Fonte: DER-GO</description><Point><coordinates>-51.903248,-18.134402,0</coordinates></Point></Placemark>
<Placemark><name>Radar 60 km/h</name><description>Fonte: DER-GO</description><Point><coordinates>-48.535772,-18.134296,0</coordinates></Point></Placemark>
<Placemark><name>Radar 50 km/h</name><description>Fonte: DER-GO</description><Point><coordinates>-49.072354,-18.133653,0</coordinates></Point></Placemark>
<Placemark><name>Radar 60 km/h</name><description>Fonte: DER-GO</description><Point><coordinates>-48.075821,-18.130932,0</coordinates></Point></Placemark>
<Placemark><name>Radar 60 km/h</name><description>Fonte: DER-GO</description><Point><coordinates>-48.075792,-18.130888,0</coordinates></Point></Placemark>
<Placemark><name>Radar 40 km/h</name><description>Fonte: DER-GO</description><Point><coordinates>-47.959011,-18.130439,0</coordinates></Point></Placemark>
<Placemark><name>Radar 40 km/h</name><description>Fonte: DER-GO</description><Point><coordinates>-48.569340,-18.130390,0</coordinates></Point></Placemark>
<Placemark><name>Radar 40 km/h</name><description>Fonte: DER-GO</description><Point><coordinates>-48.084980,-18.129960,0</coordinates></Point></Placemark>
<Placemark><name>Radar 40 km/h</name><description>Fonte: DER-GO</description><Point><coordinates>-48.084600,-18.129760,0</coordinates></Point></Placemark>
<Placemark><name>Radar 40 km/h</name><description>Fonte: DER-GO</description><Point><coordinates>-48.571543,-18.129732,0</coordinates></Point></Placemark>
<Placemark><name>Radar 40 km/h</name><description>Fonte: DER-GO</description><Point><coordinates>-47.960092,-18.128555,0</coordinates></Point></Placemark>
<Placemark><name>Radar 40 km/h</name><description>Fonte: DER-GO</description><Point><coordinates>-47.691718,-18.105738,0</coordinates></Point></Placemark>
<Placemark><name>Radar 40 km/h</name><description>Fonte: DER-GO</description><Point><coordinates>-47.693616,-18.103867,0</coordinates></Point></Placemark>
<Placemark><name>Radar</name><description>Fonte: OSM</description><Point><coordinates>-49.275187,-18.102951,0</coordinates></Point></Placemark>
<Placemark><name>Radar 50 km/h</name><description>Fonte: ANTT</description><Point><coordinates>-51.497463,-18.094142,0</coordinates></Point></Placemark>
<Placemark><name>Radar</name><description>Fonte: OSM</description><Point><coordinates>-49.270988,-18.080593,0</coordinates></Point></Placemark>
<Placemark><name>Radar 60 km/h</name><description>Fonte: OSM</description><Point><coordinates>-49.270884,-18.078406,0</coordinates></Point></Placemark>
<Placemark><name>Radar 60 km/h</name><description>Fonte: OSM</description><Point><coordinates>-49.270187,-18.073513,0</coordinates></Point></Placemark>
<Placemark><name>Radar 40 km/h</name><description>Fonte: DER-GO</description><Point><coordinates>-48.759846,-18.069758,0</coordinates></Point></Placemark>
<Placemark><name>Radar 40 km/h</name><description>Fonte: DER-GO</description><Point><coordinates>-48.262090,-18.058549,0</coordinates></Point></Placemark>
<Placemark><name>Radar 60 km/h</name><description>Fonte: DER-GO</description><Point><coordinates>-48.253529,-18.056368,0</coordinates></Point></Placemark>
<Placemark><name>Radar 60 km/h</name><description>Fonte: DER-GO</description><Point><coordinates>-48.253620,-18.056201,0</coordinates></Point></Placemark>
<Placemark><name>Radar 80 km/h</name><description>Fonte: ANTT</description><Point><coordinates>-51.544559,-18.051328,0</coordinates></Point></Placemark>
<Placemark><name>Radar 40 km/h</name><description>Fonte: DER-GO</description><Point><coordinates>-51.001875,-18.000965,0</coordinates></Point></Placemark>
<Placemark><name>Radar 60 km/h</name><description>Fonte: ANTT</description><Point><coordinates>-51.572820,-17.999415,0</coordinates></Point></Placemark>
<Placemark><name>Radar 40 km/h</name><description>Fonte: DER-GO</description><Point><coordinates>-51.000828,-17.997184,0</coordinates></Point></Placemark>
<Placemark><name>Radar 40 km/h</name><description>Fonte: DER-GO</description><Point><coordinates>-48.632453,-17.992011,0</coordinates></Point></Placemark>
<Placemark><name>Radar 60 km/h</name><description>Fonte: DER-GO</description><Point><coordinates>-48.637955,-17.979101,0</coordinates></Point></Placemark>
<Placemark><name>Radar 60 km/h</name><description>Fonte: DER-GO</description><Point><coordinates>-49.374904,-17.967842,0</coordinates></Point></Placemark>
<Placemark><name>Radar</name><description>Fonte: OSM</description><Point><coordinates>-49.374889,-17.967385,0</coordinates></Point></Placemark>
<Placemark><name>Radar 40 km/h</name><description>Fonte: DER-GO</description><Point><coordinates>-50.336399,-17.966161,0</coordinates></Point></Placemark>
<Placemark><name>Radar 40 km/h</name><description>Fonte: DER-GO</description><Point><coordinates>-50.336443,-17.966122,0</coordinates></Point></Placemark>
<Placemark><name>Radar 60 km/h</name><description>Fonte: DER-GO</description><Point><coordinates>-49.383159,-17.961295,0</coordinates></Point></Placemark>
<Placemark><name>Radar</name><description>Fonte: OSM</description><Point><coordinates>-49.382866,-17.961215,0</coordinates></Point></Placemark>
<Placemark><name>Radar 50 km/h</name><description>Fonte: ANTT</description><Point><coordinates>-50.496654,-17.959039,0</coordinates></Point></Placemark>
<Placemark><name>Radar 40 km/h</name><description>Fonte: DER-GO</description><Point><coordinates>-49.485366,-17.930387,0</coordinates></Point></Placemark>
<Placemark><name>Radar 40 km/h</name><description>Fonte: DER-GO</description><Point><coordinates>-49.490390,-17.930321,0</coordinates></Point></Placemark>
<Placemark><name>Radar 80 km/h</name><description>Fonte: DER-GO</description><Point><coordinates>-48.664983,-17.928545,0</coordinates></Point></Placemark>
<Placemark><name>Radar 80 km/h</name><description>Fonte: OSM</description><Point><coordinates>-51.743586,-17.921471,0</coordinates></Point></Placemark>
<Placemark><name>Radar 80 km/h</name><description>Fonte: OSM</description><Point><coordinates>-51.699887,-17.920451,0</coordinates></Point></Placemark>
<Placemark><name>Radar 40 km/h</name><description>Fonte: OSM</description><Point><coordinates>-51.725491,-17.918933,0</coordinates></Point></Placemark>
<Placemark><name>Radar 40 km/h</name><description>Fonte: OSM</description><Point><coordinates>-51.725578,-17.918594,0</coordinates></Point></Placemark>
<Placemark><name>Radar 80 km/h</name><description>Fonte: OSM</description><Point><coordinates>-51.751978,-17.918253,0</coordinates></Point></Placemark>
<Placemark><name>Radar 40 km/h</name><description>Fonte: OSM</description><Point><coordinates>-51.721445,-17.917801,0</coordinates></Point></Placemark>
<Placemark><name>Radar 60 km/h</name><description>Fonte: OSM</description><Point><coordinates>-51.717430,-17.917653,0</coordinates></Point></Placemark>
<Placemark><name>Radar</name><description>Fonte: OSM</description><Point><coordinates>-51.757460,-17.915457,0</coordinates></Point></Placemark>
<Placemark><name>Radar 80 km/h</name><description>Fonte: DER-GO</description><Point><coordinates>-48.089312,-17.903622,0</coordinates></Point></Placemark>
<Placemark><name>Radar</name><description>Fonte: OSM</description><Point><coordinates>-51.651478,-17.885990,0</coordinates></Point></Placemark>
<Placemark><name>Radar</name><description>Fonte: OSM</description><Point><coordinates>-51.646459,-17.880031,0</coordinates></Point></Placemark>
<Placemark><name>Radar 40 km/h</name><description>Fonte: DER-GO</description><Point><coordinates>-50.964520,-17.878210,0</coordinates></Point></Placemark>
<Placemark><name>Radar 80 km/h</name><description>Fonte: DER-GO</description><Point><coordinates>-48.126254,-17.837353,0</coordinates></Point></Placemark>
<Placemark><name>Radar 40 km/h</name><description>Fonte: DER-GO</description><Point><coordinates>-50.572096,-17.835219,0</coordinates></Point></Placemark>
<Placemark><name>Radar 40 km/h</name><description>Fonte: DER-GO</description><Point><coordinates>-50.573214,-17.833183,0</coordinates></Point></Placemark>
<Placemark><name>Radar 40 km/h</name><description>Fonte: DER-GO</description><Point><coordinates>-50.573169,-17.830592,0</coordinates></Point></Placemark>
<Placemark><name>Radar</name><description>Fonte: OSM</description><Point><coordinates>-49.214753,-17.830076,0</coordinates></Point></Placemark>
<Placemark><name>Radar 40 km/h</name><description>Fonte: DER-GO</description><Point><coordinates>-50.573901,-17.829315,0</coordinates></Point></Placemark>
<Placemark><name>Radar 40 km/h</name><description>Fonte: DER-GO</description><Point><coordinates>-50.573944,-17.826151,0</coordinates></Point></Placemark>
<Placemark><name>Radar 80 km/h</name><description>Fonte: OSM</description><Point><coordinates>-50.982927,-17.826109,0</coordinates></Point></Placemark>
<Placemark><name>Radar 80 km/h</name><description>Fonte: OSM</description><Point><coordinates>-50.984725,-17.825899,0</coordinates></Point></Placemark>
<Placemark><name>Radar 60 km/h</name><description>Fonte: ANTT</description><Point><coordinates>-50.984740,-17.825870,0</coordinates></Point></Placemark>
<Placemark><name>Radar 40 km/h</name><description>Fonte: DER-GO</description><Point><coordinates>-50.574604,-17.824967,0</coordinates></Point></Placemark>
<Placemark><name>Radar 80 km/h</name><description>Fonte: OSM</description><Point><coordinates>-51.008329,-17.822820,0</coordinates></Point></Placemark>
<Placemark><name>Radar 60 km/h</name><description>Fonte: DER-GO</description><Point><coordinates>-48.767279,-17.818613,0</coordinates></Point></Placemark>
<Placemark><name>Radar 60 km/h</name><description>Fonte: DER-GO</description><Point><coordinates>-50.536827,-17.815772,0</coordinates></Point></Placemark>
<Placemark><name>Radar 60 km/h</name><description>Fonte: DER-GO</description><Point><coordinates>-50.536295,-17.815567,0</coordinates></Point></Placemark>
<Placemark><name>Radar 30 km/h</name><description>Fonte: OSM</description><Point><coordinates>-50.931204,-17.815028,0</coordinates></Point></Placemark>
<Placemark><name>Radar 80 km/h</name><description>Fonte: OSM</description><Point><coordinates>-50.934150,-17.815020,0</coordinates></Point></Placemark>
<Placemark><name>Radar 50 km/h</name><description>Fonte: OSM</description><Point><coordinates>-50.948400,-17.814946,0</coordinates></Point></Placemark>
<Placemark><name>Radar 60 km/h</name><description>Fonte: ANTT</description><Point><coordinates>-50.933903,-17.814934,0</coordinates></Point></Placemark>
<Placemark><name>Radar 60 km/h</name><description>Fonte: DER-GO</description><Point><coordinates>-48.768151,-17.814827,0</coordinates></Point></Placemark>
<Placemark><name>Radar 40 km/h</name><description>Fonte: DER-GO</description><Point><coordinates>-50.622408,-17.812336,0</coordinates></Point></Placemark>
<Placemark><name>Radar 40 km/h</name><description>Fonte: DER-GO</description><Point><coordinates>-50.623785,-17.812241,0</coordinates></Point></Placemark>
<Placemark><name>Radar 60 km/h</name><description>Fonte: DER-GO</description><Point><coordinates>-50.635895,-17.812205,0</coordinates></Point></Placemark>
<Placemark><name>Radar 40 km/h</name><description>Fonte: OSM</description><Point><coordinates>-50.623706,-17.812179,0</coordinates></Point></Placemark>
<Placemark><name>Radar 60 km/h</name><description>Fonte: OSM</description><Point><coordinates>-50.635855,-17.812156,0</coordinates></Point></Placemark>
<Placemark><name>Radar 60 km/h</name><description>Fonte: DER-GO</description><Point><coordinates>-50.635918,-17.812104,0</coordinates></Point></Placemark>
<Placemark><name>Radar 80 km/h</name><description>Fonte: OSM</description><Point><coordinates>-50.927816,-17.810841,0</coordinates></Point></Placemark>
<Placemark><name>Radar 60 km/h</name><description>Fonte: ANTT</description><Point><coordinates>-50.927751,-17.810673,0</coordinates></Point></Placemark>
<Placemark><name>Radar 60 km/h</name><description>Fonte: ANTT</description><Point><coordinates>-50.924162,-17.807046,0</coordinates></Point></Placemark>
<Placemark><name>Radar</name><description>Fonte: OSM</description><Point><coordinates>-50.924121,-17.806970,0</coordinates></Point></Placemark>
<Placemark><name>Radar 50 km/h</name><description>Fonte: OSM</description><Point><coordinates>-50.944939,-17.804812,0</coordinates></Point></Placemark>
<Placemark><name>Radar 60 km/h</name><description>Fonte: DER-GO</description><Point><coordinates>-48.758861,-17.804149,0</coordinates></Point></Placemark>
<Placemark><name>Radar 80 km/h</name><description>Fonte: DER-GO</description><Point><coordinates>-48.625112,-17.803667,0</coordinates></Point></Placemark>
<Placemark><name>Radar 80 km/h</name><description>Fonte: DER-GO</description><Point><coordinates>-48.625089,-17.803544,0</coordinates></Point></Placemark>
<Placemark><name>Radar</name><description>Fonte: OSM</description><Point><coordinates>-50.944360,-17.802774,0</coordinates></Point></Placemark>
<Placemark><name>Radar 50 km/h</name><description>Fonte: OSM</description><Point><coordinates>-50.939035,-17.801640,0</coordinates></Point></Placemark>
<Placemark><name>Radar 50 km/h</name><description>Fonte: OSM</description><Point><coordinates>-50.939410,-17.801587,0</coordinates></Point></Placemark>
<Placemark><name>Radar 40 km/h</name><description>Fonte: DER-GO</description><Point><coordinates>-49.634886,-17.801427,0</coordinates></Point></Placemark>
<Placemark><name>Radar 30 km/h</name><description>Fonte: OSM</description><Point><coordinates>-50.924919,-17.800457,0</coordinates></Point></Placemark>
<Placemark><name>Radar 50 km/h</name><description>Fonte: OSM</description><Point><coordinates>-50.939150,-17.798603,0</coordinates></Point></Placemark>
<Placemark><name>Radar 60 km/h</name><description>Fonte: DER-GO</description><Point><coordinates>-48.626663,-17.798259,0</coordinates></Point></Placemark>
<Placemark><name>Radar</name><description>Fonte: OSM</description><Point><coordinates>-50.938382,-17.798094,0</coordinates></Point></Placemark>
<Placemark><name>Radar 50 km/h</name><description>Fonte: OSM</description><Point><coordinates>-50.935381,-17.796652,0</coordinates></Point></Placemark>
<Placemark><name>Radar 60 km/h</name><description>Fonte: DER-GO</description><Point><coordinates>-50.866052,-17.796118,0</coordinates></Point></Placemark>
<Placemark><name>Radar 30 km/h</name><description>Fonte: OSM</description><Point><coordinates>-50.926685,-17.794818,0</coordinates></Point></Placemark>
<Placemark><name>Radar 40 km/h</name><description>Fonte: OSM</description><Point><coordinates>-50.951449,-17.793840,0</coordinates></Point></Placemark>
<Placemark><name>Radar 40 km/h</name><description>Fonte: OSM</description><Point><coordinates>-50.952447,-17.793371,0</coordinates></Point></Placemark>
<Placemark><name>Radar 40 km/h</name><description>Fonte: OSM</description><Point><coordinates>-50.932838,-17.791935,0</coordinates></Point></Placemark>
<Placemark><name>Radar 30 km/h</name><description>Fonte: OSM</description><Point><coordinates>-50.924467,-17.790335,0</coordinates></Point></Placemark>
<Placemark><name>Radar 60 km/h</name><description>Fonte: ANTT</description><Point><coordinates>-50.905724,-17.789302,0</coordinates></Point></Placemark>
<Placemark><name>Radar 80 km/h</name><description>Fonte: OSM</description><Point><coordinates>-50.905635,-17.789192,0</coordinates></Point></Placemark>
<Placemark><name>Radar 60 km/h</name><description>Fonte: DER-GO</description><Point><coordinates>-48.422722,-17.787045,0</coordinates></Point></Placemark>
<Placemark><name>Radar 40 km/h</name><description>Fonte: OSM</description><Point><coordinates>-50.921149,-17.786453,0</coordinates></Point></Placemark>
<Placemark><name>Radar 80 km/h</name><description>Fonte: DER-GO</description><Point><coordinates>-48.629081,-17.785969,0</coordinates></Point></Placemark>
<Placemark><name>Radar 40 km/h</name><description>Fonte: OSM</description><Point><coordinates>-50.920091,-17.785935,0</coordinates></Point></Placemark>
<Placemark><name>Radar 60 km/h</name><description>Fonte: DER-GO</description><Point><coordinates>-49.544525,-17.785264,0</coordinates></Point></Placemark>
<Placemark><name>Radar 80 km/h</name><description>Fonte: OSM</description><Point><coordinates>-50.898798,-17.783560,0</coordinates></Point></Placemark>
<Placemark><name>Radar 60 km/h</name><description>Fonte: DER-GO</description><Point><coordinates>-49.548939,-17.783304,0</coordinates></Point></Placemark>
<Placemark><name>Radar 80 km/h</name><description>Fonte: DER-GO</description><Point><coordinates>-49.555831,-17.781911,0</coordinates></Point></Placemark>
<Placemark><name>Radar 60 km/h</name><description>Fonte: DER-GO</description><Point><coordinates>-48.630297,-17.776319,0</coordinates></Point></Placemark>
<Placemark><name>Radar 60 km/h</name><description>Fonte: DER-GO</description><Point><coordinates>-48.764878,-17.774209,0</coordinates></Point></Placemark>
<Placemark><name>Radar 40 km/h</name><description>Fonte: DER-GO</description><Point><coordinates>-48.632142,-17.767885,0</coordinates></Point></Placemark>
<Placemark><name>Radar 40 km/h</name><description>Fonte: DER-GO</description><Point><coordinates>-48.758571,-17.766418,0</coordinates></Point></Placemark>
<Placemark><name>Radar 40 km/h</name><description>Fonte: DER-GO</description><Point><coordinates>-48.633521,-17.763339,0</coordinates></Point></Placemark>
<Placemark><name>Radar 40 km/h</name><description>Fonte: OSM</description><Point><coordinates>-48.633544,-17.763197,0</coordinates></Point></Placemark>
<Placemark><name>Radar 40 km/h</name><description>Fonte: DER-GO</description><Point><coordinates>-48.634730,-17.761290,0</coordinates></Point></Placemark>
<Placemark><name>Radar 40 km/h</name><description>Fonte: OSM</description><Point><coordinates>-48.634731,-17.761264,0</coordinates></Point></Placemark>
<Placemark><name>Radar 40 km/h</name><description>Fonte: DER-GO</description><Point><coordinates>-48.637336,-17.758763,0</coordinates></Point></Placemark>
<Placemark><name>Radar 40 km/h</name><description>Fonte: DER-GO</description><Point><coordinates>-50.936872,-17.756420,0</coordinates></Point></Placemark>
<Placemark><name>Radar 40 km/h</name><description>Fonte: DER-GO</description><Point><coordinates>-48.640354,-17.755984,0</coordinates></Point></Placemark>
<Placemark><name>Radar 40 km/h</name><description>Fonte: OSM</description><Point><coordinates>-48.640479,-17.755835,0</coordinates></Point></Placemark>
<Placemark><name>Radar 40 km/h</name><description>Fonte: DER-GO</description><Point><coordinates>-48.641170,-17.755210,0</coordinates></Point></Placemark>
<Placemark><name>Radar 40 km/h</name><description>Fonte: DER-GO</description><Point><coordinates>-49.788214,-17.749726,0</coordinates></Point></Placemark>
<Placemark><name>Radar 60 km/h</name><description>Fonte: DER-GO</description><Point><coordinates>-50.954493,-17.743982,0</coordinates></Point></Placemark>
<Placemark><name>Radar 60 km/h</name><description>Fonte: DER-GO</description><Point><coordinates>-50.954452,-17.743917,0</coordinates></Point></Placemark>
<Placemark><name>Radar 60 km/h</name><description>Fonte: DER-GO</description><Point><coordinates>-48.645685,-17.742323,0</coordinates></Point></Placemark>
<Placemark><name>Radar 60 km/h</name><description>Fonte: DER-GO</description><Point><coordinates>-48.160352,-17.739105,0</coordinates></Point></Placemark>
<Placemark><name>Radar 60 km/h</name><description>Fonte: DER-GO</description><Point><coordinates>-48.158825,-17.738350,0</coordinates></Point></Placemark>
<Placemark><name>Radar 110 km/h</name><description>Fonte: ANTT</description><Point><coordinates>-50.871667,-17.735278,0</coordinates></Point></Placemark>
<Placemark><name>Radar 40 km/h</name><description>Fonte: DER-GO</description><Point><coordinates>-48.162037,-17.732535,0</coordinates></Point></Placemark>
<Placemark><name>Radar 40 km/h</name><description>Fonte: DER-GO</description><Point><coordinates>-48.162110,-17.731520,0</coordinates></Point></Placemark>
<Placemark><name>Radar 110 km/h</name><description>Fonte: OSM</description><Point><coordinates>-50.869706,-17.731465,0</coordinates></Point></Placemark>
<Placemark><name>Radar 60 km/h</name><description>Fonte: DER-GO</description><Point><coordinates>-49.078778,-17.729394,0</coordinates></Point></Placemark>
<Placemark><name>Radar 40 km/h</name><description>Fonte: DER-GO</description><Point><coordinates>-49.063989,-17.729329,0</coordinates></Point></Placemark>
<Placemark><name>Radar 60 km/h</name><description>Fonte: DER-GO</description><Point><coordinates>-49.078743,-17.729205,0</coordinates></Point></Placemark>
<Placemark><name>Radar 40 km/h</name><description>Fonte: DER-GO</description><Point><coordinates>-49.062359,-17.728491,0</coordinates></Point></Placemark>
<Placemark><name>Radar 40 km/h</name><description>Fonte: DER-GO</description><Point><coordinates>-48.227312,-17.725785,0</coordinates></Point></Placemark>
<Placemark><name>Radar 40 km/h</name><description>Fonte: DER-GO</description><Point><coordinates>-48.228846,-17.725668,0</coordinates></Point></Placemark>
<Placemark><name>Radar 40 km/h</name><description>Fonte: DER-GO</description><Point><coordinates>-48.643942,-17.725107,0</coordinates></Point></Placemark>
<Placemark><name>Radar 40 km/h</name><description>Fonte: OSM</description><Point><coordinates>-48.643865,-17.724927,0</coordinates></Point></Placemark>
<Placemark><name>Radar 40 km/h</name><description>Fonte: DER-GO</description><Point><coordinates>-49.797741,-17.721955,0</coordinates></Point></Placemark>
<Placemark><name>Radar 60 km/h</name><description>Fonte: DER-GO</description><Point><coordinates>-49.797833,-17.721754,0</coordinates></Point></Placemark>
<Placemark><name>Radar 60 km/h</name><description>Fonte: DER-GO</description><Point><coordinates>-49.797744,-17.721723,0</coordinates></Point></Placemark>
<Placemark><name>Radar 40 km/h</name><description>Fonte: DER-GO</description><Point><coordinates>-48.619214,-17.721654,0</coordinates></Point></Placemark>
<Placemark><name>Radar 60 km/h</name><description>Fonte: DER-GO</description><Point><coordinates>-48.600564,-17.719932,0</coordinates></Point></Placemark>
<Placemark><name>Radar 80 km/h</name><description>Fonte: DER-GO</description><Point><coordinates>-48.643375,-17.718472,0</coordinates></Point></Placemark>
<Placemark><name>Radar 110 km/h</name><description>Fonte: OSM</description><Point><coordinates>-50.856471,-17.718297,0</coordinates></Point></Placemark>
<Placemark><name>Radar 110 km/h</name><description>Fonte: ANTT</description><Point><coordinates>-50.856216,-17.718122,0</coordinates></Point></Placemark>
<Placemark><name>Radar 40 km/h</name><description>Fonte: DER-GO</description><Point><coordinates>-48.685690,-17.716881,0</coordinates></Point></Placemark>
<Placemark><name>Radar 40 km/h</name><description>Fonte: DER-GO</description><Point><coordinates>-48.145865,-17.716522,0</coordinates></Point></Placemark>
<Placemark><name>Radar 40 km/h</name><description>Fonte: DER-GO</description><Point><coordinates>-48.682431,-17.715861,0</coordinates></Point></Placemark>
<Placemark><name>Radar 80 km/h</name><description>Fonte: DER-GO</description><Point><coordinates>-48.790756,-17.715493,0</coordinates></Point></Placemark>
<Placemark><name>Radar 80 km/h</name><description>Fonte: DER-GO</description><Point><coordinates>-48.779067,-17.715446,0</coordinates></Point></Placemark>
<Placemark><name>Radar 40 km/h</name><description>Fonte: DER-GO</description><Point><coordinates>-48.145910,-17.712133,0</coordinates></Point></Placemark>
<Placemark><name>Radar 80 km/h</name><description>Fonte: DER-GO</description><Point><coordinates>-48.149730,-17.707965,0</coordinates></Point></Placemark>
<Placemark><name>Radar 80 km/h</name><description>Fonte: DER-GO</description><Point><coordinates>-48.152670,-17.706530,0</coordinates></Point></Placemark>
<Placemark><name>Radar 60 km/h</name><description>Fonte: DER-GO</description><Point><coordinates>-48.158207,-17.704314,0</coordinates></Point></Placemark>
<Placemark><name>Radar 80 km/h</name><description>Fonte: DER-GO</description><Point><coordinates>-48.705746,-17.702435,0</coordinates></Point></Placemark>
<Placemark><name>Radar 80 km/h</name><description>Fonte: DER-GO</description><Point><coordinates>-48.162186,-17.699899,0</coordinates></Point></Placemark>
<Placemark><name>Radar 60 km/h</name><description>Fonte: DER-GO</description><Point><coordinates>-48.714665,-17.696698,0</coordinates></Point></Placemark>
<Placemark><name>Radar 40 km/h</name><description>Fonte: DER-GO</description><Point><coordinates>-48.585254,-17.692945,0</coordinates></Point></Placemark>
<Placemark><name>Radar 60 km/h</name><description>Fonte: DER-GO</description><Point><coordinates>-48.579893,-17.692893,0</coordinates></Point></Placemark>
<Placemark><name>Radar 60 km/h</name><description>Fonte: DER-GO</description><Point><coordinates>-48.577157,-17.691835,0</coordinates></Point></Placemark>
<Placemark><name>Radar 60 km/h</name><description>Fonte: DER-GO</description><Point><coordinates>-48.576737,-17.689223,0</coordinates></Point></Placemark>
<Placemark><name>Radar 80 km/h</name><description>Fonte: DER-GO</description><Point><coordinates>-51.034541,-17.686780,0</coordinates></Point></Placemark>
<Placemark><name>Radar 40 km/h</name><description>Fonte: DER-GO</description><Point><coordinates>-48.705203,-17.669287,0</coordinates></Point></Placemark>
<Placemark><name>Radar 40 km/h</name><description>Fonte: DER-GO</description><Point><coordinates>-48.705356,-17.664449,0</coordinates></Point></Placemark>
<Placemark><name>Radar 80 km/h</name><description>Fonte: DER-GO</description><Point><coordinates>-51.053934,-17.637461,0</coordinates></Point></Placemark>
<Placemark><name>Radar 80 km/h</name><description>Fonte: DER-GO</description><Point><coordinates>-51.054641,-17.634829,0</coordinates></Point></Placemark>
<Placemark><name>Radar 110 km/h</name><description>Fonte: OSM</description><Point><coordinates>-50.752647,-17.612778,0</coordinates></Point></Placemark>
<Placemark><name>Radar 110 km/h</name><description>Fonte: ANTT</description><Point><coordinates>-50.752108,-17.612136,0</coordinates></Point></Placemark>
<Placemark><name>Radar 40 km/h</name><description>Fonte: DER-GO</description><Point><coordinates>-52.554932,-17.586549,0</coordinates></Point></Placemark>
<Placemark><name>Radar</name><description>Fonte: OSM</description><Point><coordinates>-49.194605,-17.585774,0</coordinates></Point></Placemark>
<Placemark><name>Radar 40 km/h</name><description>Fonte: DER-GO</description><Point><coordinates>-52.552976,-17.585240,0</coordinates></Point></Placemark>
<Placemark><name>Radar 40 km/h</name><description>Fonte: DER-GO</description><Point><coordinates>-52.547171,-17.582389,0</coordinates></Point></Placemark>
<Placemark><name>Radar 80 km/h</name><description>Fonte: OSM</description><Point><coordinates>-52.513913,-17.579481,0</coordinates></Point></Placemark>
<Placemark><name>Radar 80 km/h</name><description>Fonte: DER-GO</description><Point><coordinates>-48.721561,-17.553689,0</coordinates></Point></Placemark>
<Placemark><name>Radar 80 km/h</name><description>Fonte: DER-GO</description><Point><coordinates>-48.722413,-17.544814,0</coordinates></Point></Placemark>
<Placemark><name>Radar 80 km/h</name><description>Fonte: DER-GO</description><Point><coordinates>-48.725689,-17.535282,0</coordinates></Point></Placemark>
<Placemark><name>Radar 80 km/h</name><description>Fonte: DER-GO</description><Point><coordinates>-48.726095,-17.534209,0</coordinates></Point></Placemark>
<Placemark><name>Radar 40 km/h</name><description>Fonte: DER-GO</description><Point><coordinates>-49.443298,-17.531806,0</coordinates></Point></Placemark>
<Placemark><name>Radar 40 km/h</name><description>Fonte: DER-GO</description><Point><coordinates>-52.061875,-17.531146,0</coordinates></Point></Placemark>
<Placemark><name>Radar 40 km/h</name><description>Fonte: DER-GO</description><Point><coordinates>-49.443708,-17.530543,0</coordinates></Point></Placemark>
<Placemark><name>Radar 60 km/h</name><description>Fonte: DER-GO</description><Point><coordinates>-49.458893,-17.518540,0</coordinates></Point></Placemark>
<Placemark><name>Radar 40 km/h</name><description>Fonte: DER-GO</description><Point><coordinates>-49.444631,-17.516254,0</coordinates></Point></Placemark>
<Placemark><name>Radar 40 km/h</name><description>Fonte: DER-GO</description><Point><coordinates>-49.444703,-17.516208,0</coordinates></Point></Placemark>
<Placemark><name>Radar 40 km/h</name><description>Fonte: DER-GO</description><Point><coordinates>-49.444609,-17.516117,0</coordinates></Point></Placemark>
<Placemark><name>Radar 40 km/h</name><description>Fonte: DER-GO</description><Point><coordinates>-51.126935,-17.504065,0</coordinates></Point></Placemark>
<Placemark><name>Radar 40 km/h</name><description>Fonte: DER-GO</description><Point><coordinates>-51.128658,-17.501423,0</coordinates></Point></Placemark>
<Placemark><name>Radar 60 km/h</name><description>Fonte: DER-GO</description><Point><coordinates>-48.205370,-17.467748,0</coordinates></Point></Placemark>
<Placemark><name>Radar 40 km/h</name><description>Fonte: DER-GO</description><Point><coordinates>-51.157040,-17.461731,0</coordinates></Point></Placemark>
<Placemark><name>Radar 60 km/h</name><description>Fonte: DER-GO</description><Point><coordinates>-51.160202,-17.458609,0</coordinates></Point></Placemark>
<Placemark><name>Radar 60 km/h</name><description>Fonte: DER-GO</description><Point><coordinates>-51.160146,-17.458566,0</coordinates></Point></Placemark>
<Placemark><name>Radar 80 km/h</name><description>Fonte: DER-GO</description><Point><coordinates>-48.208562,-17.457245,0</coordinates></Point></Placemark>
<Placemark><name>Radar 40 km/h</name><description>Fonte: DER-GO</description><Point><coordinates>-51.169714,-17.446985,0</coordinates></Point></Placemark>
<Placemark><name>Radar 40 km/h</name><description>Fonte: DER-GO</description><Point><coordinates>-51.170997,-17.444789,0</coordinates></Point></Placemark>
<Placemark><name>Radar 80 km/h</name><description>Fonte: DER-GO</description><Point><coordinates>-51.183411,-17.429232,0</coordinates></Point></Placemark>
<Placemark><name>Radar 40 km/h</name><description>Fonte: DER-GO</description><Point><coordinates>-49.657011,-17.426465,0</coordinates></Point></Placemark>
<Placemark><name>Radar 40 km/h</name><description>Fonte: DER-GO</description><Point><coordinates>-49.670323,-17.424044,0</coordinates></Point></Placemark>
<Placemark><name>Radar 80 km/h</name><description>Fonte: DER-GO</description><Point><coordinates>-48.804619,-17.387705,0</coordinates></Point></Placemark>
<Placemark><name>Radar 40 km/h</name><description>Fonte: DER-GO</description><Point><coordinates>-48.803730,-17.386599,0</coordinates></Point></Placemark>
<Placemark><name>Radar 40 km/h</name><description>Fonte: DER-GO</description><Point><coordinates>-48.244917,-17.373251,0</coordinates></Point></Placemark>
<Placemark><name>Radar 80 km/h</name><description>Fonte: DER-GO</description><Point><coordinates>-48.245960,-17.372790,0</coordinates></Point></Placemark>
<Placemark><name>Radar 80 km/h</name><description>Fonte: DER-GO</description><Point><coordinates>-48.249336,-17.368933,0</coordinates></Point></Placemark>
<Placemark><name>Radar 80 km/h</name><description>Fonte: DER-GO</description><Point><coordinates>-48.249941,-17.368664,0</coordinates></Point></Placemark>
<Placemark><name>Radar 80 km/h</name><description>Fonte: DER-GO</description><Point><coordinates>-51.180151,-17.367407,0</coordinates></Point></Placemark>
<Placemark><name>Radar 60 km/h</name><description>Fonte: DER-GO</description><Point><coordinates>-48.250551,-17.361076,0</coordinates></Point></Placemark>
<Placemark><name>Radar 60 km/h</name><description>Fonte: DER-GO</description><Point><coordinates>-48.247432,-17.356198,0</coordinates></Point></Placemark>
<Placemark><name>Radar 80 km/h</name><description>Fonte: DER-GO</description><Point><coordinates>-51.183163,-17.351161,0</coordinates></Point></Placemark>
<Placemark><name>Radar 80 km/h</name><description>Fonte: DER-GO</description><Point><coordinates>-48.906286,-17.343410,0</coordinates></Point></Placemark>
<Placemark><name>Radar 40 km/h</name><description>Fonte: DER-GO</description><Point><coordinates>-49.915725,-17.342803,0</coordinates></Point></Placemark>
<Placemark><name>Radar 80 km/h</name><description>Fonte: DER-GO</description><Point><coordinates>-48.908298,-17.342640,0</coordinates></Point></Placemark>
<Placemark><name>Radar 40 km/h</name><description>Fonte: DER-GO</description><Point><coordinates>-49.936196,-17.335129,0</coordinates></Point></Placemark>
<Placemark><name>Radar 40 km/h</name><description>Fonte: DER-GO</description><Point><coordinates>-49.940861,-17.334782,0</coordinates></Point></Placemark>
<Placemark><name>Radar 40 km/h</name><description>Fonte: DER-GO</description><Point><coordinates>-48.431969,-17.329497,0</coordinates></Point></Placemark>
<Placemark><name>Radar 40 km/h</name><description>Fonte: DER-GO</description><Point><coordinates>-48.428820,-17.329034,0</coordinates></Point></Placemark>
<Placemark><name>Radar 40 km/h</name><description>Fonte: DER-GO</description><Point><coordinates>-48.425106,-17.328569,0</coordinates></Point></Placemark>
<Placemark><name>Radar 40 km/h</name><description>Fonte: DER-GO</description><Point><coordinates>-48.263594,-17.328519,0</coordinates></Point></Placemark>
<Placemark><name>Radar 60 km/h</name><description>Fonte: DER-GO</description><Point><coordinates>-48.422332,-17.328274,0</coordinates></Point></Placemark>
<Placemark><name>Radar 40 km/h</name><description>Fonte: DER-GO</description><Point><coordinates>-48.264619,-17.326704,0</coordinates></Point></Placemark>
<Placemark><name>Radar 40 km/h</name><description>Fonte: OSM</description><Point><coordinates>-53.206312,-17.326242,0</coordinates></Point></Placemark>
<Placemark><name>Radar 40 km/h</name><description>Fonte: DER-GO</description><Point><coordinates>-48.270682,-17.318125,0</coordinates></Point></Placemark>
<Placemark><name>Radar 40 km/h</name><description>Fonte: DER-GO</description><Point><coordinates>-48.481370,-17.318120,0</coordinates></Point></Placemark>
<Placemark><name>Radar 40 km/h</name><description>Fonte: DER-GO</description><Point><coordinates>-48.281050,-17.316240,0</coordinates></Point></Placemark>
<Placemark><name>Radar 40 km/h</name><description>Fonte: DER-GO</description><Point><coordinates>-48.282297,-17.316176,0</coordinates></Point></Placemark>
<Placemark><name>Radar 40 km/h</name><description>Fonte: DER-GO</description><Point><coordinates>-49.058772,-17.314865,0</coordinates></Point></Placemark>
<Placemark><name>Radar</name><description>Fonte: DNIT</description><Point><coordinates>-51.884691,-17.306244,0</coordinates></Point></Placemark>
<Placemark><name>Radar 40 km/h</name><description>Fonte: DER-GO</description><Point><coordinates>-48.286699,-17.304941,0</coordinates></Point></Placemark>
<Placemark><name>Radar 80 km/h</name><description>Fonte: DER-GO</description><Point><coordinates>-48.507373,-17.303878,0</coordinates></Point></Placemark>
<Placemark><name>Radar 50 km/h</name><description>Fonte: DER-GO</description><Point><coordinates>-48.292230,-17.300370,0</coordinates></Point></Placemark>
<Placemark><name>Radar 50 km/h</name><description>Fonte: DER-GO</description><Point><coordinates>-48.291650,-17.300120,0</coordinates></Point></Placemark>
<Placemark><name>Radar 40 km/h</name><description>Fonte: DER-GO</description><Point><coordinates>-50.668533,-17.298377,0</coordinates></Point></Placemark>
<Placemark><name>Radar 40 km/h</name><description>Fonte: DER-GO</description><Point><coordinates>-49.500117,-17.297955,0</coordinates></Point></Placemark>
<Placemark><name>Radar 40 km/h</name><description>Fonte: DER-GO</description><Point><coordinates>-49.494048,-17.297512,0</coordinates></Point></Placemark>
<Placemark><name>Radar 40 km/h</name><description>Fonte: DER-GO</description><Point><coordinates>-49.020212,-17.296994,0</coordinates></Point></Placemark>
<Placemark><name>Radar 80 km/h</name><description>Fonte: DER-GO</description><Point><coordinates>-48.532343,-17.294433,0</coordinates></Point></Placemark>
<Placemark><name>Radar 40 km/h</name><description>Fonte: DER-GO</description><Point><coordinates>-48.276730,-17.288305,0</coordinates></Point></Placemark>
<Placemark><name>Radar 40 km/h</name><description>Fonte: DER-GO</description><Point><coordinates>-49.371904,-17.288142,0</coordinates></Point></Placemark>
<Placemark><name>Radar 40 km/h</name><description>Fonte: DER-GO</description><Point><coordinates>-49.396382,-17.281490,0</coordinates></Point></Placemark>
<Placemark><name>Radar 60 km/h</name><description>Fonte: DER-GO</description><Point><coordinates>-47.921188,-17.271996,0</coordinates></Point></Placemark>
<Placemark><name>Radar 80 km/h</name><description>Fonte: DER-GO</description><Point><coordinates>-48.586543,-17.262273,0</coordinates></Point></Placemark>
<Placemark><name>Radar 60 km/h</name><description>Fonte: DER-GO</description><Point><coordinates>-48.711640,-17.231060,0</coordinates></Point></Placemark>
<Placemark><name>Radar 80 km/h</name><description>Fonte: DER-GO</description><Point><coordinates>-48.713387,-17.225141,0</coordinates></Point></Placemark>
<Placemark><name>Radar 60 km/h</name><description>Fonte: DER-GO</description><Point><coordinates>-48.708104,-17.208314,0</coordinates></Point></Placemark>
<Placemark><name>Radar 60 km/h</name><description>Fonte: DER-GO</description><Point><coordinates>-48.703254,-17.202174,0</coordinates></Point></Placemark>
<Placemark><name>Radar 60 km/h</name><description>Fonte: DER-GO</description><Point><coordinates>-48.716675,-17.191889,0</coordinates></Point></Placemark>
<Placemark><name>Radar 60 km/h</name><description>Fonte: DER-GO</description><Point><coordinates>-48.716594,-17.190546,0</coordinates></Point></Placemark>
<Placemark><name>Radar 40 km/h</name><description>Fonte: DER-GO</description><Point><coordinates>-49.207374,-17.176132,0</coordinates></Point></Placemark>
<Placemark><name>Radar 40 km/h</name><description>Fonte: OSM</description><Point><coordinates>-49.205763,-17.175975,0</coordinates></Point></Placemark>
<Placemark><name>Radar 60 km/h</name><description>Fonte: DER-GO</description><Point><coordinates>-49.989397,-17.141153,0</coordinates></Point></Placemark>
<Placemark><name>Radar 60 km/h</name><description>Fonte: ANTT</description><Point><coordinates>-49.989216,-17.135894,0</coordinates></Point></Placemark>
<Placemark><name>Radar 80 km/h</name><description>Fonte: DER-GO</description><Point><coordinates>-49.984877,-17.115013,0</coordinates></Point></Placemark>
<Placemark><name>Radar 80 km/h</name><description>Fonte: DER-GO</description><Point><coordinates>-49.984437,-17.113578,0</coordinates></Point></Placemark>
<Placemark><name>Radar 60 km/h</name><description>Fonte: OSM</description><Point><coordinates>-50.128511,-17.060617,0</coordinates></Point></Placemark>
<Placemark><name>Radar 60 km/h</name><description>Fonte: DER-GO</description><Point><coordinates>-50.128566,-17.060565,0</coordinates></Point></Placemark>
<Placemark><name>Radar 60 km/h</name><description>Fonte: DER-GO</description><Point><coordinates>-50.131330,-17.057200,0</coordinates></Point></Placemark>
<Placemark><name>Radar</name><description>Fonte: OSM</description><Point><coordinates>-50.131235,-17.057119,0</coordinates></Point></Placemark>
<Placemark><name>Radar 40 km/h</name><description>Fonte: DER-GO</description><Point><coordinates>-48.665636,-17.054958,0</coordinates></Point></Placemark>
<Placemark><name>Radar 40 km/h</name><description>Fonte: DER-GO</description><Point><coordinates>-48.665802,-17.054687,0</coordinates></Point></Placemark>
<Placemark><name>Radar</name><description>Fonte: OSM</description><Point><coordinates>-50.135682,-17.049692,0</coordinates></Point></Placemark>
<Placemark><name>Radar 60 km/h</name><description>Fonte: DER-GO</description><Point><coordinates>-50.135344,-17.049522,0</coordinates></Point></Placemark>
<Placemark><name>Radar 40 km/h</name><description>Fonte: DER-GO</description><Point><coordinates>-48.311343,-17.033922,0</coordinates></Point></Placemark>
<Placemark><name>Radar 40 km/h</name><description>Fonte: DER-GO</description><Point><coordinates>-48.291866,-17.033684,0</coordinates></Point></Placemark>
<Placemark><name>Radar 40 km/h</name><description>Fonte: DER-GO</description><Point><coordinates>-48.950600,-17.033216,0</coordinates></Point></Placemark>
<Placemark><name>Radar 80 km/h</name><description>Fonte: DER-GO</description><Point><coordinates>-48.961920,-16.997763,0</coordinates></Point></Placemark>
<Placemark><name>Radar 80 km/h</name><description>Fonte: DER-GO</description><Point><coordinates>-48.962124,-16.989993,0</coordinates></Point></Placemark>
<Placemark><name>Radar 80 km/h</name><description>Fonte: DER-GO</description><Point><coordinates>-48.962374,-16.987757,0</coordinates></Point></Placemark>
<Placemark><name>Radar 40 km/h</name><description>Fonte: DER-GO</description><Point><coordinates>-49.429665,-16.986675,0</coordinates></Point></Placemark>
<Placemark><name>Radar 60 km/h</name><description>Fonte: DER-GO</description><Point><coordinates>-48.915944,-16.980317,0</coordinates></Point></Placemark>
<Placemark><name>Radar 60 km/h</name><description>Fonte: DER-GO</description><Point><coordinates>-48.962223,-16.978336,0</coordinates></Point></Placemark>
<Placemark><name>Radar 60 km/h</name><description>Fonte: DER-GO</description><Point><coordinates>-48.962275,-16.978277,0</coordinates></Point></Placemark>
<Placemark><name>Radar 40 km/h</name><description>Fonte: DER-GO</description><Point><coordinates>-48.940074,-16.978157,0</coordinates></Point></Placemark>
<Placemark><name>Radar 40 km/h</name><description>Fonte: DER-GO</description><Point><coordinates>-49.772965,-16.977301,0</coordinates></Point></Placemark>
<Placemark><name>Radar 40 km/h</name><description>Fonte: DER-GO</description><Point><coordinates>-50.270664,-16.975288,0</coordinates></Point></Placemark>
<Placemark><name>Radar 60 km/h</name><description>Fonte: DER-GO</description><Point><coordinates>-49.759273,-16.973471,0</coordinates></Point></Placemark>
<Placemark><name>Radar 40 km/h</name><description>Fonte: DER-GO</description><Point><coordinates>-48.962345,-16.972846,0</coordinates></Point></Placemark>
<Placemark><name>Radar 40 km/h</name><description>Fonte: DER-GO</description><Point><coordinates>-49.762636,-16.969377,0</coordinates></Point></Placemark>
<Placemark><name>Radar 40 km/h</name><description>Fonte: DER-GO</description><Point><coordinates>-49.763104,-16.968940,0</coordinates></Point></Placemark>
<Placemark><name>Radar 40 km/h</name><description>Fonte: DER-GO</description><Point><coordinates>-48.950732,-16.968224,0</coordinates></Point></Placemark>
<Placemark><name>Radar 40 km/h</name><description>Fonte: DER-GO</description><Point><coordinates>-48.950753,-16.968111,0</coordinates></Point></Placemark>
<Placemark><name>Radar 60 km/h</name><description>Fonte: DER-GO</description><Point><coordinates>-50.416670,-16.966168,0</coordinates></Point></Placemark>
<Placemark><name>Radar 60 km/h</name><description>Fonte: DER-GO</description><Point><coordinates>-49.231560,-16.965852,0</coordinates></Point></Placemark>
<Placemark><name>Radar 40 km/h</name><description>Fonte: DER-GO</description><Point><coordinates>-50.433190,-16.957551,0</coordinates></Point></Placemark>
<Placemark><name>Radar 40 km/h</name><description>Fonte: DER-GO</description><Point><coordinates>-48.962250,-16.957370,0</coordinates></Point></Placemark>
<Placemark><name>Radar 40 km/h</name><description>Fonte: DER-GO</description><Point><coordinates>-48.962760,-16.952720,0</coordinates></Point></Placemark>
<Placemark><name>Radar 40 km/h</name><description>Fonte: DER-GO</description><Point><coordinates>-50.442453,-16.952519,0</coordinates></Point></Placemark>
<Placemark><name>Radar 40 km/h</name><description>Fonte: OSM</description><Point><coordinates>-48.962786,-16.952390,0</coordinates></Point></Placemark>
<Placemark><name>Radar 40 km/h</name><description>Fonte: DER-GO</description><Point><coordinates>-50.445208,-16.951297,0</coordinates></Point></Placemark>
<Placemark><name>Radar 40 km/h</name><description>Fonte: DER-GO</description><Point><coordinates>-50.450362,-16.950397,0</coordinates></Point></Placemark>
<Placemark><name>Radar 40 km/h</name><description>Fonte: DER-GO</description><Point><coordinates>-50.464934,-16.946445,0</coordinates></Point></Placemark>
<Placemark><name>Radar 40 km/h</name><description>Fonte: DER-GO</description><Point><coordinates>-50.447088,-16.940538,0</coordinates></Point></Placemark>
<Placemark><name>Radar 60 km/h</name><description>Fonte: DER-GO</description><Point><coordinates>-50.451121,-16.936961,0</coordinates></Point></Placemark>
<Placemark><name>Radar 40 km/h</name><description>Fonte: DER-GO</description><Point><coordinates>-51.785351,-16.935421,0</coordinates></Point></Placemark>
<Placemark><name>Radar 60 km/h</name><description>Fonte: DER-GO</description><Point><coordinates>-50.452542,-16.933244,0</coordinates></Point></Placemark>
<Placemark><name>Radar 40 km/h</name><description>Fonte: DER-GO</description><Point><coordinates>-49.443234,-16.926981,0</coordinates></Point></Placemark>
<Placemark><name>Radar 40 km/h</name><description>Fonte: DER-GO</description><Point><coordinates>-49.444147,-16.926117,0</coordinates></Point></Placemark>
<Placemark><name>Radar 110 km/h</name><description>Fonte: DER-GO</description><Point><coordinates>-48.979935,-16.912363,0</coordinates></Point></Placemark>
<Placemark><name>Radar 60 km/h</name><description>Fonte: DER-GO</description><Point><coordinates>-49.450668,-16.911673,0</coordinates></Point></Placemark>
<Placemark><name>Radar 110 km/h</name><description>Fonte: DER-GO</description><Point><coordinates>-48.982708,-16.907295,0</coordinates></Point></Placemark>
<Placemark><name>Radar</name><description>Fonte: OSM</description><Point><coordinates>-49.254966,-16.900172,0</coordinates></Point></Placemark>
<Placemark><name>Radar 110 km/h</name><description>Fonte: DER-GO</description><Point><coordinates>-48.995023,-16.893502,0</coordinates></Point></Placemark>
<Placemark><name>Radar</name><description>Fonte: OSM</description><Point><coordinates>-48.995611,-16.893291,0</coordinates></Point></Placemark>
<Placemark><name>Radar 60 km/h</name><description>Fonte: DER-GO</description><Point><coordinates>-50.159800,-16.887200,0</coordinates></Point></Placemark>
<Placemark><name>Radar 60 km/h</name><description>Fonte: OSM</description><Point><coordinates>-50.159821,-16.887143,0</coordinates></Point></Placemark>
<Placemark><name>Radar 110 km/h</name><description>Fonte: OSM</description><Point><coordinates>-49.001367,-16.883326,0</coordinates></Point></Placemark>
<Placemark><name>Radar 110 km/h</name><description>Fonte: DER-GO</description><Point><coordinates>-49.001378,-16.883286,0</coordinates></Point></Placemark>
<Placemark><name>Radar 80 km/h</name><description>Fonte: DER-GO</description><Point><coordinates>-49.434391,-16.870103,0</coordinates></Point></Placemark>
<Placemark><name>Radar 110 km/h</name><description>Fonte: OSM</description><Point><coordinates>-49.013496,-16.866749,0</coordinates></Point></Placemark>
<Placemark><name>Radar 40 km/h</name><description>Fonte: DER-GO</description><Point><coordinates>-49.264835,-16.866439,0</coordinates></Point></Placemark>
<Placemark><name>Radar 110 km/h</name><description>Fonte: DER-GO</description><Point><coordinates>-49.013862,-16.866386,0</coordinates></Point></Placemark>
<Placemark><name>Radar 40 km/h</name><description>Fonte: DER-GO</description><Point><coordinates>-49.264596,-16.866366,0</coordinates></Point></Placemark>
<Placemark><name>Radar 80 km/h</name><description>Fonte: DER-GO</description><Point><coordinates>-49.475562,-16.854690,0</coordinates></Point></Placemark>
<Placemark><name>Radar 40 km/h</name><description>Fonte: DER-GO</description><Point><coordinates>-49.410580,-16.851657,0</coordinates></Point></Placemark>
<Placemark><name>Radar 80 km/h</name><description>Fonte: OSM</description><Point><coordinates>-49.562635,-16.850742,0</coordinates></Point></Placemark>
<Placemark><name>Radar 40 km/h</name><description>Fonte: DER-GO</description><Point><coordinates>-49.408943,-16.850317,0</coordinates></Point></Placemark>
<Placemark><name>Radar 80 km/h</name><description>Fonte: DER-GO</description><Point><coordinates>-49.401727,-16.844380,0</coordinates></Point></Placemark>
<Placemark><name>Radar 40 km/h</name><description>Fonte: DER-GO</description><Point><coordinates>-49.538557,-16.842235,0</coordinates></Point></Placemark>
<Placemark><name>Radar 40 km/h</name><description>Fonte: DER-GO</description><Point><coordinates>-49.541533,-16.840469,0</coordinates></Point></Placemark>
<Placemark><name>Radar 40 km/h</name><description>Fonte: DER-GO</description><Point><coordinates>-49.390939,-16.835601,0</coordinates></Point></Placemark>
<Placemark><name>Radar 40 km/h</name><description>Fonte: DER-GO</description><Point><coordinates>-49.390893,-16.835480,0</coordinates></Point></Placemark>
<Placemark><name>Radar 60 km/h</name><description>Fonte: DER-GO</description><Point><coordinates>-49.879745,-16.833671,0</coordinates></Point></Placemark>
<Placemark><name>Radar 60 km/h</name><description>Fonte: DER-GO</description><Point><coordinates>-49.837254,-16.828523,0</coordinates></Point></Placemark>
<Placemark><name>Radar 40 km/h</name><description>Fonte: OSM</description><Point><coordinates>-49.242495,-16.826425,0</coordinates></Point></Placemark>
<Placemark><name>Radar 80 km/h</name><description>Fonte: DER-GO</description><Point><coordinates>-49.892686,-16.824120,0</coordinates></Point></Placemark>
<Placemark><name>Radar 80 km/h</name><description>Fonte: DER-GO</description><Point><coordinates>-49.051516,-16.820235,0</coordinates></Point></Placemark>
<Placemark><name>Radar 40 km/h</name><description>Fonte: DER-GO</description><Point><coordinates>-50.408064,-16.820149,0</coordinates></Point></Placemark>
<Placemark><name>Radar 40 km/h</name><description>Fonte: DER-GO</description><Point><coordinates>-50.406512,-16.819182,0</coordinates></Point></Placemark>
<Placemark><name>Radar 40 km/h</name><description>Fonte: DER-GO</description><Point><coordinates>-49.365295,-16.817335,0</coordinates></Point></Placemark>
<Placemark><name>Radar 60 km/h</name><description>Fonte: DER-GO</description><Point><coordinates>-49.904794,-16.816816,0</coordinates></Point></Placemark>
<Placemark><name>Radar 60 km/h</name><description>Fonte: DER-GO</description><Point><coordinates>-49.905487,-16.816524,0</coordinates></Point></Placemark>
<Placemark><name>Radar 80 km/h</name><description>Fonte: DER-GO</description><Point><coordinates>-49.055526,-16.816406,0</coordinates></Point></Placemark>
<Placemark><name>Radar 40 km/h</name><description>Fonte: DER-GO</description><Point><coordinates>-49.362110,-16.805372,0</coordinates></Point></Placemark>
<Placemark><name>Radar 80 km/h</name><description>Fonte: DER-GO</description><Point><coordinates>-48.430850,-16.804180,0</coordinates></Point></Placemark>
<Placemark><name>Radar 60 km/h</name><description>Fonte: DER-GO</description><Point><coordinates>-50.161682,-16.798158,0</coordinates></Point></Placemark>
<Placemark><name>Radar 60 km/h</name><description>Fonte: DER-GO</description><Point><coordinates>-50.161050,-16.797956,0</coordinates></Point></Placemark>
<Placemark><name>Radar 40 km/h</name><description>Fonte: DER-GO</description><Point><coordinates>-49.359009,-16.797642,0</coordinates></Point></Placemark>
<Placemark><name>Radar 40 km/h</name><description>Fonte: DER-GO</description><Point><coordinates>-49.357417,-16.795793,0</coordinates></Point></Placemark>
<Placemark><name>Radar 60 km/h</name><description>Fonte: DER-GO</description><Point><coordinates>-49.077227,-16.794939,0</coordinates></Point></Placemark>
<Placemark><name>Radar 60 km/h</name><description>Fonte: DER-GO</description><Point><coordinates>-49.940901,-16.791804,0</coordinates></Point></Placemark>
<Placemark><name>Radar 80 km/h</name><description>Fonte: OSM</description><Point><coordinates>-49.238003,-16.789106,0</coordinates></Point></Placemark>
<Placemark><name>Radar</name><description>Fonte: DNIT</description><Point><coordinates>-49.271198,-16.784439,0</coordinates></Point></Placemark>
<Placemark><name>Radar</name><description>Fonte: DNIT</description><Point><coordinates>-49.269695,-16.784327,0</coordinates></Point></Placemark>
<Placemark><name>Radar 80 km/h</name><description>Fonte: ANTT</description><Point><coordinates>-49.492593,-16.783590,0</coordinates></Point></Placemark>
<Placemark><name>Radar 40 km/h</name><description>Fonte: DER-GO</description><Point><coordinates>-49.353623,-16.783022,0</coordinates></Point></Placemark>
<Placemark><name>Radar 40 km/h</name><description>Fonte: DER-GO</description><Point><coordinates>-49.353789,-16.782774,0</coordinates></Point></Placemark>
<Placemark><name>Radar</name><description>Fonte: DNIT</description><Point><coordinates>-49.282651,-16.781245,0</coordinates></Point></Placemark>
<Placemark><name>Radar 80 km/h</name><description>Fonte: ANTT</description><Point><coordinates>-47.630394,-16.781242,0</coordinates></Point></Placemark>
<Placemark><name>Radar</name><description>Fonte: DNIT</description><Point><coordinates>-49.282520,-16.780857,0</coordinates></Point></Placemark>
<Placemark><name>Radar</name><description>Fonte: OSM</description><Point><coordinates>-49.236996,-16.779757,0</coordinates></Point></Placemark>
<Placemark><name>Radar</name><description>Fonte: DNIT</description><Point><coordinates>-49.294312,-16.777734,0</coordinates></Point></Placemark>
<Placemark><name>Radar</name><description>Fonte: DNIT</description><Point><coordinates>-49.295523,-16.777682,0</coordinates></Point></Placemark>
<Placemark><name>Radar 40 km/h</name><description>Fonte: DER-GO</description><Point><coordinates>-49.108381,-16.773831,0</coordinates></Point></Placemark>
<Placemark><name>Radar 80 km/h</name><description>Fonte: OSM</description><Point><coordinates>-49.237947,-16.773146,0</coordinates></Point></Placemark>
<Placemark><name>Radar 40 km/h</name><description>Fonte: DER-GO</description><Point><coordinates>-49.109999,-16.772432,0</coordinates></Point></Placemark>
<Placemark><name>Radar 80 km/h</name><description>Fonte: ANTT</description><Point><coordinates>-47.589988,-16.771502,0</coordinates></Point></Placemark>
<Placemark><name>Radar 40 km/h</name><description>Fonte: DER-GO</description><Point><coordinates>-49.351236,-16.770787,0</coordinates></Point></Placemark>
<Placemark><name>Radar 80 km/h</name><description>Fonte: ANTT</description><Point><coordinates>-49.239288,-16.768585,0</coordinates></Point></Placemark>
<Placemark><name>Radar</name><description>Fonte: OSM</description><Point><coordinates>-49.239359,-16.767489,0</coordinates></Point></Placemark>
<Placemark><name>Radar</name><description>Fonte: DNIT</description><Point><coordinates>-49.327893,-16.763013,0</coordinates></Point></Placemark>
<Placemark><name>Radar 50 km/h</name><description>Fonte: DER-GO</description><Point><coordinates>-49.702704,-16.762072,0</coordinates></Point></Placemark>
<Placemark><name>Radar 50 km/h</name><description>Fonte: DER-GO</description><Point><coordinates>-49.703486,-16.762063,0</coordinates></Point></Placemark>
<Placemark><name>Radar 40 km/h</name><description>Fonte: DER-GO</description><Point><coordinates>-49.689433,-16.760416,0</coordinates></Point></Placemark>
<Placemark><name>Radar 40 km/h</name><description>Fonte: ANTT</description><Point><coordinates>-47.608611,-16.757301,0</coordinates></Point></Placemark>
<Placemark><name>Radar 80 km/h</name><description>Fonte: OSM</description><Point><coordinates>-49.444114,-16.756578,0</coordinates></Point></Placemark>
<Placemark><name>Radar 40 km/h</name><description>Fonte: DER-GO</description><Point><coordinates>-49.339986,-16.756218,0</coordinates></Point></Placemark>
<Placemark><name>Radar 60 km/h</name><description>Fonte: OSM</description><Point><coordinates>-49.127608,-16.753685,0</coordinates></Point></Placemark>
<Placemark><name>Radar 60 km/h</name><description>Fonte: DER-GO</description><Point><coordinates>-49.127650,-16.753600,0</coordinates></Point></Placemark>
<Placemark><name>Radar 80 km/h</name><description>Fonte: DER-GO</description><Point><coordinates>-48.536944,-16.752690,0</coordinates></Point></Placemark>
<Placemark><name>Radar 60 km/h</name><description>Fonte: DER-GO</description><Point><coordinates>-49.441005,-16.752202,0</coordinates></Point></Placemark>
<Placemark><name>Radar 60 km/h</name><description>Fonte: DER-GO</description><Point><coordinates>-49.440939,-16.752180,0</coordinates></Point></Placemark>
<Placemark><name>Radar 40 km/h</name><description>Fonte: DER-GO</description><Point><coordinates>-48.519085,-16.752031,0</coordinates></Point></Placemark>
<Placemark><name>Radar 60 km/h</name><description>Fonte: OSM</description><Point><coordinates>-49.331338,-16.747925,0</coordinates></Point></Placemark>
<Placemark><name>Radar 60 km/h</name><description>Fonte: OSM</description><Point><coordinates>-49.331180,-16.747871,0</coordinates></Point></Placemark>
<Placemark><name>Radar 80 km/h</name><description>Fonte: DER-GO</description><Point><coordinates>-48.455777,-16.745196,0</coordinates></Point></Placemark>
<Placemark><name>Radar 40 km/h</name><description>Fonte: OSM</description><Point><coordinates>-49.240837,-16.745186,0</coordinates></Point></Placemark>
<Placemark><name>Radar 40 km/h</name><description>Fonte: OSM</description><Point><coordinates>-49.240674,-16.744982,0</coordinates></Point></Placemark>
<Placemark><name>Radar 60 km/h</name><description>Fonte: DER-GO</description><Point><coordinates>-49.136541,-16.744516,0</coordinates></Point></Placemark>
<Placemark><name>Radar 80 km/h</name><description>Fonte: DER-GO</description><Point><coordinates>-48.452018,-16.743689,0</coordinates></Point></Placemark>
<Placemark><name>Radar 40 km/h</name><description>Fonte: DER-GO</description><Point><coordinates>-48.518368,-16.743188,0</coordinates></Point></Placemark>
<Placemark><name>Radar 40 km/h</name><description>Fonte: DER-GO</description><Point><coordinates>-48.518410,-16.743135,0</coordinates></Point></Placemark>
<Placemark><name>Radar 60 km/h</name><description>Fonte: OSM</description><Point><coordinates>-49.140217,-16.742220,0</coordinates></Point></Placemark>
<Placemark><name>Radar 80 km/h</name><description>Fonte: DER-GO</description><Point><coordinates>-50.332299,-16.741962,0</coordinates></Point></Placemark>
<Placemark><name>Radar 40 km/h</name><description>Fonte: DER-GO</description><Point><coordinates>-49.134616,-16.741712,0</coordinates></Point></Placemark>
<Placemark><name>Radar 40 km/h</name><description>Fonte: DER-GO</description><Point><coordinates>-49.447733,-16.741392,0</coordinates></Point></Placemark>
<Placemark><name>Radar 60 km/h</name><description>Fonte: DER-GO</description><Point><coordinates>-49.150806,-16.740103,0</coordinates></Point></Placemark>
<Placemark><name>Radar 60 km/h</name><description>Fonte: DER-GO</description><Point><coordinates>-49.150264,-16.739826,0</coordinates></Point></Placemark>
<Placemark><name>Radar 40 km/h</name><description>Fonte: DER-GO</description><Point><coordinates>-49.448035,-16.738495,0</coordinates></Point></Placemark>
<Placemark><name>Radar 60 km/h</name><description>Fonte: DER-GO</description><Point><coordinates>-49.608644,-16.738067,0</coordinates></Point></Placemark>
<Placemark><name>Radar 60 km/h</name><description>Fonte: DER-GO</description><Point><coordinates>-49.608686,-16.738025,0</coordinates></Point></Placemark>
<Placemark><name>Radar 80 km/h</name><description>Fonte: ANTT</description><Point><coordinates>-49.242949,-16.736838,0</coordinates></Point></Placemark>
<Placemark><name>Radar 80 km/h</name><description>Fonte: OSM</description><Point><coordinates>-49.242911,-16.736702,0</coordinates></Point></Placemark>
<Placemark><name>Radar 60 km/h</name><description>Fonte: DER-GO</description><Point><coordinates>-49.164434,-16.736513,0</coordinates></Point></Placemark>
<Placemark><name>Radar 50 km/h</name><description>Fonte: OSM</description><Point><coordinates>-49.280671,-16.736410,0</coordinates></Point></Placemark>
<Placemark><name>Radar 60 km/h</name><description>Fonte: DER-GO</description><Point><coordinates>-49.165701,-16.736351,0</coordinates></Point></Placemark>
<Placemark><name>Radar 50 km/h</name><description>Fonte: OSM</description><Point><coordinates>-49.280670,-16.736277,0</coordinates></Point></Placemark>
<Placemark><name>Radar 50 km/h</name><description>Fonte: OSM</description><Point><coordinates>-49.212541,-16.735725,0</coordinates></Point></Placemark>
<Placemark><name>Radar</name><description>Fonte: OSM</description><Point><coordinates>-49.300209,-16.733008,0</coordinates></Point></Placemark>
<Placemark><name>Radar 60 km/h</name><description>Fonte: DER-GO</description><Point><coordinates>-51.063168,-16.730840,0</coordinates></Point></Placemark>
<Placemark><name>Radar</name><description>Fonte: OSM</description><Point><coordinates>-49.225594,-16.729865,0</coordinates></Point></Placemark>
<Placemark><name>Radar 50 km/h</name><description>Fonte: OSM</description><Point><coordinates>-49.225188,-16.729833,0</coordinates></Point></Placemark>
<Placemark><name>Radar 80 km/h</name><description>Fonte: DER-GO</description><Point><coordinates>-49.593112,-16.728059,0</coordinates></Point></Placemark>
<Placemark><name>Radar 60 km/h</name><description>Fonte: DER-GO</description><Point><coordinates>-49.111066,-16.727528,0</coordinates></Point></Placemark>
<Placemark><name>Radar 80 km/h</name><description>Fonte: DER-GO</description><Point><coordinates>-49.592313,-16.727497,0</coordinates></Point></Placemark>
<Placemark><name>Radar 80 km/h</name><description>Fonte: OSM</description><Point><coordinates>-49.241237,-16.726663,0</coordinates></Point></Placemark>
<Placemark><name>Radar 60 km/h</name><description>Fonte: DER-GO</description><Point><coordinates>-49.188435,-16.726171,0</coordinates></Point></Placemark>
<Placemark><name>Radar 60 km/h</name><description>Fonte: OSM</description><Point><coordinates>-49.282490,-16.725828,0</coordinates></Point></Placemark>
<Placemark><name>Radar 60 km/h</name><description>Fonte: DER-GO</description><Point><coordinates>-51.065760,-16.724487,0</coordinates></Point></Placemark>
<Placemark><name>Radar 40 km/h</name><description>Fonte: OSM</description><Point><coordinates>-49.108403,-16.724123,0</coordinates></Point></Placemark>
<Placemark><name>Radar 40 km/h</name><description>Fonte: DER-GO</description><Point><coordinates>-49.322189,-16.723825,0</coordinates></Point></Placemark>
<Placemark><name>Radar 40 km/h</name><description>Fonte: DER-GO</description><Point><coordinates>-49.321990,-16.723035,0</coordinates></Point></Placemark>
<Placemark><name>Radar 40 km/h</name><description>Fonte: DER-GO</description><Point><coordinates>-49.108063,-16.723003,0</coordinates></Point></Placemark>
<Placemark><name>Radar 60 km/h</name><description>Fonte: DER-GO</description><Point><coordinates>-49.193419,-16.721106,0</coordinates></Point></Placemark>
<Placemark><name>Radar 80 km/h</name><description>Fonte: DER-GO</description><Point><coordinates>-49.194870,-16.720268,0</coordinates></Point></Placemark>
<Placemark><name>Radar 40 km/h</name><description>Fonte: OSM</description><Point><coordinates>-49.108132,-16.720036,0</coordinates></Point></Placemark>
<Placemark><name>Radar</name><description>Fonte: OSM</description><Point><coordinates>-49.298994,-16.719618,0</coordinates></Point></Placemark>
<Placemark><name>Radar</name><description>Fonte: OSM</description><Point><coordinates>-49.299123,-16.719508,0</coordinates></Point></Placemark>
<Placemark><name>Radar 40 km/h</name><description>Fonte: DER-GO</description><Point><coordinates>-49.108265,-16.719080,0</coordinates></Point></Placemark>
<Placemark><name>Radar 80 km/h</name><description>Fonte: ANTT</description><Point><coordinates>-49.237961,-16.718874,0</coordinates></Point></Placemark>
<Placemark><name>Radar 60 km/h</name><description>Fonte: DER-GO</description><Point><coordinates>-49.042071,-16.718841,0</coordinates></Point></Placemark>
<Placemark><name>Radar 60 km/h</name><description>Fonte: DER-GO</description><Point><coordinates>-49.043045,-16.718760,0</coordinates></Point></Placemark>
<Placemark><name>Radar 80 km/h</name><description>Fonte: OSM</description><Point><coordinates>-49.238028,-16.718718,0</coordinates></Point></Placemark>
<Placemark><name>Radar 40 km/h</name><description>Fonte: OSM</description><Point><coordinates>-49.101708,-16.718107,0</coordinates></Point></Placemark>
<Placemark><name>Radar 60 km/h</name><description>Fonte: OSM</description><Point><coordinates>-49.293737,-16.717813,0</coordinates></Point></Placemark>
<Placemark><name>Radar 60 km/h</name><description>Fonte: OSM</description><Point><coordinates>-49.293479,-16.717623,0</coordinates></Point></Placemark>
<Placemark><name>Radar 60 km/h</name><description>Fonte: ANTT</description><Point><coordinates>-49.365175,-16.717244,0</coordinates></Point></Placemark>
<Placemark><name>Radar 40 km/h</name><description>Fonte: DER-GO</description><Point><coordinates>-49.319627,-16.716683,0</coordinates></Point></Placemark>
<Placemark><name>Radar 40 km/h</name><description>Fonte: DER-GO</description><Point><coordinates>-49.319479,-16.716218,0</coordinates></Point></Placemark>
<Placemark><name>Radar 40 km/h</name><description>Fonte: OSM</description><Point><coordinates>-49.110378,-16.715903,0</coordinates></Point></Placemark>
<Placemark><name>Radar 50 km/h</name><description>Fonte: OSM</description><Point><coordinates>-49.242425,-16.714670,0</coordinates></Point></Placemark>
<Placemark><name>Radar 50 km/h</name><description>Fonte: OSM</description><Point><coordinates>-49.242871,-16.714205,0</coordinates></Point></Placemark>
<Placemark><name>Radar 60 km/h</name><description>Fonte: DER-GO</description><Point><coordinates>-49.460283,-16.713917,0</coordinates></Point></Placemark>
<Placemark><name>Radar 60 km/h</name><description>Fonte: ANTT</description><Point><coordinates>-49.358312,-16.713119,0</coordinates></Point></Placemark>
<Placemark><name>Radar 80 km/h</name><description>Fonte: DER-GO</description><Point><coordinates>-49.214230,-16.712240,0</coordinates></Point></Placemark>
<Placemark><name>Radar 80 km/h</name><description>Fonte: DER-GO</description><Point><coordinates>-49.214088,-16.712167,0</coordinates></Point></Placemark>
<Placemark><name>Radar 80 km/h</name><description>Fonte: OSM</description><Point><coordinates>-49.214380,-16.712106,0</coordinates></Point></Placemark>
<Placemark><name>Radar 40 km/h</name><description>Fonte: DER-GO</description><Point><coordinates>-49.011915,-16.711776,0</coordinates></Point></Placemark>
<Placemark><name>Radar 60 km/h</name><description>Fonte: DER-GO</description><Point><coordinates>-49.462913,-16.711172,0</coordinates></Point></Placemark>
<Placemark><name>Radar 50 km/h</name><description>Fonte: DER-GO</description><Point><coordinates>-49.220770,-16.710410,0</coordinates></Point></Placemark>
<Placemark><name>Radar 50 km/h</name><description>Fonte: DER-GO</description><Point><coordinates>-49.222510,-16.710220,0</coordinates></Point></Placemark>
<Placemark><name>Radar 60 km/h</name><description>Fonte: OSM</description><Point><coordinates>-49.222759,-16.710158,0</coordinates></Point></Placemark>
<Placemark><name>Radar</name><description>Fonte: DNIT</description><Point><coordinates>-49.352929,-16.710017,0</coordinates></Point></Placemark>
<Placemark><name>Radar 40 km/h</name><description>Fonte: DER-GO</description><Point><coordinates>-49.314873,-16.709629,0</coordinates></Point></Placemark>
<Placemark><name>Radar 40 km/h</name><description>Fonte: OSM</description><Point><coordinates>-49.098854,-16.709287,0</coordinates></Point></Placemark>
<Placemark><name>Radar 40 km/h</name><description>Fonte: DER-GO</description><Point><coordinates>-49.314963,-16.709002,0</coordinates></Point></Placemark>
<Placemark><name>Radar 80 km/h</name><description>Fonte: OSM</description><Point><coordinates>-49.230935,-16.708884,0</coordinates></Point></Placemark>
<Placemark><name>Radar 40 km/h</name><description>Fonte: DER-GO</description><Point><coordinates>-49.109882,-16.708668,0</coordinates></Point></Placemark>
<Placemark><name>Radar 40 km/h</name><description>Fonte: OSM</description><Point><coordinates>-49.109897,-16.708447,0</coordinates></Point></Placemark>
<Placemark><name>Radar 60 km/h</name><description>Fonte: DER-GO</description><Point><coordinates>-48.622979,-16.708258,0</coordinates></Point></Placemark>
<Placemark><name>Radar 40 km/h</name><description>Fonte: OSM</description><Point><coordinates>-49.109426,-16.707217,0</coordinates></Point></Placemark>
<Placemark><name>Radar 40 km/h</name><description>Fonte: DER-GO</description><Point><coordinates>-49.109367,-16.707027,0</coordinates></Point></Placemark>
<Placemark><name>Radar</name><description>Fonte: DNIT</description><Point><coordinates>-49.345927,-16.705790,0</coordinates></Point></Placemark>
<Placemark><name>Radar 40 km/h</name><description>Fonte: OSM</description><Point><coordinates>-49.108893,-16.705485,0</coordinates></Point></Placemark>
<Placemark><name>Radar</name><description>Fonte: DNIT</description><Point><coordinates>-49.344587,-16.705332,0</coordinates></Point></Placemark>
<Placemark><name>Radar 50 km/h</name><description>Fonte: OSM</description><Point><coordinates>-49.247111,-16.704003,0</coordinates></Point></Placemark>
<Placemark><name>Radar 40 km/h</name><description>Fonte: OSM</description><Point><coordinates>-49.107891,-16.703894,0</coordinates></Point></Placemark>
<Placemark><name>Radar 40 km/h</name><description>Fonte: OSM</description><Point><coordinates>-49.100558,-16.703817,0</coordinates></Point></Placemark>
<Placemark><name>Radar</name><description>Fonte: OSM</description><Point><coordinates>-49.230929,-16.703784,0</coordinates></Point></Placemark>
<Placemark><name>Radar 50 km/h</name><description>Fonte: OSM</description><Point><coordinates>-49.246944,-16.703633,0</coordinates></Point></Placemark>
<Placemark><name>Radar 40 km/h</name><description>Fonte: OSM</description><Point><coordinates>-49.096994,-16.703453,0</coordinates></Point></Placemark>
<Placemark><name>Radar 80 km/h</name><description>Fonte: OSM</description><Point><coordinates>-49.231185,-16.702660,0</coordinates></Point></Placemark>
<Placemark><name>Radar 80 km/h</name><description>Fonte: DER-GO</description><Point><coordinates>-48.634377,-16.702174,0</coordinates></Point></Placemark>
<Placemark><name>Radar 80 km/h</name><description>Fonte: ANTT</description><Point><coordinates>-49.231262,-16.702105,0</coordinates></Point></Placemark>
<Placemark><name>Radar 40 km/h</name><description>Fonte: OSM</description><Point><coordinates>-49.099771,-16.700253,0</coordinates></Point></Placemark>
<Placemark><name>Radar 60 km/h</name><description>Fonte: DER-GO</description><Point><coordinates>-49.314994,-16.699890,0</coordinates></Point></Placemark>
<Placemark><name>Radar 40 km/h</name><description>Fonte: OSM</description><Point><coordinates>-49.109808,-16.699425,0</coordinates></Point></Placemark>
<Placemark><name>Radar 60 km/h</name><description>Fonte: DER-GO</description><Point><coordinates>-49.315115,-16.699233,0</coordinates></Point></Placemark>
<Placemark><name>Radar</name><description>Fonte: OSM</description><Point><coordinates>-49.331696,-16.699131,0</coordinates></Point></Placemark>
<Placemark><name>Radar 80 km/h</name><description>Fonte: OSM</description><Point><coordinates>-49.330052,-16.698237,0</coordinates></Point></Placemark>
<Placemark><name>Radar 40 km/h</name><description>Fonte: OSM</description><Point><coordinates>-49.105348,-16.693571,0</coordinates></Point></Placemark>
<Placemark><name>Radar 40 km/h</name><description>Fonte: OSM</description><Point><coordinates>-49.097970,-16.692902,0</coordinates></Point></Placemark>
<Placemark><name>Radar 40 km/h</name><description>Fonte: OSM</description><Point><coordinates>-49.107742,-16.690881,0</coordinates></Point></Placemark>
<Placemark><name>Radar 60 km/h</name><description>Fonte: DER-GO</description><Point><coordinates>-49.460220,-16.690687,0</coordinates></Point></Placemark>
<Placemark><name>Radar 80 km/h</name><description>Fonte: DER-GO</description><Point><coordinates>-48.668979,-16.690384,0</coordinates></Point></Placemark>
<Placemark><name>Radar 40 km/h</name><description>Fonte: OSM</description><Point><coordinates>-49.340647,-16.689812,0</coordinates></Point></Placemark>
<Placemark><name>Radar 40 km/h</name><description>Fonte: OSM</description><Point><coordinates>-49.341606,-16.689747,0</coordinates></Point></Placemark>
<Placemark><name>Radar 50 km/h</name><description>Fonte: OSM</description><Point><coordinates>-49.320368,-16.687794,0</coordinates></Point></Placemark>
<Placemark><name>Radar 50 km/h</name><description>Fonte: OSM</description><Point><coordinates>-49.320238,-16.687760,0</coordinates></Point></Placemark>
<Placemark><name>Radar 60 km/h</name><description>Fonte: DER-GO</description><Point><coordinates>-49.460538,-16.687655,0</coordinates></Point></Placemark>
<Placemark><name>Radar 60 km/h</name><description>Fonte: DER-GO</description><Point><coordinates>-49.184480,-16.687399,0</coordinates></Point></Placemark>
<Placemark><name>Radar 60 km/h</name><description>Fonte: DER-GO</description><Point><coordinates>-49.149640,-16.686955,0</coordinates></Point></Placemark>
<Placemark><name>Radar 80 km/h</name><description>Fonte: ANTT</description><Point><coordinates>-49.233367,-16.686646,0</coordinates></Point></Placemark>
<Placemark><name>Radar 60 km/h</name><description>Fonte: DER-GO</description><Point><coordinates>-49.154895,-16.686380,0</coordinates></Point></Placemark>
<Placemark><name>Radar 60 km/h</name><description>Fonte: DER-GO</description><Point><coordinates>-49.155606,-16.686316,0</coordinates></Point></Placemark>
<Placemark><name>Radar 60 km/h</name><description>Fonte: OSM</description><Point><coordinates>-49.267386,-16.685949,0</coordinates></Point></Placemark>
<Placemark><name>Radar 60 km/h</name><description>Fonte: OSM</description><Point><coordinates>-49.267223,-16.685753,0</coordinates></Point></Placemark>
<Placemark><name>Radar 50 km/h</name><description>Fonte: OSM</description><Point><coordinates>-49.267340,-16.685720,0</coordinates></Point></Placemark>
<Placemark><name>Radar</name><description>Fonte: OSM</description><Point><coordinates>-49.233648,-16.685129,0</coordinates></Point></Placemark>
<Placemark><name>Radar 60 km/h</name><description>Fonte: DER-GO</description><Point><coordinates>-49.143178,-16.684591,0</coordinates></Point></Placemark>
<Placemark><name>Radar 40 km/h</name><description>Fonte: DER-GO</description><Point><coordinates>-49.192330,-16.684494,0</coordinates></Point></Placemark>
<Placemark><name>Radar 40 km/h</name><description>Fonte: DER-GO</description><Point><coordinates>-49.193523,-16.684103,0</coordinates></Point></Placemark>
<Placemark><name>Radar 40 km/h</name><description>Fonte: DER-GO</description><Point><coordinates>-49.128743,-16.682905,0</coordinates></Point></Placemark>
<Placemark><name>Radar 60 km/h</name><description>Fonte: OSM</description><Point><coordinates>-49.247573,-16.677967,0</coordinates></Point></Placemark>
<Placemark><name>Radar 80 km/h</name><description>Fonte: OSM</description><Point><coordinates>-49.231045,-16.677185,0</coordinates></Point></Placemark>
<Placemark><name>Radar 80 km/h</name><description>Fonte: OSM</description><Point><coordinates>-49.231190,-16.677121,0</coordinates></Point></Placemark>
<Placemark><name>Radar 60 km/h</name><description>Fonte: DER-GO</description><Point><coordinates>-49.473202,-16.676220,0</coordinates></Point></Placemark>
<Placemark><name>Radar 60 km/h</name><description>Fonte: OSM</description><Point><coordinates>-49.239618,-16.675661,0</coordinates></Point></Placemark>
<Placemark><name>Radar 50 km/h</name><description>Fonte: OSM</description><Point><coordinates>-49.297949,-16.674008,0</coordinates></Point></Placemark>
<Placemark><name>Radar 50 km/h</name><description>Fonte: OSM</description><Point><coordinates>-49.299996,-16.673469,0</coordinates></Point></Placemark>
<Placemark><name>Radar 50 km/h</name><description>Fonte: OSM</description><Point><coordinates>-49.385808,-16.672133,0</coordinates></Point></Placemark>
<Placemark><name>Radar 50 km/h</name><description>Fonte: OSM</description><Point><coordinates>-49.385914,-16.671774,0</coordinates></Point></Placemark>
<Placemark><name>Radar</name><description>Fonte: OSM</description><Point><coordinates>-49.228004,-16.671325,0</coordinates></Point></Placemark>
<Placemark><name>Radar 50 km/h</name><description>Fonte: OSM</description><Point><coordinates>-49.318370,-16.668042,0</coordinates></Point></Placemark>
<Placemark><name>Radar 40 km/h</name><description>Fonte: DER-GO</description><Point><coordinates>-48.611536,-16.664524,0</coordinates></Point></Placemark>
<Placemark><name>Radar 40 km/h</name><description>Fonte: DER-GO</description><Point><coordinates>-48.611545,-16.664344,0</coordinates></Point></Placemark>
<Placemark><name>Radar 40 km/h</name><description>Fonte: OSM</description><Point><coordinates>-49.126961,-16.663678,0</coordinates></Point></Placemark>
<Placemark><name>Radar</name><description>Fonte: OSM</description><Point><coordinates>-49.221857,-16.661412,0</coordinates></Point></Placemark>
<Placemark><name>Radar 80 km/h</name><description>Fonte: OSM</description><Point><coordinates>-49.221708,-16.661198,0</coordinates></Point></Placemark>
<Placemark><name>Radar 40 km/h</name><description>Fonte: DER-GO</description><Point><coordinates>-49.481778,-16.661017,0</coordinates></Point></Placemark>
<Placemark><name>Radar 40 km/h</name><description>Fonte: DER-GO</description><Point><coordinates>-49.332321,-16.660267,0</coordinates></Point></Placemark>
<Placemark><name>Radar 40 km/h</name><description>Fonte: DER-GO</description><Point><coordinates>-49.210460,-16.660058,0</coordinates></Point></Placemark>
<Placemark><name>Radar 40 km/h</name><description>Fonte: DER-GO</description><Point><coordinates>-49.343006,-16.659958,0</coordinates></Point></Placemark>
<Placemark><name>Radar 40 km/h</name><description>Fonte: DER-GO</description><Point><coordinates>-49.482445,-16.659939,0</coordinates></Point></Placemark>
<Placemark><name>Radar 40 km/h</name><description>Fonte: DER-GO</description><Point><coordinates>-49.342131,-16.659844,0</coordinates></Point></Placemark>
<Placemark><name>Radar 60 km/h</name><description>Fonte: DER-GO</description><Point><coordinates>-49.361972,-16.659358,0</coordinates></Point></Placemark>
<Placemark><name>Radar 40 km/h</name><description>Fonte: DER-GO</description><Point><coordinates>-49.359503,-16.659177,0</coordinates></Point></Placemark>
<Placemark><name>Radar 40 km/h</name><description>Fonte: DER-GO</description><Point><coordinates>-49.203963,-16.657033,0</coordinates></Point></Placemark>
<Placemark><name>Radar 40 km/h</name><description>Fonte: OSM</description><Point><coordinates>-49.205079,-16.657027,0</coordinates></Point></Placemark>
<Placemark><name>Radar 40 km/h</name><description>Fonte: OSM</description><Point><coordinates>-49.204622,-16.656982,0</coordinates></Point></Placemark>
<Placemark><name>Radar 50 km/h</name><description>Fonte: DER-GO</description><Point><coordinates>-49.379193,-16.656730,0</coordinates></Point></Placemark>
<Placemark><name>Radar 40 km/h</name><description>Fonte: DER-GO</description><Point><coordinates>-49.385622,-16.655455,0</coordinates></Point></Placemark>
<Placemark><name>Radar 80 km/h</name><description>Fonte: OSM</description><Point><coordinates>-49.218045,-16.655445,0</coordinates></Point></Placemark>
<Placemark><name>Radar 40 km/h</name><description>Fonte: DER-GO</description><Point><coordinates>-49.385926,-16.655404,0</coordinates></Point></Placemark>
<Placemark><name>Radar 80 km/h</name><description>Fonte: DER-GO</description><Point><coordinates>-49.395372,-16.653624,0</coordinates></Point></Placemark>
<Placemark><name>Radar 40 km/h</name><description>Fonte: DER-GO</description><Point><coordinates>-48.604869,-16.652082,0</coordinates></Point></Placemark>
<Placemark><name>Radar 60 km/h</name><description>Fonte: DER-GO</description><Point><coordinates>-49.333060,-16.651769,0</coordinates></Point></Placemark>
<Placemark><name>Radar 40 km/h</name><description>Fonte: DER-GO</description><Point><coordinates>-49.484466,-16.651148,0</coordinates></Point></Placemark>
<Placemark><name>Radar 40 km/h</name><description>Fonte: DER-GO</description><Point><coordinates>-49.484519,-16.651126,0</coordinates></Point></Placemark>
<Placemark><name>Radar 60 km/h</name><description>Fonte: DER-GO</description><Point><coordinates>-49.334046,-16.650838,0</coordinates></Point></Placemark>
<Placemark><name>Radar 60 km/h</name><description>Fonte: OSM</description><Point><coordinates>-49.326701,-16.650835,0</coordinates></Point></Placemark>
<Placemark><name>Radar 60 km/h</name><description>Fonte: DER-GO</description><Point><coordinates>-49.162609,-16.650533,0</coordinates></Point></Placemark>
<Placemark><name>Radar 60 km/h</name><description>Fonte: OSM</description><Point><coordinates>-49.326254,-16.650464,0</coordinates></Point></Placemark>
<Placemark><name>Radar 40 km/h</name><description>Fonte: DER-GO</description><Point><coordinates>-49.161400,-16.649916,0</coordinates></Point></Placemark>
<Placemark><name>Radar 80 km/h</name><description>Fonte: OSM</description><Point><coordinates>-49.214351,-16.649724,0</coordinates></Point></Placemark>
<Placemark><name>Radar 60 km/h</name><description>Fonte: DER-GO</description><Point><coordinates>-49.416328,-16.649236,0</coordinates></Point></Placemark>
<Placemark><name>Radar 50 km/h</name><description>Fonte: OSM</description><Point><coordinates>-49.312842,-16.648862,0</coordinates></Point></Placemark>
<Placemark><name>Radar 40 km/h</name><description>Fonte: DER-GO</description><Point><coordinates>-49.155643,-16.648850,0</coordinates></Point></Placemark>
<Placemark><name>Radar 80 km/h</name><description>Fonte: DER-GO</description><Point><coordinates>-48.356619,-16.648494,0</coordinates></Point></Placemark>
<Placemark><name>Radar 40 km/h</name><description>Fonte: OSM</description><Point><coordinates>-49.296818,-16.648414,0</coordinates></Point></Placemark>
<Placemark><name>Radar 40 km/h</name><description>Fonte: DER-GO</description><Point><coordinates>-49.150276,-16.647957,0</coordinates></Point></Placemark>
<Placemark><name>Radar 40 km/h</name><description>Fonte: DER-GO</description><Point><coordinates>-49.499094,-16.647954,0</coordinates></Point></Placemark>
<Placemark><name>Radar 40 km/h</name><description>Fonte: DER-GO</description><Point><coordinates>-49.499100,-16.647882,0</coordinates></Point></Placemark>
<Placemark><name>Radar 40 km/h</name><description>Fonte: OSM</description><Point><coordinates>-49.336503,-16.647259,0</coordinates></Point></Placemark>
<Placemark><name>Radar 40 km/h</name><description>Fonte: DER-GO</description><Point><coordinates>-49.147729,-16.647162,0</coordinates></Point></Placemark>
<Placemark><name>Radar 40 km/h</name><description>Fonte: DER-GO</description><Point><coordinates>-49.336661,-16.647054,0</coordinates></Point></Placemark>
<Placemark><name>Radar 40 km/h</name><description>Fonte: DER-GO</description><Point><coordinates>-49.336990,-16.646773,0</coordinates></Point></Placemark>
<Placemark><name>Radar 40 km/h</name><description>Fonte: DER-GO</description><Point><coordinates>-49.506557,-16.646744,0</coordinates></Point></Placemark>
<Placemark><name>Radar 40 km/h</name><description>Fonte: OSM</description><Point><coordinates>-49.337219,-16.646605,0</coordinates></Point></Placemark>
<Placemark><name>Radar 40 km/h</name><description>Fonte: OSM</description><Point><coordinates>-49.433527,-16.646561,0</coordinates></Point></Placemark>
<Placemark><name>Radar 40 km/h</name><description>Fonte: DER-GO</description><Point><coordinates>-49.433798,-16.646515,0</coordinates></Point></Placemark>
<Placemark><name>Radar 40 km/h</name><description>Fonte: DER-GO</description><Point><coordinates>-49.433169,-16.646454,0</coordinates></Point></Placemark>
<Placemark><name>Radar 40 km/h</name><description>Fonte: DER-GO</description><Point><coordinates>-48.713773,-16.646065,0</coordinates></Point></Placemark>
<Placemark><name>Radar 50 km/h</name><description>Fonte: OSM</description><Point><coordinates>-49.265435,-16.646056,0</coordinates></Point></Placemark>
<Placemark><name>Radar 60 km/h</name><description>Fonte: DER-GO</description><Point><coordinates>-49.437275,-16.645905,0</coordinates></Point></Placemark>
<Placemark><name>Radar 50 km/h</name><description>Fonte: OSM</description><Point><coordinates>-49.308888,-16.645870,0</coordinates></Point></Placemark>
<Placemark><name>Radar 60 km/h</name><description>Fonte: DER-GO</description><Point><coordinates>-49.439332,-16.645720,0</coordinates></Point></Placemark>
<Placemark><name>Radar 40 km/h</name><description>Fonte: DER-GO</description><Point><coordinates>-49.482702,-16.645711,0</coordinates></Point></Placemark>
<Placemark><name>Radar 50 km/h</name><description>Fonte: OSM</description><Point><coordinates>-49.266368,-16.645690,0</coordinates></Point></Placemark>
<Placemark><name>Radar 40 km/h</name><description>Fonte: DER-GO</description><Point><coordinates>-48.716105,-16.645665,0</coordinates></Point></Placemark>
<Placemark><name>Radar 40 km/h</name><description>Fonte: DER-GO</description><Point><coordinates>-49.512670,-16.645387,0</coordinates></Point></Placemark>
<Placemark><name>Radar 40 km/h</name><description>Fonte: DER-GO</description><Point><coordinates>-49.478926,-16.645347,0</coordinates></Point></Placemark>
<Placemark><name>Radar 40 km/h</name><description>Fonte: DER-GO</description><Point><coordinates>-49.338927,-16.644612,0</coordinates></Point></Placemark>
<Placemark><name>Radar 40 km/h</name><description>Fonte: DER-GO</description><Point><coordinates>-49.515203,-16.644554,0</coordinates></Point></Placemark>
<Placemark><name>Radar 40 km/h</name><description>Fonte: DER-GO</description><Point><coordinates>-49.464596,-16.644482,0</coordinates></Point></Placemark>
<Placemark><name>Radar 60 km/h</name><description>Fonte: DER-GO</description><Point><coordinates>-49.460269,-16.644347,0</coordinates></Point></Placemark>
<Placemark><name>Radar 80 km/h</name><description>Fonte: OSM</description><Point><coordinates>-49.209843,-16.644020,0</coordinates></Point></Placemark>
<Placemark><name>Radar 50 km/h</name><description>Fonte: OSM</description><Point><coordinates>-49.242299,-16.643981,0</coordinates></Point></Placemark>
<Placemark><name>Radar 50 km/h</name><description>Fonte: OSM</description><Point><coordinates>-49.288168,-16.643721,0</coordinates></Point></Placemark>
<Placemark><name>Radar 40 km/h</name><description>Fonte: DER-GO</description><Point><coordinates>-49.479722,-16.643635,0</coordinates></Point></Placemark>
<Placemark><name>Radar 80 km/h</name><description>Fonte: DER-GO</description><Point><coordinates>-48.359100,-16.640945,0</coordinates></Point></Placemark>
<Placemark><name>Radar 40 km/h</name><description>Fonte: OSM</description><Point><coordinates>-49.524400,-16.640747,0</coordinates></Point></Placemark>
<Placemark><name>Radar 40 km/h</name><description>Fonte: DER-GO</description><Point><coordinates>-49.524489,-16.640639,0</coordinates></Point></Placemark>
<Placemark><name>Radar 40 km/h</name><description>Fonte: DER-GO</description><Point><coordinates>-49.525441,-16.640374,0</coordinates></Point></Placemark>
<Placemark><name>Radar 50 km/h</name><description>Fonte: OSM</description><Point><coordinates>-49.284330,-16.638233,0</coordinates></Point></Placemark>
<Placemark><name>Radar 40 km/h</name><description>Fonte: DER-GO</description><Point><coordinates>-49.473616,-16.635653,0</coordinates></Point></Placemark>
<Placemark><name>Radar 60 km/h</name><description>Fonte: OSM</description><Point><coordinates>-49.282916,-16.635276,0</coordinates></Point></Placemark>
<Placemark><name>Radar 50 km/h</name><description>Fonte: OSM</description><Point><coordinates>-49.237372,-16.635204,0</coordinates></Point></Placemark>
<Placemark><name>Radar 40 km/h</name><description>Fonte: DER-GO</description><Point><coordinates>-49.472776,-16.634772,0</coordinates></Point></Placemark>
<Placemark><name>Radar 60 km/h</name><description>Fonte: OSM</description><Point><coordinates>-49.346600,-16.634562,0</coordinates></Point></Placemark>
<Placemark><name>Radar 80 km/h</name><description>Fonte: OSM</description><Point><coordinates>-49.205112,-16.634335,0</coordinates></Point></Placemark>
<Placemark><name>Radar 80 km/h</name><description>Fonte: OSM</description><Point><coordinates>-49.346432,-16.634296,0</coordinates></Point></Placemark>
<Placemark><name>Radar 80 km/h</name><description>Fonte: DER-GO</description><Point><coordinates>-49.346377,-16.634251,0</coordinates></Point></Placemark>
<Placemark><name>Radar 80 km/h</name><description>Fonte: OSM</description><Point><coordinates>-49.347605,-16.633103,0</coordinates></Point></Placemark>
<Placemark><name>Radar 80 km/h</name><description>Fonte: DER-GO</description><Point><coordinates>-49.347522,-16.633031,0</coordinates></Point></Placemark>
<Placemark><name>Radar 80 km/h</name><description>Fonte: OSM</description><Point><coordinates>-48.742475,-16.630788,0</coordinates></Point></Placemark>
<Placemark><name>Radar 80 km/h</name><description>Fonte: DER-GO</description><Point><coordinates>-48.742277,-16.630692,0</coordinates></Point></Placemark>
<Placemark><name>Radar 60 km/h</name><description>Fonte: DER-GO</description><Point><coordinates>-48.895664,-16.627527,0</coordinates></Point></Placemark>
<Placemark><name>Radar 40 km/h</name><description>Fonte: OSM</description><Point><coordinates>-48.757327,-16.627164,0</coordinates></Point></Placemark>
<Placemark><name>Radar 40 km/h</name><description>Fonte: DER-GO</description><Point><coordinates>-48.757177,-16.627099,0</coordinates></Point></Placemark>
<Placemark><name>Radar 60 km/h</name><description>Fonte: DER-GO</description><Point><coordinates>-48.892670,-16.627090,0</coordinates></Point></Placemark>
<Placemark><name>Radar 80 km/h</name><description>Fonte: DER-GO</description><Point><coordinates>-49.352321,-16.626444,0</coordinates></Point></Placemark>
<Placemark><name>Radar 80 km/h</name><description>Fonte: OSM</description><Point><coordinates>-49.352291,-16.626406,0</coordinates></Point></Placemark>
<Placemark><name>Radar 60 km/h</name><description>Fonte: DER-GO</description><Point><coordinates>-49.352917,-16.626025,0</coordinates></Point></Placemark>
<Placemark><name>Radar 60 km/h</name><description>Fonte: DER-GO</description><Point><coordinates>-48.887684,-16.625962,0</coordinates></Point></Placemark>
<Placemark><name>Radar 60 km/h</name><description>Fonte: DER-GO</description><Point><coordinates>-49.460300,-16.625185,0</coordinates></Point></Placemark>
<Placemark><name>Radar 60 km/h</name><description>Fonte: DER-GO</description><Point><coordinates>-49.460354,-16.625142,0</coordinates></Point></Placemark>
<Placemark><name>Radar 40 km/h</name><description>Fonte: DER-GO</description><Point><coordinates>-48.967529,-16.621502,0</coordinates></Point></Placemark>
<Placemark><name>Radar 40 km/h</name><description>Fonte: DER-GO</description><Point><coordinates>-49.356453,-16.621074,0</coordinates></Point></Placemark>
<Placemark><name>Radar 40 km/h</name><description>Fonte: OSM</description><Point><coordinates>-49.212918,-16.620724,0</coordinates></Point></Placemark>
<Placemark><name>Radar 80 km/h</name><description>Fonte: OSM</description><Point><coordinates>-49.602489,-16.619572,0</coordinates></Point></Placemark>
<Placemark><name>Radar 80 km/h</name><description>Fonte: DER-GO</description><Point><coordinates>-49.600783,-16.619192,0</coordinates></Point></Placemark>
<Placemark><name>Radar 40 km/h</name><description>Fonte: DER-GO</description><Point><coordinates>-49.283780,-16.619036,0</coordinates></Point></Placemark>
<Placemark><name>Radar 80 km/h</name><description>Fonte: DER-GO</description><Point><coordinates>-49.597436,-16.618655,0</coordinates></Point></Placemark>
<Placemark><name>Radar 40 km/h</name><description>Fonte: DER-GO</description><Point><coordinates>-49.358837,-16.618398,0</coordinates></Point></Placemark>
<Placemark><name>Radar 40 km/h</name><description>Fonte: DER-GO</description><Point><coordinates>-48.973068,-16.617702,0</coordinates></Point></Placemark>
<Placemark><name>Radar 60 km/h</name><description>Fonte: DER-GO</description><Point><coordinates>-49.243808,-16.617060,0</coordinates></Point></Placemark>
<Placemark><name>Radar 40 km/h</name><description>Fonte: DER-GO</description><Point><coordinates>-48.950020,-16.616875,0</coordinates></Point></Placemark>
<Placemark><name>Radar 40 km/h</name><description>Fonte: OSM</description><Point><coordinates>-49.106463,-16.616241,0</coordinates></Point></Placemark>
<Placemark><name>Radar 40 km/h</name><description>Fonte: DER-GO</description><Point><coordinates>-49.106253,-16.616202,0</coordinates></Point></Placemark>
<Placemark><name>Radar 40 km/h</name><description>Fonte: OSM</description><Point><coordinates>-49.106533,-16.616051,0</coordinates></Point></Placemark>
<Placemark><name>Radar 80 km/h</name><description>Fonte: OSM</description><Point><coordinates>-48.783892,-16.615081,0</coordinates></Point></Placemark>
<Placemark><name>Radar 60 km/h</name><description>Fonte: DER-GO</description><Point><coordinates>-48.783790,-16.615076,0</coordinates></Point></Placemark>
<Placemark><name>Radar 60 km/h</name><description>Fonte: DER-GO</description><Point><coordinates>-49.243614,-16.613634,0</coordinates></Point></Placemark>
<Placemark><name>Radar 60 km/h</name><description>Fonte: DER-GO</description><Point><coordinates>-49.094994,-16.612635,0</coordinates></Point></Placemark>
<Placemark><name>Radar 60 km/h</name><description>Fonte: DER-GO</description><Point><coordinates>-49.087528,-16.612157,0</coordinates></Point></Placemark>
<Placemark><name>Radar 60 km/h</name><description>Fonte: DER-GO</description><Point><coordinates>-49.283078,-16.611308,0</coordinates></Point></Placemark>
<Placemark><name>Radar 40 km/h</name><description>Fonte: DER-GO</description><Point><coordinates>-50.133296,-16.610800,0</coordinates></Point></Placemark>
<Placemark><name>Radar 40 km/h</name><description>Fonte: DER-GO</description><Point><coordinates>-50.133167,-16.610549,0</coordinates></Point></Placemark>
<Placemark><name>Radar 80 km/h</name><description>Fonte: OSM</description><Point><coordinates>-49.365553,-16.609492,0</coordinates></Point></Placemark>
<Placemark><name>Radar 60 km/h</name><description>Fonte: OSM</description><Point><coordinates>-49.365311,-16.609438,0</coordinates></Point></Placemark>
<Placemark><name>Radar 60 km/h</name><description>Fonte: DER-GO</description><Point><coordinates>-49.365445,-16.609380,0</coordinates></Point></Placemark>
<Placemark><name>Radar 80 km/h</name><description>Fonte: DER-GO</description><Point><coordinates>-49.365377,-16.609243,0</coordinates></Point></Placemark>
<Placemark><name>Radar 40 km/h</name><description>Fonte: OSM</description><Point><coordinates>-50.134695,-16.607485,0</coordinates></Point></Placemark>
<Placemark><name>Radar 40 km/h</name><description>Fonte: DER-GO</description><Point><coordinates>-50.134580,-16.607430,0</coordinates></Point></Placemark>
<Placemark><name>Radar 80 km/h</name><description>Fonte: OSM</description><Point><coordinates>-49.633142,-16.603380,0</coordinates></Point></Placemark>
<Placemark><name>Radar 80 km/h</name><description>Fonte: DER-GO</description><Point><coordinates>-49.634882,-16.603352,0</coordinates></Point></Placemark>
<Placemark><name>Radar 80 km/h</name><description>Fonte: DER-GO</description><Point><coordinates>-49.633283,-16.603337,0</coordinates></Point></Placemark>
<Placemark><name>Radar 80 km/h</name><description>Fonte: OSM</description><Point><coordinates>-49.243733,-16.603181,0</coordinates></Point></Placemark>
<Placemark><name>Radar 80 km/h</name><description>Fonte: DER-GO</description><Point><coordinates>-49.243802,-16.603102,0</coordinates></Point></Placemark>
<Placemark><name>Radar 60 km/h</name><description>Fonte: DER-GO</description><Point><coordinates>-49.280427,-16.603078,0</coordinates></Point></Placemark>
<Placemark><name>Radar 60 km/h</name><description>Fonte: OSM</description><Point><coordinates>-49.367334,-16.602130,0</coordinates></Point></Placemark>
<Placemark><name>Radar 60 km/h</name><description>Fonte: DER-GO</description><Point><coordinates>-49.367379,-16.601972,0</coordinates></Point></Placemark>
<Placemark><name>Radar 50 km/h</name><description>Fonte: OSM</description><Point><coordinates>-49.259245,-16.600792,0</coordinates></Point></Placemark>
<Placemark><name>Radar 40 km/h</name><description>Fonte: DER-GO</description><Point><coordinates>-49.650600,-16.600176,0</coordinates></Point></Placemark>
<Placemark><name>Radar 40 km/h</name><description>Fonte: DER-GO</description><Point><coordinates>-49.653675,-16.599382,0</coordinates></Point></Placemark>
<Placemark><name>Radar 40 km/h</name><description>Fonte: DER-GO</description><Point><coordinates>-49.277892,-16.599374,0</coordinates></Point></Placemark>
<Placemark><name>Radar 60 km/h</name><description>Fonte: DER-GO</description><Point><coordinates>-49.244102,-16.599322,0</coordinates></Point></Placemark>
<Placemark><name>Radar 40 km/h</name><description>Fonte: DER-GO</description><Point><coordinates>-49.277091,-16.598089,0</coordinates></Point></Placemark>
<Placemark><name>Radar 40 km/h</name><description>Fonte: DER-GO</description><Point><coordinates>-50.303044,-16.592377,0</coordinates></Point></Placemark>
<Placemark><name>Radar</name><description>Fonte: OSM</description><Point><coordinates>-49.882970,-16.592257,0</coordinates></Point></Placemark>
<Placemark><name>Radar 40 km/h</name><description>Fonte: DER-GO</description><Point><coordinates>-49.882810,-16.592210,0</coordinates></Point></Placemark>
<Placemark><name>Radar 40 km/h</name><description>Fonte: DER-GO</description><Point><coordinates>-50.303106,-16.592023,0</coordinates></Point></Placemark>
<Placemark><name>Radar 40 km/h</name><description>Fonte: DER-GO</description><Point><coordinates>-49.243936,-16.591432,0</coordinates></Point></Placemark>
<Placemark><name>Radar 60 km/h</name><description>Fonte: OSM</description><Point><coordinates>-49.378386,-16.591101,0</coordinates></Point></Placemark>
<Placemark><name>Radar 60 km/h</name><description>Fonte: DER-GO</description><Point><coordinates>-49.378743,-16.590904,0</coordinates></Point></Placemark>
<Placemark><name>Radar 60 km/h</name><description>Fonte: DER-GO</description><Point><coordinates>-49.379725,-16.590724,0</coordinates></Point></Placemark>
<Placemark><name>Radar 40 km/h</name><description>Fonte: DER-GO</description><Point><coordinates>-49.889607,-16.590595,0</coordinates></Point></Placemark>
<Placemark><name>Radar</name><description>Fonte: OSM</description><Point><coordinates>-49.890301,-16.590445,0</coordinates></Point></Placemark>
<Placemark><name>Radar 60 km/h</name><description>Fonte: OSM</description><Point><coordinates>-49.380215,-16.590298,0</coordinates></Point></Placemark>
<Placemark><name>Radar</name><description>Fonte: OSM</description><Point><coordinates>-49.892435,-16.589920,0</coordinates></Point></Placemark>
<Placemark><name>Radar 40 km/h</name><description>Fonte: DER-GO</description><Point><coordinates>-49.892797,-16.589900,0</coordinates></Point></Placemark>
<Placemark><name>Radar 40 km/h</name><description>Fonte: DER-GO</description><Point><coordinates>-49.244290,-16.588531,0</coordinates></Point></Placemark>
<Placemark><name>Radar 60 km/h</name><description>Fonte: DER-GO</description><Point><coordinates>-48.345858,-16.587890,0</coordinates></Point></Placemark>
<Placemark><name>Radar 80 km/h</name><description>Fonte: DER-GO</description><Point><coordinates>-49.382823,-16.587300,0</coordinates></Point></Placemark>
<Placemark><name>Radar 80 km/h</name><description>Fonte: DER-GO</description><Point><coordinates>-49.382518,-16.587150,0</coordinates></Point></Placemark>
<Placemark><name>Radar 40 km/h</name><description>Fonte: DER-GO</description><Point><coordinates>-49.700720,-16.584500,0</coordinates></Point></Placemark>
<Placemark><name>Radar 40 km/h</name><description>Fonte: OSM</description><Point><coordinates>-49.700891,-16.584447,0</coordinates></Point></Placemark>
<Placemark><name>Radar 40 km/h</name><description>Fonte: OSM</description><Point><coordinates>-49.703925,-16.582683,0</coordinates></Point></Placemark>
<Placemark><name>Radar 40 km/h</name><description>Fonte: DER-GO</description><Point><coordinates>-49.704050,-16.582650,0</coordinates></Point></Placemark>
<Placemark><name>Radar 80 km/h</name><description>Fonte: OSM</description><Point><coordinates>-49.183314,-16.581410,0</coordinates></Point></Placemark>
<Placemark><name>Radar 80 km/h</name><description>Fonte: OSM</description><Point><coordinates>-49.178258,-16.581401,0</coordinates></Point></Placemark>
<Placemark><name>Radar 60 km/h</name><description>Fonte: DER-GO</description><Point><coordinates>-50.291028,-16.578895,0</coordinates></Point></Placemark>
<Placemark><name>Radar 40 km/h</name><description>Fonte: OSM</description><Point><coordinates>-49.388852,-16.578864,0</coordinates></Point></Placemark>
<Placemark><name>Radar 40 km/h</name><description>Fonte: DER-GO</description><Point><coordinates>-49.388940,-16.578671,0</coordinates></Point></Placemark>
<Placemark><name>Radar 40 km/h</name><description>Fonte: DER-GO</description><Point><coordinates>-49.389577,-16.578297,0</coordinates></Point></Placemark>
<Placemark><name>Radar 40 km/h</name><description>Fonte: OSM</description><Point><coordinates>-49.389768,-16.578022,0</coordinates></Point></Placemark>
<Placemark><name>Radar 80 km/h</name><description>Fonte: DER-GO</description><Point><coordinates>-49.244444,-16.576111,0</coordinates></Point></Placemark>
<Placemark><name>Radar 80 km/h</name><description>Fonte: OSM</description><Point><coordinates>-49.244389,-16.576060,0</coordinates></Point></Placemark>
<Placemark><name>Radar 40 km/h</name><description>Fonte: DER-GO</description><Point><coordinates>-49.695491,-16.575848,0</coordinates></Point></Placemark>
<Placemark><name>Radar 40 km/h</name><description>Fonte: DER-GO</description><Point><coordinates>-50.300682,-16.574808,0</coordinates></Point></Placemark>
<Placemark><name>Radar 60 km/h</name><description>Fonte: DER-GO</description><Point><coordinates>-49.413973,-16.574076,0</coordinates></Point></Placemark>
<Placemark><name>Radar 60 km/h</name><description>Fonte: DER-GO</description><Point><coordinates>-49.414036,-16.574056,0</coordinates></Point></Placemark>
<Placemark><name>Radar 80 km/h</name><description>Fonte: OSM</description><Point><coordinates>-49.244129,-16.574003,0</coordinates></Point></Placemark>
<Placemark><name>Radar 80 km/h</name><description>Fonte: DER-GO</description><Point><coordinates>-49.244205,-16.573604,0</coordinates></Point></Placemark>
<Placemark><name>Radar 40 km/h</name><description>Fonte: DER-GO</description><Point><coordinates>-50.304106,-16.572697,0</coordinates></Point></Placemark>
<Placemark><name>Radar 80 km/h</name><description>Fonte: DER-GO</description><Point><coordinates>-49.728907,-16.572332,0</coordinates></Point></Placemark>
<Placemark><name>Radar 80 km/h</name><description>Fonte: OSM</description><Point><coordinates>-49.728633,-16.572232,0</coordinates></Point></Placemark>
<Placemark><name>Radar 80 km/h</name><description>Fonte: OSM</description><Point><coordinates>-49.725791,-16.572179,0</coordinates></Point></Placemark>
<Placemark><name>Radar 80 km/h</name><description>Fonte: DER-GO</description><Point><coordinates>-49.727344,-16.572151,0</coordinates></Point></Placemark>
<Placemark><name>Radar 60 km/h</name><description>Fonte: OSM</description><Point><coordinates>-49.396254,-16.568921,0</coordinates></Point></Placemark>
<Placemark><name>Radar 60 km/h</name><description>Fonte: DER-GO</description><Point><coordinates>-49.396454,-16.568753,0</coordinates></Point></Placemark>
<Placemark><name>Radar 80 km/h</name><description>Fonte: DER-GO</description><Point><coordinates>-49.266201,-16.567894,0</coordinates></Point></Placemark>
<Placemark><name>Radar 80 km/h</name><description>Fonte: DER-GO</description><Point><coordinates>-49.266195,-16.567554,0</coordinates></Point></Placemark>
<Placemark><name>Radar 60 km/h</name><description>Fonte: DER-GO</description><Point><coordinates>-49.398912,-16.565964,0</coordinates></Point></Placemark>
<Placemark><name>Radar 60 km/h</name><description>Fonte: DER-GO</description><Point><coordinates>-49.773714,-16.565833,0</coordinates></Point></Placemark>
<Placemark><name>Radar 60 km/h</name><description>Fonte: OSM</description><Point><coordinates>-49.399171,-16.565801,0</coordinates></Point></Placemark>
<Placemark><name>Radar 40 km/h</name><description>Fonte: DER-GO</description><Point><coordinates>-49.771308,-16.564306,0</coordinates></Point></Placemark>
<Placemark><name>Radar 40 km/h</name><description>Fonte: DER-GO</description><Point><coordinates>-50.319322,-16.562342,0</coordinates></Point></Placemark>
<Placemark><name>Radar 40 km/h</name><description>Fonte: DER-GO</description><Point><coordinates>-50.321023,-16.561238,0</coordinates></Point></Placemark>
<Placemark><name>Radar 60 km/h</name><description>Fonte: DER-GO</description><Point><coordinates>-49.241146,-16.557759,0</coordinates></Point></Placemark>
<Placemark><name>Radar 60 km/h</name><description>Fonte: DER-GO</description><Point><coordinates>-49.241559,-16.557683,0</coordinates></Point></Placemark>
<Placemark><name>Radar 60 km/h</name><description>Fonte: DER-GO</description><Point><coordinates>-49.405888,-16.556434,0</coordinates></Point></Placemark>
<Placemark><name>Radar 60 km/h</name><description>Fonte: DER-GO</description><Point><coordinates>-49.406828,-16.554943,0</coordinates></Point></Placemark>
<Placemark><name>Radar 80 km/h</name><description>Fonte: OSM</description><Point><coordinates>-49.152621,-16.554274,0</coordinates></Point></Placemark>
<Placemark><name>Radar 40 km/h</name><description>Fonte: DER-GO</description><Point><coordinates>-49.035986,-16.548767,0</coordinates></Point></Placemark>
<Placemark><name>Radar 60 km/h</name><description>Fonte: DER-GO</description><Point><coordinates>-49.266735,-16.548140,0</coordinates></Point></Placemark>
<Placemark><name>Radar 40 km/h</name><description>Fonte: DER-GO</description><Point><coordinates>-49.403804,-16.545837,0</coordinates></Point></Placemark>
<Placemark><name>Radar 40 km/h</name><description>Fonte: DER-GO</description><Point><coordinates>-49.403826,-16.544814,0</coordinates></Point></Placemark>
<Placemark><name>Radar 80 km/h</name><description>Fonte: OSM</description><Point><coordinates>-49.149759,-16.542459,0</coordinates></Point></Placemark>
<Placemark><name>Radar 80 km/h</name><description>Fonte: OSM</description><Point><coordinates>-50.348632,-16.542389,0</coordinates></Point></Placemark>
<Placemark><name>Radar 60 km/h</name><description>Fonte: DER-GO</description><Point><coordinates>-50.348875,-16.542219,0</coordinates></Point></Placemark>
<Placemark><name>Radar 60 km/h</name><description>Fonte: DER-GO</description><Point><coordinates>-50.350512,-16.541228,0</coordinates></Point></Placemark>
<Placemark><name>Radar</name><description>Fonte: DNIT</description><Point><coordinates>-47.797611,-16.539333,0</coordinates></Point></Placemark>
<Placemark><name>Radar 80 km/h</name><description>Fonte: OSM</description><Point><coordinates>-49.149260,-16.537888,0</coordinates></Point></Placemark>
<Placemark><name>Radar 40 km/h</name><description>Fonte: OSM</description><Point><coordinates>-49.404950,-16.537812,0</coordinates></Point></Placemark>
<Placemark><name>Radar 40 km/h</name><description>Fonte: DER-GO</description><Point><coordinates>-49.405167,-16.537801,0</coordinates></Point></Placemark>
<Placemark><name>Radar 40 km/h</name><description>Fonte: DER-GO</description><Point><coordinates>-49.405108,-16.537632,0</coordinates></Point></Placemark>
<Placemark><name>Radar 40 km/h</name><description>Fonte: OSM</description><Point><coordinates>-49.405257,-16.537557,0</coordinates></Point></Placemark>
<Placemark><name>Radar 60 km/h</name><description>Fonte: DER-GO</description><Point><coordinates>-50.404299,-16.533868,0</coordinates></Point></Placemark>
<Placemark><name>Radar 40 km/h</name><description>Fonte: OSM</description><Point><coordinates>-50.403163,-16.533466,0</coordinates></Point></Placemark>
<Placemark><name>Radar 80 km/h</name><description>Fonte: DER-GO</description><Point><coordinates>-50.397280,-16.531440,0</coordinates></Point></Placemark>
<Placemark><name>Radar 80 km/h</name><description>Fonte: OSM</description><Point><coordinates>-50.397222,-16.531331,0</coordinates></Point></Placemark>
<Placemark><name>Radar 60 km/h</name><description>Fonte: DER-GO</description><Point><coordinates>-50.364768,-16.531281,0</coordinates></Point></Placemark>
<Placemark><name>Radar 60 km/h</name><description>Fonte: DER-GO</description><Point><coordinates>-50.365253,-16.531227,0</coordinates></Point></Placemark>
<Placemark><name>Radar 80 km/h</name><description>Fonte: DER-GO</description><Point><coordinates>-50.396466,-16.531007,0</coordinates></Point></Placemark>
<Placemark><name>Radar 40 km/h</name><description>Fonte: DER-GO</description><Point><coordinates>-50.389563,-16.529914,0</coordinates></Point></Placemark>
<Placemark><name>Radar 80 km/h</name><description>Fonte: OSM</description><Point><coordinates>-49.141383,-16.529846,0</coordinates></Point></Placemark>
<Placemark><name>Radar 40 km/h</name><description>Fonte: DER-GO</description><Point><coordinates>-50.387586,-16.529546,0</coordinates></Point></Placemark>
<Placemark><name>Radar 40 km/h</name><description>Fonte: DER-GO</description><Point><coordinates>-50.381522,-16.528898,0</coordinates></Point></Placemark>
<Placemark><name>Radar 40 km/h</name><description>Fonte: DER-GO</description><Point><coordinates>-50.378460,-16.528540,0</coordinates></Point></Placemark>
<Placemark><name>Radar 80 km/h</name><description>Fonte: OSM</description><Point><coordinates>-49.137145,-16.528259,0</coordinates></Point></Placemark>
<Placemark><name>Radar 80 km/h</name><description>Fonte: OSM</description><Point><coordinates>-49.124579,-16.518729,0</coordinates></Point></Placemark>
<Placemark><name>Radar 60 km/h</name><description>Fonte: OSM</description><Point><coordinates>-49.416703,-16.516781,0</coordinates></Point></Placemark>
<Placemark><name>Radar 40 km/h</name><description>Fonte: DER-GO</description><Point><coordinates>-49.416751,-16.516492,0</coordinates></Point></Placemark>
<Placemark><name>Radar 80 km/h</name><description>Fonte: OSM</description><Point><coordinates>-49.121985,-16.516327,0</coordinates></Point></Placemark>
<Placemark><name>Radar 40 km/h</name><description>Fonte: DER-GO</description><Point><coordinates>-49.418077,-16.515205,0</coordinates></Point></Placemark>
<Placemark><name>Radar 60 km/h</name><description>Fonte: OSM</description><Point><coordinates>-49.418217,-16.514814,0</coordinates></Point></Placemark>
<Placemark><name>Radar 60 km/h</name><description>Fonte: DER-GO</description><Point><coordinates>-49.823830,-16.513678,0</coordinates></Point></Placemark>
<Placemark><name>Radar 60 km/h</name><description>Fonte: DER-GO</description><Point><coordinates>-49.826046,-16.512100,0</coordinates></Point></Placemark>
<Placemark><name>Radar 40 km/h</name><description>Fonte: OSM</description><Point><coordinates>-49.422049,-16.507256,0</coordinates></Point></Placemark>
<Placemark><name>Radar 40 km/h</name><description>Fonte: DER-GO</description><Point><coordinates>-49.422041,-16.506971,0</coordinates></Point></Placemark>
<Placemark><name>Radar 60 km/h</name><description>Fonte: DER-GO</description><Point><coordinates>-49.283474,-16.506862,0</coordinates></Point></Placemark>
<Placemark><name>Radar 40 km/h</name><description>Fonte: DER-GO</description><Point><coordinates>-49.422313,-16.506853,0</coordinates></Point></Placemark>
<Placemark><name>Radar 60 km/h</name><description>Fonte: OSM</description><Point><coordinates>-49.283486,-16.506740,0</coordinates></Point></Placemark>
<Placemark><name>Radar 40 km/h</name><description>Fonte: OSM</description><Point><coordinates>-49.422309,-16.506629,0</coordinates></Point></Placemark>
<Placemark><name>Radar 40 km/h</name><description>Fonte: OSM</description><Point><coordinates>-49.421676,-16.503204,0</coordinates></Point></Placemark>
<Placemark><name>Radar 40 km/h</name><description>Fonte: DER-GO</description><Point><coordinates>-49.421603,-16.503102,0</coordinates></Point></Placemark>
<Placemark><name>Radar 80 km/h</name><description>Fonte: DER-GO</description><Point><coordinates>-49.887826,-16.499956,0</coordinates></Point></Placemark>
<Placemark><name>Radar 40 km/h</name><description>Fonte: DER-GO</description><Point><coordinates>-49.421302,-16.499803,0</coordinates></Point></Placemark>
<Placemark><name>Radar</name><description>Fonte: OSM</description><Point><coordinates>-49.108570,-16.499743,0</coordinates></Point></Placemark>
<Placemark><name>Radar 40 km/h</name><description>Fonte: OSM</description><Point><coordinates>-49.421233,-16.499467,0</coordinates></Point></Placemark>
<Placemark><name>Radar 40 km/h</name><description>Fonte: DER-GO</description><Point><coordinates>-49.014424,-16.498364,0</coordinates></Point></Placemark>
<Placemark><name>Radar 60 km/h</name><description>Fonte: DER-GO</description><Point><coordinates>-51.183655,-16.498300,0</coordinates></Point></Placemark>
<Placemark><name>Radar 80 km/h</name><description>Fonte: DER-GO</description><Point><coordinates>-49.892005,-16.498138,0</coordinates></Point></Placemark>
<Placemark><name>Radar 80 km/h</name><description>Fonte: OSM</description><Point><coordinates>-49.105957,-16.497160,0</coordinates></Point></Placemark>
<Placemark><name>Radar 60 km/h</name><description>Fonte: DER-GO</description><Point><coordinates>-49.423736,-16.492344,0</coordinates></Point></Placemark>
<Placemark><name>Radar 60 km/h</name><description>Fonte: OSM</description><Point><coordinates>-49.423730,-16.492228,0</coordinates></Point></Placemark>
<Placemark><name>Radar 40 km/h</name><description>Fonte: OSM</description><Point><coordinates>-49.096671,-16.487917,0</coordinates></Point></Placemark>
<Placemark><name>Radar 40 km/h</name><description>Fonte: DER-GO</description><Point><coordinates>-49.306615,-16.484853,0</coordinates></Point></Placemark>
<Placemark><name>Radar 40 km/h</name><description>Fonte: OSM</description><Point><coordinates>-49.093561,-16.484848,0</coordinates></Point></Placemark>
<Placemark><name>Radar 40 km/h</name><description>Fonte: OSM</description><Point><coordinates>-49.092911,-16.483929,0</coordinates></Point></Placemark>
<Placemark><name>Radar 40 km/h</name><description>Fonte: DER-GO</description><Point><coordinates>-49.308054,-16.483122,0</coordinates></Point></Placemark>
<Placemark><name>Radar 60 km/h</name><description>Fonte: DER-GO</description><Point><coordinates>-50.388625,-16.475683,0</coordinates></Point></Placemark>
<Placemark><name>Radar 60 km/h</name><description>Fonte: DER-GO</description><Point><coordinates>-51.128573,-16.468090,0</coordinates></Point></Placemark>
<Placemark><name>Radar 60 km/h</name><description>Fonte: DER-GO</description><Point><coordinates>-51.128536,-16.468082,0</coordinates></Point></Placemark>
<Placemark><name>Radar 40 km/h</name><description>Fonte: DER-GO</description><Point><coordinates>-49.755691,-16.467191,0</coordinates></Point></Placemark>
<Placemark><name>Radar 80 km/h</name><description>Fonte: DER-GO</description><Point><coordinates>-49.439609,-16.466503,0</coordinates></Point></Placemark>
<Placemark><name>Radar 80 km/h</name><description>Fonte: OSM</description><Point><coordinates>-49.440060,-16.466494,0</coordinates></Point></Placemark>
<Placemark><name>Radar 80 km/h</name><description>Fonte: OSM</description><Point><coordinates>-49.439602,-16.466410,0</coordinates></Point></Placemark>
<Placemark><name>Radar 80 km/h</name><description>Fonte: DER-GO</description><Point><coordinates>-49.440009,-16.466402,0</coordinates></Point></Placemark>
<Placemark><name>Radar 60 km/h</name><description>Fonte: DER-GO</description><Point><coordinates>-49.944771,-16.465458,0</coordinates></Point></Placemark>
<Placemark><name>Radar 60 km/h</name><description>Fonte: DER-GO</description><Point><coordinates>-49.943621,-16.465388,0</coordinates></Point></Placemark>
<Placemark><name>Radar 40 km/h</name><description>Fonte: DER-GO</description><Point><coordinates>-49.936007,-16.464665,0</coordinates></Point></Placemark>
<Placemark><name>Radar 60 km/h</name><description>Fonte: DER-GO</description><Point><coordinates>-50.678123,-16.464475,0</coordinates></Point></Placemark>
<Placemark><name>Radar 60 km/h</name><description>Fonte: OSM</description><Point><coordinates>-50.678142,-16.464455,0</coordinates></Point></Placemark>
<Placemark><name>Radar 40 km/h</name><description>Fonte: DER-GO</description><Point><coordinates>-49.933832,-16.464125,0</coordinates></Point></Placemark>
<Placemark><name>Radar 80 km/h</name><description>Fonte: DER-GO</description><Point><coordinates>-51.126544,-16.463207,0</coordinates></Point></Placemark>
<Placemark><name>Radar 40 km/h</name><description>Fonte: DER-GO</description><Point><coordinates>-48.212067,-16.461625,0</coordinates></Point></Placemark>
<Placemark><name>Radar 60 km/h</name><description>Fonte: OSM</description><Point><coordinates>-49.206542,-16.461606,0</coordinates></Point></Placemark>
<Placemark><name>Radar 60 km/h</name><description>Fonte: DER-GO</description><Point><coordinates>-49.206709,-16.461602,0</coordinates></Point></Placemark>
<Placemark><name>Radar 60 km/h</name><description>Fonte: DER-GO</description><Point><coordinates>-49.206608,-16.461601,0</coordinates></Point></Placemark>
<Placemark><name>Radar 60 km/h</name><description>Fonte: OSM</description><Point><coordinates>-49.206766,-16.461501,0</coordinates></Point></Placemark>
<Placemark><name>Radar 40 km/h</name><description>Fonte: DER-GO</description><Point><coordinates>-51.115877,-16.456155,0</coordinates></Point></Placemark>
<Placemark><name>Radar 40 km/h</name><description>Fonte: DER-GO</description><Point><coordinates>-51.115480,-16.455155,0</coordinates></Point></Placemark>
<Placemark><name>Radar 60 km/h</name><description>Fonte: DER-GO</description><Point><coordinates>-51.114845,-16.452743,0</coordinates></Point></Placemark>
<Placemark><name>Radar 40 km/h</name><description>Fonte: DER-GO</description><Point><coordinates>-51.117561,-16.449873,0</coordinates></Point></Placemark>
<Placemark><name>Radar 40 km/h</name><description>Fonte: DER-GO</description><Point><coordinates>-51.118343,-16.449289,0</coordinates></Point></Placemark>
<Placemark><name>Radar 40 km/h</name><description>Fonte: DER-GO</description><Point><coordinates>-51.118917,-16.448566,0</coordinates></Point></Placemark>
<Placemark><name>Radar 110 km/h</name><description>Fonte: OSM</description><Point><coordinates>-49.025647,-16.448357,0</coordinates></Point></Placemark>
<Placemark><name>Radar 40 km/h</name><description>Fonte: DER-GO</description><Point><coordinates>-51.119723,-16.447845,0</coordinates></Point></Placemark>
<Placemark><name>Radar 60 km/h</name><description>Fonte: DER-GO</description><Point><coordinates>-49.951551,-16.447751,0</coordinates></Point></Placemark>
<Placemark><name>Radar 40 km/h</name><description>Fonte: DER-GO</description><Point><coordinates>-51.122316,-16.445051,0</coordinates></Point></Placemark>
<Placemark><name>Radar 40 km/h</name><description>Fonte: DER-GO</description><Point><coordinates>-51.790771,-16.437849,0</coordinates></Point></Placemark>
<Placemark><name>Radar 40 km/h</name><description>Fonte: DER-GO</description><Point><coordinates>-51.107749,-16.437054,0</coordinates></Point></Placemark>
<Placemark><name>Radar 40 km/h</name><description>Fonte: DER-GO</description><Point><coordinates>-51.107647,-16.436737,0</coordinates></Point></Placemark>
<Placemark><name>Radar 40 km/h</name><description>Fonte: DER-GO</description><Point><coordinates>-51.816141,-16.435115,0</coordinates></Point></Placemark>
<Placemark><name>Radar 40 km/h</name><description>Fonte: DER-GO</description><Point><coordinates>-51.108067,-16.435043,0</coordinates></Point></Placemark>
<Placemark><name>Radar 60 km/h</name><description>Fonte: DER-GO</description><Point><coordinates>-49.206334,-16.434384,0</coordinates></Point></Placemark>
<Placemark><name>Radar 40 km/h</name><description>Fonte: DER-GO</description><Point><coordinates>-51.108566,-16.434301,0</coordinates></Point></Placemark>
<Placemark><name>Radar</name><description>Fonte: OSM</description><Point><coordinates>-49.017938,-16.430909,0</coordinates></Point></Placemark>
<Placemark><name>Radar 60 km/h</name><description>Fonte: DER-GO</description><Point><coordinates>-50.030427,-16.430829,0</coordinates></Point></Placemark>
<Placemark><name>Radar 60 km/h</name><description>Fonte: DER-GO</description><Point><coordinates>-50.030330,-16.430569,0</coordinates></Point></Placemark>
<Placemark><name>Radar 40 km/h</name><description>Fonte: DER-GO</description><Point><coordinates>-49.383692,-16.428013,0</coordinates></Point></Placemark>
<Placemark><name>Radar 60 km/h</name><description>Fonte: DER-GO</description><Point><coordinates>-49.215105,-16.427036,0</coordinates></Point></Placemark>
<Placemark><name>Radar 60 km/h</name><description>Fonte: DER-GO</description><Point><coordinates>-49.216741,-16.426244,0</coordinates></Point></Placemark>
<Placemark><name>Radar 40 km/h</name><description>Fonte: DER-GO</description><Point><coordinates>-49.465940,-16.425462,0</coordinates></Point></Placemark>
<Placemark><name>Radar 60 km/h</name><description>Fonte: DER-GO</description><Point><coordinates>-49.467942,-16.422837,0</coordinates></Point></Placemark>
<Placemark><name>Radar</name><description>Fonte: OSM</description><Point><coordinates>-49.218922,-16.418229,0</coordinates></Point></Placemark>
<Placemark><name>Radar 60 km/h</name><description>Fonte: DER-GO</description><Point><coordinates>-48.895761,-16.416200,0</coordinates></Point></Placemark>
<Placemark><name>Radar 40 km/h</name><description>Fonte: DER-GO</description><Point><coordinates>-49.219290,-16.414440,0</coordinates></Point></Placemark>
<Placemark><name>Radar 40 km/h</name><description>Fonte: DER-GO</description><Point><coordinates>-50.029204,-16.413294,0</coordinates></Point></Placemark>
<Placemark><name>Radar 60 km/h</name><description>Fonte: DER-GO</description><Point><coordinates>-51.182422,-16.412446,0</coordinates></Point></Placemark>
<Placemark><name>Radar 60 km/h</name><description>Fonte: DER-GO</description><Point><coordinates>-51.179943,-16.412418,0</coordinates></Point></Placemark>
<Placemark><name>Radar 40 km/h</name><description>Fonte: DER-GO</description><Point><coordinates>-50.030594,-16.411492,0</coordinates></Point></Placemark>
<Placemark><name>Radar 40 km/h</name><description>Fonte: DER-GO</description><Point><coordinates>-49.219430,-16.411140,0</coordinates></Point></Placemark>
<Placemark><name>Radar 40 km/h</name><description>Fonte: OSM</description><Point><coordinates>-49.219415,-16.410955,0</coordinates></Point></Placemark>
<Placemark><name>Radar 60 km/h</name><description>Fonte: DER-GO</description><Point><coordinates>-49.211240,-16.409835,0</coordinates></Point></Placemark>
<Placemark><name>Radar 60 km/h</name><description>Fonte: DER-GO</description><Point><coordinates>-48.947306,-16.406239,0</coordinates></Point></Placemark>
<Placemark><name>Radar 60 km/h</name><description>Fonte: DER-GO</description><Point><coordinates>-48.943165,-16.406057,0</coordinates></Point></Placemark>
<Placemark><name>Radar 60 km/h</name><description>Fonte: DER-GO</description><Point><coordinates>-48.935868,-16.405597,0</coordinates></Point></Placemark>
<Placemark><name>Radar 60 km/h</name><description>Fonte: DER-GO</description><Point><coordinates>-48.949162,-16.405558,0</coordinates></Point></Placemark>
<Placemark><name>Radar 60 km/h</name><description>Fonte: DER-GO</description><Point><coordinates>-48.930653,-16.405293,0</coordinates></Point></Placemark>
<Placemark><name>Radar 60 km/h</name><description>Fonte: OSM</description><Point><coordinates>-48.981071,-16.404986,0</coordinates></Point></Placemark>
<Placemark><name>Radar 80 km/h</name><description>Fonte: DER-GO</description><Point><coordinates>-49.330400,-16.403810,0</coordinates></Point></Placemark>
<Placemark><name>Radar 60 km/h</name><description>Fonte: DER-GO</description><Point><coordinates>-48.953591,-16.403066,0</coordinates></Point></Placemark>
<Placemark><name>Radar 60 km/h</name><description>Fonte: ANTT</description><Point><coordinates>-48.976167,-16.402323,0</coordinates></Point></Placemark>
<Placemark><name>Radar 60 km/h</name><description>Fonte: OSM</description><Point><coordinates>-48.975852,-16.402174,0</coordinates></Point></Placemark>
<Placemark><name>Radar 80 km/h</name><description>Fonte: DER-GO</description><Point><coordinates>-48.179693,-16.401604,0</coordinates></Point></Placemark>
<Placemark><name>Radar 40 km/h</name><description>Fonte: DER-GO</description><Point><coordinates>-49.220711,-16.396103,0</coordinates></Point></Placemark>
<Placemark><name>Radar 40 km/h</name><description>Fonte: DER-GO</description><Point><coordinates>-49.221107,-16.392703,0</coordinates></Point></Placemark>
<Placemark><name>Radar 80 km/h</name><description>Fonte: DER-GO</description><Point><coordinates>-48.111265,-16.392454,0</coordinates></Point></Placemark>
<Placemark><name>Radar 60 km/h</name><description>Fonte: DER-GO</description><Point><coordinates>-49.495416,-16.390842,0</coordinates></Point></Placemark>
<Placemark><name>Radar 60 km/h</name><description>Fonte: DER-GO</description><Point><coordinates>-49.181457,-16.390454,0</coordinates></Point></Placemark>
<Placemark><name>Radar 60 km/h</name><description>Fonte: OSM</description><Point><coordinates>-49.495528,-16.390394,0</coordinates></Point></Placemark>
<Placemark><name>Radar 60 km/h</name><description>Fonte: OSM</description><Point><coordinates>-49.495337,-16.390047,0</coordinates></Point></Placemark>
<Placemark><name>Radar 60 km/h</name><description>Fonte: DER-GO</description><Point><coordinates>-49.495545,-16.389803,0</coordinates></Point></Placemark>
<Placemark><name>Radar 40 km/h</name><description>Fonte: DER-GO</description><Point><coordinates>-49.280149,-16.382672,0</coordinates></Point></Placemark>
<Placemark><name>Radar 40 km/h</name><description>Fonte: DER-GO</description><Point><coordinates>-50.775069,-16.378820,0</coordinates></Point></Placemark>
<Placemark><name>Radar 40 km/h</name><description>Fonte: DER-GO</description><Point><coordinates>-49.326346,-16.378000,0</coordinates></Point></Placemark>
<Placemark><name>Radar 60 km/h</name><description>Fonte: DER-GO</description><Point><coordinates>-49.118042,-16.377972,0</coordinates></Point></Placemark>
<Placemark><name>Radar 60 km/h</name><description>Fonte: DER-GO</description><Point><coordinates>-49.119373,-16.377831,0</coordinates></Point></Placemark>
<Placemark><name>Radar 80 km/h</name><description>Fonte: DER-GO</description><Point><coordinates>-48.076621,-16.376231,0</coordinates></Point></Placemark>
<Placemark><name>Radar 40 km/h</name><description>Fonte: DER-GO</description><Point><coordinates>-49.503241,-16.371941,0</coordinates></Point></Placemark>
<Placemark><name>Radar 80 km/h</name><description>Fonte: DER-GO</description><Point><coordinates>-48.074494,-16.369531,0</coordinates></Point></Placemark>
<Placemark><name>Radar 40 km/h</name><description>Fonte: DER-GO</description><Point><coordinates>-49.505539,-16.369034,0</coordinates></Point></Placemark>
<Placemark><name>Radar 40 km/h</name><description>Fonte: DER-GO</description><Point><coordinates>-49.028492,-16.366995,0</coordinates></Point></Placemark>
<Placemark><name>Radar 40 km/h</name><description>Fonte: DER-GO</description><Point><coordinates>-49.320563,-16.366669,0</coordinates></Point></Placemark>
<Placemark><name>Radar 40 km/h</name><description>Fonte: DER-GO</description><Point><coordinates>-49.320815,-16.366487,0</coordinates></Point></Placemark>
<Placemark><name>Radar 40 km/h</name><description>Fonte: DER-GO</description><Point><coordinates>-49.026476,-16.365906,0</coordinates></Point></Placemark>
<Placemark><name>Radar 40 km/h</name><description>Fonte: DER-GO</description><Point><coordinates>-49.679107,-16.360884,0</coordinates></Point></Placemark>
<Placemark><name>Radar 40 km/h</name><description>Fonte: OSM</description><Point><coordinates>-49.510596,-16.358965,0</coordinates></Point></Placemark>
<Placemark><name>Radar 40 km/h</name><description>Fonte: DER-GO</description><Point><coordinates>-49.510654,-16.358784,0</coordinates></Point></Placemark>
<Placemark><name>Radar 40 km/h</name><description>Fonte: OSM</description><Point><coordinates>-49.511029,-16.358299,0</coordinates></Point></Placemark>
<Placemark><name>Radar 40 km/h</name><description>Fonte: DER-GO</description><Point><coordinates>-49.511013,-16.358273,0</coordinates></Point></Placemark>
<Placemark><name>Radar 60 km/h</name><description>Fonte: DER-GO</description><Point><coordinates>-48.999255,-16.352205,0</coordinates></Point></Placemark>
<Placemark><name>Radar 40 km/h</name><description>Fonte: DER-GO</description><Point><coordinates>-49.411390,-16.348841,0</coordinates></Point></Placemark>
<Placemark><name>Radar 60 km/h</name><description>Fonte: DER-GO</description><Point><coordinates>-49.405972,-16.348830,0</coordinates></Point></Placemark>
<Placemark><name>Radar 40 km/h</name><description>Fonte: OSM</description><Point><coordinates>-48.908700,-16.348367,0</coordinates></Point></Placemark>
<Placemark><name>Radar 40 km/h</name><description>Fonte: ANTT</description><Point><coordinates>-48.908274,-16.347739,0</coordinates></Point></Placemark>
<Placemark><name>Radar 40 km/h</name><description>Fonte: OSM</description><Point><coordinates>-48.907757,-16.347431,0</coordinates></Point></Placemark>
<Placemark><name>Radar 60 km/h</name><description>Fonte: DER-GO</description><Point><coordinates>-50.811838,-16.343429,0</coordinates></Point></Placemark>
<Placemark><name>Radar 60 km/h</name><description>Fonte: DER-GO</description><Point><coordinates>-50.812009,-16.343357,0</coordinates></Point></Placemark>
<Placemark><name>Radar 40 km/h</name><description>Fonte: DER-GO</description><Point><coordinates>-49.502444,-16.342817,0</coordinates></Point></Placemark>
<Placemark><name>Radar 60 km/h</name><description>Fonte: DER-GO</description><Point><coordinates>-49.444521,-16.341187,0</coordinates></Point></Placemark>
<Placemark><name>Radar 80 km/h</name><description>Fonte: DER-GO</description><Point><coordinates>-49.516665,-16.339601,0</coordinates></Point></Placemark>
<Placemark><name>Radar 80 km/h</name><description>Fonte: OSM</description><Point><coordinates>-49.516540,-16.339597,0</coordinates></Point></Placemark>
<Placemark><name>Radar 80 km/h</name><description>Fonte: ANTT</description><Point><coordinates>-48.922778,-16.338150,0</coordinates></Point></Placemark>
<Placemark><name>Radar 80 km/h</name><description>Fonte: ANTT</description><Point><coordinates>-48.922490,-16.335995,0</coordinates></Point></Placemark>
<Placemark><name>Radar</name><description>Fonte: OSM</description><Point><coordinates>-48.907314,-16.330350,0</coordinates></Point></Placemark>
<Placemark><name>Radar</name><description>Fonte: OSM</description><Point><coordinates>-48.910026,-16.330075,0</coordinates></Point></Placemark>
<Placemark><name>Radar 60 km/h</name><description>Fonte: DER-GO</description><Point><coordinates>-49.027706,-16.321731,0</coordinates></Point></Placemark>
<Placemark><name>Radar 80 km/h</name><description>Fonte: DER-GO</description><Point><coordinates>-49.269345,-16.314991,0</coordinates></Point></Placemark>
<Placemark><name>Radar 40 km/h</name><description>Fonte: DER-GO</description><Point><coordinates>-48.015640,-16.314541,0</coordinates></Point></Placemark>
<Placemark><name>Radar 80 km/h</name><description>Fonte: OSM</description><Point><coordinates>-49.525485,-16.311280,0</coordinates></Point></Placemark>
<Placemark><name>Radar 80 km/h</name><description>Fonte: DER-GO</description><Point><coordinates>-49.525452,-16.311191,0</coordinates></Point></Placemark>
<Placemark><name>Radar 40 km/h</name><description>Fonte: DER-GO</description><Point><coordinates>-48.013861,-16.309942,0</coordinates></Point></Placemark>
<Placemark><name>Radar 60 km/h</name><description>Fonte: DER-GO</description><Point><coordinates>-51.476499,-16.308102,0</coordinates></Point></Placemark>
<Placemark><name>Radar 40 km/h</name><description>Fonte: DER-GO</description><Point><coordinates>-49.082921,-16.305711,0</coordinates></Point></Placemark>
<Placemark><name>Radar 60 km/h</name><description>Fonte: DER-GO</description><Point><coordinates>-47.630381,-16.305239,0</coordinates></Point></Placemark>
<Placemark><name>Radar 40 km/h</name><description>Fonte: DER-GO</description><Point><coordinates>-49.084067,-16.304795,0</coordinates></Point></Placemark>
<Placemark><name>Radar 80 km/h</name><description>Fonte: DER-GO</description><Point><coordinates>-49.108008,-16.304502,0</coordinates></Point></Placemark>
<Placemark><name>Radar 80 km/h</name><description>Fonte: ANTT</description><Point><coordinates>-48.924616,-16.304463,0</coordinates></Point></Placemark>
<Placemark><name>Radar 60 km/h</name><description>Fonte: DER-GO</description><Point><coordinates>-51.464159,-16.301870,0</coordinates></Point></Placemark>
<Placemark><name>Radar 40 km/h</name><description>Fonte: OSM</description><Point><coordinates>-48.812652,-16.300479,0</coordinates></Point></Placemark>
<Placemark><name>Radar 80 km/h</name><description>Fonte: DER-GO</description><Point><coordinates>-49.100162,-16.300031,0</coordinates></Point></Placemark>
<Placemark><name>Radar 40 km/h</name><description>Fonte: DER-GO</description><Point><coordinates>-49.090065,-16.299844,0</coordinates></Point></Placemark>
<Placemark><name>Radar 80 km/h</name><description>Fonte: ANTT</description><Point><coordinates>-48.927526,-16.299461,0</coordinates></Point></Placemark>
<Placemark><name>Radar 40 km/h</name><description>Fonte: DER-GO</description><Point><coordinates>-50.541829,-16.298885,0</coordinates></Point></Placemark>
<Placemark><name>Radar 40 km/h</name><description>Fonte: DER-GO</description><Point><coordinates>-50.553408,-16.296087,0</coordinates></Point></Placemark>
<Placemark><name>Radar 40 km/h</name><description>Fonte: DER-GO</description><Point><coordinates>-50.553203,-16.295968,0</coordinates></Point></Placemark>
<Placemark><name>Radar 60 km/h</name><description>Fonte: DER-GO</description><Point><coordinates>-49.535064,-16.294388,0</coordinates></Point></Placemark>
<Placemark><name>Radar 60 km/h</name><description>Fonte: OSM</description><Point><coordinates>-49.535147,-16.294237,0</coordinates></Point></Placemark>
<Placemark><name>Radar 40 km/h</name><description>Fonte: DER-GO</description><Point><coordinates>-49.098604,-16.292721,0</coordinates></Point></Placemark>
<Placemark><name>Radar 80 km/h</name><description>Fonte: ANTT</description><Point><coordinates>-48.935040,-16.291348,0</coordinates></Point></Placemark>
<Placemark><name>Radar 80 km/h</name><description>Fonte: ANTT</description><Point><coordinates>-48.943195,-16.286986,0</coordinates></Point></Placemark>
<Placemark><name>Radar 80 km/h</name><description>Fonte: ANTT</description><Point><coordinates>-48.955326,-16.282801,0</coordinates></Point></Placemark>
<Placemark><name>Radar 60 km/h</name><description>Fonte: ANTT</description><Point><coordinates>-48.942771,-16.282363,0</coordinates></Point></Placemark>
<Placemark><name>Radar 60 km/h</name><description>Fonte: DER-GO</description><Point><coordinates>-48.881379,-16.277085,0</coordinates></Point></Placemark>
<Placemark><name>Radar 60 km/h</name><description>Fonte: DER-GO</description><Point><coordinates>-48.879063,-16.275740,0</coordinates></Point></Placemark>
<Placemark><name>Radar 80 km/h</name><description>Fonte: ANTT</description><Point><coordinates>-48.972678,-16.272530,0</coordinates></Point></Placemark>
<Placemark><name>Radar 80 km/h</name><description>Fonte: ANTT</description><Point><coordinates>-48.974186,-16.271461,0</coordinates></Point></Placemark>
<Placemark><name>Radar 40 km/h</name><description>Fonte: DER-GO</description><Point><coordinates>-47.782078,-16.269004,0</coordinates></Point></Placemark>
<Placemark><name>Radar 60 km/h</name><description>Fonte: ANTT</description><Point><coordinates>-48.939551,-16.268962,0</coordinates></Point></Placemark>
<Placemark><name>Radar 60 km/h</name><description>Fonte: OSM</description><Point><coordinates>-49.546347,-16.268698,0</coordinates></Point></Placemark>
<Placemark><name>Radar 60 km/h</name><description>Fonte: DER-GO</description><Point><coordinates>-49.546407,-16.268503,0</coordinates></Point></Placemark>
<Placemark><name>Radar 40 km/h</name><description>Fonte: DER-GO</description><Point><coordinates>-47.788155,-16.268496,0</coordinates></Point></Placemark>
<Placemark><name>Radar</name><description>Fonte: OSM</description><Point><coordinates>-48.765801,-16.265441,0</coordinates></Point></Placemark>
<Placemark><name>Radar 40 km/h</name><description>Fonte: DER-GO</description><Point><coordinates>-47.933710,-16.261738,0</coordinates></Point></Placemark>
<Placemark><name>Radar 40 km/h</name><description>Fonte: DER-GO</description><Point><coordinates>-47.792230,-16.261165,0</coordinates></Point></Placemark>
<Placemark><name>Radar 40 km/h</name><description>Fonte: DER-GO</description><Point><coordinates>-49.371704,-16.257723,0</coordinates></Point></Placemark>
<Placemark><name>Radar 40 km/h</name><description>Fonte: DER-GO</description><Point><coordinates>-49.371246,-16.257193,0</coordinates></Point></Placemark>
<Placemark><name>Radar 40 km/h</name><description>Fonte: DER-GO</description><Point><coordinates>-49.983332,-16.255871,0</coordinates></Point></Placemark>
<Placemark><name>Radar 40 km/h</name><description>Fonte: DER-GO</description><Point><coordinates>-49.983295,-16.255462,0</coordinates></Point></Placemark>
<Placemark><name>Radar 40 km/h</name><description>Fonte: DER-GO</description><Point><coordinates>-47.928845,-16.255451,0</coordinates></Point></Placemark>
<Placemark><name>Radar 80 km/h</name><description>Fonte: ANTT</description><Point><coordinates>-48.991761,-16.254773,0</coordinates></Point></Placemark>
<Placemark><name>Radar 60 km/h</name><description>Fonte: ANTT</description><Point><coordinates>-48.934741,-16.249033,0</coordinates></Point></Placemark>
<Placemark><name>Radar 40 km/h</name><description>Fonte: DER-GO</description><Point><coordinates>-47.912161,-16.246521,0</coordinates></Point></Placemark>
<Placemark><name>Radar</name><description>Fonte: DNIT</description><Point><coordinates>-47.906278,-16.245167,0</coordinates></Point></Placemark>
<Placemark><name>Radar 40 km/h</name><description>Fonte: OSM</description><Point><coordinates>-47.907447,-16.244198,0</coordinates></Point></Placemark>
<Placemark><name>Radar</name><description>Fonte: DNIT</description><Point><coordinates>-47.907711,-16.243793,0</coordinates></Point></Placemark>
<Placemark><name>Radar 80 km/h</name><description>Fonte: ANTT</description><Point><coordinates>-49.003264,-16.242058,0</coordinates></Point></Placemark>
<Placemark><name>Radar 40 km/h</name><description>Fonte: DER-GO</description><Point><coordinates>-51.255478,-16.241175,0</coordinates></Point></Placemark>
<Placemark><name>Radar 80 km/h</name><description>Fonte: ANTT</description><Point><coordinates>-48.932407,-16.236223,0</coordinates></Point></Placemark>
<Placemark><name>Radar 80 km/h</name><description>Fonte: ANTT</description><Point><coordinates>-49.009907,-16.227873,0</coordinates></Point></Placemark>
<Placemark><name>Radar</name><description>Fonte: DNIT</description><Point><coordinates>-47.914229,-16.226773,0</coordinates></Point></Placemark>
<Placemark><name>Radar</name><description>Fonte: DNIT</description><Point><coordinates>-47.914250,-16.224972,0</coordinates></Point></Placemark>
<Placemark><name>Radar 40 km/h</name><description>Fonte: DER-GO</description><Point><coordinates>-49.187507,-16.222961,0</coordinates></Point></Placemark>
<Placemark><name>Radar 80 km/h</name><description>Fonte: ANTT</description><Point><coordinates>-48.920243,-16.217023,0</coordinates></Point></Placemark>
<Placemark><name>Radar 40 km/h</name><description>Fonte: DER-GO</description><Point><coordinates>-48.065020,-16.215871,0</coordinates></Point></Placemark>
<Placemark><name>Radar 40 km/h</name><description>Fonte: DER-GO</description><Point><coordinates>-48.066197,-16.214447,0</coordinates></Point></Placemark>
<Placemark><name>Radar 80 km/h</name><description>Fonte: DER-GO</description><Point><coordinates>-48.684455,-16.208099,0</coordinates></Point></Placemark>
<Placemark><name>Radar 40 km/h</name><description>Fonte: OSM</description><Point><coordinates>-49.596784,-16.205619,0</coordinates></Point></Placemark>
<Placemark><name>Radar 40 km/h</name><description>Fonte: DER-GO</description><Point><coordinates>-49.596905,-16.205504,0</coordinates></Point></Placemark>
<Placemark><name>Radar 40 km/h</name><description>Fonte: DER-GO</description><Point><coordinates>-49.597468,-16.205274,0</coordinates></Point></Placemark>
<Placemark><name>Radar 40 km/h</name><description>Fonte: OSM</description><Point><coordinates>-49.597738,-16.205125,0</coordinates></Point></Placemark>
<Placemark><name>Radar 40 km/h</name><description>Fonte: DER-GO</description><Point><coordinates>-49.608507,-16.205041,0</coordinates></Point></Placemark>
<Placemark><name>Radar 60 km/h</name><description>Fonte: DER-GO</description><Point><coordinates>-48.703979,-16.204323,0</coordinates></Point></Placemark>
<Placemark><name>Radar 60 km/h</name><description>Fonte: DER-GO</description><Point><coordinates>-48.703907,-16.204303,0</coordinates></Point></Placemark>
<Placemark><name>Radar 40 km/h</name><description>Fonte: OSM</description><Point><coordinates>-49.600674,-16.202719,0</coordinates></Point></Placemark>
<Placemark><name>Radar 60 km/h</name><description>Fonte: DER-GO</description><Point><coordinates>-52.167887,-16.202645,0</coordinates></Point></Placemark>
<Placemark><name>Radar 40 km/h</name><description>Fonte: DER-GO</description><Point><coordinates>-49.600832,-16.202522,0</coordinates></Point></Placemark>
<Placemark><name>Radar 40 km/h</name><description>Fonte: DER-GO</description><Point><coordinates>-49.601106,-16.202501,0</coordinates></Point></Placemark>
<Placemark><name>Radar 40 km/h</name><description>Fonte: OSM</description><Point><coordinates>-49.601374,-16.202288,0</coordinates></Point></Placemark>
<Placemark><name>Radar 40 km/h</name><description>Fonte: DER-GO</description><Point><coordinates>-50.307672,-16.201509,0</coordinates></Point></Placemark>
<Placemark><name>Radar 40 km/h</name><description>Fonte: DER-GO</description><Point><coordinates>-50.307974,-16.201179,0</coordinates></Point></Placemark>
<Placemark><name>Radar 40 km/h</name><description>Fonte: OSM</description><Point><coordinates>-49.603715,-16.199321,0</coordinates></Point></Placemark>
<Placemark><name>Radar 40 km/h</name><description>Fonte: DER-GO</description><Point><coordinates>-49.603796,-16.199052,0</coordinates></Point></Placemark>
<Placemark><name>Radar 40 km/h</name><description>Fonte: DER-GO</description><Point><coordinates>-52.535218,-16.198360,0</coordinates></Point></Placemark>
<Placemark><name>Radar 40 km/h</name><description>Fonte: DER-GO</description><Point><coordinates>-52.535217,-16.198331,0</coordinates></Point></Placemark>
<Placemark><name>Radar 40 km/h</name><description>Fonte: DER-GO</description><Point><coordinates>-49.607108,-16.193204,0</coordinates></Point></Placemark>
<Placemark><name>Radar 40 km/h</name><description>Fonte: OSM</description><Point><coordinates>-49.607312,-16.192926,0</coordinates></Point></Placemark>
<Placemark><name>Radar</name><description>Fonte: OSM</description><Point><coordinates>-48.681522,-16.189280,0</coordinates></Point></Placemark>
<Placemark><name>Radar 40 km/h</name><description>Fonte: DER-GO</description><Point><coordinates>-50.954084,-16.186356,0</coordinates></Point></Placemark>
<Placemark><name>Radar 80 km/h</name><description>Fonte: ANTT</description><Point><coordinates>-49.042126,-16.180240,0</coordinates></Point></Placemark>
<Placemark><name>Radar</name><description>Fonte: DNIT</description><Point><coordinates>-47.929083,-16.177194,0</coordinates></Point></Placemark>
<Placemark><name>Radar 40 km/h</name><description>Fonte: OSM</description><Point><coordinates>-47.929407,-16.177066,0</coordinates></Point></Placemark>
<Placemark><name>Radar 40 km/h</name><description>Fonte: OSM</description><Point><coordinates>-47.929111,-16.177033,0</coordinates></Point></Placemark>
<Placemark><name>Radar</name><description>Fonte: DNIT</description><Point><coordinates>-47.929401,-16.176663,0</coordinates></Point></Placemark>
<Placemark><name>Radar</name><description>Fonte: DNIT</description><Point><coordinates>-47.930139,-16.169333,0</coordinates></Point></Placemark>
<Placemark><name>Radar 80 km/h</name><description>Fonte: ANTT</description><Point><coordinates>-49.043457,-16.163261,0</coordinates></Point></Placemark>
<Placemark><name>Radar</name><description>Fonte: DNIT</description><Point><coordinates>-47.932840,-16.158850,0</coordinates></Point></Placemark>
<Placemark><name>Radar 80 km/h</name><description>Fonte: ANTT</description><Point><coordinates>-49.043635,-16.157159,0</coordinates></Point></Placemark>
<Placemark><name>Radar</name><description>Fonte: DNIT</description><Point><coordinates>-47.938972,-16.151722,0</coordinates></Point></Placemark>
<Placemark><name>Radar 60 km/h</name><description>Fonte: DER-GO</description><Point><coordinates>-48.075828,-16.151342,0</coordinates></Point></Placemark>
<Placemark><name>Radar 60 km/h</name><description>Fonte: DER-GO</description><Point><coordinates>-48.075891,-16.151298,0</coordinates></Point></Placemark>
<Placemark><name>Radar</name><description>Fonte: DNIT</description><Point><coordinates>-47.946067,-16.144270,0</coordinates></Point></Placemark>
<Placemark><name>Radar 40 km/h</name><description>Fonte: DER-GO</description><Point><coordinates>-50.219800,-16.134200,0</coordinates></Point></Placemark>
<Placemark><name>Radar 80 km/h</name><description>Fonte: ANTT</description><Point><coordinates>-49.047662,-16.133671,0</coordinates></Point></Placemark>
<Placemark><name>Radar</name><description>Fonte: DNIT</description><Point><coordinates>-47.956139,-16.133556,0</coordinates></Point></Placemark>
<Placemark><name>Radar 60 km/h</name><description>Fonte: DER-GO</description><Point><coordinates>-50.234000,-16.133000,0</coordinates></Point></Placemark>
<Placemark><name>Radar 60 km/h</name><description>Fonte: DER-GO</description><Point><coordinates>-50.229600,-16.131300,0</coordinates></Point></Placemark>
<Placemark><name>Radar</name><description>Fonte: DNIT</description><Point><coordinates>-47.959111,-16.128889,0</coordinates></Point></Placemark>
<Placemark><name>Radar 40 km/h</name><description>Fonte: OSM</description><Point><coordinates>-47.959249,-16.128788,0</coordinates></Point></Placemark>
<Placemark><name>Radar 60 km/h</name><description>Fonte: OSM</description><Point><coordinates>-49.649774,-16.128262,0</coordinates></Point></Placemark>
<Placemark><name>Radar 40 km/h</name><description>Fonte: OSM</description><Point><coordinates>-47.959996,-16.128130,0</coordinates></Point></Placemark>
<Placemark><name>Radar 60 km/h</name><description>Fonte: DER-GO</description><Point><coordinates>-49.649886,-16.128054,0</coordinates></Point></Placemark>
<Placemark><name>Radar</name><description>Fonte: DNIT</description><Point><coordinates>-47.960333,-16.127667,0</coordinates></Point></Placemark>
<Placemark><name>Radar 80 km/h</name><description>Fonte: ANTT</description><Point><coordinates>-48.895143,-16.127488,0</coordinates></Point></Placemark>
<Placemark><name>Radar 60 km/h</name><description>Fonte: DER-GO</description><Point><coordinates>-49.651072,-16.126802,0</coordinates></Point></Placemark>
<Placemark><name>Radar 60 km/h</name><description>Fonte: OSM</description><Point><coordinates>-49.651269,-16.126638,0</coordinates></Point></Placemark>
<Placemark><name>Radar</name><description>Fonte: OSM</description><Point><coordinates>-48.424481,-16.121293,0</coordinates></Point></Placemark>
<Placemark><name>Radar</name><description>Fonte: DNIT</description><Point><coordinates>-47.492381,-16.111064,0</coordinates></Point></Placemark>
<Placemark><name>Radar 110 km/h</name><description>Fonte: OSM</description><Point><coordinates>-48.363106,-16.109632,0</coordinates></Point></Placemark>
<Placemark><name>Radar 80 km/h</name><description>Fonte: ANTT</description><Point><coordinates>-49.030959,-16.109264,0</coordinates></Point></Placemark>
<Placemark><name>Radar</name><description>Fonte: DNIT</description><Point><coordinates>-47.972949,-16.107697,0</coordinates></Point></Placemark>
<Placemark><name>Radar 60 km/h</name><description>Fonte: DER-GO</description><Point><coordinates>-47.965005,-16.106953,0</coordinates></Point></Placemark>
<Placemark><name>Radar 40 km/h</name><description>Fonte: DER-GO</description><Point><coordinates>-49.334406,-16.106504,0</coordinates></Point></Placemark>
<Placemark><name>Radar 40 km/h</name><description>Fonte: OSM</description><Point><coordinates>-49.334303,-16.106504,0</coordinates></Point></Placemark>
<Placemark><name>Radar 40 km/h</name><description>Fonte: DER-GO</description><Point><coordinates>-49.334202,-16.106401,0</coordinates></Point></Placemark>
<Placemark><name>Radar 40 km/h</name><description>Fonte: OSM</description><Point><coordinates>-49.334353,-16.106317,0</coordinates></Point></Placemark>
<Placemark><name>Radar</name><description>Fonte: OSM</description><Point><coordinates>-48.451473,-16.105597,0</coordinates></Point></Placemark>
<Placemark><name>Radar 60 km/h</name><description>Fonte: DER-GO</description><Point><coordinates>-47.963111,-16.104406,0</coordinates></Point></Placemark>
<Placemark><name>Radar 80 km/h</name><description>Fonte: ANTT</description><Point><coordinates>-48.869386,-16.103908,0</coordinates></Point></Placemark>
<Placemark><name>Radar</name><description>Fonte: OSM</description><Point><coordinates>-48.465910,-16.101981,0</coordinates></Point></Placemark>
<Placemark><name>Radar 60 km/h</name><description>Fonte: DER-GO</description><Point><coordinates>-50.128025,-16.099784,0</coordinates></Point></Placemark>
<Placemark><name>Radar</name><description>Fonte: DNIT</description><Point><coordinates>-47.978306,-16.099417,0</coordinates></Point></Placemark>
<Placemark><name>Radar</name><description>Fonte: OSM</description><Point><coordinates>-48.476760,-16.098446,0</coordinates></Point></Placemark>
<Placemark><name>Radar 110 km/h</name><description>Fonte: DER-GO</description><Point><coordinates>-49.704157,-16.097450,0</coordinates></Point></Placemark>
<Placemark><name>Radar 110 km/h</name><description>Fonte: OSM</description><Point><coordinates>-49.704340,-16.097370,0</coordinates></Point></Placemark>
<Placemark><name>Radar 110 km/h</name><description>Fonte: OSM</description><Point><coordinates>-49.706743,-16.096939,0</coordinates></Point></Placemark>
<Placemark><name>Radar 110 km/h</name><description>Fonte: DER-GO</description><Point><coordinates>-49.706707,-16.096902,0</coordinates></Point></Placemark>
<Placemark><name>Radar 60 km/h</name><description>Fonte: DER-GO</description><Point><coordinates>-50.124226,-16.096269,0</coordinates></Point></Placemark>
<Placemark><name>Radar 60 km/h</name><description>Fonte: DER-GO</description><Point><coordinates>-50.120584,-16.092988,0</coordinates></Point></Placemark>
<Placemark><name>Radar</name><description>Fonte: DNIT</description><Point><coordinates>-47.984444,-16.089028,0</coordinates></Point></Placemark>
<Placemark><name>Radar</name><description>Fonte: DNIT</description><Point><coordinates>-47.986381,-16.086342,0</coordinates></Point></Placemark>
<Placemark><name>Radar 80 km/h</name><description>Fonte: DER-GO</description><Point><coordinates>-49.324860,-16.085486,0</coordinates></Point></Placemark>
<Placemark><name>Radar 80 km/h</name><description>Fonte: DER-GO</description><Point><coordinates>-49.324038,-16.082650,0</coordinates></Point></Placemark>
<Placemark><name>Radar</name><description>Fonte: DNIT</description><Point><coordinates>-47.522644,-16.082087,0</coordinates></Point></Placemark>
<Placemark><name>Radar</name><description>Fonte: DNIT</description><Point><coordinates>-47.986222,-16.080889,0</coordinates></Point></Placemark>
<Placemark><name>Radar 40 km/h</name><description>Fonte: DER-GO</description><Point><coordinates>-48.065777,-16.079079,0</coordinates></Point></Placemark>
<Placemark><name>Radar</name><description>Fonte: DNIT</description><Point><coordinates>-47.985913,-16.077687,0</coordinates></Point></Placemark>
<Placemark><name>Radar 40 km/h</name><description>Fonte: DER-GO</description><Point><coordinates>-48.065411,-16.076426,0</coordinates></Point></Placemark>
<Placemark><name>Radar 80 km/h</name><description>Fonte: DER-GO</description><Point><coordinates>-49.768429,-16.069741,0</coordinates></Point></Placemark>
<Placemark><name>Radar 40 km/h</name><description>Fonte: DER-GO</description><Point><coordinates>-48.064351,-16.068608,0</coordinates></Point></Placemark>
<Placemark><name>Radar 40 km/h</name><description>Fonte: DER-GO</description><Point><coordinates>-48.064445,-16.068085,0</coordinates></Point></Placemark>
<Placemark><name>Radar 80 km/h</name><description>Fonte: ANTT</description><Point><coordinates>-49.059638,-16.067973,0</coordinates></Point></Placemark>
<Placemark><name>Radar</name><description>Fonte: DNIT</description><Point><coordinates>-47.531611,-16.066807,0</coordinates></Point></Placemark>
<Placemark><name>Radar 40 km/h</name><description>Fonte: OSM</description><Point><coordinates>-48.854558,-16.064577,0</coordinates></Point></Placemark>
<Placemark><name>Radar 40 km/h</name><description>Fonte: OSM</description><Point><coordinates>-48.854551,-16.063271,0</coordinates></Point></Placemark>
<Placemark><name>Radar 40 km/h</name><description>Fonte: OSM</description><Point><coordinates>-48.854535,-16.063060,0</coordinates></Point></Placemark>
<Placemark><name>Radar</name><description>Fonte: DNIT</description><Point><coordinates>-47.983611,-16.062639,0</coordinates></Point></Placemark>
<Placemark><name>Radar 60 km/h</name><description>Fonte: OSM</description><Point><coordinates>-47.983548,-16.062585,0</coordinates></Point></Placemark>
<Placemark><name>Radar</name><description>Fonte: DNIT</description><Point><coordinates>-47.983306,-16.062556,0</coordinates></Point></Placemark>
<Placemark><name>Radar 60 km/h</name><description>Fonte: OSM</description><Point><coordinates>-47.983297,-16.062280,0</coordinates></Point></Placemark>
<Placemark><name>Radar 40 km/h</name><description>Fonte: DER-GO</description><Point><coordinates>-48.061867,-16.059054,0</coordinates></Point></Placemark>
<Placemark><name>Radar 40 km/h</name><description>Fonte: DER-GO</description><Point><coordinates>-48.523674,-16.058171,0</coordinates></Point></Placemark>
<Placemark><name>Radar 40 km/h</name><description>Fonte: DER-GO</description><Point><coordinates>-49.612194,-16.055046,0</coordinates></Point></Placemark>
<Placemark><name>Radar</name><description>Fonte: OSM</description><Point><coordinates>-47.982009,-16.054511,0</coordinates></Point></Placemark>
<Placemark><name>Radar 40 km/h</name><description>Fonte: DER-GO</description><Point><coordinates>-48.054809,-16.053899,0</coordinates></Point></Placemark>
<Placemark><name>Radar</name><description>Fonte: DNIT</description><Point><coordinates>-47.981917,-16.052716,0</coordinates></Point></Placemark>
<Placemark><name>Radar 40 km/h</name><description>Fonte: DER-GO</description><Point><coordinates>-49.611553,-16.052574,0</coordinates></Point></Placemark>
<Placemark><name>Radar</name><description>Fonte: OSM</description><Point><coordinates>-47.981917,-16.052358,0</coordinates></Point></Placemark>
<Placemark><name>Radar 40 km/h</name><description>Fonte: ANTT</description><Point><coordinates>-48.853335,-16.052248,0</coordinates></Point></Placemark>
<Placemark><name>Radar 80 km/h</name><description>Fonte: DER-GO</description><Point><coordinates>-49.306651,-16.050230,0</coordinates></Point></Placemark>
<Placemark><name>Radar 40 km/h</name><description>Fonte: OSM</description><Point><coordinates>-49.789203,-16.046580,0</coordinates></Point></Placemark>
<Placemark><name>Radar 40 km/h</name><description>Fonte: DER-GO</description><Point><coordinates>-49.789423,-16.046519,0</coordinates></Point></Placemark>
<Placemark><name>Radar 40 km/h</name><description>Fonte: OSM</description><Point><coordinates>-49.789497,-16.046441,0</coordinates></Point></Placemark>
<Placemark><name>Radar 40 km/h</name><description>Fonte: DER-GO</description><Point><coordinates>-49.789309,-16.046413,0</coordinates></Point></Placemark>
<Placemark><name>Radar 40 km/h</name><description>Fonte: DER-GO</description><Point><coordinates>-49.790508,-16.044202,0</coordinates></Point></Placemark>
<Placemark><name>Radar 40 km/h</name><description>Fonte: DER-GO</description><Point><coordinates>-49.793257,-16.038200,0</coordinates></Point></Placemark>
<Placemark><name>Radar 40 km/h</name><description>Fonte: DER-GO</description><Point><coordinates>-49.793733,-16.037342,0</coordinates></Point></Placemark>
<Placemark><name>Radar 80 km/h</name><description>Fonte: DER-GO</description><Point><coordinates>-48.864081,-16.034928,0</coordinates></Point></Placemark>
<Placemark><name>Radar 40 km/h</name><description>Fonte: DER-GO</description><Point><coordinates>-49.794922,-16.034570,0</coordinates></Point></Placemark>
<Placemark><name>Radar 40 km/h</name><description>Fonte: DER-GO</description><Point><coordinates>-49.795907,-16.032603,0</coordinates></Point></Placemark>
<Placemark><name>Radar 40 km/h</name><description>Fonte: OSM</description><Point><coordinates>-49.798005,-16.028877,0</coordinates></Point></Placemark>
<Placemark><name>Radar 40 km/h</name><description>Fonte: DER-GO</description><Point><coordinates>-49.798099,-16.028695,0</coordinates></Point></Placemark>
<Placemark><name>Radar 40 km/h</name><description>Fonte: DER-GO</description><Point><coordinates>-49.799622,-16.027843,0</coordinates></Point></Placemark>
<Placemark><name>Radar 40 km/h</name><description>Fonte: OSM</description><Point><coordinates>-49.799829,-16.027792,0</coordinates></Point></Placemark>
<Placemark><name>Radar</name><description>Fonte: DNIT</description><Point><coordinates>-49.777448,-16.025126,0</coordinates></Point></Placemark>
<Placemark><name>Radar 60 km/h</name><description>Fonte: DER-GO</description><Point><coordinates>-49.819378,-16.021680,0</coordinates></Point></Placemark>
<Placemark><name>Radar 60 km/h</name><description>Fonte: DER-GO</description><Point><coordinates>-49.829782,-16.021555,0</coordinates></Point></Placemark>
<Placemark><name>Radar 60 km/h</name><description>Fonte: OSM</description><Point><coordinates>-49.819580,-16.021552,0</coordinates></Point></Placemark>
<Placemark><name>Radar 60 km/h</name><description>Fonte: DER-GO</description><Point><coordinates>-49.828876,-16.021051,0</coordinates></Point></Placemark>
<Placemark><name>Radar 80 km/h</name><description>Fonte: DER-GO</description><Point><coordinates>-49.063342,-16.013046,0</coordinates></Point></Placemark>
<Placemark><name>Radar 60 km/h</name><description>Fonte: DER-GO</description><Point><coordinates>-49.295602,-16.013045,0</coordinates></Point></Placemark>
<Placemark><name>Radar 40 km/h</name><description>Fonte: DER-GO</description><Point><coordinates>-49.799068,-16.012188,0</coordinates></Point></Placemark>
<Placemark><name>Radar 40 km/h</name><description>Fonte: DER-GO</description><Point><coordinates>-51.392855,-16.012001,0</coordinates></Point></Placemark>
<Placemark><name>Radar 40 km/h</name><description>Fonte: DER-GO</description><Point><coordinates>-51.392762,-16.011663,0</coordinates></Point></Placemark>
<Placemark><name>Radar 40 km/h</name><description>Fonte: DER-GO</description><Point><coordinates>-49.795773,-16.007831,0</coordinates></Point></Placemark>
<Placemark><name>Radar 60 km/h</name><description>Fonte: DER-GO</description><Point><coordinates>-49.294657,-16.007174,0</coordinates></Point></Placemark>
<Placemark><name>Radar 60 km/h</name><description>Fonte: DER-GO</description><Point><coordinates>-49.999719,-16.005161,0</coordinates></Point></Placemark>
<Placemark><name>Radar 60 km/h</name><description>Fonte: DER-GO</description><Point><coordinates>-50.005588,-16.004786,0</coordinates></Point></Placemark>
<Placemark><name>Radar 40 km/h</name><description>Fonte: DER-GO</description><Point><coordinates>-51.383743,-16.002019,0</coordinates></Point></Placemark>
<Placemark><name>Radar 60 km/h</name><description>Fonte: DER-GO</description><Point><coordinates>-50.068477,-16.001692,0</coordinates></Point></Placemark>
<Placemark><name>Radar 60 km/h</name><description>Fonte: DER-GO</description><Point><coordinates>-50.809758,-15.999239,0</coordinates></Point></Placemark>
<Placemark><name>Radar 40 km/h</name><description>Fonte: DER-GO</description><Point><coordinates>-51.387422,-15.997736,0</coordinates></Point></Placemark>
<Placemark><name>Radar 60 km/h</name><description>Fonte: DER-GO</description><Point><coordinates>-49.788994,-15.997682,0</coordinates></Point></Placemark>
<Placemark><name>Radar 60 km/h</name><description>Fonte: DER-GO</description><Point><coordinates>-49.789043,-15.996573,0</coordinates></Point></Placemark>
<Placemark><name>Radar 40 km/h</name><description>Fonte: DER-GO</description><Point><coordinates>-51.387521,-15.996007,0</coordinates></Point></Placemark>
<Placemark><name>Radar 60 km/h</name><description>Fonte: DER-GO</description><Point><coordinates>-51.384548,-15.990930,0</coordinates></Point></Placemark>
<Placemark><name>Radar 60 km/h</name><description>Fonte: DER-GO</description><Point><coordinates>-49.790555,-15.990727,0</coordinates></Point></Placemark>
<Placemark><name>Radar 60 km/h</name><description>Fonte: DER-GO</description><Point><coordinates>-50.077170,-15.986731,0</coordinates></Point></Placemark>
<Placemark><name>Radar 60 km/h</name><description>Fonte: DER-GO</description><Point><coordinates>-50.079894,-15.984698,0</coordinates></Point></Placemark>
<Placemark><name>Radar 60 km/h</name><description>Fonte: OSM</description><Point><coordinates>-50.080074,-15.984463,0</coordinates></Point></Placemark>
<Placemark><name>Radar 60 km/h</name><description>Fonte: DER-GO</description><Point><coordinates>-50.096601,-15.979724,0</coordinates></Point></Placemark>
<Placemark><name>Radar 60 km/h</name><description>Fonte: DER-GO</description><Point><coordinates>-50.101934,-15.978108,0</coordinates></Point></Placemark>
<Placemark><name>Radar 80 km/h</name><description>Fonte: DER-GO</description><Point><coordinates>-50.113753,-15.966638,0</coordinates></Point></Placemark>
<Placemark><name>Radar 60 km/h</name><description>Fonte: DER-GO</description><Point><coordinates>-50.123246,-15.965404,0</coordinates></Point></Placemark>
<Placemark><name>Radar 40 km/h</name><description>Fonte: OSM</description><Point><coordinates>-50.130186,-15.961002,0</coordinates></Point></Placemark>
<Placemark><name>Radar 40 km/h</name><description>Fonte: DER-GO</description><Point><coordinates>-50.130234,-15.960875,0</coordinates></Point></Placemark>
<Placemark><name>Radar 40 km/h</name><description>Fonte: DER-GO</description><Point><coordinates>-50.131393,-15.959599,0</coordinates></Point></Placemark>
<Placemark><name>Radar 40 km/h</name><description>Fonte: OSM</description><Point><coordinates>-50.131713,-15.959504,0</coordinates></Point></Placemark>
<Placemark><name>Radar 40 km/h</name><description>Fonte: DER-GO</description><Point><coordinates>-50.131145,-15.958903,0</coordinates></Point></Placemark>
<Placemark><name>Radar 40 km/h</name><description>Fonte: OSM</description><Point><coordinates>-50.131121,-15.958696,0</coordinates></Point></Placemark>
<Placemark><name>Radar 60 km/h</name><description>Fonte: DER-GO</description><Point><coordinates>-50.143173,-15.955698,0</coordinates></Point></Placemark>
<Placemark><name>Radar 60 km/h</name><description>Fonte: DER-GO</description><Point><coordinates>-50.143648,-15.955214,0</coordinates></Point></Placemark>
<Placemark><name>Radar 40 km/h</name><description>Fonte: DER-GO</description><Point><coordinates>-50.130623,-15.948730,0</coordinates></Point></Placemark>
<Placemark><name>Radar 40 km/h</name><description>Fonte: OSM</description><Point><coordinates>-50.130610,-15.948573,0</coordinates></Point></Placemark>
<Placemark><name>Radar 40 km/h</name><description>Fonte: OSM</description><Point><coordinates>-50.130579,-15.948567,0</coordinates></Point></Placemark>
<Placemark><name>Radar 40 km/h</name><description>Fonte: DER-GO</description><Point><coordinates>-50.130646,-15.948350,0</coordinates></Point></Placemark>
<Placemark><name>Radar 40 km/h</name><description>Fonte: DER-GO</description><Point><coordinates>-50.131278,-15.946216,0</coordinates></Point></Placemark>
<Placemark><name>Radar 40 km/h</name><description>Fonte: DER-GO</description><Point><coordinates>-50.131489,-15.946026,0</coordinates></Point></Placemark>
<Placemark><name>Radar 40 km/h</name><description>Fonte: DER-GO</description><Point><coordinates>-50.131760,-15.944747,0</coordinates></Point></Placemark>
<Placemark><name>Radar 60 km/h</name><description>Fonte: DER-GO</description><Point><coordinates>-48.281170,-15.936476,0</coordinates></Point></Placemark>
<Placemark><name>Radar 60 km/h</name><description>Fonte: DER-GO</description><Point><coordinates>-48.284148,-15.935315,0</coordinates></Point></Placemark>
<Placemark><name>Radar 40 km/h</name><description>Fonte: DER-GO</description><Point><coordinates>-49.258105,-15.933505,0</coordinates></Point></Placemark>
<Placemark><name>Radar 40 km/h</name><description>Fonte: DER-GO</description><Point><coordinates>-49.258306,-15.933504,0</coordinates></Point></Placemark>
<Placemark><name>Radar 50 km/h</name><description>Fonte: ANTT</description><Point><coordinates>-48.805083,-15.931451,0</coordinates></Point></Placemark>
<Placemark><name>Radar 80 km/h</name><description>Fonte: DER-GO</description><Point><coordinates>-48.841200,-15.931218,0</coordinates></Point></Placemark>
<Placemark><name>Radar 60 km/h</name><description>Fonte: DER-GO</description><Point><coordinates>-50.137451,-15.930934,0</coordinates></Point></Placemark>
<Placemark><name>Radar 40 km/h</name><description>Fonte: DER-GO</description><Point><coordinates>-49.605184,-15.929065,0</coordinates></Point></Placemark>
<Placemark><name>Radar 60 km/h</name><description>Fonte: DER-GO</description><Point><coordinates>-50.137405,-15.925453,0</coordinates></Point></Placemark>
<Placemark><name>Radar 40 km/h</name><description>Fonte: DER-GO</description><Point><coordinates>-49.790208,-15.924687,0</coordinates></Point></Placemark>
<Placemark><name>Radar 40 km/h</name><description>Fonte: OSM</description><Point><coordinates>-49.790141,-15.924550,0</coordinates></Point></Placemark>
<Placemark><name>Radar 40 km/h</name><description>Fonte: DER-GO</description><Point><coordinates>-49.790162,-15.924492,0</coordinates></Point></Placemark>
<Placemark><name>Radar 40 km/h</name><description>Fonte: DER-GO</description><Point><coordinates>-48.944765,-15.921316,0</coordinates></Point></Placemark>
<Placemark><name>Radar 40 km/h</name><description>Fonte: DER-GO</description><Point><coordinates>-48.796837,-15.920658,0</coordinates></Point></Placemark>
<Placemark><name>Radar 60 km/h</name><description>Fonte: DER-GO</description><Point><coordinates>-48.799142,-15.920630,0</coordinates></Point></Placemark>
<Placemark><name>Radar 60 km/h</name><description>Fonte: DER-GO</description><Point><coordinates>-48.821077,-15.920298,0</coordinates></Point></Placemark>
<Placemark><name>Radar 40 km/h</name><description>Fonte: DER-GO</description><Point><coordinates>-48.944640,-15.919108,0</coordinates></Point></Placemark>
<Placemark><name>Radar 40 km/h</name><description>Fonte: DER-GO</description><Point><coordinates>-48.809238,-15.918757,0</coordinates></Point></Placemark>
<Placemark><name>Radar 50 km/h</name><description>Fonte: ANTT</description><Point><coordinates>-48.807403,-15.916196,0</coordinates></Point></Placemark>
<Placemark><name>Radar 40 km/h</name><description>Fonte: DER-GO</description><Point><coordinates>-49.248812,-15.909911,0</coordinates></Point></Placemark>
<Placemark><name>Radar 40 km/h</name><description>Fonte: DER-GO</description><Point><coordinates>-49.247930,-15.907742,0</coordinates></Point></Placemark>
<Placemark><name>Radar 80 km/h</name><description>Fonte: DER-GO</description><Point><coordinates>-50.326614,-15.901135,0</coordinates></Point></Placemark>
<Placemark><name>Radar 80 km/h</name><description>Fonte: DER-GO</description><Point><coordinates>-50.325941,-15.901133,0</coordinates></Point></Placemark>
<Placemark><name>Radar 80 km/h</name><description>Fonte: OSM</description><Point><coordinates>-50.323926,-15.900662,0</coordinates></Point></Placemark>
<Placemark><name>Radar 80 km/h</name><description>Fonte: DER-GO</description><Point><coordinates>-50.323390,-15.900330,0</coordinates></Point></Placemark>
<Placemark><name>Radar 40 km/h</name><description>Fonte: OSM</description><Point><coordinates>-52.236944,-15.896962,0</coordinates></Point></Placemark>
<Placemark><name>Radar 60 km/h</name><description>Fonte: DER-GO</description><Point><coordinates>-50.444565,-15.894999,0</coordinates></Point></Placemark>
<Placemark><name>Radar 60 km/h</name><description>Fonte: DER-GO</description><Point><coordinates>-50.443343,-15.894963,0</coordinates></Point></Placemark>
<Placemark><name>Radar 60 km/h</name><description>Fonte: DER-GO</description><Point><coordinates>-50.104830,-15.892329,0</coordinates></Point></Placemark>
<Placemark><name>Radar 60 km/h</name><description>Fonte: DER-GO</description><Point><coordinates>-48.981555,-15.878965,0</coordinates></Point></Placemark>
<Placemark><name>Radar 40 km/h</name><description>Fonte: DER-GO</description><Point><coordinates>-48.976359,-15.875941,0</coordinates></Point></Placemark>
<Placemark><name>Radar 40 km/h</name><description>Fonte: DER-GO</description><Point><coordinates>-48.972455,-15.873598,0</coordinates></Point></Placemark>
<Placemark><name>Radar 40 km/h</name><description>Fonte: DER-GO</description><Point><coordinates>-48.950356,-15.872848,0</coordinates></Point></Placemark>
<Placemark><name>Radar 40 km/h</name><description>Fonte: DER-GO</description><Point><coordinates>-48.950373,-15.872836,0</coordinates></Point></Placemark>
<Placemark><name>Radar 60 km/h</name><description>Fonte: DER-GO</description><Point><coordinates>-49.785916,-15.871238,0</coordinates></Point></Placemark>
<Placemark><name>Radar 80 km/h</name><description>Fonte: ANTT</description><Point><coordinates>-49.253390,-15.871110,0</coordinates></Point></Placemark>
<Placemark><name>Radar 60 km/h</name><description>Fonte: DER-GO</description><Point><coordinates>-49.787345,-15.867294,0</coordinates></Point></Placemark>
<Placemark><name>Radar 40 km/h</name><description>Fonte: DER-GO</description><Point><coordinates>-48.951858,-15.867205,0</coordinates></Point></Placemark>
<Placemark><name>Radar 40 km/h</name><description>Fonte: DER-GO</description><Point><coordinates>-48.954325,-15.866644,0</coordinates></Point></Placemark>
<Placemark><name>Radar 80 km/h</name><description>Fonte: DER-GO</description><Point><coordinates>-50.088900,-15.864820,0</coordinates></Point></Placemark>
<Placemark><name>Radar 40 km/h</name><description>Fonte: DER-GO</description><Point><coordinates>-50.867735,-15.864330,0</coordinates></Point></Placemark>
<Placemark><name>Radar 40 km/h</name><description>Fonte: DER-GO</description><Point><coordinates>-48.962172,-15.863418,0</coordinates></Point></Placemark>
<Placemark><name>Radar 40 km/h</name><description>Fonte: DER-GO</description><Point><coordinates>-50.868980,-15.861962,0</coordinates></Point></Placemark>
<Placemark><name>Radar 40 km/h</name><description>Fonte: DER-GO</description><Point><coordinates>-48.969681,-15.861667,0</coordinates></Point></Placemark>
<Placemark><name>Radar 40 km/h</name><description>Fonte: DER-GO</description><Point><coordinates>-48.967549,-15.855480,0</coordinates></Point></Placemark>
<Placemark><name>Radar 40 km/h</name><description>Fonte: DER-GO</description><Point><coordinates>-48.968268,-15.854889,0</coordinates></Point></Placemark>
<Placemark><name>Radar 40 km/h</name><description>Fonte: DER-GO</description><Point><coordinates>-48.976834,-15.851523,0</coordinates></Point></Placemark>
<Placemark><name>Radar 80 km/h</name><description>Fonte: ANTT</description><Point><coordinates>-49.294115,-15.809904,0</coordinates></Point></Placemark>
<Placemark><name>Radar 40 km/h</name><description>Fonte: DER-GO</description><Point><coordinates>-46.930099,-15.798392,0</coordinates></Point></Placemark>
<Placemark><name>Radar 40 km/h</name><description>Fonte: OSM</description><Point><coordinates>-46.930018,-15.798358,0</coordinates></Point></Placemark>
<Placemark><name>Radar 80 km/h</name><description>Fonte: ANTT</description><Point><coordinates>-49.303159,-15.786291,0</coordinates></Point></Placemark>
<Placemark><name>Radar</name><description>Fonte: DNIT</description><Point><coordinates>-48.232171,-15.774441,0</coordinates></Point></Placemark>
<Placemark><name>Radar 60 km/h</name><description>Fonte: DER-GO</description><Point><coordinates>-51.095637,-15.769740,0</coordinates></Point></Placemark>
<Placemark><name>Radar 40 km/h</name><description>Fonte: DER-GO</description><Point><coordinates>-49.627875,-15.763279,0</coordinates></Point></Placemark>
<Placemark><name>Radar 40 km/h</name><description>Fonte: DER-GO</description><Point><coordinates>-49.339890,-15.761240,0</coordinates></Point></Placemark>
<Placemark><name>Radar 40 km/h</name><description>Fonte: DER-GO</description><Point><coordinates>-49.339722,-15.761200,0</coordinates></Point></Placemark>
<Placemark><name>Radar 40 km/h</name><description>Fonte: DER-GO</description><Point><coordinates>-49.335568,-15.761146,0</coordinates></Point></Placemark>
<Placemark><name>Radar 40 km/h</name><description>Fonte: DER-GO</description><Point><coordinates>-49.335950,-15.761050,0</coordinates></Point></Placemark>
<Placemark><name>Radar</name><description>Fonte: DNIT</description><Point><coordinates>-48.245807,-15.760119,0</coordinates></Point></Placemark>
<Placemark><name>Radar</name><description>Fonte: DNIT</description><Point><coordinates>-48.245700,-15.759800,0</coordinates></Point></Placemark>
<Placemark><name>Radar</name><description>Fonte: DNIT</description><Point><coordinates>-48.250368,-15.759025,0</coordinates></Point></Placemark>
<Placemark><name>Radar</name><description>Fonte: DNIT</description><Point><coordinates>-48.325353,-15.752046,0</coordinates></Point></Placemark>
<Placemark><name>Radar</name><description>Fonte: DNIT</description><Point><coordinates>-48.325699,-15.751531,0</coordinates></Point></Placemark>
<Placemark><name>Radar</name><description>Fonte: DNIT</description><Point><coordinates>-48.260238,-15.751456,0</coordinates></Point></Placemark>
<Placemark><name>Radar 60 km/h</name><description>Fonte: DER-GO</description><Point><coordinates>-47.024144,-15.749685,0</coordinates></Point></Placemark>
<Placemark><name>Radar</name><description>Fonte: DNIT</description><Point><coordinates>-48.265400,-15.746200,0</coordinates></Point></Placemark>
<Placemark><name>Radar 60 km/h</name><description>Fonte: DER-GO</description><Point><coordinates>-47.026546,-15.745825,0</coordinates></Point></Placemark>
<Placemark><name>Radar 80 km/h</name><description>Fonte: DER-GO</description><Point><coordinates>-49.366814,-15.743752,0</coordinates></Point></Placemark>
<Placemark><name>Radar</name><description>Fonte: DNIT</description><Point><coordinates>-48.314500,-15.742200,0</coordinates></Point></Placemark>
<Placemark><name>Radar</name><description>Fonte: DNIT</description><Point><coordinates>-48.314799,-15.741721,0</coordinates></Point></Placemark>
<Placemark><name>Radar</name><description>Fonte: DNIT</description><Point><coordinates>-48.270300,-15.741000,0</coordinates></Point></Placemark>
<Placemark><name>Radar</name><description>Fonte: DNIT</description><Point><coordinates>-48.270900,-15.740900,0</coordinates></Point></Placemark>
<Placemark><name>Radar</name><description>Fonte: DNIT</description><Point><coordinates>-48.310693,-15.740677,0</coordinates></Point></Placemark>
<Placemark><name>Radar</name><description>Fonte: DNIT</description><Point><coordinates>-48.310814,-15.740408,0</coordinates></Point></Placemark>
<Placemark><name>Radar</name><description>Fonte: DNIT</description><Point><coordinates>-48.301484,-15.739065,0</coordinates></Point></Placemark>
<Placemark><name>Radar</name><description>Fonte: DNIT</description><Point><coordinates>-48.301615,-15.738802,0</coordinates></Point></Placemark>
<Placemark><name>Radar</name><description>Fonte: DNIT</description><Point><coordinates>-48.290700,-15.737400,0</coordinates></Point></Placemark>
<Placemark><name>Radar 50 km/h</name><description>Fonte: ANTT</description><Point><coordinates>-49.322539,-15.736904,0</coordinates></Point></Placemark>
<Placemark><name>Radar</name><description>Fonte: DNIT</description><Point><coordinates>-48.290335,-15.736852,0</coordinates></Point></Placemark>
<Placemark><name>Radar 60 km/h</name><description>Fonte: OSM</description><Point><coordinates>-48.275228,-15.736759,0</coordinates></Point></Placemark>
<Placemark><name>Radar</name><description>Fonte: DNIT</description><Point><coordinates>-48.275200,-15.736600,0</coordinates></Point></Placemark>
<Placemark><name>Radar</name><description>Fonte: DNIT</description><Point><coordinates>-48.275152,-15.736532,0</coordinates></Point></Placemark>
<Placemark><name>Radar</name><description>Fonte: DNIT</description><Point><coordinates>-48.286600,-15.736500,0</coordinates></Point></Placemark>
<Placemark><name>Radar 60 km/h</name><description>Fonte: OSM</description><Point><coordinates>-48.275105,-15.736494,0</coordinates></Point></Placemark>
<Placemark><name>Radar</name><description>Fonte: DNIT</description><Point><coordinates>-48.286100,-15.736200,0</coordinates></Point></Placemark>
<Placemark><name>Radar 60 km/h</name><description>Fonte: DER-GO</description><Point><coordinates>-49.045238,-15.734728,0</coordinates></Point></Placemark>
<Placemark><name>Radar 40 km/h</name><description>Fonte: DER-GO</description><Point><coordinates>-49.045465,-15.734531,0</coordinates></Point></Placemark>
<Placemark><name>Radar 60 km/h</name><description>Fonte: DER-GO</description><Point><coordinates>-49.046386,-15.734362,0</coordinates></Point></Placemark>
<Placemark><name>Radar 50 km/h</name><description>Fonte: ANTT</description><Point><coordinates>-49.323849,-15.733853,0</coordinates></Point></Placemark>
<Placemark><name>Radar 40 km/h</name><description>Fonte: DER-GO</description><Point><coordinates>-49.824346,-15.722188,0</coordinates></Point></Placemark>
<Placemark><name>Radar 60 km/h</name><description>Fonte: ANTT</description><Point><coordinates>-48.699035,-15.722055,0</coordinates></Point></Placemark>
<Placemark><name>Radar 60 km/h</name><description>Fonte: DER-GO</description><Point><coordinates>-49.316924,-15.721750,0</coordinates></Point></Placemark>
<Placemark><name>Radar 60 km/h</name><description>Fonte: DER-GO</description><Point><coordinates>-49.316423,-15.720825,0</coordinates></Point></Placemark>
<Placemark><name>Radar 40 km/h</name><description>Fonte: DER-GO</description><Point><coordinates>-49.825437,-15.717552,0</coordinates></Point></Placemark>
<Placemark><name>Radar 40 km/h</name><description>Fonte: DER-GO</description><Point><coordinates>-49.825376,-15.717468,0</coordinates></Point></Placemark>
<Placemark><name>Radar 80 km/h</name><description>Fonte: ANTT</description><Point><coordinates>-49.329607,-15.715916,0</coordinates></Point></Placemark>
<Placemark><name>Radar 60 km/h</name><description>Fonte: ANTT</description><Point><coordinates>-48.695734,-15.715381,0</coordinates></Point></Placemark>
<Placemark><name>Radar 60 km/h</name><description>Fonte: ANTT</description><Point><coordinates>-48.700759,-15.671297,0</coordinates></Point></Placemark>
<Placemark><name>Radar 60 km/h</name><description>Fonte: ANTT</description><Point><coordinates>-48.698215,-15.670209,0</coordinates></Point></Placemark>
<Placemark><name>Radar 60 km/h</name><description>Fonte: DER-GO</description><Point><coordinates>-49.852696,-15.603815,0</coordinates></Point></Placemark>
<Placemark><name>Radar 60 km/h</name><description>Fonte: DER-GO</description><Point><coordinates>-49.856880,-15.601562,0</coordinates></Point></Placemark>
<Placemark><name>Radar 60 km/h</name><description>Fonte: DETRAN-DF</description><Point><coordinates>-47.342712,-15.581482,0</coordinates></Point></Placemark>
<Placemark><name>Radar 80 km/h</name><description>Fonte: DER-GO</description><Point><coordinates>-49.958901,-15.578082,0</coordinates></Point></Placemark>
<Placemark><name>Radar 80 km/h</name><description>Fonte: DER-GO</description><Point><coordinates>-49.287865,-15.577862,0</coordinates></Point></Placemark>
<Placemark><name>Radar 80 km/h</name><description>Fonte: DER-GO</description><Point><coordinates>-49.262689,-15.569012,0</coordinates></Point></Placemark>
<Placemark><name>Radar 40 km/h</name><description>Fonte: DER-GO</description><Point><coordinates>-49.916697,-15.560749,0</coordinates></Point></Placemark>
<Placemark><name>Radar 40 km/h</name><description>Fonte: OSM</description><Point><coordinates>-49.930953,-15.557347,0</coordinates></Point></Placemark>
<Placemark><name>Radar 40 km/h</name><description>Fonte: DER-GO</description><Point><coordinates>-49.930905,-15.557323,0</coordinates></Point></Placemark>
<Placemark><name>Radar 40 km/h</name><description>Fonte: DER-GO</description><Point><coordinates>-47.337931,-15.555185,0</coordinates></Point></Placemark>
<Placemark><name>Radar 40 km/h</name><description>Fonte: DER-GO</description><Point><coordinates>-49.943848,-15.553993,0</coordinates></Point></Placemark>
<Placemark><name>Radar 60 km/h</name><description>Fonte: DER-GO</description><Point><coordinates>-49.959793,-15.553002,0</coordinates></Point></Placemark>
<Placemark><name>Radar</name><description>Fonte: DNIT</description><Point><coordinates>-47.166695,-15.547760,0</coordinates></Point></Placemark>
<Placemark><name>Radar 40 km/h</name><description>Fonte: DER-GO</description><Point><coordinates>-49.939304,-15.546970,0</coordinates></Point></Placemark>
<Placemark><name>Radar</name><description>Fonte: DNIT</description><Point><coordinates>-47.162656,-15.546255,0</coordinates></Point></Placemark>
<Placemark><name>Radar 40 km/h</name><description>Fonte: DER-GO</description><Point><coordinates>-47.335068,-15.535673,0</coordinates></Point></Placemark>
<Placemark><name>Radar 40 km/h</name><description>Fonte: DER-GO</description><Point><coordinates>-47.334804,-15.533791,0</coordinates></Point></Placemark>
<Placemark><name>Radar 60 km/h</name><description>Fonte: DER-GO</description><Point><coordinates>-49.673842,-15.521152,0</coordinates></Point></Placemark>
<Placemark><name>Radar 60 km/h</name><description>Fonte: DER-GO</description><Point><coordinates>-49.225805,-15.520810,0</coordinates></Point></Placemark>
<Placemark><name>Radar 60 km/h</name><description>Fonte: DER-GO</description><Point><coordinates>-49.674292,-15.520417,0</coordinates></Point></Placemark>
<Placemark><name>Radar 40 km/h</name><description>Fonte: DER-GO</description><Point><coordinates>-49.675127,-15.518599,0</coordinates></Point></Placemark>
<Placemark><name>Radar 40 km/h</name><description>Fonte: DER-GO</description><Point><coordinates>-49.224514,-15.518471,0</coordinates></Point></Placemark>
<Placemark><name>Radar 40 km/h</name><description>Fonte: DER-GO</description><Point><coordinates>-49.672492,-15.513631,0</coordinates></Point></Placemark>
<Placemark><name>Radar 40 km/h</name><description>Fonte: DER-GO</description><Point><coordinates>-49.671971,-15.513325,0</coordinates></Point></Placemark>
<Placemark><name>Radar 80 km/h</name><description>Fonte: DER-GO</description><Point><coordinates>-49.668608,-15.511912,0</coordinates></Point></Placemark>
<Placemark><name>Radar 60 km/h</name><description>Fonte: DER-GO</description><Point><coordinates>-49.637843,-15.506394,0</coordinates></Point></Placemark>
<Placemark><name>Radar 60 km/h</name><description>Fonte: DER-GO</description><Point><coordinates>-49.636382,-15.506097,0</coordinates></Point></Placemark>
<Placemark><name>Radar 60 km/h</name><description>Fonte: ANTT</description><Point><coordinates>-49.478510,-15.505152,0</coordinates></Point></Placemark>
<Placemark><name>Radar 40 km/h</name><description>Fonte: DER-GO</description><Point><coordinates>-49.693717,-15.503841,0</coordinates></Point></Placemark>
<Placemark><name>Radar 40 km/h</name><description>Fonte: DER-GO</description><Point><coordinates>-49.693090,-15.503130,0</coordinates></Point></Placemark>
<Placemark><name>Radar 60 km/h</name><description>Fonte: DER-GO</description><Point><coordinates>-47.345630,-15.501208,0</coordinates></Point></Placemark>
<Placemark><name>Radar 60 km/h</name><description>Fonte: DER-GO</description><Point><coordinates>-49.210692,-15.500598,0</coordinates></Point></Placemark>
<Placemark><name>Radar 40 km/h</name><description>Fonte: DER-GO</description><Point><coordinates>-49.693084,-15.494941,0</coordinates></Point></Placemark>
<Placemark><name>Radar 40 km/h</name><description>Fonte: DER-GO</description><Point><coordinates>-49.693685,-15.494439,0</coordinates></Point></Placemark>
<Placemark><name>Radar 60 km/h</name><description>Fonte: OSM</description><Point><coordinates>-47.106912,-15.493760,0</coordinates></Point></Placemark>
<Placemark><name>Radar 60 km/h</name><description>Fonte: OSM</description><Point><coordinates>-47.106683,-15.493271,0</coordinates></Point></Placemark>
<Placemark><name>Radar 60 km/h</name><description>Fonte: DER-GO</description><Point><coordinates>-49.194147,-15.489266,0</coordinates></Point></Placemark>
<Placemark><name>Radar 60 km/h</name><description>Fonte: ANTT</description><Point><coordinates>-48.618535,-15.486599,0</coordinates></Point></Placemark>
<Placemark><name>Radar 50 km/h</name><description>Fonte: ANTT</description><Point><coordinates>-49.495780,-15.474912,0</coordinates></Point></Placemark>
<Placemark><name>Radar 40 km/h</name><description>Fonte: DER-GO</description><Point><coordinates>-47.601150,-15.471390,0</coordinates></Point></Placemark>
<Placemark><name>Radar 40 km/h</name><description>Fonte: DER-GO</description><Point><coordinates>-47.601242,-15.468907,0</coordinates></Point></Placemark>
<Placemark><name>Radar 40 km/h</name><description>Fonte: DER-GO</description><Point><coordinates>-47.601907,-15.467831,0</coordinates></Point></Placemark>
<Placemark><name>Radar 80 km/h</name><description>Fonte: DER-GO</description><Point><coordinates>-50.351812,-15.465616,0</coordinates></Point></Placemark>
<Placemark><name>Radar 80 km/h</name><description>Fonte: DER-GO</description><Point><coordinates>-50.352701,-15.464883,0</coordinates></Point></Placemark>
<Placemark><name>Radar 40 km/h</name><description>Fonte: DER-GO</description><Point><coordinates>-47.502245,-15.456149,0</coordinates></Point></Placemark>
<Placemark><name>Radar 80 km/h</name><description>Fonte: DER-GO</description><Point><coordinates>-47.504119,-15.451130,0</coordinates></Point></Placemark>
<Placemark><name>Radar 40 km/h</name><description>Fonte: DER-GO</description><Point><coordinates>-50.361914,-15.450233,0</coordinates></Point></Placemark>
<Placemark><name>Radar 40 km/h</name><description>Fonte: ANTT</description><Point><coordinates>-49.505805,-15.447988,0</coordinates></Point></Placemark>
<Placemark><name>Radar 40 km/h</name><description>Fonte: DER-GO</description><Point><coordinates>-48.890945,-15.444685,0</coordinates></Point></Placemark>
<Placemark><name>Radar 80 km/h</name><description>Fonte: DER-GO</description><Point><coordinates>-47.507958,-15.443935,0</coordinates></Point></Placemark>
<Placemark><name>Radar 40 km/h</name><description>Fonte: DER-GO</description><Point><coordinates>-48.891911,-15.443411,0</coordinates></Point></Placemark>
<Placemark><name>Radar 40 km/h</name><description>Fonte: DER-GO</description><Point><coordinates>-50.366257,-15.443221,0</coordinates></Point></Placemark>
<Placemark><name>Radar 40 km/h</name><description>Fonte: DER-GO</description><Point><coordinates>-50.745706,-15.442730,0</coordinates></Point></Placemark>
<Placemark><name>Radar 40 km/h</name><description>Fonte: DER-GO</description><Point><coordinates>-47.597307,-15.442088,0</coordinates></Point></Placemark>
<Placemark><name>Radar 40 km/h</name><description>Fonte: DER-GO</description><Point><coordinates>-50.745562,-15.441931,0</coordinates></Point></Placemark>
<Placemark><name>Radar 40 km/h</name><description>Fonte: DER-GO</description><Point><coordinates>-50.744402,-15.436151,0</coordinates></Point></Placemark>
<Placemark><name>Radar 80 km/h</name><description>Fonte: DER-GO</description><Point><coordinates>-47.547215,-15.430100,0</coordinates></Point></Placemark>
<Placemark><name>Radar 40 km/h</name><description>Fonte: DER-GO</description><Point><coordinates>-47.516597,-15.427336,0</coordinates></Point></Placemark>
<Placemark><name>Radar 80 km/h</name><description>Fonte: ANTT</description><Point><coordinates>-49.550791,-15.387230,0</coordinates></Point></Placemark>
<Placemark><name>Radar 40 km/h</name><description>Fonte: DER-GO</description><Point><coordinates>-49.699703,-15.362679,0</coordinates></Point></Placemark>
<Placemark><name>Radar 40 km/h</name><description>Fonte: DER-GO</description><Point><coordinates>-49.699551,-15.359247,0</coordinates></Point></Placemark>
<Placemark><name>Radar 40 km/h</name><description>Fonte: DER-GO</description><Point><coordinates>-49.377224,-15.357767,0</coordinates></Point></Placemark>
<Placemark><name>Radar 40 km/h</name><description>Fonte: DER-GO</description><Point><coordinates>-49.814546,-15.347658,0</coordinates></Point></Placemark>
<Placemark><name>Radar 40 km/h</name><description>Fonte: DER-GO</description><Point><coordinates>-49.814320,-15.347513,0</coordinates></Point></Placemark>
<Placemark><name>Radar 80 km/h</name><description>Fonte: ANTT</description><Point><coordinates>-49.568783,-15.344979,0</coordinates></Point></Placemark>
<Placemark><name>Radar 40 km/h</name><description>Fonte: DER-GO</description><Point><coordinates>-49.114985,-15.344317,0</coordinates></Point></Placemark>
<Placemark><name>Radar 40 km/h</name><description>Fonte: DER-GO</description><Point><coordinates>-49.114548,-15.344141,0</coordinates></Point></Placemark>
<Placemark><name>Radar 60 km/h</name><description>Fonte: DER-GO</description><Point><coordinates>-47.401193,-15.343485,0</coordinates></Point></Placemark>
<Placemark><name>Radar 40 km/h</name><description>Fonte: DER-GO</description><Point><coordinates>-49.612938,-15.338830,0</coordinates></Point></Placemark>
<Placemark><name>Radar 40 km/h</name><description>Fonte: DER-GO</description><Point><coordinates>-49.108369,-15.332501,0</coordinates></Point></Placemark>
<Placemark><name>Radar 40 km/h</name><description>Fonte: DER-GO</description><Point><coordinates>-49.141289,-15.326755,0</coordinates></Point></Placemark>
<Placemark><name>Radar 40 km/h</name><description>Fonte: DER-GO</description><Point><coordinates>-47.426471,-15.322958,0</coordinates></Point></Placemark>
<Placemark><name>Radar 60 km/h</name><description>Fonte: DER-GO</description><Point><coordinates>-49.108410,-15.319390,0</coordinates></Point></Placemark>
<Placemark><name>Radar 60 km/h</name><description>Fonte: DER-GO</description><Point><coordinates>-49.108547,-15.319311,0</coordinates></Point></Placemark>
<Placemark><name>Radar 50 km/h</name><description>Fonte: DER-GO</description><Point><coordinates>-49.585604,-15.315970,0</coordinates></Point></Placemark>
<Placemark><name>Radar 60 km/h</name><description>Fonte: DER-GO</description><Point><coordinates>-49.108800,-15.312960,0</coordinates></Point></Placemark>
<Placemark><name>Radar 50 km/h</name><description>Fonte: ANTT</description><Point><coordinates>-49.572192,-15.310915,0</coordinates></Point></Placemark>
<Placemark><name>Radar 50 km/h</name><description>Fonte: DER-GO</description><Point><coordinates>-49.589238,-15.309908,0</coordinates></Point></Placemark>
<Placemark><name>Radar 80 km/h</name><description>Fonte: DER-GO</description><Point><coordinates>-51.192670,-15.307020,0</coordinates></Point></Placemark>
<Placemark><name>Radar 40 km/h</name><description>Fonte: DER-GO</description><Point><coordinates>-49.096170,-15.305339,0</coordinates></Point></Placemark>
<Placemark><name>Radar 60 km/h</name><description>Fonte: DER-GO</description><Point><coordinates>-49.086127,-15.299703,0</coordinates></Point></Placemark>
<Placemark><name>Radar 60 km/h</name><description>Fonte: DER-GO</description><Point><coordinates>-49.134962,-15.282467,0</coordinates></Point></Placemark>
<Placemark><name>Radar 80 km/h</name><description>Fonte: ANTT</description><Point><coordinates>-49.551449,-15.254216,0</coordinates></Point></Placemark>
<Placemark><name>Radar 40 km/h</name><description>Fonte: OSM</description><Point><coordinates>-50.502765,-15.249946,0</coordinates></Point></Placemark>
<Placemark><name>Radar 40 km/h</name><description>Fonte: DER-GO</description><Point><coordinates>-50.502693,-15.249939,0</coordinates></Point></Placemark>
<Placemark><name>Radar 80 km/h</name><description>Fonte: ANTT</description><Point><coordinates>-49.555100,-15.231696,0</coordinates></Point></Placemark>
<Placemark><name>Radar</name><description>Fonte: DNIT</description><Point><coordinates>-47.172478,-15.229591,0</coordinates></Point></Placemark>
<Placemark><name>Radar 40 km/h</name><description>Fonte: OSM</description><Point><coordinates>-47.157879,-15.214046,0</coordinates></Point></Placemark>
<Placemark><name>Radar</name><description>Fonte: DNIT</description><Point><coordinates>-48.698532,-15.208783,0</coordinates></Point></Placemark>
<Placemark><name>Radar 50 km/h</name><description>Fonte: ANTT</description><Point><coordinates>-48.701911,-15.208355,0</coordinates></Point></Placemark>
<Placemark><name>Radar 60 km/h</name><description>Fonte: DER-GO</description><Point><coordinates>-48.978016,-15.191481,0</coordinates></Point></Placemark>
<Placemark><name>Radar 60 km/h</name><description>Fonte: DER-GO</description><Point><coordinates>-48.977002,-15.189766,0</coordinates></Point></Placemark>
<Placemark><name>Radar 80 km/h</name><description>Fonte: OSM</description><Point><coordinates>-48.976571,-15.189260,0</coordinates></Point></Placemark>
<Placemark><name>Radar 80 km/h</name><description>Fonte: DER-GO</description><Point><coordinates>-47.590303,-15.177433,0</coordinates></Point></Placemark>
<Placemark><name>Radar 60 km/h</name><description>Fonte: DER-GO</description><Point><coordinates>-49.563248,-15.171725,0</coordinates></Point></Placemark>
<Placemark><name>Radar 40 km/h</name><description>Fonte: DER-GO</description><Point><coordinates>-49.568482,-15.162314,0</coordinates></Point></Placemark>
<Placemark><name>Radar 80 km/h</name><description>Fonte: ANTT</description><Point><coordinates>-49.510637,-15.128675,0</coordinates></Point></Placemark>
<Placemark><name>Radar 40 km/h</name><description>Fonte: DER-GO</description><Point><coordinates>-50.610820,-15.104915,0</coordinates></Point></Placemark>
<Placemark><name>Radar 40 km/h</name><description>Fonte: DER-GO</description><Point><coordinates>-50.612194,-15.103381,0</coordinates></Point></Placemark>
<Placemark><name>Radar 40 km/h</name><description>Fonte: DER-GO</description><Point><coordinates>-50.633587,-15.096702,0</coordinates></Point></Placemark>
<Placemark><name>Radar 40 km/h</name><description>Fonte: DER-GO</description><Point><coordinates>-50.634488,-15.096351,0</coordinates></Point></Placemark>
<Placemark><name>Radar 40 km/h</name><description>Fonte: DER-GO</description><Point><coordinates>-50.618991,-15.095484,0</coordinates></Point></Placemark>
<Placemark><name>Radar 40 km/h</name><description>Fonte: DER-GO</description><Point><coordinates>-50.621325,-15.092685,0</coordinates></Point></Placemark>
<Placemark><name>Radar 60 km/h</name><description>Fonte: DER-GO</description><Point><coordinates>-48.915823,-15.090508,0</coordinates></Point></Placemark>
<Placemark><name>Radar 40 km/h</name><description>Fonte: DER-GO</description><Point><coordinates>-48.905324,-15.071374,0</coordinates></Point></Placemark>
<Placemark><name>Radar 40 km/h</name><description>Fonte: DER-GO</description><Point><coordinates>-48.905005,-15.069563,0</coordinates></Point></Placemark>
<Placemark><name>Radar 40 km/h</name><description>Fonte: DER-GO</description><Point><coordinates>-48.169636,-15.057089,0</coordinates></Point></Placemark>
<Placemark><name>Radar 40 km/h</name><description>Fonte: DER-GO</description><Point><coordinates>-48.155806,-15.055630,0</coordinates></Point></Placemark>
<Placemark><name>Radar 80 km/h</name><description>Fonte: ANTT</description><Point><coordinates>-48.893726,-15.030973,0</coordinates></Point></Placemark>
<Placemark><name>Radar 80 km/h</name><description>Fonte: ANTT</description><Point><coordinates>-49.410603,-14.999505,0</coordinates></Point></Placemark>
<Placemark><name>Radar 50 km/h</name><description>Fonte: ANTT</description><Point><coordinates>-48.909156,-14.989301,0</coordinates></Point></Placemark>
<Placemark><name>Radar 50 km/h</name><description>Fonte: ANTT</description><Point><coordinates>-48.911473,-14.988166,0</coordinates></Point></Placemark>
<Placemark><name>Radar 50 km/h</name><description>Fonte: OSM</description><Point><coordinates>-48.911427,-14.988077,0</coordinates></Point></Placemark>
<Placemark><name>Radar 40 km/h</name><description>Fonte: DER-GO</description><Point><coordinates>-47.785003,-14.985940,0</coordinates></Point></Placemark>
<Placemark><name>Radar 40 km/h</name><description>Fonte: DER-GO</description><Point><coordinates>-49.547091,-14.959674,0</coordinates></Point></Placemark>
<Placemark><name>Radar 40 km/h</name><description>Fonte: DER-GO</description><Point><coordinates>-49.547232,-14.959060,0</coordinates></Point></Placemark>
<Placemark><name>Radar 60 km/h</name><description>Fonte: DER-GO</description><Point><coordinates>-49.547082,-14.955675,0</coordinates></Point></Placemark>
<Placemark><name>Radar 60 km/h</name><description>Fonte: DER-GO</description><Point><coordinates>-49.547250,-14.952180,0</coordinates></Point></Placemark>
<Placemark><name>Radar 40 km/h</name><description>Fonte: DER-GO</description><Point><coordinates>-49.547288,-14.948444,0</coordinates></Point></Placemark>
<Placemark><name>Radar 40 km/h</name><description>Fonte: DER-GO</description><Point><coordinates>-49.547415,-14.947332,0</coordinates></Point></Placemark>
<Placemark><name>Radar 40 km/h</name><description>Fonte: DER-GO</description><Point><coordinates>-51.069052,-14.928466,0</coordinates></Point></Placemark>
<Placemark><name>Radar 50 km/h</name><description>Fonte: ANTT</description><Point><coordinates>-49.325789,-14.862101,0</coordinates></Point></Placemark>
<Placemark><name>Radar 80 km/h</name><description>Fonte: ANTT</description><Point><coordinates>-49.299898,-14.824028,0</coordinates></Point></Placemark>
<Placemark><name>Radar 80 km/h</name><description>Fonte: ANTT</description><Point><coordinates>-49.289761,-14.808100,0</coordinates></Point></Placemark>
<Placemark><name>Radar 40 km/h</name><description>Fonte: DER-GO</description><Point><coordinates>-50.539753,-14.758033,0</coordinates></Point></Placemark>
<Placemark><name>Radar 60 km/h</name><description>Fonte: DER-GO</description><Point><coordinates>-50.544973,-14.756187,0</coordinates></Point></Placemark>
<Placemark><name>Radar 60 km/h</name><description>Fonte: DER-GO</description><Point><coordinates>-50.545705,-14.756099,0</coordinates></Point></Placemark>
<Placemark><name>Radar 60 km/h</name><description>Fonte: DER-GO</description><Point><coordinates>-50.556231,-14.752396,0</coordinates></Point></Placemark>
<Placemark><name>Radar 60 km/h</name><description>Fonte: DER-GO</description><Point><coordinates>-49.594090,-14.725806,0</coordinates></Point></Placemark>
<Placemark><name>Radar 40 km/h</name><description>Fonte: DER-GO</description><Point><coordinates>-47.530336,-14.721017,0</coordinates></Point></Placemark>
<Placemark><name>Radar 40 km/h</name><description>Fonte: DER-GO</description><Point><coordinates>-47.528581,-14.719596,0</coordinates></Point></Placemark>
<Placemark><name>Radar 40 km/h</name><description>Fonte: DER-GO</description><Point><coordinates>-47.523152,-14.698506,0</coordinates></Point></Placemark>
<Placemark><name>Radar 80 km/h</name><description>Fonte: ANTT</description><Point><coordinates>-49.208902,-14.685393,0</coordinates></Point></Placemark>
<Placemark><name>Radar 80 km/h</name><description>Fonte: ANTT</description><Point><coordinates>-49.168662,-14.612282,0</coordinates></Point></Placemark>
<Placemark><name>Radar 80 km/h</name><description>Fonte: OSM</description><Point><coordinates>-49.168464,-14.611784,0</coordinates></Point></Placemark>
<Placemark><name>Radar 80 km/h</name><description>Fonte: ANTT</description><Point><coordinates>-49.165912,-14.603128,0</coordinates></Point></Placemark>
<Placemark><name>Radar 100 km/h</name><description>Fonte: ANTT</description><Point><coordinates>-49.159490,-14.580323,0</coordinates></Point></Placemark>
<Placemark><name>Radar 60 km/h</name><description>Fonte: DER-GO</description><Point><coordinates>-49.583924,-14.579641,0</coordinates></Point></Placemark>
<Placemark><name>Radar 40 km/h</name><description>Fonte: DER-GO</description><Point><coordinates>-49.980812,-14.547391,0</coordinates></Point></Placemark>
<Placemark><name>Radar 80 km/h</name><description>Fonte: DER-GO</description><Point><coordinates>-49.984830,-14.546316,0</coordinates></Point></Placemark>
<Placemark><name>Radar 40 km/h</name><description>Fonte: DER-GO</description><Point><coordinates>-49.968857,-14.544126,0</coordinates></Point></Placemark>
<Placemark><name>Radar 40 km/h</name><description>Fonte: DER-GO</description><Point><coordinates>-49.962239,-14.536220,0</coordinates></Point></Placemark>
<Placemark><name>Radar 40 km/h</name><description>Fonte: DER-GO</description><Point><coordinates>-49.150897,-14.534406,0</coordinates></Point></Placemark>
<Placemark><name>Radar 40 km/h</name><description>Fonte: DER-GO</description><Point><coordinates>-49.153353,-14.534136,0</coordinates></Point></Placemark>
<Placemark><name>Radar 50 km/h</name><description>Fonte: ANTT</description><Point><coordinates>-49.161073,-14.533858,0</coordinates></Point></Placemark>
<Placemark><name>Radar 80 km/h</name><description>Fonte: DER-GO</description><Point><coordinates>-49.078047,-14.533616,0</coordinates></Point></Placemark>
<Placemark><name>Radar 40 km/h</name><description>Fonte: DER-GO</description><Point><coordinates>-47.504885,-14.533331,0</coordinates></Point></Placemark>
<Placemark><name>Radar 80 km/h</name><description>Fonte: DER-GO</description><Point><coordinates>-49.080511,-14.533055,0</coordinates></Point></Placemark>
<Placemark><name>Radar 40 km/h</name><description>Fonte: DER-GO</description><Point><coordinates>-49.957795,-14.532329,0</coordinates></Point></Placemark>
<Placemark><name>Radar 40 km/h</name><description>Fonte: DER-GO</description><Point><coordinates>-49.083693,-14.532227,0</coordinates></Point></Placemark>
<Placemark><name>Radar 40 km/h</name><description>Fonte: DER-GO</description><Point><coordinates>-49.085200,-14.531896,0</coordinates></Point></Placemark>
<Placemark><name>Radar 40 km/h</name><description>Fonte: DER-GO</description><Point><coordinates>-49.956680,-14.531504,0</coordinates></Point></Placemark>
<Placemark><name>Radar 40 km/h</name><description>Fonte: DER-GO</description><Point><coordinates>-49.122286,-14.530933,0</coordinates></Point></Placemark>
<Placemark><name>Radar 40 km/h</name><description>Fonte: DER-GO</description><Point><coordinates>-49.121953,-14.530175,0</coordinates></Point></Placemark>
<Placemark><name>Radar 80 km/h</name><description>Fonte: DER-GO</description><Point><coordinates>-49.947929,-14.529365,0</coordinates></Point></Placemark>
<Placemark><name>Radar 80 km/h</name><description>Fonte: DER-GO</description><Point><coordinates>-49.947598,-14.529325,0</coordinates></Point></Placemark>
<Placemark><name>Radar 80 km/h</name><description>Fonte: DER-GO</description><Point><coordinates>-49.095720,-14.529288,0</coordinates></Point></Placemark>
<Placemark><name>Radar 60 km/h</name><description>Fonte: DER-GO</description><Point><coordinates>-49.105429,-14.526562,0</coordinates></Point></Placemark>
<Placemark><name>Radar 40 km/h</name><description>Fonte: DER-GO</description><Point><coordinates>-49.638217,-14.506146,0</coordinates></Point></Placemark>
<Placemark><name>Radar 40 km/h</name><description>Fonte: DER-GO</description><Point><coordinates>-46.430446,-14.458212,0</coordinates></Point></Placemark>
<Placemark><name>Radar 40 km/h</name><description>Fonte: DER-GO</description><Point><coordinates>-46.430148,-14.458166,0</coordinates></Point></Placemark>
<Placemark><name>Radar 40 km/h</name><description>Fonte: DER-GO</description><Point><coordinates>-46.434819,-14.456985,0</coordinates></Point></Placemark>
<Placemark><name>Radar 40 km/h</name><description>Fonte: DER-GO</description><Point><coordinates>-46.434500,-14.456931,0</coordinates></Point></Placemark>
<Placemark><name>Radar 60 km/h</name><description>Fonte: DER-GO</description><Point><coordinates>-48.445794,-14.455172,0</coordinates></Point></Placemark>
<Placemark><name>Radar</name><description>Fonte: DNIT</description><Point><coordinates>-46.461743,-14.442780,0</coordinates></Point></Placemark>
<Placemark><name>Radar</name><description>Fonte: DNIT</description><Point><coordinates>-46.460202,-14.439651,0</coordinates></Point></Placemark>
<Placemark><name>Radar 80 km/h</name><description>Fonte: OSM</description><Point><coordinates>-49.156916,-14.431815,0</coordinates></Point></Placemark>
<Placemark><name>Radar 60 km/h</name><description>Fonte: DER-GO</description><Point><coordinates>-49.701111,-14.409214,0</coordinates></Point></Placemark>
<Placemark><name>Radar 80 km/h</name><description>Fonte: DER-GO</description><Point><coordinates>-50.442351,-14.399854,0</coordinates></Point></Placemark>
<Placemark><name>Radar 80 km/h</name><description>Fonte: DER-GO</description><Point><coordinates>-50.442321,-14.399577,0</coordinates></Point></Placemark>
<Placemark><name>Radar 40 km/h</name><description>Fonte: DER-GO</description><Point><coordinates>-50.443653,-14.399526,0</coordinates></Point></Placemark>
<Placemark><name>Radar</name><description>Fonte: DNIT</description><Point><coordinates>-46.439867,-14.347922,0</coordinates></Point></Placemark>
<Placemark><name>Radar 40 km/h</name><description>Fonte: DER-GO</description><Point><coordinates>-49.694381,-14.345764,0</coordinates></Point></Placemark>
<Placemark><name>Radar</name><description>Fonte: DNIT</description><Point><coordinates>-46.441878,-14.328011,0</coordinates></Point></Placemark>
<Placemark><name>Radar 40 km/h</name><description>Fonte: DER-GO</description><Point><coordinates>-49.170005,-14.303309,0</coordinates></Point></Placemark>
<Placemark><name>Radar 60 km/h</name><description>Fonte: DER-GO</description><Point><coordinates>-49.270226,-14.290285,0</coordinates></Point></Placemark>
<Placemark><name>Radar 60 km/h</name><description>Fonte: DER-GO</description><Point><coordinates>-49.269104,-14.290254,0</coordinates></Point></Placemark>
<Placemark><name>Radar 40 km/h</name><description>Fonte: DER-GO</description><Point><coordinates>-49.656728,-14.283912,0</coordinates></Point></Placemark>
<Placemark><name>Radar</name><description>Fonte: DNIT</description><Point><coordinates>-46.353370,-14.240087,0</coordinates></Point></Placemark>
<Placemark><name>Radar 100 km/h</name><description>Fonte: ANTT</description><Point><coordinates>-49.127816,-14.191959,0</coordinates></Point></Placemark>
<Placemark><name>Radar 40 km/h</name><description>Fonte: DER-GO</description><Point><coordinates>-49.350215,-14.190368,0</coordinates></Point></Placemark>
<Placemark><name>Radar 40 km/h</name><description>Fonte: DER-GO</description><Point><coordinates>-47.809403,-14.178466,0</coordinates></Point></Placemark>
<Placemark><name>Radar 40 km/h</name><description>Fonte: DER-GO</description><Point><coordinates>-47.595302,-14.157532,0</coordinates></Point></Placemark>
<Placemark><name>Radar 40 km/h</name><description>Fonte: DER-GO</description><Point><coordinates>-47.595830,-14.157433,0</coordinates></Point></Placemark>
<Placemark><name>Radar 40 km/h</name><description>Fonte: DER-GO</description><Point><coordinates>-48.077182,-14.153584,0</coordinates></Point></Placemark>
<Placemark><name>Radar 40 km/h</name><description>Fonte: DER-GO</description><Point><coordinates>-47.521780,-14.141931,0</coordinates></Point></Placemark>
<Placemark><name>Radar 60 km/h</name><description>Fonte: DER-GO</description><Point><coordinates>-47.522052,-14.138394,0</coordinates></Point></Placemark>
<Placemark><name>Radar 100 km/h</name><description>Fonte: ANTT</description><Point><coordinates>-49.114133,-14.138011,0</coordinates></Point></Placemark>
<Placemark><name>Radar 80 km/h</name><description>Fonte: OSM</description><Point><coordinates>-49.113799,-14.137197,0</coordinates></Point></Placemark>
<Placemark><name>Radar 40 km/h</name><description>Fonte: DER-GO</description><Point><coordinates>-47.522526,-14.133359,0</coordinates></Point></Placemark>
<Placemark><name>Radar 60 km/h</name><description>Fonte: DER-GO</description><Point><coordinates>-50.346463,-14.119920,0</coordinates></Point></Placemark>
<Placemark><name>Radar 60 km/h</name><description>Fonte: DER-GO</description><Point><coordinates>-50.346540,-14.119889,0</coordinates></Point></Placemark>
<Placemark><name>Radar 40 km/h</name><description>Fonte: DER-GO</description><Point><coordinates>-46.402884,-14.108209,0</coordinates></Point></Placemark>
<Placemark><name>Radar 40 km/h</name><description>Fonte: DER-GO</description><Point><coordinates>-46.326447,-14.107622,0</coordinates></Point></Placemark>
<Placemark><name>Radar 40 km/h</name><description>Fonte: DER-GO</description><Point><coordinates>-46.327915,-14.107165,0</coordinates></Point></Placemark>
<Placemark><name>Radar 40 km/h</name><description>Fonte: DER-GO</description><Point><coordinates>-50.340112,-14.106232,0</coordinates></Point></Placemark>
<Placemark><name>Radar 40 km/h</name><description>Fonte: DER-GO</description><Point><coordinates>-50.339648,-14.104391,0</coordinates></Point></Placemark>
<Placemark><name>Radar 60 km/h</name><description>Fonte: DER-GO</description><Point><coordinates>-46.338352,-14.103459,0</coordinates></Point></Placemark>
<Placemark><name>Radar 60 km/h</name><description>Fonte: DER-GO</description><Point><coordinates>-46.440894,-14.098972,0</coordinates></Point></Placemark>
<Placemark><name>Radar 60 km/h</name><description>Fonte: DER-GO</description><Point><coordinates>-46.381881,-14.097790,0</coordinates></Point></Placemark>
<Placemark><name>Radar 60 km/h</name><description>Fonte: DER-GO</description><Point><coordinates>-46.376981,-14.096300,0</coordinates></Point></Placemark>
<Placemark><name>Radar 40 km/h</name><description>Fonte: DER-GO</description><Point><coordinates>-46.366027,-14.090629,0</coordinates></Point></Placemark>
<Placemark><name>Radar 40 km/h</name><description>Fonte: DER-GO</description><Point><coordinates>-50.335641,-14.089419,0</coordinates></Point></Placemark>
<Placemark><name>Radar 60 km/h</name><description>Fonte: DER-GO</description><Point><coordinates>-50.335290,-14.087876,0</coordinates></Point></Placemark>
<Placemark><name>Radar 80 km/h</name><description>Fonte: ANTT</description><Point><coordinates>-49.090591,-13.984564,0</coordinates></Point></Placemark>
<Placemark><name>Radar 40 km/h</name><description>Fonte: DER-GO</description><Point><coordinates>-50.321034,-13.966826,0</coordinates></Point></Placemark>
<Placemark><name>Radar 40 km/h</name><description>Fonte: DER-GO</description><Point><coordinates>-50.321009,-13.966647,0</coordinates></Point></Placemark>
<Placemark><name>Radar 40 km/h</name><description>Fonte: DER-GO</description><Point><coordinates>-46.641225,-13.937303,0</coordinates></Point></Placemark>
<Placemark><name>Radar 40 km/h</name><description>Fonte: DER-GO</description><Point><coordinates>-46.638897,-13.933373,0</coordinates></Point></Placemark>
<Placemark><name>Radar 40 km/h</name><description>Fonte: DER-GO</description><Point><coordinates>-50.329898,-13.890626,0</coordinates></Point></Placemark>
<Placemark><name>Radar 60 km/h</name><description>Fonte: DER-GO</description><Point><coordinates>-50.328515,-13.890421,0</coordinates></Point></Placemark>
<Placemark><name>Radar 60 km/h</name><description>Fonte: DER-GO</description><Point><coordinates>-47.258945,-13.813453,0</coordinates></Point></Placemark>
<Placemark><name>Radar 60 km/h</name><description>Fonte: DER-GO</description><Point><coordinates>-47.444656,-13.794131,0</coordinates></Point></Placemark>
<Placemark><name>Radar 40 km/h</name><description>Fonte: DER-GO</description><Point><coordinates>-48.567686,-13.786056,0</coordinates></Point></Placemark>
<Placemark><name>Radar 60 km/h</name><description>Fonte: DER-GO</description><Point><coordinates>-50.340461,-13.785914,0</coordinates></Point></Placemark>
<Placemark><name>Radar 60 km/h</name><description>Fonte: DER-GO</description><Point><coordinates>-50.340316,-13.783749,0</coordinates></Point></Placemark>
<Placemark><name>Radar 40 km/h</name><description>Fonte: DER-GO</description><Point><coordinates>-47.266852,-13.781804,0</coordinates></Point></Placemark>
<Placemark><name>Radar 40 km/h</name><description>Fonte: DER-GO</description><Point><coordinates>-50.285480,-13.775128,0</coordinates></Point></Placemark>
<Placemark><name>Radar 40 km/h</name><description>Fonte: DER-GO</description><Point><coordinates>-50.277314,-13.773091,0</coordinates></Point></Placemark>
<Placemark><name>Radar 60 km/h</name><description>Fonte: DER-GO</description><Point><coordinates>-48.493230,-13.717768,0</coordinates></Point></Placemark>
<Placemark><name>Radar 40 km/h</name><description>Fonte: DER-GO</description><Point><coordinates>-49.016664,-13.712642,0</coordinates></Point></Placemark>
<Placemark><name>Radar 60 km/h</name><description>Fonte: DER-GO</description><Point><coordinates>-48.490588,-13.712294,0</coordinates></Point></Placemark>
<Placemark><name>Radar 60 km/h</name><description>Fonte: OSM</description><Point><coordinates>-47.236689,-13.688363,0</coordinates></Point></Placemark>
<Placemark><name>Radar 60 km/h</name><description>Fonte: DER-GO</description><Point><coordinates>-47.236686,-13.687772,0</coordinates></Point></Placemark>
<Placemark><name>Radar 60 km/h</name><description>Fonte: DER-GO</description><Point><coordinates>-47.228524,-13.686613,0</coordinates></Point></Placemark>
<Placemark><name>Radar 60 km/h</name><description>Fonte: DER-GO</description><Point><coordinates>-47.224603,-13.683204,0</coordinates></Point></Placemark>
<Placemark><name>Radar 60 km/h</name><description>Fonte: DER-GO</description><Point><coordinates>-48.765092,-13.681496,0</coordinates></Point></Placemark>
<Placemark><name>Radar 60 km/h</name><description>Fonte: DER-GO</description><Point><coordinates>-48.626714,-13.679154,0</coordinates></Point></Placemark>
<Placemark><name>Radar 60 km/h</name><description>Fonte: DER-GO</description><Point><coordinates>-48.629930,-13.677819,0</coordinates></Point></Placemark>
<Placemark><name>Radar 60 km/h</name><description>Fonte: DER-GO</description><Point><coordinates>-48.637191,-13.677290,0</coordinates></Point></Placemark>
<Placemark><name>Radar 60 km/h</name><description>Fonte: DER-GO</description><Point><coordinates>-48.641460,-13.675646,0</coordinates></Point></Placemark>
<Placemark><name>Radar 40 km/h</name><description>Fonte: DER-GO</description><Point><coordinates>-48.965823,-13.666923,0</coordinates></Point></Placemark>
<Placemark><name>Radar 40 km/h</name><description>Fonte: DER-GO</description><Point><coordinates>-48.963950,-13.665379,0</coordinates></Point></Placemark>
<Placemark><name>Radar 40 km/h</name><description>Fonte: DER-GO</description><Point><coordinates>-48.885837,-13.655780,0</coordinates></Point></Placemark>
<Placemark><name>Radar 40 km/h</name><description>Fonte: DER-GO</description><Point><coordinates>-48.867081,-13.654291,0</coordinates></Point></Placemark>
<Placemark><name>Radar 40 km/h</name><description>Fonte: DER-GO</description><Point><coordinates>-48.879787,-13.653847,0</coordinates></Point></Placemark>
<Placemark><name>Radar 40 km/h</name><description>Fonte: DER-GO</description><Point><coordinates>-48.879937,-13.653844,0</coordinates></Point></Placemark>
<Placemark><name>Radar 60 km/h</name><description>Fonte: DER-GO</description><Point><coordinates>-48.847496,-13.648198,0</coordinates></Point></Placemark>
<Placemark><name>Radar 60 km/h</name><description>Fonte: ANTT</description><Point><coordinates>-49.041876,-13.597911,0</coordinates></Point></Placemark>
<Placemark><name>Radar 80 km/h</name><description>Fonte: OSM</description><Point><coordinates>-49.041868,-13.596558,0</coordinates></Point></Placemark>
<Placemark><name>Radar 40 km/h</name><description>Fonte: DER-GO</description><Point><coordinates>-48.282544,-13.567360,0</coordinates></Point></Placemark>
<Placemark><name>Radar 60 km/h</name><description>Fonte: DER-GO</description><Point><coordinates>-48.255113,-13.554481,0</coordinates></Point></Placemark>
<Placemark><name>Radar 40 km/h</name><description>Fonte: DER-GO</description><Point><coordinates>-48.215309,-13.502015,0</coordinates></Point></Placemark>
<Placemark><name>Radar 80 km/h</name><description>Fonte: OSM</description><Point><coordinates>-49.136429,-13.484784,0</coordinates></Point></Placemark>
<Placemark><name>Radar 80 km/h</name><description>Fonte: ANTT</description><Point><coordinates>-49.135612,-13.459724,0</coordinates></Point></Placemark>
<Placemark><name>Radar 80 km/h</name><description>Fonte: OSM</description><Point><coordinates>-49.135628,-13.459265,0</coordinates></Point></Placemark>
<Placemark><name>Radar 50 km/h</name><description>Fonte: ANTT</description><Point><coordinates>-49.132927,-13.441651,0</coordinates></Point></Placemark>
<Placemark><name>Radar 60 km/h</name><description>Fonte: DER-GO</description><Point><coordinates>-49.174435,-13.420735,0</coordinates></Point></Placemark>
<Placemark><name>Radar 60 km/h</name><description>Fonte: DER-GO</description><Point><coordinates>-49.173088,-13.420337,0</coordinates></Point></Placemark>
<Placemark><name>Radar 60 km/h</name><description>Fonte: DER-GO</description><Point><coordinates>-49.151141,-13.414799,0</coordinates></Point></Placemark>
<Placemark><name>Radar 60 km/h</name><description>Fonte: DER-GO</description><Point><coordinates>-49.149894,-13.414666,0</coordinates></Point></Placemark>
<Placemark><name>Radar 80 km/h</name><description>Fonte: ANTT</description><Point><coordinates>-49.127955,-13.384849,0</coordinates></Point></Placemark>
<Placemark><name>Radar 80 km/h</name><description>Fonte: OSM</description><Point><coordinates>-49.127920,-13.384511,0</coordinates></Point></Placemark>
<Placemark><name>Radar 80 km/h</name><description>Fonte: OSM</description><Point><coordinates>-49.123951,-13.357902,0</coordinates></Point></Placemark>
<Placemark><name>Radar 40 km/h</name><description>Fonte: DER-GO</description><Point><coordinates>-48.686715,-13.343609,0</coordinates></Point></Placemark>
<Placemark><name>Radar 40 km/h</name><description>Fonte: DER-GO</description><Point><coordinates>-50.176778,-13.280817,0</coordinates></Point></Placemark>
<Placemark><name>Radar 40 km/h</name><description>Fonte: DER-GO</description><Point><coordinates>-50.168312,-13.275699,0</coordinates></Point></Placemark>
<Placemark><name>Radar 40 km/h</name><description>Fonte: DER-GO</description><Point><coordinates>-50.167678,-13.275003,0</coordinates></Point></Placemark>
<Placemark><name>Radar 40 km/h</name><description>Fonte: DER-GO</description><Point><coordinates>-50.158909,-13.269786,0</coordinates></Point></Placemark>
<Placemark><name>Radar 40 km/h</name><description>Fonte: DER-GO</description><Point><coordinates>-50.144175,-13.267393,0</coordinates></Point></Placemark>
<Placemark><name>Radar 40 km/h</name><description>Fonte: DER-GO</description><Point><coordinates>-50.143650,-13.267295,0</coordinates></Point></Placemark>
<Placemark><name>Radar 60 km/h</name><description>Fonte: DER-GO</description><Point><coordinates>-49.807632,-13.261065,0</coordinates></Point></Placemark>
<Placemark><name>Radar 40 km/h</name><description>Fonte: DER-GO</description><Point><coordinates>-46.902725,-13.255848,0</coordinates></Point></Placemark>
<Placemark><name>Radar 40 km/h</name><description>Fonte: DER-GO</description><Point><coordinates>-46.900316,-13.255613,0</coordinates></Point></Placemark>
<Placemark><name>Radar 40 km/h</name><description>Fonte: DER-GO</description><Point><coordinates>-48.608012,-13.113330,0</coordinates></Point></Placemark>
</Folder>
</Document></kml>