{"type":"FeatureCollection","attribution":"Pardal — © colaboradores do OpenStreetMap (ODbL 1.0) e fontes abertas listadas no README","features":[{"type":"Feature","geometry":{"type":"Point","coordinates":[-51.725472,-19.100026]},"properties":{"kind":"FIXED","limit_kmh":40,"source":"DER-GO","active":true,"direction_deg":206}},{"type":"Feature","geometry":{"type":"Point","coordinates":[-51.725382,-19.099712]},"properties":{"kind":"FIXED","limit_kmh":40,"source":"DER-GO","active":true,"direction_deg":27}},{"type":"Feature","geometry":{"type":"Point","coordinates":[-51.55185,-19.070896]},"properties":{"kind":"FIXED","limit_kmh":40,"source":"DER-GO","active":true,"direction_deg":null}},{"type":"Feature","geometry":{"type":"Point","coordinates":[-51.534476,-19.070689]},"properties":{"kind":"FIXED","limit_kmh":40,"source":"DER-GO","active":true,"direction_deg":null}},{"type":"Feature","geometry":{"type":"Point","coordinates":[-50.542701,-19.013493]},"properties":{"kind":"FIXED","limit_kmh":50,"source":"ANTT","active":true,"direction_deg":308}},{"type":"Feature","geometry":{"type":"Point","coordinates":[-50.67219,-19.01091]},"properties":{"kind":"FIXED","limit_kmh":40,"source":"DER-GO","active":true,"direction_deg":255}},{"type":"Feature","geometry":{"type":"Point","coordinates":[-50.554056,-19.005163]},"properties":{"kind":"FIXED","limit_kmh":60,"source":"ANTT","active":true,"direction_deg":null}},{"type":"Feature","geometry":{"type":"Point","coordinates":[-51.92561,-18.964436]},"properties":{"kind":"FIXED","limit_kmh":40,"source":"DER-GO","active":true,"direction_deg":null}},{"type":"Feature","geometry":{"type":"Point","coordinates":[-50.66134,-18.905075]},"properties":{"kind":"FIXED","limit_kmh":60,"source":"DER-GO","active":true,"direction_deg":null}},{"type":"Feature","geometry":{"type":"Point","coordinates":[-50.725629,-18.89513]},"properties":{"kind":"FIXED","limit_kmh":80,"source":"ANTT","active":true,"direction_deg":294}},{"type":"Feature","geometry":{"type":"Point","coordinates":[-51.347627,-18.761294]},"properties":{"kind":"FIXED","limit_kmh":40,"source":"DER-GO","active":true,"direction_deg":96}},{"type":"Feature","geometry":{"type":"Point","coordinates":[-50.932331,-18.757252]},"properties":{"kind":"FIXED","limit_kmh":80,"source":"ANTT","active":true,"direction_deg":null}},{"type":"Feature","geometry":{"type":"Point","coordinates":[-50.973194,-18.692943]},"properties":{"kind":"FIXED","limit_kmh":80,"source":"ANTT","active":true,"direction_deg":null}},{"type":"Feature","geometry":{"type":"Point","coordinates":[-52.622915,-18.669808]},"properties":{"kind":"FIXED","limit_kmh":40,"source":"DER-GO","active":true,"direction_deg":357}},{"type":"Feature","geometry":{"type":"Point","coordinates":[-52.623172,-18.667381]},"properties":{"kind":"FIXED","limit_kmh":40,"source":"DER-GO","active":true,"direction_deg":176}},{"type":"Feature","geometry":{"type":"Point","coordinates":[-51.1358,-18.5759]},"properties":{"kind":"FIXED","limit_kmh":40,"source":"DER-GO","active":true,"direction_deg":33}},{"type":"Feature","geometry":{"type":"Point","coordinates":[-51.12636,-18.556807]},"properties":{"kind":"FIXED","limit_kmh":60,"source":"DER-GO","active":true,"direction_deg":196}},{"type":"Feature","geometry":{"type":"Point","coordinates":[-51.079273,-18.512167]},"properties":{"kind":"FIXED","limit_kmh":40,"source":"DER-GO","active":true,"direction_deg":47}},{"type":"Feature","geometry":{"type":"Point","coordinates":[-51.077567,-18.510542]},"properties":{"kind":"FIXED","limit_kmh":40,"source":"DER-GO","active":true,"direction_deg":229}},{"type":"Feature","geometry":{"type":"Point","coordinates":[-49.465884,-18.485527]},"properties":{"kind":"FIXED","limit_kmh":60,"source":"DER-GO","active":true,"direction_deg":245}},{"type":"Feature","geometry":{"type":"Point","coordinates":[-50.427296,-18.474584]},"properties":{"kind":"FIXED","limit_kmh":60,"source":"DER-GO","active":true,"direction_deg":null}},{"type":"Feature","geometry":{"type":"Point","coordinates":[-50.45154,-18.46528]},"properties":{"kind":"FIXED","limit_kmh":40,"source":"DER-GO","active":true,"direction_deg":null}},{"type":"Feature","geometry":{"type":"Point","coordinates":[-50.42296,-18.45908]},"properties":{"kind":"FIXED","limit_kmh":60,"source":"DER-GO","active":true,"direction_deg":null}},{"type":"Feature","geometry":{"type":"Point","coordinates":[-50.45909,-18.45793]},"properties":{"kind":"FIXED","limit_kmh":40,"source":"DER-GO","active":true,"direction_deg":null}},{"type":"Feature","geometry":{"type":"Point","coordinates":[-50.410025,-18.44538]},"properties":{"kind":"FIXED","limit_kmh":40,"source":"DER-GO","active":true,"direction_deg":296}},{"type":"Feature","geometry":{"type":"Point","coordinates":[-50.413738,-18.443692]},"properties":{"kind":"FIXED","limit_kmh":40,"source":"DER-GO","active":true,"direction_deg":117}},{"type":"Feature","geometry":{"type":"Point","coordinates":[-49.223739,-18.421985]},"properties":{"kind":"FIXED","limit_kmh":40,"source":"INMETRO","active":true,"direction_deg":null}},{"type":"Feature","geometry":{"type":"Point","coordinates":[-49.227007,-18.42166]},"properties":{"kind":"FIXED","limit_kmh":40,"source":"INMETRO","active":true,"direction_deg":null}},{"type":"Feature","geometry":{"type":"Point","coordinates":[-49.224207,-18.418421]},"properties":{"kind":"FIXED","limit_kmh":40,"source":"INMETRO","active":true,"direction_deg":null}},{"type":"Feature","geometry":{"type":"Point","coordinates":[-49.219891,-18.415751]},"properties":{"kind":"FIXED","limit_kmh":40,"source":"INMETRO","active":true,"direction_deg":null}},{"type":"Feature","geometry":{"type":"Point","coordinates":[-49.194289,-18.415536]},"properties":{"kind":"FIXED","limit_kmh":null,"source":"OSM","active":true,"direction_deg":null}},{"type":"Feature","geometry":{"type":"Point","coordinates":[-49.212607,-18.414993]},"properties":{"kind":"FIXED","limit_kmh":40,"source":"INMETRO","active":true,"direction_deg":null}},{"type":"Feature","geometry":{"type":"Point","coordinates":[-51.096512,-18.414519]},"properties":{"kind":"FIXED","limit_kmh":80,"source":"ANTT","active":true,"direction_deg":323}},{"type":"Feature","geometry":{"type":"Point","coordinates":[-49.215091,-18.413144]},"properties":{"kind":"FIXED","limit_kmh":50,"source":"INMETRO","active":true,"direction_deg":null}},{"type":"Feature","geometry":{"type":"Point","coordinates":[-49.243202,-18.412865]},"properties":{"kind":"FIXED","limit_kmh":50,"source":"OSM","active":true,"direction_deg":null}},{"type":"Feature","geometry":{"type":"Point","coordinates":[-49.219363,-18.411324]},"properties":{"kind":"FIXED","limit_kmh":40,"source":"INMETRO","active":true,"direction_deg":null}},{"type":"Feature","geometry":{"type":"Point","coordinates":[-49.248772,-18.411024]},"properties":{"kind":"FIXED","limit_kmh":40,"source":"OSM","active":true,"direction_deg":null}},{"type":"Feature","geometry":{"type":"Point","coordinates":[-49.248922,-18.41084]},"properties":{"kind":"FIXED","limit_kmh":50,"source":"OSM","active":true,"direction_deg":null}},{"type":"Feature","geometry":{"type":"Point","coordinates":[-49.196892,-18.409815]},"properties":{"kind":"FIXED","limit_kmh":80,"source":"OSM","active":true,"direction_deg":null}},{"type":"Feature","geometry":{"type":"Point","coordinates":[-49.25204,-18.409762]},"properties":{"kind":"FIXED","limit_kmh":50,"source":"OSM","active":true,"direction_deg":null}},{"type":"Feature","geometry":{"type":"Point","coordinates":[-49.212694,-18.409689]},"properties":{"kind":"FIXED","limit_kmh":50,"source":"INMETRO","active":true,"direction_deg":null}},{"type":"Feature","geometry":{"type":"Point","coordinates":[-49.251997,-18.409628]},"properties":{"kind":"FIXED","limit_kmh":50,"source":"INMETRO+OSM","active":true,"direction_deg":null}},{"type":"Feature","geometry":{"type":"Point","coordinates":[-49.232995,-18.409352]},"properties":{"kind":"FIXED","limit_kmh":40,"source":"INMETRO","active":true,"direction_deg":null}},{"type":"Feature","geometry":{"type":"Point","coordinates":[-49.229818,-18.408726]},"properties":{"kind":"FIXED","limit_kmh":40,"source":"INMETRO","active":true,"direction_deg":null}},{"type":"Feature","geometry":{"type":"Point","coordinates":[-49.228795,-18.408693]},"properties":{"kind":"FIXED","limit_kmh":40,"source":"INMETRO","active":true,"direction_deg":null}},{"type":"Feature","geometry":{"type":"Point","coordinates":[-49.209249,-18.404505]},"properties":{"kind":"FIXED","limit_kmh":50,"source":"INMETRO","active":true,"direction_deg":null}},{"type":"Feature","geometry":{"type":"Point","coordinates":[-51.105432,-18.403368]},"properties":{"kind":"FIXED","limit_kmh":80,"source":"ANTT","active":true,"direction_deg":143}},{"type":"Feature","geometry":{"type":"Point","coordinates":[-49.295753,-18.396322]},"properties":{"kind":"FIXED","limit_kmh":50,"source":"ANTT","active":true,"direction_deg":50}},{"type":"Feature","geometry":{"type":"Point","coordinates":[-52.666095,-18.393274]},"properties":{"kind":"FIXED","limit_kmh":40,"source":"DER-GO","active":true,"direction_deg":304}},{"type":"Feature","geometry":{"type":"Point","coordinates":[-52.666764,-18.39284]},"properties":{"kind":"FIXED","limit_kmh":40,"source":"DER-GO","active":true,"direction_deg":305}},{"type":"Feature","geometry":{"type":"Point","coordinates":[-49.209905,-18.392567]},"properties":{"kind":"FIXED","limit_kmh":50,"source":"INMETRO","active":true,"direction_deg":null}},{"type":"Feature","geometry":{"type":"Point","coordinates":[-48.055494,-18.369914]},"properties":{"kind":"FIXED","limit_kmh":60,"source":"ANTT","active":true,"direction_deg":262}},{"type":"Feature","geometry":{"type":"Point","coordinates":[-51.119269,-18.359134]},"properties":{"kind":"FIXED","limit_kmh":80,"source":"ANTT","active":true,"direction_deg":null}},{"type":"Feature","geometry":{"type":"Point","coordinates":[-47.782264,-18.351862]},"properties":{"kind":"FIXED","limit_kmh":40,"source":"DER-GO","active":true,"direction_deg":324}},{"type":"Feature","geometry":{"type":"Point","coordinates":[-47.782561,-18.351703]},"properties":{"kind":"FIXED","limit_kmh":40,"source":"DER-GO","active":true,"direction_deg":144}},{"type":"Feature","geometry":{"type":"Point","coordinates":[-47.790392,-18.337774]},"properties":{"kind":"FIXED","limit_kmh":60,"source":"DER-GO","active":true,"direction_deg":159}},{"type":"Feature","geometry":{"type":"Point","coordinates":[-48.56288,-18.317916]},"properties":{"kind":"FIXED","limit_kmh":40,"source":"DER-GO","active":true,"direction_deg":null}},{"type":"Feature","geometry":{"type":"Point","coordinates":[-51.165266,-18.290596]},"properties":{"kind":"FIXED","limit_kmh":80,"source":"ANTT","active":true,"direction_deg":103}},{"type":"Feature","geometry":{"type":"Point","coordinates":[-49.251288,-18.252529]},"properties":{"kind":"FIXED","limit_kmh":null,"source":"OSM","active":true,"direction_deg":null}},{"type":"Feature","geometry":{"type":"Point","coordinates":[-47.844509,-18.237992]},"properties":{"kind":"FIXED","limit_kmh":40,"source":"DER-GO","active":true,"direction_deg":null}},{"type":"Feature","geometry":{"type":"Point","coordinates":[-47.910387,-18.217107]},"properties":{"kind":"FIXED","limit_kmh":80,"source":"DER-GO","active":true,"direction_deg":null}},{"type":"Feature","geometry":{"type":"Point","coordinates":[-47.925572,-18.208776]},"properties":{"kind":"FIXED","limit_kmh":60,"source":"DER-GO","active":true,"direction_deg":null}},{"type":"Feature","geometry":{"type":"Point","coordinates":[-47.936313,-18.201803]},"properties":{"kind":"FIXED","limit_kmh":40,"source":"INMETRO","active":true,"direction_deg":null}},{"type":"Feature","geometry":{"type":"Point","coordinates":[-47.93444,-18.19849]},"properties":{"kind":"FIXED","limit_kmh":40,"source":"DER-GO","active":true,"direction_deg":165}},{"type":"Feature","geometry":{"type":"Point","coordinates":[-47.93473,-18.19766]},"properties":{"kind":"FIXED","limit_kmh":40,"source":"DER-GO","active":true,"direction_deg":345}},{"type":"Feature","geometry":{"type":"Point","coordinates":[-47.937895,-18.195442]},"properties":{"kind":"FIXED","limit_kmh":40,"source":"INMETRO","active":true,"direction_deg":null}},{"type":"Feature","geometry":{"type":"Point","coordinates":[-47.939208,-18.189447]},"properties":{"kind":"FIXED","limit_kmh":40,"source":"INMETRO","active":true,"direction_deg":null}},{"type":"Feature","geometry":{"type":"Point","coordinates":[-47.945462,-18.188545]},"properties":{"kind":"FIXED","limit_kmh":40,"source":"INMETRO","active":true,"direction_deg":null}},{"type":"Feature","geometry":{"type":"Point","coordinates":[-47.93767,-18.185815]},"properties":{"kind":"FIXED","limit_kmh":40,"source":"DER-GO","active":true,"direction_deg":167}},{"type":"Feature","geometry":{"type":"Point","coordinates":[-47.944238,-18.18385]},"properties":{"kind":"FIXED","limit_kmh":60,"source":"ANTT","active":true,"direction_deg":229}},{"type":"Feature","geometry":{"type":"Point","coordinates":[-47.933682,-18.176581]},"properties":{"kind":"FIXED","limit_kmh":60,"source":"ANTT","active":true,"direction_deg":235}},{"type":"Feature","geometry":{"type":"Point","coordinates":[-47.95607,-18.176041]},"properties":{"kind":"FIXED","limit_kmh":40,"source":"INMETRO","active":true,"direction_deg":null}},{"type":"Feature","geometry":{"type":"Point","coordinates":[-47.939419,-18.17414]},"properties":{"kind":"FIXED","limit_kmh":40,"source":"INMETRO","active":true,"direction_deg":null}},{"type":"Feature","geometry":{"type":"Point","coordinates":[-47.925259,-18.172243]},"properties":{"kind":"FIXED","limit_kmh":60,"source":"ANTT+OSM","active":true,"direction_deg":62}},{"type":"Feature","geometry":{"type":"Point","coordinates":[-47.970606,-18.169861]},"properties":{"kind":"FIXED","limit_kmh":40,"source":"DER-GO","active":true,"direction_deg":87}},{"type":"Feature","geometry":{"type":"Point","coordinates":[-47.96796,-18.16967]},"properties":{"kind":"FIXED","limit_kmh":40,"source":"DER-GO","active":true,"direction_deg":267}},{"type":"Feature","geometry":{"type":"Point","coordinates":[-47.933805,-18.169443]},"properties":{"kind":"FIXED","limit_kmh":40,"source":"INMETRO","active":true,"direction_deg":null}},{"type":"Feature","geometry":{"type":"Point","coordinates":[-47.943978,-18.169283]},"properties":{"kind":"FIXED","limit_kmh":40,"source":"INMETRO","active":true,"direction_deg":null}},{"type":"Feature","geometry":{"type":"Point","coordinates":[-47.961314,-18.167086]},"properties":{"kind":"FIXED","limit_kmh":40,"source":"INMETRO","active":true,"direction_deg":null}},{"type":"Feature","geometry":{"type":"Point","coordinates":[-47.939371,-18.166199]},"properties":{"kind":"FIXED","limit_kmh":40,"source":"INMETRO","active":true,"direction_deg":null}},{"type":"Feature","geometry":{"type":"Point","coordinates":[-47.939411,-18.164359]},"properties":{"kind":"FIXED","limit_kmh":40,"source":"INMETRO","active":true,"direction_deg":null}},{"type":"Feature","geometry":{"type":"Point","coordinates":[-47.944202,-18.162384]},"properties":{"kind":"FIXED","limit_kmh":40,"source":"INMETRO","active":true,"direction_deg":null}},{"type":"Feature","geometry":{"type":"Point","coordinates":[-47.959104,-18.15772]},"properties":{"kind":"FIXED","limit_kmh":40,"source":"INMETRO","active":true,"direction_deg":null}},{"type":"Feature","geometry":{"type":"Point","coordinates":[-48.562453,-18.154641]},"properties":{"kind":"FIXED","limit_kmh":40,"source":"DER-GO","active":true,"direction_deg":352}},{"type":"Feature","geometry":{"type":"Point","coordinates":[-48.562703,-18.15127]},"properties":{"kind":"FIXED","limit_kmh":40,"source":"DER-GO","active":true,"direction_deg":6}},{"type":"Feature","geometry":{"type":"Point","coordinates":[-47.925457,-18.148021]},"properties":{"kind":"FIXED","limit_kmh":50,"source":"INMETRO","active":true,"direction_deg":null}},{"type":"Feature","geometry":{"type":"Point","coordinates":[-48.852432,-18.146186]},"properties":{"kind":"FIXED","limit_kmh":60,"source":"DER-GO","active":true,"direction_deg":null}},{"type":"Feature","geometry":{"type":"Point","coordinates":[-47.914,-18.145111]},"properties":{"kind":"FIXED","limit_kmh":40,"source":"INMETRO","active":true,"direction_deg":null}},{"type":"Feature","geometry":{"type":"Point","coordinates":[-51.904923,-18.13963]},"properties":{"kind":"FIXED","limit_kmh":80,"source":"DER-GO","active":true,"direction_deg":2}},{"type":"Feature","geometry":{"type":"Point","coordinates":[-48.08933,-18.13873]},"properties":{"kind":"FIXED","limit_kmh":40,"source":"DER-GO","active":true,"direction_deg":238}},{"type":"Feature","geometry":{"type":"Point","coordinates":[-48.08874,-18.13845]},"properties":{"kind":"FIXED","limit_kmh":40,"source":"DER-GO","active":true,"direction_deg":58}},{"type":"Feature","geometry":{"type":"Point","coordinates":[-48.950108,-18.137914]},"properties":{"kind":"FIXED","limit_kmh":60,"source":"DER-GO","active":true,"direction_deg":74}},{"type":"Feature","geometry":{"type":"Point","coordinates":[-48.563116,-18.137877]},"properties":{"kind":"FIXED","limit_kmh":40,"source":"DER-GO","active":true,"direction_deg":304}},{"type":"Feature","geometry":{"type":"Point","coordinates":[-48.564258,-18.137192]},"properties":{"kind":"FIXED","limit_kmh":40,"source":"DER-GO","active":true,"direction_deg":124}},{"type":"Feature","geometry":{"type":"Point","coordinates":[-51.903248,-18.134402]},"properties":{"kind":"FIXED","limit_kmh":80,"source":"DER-GO","active":true,"direction_deg":222}},{"type":"Feature","geometry":{"type":"Point","coordinates":[-48.535772,-18.134296]},"properties":{"kind":"FIXED","limit_kmh":60,"source":"DER-GO","active":true,"direction_deg":null}},{"type":"Feature","geometry":{"type":"Point","coordinates":[-49.072354,-18.133653]},"properties":{"kind":"FIXED","limit_kmh":50,"source":"DER-GO","active":true,"direction_deg":null}},{"type":"Feature","geometry":{"type":"Point","coordinates":[-48.075821,-18.130932]},"properties":{"kind":"FIXED","limit_kmh":60,"source":"DER-GO","active":true,"direction_deg":122}},{"type":"Feature","geometry":{"type":"Point","coordinates":[-48.075792,-18.130888]},"properties":{"kind":"FIXED","limit_kmh":60,"source":"DER-GO","active":true,"direction_deg":302}},{"type":"Feature","geometry":{"type":"Point","coordinates":[-47.959011,-18.130439]},"properties":{"kind":"FIXED","limit_kmh":40,"source":"DER-GO","active":true,"direction_deg":332}},{"type":"Feature","geometry":{"type":"Point","coordinates":[-48.56934,-18.13039]},"properties":{"kind":"FIXED","limit_kmh":40,"source":"DER-GO","active":true,"direction_deg":109}},{"type":"Feature","geometry":{"type":"Point","coordinates":[-48.08498,-18.12996]},"properties":{"kind":"FIXED","limit_kmh":40,"source":"DER-GO","active":true,"direction_deg":73}},{"type":"Feature","geometry":{"type":"Point","coordinates":[-48.0846,-18.12976]},"properties":{"kind":"FIXED","limit_kmh":40,"source":"DER-GO","active":true,"direction_deg":253}},{"type":"Feature","geometry":{"type":"Point","coordinates":[-48.571543,-18.129732]},"properties":{"kind":"FIXED","limit_kmh":40,"source":"DER-GO","active":true,"direction_deg":108}},{"type":"Feature","geometry":{"type":"Point","coordinates":[-47.960092,-18.128555]},"properties":{"kind":"FIXED","limit_kmh":40,"source":"DER-GO","active":true,"direction_deg":152}},{"type":"Feature","geometry":{"type":"Point","coordinates":[-47.691718,-18.105738]},"properties":{"kind":"FIXED","limit_kmh":40,"source":"DER-GO","active":true,"direction_deg":335}},{"type":"Feature","geometry":{"type":"Point","coordinates":[-47.693616,-18.103867]},"properties":{"kind":"FIXED","limit_kmh":40,"source":"DER-GO","active":true,"direction_deg":127}},{"type":"Feature","geometry":{"type":"Point","coordinates":[-49.275187,-18.102951]},"properties":{"kind":"FIXED","limit_kmh":null,"source":"OSM","active":true,"direction_deg":null}},{"type":"Feature","geometry":{"type":"Point","coordinates":[-51.497463,-18.094142]},"properties":{"kind":"FIXED","limit_kmh":50,"source":"ANTT","active":true,"direction_deg":317}},{"type":"Feature","geometry":{"type":"Point","coordinates":[-49.270988,-18.080593]},"properties":{"kind":"FIXED","limit_kmh":null,"source":"OSM","active":true,"direction_deg":null}},{"type":"Feature","geometry":{"type":"Point","coordinates":[-49.270884,-18.078406]},"properties":{"kind":"FIXED","limit_kmh":60,"source":"OSM","active":true,"direction_deg":null}},{"type":"Feature","geometry":{"type":"Point","coordinates":[-49.270187,-18.073513]},"properties":{"kind":"FIXED","limit_kmh":60,"source":"OSM","active":true,"direction_deg":null}},{"type":"Feature","geometry":{"type":"Point","coordinates":[-48.759846,-18.069758]},"properties":{"kind":"FIXED","limit_kmh":40,"source":"DER-GO","active":true,"direction_deg":null}},{"type":"Feature","geometry":{"type":"Point","coordinates":[-48.26209,-18.058549]},"properties":{"kind":"FIXED","limit_kmh":40,"source":"DER-GO","active":true,"direction_deg":null}},{"type":"Feature","geometry":{"type":"Point","coordinates":[-48.253529,-18.056368]},"properties":{"kind":"FIXED","limit_kmh":60,"source":"DER-GO","active":true,"direction_deg":159}},{"type":"Feature","geometry":{"type":"Point","coordinates":[-48.25362,-18.056201]},"properties":{"kind":"FIXED","limit_kmh":60,"source":"DER-GO","active":true,"direction_deg":335}},{"type":"Feature","geometry":{"type":"Point","coordinates":[-51.544559,-18.051328]},"properties":{"kind":"FIXED","limit_kmh":80,"source":"ANTT","active":true,"direction_deg":336}},{"type":"Feature","geometry":{"type":"Point","coordinates":[-51.001875,-18.000965]},"properties":{"kind":"FIXED","limit_kmh":40,"source":"DER-GO","active":true,"direction_deg":42}},{"type":"Feature","geometry":{"type":"Point","coordinates":[-51.57282,-17.999415]},"properties":{"kind":"FIXED","limit_kmh":60,"source":"ANTT","active":true,"direction_deg":null}},{"type":"Feature","geometry":{"type":"Point","coordinates":[-51.000828,-17.997184]},"properties":{"kind":"FIXED","limit_kmh":40,"source":"DER-GO","active":true,"direction_deg":176}},{"type":"Feature","geometry":{"type":"Point","coordinates":[-48.632453,-17.992011]},"properties":{"kind":"FIXED","limit_kmh":40,"source":"DER-GO","active":true,"direction_deg":null}},{"type":"Feature","geometry":{"type":"Point","coordinates":[-48.637955,-17.979101]},"properties":{"kind":"FIXED","limit_kmh":60,"source":"DER-GO","active":true,"direction_deg":null}},{"type":"Feature","geometry":{"type":"Point","coordinates":[-49.374904,-17.967842]},"properties":{"kind":"FIXED","limit_kmh":60,"source":"DER-GO","active":true,"direction_deg":12}},{"type":"Feature","geometry":{"type":"Point","coordinates":[-49.374889,-17.967385]},"properties":{"kind":"FIXED","limit_kmh":null,"source":"OSM","active":true,"direction_deg":null}},{"type":"Feature","geometry":{"type":"Point","coordinates":[-50.336399,-17.966161]},"properties":{"kind":"FIXED","limit_kmh":40,"source":"DER-GO","active":true,"direction_deg":39}},{"type":"Feature","geometry":{"type":"Point","coordinates":[-50.336443,-17.966122]},"properties":{"kind":"FIXED","limit_kmh":40,"source":"DER-GO","active":true,"direction_deg":220}},{"type":"Feature","geometry":{"type":"Point","coordinates":[-49.383159,-17.961295]},"properties":{"kind":"FIXED","limit_kmh":60,"source":"DER-GO","active":true,"direction_deg":248}},{"type":"Feature","geometry":{"type":"Point","coordinates":[-49.382866,-17.961215]},"properties":{"kind":"FIXED","limit_kmh":null,"source":"OSM","active":true,"direction_deg":null}},{"type":"Feature","geometry":{"type":"Point","coordinates":[-50.496654,-17.959039]},"properties":{"kind":"FIXED","limit_kmh":50,"source":"ANTT","active":true,"direction_deg":null}},{"type":"Feature","geometry":{"type":"Point","coordinates":[-49.485366,-17.930387]},"properties":{"kind":"FIXED","limit_kmh":40,"source":"DER-GO","active":true,"direction_deg":271}},{"type":"Feature","geometry":{"type":"Point","coordinates":[-49.49039,-17.930321]},"properties":{"kind":"FIXED","limit_kmh":40,"source":"DER-GO","active":true,"direction_deg":91}},{"type":"Feature","geometry":{"type":"Point","coordinates":[-48.664983,-17.928545]},"properties":{"kind":"FIXED","limit_kmh":80,"source":"DER-GO","active":true,"direction_deg":null}},{"type":"Feature","geometry":{"type":"Point","coordinates":[-51.743586,-17.921471]},"properties":{"kind":"FIXED","limit_kmh":80,"source":"OSM","active":true,"direction_deg":null}},{"type":"Feature","geometry":{"type":"Point","coordinates":[-51.699887,-17.920451]},"properties":{"kind":"FIXED","limit_kmh":80,"source":"OSM","active":true,"direction_deg":null}},{"type":"Feature","geometry":{"type":"Point","coordinates":[-51.725491,-17.918933]},"properties":{"kind":"FIXED","limit_kmh":40,"source":"OSM","active":true,"direction_deg":null}},{"type":"Feature","geometry":{"type":"Point","coordinates":[-51.725578,-17.918594]},"properties":{"kind":"FIXED","limit_kmh":40,"source":"OSM","active":true,"direction_deg":null}},{"type":"Feature","geometry":{"type":"Point","coordinates":[-51.751978,-17.918253]},"properties":{"kind":"FIXED","limit_kmh":80,"source":"OSM","active":true,"direction_deg":null}},{"type":"Feature","geometry":{"type":"Point","coordinates":[-51.721445,-17.917801]},"properties":{"kind":"FIXED","limit_kmh":40,"source":"OSM","active":true,"direction_deg":null}},{"type":"Feature","geometry":{"type":"Point","coordinates":[-51.71743,-17.917653]},"properties":{"kind":"FIXED","limit_kmh":60,"source":"OSM","active":true,"direction_deg":null}},{"type":"Feature","geometry":{"type":"Point","coordinates":[-51.75746,-17.915457]},"properties":{"kind":"FIXED","limit_kmh":null,"source":"OSM","active":true,"direction_deg":null}},{"type":"Feature","geometry":{"type":"Point","coordinates":[-51.741852,-17.908325]},"properties":{"kind":"FIXED","limit_kmh":30,"source":"INMETRO","active":true,"direction_deg":null}},{"type":"Feature","geometry":{"type":"Point","coordinates":[-48.089312,-17.903622]},"properties":{"kind":"FIXED","limit_kmh":80,"source":"DER-GO","active":true,"direction_deg":194}},{"type":"Feature","geometry":{"type":"Point","coordinates":[-51.732353,-17.901105]},"properties":{"kind":"FIXED","limit_kmh":50,"source":"INMETRO","active":true,"direction_deg":null}},{"type":"Feature","geometry":{"type":"Point","coordinates":[-51.710456,-17.897703]},"properties":{"kind":"FIXED","limit_kmh":40,"source":"INMETRO","active":true,"direction_deg":null}},{"type":"Feature","geometry":{"type":"Point","coordinates":[-51.651478,-17.88599]},"properties":{"kind":"FIXED","limit_kmh":null,"source":"OSM","active":true,"direction_deg":null}},{"type":"Feature","geometry":{"type":"Point","coordinates":[-51.646459,-17.880031]},"properties":{"kind":"FIXED","limit_kmh":null,"source":"OSM","active":true,"direction_deg":null}},{"type":"Feature","geometry":{"type":"Point","coordinates":[-51.702831,-17.878963]},"properties":{"kind":"FIXED","limit_kmh":40,"source":"INMETRO","active":true,"direction_deg":null}},{"type":"Feature","geometry":{"type":"Point","coordinates":[-51.702252,-17.878595]},"properties":{"kind":"FIXED","limit_kmh":40,"source":"INMETRO","active":true,"direction_deg":null}},{"type":"Feature","geometry":{"type":"Point","coordinates":[-50.96452,-17.87821]},"properties":{"kind":"FIXED","limit_kmh":40,"source":"DER-GO","active":true,"direction_deg":null}},{"type":"Feature","geometry":{"type":"Point","coordinates":[-51.635222,-17.873841]},"properties":{"kind":"FIXED","limit_kmh":null,"source":"OSM","active":false,"direction_deg":null}},{"type":"Feature","geometry":{"type":"Point","coordinates":[-51.717647,-17.858856]},"properties":{"kind":"FIXED","limit_kmh":40,"source":"INMETRO","active":true,"direction_deg":null}},{"type":"Feature","geometry":{"type":"Point","coordinates":[-48.126254,-17.837353]},"properties":{"kind":"FIXED","limit_kmh":80,"source":"DER-GO","active":true,"direction_deg":157}},{"type":"Feature","geometry":{"type":"Point","coordinates":[-50.572096,-17.835219]},"properties":{"kind":"FIXED","limit_kmh":40,"source":"DER-GO","active":true,"direction_deg":336}},{"type":"Feature","geometry":{"type":"Point","coordinates":[-50.573214,-17.833183]},"properties":{"kind":"FIXED","limit_kmh":40,"source":"DER-GO","active":true,"direction_deg":176}},{"type":"Feature","geometry":{"type":"Point","coordinates":[-50.573169,-17.830592]},"properties":{"kind":"FIXED","limit_kmh":40,"source":"DER-GO","active":true,"direction_deg":356}},{"type":"Feature","geometry":{"type":"Point","coordinates":[-49.214753,-17.830076]},"properties":{"kind":"FIXED","limit_kmh":null,"source":"OSM","active":true,"direction_deg":null}},{"type":"Feature","geometry":{"type":"Point","coordinates":[-50.573901,-17.829315]},"properties":{"kind":"FIXED","limit_kmh":40,"source":"DER-GO","active":true,"direction_deg":171}},{"type":"Feature","geometry":{"type":"Point","coordinates":[-50.573944,-17.826151]},"properties":{"kind":"FIXED","limit_kmh":40,"source":"DER-GO","active":true,"direction_deg":350}},{"type":"Feature","geometry":{"type":"Point","coordinates":[-50.982927,-17.826109]},"properties":{"kind":"FIXED","limit_kmh":80,"source":"OSM","active":true,"direction_deg":null}},{"type":"Feature","geometry":{"type":"Point","coordinates":[-50.98474,-17.82587]},"properties":{"kind":"FIXED","limit_kmh":60,"source":"ANTT+OSM","active":true,"direction_deg":103}},{"type":"Feature","geometry":{"type":"Point","coordinates":[-50.574604,-17.824967]},"properties":{"kind":"FIXED","limit_kmh":40,"source":"DER-GO","active":true,"direction_deg":164}},{"type":"Feature","geometry":{"type":"Point","coordinates":[-51.008329,-17.82282]},"properties":{"kind":"FIXED","limit_kmh":80,"source":"OSM","active":true,"direction_deg":null}},{"type":"Feature","geometry":{"type":"Point","coordinates":[-50.930207,-17.819869]},"properties":{"kind":"FIXED","limit_kmh":40,"source":"INMETRO","active":true,"direction_deg":null}},{"type":"Feature","geometry":{"type":"Point","coordinates":[-48.767279,-17.818613]},"properties":{"kind":"FIXED","limit_kmh":60,"source":"DER-GO","active":true,"direction_deg":341}},{"type":"Feature","geometry":{"type":"Point","coordinates":[-50.536827,-17.815772]},"properties":{"kind":"FIXED","limit_kmh":60,"source":"DER-GO","active":true,"direction_deg":78}},{"type":"Feature","geometry":{"type":"Point","coordinates":[-50.536295,-17.815567]},"properties":{"kind":"FIXED","limit_kmh":60,"source":"DER-GO","active":true,"direction_deg":258}},{"type":"Feature","geometry":{"type":"Point","coordinates":[-50.931204,-17.815028]},"properties":{"kind":"FIXED","limit_kmh":30,"source":"OSM","active":true,"direction_deg":null}},{"type":"Feature","geometry":{"type":"Point","coordinates":[-50.9484,-17.814946]},"properties":{"kind":"FIXED","limit_kmh":50,"source":"INMETRO+OSM","active":true,"direction_deg":null}},{"type":"Feature","geometry":{"type":"Point","coordinates":[-50.933903,-17.814934]},"properties":{"kind":"FIXED","limit_kmh":60,"source":"ANTT+OSM","active":true,"direction_deg":244}},{"type":"Feature","geometry":{"type":"Point","coordinates":[-48.768151,-17.814827]},"properties":{"kind":"FIXED","limit_kmh":60,"source":"DER-GO","active":true,"direction_deg":213}},{"type":"Feature","geometry":{"type":"Point","coordinates":[-50.622408,-17.812336]},"properties":{"kind":"FIXED","limit_kmh":40,"source":"DER-GO","active":true,"direction_deg":277}},{"type":"Feature","geometry":{"type":"Point","coordinates":[-50.623785,-17.812241]},"properties":{"kind":"FIXED","limit_kmh":40,"source":"DER-GO+OSM","active":true,"direction_deg":99}},{"type":"Feature","geometry":{"type":"Point","coordinates":[-50.635895,-17.812205]},"properties":{"kind":"FIXED","limit_kmh":60,"source":"DER-GO+OSM","active":true,"direction_deg":88}},{"type":"Feature","geometry":{"type":"Point","coordinates":[-50.635918,-17.812104]},"properties":{"kind":"FIXED","limit_kmh":60,"source":"DER-GO","active":true,"direction_deg":268}},{"type":"Feature","geometry":{"type":"Point","coordinates":[-50.927751,-17.810673]},"properties":{"kind":"FIXED","limit_kmh":60,"source":"ANTT+OSM","active":true,"direction_deg":221}},{"type":"Feature","geometry":{"type":"Point","coordinates":[-50.924162,-17.807046]},"properties":{"kind":"FIXED","limit_kmh":60,"source":"ANTT+OSM","active":true,"direction_deg":40}},{"type":"Feature","geometry":{"type":"Point","coordinates":[-50.944939,-17.804812]},"properties":{"kind":"FIXED","limit_kmh":50,"source":"INMETRO+OSM","active":true,"direction_deg":null}},{"type":"Feature","geometry":{"type":"Point","coordinates":[-48.758861,-17.804149]},"properties":{"kind":"FIXED","limit_kmh":60,"source":"DER-GO","active":true,"direction_deg":null}},{"type":"Feature","geometry":{"type":"Point","coordinates":[-48.625112,-17.803667]},"properties":{"kind":"FIXED","limit_kmh":80,"source":"DER-GO","active":true,"direction_deg":173}},{"type":"Feature","geometry":{"type":"Point","coordinates":[-48.625089,-17.803544]},"properties":{"kind":"FIXED","limit_kmh":80,"source":"DER-GO","active":true,"direction_deg":352}},{"type":"Feature","geometry":{"type":"Point","coordinates":[-50.94436,-17.802774]},"properties":{"kind":"FIXED","limit_kmh":null,"source":"OSM","active":true,"direction_deg":null}},{"type":"Feature","geometry":{"type":"Point","coordinates":[-50.939035,-17.80164]},"properties":{"kind":"FIXED","limit_kmh":50,"source":"OSM","active":true,"direction_deg":null}},{"type":"Feature","geometry":{"type":"Point","coordinates":[-50.93941,-17.801587]},"properties":{"kind":"FIXED","limit_kmh":50,"source":"OSM","active":true,"direction_deg":null}},{"type":"Feature","geometry":{"type":"Point","coordinates":[-49.634886,-17.801427]},"properties":{"kind":"FIXED","limit_kmh":40,"source":"DER-GO","active":true,"direction_deg":null}},{"type":"Feature","geometry":{"type":"Point","coordinates":[-50.924919,-17.800457]},"properties":{"kind":"FIXED","limit_kmh":30,"source":"INMETRO+OSM","active":true,"direction_deg":null}},{"type":"Feature","geometry":{"type":"Point","coordinates":[-50.93915,-17.798603]},"properties":{"kind":"FIXED","limit_kmh":50,"source":"OSM","active":true,"direction_deg":null}},{"type":"Feature","geometry":{"type":"Point","coordinates":[-48.626663,-17.798259]},"properties":{"kind":"FIXED","limit_kmh":60,"source":"DER-GO","active":true,"direction_deg":null}},{"type":"Feature","geometry":{"type":"Point","coordinates":[-50.938382,-17.798094]},"properties":{"kind":"FIXED","limit_kmh":null,"source":"OSM","active":true,"direction_deg":null}},{"type":"Feature","geometry":{"type":"Point","coordinates":[-50.935381,-17.796652]},"properties":{"kind":"FIXED","limit_kmh":50,"source":"INMETRO+OSM","active":true,"direction_deg":null}},{"type":"Feature","geometry":{"type":"Point","coordinates":[-50.866052,-17.796118]},"properties":{"kind":"FIXED","limit_kmh":60,"source":"DER-GO","active":true,"direction_deg":null}},{"type":"Feature","geometry":{"type":"Point","coordinates":[-50.932726,-17.79544]},"properties":{"kind":"FIXED","limit_kmh":50,"source":"INMETRO","active":true,"direction_deg":null}},{"type":"Feature","geometry":{"type":"Point","coordinates":[-50.926685,-17.794818]},"properties":{"kind":"FIXED","limit_kmh":30,"source":"INMETRO+OSM","active":true,"direction_deg":null}},{"type":"Feature","geometry":{"type":"Point","coordinates":[-50.931799,-17.793972]},"properties":{"kind":"FIXED","limit_kmh":40,"source":"INMETRO","active":true,"direction_deg":null}},{"type":"Feature","geometry":{"type":"Point","coordinates":[-50.929139,-17.793934]},"properties":{"kind":"FIXED","limit_kmh":50,"source":"INMETRO","active":true,"direction_deg":null}},{"type":"Feature","geometry":{"type":"Point","coordinates":[-50.951449,-17.79384]},"properties":{"kind":"FIXED","limit_kmh":40,"source":"OSM","active":true,"direction_deg":null}},{"type":"Feature","geometry":{"type":"Point","coordinates":[-50.917836,-17.793814]},"properties":{"kind":"FIXED","limit_kmh":50,"source":"INMETRO","active":true,"direction_deg":null}},{"type":"Feature","geometry":{"type":"Point","coordinates":[-50.952447,-17.793371]},"properties":{"kind":"FIXED","limit_kmh":40,"source":"OSM","active":true,"direction_deg":null}},{"type":"Feature","geometry":{"type":"Point","coordinates":[-50.932838,-17.791935]},"properties":{"kind":"FIXED","limit_kmh":40,"source":"INMETRO+OSM","active":true,"direction_deg":null}},{"type":"Feature","geometry":{"type":"Point","coordinates":[-50.93546,-17.790441]},"properties":{"kind":"FIXED","limit_kmh":40,"source":"INMETRO","active":true,"direction_deg":null}},{"type":"Feature","geometry":{"type":"Point","coordinates":[-50.924467,-17.790335]},"properties":{"kind":"FIXED","limit_kmh":30,"source":"INMETRO+OSM","active":true,"direction_deg":null}},{"type":"Feature","geometry":{"type":"Point","coordinates":[-50.9204,-17.789881]},"properties":{"kind":"FIXED","limit_kmh":50,"source":"INMETRO","active":true,"direction_deg":null}},{"type":"Feature","geometry":{"type":"Point","coordinates":[-50.905724,-17.789302]},"properties":{"kind":"FIXED","limit_kmh":60,"source":"ANTT+OSM","active":true,"direction_deg":229}},{"type":"Feature","geometry":{"type":"Point","coordinates":[-48.422722,-17.787045]},"properties":{"kind":"FIXED","limit_kmh":60,"source":"DER-GO","active":true,"direction_deg":264}},{"type":"Feature","geometry":{"type":"Point","coordinates":[-50.921149,-17.786453]},"properties":{"kind":"FIXED","limit_kmh":40,"source":"OSM","active":true,"direction_deg":null}},{"type":"Feature","geometry":{"type":"Point","coordinates":[-48.629081,-17.785969]},"properties":{"kind":"FIXED","limit_kmh":80,"source":"DER-GO","active":true,"direction_deg":353}},{"type":"Feature","geometry":{"type":"Point","coordinates":[-50.920091,-17.785935]},"properties":{"kind":"FIXED","limit_kmh":40,"source":"OSM","active":true,"direction_deg":null}},{"type":"Feature","geometry":{"type":"Point","coordinates":[-49.544525,-17.785264]},"properties":{"kind":"FIXED","limit_kmh":60,"source":"DER-GO","active":true,"direction_deg":100}},{"type":"Feature","geometry":{"type":"Point","coordinates":[-50.898798,-17.78356]},"properties":{"kind":"FIXED","limit_kmh":80,"source":"OSM","active":true,"direction_deg":null}},{"type":"Feature","geometry":{"type":"Point","coordinates":[-49.548939,-17.783304]},"properties":{"kind":"FIXED","limit_kmh":60,"source":"DER-GO","active":true,"direction_deg":307}},{"type":"Feature","geometry":{"type":"Point","coordinates":[-50.921895,-17.782464]},"properties":{"kind":"FIXED","limit_kmh":50,"source":"INMETRO","active":true,"direction_deg":null}},{"type":"Feature","geometry":{"type":"Point","coordinates":[-49.555831,-17.781911]},"properties":{"kind":"FIXED","limit_kmh":80,"source":"DER-GO","active":true,"direction_deg":null}},{"type":"Feature","geometry":{"type":"Point","coordinates":[-48.630297,-17.776319]},"properties":{"kind":"FIXED","limit_kmh":60,"source":"DER-GO","active":true,"direction_deg":null}},{"type":"Feature","geometry":{"type":"Point","coordinates":[-50.92031,-17.7758]},"properties":{"kind":"FIXED","limit_kmh":50,"source":"INMETRO","active":true,"direction_deg":null}},{"type":"Feature","geometry":{"type":"Point","coordinates":[-50.923606,-17.775129]},"properties":{"kind":"FIXED","limit_kmh":50,"source":"INMETRO","active":true,"direction_deg":null}},{"type":"Feature","geometry":{"type":"Point","coordinates":[-48.764878,-17.774209]},"properties":{"kind":"FIXED","limit_kmh":60,"source":"DER-GO","active":true,"direction_deg":null}},{"type":"Feature","geometry":{"type":"Point","coordinates":[-48.632142,-17.767885]},"properties":{"kind":"FIXED","limit_kmh":40,"source":"DER-GO","active":true,"direction_deg":null}},{"type":"Feature","geometry":{"type":"Point","coordinates":[-48.758571,-17.766418]},"properties":{"kind":"FIXED","limit_kmh":40,"source":"DER-GO","active":true,"direction_deg":39}},{"type":"Feature","geometry":{"type":"Point","coordinates":[-48.633521,-17.763339]},"properties":{"kind":"FIXED","limit_kmh":40,"source":"DER-GO+OSM","active":true,"direction_deg":340}},{"type":"Feature","geometry":{"type":"Point","coordinates":[-48.63473,-17.76129]},"properties":{"kind":"FIXED","limit_kmh":40,"source":"DER-GO+OSM","active":true,"direction_deg":141}},{"type":"Feature","geometry":{"type":"Point","coordinates":[-48.637336,-17.758763]},"properties":{"kind":"FIXED","limit_kmh":40,"source":"DER-GO","active":true,"direction_deg":null}},{"type":"Feature","geometry":{"type":"Point","coordinates":[-50.936872,-17.75642]},"properties":{"kind":"FIXED","limit_kmh":40,"source":"DER-GO","active":true,"direction_deg":null}},{"type":"Feature","geometry":{"type":"Point","coordinates":[-48.640354,-17.755984]},"properties":{"kind":"FIXED","limit_kmh":40,"source":"DER-GO+OSM","active":true,"direction_deg":314}},{"type":"Feature","geometry":{"type":"Point","coordinates":[-48.64117,-17.75521]},"properties":{"kind":"FIXED","limit_kmh":40,"source":"DER-GO","active":true,"direction_deg":135}},{"type":"Feature","geometry":{"type":"Point","coordinates":[-49.788214,-17.749726]},"properties":{"kind":"FIXED","limit_kmh":40,"source":"DER-GO","active":true,"direction_deg":null}},{"type":"Feature","geometry":{"type":"Point","coordinates":[-48.626454,-17.747199]},"properties":{"kind":"FIXED","limit_kmh":40,"source":"INMETRO","active":true,"direction_deg":null}},{"type":"Feature","geometry":{"type":"Point","coordinates":[-50.954493,-17.743982]},"properties":{"kind":"FIXED","limit_kmh":60,"source":"DER-GO","active":true,"direction_deg":132}},{"type":"Feature","geometry":{"type":"Point","coordinates":[-50.954452,-17.743917]},"properties":{"kind":"FIXED","limit_kmh":60,"source":"DER-GO","active":true,"direction_deg":299}},{"type":"Feature","geometry":{"type":"Point","coordinates":[-48.645685,-17.742323]},"properties":{"kind":"FIXED","limit_kmh":60,"source":"DER-GO","active":true,"direction_deg":null}},{"type":"Feature","geometry":{"type":"Point","coordinates":[-48.160352,-17.739105]},"properties":{"kind":"FIXED","limit_kmh":60,"source":"DER-GO","active":true,"direction_deg":69}},{"type":"Feature","geometry":{"type":"Point","coordinates":[-48.158825,-17.73835]},"properties":{"kind":"FIXED","limit_kmh":60,"source":"DER-GO","active":true,"direction_deg":241}},{"type":"Feature","geometry":{"type":"Point","coordinates":[-48.624196,-17.736649]},"properties":{"kind":"FIXED","limit_kmh":40,"source":"INMETRO","active":true,"direction_deg":null}},{"type":"Feature","geometry":{"type":"Point","coordinates":[-50.871667,-17.735278]},"properties":{"kind":"FIXED","limit_kmh":110,"source":"ANTT","active":true,"direction_deg":199}},{"type":"Feature","geometry":{"type":"Point","coordinates":[-48.162037,-17.732535]},"properties":{"kind":"FIXED","limit_kmh":40,"source":"DER-GO","active":true,"direction_deg":355}},{"type":"Feature","geometry":{"type":"Point","coordinates":[-48.16211,-17.73152]},"properties":{"kind":"FIXED","limit_kmh":40,"source":"DER-GO","active":true,"direction_deg":177}},{"type":"Feature","geometry":{"type":"Point","coordinates":[-50.869706,-17.731465]},"properties":{"kind":"FIXED","limit_kmh":110,"source":"OSM","active":true,"direction_deg":null}},{"type":"Feature","geometry":{"type":"Point","coordinates":[-49.078778,-17.729394]},"properties":{"kind":"FIXED","limit_kmh":60,"source":"DER-GO","active":true,"direction_deg":95}},{"type":"Feature","geometry":{"type":"Point","coordinates":[-49.063989,-17.729329]},"properties":{"kind":"FIXED","limit_kmh":40,"source":"DER-GO","active":true,"direction_deg":63}},{"type":"Feature","geometry":{"type":"Point","coordinates":[-49.078743,-17.729205]},"properties":{"kind":"FIXED","limit_kmh":60,"source":"DER-GO","active":true,"direction_deg":275}},{"type":"Feature","geometry":{"type":"Point","coordinates":[-49.062359,-17.728491]},"properties":{"kind":"FIXED","limit_kmh":40,"source":"DER-GO","active":true,"direction_deg":268}},{"type":"Feature","geometry":{"type":"Point","coordinates":[-48.227312,-17.725785]},"properties":{"kind":"FIXED","limit_kmh":40,"source":"DER-GO","active":true,"direction_deg":274}},{"type":"Feature","geometry":{"type":"Point","coordinates":[-48.228846,-17.725668]},"properties":{"kind":"FIXED","limit_kmh":40,"source":"DER-GO","active":true,"direction_deg":96}},{"type":"Feature","geometry":{"type":"Point","coordinates":[-48.643942,-17.725107]},"properties":{"kind":"FIXED","limit_kmh":40,"source":"DER-GO+OSM","active":true,"direction_deg":null}},{"type":"Feature","geometry":{"type":"Point","coordinates":[-49.797741,-17.721955]},"properties":{"kind":"FIXED","limit_kmh":40,"source":"DER-GO","active":true,"direction_deg":null}},{"type":"Feature","geometry":{"type":"Point","coordinates":[-49.797833,-17.721754]},"properties":{"kind":"FIXED","limit_kmh":60,"source":"DER-GO","active":true,"direction_deg":155}},{"type":"Feature","geometry":{"type":"Point","coordinates":[-49.797744,-17.721723]},"properties":{"kind":"FIXED","limit_kmh":60,"source":"DER-GO","active":true,"direction_deg":335}},{"type":"Feature","geometry":{"type":"Point","coordinates":[-48.619214,-17.721654]},"properties":{"kind":"FIXED","limit_kmh":40,"source":"DER-GO","active":true,"direction_deg":null}},{"type":"Feature","geometry":{"type":"Point","coordinates":[-48.600564,-17.719932]},"properties":{"kind":"FIXED","limit_kmh":60,"source":"DER-GO","active":true,"direction_deg":null}},{"type":"Feature","geometry":{"type":"Point","coordinates":[-48.643375,-17.718472]},"properties":{"kind":"FIXED","limit_kmh":80,"source":"DER-GO","active":true,"direction_deg":300}},{"type":"Feature","geometry":{"type":"Point","coordinates":[-50.856471,-17.718297]},"properties":{"kind":"FIXED","limit_kmh":110,"source":"OSM","active":true,"direction_deg":null}},{"type":"Feature","geometry":{"type":"Point","coordinates":[-50.856216,-17.718122]},"properties":{"kind":"FIXED","limit_kmh":110,"source":"ANTT","active":true,"direction_deg":33}},{"type":"Feature","geometry":{"type":"Point","coordinates":[-48.68569,-17.716881]},"properties":{"kind":"FIXED","limit_kmh":40,"source":"DER-GO","active":true,"direction_deg":80}},{"type":"Feature","geometry":{"type":"Point","coordinates":[-48.145865,-17.716522]},"properties":{"kind":"FIXED","limit_kmh":40,"source":"DER-GO","active":true,"direction_deg":null}},{"type":"Feature","geometry":{"type":"Point","coordinates":[-48.682431,-17.715861]},"properties":{"kind":"FIXED","limit_kmh":40,"source":"DER-GO","active":true,"direction_deg":260}},{"type":"Feature","geometry":{"type":"Point","coordinates":[-48.790756,-17.715493]},"properties":{"kind":"FIXED","limit_kmh":80,"source":"DER-GO","active":true,"direction_deg":null}},{"type":"Feature","geometry":{"type":"Point","coordinates":[-48.779067,-17.715446]},"properties":{"kind":"FIXED","limit_kmh":80,"source":"DER-GO","active":true,"direction_deg":null}},{"type":"Feature","geometry":{"type":"Point","coordinates":[-48.14591,-17.712133]},"properties":{"kind":"FIXED","limit_kmh":40,"source":"DER-GO","active":true,"direction_deg":null}},{"type":"Feature","geometry":{"type":"Point","coordinates":[-48.14973,-17.707965]},"properties":{"kind":"FIXED","limit_kmh":80,"source":"DER-GO","active":true,"direction_deg":319}},{"type":"Feature","geometry":{"type":"Point","coordinates":[-48.15267,-17.70653]},"properties":{"kind":"FIXED","limit_kmh":80,"source":"DER-GO","active":true,"direction_deg":103}},{"type":"Feature","geometry":{"type":"Point","coordinates":[-48.158207,-17.704314]},"properties":{"kind":"FIXED","limit_kmh":60,"source":"DER-GO","active":true,"direction_deg":null}},{"type":"Feature","geometry":{"type":"Point","coordinates":[-48.705746,-17.702435]},"properties":{"kind":"FIXED","limit_kmh":80,"source":"DER-GO","active":true,"direction_deg":320}},{"type":"Feature","geometry":{"type":"Point","coordinates":[-48.162186,-17.699899]},"properties":{"kind":"FIXED","limit_kmh":80,"source":"DER-GO","active":true,"direction_deg":null}},{"type":"Feature","geometry":{"type":"Point","coordinates":[-48.714665,-17.696698]},"properties":{"kind":"FIXED","limit_kmh":60,"source":"DER-GO","active":true,"direction_deg":261}},{"type":"Feature","geometry":{"type":"Point","coordinates":[-48.585254,-17.692945]},"properties":{"kind":"FIXED","limit_kmh":40,"source":"DER-GO","active":true,"direction_deg":null}},{"type":"Feature","geometry":{"type":"Point","coordinates":[-48.579893,-17.692893]},"properties":{"kind":"FIXED","limit_kmh":60,"source":"DER-GO","active":true,"direction_deg":271}},{"type":"Feature","geometry":{"type":"Point","coordinates":[-48.577157,-17.691835]},"properties":{"kind":"FIXED","limit_kmh":60,"source":"DER-GO","active":true,"direction_deg":196}},{"type":"Feature","geometry":{"type":"Point","coordinates":[-48.576737,-17.689223]},"properties":{"kind":"FIXED","limit_kmh":60,"source":"DER-GO","active":true,"direction_deg":188}},{"type":"Feature","geometry":{"type":"Point","coordinates":[-51.034541,-17.68678]},"properties":{"kind":"FIXED","limit_kmh":80,"source":"DER-GO","active":true,"direction_deg":null}},{"type":"Feature","geometry":{"type":"Point","coordinates":[-48.705203,-17.669287]},"properties":{"kind":"FIXED","limit_kmh":40,"source":"DER-GO","active":true,"direction_deg":4}},{"type":"Feature","geometry":{"type":"Point","coordinates":[-48.705356,-17.664449]},"properties":{"kind":"FIXED","limit_kmh":40,"source":"DER-GO","active":true,"direction_deg":174}},{"type":"Feature","geometry":{"type":"Point","coordinates":[-51.053934,-17.637461]},"properties":{"kind":"FIXED","limit_kmh":80,"source":"DER-GO","active":true,"direction_deg":165}},{"type":"Feature","geometry":{"type":"Point","coordinates":[-51.054641,-17.634829]},"properties":{"kind":"FIXED","limit_kmh":80,"source":"DER-GO","active":true,"direction_deg":344}},{"type":"Feature","geometry":{"type":"Point","coordinates":[-50.752647,-17.612778]},"properties":{"kind":"FIXED","limit_kmh":110,"source":"OSM","active":true,"direction_deg":null}},{"type":"Feature","geometry":{"type":"Point","coordinates":[-50.752108,-17.612136]},"properties":{"kind":"FIXED","limit_kmh":110,"source":"ANTT","active":true,"direction_deg":35}},{"type":"Feature","geometry":{"type":"Point","coordinates":[-52.554932,-17.586549]},"properties":{"kind":"FIXED","limit_kmh":40,"source":"DER-GO","active":true,"direction_deg":52}},{"type":"Feature","geometry":{"type":"Point","coordinates":[-49.194605,-17.585774]},"properties":{"kind":"FIXED","limit_kmh":null,"source":"OSM","active":true,"direction_deg":null}},{"type":"Feature","geometry":{"type":"Point","coordinates":[-52.552976,-17.58524]},"properties":{"kind":"FIXED","limit_kmh":40,"source":"DER-GO","active":true,"direction_deg":243}},{"type":"Feature","geometry":{"type":"Point","coordinates":[-52.547171,-17.582389]},"properties":{"kind":"FIXED","limit_kmh":40,"source":"DER-GO","active":true,"direction_deg":243}},{"type":"Feature","geometry":{"type":"Point","coordinates":[-52.513913,-17.579481]},"properties":{"kind":"FIXED","limit_kmh":80,"source":"OSM","active":true,"direction_deg":null}},{"type":"Feature","geometry":{"type":"Point","coordinates":[-52.567512,-17.574632]},"properties":{"kind":"FIXED","limit_kmh":40,"source":"INMETRO","active":true,"direction_deg":null}},{"type":"Feature","geometry":{"type":"Point","coordinates":[-48.721561,-17.553689]},"properties":{"kind":"FIXED","limit_kmh":80,"source":"DER-GO","active":true,"direction_deg":9}},{"type":"Feature","geometry":{"type":"Point","coordinates":[-52.528046,-17.553422]},"properties":{"kind":"FIXED","limit_kmh":40,"source":"OSM","active":true,"direction_deg":null}},{"type":"Feature","geometry":{"type":"Point","coordinates":[-48.722413,-17.544814]},"properties":{"kind":"FIXED","limit_kmh":80,"source":"DER-GO","active":true,"direction_deg":null}},{"type":"Feature","geometry":{"type":"Point","coordinates":[-48.725689,-17.535282]},"properties":{"kind":"FIXED","limit_kmh":80,"source":"DER-GO","active":true,"direction_deg":342}},{"type":"Feature","geometry":{"type":"Point","coordinates":[-48.726095,-17.534209]},"properties":{"kind":"FIXED","limit_kmh":80,"source":"DER-GO","active":true,"direction_deg":162}},{"type":"Feature","geometry":{"type":"Point","coordinates":[-49.443298,-17.531806]},"properties":{"kind":"FIXED","limit_kmh":40,"source":"DER-GO","active":true,"direction_deg":344}},{"type":"Feature","geometry":{"type":"Point","coordinates":[-52.061875,-17.531146]},"properties":{"kind":"FIXED","limit_kmh":40,"source":"DER-GO","active":true,"direction_deg":null}},{"type":"Feature","geometry":{"type":"Point","coordinates":[-49.443708,-17.530543]},"properties":{"kind":"FIXED","limit_kmh":40,"source":"DER-GO","active":true,"direction_deg":165}},{"type":"Feature","geometry":{"type":"Point","coordinates":[-52.533346,-17.529587]},"properties":{"kind":"FIXED","limit_kmh":60,"source":"OSM","active":false,"direction_deg":null}},{"type":"Feature","geometry":{"type":"Point","coordinates":[-49.458893,-17.51854]},"properties":{"kind":"FIXED","limit_kmh":60,"source":"DER-GO","active":true,"direction_deg":47}},{"type":"Feature","geometry":{"type":"Point","coordinates":[-49.444631,-17.516254]},"properties":{"kind":"FIXED","limit_kmh":40,"source":"DER-GO","active":true,"direction_deg":264}},{"type":"Feature","geometry":{"type":"Point","coordinates":[-49.444703,-17.516208]},"properties":{"kind":"FIXED","limit_kmh":40,"source":"DER-GO","active":true,"direction_deg":null}},{"type":"Feature","geometry":{"type":"Point","coordinates":[-49.444609,-17.516117]},"properties":{"kind":"FIXED","limit_kmh":40,"source":"DER-GO","active":true,"direction_deg":84}},{"type":"Feature","geometry":{"type":"Point","coordinates":[-51.126935,-17.504065]},"properties":{"kind":"FIXED","limit_kmh":40,"source":"DER-GO","active":true,"direction_deg":330}},{"type":"Feature","geometry":{"type":"Point","coordinates":[-51.128658,-17.501423]},"properties":{"kind":"FIXED","limit_kmh":40,"source":"DER-GO","active":true,"direction_deg":149}},{"type":"Feature","geometry":{"type":"Point","coordinates":[-48.20537,-17.467748]},"properties":{"kind":"FIXED","limit_kmh":60,"source":"DER-GO","active":true,"direction_deg":null}},{"type":"Feature","geometry":{"type":"Point","coordinates":[-51.15704,-17.461731]},"properties":{"kind":"FIXED","limit_kmh":40,"source":"DER-GO","active":true,"direction_deg":null}},{"type":"Feature","geometry":{"type":"Point","coordinates":[-51.160202,-17.458609]},"properties":{"kind":"FIXED","limit_kmh":60,"source":"DER-GO","active":true,"direction_deg":136}},{"type":"Feature","geometry":{"type":"Point","coordinates":[-51.160146,-17.458566]},"properties":{"kind":"FIXED","limit_kmh":60,"source":"DER-GO","active":true,"direction_deg":316}},{"type":"Feature","geometry":{"type":"Point","coordinates":[-48.208562,-17.457245]},"properties":{"kind":"FIXED","limit_kmh":80,"source":"DER-GO","active":true,"direction_deg":null}},{"type":"Feature","geometry":{"type":"Point","coordinates":[-51.169714,-17.446985]},"properties":{"kind":"FIXED","limit_kmh":40,"source":"DER-GO","active":true,"direction_deg":333}},{"type":"Feature","geometry":{"type":"Point","coordinates":[-51.170997,-17.444789]},"properties":{"kind":"FIXED","limit_kmh":40,"source":"DER-GO","active":true,"direction_deg":154}},{"type":"Feature","geometry":{"type":"Point","coordinates":[-51.183411,-17.429232]},"properties":{"kind":"FIXED","limit_kmh":80,"source":"DER-GO","active":true,"direction_deg":null}},{"type":"Feature","geometry":{"type":"Point","coordinates":[-49.657011,-17.426465]},"properties":{"kind":"FIXED","limit_kmh":40,"source":"DER-GO","active":true,"direction_deg":null}},{"type":"Feature","geometry":{"type":"Point","coordinates":[-49.670323,-17.424044]},"properties":{"kind":"FIXED","limit_kmh":40,"source":"DER-GO","active":true,"direction_deg":null}},{"type":"Feature","geometry":{"type":"Point","coordinates":[-48.804619,-17.387705]},"properties":{"kind":"FIXED","limit_kmh":80,"source":"DER-GO","active":true,"direction_deg":null}},{"type":"Feature","geometry":{"type":"Point","coordinates":[-48.80373,-17.386599]},"properties":{"kind":"FIXED","limit_kmh":40,"source":"DER-GO","active":true,"direction_deg":224}},{"type":"Feature","geometry":{"type":"Point","coordinates":[-48.244917,-17.373251]},"properties":{"kind":"FIXED","limit_kmh":40,"source":"DER-GO","active":true,"direction_deg":297}},{"type":"Feature","geometry":{"type":"Point","coordinates":[-48.24596,-17.37279]},"properties":{"kind":"FIXED","limit_kmh":80,"source":"DER-GO","active":true,"direction_deg":null}},{"type":"Feature","geometry":{"type":"Point","coordinates":[-48.249336,-17.368933]},"properties":{"kind":"FIXED","limit_kmh":80,"source":"DER-GO","active":true,"direction_deg":300}},{"type":"Feature","geometry":{"type":"Point","coordinates":[-48.249941,-17.368664]},"properties":{"kind":"FIXED","limit_kmh":80,"source":"DER-GO","active":true,"direction_deg":120}},{"type":"Feature","geometry":{"type":"Point","coordinates":[-51.180151,-17.367407]},"properties":{"kind":"FIXED","limit_kmh":80,"source":"DER-GO","active":true,"direction_deg":359}},{"type":"Feature","geometry":{"type":"Point","coordinates":[-48.250551,-17.361076]},"properties":{"kind":"FIXED","limit_kmh":60,"source":"DER-GO","active":true,"direction_deg":55}},{"type":"Feature","geometry":{"type":"Point","coordinates":[-48.247432,-17.356198]},"properties":{"kind":"FIXED","limit_kmh":60,"source":"DER-GO","active":true,"direction_deg":180}},{"type":"Feature","geometry":{"type":"Point","coordinates":[-51.183163,-17.351161]},"properties":{"kind":"FIXED","limit_kmh":80,"source":"DER-GO","active":true,"direction_deg":192}},{"type":"Feature","geometry":{"type":"Point","coordinates":[-48.906286,-17.34341]},"properties":{"kind":"FIXED","limit_kmh":80,"source":"DER-GO","active":true,"direction_deg":293}},{"type":"Feature","geometry":{"type":"Point","coordinates":[-49.915725,-17.342803]},"properties":{"kind":"FIXED","limit_kmh":40,"source":"DER-GO","active":true,"direction_deg":341}},{"type":"Feature","geometry":{"type":"Point","coordinates":[-48.908298,-17.34264]},"properties":{"kind":"FIXED","limit_kmh":80,"source":"DER-GO","active":true,"direction_deg":113}},{"type":"Feature","geometry":{"type":"Point","coordinates":[-49.936196,-17.335129]},"properties":{"kind":"FIXED","limit_kmh":40,"source":"DER-GO","active":true,"direction_deg":275}},{"type":"Feature","geometry":{"type":"Point","coordinates":[-49.940861,-17.334782]},"properties":{"kind":"FIXED","limit_kmh":40,"source":"DER-GO","active":true,"direction_deg":95}},{"type":"Feature","geometry":{"type":"Point","coordinates":[-48.431969,-17.329497]},"properties":{"kind":"FIXED","limit_kmh":40,"source":"DER-GO","active":true,"direction_deg":81}},{"type":"Feature","geometry":{"type":"Point","coordinates":[-48.42882,-17.329034]},"properties":{"kind":"FIXED","limit_kmh":40,"source":"DER-GO","active":true,"direction_deg":null}},{"type":"Feature","geometry":{"type":"Point","coordinates":[-48.425106,-17.328569]},"properties":{"kind":"FIXED","limit_kmh":40,"source":"DER-GO","active":true,"direction_deg":null}},{"type":"Feature","geometry":{"type":"Point","coordinates":[-48.263594,-17.328519]},"properties":{"kind":"FIXED","limit_kmh":40,"source":"DER-GO","active":true,"direction_deg":332}},{"type":"Feature","geometry":{"type":"Point","coordinates":[-48.422332,-17.328274]},"properties":{"kind":"FIXED","limit_kmh":60,"source":"DER-GO","active":true,"direction_deg":261}},{"type":"Feature","geometry":{"type":"Point","coordinates":[-48.264619,-17.326704]},"properties":{"kind":"FIXED","limit_kmh":40,"source":"DER-GO","active":true,"direction_deg":154}},{"type":"Feature","geometry":{"type":"Point","coordinates":[-53.206312,-17.326242]},"properties":{"kind":"FIXED","limit_kmh":40,"source":"OSM","active":true,"direction_deg":null}},{"type":"Feature","geometry":{"type":"Point","coordinates":[-48.270682,-17.318125]},"properties":{"kind":"FIXED","limit_kmh":40,"source":"DER-GO","active":true,"direction_deg":null}},{"type":"Feature","geometry":{"type":"Point","coordinates":[-48.48137,-17.31812]},"properties":{"kind":"FIXED","limit_kmh":40,"source":"DER-GO","active":true,"direction_deg":null}},{"type":"Feature","geometry":{"type":"Point","coordinates":[-48.28105,-17.31624]},"properties":{"kind":"FIXED","limit_kmh":40,"source":"DER-GO","active":true,"direction_deg":271}},{"type":"Feature","geometry":{"type":"Point","coordinates":[-48.282297,-17.316176]},"properties":{"kind":"FIXED","limit_kmh":40,"source":"DER-GO","active":true,"direction_deg":103}},{"type":"Feature","geometry":{"type":"Point","coordinates":[-49.058772,-17.314865]},"properties":{"kind":"FIXED","limit_kmh":40,"source":"DER-GO","active":true,"direction_deg":null}},{"type":"Feature","geometry":{"type":"Point","coordinates":[-51.884691,-17.306244]},"properties":{"kind":"FIXED","limit_kmh":null,"source":"DNIT","active":true,"direction_deg":128}},{"type":"Feature","geometry":{"type":"Point","coordinates":[-48.286699,-17.304941]},"properties":{"kind":"FIXED","limit_kmh":40,"source":"DER-GO","active":true,"direction_deg":null}},{"type":"Feature","geometry":{"type":"Point","coordinates":[-48.507373,-17.303878]},"properties":{"kind":"FIXED","limit_kmh":80,"source":"DER-GO","active":true,"direction_deg":null}},{"type":"Feature","geometry":{"type":"Point","coordinates":[-48.29223,-17.30037]},"properties":{"kind":"FIXED","limit_kmh":50,"source":"DER-GO","active":true,"direction_deg":72}},{"type":"Feature","geometry":{"type":"Point","coordinates":[-48.29165,-17.30012]},"properties":{"kind":"FIXED","limit_kmh":50,"source":"DER-GO","active":true,"direction_deg":252}},{"type":"Feature","geometry":{"type":"Point","coordinates":[-50.668533,-17.298377]},"properties":{"kind":"FIXED","limit_kmh":40,"source":"DER-GO","active":true,"direction_deg":null}},{"type":"Feature","geometry":{"type":"Point","coordinates":[-49.500117,-17.297955]},"properties":{"kind":"FIXED","limit_kmh":40,"source":"DER-GO","active":true,"direction_deg":87}},{"type":"Feature","geometry":{"type":"Point","coordinates":[-49.494048,-17.297512]},"properties":{"kind":"FIXED","limit_kmh":40,"source":"DER-GO","active":true,"direction_deg":263}},{"type":"Feature","geometry":{"type":"Point","coordinates":[-49.020212,-17.296994]},"properties":{"kind":"FIXED","limit_kmh":40,"source":"DER-GO","active":true,"direction_deg":null}},{"type":"Feature","geometry":{"type":"Point","coordinates":[-48.532343,-17.294433]},"properties":{"kind":"FIXED","limit_kmh":80,"source":"DER-GO","active":true,"direction_deg":null}},{"type":"Feature","geometry":{"type":"Point","coordinates":[-48.27673,-17.288305]},"properties":{"kind":"FIXED","limit_kmh":40,"source":"DER-GO","active":true,"direction_deg":8}},{"type":"Feature","geometry":{"type":"Point","coordinates":[-49.371904,-17.288142]},"properties":{"kind":"FIXED","limit_kmh":40,"source":"DER-GO","active":true,"direction_deg":215}},{"type":"Feature","geometry":{"type":"Point","coordinates":[-49.396382,-17.28149]},"properties":{"kind":"FIXED","limit_kmh":40,"source":"DER-GO","active":true,"direction_deg":null}},{"type":"Feature","geometry":{"type":"Point","coordinates":[-47.921188,-17.271996]},"properties":{"kind":"FIXED","limit_kmh":60,"source":"DER-GO","active":true,"direction_deg":null}},{"type":"Feature","geometry":{"type":"Point","coordinates":[-48.586543,-17.262273]},"properties":{"kind":"FIXED","limit_kmh":80,"source":"DER-GO","active":true,"direction_deg":null}},{"type":"Feature","geometry":{"type":"Point","coordinates":[-48.71164,-17.23106]},"properties":{"kind":"FIXED","limit_kmh":60,"source":"DER-GO","active":true,"direction_deg":null}},{"type":"Feature","geometry":{"type":"Point","coordinates":[-48.713387,-17.225141]},"properties":{"kind":"FIXED","limit_kmh":80,"source":"DER-GO","active":true,"direction_deg":16}},{"type":"Feature","geometry":{"type":"Point","coordinates":[-48.708104,-17.208314]},"properties":{"kind":"FIXED","limit_kmh":60,"source":"DER-GO","active":true,"direction_deg":null}},{"type":"Feature","geometry":{"type":"Point","coordinates":[-48.703254,-17.202174]},"properties":{"kind":"FIXED","limit_kmh":60,"source":"DER-GO","active":true,"direction_deg":null}},{"type":"Feature","geometry":{"type":"Point","coordinates":[-48.716675,-17.191889]},"properties":{"kind":"FIXED","limit_kmh":60,"source":"DER-GO","active":true,"direction_deg":2}},{"type":"Feature","geometry":{"type":"Point","coordinates":[-48.716594,-17.190546]},"properties":{"kind":"FIXED","limit_kmh":60,"source":"DER-GO","active":true,"direction_deg":183}},{"type":"Feature","geometry":{"type":"Point","coordinates":[-49.207374,-17.176132]},"properties":{"kind":"FIXED","limit_kmh":40,"source":"DER-GO","active":true,"direction_deg":265}},{"type":"Feature","geometry":{"type":"Point","coordinates":[-49.205763,-17.175975]},"properties":{"kind":"FIXED","limit_kmh":40,"source":"OSM","active":true,"direction_deg":null}},{"type":"Feature","geometry":{"type":"Point","coordinates":[-49.989397,-17.141153]},"properties":{"kind":"FIXED","limit_kmh":60,"source":"DER-GO","active":true,"direction_deg":null}},{"type":"Feature","geometry":{"type":"Point","coordinates":[-49.989216,-17.135894]},"properties":{"kind":"FIXED","limit_kmh":60,"source":"ANTT","active":true,"direction_deg":null}},{"type":"Feature","geometry":{"type":"Point","coordinates":[-49.984877,-17.115013]},"properties":{"kind":"FIXED","limit_kmh":80,"source":"DER-GO","active":true,"direction_deg":2}},{"type":"Feature","geometry":{"type":"Point","coordinates":[-49.984437,-17.113578]},"properties":{"kind":"FIXED","limit_kmh":80,"source":"DER-GO","active":true,"direction_deg":210}},{"type":"Feature","geometry":{"type":"Point","coordinates":[-50.128566,-17.060565]},"properties":{"kind":"FIXED","limit_kmh":60,"source":"DER-GO+OSM","active":true,"direction_deg":270}},{"type":"Feature","geometry":{"type":"Point","coordinates":[-50.13133,-17.0572]},"properties":{"kind":"FIXED","limit_kmh":60,"source":"DER-GO+OSM","active":true,"direction_deg":191}},{"type":"Feature","geometry":{"type":"Point","coordinates":[-48.665636,-17.054958]},"properties":{"kind":"FIXED","limit_kmh":40,"source":"DER-GO","active":true,"direction_deg":350}},{"type":"Feature","geometry":{"type":"Point","coordinates":[-48.665802,-17.054687]},"properties":{"kind":"FIXED","limit_kmh":40,"source":"DER-GO","active":true,"direction_deg":170}},{"type":"Feature","geometry":{"type":"Point","coordinates":[-50.135682,-17.049692]},"properties":{"kind":"FIXED","limit_kmh":null,"source":"OSM","active":true,"direction_deg":null}},{"type":"Feature","geometry":{"type":"Point","coordinates":[-50.135344,-17.049522]},"properties":{"kind":"FIXED","limit_kmh":60,"source":"DER-GO","active":true,"direction_deg":252}},{"type":"Feature","geometry":{"type":"Point","coordinates":[-48.311343,-17.033922]},"properties":{"kind":"FIXED","limit_kmh":40,"source":"DER-GO","active":true,"direction_deg":null}},{"type":"Feature","geometry":{"type":"Point","coordinates":[-48.291866,-17.033684]},"properties":{"kind":"FIXED","limit_kmh":40,"source":"DER-GO","active":true,"direction_deg":286}},{"type":"Feature","geometry":{"type":"Point","coordinates":[-48.9506,-17.033216]},"properties":{"kind":"FIXED","limit_kmh":40,"source":"DER-GO","active":true,"direction_deg":142}},{"type":"Feature","geometry":{"type":"Point","coordinates":[-48.96192,-16.997763]},"properties":{"kind":"FIXED","limit_kmh":80,"source":"DER-GO","active":true,"direction_deg":359}},{"type":"Feature","geometry":{"type":"Point","coordinates":[-48.962124,-16.989993]},"properties":{"kind":"FIXED","limit_kmh":80,"source":"DER-GO","active":true,"direction_deg":359}},{"type":"Feature","geometry":{"type":"Point","coordinates":[-48.962374,-16.987757]},"properties":{"kind":"FIXED","limit_kmh":80,"source":"DER-GO","active":true,"direction_deg":179}},{"type":"Feature","geometry":{"type":"Point","coordinates":[-49.429665,-16.986675]},"properties":{"kind":"FIXED","limit_kmh":40,"source":"DER-GO","active":true,"direction_deg":null}},{"type":"Feature","geometry":{"type":"Point","coordinates":[-48.915944,-16.980317]},"properties":{"kind":"FIXED","limit_kmh":60,"source":"DER-GO","active":true,"direction_deg":null}},{"type":"Feature","geometry":{"type":"Point","coordinates":[-48.962223,-16.978336]},"properties":{"kind":"FIXED","limit_kmh":60,"source":"DER-GO","active":true,"direction_deg":181}},{"type":"Feature","geometry":{"type":"Point","coordinates":[-48.962275,-16.978277]},"properties":{"kind":"FIXED","limit_kmh":60,"source":"DER-GO","active":true,"direction_deg":1}},{"type":"Feature","geometry":{"type":"Point","coordinates":[-48.940074,-16.978157]},"properties":{"kind":"FIXED","limit_kmh":40,"source":"DER-GO","active":true,"direction_deg":null}},{"type":"Feature","geometry":{"type":"Point","coordinates":[-49.772965,-16.977301]},"properties":{"kind":"FIXED","limit_kmh":40,"source":"DER-GO","active":true,"direction_deg":18}},{"type":"Feature","geometry":{"type":"Point","coordinates":[-50.270664,-16.975288]},"properties":{"kind":"FIXED","limit_kmh":40,"source":"DER-GO","active":true,"direction_deg":null}},{"type":"Feature","geometry":{"type":"Point","coordinates":[-49.759273,-16.973471]},"properties":{"kind":"FIXED","limit_kmh":60,"source":"DER-GO","active":true,"direction_deg":null}},{"type":"Feature","geometry":{"type":"Point","coordinates":[-48.962345,-16.972846]},"properties":{"kind":"FIXED","limit_kmh":40,"source":"DER-GO","active":true,"direction_deg":null}},{"type":"Feature","geometry":{"type":"Point","coordinates":[-49.762636,-16.969377]},"properties":{"kind":"FIXED","limit_kmh":40,"source":"DER-GO","active":true,"direction_deg":322}},{"type":"Feature","geometry":{"type":"Point","coordinates":[-49.763104,-16.96894]},"properties":{"kind":"FIXED","limit_kmh":40,"source":"DER-GO","active":true,"direction_deg":143}},{"type":"Feature","geometry":{"type":"Point","coordinates":[-48.950732,-16.968224]},"properties":{"kind":"FIXED","limit_kmh":40,"source":"DER-GO","active":true,"direction_deg":13}},{"type":"Feature","geometry":{"type":"Point","coordinates":[-48.950753,-16.968111]},"properties":{"kind":"FIXED","limit_kmh":40,"source":"DER-GO","active":true,"direction_deg":193}},{"type":"Feature","geometry":{"type":"Point","coordinates":[-50.41667,-16.966168]},"properties":{"kind":"FIXED","limit_kmh":60,"source":"DER-GO","active":true,"direction_deg":null}},{"type":"Feature","geometry":{"type":"Point","coordinates":[-49.23156,-16.965852]},"properties":{"kind":"FIXED","limit_kmh":60,"source":"DER-GO","active":true,"direction_deg":62}},{"type":"Feature","geometry":{"type":"Point","coordinates":[-50.43319,-16.957551]},"properties":{"kind":"FIXED","limit_kmh":40,"source":"DER-GO","active":true,"direction_deg":null}},{"type":"Feature","geometry":{"type":"Point","coordinates":[-48.96225,-16.95737]},"properties":{"kind":"FIXED","limit_kmh":40,"source":"DER-GO","active":true,"direction_deg":359}},{"type":"Feature","geometry":{"type":"Point","coordinates":[-48.96276,-16.95272]},"properties":{"kind":"FIXED","limit_kmh":40,"source":"DER-GO","active":true,"direction_deg":171}},{"type":"Feature","geometry":{"type":"Point","coordinates":[-50.442453,-16.952519]},"properties":{"kind":"FIXED","limit_kmh":40,"source":"DER-GO","active":true,"direction_deg":null}},{"type":"Feature","geometry":{"type":"Point","coordinates":[-48.962786,-16.95239]},"properties":{"kind":"FIXED","limit_kmh":40,"source":"OSM","active":true,"direction_deg":null}},{"type":"Feature","geometry":{"type":"Point","coordinates":[-50.445208,-16.951297]},"properties":{"kind":"FIXED","limit_kmh":40,"source":"DER-GO","active":true,"direction_deg":null}},{"type":"Feature","geometry":{"type":"Point","coordinates":[-50.450362,-16.950397]},"properties":{"kind":"FIXED","limit_kmh":40,"source":"DER-GO","active":true,"direction_deg":null}},{"type":"Feature","geometry":{"type":"Point","coordinates":[-50.464934,-16.946445]},"properties":{"kind":"FIXED","limit_kmh":40,"source":"DER-GO","active":true,"direction_deg":null}},{"type":"Feature","geometry":{"type":"Point","coordinates":[-50.447088,-16.940538]},"properties":{"kind":"FIXED","limit_kmh":40,"source":"DER-GO","active":true,"direction_deg":341}},{"type":"Feature","geometry":{"type":"Point","coordinates":[-50.451121,-16.936961]},"properties":{"kind":"FIXED","limit_kmh":60,"source":"DER-GO","active":true,"direction_deg":321}},{"type":"Feature","geometry":{"type":"Point","coordinates":[-51.785351,-16.935421]},"properties":{"kind":"FIXED","limit_kmh":40,"source":"DER-GO","active":true,"direction_deg":null}},{"type":"Feature","geometry":{"type":"Point","coordinates":[-50.452542,-16.933244]},"properties":{"kind":"FIXED","limit_kmh":60,"source":"DER-GO","active":true,"direction_deg":358}},{"type":"Feature","geometry":{"type":"Point","coordinates":[-49.443234,-16.926981]},"properties":{"kind":"FIXED","limit_kmh":40,"source":"DER-GO","active":true,"direction_deg":321}},{"type":"Feature","geometry":{"type":"Point","coordinates":[-49.444147,-16.926117]},"properties":{"kind":"FIXED","limit_kmh":40,"source":"DER-GO","active":true,"direction_deg":142}},{"type":"Feature","geometry":{"type":"Point","coordinates":[-48.979935,-16.912363]},"properties":{"kind":"FIXED","limit_kmh":110,"source":"DER-GO","active":true,"direction_deg":336}},{"type":"Feature","geometry":{"type":"Point","coordinates":[-49.450668,-16.911673]},"properties":{"kind":"FIXED","limit_kmh":60,"source":"DER-GO","active":true,"direction_deg":219}},{"type":"Feature","geometry":{"type":"Point","coordinates":[-48.982708,-16.907295]},"properties":{"kind":"FIXED","limit_kmh":110,"source":"DER-GO","active":true,"direction_deg":156}},{"type":"Feature","geometry":{"type":"Point","coordinates":[-49.254966,-16.900172]},"properties":{"kind":"FIXED","limit_kmh":null,"source":"OSM","active":true,"direction_deg":null}},{"type":"Feature","geometry":{"type":"Point","coordinates":[-48.995023,-16.893502]},"properties":{"kind":"FIXED","limit_kmh":110,"source":"DER-GO","active":true,"direction_deg":292}},{"type":"Feature","geometry":{"type":"Point","coordinates":[-48.995611,-16.893291]},"properties":{"kind":"FIXED","limit_kmh":null,"source":"OSM","active":true,"direction_deg":null}},{"type":"Feature","geometry":{"type":"Point","coordinates":[-50.1598,-16.8872]},"properties":{"kind":"FIXED","limit_kmh":60,"source":"DER-GO+OSM","active":true,"direction_deg":null}},{"type":"Feature","geometry":{"type":"Point","coordinates":[-49.001378,-16.883286]},"properties":{"kind":"FIXED","limit_kmh":110,"source":"DER-GO+OSM","active":true,"direction_deg":167}},{"type":"Feature","geometry":{"type":"Point","coordinates":[-49.434391,-16.870103]},"properties":{"kind":"FIXED","limit_kmh":80,"source":"DER-GO","active":true,"direction_deg":null}},{"type":"Feature","geometry":{"type":"Point","coordinates":[-49.013496,-16.866749]},"properties":{"kind":"FIXED","limit_kmh":110,"source":"OSM","active":true,"direction_deg":null}},{"type":"Feature","geometry":{"type":"Point","coordinates":[-49.264835,-16.866439]},"properties":{"kind":"FIXED","limit_kmh":40,"source":"DER-GO","active":true,"direction_deg":262}},{"type":"Feature","geometry":{"type":"Point","coordinates":[-49.013862,-16.866386]},"properties":{"kind":"FIXED","limit_kmh":110,"source":"DER-GO","active":true,"direction_deg":314}},{"type":"Feature","geometry":{"type":"Point","coordinates":[-49.264596,-16.866366]},"properties":{"kind":"FIXED","limit_kmh":40,"source":"DER-GO","active":true,"direction_deg":82}},{"type":"Feature","geometry":{"type":"Point","coordinates":[-49.475562,-16.85469]},"properties":{"kind":"FIXED","limit_kmh":80,"source":"DER-GO","active":true,"direction_deg":281}},{"type":"Feature","geometry":{"type":"Point","coordinates":[-49.41058,-16.851657]},"properties":{"kind":"FIXED","limit_kmh":40,"source":"DER-GO","active":true,"direction_deg":53}},{"type":"Feature","geometry":{"type":"Point","coordinates":[-49.562635,-16.850742]},"properties":{"kind":"FIXED","limit_kmh":80,"source":"OSM","active":true,"direction_deg":null}},{"type":"Feature","geometry":{"type":"Point","coordinates":[-49.408943,-16.850317]},"properties":{"kind":"FIXED","limit_kmh":40,"source":"DER-GO","active":true,"direction_deg":230}},{"type":"Feature","geometry":{"type":"Point","coordinates":[-49.401727,-16.84438]},"properties":{"kind":"FIXED","limit_kmh":80,"source":"DER-GO","active":true,"direction_deg":null}},{"type":"Feature","geometry":{"type":"Point","coordinates":[-49.538557,-16.842235]},"properties":{"kind":"FIXED","limit_kmh":40,"source":"DER-GO","active":true,"direction_deg":310}},{"type":"Feature","geometry":{"type":"Point","coordinates":[-49.541533,-16.840469]},"properties":{"kind":"FIXED","limit_kmh":40,"source":"DER-GO","active":true,"direction_deg":null}},{"type":"Feature","geometry":{"type":"Point","coordinates":[-49.390939,-16.835601]},"properties":{"kind":"FIXED","limit_kmh":40,"source":"DER-GO","active":true,"direction_deg":48}},{"type":"Feature","geometry":{"type":"Point","coordinates":[-49.390893,-16.83548]},"properties":{"kind":"FIXED","limit_kmh":40,"source":"DER-GO","active":true,"direction_deg":228}},{"type":"Feature","geometry":{"type":"Point","coordinates":[-49.879745,-16.833671]},"properties":{"kind":"FIXED","limit_kmh":60,"source":"DER-GO","active":true,"direction_deg":null}},{"type":"Feature","geometry":{"type":"Point","coordinates":[-49.837254,-16.828523]},"properties":{"kind":"FIXED","limit_kmh":60,"source":"DER-GO","active":true,"direction_deg":null}},{"type":"Feature","geometry":{"type":"Point","coordinates":[-49.242495,-16.826425]},"properties":{"kind":"FIXED","limit_kmh":40,"source":"OSM","active":true,"direction_deg":null}},{"type":"Feature","geometry":{"type":"Point","coordinates":[-49.892686,-16.82412]},"properties":{"kind":"FIXED","limit_kmh":80,"source":"DER-GO","active":true,"direction_deg":null}},{"type":"Feature","geometry":{"type":"Point","coordinates":[-49.051516,-16.820235]},"properties":{"kind":"FIXED","limit_kmh":80,"source":"DER-GO","active":true,"direction_deg":311}},{"type":"Feature","geometry":{"type":"Point","coordinates":[-50.408064,-16.820149]},"properties":{"kind":"FIXED","limit_kmh":40,"source":"DER-GO","active":true,"direction_deg":241}},{"type":"Feature","geometry":{"type":"Point","coordinates":[-50.406512,-16.819182]},"properties":{"kind":"FIXED","limit_kmh":40,"source":"DER-GO","active":true,"direction_deg":60}},{"type":"Feature","geometry":{"type":"Point","coordinates":[-49.365295,-16.817335]},"properties":{"kind":"FIXED","limit_kmh":40,"source":"DER-GO","active":true,"direction_deg":216}},{"type":"Feature","geometry":{"type":"Point","coordinates":[-49.904794,-16.816816]},"properties":{"kind":"FIXED","limit_kmh":60,"source":"DER-GO","active":true,"direction_deg":302}},{"type":"Feature","geometry":{"type":"Point","coordinates":[-49.905487,-16.816524]},"properties":{"kind":"FIXED","limit_kmh":60,"source":"DER-GO","active":true,"direction_deg":122}},{"type":"Feature","geometry":{"type":"Point","coordinates":[-49.055526,-16.816406]},"properties":{"kind":"FIXED","limit_kmh":80,"source":"DER-GO","active":true,"direction_deg":153}},{"type":"Feature","geometry":{"type":"Point","coordinates":[-49.36211,-16.805372]},"properties":{"kind":"FIXED","limit_kmh":40,"source":"DER-GO","active":true,"direction_deg":194}},{"type":"Feature","geometry":{"type":"Point","coordinates":[-48.43085,-16.80418]},"properties":{"kind":"FIXED","limit_kmh":80,"source":"DER-GO","active":true,"direction_deg":null}},{"type":"Feature","geometry":{"type":"Point","coordinates":[-50.161682,-16.798158]},"properties":{"kind":"FIXED","limit_kmh":60,"source":"DER-GO","active":true,"direction_deg":77}},{"type":"Feature","geometry":{"type":"Point","coordinates":[-50.16105,-16.797956]},"properties":{"kind":"FIXED","limit_kmh":60,"source":"DER-GO","active":true,"direction_deg":256}},{"type":"Feature","geometry":{"type":"Point","coordinates":[-49.359009,-16.797642]},"properties":{"kind":"FIXED","limit_kmh":40,"source":"DER-GO","active":true,"direction_deg":44}},{"type":"Feature","geometry":{"type":"Point","coordinates":[-49.357417,-16.795793]},"properties":{"kind":"FIXED","limit_kmh":40,"source":"DER-GO","active":true,"direction_deg":225}},{"type":"Feature","geometry":{"type":"Point","coordinates":[-49.077227,-16.794939]},"properties":{"kind":"FIXED","limit_kmh":60,"source":"DER-GO","active":true,"direction_deg":86}},{"type":"Feature","geometry":{"type":"Point","coordinates":[-49.940901,-16.791804]},"properties":{"kind":"FIXED","limit_kmh":60,"source":"DER-GO","active":true,"direction_deg":null}},{"type":"Feature","geometry":{"type":"Point","coordinates":[-49.238003,-16.789106]},"properties":{"kind":"FIXED","limit_kmh":80,"source":"OSM","active":true,"direction_deg":null}},{"type":"Feature","geometry":{"type":"Point","coordinates":[-49.271198,-16.784439]},"properties":{"kind":"FIXED","limit_kmh":null,"source":"DNIT","active":true,"direction_deg":null}},{"type":"Feature","geometry":{"type":"Point","coordinates":[-49.269695,-16.784327]},"properties":{"kind":"FIXED","limit_kmh":null,"source":"DNIT","active":true,"direction_deg":null}},{"type":"Feature","geometry":{"type":"Point","coordinates":[-49.492593,-16.78359]},"properties":{"kind":"FIXED","limit_kmh":80,"source":"ANTT","active":true,"direction_deg":42}},{"type":"Feature","geometry":{"type":"Point","coordinates":[-49.353623,-16.783022]},"properties":{"kind":"FIXED","limit_kmh":40,"source":"DER-GO","active":true,"direction_deg":11}},{"type":"Feature","geometry":{"type":"Point","coordinates":[-49.353789,-16.782774]},"properties":{"kind":"FIXED","limit_kmh":40,"source":"DER-GO","active":true,"direction_deg":191}},{"type":"Feature","geometry":{"type":"Point","coordinates":[-49.282651,-16.781245]},"properties":{"kind":"FIXED","limit_kmh":60,"source":"DNIT","active":true,"direction_deg":null}},{"type":"Feature","geometry":{"type":"Point","coordinates":[-47.630394,-16.781242]},"properties":{"kind":"FIXED","limit_kmh":80,"source":"ANTT","active":true,"direction_deg":47}},{"type":"Feature","geometry":{"type":"Point","coordinates":[-49.28252,-16.780857]},"properties":{"kind":"FIXED","limit_kmh":60,"source":"DNIT","active":true,"direction_deg":null}},{"type":"Feature","geometry":{"type":"Point","coordinates":[-49.236996,-16.779757]},"properties":{"kind":"FIXED","limit_kmh":null,"source":"OSM","active":true,"direction_deg":null}},{"type":"Feature","geometry":{"type":"Point","coordinates":[-49.294312,-16.777734]},"properties":{"kind":"FIXED","limit_kmh":null,"source":"DNIT","active":true,"direction_deg":null}},{"type":"Feature","geometry":{"type":"Point","coordinates":[-49.295523,-16.777682]},"properties":{"kind":"FIXED","limit_kmh":null,"source":"DNIT","active":true,"direction_deg":null}},{"type":"Feature","geometry":{"type":"Point","coordinates":[-49.108381,-16.773831]},"properties":{"kind":"FIXED","limit_kmh":40,"source":"DER-GO","active":true,"direction_deg":316}},{"type":"Feature","geometry":{"type":"Point","coordinates":[-49.237947,-16.773146]},"properties":{"kind":"FIXED","limit_kmh":80,"source":"OSM","active":true,"direction_deg":null}},{"type":"Feature","geometry":{"type":"Point","coordinates":[-49.109999,-16.772432]},"properties":{"kind":"FIXED","limit_kmh":40,"source":"DER-GO","active":true,"direction_deg":137}},{"type":"Feature","geometry":{"type":"Point","coordinates":[-47.589988,-16.771502]},"properties":{"kind":"FIXED","limit_kmh":80,"source":"ANTT","active":true,"direction_deg":141}},{"type":"Feature","geometry":{"type":"Point","coordinates":[-49.351236,-16.770787]},"properties":{"kind":"FIXED","limit_kmh":40,"source":"DER-GO","active":true,"direction_deg":null}},{"type":"Feature","geometry":{"type":"Point","coordinates":[-49.239288,-16.768585]},"properties":{"kind":"FIXED","limit_kmh":80,"source":"ANTT","active":true,"direction_deg":354}},{"type":"Feature","geometry":{"type":"Point","coordinates":[-49.239359,-16.767489]},"properties":{"kind":"FIXED","limit_kmh":null,"source":"OSM","active":true,"direction_deg":null}},{"type":"Feature","geometry":{"type":"Point","coordinates":[-49.327893,-16.763013]},"properties":{"kind":"FIXED","limit_kmh":null,"source":"DNIT","active":true,"direction_deg":null}},{"type":"Feature","geometry":{"type":"Point","coordinates":[-49.702704,-16.762072]},"properties":{"kind":"FIXED","limit_kmh":50,"source":"DER-GO","active":true,"direction_deg":272}},{"type":"Feature","geometry":{"type":"Point","coordinates":[-49.703486,-16.762063]},"properties":{"kind":"FIXED","limit_kmh":50,"source":"DER-GO","active":true,"direction_deg":100}},{"type":"Feature","geometry":{"type":"Point","coordinates":[-49.689433,-16.760416]},"properties":{"kind":"FIXED","limit_kmh":40,"source":"DER-GO","active":true,"direction_deg":266}},{"type":"Feature","geometry":{"type":"Point","coordinates":[-47.608611,-16.757301]},"properties":{"kind":"FIXED","limit_kmh":40,"source":"ANTT","active":true,"direction_deg":232}},{"type":"Feature","geometry":{"type":"Point","coordinates":[-49.444114,-16.756578]},"properties":{"kind":"FIXED","limit_kmh":80,"source":"OSM","active":true,"direction_deg":null}},{"type":"Feature","geometry":{"type":"Point","coordinates":[-49.339986,-16.756218]},"properties":{"kind":"FIXED","limit_kmh":40,"source":"DER-GO","active":true,"direction_deg":228}},{"type":"Feature","geometry":{"type":"Point","coordinates":[-49.12765,-16.7536]},"properties":{"kind":"FIXED","limit_kmh":60,"source":"DER-GO+OSM","active":true,"direction_deg":317}},{"type":"Feature","geometry":{"type":"Point","coordinates":[-48.536944,-16.75269]},"properties":{"kind":"FIXED","limit_kmh":80,"source":"DER-GO","active":true,"direction_deg":null}},{"type":"Feature","geometry":{"type":"Point","coordinates":[-49.441005,-16.752202]},"properties":{"kind":"FIXED","limit_kmh":60,"source":"DER-GO","active":true,"direction_deg":327}},{"type":"Feature","geometry":{"type":"Point","coordinates":[-49.440939,-16.75218]},"properties":{"kind":"FIXED","limit_kmh":60,"source":"DER-GO","active":true,"direction_deg":147}},{"type":"Feature","geometry":{"type":"Point","coordinates":[-48.519085,-16.752031]},"properties":{"kind":"FIXED","limit_kmh":40,"source":"DER-GO","active":true,"direction_deg":null}},{"type":"Feature","geometry":{"type":"Point","coordinates":[-49.331338,-16.747925]},"properties":{"kind":"FIXED","limit_kmh":60,"source":"OSM","active":true,"direction_deg":null}},{"type":"Feature","geometry":{"type":"Point","coordinates":[-49.33118,-16.747871]},"properties":{"kind":"FIXED","limit_kmh":60,"source":"OSM","active":true,"direction_deg":null}},{"type":"Feature","geometry":{"type":"Point","coordinates":[-48.455777,-16.745196]},"properties":{"kind":"FIXED","limit_kmh":80,"source":"DER-GO","active":true,"direction_deg":69}},{"type":"Feature","geometry":{"type":"Point","coordinates":[-49.240837,-16.745186]},"properties":{"kind":"FIXED","limit_kmh":40,"source":"OSM","active":true,"direction_deg":null}},{"type":"Feature","geometry":{"type":"Point","coordinates":[-49.240674,-16.744982]},"properties":{"kind":"FIXED","limit_kmh":40,"source":"OSM","active":true,"direction_deg":null}},{"type":"Feature","geometry":{"type":"Point","coordinates":[-49.136541,-16.744516]},"properties":{"kind":"FIXED","limit_kmh":60,"source":"DER-GO","active":true,"direction_deg":317}},{"type":"Feature","geometry":{"type":"Point","coordinates":[-48.452018,-16.743689]},"properties":{"kind":"FIXED","limit_kmh":80,"source":"DER-GO","active":true,"direction_deg":249}},{"type":"Feature","geometry":{"type":"Point","coordinates":[-48.518368,-16.743188]},"properties":{"kind":"FIXED","limit_kmh":40,"source":"DER-GO","active":true,"direction_deg":46}},{"type":"Feature","geometry":{"type":"Point","coordinates":[-48.51841,-16.743135]},"properties":{"kind":"FIXED","limit_kmh":40,"source":"DER-GO","active":true,"direction_deg":226}},{"type":"Feature","geometry":{"type":"Point","coordinates":[-49.140217,-16.74222]},"properties":{"kind":"FIXED","limit_kmh":60,"source":"OSM","active":true,"direction_deg":null}},{"type":"Feature","geometry":{"type":"Point","coordinates":[-50.332299,-16.741962]},"properties":{"kind":"FIXED","limit_kmh":80,"source":"DER-GO","active":true,"direction_deg":null}},{"type":"Feature","geometry":{"type":"Point","coordinates":[-49.134616,-16.741712]},"properties":{"kind":"FIXED","limit_kmh":40,"source":"DER-GO","active":true,"direction_deg":260}},{"type":"Feature","geometry":{"type":"Point","coordinates":[-49.447733,-16.741392]},"properties":{"kind":"FIXED","limit_kmh":40,"source":"DER-GO","active":true,"direction_deg":324}},{"type":"Feature","geometry":{"type":"Point","coordinates":[-49.150806,-16.740103]},"properties":{"kind":"FIXED","limit_kmh":60,"source":"DER-GO","active":true,"direction_deg":104}},{"type":"Feature","geometry":{"type":"Point","coordinates":[-49.150264,-16.739826]},"properties":{"kind":"FIXED","limit_kmh":60,"source":"DER-GO","active":true,"direction_deg":284}},{"type":"Feature","geometry":{"type":"Point","coordinates":[-49.448035,-16.738495]},"properties":{"kind":"FIXED","limit_kmh":40,"source":"DER-GO","active":true,"direction_deg":202}},{"type":"Feature","geometry":{"type":"Point","coordinates":[-49.608644,-16.738067]},"properties":{"kind":"FIXED","limit_kmh":60,"source":"DER-GO","active":true,"direction_deg":43}},{"type":"Feature","geometry":{"type":"Point","coordinates":[-49.608686,-16.738025]},"properties":{"kind":"FIXED","limit_kmh":60,"source":"DER-GO","active":true,"direction_deg":223}},{"type":"Feature","geometry":{"type":"Point","coordinates":[-49.242949,-16.736838]},"properties":{"kind":"FIXED","limit_kmh":80,"source":"ANTT+OSM","active":true,"direction_deg":166}},{"type":"Feature","geometry":{"type":"Point","coordinates":[-49.164434,-16.736513]},"properties":{"kind":"FIXED","limit_kmh":60,"source":"DER-GO","active":true,"direction_deg":284}},{"type":"Feature","geometry":{"type":"Point","coordinates":[-49.280671,-16.73641]},"properties":{"kind":"FIXED","limit_kmh":50,"source":"OSM","active":true,"direction_deg":null}},{"type":"Feature","geometry":{"type":"Point","coordinates":[-49.165701,-16.736351]},"properties":{"kind":"FIXED","limit_kmh":60,"source":"DER-GO","active":true,"direction_deg":104}},{"type":"Feature","geometry":{"type":"Point","coordinates":[-49.28067,-16.736277]},"properties":{"kind":"FIXED","limit_kmh":50,"source":"OSM","active":true,"direction_deg":null}},{"type":"Feature","geometry":{"type":"Point","coordinates":[-49.212541,-16.735725]},"properties":{"kind":"FIXED","limit_kmh":50,"source":"OSM","active":true,"direction_deg":null}},{"type":"Feature","geometry":{"type":"Point","coordinates":[-49.300209,-16.733008]},"properties":{"kind":"FIXED","limit_kmh":null,"source":"OSM","active":true,"direction_deg":null}},{"type":"Feature","geometry":{"type":"Point","coordinates":[-49.34151,-16.731711]},"properties":{"kind":"FIXED","limit_kmh":50,"source":"INMETRO","active":true,"direction_deg":null}},{"type":"Feature","geometry":{"type":"Point","coordinates":[-51.063168,-16.73084]},"properties":{"kind":"FIXED","limit_kmh":60,"source":"DER-GO","active":true,"direction_deg":29}},{"type":"Feature","geometry":{"type":"Point","coordinates":[-49.225594,-16.729865]},"properties":{"kind":"FIXED","limit_kmh":null,"source":"OSM","active":true,"direction_deg":null}},{"type":"Feature","geometry":{"type":"Point","coordinates":[-49.225188,-16.729833]},"properties":{"kind":"FIXED","limit_kmh":50,"source":"OSM","active":true,"direction_deg":null}},{"type":"Feature","geometry":{"type":"Point","coordinates":[-49.271992,-16.729132]},"properties":{"kind":"FIXED","limit_kmh":60,"source":"INMETRO","active":true,"direction_deg":null}},{"type":"Feature","geometry":{"type":"Point","coordinates":[-49.593112,-16.728059]},"properties":{"kind":"FIXED","limit_kmh":80,"source":"DER-GO","active":true,"direction_deg":56}},{"type":"Feature","geometry":{"type":"Point","coordinates":[-49.111066,-16.727528]},"properties":{"kind":"FIXED","limit_kmh":60,"source":"DER-GO","active":true,"direction_deg":44}},{"type":"Feature","geometry":{"type":"Point","coordinates":[-49.592313,-16.727497]},"properties":{"kind":"FIXED","limit_kmh":80,"source":"DER-GO","active":true,"direction_deg":237}},{"type":"Feature","geometry":{"type":"Point","coordinates":[-49.241237,-16.726663]},"properties":{"kind":"FIXED","limit_kmh":80,"source":"OSM","active":true,"direction_deg":null}},{"type":"Feature","geometry":{"type":"Point","coordinates":[-49.188435,-16.726171]},"properties":{"kind":"FIXED","limit_kmh":60,"source":"DER-GO","active":true,"direction_deg":134}},{"type":"Feature","geometry":{"type":"Point","coordinates":[-49.28249,-16.725828]},"properties":{"kind":"FIXED","limit_kmh":60,"source":"OSM","active":true,"direction_deg":null}},{"type":"Feature","geometry":{"type":"Point","coordinates":[-51.06576,-16.724487]},"properties":{"kind":"FIXED","limit_kmh":60,"source":"DER-GO","active":true,"direction_deg":295}},{"type":"Feature","geometry":{"type":"Point","coordinates":[-49.108403,-16.724123]},"properties":{"kind":"FIXED","limit_kmh":40,"source":"OSM","active":true,"direction_deg":null}},{"type":"Feature","geometry":{"type":"Point","coordinates":[-49.322189,-16.723825]},"properties":{"kind":"FIXED","limit_kmh":40,"source":"DER-GO","active":true,"direction_deg":20}},{"type":"Feature","geometry":{"type":"Point","coordinates":[-49.32199,-16.723035]},"properties":{"kind":"FIXED","limit_kmh":40,"source":"DER-GO","active":true,"direction_deg":200}},{"type":"Feature","geometry":{"type":"Point","coordinates":[-49.108063,-16.723003]},"properties":{"kind":"FIXED","limit_kmh":40,"source":"DER-GO","active":true,"direction_deg":9}},{"type":"Feature","geometry":{"type":"Point","coordinates":[-49.193419,-16.721106]},"properties":{"kind":"FIXED","limit_kmh":60,"source":"DER-GO","active":true,"direction_deg":316}},{"type":"Feature","geometry":{"type":"Point","coordinates":[-49.19487,-16.720268]},"properties":{"kind":"FIXED","limit_kmh":80,"source":"DER-GO","active":true,"direction_deg":136}},{"type":"Feature","geometry":{"type":"Point","coordinates":[-49.108132,-16.720036]},"properties":{"kind":"FIXED","limit_kmh":40,"source":"OSM","active":true,"direction_deg":null}},{"type":"Feature","geometry":{"type":"Point","coordinates":[-49.298994,-16.719618]},"properties":{"kind":"FIXED","limit_kmh":null,"source":"OSM","active":true,"direction_deg":null}},{"type":"Feature","geometry":{"type":"Point","coordinates":[-49.299123,-16.719508]},"properties":{"kind":"FIXED","limit_kmh":null,"source":"OSM","active":true,"direction_deg":null}},{"type":"Feature","geometry":{"type":"Point","coordinates":[-49.108265,-16.71908]},"properties":{"kind":"FIXED","limit_kmh":40,"source":"DER-GO","active":true,"direction_deg":175}},{"type":"Feature","geometry":{"type":"Point","coordinates":[-49.237961,-16.718874]},"properties":{"kind":"FIXED","limit_kmh":80,"source":"ANTT+OSM","active":true,"direction_deg":28}},{"type":"Feature","geometry":{"type":"Point","coordinates":[-49.042071,-16.718841]},"properties":{"kind":"FIXED","limit_kmh":60,"source":"DER-GO","active":true,"direction_deg":277}},{"type":"Feature","geometry":{"type":"Point","coordinates":[-49.043045,-16.71876]},"properties":{"kind":"FIXED","limit_kmh":60,"source":"DER-GO","active":true,"direction_deg":97}},{"type":"Feature","geometry":{"type":"Point","coordinates":[-49.101708,-16.718107]},"properties":{"kind":"FIXED","limit_kmh":40,"source":"OSM","active":true,"direction_deg":null}},{"type":"Feature","geometry":{"type":"Point","coordinates":[-49.293737,-16.717813]},"properties":{"kind":"FIXED","limit_kmh":60,"source":"OSM","active":true,"direction_deg":null}},{"type":"Feature","geometry":{"type":"Point","coordinates":[-49.293479,-16.717623]},"properties":{"kind":"FIXED","limit_kmh":60,"source":"OSM","active":true,"direction_deg":null}},{"type":"Feature","geometry":{"type":"Point","coordinates":[-49.365175,-16.717244]},"properties":{"kind":"FIXED","limit_kmh":60,"source":"ANTT","active":true,"direction_deg":59}},{"type":"Feature","geometry":{"type":"Point","coordinates":[-49.319627,-16.716683]},"properties":{"kind":"FIXED","limit_kmh":40,"source":"DER-GO","active":true,"direction_deg":19}},{"type":"Feature","geometry":{"type":"Point","coordinates":[-49.319479,-16.716218]},"properties":{"kind":"FIXED","limit_kmh":40,"source":"DER-GO","active":true,"direction_deg":199}},{"type":"Feature","geometry":{"type":"Point","coordinates":[-49.110378,-16.715903]},"properties":{"kind":"FIXED","limit_kmh":40,"source":"OSM","active":true,"direction_deg":null}},{"type":"Feature","geometry":{"type":"Point","coordinates":[-49.2828,-16.715514]},"properties":{"kind":"FIXED","limit_kmh":60,"source":"INMETRO","active":true,"direction_deg":null}},{"type":"Feature","geometry":{"type":"Point","coordinates":[-49.242425,-16.71467]},"properties":{"kind":"FIXED","limit_kmh":50,"source":"OSM","active":true,"direction_deg":null}},{"type":"Feature","geometry":{"type":"Point","coordinates":[-49.242871,-16.714205]},"properties":{"kind":"FIXED","limit_kmh":50,"source":"OSM","active":true,"direction_deg":null}},{"type":"Feature","geometry":{"type":"Point","coordinates":[-49.460283,-16.713917]},"properties":{"kind":"FIXED","limit_kmh":60,"source":"DER-GO","active":true,"direction_deg":297}},{"type":"Feature","geometry":{"type":"Point","coordinates":[-49.358312,-16.713119]},"properties":{"kind":"FIXED","limit_kmh":60,"source":"ANTT","active":true,"direction_deg":239}},{"type":"Feature","geometry":{"type":"Point","coordinates":[-49.21423,-16.71224]},"properties":{"kind":"FIXED","limit_kmh":80,"source":"DER-GO+OSM","active":true,"direction_deg":106}},{"type":"Feature","geometry":{"type":"Point","coordinates":[-49.214088,-16.712167]},"properties":{"kind":"FIXED","limit_kmh":80,"source":"DER-GO","active":true,"direction_deg":286}},{"type":"Feature","geometry":{"type":"Point","coordinates":[-49.011915,-16.711776]},"properties":{"kind":"FIXED","limit_kmh":40,"source":"DER-GO","active":true,"direction_deg":null}},{"type":"Feature","geometry":{"type":"Point","coordinates":[-49.462913,-16.711172]},"properties":{"kind":"FIXED","limit_kmh":60,"source":"DER-GO","active":true,"direction_deg":166}},{"type":"Feature","geometry":{"type":"Point","coordinates":[-49.22077,-16.71041]},"properties":{"kind":"FIXED","limit_kmh":50,"source":"DER-GO","active":true,"direction_deg":282}},{"type":"Feature","geometry":{"type":"Point","coordinates":[-49.22251,-16.71022]},"properties":{"kind":"FIXED","limit_kmh":50,"source":"DER-GO+OSM","active":true,"direction_deg":105}},{"type":"Feature","geometry":{"type":"Point","coordinates":[-49.352929,-16.710017]},"properties":{"kind":"FIXED","limit_kmh":60,"source":"DNIT","active":true,"direction_deg":59}},{"type":"Feature","geometry":{"type":"Point","coordinates":[-49.314873,-16.709629]},"properties":{"kind":"FIXED","limit_kmh":40,"source":"DER-GO","active":true,"direction_deg":358}},{"type":"Feature","geometry":{"type":"Point","coordinates":[-49.098854,-16.709287]},"properties":{"kind":"FIXED","limit_kmh":40,"source":"OSM","active":true,"direction_deg":null}},{"type":"Feature","geometry":{"type":"Point","coordinates":[-49.314963,-16.709002]},"properties":{"kind":"FIXED","limit_kmh":40,"source":"DER-GO","active":true,"direction_deg":178}},{"type":"Feature","geometry":{"type":"Point","coordinates":[-49.230935,-16.708884]},"properties":{"kind":"FIXED","limit_kmh":80,"source":"OSM","active":true,"direction_deg":null}},{"type":"Feature","geometry":{"type":"Point","coordinates":[-49.109882,-16.708668]},"properties":{"kind":"FIXED","limit_kmh":40,"source":"DER-GO+OSM","active":true,"direction_deg":21}},{"type":"Feature","geometry":{"type":"Point","coordinates":[-48.622979,-16.708258]},"properties":{"kind":"FIXED","limit_kmh":60,"source":"DER-GO","active":true,"direction_deg":null}},{"type":"Feature","geometry":{"type":"Point","coordinates":[-49.109367,-16.707027]},"properties":{"kind":"FIXED","limit_kmh":40,"source":"DER-GO+OSM","active":true,"direction_deg":201}},{"type":"Feature","geometry":{"type":"Point","coordinates":[-49.345927,-16.70579]},"properties":{"kind":"FIXED","limit_kmh":60,"source":"DNIT","active":true,"direction_deg":239}},{"type":"Feature","geometry":{"type":"Point","coordinates":[-49.108893,-16.705485]},"properties":{"kind":"FIXED","limit_kmh":40,"source":"OSM","active":true,"direction_deg":null}},{"type":"Feature","geometry":{"type":"Point","coordinates":[-49.344587,-16.705332]},"properties":{"kind":"FIXED","limit_kmh":60,"source":"DNIT","active":true,"direction_deg":59}},{"type":"Feature","geometry":{"type":"Point","coordinates":[-49.264009,-16.705178]},"properties":{"kind":"FIXED","limit_kmh":60,"source":"INMETRO","active":true,"direction_deg":null}},{"type":"Feature","geometry":{"type":"Point","coordinates":[-49.247111,-16.704003]},"properties":{"kind":"FIXED","limit_kmh":50,"source":"OSM","active":true,"direction_deg":null}},{"type":"Feature","geometry":{"type":"Point","coordinates":[-49.107891,-16.703894]},"properties":{"kind":"FIXED","limit_kmh":40,"source":"OSM","active":true,"direction_deg":null}},{"type":"Feature","geometry":{"type":"Point","coordinates":[-49.100558,-16.703817]},"properties":{"kind":"FIXED","limit_kmh":40,"source":"OSM","active":true,"direction_deg":null}},{"type":"Feature","geometry":{"type":"Point","coordinates":[-49.230929,-16.703784]},"properties":{"kind":"FIXED","limit_kmh":null,"source":"OSM","active":true,"direction_deg":null}},{"type":"Feature","geometry":{"type":"Point","coordinates":[-49.246944,-16.703633]},"properties":{"kind":"FIXED","limit_kmh":50,"source":"OSM","active":true,"direction_deg":null}},{"type":"Feature","geometry":{"type":"Point","coordinates":[-49.258788,-16.703613]},"properties":{"kind":"FIXED","limit_kmh":50,"source":"INMETRO","active":true,"direction_deg":null}},{"type":"Feature","geometry":{"type":"Point","coordinates":[-49.096994,-16.703453]},"properties":{"kind":"FIXED","limit_kmh":40,"source":"OSM","active":true,"direction_deg":null}},{"type":"Feature","geometry":{"type":"Point","coordinates":[-49.231185,-16.70266]},"properties":{"kind":"FIXED","limit_kmh":80,"source":"OSM","active":true,"direction_deg":null}},{"type":"Feature","geometry":{"type":"Point","coordinates":[-49.263922,-16.702332]},"properties":{"kind":"FIXED","limit_kmh":60,"source":"INMETRO","active":true,"direction_deg":null}},{"type":"Feature","geometry":{"type":"Point","coordinates":[-48.634377,-16.702174]},"properties":{"kind":"FIXED","limit_kmh":80,"source":"DER-GO","active":true,"direction_deg":null}},{"type":"Feature","geometry":{"type":"Point","coordinates":[-49.272814,-16.702164]},"properties":{"kind":"FIXED","limit_kmh":60,"source":"INMETRO","active":true,"direction_deg":null}},{"type":"Feature","geometry":{"type":"Point","coordinates":[-49.231262,-16.702105]},"properties":{"kind":"FIXED","limit_kmh":80,"source":"ANTT","active":true,"direction_deg":177}},{"type":"Feature","geometry":{"type":"Point","coordinates":[-49.270854,-16.701306]},"properties":{"kind":"FIXED","limit_kmh":60,"source":"INMETRO","active":true,"direction_deg":null}},{"type":"Feature","geometry":{"type":"Point","coordinates":[-49.256943,-16.700679]},"properties":{"kind":"FIXED","limit_kmh":50,"source":"INMETRO","active":true,"direction_deg":null}},{"type":"Feature","geometry":{"type":"Point","coordinates":[-49.099771,-16.700253]},"properties":{"kind":"FIXED","limit_kmh":40,"source":"OSM","active":true,"direction_deg":null}},{"type":"Feature","geometry":{"type":"Point","coordinates":[-49.255545,-16.700139]},"properties":{"kind":"FIXED","limit_kmh":50,"source":"INMETRO","active":true,"direction_deg":null}},{"type":"Feature","geometry":{"type":"Point","coordinates":[-49.314994,-16.69989]},"properties":{"kind":"FIXED","limit_kmh":60,"source":"DER-GO","active":true,"direction_deg":0}},{"type":"Feature","geometry":{"type":"Point","coordinates":[-49.109808,-16.699425]},"properties":{"kind":"FIXED","limit_kmh":40,"source":"OSM","active":true,"direction_deg":null}},{"type":"Feature","geometry":{"type":"Point","coordinates":[-49.315115,-16.699233]},"properties":{"kind":"FIXED","limit_kmh":60,"source":"DER-GO","active":true,"direction_deg":180}},{"type":"Feature","geometry":{"type":"Point","coordinates":[-49.331696,-16.699131]},"properties":{"kind":"FIXED","limit_kmh":null,"source":"OSM","active":true,"direction_deg":null}},{"type":"Feature","geometry":{"type":"Point","coordinates":[-49.330052,-16.698237]},"properties":{"kind":"FIXED","limit_kmh":80,"source":"OSM","active":true,"direction_deg":null}},{"type":"Feature","geometry":{"type":"Point","coordinates":[-49.268514,-16.695562]},"properties":{"kind":"FIXED","limit_kmh":50,"source":"INMETRO","active":true,"direction_deg":null}},{"type":"Feature","geometry":{"type":"Point","coordinates":[-49.105348,-16.693571]},"properties":{"kind":"FIXED","limit_kmh":40,"source":"OSM","active":true,"direction_deg":null}},{"type":"Feature","geometry":{"type":"Point","coordinates":[-49.09797,-16.692902]},"properties":{"kind":"FIXED","limit_kmh":40,"source":"OSM","active":true,"direction_deg":null}},{"type":"Feature","geometry":{"type":"Point","coordinates":[-49.258848,-16.692828]},"properties":{"kind":"FIXED","limit_kmh":50,"source":"INMETRO","active":true,"direction_deg":null}},{"type":"Feature","geometry":{"type":"Point","coordinates":[-49.251417,-16.690956]},"properties":{"kind":"FIXED","limit_kmh":50,"source":"INMETRO","active":true,"direction_deg":null}},{"type":"Feature","geometry":{"type":"Point","coordinates":[-49.107742,-16.690881]},"properties":{"kind":"FIXED","limit_kmh":40,"source":"OSM","active":true,"direction_deg":null}},{"type":"Feature","geometry":{"type":"Point","coordinates":[-49.46022,-16.690687]},"properties":{"kind":"FIXED","limit_kmh":60,"source":"DER-GO","active":true,"direction_deg":20}},{"type":"Feature","geometry":{"type":"Point","coordinates":[-48.668979,-16.690384]},"properties":{"kind":"FIXED","limit_kmh":80,"source":"DER-GO","active":true,"direction_deg":null}},{"type":"Feature","geometry":{"type":"Point","coordinates":[-49.340647,-16.689812]},"properties":{"kind":"FIXED","limit_kmh":40,"source":"OSM","active":true,"direction_deg":null}},{"type":"Feature","geometry":{"type":"Point","coordinates":[-49.341606,-16.689747]},"properties":{"kind":"FIXED","limit_kmh":40,"source":"OSM","active":true,"direction_deg":null}},{"type":"Feature","geometry":{"type":"Point","coordinates":[-49.26109,-16.688958]},"properties":{"kind":"FIXED","limit_kmh":60,"source":"INMETRO","active":true,"direction_deg":null}},{"type":"Feature","geometry":{"type":"Point","coordinates":[-49.320368,-16.687794]},"properties":{"kind":"FIXED","limit_kmh":50,"source":"OSM","active":true,"direction_deg":null}},{"type":"Feature","geometry":{"type":"Point","coordinates":[-49.320238,-16.68776]},"properties":{"kind":"FIXED","limit_kmh":50,"source":"OSM","active":true,"direction_deg":null}},{"type":"Feature","geometry":{"type":"Point","coordinates":[-49.460538,-16.687655]},"properties":{"kind":"FIXED","limit_kmh":60,"source":"DER-GO","active":true,"direction_deg":131}},{"type":"Feature","geometry":{"type":"Point","coordinates":[-49.18448,-16.687399]},"properties":{"kind":"FIXED","limit_kmh":60,"source":"DER-GO","active":true,"direction_deg":289}},{"type":"Feature","geometry":{"type":"Point","coordinates":[-49.14964,-16.686955]},"properties":{"kind":"FIXED","limit_kmh":60,"source":"DER-GO","active":true,"direction_deg":85}},{"type":"Feature","geometry":{"type":"Point","coordinates":[-49.233367,-16.686646]},"properties":{"kind":"FIXED","limit_kmh":80,"source":"ANTT","active":true,"direction_deg":349}},{"type":"Feature","geometry":{"type":"Point","coordinates":[-49.154895,-16.68638]},"properties":{"kind":"FIXED","limit_kmh":60,"source":"DER-GO","active":true,"direction_deg":284}},{"type":"Feature","geometry":{"type":"Point","coordinates":[-49.155606,-16.686316]},"properties":{"kind":"FIXED","limit_kmh":60,"source":"DER-GO","active":true,"direction_deg":104}},{"type":"Feature","geometry":{"type":"Point","coordinates":[-49.25964,-16.686156]},"properties":{"kind":"FIXED","limit_kmh":60,"source":"INMETRO","active":true,"direction_deg":null}},{"type":"Feature","geometry":{"type":"Point","coordinates":[-49.267386,-16.685949]},"properties":{"kind":"FIXED","limit_kmh":60,"source":"OSM","active":true,"direction_deg":null}},{"type":"Feature","geometry":{"type":"Point","coordinates":[-49.267223,-16.685753]},"properties":{"kind":"FIXED","limit_kmh":60,"source":"OSM","active":true,"direction_deg":null}},{"type":"Feature","geometry":{"type":"Point","coordinates":[-49.26734,-16.68572]},"properties":{"kind":"FIXED","limit_kmh":50,"source":"OSM","active":true,"direction_deg":null}},{"type":"Feature","geometry":{"type":"Point","coordinates":[-49.233648,-16.685129]},"properties":{"kind":"FIXED","limit_kmh":null,"source":"OSM","active":true,"direction_deg":null}},{"type":"Feature","geometry":{"type":"Point","coordinates":[-49.143178,-16.684591]},"properties":{"kind":"FIXED","limit_kmh":60,"source":"DER-GO","active":true,"direction_deg":239}},{"type":"Feature","geometry":{"type":"Point","coordinates":[-49.19233,-16.684494]},"properties":{"kind":"FIXED","limit_kmh":40,"source":"DER-GO","active":true,"direction_deg":291}},{"type":"Feature","geometry":{"type":"Point","coordinates":[-49.193523,-16.684103]},"properties":{"kind":"FIXED","limit_kmh":40,"source":"DER-GO","active":true,"direction_deg":116}},{"type":"Feature","geometry":{"type":"Point","coordinates":[-49.128743,-16.682905]},"properties":{"kind":"FIXED","limit_kmh":40,"source":"DER-GO","active":true,"direction_deg":70}},{"type":"Feature","geometry":{"type":"Point","coordinates":[-49.250082,-16.679057]},"properties":{"kind":"FIXED","limit_kmh":60,"source":"INMETRO","active":true,"direction_deg":null}},{"type":"Feature","geometry":{"type":"Point","coordinates":[-49.275966,-16.678869]},"properties":{"kind":"FIXED","limit_kmh":50,"source":"INMETRO","active":true,"direction_deg":null}},{"type":"Feature","geometry":{"type":"Point","coordinates":[-49.248831,-16.678691]},"properties":{"kind":"FIXED","limit_kmh":60,"source":"INMETRO","active":true,"direction_deg":null}},{"type":"Feature","geometry":{"type":"Point","coordinates":[-49.286276,-16.678158]},"properties":{"kind":"FIXED","limit_kmh":60,"source":"INMETRO","active":true,"direction_deg":null}},{"type":"Feature","geometry":{"type":"Point","coordinates":[-49.247573,-16.677967]},"properties":{"kind":"FIXED","limit_kmh":60,"source":"INMETRO+OSM","active":true,"direction_deg":null}},{"type":"Feature","geometry":{"type":"Point","coordinates":[-49.231045,-16.677185]},"properties":{"kind":"FIXED","limit_kmh":80,"source":"OSM","active":true,"direction_deg":null}},{"type":"Feature","geometry":{"type":"Point","coordinates":[-49.23119,-16.677121]},"properties":{"kind":"FIXED","limit_kmh":80,"source":"OSM","active":true,"direction_deg":null}},{"type":"Feature","geometry":{"type":"Point","coordinates":[-49.473202,-16.67622]},"properties":{"kind":"FIXED","limit_kmh":60,"source":"DER-GO","active":true,"direction_deg":null}},{"type":"Feature","geometry":{"type":"Point","coordinates":[-49.240582,-16.675776]},"properties":{"kind":"FIXED","limit_kmh":60,"source":"INMETRO","active":true,"direction_deg":null}},{"type":"Feature","geometry":{"type":"Point","coordinates":[-49.239618,-16.675661]},"properties":{"kind":"FIXED","limit_kmh":60,"source":"INMETRO+OSM","active":true,"direction_deg":null}},{"type":"Feature","geometry":{"type":"Point","coordinates":[-49.297949,-16.674008]},"properties":{"kind":"FIXED","limit_kmh":50,"source":"OSM","active":true,"direction_deg":null}},{"type":"Feature","geometry":{"type":"Point","coordinates":[-49.299996,-16.673469]},"properties":{"kind":"FIXED","limit_kmh":50,"source":"OSM","active":true,"direction_deg":null}},{"type":"Feature","geometry":{"type":"Point","coordinates":[-49.385808,-16.672133]},"properties":{"kind":"FIXED","limit_kmh":50,"source":"OSM","active":true,"direction_deg":null}},{"type":"Feature","geometry":{"type":"Point","coordinates":[-49.385914,-16.671774]},"properties":{"kind":"FIXED","limit_kmh":50,"source":"OSM","active":true,"direction_deg":null}},{"type":"Feature","geometry":{"type":"Point","coordinates":[-49.228004,-16.671325]},"properties":{"kind":"FIXED","limit_kmh":null,"source":"OSM","active":true,"direction_deg":null}},{"type":"Feature","geometry":{"type":"Point","coordinates":[-49.31837,-16.668042]},"properties":{"kind":"FIXED","limit_kmh":50,"source":"OSM","active":true,"direction_deg":null}},{"type":"Feature","geometry":{"type":"Point","coordinates":[-48.611536,-16.664524]},"properties":{"kind":"FIXED","limit_kmh":40,"source":"DER-GO","active":true,"direction_deg":204}},{"type":"Feature","geometry":{"type":"Point","coordinates":[-48.611545,-16.664344]},"properties":{"kind":"FIXED","limit_kmh":40,"source":"DER-GO","active":true,"direction_deg":24}},{"type":"Feature","geometry":{"type":"Point","coordinates":[-49.126961,-16.663678]},"properties":{"kind":"FIXED","limit_kmh":40,"source":"OSM","active":true,"direction_deg":null}},{"type":"Feature","geometry":{"type":"Point","coordinates":[-49.327683,-16.662256]},"properties":{"kind":"FIXED","limit_kmh":50,"source":"INMETRO","active":true,"direction_deg":null}},{"type":"Feature","geometry":{"type":"Point","coordinates":[-49.221857,-16.661412]},"properties":{"kind":"FIXED","limit_kmh":null,"source":"OSM","active":true,"direction_deg":null}},{"type":"Feature","geometry":{"type":"Point","coordinates":[-49.221708,-16.661198]},"properties":{"kind":"FIXED","limit_kmh":80,"source":"OSM","active":true,"direction_deg":null}},{"type":"Feature","geometry":{"type":"Point","coordinates":[-49.481778,-16.661017]},"properties":{"kind":"FIXED","limit_kmh":40,"source":"DER-GO","active":true,"direction_deg":329}},{"type":"Feature","geometry":{"type":"Point","coordinates":[-49.332321,-16.660267]},"properties":{"kind":"FIXED","limit_kmh":40,"source":"DER-GO","active":true,"direction_deg":92}},{"type":"Feature","geometry":{"type":"Point","coordinates":[-49.21046,-16.660058]},"properties":{"kind":"FIXED","limit_kmh":40,"source":"DER-GO","active":true,"direction_deg":null}},{"type":"Feature","geometry":{"type":"Point","coordinates":[-49.343006,-16.659958]},"properties":{"kind":"FIXED","limit_kmh":40,"source":"DER-GO","active":true,"direction_deg":92}},{"type":"Feature","geometry":{"type":"Point","coordinates":[-49.482445,-16.659939]},"properties":{"kind":"FIXED","limit_kmh":40,"source":"DER-GO","active":true,"direction_deg":154}},{"type":"Feature","geometry":{"type":"Point","coordinates":[-49.342131,-16.659844]},"properties":{"kind":"FIXED","limit_kmh":40,"source":"DER-GO","active":true,"direction_deg":272}},{"type":"Feature","geometry":{"type":"Point","coordinates":[-49.361972,-16.659358]},"properties":{"kind":"FIXED","limit_kmh":60,"source":"DER-GO","active":true,"direction_deg":83}},{"type":"Feature","geometry":{"type":"Point","coordinates":[-49.359503,-16.659177]},"properties":{"kind":"FIXED","limit_kmh":40,"source":"DER-GO","active":true,"direction_deg":272}},{"type":"Feature","geometry":{"type":"Point","coordinates":[-49.203963,-16.657033]},"properties":{"kind":"FIXED","limit_kmh":40,"source":"DER-GO","active":true,"direction_deg":null}},{"type":"Feature","geometry":{"type":"Point","coordinates":[-49.205079,-16.657027]},"properties":{"kind":"FIXED","limit_kmh":40,"source":"OSM","active":true,"direction_deg":null}},{"type":"Feature","geometry":{"type":"Point","coordinates":[-49.204622,-16.656982]},"properties":{"kind":"FIXED","limit_kmh":40,"source":"OSM","active":true,"direction_deg":null}},{"type":"Feature","geometry":{"type":"Point","coordinates":[-49.379193,-16.65673]},"properties":{"kind":"FIXED","limit_kmh":50,"source":"DER-GO","active":true,"direction_deg":282}},{"type":"Feature","geometry":{"type":"Point","coordinates":[-49.385622,-16.655455]},"properties":{"kind":"FIXED","limit_kmh":40,"source":"DER-GO","active":true,"direction_deg":282}},{"type":"Feature","geometry":{"type":"Point","coordinates":[-49.218045,-16.655445]},"properties":{"kind":"FIXED","limit_kmh":80,"source":"OSM","active":true,"direction_deg":null}},{"type":"Feature","geometry":{"type":"Point","coordinates":[-49.385926,-16.655404]},"properties":{"kind":"FIXED","limit_kmh":40,"source":"DER-GO","active":true,"direction_deg":103}},{"type":"Feature","geometry":{"type":"Point","coordinates":[-49.395372,-16.653624]},"properties":{"kind":"FIXED","limit_kmh":80,"source":"DER-GO","active":true,"direction_deg":102}},{"type":"Feature","geometry":{"type":"Point","coordinates":[-48.604869,-16.652082]},"properties":{"kind":"FIXED","limit_kmh":40,"source":"DER-GO","active":true,"direction_deg":null}},{"type":"Feature","geometry":{"type":"Point","coordinates":[-49.33306,-16.651769]},"properties":{"kind":"FIXED","limit_kmh":60,"source":"DER-GO","active":true,"direction_deg":325}},{"type":"Feature","geometry":{"type":"Point","coordinates":[-49.484466,-16.651148]},"properties":{"kind":"FIXED","limit_kmh":40,"source":"DER-GO","active":true,"direction_deg":213}},{"type":"Feature","geometry":{"type":"Point","coordinates":[-49.484519,-16.651126]},"properties":{"kind":"FIXED","limit_kmh":40,"source":"DER-GO","active":true,"direction_deg":213}},{"type":"Feature","geometry":{"type":"Point","coordinates":[-49.334046,-16.650838]},"properties":{"kind":"FIXED","limit_kmh":60,"source":"DER-GO","active":true,"direction_deg":144}},{"type":"Feature","geometry":{"type":"Point","coordinates":[-49.326701,-16.650835]},"properties":{"kind":"FIXED","limit_kmh":60,"source":"OSM","active":true,"direction_deg":null}},{"type":"Feature","geometry":{"type":"Point","coordinates":[-49.162609,-16.650533]},"properties":{"kind":"FIXED","limit_kmh":60,"source":"DER-GO","active":true,"direction_deg":83}},{"type":"Feature","geometry":{"type":"Point","coordinates":[-49.326254,-16.650464]},"properties":{"kind":"FIXED","limit_kmh":60,"source":"OSM","active":true,"direction_deg":null}},{"type":"Feature","geometry":{"type":"Point","coordinates":[-49.1614,-16.649916]},"properties":{"kind":"FIXED","limit_kmh":40,"source":"DER-GO","active":true,"direction_deg":260}},{"type":"Feature","geometry":{"type":"Point","coordinates":[-49.214351,-16.649724]},"properties":{"kind":"FIXED","limit_kmh":80,"source":"OSM","active":true,"direction_deg":null}},{"type":"Feature","geometry":{"type":"Point","coordinates":[-49.416328,-16.649236]},"properties":{"kind":"FIXED","limit_kmh":60,"source":"DER-GO","active":true,"direction_deg":282}},{"type":"Feature","geometry":{"type":"Point","coordinates":[-49.312842,-16.648862]},"properties":{"kind":"FIXED","limit_kmh":50,"source":"OSM","active":true,"direction_deg":null}},{"type":"Feature","geometry":{"type":"Point","coordinates":[-49.155643,-16.64885]},"properties":{"kind":"FIXED","limit_kmh":40,"source":"DER-GO","active":true,"direction_deg":250}},{"type":"Feature","geometry":{"type":"Point","coordinates":[-48.356619,-16.648494]},"properties":{"kind":"FIXED","limit_kmh":80,"source":"DER-GO","active":true,"direction_deg":321}},{"type":"Feature","geometry":{"type":"Point","coordinates":[-49.296818,-16.648414]},"properties":{"kind":"FIXED","limit_kmh":40,"source":"OSM","active":true,"direction_deg":null}},{"type":"Feature","geometry":{"type":"Point","coordinates":[-49.150276,-16.647957]},"properties":{"kind":"FIXED","limit_kmh":40,"source":"DER-GO","active":true,"direction_deg":78}},{"type":"Feature","geometry":{"type":"Point","coordinates":[-49.499094,-16.647954]},"properties":{"kind":"FIXED","limit_kmh":40,"source":"DER-GO","active":true,"direction_deg":84}},{"type":"Feature","geometry":{"type":"Point","coordinates":[-49.4991,-16.647882]},"properties":{"kind":"FIXED","limit_kmh":40,"source":"DER-GO","active":true,"direction_deg":264}},{"type":"Feature","geometry":{"type":"Point","coordinates":[-49.147729,-16.647162]},"properties":{"kind":"FIXED","limit_kmh":40,"source":"DER-GO","active":true,"direction_deg":253}},{"type":"Feature","geometry":{"type":"Point","coordinates":[-49.336661,-16.647054]},"properties":{"kind":"FIXED","limit_kmh":40,"source":"DER-GO+OSM","active":true,"direction_deg":324}},{"type":"Feature","geometry":{"type":"Point","coordinates":[-49.33699,-16.646773]},"properties":{"kind":"FIXED","limit_kmh":40,"source":"DER-GO","active":true,"direction_deg":144}},{"type":"Feature","geometry":{"type":"Point","coordinates":[-49.506557,-16.646744]},"properties":{"kind":"FIXED","limit_kmh":40,"source":"DER-GO","active":true,"direction_deg":282}},{"type":"Feature","geometry":{"type":"Point","coordinates":[-49.337219,-16.646605]},"properties":{"kind":"FIXED","limit_kmh":40,"source":"OSM","active":true,"direction_deg":null}},{"type":"Feature","geometry":{"type":"Point","coordinates":[-49.433798,-16.646515]},"properties":{"kind":"FIXED","limit_kmh":40,"source":"DER-GO+OSM","active":true,"direction_deg":99}},{"type":"Feature","geometry":{"type":"Point","coordinates":[-49.433169,-16.646454]},"properties":{"kind":"FIXED","limit_kmh":40,"source":"DER-GO","active":true,"direction_deg":280}},{"type":"Feature","geometry":{"type":"Point","coordinates":[-48.713773,-16.646065]},"properties":{"kind":"FIXED","limit_kmh":40,"source":"DER-GO","active":true,"direction_deg":281}},{"type":"Feature","geometry":{"type":"Point","coordinates":[-49.265435,-16.646056]},"properties":{"kind":"FIXED","limit_kmh":50,"source":"OSM","active":true,"direction_deg":null}},{"type":"Feature","geometry":{"type":"Point","coordinates":[-49.437275,-16.645905]},"properties":{"kind":"FIXED","limit_kmh":60,"source":"DER-GO","active":true,"direction_deg":279}},{"type":"Feature","geometry":{"type":"Point","coordinates":[-49.308888,-16.64587]},"properties":{"kind":"FIXED","limit_kmh":50,"source":"OSM","active":true,"direction_deg":null}},{"type":"Feature","geometry":{"type":"Point","coordinates":[-49.439332,-16.64572]},"properties":{"kind":"FIXED","limit_kmh":60,"source":"DER-GO","active":true,"direction_deg":99}},{"type":"Feature","geometry":{"type":"Point","coordinates":[-49.482702,-16.645711]},"properties":{"kind":"FIXED","limit_kmh":40,"source":"DER-GO","active":true,"direction_deg":87}},{"type":"Feature","geometry":{"type":"Point","coordinates":[-49.266368,-16.64569]},"properties":{"kind":"FIXED","limit_kmh":50,"source":"OSM","active":true,"direction_deg":null}},{"type":"Feature","geometry":{"type":"Point","coordinates":[-48.716105,-16.645665]},"properties":{"kind":"FIXED","limit_kmh":40,"source":"DER-GO","active":true,"direction_deg":99}},{"type":"Feature","geometry":{"type":"Point","coordinates":[-49.51267,-16.645387]},"properties":{"kind":"FIXED","limit_kmh":40,"source":"DER-GO","active":true,"direction_deg":292}},{"type":"Feature","geometry":{"type":"Point","coordinates":[-49.478926,-16.645347]},"properties":{"kind":"FIXED","limit_kmh":40,"source":"DER-GO","active":true,"direction_deg":266}},{"type":"Feature","geometry":{"type":"Point","coordinates":[-49.338927,-16.644612]},"properties":{"kind":"FIXED","limit_kmh":40,"source":"DER-GO","active":true,"direction_deg":143}},{"type":"Feature","geometry":{"type":"Point","coordinates":[-49.515203,-16.644554]},"properties":{"kind":"FIXED","limit_kmh":40,"source":"DER-GO","active":true,"direction_deg":111}},{"type":"Feature","geometry":{"type":"Point","coordinates":[-49.464596,-16.644482]},"properties":{"kind":"FIXED","limit_kmh":40,"source":"DER-GO","active":true,"direction_deg":267}},{"type":"Feature","geometry":{"type":"Point","coordinates":[-49.460269,-16.644347]},"properties":{"kind":"FIXED","limit_kmh":60,"source":"DER-GO","active":true,"direction_deg":86}},{"type":"Feature","geometry":{"type":"Point","coordinates":[-49.209843,-16.64402]},"properties":{"kind":"FIXED","limit_kmh":80,"source":"OSM","active":true,"direction_deg":null}},{"type":"Feature","geometry":{"type":"Point","coordinates":[-49.242299,-16.643981]},"properties":{"kind":"FIXED","limit_kmh":50,"source":"OSM","active":true,"direction_deg":null}},{"type":"Feature","geometry":{"type":"Point","coordinates":[-49.288168,-16.643721]},"properties":{"kind":"FIXED","limit_kmh":50,"source":"OSM","active":true,"direction_deg":null}},{"type":"Feature","geometry":{"type":"Point","coordinates":[-49.479722,-16.643635]},"properties":{"kind":"FIXED","limit_kmh":40,"source":"DER-GO","active":true,"direction_deg":null}},{"type":"Feature","geometry":{"type":"Point","coordinates":[-48.3591,-16.640945]},"properties":{"kind":"FIXED","limit_kmh":80,"source":"DER-GO","active":true,"direction_deg":170}},{"type":"Feature","geometry":{"type":"Point","coordinates":[-49.524489,-16.640639]},"properties":{"kind":"FIXED","limit_kmh":40,"source":"DER-GO+OSM","active":true,"direction_deg":293}},{"type":"Feature","geometry":{"type":"Point","coordinates":[-49.525441,-16.640374]},"properties":{"kind":"FIXED","limit_kmh":40,"source":"DER-GO","active":true,"direction_deg":113}},{"type":"Feature","geometry":{"type":"Point","coordinates":[-49.28433,-16.638233]},"properties":{"kind":"FIXED","limit_kmh":50,"source":"OSM","active":true,"direction_deg":null}},{"type":"Feature","geometry":{"type":"Point","coordinates":[-49.473616,-16.635653]},"properties":{"kind":"FIXED","limit_kmh":40,"source":"DER-GO","active":true,"direction_deg":33}},{"type":"Feature","geometry":{"type":"Point","coordinates":[-49.282916,-16.635276]},"properties":{"kind":"FIXED","limit_kmh":60,"source":"OSM","active":true,"direction_deg":null}},{"type":"Feature","geometry":{"type":"Point","coordinates":[-49.237372,-16.635204]},"properties":{"kind":"FIXED","limit_kmh":50,"source":"OSM","active":true,"direction_deg":null}},{"type":"Feature","geometry":{"type":"Point","coordinates":[-49.472776,-16.634772]},"properties":{"kind":"FIXED","limit_kmh":40,"source":"DER-GO","active":true,"direction_deg":243}},{"type":"Feature","geometry":{"type":"Point","coordinates":[-49.3466,-16.634562]},"properties":{"kind":"FIXED","limit_kmh":60,"source":"OSM","active":true,"direction_deg":null}},{"type":"Feature","geometry":{"type":"Point","coordinates":[-49.205112,-16.634335]},"properties":{"kind":"FIXED","limit_kmh":80,"source":"OSM","active":true,"direction_deg":null}},{"type":"Feature","geometry":{"type":"Point","coordinates":[-49.346377,-16.634251]},"properties":{"kind":"FIXED","limit_kmh":80,"source":"DER-GO+OSM","active":true,"direction_deg":324}},{"type":"Feature","geometry":{"type":"Point","coordinates":[-49.347522,-16.633031]},"properties":{"kind":"FIXED","limit_kmh":80,"source":"DER-GO+OSM","active":true,"direction_deg":144}},{"type":"Feature","geometry":{"type":"Point","coordinates":[-48.742277,-16.630692]},"properties":{"kind":"FIXED","limit_kmh":80,"source":"DER-GO+OSM","active":true,"direction_deg":null}},{"type":"Feature","geometry":{"type":"Point","coordinates":[-48.895664,-16.627527]},"properties":{"kind":"FIXED","limit_kmh":60,"source":"DER-GO","active":true,"direction_deg":75}},{"type":"Feature","geometry":{"type":"Point","coordinates":[-48.757177,-16.627099]},"properties":{"kind":"FIXED","limit_kmh":40,"source":"DER-GO+OSM","active":true,"direction_deg":null}},{"type":"Feature","geometry":{"type":"Point","coordinates":[-48.89267,-16.62709]},"properties":{"kind":"FIXED","limit_kmh":60,"source":"DER-GO","active":true,"direction_deg":282}},{"type":"Feature","geometry":{"type":"Point","coordinates":[-49.352321,-16.626444]},"properties":{"kind":"FIXED","limit_kmh":80,"source":"DER-GO+OSM","active":true,"direction_deg":324}},{"type":"Feature","geometry":{"type":"Point","coordinates":[-49.352917,-16.626025]},"properties":{"kind":"FIXED","limit_kmh":60,"source":"DER-GO","active":true,"direction_deg":144}},{"type":"Feature","geometry":{"type":"Point","coordinates":[-48.887684,-16.625962]},"properties":{"kind":"FIXED","limit_kmh":60,"source":"DER-GO","active":true,"direction_deg":217}},{"type":"Feature","geometry":{"type":"Point","coordinates":[-49.4603,-16.625185]},"properties":{"kind":"FIXED","limit_kmh":60,"source":"DER-GO","active":true,"direction_deg":42}},{"type":"Feature","geometry":{"type":"Point","coordinates":[-49.460354,-16.625142]},"properties":{"kind":"FIXED","limit_kmh":60,"source":"DER-GO","active":true,"direction_deg":222}},{"type":"Feature","geometry":{"type":"Point","coordinates":[-48.967529,-16.621502]},"properties":{"kind":"FIXED","limit_kmh":40,"source":"DER-GO","active":true,"direction_deg":null}},{"type":"Feature","geometry":{"type":"Point","coordinates":[-49.356453,-16.621074]},"properties":{"kind":"FIXED","limit_kmh":40,"source":"DER-GO","active":true,"direction_deg":324}},{"type":"Feature","geometry":{"type":"Point","coordinates":[-49.212918,-16.620724]},"properties":{"kind":"FIXED","limit_kmh":40,"source":"OSM","active":true,"direction_deg":null}},{"type":"Feature","geometry":{"type":"Point","coordinates":[-49.602489,-16.619572]},"properties":{"kind":"FIXED","limit_kmh":80,"source":"OSM","active":true,"direction_deg":null}},{"type":"Feature","geometry":{"type":"Point","coordinates":[-49.600783,-16.619192]},"properties":{"kind":"FIXED","limit_kmh":80,"source":"DER-GO","active":true,"direction_deg":79}},{"type":"Feature","geometry":{"type":"Point","coordinates":[-49.28378,-16.619036]},"properties":{"kind":"FIXED","limit_kmh":40,"source":"DER-GO","active":true,"direction_deg":null}},{"type":"Feature","geometry":{"type":"Point","coordinates":[-49.597436,-16.618655]},"properties":{"kind":"FIXED","limit_kmh":80,"source":"DER-GO","active":true,"direction_deg":264}},{"type":"Feature","geometry":{"type":"Point","coordinates":[-49.358837,-16.618398]},"properties":{"kind":"FIXED","limit_kmh":40,"source":"DER-GO","active":true,"direction_deg":144}},{"type":"Feature","geometry":{"type":"Point","coordinates":[-48.973068,-16.617702]},"properties":{"kind":"FIXED","limit_kmh":40,"source":"DER-GO","active":true,"direction_deg":null}},{"type":"Feature","geometry":{"type":"Point","coordinates":[-49.243808,-16.61706]},"properties":{"kind":"FIXED","limit_kmh":60,"source":"DER-GO","active":true,"direction_deg":null}},{"type":"Feature","geometry":{"type":"Point","coordinates":[-48.95002,-16.616875]},"properties":{"kind":"FIXED","limit_kmh":40,"source":"DER-GO","active":true,"direction_deg":254}},{"type":"Feature","geometry":{"type":"Point","coordinates":[-49.106253,-16.616202]},"properties":{"kind":"FIXED","limit_kmh":40,"source":"DER-GO+OSM","active":true,"direction_deg":null}},{"type":"Feature","geometry":{"type":"Point","coordinates":[-49.106533,-16.616051]},"properties":{"kind":"FIXED","limit_kmh":40,"source":"OSM","active":true,"direction_deg":null}},{"type":"Feature","geometry":{"type":"Point","coordinates":[-48.78379,-16.615076]},"properties":{"kind":"FIXED","limit_kmh":60,"source":"DER-GO+OSM","active":true,"direction_deg":null}},{"type":"Feature","geometry":{"type":"Point","coordinates":[-49.243614,-16.613634]},"properties":{"kind":"FIXED","limit_kmh":60,"source":"DER-GO","active":true,"direction_deg":null}},{"type":"Feature","geometry":{"type":"Point","coordinates":[-49.094994,-16.612635]},"properties":{"kind":"FIXED","limit_kmh":60,"source":"DER-GO","active":true,"direction_deg":71}},{"type":"Feature","geometry":{"type":"Point","coordinates":[-49.087528,-16.612157]},"properties":{"kind":"FIXED","limit_kmh":60,"source":"DER-GO","active":true,"direction_deg":294}},{"type":"Feature","geometry":{"type":"Point","coordinates":[-49.283078,-16.611308]},"properties":{"kind":"FIXED","limit_kmh":60,"source":"DER-GO","active":true,"direction_deg":4}},{"type":"Feature","geometry":{"type":"Point","coordinates":[-50.133296,-16.6108]},"properties":{"kind":"FIXED","limit_kmh":40,"source":"DER-GO","active":true,"direction_deg":335}},{"type":"Feature","geometry":{"type":"Point","coordinates":[-50.133167,-16.610549]},"properties":{"kind":"FIXED","limit_kmh":40,"source":"DER-GO","active":true,"direction_deg":155}},{"type":"Feature","geometry":{"type":"Point","coordinates":[-49.365445,-16.60938]},"properties":{"kind":"FIXED","limit_kmh":60,"source":"DER-GO+OSM","active":true,"direction_deg":325}},{"type":"Feature","geometry":{"type":"Point","coordinates":[-49.365377,-16.609243]},"properties":{"kind":"FIXED","limit_kmh":80,"source":"DER-GO","active":true,"direction_deg":146}},{"type":"Feature","geometry":{"type":"Point","coordinates":[-50.13458,-16.60743]},"properties":{"kind":"FIXED","limit_kmh":40,"source":"DER-GO+OSM","active":true,"direction_deg":null}},{"type":"Feature","geometry":{"type":"Point","coordinates":[-49.634882,-16.603352]},"properties":{"kind":"FIXED","limit_kmh":80,"source":"DER-GO","active":true,"direction_deg":93}},{"type":"Feature","geometry":{"type":"Point","coordinates":[-49.633283,-16.603337]},"properties":{"kind":"FIXED","limit_kmh":80,"source":"DER-GO+OSM","active":true,"direction_deg":275}},{"type":"Feature","geometry":{"type":"Point","coordinates":[-49.243802,-16.603102]},"properties":{"kind":"FIXED","limit_kmh":80,"source":"DER-GO+OSM","active":true,"direction_deg":359}},{"type":"Feature","geometry":{"type":"Point","coordinates":[-49.280427,-16.603078]},"properties":{"kind":"FIXED","limit_kmh":60,"source":"DER-GO","active":true,"direction_deg":212}},{"type":"Feature","geometry":{"type":"Point","coordinates":[-49.367379,-16.601972]},"properties":{"kind":"FIXED","limit_kmh":60,"source":"DER-GO+OSM","active":true,"direction_deg":338}},{"type":"Feature","geometry":{"type":"Point","coordinates":[-49.259245,-16.600792]},"properties":{"kind":"FIXED","limit_kmh":50,"source":"OSM","active":true,"direction_deg":null}},{"type":"Feature","geometry":{"type":"Point","coordinates":[-49.6506,-16.600176]},"properties":{"kind":"FIXED","limit_kmh":40,"source":"DER-GO","active":true,"direction_deg":287}},{"type":"Feature","geometry":{"type":"Point","coordinates":[-49.653675,-16.599382]},"properties":{"kind":"FIXED","limit_kmh":40,"source":"DER-GO","active":true,"direction_deg":106}},{"type":"Feature","geometry":{"type":"Point","coordinates":[-49.277892,-16.599374]},"properties":{"kind":"FIXED","limit_kmh":40,"source":"DER-GO","active":true,"direction_deg":37}},{"type":"Feature","geometry":{"type":"Point","coordinates":[-49.244102,-16.599322]},"properties":{"kind":"FIXED","limit_kmh":60,"source":"DER-GO","active":true,"direction_deg":179}},{"type":"Feature","geometry":{"type":"Point","coordinates":[-49.277091,-16.598089]},"properties":{"kind":"FIXED","limit_kmh":40,"source":"DER-GO","active":true,"direction_deg":210}},{"type":"Feature","geometry":{"type":"Point","coordinates":[-50.303044,-16.592377]},"properties":{"kind":"FIXED","limit_kmh":40,"source":"DER-GO","active":true,"direction_deg":358}},{"type":"Feature","geometry":{"type":"Point","coordinates":[-49.88281,-16.59221]},"properties":{"kind":"FIXED","limit_kmh":40,"source":"DER-GO+OSM","active":true,"direction_deg":null}},{"type":"Feature","geometry":{"type":"Point","coordinates":[-50.303106,-16.592023]},"properties":{"kind":"FIXED","limit_kmh":40,"source":"DER-GO","active":true,"direction_deg":178}},{"type":"Feature","geometry":{"type":"Point","coordinates":[-49.243936,-16.591432]},"properties":{"kind":"FIXED","limit_kmh":40,"source":"DER-GO","active":true,"direction_deg":0}},{"type":"Feature","geometry":{"type":"Point","coordinates":[-49.378386,-16.591101]},"properties":{"kind":"FIXED","limit_kmh":60,"source":"OSM","active":true,"direction_deg":null}},{"type":"Feature","geometry":{"type":"Point","coordinates":[-49.378743,-16.590904]},"properties":{"kind":"FIXED","limit_kmh":60,"source":"DER-GO","active":true,"direction_deg":304}},{"type":"Feature","geometry":{"type":"Point","coordinates":[-49.379725,-16.590724]},"properties":{"kind":"FIXED","limit_kmh":60,"source":"DER-GO","active":true,"direction_deg":125}},{"type":"Feature","geometry":{"type":"Point","coordinates":[-49.889607,-16.590595]},"properties":{"kind":"FIXED","limit_kmh":40,"source":"DER-GO","active":true,"direction_deg":285}},{"type":"Feature","geometry":{"type":"Point","coordinates":[-49.890301,-16.590445]},"properties":{"kind":"FIXED","limit_kmh":null,"source":"OSM","active":true,"direction_deg":null}},{"type":"Feature","geometry":{"type":"Point","coordinates":[-49.380215,-16.590298]},"properties":{"kind":"FIXED","limit_kmh":60,"source":"OSM","active":true,"direction_deg":null}},{"type":"Feature","geometry":{"type":"Point","coordinates":[-49.892435,-16.58992]},"properties":{"kind":"FIXED","limit_kmh":null,"source":"OSM","active":true,"direction_deg":null}},{"type":"Feature","geometry":{"type":"Point","coordinates":[-49.892797,-16.5899]},"properties":{"kind":"FIXED","limit_kmh":40,"source":"DER-GO","active":true,"direction_deg":104}},{"type":"Feature","geometry":{"type":"Point","coordinates":[-49.24429,-16.588531]},"properties":{"kind":"FIXED","limit_kmh":40,"source":"DER-GO","active":true,"direction_deg":179}},{"type":"Feature","geometry":{"type":"Point","coordinates":[-48.345858,-16.58789]},"properties":{"kind":"FIXED","limit_kmh":60,"source":"DER-GO","active":true,"direction_deg":null}},{"type":"Feature","geometry":{"type":"Point","coordinates":[-49.382823,-16.5873]},"properties":{"kind":"FIXED","limit_kmh":80,"source":"DER-GO","active":true,"direction_deg":144}},{"type":"Feature","geometry":{"type":"Point","coordinates":[-49.382518,-16.58715]},"properties":{"kind":"FIXED","limit_kmh":80,"source":"DER-GO","active":true,"direction_deg":324}},{"type":"Feature","geometry":{"type":"Point","coordinates":[-49.70072,-16.5845]},"properties":{"kind":"FIXED","limit_kmh":40,"source":"DER-GO+OSM","active":true,"direction_deg":302}},{"type":"Feature","geometry":{"type":"Point","coordinates":[-49.70405,-16.58265]},"properties":{"kind":"FIXED","limit_kmh":40,"source":"DER-GO+OSM","active":true,"direction_deg":122}},{"type":"Feature","geometry":{"type":"Point","coordinates":[-49.183314,-16.58141]},"properties":{"kind":"FIXED","limit_kmh":80,"source":"OSM","active":true,"direction_deg":null}},{"type":"Feature","geometry":{"type":"Point","coordinates":[-49.178258,-16.581401]},"properties":{"kind":"FIXED","limit_kmh":80,"source":"OSM","active":true,"direction_deg":null}},{"type":"Feature","geometry":{"type":"Point","coordinates":[-50.291028,-16.578895]},"properties":{"kind":"FIXED","limit_kmh":60,"source":"DER-GO","active":true,"direction_deg":112}},{"type":"Feature","geometry":{"type":"Point","coordinates":[-49.38894,-16.578671]},"properties":{"kind":"FIXED","limit_kmh":40,"source":"DER-GO+OSM","active":true,"direction_deg":325}},{"type":"Feature","geometry":{"type":"Point","coordinates":[-49.389577,-16.578297]},"properties":{"kind":"FIXED","limit_kmh":40,"source":"DER-GO","active":true,"direction_deg":146}},{"type":"Feature","geometry":{"type":"Point","coordinates":[-49.389768,-16.578022]},"properties":{"kind":"FIXED","limit_kmh":40,"source":"OSM","active":true,"direction_deg":null}},{"type":"Feature","geometry":{"type":"Point","coordinates":[-49.244444,-16.576111]},"properties":{"kind":"FIXED","limit_kmh":80,"source":"DER-GO+OSM","active":true,"direction_deg":179}},{"type":"Feature","geometry":{"type":"Point","coordinates":[-49.695491,-16.575848]},"properties":{"kind":"FIXED","limit_kmh":40,"source":"DER-GO","active":true,"direction_deg":null}},{"type":"Feature","geometry":{"type":"Point","coordinates":[-50.300682,-16.574808]},"properties":{"kind":"FIXED","limit_kmh":40,"source":"DER-GO","active":true,"direction_deg":null}},{"type":"Feature","geometry":{"type":"Point","coordinates":[-49.413973,-16.574076]},"properties":{"kind":"FIXED","limit_kmh":60,"source":"DER-GO","active":true,"direction_deg":23}},{"type":"Feature","geometry":{"type":"Point","coordinates":[-49.414036,-16.574056]},"properties":{"kind":"FIXED","limit_kmh":60,"source":"DER-GO","active":true,"direction_deg":203}},{"type":"Feature","geometry":{"type":"Point","coordinates":[-49.244129,-16.574003]},"properties":{"kind":"FIXED","limit_kmh":80,"source":"OSM","active":true,"direction_deg":null}},{"type":"Feature","geometry":{"type":"Point","coordinates":[-49.244205,-16.573604]},"properties":{"kind":"FIXED","limit_kmh":80,"source":"DER-GO","active":true,"direction_deg":0}},{"type":"Feature","geometry":{"type":"Point","coordinates":[-50.304106,-16.572697]},"properties":{"kind":"FIXED","limit_kmh":40,"source":"DER-GO","active":true,"direction_deg":null}},{"type":"Feature","geometry":{"type":"Point","coordinates":[-49.728907,-16.572332]},"properties":{"kind":"FIXED","limit_kmh":80,"source":"DER-GO","active":true,"direction_deg":89}},{"type":"Feature","geometry":{"type":"Point","coordinates":[-49.728633,-16.572232]},"properties":{"kind":"FIXED","limit_kmh":80,"source":"OSM","active":true,"direction_deg":null}},{"type":"Feature","geometry":{"type":"Point","coordinates":[-49.725791,-16.572179]},"properties":{"kind":"FIXED","limit_kmh":80,"source":"OSM","active":true,"direction_deg":null}},{"type":"Feature","geometry":{"type":"Point","coordinates":[-49.727344,-16.572151]},"properties":{"kind":"FIXED","limit_kmh":80,"source":"DER-GO","active":true,"direction_deg":269}},{"type":"Feature","geometry":{"type":"Point","coordinates":[-49.396454,-16.568753]},"properties":{"kind":"FIXED","limit_kmh":60,"source":"DER-GO+OSM","active":true,"direction_deg":326}},{"type":"Feature","geometry":{"type":"Point","coordinates":[-49.266201,-16.567894]},"properties":{"kind":"FIXED","limit_kmh":80,"source":"DER-GO","active":true,"direction_deg":167}},{"type":"Feature","geometry":{"type":"Point","coordinates":[-49.266195,-16.567554]},"properties":{"kind":"FIXED","limit_kmh":80,"source":"DER-GO","active":true,"direction_deg":347}},{"type":"Feature","geometry":{"type":"Point","coordinates":[-49.398912,-16.565964]},"properties":{"kind":"FIXED","limit_kmh":60,"source":"DER-GO","active":true,"direction_deg":140}},{"type":"Feature","geometry":{"type":"Point","coordinates":[-49.773714,-16.565833]},"properties":{"kind":"FIXED","limit_kmh":60,"source":"DER-GO","active":true,"direction_deg":null}},{"type":"Feature","geometry":{"type":"Point","coordinates":[-49.399171,-16.565801]},"properties":{"kind":"FIXED","limit_kmh":60,"source":"OSM","active":true,"direction_deg":null}},{"type":"Feature","geometry":{"type":"Point","coordinates":[-49.771308,-16.564306]},"properties":{"kind":"FIXED","limit_kmh":40,"source":"DER-GO","active":true,"direction_deg":null}},{"type":"Feature","geometry":{"type":"Point","coordinates":[-50.319322,-16.562342]},"properties":{"kind":"FIXED","limit_kmh":40,"source":"DER-GO","active":true,"direction_deg":125}},{"type":"Feature","geometry":{"type":"Point","coordinates":[-50.321023,-16.561238]},"properties":{"kind":"FIXED","limit_kmh":40,"source":"DER-GO","active":true,"direction_deg":304}},{"type":"Feature","geometry":{"type":"Point","coordinates":[-49.241146,-16.557759]},"properties":{"kind":"FIXED","limit_kmh":60,"source":"DER-GO","active":true,"direction_deg":28}},{"type":"Feature","geometry":{"type":"Point","coordinates":[-49.241559,-16.557683]},"properties":{"kind":"FIXED","limit_kmh":60,"source":"DER-GO","active":true,"direction_deg":208}},{"type":"Feature","geometry":{"type":"Point","coordinates":[-49.405888,-16.556434]},"properties":{"kind":"FIXED","limit_kmh":60,"source":"DER-GO","active":true,"direction_deg":337}},{"type":"Feature","geometry":{"type":"Point","coordinates":[-49.406828,-16.554943]},"properties":{"kind":"FIXED","limit_kmh":60,"source":"DER-GO","active":true,"direction_deg":168}},{"type":"Feature","geometry":{"type":"Point","coordinates":[-49.152621,-16.554274]},"properties":{"kind":"FIXED","limit_kmh":80,"source":"OSM","active":true,"direction_deg":null}},{"type":"Feature","geometry":{"type":"Point","coordinates":[-49.035986,-16.548767]},"properties":{"kind":"FIXED","limit_kmh":40,"source":"DER-GO","active":true,"direction_deg":null}},{"type":"Feature","geometry":{"type":"Point","coordinates":[-49.266735,-16.54814]},"properties":{"kind":"FIXED","limit_kmh":60,"source":"DER-GO","active":true,"direction_deg":null}},{"type":"Feature","geometry":{"type":"Point","coordinates":[-49.403804,-16.545837]},"properties":{"kind":"FIXED","limit_kmh":40,"source":"DER-GO","active":true,"direction_deg":20}},{"type":"Feature","geometry":{"type":"Point","coordinates":[-49.403826,-16.544814]},"properties":{"kind":"FIXED","limit_kmh":40,"source":"DER-GO","active":true,"direction_deg":196}},{"type":"Feature","geometry":{"type":"Point","coordinates":[-49.149759,-16.542459]},"properties":{"kind":"FIXED","limit_kmh":80,"source":"OSM","active":true,"direction_deg":null}},{"type":"Feature","geometry":{"type":"Point","coordinates":[-50.348632,-16.542389]},"properties":{"kind":"FIXED","limit_kmh":80,"source":"OSM","active":true,"direction_deg":null}},{"type":"Feature","geometry":{"type":"Point","coordinates":[-50.348875,-16.542219]},"properties":{"kind":"FIXED","limit_kmh":60,"source":"DER-GO","active":true,"direction_deg":312}},{"type":"Feature","geometry":{"type":"Point","coordinates":[-50.350512,-16.541228]},"properties":{"kind":"FIXED","limit_kmh":60,"source":"DER-GO","active":true,"direction_deg":114}},{"type":"Feature","geometry":{"type":"Point","coordinates":[-47.797611,-16.539333]},"properties":{"kind":"FIXED","limit_kmh":60,"source":"DNIT","active":true,"direction_deg":null}},{"type":"Feature","geometry":{"type":"Point","coordinates":[-49.14926,-16.537888]},"properties":{"kind":"FIXED","limit_kmh":80,"source":"OSM","active":true,"direction_deg":null}},{"type":"Feature","geometry":{"type":"Point","coordinates":[-49.405167,-16.537801]},"properties":{"kind":"FIXED","limit_kmh":40,"source":"DER-GO+OSM","active":true,"direction_deg":150}},{"type":"Feature","geometry":{"type":"Point","coordinates":[-49.405108,-16.537632]},"properties":{"kind":"FIXED","limit_kmh":40,"source":"DER-GO+OSM","active":true,"direction_deg":330}},{"type":"Feature","geometry":{"type":"Point","coordinates":[-50.404299,-16.533868]},"properties":{"kind":"FIXED","limit_kmh":60,"source":"DER-GO","active":true,"direction_deg":null}},{"type":"Feature","geometry":{"type":"Point","coordinates":[-50.403163,-16.533466]},"properties":{"kind":"FIXED","limit_kmh":40,"source":"OSM","active":true,"direction_deg":null}},{"type":"Feature","geometry":{"type":"Point","coordinates":[-50.39728,-16.53144]},"properties":{"kind":"FIXED","limit_kmh":80,"source":"DER-GO+OSM","active":true,"direction_deg":70}},{"type":"Feature","geometry":{"type":"Point","coordinates":[-50.364768,-16.531281]},"properties":{"kind":"FIXED","limit_kmh":60,"source":"DER-GO","active":true,"direction_deg":303}},{"type":"Feature","geometry":{"type":"Point","coordinates":[-50.365253,-16.531227]},"properties":{"kind":"FIXED","limit_kmh":60,"source":"DER-GO","active":true,"direction_deg":120}},{"type":"Feature","geometry":{"type":"Point","coordinates":[-50.396466,-16.531007]},"properties":{"kind":"FIXED","limit_kmh":80,"source":"DER-GO","active":true,"direction_deg":250}},{"type":"Feature","geometry":{"type":"Point","coordinates":[-50.389563,-16.529914]},"properties":{"kind":"FIXED","limit_kmh":40,"source":"DER-GO","active":true,"direction_deg":82}},{"type":"Feature","geometry":{"type":"Point","coordinates":[-49.141383,-16.529846]},"properties":{"kind":"FIXED","limit_kmh":80,"source":"OSM","active":true,"direction_deg":null}},{"type":"Feature","geometry":{"type":"Point","coordinates":[-50.387586,-16.529546]},"properties":{"kind":"FIXED","limit_kmh":40,"source":"DER-GO","active":true,"direction_deg":263}},{"type":"Feature","geometry":{"type":"Point","coordinates":[-50.381522,-16.528898]},"properties":{"kind":"FIXED","limit_kmh":40,"source":"DER-GO","active":true,"direction_deg":83}},{"type":"Feature","geometry":{"type":"Point","coordinates":[-50.37846,-16.52854]},"properties":{"kind":"FIXED","limit_kmh":40,"source":"DER-GO","active":true,"direction_deg":263}},{"type":"Feature","geometry":{"type":"Point","coordinates":[-49.137145,-16.528259]},"properties":{"kind":"FIXED","limit_kmh":80,"source":"OSM","active":true,"direction_deg":null}},{"type":"Feature","geometry":{"type":"Point","coordinates":[-49.124579,-16.518729]},"properties":{"kind":"FIXED","limit_kmh":80,"source":"OSM","active":true,"direction_deg":null}},{"type":"Feature","geometry":{"type":"Point","coordinates":[-49.416703,-16.516781]},"properties":{"kind":"FIXED","limit_kmh":60,"source":"OSM","active":true,"direction_deg":null}},{"type":"Feature","geometry":{"type":"Point","coordinates":[-49.416751,-16.516492]},"properties":{"kind":"FIXED","limit_kmh":40,"source":"DER-GO","active":true,"direction_deg":334}},{"type":"Feature","geometry":{"type":"Point","coordinates":[-49.121985,-16.516327]},"properties":{"kind":"FIXED","limit_kmh":80,"source":"OSM","active":true,"direction_deg":null}},{"type":"Feature","geometry":{"type":"Point","coordinates":[-49.418077,-16.515205]},"properties":{"kind":"FIXED","limit_kmh":40,"source":"DER-GO","active":true,"direction_deg":151}},{"type":"Feature","geometry":{"type":"Point","coordinates":[-49.418217,-16.514814]},"properties":{"kind":"FIXED","limit_kmh":60,"source":"OSM","active":true,"direction_deg":null}},{"type":"Feature","geometry":{"type":"Point","coordinates":[-49.82383,-16.513678]},"properties":{"kind":"FIXED","limit_kmh":60,"source":"DER-GO","active":true,"direction_deg":309}},{"type":"Feature","geometry":{"type":"Point","coordinates":[-49.826046,-16.5121]},"properties":{"kind":"FIXED","limit_kmh":60,"source":"DER-GO","active":true,"direction_deg":129}},{"type":"Feature","geometry":{"type":"Point","coordinates":[-49.422049,-16.507256]},"properties":{"kind":"FIXED","limit_kmh":40,"source":"OSM","active":true,"direction_deg":null}},{"type":"Feature","geometry":{"type":"Point","coordinates":[-49.422041,-16.506971]},"properties":{"kind":"FIXED","limit_kmh":40,"source":"DER-GO","active":true,"direction_deg":358}},{"type":"Feature","geometry":{"type":"Point","coordinates":[-49.283474,-16.506862]},"properties":{"kind":"FIXED","limit_kmh":60,"source":"DER-GO+OSM","active":true,"direction_deg":null}},{"type":"Feature","geometry":{"type":"Point","coordinates":[-49.422313,-16.506853]},"properties":{"kind":"FIXED","limit_kmh":40,"source":"DER-GO+OSM","active":true,"direction_deg":176}},{"type":"Feature","geometry":{"type":"Point","coordinates":[-49.421603,-16.503102]},"properties":{"kind":"FIXED","limit_kmh":40,"source":"DER-GO+OSM","active":true,"direction_deg":17}},{"type":"Feature","geometry":{"type":"Point","coordinates":[-49.887826,-16.499956]},"properties":{"kind":"FIXED","limit_kmh":80,"source":"DER-GO","active":true,"direction_deg":276}},{"type":"Feature","geometry":{"type":"Point","coordinates":[-49.421302,-16.499803]},"properties":{"kind":"FIXED","limit_kmh":40,"source":"DER-GO","active":true,"direction_deg":181}},{"type":"Feature","geometry":{"type":"Point","coordinates":[-49.10857,-16.499743]},"properties":{"kind":"FIXED","limit_kmh":null,"source":"OSM","active":true,"direction_deg":null}},{"type":"Feature","geometry":{"type":"Point","coordinates":[-49.421233,-16.499467]},"properties":{"kind":"FIXED","limit_kmh":40,"source":"OSM","active":true,"direction_deg":null}},{"type":"Feature","geometry":{"type":"Point","coordinates":[-49.014424,-16.498364]},"properties":{"kind":"FIXED","limit_kmh":40,"source":"DER-GO","active":true,"direction_deg":null}},{"type":"Feature","geometry":{"type":"Point","coordinates":[-51.183655,-16.4983]},"properties":{"kind":"FIXED","limit_kmh":60,"source":"DER-GO","active":true,"direction_deg":null}},{"type":"Feature","geometry":{"type":"Point","coordinates":[-49.892005,-16.498138]},"properties":{"kind":"FIXED","limit_kmh":80,"source":"DER-GO","active":true,"direction_deg":129}},{"type":"Feature","geometry":{"type":"Point","coordinates":[-49.105957,-16.49716]},"properties":{"kind":"FIXED","limit_kmh":80,"source":"OSM","active":true,"direction_deg":null}},{"type":"Feature","geometry":{"type":"Point","coordinates":[-49.423736,-16.492344]},"properties":{"kind":"FIXED","limit_kmh":60,"source":"DER-GO+OSM","active":true,"direction_deg":157}},{"type":"Feature","geometry":{"type":"Point","coordinates":[-49.096671,-16.487917]},"properties":{"kind":"FIXED","limit_kmh":40,"source":"OSM","active":true,"direction_deg":null}},{"type":"Feature","geometry":{"type":"Point","coordinates":[-49.306615,-16.484853]},"properties":{"kind":"FIXED","limit_kmh":40,"source":"DER-GO","active":true,"direction_deg":316}},{"type":"Feature","geometry":{"type":"Point","coordinates":[-49.093561,-16.484848]},"properties":{"kind":"FIXED","limit_kmh":40,"source":"OSM","active":true,"direction_deg":null}},{"type":"Feature","geometry":{"type":"Point","coordinates":[-49.092911,-16.483929]},"properties":{"kind":"FIXED","limit_kmh":40,"source":"OSM","active":true,"direction_deg":null}},{"type":"Feature","geometry":{"type":"Point","coordinates":[-49.308054,-16.483122]},"properties":{"kind":"FIXED","limit_kmh":40,"source":"DER-GO","active":true,"direction_deg":154}},{"type":"Feature","geometry":{"type":"Point","coordinates":[-50.388625,-16.475683]},"properties":{"kind":"FIXED","limit_kmh":60,"source":"DER-GO","active":true,"direction_deg":null}},{"type":"Feature","geometry":{"type":"Point","coordinates":[-51.128573,-16.46809]},"properties":{"kind":"FIXED","limit_kmh":60,"source":"DER-GO","active":true,"direction_deg":198}},{"type":"Feature","geometry":{"type":"Point","coordinates":[-51.128536,-16.468082]},"properties":{"kind":"FIXED","limit_kmh":60,"source":"DER-GO","active":true,"direction_deg":18}},{"type":"Feature","geometry":{"type":"Point","coordinates":[-49.755691,-16.467191]},"properties":{"kind":"FIXED","limit_kmh":40,"source":"DER-GO","active":true,"direction_deg":null}},{"type":"Feature","geometry":{"type":"Point","coordinates":[-49.439609,-16.466503]},"properties":{"kind":"FIXED","limit_kmh":80,"source":"DER-GO+OSM","active":true,"direction_deg":329}},{"type":"Feature","geometry":{"type":"Point","coordinates":[-49.440009,-16.466402]},"properties":{"kind":"FIXED","limit_kmh":80,"source":"DER-GO+OSM","active":true,"direction_deg":148}},{"type":"Feature","geometry":{"type":"Point","coordinates":[-49.944771,-16.465458]},"properties":{"kind":"FIXED","limit_kmh":60,"source":"DER-GO","active":true,"direction_deg":90}},{"type":"Feature","geometry":{"type":"Point","coordinates":[-49.943621,-16.465388]},"properties":{"kind":"FIXED","limit_kmh":60,"source":"DER-GO","active":true,"direction_deg":270}},{"type":"Feature","geometry":{"type":"Point","coordinates":[-49.936007,-16.464665]},"properties":{"kind":"FIXED","limit_kmh":40,"source":"DER-GO","active":true,"direction_deg":77}},{"type":"Feature","geometry":{"type":"Point","coordinates":[-50.678123,-16.464475]},"properties":{"kind":"FIXED","limit_kmh":60,"source":"DER-GO+OSM","active":true,"direction_deg":null}},{"type":"Feature","geometry":{"type":"Point","coordinates":[-49.933832,-16.464125]},"properties":{"kind":"FIXED","limit_kmh":40,"source":"DER-GO","active":true,"direction_deg":258}},{"type":"Feature","geometry":{"type":"Point","coordinates":[-51.126544,-16.463207]},"properties":{"kind":"FIXED","limit_kmh":80,"source":"DER-GO","active":true,"direction_deg":null}},{"type":"Feature","geometry":{"type":"Point","coordinates":[-48.212067,-16.461625]},"properties":{"kind":"FIXED","limit_kmh":40,"source":"DER-GO","active":true,"direction_deg":null}},{"type":"Feature","geometry":{"type":"Point","coordinates":[-49.206709,-16.461602]},"properties":{"kind":"FIXED","limit_kmh":60,"source":"DER-GO+OSM","active":true,"direction_deg":194}},{"type":"Feature","geometry":{"type":"Point","coordinates":[-49.206608,-16.461601]},"properties":{"kind":"FIXED","limit_kmh":60,"source":"DER-GO+OSM","active":true,"direction_deg":14}},{"type":"Feature","geometry":{"type":"Point","coordinates":[-51.115877,-16.456155]},"properties":{"kind":"FIXED","limit_kmh":40,"source":"DER-GO","active":true,"direction_deg":28}},{"type":"Feature","geometry":{"type":"Point","coordinates":[-51.11548,-16.455155]},"properties":{"kind":"FIXED","limit_kmh":40,"source":"DER-GO","active":true,"direction_deg":204}},{"type":"Feature","geometry":{"type":"Point","coordinates":[-51.114845,-16.452743]},"properties":{"kind":"FIXED","limit_kmh":60,"source":"DER-GO","active":true,"direction_deg":null}},{"type":"Feature","geometry":{"type":"Point","coordinates":[-51.117561,-16.449873]},"properties":{"kind":"FIXED","limit_kmh":40,"source":"DER-GO","active":true,"direction_deg":136}},{"type":"Feature","geometry":{"type":"Point","coordinates":[-51.118343,-16.449289]},"properties":{"kind":"FIXED","limit_kmh":40,"source":"DER-GO","active":true,"direction_deg":315}},{"type":"Feature","geometry":{"type":"Point","coordinates":[-51.118917,-16.448566]},"properties":{"kind":"FIXED","limit_kmh":40,"source":"DER-GO","active":true,"direction_deg":135}},{"type":"Feature","geometry":{"type":"Point","coordinates":[-49.025647,-16.448357]},"properties":{"kind":"FIXED","limit_kmh":110,"source":"OSM","active":true,"direction_deg":null}},{"type":"Feature","geometry":{"type":"Point","coordinates":[-51.119723,-16.447845]},"properties":{"kind":"FIXED","limit_kmh":40,"source":"DER-GO","active":true,"direction_deg":318}},{"type":"Feature","geometry":{"type":"Point","coordinates":[-49.951551,-16.447751]},"properties":{"kind":"FIXED","limit_kmh":60,"source":"DER-GO","active":true,"direction_deg":null}},{"type":"Feature","geometry":{"type":"Point","coordinates":[-51.122316,-16.445051]},"properties":{"kind":"FIXED","limit_kmh":40,"source":"DER-GO","active":true,"direction_deg":null}},{"type":"Feature","geometry":{"type":"Point","coordinates":[-51.790771,-16.437849]},"properties":{"kind":"FIXED","limit_kmh":40,"source":"DER-GO","active":true,"direction_deg":null}},{"type":"Feature","geometry":{"type":"Point","coordinates":[-51.107749,-16.437054]},"properties":{"kind":"FIXED","limit_kmh":40,"source":"DER-GO","active":true,"direction_deg":null}},{"type":"Feature","geometry":{"type":"Point","coordinates":[-51.107647,-16.436737]},"properties":{"kind":"FIXED","limit_kmh":40,"source":"DER-GO","active":true,"direction_deg":null}},{"type":"Feature","geometry":{"type":"Point","coordinates":[-51.816141,-16.435115]},"properties":{"kind":"FIXED","limit_kmh":40,"source":"DER-GO","active":true,"direction_deg":null}},{"type":"Feature","geometry":{"type":"Point","coordinates":[-51.108067,-16.435043]},"properties":{"kind":"FIXED","limit_kmh":40,"source":"DER-GO","active":true,"direction_deg":null}},{"type":"Feature","geometry":{"type":"Point","coordinates":[-49.206334,-16.434384]},"properties":{"kind":"FIXED","limit_kmh":60,"source":"DER-GO","active":true,"direction_deg":143}},{"type":"Feature","geometry":{"type":"Point","coordinates":[-51.108566,-16.434301]},"properties":{"kind":"FIXED","limit_kmh":40,"source":"DER-GO","active":true,"direction_deg":null}},{"type":"Feature","geometry":{"type":"Point","coordinates":[-49.017938,-16.430909]},"properties":{"kind":"FIXED","limit_kmh":null,"source":"OSM","active":true,"direction_deg":null}},{"type":"Feature","geometry":{"type":"Point","coordinates":[-50.030427,-16.430829]},"properties":{"kind":"FIXED","limit_kmh":60,"source":"DER-GO","active":true,"direction_deg":189}},{"type":"Feature","geometry":{"type":"Point","coordinates":[-50.03033,-16.430569]},"properties":{"kind":"FIXED","limit_kmh":60,"source":"DER-GO","active":true,"direction_deg":11}},{"type":"Feature","geometry":{"type":"Point","coordinates":[-49.383692,-16.428013]},"properties":{"kind":"FIXED","limit_kmh":40,"source":"DER-GO","active":true,"direction_deg":232}},{"type":"Feature","geometry":{"type":"Point","coordinates":[-49.215105,-16.427036]},"properties":{"kind":"FIXED","limit_kmh":60,"source":"DER-GO","active":true,"direction_deg":306}},{"type":"Feature","geometry":{"type":"Point","coordinates":[-49.216741,-16.426244]},"properties":{"kind":"FIXED","limit_kmh":60,"source":"DER-GO","active":true,"direction_deg":131}},{"type":"Feature","geometry":{"type":"Point","coordinates":[-49.46594,-16.425462]},"properties":{"kind":"FIXED","limit_kmh":40,"source":"DER-GO","active":true,"direction_deg":328}},{"type":"Feature","geometry":{"type":"Point","coordinates":[-49.467942,-16.422837]},"properties":{"kind":"FIXED","limit_kmh":60,"source":"DER-GO","active":true,"direction_deg":145}},{"type":"Feature","geometry":{"type":"Point","coordinates":[-49.218922,-16.418229]},"properties":{"kind":"FIXED","limit_kmh":null,"source":"OSM","active":true,"direction_deg":null}},{"type":"Feature","geometry":{"type":"Point","coordinates":[-48.895761,-16.4162]},"properties":{"kind":"FIXED","limit_kmh":60,"source":"DER-GO","active":true,"direction_deg":null}},{"type":"Feature","geometry":{"type":"Point","coordinates":[-49.21929,-16.41444]},"properties":{"kind":"FIXED","limit_kmh":40,"source":"DER-GO","active":true,"direction_deg":177}},{"type":"Feature","geometry":{"type":"Point","coordinates":[-50.029204,-16.413294]},"properties":{"kind":"FIXED","limit_kmh":40,"source":"DER-GO","active":true,"direction_deg":325}},{"type":"Feature","geometry":{"type":"Point","coordinates":[-51.182422,-16.412446]},"properties":{"kind":"FIXED","limit_kmh":60,"source":"DER-GO","active":true,"direction_deg":95}},{"type":"Feature","geometry":{"type":"Point","coordinates":[-51.179943,-16.412418]},"properties":{"kind":"FIXED","limit_kmh":60,"source":"DER-GO","active":true,"direction_deg":268}},{"type":"Feature","geometry":{"type":"Point","coordinates":[-50.030594,-16.411492]},"properties":{"kind":"FIXED","limit_kmh":40,"source":"DER-GO","active":true,"direction_deg":146}},{"type":"Feature","geometry":{"type":"Point","coordinates":[-49.21943,-16.41114]},"properties":{"kind":"FIXED","limit_kmh":40,"source":"DER-GO+OSM","active":true,"direction_deg":354}},{"type":"Feature","geometry":{"type":"Point","coordinates":[-49.21124,-16.409835]},"properties":{"kind":"FIXED","limit_kmh":60,"source":"DER-GO","active":true,"direction_deg":null}},{"type":"Feature","geometry":{"type":"Point","coordinates":[-48.947306,-16.406239]},"properties":{"kind":"FIXED","limit_kmh":60,"source":"DER-GO","active":true,"direction_deg":94}},{"type":"Feature","geometry":{"type":"Point","coordinates":[-48.943165,-16.406057]},"properties":{"kind":"FIXED","limit_kmh":60,"source":"DER-GO","active":true,"direction_deg":85}},{"type":"Feature","geometry":{"type":"Point","coordinates":[-48.935868,-16.405597]},"properties":{"kind":"FIXED","limit_kmh":60,"source":"DER-GO","active":true,"direction_deg":270}},{"type":"Feature","geometry":{"type":"Point","coordinates":[-48.949162,-16.405558]},"properties":{"kind":"FIXED","limit_kmh":60,"source":"DER-GO","active":true,"direction_deg":294}},{"type":"Feature","geometry":{"type":"Point","coordinates":[-48.930653,-16.405293]},"properties":{"kind":"FIXED","limit_kmh":60,"source":"DER-GO","active":true,"direction_deg":269}},{"type":"Feature","geometry":{"type":"Point","coordinates":[-48.981071,-16.404986]},"properties":{"kind":"FIXED","limit_kmh":60,"source":"OSM","active":true,"direction_deg":null}},{"type":"Feature","geometry":{"type":"Point","coordinates":[-49.3304,-16.40381]},"properties":{"kind":"FIXED","limit_kmh":80,"source":"DER-GO","active":true,"direction_deg":203}},{"type":"Feature","geometry":{"type":"Point","coordinates":[-48.953591,-16.403066]},"properties":{"kind":"FIXED","limit_kmh":60,"source":"DER-GO","active":true,"direction_deg":123}},{"type":"Feature","geometry":{"type":"Point","coordinates":[-48.976167,-16.402323]},"properties":{"kind":"FIXED","limit_kmh":60,"source":"ANTT","active":true,"direction_deg":245}},{"type":"Feature","geometry":{"type":"Point","coordinates":[-48.975852,-16.402174]},"properties":{"kind":"FIXED","limit_kmh":60,"source":"OSM","active":true,"direction_deg":null}},{"type":"Feature","geometry":{"type":"Point","coordinates":[-48.179693,-16.401604]},"properties":{"kind":"FIXED","limit_kmh":80,"source":"DER-GO","active":true,"direction_deg":46}},{"type":"Feature","geometry":{"type":"Point","coordinates":[-49.220711,-16.396103]},"properties":{"kind":"FIXED","limit_kmh":40,"source":"DER-GO","active":true,"direction_deg":347}},{"type":"Feature","geometry":{"type":"Point","coordinates":[-49.221107,-16.392703]},"properties":{"kind":"FIXED","limit_kmh":40,"source":"DER-GO","active":true,"direction_deg":178}},{"type":"Feature","geometry":{"type":"Point","coordinates":[-48.111265,-16.392454]},"properties":{"kind":"FIXED","limit_kmh":80,"source":"DER-GO","active":true,"direction_deg":337}},{"type":"Feature","geometry":{"type":"Point","coordinates":[-49.495416,-16.390842]},"properties":{"kind":"FIXED","limit_kmh":60,"source":"DER-GO","active":true,"direction_deg":158}},{"type":"Feature","geometry":{"type":"Point","coordinates":[-49.181457,-16.390454]},"properties":{"kind":"FIXED","limit_kmh":60,"source":"DER-GO","active":true,"direction_deg":null}},{"type":"Feature","geometry":{"type":"Point","coordinates":[-49.495528,-16.390394]},"properties":{"kind":"FIXED","limit_kmh":60,"source":"OSM","active":true,"direction_deg":null}},{"type":"Feature","geometry":{"type":"Point","coordinates":[-49.495337,-16.390047]},"properties":{"kind":"FIXED","limit_kmh":60,"source":"OSM","active":true,"direction_deg":null}},{"type":"Feature","geometry":{"type":"Point","coordinates":[-49.495545,-16.389803]},"properties":{"kind":"FIXED","limit_kmh":60,"source":"DER-GO","active":true,"direction_deg":337}},{"type":"Feature","geometry":{"type":"Point","coordinates":[-49.280149,-16.382672]},"properties":{"kind":"FIXED","limit_kmh":40,"source":"DER-GO","active":true,"direction_deg":null}},{"type":"Feature","geometry":{"type":"Point","coordinates":[-50.775069,-16.37882]},"properties":{"kind":"FIXED","limit_kmh":40,"source":"DER-GO","active":true,"direction_deg":null}},{"type":"Feature","geometry":{"type":"Point","coordinates":[-49.326346,-16.378]},"properties":{"kind":"FIXED","limit_kmh":40,"source":"DER-GO","active":true,"direction_deg":null}},{"type":"Feature","geometry":{"type":"Point","coordinates":[-49.118042,-16.377972]},"properties":{"kind":"FIXED","limit_kmh":60,"source":"DER-GO","active":true,"direction_deg":280}},{"type":"Feature","geometry":{"type":"Point","coordinates":[-49.119373,-16.377831]},"properties":{"kind":"FIXED","limit_kmh":60,"source":"DER-GO","active":true,"direction_deg":102}},{"type":"Feature","geometry":{"type":"Point","coordinates":[-48.076621,-16.376231]},"properties":{"kind":"FIXED","limit_kmh":80,"source":"DER-GO","active":true,"direction_deg":14}},{"type":"Feature","geometry":{"type":"Point","coordinates":[-49.503241,-16.371941]},"properties":{"kind":"FIXED","limit_kmh":40,"source":"DER-GO","active":true,"direction_deg":323}},{"type":"Feature","geometry":{"type":"Point","coordinates":[-48.074494,-16.369531]},"properties":{"kind":"FIXED","limit_kmh":80,"source":"DER-GO","active":true,"direction_deg":151}},{"type":"Feature","geometry":{"type":"Point","coordinates":[-49.505539,-16.369034]},"properties":{"kind":"FIXED","limit_kmh":40,"source":"DER-GO","active":true,"direction_deg":323}},{"type":"Feature","geometry":{"type":"Point","coordinates":[-48.963077,-16.368438]},"properties":{"kind":"FIXED","limit_kmh":60,"source":"INMETRO","active":true,"direction_deg":null}},{"type":"Feature","geometry":{"type":"Point","coordinates":[-48.963353,-16.368214]},"properties":{"kind":"FIXED","limit_kmh":60,"source":"INMETRO","active":true,"direction_deg":null}},{"type":"Feature","geometry":{"type":"Point","coordinates":[-49.028492,-16.366995]},"properties":{"kind":"FIXED","limit_kmh":40,"source":"DER-GO","active":true,"direction_deg":62}},{"type":"Feature","geometry":{"type":"Point","coordinates":[-49.320563,-16.366669]},"properties":{"kind":"FIXED","limit_kmh":40,"source":"DER-GO","active":true,"direction_deg":307}},{"type":"Feature","geometry":{"type":"Point","coordinates":[-49.320815,-16.366487]},"properties":{"kind":"FIXED","limit_kmh":40,"source":"DER-GO","active":true,"direction_deg":130}},{"type":"Feature","geometry":{"type":"Point","coordinates":[-49.026476,-16.365906]},"properties":{"kind":"FIXED","limit_kmh":40,"source":"DER-GO","active":true,"direction_deg":242}},{"type":"Feature","geometry":{"type":"Point","coordinates":[-49.679107,-16.360884]},"properties":{"kind":"FIXED","limit_kmh":40,"source":"DER-GO","active":true,"direction_deg":124}},{"type":"Feature","geometry":{"type":"Point","coordinates":[-49.510654,-16.358784]},"properties":{"kind":"FIXED","limit_kmh":40,"source":"DER-GO+OSM","active":true,"direction_deg":342}},{"type":"Feature","geometry":{"type":"Point","coordinates":[-49.511013,-16.358273]},"properties":{"kind":"FIXED","limit_kmh":40,"source":"DER-GO+OSM","active":true,"direction_deg":161}},{"type":"Feature","geometry":{"type":"Point","coordinates":[-48.960161,-16.355435]},"properties":{"kind":"FIXED","limit_kmh":60,"source":"INMETRO","active":true,"direction_deg":null}},{"type":"Feature","geometry":{"type":"Point","coordinates":[-48.999255,-16.352205]},"properties":{"kind":"FIXED","limit_kmh":60,"source":"DER-GO","active":true,"direction_deg":null}},{"type":"Feature","geometry":{"type":"Point","coordinates":[-48.958528,-16.34931]},"properties":{"kind":"FIXED","limit_kmh":40,"source":"INMETRO","active":true,"direction_deg":null}},{"type":"Feature","geometry":{"type":"Point","coordinates":[-49.41139,-16.348841]},"properties":{"kind":"FIXED","limit_kmh":40,"source":"DER-GO","active":true,"direction_deg":87}},{"type":"Feature","geometry":{"type":"Point","coordinates":[-49.405972,-16.34883]},"properties":{"kind":"FIXED","limit_kmh":60,"source":"DER-GO","active":true,"direction_deg":287}},{"type":"Feature","geometry":{"type":"Point","coordinates":[-48.9087,-16.348367]},"properties":{"kind":"FIXED","limit_kmh":40,"source":"OSM","active":true,"direction_deg":null}},{"type":"Feature","geometry":{"type":"Point","coordinates":[-48.908274,-16.347739]},"properties":{"kind":"FIXED","limit_kmh":40,"source":"ANTT","active":true,"direction_deg":230}},{"type":"Feature","geometry":{"type":"Point","coordinates":[-48.907757,-16.347431]},"properties":{"kind":"FIXED","limit_kmh":40,"source":"OSM","active":true,"direction_deg":null}},{"type":"Feature","geometry":{"type":"Point","coordinates":[-50.811838,-16.343429]},"properties":{"kind":"FIXED","limit_kmh":60,"source":"DER-GO","active":true,"direction_deg":317}},{"type":"Feature","geometry":{"type":"Point","coordinates":[-50.812009,-16.343357]},"properties":{"kind":"FIXED","limit_kmh":60,"source":"DER-GO","active":true,"direction_deg":133}},{"type":"Feature","geometry":{"type":"Point","coordinates":[-49.502444,-16.342817]},"properties":{"kind":"FIXED","limit_kmh":40,"source":"DER-GO","active":true,"direction_deg":118}},{"type":"Feature","geometry":{"type":"Point","coordinates":[-49.444521,-16.341187]},"properties":{"kind":"FIXED","limit_kmh":60,"source":"DER-GO","active":true,"direction_deg":null}},{"type":"Feature","geometry":{"type":"Point","coordinates":[-49.516665,-16.339601]},"properties":{"kind":"FIXED","limit_kmh":80,"source":"DER-GO+OSM","active":true,"direction_deg":351}},{"type":"Feature","geometry":{"type":"Point","coordinates":[-48.922778,-16.33815]},"properties":{"kind":"FIXED","limit_kmh":80,"source":"ANTT","active":true,"direction_deg":184}},{"type":"Feature","geometry":{"type":"Point","coordinates":[-48.952386,-16.336726]},"properties":{"kind":"FIXED","limit_kmh":60,"source":"INMETRO","active":true,"direction_deg":null}},{"type":"Feature","geometry":{"type":"Point","coordinates":[-48.92249,-16.335995]},"properties":{"kind":"FIXED","limit_kmh":80,"source":"ANTT","active":true,"direction_deg":2}},{"type":"Feature","geometry":{"type":"Point","coordinates":[-48.917223,-16.331311]},"properties":{"kind":"FIXED","limit_kmh":60,"source":"INMETRO","active":true,"direction_deg":null}},{"type":"Feature","geometry":{"type":"Point","coordinates":[-48.907314,-16.33035]},"properties":{"kind":"FIXED","limit_kmh":null,"source":"OSM","active":true,"direction_deg":null}},{"type":"Feature","geometry":{"type":"Point","coordinates":[-48.910026,-16.330075]},"properties":{"kind":"FIXED","limit_kmh":null,"source":"OSM","active":true,"direction_deg":null}},{"type":"Feature","geometry":{"type":"Point","coordinates":[-48.951601,-16.328863]},"properties":{"kind":"FIXED","limit_kmh":40,"source":"INMETRO","active":true,"direction_deg":null}},{"type":"Feature","geometry":{"type":"Point","coordinates":[-48.945645,-16.327808]},"properties":{"kind":"FIXED","limit_kmh":40,"source":"INMETRO","active":true,"direction_deg":null}},{"type":"Feature","geometry":{"type":"Point","coordinates":[-48.950897,-16.327562]},"properties":{"kind":"FIXED","limit_kmh":40,"source":"INMETRO","active":true,"direction_deg":null}},{"type":"Feature","geometry":{"type":"Point","coordinates":[-48.951256,-16.326511]},"properties":{"kind":"FIXED","limit_kmh":40,"source":"INMETRO","active":true,"direction_deg":null}},{"type":"Feature","geometry":{"type":"Point","coordinates":[-48.936309,-16.325808]},"properties":{"kind":"FIXED","limit_kmh":40,"source":"INMETRO","active":true,"direction_deg":null}},{"type":"Feature","geometry":{"type":"Point","coordinates":[-48.951627,-16.322747]},"properties":{"kind":"FIXED","limit_kmh":40,"source":"INMETRO","active":true,"direction_deg":null}},{"type":"Feature","geometry":{"type":"Point","coordinates":[-48.952067,-16.322445]},"properties":{"kind":"FIXED","limit_kmh":40,"source":"INMETRO","active":true,"direction_deg":null}},{"type":"Feature","geometry":{"type":"Point","coordinates":[-49.027706,-16.321731]},"properties":{"kind":"FIXED","limit_kmh":60,"source":"DER-GO","active":true,"direction_deg":null}},{"type":"Feature","geometry":{"type":"Point","coordinates":[-49.269345,-16.314991]},"properties":{"kind":"FIXED","limit_kmh":80,"source":"DER-GO","active":true,"direction_deg":150}},{"type":"Feature","geometry":{"type":"Point","coordinates":[-48.01564,-16.314541]},"properties":{"kind":"FIXED","limit_kmh":40,"source":"DER-GO","active":true,"direction_deg":21}},{"type":"Feature","geometry":{"type":"Point","coordinates":[-49.525452,-16.311191]},"properties":{"kind":"FIXED","limit_kmh":80,"source":"DER-GO+OSM","active":true,"direction_deg":155}},{"type":"Feature","geometry":{"type":"Point","coordinates":[-48.013861,-16.309942]},"properties":{"kind":"FIXED","limit_kmh":40,"source":"DER-GO","active":true,"direction_deg":199}},{"type":"Feature","geometry":{"type":"Point","coordinates":[-48.942741,-16.308923]},"properties":{"kind":"FIXED","limit_kmh":60,"source":"INMETRO","active":true,"direction_deg":null}},{"type":"Feature","geometry":{"type":"Point","coordinates":[-51.476499,-16.308102]},"properties":{"kind":"FIXED","limit_kmh":60,"source":"DER-GO","active":true,"direction_deg":null}},{"type":"Feature","geometry":{"type":"Point","coordinates":[-49.082921,-16.305711]},"properties":{"kind":"FIXED","limit_kmh":40,"source":"DER-GO","active":true,"direction_deg":311}},{"type":"Feature","geometry":{"type":"Point","coordinates":[-47.630381,-16.305239]},"properties":{"kind":"FIXED","limit_kmh":60,"source":"DER-GO","active":true,"direction_deg":null}},{"type":"Feature","geometry":{"type":"Point","coordinates":[-48.942684,-16.30516]},"properties":{"kind":"FIXED","limit_kmh":60,"source":"INMETRO","active":true,"direction_deg":null}},{"type":"Feature","geometry":{"type":"Point","coordinates":[-49.084067,-16.304795]},"properties":{"kind":"FIXED","limit_kmh":40,"source":"DER-GO","active":true,"direction_deg":131}},{"type":"Feature","geometry":{"type":"Point","coordinates":[-49.108008,-16.304502]},"properties":{"kind":"FIXED","limit_kmh":80,"source":"DER-GO","active":true,"direction_deg":53}},{"type":"Feature","geometry":{"type":"Point","coordinates":[-48.924616,-16.304463]},"properties":{"kind":"FIXED","limit_kmh":80,"source":"ANTT","active":true,"direction_deg":342}},{"type":"Feature","geometry":{"type":"Point","coordinates":[-51.464159,-16.30187]},"properties":{"kind":"FIXED","limit_kmh":60,"source":"DER-GO","active":true,"direction_deg":null}},{"type":"Feature","geometry":{"type":"Point","coordinates":[-48.812652,-16.300479]},"properties":{"kind":"FIXED","limit_kmh":40,"source":"OSM","active":true,"direction_deg":null}},{"type":"Feature","geometry":{"type":"Point","coordinates":[-49.100162,-16.300031]},"properties":{"kind":"FIXED","limit_kmh":80,"source":"DER-GO","active":true,"direction_deg":240}},{"type":"Feature","geometry":{"type":"Point","coordinates":[-49.090065,-16.299844]},"properties":{"kind":"FIXED","limit_kmh":40,"source":"DER-GO","active":true,"direction_deg":null}},{"type":"Feature","geometry":{"type":"Point","coordinates":[-48.927526,-16.299461]},"properties":{"kind":"FIXED","limit_kmh":80,"source":"ANTT","active":true,"direction_deg":137}},{"type":"Feature","geometry":{"type":"Point","coordinates":[-50.541829,-16.298885]},"properties":{"kind":"FIXED","limit_kmh":40,"source":"DER-GO","active":true,"direction_deg":249}},{"type":"Feature","geometry":{"type":"Point","coordinates":[-50.553408,-16.296087]},"properties":{"kind":"FIXED","limit_kmh":40,"source":"DER-GO","active":true,"direction_deg":60}},{"type":"Feature","geometry":{"type":"Point","coordinates":[-50.553203,-16.295968]},"properties":{"kind":"FIXED","limit_kmh":40,"source":"DER-GO","active":true,"direction_deg":240}},{"type":"Feature","geometry":{"type":"Point","coordinates":[-49.535064,-16.294388]},"properties":{"kind":"FIXED","limit_kmh":60,"source":"DER-GO+OSM","active":true,"direction_deg":152}},{"type":"Feature","geometry":{"type":"Point","coordinates":[-48.966772,-16.293966]},"properties":{"kind":"FIXED","limit_kmh":40,"source":"INMETRO","active":true,"direction_deg":null}},{"type":"Feature","geometry":{"type":"Point","coordinates":[-49.098604,-16.292721]},"properties":{"kind":"FIXED","limit_kmh":40,"source":"DER-GO","active":true,"direction_deg":131}},{"type":"Feature","geometry":{"type":"Point","coordinates":[-48.93504,-16.291348]},"properties":{"kind":"FIXED","limit_kmh":80,"source":"ANTT","active":true,"direction_deg":317}},{"type":"Feature","geometry":{"type":"Point","coordinates":[-48.943195,-16.286986]},"properties":{"kind":"FIXED","limit_kmh":80,"source":"ANTT","active":true,"direction_deg":108}},{"type":"Feature","geometry":{"type":"Point","coordinates":[-48.955326,-16.282801]},"properties":{"kind":"FIXED","limit_kmh":80,"source":"ANTT","active":true,"direction_deg":109}},{"type":"Feature","geometry":{"type":"Point","coordinates":[-48.942771,-16.282363]},"properties":{"kind":"FIXED","limit_kmh":60,"source":"ANTT","active":true,"direction_deg":null}},{"type":"Feature","geometry":{"type":"Point","coordinates":[-48.881379,-16.277085]},"properties":{"kind":"FIXED","limit_kmh":60,"source":"DER-GO","active":true,"direction_deg":30}},{"type":"Feature","geometry":{"type":"Point","coordinates":[-48.879063,-16.27574]},"properties":{"kind":"FIXED","limit_kmh":60,"source":"DER-GO","active":true,"direction_deg":264}},{"type":"Feature","geometry":{"type":"Point","coordinates":[-48.972678,-16.27253]},"properties":{"kind":"FIXED","limit_kmh":80,"source":"ANTT","active":true,"direction_deg":125}},{"type":"Feature","geometry":{"type":"Point","coordinates":[-48.974186,-16.271461]},"properties":{"kind":"FIXED","limit_kmh":80,"source":"ANTT","active":true,"direction_deg":303}},{"type":"Feature","geometry":{"type":"Point","coordinates":[-47.782078,-16.269004]},"properties":{"kind":"FIXED","limit_kmh":40,"source":"DER-GO","active":true,"direction_deg":271}},{"type":"Feature","geometry":{"type":"Point","coordinates":[-48.939551,-16.268962]},"properties":{"kind":"FIXED","limit_kmh":60,"source":"ANTT","active":true,"direction_deg":null}},{"type":"Feature","geometry":{"type":"Point","coordinates":[-49.546407,-16.268503]},"properties":{"kind":"FIXED","limit_kmh":60,"source":"DER-GO+OSM","active":true,"direction_deg":341}},{"type":"Feature","geometry":{"type":"Point","coordinates":[-47.788155,-16.268496]},"properties":{"kind":"FIXED","limit_kmh":40,"source":"DER-GO","active":true,"direction_deg":334}},{"type":"Feature","geometry":{"type":"Point","coordinates":[-48.765801,-16.265441]},"properties":{"kind":"FIXED","limit_kmh":null,"source":"OSM","active":true,"direction_deg":null}},{"type":"Feature","geometry":{"type":"Point","coordinates":[-47.93371,-16.261738]},"properties":{"kind":"FIXED","limit_kmh":40,"source":"DER-GO","active":true,"direction_deg":null}},{"type":"Feature","geometry":{"type":"Point","coordinates":[-47.79223,-16.261165]},"properties":{"kind":"FIXED","limit_kmh":40,"source":"DER-GO","active":true,"direction_deg":92}},{"type":"Feature","geometry":{"type":"Point","coordinates":[-49.371704,-16.257723]},"properties":{"kind":"FIXED","limit_kmh":40,"source":"DER-GO","active":true,"direction_deg":48}},{"type":"Feature","geometry":{"type":"Point","coordinates":[-49.371246,-16.257193]},"properties":{"kind":"FIXED","limit_kmh":40,"source":"DER-GO","active":true,"direction_deg":199}},{"type":"Feature","geometry":{"type":"Point","coordinates":[-49.983332,-16.255871]},"properties":{"kind":"FIXED","limit_kmh":40,"source":"DER-GO","active":true,"direction_deg":25}},{"type":"Feature","geometry":{"type":"Point","coordinates":[-49.983295,-16.255462]},"properties":{"kind":"FIXED","limit_kmh":40,"source":"DER-GO","active":true,"direction_deg":205}},{"type":"Feature","geometry":{"type":"Point","coordinates":[-47.928845,-16.255451]},"properties":{"kind":"FIXED","limit_kmh":40,"source":"DER-GO","active":true,"direction_deg":195}},{"type":"Feature","geometry":{"type":"Point","coordinates":[-48.991761,-16.254773]},"properties":{"kind":"FIXED","limit_kmh":80,"source":"ANTT","active":true,"direction_deg":140}},{"type":"Feature","geometry":{"type":"Point","coordinates":[-48.934741,-16.249033]},"properties":{"kind":"FIXED","limit_kmh":60,"source":"ANTT","active":true,"direction_deg":12}},{"type":"Feature","geometry":{"type":"Point","coordinates":[-47.912161,-16.246521]},"properties":{"kind":"FIXED","limit_kmh":40,"source":"DER-GO","active":true,"direction_deg":73}},{"type":"Feature","geometry":{"type":"Point","coordinates":[-47.906278,-16.245167]},"properties":{"kind":"FIXED","limit_kmh":40,"source":"DNIT","active":true,"direction_deg":323}},{"type":"Feature","geometry":{"type":"Point","coordinates":[-47.907447,-16.244198]},"properties":{"kind":"FIXED","limit_kmh":40,"source":"OSM","active":true,"direction_deg":null}},{"type":"Feature","geometry":{"type":"Point","coordinates":[-47.907711,-16.243793]},"properties":{"kind":"FIXED","limit_kmh":40,"source":"DNIT","active":true,"direction_deg":144}},{"type":"Feature","geometry":{"type":"Point","coordinates":[-49.003264,-16.242058]},"properties":{"kind":"FIXED","limit_kmh":80,"source":"ANTT","active":true,"direction_deg":155}},{"type":"Feature","geometry":{"type":"Point","coordinates":[-51.255478,-16.241175]},"properties":{"kind":"FIXED","limit_kmh":40,"source":"DER-GO","active":true,"direction_deg":353}},{"type":"Feature","geometry":{"type":"Point","coordinates":[-48.932407,-16.236223]},"properties":{"kind":"FIXED","limit_kmh":80,"source":"ANTT","active":true,"direction_deg":213}},{"type":"Feature","geometry":{"type":"Point","coordinates":[-49.009907,-16.227873]},"properties":{"kind":"FIXED","limit_kmh":80,"source":"ANTT","active":true,"direction_deg":155}},{"type":"Feature","geometry":{"type":"Point","coordinates":[-47.914229,-16.226773]},"properties":{"kind":"FIXED","limit_kmh":60,"source":"DNIT","active":true,"direction_deg":171}},{"type":"Feature","geometry":{"type":"Point","coordinates":[-47.91425,-16.224972]},"properties":{"kind":"FIXED","limit_kmh":60,"source":"DNIT","active":true,"direction_deg":353}},{"type":"Feature","geometry":{"type":"Point","coordinates":[-49.187507,-16.222961]},"properties":{"kind":"FIXED","limit_kmh":40,"source":"DER-GO","active":true,"direction_deg":null}},{"type":"Feature","geometry":{"type":"Point","coordinates":[-48.920243,-16.217023]},"properties":{"kind":"FIXED","limit_kmh":80,"source":"ANTT","active":true,"direction_deg":null}},{"type":"Feature","geometry":{"type":"Point","coordinates":[-48.06502,-16.215871]},"properties":{"kind":"FIXED","limit_kmh":40,"source":"DER-GO","active":true,"direction_deg":319}},{"type":"Feature","geometry":{"type":"Point","coordinates":[-48.066197,-16.214447]},"properties":{"kind":"FIXED","limit_kmh":40,"source":"DER-GO","active":true,"direction_deg":147}},{"type":"Feature","geometry":{"type":"Point","coordinates":[-48.684455,-16.208099]},"properties":{"kind":"FIXED","limit_kmh":80,"source":"DER-GO","active":true,"direction_deg":null}},{"type":"Feature","geometry":{"type":"Point","coordinates":[-49.596905,-16.205504]},"properties":{"kind":"FIXED","limit_kmh":40,"source":"DER-GO+OSM","active":true,"direction_deg":296}},{"type":"Feature","geometry":{"type":"Point","coordinates":[-49.597468,-16.205274]},"properties":{"kind":"FIXED","limit_kmh":40,"source":"DER-GO","active":true,"direction_deg":126}},{"type":"Feature","geometry":{"type":"Point","coordinates":[-49.597738,-16.205125]},"properties":{"kind":"FIXED","limit_kmh":40,"source":"OSM","active":true,"direction_deg":null}},{"type":"Feature","geometry":{"type":"Point","coordinates":[-49.608507,-16.205041]},"properties":{"kind":"FIXED","limit_kmh":40,"source":"DER-GO","active":true,"direction_deg":74}},{"type":"Feature","geometry":{"type":"Point","coordinates":[-48.703979,-16.204323]},"properties":{"kind":"FIXED","limit_kmh":60,"source":"DER-GO","active":true,"direction_deg":344}},{"type":"Feature","geometry":{"type":"Point","coordinates":[-48.703907,-16.204303]},"properties":{"kind":"FIXED","limit_kmh":60,"source":"DER-GO","active":true,"direction_deg":164}},{"type":"Feature","geometry":{"type":"Point","coordinates":[-52.167887,-16.202645]},"properties":{"kind":"FIXED","limit_kmh":60,"source":"DER-GO","active":true,"direction_deg":null}},{"type":"Feature","geometry":{"type":"Point","coordinates":[-49.600832,-16.202522]},"properties":{"kind":"FIXED","limit_kmh":40,"source":"DER-GO+OSM","active":true,"direction_deg":309}},{"type":"Feature","geometry":{"type":"Point","coordinates":[-49.601106,-16.202501]},"properties":{"kind":"FIXED","limit_kmh":40,"source":"DER-GO","active":true,"direction_deg":129}},{"type":"Feature","geometry":{"type":"Point","coordinates":[-49.601374,-16.202288]},"properties":{"kind":"FIXED","limit_kmh":40,"source":"OSM","active":true,"direction_deg":null}},{"type":"Feature","geometry":{"type":"Point","coordinates":[-50.307672,-16.201509]},"properties":{"kind":"FIXED","limit_kmh":40,"source":"DER-GO","active":true,"direction_deg":330}},{"type":"Feature","geometry":{"type":"Point","coordinates":[-50.307974,-16.201179]},"properties":{"kind":"FIXED","limit_kmh":40,"source":"DER-GO","active":true,"direction_deg":150}},{"type":"Feature","geometry":{"type":"Point","coordinates":[-49.603715,-16.199321]},"properties":{"kind":"FIXED","limit_kmh":40,"source":"OSM","active":true,"direction_deg":null}},{"type":"Feature","geometry":{"type":"Point","coordinates":[-49.603796,-16.199052]},"properties":{"kind":"FIXED","limit_kmh":40,"source":"DER-GO","active":true,"direction_deg":333}},{"type":"Feature","geometry":{"type":"Point","coordinates":[-52.535218,-16.19836]},"properties":{"kind":"FIXED","limit_kmh":40,"source":"DER-GO","active":true,"direction_deg":89}},{"type":"Feature","geometry":{"type":"Point","coordinates":[-52.535217,-16.198331]},"properties":{"kind":"FIXED","limit_kmh":40,"source":"DER-GO","active":true,"direction_deg":269}},{"type":"Feature","geometry":{"type":"Point","coordinates":[-49.607108,-16.193204]},"properties":{"kind":"FIXED","limit_kmh":40,"source":"DER-GO","active":true,"direction_deg":152}},{"type":"Feature","geometry":{"type":"Point","coordinates":[-49.607312,-16.192926]},"properties":{"kind":"FIXED","limit_kmh":40,"source":"OSM","active":true,"direction_deg":null}},{"type":"Feature","geometry":{"type":"Point","coordinates":[-48.681522,-16.18928]},"properties":{"kind":"FIXED","limit_kmh":null,"source":"OSM","active":true,"direction_deg":null}},{"type":"Feature","geometry":{"type":"Point","coordinates":[-50.954084,-16.186356]},"properties":{"kind":"FIXED","limit_kmh":40,"source":"DER-GO","active":true,"direction_deg":null}},{"type":"Feature","geometry":{"type":"Point","coordinates":[-49.042126,-16.18024]},"properties":{"kind":"FIXED","limit_kmh":80,"source":"ANTT","active":true,"direction_deg":336}},{"type":"Feature","geometry":{"type":"Point","coordinates":[-47.929083,-16.177194]},"properties":{"kind":"FIXED","limit_kmh":40,"source":"DNIT+OSM","active":true,"direction_deg":354}},{"type":"Feature","geometry":{"type":"Point","coordinates":[-47.929407,-16.177066]},"properties":{"kind":"FIXED","limit_kmh":40,"source":"OSM","active":true,"direction_deg":null}},{"type":"Feature","geometry":{"type":"Point","coordinates":[-47.929401,-16.176663]},"properties":{"kind":"FIXED","limit_kmh":40,"source":"DNIT","active":true,"direction_deg":174}},{"type":"Feature","geometry":{"type":"Point","coordinates":[-47.930139,-16.169333]},"properties":{"kind":"FIXED","limit_kmh":60,"source":"DNIT","active":true,"direction_deg":178}},{"type":"Feature","geometry":{"type":"Point","coordinates":[-49.043457,-16.163261]},"properties":{"kind":"FIXED","limit_kmh":80,"source":"ANTT","active":true,"direction_deg":178}},{"type":"Feature","geometry":{"type":"Point","coordinates":[-47.93284,-16.15885]},"properties":{"kind":"FIXED","limit_kmh":60,"source":"DNIT","active":true,"direction_deg":null}},{"type":"Feature","geometry":{"type":"Point","coordinates":[-49.043635,-16.157159]},"properties":{"kind":"FIXED","limit_kmh":80,"source":"ANTT","active":true,"direction_deg":358}},{"type":"Feature","geometry":{"type":"Point","coordinates":[-47.938972,-16.151722]},"properties":{"kind":"FIXED","limit_kmh":60,"source":"DNIT","active":true,"direction_deg":318}},{"type":"Feature","geometry":{"type":"Point","coordinates":[-48.075828,-16.151342]},"properties":{"kind":"FIXED","limit_kmh":60,"source":"DER-GO","active":true,"direction_deg":40}},{"type":"Feature","geometry":{"type":"Point","coordinates":[-48.075891,-16.151298]},"properties":{"kind":"FIXED","limit_kmh":60,"source":"DER-GO","active":true,"direction_deg":220}},{"type":"Feature","geometry":{"type":"Point","coordinates":[-47.946067,-16.14427]},"properties":{"kind":"FIXED","limit_kmh":60,"source":"DNIT","active":true,"direction_deg":138}},{"type":"Feature","geometry":{"type":"Point","coordinates":[-50.2198,-16.1342]},"properties":{"kind":"FIXED","limit_kmh":40,"source":"DER-GO","active":true,"direction_deg":null}},{"type":"Feature","geometry":{"type":"Point","coordinates":[-49.047662,-16.133671]},"properties":{"kind":"FIXED","limit_kmh":80,"source":"ANTT","active":true,"direction_deg":null}},{"type":"Feature","geometry":{"type":"Point","coordinates":[-47.956139,-16.133556]},"properties":{"kind":"FIXED","limit_kmh":60,"source":"DNIT","active":true,"direction_deg":138}},{"type":"Feature","geometry":{"type":"Point","coordinates":[-50.234,-16.133]},"properties":{"kind":"FIXED","limit_kmh":60,"source":"DER-GO","active":true,"direction_deg":30}},{"type":"Feature","geometry":{"type":"Point","coordinates":[-50.2296,-16.1313]},"properties":{"kind":"FIXED","limit_kmh":60,"source":"DER-GO","active":true,"direction_deg":287}},{"type":"Feature","geometry":{"type":"Point","coordinates":[-47.959111,-16.128889]},"properties":{"kind":"FIXED","limit_kmh":40,"source":"DNIT+OSM","active":true,"direction_deg":329}},{"type":"Feature","geometry":{"type":"Point","coordinates":[-47.959996,-16.12813]},"properties":{"kind":"FIXED","limit_kmh":40,"source":"OSM","active":true,"direction_deg":null}},{"type":"Feature","geometry":{"type":"Point","coordinates":[-49.649886,-16.128054]},"properties":{"kind":"FIXED","limit_kmh":60,"source":"DER-GO+OSM","active":true,"direction_deg":333}},{"type":"Feature","geometry":{"type":"Point","coordinates":[-47.960333,-16.127667]},"properties":{"kind":"FIXED","limit_kmh":40,"source":"DNIT","active":true,"direction_deg":149}},{"type":"Feature","geometry":{"type":"Point","coordinates":[-48.895143,-16.127488]},"properties":{"kind":"FIXED","limit_kmh":80,"source":"ANTT","active":true,"direction_deg":null}},{"type":"Feature","geometry":{"type":"Point","coordinates":[-49.651072,-16.126802]},"properties":{"kind":"FIXED","limit_kmh":60,"source":"DER-GO+OSM","active":true,"direction_deg":131}},{"type":"Feature","geometry":{"type":"Point","coordinates":[-48.424481,-16.121293]},"properties":{"kind":"FIXED","limit_kmh":null,"source":"OSM","active":true,"direction_deg":null}},{"type":"Feature","geometry":{"type":"Point","coordinates":[-47.492381,-16.111064]},"properties":{"kind":"FIXED","limit_kmh":40,"source":"DNIT","active":true,"direction_deg":null}},{"type":"Feature","geometry":{"type":"Point","coordinates":[-48.363106,-16.109632]},"properties":{"kind":"FIXED","limit_kmh":110,"source":"OSM","active":true,"direction_deg":null}},{"type":"Feature","geometry":{"type":"Point","coordinates":[-49.030959,-16.109264]},"properties":{"kind":"FIXED","limit_kmh":80,"source":"ANTT","active":true,"direction_deg":null}},{"type":"Feature","geometry":{"type":"Point","coordinates":[-47.972949,-16.107697]},"properties":{"kind":"FIXED","limit_kmh":40,"source":"DNIT","active":true,"direction_deg":null}},{"type":"Feature","geometry":{"type":"Point","coordinates":[-47.965005,-16.106953]},"properties":{"kind":"FIXED","limit_kmh":60,"source":"DER-GO","active":true,"direction_deg":24}},{"type":"Feature","geometry":{"type":"Point","coordinates":[-49.334406,-16.106504]},"properties":{"kind":"FIXED","limit_kmh":40,"source":"DER-GO+OSM","active":true,"direction_deg":201}},{"type":"Feature","geometry":{"type":"Point","coordinates":[-49.334202,-16.106401]},"properties":{"kind":"FIXED","limit_kmh":40,"source":"DER-GO+OSM","active":true,"direction_deg":21}},{"type":"Feature","geometry":{"type":"Point","coordinates":[-48.451473,-16.105597]},"properties":{"kind":"FIXED","limit_kmh":null,"source":"OSM","active":true,"direction_deg":null}},{"type":"Feature","geometry":{"type":"Point","coordinates":[-47.963111,-16.104406]},"properties":{"kind":"FIXED","limit_kmh":60,"source":"DER-GO","active":true,"direction_deg":246}},{"type":"Feature","geometry":{"type":"Point","coordinates":[-48.869386,-16.103908]},"properties":{"kind":"FIXED","limit_kmh":80,"source":"ANTT","active":true,"direction_deg":264}},{"type":"Feature","geometry":{"type":"Point","coordinates":[-48.46591,-16.101981]},"properties":{"kind":"FIXED","limit_kmh":null,"source":"OSM","active":true,"direction_deg":null}},{"type":"Feature","geometry":{"type":"Point","coordinates":[-50.128025,-16.099784]},"properties":{"kind":"FIXED","limit_kmh":60,"source":"DER-GO","active":true,"direction_deg":46}},{"type":"Feature","geometry":{"type":"Point","coordinates":[-47.978306,-16.099417]},"properties":{"kind":"FIXED","limit_kmh":60,"source":"DNIT","active":true,"direction_deg":null}},{"type":"Feature","geometry":{"type":"Point","coordinates":[-48.47676,-16.098446]},"properties":{"kind":"FIXED","limit_kmh":null,"source":"OSM","active":true,"direction_deg":null}},{"type":"Feature","geometry":{"type":"Point","coordinates":[-49.704157,-16.09745]},"properties":{"kind":"FIXED","limit_kmh":110,"source":"DER-GO+OSM","active":true,"direction_deg":294}},{"type":"Feature","geometry":{"type":"Point","coordinates":[-49.706707,-16.096902]},"properties":{"kind":"FIXED","limit_kmh":110,"source":"DER-GO+OSM","active":true,"direction_deg":103}},{"type":"Feature","geometry":{"type":"Point","coordinates":[-50.124226,-16.096269]},"properties":{"kind":"FIXED","limit_kmh":60,"source":"DER-GO","active":true,"direction_deg":null}},{"type":"Feature","geometry":{"type":"Point","coordinates":[-50.120584,-16.092988]},"properties":{"kind":"FIXED","limit_kmh":60,"source":"DER-GO","active":true,"direction_deg":227}},{"type":"Feature","geometry":{"type":"Point","coordinates":[-47.984444,-16.089028]},"properties":{"kind":"FIXED","limit_kmh":60,"source":"DNIT","active":true,"direction_deg":328}},{"type":"Feature","geometry":{"type":"Point","coordinates":[-47.986381,-16.086342]},"properties":{"kind":"FIXED","limit_kmh":60,"source":"DNIT","active":true,"direction_deg":160}},{"type":"Feature","geometry":{"type":"Point","coordinates":[-49.32486,-16.085486]},"properties":{"kind":"FIXED","limit_kmh":80,"source":"DER-GO","active":true,"direction_deg":23}},{"type":"Feature","geometry":{"type":"Point","coordinates":[-49.324038,-16.08265]},"properties":{"kind":"FIXED","limit_kmh":80,"source":"DER-GO","active":true,"direction_deg":203}},{"type":"Feature","geometry":{"type":"Point","coordinates":[-47.522644,-16.082087]},"properties":{"kind":"FIXED","limit_kmh":40,"source":"DNIT","active":true,"direction_deg":null}},{"type":"Feature","geometry":{"type":"Point","coordinates":[-47.986222,-16.080889]},"properties":{"kind":"FIXED","limit_kmh":60,"source":"DNIT","active":true,"direction_deg":9}},{"type":"Feature","geometry":{"type":"Point","coordinates":[-48.065777,-16.079079]},"properties":{"kind":"FIXED","limit_kmh":40,"source":"DER-GO","active":true,"direction_deg":null}},{"type":"Feature","geometry":{"type":"Point","coordinates":[-47.985913,-16.077687]},"properties":{"kind":"FIXED","limit_kmh":60,"source":"DNIT","active":true,"direction_deg":189}},{"type":"Feature","geometry":{"type":"Point","coordinates":[-48.065411,-16.076426]},"properties":{"kind":"FIXED","limit_kmh":40,"source":"DER-GO","active":true,"direction_deg":7}},{"type":"Feature","geometry":{"type":"Point","coordinates":[-49.768429,-16.069741]},"properties":{"kind":"FIXED","limit_kmh":80,"source":"DER-GO","active":true,"direction_deg":97}},{"type":"Feature","geometry":{"type":"Point","coordinates":[-48.064351,-16.068608]},"properties":{"kind":"FIXED","limit_kmh":40,"source":"DER-GO","active":true,"direction_deg":8}},{"type":"Feature","geometry":{"type":"Point","coordinates":[-48.064445,-16.068085]},"properties":{"kind":"FIXED","limit_kmh":40,"source":"DER-GO","active":true,"direction_deg":188}},{"type":"Feature","geometry":{"type":"Point","coordinates":[-49.059638,-16.067973]},"properties":{"kind":"FIXED","limit_kmh":80,"source":"ANTT","active":true,"direction_deg":null}},{"type":"Feature","geometry":{"type":"Point","coordinates":[-47.531611,-16.066807]},"properties":{"kind":"FIXED","limit_kmh":40,"source":"DNIT","active":true,"direction_deg":null}},{"type":"Feature","geometry":{"type":"Point","coordinates":[-48.854558,-16.064577]},"properties":{"kind":"FIXED","limit_kmh":40,"source":"OSM","active":true,"direction_deg":null}},{"type":"Feature","geometry":{"type":"Point","coordinates":[-48.854551,-16.063271]},"properties":{"kind":"FIXED","limit_kmh":40,"source":"OSM","active":true,"direction_deg":null}},{"type":"Feature","geometry":{"type":"Point","coordinates":[-48.854535,-16.06306]},"properties":{"kind":"FIXED","limit_kmh":40,"source":"OSM","active":true,"direction_deg":null}},{"type":"Feature","geometry":{"type":"Point","coordinates":[-47.983611,-16.062639]},"properties":{"kind":"FIXED","limit_kmh":60,"source":"DNIT+OSM","active":true,"direction_deg":189}},{"type":"Feature","geometry":{"type":"Point","coordinates":[-47.983306,-16.062556]},"properties":{"kind":"FIXED","limit_kmh":60,"source":"DNIT","active":true,"direction_deg":9}},{"type":"Feature","geometry":{"type":"Point","coordinates":[-47.983297,-16.06228]},"properties":{"kind":"FIXED","limit_kmh":60,"source":"OSM","active":true,"direction_deg":null}},{"type":"Feature","geometry":{"type":"Point","coordinates":[-48.061867,-16.059054]},"properties":{"kind":"FIXED","limit_kmh":40,"source":"DER-GO","active":true,"direction_deg":231}},{"type":"Feature","geometry":{"type":"Point","coordinates":[-48.523674,-16.058171]},"properties":{"kind":"FIXED","limit_kmh":40,"source":"DER-GO","active":true,"direction_deg":null}},{"type":"Feature","geometry":{"type":"Point","coordinates":[-49.612194,-16.055046]},"properties":{"kind":"FIXED","limit_kmh":40,"source":"DER-GO","active":true,"direction_deg":16}},{"type":"Feature","geometry":{"type":"Point","coordinates":[-47.982009,-16.054511]},"properties":{"kind":"FIXED","limit_kmh":60,"source":"OSM","active":true,"direction_deg":null}},{"type":"Feature","geometry":{"type":"Point","coordinates":[-48.054809,-16.053899]},"properties":{"kind":"FIXED","limit_kmh":40,"source":"DER-GO","active":true,"direction_deg":232}},{"type":"Feature","geometry":{"type":"Point","coordinates":[-47.981917,-16.052716]},"properties":{"kind":"FIXED","limit_kmh":60,"source":"DNIT","active":true,"direction_deg":189}},{"type":"Feature","geometry":{"type":"Point","coordinates":[-49.611553,-16.052574]},"properties":{"kind":"FIXED","limit_kmh":40,"source":"DER-GO","active":true,"direction_deg":197}},{"type":"Feature","geometry":{"type":"Point","coordinates":[-47.981917,-16.052358]},"properties":{"kind":"FIXED","limit_kmh":60,"source":"OSM","active":true,"direction_deg":null}},{"type":"Feature","geometry":{"type":"Point","coordinates":[-48.853335,-16.052248]},"properties":{"kind":"FIXED","limit_kmh":40,"source":"ANTT","active":true,"direction_deg":null}},{"type":"Feature","geometry":{"type":"Point","coordinates":[-47.981434,-16.051243]},"properties":{"kind":"FIXED","limit_kmh":40,"source":"OSM","active":true,"direction_deg":null}},{"type":"Feature","geometry":{"type":"Point","coordinates":[-47.981721,-16.051211]},"properties":{"kind":"FIXED","limit_kmh":40,"source":"OSM","active":true,"direction_deg":null}},{"type":"Feature","geometry":{"type":"Point","coordinates":[-49.306651,-16.05023]},"properties":{"kind":"FIXED","limit_kmh":80,"source":"DER-GO","active":true,"direction_deg":14}},{"type":"Feature","geometry":{"type":"Point","coordinates":[-48.048469,-16.05]},"properties":{"kind":"FIXED","limit_kmh":60,"source":"DER-GO","active":true,"direction_deg":null}},{"type":"Feature","geometry":{"type":"Point","coordinates":[-49.789423,-16.046519]},"properties":{"kind":"FIXED","limit_kmh":40,"source":"DER-GO+OSM","active":true,"direction_deg":155}},{"type":"Feature","geometry":{"type":"Point","coordinates":[-49.789309,-16.046413]},"properties":{"kind":"FIXED","limit_kmh":40,"source":"DER-GO+OSM","active":true,"direction_deg":335}},{"type":"Feature","geometry":{"type":"Point","coordinates":[-49.790508,-16.044202]},"properties":{"kind":"FIXED","limit_kmh":40,"source":"DER-GO","active":true,"direction_deg":337}},{"type":"Feature","geometry":{"type":"Point","coordinates":[-49.793257,-16.0382]},"properties":{"kind":"FIXED","limit_kmh":40,"source":"DER-GO","active":true,"direction_deg":335}},{"type":"Feature","geometry":{"type":"Point","coordinates":[-49.793733,-16.037342]},"properties":{"kind":"FIXED","limit_kmh":40,"source":"DER-GO","active":true,"direction_deg":158}},{"type":"Feature","geometry":{"type":"Point","coordinates":[-48.864081,-16.034928]},"properties":{"kind":"FIXED","limit_kmh":80,"source":"DER-GO","active":true,"direction_deg":null}},{"type":"Feature","geometry":{"type":"Point","coordinates":[-49.794922,-16.03457]},"properties":{"kind":"FIXED","limit_kmh":40,"source":"DER-GO","active":true,"direction_deg":337}},{"type":"Feature","geometry":{"type":"Point","coordinates":[-49.795907,-16.032603]},"properties":{"kind":"FIXED","limit_kmh":40,"source":"DER-GO","active":true,"direction_deg":156}},{"type":"Feature","geometry":{"type":"Point","coordinates":[-49.798099,-16.028695]},"properties":{"kind":"FIXED","limit_kmh":40,"source":"DER-GO+OSM","active":true,"direction_deg":312}},{"type":"Feature","geometry":{"type":"Point","coordinates":[-49.799622,-16.027843]},"properties":{"kind":"FIXED","limit_kmh":40,"source":"DER-GO+OSM","active":true,"direction_deg":117}},{"type":"Feature","geometry":{"type":"Point","coordinates":[-49.777448,-16.025126]},"properties":{"kind":"FIXED","limit_kmh":60,"source":"DNIT","active":true,"direction_deg":null}},{"type":"Feature","geometry":{"type":"Point","coordinates":[-49.819378,-16.02168]},"properties":{"kind":"FIXED","limit_kmh":60,"source":"DER-GO+OSM","active":true,"direction_deg":111}},{"type":"Feature","geometry":{"type":"Point","coordinates":[-49.829782,-16.021555]},"properties":{"kind":"FIXED","limit_kmh":60,"source":"DER-GO","active":true,"direction_deg":87}},{"type":"Feature","geometry":{"type":"Point","coordinates":[-49.828876,-16.021051]},"properties":{"kind":"FIXED","limit_kmh":60,"source":"DER-GO","active":true,"direction_deg":268}},{"type":"Feature","geometry":{"type":"Point","coordinates":[-49.063342,-16.013046]},"properties":{"kind":"FIXED","limit_kmh":80,"source":"DER-GO","active":true,"direction_deg":null}},{"type":"Feature","geometry":{"type":"Point","coordinates":[-49.295602,-16.013045]},"properties":{"kind":"FIXED","limit_kmh":60,"source":"DER-GO","active":true,"direction_deg":24}},{"type":"Feature","geometry":{"type":"Point","coordinates":[-49.799068,-16.012188]},"properties":{"kind":"FIXED","limit_kmh":40,"source":"DER-GO","active":true,"direction_deg":36}},{"type":"Feature","geometry":{"type":"Point","coordinates":[-51.392855,-16.012001]},"properties":{"kind":"FIXED","limit_kmh":40,"source":"DER-GO","active":true,"direction_deg":24}},{"type":"Feature","geometry":{"type":"Point","coordinates":[-51.392762,-16.011663]},"properties":{"kind":"FIXED","limit_kmh":40,"source":"DER-GO","active":true,"direction_deg":205}},{"type":"Feature","geometry":{"type":"Point","coordinates":[-49.795773,-16.007831]},"properties":{"kind":"FIXED","limit_kmh":40,"source":"DER-GO","active":true,"direction_deg":216}},{"type":"Feature","geometry":{"type":"Point","coordinates":[-49.294657,-16.007174]},"properties":{"kind":"FIXED","limit_kmh":60,"source":"DER-GO","active":true,"direction_deg":196}},{"type":"Feature","geometry":{"type":"Point","coordinates":[-49.999719,-16.005161]},"properties":{"kind":"FIXED","limit_kmh":60,"source":"DER-GO","active":true,"direction_deg":96}},{"type":"Feature","geometry":{"type":"Point","coordinates":[-50.005588,-16.004786]},"properties":{"kind":"FIXED","limit_kmh":60,"source":"DER-GO","active":true,"direction_deg":274}},{"type":"Feature","geometry":{"type":"Point","coordinates":[-51.383743,-16.002019]},"properties":{"kind":"FIXED","limit_kmh":40,"source":"DER-GO","active":true,"direction_deg":null}},{"type":"Feature","geometry":{"type":"Point","coordinates":[-50.068477,-16.001692]},"properties":{"kind":"FIXED","limit_kmh":60,"source":"DER-GO","active":true,"direction_deg":287}},{"type":"Feature","geometry":{"type":"Point","coordinates":[-50.809758,-15.999239]},"properties":{"kind":"FIXED","limit_kmh":60,"source":"DER-GO","active":true,"direction_deg":null}},{"type":"Feature","geometry":{"type":"Point","coordinates":[-51.387422,-15.997736]},"properties":{"kind":"FIXED","limit_kmh":40,"source":"DER-GO","active":true,"direction_deg":355}},{"type":"Feature","geometry":{"type":"Point","coordinates":[-49.788994,-15.997682]},"properties":{"kind":"FIXED","limit_kmh":60,"source":"DER-GO","active":true,"direction_deg":8}},{"type":"Feature","geometry":{"type":"Point","coordinates":[-49.789043,-15.996573]},"properties":{"kind":"FIXED","limit_kmh":60,"source":"DER-GO","active":true,"direction_deg":177}},{"type":"Feature","geometry":{"type":"Point","coordinates":[-51.387521,-15.996007]},"properties":{"kind":"FIXED","limit_kmh":40,"source":"DER-GO","active":true,"direction_deg":24}},{"type":"Feature","geometry":{"type":"Point","coordinates":[-51.384548,-15.99093]},"properties":{"kind":"FIXED","limit_kmh":60,"source":"DER-GO","active":true,"direction_deg":210}},{"type":"Feature","geometry":{"type":"Point","coordinates":[-49.790555,-15.990727]},"properties":{"kind":"FIXED","limit_kmh":60,"source":"DER-GO","active":true,"direction_deg":null}},{"type":"Feature","geometry":{"type":"Point","coordinates":[-50.07717,-15.986731]},"properties":{"kind":"FIXED","limit_kmh":60,"source":"DER-GO","active":true,"direction_deg":316}},{"type":"Feature","geometry":{"type":"Point","coordinates":[-50.079894,-15.984698]},"properties":{"kind":"FIXED","limit_kmh":60,"source":"DER-GO","active":true,"direction_deg":136}},{"type":"Feature","geometry":{"type":"Point","coordinates":[-50.080074,-15.984463]},"properties":{"kind":"FIXED","limit_kmh":60,"source":"OSM","active":true,"direction_deg":null}},{"type":"Feature","geometry":{"type":"Point","coordinates":[-50.096601,-15.979724]},"properties":{"kind":"FIXED","limit_kmh":60,"source":"DER-GO","active":true,"direction_deg":268}},{"type":"Feature","geometry":{"type":"Point","coordinates":[-50.101934,-15.978108]},"properties":{"kind":"FIXED","limit_kmh":60,"source":"DER-GO","active":true,"direction_deg":136}},{"type":"Feature","geometry":{"type":"Point","coordinates":[-50.113753,-15.966638]},"properties":{"kind":"FIXED","limit_kmh":80,"source":"DER-GO","active":true,"direction_deg":99}},{"type":"Feature","geometry":{"type":"Point","coordinates":[-50.123246,-15.965404]},"properties":{"kind":"FIXED","limit_kmh":60,"source":"DER-GO","active":true,"direction_deg":292}},{"type":"Feature","geometry":{"type":"Point","coordinates":[-50.130234,-15.960875]},"properties":{"kind":"FIXED","limit_kmh":40,"source":"DER-GO+OSM","active":true,"direction_deg":335}},{"type":"Feature","geometry":{"type":"Point","coordinates":[-50.131393,-15.959599]},"properties":{"kind":"FIXED","limit_kmh":40,"source":"DER-GO","active":true,"direction_deg":96}},{"type":"Feature","geometry":{"type":"Point","coordinates":[-50.131713,-15.959504]},"properties":{"kind":"FIXED","limit_kmh":40,"source":"OSM","active":true,"direction_deg":null}},{"type":"Feature","geometry":{"type":"Point","coordinates":[-50.131145,-15.958903]},"properties":{"kind":"FIXED","limit_kmh":40,"source":"DER-GO+OSM","active":true,"direction_deg":null}},{"type":"Feature","geometry":{"type":"Point","coordinates":[-50.143173,-15.955698]},"properties":{"kind":"FIXED","limit_kmh":60,"source":"DER-GO","active":true,"direction_deg":323}},{"type":"Feature","geometry":{"type":"Point","coordinates":[-50.143648,-15.955214]},"properties":{"kind":"FIXED","limit_kmh":60,"source":"DER-GO","active":true,"direction_deg":142}},{"type":"Feature","geometry":{"type":"Point","coordinates":[-50.130623,-15.94873]},"properties":{"kind":"FIXED","limit_kmh":40,"source":"DER-GO+OSM","active":true,"direction_deg":null}},{"type":"Feature","geometry":{"type":"Point","coordinates":[-50.130646,-15.94835]},"properties":{"kind":"FIXED","limit_kmh":40,"source":"DER-GO","active":true,"direction_deg":null}},{"type":"Feature","geometry":{"type":"Point","coordinates":[-50.131278,-15.946216]},"properties":{"kind":"FIXED","limit_kmh":40,"source":"DER-GO","active":true,"direction_deg":null}},{"type":"Feature","geometry":{"type":"Point","coordinates":[-50.131489,-15.946026]},"properties":{"kind":"FIXED","limit_kmh":40,"source":"DER-GO","active":true,"direction_deg":null}},{"type":"Feature","geometry":{"type":"Point","coordinates":[-50.13176,-15.944747]},"properties":{"kind":"FIXED","limit_kmh":40,"source":"DER-GO","active":true,"direction_deg":null}},{"type":"Feature","geometry":{"type":"Point","coordinates":[-48.28117,-15.936476]},"properties":{"kind":"FIXED","limit_kmh":60,"source":"DER-GO","active":true,"direction_deg":302}},{"type":"Feature","geometry":{"type":"Point","coordinates":[-48.284148,-15.935315]},"properties":{"kind":"FIXED","limit_kmh":60,"source":"DER-GO","active":true,"direction_deg":101}},{"type":"Feature","geometry":{"type":"Point","coordinates":[-49.258105,-15.933505]},"properties":{"kind":"FIXED","limit_kmh":40,"source":"DER-GO","active":true,"direction_deg":348}},{"type":"Feature","geometry":{"type":"Point","coordinates":[-49.258306,-15.933504]},"properties":{"kind":"FIXED","limit_kmh":40,"source":"DER-GO","active":true,"direction_deg":168}},{"type":"Feature","geometry":{"type":"Point","coordinates":[-48.805083,-15.931451]},"properties":{"kind":"FIXED","limit_kmh":50,"source":"ANTT","active":true,"direction_deg":18}},{"type":"Feature","geometry":{"type":"Point","coordinates":[-48.8412,-15.931218]},"properties":{"kind":"FIXED","limit_kmh":80,"source":"DER-GO","active":true,"direction_deg":null}},{"type":"Feature","geometry":{"type":"Point","coordinates":[-50.137451,-15.930934]},"properties":{"kind":"FIXED","limit_kmh":60,"source":"DER-GO","active":true,"direction_deg":null}},{"type":"Feature","geometry":{"type":"Point","coordinates":[-49.605184,-15.929065]},"properties":{"kind":"FIXED","limit_kmh":40,"source":"DER-GO","active":true,"direction_deg":null}},{"type":"Feature","geometry":{"type":"Point","coordinates":[-50.137405,-15.925453]},"properties":{"kind":"FIXED","limit_kmh":60,"source":"DER-GO","active":true,"direction_deg":242}},{"type":"Feature","geometry":{"type":"Point","coordinates":[-49.790208,-15.924687]},"properties":{"kind":"FIXED","limit_kmh":40,"source":"DER-GO","active":true,"direction_deg":178}},{"type":"Feature","geometry":{"type":"Point","coordinates":[-49.790162,-15.924492]},"properties":{"kind":"FIXED","limit_kmh":40,"source":"DER-GO+OSM","active":true,"direction_deg":357}},{"type":"Feature","geometry":{"type":"Point","coordinates":[-48.944765,-15.921316]},"properties":{"kind":"FIXED","limit_kmh":40,"source":"DER-GO","active":true,"direction_deg":3}},{"type":"Feature","geometry":{"type":"Point","coordinates":[-48.796837,-15.920658]},"properties":{"kind":"FIXED","limit_kmh":40,"source":"DER-GO","active":true,"direction_deg":null}},{"type":"Feature","geometry":{"type":"Point","coordinates":[-48.799142,-15.92063]},"properties":{"kind":"FIXED","limit_kmh":60,"source":"DER-GO","active":true,"direction_deg":null}},{"type":"Feature","geometry":{"type":"Point","coordinates":[-48.821077,-15.920298]},"properties":{"kind":"FIXED","limit_kmh":60,"source":"DER-GO","active":true,"direction_deg":null}},{"type":"Feature","geometry":{"type":"Point","coordinates":[-48.94464,-15.919108]},"properties":{"kind":"FIXED","limit_kmh":40,"source":"DER-GO","active":true,"direction_deg":185}},{"type":"Feature","geometry":{"type":"Point","coordinates":[-48.809238,-15.918757]},"properties":{"kind":"FIXED","limit_kmh":40,"source":"DER-GO","active":true,"direction_deg":null}},{"type":"Feature","geometry":{"type":"Point","coordinates":[-48.807403,-15.916196]},"properties":{"kind":"FIXED","limit_kmh":50,"source":"ANTT","active":true,"direction_deg":246}},{"type":"Feature","geometry":{"type":"Point","coordinates":[-49.248812,-15.909911]},"properties":{"kind":"FIXED","limit_kmh":40,"source":"DER-GO","active":true,"direction_deg":31}},{"type":"Feature","geometry":{"type":"Point","coordinates":[-49.24793,-15.907742]},"properties":{"kind":"FIXED","limit_kmh":40,"source":"DER-GO","active":true,"direction_deg":211}},{"type":"Feature","geometry":{"type":"Point","coordinates":[-50.326614,-15.901135]},"properties":{"kind":"FIXED","limit_kmh":80,"source":"DER-GO","active":true,"direction_deg":95}},{"type":"Feature","geometry":{"type":"Point","coordinates":[-50.325941,-15.901133]},"properties":{"kind":"FIXED","limit_kmh":80,"source":"DER-GO","active":true,"direction_deg":92}},{"type":"Feature","geometry":{"type":"Point","coordinates":[-50.323926,-15.900662]},"properties":{"kind":"FIXED","limit_kmh":80,"source":"OSM","active":true,"direction_deg":null}},{"type":"Feature","geometry":{"type":"Point","coordinates":[-50.32339,-15.90033]},"properties":{"kind":"FIXED","limit_kmh":80,"source":"DER-GO","active":true,"direction_deg":241}},{"type":"Feature","geometry":{"type":"Point","coordinates":[-52.236944,-15.896962]},"properties":{"kind":"FIXED","limit_kmh":40,"source":"OSM","active":true,"direction_deg":null}},{"type":"Feature","geometry":{"type":"Point","coordinates":[-50.444565,-15.894999]},"properties":{"kind":"FIXED","limit_kmh":60,"source":"DER-GO","active":true,"direction_deg":90}},{"type":"Feature","geometry":{"type":"Point","coordinates":[-50.443343,-15.894963]},"properties":{"kind":"FIXED","limit_kmh":60,"source":"DER-GO","active":true,"direction_deg":275}},{"type":"Feature","geometry":{"type":"Point","coordinates":[-50.10483,-15.892329]},"properties":{"kind":"FIXED","limit_kmh":60,"source":"DER-GO","active":true,"direction_deg":168}},{"type":"Feature","geometry":{"type":"Point","coordinates":[-48.981555,-15.878965]},"properties":{"kind":"FIXED","limit_kmh":60,"source":"DER-GO","active":true,"direction_deg":null}},{"type":"Feature","geometry":{"type":"Point","coordinates":[-48.976359,-15.875941]},"properties":{"kind":"FIXED","limit_kmh":40,"source":"DER-GO","active":true,"direction_deg":null}},{"type":"Feature","geometry":{"type":"Point","coordinates":[-48.972455,-15.873598]},"properties":{"kind":"FIXED","limit_kmh":40,"source":"DER-GO","active":true,"direction_deg":null}},{"type":"Feature","geometry":{"type":"Point","coordinates":[-48.950356,-15.872848]},"properties":{"kind":"FIXED","limit_kmh":40,"source":"DER-GO","active":true,"direction_deg":359}},{"type":"Feature","geometry":{"type":"Point","coordinates":[-48.950373,-15.872836]},"properties":{"kind":"FIXED","limit_kmh":40,"source":"DER-GO","active":true,"direction_deg":179}},{"type":"Feature","geometry":{"type":"Point","coordinates":[-49.785916,-15.871238]},"properties":{"kind":"FIXED","limit_kmh":60,"source":"DER-GO","active":true,"direction_deg":1}},{"type":"Feature","geometry":{"type":"Point","coordinates":[-49.25339,-15.87111]},"properties":{"kind":"FIXED","limit_kmh":80,"source":"ANTT","active":true,"direction_deg":null}},{"type":"Feature","geometry":{"type":"Point","coordinates":[-49.787345,-15.867294]},"properties":{"kind":"FIXED","limit_kmh":60,"source":"DER-GO","active":true,"direction_deg":140}},{"type":"Feature","geometry":{"type":"Point","coordinates":[-48.951858,-15.867205]},"properties":{"kind":"FIXED","limit_kmh":40,"source":"DER-GO","active":true,"direction_deg":289}},{"type":"Feature","geometry":{"type":"Point","coordinates":[-48.954325,-15.866644]},"properties":{"kind":"FIXED","limit_kmh":40,"source":"DER-GO","active":true,"direction_deg":87}},{"type":"Feature","geometry":{"type":"Point","coordinates":[-50.0889,-15.86482]},"properties":{"kind":"FIXED","limit_kmh":80,"source":"DER-GO","active":true,"direction_deg":null}},{"type":"Feature","geometry":{"type":"Point","coordinates":[-50.867735,-15.86433]},"properties":{"kind":"FIXED","limit_kmh":40,"source":"DER-GO","active":true,"direction_deg":92}},{"type":"Feature","geometry":{"type":"Point","coordinates":[-48.962172,-15.863418]},"properties":{"kind":"FIXED","limit_kmh":40,"source":"DER-GO","active":true,"direction_deg":null}},{"type":"Feature","geometry":{"type":"Point","coordinates":[-50.86898,-15.861962]},"properties":{"kind":"FIXED","limit_kmh":40,"source":"DER-GO","active":true,"direction_deg":182}},{"type":"Feature","geometry":{"type":"Point","coordinates":[-48.969681,-15.861667]},"properties":{"kind":"FIXED","limit_kmh":40,"source":"DER-GO","active":true,"direction_deg":null}},{"type":"Feature","geometry":{"type":"Point","coordinates":[-48.967549,-15.85548]},"properties":{"kind":"FIXED","limit_kmh":40,"source":"DER-GO","active":true,"direction_deg":18}},{"type":"Feature","geometry":{"type":"Point","coordinates":[-48.968268,-15.854889]},"properties":{"kind":"FIXED","limit_kmh":40,"source":"DER-GO","active":true,"direction_deg":103}},{"type":"Feature","geometry":{"type":"Point","coordinates":[-48.976834,-15.851523]},"properties":{"kind":"FIXED","limit_kmh":40,"source":"DER-GO","active":true,"direction_deg":null}},{"type":"Feature","geometry":{"type":"Point","coordinates":[-49.294115,-15.809904]},"properties":{"kind":"FIXED","limit_kmh":80,"source":"ANTT","active":true,"direction_deg":null}},{"type":"Feature","geometry":{"type":"Point","coordinates":[-46.930099,-15.798392]},"properties":{"kind":"FIXED","limit_kmh":40,"source":"DER-GO+OSM","active":true,"direction_deg":null}},{"type":"Feature","geometry":{"type":"Point","coordinates":[-49.303159,-15.786291]},"properties":{"kind":"FIXED","limit_kmh":80,"source":"ANTT","active":true,"direction_deg":null}},{"type":"Feature","geometry":{"type":"Point","coordinates":[-48.232171,-15.774441]},"properties":{"kind":"FIXED","limit_kmh":60,"source":"DNIT","active":true,"direction_deg":204}},{"type":"Feature","geometry":{"type":"Point","coordinates":[-51.095637,-15.76974]},"properties":{"kind":"FIXED","limit_kmh":60,"source":"DER-GO","active":true,"direction_deg":null}},{"type":"Feature","geometry":{"type":"Point","coordinates":[-49.627875,-15.763279]},"properties":{"kind":"FIXED","limit_kmh":40,"source":"DER-GO","active":true,"direction_deg":246}},{"type":"Feature","geometry":{"type":"Point","coordinates":[-49.33989,-15.76124]},"properties":{"kind":"FIXED","limit_kmh":40,"source":"DER-GO","active":true,"direction_deg":106}},{"type":"Feature","geometry":{"type":"Point","coordinates":[-49.339722,-15.7612]},"properties":{"kind":"FIXED","limit_kmh":40,"source":"DER-GO","active":true,"direction_deg":283}},{"type":"Feature","geometry":{"type":"Point","coordinates":[-49.335568,-15.761146]},"properties":{"kind":"FIXED","limit_kmh":40,"source":"DER-GO","active":true,"direction_deg":278}},{"type":"Feature","geometry":{"type":"Point","coordinates":[-49.33595,-15.76105]},"properties":{"kind":"FIXED","limit_kmh":40,"source":"DER-GO","active":true,"direction_deg":99}},{"type":"Feature","geometry":{"type":"Point","coordinates":[-48.245807,-15.760119]},"properties":{"kind":"FIXED","limit_kmh":60,"source":"DNIT","active":true,"direction_deg":102}},{"type":"Feature","geometry":{"type":"Point","coordinates":[-48.2457,-15.7598]},"properties":{"kind":"FIXED","limit_kmh":60,"source":"DNIT","active":true,"direction_deg":282}},{"type":"Feature","geometry":{"type":"Point","coordinates":[-48.250368,-15.759025]},"properties":{"kind":"FIXED","limit_kmh":60,"source":"DNIT","active":true,"direction_deg":108}},{"type":"Feature","geometry":{"type":"Point","coordinates":[-48.325353,-15.752046]},"properties":{"kind":"FIXED","limit_kmh":60,"source":"DNIT","active":true,"direction_deg":47}},{"type":"Feature","geometry":{"type":"Point","coordinates":[-48.325699,-15.751531]},"properties":{"kind":"FIXED","limit_kmh":60,"source":"DNIT","active":true,"direction_deg":227}},{"type":"Feature","geometry":{"type":"Point","coordinates":[-48.260238,-15.751456]},"properties":{"kind":"FIXED","limit_kmh":60,"source":"DNIT","active":true,"direction_deg":null}},{"type":"Feature","geometry":{"type":"Point","coordinates":[-47.024144,-15.749685]},"properties":{"kind":"FIXED","limit_kmh":60,"source":"DER-GO","active":true,"direction_deg":330}},{"type":"Feature","geometry":{"type":"Point","coordinates":[-48.2654,-15.7462]},"properties":{"kind":"FIXED","limit_kmh":60,"source":"DNIT","active":true,"direction_deg":null}},{"type":"Feature","geometry":{"type":"Point","coordinates":[-47.026546,-15.745825]},"properties":{"kind":"FIXED","limit_kmh":60,"source":"DER-GO","active":true,"direction_deg":150}},{"type":"Feature","geometry":{"type":"Point","coordinates":[-49.366814,-15.743752]},"properties":{"kind":"FIXED","limit_kmh":80,"source":"DER-GO","active":true,"direction_deg":null}},{"type":"Feature","geometry":{"type":"Point","coordinates":[-48.3145,-15.7422]},"properties":{"kind":"FIXED","limit_kmh":60,"source":"DNIT","active":true,"direction_deg":58}},{"type":"Feature","geometry":{"type":"Point","coordinates":[-48.314799,-15.741721]},"properties":{"kind":"FIXED","limit_kmh":60,"source":"DNIT","active":true,"direction_deg":238}},{"type":"Feature","geometry":{"type":"Point","coordinates":[-48.2703,-15.741]},"properties":{"kind":"FIXED","limit_kmh":60,"source":"DNIT","active":true,"direction_deg":317}},{"type":"Feature","geometry":{"type":"Point","coordinates":[-48.2709,-15.7409]},"properties":{"kind":"FIXED","limit_kmh":60,"source":"DNIT","active":true,"direction_deg":137}},{"type":"Feature","geometry":{"type":"Point","coordinates":[-48.310693,-15.740677]},"properties":{"kind":"FIXED","limit_kmh":60,"source":"DNIT","active":true,"direction_deg":79}},{"type":"Feature","geometry":{"type":"Point","coordinates":[-48.310814,-15.740408]},"properties":{"kind":"FIXED","limit_kmh":60,"source":"DNIT","active":true,"direction_deg":259}},{"type":"Feature","geometry":{"type":"Point","coordinates":[-48.301484,-15.739065]},"properties":{"kind":"FIXED","limit_kmh":60,"source":"DNIT","active":true,"direction_deg":80}},{"type":"Feature","geometry":{"type":"Point","coordinates":[-48.301615,-15.738802]},"properties":{"kind":"FIXED","limit_kmh":60,"source":"DNIT","active":true,"direction_deg":260}},{"type":"Feature","geometry":{"type":"Point","coordinates":[-48.2907,-15.7374]},"properties":{"kind":"FIXED","limit_kmh":60,"source":"DNIT","active":true,"direction_deg":78}},{"type":"Feature","geometry":{"type":"Point","coordinates":[-49.322539,-15.736904]},"properties":{"kind":"FIXED","limit_kmh":50,"source":"ANTT","active":true,"direction_deg":340}},{"type":"Feature","geometry":{"type":"Point","coordinates":[-48.290335,-15.736852]},"properties":{"kind":"FIXED","limit_kmh":60,"source":"DNIT","active":true,"direction_deg":259}},{"type":"Feature","geometry":{"type":"Point","coordinates":[-48.2752,-15.7366]},"properties":{"kind":"FIXED","limit_kmh":60,"source":"DNIT+OSM","active":true,"direction_deg":123}},{"type":"Feature","geometry":{"type":"Point","coordinates":[-48.275152,-15.736532]},"properties":{"kind":"FIXED","limit_kmh":60,"source":"DNIT+OSM","active":true,"direction_deg":303}},{"type":"Feature","geometry":{"type":"Point","coordinates":[-48.2866,-15.7365]},"properties":{"kind":"FIXED","limit_kmh":60,"source":"DNIT","active":true,"direction_deg":80}},{"type":"Feature","geometry":{"type":"Point","coordinates":[-48.2861,-15.7362]},"properties":{"kind":"FIXED","limit_kmh":60,"source":"DNIT","active":true,"direction_deg":261}},{"type":"Feature","geometry":{"type":"Point","coordinates":[-49.045238,-15.734728]},"properties":{"kind":"FIXED","limit_kmh":60,"source":"DER-GO","active":true,"direction_deg":null}},{"type":"Feature","geometry":{"type":"Point","coordinates":[-49.045465,-15.734531]},"properties":{"kind":"FIXED","limit_kmh":40,"source":"DER-GO","active":true,"direction_deg":322}},{"type":"Feature","geometry":{"type":"Point","coordinates":[-49.046386,-15.734362]},"properties":{"kind":"FIXED","limit_kmh":60,"source":"DER-GO","active":true,"direction_deg":61}},{"type":"Feature","geometry":{"type":"Point","coordinates":[-49.323849,-15.733853]},"properties":{"kind":"FIXED","limit_kmh":50,"source":"ANTT","active":true,"direction_deg":156}},{"type":"Feature","geometry":{"type":"Point","coordinates":[-49.824346,-15.722188]},"properties":{"kind":"FIXED","limit_kmh":40,"source":"DER-GO","active":true,"direction_deg":null}},{"type":"Feature","geometry":{"type":"Point","coordinates":[-48.699035,-15.722055]},"properties":{"kind":"FIXED","limit_kmh":60,"source":"ANTT","active":true,"direction_deg":null}},{"type":"Feature","geometry":{"type":"Point","coordinates":[-49.316924,-15.72175]},"properties":{"kind":"FIXED","limit_kmh":60,"source":"DER-GO","active":true,"direction_deg":28}},{"type":"Feature","geometry":{"type":"Point","coordinates":[-49.316423,-15.720825]},"properties":{"kind":"FIXED","limit_kmh":60,"source":"DER-GO","active":true,"direction_deg":215}},{"type":"Feature","geometry":{"type":"Point","coordinates":[-49.825437,-15.717552]},"properties":{"kind":"FIXED","limit_kmh":40,"source":"DER-GO","active":true,"direction_deg":168}},{"type":"Feature","geometry":{"type":"Point","coordinates":[-49.825376,-15.717468]},"properties":{"kind":"FIXED","limit_kmh":40,"source":"DER-GO","active":true,"direction_deg":348}},{"type":"Feature","geometry":{"type":"Point","coordinates":[-49.329607,-15.715916]},"properties":{"kind":"FIXED","limit_kmh":80,"source":"ANTT","active":true,"direction_deg":null}},{"type":"Feature","geometry":{"type":"Point","coordinates":[-48.695734,-15.715381]},"properties":{"kind":"FIXED","limit_kmh":60,"source":"ANTT","active":true,"direction_deg":null}},{"type":"Feature","geometry":{"type":"Point","coordinates":[-48.700759,-15.671297]},"properties":{"kind":"FIXED","limit_kmh":60,"source":"ANTT","active":true,"direction_deg":40}},{"type":"Feature","geometry":{"type":"Point","coordinates":[-48.698215,-15.670209]},"properties":{"kind":"FIXED","limit_kmh":60,"source":"ANTT","active":true,"direction_deg":267}},{"type":"Feature","geometry":{"type":"Point","coordinates":[-49.852696,-15.603815]},"properties":{"kind":"FIXED","limit_kmh":60,"source":"DER-GO","active":true,"direction_deg":300}},{"type":"Feature","geometry":{"type":"Point","coordinates":[-49.85688,-15.601562]},"properties":{"kind":"FIXED","limit_kmh":60,"source":"DER-GO","active":true,"direction_deg":120}},{"type":"Feature","geometry":{"type":"Point","coordinates":[-47.342712,-15.581482]},"properties":{"kind":"FIXED","limit_kmh":60,"source":"DETRAN-DF","active":true,"direction_deg":null}},{"type":"Feature","geometry":{"type":"Point","coordinates":[-49.958901,-15.578082]},"properties":{"kind":"FIXED","limit_kmh":80,"source":"DER-GO","active":true,"direction_deg":null}},{"type":"Feature","geometry":{"type":"Point","coordinates":[-49.287865,-15.577862]},"properties":{"kind":"FIXED","limit_kmh":80,"source":"DER-GO","active":true,"direction_deg":351}},{"type":"Feature","geometry":{"type":"Point","coordinates":[-49.262689,-15.569012]},"properties":{"kind":"FIXED","limit_kmh":80,"source":"DER-GO","active":true,"direction_deg":null}},{"type":"Feature","geometry":{"type":"Point","coordinates":[-49.916697,-15.560749]},"properties":{"kind":"FIXED","limit_kmh":40,"source":"DER-GO","active":true,"direction_deg":null}},{"type":"Feature","geometry":{"type":"Point","coordinates":[-49.930905,-15.557323]},"properties":{"kind":"FIXED","limit_kmh":40,"source":"DER-GO+OSM","active":true,"direction_deg":null}},{"type":"Feature","geometry":{"type":"Point","coordinates":[-47.337931,-15.555185]},"properties":{"kind":"FIXED","limit_kmh":40,"source":"DER-GO","active":true,"direction_deg":0}},{"type":"Feature","geometry":{"type":"Point","coordinates":[-49.943848,-15.553993]},"properties":{"kind":"FIXED","limit_kmh":40,"source":"DER-GO","active":true,"direction_deg":null}},{"type":"Feature","geometry":{"type":"Point","coordinates":[-49.959793,-15.553002]},"properties":{"kind":"FIXED","limit_kmh":60,"source":"DER-GO","active":true,"direction_deg":null}},{"type":"Feature","geometry":{"type":"Point","coordinates":[-47.166695,-15.54776]},"properties":{"kind":"FIXED","limit_kmh":60,"source":"DNIT","active":true,"direction_deg":72}},{"type":"Feature","geometry":{"type":"Point","coordinates":[-49.939304,-15.54697]},"properties":{"kind":"FIXED","limit_kmh":40,"source":"DER-GO","active":true,"direction_deg":null}},{"type":"Feature","geometry":{"type":"Point","coordinates":[-47.162656,-15.546255]},"properties":{"kind":"FIXED","limit_kmh":60,"source":"DNIT","active":true,"direction_deg":252}},{"type":"Feature","geometry":{"type":"Point","coordinates":[-47.335068,-15.535673]},"properties":{"kind":"FIXED","limit_kmh":40,"source":"DER-GO","active":true,"direction_deg":null}},{"type":"Feature","geometry":{"type":"Point","coordinates":[-47.334804,-15.533791]},"properties":{"kind":"FIXED","limit_kmh":40,"source":"DER-GO","active":true,"direction_deg":null}},{"type":"Feature","geometry":{"type":"Point","coordinates":[-49.673842,-15.521152]},"properties":{"kind":"FIXED","limit_kmh":60,"source":"DER-GO","active":true,"direction_deg":335}},{"type":"Feature","geometry":{"type":"Point","coordinates":[-49.225805,-15.52081]},"properties":{"kind":"FIXED","limit_kmh":60,"source":"DER-GO","active":true,"direction_deg":28}},{"type":"Feature","geometry":{"type":"Point","coordinates":[-49.674292,-15.520417]},"properties":{"kind":"FIXED","limit_kmh":60,"source":"DER-GO","active":true,"direction_deg":155}},{"type":"Feature","geometry":{"type":"Point","coordinates":[-49.675127,-15.518599]},"properties":{"kind":"FIXED","limit_kmh":40,"source":"DER-GO","active":true,"direction_deg":null}},{"type":"Feature","geometry":{"type":"Point","coordinates":[-49.224514,-15.518471]},"properties":{"kind":"FIXED","limit_kmh":40,"source":"DER-GO","active":true,"direction_deg":211}},{"type":"Feature","geometry":{"type":"Point","coordinates":[-49.672492,-15.513631]},"properties":{"kind":"FIXED","limit_kmh":40,"source":"DER-GO","active":true,"direction_deg":67}},{"type":"Feature","geometry":{"type":"Point","coordinates":[-49.671971,-15.513325]},"properties":{"kind":"FIXED","limit_kmh":40,"source":"DER-GO","active":true,"direction_deg":245}},{"type":"Feature","geometry":{"type":"Point","coordinates":[-49.668608,-15.511912]},"properties":{"kind":"FIXED","limit_kmh":80,"source":"DER-GO","active":true,"direction_deg":null}},{"type":"Feature","geometry":{"type":"Point","coordinates":[-49.637843,-15.506394]},"properties":{"kind":"FIXED","limit_kmh":60,"source":"DER-GO","active":true,"direction_deg":88}},{"type":"Feature","geometry":{"type":"Point","coordinates":[-49.636382,-15.506097]},"properties":{"kind":"FIXED","limit_kmh":60,"source":"DER-GO","active":true,"direction_deg":254}},{"type":"Feature","geometry":{"type":"Point","coordinates":[-49.47851,-15.505152]},"properties":{"kind":"FIXED","limit_kmh":60,"source":"ANTT","active":true,"direction_deg":null}},{"type":"Feature","geometry":{"type":"Point","coordinates":[-49.693717,-15.503841]},"properties":{"kind":"FIXED","limit_kmh":40,"source":"DER-GO","active":true,"direction_deg":42}},{"type":"Feature","geometry":{"type":"Point","coordinates":[-49.69309,-15.50313]},"properties":{"kind":"FIXED","limit_kmh":40,"source":"DER-GO","active":true,"direction_deg":229}},{"type":"Feature","geometry":{"type":"Point","coordinates":[-47.34563,-15.501208]},"properties":{"kind":"FIXED","limit_kmh":60,"source":"DER-GO","active":true,"direction_deg":null}},{"type":"Feature","geometry":{"type":"Point","coordinates":[-49.210692,-15.500598]},"properties":{"kind":"FIXED","limit_kmh":60,"source":"DER-GO","active":true,"direction_deg":235}},{"type":"Feature","geometry":{"type":"Point","coordinates":[-49.693084,-15.494941]},"properties":{"kind":"FIXED","limit_kmh":40,"source":"DER-GO","active":true,"direction_deg":313}},{"type":"Feature","geometry":{"type":"Point","coordinates":[-49.693685,-15.494439]},"properties":{"kind":"FIXED","limit_kmh":40,"source":"DER-GO","active":true,"direction_deg":133}},{"type":"Feature","geometry":{"type":"Point","coordinates":[-47.106912,-15.49376]},"properties":{"kind":"FIXED","limit_kmh":60,"source":"OSM","active":true,"direction_deg":null}},{"type":"Feature","geometry":{"type":"Point","coordinates":[-47.106683,-15.493271]},"properties":{"kind":"FIXED","limit_kmh":60,"source":"OSM","active":true,"direction_deg":null}},{"type":"Feature","geometry":{"type":"Point","coordinates":[-49.194147,-15.489266]},"properties":{"kind":"FIXED","limit_kmh":60,"source":"DER-GO","active":true,"direction_deg":null}},{"type":"Feature","geometry":{"type":"Point","coordinates":[-48.618535,-15.486599]},"properties":{"kind":"FIXED","limit_kmh":60,"source":"ANTT","active":true,"direction_deg":null}},{"type":"Feature","geometry":{"type":"Point","coordinates":[-49.49578,-15.474912]},"properties":{"kind":"FIXED","limit_kmh":50,"source":"ANTT","active":true,"direction_deg":null}},{"type":"Feature","geometry":{"type":"Point","coordinates":[-47.60115,-15.47139]},"properties":{"kind":"FIXED","limit_kmh":40,"source":"DER-GO","active":true,"direction_deg":null}},{"type":"Feature","geometry":{"type":"Point","coordinates":[-47.601242,-15.468907]},"properties":{"kind":"FIXED","limit_kmh":40,"source":"DER-GO","active":true,"direction_deg":334}},{"type":"Feature","geometry":{"type":"Point","coordinates":[-47.601907,-15.467831]},"properties":{"kind":"FIXED","limit_kmh":40,"source":"DER-GO","active":true,"direction_deg":155}},{"type":"Feature","geometry":{"type":"Point","coordinates":[-50.351812,-15.465616]},"properties":{"kind":"FIXED","limit_kmh":80,"source":"DER-GO","active":true,"direction_deg":314}},{"type":"Feature","geometry":{"type":"Point","coordinates":[-50.352701,-15.464883]},"properties":{"kind":"FIXED","limit_kmh":80,"source":"DER-GO","active":true,"direction_deg":137}},{"type":"Feature","geometry":{"type":"Point","coordinates":[-47.502245,-15.456149]},"properties":{"kind":"FIXED","limit_kmh":40,"source":"DER-GO","active":true,"direction_deg":null}},{"type":"Feature","geometry":{"type":"Point","coordinates":[-47.504119,-15.45113]},"properties":{"kind":"FIXED","limit_kmh":80,"source":"DER-GO","active":true,"direction_deg":333}},{"type":"Feature","geometry":{"type":"Point","coordinates":[-50.361914,-15.450233]},"properties":{"kind":"FIXED","limit_kmh":40,"source":"DER-GO","active":true,"direction_deg":329}},{"type":"Feature","geometry":{"type":"Point","coordinates":[-49.505805,-15.447988]},"properties":{"kind":"FIXED","limit_kmh":40,"source":"ANTT","active":true,"direction_deg":161}},{"type":"Feature","geometry":{"type":"Point","coordinates":[-48.890945,-15.444685]},"properties":{"kind":"FIXED","limit_kmh":40,"source":"DER-GO","active":true,"direction_deg":null}},{"type":"Feature","geometry":{"type":"Point","coordinates":[-47.507958,-15.443935]},"properties":{"kind":"FIXED","limit_kmh":80,"source":"DER-GO","active":true,"direction_deg":153}},{"type":"Feature","geometry":{"type":"Point","coordinates":[-48.891911,-15.443411]},"properties":{"kind":"FIXED","limit_kmh":40,"source":"DER-GO","active":true,"direction_deg":149}},{"type":"Feature","geometry":{"type":"Point","coordinates":[-50.366257,-15.443221]},"properties":{"kind":"FIXED","limit_kmh":40,"source":"DER-GO","active":true,"direction_deg":null}},{"type":"Feature","geometry":{"type":"Point","coordinates":[-50.745706,-15.44273]},"properties":{"kind":"FIXED","limit_kmh":40,"source":"DER-GO","active":true,"direction_deg":15}},{"type":"Feature","geometry":{"type":"Point","coordinates":[-47.597307,-15.442088]},"properties":{"kind":"FIXED","limit_kmh":40,"source":"DER-GO","active":true,"direction_deg":null}},{"type":"Feature","geometry":{"type":"Point","coordinates":[-50.745562,-15.441931]},"properties":{"kind":"FIXED","limit_kmh":40,"source":"DER-GO","active":true,"direction_deg":191}},{"type":"Feature","geometry":{"type":"Point","coordinates":[-50.744402,-15.436151]},"properties":{"kind":"FIXED","limit_kmh":40,"source":"DER-GO","active":true,"direction_deg":191}},{"type":"Feature","geometry":{"type":"Point","coordinates":[-47.547215,-15.4301]},"properties":{"kind":"FIXED","limit_kmh":80,"source":"DER-GO","active":true,"direction_deg":null}},{"type":"Feature","geometry":{"type":"Point","coordinates":[-47.516597,-15.427336]},"properties":{"kind":"FIXED","limit_kmh":40,"source":"DER-GO","active":true,"direction_deg":null}},{"type":"Feature","geometry":{"type":"Point","coordinates":[-49.550791,-15.38723]},"properties":{"kind":"FIXED","limit_kmh":80,"source":"ANTT","active":true,"direction_deg":null}},{"type":"Feature","geometry":{"type":"Point","coordinates":[-49.699703,-15.362679]},"properties":{"kind":"FIXED","limit_kmh":40,"source":"DER-GO","active":true,"direction_deg":2}},{"type":"Feature","geometry":{"type":"Point","coordinates":[-49.699551,-15.359247]},"properties":{"kind":"FIXED","limit_kmh":40,"source":"DER-GO","active":true,"direction_deg":182}},{"type":"Feature","geometry":{"type":"Point","coordinates":[-49.377224,-15.357767]},"properties":{"kind":"FIXED","limit_kmh":40,"source":"DER-GO","active":true,"direction_deg":124}},{"type":"Feature","geometry":{"type":"Point","coordinates":[-49.814546,-15.347658]},"properties":{"kind":"FIXED","limit_kmh":40,"source":"DER-GO","active":true,"direction_deg":65}},{"type":"Feature","geometry":{"type":"Point","coordinates":[-49.81432,-15.347513]},"properties":{"kind":"FIXED","limit_kmh":40,"source":"DER-GO","active":true,"direction_deg":246}},{"type":"Feature","geometry":{"type":"Point","coordinates":[-49.568783,-15.344979]},"properties":{"kind":"FIXED","limit_kmh":80,"source":"ANTT","active":true,"direction_deg":null}},{"type":"Feature","geometry":{"type":"Point","coordinates":[-49.114985,-15.344317]},"properties":{"kind":"FIXED","limit_kmh":40,"source":"DER-GO","active":true,"direction_deg":null}},{"type":"Feature","geometry":{"type":"Point","coordinates":[-49.114548,-15.344141]},"properties":{"kind":"FIXED","limit_kmh":40,"source":"DER-GO","active":true,"direction_deg":null}},{"type":"Feature","geometry":{"type":"Point","coordinates":[-47.401193,-15.343485]},"properties":{"kind":"FIXED","limit_kmh":60,"source":"DER-GO","active":true,"direction_deg":null}},{"type":"Feature","geometry":{"type":"Point","coordinates":[-49.612938,-15.33883]},"properties":{"kind":"FIXED","limit_kmh":40,"source":"DER-GO","active":true,"direction_deg":null}},{"type":"Feature","geometry":{"type":"Point","coordinates":[-49.108369,-15.332501]},"properties":{"kind":"FIXED","limit_kmh":40,"source":"DER-GO","active":true,"direction_deg":null}},{"type":"Feature","geometry":{"type":"Point","coordinates":[-49.141289,-15.326755]},"properties":{"kind":"FIXED","limit_kmh":40,"source":"DER-GO","active":true,"direction_deg":null}},{"type":"Feature","geometry":{"type":"Point","coordinates":[-47.426471,-15.322958]},"properties":{"kind":"FIXED","limit_kmh":40,"source":"DER-GO","active":true,"direction_deg":null}},{"type":"Feature","geometry":{"type":"Point","coordinates":[-49.10841,-15.31939]},"properties":{"kind":"FIXED","limit_kmh":60,"source":"DER-GO","active":true,"direction_deg":357}},{"type":"Feature","geometry":{"type":"Point","coordinates":[-49.108547,-15.319311]},"properties":{"kind":"FIXED","limit_kmh":60,"source":"DER-GO","active":true,"direction_deg":177}},{"type":"Feature","geometry":{"type":"Point","coordinates":[-49.585604,-15.31597]},"properties":{"kind":"FIXED","limit_kmh":50,"source":"DER-GO","active":true,"direction_deg":null}},{"type":"Feature","geometry":{"type":"Point","coordinates":[-49.1088,-15.31296]},"properties":{"kind":"FIXED","limit_kmh":60,"source":"DER-GO","active":true,"direction_deg":null}},{"type":"Feature","geometry":{"type":"Point","coordinates":[-49.572192,-15.310915]},"properties":{"kind":"FIXED","limit_kmh":50,"source":"ANTT","active":true,"direction_deg":null}},{"type":"Feature","geometry":{"type":"Point","coordinates":[-49.589238,-15.309908]},"properties":{"kind":"FIXED","limit_kmh":50,"source":"DER-GO","active":true,"direction_deg":null}},{"type":"Feature","geometry":{"type":"Point","coordinates":[-51.19267,-15.30702]},"properties":{"kind":"FIXED","limit_kmh":80,"source":"DER-GO","active":true,"direction_deg":null}},{"type":"Feature","geometry":{"type":"Point","coordinates":[-49.09617,-15.305339]},"properties":{"kind":"FIXED","limit_kmh":40,"source":"DER-GO","active":true,"direction_deg":null}},{"type":"Feature","geometry":{"type":"Point","coordinates":[-49.086127,-15.299703]},"properties":{"kind":"FIXED","limit_kmh":60,"source":"DER-GO","active":true,"direction_deg":null}},{"type":"Feature","geometry":{"type":"Point","coordinates":[-49.134962,-15.282467]},"properties":{"kind":"FIXED","limit_kmh":60,"source":"DER-GO","active":true,"direction_deg":null}},{"type":"Feature","geometry":{"type":"Point","coordinates":[-49.551449,-15.254216]},"properties":{"kind":"FIXED","limit_kmh":80,"source":"ANTT","active":true,"direction_deg":null}},{"type":"Feature","geometry":{"type":"Point","coordinates":[-50.502693,-15.249939]},"properties":{"kind":"FIXED","limit_kmh":40,"source":"DER-GO+OSM","active":true,"direction_deg":null}},{"type":"Feature","geometry":{"type":"Point","coordinates":[-49.5551,-15.231696]},"properties":{"kind":"FIXED","limit_kmh":80,"source":"ANTT","active":true,"direction_deg":null}},{"type":"Feature","geometry":{"type":"Point","coordinates":[-47.172478,-15.229591]},"properties":{"kind":"FIXED","limit_kmh":null,"source":"DNIT","active":true,"direction_deg":348}},{"type":"Feature","geometry":{"type":"Point","coordinates":[-47.157879,-15.214046]},"properties":{"kind":"FIXED","limit_kmh":40,"source":"OSM","active":true,"direction_deg":null}},{"type":"Feature","geometry":{"type":"Point","coordinates":[-48.698532,-15.208783]},"properties":{"kind":"FIXED","limit_kmh":50,"source":"DNIT","active":true,"direction_deg":null}},{"type":"Feature","geometry":{"type":"Point","coordinates":[-48.701911,-15.208355]},"properties":{"kind":"FIXED","limit_kmh":50,"source":"ANTT","active":true,"direction_deg":null}},{"type":"Feature","geometry":{"type":"Point","coordinates":[-48.978016,-15.191481]},"properties":{"kind":"FIXED","limit_kmh":60,"source":"DER-GO","active":true,"direction_deg":32}},{"type":"Feature","geometry":{"type":"Point","coordinates":[-48.977002,-15.189766]},"properties":{"kind":"FIXED","limit_kmh":60,"source":"DER-GO","active":true,"direction_deg":212}},{"type":"Feature","geometry":{"type":"Point","coordinates":[-48.976571,-15.18926]},"properties":{"kind":"FIXED","limit_kmh":80,"source":"OSM","active":true,"direction_deg":null}},{"type":"Feature","geometry":{"type":"Point","coordinates":[-47.590303,-15.177433]},"properties":{"kind":"FIXED","limit_kmh":80,"source":"DER-GO","active":true,"direction_deg":null}},{"type":"Feature","geometry":{"type":"Point","coordinates":[-49.563248,-15.171725]},"properties":{"kind":"FIXED","limit_kmh":60,"source":"DER-GO","active":true,"direction_deg":null}},{"type":"Feature","geometry":{"type":"Point","coordinates":[-49.568482,-15.162314]},"properties":{"kind":"FIXED","limit_kmh":40,"source":"DER-GO","active":true,"direction_deg":null}},{"type":"Feature","geometry":{"type":"Point","coordinates":[-49.510637,-15.128675]},"properties":{"kind":"FIXED","limit_kmh":80,"source":"ANTT","active":true,"direction_deg":null}},{"type":"Feature","geometry":{"type":"Point","coordinates":[-50.61082,-15.104915]},"properties":{"kind":"FIXED","limit_kmh":40,"source":"DER-GO","active":true,"direction_deg":320}},{"type":"Feature","geometry":{"type":"Point","coordinates":[-50.612194,-15.103381]},"properties":{"kind":"FIXED","limit_kmh":40,"source":"DER-GO","active":true,"direction_deg":139}},{"type":"Feature","geometry":{"type":"Point","coordinates":[-50.633587,-15.096702]},"properties":{"kind":"FIXED","limit_kmh":40,"source":"DER-GO","active":true,"direction_deg":301}},{"type":"Feature","geometry":{"type":"Point","coordinates":[-50.634488,-15.096351]},"properties":{"kind":"FIXED","limit_kmh":40,"source":"DER-GO","active":true,"direction_deg":121}},{"type":"Feature","geometry":{"type":"Point","coordinates":[-50.618991,-15.095484]},"properties":{"kind":"FIXED","limit_kmh":40,"source":"DER-GO","active":true,"direction_deg":320}},{"type":"Feature","geometry":{"type":"Point","coordinates":[-50.621325,-15.092685]},"properties":{"kind":"FIXED","limit_kmh":40,"source":"DER-GO","active":true,"direction_deg":154}},{"type":"Feature","geometry":{"type":"Point","coordinates":[-48.915823,-15.090508]},"properties":{"kind":"FIXED","limit_kmh":60,"source":"DER-GO","active":true,"direction_deg":null}},{"type":"Feature","geometry":{"type":"Point","coordinates":[-48.905324,-15.071374]},"properties":{"kind":"FIXED","limit_kmh":40,"source":"DER-GO","active":true,"direction_deg":10}},{"type":"Feature","geometry":{"type":"Point","coordinates":[-48.905005,-15.069563]},"properties":{"kind":"FIXED","limit_kmh":40,"source":"DER-GO","active":true,"direction_deg":190}},{"type":"Feature","geometry":{"type":"Point","coordinates":[-48.169636,-15.057089]},"properties":{"kind":"FIXED","limit_kmh":40,"source":"DER-GO","active":true,"direction_deg":77}},{"type":"Feature","geometry":{"type":"Point","coordinates":[-48.155806,-15.05563]},"properties":{"kind":"FIXED","limit_kmh":40,"source":"DER-GO","active":true,"direction_deg":249}},{"type":"Feature","geometry":{"type":"Point","coordinates":[-48.893726,-15.030973]},"properties":{"kind":"FIXED","limit_kmh":80,"source":"ANTT","active":true,"direction_deg":null}},{"type":"Feature","geometry":{"type":"Point","coordinates":[-49.410603,-14.999505]},"properties":{"kind":"FIXED","limit_kmh":80,"source":"ANTT","active":true,"direction_deg":214}},{"type":"Feature","geometry":{"type":"Point","coordinates":[-48.909156,-14.989301]},"properties":{"kind":"FIXED","limit_kmh":50,"source":"ANTT","active":true,"direction_deg":322}},{"type":"Feature","geometry":{"type":"Point","coordinates":[-48.911473,-14.988166]},"properties":{"kind":"FIXED","limit_kmh":50,"source":"ANTT+OSM","active":true,"direction_deg":102}},{"type":"Feature","geometry":{"type":"Point","coordinates":[-47.785003,-14.98594]},"properties":{"kind":"FIXED","limit_kmh":40,"source":"DER-GO","active":true,"direction_deg":51}},{"type":"Feature","geometry":{"type":"Point","coordinates":[-49.547091,-14.959674]},"properties":{"kind":"FIXED","limit_kmh":40,"source":"DER-GO","active":true,"direction_deg":359}},{"type":"Feature","geometry":{"type":"Point","coordinates":[-49.547232,-14.95906]},"properties":{"kind":"FIXED","limit_kmh":40,"source":"DER-GO","active":true,"direction_deg":179}},{"type":"Feature","geometry":{"type":"Point","coordinates":[-49.547082,-14.955675]},"properties":{"kind":"FIXED","limit_kmh":60,"source":"DER-GO","active":true,"direction_deg":null}},{"type":"Feature","geometry":{"type":"Point","coordinates":[-49.54725,-14.95218]},"properties":{"kind":"FIXED","limit_kmh":60,"source":"DER-GO","active":true,"direction_deg":null}},{"type":"Feature","geometry":{"type":"Point","coordinates":[-49.547288,-14.948444]},"properties":{"kind":"FIXED","limit_kmh":40,"source":"DER-GO","active":true,"direction_deg":359}},{"type":"Feature","geometry":{"type":"Point","coordinates":[-49.547415,-14.947332]},"properties":{"kind":"FIXED","limit_kmh":40,"source":"DER-GO","active":true,"direction_deg":178}},{"type":"Feature","geometry":{"type":"Point","coordinates":[-51.069052,-14.928466]},"properties":{"kind":"FIXED","limit_kmh":40,"source":"DER-GO","active":true,"direction_deg":217}},{"type":"Feature","geometry":{"type":"Point","coordinates":[-49.325789,-14.862101]},"properties":{"kind":"FIXED","limit_kmh":50,"source":"ANTT","active":true,"direction_deg":null}},{"type":"Feature","geometry":{"type":"Point","coordinates":[-49.299898,-14.824028]},"properties":{"kind":"FIXED","limit_kmh":80,"source":"ANTT","active":true,"direction_deg":null}},{"type":"Feature","geometry":{"type":"Point","coordinates":[-49.289761,-14.8081]},"properties":{"kind":"FIXED","limit_kmh":80,"source":"ANTT","active":true,"direction_deg":null}},{"type":"Feature","geometry":{"type":"Point","coordinates":[-50.539753,-14.758033]},"properties":{"kind":"FIXED","limit_kmh":40,"source":"DER-GO","active":true,"direction_deg":null}},{"type":"Feature","geometry":{"type":"Point","coordinates":[-50.544973,-14.756187]},"properties":{"kind":"FIXED","limit_kmh":60,"source":"DER-GO","active":true,"direction_deg":289}},{"type":"Feature","geometry":{"type":"Point","coordinates":[-50.545705,-14.756099]},"properties":{"kind":"FIXED","limit_kmh":60,"source":"DER-GO","active":true,"direction_deg":109}},{"type":"Feature","geometry":{"type":"Point","coordinates":[-50.556231,-14.752396]},"properties":{"kind":"FIXED","limit_kmh":60,"source":"DER-GO","active":true,"direction_deg":null}},{"type":"Feature","geometry":{"type":"Point","coordinates":[-49.59409,-14.725806]},"properties":{"kind":"FIXED","limit_kmh":60,"source":"DER-GO","active":true,"direction_deg":null}},{"type":"Feature","geometry":{"type":"Point","coordinates":[-47.530336,-14.721017]},"properties":{"kind":"FIXED","limit_kmh":40,"source":"DER-GO","active":true,"direction_deg":54}},{"type":"Feature","geometry":{"type":"Point","coordinates":[-47.528581,-14.719596]},"properties":{"kind":"FIXED","limit_kmh":40,"source":"DER-GO","active":true,"direction_deg":231}},{"type":"Feature","geometry":{"type":"Point","coordinates":[-47.523152,-14.698506]},"properties":{"kind":"FIXED","limit_kmh":40,"source":"DER-GO","active":true,"direction_deg":null}},{"type":"Feature","geometry":{"type":"Point","coordinates":[-49.208902,-14.685393]},"properties":{"kind":"FIXED","limit_kmh":80,"source":"ANTT","active":true,"direction_deg":null}},{"type":"Feature","geometry":{"type":"Point","coordinates":[-49.168662,-14.612282]},"properties":{"kind":"FIXED","limit_kmh":80,"source":"ANTT","active":true,"direction_deg":196}},{"type":"Feature","geometry":{"type":"Point","coordinates":[-49.168464,-14.611784]},"properties":{"kind":"FIXED","limit_kmh":80,"source":"OSM","active":true,"direction_deg":null}},{"type":"Feature","geometry":{"type":"Point","coordinates":[-49.165912,-14.603128]},"properties":{"kind":"FIXED","limit_kmh":80,"source":"ANTT","active":true,"direction_deg":15}},{"type":"Feature","geometry":{"type":"Point","coordinates":[-49.15949,-14.580323]},"properties":{"kind":"FIXED","limit_kmh":100,"source":"ANTT","active":true,"direction_deg":null}},{"type":"Feature","geometry":{"type":"Point","coordinates":[-49.583924,-14.579641]},"properties":{"kind":"FIXED","limit_kmh":60,"source":"DER-GO","active":true,"direction_deg":null}},{"type":"Feature","geometry":{"type":"Point","coordinates":[-49.980812,-14.547391]},"properties":{"kind":"FIXED","limit_kmh":40,"source":"DER-GO","active":true,"direction_deg":104}},{"type":"Feature","geometry":{"type":"Point","coordinates":[-49.98483,-14.546316]},"properties":{"kind":"FIXED","limit_kmh":80,"source":"DER-GO","active":true,"direction_deg":104}},{"type":"Feature","geometry":{"type":"Point","coordinates":[-49.968857,-14.544126]},"properties":{"kind":"FIXED","limit_kmh":40,"source":"DER-GO","active":true,"direction_deg":null}},{"type":"Feature","geometry":{"type":"Point","coordinates":[-49.962239,-14.53622]},"properties":{"kind":"FIXED","limit_kmh":40,"source":"DER-GO","active":true,"direction_deg":227}},{"type":"Feature","geometry":{"type":"Point","coordinates":[-49.150897,-14.534406]},"properties":{"kind":"FIXED","limit_kmh":40,"source":"DER-GO","active":true,"direction_deg":278}},{"type":"Feature","geometry":{"type":"Point","coordinates":[-49.153353,-14.534136]},"properties":{"kind":"FIXED","limit_kmh":40,"source":"DER-GO","active":true,"direction_deg":99}},{"type":"Feature","geometry":{"type":"Point","coordinates":[-49.161073,-14.533858]},"properties":{"kind":"FIXED","limit_kmh":50,"source":"ANTT","active":true,"direction_deg":null}},{"type":"Feature","geometry":{"type":"Point","coordinates":[-49.078047,-14.533616]},"properties":{"kind":"FIXED","limit_kmh":80,"source":"DER-GO","active":true,"direction_deg":285}},{"type":"Feature","geometry":{"type":"Point","coordinates":[-47.504885,-14.533331]},"properties":{"kind":"FIXED","limit_kmh":40,"source":"DER-GO","active":true,"direction_deg":null}},{"type":"Feature","geometry":{"type":"Point","coordinates":[-49.080511,-14.533055]},"properties":{"kind":"FIXED","limit_kmh":80,"source":"DER-GO","active":true,"direction_deg":105}},{"type":"Feature","geometry":{"type":"Point","coordinates":[-49.957795,-14.532329]},"properties":{"kind":"FIXED","limit_kmh":40,"source":"DER-GO","active":true,"direction_deg":52}},{"type":"Feature","geometry":{"type":"Point","coordinates":[-49.083693,-14.532227]},"properties":{"kind":"FIXED","limit_kmh":40,"source":"DER-GO","active":true,"direction_deg":286}},{"type":"Feature","geometry":{"type":"Point","coordinates":[-49.0852,-14.531896]},"properties":{"kind":"FIXED","limit_kmh":40,"source":"DER-GO","active":true,"direction_deg":103}},{"type":"Feature","geometry":{"type":"Point","coordinates":[-49.95668,-14.531504]},"properties":{"kind":"FIXED","limit_kmh":40,"source":"DER-GO","active":true,"direction_deg":242}},{"type":"Feature","geometry":{"type":"Point","coordinates":[-49.122286,-14.530933]},"properties":{"kind":"FIXED","limit_kmh":40,"source":"DER-GO","active":true,"direction_deg":33}},{"type":"Feature","geometry":{"type":"Point","coordinates":[-49.121953,-14.530175]},"properties":{"kind":"FIXED","limit_kmh":40,"source":"DER-GO","active":true,"direction_deg":208}},{"type":"Feature","geometry":{"type":"Point","coordinates":[-49.947929,-14.529365]},"properties":{"kind":"FIXED","limit_kmh":80,"source":"DER-GO","active":true,"direction_deg":96}},{"type":"Feature","geometry":{"type":"Point","coordinates":[-49.947598,-14.529325]},"properties":{"kind":"FIXED","limit_kmh":80,"source":"DER-GO","active":true,"direction_deg":275}},{"type":"Feature","geometry":{"type":"Point","coordinates":[-49.09572,-14.529288]},"properties":{"kind":"FIXED","limit_kmh":80,"source":"DER-GO","active":true,"direction_deg":104}},{"type":"Feature","geometry":{"type":"Point","coordinates":[-49.105429,-14.526562]},"properties":{"kind":"FIXED","limit_kmh":60,"source":"DER-GO","active":true,"direction_deg":284}},{"type":"Feature","geometry":{"type":"Point","coordinates":[-49.638217,-14.506146]},"properties":{"kind":"FIXED","limit_kmh":40,"source":"DER-GO","active":true,"direction_deg":null}},{"type":"Feature","geometry":{"type":"Point","coordinates":[-46.430446,-14.458212]},"properties":{"kind":"FIXED","limit_kmh":40,"source":"DER-GO","active":true,"direction_deg":105}},{"type":"Feature","geometry":{"type":"Point","coordinates":[-46.430148,-14.458166]},"properties":{"kind":"FIXED","limit_kmh":40,"source":"DER-GO","active":true,"direction_deg":283}},{"type":"Feature","geometry":{"type":"Point","coordinates":[-46.434819,-14.456985]},"properties":{"kind":"FIXED","limit_kmh":40,"source":"DER-GO","active":true,"direction_deg":104}},{"type":"Feature","geometry":{"type":"Point","coordinates":[-46.4345,-14.456931]},"properties":{"kind":"FIXED","limit_kmh":40,"source":"DER-GO","active":true,"direction_deg":285}},{"type":"Feature","geometry":{"type":"Point","coordinates":[-48.445794,-14.455172]},"properties":{"kind":"FIXED","limit_kmh":60,"source":"DER-GO","active":true,"direction_deg":null}},{"type":"Feature","geometry":{"type":"Point","coordinates":[-46.461743,-14.44278]},"properties":{"kind":"FIXED","limit_kmh":60,"source":"DNIT","active":true,"direction_deg":36}},{"type":"Feature","geometry":{"type":"Point","coordinates":[-46.460202,-14.439651]},"properties":{"kind":"FIXED","limit_kmh":60,"source":"DNIT","active":true,"direction_deg":200}},{"type":"Feature","geometry":{"type":"Point","coordinates":[-49.156916,-14.431815]},"properties":{"kind":"FIXED","limit_kmh":80,"source":"OSM","active":true,"direction_deg":null}},{"type":"Feature","geometry":{"type":"Point","coordinates":[-49.701111,-14.409214]},"properties":{"kind":"FIXED","limit_kmh":60,"source":"DER-GO","active":true,"direction_deg":4}},{"type":"Feature","geometry":{"type":"Point","coordinates":[-50.442351,-14.399854]},"properties":{"kind":"FIXED","limit_kmh":80,"source":"DER-GO","active":true,"direction_deg":18}},{"type":"Feature","geometry":{"type":"Point","coordinates":[-50.442321,-14.399577]},"properties":{"kind":"FIXED","limit_kmh":80,"source":"DER-GO","active":true,"direction_deg":201}},{"type":"Feature","geometry":{"type":"Point","coordinates":[-50.443653,-14.399526]},"properties":{"kind":"FIXED","limit_kmh":40,"source":"DER-GO","active":true,"direction_deg":97}},{"type":"Feature","geometry":{"type":"Point","coordinates":[-46.439867,-14.347922]},"properties":{"kind":"FIXED","limit_kmh":80,"source":"DNIT","active":true,"direction_deg":188}},{"type":"Feature","geometry":{"type":"Point","coordinates":[-49.694381,-14.345764]},"properties":{"kind":"FIXED","limit_kmh":40,"source":"DER-GO","active":true,"direction_deg":null}},{"type":"Feature","geometry":{"type":"Point","coordinates":[-46.441878,-14.328011]},"properties":{"kind":"FIXED","limit_kmh":80,"source":"DNIT","active":true,"direction_deg":151}},{"type":"Feature","geometry":{"type":"Point","coordinates":[-49.170005,-14.303309]},"properties":{"kind":"FIXED","limit_kmh":40,"source":"DER-GO","active":true,"direction_deg":139}},{"type":"Feature","geometry":{"type":"Point","coordinates":[-49.270226,-14.290285]},"properties":{"kind":"FIXED","limit_kmh":60,"source":"DER-GO","active":true,"direction_deg":91}},{"type":"Feature","geometry":{"type":"Point","coordinates":[-49.269104,-14.290254]},"properties":{"kind":"FIXED","limit_kmh":60,"source":"DER-GO","active":true,"direction_deg":null}},{"type":"Feature","geometry":{"type":"Point","coordinates":[-49.656728,-14.283912]},"properties":{"kind":"FIXED","limit_kmh":40,"source":"DER-GO","active":true,"direction_deg":null}},{"type":"Feature","geometry":{"type":"Point","coordinates":[-46.35337,-14.240087]},"properties":{"kind":"FIXED","limit_kmh":null,"source":"DNIT","active":true,"direction_deg":null}},{"type":"Feature","geometry":{"type":"Point","coordinates":[-49.127816,-14.191959]},"properties":{"kind":"FIXED","limit_kmh":100,"source":"ANTT","active":true,"direction_deg":7}},{"type":"Feature","geometry":{"type":"Point","coordinates":[-49.350215,-14.190368]},"properties":{"kind":"FIXED","limit_kmh":40,"source":"DER-GO","active":true,"direction_deg":207}},{"type":"Feature","geometry":{"type":"Point","coordinates":[-47.809403,-14.178466]},"properties":{"kind":"FIXED","limit_kmh":40,"source":"DER-GO","active":true,"direction_deg":null}},{"type":"Feature","geometry":{"type":"Point","coordinates":[-47.595302,-14.157532]},"properties":{"kind":"FIXED","limit_kmh":40,"source":"DER-GO","active":true,"direction_deg":92}},{"type":"Feature","geometry":{"type":"Point","coordinates":[-47.59583,-14.157433]},"properties":{"kind":"FIXED","limit_kmh":40,"source":"DER-GO","active":true,"direction_deg":272}},{"type":"Feature","geometry":{"type":"Point","coordinates":[-48.077182,-14.153584]},"properties":{"kind":"FIXED","limit_kmh":40,"source":"DER-GO","active":true,"direction_deg":12}},{"type":"Feature","geometry":{"type":"Point","coordinates":[-47.52178,-14.141931]},"properties":{"kind":"FIXED","limit_kmh":40,"source":"DER-GO","active":true,"direction_deg":null}},{"type":"Feature","geometry":{"type":"Point","coordinates":[-47.522052,-14.138394]},"properties":{"kind":"FIXED","limit_kmh":60,"source":"DER-GO","active":true,"direction_deg":175}},{"type":"Feature","geometry":{"type":"Point","coordinates":[-49.114133,-14.138011]},"properties":{"kind":"FIXED","limit_kmh":100,"source":"ANTT","active":true,"direction_deg":null}},{"type":"Feature","geometry":{"type":"Point","coordinates":[-49.113799,-14.137197]},"properties":{"kind":"FIXED","limit_kmh":80,"source":"OSM","active":true,"direction_deg":null}},{"type":"Feature","geometry":{"type":"Point","coordinates":[-47.522526,-14.133359]},"properties":{"kind":"FIXED","limit_kmh":40,"source":"DER-GO","active":true,"direction_deg":null}},{"type":"Feature","geometry":{"type":"Point","coordinates":[-50.346463,-14.11992]},"properties":{"kind":"FIXED","limit_kmh":60,"source":"DER-GO","active":true,"direction_deg":20}},{"type":"Feature","geometry":{"type":"Point","coordinates":[-50.34654,-14.119889]},"properties":{"kind":"FIXED","limit_kmh":60,"source":"DER-GO","active":true,"direction_deg":200}},{"type":"Feature","geometry":{"type":"Point","coordinates":[-46.402884,-14.108209]},"properties":{"kind":"FIXED","limit_kmh":40,"source":"DER-GO","active":true,"direction_deg":null}},{"type":"Feature","geometry":{"type":"Point","coordinates":[-46.326447,-14.107622]},"properties":{"kind":"FIXED","limit_kmh":40,"source":"DER-GO","active":true,"direction_deg":290}},{"type":"Feature","geometry":{"type":"Point","coordinates":[-46.327915,-14.107165]},"properties":{"kind":"FIXED","limit_kmh":40,"source":"DER-GO","active":true,"direction_deg":110}},{"type":"Feature","geometry":{"type":"Point","coordinates":[-50.340112,-14.106232]},"properties":{"kind":"FIXED","limit_kmh":40,"source":"DER-GO","active":true,"direction_deg":19}},{"type":"Feature","geometry":{"type":"Point","coordinates":[-50.339648,-14.104391]},"properties":{"kind":"FIXED","limit_kmh":40,"source":"DER-GO","active":true,"direction_deg":194}},{"type":"Feature","geometry":{"type":"Point","coordinates":[-46.338352,-14.103459]},"properties":{"kind":"FIXED","limit_kmh":60,"source":"DER-GO","active":true,"direction_deg":null}},{"type":"Feature","geometry":{"type":"Point","coordinates":[-46.440894,-14.098972]},"properties":{"kind":"FIXED","limit_kmh":60,"source":"DER-GO","active":true,"direction_deg":null}},{"type":"Feature","geometry":{"type":"Point","coordinates":[-46.381881,-14.09779]},"properties":{"kind":"FIXED","limit_kmh":60,"source":"DER-GO","active":true,"direction_deg":264}},{"type":"Feature","geometry":{"type":"Point","coordinates":[-46.376981,-14.0963]},"properties":{"kind":"FIXED","limit_kmh":60,"source":"DER-GO","active":true,"direction_deg":75}},{"type":"Feature","geometry":{"type":"Point","coordinates":[-46.366027,-14.090629]},"properties":{"kind":"FIXED","limit_kmh":40,"source":"DER-GO","active":true,"direction_deg":178}},{"type":"Feature","geometry":{"type":"Point","coordinates":[-50.335641,-14.089419]},"properties":{"kind":"FIXED","limit_kmh":40,"source":"DER-GO","active":true,"direction_deg":14}},{"type":"Feature","geometry":{"type":"Point","coordinates":[-50.33529,-14.087876]},"properties":{"kind":"FIXED","limit_kmh":60,"source":"DER-GO","active":true,"direction_deg":194}},{"type":"Feature","geometry":{"type":"Point","coordinates":[-49.090591,-13.984564]},"properties":{"kind":"FIXED","limit_kmh":80,"source":"ANTT","active":true,"direction_deg":null}},{"type":"Feature","geometry":{"type":"Point","coordinates":[-50.321034,-13.966826]},"properties":{"kind":"FIXED","limit_kmh":40,"source":"DER-GO","active":true,"direction_deg":6}},{"type":"Feature","geometry":{"type":"Point","coordinates":[-50.321009,-13.966647]},"properties":{"kind":"FIXED","limit_kmh":40,"source":"DER-GO","active":true,"direction_deg":186}},{"type":"Feature","geometry":{"type":"Point","coordinates":[-46.641225,-13.937303]},"properties":{"kind":"FIXED","limit_kmh":40,"source":"DER-GO","active":true,"direction_deg":354}},{"type":"Feature","geometry":{"type":"Point","coordinates":[-46.638897,-13.933373]},"properties":{"kind":"FIXED","limit_kmh":40,"source":"DER-GO","active":true,"direction_deg":239}},{"type":"Feature","geometry":{"type":"Point","coordinates":[-50.329898,-13.890626]},"properties":{"kind":"FIXED","limit_kmh":40,"source":"DER-GO","active":true,"direction_deg":87}},{"type":"Feature","geometry":{"type":"Point","coordinates":[-50.328515,-13.890421]},"properties":{"kind":"FIXED","limit_kmh":60,"source":"DER-GO","active":true,"direction_deg":null}},{"type":"Feature","geometry":{"type":"Point","coordinates":[-47.258945,-13.813453]},"properties":{"kind":"FIXED","limit_kmh":60,"source":"DER-GO","active":true,"direction_deg":268}},{"type":"Feature","geometry":{"type":"Point","coordinates":[-47.444656,-13.794131]},"properties":{"kind":"FIXED","limit_kmh":60,"source":"DER-GO","active":true,"direction_deg":null}},{"type":"Feature","geometry":{"type":"Point","coordinates":[-48.567686,-13.786056]},"properties":{"kind":"FIXED","limit_kmh":40,"source":"DER-GO","active":true,"direction_deg":168}},{"type":"Feature","geometry":{"type":"Point","coordinates":[-50.340461,-13.785914]},"properties":{"kind":"FIXED","limit_kmh":60,"source":"DER-GO","active":true,"direction_deg":6}},{"type":"Feature","geometry":{"type":"Point","coordinates":[-50.340316,-13.783749]},"properties":{"kind":"FIXED","limit_kmh":60,"source":"DER-GO","active":true,"direction_deg":185}},{"type":"Feature","geometry":{"type":"Point","coordinates":[-47.266852,-13.781804]},"properties":{"kind":"FIXED","limit_kmh":40,"source":"DER-GO","active":true,"direction_deg":null}},{"type":"Feature","geometry":{"type":"Point","coordinates":[-50.28548,-13.775128]},"properties":{"kind":"FIXED","limit_kmh":40,"source":"DER-GO","active":true,"direction_deg":244}},{"type":"Feature","geometry":{"type":"Point","coordinates":[-50.277314,-13.773091]},"properties":{"kind":"FIXED","limit_kmh":40,"source":"DER-GO","active":true,"direction_deg":258}},{"type":"Feature","geometry":{"type":"Point","coordinates":[-48.49323,-13.717768]},"properties":{"kind":"FIXED","limit_kmh":60,"source":"DER-GO","active":true,"direction_deg":222}},{"type":"Feature","geometry":{"type":"Point","coordinates":[-49.016664,-13.712642]},"properties":{"kind":"FIXED","limit_kmh":40,"source":"DER-GO","active":true,"direction_deg":212}},{"type":"Feature","geometry":{"type":"Point","coordinates":[-48.490588,-13.712294]},"properties":{"kind":"FIXED","limit_kmh":60,"source":"DER-GO","active":true,"direction_deg":184}},{"type":"Feature","geometry":{"type":"Point","coordinates":[-47.236689,-13.688363]},"properties":{"kind":"FIXED","limit_kmh":60,"source":"OSM","active":true,"direction_deg":null}},{"type":"Feature","geometry":{"type":"Point","coordinates":[-47.236686,-13.687772]},"properties":{"kind":"FIXED","limit_kmh":60,"source":"DER-GO","active":true,"direction_deg":0}},{"type":"Feature","geometry":{"type":"Point","coordinates":[-47.228524,-13.686613]},"properties":{"kind":"FIXED","limit_kmh":60,"source":"DER-GO","active":true,"direction_deg":105}},{"type":"Feature","geometry":{"type":"Point","coordinates":[-47.224603,-13.683204]},"properties":{"kind":"FIXED","limit_kmh":60,"source":"DER-GO","active":true,"direction_deg":352}},{"type":"Feature","geometry":{"type":"Point","coordinates":[-48.765092,-13.681496]},"properties":{"kind":"FIXED","limit_kmh":60,"source":"DER-GO","active":true,"direction_deg":286}},{"type":"Feature","geometry":{"type":"Point","coordinates":[-48.626714,-13.679154]},"properties":{"kind":"FIXED","limit_kmh":60,"source":"DER-GO","active":true,"direction_deg":262}},{"type":"Feature","geometry":{"type":"Point","coordinates":[-48.62993,-13.677819]},"properties":{"kind":"FIXED","limit_kmh":60,"source":"DER-GO","active":true,"direction_deg":319}},{"type":"Feature","geometry":{"type":"Point","coordinates":[-48.637191,-13.67729]},"properties":{"kind":"FIXED","limit_kmh":60,"source":"DER-GO","active":true,"direction_deg":270}},{"type":"Feature","geometry":{"type":"Point","coordinates":[-48.64146,-13.675646]},"properties":{"kind":"FIXED","limit_kmh":60,"source":"DER-GO","active":true,"direction_deg":278}},{"type":"Feature","geometry":{"type":"Point","coordinates":[-48.965823,-13.666923]},"properties":{"kind":"FIXED","limit_kmh":40,"source":"DER-GO","active":true,"direction_deg":50}},{"type":"Feature","geometry":{"type":"Point","coordinates":[-48.96395,-13.665379]},"properties":{"kind":"FIXED","limit_kmh":40,"source":"DER-GO","active":true,"direction_deg":231}},{"type":"Feature","geometry":{"type":"Point","coordinates":[-48.885837,-13.65578]},"properties":{"kind":"FIXED","limit_kmh":40,"source":"DER-GO","active":true,"direction_deg":97}},{"type":"Feature","geometry":{"type":"Point","coordinates":[-48.867081,-13.654291]},"properties":{"kind":"FIXED","limit_kmh":40,"source":"DER-GO","active":true,"direction_deg":259}},{"type":"Feature","geometry":{"type":"Point","coordinates":[-48.879787,-13.653847]},"properties":{"kind":"FIXED","limit_kmh":40,"source":"DER-GO","active":true,"direction_deg":65}},{"type":"Feature","geometry":{"type":"Point","coordinates":[-48.879937,-13.653844]},"properties":{"kind":"FIXED","limit_kmh":40,"source":"DER-GO","active":true,"direction_deg":245}},{"type":"Feature","geometry":{"type":"Point","coordinates":[-48.847496,-13.648198]},"properties":{"kind":"FIXED","limit_kmh":60,"source":"DER-GO","active":true,"direction_deg":null}},{"type":"Feature","geometry":{"type":"Point","coordinates":[-49.041876,-13.597911]},"properties":{"kind":"FIXED","limit_kmh":60,"source":"ANTT","active":true,"direction_deg":null}},{"type":"Feature","geometry":{"type":"Point","coordinates":[-49.041868,-13.596558]},"properties":{"kind":"FIXED","limit_kmh":80,"source":"OSM","active":true,"direction_deg":null}},{"type":"Feature","geometry":{"type":"Point","coordinates":[-48.282544,-13.56736]},"properties":{"kind":"FIXED","limit_kmh":40,"source":"DER-GO","active":true,"direction_deg":null}},{"type":"Feature","geometry":{"type":"Point","coordinates":[-48.255113,-13.554481]},"properties":{"kind":"FIXED","limit_kmh":60,"source":"DER-GO","active":true,"direction_deg":290}},{"type":"Feature","geometry":{"type":"Point","coordinates":[-48.215309,-13.502015]},"properties":{"kind":"FIXED","limit_kmh":40,"source":"DER-GO","active":true,"direction_deg":null}},{"type":"Feature","geometry":{"type":"Point","coordinates":[-49.136429,-13.484784]},"properties":{"kind":"FIXED","limit_kmh":80,"source":"OSM","active":true,"direction_deg":null}},{"type":"Feature","geometry":{"type":"Point","coordinates":[-49.135612,-13.459724]},"properties":{"kind":"FIXED","limit_kmh":80,"source":"ANTT","active":true,"direction_deg":null}},{"type":"Feature","geometry":{"type":"Point","coordinates":[-49.135628,-13.459265]},"properties":{"kind":"FIXED","limit_kmh":80,"source":"OSM","active":true,"direction_deg":null}},{"type":"Feature","geometry":{"type":"Point","coordinates":[-49.132927,-13.441651]},"properties":{"kind":"FIXED","limit_kmh":50,"source":"ANTT","active":true,"direction_deg":null}},{"type":"Feature","geometry":{"type":"Point","coordinates":[-49.174435,-13.420735]},"properties":{"kind":"FIXED","limit_kmh":60,"source":"DER-GO","active":true,"direction_deg":77}},{"type":"Feature","geometry":{"type":"Point","coordinates":[-49.173088,-13.420337]},"properties":{"kind":"FIXED","limit_kmh":60,"source":"DER-GO","active":true,"direction_deg":255}},{"type":"Feature","geometry":{"type":"Point","coordinates":[-49.151141,-13.414799]},"properties":{"kind":"FIXED","limit_kmh":60,"source":"DER-GO","active":true,"direction_deg":88}},{"type":"Feature","geometry":{"type":"Point","coordinates":[-49.149894,-13.414666]},"properties":{"kind":"FIXED","limit_kmh":60,"source":"DER-GO","active":true,"direction_deg":268}},{"type":"Feature","geometry":{"type":"Point","coordinates":[-49.127955,-13.384849]},"properties":{"kind":"FIXED","limit_kmh":80,"source":"ANTT","active":true,"direction_deg":null}},{"type":"Feature","geometry":{"type":"Point","coordinates":[-49.12792,-13.384511]},"properties":{"kind":"FIXED","limit_kmh":80,"source":"OSM","active":true,"direction_deg":null}},{"type":"Feature","geometry":{"type":"Point","coordinates":[-49.123951,-13.357902]},"properties":{"kind":"FIXED","limit_kmh":80,"source":"OSM","active":true,"direction_deg":null}},{"type":"Feature","geometry":{"type":"Point","coordinates":[-48.686715,-13.343609]},"properties":{"kind":"FIXED","limit_kmh":40,"source":"DER-GO","active":true,"direction_deg":null}},{"type":"Feature","geometry":{"type":"Point","coordinates":[-50.176778,-13.280817]},"properties":{"kind":"FIXED","limit_kmh":40,"source":"DER-GO","active":true,"direction_deg":58}},{"type":"Feature","geometry":{"type":"Point","coordinates":[-50.168312,-13.275699]},"properties":{"kind":"FIXED","limit_kmh":40,"source":"DER-GO","active":true,"direction_deg":58}},{"type":"Feature","geometry":{"type":"Point","coordinates":[-50.167678,-13.275003]},"properties":{"kind":"FIXED","limit_kmh":40,"source":"DER-GO","active":true,"direction_deg":238}},{"type":"Feature","geometry":{"type":"Point","coordinates":[-50.158909,-13.269786]},"properties":{"kind":"FIXED","limit_kmh":40,"source":"DER-GO","active":true,"direction_deg":238}},{"type":"Feature","geometry":{"type":"Point","coordinates":[-50.144175,-13.267393]},"properties":{"kind":"FIXED","limit_kmh":40,"source":"DER-GO","active":true,"direction_deg":87}},{"type":"Feature","geometry":{"type":"Point","coordinates":[-50.14365,-13.267295]},"properties":{"kind":"FIXED","limit_kmh":40,"source":"DER-GO","active":true,"direction_deg":267}},{"type":"Feature","geometry":{"type":"Point","coordinates":[-49.807632,-13.261065]},"properties":{"kind":"FIXED","limit_kmh":60,"source":"DER-GO","active":true,"direction_deg":null}},{"type":"Feature","geometry":{"type":"Point","coordinates":[-46.902725,-13.255848]},"properties":{"kind":"FIXED","limit_kmh":40,"source":"DER-GO","active":true,"direction_deg":61}},{"type":"Feature","geometry":{"type":"Point","coordinates":[-46.900316,-13.255613]},"properties":{"kind":"FIXED","limit_kmh":40,"source":"DER-GO","active":true,"direction_deg":298}},{"type":"Feature","geometry":{"type":"Point","coordinates":[-48.608012,-13.11333]},"properties":{"kind":"FIXED","limit_kmh":40,"source":"DER-GO","active":true,"direction_deg":null}}]}