lat1,lng1,lat2,lng2,kind
-9.755921,-50.417001,-9.756051,-50.417045,BRIDGE
-9.753955,-50.416281,-9.754051,-50.416316,BRIDGE
-9.750389,-50.414982,-9.750619,-50.415068,BRIDGE
-9.748483,-50.414278,-9.749393,-50.414612,BRIDGE
-9.706497,-51.495435,-9.706510,-51.495609,BRIDGE
-9.706370,-51.493503,-9.706382,-51.493746,BRIDGE
-9.703889,-50.720543,-9.704434,-50.720917,BRIDGE
-9.702542,-52.174341,-9.702575,-52.174328,BRIDGE
-9.700268,-50.522961,-9.701146,-50.523202,BRIDGE
-9.681336,-51.763001,-9.681219,-51.762953,BRIDGE
-9.616354,-51.573094,-9.616197,-51.572548,BRIDGE
-9.586770,-50.686627,-9.586873,-50.686641,BRIDGE
-9.557214,-50.889167,-9.557187,-50.889239,BRIDGE
-9.555236,-51.707145,-9.555021,-51.706871,BRIDGE
-9.555170,-50.684574,-9.555229,-50.684582,BRIDGE
-9.526475,-50.840978,-9.526452,-50.841237,BRIDGE
-9.519124,-50.907335,-9.519112,-50.907456,BRIDGE
-9.518500,-50.843044,-9.518531,-50.843114,BRIDGE
-9.514086,-54.690851,-9.514145,-54.690697,BRIDGE
-9.489757,-51.154779,-9.489744,-51.155037,BRIDGE
-9.483896,-51.206957,-9.483957,-51.206724,BRIDGE
-9.477307,-50.857821,-9.477474,-50.857710,BRIDGE
-9.468965,-54.652831,-9.468868,-54.652804,BRIDGE
-9.446732,-54.739466,-9.446927,-54.739326,BRIDGE
-9.446163,-50.930725,-9.446086,-50.930747,BRIDGE
-9.445415,-50.930883,-9.445323,-50.930903,BRIDGE
-9.443239,-50.971807,-9.443251,-50.971753,BRIDGE
-9.434578,-51.221086,-9.434552,-51.220909,BRIDGE
-9.433806,-55.818989,-9.433802,-55.819071,BRIDGE
-9.433286,-55.868597,-9.433282,-55.868751,BRIDGE
-9.432907,-51.050724,-9.432952,-51.050641,BRIDGE
-9.413978,-56.111725,-9.413966,-56.111893,BRIDGE
-9.412809,-55.820585,-9.412794,-55.820496,BRIDGE
-9.410182,-56.157989,-9.410198,-56.158118,BRIDGE
-9.410094,-50.329670,-9.410200,-50.329591,BRIDGE
-9.408743,-55.884835,-9.408682,-55.884879,BRIDGE
-9.408121,-55.873158,-9.408002,-55.873083,BRIDGE
-9.407847,-51.270134,-9.407639,-51.270242,BRIDGE
-9.407435,-55.859642,-9.407454,-55.859492,BRIDGE
-9.406904,-55.885847,-9.406790,-55.885893,BRIDGE
-9.406893,-55.935412,-9.406749,-55.935396,BRIDGE
-9.403851,-56.179042,-9.403852,-56.178984,BRIDGE
-9.399603,-55.930613,-9.399349,-55.930399,BRIDGE
-9.396389,-51.049587,-9.396425,-51.049655,BRIDGE
-9.396192,-55.927617,-9.396110,-55.927540,BRIDGE
-9.396090,-54.560827,-9.396007,-54.560586,BRIDGE
-9.396059,-55.955455,-9.396091,-55.955353,BRIDGE
-9.394255,-51.844687,-9.394520,-51.845210,BRIDGE
-9.388601,-50.420150,-9.389050,-50.419621,BRIDGE
-9.386502,-51.561086,-9.386393,-51.560860,BRIDGE
-9.386448,-55.919142,-9.386284,-55.918983,BRIDGE
-9.382951,-50.423115,-9.383359,-50.423353,BRIDGE
-9.381545,-50.837565,-9.381271,-50.837369,BRIDGE
-9.379817,-54.767345,-9.379792,-54.767260,BRIDGE
-9.379557,-54.766943,-9.379493,-54.766866,BRIDGE
-9.377179,-54.622513,-9.377065,-54.622497,BRIDGE
-9.372771,-56.544329,-9.372727,-56.544699,BRIDGE
-9.372450,-51.408304,-9.372471,-51.408129,BRIDGE
-9.371394,-51.397166,-9.371364,-51.397108,BRIDGE
-9.371386,-50.911224,-9.371721,-50.911114,BRIDGE
-9.369039,-51.426492,-9.369032,-51.426374,BRIDGE
-9.368716,-51.503617,-9.368687,-51.503519,BRIDGE
-9.366142,-56.081300,-9.366056,-56.081302,BRIDGE
-9.364956,-50.342880,-9.365048,-50.342856,BRIDGE
-9.360368,-50.344803,-9.360650,-50.344282,BRIDGE
-9.359106,-54.903976,-9.359110,-54.903493,BRIDGE
-9.358009,-51.651782,-9.357768,-51.651748,BRIDGE
-9.356308,-50.348868,-9.356415,-50.348841,BRIDGE
-9.350176,-55.888260,-9.350078,-55.888175,BRIDGE
-9.349087,-51.455676,-9.348932,-51.455719,BRIDGE
-9.348750,-55.937373,-9.348657,-55.937439,BRIDGE
-9.344122,-51.690017,-9.344209,-51.689920,BRIDGE
-9.343050,-56.471176,-9.343262,-56.471413,BRIDGE
-9.342285,-51.751237,-9.342412,-51.751270,BRIDGE
-9.342027,-54.563103,-9.342102,-54.563120,BRIDGE
-9.341021,-56.446970,-9.340887,-56.446938,BRIDGE
-9.334654,-51.457190,-9.334606,-51.457381,BRIDGE
-9.334540,-50.477749,-9.334644,-50.478087,BRIDGE
-9.333878,-51.472085,-9.334021,-51.472369,BRIDGE
-9.333791,-51.454430,-9.333672,-51.454470,BRIDGE
-9.323950,-55.866621,-9.323813,-55.866530,BRIDGE
-9.308977,-56.662416,-9.308887,-56.662532,BRIDGE
-9.307910,-50.364103,-9.307877,-50.363997,BRIDGE
-9.305366,-51.755458,-9.304920,-51.755394,BRIDGE
-9.303058,-50.343842,-9.303043,-50.343755,BRIDGE
-9.291581,-50.483294,-9.291627,-50.483492,BRIDGE
-9.289191,-56.653624,-9.288858,-56.653613,BRIDGE
-9.282353,-50.606287,-9.282200,-50.606282,BRIDGE
-9.281100,-56.024181,-9.281032,-56.024135,BRIDGE
-9.272607,-51.151271,-9.272975,-51.151094,BRIDGE
-9.268652,-56.638413,-9.268620,-56.638486,BRIDGE
-9.266108,-56.661998,-9.266140,-56.662197,BRIDGE
-9.264123,-56.638867,-9.263879,-56.638717,BRIDGE
-9.259477,-54.834119,-9.259080,-54.833988,BRIDGE
-9.252867,-56.631893,-9.252687,-56.631759,BRIDGE
-9.246391,-56.380803,-9.246479,-56.380902,BRIDGE
-9.237859,-51.751775,-9.237718,-51.751748,BRIDGE
-9.235766,-51.755932,-9.235758,-51.756018,BRIDGE
-9.234034,-51.770086,-9.234024,-51.770148,BRIDGE
-9.226755,-50.650519,-9.226762,-50.650426,BRIDGE
-9.221784,-56.527759,-9.221841,-56.527699,BRIDGE
-9.214325,-51.888530,-9.214251,-51.888310,BRIDGE
-9.214166,-51.888068,-9.214013,-51.887602,BRIDGE
-9.210997,-51.145901,-9.210882,-51.145583,BRIDGE
-9.203404,-51.773566,-9.203225,-51.773499,BRIDGE
-9.202558,-50.649688,-9.202595,-50.649865,BRIDGE
-9.200719,-50.642363,-9.200851,-50.642876,BRIDGE
-9.197066,-50.200680,-9.196933,-50.200591,BRIDGE
-9.192665,-50.692530,-9.192650,-50.692655,BRIDGE
-9.181333,-51.220232,-9.181291,-51.220484,BRIDGE
-9.168982,-56.902780,-9.169096,-56.902860,BRIDGE
-9.168512,-50.228867,-9.168463,-50.228682,BRIDGE
-9.166025,-56.902512,-9.165924,-56.902670,BRIDGE
-9.164806,-56.927534,-9.164787,-56.927673,BRIDGE
-9.164723,-57.016854,-9.164710,-57.016943,BRIDGE
-9.148978,-50.282009,-9.148849,-50.282037,BRIDGE
-9.143810,-50.812036,-9.143729,-50.812110,BRIDGE
-9.129069,-56.866193,-9.129061,-56.866306,BRIDGE
-9.116909,-54.914342,-9.116495,-54.914305,BRIDGE
-9.115977,-51.189296,-9.116054,-51.188873,BRIDGE
-9.113125,-50.808257,-9.112468,-50.807645,BRIDGE
-9.109006,-50.184145,-9.108960,-50.184198,BRIDGE
-9.089927,-54.859394,-9.089988,-54.859211,BRIDGE
-9.087527,-50.707278,-9.087588,-50.707530,BRIDGE
-9.087145,-56.617199,-9.087546,-56.617532,BRIDGE
-9.083016,-51.707864,-9.083118,-51.707800,BRIDGE
-9.081383,-56.612723,-9.081608,-56.612895,BRIDGE
-9.079639,-50.676057,-9.079682,-50.676229,BRIDGE
-9.076067,-51.696779,-9.075921,-51.696797,BRIDGE
-9.075977,-56.608571,-9.076391,-56.608871,BRIDGE
-9.070548,-56.604701,-9.070865,-56.604950,BRIDGE
-9.058076,-50.262137,-9.058007,-50.262056,BRIDGE
-9.054593,-50.255897,-9.054556,-50.255827,BRIDGE
-9.050780,-50.277280,-9.050718,-50.277317,BRIDGE
-9.047450,-51.677457,-9.047402,-51.677416,BRIDGE
-9.045398,-51.676689,-9.045373,-51.676640,BRIDGE
-9.045299,-50.282995,-9.045240,-50.283017,BRIDGE
-9.044235,-50.296284,-9.044253,-50.296325,BRIDGE
-9.041751,-51.673189,-9.041759,-51.673106,BRIDGE
-9.032597,-51.656547,-9.032506,-51.656548,BRIDGE
-9.023873,-49.963479,-9.023895,-49.963571,BRIDGE
-9.022558,-51.660337,-9.022463,-51.660335,BRIDGE
-9.020778,-51.680832,-9.020859,-51.680807,BRIDGE
-9.003716,-50.338421,-9.003702,-50.338347,BRIDGE
-9.001485,-50.337924,-9.001535,-50.337882,BRIDGE
-8.997967,-51.653214,-8.998004,-51.653252,BRIDGE
-8.995955,-50.083620,-8.995803,-50.083614,BRIDGE
-8.994863,-50.083512,-8.994756,-50.083512,BRIDGE
-8.988573,-51.196343,-8.988526,-51.196693,BRIDGE
-8.986561,-51.679551,-8.986504,-51.679636,BRIDGE
-8.985548,-51.650885,-8.985639,-51.650985,BRIDGE
-8.982654,-50.261667,-8.982731,-50.261678,BRIDGE
-8.977652,-50.383477,-8.977593,-50.383550,BRIDGE
-8.971217,-50.527111,-8.971507,-50.527041,BRIDGE
-8.970394,-51.652161,-8.970407,-51.652014,BRIDGE
-8.968705,-50.389212,-8.968527,-50.389253,BRIDGE
-8.966306,-50.344523,-8.966570,-50.344455,BRIDGE
-8.964495,-50.424705,-8.964037,-50.424726,BRIDGE
-8.957547,-51.517859,-8.957566,-51.517713,BRIDGE
-8.954802,-54.950274,-8.954802,-54.950118,BRIDGE
-8.952448,-51.621072,-8.952445,-51.620991,BRIDGE
-8.942369,-51.595054,-8.942426,-51.595134,BRIDGE
-8.938679,-51.679319,-8.938695,-51.679431,BRIDGE
-8.938184,-51.344712,-8.938058,-51.345054,BRIDGE
-8.936167,-51.688513,-8.936035,-51.688547,BRIDGE
-8.936137,-51.651728,-8.936198,-51.651658,BRIDGE
-8.933528,-51.661474,-8.933453,-51.661368,BRIDGE
-8.921947,-50.242987,-8.921902,-50.243519,BRIDGE
-8.909965,-51.701436,-8.909949,-51.701377,BRIDGE
-8.898224,-54.988693,-8.897774,-54.988912,TUNNEL
-8.889351,-51.587882,-8.889355,-51.588011,BRIDGE
-8.885007,-51.304972,-8.885002,-51.304830,BRIDGE
-8.884486,-50.594681,-8.884492,-50.594770,BRIDGE
-8.883153,-51.288546,-8.882203,-51.288644,BRIDGE
-8.875718,-51.291898,-8.875587,-51.291975,BRIDGE
-8.854097,-51.606602,-8.854175,-51.606668,BRIDGE
-8.851342,-49.753343,-8.851431,-49.754590,BRIDGE
-8.833851,-51.204947,-8.833696,-51.205155,BRIDGE
-8.827547,-51.436516,-8.827585,-51.436315,BRIDGE
-8.825160,-51.333366,-8.825152,-51.334590,BRIDGE
-8.825012,-51.182712,-8.825005,-51.182494,BRIDGE
-8.824879,-51.327007,-8.824879,-51.327106,BRIDGE
-8.820655,-50.436502,-8.820704,-50.436411,BRIDGE
-8.812210,-50.448959,-8.812148,-50.448993,BRIDGE
-8.810537,-50.630979,-8.810647,-50.630917,BRIDGE
-8.806395,-50.534286,-8.806250,-50.533993,BRIDGE
-8.803240,-50.658068,-8.803274,-50.657972,BRIDGE
-8.789331,-50.978765,-8.789416,-50.978741,BRIDGE
-8.785356,-51.422078,-8.785393,-51.421904,BRIDGE
-8.776378,-51.332105,-8.776691,-51.331891,BRIDGE
-8.751339,-50.959780,-8.751473,-50.959811,BRIDGE
-8.742379,-50.356292,-8.742380,-50.356509,BRIDGE
-8.732224,-51.155716,-8.732390,-51.155672,BRIDGE
-8.725755,-50.596186,-8.725679,-50.596222,BRIDGE
-8.724438,-51.122072,-8.724341,-51.121787,BRIDGE
-8.720512,-51.223183,-8.720603,-51.223160,BRIDGE
-8.710349,-51.224088,-8.710275,-51.223814,BRIDGE
-8.705268,-51.199601,-8.704995,-51.199641,BRIDGE
-8.692979,-51.118624,-8.692786,-51.118685,BRIDGE
-8.689758,-50.440389,-8.689347,-50.440207,BRIDGE
-8.689179,-50.440774,-8.689523,-50.440931,BRIDGE
-8.675227,-51.143581,-8.675177,-51.143708,BRIDGE
-8.673419,-50.571799,-8.673373,-50.571455,BRIDGE
-8.664296,-54.999306,-8.663918,-54.999098,BRIDGE
-8.654257,-51.483449,-8.655432,-51.483541,BRIDGE
-8.651780,-50.812295,-8.651828,-50.812200,BRIDGE
-8.651112,-50.812531,-8.651226,-50.812534,BRIDGE
-8.648034,-55.027715,-8.647493,-55.028503,BRIDGE
-8.641844,-50.567212,-8.641395,-50.567223,BRIDGE
-8.641619,-51.266360,-8.641559,-51.265874,BRIDGE
-8.638345,-50.416942,-8.638365,-50.416575,BRIDGE
-8.627828,-50.651340,-8.628208,-50.651277,BRIDGE
-8.625256,-50.698348,-8.625433,-50.698419,BRIDGE
-8.619769,-55.207479,-8.619871,-55.207684,BRIDGE
-8.617880,-50.695144,-8.618012,-50.695286,BRIDGE
-8.614112,-55.028974,-8.613930,-55.028089,BRIDGE
-8.595657,-50.736697,-8.595944,-50.737095,BRIDGE
-8.593170,-51.424005,-8.593080,-51.424003,BRIDGE
-8.586007,-50.429158,-8.586382,-50.429336,BRIDGE
-8.580046,-51.410435,-8.580043,-51.410470,BRIDGE
-8.579844,-51.381475,-8.579906,-51.381481,BRIDGE
-8.568570,-51.290003,-8.568476,-51.289984,BRIDGE
-8.564542,-53.793516,-8.564742,-53.793326,BRIDGE
-8.561532,-51.283314,-8.561507,-51.283237,BRIDGE
-8.561061,-51.249326,-8.561179,-51.249299,BRIDGE
-8.560466,-50.490556,-8.560750,-50.490769,BRIDGE
-8.549842,-51.331384,-8.549629,-51.331698,BRIDGE
-8.539296,-50.509408,-8.539381,-50.509706,BRIDGE
-8.519042,-50.984373,-8.519064,-50.984455,BRIDGE
-8.517645,-55.108756,-8.517209,-55.108979,BRIDGE
-8.510703,-51.588195,-8.510625,-51.588264,BRIDGE
-8.507694,-51.591360,-8.507580,-51.591558,BRIDGE
-8.494794,-51.298240,-8.494809,-51.298164,BRIDGE
-8.491659,-51.340752,-8.491889,-51.341007,BRIDGE
-8.490412,-51.285817,-8.490422,-51.285719,BRIDGE
-8.490255,-51.226598,-8.490268,-51.226479,BRIDGE
-8.486178,-50.384953,-8.486045,-50.384985,BRIDGE
-8.485558,-50.814131,-8.485403,-50.814165,BRIDGE
-8.484136,-51.339872,-8.484212,-51.339864,BRIDGE
-8.478454,-51.327265,-8.478506,-51.326976,BRIDGE
-8.474849,-51.353212,-8.474789,-51.353273,BRIDGE
-8.473561,-50.360781,-8.473738,-50.360640,BRIDGE
-8.471860,-51.033712,-8.471806,-51.033648,BRIDGE
-8.469287,-50.342170,-8.469421,-50.342130,BRIDGE
-8.465185,-50.984025,-8.465105,-50.984043,BRIDGE
-8.459430,-55.046999,-8.459653,-55.047082,BRIDGE
-8.446694,-51.486088,-8.446863,-51.486083,BRIDGE
-8.444240,-50.313523,-8.444298,-50.313362,BRIDGE
-8.437742,-50.376220,-8.438174,-50.374704,BRIDGE
-8.435317,-51.531468,-8.435413,-51.532759,BRIDGE
-8.433770,-55.075968,-8.433662,-55.075108,BRIDGE
-8.416690,-51.025163,-8.416687,-51.025247,BRIDGE
-8.416374,-50.366109,-8.416618,-50.366168,BRIDGE
-8.414205,-55.500650,-8.414205,-55.500945,BRIDGE
-8.401558,-55.415751,-8.401538,-55.415661,BRIDGE
-8.398093,-49.361684,-8.398351,-49.361922,BRIDGE
-8.388272,-51.123708,-8.387889,-51.123568,BRIDGE
-8.387212,-50.041324,-8.387763,-50.041693,BRIDGE
-8.385241,-55.328633,-8.385303,-55.328577,BRIDGE
-8.384105,-55.318857,-8.383631,-55.318587,BRIDGE
-8.372986,-55.089524,-8.373807,-55.089181,BRIDGE
-8.369371,-55.279778,-8.369366,-55.279678,BRIDGE
-8.366781,-55.260881,-8.366803,-55.260795,BRIDGE
-8.363017,-55.240619,-8.363076,-55.240499,BRIDGE
-8.360978,-49.279306,-8.362171,-49.273167,BRIDGE
-8.352344,-55.171405,-8.352380,-55.171284,BRIDGE
-8.346238,-55.134067,-8.346239,-55.133962,BRIDGE
-8.325791,-54.670479,-8.325353,-54.671129,BRIDGE
-8.325653,-55.106749,-8.325503,-55.106806,BRIDGE
-8.324501,-51.398224,-8.324384,-51.398495,BRIDGE
-8.324412,-51.397168,-8.324542,-51.397584,BRIDGE
-8.324342,-55.097712,-8.324192,-55.097718,BRIDGE
-8.317564,-51.246578,-8.317983,-51.246872,BRIDGE
-8.315675,-55.087733,-8.315020,-55.086697,BRIDGE
-8.308708,-50.359762,-8.308629,-50.359868,BRIDGE
-8.303827,-55.095586,-8.303627,-55.094976,BRIDGE
-8.301072,-55.035425,-8.301195,-55.035096,BRIDGE
-8.298085,-55.106585,-8.298030,-55.106408,BRIDGE
-8.294630,-51.262102,-8.294890,-51.262470,BRIDGE
-8.279885,-50.313530,-8.280207,-50.313627,BRIDGE
-8.272146,-50.669325,-8.272085,-50.669304,BRIDGE
-8.271521,-50.033609,-8.271526,-50.033849,BRIDGE
-8.261232,-55.271659,-8.261194,-55.271555,BRIDGE
-8.259972,-49.884435,-8.260445,-49.884381,BRIDGE
-8.256270,-50.254048,-8.256053,-50.253937,BRIDGE
-8.251250,-49.867964,-8.251197,-49.867896,BRIDGE
-8.245117,-55.184976,-8.245140,-55.185083,BRIDGE
-8.235615,-50.296523,-8.236113,-50.296811,BRIDGE
-8.235182,-49.591681,-8.235621,-49.590826,BRIDGE
-8.232596,-55.004791,-8.232404,-55.004880,BRIDGE
-8.225350,-49.433036,-8.225435,-49.432983,BRIDGE
-8.218027,-55.014821,-8.217984,-55.014955,BRIDGE
-8.213724,-49.395790,-8.213801,-49.395697,BRIDGE
-8.211673,-49.449652,-8.211609,-49.449611,BRIDGE
-8.204482,-55.188178,-8.204532,-55.188427,BRIDGE
-8.199168,-50.265560,-8.199382,-50.265764,BRIDGE
-8.191066,-50.471984,-8.191145,-50.472066,BRIDGE
-8.185339,-55.307752,-8.185196,-55.307636,BRIDGE
-8.184367,-50.540479,-8.184327,-50.540434,BRIDGE
-8.184221,-55.358198,-8.183953,-55.357561,BRIDGE
-8.183662,-50.611682,-8.183708,-50.611588,BRIDGE
-8.183225,-55.125766,-8.183144,-55.125774,TUNNEL
-8.181368,-49.606192,-8.181171,-49.606175,BRIDGE
-8.179224,-50.247252,-8.179408,-50.247421,BRIDGE
-8.173559,-55.034943,-8.173523,-55.034797,BRIDGE
-8.172673,-50.409239,-8.172712,-50.409199,BRIDGE
-8.171941,-51.068214,-8.171965,-51.068333,BRIDGE
-8.171476,-55.188074,-8.171212,-55.188104,BRIDGE
-8.170673,-55.188190,-8.170439,-55.188234,BRIDGE
-8.169196,-55.378931,-8.169516,-55.378668,BRIDGE
-8.169139,-51.059644,-8.169065,-51.059728,BRIDGE
-8.169127,-49.699875,-8.169130,-49.699561,BRIDGE
-8.165873,-55.181537,-8.166082,-55.181503,BRIDGE
-8.165371,-51.050143,-8.165450,-51.050278,BRIDGE
-8.159579,-50.407327,-8.159630,-50.407358,BRIDGE
-8.157220,-54.911225,-8.157087,-54.911275,BRIDGE
-8.155233,-55.139166,-8.155292,-55.139045,BRIDGE
-8.155135,-55.146044,-8.155099,-55.145824,BRIDGE
-8.152741,-55.492058,-8.152544,-55.492369,BRIDGE
-8.145662,-49.382832,-8.145777,-49.382785,BRIDGE
-8.139024,-50.314574,-8.138974,-50.314546,BRIDGE
-8.125275,-50.031540,-8.125213,-50.031667,BRIDGE
-8.122164,-50.395870,-8.122204,-50.395933,BRIDGE
-8.108139,-55.043138,-8.108117,-55.042973,BRIDGE
-8.093594,-50.624057,-8.093713,-50.624038,BRIDGE
-8.093053,-54.930521,-8.092895,-54.930410,BRIDGE
-8.088821,-55.744093,-8.088847,-55.743927,BRIDGE
-8.087977,-50.740018,-8.088062,-50.739939,BRIDGE
-8.074195,-55.786044,-8.074182,-55.785904,BRIDGE
-8.071665,-50.016034,-8.071668,-50.015944,BRIDGE
-8.068100,-50.373167,-8.067922,-50.371384,BRIDGE
-8.067166,-50.028553,-8.067165,-50.028415,BRIDGE
-8.061831,-49.964716,-8.062091,-49.964604,BRIDGE
-8.058888,-50.732016,-8.058884,-50.731749,BRIDGE
-8.058385,-50.694428,-8.058384,-50.694364,BRIDGE
-8.050713,-50.588225,-8.050712,-50.588135,BRIDGE
-8.050525,-50.629866,-8.050389,-50.629891,BRIDGE
-8.048252,-49.973105,-8.048462,-49.973015,BRIDGE
-8.034361,-50.007313,-8.034263,-50.007279,BRIDGE
-8.034225,-50.007405,-8.034316,-50.007440,BRIDGE
-8.033446,-49.945040,-8.033487,-49.944969,BRIDGE
-8.029048,-50.658171,-8.028857,-50.658083,BRIDGE
-8.021510,-55.348704,-8.022006,-55.349457,BRIDGE
-8.019260,-50.034854,-8.019291,-50.034787,BRIDGE
-8.013709,-50.543718,-8.013706,-50.543778,BRIDGE
-8.011574,-50.063872,-8.011408,-50.063951,BRIDGE
-8.003959,-50.035218,-8.004020,-50.035120,BRIDGE
-8.002242,-49.826712,-8.002280,-49.826642,BRIDGE
-7.999236,-50.632216,-7.999349,-50.632208,BRIDGE
-7.989836,-50.738130,-7.989604,-50.737954,BRIDGE
-7.985817,-49.976273,-7.985656,-49.976091,BRIDGE
-7.983209,-50.020702,-7.983206,-50.020787,BRIDGE
-7.978003,-50.633006,-7.978067,-50.633003,BRIDGE
-7.967876,-49.415542,-7.967778,-49.415570,BRIDGE
-7.966847,-50.197481,-7.966715,-50.197606,BRIDGE
-7.953780,-49.878740,-7.953472,-49.878111,BRIDGE
-7.948710,-50.060813,-7.948490,-50.060818,BRIDGE
-7.942394,-50.796762,-7.943292,-50.796763,BRIDGE
-7.939945,-49.317611,-7.940024,-49.317599,BRIDGE
-7.916712,-49.285636,-7.916536,-49.285652,BRIDGE
-7.914676,-50.377122,-7.914830,-50.377352,BRIDGE
-7.879335,-50.630245,-7.879369,-50.630130,BRIDGE
-7.870475,-50.044447,-7.870178,-50.044452,BRIDGE
-7.857488,-50.596663,-7.857544,-50.596778,BRIDGE
-7.854849,-50.502123,-7.855072,-50.502123,BRIDGE
-7.852924,-50.639302,-7.852916,-50.639782,BRIDGE
-7.844976,-50.045121,-7.844364,-50.044956,BRIDGE
-7.827046,-50.749209,-7.826932,-50.749347,BRIDGE
-7.793970,-50.520285,-7.793971,-50.520120,BRIDGE
-7.790960,-55.416647,-7.791212,-55.416867,BRIDGE
-7.790056,-50.345486,-7.790062,-50.345622,BRIDGE
-7.758467,-50.711084,-7.758627,-50.711191,BRIDGE
-7.735538,-50.036169,-7.735509,-50.036018,BRIDGE
-7.733655,-49.430499,-7.735044,-49.430587,BRIDGE
-7.730399,-55.276557,-7.730344,-55.277557,BRIDGE
-7.730064,-55.642122,-7.730077,-55.641769,BRIDGE
-7.728124,-50.721296,-7.728136,-50.721415,BRIDGE
-7.724417,-55.299720,-7.724385,-55.299882,BRIDGE
-7.708461,-55.646642,-7.708226,-55.646482,BRIDGE
-7.707936,-56.143936,-7.708053,-56.144393,BRIDGE
-7.695355,-55.424534,-7.695325,-55.424912,BRIDGE
-7.685513,-49.594649,-7.685667,-49.594839,BRIDGE
-7.673628,-50.689448,-7.673662,-50.689235,BRIDGE
-7.658542,-55.220326,-7.657925,-55.220492,BRIDGE
-7.655712,-50.019537,-7.655415,-50.019401,BRIDGE
-7.644846,-55.261375,-7.645396,-55.259879,BRIDGE
-7.637836,-49.643589,-7.637959,-49.643530,BRIDGE
-7.635458,-50.710828,-7.635425,-50.710967,BRIDGE
-7.630249,-50.028103,-7.630296,-50.028229,BRIDGE
-7.625708,-50.711596,-7.625608,-50.711587,BRIDGE
-7.623666,-49.910926,-7.623698,-49.910484,BRIDGE
-7.618878,-49.879957,-7.618825,-49.879459,BRIDGE
-7.612195,-56.775418,-7.612173,-56.775128,BRIDGE
-7.602076,-55.286411,-7.601255,-55.287065,BRIDGE
-7.598439,-49.933215,-7.598859,-49.932679,BRIDGE
-7.592803,-49.947316,-7.592938,-49.946972,BRIDGE
-7.591803,-49.952425,-7.591813,-49.951948,BRIDGE
-7.591723,-49.954281,-7.591723,-49.953906,BRIDGE
-7.580868,-50.208834,-7.580776,-50.208767,BRIDGE
-7.555644,-55.310561,-7.555679,-55.312416,BRIDGE
-7.553206,-49.734228,-7.553136,-49.734251,BRIDGE
-7.549839,-55.255067,-7.549427,-55.255263,BRIDGE
-7.543656,-49.814581,-7.543474,-49.814509,BRIDGE
-7.527938,-50.001315,-7.527953,-50.001128,BRIDGE
-7.513604,-55.263103,-7.513242,-55.263148,BRIDGE
-7.501092,-49.859083,-7.501190,-49.859020,BRIDGE
-7.489110,-49.756102,-7.488918,-49.756131,BRIDGE
-7.488524,-49.923042,-7.488636,-49.923068,BRIDGE
-7.486148,-50.383100,-7.486190,-50.383240,BRIDGE
-7.474800,-49.821849,-7.474931,-49.821904,BRIDGE
-7.473211,-50.182503,-7.473135,-50.182438,BRIDGE
-7.448536,-49.370818,-7.448311,-49.371024,BRIDGE
-7.447647,-49.356349,-7.447583,-49.356127,BRIDGE
-7.439302,-50.017409,-7.439387,-50.017303,BRIDGE
-7.437414,-49.875897,-7.437516,-49.875827,BRIDGE
-7.423470,-50.420632,-7.423560,-50.420707,BRIDGE
-7.422408,-50.319526,-7.422495,-50.319485,BRIDGE
-7.419300,-49.341601,-7.419213,-49.341601,BRIDGE
-7.412899,-50.849201,-7.412652,-50.848669,BRIDGE
-7.411500,-55.387303,-7.411914,-55.386652,BRIDGE
-7.405322,-50.600023,-7.405262,-50.599921,BRIDGE
-7.386367,-50.405281,-7.386391,-50.405184,BRIDGE
-7.383058,-50.250785,-7.383019,-50.250859,BRIDGE
-7.378983,-50.245358,-7.378911,-50.245394,BRIDGE
-7.378535,-49.841285,-7.378588,-49.841106,BRIDGE
-7.374195,-55.303926,-7.373809,-55.304020,BRIDGE
-7.367796,-50.115311,-7.367724,-50.115324,BRIDGE
-7.364161,-50.376008,-7.364126,-50.375931,BRIDGE
-7.362807,-55.431705,-7.362258,-55.430512,BRIDGE
-7.360932,-50.397328,-7.360808,-50.397264,BRIDGE
-7.349321,-50.546222,-7.349282,-50.546334,BRIDGE
-7.346493,-56.530747,-7.346402,-56.530803,BRIDGE
-7.343466,-50.191200,-7.343366,-50.191219,BRIDGE
-7.342073,-56.534711,-7.342113,-56.534835,BRIDGE
-7.340614,-50.782140,-7.341265,-50.782553,BRIDGE
-7.340257,-56.533276,-7.340268,-56.533440,BRIDGE
-7.334874,-50.600202,-7.334832,-50.600349,BRIDGE
-7.332449,-55.767365,-7.332453,-55.767005,BRIDGE
-7.330518,-55.731588,-7.330654,-55.731843,BRIDGE
-7.330326,-55.731046,-7.330369,-55.731194,BRIDGE
-7.329773,-56.547064,-7.329523,-56.547012,BRIDGE
-7.321938,-50.722195,-7.322002,-50.722267,BRIDGE
-7.320199,-49.614062,-7.320736,-49.613725,BRIDGE
-7.318631,-49.614986,-7.318818,-49.614872,BRIDGE
-7.315844,-49.616650,-7.316043,-49.616536,BRIDGE
-7.312403,-50.497814,-7.312392,-50.497998,BRIDGE
-7.311773,-50.684344,-7.311784,-50.684246,BRIDGE
-7.310133,-50.489765,-7.310168,-50.489907,BRIDGE
-7.309503,-50.483234,-7.309537,-50.483447,BRIDGE
-7.309323,-50.042144,-7.308896,-50.041796,BRIDGE
-7.309300,-50.114649,-7.309255,-50.114731,BRIDGE
-7.307168,-50.057564,-7.307300,-50.057425,BRIDGE
-7.306691,-50.479549,-7.306888,-50.479619,BRIDGE
-7.306521,-50.721361,-7.306629,-50.721311,BRIDGE
-7.305737,-50.125646,-7.305644,-50.125787,BRIDGE
-7.304907,-50.278618,-7.304865,-50.278717,BRIDGE
-7.304642,-50.279155,-7.304599,-50.279220,BRIDGE
-7.303804,-50.445718,-7.303730,-50.445857,BRIDGE
-7.301190,-50.467951,-7.301176,-50.468034,BRIDGE
-7.301154,-55.038478,-7.301139,-55.038272,BRIDGE
-7.298145,-50.044998,-7.298127,-50.045070,BRIDGE
-7.296722,-50.731971,-7.296832,-50.732038,BRIDGE
-7.296150,-50.297086,-7.296092,-50.297142,BRIDGE
-7.291310,-50.667375,-7.291503,-50.667143,BRIDGE
-7.285986,-50.744542,-7.286003,-50.744445,BRIDGE
-7.284796,-50.725015,-7.284699,-50.725018,BRIDGE
-7.282228,-50.646248,-7.282120,-50.645945,BRIDGE
-7.272958,-50.755748,-7.272763,-50.755687,BRIDGE
-7.260672,-50.488926,-7.260623,-50.488964,BRIDGE
-7.258783,-50.592420,-7.258235,-50.592584,BRIDGE
-7.258267,-49.619303,-7.258035,-49.619212,BRIDGE
-7.256559,-50.394034,-7.256503,-50.394085,BRIDGE
-7.252740,-50.752284,-7.252633,-50.752251,BRIDGE
-7.251076,-49.975988,-7.251075,-49.976107,BRIDGE
-7.247671,-50.517524,-7.247762,-50.517304,BRIDGE
-7.233585,-50.728080,-7.233545,-50.728000,BRIDGE
-7.232929,-49.903923,-7.232935,-49.903818,BRIDGE
-7.231054,-50.224998,-7.231031,-50.224865,BRIDGE
-7.229833,-50.283682,-7.229904,-50.283698,BRIDGE
-7.226905,-50.742576,-7.226934,-50.742424,BRIDGE
-7.226158,-50.746241,-7.226233,-50.746268,BRIDGE
-7.223354,-50.619471,-7.223291,-50.619680,BRIDGE
-7.220656,-50.623783,-7.220503,-50.623824,BRIDGE
-7.218035,-49.819819,-7.217880,-49.819781,BRIDGE
-7.210134,-50.278019,-7.210205,-50.278039,BRIDGE
-7.204699,-49.515351,-7.204673,-49.515016,BRIDGE
-7.204662,-50.665843,-7.204640,-50.665909,BRIDGE
-7.201134,-50.678781,-7.201119,-50.678862,BRIDGE
-7.189101,-50.272053,-7.189176,-50.272080,BRIDGE
-7.182486,-49.781519,-7.182625,-49.781403,BRIDGE
-7.178940,-49.847882,-7.178733,-49.847731,BRIDGE
-7.177265,-56.409484,-7.177007,-56.409530,BRIDGE
-7.169177,-50.263142,-7.169200,-50.263073,BRIDGE
-7.167833,-49.377680,-7.167759,-49.377707,BRIDGE
-7.167092,-49.653182,-7.166855,-49.653124,BRIDGE
-7.166653,-50.663785,-7.166570,-50.663787,BRIDGE
-7.165046,-50.330008,-7.165027,-50.330103,BRIDGE
-7.159541,-50.663712,-7.159419,-50.663775,BRIDGE
-7.154442,-50.271724,-7.154524,-50.271750,BRIDGE
-7.150288,-55.818121,-7.149676,-55.818552,BRIDGE
-7.147934,-49.377459,-7.147852,-49.377365,BRIDGE
-7.145951,-55.787466,-7.145782,-55.788117,BRIDGE
-7.140678,-50.770157,-7.140662,-50.769993,BRIDGE
-7.138893,-49.853957,-7.138954,-49.853809,BRIDGE
-7.133485,-49.944475,-7.133451,-49.944673,BRIDGE
-7.129950,-49.947843,-7.129747,-49.947729,BRIDGE
-7.129808,-50.191674,-7.129813,-50.191518,BRIDGE
-7.127955,-49.335501,-7.127977,-49.335586,BRIDGE
-7.115357,-50.192321,-7.115330,-50.192440,BRIDGE
-7.112711,-55.395018,-7.112377,-55.395134,BRIDGE
-7.101188,-49.932356,-7.101185,-49.932260,BRIDGE
-7.097474,-49.957947,-7.097536,-49.957891,BRIDGE
-7.096487,-49.957466,-7.096444,-49.957557,BRIDGE
-7.096148,-49.932328,-7.096140,-49.932456,BRIDGE
-7.091679,-49.931157,-7.091713,-49.931091,BRIDGE
-7.091671,-49.911768,-7.091686,-49.911854,BRIDGE
-7.086820,-55.152226,-7.086892,-55.152113,BRIDGE
-7.084510,-56.917084,-7.084534,-56.916913,BRIDGE
-7.082353,-50.266641,-7.082297,-50.266730,BRIDGE
-7.080883,-49.938261,-7.080810,-49.938261,BRIDGE
-7.072696,-50.194764,-7.072901,-50.194825,BRIDGE
-7.071454,-56.915268,-7.071332,-56.915386,BRIDGE
-7.070924,-50.342728,-7.071081,-50.342399,BRIDGE
-7.070529,-50.147295,-7.070565,-50.147409,BRIDGE
-7.061729,-50.837104,-7.061671,-50.837246,BRIDGE
-7.059227,-55.462751,-7.058737,-55.461549,BRIDGE
-7.055731,-55.383891,-7.055841,-55.383854,BRIDGE
-7.054469,-49.481470,-7.054353,-49.481484,BRIDGE
-7.052999,-55.426311,-7.053196,-55.426264,BRIDGE
-7.051733,-50.057861,-7.051754,-50.057646,BRIDGE
-7.049934,-55.416321,-7.050116,-55.416250,BRIDGE
-7.049505,-55.414668,-7.049721,-55.414614,BRIDGE
-7.048925,-55.411217,-7.048570,-55.411360,BRIDGE
-7.048762,-55.411058,-7.048552,-55.411118,BRIDGE
-7.048674,-55.411501,-7.048911,-55.411402,BRIDGE
-7.048438,-50.092948,-7.048485,-50.092810,BRIDGE
-7.047992,-55.409269,-7.047875,-55.409317,BRIDGE
-7.047887,-55.454395,-7.047785,-55.454456,BRIDGE
-7.043883,-49.539700,-7.043843,-49.539809,BRIDGE
-7.043380,-49.765950,-7.043427,-49.765824,BRIDGE
-7.041610,-55.688816,-7.041124,-55.689287,BRIDGE
-7.040187,-49.520612,-7.040088,-49.520635,BRIDGE
-7.033264,-52.371569,-7.033285,-52.371644,BRIDGE
-7.033150,-49.529994,-7.033100,-49.530118,BRIDGE
-7.033130,-52.371139,-7.033133,-52.371223,BRIDGE
-7.033069,-52.370869,-7.033072,-52.370976,BRIDGE
-7.033047,-50.081657,-7.033016,-50.081782,BRIDGE
-7.032734,-52.370303,-7.032912,-52.370513,BRIDGE
-7.030842,-55.422458,-7.030851,-55.422306,BRIDGE
-7.029777,-49.521940,-7.029647,-49.521978,BRIDGE
-7.028793,-49.308944,-7.028377,-49.308898,BRIDGE
-7.028688,-49.833770,-7.028626,-49.833655,BRIDGE
-7.021506,-50.129414,-7.022029,-50.128827,BRIDGE
-7.017485,-50.134060,-7.017817,-50.133657,BRIDGE
-7.013603,-50.001875,-7.013601,-50.001746,BRIDGE
-7.013480,-49.981313,-7.013444,-49.981203,BRIDGE
-7.012720,-52.015146,-7.012534,-52.015071,BRIDGE
-7.010734,-49.567795,-7.010463,-49.567611,BRIDGE
-7.005645,-50.147055,-7.005873,-50.146815,BRIDGE
-7.005478,-49.958362,-7.005472,-49.958273,BRIDGE
-6.999841,-55.184194,-6.999819,-55.184048,BRIDGE
-6.998684,-56.501647,-6.998714,-56.501756,BRIDGE
-6.998095,-49.997197,-6.998017,-49.997152,BRIDGE
-6.992149,-49.374243,-6.991983,-49.373861,BRIDGE
-6.990248,-55.578735,-6.989722,-55.578304,BRIDGE
-6.990213,-49.758102,-6.990025,-49.757860,BRIDGE
-6.990097,-51.534505,-6.990150,-51.534382,BRIDGE
-6.985034,-52.053748,-6.984979,-52.053763,BRIDGE
-6.982058,-49.989168,-6.981794,-49.989039,BRIDGE
-6.981434,-52.157060,-6.981429,-52.157117,BRIDGE
-6.981305,-52.155222,-6.981331,-52.155277,BRIDGE
-6.980858,-52.160375,-6.980674,-52.160443,BRIDGE
-6.980692,-50.135222,-6.980582,-50.135192,BRIDGE
-6.978324,-51.592832,-6.978351,-51.593031,BRIDGE
-6.977117,-49.760007,-6.977047,-49.760171,BRIDGE
-6.974213,-56.491206,-6.974200,-56.491434,BRIDGE
-6.973058,-56.485750,-6.973045,-56.485935,BRIDGE
-6.972398,-51.420846,-6.972800,-51.420656,BRIDGE
-6.959954,-50.057418,-6.959882,-50.057385,BRIDGE
-6.959693,-51.497882,-6.959623,-51.497968,BRIDGE
-6.952690,-51.978641,-6.952584,-51.978620,BRIDGE
-6.951557,-50.120629,-6.951469,-50.120604,BRIDGE
-6.949747,-49.673419,-6.949804,-49.673270,BRIDGE
-6.947190,-49.703221,-6.947039,-49.703051,BRIDGE
-6.937092,-49.708384,-6.937190,-49.708144,BRIDGE
-6.934436,-49.987707,-6.934385,-49.987704,BRIDGE
-6.934258,-55.284129,-6.934287,-55.284212,BRIDGE
-6.928094,-49.680366,-6.928212,-49.680525,BRIDGE
-6.925685,-49.676906,-6.925902,-49.677213,BRIDGE
-6.920897,-50.675723,-6.921050,-50.675727,BRIDGE
-6.919475,-50.628571,-6.919483,-50.628445,BRIDGE
-6.918991,-50.857159,-6.919098,-50.857180,BRIDGE
-6.917640,-50.640535,-6.917757,-50.640629,BRIDGE
-6.917589,-56.444920,-6.917955,-56.444680,BRIDGE
-6.917443,-50.066848,-6.917361,-50.067044,BRIDGE
-6.912789,-50.621089,-6.912706,-50.621170,BRIDGE
-6.912434,-51.264720,-6.912465,-51.264919,BRIDGE
-6.911957,-50.850045,-6.911921,-50.849937,BRIDGE
-6.906466,-50.276994,-6.906332,-50.277362,BRIDGE
-6.902934,-49.709307,-6.903089,-49.709339,BRIDGE
-6.899539,-52.183193,-6.899389,-52.183193,BRIDGE
-6.896513,-49.462364,-6.896386,-49.462341,BRIDGE
-6.890529,-51.072772,-6.890797,-51.072907,BRIDGE
-6.883297,-50.765842,-6.883290,-50.765949,BRIDGE
-6.881619,-49.170292,-6.881788,-49.170244,BRIDGE
-6.881513,-50.844973,-6.881621,-50.844975,BRIDGE
-6.880378,-52.001805,-6.880325,-52.001758,BRIDGE
-6.880116,-51.135702,-6.880219,-51.135803,BRIDGE
-6.880100,-52.193049,-6.880020,-52.193027,BRIDGE
-6.879690,-52.001118,-6.879654,-52.001083,BRIDGE
-6.879139,-52.000524,-6.879016,-52.000520,BRIDGE
-6.876580,-50.746945,-6.876600,-50.747082,BRIDGE
-6.876023,-49.829615,-6.876159,-49.829430,BRIDGE
-6.872808,-51.097895,-6.872868,-51.097616,BRIDGE
-6.871862,-52.260346,-6.871793,-52.260576,BRIDGE
-6.871166,-51.656764,-6.871250,-51.656793,BRIDGE
-6.870386,-56.770249,-6.870745,-56.770126,BRIDGE
-6.869755,-51.587586,-6.869864,-51.587594,BRIDGE
-6.868588,-50.759321,-6.868420,-50.759318,BRIDGE
-6.868192,-56.400689,-6.868085,-56.400888,BRIDGE
-6.866995,-51.260597,-6.866975,-51.260660,BRIDGE
-6.865996,-50.847374,-6.866181,-50.847378,BRIDGE
-6.861971,-50.845828,-6.862055,-50.845932,BRIDGE
-6.859523,-50.974523,-6.859627,-50.974415,BRIDGE
-6.857278,-50.058764,-6.857220,-50.058964,BRIDGE
-6.856993,-50.306722,-6.857060,-50.306348,BRIDGE
-6.856260,-50.062090,-6.856232,-50.062200,BRIDGE
-6.855995,-50.063167,-6.855906,-50.063465,BRIDGE
-6.851079,-51.529977,-6.851228,-51.529983,BRIDGE
-6.848016,-49.982014,-6.847803,-49.982126,BRIDGE
-6.842752,-51.252348,-6.842755,-51.252179,BRIDGE
-6.841690,-51.402960,-6.841729,-51.403027,BRIDGE
-6.839878,-50.344456,-6.839913,-50.344043,BRIDGE
-6.839572,-50.783427,-6.839636,-50.783474,BRIDGE
-6.839190,-50.830345,-6.839351,-50.830438,BRIDGE
-6.836431,-50.067763,-6.836505,-50.067780,BRIDGE
-6.831542,-52.147170,-6.831572,-52.147293,BRIDGE
-6.831381,-51.084659,-6.831409,-51.084451,BRIDGE
-6.828929,-49.717672,-6.828826,-49.717591,BRIDGE
-6.828365,-51.410989,-6.828464,-51.411125,BRIDGE
-6.828147,-50.827420,-6.828342,-50.827597,BRIDGE
-6.827502,-50.771186,-6.827471,-50.771238,BRIDGE
-6.816168,-50.101218,-6.816189,-50.101080,BRIDGE
-6.815879,-50.103182,-6.815892,-50.103031,BRIDGE
-6.813475,-51.623152,-6.813595,-51.623152,BRIDGE
-6.813209,-50.541991,-6.813121,-50.541537,BRIDGE
-6.812495,-52.728147,-6.812835,-52.728014,BRIDGE
-6.811910,-50.803223,-6.811908,-50.803343,BRIDGE
-6.804250,-50.980995,-6.804452,-50.981043,BRIDGE
-6.803247,-50.632508,-6.803221,-50.632610,BRIDGE
-6.802914,-51.371384,-6.803080,-51.371354,BRIDGE
-6.801975,-50.478636,-6.801940,-50.478358,BRIDGE
-6.800784,-52.296963,-6.800750,-52.296805,BRIDGE
-6.799459,-51.381345,-6.799585,-51.381410,BRIDGE
-6.799075,-52.289206,-6.799056,-52.289423,BRIDGE
-6.795578,-52.297540,-6.795455,-52.297567,BRIDGE
-6.787477,-50.336452,-6.787490,-50.336231,BRIDGE
-6.787262,-51.536656,-6.787675,-51.536702,BRIDGE
-6.787212,-51.238011,-6.787201,-51.237820,BRIDGE
-6.786986,-51.536694,-6.787161,-51.536678,BRIDGE
-6.783554,-51.255987,-6.783569,-51.255777,BRIDGE
-6.783470,-55.159258,-6.783405,-55.159273,BRIDGE
-6.778139,-50.470595,-6.778046,-50.470643,BRIDGE
-6.774184,-51.534149,-6.774304,-51.534154,BRIDGE
-6.771237,-50.498221,-6.771091,-50.498325,BRIDGE
-6.770914,-51.714240,-6.770722,-51.714229,BRIDGE
-6.769547,-51.455920,-6.769399,-51.455877,BRIDGE
-6.768717,-51.455746,-6.768618,-51.455704,BRIDGE
-6.767235,-51.038069,-6.767090,-51.038292,BRIDGE
-6.766936,-50.653120,-6.767029,-50.653059,BRIDGE
-6.762729,-50.871002,-6.762721,-50.871381,BRIDGE
-6.762081,-49.617115,-6.762158,-49.617015,BRIDGE
-6.761444,-49.453282,-6.761347,-49.453410,BRIDGE
-6.761163,-51.150013,-6.761267,-51.150036,BRIDGE
-6.760783,-51.161818,-6.760839,-51.161812,BRIDGE
-6.760684,-55.479458,-6.760071,-55.479415,BRIDGE
-6.759296,-51.152191,-6.759265,-51.152265,BRIDGE
-6.758259,-51.153173,-6.758159,-51.153150,BRIDGE
-6.758240,-49.456650,-6.758143,-49.456718,BRIDGE
-6.757711,-51.156623,-6.757587,-51.156614,BRIDGE
-6.756701,-51.162354,-6.756682,-51.162290,BRIDGE
-6.756643,-49.209852,-6.756389,-49.209703,BRIDGE
-6.756639,-50.083227,-6.756694,-50.083115,BRIDGE
-6.756514,-51.163591,-6.756464,-51.163478,BRIDGE
-6.755116,-51.157121,-6.755123,-51.157028,BRIDGE
-6.754420,-51.157453,-6.754423,-51.157338,BRIDGE
-6.753781,-51.157755,-6.753786,-51.157579,BRIDGE
-6.753118,-51.157888,-6.753121,-51.157768,BRIDGE
-6.752875,-50.346488,-6.752653,-50.346171,BRIDGE
-6.752874,-51.079390,-6.752833,-51.079563,BRIDGE
-6.752447,-51.158098,-6.752438,-51.157996,BRIDGE
-6.752116,-52.817437,-6.752154,-52.817183,BRIDGE
-6.751776,-51.158349,-6.751759,-51.158201,BRIDGE
-6.751701,-51.158200,-6.751718,-51.158365,BRIDGE
-6.750410,-51.225278,-6.750362,-51.225517,BRIDGE
-6.749405,-50.449260,-6.749342,-50.449239,BRIDGE
-6.747656,-51.077454,-6.747545,-51.077420,BRIDGE
-6.744341,-51.143808,-6.744399,-51.143847,BRIDGE
-6.744022,-51.044514,-6.743924,-51.044476,BRIDGE
-6.743920,-51.773504,-6.741992,-51.769696,BRIDGE
-6.741046,-51.075156,-6.741032,-51.075232,BRIDGE
-6.736281,-51.076956,-6.736317,-51.076836,BRIDGE
-6.734248,-56.223345,-6.734078,-56.223452,BRIDGE
-6.733842,-50.443794,-6.733680,-50.443736,BRIDGE
-6.730465,-49.057685,-6.730481,-49.057753,BRIDGE
-6.728482,-49.377144,-6.728521,-49.377220,BRIDGE
-6.725999,-49.372754,-6.726051,-49.372860,BRIDGE
-6.725116,-52.154951,-6.724977,-52.155106,BRIDGE
-6.724343,-49.078375,-6.724389,-49.078349,BRIDGE
-6.722515,-51.582955,-6.722397,-51.583586,BRIDGE
-6.721402,-51.588758,-6.721341,-51.589066,BRIDGE
-6.720531,-50.022602,-6.720366,-50.022559,BRIDGE
-6.719035,-49.062722,-6.719115,-49.062674,BRIDGE
-6.718697,-51.360677,-6.718585,-51.360717,BRIDGE
-6.718265,-50.625715,-6.718130,-50.625689,BRIDGE
-6.717954,-49.512433,-6.718213,-49.512629,BRIDGE
-6.717900,-51.608530,-6.717870,-51.608673,BRIDGE
-6.717295,-51.611868,-6.717252,-51.612158,BRIDGE
-6.715000,-51.624726,-6.714992,-51.624784,BRIDGE
-6.712572,-51.638341,-6.712564,-51.638457,BRIDGE
-6.708955,-51.658356,-6.708920,-51.658487,BRIDGE
-6.708939,-51.536637,-6.708832,-51.536667,BRIDGE
-6.707380,-49.086722,-6.707459,-49.086738,BRIDGE
-6.706760,-51.670447,-6.706736,-51.670616,BRIDGE
-6.705769,-48.998000,-6.705955,-48.998272,BRIDGE
-6.704294,-51.905953,-6.704316,-51.905860,BRIDGE
-6.700015,-51.897553,-6.699840,-51.897227,BRIDGE
-6.699387,-51.635162,-6.699277,-51.635116,BRIDGE
-6.699255,-49.082391,-6.699306,-49.082297,BRIDGE
-6.698647,-51.728771,-6.698487,-51.728758,BRIDGE
-6.698454,-56.747901,-6.698488,-56.748081,BRIDGE
-6.697551,-49.833228,-6.697637,-49.833077,BRIDGE
-6.696149,-49.814136,-6.695994,-49.814084,BRIDGE
-6.695520,-49.347652,-6.695489,-49.347597,BRIDGE
-6.692382,-49.696580,-6.692560,-49.696629,BRIDGE
-6.690334,-51.595455,-6.690237,-51.595373,BRIDGE
-6.689432,-50.028035,-6.689445,-50.027535,BRIDGE
-6.686449,-51.612174,-6.686440,-51.612266,BRIDGE
-6.680508,-50.174744,-6.680315,-50.174991,BRIDGE
-6.679348,-51.581311,-6.679327,-51.581191,BRIDGE
-6.675530,-51.873477,-6.675413,-51.873472,BRIDGE
-6.673157,-51.572992,-6.673115,-51.572901,BRIDGE
-6.673058,-55.495964,-6.672413,-55.496241,BRIDGE
-6.668501,-50.269288,-6.668561,-50.269183,BRIDGE
-6.667815,-53.116611,-6.667602,-53.116692,BRIDGE
-6.667753,-52.552548,-6.668115,-52.552684,BRIDGE
-6.665757,-51.607336,-6.665694,-51.607343,BRIDGE
-6.665068,-51.690707,-6.664979,-51.690753,BRIDGE
-6.663622,-51.135320,-6.663473,-51.135182,BRIDGE
-6.662047,-50.370205,-6.661854,-50.370157,BRIDGE
-6.660208,-51.240859,-6.660322,-51.240706,BRIDGE
-6.658083,-52.428069,-6.658413,-52.428179,BRIDGE
-6.654905,-49.805020,-6.655025,-49.804821,BRIDGE
-6.651529,-49.802194,-6.651632,-49.802210,BRIDGE
-6.649370,-51.254824,-6.649455,-51.254708,BRIDGE
-6.648948,-49.856244,-6.649244,-49.856330,BRIDGE
-6.647229,-51.563676,-6.647217,-51.563601,BRIDGE
-6.645342,-49.105065,-6.645279,-49.105106,BRIDGE
-6.645082,-51.574289,-6.644991,-51.574260,BRIDGE
-6.644640,-51.550491,-6.644615,-51.550406,BRIDGE
-6.644240,-51.611200,-6.644135,-51.611262,BRIDGE
-6.643262,-49.977932,-6.643282,-49.978227,BRIDGE
-6.640162,-51.458281,-6.639723,-51.458448,BRIDGE
-6.639699,-52.420754,-6.639884,-52.421081,BRIDGE
-6.637569,-51.992536,-6.635254,-51.996746,BRIDGE
-6.635380,-51.216460,-6.635383,-51.216620,BRIDGE
-6.634937,-51.568467,-6.634905,-51.568400,BRIDGE
-6.634680,-51.567718,-6.634706,-51.567690,BRIDGE
-6.630783,-51.546182,-6.630791,-51.546047,BRIDGE
-6.630174,-50.146251,-6.629996,-50.146093,BRIDGE
-6.628213,-49.900933,-6.627605,-49.900817,BRIDGE
-6.625487,-52.695319,-6.625241,-52.695363,BRIDGE
-6.624965,-49.458773,-6.625133,-49.458868,BRIDGE
-6.618443,-48.952187,-6.618525,-48.952228,BRIDGE
-6.616304,-49.421276,-6.616429,-49.420995,BRIDGE
-6.614169,-50.099795,-6.614384,-50.099807,BRIDGE
-6.607608,-51.975193,-6.607009,-51.974731,BRIDGE
-6.606299,-49.127437,-6.606182,-49.127444,BRIDGE
-6.603357,-49.935065,-6.603449,-49.935234,BRIDGE
-6.602696,-49.125751,-6.602626,-49.125709,BRIDGE
-6.602305,-51.685964,-6.602240,-51.685862,BRIDGE
-6.601599,-52.396084,-6.601506,-52.396320,BRIDGE
-6.595545,-52.432779,-6.595504,-52.432921,BRIDGE
-6.595320,-49.871235,-6.595475,-49.870776,BRIDGE
-6.589126,-49.546973,-6.589172,-49.547105,BRIDGE
-6.588691,-51.087159,-6.588395,-51.087162,BRIDGE
-6.587510,-50.581893,-6.587065,-50.581704,BRIDGE
-6.584912,-49.780691,-6.585046,-49.780672,BRIDGE
-6.583345,-49.963845,-6.582809,-49.963559,BRIDGE
-6.582901,-51.931650,-6.582807,-51.931561,BRIDGE
-6.580073,-49.261501,-6.580025,-49.261431,BRIDGE
-6.580056,-49.491532,-6.579890,-49.491578,BRIDGE
-6.576388,-51.086431,-6.576149,-51.086468,BRIDGE
-6.571938,-51.042364,-6.572034,-51.042271,BRIDGE
-6.566501,-51.050079,-6.566329,-51.050080,BRIDGE
-6.566464,-49.967113,-6.566404,-49.967206,BRIDGE
-6.562399,-51.082703,-6.562291,-51.082783,TUNNEL
-6.558924,-51.719978,-6.558832,-51.720011,BRIDGE
-6.558901,-50.239644,-6.559069,-50.239743,BRIDGE
-6.558595,-49.103525,-6.558709,-49.103667,BRIDGE
-6.557787,-51.720433,-6.557660,-51.720535,BRIDGE
-6.551931,-51.628565,-6.551611,-51.628597,BRIDGE
-6.550412,-51.928733,-6.550359,-51.928765,BRIDGE
-6.549010,-49.381078,-6.549077,-49.381042,BRIDGE
-6.544525,-50.039769,-6.545210,-50.039817,BRIDGE
-6.544027,-51.856361,-6.544004,-51.856163,BRIDGE
-6.542595,-51.069454,-6.542519,-51.069409,BRIDGE
-6.541570,-49.412740,-6.541694,-49.412985,BRIDGE
-6.541030,-51.064045,-6.540783,-51.064114,BRIDGE
-6.537536,-49.341231,-6.537523,-49.341395,BRIDGE
-6.536550,-49.351247,-6.536541,-49.351349,BRIDGE
-6.535502,-51.062279,-6.535526,-51.062133,TUNNEL
-6.535404,-49.864714,-6.535405,-49.864822,BRIDGE
-6.535355,-51.936794,-6.535278,-51.936816,BRIDGE
-6.534846,-49.462512,-6.534914,-49.462384,BRIDGE
-6.534827,-49.864778,-6.534825,-49.864844,BRIDGE
-6.534707,-49.288408,-6.534911,-49.288607,BRIDGE
-6.534294,-48.800304,-6.534403,-48.800464,BRIDGE
-6.533273,-49.865066,-6.533276,-49.865150,BRIDGE
-6.530437,-49.865707,-6.530431,-49.865624,BRIDGE
-6.530096,-55.335748,-6.530010,-55.335474,BRIDGE
-6.528984,-55.320263,-6.529080,-55.320124,BRIDGE
-6.528314,-51.707710,-6.528213,-51.707675,BRIDGE
-6.527857,-52.094614,-6.527814,-52.094737,BRIDGE
-6.526906,-52.097389,-6.526956,-52.097597,BRIDGE
-6.526781,-52.096495,-6.526763,-52.096612,BRIDGE
-6.525406,-51.938445,-6.525370,-51.938439,BRIDGE
-6.524933,-50.049291,-6.525380,-50.050483,BRIDGE
-6.524235,-51.748333,-6.524243,-51.748258,BRIDGE
-6.524040,-52.816713,-6.525185,-52.816170,BRIDGE
-6.520183,-50.188913,-6.520411,-50.188904,BRIDGE
-6.519402,-49.490812,-6.519553,-49.490527,BRIDGE
-6.515543,-49.497700,-6.515707,-49.497389,BRIDGE
-6.515259,-51.451177,-6.515196,-51.451280,BRIDGE
-6.514348,-50.068208,-6.514520,-50.068255,BRIDGE
-6.513398,-50.143745,-6.512802,-50.143762,BRIDGE
-6.508610,-50.285414,-6.508566,-50.285522,BRIDGE
-6.508364,-49.922245,-6.508416,-49.922829,BRIDGE
-6.506769,-51.305604,-6.506915,-51.305757,BRIDGE
-6.504726,-51.079644,-6.504800,-51.079457,TUNNEL
-6.500705,-50.042266,-6.501118,-50.043906,BRIDGE
-6.497689,-53.396981,-6.497548,-53.396998,BRIDGE
-6.496826,-51.273517,-6.497017,-51.273446,BRIDGE
-6.496134,-51.769373,-6.496130,-51.769295,BRIDGE
-6.494258,-51.080761,-6.494002,-51.081051,BRIDGE
-6.494161,-52.042984,-6.494135,-52.042865,BRIDGE
-6.494046,-52.044143,-6.494069,-52.043907,BRIDGE
-6.493466,-49.519111,-6.493639,-49.519318,BRIDGE
-6.492334,-51.077532,-6.492755,-51.077558,BRIDGE
-6.488272,-51.918864,-6.488205,-51.918881,BRIDGE
-6.484156,-51.427455,-6.484106,-51.427572,BRIDGE
-6.481214,-51.431688,-6.481143,-51.431812,BRIDGE
-6.481119,-51.921115,-6.481022,-51.921231,BRIDGE
-6.477266,-52.535904,-6.477303,-52.536322,BRIDGE
-6.477158,-52.213391,-6.476994,-52.213402,BRIDGE
-6.476381,-50.046299,-6.476730,-50.047237,BRIDGE
-6.472561,-48.796599,-6.472511,-48.796578,BRIDGE
-6.463607,-50.183902,-6.463308,-50.184406,BRIDGE
-6.459363,-54.856011,-6.459239,-54.855737,BRIDGE
-6.459073,-54.855339,-6.459017,-54.854980,BRIDGE
-6.458714,-50.170712,-6.458501,-50.170780,TUNNEL
-6.457593,-49.227578,-6.457661,-49.227493,BRIDGE
-6.456422,-49.403146,-6.456765,-49.403016,BRIDGE
-6.452034,-55.489610,-6.451959,-55.489278,BRIDGE
-6.449691,-49.251917,-6.449683,-49.251807,BRIDGE
-6.447350,-50.215547,-6.446938,-50.216013,BRIDGE
-6.446199,-50.213534,-6.446065,-50.213608,BRIDGE
-6.443762,-55.017088,-6.444380,-55.017311,BRIDGE
-6.443439,-52.829732,-6.443464,-52.829661,BRIDGE
-6.442369,-49.046914,-6.442310,-49.046948,BRIDGE
-6.441909,-50.033452,-6.442336,-50.034273,BRIDGE
-6.434183,-53.514743,-6.434267,-53.514851,BRIDGE
-6.428988,-51.944354,-6.428831,-51.944342,BRIDGE
-6.428789,-52.509956,-6.429966,-52.509395,BRIDGE
-6.427051,-50.007923,-6.427085,-50.008297,BRIDGE
-6.425998,-49.998596,-6.426015,-49.998734,BRIDGE
-6.423569,-48.897076,-6.423516,-48.897338,BRIDGE
-6.421663,-48.617089,-6.421732,-48.617045,BRIDGE
-6.421081,-49.353640,-6.421144,-49.353582,BRIDGE
-6.420323,-48.627725,-6.420243,-48.627697,BRIDGE
-6.419642,-48.579113,-6.419581,-48.579071,BRIDGE
-6.419632,-48.601821,-6.419698,-48.601927,BRIDGE
-6.418492,-53.600186,-6.418496,-53.600459,BRIDGE
-6.417844,-49.223967,-6.417847,-49.223858,BRIDGE
-6.416467,-48.620742,-6.416530,-48.620689,BRIDGE
-6.415153,-53.399535,-6.415263,-53.399748,BRIDGE
-6.414940,-53.579607,-6.414879,-53.579678,BRIDGE
-6.414758,-49.794306,-6.414815,-49.794147,BRIDGE
-6.412758,-48.543914,-6.400160,-48.553234,BRIDGE
-6.412467,-52.136713,-6.412375,-52.136721,BRIDGE
-6.409150,-48.568219,-6.409044,-48.568137,BRIDGE
-6.408296,-49.827253,-6.408321,-49.827119,BRIDGE
-6.402366,-48.615925,-6.402488,-48.615637,BRIDGE
-6.402273,-48.616127,-6.402366,-48.615925,BRIDGE
-6.401747,-48.568506,-6.401845,-48.568548,BRIDGE
-6.401569,-48.569167,-6.401489,-48.569130,BRIDGE
-6.401134,-48.569742,-6.401235,-48.569791,BRIDGE
-6.401060,-48.570469,-6.400973,-48.570436,BRIDGE
-6.400918,-48.584043,-6.400946,-48.584108,BRIDGE
-6.400736,-48.571046,-6.400854,-48.571098,BRIDGE
-6.400646,-48.571185,-6.400683,-48.571095,BRIDGE
-6.400379,-49.431926,-6.400264,-49.431998,BRIDGE
-6.400322,-48.563687,-6.400267,-48.563660,BRIDGE
-6.400039,-48.564127,-6.399987,-48.564096,BRIDGE
-6.399699,-48.564553,-6.399635,-48.564523,BRIDGE
-6.399393,-48.565101,-6.399460,-48.565136,BRIDGE
-6.399070,-48.565834,-6.399133,-48.565868,BRIDGE
-6.398665,-48.565833,-6.398642,-48.565901,BRIDGE
-6.398557,-49.658811,-6.398425,-49.658654,BRIDGE
-6.398148,-49.145953,-6.398230,-49.146030,BRIDGE
-6.398067,-56.179714,-6.397753,-56.179897,BRIDGE
-6.397706,-48.566732,-6.397760,-48.566760,BRIDGE
-6.397490,-48.567410,-6.397424,-48.567378,BRIDGE
-6.397278,-48.568024,-6.397340,-48.568062,BRIDGE
-6.396940,-49.288081,-6.397017,-49.288159,BRIDGE
-6.396928,-48.568578,-6.396977,-48.568601,BRIDGE
-6.396718,-48.569243,-6.396796,-48.569283,BRIDGE
-6.394535,-48.557589,-6.394390,-48.557568,BRIDGE
-6.393978,-49.238641,-6.394144,-49.238610,BRIDGE
-6.391525,-48.559827,-6.391473,-48.559779,BRIDGE
-6.391089,-48.563472,-6.391044,-48.563514,BRIDGE
-6.391084,-48.563784,-6.391007,-48.563765,BRIDGE
-6.390731,-48.562869,-6.390704,-48.562897,BRIDGE
-6.390573,-48.564318,-6.390526,-48.564285,BRIDGE
-6.390548,-48.560965,-6.390454,-48.560871,BRIDGE
-6.390301,-48.561258,-6.390361,-48.561197,BRIDGE
-6.390236,-48.562370,-6.390207,-48.562396,BRIDGE
-6.390219,-48.565128,-6.390266,-48.565157,BRIDGE
-6.390184,-55.566648,-6.388735,-55.566930,BRIDGE
-6.389162,-48.566327,-6.389092,-48.566264,BRIDGE
-6.388515,-48.566652,-6.388557,-48.566693,BRIDGE
-6.388128,-48.567034,-6.388064,-48.566973,BRIDGE
-6.387586,-48.567850,-6.387619,-48.567873,BRIDGE
-6.387283,-48.569066,-6.387323,-48.569010,BRIDGE
-6.387181,-48.567291,-6.387213,-48.567354,BRIDGE
-6.386638,-48.568709,-6.386683,-48.568777,BRIDGE
-6.386119,-48.567934,-6.386164,-48.568002,BRIDGE
-6.386052,-48.569115,-6.386096,-48.569184,BRIDGE
-6.385384,-48.568128,-6.385432,-48.568193,BRIDGE
-6.384821,-48.568184,-6.384745,-48.568229,BRIDGE
-6.384512,-48.568222,-6.384456,-48.568140,BRIDGE
-6.383874,-51.955864,-6.383947,-51.955853,BRIDGE
-6.383757,-48.567927,-6.383711,-48.567995,BRIDGE
-6.379617,-48.546803,-6.379562,-48.546796,BRIDGE
-6.379588,-48.556158,-6.379519,-48.556104,BRIDGE
-6.374637,-48.583484,-6.374588,-48.583418,BRIDGE
-6.370838,-48.588178,-6.370784,-48.588240,BRIDGE
-6.370734,-49.874594,-6.370794,-49.874628,BRIDGE
-6.369971,-51.696781,-6.369846,-51.696639,BRIDGE
-6.369774,-49.797749,-6.369797,-49.797662,BRIDGE
-6.367985,-48.579637,-6.367909,-48.579608,BRIDGE
-6.366719,-48.717359,-6.366780,-48.717538,BRIDGE
-6.362902,-49.415689,-6.362505,-49.416062,BRIDGE
-6.356540,-48.613012,-6.356580,-48.613084,BRIDGE
-6.354413,-49.191629,-6.354410,-49.191841,BRIDGE
-6.352580,-49.706050,-6.352672,-49.705978,BRIDGE
-6.347459,-52.373832,-6.347393,-52.373989,BRIDGE
-6.344263,-48.628680,-6.344240,-48.628355,BRIDGE
-6.342786,-49.267855,-6.342722,-49.268009,BRIDGE
-6.342454,-52.352576,-6.342274,-52.352550,BRIDGE
-6.342083,-52.352522,-6.341928,-52.352496,BRIDGE
-6.339966,-48.535317,-6.339864,-48.535288,BRIDGE
-6.335246,-49.673608,-6.335299,-49.673711,BRIDGE
-6.334588,-48.657344,-6.334681,-48.657322,BRIDGE
-6.334405,-49.685071,-6.334277,-49.685138,BRIDGE
-6.334253,-52.125884,-6.334141,-52.125852,BRIDGE
-6.334228,-48.582570,-6.334204,-48.582476,BRIDGE
-6.334208,-51.935562,-6.334271,-51.935580,BRIDGE
-6.333718,-56.060853,-6.333831,-56.060947,BRIDGE
-6.332382,-55.583319,-6.331765,-55.583634,BRIDGE
-6.328804,-49.330912,-6.328749,-49.330979,BRIDGE
-6.327052,-49.081535,-6.327381,-49.081829,BRIDGE
-6.324384,-49.335942,-6.324327,-49.336000,BRIDGE
-6.323779,-48.541893,-6.323772,-48.541759,BRIDGE
-6.322385,-51.143434,-6.322221,-51.143439,BRIDGE
-6.320284,-49.578940,-6.320470,-49.578890,BRIDGE
-6.316327,-49.345073,-6.316288,-49.345117,BRIDGE
-6.314810,-57.995094,-6.315073,-57.995657,BRIDGE
-6.313724,-49.790409,-6.313836,-49.790132,BRIDGE
-6.313625,-56.269994,-6.313752,-56.269746,BRIDGE
-6.312434,-48.569222,-6.312351,-48.569201,BRIDGE
-6.298903,-51.633999,-6.298988,-51.634138,BRIDGE
-6.298743,-48.560075,-6.298695,-48.560054,BRIDGE
-6.298432,-49.599661,-6.298743,-49.599514,BRIDGE
-6.297535,-51.935942,-6.297666,-51.935942,BRIDGE
-6.296950,-51.935932,-6.297151,-51.935938,BRIDGE
-6.296935,-51.386648,-6.297098,-51.386600,BRIDGE
-6.296805,-57.945102,-6.296935,-57.945464,BRIDGE
-6.296645,-51.811757,-6.296461,-51.811778,BRIDGE
-6.288526,-52.170414,-6.288601,-52.170280,BRIDGE
-6.286608,-49.790428,-6.286594,-49.790200,BRIDGE
-6.285434,-53.517167,-6.285464,-53.517510,BRIDGE
-6.285190,-53.569991,-6.285077,-53.569994,BRIDGE
-6.285075,-49.093272,-6.285151,-49.093358,BRIDGE
-6.280859,-49.059897,-6.280756,-49.059826,BRIDGE
-6.279966,-49.115103,-6.280095,-49.115041,BRIDGE
-6.279410,-49.115359,-6.279574,-49.115278,BRIDGE
-6.275862,-49.118749,-6.275867,-49.118586,BRIDGE
-6.275655,-55.657787,-6.275712,-55.657509,BRIDGE
-6.274830,-49.036920,-6.274731,-49.037036,BRIDGE
-6.273566,-53.227140,-6.273512,-53.227287,BRIDGE
-6.273268,-49.150704,-6.273440,-49.150745,BRIDGE
-6.273173,-48.472056,-6.272911,-48.472148,BRIDGE
-6.273151,-48.844464,-6.273283,-48.844350,BRIDGE
-6.272506,-49.150356,-6.272578,-49.150385,BRIDGE
-6.271989,-49.150232,-6.272087,-49.150257,BRIDGE
-6.269077,-48.790745,-6.268781,-48.790865,BRIDGE
-6.268400,-49.276802,-6.268479,-49.276800,BRIDGE
-6.268224,-49.124989,-6.268285,-49.124926,BRIDGE
-6.268121,-49.150495,-6.268173,-49.150428,BRIDGE
-6.265751,-49.090236,-6.265628,-49.090284,BRIDGE
-6.265117,-49.029229,-6.265187,-49.029277,BRIDGE
-6.263903,-49.043643,-6.263835,-49.043672,BRIDGE
-6.263889,-48.748186,-6.263950,-48.748375,BRIDGE
-6.263262,-51.528368,-6.263460,-51.528550,BRIDGE
-6.262052,-51.527059,-6.262185,-51.527258,BRIDGE
-6.259926,-49.106029,-6.259997,-49.106072,BRIDGE
-6.259677,-49.019184,-6.259783,-49.019230,BRIDGE
-6.259242,-49.079193,-6.259360,-49.079231,BRIDGE
-6.257359,-48.484106,-6.257175,-48.484025,BRIDGE
-6.256934,-51.365845,-6.256936,-51.366072,BRIDGE
-6.255619,-49.371166,-6.256202,-49.371268,BRIDGE
-6.254018,-49.461034,-6.253916,-49.461108,BRIDGE
-6.253725,-48.746265,-6.253836,-48.746245,BRIDGE
-6.253409,-49.045702,-6.253341,-49.045705,BRIDGE
-6.252601,-49.180994,-6.252627,-49.181048,BRIDGE
-6.251417,-52.106352,-6.251486,-52.106427,BRIDGE
-6.251198,-49.138800,-6.251374,-49.138830,BRIDGE
-6.250518,-49.963693,-6.250447,-49.963809,TUNNEL
-6.248891,-49.605908,-6.248845,-49.605804,BRIDGE
-6.247257,-48.639725,-6.247230,-48.639983,BRIDGE
-6.246998,-51.845904,-6.247057,-51.845722,BRIDGE
-6.246977,-51.556601,-6.246918,-51.556418,BRIDGE
-6.246684,-53.117435,-6.246486,-53.117467,BRIDGE
-6.246641,-50.783252,-6.246763,-50.782551,BRIDGE
-6.246454,-49.045623,-6.246283,-49.045617,BRIDGE
-6.244560,-49.283285,-6.244615,-49.283206,BRIDGE
-6.243342,-55.619917,-6.242743,-55.620126,BRIDGE
-6.242916,-52.465344,-6.242913,-52.465461,BRIDGE
-6.242853,-51.942151,-6.242952,-51.942198,BRIDGE
-6.242246,-49.098233,-6.242393,-49.098357,BRIDGE
-6.240688,-49.053297,-6.240781,-49.053250,BRIDGE
-6.239588,-49.101246,-6.239644,-49.101122,BRIDGE
-6.237657,-52.469644,-6.237608,-52.469673,BRIDGE
-6.237272,-49.106339,-6.237330,-49.106235,BRIDGE
-6.236748,-49.436087,-6.236878,-49.436144,BRIDGE
-6.235624,-52.095011,-6.235698,-52.095056,BRIDGE
-6.235438,-49.156045,-6.235541,-49.155963,BRIDGE
-6.234274,-52.085309,-6.234236,-52.085397,BRIDGE
-6.233911,-48.871455,-6.233807,-48.871415,BRIDGE
-6.233379,-49.006768,-6.233481,-49.006717,BRIDGE
-6.232684,-49.435863,-6.232868,-49.435760,BRIDGE
-6.232051,-49.825767,-6.231797,-49.825606,BRIDGE
-6.229811,-49.168459,-6.229833,-49.168371,BRIDGE
-6.229196,-49.442364,-6.229282,-49.442403,BRIDGE
-6.227487,-49.889584,-6.227770,-49.889845,BRIDGE
-6.227455,-49.438356,-6.227598,-49.438383,BRIDGE
-6.225637,-57.746985,-6.225582,-57.746874,BRIDGE
-6.224498,-55.638117,-6.224512,-55.638212,BRIDGE
-6.222150,-55.633001,-6.222066,-55.633019,BRIDGE
-6.221255,-55.636714,-6.221244,-55.636851,BRIDGE
-6.221019,-55.630402,-6.221137,-55.630380,BRIDGE
-6.219880,-57.757274,-6.219635,-57.757217,BRIDGE
-6.219821,-55.628854,-6.219968,-55.628833,BRIDGE
-6.219507,-55.627911,-6.219427,-55.627940,BRIDGE
-6.218069,-57.762428,-6.218222,-57.762504,BRIDGE
-6.217818,-52.432621,-6.217674,-52.432573,BRIDGE
-6.217812,-51.413937,-6.217594,-51.413988,BRIDGE
-6.216922,-55.635664,-6.217028,-55.635818,BRIDGE
-6.216690,-57.761884,-6.216890,-57.761936,BRIDGE
-6.216288,-49.066562,-6.216491,-49.066544,BRIDGE
-6.215184,-49.943586,-6.215194,-49.943695,TUNNEL
-6.214262,-57.826903,-6.214465,-57.826943,BRIDGE
-6.213690,-49.320771,-6.213801,-49.320642,BRIDGE
-6.211760,-55.537410,-6.211422,-55.537484,BRIDGE
-6.207682,-49.939624,-6.207578,-49.939688,BRIDGE
-6.203783,-52.351010,-6.203649,-52.350806,BRIDGE
-6.198664,-51.422069,-6.198435,-51.422107,BRIDGE
-6.198415,-51.935438,-6.198488,-51.935517,BRIDGE
-6.196122,-53.129482,-6.196002,-53.129576,BRIDGE
-6.190966,-49.852902,-6.192004,-49.852891,BRIDGE
-6.190521,-49.109917,-6.190430,-49.109955,BRIDGE
-6.185987,-49.922196,-6.185912,-49.922227,TUNNEL
-6.185644,-49.437498,-6.185944,-49.437456,BRIDGE
-6.184978,-49.446336,-6.185180,-49.446346,BRIDGE
-6.184475,-49.637643,-6.184589,-49.637511,BRIDGE
-6.176689,-51.429148,-6.176374,-51.429341,BRIDGE
-6.176132,-49.414044,-6.176286,-49.414092,BRIDGE
-6.175608,-48.950050,-6.175649,-48.949909,BRIDGE
-6.175346,-49.895391,-6.175453,-49.895298,BRIDGE
-6.174242,-49.640079,-6.174319,-49.640104,BRIDGE
-6.171814,-49.456321,-6.171722,-49.456427,BRIDGE
-6.171129,-48.594269,-6.171555,-48.594415,BRIDGE
-6.168505,-57.751340,-6.168313,-57.751155,BRIDGE
-6.162788,-49.466138,-6.162624,-49.466251,BRIDGE
-6.159887,-49.639821,-6.159998,-49.639862,BRIDGE
-6.155985,-49.070349,-6.155856,-49.070377,BRIDGE
-6.150467,-49.670555,-6.150496,-49.670499,BRIDGE
-6.148716,-49.684828,-6.148646,-49.684755,BRIDGE
-6.148123,-49.878618,-6.148159,-49.878498,BRIDGE
-6.147225,-49.633580,-6.147372,-49.633667,BRIDGE
-6.144495,-57.732394,-6.144442,-57.732255,BRIDGE
-6.136886,-49.676377,-6.136799,-49.676326,BRIDGE
-6.131581,-49.860731,-6.132130,-49.860734,BRIDGE
-6.127541,-49.081643,-6.127586,-49.081826,BRIDGE
-6.126750,-48.633265,-6.126756,-48.633507,BRIDGE
-6.123905,-49.829782,-6.124060,-49.829598,BRIDGE
-6.122633,-49.398635,-6.122734,-49.398673,BRIDGE
-6.122131,-49.398328,-6.122249,-49.398437,BRIDGE
-6.121808,-49.862981,-6.122191,-49.863038,BRIDGE
-6.119430,-49.342248,-6.119522,-49.342089,BRIDGE
-6.117757,-49.074227,-6.117913,-49.074410,BRIDGE
-6.117400,-49.826641,-6.117450,-49.826382,BRIDGE
-6.115331,-49.291348,-6.115193,-49.291474,BRIDGE
-6.113806,-49.070510,-6.113679,-49.070559,BRIDGE
-6.107786,-49.345440,-6.108120,-49.345292,BRIDGE
-6.107067,-49.042788,-6.107005,-49.042670,BRIDGE
-6.106774,-52.232393,-6.106912,-52.232170,BRIDGE
-6.104509,-49.360281,-6.104482,-49.359331,BRIDGE
-6.103855,-49.472510,-6.103635,-49.472682,BRIDGE
-6.101665,-52.198806,-6.101686,-52.199028,BRIDGE
-6.100694,-49.883708,-6.100706,-49.883573,BRIDGE
-6.096746,-49.342508,-6.096991,-49.342913,BRIDGE
-6.096030,-49.886743,-6.096092,-49.886618,BRIDGE
-6.090722,-49.865372,-6.090549,-49.865423,BRIDGE
-6.088859,-49.879401,-6.088755,-49.879649,BRIDGE
-6.088356,-49.865556,-6.088411,-49.865337,BRIDGE
-6.088322,-49.865332,-6.088268,-49.865551,BRIDGE
-6.088227,-57.785659,-6.088684,-57.785702,BRIDGE
-6.088085,-49.845902,-6.087987,-49.845723,BRIDGE
-6.087892,-49.845762,-6.087999,-49.845954,BRIDGE
-6.087130,-49.851427,-6.087049,-49.851430,BRIDGE
-6.087057,-49.851527,-6.087125,-49.851525,BRIDGE
-6.086274,-49.895699,-6.086218,-49.895722,BRIDGE
-6.086215,-49.895720,-6.086251,-49.895654,BRIDGE
-6.086087,-49.892129,-6.086017,-49.892088,BRIDGE
-6.086025,-49.867450,-6.085737,-49.867197,BRIDGE
-6.085956,-49.895116,-6.086046,-49.895146,BRIDGE
-6.085724,-49.892656,-6.085641,-49.892641,BRIDGE
-6.085699,-49.867236,-6.085991,-49.867503,BRIDGE
-6.085597,-49.892712,-6.085654,-49.892773,BRIDGE
-6.085412,-49.870833,-6.085174,-49.870810,BRIDGE
-6.085304,-49.893270,-6.085244,-49.893215,BRIDGE
-6.084205,-49.876072,-6.084027,-49.876383,BRIDGE
-6.084165,-49.876475,-6.084339,-49.876191,BRIDGE
-6.084070,-49.875942,-6.083851,-49.876322,BRIDGE
-6.083876,-48.953110,-6.083932,-48.953043,BRIDGE
-6.083694,-49.853981,-6.083668,-49.853899,BRIDGE
-6.083574,-49.853887,-6.083600,-49.853969,BRIDGE
-6.082548,-49.893876,-6.082582,-49.893800,BRIDGE
-6.081562,-49.881287,-6.081393,-49.881675,BRIDGE
-6.081546,-49.881718,-6.081708,-49.881354,BRIDGE
-6.081445,-49.881225,-6.081258,-49.881657,BRIDGE
-6.080062,-49.891506,-6.080031,-49.891583,BRIDGE
-6.079388,-51.836953,-6.079154,-51.836450,BRIDGE
-6.078807,-49.891199,-6.078839,-49.891123,BRIDGE
-6.077849,-50.130387,-6.077307,-50.131052,TUNNEL
-6.077332,-49.890506,-6.077409,-49.890474,BRIDGE
-6.075955,-49.901369,-6.075852,-49.901629,BRIDGE
-6.075943,-49.778284,-6.075926,-49.778205,BRIDGE
-6.075802,-49.881938,-6.075690,-49.881802,BRIDGE
-6.075608,-49.881838,-6.075748,-49.882001,BRIDGE
-6.075441,-49.909055,-6.075132,-49.908846,BRIDGE
-6.075008,-49.909691,-6.075110,-49.910002,BRIDGE
-6.074980,-49.900968,-6.075114,-49.900683,BRIDGE
-6.074518,-50.141580,-6.074205,-50.141331,BRIDGE
-6.073202,-49.883632,-6.073117,-49.883665,BRIDGE
-6.073087,-49.883778,-6.073172,-49.883747,BRIDGE
-6.073006,-49.857615,-6.072982,-49.857537,BRIDGE
-6.072917,-51.430773,-6.072997,-51.430902,BRIDGE
-6.072897,-49.857552,-6.072921,-49.857630,BRIDGE
-6.072276,-49.896070,-6.072358,-49.895875,BRIDGE
-6.072225,-49.895717,-6.072091,-49.896019,BRIDGE
-6.070953,-49.876488,-6.070887,-49.876413,BRIDGE
-6.070770,-49.876407,-6.070808,-49.876452,BRIDGE
-6.070182,-49.855249,-6.070101,-49.855243,BRIDGE
-6.070102,-49.855334,-6.070183,-49.855340,BRIDGE
-6.069403,-49.849456,-6.069325,-49.849479,BRIDGE
-6.068703,-49.878672,-6.068814,-49.878576,BRIDGE
-6.068701,-49.878408,-6.068620,-49.878393,BRIDGE
-6.068619,-49.878459,-6.068695,-49.878474,BRIDGE
-6.068518,-49.858513,-6.068457,-49.858449,BRIDGE
-6.068508,-49.863881,-6.068559,-49.863818,BRIDGE
-6.068503,-49.863742,-6.068448,-49.863809,BRIDGE
-6.068386,-49.858500,-6.068442,-49.858559,BRIDGE
-6.068341,-49.852324,-6.068422,-49.852330,BRIDGE
-6.067439,-49.860439,-6.067379,-49.860503,BRIDGE
-6.067177,-49.850547,-6.067181,-49.850479,BRIDGE
-6.067105,-49.850419,-6.067102,-49.850470,BRIDGE
-6.065987,-50.183920,-6.066200,-50.184467,TUNNEL
-6.065052,-48.737487,-6.065010,-48.737594,BRIDGE
-6.064925,-48.735746,-6.065046,-48.735864,BRIDGE
-6.064743,-49.879281,-6.064751,-49.879199,BRIDGE
-6.063875,-49.916528,-6.063872,-49.916188,TUNNEL
-6.063705,-49.918462,-6.063784,-49.919795,BRIDGE
-6.062947,-57.840197,-6.062875,-57.840346,BRIDGE
-6.062304,-49.906726,-6.062354,-49.906792,BRIDGE
-6.061825,-49.500214,-6.061996,-49.499958,BRIDGE
-6.061531,-49.861139,-6.061467,-49.861079,BRIDGE
-6.061378,-49.861110,-6.061445,-49.861168,BRIDGE
-6.060966,-49.050574,-6.060935,-49.050687,BRIDGE
-6.059904,-49.722426,-6.059679,-49.722412,BRIDGE
-6.059085,-49.874656,-6.059136,-49.874606,BRIDGE
-6.059024,-49.874491,-6.058981,-49.874521,BRIDGE
-6.058345,-49.226730,-6.058422,-49.226782,BRIDGE
-6.057219,-49.768499,-6.057137,-49.768485,BRIDGE
-6.057143,-49.836153,-6.057053,-49.836015,BRIDGE
-6.056730,-48.918379,-6.056807,-48.918246,BRIDGE
-6.056035,-49.873475,-6.056058,-49.873397,BRIDGE
-6.055964,-49.873385,-6.055941,-49.873467,BRIDGE
-6.054005,-49.892729,-6.054203,-49.892745,BRIDGE
-6.053819,-49.873381,-6.053853,-49.873300,BRIDGE
-6.053336,-49.893249,-6.053329,-49.893171,BRIDGE
-6.052981,-49.755793,-6.052866,-49.755608,BRIDGE
-6.052741,-49.769584,-6.052671,-49.769545,BRIDGE
-6.052666,-48.925124,-6.052746,-48.924979,BRIDGE
-6.052017,-57.785346,-6.052348,-57.785284,BRIDGE
-6.051788,-49.891606,-6.051889,-49.891584,BRIDGE
-6.051342,-48.911638,-6.051164,-48.911573,BRIDGE
-6.051184,-49.869869,-6.051069,-49.869814,BRIDGE
-6.050327,-49.890680,-6.050296,-49.890578,BRIDGE
-6.049644,-49.879218,-6.049702,-49.879159,BRIDGE
-6.049065,-48.717477,-6.048934,-48.717658,BRIDGE
-6.048636,-49.768293,-6.048615,-49.768211,BRIDGE
-6.048405,-49.769684,-6.048314,-49.769659,BRIDGE
-6.047431,-49.856998,-6.047642,-49.856994,BRIDGE
-6.045972,-49.889870,-6.045980,-49.889799,BRIDGE
-6.043286,-49.207721,-6.043371,-49.207798,BRIDGE
-6.042161,-49.890822,-6.042116,-49.890685,BRIDGE
-6.041549,-49.888314,-6.041541,-49.888210,BRIDGE
-6.040954,-48.816396,-6.040830,-48.816682,BRIDGE
-6.039206,-49.891593,-6.039101,-49.891628,BRIDGE
-6.039113,-49.891673,-6.039222,-49.891643,BRIDGE
-6.036305,-48.921113,-6.036175,-48.921221,BRIDGE
-6.036016,-57.779286,-6.036266,-57.779412,BRIDGE
-6.034263,-49.786004,-6.034538,-49.786049,BRIDGE
-6.031595,-49.891512,-6.031476,-49.891357,BRIDGE
-6.028696,-49.902603,-6.028381,-49.902678,BRIDGE
-6.028666,-49.902485,-6.028365,-49.902563,BRIDGE
-6.018883,-49.908838,-6.018890,-49.909805,BRIDGE
-6.017402,-49.141840,-6.017277,-49.141915,BRIDGE
-6.016280,-51.541235,-6.016150,-51.541136,BRIDGE
-6.004359,-52.227145,-6.004543,-52.227043,BRIDGE
-6.003452,-49.966496,-6.003565,-49.967017,BRIDGE
-6.003159,-48.833193,-6.003160,-48.833004,BRIDGE
-6.003122,-52.242526,-6.003571,-52.241973,BRIDGE
-6.002510,-51.895477,-6.002553,-51.895745,BRIDGE
-5.999792,-49.909977,-5.999987,-49.911329,BRIDGE
-5.999673,-49.917180,-5.999311,-49.917699,BRIDGE
-5.999522,-49.907992,-5.999578,-49.908389,BRIDGE
-5.998637,-49.249085,-5.998873,-49.249288,BRIDGE
-5.992414,-49.888101,-5.992624,-49.888067,BRIDGE
-5.991411,-48.788138,-5.991308,-48.787934,BRIDGE
-5.989650,-48.786444,-5.989488,-48.786285,BRIDGE
-5.988372,-52.372579,-5.988403,-52.372448,BRIDGE
-5.985927,-49.238129,-5.986117,-49.238292,BRIDGE
-5.980189,-49.879668,-5.980103,-49.879544,BRIDGE
-5.974454,-52.201962,-5.974690,-52.202005,BRIDGE
-5.963625,-48.835435,-5.963563,-48.835381,BRIDGE
-5.962353,-50.272931,-5.962318,-50.272990,BRIDGE
-5.961658,-48.944837,-5.961755,-48.944832,BRIDGE
-5.961114,-49.795095,-5.960897,-49.794846,BRIDGE
-5.958201,-50.163145,-5.958301,-50.163053,BRIDGE
-5.955923,-52.465634,-5.955926,-52.465516,BRIDGE
-5.955126,-49.518020,-5.955355,-49.517851,BRIDGE
-5.953069,-49.024175,-5.953029,-49.024030,BRIDGE
-5.950929,-49.641182,-5.950878,-49.641065,TUNNEL
-5.947624,-56.532699,-5.947864,-56.532539,BRIDGE
-5.945250,-49.797520,-5.945332,-49.798083,BRIDGE
-5.944490,-50.138100,-5.944314,-50.138103,BRIDGE
-5.944489,-50.182645,-5.944615,-50.182727,BRIDGE
-5.943140,-49.872575,-5.944240,-49.871411,BRIDGE
-5.942811,-49.964420,-5.942776,-49.964505,BRIDGE
-5.942762,-49.342481,-5.942883,-49.342394,BRIDGE
-5.942098,-49.218456,-5.942278,-49.218489,BRIDGE
-5.935777,-49.576717,-5.935741,-49.576844,BRIDGE
-5.934486,-55.711056,-5.933634,-55.711530,BRIDGE
-5.929106,-49.023444,-5.929008,-49.022984,BRIDGE
-5.925890,-49.035636,-5.925842,-49.035764,BRIDGE
-5.925302,-49.665622,-5.925420,-49.665495,BRIDGE
-5.925211,-49.664442,-5.925756,-49.663382,BRIDGE
-5.923716,-49.848421,-5.923543,-49.848610,TUNNEL
-5.922745,-50.130548,-5.922736,-50.130670,BRIDGE
-5.922637,-50.146800,-5.922637,-50.146955,BRIDGE
-5.922387,-50.224166,-5.922397,-50.224282,BRIDGE
-5.922095,-49.417467,-5.922099,-49.417551,BRIDGE
-5.920408,-50.128978,-5.920375,-50.129080,BRIDGE
-5.916729,-49.039120,-5.916582,-49.039117,BRIDGE
-5.913789,-49.316793,-5.913830,-49.316616,BRIDGE
-5.913634,-49.189989,-5.913580,-49.189973,BRIDGE
-5.909308,-49.859981,-5.908423,-49.860568,BRIDGE
-5.906688,-49.210896,-5.906930,-49.210955,BRIDGE
-5.906680,-49.225647,-5.906605,-49.225767,BRIDGE
-5.905150,-57.692700,-5.905645,-57.692788,BRIDGE
-5.902128,-49.455184,-5.902327,-49.455136,BRIDGE
-5.892406,-50.399450,-5.892177,-50.399601,BRIDGE
-5.890928,-49.673439,-5.891006,-49.673690,TUNNEL
-5.886507,-50.237556,-5.886436,-50.237633,BRIDGE
-5.874671,-50.318056,-5.874742,-50.317973,BRIDGE
-5.873848,-50.479459,-5.872566,-50.479447,BRIDGE
-5.873404,-49.233706,-5.873700,-49.232958,BRIDGE
-5.871918,-49.236150,-5.872073,-49.235811,BRIDGE
-5.870637,-49.972683,-5.870578,-49.972852,BRIDGE
-5.869805,-52.097978,-5.869735,-52.098177,BRIDGE
-5.868857,-49.297154,-5.868734,-49.297242,BRIDGE
-5.868356,-49.200598,-5.868571,-49.200648,BRIDGE
-5.865855,-52.081047,-5.865985,-52.081057,BRIDGE
-5.864350,-49.804123,-5.864642,-49.804182,BRIDGE
-5.864142,-57.666189,-5.864487,-57.666475,BRIDGE
-5.863831,-49.199389,-5.864050,-49.199438,BRIDGE
-5.863800,-51.185169,-5.863800,-51.185088,BRIDGE
-5.863584,-49.197653,-5.863736,-49.197532,BRIDGE
-5.861914,-51.159405,-5.861854,-51.159338,BRIDGE
-5.861836,-49.297282,-5.861737,-49.297270,BRIDGE
-5.861630,-49.972358,-5.861512,-49.972234,BRIDGE
-5.860287,-49.805370,-5.860650,-49.805084,BRIDGE
-5.857967,-49.971173,-5.857827,-49.971263,BRIDGE
-5.855722,-53.652106,-5.855834,-53.651983,BRIDGE
-5.855621,-49.763881,-5.855669,-49.763828,BRIDGE
-5.846877,-48.953577,-5.846964,-48.953478,BRIDGE
-5.846874,-49.058857,-5.846962,-49.059183,BRIDGE
-5.844481,-48.617870,-5.844734,-48.617799,BRIDGE
-5.844321,-49.565249,-5.844242,-49.565161,BRIDGE
-5.840691,-50.001777,-5.840580,-50.002027,BRIDGE
-5.839542,-49.535928,-5.839503,-49.535835,BRIDGE
-5.835189,-51.534880,-5.835159,-51.534807,BRIDGE
-5.835174,-49.790279,-5.835146,-49.790320,TUNNEL
-5.832536,-48.771936,-5.832671,-48.772007,BRIDGE
-5.830389,-50.091821,-5.830216,-50.091827,BRIDGE
-5.829347,-49.298751,-5.829213,-49.298788,BRIDGE
-5.822568,-55.724341,-5.822108,-55.724543,BRIDGE
-5.815130,-48.690669,-5.815259,-48.690684,BRIDGE
-5.813253,-49.045841,-5.813177,-49.045646,BRIDGE
-5.803647,-49.641675,-5.803654,-49.641569,BRIDGE
-5.800402,-51.537593,-5.800293,-51.537546,BRIDGE
-5.799961,-49.625706,-5.799886,-49.625562,BRIDGE
-5.799874,-49.622449,-5.800050,-49.622442,BRIDGE
-5.799249,-51.562168,-5.799176,-51.562254,BRIDGE
-5.797999,-49.225984,-5.797872,-49.226208,BRIDGE
-5.797655,-51.583178,-5.797650,-51.583290,BRIDGE
-5.796531,-49.624182,-5.796394,-49.624279,BRIDGE
-5.796386,-51.317023,-5.796183,-51.316946,BRIDGE
-5.795241,-49.625311,-5.795145,-49.625376,BRIDGE
-5.794562,-49.228450,-5.794283,-49.228390,BRIDGE
-5.793425,-48.482701,-5.793595,-48.482775,BRIDGE
-5.791772,-49.595418,-5.791709,-49.595278,BRIDGE
-5.791768,-48.653308,-5.791915,-48.653146,BRIDGE
-5.790649,-48.662666,-5.790658,-48.662809,BRIDGE
-5.789571,-48.636465,-5.789462,-48.636483,BRIDGE
-5.787585,-51.475240,-5.787866,-51.475166,BRIDGE
-5.786948,-49.758477,-5.786988,-49.758407,TUNNEL
-5.786080,-48.978820,-5.786221,-48.978796,BRIDGE
-5.784359,-49.034206,-5.784415,-49.034140,BRIDGE
-5.783033,-49.035636,-5.783162,-49.035489,BRIDGE
-5.781742,-50.088329,-5.781601,-50.088010,BRIDGE
-5.778008,-48.491791,-5.778301,-48.491605,BRIDGE
-5.776036,-49.848452,-5.775889,-49.848503,BRIDGE
-5.776006,-57.608201,-5.776311,-57.608303,BRIDGE
-5.767356,-49.701038,-5.767309,-49.701248,BRIDGE
-5.767239,-49.586127,-5.767146,-49.586070,BRIDGE
-5.764739,-48.955433,-5.764845,-48.955416,BRIDGE
-5.761578,-48.941391,-5.761437,-48.941395,BRIDGE
-5.760631,-49.724030,-5.760695,-49.724139,BRIDGE
-5.758431,-48.954146,-5.758519,-48.954256,BRIDGE
-5.757849,-49.687001,-5.758031,-49.687151,BRIDGE
-5.756984,-49.626860,-5.756888,-49.626870,BRIDGE
-5.754119,-49.565165,-5.754089,-49.565100,BRIDGE
-5.750167,-49.682846,-5.750079,-49.682975,TUNNEL
-5.746349,-49.685346,-5.746310,-49.685448,BRIDGE
-5.745842,-48.461013,-5.746018,-48.461198,BRIDGE
-5.739389,-49.541355,-5.739288,-49.541213,BRIDGE
-5.735604,-51.201863,-5.735653,-51.202001,BRIDGE
-5.734976,-50.080642,-5.734899,-50.080354,BRIDGE
-5.733048,-48.308371,-5.732924,-48.308381,BRIDGE
-5.725247,-49.611860,-5.725302,-49.611979,BRIDGE
-5.719205,-49.603380,-5.719272,-49.603478,BRIDGE
-5.718551,-48.307047,-5.718419,-48.307133,BRIDGE
-5.712792,-49.338032,-5.712856,-49.337940,BRIDGE
-5.711719,-48.170096,-5.708859,-48.172975,BRIDGE
-5.708859,-48.172975,-5.705891,-48.175964,BRIDGE
-5.707878,-49.620261,-5.707648,-49.620317,BRIDGE
-5.705879,-56.617165,-5.705791,-56.617135,BRIDGE
-5.704485,-48.177858,-5.704628,-48.177871,BRIDGE
-5.701805,-49.466510,-5.701827,-49.466369,BRIDGE
-5.701190,-55.654185,-5.701374,-55.653823,BRIDGE
-5.699496,-48.403297,-5.699446,-48.403241,BRIDGE
-5.697368,-49.192259,-5.697518,-49.192369,BRIDGE
-5.693610,-49.579596,-5.693608,-49.579778,BRIDGE
-5.691656,-49.622811,-5.691582,-49.622819,BRIDGE
-5.689796,-49.551516,-5.689958,-49.551530,TUNNEL
-5.664548,-48.938187,-5.664497,-48.938089,BRIDGE
-5.664522,-49.365752,-5.664536,-49.365862,BRIDGE
-5.664403,-49.012012,-5.664243,-49.012028,BRIDGE
-5.662456,-49.629133,-5.662364,-49.629155,BRIDGE
-5.660557,-49.391255,-5.660540,-49.391345,BRIDGE
-5.658589,-49.345250,-5.658658,-49.345401,BRIDGE
-5.656125,-49.339723,-5.656173,-49.339814,BRIDGE
-5.655379,-49.277144,-5.655286,-49.277111,BRIDGE
-5.652382,-49.440590,-5.652433,-49.440445,BRIDGE
-5.648275,-51.781318,-5.648051,-51.781544,BRIDGE
-5.647827,-51.781715,-5.647368,-51.781876,BRIDGE
-5.647427,-49.347810,-5.647598,-49.347808,BRIDGE
-5.637210,-49.112905,-5.637026,-49.113025,BRIDGE
-5.636932,-49.110829,-5.636819,-49.110875,BRIDGE
-5.636591,-49.449244,-5.636565,-49.449360,BRIDGE
-5.634941,-48.507727,-5.635113,-48.507723,BRIDGE
-5.631506,-49.097828,-5.631984,-49.098274,BRIDGE
-5.631365,-49.458955,-5.631256,-49.459046,BRIDGE
-5.625344,-48.552860,-5.625405,-48.552855,BRIDGE
-5.624520,-49.094867,-5.624847,-49.094781,BRIDGE
-5.621733,-49.247235,-5.621676,-49.248300,BRIDGE
-5.619943,-57.360007,-5.620163,-57.360304,BRIDGE
-5.618163,-48.943303,-5.618273,-48.943036,BRIDGE
-5.614962,-49.993384,-5.614120,-49.994829,BRIDGE
-5.612042,-48.751654,-5.612035,-48.751748,BRIDGE
-5.600669,-49.295944,-5.600551,-49.295979,BRIDGE
-5.589047,-48.700962,-5.588928,-48.701022,BRIDGE
-5.588172,-49.337428,-5.588010,-49.337407,BRIDGE
-5.587969,-49.265616,-5.587873,-49.265595,BRIDGE
-5.587409,-57.310081,-5.587509,-57.310312,BRIDGE
-5.578155,-49.751590,-5.578149,-49.751463,BRIDGE
-5.571484,-48.943392,-5.571275,-48.943849,BRIDGE
-5.563678,-48.402721,-5.563992,-48.402726,BRIDGE
-5.558850,-48.764531,-5.558702,-48.764298,BRIDGE
-5.558532,-50.069465,-5.558611,-50.069305,BRIDGE
-5.555302,-49.758634,-5.555460,-49.758731,BRIDGE
-5.550469,-50.042473,-5.550342,-50.042357,BRIDGE
-5.549211,-50.038492,-5.549128,-50.038364,BRIDGE
-5.535002,-49.538759,-5.535046,-49.538650,BRIDGE
-5.527090,-49.578716,-5.527050,-49.578529,BRIDGE
-5.525885,-51.395933,-5.525720,-51.395300,BRIDGE
-5.521601,-49.514981,-5.521732,-49.514858,BRIDGE
-5.520357,-49.442328,-5.520348,-49.442488,BRIDGE
-5.520252,-49.441937,-5.520309,-49.442130,BRIDGE
-5.514741,-50.275101,-5.514692,-50.275208,BRIDGE
-5.513840,-49.860104,-5.513958,-49.860149,BRIDGE
-5.512408,-57.236442,-5.512708,-57.236411,BRIDGE
-5.511597,-49.858824,-5.511787,-49.858950,BRIDGE
-5.510818,-49.421766,-5.510992,-49.421705,BRIDGE
-5.509574,-49.424854,-5.509667,-49.424927,BRIDGE
-5.507348,-48.717675,-5.507259,-48.718016,BRIDGE
-5.502794,-49.855142,-5.502655,-49.855175,BRIDGE
-5.497658,-48.736622,-5.497860,-48.736533,BRIDGE
-5.496379,-48.725581,-5.496186,-48.725690,BRIDGE
-5.492277,-50.125154,-5.492064,-50.125317,BRIDGE
-5.492056,-50.096009,-5.492361,-50.096036,BRIDGE
-5.485662,-49.580210,-5.485721,-49.580124,BRIDGE
-5.483894,-57.203943,-5.484028,-57.204053,BRIDGE
-5.479482,-49.276855,-5.479533,-49.276799,BRIDGE
-5.478975,-57.202886,-5.479045,-57.203046,BRIDGE
-5.477188,-49.571010,-5.477263,-49.570940,BRIDGE
-5.474100,-48.814697,-5.474024,-48.814200,BRIDGE
-5.472049,-50.958932,-5.472117,-50.959010,BRIDGE
-5.470373,-49.154001,-5.470456,-49.153938,BRIDGE
-5.470009,-49.154321,-5.470110,-49.154229,BRIDGE
-5.466369,-49.682909,-5.466204,-49.682740,BRIDGE
-5.463824,-49.136750,-5.463709,-49.136839,BRIDGE
-5.463538,-50.148716,-5.463436,-50.148797,BRIDGE
-5.462629,-49.625015,-5.462746,-49.624958,BRIDGE
-5.461105,-49.890240,-5.461195,-49.890237,BRIDGE
-5.460052,-49.739184,-5.460167,-49.739203,BRIDGE
-5.456953,-49.887972,-5.457011,-49.888050,BRIDGE
-5.456880,-49.647791,-5.457043,-49.647785,BRIDGE
-5.454837,-49.577847,-5.454981,-49.577961,BRIDGE
-5.453756,-55.560240,-5.453558,-55.560246,BRIDGE
-5.453544,-50.076569,-5.453382,-50.076632,BRIDGE
-5.452307,-49.570928,-5.452410,-49.570921,BRIDGE
-5.448999,-49.156312,-5.448503,-49.156393,BRIDGE
-5.444622,-50.162995,-5.444495,-50.163095,BRIDGE
-5.443307,-49.134768,-5.443719,-49.135370,BRIDGE
-5.442811,-49.501226,-5.442739,-49.501168,BRIDGE
-5.442742,-49.874618,-5.442798,-49.874674,BRIDGE
-5.442111,-48.603161,-5.442113,-48.603302,BRIDGE
-5.441866,-50.060628,-5.441935,-50.060478,BRIDGE
-5.427418,-49.118571,-5.427216,-49.118732,BRIDGE
-5.422208,-49.800848,-5.422092,-49.800823,BRIDGE
-5.412430,-49.548686,-5.412314,-49.548629,BRIDGE
-5.409186,-55.522302,-5.409089,-55.522476,BRIDGE
-5.407123,-49.494151,-5.407053,-49.494031,BRIDGE
-5.407032,-49.574796,-5.406955,-49.574785,BRIDGE
-5.402679,-55.883110,-5.400756,-55.883120,BRIDGE
-5.399774,-48.836565,-5.399703,-48.836629,BRIDGE
-5.395818,-49.552009,-5.395705,-49.551895,BRIDGE
-5.395376,-50.661047,-5.395498,-50.661302,BRIDGE
-5.389362,-49.500086,-5.389237,-49.500061,BRIDGE
-5.381160,-48.873309,-5.381209,-48.873277,BRIDGE
-5.379119,-49.563740,-5.379076,-49.563803,BRIDGE
-5.378849,-49.564197,-5.378780,-49.564296,BRIDGE
-5.376784,-49.016130,-5.377037,-49.014980,BRIDGE
-5.374906,-49.024513,-5.374980,-49.024181,BRIDGE
-5.367210,-50.774814,-5.367280,-50.774857,BRIDGE
-5.366535,-56.315721,-5.366445,-56.315949,BRIDGE
-5.362908,-57.137999,-5.363251,-57.138132,BRIDGE
-5.362045,-49.076331,-5.362192,-49.075778,BRIDGE
-5.361991,-49.101333,-5.358359,-49.098007,BRIDGE
-5.360821,-50.752440,-5.360881,-50.752477,BRIDGE
-5.360463,-49.284339,-5.360432,-49.284218,BRIDGE
-5.357940,-49.122737,-5.354074,-49.121728,BRIDGE
-5.354082,-49.121851,-5.357920,-49.122830,BRIDGE
-5.353903,-49.132624,-5.353706,-49.132745,BRIDGE
-5.351432,-49.953813,-5.351444,-49.953888,BRIDGE
-5.351416,-50.580259,-5.351386,-50.580421,BRIDGE
-5.350823,-49.119887,-5.350741,-49.119705,BRIDGE
-5.350635,-49.119754,-5.350723,-49.119940,BRIDGE
-5.350454,-49.110092,-5.350458,-49.109916,BRIDGE
-5.350453,-49.112367,-5.350458,-49.112194,BRIDGE
-5.350367,-49.109917,-5.350369,-49.110101,BRIDGE
-5.350345,-49.112201,-5.350345,-49.112369,BRIDGE
-5.348991,-49.074087,-5.349595,-49.075797,BRIDGE
-5.345904,-49.958006,-5.345872,-49.958100,BRIDGE
-5.342375,-49.283405,-5.342337,-49.283134,BRIDGE
-5.341838,-49.109078,-5.341706,-49.108962,BRIDGE
-5.338566,-49.080885,-5.338741,-49.080788,BRIDGE
-5.336398,-49.988779,-5.336392,-49.988891,BRIDGE
-5.335000,-50.774103,-5.335070,-50.774152,BRIDGE
-5.334699,-55.857282,-5.334998,-55.856863,BRIDGE
-5.333002,-49.942465,-5.333006,-49.942399,BRIDGE
-5.330561,-55.930984,-5.330192,-55.931152,BRIDGE
-5.327832,-49.085906,-5.327838,-49.086027,TUNNEL
-5.322197,-49.083964,-5.304505,-49.072071,BRIDGE
-5.315286,-55.836039,-5.315663,-55.836140,BRIDGE
-5.309868,-49.418794,-5.309931,-49.418692,BRIDGE
-5.304967,-49.217767,-5.305094,-49.217727,BRIDGE
-5.304587,-49.071967,-5.322304,-49.083868,BRIDGE
-5.303292,-49.314927,-5.303166,-49.314958,BRIDGE
-5.302420,-49.258118,-5.302534,-49.258201,BRIDGE
-5.299126,-55.975858,-5.298889,-55.976257,BRIDGE
-5.298482,-49.278507,-5.298267,-49.279041,BRIDGE
-5.295357,-49.392404,-5.295373,-49.392277,BRIDGE
-5.293288,-49.104062,-5.293142,-49.104024,BRIDGE
-5.292763,-49.103277,-5.292655,-49.103516,BRIDGE
-5.288172,-50.449090,-5.288235,-50.449138,BRIDGE
-5.288003,-49.054414,-5.288667,-49.054105,BRIDGE
-5.280021,-49.967654,-5.280091,-49.967615,BRIDGE
-5.274834,-49.105798,-5.274778,-49.105840,BRIDGE
-5.272609,-49.167321,-5.272524,-49.167333,BRIDGE
-5.271420,-49.125785,-5.271399,-49.126202,BRIDGE
-5.265886,-48.916378,-5.265889,-48.916544,BRIDGE
-5.262135,-50.429006,-5.262437,-50.428786,BRIDGE
-5.261198,-49.201785,-5.261318,-49.201581,BRIDGE
-5.260469,-48.992754,-5.260460,-48.993001,BRIDGE
-5.259885,-49.067848,-5.260073,-49.067903,BRIDGE
-5.254198,-50.409368,-5.254062,-50.409379,BRIDGE
-5.253431,-50.463956,-5.253217,-50.463968,BRIDGE
-5.252295,-48.772740,-5.252562,-48.772477,BRIDGE
-5.252009,-48.660782,-5.252025,-48.660897,BRIDGE
-5.249372,-50.494567,-5.249404,-50.494354,BRIDGE
-5.239554,-50.510259,-5.239706,-50.510042,BRIDGE
-5.239128,-50.608606,-5.239144,-50.608464,BRIDGE
-5.237823,-50.516759,-5.237856,-50.516578,BRIDGE
-5.237029,-49.108010,-5.237008,-49.107807,BRIDGE
-5.232629,-49.367942,-5.232638,-49.367858,BRIDGE
-5.229560,-49.104266,-5.229592,-49.104154,BRIDGE
-5.227778,-49.776832,-5.227807,-49.776917,BRIDGE
-5.227326,-49.771486,-5.227367,-49.771556,BRIDGE
-5.222526,-49.387804,-5.222548,-49.387623,BRIDGE
-5.211537,-49.350989,-5.211068,-49.351372,BRIDGE
-5.209676,-49.711222,-5.209704,-49.711314,BRIDGE
-5.208967,-49.783583,-5.208924,-49.783650,BRIDGE
-5.207513,-49.143790,-5.207560,-49.143884,BRIDGE
-5.202065,-48.796809,-5.202405,-48.796745,BRIDGE
-5.198892,-49.634334,-5.198962,-49.634441,BRIDGE
-5.196553,-57.045072,-5.196662,-57.045372,BRIDGE
-5.193515,-49.786629,-5.193471,-49.786668,BRIDGE
-5.185180,-49.587487,-5.185238,-49.587533,BRIDGE
-5.176437,-49.554075,-5.176520,-49.554083,BRIDGE
-5.171537,-55.329526,-5.171513,-55.329785,BRIDGE
-5.169195,-49.102183,-5.169195,-49.102325,BRIDGE
-5.167618,-48.940641,-5.167618,-48.940920,BRIDGE
-5.165446,-49.800978,-5.165413,-49.801022,BRIDGE
-5.164559,-49.083993,-5.164742,-49.083825,BRIDGE
-5.157639,-49.499323,-5.157608,-49.499376,BRIDGE
-5.157459,-48.897884,-5.157592,-48.898251,BRIDGE
-5.155809,-48.801193,-5.156010,-48.801156,BRIDGE
-5.151789,-49.496092,-5.151723,-49.496173,BRIDGE
-5.143218,-48.713930,-5.143472,-48.713923,BRIDGE
-5.139118,-49.829546,-5.138953,-49.829922,BRIDGE
-5.137611,-48.836213,-5.137549,-48.836766,BRIDGE
-5.136340,-49.119785,-5.136352,-49.119935,BRIDGE
-5.121190,-49.353831,-5.121111,-49.353863,BRIDGE
-5.119768,-49.190011,-5.119995,-49.190192,BRIDGE
-5.119555,-49.176110,-5.119406,-49.176182,BRIDGE
-5.116188,-49.180604,-5.116098,-49.180706,BRIDGE
-5.115734,-50.560091,-5.115728,-50.560162,BRIDGE
-5.114558,-49.332363,-5.114516,-49.332468,BRIDGE
-5.113356,-49.120241,-5.113535,-49.120141,BRIDGE
-5.102917,-49.519792,-5.102994,-49.519850,BRIDGE
-5.099138,-48.802499,-5.099114,-48.802585,BRIDGE
-5.096210,-49.129721,-5.096255,-49.129543,BRIDGE
-5.090426,-49.071066,-5.090324,-49.070907,BRIDGE
-5.089803,-48.716282,-5.089817,-48.716713,BRIDGE
-5.087251,-49.127132,-5.087173,-49.127197,BRIDGE
-5.085161,-49.283338,-5.085246,-49.283360,BRIDGE
-5.083746,-56.147781,-5.083202,-56.148140,BRIDGE
-5.082223,-49.099556,-5.082231,-49.099774,BRIDGE
-5.080963,-48.809842,-5.080880,-48.809753,BRIDGE
-5.074826,-49.887296,-5.074794,-49.887427,BRIDGE
-5.073008,-49.250624,-5.072912,-49.250683,BRIDGE
-5.069970,-48.804648,-5.069932,-48.804539,BRIDGE
-5.065519,-49.888250,-5.064760,-49.887840,BRIDGE
-5.064544,-48.449032,-5.064455,-48.449251,BRIDGE
-5.064313,-48.400700,-5.064439,-48.400739,BRIDGE
-5.063009,-50.601316,-5.063133,-50.601312,BRIDGE
-5.062398,-48.772888,-5.062453,-48.773077,BRIDGE
-5.059783,-48.731141,-5.059927,-48.731182,BRIDGE
-5.056668,-49.212877,-5.056500,-49.212859,BRIDGE
-5.052672,-49.972280,-5.052464,-49.972070,BRIDGE
-5.046946,-48.727381,-5.047213,-48.727456,BRIDGE
-5.046000,-50.639631,-5.046153,-50.639782,BRIDGE
-5.045776,-49.205700,-5.045596,-49.205438,BRIDGE
-5.044982,-48.825557,-5.044882,-48.825531,BRIDGE
-5.038856,-49.044040,-5.038693,-49.043629,BRIDGE
-5.036601,-49.813004,-5.036613,-49.812925,BRIDGE
-5.034520,-49.430630,-5.034525,-49.430546,BRIDGE
-5.031169,-49.147035,-5.031305,-49.147022,BRIDGE
-5.030349,-49.697514,-5.030926,-49.697497,BRIDGE
-5.024513,-48.819809,-5.024375,-48.819852,BRIDGE
-5.005849,-48.562195,-5.006073,-48.562129,BRIDGE
-5.004113,-48.356657,-5.004048,-48.356542,BRIDGE
-5.002362,-49.180606,-5.002386,-49.180745,BRIDGE
-5.001515,-48.357780,-5.001656,-48.357831,BRIDGE
-4.999901,-48.800516,-4.999803,-48.800497,BRIDGE
-4.997066,-49.125154,-4.996984,-49.125054,BRIDGE
-4.995348,-49.204138,-4.995321,-49.203957,BRIDGE
-4.994477,-49.052527,-4.994431,-49.052411,BRIDGE
-4.992455,-55.958125,-4.992284,-55.957878,BRIDGE
-4.992438,-49.190321,-4.992416,-49.190208,BRIDGE
-4.992423,-48.493728,-4.992518,-48.493695,BRIDGE
-4.991704,-49.044596,-4.991660,-49.044385,BRIDGE
-4.988912,-48.797563,-4.988800,-48.797504,BRIDGE
-4.988576,-56.937670,-4.988972,-56.937943,BRIDGE
-4.985529,-48.317351,-4.985568,-48.317211,BRIDGE
-4.980747,-49.017359,-4.980679,-49.017248,BRIDGE
-4.979639,-49.009422,-4.979584,-49.009288,BRIDGE
-4.978608,-48.800382,-4.978689,-48.800666,BRIDGE
-4.978456,-49.249245,-4.978411,-49.249149,BRIDGE
-4.975389,-49.000031,-4.975385,-48.999887,BRIDGE
-4.969411,-50.775684,-4.969617,-50.775410,BRIDGE
-4.968262,-50.777556,-4.968417,-50.777309,BRIDGE
-4.961897,-48.865015,-4.961975,-48.865235,BRIDGE
-4.961691,-49.451412,-4.961222,-49.452601,BRIDGE
-4.959412,-49.395191,-4.959395,-49.395099,BRIDGE
-4.959272,-49.219118,-4.959043,-49.218894,BRIDGE
-4.952597,-48.391846,-4.952650,-48.391803,BRIDGE
-4.952336,-48.825930,-4.952301,-48.825844,BRIDGE
-4.951477,-49.387096,-4.951378,-49.387053,BRIDGE
-4.949090,-48.305634,-4.949134,-48.305572,BRIDGE
-4.948580,-48.492439,-4.948662,-48.492385,BRIDGE
-4.947835,-49.044633,-4.947936,-49.044549,BRIDGE
-4.934017,-56.100213,-4.933792,-56.100106,BRIDGE
-4.932642,-56.865269,-4.932980,-56.865313,BRIDGE
-4.926052,-48.814316,-4.926196,-48.814504,BRIDGE
-4.921006,-48.881677,-4.920857,-48.881639,BRIDGE
-4.919050,-48.771363,-4.919232,-48.771363,BRIDGE
-4.915537,-49.192704,-4.915721,-49.192868,BRIDGE
-4.910787,-48.775376,-4.911044,-48.775295,BRIDGE
-4.910194,-48.775456,-4.910392,-48.775451,BRIDGE
-4.908552,-50.572775,-4.908449,-50.572712,BRIDGE
-4.908386,-49.070432,-4.908821,-49.070626,BRIDGE
-4.907247,-48.778221,-4.907297,-48.778288,BRIDGE
-4.903818,-49.944320,-4.903843,-49.943995,BRIDGE
-4.903612,-48.780383,-4.903698,-48.780209,BRIDGE
-4.894518,-56.179399,-4.894037,-56.179138,BRIDGE
-4.893959,-48.996411,-4.893927,-48.996317,BRIDGE
-4.889531,-48.876399,-4.889637,-48.876265,BRIDGE
-4.887210,-56.855774,-4.887328,-56.855940,BRIDGE
-4.876999,-49.700164,-4.877039,-49.700267,BRIDGE
-4.874234,-49.155191,-4.874341,-49.155302,BRIDGE
-4.868361,-49.143270,-4.868392,-49.143400,BRIDGE
-4.866663,-49.942611,-4.866488,-49.942578,BRIDGE
-4.866429,-49.131728,-4.866445,-49.131836,BRIDGE
-4.863937,-49.517457,-4.864033,-49.517794,BRIDGE
-4.861569,-56.167273,-4.861449,-56.166977,BRIDGE
-4.860663,-49.494346,-4.860322,-49.494773,BRIDGE
-4.857801,-49.502079,-4.857939,-49.502393,BRIDGE
-4.854894,-49.181942,-4.854849,-49.182035,BRIDGE
-4.854219,-49.698717,-4.854183,-49.698582,BRIDGE
-4.853237,-49.013951,-4.853164,-49.013983,BRIDGE
-4.851392,-49.209360,-4.851383,-49.209494,BRIDGE
-4.848746,-48.381120,-4.848800,-48.381046,BRIDGE
-4.848695,-49.573430,-4.848693,-49.573304,BRIDGE
-4.848529,-48.853219,-4.848476,-48.853551,BRIDGE
-4.837934,-49.253970,-4.837987,-49.254051,BRIDGE
-4.830234,-49.499724,-4.830093,-49.499695,BRIDGE
-4.829786,-48.468407,-4.829875,-48.468380,BRIDGE
-4.829042,-48.459549,-4.828973,-48.459671,BRIDGE
-4.823760,-49.588380,-4.823965,-49.588395,BRIDGE
-4.823088,-49.058448,-4.823412,-49.058312,BRIDGE
-4.814479,-50.735165,-4.814349,-50.735066,BRIDGE
-4.812627,-48.814155,-4.812651,-48.814257,BRIDGE
-4.812525,-50.429773,-4.812513,-50.429687,BRIDGE
-4.812191,-50.738278,-4.812336,-50.738522,BRIDGE
-4.811571,-50.440450,-4.811585,-50.440391,BRIDGE
-4.810261,-49.566426,-4.809966,-49.566644,BRIDGE
-4.809894,-49.063491,-4.810257,-49.063471,BRIDGE
-4.808212,-49.028134,-4.808177,-49.028062,BRIDGE
-4.805842,-48.133822,-4.805862,-48.134170,BRIDGE
-4.800034,-48.239237,-4.799828,-48.239223,BRIDGE
-4.798011,-48.548990,-4.797955,-48.549091,BRIDGE
-4.792120,-48.142460,-4.792034,-48.142534,BRIDGE
-4.789400,-48.131951,-4.789383,-48.132074,BRIDGE
-4.788883,-49.013815,-4.788925,-49.013739,BRIDGE
-4.785998,-48.832845,-4.785838,-48.832882,BRIDGE
-4.785412,-48.096768,-4.785439,-48.097062,BRIDGE
-4.779026,-50.633901,-4.779193,-50.634166,BRIDGE
-4.775266,-56.108788,-4.774666,-56.108407,BRIDGE
-4.769089,-48.060637,-4.769155,-48.060905,BRIDGE
-4.766525,-56.094643,-4.766367,-56.094311,BRIDGE
-4.765778,-48.105234,-4.765832,-48.105519,BRIDGE
-4.765632,-48.060596,-4.765609,-48.060747,BRIDGE
-4.764560,-49.611570,-4.764281,-49.611788,BRIDGE
-4.762626,-48.499055,-4.762576,-48.499020,BRIDGE
-4.755612,-51.060752,-4.755869,-51.060698,BRIDGE
-4.749272,-48.995770,-4.749422,-48.995707,BRIDGE
-4.746790,-50.741287,-4.746647,-50.740999,BRIDGE
-4.739282,-49.639512,-4.739029,-49.639793,BRIDGE
-4.737543,-56.109144,-4.737353,-56.109026,BRIDGE
-4.733331,-48.657455,-4.733230,-48.657368,BRIDGE
-4.730310,-49.264090,-4.730217,-49.264023,BRIDGE
-4.725701,-55.836975,-4.725321,-55.837047,BRIDGE
-4.721590,-48.996695,-4.721515,-48.996788,BRIDGE
-4.720435,-56.740791,-4.720606,-56.740788,BRIDGE
-4.719803,-50.768706,-4.719775,-50.768555,BRIDGE
-4.711724,-55.732078,-4.711908,-55.731883,BRIDGE
-4.703529,-49.075957,-4.703983,-49.075965,BRIDGE
-4.701103,-48.717126,-4.701151,-48.716965,BRIDGE
-4.698343,-55.993738,-4.698016,-55.993482,BRIDGE
-4.695878,-49.188728,-4.695891,-49.188462,BRIDGE
-4.695016,-55.997678,-4.694959,-55.997614,BRIDGE
-4.693262,-56.000898,-4.693065,-56.000760,BRIDGE
-4.691268,-48.498124,-4.691208,-48.498329,BRIDGE
-4.689254,-56.003594,-4.689024,-56.003526,BRIDGE
-4.687874,-49.191921,-4.687948,-49.191615,BRIDGE
-4.687824,-49.538502,-4.687445,-49.538582,BRIDGE
-4.687328,-49.189759,-4.687229,-49.189578,BRIDGE
-4.681053,-49.695191,-4.680975,-49.695593,BRIDGE
-4.679300,-48.797005,-4.679182,-48.797054,BRIDGE
-4.676552,-48.692543,-4.676552,-48.692731,BRIDGE
-4.675706,-56.056049,-4.675523,-56.055876,BRIDGE
-4.671389,-49.192012,-4.671443,-49.192006,BRIDGE
-4.668077,-55.709450,-4.667831,-55.709311,BRIDGE
-4.663702,-49.727014,-4.663468,-49.727231,BRIDGE
-4.663656,-56.632154,-4.663790,-56.632528,BRIDGE
-4.663463,-48.257634,-4.663367,-48.257972,BRIDGE
-4.663451,-48.651991,-4.663656,-48.651932,BRIDGE
-4.662399,-48.598366,-4.662578,-48.598216,BRIDGE
-4.662095,-48.739986,-4.662095,-48.740115,BRIDGE
-4.659523,-55.850871,-4.659571,-55.850574,BRIDGE
-4.651678,-49.751726,-4.651777,-49.752066,BRIDGE
-4.647960,-49.767025,-4.647272,-49.767280,BRIDGE
-4.644553,-47.923437,-4.644464,-47.923528,BRIDGE
-4.644167,-49.065750,-4.644236,-49.065837,BRIDGE
-4.643317,-48.453252,-4.643108,-48.453302,BRIDGE
-4.642494,-49.081740,-4.642473,-49.081812,BRIDGE
-4.639365,-56.151564,-4.639004,-56.151461,BRIDGE
-4.638865,-49.132478,-4.638963,-49.132545,BRIDGE
-4.638460,-50.741419,-4.638353,-50.741390,BRIDGE
-4.636580,-50.737527,-4.636596,-50.737405,BRIDGE
-4.636318,-55.741685,-4.636163,-55.741502,BRIDGE
-4.633955,-55.749291,-4.633746,-55.749191,BRIDGE
-4.627168,-49.100289,-4.627648,-49.100127,BRIDGE
-4.625489,-49.049563,-4.625604,-49.049438,BRIDGE
-4.624721,-56.388964,-4.624696,-56.389236,BRIDGE
-4.616299,-55.837525,-4.616478,-55.837546,BRIDGE
-4.611358,-49.187819,-4.611462,-49.187945,BRIDGE
-4.609404,-48.430041,-4.609222,-48.430170,BRIDGE
-4.608992,-48.247001,-4.609126,-48.246232,BRIDGE
-4.601780,-49.100357,-4.602050,-49.100457,BRIDGE
-4.591269,-48.877731,-4.591325,-48.877605,BRIDGE
-4.586607,-49.101360,-4.586868,-49.101333,BRIDGE
-4.586465,-55.931851,-4.586040,-55.931661,BRIDGE
-4.586321,-49.051095,-4.586295,-49.050895,BRIDGE
-4.574238,-48.048949,-4.573903,-48.048917,BRIDGE
-4.564987,-48.812470,-4.564824,-48.812441,BRIDGE
-4.562921,-56.261021,-4.563353,-56.261056,BRIDGE
-4.561642,-55.923653,-4.561110,-55.923275,BRIDGE
-4.560420,-49.079104,-4.560443,-49.079341,BRIDGE
-4.556262,-48.410455,-4.556079,-48.410755,BRIDGE
-4.547265,-48.799612,-4.547196,-48.799473,BRIDGE
-4.540706,-50.304192,-4.540667,-50.304151,BRIDGE
-4.531667,-48.653727,-4.531650,-48.653525,BRIDGE
-4.529762,-50.764208,-4.529634,-50.764157,BRIDGE
-4.529034,-49.830885,-4.528893,-49.831042,BRIDGE
-4.525171,-50.557768,-4.525118,-50.557640,BRIDGE
-4.523854,-50.542979,-4.523798,-50.542836,BRIDGE
-4.521539,-49.777923,-4.521470,-49.777738,BRIDGE
-4.517145,-49.321258,-4.518017,-49.321316,BRIDGE
-4.512249,-48.807020,-4.512399,-48.807004,BRIDGE
-4.510000,-48.682524,-4.510135,-48.682504,BRIDGE
-4.509613,-47.930254,-4.509476,-47.930218,BRIDGE
-4.508013,-56.290186,-4.508142,-56.290473,BRIDGE
-4.496515,-49.146814,-4.496716,-49.146856,BRIDGE
-4.496109,-48.547994,-4.495970,-48.548155,BRIDGE
-4.494856,-48.905511,-4.495014,-48.905439,BRIDGE
-4.494608,-49.090145,-4.494812,-49.090012,BRIDGE
-4.483799,-49.955488,-4.483772,-49.955279,BRIDGE
-4.483401,-48.817353,-4.483581,-48.817296,BRIDGE
-4.479534,-49.161591,-4.479587,-49.161718,BRIDGE
-4.479307,-49.161113,-4.479375,-49.161223,BRIDGE
-4.476999,-49.896977,-4.476879,-49.896913,BRIDGE
-4.470498,-47.560885,-4.470450,-47.560799,BRIDGE
-4.469507,-56.283951,-4.469865,-56.284009,BRIDGE
-4.466582,-56.146063,-4.466664,-56.146248,BRIDGE
-4.466573,-49.810803,-4.466505,-49.810742,BRIDGE
-4.463935,-56.241023,-4.463666,-56.241639,BRIDGE
-4.459598,-47.998563,-4.459633,-47.998455,BRIDGE
-4.459193,-49.116493,-4.459772,-49.116436,BRIDGE
-4.459154,-48.736634,-4.459047,-48.736757,BRIDGE
-4.458844,-47.548430,-4.458747,-47.548352,BRIDGE
-4.456702,-47.998629,-4.456908,-47.998604,BRIDGE
-4.456082,-47.994297,-4.456135,-47.994198,BRIDGE
-4.451651,-48.015988,-4.451790,-48.015989,BRIDGE
-4.448701,-49.097069,-4.448651,-49.097173,BRIDGE
-4.445745,-48.805707,-4.445844,-48.806061,BRIDGE
-4.444184,-48.925764,-4.444190,-48.925876,BRIDGE
-4.443872,-49.062612,-4.443754,-49.062879,BRIDGE
-4.443825,-47.531811,-4.444085,-47.531262,BRIDGE
-4.440211,-49.003688,-4.440094,-49.003705,BRIDGE
-4.437733,-49.134995,-4.437783,-49.134680,BRIDGE
-4.436455,-48.759430,-4.436551,-48.759363,BRIDGE
-4.434504,-48.956301,-4.434533,-48.956454,BRIDGE
-4.434453,-49.784602,-4.434285,-49.784604,BRIDGE
-4.433739,-48.366229,-4.433958,-48.366585,BRIDGE
-4.432449,-49.928044,-4.431241,-49.928361,BRIDGE
-4.432136,-48.971841,-4.432140,-48.971964,BRIDGE
-4.431832,-49.028577,-4.431901,-49.028627,BRIDGE
-4.431806,-48.971788,-4.431769,-48.971908,BRIDGE
-4.431457,-48.974456,-4.431446,-48.974536,BRIDGE
-4.431447,-54.880076,-4.431288,-54.880166,BRIDGE
-4.429071,-48.818275,-4.428875,-48.818181,BRIDGE
-4.428523,-49.036680,-4.428569,-49.036584,BRIDGE
-4.427930,-55.970790,-4.428020,-55.970864,BRIDGE
-4.424963,-54.895154,-4.425192,-54.895352,BRIDGE
-4.424707,-55.981307,-4.424277,-55.981224,BRIDGE
-4.422941,-50.625045,-4.422188,-50.624932,BRIDGE
-4.413418,-56.052690,-4.413470,-56.053629,BRIDGE
-4.410569,-48.111581,-4.410830,-48.111595,BRIDGE
-4.400599,-49.024417,-4.400528,-49.024354,BRIDGE
-4.397052,-55.908300,-4.397207,-55.909003,BRIDGE
-4.389097,-48.213361,-4.389322,-48.213260,BRIDGE
-4.383240,-49.110255,-4.383447,-49.110320,BRIDGE
-4.382949,-50.313710,-4.383009,-50.313650,BRIDGE
-4.380471,-49.071951,-4.380490,-49.071874,BRIDGE
-4.378610,-47.536904,-4.379198,-47.536744,BRIDGE
-4.370575,-55.838356,-4.370190,-55.837489,BRIDGE
-4.366480,-55.362758,-4.366866,-55.362650,BRIDGE
-4.358000,-49.091641,-4.358216,-49.091780,BRIDGE
-4.355649,-49.015251,-4.355574,-49.015331,BRIDGE
-4.354852,-49.017075,-4.354737,-49.017346,BRIDGE
-4.353991,-54.880900,-4.354017,-54.881130,BRIDGE
-4.351713,-49.087865,-4.351948,-49.087992,BRIDGE
-4.344669,-49.007513,-4.344767,-49.007509,BRIDGE
-4.344266,-50.553110,-4.344377,-50.553111,BRIDGE
-4.344162,-55.528649,-4.344352,-55.528476,BRIDGE
-4.340789,-55.829304,-4.340505,-55.829406,BRIDGE
-4.338497,-51.092917,-4.338190,-51.092796,BRIDGE
-4.336973,-50.446132,-4.336775,-50.446122,BRIDGE
-4.333898,-55.765897,-4.333662,-55.765558,BRIDGE
-4.333594,-55.784523,-4.333425,-55.784476,BRIDGE
-4.333108,-55.773742,-4.333342,-55.773725,BRIDGE
-4.324835,-55.877418,-4.324658,-55.877582,BRIDGE
-4.321908,-56.017242,-4.321798,-56.016844,BRIDGE
-4.321435,-49.078158,-4.322286,-49.078233,BRIDGE
-4.318210,-55.789289,-4.317953,-55.789420,BRIDGE
-4.315637,-49.059487,-4.315711,-49.059342,BRIDGE
-4.311939,-50.664726,-4.312077,-50.664135,BRIDGE
-4.310862,-55.727045,-4.310411,-55.726731,BRIDGE
-4.305458,-56.098770,-4.305748,-56.098765,BRIDGE
-4.305057,-49.980063,-4.305421,-49.980320,BRIDGE
-4.303443,-49.982450,-4.303688,-49.982667,BRIDGE
-4.299187,-50.450299,-4.299023,-50.450188,BRIDGE
-4.298728,-49.948774,-4.298046,-49.948899,BRIDGE
-4.293631,-48.152289,-4.293515,-48.152288,BRIDGE
-4.293444,-49.890779,-4.293414,-49.891211,BRIDGE
-4.291069,-50.304770,-4.291055,-50.304887,BRIDGE
-4.290138,-47.786668,-4.290296,-47.786646,BRIDGE
-4.289621,-55.474641,-4.289790,-55.474453,BRIDGE
-4.288145,-47.786224,-4.287867,-47.786183,BRIDGE
-4.287880,-50.609645,-4.287999,-50.609731,BRIDGE
-4.285362,-56.069203,-4.285494,-56.069419,BRIDGE
-4.284084,-55.611070,-4.284133,-55.611062,BRIDGE
-4.276568,-55.996994,-4.276526,-55.997037,BRIDGE
-4.272689,-50.790923,-4.272889,-50.790914,BRIDGE
-4.271158,-47.894235,-4.271076,-47.894556,BRIDGE
-4.270534,-56.022485,-4.270706,-56.022673,BRIDGE
-4.268428,-55.978038,-4.268633,-55.977799,BRIDGE
-4.261673,-49.952989,-4.261674,-49.953065,BRIDGE
-4.260361,-49.952883,-4.260177,-49.952918,BRIDGE
-4.258940,-49.985728,-4.258912,-49.985651,BRIDGE
-4.256941,-49.950910,-4.257168,-49.950864,BRIDGE
-4.256814,-55.662762,-4.256572,-55.662445,BRIDGE
-4.256718,-49.950723,-4.256713,-49.950553,BRIDGE
-4.255594,-49.950371,-4.255564,-49.950123,BRIDGE
-4.254269,-49.949529,-4.254438,-49.949386,BRIDGE
-4.253666,-56.032833,-4.253763,-56.032925,BRIDGE
-4.252650,-49.947070,-4.252825,-49.947108,BRIDGE
-4.251579,-49.947227,-4.251580,-49.947327,BRIDGE
-4.250404,-49.947472,-4.250449,-49.947582,BRIDGE
-4.250055,-50.788153,-4.250165,-50.788151,BRIDGE
-4.249794,-49.943064,-4.249846,-49.942999,BRIDGE
-4.249124,-50.241490,-4.249173,-50.241559,BRIDGE
-4.248822,-49.949413,-4.248875,-49.949500,BRIDGE
-4.246671,-49.951140,-4.246637,-49.951012,BRIDGE
-4.245791,-50.103509,-4.245758,-50.103389,BRIDGE
-4.244830,-49.951851,-4.244953,-49.951926,BRIDGE
-4.243811,-49.948533,-4.243746,-49.948470,BRIDGE
-4.243683,-49.057611,-4.243896,-49.057609,BRIDGE
-4.239376,-50.272196,-4.239867,-50.272053,BRIDGE
-4.236296,-50.070697,-4.236201,-50.070458,BRIDGE
-4.233751,-49.249467,-4.233630,-49.249465,BRIDGE
-4.219565,-55.251066,-4.219446,-55.250888,BRIDGE
-4.218875,-49.865082,-4.219057,-49.865093,BRIDGE
-4.217123,-47.937913,-4.217018,-47.938090,BRIDGE
-4.211527,-55.537060,-4.211455,-55.536854,BRIDGE
-4.208246,-55.528283,-4.208103,-55.527911,BRIDGE
-4.204689,-50.262595,-4.204778,-50.262678,BRIDGE
-4.203996,-54.916889,-4.204235,-54.916815,BRIDGE
-4.199348,-55.670308,-4.199214,-55.670324,BRIDGE
-4.196323,-49.876039,-4.196411,-49.875929,BRIDGE
-4.195946,-50.091563,-4.195983,-50.091658,BRIDGE
-4.193160,-49.062617,-4.193394,-49.062627,BRIDGE
-4.178920,-55.476868,-4.178816,-55.476882,BRIDGE
-4.178812,-56.026834,-4.178769,-56.027239,BRIDGE
-4.177738,-55.366431,-4.177611,-55.366042,BRIDGE
-4.174797,-49.314862,-4.174660,-49.314943,BRIDGE
-4.174055,-55.424714,-4.173893,-55.424080,BRIDGE
-4.171761,-54.683020,-4.171933,-54.682983,BRIDGE
-4.170310,-55.667027,-4.170177,-55.666904,BRIDGE
-4.169652,-55.446002,-4.169512,-55.446023,BRIDGE
-4.169374,-54.683487,-4.169609,-54.683445,BRIDGE
-4.167581,-54.683618,-4.167793,-54.683631,BRIDGE
-4.157812,-47.472570,-4.157900,-47.472436,BRIDGE
-4.153850,-54.686201,-4.153988,-54.686275,BRIDGE
-4.153813,-47.465474,-4.153879,-47.465582,BRIDGE
-4.153084,-47.468883,-4.153084,-47.468759,BRIDGE
-4.150322,-47.446267,-4.150443,-47.446074,BRIDGE
-4.148362,-50.229034,-4.148276,-50.229000,BRIDGE
-4.147933,-47.941765,-4.147780,-47.941769,BRIDGE
-4.147159,-50.231386,-4.147244,-50.231461,BRIDGE
-4.135991,-55.269897,-4.135821,-55.269589,BRIDGE
-4.132814,-50.239149,-4.132595,-50.239457,BRIDGE
-4.132675,-55.249287,-4.132909,-55.248770,BRIDGE
-4.131257,-55.228805,-4.131029,-55.228495,BRIDGE
-4.125926,-50.328004,-4.125921,-50.327393,BRIDGE
-4.124056,-54.959092,-4.124119,-54.958528,BRIDGE
-4.121721,-47.539357,-4.121855,-47.539172,BRIDGE
-4.121376,-55.455696,-4.121302,-55.455699,BRIDGE
-4.118282,-55.002055,-4.118257,-55.001019,BRIDGE
-4.112412,-47.892738,-4.112420,-47.892525,BRIDGE
-4.109825,-49.046545,-4.110111,-49.046539,BRIDGE
-4.096134,-48.962327,-4.096161,-48.962432,BRIDGE
-4.085400,-55.908305,-4.085622,-55.908378,BRIDGE
-4.084720,-54.839111,-4.084762,-54.839386,BRIDGE
-4.076353,-50.331346,-4.076389,-50.330641,BRIDGE
-4.069712,-50.768683,-4.069902,-50.768278,BRIDGE
-4.069641,-48.041842,-4.069482,-48.041891,BRIDGE
-4.065710,-56.215317,-4.065795,-56.215226,BRIDGE
-4.064487,-54.264812,-4.064466,-54.264631,BRIDGE
-4.064180,-54.262521,-4.064178,-54.262446,BRIDGE
-4.060810,-48.031470,-4.060893,-48.031523,BRIDGE
-4.054314,-54.255842,-4.054252,-54.255645,BRIDGE
-4.052770,-55.841612,-4.052800,-55.841806,BRIDGE
-4.051529,-49.314006,-4.050860,-49.312829,BRIDGE
-4.050145,-54.938054,-4.049711,-54.937823,BRIDGE
-4.045095,-49.049610,-4.045346,-49.049548,BRIDGE
-4.044946,-54.713123,-4.045623,-54.712661,BRIDGE
-4.043142,-55.471006,-4.043057,-55.470977,BRIDGE
-4.034709,-54.698958,-4.034688,-54.699570,BRIDGE
-4.031360,-55.918185,-4.031297,-55.917991,BRIDGE
-4.030195,-55.913887,-4.030122,-55.913721,BRIDGE
-4.028642,-54.692485,-4.029129,-54.692715,BRIDGE
-4.022606,-56.300338,-4.022670,-56.300306,BRIDGE
-4.021554,-49.044890,-4.021819,-49.044838,BRIDGE
-4.019463,-47.890448,-4.019365,-47.890572,BRIDGE
-4.019316,-47.894931,-4.019491,-47.895149,BRIDGE
-4.015797,-56.287385,-4.015703,-56.287265,BRIDGE
-4.013582,-48.030789,-4.013437,-48.030938,BRIDGE
-4.000310,-54.679015,-4.000030,-54.679089,BRIDGE
-3.999264,-47.349480,-3.999155,-47.349616,BRIDGE
-3.998355,-54.679007,-3.998163,-54.679048,BRIDGE
-3.998195,-49.047987,-3.998381,-49.047899,BRIDGE
-3.983961,-54.725826,-3.983911,-54.725886,BRIDGE
-3.976422,-49.673190,-3.976403,-49.673041,BRIDGE
-3.975897,-48.389282,-3.975804,-48.389277,BRIDGE
-3.969886,-55.721699,-3.969872,-55.721597,BRIDGE
-3.969355,-50.772141,-3.969189,-50.772131,BRIDGE
-3.969320,-54.452147,-3.969444,-54.452098,BRIDGE
-3.969137,-49.052285,-3.969243,-49.052258,BRIDGE
-3.962736,-47.542069,-3.963017,-47.542101,BRIDGE
-3.955779,-54.410181,-3.955912,-54.410150,BRIDGE
-3.954212,-50.708560,-3.954404,-50.709075,BRIDGE
-3.951815,-54.649488,-3.951600,-54.649131,BRIDGE
-3.936201,-50.215747,-3.936123,-50.215791,BRIDGE
-3.931611,-50.775216,-3.931428,-50.775243,BRIDGE
-3.931334,-54.594715,-3.931501,-54.595224,BRIDGE
-3.925244,-55.641655,-3.925046,-55.641657,BRIDGE
-3.922340,-50.774054,-3.922145,-50.773991,BRIDGE
-3.910923,-52.037413,-3.911043,-52.037535,BRIDGE
-3.905690,-50.363454,-3.905604,-50.363717,BRIDGE
-3.905179,-55.639365,-3.905094,-55.639255,BRIDGE
-3.899391,-54.601901,-3.899022,-54.602394,BRIDGE
-3.893176,-49.285178,-3.893038,-49.285059,BRIDGE
-3.892611,-52.277449,-3.892965,-52.277172,BRIDGE
-3.889055,-50.459783,-3.889135,-50.459776,BRIDGE
-3.888066,-54.293963,-3.887924,-54.294516,BRIDGE
-3.884138,-54.382782,-3.884225,-54.383066,BRIDGE
-3.878191,-53.751884,-3.878518,-53.751850,BRIDGE
-3.874501,-54.235726,-3.874523,-54.235803,BRIDGE
-3.873713,-49.105833,-3.873667,-49.105764,BRIDGE
-3.864241,-52.292203,-3.864332,-52.292342,BRIDGE
-3.861649,-51.168070,-3.861608,-51.168041,BRIDGE
-3.861308,-50.445255,-3.861488,-50.445972,BRIDGE
-3.860111,-54.212461,-3.860008,-54.212493,BRIDGE
-3.856945,-49.679758,-3.850579,-49.681264,BRIDGE
-3.847445,-55.488513,-3.847536,-55.488521,BRIDGE
-3.845213,-54.225770,-3.845168,-54.225773,BRIDGE
-3.843841,-54.225668,-3.843739,-54.225662,BRIDGE
-3.835899,-48.391811,-3.835572,-48.391227,BRIDGE
-3.835526,-50.632400,-3.835387,-50.633436,BRIDGE
-3.834740,-49.660261,-3.834407,-49.662346,BRIDGE
-3.834312,-49.661726,-3.834457,-49.660854,TUNNEL
-3.833995,-49.653941,-3.832149,-49.641070,BRIDGE
-3.832994,-49.649618,-3.841767,-49.651372,BRIDGE
-3.832149,-49.641070,-3.832177,-49.639828,BRIDGE
-3.826792,-49.462003,-3.826854,-49.461937,BRIDGE
-3.818217,-53.723909,-3.818765,-53.723642,BRIDGE
-3.818054,-51.128853,-3.818077,-51.128748,BRIDGE
-3.817657,-49.665143,-3.817707,-49.665211,TUNNEL
-3.815768,-52.023670,-3.815949,-52.023630,BRIDGE
-3.814437,-54.396823,-3.815106,-54.396703,BRIDGE
-3.814348,-54.279276,-3.814437,-54.279258,BRIDGE
-3.814227,-50.617941,-3.814156,-50.617840,BRIDGE
-3.813491,-50.711546,-3.813444,-50.711872,BRIDGE
-3.802660,-47.103074,-3.802774,-47.102997,BRIDGE
-3.800527,-47.544258,-3.800521,-47.544334,BRIDGE
-3.800321,-47.545096,-3.800281,-47.545192,BRIDGE
-3.798199,-51.125492,-3.798029,-51.125385,BRIDGE
-3.791852,-49.619440,-3.791749,-49.619493,BRIDGE
-3.787664,-53.680189,-3.787886,-53.680084,BRIDGE
-3.786786,-47.999040,-3.786633,-47.999227,BRIDGE
-3.784043,-49.667014,-3.784065,-49.666969,BRIDGE
-3.783404,-49.667188,-3.783419,-49.667119,BRIDGE
-3.782770,-49.667091,-3.782824,-49.667024,BRIDGE
-3.781670,-49.419403,-3.781758,-49.419273,BRIDGE
-3.781181,-48.109048,-3.780927,-48.109047,BRIDGE
-3.780437,-49.666534,-3.780409,-49.666433,BRIDGE
-3.777117,-49.070337,-3.777490,-49.070115,BRIDGE
-3.776100,-49.665396,-3.775883,-49.665001,BRIDGE
-3.774330,-49.394298,-3.774128,-49.392935,BRIDGE
-3.774079,-49.665596,-3.774063,-49.665413,BRIDGE
-3.772983,-49.665468,-3.773039,-49.665329,BRIDGE
-3.771314,-49.664048,-3.771170,-49.664221,BRIDGE
-3.770893,-49.673274,-3.770772,-49.673185,TUNNEL
-3.770065,-49.663420,-3.769815,-49.663514,BRIDGE
-3.768860,-49.662602,-3.768660,-49.662673,BRIDGE
-3.765843,-49.665022,-3.765728,-49.665045,BRIDGE
-3.765348,-49.667148,-3.765191,-49.667116,BRIDGE
-3.765031,-49.664183,-3.764886,-49.664359,BRIDGE
-3.764714,-49.667506,-3.764849,-49.667833,BRIDGE
-3.763590,-49.670350,-3.763409,-49.670163,BRIDGE
-3.763150,-53.640771,-3.764017,-53.640614,BRIDGE
-3.755815,-47.533511,-3.755640,-47.533605,BRIDGE
-3.754452,-49.678633,-3.754206,-49.678617,BRIDGE
-3.753737,-53.708419,-3.753863,-53.708475,BRIDGE
-3.751969,-49.310926,-3.751829,-49.310958,BRIDGE
-3.750360,-52.601163,-3.750315,-52.601107,BRIDGE
-3.749865,-52.301456,-3.750092,-52.301292,BRIDGE
-3.737962,-49.690830,-3.737883,-49.690790,BRIDGE
-3.736042,-50.928951,-3.735894,-50.928917,BRIDGE
-3.735314,-53.729028,-3.735211,-53.729009,BRIDGE
-3.734561,-50.639961,-3.734404,-50.639951,BRIDGE
-3.733436,-47.613424,-3.733341,-47.613503,BRIDGE
-3.732923,-51.099596,-3.732728,-51.099663,BRIDGE
-3.732740,-47.520324,-3.732778,-47.520131,BRIDGE
-3.729791,-53.754977,-3.729970,-53.754885,BRIDGE
-3.728571,-53.741534,-3.728589,-53.741605,BRIDGE
-3.727760,-53.741564,-3.727789,-53.741661,BRIDGE
-3.727469,-50.876320,-3.727296,-50.876750,BRIDGE
-3.727396,-53.736782,-3.727416,-53.736882,BRIDGE
-3.726451,-51.982321,-3.726670,-51.982117,BRIDGE
-3.724614,-53.758221,-3.724751,-53.758465,BRIDGE
-3.722934,-53.604218,-3.723313,-53.603795,BRIDGE
-3.722626,-51.137795,-3.722459,-51.137490,BRIDGE
-3.721988,-50.904458,-3.721896,-50.904403,BRIDGE
-3.720865,-47.489589,-3.720475,-47.489490,BRIDGE
-3.717697,-52.423528,-3.717624,-52.423487,BRIDGE
-3.717453,-50.891235,-3.717216,-50.891556,BRIDGE
-3.715358,-51.135907,-3.715135,-51.136079,BRIDGE
-3.714904,-51.095060,-3.714792,-51.095067,BRIDGE
-3.698804,-52.014976,-3.698866,-52.015084,BRIDGE
-3.698730,-52.245850,-3.698872,-52.245888,BRIDGE
-3.696906,-52.249518,-3.696849,-52.249460,BRIDGE
-3.696880,-50.864695,-3.696808,-50.864903,BRIDGE
-3.684150,-52.214276,-3.684425,-52.214182,BRIDGE
-3.681975,-52.690830,-3.681899,-52.690868,BRIDGE
-3.677774,-50.822993,-3.677570,-50.822606,BRIDGE
-3.677713,-53.554300,-3.678163,-53.554899,BRIDGE
-3.676061,-47.045170,-3.675350,-47.045673,BRIDGE
-3.675471,-51.636342,-3.675436,-51.636792,BRIDGE
-3.674759,-51.677623,-3.674751,-51.677767,BRIDGE
-3.673120,-48.844869,-3.672178,-48.844099,BRIDGE
-3.661710,-52.608758,-3.661738,-52.608909,BRIDGE
-3.657583,-50.910400,-3.657288,-50.910378,BRIDGE
-3.657120,-49.875368,-3.657308,-49.875403,BRIDGE
-3.654933,-52.241023,-3.654798,-52.241030,BRIDGE
-3.651665,-51.840899,-3.652093,-51.840915,BRIDGE
-3.649642,-51.890294,-3.649590,-51.890554,BRIDGE
-3.645890,-51.754528,-3.645936,-51.754398,BRIDGE
-3.643911,-55.380878,-3.644002,-55.380591,BRIDGE
-3.642975,-53.465133,-3.643054,-53.465380,BRIDGE
-3.642446,-52.199164,-3.642672,-52.199113,BRIDGE
-3.641568,-51.179922,-3.641226,-51.179870,BRIDGE
-3.639685,-50.780294,-3.639166,-50.780337,BRIDGE
-3.636017,-51.333678,-3.635968,-51.333718,BRIDGE
-3.633945,-49.876489,-3.634159,-49.876495,BRIDGE
-3.631753,-49.064030,-3.631962,-49.064083,BRIDGE
-3.629801,-51.046372,-3.629920,-51.046390,BRIDGE
-3.629458,-51.092998,-3.629615,-51.093084,BRIDGE
-3.629119,-51.093589,-3.629012,-51.093567,BRIDGE
-3.628858,-47.197506,-3.628982,-47.197208,BRIDGE
-3.624782,-53.490961,-3.624793,-53.490870,BRIDGE
-3.623071,-52.286378,-3.623147,-52.286345,BRIDGE
-3.622738,-48.968379,-3.622751,-48.968524,BRIDGE
-3.621889,-53.362849,-3.621924,-53.363049,BRIDGE
-3.619578,-54.816034,-3.619591,-54.815651,BRIDGE
-3.618730,-51.002227,-3.618586,-51.002248,BRIDGE
-3.616722,-47.140424,-3.616414,-47.140348,BRIDGE
-3.614955,-52.272190,-3.615003,-52.272123,BRIDGE
-3.614294,-52.277594,-3.614298,-52.277487,BRIDGE
-3.613118,-52.105314,-3.613162,-52.105382,BRIDGE
-3.610396,-49.937947,-3.610356,-49.937762,BRIDGE
-3.609387,-52.262124,-3.609287,-52.262129,BRIDGE
-3.607209,-52.291991,-3.607223,-52.291911,BRIDGE
-3.606124,-51.092500,-3.606199,-51.092502,BRIDGE
-3.601192,-52.299408,-3.601221,-52.299332,BRIDGE
-3.596356,-47.072985,-3.596615,-47.072772,BRIDGE
-3.594617,-52.227129,-3.594654,-52.227083,BRIDGE
-3.592802,-49.699243,-3.592451,-49.699336,BRIDGE
-3.591519,-51.001793,-3.591444,-51.001791,BRIDGE
-3.591497,-52.227174,-3.591590,-52.227167,BRIDGE
-3.590945,-48.988402,-3.591059,-48.988319,BRIDGE
-3.585049,-50.727326,-3.585509,-50.727514,BRIDGE
-3.583404,-49.102289,-3.583365,-49.102235,BRIDGE
-3.582643,-53.404282,-3.582337,-53.404322,BRIDGE
-3.579452,-51.174154,-3.579133,-51.174122,BRIDGE
-3.578626,-52.469505,-3.578713,-52.469470,BRIDGE
-3.577280,-52.166251,-3.577161,-52.166504,BRIDGE
-3.577128,-51.045866,-3.577276,-51.045886,BRIDGE
-3.576860,-50.821289,-3.576667,-50.821171,BRIDGE
-3.576151,-54.830481,-3.576075,-54.830327,BRIDGE
-3.575941,-50.775783,-3.575751,-50.775742,BRIDGE
-3.574626,-51.001642,-3.574538,-51.001644,BRIDGE
-3.565642,-52.468386,-3.565709,-52.468342,BRIDGE
-3.561836,-49.966711,-3.561807,-49.966472,BRIDGE
-3.560628,-52.148640,-3.560363,-52.149023,BRIDGE
-3.560323,-53.419883,-3.560519,-53.420048,BRIDGE
-3.556824,-52.210169,-3.556761,-52.210219,BRIDGE
-3.554057,-52.210863,-3.554025,-52.210815,BRIDGE
-3.551982,-52.198183,-3.552087,-52.198278,BRIDGE
-3.551060,-52.216685,-3.551051,-52.216766,BRIDGE
-3.549813,-49.050145,-3.549652,-49.050236,BRIDGE
-3.549238,-52.476818,-3.549319,-52.476825,BRIDGE
-3.548607,-50.636167,-3.548349,-50.636302,BRIDGE
-3.547469,-51.230295,-3.547388,-51.230298,BRIDGE
-3.546510,-52.867920,-3.546426,-52.867917,BRIDGE
-3.545937,-51.271649,-3.546018,-51.271657,BRIDGE
-3.541061,-51.091289,-3.541293,-51.091290,BRIDGE
-3.537879,-51.046411,-3.537942,-51.046407,BRIDGE
-3.534383,-52.065781,-3.534640,-52.065470,BRIDGE
-3.533946,-47.489034,-3.533768,-47.488981,BRIDGE
-3.532316,-51.389316,-3.532287,-51.389240,BRIDGE
-3.531211,-51.337556,-3.531195,-51.337346,BRIDGE
-3.528353,-54.838243,-3.528339,-54.837889,BRIDGE
-3.526529,-51.001135,-3.526452,-51.001077,BRIDGE
-3.522093,-51.153024,-3.521767,-51.153480,BRIDGE
-3.521971,-51.182534,-3.521858,-51.182487,BRIDGE
-3.521252,-47.453529,-3.521183,-47.453468,BRIDGE
-3.517400,-51.271212,-3.517330,-51.271212,BRIDGE
-3.516874,-51.136435,-3.516695,-51.136432,BRIDGE
-3.516512,-53.135637,-3.516536,-53.135694,BRIDGE
-3.512424,-52.057051,-3.512494,-52.057093,BRIDGE
-3.512361,-52.078638,-3.512443,-52.078621,BRIDGE
-3.511830,-52.059724,-3.511753,-52.059754,BRIDGE
-3.508770,-49.552732,-3.508649,-49.552727,BRIDGE
-3.504047,-52.038786,-3.504265,-52.038634,BRIDGE
-3.502109,-52.072242,-3.502169,-52.072296,BRIDGE
-3.501889,-52.041506,-3.501957,-52.041356,BRIDGE
-3.501865,-53.043278,-3.501828,-53.043563,BRIDGE
-3.501727,-53.143529,-3.501645,-53.143526,BRIDGE
-3.500850,-52.069801,-3.500822,-52.069878,BRIDGE
-3.500668,-51.046189,-3.500797,-51.046197,BRIDGE
-3.497640,-51.278442,-3.497640,-51.278600,BRIDGE
-3.496158,-48.962742,-3.496234,-48.962757,BRIDGE
-3.495347,-52.980370,-3.495538,-52.981167,BRIDGE
-3.494827,-52.041507,-3.494953,-52.041542,BRIDGE
-3.491878,-47.391136,-3.491797,-47.391246,BRIDGE
-3.488902,-53.147799,-3.488867,-53.147909,BRIDGE
-3.484917,-51.187846,-3.485045,-51.187839,BRIDGE
-3.481594,-49.571651,-3.481588,-49.571760,BRIDGE
-3.481111,-52.070170,-3.481191,-52.070156,BRIDGE
-3.480680,-51.206897,-3.480591,-51.206818,BRIDGE
-3.475617,-54.461135,-3.475749,-54.460704,BRIDGE
-3.474744,-51.196301,-3.473929,-51.197223,BRIDGE
-3.472842,-53.019912,-3.472679,-53.020057,BRIDGE
-3.472180,-51.201416,-3.472155,-51.201344,BRIDGE
-3.468126,-51.202657,-3.465095,-51.200608,BRIDGE
-3.461201,-53.111705,-3.461104,-53.111667,BRIDGE
-3.460496,-47.846707,-3.460499,-47.846520,BRIDGE
-3.460297,-47.522367,-3.460283,-47.522509,BRIDGE
-3.456148,-52.925882,-3.456433,-52.926173,BRIDGE
-3.455394,-47.270271,-3.454854,-47.270200,BRIDGE
-3.453994,-52.914763,-3.454063,-52.914717,BRIDGE
-3.453654,-51.181419,-3.453597,-51.181357,BRIDGE
-3.451704,-51.450753,-3.451760,-51.450815,BRIDGE
-3.450654,-52.886197,-3.450631,-52.886111,BRIDGE
-3.449758,-52.886460,-3.449740,-52.886379,BRIDGE
-3.449452,-52.885629,-3.449534,-52.885610,BRIDGE
-3.449350,-52.984190,-3.449085,-52.984282,BRIDGE
-3.449059,-52.888055,-3.449079,-52.888139,BRIDGE
-3.448262,-52.889016,-3.448251,-52.888973,BRIDGE
-3.448177,-52.889368,-3.448257,-52.889350,BRIDGE
-3.447771,-52.890283,-3.447724,-52.890295,BRIDGE
-3.447129,-52.891115,-3.447151,-52.891161,BRIDGE
-3.447066,-52.891386,-3.446983,-52.891394,BRIDGE
-3.446848,-52.906329,-3.446894,-52.906536,BRIDGE
-3.446626,-52.893143,-3.446705,-52.893126,BRIDGE
-3.445503,-52.893498,-3.445580,-52.893470,BRIDGE
-3.444092,-52.896013,-3.444108,-52.896059,BRIDGE
-3.440256,-52.894941,-3.440334,-52.894919,BRIDGE
-3.439544,-52.331350,-3.439505,-52.331277,BRIDGE
-3.437083,-52.987723,-3.436952,-52.987841,BRIDGE
-3.436899,-49.171852,-3.436567,-49.172460,BRIDGE
-3.436538,-52.875667,-3.436445,-52.875674,BRIDGE
-3.435781,-47.527172,-3.435815,-47.527270,BRIDGE
-3.435561,-51.000794,-3.435493,-51.000781,BRIDGE
-3.433713,-49.796456,-3.433647,-49.796470,BRIDGE
-3.433309,-52.321436,-3.433282,-52.321357,BRIDGE
-3.432896,-49.706823,-3.432771,-49.706826,BRIDGE
-3.430187,-51.272931,-3.430258,-51.273133,BRIDGE
-3.429597,-51.460202,-3.429525,-51.460189,BRIDGE
-3.427396,-52.423655,-3.427483,-52.423639,BRIDGE
-3.426955,-52.347517,-3.426901,-52.347521,BRIDGE
-3.425514,-52.306452,-3.425531,-52.306372,BRIDGE
-3.421480,-52.064069,-3.421556,-52.063940,BRIDGE
-3.418995,-53.079748,-3.419055,-53.079614,BRIDGE
-3.417917,-54.912435,-3.417497,-54.912989,BRIDGE
-3.416531,-51.049283,-3.416596,-51.049233,BRIDGE
-3.416184,-52.077123,-3.416200,-52.077035,BRIDGE
-3.416047,-52.065779,-3.416090,-52.065716,BRIDGE
-3.412004,-52.110764,-3.412003,-52.110867,BRIDGE
-3.411992,-53.125151,-3.411897,-53.125076,BRIDGE
-3.411944,-52.095859,-3.412016,-52.095792,BRIDGE
-3.410176,-53.032924,-3.410026,-53.032988,BRIDGE
-3.407908,-52.291436,-3.407861,-52.291394,BRIDGE
-3.407650,-52.093535,-3.407723,-52.093449,BRIDGE
-3.405627,-52.094567,-3.405569,-52.094521,BRIDGE
-3.405530,-52.096611,-3.405570,-52.096525,BRIDGE
-3.405004,-51.276976,-3.404732,-51.277392,BRIDGE
-3.404526,-51.238106,-3.404514,-51.238186,BRIDGE
-3.403322,-52.998061,-3.403201,-52.998147,BRIDGE
-3.397812,-51.287753,-3.397632,-51.288019,BRIDGE
-3.396673,-48.996038,-3.396531,-48.996127,BRIDGE
-3.395120,-51.046067,-3.395197,-51.046075,BRIDGE
-3.395077,-51.577884,-3.395108,-51.577835,BRIDGE
-3.394109,-52.355716,-3.394028,-52.355738,BRIDGE
-3.393034,-52.718432,-3.392936,-52.718469,BRIDGE
-3.392380,-52.289477,-3.392428,-52.289458,BRIDGE
-3.391453,-51.363751,-3.391380,-51.363663,BRIDGE
-3.389629,-52.515638,-3.389703,-52.515531,BRIDGE
-3.389467,-47.086556,-3.389451,-47.086661,BRIDGE
-3.389013,-52.517840,-3.389094,-52.517842,BRIDGE
-3.388140,-52.692478,-3.388394,-52.693059,BRIDGE
-3.387529,-52.114399,-3.387624,-52.114412,BRIDGE
-3.386726,-52.688815,-3.386787,-52.689001,BRIDGE
-3.385845,-52.668747,-3.385713,-52.668762,BRIDGE
-3.383956,-47.183227,-3.384023,-47.183682,BRIDGE
-3.383899,-52.952468,-3.384081,-52.952420,BRIDGE
-3.383458,-48.523664,-3.383370,-48.523663,BRIDGE
-3.382933,-52.723289,-3.383019,-52.723262,BRIDGE
-3.382870,-52.577161,-3.382977,-52.577129,BRIDGE
-3.382793,-51.568528,-3.382829,-51.568574,BRIDGE
-3.381237,-52.577509,-3.381395,-52.577485,BRIDGE
-3.379925,-51.537250,-3.379946,-51.537373,BRIDGE
-3.376918,-48.357928,-3.376920,-48.358086,BRIDGE
-3.368327,-51.531843,-3.368415,-51.531837,BRIDGE
-3.368088,-52.099659,-3.367930,-52.099632,BRIDGE
-3.367980,-52.580823,-3.368125,-52.580786,BRIDGE
-3.361789,-51.486869,-3.361815,-51.486947,BRIDGE
-3.361623,-51.335388,-3.361419,-51.335605,BRIDGE
-3.360699,-52.125142,-3.360790,-52.125096,BRIDGE
-3.359611,-52.288401,-3.359725,-52.288472,BRIDGE
-3.359016,-47.255475,-3.358446,-47.255456,BRIDGE
-3.358000,-52.917315,-3.358087,-52.917320,BRIDGE
-3.357466,-51.363570,-3.357363,-51.363576,BRIDGE
-3.357433,-52.474284,-3.357512,-52.474264,BRIDGE
-3.356646,-52.473935,-3.356720,-52.473968,BRIDGE
-3.356630,-51.272244,-3.356429,-51.272406,BRIDGE
-3.354470,-50.151590,-3.354577,-50.153189,BRIDGE
-3.353626,-51.546588,-3.353663,-51.546471,BRIDGE
-3.352478,-52.473922,-3.352529,-52.473894,BRIDGE
-3.352063,-52.584357,-3.352113,-52.584283,BRIDGE
-3.351034,-52.439489,-3.351184,-52.439436,BRIDGE
-3.350981,-52.367224,-3.350901,-52.367240,BRIDGE
-3.350769,-51.555478,-3.350797,-51.555430,BRIDGE
-3.350351,-50.997162,-3.350094,-50.997199,BRIDGE
-3.350316,-52.953983,-3.350280,-52.953830,BRIDGE
-3.346804,-47.231346,-3.346833,-47.231475,BRIDGE
-3.345528,-51.478882,-3.345605,-51.478857,BRIDGE
-3.345121,-51.272588,-3.345350,-51.272781,BRIDGE
-3.343464,-49.792252,-3.343311,-49.792108,BRIDGE
-3.342397,-50.124313,-3.342287,-50.124171,BRIDGE
-3.339293,-52.563390,-3.339352,-52.563330,BRIDGE
-3.336164,-52.966800,-3.336198,-52.966309,BRIDGE
-3.335022,-46.873246,-3.335125,-46.872941,BRIDGE
-3.334784,-52.480181,-3.334841,-52.480119,BRIDGE
-3.334391,-52.519327,-3.334362,-52.519368,BRIDGE
-3.334262,-52.113204,-3.334226,-52.113259,BRIDGE
-3.333367,-53.140309,-3.333181,-53.140302,BRIDGE
-3.332524,-53.014147,-3.332488,-53.014290,BRIDGE
-3.328605,-55.997587,-3.328494,-55.997528,BRIDGE
-3.322528,-51.379940,-3.322363,-51.380225,BRIDGE
-3.321572,-52.972846,-3.321686,-52.972787,BRIDGE
-3.321018,-51.363224,-3.321210,-51.363263,BRIDGE
-3.320192,-52.568186,-3.320262,-52.568297,BRIDGE
-3.319784,-52.483836,-3.319873,-52.483819,BRIDGE
-3.319531,-52.409258,-3.319611,-52.409240,BRIDGE
-3.319202,-49.768462,-3.318920,-49.768166,BRIDGE
-3.317668,-52.447454,-3.317689,-52.447374,BRIDGE
-3.317185,-51.454040,-3.317277,-51.454039,BRIDGE
-3.314875,-51.408491,-3.314795,-51.408501,BRIDGE
-3.310476,-47.266365,-3.310328,-47.266406,BRIDGE
-3.310218,-52.411485,-3.310275,-52.411416,BRIDGE
-3.309788,-52.448989,-3.309868,-52.448971,BRIDGE
-3.304456,-52.512756,-3.304750,-52.513291,BRIDGE
-3.302870,-51.563134,-3.302951,-51.563125,BRIDGE
-3.302145,-51.524524,-3.302217,-51.524551,BRIDGE
-3.300366,-52.499133,-3.300444,-52.499113,BRIDGE
-3.299885,-52.337531,-3.299810,-52.337500,BRIDGE
-3.299625,-51.319403,-3.299554,-51.319443,BRIDGE
-3.297711,-51.898215,-3.298846,-51.895329,BRIDGE
-3.297535,-51.018937,-3.297378,-51.018660,BRIDGE
-3.297172,-52.414059,-3.297349,-52.414015,BRIDGE
-3.296056,-52.541944,-3.295977,-52.541965,BRIDGE
-3.294609,-52.587811,-3.294634,-52.587679,BRIDGE
-3.293877,-52.452346,-3.293959,-52.452340,BRIDGE
-3.293318,-54.814746,-3.293310,-54.814287,BRIDGE
-3.292431,-52.331696,-3.292371,-52.331640,BRIDGE
-3.290060,-52.378666,-3.290015,-52.378678,BRIDGE
-3.284133,-52.330307,-3.284066,-52.330231,BRIDGE
-3.282526,-52.330042,-3.282476,-52.329955,BRIDGE
-3.280671,-52.268167,-3.280710,-52.268074,BRIDGE
-3.280199,-51.318191,-3.279958,-51.318223,BRIDGE
-3.279798,-52.518800,-3.279733,-52.518709,BRIDGE
-3.277414,-52.254250,-3.277398,-52.254170,BRIDGE
-3.275527,-52.322799,-3.275474,-52.322728,BRIDGE
-3.274057,-52.382416,-3.274002,-52.382479,BRIDGE
-3.272631,-52.143334,-3.272788,-52.143256,BRIDGE
-3.264225,-51.502134,-3.264301,-51.502160,BRIDGE
-3.260833,-51.542124,-3.260964,-51.542083,BRIDGE
-3.257857,-53.112054,-3.258042,-53.111996,BRIDGE
-3.255457,-53.517850,-3.255075,-53.517461,BRIDGE
-3.253071,-52.498164,-3.252987,-52.498184,BRIDGE
-3.250729,-52.423230,-3.250646,-52.423227,BRIDGE
-3.248990,-52.464623,-3.249061,-52.464585,BRIDGE
-3.247768,-53.052349,-3.247651,-53.052367,BRIDGE
-3.246691,-51.503351,-3.246761,-51.503332,BRIDGE
-3.244296,-52.357379,-3.244203,-52.357407,BRIDGE
-3.244017,-52.232349,-3.244010,-52.232268,BRIDGE
-3.241766,-52.000180,-3.241820,-52.000228,BRIDGE
-3.241265,-52.338853,-3.241341,-52.338825,BRIDGE
-3.241045,-51.544032,-3.241097,-51.544056,BRIDGE
-3.238237,-52.047610,-3.238362,-52.047620,BRIDGE
-3.236376,-52.236731,-3.237156,-52.237123,BRIDGE
-3.232622,-52.015361,-3.232542,-52.015326,BRIDGE
-3.229835,-52.000176,-3.229916,-52.000163,BRIDGE
-3.227111,-52.430886,-3.227026,-52.430907,BRIDGE
-3.225978,-52.029900,-3.225967,-52.029976,BRIDGE
-3.221022,-52.394838,-3.220937,-52.394863,BRIDGE
-3.219784,-52.012088,-3.219698,-52.012093,BRIDGE
-3.215641,-51.933399,-3.215860,-51.933398,BRIDGE
-3.211849,-52.397176,-3.211772,-52.397202,BRIDGE
-3.210599,-52.213111,-3.210638,-52.213054,TUNNEL
-3.210518,-52.012899,-3.210601,-52.012892,BRIDGE
-3.206617,-52.217700,-3.206797,-52.217835,TUNNEL
-3.206526,-52.217801,-3.206720,-52.217941,TUNNEL
-3.205014,-49.040823,-3.205561,-49.039868,BRIDGE
-3.203976,-52.228501,-3.203989,-52.228432,BRIDGE
-3.202708,-52.013723,-3.202826,-52.013712,BRIDGE
-3.202669,-52.222866,-3.202739,-52.222760,BRIDGE
-3.202052,-51.656755,-3.202198,-51.656804,BRIDGE
-3.201851,-52.372789,-3.201895,-52.372859,BRIDGE
-3.201779,-52.203651,-3.201508,-52.203275,BRIDGE
-3.201471,-52.216006,-3.200684,-52.216151,BRIDGE
-3.201439,-52.203321,-3.201705,-52.203710,BRIDGE
-3.201049,-52.209350,-3.200398,-52.209472,BRIDGE
-3.200813,-52.399948,-3.200716,-52.399931,BRIDGE
-3.200649,-52.195300,-3.200738,-52.194923,BRIDGE
-3.200412,-52.209549,-3.201063,-52.209432,BRIDGE
-3.200042,-52.237198,-3.200471,-52.237337,BRIDGE
-3.199053,-52.437358,-3.198947,-52.437451,BRIDGE
-3.197008,-52.205179,-3.197128,-52.205168,BRIDGE
-3.195916,-52.401451,-3.195839,-52.401492,BRIDGE
-3.194996,-52.196368,-3.194331,-52.195829,BRIDGE
-3.194276,-52.195902,-3.194931,-52.196434,BRIDGE
-3.192751,-52.402417,-3.192668,-52.402445,BRIDGE
-3.190954,-52.208787,-3.190812,-52.208826,BRIDGE
-3.190118,-52.240210,-3.189855,-52.240365,BRIDGE
-3.189820,-52.403339,-3.189739,-52.403359,BRIDGE
-3.189300,-52.371026,-3.189335,-52.370954,BRIDGE
-3.189224,-52.204935,-3.189141,-52.204960,BRIDGE
-3.188119,-52.438653,-3.188034,-52.438668,BRIDGE
-3.186460,-52.199088,-3.186611,-52.199572,BRIDGE
-3.185731,-52.222164,-3.185652,-52.222050,BRIDGE
-3.185126,-52.194969,-3.185185,-52.195150,BRIDGE
-3.184304,-51.543914,-3.184388,-51.543916,BRIDGE
-3.179205,-51.453610,-3.179131,-51.453577,BRIDGE
-3.178525,-52.183692,-3.178636,-52.183755,TUNNEL
-3.178497,-52.183738,-3.178610,-52.183801,TUNNEL
-3.178471,-52.183784,-3.178582,-52.183849,TUNNEL
-3.178439,-52.183839,-3.178551,-52.183901,TUNNEL
-3.178227,-52.407361,-3.178141,-52.407390,BRIDGE
-3.178034,-52.189217,-3.178234,-52.188944,BRIDGE
-3.175818,-54.782707,-3.175649,-54.782741,BRIDGE
-3.174591,-52.209520,-3.174536,-52.209513,BRIDGE
-3.172622,-52.428025,-3.172601,-52.427943,BRIDGE
-3.172053,-52.187043,-3.172186,-52.186917,BRIDGE
-3.169888,-52.107251,-3.169854,-52.107232,TUNNEL
-3.168500,-52.333869,-3.168466,-52.333801,BRIDGE
-3.161494,-52.339778,-3.161450,-52.339794,BRIDGE
-3.155260,-53.052625,-3.155312,-53.052457,BRIDGE
-3.154527,-52.414542,-3.154394,-52.414460,BRIDGE
-3.153090,-55.268969,-3.151352,-55.266686,BRIDGE
-3.152652,-52.261611,-3.152577,-52.261513,BRIDGE
-3.152568,-52.184810,-3.152502,-52.184857,BRIDGE
-3.150780,-52.224920,-3.150948,-52.224922,BRIDGE
-3.148326,-52.416564,-3.148185,-52.416616,BRIDGE
-3.147010,-52.357024,-3.147050,-52.357093,BRIDGE
-3.146212,-52.167093,-3.146221,-52.167209,BRIDGE
-3.144857,-51.431920,-3.144811,-51.431871,BRIDGE
-3.144723,-52.265497,-3.144760,-52.265627,BRIDGE
-3.141742,-51.861160,-3.141718,-51.861082,BRIDGE
-3.137607,-52.419513,-3.137490,-52.419537,BRIDGE
-3.134979,-51.589839,-3.135053,-51.589783,BRIDGE
-3.134973,-51.591782,-3.134828,-51.591921,BRIDGE
-3.133759,-51.941764,-3.133884,-51.941984,BRIDGE
-3.131513,-54.970932,-3.131442,-54.971024,BRIDGE
-3.131268,-51.593591,-3.131187,-51.593591,BRIDGE
-3.130295,-51.592797,-3.130229,-51.592844,BRIDGE
-3.129998,-52.237710,-3.129918,-52.237721,BRIDGE
-3.129212,-52.057861,-3.129278,-52.057909,BRIDGE
-3.127007,-52.365187,-3.126688,-52.365414,BRIDGE
-3.126120,-51.750199,-3.126172,-51.750515,BRIDGE
-3.123748,-52.006331,-3.123703,-52.006239,BRIDGE
-3.123195,-52.256589,-3.123264,-52.256631,BRIDGE
-3.121752,-51.773813,-3.123476,-51.779086,BRIDGE
-3.121092,-52.265445,-3.121005,-52.265390,BRIDGE
-3.118975,-52.219901,-3.118927,-52.219969,BRIDGE
-3.118241,-51.816463,-3.118257,-51.816798,BRIDGE
-3.116586,-52.013613,-3.116496,-52.013579,BRIDGE
-3.116354,-52.199470,-3.116432,-52.199227,BRIDGE
-3.116325,-52.236649,-3.116261,-52.236552,BRIDGE
-3.115330,-53.870267,-3.115049,-53.870531,BRIDGE
-3.114594,-52.164282,-3.114559,-52.164225,BRIDGE
-3.114077,-52.430149,-3.113999,-52.430169,BRIDGE
-3.113838,-52.229089,-3.113844,-52.228996,BRIDGE
-3.112417,-52.252018,-3.112356,-52.252062,BRIDGE
-3.110781,-52.431032,-3.110694,-52.431036,BRIDGE
-3.110592,-52.197527,-3.110617,-52.197605,BRIDGE
-3.108726,-51.635308,-3.108545,-51.635804,BRIDGE
-3.108176,-52.291601,-3.108172,-52.291686,BRIDGE
-3.106217,-52.432021,-3.106196,-52.432142,BRIDGE
-3.105711,-51.634004,-3.105570,-51.634012,BRIDGE
-3.105529,-51.641362,-3.105425,-51.641592,BRIDGE
-3.104363,-51.645316,-3.104497,-51.646204,BRIDGE
-3.100005,-52.256759,-3.099829,-52.256772,BRIDGE
-3.099209,-52.179330,-3.099168,-52.179262,BRIDGE
-3.096965,-52.077762,-3.096997,-52.077683,BRIDGE
-3.090933,-47.115645,-3.090949,-47.115834,BRIDGE
-3.089744,-52.436214,-3.089664,-52.436246,BRIDGE
-3.088809,-52.879752,-3.088880,-52.879397,BRIDGE
-3.086266,-51.634413,-3.086185,-51.634422,BRIDGE
-3.082092,-51.702835,-3.081741,-51.702985,BRIDGE
-3.081971,-47.665517,-3.082445,-47.665715,BRIDGE
-3.080109,-49.445371,-3.080056,-49.445055,BRIDGE
-3.078311,-51.887508,-3.078137,-51.887536,BRIDGE
-3.078099,-48.629255,-3.078298,-48.629115,BRIDGE
-3.077478,-47.425775,-3.077468,-47.425644,BRIDGE
-3.074862,-48.686378,-3.075143,-48.685953,BRIDGE
-3.067630,-52.043775,-3.067711,-52.043774,BRIDGE
-3.064828,-52.947112,-3.064705,-52.946715,BRIDGE
-3.056841,-47.415713,-3.056873,-47.415533,BRIDGE
-3.052585,-51.612369,-3.052667,-51.612378,BRIDGE
-3.049088,-51.987472,-3.049078,-51.987406,BRIDGE
-3.048109,-49.798067,-3.047801,-49.798058,BRIDGE
-3.042762,-47.408140,-3.042786,-47.408260,BRIDGE
-3.042189,-52.192087,-3.042145,-52.192156,BRIDGE
-3.037269,-48.371065,-3.037431,-48.371091,BRIDGE
-3.035289,-47.404283,-3.035173,-47.404452,BRIDGE
-3.033355,-52.296428,-3.033430,-52.296362,BRIDGE
-3.033096,-47.397269,-3.033142,-47.397328,BRIDGE
-3.032059,-51.886378,-3.032008,-51.886314,BRIDGE
-3.025750,-48.855429,-3.025732,-48.855311,BRIDGE
-3.023980,-51.406088,-3.023842,-51.406240,BRIDGE
-3.022565,-52.197611,-3.022485,-52.197580,BRIDGE
-3.020668,-47.338580,-3.020553,-47.338470,BRIDGE
-3.018225,-47.335143,-3.018052,-47.334905,BRIDGE
-3.013740,-52.049328,-3.013818,-52.049304,BRIDGE
-3.010973,-51.886128,-3.010833,-51.886183,BRIDGE
-3.009813,-47.340040,-3.009627,-47.339796,BRIDGE
-3.007965,-51.886570,-3.007752,-51.886559,BRIDGE
-3.006956,-47.374308,-3.006810,-47.374084,BRIDGE
-3.005839,-47.342294,-3.006044,-47.342542,BRIDGE
-3.004730,-47.349260,-3.004693,-47.349362,BRIDGE
-3.002740,-49.066879,-3.002770,-49.065992,BRIDGE
-3.001229,-47.344824,-3.001065,-47.344970,BRIDGE
-2.998632,-47.371734,-2.998923,-47.371573,BRIDGE
-2.998020,-55.962791,-2.998309,-55.961472,BRIDGE
-2.995997,-47.350426,-2.996048,-47.350384,BRIDGE
-2.994565,-47.349567,-2.994437,-47.349437,BRIDGE
-2.993397,-52.251069,-2.993370,-52.251241,BRIDGE
-2.992510,-47.350138,-2.992670,-47.350323,BRIDGE
-2.992062,-47.366185,-2.992145,-47.365892,BRIDGE
-2.992049,-47.365875,-2.991966,-47.366174,BRIDGE
-2.988755,-47.351277,-2.988832,-47.351369,BRIDGE
-2.988709,-51.967897,-2.988780,-51.967935,BRIDGE
-2.985496,-47.351760,-2.985521,-47.351654,BRIDGE
-2.983892,-51.971075,-2.983809,-51.971352,BRIDGE
-2.982332,-47.360779,-2.982605,-47.360547,BRIDGE
-2.981060,-47.352778,-2.981088,-47.352916,BRIDGE
-2.980814,-51.589766,-2.980819,-51.589685,BRIDGE
-2.979917,-51.965732,-2.979889,-51.965654,BRIDGE
-2.979812,-47.454029,-2.979319,-47.453910,BRIDGE
-2.979573,-47.352657,-2.979662,-47.352748,BRIDGE
-2.979101,-48.980245,-2.979084,-48.980484,BRIDGE
-2.977689,-47.352758,-2.977614,-47.352667,BRIDGE
-2.977473,-47.786749,-2.977653,-47.786921,BRIDGE
-2.977151,-51.415589,-2.977140,-51.415703,BRIDGE
-2.976896,-51.959277,-2.976854,-51.959218,BRIDGE
-2.976743,-47.356356,-2.976558,-47.356532,BRIDGE
-2.974540,-52.002220,-2.974375,-52.002216,BRIDGE
-2.973004,-47.590781,-2.973027,-47.590536,BRIDGE
-2.972517,-51.956948,-2.972456,-51.956891,BRIDGE
-2.972343,-51.918549,-2.972428,-51.918568,BRIDGE
-2.971809,-52.024376,-2.971880,-52.024415,BRIDGE
-2.970628,-49.335636,-2.970481,-49.335292,BRIDGE
-2.969388,-47.622291,-2.969503,-47.621975,BRIDGE
-2.967138,-48.380828,-2.967403,-48.380764,BRIDGE
-2.965969,-51.909625,-2.965863,-51.909736,BRIDGE
-2.963658,-48.880166,-2.963700,-48.880353,BRIDGE
-2.959434,-48.982616,-2.959437,-48.982788,BRIDGE
-2.957385,-51.402503,-2.957521,-51.402638,BRIDGE
-2.955405,-51.945292,-2.955725,-51.945028,BRIDGE
-2.950378,-52.452360,-2.950399,-52.452443,BRIDGE
-2.948908,-48.953707,-2.949152,-48.953612,BRIDGE
-2.948470,-51.565697,-2.948434,-51.565624,BRIDGE
-2.947813,-47.389473,-2.947988,-47.389330,BRIDGE
-2.945599,-48.640777,-2.945264,-48.639849,BRIDGE
-2.943384,-48.993702,-2.943384,-48.993906,BRIDGE
-2.939761,-54.873494,-2.939739,-54.873604,BRIDGE
-2.938227,-47.089465,-2.938688,-47.089819,BRIDGE
-2.933972,-48.907405,-2.933931,-48.907315,BRIDGE
-2.933664,-47.914240,-2.933546,-47.914199,BRIDGE
-2.931819,-52.460812,-2.931890,-52.460854,BRIDGE
-2.929033,-47.052564,-2.928677,-47.052920,BRIDGE
-2.928241,-51.765968,-2.928346,-51.765933,BRIDGE
-2.927322,-48.993165,-2.927318,-48.993309,BRIDGE
-2.927011,-47.271437,-2.926875,-47.271471,BRIDGE
-2.925627,-47.204433,-2.925895,-47.204536,BRIDGE
-2.924264,-47.989193,-2.924370,-47.989090,BRIDGE
-2.922356,-52.018964,-2.922405,-52.018898,BRIDGE
-2.919980,-47.894699,-2.919889,-47.894749,BRIDGE
-2.918434,-52.230604,-2.918213,-52.230730,BRIDGE
-2.914097,-54.783760,-2.914146,-54.783950,BRIDGE
-2.913736,-47.895478,-2.914032,-47.895478,BRIDGE
-2.911555,-49.079635,-2.911534,-49.078374,BRIDGE
-2.911475,-49.001365,-2.911447,-49.001573,BRIDGE
-2.909696,-54.353649,-2.909768,-54.353698,BRIDGE
-2.909478,-54.256468,-2.909287,-54.256209,BRIDGE
-2.906468,-48.762653,-2.906368,-48.762654,BRIDGE
-2.905946,-48.075390,-2.905858,-48.075458,BRIDGE
-2.901763,-48.821514,-2.901640,-48.821484,BRIDGE
-2.899185,-49.444867,-2.898932,-49.445245,BRIDGE
-2.898853,-51.712019,-2.898283,-51.712421,BRIDGE
-2.897787,-52.018870,-2.897783,-52.018674,BRIDGE
-2.897081,-51.753077,-2.897164,-51.753159,BRIDGE
-2.892509,-52.020071,-2.892428,-52.019863,BRIDGE
-2.887715,-51.741615,-2.887785,-51.741721,BRIDGE
-2.887262,-52.218969,-2.886985,-52.218987,BRIDGE
-2.885434,-52.009165,-2.885407,-52.009092,BRIDGE
-2.885093,-49.004495,-2.885151,-49.004195,BRIDGE
-2.884560,-51.737722,-2.884612,-51.737784,BRIDGE
-2.884557,-48.029898,-2.884675,-48.029776,BRIDGE
-2.883468,-52.025722,-2.882843,-52.025292,BRIDGE
-2.883202,-54.754989,-2.883352,-54.754729,BRIDGE
-2.877996,-51.731594,-2.877905,-51.731708,BRIDGE
-2.877245,-52.172377,-2.877351,-52.172545,BRIDGE
-2.876047,-48.934223,-2.876085,-48.934166,BRIDGE
-2.875787,-48.131563,-2.875810,-48.131410,BRIDGE
-2.871707,-48.834401,-2.871706,-48.834516,BRIDGE
-2.869753,-48.157999,-2.869892,-48.157448,BRIDGE
-2.868934,-51.705790,-2.868866,-51.705837,BRIDGE
-2.865994,-48.964745,-2.866316,-48.964761,BRIDGE
-2.864565,-47.514067,-2.864649,-47.514097,BRIDGE
-2.862186,-47.547986,-2.862189,-47.548124,BRIDGE
-2.860786,-48.245179,-2.860882,-48.245303,BRIDGE
-2.852514,-47.547081,-2.852464,-47.547056,BRIDGE
-2.844104,-54.284947,-2.844409,-54.285179,BRIDGE
-2.842487,-48.250288,-2.842567,-48.250117,BRIDGE
-2.840592,-47.567156,-2.840462,-47.567170,BRIDGE
-2.838270,-52.116613,-2.838285,-52.116693,BRIDGE
-2.825456,-47.584574,-2.825216,-47.584516,BRIDGE
-2.819194,-54.299994,-2.819559,-54.299963,BRIDGE
-2.812539,-54.298358,-2.812244,-54.298901,BRIDGE
-2.812234,-54.294261,-2.812743,-54.294634,BRIDGE
-2.803390,-49.379606,-2.803093,-49.379666,BRIDGE
-2.796262,-54.296613,-2.795850,-54.297016,BRIDGE
-2.783443,-48.352321,-2.783894,-48.352311,BRIDGE
-2.772078,-46.802392,-2.772411,-46.802493,BRIDGE
-2.764544,-54.718097,-2.764450,-54.717791,BRIDGE
-2.756274,-53.409958,-2.756324,-53.409779,BRIDGE
-2.723943,-48.854566,-2.724361,-48.854762,BRIDGE
-2.722282,-56.294245,-2.722558,-56.294309,BRIDGE
-2.717037,-54.558151,-2.717087,-54.558693,BRIDGE
-2.703117,-48.816751,-2.703634,-48.816675,BRIDGE
-2.701747,-54.683434,-2.701419,-54.683783,BRIDGE
-2.686576,-54.643629,-2.686727,-54.643580,BRIDGE
-2.684456,-54.605468,-2.684708,-54.605436,BRIDGE
-2.675145,-48.586132,-2.675444,-48.586647,BRIDGE
-2.674598,-54.584054,-2.674832,-54.583908,BRIDGE
-2.673318,-48.566043,-2.673302,-48.565897,BRIDGE
-2.660744,-51.621269,-2.660333,-51.621299,BRIDGE
-2.655499,-48.368132,-2.655500,-48.368211,BRIDGE
-2.650022,-46.913652,-2.650145,-46.913654,BRIDGE
-2.645692,-55.737909,-2.646002,-55.738125,BRIDGE
-2.616743,-48.134194,-2.616733,-48.134273,BRIDGE
-2.616338,-54.693947,-2.616559,-54.693554,BRIDGE
-2.616128,-51.869949,-2.615982,-51.870210,BRIDGE
-2.608150,-46.948439,-2.608211,-46.948502,BRIDGE
-2.604816,-46.949060,-2.604830,-46.949124,BRIDGE
-2.591168,-49.509664,-2.590831,-49.509597,BRIDGE
-2.590177,-48.348498,-2.589695,-48.348576,BRIDGE
-2.589703,-48.348636,-2.590191,-48.348558,BRIDGE
-2.589085,-46.956900,-2.589076,-46.956831,BRIDGE
-2.587128,-46.887484,-2.587276,-46.887406,BRIDGE
-2.584194,-48.651731,-2.583770,-48.651520,BRIDGE
-2.572820,-46.941112,-2.572861,-46.941183,BRIDGE
-2.564767,-48.398440,-2.564916,-48.398457,BRIDGE
-2.564382,-48.274695,-2.564687,-48.275194,BRIDGE
-2.561637,-47.576817,-2.561717,-47.576863,BRIDGE
-2.554143,-47.494794,-2.553848,-47.494845,BRIDGE
-2.550086,-48.225627,-2.549906,-48.225906,BRIDGE
-2.546416,-47.079927,-2.546449,-47.080003,BRIDGE
-2.544945,-47.573582,-2.544971,-47.573248,BRIDGE
-2.544744,-48.270080,-2.544935,-48.270210,BRIDGE
-2.544547,-48.701730,-2.545335,-48.701322,BRIDGE
-2.540513,-47.048884,-2.540540,-47.048742,BRIDGE
-2.539432,-47.069280,-2.539513,-47.069285,BRIDGE
-2.534245,-46.953015,-2.534293,-46.952950,BRIDGE
-2.532911,-46.953407,-2.532829,-46.953414,BRIDGE
-2.532375,-46.955247,-2.532452,-46.955272,BRIDGE
-2.531462,-46.956949,-2.531538,-46.956975,BRIDGE
-2.530961,-51.783819,-2.530796,-51.783914,BRIDGE
-2.530671,-46.958074,-2.530747,-46.958100,BRIDGE
-2.530514,-46.958701,-2.530591,-46.958727,BRIDGE
-2.530204,-46.960118,-2.530258,-46.960110,BRIDGE
-2.517181,-47.035198,-2.517257,-47.035229,BRIDGE
-2.514729,-47.038656,-2.514722,-47.038755,BRIDGE
-2.501219,-48.281563,-2.501107,-48.281726,BRIDGE
-2.497876,-47.034187,-2.497744,-47.034191,BRIDGE
-2.496787,-47.008994,-2.496708,-47.009011,BRIDGE
-2.495479,-54.668436,-2.495232,-54.667435,BRIDGE
-2.493496,-48.335920,-2.493305,-48.335656,BRIDGE
-2.492535,-47.583726,-2.492876,-47.583708,BRIDGE
-2.487759,-47.170128,-2.488189,-47.170168,BRIDGE
-2.485720,-47.062023,-2.485830,-47.061968,BRIDGE
-2.485711,-46.998706,-2.485836,-46.998612,BRIDGE
-2.483093,-54.697852,-2.483142,-54.697926,BRIDGE
-2.478251,-48.013285,-2.478147,-48.013080,BRIDGE
-2.476924,-47.000297,-2.476951,-47.000387,BRIDGE
-2.472490,-54.782026,-2.472445,-54.781988,BRIDGE
-2.463941,-46.986753,-2.464024,-46.986745,BRIDGE
-2.457859,-54.698150,-2.457934,-54.698119,BRIDGE
-2.454332,-54.786782,-2.454385,-54.786846,BRIDGE
-2.452678,-48.076317,-2.452769,-48.076260,BRIDGE
-2.452402,-54.695210,-2.452323,-54.695233,BRIDGE
-2.452382,-54.695357,-2.452462,-54.695330,BRIDGE
-2.448021,-54.691167,-2.448059,-54.691095,BRIDGE
-2.444697,-54.788931,-2.444518,-54.789268,BRIDGE
-2.443815,-54.690320,-2.443836,-54.690242,BRIDGE
-2.443474,-54.730621,-2.442934,-54.730678,TUNNEL
-2.442296,-46.986588,-2.442377,-46.986589,BRIDGE
-2.441982,-48.784963,-2.442075,-48.784876,BRIDGE
-2.441572,-54.736077,-2.441513,-54.735932,BRIDGE
-2.441488,-47.009463,-2.441568,-47.009478,BRIDGE
-2.441401,-54.735972,-2.441462,-54.736121,BRIDGE
-2.440968,-54.708946,-2.440894,-54.708962,TUNNEL
-2.440312,-54.732418,-2.440074,-54.731920,BRIDGE
-2.439961,-54.731982,-2.440213,-54.732479,BRIDGE
-2.439830,-47.140639,-2.439971,-47.140527,BRIDGE
-2.439384,-54.687739,-2.439415,-54.687682,BRIDGE
-2.437312,-48.839998,-2.437379,-48.839871,BRIDGE
-2.437060,-49.729677,-2.436630,-49.728579,BRIDGE
-2.436467,-46.980938,-2.436425,-46.980991,BRIDGE
-2.436120,-47.970069,-2.435996,-47.969950,BRIDGE
-2.430382,-48.738751,-2.430760,-48.738814,BRIDGE
-2.429134,-46.946461,-2.429215,-46.946470,BRIDGE
-2.423181,-54.781679,-2.423196,-54.781695,BRIDGE
-2.422331,-48.156281,-2.421499,-48.156177,BRIDGE
-2.421551,-46.902687,-2.421930,-46.902511,BRIDGE
-2.420174,-46.864964,-2.420372,-46.864857,BRIDGE
-2.416486,-48.145090,-2.416120,-48.144249,BRIDGE
-2.416076,-48.112244,-2.415914,-48.112296,BRIDGE
-2.415951,-48.691763,-2.414475,-48.688687,BRIDGE
-2.414177,-48.091870,-2.414304,-48.091847,BRIDGE
-2.413187,-48.253536,-2.413162,-48.253422,BRIDGE
-2.395825,-47.004141,-2.395892,-47.004133,BRIDGE
-2.393832,-48.228434,-2.393766,-48.228524,BRIDGE
-2.392883,-48.925703,-2.393115,-48.925811,BRIDGE
-2.388703,-48.213902,-2.388661,-48.213977,BRIDGE
-2.387657,-48.355394,-2.387521,-48.355962,BRIDGE
-2.377093,-48.087596,-2.377161,-48.087724,BRIDGE
-2.375786,-47.005891,-2.375889,-47.005998,BRIDGE
-2.373418,-49.925052,-2.373873,-49.925686,BRIDGE
-2.365028,-48.069087,-2.364875,-48.069043,BRIDGE
-2.363013,-47.074651,-2.363034,-47.074562,BRIDGE
-2.361612,-47.063710,-2.361727,-47.063542,BRIDGE
-2.359669,-47.071398,-2.359635,-47.071504,BRIDGE
-2.358184,-47.066926,-2.358322,-47.066848,BRIDGE
-2.357578,-47.061907,-2.357712,-47.061948,BRIDGE
-2.356466,-48.123651,-2.356333,-48.123583,BRIDGE
-2.349425,-47.008730,-2.349485,-47.008859,BRIDGE
-2.342243,-47.056254,-2.342207,-47.056436,BRIDGE
-2.341443,-46.964726,-2.341586,-46.964648,BRIDGE
-2.340071,-48.339765,-2.339949,-48.340304,BRIDGE
-2.335972,-47.051625,-2.336002,-47.051737,BRIDGE
-2.333503,-48.380404,-2.333331,-48.380731,BRIDGE
-2.329180,-47.504358,-2.329264,-47.504407,BRIDGE
-2.323600,-48.107697,-2.323321,-48.107566,BRIDGE
-2.322888,-47.507938,-2.322853,-47.508036,BRIDGE
-2.322495,-48.931667,-2.322460,-48.931204,BRIDGE
-2.318566,-46.949361,-2.318654,-46.949259,BRIDGE
-2.317870,-48.109025,-2.317847,-48.109150,BRIDGE
-2.315629,-46.999350,-2.315719,-46.999416,BRIDGE
-2.313499,-46.817201,-2.313604,-46.817062,BRIDGE
-2.309811,-49.317128,-2.309695,-49.317406,BRIDGE
-2.307964,-48.142468,-2.308092,-48.142622,BRIDGE
-2.307621,-46.911143,-2.307682,-46.911089,BRIDGE
-2.302195,-49.723112,-2.301984,-49.722699,BRIDGE
-2.300034,-46.991019,-2.300122,-46.990930,BRIDGE
-2.299643,-48.860344,-2.299594,-48.860171,BRIDGE
-2.299005,-46.991621,-2.299160,-46.991572,BRIDGE
-2.298696,-47.056748,-2.298814,-47.056767,BRIDGE
-2.297852,-48.287200,-2.297000,-48.287568,BRIDGE
-2.295425,-49.710384,-2.295348,-49.710223,BRIDGE
-2.294544,-46.979233,-2.294610,-46.979343,BRIDGE
-2.293645,-46.869666,-2.293690,-46.869546,BRIDGE
-2.293279,-46.840516,-2.293342,-46.840439,BRIDGE
-2.287671,-47.563659,-2.287337,-47.563653,BRIDGE
-2.281942,-46.960396,-2.281969,-46.960302,BRIDGE
-2.274897,-46.968037,-2.275158,-46.968034,BRIDGE
-2.268667,-47.025953,-2.268700,-47.026030,BRIDGE
-2.268546,-46.964344,-2.268634,-46.964439,BRIDGE
-2.266910,-46.965516,-2.266850,-46.965454,BRIDGE
-2.259394,-49.611310,-2.259461,-49.610757,BRIDGE
-2.258918,-46.993978,-2.258984,-46.994027,BRIDGE
-2.254791,-46.994346,-2.254776,-46.994426,BRIDGE
-2.252738,-47.036517,-2.252665,-47.036476,BRIDGE
-2.249534,-46.965309,-2.249535,-46.965235,BRIDGE
-2.244309,-48.780658,-2.244341,-48.780583,BRIDGE
-2.240630,-47.044687,-2.240734,-47.044763,BRIDGE
-2.238095,-56.074208,-2.238357,-56.074318,BRIDGE
-2.236834,-47.676319,-2.236692,-47.676161,BRIDGE
-2.226553,-47.001925,-2.226608,-47.002023,BRIDGE
-2.225351,-48.069129,-2.225325,-48.069197,BRIDGE
-2.223694,-48.779051,-2.223678,-48.778971,BRIDGE
-2.212699,-48.053664,-2.212612,-48.053588,BRIDGE
-2.209056,-53.618474,-2.209014,-53.618665,BRIDGE
-2.206390,-47.025994,-2.206408,-47.026078,BRIDGE
-2.204232,-53.619987,-2.204099,-53.619967,BRIDGE
-2.201936,-46.972138,-2.202184,-46.972165,BRIDGE
-2.192699,-49.324520,-2.192619,-49.324963,BRIDGE
-2.190102,-48.041467,-2.190024,-48.041417,BRIDGE
-2.184215,-49.476665,-2.184053,-49.476599,BRIDGE
-2.183572,-48.787243,-2.183532,-48.787417,BRIDGE
-2.182310,-46.567743,-2.182198,-46.567686,BRIDGE
-2.173831,-48.070256,-2.173884,-48.070374,BRIDGE
-2.165732,-46.970032,-2.165918,-46.970153,BRIDGE
-2.164438,-47.189499,-2.164301,-47.189133,BRIDGE
-2.163219,-47.002301,-2.163158,-47.002189,BRIDGE
-2.157985,-48.785545,-2.158032,-48.785435,BRIDGE
-2.154644,-46.548396,-2.154571,-46.548327,BRIDGE
-2.148305,-48.021358,-2.148179,-48.021338,BRIDGE
-2.146056,-46.992172,-2.145975,-46.992173,BRIDGE
-2.143424,-46.537001,-2.143455,-46.536911,BRIDGE
-2.140107,-46.972965,-2.140225,-46.972997,BRIDGE
-2.132951,-47.563447,-2.132995,-47.563220,BRIDGE
-2.131976,-46.987606,-2.131887,-46.987602,BRIDGE
-2.119971,-49.050955,-2.119048,-49.048110,BRIDGE
-2.119301,-46.984027,-2.119219,-46.984003,BRIDGE
-2.119048,-49.048110,-2.118619,-49.046703,BRIDGE
-2.118619,-49.046703,-2.117725,-49.044193,BRIDGE
-2.109795,-49.019063,-2.109483,-49.018927,BRIDGE
-2.103070,-47.935656,-2.103149,-47.935473,BRIDGE
-2.102720,-48.781777,-2.102838,-48.781258,BRIDGE
-2.101066,-46.987935,-2.101136,-46.987882,BRIDGE
-2.076868,-46.981285,-2.076932,-46.981366,BRIDGE
-2.064633,-46.980381,-2.064877,-46.980488,BRIDGE
-2.059333,-46.678591,-2.059896,-46.678049,BRIDGE
-2.053024,-47.547829,-2.052986,-47.547656,BRIDGE
-2.047806,-47.546673,-2.047839,-47.546602,BRIDGE
-2.046286,-54.206186,-2.046393,-54.206092,BRIDGE
-2.045478,-47.546287,-2.045515,-47.546167,BRIDGE
-2.042553,-47.548467,-2.042415,-47.548405,BRIDGE
-2.037021,-47.636269,-2.036844,-47.636469,BRIDGE
-2.035837,-47.663990,-2.035957,-47.664033,BRIDGE
-2.033915,-54.231787,-2.033751,-54.231735,BRIDGE
-2.027405,-47.751272,-2.027223,-47.754816,BRIDGE
-2.026060,-47.840557,-2.025952,-47.840711,BRIDGE
-2.025315,-54.225408,-2.025371,-54.225379,BRIDGE
-2.024864,-46.905974,-2.024835,-46.906275,BRIDGE
-2.022824,-47.023371,-2.022912,-47.023620,BRIDGE
-2.019958,-46.609535,-2.019839,-46.609630,BRIDGE
-2.014721,-46.562311,-2.014646,-46.562147,BRIDGE
-2.014376,-47.665610,-2.014376,-47.665771,BRIDGE
-2.008526,-47.022922,-2.008347,-47.022948,BRIDGE
-2.006219,-47.020781,-2.006165,-47.020849,BRIDGE
-2.005445,-54.062794,-2.005534,-54.062539,BRIDGE
-1.992761,-47.110443,-1.992838,-47.110484,BRIDGE
-1.990457,-47.972299,-1.990418,-47.972120,BRIDGE
-1.988235,-47.029870,-1.988144,-47.029909,BRIDGE
-1.986152,-48.960130,-1.986180,-48.960054,BRIDGE
-1.985399,-48.960151,-1.985477,-48.959937,BRIDGE
-1.984708,-48.959606,-1.984789,-48.959422,BRIDGE
-1.983967,-48.959068,-1.984046,-48.958918,BRIDGE
-1.982675,-48.975208,-1.978047,-48.971464,BRIDGE
-1.982577,-54.376635,-1.982545,-54.376477,BRIDGE
-1.980462,-48.403298,-1.980426,-48.403208,BRIDGE
-1.969280,-47.917616,-1.969256,-47.917470,BRIDGE
-1.969012,-46.981679,-1.968932,-46.981597,BRIDGE
-1.968785,-48.944255,-1.968994,-48.944678,BRIDGE
-1.963538,-54.368050,-1.963427,-54.368069,BRIDGE
-1.960664,-54.231561,-1.960510,-54.231546,BRIDGE
-1.960602,-47.317371,-1.960499,-47.317107,BRIDGE
-1.958875,-46.428462,-1.958962,-46.428309,BRIDGE
-1.957121,-47.304708,-1.957271,-47.304676,BRIDGE
-1.950531,-47.059716,-1.950481,-47.059733,BRIDGE
-1.948137,-46.537741,-1.948228,-46.537716,BRIDGE
-1.943834,-54.334865,-1.943902,-54.334689,BRIDGE
-1.942532,-50.803868,-1.942686,-50.804224,BRIDGE
-1.941395,-56.475645,-1.941396,-56.475347,BRIDGE
-1.941242,-54.138545,-1.941331,-54.138447,BRIDGE
-1.941007,-54.143919,-1.941110,-54.143661,BRIDGE
-1.940510,-54.320566,-1.940386,-54.319247,BRIDGE
-1.939431,-48.391061,-1.939395,-48.390921,BRIDGE
-1.937360,-47.524090,-1.937167,-47.524089,BRIDGE
-1.933677,-47.045147,-1.933593,-47.045141,BRIDGE
-1.932566,-47.046661,-1.932484,-47.046661,BRIDGE
-1.931982,-46.497338,-1.931949,-46.497507,BRIDGE
-1.930820,-47.056188,-1.930822,-47.055943,BRIDGE
-1.929041,-47.517710,-1.929097,-47.517603,BRIDGE
-1.928736,-46.492515,-1.928804,-46.492502,BRIDGE
-1.928537,-47.344428,-1.928731,-47.344508,BRIDGE
-1.927529,-47.343990,-1.927640,-47.344031,BRIDGE
-1.926387,-54.280269,-1.926323,-54.280349,BRIDGE
-1.924866,-47.433439,-1.924823,-47.433158,BRIDGE
-1.924485,-47.149796,-1.923807,-47.149525,BRIDGE
-1.923404,-48.738394,-1.922996,-48.739081,BRIDGE
-1.921263,-54.296755,-1.921209,-54.296880,BRIDGE
-1.918744,-47.546637,-1.918842,-47.546644,BRIDGE
-1.917032,-47.510092,-1.917174,-47.509889,BRIDGE
-1.914520,-47.070468,-1.914414,-47.070498,BRIDGE
-1.908041,-47.082892,-1.907984,-47.082716,BRIDGE
-1.906076,-46.533682,-1.906033,-46.533771,BRIDGE
-1.904823,-47.369366,-1.904775,-47.369187,BRIDGE
-1.903874,-55.515883,-1.903785,-55.515812,BRIDGE
-1.903647,-55.507396,-1.903595,-55.507283,BRIDGE
-1.899339,-48.419777,-1.899443,-48.419899,BRIDGE
-1.899107,-47.010493,-1.899105,-47.010331,BRIDGE
-1.896794,-48.985684,-1.897244,-48.985293,BRIDGE
-1.893845,-46.548868,-1.893743,-46.548887,BRIDGE
-1.879634,-47.458105,-1.879468,-47.458371,BRIDGE
-1.874997,-48.729742,-1.875007,-48.729319,BRIDGE
-1.873709,-48.764793,-1.879564,-48.759670,BRIDGE
-1.873445,-52.642021,-1.873496,-52.641770,BRIDGE
-1.869257,-48.989923,-1.869420,-48.988995,BRIDGE
-1.867930,-47.013065,-1.867761,-47.012853,BRIDGE
-1.867158,-47.286642,-1.867136,-47.286503,BRIDGE
-1.866546,-47.278233,-1.866343,-47.278239,BRIDGE
-1.866431,-48.998546,-1.866578,-48.998245,BRIDGE
-1.865735,-48.440292,-1.865493,-48.440436,BRIDGE
-1.864352,-46.345105,-1.864407,-46.345172,BRIDGE
-1.858986,-47.051250,-1.858127,-47.051252,BRIDGE
-1.857974,-46.337028,-1.858355,-46.337037,BRIDGE
-1.849090,-47.520725,-1.848923,-47.520654,BRIDGE
-1.848659,-48.411432,-1.848736,-48.411701,BRIDGE
-1.843947,-47.231260,-1.843920,-47.230938,BRIDGE
-1.831630,-46.727686,-1.831467,-46.727597,BRIDGE
-1.827098,-54.102358,-1.826527,-54.102408,BRIDGE
-1.825498,-47.149887,-1.825599,-47.150061,BRIDGE
-1.823689,-47.147338,-1.823794,-47.147034,BRIDGE
-1.817764,-54.213367,-1.817452,-54.213056,BRIDGE
-1.808457,-53.471241,-1.807926,-53.469357,BRIDGE
-1.808431,-53.476928,-1.808457,-53.471241,BRIDGE
-1.807703,-53.476704,-1.807393,-53.471324,BRIDGE
-1.806092,-53.476518,-1.805622,-53.472079,BRIDGE
-1.805228,-53.476780,-1.804525,-53.472345,BRIDGE
-1.804480,-53.476239,-1.803968,-53.472623,BRIDGE
-1.803705,-53.476026,-1.803270,-53.472960,BRIDGE
-1.800933,-46.316598,-1.800322,-46.315637,BRIDGE
-1.800322,-46.315637,-1.799504,-46.314348,BRIDGE
-1.798252,-46.693503,-1.798677,-46.693331,BRIDGE
-1.796099,-48.864532,-1.796158,-48.864317,BRIDGE
-1.796095,-47.513915,-1.795957,-47.513914,BRIDGE
-1.795960,-47.525382,-1.795899,-47.525291,BRIDGE
-1.785904,-47.355417,-1.785813,-47.355325,BRIDGE
-1.784040,-54.541481,-1.783929,-54.541331,BRIDGE
-1.783465,-47.376587,-1.783392,-47.376320,BRIDGE
-1.782080,-47.499218,-1.782107,-47.499106,BRIDGE
-1.779138,-47.381060,-1.779303,-47.381049,BRIDGE
-1.779055,-54.661312,-1.778925,-54.661253,BRIDGE
-1.778122,-48.833169,-1.778515,-48.833199,BRIDGE
-1.778000,-47.367004,-1.778192,-47.366996,BRIDGE
-1.777109,-48.403869,-1.777179,-48.403322,BRIDGE
-1.775836,-47.433906,-1.776028,-47.433342,BRIDGE
-1.775034,-46.871788,-1.775122,-46.871780,BRIDGE
-1.771982,-47.402168,-1.771740,-47.402090,BRIDGE
-1.767167,-47.553444,-1.767086,-47.553565,BRIDGE
-1.766866,-46.910512,-1.766954,-46.910615,BRIDGE
-1.764836,-46.960291,-1.765407,-46.960906,BRIDGE
-1.764537,-46.957237,-1.764552,-46.957532,BRIDGE
-1.764026,-46.862788,-1.764096,-46.862922,BRIDGE
-1.754527,-46.852745,-1.754638,-46.852832,BRIDGE
-1.753614,-47.441814,-1.753714,-47.441799,BRIDGE
-1.751948,-47.061191,-1.751940,-47.060972,BRIDGE
-1.749958,-47.064441,-1.750150,-47.064435,BRIDGE
-1.749690,-47.065091,-1.749581,-47.065060,BRIDGE
-1.749192,-47.478714,-1.749310,-47.478535,BRIDGE
-1.745062,-46.962685,-1.744924,-46.962582,BRIDGE
-1.744087,-47.441688,-1.744208,-47.441707,BRIDGE
-1.740460,-54.742836,-1.740422,-54.742910,BRIDGE
-1.735655,-46.591891,-1.735966,-46.591191,BRIDGE
-1.733769,-54.159026,-1.733908,-54.158969,BRIDGE
-1.732712,-48.879359,-1.732920,-48.879066,BRIDGE
-1.731969,-54.768127,-1.731986,-54.768209,BRIDGE
-1.731892,-48.879350,-1.732002,-48.879194,BRIDGE
-1.730867,-48.876821,-1.730980,-48.876641,BRIDGE
-1.730566,-46.400395,-1.730682,-46.400364,BRIDGE
-1.728111,-54.637531,-1.728257,-54.637606,BRIDGE
-1.725976,-48.394960,-1.726037,-48.395167,BRIDGE
-1.725976,-53.998694,-1.725843,-53.998753,BRIDGE
-1.723909,-54.242606,-1.723706,-54.242782,BRIDGE
-1.722926,-47.534594,-1.722930,-47.534690,BRIDGE
-1.722550,-53.447065,-1.722212,-53.447022,BRIDGE
-1.722093,-47.512009,-1.722108,-47.512103,BRIDGE
-1.720325,-53.447725,-1.720258,-53.447743,BRIDGE
-1.719225,-49.530992,-1.718641,-49.531266,BRIDGE
-1.718811,-46.403229,-1.719034,-46.403179,BRIDGE
-1.715898,-54.541172,-1.715893,-54.541320,BRIDGE
-1.715091,-54.630807,-1.715278,-54.630907,BRIDGE
-1.712241,-54.159525,-1.712395,-54.159522,BRIDGE
-1.711773,-54.457264,-1.711682,-54.457480,BRIDGE
-1.709719,-54.159309,-1.709836,-54.159368,BRIDGE
-1.708120,-54.420439,-1.708256,-54.420604,BRIDGE
-1.707952,-54.159477,-1.708109,-54.159436,BRIDGE
-1.707574,-53.449023,-1.706775,-53.449457,BRIDGE
-1.706002,-54.159370,-1.706163,-54.159436,BRIDGE
-1.701986,-54.130328,-1.701970,-54.130173,BRIDGE
-1.701216,-46.624846,-1.701118,-46.624782,BRIDGE
-1.699270,-48.439222,-1.699199,-48.447136,BRIDGE
-1.698020,-55.768649,-1.698072,-55.768511,BRIDGE
-1.696932,-46.717042,-1.697142,-46.717133,BRIDGE
-1.694582,-47.449708,-1.694526,-47.449754,BRIDGE
-1.685671,-48.567759,-1.685646,-48.568136,BRIDGE
-1.683650,-50.489757,-1.683345,-50.489959,BRIDGE
-1.683048,-50.489449,-1.683124,-50.489373,BRIDGE
-1.680910,-50.487503,-1.680897,-50.487565,BRIDGE
-1.680633,-47.769401,-1.680764,-47.769309,BRIDGE
-1.678013,-48.414339,-1.684130,-48.416815,BRIDGE
-1.671283,-46.454190,-1.671125,-46.454288,BRIDGE
-1.668645,-54.288314,-1.668506,-54.288430,BRIDGE
-1.664034,-54.991414,-1.664021,-54.991525,BRIDGE
-1.663862,-48.779619,-1.664122,-48.779758,BRIDGE
-1.662735,-55.381721,-1.662875,-55.381798,BRIDGE
-1.661219,-47.945023,-1.661310,-47.945468,BRIDGE
-1.659044,-47.512040,-1.659005,-47.512118,BRIDGE
-1.655407,-54.788162,-1.655298,-54.788203,BRIDGE
-1.649799,-46.823110,-1.649905,-46.823177,BRIDGE
-1.645864,-55.778163,-1.646164,-55.778105,BRIDGE
-1.642391,-54.760371,-1.642386,-54.760562,BRIDGE
-1.641590,-55.610805,-1.641413,-55.610951,BRIDGE
-1.641434,-54.777160,-1.641427,-54.777315,BRIDGE
-1.640439,-54.794425,-1.640429,-54.794607,BRIDGE
-1.640191,-54.798827,-1.640186,-54.798941,BRIDGE
-1.638157,-55.632388,-1.638009,-55.632310,BRIDGE
-1.635649,-46.798364,-1.635858,-46.798169,BRIDGE
-1.634050,-47.683898,-1.634014,-47.683545,BRIDGE
-1.630684,-47.484899,-1.629512,-47.483695,BRIDGE
-1.629117,-54.350424,-1.628985,-54.350679,BRIDGE
-1.622827,-46.421831,-1.622945,-46.421910,BRIDGE
-1.619975,-48.740130,-1.620224,-48.740185,BRIDGE
-1.614904,-54.112999,-1.614782,-54.113002,BRIDGE
-1.614897,-47.438314,-1.614933,-47.438182,BRIDGE
-1.613676,-54.376341,-1.613472,-54.377514,BRIDGE
-1.612271,-54.037317,-1.612203,-54.037800,BRIDGE
-1.610112,-48.793132,-1.610174,-48.792946,BRIDGE
-1.608429,-46.657421,-1.608498,-46.657528,BRIDGE
-1.608405,-48.627787,-1.608458,-48.627550,BRIDGE
-1.607881,-48.652396,-1.607874,-48.652066,BRIDGE
-1.607594,-54.408711,-1.607622,-54.408850,BRIDGE
-1.605261,-48.621472,-1.605209,-48.621213,BRIDGE
-1.599777,-54.507320,-1.599767,-54.507442,BRIDGE
-1.599115,-48.266906,-1.599173,-48.266954,BRIDGE
-1.598430,-54.198969,-1.598286,-54.199069,BRIDGE
-1.596898,-54.911929,-1.595494,-54.913410,BRIDGE
-1.596307,-54.188599,-1.596289,-54.188788,BRIDGE
-1.594548,-48.651835,-1.594833,-48.651463,BRIDGE
-1.592969,-50.461341,-1.592681,-50.461366,BRIDGE
-1.590709,-48.534985,-1.590800,-48.535111,BRIDGE
-1.589495,-46.840331,-1.589700,-46.840150,BRIDGE
-1.587144,-47.527193,-1.587122,-47.527325,BRIDGE
-1.585243,-47.497254,-1.585119,-47.497339,BRIDGE
-1.584576,-54.924438,-1.584484,-54.924530,BRIDGE
-1.580296,-47.117860,-1.580602,-47.117909,BRIDGE
-1.579807,-55.009949,-1.579821,-55.010101,BRIDGE
-1.578461,-54.997949,-1.578469,-54.998029,BRIDGE
-1.578267,-48.525841,-1.580204,-48.525652,BRIDGE
-1.576709,-47.033918,-1.576749,-47.033770,BRIDGE
-1.574602,-54.959750,-1.574611,-54.959878,BRIDGE
-1.573703,-48.765867,-1.574011,-48.766002,BRIDGE
-1.572560,-47.235741,-1.572579,-47.235859,BRIDGE
-1.566287,-55.854278,-1.566215,-55.854340,BRIDGE
-1.566263,-47.245413,-1.566170,-47.245324,BRIDGE
-1.565285,-48.759585,-1.565120,-48.759916,BRIDGE
-1.553327,-46.371054,-1.553412,-46.371067,BRIDGE
-1.552509,-47.114663,-1.553011,-47.113897,BRIDGE
-1.552446,-53.679136,-1.552236,-53.679140,BRIDGE
-1.551543,-55.157745,-1.551751,-55.157929,BRIDGE
-1.551316,-47.123590,-1.551424,-47.123653,BRIDGE
-1.549277,-47.253752,-1.549278,-47.253640,BRIDGE
-1.548487,-54.472188,-1.548305,-54.472247,BRIDGE
-1.545441,-47.017051,-1.545336,-47.017216,BRIDGE
-1.542454,-48.674324,-1.543083,-48.673416,BRIDGE
-1.542101,-47.032249,-1.542140,-47.032518,BRIDGE
-1.536976,-48.649605,-1.537376,-48.647886,BRIDGE
-1.535433,-47.125889,-1.535342,-47.125940,BRIDGE
-1.535240,-47.084909,-1.535285,-47.085000,BRIDGE
-1.534649,-47.249372,-1.534674,-47.249221,BRIDGE
-1.534049,-49.218426,-1.533874,-49.218514,BRIDGE
-1.533648,-49.224342,-1.534461,-49.223907,BRIDGE
-1.531778,-49.217024,-1.531895,-49.216805,BRIDGE
-1.530284,-49.216691,-1.530425,-49.216560,BRIDGE
-1.530223,-46.364794,-1.530423,-46.364839,BRIDGE
-1.528483,-49.220745,-1.528593,-49.220694,BRIDGE
-1.525192,-53.920872,-1.524919,-53.920960,BRIDGE
-1.524229,-48.688916,-1.523959,-48.688969,BRIDGE
-1.523980,-48.689098,-1.524224,-48.689054,BRIDGE
-1.520076,-48.623411,-1.519881,-48.623371,BRIDGE
-1.516247,-48.628987,-1.516501,-48.629164,BRIDGE
-1.511463,-53.911869,-1.511330,-53.911808,BRIDGE
-1.508833,-53.684162,-1.508916,-53.684109,BRIDGE
-1.504704,-48.615817,-1.504624,-48.615921,BRIDGE
-1.502417,-53.675239,-1.502521,-53.675197,BRIDGE
-1.494581,-46.642304,-1.494928,-46.642283,BRIDGE
-1.493183,-47.653617,-1.493630,-47.653659,BRIDGE
-1.491713,-46.642599,-1.492141,-46.642568,BRIDGE
-1.490114,-46.358377,-1.490256,-46.358420,BRIDGE
-1.484962,-47.668262,-1.484810,-47.667838,BRIDGE
-1.483702,-55.241974,-1.483525,-55.242253,BRIDGE
-1.481891,-46.356128,-1.482130,-46.356189,BRIDGE
-1.477321,-48.485832,-1.477218,-48.485813,BRIDGE
-1.477139,-48.483662,-1.477046,-48.483689,BRIDGE
-1.476727,-48.489616,-1.476655,-48.489597,BRIDGE
-1.476637,-48.490082,-1.476582,-48.490055,BRIDGE
-1.476565,-48.480968,-1.476470,-48.480989,BRIDGE
-1.476490,-48.490502,-1.476556,-48.490530,BRIDGE
-1.476447,-48.480702,-1.476501,-48.480677,BRIDGE
-1.476431,-48.490878,-1.476490,-48.490888,BRIDGE
-1.476054,-48.454254,-1.475867,-48.453982,BRIDGE
-1.473917,-48.653173,-1.473747,-48.653631,BRIDGE
-1.473052,-48.448358,-1.473015,-48.448282,BRIDGE
-1.472547,-48.454548,-1.472433,-48.454921,BRIDGE
-1.472528,-48.454958,-1.472641,-48.454588,BRIDGE
-1.472280,-48.474323,-1.472230,-48.474272,BRIDGE
-1.471825,-48.474557,-1.471725,-48.474649,BRIDGE
-1.471382,-53.696592,-1.471798,-53.697009,BRIDGE
-1.470365,-48.491853,-1.470347,-48.491876,BRIDGE
-1.470310,-48.473523,-1.470348,-48.473438,BRIDGE
-1.468489,-48.473258,-1.468486,-48.473350,BRIDGE
-1.468209,-48.453460,-1.468088,-48.453212,BRIDGE
-1.466536,-48.473430,-1.466533,-48.473332,BRIDGE
-1.465518,-48.482814,-1.465542,-48.482797,BRIDGE
-1.464640,-48.482621,-1.464628,-48.482699,BRIDGE
-1.463820,-48.473630,-1.463812,-48.473525,BRIDGE
-1.463499,-48.462019,-1.463523,-48.461985,BRIDGE
-1.462871,-48.455425,-1.462638,-48.455207,BRIDGE
-1.462610,-48.299402,-1.480451,-48.299363,BRIDGE
-1.462478,-48.461395,-1.462480,-48.461368,BRIDGE
-1.462119,-47.650477,-1.461686,-47.650599,BRIDGE
-1.461864,-48.504438,-1.461974,-48.504404,BRIDGE
-1.461577,-48.503650,-1.461454,-48.503670,BRIDGE
-1.461507,-48.452876,-1.461444,-48.452957,BRIDGE
-1.461277,-48.452724,-1.461326,-48.452687,BRIDGE
-1.461067,-48.452479,-1.461116,-48.452432,BRIDGE
-1.460803,-48.452056,-1.460762,-48.452089,BRIDGE
-1.460754,-48.481521,-1.460608,-48.481523,BRIDGE
-1.460505,-48.437093,-1.460535,-48.436999,BRIDGE
-1.460467,-48.436959,-1.460427,-48.437073,BRIDGE
-1.459415,-48.500349,-1.459522,-48.500292,BRIDGE
-1.458817,-48.499379,-1.458912,-48.499303,BRIDGE
-1.458148,-48.498054,-1.458058,-48.498134,BRIDGE
-1.458121,-48.429852,-1.458079,-48.429770,BRIDGE
-1.458000,-48.429803,-1.458043,-48.429888,BRIDGE
-1.457431,-48.454444,-1.457494,-48.454126,BRIDGE
-1.457082,-48.454557,-1.457278,-48.454498,BRIDGE
-1.456767,-48.458402,-1.456678,-48.458406,BRIDGE
-1.456638,-48.486184,-1.456698,-48.486588,TUNNEL
-1.456549,-48.457211,-1.456671,-48.457226,BRIDGE
-1.456450,-48.454417,-1.456360,-48.454666,BRIDGE
-1.456227,-48.486246,-1.456618,-48.486173,TUNNEL
-1.455428,-48.425554,-1.455276,-48.425360,BRIDGE
-1.455209,-48.425413,-1.455352,-48.425599,BRIDGE
-1.455045,-48.454949,-1.455191,-48.454881,BRIDGE
-1.454881,-47.672891,-1.454936,-47.672882,BRIDGE
-1.454877,-48.458415,-1.454806,-48.458415,BRIDGE
-1.454850,-47.970802,-1.454937,-47.971133,BRIDGE
-1.454502,-48.465731,-1.454445,-48.465727,BRIDGE
-1.452936,-48.455878,-1.453011,-48.455606,BRIDGE
-1.450969,-48.455060,-1.451007,-48.454748,BRIDGE
-1.449759,-48.453803,-1.449751,-48.453663,BRIDGE
-1.449743,-47.803258,-1.449913,-47.802970,BRIDGE
-1.449712,-49.334118,-1.449472,-49.334020,BRIDGE
-1.449154,-48.453804,-1.449126,-48.453649,BRIDGE
-1.449141,-48.466312,-1.448859,-48.466338,TUNNEL
-1.448581,-48.453874,-1.448561,-48.453583,BRIDGE
-1.448522,-48.453554,-1.448454,-48.453557,BRIDGE
-1.448509,-48.454786,-1.448625,-48.454784,BRIDGE
-1.448490,-46.509828,-1.448853,-46.510053,BRIDGE
-1.448466,-48.453918,-1.448561,-48.453915,BRIDGE
-1.448441,-48.453626,-1.448449,-48.453884,BRIDGE
-1.448304,-48.451224,-1.448391,-48.451248,BRIDGE
-1.447465,-48.415272,-1.447394,-48.415176,BRIDGE
-1.447309,-48.415218,-1.447383,-48.415314,BRIDGE
-1.447149,-48.475153,-1.447146,-48.475235,BRIDGE
-1.446313,-48.488020,-1.446393,-48.488112,BRIDGE
-1.446048,-48.453052,-1.446095,-48.452971,BRIDGE
-1.445982,-48.452917,-1.445945,-48.452989,BRIDGE
-1.445958,-48.474889,-1.445965,-48.474784,BRIDGE
-1.445902,-48.453106,-1.445976,-48.453151,BRIDGE
-1.445579,-48.452838,-1.445646,-48.452723,BRIDGE
-1.445386,-47.705859,-1.445293,-47.705731,BRIDGE
-1.445111,-48.488891,-1.445205,-48.489020,BRIDGE
-1.444835,-48.474424,-1.445023,-48.474420,BRIDGE
-1.444802,-48.452336,-1.444854,-48.452270,BRIDGE
-1.444785,-48.474382,-1.444780,-48.474324,BRIDGE
-1.444760,-48.474169,-1.444753,-48.474115,BRIDGE
-1.444690,-46.422486,-1.444691,-46.422332,BRIDGE
-1.444526,-48.489530,-1.444451,-48.489431,BRIDGE
-1.444249,-48.453248,-1.444143,-48.453174,BRIDGE
-1.444239,-48.451101,-1.444196,-48.451115,BRIDGE
-1.444207,-48.474415,-1.444201,-48.474253,BRIDGE
-1.444045,-48.456052,-1.443966,-48.456162,BRIDGE
-1.443389,-46.343776,-1.443391,-46.343860,BRIDGE
-1.443110,-48.490548,-1.443248,-48.490645,BRIDGE
-1.442824,-48.455406,-1.442866,-48.455338,BRIDGE
-1.442802,-48.455279,-1.442853,-48.455314,BRIDGE
-1.442772,-48.455281,-1.442735,-48.455343,BRIDGE
-1.442564,-48.474748,-1.442594,-48.474930,BRIDGE
-1.442158,-48.492117,-1.442001,-48.492032,BRIDGE
-1.441520,-48.454601,-1.441595,-48.454498,BRIDGE
-1.441202,-48.475342,-1.441162,-48.475130,BRIDGE
-1.440962,-48.493503,-1.441084,-48.493577,BRIDGE
-1.440361,-48.453706,-1.440322,-48.453765,BRIDGE
-1.439550,-48.475843,-1.439307,-48.475646,BRIDGE
-1.439090,-48.452983,-1.439146,-48.452902,BRIDGE
-1.439075,-48.452861,-1.439012,-48.452952,BRIDGE
-1.439033,-48.475747,-1.439283,-48.475926,BRIDGE
-1.438909,-46.337429,-1.439056,-46.337509,BRIDGE
-1.438707,-48.472187,-1.438654,-48.472255,BRIDGE
-1.438654,-48.472255,-1.438599,-48.472329,BRIDGE
-1.438638,-48.475197,-1.438481,-48.475096,BRIDGE
-1.438347,-48.475286,-1.438533,-48.475414,BRIDGE
-1.438154,-48.406837,-1.438055,-48.406475,BRIDGE
-1.437974,-48.406501,-1.438069,-48.406849,BRIDGE
-1.437825,-48.452174,-1.437874,-48.452096,BRIDGE
-1.437731,-48.452111,-1.437825,-48.452174,BRIDGE
-1.437492,-48.471380,-1.437582,-48.471249,BRIDGE
-1.437337,-48.452728,-1.437417,-48.452776,BRIDGE
-1.437027,-48.453346,-1.436965,-48.453303,BRIDGE
-1.436814,-48.477829,-1.436581,-48.477680,BRIDGE
-1.436738,-48.477926,-1.436519,-48.477765,BRIDGE
-1.436427,-48.470241,-1.436287,-48.470434,BRIDGE
-1.436417,-48.477844,-1.436700,-48.478022,BRIDGE
-1.435192,-46.484494,-1.435353,-46.484748,BRIDGE
-1.435141,-48.469467,-1.435267,-48.469301,BRIDGE
-1.434648,-46.463507,-1.434833,-46.463362,BRIDGE
-1.434319,-46.469136,-1.433916,-46.468216,BRIDGE
-1.434275,-47.677039,-1.434510,-47.676999,BRIDGE
-1.434103,-48.468351,-1.434003,-48.468524,BRIDGE
-1.433017,-48.480700,-1.433011,-48.480465,BRIDGE
-1.432858,-48.467570,-1.432974,-48.467420,BRIDGE
-1.432388,-48.317961,-1.432665,-48.317767,BRIDGE
-1.432036,-48.395791,-1.431937,-48.395575,BRIDGE
-1.431864,-48.395619,-1.431965,-48.395825,BRIDGE
-1.431754,-48.466554,-1.431703,-48.466628,BRIDGE
-1.430500,-48.481723,-1.430746,-48.481359,BRIDGE
-1.430018,-48.391450,-1.429789,-48.390973,BRIDGE
-1.429719,-48.391004,-1.429942,-48.391479,BRIDGE
-1.428910,-48.445118,-1.428953,-48.445099,BRIDGE
-1.428743,-48.444843,-1.428779,-48.444819,BRIDGE
-1.428471,-47.725042,-1.428505,-47.725116,BRIDGE
-1.428444,-48.444325,-1.428476,-48.444292,BRIDGE
-1.428330,-49.429506,-1.428237,-49.429395,BRIDGE
-1.427750,-48.443097,-1.427800,-48.443070,BRIDGE
-1.426787,-48.454340,-1.426516,-48.451972,BRIDGE
-1.426402,-46.331166,-1.426477,-46.331204,BRIDGE
-1.425690,-48.454865,-1.425636,-48.454805,TUNNEL
-1.425520,-48.454903,-1.425567,-48.454968,TUNNEL
-1.422508,-48.460726,-1.422541,-48.460672,BRIDGE
-1.422396,-48.480465,-1.422351,-48.480532,BRIDGE
-1.422025,-48.451048,-1.422003,-48.451022,TUNNEL
-1.422003,-48.451022,-1.421982,-48.450994,TUNNEL
-1.421910,-48.451108,-1.421936,-48.451137,TUNNEL
-1.421884,-48.451084,-1.421910,-48.451108,TUNNEL
-1.421763,-48.481918,-1.421582,-48.481785,BRIDGE
-1.421528,-48.479059,-1.421466,-48.479145,BRIDGE
-1.421497,-48.479185,-1.421558,-48.479107,BRIDGE
-1.420780,-48.330306,-1.420903,-48.330270,BRIDGE
-1.420606,-48.477827,-1.420670,-48.477731,BRIDGE
-1.420184,-48.470619,-1.420085,-48.470546,BRIDGE
-1.420021,-47.086693,-1.419946,-47.086651,BRIDGE
-1.419996,-48.470672,-1.420097,-48.470746,BRIDGE
-1.419860,-48.483348,-1.420134,-48.483434,BRIDGE
-1.419493,-48.475924,-1.419451,-48.475980,BRIDGE
-1.418587,-48.473084,-1.418509,-48.473048,BRIDGE
-1.417895,-48.492612,-1.418401,-48.492456,BRIDGE
-1.417796,-48.485855,-1.418197,-48.485614,BRIDGE
-1.416935,-47.712531,-1.416841,-47.712263,BRIDGE
-1.415619,-48.482745,-1.415453,-48.483376,BRIDGE
-1.413812,-53.870165,-1.413582,-53.870182,BRIDGE
-1.413711,-48.493213,-1.413977,-48.493274,BRIDGE
-1.412658,-48.429181,-1.412320,-48.430750,BRIDGE
-1.412459,-48.430795,-1.412792,-48.429196,BRIDGE
-1.411042,-48.478733,-1.411371,-48.478247,BRIDGE
-1.409775,-48.462356,-1.409627,-48.462356,TUNNEL
-1.409073,-48.464075,-1.408618,-48.464516,BRIDGE
-1.408943,-48.363864,-1.408749,-48.363687,BRIDGE
-1.408793,-48.129169,-1.408965,-48.129103,BRIDGE
-1.408714,-48.464595,-1.409158,-48.464168,BRIDGE
-1.408682,-48.363752,-1.408870,-48.363917,BRIDGE
-1.408678,-48.453024,-1.408459,-48.453030,BRIDGE
-1.407344,-48.469116,-1.407301,-48.469076,BRIDGE
-1.407263,-48.435778,-1.406190,-48.434486,TUNNEL
-1.406476,-48.436163,-1.406594,-48.434829,BRIDGE
-1.406329,-48.470320,-1.406379,-48.470360,BRIDGE
-1.406087,-48.434552,-1.407189,-48.435911,TUNNEL
-1.406041,-48.470697,-1.406074,-48.470729,BRIDGE
-1.405909,-48.447653,-1.405856,-48.447700,BRIDGE
-1.405784,-48.456197,-1.405718,-48.455901,BRIDGE
-1.405783,-48.470973,-1.405818,-48.471009,BRIDGE
-1.405777,-48.434861,-1.405631,-48.435790,BRIDGE
-1.404604,-48.446941,-1.404631,-48.446884,BRIDGE
-1.403229,-48.469792,-1.402870,-48.470136,BRIDGE
-1.403134,-48.090197,-1.403419,-48.090178,BRIDGE
-1.402958,-48.470237,-1.403322,-48.469880,BRIDGE
-1.402688,-48.444716,-1.402770,-48.444696,BRIDGE
-1.402613,-48.466180,-1.402415,-48.466093,BRIDGE
-1.402299,-48.441670,-1.402347,-48.441639,BRIDGE
-1.401928,-47.049520,-1.401922,-47.049412,BRIDGE
-1.400582,-55.409068,-1.400345,-55.409020,BRIDGE
-1.400279,-48.470419,-1.402496,-48.470661,BRIDGE
-1.399828,-48.485410,-1.399996,-48.485410,BRIDGE
-1.398728,-47.713913,-1.398794,-47.713950,BRIDGE
-1.398664,-48.864480,-1.398606,-48.864805,BRIDGE
-1.396581,-47.052829,-1.396509,-47.052709,BRIDGE
-1.396054,-48.412384,-1.395392,-48.411331,BRIDGE
-1.395277,-48.411401,-1.395927,-48.412457,BRIDGE
-1.394625,-48.461654,-1.394690,-48.461553,BRIDGE
-1.394512,-53.886947,-1.393949,-53.886808,BRIDGE
-1.393987,-48.460837,-1.393886,-48.460899,BRIDGE
-1.393561,-47.187158,-1.393607,-47.186792,BRIDGE
-1.390869,-48.479999,-1.388599,-48.479814,TUNNEL
-1.389960,-48.433723,-1.389912,-48.433602,BRIDGE
-1.389516,-48.479891,-1.389492,-48.479889,TUNNEL
-1.389444,-48.414409,-1.389389,-48.414319,TUNNEL
-1.389081,-47.985153,-1.389226,-47.985546,BRIDGE
-1.388972,-48.465322,-1.389470,-48.464257,TUNNEL
-1.387752,-48.437090,-1.387759,-48.437015,BRIDGE
-1.387725,-48.461266,-1.390931,-48.464335,BRIDGE
-1.387704,-48.409761,-1.387080,-48.410027,BRIDGE
-1.387468,-47.738853,-1.387532,-47.738892,BRIDGE
-1.387104,-48.410071,-1.387728,-48.409809,BRIDGE
-1.386654,-48.449651,-1.386756,-48.449597,BRIDGE
-1.386636,-48.446310,-1.386808,-48.446330,BRIDGE
-1.386252,-48.449055,-1.386262,-48.449191,BRIDGE
-1.385721,-48.438923,-1.385813,-48.438986,BRIDGE
-1.385525,-48.440554,-1.385708,-48.440555,BRIDGE
-1.384893,-48.448908,-1.384921,-48.448790,BRIDGE
-1.384060,-48.375344,-1.384068,-48.375219,BRIDGE
-1.383630,-48.330811,-1.383692,-48.330823,BRIDGE
-1.381748,-48.376002,-1.381707,-48.375826,BRIDGE
-1.381747,-48.383553,-1.381917,-48.383522,BRIDGE
-1.381124,-48.449254,-1.381112,-48.449373,BRIDGE
-1.380901,-48.425772,-1.380927,-48.425708,BRIDGE
-1.377997,-48.375132,-1.377923,-48.375158,BRIDGE
-1.377923,-48.375158,-1.377790,-48.375193,BRIDGE
-1.377767,-48.423202,-1.377778,-48.423021,BRIDGE
-1.377289,-48.423038,-1.377307,-48.423223,BRIDGE
-1.377154,-48.445772,-1.377054,-48.445883,BRIDGE
-1.376364,-48.465708,-1.376350,-48.465793,BRIDGE
-1.375610,-48.413126,-1.377770,-48.413560,BRIDGE
-1.374773,-48.371862,-1.374970,-48.371844,BRIDGE
-1.374753,-48.424630,-1.374605,-48.424525,BRIDGE
-1.374352,-48.364594,-1.374325,-48.364472,BRIDGE
-1.374334,-48.442021,-1.371590,-48.443719,BRIDGE
-1.374293,-48.387287,-1.373485,-48.387182,BRIDGE
-1.374065,-48.463323,-1.374000,-48.463337,BRIDGE
-1.373489,-48.387265,-1.374294,-48.387366,BRIDGE
-1.372552,-48.428479,-1.372473,-48.428483,BRIDGE
-1.371679,-48.443812,-1.374359,-48.442148,BRIDGE
-1.371338,-48.369625,-1.371474,-48.369563,BRIDGE
-1.371259,-48.447229,-1.370534,-48.447786,TUNNEL
-1.370578,-48.459933,-1.370582,-48.460005,BRIDGE
-1.370560,-48.447789,-1.371322,-48.446737,TUNNEL
-1.368195,-48.447279,-1.368120,-48.447189,TUNNEL
-1.368042,-48.447263,-1.368100,-48.447330,TUNNEL
-1.366698,-48.248975,-1.366619,-48.248981,BRIDGE
-1.366427,-48.396685,-1.366743,-48.396543,BRIDGE
-1.366289,-48.448284,-1.366238,-48.448220,TUNNEL
-1.366225,-48.362173,-1.365404,-48.362215,BRIDGE
-1.366189,-48.448353,-1.366141,-48.448288,TUNNEL
-1.365428,-47.734330,-1.365538,-47.734115,BRIDGE
-1.365409,-48.362282,-1.366231,-48.362240,BRIDGE
-1.365370,-48.365345,-1.365072,-48.365373,BRIDGE
-1.364974,-48.366552,-1.366835,-48.366402,BRIDGE
-1.364562,-48.424884,-1.364459,-48.424948,BRIDGE
-1.364500,-48.425003,-1.364594,-48.424945,BRIDGE
-1.364022,-47.727634,-1.363962,-47.727578,BRIDGE
-1.363642,-48.464482,-1.363650,-48.464401,BRIDGE
-1.363073,-47.754457,-1.363107,-47.754522,BRIDGE
-1.362988,-47.309724,-1.362915,-47.309362,BRIDGE
-1.361450,-48.420761,-1.361309,-48.420812,BRIDGE
-1.361334,-48.420875,-1.361480,-48.420820,BRIDGE
-1.361316,-48.392067,-1.361310,-48.392298,BRIDGE
-1.361216,-48.464198,-1.361216,-48.464117,BRIDGE
-1.360801,-48.417374,-1.361004,-48.417796,BRIDGE
-1.360730,-48.450627,-1.360245,-48.450994,TUNNEL
-1.360442,-48.450244,-1.359960,-48.450610,TUNNEL
-1.360369,-48.391917,-1.360452,-48.392011,BRIDGE
-1.360258,-48.443882,-1.360133,-48.443762,BRIDGE
-1.360093,-48.427277,-1.357608,-48.428627,BRIDGE
-1.359081,-48.445076,-1.359043,-48.445118,BRIDGE
-1.358256,-48.422062,-1.358259,-48.422006,BRIDGE
-1.357745,-48.389312,-1.357902,-48.389196,BRIDGE
-1.357663,-48.428692,-1.360133,-48.427360,BRIDGE
-1.357616,-48.388774,-1.357428,-48.388874,BRIDGE
-1.356507,-48.444953,-1.356486,-48.445109,BRIDGE
-1.355905,-48.444950,-1.355921,-48.444833,BRIDGE
-1.355669,-48.384178,-1.355761,-48.384087,BRIDGE
-1.355432,-48.444829,-1.355455,-48.444718,BRIDGE
-1.355133,-48.477413,-1.354960,-48.477414,BRIDGE
-1.355101,-48.453033,-1.355192,-48.452446,TUNNEL
-1.354943,-48.453166,-1.354920,-48.453163,TUNNEL
-1.354436,-48.422591,-1.354285,-48.422379,BRIDGE
-1.354150,-48.422535,-1.354289,-48.422715,BRIDGE
-1.354001,-48.476546,-1.353829,-48.476455,BRIDGE
-1.353556,-48.473151,-1.353600,-48.473035,BRIDGE
-1.353539,-48.471940,-1.353679,-48.471949,BRIDGE
-1.353428,-48.472684,-1.353556,-48.472678,BRIDGE
-1.353115,-48.471704,-1.353146,-48.471609,BRIDGE
-1.352694,-48.471671,-1.352708,-48.471591,BRIDGE
-1.352409,-48.381531,-1.352455,-48.381293,BRIDGE
-1.352302,-48.471445,-1.352311,-48.471361,BRIDGE
-1.351377,-47.201663,-1.351512,-47.201691,BRIDGE
-1.350593,-48.471301,-1.350575,-48.471498,BRIDGE
-1.350032,-48.471410,-1.350045,-48.471279,BRIDGE
-1.349914,-48.441827,-1.349903,-48.441866,BRIDGE
-1.349545,-48.471303,-1.349537,-48.471379,BRIDGE
-1.348591,-48.471285,-1.348611,-48.471193,BRIDGE
-1.348192,-48.427765,-1.348059,-48.427739,BRIDGE
-1.348109,-48.407330,-1.348289,-48.407506,BRIDGE
-1.347721,-48.471048,-1.347715,-48.471148,BRIDGE
-1.347446,-48.263553,-1.347532,-48.263459,BRIDGE
-1.347204,-48.471068,-1.347219,-48.470988,BRIDGE
-1.347140,-48.377761,-1.347155,-48.377463,BRIDGE
-1.346767,-48.470890,-1.346757,-48.470965,BRIDGE
-1.346290,-48.470894,-1.346305,-48.470731,BRIDGE
-1.346195,-48.388416,-1.346158,-48.388448,BRIDGE
-1.345839,-48.431934,-1.345839,-48.431858,BRIDGE
-1.345838,-48.470666,-1.345822,-48.470807,BRIDGE
-1.345323,-48.410196,-1.345193,-48.410001,BRIDGE
-1.345100,-48.410211,-1.345203,-48.410351,BRIDGE
-1.345004,-48.470574,-1.344998,-48.470655,BRIDGE
-1.344697,-47.736025,-1.344645,-47.735956,BRIDGE
-1.344479,-48.470547,-1.344491,-48.470462,BRIDGE
-1.344260,-48.356918,-1.344102,-48.356833,TUNNEL
-1.344077,-48.356882,-1.344238,-48.356966,TUNNEL
-1.343768,-48.381540,-1.343727,-48.381556,BRIDGE
-1.342513,-48.372452,-1.340679,-48.373758,BRIDGE
-1.341891,-48.270991,-1.342006,-48.270865,BRIDGE
-1.341060,-48.374060,-1.342860,-48.372790,BRIDGE
-1.340667,-48.413478,-1.340750,-48.413605,BRIDGE
-1.338057,-47.543809,-1.338181,-47.544072,BRIDGE
-1.337861,-48.256654,-1.337689,-48.256662,BRIDGE
-1.336386,-48.446140,-1.336382,-48.446108,BRIDGE
-1.335802,-47.070320,-1.335899,-47.070251,BRIDGE
-1.335573,-48.456026,-1.335490,-48.456015,BRIDGE
-1.334228,-47.069057,-1.334355,-47.068943,BRIDGE
-1.333419,-46.834762,-1.333212,-46.834512,BRIDGE
-1.330091,-46.848668,-1.330170,-46.848468,BRIDGE
-1.329836,-48.439347,-1.329884,-48.439335,BRIDGE
-1.329693,-46.849536,-1.329600,-46.849612,BRIDGE
-1.329618,-48.009750,-1.329818,-48.009868,BRIDGE
-1.327177,-46.722323,-1.327130,-46.722420,BRIDGE
-1.326179,-47.913831,-1.326627,-47.913767,BRIDGE
-1.325543,-46.852458,-1.325399,-46.852561,BRIDGE
-1.325260,-47.933883,-1.325230,-47.933966,BRIDGE
-1.322488,-48.484810,-1.322200,-48.484968,BRIDGE
-1.322335,-48.474690,-1.322252,-48.474684,BRIDGE
-1.322224,-48.485012,-1.322507,-48.484851,BRIDGE
-1.321439,-47.968938,-1.321361,-47.968915,BRIDGE
-1.321272,-47.354032,-1.321369,-47.353860,BRIDGE
-1.320583,-47.034482,-1.321123,-47.034494,BRIDGE
-1.319634,-48.485761,-1.319104,-48.485916,BRIDGE
-1.318969,-53.509301,-1.319232,-53.509584,BRIDGE
-1.317070,-48.290207,-1.316885,-48.290358,BRIDGE
-1.316846,-46.858703,-1.316669,-46.858837,BRIDGE
-1.315189,-48.167616,-1.315186,-48.167691,BRIDGE
-1.314725,-47.423636,-1.314947,-47.424424,BRIDGE
-1.312261,-47.930784,-1.312255,-47.930608,BRIDGE
-1.312186,-47.424450,-1.312305,-47.424251,BRIDGE
-1.312145,-48.480925,-1.312271,-48.480948,BRIDGE
-1.311839,-47.977341,-1.311796,-47.977411,BRIDGE
-1.310971,-47.893375,-1.310940,-47.893377,BRIDGE
-1.310886,-47.177124,-1.310985,-47.177134,BRIDGE
-1.310503,-48.479693,-1.310530,-48.479702,BRIDGE
-1.310222,-48.479544,-1.310232,-48.479127,BRIDGE
-1.309918,-46.674668,-1.310001,-46.674695,BRIDGE
-1.309675,-48.479077,-1.309844,-48.479066,BRIDGE
-1.308652,-47.931280,-1.308635,-47.931135,BRIDGE
-1.308375,-48.478167,-1.308387,-48.478345,BRIDGE
-1.307515,-48.452290,-1.307547,-48.452452,BRIDGE
-1.306359,-48.016207,-1.306313,-48.015759,BRIDGE
-1.306273,-48.478410,-1.306260,-48.478222,BRIDGE
-1.305404,-47.932114,-1.305395,-47.931993,BRIDGE
-1.305066,-47.925348,-1.304955,-47.925354,BRIDGE
-1.304259,-48.165931,-1.304264,-48.165879,BRIDGE
-1.304216,-47.749046,-1.304381,-47.749182,BRIDGE
-1.303807,-47.929739,-1.304004,-47.929727,BRIDGE
-1.303741,-47.923952,-1.303660,-47.923957,BRIDGE
-1.303589,-47.595504,-1.303455,-47.595266,BRIDGE
-1.302407,-47.932633,-1.302407,-47.932509,BRIDGE
-1.302279,-47.368477,-1.302469,-47.368477,BRIDGE
-1.301600,-47.986379,-1.301475,-47.985993,BRIDGE
-1.301276,-47.985978,-1.301395,-47.986346,BRIDGE
-1.301040,-47.579784,-1.301329,-47.579674,BRIDGE
-1.300253,-48.165779,-1.300258,-48.165692,BRIDGE
-1.300237,-47.099103,-1.300594,-47.098794,BRIDGE
-1.299900,-47.986338,-1.299858,-47.986459,BRIDGE
-1.298733,-47.986890,-1.298550,-47.986824,BRIDGE
-1.298215,-47.985563,-1.298253,-47.985453,BRIDGE
-1.298188,-47.960442,-1.298202,-47.960559,BRIDGE
-1.298156,-48.456086,-1.298396,-48.455956,BRIDGE
-1.297877,-47.990432,-1.297683,-47.990371,BRIDGE
-1.297775,-47.988438,-1.297538,-47.988356,BRIDGE
-1.297518,-48.165487,-1.297566,-48.165429,BRIDGE
-1.296927,-47.931775,-1.296924,-47.931703,BRIDGE
-1.296578,-48.454340,-1.296236,-48.454355,BRIDGE
-1.296474,-48.454639,-1.296653,-48.454621,BRIDGE
-1.296012,-47.922024,-1.296022,-47.922195,TUNNEL
-1.295852,-47.922435,-1.295803,-47.921709,TUNNEL
-1.295682,-47.922445,-1.295640,-47.921718,TUNNEL
-1.295080,-47.932332,-1.295056,-47.932274,BRIDGE
-1.294899,-48.479920,-1.294980,-48.479915,BRIDGE
-1.294223,-48.481907,-1.294304,-48.481903,BRIDGE
-1.293786,-47.932634,-1.293793,-47.932533,BRIDGE
-1.293692,-47.932536,-1.293679,-47.932641,BRIDGE
-1.292985,-48.483705,-1.292799,-48.483189,BRIDGE
-1.292544,-47.932736,-1.292538,-47.932665,BRIDGE
-1.291209,-47.932848,-1.291206,-47.932793,BRIDGE
-1.290275,-47.943789,-1.290270,-47.943678,BRIDGE
-1.289604,-47.932748,-1.289600,-47.932690,BRIDGE
-1.288023,-47.908766,-1.287889,-47.908780,BRIDGE
-1.287176,-48.479041,-1.290225,-48.478542,BRIDGE
-1.286825,-47.603207,-1.286818,-47.603289,BRIDGE
-1.286623,-47.914384,-1.286580,-47.914336,BRIDGE
-1.286368,-46.715753,-1.286485,-46.715789,BRIDGE
-1.285122,-48.251781,-1.285020,-48.251853,BRIDGE
-1.284453,-47.916454,-1.284459,-47.916540,BRIDGE
-1.284409,-47.915705,-1.284409,-47.915777,BRIDGE
-1.283783,-47.943323,-1.283702,-47.943329,BRIDGE
-1.283768,-47.916950,-1.283763,-47.916863,BRIDGE
-1.283745,-47.949509,-1.283826,-47.949507,BRIDGE
-1.283535,-47.949530,-1.283724,-47.949510,BRIDGE
-1.282831,-47.468415,-1.282730,-47.468282,BRIDGE
-1.281661,-47.918220,-1.281642,-47.918105,BRIDGE
-1.281002,-53.768152,-1.281200,-53.768350,BRIDGE
-1.280801,-55.811960,-1.281437,-55.811818,BRIDGE
-1.280257,-46.883396,-1.279887,-46.883591,BRIDGE
-1.280214,-46.950649,-1.280169,-46.950551,BRIDGE
-1.279915,-48.442884,-1.277718,-48.440924,BRIDGE
-1.279400,-47.918936,-1.279405,-47.919006,BRIDGE
-1.278727,-46.884236,-1.278440,-46.884400,BRIDGE
-1.278661,-48.207715,-1.278857,-48.207668,BRIDGE
-1.278433,-47.462592,-1.278227,-47.462340,BRIDGE
-1.278057,-47.919048,-1.278044,-47.918936,BRIDGE
-1.276981,-47.292336,-1.277127,-47.292564,BRIDGE
-1.276918,-47.919141,-1.276902,-47.919029,BRIDGE
-1.276476,-46.885448,-1.276179,-46.885595,BRIDGE
-1.275816,-46.934865,-1.275821,-46.934839,BRIDGE
-1.275561,-46.939870,-1.275551,-46.939790,BRIDGE
-1.275269,-46.689803,-1.275320,-46.689767,BRIDGE
-1.275181,-47.964233,-1.275170,-47.964119,BRIDGE
-1.273032,-47.919282,-1.273011,-47.919142,BRIDGE
-1.266979,-47.275951,-1.267469,-47.276706,BRIDGE
-1.265540,-46.891351,-1.265390,-46.891421,BRIDGE
-1.264228,-47.946853,-1.264138,-47.946863,BRIDGE
-1.263445,-47.413650,-1.263819,-47.414113,BRIDGE
-1.262834,-47.037884,-1.262899,-47.037827,BRIDGE
-1.254117,-47.046014,-1.254132,-47.045818,BRIDGE
-1.248723,-47.954299,-1.248671,-47.954373,BRIDGE
-1.248459,-47.816011,-1.248440,-47.815874,BRIDGE
-1.247821,-48.092173,-1.247690,-48.092075,BRIDGE
-1.243971,-48.152218,-1.243891,-48.152233,BRIDGE
-1.241483,-46.823279,-1.241535,-46.823373,BRIDGE
-1.241099,-48.313310,-1.241052,-48.313685,BRIDGE
-1.239930,-46.879977,-1.239826,-46.879924,BRIDGE
-1.239656,-47.008554,-1.239664,-47.008555,BRIDGE
-1.238899,-47.897647,-1.238810,-47.897731,BRIDGE
-1.235559,-47.008857,-1.235641,-47.008782,BRIDGE
-1.232803,-47.903499,-1.232746,-47.903556,BRIDGE
-1.227085,-47.394278,-1.226949,-47.394103,BRIDGE
-1.226376,-47.345847,-1.226765,-47.346072,BRIDGE
-1.223997,-47.036157,-1.223865,-47.036147,BRIDGE
-1.221611,-47.816298,-1.221416,-47.816486,BRIDGE
-1.221427,-47.926697,-1.221524,-47.926706,BRIDGE
-1.221184,-47.315817,-1.221383,-47.315830,BRIDGE
-1.220932,-46.963888,-1.221050,-46.963845,BRIDGE
-1.219443,-48.294962,-1.219264,-48.294921,BRIDGE
-1.216412,-47.684300,-1.216565,-47.684660,BRIDGE
-1.211984,-47.966702,-1.211933,-47.966765,BRIDGE
-1.207551,-46.135639,-1.206967,-46.135022,BRIDGE
-1.207026,-47.037396,-1.206918,-47.037437,BRIDGE
-1.206795,-47.184936,-1.206971,-47.184857,BRIDGE
-1.203160,-46.779934,-1.203295,-46.779980,BRIDGE
-1.201974,-47.925050,-1.202026,-47.925055,BRIDGE
-1.198814,-47.207255,-1.198971,-47.207390,BRIDGE
-1.198043,-47.817187,-1.198114,-47.817148,BRIDGE
-1.194225,-46.328013,-1.194272,-46.327916,BRIDGE
-1.193946,-46.941530,-1.193818,-46.941615,BRIDGE
-1.193902,-47.302494,-1.194002,-47.302520,BRIDGE
-1.193779,-46.768073,-1.193835,-46.768231,BRIDGE
-1.192201,-47.662119,-1.191691,-47.662079,BRIDGE
-1.191774,-47.311589,-1.191944,-47.312075,BRIDGE
-1.191323,-47.309855,-1.191335,-47.309975,BRIDGE
-1.190266,-47.184069,-1.190134,-47.184125,BRIDGE
-1.190079,-47.186275,-1.190195,-47.186243,BRIDGE
-1.189824,-47.818051,-1.189749,-47.817978,BRIDGE
-1.189749,-47.817978,-1.189635,-47.817872,BRIDGE
-1.189719,-47.192445,-1.189579,-47.192468,BRIDGE
-1.189566,-47.179772,-1.189386,-47.179916,BRIDGE
-1.189391,-47.179095,-1.189294,-47.179105,BRIDGE
-1.189052,-47.178098,-1.189171,-47.178085,BRIDGE
-1.188296,-47.174957,-1.188249,-47.175006,BRIDGE
-1.187192,-48.318109,-1.182004,-48.322859,BRIDGE
-1.184738,-46.750867,-1.184866,-46.750947,BRIDGE
-1.184019,-47.981660,-1.184078,-47.981595,BRIDGE
-1.183055,-46.761007,-1.183233,-46.761035,BRIDGE
-1.182004,-48.322859,-1.177208,-48.327106,BRIDGE
-1.181548,-46.748554,-1.181669,-46.748487,BRIDGE
-1.180851,-47.180139,-1.180770,-47.180142,BRIDGE
-1.179134,-46.937871,-1.179200,-46.937619,BRIDGE
-1.177442,-47.242608,-1.177448,-47.242748,BRIDGE
-1.176177,-47.120345,-1.176373,-47.120351,BRIDGE
-1.174875,-47.899198,-1.174940,-47.899124,BRIDGE
-1.172010,-47.988587,-1.172066,-47.988528,BRIDGE
-1.171487,-55.686891,-1.171269,-55.686840,BRIDGE
-1.170881,-46.849499,-1.170836,-46.849472,BRIDGE
-1.169787,-47.982858,-1.169851,-47.982908,BRIDGE
-1.169683,-47.930194,-1.169734,-47.930125,BRIDGE
-1.169404,-47.315914,-1.169499,-47.315868,BRIDGE
-1.165858,-46.918282,-1.166036,-46.918213,BRIDGE
-1.165667,-46.951240,-1.165555,-46.951311,BRIDGE
-1.162485,-47.971799,-1.162474,-47.971892,BRIDGE
-1.161879,-47.467788,-1.161773,-47.467226,BRIDGE
-1.161605,-46.755984,-1.161744,-46.756175,BRIDGE
-1.161467,-46.796790,-1.161344,-46.796943,BRIDGE
-1.159634,-48.345440,-1.159490,-48.345597,BRIDGE
-1.155726,-47.963722,-1.155666,-47.963682,BRIDGE
-1.155506,-48.130052,-1.155633,-48.130051,BRIDGE
-1.154565,-47.048046,-1.154304,-47.047954,BRIDGE
-1.153877,-46.963870,-1.153747,-46.963985,BRIDGE
-1.153181,-47.936710,-1.153149,-47.936664,BRIDGE
-1.148602,-46.360420,-1.148652,-46.360271,BRIDGE
-1.148051,-46.736438,-1.148143,-46.736565,BRIDGE
-1.147509,-46.957472,-1.147740,-46.957785,BRIDGE
-1.147246,-46.413625,-1.147069,-46.413231,BRIDGE
-1.146843,-47.894292,-1.146901,-47.894234,BRIDGE
-1.145254,-48.361090,-1.145102,-48.361254,BRIDGE
-1.144680,-48.151321,-1.144683,-48.151397,BRIDGE
-1.144514,-48.397745,-1.144939,-48.397594,BRIDGE
-1.143465,-47.857138,-1.143544,-47.857118,BRIDGE
-1.140084,-46.824393,-1.139961,-46.824383,BRIDGE
-1.139951,-46.902080,-1.139859,-46.902118,BRIDGE
-1.138881,-47.914332,-1.138866,-47.914253,BRIDGE
-1.136989,-47.961057,-1.136919,-47.961120,BRIDGE
-1.135551,-48.008197,-1.135609,-48.008267,BRIDGE
-1.135306,-46.458360,-1.135540,-46.458321,BRIDGE
-1.132215,-46.619500,-1.132213,-46.619195,BRIDGE
-1.132048,-48.441422,-1.132414,-48.440767,BRIDGE
-1.131486,-47.625891,-1.131389,-47.625880,BRIDGE
-1.130583,-47.627671,-1.130492,-47.627656,BRIDGE
-1.126381,-47.572382,-1.126352,-47.572254,BRIDGE
-1.126036,-46.488224,-1.126265,-46.487881,BRIDGE
-1.125619,-47.629251,-1.125636,-47.629080,BRIDGE
-1.124901,-47.612055,-1.125011,-47.612065,BRIDGE
-1.124326,-47.629544,-1.124331,-47.629444,BRIDGE
-1.123493,-46.699272,-1.123503,-46.699370,BRIDGE
-1.122448,-47.693851,-1.122484,-47.693460,BRIDGE
-1.121935,-46.694481,-1.122021,-46.694537,BRIDGE
-1.121782,-47.901740,-1.121772,-47.901840,BRIDGE
-1.121526,-47.918446,-1.121581,-47.918450,BRIDGE
-1.118511,-47.631456,-1.118368,-47.631436,BRIDGE
-1.118378,-47.624462,-1.118546,-47.624483,BRIDGE
-1.117902,-46.518622,-1.117924,-46.518534,BRIDGE
-1.117257,-47.631239,-1.117176,-47.631256,BRIDGE
-1.114529,-46.764520,-1.114548,-46.764681,BRIDGE
-1.108072,-48.383045,-1.108064,-48.382961,BRIDGE
-1.106289,-46.652442,-1.106222,-46.652398,BRIDGE
-1.103764,-46.443731,-1.103764,-46.443105,BRIDGE
-1.102396,-48.413131,-1.102910,-48.413246,BRIDGE
-1.102097,-47.910871,-1.102128,-47.910830,BRIDGE
-1.101384,-47.925830,-1.101393,-47.925732,BRIDGE
-1.097476,-46.792566,-1.097280,-46.792505,BRIDGE
-1.094017,-46.504825,-1.094070,-46.504690,BRIDGE
-1.091485,-46.979771,-1.091409,-46.980066,BRIDGE
-1.089727,-47.835401,-1.089740,-47.835477,BRIDGE
-1.085650,-47.933276,-1.085663,-47.933346,BRIDGE
-1.084230,-48.365676,-1.084152,-48.365377,BRIDGE
-1.083158,-46.689855,-1.083219,-46.689815,BRIDGE
-1.079127,-46.738650,-1.079147,-46.738654,BRIDGE
-1.078304,-46.738490,-1.078383,-46.738506,BRIDGE
-1.077173,-48.075193,-1.077090,-48.075462,BRIDGE
-1.075314,-46.910625,-1.075312,-46.910541,BRIDGE
-1.075096,-46.636526,-1.075421,-46.636251,BRIDGE
-1.074907,-46.552093,-1.075038,-46.551881,BRIDGE
-1.074261,-46.763390,-1.074445,-46.763339,BRIDGE
-1.070979,-46.909035,-1.071033,-46.908935,BRIDGE
-1.070293,-46.814595,-1.070430,-46.814693,BRIDGE
-1.070008,-46.767224,-1.070224,-46.767242,BRIDGE
-1.069664,-46.605661,-1.069543,-46.605420,BRIDGE
-1.069652,-46.766178,-1.069766,-46.766169,BRIDGE
-1.066388,-47.864796,-1.066311,-47.864821,BRIDGE
-1.064852,-46.570701,-1.064871,-46.570595,BRIDGE
-1.064454,-46.574495,-1.064458,-46.574429,BRIDGE
-1.064142,-46.582611,-1.064156,-46.582473,BRIDGE
-1.064090,-46.807012,-1.064092,-46.807146,BRIDGE
-1.064036,-46.776257,-1.064078,-46.776218,BRIDGE
-1.062897,-46.805961,-1.063053,-46.805898,BRIDGE
-1.062521,-46.756175,-1.061949,-46.754902,BRIDGE
-1.062375,-46.641179,-1.062462,-46.641207,BRIDGE
-1.060153,-46.772602,-1.060142,-46.772516,BRIDGE
-1.059832,-46.772083,-1.059789,-46.772048,BRIDGE
-1.058664,-46.782252,-1.058772,-46.782047,BRIDGE
-1.058538,-46.772054,-1.058515,-46.771963,BRIDGE
-1.058323,-46.707181,-1.058336,-46.707115,BRIDGE
-1.057220,-46.899300,-1.057381,-46.899438,BRIDGE
-1.056880,-46.776781,-1.056833,-46.776799,BRIDGE
-1.054562,-47.707837,-1.054392,-47.707653,BRIDGE
-1.054057,-46.771596,-1.053560,-46.771735,BRIDGE
-1.052582,-46.769770,-1.052711,-46.769728,BRIDGE
-1.051629,-46.767916,-1.051650,-46.767905,BRIDGE
-1.051625,-46.767814,-1.051606,-46.767820,BRIDGE
-1.051386,-46.766402,-1.051469,-46.766383,BRIDGE
-1.051366,-46.765565,-1.051222,-46.765608,BRIDGE
-1.051034,-46.765132,-1.051103,-46.765112,BRIDGE
-1.050955,-46.764056,-1.050870,-46.764075,BRIDGE
-1.050678,-46.938540,-1.050723,-46.938485,BRIDGE
-1.050562,-46.763515,-1.050636,-46.763499,BRIDGE
-1.050325,-46.762836,-1.050234,-46.762866,BRIDGE
-1.049783,-46.762378,-1.049697,-46.762402,BRIDGE
-1.048755,-46.761959,-1.048905,-46.761914,BRIDGE
-1.048402,-46.759834,-1.048256,-46.759882,BRIDGE
-1.044415,-47.909085,-1.044612,-47.909173,BRIDGE
-1.043828,-46.742149,-1.043861,-46.742093,BRIDGE
-1.040576,-46.769447,-1.040738,-46.769404,BRIDGE
-1.039762,-46.888598,-1.039890,-46.888603,BRIDGE
-1.039302,-46.918997,-1.039467,-46.919112,BRIDGE
-1.035846,-46.793145,-1.035805,-46.793162,BRIDGE
-1.034438,-46.640761,-1.034584,-46.640781,BRIDGE
-1.031828,-46.859609,-1.031814,-46.859665,BRIDGE
-1.030206,-47.352046,-1.029279,-47.352538,BRIDGE
-1.026226,-46.956841,-1.026397,-46.956841,BRIDGE
-1.026114,-46.687561,-1.026180,-46.687653,BRIDGE
-1.020006,-48.247118,-1.020093,-48.247614,BRIDGE
-1.016546,-46.794888,-1.016507,-46.794688,BRIDGE
-1.016495,-48.026792,-1.016419,-48.026871,BRIDGE
-1.015818,-48.027502,-1.015699,-48.027649,BRIDGE
-1.014967,-46.960350,-1.015143,-46.960197,BRIDGE
-1.014649,-46.669053,-1.014677,-46.669028,BRIDGE
-1.012842,-46.648017,-1.012916,-46.647884,BRIDGE
-1.012543,-46.726267,-1.012457,-46.726225,BRIDGE
-1.012412,-46.728875,-1.012466,-46.728830,BRIDGE
-1.012049,-46.639221,-1.011943,-46.639139,BRIDGE
-1.011788,-57.016054,-1.011680,-57.016005,BRIDGE
-1.011455,-47.604087,-1.011454,-47.604261,BRIDGE
-1.010582,-48.963550,-1.010415,-48.963681,BRIDGE
-1.005893,-46.994953,-1.005787,-46.994302,BRIDGE
-1.002381,-46.801310,-1.002152,-46.801473,BRIDGE
-1.001985,-46.668445,-1.002421,-46.668347,BRIDGE
-0.999213,-47.541236,-0.998956,-47.540942,BRIDGE
-0.993114,-46.628411,-0.992689,-46.628350,BRIDGE
-0.982806,-46.819242,-0.982658,-46.819299,BRIDGE
-0.979224,-46.601093,-0.979568,-46.600076,BRIDGE
-0.973828,-48.301556,-0.973677,-48.301789,BRIDGE
-0.968993,-46.737773,-0.968739,-46.737663,BRIDGE
-0.953582,-47.996108,-0.953687,-47.995739,BRIDGE
-0.949818,-47.332878,-0.950016,-47.332731,BRIDGE
-0.947895,-47.672848,-0.948161,-47.672191,BRIDGE
-0.944996,-47.901871,-0.945532,-47.901657,BRIDGE
-0.941693,-47.911953,-0.941519,-47.911646,BRIDGE
-0.941628,-48.236350,-0.941519,-48.235791,BRIDGE
-0.941065,-47.512726,-0.941168,-47.512388,BRIDGE
-0.935824,-47.647067,-0.936078,-47.647061,BRIDGE
-0.935706,-47.115406,-0.935843,-47.115411,BRIDGE
-0.935260,-47.109250,-0.935376,-47.109510,BRIDGE
-0.934075,-52.708730,-0.933536,-52.708756,BRIDGE
-0.933338,-47.106259,-0.933501,-47.106563,BRIDGE
-0.930604,-47.101222,-0.930683,-47.101375,BRIDGE
-0.929464,-52.865301,-0.930003,-52.865473,BRIDGE
-0.927598,-47.906382,-0.927670,-47.906462,BRIDGE
-0.926108,-47.076025,-0.926127,-47.076158,BRIDGE
-0.925991,-52.438270,-0.926092,-52.438159,BRIDGE
-0.923040,-52.541242,-0.921993,-52.541514,BRIDGE
-0.914100,-52.415614,-0.914100,-52.415427,BRIDGE
-0.908275,-48.006186,-0.907959,-48.005879,BRIDGE
-0.892973,-47.116505,-0.893240,-47.116197,BRIDGE
-0.891442,-46.656405,-0.891085,-46.656167,BRIDGE
-0.886183,-52.768345,-0.886266,-52.768597,BRIDGE
-0.885705,-52.766838,-0.885794,-52.767092,BRIDGE
-0.881958,-48.650940,-0.881923,-48.650715,BRIDGE
-0.881572,-47.202978,-0.881477,-47.202823,BRIDGE
-0.874657,-46.650211,-0.874163,-46.650099,BRIDGE
-0.852474,-46.606968,-0.853028,-46.606552,BRIDGE
-0.850950,-48.139449,-0.851185,-48.139459,BRIDGE
-0.850118,-48.143695,-0.850310,-48.143783,BRIDGE
-0.849763,-48.140336,-0.849761,-48.140147,BRIDGE
-0.846355,-47.291368,-0.846366,-47.291231,BRIDGE
-0.845897,-46.648138,-0.845560,-46.647656,BRIDGE
-0.843692,-47.856944,-0.843795,-47.856947,BRIDGE
-0.843656,-46.612333,-0.843369,-46.612240,BRIDGE
-0.842403,-52.980414,-0.842714,-52.980228,BRIDGE
-0.840407,-46.640563,-0.840316,-46.637943,BRIDGE
-0.829401,-52.761165,-0.829222,-52.761398,BRIDGE
-0.829055,-47.854863,-0.829058,-47.854713,BRIDGE
-0.828916,-52.815919,-0.829046,-52.816055,BRIDGE
-0.827718,-47.856761,-0.827937,-47.856768,BRIDGE
-0.826868,-47.015394,-0.826596,-47.015752,BRIDGE
-0.826279,-47.866765,-0.826137,-47.866551,BRIDGE
-0.826075,-47.837134,-0.826099,-47.837065,BRIDGE
-0.825911,-47.854790,-0.825906,-47.854918,BRIDGE
-0.822838,-47.852809,-0.822847,-47.852729,BRIDGE
-0.801160,-48.543379,-0.801713,-48.543053,BRIDGE
-0.783384,-47.852351,-0.783536,-47.852222,BRIDGE
-0.782339,-47.831654,-0.782344,-47.831538,BRIDGE
-0.781095,-48.537486,-0.781286,-48.537569,BRIDGE
-0.780597,-47.878441,-0.780597,-47.878291,BRIDGE
-0.779841,-47.288780,-0.779820,-47.288745,BRIDGE
-0.778622,-47.860654,-0.778587,-47.860667,TUNNEL
-0.778413,-47.859897,-0.778368,-47.859749,BRIDGE
-0.774479,-47.883091,-0.774424,-47.883049,BRIDGE
-0.749614,-47.845036,-0.749733,-47.844943,BRIDGE
-0.735391,-47.320357,-0.735083,-47.320282,BRIDGE
-0.726734,-47.849931,-0.726630,-47.849828,BRIDGE
-0.720115,-47.867463,-0.719875,-47.867706,BRIDGE
-0.719875,-47.867706,-0.719673,-47.867908,BRIDGE
-0.665219,-49.173068,-0.665651,-49.173153,BRIDGE
-0.661823,-47.782091,-0.657217,-47.787637,BRIDGE
-0.638678,-47.308855,-0.637010,-47.308073,BRIDGE
-0.636983,-47.308141,-0.638632,-47.308929,BRIDGE
-0.630095,-48.495444,-0.629933,-48.495296,BRIDGE
2.225699,-55.956806,2.225046,-55.956623,BRIDGE
