lat1,lng1,lat2,lng2,kind
-18.006664,-53.494591,-18.006611,-53.494492,BRIDGE
-17.996092,-53.395738,-17.996188,-53.395767,BRIDGE
-17.995629,-53.296700,-17.995721,-53.296633,BRIDGE
-17.988637,-53.529629,-17.988728,-53.529535,BRIDGE
-17.981565,-53.553333,-17.981611,-53.553419,BRIDGE
-17.972051,-53.631845,-17.972087,-53.631684,BRIDGE
-17.971559,-53.660321,-17.971667,-53.660015,BRIDGE
-17.950318,-53.592846,-17.950417,-53.592792,BRIDGE
-17.949994,-53.738858,-17.950005,-53.738225,BRIDGE
-17.942835,-53.560223,-17.942753,-53.560161,BRIDGE
-17.932272,-53.379387,-17.932214,-53.379447,BRIDGE
-17.913135,-53.325543,-17.913190,-53.325481,BRIDGE
-17.908759,-53.312946,-17.908812,-53.312873,BRIDGE
-17.907035,-53.409011,-17.907050,-53.408921,BRIDGE
-17.902249,-53.720410,-17.902348,-53.720261,BRIDGE
-17.899441,-53.834805,-17.899321,-53.834840,BRIDGE
-17.894677,-53.703823,-17.894706,-53.703733,BRIDGE
-17.890478,-53.276597,-17.890479,-53.276682,BRIDGE
-17.888892,-53.765214,-17.888971,-53.765191,BRIDGE
-17.864906,-53.775420,-17.865092,-53.775262,BRIDGE
-17.864834,-53.228757,-17.864937,-53.228764,BRIDGE
-17.864607,-53.228484,-17.864674,-53.228368,BRIDGE
-17.859519,-53.269368,-17.859877,-53.269181,BRIDGE
-17.854939,-53.724738,-17.854975,-53.724864,BRIDGE
-17.853504,-53.380334,-17.853521,-53.380229,BRIDGE
-17.845302,-53.284338,-17.845233,-53.284227,BRIDGE
-17.844610,-53.217848,-17.844627,-53.217751,BRIDGE
-17.831691,-53.295615,-17.831791,-53.295614,BRIDGE
-17.828715,-53.834038,-17.828891,-53.834044,BRIDGE
-17.794313,-53.850013,-17.794412,-53.850069,BRIDGE
-17.790134,-53.247305,-17.790099,-53.247133,BRIDGE
-17.776576,-53.656814,-17.776650,-53.656867,BRIDGE
-17.767768,-53.846325,-17.767891,-53.846269,BRIDGE
-17.758169,-53.840727,-17.758074,-53.840813,BRIDGE
-17.702778,-53.639716,-17.702832,-53.639745,BRIDGE
-17.676534,-53.624005,-17.676612,-53.623982,BRIDGE
-17.660915,-53.613920,-17.661009,-53.613858,BRIDGE
-17.643475,-53.515753,-17.643526,-53.515633,BRIDGE
-17.640417,-53.594271,-17.640238,-53.594574,BRIDGE
-17.637461,-53.546253,-17.637349,-53.546277,BRIDGE
-17.637265,-53.479944,-17.637250,-53.479755,BRIDGE
-17.633114,-53.627296,-17.633201,-53.627174,BRIDGE
-17.628259,-53.469134,-17.628165,-53.469051,BRIDGE
-17.612169,-54.835712,-17.612312,-54.835550,BRIDGE
-17.604455,-54.835422,-17.603596,-54.835285,BRIDGE
-17.596450,-55.104722,-17.596558,-55.104725,BRIDGE
-17.593224,-53.644052,-17.593375,-53.644103,BRIDGE
-17.590156,-54.341760,-17.590050,-54.341839,BRIDGE
-17.574171,-53.450134,-17.574222,-53.450058,BRIDGE
-17.571270,-53.643242,-17.571337,-53.643360,BRIDGE
-17.562369,-53.308323,-17.562106,-53.308481,BRIDGE
-17.554178,-53.633607,-17.554218,-53.633705,BRIDGE
-17.552841,-53.470393,-17.552755,-53.470471,BRIDGE
-17.534715,-54.426716,-17.534637,-54.427004,BRIDGE
-17.531537,-53.626258,-17.531625,-53.626202,BRIDGE
-17.521141,-54.739792,-17.519675,-54.739804,BRIDGE
-17.521126,-54.740186,-17.520505,-54.740165,BRIDGE
-17.490126,-55.241341,-17.489942,-55.241315,BRIDGE
-17.488369,-53.625759,-17.488523,-53.625732,BRIDGE
-17.483365,-54.227507,-17.483207,-54.227510,BRIDGE
-17.474767,-54.513154,-17.474804,-54.513022,BRIDGE
-17.470193,-55.246422,-17.470275,-55.246333,BRIDGE
-17.452047,-53.495029,-17.452001,-53.495101,BRIDGE
-17.440514,-53.629125,-17.440655,-53.629114,BRIDGE
-17.438363,-54.952971,-17.438325,-54.953085,BRIDGE
-17.425179,-54.451546,-17.425262,-54.451558,BRIDGE
-17.421523,-55.315773,-17.421730,-55.315862,BRIDGE
-17.420555,-54.319078,-17.420749,-54.318992,BRIDGE
-17.416757,-53.465503,-17.416732,-53.465423,BRIDGE
-17.406635,-54.791497,-17.406757,-54.791565,BRIDGE
-17.402107,-53.562828,-17.402020,-53.562817,BRIDGE
-17.397316,-54.758652,-17.397302,-54.758069,BRIDGE
-17.394271,-53.681509,-17.394348,-53.681546,BRIDGE
-17.391616,-53.933217,-17.391584,-53.933347,BRIDGE
-17.389990,-54.264786,-17.390121,-54.264830,BRIDGE
-17.380590,-53.539925,-17.380543,-53.539876,BRIDGE
-17.371394,-54.737361,-17.371476,-54.737346,BRIDGE
-17.369438,-53.454425,-17.369394,-53.454354,BRIDGE
-17.365827,-53.609545,-17.365748,-53.609607,BRIDGE
-17.358343,-53.349218,-17.358347,-53.349157,BRIDGE
-17.357018,-53.634621,-17.357243,-53.634760,BRIDGE
-17.350544,-53.626835,-17.350664,-53.626914,BRIDGE
-17.344686,-53.994906,-17.345034,-53.994726,BRIDGE
-17.344095,-56.780133,-17.343736,-56.780472,BRIDGE
-17.343701,-54.535546,-17.343699,-54.535631,BRIDGE
-17.340758,-56.783283,-17.340566,-56.783464,BRIDGE
-17.335686,-55.145638,-17.335558,-55.145810,BRIDGE
-17.334265,-53.613922,-17.334114,-53.613989,BRIDGE
-17.330990,-55.514504,-17.331096,-55.514211,BRIDGE
-17.326787,-56.800149,-17.326303,-56.800894,BRIDGE
-17.325548,-54.524759,-17.325414,-54.524744,BRIDGE
-17.321996,-53.241074,-17.321927,-53.241176,BRIDGE
-17.321108,-54.392369,-17.321039,-54.392322,BRIDGE
-17.316830,-56.814658,-17.316549,-56.815065,BRIDGE
-17.315892,-54.818123,-17.315915,-54.818199,BRIDGE
-17.312014,-53.927054,-17.312117,-53.926982,BRIDGE
-17.310686,-53.223954,-17.310626,-53.224275,BRIDGE
-17.309869,-54.212759,-17.309703,-54.212548,BRIDGE
-17.307840,-53.223162,-17.308045,-53.223167,BRIDGE
-17.307374,-56.828359,-17.307194,-56.828620,BRIDGE
-17.307087,-53.219316,-17.306937,-53.219336,BRIDGE
-17.306990,-56.828915,-17.306809,-56.829178,BRIDGE
-17.306116,-56.830182,-17.305830,-56.830597,BRIDGE
-17.304976,-56.831834,-17.304722,-56.832202,BRIDGE
-17.304656,-54.534295,-17.304555,-54.534347,BRIDGE
-17.301838,-54.762799,-17.301372,-54.762841,BRIDGE
-17.301383,-54.763009,-17.301900,-54.762954,BRIDGE
-17.299545,-53.918817,-17.299543,-53.918733,BRIDGE
-17.295549,-56.842662,-17.295321,-56.843075,BRIDGE
-17.291297,-56.850448,-17.291084,-56.850816,BRIDGE
-17.288027,-56.856375,-17.287863,-56.856670,BRIDGE
-17.287671,-56.857025,-17.287474,-56.857379,BRIDGE
-17.287023,-54.930003,-17.287085,-54.929939,BRIDGE
-17.284682,-56.862456,-17.284368,-56.863026,BRIDGE
-17.277437,-56.875630,-17.277170,-56.876115,BRIDGE
-17.274697,-56.880611,-17.274459,-56.881045,BRIDGE
-17.273671,-56.882477,-17.273403,-56.882965,BRIDGE
-17.269754,-56.889598,-17.269559,-56.889954,BRIDGE
-17.268969,-53.977081,-17.268979,-53.976998,BRIDGE
-17.266477,-56.895549,-17.266139,-56.896160,BRIDGE
-17.264145,-54.828831,-17.264023,-54.829120,BRIDGE
-17.261329,-56.904858,-17.261094,-56.905282,BRIDGE
-17.256261,-56.908719,-17.256061,-56.908763,BRIDGE
-17.255103,-53.236396,-17.254916,-53.236530,BRIDGE
-17.254448,-56.909118,-17.254018,-56.909213,BRIDGE
-17.251929,-54.761863,-17.251362,-54.761796,BRIDGE
-17.251342,-54.761987,-17.251968,-54.762037,BRIDGE
-17.245865,-56.911005,-17.245689,-56.911044,BRIDGE
-17.245519,-54.181436,-17.245758,-54.181435,BRIDGE
-17.238537,-53.270479,-17.238102,-53.270477,BRIDGE
-17.238125,-56.912707,-17.237943,-56.912748,BRIDGE
-17.235737,-54.946915,-17.235724,-54.946950,BRIDGE
-17.233781,-54.759804,-17.233745,-54.760262,BRIDGE
-17.232175,-53.735445,-17.232022,-53.735401,BRIDGE
-17.231639,-56.914148,-17.231412,-56.914198,BRIDGE
-17.229925,-54.957475,-17.229843,-54.957493,BRIDGE
-17.228040,-53.979868,-17.228122,-53.979887,BRIDGE
-17.226782,-53.926412,-17.226762,-53.926287,BRIDGE
-17.222649,-56.916125,-17.222475,-56.916164,BRIDGE
-17.221682,-53.964763,-17.221804,-53.964889,BRIDGE
-17.220592,-53.964773,-17.220566,-53.964862,BRIDGE
-17.217403,-54.975393,-17.217354,-54.975382,BRIDGE
-17.217293,-55.008423,-17.217311,-55.008359,BRIDGE
-17.216883,-53.293135,-17.216975,-53.292580,BRIDGE
-17.216059,-54.077659,-17.216100,-54.077585,BRIDGE
-17.214724,-54.137458,-17.214608,-54.137447,BRIDGE
-17.214232,-56.917961,-17.214095,-56.917991,BRIDGE
-17.213726,-53.338145,-17.213701,-53.337924,BRIDGE
-17.213646,-54.758444,-17.213393,-54.758438,BRIDGE
-17.213374,-54.758575,-17.213628,-54.758567,BRIDGE
-17.213127,-54.014878,-17.213214,-54.014867,BRIDGE
-17.211495,-54.147623,-17.211602,-54.147623,BRIDGE
-17.211436,-54.151023,-17.211336,-54.151058,BRIDGE
-17.209883,-53.277034,-17.209981,-53.277163,BRIDGE
-17.205485,-56.919869,-17.205323,-56.919905,BRIDGE
-17.204832,-54.151695,-17.205175,-54.150934,BRIDGE
-17.201755,-54.076412,-17.201868,-54.076567,BRIDGE
-17.200264,-54.115638,-17.200312,-54.115703,BRIDGE
-17.199852,-53.709806,-17.199798,-53.709750,BRIDGE
-17.197700,-55.023111,-17.197779,-55.023127,BRIDGE
-17.197453,-54.157243,-17.197704,-54.157147,BRIDGE
-17.195357,-56.922078,-17.195230,-56.922106,BRIDGE
-17.193503,-53.553485,-17.193546,-53.553567,BRIDGE
-17.190679,-53.985402,-17.190362,-53.985577,BRIDGE
-17.190328,-54.163435,-17.190425,-54.163504,BRIDGE
-17.189100,-56.923443,-17.188963,-56.923473,BRIDGE
-17.186781,-53.554493,-17.186851,-53.554514,BRIDGE
-17.185717,-53.376621,-17.185817,-53.376522,BRIDGE
-17.183190,-54.760874,-17.182294,-54.760849,BRIDGE
-17.182897,-54.117429,-17.182974,-54.117730,BRIDGE
-17.182254,-54.761043,-17.183191,-54.761049,BRIDGE
-17.182215,-54.088380,-17.182250,-54.088456,BRIDGE
-17.180477,-53.434305,-17.180561,-53.434419,BRIDGE
-17.180021,-53.327042,-17.179803,-53.326863,BRIDGE
-17.179785,-54.051824,-17.179894,-54.051895,BRIDGE
-17.179013,-54.021487,-17.179178,-54.021765,BRIDGE
-17.175491,-54.211634,-17.175394,-54.211489,BRIDGE
-17.169830,-56.927703,-17.169647,-56.927745,BRIDGE
-17.162830,-54.592573,-17.162614,-54.592567,BRIDGE
-17.162348,-56.929408,-17.162178,-56.929447,BRIDGE
-17.162239,-54.556410,-17.162160,-54.556329,BRIDGE
-17.153491,-56.054018,-17.153807,-56.053194,BRIDGE
-17.153260,-56.931416,-17.153075,-56.931457,BRIDGE
-17.148641,-54.022906,-17.148562,-54.023148,BRIDGE
-17.145124,-56.933258,-17.144955,-56.933296,BRIDGE
-17.142740,-54.013577,-17.142833,-54.013584,BRIDGE
-17.138826,-54.557006,-17.138769,-54.557066,BRIDGE
-17.137747,-55.299411,-17.137693,-55.299499,BRIDGE
-17.137664,-56.934940,-17.137492,-56.934979,BRIDGE
-17.136576,-55.301068,-17.136859,-55.300751,BRIDGE
-17.135925,-55.302389,-17.136026,-55.302114,BRIDGE
-17.135331,-54.937002,-17.135439,-54.937190,BRIDGE
-17.134096,-54.319493,-17.134018,-54.319454,BRIDGE
-17.133965,-53.854846,-17.134041,-53.854874,BRIDGE
-17.131203,-54.936983,-17.131268,-54.936930,BRIDGE
-17.130446,-56.936583,-17.130252,-56.936627,BRIDGE
-17.123372,-53.143362,-17.123438,-53.143305,BRIDGE
-17.123075,-53.939112,-17.122888,-53.939465,BRIDGE
-17.122435,-53.882745,-17.122230,-53.883110,BRIDGE
-17.121568,-56.938603,-17.121430,-56.938635,BRIDGE
-17.120138,-54.759773,-17.119882,-54.759793,BRIDGE
-17.119905,-54.759976,-17.120119,-54.759960,BRIDGE
-17.115403,-53.397097,-17.115273,-53.396984,BRIDGE
-17.112403,-54.356132,-17.112372,-54.356226,BRIDGE
-17.110847,-54.467285,-17.111149,-54.467131,BRIDGE
-17.109517,-54.364640,-17.109553,-54.364716,BRIDGE
-17.106726,-56.941944,-17.106101,-56.942087,BRIDGE
-17.106250,-53.805842,-17.106160,-53.805757,BRIDGE
-17.101281,-53.357755,-17.101334,-53.357691,BRIDGE
-17.098398,-53.179343,-17.098479,-53.179342,BRIDGE
-17.095833,-56.944383,-17.095561,-56.944443,BRIDGE
-17.094096,-54.840962,-17.093737,-54.841122,BRIDGE
-17.093703,-53.826058,-17.093607,-53.826070,BRIDGE
-17.092493,-54.759936,-17.092321,-54.760494,BRIDGE
-17.089316,-54.980406,-17.089200,-54.980431,BRIDGE
-17.086479,-53.926825,-17.086420,-53.926883,BRIDGE
-17.084711,-55.765226,-17.084853,-55.765245,BRIDGE
-17.083369,-54.802864,-17.083366,-54.802970,BRIDGE
-17.083158,-53.557291,-17.083467,-53.557208,BRIDGE
-17.082305,-53.230044,-17.082451,-53.230015,BRIDGE
-17.081557,-56.947587,-17.081302,-56.947644,BRIDGE
-17.077298,-53.601006,-17.077282,-53.600923,BRIDGE
-17.077113,-54.918488,-17.077231,-54.918501,BRIDGE
-17.075855,-56.948866,-17.075619,-56.948920,BRIDGE
-17.075523,-53.802666,-17.075304,-53.802901,BRIDGE
-17.073040,-54.841645,-17.072882,-54.841316,BRIDGE
-17.069419,-56.950311,-17.069199,-56.950360,BRIDGE
-17.068752,-54.234523,-17.068678,-54.234487,BRIDGE
-17.068070,-56.950614,-17.067889,-56.950654,BRIDGE
-17.066600,-54.047643,-17.066441,-54.047547,BRIDGE
-17.060990,-56.952203,-17.060706,-56.952266,BRIDGE
-17.056704,-53.254186,-17.056767,-53.254088,BRIDGE
-17.053457,-56.953949,-17.053156,-56.954016,BRIDGE
-17.052259,-53.113365,-17.052196,-53.113325,BRIDGE
-17.049764,-53.618506,-17.049874,-53.618337,BRIDGE
-17.049042,-56.954948,-17.048758,-56.955016,BRIDGE
-17.043550,-53.239074,-17.043467,-53.239061,BRIDGE
-17.042406,-56.956417,-17.042113,-56.956482,BRIDGE
-17.041603,-53.149656,-17.041394,-53.149790,BRIDGE
-17.040191,-54.719788,-17.040359,-54.719776,BRIDGE
-17.036726,-56.957670,-17.036509,-56.957718,BRIDGE
-17.034598,-54.006008,-17.034677,-54.006112,BRIDGE
-17.033918,-54.029136,-17.033877,-54.029260,BRIDGE
-17.029190,-56.959389,-17.028924,-56.959460,BRIDGE
-17.029099,-54.771228,-17.029166,-54.771328,BRIDGE
-17.027246,-53.895955,-17.027351,-53.895786,BRIDGE
-17.024633,-53.797435,-17.024552,-53.797517,BRIDGE
-17.023603,-56.960682,-17.023372,-56.960735,BRIDGE
-17.020459,-53.148202,-17.020608,-53.148322,BRIDGE
-17.019835,-54.761841,-17.019363,-54.761677,BRIDGE
-17.019369,-54.761803,-17.019867,-54.761980,BRIDGE
-17.018518,-56.961835,-17.018219,-56.961904,BRIDGE
-17.015781,-53.198899,-17.015942,-53.198896,BRIDGE
-17.015161,-56.962616,-17.014900,-56.962677,BRIDGE
-17.014860,-54.760347,-17.015075,-54.759740,BRIDGE
-17.009693,-56.963889,-17.009444,-56.963947,BRIDGE
-17.004090,-56.965193,-17.003723,-56.965278,BRIDGE
-16.997370,-56.965124,-16.997240,-56.964994,BRIDGE
-16.995179,-53.056143,-16.995051,-53.056077,BRIDGE
-16.994041,-53.764623,-16.994088,-53.764553,BRIDGE
-16.989831,-56.957124,-16.989696,-56.956987,BRIDGE
-16.985862,-53.290639,-16.985912,-53.290638,BRIDGE
-16.985445,-53.290883,-16.985479,-53.290804,BRIDGE
-16.984556,-56.951564,-16.984381,-56.951374,BRIDGE
-16.983366,-53.156068,-16.983436,-53.156021,BRIDGE
-16.982361,-53.762645,-16.982485,-53.762689,BRIDGE
-16.981396,-53.154601,-16.981432,-53.154365,BRIDGE
-16.980926,-53.274664,-16.980817,-53.274655,BRIDGE
-16.977343,-56.940057,-16.977253,-56.939836,BRIDGE
-16.974261,-56.932160,-16.974135,-56.931845,BRIDGE
-16.971032,-54.393015,-16.971120,-54.393056,BRIDGE
-16.966439,-56.918945,-16.966233,-56.918718,BRIDGE
-16.964698,-56.917043,-16.964568,-56.916898,BRIDGE
-16.960289,-56.912404,-16.960129,-56.912242,BRIDGE
-16.958412,-53.244129,-16.958167,-53.244130,BRIDGE
-16.958405,-53.310800,-16.958495,-53.310763,BRIDGE
-16.957656,-53.172275,-16.957800,-53.172305,BRIDGE
-16.957564,-53.879161,-16.957612,-53.879037,BRIDGE
-16.956809,-53.494221,-16.956938,-53.494237,BRIDGE
-16.955094,-56.906841,-16.954966,-56.906704,BRIDGE
-16.953156,-53.226544,-16.953166,-53.226442,BRIDGE
-16.952535,-53.237724,-16.952404,-53.237753,BRIDGE
-16.950088,-55.826519,-16.949996,-55.826645,BRIDGE
-16.947266,-53.239275,-16.947147,-53.239186,BRIDGE
-16.946518,-53.499679,-16.946583,-53.499545,BRIDGE
-16.946147,-56.897340,-16.946015,-56.897199,BRIDGE
-16.945462,-54.840982,-16.945416,-54.840912,BRIDGE
-16.941243,-53.534336,-16.941166,-53.534376,BRIDGE
-16.940320,-53.533574,-16.940222,-53.533614,BRIDGE
-16.939378,-53.531579,-16.939308,-53.531611,BRIDGE
-16.939294,-53.232889,-16.939297,-53.232980,BRIDGE
-16.939147,-53.530606,-16.939080,-53.530637,BRIDGE
-16.938248,-53.529769,-16.938160,-53.529816,BRIDGE
-16.937975,-56.888663,-16.937830,-56.888510,BRIDGE
-16.937344,-54.955098,-16.937214,-54.955148,BRIDGE
-16.936879,-53.527595,-16.937007,-53.527534,BRIDGE
-16.931876,-56.882188,-16.931796,-56.882103,BRIDGE
-16.931282,-56.772494,-16.931732,-56.771877,BRIDGE
-16.930659,-54.255513,-16.930906,-54.255448,BRIDGE
-16.927980,-54.445463,-16.928278,-54.445383,BRIDGE
-16.925984,-53.862967,-16.925912,-53.863007,BRIDGE
-16.925052,-56.873930,-16.924880,-56.873722,BRIDGE
-16.924719,-53.214045,-16.924870,-53.214163,BRIDGE
-16.918468,-56.865693,-16.918322,-56.865524,BRIDGE
-16.916869,-53.047956,-16.916959,-53.048032,BRIDGE
-16.916012,-56.805196,-16.916176,-56.804831,BRIDGE
-16.914426,-56.808661,-16.914683,-56.808135,BRIDGE
-16.913759,-56.810249,-16.913915,-56.809884,BRIDGE
-16.913491,-53.104992,-16.913430,-53.104756,BRIDGE
-16.912163,-54.238796,-16.912011,-54.238815,BRIDGE
-16.911116,-56.815544,-16.911277,-56.815219,BRIDGE
-16.909273,-56.854166,-16.909158,-56.854021,BRIDGE
-16.907769,-53.115502,-16.907673,-53.115349,BRIDGE
-16.907362,-56.822990,-16.907510,-56.822705,BRIDGE
-16.905372,-53.712708,-16.905447,-53.712595,BRIDGE
-16.903486,-56.830704,-16.903596,-56.830486,BRIDGE
-16.893850,-56.844634,-16.893416,-56.844435,BRIDGE
-16.889887,-56.842814,-16.889741,-56.842747,BRIDGE
-16.884942,-56.839851,-16.884745,-56.839712,BRIDGE
-16.875993,-56.833078,-16.875652,-56.832847,BRIDGE
-16.870964,-53.045239,-16.871263,-53.045183,BRIDGE
-16.868463,-56.829892,-16.868035,-56.829906,BRIDGE
-16.868061,-53.209835,-16.868030,-53.209924,BRIDGE
-16.866609,-53.399968,-16.866209,-53.399786,BRIDGE
-16.865311,-53.032922,-16.864747,-53.032446,BRIDGE
-16.863114,-54.559271,-16.863044,-54.559503,BRIDGE
-16.862714,-56.831051,-16.862533,-56.831105,BRIDGE
-16.857691,-54.706856,-16.857322,-54.706736,BRIDGE
-16.857268,-54.706873,-16.857635,-54.706996,BRIDGE
-16.854596,-53.232450,-16.854673,-53.232381,BRIDGE
-16.854346,-53.183990,-16.854424,-53.183955,BRIDGE
-16.853370,-53.037103,-16.853256,-53.037187,BRIDGE
-16.852646,-56.835351,-16.852342,-56.835482,BRIDGE
-16.848977,-53.554399,-16.848841,-53.554434,BRIDGE
-16.848561,-56.837111,-16.848419,-56.837172,BRIDGE
-16.847870,-54.382955,-16.847647,-54.383520,BRIDGE
-16.843171,-54.240893,-16.843205,-54.240794,BRIDGE
-16.842889,-56.839505,-16.842670,-56.839596,BRIDGE
-16.842829,-54.554962,-16.842940,-54.554684,BRIDGE
-16.840121,-53.017066,-16.840097,-53.017160,BRIDGE
-16.839631,-56.840847,-16.839445,-56.840923,BRIDGE
-16.839368,-54.700445,-16.839192,-54.700990,BRIDGE
-16.835040,-53.111469,-16.834950,-53.111762,BRIDGE
-16.834941,-53.065572,-16.834835,-53.065596,BRIDGE
-16.833859,-53.144377,-16.833908,-53.144304,BRIDGE
-16.830319,-56.843673,-16.830201,-56.843699,BRIDGE
-16.828085,-56.760376,-16.828016,-56.760237,BRIDGE
-16.822581,-53.120425,-16.822622,-53.120231,BRIDGE
-16.821823,-56.845017,-16.821475,-56.845065,BRIDGE
-16.819359,-53.918568,-16.819315,-53.918478,BRIDGE
-16.817808,-53.027760,-16.817777,-53.027876,BRIDGE
-16.815516,-53.189369,-16.815859,-53.189479,BRIDGE
-16.815487,-56.845796,-16.815232,-56.845823,BRIDGE
-16.813582,-52.950577,-16.813517,-52.950531,BRIDGE
-16.809537,-56.846526,-16.809013,-56.846580,BRIDGE
-16.807300,-53.897462,-16.807265,-53.897145,BRIDGE
-16.805311,-56.847041,-16.804800,-56.847105,BRIDGE
-16.800539,-56.847624,-16.800263,-56.847658,BRIDGE
-16.799014,-54.183330,-16.799002,-54.182538,BRIDGE
-16.797136,-53.202337,-16.797110,-53.202243,BRIDGE
-16.796597,-56.848103,-16.796439,-56.848122,BRIDGE
-16.793834,-53.885796,-16.793712,-53.885775,BRIDGE
-16.791253,-52.932286,-16.791284,-52.932687,BRIDGE
-16.791163,-53.570017,-16.791126,-53.569926,BRIDGE
-16.788448,-54.040297,-16.788376,-54.040327,BRIDGE
-16.787150,-53.797876,-16.786949,-53.798021,BRIDGE
-16.785033,-53.603439,-16.785136,-53.603505,BRIDGE
-16.784743,-53.976018,-16.784800,-53.976025,BRIDGE
-16.783905,-56.849635,-16.783634,-56.849660,BRIDGE
-16.780201,-53.171701,-16.780079,-53.171832,BRIDGE
-16.776569,-53.918009,-16.776650,-53.918003,BRIDGE
-16.774932,-56.850722,-16.774533,-56.850775,BRIDGE
-16.771631,-55.561413,-16.770085,-55.561101,BRIDGE
-16.771248,-53.187590,-16.771074,-53.187505,BRIDGE
-16.766243,-56.851766,-16.765998,-56.851790,BRIDGE
-16.766034,-52.829801,-16.766300,-52.830881,BRIDGE
-16.765493,-53.192757,-16.765478,-53.192904,BRIDGE
-16.759386,-52.977528,-16.759465,-52.977603,BRIDGE
-16.759026,-54.469413,-16.758698,-54.469391,BRIDGE
-16.755331,-53.128794,-16.755143,-53.129002,BRIDGE
-16.753754,-53.221679,-16.753800,-53.221767,BRIDGE
-16.753727,-52.828986,-16.753626,-52.828840,BRIDGE
-16.751886,-53.606950,-16.751915,-53.607065,BRIDGE
-16.751443,-53.035084,-16.751372,-53.035116,BRIDGE
-16.749536,-53.609731,-16.749512,-53.609827,BRIDGE
-16.747442,-56.856851,-16.747077,-56.857537,BRIDGE
-16.737585,-56.861991,-16.737231,-56.862096,BRIDGE
-16.736200,-53.402504,-16.736773,-53.402750,BRIDGE
-16.732759,-52.879571,-16.732717,-52.879684,BRIDGE
-16.726473,-56.859709,-16.726223,-56.859564,BRIDGE
-16.724556,-53.563138,-16.724562,-53.563242,BRIDGE
-16.723528,-53.683411,-16.723447,-53.683419,BRIDGE
-16.721461,-53.639693,-16.721391,-53.639407,BRIDGE
-16.720765,-53.596333,-16.721021,-53.596314,BRIDGE
-16.720186,-56.856194,-16.720017,-56.856100,BRIDGE
-16.717800,-54.156638,-16.717927,-54.156780,BRIDGE
-16.710154,-54.750325,-16.710031,-54.750138,BRIDGE
-16.710130,-53.770617,-16.710210,-53.770499,BRIDGE
-16.709058,-54.748702,-16.708874,-54.748508,BRIDGE
-16.708830,-56.849794,-16.708564,-56.849655,BRIDGE
-16.704223,-55.139052,-16.704058,-55.139128,BRIDGE
-16.700519,-54.660382,-16.700325,-54.659995,BRIDGE
-16.697597,-53.030449,-16.697496,-53.030239,BRIDGE
-16.697108,-52.966832,-16.697190,-52.966836,BRIDGE
-16.692879,-54.665989,-16.692694,-54.665928,TUNNEL
-16.692077,-52.845783,-16.692028,-52.845856,BRIDGE
-16.691418,-54.154461,-16.691408,-54.154691,BRIDGE
-16.689475,-56.827546,-16.689358,-56.827384,BRIDGE
-16.686908,-52.983907,-16.686872,-52.983829,BRIDGE
-16.683809,-52.911106,-16.683740,-52.910969,BRIDGE
-16.682291,-53.010801,-16.682326,-53.010725,BRIDGE
-16.681834,-53.741767,-16.681871,-53.741690,BRIDGE
-16.677997,-56.811673,-16.677870,-56.811496,BRIDGE
-16.675272,-53.469322,-16.675167,-53.469037,BRIDGE
-16.669745,-53.495267,-16.669538,-53.495219,BRIDGE
-16.668511,-52.879391,-16.668647,-52.879488,BRIDGE
-16.665236,-56.794113,-16.665083,-56.793880,BRIDGE
-16.663449,-52.854659,-16.663506,-52.854766,BRIDGE
-16.658845,-53.303899,-16.658828,-53.303816,BRIDGE
-16.657485,-54.132711,-16.657552,-54.132819,BRIDGE
-16.657091,-56.782802,-16.656893,-56.782528,BRIDGE
-16.652390,-56.776346,-16.652242,-56.776141,BRIDGE
-16.646432,-52.845389,-16.646376,-52.845319,BRIDGE
-16.644167,-56.770741,-16.643929,-56.770770,BRIDGE
-16.638236,-52.894252,-16.638254,-52.894573,BRIDGE
-16.637743,-54.694049,-16.637500,-54.693562,BRIDGE
-16.637560,-53.053703,-16.637578,-53.053786,BRIDGE
-16.637432,-54.693598,-16.637675,-54.694086,BRIDGE
-16.636269,-54.690809,-16.636569,-54.690441,TUNNEL
-16.631588,-54.440193,-16.632128,-54.439504,BRIDGE
-16.630574,-54.543169,-16.630427,-54.542842,BRIDGE
-16.629710,-54.482487,-16.629752,-54.482561,BRIDGE
-16.626632,-56.771167,-16.626347,-56.771003,BRIDGE
-16.623250,-54.470102,-16.623316,-54.470053,BRIDGE
-16.622977,-54.468251,-16.623030,-54.468186,BRIDGE
-16.622682,-53.787418,-16.622691,-53.787482,BRIDGE
-16.620789,-56.767811,-16.620576,-56.767688,BRIDGE
-16.618507,-54.463239,-16.618570,-54.463125,BRIDGE
-16.617304,-53.417182,-16.617485,-53.416799,BRIDGE
-16.615100,-52.833211,-16.614813,-52.833463,BRIDGE
-16.614961,-55.014362,-16.614984,-55.014423,BRIDGE
-16.613298,-52.836221,-16.613400,-52.836328,BRIDGE
-16.613187,-56.763442,-16.612978,-56.763335,BRIDGE
-16.609143,-54.468260,-16.609028,-54.468400,BRIDGE
-16.607380,-53.420732,-16.607462,-53.420732,BRIDGE
-16.606571,-54.460673,-16.606557,-54.460586,BRIDGE
-16.606181,-54.459100,-16.605737,-54.458394,BRIDGE
-16.605433,-56.758989,-16.605281,-56.758903,BRIDGE
-16.601844,-55.221750,-16.601927,-55.221542,BRIDGE
-16.597578,-56.754479,-16.597336,-56.754326,BRIDGE
-16.595588,-52.796216,-16.595577,-52.796358,BRIDGE
-16.593002,-54.692654,-16.592822,-54.693086,BRIDGE
-16.592895,-54.693108,-16.593072,-54.692681,BRIDGE
-16.591668,-53.375519,-16.591230,-53.375481,BRIDGE
-16.590119,-54.255584,-16.590286,-54.255582,BRIDGE
-16.589876,-52.799158,-16.589750,-52.799126,BRIDGE
-16.586244,-52.805896,-16.586146,-52.805830,BRIDGE
-16.584974,-53.375778,-16.584890,-53.375782,BRIDGE
-16.583325,-56.746270,-16.583082,-56.746131,BRIDGE
-16.580810,-54.526498,-16.580363,-54.527352,BRIDGE
-16.575458,-54.255438,-16.575563,-54.255436,BRIDGE
-16.573236,-54.165908,-16.573106,-54.165512,BRIDGE
-16.573213,-52.684797,-16.573293,-52.684628,BRIDGE
-16.571246,-56.723329,-16.571411,-56.723190,BRIDGE
-16.570565,-56.738951,-16.570377,-56.738832,BRIDGE
-16.570321,-52.953970,-16.570390,-52.953891,BRIDGE
-16.569320,-52.753868,-16.569274,-52.753796,BRIDGE
-16.567800,-54.335155,-16.567410,-54.334934,BRIDGE
-16.562197,-54.552477,-16.561958,-54.552738,BRIDGE
-16.561636,-54.679712,-16.562034,-54.678856,BRIDGE
-16.557267,-52.981778,-16.557236,-52.981913,BRIDGE
-16.556604,-53.902351,-16.556527,-53.902325,BRIDGE
-16.552606,-54.975071,-16.552647,-54.975108,BRIDGE
-16.551938,-54.419581,-16.551441,-54.421019,BRIDGE
-16.550581,-52.741288,-16.550525,-52.741225,BRIDGE
-16.544951,-54.074003,-16.545024,-54.074040,BRIDGE
-16.542632,-52.634890,-16.542632,-52.635473,BRIDGE
-16.538715,-53.128831,-16.538941,-53.128858,BRIDGE
-16.538264,-53.273239,-16.538224,-53.273179,BRIDGE
-16.537615,-56.719931,-16.537470,-56.719848,BRIDGE
-16.535967,-52.980118,-16.535900,-52.980225,BRIDGE
-16.535362,-53.754633,-16.535286,-53.754595,BRIDGE
-16.534182,-52.913761,-16.534272,-52.913844,BRIDGE
-16.530914,-53.282314,-16.530905,-53.282285,BRIDGE
-16.530695,-53.631702,-16.530728,-53.631624,BRIDGE
-16.528164,-54.178104,-16.528209,-54.177978,BRIDGE
-16.519993,-56.712279,-16.519855,-56.712239,BRIDGE
-16.516115,-52.888314,-16.516014,-52.888518,BRIDGE
-16.515112,-54.050255,-16.515061,-54.050399,BRIDGE
-16.514709,-53.810823,-16.514772,-53.810763,BRIDGE
-16.514493,-53.183782,-16.514391,-53.183408,BRIDGE
-16.514105,-54.624420,-16.514093,-54.624323,BRIDGE
-16.507829,-56.707344,-16.507653,-56.707248,BRIDGE
-16.506904,-54.621749,-16.506716,-54.622046,BRIDGE
-16.506372,-53.736351,-16.506292,-53.736407,BRIDGE
-16.504819,-56.705730,-16.504598,-56.705605,BRIDGE
-16.503261,-54.186705,-16.502658,-54.187006,BRIDGE
-16.500958,-56.390797,-16.500503,-56.390690,BRIDGE
-16.497686,-53.818367,-16.497649,-53.818443,BRIDGE
-16.495739,-52.695181,-16.495824,-52.695194,BRIDGE
-16.493889,-54.609122,-16.495046,-54.610703,BRIDGE
-16.492491,-52.937936,-16.492344,-52.937806,BRIDGE
-16.490549,-53.830500,-16.490573,-53.830581,BRIDGE
-16.489411,-53.332239,-16.489303,-53.332235,BRIDGE
-16.487807,-56.696577,-16.487655,-56.696495,BRIDGE
-16.486683,-52.941154,-16.486700,-52.941067,BRIDGE
-16.485666,-54.250930,-16.486777,-54.250771,BRIDGE
-16.484674,-54.622981,-16.483531,-54.621741,BRIDGE
-16.483495,-54.621780,-16.484622,-54.623010,BRIDGE
-16.483228,-52.687722,-16.483210,-52.687631,BRIDGE
-16.482785,-53.456159,-16.482608,-53.456265,BRIDGE
-16.482210,-56.693564,-16.482039,-56.693471,BRIDGE
-16.480613,-54.650995,-16.479185,-54.651672,BRIDGE
-16.480079,-52.890000,-16.480227,-52.889890,BRIDGE
-16.479213,-54.651754,-16.480642,-54.651095,BRIDGE
-16.479054,-54.652015,-16.478825,-54.651726,TUNNEL
-16.478788,-56.540540,-16.479107,-56.540092,BRIDGE
-16.478163,-56.397208,-16.477672,-56.397202,BRIDGE
-16.477762,-52.689118,-16.477834,-52.689180,BRIDGE
-16.477603,-54.656220,-16.477514,-54.656368,BRIDGE
-16.477280,-54.635443,-16.478970,-54.636311,BRIDGE
-16.476683,-54.026194,-16.476445,-54.026091,BRIDGE
-16.476139,-54.640699,-16.475950,-54.640488,BRIDGE
-16.475075,-54.703725,-16.475148,-54.703688,BRIDGE
-16.474962,-54.644344,-16.474813,-54.644167,BRIDGE
-16.474514,-54.629380,-16.474877,-54.629037,BRIDGE
-16.474482,-54.656955,-16.474516,-54.657035,BRIDGE
-16.474266,-54.556095,-16.474341,-54.556064,BRIDGE
-16.474134,-54.643403,-16.473890,-54.643141,BRIDGE
-16.474083,-54.682430,-16.474061,-54.682222,BRIDGE
-16.473250,-54.626113,-16.472886,-54.626494,BRIDGE
-16.473192,-54.642835,-16.473305,-54.642711,BRIDGE
-16.473096,-54.627775,-16.473495,-54.627377,BRIDGE
-16.472848,-54.689146,-16.472607,-54.688747,TUNNEL
-16.472793,-56.688487,-16.472604,-56.688385,BRIDGE
-16.472667,-54.625191,-16.473001,-54.624848,BRIDGE
-16.472412,-54.642111,-16.472471,-54.642052,BRIDGE
-16.472365,-54.623937,-16.471869,-54.624399,BRIDGE
-16.472350,-54.655126,-16.472318,-54.654951,BRIDGE
-16.472318,-54.654951,-16.472296,-54.654838,BRIDGE
-16.472034,-54.645236,-16.471865,-54.645031,BRIDGE
-16.471540,-54.641466,-16.471691,-54.641318,BRIDGE
-16.471439,-52.814230,-16.471550,-52.814222,BRIDGE
-16.471181,-52.691528,-16.471087,-52.691523,BRIDGE
-16.470842,-54.641460,-16.470898,-54.641522,BRIDGE
-16.470780,-54.622396,-16.471111,-54.622060,BRIDGE
-16.470617,-52.954810,-16.470504,-52.954710,BRIDGE
-16.470349,-53.789197,-16.470038,-53.788867,BRIDGE
-16.470002,-54.267774,-16.470007,-54.268084,BRIDGE
-16.469393,-54.485105,-16.468306,-54.485657,BRIDGE
-16.469092,-52.845123,-16.469226,-52.845073,BRIDGE
-16.468749,-54.617758,-16.468722,-54.617477,BRIDGE
-16.468722,-54.617477,-16.468731,-54.617260,BRIDGE
-16.467668,-54.640663,-16.467609,-54.640722,BRIDGE
-16.463770,-56.683605,-16.463570,-56.683490,BRIDGE
-16.461807,-55.932371,-16.461596,-55.932134,BRIDGE
-16.461220,-55.931331,-16.461161,-55.931032,BRIDGE
-16.461185,-54.617966,-16.461429,-54.618226,BRIDGE
-16.459349,-54.620854,-16.458788,-54.620245,BRIDGE
-16.455442,-53.035645,-16.455455,-53.035562,BRIDGE
-16.454403,-54.678318,-16.454407,-54.678446,BRIDGE
-16.453877,-54.620266,-16.453770,-54.620151,BRIDGE
-16.453597,-56.678044,-16.453290,-56.677875,BRIDGE
-16.452800,-53.299150,-16.452844,-53.299016,BRIDGE
-16.452627,-54.610640,-16.452181,-54.610914,BRIDGE
-16.452562,-56.677392,-16.452627,-56.677268,BRIDGE
-16.450276,-54.624893,-16.450007,-54.624802,BRIDGE
-16.448898,-54.634969,-16.448765,-54.634879,BRIDGE
-16.448877,-52.963292,-16.448805,-52.963335,BRIDGE
-16.448542,-54.633508,-16.448673,-54.633506,BRIDGE
-16.447932,-54.628295,-16.448065,-54.628336,BRIDGE
-16.447716,-54.635699,-16.447661,-54.635586,BRIDGE
-16.447613,-56.674759,-16.447401,-56.674643,BRIDGE
-16.446841,-54.678278,-16.446701,-54.678037,BRIDGE
-16.446165,-54.667311,-16.446065,-54.667500,TUNNEL
-16.445044,-54.600992,-16.445308,-54.600841,BRIDGE
-16.444818,-54.601111,-16.445044,-54.600992,BRIDGE
-16.441176,-53.468291,-16.441040,-53.468324,BRIDGE
-16.441009,-54.606763,-16.440875,-54.606356,BRIDGE
-16.440828,-56.671034,-16.440666,-56.670945,BRIDGE
-16.440366,-54.683560,-16.440582,-54.683743,BRIDGE
-16.436094,-54.655287,-16.435959,-54.655407,BRIDGE
-16.434789,-54.654104,-16.434848,-54.654046,BRIDGE
-16.430438,-56.669865,-16.430271,-56.669872,BRIDGE
-16.430437,-55.263756,-16.430548,-55.263779,BRIDGE
-16.430378,-54.615192,-16.430011,-54.615051,BRIDGE
-16.430300,-54.615055,-16.430468,-54.615117,BRIDGE
-16.430108,-54.614979,-16.430300,-54.615055,BRIDGE
-16.429108,-54.627780,-16.429264,-54.627832,BRIDGE
-16.428739,-53.832200,-16.428776,-53.832124,BRIDGE
-16.428460,-54.631566,-16.428185,-54.631368,BRIDGE
-16.428132,-54.616715,-16.427899,-54.616619,BRIDGE
-16.428025,-54.624046,-16.428312,-54.624015,BRIDGE
-16.426457,-54.671176,-16.426525,-54.671229,BRIDGE
-16.425813,-56.670053,-16.425535,-56.670065,BRIDGE
-16.423122,-53.218747,-16.423067,-53.218840,BRIDGE
-16.422696,-54.635436,-16.422780,-54.635429,BRIDGE
-16.422411,-53.523698,-16.422117,-53.524536,BRIDGE
-16.422223,-56.670189,-16.422025,-56.670194,BRIDGE
-16.421254,-54.657396,-16.421343,-54.657367,BRIDGE
-16.418005,-54.631945,-16.418042,-54.631760,BRIDGE
-16.417967,-54.632127,-16.418005,-54.631945,BRIDGE
-16.417710,-56.670353,-16.417447,-56.670363,BRIDGE
-16.417296,-53.143999,-16.417237,-53.143948,BRIDGE
-16.416412,-53.191604,-16.417020,-53.191252,BRIDGE
-16.415606,-53.515595,-16.415444,-53.515389,BRIDGE
-16.412830,-53.888697,-16.412750,-53.888687,BRIDGE
-16.409105,-54.736533,-16.409283,-54.736723,TUNNEL
-16.409061,-53.547826,-16.408851,-53.548102,BRIDGE
-16.408847,-52.960102,-16.408828,-52.960042,BRIDGE
-16.408573,-53.190808,-16.408275,-53.190775,BRIDGE
-16.402446,-52.956366,-16.402289,-52.956451,BRIDGE
-16.401518,-54.374676,-16.401600,-54.374609,BRIDGE
-16.399646,-53.414476,-16.399620,-53.414328,BRIDGE
-16.398693,-56.665845,-16.398455,-56.665717,BRIDGE
-16.389817,-53.942371,-16.389868,-53.942957,BRIDGE
-16.389606,-54.291807,-16.389590,-54.291689,BRIDGE
-16.384370,-52.894046,-16.384253,-52.894070,BRIDGE
-16.382588,-53.065274,-16.382640,-53.065059,BRIDGE
-16.381175,-56.613559,-16.381308,-56.613376,BRIDGE
-16.375859,-53.726529,-16.375990,-53.726395,BRIDGE
-16.373944,-54.745201,-16.373907,-54.745666,BRIDGE
-16.372718,-53.927197,-16.372906,-53.927062,BRIDGE
-16.365012,-54.380533,-16.364931,-54.380573,BRIDGE
-16.363052,-54.028907,-16.362922,-54.028686,BRIDGE
-16.360257,-54.066754,-16.360016,-54.066700,BRIDGE
-16.355828,-54.533700,-16.355767,-54.533634,BRIDGE
-16.355137,-53.759016,-16.355032,-53.758966,BRIDGE
-16.354966,-53.947679,-16.354907,-53.947178,BRIDGE
-16.353872,-54.127153,-16.353814,-54.127021,BRIDGE
-16.353232,-53.758404,-16.353179,-53.758356,BRIDGE
-16.351634,-53.757711,-16.351590,-53.757782,BRIDGE
-16.350226,-56.644772,-16.349945,-56.644762,BRIDGE
-16.349325,-52.810436,-16.349330,-52.810340,BRIDGE
-16.346521,-52.812630,-16.346615,-52.812688,BRIDGE
-16.345859,-53.708067,-16.345486,-53.708981,BRIDGE
-16.344368,-53.455730,-16.344351,-53.455893,BRIDGE
-16.344257,-53.704710,-16.344243,-53.704792,BRIDGE
-16.333579,-52.742200,-16.333319,-52.742173,BRIDGE
-16.332629,-54.269913,-16.332407,-54.270151,BRIDGE
-16.332155,-54.367354,-16.331185,-54.367015,BRIDGE
-16.332133,-55.514765,-16.332313,-55.514336,BRIDGE
-16.329636,-55.829142,-16.329805,-55.828977,BRIDGE
-16.329240,-53.034920,-16.329137,-53.034829,BRIDGE
-16.326433,-55.831973,-16.324655,-55.833055,BRIDGE
-16.325592,-55.833419,-16.326778,-55.832130,BRIDGE
-16.322955,-55.505027,-16.322859,-55.505416,BRIDGE
-16.321733,-54.225134,-16.322357,-54.224996,BRIDGE
-16.315107,-52.976613,-16.315188,-52.976546,BRIDGE
-16.315038,-56.543703,-16.314896,-56.544265,BRIDGE
-16.314035,-54.923052,-16.313399,-54.923464,BRIDGE
-16.313707,-55.081836,-16.313570,-55.081799,BRIDGE
-16.313203,-55.092618,-16.313064,-55.092436,BRIDGE
-16.313170,-53.264750,-16.313106,-53.264803,BRIDGE
-16.312244,-53.770716,-16.312162,-53.770707,BRIDGE
-16.311594,-54.136284,-16.311403,-54.137007,BRIDGE
-16.311136,-52.977028,-16.311068,-52.976951,BRIDGE
-16.304478,-52.744567,-16.303963,-52.744594,BRIDGE
-16.304177,-52.753124,-16.304061,-52.753150,BRIDGE
-16.303791,-54.596362,-16.304010,-54.596328,BRIDGE
-16.302622,-55.718500,-16.303076,-55.718727,BRIDGE
-16.300502,-54.146378,-16.300360,-54.146593,BRIDGE
-16.296047,-53.725512,-16.296005,-53.725431,BRIDGE
-16.292829,-53.723832,-16.292603,-53.723819,BRIDGE
-16.291873,-52.859259,-16.291964,-52.859358,BRIDGE
-16.288844,-55.010351,-16.288718,-55.010468,BRIDGE
-16.288318,-55.677214,-16.287960,-55.677528,BRIDGE
-16.288097,-55.677869,-16.288442,-55.677484,BRIDGE
-16.283648,-54.599339,-16.283758,-54.599323,BRIDGE
-16.281210,-54.082074,-16.281035,-54.081950,BRIDGE
-16.281157,-53.719310,-16.281124,-53.719234,BRIDGE
-16.280597,-52.865591,-16.280489,-52.865497,BRIDGE
-16.279813,-54.138793,-16.279943,-54.138593,BRIDGE
-16.274395,-52.939204,-16.274346,-52.939270,BRIDGE
-16.273130,-54.442722,-16.273138,-54.442454,BRIDGE
-16.272483,-53.738617,-16.272457,-53.738498,BRIDGE
-16.272439,-52.874606,-16.272574,-52.874578,BRIDGE
-16.270955,-54.901139,-16.271117,-54.901350,BRIDGE
-16.270358,-54.977435,-16.270020,-54.977442,BRIDGE
-16.269954,-53.005409,-16.269952,-53.005494,BRIDGE
-16.268485,-52.796285,-16.268475,-52.796200,BRIDGE
-16.267072,-59.331410,-16.267056,-59.331281,BRIDGE
-16.263164,-59.316231,-16.263016,-59.316169,BRIDGE
-16.261849,-54.940703,-16.261771,-54.940668,BRIDGE
-16.260793,-59.315209,-16.260607,-59.315169,BRIDGE
-16.260412,-52.955722,-16.260527,-52.955610,BRIDGE
-16.259969,-56.619675,-16.259704,-56.620075,BRIDGE
-16.259691,-54.916701,-16.259768,-54.916667,BRIDGE
-16.253494,-53.472789,-16.253572,-53.472813,BRIDGE
-16.245918,-54.280461,-16.245843,-54.280319,BRIDGE
-16.244615,-52.696497,-16.244687,-52.696647,BRIDGE
-16.242622,-52.997638,-16.242616,-52.997760,BRIDGE
-16.239975,-53.014333,-16.239883,-53.014439,BRIDGE
-16.236967,-53.549070,-16.237007,-53.548996,BRIDGE
-16.236234,-56.590983,-16.236308,-56.590997,BRIDGE
-16.236099,-59.271569,-16.236101,-59.271457,BRIDGE
-16.235861,-54.781787,-16.235572,-54.781828,BRIDGE
-16.235588,-54.782063,-16.235823,-54.782027,BRIDGE
-16.235481,-54.604144,-16.235605,-54.604011,BRIDGE
-16.230206,-54.802859,-16.230235,-54.803050,BRIDGE
-16.226556,-59.956478,-16.226625,-59.956398,BRIDGE
-16.226091,-52.570562,-16.226159,-52.570481,BRIDGE
-16.223570,-54.274564,-16.223432,-54.274677,BRIDGE
-16.223492,-52.575905,-16.223434,-52.575887,BRIDGE
-16.221657,-52.587292,-16.221712,-52.587410,BRIDGE
-16.213224,-53.940037,-16.213314,-53.939708,BRIDGE
-16.212015,-54.778495,-16.211896,-54.778389,TUNNEL
-16.211662,-54.778858,-16.211549,-54.778815,TUNNEL
-16.211253,-54.231211,-16.211036,-54.231238,BRIDGE
-16.207628,-59.041826,-16.207726,-59.041322,BRIDGE
-16.203617,-54.781163,-16.203279,-54.781238,BRIDGE
-16.203315,-54.781523,-16.203675,-54.781431,BRIDGE
-16.199653,-54.875268,-16.199572,-54.875294,BRIDGE
-16.198199,-54.149095,-16.198235,-54.148928,BRIDGE
-16.195762,-54.300646,-16.196691,-54.301131,BRIDGE
-16.195387,-53.923372,-16.195289,-53.923254,BRIDGE
-16.194391,-59.161503,-16.194378,-59.161550,BRIDGE
-16.193596,-53.675404,-16.193180,-53.675230,BRIDGE
-16.192223,-52.550939,-16.192125,-52.549559,BRIDGE
-16.190565,-53.727836,-16.190666,-53.727562,BRIDGE
-16.189042,-52.989114,-16.189110,-52.989039,BRIDGE
-16.186280,-53.086286,-16.186486,-53.086227,BRIDGE
-16.185755,-53.474460,-16.185705,-53.474399,BRIDGE
-16.185190,-54.435387,-16.185375,-54.435302,BRIDGE
-16.184251,-53.686283,-16.184260,-53.686209,BRIDGE
-16.182118,-54.150948,-16.182140,-54.150798,BRIDGE
-16.180711,-54.235914,-16.180659,-54.235986,BRIDGE
-16.179688,-54.301183,-16.179235,-54.300840,BRIDGE
-16.179682,-52.708751,-16.179680,-52.708907,BRIDGE
-16.178057,-52.717089,-16.178064,-52.716983,BRIDGE
-16.176472,-53.917448,-16.176531,-53.917106,BRIDGE
-16.174283,-54.248707,-16.174357,-54.248899,BRIDGE
-16.173623,-54.691234,-16.173704,-54.691234,BRIDGE
-16.172684,-52.762774,-16.172605,-52.762785,BRIDGE
-16.166476,-54.692903,-16.166692,-54.692645,BRIDGE
-16.164252,-54.131429,-16.164342,-54.131414,BRIDGE
-16.156977,-52.942871,-16.157067,-52.942691,BRIDGE
-16.154952,-54.775953,-16.154946,-54.775881,BRIDGE
-16.153659,-52.990520,-16.153590,-52.990399,BRIDGE
-16.150594,-52.993447,-16.150229,-52.993136,BRIDGE
-16.149389,-58.441042,-16.149467,-58.441366,BRIDGE
-16.148101,-52.728639,-16.148041,-52.728583,BRIDGE
-16.147915,-58.017645,-16.147934,-58.016296,BRIDGE
-16.146790,-53.011510,-16.146643,-53.011393,BRIDGE
-16.145032,-58.052462,-16.145006,-58.052594,BRIDGE
-16.144444,-54.661198,-16.144572,-54.661138,BRIDGE
-16.144298,-54.418596,-16.144263,-54.418344,BRIDGE
-16.141893,-52.900581,-16.141820,-52.900545,BRIDGE
-16.137252,-54.916961,-16.137279,-54.916828,BRIDGE
-16.135219,-54.652509,-16.135307,-54.652613,BRIDGE
-16.132442,-53.789637,-16.132632,-53.789620,BRIDGE
-16.131946,-55.909832,-16.131735,-55.909838,BRIDGE
-16.131385,-54.767639,-16.131372,-54.767555,BRIDGE
-16.130893,-52.781327,-16.130775,-52.781303,BRIDGE
-16.129498,-54.633156,-16.129383,-54.633207,BRIDGE
-16.126234,-52.650971,-16.126094,-52.651243,BRIDGE
-16.125046,-53.550396,-16.124944,-53.550231,BRIDGE
-16.119875,-52.763088,-16.119646,-52.763348,BRIDGE
-16.116542,-54.327248,-16.116519,-54.327014,BRIDGE
-16.115070,-53.007429,-16.114948,-53.007321,BRIDGE
-16.112456,-58.879900,-16.112375,-58.879768,BRIDGE
-16.112346,-54.962734,-16.112705,-54.963151,BRIDGE
-16.107960,-53.589536,-16.108170,-53.589336,BRIDGE
-16.106751,-53.821186,-16.106665,-53.821191,BRIDGE
-16.105756,-52.484477,-16.105630,-52.485461,BRIDGE
-16.103697,-57.656711,-16.103794,-57.656292,BRIDGE
-16.102292,-53.567993,-16.101948,-53.567839,BRIDGE
-16.100652,-57.707510,-16.100472,-57.707667,BRIDGE
-16.099862,-57.690851,-16.099809,-57.690966,BRIDGE
-16.098418,-54.938672,-16.097701,-54.937767,BRIDGE
-16.094230,-54.066275,-16.094334,-54.066639,BRIDGE
-16.093022,-59.630615,-16.092894,-59.630581,BRIDGE
-16.091614,-52.771121,-16.091514,-52.771153,BRIDGE
-16.089718,-59.629714,-16.089615,-59.629686,BRIDGE
-16.089583,-55.085717,-16.089214,-55.085674,BRIDGE
-16.086613,-57.691825,-16.086560,-57.692060,BRIDGE
-16.086277,-54.968082,-16.086144,-54.968030,BRIDGE
-16.086027,-57.691443,-16.085972,-57.691702,BRIDGE
-16.085380,-57.691238,-16.085325,-57.691474,BRIDGE
-16.084781,-57.690892,-16.084720,-57.691156,BRIDGE
-16.084398,-57.690568,-16.084231,-57.690686,BRIDGE
-16.082537,-52.433423,-16.082744,-52.433900,BRIDGE
-16.081143,-53.546879,-16.081046,-53.546930,BRIDGE
-16.078792,-53.548876,-16.078611,-53.548044,BRIDGE
-16.078611,-57.671303,-16.078557,-57.671123,BRIDGE
-16.078566,-53.694284,-16.078559,-53.694151,BRIDGE
-16.077309,-53.695661,-16.077411,-53.695571,BRIDGE
-16.076772,-53.555953,-16.076828,-53.555886,BRIDGE
-16.076730,-57.673009,-16.076636,-57.672910,BRIDGE
-16.076133,-57.702397,-16.073727,-57.703798,BRIDGE
-16.074665,-53.552180,-16.074234,-53.552157,BRIDGE
-16.073238,-53.456029,-16.073124,-53.455901,BRIDGE
-16.071574,-54.824451,-16.071770,-54.824067,BRIDGE
-16.070087,-57.706352,-16.069746,-57.706653,BRIDGE
-16.068787,-57.707484,-16.068488,-57.707733,BRIDGE
-16.068588,-53.679064,-16.068848,-53.679174,BRIDGE
-16.068287,-57.676681,-16.068170,-57.676512,BRIDGE
-16.068153,-54.158634,-16.067918,-54.158372,BRIDGE
-16.068094,-53.487616,-16.068028,-53.487536,BRIDGE
-16.067409,-57.678936,-16.067240,-57.678862,BRIDGE
-16.066949,-54.166429,-16.067595,-54.165737,BRIDGE
-16.066044,-57.576405,-16.066082,-57.576299,BRIDGE
-16.064196,-57.840693,-16.064155,-57.840166,BRIDGE
-16.064006,-55.440338,-16.063827,-55.440403,BRIDGE
-16.063491,-52.535189,-16.063478,-52.535347,BRIDGE
-16.060111,-57.714905,-16.059818,-57.715157,BRIDGE
-16.059523,-53.090698,-16.059694,-53.090763,BRIDGE
-16.059265,-57.661265,-16.059109,-57.661351,BRIDGE
-16.057825,-52.402752,-16.057976,-52.403032,BRIDGE
-16.057554,-57.654009,-16.057679,-57.653927,BRIDGE
-16.056751,-53.833622,-16.056847,-53.833638,BRIDGE
-16.056611,-57.670752,-16.056672,-57.670706,BRIDGE
-16.056451,-57.670479,-16.056504,-57.670436,BRIDGE
-16.055688,-57.682063,-16.055433,-57.681948,BRIDGE
-16.053883,-54.673194,-16.053391,-54.673296,BRIDGE
-16.053250,-52.468895,-16.053162,-52.468917,BRIDGE
-16.052542,-57.267676,-16.052954,-57.267716,BRIDGE
-16.050557,-57.718143,-16.050033,-57.718252,BRIDGE
-16.049433,-54.878849,-16.048709,-54.879358,BRIDGE
-16.048822,-54.879522,-16.049520,-54.878994,BRIDGE
-16.048265,-57.718610,-16.047745,-57.718705,BRIDGE
-16.047968,-54.231552,-16.047976,-54.231329,BRIDGE
-16.047439,-54.647367,-16.047075,-54.647154,BRIDGE
-16.047434,-52.900276,-16.047466,-52.900178,BRIDGE
-16.046029,-54.886698,-16.046146,-54.887139,BRIDGE
-16.045527,-54.909800,-16.045533,-54.909885,BRIDGE
-16.044380,-54.724796,-16.044548,-54.724708,BRIDGE
-16.043410,-54.713020,-16.043254,-54.712938,BRIDGE
-16.043104,-54.725450,-16.043179,-54.725736,TUNNEL
-16.042870,-52.345090,-16.042980,-52.345165,BRIDGE
-16.042534,-53.735612,-16.042486,-53.735676,BRIDGE
-16.042118,-52.453078,-16.042113,-52.452978,BRIDGE
-16.040637,-54.890569,-16.039984,-54.890867,BRIDGE
-16.039957,-53.389456,-16.039890,-53.388925,BRIDGE
-16.039572,-54.882495,-16.039131,-54.882591,BRIDGE
-16.039185,-54.882777,-16.039627,-54.882683,BRIDGE
-16.038168,-53.188527,-16.038111,-53.188478,BRIDGE
-16.036946,-54.871226,-16.036769,-54.871569,BRIDGE
-16.035944,-53.724851,-16.035599,-53.724685,BRIDGE
-16.034519,-57.609331,-16.034445,-57.609231,BRIDGE
-16.033894,-53.061881,-16.033817,-53.061920,BRIDGE
-16.032566,-54.384600,-16.032790,-54.384683,BRIDGE
-16.031026,-54.383594,-16.031232,-54.383706,BRIDGE
-16.029617,-54.566037,-16.029462,-54.565932,BRIDGE
-16.028135,-54.365967,-16.028321,-54.365843,BRIDGE
-16.027528,-53.289431,-16.027584,-53.289492,BRIDGE
-16.027314,-54.708011,-16.027183,-54.708264,BRIDGE
-16.022167,-59.586522,-16.022051,-59.586347,BRIDGE
-16.019800,-52.929519,-16.019859,-52.929676,BRIDGE
-16.015065,-53.327596,-16.015024,-53.327545,BRIDGE
-16.013518,-58.816012,-16.013593,-58.815940,BRIDGE
-16.012496,-58.792684,-16.012336,-58.792542,BRIDGE
-16.011917,-58.833080,-16.011771,-58.833075,BRIDGE
-16.010586,-53.200674,-16.010552,-53.200572,BRIDGE
-16.003233,-53.299365,-16.003304,-53.299406,BRIDGE
-15.998543,-56.478964,-15.998148,-56.478547,BRIDGE
-15.998172,-54.922075,-15.997598,-54.922221,BRIDGE
-15.997751,-54.679620,-15.997609,-54.679336,BRIDGE
-15.994353,-54.921191,-15.993721,-54.921795,BRIDGE
-15.993923,-54.921942,-15.994568,-54.921353,BRIDGE
-15.987208,-55.925379,-15.987481,-55.925638,BRIDGE
-15.986417,-58.792785,-15.986349,-58.792679,BRIDGE
-15.985102,-54.657868,-15.985357,-54.657516,BRIDGE
-15.983507,-58.830570,-15.983595,-58.830687,BRIDGE
-15.982813,-54.954916,-15.983097,-54.954867,BRIDGE
-15.981907,-59.554951,-15.981833,-59.554972,BRIDGE
-15.979523,-59.886429,-15.980154,-59.885780,BRIDGE
-15.974836,-53.038941,-15.974875,-53.038905,BRIDGE
-15.973837,-56.922597,-15.973552,-56.922665,BRIDGE
-15.970387,-54.472927,-15.970285,-54.473126,BRIDGE
-15.968148,-53.965802,-15.967973,-53.965429,BRIDGE
-15.966748,-52.895691,-15.966793,-52.895834,BRIDGE
-15.961324,-57.895333,-15.961345,-57.895089,BRIDGE
-15.960340,-55.541461,-15.960263,-55.541618,BRIDGE
-15.959748,-54.928229,-15.959961,-54.928935,BRIDGE
-15.957792,-59.549912,-15.957711,-59.549901,BRIDGE
-15.956372,-56.032286,-15.956278,-56.031829,BRIDGE
-15.953413,-59.593883,-15.953336,-59.593834,BRIDGE
-15.949497,-57.728342,-15.949487,-57.727388,BRIDGE
-15.949167,-57.729847,-15.949122,-57.729487,BRIDGE
-15.948371,-53.324840,-15.948388,-53.324922,BRIDGE
-15.947513,-57.737505,-15.947383,-57.736952,BRIDGE
-15.946686,-53.151472,-15.946774,-53.151455,BRIDGE
-15.942303,-57.104763,-15.942243,-57.105336,BRIDGE
-15.936754,-55.973949,-15.935804,-55.973575,BRIDGE
-15.936460,-59.607483,-15.936487,-59.607339,BRIDGE
-15.934586,-52.264672,-15.936107,-52.262990,BRIDGE
-15.931720,-57.704507,-15.931654,-57.704430,BRIDGE
-15.931552,-53.196267,-15.931481,-53.196154,BRIDGE
-15.927183,-58.640924,-15.927330,-58.640719,BRIDGE
-15.924769,-56.196917,-15.924903,-56.196901,BRIDGE
-15.922088,-56.356216,-15.922005,-56.356286,BRIDGE
-15.920572,-59.160497,-15.920456,-59.160527,BRIDGE
-15.919241,-52.976182,-15.919177,-52.976130,BRIDGE
-15.918611,-55.991522,-15.918237,-55.991768,BRIDGE
-15.914947,-54.938274,-15.915052,-54.938235,BRIDGE
-15.913072,-53.674851,-15.913236,-53.674875,BRIDGE
-15.910087,-52.297314,-15.909218,-52.298593,BRIDGE
-15.909432,-58.688532,-15.909543,-58.688520,BRIDGE
-15.905993,-53.576289,-15.906151,-53.576276,BRIDGE
-15.905128,-58.640595,-15.905240,-58.640639,BRIDGE
-15.904424,-53.557331,-15.904391,-53.557409,BRIDGE
-15.902156,-58.647034,-15.902044,-58.647015,BRIDGE
-15.901817,-58.585007,-15.901849,-58.584846,BRIDGE
-15.901096,-54.301992,-15.901433,-54.301466,BRIDGE
-15.897886,-57.514068,-15.898116,-57.514119,BRIDGE
-15.897287,-53.663215,-15.897188,-53.663122,BRIDGE
-15.896981,-58.612696,-15.897111,-58.612443,BRIDGE
-15.896396,-58.661103,-15.896498,-58.661142,BRIDGE
-15.895539,-52.255929,-15.895682,-52.253800,BRIDGE
-15.894960,-54.743997,-15.894723,-54.744251,BRIDGE
-15.894691,-53.719609,-15.894752,-53.719666,BRIDGE
-15.894449,-52.257643,-15.895240,-52.256492,BRIDGE
-15.888649,-52.253503,-15.888642,-52.253151,BRIDGE
-15.888543,-54.923088,-15.888597,-54.923020,BRIDGE
-15.885641,-56.110141,-15.885614,-56.110062,BRIDGE
-15.884499,-54.888623,-15.884405,-54.888783,BRIDGE
-15.879588,-53.681520,-15.879564,-53.681603,BRIDGE
-15.877470,-52.373953,-15.877638,-52.373596,BRIDGE
-15.871558,-58.469427,-15.871795,-58.469490,BRIDGE
-15.870103,-53.513754,-15.869615,-53.513831,BRIDGE
-15.870077,-52.654391,-15.870225,-52.654629,BRIDGE
-15.868843,-52.658844,-15.868768,-52.658672,BRIDGE
-15.861716,-53.619697,-15.861780,-53.619749,BRIDGE
-15.861423,-58.534369,-15.861191,-58.533883,BRIDGE
-15.859162,-52.315343,-15.859451,-52.315524,BRIDGE
-15.855972,-54.898796,-15.855788,-54.898829,BRIDGE
-15.855183,-53.794365,-15.855106,-53.794373,BRIDGE
-15.849316,-58.466256,-15.848983,-58.465471,BRIDGE
-15.849170,-53.794167,-15.849013,-53.794179,BRIDGE
-15.848884,-54.397778,-15.849393,-54.397498,BRIDGE
-15.848482,-59.534742,-15.848333,-59.534662,BRIDGE
-15.844975,-54.445705,-15.844765,-54.445977,BRIDGE
-15.844797,-52.427467,-15.844842,-52.426988,BRIDGE
-15.841342,-54.385262,-15.841190,-54.385186,BRIDGE
-15.838366,-54.382411,-15.838067,-54.381788,BRIDGE
-15.838130,-57.479887,-15.838348,-57.480010,BRIDGE
-15.837079,-57.879562,-15.837147,-57.879294,BRIDGE
-15.835725,-54.376763,-15.835705,-54.376617,BRIDGE
-15.835241,-59.533662,-15.835145,-59.533648,BRIDGE
-15.834536,-54.404072,-15.834900,-54.404104,BRIDGE
-15.834226,-54.392903,-15.834494,-54.392583,BRIDGE
-15.833301,-54.392725,-15.833346,-54.392515,BRIDGE
-15.832047,-53.192547,-15.832102,-53.192673,BRIDGE
-15.827527,-53.851311,-15.827597,-53.851432,BRIDGE
-15.827122,-54.389743,-15.827196,-54.389778,BRIDGE
-15.823839,-54.393521,-15.823869,-54.393604,BRIDGE
-15.822614,-53.523995,-15.822380,-53.524177,BRIDGE
-15.818728,-54.402227,-15.818636,-54.402367,BRIDGE
-15.817892,-53.032030,-15.817970,-53.032122,BRIDGE
-15.817651,-54.401791,-15.817711,-54.401707,BRIDGE
-15.817104,-53.826868,-15.817210,-53.827013,BRIDGE
-15.816303,-55.408033,-15.816806,-55.408333,BRIDGE
-15.815549,-54.958170,-15.815819,-54.958677,BRIDGE
-15.812354,-55.837923,-15.812580,-55.837700,BRIDGE
-15.809989,-52.351092,-15.809991,-52.351182,BRIDGE
-15.809743,-53.585381,-15.809811,-53.585428,BRIDGE
-15.809349,-58.400102,-15.809184,-58.399767,BRIDGE
-15.806922,-55.291689,-15.806985,-55.291236,BRIDGE
-15.806759,-55.291159,-15.806679,-55.291652,BRIDGE
-15.804131,-54.917379,-15.804355,-54.917424,BRIDGE
-15.801979,-53.010378,-15.802089,-53.010480,BRIDGE
-15.801900,-55.655692,-15.802087,-55.655332,BRIDGE
-15.801850,-56.372343,-15.801595,-56.371957,BRIDGE
-15.801172,-53.756922,-15.801128,-53.756993,BRIDGE
-15.799977,-56.369525,-15.799941,-56.369471,BRIDGE
-15.799935,-52.294398,-15.800227,-52.294608,BRIDGE
-15.799902,-52.849211,-15.799962,-52.849396,BRIDGE
-15.799086,-59.114520,-15.799421,-59.114187,BRIDGE
-15.798656,-55.607334,-15.798469,-55.606974,BRIDGE
-15.797498,-53.399021,-15.797658,-53.399327,BRIDGE
-15.796257,-54.359440,-15.796435,-54.359686,BRIDGE
-15.795384,-52.355736,-15.795343,-52.355628,BRIDGE
-15.792966,-56.231433,-15.793144,-56.231546,BRIDGE
-15.789807,-52.290039,-15.790081,-52.290119,BRIDGE
-15.789712,-52.383471,-15.789588,-52.383409,BRIDGE
-15.785851,-58.374169,-15.785961,-58.374080,BRIDGE
-15.785768,-59.244174,-15.785860,-59.243721,BRIDGE
-15.784668,-52.288458,-15.784591,-52.288475,BRIDGE
-15.783545,-52.363833,-15.783439,-52.363746,BRIDGE
-15.783235,-56.127411,-15.783170,-56.127362,BRIDGE
-15.781085,-52.417842,-15.781066,-52.417926,BRIDGE
-15.778238,-56.341853,-15.778135,-56.341925,BRIDGE
-15.778118,-55.981007,-15.778270,-55.980885,BRIDGE
-15.777208,-55.981599,-15.777375,-55.981558,BRIDGE
-15.776392,-54.367644,-15.776748,-54.367602,BRIDGE
-15.774011,-53.621313,-15.773919,-53.621259,BRIDGE
-15.772975,-55.593065,-15.773218,-55.592918,BRIDGE
-15.772965,-52.463485,-15.772826,-52.463461,BRIDGE
-15.772816,-56.216527,-15.773235,-56.216482,BRIDGE
-15.770379,-57.412479,-15.770592,-57.412618,BRIDGE
-15.768776,-58.360324,-15.768652,-58.360464,BRIDGE
-15.767815,-52.435188,-15.767908,-52.435105,BRIDGE
-15.766138,-52.444380,-15.766063,-52.444361,BRIDGE
-15.766125,-53.052909,-15.766360,-53.053075,BRIDGE
-15.766054,-56.930001,-15.766341,-56.929774,BRIDGE
-15.765873,-55.655609,-15.764943,-55.655884,BRIDGE
-15.765700,-54.303753,-15.765748,-54.303874,BRIDGE
-15.765432,-56.149290,-15.765233,-56.148818,BRIDGE
-15.765398,-55.605442,-15.765453,-55.605422,BRIDGE
-15.765101,-55.656057,-15.765908,-55.655786,BRIDGE
-15.759653,-52.481622,-15.759540,-52.481561,BRIDGE
-15.758705,-52.290596,-15.758664,-52.290518,BRIDGE
-15.757632,-52.519088,-15.757551,-52.519081,BRIDGE
-15.757555,-56.099299,-15.757580,-56.099379,BRIDGE
-15.757434,-52.589540,-15.757578,-52.589396,BRIDGE
-15.756041,-53.780300,-15.756142,-53.780289,BRIDGE
-15.755039,-54.927065,-15.755234,-54.927022,BRIDGE
-15.754528,-57.479879,-15.754261,-57.480324,BRIDGE
-15.753762,-55.731047,-15.754031,-55.731015,BRIDGE
-15.753515,-57.527073,-15.754254,-57.528657,BRIDGE
-15.753290,-58.805169,-15.752789,-58.804868,BRIDGE
-15.752412,-53.821268,-15.752512,-53.821309,BRIDGE
-15.751411,-54.306046,-15.751282,-54.305598,BRIDGE
-15.750573,-56.103470,-15.750652,-56.103508,BRIDGE
-15.750043,-60.131952,-15.750037,-60.132130,BRIDGE
-15.748304,-55.166833,-15.748235,-55.166882,BRIDGE
-15.748019,-55.717590,-15.748268,-55.717494,BRIDGE
-15.747299,-52.454720,-15.747298,-52.454808,BRIDGE
-15.745682,-52.568006,-15.745765,-52.567959,BRIDGE
-15.745606,-55.999091,-15.745446,-55.998941,BRIDGE
-15.745259,-56.335920,-15.745012,-56.335791,BRIDGE
-15.745017,-56.181620,-15.745137,-56.181661,BRIDGE
-15.743034,-56.116035,-15.742962,-56.115993,BRIDGE
-15.741799,-52.623227,-15.742188,-52.623150,BRIDGE
-15.741476,-57.332266,-15.741214,-57.331938,BRIDGE
-15.741078,-58.917464,-15.741180,-58.917198,BRIDGE
-15.740078,-54.931366,-15.740433,-54.931452,BRIDGE
-15.739680,-56.114198,-15.739612,-56.114152,BRIDGE
-15.738631,-54.291571,-15.738562,-54.291398,BRIDGE
-15.733992,-56.153847,-15.734122,-56.154095,BRIDGE
-15.732676,-56.151415,-15.732727,-56.151483,BRIDGE
-15.730095,-55.597242,-15.729918,-55.597073,BRIDGE
-15.729399,-55.594923,-15.729469,-55.594840,BRIDGE
-15.728765,-56.125208,-15.728638,-56.125229,BRIDGE
-15.727132,-58.261219,-15.727061,-58.261387,BRIDGE
-15.727047,-52.757288,-15.727526,-52.756032,BRIDGE
-15.723010,-56.108089,-15.722964,-56.107974,BRIDGE
-15.722886,-56.153034,-15.722959,-56.153017,BRIDGE
-15.722198,-55.515064,-15.722420,-55.514824,BRIDGE
-15.721416,-59.619652,-15.721252,-59.619661,BRIDGE
-15.718111,-56.319261,-15.718042,-56.319219,BRIDGE
-15.716961,-56.146419,-15.717020,-56.146311,BRIDGE
-15.716819,-52.636091,-15.716806,-52.635849,BRIDGE
-15.716590,-55.518247,-15.716427,-55.518063,BRIDGE
-15.716536,-54.256078,-15.716389,-54.255935,BRIDGE
-15.716065,-56.173744,-15.716217,-56.173919,BRIDGE
-15.715130,-54.334393,-15.714960,-54.334128,BRIDGE
-15.713794,-56.197341,-15.713739,-56.197277,BRIDGE
-15.713537,-56.106782,-15.713547,-56.106897,BRIDGE
-15.713235,-56.106201,-15.712903,-56.106217,BRIDGE
-15.712299,-54.263274,-15.712449,-54.263127,BRIDGE
-15.712234,-56.151476,-15.712293,-56.151418,BRIDGE
-15.712193,-56.166763,-15.712161,-56.166841,BRIDGE
-15.712131,-56.149903,-15.712075,-56.149834,BRIDGE
-15.710123,-56.154251,-15.710142,-56.154166,BRIDGE
-15.709764,-56.165864,-15.709696,-56.165920,BRIDGE
-15.706684,-56.262950,-15.706685,-56.263002,BRIDGE
-15.705793,-56.184970,-15.705708,-56.184865,BRIDGE
-15.705580,-54.406929,-15.705731,-54.406857,BRIDGE
-15.704525,-52.738594,-15.704521,-52.737868,BRIDGE
-15.701936,-58.628607,-15.702025,-58.628625,BRIDGE
-15.701675,-55.854011,-15.701683,-55.853705,BRIDGE
-15.701432,-55.853758,-15.701429,-55.853954,BRIDGE
-15.701406,-55.868182,-15.701411,-55.867962,BRIDGE
-15.701242,-55.867936,-15.701237,-55.868185,BRIDGE
-15.700743,-56.137861,-15.700749,-56.137945,BRIDGE
-15.700471,-56.114408,-15.699098,-56.112257,BRIDGE
-15.700044,-56.081403,-15.700080,-56.081327,BRIDGE
-15.699951,-56.040779,-15.699993,-56.041128,BRIDGE
-15.698980,-55.892482,-15.698692,-55.892969,BRIDGE
-15.698909,-56.112396,-15.700266,-56.114513,BRIDGE
-15.698837,-55.893135,-15.699148,-55.892629,BRIDGE
-15.698361,-56.058849,-15.698448,-56.058793,BRIDGE
-15.696657,-56.118232,-15.696637,-56.118316,BRIDGE
-15.696501,-56.040821,-15.696411,-56.040802,BRIDGE
-15.696371,-56.040906,-15.696456,-56.040921,BRIDGE
-15.695651,-55.981807,-15.695548,-55.981933,BRIDGE
-15.695435,-55.864384,-15.695179,-55.864367,BRIDGE
-15.692875,-59.877694,-15.692865,-59.877605,BRIDGE
-15.692770,-59.876888,-15.692759,-59.876788,BRIDGE
-15.692717,-59.876438,-15.692708,-59.876347,BRIDGE
-15.692663,-59.875971,-15.692653,-59.875870,BRIDGE
-15.691932,-56.206336,-15.691980,-56.206425,BRIDGE
-15.691269,-56.136607,-15.691189,-56.136595,BRIDGE
-15.689608,-56.301686,-15.689679,-56.301730,BRIDGE
-15.688675,-56.159132,-15.688605,-56.159115,BRIDGE
-15.688602,-56.030900,-15.688652,-56.030831,BRIDGE
-15.688517,-56.170004,-15.688383,-56.170069,BRIDGE
-15.687895,-57.558254,-15.687891,-57.558152,BRIDGE
-15.686262,-58.205300,-15.686153,-58.205305,BRIDGE
-15.686126,-56.129992,-15.686050,-56.129963,BRIDGE
-15.686016,-56.130059,-15.686092,-56.130088,BRIDGE
-15.684942,-56.089002,-15.684937,-56.089116,BRIDGE
-15.684515,-56.083190,-15.684546,-56.083341,BRIDGE
-15.684454,-53.306017,-15.684634,-53.305960,BRIDGE
-15.683190,-56.113446,-15.683318,-56.113311,BRIDGE
-15.682702,-52.223381,-15.683030,-52.223638,BRIDGE
-15.682588,-56.280064,-15.682648,-56.280528,BRIDGE
-15.681707,-58.101270,-15.681618,-58.101249,BRIDGE
-15.681548,-56.296784,-15.681936,-56.297019,BRIDGE
-15.681335,-56.236070,-15.681434,-56.236160,BRIDGE
-15.680995,-54.401183,-15.680966,-54.401104,BRIDGE
-15.680945,-53.303393,-15.681059,-53.303540,BRIDGE
-15.680544,-56.090908,-15.680672,-56.090895,BRIDGE
-15.679160,-56.297078,-15.679158,-56.297441,BRIDGE
-15.678938,-56.111959,-15.678866,-56.111998,BRIDGE
-15.678920,-54.921008,-15.679130,-54.921067,BRIDGE
-15.678477,-52.297674,-15.678063,-52.297937,BRIDGE
-15.677907,-56.095254,-15.678009,-56.095368,BRIDGE
-15.677003,-56.118181,-15.676696,-56.117772,BRIDGE
-15.676775,-55.588411,-15.676655,-55.588275,BRIDGE
-15.676724,-56.110991,-15.676742,-56.110909,BRIDGE
-15.675381,-58.214796,-15.675386,-58.214659,BRIDGE
-15.674985,-52.924969,-15.674731,-52.924816,BRIDGE
-15.673820,-55.701628,-15.673785,-55.701551,BRIDGE
-15.672991,-55.298924,-15.673130,-55.299447,BRIDGE
-15.672837,-56.137928,-15.672768,-56.137972,BRIDGE
-15.672044,-56.137348,-15.672140,-56.137292,BRIDGE
-15.671834,-56.073298,-15.672035,-56.073268,BRIDGE
-15.671433,-56.119901,-15.671333,-56.119717,BRIDGE
-15.671414,-55.944443,-15.671255,-55.944031,BRIDGE
-15.670936,-56.069666,-15.671449,-56.073284,BRIDGE
-15.670894,-56.287041,-15.671008,-56.287001,BRIDGE
-15.669882,-56.136576,-15.669915,-56.136496,BRIDGE
-15.669146,-56.121215,-15.669216,-56.121245,BRIDGE
-15.668836,-56.144513,-15.668916,-56.144599,BRIDGE
-15.668522,-56.147329,-15.668586,-56.147396,BRIDGE
-15.668440,-55.582188,-15.668280,-55.582076,BRIDGE
-15.668020,-56.126831,-15.668097,-56.126859,BRIDGE
-15.667909,-56.159295,-15.667985,-56.159265,BRIDGE
-15.667403,-56.065105,-15.667262,-56.065123,BRIDGE
-15.667219,-56.149090,-15.667218,-56.149000,BRIDGE
-15.666752,-56.155158,-15.666670,-56.155180,BRIDGE
-15.666627,-56.128318,-15.666716,-56.128322,BRIDGE
-15.665804,-56.046298,-15.665867,-56.046357,BRIDGE
-15.665550,-56.145423,-15.665615,-56.145579,BRIDGE
-15.665343,-54.838092,-15.665217,-54.837954,BRIDGE
-15.664909,-59.621596,-15.664750,-59.621611,BRIDGE
-15.664365,-56.132430,-15.664279,-56.132425,BRIDGE
-15.664100,-56.063944,-15.664109,-56.064028,BRIDGE
-15.663512,-56.146781,-15.663438,-56.146612,BRIDGE
-15.662824,-53.295138,-15.662953,-53.295038,BRIDGE
-15.662816,-58.098762,-15.662603,-58.098860,BRIDGE
-15.662456,-56.146171,-15.662361,-56.146208,BRIDGE
-15.662171,-56.205597,-15.662137,-56.205516,BRIDGE
-15.660593,-56.182464,-15.660688,-56.182423,BRIDGE
-15.660464,-56.182703,-15.660506,-56.182782,BRIDGE
-15.660324,-56.067003,-15.660328,-56.067088,BRIDGE
-15.659554,-56.149797,-15.659489,-56.149625,BRIDGE
-15.659539,-56.205525,-15.659573,-56.205603,BRIDGE
-15.659321,-58.554826,-15.659271,-58.554054,BRIDGE
-15.658974,-56.052142,-15.658985,-56.052246,BRIDGE
-15.658446,-56.204895,-15.658376,-56.204928,BRIDGE
-15.658416,-56.205042,-15.658490,-56.205007,BRIDGE
-15.657940,-55.980531,-15.658036,-55.980296,BRIDGE
-15.657939,-55.980242,-15.657837,-55.980476,BRIDGE
-15.657648,-55.981280,-15.657741,-55.981042,BRIDGE
-15.657627,-55.980993,-15.657530,-55.981216,BRIDGE
-15.656692,-53.903953,-15.656944,-53.904278,BRIDGE
-15.656142,-56.172869,-15.656025,-56.172902,BRIDGE
-15.655248,-56.085278,-15.655329,-56.085284,BRIDGE
-15.655057,-56.151358,-15.654979,-56.151047,BRIDGE
-15.654855,-56.151103,-15.654970,-56.151385,BRIDGE
-15.654466,-55.988847,-15.654320,-55.989226,BRIDGE
-15.654417,-55.989271,-15.654556,-55.988927,BRIDGE
-15.654141,-56.036249,-15.654220,-56.036231,BRIDGE
-15.654055,-56.152735,-15.653900,-56.152576,BRIDGE
-15.653690,-55.990722,-15.653524,-55.991120,BRIDGE
-15.653637,-55.991150,-15.653786,-55.990793,BRIDGE
-15.653550,-56.001892,-15.653409,-56.001835,TUNNEL
-15.653138,-54.415506,-15.653247,-54.415568,BRIDGE
-15.652907,-56.040726,-15.652892,-56.040639,BRIDGE
-15.652780,-56.124517,-15.652679,-56.124493,BRIDGE
-15.652624,-56.031003,-15.652605,-56.030921,BRIDGE
-15.652496,-56.154294,-15.652624,-56.154368,BRIDGE
-15.652380,-56.155273,-15.652210,-56.155188,BRIDGE
-15.652366,-56.071595,-15.652478,-56.071608,BRIDGE
-15.651923,-56.129821,-15.651774,-56.129819,BRIDGE
-15.651919,-56.207674,-15.651839,-56.207659,BRIDGE
-15.651658,-56.158827,-15.651744,-56.158802,BRIDGE
-15.651619,-56.127266,-15.651503,-56.127239,BRIDGE
-15.651599,-56.163876,-15.651492,-56.163709,BRIDGE
-15.651599,-56.078819,-15.651579,-56.078738,BRIDGE
-15.651476,-56.161625,-15.651560,-56.161594,BRIDGE
-15.651291,-56.205037,-15.651215,-56.205071,BRIDGE
-15.651108,-56.031687,-15.651071,-56.031495,BRIDGE
-15.649883,-55.999668,-15.648267,-56.003564,BRIDGE
-15.649876,-56.202497,-15.649803,-56.202533,BRIDGE
-15.649626,-56.032067,-15.649543,-56.032025,BRIDGE
-15.649518,-56.045325,-15.649518,-56.045201,BRIDGE
-15.649413,-56.201841,-15.649490,-56.201807,BRIDGE
-15.649009,-56.201251,-15.648933,-56.201286,BRIDGE
-15.648724,-53.906981,-15.648634,-53.906983,BRIDGE
-15.648574,-56.184915,-15.648499,-56.184947,BRIDGE
-15.648486,-56.200714,-15.648561,-56.200680,BRIDGE
-15.648431,-56.182435,-15.648354,-56.182465,BRIDGE
-15.648387,-56.003607,-15.649961,-55.999700,BRIDGE
-15.648082,-56.045600,-15.648070,-56.045481,BRIDGE
-15.647628,-56.033580,-15.647647,-56.033399,BRIDGE
-15.647477,-56.067916,-15.647815,-56.067799,BRIDGE
-15.647202,-56.170709,-15.647181,-56.170624,BRIDGE
-15.646523,-56.049295,-15.646639,-56.049241,BRIDGE
-15.646289,-56.051918,-15.646158,-56.051897,BRIDGE
-15.646145,-56.052007,-15.646260,-56.052026,BRIDGE
-15.645805,-56.047143,-15.645901,-56.047049,BRIDGE
-15.645679,-56.066554,-15.645777,-56.066454,BRIDGE
-15.645527,-56.066691,-15.645679,-56.066554,BRIDGE
-15.645165,-56.175626,-15.645086,-56.175646,BRIDGE
-15.645085,-56.172794,-15.645012,-56.172758,BRIDGE
-15.644838,-56.036048,-15.644920,-56.036072,BRIDGE
-15.644741,-56.060643,-15.644514,-56.060792,BRIDGE
-15.644158,-56.088024,-15.644117,-56.087952,BRIDGE
-15.644143,-56.058107,-15.644405,-56.057947,BRIDGE
-15.643794,-56.100886,-15.643859,-56.100806,TUNNEL
-15.643355,-53.904293,-15.643476,-53.904285,BRIDGE
-15.643158,-56.100629,-15.643181,-56.100765,TUNNEL
-15.642043,-56.209459,-15.641996,-56.209390,BRIDGE
-15.641471,-57.784188,-15.641730,-57.783277,BRIDGE
-15.641068,-57.787906,-15.641095,-57.787581,BRIDGE
-15.640331,-57.793527,-15.640386,-57.793173,BRIDGE
-15.640145,-56.023177,-15.639602,-56.027797,BRIDGE
-15.640096,-56.153494,-15.640172,-56.153527,BRIDGE
-15.640087,-54.772390,-15.640405,-54.772326,BRIDGE
-15.640064,-56.121576,-15.636278,-56.119334,TUNNEL
-15.639786,-57.800548,-15.639895,-57.800010,BRIDGE
-15.639512,-56.150691,-15.639436,-56.150661,BRIDGE
-15.639473,-56.025570,-15.639334,-56.025462,BRIDGE
-15.639398,-56.025572,-15.639444,-56.025487,TUNNEL
-15.639387,-56.025436,-15.639347,-56.025531,TUNNEL
-15.639208,-58.735941,-15.638800,-58.735991,BRIDGE
-15.639159,-56.208818,-15.639213,-56.208755,BRIDGE
-15.638953,-56.212016,-15.638891,-56.211958,BRIDGE
-15.638705,-56.120851,-15.638853,-56.120671,BRIDGE
-15.638589,-56.069676,-15.637339,-56.070296,BRIDGE
-15.638531,-56.146360,-15.638572,-56.146346,BRIDGE
-15.638518,-56.015310,-15.638594,-56.015279,BRIDGE
-15.638497,-56.026161,-15.638407,-56.026216,TUNNEL
-15.638470,-56.026265,-15.638558,-56.026210,TUNNEL
-15.638444,-56.026154,-15.638580,-56.026274,BRIDGE
-15.638262,-56.014707,-15.638334,-56.014671,BRIDGE
-15.638012,-56.120211,-15.637950,-56.120447,BRIDGE
-15.637680,-56.141642,-15.637762,-56.141626,BRIDGE
-15.637515,-53.196987,-15.637318,-53.197007,BRIDGE
-15.637006,-56.171509,-15.636988,-56.171427,BRIDGE
-15.636607,-56.119691,-15.639986,-56.121698,TUNNEL
-15.636229,-56.141054,-15.636251,-56.141136,BRIDGE
-15.636006,-56.171320,-15.636088,-56.171299,BRIDGE
-15.635957,-56.044312,-15.634144,-56.047143,BRIDGE
-15.635746,-56.171080,-15.635765,-56.171168,BRIDGE
-15.635618,-56.159798,-15.635590,-56.159878,BRIDGE
-15.635549,-56.132156,-15.635466,-56.132115,BRIDGE
-15.635455,-56.142118,-15.635533,-56.142096,BRIDGE
-15.635240,-56.134223,-15.635155,-56.134186,BRIDGE
-15.634814,-56.159691,-15.634841,-56.159612,BRIDGE
-15.634801,-56.141485,-15.634814,-56.141568,BRIDGE
-15.634521,-56.025725,-15.634565,-56.025797,BRIDGE
-15.634262,-56.147722,-15.634218,-56.147793,BRIDGE
-15.634252,-56.047229,-15.636090,-56.044427,BRIDGE
-15.634098,-56.036631,-15.634110,-56.036538,BRIDGE
-15.634081,-56.159358,-15.634054,-56.159437,BRIDGE
-15.633576,-56.212652,-15.633521,-56.212721,BRIDGE
-15.633457,-54.998718,-15.633625,-54.999085,BRIDGE
-15.633442,-56.147139,-15.633386,-56.147202,BRIDGE
-15.633378,-56.037182,-15.633528,-56.037191,BRIDGE
-15.633235,-56.158749,-15.633261,-56.158666,BRIDGE
-15.633109,-56.083961,-15.631394,-56.081660,BRIDGE
-15.633082,-56.027676,-15.633040,-56.027602,BRIDGE
-15.632846,-56.111507,-15.632912,-56.111447,BRIDGE
-15.632476,-56.110673,-15.632411,-56.110581,BRIDGE
-15.632472,-56.209927,-15.632409,-56.209870,BRIDGE
-15.632424,-56.124253,-15.632444,-56.124334,BRIDGE
-15.632348,-56.157920,-15.632376,-56.157840,BRIDGE
-15.632207,-56.141492,-15.632217,-56.141408,BRIDGE
-15.632126,-58.208151,-15.632180,-58.208411,BRIDGE
-15.632116,-52.160827,-15.632159,-52.161020,BRIDGE
-15.631654,-56.157358,-15.631691,-56.157278,BRIDGE
-15.631474,-56.005588,-15.631474,-56.005652,BRIDGE
-15.631450,-56.144906,-15.631372,-56.144936,BRIDGE
-15.631345,-56.081720,-15.633044,-56.084018,BRIDGE
-15.631170,-56.014992,-15.631171,-56.015118,BRIDGE
-15.630990,-52.694460,-15.630892,-52.694551,BRIDGE
-15.630889,-56.156722,-15.630920,-56.156633,BRIDGE
-15.630847,-56.156057,-15.630767,-56.156031,BRIDGE
-15.630793,-56.143661,-15.630871,-56.143634,BRIDGE
-15.630659,-56.015705,-15.630775,-56.015679,BRIDGE
-15.630593,-56.017194,-15.630416,-56.016981,BRIDGE
-15.630464,-56.155742,-15.630488,-56.155661,BRIDGE
-15.629891,-56.017409,-15.629945,-56.017474,BRIDGE
-15.629809,-56.166653,-15.629635,-56.166579,BRIDGE
-15.629790,-56.005777,-15.629845,-56.005664,BRIDGE
-15.629529,-56.166224,-15.629596,-56.166023,BRIDGE
-15.629527,-56.154851,-15.629601,-56.154884,BRIDGE
-15.629466,-56.077608,-15.627238,-56.080568,BRIDGE
-15.628871,-56.208480,-15.628943,-56.208533,BRIDGE
-15.628523,-55.861499,-15.628531,-55.861413,BRIDGE
-15.628134,-54.007597,-15.628182,-54.007545,BRIDGE
-15.628063,-56.113015,-15.626914,-56.114176,BRIDGE
-15.627698,-55.970304,-15.627740,-55.970225,BRIDGE
-15.627300,-56.080616,-15.629524,-56.077659,BRIDGE
-15.626954,-56.114232,-15.628124,-56.113072,BRIDGE
-15.626612,-54.007801,-15.626574,-54.007984,BRIDGE
-15.626018,-56.100041,-15.626155,-56.100194,BRIDGE
-15.625951,-53.190469,-15.625823,-53.190517,BRIDGE
-15.625747,-56.105977,-15.625823,-56.106051,BRIDGE
-15.625640,-56.059585,-15.625035,-56.060401,BRIDGE
-15.625603,-56.108939,-15.625557,-56.108869,BRIDGE
-15.625367,-56.076335,-15.625242,-56.076415,BRIDGE
-15.625284,-56.076481,-15.625425,-56.076389,BRIDGE
-15.625189,-56.035912,-15.624757,-56.036608,BRIDGE
-15.625168,-56.104032,-15.625073,-56.104093,BRIDGE
-15.625144,-58.203564,-15.625122,-58.203449,BRIDGE
-15.625130,-56.060471,-15.625753,-56.059609,BRIDGE
-15.624950,-56.137900,-15.624921,-56.137821,BRIDGE
-15.624860,-56.036620,-15.625277,-56.035934,BRIDGE
-15.624711,-56.010221,-15.624640,-56.010151,BRIDGE
-15.624640,-56.010151,-15.624552,-56.010051,BRIDGE
-15.624431,-56.116420,-15.623387,-56.117353,BRIDGE
-15.624363,-56.107996,-15.624239,-56.108060,BRIDGE
-15.623897,-53.053480,-15.623835,-53.053478,BRIDGE
-15.623572,-51.947595,-15.623686,-51.947446,BRIDGE
-15.623461,-56.117434,-15.624523,-56.116456,BRIDGE
-15.622844,-56.045561,-15.622255,-56.044487,BRIDGE
-15.622021,-56.137790,-15.621991,-56.137711,BRIDGE
-15.621619,-56.076679,-15.621679,-56.076823,BRIDGE
-15.621567,-56.076903,-15.621512,-56.076771,BRIDGE
-15.621091,-54.977548,-15.620856,-54.977573,BRIDGE
-15.620720,-56.077375,-15.620704,-56.077194,BRIDGE
-15.620641,-56.077205,-15.620658,-56.077385,BRIDGE
-15.620433,-56.094239,-15.620543,-56.094352,BRIDGE
-15.620296,-56.215985,-15.620262,-56.215905,BRIDGE
-15.620178,-56.091332,-15.620277,-56.091242,BRIDGE
-15.619678,-54.964521,-15.619851,-54.964398,BRIDGE
-15.619613,-58.729606,-15.619572,-58.729481,BRIDGE
-15.619561,-56.013073,-15.619179,-56.013954,BRIDGE
-15.619402,-56.077171,-15.619364,-56.077279,BRIDGE
-15.619372,-56.014028,-15.619738,-56.013180,BRIDGE
-15.619247,-56.077226,-15.619290,-56.077161,BRIDGE
-15.619008,-57.441465,-15.618775,-57.441354,BRIDGE
-15.618783,-55.950102,-15.618705,-55.950063,BRIDGE
-15.618247,-56.057943,-15.618241,-56.058101,BRIDGE
-15.617922,-56.032283,-15.617922,-56.032362,BRIDGE
-15.617067,-56.105649,-15.615102,-56.105047,BRIDGE
-15.615949,-56.044861,-15.615666,-56.045324,BRIDGE
-15.615727,-56.045388,-15.616011,-56.044901,BRIDGE
-15.615138,-56.105167,-15.617049,-56.105735,BRIDGE
-15.614988,-56.003129,-15.615029,-56.002874,TUNNEL
-15.614618,-56.072830,-15.612318,-56.075478,BRIDGE
-15.614465,-51.829761,-15.614166,-51.829726,BRIDGE
-15.613906,-56.075056,-15.613864,-56.075184,BRIDGE
-15.613304,-56.074754,-15.613447,-56.074662,BRIDGE
-15.613285,-56.074142,-15.613172,-56.074226,BRIDGE
-15.612658,-56.110691,-15.612576,-56.110558,BRIDGE
-15.612459,-56.075610,-15.614764,-56.072909,BRIDGE
-15.612406,-56.027878,-15.612452,-56.027769,BRIDGE
-15.612301,-56.074081,-15.612740,-56.073585,TUNNEL
-15.612032,-58.786415,-15.611845,-58.786482,BRIDGE
-15.611668,-56.111627,-15.611578,-56.111521,BRIDGE
-15.611209,-56.111885,-15.611298,-56.111981,BRIDGE
-15.609847,-56.087945,-15.609765,-56.087877,BRIDGE
-15.609838,-55.842409,-15.609929,-55.841951,BRIDGE
-15.609000,-55.983095,-15.608963,-55.983173,BRIDGE
-15.608950,-56.061443,-15.608906,-56.061483,BRIDGE
-15.608572,-56.038568,-15.608161,-56.039523,BRIDGE
-15.608524,-56.075260,-15.609008,-56.075445,TUNNEL
-15.608370,-56.039571,-15.608769,-56.038656,BRIDGE
-15.608151,-56.138851,-15.607957,-56.136727,BRIDGE
-15.608131,-56.080991,-15.607702,-56.080575,BRIDGE
-15.607881,-56.136729,-15.608074,-56.138860,BRIDGE
-15.607669,-56.080633,-15.608095,-56.081037,BRIDGE
-15.607651,-56.114819,-15.607531,-56.114697,BRIDGE
-15.607226,-56.128683,-15.607208,-56.128479,TUNNEL
-15.607208,-56.128479,-15.607181,-56.128224,TUNNEL
-15.607174,-55.981425,-15.607167,-55.981341,BRIDGE
-15.606988,-56.001936,-15.606947,-56.001863,BRIDGE
-15.606817,-55.913898,-15.607018,-55.914298,BRIDGE
-15.606477,-55.900842,-15.606522,-55.900780,BRIDGE
-15.606324,-56.131169,-15.606209,-56.131183,BRIDGE
-15.606130,-57.905510,-15.606087,-57.905452,BRIDGE
-15.605391,-56.004002,-15.605490,-56.003899,BRIDGE
-15.605275,-56.054661,-15.605155,-56.054565,BRIDGE
-15.605239,-56.134763,-15.605200,-56.134784,BRIDGE
-15.605171,-52.430127,-15.605210,-52.430209,BRIDGE
-15.605011,-56.115746,-15.605127,-56.115845,BRIDGE
-15.604707,-56.054128,-15.604617,-56.054046,BRIDGE
-15.604519,-56.127788,-15.604166,-56.127720,TUNNEL
-15.604158,-56.127793,-15.604508,-56.127852,TUNNEL
-15.603967,-56.077318,-15.603937,-56.077353,TUNNEL
-15.603805,-56.127676,-15.603484,-56.127640,TUNNEL
-15.603483,-56.127709,-15.603799,-56.127744,TUNNEL
-15.603435,-56.120107,-15.605356,-56.122663,TUNNEL
-15.603403,-56.120486,-15.605160,-56.122626,TUNNEL
-15.603291,-56.204228,-15.602926,-56.204424,BRIDGE
-15.602826,-53.656057,-15.602851,-53.655971,BRIDGE
-15.602428,-56.071497,-15.602350,-56.071443,BRIDGE
-15.602036,-56.082670,-15.601974,-56.082636,BRIDGE
-15.601510,-56.055115,-15.599965,-56.058854,BRIDGE
-15.601235,-56.008867,-15.600573,-56.009142,BRIDGE
-15.601160,-56.173649,-15.601174,-56.173735,BRIDGE
-15.600612,-54.973743,-15.600162,-54.973765,BRIDGE
-15.600611,-56.009256,-15.601285,-56.008978,BRIDGE
-15.600010,-56.058875,-15.601600,-56.055148,BRIDGE
-15.599705,-56.117173,-15.599744,-56.117044,BRIDGE
-15.599493,-56.116908,-15.599414,-56.117022,BRIDGE
-15.598922,-56.207912,-15.598833,-56.207903,BRIDGE
-15.598268,-56.037865,-15.598161,-56.038240,BRIDGE
-15.598239,-56.038266,-15.598351,-56.037881,BRIDGE
-15.597910,-56.112952,-15.597823,-56.112941,BRIDGE
-15.597902,-58.665294,-15.597930,-58.665031,BRIDGE
-15.597603,-56.115361,-15.597696,-56.115301,BRIDGE
-15.596247,-52.376827,-15.596098,-52.377054,BRIDGE
-15.596037,-56.078360,-15.595346,-56.078626,TUNNEL
-15.595909,-52.379014,-15.595989,-52.379020,BRIDGE
-15.595359,-56.078691,-15.596056,-56.078418,TUNNEL
-15.595346,-56.078626,-15.592581,-56.079807,TUNNEL
-15.595340,-55.799196,-15.595334,-55.799280,BRIDGE
-15.594775,-56.078956,-15.595359,-56.078691,TUNNEL
-15.594544,-56.079065,-15.594775,-56.078956,TUNNEL
-15.593624,-54.965377,-15.593683,-54.965163,BRIDGE
-15.593287,-52.379673,-15.593236,-52.379729,BRIDGE
-15.592847,-55.659697,-15.592770,-55.659731,BRIDGE
-15.592717,-56.145548,-15.592218,-56.145240,BRIDGE
-15.592597,-56.079871,-15.594544,-56.079065,TUNNEL
-15.592581,-56.079807,-15.591926,-56.080163,TUNNEL
-15.592176,-56.145307,-15.592671,-56.145621,BRIDGE
-15.591961,-56.080211,-15.592597,-56.079871,TUNNEL
-15.591515,-58.863341,-15.591686,-58.863341,BRIDGE
-15.591338,-55.977297,-15.591148,-55.977050,BRIDGE
-15.589527,-56.064557,-15.589454,-56.064567,BRIDGE
-15.589324,-56.064764,-15.589358,-56.064846,BRIDGE
-15.589284,-56.066009,-15.589333,-56.065975,BRIDGE
-15.589228,-56.090418,-15.589171,-56.090375,BRIDGE
-15.589017,-56.065336,-15.588965,-56.065262,BRIDGE
-15.588817,-56.082699,-15.587959,-56.084025,BRIDGE
-15.588676,-56.083331,-15.588006,-56.084070,BRIDGE
-15.588246,-56.064174,-15.588183,-56.064228,BRIDGE
-15.588145,-56.069834,-15.588078,-56.069886,BRIDGE
-15.588067,-56.084129,-15.588739,-56.083384,BRIDGE
-15.588043,-54.958295,-15.587920,-54.958282,BRIDGE
-15.587913,-56.083590,-15.587836,-56.083665,TUNNEL
-15.587715,-56.043948,-15.587632,-56.043883,BRIDGE
-15.587059,-58.370015,-15.587086,-58.369837,BRIDGE
-15.586995,-56.085957,-15.587198,-56.085757,BRIDGE
-15.586987,-56.085520,-15.586794,-56.085840,BRIDGE
-15.586896,-56.085890,-15.587078,-56.085574,BRIDGE
-15.586676,-56.049887,-15.586749,-56.049858,BRIDGE
-15.586645,-56.073595,-15.586397,-56.073543,BRIDGE
-15.586590,-56.068656,-15.586638,-56.068587,BRIDGE
-15.586527,-56.085849,-15.586158,-56.086369,TUNNEL
-15.586450,-56.051261,-15.586328,-56.051247,BRIDGE
-15.586265,-56.114713,-15.585510,-56.113796,TUNNEL
-15.586184,-56.086393,-15.586536,-56.085857,TUNNEL
-15.585859,-56.031325,-15.585714,-56.031793,BRIDGE
-15.585601,-56.075717,-15.585690,-56.075796,BRIDGE
-15.585454,-56.113849,-15.586210,-56.114768,TUNNEL
-15.584782,-56.187883,-15.584439,-56.188406,BRIDGE
-15.584735,-56.079697,-15.585212,-56.079511,TUNNEL
-15.584548,-56.188487,-15.584900,-56.187969,BRIDGE
-15.584067,-56.125496,-15.584131,-56.125551,BRIDGE
-15.583420,-56.031641,-15.583374,-56.031461,BRIDGE
-15.582778,-56.104227,-15.582813,-56.104150,BRIDGE
-15.582707,-56.077076,-15.582758,-56.077390,TUNNEL
-15.582602,-56.091210,-15.582368,-56.090795,BRIDGE
-15.582368,-56.090795,-15.582202,-56.090499,BRIDGE
-15.582246,-56.065896,-15.582169,-56.065928,BRIDGE
-15.582178,-56.065332,-15.582096,-56.065360,BRIDGE
-15.582127,-56.063560,-15.582205,-56.063531,BRIDGE
-15.582088,-56.090570,-15.582488,-56.091280,BRIDGE
-15.581893,-56.062970,-15.581950,-56.062909,BRIDGE
-15.581055,-56.033579,-15.581166,-56.033724,BRIDGE
-15.581005,-56.115418,-15.580951,-56.115340,BRIDGE
-15.580543,-56.115781,-15.580483,-56.115722,BRIDGE
-15.580398,-56.206368,-15.580382,-56.206283,BRIDGE
-15.579848,-56.087657,-15.579658,-56.087598,BRIDGE
-15.579840,-56.150013,-15.579902,-56.149986,BRIDGE
-15.579699,-56.087693,-15.579873,-56.087750,BRIDGE
-15.579621,-56.087488,-15.579820,-56.087819,TUNNEL
-15.579150,-56.122510,-15.578830,-56.122613,BRIDGE
-15.578967,-56.148789,-15.578927,-56.148846,BRIDGE
-15.578940,-56.110166,-15.579068,-56.109962,TUNNEL
-15.578850,-56.122738,-15.579182,-56.122638,BRIDGE
-15.578660,-56.095936,-15.578095,-56.099415,BRIDGE
-15.578448,-56.106227,-15.578513,-56.106273,BRIDGE
-15.578147,-56.099502,-15.578738,-56.095906,BRIDGE
-15.577928,-56.094009,-15.577998,-56.094050,BRIDGE
-15.577878,-56.024209,-15.577926,-56.024285,BRIDGE
-15.577857,-56.030828,-15.577869,-56.030636,BRIDGE
-15.577763,-56.022776,-15.577715,-56.022709,BRIDGE
-15.577753,-56.025074,-15.577799,-56.025145,BRIDGE
-15.577737,-56.036370,-15.577630,-56.036268,BRIDGE
-15.577460,-56.025675,-15.577510,-56.025756,BRIDGE
-15.577269,-56.026430,-15.577224,-56.026359,BRIDGE
-15.577192,-56.022450,-15.577135,-56.022499,BRIDGE
-15.576947,-56.044584,-15.576866,-56.044587,BRIDGE
-15.576826,-56.041546,-15.576746,-56.041564,BRIDGE
-15.576794,-56.026758,-15.576839,-56.026828,BRIDGE
-15.576744,-56.038196,-15.576619,-56.037909,BRIDGE
-15.576573,-53.073614,-15.576563,-53.073458,BRIDGE
-15.575841,-56.027686,-15.575910,-56.027731,BRIDGE
-15.575490,-56.028165,-15.575421,-56.028118,BRIDGE
-15.575049,-56.028554,-15.574980,-56.028506,BRIDGE
-15.574922,-56.107354,-15.574640,-56.107441,BRIDGE
-15.574809,-56.123826,-15.574734,-56.123728,BRIDGE
-15.574669,-56.107532,-15.574948,-56.107442,BRIDGE
-15.574531,-56.028894,-15.574598,-56.028942,BRIDGE
-15.574524,-56.050202,-15.574400,-56.050085,BRIDGE
-15.574510,-51.820139,-15.573905,-51.819892,BRIDGE
-15.574412,-56.113725,-15.574267,-56.113757,BRIDGE
-15.574210,-56.084206,-15.574102,-56.084207,BRIDGE
-15.574209,-56.085953,-15.574029,-56.085900,BRIDGE
-15.574157,-56.085492,-15.574288,-56.085512,BRIDGE
-15.574157,-56.029340,-15.574088,-56.029294,BRIDGE
-15.574156,-56.072200,-15.573806,-56.072781,BRIDGE
-15.573836,-56.094617,-15.573736,-56.094671,BRIDGE
-15.573486,-56.074983,-15.573508,-56.074952,BRIDGE
-15.573080,-56.093257,-15.573205,-56.093233,BRIDGE
-15.572807,-56.090890,-15.572657,-56.090781,BRIDGE
-15.572136,-56.081294,-15.572152,-56.081207,BRIDGE
-15.572124,-52.793231,-15.572117,-52.793351,BRIDGE
-15.572022,-54.282373,-15.571957,-54.282271,BRIDGE
-15.571722,-55.163430,-15.571876,-55.162992,BRIDGE
-15.571548,-54.971089,-15.571495,-54.970896,BRIDGE
-15.570588,-56.052926,-15.570491,-56.052630,BRIDGE
-15.570404,-56.052650,-15.570498,-56.052946,BRIDGE
-15.569731,-56.124404,-15.569708,-56.124322,BRIDGE
-15.569278,-56.131736,-15.569352,-56.132006,TUNNEL
-15.569228,-54.555986,-15.569204,-54.556070,BRIDGE
-15.569128,-56.028480,-15.569126,-56.028291,BRIDGE
-15.568792,-56.054332,-15.568636,-56.054203,BRIDGE
-15.567888,-54.560488,-15.567605,-54.561439,BRIDGE
-15.567354,-56.055086,-15.567293,-56.054917,BRIDGE
-15.566873,-56.124289,-15.566755,-56.124300,BRIDGE
-15.565121,-56.056064,-15.565088,-56.055973,BRIDGE
-15.564628,-56.056135,-15.564664,-56.056236,BRIDGE
-15.564466,-56.022328,-15.564420,-56.022256,BRIDGE
-15.564092,-54.299332,-15.563923,-54.299437,TUNNEL
-15.563974,-54.299532,-15.564134,-54.299445,TUNNEL
-15.563961,-56.019844,-15.563889,-56.019883,BRIDGE
-15.563953,-56.020035,-15.564024,-56.019995,BRIDGE
-15.563916,-56.142981,-15.563870,-56.142925,BRIDGE
-15.563290,-54.297860,-15.563194,-54.297912,TUNNEL
-15.563219,-54.297961,-15.563310,-54.297906,TUNNEL
-15.563195,-56.017868,-15.563121,-56.017908,BRIDGE
-15.562514,-56.088561,-15.562176,-56.089007,TUNNEL
-15.562256,-56.089066,-15.562597,-56.088628,TUNNEL
-15.561986,-56.133912,-15.562048,-56.133826,BRIDGE
-15.561963,-56.133727,-15.561889,-56.133831,BRIDGE
-15.561870,-56.084287,-15.562401,-56.084635,BRIDGE
-15.561725,-56.015139,-15.561836,-56.015084,BRIDGE
-15.561166,-53.531830,-15.561136,-53.531752,BRIDGE
-15.560797,-55.985785,-15.560684,-55.985799,BRIDGE
-15.560788,-56.117626,-15.560723,-56.117574,BRIDGE
-15.560126,-56.023334,-15.560026,-56.023396,BRIDGE
-15.560036,-56.109346,-15.560054,-56.109271,BRIDGE
-15.559187,-56.022449,-15.559263,-56.022377,BRIDGE
-15.558893,-56.093283,-15.558626,-56.093635,BRIDGE
-15.558882,-56.080421,-15.558965,-56.080395,BRIDGE
-15.558851,-56.079378,-15.558771,-56.079391,BRIDGE
-15.558777,-56.093756,-15.559048,-56.093398,BRIDGE
-15.558770,-56.091006,-15.558672,-56.091043,BRIDGE
-15.558770,-56.078773,-15.558690,-56.078787,BRIDGE
-15.558379,-56.077187,-15.558299,-56.077199,BRIDGE
-15.558103,-59.689582,-15.558113,-59.689775,BRIDGE
-15.557973,-53.063219,-15.557907,-53.063417,BRIDGE
-15.557517,-56.082439,-15.557443,-56.082400,BRIDGE
-15.557286,-53.579472,-15.557117,-53.579485,BRIDGE
-15.557048,-54.295778,-15.556660,-54.295748,BRIDGE
-15.556887,-56.084932,-15.556945,-56.084873,BRIDGE
-15.556687,-56.029082,-15.556600,-56.028961,BRIDGE
-15.556144,-52.593841,-15.555964,-52.593900,BRIDGE
-15.555699,-56.080454,-15.555874,-56.080445,BRIDGE
-15.555600,-56.082529,-15.555710,-56.082549,BRIDGE
-15.555254,-56.082921,-15.555237,-56.082815,BRIDGE
-15.554805,-56.078917,-15.554824,-56.078899,BRIDGE
-15.554659,-56.108804,-15.554410,-56.108784,BRIDGE
-15.554332,-52.325644,-15.554400,-52.325595,BRIDGE
-15.554210,-56.144765,-15.554096,-56.144919,BRIDGE
-15.553887,-56.097164,-15.553846,-56.097092,BRIDGE
-15.553310,-56.033761,-15.553122,-56.033654,BRIDGE
-15.553114,-56.028981,-15.553277,-56.028902,BRIDGE
-15.552904,-56.042634,-15.553018,-56.042714,BRIDGE
-15.552642,-56.075887,-15.552683,-56.075810,BRIDGE
-15.552185,-56.098556,-15.552179,-56.098661,BRIDGE
-15.551898,-56.020919,-15.551822,-56.020954,BRIDGE
-15.551758,-52.149712,-15.551744,-52.149382,BRIDGE
-15.551030,-56.073805,-15.551099,-56.073760,BRIDGE
-15.550755,-54.280776,-15.550819,-54.280802,TUNNEL
-15.550689,-56.047554,-15.550758,-56.047615,BRIDGE
-15.550268,-56.028244,-15.550255,-56.028156,BRIDGE
-15.549980,-56.076541,-15.550063,-56.076563,BRIDGE
-15.549020,-55.984299,-15.548962,-55.984169,BRIDGE
-15.548996,-56.038428,-15.549055,-56.038490,BRIDGE
-15.548577,-53.175290,-15.548467,-53.175303,BRIDGE
-15.548216,-56.050560,-15.548163,-56.050496,BRIDGE
-15.547473,-53.082549,-15.547554,-53.082435,BRIDGE
-15.547268,-55.905829,-15.547332,-55.905773,BRIDGE
-15.547043,-56.063505,-15.546977,-56.063484,BRIDGE
-15.546852,-52.204860,-15.547453,-52.204870,BRIDGE
-15.546768,-55.119033,-15.546747,-55.118803,BRIDGE
-15.546721,-56.065055,-15.546641,-56.065044,BRIDGE
-15.546536,-56.067750,-15.546587,-56.067816,BRIDGE
-15.546352,-56.028952,-15.546484,-56.029040,BRIDGE
-15.546264,-56.098007,-15.546225,-56.097888,TUNNEL
-15.545806,-56.041225,-15.545744,-56.041166,BRIDGE
-15.545723,-54.314829,-15.545726,-54.314739,BRIDGE
-15.545630,-54.314772,-15.545628,-54.314877,BRIDGE
-15.545393,-56.026342,-15.545550,-56.026210,BRIDGE
-15.545134,-56.069656,-15.545077,-56.069593,BRIDGE
-15.544917,-56.031187,-15.544903,-56.030969,BRIDGE
-15.544739,-56.069982,-15.544666,-56.069911,BRIDGE
-15.544194,-56.044315,-15.544042,-56.044195,BRIDGE
-15.543791,-56.032764,-15.543962,-56.032966,BRIDGE
-15.543642,-55.976286,-15.543162,-55.975939,BRIDGE
-15.543612,-56.033278,-15.543556,-56.033217,BRIDGE
-15.543479,-56.033296,-15.543535,-56.033357,BRIDGE
-15.543430,-56.071013,-15.543483,-56.071079,BRIDGE
-15.542403,-52.640795,-15.542393,-52.641278,BRIDGE
-15.541941,-55.986077,-15.541932,-55.985993,BRIDGE
-15.541811,-56.019233,-15.541893,-56.019217,BRIDGE
-15.541706,-56.019773,-15.541626,-56.019788,BRIDGE
-15.541238,-56.072361,-15.541295,-56.072421,BRIDGE
-15.540494,-56.073656,-15.540412,-56.073575,BRIDGE
-15.539682,-56.056892,-15.539524,-56.056959,BRIDGE
-15.539584,-55.999669,-15.539630,-55.999600,BRIDGE
-15.538901,-56.026695,-15.538963,-56.026635,BRIDGE
-15.538719,-56.076210,-15.538631,-56.076131,BRIDGE
-15.536326,-58.696020,-15.536285,-58.695729,BRIDGE
-15.536215,-55.994531,-15.536280,-55.994470,BRIDGE
-15.535936,-56.132509,-15.536075,-56.132719,BRIDGE
-15.535730,-55.923942,-15.535100,-55.922840,BRIDGE
-15.534852,-53.204443,-15.534637,-53.204515,BRIDGE
-15.533643,-56.091349,-15.533625,-56.091267,BRIDGE
-15.533505,-56.091303,-15.533523,-56.091388,BRIDGE
-15.532980,-54.304186,-15.532936,-54.304221,BRIDGE
-15.532919,-54.304391,-15.532956,-54.304361,BRIDGE
-15.532853,-52.332060,-15.532664,-52.331985,BRIDGE
-15.532380,-56.164637,-15.532293,-56.164603,BRIDGE
-15.532277,-54.305948,-15.532190,-54.305903,BRIDGE
-15.532100,-56.076287,-15.532132,-56.076145,BRIDGE
-15.531870,-56.067996,-15.531850,-56.067530,BRIDGE
-15.531548,-56.011812,-15.531473,-56.011781,BRIDGE
-15.529519,-56.069762,-15.529422,-56.069736,BRIDGE
-15.528787,-56.069626,-15.528668,-56.069603,BRIDGE
-15.528545,-55.966090,-15.528406,-55.966125,BRIDGE
-15.528378,-56.160222,-15.528473,-56.160144,BRIDGE
-15.526511,-56.053607,-15.526538,-56.053492,BRIDGE
-15.526364,-56.029599,-15.526320,-56.029528,BRIDGE
-15.525576,-56.033445,-15.525642,-56.033415,BRIDGE
-15.525103,-56.051597,-15.525020,-56.051601,BRIDGE
-15.521256,-52.949839,-15.521597,-52.949535,BRIDGE
-15.521168,-55.393725,-15.521283,-55.393697,BRIDGE
-15.520268,-56.092968,-15.520028,-56.092976,TUNNEL
-15.520091,-56.093438,-15.520062,-56.092689,BRIDGE
-15.520031,-56.093075,-15.520270,-56.093063,TUNNEL
-15.519303,-56.069015,-15.517470,-56.068005,BRIDGE
-15.519093,-55.962486,-15.518979,-55.962409,BRIDGE
-15.518284,-58.499229,-15.518432,-58.499260,BRIDGE
-15.517551,-56.068184,-15.519241,-56.069125,BRIDGE
-15.517324,-52.579901,-15.517513,-52.580003,BRIDGE
-15.516624,-59.601329,-15.516635,-59.601273,BRIDGE
-15.510906,-58.499780,-15.510947,-58.500167,BRIDGE
-15.509383,-55.404582,-15.509319,-55.404087,BRIDGE
-15.507482,-56.176907,-15.507155,-56.177227,BRIDGE
-15.506072,-55.856019,-15.506043,-55.856098,BRIDGE
-15.505401,-55.227235,-15.505392,-55.226879,BRIDGE
-15.505268,-55.860776,-15.505238,-55.860853,BRIDGE
-15.504760,-55.364996,-15.504935,-55.365096,BRIDGE
-15.503367,-55.959991,-15.503286,-55.960046,BRIDGE
-15.501486,-58.575202,-15.501229,-58.575513,BRIDGE
-15.501424,-52.203535,-15.501894,-52.203548,BRIDGE
-15.501303,-56.177492,-15.501184,-56.177313,BRIDGE
-15.500483,-56.950188,-15.500672,-56.950314,BRIDGE
-15.499547,-58.674465,-15.499407,-58.674514,BRIDGE
-15.498862,-58.161918,-15.498660,-58.161822,BRIDGE
-15.498775,-52.203429,-15.499452,-52.203453,BRIDGE
-15.497448,-55.965651,-15.497496,-55.965719,BRIDGE
-15.494184,-52.203324,-15.494789,-52.203341,BRIDGE
-15.494015,-58.044363,-15.494295,-58.044419,BRIDGE
-15.493733,-51.984051,-15.493726,-51.983854,BRIDGE
-15.492898,-55.971149,-15.492750,-55.971254,BRIDGE
-15.489010,-53.329166,-15.488997,-53.329082,BRIDGE
-15.486652,-55.995166,-15.486569,-55.995138,BRIDGE
-15.485017,-57.838167,-15.485617,-57.837502,BRIDGE
-15.483497,-58.598792,-15.483595,-58.599507,BRIDGE
-15.482657,-58.455598,-15.482668,-58.455730,BRIDGE
-15.481193,-58.152935,-15.481084,-58.152741,BRIDGE
-15.480809,-52.725717,-15.480909,-52.725412,BRIDGE
-15.479736,-55.742863,-15.479850,-55.742872,TUNNEL
-15.475847,-56.058155,-15.473058,-56.059301,BRIDGE
-15.474897,-56.123817,-15.474543,-56.123860,BRIDGE
-15.474592,-56.146126,-15.474379,-56.146478,BRIDGE
-15.473479,-58.700465,-15.473594,-58.700306,BRIDGE
-15.473356,-56.458194,-15.473007,-56.457982,BRIDGE
-15.473114,-53.538697,-15.473205,-53.538660,BRIDGE
-15.473067,-58.012804,-15.473047,-58.013052,BRIDGE
-15.471798,-55.991359,-15.471825,-55.991038,BRIDGE
-15.471188,-58.398689,-15.471245,-58.398598,BRIDGE
-15.468281,-58.357775,-15.468259,-58.357507,BRIDGE
-15.467574,-59.506752,-15.467508,-59.506711,BRIDGE
-15.467464,-55.750307,-15.467519,-55.750099,TUNNEL
-15.467305,-58.145407,-15.467153,-58.145339,BRIDGE
-15.467270,-57.895479,-15.466791,-57.894605,BRIDGE
-15.466123,-55.994740,-15.466132,-55.994573,BRIDGE
-15.465637,-59.478434,-15.465623,-59.478005,BRIDGE
-15.465467,-58.353928,-15.465338,-58.353914,BRIDGE
-15.465338,-58.347415,-15.465347,-58.347307,BRIDGE
-15.465017,-56.068990,-15.464757,-56.069295,BRIDGE
-15.464835,-56.069369,-15.465100,-56.069044,BRIDGE
-15.464705,-58.352310,-15.464633,-58.352301,TUNNEL
-15.464605,-58.352415,-15.464697,-58.352429,TUNNEL
-15.463968,-56.131743,-15.463684,-56.131868,BRIDGE
-15.463761,-58.346388,-15.463628,-58.346380,BRIDGE
-15.462908,-56.138149,-15.462901,-56.138058,BRIDGE
-15.459153,-58.705408,-15.459127,-58.705719,BRIDGE
-15.458905,-55.966553,-15.458845,-55.966374,BRIDGE
-15.458902,-55.744754,-15.458966,-55.744557,BRIDGE
-15.458627,-58.354514,-15.458456,-58.354811,BRIDGE
-15.458575,-55.748903,-15.458625,-55.747985,TUNNEL
-15.458562,-55.749109,-15.458575,-55.748903,TUNNEL
-15.458290,-55.978916,-15.458737,-55.978464,BRIDGE
-15.456529,-55.967563,-15.456501,-55.967484,BRIDGE
-15.455261,-56.090350,-15.455256,-56.090253,BRIDGE
-15.455101,-56.090269,-15.455096,-56.090364,BRIDGE
-15.454630,-56.085573,-15.455238,-56.085520,TUNNEL
-15.453675,-58.707244,-15.453665,-58.707170,BRIDGE
-15.452340,-53.542480,-15.452256,-53.542480,BRIDGE
-15.449454,-54.349308,-15.449166,-54.349389,BRIDGE
-15.448107,-58.696489,-15.448251,-58.696457,BRIDGE
-15.442900,-59.443878,-15.442756,-59.443738,BRIDGE
-15.442452,-54.237909,-15.442203,-54.237674,BRIDGE
-15.441783,-59.442922,-15.441375,-59.442555,BRIDGE
-15.439443,-53.629501,-15.439446,-53.629370,BRIDGE
-15.438844,-56.074973,-15.438801,-56.074898,BRIDGE
-15.437726,-58.726983,-15.437447,-58.727010,BRIDGE
-15.437266,-56.061449,-15.437364,-56.061157,BRIDGE
-15.437227,-52.201780,-15.437546,-52.201785,BRIDGE
-15.432709,-59.439323,-15.432755,-59.439257,BRIDGE
-15.432083,-55.925833,-15.431937,-55.926024,BRIDGE
-15.429596,-55.288790,-15.429630,-55.288710,BRIDGE
-15.429556,-58.706103,-15.429550,-58.705976,BRIDGE
-15.423149,-55.806124,-15.423342,-55.805703,BRIDGE
-15.421979,-55.276692,-15.421792,-55.276658,BRIDGE
-15.415488,-55.806240,-15.415556,-55.806134,BRIDGE
-15.415423,-53.550121,-15.415362,-53.550064,BRIDGE
-15.414135,-56.752270,-15.413946,-56.752233,BRIDGE
-15.412448,-56.355273,-15.412216,-56.355732,BRIDGE
-15.409103,-55.431073,-15.409181,-55.430864,BRIDGE
-15.407935,-59.199330,-15.407860,-59.199289,BRIDGE
-15.407886,-58.867391,-15.408116,-58.867482,BRIDGE
-15.406372,-58.103420,-15.405930,-58.103632,BRIDGE
-15.405864,-55.822214,-15.405978,-55.822029,BRIDGE
-15.401628,-56.218697,-15.401240,-56.218928,BRIDGE
-15.400648,-56.870784,-15.400805,-56.870982,BRIDGE
-15.400203,-54.028155,-15.400102,-54.028927,BRIDGE
-15.397554,-58.990297,-15.397557,-58.990186,BRIDGE
-15.395298,-55.989062,-15.394958,-55.988756,BRIDGE
-15.393666,-56.597880,-15.393828,-56.597660,BRIDGE
-15.392761,-58.176613,-15.392125,-58.176654,BRIDGE
-15.391575,-59.593531,-15.391482,-59.593655,BRIDGE
-15.391490,-59.816557,-15.391792,-59.817197,BRIDGE
-15.391310,-55.435483,-15.391418,-55.435225,BRIDGE
-15.387456,-55.980544,-15.387452,-55.980460,BRIDGE
-15.386313,-58.689541,-15.386337,-58.689592,BRIDGE
-15.385545,-58.761146,-15.385453,-58.761186,BRIDGE
-15.382670,-52.200454,-15.383038,-52.200463,BRIDGE
-15.382660,-55.839966,-15.382687,-55.839913,BRIDGE
-15.380952,-55.709198,-15.380904,-55.709130,BRIDGE
-15.376732,-60.116534,-15.376760,-60.116564,BRIDGE
-15.372577,-54.383761,-15.372151,-54.383868,BRIDGE
-15.369011,-54.795707,-15.368740,-54.795375,BRIDGE
-15.368559,-53.838493,-15.368691,-53.838522,BRIDGE
-15.368426,-60.107504,-15.368462,-60.107538,BRIDGE
-15.367897,-55.908479,-15.367956,-55.908398,BRIDGE
-15.367755,-55.436958,-15.367709,-55.437069,BRIDGE
-15.367177,-55.918800,-15.367076,-55.918501,BRIDGE
-15.367050,-53.469430,-15.366236,-53.469530,BRIDGE
-15.366736,-59.517104,-15.366781,-59.517230,BRIDGE
-15.366727,-55.993636,-15.366712,-55.993780,BRIDGE
-15.365294,-57.236165,-15.365178,-57.236382,BRIDGE
-15.365283,-57.234634,-15.365313,-57.234812,BRIDGE
-15.364582,-58.702385,-15.364524,-58.702401,BRIDGE
-15.364217,-55.436574,-15.364088,-55.436585,BRIDGE
-15.363169,-54.565660,-15.363536,-54.565756,BRIDGE
-15.362934,-55.941388,-15.362875,-55.940812,BRIDGE
-15.362276,-52.903038,-15.362158,-52.903074,BRIDGE
-15.362137,-59.136594,-15.362036,-59.136530,BRIDGE
-15.361966,-58.815689,-15.361873,-58.815561,BRIDGE
-15.361756,-58.084640,-15.361606,-58.084627,BRIDGE
-15.361720,-55.468592,-15.361785,-55.468762,BRIDGE
-15.360954,-55.420627,-15.361131,-55.420577,BRIDGE
-15.359983,-56.227217,-15.359414,-56.227339,BRIDGE
-15.359603,-55.995096,-15.359703,-55.995085,BRIDGE
-15.358778,-58.850298,-15.358611,-58.850440,BRIDGE
-15.357672,-56.230759,-15.357308,-56.231145,BRIDGE
-15.357394,-55.453872,-15.357351,-55.453553,BRIDGE
-15.356796,-55.829007,-15.357245,-55.828993,BRIDGE
-15.354363,-55.892895,-15.354052,-55.892808,BRIDGE
-15.351782,-58.354398,-15.351429,-58.354377,BRIDGE
-15.351328,-56.244369,-15.351077,-56.244757,BRIDGE
-15.350884,-56.600339,-15.351044,-56.600201,BRIDGE
-15.349191,-58.705283,-15.349230,-58.705235,BRIDGE
-15.349186,-58.020418,-15.349076,-58.020914,BRIDGE
-15.347503,-56.802900,-15.347625,-56.803278,BRIDGE
-15.346235,-58.893117,-15.346350,-58.893247,BRIDGE
-15.344388,-58.966266,-15.344392,-58.966371,BRIDGE
-15.344159,-52.859520,-15.343951,-52.859554,BRIDGE
-15.344142,-58.890833,-15.344288,-58.890989,BRIDGE
-15.343645,-58.854506,-15.343656,-58.854628,BRIDGE
-15.342837,-52.847146,-15.342993,-52.846868,BRIDGE
-15.341451,-54.261173,-15.340976,-54.261335,BRIDGE
-15.341423,-53.685231,-15.342766,-53.685606,BRIDGE
-15.340848,-60.154480,-15.340856,-60.154433,BRIDGE
-15.340003,-56.142775,-15.339822,-56.143164,BRIDGE
-15.338904,-60.169817,-15.338916,-60.169766,BRIDGE
-15.336880,-55.896271,-15.336891,-55.896013,BRIDGE
-15.336546,-58.012246,-15.336622,-58.012317,BRIDGE
-15.335944,-56.720808,-15.336189,-56.720358,BRIDGE
-15.331859,-58.363849,-15.331779,-58.363625,BRIDGE
-15.331659,-54.969024,-15.332063,-54.969189,BRIDGE
-15.330182,-56.242171,-15.330074,-56.242295,BRIDGE
-15.326006,-57.193422,-15.325910,-57.193183,BRIDGE
-15.325470,-56.236797,-15.325035,-56.237044,BRIDGE
-15.324614,-58.541021,-15.324584,-58.540845,BRIDGE
-15.322227,-58.490614,-15.322221,-58.490484,BRIDGE
-15.320113,-56.177151,-15.320350,-56.176960,BRIDGE
-15.319923,-60.052680,-15.319968,-60.052624,BRIDGE
-15.319664,-58.888132,-15.319520,-58.888171,BRIDGE
-15.319010,-58.880635,-15.318881,-58.880643,BRIDGE
-15.315840,-58.324612,-15.315839,-58.324476,BRIDGE
-15.314511,-59.104570,-15.314453,-59.104529,BRIDGE
-15.313882,-54.176585,-15.313546,-54.175906,BRIDGE
-15.312520,-52.053807,-15.312515,-52.053432,BRIDGE
-15.311286,-59.373269,-15.311123,-59.373174,BRIDGE
-15.309953,-57.852039,-15.310423,-57.852486,BRIDGE
-15.304015,-56.270835,-15.303951,-56.270782,BRIDGE
-15.301474,-58.341532,-15.301250,-58.341457,BRIDGE
-15.299786,-58.044744,-15.299706,-58.044094,BRIDGE
-15.296339,-59.064788,-15.296218,-59.064680,BRIDGE
-15.296143,-59.065717,-15.296050,-59.065647,BRIDGE
-15.295676,-59.066456,-15.295587,-59.066387,BRIDGE
-15.294238,-56.558772,-15.294661,-56.559067,BRIDGE
-15.294016,-58.374560,-15.294014,-58.374937,BRIDGE
-15.292974,-54.524520,-15.292925,-54.524587,BRIDGE
-15.289568,-56.084649,-15.289508,-56.084706,BRIDGE
-15.289375,-58.706662,-15.289466,-58.707389,BRIDGE
-15.286967,-58.296574,-15.287007,-58.296664,BRIDGE
-15.286302,-56.254067,-15.286342,-56.254140,BRIDGE
-15.282970,-58.538368,-15.283073,-58.538097,BRIDGE
-15.282926,-58.339108,-15.282938,-58.338888,BRIDGE
-15.280417,-56.126404,-15.280368,-56.126532,BRIDGE
-15.277552,-56.121102,-15.277584,-56.121177,BRIDGE
-15.275668,-60.054283,-15.275735,-60.054290,BRIDGE
-15.275450,-56.123676,-15.275202,-56.123921,BRIDGE
-15.270946,-58.844874,-15.270721,-58.844861,BRIDGE
-15.269600,-58.114964,-15.269913,-58.115088,BRIDGE
-15.269319,-55.608702,-15.269233,-55.608442,BRIDGE
-15.266062,-59.116522,-15.265742,-59.116600,BRIDGE
-15.263568,-57.792951,-15.263592,-57.793244,BRIDGE
-15.262748,-55.514977,-15.263052,-55.514507,BRIDGE
-15.262122,-59.982223,-15.263047,-59.981659,BRIDGE
-15.261956,-58.721900,-15.261775,-58.721721,BRIDGE
-15.261224,-58.170924,-15.261278,-58.170839,BRIDGE
-15.259658,-58.202149,-15.259667,-58.202022,BRIDGE
-15.257461,-60.042504,-15.257545,-60.042557,BRIDGE
-15.256892,-58.144840,-15.257104,-58.144734,BRIDGE
-15.254710,-60.040944,-15.254768,-60.040982,BRIDGE
-15.253378,-58.277187,-15.253124,-58.276941,BRIDGE
-15.251151,-58.202631,-15.250995,-58.202568,BRIDGE
-15.249071,-53.053513,-15.247758,-53.052888,BRIDGE
-15.246893,-59.325256,-15.246956,-59.325151,BRIDGE
-15.246511,-56.475338,-15.246455,-56.475427,BRIDGE
-15.245732,-59.325050,-15.245778,-59.324972,BRIDGE
-15.244613,-59.324891,-15.244680,-59.324772,BRIDGE
-15.243835,-56.442243,-15.243828,-56.442328,BRIDGE
-15.243419,-59.324722,-15.243363,-59.324835,BRIDGE
-15.242246,-59.324622,-15.242154,-59.324782,BRIDGE
-15.242019,-59.324742,-15.242116,-59.324800,BRIDGE
-15.241897,-56.483050,-15.241568,-56.483542,BRIDGE
-15.241886,-56.494001,-15.241768,-56.493966,BRIDGE
-15.240991,-59.325340,-15.241106,-59.325418,BRIDGE
-15.240956,-57.729483,-15.241029,-57.729661,BRIDGE
-15.240398,-57.317453,-15.240301,-57.317429,BRIDGE
-15.240365,-56.192027,-15.240417,-56.192108,BRIDGE
-15.240297,-56.291585,-15.239969,-56.291905,BRIDGE
-15.240296,-59.325675,-15.240218,-59.325812,BRIDGE
-15.240151,-58.113695,-15.240300,-58.114100,BRIDGE
-15.239020,-59.325706,-15.238928,-59.325856,BRIDGE
-15.238611,-58.730007,-15.237796,-58.729781,BRIDGE
-15.238089,-56.298139,-15.238156,-56.298189,BRIDGE
-15.237884,-59.325571,-15.237989,-59.325395,BRIDGE
-15.237723,-56.185902,-15.237802,-56.185869,BRIDGE
-15.237697,-59.325684,-15.237580,-59.325604,BRIDGE
-15.236615,-56.299059,-15.236630,-56.299378,BRIDGE
-15.236554,-59.340924,-15.236616,-59.340846,BRIDGE
-15.236541,-59.326196,-15.236612,-59.326242,BRIDGE
-15.235731,-56.298156,-15.235783,-56.298090,BRIDGE
-15.235607,-54.514503,-15.235525,-54.514522,BRIDGE
-15.234301,-57.697342,-15.234458,-57.698712,BRIDGE
-15.234271,-53.946420,-15.234176,-53.946155,BRIDGE
-15.234130,-59.327380,-15.234025,-59.327544,BRIDGE
-15.234080,-59.327582,-15.234181,-59.327423,BRIDGE
-15.233168,-59.327798,-15.233022,-59.327703,BRIDGE
-15.230949,-59.328470,-15.231000,-59.328390,BRIDGE
-15.230624,-59.328642,-15.230507,-59.328567,BRIDGE
-15.230460,-59.328604,-15.230589,-59.328692,BRIDGE
-15.228104,-59.329006,-15.228199,-59.328857,BRIDGE
-15.227015,-59.328794,-15.227174,-59.328898,BRIDGE
-15.226836,-59.328982,-15.226953,-59.328792,BRIDGE
-15.225684,-58.181686,-15.225594,-58.181524,BRIDGE
-15.225451,-59.329165,-15.225321,-59.329363,BRIDGE
-15.224503,-59.346025,-15.224456,-59.345957,BRIDGE
-15.224182,-59.329463,-15.224382,-59.329606,BRIDGE
-15.223503,-53.968768,-15.223218,-53.969038,BRIDGE
-15.222791,-57.990375,-15.222746,-57.990458,BRIDGE
-15.222354,-52.851624,-15.222371,-52.851706,BRIDGE
-15.220896,-59.339157,-15.220838,-59.339084,BRIDGE
-15.219266,-59.340362,-15.219337,-59.340410,BRIDGE
-15.218417,-56.405081,-15.218701,-56.404696,BRIDGE
-15.218393,-52.181238,-15.218737,-52.181262,BRIDGE
-15.217549,-58.054612,-15.217622,-58.054739,BRIDGE
-15.216433,-59.351514,-15.216372,-59.351455,BRIDGE
-15.216071,-59.353839,-15.215490,-59.354097,BRIDGE
-15.215837,-59.320032,-15.214974,-59.320133,BRIDGE
-15.215255,-59.283525,-15.215045,-59.283291,BRIDGE
-15.213499,-55.642065,-15.213703,-55.642286,BRIDGE
-15.212537,-52.504590,-15.212574,-52.504515,BRIDGE
-15.207406,-54.120380,-15.206900,-54.120025,BRIDGE
-15.202580,-56.258784,-15.201968,-56.258966,BRIDGE
-15.201664,-56.378417,-15.203910,-56.378388,BRIDGE
-15.199712,-58.319932,-15.199510,-58.319992,BRIDGE
-15.199366,-55.327859,-15.199471,-55.328013,BRIDGE
-15.197962,-56.348957,-15.197890,-56.349151,BRIDGE
-15.196087,-55.361281,-15.195883,-55.361182,BRIDGE
-15.194994,-56.000571,-15.195285,-56.000518,BRIDGE
-15.191883,-59.424707,-15.191743,-59.424993,BRIDGE
-15.191653,-56.272295,-15.191436,-56.272703,BRIDGE
-15.184656,-58.316296,-15.184568,-58.316043,BRIDGE
-15.184551,-56.368092,-15.184738,-56.368461,BRIDGE
-15.184374,-55.991056,-15.184466,-55.990823,BRIDGE
-15.179874,-55.664385,-15.179477,-55.664217,BRIDGE
-15.177021,-58.122110,-15.177252,-58.121871,BRIDGE
-15.175059,-57.964919,-15.175319,-57.964876,BRIDGE
-15.161634,-54.190353,-15.161882,-54.190310,BRIDGE
-15.157176,-58.899926,-15.157196,-58.899802,BRIDGE
-15.154931,-57.927942,-15.154927,-57.928194,BRIDGE
-15.153745,-56.162388,-15.153657,-56.162324,BRIDGE
-15.153428,-57.966537,-15.153540,-57.966541,BRIDGE
-15.153250,-54.304023,-15.152812,-54.304053,BRIDGE
-15.150151,-58.258487,-15.150083,-58.258260,BRIDGE
-15.150018,-58.570048,-15.150279,-58.570062,BRIDGE
-15.149764,-58.927607,-15.149882,-58.927475,BRIDGE
-15.148006,-59.989247,-15.148139,-59.989240,BRIDGE
-15.147787,-58.605664,-15.147621,-58.605560,BRIDGE
-15.147624,-57.953070,-15.147631,-57.952831,BRIDGE
-15.147613,-59.360652,-15.147497,-59.360715,BRIDGE
-15.146074,-59.436432,-15.146268,-59.436517,BRIDGE
-15.145477,-59.890347,-15.145544,-59.890405,BRIDGE
-15.143040,-55.641906,-15.143138,-55.641916,BRIDGE
-15.142777,-59.989666,-15.142879,-59.989662,BRIDGE
-15.142716,-52.783890,-15.142688,-52.783970,BRIDGE
-15.136974,-56.522348,-15.136656,-56.522322,BRIDGE
-15.136249,-52.773426,-15.136333,-52.773424,BRIDGE
-15.133847,-54.190810,-15.133850,-54.191001,BRIDGE
-15.132037,-58.730253,-15.132082,-58.729854,BRIDGE
-15.130455,-58.376509,-15.129920,-58.376675,BRIDGE
-15.130279,-58.338782,-15.130384,-58.338640,BRIDGE
-15.127085,-58.123784,-15.126949,-58.123135,BRIDGE
-15.126293,-58.963477,-15.126665,-58.963135,BRIDGE
-15.126263,-57.107682,-15.126440,-57.107060,BRIDGE
-15.126167,-58.357594,-15.126158,-58.357811,BRIDGE
-15.122139,-58.967019,-15.122500,-58.966791,BRIDGE
-15.121813,-55.974949,-15.122186,-55.975210,BRIDGE
-15.121375,-58.085262,-15.121465,-58.085296,BRIDGE
-15.120709,-58.044173,-15.120591,-58.044099,BRIDGE
-15.119685,-58.029528,-15.119856,-58.029415,BRIDGE
-15.117273,-58.388603,-15.117153,-58.388769,BRIDGE
-15.115054,-58.256029,-15.115450,-58.255909,BRIDGE
-15.112800,-59.261457,-15.112654,-59.261624,BRIDGE
-15.112242,-55.677123,-15.112008,-55.677163,BRIDGE
-15.110871,-59.317643,-15.110881,-59.317740,BRIDGE
-15.109988,-60.000303,-15.110046,-60.000340,BRIDGE
-15.109769,-58.151278,-15.109687,-58.151088,BRIDGE
-15.109277,-57.936323,-15.109215,-57.935336,BRIDGE
-15.109220,-57.991065,-15.109179,-57.991006,BRIDGE
-15.108950,-59.468328,-15.108907,-59.468220,BRIDGE
-15.108760,-58.185738,-15.108719,-58.185858,BRIDGE
-15.108281,-58.156434,-15.108572,-58.156330,BRIDGE
-15.106547,-53.854516,-15.106603,-53.854358,BRIDGE
-15.106384,-58.475112,-15.106375,-58.475357,BRIDGE
-15.105257,-55.099009,-15.105601,-55.098876,BRIDGE
-15.099704,-59.987112,-15.099770,-59.987210,BRIDGE
-15.098673,-54.720954,-15.098769,-54.721090,BRIDGE
-15.096208,-58.521396,-15.096204,-58.521765,BRIDGE
-15.095862,-58.079871,-15.095783,-58.079886,BRIDGE
-15.095590,-54.723775,-15.095527,-54.723580,BRIDGE
-15.091328,-55.440720,-15.091119,-55.441033,BRIDGE
-15.090514,-52.217964,-15.090775,-52.217891,BRIDGE
-15.088410,-57.261360,-15.088845,-57.261474,BRIDGE
-15.088087,-58.353890,-15.088304,-58.353731,BRIDGE
-15.087252,-58.191242,-15.087288,-58.191401,BRIDGE
-15.086767,-58.218133,-15.086764,-58.218263,BRIDGE
-15.084247,-52.052281,-15.083801,-52.051951,BRIDGE
-15.083268,-53.925005,-15.083246,-53.924650,BRIDGE
-15.082298,-58.984498,-15.082486,-58.984487,BRIDGE
-15.080793,-55.775284,-15.080928,-55.775227,BRIDGE
-15.080517,-57.254123,-15.080624,-57.254267,BRIDGE
-15.076987,-54.263934,-15.077257,-54.264253,BRIDGE
-15.076963,-58.052721,-15.076881,-58.052753,BRIDGE
-15.075941,-57.183071,-15.077471,-57.183130,BRIDGE
-15.074881,-59.973724,-15.075021,-59.973732,BRIDGE
-15.074791,-60.039386,-15.074763,-60.039326,BRIDGE
-15.074015,-52.301585,-15.073956,-52.301402,BRIDGE
-15.073576,-59.876475,-15.073739,-59.876530,BRIDGE
-15.072487,-52.367396,-15.072838,-52.367207,BRIDGE
-15.072050,-56.436067,-15.071848,-56.436389,BRIDGE
-15.071261,-51.952480,-15.071256,-51.952395,BRIDGE
-15.066149,-56.384383,-15.065940,-56.384540,BRIDGE
-15.066099,-59.873635,-15.066832,-59.873710,BRIDGE
-15.063735,-58.133192,-15.063560,-58.133234,BRIDGE
-15.063633,-57.231577,-15.063804,-57.232190,BRIDGE
-15.061112,-57.963284,-15.061414,-57.963213,BRIDGE
-15.060040,-52.303576,-15.060059,-52.303692,BRIDGE
-15.058083,-58.527757,-15.058046,-58.528106,BRIDGE
-15.057771,-58.152818,-15.057955,-58.152909,BRIDGE
-15.057078,-55.796487,-15.057094,-55.796620,BRIDGE
-15.055435,-56.516693,-15.055282,-56.516684,BRIDGE
-15.054737,-57.698338,-15.054784,-57.698342,BRIDGE
-15.053752,-57.698076,-15.053853,-57.698099,BRIDGE
-15.050384,-57.960750,-15.050375,-57.960828,BRIDGE
-15.046602,-57.953102,-15.046769,-57.953282,BRIDGE
-15.044975,-59.853082,-15.044866,-59.853078,BRIDGE
-15.044380,-59.517488,-15.044547,-59.517480,BRIDGE
-15.042916,-56.360606,-15.043231,-56.360514,BRIDGE
-15.042714,-56.371463,-15.042597,-56.371521,BRIDGE
-15.042059,-52.243058,-15.042075,-52.242976,BRIDGE
-15.037412,-55.939801,-15.037707,-55.940153,BRIDGE
-15.036654,-52.241532,-15.036668,-52.241296,BRIDGE
-15.036481,-59.981549,-15.036653,-59.981704,BRIDGE
-15.035756,-52.234444,-15.035758,-52.234386,BRIDGE
-15.034285,-59.891784,-15.034501,-59.891900,BRIDGE
-15.033248,-57.174827,-15.033120,-57.174649,BRIDGE
-15.032833,-59.981406,-15.032879,-59.981373,BRIDGE
-15.032386,-57.223402,-15.032389,-57.223859,BRIDGE
-15.031274,-58.381932,-15.031135,-58.382063,BRIDGE
-15.030804,-52.239370,-15.031404,-52.239079,BRIDGE
-15.027679,-54.513091,-15.027520,-54.512910,BRIDGE
-15.022553,-52.243451,-15.022772,-52.243329,BRIDGE
-15.020831,-51.301614,-15.018798,-51.294937,BRIDGE
-15.014432,-58.189004,-15.014722,-58.189226,BRIDGE
-15.011062,-59.288306,-15.010239,-59.288089,BRIDGE
-15.009507,-59.958520,-15.009931,-59.956966,BRIDGE
-15.006969,-57.730889,-15.008213,-57.731261,BRIDGE
-15.003479,-56.888602,-15.003711,-56.888047,BRIDGE
-15.000616,-58.222029,-15.000712,-58.221995,BRIDGE
-14.999905,-57.160792,-14.999855,-57.160597,BRIDGE
-14.998727,-56.521724,-14.998793,-56.521751,BRIDGE
-14.998254,-53.937578,-14.998209,-53.937182,BRIDGE
-14.993221,-56.775385,-14.993177,-56.775275,BRIDGE
-14.992550,-58.226532,-14.992691,-58.226333,BRIDGE
-14.987420,-52.260238,-14.987753,-52.260168,BRIDGE
-14.983183,-54.948801,-14.983069,-54.948860,BRIDGE
-14.982670,-54.931419,-14.982771,-54.931698,BRIDGE
-14.982219,-57.165750,-14.982299,-57.165965,BRIDGE
-14.982100,-54.916799,-14.982050,-54.916897,BRIDGE
-14.981319,-58.260115,-14.981447,-58.260000,BRIDGE
-14.978635,-54.953147,-14.978488,-54.953289,BRIDGE
-14.974554,-56.838411,-14.974739,-56.837974,BRIDGE
-14.973743,-57.217834,-14.973494,-57.217912,BRIDGE
-14.972923,-59.547983,-14.973263,-59.547599,BRIDGE
-14.972426,-54.933532,-14.972275,-54.933821,BRIDGE
-14.972282,-57.218449,-14.972089,-57.218566,BRIDGE
-14.968765,-58.169416,-14.968617,-58.169499,BRIDGE
-14.966829,-52.264305,-14.967098,-52.264250,BRIDGE
-14.965998,-57.220155,-14.965751,-57.220168,BRIDGE
-14.965694,-58.145442,-14.965746,-58.145306,BRIDGE
-14.962686,-57.220426,-14.962454,-57.220443,BRIDGE
-14.960350,-52.265586,-14.961005,-52.265470,BRIDGE
-14.959789,-51.343725,-14.959820,-51.343221,BRIDGE
-14.958893,-57.339318,-14.958550,-57.339400,BRIDGE
-14.957531,-57.221276,-14.957249,-57.221371,BRIDGE
-14.952727,-57.340723,-14.952628,-57.340745,BRIDGE
-14.949017,-57.735126,-14.949389,-57.736184,BRIDGE
-14.946975,-55.787609,-14.946556,-55.787339,TUNNEL
-14.945650,-57.224861,-14.945356,-57.224974,BRIDGE
-14.944606,-56.000046,-14.944548,-55.999710,BRIDGE
-14.943384,-56.364184,-14.943692,-56.364367,BRIDGE
-14.942266,-55.989842,-14.942396,-55.990031,BRIDGE
-14.934240,-56.786542,-14.934122,-56.786479,BRIDGE
-14.934064,-54.391047,-14.933882,-54.391001,BRIDGE
-14.927760,-59.570172,-14.927910,-59.570029,BRIDGE
-14.926416,-57.238401,-14.926390,-57.238738,BRIDGE
-14.925311,-57.150887,-14.925255,-57.150569,BRIDGE
-14.923186,-56.017363,-14.923534,-56.017257,BRIDGE
-14.916509,-55.167006,-14.916440,-55.166953,BRIDGE
-14.914636,-54.950994,-14.915085,-54.951014,BRIDGE
-14.914065,-56.735725,-14.914185,-56.735818,BRIDGE
-14.912475,-52.766994,-14.912451,-52.766909,BRIDGE
-14.908682,-52.495532,-14.908217,-52.495428,BRIDGE
-14.906061,-56.133956,-14.905979,-56.133806,BRIDGE
-14.905452,-55.053947,-14.905305,-55.054017,BRIDGE
-14.903127,-53.073043,-14.903044,-53.073180,BRIDGE
-14.902208,-56.127532,-14.902093,-56.127465,BRIDGE
-14.896787,-52.306881,-14.896859,-52.306841,BRIDGE
-14.896023,-54.822331,-14.896251,-54.822145,BRIDGE
-14.895127,-53.664692,-14.895051,-53.664485,BRIDGE
-14.893913,-56.133327,-14.893813,-56.133667,BRIDGE
-14.893553,-52.130765,-14.893527,-52.131071,BRIDGE
-14.893467,-57.158968,-14.893692,-57.158496,BRIDGE
-14.892373,-52.501023,-14.892480,-52.501376,BRIDGE
-14.891391,-55.127946,-14.891534,-55.127745,BRIDGE
-14.890216,-52.986951,-14.890278,-52.986883,BRIDGE
-14.890031,-52.313159,-14.890097,-52.313206,BRIDGE
-14.889866,-52.337666,-14.889784,-52.337681,BRIDGE
-14.888589,-52.502050,-14.888607,-52.502109,BRIDGE
-14.883847,-60.049326,-14.884264,-60.049245,BRIDGE
-14.883160,-55.147160,-14.882930,-55.146811,BRIDGE
-14.876065,-57.286210,-14.875818,-57.285901,BRIDGE
-14.875602,-52.285879,-14.876005,-52.285505,BRIDGE
-14.875346,-54.083264,-14.874993,-54.083238,BRIDGE
-14.874886,-59.948251,-14.874451,-59.948212,BRIDGE
-14.874367,-59.587098,-14.874439,-59.587013,BRIDGE
-14.872439,-52.793909,-14.872434,-52.794102,BRIDGE
-14.871146,-55.791834,-14.872115,-55.791354,BRIDGE
-14.870847,-59.948344,-14.870584,-59.948299,BRIDGE
-14.870045,-57.458495,-14.869605,-57.458396,BRIDGE
-14.868282,-52.816589,-14.868308,-52.816505,BRIDGE
-14.867863,-52.809623,-14.867807,-52.809557,BRIDGE
-14.867711,-53.300289,-14.867584,-53.300316,BRIDGE
-14.867311,-52.833080,-14.867313,-52.832996,BRIDGE
-14.867265,-53.300412,-14.867112,-53.300455,BRIDGE
-14.866853,-59.908289,-14.867125,-59.908225,BRIDGE
-14.866808,-57.457982,-14.866728,-57.457969,BRIDGE
-14.862928,-53.083869,-14.862794,-53.083599,BRIDGE
-14.860707,-57.116379,-14.860544,-57.116266,BRIDGE
-14.857150,-57.748543,-14.857213,-57.749004,BRIDGE
-14.857100,-57.318578,-14.856896,-57.318544,BRIDGE
-14.854500,-52.290614,-14.854708,-52.290563,BRIDGE
-14.853623,-57.769411,-14.854240,-57.770729,BRIDGE
-14.852088,-55.890595,-14.850993,-55.891603,BRIDGE
-14.851785,-52.817145,-14.851677,-52.816976,BRIDGE
-14.851476,-52.827147,-14.851557,-52.827156,BRIDGE
-14.848061,-54.161882,-14.848245,-54.161891,BRIDGE
-14.848059,-52.143917,-14.847415,-52.143852,BRIDGE
-14.847198,-52.120137,-14.847086,-52.119932,BRIDGE
-14.842169,-52.867745,-14.842024,-52.867673,BRIDGE
-14.839348,-57.327867,-14.839265,-57.328051,BRIDGE
-14.838143,-55.795203,-14.838589,-55.795277,BRIDGE
-14.833326,-52.815228,-14.833315,-52.815311,BRIDGE
-14.833037,-55.012118,-14.833407,-55.012628,BRIDGE
-14.831021,-56.418120,-14.831313,-56.417666,BRIDGE
-14.830634,-52.296953,-14.831270,-52.296721,BRIDGE
-14.829988,-52.055097,-14.830213,-52.055060,BRIDGE
-14.829633,-54.540595,-14.829557,-54.540560,BRIDGE
-14.828940,-52.215359,-14.829156,-52.215354,BRIDGE
-14.828471,-52.799636,-14.828420,-52.799572,BRIDGE
-14.825435,-55.199633,-14.826322,-55.199601,BRIDGE
-14.823245,-56.431009,-14.819846,-56.428994,BRIDGE
-14.822561,-52.829987,-14.822505,-52.830049,BRIDGE
-14.822063,-55.362091,-14.822628,-55.361906,BRIDGE
-14.821394,-53.620088,-14.821132,-53.619994,BRIDGE
-14.819792,-56.429064,-14.823296,-56.431100,BRIDGE
-14.818055,-57.414136,-14.817984,-57.414000,BRIDGE
-14.817483,-52.814879,-14.817566,-52.814885,BRIDGE
-14.816534,-52.478689,-14.816602,-52.478744,BRIDGE
-14.815249,-56.838071,-14.815478,-56.838738,BRIDGE
-14.814013,-52.206009,-14.814140,-52.206114,BRIDGE
-14.813611,-56.114983,-14.812931,-56.113470,BRIDGE
-14.812294,-57.135887,-14.812033,-57.135716,BRIDGE
-14.812061,-51.915634,-14.812127,-51.915682,BRIDGE
-14.810484,-52.227880,-14.810416,-52.227837,BRIDGE
-14.810304,-52.478572,-14.810365,-52.478628,BRIDGE
-14.807949,-53.118685,-14.807942,-53.118587,BRIDGE
-14.807772,-57.403217,-14.807711,-57.403188,BRIDGE
-14.806892,-52.394720,-14.807085,-52.394922,BRIDGE
-14.806793,-57.403129,-14.806612,-57.403167,BRIDGE
-14.806125,-57.335416,-14.806103,-57.335466,BRIDGE
-14.805778,-53.355290,-14.805726,-53.355278,BRIDGE
-14.805167,-52.303669,-14.806098,-52.303862,BRIDGE
-14.803487,-52.805346,-14.803274,-52.805277,BRIDGE
-14.802999,-53.512778,-14.802405,-53.512956,BRIDGE
-14.802825,-57.257806,-14.802941,-57.257525,BRIDGE
-14.802655,-53.603577,-14.802711,-53.603704,BRIDGE
-14.802258,-53.358123,-14.802149,-53.358091,BRIDGE
-14.802196,-54.659144,-14.802494,-54.659064,BRIDGE
-14.801979,-53.636904,-14.801948,-53.636853,BRIDGE
-14.801090,-53.636256,-14.800935,-53.636051,BRIDGE
-14.800728,-57.768355,-14.800811,-57.768354,BRIDGE
-14.800698,-57.125199,-14.800649,-57.125144,BRIDGE
-14.800652,-56.930676,-14.800761,-56.930508,BRIDGE
-14.800541,-57.263866,-14.800478,-57.264035,BRIDGE
-14.800464,-57.404899,-14.800383,-57.405092,BRIDGE
-14.799771,-57.961386,-14.800108,-57.961786,BRIDGE
-14.799414,-57.123811,-14.799364,-57.123757,BRIDGE
-14.799292,-57.508829,-14.799329,-57.509006,BRIDGE
-14.798602,-52.620550,-14.798659,-52.620610,BRIDGE
-14.798511,-52.215631,-14.798529,-52.215443,BRIDGE
-14.797351,-54.822445,-14.797251,-54.822460,BRIDGE
-14.797257,-56.932615,-14.797387,-56.932542,BRIDGE
-14.796837,-52.352657,-14.796760,-52.352687,BRIDGE
-14.795970,-57.367046,-14.795946,-57.367127,BRIDGE
-14.792812,-57.384303,-14.792830,-57.384363,BRIDGE
-14.792420,-52.473487,-14.792489,-52.473532,BRIDGE
-14.789015,-55.688985,-14.788988,-55.688906,BRIDGE
-14.788408,-55.839178,-14.788587,-55.839329,BRIDGE
-14.786815,-60.047578,-14.786771,-60.047508,BRIDGE
-14.786374,-57.155340,-14.786304,-57.155114,BRIDGE
-14.783819,-57.141821,-14.784115,-57.141376,BRIDGE
-14.783642,-52.241174,-14.783565,-52.240977,BRIDGE
-14.781754,-52.607540,-14.781838,-52.607559,BRIDGE
-14.781139,-54.696998,-14.781010,-54.696981,BRIDGE
-14.779044,-52.814120,-14.779282,-52.814171,BRIDGE
-14.778020,-60.162620,-14.777772,-60.162729,BRIDGE
-14.777017,-52.466566,-14.777101,-52.466600,BRIDGE
-14.776815,-57.908270,-14.776978,-57.908238,BRIDGE
-14.776291,-60.145646,-14.776221,-60.145427,BRIDGE
-14.773954,-52.702293,-14.773555,-52.702119,BRIDGE
-14.773412,-54.473041,-14.773167,-54.473171,BRIDGE
-14.772270,-52.211426,-14.772206,-52.211248,BRIDGE
-14.771314,-52.467049,-14.771386,-52.467003,BRIDGE
-14.769778,-52.856534,-14.769934,-52.856104,BRIDGE
-14.769047,-54.691500,-14.769172,-54.691421,BRIDGE
-14.768865,-52.356878,-14.768859,-52.356962,BRIDGE
-14.768603,-57.205121,-14.768419,-57.204905,BRIDGE
-14.764111,-52.803286,-14.764057,-52.803209,BRIDGE
-14.762477,-54.968778,-14.763179,-54.968716,BRIDGE
-14.760864,-58.041887,-14.761129,-58.042080,BRIDGE
-14.760098,-52.358426,-14.760112,-52.358362,BRIDGE
-14.759782,-52.556628,-14.759821,-52.556703,BRIDGE
-14.758701,-55.226477,-14.758592,-55.226622,BRIDGE
-14.757905,-57.250896,-14.757876,-57.250795,BRIDGE
-14.757224,-52.583299,-14.757305,-52.583288,BRIDGE
-14.755593,-52.924220,-14.755442,-52.924533,BRIDGE
-14.751920,-54.981130,-14.751819,-54.980904,BRIDGE
-14.750899,-54.936990,-14.751044,-54.937030,BRIDGE
-14.750320,-55.053953,-14.750182,-55.053732,BRIDGE
-14.750030,-54.965556,-14.750120,-54.965674,BRIDGE
-14.748073,-58.050050,-14.747716,-58.050414,BRIDGE
-14.746524,-58.099237,-14.746840,-58.099505,BRIDGE
-14.745838,-54.947643,-14.746024,-54.947640,BRIDGE
-14.745452,-57.158994,-14.745472,-57.159471,BRIDGE
-14.745410,-52.442657,-14.745442,-52.442735,BRIDGE
-14.742817,-58.103833,-14.742932,-58.104179,BRIDGE
-14.740322,-52.590478,-14.740367,-52.590555,BRIDGE
-14.736742,-52.933270,-14.736659,-52.932699,BRIDGE
-14.735903,-57.284854,-14.736088,-57.284881,BRIDGE
-14.735561,-52.795278,-14.735478,-52.795323,BRIDGE
-14.733428,-52.568126,-14.733442,-52.568238,BRIDGE
-14.729886,-60.122596,-14.729840,-60.122640,BRIDGE
-14.729382,-52.797919,-14.729284,-52.797911,BRIDGE
-14.728848,-56.588139,-14.728953,-56.587961,BRIDGE
-14.728757,-55.117238,-14.728880,-55.117179,BRIDGE
-14.728608,-60.129670,-14.728594,-60.129860,BRIDGE
-14.728604,-56.318646,-14.728245,-56.318621,BRIDGE
-14.728211,-56.318837,-14.728565,-56.318864,BRIDGE
-14.725574,-52.796600,-14.725444,-52.796565,BRIDGE
-14.723806,-57.044146,-14.723841,-57.044039,BRIDGE
-14.723057,-60.051325,-14.723106,-60.051283,BRIDGE
-14.722465,-55.123801,-14.722303,-55.123700,BRIDGE
-14.721681,-53.868714,-14.722154,-53.868517,BRIDGE
-14.721451,-54.295501,-14.721157,-54.295492,BRIDGE
-14.721107,-52.799102,-14.721081,-52.799258,BRIDGE
-14.721016,-56.319437,-14.717311,-56.321362,BRIDGE
-14.719869,-56.322764,-14.720041,-56.323160,BRIDGE
-14.719844,-52.947070,-14.719789,-52.947385,BRIDGE
-14.717388,-56.321595,-14.721124,-56.319649,BRIDGE
-14.716962,-56.328035,-14.716614,-56.328098,BRIDGE
-14.716933,-56.332851,-14.717243,-56.332834,BRIDGE
-14.716639,-57.396431,-14.716667,-57.396484,BRIDGE
-14.716614,-57.396379,-14.716639,-57.396431,BRIDGE
-14.715932,-57.390681,-14.715998,-57.390594,BRIDGE
-14.715867,-56.334498,-14.715343,-56.334318,BRIDGE
-14.715073,-56.335592,-14.715593,-56.335799,BRIDGE
-14.715029,-57.837809,-14.715449,-57.837905,BRIDGE
-14.711447,-55.141104,-14.711339,-55.140923,BRIDGE
-14.711298,-52.372655,-14.711218,-52.372486,BRIDGE
-14.709507,-56.326703,-14.709419,-56.326536,BRIDGE
-14.708704,-54.575721,-14.708620,-54.575709,BRIDGE
-14.708688,-53.607206,-14.708713,-53.607099,BRIDGE
-14.708282,-53.604562,-14.708292,-53.604614,BRIDGE
-14.706146,-52.487229,-14.706241,-52.487244,BRIDGE
-14.705400,-57.270710,-14.705497,-57.270996,BRIDGE
-14.705273,-52.374981,-14.705194,-52.374964,BRIDGE
-14.704890,-52.376676,-14.704950,-52.376734,BRIDGE
-14.704801,-57.140729,-14.704759,-57.141191,BRIDGE
-14.703103,-57.824371,-14.703453,-57.825228,BRIDGE
-14.702153,-52.700177,-14.701832,-52.700177,BRIDGE
-14.701149,-57.827678,-14.701782,-57.827777,BRIDGE
-14.700671,-60.107736,-14.700953,-60.107949,BRIDGE
-14.697913,-52.362712,-14.697866,-52.362615,BRIDGE
-14.697830,-53.668389,-14.697725,-53.668431,BRIDGE
-14.696990,-55.901986,-14.697056,-55.901772,BRIDGE
-14.696105,-52.423508,-14.696183,-52.423546,BRIDGE
-14.694429,-54.484771,-14.694465,-54.484843,BRIDGE
-14.693073,-52.453041,-14.692965,-52.453224,BRIDGE
-14.690546,-51.200082,-14.690343,-51.199690,BRIDGE
-14.690189,-52.561910,-14.690076,-52.561775,BRIDGE
-14.689595,-56.231021,-14.689385,-56.230090,BRIDGE
-14.685370,-55.870699,-14.684921,-55.870736,BRIDGE
-14.684287,-55.872621,-14.684162,-55.872953,BRIDGE
-14.684154,-59.930949,-14.684246,-59.931026,BRIDGE
-14.683616,-59.930657,-14.683728,-59.930706,BRIDGE
-14.683360,-57.818044,-14.683447,-57.817790,BRIDGE
-14.683257,-56.301194,-14.682918,-56.301126,BRIDGE
-14.682846,-56.301337,-14.683179,-56.301397,BRIDGE
-14.679960,-56.957734,-14.679952,-56.957667,BRIDGE
-14.679640,-52.591466,-14.679651,-52.591681,BRIDGE
-14.679282,-55.895882,-14.678878,-55.895769,BRIDGE
-14.679117,-52.365208,-14.679159,-52.365288,BRIDGE
-14.677497,-52.896649,-14.677568,-52.896608,BRIDGE
-14.675764,-55.699005,-14.675873,-55.699303,BRIDGE
-14.675660,-52.321546,-14.675602,-52.321491,BRIDGE
-14.674594,-52.844453,-14.674524,-52.844439,BRIDGE
-14.673535,-52.695850,-14.673481,-52.695698,BRIDGE
-14.671259,-52.359140,-14.673606,-52.359355,BRIDGE
-14.670789,-56.675715,-14.670872,-56.675926,BRIDGE
-14.667627,-52.528046,-14.667463,-52.527866,BRIDGE
-14.666256,-57.833719,-14.666392,-57.833646,BRIDGE
-14.665370,-52.331246,-14.665331,-52.331172,BRIDGE
-14.665229,-55.465035,-14.665194,-55.465293,BRIDGE
-14.664422,-55.486604,-14.664469,-55.486665,BRIDGE
-14.662876,-54.910010,-14.662891,-54.909824,BRIDGE
-14.662461,-52.731827,-14.662642,-52.731859,BRIDGE
-14.662328,-55.879761,-14.663174,-55.879004,BRIDGE
-14.661923,-55.685695,-14.662088,-55.685732,BRIDGE
-14.661377,-59.107475,-14.661342,-59.107195,BRIDGE
-14.661351,-52.782421,-14.661276,-52.782453,BRIDGE
-14.658257,-54.186147,-14.658009,-54.186234,BRIDGE
-14.657687,-54.790165,-14.657696,-54.790062,BRIDGE
-14.656945,-55.654280,-14.656837,-55.654308,BRIDGE
-14.656576,-57.838887,-14.656764,-57.838786,BRIDGE
-14.655895,-52.515367,-14.655908,-52.515200,BRIDGE
-14.655413,-57.096151,-14.655165,-57.096159,BRIDGE
-14.653854,-54.583121,-14.653857,-54.583277,BRIDGE
-14.653224,-54.246714,-14.653306,-54.246614,BRIDGE
-14.652512,-54.795076,-14.652595,-54.795038,BRIDGE
-14.652065,-54.274192,-14.652119,-54.274053,BRIDGE
-14.651885,-59.887605,-14.651781,-59.887867,BRIDGE
-14.651612,-57.436663,-14.651073,-57.437558,BRIDGE
-14.651178,-57.437607,-14.651705,-57.436730,BRIDGE
-14.650924,-54.701204,-14.650926,-54.700984,BRIDGE
-14.650744,-57.443957,-14.650794,-57.443736,TUNNEL
-14.649050,-52.780091,-14.648839,-52.780024,BRIDGE
-14.647552,-57.461874,-14.647494,-57.461283,BRIDGE
-14.647409,-57.461293,-14.647468,-57.461873,BRIDGE
-14.647294,-56.453006,-14.647416,-56.452885,BRIDGE
-14.647026,-57.537628,-14.647367,-57.537325,BRIDGE
-14.646176,-52.592527,-14.646175,-52.592613,BRIDGE
-14.645184,-54.263078,-14.644814,-54.263212,BRIDGE
-14.645057,-54.233014,-14.644607,-54.233006,BRIDGE
-14.644162,-52.756306,-14.644070,-52.756574,BRIDGE
-14.641613,-54.247071,-14.641464,-54.246983,BRIDGE
-14.640389,-55.876998,-14.640326,-55.876943,BRIDGE
-14.640153,-57.517536,-14.640090,-57.517463,BRIDGE
-14.639960,-54.760987,-14.639888,-54.761011,BRIDGE
-14.639478,-57.508926,-14.639399,-57.508990,BRIDGE
-14.639318,-57.536463,-14.639136,-57.536137,BRIDGE
-14.639247,-57.489383,-14.639165,-57.489406,BRIDGE
-14.639191,-56.428057,-14.639364,-56.428040,BRIDGE
-14.638926,-53.926424,-14.639081,-53.926554,BRIDGE
-14.638538,-57.851886,-14.638750,-57.851778,BRIDGE
-14.637835,-52.824812,-14.637708,-52.824152,BRIDGE
-14.637147,-57.488500,-14.637216,-57.488445,BRIDGE
-14.636644,-59.591914,-14.636671,-59.592033,BRIDGE
-14.636093,-57.488242,-14.636044,-57.488177,BRIDGE
-14.635973,-57.488228,-14.636037,-57.488176,BRIDGE
-14.634944,-55.872294,-14.634877,-55.872237,BRIDGE
-14.634700,-57.487992,-14.634666,-57.487947,BRIDGE
-14.634191,-55.871620,-14.634124,-55.871560,BRIDGE
-14.633934,-57.488273,-14.633959,-57.488178,BRIDGE
-14.633722,-57.488332,-14.633672,-57.488259,BRIDGE
-14.633427,-57.467070,-14.633303,-57.467283,BRIDGE
-14.633396,-57.467350,-14.633530,-57.467124,BRIDGE
-14.632407,-56.272805,-14.632009,-56.272162,BRIDGE
-14.632362,-57.542013,-14.632261,-57.541561,BRIDGE
-14.632173,-57.541572,-14.632281,-57.542023,BRIDGE
-14.631838,-56.272256,-14.632233,-56.272900,BRIDGE
-14.631678,-54.647239,-14.631709,-54.647621,BRIDGE
-14.631673,-57.487941,-14.631604,-57.487996,BRIDGE
-14.630898,-54.230107,-14.630817,-54.230125,BRIDGE
-14.630362,-57.467699,-14.630326,-57.467645,BRIDGE
-14.630285,-52.770862,-14.630201,-52.771058,BRIDGE
-14.630277,-57.487836,-14.630349,-57.487778,BRIDGE
-14.629658,-54.629986,-14.629712,-54.630067,BRIDGE
-14.629169,-57.487498,-14.629244,-57.487437,BRIDGE
-14.628157,-57.487283,-14.628099,-57.487203,BRIDGE
-14.628068,-57.480848,-14.628153,-57.480779,BRIDGE
-14.627976,-57.487193,-14.627896,-57.487257,BRIDGE
-14.627963,-57.480779,-14.627877,-57.480848,BRIDGE
-14.626909,-57.486846,-14.627009,-57.486764,BRIDGE
-14.625993,-57.486343,-14.625919,-57.486402,BRIDGE
-14.625096,-57.480556,-14.625175,-57.480493,BRIDGE
-14.624933,-57.485930,-14.624996,-57.485878,BRIDGE
-14.624849,-54.620168,-14.624875,-54.620241,BRIDGE
-14.624378,-57.485088,-14.624442,-57.485034,BRIDGE
-14.624224,-57.514984,-14.624300,-57.514922,BRIDGE
-14.623897,-57.484228,-14.623961,-57.484177,BRIDGE
-14.623880,-57.484076,-14.623816,-57.484128,BRIDGE
-14.623863,-57.481546,-14.623931,-57.481493,BRIDGE
-14.623157,-57.478178,-14.623095,-57.478231,BRIDGE
-14.623142,-57.478314,-14.623206,-57.478260,BRIDGE
-14.622817,-55.858829,-14.622755,-55.858771,BRIDGE
-14.622149,-57.510504,-14.622101,-57.510437,BRIDGE
-14.621408,-59.512651,-14.621518,-59.512774,BRIDGE
-14.621121,-54.499494,-14.621436,-54.499430,BRIDGE
-14.619980,-57.467991,-14.619926,-57.467926,BRIDGE
-14.618239,-52.780355,-14.618528,-52.780479,BRIDGE
-14.617577,-57.474194,-14.617506,-57.474252,BRIDGE
-14.616879,-57.471456,-14.616813,-57.471397,BRIDGE
-14.616777,-57.471565,-14.616844,-57.471624,BRIDGE
-14.616371,-55.978977,-14.616438,-55.979126,BRIDGE
-14.615939,-57.499925,-14.615967,-57.499846,BRIDGE
-14.615863,-57.499816,-14.615835,-57.499894,BRIDGE
-14.614600,-59.512855,-14.614723,-59.512854,BRIDGE
-14.613155,-53.995533,-14.613203,-53.995424,BRIDGE
-14.612859,-57.499607,-14.612865,-57.499691,BRIDGE
-14.612255,-57.745518,-14.612216,-57.745247,BRIDGE
-14.612038,-54.013771,-14.611606,-54.013867,BRIDGE
-14.611661,-57.471121,-14.611605,-57.471182,BRIDGE
-14.611582,-57.471058,-14.611527,-57.471120,BRIDGE
-14.611197,-57.745264,-14.611387,-57.744556,BRIDGE
-14.610884,-53.056087,-14.610985,-53.056194,BRIDGE
-14.610849,-57.738566,-14.610699,-57.738379,BRIDGE
-14.610440,-59.588575,-14.610460,-59.588488,BRIDGE
-14.609594,-55.844749,-14.609688,-55.844819,BRIDGE
-14.609500,-57.499617,-14.609317,-57.499412,BRIDGE
-14.609192,-56.056278,-14.609019,-56.056499,BRIDGE
-14.609143,-56.904429,-14.609244,-56.904580,BRIDGE
-14.608491,-59.905713,-14.608410,-59.905639,BRIDGE
-14.606442,-57.469067,-14.606472,-57.469020,BRIDGE
-14.605349,-54.759148,-14.605196,-54.759179,BRIDGE
-14.605020,-54.389730,-14.605008,-54.389813,BRIDGE
-14.604357,-54.593354,-14.604700,-54.593100,BRIDGE
-14.604179,-57.521023,-14.604099,-57.521068,BRIDGE
-14.604071,-60.206193,-14.604077,-60.206281,BRIDGE
-14.601532,-56.065972,-14.601554,-56.065554,BRIDGE
-14.599328,-55.764030,-14.599452,-55.763891,BRIDGE
-14.596413,-57.885036,-14.596649,-57.885063,BRIDGE
-14.594881,-57.894634,-14.595432,-57.894666,BRIDGE
-14.594838,-57.544606,-14.594957,-57.544841,BRIDGE
-14.594318,-52.875772,-14.594362,-52.875943,BRIDGE
-14.594221,-57.720779,-14.594204,-57.720697,BRIDGE
-14.593067,-57.710051,-14.593207,-57.709194,BRIDGE
-14.592027,-52.888546,-14.591900,-52.888634,BRIDGE
-14.589994,-54.028943,-14.589858,-54.028838,BRIDGE
-14.589522,-54.028482,-14.589501,-54.028384,BRIDGE
-14.589042,-57.908459,-14.589038,-57.908699,BRIDGE
-14.588467,-59.716320,-14.588487,-59.716403,BRIDGE
-14.587593,-54.588673,-14.587684,-54.588718,BRIDGE
-14.586082,-52.581617,-14.586001,-52.581603,BRIDGE
-14.582442,-55.820718,-14.582490,-55.820678,BRIDGE
-14.581969,-55.112509,-14.582021,-55.112360,BRIDGE
-14.577488,-52.551859,-14.577563,-52.551891,BRIDGE
-14.577063,-52.841030,-14.577080,-52.841245,BRIDGE
-14.576762,-59.589836,-14.576841,-59.589919,BRIDGE
-14.576534,-55.917650,-14.576473,-55.917753,BRIDGE
-14.576426,-56.456088,-14.576198,-56.456314,BRIDGE
-14.576170,-57.182531,-14.576183,-57.182445,BRIDGE
-14.576088,-52.783063,-14.576013,-52.783098,BRIDGE
-14.575921,-52.839198,-14.576084,-52.839123,BRIDGE
-14.574907,-52.619429,-14.574849,-52.619369,BRIDGE
-14.573961,-53.182969,-14.574032,-53.183009,BRIDGE
-14.573472,-53.178710,-14.573408,-53.178794,BRIDGE
-14.572955,-59.573863,-14.573078,-59.574009,BRIDGE
-14.571082,-53.069646,-14.571168,-53.069554,BRIDGE
-14.569959,-52.766025,-14.569880,-52.766049,BRIDGE
-14.562627,-53.073271,-14.562617,-53.073157,BRIDGE
-14.561521,-59.506001,-14.561630,-59.505858,BRIDGE
-14.561044,-51.039643,-14.561098,-51.039544,BRIDGE
-14.560485,-54.591216,-14.560450,-54.591515,BRIDGE
-14.560480,-52.842962,-14.560567,-52.843133,BRIDGE
-14.560440,-52.718195,-14.560390,-52.718261,BRIDGE
-14.558935,-55.002290,-14.559016,-55.002453,BRIDGE
-14.558709,-56.588168,-14.558929,-56.588245,BRIDGE
-14.558088,-52.708523,-14.558016,-52.708562,BRIDGE
-14.557846,-52.701296,-14.557917,-52.701268,BRIDGE
-14.557004,-57.812299,-14.556968,-57.812644,BRIDGE
-14.556040,-54.830780,-14.556075,-54.831000,BRIDGE
-14.555267,-57.590494,-14.555012,-57.590111,BRIDGE
-14.554520,-52.691943,-14.554448,-52.691983,BRIDGE
-14.554479,-52.845727,-14.554505,-52.845555,BRIDGE
-14.553301,-52.676767,-14.553300,-52.677039,BRIDGE
-14.552797,-54.208584,-14.552834,-54.208941,BRIDGE
-14.552716,-52.668028,-14.552713,-52.667936,BRIDGE
-14.552219,-52.664968,-14.552241,-52.664885,BRIDGE
-14.551775,-53.077072,-14.551742,-53.077149,BRIDGE
-14.551714,-52.675136,-14.551634,-52.675117,BRIDGE
-14.551446,-52.686481,-14.551385,-52.686556,BRIDGE
-14.547845,-52.798665,-14.547762,-52.798679,BRIDGE
-14.547794,-52.798734,-14.547875,-52.798711,BRIDGE
-14.547145,-52.798044,-14.547117,-52.798123,BRIDGE
-14.546638,-52.523321,-14.546708,-52.523279,BRIDGE
-14.546305,-52.797661,-14.546282,-52.797741,BRIDGE
-14.545193,-52.797446,-14.545217,-52.797366,BRIDGE
-14.544511,-55.862150,-14.544359,-55.862083,BRIDGE
-14.544148,-52.796844,-14.544128,-52.796925,BRIDGE
-14.543105,-52.796524,-14.543083,-52.796604,BRIDGE
-14.543009,-54.280153,-14.543058,-54.280330,BRIDGE
-14.542601,-55.848818,-14.542965,-55.847929,BRIDGE
-14.542007,-52.796203,-14.542026,-52.796136,BRIDGE
-14.541757,-53.553270,-14.541660,-53.553436,BRIDGE
-14.541144,-59.232857,-14.541216,-59.232747,BRIDGE
-14.541050,-52.795409,-14.541033,-52.795471,BRIDGE
-14.540727,-53.585447,-14.540850,-53.585670,BRIDGE
-14.540232,-53.125269,-14.540159,-53.125229,BRIDGE
-14.539917,-52.795219,-14.539933,-52.795167,BRIDGE
-14.538771,-52.795108,-14.538751,-52.795184,BRIDGE
-14.538760,-52.367000,-14.539342,-52.367057,BRIDGE
-14.537637,-52.794847,-14.537652,-52.794797,BRIDGE
-14.537575,-52.794785,-14.537558,-52.794852,BRIDGE
-14.536799,-52.515242,-14.536862,-52.515296,BRIDGE
-14.536409,-52.794565,-14.536433,-52.794483,BRIDGE
-14.536327,-57.619731,-14.535752,-57.619631,BRIDGE
-14.535895,-54.398814,-14.535908,-54.398531,BRIDGE
-14.535747,-52.330203,-14.534429,-52.330451,BRIDGE
-14.534787,-54.069865,-14.534658,-54.069695,BRIDGE
-14.534105,-56.865708,-14.533882,-56.865911,BRIDGE
-14.533880,-52.730436,-14.533941,-52.730453,BRIDGE
-14.533373,-52.723578,-14.533448,-52.723546,BRIDGE
-14.533221,-54.503001,-14.533236,-54.502800,BRIDGE
-14.532811,-52.780695,-14.532741,-52.780652,BRIDGE
-14.531789,-52.782944,-14.531711,-52.782922,BRIDGE
-14.530940,-53.069903,-14.531119,-53.069803,BRIDGE
-14.530518,-56.228786,-14.530123,-56.229208,BRIDGE
-14.530468,-54.574696,-14.530306,-54.574899,BRIDGE
-14.529886,-53.068980,-14.529901,-53.068805,BRIDGE
-14.528453,-53.876754,-14.528660,-53.876740,BRIDGE
-14.527472,-52.717637,-14.527547,-52.717602,BRIDGE
-14.524461,-52.705983,-14.524389,-52.706021,BRIDGE
-14.522351,-56.566565,-14.522379,-56.566045,BRIDGE
-14.521627,-54.333775,-14.521485,-54.333580,BRIDGE
-14.520047,-52.662648,-14.519963,-52.662677,BRIDGE
-14.518897,-54.278714,-14.518838,-54.278562,BRIDGE
-14.518161,-53.064576,-14.518038,-53.064484,BRIDGE
-14.517505,-53.207188,-14.517395,-53.207253,BRIDGE
-14.516238,-52.682463,-14.516316,-52.682440,BRIDGE
-14.516208,-52.895622,-14.516285,-52.895243,BRIDGE
-14.516094,-54.919120,-14.515905,-54.919156,BRIDGE
-14.515782,-53.057563,-14.515748,-53.057427,BRIDGE
-14.513090,-52.594389,-14.513148,-52.594385,BRIDGE
-14.511842,-53.215177,-14.511787,-53.215219,BRIDGE
-14.510823,-57.558544,-14.510704,-57.558387,BRIDGE
-14.510047,-54.261537,-14.510041,-54.261416,BRIDGE
-14.506833,-53.049012,-14.506663,-53.049162,BRIDGE
-14.506243,-56.657304,-14.506382,-56.656673,BRIDGE
-14.503169,-56.485081,-14.503603,-56.484879,BRIDGE
-14.502725,-54.931769,-14.502795,-54.931706,BRIDGE
-14.502533,-54.003428,-14.502652,-54.003413,BRIDGE
-14.502190,-55.752826,-14.501977,-55.752831,BRIDGE
-14.502030,-53.399254,-14.501927,-53.398942,BRIDGE
-14.501937,-57.577109,-14.501044,-57.577450,BRIDGE
-14.501925,-57.136631,-14.501941,-57.136560,BRIDGE
-14.501432,-57.217388,-14.501410,-57.217591,BRIDGE
-14.501005,-55.755364,-14.501328,-55.755687,BRIDGE
-14.496577,-56.387387,-14.496444,-56.387131,BRIDGE
-14.496338,-54.941785,-14.496384,-54.941702,BRIDGE
-14.496151,-57.246128,-14.496009,-57.246082,BRIDGE
-14.494857,-53.950274,-14.494820,-53.950215,BRIDGE
-14.494230,-52.810027,-14.494313,-52.810047,BRIDGE
-14.494073,-53.946917,-14.494043,-53.946897,BRIDGE
-14.492739,-57.000370,-14.492473,-57.000484,BRIDGE
-14.491153,-52.729487,-14.490982,-52.729118,BRIDGE
-14.490037,-52.362803,-14.489900,-52.362707,BRIDGE
-14.487489,-52.794280,-14.487454,-52.794291,BRIDGE
-14.485382,-55.715662,-14.485332,-55.715494,BRIDGE
-14.485230,-54.224836,-14.485454,-54.225217,BRIDGE
-14.481822,-59.582739,-14.481429,-59.583174,BRIDGE
-14.481658,-53.407002,-14.481843,-53.407385,BRIDGE
-14.480231,-53.402862,-14.480299,-53.402815,BRIDGE
-14.479664,-56.292658,-14.479501,-56.292618,BRIDGE
-14.478189,-55.119611,-14.478187,-55.119256,BRIDGE
-14.478008,-54.093437,-14.477980,-54.093635,BRIDGE
-14.476512,-55.217973,-14.476454,-55.217828,BRIDGE
-14.475996,-53.196944,-14.475743,-53.197204,BRIDGE
-14.475510,-54.792428,-14.475459,-54.792727,BRIDGE
-14.475010,-56.396298,-14.475360,-56.396428,BRIDGE
-14.473671,-52.953611,-14.473697,-52.953459,BRIDGE
-14.472502,-53.951020,-14.472463,-53.950934,BRIDGE
-14.472445,-56.576841,-14.472634,-56.577187,BRIDGE
-14.471904,-56.817008,-14.472054,-56.817124,BRIDGE
-14.470643,-52.717963,-14.470450,-52.717931,BRIDGE
-14.469973,-53.977596,-14.470011,-53.977490,BRIDGE
-14.468183,-52.758072,-14.468352,-52.758086,BRIDGE
-14.466001,-53.925760,-14.466133,-53.925875,BRIDGE
-14.465585,-56.495279,-14.465277,-56.494819,BRIDGE
-14.464895,-54.007654,-14.464879,-54.007560,BRIDGE
-14.464263,-53.255914,-14.464044,-53.255533,BRIDGE
-14.461564,-56.457657,-14.461346,-56.457658,BRIDGE
-14.461547,-52.715109,-14.461322,-52.715109,BRIDGE
-14.456083,-56.486587,-14.456311,-56.486528,BRIDGE
-14.455251,-57.824552,-14.455184,-57.824513,BRIDGE
-14.455124,-56.836848,-14.454928,-56.836627,BRIDGE
-14.453228,-56.808319,-14.453236,-56.808236,BRIDGE
-14.452976,-56.806185,-14.452983,-56.806130,BRIDGE
-14.452622,-56.808233,-14.452636,-56.808150,BRIDGE
-14.452545,-56.798850,-14.452463,-56.798833,BRIDGE
-14.452358,-56.801154,-14.452274,-56.801150,BRIDGE
-14.452279,-56.847092,-14.451937,-56.847190,BRIDGE
-14.452270,-56.798209,-14.452269,-56.798293,BRIDGE
-14.452144,-56.805971,-14.452123,-56.806052,BRIDGE
-14.452116,-56.801857,-14.452032,-56.801856,BRIDGE
-14.451981,-56.844823,-14.451806,-56.844856,BRIDGE
-14.451919,-56.802453,-14.451841,-56.802432,BRIDGE
-14.451862,-56.843725,-14.451596,-56.843843,BRIDGE
-14.451822,-56.844965,-14.452014,-56.844933,BRIDGE
-14.451711,-56.803061,-14.451634,-56.803037,BRIDGE
-14.451634,-56.815120,-14.451694,-56.814173,BRIDGE
-14.451530,-56.803624,-14.451452,-56.803601,BRIDGE
-14.451453,-56.804904,-14.451374,-56.804885,BRIDGE
-14.451189,-56.805676,-14.451171,-56.805760,BRIDGE
-14.450360,-56.809705,-14.450342,-56.809788,BRIDGE
-14.450261,-56.805760,-14.450233,-56.805849,BRIDGE
-14.449151,-56.809630,-14.449169,-56.809548,BRIDGE
-14.448759,-52.656821,-14.448831,-52.656795,BRIDGE
-14.448275,-56.809420,-14.448259,-56.809502,BRIDGE
-14.447916,-56.542720,-14.447916,-56.542865,BRIDGE
-14.447648,-56.809309,-14.447632,-56.809393,BRIDGE
-14.446161,-56.289564,-14.446027,-56.289764,BRIDGE
-14.445085,-54.023078,-14.444397,-54.023074,BRIDGE
-14.441638,-53.929064,-14.441567,-53.928826,BRIDGE
-14.440956,-54.044800,-14.441489,-54.044815,BRIDGE
-14.440443,-54.626651,-14.440417,-54.626827,BRIDGE
-14.438186,-57.156507,-14.438106,-57.156320,BRIDGE
-14.435933,-54.794399,-14.435886,-54.794331,BRIDGE
-14.435558,-54.044274,-14.435300,-54.043588,BRIDGE
-14.434741,-54.056521,-14.434242,-54.056258,BRIDGE
-14.433062,-55.569107,-14.432843,-55.568821,BRIDGE
-14.432662,-52.992759,-14.432807,-52.992752,BRIDGE
-14.432315,-54.035124,-14.432847,-54.035079,BRIDGE
-14.431845,-54.668260,-14.431874,-54.668397,BRIDGE
-14.431824,-54.663401,-14.431912,-54.663634,BRIDGE
-14.431589,-53.451872,-14.431180,-53.451678,BRIDGE
-14.430273,-56.825441,-14.430371,-56.825073,BRIDGE
-14.428420,-54.069980,-14.428322,-54.069676,BRIDGE
-14.426003,-54.015558,-14.425872,-54.015301,BRIDGE
-14.424987,-54.584511,-14.425344,-54.585013,BRIDGE
-14.423627,-54.734356,-14.423507,-54.734593,BRIDGE
-14.422645,-52.888171,-14.422520,-52.887765,BRIDGE
-14.421639,-53.934392,-14.421437,-53.934132,BRIDGE
-14.420196,-53.116629,-14.420352,-53.116328,BRIDGE
-14.416663,-57.423641,-14.416500,-57.423756,BRIDGE
-14.410348,-53.929479,-14.410405,-53.929373,BRIDGE
-14.408383,-56.450703,-14.408757,-56.450376,BRIDGE
-14.407619,-50.998501,-14.409113,-50.993251,BRIDGE
-14.407505,-56.447874,-14.407300,-56.447908,BRIDGE
-14.407387,-56.450248,-14.407569,-56.450562,BRIDGE
-14.407025,-56.446818,-14.406794,-56.446937,BRIDGE
-14.406198,-56.445758,-14.405976,-56.445863,BRIDGE
-14.406083,-57.277801,-14.406035,-57.277973,BRIDGE
-14.404427,-56.442491,-14.404202,-56.442611,BRIDGE
-14.403765,-54.625937,-14.403979,-54.625043,BRIDGE
-14.401658,-56.577305,-14.401510,-56.576889,BRIDGE
-14.396248,-54.891889,-14.396748,-54.891773,BRIDGE
-14.389492,-53.747925,-14.389441,-53.747810,BRIDGE
-14.389449,-56.922304,-14.389268,-56.922481,BRIDGE
-14.385918,-58.232252,-14.385851,-58.231977,BRIDGE
-14.383490,-53.051008,-14.383282,-53.050920,BRIDGE
-14.381115,-57.005833,-14.381222,-57.005964,BRIDGE
-14.379138,-52.134508,-14.379085,-52.134594,BRIDGE
-14.379098,-52.870024,-14.378947,-52.869902,BRIDGE
-14.378007,-52.617119,-14.378089,-52.617119,BRIDGE
-14.377397,-52.169110,-14.377479,-52.169110,BRIDGE
-14.372671,-53.627585,-14.372600,-53.627624,BRIDGE
-14.372328,-52.603114,-14.372397,-52.603071,BRIDGE
-14.368420,-56.969448,-14.367934,-56.969697,BRIDGE
-14.367044,-56.999948,-14.366891,-56.999977,BRIDGE
-14.366562,-53.852249,-14.366475,-53.852140,BRIDGE
-14.364155,-52.412345,-14.363830,-52.412354,BRIDGE
-14.363609,-53.710949,-14.363598,-53.711032,BRIDGE
-14.362853,-56.885447,-14.362552,-56.885393,BRIDGE
-14.362575,-56.968478,-14.362365,-56.968445,BRIDGE
-14.362013,-56.907473,-14.361787,-56.907252,BRIDGE
-14.360120,-56.980135,-14.359925,-56.980269,BRIDGE
-14.359790,-56.885438,-14.359772,-56.885276,BRIDGE
-14.358146,-52.642715,-14.358193,-52.642783,BRIDGE
-14.357028,-56.791497,-14.357081,-56.791590,BRIDGE
-14.354332,-54.805272,-14.354227,-54.805392,BRIDGE
-14.351169,-54.860639,-14.351142,-54.860343,BRIDGE
-14.351133,-56.464471,-14.351129,-56.464019,BRIDGE
-14.350921,-57.551931,-14.351126,-57.552043,BRIDGE
-14.349932,-56.697494,-14.350005,-56.697632,BRIDGE
-14.349353,-52.669990,-14.349352,-52.670073,BRIDGE
-14.348704,-52.666853,-14.348736,-52.666930,BRIDGE
-14.348277,-56.796004,-14.347992,-56.795590,BRIDGE
-14.344615,-56.795387,-14.344226,-56.795621,BRIDGE
-14.343452,-57.335812,-14.343306,-57.336013,BRIDGE
-14.343105,-53.826917,-14.343037,-53.826852,BRIDGE
-14.336267,-52.334074,-14.335238,-52.337071,BRIDGE
-14.332241,-55.780729,-14.332069,-55.780738,BRIDGE
-14.330126,-56.317978,-14.330354,-56.318096,BRIDGE
-14.327890,-56.749659,-14.327941,-56.749828,BRIDGE
-14.327589,-53.002060,-14.327788,-53.002361,BRIDGE
-14.325648,-55.875145,-14.325549,-55.875200,BRIDGE
-14.319235,-52.706961,-14.319333,-52.706894,BRIDGE
-14.317775,-53.529463,-14.317717,-53.529522,BRIDGE
-14.316822,-52.684235,-14.316630,-52.684277,BRIDGE
-14.315704,-57.614361,-14.315353,-57.614717,BRIDGE
-14.311771,-55.804324,-14.311908,-55.804284,BRIDGE
-14.310648,-52.784394,-14.310689,-52.784452,BRIDGE
-14.303970,-56.872093,-14.303756,-56.872081,BRIDGE
-14.302324,-52.654737,-14.302294,-52.654616,BRIDGE
-14.301654,-54.694982,-14.301701,-54.694825,BRIDGE
-14.300432,-52.767922,-14.300407,-52.767995,BRIDGE
-14.288843,-51.152949,-14.288930,-51.153623,BRIDGE
-14.288716,-53.200304,-14.288787,-53.200257,BRIDGE
-14.281407,-58.492680,-14.281464,-58.492405,BRIDGE
-14.278692,-52.553319,-14.278513,-52.553507,BRIDGE
-14.276413,-52.088082,-14.276606,-52.087907,BRIDGE
-14.275389,-52.564818,-14.275392,-52.564996,BRIDGE
-14.274467,-52.443415,-14.274209,-52.443554,BRIDGE
-14.273507,-59.801947,-14.273689,-59.801642,BRIDGE
-14.270475,-52.717146,-14.270390,-52.717079,BRIDGE
-14.266279,-56.150342,-14.266544,-56.149775,BRIDGE
-14.257614,-53.276431,-14.257606,-53.276344,BRIDGE
-14.256979,-54.378463,-14.256999,-54.378058,BRIDGE
-14.247949,-53.138507,-14.247668,-53.138679,BRIDGE
-14.247795,-54.421150,-14.247695,-54.420698,BRIDGE
-14.245512,-52.633342,-14.245434,-52.633363,BRIDGE
-14.238663,-54.298839,-14.238681,-54.298729,BRIDGE
-14.238511,-53.121048,-14.238433,-53.121278,BRIDGE
-14.229563,-52.754636,-14.229713,-52.754618,BRIDGE
-14.225267,-52.761888,-14.225053,-52.761907,BRIDGE
-14.225139,-57.176780,-14.225007,-57.176650,BRIDGE
-14.223817,-52.377137,-14.223541,-52.377132,BRIDGE
-14.220483,-52.183276,-14.220612,-52.183197,BRIDGE
-14.217510,-52.719200,-14.217305,-52.719267,BRIDGE
-14.212970,-51.305852,-14.213356,-51.305979,BRIDGE
-14.211286,-54.874611,-14.211966,-54.876625,BRIDGE
-14.210563,-53.709944,-14.210430,-53.709831,BRIDGE
-14.209123,-53.239955,-14.208934,-53.240040,BRIDGE
-14.205421,-55.255807,-14.205720,-55.255614,BRIDGE
-14.188370,-51.249677,-14.188544,-51.250167,BRIDGE
-14.188363,-52.283616,-14.188392,-52.283775,BRIDGE
-14.187466,-52.659225,-14.187721,-52.659182,BRIDGE
-14.185078,-55.891177,-14.184652,-55.891515,BRIDGE
-14.177975,-52.521792,-14.177817,-52.521488,BRIDGE
-14.175834,-55.199143,-14.175939,-55.199009,BRIDGE
-14.174360,-55.294120,-14.174376,-55.294282,BRIDGE
-14.172080,-54.056627,-14.172440,-54.056732,BRIDGE
-14.169558,-51.294605,-14.169796,-51.294959,BRIDGE
-14.167927,-52.259697,-14.167811,-52.259678,BRIDGE
-14.163353,-55.205233,-14.163469,-55.205347,BRIDGE
-14.155245,-52.243075,-14.155286,-52.242951,BRIDGE
-14.149726,-51.539088,-14.149450,-51.539471,BRIDGE
-14.147757,-53.680413,-14.147793,-53.680129,BRIDGE
-14.147507,-56.099015,-14.146140,-56.099816,BRIDGE
-14.146251,-56.100004,-14.147679,-56.099206,BRIDGE
-14.136788,-54.851889,-14.136581,-54.851904,BRIDGE
-14.122780,-54.616036,-14.122665,-54.615585,BRIDGE
-14.121794,-59.713293,-14.121511,-59.713568,BRIDGE
-14.118613,-54.935156,-14.118659,-54.935076,BRIDGE
-14.111116,-54.376375,-14.110897,-54.376059,BRIDGE
-14.105024,-52.303572,-14.105193,-52.303441,BRIDGE
-14.104192,-53.039221,-14.104434,-53.038606,BRIDGE
-14.102602,-54.743407,-14.102765,-54.743566,BRIDGE
-14.093889,-55.220195,-14.094160,-55.220277,BRIDGE
-14.087321,-51.699644,-14.087863,-51.695417,BRIDGE
-14.086303,-52.322806,-14.086257,-52.323090,BRIDGE
-14.084216,-52.565047,-14.084322,-52.564849,BRIDGE
-14.083178,-54.955874,-14.083066,-54.956161,BRIDGE
-14.082884,-52.031214,-14.082812,-52.031371,BRIDGE
-14.081005,-54.765302,-14.081055,-54.765177,BRIDGE
-14.079254,-54.760418,-14.079155,-54.760407,BRIDGE
-14.070201,-52.158634,-14.070111,-52.158629,BRIDGE
-14.070107,-52.158747,-14.070192,-52.158747,BRIDGE
-14.068226,-52.182917,-14.068343,-52.182853,BRIDGE
-14.068028,-54.339143,-14.068150,-54.338968,BRIDGE
-14.067137,-52.168793,-14.067049,-52.168783,BRIDGE
-14.053944,-52.805860,-14.053921,-52.805763,BRIDGE
-14.049874,-58.776463,-14.050006,-58.776348,BRIDGE
-14.045748,-52.344570,-14.045778,-52.344442,BRIDGE
-14.040290,-52.858605,-14.040333,-52.858504,BRIDGE
-14.040238,-52.502978,-14.040413,-52.502962,BRIDGE
-14.038514,-53.103906,-14.038690,-53.103760,BRIDGE
-14.035365,-52.805175,-14.035383,-52.804965,BRIDGE
-14.024314,-52.397716,-14.024467,-52.397549,BRIDGE
-14.012637,-53.008059,-14.012040,-53.008216,BRIDGE
-14.010449,-52.288918,-14.010364,-52.288957,BRIDGE
-14.010324,-52.293574,-14.010196,-52.293611,BRIDGE
-14.009087,-53.599956,-14.009180,-53.599887,BRIDGE
-14.006874,-53.405060,-14.006829,-53.404994,BRIDGE
-14.001691,-57.103693,-14.001472,-57.103769,BRIDGE
-14.001639,-52.371114,-14.001612,-52.371204,BRIDGE
-13.993815,-52.917655,-13.993842,-52.917542,BRIDGE
-13.992854,-51.783041,-13.992405,-51.784758,BRIDGE
-13.986961,-52.454189,-13.986867,-52.454377,BRIDGE
-13.981053,-51.299677,-13.981100,-51.299297,BRIDGE
-13.980531,-51.299399,-13.980391,-51.299538,BRIDGE
-13.969223,-58.076382,-13.969257,-58.076944,BRIDGE
-13.965354,-52.267296,-13.965301,-52.267359,BRIDGE
-13.953785,-52.112826,-13.953892,-52.112912,BRIDGE
-13.953525,-56.896679,-13.953638,-56.896567,BRIDGE
-13.948640,-59.021017,-13.948631,-59.021634,BRIDGE
-13.942809,-52.469593,-13.942975,-52.469614,BRIDGE
-13.932901,-53.196061,-13.933049,-53.195919,BRIDGE
-13.927932,-53.556165,-13.927527,-53.556256,BRIDGE
-13.925261,-53.643468,-13.925383,-53.643406,BRIDGE
-13.923784,-53.287591,-13.924067,-53.286117,BRIDGE
-13.923331,-57.583501,-13.923310,-57.583344,BRIDGE
-13.912415,-55.441856,-13.912345,-55.441461,BRIDGE
-13.911217,-55.384250,-13.911040,-55.383995,BRIDGE
-13.905302,-55.119669,-13.905294,-55.120251,BRIDGE
-13.900958,-58.257942,-13.900586,-58.258248,BRIDGE
-13.899451,-52.432463,-13.899591,-52.432207,BRIDGE
-13.891940,-58.720009,-13.891960,-58.720274,BRIDGE
-13.887321,-52.182293,-13.887208,-52.182166,BRIDGE
-13.884029,-55.535057,-13.883733,-55.535174,BRIDGE
-13.882105,-52.413677,-13.882027,-52.413564,BRIDGE
-13.875307,-55.088162,-13.875482,-55.088192,BRIDGE
-13.873265,-55.958842,-13.873107,-55.958752,BRIDGE
-13.866803,-52.438775,-13.867241,-52.438670,BRIDGE
-13.866530,-51.702427,-13.866535,-51.702112,BRIDGE
-13.864969,-52.439452,-13.865385,-52.439276,BRIDGE
-13.862381,-56.086570,-13.862574,-56.085796,BRIDGE
-13.858989,-51.062189,-13.859271,-51.062090,BRIDGE
-13.853637,-56.690058,-13.853522,-56.689722,BRIDGE
-13.846134,-52.024869,-13.846237,-52.024685,BRIDGE
-13.844013,-52.270710,-13.844031,-52.270826,BRIDGE
-13.843164,-51.967490,-13.843128,-51.967353,BRIDGE
-13.832247,-55.321363,-13.832331,-55.321603,BRIDGE
-13.831138,-52.831863,-13.831035,-52.831596,BRIDGE
-13.821929,-56.077606,-13.821042,-56.077257,BRIDGE
-13.820999,-56.077354,-13.821900,-56.077706,BRIDGE
-13.817769,-53.705028,-13.817657,-53.704614,BRIDGE
-13.816547,-56.403393,-13.816337,-56.402181,BRIDGE
-13.816090,-57.766039,-13.816109,-57.765749,BRIDGE
-13.814004,-52.039213,-13.814523,-52.039188,BRIDGE
-13.810756,-56.073086,-13.810610,-56.073025,BRIDGE
-13.810562,-56.073125,-13.810722,-56.073189,BRIDGE
-13.809312,-52.457992,-13.809688,-52.458050,BRIDGE
-13.809006,-58.689108,-13.808993,-58.689340,BRIDGE
-13.801453,-51.924665,-13.801300,-51.925164,BRIDGE
-13.800884,-55.966246,-13.801004,-55.966600,BRIDGE
-13.800724,-56.027119,-13.800892,-56.027247,BRIDGE
-13.793439,-53.072706,-13.792441,-53.072705,BRIDGE
-13.792869,-59.457556,-13.792854,-59.456874,BRIDGE
-13.792026,-51.848547,-13.791986,-51.848641,BRIDGE
-13.790441,-59.855917,-13.790665,-59.855657,BRIDGE
-13.789218,-57.424350,-13.789275,-57.424090,BRIDGE
-13.786548,-59.869066,-13.786615,-59.868854,BRIDGE
-13.786283,-59.899015,-13.786193,-59.898944,BRIDGE
-13.785181,-59.894042,-13.785159,-59.893945,BRIDGE
-13.784295,-59.784718,-13.784227,-59.784781,BRIDGE
-13.783766,-59.813012,-13.783787,-59.812936,BRIDGE
-13.782405,-59.813496,-13.782202,-59.813417,BRIDGE
-13.782298,-54.077143,-13.782315,-54.076458,BRIDGE
-13.780001,-59.837884,-13.780018,-59.837792,BRIDGE
-13.775280,-55.410208,-13.775280,-55.410342,BRIDGE
-13.772566,-54.077052,-13.772373,-54.077047,BRIDGE
-13.771354,-55.160473,-13.771646,-55.160455,BRIDGE
-13.762295,-57.490610,-13.762226,-57.490145,BRIDGE
-13.762172,-59.868765,-13.762131,-59.868644,BRIDGE
-13.757993,-56.053108,-13.757706,-56.053142,BRIDGE
-13.757940,-59.928867,-13.757888,-59.928744,BRIDGE
-13.757723,-56.053333,-13.758031,-56.053301,BRIDGE
-13.747695,-59.853316,-13.747640,-59.853250,BRIDGE
-13.744085,-53.116652,-13.744888,-53.115895,BRIDGE
-13.743778,-55.836221,-13.743942,-55.836790,BRIDGE
-13.736605,-59.224586,-13.736628,-59.224476,BRIDGE
-13.736462,-53.113003,-13.735891,-53.112877,BRIDGE
-13.734807,-59.864114,-13.734807,-59.863925,BRIDGE
-13.730993,-52.435466,-13.731058,-52.435524,BRIDGE
-13.730122,-51.334055,-13.730892,-51.333773,BRIDGE
-13.714036,-54.234168,-13.714014,-54.233920,BRIDGE
-13.713910,-53.356385,-13.713698,-53.356052,BRIDGE
-13.704946,-57.221274,-13.704743,-57.221440,BRIDGE
-13.692403,-57.707947,-13.693192,-57.707292,BRIDGE
-13.663890,-55.934983,-13.663994,-55.935205,BRIDGE
-13.660829,-53.316631,-13.660700,-53.316470,BRIDGE
-13.660587,-55.042038,-13.660682,-55.041973,BRIDGE
-13.654556,-53.303630,-13.654656,-53.303544,BRIDGE
-13.645038,-59.912039,-13.644978,-59.912224,BRIDGE
-13.644837,-52.318717,-13.644798,-52.318643,BRIDGE
-13.643195,-58.017156,-13.642962,-58.018762,BRIDGE
-13.635993,-52.248740,-13.636131,-52.248611,BRIDGE
-13.626425,-52.321583,-13.626345,-52.321566,BRIDGE
-13.623507,-58.665254,-13.623943,-58.665160,BRIDGE
-13.621768,-53.294046,-13.621547,-53.293914,BRIDGE
-13.614428,-58.093923,-13.614031,-58.094397,BRIDGE
-13.612046,-57.858015,-13.611987,-57.857557,BRIDGE
-13.610180,-55.197375,-13.611456,-55.198244,BRIDGE
-13.607783,-57.115085,-13.607707,-57.115113,BRIDGE
-13.592429,-60.383711,-13.592807,-60.383459,BRIDGE
-13.584891,-56.855440,-13.584904,-56.855577,BRIDGE
-13.583652,-55.012984,-13.583080,-55.012222,BRIDGE
-13.579049,-53.385466,-13.578933,-53.385772,BRIDGE
-13.578730,-51.928998,-13.579142,-51.929085,BRIDGE
-13.572964,-57.356175,-13.572883,-57.356253,BRIDGE
-13.562741,-58.405813,-13.562673,-58.407082,BRIDGE
-13.559828,-53.436849,-13.559727,-53.436953,BRIDGE
-13.559613,-60.419387,-13.559627,-60.419305,BRIDGE
-13.558813,-52.573491,-13.558825,-52.573298,BRIDGE
-13.558642,-55.333999,-13.559570,-55.335419,BRIDGE
-13.558360,-57.476462,-13.558461,-57.476288,BRIDGE
-13.554467,-52.631016,-13.554369,-52.630850,BRIDGE
-13.551839,-59.035686,-13.551659,-59.035146,BRIDGE
-13.546834,-58.634828,-13.546791,-58.635284,BRIDGE
-13.545725,-53.131561,-13.545651,-53.131594,BRIDGE
-13.545564,-60.449611,-13.545565,-60.449540,BRIDGE
-13.544348,-51.084786,-13.544111,-51.085059,BRIDGE
-13.541789,-57.459856,-13.541631,-57.460093,BRIDGE
-13.540528,-51.757120,-13.540378,-51.757166,BRIDGE
-13.539831,-57.009104,-13.539793,-57.008910,BRIDGE
-13.539319,-58.833416,-13.539231,-58.833412,BRIDGE
-13.539228,-58.833574,-13.539315,-58.833577,BRIDGE
-13.535021,-56.502296,-13.534090,-56.501509,BRIDGE
-13.534785,-55.985444,-13.534818,-55.985295,BRIDGE
-13.533280,-51.773005,-13.533379,-51.773017,BRIDGE
-13.532893,-57.799513,-13.532843,-57.799580,BRIDGE
-13.532674,-51.779763,-13.532750,-51.779870,BRIDGE
-13.531850,-60.391843,-13.531935,-60.391808,BRIDGE
-13.530489,-53.541133,-13.530571,-53.541103,BRIDGE
-13.528561,-55.152721,-13.527921,-55.152073,BRIDGE
-13.526853,-52.731833,-13.526638,-52.731249,BRIDGE
-13.524835,-60.499028,-13.525214,-60.499018,BRIDGE
-13.523994,-55.561730,-13.523940,-55.561447,BRIDGE
-13.519043,-53.214214,-13.519045,-53.214298,BRIDGE
-13.517731,-53.102810,-13.517978,-53.102744,BRIDGE
-13.515868,-53.110698,-13.515757,-53.110635,BRIDGE
-13.510262,-60.506111,-13.510745,-60.505991,BRIDGE
-13.509220,-55.159261,-13.508352,-55.158392,BRIDGE
-13.504183,-56.618494,-13.503705,-56.619064,BRIDGE
-13.501272,-52.413281,-13.501427,-52.412420,BRIDGE
-13.500114,-52.420343,-13.500223,-52.419675,BRIDGE
-13.500090,-53.093369,-13.500038,-53.093296,BRIDGE
-13.496147,-53.084060,-13.496320,-53.082975,BRIDGE
-13.494121,-52.274909,-13.494303,-52.274921,BRIDGE
-13.491765,-57.630731,-13.491563,-57.630862,BRIDGE
-13.474071,-55.380472,-13.473795,-55.381928,BRIDGE
-13.473558,-57.641440,-13.473537,-57.641801,BRIDGE
-13.469467,-53.672232,-13.469323,-53.672176,BRIDGE
-13.469163,-52.593359,-13.469118,-52.593499,BRIDGE
-13.464521,-53.639507,-13.464432,-53.639092,BRIDGE
-13.463557,-53.660371,-13.464134,-53.660150,BRIDGE
-13.463297,-53.120171,-13.463265,-53.120294,BRIDGE
-13.462692,-54.172302,-13.462824,-54.171860,BRIDGE
-13.461460,-54.054872,-13.461391,-54.054941,BRIDGE
-13.458825,-54.882115,-13.458604,-54.881712,BRIDGE
-13.458365,-52.326178,-13.458237,-52.326274,BRIDGE
-13.456585,-54.201566,-13.456679,-54.201407,BRIDGE
-13.456457,-53.159150,-13.456541,-53.159216,BRIDGE
-13.453327,-54.547420,-13.453146,-54.547252,BRIDGE
-13.443578,-56.184706,-13.443590,-56.184793,BRIDGE
-13.442517,-55.616653,-13.442622,-55.616768,BRIDGE
-13.442462,-53.146022,-13.442495,-53.146060,BRIDGE
-13.440172,-54.882408,-13.440231,-54.882101,BRIDGE
-13.439034,-54.774686,-13.438924,-54.775234,BRIDGE
-13.438007,-56.144029,-13.438025,-56.144159,BRIDGE
-13.434906,-56.164701,-13.434970,-56.164682,BRIDGE
-13.433334,-56.110308,-13.433413,-56.110704,BRIDGE
-13.433170,-52.644285,-13.432721,-52.644280,BRIDGE
-13.429368,-54.443841,-13.429135,-54.443861,BRIDGE
-13.425468,-52.279623,-13.425594,-52.279592,BRIDGE
-13.424938,-57.018954,-13.424525,-57.019407,BRIDGE
-13.418852,-56.830961,-13.418731,-56.831001,BRIDGE
-13.415364,-54.018754,-13.415548,-54.019223,BRIDGE
-13.414495,-55.976146,-13.414938,-55.976065,BRIDGE
-13.413873,-55.976290,-13.413952,-55.976271,BRIDGE
-13.407753,-55.360430,-13.407812,-55.360372,BRIDGE
-13.407679,-53.018632,-13.407596,-53.018627,BRIDGE
-13.403244,-56.603362,-13.402624,-56.603955,BRIDGE
-13.387994,-54.183414,-13.388169,-54.183948,BRIDGE
-13.384803,-55.689127,-13.384728,-55.689060,BRIDGE
-13.381854,-56.800664,-13.381654,-56.800799,BRIDGE
-13.379395,-56.002694,-13.379304,-56.002683,BRIDGE
-13.374681,-56.161609,-13.374760,-56.161628,BRIDGE
-13.370853,-56.179582,-13.370469,-56.179394,BRIDGE
-13.363478,-59.142719,-13.363478,-59.142505,BRIDGE
-13.361433,-56.790096,-13.361435,-56.790535,BRIDGE
-13.359932,-56.586419,-13.359646,-56.586385,BRIDGE
-13.356285,-54.442218,-13.356270,-54.442374,BRIDGE
-13.347161,-56.254221,-13.347110,-56.254286,BRIDGE
-13.345226,-53.381585,-13.345550,-53.381211,BRIDGE
-13.336444,-56.999493,-13.336424,-56.998956,BRIDGE
-13.333078,-53.360046,-13.332939,-53.359956,BRIDGE
-13.331082,-52.106086,-13.330968,-52.106066,BRIDGE
-13.325238,-56.107496,-13.325287,-56.107429,BRIDGE
-13.323149,-59.009183,-13.322958,-59.009081,BRIDGE
-13.314867,-59.033443,-13.314216,-59.032584,BRIDGE
-13.303570,-56.124546,-13.303620,-56.124475,BRIDGE
-13.302995,-54.544223,-13.303135,-54.545044,BRIDGE
-13.286461,-55.292586,-13.286601,-55.292663,BRIDGE
-13.286357,-57.859620,-13.286426,-57.859356,BRIDGE
-13.277368,-54.284400,-13.277970,-54.283522,BRIDGE
-13.275694,-54.424744,-13.275897,-54.424929,BRIDGE
-13.272649,-54.284537,-13.272676,-54.284760,BRIDGE
-13.268664,-54.533958,-13.268253,-54.533958,BRIDGE
-13.247726,-55.985246,-13.248055,-55.984951,BRIDGE
-13.243314,-55.359477,-13.243492,-55.359901,BRIDGE
-13.240381,-57.630054,-13.240602,-57.630353,BRIDGE
-13.238767,-54.884478,-13.238737,-54.884860,BRIDGE
-13.232625,-56.120873,-13.232789,-56.120637,BRIDGE
-13.232354,-54.968015,-13.232329,-54.967645,BRIDGE
-13.231618,-56.654514,-13.233032,-56.655309,BRIDGE
-13.230179,-53.645922,-13.230196,-53.645761,BRIDGE
-13.225398,-55.786496,-13.225513,-55.786943,BRIDGE
-13.220123,-59.025543,-13.220440,-59.026277,BRIDGE
-13.217907,-53.499352,-13.217776,-53.500317,BRIDGE
-13.211766,-53.376414,-13.212093,-53.376964,BRIDGE
-13.211006,-50.594064,-13.205483,-50.586412,BRIDGE
-13.206393,-55.324844,-13.206631,-55.324703,BRIDGE
-13.204186,-52.627046,-13.204116,-52.626683,BRIDGE
-13.202852,-55.054733,-13.202457,-55.055476,BRIDGE
-13.194198,-58.982345,-13.194582,-58.982010,BRIDGE
-13.193519,-58.984421,-13.193378,-58.984043,BRIDGE
-13.191904,-56.890505,-13.191495,-56.890592,BRIDGE
-13.177642,-55.955369,-13.177585,-55.955430,BRIDGE
-13.163919,-55.133336,-13.163991,-55.132856,BRIDGE
-13.160261,-54.038410,-13.160194,-54.038331,BRIDGE
-13.159579,-57.166618,-13.159845,-57.167037,BRIDGE
-13.154535,-52.356675,-13.154390,-52.356366,BRIDGE
-13.143269,-55.666718,-13.144087,-55.668216,BRIDGE
-13.142003,-57.249194,-13.142310,-57.249447,BRIDGE
-13.133797,-54.155525,-13.134195,-54.155753,BRIDGE
-13.129372,-53.447918,-13.129487,-53.448612,BRIDGE
-13.126586,-56.231538,-13.126375,-56.231130,BRIDGE
-13.124707,-53.071193,-13.124902,-53.071051,BRIDGE
-13.119481,-55.298006,-13.119251,-55.297920,BRIDGE
-13.112851,-56.937411,-13.112714,-56.937496,BRIDGE
-13.112282,-60.234826,-13.112327,-60.234748,BRIDGE
-13.106651,-55.347555,-13.106498,-55.347989,BRIDGE
-13.106381,-55.980076,-13.106350,-55.980166,BRIDGE
-13.102631,-55.890114,-13.101762,-55.890205,BRIDGE
-13.100135,-55.346831,-13.100276,-55.346724,BRIDGE
-13.096308,-52.254656,-13.096344,-52.254381,BRIDGE
-13.090237,-51.587098,-13.090422,-51.587023,BRIDGE
-13.087011,-57.189533,-13.087296,-57.190218,BRIDGE
-13.085735,-55.931212,-13.085561,-55.931392,BRIDGE
-13.085620,-55.931456,-13.085797,-55.931271,BRIDGE
-13.081173,-56.136634,-13.081274,-56.136772,BRIDGE
-13.080116,-57.906331,-13.080111,-57.906084,BRIDGE
-13.079851,-55.926861,-13.079944,-55.926779,BRIDGE
-13.068223,-58.979548,-13.068057,-58.979091,BRIDGE
-13.064482,-55.921939,-13.064240,-55.921697,BRIDGE
-13.064381,-55.921743,-13.064278,-55.921848,TUNNEL
-13.064350,-55.921923,-13.064458,-55.921808,TUNNEL
-13.063626,-55.913404,-13.063736,-55.913280,BRIDGE
-13.063136,-55.089898,-13.063251,-55.089277,BRIDGE
-13.057314,-55.433886,-13.057291,-55.433700,BRIDGE
-13.052323,-55.353297,-13.052222,-55.352989,BRIDGE
-13.051316,-55.908577,-13.050812,-55.908063,BRIDGE
-13.043781,-55.482419,-13.043756,-55.482336,BRIDGE
-13.043298,-56.005523,-13.043351,-56.005459,BRIDGE
-13.042619,-55.849745,-13.042714,-55.849949,BRIDGE
-13.039815,-56.002936,-13.039883,-56.002480,BRIDGE
-13.035047,-59.591008,-13.034945,-59.591080,BRIDGE
-13.034854,-56.417001,-13.034771,-56.417011,BRIDGE
-13.034420,-55.268706,-13.034393,-55.268427,BRIDGE
-13.032784,-56.581717,-13.032280,-56.581718,BRIDGE
-13.027700,-56.042019,-13.027492,-56.042105,BRIDGE
-13.027615,-56.035171,-13.027672,-56.035143,BRIDGE
-13.027356,-55.959082,-13.027352,-55.958998,BRIDGE
-13.027133,-57.094701,-13.027190,-57.094692,BRIDGE
-13.024076,-56.223209,-13.024102,-56.223123,BRIDGE
-13.020083,-56.649320,-13.020165,-56.649290,BRIDGE
-13.019601,-55.268935,-13.019530,-55.268766,BRIDGE
-13.019472,-57.316113,-13.019967,-57.315773,BRIDGE
-13.016509,-58.777201,-13.016307,-58.777167,BRIDGE
-13.014893,-57.229619,-13.014874,-57.229143,BRIDGE
-13.013535,-58.180594,-13.013322,-58.180683,BRIDGE
-13.013389,-56.441197,-13.013292,-56.441209,BRIDGE
-13.007978,-56.653729,-13.008055,-56.653701,BRIDGE
-13.005919,-57.230114,-13.006034,-57.229461,BRIDGE
-13.001563,-55.882214,-13.001545,-55.882185,BRIDGE
-12.989466,-55.965306,-12.989164,-55.965458,BRIDGE
-12.982617,-57.522340,-12.982741,-57.522200,BRIDGE
-12.982295,-55.968793,-12.982143,-55.968863,BRIDGE
-12.975086,-55.613016,-12.975060,-55.612826,BRIDGE
-12.974415,-51.763716,-12.974351,-51.764011,BRIDGE
-12.971197,-56.418901,-12.971130,-56.418689,BRIDGE
-12.970519,-56.117492,-12.970685,-56.117328,BRIDGE
-12.965517,-56.593446,-12.965359,-56.593343,BRIDGE
-12.956751,-58.728332,-12.956743,-58.728562,BRIDGE
-12.956099,-56.408964,-12.956154,-56.408903,BRIDGE
-12.952834,-51.851740,-12.953238,-51.852365,BRIDGE
-12.951628,-56.580710,-12.951347,-56.580662,BRIDGE
-12.948779,-56.536561,-12.948867,-56.536572,BRIDGE
-12.942809,-56.413799,-12.942890,-56.413783,BRIDGE
-12.939411,-55.932498,-12.939820,-55.932404,BRIDGE
-12.938894,-55.397799,-12.938818,-55.397600,BRIDGE
-12.935488,-56.006765,-12.935448,-56.006844,BRIDGE
-12.934114,-56.350784,-12.934192,-56.350746,BRIDGE
-12.931040,-56.025206,-12.931000,-56.025278,BRIDGE
-12.919820,-55.520581,-12.919568,-55.520169,BRIDGE
-12.910497,-59.707199,-12.910691,-59.707065,BRIDGE
-12.905282,-56.124651,-12.905261,-56.123963,BRIDGE
-12.901812,-55.508996,-12.901400,-55.509012,BRIDGE
-12.897224,-56.820724,-12.897117,-56.820729,BRIDGE
-12.896842,-58.918594,-12.896537,-58.918001,BRIDGE
-12.896667,-54.848107,-12.896609,-54.848050,BRIDGE
-12.895048,-55.933294,-12.893952,-55.934523,BRIDGE
-12.894746,-56.007733,-12.894422,-56.007771,BRIDGE
-12.886620,-57.435367,-12.886589,-57.435614,BRIDGE
-12.886267,-55.625036,-12.886157,-55.624884,BRIDGE
-12.884753,-56.385013,-12.884788,-56.384938,BRIDGE
-12.884699,-52.033305,-12.884591,-52.033435,BRIDGE
-12.881673,-56.193175,-12.881763,-56.193156,BRIDGE
-12.876598,-51.884866,-12.876656,-51.884611,BRIDGE
-12.864947,-58.938268,-12.864750,-58.938349,BRIDGE
-12.857793,-56.328135,-12.857714,-56.328100,BRIDGE
-12.845645,-56.074350,-12.845615,-56.074431,BRIDGE
-12.845562,-55.537223,-12.845491,-55.536557,BRIDGE
-12.844845,-51.885185,-12.844872,-51.885418,BRIDGE
-12.840432,-56.202410,-12.840528,-56.202389,BRIDGE
-12.839546,-58.925871,-12.839679,-58.926429,BRIDGE
-12.839100,-56.163758,-12.839121,-56.163991,BRIDGE
-12.835887,-59.782343,-12.836015,-59.782517,BRIDGE
-12.835561,-56.080596,-12.835490,-56.080555,BRIDGE
-12.833599,-55.597502,-12.833604,-55.597690,BRIDGE
-12.829322,-55.558312,-12.829432,-55.558390,BRIDGE
-12.825457,-51.716933,-12.825318,-51.716806,BRIDGE
-12.822843,-54.157509,-12.822417,-54.157172,BRIDGE
-12.819124,-51.690039,-12.819266,-51.689997,BRIDGE
-12.817778,-56.429361,-12.817707,-56.429320,BRIDGE
-12.817055,-60.079310,-12.816918,-60.079356,TUNNEL
-12.814043,-55.464213,-12.814109,-55.464005,BRIDGE
-12.812843,-56.303676,-12.812877,-56.303598,BRIDGE
-12.811630,-56.442406,-12.811576,-56.442344,BRIDGE
-12.809131,-56.788056,-12.808339,-56.786621,BRIDGE
-12.805754,-58.155792,-12.805663,-58.156176,BRIDGE
-12.800597,-58.399307,-12.801082,-58.399741,BRIDGE
-12.798256,-58.397046,-12.799842,-58.398575,BRIDGE
-12.793422,-56.010483,-12.792872,-56.010546,BRIDGE
-12.788821,-51.670054,-12.788746,-51.670019,BRIDGE
-12.784254,-54.680813,-12.784983,-54.680556,BRIDGE
-12.777048,-56.332600,-12.777156,-56.332620,BRIDGE
-12.774191,-55.528048,-12.774273,-55.528016,BRIDGE
-12.771238,-51.897149,-12.771286,-51.896898,BRIDGE
-12.770219,-56.175964,-12.770089,-56.175397,BRIDGE
-12.769795,-51.605737,-12.769558,-51.605652,BRIDGE
-12.760440,-56.253961,-12.760498,-56.253621,BRIDGE
-12.759689,-56.301245,-12.759718,-56.301164,BRIDGE
-12.756350,-55.850209,-12.756393,-55.848990,BRIDGE
-12.755214,-54.574172,-12.755337,-54.573698,BRIDGE
-12.750061,-56.760713,-12.749966,-56.760894,BRIDGE
-12.748838,-51.583211,-12.748759,-51.583192,BRIDGE
-12.746104,-56.126027,-12.746159,-56.125952,BRIDGE
-12.744223,-56.146417,-12.744302,-56.146479,BRIDGE
-12.742732,-56.145234,-12.742796,-56.145286,BRIDGE
-12.741879,-56.125343,-12.741831,-56.125414,BRIDGE
-12.735164,-54.345917,-12.735722,-54.345313,BRIDGE
-12.732465,-58.626553,-12.732568,-58.626430,BRIDGE
-12.732394,-55.637864,-12.732379,-55.637748,BRIDGE
-12.728560,-55.556084,-12.728630,-55.556206,BRIDGE
-12.728393,-56.134164,-12.728465,-56.134219,BRIDGE
-12.718322,-56.721131,-12.718388,-56.721103,BRIDGE
-12.714668,-52.537703,-12.714815,-52.538027,BRIDGE
-12.713510,-55.870286,-12.713430,-55.870044,BRIDGE
-12.708533,-56.118825,-12.708607,-56.118882,BRIDGE
-12.708331,-51.573258,-12.708280,-51.573228,BRIDGE
-12.707037,-55.501347,-12.707073,-55.500991,BRIDGE
-12.695040,-56.128385,-12.694772,-56.128647,BRIDGE
-12.691792,-56.223110,-12.691824,-56.223186,BRIDGE
-12.686185,-55.578809,-12.686216,-55.578873,BRIDGE
-12.681662,-51.577043,-12.681583,-51.577062,BRIDGE
-12.681522,-52.317301,-12.681435,-52.316856,BRIDGE
-12.679960,-60.067341,-12.679913,-60.067121,BRIDGE
-12.674566,-55.794329,-12.672714,-55.793870,BRIDGE
-12.666566,-55.276375,-12.666838,-55.276477,BRIDGE
-12.653643,-56.155238,-12.653219,-56.155342,BRIDGE
-12.650789,-55.553101,-12.650535,-55.553109,BRIDGE
-12.643449,-51.948146,-12.643476,-51.947814,BRIDGE
-12.638858,-51.568308,-12.638779,-51.568290,BRIDGE
-12.635359,-60.063071,-12.635343,-60.063011,BRIDGE
-12.631713,-57.899451,-12.631713,-57.898808,BRIDGE
-12.628819,-52.507699,-12.628764,-52.507764,BRIDGE
-12.627602,-55.634662,-12.627352,-55.634529,BRIDGE
-12.622892,-52.493886,-12.622706,-52.493874,BRIDGE
-12.622634,-52.059863,-12.622766,-52.058985,BRIDGE
-12.611650,-52.500305,-12.611469,-52.500198,BRIDGE
-12.609185,-51.558438,-12.609264,-51.558421,BRIDGE
-12.603763,-51.526560,-12.603973,-51.526153,BRIDGE
-12.601428,-51.556831,-12.601512,-51.556850,BRIDGE
-12.595818,-54.744344,-12.595669,-54.744747,BRIDGE
-12.593516,-54.136068,-12.593604,-54.135639,BRIDGE
-12.592596,-55.579457,-12.592478,-55.579520,BRIDGE
-12.590022,-55.682734,-12.589885,-55.682977,BRIDGE
-12.587376,-60.030600,-12.587327,-60.030753,BRIDGE
-12.584342,-55.188553,-12.584379,-55.188947,BRIDGE
-12.578613,-52.190764,-12.578591,-52.191007,BRIDGE
-12.577407,-55.825210,-12.577544,-55.825119,BRIDGE
-12.568858,-60.027258,-12.568948,-60.026915,BRIDGE
-12.566649,-57.858058,-12.566475,-57.857818,BRIDGE
-12.562339,-55.703212,-12.561848,-55.703224,BRIDGE
-12.561849,-55.703359,-12.562324,-55.703353,BRIDGE
-12.561565,-51.546899,-12.561671,-51.547346,BRIDGE
-12.558561,-55.718182,-12.558186,-55.717945,BRIDGE
-12.558148,-55.718007,-12.558516,-55.718249,BRIDGE
-12.553067,-55.755902,-12.552930,-55.755883,BRIDGE
-12.551531,-52.552907,-12.551480,-52.553176,BRIDGE
-12.547478,-55.718679,-12.547519,-55.718608,BRIDGE
-12.547447,-55.718569,-12.547403,-55.718638,BRIDGE
-12.547263,-55.710906,-12.547149,-55.710831,BRIDGE
-12.547097,-55.710904,-12.547211,-55.710983,BRIDGE
-12.544484,-60.005570,-12.544562,-60.005329,BRIDGE
-12.544083,-55.779969,-12.544081,-55.778336,BRIDGE
-12.543899,-55.716197,-12.543928,-55.716136,BRIDGE
-12.543832,-55.716073,-12.543798,-55.716124,BRIDGE
-12.543770,-55.695880,-12.543906,-55.696108,BRIDGE
-12.540502,-55.136663,-12.540562,-55.137185,BRIDGE
-12.535813,-55.705915,-12.535249,-55.705821,BRIDGE
-12.535254,-55.705930,-12.535806,-55.706028,BRIDGE
-12.533244,-52.342628,-12.533487,-52.342932,BRIDGE
-12.531060,-56.087486,-12.529917,-56.086514,BRIDGE
-12.529514,-57.879955,-12.529205,-57.880257,BRIDGE
-12.526907,-55.724916,-12.526516,-55.725058,BRIDGE
-12.526709,-55.708056,-12.526686,-55.708145,BRIDGE
-12.526540,-55.725139,-12.526962,-55.724979,BRIDGE
-12.521823,-55.775362,-12.521744,-55.775379,BRIDGE
-12.520879,-55.712576,-12.521283,-55.712450,BRIDGE
-12.520451,-52.549096,-12.520348,-52.549233,BRIDGE
-12.518876,-57.433156,-12.519023,-57.432163,BRIDGE
-12.517188,-52.551733,-12.516860,-52.552038,BRIDGE
-12.507443,-55.692177,-12.507141,-55.692742,BRIDGE
-12.501553,-59.942466,-12.501681,-59.942484,BRIDGE
-12.496872,-55.747650,-12.496819,-55.747587,BRIDGE
-12.496053,-54.521977,-12.496272,-54.521497,BRIDGE
-12.493725,-54.196446,-12.494390,-54.195773,BRIDGE
-12.488490,-55.743264,-12.488771,-55.743661,BRIDGE
-12.485412,-51.522356,-12.485355,-51.522545,BRIDGE
-12.484945,-53.091053,-12.485016,-53.090887,BRIDGE
-12.479389,-51.546458,-12.479420,-51.546331,BRIDGE
-12.478136,-56.199589,-12.478019,-56.199619,BRIDGE
-12.476303,-55.767221,-12.475127,-55.768518,BRIDGE
-12.474904,-55.512418,-12.474905,-55.512249,BRIDGE
-12.471571,-51.471186,-12.471639,-51.471243,BRIDGE
-12.457478,-51.759994,-12.457718,-51.759908,BRIDGE
-12.448797,-51.739871,-12.448872,-51.739816,BRIDGE
-12.443765,-51.457451,-12.443721,-51.457520,BRIDGE
-12.443747,-51.915083,-12.443878,-51.914898,BRIDGE
-12.434754,-51.459096,-12.434677,-51.459070,BRIDGE
-12.418246,-55.521682,-12.418344,-55.521703,BRIDGE
-12.408826,-57.625861,-12.408602,-57.625664,BRIDGE
-12.404892,-59.832289,-12.405052,-59.832187,BRIDGE
-12.402021,-52.653439,-12.401917,-52.653537,BRIDGE
-12.366702,-52.681383,-12.367243,-52.681484,BRIDGE
-12.366389,-54.490127,-12.367264,-54.489312,BRIDGE
-12.357708,-54.442144,-12.358227,-54.441378,BRIDGE
-12.357016,-54.443188,-12.357112,-54.443037,BRIDGE
-12.353793,-52.358140,-12.353731,-52.357696,BRIDGE
-12.334484,-51.451348,-12.334409,-51.451383,BRIDGE
-12.331043,-55.757734,-12.330909,-55.757839,BRIDGE
-12.329778,-55.510075,-12.329876,-55.509867,BRIDGE
-12.325881,-56.675459,-12.326346,-56.675640,BRIDGE
-12.323398,-55.501495,-12.323388,-55.501299,BRIDGE
-12.318676,-56.899982,-12.318371,-56.900329,BRIDGE
-12.317357,-51.459515,-12.317282,-51.459550,BRIDGE
-12.314565,-51.501111,-12.314273,-51.501317,BRIDGE
-12.292270,-55.566167,-12.291916,-55.565883,BRIDGE
-12.292238,-55.508829,-12.292141,-55.509292,BRIDGE
-12.289543,-55.600907,-12.288227,-55.601398,BRIDGE
-12.285712,-57.896269,-12.285314,-57.896452,BRIDGE
-12.284888,-51.521276,-12.284733,-51.521379,BRIDGE
-12.263374,-51.493595,-12.263267,-51.494041,BRIDGE
-12.262972,-51.495278,-12.262952,-51.495358,BRIDGE
-12.259369,-55.949896,-12.259082,-55.950714,BRIDGE
-12.259021,-55.882549,-12.259023,-55.882419,BRIDGE
-12.255215,-57.970856,-12.254712,-57.971242,BRIDGE
-12.250447,-51.945233,-12.250413,-51.944809,BRIDGE
-12.239891,-55.120348,-12.239319,-55.119897,BRIDGE
-12.227460,-56.389478,-12.227866,-56.389394,BRIDGE
-12.197140,-56.199351,-12.197086,-56.199570,BRIDGE
-12.194142,-55.533937,-12.193947,-55.533844,BRIDGE
-12.194001,-56.460999,-12.193964,-56.461176,BRIDGE
-12.184159,-51.502987,-12.184076,-51.503014,BRIDGE
-12.172796,-55.899939,-12.173522,-55.900623,BRIDGE
-12.166700,-57.885397,-12.166752,-57.884828,BRIDGE
-12.161198,-51.456934,-12.161188,-51.456848,BRIDGE
-12.161053,-51.459372,-12.161120,-51.459145,BRIDGE
-12.154754,-55.513291,-12.154101,-55.513343,BRIDGE
-12.153823,-52.309066,-12.153859,-52.308653,BRIDGE
-12.153369,-55.463850,-12.153392,-55.463700,BRIDGE
-12.151324,-51.441721,-12.151025,-51.441485,BRIDGE
-12.146866,-51.518336,-12.146105,-51.518746,BRIDGE
-12.146285,-51.666856,-12.146316,-51.666720,BRIDGE
-12.136173,-57.080722,-12.135136,-57.078830,BRIDGE
-12.124967,-55.181463,-12.124670,-55.181543,BRIDGE
-12.121191,-51.430035,-12.121173,-51.429949,BRIDGE
-12.118845,-51.419693,-12.118827,-51.419618,BRIDGE
-12.114448,-56.616533,-12.114271,-56.616679,BRIDGE
-12.113463,-52.294124,-12.113458,-52.293841,BRIDGE
-12.112802,-52.297337,-12.112931,-52.296999,BRIDGE
-12.110644,-52.241002,-12.110566,-52.240850,BRIDGE
-12.109647,-57.874011,-12.109341,-57.872368,BRIDGE
-12.107763,-52.235782,-12.107708,-52.235694,BRIDGE
-12.106550,-52.233607,-12.106374,-52.233310,BRIDGE
-12.106013,-58.187171,-12.106329,-58.186796,BRIDGE
-12.104940,-56.591943,-12.105276,-56.592003,BRIDGE
-12.101952,-52.224756,-12.101910,-52.224692,BRIDGE
-12.096034,-51.468343,-12.095954,-51.468362,BRIDGE
-12.095972,-51.472353,-12.095935,-51.472279,BRIDGE
-12.092858,-51.572938,-12.092999,-51.572946,BRIDGE
-12.086737,-52.247681,-12.086567,-52.247509,BRIDGE
-12.086239,-51.477017,-12.086233,-51.477101,BRIDGE
-12.081457,-56.859040,-12.081056,-56.858980,BRIDGE
-12.078747,-51.484248,-12.078764,-51.484329,BRIDGE
-12.075337,-55.711769,-12.075424,-55.711695,BRIDGE
-12.073524,-52.119004,-12.073836,-52.119377,BRIDGE
-12.073477,-51.518010,-12.073393,-51.518029,BRIDGE
-12.068871,-58.114381,-12.068804,-58.114181,BRIDGE
-12.067624,-51.539727,-12.067807,-51.539919,BRIDGE
-12.066207,-52.064985,-12.065768,-52.064754,BRIDGE
-12.062695,-56.021247,-12.062592,-56.021324,BRIDGE
-12.056004,-56.127830,-12.055640,-56.127922,BRIDGE
-12.048912,-55.517625,-12.048906,-55.517215,BRIDGE
-12.047695,-56.968932,-12.047391,-56.969184,BRIDGE
-12.030142,-50.896548,-12.030363,-50.896841,BRIDGE
-12.025993,-55.046994,-12.026249,-55.046236,BRIDGE
-12.020897,-51.354446,-12.020838,-51.354385,BRIDGE
-12.006411,-54.503414,-12.006723,-54.503155,BRIDGE
-11.989653,-56.437599,-11.989622,-56.437368,BRIDGE
-11.986240,-52.294852,-11.986088,-52.294503,BRIDGE
-11.985956,-52.295598,-11.986148,-52.295254,BRIDGE
-11.977708,-56.030674,-11.978068,-56.030633,BRIDGE
-11.972360,-51.332590,-11.972211,-51.332566,BRIDGE
-11.969454,-57.471759,-11.969881,-57.471382,BRIDGE
-11.964425,-55.992991,-11.963784,-55.993126,BRIDGE
-11.961895,-51.327870,-11.961822,-51.327833,BRIDGE
-11.960563,-56.153578,-11.960449,-56.153589,BRIDGE
-11.960355,-52.820363,-11.960439,-52.820683,BRIDGE
-11.952387,-58.390377,-11.952404,-58.390493,BRIDGE
-11.950235,-58.374740,-11.950260,-58.374917,BRIDGE
-11.950200,-58.372613,-11.950226,-58.372825,BRIDGE
-11.948361,-57.489527,-11.948741,-57.489103,BRIDGE
-11.947082,-58.352984,-11.947114,-58.353113,BRIDGE
-11.942322,-58.318033,-11.942364,-58.318309,BRIDGE
-11.940375,-58.308990,-11.940379,-58.309163,BRIDGE
-11.929872,-54.999451,-11.929892,-55.000031,BRIDGE
-11.925004,-55.257404,-11.924888,-55.257258,BRIDGE
-11.923233,-58.415957,-11.923154,-58.415927,BRIDGE
-11.921428,-51.318329,-11.921354,-51.318353,BRIDGE
-11.915434,-56.267381,-11.915440,-56.267611,BRIDGE
-11.914890,-57.976072,-11.915282,-57.976215,BRIDGE
-11.911728,-55.296391,-11.911322,-55.296618,BRIDGE
-11.906097,-55.993267,-11.906052,-55.993112,BRIDGE
-11.904696,-58.307640,-11.904836,-58.307783,BRIDGE
-11.904090,-58.295390,-11.904154,-58.295498,BRIDGE
-11.899988,-51.657803,-11.900147,-51.657907,BRIDGE
-11.899290,-55.505145,-11.898898,-55.505044,BRIDGE
-11.898882,-55.505096,-11.899277,-55.505197,BRIDGE
-11.898298,-58.371125,-11.898129,-58.370904,BRIDGE
-11.897816,-57.061941,-11.897902,-57.061938,BRIDGE
-11.897371,-55.998896,-11.897308,-55.998771,BRIDGE
-11.894435,-55.657626,-11.894487,-55.655914,BRIDGE
-11.893041,-55.503483,-11.891784,-55.503154,BRIDGE
-11.891760,-55.503254,-11.893030,-55.503576,BRIDGE
-11.890606,-58.377181,-11.890653,-58.377327,BRIDGE
-11.887647,-55.870842,-11.887596,-55.869788,BRIDGE
-11.884993,-56.008679,-11.884881,-56.008700,BRIDGE
-11.882011,-56.263381,-11.882010,-56.263224,BRIDGE
-11.879878,-55.536180,-11.879591,-55.536172,BRIDGE
-11.878428,-50.853365,-11.878576,-50.853896,BRIDGE
-11.867027,-58.411934,-11.866891,-58.411881,BRIDGE
-11.865567,-54.910681,-11.865554,-54.910491,BRIDGE
-11.864894,-57.521850,-11.865419,-57.521665,BRIDGE
-11.858892,-55.494583,-11.857795,-55.494297,BRIDGE
-11.857870,-55.494400,-11.858433,-55.494551,BRIDGE
-11.856655,-54.615214,-11.856614,-54.615286,BRIDGE
-11.854933,-59.338884,-11.855079,-59.339041,BRIDGE
-11.851950,-58.217011,-11.851896,-58.216868,BRIDGE
-11.846294,-57.117401,-11.846694,-57.117192,BRIDGE
-11.846279,-51.335085,-11.846193,-51.335043,BRIDGE
-11.838434,-52.252623,-11.838335,-52.253288,BRIDGE
-11.838421,-55.531935,-11.838465,-55.531862,BRIDGE
-11.838344,-55.531848,-11.838291,-55.531924,BRIDGE
-11.837474,-57.532117,-11.837742,-57.532367,BRIDGE
-11.833779,-55.228116,-11.834091,-55.227885,BRIDGE
-11.832388,-58.365780,-11.832314,-58.365812,BRIDGE
-11.831649,-57.533665,-11.831950,-57.533547,BRIDGE
-11.826002,-57.535632,-11.826139,-57.535610,BRIDGE
-11.825326,-55.033895,-11.825322,-55.033787,BRIDGE
-11.820445,-54.650470,-11.820478,-54.650399,BRIDGE
-11.819577,-55.449269,-11.819711,-55.450143,BRIDGE
-11.818091,-52.401816,-11.818191,-52.402244,BRIDGE
-11.816551,-55.449202,-11.816791,-55.450294,BRIDGE
-11.813959,-55.448816,-11.815456,-55.448497,BRIDGE
-11.812089,-57.540617,-11.812266,-57.540554,BRIDGE
-11.811255,-57.546874,-11.811169,-57.546736,BRIDGE
-11.808036,-54.643497,-11.808038,-54.643413,BRIDGE
-11.800578,-51.368639,-11.800532,-51.368515,BRIDGE
-11.797893,-57.545646,-11.798269,-57.545528,BRIDGE
-11.797095,-56.280212,-11.797119,-56.280482,BRIDGE
-11.794606,-51.165312,-11.794884,-51.165204,BRIDGE
-11.791756,-51.166384,-11.791912,-51.166323,BRIDGE
-11.791380,-58.114771,-11.791424,-58.114914,BRIDGE
-11.790859,-51.166733,-11.791009,-51.166667,BRIDGE
-11.790649,-51.089072,-11.790410,-51.089348,BRIDGE
-11.788457,-54.643612,-11.788349,-54.643552,BRIDGE
-11.783366,-51.168745,-11.783635,-51.168777,BRIDGE
-11.783331,-54.526327,-11.783578,-54.526214,BRIDGE
-11.777465,-58.073693,-11.777565,-58.073956,BRIDGE
-11.769861,-56.310230,-11.769742,-56.309918,BRIDGE
-11.768039,-58.103020,-11.767556,-58.103235,BRIDGE
-11.758830,-58.521262,-11.759085,-58.521466,BRIDGE
-11.755534,-58.187891,-11.755482,-58.187714,BRIDGE
-11.752041,-58.088931,-11.752091,-58.089060,BRIDGE
-11.746674,-57.875934,-11.746758,-57.876116,BRIDGE
-11.746622,-51.238858,-11.746879,-51.238899,BRIDGE
-11.744093,-51.369490,-11.743893,-51.369527,BRIDGE
-11.742357,-58.195835,-11.742643,-58.195912,BRIDGE
-11.741979,-58.171937,-11.741916,-58.171803,BRIDGE
-11.740534,-55.204992,-11.740499,-55.205068,BRIDGE
-11.736733,-58.460448,-11.736406,-58.460432,BRIDGE
-11.732601,-58.209539,-11.732506,-58.209571,BRIDGE
-11.730740,-57.570080,-11.731165,-57.569837,BRIDGE
-11.725437,-57.616288,-11.725631,-57.616331,BRIDGE
-11.725095,-51.942952,-11.725097,-51.943030,BRIDGE
-11.724035,-58.160186,-11.723887,-58.160258,BRIDGE
-11.719824,-58.072754,-11.720005,-58.072684,BRIDGE
-11.716136,-51.779184,-11.716166,-51.780320,BRIDGE
-11.714965,-58.138889,-11.715063,-58.138846,BRIDGE
-11.714773,-58.074533,-11.715087,-58.074413,BRIDGE
-11.714143,-55.996383,-11.714364,-55.996361,BRIDGE
-11.713647,-57.828244,-11.713781,-57.828209,BRIDGE
-11.711965,-56.734493,-11.711939,-56.734280,BRIDGE
-11.711497,-51.655637,-11.711517,-51.655798,BRIDGE
-11.710546,-58.298520,-11.710448,-58.298550,BRIDGE
-11.702952,-57.602294,-11.703263,-57.602578,BRIDGE
-11.697966,-55.224376,-11.697852,-55.224338,BRIDGE
-11.686445,-59.185495,-11.686687,-59.185517,BRIDGE
-11.680372,-58.555429,-11.680463,-58.555405,BRIDGE
-11.678960,-51.482943,-11.678973,-51.483203,BRIDGE
-11.678949,-55.577159,-11.678991,-55.576679,BRIDGE
-11.676860,-51.451182,-11.676873,-51.451419,BRIDGE
-11.675421,-57.712474,-11.675284,-57.712222,BRIDGE
-11.675149,-55.019376,-11.675049,-55.019610,BRIDGE
-11.673532,-51.401000,-11.673548,-51.401130,BRIDGE
-11.672064,-54.648356,-11.672316,-54.648410,BRIDGE
-11.669483,-55.652172,-11.669684,-55.651186,BRIDGE
-11.663786,-57.610294,-11.664115,-57.610068,BRIDGE
-11.659849,-52.768378,-11.659763,-52.767998,BRIDGE
-11.656781,-57.681699,-11.656692,-57.681506,BRIDGE
-11.656056,-57.615341,-11.656441,-57.615088,BRIDGE
-11.653449,-57.602040,-11.653664,-57.601896,BRIDGE
-11.653132,-55.705308,-11.653142,-55.702415,BRIDGE
-11.652228,-51.324974,-11.652137,-51.325107,BRIDGE
-11.651062,-58.066169,-11.652248,-58.068072,BRIDGE
-11.650495,-51.040273,-11.650457,-51.040332,BRIDGE
-11.649636,-55.211577,-11.649394,-55.211395,BRIDGE
-11.648901,-51.042835,-11.648972,-51.042755,BRIDGE
-11.648535,-51.043079,-11.648591,-51.043057,BRIDGE
-11.645257,-54.252961,-11.645456,-54.252986,BRIDGE
-11.641264,-55.799804,-11.641407,-55.799945,BRIDGE
-11.636832,-57.797120,-11.637231,-57.797710,BRIDGE
-11.635261,-57.615738,-11.635410,-57.615566,BRIDGE
-11.633713,-57.630025,-11.633552,-57.630140,BRIDGE
-11.628489,-57.633658,-11.628286,-57.633781,BRIDGE
-11.628036,-57.620978,-11.628242,-57.620851,BRIDGE
-11.627441,-56.227066,-11.627289,-56.227497,BRIDGE
-11.627392,-51.189961,-11.627336,-51.190144,BRIDGE
-11.620725,-55.141922,-11.621162,-55.141816,BRIDGE
-11.619992,-55.904657,-11.620097,-55.904661,BRIDGE
-11.618242,-55.151509,-11.618063,-55.151389,BRIDGE
-11.616889,-55.699727,-11.616676,-55.699699,BRIDGE
-11.613971,-55.157478,-11.613904,-55.157429,BRIDGE
-11.613215,-51.049159,-11.613269,-51.049156,BRIDGE
-11.610701,-57.646635,-11.610530,-57.646774,BRIDGE
-11.609590,-55.737137,-11.609674,-55.737152,BRIDGE
-11.607788,-55.123994,-11.607696,-55.124124,BRIDGE
-11.602068,-54.812901,-11.601470,-54.812689,BRIDGE
-11.599999,-51.135744,-11.599921,-51.135790,BRIDGE
-11.598077,-55.769643,-11.597352,-55.769595,BRIDGE
-11.596387,-57.657210,-11.596170,-57.657368,BRIDGE
-11.596290,-55.499398,-11.596336,-55.499329,BRIDGE
-11.595779,-59.027591,-11.595846,-59.027690,BRIDGE
-11.590029,-56.575865,-11.589950,-56.575834,BRIDGE
-11.589040,-56.716273,-11.589023,-56.716266,BRIDGE
-11.587982,-57.726003,-11.588075,-57.726131,BRIDGE
-11.582275,-56.320265,-11.582147,-56.320868,BRIDGE
-11.579222,-54.364880,-11.579285,-54.364781,BRIDGE
-11.577947,-59.205703,-11.578045,-59.205913,BRIDGE
-11.574882,-58.996763,-11.574905,-58.996803,BRIDGE
-11.574332,-54.559259,-11.574179,-54.559157,BRIDGE
-11.572763,-51.042013,-11.572957,-51.043025,BRIDGE
-11.571892,-51.395449,-11.571893,-51.395604,BRIDGE
-11.571316,-58.455406,-11.571411,-58.455469,BRIDGE
-11.570538,-54.556856,-11.570185,-54.556629,BRIDGE
-11.569414,-58.469591,-11.569468,-58.469496,BRIDGE
-11.566600,-56.044308,-11.566519,-56.044315,BRIDGE
-11.563978,-57.691183,-11.564273,-57.691591,BRIDGE
-11.563928,-58.472910,-11.563970,-58.473057,BRIDGE
-11.563541,-51.350639,-11.563515,-51.350527,BRIDGE
-11.562564,-58.934358,-11.562565,-58.934461,BRIDGE
-11.557879,-58.808880,-11.558006,-58.808724,BRIDGE
-11.554917,-57.685751,-11.555111,-57.685715,BRIDGE
-11.552347,-54.324259,-11.552405,-54.324098,BRIDGE
-11.551289,-55.211867,-11.551350,-55.211788,BRIDGE
-11.546411,-51.750273,-11.546417,-51.750015,BRIDGE
-11.544967,-58.692924,-11.544976,-58.693139,BRIDGE
-11.544785,-54.312645,-11.544705,-54.312801,BRIDGE
-11.541755,-56.073060,-11.541540,-56.073000,BRIDGE
-11.539539,-55.392685,-11.539392,-55.392612,BRIDGE
-11.539187,-57.498442,-11.539696,-57.498599,BRIDGE
-11.538720,-57.681273,-11.538944,-57.681329,BRIDGE
-11.538612,-54.962051,-11.538914,-54.962181,BRIDGE
-11.537415,-58.852030,-11.537662,-58.852149,BRIDGE
-11.537347,-51.694348,-11.537346,-51.694210,BRIDGE
-11.534647,-51.139310,-11.534444,-51.139481,BRIDGE
-11.532232,-56.759249,-11.532626,-56.760397,BRIDGE
-11.530662,-54.374991,-11.530742,-54.375044,BRIDGE
-11.530068,-57.668261,-11.529934,-57.668274,BRIDGE
-11.529110,-58.380446,-11.531337,-58.378814,BRIDGE
-11.528561,-57.688342,-11.528572,-57.688212,BRIDGE
-11.526552,-57.677173,-11.526723,-57.677219,BRIDGE
-11.524900,-57.418841,-11.525609,-57.416541,BRIDGE
-11.524496,-54.545724,-11.524421,-54.545853,BRIDGE
-11.520624,-54.864097,-11.520624,-54.863950,BRIDGE
-11.517115,-58.759077,-11.516990,-58.759360,BRIDGE
-11.516446,-58.760509,-11.516352,-58.760709,BRIDGE
-11.516352,-58.760709,-11.494683,-58.813624,BRIDGE
-11.515832,-57.884722,-11.515907,-57.884808,BRIDGE
-11.515804,-54.651115,-11.515619,-54.651023,BRIDGE
-11.513054,-57.546367,-11.513165,-57.546279,BRIDGE
-11.513018,-58.772963,-11.512875,-58.772983,BRIDGE
-11.510908,-58.866546,-11.510903,-58.866632,BRIDGE
-11.510398,-54.711900,-11.511209,-54.711434,BRIDGE
-11.509778,-59.083044,-11.509714,-59.083108,BRIDGE
-11.509543,-55.958078,-11.509530,-55.957982,BRIDGE
-11.507954,-57.560431,-11.507912,-57.560195,BRIDGE
-11.507225,-58.719619,-11.506960,-58.719571,BRIDGE
-11.507141,-57.666560,-11.507112,-57.666163,BRIDGE
-11.506492,-51.428987,-11.506480,-51.428824,BRIDGE
-11.504700,-57.639454,-11.504710,-57.639154,BRIDGE
-11.503968,-57.656909,-11.503630,-57.656781,BRIDGE
-11.503438,-58.967237,-11.503303,-58.967168,BRIDGE
-11.502308,-57.395186,-11.502039,-57.395097,BRIDGE
-11.500480,-57.866985,-11.500648,-57.867178,BRIDGE
-11.498894,-58.923100,-11.498792,-58.923068,BRIDGE
-11.498777,-59.253570,-11.498687,-59.253665,BRIDGE
-11.498409,-59.253931,-11.498084,-59.254173,BRIDGE
-11.498342,-58.922671,-11.498340,-58.922583,BRIDGE
-11.495685,-55.363431,-11.495439,-55.363402,BRIDGE
-11.494683,-58.813624,-11.494747,-58.813698,BRIDGE
-11.492193,-58.559243,-11.492617,-58.558826,BRIDGE
-11.489266,-58.992438,-11.489161,-58.992578,BRIDGE
-11.489042,-52.611874,-11.488975,-52.611464,BRIDGE
-11.483182,-57.682640,-11.483090,-57.682694,BRIDGE
-11.482201,-58.877980,-11.482070,-58.877932,BRIDGE
-11.474095,-55.258490,-11.473971,-55.258670,BRIDGE
-11.473843,-51.699973,-11.473848,-51.699847,BRIDGE
-11.473667,-57.720633,-11.473617,-57.720561,BRIDGE
-11.472402,-54.994871,-11.472312,-54.994404,BRIDGE
-11.471834,-51.722163,-11.471908,-51.721910,BRIDGE
-11.470614,-54.698675,-11.470396,-54.698672,BRIDGE
-11.469891,-57.714966,-11.469752,-57.714749,BRIDGE
-11.469255,-51.320907,-11.469192,-51.321208,BRIDGE
-11.465977,-51.710571,-11.465733,-51.710576,BRIDGE
-11.465340,-58.757649,-11.465275,-58.757576,BRIDGE
-11.464313,-51.774305,-11.464342,-51.774139,BRIDGE
-11.464203,-56.175039,-11.463235,-56.174656,BRIDGE
-11.463922,-51.678227,-11.464015,-51.678263,BRIDGE
-11.463769,-56.175179,-11.463398,-56.175048,BRIDGE
-11.463742,-51.678502,-11.463931,-51.678639,BRIDGE
-11.460227,-58.767831,-11.460283,-58.767891,BRIDGE
-11.459574,-59.037172,-11.459505,-59.037307,BRIDGE
-11.459392,-51.801175,-11.459461,-51.801033,BRIDGE
-11.453787,-56.755186,-11.453464,-56.755377,BRIDGE
-11.449519,-59.125494,-11.449490,-59.125332,BRIDGE
-11.446084,-58.797856,-11.445964,-58.798019,BRIDGE
-11.445326,-59.096738,-11.445310,-59.096594,BRIDGE
-11.441988,-58.740931,-11.441895,-58.740864,BRIDGE
-11.441522,-51.816598,-11.441261,-51.816601,BRIDGE
-11.440625,-57.585837,-11.440520,-57.585579,BRIDGE
-11.440379,-55.194300,-11.440625,-55.194138,BRIDGE
-11.440089,-58.716183,-11.440128,-58.715972,BRIDGE
-11.437443,-56.614095,-11.437462,-56.614387,BRIDGE
-11.436091,-56.608869,-11.436182,-56.608993,BRIDGE
-11.434594,-56.034023,-11.434594,-56.033932,BRIDGE
-11.433849,-55.977852,-11.433902,-55.977789,BRIDGE
-11.433572,-58.796041,-11.433654,-58.795920,BRIDGE
-11.432641,-57.219975,-11.432670,-57.219774,BRIDGE
-11.430792,-52.486989,-11.430509,-52.486887,BRIDGE
-11.430327,-52.486788,-11.430140,-52.486686,BRIDGE
-11.429902,-51.360420,-11.429493,-51.360517,BRIDGE
-11.426512,-56.264521,-11.425955,-56.264112,BRIDGE
-11.425786,-58.825511,-11.425713,-58.825617,BRIDGE
-11.423860,-58.896557,-11.423899,-58.896467,BRIDGE
-11.423681,-57.778922,-11.423947,-57.779087,BRIDGE
-11.421575,-58.794479,-11.421636,-58.794575,BRIDGE
-11.420548,-54.279479,-11.420485,-54.279563,BRIDGE
-11.418147,-58.792609,-11.418052,-58.792696,BRIDGE
-11.417988,-51.816453,-11.417826,-51.816453,BRIDGE
-11.417986,-58.804718,-11.417849,-58.804896,BRIDGE
-11.417870,-58.806471,-11.417727,-58.806371,BRIDGE
-11.417201,-59.122692,-11.417168,-59.122594,BRIDGE
-11.415722,-52.415801,-11.415597,-52.415806,BRIDGE
-11.414557,-55.350178,-11.414182,-55.350083,BRIDGE
-11.414212,-58.789497,-11.414144,-58.789574,BRIDGE
-11.412602,-58.788039,-11.412737,-58.788028,BRIDGE
-11.411923,-57.620400,-11.411789,-57.620553,BRIDGE
-11.411086,-58.034069,-11.411080,-58.033987,BRIDGE
-11.410690,-58.745639,-11.410486,-58.745450,BRIDGE
-11.410312,-58.785691,-11.410388,-58.785778,BRIDGE
-11.410126,-58.720352,-11.410060,-58.719980,BRIDGE
-11.409492,-55.348815,-11.409297,-55.348756,BRIDGE
-11.407673,-57.442752,-11.407557,-57.442815,BRIDGE
-11.403961,-58.772067,-11.403791,-58.772095,BRIDGE
-11.403574,-56.266984,-11.403433,-56.267063,BRIDGE
-11.403011,-57.265842,-11.403022,-57.265919,BRIDGE
-11.402517,-57.207909,-11.402601,-57.208000,BRIDGE
-11.401822,-58.924626,-11.401799,-58.924488,BRIDGE
-11.401525,-58.752238,-11.401609,-58.752322,BRIDGE
-11.399837,-58.791900,-11.399685,-58.791788,BRIDGE
-11.399710,-51.850071,-11.399486,-51.850099,BRIDGE
-11.398278,-58.880497,-11.398205,-58.880432,BRIDGE
-11.397861,-58.749615,-11.397973,-58.749687,BRIDGE
-11.397673,-58.930250,-11.397701,-58.930091,BRIDGE
-11.397623,-58.971072,-11.397614,-58.971131,BRIDGE
-11.397430,-58.452330,-11.398114,-58.452317,BRIDGE
-11.395785,-58.932848,-11.395893,-58.932703,BRIDGE
-11.394558,-58.750146,-11.394610,-58.749942,BRIDGE
-11.394323,-58.868491,-11.394285,-58.868549,BRIDGE
-11.394009,-58.738050,-11.393886,-58.738190,BRIDGE
-11.392641,-58.534915,-11.392136,-58.534937,BRIDGE
-11.390642,-58.964768,-11.390732,-58.964819,BRIDGE
-11.390519,-58.939953,-11.390570,-58.939883,BRIDGE
-11.389825,-58.541041,-11.389728,-58.540917,BRIDGE
-11.388648,-58.642779,-11.388548,-58.642553,BRIDGE
-11.386898,-51.832227,-11.386911,-51.832337,BRIDGE
-11.385526,-56.261299,-11.385431,-56.261243,BRIDGE
-11.384213,-58.755010,-11.384099,-58.755198,BRIDGE
-11.383035,-59.116437,-11.383020,-59.116350,BRIDGE
-11.381080,-58.450364,-11.381734,-58.450433,BRIDGE
-11.379549,-57.470766,-11.379629,-57.470723,BRIDGE
-11.378015,-58.933451,-11.377955,-58.933405,BRIDGE
-11.376377,-58.594522,-11.376272,-58.594193,BRIDGE
-11.375752,-58.666740,-11.375614,-58.666857,BRIDGE
-11.375130,-58.960494,-11.375298,-58.960459,BRIDGE
-11.374937,-58.663647,-11.375494,-58.663736,BRIDGE
-11.372118,-57.547079,-11.372300,-57.546887,BRIDGE
-11.368560,-57.351566,-11.368351,-57.351766,BRIDGE
-11.366147,-58.905367,-11.366048,-58.905514,BRIDGE
-11.365925,-54.174921,-11.366184,-54.174641,BRIDGE
-11.364649,-56.502575,-11.364205,-56.502760,BRIDGE
-11.362996,-58.910360,-11.362953,-58.910495,BRIDGE
-11.362273,-58.491908,-11.362099,-58.491998,BRIDGE
-11.358623,-58.501919,-11.358160,-58.501575,BRIDGE
-11.358219,-58.683076,-11.358010,-58.683177,BRIDGE
-11.357973,-58.354547,-11.357550,-58.354980,BRIDGE
-11.357855,-56.464782,-11.357912,-56.465378,BRIDGE
-11.357534,-58.621363,-11.357387,-58.621369,BRIDGE
-11.356394,-55.294433,-11.355968,-55.294177,BRIDGE
-11.356109,-58.757962,-11.356230,-58.757903,BRIDGE
-11.355961,-56.342045,-11.356410,-56.342221,BRIDGE
-11.354387,-58.852061,-11.354300,-58.852191,BRIDGE
-11.353526,-58.619839,-11.353328,-58.619653,BRIDGE
-11.351795,-56.758883,-11.351766,-56.758735,BRIDGE
-11.351425,-56.759581,-11.351575,-56.759395,BRIDGE
-11.346940,-58.931722,-11.346890,-58.931811,BRIDGE
-11.345556,-54.585566,-11.345611,-54.585732,BRIDGE
-11.344420,-59.148331,-11.344497,-59.148340,BRIDGE
-11.342331,-58.887376,-11.342196,-58.887370,BRIDGE
-11.342007,-58.601436,-11.341888,-58.601436,BRIDGE
-11.341345,-57.135659,-11.341261,-57.135864,BRIDGE
-11.338422,-58.682028,-11.338404,-58.681942,BRIDGE
-11.336348,-54.554849,-11.336343,-54.555284,BRIDGE
-11.335472,-57.018797,-11.335486,-57.018881,BRIDGE
-11.334637,-58.528309,-11.334302,-58.528456,BRIDGE
-11.333737,-58.698663,-11.333685,-58.698792,BRIDGE
-11.331304,-59.024917,-11.331433,-59.024842,BRIDGE
-11.330966,-56.891776,-11.331097,-56.891826,BRIDGE
-11.330255,-59.181154,-11.330291,-59.181250,BRIDGE
-11.329544,-52.147563,-11.329415,-52.147098,BRIDGE
-11.328697,-58.787977,-11.328805,-58.787937,BRIDGE
-11.328643,-51.858655,-11.328456,-51.858696,BRIDGE
-11.328050,-58.887356,-11.327936,-58.887367,BRIDGE
-11.327707,-54.226438,-11.327612,-54.226559,BRIDGE
-11.324821,-58.815439,-11.324682,-58.815641,BRIDGE
-11.320724,-58.630775,-11.320738,-58.630857,BRIDGE
-11.318641,-58.967469,-11.318540,-58.967545,BRIDGE
-11.316029,-52.148820,-11.316025,-52.148693,BRIDGE
-11.315772,-58.589655,-11.315797,-58.589804,BRIDGE
-11.315411,-57.345543,-11.315521,-57.345495,BRIDGE
-11.313855,-52.025219,-11.313858,-52.024814,BRIDGE
-11.310359,-54.597395,-11.310448,-54.597711,BRIDGE
-11.310155,-56.261288,-11.310003,-56.261289,BRIDGE
-11.309950,-58.757651,-11.310014,-58.757705,BRIDGE
-11.309391,-58.827987,-11.309228,-58.828130,BRIDGE
-11.309018,-57.563705,-11.310004,-57.565297,BRIDGE
-11.307263,-56.920417,-11.307186,-56.920499,BRIDGE
-11.304082,-57.407471,-11.303973,-57.407451,BRIDGE
-11.303060,-56.245583,-11.303146,-56.245433,BRIDGE
-11.302321,-54.735523,-11.302358,-54.736033,BRIDGE
-11.301041,-54.130070,-11.301128,-54.129600,BRIDGE
-11.299776,-54.690229,-11.299829,-54.691218,BRIDGE
-11.298502,-51.775188,-11.298713,-51.775158,BRIDGE
-11.297947,-51.549469,-11.297795,-51.549606,BRIDGE
-11.297716,-57.579387,-11.297594,-57.579582,BRIDGE
-11.294761,-54.329900,-11.294719,-54.329947,BRIDGE
-11.294619,-58.856206,-11.294484,-58.855829,BRIDGE
-11.293799,-54.864795,-11.293957,-54.864183,BRIDGE
-11.289452,-55.895355,-11.289446,-55.895201,BRIDGE
-11.288234,-57.266410,-11.288170,-57.266353,BRIDGE
-11.288047,-58.832490,-11.287984,-58.832621,BRIDGE
-11.287011,-57.339357,-11.287102,-57.339310,BRIDGE
-11.284396,-57.534913,-11.284458,-57.534874,BRIDGE
-11.283899,-51.323128,-11.283660,-51.323073,BRIDGE
-11.283027,-54.867602,-11.283053,-54.867524,BRIDGE
-11.279722,-56.436805,-11.279685,-56.436642,BRIDGE
-11.279596,-58.860145,-11.279523,-58.860226,BRIDGE
-11.274621,-51.744200,-11.274366,-51.744232,BRIDGE
-11.273839,-57.486138,-11.273716,-57.486148,BRIDGE
-11.271432,-57.484174,-11.271486,-57.483992,BRIDGE
-11.271245,-57.526327,-11.271308,-57.526329,BRIDGE
-11.270157,-54.213873,-11.269977,-54.213722,BRIDGE
-11.267053,-58.131124,-11.267151,-58.130937,BRIDGE
-11.266867,-55.171784,-11.266932,-55.171521,BRIDGE
-11.263858,-58.854965,-11.263656,-58.854885,BRIDGE
-11.263806,-52.137459,-11.263774,-52.137817,BRIDGE
-11.261631,-57.617973,-11.261715,-57.617983,BRIDGE
-11.256323,-56.391948,-11.256334,-56.391859,BRIDGE
-11.256305,-57.332497,-11.256230,-57.332568,BRIDGE
-11.255297,-57.524545,-11.255352,-57.524506,BRIDGE
-11.255175,-52.346461,-11.255252,-52.346431,BRIDGE
-11.253699,-54.706502,-11.253358,-54.705925,BRIDGE
-11.253511,-57.517892,-11.253595,-57.517894,BRIDGE
-11.252597,-57.487352,-11.252607,-57.487547,BRIDGE
-11.252314,-58.893134,-11.252243,-58.893706,BRIDGE
-11.251585,-57.535319,-11.251387,-57.535479,BRIDGE
-11.251481,-55.807632,-11.251524,-55.807702,BRIDGE
-11.250030,-54.394562,-11.250311,-54.394285,BRIDGE
-11.249411,-56.951963,-11.249341,-56.952008,BRIDGE
-11.247639,-55.549892,-11.247734,-55.549898,BRIDGE
-11.246252,-57.446971,-11.246198,-57.447008,BRIDGE
-11.245168,-54.902713,-11.245159,-54.902649,BRIDGE
-11.243927,-51.716578,-11.244016,-51.716780,BRIDGE
-11.243732,-54.210640,-11.243838,-54.210515,BRIDGE
-11.243514,-57.532278,-11.243575,-57.532109,BRIDGE
-11.243367,-57.338387,-11.243232,-57.338423,BRIDGE
-11.241644,-55.805204,-11.241641,-55.805319,BRIDGE
-11.239797,-54.215142,-11.239874,-54.215041,BRIDGE
-11.238074,-51.887053,-11.238180,-51.887031,BRIDGE
-11.235229,-57.530722,-11.235177,-57.530754,BRIDGE
-11.226488,-51.887980,-11.226553,-51.887994,BRIDGE
-11.224740,-58.853155,-11.224596,-58.853162,BRIDGE
-11.222480,-55.773080,-11.222653,-55.773239,BRIDGE
-11.220965,-56.953217,-11.220822,-56.953279,BRIDGE
-11.220850,-54.374463,-11.220900,-54.374363,BRIDGE
-11.218502,-58.914973,-11.218349,-58.915316,BRIDGE
-11.207278,-57.338537,-11.207146,-57.338638,BRIDGE
-11.207259,-57.075436,-11.207283,-57.075347,BRIDGE
-11.204969,-57.329022,-11.204973,-57.329580,BRIDGE
-11.191442,-55.729051,-11.191605,-55.729153,BRIDGE
-11.190689,-57.742523,-11.190731,-57.742303,BRIDGE
-11.187610,-56.892558,-11.187772,-56.892453,BRIDGE
-11.186686,-54.324593,-11.186839,-54.324492,BRIDGE
-11.186265,-51.825584,-11.186135,-51.825557,BRIDGE
-11.183241,-57.298739,-11.183522,-57.298816,BRIDGE
-11.182756,-57.392200,-11.182792,-57.392323,BRIDGE
-11.180872,-58.589925,-11.180884,-58.589843,BRIDGE
-11.179474,-58.591351,-11.179540,-58.591292,BRIDGE
-11.177732,-57.366618,-11.177687,-57.366645,BRIDGE
-11.176183,-51.870945,-11.176424,-51.870641,BRIDGE
-11.174567,-57.487623,-11.174508,-57.487681,BRIDGE
-11.174543,-58.637660,-11.174954,-58.637699,BRIDGE
-11.172291,-57.418779,-11.172213,-57.418812,BRIDGE
-11.171276,-58.847121,-11.171245,-58.846955,BRIDGE
-11.170125,-57.542116,-11.169894,-57.541921,BRIDGE
-11.169531,-57.270680,-11.169560,-57.270764,BRIDGE
-11.168816,-58.850158,-11.168676,-58.850214,BRIDGE
-11.167644,-56.251909,-11.167769,-56.251998,BRIDGE
-11.167292,-54.665517,-11.167417,-54.665661,BRIDGE
-11.165393,-58.194368,-11.165439,-58.194300,BRIDGE
-11.164839,-57.263556,-11.164945,-57.263666,BRIDGE
-11.163887,-57.945963,-11.163821,-57.945900,BRIDGE
-11.156510,-56.188425,-11.156533,-56.188594,BRIDGE
-11.154674,-56.184916,-11.154843,-56.185021,BRIDGE
-11.154478,-57.556053,-11.154351,-57.555802,BRIDGE
-11.154224,-58.588735,-11.154538,-58.588485,BRIDGE
-11.152001,-57.379658,-11.151891,-57.379721,BRIDGE
-11.151885,-57.028294,-11.151888,-57.028524,BRIDGE
-11.151012,-57.244462,-11.151207,-57.244605,BRIDGE
-11.150989,-57.085007,-11.150984,-57.085109,BRIDGE
-11.150672,-57.090484,-11.150635,-57.090561,BRIDGE
-11.150307,-57.062282,-11.150286,-57.062448,BRIDGE
-11.149014,-57.381383,-11.148957,-57.381417,BRIDGE
-11.148772,-59.133826,-11.148858,-59.133839,BRIDGE
-11.145931,-57.165016,-11.145895,-57.165141,BRIDGE
-11.143353,-58.632074,-11.143277,-58.632084,BRIDGE
-11.142360,-58.636384,-11.142302,-58.636320,BRIDGE
-11.142141,-58.634928,-11.142097,-58.634983,BRIDGE
-11.139916,-54.650713,-11.140161,-54.650912,BRIDGE
-11.139355,-56.302536,-11.139284,-56.302467,BRIDGE
-11.136669,-58.627342,-11.136699,-58.627410,BRIDGE
-11.136534,-56.672660,-11.135691,-56.672073,BRIDGE
-11.136456,-58.221505,-11.136770,-58.221604,BRIDGE
-11.131379,-58.807268,-11.131362,-58.807148,BRIDGE
-11.130617,-55.878776,-11.130738,-55.878781,BRIDGE
-11.128462,-56.456117,-11.128650,-56.456125,BRIDGE
-11.127498,-54.476462,-11.128225,-54.476022,BRIDGE
-11.127346,-57.043810,-11.127342,-57.043743,BRIDGE
-11.125876,-57.538577,-11.125750,-57.538802,BRIDGE
-11.125371,-58.623117,-11.125454,-58.623081,BRIDGE
-11.123529,-57.163939,-11.123514,-57.164020,BRIDGE
-11.120745,-55.003581,-11.120730,-55.003670,BRIDGE
-11.119550,-54.670153,-11.119619,-54.670088,BRIDGE
-11.118819,-54.670833,-11.118981,-54.670682,BRIDGE
-11.114442,-57.025832,-11.114384,-57.025819,BRIDGE
-11.111919,-54.711694,-11.111979,-54.711790,BRIDGE
-11.111109,-58.625077,-11.111305,-58.624942,BRIDGE
-11.110857,-51.866677,-11.110907,-51.866745,BRIDGE
-11.108852,-56.994557,-11.108901,-56.994517,BRIDGE
-11.107596,-54.551333,-11.107605,-54.551079,BRIDGE
-11.105930,-57.015207,-11.105955,-57.015030,BRIDGE
-11.105340,-57.020001,-11.105285,-57.019731,BRIDGE
-11.104047,-54.470554,-11.104163,-54.470646,BRIDGE
-11.101042,-59.173259,-11.100976,-59.173308,BRIDGE
-11.100614,-54.554693,-11.100695,-54.554750,BRIDGE
-11.100292,-58.632107,-11.100415,-58.632008,BRIDGE
-11.100265,-50.969323,-11.099545,-50.968878,BRIDGE
-11.097662,-55.259673,-11.097708,-55.259563,BRIDGE
-11.097200,-56.368352,-11.097208,-56.368435,BRIDGE
-11.092773,-58.182699,-11.092827,-58.182760,BRIDGE
-11.091866,-55.067168,-11.091813,-55.067236,BRIDGE
-11.091615,-54.934943,-11.091696,-54.934960,BRIDGE
-11.091052,-56.873585,-11.091036,-56.873636,BRIDGE
-11.089310,-54.717260,-11.089386,-54.717042,BRIDGE
-11.088924,-51.742936,-11.088851,-51.742988,BRIDGE
-11.088546,-57.570052,-11.088784,-57.570027,BRIDGE
-11.087580,-57.099612,-11.087623,-57.099508,BRIDGE
-11.085622,-56.870552,-11.085412,-56.870733,BRIDGE
-11.085515,-52.352644,-11.085426,-52.352736,BRIDGE
-11.083632,-52.415574,-11.083729,-52.415535,BRIDGE
-11.083461,-54.609745,-11.083578,-54.609647,BRIDGE
-11.077450,-55.090539,-11.077514,-55.090472,BRIDGE
-11.076915,-54.945050,-11.077032,-54.945134,BRIDGE
-11.076254,-54.576065,-11.076182,-54.576110,BRIDGE
-11.073213,-54.579686,-11.073139,-54.579760,BRIDGE
-11.071669,-54.604682,-11.071498,-54.604639,BRIDGE
-11.069722,-54.325121,-11.069622,-54.325439,BRIDGE
-11.069592,-54.748027,-11.069845,-54.747915,BRIDGE
-11.068889,-58.636228,-11.069185,-58.636218,BRIDGE
-11.066749,-57.523301,-11.066676,-57.522918,BRIDGE
-11.066401,-57.027797,-11.066345,-57.027733,BRIDGE
-11.066340,-55.232212,-11.066426,-55.232099,BRIDGE
-11.065969,-55.119111,-11.066019,-55.118895,BRIDGE
-11.065355,-57.024890,-11.065211,-57.024662,BRIDGE
-11.064350,-51.934010,-11.064328,-51.933928,BRIDGE
-11.064284,-57.023357,-11.064213,-57.023266,BRIDGE
-11.064043,-54.591068,-11.064064,-54.591214,BRIDGE
-11.063703,-57.022561,-11.063639,-57.022472,BRIDGE
-11.057637,-51.842635,-11.057733,-51.842602,BRIDGE
-11.057208,-55.272611,-11.056783,-55.272546,BRIDGE
-11.054594,-52.210096,-11.054234,-52.210498,BRIDGE
-11.051893,-54.246710,-11.051910,-54.246791,BRIDGE
-11.047138,-54.746965,-11.046948,-54.746971,BRIDGE
-11.046574,-57.075042,-11.046603,-57.074926,BRIDGE
-11.046222,-57.574711,-11.046137,-57.574723,BRIDGE
-11.043936,-54.527471,-11.044079,-54.527338,BRIDGE
-11.042548,-54.512547,-11.042622,-54.512448,BRIDGE
-11.039666,-54.755232,-11.039911,-54.755462,BRIDGE
-11.032353,-54.809466,-11.032137,-54.809391,BRIDGE
-11.031091,-54.106442,-11.031144,-54.106695,BRIDGE
-11.028954,-54.799170,-11.029072,-54.798978,BRIDGE
-11.028554,-51.304854,-11.028408,-51.305573,BRIDGE
-11.028381,-55.202683,-11.028449,-55.202638,BRIDGE
-11.025580,-51.647019,-11.026200,-51.647530,BRIDGE
-11.024669,-55.220953,-11.024678,-55.220821,BRIDGE
-11.019872,-55.884502,-11.019979,-55.884439,BRIDGE
-11.018629,-54.541149,-11.018532,-54.541050,BRIDGE
-11.017581,-54.538712,-11.017650,-54.538667,BRIDGE
-11.016599,-54.818843,-11.016643,-54.818773,BRIDGE
-11.010886,-54.837967,-11.010686,-54.837860,BRIDGE
-11.009286,-54.844162,-11.009404,-54.844010,BRIDGE
-11.006829,-54.012273,-11.006971,-54.012434,BRIDGE
-11.006026,-53.851812,-11.005891,-53.852194,BRIDGE
-11.003232,-54.803605,-11.003274,-54.803772,BRIDGE
-11.002487,-59.188672,-11.002609,-59.188661,BRIDGE
-11.001489,-58.984520,-11.001579,-58.984386,BRIDGE
-11.001141,-55.244872,-11.001212,-55.245580,BRIDGE
-11.000854,-55.242188,-11.000770,-55.242180,BRIDGE
-11.000847,-54.451884,-11.000732,-54.451796,BRIDGE
-11.000054,-51.351085,-10.999459,-51.351315,BRIDGE
-10.998068,-58.645916,-10.998194,-58.645792,BRIDGE
-10.996887,-55.228100,-10.996745,-55.228097,BRIDGE
-10.995249,-58.986027,-10.995352,-58.985990,BRIDGE
-10.994469,-58.716580,-10.994733,-58.716934,BRIDGE
-10.994040,-54.424254,-10.993983,-54.424194,BRIDGE
-10.993808,-59.015267,-10.993889,-59.015269,BRIDGE
-10.992551,-58.649573,-10.993165,-58.649300,BRIDGE
-10.985742,-61.518599,-10.985676,-61.518650,BRIDGE
-10.983714,-58.977676,-10.983682,-58.977562,BRIDGE
-10.977462,-54.591732,-10.977538,-54.591690,BRIDGE
-10.975131,-60.818830,-10.974878,-60.818273,BRIDGE
-10.972252,-54.333800,-10.972313,-54.333737,BRIDGE
-10.972033,-61.478172,-10.971917,-61.478081,BRIDGE
-10.968031,-54.894288,-10.968205,-54.894052,BRIDGE
-10.967791,-56.604578,-10.967594,-56.604560,BRIDGE
-10.966674,-54.580513,-10.966717,-54.580456,BRIDGE
-10.965866,-57.087823,-10.967479,-57.087587,BRIDGE
-10.965725,-54.585438,-10.965669,-54.585378,BRIDGE
-10.963467,-54.396054,-10.963388,-54.396019,BRIDGE
-10.962165,-51.947250,-10.962198,-51.947326,BRIDGE
-10.957761,-57.076376,-10.957793,-57.076411,BRIDGE
-10.956122,-57.053245,-10.956201,-57.053417,BRIDGE
-10.954056,-60.441921,-10.954159,-60.442220,BRIDGE
-10.950038,-61.511920,-10.950059,-61.512035,BRIDGE
-10.944771,-54.395061,-10.944831,-54.394985,BRIDGE
-10.944377,-54.291512,-10.944306,-54.291472,BRIDGE
-10.944227,-51.923980,-10.944193,-51.924055,BRIDGE
-10.942623,-54.368452,-10.942523,-54.368338,BRIDGE
-10.934803,-58.416672,-10.934690,-58.416613,BRIDGE
-10.933447,-58.759898,-10.933562,-58.759839,BRIDGE
-10.933215,-54.569234,-10.933257,-54.569316,BRIDGE
-10.929023,-57.746083,-10.928974,-57.746074,BRIDGE
-10.926711,-55.189588,-10.926725,-55.189675,BRIDGE
-10.925013,-50.848424,-10.924405,-50.848200,BRIDGE
-10.922707,-57.749841,-10.922677,-57.749898,BRIDGE
-10.922399,-58.879488,-10.922228,-58.879461,BRIDGE
-10.921004,-52.686938,-10.921215,-52.686894,BRIDGE
-10.916024,-54.990106,-10.916091,-54.990007,BRIDGE
-10.915944,-52.004390,-10.915757,-52.004436,BRIDGE
-10.915723,-58.925219,-10.915725,-58.924975,BRIDGE
-10.914774,-58.917059,-10.914705,-58.916955,BRIDGE
-10.907663,-58.696499,-10.907563,-58.696470,BRIDGE
-10.905428,-57.769839,-10.905357,-57.769863,BRIDGE
-10.901606,-55.304292,-10.901745,-55.304345,BRIDGE
-10.900291,-58.809275,-10.900391,-58.809358,BRIDGE
-10.899857,-55.290718,-10.899862,-55.290838,BRIDGE
-10.899125,-57.776481,-10.899086,-57.776511,BRIDGE
-10.898456,-51.978744,-10.898564,-51.978663,BRIDGE
-10.897129,-55.194370,-10.897252,-55.194194,BRIDGE
-10.895778,-54.190747,-10.895562,-54.190549,BRIDGE
-10.893712,-52.009798,-10.893588,-52.009857,BRIDGE
-10.892708,-58.690504,-10.892701,-58.690373,BRIDGE
-10.892677,-56.626796,-10.892308,-56.626955,BRIDGE
-10.890571,-51.933752,-10.890619,-51.933296,BRIDGE
-10.888622,-57.785379,-10.888544,-57.785417,BRIDGE
-10.888011,-55.033874,-10.888181,-55.033624,BRIDGE
-10.887088,-54.042930,-10.887022,-54.042710,BRIDGE
-10.883315,-58.663660,-10.883290,-58.663557,BRIDGE
-10.878848,-55.204301,-10.878969,-55.204451,BRIDGE
-10.878024,-55.476664,-10.878088,-55.476586,BRIDGE
-10.876350,-55.204787,-10.876293,-55.204831,BRIDGE
-10.873685,-56.731670,-10.873768,-56.731837,BRIDGE
-10.873038,-54.959629,-10.873052,-54.959453,BRIDGE
-10.872124,-54.574033,-10.872014,-54.573935,BRIDGE
-10.872062,-51.631990,-10.873057,-51.632475,BRIDGE
-10.867796,-61.486418,-10.867783,-61.486530,BRIDGE
-10.867783,-61.488162,-10.867765,-61.488276,BRIDGE
-10.863769,-58.469005,-10.863931,-58.468387,BRIDGE
-10.862670,-55.073299,-10.862863,-55.073009,BRIDGE
-10.861089,-56.625895,-10.860949,-56.626007,BRIDGE
-10.859240,-56.791106,-10.859132,-56.791271,BRIDGE
-10.859162,-56.697683,-10.859177,-56.697883,BRIDGE
-10.858806,-55.127667,-10.858712,-55.127593,BRIDGE
-10.857843,-56.672155,-10.858003,-56.672306,BRIDGE
-10.855911,-52.455590,-10.855812,-52.455591,BRIDGE
-10.855786,-61.475205,-10.855641,-61.475223,BRIDGE
-10.854571,-55.450165,-10.854490,-55.450190,BRIDGE
-10.854253,-56.696778,-10.854311,-56.696863,BRIDGE
-10.845429,-55.451828,-10.845531,-55.451824,BRIDGE
-10.843886,-58.649037,-10.843738,-58.649048,BRIDGE
-10.843219,-61.468374,-10.843265,-61.468637,BRIDGE
-10.839420,-51.713231,-10.839156,-51.713356,BRIDGE
-10.839383,-52.454461,-10.839282,-52.454457,BRIDGE
-10.837303,-52.197409,-10.837048,-52.196941,BRIDGE
-10.834510,-55.475490,-10.834562,-55.475618,BRIDGE
-10.833699,-55.115246,-10.833785,-55.115037,BRIDGE
-10.831600,-55.222872,-10.831580,-55.222978,BRIDGE
-10.828551,-51.979707,-10.828654,-51.979686,BRIDGE
-10.828122,-55.715152,-10.828064,-55.715111,BRIDGE
-10.827951,-55.157019,-10.828092,-55.156793,BRIDGE
-10.826794,-56.354005,-10.826699,-56.354370,BRIDGE
-10.826005,-55.282297,-10.826053,-55.282164,BRIDGE
-10.825102,-57.727516,-10.823191,-57.727283,BRIDGE
-10.825050,-51.932608,-10.824805,-51.932861,BRIDGE
-10.824703,-55.477195,-10.824806,-55.477187,BRIDGE
-10.823583,-57.726388,-10.824879,-57.726833,BRIDGE
-10.823507,-51.934178,-10.823424,-51.934267,BRIDGE
-10.823153,-55.114118,-10.823168,-55.114235,BRIDGE
-10.820254,-58.419186,-10.820048,-58.419132,BRIDGE
-10.819646,-58.641019,-10.819433,-58.640989,BRIDGE
-10.815589,-57.647639,-10.815649,-57.647584,BRIDGE
-10.814562,-55.899828,-10.814659,-55.899722,BRIDGE
-10.814143,-56.826322,-10.814092,-56.826127,BRIDGE
-10.812479,-54.538292,-10.812616,-54.538285,BRIDGE
-10.810315,-57.664906,-10.810337,-57.664823,BRIDGE
-10.809765,-55.336768,-10.809848,-55.337132,BRIDGE
-10.803372,-56.784422,-10.803393,-56.784267,BRIDGE
-10.801249,-55.451050,-10.801207,-55.450977,BRIDGE
-10.801086,-55.451014,-10.801130,-55.451093,BRIDGE
-10.800258,-51.975173,-10.800354,-51.975015,BRIDGE
-10.798886,-52.452435,-10.798757,-52.452438,BRIDGE
-10.797698,-55.484887,-10.797719,-55.485021,BRIDGE
-10.797349,-51.652195,-10.797382,-51.651705,BRIDGE
-10.796570,-59.194325,-10.797128,-59.194532,BRIDGE
-10.796084,-57.059480,-10.796076,-57.059398,BRIDGE
-10.795756,-54.169885,-10.795686,-54.169839,BRIDGE
-10.795194,-57.040621,-10.795155,-57.039785,BRIDGE
-10.794182,-55.449617,-10.794219,-55.449675,BRIDGE
-10.792770,-56.747220,-10.792660,-56.746852,BRIDGE
-10.790577,-56.948281,-10.790657,-56.948074,BRIDGE
-10.789097,-56.892834,-10.788967,-56.892188,BRIDGE
-10.786399,-51.980954,-10.786414,-51.980860,BRIDGE
-10.786320,-58.473385,-10.786610,-58.473315,BRIDGE
-10.786196,-51.981433,-10.786237,-51.981332,BRIDGE
-10.785224,-56.719392,-10.785152,-56.719130,BRIDGE
-10.784529,-57.760596,-10.784680,-57.760514,BRIDGE
-10.783188,-58.656547,-10.783082,-58.656585,BRIDGE
-10.780093,-55.255618,-10.780076,-55.255528,BRIDGE
-10.779758,-55.139733,-10.779891,-55.139532,BRIDGE
-10.778957,-51.988598,-10.779032,-51.988631,BRIDGE
-10.778795,-51.990901,-10.778875,-51.990887,BRIDGE
-10.778540,-53.089998,-10.778787,-53.087874,BRIDGE
-10.777031,-55.753071,-10.777055,-55.752976,BRIDGE
-10.776548,-55.786589,-10.776563,-55.786485,BRIDGE
-10.776395,-56.686052,-10.776403,-56.685994,BRIDGE
-10.771475,-52.452655,-10.771359,-52.452672,BRIDGE
-10.761714,-56.629369,-10.761756,-56.629539,BRIDGE
-10.760759,-57.157021,-10.760809,-57.156939,BRIDGE
-10.757428,-54.091603,-10.757368,-54.091544,BRIDGE
-10.750470,-51.856554,-10.750760,-51.856234,BRIDGE
-10.746370,-53.956409,-10.746191,-53.956372,BRIDGE
-10.740936,-54.507823,-10.740979,-54.507968,BRIDGE
-10.738855,-51.634584,-10.738775,-51.634840,BRIDGE
-10.737894,-59.368876,-10.737548,-59.368997,BRIDGE
-10.734135,-55.140570,-10.733803,-55.140340,BRIDGE
-10.732375,-59.396330,-10.732217,-59.396325,BRIDGE
-10.728680,-51.865059,-10.728599,-51.865055,BRIDGE
-10.726975,-59.373700,-10.726994,-59.373534,BRIDGE
-10.717098,-58.833410,-10.717206,-58.833421,BRIDGE
-10.713490,-55.307351,-10.713572,-55.307342,BRIDGE
-10.709292,-55.504903,-10.709300,-55.505059,BRIDGE
-10.706787,-51.506391,-10.706696,-51.506188,BRIDGE
-10.705406,-56.316467,-10.705475,-56.316513,BRIDGE
-10.691717,-55.947377,-10.691068,-55.947697,BRIDGE
-10.691323,-58.636558,-10.691227,-58.636638,BRIDGE
-10.688665,-58.651610,-10.688680,-58.651716,BRIDGE
-10.686306,-56.353848,-10.686283,-56.353931,BRIDGE
-10.682350,-56.542223,-10.682808,-56.542395,BRIDGE
-10.681532,-55.973513,-10.681580,-55.973580,BRIDGE
-10.678661,-51.621498,-10.678664,-51.621713,BRIDGE
-10.671569,-56.228482,-10.671546,-56.228402,BRIDGE
-10.669904,-58.594779,-10.669749,-58.594754,BRIDGE
-10.668559,-55.430643,-10.668572,-55.430757,BRIDGE
-10.668528,-56.086427,-10.668517,-56.086340,BRIDGE
-10.663671,-56.345248,-10.663673,-56.345166,BRIDGE
-10.661307,-55.070613,-10.661451,-55.070539,BRIDGE
-10.659466,-58.795755,-10.659676,-58.795696,BRIDGE
-10.655567,-52.502400,-10.655474,-52.502449,BRIDGE
-10.654126,-61.441591,-10.653921,-61.441713,BRIDGE
-10.654087,-51.915534,-10.654003,-51.915560,BRIDGE
-10.651560,-55.009811,-10.651527,-55.009892,BRIDGE
-10.649823,-56.154904,-10.649785,-56.154832,BRIDGE
-10.649549,-51.965539,-10.649388,-51.965638,BRIDGE
-10.647254,-51.445203,-10.647399,-51.445048,BRIDGE
-10.646379,-54.989093,-10.646442,-54.989265,BRIDGE
-10.644414,-59.428774,-10.644408,-59.428679,BRIDGE
-10.643823,-54.988080,-10.643712,-54.988095,BRIDGE
-10.642692,-56.513585,-10.643067,-56.513532,BRIDGE
-10.642057,-58.609468,-10.641291,-58.609279,BRIDGE
-10.640814,-55.723100,-10.640823,-55.723284,BRIDGE
-10.639366,-56.321893,-10.639275,-56.321926,BRIDGE
-10.635964,-51.835746,-10.636005,-51.835773,BRIDGE
-10.635864,-59.384859,-10.635837,-59.384714,BRIDGE
-10.635230,-51.835354,-10.635269,-51.835374,BRIDGE
-10.634493,-52.228728,-10.634725,-52.228694,BRIDGE
-10.633190,-51.833800,-10.633265,-51.833859,BRIDGE
-10.633101,-57.022212,-10.633019,-57.022209,BRIDGE
-10.632390,-51.050738,-10.632417,-51.050830,BRIDGE
-10.631511,-54.987718,-10.631493,-54.987546,BRIDGE
-10.624149,-52.506566,-10.624126,-52.506461,BRIDGE
-10.624113,-51.960902,-10.624042,-51.960717,BRIDGE
-10.621692,-52.516037,-10.621571,-52.516085,BRIDGE
-10.621489,-58.805058,-10.621637,-58.805249,BRIDGE
-10.621203,-51.564004,-10.621021,-51.564015,BRIDGE
-10.618719,-59.428076,-10.618641,-59.428125,BRIDGE
-10.618529,-55.721013,-10.618343,-55.721111,BRIDGE
-10.618200,-56.045639,-10.618222,-56.045701,BRIDGE
-10.618172,-59.373374,-10.618291,-59.373374,BRIDGE
-10.617634,-55.411202,-10.617383,-55.410823,BRIDGE
-10.615182,-54.975715,-10.615105,-54.975858,BRIDGE
-10.609470,-55.111583,-10.609297,-55.111458,BRIDGE
-10.608823,-51.642656,-10.608897,-51.642033,BRIDGE
-10.607790,-59.377024,-10.607930,-59.376957,BRIDGE
-10.606493,-54.820935,-10.606675,-54.820967,BRIDGE
-10.605925,-55.629995,-10.606069,-55.629960,BRIDGE
-10.604604,-58.043942,-10.604947,-58.043615,BRIDGE
-10.604517,-55.823937,-10.605197,-55.827133,BRIDGE
-10.604201,-55.707305,-10.603897,-55.707333,BRIDGE
-10.604117,-55.110446,-10.604154,-55.110289,BRIDGE
-10.604098,-55.110242,-10.604046,-55.110424,BRIDGE
-10.603155,-58.817720,-10.603223,-58.817610,BRIDGE
-10.603024,-57.692562,-10.603137,-57.692571,BRIDGE
-10.602871,-55.282543,-10.603048,-55.282648,BRIDGE
-10.601354,-59.215514,-10.601696,-59.217049,BRIDGE
-10.601085,-51.865604,-10.601290,-51.865602,BRIDGE
-10.599254,-54.973329,-10.599141,-54.973283,BRIDGE
-10.597634,-55.640834,-10.597692,-55.641206,BRIDGE
-10.596519,-58.601343,-10.596442,-58.601353,BRIDGE
-10.595940,-51.539801,-10.595717,-51.540109,BRIDGE
-10.594827,-51.792088,-10.594865,-51.792120,BRIDGE
-10.593962,-59.253497,-10.593828,-59.253503,BRIDGE
-10.592994,-55.815605,-10.593034,-55.815508,BRIDGE
-10.591402,-59.434104,-10.591202,-59.434024,BRIDGE
-10.589388,-51.787445,-10.589442,-51.787489,BRIDGE
-10.584941,-56.007860,-10.585022,-56.007859,BRIDGE
-10.584544,-55.552562,-10.584627,-55.553016,BRIDGE
-10.583922,-55.548956,-10.583991,-55.549347,BRIDGE
-10.581007,-51.798104,-10.581095,-51.797742,BRIDGE
-10.580935,-59.389756,-10.580976,-59.389947,BRIDGE
-10.579379,-57.346948,-10.579358,-57.347066,BRIDGE
-10.578432,-55.397026,-10.578425,-55.396903,BRIDGE
-10.575404,-59.257900,-10.575284,-59.258005,BRIDGE
-10.574382,-60.498872,-10.574140,-60.498936,BRIDGE
-10.573896,-59.354524,-10.573979,-59.354940,BRIDGE
-10.572847,-51.637244,-10.572742,-51.637307,BRIDGE
-10.570227,-51.615367,-10.570324,-51.615325,BRIDGE
-10.568748,-58.030705,-10.568609,-58.030678,BRIDGE
-10.568295,-56.392116,-10.568272,-56.392195,BRIDGE
-10.567509,-55.888751,-10.567610,-55.888744,BRIDGE
-10.558217,-56.102858,-10.558213,-56.102999,BRIDGE
-10.558053,-56.062292,-10.558054,-56.062432,BRIDGE
-10.557569,-56.042176,-10.557530,-56.042254,BRIDGE
-10.555142,-54.953264,-10.555058,-54.953274,BRIDGE
-10.554623,-58.034310,-10.554515,-58.034332,BRIDGE
-10.554425,-52.181896,-10.553863,-52.181225,BRIDGE
-10.554406,-53.843069,-10.554332,-53.842838,BRIDGE
-10.553800,-57.644385,-10.553859,-57.644474,BRIDGE
-10.550811,-55.948073,-10.550679,-55.948068,BRIDGE
-10.548514,-54.953424,-10.548433,-54.953416,BRIDGE
-10.546765,-55.118291,-10.546624,-55.118276,BRIDGE
-10.545459,-56.931134,-10.545530,-56.931612,BRIDGE
-10.543047,-56.383224,-10.543180,-56.383234,BRIDGE
-10.542032,-55.285388,-10.541919,-55.285353,BRIDGE
-10.541810,-51.862019,-10.542005,-51.861839,BRIDGE
-10.541422,-55.285400,-10.541207,-55.285420,BRIDGE
-10.540846,-54.953285,-10.540765,-54.953275,BRIDGE
-10.539416,-53.761901,-10.539416,-53.761743,BRIDGE
-10.538255,-54.953775,-10.538213,-54.953753,BRIDGE
-10.538231,-51.877965,-10.538113,-51.877856,BRIDGE
-10.537377,-57.627070,-10.537407,-57.626976,BRIDGE
-10.533856,-57.731370,-10.533796,-57.731358,BRIDGE
-10.533384,-54.950370,-10.533401,-54.950289,BRIDGE
-10.532257,-51.710359,-10.532435,-51.710357,BRIDGE
-10.530520,-55.138024,-10.530658,-55.137760,BRIDGE
-10.529990,-55.621907,-10.529982,-55.622090,BRIDGE
-10.528981,-51.637205,-10.528899,-51.637201,BRIDGE
-10.526745,-55.602890,-10.526686,-55.602906,BRIDGE
-10.523824,-58.022337,-10.523776,-58.022211,BRIDGE
-10.521308,-54.915422,-10.521271,-54.915354,BRIDGE
-10.520899,-58.016530,-10.520862,-58.016430,BRIDGE
-10.519087,-51.635298,-10.519003,-51.635308,BRIDGE
-10.518077,-51.478744,-10.518083,-51.478911,BRIDGE
-10.517442,-55.950196,-10.517371,-55.950212,BRIDGE
-10.517245,-57.641042,-10.517412,-57.640829,BRIDGE
-10.516717,-51.629018,-10.516736,-51.628926,BRIDGE
-10.515439,-51.857211,-10.515403,-51.857258,BRIDGE
-10.513515,-56.429765,-10.513447,-56.429716,BRIDGE
-10.512899,-56.402939,-10.512895,-56.402856,BRIDGE
-10.506329,-56.383687,-10.506166,-56.383688,BRIDGE
-10.502428,-54.401405,-10.502692,-54.401400,BRIDGE
-10.499184,-55.708646,-10.499296,-55.708621,BRIDGE
-10.492360,-55.953407,-10.492254,-55.953352,BRIDGE
-10.491384,-55.952895,-10.491242,-55.952813,BRIDGE
-10.490827,-50.606376,-10.490839,-50.606307,BRIDGE
-10.490502,-61.133082,-10.490024,-61.132827,BRIDGE
-10.489027,-55.223004,-10.489000,-55.222927,BRIDGE
-10.486942,-57.734284,-10.486878,-57.734304,BRIDGE
-10.486436,-53.530437,-10.485601,-53.530561,BRIDGE
-10.484732,-54.071965,-10.484730,-54.072048,BRIDGE
-10.482492,-55.034969,-10.482501,-55.034906,BRIDGE
-10.479503,-54.800991,-10.479481,-54.800538,BRIDGE
-10.478817,-54.807615,-10.478989,-54.807289,BRIDGE
-10.478325,-61.430646,-10.478400,-61.430611,BRIDGE
-10.477710,-54.817138,-10.477714,-54.817056,BRIDGE
-10.477200,-56.353391,-10.477199,-56.353309,BRIDGE
-10.474793,-54.469573,-10.474859,-54.469624,BRIDGE
-10.470097,-54.992035,-10.470087,-54.991842,BRIDGE
-10.464590,-55.751490,-10.464612,-55.751369,BRIDGE
-10.463872,-55.247867,-10.463804,-55.247890,BRIDGE
-10.462580,-58.928859,-10.462771,-58.928831,BRIDGE
-10.461679,-57.639089,-10.461426,-57.639030,BRIDGE
-10.457412,-54.663458,-10.457095,-54.662825,BRIDGE
-10.450622,-54.823025,-10.450688,-54.822970,BRIDGE
-10.450387,-56.478213,-10.450719,-56.478417,BRIDGE
-10.446988,-56.015422,-10.446757,-56.015485,BRIDGE
-10.446958,-55.340290,-10.446864,-55.340396,BRIDGE
-10.445249,-54.996793,-10.445166,-54.996801,BRIDGE
-10.442237,-56.352658,-10.442332,-56.352634,BRIDGE
-10.442217,-59.372338,-10.442799,-59.372067,BRIDGE
-10.441854,-59.640363,-10.441799,-59.640303,BRIDGE
-10.440206,-56.094270,-10.440149,-56.094235,BRIDGE
-10.439491,-56.201607,-10.439475,-56.201806,BRIDGE
-10.436286,-57.268228,-10.435861,-57.268032,BRIDGE
-10.435938,-55.976853,-10.435859,-55.976877,BRIDGE
-10.435881,-54.179598,-10.436046,-54.179435,BRIDGE
-10.435162,-56.055972,-10.435156,-56.056081,BRIDGE
-10.431772,-55.063122,-10.431779,-55.063024,BRIDGE
-10.429863,-56.549796,-10.429841,-56.549713,BRIDGE
-10.429369,-57.635146,-10.429222,-57.635302,BRIDGE
-10.428785,-50.555046,-10.428991,-50.554785,BRIDGE
-10.427823,-51.919157,-10.427679,-51.919151,BRIDGE
-10.427681,-54.813326,-10.427678,-54.813237,BRIDGE
-10.426787,-56.371328,-10.426786,-56.371210,BRIDGE
-10.426209,-54.067273,-10.426284,-54.067310,BRIDGE
-10.425398,-56.373326,-10.425516,-56.373259,BRIDGE
-10.422968,-56.375414,-10.422915,-56.375351,BRIDGE
-10.422830,-56.097318,-10.422736,-56.097331,BRIDGE
-10.422788,-56.057855,-10.422685,-56.057884,BRIDGE
-10.420711,-58.759365,-10.420763,-58.759472,BRIDGE
-10.420645,-56.391260,-10.420653,-56.391178,BRIDGE
-10.419221,-56.211658,-10.419237,-56.211807,BRIDGE
-10.419169,-56.223612,-10.419163,-56.223795,BRIDGE
-10.419136,-56.559009,-10.419472,-56.558944,BRIDGE
-10.418757,-56.227298,-10.418721,-56.227446,BRIDGE
-10.418593,-56.459019,-10.418691,-56.459080,BRIDGE
-10.416600,-59.707655,-10.416599,-59.707573,BRIDGE
-10.416294,-54.441205,-10.416571,-54.441161,BRIDGE
-10.415931,-58.992503,-10.415746,-58.992249,BRIDGE
-10.413489,-54.896809,-10.413516,-54.896654,BRIDGE
-10.413384,-58.876720,-10.413439,-58.876534,BRIDGE
-10.413155,-56.235922,-10.412992,-56.236066,BRIDGE
-10.413022,-58.776021,-10.413091,-58.776120,BRIDGE
-10.412301,-54.902682,-10.412340,-54.902513,BRIDGE
-10.410362,-56.242791,-10.410371,-56.242911,BRIDGE
-10.409335,-54.918272,-10.409369,-54.918109,BRIDGE
-10.404110,-54.945812,-10.404051,-54.946053,BRIDGE
-10.403505,-55.221031,-10.403449,-55.221092,BRIDGE
-10.401962,-56.581145,-10.402078,-56.581586,BRIDGE
-10.401658,-61.427714,-10.401643,-61.427597,BRIDGE
-10.400524,-56.352990,-10.400516,-56.352900,BRIDGE
-10.400487,-56.421601,-10.400593,-56.421697,BRIDGE
-10.399514,-56.024931,-10.399629,-56.024882,BRIDGE
-10.398006,-56.388443,-10.398085,-56.388350,BRIDGE
-10.394774,-56.246148,-10.394765,-56.245980,BRIDGE
-10.394116,-55.036659,-10.394031,-55.037114,BRIDGE
-10.392265,-58.442324,-10.392276,-58.442487,BRIDGE
-10.391616,-56.234674,-10.391442,-56.234660,BRIDGE
-10.391585,-56.389683,-10.391260,-56.389330,BRIDGE
-10.391290,-58.560523,-10.391256,-58.560429,BRIDGE
-10.390525,-54.521306,-10.390470,-54.522498,BRIDGE
-10.389698,-56.064284,-10.389723,-56.064207,BRIDGE
-10.389639,-56.413444,-10.389635,-56.413354,BRIDGE
-10.389415,-54.985399,-10.389494,-54.985432,BRIDGE
-10.387022,-55.605605,-10.387079,-55.605582,BRIDGE
-10.386284,-58.984139,-10.386165,-58.984249,BRIDGE
-10.385447,-56.770463,-10.385526,-56.770482,BRIDGE
-10.384506,-56.781557,-10.384269,-56.781471,BRIDGE
-10.383458,-58.550189,-10.383433,-58.550152,BRIDGE
-10.383241,-56.319903,-10.383325,-56.319871,BRIDGE
-10.382912,-56.346664,-10.382797,-56.346692,BRIDGE
-10.381770,-53.694649,-10.382340,-53.694820,BRIDGE
-10.381256,-56.497882,-10.381237,-56.497748,BRIDGE
-10.380987,-51.984797,-10.381013,-51.984928,BRIDGE
-10.380273,-56.748859,-10.380270,-56.748941,BRIDGE
-10.378748,-56.312076,-10.378732,-56.311997,BRIDGE
-10.378309,-56.419880,-10.378611,-56.419829,BRIDGE
-10.377245,-56.279295,-10.377247,-56.279064,BRIDGE
-10.376642,-56.748372,-10.377075,-56.748315,BRIDGE
-10.375086,-56.097697,-10.374984,-56.097690,BRIDGE
-10.373731,-51.462382,-10.373853,-51.462398,BRIDGE
-10.373003,-56.233603,-10.373098,-56.233610,BRIDGE
-10.372288,-56.163253,-10.372283,-56.163335,BRIDGE
-10.371987,-58.421154,-10.371993,-58.420983,BRIDGE
-10.371369,-58.797583,-10.371402,-58.797277,BRIDGE
-10.371268,-50.928501,-10.371245,-50.929035,BRIDGE
-10.369048,-54.453188,-10.368905,-54.453091,BRIDGE
-10.368986,-51.471634,-10.369098,-51.471637,BRIDGE
-10.367795,-56.437087,-10.367923,-56.436613,BRIDGE
-10.367708,-58.031174,-10.367650,-58.031279,BRIDGE
-10.367375,-54.566265,-10.367238,-54.566077,BRIDGE
-10.367030,-58.418579,-10.367172,-58.418582,BRIDGE
-10.366361,-58.762404,-10.366324,-58.762265,BRIDGE
-10.365611,-56.362053,-10.365528,-56.362078,BRIDGE
-10.365597,-51.049143,-10.365006,-51.049492,BRIDGE
-10.365437,-60.605933,-10.365416,-60.604109,BRIDGE
-10.365092,-59.360063,-10.364969,-59.360068,BRIDGE
-10.364645,-58.704128,-10.364601,-58.703673,BRIDGE
-10.364637,-56.107084,-10.364596,-56.107211,BRIDGE
-10.364077,-59.554642,-10.364204,-59.554726,BRIDGE
-10.363922,-57.760467,-10.363661,-57.760647,BRIDGE
-10.363917,-55.039899,-10.363948,-55.039762,BRIDGE
-10.363681,-55.039720,-10.363647,-55.039857,BRIDGE
-10.363368,-58.544244,-10.363370,-58.543848,BRIDGE
-10.363030,-58.633986,-10.363036,-58.633830,BRIDGE
-10.362994,-58.611346,-10.362992,-58.611208,BRIDGE
-10.362926,-58.836577,-10.363003,-58.836440,BRIDGE
-10.362642,-58.651180,-10.362600,-58.650952,BRIDGE
-10.361598,-56.960927,-10.362106,-56.961572,BRIDGE
-10.360966,-58.373344,-10.360969,-58.373564,BRIDGE
-10.360734,-58.407062,-10.360735,-58.407169,BRIDGE
-10.360568,-58.462372,-10.360558,-58.463498,BRIDGE
-10.360356,-51.516036,-10.360356,-51.516116,BRIDGE
-10.360048,-58.842967,-10.360152,-58.842680,BRIDGE
-10.360047,-56.979099,-10.360094,-56.980128,BRIDGE
-10.359560,-57.636976,-10.359518,-57.636552,BRIDGE
-10.359497,-55.453242,-10.359410,-55.453041,BRIDGE
-10.359000,-58.845783,-10.359049,-58.845655,BRIDGE
-10.358842,-55.451394,-10.358761,-55.451183,BRIDGE
-10.355325,-56.193657,-10.355407,-56.193659,BRIDGE
-10.354924,-54.978346,-10.355099,-54.978291,BRIDGE
-10.351890,-52.399963,-10.349637,-52.400434,BRIDGE
-10.351445,-55.056622,-10.351449,-55.056468,BRIDGE
-10.351170,-55.075257,-10.351186,-55.075096,BRIDGE
-10.348334,-56.181662,-10.348420,-56.181698,BRIDGE
-10.348128,-54.913610,-10.347935,-54.913570,BRIDGE
-10.345497,-57.665218,-10.345189,-57.665347,BRIDGE
-10.344489,-56.582672,-10.344411,-56.582645,BRIDGE
-10.342565,-54.912525,-10.342469,-54.912506,BRIDGE
-10.342415,-56.378864,-10.342362,-56.378666,BRIDGE
-10.342385,-56.352560,-10.342348,-56.352605,BRIDGE
-10.339441,-58.909503,-10.339411,-58.909422,BRIDGE
-10.338148,-59.553548,-10.338061,-59.553704,BRIDGE
-10.336951,-58.923336,-10.336992,-58.923203,BRIDGE
-10.335270,-54.298904,-10.335308,-54.298828,BRIDGE
-10.333719,-51.512788,-10.333404,-51.512711,BRIDGE
-10.331763,-56.577568,-10.331682,-56.577577,BRIDGE
-10.331301,-54.695908,-10.331246,-54.696004,BRIDGE
-10.330696,-55.949145,-10.330698,-55.949228,BRIDGE
-10.330406,-58.083620,-10.330496,-58.083687,BRIDGE
-10.329902,-59.566214,-10.329768,-59.566219,BRIDGE
-10.329433,-54.395872,-10.328957,-54.395806,BRIDGE
-10.329142,-54.059866,-10.329034,-54.059893,BRIDGE
-10.328969,-58.947735,-10.329014,-58.947598,BRIDGE
-10.327264,-54.044918,-10.327369,-54.044800,BRIDGE
-10.327074,-58.071542,-10.327058,-58.071703,BRIDGE
-10.325698,-56.160467,-10.325688,-56.160562,BRIDGE
-10.325021,-56.340093,-10.325013,-56.339967,BRIDGE
-10.323775,-54.681691,-10.323685,-54.681846,BRIDGE
-10.322967,-55.569801,-10.323029,-55.569788,BRIDGE
-10.322964,-58.513866,-10.322804,-58.513961,BRIDGE
-10.321219,-55.499676,-10.321328,-55.499674,BRIDGE
-10.320614,-56.158838,-10.320512,-56.158844,BRIDGE
-10.320142,-54.969151,-10.320192,-54.969277,BRIDGE
-10.319907,-58.006610,-10.319975,-58.006509,BRIDGE
-10.319801,-55.003465,-10.319716,-55.003451,BRIDGE
-10.319461,-58.006321,-10.319440,-58.006241,BRIDGE
-10.316729,-58.049422,-10.316629,-58.049328,BRIDGE
-10.316265,-51.238934,-10.316137,-51.239100,BRIDGE
-10.315578,-56.159091,-10.315464,-56.159093,BRIDGE
-10.314894,-58.955708,-10.314962,-58.955490,BRIDGE
-10.312675,-56.330445,-10.312583,-56.330448,BRIDGE
-10.311091,-54.567980,-10.311023,-54.567894,BRIDGE
-10.310558,-58.933018,-10.310293,-58.932968,BRIDGE
-10.308140,-54.864888,-10.308111,-54.865089,BRIDGE
-10.308055,-54.905512,-10.307920,-54.905482,BRIDGE
-10.306981,-57.624637,-10.306580,-57.624938,BRIDGE
-10.305934,-59.519259,-10.306214,-59.519425,BRIDGE
-10.304236,-54.887486,-10.304197,-54.887675,BRIDGE
-10.303963,-52.698358,-10.304018,-52.698490,BRIDGE
-10.303590,-52.696237,-10.303604,-52.696305,BRIDGE
-10.302604,-55.572487,-10.302664,-55.572449,BRIDGE
-10.300727,-54.352283,-10.300484,-54.352487,BRIDGE
-10.299072,-50.645960,-10.298448,-50.645560,BRIDGE
-10.298842,-58.490109,-10.298457,-58.490118,BRIDGE
-10.297757,-56.439398,-10.297801,-56.439429,BRIDGE
-10.296262,-56.160767,-10.296321,-56.160763,BRIDGE
-10.296031,-58.866725,-10.295897,-58.866721,BRIDGE
-10.295534,-56.523945,-10.295514,-56.523709,BRIDGE
-10.294842,-56.968694,-10.294864,-56.967573,BRIDGE
-10.294722,-55.914135,-10.294803,-55.914062,BRIDGE
-10.294061,-55.389011,-10.293375,-55.388668,BRIDGE
-10.292234,-50.875024,-10.292022,-50.875201,BRIDGE
-10.291006,-56.476787,-10.290963,-56.476453,BRIDGE
-10.290839,-55.911208,-10.290909,-55.911252,BRIDGE
-10.289720,-55.067224,-10.289696,-55.067060,BRIDGE
-10.286590,-56.336083,-10.286614,-56.336246,BRIDGE
-10.283590,-52.520375,-10.283252,-52.520292,BRIDGE
-10.282420,-56.374366,-10.282457,-56.374453,BRIDGE
-10.282279,-55.306303,-10.282325,-55.306234,BRIDGE
-10.282003,-55.102807,-10.281993,-55.102748,BRIDGE
-10.280489,-51.680474,-10.280232,-51.680389,BRIDGE
-10.277375,-56.309525,-10.277401,-56.309754,BRIDGE
-10.277178,-54.978804,-10.277041,-54.978983,BRIDGE
-10.270262,-59.167620,-10.270297,-59.167536,BRIDGE
-10.269506,-58.490670,-10.269308,-58.490675,BRIDGE
-10.268379,-59.507755,-10.268498,-59.507714,BRIDGE
-10.267359,-55.166182,-10.267355,-55.166034,BRIDGE
-10.267023,-56.518183,-10.266865,-56.518191,BRIDGE
-10.265396,-55.331811,-10.265446,-55.331735,BRIDGE
-10.265368,-56.198593,-10.265131,-56.198614,BRIDGE
-10.265220,-56.164253,-10.265224,-56.164359,BRIDGE
-10.265009,-55.082386,-10.264999,-55.082628,BRIDGE
-10.263319,-55.332565,-10.263245,-55.332523,BRIDGE
-10.262674,-56.130897,-10.262684,-56.131098,BRIDGE
-10.261799,-56.122724,-10.261818,-56.122949,BRIDGE
-10.260339,-59.120830,-10.260388,-59.120521,BRIDGE
-10.260155,-54.244435,-10.260171,-54.244314,BRIDGE
-10.259857,-55.125578,-10.259812,-55.125465,BRIDGE
-10.257893,-56.075748,-10.257900,-56.075814,BRIDGE
-10.257073,-59.306205,-10.257161,-59.306175,BRIDGE
-10.256293,-59.387718,-10.256533,-59.387761,BRIDGE
-10.255764,-56.160600,-10.255644,-56.160562,BRIDGE
-10.254769,-59.515246,-10.254969,-59.515160,BRIDGE
-10.253372,-54.965710,-10.253460,-54.965491,BRIDGE
-10.253262,-56.525034,-10.253069,-56.525050,BRIDGE
-10.251884,-54.208394,-10.251686,-54.208438,BRIDGE
-10.251704,-57.647438,-10.251601,-57.647463,BRIDGE
-10.249483,-50.956003,-10.249481,-50.955791,BRIDGE
-10.249456,-57.975717,-10.249429,-57.975610,BRIDGE
-10.249437,-56.158698,-10.249237,-56.158639,BRIDGE
-10.245534,-55.115394,-10.245401,-55.115283,BRIDGE
-10.242944,-55.031346,-10.242923,-55.031107,BRIDGE
-10.242580,-55.060961,-10.242588,-55.060754,BRIDGE
-10.242526,-55.069239,-10.242527,-55.069152,BRIDGE
-10.242231,-55.057029,-10.242303,-55.056920,BRIDGE
-10.241552,-55.807714,-10.238757,-55.808042,BRIDGE
-10.238665,-56.017950,-10.238667,-56.018083,BRIDGE
-10.238568,-55.999541,-10.238571,-55.999715,BRIDGE
-10.237597,-57.626638,-10.237544,-57.626746,BRIDGE
-10.237523,-55.869287,-10.237511,-55.869079,BRIDGE
-10.236471,-58.726653,-10.236459,-58.726509,BRIDGE
-10.235934,-56.621357,-10.235802,-56.621373,BRIDGE
-10.234659,-52.848382,-10.234301,-52.848309,BRIDGE
-10.234310,-58.754688,-10.234277,-58.754522,BRIDGE
-10.233618,-51.829304,-10.234032,-51.829227,BRIDGE
-10.232878,-55.029527,-10.232819,-55.029285,BRIDGE
-10.231481,-56.872430,-10.231220,-56.872159,BRIDGE
-10.231043,-54.899396,-10.230293,-54.900185,BRIDGE
-10.230232,-59.402394,-10.230386,-59.402275,BRIDGE
-10.228765,-55.465724,-10.228214,-55.466038,BRIDGE
-10.228414,-56.748188,-10.228333,-56.748117,BRIDGE
-10.228118,-53.993784,-10.228070,-53.993747,BRIDGE
-10.227545,-58.621851,-10.227416,-58.621859,BRIDGE
-10.227396,-55.825987,-10.227454,-55.826102,BRIDGE
-10.227308,-58.627998,-10.227202,-58.628116,BRIDGE
-10.221310,-56.556904,-10.221339,-56.557124,BRIDGE
-10.220295,-55.306195,-10.220206,-55.306130,BRIDGE
-10.220230,-59.098465,-10.220541,-59.098486,BRIDGE
-10.219992,-54.970093,-10.218419,-54.969009,BRIDGE
-10.219901,-58.648321,-10.220012,-58.648281,BRIDGE
-10.219639,-60.939642,-10.219811,-60.940318,BRIDGE
-10.214495,-56.637681,-10.214510,-56.637815,BRIDGE
-10.214423,-54.275454,-10.214445,-54.275363,BRIDGE
-10.214085,-52.535401,-10.213951,-52.535483,BRIDGE
-10.212578,-54.281331,-10.212607,-54.281201,BRIDGE
-10.206041,-55.039697,-10.205878,-55.039678,BRIDGE
-10.205260,-60.856643,-10.204500,-60.858167,BRIDGE
-10.205141,-55.854281,-10.205525,-55.854278,BRIDGE
-10.205011,-54.925682,-10.204827,-54.925868,BRIDGE
-10.204845,-59.423596,-10.204888,-59.423562,BRIDGE
-10.204722,-54.265568,-10.204591,-54.265718,BRIDGE
-10.204205,-59.437480,-10.204078,-59.437348,BRIDGE
-10.203812,-59.427039,-10.203880,-59.427114,BRIDGE
-10.202980,-54.280653,-10.202961,-54.280788,BRIDGE
-10.201456,-58.861154,-10.201381,-58.861187,BRIDGE
-10.201248,-54.917639,-10.201169,-54.917593,BRIDGE
-10.200624,-56.830222,-10.200594,-56.830145,BRIDGE
-10.200038,-56.222524,-10.200028,-56.222439,BRIDGE
-10.199725,-58.177650,-10.199716,-58.177527,BRIDGE
-10.199705,-58.177328,-10.199691,-58.177197,BRIDGE
-10.199649,-58.176946,-10.199624,-58.176825,BRIDGE
-10.199149,-54.136762,-10.199162,-54.136843,BRIDGE
-10.198826,-56.212195,-10.198817,-56.212113,BRIDGE
-10.198384,-54.303526,-10.198137,-54.303524,BRIDGE
-10.197912,-51.110826,-10.198284,-51.111317,BRIDGE
-10.196701,-56.193774,-10.196690,-56.193675,BRIDGE
-10.195861,-59.450136,-10.195752,-59.450018,BRIDGE
-10.195792,-58.037863,-10.195855,-58.037951,BRIDGE
-10.194514,-55.290002,-10.194172,-55.289891,BRIDGE
-10.193721,-56.168885,-10.193709,-56.168788,BRIDGE
-10.192425,-56.158246,-10.192415,-56.158163,BRIDGE
-10.190678,-58.622201,-10.190591,-58.622211,BRIDGE
-10.190296,-58.512416,-10.190081,-58.512597,BRIDGE
-10.187558,-59.453392,-10.187466,-59.453314,BRIDGE
-10.183931,-56.085580,-10.183920,-56.085492,BRIDGE
-10.182911,-59.472164,-10.183272,-59.470109,BRIDGE
-10.182223,-56.071113,-10.182214,-56.071032,BRIDGE
-10.181650,-56.297384,-10.181638,-56.297286,BRIDGE
-10.179852,-54.749111,-10.179805,-54.749043,BRIDGE
-10.179605,-56.981449,-10.179379,-56.981458,BRIDGE
-10.179603,-50.956320,-10.179625,-50.956407,BRIDGE
-10.179457,-56.047657,-10.179441,-56.047523,BRIDGE
-10.178851,-59.455555,-10.178835,-59.455407,BRIDGE
-10.178512,-56.203745,-10.178427,-56.203755,BRIDGE
-10.177052,-58.512046,-10.176831,-58.512046,BRIDGE
-10.175813,-56.249960,-10.175799,-56.249843,BRIDGE
-10.175434,-59.460910,-10.175578,-59.460985,BRIDGE
-10.174222,-60.563279,-10.174632,-60.563089,BRIDGE
-10.173207,-56.226826,-10.173196,-56.226705,BRIDGE
-10.172306,-56.358015,-10.172360,-56.358078,BRIDGE
-10.169180,-59.435850,-10.169061,-59.435704,BRIDGE
-10.168627,-54.293439,-10.168544,-54.293385,BRIDGE
-10.168552,-56.325777,-10.168658,-56.325762,BRIDGE
-10.168332,-54.265946,-10.168328,-54.265862,BRIDGE
-10.167407,-59.451740,-10.166841,-59.452172,BRIDGE
-10.167368,-54.234409,-10.167379,-54.234327,BRIDGE
-10.165461,-56.254777,-10.165577,-56.254762,BRIDGE
-10.165414,-59.461118,-10.165272,-59.461219,BRIDGE
-10.165202,-56.540721,-10.165203,-56.540639,BRIDGE
-10.165012,-59.439157,-10.165072,-59.439181,BRIDGE
-10.164760,-56.152876,-10.164728,-56.152593,BRIDGE
-10.164599,-55.749567,-10.164595,-55.749385,BRIDGE
-10.162859,-59.440509,-10.162780,-59.440478,BRIDGE
-10.162800,-54.946964,-10.162856,-54.946921,BRIDGE
-10.160318,-56.115257,-10.160335,-56.115415,BRIDGE
-10.159564,-52.321778,-10.159545,-52.321674,BRIDGE
-10.158292,-56.327072,-10.158419,-56.327053,BRIDGE
-10.155986,-52.001193,-10.156263,-52.001131,BRIDGE
-10.152722,-54.215257,-10.152640,-54.215271,BRIDGE
-10.152354,-56.128974,-10.152254,-56.128947,BRIDGE
-10.151251,-56.204035,-10.151169,-56.204046,BRIDGE
-10.150952,-56.039948,-10.150962,-56.040030,BRIDGE
-10.150077,-54.212043,-10.150050,-54.211954,BRIDGE
-10.149506,-56.223174,-10.149515,-56.223245,BRIDGE
-10.147750,-60.568285,-10.147833,-60.568282,BRIDGE
-10.146589,-56.200056,-10.146602,-56.200147,BRIDGE
-10.146102,-56.980626,-10.145970,-56.980608,BRIDGE
-10.145927,-56.819353,-10.145840,-56.819341,BRIDGE
-10.144789,-51.594588,-10.144556,-51.594637,BRIDGE
-10.142131,-50.992768,-10.142085,-50.992579,BRIDGE
-10.141776,-54.185771,-10.141694,-54.185779,BRIDGE
-10.140253,-56.428483,-10.140241,-56.428564,BRIDGE
-10.137180,-54.350100,-10.137200,-54.350223,BRIDGE
-10.135537,-55.716847,-10.134676,-55.716868,BRIDGE
-10.135183,-61.426765,-10.135423,-61.426476,BRIDGE
-10.133961,-56.106008,-10.134074,-56.105869,BRIDGE
-10.133565,-54.377647,-10.133558,-54.377741,BRIDGE
-10.133542,-56.295972,-10.133663,-56.296270,BRIDGE
-10.132674,-54.264848,-10.132658,-54.264767,BRIDGE
-10.131072,-56.037322,-10.131153,-56.037312,BRIDGE
-10.130366,-58.519075,-10.130379,-58.519571,BRIDGE
-10.129603,-56.723570,-10.129642,-56.723497,BRIDGE
-10.128837,-54.701795,-10.128796,-54.701695,BRIDGE
-10.128303,-56.223042,-10.128267,-56.222955,BRIDGE
-10.127845,-56.221955,-10.127813,-56.221878,BRIDGE
-10.123581,-54.711119,-10.123515,-54.711071,BRIDGE
-10.123520,-54.790012,-10.123520,-54.789671,BRIDGE
-10.121194,-56.549946,-10.121427,-56.549962,BRIDGE
-10.120942,-59.528608,-10.121109,-59.528544,BRIDGE
-10.120876,-56.205170,-10.120845,-56.205094,BRIDGE
-10.119864,-56.773395,-10.119860,-56.773313,BRIDGE
-10.118987,-56.078526,-10.118918,-56.078757,BRIDGE
-10.117204,-61.383074,-10.117264,-61.382824,BRIDGE
-10.114676,-59.525418,-10.114498,-59.525327,BRIDGE
-10.114619,-51.888723,-10.114444,-51.888799,BRIDGE
-10.113160,-56.186766,-10.113127,-56.186689,BRIDGE
-10.112713,-56.099292,-10.112676,-56.099474,BRIDGE
-10.112227,-56.102189,-10.112211,-56.102355,BRIDGE
-10.110917,-51.781778,-10.110833,-51.781789,BRIDGE
-10.109974,-60.586278,-10.110072,-60.586280,BRIDGE
-10.109497,-54.183873,-10.109376,-54.183877,BRIDGE
-10.102666,-51.920453,-10.102030,-51.920154,BRIDGE
-10.102556,-55.064966,-10.102558,-55.064882,BRIDGE
-10.101625,-56.113866,-10.101450,-56.113819,BRIDGE
-10.101292,-51.100728,-10.101909,-51.100598,BRIDGE
-10.100744,-56.216749,-10.100818,-56.216924,BRIDGE
-10.099446,-51.891202,-10.098959,-51.891202,BRIDGE
-10.099313,-54.732329,-10.099061,-54.733034,BRIDGE
-10.097001,-54.354606,-10.097017,-54.354522,BRIDGE
-10.095707,-55.911047,-10.095892,-55.911138,BRIDGE
-10.094310,-50.587169,-10.094378,-50.587167,BRIDGE
-10.092827,-54.633713,-10.092892,-54.633764,BRIDGE
-10.092669,-56.667260,-10.092415,-56.667250,BRIDGE
-10.090466,-56.108739,-10.090473,-56.108648,BRIDGE
-10.090007,-53.749995,-10.090081,-53.750027,BRIDGE
-10.089354,-59.270645,-10.089516,-59.270751,BRIDGE
-10.088598,-56.551003,-10.088679,-56.550999,BRIDGE
-10.088271,-56.117097,-10.088308,-56.116952,BRIDGE
-10.086899,-52.089012,-10.088510,-52.089771,BRIDGE
-10.086053,-56.126345,-10.086047,-56.126238,BRIDGE
-10.085126,-55.620065,-10.085388,-55.620201,BRIDGE
-10.083438,-56.134882,-10.083481,-56.134802,BRIDGE
-10.083307,-57.679390,-10.083482,-57.679358,BRIDGE
-10.082177,-56.818058,-10.081995,-56.817950,BRIDGE
-10.082005,-58.818525,-10.082232,-58.819063,BRIDGE
-10.081455,-56.141412,-10.081500,-56.141317,BRIDGE
-10.079884,-54.104721,-10.079779,-54.104587,BRIDGE
-10.079752,-59.517941,-10.079621,-59.517757,BRIDGE
-10.079543,-54.383416,-10.079499,-54.383555,BRIDGE
-10.079205,-55.585121,-10.079493,-55.584919,BRIDGE
-10.077709,-57.967765,-10.077804,-57.967937,BRIDGE
-10.077456,-56.853549,-10.077522,-56.853608,BRIDGE
-10.077079,-54.120037,-10.076889,-54.120069,BRIDGE
-10.075997,-56.823507,-10.075775,-56.823487,BRIDGE
-10.075198,-54.665202,-10.074920,-54.665211,BRIDGE
-10.075178,-55.913994,-10.075178,-55.913790,BRIDGE
-10.075091,-55.932656,-10.075088,-55.932570,BRIDGE
-10.073364,-56.173321,-10.073378,-56.173266,BRIDGE
-10.072659,-55.900160,-10.072495,-55.900095,BRIDGE
-10.072023,-56.975298,-10.071908,-56.975334,BRIDGE
-10.068988,-56.190042,-10.069017,-56.189959,BRIDGE
-10.068902,-51.507770,-10.068895,-51.507714,BRIDGE
-10.068692,-53.979210,-10.068692,-53.979017,BRIDGE
-10.068497,-53.653388,-10.068548,-53.653335,BRIDGE
-10.067947,-56.193990,-10.067971,-56.193907,BRIDGE
-10.066072,-54.085962,-10.066009,-54.085693,BRIDGE
-10.065050,-59.152530,-10.065037,-59.152414,BRIDGE
-10.063359,-56.103075,-10.063250,-56.103047,BRIDGE
-10.062438,-55.156552,-10.063669,-55.155986,BRIDGE
-10.061995,-55.937512,-10.062206,-55.937254,BRIDGE
-10.061741,-56.540263,-10.061799,-56.540145,BRIDGE
-10.061176,-54.346608,-10.061173,-54.346721,BRIDGE
-10.060801,-56.218487,-10.060854,-56.218397,BRIDGE
-10.059370,-56.220887,-10.059444,-56.220745,BRIDGE
-10.059145,-56.562070,-10.059140,-56.561979,BRIDGE
-10.057564,-56.586793,-10.057626,-56.586714,BRIDGE
-10.056163,-59.500003,-10.056398,-59.500523,TUNNEL
-10.054230,-56.246229,-10.054251,-56.246020,BRIDGE
-10.053985,-57.949353,-10.053912,-57.949340,BRIDGE
-10.053237,-59.411230,-10.053244,-59.411066,BRIDGE
-10.050906,-55.555346,-10.053642,-55.562868,BRIDGE
-10.048200,-53.700681,-10.048245,-53.700594,BRIDGE
-10.047102,-59.456911,-10.046811,-59.456844,BRIDGE
-10.046859,-53.703420,-10.046943,-53.703347,BRIDGE
-10.045417,-56.973592,-10.045344,-56.973583,BRIDGE
-10.043965,-56.824668,-10.043884,-56.824672,BRIDGE
-10.036038,-56.972882,-10.035936,-56.972875,BRIDGE
-10.035742,-55.175979,-10.035558,-55.176022,BRIDGE
-10.033628,-53.730079,-10.033661,-53.729992,BRIDGE
-10.032888,-55.788223,-10.032926,-55.788147,BRIDGE
-10.032045,-57.088748,-10.032679,-57.088695,BRIDGE
-10.031815,-59.595986,-10.031679,-59.595970,BRIDGE
-10.027766,-55.799410,-10.027802,-55.799333,BRIDGE
-10.026287,-56.670863,-10.026424,-56.670852,BRIDGE
-10.023167,-54.120869,-10.023099,-54.120912,BRIDGE
-10.023039,-58.840757,-10.022818,-58.840843,BRIDGE
-10.019916,-56.193030,-10.019816,-56.193212,BRIDGE
-10.019576,-60.551552,-10.019862,-60.551391,BRIDGE
-10.017098,-55.987672,-10.016889,-55.987683,BRIDGE
-10.016728,-56.975010,-10.016742,-56.974882,BRIDGE
-10.016686,-50.399274,-10.017241,-50.399290,BRIDGE
-10.013827,-54.161752,-10.013884,-54.161813,BRIDGE
-10.013284,-53.772028,-10.013366,-53.771934,BRIDGE
-10.012357,-56.217143,-10.012306,-56.217296,BRIDGE
-10.012285,-56.206516,-10.012151,-56.206484,BRIDGE
-10.012213,-54.128322,-10.012135,-54.128409,BRIDGE
-10.011199,-56.971117,-10.011014,-56.971095,BRIDGE
-10.009799,-57.858369,-10.009705,-57.858381,BRIDGE
-10.009287,-55.711262,-10.009486,-55.711094,BRIDGE
-10.009044,-56.670554,-10.009147,-56.670552,BRIDGE
-10.008801,-51.914485,-10.008875,-51.914271,BRIDGE
-10.007758,-54.955617,-10.007869,-54.955622,BRIDGE
-10.007081,-54.129506,-10.007041,-54.129367,BRIDGE
-10.006560,-56.290539,-10.006994,-56.290279,BRIDGE
-10.005238,-56.237718,-10.005201,-56.237815,BRIDGE
-10.003980,-56.670837,-10.004100,-56.670839,BRIDGE
-10.003864,-56.970574,-10.003759,-56.970565,BRIDGE
-9.999642,-54.827296,-9.999714,-54.827259,BRIDGE
-9.997568,-57.911551,-9.997447,-57.911486,BRIDGE
-9.997362,-58.407286,-9.997238,-58.407263,BRIDGE
-9.996146,-54.983053,-9.995975,-54.983043,BRIDGE
-9.995914,-55.023901,-9.995903,-55.024096,BRIDGE
-9.995819,-55.982420,-9.995671,-55.982393,BRIDGE
-9.995544,-61.428766,-9.995163,-61.428315,BRIDGE
-9.995280,-56.840748,-9.995324,-56.840789,BRIDGE
-9.994703,-56.771152,-9.994647,-56.770201,BRIDGE
-9.994383,-53.681977,-9.994419,-53.681915,BRIDGE
-9.993305,-57.912561,-9.993125,-57.912582,BRIDGE
-9.993144,-55.880873,-9.993220,-55.880889,BRIDGE
-9.992606,-57.694930,-9.992510,-57.695000,BRIDGE
-9.992392,-55.011127,-9.992480,-55.011129,BRIDGE
-9.991926,-50.844828,-9.991886,-50.844716,BRIDGE
-9.991632,-53.686487,-9.991714,-53.686414,BRIDGE
-9.991215,-55.842515,-9.991131,-55.842495,BRIDGE
-9.990630,-56.299005,-9.990556,-56.298970,BRIDGE
-9.988803,-53.691481,-9.988858,-53.691371,BRIDGE
-9.987560,-56.234303,-9.987533,-56.234387,BRIDGE
-9.987478,-55.011005,-9.987580,-55.011005,BRIDGE
-9.987419,-56.538646,-9.987364,-56.538724,BRIDGE
-9.986698,-55.619182,-9.986962,-55.619300,BRIDGE
-9.985633,-57.991009,-9.985590,-57.991125,BRIDGE
-9.985081,-55.768046,-9.985135,-55.767980,BRIDGE
-9.984870,-54.524277,-9.984633,-54.524367,BRIDGE
-9.983489,-59.610262,-9.983433,-59.609126,BRIDGE
-9.983217,-57.694510,-9.983234,-57.694603,BRIDGE
-9.980305,-55.260926,-9.980484,-55.261120,BRIDGE
-9.980178,-55.598019,-9.980041,-55.598239,BRIDGE
-9.979948,-56.132915,-9.979988,-56.132787,BRIDGE
-9.979499,-53.707059,-9.979547,-53.706971,BRIDGE
-9.979086,-59.608893,-9.979362,-59.608122,BRIDGE
-9.979021,-55.876509,-9.979057,-55.876573,BRIDGE
-9.977119,-55.906688,-9.977346,-55.906731,BRIDGE
-9.977106,-56.071098,-9.976983,-56.071105,BRIDGE
-9.976741,-54.912688,-9.976746,-54.912606,BRIDGE
-9.975988,-55.975996,-9.975756,-55.975986,BRIDGE
-9.975628,-56.968667,-9.975462,-56.968654,BRIDGE
-9.975478,-56.312379,-9.975414,-56.312428,BRIDGE
-9.975442,-55.094437,-9.975584,-55.094357,BRIDGE
-9.975404,-57.496405,-9.975406,-57.496318,BRIDGE
-9.975382,-55.170613,-9.975380,-55.170473,BRIDGE
-9.974375,-56.968560,-9.974100,-56.968526,BRIDGE
-9.974187,-55.171686,-9.974166,-55.171557,BRIDGE
-9.973405,-51.134271,-9.973817,-51.134183,BRIDGE
-9.973259,-56.202667,-9.973411,-56.202468,BRIDGE
-9.971963,-57.916798,-9.972125,-57.916778,BRIDGE
-9.971719,-57.334789,-9.971784,-57.334500,BRIDGE
-9.971532,-54.609998,-9.971651,-54.609714,BRIDGE
-9.970654,-54.667090,-9.970736,-54.667086,BRIDGE
-9.969954,-57.740171,-9.970081,-57.740135,BRIDGE
-9.969396,-57.365310,-9.969405,-57.365130,BRIDGE
-9.969347,-57.653954,-9.968718,-57.653010,BRIDGE
-9.968940,-53.725344,-9.969009,-53.725204,BRIDGE
-9.968491,-57.917432,-9.968576,-57.917411,BRIDGE
-9.967565,-56.224554,-9.967526,-56.224482,BRIDGE
-9.967210,-58.051456,-9.967211,-58.051244,BRIDGE
-9.966568,-54.662824,-9.966634,-54.662784,BRIDGE
-9.965036,-57.421755,-9.964875,-57.421793,BRIDGE
-9.964970,-50.550550,-9.965057,-50.550700,BRIDGE
-9.964946,-54.657876,-9.964938,-54.658077,BRIDGE
-9.964719,-54.982120,-9.964502,-54.982149,BRIDGE
-9.964299,-59.208982,-9.965066,-59.209094,BRIDGE
-9.961248,-53.739452,-9.961322,-53.739332,BRIDGE
-9.961018,-54.918274,-9.961087,-54.918266,BRIDGE
-9.959956,-53.741499,-9.960043,-53.741397,BRIDGE
-9.959039,-55.787252,-9.959064,-55.787045,BRIDGE
-9.958822,-56.158911,-9.958655,-56.158868,BRIDGE
-9.958737,-56.279810,-9.958753,-56.279727,BRIDGE
-9.958266,-54.755544,-9.958270,-54.755369,BRIDGE
-9.957554,-56.342325,-9.957543,-56.342360,BRIDGE
-9.957178,-55.035720,-9.957118,-55.035433,BRIDGE
-9.956798,-57.348147,-9.957104,-57.347777,BRIDGE
-9.956787,-55.033635,-9.956555,-55.032574,BRIDGE
-9.956401,-54.925202,-9.956503,-54.925209,BRIDGE
-9.955343,-55.807205,-9.955415,-55.807114,BRIDGE
-9.955140,-55.969800,-9.954955,-55.969790,BRIDGE
-9.954958,-56.295084,-9.955018,-56.295028,BRIDGE
-9.954882,-55.178599,-9.954714,-55.178600,BRIDGE
-9.953457,-53.748604,-9.953539,-53.748508,BRIDGE
-9.953308,-57.351920,-9.953616,-57.351587,BRIDGE
-9.952936,-56.157194,-9.952778,-56.157144,BRIDGE
-9.952888,-55.122887,-9.952663,-55.122899,BRIDGE
-9.952801,-51.950273,-9.952749,-51.950285,BRIDGE
-9.951139,-55.873393,-9.951262,-55.872985,BRIDGE
-9.949877,-56.121007,-9.949893,-56.121163,BRIDGE
-9.949370,-56.507177,-9.949312,-56.507182,BRIDGE
-9.949312,-58.272195,-9.949156,-58.272174,BRIDGE
-9.949117,-59.207601,-9.949293,-59.207608,BRIDGE
-9.949025,-54.594787,-9.948881,-54.594814,BRIDGE
-9.947767,-56.313399,-9.947846,-56.313381,BRIDGE
-9.946820,-57.087935,-9.946868,-57.087631,BRIDGE
-9.946406,-53.761409,-9.946451,-53.761331,BRIDGE
-9.945534,-56.847546,-9.945530,-56.847464,BRIDGE
-9.943736,-60.090541,-9.943399,-60.090909,BRIDGE
-9.942044,-54.953857,-9.941958,-54.953858,BRIDGE
-9.940434,-54.773831,-9.940353,-54.773834,BRIDGE
-9.939855,-57.359327,-9.940000,-57.359330,BRIDGE
-9.939183,-55.712684,-9.939072,-55.712603,BRIDGE
-9.939044,-56.346574,-9.939167,-56.346635,BRIDGE
-9.938893,-56.333831,-9.938834,-56.333903,BRIDGE
-9.938409,-56.652199,-9.938257,-56.652588,BRIDGE
-9.938359,-58.546902,-9.938338,-58.547149,BRIDGE
-9.938192,-57.135602,-9.938081,-57.135667,BRIDGE
-9.936919,-53.777389,-9.936977,-53.777293,BRIDGE
-9.936728,-50.915110,-9.936569,-50.915008,BRIDGE
-9.936525,-54.905466,-9.936532,-54.905402,BRIDGE
-9.936084,-56.938638,-9.936555,-56.937289,BRIDGE
-9.934493,-56.165090,-9.934436,-56.165178,BRIDGE
-9.934352,-55.796564,-9.934256,-55.796599,BRIDGE
-9.932998,-53.784036,-9.933035,-53.783974,BRIDGE
-9.932468,-55.528857,-9.932393,-55.528827,BRIDGE
-9.932463,-59.912571,-9.932482,-59.912761,BRIDGE
-9.931703,-54.923012,-9.931880,-54.922990,BRIDGE
-9.931599,-59.912805,-9.931593,-59.912564,BRIDGE
-9.931347,-54.953646,-9.931009,-54.953640,BRIDGE
-9.930797,-56.293420,-9.930670,-56.293551,BRIDGE
-9.930639,-54.526725,-9.930772,-54.526766,BRIDGE
-9.929967,-59.913533,-9.929940,-59.913276,BRIDGE
-9.929884,-56.633965,-9.929412,-56.633263,BRIDGE
-9.929769,-54.923240,-9.929990,-54.923213,BRIDGE
-9.929680,-54.733069,-9.929558,-54.733085,BRIDGE
-9.929555,-55.819033,-9.929624,-55.819210,BRIDGE
-9.929349,-54.719470,-9.929411,-54.719465,BRIDGE
-9.929170,-59.913650,-9.929174,-59.913395,BRIDGE
-9.929078,-54.708632,-9.928953,-54.708610,BRIDGE
-9.927466,-59.913790,-9.927470,-59.913504,BRIDGE
-9.926898,-56.309985,-9.927024,-56.310307,BRIDGE
-9.925861,-59.913919,-9.925855,-59.914164,BRIDGE
-9.925497,-57.355256,-9.925603,-57.355327,BRIDGE
-9.925397,-56.308172,-9.925693,-56.308231,BRIDGE
-9.925289,-58.505407,-9.925296,-58.505190,BRIDGE
-9.925156,-56.149042,-9.925018,-56.148936,BRIDGE
-9.924084,-55.805381,-9.924129,-55.805515,BRIDGE
-9.923953,-58.370851,-9.924057,-58.370784,BRIDGE
-9.923748,-56.339090,-9.923856,-56.339138,BRIDGE
-9.923376,-54.723370,-9.923323,-54.723234,BRIDGE
-9.922749,-56.100211,-9.922785,-56.100148,BRIDGE
-9.922729,-56.155310,-9.922824,-56.155237,BRIDGE
-9.922199,-57.633103,-9.922394,-57.633158,BRIDGE
-9.922091,-50.556224,-9.922030,-50.556236,BRIDGE
-9.921462,-56.076057,-9.921541,-56.076079,BRIDGE
-9.920239,-58.602091,-9.920370,-58.602197,BRIDGE
-9.918186,-56.453757,-9.918427,-56.453837,BRIDGE
-9.917102,-54.978440,-9.917104,-54.978324,BRIDGE
-9.915123,-56.451546,-9.915140,-56.451651,BRIDGE
-9.914597,-56.158116,-9.914554,-56.158083,BRIDGE
-9.913577,-58.376211,-9.913723,-58.376135,BRIDGE
-9.912036,-58.378904,-9.911974,-58.378788,BRIDGE
-9.911997,-57.903675,-9.911912,-57.903522,BRIDGE
-9.911542,-58.421845,-9.911521,-58.421663,BRIDGE
-9.910778,-52.403782,-9.910884,-52.403790,BRIDGE
-9.910339,-56.038401,-9.910289,-56.038386,BRIDGE
-9.910206,-54.733785,-9.910128,-54.733764,BRIDGE
-9.909465,-58.566512,-9.909366,-58.566556,BRIDGE
-9.909296,-56.494548,-9.909087,-56.494465,BRIDGE
-9.908688,-54.966576,-9.908625,-54.966571,BRIDGE
-9.908512,-56.437837,-9.908423,-56.437796,BRIDGE
-9.907976,-58.562530,-9.908013,-58.562644,BRIDGE
-9.907578,-54.962717,-9.907630,-54.962721,BRIDGE
-9.907314,-56.113666,-9.907284,-56.113767,BRIDGE
-9.907103,-56.321856,-9.907346,-56.322007,BRIDGE
-9.906064,-58.321344,-9.905863,-58.321406,BRIDGE
-9.905966,-56.321671,-9.906389,-56.321744,BRIDGE
-9.905813,-54.958063,-9.905693,-54.958039,BRIDGE
-9.903158,-58.469277,-9.902990,-58.469332,BRIDGE
-9.902140,-56.330928,-9.901950,-56.330434,BRIDGE
-9.902085,-59.771685,-9.902167,-59.771690,BRIDGE
-9.901695,-56.035846,-9.901644,-56.035834,BRIDGE
-9.901158,-58.367754,-9.901105,-58.367524,BRIDGE
-9.901073,-56.328074,-9.900962,-56.327768,BRIDGE
-9.900544,-58.011423,-9.900454,-58.011437,BRIDGE
-9.900234,-55.097017,-9.900133,-55.097022,BRIDGE
-9.900143,-56.067402,-9.900175,-56.067329,BRIDGE
-9.899615,-54.598891,-9.899810,-54.598543,BRIDGE
-9.898840,-58.569875,-9.898858,-58.569727,BRIDGE
-9.898201,-56.062168,-9.898199,-56.062091,BRIDGE
-9.897751,-58.573090,-9.897591,-58.572991,BRIDGE
-9.896454,-58.569018,-9.896510,-58.568903,BRIDGE
-9.895251,-56.140084,-9.895131,-56.140052,BRIDGE
-9.894887,-56.139966,-9.894822,-56.139944,BRIDGE
-9.894856,-56.431946,-9.894689,-56.431872,BRIDGE
-9.894792,-58.568154,-9.894879,-58.568044,BRIDGE
-9.894639,-57.634239,-9.894796,-57.634269,BRIDGE
-9.894574,-58.571350,-9.894414,-58.571264,BRIDGE
-9.894539,-54.668277,-9.894517,-54.668192,BRIDGE
-9.894351,-52.226004,-9.894288,-52.224404,BRIDGE
-9.893515,-58.566716,-9.893574,-58.566638,BRIDGE
-9.893343,-58.566562,-9.893267,-58.566670,BRIDGE
-9.893070,-55.761398,-9.893133,-55.761314,BRIDGE
-9.892912,-56.431167,-9.892839,-56.431220,BRIDGE
-9.892570,-55.052585,-9.892888,-55.052863,BRIDGE
-9.891183,-56.138847,-9.891076,-56.138807,BRIDGE
-9.889943,-56.117961,-9.890027,-56.117728,BRIDGE
-9.889692,-56.067928,-9.889818,-56.067950,BRIDGE
-9.889594,-58.565422,-9.889726,-58.565346,BRIDGE
-9.887575,-54.652256,-9.887590,-54.652144,BRIDGE
-9.886738,-55.367032,-9.886376,-55.366595,BRIDGE
-9.886567,-55.047478,-9.887286,-55.048229,BRIDGE
-9.886359,-55.708282,-9.886415,-55.708178,BRIDGE
-9.884683,-57.369626,-9.884763,-57.369541,BRIDGE
-9.884080,-56.615325,-9.884335,-56.615281,BRIDGE
-9.883552,-56.146367,-9.883726,-56.146033,BRIDGE
-9.882556,-52.263953,-9.882397,-52.264001,BRIDGE
-9.882384,-52.263672,-9.882278,-52.263720,BRIDGE
-9.882316,-57.371974,-9.882399,-57.371890,BRIDGE
-9.882176,-58.567379,-9.882068,-58.567297,BRIDGE
-9.881704,-56.074112,-9.881757,-56.074047,BRIDGE
-9.880251,-56.149778,-9.880320,-56.149800,TUNNEL
-9.879236,-54.567691,-9.879390,-54.567745,BRIDGE
-9.877454,-57.376717,-9.877572,-57.376588,BRIDGE
-9.876056,-54.695398,-9.875936,-54.695413,BRIDGE
-9.875616,-51.790089,-9.875369,-51.790187,BRIDGE
-9.875405,-55.845373,-9.875532,-55.845684,BRIDGE
-9.873515,-58.346490,-9.873426,-58.346457,BRIDGE
-9.872864,-57.113953,-9.872820,-57.114072,BRIDGE
-9.872524,-56.080027,-9.872656,-56.079590,BRIDGE
-9.871159,-54.834941,-9.871199,-54.834880,BRIDGE
-9.869964,-55.064738,-9.869975,-55.064606,BRIDGE
-9.868626,-56.615609,-9.868776,-56.615673,BRIDGE
-9.868624,-54.823706,-9.868556,-54.823537,BRIDGE
-9.868587,-56.077800,-9.868624,-56.077670,BRIDGE
-9.867842,-54.821952,-9.867760,-54.821826,BRIDGE
-9.867416,-56.213079,-9.867322,-56.212823,BRIDGE
-9.866890,-56.076599,-9.867017,-56.076160,BRIDGE
-9.864193,-56.099072,-9.864140,-56.099004,BRIDGE
-9.863458,-58.614000,-9.863416,-58.614115,BRIDGE
-9.862567,-56.118195,-9.862543,-56.118275,BRIDGE
-9.862376,-57.797757,-9.862470,-57.797728,BRIDGE
-9.862106,-57.863509,-9.862208,-57.863502,BRIDGE
-9.859115,-54.685012,-9.859090,-54.684877,BRIDGE
-9.857898,-56.080270,-9.857666,-56.080358,BRIDGE
-9.857668,-55.254121,-9.857662,-55.254031,BRIDGE
-9.857493,-55.998307,-9.857476,-55.998367,BRIDGE
-9.856759,-57.116249,-9.856559,-57.116295,BRIDGE
-9.855373,-56.076900,-9.855858,-56.077042,BRIDGE
-9.854986,-57.638304,-9.855182,-57.638240,BRIDGE
-9.854910,-56.089422,-9.854738,-56.089369,BRIDGE
-9.854885,-56.104905,-9.854908,-56.104825,BRIDGE
-9.853502,-55.743509,-9.853456,-55.743477,BRIDGE
-9.852382,-57.652116,-9.852295,-57.652054,BRIDGE
-9.852064,-56.017952,-9.852013,-56.018009,BRIDGE
-9.851308,-51.707200,-9.851226,-51.707060,BRIDGE
-9.850955,-56.020248,-9.850943,-56.020285,BRIDGE
-9.850845,-58.655657,-9.850795,-58.655738,BRIDGE
-9.850740,-57.692886,-9.850742,-57.692782,BRIDGE
-9.850570,-56.208742,-9.850339,-56.209017,BRIDGE
-9.850432,-56.472273,-9.850366,-56.472241,BRIDGE
-9.850200,-51.895322,-9.850509,-51.895426,BRIDGE
-9.849709,-56.209768,-9.849665,-56.209823,BRIDGE
-9.849539,-55.124346,-9.849458,-55.124344,BRIDGE
-9.847845,-54.787819,-9.847954,-54.787952,BRIDGE
-9.847418,-54.722173,-9.847240,-54.722179,BRIDGE
-9.843843,-51.163655,-9.843645,-51.163695,BRIDGE
-9.842830,-51.956981,-9.843060,-51.957251,BRIDGE
-9.841001,-59.163120,-9.841072,-59.163141,BRIDGE
-9.840684,-55.515557,-9.840661,-55.515477,BRIDGE
-9.840374,-55.556873,-9.840454,-55.556899,BRIDGE
-9.840178,-54.945077,-9.840081,-54.945059,BRIDGE
-9.839598,-56.058278,-9.839523,-56.058511,BRIDGE
-9.839096,-55.019432,-9.838525,-55.019690,BRIDGE
-9.838828,-55.525216,-9.838849,-55.525130,BRIDGE
-9.837538,-58.687925,-9.837494,-58.688038,BRIDGE
-9.836292,-58.674572,-9.836270,-58.674730,BRIDGE
-9.836193,-56.081974,-9.836113,-56.081989,BRIDGE
-9.834483,-54.944238,-9.834403,-54.944255,BRIDGE
-9.834318,-51.704033,-9.834063,-51.704094,BRIDGE
-9.833350,-57.105308,-9.833289,-57.105145,BRIDGE
-9.831384,-57.407143,-9.831881,-57.407178,BRIDGE
-9.831247,-55.735332,-9.831307,-55.735206,BRIDGE
-9.828087,-57.820468,-9.828005,-57.819819,BRIDGE
-9.826627,-55.629538,-9.826443,-55.629568,BRIDGE
-9.826500,-56.197211,-9.826380,-56.197111,BRIDGE
-9.826387,-57.727889,-9.826493,-57.727870,BRIDGE
-9.825631,-56.238911,-9.825545,-56.239023,BRIDGE
-9.824436,-56.096819,-9.824433,-56.096672,BRIDGE
-9.824396,-55.726149,-9.824301,-55.726086,BRIDGE
-9.823200,-56.069104,-9.823317,-56.069139,BRIDGE
-9.822860,-55.725090,-9.822792,-55.724987,BRIDGE
-9.821567,-57.852728,-9.821633,-57.852716,BRIDGE
-9.821090,-57.815609,-9.820859,-57.815506,BRIDGE
-9.819616,-57.815085,-9.819528,-57.815079,BRIDGE
-9.819405,-57.888058,-9.819354,-57.887817,BRIDGE
-9.819134,-57.815146,-9.818938,-57.815195,BRIDGE
-9.819036,-57.885003,-9.819013,-57.884857,BRIDGE
-9.818918,-54.681712,-9.818880,-54.681647,BRIDGE
-9.818762,-55.303951,-9.818464,-55.304041,BRIDGE
-9.818358,-51.056114,-9.818781,-51.056207,BRIDGE
-9.817726,-58.712032,-9.817673,-58.712131,BRIDGE
-9.817520,-54.886266,-9.817107,-54.886953,BRIDGE
-9.817495,-56.267504,-9.817557,-56.267561,BRIDGE
-9.817217,-57.202334,-9.817436,-57.202443,BRIDGE
-9.816091,-59.166428,-9.816266,-59.166391,BRIDGE
-9.815532,-56.139320,-9.815477,-56.139519,BRIDGE
-9.815206,-56.140470,-9.815172,-56.140580,BRIDGE
-9.813586,-56.458248,-9.813445,-56.458191,BRIDGE
-9.812425,-54.647892,-9.812404,-54.647804,BRIDGE
-9.811716,-58.497402,-9.811528,-58.497233,BRIDGE
-9.811564,-56.459733,-9.811655,-56.459469,BRIDGE
-9.810443,-55.075331,-9.810306,-55.075256,BRIDGE
-9.809955,-55.309980,-9.809700,-55.310288,BRIDGE
-9.809630,-58.718335,-9.809535,-58.718512,BRIDGE
-9.808711,-57.815512,-9.808688,-57.815430,BRIDGE
-9.808335,-56.182306,-9.808162,-56.182104,BRIDGE
-9.806915,-56.472079,-9.807036,-56.471774,BRIDGE
-9.806318,-56.455467,-9.806117,-56.455391,BRIDGE
-9.805314,-54.971917,-9.805209,-54.971788,BRIDGE
-9.805001,-56.088372,-9.804916,-56.088276,BRIDGE
-9.803097,-56.482298,-9.803183,-56.482067,BRIDGE
-9.801342,-56.486926,-9.801379,-56.486823,BRIDGE
-9.801108,-57.775049,-9.801030,-57.774928,BRIDGE
-9.800118,-54.602155,-9.800105,-54.602097,BRIDGE
-9.799041,-56.596187,-9.799212,-56.596355,BRIDGE
-9.797865,-57.760023,-9.797852,-57.759923,BRIDGE
-9.797440,-56.452090,-9.797330,-56.452041,BRIDGE
-9.796854,-56.498860,-9.796916,-56.498687,BRIDGE
-9.796222,-55.499812,-9.796213,-55.499684,BRIDGE
-9.796133,-57.752499,-9.796145,-57.752381,BRIDGE
-9.796032,-57.753340,-9.796054,-57.753123,BRIDGE
-9.796010,-57.753708,-9.796018,-57.753489,BRIDGE
-9.795238,-55.874375,-9.795333,-55.874395,BRIDGE
-9.795191,-54.966610,-9.795078,-54.966579,BRIDGE
-9.793822,-56.591117,-9.793945,-56.591233,BRIDGE
-9.792984,-56.168936,-9.792820,-56.169164,BRIDGE
-9.792926,-51.116992,-9.792874,-51.117030,BRIDGE
-9.792879,-54.593899,-9.792766,-54.593858,BRIDGE
-9.791070,-54.366827,-9.791073,-54.366912,BRIDGE
-9.788878,-55.955249,-9.788829,-55.955224,BRIDGE
-9.787622,-56.523212,-9.787670,-56.523083,BRIDGE
-9.787531,-54.958935,-9.787489,-54.959072,BRIDGE
-9.786016,-56.583923,-9.786165,-56.584063,BRIDGE
-9.785237,-56.385076,-9.785340,-56.385092,BRIDGE
-9.785206,-54.800846,-9.785114,-54.800896,BRIDGE
-9.785170,-56.083144,-9.785081,-56.083097,BRIDGE
-9.784873,-55.564671,-9.784867,-55.564752,BRIDGE
-9.784193,-56.130172,-9.784247,-56.130143,BRIDGE
-9.783009,-55.953333,-9.782972,-55.953350,BRIDGE
-9.782951,-58.753974,-9.782813,-58.754140,BRIDGE
-9.781419,-56.524381,-9.781242,-56.524295,BRIDGE
-9.780691,-56.541997,-9.780786,-56.541798,BRIDGE
-9.779287,-56.216559,-9.779143,-56.216742,BRIDGE
-9.778915,-57.822862,-9.778954,-57.822758,BRIDGE
-9.778788,-58.794150,-9.778878,-58.794301,BRIDGE
-9.777724,-54.387042,-9.777671,-54.387131,BRIDGE
-9.777181,-54.580032,-9.777243,-54.579890,BRIDGE
-9.775432,-55.610178,-9.775387,-55.610298,BRIDGE
-9.775216,-57.834216,-9.775230,-57.834167,BRIDGE
-9.775155,-56.443587,-9.775008,-56.443519,BRIDGE
-9.774722,-56.080286,-9.774628,-56.080230,BRIDGE
-9.773890,-56.646288,-9.774394,-56.645712,BRIDGE
-9.773886,-58.593533,-9.773853,-58.593639,BRIDGE
-9.773607,-56.183865,-9.773538,-56.183918,BRIDGE
-9.773602,-56.381267,-9.773739,-56.381289,BRIDGE
-9.773213,-56.212583,-9.773231,-56.212363,BRIDGE
-9.772534,-59.155693,-9.772819,-59.155639,BRIDGE
-9.772109,-56.079320,-9.772002,-56.079287,BRIDGE
-9.771709,-56.570509,-9.771956,-56.570747,BRIDGE
-9.770611,-58.576916,-9.770464,-58.576790,BRIDGE
-9.770197,-58.576337,-9.769925,-58.576355,BRIDGE
-9.769801,-57.376957,-9.769832,-57.377075,BRIDGE
-9.768658,-54.955467,-9.768680,-54.955327,BRIDGE
-9.768357,-57.620192,-9.768269,-57.620207,BRIDGE
-9.767464,-57.365863,-9.767491,-57.365993,BRIDGE
-9.767107,-55.483065,-9.767123,-55.482961,BRIDGE
-9.766914,-55.942904,-9.766820,-55.942876,BRIDGE
-9.766614,-58.030365,-9.766611,-58.030463,BRIDGE
-9.765746,-57.357362,-9.765764,-57.357450,BRIDGE
-9.762836,-57.125230,-9.762846,-57.125306,BRIDGE
-9.762782,-53.664549,-9.762718,-53.664701,BRIDGE
-9.762521,-56.460232,-9.762574,-56.460081,BRIDGE
-9.762338,-56.379958,-9.762426,-56.379964,BRIDGE
-9.761390,-59.255118,-9.761384,-59.255233,BRIDGE
-9.759816,-56.467375,-9.759846,-56.467295,BRIDGE
-9.759803,-55.016428,-9.759716,-55.016472,BRIDGE
-9.759507,-54.936801,-9.759338,-54.936879,BRIDGE
-9.758783,-57.340661,-9.758841,-57.340908,BRIDGE
-9.758270,-57.329686,-9.758080,-57.329906,BRIDGE
-9.757727,-55.668417,-9.757774,-55.668453,BRIDGE
-9.756028,-56.127031,-9.756174,-56.127107,BRIDGE
-9.755196,-56.201390,-9.755112,-56.201496,BRIDGE
-9.754313,-57.164616,-9.754350,-57.164432,BRIDGE
-9.754070,-56.998288,-9.753948,-56.998258,BRIDGE
-9.754017,-53.627249,-9.753761,-53.627092,BRIDGE
-9.752587,-59.145874,-9.752734,-59.145968,BRIDGE
-9.752005,-54.989164,-9.751957,-54.989083,BRIDGE
-9.751384,-56.303754,-9.751323,-56.303683,BRIDGE
-9.751378,-55.245999,-9.751062,-55.246312,BRIDGE
-9.751091,-54.884667,-9.751128,-54.884587,BRIDGE
-9.749979,-54.457961,-9.750051,-54.457722,BRIDGE
-9.749219,-60.820940,-9.749526,-60.820930,BRIDGE
-9.747498,-58.794287,-9.747567,-58.794507,BRIDGE
-9.746317,-56.432583,-9.746187,-56.432535,BRIDGE
-9.745673,-57.185719,-9.746054,-57.185522,BRIDGE
-9.744854,-57.406526,-9.745151,-57.406438,BRIDGE
-9.742234,-57.145461,-9.742151,-57.145321,BRIDGE
-9.736007,-56.223779,-9.735872,-56.223908,BRIDGE
-9.735790,-58.803391,-9.735703,-58.803460,BRIDGE
-9.735526,-56.531299,-9.735441,-56.531514,BRIDGE
-9.735409,-56.428383,-9.735267,-56.428324,BRIDGE
-9.734886,-57.309499,-9.735071,-57.309499,BRIDGE
-9.734777,-56.352962,-9.734861,-56.353777,BRIDGE
-9.734587,-55.700738,-9.734214,-55.700634,BRIDGE
-9.734516,-54.978418,-9.734400,-54.978421,BRIDGE
-9.732674,-56.583383,-9.732585,-56.583667,BRIDGE
-9.732411,-56.395740,-9.732267,-56.396029,BRIDGE
-9.731267,-57.121986,-9.731227,-57.121876,BRIDGE
-9.730373,-56.861169,-9.730381,-56.861387,BRIDGE
-9.728822,-56.855180,-9.728878,-56.855390,BRIDGE
-9.723508,-57.388254,-9.723481,-57.388061,BRIDGE
-9.723220,-56.252599,-9.723218,-56.252543,BRIDGE
-9.723124,-56.259090,-9.723130,-56.258985,BRIDGE
-9.722892,-56.270589,-9.722892,-56.270468,BRIDGE
-9.722625,-56.280729,-9.722625,-56.280667,BRIDGE
-9.721121,-56.788672,-9.721160,-56.788824,BRIDGE
-9.720198,-56.227523,-9.720074,-56.227524,BRIDGE
-9.720148,-57.370514,-9.720121,-57.370340,BRIDGE
-9.719924,-55.709030,-9.719830,-55.709135,BRIDGE
-9.719844,-59.147231,-9.719981,-59.147129,BRIDGE
-9.719434,-57.081769,-9.719331,-57.081627,BRIDGE
-9.718913,-57.363288,-9.718886,-57.363138,BRIDGE
-9.717998,-57.358641,-9.717969,-57.358557,BRIDGE
-9.717068,-57.353530,-9.717047,-57.353284,BRIDGE
-9.716975,-57.172232,-9.716632,-57.172747,BRIDGE
-9.716838,-56.328109,-9.716999,-56.328098,BRIDGE
-9.714733,-58.829614,-9.714614,-58.829673,BRIDGE
-9.713956,-56.629530,-9.714011,-56.630089,BRIDGE
-9.713711,-56.627400,-9.713581,-56.627516,BRIDGE
-9.713296,-57.415870,-9.713626,-57.415767,BRIDGE
-9.712933,-56.521909,-9.713134,-56.521942,BRIDGE
-9.712769,-57.343874,-9.712642,-57.343708,BRIDGE
-9.712755,-56.298736,-9.712750,-56.298628,BRIDGE
-9.710686,-56.227201,-9.710556,-56.227186,BRIDGE
-9.708828,-56.339246,-9.708848,-56.339249,BRIDGE
-9.708623,-59.211346,-9.708664,-59.211425,BRIDGE
-9.708335,-55.720958,-9.708278,-55.720979,BRIDGE
-9.708253,-57.314161,-9.708433,-57.314075,BRIDGE
-9.707305,-56.566438,-9.707417,-56.566392,BRIDGE
-9.706784,-54.749771,-9.706558,-54.749755,BRIDGE
-9.706424,-57.331032,-9.706477,-57.330721,BRIDGE
-9.706052,-59.205103,-9.706078,-59.205269,BRIDGE
-9.704055,-57.701670,-9.703963,-57.701288,BRIDGE
-9.703529,-56.419542,-9.703423,-56.419532,BRIDGE
-9.703364,-54.738910,-9.703183,-54.738935,BRIDGE
-9.702893,-59.199712,-9.702942,-59.199745,BRIDGE
-9.700581,-57.685341,-9.700565,-57.685259,BRIDGE
-9.700001,-57.430691,-9.700363,-57.430231,BRIDGE
-9.699390,-57.186272,-9.699251,-57.186343,BRIDGE
-9.697760,-55.024108,-9.697717,-55.024111,BRIDGE
-9.697239,-57.143013,-9.697252,-57.143126,BRIDGE
-9.695534,-56.418435,-9.695314,-56.418413,BRIDGE
-9.694759,-57.334814,-9.694767,-57.334602,BRIDGE
-9.692233,-54.969743,-9.692116,-54.969662,BRIDGE
-9.691137,-54.727348,-9.691390,-54.727310,BRIDGE
-9.690931,-57.193786,-9.691023,-57.193695,BRIDGE
-9.690747,-59.171505,-9.690781,-59.171642,BRIDGE
-9.690612,-56.511557,-9.690731,-56.511678,BRIDGE
-9.689530,-57.387165,-9.689360,-57.387412,BRIDGE
-9.688692,-54.965423,-9.688758,-54.964919,BRIDGE
-9.687405,-57.982357,-9.687390,-57.982192,BRIDGE
-9.686339,-56.507226,-9.686445,-56.507323,BRIDGE
-9.685314,-55.739849,-9.685288,-55.739771,BRIDGE
-9.682904,-57.375616,-9.683015,-57.375568,BRIDGE
-9.680565,-57.991086,-9.680787,-57.991042,BRIDGE
-9.680204,-55.721747,-9.680154,-55.721683,BRIDGE
-9.679482,-54.717740,-9.679532,-54.717390,BRIDGE
-9.678117,-57.443926,-9.678331,-57.443816,BRIDGE
-9.676889,-58.468206,-9.676942,-58.468455,BRIDGE
-9.676471,-55.698658,-9.676450,-55.698592,BRIDGE
-9.674400,-54.612888,-9.674391,-54.612806,BRIDGE
-9.671222,-56.270570,-9.671228,-56.270736,BRIDGE
-9.669690,-56.231793,-9.669696,-56.231941,BRIDGE
-9.667523,-54.710599,-9.667764,-54.710658,BRIDGE
-9.666394,-57.212766,-9.666471,-57.212661,BRIDGE
-9.663144,-55.971639,-9.663058,-55.971552,BRIDGE
-9.663065,-57.215080,-9.663123,-57.215002,BRIDGE
-9.662446,-54.708950,-9.662329,-54.709003,BRIDGE
-9.661662,-59.165659,-9.661857,-59.165582,BRIDGE
-9.660942,-55.010240,-9.660893,-55.010007,BRIDGE
-9.660361,-54.939217,-9.660200,-54.939215,BRIDGE
-9.659710,-59.199478,-9.659744,-59.199539,BRIDGE
-9.658669,-58.343194,-9.658660,-58.342914,BRIDGE
-9.658275,-58.309507,-9.658271,-58.308820,BRIDGE
-9.656184,-58.368049,-9.656253,-58.368190,BRIDGE
-9.654762,-57.122869,-9.654655,-57.122827,BRIDGE
-9.654144,-58.949088,-9.654160,-58.949238,BRIDGE
-9.653469,-57.449706,-9.654149,-57.449672,BRIDGE
-9.652915,-56.471133,-9.652811,-56.471159,BRIDGE
-9.652742,-57.394122,-9.652610,-57.394118,BRIDGE
-9.652202,-56.586109,-9.652361,-56.586126,BRIDGE
-9.650322,-57.364434,-9.650245,-57.364457,BRIDGE
-9.649750,-57.378742,-9.649973,-57.378801,BRIDGE
-9.649440,-59.174194,-9.649545,-59.174083,BRIDGE
-9.648617,-56.413266,-9.648456,-56.413261,BRIDGE
-9.643697,-59.178196,-9.643842,-59.178151,BRIDGE
-9.640740,-56.019480,-9.636175,-56.020034,BRIDGE
-9.639222,-56.455071,-9.639049,-56.455072,BRIDGE
-9.635885,-59.205730,-9.635961,-59.205908,BRIDGE
-9.634497,-57.397458,-9.634374,-57.397563,BRIDGE
-9.632946,-57.381698,-9.633132,-57.381627,BRIDGE
-9.631919,-58.349700,-9.631905,-58.349834,BRIDGE
-9.630950,-56.224380,-9.630813,-56.224369,BRIDGE
-9.629916,-56.413113,-9.629715,-56.413105,BRIDGE
-9.629627,-57.366829,-9.629418,-57.366832,BRIDGE
-9.629321,-57.346873,-9.629438,-57.346889,BRIDGE
-9.628938,-57.106290,-9.628928,-57.106225,BRIDGE
-9.627095,-54.548753,-9.627002,-54.548779,BRIDGE
-9.626651,-58.964597,-9.626600,-58.964530,BRIDGE
-9.624778,-57.383272,-9.624909,-57.383268,BRIDGE
-9.620333,-58.964782,-9.620291,-58.964554,BRIDGE
-9.618660,-56.642065,-9.618512,-56.642727,BRIDGE
-9.616758,-58.961134,-9.616662,-58.961177,BRIDGE
-9.616357,-58.351997,-9.616621,-58.352007,BRIDGE
-9.615644,-56.234277,-9.615430,-56.234274,BRIDGE
-9.614495,-56.589349,-9.614502,-56.589459,BRIDGE
-9.612953,-58.008561,-9.613138,-58.008555,BRIDGE
-9.612569,-59.259449,-9.612558,-59.259329,BRIDGE
-9.608128,-59.451843,-9.608251,-59.452147,BRIDGE
-9.608062,-56.517625,-9.608071,-56.517757,BRIDGE
-9.607743,-56.484563,-9.607748,-56.484746,BRIDGE
-9.607656,-56.505633,-9.607663,-56.505862,BRIDGE
-9.606256,-59.275277,-9.606184,-59.275429,BRIDGE
-9.605595,-55.080824,-9.605569,-55.080532,BRIDGE
-9.605075,-57.336462,-9.604997,-57.336442,BRIDGE
-9.604952,-57.332514,-9.605005,-57.332452,BRIDGE
-9.600721,-54.691073,-9.600732,-54.691155,BRIDGE
-9.599916,-54.505950,-9.599870,-54.505883,BRIDGE
-9.599465,-54.529082,-9.599519,-54.529011,BRIDGE
-9.597180,-56.454840,-9.597013,-56.454840,BRIDGE
-9.592215,-55.056530,-9.592217,-55.056299,BRIDGE
-9.591188,-59.199621,-9.591354,-59.199511,BRIDGE
-9.586571,-55.048620,-9.586392,-55.048480,BRIDGE
-9.583179,-59.202973,-9.583372,-59.202935,BRIDGE
-9.581522,-57.356391,-9.581325,-57.356438,BRIDGE
-9.581123,-54.645169,-9.581062,-54.645067,BRIDGE
-9.578833,-57.304147,-9.578815,-57.304681,BRIDGE
-9.578796,-57.305687,-9.578805,-57.305886,BRIDGE
-9.578378,-56.412604,-9.578243,-56.412604,BRIDGE
-9.577623,-59.235366,-9.577688,-59.235413,BRIDGE
-9.576720,-57.390130,-9.576757,-57.390325,BRIDGE
-9.573689,-57.374341,-9.573707,-57.374453,BRIDGE
-9.572408,-57.358178,-9.572265,-57.358210,BRIDGE
-9.572214,-57.268339,-9.572352,-57.269079,BRIDGE
-9.571385,-56.136750,-9.571445,-56.136881,BRIDGE
-9.570678,-57.260050,-9.570700,-57.260176,BRIDGE
-9.569123,-56.503069,-9.568272,-56.503047,BRIDGE
-9.567183,-56.807550,-9.567301,-56.807509,BRIDGE
-9.566519,-57.238186,-9.566536,-57.238275,BRIDGE
-9.562158,-57.390196,-9.562167,-57.390140,BRIDGE
-9.561983,-57.390112,-9.561974,-57.390170,BRIDGE
-9.560634,-56.412534,-9.560544,-56.412555,BRIDGE
-9.559454,-58.993551,-9.559356,-58.993712,BRIDGE
-9.554330,-57.389359,-9.554301,-57.389537,BRIDGE
-9.552921,-58.991789,-9.552746,-58.991746,BRIDGE
-9.552569,-59.283978,-9.552656,-59.284141,BRIDGE
-9.550274,-56.745242,-9.550388,-56.745263,BRIDGE
-9.548247,-57.384539,-9.548039,-57.384421,BRIDGE
-9.548168,-59.237334,-9.548070,-59.237383,BRIDGE
-9.547814,-57.372255,-9.547612,-57.372222,BRIDGE
-9.547492,-59.218933,-9.547685,-59.218961,BRIDGE
-9.546280,-57.413967,-9.545970,-57.414035,BRIDGE
-9.544729,-59.256322,-9.544756,-59.256523,BRIDGE
-9.540304,-58.992454,-9.540177,-58.992460,BRIDGE
-9.538922,-57.610505,-9.538824,-57.610506,BRIDGE
-9.537845,-59.691203,-9.537716,-59.691198,BRIDGE
-9.537192,-57.178295,-9.537248,-57.178365,BRIDGE
-9.536888,-59.346817,-9.536794,-59.346970,BRIDGE
-9.536794,-56.454225,-9.536663,-56.454276,BRIDGE
-9.535897,-56.412252,-9.535786,-56.412253,BRIDGE
-9.535407,-57.652994,-9.535396,-57.653135,BRIDGE
-9.534510,-56.296619,-9.534680,-56.296485,BRIDGE
-9.534056,-57.611200,-9.533962,-57.611218,BRIDGE
-9.532580,-58.992336,-9.532284,-58.992293,BRIDGE
-9.530898,-56.419600,-9.530895,-56.419734,BRIDGE
-9.530197,-56.445465,-9.530194,-56.445726,BRIDGE
-9.529291,-58.319910,-9.529227,-58.319686,BRIDGE
-9.529266,-56.715589,-9.529451,-56.716572,BRIDGE
-9.528373,-59.043839,-9.528432,-59.044009,BRIDGE
-9.527787,-57.350995,-9.527744,-57.350774,BRIDGE
-9.527728,-56.679560,-9.527790,-56.679785,BRIDGE
-9.524975,-56.144157,-9.524971,-56.144072,BRIDGE
-9.524051,-56.875073,-9.523943,-56.875194,BRIDGE
-9.522589,-57.597901,-9.522614,-57.597837,BRIDGE
-9.521510,-56.981498,-9.521509,-56.981726,BRIDGE
-9.520113,-57.037255,-9.520060,-57.037344,BRIDGE
-9.519249,-56.831306,-9.519164,-56.831302,BRIDGE
-9.518851,-57.621145,-9.518701,-57.621132,BRIDGE
-9.518251,-56.564739,-9.518258,-56.564835,BRIDGE
-9.517318,-57.055732,-9.517802,-57.057908,BRIDGE
-9.516595,-59.307705,-9.516571,-59.307431,BRIDGE
-9.516538,-59.306041,-9.516538,-59.305918,BRIDGE
-9.516530,-59.306994,-9.516521,-59.306848,BRIDGE
-9.516490,-57.579584,-9.516513,-57.579513,BRIDGE
-9.516042,-56.952109,-9.516001,-56.952317,BRIDGE
-9.515551,-57.592532,-9.515618,-57.592537,BRIDGE
-9.514759,-56.995906,-9.514664,-56.996007,BRIDGE
-9.514479,-56.921239,-9.514454,-56.921325,BRIDGE
-9.513907,-57.010476,-9.513918,-57.010597,BRIDGE
-9.508623,-57.617724,-9.508545,-57.617742,BRIDGE
-9.507742,-57.141698,-9.507816,-57.141786,BRIDGE
-9.507275,-59.114098,-9.507379,-59.113817,BRIDGE
-9.507088,-59.197995,-9.507125,-59.197654,BRIDGE
-9.505383,-56.567117,-9.505308,-56.567144,BRIDGE
-9.503962,-59.225734,-9.503995,-59.225541,BRIDGE
-9.499591,-59.215477,-9.499575,-59.215280,BRIDGE
-9.499368,-57.296240,-9.499326,-57.296175,BRIDGE
-9.497062,-57.116098,-9.497093,-57.116211,BRIDGE
-9.493747,-59.215198,-9.494001,-59.215246,BRIDGE
-9.493613,-58.979668,-9.493515,-58.979523,BRIDGE
-9.491675,-56.212420,-9.491611,-56.212358,BRIDGE
-9.488535,-61.183595,-9.488472,-61.183657,BRIDGE
-9.487039,-58.974340,-9.486965,-58.974526,BRIDGE
-9.475451,-59.842022,-9.475335,-59.841928,BRIDGE
-9.472620,-56.560046,-9.472548,-56.560076,BRIDGE
-9.471967,-59.207964,-9.472011,-59.208043,BRIDGE
-9.469616,-59.207999,-9.469775,-59.208165,BRIDGE
-9.466873,-56.160350,-9.467058,-56.160286,BRIDGE
-9.465328,-57.581487,-9.465290,-57.581481,BRIDGE
-9.464568,-59.213790,-9.464462,-59.213694,BRIDGE
-9.463524,-59.213554,-9.463608,-59.213463,BRIDGE
-9.463349,-58.210605,-9.463330,-58.210494,BRIDGE
-9.461685,-58.209407,-9.461844,-58.209410,BRIDGE
-9.460916,-59.258026,-9.460867,-59.258173,BRIDGE
-9.460061,-59.214181,-9.459953,-59.214062,BRIDGE
-9.459575,-59.215265,-9.459621,-59.215423,BRIDGE
-9.458202,-59.215517,-9.458308,-59.215403,BRIDGE
-9.456957,-59.230669,-9.456819,-59.230878,BRIDGE
-9.454198,-59.494108,-9.454305,-59.494100,BRIDGE
-9.453864,-59.193319,-9.453967,-59.193424,BRIDGE
-9.453726,-59.213042,-9.453650,-59.212956,BRIDGE
-9.452316,-59.205821,-9.452471,-59.205923,BRIDGE
-9.452287,-56.259499,-9.452210,-56.259391,BRIDGE
-9.451376,-59.212755,-9.451245,-59.212881,BRIDGE
-9.450821,-59.215012,-9.450628,-59.214838,BRIDGE
-9.450574,-59.214960,-9.450737,-59.215106,BRIDGE
-9.450117,-59.215730,-9.449905,-59.215549,BRIDGE
-9.449400,-59.039172,-9.449369,-59.039302,BRIDGE
-9.449294,-59.216178,-9.449392,-59.216283,BRIDGE
-9.448197,-59.218666,-9.448329,-59.218797,BRIDGE
-9.447993,-59.223883,-9.448248,-59.223992,BRIDGE
-9.446844,-59.228436,-9.446670,-59.228657,BRIDGE
-9.446246,-59.429747,-9.446126,-59.429740,BRIDGE
-9.444997,-55.955565,-9.444885,-55.955531,BRIDGE
-9.443207,-57.213555,-9.443145,-57.213465,BRIDGE
-9.442622,-59.294254,-9.442474,-59.294511,BRIDGE
-9.442204,-59.182518,-9.442328,-59.182628,BRIDGE
-9.442040,-56.155506,-9.441897,-56.155699,BRIDGE
-9.438908,-59.003789,-9.438885,-59.003847,BRIDGE
-9.438704,-57.380023,-9.438624,-57.380037,BRIDGE
-9.438209,-59.210706,-9.438000,-59.210712,BRIDGE
-9.437207,-59.250029,-9.436965,-59.250217,BRIDGE
-9.433991,-59.243929,-9.433870,-59.244174,BRIDGE
-9.430234,-58.945687,-9.430107,-58.945690,BRIDGE
-9.428218,-59.256967,-9.428108,-59.257058,BRIDGE
-9.427979,-59.377775,-9.428016,-59.377887,BRIDGE
-9.426299,-59.167707,-9.426400,-59.167806,BRIDGE
-9.420465,-59.005731,-9.420272,-59.005643,BRIDGE
-9.418889,-57.383694,-9.418843,-57.383702,BRIDGE
-9.418865,-58.947169,-9.418795,-58.947228,BRIDGE
-9.415838,-59.135783,-9.415845,-59.135903,BRIDGE
-9.415649,-59.130312,-9.415653,-59.130455,BRIDGE
-9.415011,-59.336689,-9.414950,-59.336772,BRIDGE
-9.414643,-58.971378,-9.414647,-58.971491,BRIDGE
-9.414505,-58.230814,-9.414568,-58.230709,BRIDGE
-9.414469,-59.090612,-9.414590,-59.090768,BRIDGE
-9.414381,-59.099976,-9.414387,-59.100107,BRIDGE
-9.412672,-59.059169,-9.412680,-59.059381,BRIDGE
-9.412298,-58.209556,-9.412448,-58.209551,BRIDGE
-9.411727,-59.035944,-9.411735,-59.036083,BRIDGE
-9.411664,-59.005916,-9.411582,-59.005913,BRIDGE
-9.411471,-59.022017,-9.411468,-59.022224,BRIDGE
-9.408748,-56.178809,-9.408732,-56.179010,BRIDGE
-9.406852,-59.441535,-9.407201,-59.441742,BRIDGE
-9.406280,-60.141610,-9.406491,-60.141943,BRIDGE
-9.404425,-57.217464,-9.404232,-57.217466,BRIDGE
-9.403560,-60.045845,-9.403136,-60.045974,BRIDGE
-9.403222,-57.450146,-9.403160,-57.450199,BRIDGE
-9.400592,-58.209594,-9.400777,-58.209592,BRIDGE
-9.397509,-59.005538,-9.397404,-59.005543,BRIDGE
-9.396922,-58.948634,-9.396743,-58.948609,BRIDGE
-9.394137,-59.048368,-9.394015,-59.048406,BRIDGE
-9.393216,-59.508584,-9.393248,-59.508525,BRIDGE
-9.392708,-59.536850,-9.392786,-59.536976,BRIDGE
-9.391452,-59.361083,-9.391325,-59.361161,BRIDGE
-9.391326,-59.510357,-9.391403,-59.510301,BRIDGE
-9.391101,-59.510486,-9.391212,-59.510440,BRIDGE
-9.390391,-59.510119,-9.390537,-59.510301,BRIDGE
-9.389819,-59.005715,-9.389685,-59.005774,BRIDGE
-9.385570,-58.209614,-9.385658,-58.209614,BRIDGE
-9.385517,-59.530449,-9.385480,-59.530338,BRIDGE
-9.385075,-57.425006,-9.385181,-57.425070,BRIDGE
-9.381068,-59.454526,-9.381016,-59.454454,BRIDGE
-9.376847,-59.683412,-9.376782,-59.683327,BRIDGE
-9.376604,-57.222938,-9.376510,-57.222907,BRIDGE
-9.374681,-58.199324,-9.374681,-58.199406,BRIDGE
-9.374535,-58.157866,-9.374671,-58.157866,BRIDGE
-9.373289,-58.174436,-9.373368,-58.174455,BRIDGE
-9.372710,-58.971054,-9.373010,-58.970995,BRIDGE
-9.371537,-58.944937,-9.371652,-58.944933,BRIDGE
-9.371193,-58.952572,-9.371357,-58.952469,BRIDGE
-9.371036,-57.260383,-9.371045,-57.260459,BRIDGE
-9.369567,-59.005806,-9.369427,-59.005857,BRIDGE
-9.369173,-58.954879,-9.369170,-58.954724,BRIDGE
-9.368530,-58.968360,-9.368535,-58.968210,BRIDGE
-9.367870,-57.224109,-9.367787,-57.224152,BRIDGE
-9.367521,-58.955166,-9.367529,-58.955327,BRIDGE
-9.366968,-58.938748,-9.366977,-58.938642,BRIDGE
-9.366591,-58.976694,-9.366589,-58.976610,BRIDGE
-9.366370,-58.954743,-9.366369,-58.954651,BRIDGE
-9.365801,-59.001563,-9.365796,-59.001405,BRIDGE
-9.364756,-59.062677,-9.364851,-59.062661,BRIDGE
-9.364219,-58.953490,-9.364351,-58.953474,BRIDGE
-9.361564,-57.406782,-9.361575,-57.406864,BRIDGE
-9.361037,-57.224719,-9.361003,-57.224700,BRIDGE
-9.357539,-59.634726,-9.357444,-59.634523,BRIDGE
-9.355610,-60.465903,-9.355639,-60.465424,BRIDGE
-9.355318,-59.311498,-9.355088,-59.311294,BRIDGE
-9.351423,-59.327551,-9.351300,-59.324276,BRIDGE
-9.348874,-59.283257,-9.348908,-59.283096,BRIDGE
-9.344553,-57.224880,-9.344448,-57.224843,BRIDGE
-9.343907,-59.581855,-9.343981,-59.581817,BRIDGE
-9.340667,-59.583582,-9.340808,-59.583512,BRIDGE
-9.337578,-56.776150,-9.337573,-56.777958,BRIDGE
-9.336019,-57.230617,-9.336045,-57.230681,BRIDGE
-9.333739,-59.970822,-9.333724,-59.970748,BRIDGE
-9.329884,-59.250228,-9.329762,-59.250332,BRIDGE
-9.328627,-59.844905,-9.328521,-59.844648,BRIDGE
-9.322748,-57.204790,-9.322674,-57.204754,BRIDGE
-9.321105,-59.827585,-9.321042,-59.827441,BRIDGE
-9.320169,-59.256469,-9.320086,-59.256532,BRIDGE
-9.313595,-57.369644,-9.313656,-57.369794,BRIDGE
-9.312676,-58.986792,-9.312591,-58.986841,BRIDGE
-9.312353,-57.373450,-9.312706,-57.373310,BRIDGE
-9.311860,-59.262162,-9.311722,-59.262189,BRIDGE
-9.310510,-59.092233,-9.310190,-59.092085,BRIDGE
-9.308822,-58.953693,-9.308721,-58.953592,BRIDGE
-9.308155,-57.219998,-9.308139,-57.220180,BRIDGE
-9.307497,-59.729749,-9.307429,-59.729538,BRIDGE
-9.300901,-60.269566,-9.301071,-60.270464,BRIDGE
-9.299704,-58.986101,-9.299819,-58.986103,BRIDGE
-9.288296,-59.005345,-9.288045,-59.005176,BRIDGE
-9.285991,-58.957582,-9.285884,-58.957569,BRIDGE
-9.284069,-58.942974,-9.283969,-58.942929,BRIDGE
-9.284007,-57.275682,-9.283835,-57.275729,BRIDGE
-9.283182,-59.319745,-9.283439,-59.319971,BRIDGE
-9.281845,-58.960964,-9.281771,-58.961066,BRIDGE
-9.281751,-57.302138,-9.281761,-57.302208,BRIDGE
-9.281364,-59.413024,-9.281263,-59.413022,BRIDGE
-9.281236,-57.380699,-9.281317,-57.380692,BRIDGE
-9.278993,-59.661496,-9.278939,-59.661333,BRIDGE
-9.271728,-58.987646,-9.271728,-58.987563,BRIDGE
-9.271347,-58.956739,-9.271257,-58.956735,BRIDGE
-9.271127,-59.636499,-9.271080,-59.636330,BRIDGE
-9.269687,-57.277785,-9.269539,-57.277796,BRIDGE
-9.267665,-59.420386,-9.267575,-59.420368,BRIDGE
-9.240217,-60.836536,-9.240249,-60.836396,BRIDGE
-9.236554,-57.255361,-9.236416,-57.255291,BRIDGE
-9.228807,-57.238942,-9.228741,-57.238814,BRIDGE
-9.224996,-57.382291,-9.225261,-57.382200,BRIDGE
-9.218164,-58.951844,-9.218415,-58.951914,BRIDGE
-9.211972,-59.428196,-9.211646,-59.428318,BRIDGE
-9.200140,-60.524137,-9.200235,-60.524340,BRIDGE
-9.180447,-60.513599,-9.180363,-60.513653,BRIDGE
-9.178931,-61.372622,-9.178993,-61.372747,BRIDGE
-9.178555,-60.514488,-9.178455,-60.514474,BRIDGE
-9.174537,-61.402711,-9.174189,-61.403718,BRIDGE
-9.169936,-61.484107,-9.169781,-61.484519,BRIDGE
-9.166395,-60.672858,-9.166395,-60.673043,BRIDGE
-9.166353,-60.654064,-9.166338,-60.654178,BRIDGE
-9.160935,-60.467884,-9.160951,-60.468354,BRIDGE
-9.159177,-58.259939,-9.159143,-58.259851,BRIDGE
-9.155199,-61.321747,-9.155252,-61.321864,BRIDGE
-9.150311,-61.535086,-9.150352,-61.535128,BRIDGE
-9.148236,-59.446428,-9.148241,-59.446604,BRIDGE
-9.144642,-61.298457,-9.144670,-61.298605,BRIDGE
-9.144282,-57.385809,-9.144483,-57.385829,BRIDGE
-9.143063,-61.428666,-9.143028,-61.428843,BRIDGE
-9.140241,-61.523866,-9.140307,-61.523953,BRIDGE
-9.131626,-58.283037,-9.131745,-58.282822,BRIDGE
-9.128544,-61.264248,-9.128595,-61.264295,BRIDGE
-9.116070,-61.228146,-9.116041,-61.228267,BRIDGE
-9.112897,-61.555420,-9.112817,-61.555522,BRIDGE
-9.110307,-57.388813,-9.110467,-57.388789,BRIDGE
-9.105795,-60.660913,-9.105824,-60.661149,BRIDGE
-9.101317,-60.426715,-9.101080,-60.426577,BRIDGE
-9.092584,-59.479554,-9.092771,-59.479147,BRIDGE
-9.087996,-59.509651,-9.087684,-59.510038,BRIDGE
-9.083280,-60.659931,-9.083566,-60.660055,BRIDGE
-9.075982,-60.916034,-9.075897,-60.916139,BRIDGE
-9.066222,-60.928165,-9.066169,-60.928271,BRIDGE
-9.057965,-59.283375,-9.058226,-59.283989,BRIDGE
-9.055108,-60.942945,-9.055072,-60.943025,BRIDGE
-9.024959,-60.606739,-9.024824,-60.606902,BRIDGE
-8.995195,-57.405769,-8.995317,-57.405643,BRIDGE
-8.978492,-57.407893,-8.978677,-57.407856,BRIDGE
-8.936130,-61.446056,-8.935564,-61.446215,BRIDGE
-8.802354,-61.419308,-8.801826,-61.419265,BRIDGE
